,ASA,aa,altloc,atom,bfac,d2r,dASA,dens,occ,residue,id,resolu
0,31.24,ASP, ,N,74.11,6.39,0.0,1.81,1.0,<Residue ASP het=  resseq=9 icode= >,1bl0_A_A,2.3
1,0.937,ASP, ,CA,71.3,6.50,0.0,2.34,1.0,<Residue ASP het=  resseq=9 icode= >,1bl0_A_A,2.3
2,0.0,ASP, ,C,68.34,8.00,0.0,2.93,1.0,<Residue ASP het=  resseq=9 icode= >,1bl0_A_A,2.3
3,0.0,ASP, ,O,62.91,8.47,0.0,1.79,1.0,<Residue ASP het=  resseq=9 icode= >,1bl0_A_A,2.3
4,0.0,ASP, ,CB,78.19,6.32,0.0,0.75,1.0,<Residue ASP het=  resseq=9 icode= >,1bl0_A_A,2.3
5,2.091,ASP, ,CG,70.08,5.76,0.0,2.44,1.0,<Residue ASP het=  resseq=9 icode= >,1bl0_A_A,2.3
6,24.604,ASP, ,OD1,69.21,4.58,6.603,2.18,1.0,<Residue ASP het=  resseq=9 icode= >,1bl0_A_A,2.3
7,5.36,ASP, ,OD2,53.49,6.72,0.0,1.60,1.0,<Residue ASP het=  resseq=9 icode= >,1bl0_A_A,2.3
8,0.728,ALA, ,N,66.21,8.89,0.0,1.68,1.0,<Residue ALA het=  resseq=10 icode= >,1bl0_A_A,2.3
9,0.0,ALA, ,CA,57.57,10.31,0.0,2.06,1.0,<Residue ALA het=  resseq=10 icode= >,1bl0_A_A,2.3
10,0.723,ALA, ,C,62.68,10.69,0.0,2.20,1.0,<Residue ALA het=  resseq=10 icode= >,1bl0_A_A,2.3
11,0.0,ALA, ,O,69.93,11.51,0.0,0.56,1.0,<Residue ALA het=  resseq=10 icode= >,1bl0_A_A,2.3
12,48.929,ALA, ,CB,51.18,11.20,0.0,0.72,1.0,<Residue ALA het=  resseq=10 icode= >,1bl0_A_A,2.3
13,0.795,ILE, ,N,68.63,10.28,0.0,1.68,1.0,<Residue ILE het=  resseq=11 icode= >,1bl0_A_A,2.3
14,7.813,ILE, ,CA,70.99,10.89,0.0,1.62,1.0,<Residue ILE het=  resseq=11 icode= >,1bl0_A_A,2.3
15,0.0,ILE, ,C,70.13,10.58,0.0,2.62,1.0,<Residue ILE het=  resseq=11 icode= >,1bl0_A_A,2.3
16,4.966,ILE, ,O,75.19,11.57,0.0,1.51,1.0,<Residue ILE het=  resseq=11 icode= >,1bl0_A_A,2.3
17,14.419,ILE, ,CB,61.6,10.80,0.0,1.70,1.0,<Residue ILE het=  resseq=11 icode= >,1bl0_A_A,2.3
18,32.581,ILE, ,CG1,48.41,11.20,0.0,1.44,1.0,<Residue ILE het=  resseq=11 icode= >,1bl0_A_A,2.3
19,35.751,ILE, ,CG2,68.8,9.39,0.0,0.69,1.0,<Residue ILE het=  resseq=11 icode= >,1bl0_A_A,2.3
20,46.395,ILE, ,CD1,50.71,10.18,0.0,0.32,1.0,<Residue ILE het=  resseq=11 icode= >,1bl0_A_A,2.3
21,0.0,THR, ,N,56.03,9.36,0.0,2.84,1.0,<Residue THR het=  resseq=12 icode= >,1bl0_A_A,2.3
22,1.867,THR, ,CA,55.48,9.29,0.0,2.88,1.0,<Residue THR het=  resseq=12 icode= >,1bl0_A_A,2.3
23,0.094,THR, ,C,58.96,9.78,0.0,2.78,1.0,<Residue THR het=  resseq=12 icode= >,1bl0_A_A,2.3
24,1.177,THR, ,O,63.86,10.60,0.0,2.57,1.0,<Residue THR het=  resseq=12 icode= >,1bl0_A_A,2.3
25,12.331,THR, ,CB,60.27,7.91,0.0,2.83,1.0,<Residue THR het=  resseq=12 icode= >,1bl0_A_A,2.3
26,18.801,THR, ,OG1,43.39,7.98,0.0,2.36,1.0,<Residue THR het=  resseq=12 icode= >,1bl0_A_A,2.3
27,4.907,THR, ,CG2,53.89,6.87,0.0,1.44,1.0,<Residue THR het=  resseq=12 icode= >,1bl0_A_A,2.3
28,0.0,ILE, ,N,61.78,9.49,0.0,1.54,1.0,<Residue ILE het=  resseq=13 icode= >,1bl0_A_A,2.3
29,0.0,ILE, ,CA,45.71,10.26,0.0,2.79,1.0,<Residue ILE het=  resseq=13 icode= >,1bl0_A_A,2.3
30,0.0,ILE, ,C,54.55,11.71,0.0,3.23,1.0,<Residue ILE het=  resseq=13 icode= >,1bl0_A_A,2.3
31,0.0,ILE, ,O,58.06,12.56,0.0,1.77,1.0,<Residue ILE het=  resseq=13 icode= >,1bl0_A_A,2.3
32,0.0,ILE, ,CB,50.89,10.05,0.0,1.96,1.0,<Residue ILE het=  resseq=13 icode= >,1bl0_A_A,2.3
33,0.0,ILE, ,CG1,45.72,8.94,0.0,1.13,1.0,<Residue ILE het=  resseq=13 icode= >,1bl0_A_A,2.3
34,0.0,ILE, ,CG2,47.66,11.39,0.0,0.48,1.0,<Residue ILE het=  resseq=13 icode= >,1bl0_A_A,2.3
35,0.081,ILE, ,CD1,33.31,9.19,0.0,1.06,1.0,<Residue ILE het=  resseq=13 icode= >,1bl0_A_A,2.3
36,0.0,HIS, ,N,59.67,12.09,0.0,1.76,1.0,<Residue HIS het=  resseq=14 icode= >,1bl0_A_A,2.3
37,0.128,HIS, ,CA,63.07,13.52,0.0,2.28,1.0,<Residue HIS het=  resseq=14 icode= >,1bl0_A_A,2.3
38,1.261,HIS, ,C,65.86,14.11,0.0,3.04,1.0,<Residue HIS het=  resseq=14 icode= >,1bl0_A_A,2.3
39,6.173,HIS, ,O,69.89,15.34,0.0,1.54,1.0,<Residue HIS het=  resseq=14 icode= >,1bl0_A_A,2.3
40,14.651,HIS, ,CB,55.34,13.89,0.0,1.60,1.0,<Residue HIS het=  resseq=14 icode= >,1bl0_A_A,2.3
41,1.857,HIS, ,CG,86.79,14.29,0.0,0.88,1.0,<Residue HIS het=  resseq=14 icode= >,1bl0_A_A,2.3
42,0.164,HIS, ,ND1,95.6,13.84,0.0,0.42,1.0,<Residue HIS het=  resseq=14 icode= >,1bl0_A_A,2.3
43,35.952,HIS, ,CD2,85.8,15.23,0.0,0.53,1.0,<Residue HIS het=  resseq=14 icode= >,1bl0_A_A,2.3
44,21.543,HIS, ,CE1,88.39,14.48,0.0,0.53,1.0,<Residue HIS het=  resseq=14 icode= >,1bl0_A_A,2.3
45,29.37,HIS, ,NE2,97.37,15.31,0.0,0.53,1.0,<Residue HIS het=  resseq=14 icode= >,1bl0_A_A,2.3
46,0.0,SER, ,N,62.9,13.33,0.0,2.62,1.0,<Residue SER het=  resseq=15 icode= >,1bl0_A_A,2.3
47,4.599,SER, ,CA,60.08,13.98,0.0,2.82,1.0,<Residue SER het=  resseq=15 icode= >,1bl0_A_A,2.3
48,0.0,SER, ,C,55.55,14.26,0.0,3.38,1.0,<Residue SER het=  resseq=15 icode= >,1bl0_A_A,2.3
49,0.753,SER, ,O,56.33,15.43,0.0,1.74,1.0,<Residue SER het=  resseq=15 icode= >,1bl0_A_A,2.3
50,24.67,SER, ,CB,57.57,13.16,0.0,1.45,1.0,<Residue SER het=  resseq=15 icode= >,1bl0_A_A,2.3
51,31.432,SER, ,OG,61.59,13.49,0.0,1.39,1.0,<Residue SER het=  resseq=15 icode= >,1bl0_A_A,2.3
52,0.604,ILE, ,N,53.02,13.28,0.0,1.88,1.0,<Residue ILE het=  resseq=16 icode= >,1bl0_A_A,2.3
53,0.067,ILE, ,CA,54.94,13.68,0.0,2.21,1.0,<Residue ILE het=  resseq=16 icode= >,1bl0_A_A,2.3
54,0.0,ILE, ,C,54.72,13.60,0.0,2.93,1.0,<Residue ILE het=  resseq=16 icode= >,1bl0_A_A,2.3
55,0.0,ILE, ,O,58.93,13.39,0.0,1.95,1.0,<Residue ILE het=  resseq=16 icode= >,1bl0_A_A,2.3
56,2.613,ILE, ,CB,49.64,12.58,0.0,1.81,1.0,<Residue ILE het=  resseq=16 icode= >,1bl0_A_A,2.3
57,0.192,ILE, ,CG1,43.88,12.18,0.0,1.73,1.0,<Residue ILE het=  resseq=16 icode= >,1bl0_A_A,2.3
58,0.0,ILE, ,CG2,41.45,11.81,0.0,0.28,1.0,<Residue ILE het=  resseq=16 icode= >,1bl0_A_A,2.3
59,7.844,ILE, ,CD1,38.43,12.88,0.0,1.13,1.0,<Residue ILE het=  resseq=16 icode= >,1bl0_A_A,2.3
60,0.0,LEU, ,N,54.47,13.71,0.0,2.30,1.0,<Residue LEU het=  resseq=17 icode= >,1bl0_A_A,2.3
61,0.0,LEU, ,CA,50.89,13.78,0.0,2.85,1.0,<Residue LEU het=  resseq=17 icode= >,1bl0_A_A,2.3
62,1.033,LEU, ,C,58.8,14.88,0.0,3.22,1.0,<Residue LEU het=  resseq=17 icode= >,1bl0_A_A,2.3
63,0.0,LEU, ,O,58.45,14.73,0.0,1.54,1.0,<Residue LEU het=  resseq=17 icode= >,1bl0_A_A,2.3
64,0.43,LEU, ,CB,51.61,14.32,0.0,1.51,1.0,<Residue LEU het=  resseq=17 icode= >,1bl0_A_A,2.3
65,0.0,LEU, ,CG,42.01,13.45,0.0,1.83,1.0,<Residue LEU het=  resseq=17 icode= >,1bl0_A_A,2.3
66,0.0,LEU, ,CD1,41.85,11.98,0.0,0.75,1.0,<Residue LEU het=  resseq=17 icode= >,1bl0_A_A,2.3
67,2.06,LEU, ,CD2,36.25,13.72,0.0,0.64,1.0,<Residue LEU het=  resseq=17 icode= >,1bl0_A_A,2.3
68,0.092,ASP, ,N,56.13,16.10,0.0,2.28,1.0,<Residue ASP het=  resseq=18 icode= >,1bl0_A_A,2.3
69,4.907,ASP, ,CA,53.01,17.21,0.0,2.05,1.0,<Residue ASP het=  resseq=18 icode= >,1bl0_A_A,2.3
70,0.0,ASP, ,C,44.41,16.70,0.0,3.91,1.0,<Residue ASP het=  resseq=18 icode= >,1bl0_A_A,2.3
71,0.29,ASP, ,O,44.72,16.71,0.0,2.45,1.0,<Residue ASP het=  resseq=18 icode= >,1bl0_A_A,2.3
72,18.802,ASP, ,CB,57.93,18.52,0.0,1.76,1.0,<Residue ASP het=  resseq=18 icode= >,1bl0_A_A,2.3
73,10.94,ASP, ,CG,76.53,18.80,0.0,1.73,1.0,<Residue ASP het=  resseq=18 icode= >,1bl0_A_A,2.3
74,12.652,ASP, ,OD1,97.78,17.75,0.0,0.68,1.0,<Residue ASP het=  resseq=18 icode= >,1bl0_A_A,2.3
75,40.99,ASP, ,OD2,78.81,19.91,0.0,1.07,1.0,<Residue ASP het=  resseq=18 icode= >,1bl0_A_A,2.3
76,0.995,TRP, ,N,39.82,16.13,0.0,3.32,1.0,<Residue TRP het=  resseq=19 icode= >,1bl0_A_A,2.3
77,3.925,TRP, ,CA,48.05,15.50,0.0,2.47,1.0,<Residue TRP het=  resseq=19 icode= >,1bl0_A_A,2.3
78,0.0,TRP, ,C,51.65,14.40,0.0,3.03,1.0,<Residue TRP het=  resseq=19 icode= >,1bl0_A_A,2.3
79,0.0,TRP, ,O,55.47,14.28,0.0,1.71,1.0,<Residue TRP het=  resseq=19 icode= >,1bl0_A_A,2.3
80,10.946,TRP, ,CB,39.63,15.05,0.0,1.83,1.0,<Residue TRP het=  resseq=19 icode= >,1bl0_A_A,2.3
81,0.76,TRP, ,CG,53.95,14.55,0.0,2.50,1.0,<Residue TRP het=  resseq=19 icode= >,1bl0_A_A,2.3
82,27.237,TRP, ,CD1,59.99,15.41,0.0,1.72,1.0,<Residue TRP het=  resseq=19 icode= >,1bl0_A_A,2.3
83,0.0,TRP, ,CD2,56.2,13.22,0.0,2.75,1.0,<Residue TRP het=  resseq=19 icode= >,1bl0_A_A,2.3
84,18.642,TRP, ,NE1,59.03,14.79,0.0,2.18,1.0,<Residue TRP het=  resseq=19 icode= >,1bl0_A_A,2.3
85,0.0,TRP, ,CE2,52.98,13.42,0.0,3.19,1.0,<Residue TRP het=  resseq=19 icode= >,1bl0_A_A,2.3
86,0.0,TRP, ,CE3,53.77,11.95,0.0,1.38,1.0,<Residue TRP het=  resseq=19 icode= >,1bl0_A_A,2.3
87,2.975,TRP, ,CZ2,54.81,12.46,0.0,1.86,1.0,<Residue TRP het=  resseq=19 icode= >,1bl0_A_A,2.3
88,0.0,TRP, ,CZ3,51.55,10.85,0.0,1.79,1.0,<Residue TRP het=  resseq=19 icode= >,1bl0_A_A,2.3
89,0.08,TRP, ,CH2,40.88,11.15,0.0,1.64,1.0,<Residue TRP het=  resseq=19 icode= >,1bl0_A_A,2.3
90,0.0,ILE, ,N,47.49,13.73,0.0,2.40,1.0,<Residue ILE het=  resseq=20 icode= >,1bl0_A_A,2.3
91,0.0,ILE, ,CA,38.35,12.74,0.0,2.92,1.0,<Residue ILE het=  resseq=20 icode= >,1bl0_A_A,2.3
92,0.0,ILE, ,C,38.7,13.51,0.0,3.89,1.0,<Residue ILE het=  resseq=20 icode= >,1bl0_A_A,2.3
93,0.0,ILE, ,O,39.11,13.25,0.0,3.23,1.0,<Residue ILE het=  resseq=20 icode= >,1bl0_A_A,2.3
94,0.0,ILE, ,CB,40.91,12.04,0.0,2.45,1.0,<Residue ILE het=  resseq=20 icode= >,1bl0_A_A,2.3
95,0.0,ILE, ,CG1,40.51,11.12,0.0,1.06,1.0,<Residue ILE het=  resseq=20 icode= >,1bl0_A_A,2.3
96,0.0,ILE, ,CG2,32.8,11.41,0.0,0.94,1.0,<Residue ILE het=  resseq=20 icode= >,1bl0_A_A,2.3
97,0.0,ILE, ,CD1,43.59,10.26,0.0,0.42,1.0,<Residue ILE het=  resseq=20 icode= >,1bl0_A_A,2.3
98,0.0,GLU, ,N,42.17,14.59,0.0,3.57,1.0,<Residue GLU het=  resseq=21 icode= >,1bl0_A_A,2.3
99,0.0,GLU, ,CA,43.58,15.45,0.0,2.71,1.0,<Residue GLU het=  resseq=21 icode= >,1bl0_A_A,2.3
100,1.232,GLU, ,C,47.06,16.10,0.0,3.41,1.0,<Residue GLU het=  resseq=21 icode= >,1bl0_A_A,2.3
101,17.466,GLU, ,O,58.08,16.55,0.0,2.19,1.0,<Residue GLU het=  resseq=21 icode= >,1bl0_A_A,2.3
102,16.082,GLU, ,CB,50.38,16.60,0.0,1.15,1.0,<Residue GLU het=  resseq=21 icode= >,1bl0_A_A,2.3
103,14.457,GLU, ,CG,45.92,16.66,0.0,1.57,1.0,<Residue GLU het=  resseq=21 icode= >,1bl0_A_A,2.3
104,0.0,GLU, ,CD,43.25,15.28,0.0,3.23,1.0,<Residue GLU het=  resseq=21 icode= >,1bl0_A_A,2.3
105,0.626,GLU, ,OE1,58.35,14.78,0.0,1.42,1.0,<Residue GLU het=  resseq=21 icode= >,1bl0_A_A,2.3
106,0.0,GLU, ,OE2,61.35,14.66,0.0,1.53,1.0,<Residue GLU het=  resseq=21 icode= >,1bl0_A_A,2.3
107,0.016,ASP, ,N,49.7,16.29,0.0,2.51,1.0,<Residue ASP het=  resseq=22 icode= >,1bl0_A_A,2.3
108,3.996,ASP, ,CA,59.7,16.98,0.0,2.08,1.0,<Residue ASP het=  resseq=22 icode= >,1bl0_A_A,2.3
109,4.109,ASP, ,C,65.35,16.08,0.0,3.04,1.0,<Residue ASP het=  resseq=22 icode= >,1bl0_A_A,2.3
110,21.394,ASP, ,O,62.82,16.52,0.0,2.00,1.0,<Residue ASP het=  resseq=22 icode= >,1bl0_A_A,2.3
111,8.976,ASP, ,CB,64.83,17.62,0.0,0.79,1.0,<Residue ASP het=  resseq=22 icode= >,1bl0_A_A,2.3
112,13.152,ASP, ,CG,72.08,19.11,0.0,1.73,1.0,<Residue ASP het=  resseq=22 icode= >,1bl0_A_A,2.3
113,36.421,ASP, ,OD1,56.2,19.78,0.0,1.96,1.0,<Residue ASP het=  resseq=22 icode= >,1bl0_A_A,2.3
114,29.544,ASP, ,OD2,79.4,19.67,0.0,0.88,1.0,<Residue ASP het=  resseq=22 icode= >,1bl0_A_A,2.3
115,0.0,ASN, ,N,64.93,14.92,0.0,2.62,1.0,<Residue ASN het=  resseq=23 icode= >,1bl0_A_A,2.3
116,2.612,ASN, ,CA,62.64,14.08,0.0,3.20,1.0,<Residue ASN het=  resseq=23 icode= >,1bl0_A_A,2.3
117,0.0,ASN, ,C,70.74,13.52,0.0,2.29,1.0,<Residue ASN het=  resseq=23 icode= >,1bl0_A_A,2.3
118,2.105,ASN, ,O,89.69,14.16,0.0,0.98,1.0,<Residue ASN het=  resseq=23 icode= >,1bl0_A_A,2.3
119,0.0,ASN, ,CB,69.2,13.07,0.0,1.29,1.0,<Residue ASN het=  resseq=23 icode= >,1bl0_A_A,2.3
120,0.092,ASN, ,CG,77.66,13.73,0.0,1.97,1.0,<Residue ASN het=  resseq=23 icode= >,1bl0_A_A,2.3
121,3.188,ASN, ,OD1,72.75,14.22,0.0,1.62,1.0,<Residue ASN het=  resseq=23 icode= >,1bl0_A_A,2.3
122,31.516,ASN, ,ND2,63.0,13.92,0.0,0.98,1.0,<Residue ASN het=  resseq=23 icode= >,1bl0_A_A,2.3
123,0.0,LEU, ,N,70.63,12.52,0.0,1.49,1.0,<Residue LEU het=  resseq=24 icode= >,1bl0_A_A,2.3
124,0.0,LEU, ,CA,64.09,12.03,0.0,2.05,1.0,<Residue LEU het=  resseq=24 icode= >,1bl0_A_A,2.3
125,0.0,LEU, ,C,51.97,12.53,0.0,3.47,1.0,<Residue LEU het=  resseq=24 icode= >,1bl0_A_A,2.3
126,0.0,LEU, ,O,59.9,11.93,0.0,2.06,1.0,<Residue LEU het=  resseq=24 icode= >,1bl0_A_A,2.3
127,0.0,LEU, ,CB,45.38,11.96,0.0,1.57,1.0,<Residue LEU het=  resseq=24 icode= >,1bl0_A_A,2.3
128,0.0,LEU, ,CG,42.88,13.11,0.0,2.49,1.0,<Residue LEU het=  resseq=24 icode= >,1bl0_A_A,2.3
129,1.431,LEU, ,CD1,32.75,13.37,0.0,1.75,1.0,<Residue LEU het=  resseq=24 icode= >,1bl0_A_A,2.3
130,0.0,LEU, ,CD2,32.5,12.52,0.0,0.59,1.0,<Residue LEU het=  resseq=24 icode= >,1bl0_A_A,2.3
131,0.0,GLU, ,N,61.03,13.57,0.0,1.95,1.0,<Residue GLU het=  resseq=25 icode= >,1bl0_A_A,2.3
132,0.0,GLU, ,CA,65.91,14.19,0.0,0.43,1.0,<Residue GLU het=  resseq=25 icode= >,1bl0_A_A,2.3
133,0.0,GLU, ,C,54.36,14.17,0.0,2.71,1.0,<Residue GLU het=  resseq=25 icode= >,1bl0_A_A,2.3
134,0.568,GLU, ,O,46.59,14.79,0.0,1.51,1.0,<Residue GLU het=  resseq=25 icode= >,1bl0_A_A,2.3
135,16.216,GLU, ,CB,72.38,15.67,0.0,0.26,1.0,<Residue GLU het=  resseq=25 icode= >,1bl0_A_A,2.3
136,15.244,GLU, ,CG,80.29,16.13,0.0,0.68,1.0,<Residue GLU het=  resseq=25 icode= >,1bl0_A_A,2.3
137,7.03,GLU, ,CD,78.48,16.71,0.0,1.73,1.0,<Residue GLU het=  resseq=25 icode= >,1bl0_A_A,2.3
138,9.046,GLU, ,OE1,63.93,16.69,0.0,1.49,1.0,<Residue GLU het=  resseq=25 icode= >,1bl0_A_A,2.3
139,10.283,GLU, ,OE2,81.52,17.32,0.0,0.07,1.0,<Residue GLU het=  resseq=25 icode= >,1bl0_A_A,2.3
140,0.0,SER, ,N,44.39,13.65,0.0,3.46,1.0,<Residue SER het=  resseq=26 icode= >,1bl0_A_A,2.3
141,0.0,SER, ,CA,54.42,13.67,0.0,2.51,1.0,<Residue SER het=  resseq=26 icode= >,1bl0_A_A,2.3
142,1.251,SER, ,C,57.09,12.88,0.0,2.60,1.0,<Residue SER het=  resseq=26 icode= >,1bl0_A_A,2.3
143,6.228,SER, ,O,68.96,11.80,0.0,0.74,1.0,<Residue SER het=  resseq=26 icode= >,1bl0_A_A,2.3
144,30.966,SER, ,CB,59.25,15.04,0.0,1.07,1.0,<Residue SER het=  resseq=26 icode= >,1bl0_A_A,2.3
145,29.476,SER, ,OG,46.1,14.92,0.0,1.71,1.0,<Residue SER het=  resseq=26 icode= >,1bl0_A_A,2.3
146,0.158,PRO, ,N,59.44,12.38,0.0,2.59,1.0,<Residue PRO het=  resseq=27 icode= >,1bl0_A_A,2.3
147,9.483,PRO, ,CA,58.32,11.24,0.0,2.27,1.0,<Residue PRO het=  resseq=27 icode= >,1bl0_A_A,2.3
148,0.0,PRO, ,C,49.53,10.06,0.0,3.60,1.0,<Residue PRO het=  resseq=27 icode= >,1bl0_A_A,2.3
149,0.0,PRO, ,O,47.21,10.02,0.0,2.83,1.0,<Residue PRO het=  resseq=27 icode= >,1bl0_A_A,2.3
150,12.074,PRO, ,CB,62.92,11.08,0.0,1.59,1.0,<Residue PRO het=  resseq=27 icode= >,1bl0_A_A,2.3
151,0.0,PRO, ,CG,51.57,11.72,0.0,1.72,1.0,<Residue PRO het=  resseq=27 icode= >,1bl0_A_A,2.3
152,3.299,PRO, ,CD,77.11,12.80,0.0,0.67,1.0,<Residue PRO het=  resseq=27 icode= >,1bl0_A_A,2.3
153,1.697,LEU, ,N,47.43,9.29,0.0,3.22,1.0,<Residue LEU het=  resseq=28 icode= >,1bl0_A_A,2.3
154,1.214,LEU, ,CA,51.63,8.07,0.0,3.21,1.0,<Residue LEU het=  resseq=28 icode= >,1bl0_A_A,2.3
155,0.0,LEU, ,C,52.9,6.99,0.0,3.46,1.0,<Residue LEU het=  resseq=28 icode= >,1bl0_A_A,2.3
156,10.267,LEU, ,O,64.32,5.85,0.0,1.20,1.0,<Residue LEU het=  resseq=28 icode= >,1bl0_A_A,2.3
157,8.388,LEU, ,CB,46.4,7.93,0.0,1.91,1.0,<Residue LEU het=  resseq=28 icode= >,1bl0_A_A,2.3
158,10.826,LEU, ,CG,55.69,8.18,0.0,1.75,1.0,<Residue LEU het=  resseq=28 icode= >,1bl0_A_A,2.3
159,51.766,LEU, ,CD1,66.01,7.06,0.0,-0.16,1.0,<Residue LEU het=  resseq=28 icode= >,1bl0_A_A,2.3
160,22.193,LEU, ,CD2,37.52,8.63,0.0,1.54,1.0,<Residue LEU het=  resseq=28 icode= >,1bl0_A_A,2.3
161,0.436,SER, ,N,46.8,7.55,0.0,3.09,1.0,<Residue SER het=  resseq=29 icode= >,1bl0_A_A,2.3
162,0.0,SER, ,CA,49.14,7.01,0.0,2.26,1.0,<Residue SER het=  resseq=29 icode= >,1bl0_A_A,2.3
163,0.0,SER, ,C,43.76,5.47,0.0,3.75,1.0,<Residue SER het=  resseq=29 icode= >,1bl0_A_A,2.3
164,4.078,SER, ,O,50.35,5.06,0.0,1.66,1.0,<Residue SER het=  resseq=29 icode= >,1bl0_A_A,2.3
165,0.0,SER, ,CB,43.12,7.76,0.0,1.99,1.0,<Residue SER het=  resseq=29 icode= >,1bl0_A_A,2.3
166,0.0,SER, ,OG,40.42,8.78,0.0,1.53,1.0,<Residue SER het=  resseq=29 icode= >,1bl0_A_A,2.3
167,0.0,LEU, ,N,39.67,4.91,0.0,3.38,1.0,<Residue LEU het=  resseq=30 icode= >,1bl0_A_A,2.3
168,8.033,LEU, ,CA,38.14,3.56,5.272,3.67,1.0,<Residue LEU het=  resseq=30 icode= >,1bl0_A_A,2.3
169,0.0,LEU, ,C,40.44,3.80,0.0,3.82,1.0,<Residue LEU het=  resseq=30 icode= >,1bl0_A_A,2.3
170,0.0,LEU, ,O,59.43,5.00,0.0,2.02,1.0,<Residue LEU het=  resseq=30 icode= >,1bl0_A_A,2.3
171,21.031,LEU, ,CB,37.7,3.63,9.937,2.50,1.0,<Residue LEU het=  resseq=30 icode= >,1bl0_A_A,2.3
172,0.0,LEU, ,CG,48.14,5.02,0.0,1.77,1.0,<Residue LEU het=  resseq=30 icode= >,1bl0_A_A,2.3
173,32.966,LEU, ,CD1,39.11,5.33,5.995,0.90,1.0,<Residue LEU het=  resseq=30 icode= >,1bl0_A_A,2.3
174,13.533,LEU, ,CD2,39.2,6.11,0.0,0.80,1.0,<Residue LEU het=  resseq=30 icode= >,1bl0_A_A,2.3
175,6.726,GLU, ,N,47.59,3.08,5.86,2.96,1.0,<Residue GLU het=  resseq=31 icode= >,1bl0_A_A,2.3
176,0.0,GLU, ,CA,50.87,3.85,0.0,2.79,1.0,<Residue GLU het=  resseq=31 icode= >,1bl0_A_A,2.3
177,0.0,GLU, ,C,59.81,4.69,0.0,2.36,1.0,<Residue GLU het=  resseq=31 icode= >,1bl0_A_A,2.3
178,0.329,GLU, ,O,60.54,5.77,0.0,1.33,1.0,<Residue GLU het=  resseq=31 icode= >,1bl0_A_A,2.3
179,20.526,GLU, ,CB,53.45,2.87,20.101,1.93,1.0,<Residue GLU het=  resseq=31 icode= >,1bl0_A_A,2.3
180,4.454,GLU, ,CG,51.61,3.91,1.629,1.02,1.0,<Residue GLU het=  resseq=31 icode= >,1bl0_A_A,2.3
181,0.775,GLU, ,CD,56.31,4.14,0.433,2.20,1.0,<Residue GLU het=  resseq=31 icode= >,1bl0_A_A,2.3
182,0.0,GLU, ,OE1,53.38,4.66,0.0,1.28,1.0,<Residue GLU het=  resseq=31 icode= >,1bl0_A_A,2.3
183,12.822,GLU, ,OE2,48.72,2.98,12.822,1.78,1.0,<Residue GLU het=  resseq=31 icode= >,1bl0_A_A,2.3
184,1.105,LYS, ,N,58.58,4.54,0.772,2.31,1.0,<Residue LYS het=  resseq=32 icode= >,1bl0_A_A,2.3
185,0.0,LYS, ,CA,52.89,5.73,0.0,2.92,1.0,<Residue LYS het=  resseq=32 icode= >,1bl0_A_A,2.3
186,0.272,LYS, ,C,50.08,6.92,0.0,3.56,1.0,<Residue LYS het=  resseq=32 icode= >,1bl0_A_A,2.3
187,0.0,LYS, ,O,53.11,7.84,0.0,2.63,1.0,<Residue LYS het=  resseq=32 icode= >,1bl0_A_A,2.3
188,3.002,LYS, ,CB,34.35,5.85,0.0,2.30,1.0,<Residue LYS het=  resseq=32 icode= >,1bl0_A_A,2.3
189,6.597,LYS, ,CG,56.87,7.05,0.0,1.74,1.0,<Residue LYS het=  resseq=32 icode= >,1bl0_A_A,2.3
190,10.68,LYS, ,CD,67.1,6.79,0.0,0.99,1.0,<Residue LYS het=  resseq=32 icode= >,1bl0_A_A,2.3
191,47.653,LYS, ,CE,67.8,6.26,0.0,0.87,1.0,<Residue LYS het=  resseq=32 icode= >,1bl0_A_A,2.3
192,37.604,LYS, ,NZ,64.61,7.02,0.0,0.77,1.0,<Residue LYS het=  resseq=32 icode= >,1bl0_A_A,2.3
193,0.017,VAL, ,N,53.9,7.13,0.0,2.50,1.0,<Residue VAL het=  resseq=33 icode= >,1bl0_A_A,2.3
194,4.088,VAL, ,CA,54.42,8.26,0.0,2.11,1.0,<Residue VAL het=  resseq=33 icode= >,1bl0_A_A,2.3
195,0.0,VAL, ,C,54.53,8.61,0.0,3.05,1.0,<Residue VAL het=  resseq=33 icode= >,1bl0_A_A,2.3
196,0.0,VAL, ,O,57.88,9.81,0.0,1.71,1.0,<Residue VAL het=  resseq=33 icode= >,1bl0_A_A,2.3
197,0.0,VAL, ,CB,55.97,8.14,0.0,1.94,1.0,<Residue VAL het=  resseq=33 icode= >,1bl0_A_A,2.3
198,5.437,VAL, ,CG1,51.15,9.22,0.0,0.72,1.0,<Residue VAL het=  resseq=33 icode= >,1bl0_A_A,2.3
199,35.854,VAL, ,CG2,65.2,8.62,0.0,-0.10,1.0,<Residue VAL het=  resseq=33 icode= >,1bl0_A_A,2.3
200,0.0,SER, ,N,56.78,7.74,0.0,2.43,1.0,<Residue SER het=  resseq=34 icode= >,1bl0_A_A,2.3
201,0.0,SER, ,CA,58.12,8.39,0.0,2.88,1.0,<Residue SER het=  resseq=34 icode= >,1bl0_A_A,2.3
202,0.0,SER, ,C,65.28,9.09,0.0,2.90,1.0,<Residue SER het=  resseq=34 icode= >,1bl0_A_A,2.3
203,0.0,SER, ,O,60.11,10.20,0.0,2.10,1.0,<Residue SER het=  resseq=34 icode= >,1bl0_A_A,2.3
204,0.0,SER, ,CB,45.56,7.52,0.0,2.16,1.0,<Residue SER het=  resseq=34 icode= >,1bl0_A_A,2.3
205,0.0,SER, ,OG,58.55,8.45,0.0,1.48,1.0,<Residue SER het=  resseq=34 icode= >,1bl0_A_A,2.3
206,0.0,GLU, ,N,70.63,8.37,0.0,2.31,1.0,<Residue GLU het=  resseq=35 icode= >,1bl0_A_A,2.3
207,0.0,GLU, ,CA,63.86,9.03,0.0,3.50,1.0,<Residue GLU het=  resseq=35 icode= >,1bl0_A_A,2.3
208,0.0,GLU, ,C,59.32,9.35,0.0,3.55,1.0,<Residue GLU het=  resseq=35 icode= >,1bl0_A_A,2.3
209,0.113,GLU, ,O,58.94,8.58,0.0,2.46,1.0,<Residue GLU het=  resseq=35 icode= >,1bl0_A_A,2.3
210,0.0,GLU, ,CB,64.41,8.36,0.0,1.85,1.0,<Residue GLU het=  resseq=35 icode= >,1bl0_A_A,2.3
211,6.112,GLU, ,CG,88.75,8.63,0.0,0.94,1.0,<Residue GLU het=  resseq=35 icode= >,1bl0_A_A,2.3
212,8.49,GLU, ,CD,99.38,8.65,0.0,0.62,1.0,<Residue GLU het=  resseq=35 icode= >,1bl0_A_A,2.3
213,13.616,GLU, ,OE1,100.0,7.92,0.0,0.33,1.0,<Residue GLU het=  resseq=35 icode= >,1bl0_A_A,2.3
214,20.301,GLU, ,OE2,96.57,9.58,0.0,-0.05,1.0,<Residue GLU het=  resseq=35 icode= >,1bl0_A_A,2.3
215,0.0,ARG, ,N,68.47,10.21,0.0,2.19,1.0,<Residue ARG het=  resseq=36 icode= >,1bl0_A_A,2.3
216,8.424,ARG, ,CA,62.27,10.39,0.0,2.66,1.0,<Residue ARG het=  resseq=36 icode= >,1bl0_A_A,2.3
217,0.058,ARG, ,C,69.48,10.05,0.0,2.77,1.0,<Residue ARG het=  resseq=36 icode= >,1bl0_A_A,2.3
218,21.311,ARG, ,O,83.19,9.48,0.0,1.22,1.0,<Residue ARG het=  resseq=36 icode= >,1bl0_A_A,2.3
219,18.657,ARG, ,CB,82.53,11.89,0.0,0.52,1.0,<Residue ARG het=  resseq=36 icode= >,1bl0_A_A,2.3
220,0.877,ARG, ,CG,81.07,12.71,0.0,0.90,1.0,<Residue ARG het=  resseq=36 icode= >,1bl0_A_A,2.3
221,24.904,ARG, ,CD,99.43,13.66,0.0,0.17,1.0,<Residue ARG het=  resseq=36 icode= >,1bl0_A_A,2.3
222,6.858,ARG, ,NE,96.82,12.92,0.0,0.73,1.0,<Residue ARG het=  resseq=36 icode= >,1bl0_A_A,2.3
223,4.552,ARG, ,CZ,93.19,13.30,0.0,0.25,1.0,<Residue ARG het=  resseq=36 icode= >,1bl0_A_A,2.3
224,37.254,ARG, ,NH1,73.57,14.36,0.0,0.40,1.0,<Residue ARG het=  resseq=36 icode= >,1bl0_A_A,2.3
225,36.375,ARG, ,NH2,80.7,12.77,0.0,0.27,1.0,<Residue ARG het=  resseq=36 icode= >,1bl0_A_A,2.3
226,0.0,SER, ,N,57.48,10.64,0.0,3.45,1.0,<Residue SER het=  resseq=37 icode= >,1bl0_A_A,2.3
227,7.631,SER, ,CA,58.48,10.60,0.0,3.38,1.0,<Residue SER het=  resseq=37 icode= >,1bl0_A_A,2.3
228,2.974,SER, ,C,68.86,9.39,0.0,2.93,1.0,<Residue SER het=  resseq=37 icode= >,1bl0_A_A,2.3
229,2.472,SER, ,O,54.83,9.43,0.0,2.74,1.0,<Residue SER het=  resseq=37 icode= >,1bl0_A_A,2.3
230,18.262,SER, ,CB,73.16,11.93,0.0,1.29,1.0,<Residue SER het=  resseq=37 icode= >,1bl0_A_A,2.3
231,7.213,SER, ,OG,58.47,12.92,0.0,1.86,1.0,<Residue SER het=  resseq=37 icode= >,1bl0_A_A,2.3
232,9.552,GLY, ,N,58.98,8.45,0.0,2.64,1.0,<Residue GLY het=  resseq=38 icode= >,1bl0_A_A,2.3
233,20.353,GLY, ,CA,65.29,7.39,0.0,1.91,1.0,<Residue GLY het=  resseq=38 icode= >,1bl0_A_A,2.3
234,2.766,GLY, ,C,73.75,5.99,0.0,2.00,1.0,<Residue GLY het=  resseq=38 icode= >,1bl0_A_A,2.3
235,25.406,GLY, ,O,67.65,5.78,0.0,2.02,1.0,<Residue GLY het=  resseq=38 icode= >,1bl0_A_A,2.3
236,0.0,TYR, ,N,74.47,5.33,0.0,1.50,1.0,<Residue TYR het=  resseq=39 icode= >,1bl0_A_A,2.3
237,9.308,TYR, ,CA,73.72,4.04,4.311,1.82,1.0,<Residue TYR het=  resseq=39 icode= >,1bl0_A_A,2.3
238,4.378,TYR, ,C,73.61,4.49,0.0,2.85,1.0,<Residue TYR het=  resseq=39 icode= >,1bl0_A_A,2.3
239,2.49,TYR, ,O,78.03,5.59,0.0,1.40,1.0,<Residue TYR het=  resseq=39 icode= >,1bl0_A_A,2.3
240,4.941,TYR, ,CB,74.97,3.28,4.941,0.27,1.0,<Residue TYR het=  resseq=39 icode= >,1bl0_A_A,2.3
241,0.501,TYR, ,CG,66.17,4.05,0.0,1.29,1.0,<Residue TYR het=  resseq=39 icode= >,1bl0_A_A,2.3
242,0.301,TYR, ,CD1,52.79,5.40,0.0,1.52,1.0,<Residue TYR het=  resseq=39 icode= >,1bl0_A_A,2.3
243,17.916,TYR, ,CD2,64.27,3.59,11.571,0.76,1.0,<Residue TYR het=  resseq=39 icode= >,1bl0_A_A,2.3
244,6.315,TYR, ,CE1,64.61,4.86,0.0,1.28,1.0,<Residue TYR het=  resseq=39 icode= >,1bl0_A_A,2.3
245,26.336,TYR, ,CE2,63.26,2.90,17.112,0.25,1.0,<Residue TYR het=  resseq=39 icode= >,1bl0_A_A,2.3
246,5.088,TYR, ,CZ,65.75,3.49,0.277,1.60,1.0,<Residue TYR het=  resseq=39 icode= >,1bl0_A_A,2.3
247,33.38,TYR, ,OH,56.77,3.22,8.84,1.39,1.0,<Residue TYR het=  resseq=39 icode= >,1bl0_A_A,2.3
248,4.828,SER, ,N,70.35,3.61,3.708,2.37,1.0,<Residue SER het=  resseq=40 icode= >,1bl0_A_A,2.3
249,7.28,SER, ,CA,68.49,4.40,0.0,2.17,1.0,<Residue SER het=  resseq=40 icode= >,1bl0_A_A,2.3
250,0.0,SER, ,C,66.88,5.13,0.0,3.59,1.0,<Residue SER het=  resseq=40 icode= >,1bl0_A_A,2.3
251,0.0,SER, ,O,61.46,4.86,0.0,2.20,1.0,<Residue SER het=  resseq=40 icode= >,1bl0_A_A,2.3
252,27.503,SER, ,CB,64.35,3.89,20.188,1.56,1.0,<Residue SER het=  resseq=40 icode= >,1bl0_A_A,2.3
253,7.478,SER, ,OG,57.15,3.35,7.478,1.22,1.0,<Residue SER het=  resseq=40 icode= >,1bl0_A_A,2.3
254,0.044,LYS, ,N,60.98,6.37,0.0,3.30,1.0,<Residue LYS het=  resseq=41 icode= >,1bl0_A_A,2.3
255,0.418,LYS, ,CA,59.83,7.19,0.0,2.86,1.0,<Residue LYS het=  resseq=41 icode= >,1bl0_A_A,2.3
256,0.0,LYS, ,C,62.0,5.85,0.0,3.21,1.0,<Residue LYS het=  resseq=41 icode= >,1bl0_A_A,2.3
257,0.027,LYS, ,O,65.38,5.59,0.0,1.85,1.0,<Residue LYS het=  resseq=41 icode= >,1bl0_A_A,2.3
258,0.0,LYS, ,CB,55.32,6.62,0.0,1.38,1.0,<Residue LYS het=  resseq=41 icode= >,1bl0_A_A,2.3
259,0.0,LYS, ,CG,49.8,6.97,0.0,1.69,1.0,<Residue LYS het=  resseq=41 icode= >,1bl0_A_A,2.3
260,17.198,LYS, ,CD,50.96,5.98,0.032,1.60,1.0,<Residue LYS het=  resseq=41 icode= >,1bl0_A_A,2.3
261,16.634,LYS, ,CE,60.08,6.06,0.0,0.60,1.0,<Residue LYS het=  resseq=41 icode= >,1bl0_A_A,2.3
262,15.367,LYS, ,NZ,77.21,6.65,0.0,0.30,1.0,<Residue LYS het=  resseq=41 icode= >,1bl0_A_A,2.3
263,0.0,TRP, ,N,59.23,5.35,0.0,2.57,1.0,<Residue TRP het=  resseq=42 icode= >,1bl0_A_A,2.3
264,1.752,TRP, ,CA,47.46,4.24,1.752,2.72,1.0,<Residue TRP het=  resseq=42 icode= >,1bl0_A_A,2.3
265,0.094,TRP, ,C,43.28,4.75,0.094,3.46,1.0,<Residue TRP het=  resseq=42 icode= >,1bl0_A_A,2.3
266,5.258,TRP, ,O,50.72,4.27,3.863,1.71,1.0,<Residue TRP het=  resseq=42 icode= >,1bl0_A_A,2.3
267,19.563,TRP, ,CB,52.78,3.78,19.178,1.24,1.0,<Residue TRP het=  resseq=42 icode= >,1bl0_A_A,2.3
268,1.596,TRP, ,CG,62.36,3.53,1.596,1.47,1.0,<Residue TRP het=  resseq=42 icode= >,1bl0_A_A,2.3
269,23.035,TRP, ,CD1,57.75,3.14,23.035,1.22,1.0,<Residue TRP het=  resseq=42 icode= >,1bl0_A_A,2.3
270,2.761,TRP, ,CD2,68.91,3.97,2.761,1.48,1.0,<Residue TRP het=  resseq=42 icode= >,1bl0_A_A,2.3
271,23.931,TRP, ,NE1,65.55,3.47,15.769,1.10,1.0,<Residue TRP het=  resseq=42 icode= >,1bl0_A_A,2.3
272,3.52,TRP, ,CE2,61.85,3.62,3.52,1.69,1.0,<Residue TRP het=  resseq=42 icode= >,1bl0_A_A,2.3
273,9.168,TRP, ,CE3,67.2,3.73,9.168,0.96,1.0,<Residue TRP het=  resseq=42 icode= >,1bl0_A_A,2.3
274,28.408,TRP, ,CZ2,52.76,3.89,11.974,0.60,1.0,<Residue TRP het=  resseq=42 icode= >,1bl0_A_A,2.3
275,26.164,TRP, ,CZ3,42.92,3.07,22.696,1.49,1.0,<Residue TRP het=  resseq=42 icode= >,1bl0_A_A,2.3
276,31.044,TRP, ,CH2,46.35,3.74,14.294,0.88,1.0,<Residue TRP het=  resseq=42 icode= >,1bl0_A_A,2.3
277,0.565,HIS, ,N,56.23,4.97,0.565,2.03,1.0,<Residue HIS het=  resseq=43 icode= >,1bl0_A_A,2.3
278,1.392,HIS, ,CA,58.83,4.53,1.175,1.75,1.0,<Residue HIS het=  resseq=43 icode= >,1bl0_A_A,2.3
279,0.0,HIS, ,C,50.7,5.44,0.0,3.17,1.0,<Residue HIS het=  resseq=43 icode= >,1bl0_A_A,2.3
280,0.0,HIS, ,O,48.84,6.34,0.0,2.02,1.0,<Residue HIS het=  resseq=43 icode= >,1bl0_A_A,2.3
281,9.733,HIS, ,CB,64.14,3.04,9.733,0.29,1.0,<Residue HIS het=  resseq=43 icode= >,1bl0_A_A,2.3
282,2.664,HIS, ,CG,57.74,3.25,2.664,1.60,1.0,<Residue HIS het=  resseq=43 icode= >,1bl0_A_A,2.3
283,8.527,HIS, ,ND1,40.49,3.56,8.527,2.47,1.0,<Residue HIS het=  resseq=43 icode= >,1bl0_A_A,2.3
284,2.008,HIS, ,CD2,44.69,3.46,2.008,1.31,1.0,<Residue HIS het=  resseq=43 icode= >,1bl0_A_A,2.3
285,29.436,HIS, ,CE1,46.51,3.56,24.243,2.19,1.0,<Residue HIS het=  resseq=43 icode= >,1bl0_A_A,2.3
286,9.643,HIS, ,NE2,46.62,2.98,9.643,1.71,1.0,<Residue HIS het=  resseq=43 icode= >,1bl0_A_A,2.3
287,0.0,LEU, ,N,45.69,5.52,0.0,2.70,1.0,<Residue LEU het=  resseq=44 icode= >,1bl0_A_A,2.3
288,0.0,LEU, ,CA,39.98,6.75,0.0,2.99,1.0,<Residue LEU het=  resseq=44 icode= >,1bl0_A_A,2.3
289,0.0,LEU, ,C,42.35,7.64,0.0,4.12,1.0,<Residue LEU het=  resseq=44 icode= >,1bl0_A_A,2.3
290,0.0,LEU, ,O,46.07,8.30,0.0,2.16,1.0,<Residue LEU het=  resseq=44 icode= >,1bl0_A_A,2.3
291,0.464,LEU, ,CB,40.95,7.25,0.0,1.85,1.0,<Residue LEU het=  resseq=44 icode= >,1bl0_A_A,2.3
292,0.0,LEU, ,CG,40.64,8.58,0.0,2.29,1.0,<Residue LEU het=  resseq=44 icode= >,1bl0_A_A,2.3
293,3.595,LEU, ,CD1,29.66,8.71,0.0,0.94,1.0,<Residue LEU het=  resseq=44 icode= >,1bl0_A_A,2.3
294,0.882,LEU, ,CD2,31.84,9.07,0.0,0.78,1.0,<Residue LEU het=  resseq=44 icode= >,1bl0_A_A,2.3
295,0.0,GLN, ,N,31.55,6.36,0.0,4.06,1.0,<Residue GLN het=  resseq=45 icode= >,1bl0_A_A,2.3
296,0.064,GLN, ,CA,32.59,5.72,0.0,3.81,1.0,<Residue GLN het=  resseq=45 icode= >,1bl0_A_A,2.3
297,1.181,GLN, ,C,42.77,5.90,0.0,3.36,1.0,<Residue GLN het=  resseq=45 icode= >,1bl0_A_A,2.3
298,1.653,GLN, ,O,48.28,6.44,0.0,2.16,1.0,<Residue GLN het=  resseq=45 icode= >,1bl0_A_A,2.3
299,10.624,GLN, ,CB,34.29,4.34,4.914,2.00,1.0,<Residue GLN het=  resseq=45 icode= >,1bl0_A_A,2.3
300,0.217,GLN, ,CG,30.35,4.63,0.0,2.03,1.0,<Residue GLN het=  resseq=45 icode= >,1bl0_A_A,2.3
301,2.056,GLN, ,CD,44.08,3.74,2.056,2.84,1.0,<Residue GLN het=  resseq=45 icode= >,1bl0_A_A,2.3
302,31.524,GLN, ,OE1,43.83,3.19,30.27,1.78,1.0,<Residue GLN het=  resseq=45 icode= >,1bl0_A_A,2.3
303,17.033,GLN, ,NE2,38.02,3.62,13.388,1.65,1.0,<Residue GLN het=  resseq=45 icode= >,1bl0_A_A,2.3
304,0.492,ARG, ,N,48.7,5.63,0.288,2.33,1.0,<Residue ARG het=  resseq=46 icode= >,1bl0_A_A,2.3
305,8.421,ARG, ,CA,50.1,6.30,0.033,2.59,1.0,<Residue ARG het=  resseq=46 icode= >,1bl0_A_A,2.3
306,0.0,ARG, ,C,47.88,7.75,0.0,3.70,1.0,<Residue ARG het=  resseq=46 icode= >,1bl0_A_A,2.3
307,1.145,ARG, ,O,41.49,7.76,0.0,2.37,1.0,<Residue ARG het=  resseq=46 icode= >,1bl0_A_A,2.3
308,1.379,ARG, ,CB,57.8,6.51,0.0,0.39,1.0,<Residue ARG het=  resseq=46 icode= >,1bl0_A_A,2.3
309,18.665,ARG, ,CG,64.83,5.81,0.0,0.21,1.0,<Residue ARG het=  resseq=46 icode= >,1bl0_A_A,2.3
310,27.865,ARG, ,CD,54.83,4.29,12.09,1.03,1.0,<Residue ARG het=  resseq=46 icode= >,1bl0_A_A,2.3
311,7.845,ARG, ,NE,62.55,4.06,7.829,0.91,1.0,<Residue ARG het=  resseq=46 icode= >,1bl0_A_A,2.3
312,5.787,ARG, ,CZ,73.78,3.60,5.208,1.15,1.0,<Residue ARG het=  resseq=46 icode= >,1bl0_A_A,2.3
313,45.845,ARG, ,NH1,73.19,3.67,23.674,0.76,1.0,<Residue ARG het=  resseq=46 icode= >,1bl0_A_A,2.3
314,52.734,ARG, ,NH2,64.0,2.53,51.443,0.21,1.0,<Residue ARG het=  resseq=46 icode= >,1bl0_A_A,2.3
315,0.007,MET, ,N,47.75,7.57,0.0,2.54,1.0,<Residue MET het=  resseq=47 icode= >,1bl0_A_A,2.3
316,0.252,MET, ,CA,43.25,7.22,0.0,2.30,1.0,<Residue MET het=  resseq=47 icode= >,1bl0_A_A,2.3
317,0.0,MET, ,C,51.85,8.54,0.0,3.14,1.0,<Residue MET het=  resseq=47 icode= >,1bl0_A_A,2.3
318,0.0,MET, ,O,47.04,9.08,0.0,2.24,1.0,<Residue MET het=  resseq=47 icode= >,1bl0_A_A,2.3
319,0.0,MET, ,CB,44.43,6.29,0.0,1.08,1.0,<Residue MET het=  resseq=47 icode= >,1bl0_A_A,2.3
320,2.889,MET, ,CG,46.11,4.79,0.0,1.68,1.0,<Residue MET het=  resseq=47 icode= >,1bl0_A_A,2.3
321,2.049,MET, ,SD,41.1,4.34,1.386,4.41,1.0,<Residue MET het=  resseq=47 icode= >,1bl0_A_A,2.3
322,0.292,MET, ,CE,25.64,5.56,0.0,1.78,1.0,<Residue MET het=  resseq=47 icode= >,1bl0_A_A,2.3
323,0.0,PHE, ,N,47.25,9.24,0.0,2.61,1.0,<Residue PHE het=  resseq=48 icode= >,1bl0_A_A,2.3
324,0.0,PHE, ,CA,40.48,9.20,0.0,3.14,1.0,<Residue PHE het=  resseq=48 icode= >,1bl0_A_A,2.3
325,0.0,PHE, ,C,40.15,8.16,0.0,3.83,1.0,<Residue PHE het=  resseq=48 icode= >,1bl0_A_A,2.3
326,0.0,PHE, ,O,40.69,8.56,0.0,2.60,1.0,<Residue PHE het=  resseq=48 icode= >,1bl0_A_A,2.3
327,0.0,PHE, ,CB,36.63,8.44,0.0,2.47,1.0,<Residue PHE het=  resseq=48 icode= >,1bl0_A_A,2.3
328,0.0,PHE, ,CG,54.55,8.28,0.0,2.49,1.0,<Residue PHE het=  resseq=48 icode= >,1bl0_A_A,2.3
329,0.0,PHE, ,CD1,59.87,7.61,0.0,2.14,1.0,<Residue PHE het=  resseq=48 icode= >,1bl0_A_A,2.3
330,0.0,PHE, ,CD2,50.62,9.02,0.0,1.27,1.0,<Residue PHE het=  resseq=48 icode= >,1bl0_A_A,2.3
331,0.0,PHE, ,CE1,55.95,7.76,0.0,2.06,1.0,<Residue PHE het=  resseq=48 icode= >,1bl0_A_A,2.3
332,0.0,PHE, ,CE2,57.99,9.15,0.0,1.29,1.0,<Residue PHE het=  resseq=48 icode= >,1bl0_A_A,2.3
333,0.0,PHE, ,CZ,55.3,8.55,0.0,1.45,1.0,<Residue PHE het=  resseq=48 icode= >,1bl0_A_A,2.3
334,0.0,LYS, ,N,42.92,7.00,0.0,2.88,1.0,<Residue LYS het=  resseq=49 icode= >,1bl0_A_A,2.3
335,0.0,LYS, ,CA,46.27,6.15,0.0,2.59,1.0,<Residue LYS het=  resseq=49 icode= >,1bl0_A_A,2.3
336,0.0,LYS, ,C,48.55,7.08,0.0,3.12,1.0,<Residue LYS het=  resseq=49 icode= >,1bl0_A_A,2.3
337,1.119,LYS, ,O,48.54,7.47,0.0,2.64,1.0,<Residue LYS het=  resseq=49 icode= >,1bl0_A_A,2.3
338,10.358,LYS, ,CB,42.59,4.87,2.025,1.40,1.0,<Residue LYS het=  resseq=49 icode= >,1bl0_A_A,2.3
339,23.885,LYS, ,CG,36.96,4.33,1.889,0.91,1.0,<Residue LYS het=  resseq=49 icode= >,1bl0_A_A,2.3
340,0.479,LYS, ,CD,32.19,4.49,0.0,0.87,1.0,<Residue LYS het=  resseq=49 icode= >,1bl0_A_A,2.3
341,26.152,LYS, ,CE,43.88,3.96,0.294,1.22,1.0,<Residue LYS het=  resseq=49 icode= >,1bl0_A_A,2.3
342,32.825,LYS, ,NZ,30.53,2.53,28.67,1.63,1.0,<Residue LYS het=  resseq=49 icode= >,1bl0_A_A,2.3
343,0.0,LYS, ,N,56.4,7.68,0.0,2.17,1.0,<Residue LYS het=  resseq=50 icode= >,1bl0_A_A,2.3
344,10.973,LYS, ,CA,53.01,8.77,0.0,2.82,1.0,<Residue LYS het=  resseq=50 icode= >,1bl0_A_A,2.3
345,0.0,LYS, ,C,48.64,9.87,0.0,3.74,1.0,<Residue LYS het=  resseq=50 icode= >,1bl0_A_A,2.3
346,27.073,LYS, ,O,56.1,10.63,0.0,2.03,1.0,<Residue LYS het=  resseq=50 icode= >,1bl0_A_A,2.3
347,23.296,LYS, ,CB,58.18,9.42,0.0,1.33,1.0,<Residue LYS het=  resseq=50 icode= >,1bl0_A_A,2.3
348,1.551,LYS, ,CG,66.42,8.91,0.0,0.56,1.0,<Residue LYS het=  resseq=50 icode= >,1bl0_A_A,2.3
349,11.12,LYS, ,CD,72.97,7.42,0.0,0.42,1.0,<Residue LYS het=  resseq=50 icode= >,1bl0_A_A,2.3
350,25.732,LYS, ,CE,76.49,6.60,0.0,0.42,1.0,<Residue LYS het=  resseq=50 icode= >,1bl0_A_A,2.3
351,48.286,LYS, ,NZ,77.51,5.89,0.0,0.32,1.0,<Residue LYS het=  resseq=50 icode= >,1bl0_A_A,2.3
352,0.0,GLU, ,N,55.11,10.09,0.0,2.86,1.0,<Residue GLU het=  resseq=51 icode= >,1bl0_A_A,2.3
353,0.827,GLU, ,CA,58.31,11.29,0.0,2.97,1.0,<Residue GLU het=  resseq=51 icode= >,1bl0_A_A,2.3
354,0.684,GLU, ,C,64.98,11.34,0.0,2.34,1.0,<Residue GLU het=  resseq=51 icode= >,1bl0_A_A,2.3
355,24.262,GLU, ,O,58.97,12.44,0.0,1.92,1.0,<Residue GLU het=  resseq=51 icode= >,1bl0_A_A,2.3
356,0.0,GLU, ,CB,61.46,10.73,0.0,1.44,1.0,<Residue GLU het=  resseq=51 icode= >,1bl0_A_A,2.3
357,0.0,GLU, ,CG,63.1,9.65,0.0,0.87,1.0,<Residue GLU het=  resseq=51 icode= >,1bl0_A_A,2.3
358,1.449,GLU, ,CD,71.7,10.17,0.0,1.46,1.0,<Residue GLU het=  resseq=51 icode= >,1bl0_A_A,2.3
359,8.478,GLU, ,OE1,78.63,11.24,0.0,0.28,1.0,<Residue GLU het=  resseq=51 icode= >,1bl0_A_A,2.3
360,15.618,GLU, ,OE2,67.79,9.66,0.0,1.06,1.0,<Residue GLU het=  resseq=51 icode= >,1bl0_A_A,2.3
361,0.0,THR, ,N,69.27,10.31,0.0,1.57,1.0,<Residue THR het=  resseq=52 icode= >,1bl0_A_A,2.3
362,7.611,THR, ,CA,65.57,10.50,0.0,2.48,1.0,<Residue THR het=  resseq=52 icode= >,1bl0_A_A,2.3
363,4.627,THR, ,C,63.11,9.69,0.0,2.87,1.0,<Residue THR het=  resseq=52 icode= >,1bl0_A_A,2.3
364,19.507,THR, ,O,54.96,10.24,0.0,2.64,1.0,<Residue THR het=  resseq=52 icode= >,1bl0_A_A,2.3
365,3.206,THR, ,CB,58.62,10.54,0.0,2.62,1.0,<Residue THR het=  resseq=52 icode= >,1bl0_A_A,2.3
366,0.0,THR, ,OG1,57.29,9.28,0.0,1.92,1.0,<Residue THR het=  resseq=52 icode= >,1bl0_A_A,2.3
367,5.867,THR, ,CG2,61.95,11.38,0.0,0.50,1.0,<Residue THR het=  resseq=52 icode= >,1bl0_A_A,2.3
368,1.233,GLY, ,N,65.55,8.60,0.0,1.86,1.0,<Residue GLY het=  resseq=53 icode= >,1bl0_A_A,2.3
369,29.107,GLY, ,CA,56.84,7.91,0.0,1.38,1.0,<Residue GLY het=  resseq=53 icode= >,1bl0_A_A,2.3
370,1.286,GLY, ,C,54.2,7.17,0.0,2.84,1.0,<Residue GLY het=  resseq=53 icode= >,1bl0_A_A,2.3
371,23.799,GLY, ,O,49.88,6.76,0.0,2.00,1.0,<Residue GLY het=  resseq=53 icode= >,1bl0_A_A,2.3
372,0.0,HIS, ,N,62.27,7.18,0.0,1.79,1.0,<Residue HIS het=  resseq=54 icode= >,1bl0_A_A,2.3
373,1.687,HIS, ,CA,51.39,7.01,0.0,2.72,1.0,<Residue HIS het=  resseq=54 icode= >,1bl0_A_A,2.3
374,0.0,HIS, ,C,46.91,6.09,0.0,3.80,1.0,<Residue HIS het=  resseq=54 icode= >,1bl0_A_A,2.3
375,0.0,HIS, ,O,49.58,6.43,0.0,2.22,1.0,<Residue HIS het=  resseq=54 icode= >,1bl0_A_A,2.3
376,0.0,HIS, ,CB,50.34,8.13,0.0,2.22,1.0,<Residue HIS het=  resseq=54 icode= >,1bl0_A_A,2.3
377,0.783,HIS, ,CG,53.78,8.76,0.0,3.42,1.0,<Residue HIS het=  resseq=54 icode= >,1bl0_A_A,2.3
378,6.713,HIS, ,ND1,54.14,10.14,0.0,3.32,1.0,<Residue HIS het=  resseq=54 icode= >,1bl0_A_A,2.3
379,6.596,HIS, ,CD2,57.85,8.42,0.0,1.86,1.0,<Residue HIS het=  resseq=54 icode= >,1bl0_A_A,2.3
380,25.999,HIS, ,CE1,47.45,10.60,0.0,2.68,1.0,<Residue HIS het=  resseq=54 icode= >,1bl0_A_A,2.3
381,12.459,HIS, ,NE2,47.38,9.66,0.0,2.31,1.0,<Residue HIS het=  resseq=54 icode= >,1bl0_A_A,2.3
382,0.492,SER, ,N,42.15,5.25,0.0,3.24,1.0,<Residue SER het=  resseq=55 icode= >,1bl0_A_A,2.3
383,3.381,SER, ,CA,52.53,4.22,0.512,2.88,1.0,<Residue SER het=  resseq=55 icode= >,1bl0_A_A,2.3
384,0.0,SER, ,C,55.7,4.16,0.0,3.40,1.0,<Residue SER het=  resseq=55 icode= >,1bl0_A_A,2.3
385,0.0,SER, ,O,65.35,4.22,0.0,2.16,1.0,<Residue SER het=  resseq=55 icode= >,1bl0_A_A,2.3
386,27.482,SER, ,CB,46.88,3.02,27.023,2.71,1.0,<Residue SER het=  resseq=55 icode= >,1bl0_A_A,2.3
387,16.675,SER, ,OG,65.01,3.74,8.055,1.23,1.0,<Residue SER het=  resseq=55 icode= >,1bl0_A_A,2.3
388,1.765,LEU, ,N,54.42,3.89,0.508,2.82,1.0,<Residue LEU het=  resseq=56 icode= >,1bl0_A_A,2.3
389,0.0,LEU, ,CA,43.32,4.28,0.0,2.66,1.0,<Residue LEU het=  resseq=56 icode= >,1bl0_A_A,2.3
390,0.0,LEU, ,C,48.44,3.89,0.0,3.69,1.0,<Residue LEU het=  resseq=56 icode= >,1bl0_A_A,2.3
391,0.0,LEU, ,O,42.2,4.95,0.0,3.31,1.0,<Residue LEU het=  resseq=56 icode= >,1bl0_A_A,2.3
392,0.0,LEU, ,CB,33.17,4.45,0.0,1.72,1.0,<Residue LEU het=  resseq=56 icode= >,1bl0_A_A,2.3
393,0.0,LEU, ,CG,35.6,5.89,0.0,2.51,1.0,<Residue LEU het=  resseq=56 icode= >,1bl0_A_A,2.3
394,0.424,LEU, ,CD1,25.83,6.14,0.0,1.50,1.0,<Residue LEU het=  resseq=56 icode= >,1bl0_A_A,2.3
395,0.0,LEU, ,CD2,26.57,6.71,0.0,2.06,1.0,<Residue LEU het=  resseq=56 icode= >,1bl0_A_A,2.3
396,1.861,GLY, ,N,44.01,2.73,1.861,3.22,1.0,<Residue GLY het=  resseq=57 icode= >,1bl0_A_A,2.3
397,25.401,GLY, ,CA,36.9,3.20,18.664,2.39,1.0,<Residue GLY het=  resseq=57 icode= >,1bl0_A_A,2.3
398,1.067,GLY, ,C,44.66,3.77,0.21,3.87,1.0,<Residue GLY het=  resseq=57 icode= >,1bl0_A_A,2.3
399,4.128,GLY, ,O,37.33,4.94,0.0,3.60,1.0,<Residue GLY het=  resseq=57 icode= >,1bl0_A_A,2.3
400,2.217,GLN, ,N,45.45,3.13,2.217,3.36,1.0,<Residue GLN het=  resseq=58 icode= >,1bl0_A_A,2.3
401,0.0,GLN, ,CA,51.83,4.06,0.0,2.46,1.0,<Residue GLN het=  resseq=58 icode= >,1bl0_A_A,2.3
402,0.0,GLN, ,C,50.57,5.33,0.0,3.50,1.0,<Residue GLN het=  resseq=58 icode= >,1bl0_A_A,2.3
403,0.273,GLN, ,O,56.5,6.41,0.0,1.86,1.0,<Residue GLN het=  resseq=58 icode= >,1bl0_A_A,2.3
404,7.942,GLN, ,CB,52.61,3.77,4.341,1.67,1.0,<Residue GLN het=  resseq=58 icode= >,1bl0_A_A,2.3
405,5.642,GLN, ,CG,56.04,4.90,0.0,1.61,1.0,<Residue GLN het=  resseq=58 icode= >,1bl0_A_A,2.3
406,5.531,GLN, ,CD,65.51,5.23,0.0,2.07,1.0,<Residue GLN het=  resseq=58 icode= >,1bl0_A_A,2.3
407,26.206,GLN, ,OE1,61.12,5.93,0.0,1.29,1.0,<Residue GLN het=  resseq=58 icode= >,1bl0_A_A,2.3
408,49.929,GLN, ,NE2,34.65,5.21,0.106,2.04,1.0,<Residue GLN het=  resseq=58 icode= >,1bl0_A_A,2.3
409,0.0,TYR, ,N,45.09,5.46,0.0,2.80,1.0,<Residue TYR het=  resseq=59 icode= >,1bl0_A_A,2.3
410,0.0,TYR, ,CA,43.25,6.85,0.0,2.93,1.0,<Residue TYR het=  resseq=59 icode= >,1bl0_A_A,2.3
411,0.0,TYR, ,C,39.6,7.66,0.0,4.19,1.0,<Residue TYR het=  resseq=59 icode= >,1bl0_A_A,2.3
412,0.0,TYR, ,O,32.61,8.76,0.0,3.58,1.0,<Residue TYR het=  resseq=59 icode= >,1bl0_A_A,2.3
413,0.0,TYR, ,CB,32.58,7.12,0.0,2.52,1.0,<Residue TYR het=  resseq=59 icode= >,1bl0_A_A,2.3
414,0.0,TYR, ,CG,26.15,8.59,0.0,3.75,1.0,<Residue TYR het=  resseq=59 icode= >,1bl0_A_A,2.3
415,0.0,TYR, ,CD1,29.99,9.54,0.0,2.38,1.0,<Residue TYR het=  resseq=59 icode= >,1bl0_A_A,2.3
416,0.0,TYR, ,CD2,27.73,9.17,0.0,3.22,1.0,<Residue TYR het=  resseq=59 icode= >,1bl0_A_A,2.3
417,0.0,TYR, ,CE1,39.59,10.90,0.0,1.98,1.0,<Residue TYR het=  resseq=59 icode= >,1bl0_A_A,2.3
418,0.0,TYR, ,CE2,33.87,10.53,0.0,3.06,1.0,<Residue TYR het=  resseq=59 icode= >,1bl0_A_A,2.3
419,0.0,TYR, ,CZ,34.15,11.35,0.0,3.46,1.0,<Residue TYR het=  resseq=59 icode= >,1bl0_A_A,2.3
420,0.0,TYR, ,OH,38.29,12.70,0.0,2.48,1.0,<Residue TYR het=  resseq=59 icode= >,1bl0_A_A,2.3
421,0.0,ILE, ,N,36.6,7.34,0.0,3.55,1.0,<Residue ILE het=  resseq=60 icode= >,1bl0_A_A,2.3
422,0.0,ILE, ,CA,28.3,8.39,0.0,4.00,1.0,<Residue ILE het=  resseq=60 icode= >,1bl0_A_A,2.3
423,0.0,ILE, ,C,27.06,8.77,0.0,4.78,1.0,<Residue ILE het=  resseq=60 icode= >,1bl0_A_A,2.3
424,0.0,ILE, ,O,40.59,9.09,0.0,2.58,1.0,<Residue ILE het=  resseq=60 icode= >,1bl0_A_A,2.3
425,1.272,ILE, ,CB,21.38,7.54,0.0,3.86,1.0,<Residue ILE het=  resseq=60 icode= >,1bl0_A_A,2.3
426,0.0,ILE, ,CG1,24.8,7.67,0.0,2.54,1.0,<Residue ILE het=  resseq=60 icode= >,1bl0_A_A,2.3
427,5.668,ILE, ,CG2,12.32,7.67,0.0,2.08,1.0,<Residue ILE het=  resseq=60 icode= >,1bl0_A_A,2.3
428,2.466,ILE, ,CD1,33.44,6.58,0.0,1.24,1.0,<Residue ILE het=  resseq=60 icode= >,1bl0_A_A,2.3
429,0.051,ARG, ,N,33.3,7.88,0.0,3.26,1.0,<Residue ARG het=  resseq=61 icode= >,1bl0_A_A,2.3
430,0.514,ARG, ,CA,23.1,6.95,0.0,3.90,1.0,<Residue ARG het=  resseq=61 icode= >,1bl0_A_A,2.3
431,0.0,ARG, ,C,30.19,7.89,0.0,4.85,1.0,<Residue ARG het=  resseq=61 icode= >,1bl0_A_A,2.3
432,0.0,ARG, ,O,36.8,7.92,0.0,3.14,1.0,<Residue ARG het=  resseq=61 icode= >,1bl0_A_A,2.3
433,1.249,ARG, ,CB,30.54,5.93,0.0,2.90,1.0,<Residue ARG het=  resseq=61 icode= >,1bl0_A_A,2.3
434,2.293,ARG, ,CG,41.75,4.59,0.0,1.80,1.0,<Residue ARG het=  resseq=61 icode= >,1bl0_A_A,2.3
435,27.886,ARG, ,CD,49.72,3.50,16.56,1.54,1.0,<Residue ARG het=  resseq=61 icode= >,1bl0_A_A,2.3
436,14.704,ARG, ,NE,46.01,3.83,7.006,1.98,1.0,<Residue ARG het=  resseq=61 icode= >,1bl0_A_A,2.3
437,4.488,ARG, ,CZ,42.67,4.00,4.488,3.27,1.0,<Residue ARG het=  resseq=61 icode= >,1bl0_A_A,2.3
438,25.552,ARG, ,NH1,36.56,4.21,9.272,1.89,1.0,<Residue ARG het=  resseq=61 icode= >,1bl0_A_A,2.3
439,33.573,ARG, ,NH2,33.58,3.60,22.756,2.42,1.0,<Residue ARG het=  resseq=61 icode= >,1bl0_A_A,2.3
440,0.044,SER, ,N,45.07,8.83,0.0,2.76,1.0,<Residue SER het=  resseq=62 icode= >,1bl0_A_A,2.3
441,0.0,SER, ,CA,43.17,9.48,0.0,2.53,1.0,<Residue SER het=  resseq=62 icode= >,1bl0_A_A,2.3
442,0.0,SER, ,C,30.7,10.72,0.0,4.88,1.0,<Residue SER het=  resseq=62 icode= >,1bl0_A_A,2.3
443,0.0,SER, ,O,38.41,11.32,0.0,2.99,1.0,<Residue SER het=  resseq=62 icode= >,1bl0_A_A,2.3
444,0.811,SER, ,CB,40.33,9.35,0.0,2.30,1.0,<Residue SER het=  resseq=62 icode= >,1bl0_A_A,2.3
445,9.685,SER, ,OG,45.04,8.38,0.0,2.06,1.0,<Residue SER het=  resseq=62 icode= >,1bl0_A_A,2.3
446,0.0,ARG, ,N,36.41,10.86,0.0,3.67,1.0,<Residue ARG het=  resseq=63 icode= >,1bl0_A_A,2.3
447,0.0,ARG, ,CA,28.31,11.74,0.0,4.02,1.0,<Residue ARG het=  resseq=63 icode= >,1bl0_A_A,2.3
448,0.0,ARG, ,C,34.89,11.23,0.0,4.01,1.0,<Residue ARG het=  resseq=63 icode= >,1bl0_A_A,2.3
449,0.0,ARG, ,O,40.75,12.08,0.0,2.66,1.0,<Residue ARG het=  resseq=63 icode= >,1bl0_A_A,2.3
450,0.0,ARG, ,CB,33.77,12.08,0.0,2.40,1.0,<Residue ARG het=  resseq=63 icode= >,1bl0_A_A,2.3
451,0.0,ARG, ,CG,34.7,11.62,0.0,1.90,1.0,<Residue ARG het=  resseq=63 icode= >,1bl0_A_A,2.3
452,0.0,ARG, ,CD,36.67,12.88,0.0,2.00,1.0,<Residue ARG het=  resseq=63 icode= >,1bl0_A_A,2.3
453,0.0,ARG, ,NE,49.69,13.79,0.0,2.00,1.0,<Residue ARG het=  resseq=63 icode= >,1bl0_A_A,2.3
454,0.0,ARG, ,CZ,45.69,14.97,0.0,3.44,1.0,<Residue ARG het=  resseq=63 icode= >,1bl0_A_A,2.3
455,1.581,ARG, ,NH1,29.81,15.48,0.0,2.58,1.0,<Residue ARG het=  resseq=63 icode= >,1bl0_A_A,2.3
456,1.692,ARG, ,NH2,54.34,15.65,0.0,1.32,1.0,<Residue ARG het=  resseq=63 icode= >,1bl0_A_A,2.3
457,0.0,LYS, ,N,36.5,9.98,0.0,3.94,1.0,<Residue LYS het=  resseq=64 icode= >,1bl0_A_A,2.3
458,0.0,LYS, ,CA,30.11,9.62,0.0,3.53,1.0,<Residue LYS het=  resseq=64 icode= >,1bl0_A_A,2.3
459,0.0,LYS, ,C,42.06,9.69,0.0,3.76,1.0,<Residue LYS het=  resseq=64 icode= >,1bl0_A_A,2.3
460,0.0,LYS, ,O,40.84,10.33,0.0,2.58,1.0,<Residue LYS het=  resseq=64 icode= >,1bl0_A_A,2.3
461,0.0,LYS, ,CB,23.26,8.36,0.0,3.30,1.0,<Residue LYS het=  resseq=64 icode= >,1bl0_A_A,2.3
462,0.0,LYS, ,CG,19.95,8.69,0.0,3.12,1.0,<Residue LYS het=  resseq=64 icode= >,1bl0_A_A,2.3
463,3.959,LYS, ,CD,33.94,7.66,0.0,2.32,1.0,<Residue LYS het=  resseq=64 icode= >,1bl0_A_A,2.3
464,0.123,LYS, ,CE,36.07,8.40,0.0,2.16,1.0,<Residue LYS het=  resseq=64 icode= >,1bl0_A_A,2.3
465,9.236,LYS, ,NZ,38.1,7.73,0.0,1.98,1.0,<Residue LYS het=  resseq=64 icode= >,1bl0_A_A,2.3
466,0.0,MET, ,N,45.76,9.27,0.0,2.61,1.0,<Residue MET het=  resseq=65 icode= >,1bl0_A_A,2.3
467,0.0,MET, ,CA,27.64,9.63,0.0,3.90,1.0,<Residue MET het=  resseq=65 icode= >,1bl0_A_A,2.3
468,0.0,MET, ,C,33.18,11.14,0.0,5.17,1.0,<Residue MET het=  resseq=65 icode= >,1bl0_A_A,2.3
469,0.0,MET, ,O,32.75,11.84,0.0,3.40,1.0,<Residue MET het=  resseq=65 icode= >,1bl0_A_A,2.3
470,0.0,MET, ,CB,28.47,9.08,0.0,2.21,1.0,<Residue MET het=  resseq=65 icode= >,1bl0_A_A,2.3
471,0.056,MET, ,CG,11.55,7.60,0.0,2.93,1.0,<Residue MET het=  resseq=65 icode= >,1bl0_A_A,2.3
472,0.0,MET, ,SD,22.4,7.30,0.0,7.94,1.0,<Residue MET het=  resseq=65 icode= >,1bl0_A_A,2.3
473,0.0,MET, ,CE,18.85,6.39,0.0,1.86,1.0,<Residue MET het=  resseq=65 icode= >,1bl0_A_A,2.3
474,0.0,THR, ,N,31.88,11.78,0.0,3.26,1.0,<Residue THR het=  resseq=66 icode= >,1bl0_A_A,2.3
475,0.0,THR, ,CA,31.85,13.23,0.0,3.21,1.0,<Residue THR het=  resseq=66 icode= >,1bl0_A_A,2.3
476,0.0,THR, ,C,33.55,13.84,0.0,4.14,1.0,<Residue THR het=  resseq=66 icode= >,1bl0_A_A,2.3
477,0.0,THR, ,O,39.3,14.80,0.0,3.15,1.0,<Residue THR het=  resseq=66 icode= >,1bl0_A_A,2.3
478,0.0,THR, ,CB,15.62,13.96,0.0,4.67,1.0,<Residue THR het=  resseq=66 icode= >,1bl0_A_A,2.3
479,0.0,THR, ,OG1,31.74,15.27,0.0,2.68,1.0,<Residue THR het=  resseq=66 icode= >,1bl0_A_A,2.3
480,0.0,THR, ,CG2,48.01,13.41,0.0,0.70,1.0,<Residue THR het=  resseq=66 icode= >,1bl0_A_A,2.3
481,0.0,GLU, ,N,41.15,13.40,0.0,3.28,1.0,<Residue GLU het=  resseq=67 icode= >,1bl0_A_A,2.3
482,0.279,GLU, ,CA,36.67,14.15,0.0,3.06,1.0,<Residue GLU het=  resseq=67 icode= >,1bl0_A_A,2.3
483,0.0,GLU, ,C,32.33,14.05,0.0,4.06,1.0,<Residue GLU het=  resseq=67 icode= >,1bl0_A_A,2.3
484,0.568,GLU, ,O,32.9,14.61,0.0,2.65,1.0,<Residue GLU het=  resseq=67 icode= >,1bl0_A_A,2.3
485,0.0,GLU, ,CB,45.59,13.86,0.0,1.92,1.0,<Residue GLU het=  resseq=67 icode= >,1bl0_A_A,2.3
486,0.0,GLU, ,CG,60.26,14.61,0.0,1.17,1.0,<Residue GLU het=  resseq=67 icode= >,1bl0_A_A,2.3
487,4.798,GLU, ,CD,62.69,15.78,0.0,2.81,1.0,<Residue GLU het=  resseq=67 icode= >,1bl0_A_A,2.3
488,7.251,GLU, ,OE1,51.87,15.64,0.0,2.29,1.0,<Residue GLU het=  resseq=67 icode= >,1bl0_A_A,2.3
489,30.444,GLU, ,OE2,64.03,16.92,0.0,1.46,1.0,<Residue GLU het=  resseq=67 icode= >,1bl0_A_A,2.3
490,0.0,ILE, ,N,38.16,12.89,0.0,3.08,1.0,<Residue ILE het=  resseq=68 icode= >,1bl0_A_A,2.3
491,0.0,ILE, ,CA,22.57,12.24,0.0,3.64,1.0,<Residue ILE het=  resseq=68 icode= >,1bl0_A_A,2.3
492,0.0,ILE, ,C,26.56,11.67,0.0,4.54,1.0,<Residue ILE het=  resseq=68 icode= >,1bl0_A_A,2.3
493,0.0,ILE, ,O,44.39,11.01,0.0,2.63,1.0,<Residue ILE het=  resseq=68 icode= >,1bl0_A_A,2.3
494,0.0,ILE, ,CB,25.05,11.34,0.0,3.42,1.0,<Residue ILE het=  resseq=68 icode= >,1bl0_A_A,2.3
495,0.0,ILE, ,CG1,26.62,10.89,0.0,1.70,1.0,<Residue ILE het=  resseq=68 icode= >,1bl0_A_A,2.3
496,0.0,ILE, ,CG2,19.35,9.90,0.0,2.31,1.0,<Residue ILE het=  resseq=68 icode= >,1bl0_A_A,2.3
497,0.0,ILE, ,CD1,21.97,9.54,0.0,1.94,1.0,<Residue ILE het=  resseq=68 icode= >,1bl0_A_A,2.3
498,0.0,ALA, ,N,37.86,12.09,0.0,2.92,1.0,<Residue ALA het=  resseq=69 icode= >,1bl0_A_A,2.3
499,0.0,ALA, ,CA,39.07,11.86,0.0,2.37,1.0,<Residue ALA het=  resseq=69 icode= >,1bl0_A_A,2.3
500,0.0,ALA, ,C,35.21,12.67,0.0,4.15,1.0,<Residue ALA het=  resseq=69 icode= >,1bl0_A_A,2.3
501,0.166,ALA, ,O,50.17,12.22,0.0,2.40,1.0,<Residue ALA het=  resseq=69 icode= >,1bl0_A_A,2.3
502,0.0,ALA, ,CB,33.66,12.45,0.0,0.98,1.0,<Residue ALA het=  resseq=69 icode= >,1bl0_A_A,2.3
503,0.0,GLN, ,N,42.43,13.87,0.0,3.45,1.0,<Residue GLN het=  resseq=70 icode= >,1bl0_A_A,2.3
504,1.485,GLN, ,CA,31.18,14.85,0.0,3.72,1.0,<Residue GLN het=  resseq=70 icode= >,1bl0_A_A,2.3
505,0.602,GLN, ,C,37.65,14.59,0.0,3.82,1.0,<Residue GLN het=  resseq=70 icode= >,1bl0_A_A,2.3
506,0.0,GLN, ,O,45.59,14.79,0.0,2.33,1.0,<Residue GLN het=  resseq=70 icode= >,1bl0_A_A,2.3
507,11.353,GLN, ,CB,40.86,16.20,0.0,2.62,1.0,<Residue GLN het=  resseq=70 icode= >,1bl0_A_A,2.3
508,0.0,GLN, ,CG,42.75,16.55,0.0,1.81,1.0,<Residue GLN het=  resseq=70 icode= >,1bl0_A_A,2.3
509,2.181,GLN, ,CD,51.11,18.05,0.0,2.52,1.0,<Residue GLN het=  resseq=70 icode= >,1bl0_A_A,2.3
510,13.883,GLN, ,OE1,49.98,18.11,0.0,1.90,1.0,<Residue GLN het=  resseq=70 icode= >,1bl0_A_A,2.3
511,23.629,GLN, ,NE2,54.97,18.71,0.0,0.76,1.0,<Residue GLN het=  resseq=70 icode= >,1bl0_A_A,2.3
512,0.0,LYS, ,N,40.87,13.86,0.0,3.15,1.0,<Residue LYS het=  resseq=71 icode= >,1bl0_A_A,2.3
513,0.58,LYS, ,CA,30.98,13.05,0.0,3.92,1.0,<Residue LYS het=  resseq=71 icode= >,1bl0_A_A,2.3
514,0.0,LYS, ,C,41.12,11.76,0.0,3.63,1.0,<Residue LYS het=  resseq=71 icode= >,1bl0_A_A,2.3
515,0.0,LYS, ,O,56.96,11.32,0.0,1.96,1.0,<Residue LYS het=  resseq=71 icode= >,1bl0_A_A,2.3
516,0.0,LYS, ,CB,32.05,12.81,0.0,2.71,1.0,<Residue LYS het=  resseq=71 icode= >,1bl0_A_A,2.3
517,9.577,LYS, ,CG,32.46,14.01,0.0,2.30,1.0,<Residue LYS het=  resseq=71 icode= >,1bl0_A_A,2.3
518,0.0,LYS, ,CD,42.94,13.89,0.0,0.86,1.0,<Residue LYS het=  resseq=71 icode= >,1bl0_A_A,2.3
519,1.463,LYS, ,CE,55.82,15.30,0.0,0.87,1.0,<Residue LYS het=  resseq=71 icode= >,1bl0_A_A,2.3
520,27.456,LYS, ,NZ,44.91,16.33,0.0,0.97,1.0,<Residue LYS het=  resseq=71 icode= >,1bl0_A_A,2.3
521,0.0,LEU, ,N,34.34,11.27,0.0,3.27,1.0,<Residue LEU het=  resseq=72 icode= >,1bl0_A_A,2.3
522,0.0,LEU, ,CA,26.8,10.16,0.0,4.29,1.0,<Residue LEU het=  resseq=72 icode= >,1bl0_A_A,2.3
523,0.0,LEU, ,C,23.44,10.69,0.0,4.65,1.0,<Residue LEU het=  resseq=72 icode= >,1bl0_A_A,2.3
524,1.443,LEU, ,O,33.63,10.07,0.0,3.21,1.0,<Residue LEU het=  resseq=72 icode= >,1bl0_A_A,2.3
525,0.0,LEU, ,CB,23.71,9.46,0.0,2.95,1.0,<Residue LEU het=  resseq=72 icode= >,1bl0_A_A,2.3
526,0.0,LEU, ,CG,21.79,8.68,0.0,3.22,1.0,<Residue LEU het=  resseq=72 icode= >,1bl0_A_A,2.3
527,0.0,LEU, ,CD1,28.36,7.96,0.0,1.48,1.0,<Residue LEU het=  resseq=72 icode= >,1bl0_A_A,2.3
528,0.179,LEU, ,CD2,26.87,7.86,0.0,1.36,1.0,<Residue LEU het=  resseq=72 icode= >,1bl0_A_A,2.3
529,0.0,LYS, ,N,34.86,11.99,0.0,3.46,1.0,<Residue LYS het=  resseq=73 icode= >,1bl0_A_A,2.3
530,1.605,LYS, ,CA,36.51,12.58,0.0,2.96,1.0,<Residue LYS het=  resseq=73 icode= >,1bl0_A_A,2.3
531,0.791,LYS, ,C,35.11,13.49,0.0,3.89,1.0,<Residue LYS het=  resseq=73 icode= >,1bl0_A_A,2.3
532,24.341,LYS, ,O,45.95,13.98,0.0,1.89,1.0,<Residue LYS het=  resseq=73 icode= >,1bl0_A_A,2.3
533,3.987,LYS, ,CB,40.94,12.93,0.0,1.87,1.0,<Residue LYS het=  resseq=73 icode= >,1bl0_A_A,2.3
534,2.108,LYS, ,CG,53.93,11.82,0.0,1.18,1.0,<Residue LYS het=  resseq=73 icode= >,1bl0_A_A,2.3
535,12.541,LYS, ,CD,62.05,12.21,0.0,0.96,1.0,<Residue LYS het=  resseq=73 icode= >,1bl0_A_A,2.3
536,0.17,LYS, ,CE,52.4,11.84,0.0,1.37,1.0,<Residue LYS het=  resseq=73 icode= >,1bl0_A_A,2.3
537,31.095,LYS, ,NZ,59.12,13.08,0.0,0.86,1.0,<Residue LYS het=  resseq=73 icode= >,1bl0_A_A,2.3
538,0.0,GLU, ,N,42.1,13.78,0.0,3.01,1.0,<Residue GLU het=  resseq=74 icode= >,1bl0_A_A,2.3
539,5.711,GLU, ,CA,45.79,14.72,0.0,2.23,1.0,<Residue GLU het=  resseq=74 icode= >,1bl0_A_A,2.3
540,4.745,GLU, ,C,47.69,14.12,0.0,3.40,1.0,<Residue GLU het=  resseq=74 icode= >,1bl0_A_A,2.3
541,27.26,GLU, ,O,56.62,14.93,0.0,1.44,1.0,<Residue GLU het=  resseq=74 icode= >,1bl0_A_A,2.3
542,16.985,GLU, ,CB,43.43,15.84,0.0,1.54,1.0,<Residue GLU het=  resseq=74 icode= >,1bl0_A_A,2.3
543,38.957,GLU, ,CG,57.89,17.05,0.0,1.18,1.0,<Residue GLU het=  resseq=74 icode= >,1bl0_A_A,2.3
544,8.049,GLU, ,CD,68.79,16.89,0.0,1.47,1.0,<Residue GLU het=  resseq=74 icode= >,1bl0_A_A,2.3
545,12.44,GLU, ,OE1,65.24,16.05,0.0,0.45,1.0,<Residue GLU het=  resseq=74 icode= >,1bl0_A_A,2.3
546,18.851,GLU, ,OE2,68.16,17.25,0.0,0.97,1.0,<Residue GLU het=  resseq=74 icode= >,1bl0_A_A,2.3
547,1.446,SER, ,N,42.79,12.80,0.0,3.54,1.0,<Residue SER het=  resseq=75 icode= >,1bl0_A_A,2.3
548,11.481,SER, ,CA,35.55,12.29,0.0,3.58,1.0,<Residue SER het=  resseq=75 icode= >,1bl0_A_A,2.3
549,4.099,SER, ,C,39.77,10.84,0.0,3.89,1.0,<Residue SER het=  resseq=75 icode= >,1bl0_A_A,2.3
550,2.4,SER, ,O,36.11,10.19,0.0,3.59,1.0,<Residue SER het=  resseq=75 icode= >,1bl0_A_A,2.3
551,20.786,SER, ,CB,47.54,12.56,0.0,1.57,1.0,<Residue SER het=  resseq=75 icode= >,1bl0_A_A,2.3
552,0.0,SER, ,OG,47.07,11.39,0.0,1.97,1.0,<Residue SER het=  resseq=75 icode= >,1bl0_A_A,2.3
553,7.019,ASN, ,N,35.81,10.45,0.0,4.13,1.0,<Residue ASN het=  resseq=76 icode= >,1bl0_A_A,2.3
554,0.06,ASN, ,CA,32.83,9.13,0.0,3.98,1.0,<Residue ASN het=  resseq=76 icode= >,1bl0_A_A,2.3
555,2.93,ASN, ,C,32.2,8.48,0.0,4.29,1.0,<Residue ASN het=  resseq=76 icode= >,1bl0_A_A,2.3
556,2.327,ASN, ,O,35.92,7.56,0.0,3.19,1.0,<Residue ASN het=  resseq=76 icode= >,1bl0_A_A,2.3
557,32.854,ASN, ,CB,34.09,9.29,0.0,3.31,1.0,<Residue ASN het=  resseq=76 icode= >,1bl0_A_A,2.3
558,5.831,ASN, ,CG,68.01,8.11,0.0,1.88,1.0,<Residue ASN het=  resseq=76 icode= >,1bl0_A_A,2.3
559,26.275,ASN, ,OD1,70.12,7.12,0.0,0.49,1.0,<Residue ASN het=  resseq=76 icode= >,1bl0_A_A,2.3
560,37.08,ASN, ,ND2,57.29,8.37,0.0,1.32,1.0,<Residue ASN het=  resseq=76 icode= >,1bl0_A_A,2.3
561,1.733,GLU, ,N,34.85,9.15,0.0,3.57,1.0,<Residue GLU het=  resseq=77 icode= >,1bl0_A_A,2.3
562,2.751,GLU, ,CA,29.23,8.90,0.0,3.93,1.0,<Residue GLU het=  resseq=77 icode= >,1bl0_A_A,2.3
563,0.0,GLU, ,C,30.32,7.50,0.0,4.53,1.0,<Residue GLU het=  resseq=77 icode= >,1bl0_A_A,2.3
564,0.0,GLU, ,O,43.91,7.16,0.0,2.06,1.0,<Residue GLU het=  resseq=77 icode= >,1bl0_A_A,2.3
565,0.0,GLU, ,CB,27.51,9.92,0.0,2.98,1.0,<Residue GLU het=  resseq=77 icode= >,1bl0_A_A,2.3
566,21.329,GLU, ,CG,62.46,11.34,0.0,0.57,1.0,<Residue GLU het=  resseq=77 icode= >,1bl0_A_A,2.3
567,1.701,GLU, ,CD,73.14,12.39,0.0,0.93,1.0,<Residue GLU het=  resseq=77 icode= >,1bl0_A_A,2.3
568,0.0,GLU, ,OE1,72.2,12.39,0.0,0.63,1.0,<Residue GLU het=  resseq=77 icode= >,1bl0_A_A,2.3
569,20.584,GLU, ,OE2,81.56,13.35,0.0,0.69,1.0,<Residue GLU het=  resseq=77 icode= >,1bl0_A_A,2.3
570,0.0,PRO, ,N,33.96,6.86,0.0,3.92,1.0,<Residue PRO het=  resseq=78 icode= >,1bl0_A_A,2.3
571,5.895,PRO, ,CA,36.22,5.59,1.745,3.40,1.0,<Residue PRO het=  resseq=78 icode= >,1bl0_A_A,2.3
572,0.0,PRO, ,C,37.57,5.83,0.0,4.54,1.0,<Residue PRO het=  resseq=78 icode= >,1bl0_A_A,2.3
573,0.0,PRO, ,O,38.24,7.02,0.0,2.93,1.0,<Residue PRO het=  resseq=78 icode= >,1bl0_A_A,2.3
574,27.93,PRO, ,CB,39.3,5.68,2.038,2.85,1.0,<Residue PRO het=  resseq=78 icode= >,1bl0_A_A,2.3
575,30.15,PRO, ,CG,28.87,7.07,0.0,2.68,1.0,<Residue PRO het=  resseq=78 icode= >,1bl0_A_A,2.3
576,21.924,PRO, ,CD,35.8,7.56,0.0,2.36,1.0,<Residue PRO het=  resseq=78 icode= >,1bl0_A_A,2.3
577,1.743,ILE, ,N,37.0,4.99,1.392,3.22,1.0,<Residue ILE het=  resseq=79 icode= >,1bl0_A_A,2.3
578,0.0,ILE, ,CA,37.79,5.74,0.0,2.47,1.0,<Residue ILE het=  resseq=79 icode= >,1bl0_A_A,2.3
579,0.0,ILE, ,C,42.28,6.02,0.0,3.55,1.0,<Residue ILE het=  resseq=79 icode= >,1bl0_A_A,2.3
580,0.0,ILE, ,O,55.63,7.00,0.0,2.18,1.0,<Residue ILE het=  resseq=79 icode= >,1bl0_A_A,2.3
581,0.21,ILE, ,CB,38.78,5.24,0.0,2.19,1.0,<Residue ILE het=  resseq=79 icode= >,1bl0_A_A,2.3
582,2.071,ILE, ,CG1,42.54,4.48,2.071,1.51,1.0,<Residue ILE het=  resseq=79 icode= >,1bl0_A_A,2.3
583,10.423,ILE, ,CG2,23.04,4.26,10.06,1.49,1.0,<Residue ILE het=  resseq=79 icode= >,1bl0_A_A,2.3
584,6.59,ILE, ,CD1,48.7,4.23,6.59,-0.14,1.0,<Residue ILE het=  resseq=79 icode= >,1bl0_A_A,2.3
585,1.043,LEU, ,N,30.45,5.41,1.043,4.29,1.0,<Residue LEU het=  resseq=80 icode= >,1bl0_A_A,2.3
586,0.0,LEU, ,CA,32.1,6.20,0.0,3.94,1.0,<Residue LEU het=  resseq=80 icode= >,1bl0_A_A,2.3
587,0.055,LEU, ,C,35.2,7.56,0.0,4.30,1.0,<Residue LEU het=  resseq=80 icode= >,1bl0_A_A,2.3
588,0.0,LEU, ,O,44.05,8.59,0.0,3.28,1.0,<Residue LEU het=  resseq=80 icode= >,1bl0_A_A,2.3
589,13.508,LEU, ,CB,43.16,5.86,0.856,2.22,1.0,<Residue LEU het=  resseq=80 icode= >,1bl0_A_A,2.3
590,4.517,LEU, ,CG,53.26,6.64,0.0,2.17,1.0,<Residue LEU het=  resseq=80 icode= >,1bl0_A_A,2.3
591,64.304,LEU, ,CD1,55.18,7.32,0.0,0.52,1.0,<Residue LEU het=  resseq=80 icode= >,1bl0_A_A,2.3
592,13.616,LEU, ,CD2,47.25,7.85,0.0,0.96,1.0,<Residue LEU het=  resseq=80 icode= >,1bl0_A_A,2.3
593,0.819,TYR, ,N,24.59,7.77,0.0,4.79,1.0,<Residue TYR het=  resseq=81 icode= >,1bl0_A_A,2.3
594,2.316,TYR, ,CA,31.93,9.16,0.0,3.74,1.0,<Residue TYR het=  resseq=81 icode= >,1bl0_A_A,2.3
595,0.0,TYR, ,C,30.18,9.90,0.0,4.88,1.0,<Residue TYR het=  resseq=81 icode= >,1bl0_A_A,2.3
596,0.109,TYR, ,O,36.82,11.12,0.0,3.04,1.0,<Residue TYR het=  resseq=81 icode= >,1bl0_A_A,2.3
597,13.8,TYR, ,CB,40.02,9.54,0.0,2.50,1.0,<Residue TYR het=  resseq=81 icode= >,1bl0_A_A,2.3
598,1.519,TYR, ,CG,53.4,10.68,0.0,1.88,1.0,<Residue TYR het=  resseq=81 icode= >,1bl0_A_A,2.3
599,0.058,TYR, ,CD1,58.77,10.55,0.0,1.25,1.0,<Residue TYR het=  resseq=81 icode= >,1bl0_A_A,2.3
600,23.681,TYR, ,CD2,77.35,12.00,0.0,0.04,1.0,<Residue TYR het=  resseq=81 icode= >,1bl0_A_A,2.3
601,0.0,TYR, ,CE1,49.02,11.72,0.0,1.97,1.0,<Residue TYR het=  resseq=81 icode= >,1bl0_A_A,2.3
602,26.089,TYR, ,CE2,80.4,13.06,0.0,0.49,1.0,<Residue TYR het=  resseq=81 icode= >,1bl0_A_A,2.3
603,2.251,TYR, ,CZ,78.12,12.93,0.0,1.06,1.0,<Residue TYR het=  resseq=81 icode= >,1bl0_A_A,2.3
604,9.496,TYR, ,OH,75.67,14.11,0.0,0.33,1.0,<Residue TYR het=  resseq=81 icode= >,1bl0_A_A,2.3
605,0.0,LEU, ,N,34.0,9.32,0.0,2.79,1.0,<Residue LEU het=  resseq=82 icode= >,1bl0_A_A,2.3
606,0.0,LEU, ,CA,28.76,10.24,0.0,3.99,1.0,<Residue LEU het=  resseq=82 icode= >,1bl0_A_A,2.3
607,0.0,LEU, ,C,28.4,10.62,0.0,4.89,1.0,<Residue LEU het=  resseq=82 icode= >,1bl0_A_A,2.3
608,0.0,LEU, ,O,36.62,11.59,0.0,3.64,1.0,<Residue LEU het=  resseq=82 icode= >,1bl0_A_A,2.3
609,0.0,LEU, ,CB,24.61,9.64,0.0,2.18,1.0,<Residue LEU het=  resseq=82 icode= >,1bl0_A_A,2.3
610,0.0,LEU, ,CG,26.32,9.41,0.0,3.05,1.0,<Residue LEU het=  resseq=82 icode= >,1bl0_A_A,2.3
611,0.0,LEU, ,CD1,18.89,8.81,0.0,1.38,1.0,<Residue LEU het=  resseq=82 icode= >,1bl0_A_A,2.3
612,0.0,LEU, ,CD2,25.69,10.80,0.0,1.51,1.0,<Residue LEU het=  resseq=82 icode= >,1bl0_A_A,2.3
613,0.0,ALA, ,N,31.88,9.73,0.0,3.91,1.0,<Residue ALA het=  resseq=83 icode= >,1bl0_A_A,2.3
614,0.0,ALA, ,CA,33.57,10.29,0.0,3.20,1.0,<Residue ALA het=  resseq=83 icode= >,1bl0_A_A,2.3
615,0.0,ALA, ,C,39.85,10.05,0.0,4.17,1.0,<Residue ALA het=  resseq=83 icode= >,1bl0_A_A,2.3
616,0.0,ALA, ,O,53.34,9.42,0.0,2.95,1.0,<Residue ALA het=  resseq=83 icode= >,1bl0_A_A,2.3
617,0.0,ALA, ,CB,19.13,8.99,0.0,2.12,1.0,<Residue ALA het=  resseq=83 icode= >,1bl0_A_A,2.3
618,0.059,GLU, ,N,55.3,10.70,0.0,2.35,1.0,<Residue GLU het=  resseq=84 icode= >,1bl0_A_A,2.3
619,1.585,GLU, ,CA,41.2,10.81,0.0,2.93,1.0,<Residue GLU het=  resseq=84 icode= >,1bl0_A_A,2.3
620,0.01,GLU, ,C,34.72,11.48,0.0,5.02,1.0,<Residue GLU het=  resseq=84 icode= >,1bl0_A_A,2.3
621,14.005,GLU, ,O,45.95,11.25,0.0,3.25,1.0,<Residue GLU het=  resseq=84 icode= >,1bl0_A_A,2.3
622,4.018,GLU, ,CB,28.19,11.83,0.0,2.45,1.0,<Residue GLU het=  resseq=84 icode= >,1bl0_A_A,2.3
623,29.741,GLU, ,CG,46.29,12.30,0.0,1.59,1.0,<Residue GLU het=  resseq=84 icode= >,1bl0_A_A,2.3
624,15.969,GLU, ,CD,63.73,13.11,0.0,1.74,1.0,<Residue GLU het=  resseq=84 icode= >,1bl0_A_A,2.3
625,22.403,GLU, ,OE1,64.82,12.00,0.0,0.43,1.0,<Residue GLU het=  resseq=84 icode= >,1bl0_A_A,2.3
626,42.356,GLU, ,OE2,65.03,14.00,0.0,1.19,1.0,<Residue GLU het=  resseq=84 icode= >,1bl0_A_A,2.3
627,0.101,ARG, ,N,32.25,12.47,0.0,3.95,1.0,<Residue ARG het=  resseq=85 icode= >,1bl0_A_A,2.3
628,6.155,ARG, ,CA,17.87,13.38,0.0,4.88,1.0,<Residue ARG het=  resseq=85 icode= >,1bl0_A_A,2.3
629,0.0,ARG, ,C,32.78,12.53,0.0,3.91,1.0,<Residue ARG het=  resseq=85 icode= >,1bl0_A_A,2.3
630,0.0,ARG, ,O,38.88,12.92,0.0,2.45,1.0,<Residue ARG het=  resseq=85 icode= >,1bl0_A_A,2.3
631,2.385,ARG, ,CB,32.79,14.03,0.0,2.33,1.0,<Residue ARG het=  resseq=85 icode= >,1bl0_A_A,2.3
632,9.932,ARG, ,CG,50.31,15.21,0.0,0.70,1.0,<Residue ARG het=  resseq=85 icode= >,1bl0_A_A,2.3
633,0.0,ARG, ,CD,47.12,14.98,0.0,0.66,1.0,<Residue ARG het=  resseq=85 icode= >,1bl0_A_A,2.3
634,0.0,ARG, ,NE,60.03,14.80,0.0,1.24,1.0,<Residue ARG het=  resseq=85 icode= >,1bl0_A_A,2.3
635,0.0,ARG, ,CZ,63.92,15.22,0.0,1.94,1.0,<Residue ARG het=  resseq=85 icode= >,1bl0_A_A,2.3
636,24.365,ARG, ,NH1,74.44,16.19,0.0,0.76,1.0,<Residue ARG het=  resseq=85 icode= >,1bl0_A_A,2.3
637,7.911,ARG, ,NH2,50.79,14.78,0.0,0.79,1.0,<Residue ARG het=  resseq=85 icode= >,1bl0_A_A,2.3
638,0.0,TYR, ,N,38.28,11.33,0.0,3.21,1.0,<Residue TYR het=  resseq=86 icode= >,1bl0_A_A,2.3
639,0.0,TYR, ,CA,31.6,10.46,0.0,3.24,1.0,<Residue TYR het=  resseq=86 icode= >,1bl0_A_A,2.3
640,0.0,TYR, ,C,34.62,9.41,0.0,4.17,1.0,<Residue TYR het=  resseq=86 icode= >,1bl0_A_A,2.3
641,0.036,TYR, ,O,38.88,8.59,0.0,2.63,1.0,<Residue TYR het=  resseq=86 icode= >,1bl0_A_A,2.3
642,0.0,TYR, ,CB,25.68,9.96,0.0,2.67,1.0,<Residue TYR het=  resseq=86 icode= >,1bl0_A_A,2.3
643,0.0,TYR, ,CG,23.19,11.13,0.0,3.90,1.0,<Residue TYR het=  resseq=86 icode= >,1bl0_A_A,2.3
644,0.0,TYR, ,CD1,26.15,12.13,0.0,2.90,1.0,<Residue TYR het=  resseq=86 icode= >,1bl0_A_A,2.3
645,0.0,TYR, ,CD2,22.21,11.41,0.0,2.54,1.0,<Residue TYR het=  resseq=86 icode= >,1bl0_A_A,2.3
646,0.0,TYR, ,CE1,20.07,13.27,0.0,2.46,1.0,<Residue TYR het=  resseq=86 icode= >,1bl0_A_A,2.3
647,0.0,TYR, ,CE2,25.26,12.61,0.0,2.60,1.0,<Residue TYR het=  resseq=86 icode= >,1bl0_A_A,2.3
648,0.0,TYR, ,CZ,21.66,13.48,0.0,4.38,1.0,<Residue TYR het=  resseq=86 icode= >,1bl0_A_A,2.3
649,0.0,TYR, ,OH,35.84,14.66,0.0,2.30,1.0,<Residue TYR het=  resseq=86 icode= >,1bl0_A_A,2.3
650,0.0,GLY, ,N,23.68,9.58,0.0,4.83,1.0,<Residue GLY het=  resseq=87 icode= >,1bl0_A_A,2.3
651,2.366,GLY, ,CA,22.49,8.59,0.0,3.67,1.0,<Residue GLY het=  resseq=87 icode= >,1bl0_A_A,2.3
652,3.425,GLY, ,C,35.85,7.33,0.0,3.75,1.0,<Residue GLY het=  resseq=87 icode= >,1bl0_A_A,2.3
653,14.042,GLY, ,O,45.34,6.24,0.0,2.19,1.0,<Residue GLY het=  resseq=87 icode= >,1bl0_A_A,2.3
654,0.0,PHE, ,N,36.65,7.23,0.0,2.82,1.0,<Residue PHE het=  resseq=88 icode= >,1bl0_A_A,2.3
655,1.843,PHE, ,CA,26.33,6.06,0.0,3.84,1.0,<Residue PHE het=  resseq=88 icode= >,1bl0_A_A,2.3
656,0.143,PHE, ,C,37.77,5.91,0.0,4.09,1.0,<Residue PHE het=  resseq=88 icode= >,1bl0_A_A,2.3
657,6.443,PHE, ,O,33.36,7.00,0.0,3.05,1.0,<Residue PHE het=  resseq=88 icode= >,1bl0_A_A,2.3
658,0.0,PHE, ,CB,32.33,6.59,0.0,2.44,1.0,<Residue PHE het=  resseq=88 icode= >,1bl0_A_A,2.3
659,0.0,PHE, ,CG,21.72,6.29,0.0,3.46,1.0,<Residue PHE het=  resseq=88 icode= >,1bl0_A_A,2.3
660,3.921,PHE, ,CD1,23.94,4.94,0.279,2.51,1.0,<Residue PHE het=  resseq=88 icode= >,1bl0_A_A,2.3
661,0.0,PHE, ,CD2,28.4,6.95,0.0,2.48,1.0,<Residue PHE het=  resseq=88 icode= >,1bl0_A_A,2.3
662,11.873,PHE, ,CE1,27.44,4.27,6.141,2.21,1.0,<Residue PHE het=  resseq=88 icode= >,1bl0_A_A,2.3
663,0.039,PHE, ,CE2,34.03,6.50,0.0,1.84,1.0,<Residue PHE het=  resseq=88 icode= >,1bl0_A_A,2.3
664,2.382,PHE, ,CZ,36.42,5.23,0.0,1.65,1.0,<Residue PHE het=  resseq=88 icode= >,1bl0_A_A,2.3
665,1.614,GLU, ,N,35.2,4.77,0.679,3.71,1.0,<Residue GLU het=  resseq=89 icode= >,1bl0_A_A,2.3
666,2.513,GLU, ,CA,31.49,5.06,0.0,3.84,1.0,<Residue GLU het=  resseq=89 icode= >,1bl0_A_A,2.3
667,2.53,GLU, ,C,46.76,5.84,0.0,3.32,1.0,<Residue GLU het=  resseq=89 icode= >,1bl0_A_A,2.3
668,23.108,GLU, ,O,51.05,6.57,0.0,2.06,1.0,<Residue GLU het=  resseq=89 icode= >,1bl0_A_A,2.3
669,18.865,GLU, ,CB,49.86,4.06,7.157,2.23,1.0,<Residue GLU het=  resseq=89 icode= >,1bl0_A_A,2.3
670,36.413,GLU, ,CG,58.16,3.60,25.35,1.49,1.0,<Residue GLU het=  resseq=89 icode= >,1bl0_A_A,2.3
671,9.661,GLU, ,CD,68.52,4.81,0.0,2.25,1.0,<Residue GLU het=  resseq=89 icode= >,1bl0_A_A,2.3
672,39.544,GLU, ,OE1,64.68,5.52,0.561,1.63,1.0,<Residue GLU het=  resseq=89 icode= >,1bl0_A_A,2.3
673,25.717,GLU, ,OE2,72.43,5.36,0.0,1.71,1.0,<Residue GLU het=  resseq=89 icode= >,1bl0_A_A,2.3
674,0.0,SER, ,N,55.8,6.04,0.0,1.92,1.0,<Residue SER het=  resseq=90 icode= >,1bl0_A_A,2.3
675,3.93,SER, ,CA,48.09,7.15,0.0,2.96,1.0,<Residue SER het=  resseq=90 icode= >,1bl0_A_A,2.3
676,0.0,SER, ,C,40.54,7.31,0.0,4.32,1.0,<Residue SER het=  resseq=90 icode= >,1bl0_A_A,2.3
677,0.0,SER, ,O,40.02,7.38,0.0,3.12,1.0,<Residue SER het=  resseq=90 icode= >,1bl0_A_A,2.3
678,27.097,SER, ,CB,23.83,6.53,0.0,3.51,1.0,<Residue SER het=  resseq=90 icode= >,1bl0_A_A,2.3
679,5.573,SER, ,OG,36.26,6.01,0.0,2.79,1.0,<Residue SER het=  resseq=90 icode= >,1bl0_A_A,2.3
680,0.852,GLN, ,N,42.68,6.25,0.0,3.74,1.0,<Residue GLN het=  resseq=91 icode= >,1bl0_A_A,2.3
681,0.0,GLN, ,CA,30.95,5.26,0.0,3.96,1.0,<Residue GLN het=  resseq=91 icode= >,1bl0_A_A,2.3
682,0.0,GLN, ,C,37.98,4.56,0.0,4.06,1.0,<Residue GLN het=  resseq=91 icode= >,1bl0_A_A,2.3
683,0.0,GLN, ,O,39.68,4.71,0.0,2.69,1.0,<Residue GLN het=  resseq=91 icode= >,1bl0_A_A,2.3
684,2.103,GLN, ,CB,38.17,4.54,0.0,2.63,1.0,<Residue GLN het=  resseq=91 icode= >,1bl0_A_A,2.3
685,1.075,GLN, ,CG,45.81,4.04,1.075,1.83,1.0,<Residue GLN het=  resseq=91 icode= >,1bl0_A_A,2.3
686,5.0,GLN, ,CD,45.67,3.90,5.0,3.62,1.0,<Residue GLN het=  resseq=91 icode= >,1bl0_A_A,2.3
687,23.632,GLN, ,OE1,58.44,3.88,15.091,1.66,1.0,<Residue GLN het=  resseq=91 icode= >,1bl0_A_A,2.3
688,31.86,GLN, ,NE2,33.95,3.09,31.86,2.14,1.0,<Residue GLN het=  resseq=91 icode= >,1bl0_A_A,2.3
689,0.0,GLN, ,N,37.09,4.33,0.0,3.69,1.0,<Residue GLN het=  resseq=92 icode= >,1bl0_A_A,2.3
690,2.54,GLN, ,CA,21.19,4.28,2.54,4.40,1.0,<Residue GLN het=  resseq=92 icode= >,1bl0_A_A,2.3
691,1.277,GLN, ,C,34.43,4.67,0.0,4.01,1.0,<Residue GLN het=  resseq=92 icode= >,1bl0_A_A,2.3
692,3.5,GLN, ,O,40.37,4.06,2.427,2.03,1.0,<Residue GLN het=  resseq=92 icode= >,1bl0_A_A,2.3
693,25.245,GLN, ,CB,29.58,3.62,21.217,2.94,1.0,<Residue GLN het=  resseq=92 icode= >,1bl0_A_A,2.3
694,36.812,GLN, ,CG,43.57,3.29,36.476,2.15,1.0,<Residue GLN het=  resseq=92 icode= >,1bl0_A_A,2.3
695,5.434,GLN, ,CD,42.06,3.82,1.512,3.45,1.0,<Residue GLN het=  resseq=92 icode= >,1bl0_A_A,2.3
696,4.16,GLN, ,OE1,53.81,5.02,0.0,2.08,1.0,<Residue GLN het=  resseq=92 icode= >,1bl0_A_A,2.3
697,47.036,GLN, ,NE2,38.53,3.37,21.999,2.52,1.0,<Residue GLN het=  resseq=92 icode= >,1bl0_A_A,2.3
698,0.258,THR, ,N,40.23,5.96,0.0,3.13,1.0,<Residue THR het=  resseq=93 icode= >,1bl0_A_A,2.3
699,0.994,THR, ,CA,34.4,5.73,0.0,3.76,1.0,<Residue THR het=  resseq=93 icode= >,1bl0_A_A,2.3
700,0.0,THR, ,C,28.72,6.06,0.0,5.41,1.0,<Residue THR het=  resseq=93 icode= >,1bl0_A_A,2.3
701,0.729,THR, ,O,33.23,5.03,0.414,3.97,1.0,<Residue THR het=  resseq=93 icode= >,1bl0_A_A,2.3
702,0.0,THR, ,CB,32.21,4.37,0.0,3.43,1.0,<Residue THR het=  resseq=93 icode= >,1bl0_A_A,2.3
703,21.936,THR, ,OG1,35.11,3.59,15.078,2.56,1.0,<Residue THR het=  resseq=93 icode= >,1bl0_A_A,2.3
704,23.305,THR, ,CG2,43.09,4.01,20.653,0.55,1.0,<Residue THR het=  resseq=93 icode= >,1bl0_A_A,2.3
705,0.0,LEU, ,N,28.42,7.07,0.0,3.71,1.0,<Residue LEU het=  resseq=94 icode= >,1bl0_A_A,2.3
706,0.0,LEU, ,CA,30.61,7.20,0.0,3.43,1.0,<Residue LEU het=  resseq=94 icode= >,1bl0_A_A,2.3
707,0.0,LEU, ,C,29.87,6.96,0.0,4.54,1.0,<Residue LEU het=  resseq=94 icode= >,1bl0_A_A,2.3
708,0.0,LEU, ,O,37.38,7.41,0.0,2.60,1.0,<Residue LEU het=  resseq=94 icode= >,1bl0_A_A,2.3
709,0.0,LEU, ,CB,23.75,8.11,0.0,3.07,1.0,<Residue LEU het=  resseq=94 icode= >,1bl0_A_A,2.3
710,0.0,LEU, ,CG,22.16,8.27,0.0,4.11,1.0,<Residue LEU het=  resseq=94 icode= >,1bl0_A_A,2.3
711,0.0,LEU, ,CD1,14.33,8.02,0.0,1.99,1.0,<Residue LEU het=  resseq=94 icode= >,1bl0_A_A,2.3
712,0.054,LEU, ,CD2,24.18,8.34,0.0,1.32,1.0,<Residue LEU het=  resseq=94 icode= >,1bl0_A_A,2.3
713,0.0,THR, ,N,30.45,5.84,0.0,3.74,1.0,<Residue THR het=  resseq=95 icode= >,1bl0_A_A,2.3
714,0.0,THR, ,CA,22.68,5.11,0.0,3.73,1.0,<Residue THR het=  resseq=95 icode= >,1bl0_A_A,2.3
715,0.0,THR, ,C,34.13,4.94,0.0,3.93,1.0,<Residue THR het=  resseq=95 icode= >,1bl0_A_A,2.3
716,0.0,THR, ,O,38.34,5.12,0.0,2.65,1.0,<Residue THR het=  resseq=95 icode= >,1bl0_A_A,2.3
717,1.759,THR, ,CB,31.51,3.96,1.759,3.35,1.0,<Residue THR het=  resseq=95 icode= >,1bl0_A_A,2.3
718,2.226,THR, ,OG1,32.75,3.45,2.226,2.02,1.0,<Residue THR het=  resseq=95 icode= >,1bl0_A_A,2.3
719,37.264,THR, ,CG2,37.9,3.69,37.243,0.49,1.0,<Residue THR het=  resseq=95 icode= >,1bl0_A_A,2.3
720,0.289,ARG, ,N,39.38,4.59,0.289,3.05,1.0,<Residue ARG het=  resseq=96 icode= >,1bl0_A_A,2.3
721,5.093,ARG, ,CA,36.27,5.09,2.251,2.74,1.0,<Residue ARG het=  resseq=96 icode= >,1bl0_A_A,2.3
722,0.0,ARG, ,C,35.75,5.76,0.0,3.45,1.0,<Residue ARG het=  resseq=96 icode= >,1bl0_A_A,2.3
723,0.0,ARG, ,O,42.12,6.07,0.0,2.32,1.0,<Residue ARG het=  resseq=96 icode= >,1bl0_A_A,2.3
724,12.967,ARG, ,CB,25.72,4.99,5.903,2.61,1.0,<Residue ARG het=  resseq=96 icode= >,1bl0_A_A,2.3
725,4.574,ARG, ,CG,23.07,5.05,1.296,2.42,1.0,<Residue ARG het=  resseq=96 icode= >,1bl0_A_A,2.3
726,25.68,ARG, ,CD,28.43,4.28,8.342,2.67,1.0,<Residue ARG het=  resseq=96 icode= >,1bl0_A_A,2.3
727,9.326,ARG, ,NE,33.24,3.73,8.33,3.20,1.0,<Residue ARG het=  resseq=96 icode= >,1bl0_A_A,2.3
728,8.259,ARG, ,CZ,43.35,3.58,6.448,3.29,1.0,<Residue ARG het=  resseq=96 icode= >,1bl0_A_A,2.3
729,49.533,ARG, ,NH1,50.77,2.91,45.702,0.69,1.0,<Residue ARG het=  resseq=96 icode= >,1bl0_A_A,2.3
730,46.262,ARG, ,NH2,38.05,2.80,45.419,1.62,1.0,<Residue ARG het=  resseq=96 icode= >,1bl0_A_A,2.3
731,0.0,THR, ,N,38.07,4.95,0.0,3.18,1.0,<Residue THR het=  resseq=97 icode= >,1bl0_A_A,2.3
732,2.693,THR, ,CA,31.32,4.46,0.912,3.22,1.0,<Residue THR het=  resseq=97 icode= >,1bl0_A_A,2.3
733,0.0,THR, ,C,39.7,5.85,0.0,3.78,1.0,<Residue THR het=  resseq=97 icode= >,1bl0_A_A,2.3
734,0.932,THR, ,O,35.73,6.25,0.0,2.71,1.0,<Residue THR het=  resseq=97 icode= >,1bl0_A_A,2.3
735,0.0,THR, ,CB,31.7,3.94,0.0,3.15,1.0,<Residue THR het=  resseq=97 icode= >,1bl0_A_A,2.3
736,21.638,THR, ,OG1,29.43,2.58,20.778,2.97,1.0,<Residue THR het=  resseq=97 icode= >,1bl0_A_A,2.3
737,1.686,THR, ,CG2,35.22,4.76,0.0,0.97,1.0,<Residue THR het=  resseq=97 icode= >,1bl0_A_A,2.3
738,0.0,PHE, ,N,38.98,6.80,0.0,2.93,1.0,<Residue PHE het=  resseq=98 icode= >,1bl0_A_A,2.3
739,0.0,PHE, ,CA,37.12,8.15,0.0,2.73,1.0,<Residue PHE het=  resseq=98 icode= >,1bl0_A_A,2.3
740,0.0,PHE, ,C,34.44,7.54,0.0,4.52,1.0,<Residue PHE het=  resseq=98 icode= >,1bl0_A_A,2.3
741,0.0,PHE, ,O,30.33,8.22,0.0,3.70,1.0,<Residue PHE het=  resseq=98 icode= >,1bl0_A_A,2.3
742,0.0,PHE, ,CB,28.18,7.53,0.0,2.62,1.0,<Residue PHE het=  resseq=98 icode= >,1bl0_A_A,2.3
743,0.0,PHE, ,CG,29.62,7.72,0.0,4.07,1.0,<Residue PHE het=  resseq=98 icode= >,1bl0_A_A,2.3
744,0.0,PHE, ,CD1,25.87,8.65,0.0,2.72,1.0,<Residue PHE het=  resseq=98 icode= >,1bl0_A_A,2.3
745,0.0,PHE, ,CD2,24.08,7.28,0.0,3.56,1.0,<Residue PHE het=  resseq=98 icode= >,1bl0_A_A,2.3
746,0.0,PHE, ,CE1,38.83,9.11,0.0,1.85,1.0,<Residue PHE het=  resseq=98 icode= >,1bl0_A_A,2.3
747,0.0,PHE, ,CE2,27.42,7.82,0.0,2.85,1.0,<Residue PHE het=  resseq=98 icode= >,1bl0_A_A,2.3
748,0.0,PHE, ,CZ,36.01,8.75,0.0,1.87,1.0,<Residue PHE het=  resseq=98 icode= >,1bl0_A_A,2.3
749,0.0,LYS, ,N,34.16,6.25,0.0,3.24,1.0,<Residue LYS het=  resseq=99 icode= >,1bl0_A_A,2.3
750,0.0,LYS, ,CA,39.31,5.49,0.0,2.98,1.0,<Residue LYS het=  resseq=99 icode= >,1bl0_A_A,2.3
751,0.0,LYS, ,C,45.12,6.45,0.0,3.25,1.0,<Residue LYS het=  resseq=99 icode= >,1bl0_A_A,2.3
752,0.659,LYS, ,O,42.11,6.82,0.0,2.57,1.0,<Residue LYS het=  resseq=99 icode= >,1bl0_A_A,2.3
753,2.208,LYS, ,CB,41.9,4.10,2.029,2.27,1.0,<Residue LYS het=  resseq=99 icode= >,1bl0_A_A,2.3
754,12.642,LYS, ,CG,37.15,3.87,1.54,2.34,1.0,<Residue LYS het=  resseq=99 icode= >,1bl0_A_A,2.3
755,6.747,LYS, ,CD,43.18,3.20,6.726,1.55,1.0,<Residue LYS het=  resseq=99 icode= >,1bl0_A_A,2.3
756,41.023,LYS, ,CE,49.54,3.45,12.29,1.59,1.0,<Residue LYS het=  resseq=99 icode= >,1bl0_A_A,2.3
757,26.002,LYS, ,NZ,46.69,3.71,2.455,0.92,1.0,<Residue LYS het=  resseq=99 icode= >,1bl0_A_A,2.3
758,0.0,ASN, ,N,39.26,7.12,0.0,3.04,1.0,<Residue ASN het=  resseq=100 icode= >,1bl0_A_A,2.3
759,6.665,ASN, ,CA,28.63,7.15,0.0,3.97,1.0,<Residue ASN het=  resseq=100 icode= >,1bl0_A_A,2.3
760,1.285,ASN, ,C,33.93,6.89,0.0,4.05,1.0,<Residue ASN het=  resseq=100 icode= >,1bl0_A_A,2.3
761,23.194,ASN, ,O,54.43,6.70,0.0,1.70,1.0,<Residue ASN het=  resseq=100 icode= >,1bl0_A_A,2.3
762,16.885,ASN, ,CB,30.64,6.05,0.0,3.02,1.0,<Residue ASN het=  resseq=100 icode= >,1bl0_A_A,2.3
763,4.419,ASN, ,CG,42.61,6.10,0.0,3.45,1.0,<Residue ASN het=  resseq=100 icode= >,1bl0_A_A,2.3
764,13.626,ASN, ,OD1,48.48,6.96,0.0,1.53,1.0,<Residue ASN het=  resseq=100 icode= >,1bl0_A_A,2.3
765,40.311,ASN, ,ND2,53.67,5.18,14.513,1.63,1.0,<Residue ASN het=  resseq=100 icode= >,1bl0_A_A,2.3
766,0.0,TYR, ,N,31.85,7.32,0.0,3.80,1.0,<Residue TYR het=  resseq=101 icode= >,1bl0_A_A,2.3
767,6.154,TYR, ,CA,24.36,7.47,0.0,4.42,1.0,<Residue TYR het=  resseq=101 icode= >,1bl0_A_A,2.3
768,0.0,TYR, ,C,27.95,8.85,0.0,4.91,1.0,<Residue TYR het=  resseq=101 icode= >,1bl0_A_A,2.3
769,4.79,TYR, ,O,29.64,9.17,0.0,3.02,1.0,<Residue TYR het=  resseq=101 icode= >,1bl0_A_A,2.3
770,2.872,TYR, ,CB,20.51,7.63,0.0,2.50,1.0,<Residue TYR het=  resseq=101 icode= >,1bl0_A_A,2.3
771,0.0,TYR, ,CG,14.21,8.13,0.0,4.30,1.0,<Residue TYR het=  resseq=101 icode= >,1bl0_A_A,2.3
772,0.0,TYR, ,CD1,18.73,9.46,0.0,3.28,1.0,<Residue TYR het=  resseq=101 icode= >,1bl0_A_A,2.3
773,10.972,TYR, ,CD2,20.08,7.46,0.0,3.67,1.0,<Residue TYR het=  resseq=101 icode= >,1bl0_A_A,2.3
774,0.249,TYR, ,CE1,15.25,10.12,0.0,3.13,1.0,<Residue TYR het=  resseq=101 icode= >,1bl0_A_A,2.3
775,9.764,TYR, ,CE2,17.96,8.25,0.0,3.56,1.0,<Residue TYR het=  resseq=101 icode= >,1bl0_A_A,2.3
776,4.139,TYR, ,CZ,24.37,9.56,0.0,4.23,1.0,<Residue TYR het=  resseq=101 icode= >,1bl0_A_A,2.3
777,4.964,TYR, ,OH,29.08,10.48,0.0,3.13,1.0,<Residue TYR het=  resseq=101 icode= >,1bl0_A_A,2.3
778,0.0,PHE, ,N,30.34,9.81,0.0,3.58,1.0,<Residue PHE het=  resseq=102 icode= >,1bl0_A_A,2.3
779,0.0,PHE, ,CA,27.1,10.19,0.0,3.19,1.0,<Residue PHE het=  resseq=102 icode= >,1bl0_A_A,2.3
780,0.0,PHE, ,C,26.97,9.42,0.0,4.26,1.0,<Residue PHE het=  resseq=102 icode= >,1bl0_A_A,2.3
781,6.321,PHE, ,O,28.9,9.75,0.0,3.50,1.0,<Residue PHE het=  resseq=102 icode= >,1bl0_A_A,2.3
782,0.473,PHE, ,CB,30.03,10.03,0.0,2.87,1.0,<Residue PHE het=  resseq=102 icode= >,1bl0_A_A,2.3
783,0.0,PHE, ,CG,33.63,11.25,0.0,3.57,1.0,<Residue PHE het=  resseq=102 icode= >,1bl0_A_A,2.3
784,3.936,PHE, ,CD1,30.75,12.51,0.0,2.70,1.0,<Residue PHE het=  resseq=102 icode= >,1bl0_A_A,2.3
785,0.0,PHE, ,CD2,18.11,11.02,0.0,3.18,1.0,<Residue PHE het=  resseq=102 icode= >,1bl0_A_A,2.3
786,0.0,PHE, ,CE1,35.18,13.29,0.0,2.13,1.0,<Residue PHE het=  resseq=102 icode= >,1bl0_A_A,2.3
787,0.0,PHE, ,CE2,32.94,11.85,0.0,3.04,1.0,<Residue PHE het=  resseq=102 icode= >,1bl0_A_A,2.3
788,0.0,PHE, ,CZ,25.24,13.01,0.0,2.60,1.0,<Residue PHE het=  resseq=102 icode= >,1bl0_A_A,2.3
789,0.0,ASP, ,N,30.51,8.40,0.0,3.82,1.0,<Residue ASP het=  resseq=103 icode= >,1bl0_A_A,2.3
790,0.0,ASP, ,CA,32.43,7.52,0.0,3.80,1.0,<Residue ASP het=  resseq=103 icode= >,1bl0_A_A,2.3
791,0.0,ASP, ,C,32.95,6.61,0.0,4.54,1.0,<Residue ASP het=  resseq=103 icode= >,1bl0_A_A,2.3
792,14.053,ASP, ,O,31.47,6.29,0.0,3.14,1.0,<Residue ASP het=  resseq=103 icode= >,1bl0_A_A,2.3
793,17.867,ASP, ,CB,34.74,8.54,0.0,1.79,1.0,<Residue ASP het=  resseq=103 icode= >,1bl0_A_A,2.3
794,8.351,ASP, ,CG,49.99,9.40,0.0,3.34,1.0,<Residue ASP het=  resseq=103 icode= >,1bl0_A_A,2.3
795,30.237,ASP, ,OD1,32.6,9.01,0.0,3.12,1.0,<Residue ASP het=  resseq=103 icode= >,1bl0_A_A,2.3
796,11.193,ASP, ,OD2,44.24,10.64,0.0,2.85,1.0,<Residue ASP het=  resseq=103 icode= >,1bl0_A_A,2.3
797,0.0,VAL, ,N,37.49,6.54,0.0,3.31,1.0,<Residue VAL het=  resseq=104 icode= >,1bl0_A_A,2.3
798,0.0,VAL, ,CA,35.48,6.12,0.0,3.44,1.0,<Residue VAL het=  resseq=104 icode= >,1bl0_A_A,2.3
799,0.0,VAL, ,C,30.63,6.02,0.0,4.01,1.0,<Residue VAL het=  resseq=104 icode= >,1bl0_A_A,2.3
800,0.0,VAL, ,O,28.87,6.70,0.0,2.92,1.0,<Residue VAL het=  resseq=104 icode= >,1bl0_A_A,2.3
801,0.0,VAL, ,CB,23.42,7.41,0.0,3.63,1.0,<Residue VAL het=  resseq=104 icode= >,1bl0_A_A,2.3
802,1.172,VAL, ,CG1,27.33,6.72,0.0,1.33,1.0,<Residue VAL het=  resseq=104 icode= >,1bl0_A_A,2.3
803,18.531,VAL, ,CG2,42.5,8.06,0.0,0.61,1.0,<Residue VAL het=  resseq=104 icode= >,1bl0_A_A,2.3
804,0.0,PRO, ,N,25.42,5.09,0.0,4.37,1.0,<Residue PRO het=  resseq=105 icode= >,1bl0_A_A,2.3
805,0.0,PRO, ,CA,22.84,4.51,0.0,3.81,1.0,<Residue PRO het=  resseq=105 icode= >,1bl0_A_A,2.3
806,0.0,PRO, ,C,25.01,4.30,0.0,5.33,1.0,<Residue PRO het=  resseq=105 icode= >,1bl0_A_A,2.3
807,0.0,PRO, ,O,30.4,4.49,0.0,3.16,1.0,<Residue PRO het=  resseq=105 icode= >,1bl0_A_A,2.3
808,10.703,PRO, ,CB,28.6,3.19,10.703,2.67,1.0,<Residue PRO het=  resseq=105 icode= >,1bl0_A_A,2.3
809,24.46,PRO, ,CG,31.68,3.39,23.113,2.40,1.0,<Residue PRO het=  resseq=105 icode= >,1bl0_A_A,2.3
810,0.764,PRO, ,CD,23.96,4.03,0.542,2.82,1.0,<Residue PRO het=  resseq=105 icode= >,1bl0_A_A,2.3
811,0.0,PRO, ,N,28.93,3.75,0.0,4.65,1.0,<Residue PRO het=  resseq=106 icode= >,1bl0_A_A,2.3
812,0.0,PRO, ,CA,29.08,4.28,0.0,2.94,1.0,<Residue PRO het=  resseq=106 icode= >,1bl0_A_A,2.3
813,0.0,PRO, ,C,27.5,4.12,0.0,4.16,1.0,<Residue PRO het=  resseq=106 icode= >,1bl0_A_A,2.3
814,0.0,PRO, ,O,35.46,4.92,0.0,2.78,1.0,<Residue PRO het=  resseq=106 icode= >,1bl0_A_A,2.3
815,0.034,PRO, ,CB,26.46,4.32,0.0,1.69,1.0,<Residue PRO het=  resseq=106 icode= >,1bl0_A_A,2.3
816,0.0,PRO, ,CG,22.56,4.19,0.0,1.88,1.0,<Residue PRO het=  resseq=106 icode= >,1bl0_A_A,2.3
817,1.778,PRO, ,CD,24.15,3.26,1.778,2.42,1.0,<Residue PRO het=  resseq=106 icode= >,1bl0_A_A,2.3
818,0.263,HIS, ,N,38.87,3.00,0.263,3.24,1.0,<Residue HIS het=  resseq=107 icode= >,1bl0_A_A,2.3
819,0.0,HIS, ,CA,31.63,3.04,0.0,3.36,1.0,<Residue HIS het=  resseq=107 icode= >,1bl0_A_A,2.3
820,0.0,HIS, ,C,37.97,3.28,0.0,3.59,1.0,<Residue HIS het=  resseq=107 icode= >,1bl0_A_A,2.3
821,0.0,HIS, ,O,35.53,4.47,0.0,2.62,1.0,<Residue HIS het=  resseq=107 icode= >,1bl0_A_A,2.3
822,19.531,HIS, ,CB,35.6,2.61,19.531,2.25,1.0,<Residue HIS het=  resseq=107 icode= >,1bl0_A_A,2.3
823,3.637,HIS, ,CG,43.85,3.74,3.637,2.45,1.0,<Residue HIS het=  resseq=107 icode= >,1bl0_A_A,2.3
824,25.156,HIS, ,ND1,47.68,4.08,13.558,2.28,1.0,<Residue HIS het=  resseq=107 icode= >,1bl0_A_A,2.3
825,6.803,HIS, ,CD2,44.16,4.88,3.6,2.05,1.0,<Residue HIS het=  resseq=107 icode= >,1bl0_A_A,2.3
826,38.702,HIS, ,CE1,39.03,4.99,1.849,2.30,1.0,<Residue HIS het=  resseq=107 icode= >,1bl0_A_A,2.3
827,11.431,HIS, ,NE2,42.25,5.22,0.373,2.29,1.0,<Residue HIS het=  resseq=107 icode= >,1bl0_A_A,2.3
828,2.323,LYS, ,N,38.69,2.67,2.084,3.03,1.0,<Residue LYS het=  resseq=108 icode= >,1bl0_A_A,2.3
829,6.405,LYS, ,CA,35.59,3.80,0.0,3.36,1.0,<Residue LYS het=  resseq=108 icode= >,1bl0_A_A,2.3
830,0.0,LYS, ,C,31.99,5.04,0.0,4.34,1.0,<Residue LYS het=  resseq=108 icode= >,1bl0_A_A,2.3
831,0.0,LYS, ,O,36.11,6.11,0.0,2.87,1.0,<Residue LYS het=  resseq=108 icode= >,1bl0_A_A,2.3
832,8.025,LYS, ,CB,33.32,3.87,3.024,2.50,1.0,<Residue LYS het=  resseq=108 icode= >,1bl0_A_A,2.3
833,12.59,LYS, ,CG,60.99,5.29,0.0,0.60,1.0,<Residue LYS het=  resseq=108 icode= >,1bl0_A_A,2.3
834,35.642,LYS, ,CD,58.27,5.77,0.0,0.76,1.0,<Residue LYS het=  resseq=108 icode= >,1bl0_A_A,2.3
835,15.367,LYS, ,CE,57.61,5.57,0.0,0.98,1.0,<Residue LYS het=  resseq=108 icode= >,1bl0_A_A,2.3
836,45.722,LYS, ,NZ,55.71,4.90,3.928,1.29,1.0,<Residue LYS het=  resseq=108 icode= >,1bl0_A_A,2.3
837,0.0,TYR, ,N,32.17,5.17,0.0,3.37,1.0,<Residue TYR het=  resseq=109 icode= >,1bl0_A_A,2.3
838,0.0,TYR, ,CA,28.32,6.55,0.0,3.26,1.0,<Residue TYR het=  resseq=109 icode= >,1bl0_A_A,2.3
839,0.0,TYR, ,C,33.86,7.14,0.0,4.23,1.0,<Residue TYR het=  resseq=109 icode= >,1bl0_A_A,2.3
840,0.0,TYR, ,O,42.37,8.35,0.0,2.83,1.0,<Residue TYR het=  resseq=109 icode= >,1bl0_A_A,2.3
841,0.0,TYR, ,CB,30.82,6.93,0.0,2.16,1.0,<Residue TYR het=  resseq=109 icode= >,1bl0_A_A,2.3
842,0.0,TYR, ,CG,31.69,8.46,0.0,3.06,1.0,<Residue TYR het=  resseq=109 icode= >,1bl0_A_A,2.3
843,0.0,TYR, ,CD1,30.73,9.18,0.0,2.64,1.0,<Residue TYR het=  resseq=109 icode= >,1bl0_A_A,2.3
844,0.169,TYR, ,CD2,12.63,9.34,0.0,3.61,1.0,<Residue TYR het=  resseq=109 icode= >,1bl0_A_A,2.3
845,0.056,TYR, ,CE1,17.5,10.56,0.0,2.72,1.0,<Residue TYR het=  resseq=109 icode= >,1bl0_A_A,2.3
846,2.998,TYR, ,CE2,19.2,10.69,0.0,3.04,1.0,<Residue TYR het=  resseq=109 icode= >,1bl0_A_A,2.3
847,0.0,TYR, ,CZ,25.2,11.25,0.0,3.65,1.0,<Residue TYR het=  resseq=109 icode= >,1bl0_A_A,2.3
848,1.902,TYR, ,OH,33.65,12.64,0.0,2.06,1.0,<Residue TYR het=  resseq=109 icode= >,1bl0_A_A,2.3
849,0.0,ARG, ,N,42.06,6.49,0.0,3.12,1.0,<Residue ARG het=  resseq=110 icode= >,1bl0_A_A,2.3
850,0.0,ARG, ,CA,34.76,7.38,0.0,3.14,1.0,<Residue ARG het=  resseq=110 icode= >,1bl0_A_A,2.3
851,0.0,ARG, ,C,35.67,8.02,0.0,4.39,1.0,<Residue ARG het=  resseq=110 icode= >,1bl0_A_A,2.3
852,7.448,ARG, ,O,38.63,9.23,0.0,2.70,1.0,<Residue ARG het=  resseq=110 icode= >,1bl0_A_A,2.3
853,0.0,ARG, ,CB,46.21,6.90,0.0,1.48,1.0,<Residue ARG het=  resseq=110 icode= >,1bl0_A_A,2.3
854,0.426,ARG, ,CG,44.37,7.62,0.0,1.53,1.0,<Residue ARG het=  resseq=110 icode= >,1bl0_A_A,2.3
855,5.49,ARG, ,CD,28.28,7.67,0.0,2.53,1.0,<Residue ARG het=  resseq=110 icode= >,1bl0_A_A,2.3
856,3.865,ARG, ,NE,46.99,6.45,0.0,2.50,1.0,<Residue ARG het=  resseq=110 icode= >,1bl0_A_A,2.3
857,0.0,ARG, ,CZ,41.19,6.65,0.0,3.31,1.0,<Residue ARG het=  resseq=110 icode= >,1bl0_A_A,2.3
858,0.0,ARG, ,NH1,43.29,7.93,0.0,2.08,1.0,<Residue ARG het=  resseq=110 icode= >,1bl0_A_A,2.3
859,4.976,ARG, ,NH2,33.91,5.78,0.0,1.77,1.0,<Residue ARG het=  resseq=110 icode= >,1bl0_A_A,2.3
860,0.0,MET, ,N,44.92,7.39,0.0,2.98,1.0,<Residue MET het=  resseq=111 icode= >,1bl0_A_A,2.3
861,3.753,MET, ,CA,43.38,8.25,0.0,2.84,1.0,<Residue MET het=  resseq=111 icode= >,1bl0_A_A,2.3
862,4.421,MET, ,C,39.21,9.00,0.0,3.87,1.0,<Residue MET het=  resseq=111 icode= >,1bl0_A_A,2.3
863,19.5,MET, ,O,56.28,9.38,0.0,1.84,1.0,<Residue MET het=  resseq=111 icode= >,1bl0_A_A,2.3
864,18.25,MET, ,CB,46.48,7.67,0.0,2.04,1.0,<Residue MET het=  resseq=111 icode= >,1bl0_A_A,2.3
865,4.763,MET, ,CG,36.22,7.01,0.0,2.19,1.0,<Residue MET het=  resseq=111 icode= >,1bl0_A_A,2.3
866,31.49,MET, ,SD,51.33,8.35,0.0,3.76,1.0,<Residue MET het=  resseq=111 icode= >,1bl0_A_A,2.3
867,44.866,MET, ,CE,28.2,8.91,0.0,1.81,1.0,<Residue MET het=  resseq=111 icode= >,1bl0_A_A,2.3
868,0.746,THR, ,N,42.4,9.46,0.0,2.97,1.0,<Residue THR het=  resseq=112 icode= >,1bl0_A_A,2.3
869,2.696,THR, ,CA,36.76,10.40,0.0,3.16,1.0,<Residue THR het=  resseq=112 icode= >,1bl0_A_A,2.3
870,1.049,THR, ,C,46.06,11.60,0.0,3.61,1.0,<Residue THR het=  resseq=112 icode= >,1bl0_A_A,2.3
871,0.0,THR, ,O,57.65,11.58,0.0,1.85,1.0,<Residue THR het=  resseq=112 icode= >,1bl0_A_A,2.3
872,5.332,THR, ,CB,37.98,9.90,0.0,2.25,1.0,<Residue THR het=  resseq=112 icode= >,1bl0_A_A,2.3
873,0.0,THR, ,OG1,57.9,9.42,0.0,1.11,1.0,<Residue THR het=  resseq=112 icode= >,1bl0_A_A,2.3
874,30.633,THR, ,CG2,39.85,8.98,0.0,1.33,1.0,<Residue THR het=  resseq=112 icode= >,1bl0_A_A,2.3
875,2.582,ASN, ,N,63.38,12.76,0.0,2.04,1.0,<Residue ASN het=  resseq=113 icode= >,1bl0_A_A,2.3
876,2.531,ASN, ,CA,71.35,14.01,0.0,1.75,1.0,<Residue ASN het=  resseq=113 icode= >,1bl0_A_A,2.3
877,2.358,ASN, ,C,77.26,14.48,0.0,2.05,1.0,<Residue ASN het=  resseq=113 icode= >,1bl0_A_A,2.3
878,12.069,ASN, ,O,76.15,14.65,0.0,2.08,1.0,<Residue ASN het=  resseq=113 icode= >,1bl0_A_A,2.3
879,25.231,ASN, ,CB,71.05,15.18,0.0,1.47,1.0,<Residue ASN het=  resseq=113 icode= >,1bl0_A_A,2.3
880,6.498,ASN, ,CG,75.87,15.02,0.0,1.50,1.0,<Residue ASN het=  resseq=113 icode= >,1bl0_A_A,2.3
881,38.689,ASN, ,OD1,58.92,15.24,0.0,1.44,1.0,<Residue ASN het=  resseq=113 icode= >,1bl0_A_A,2.3
882,49.366,ASN, ,ND2,66.33,14.45,0.0,0.71,1.0,<Residue ASN het=  resseq=113 icode= >,1bl0_A_A,2.3
883,0.743,MET, ,N,77.14,14.83,0.0,1.52,1.0,<Residue MET het=  resseq=114 icode= >,1bl0_A_A,2.3
884,9.16,MET, ,CA,80.7,15.56,0.0,1.58,1.0,<Residue MET het=  resseq=114 icode= >,1bl0_A_A,2.3
885,1.355,MET, ,C,81.5,15.07,0.0,2.39,1.0,<Residue MET het=  resseq=114 icode= >,1bl0_A_A,2.3
886,20.371,MET, ,O,75.57,15.95,0.0,1.22,1.0,<Residue MET het=  resseq=114 icode= >,1bl0_A_A,2.3
887,17.961,MET, ,CB,86.39,15.65,0.0,0.21,1.0,<Residue MET het=  resseq=114 icode= >,1bl0_A_A,2.3
888,31.685,MET, ,CG,80.75,17.00,0.0,0.76,1.0,<Residue MET het=  resseq=114 icode= >,1bl0_A_A,2.3
889,44.35,MET, ,SD,88.45,17.06,0.0,1.33,1.0,<Residue MET het=  resseq=114 icode= >,1bl0_A_A,2.3
890,67.214,MET, ,CE,67.56,16.34,0.0,1.03,1.0,<Residue MET het=  resseq=114 icode= >,1bl0_A_A,2.3
891,0.679,GLN, ,N,85.36,13.74,0.0,1.69,1.0,<Residue GLN het=  resseq=115 icode= >,1bl0_A_A,2.3
892,2.513,GLN, ,CA,85.87,13.26,0.0,1.44,1.0,<Residue GLN het=  resseq=115 icode= >,1bl0_A_A,2.3
893,0.0,GLN, ,C,87.8,14.05,0.0,1.73,1.0,<Residue GLN het=  resseq=115 icode= >,1bl0_A_A,2.3
894,3.489,GLN, ,O,92.4,13.93,0.0,1.40,1.0,<Residue GLN het=  resseq=115 icode= >,1bl0_A_A,2.3
895,0.0,GLN, ,CB,69.3,11.72,0.0,1.28,1.0,<Residue GLN het=  resseq=115 icode= >,1bl0_A_A,2.3
896,5.157,GLN, ,CG,71.58,11.12,0.0,1.21,1.0,<Residue GLN het=  resseq=115 icode= >,1bl0_A_A,2.3
897,1.12,GLN, ,CD,82.37,11.14,0.0,0.97,1.0,<Residue GLN het=  resseq=115 icode= >,1bl0_A_A,2.3
898,13.868,GLN, ,OE1,79.96,10.27,0.0,0.30,1.0,<Residue GLN het=  resseq=115 icode= >,1bl0_A_A,2.3
899,45.932,GLN, ,NE2,69.7,12.28,0.0,0.80,1.0,<Residue GLN het=  resseq=115 icode= >,1bl0_A_A,2.3
900,4.472,GLY, ,N,75.85,15.02,0.0,2.00,1.0,<Residue GLY het=  resseq=116 icode= >,1bl0_A_A,2.3
901,26.753,GLY, ,CA,69.38,15.99,0.0,1.38,1.0,<Residue GLY het=  resseq=116 icode= >,1bl0_A_A,2.3
902,3.482,GLY, ,C,63.11,16.09,0.0,2.57,1.0,<Residue GLY het=  resseq=116 icode= >,1bl0_A_A,2.3
903,0.685,GLY, ,O,64.59,15.18,0.0,1.72,1.0,<Residue GLY het=  resseq=116 icode= >,1bl0_A_A,2.3
904,9.18,GLU, ,N,53.35,17.34,0.0,2.75,1.0,<Residue GLU het=  resseq=117 icode= >,1bl0_A_A,2.3
905,1.174,GLU, ,CA,39.7,17.82,0.0,3.15,1.0,<Residue GLU het=  resseq=117 icode= >,1bl0_A_A,2.3
906,1.464,GLU, ,C,38.96,17.83,0.0,4.22,1.0,<Residue GLU het=  resseq=117 icode= >,1bl0_A_A,2.3
907,3.39,GLU, ,O,43.43,18.27,0.0,2.61,1.0,<Residue GLU het=  resseq=117 icode= >,1bl0_A_A,2.3
908,24.901,GLU, ,CB,42.6,19.27,0.0,2.07,1.0,<Residue GLU het=  resseq=117 icode= >,1bl0_A_A,2.3
909,14.153,GLU, ,CG,70.24,19.89,0.0,1.19,1.0,<Residue GLU het=  resseq=117 icode= >,1bl0_A_A,2.3
910,7.328,GLU, ,CD,81.42,20.47,0.0,1.72,1.0,<Residue GLU het=  resseq=117 icode= >,1bl0_A_A,2.3
911,28.994,GLU, ,OE1,67.66,20.04,0.0,1.47,1.0,<Residue GLU het=  resseq=117 icode= >,1bl0_A_A,2.3
912,19.778,GLU, ,OE2,83.57,21.47,0.0,1.59,1.0,<Residue GLU het=  resseq=117 icode= >,1bl0_A_A,2.3
913,3.863,SER, ,N,43.32,17.48,0.0,3.27,1.0,<Residue SER het=  resseq=118 icode= >,1bl0_A_A,2.3
914,12.14,SER, ,CA,47.07,17.22,0.0,3.06,1.0,<Residue SER het=  resseq=118 icode= >,1bl0_A_A,2.3
915,0.0,SER, ,C,52.54,15.78,0.0,2.60,1.0,<Residue SER het=  resseq=118 icode= >,1bl0_A_A,2.3
916,0.648,SER, ,O,71.18,15.36,0.0,1.58,1.0,<Residue SER het=  resseq=118 icode= >,1bl0_A_A,2.3
917,33.588,SER, ,CB,44.12,16.87,0.0,2.34,1.0,<Residue SER het=  resseq=118 icode= >,1bl0_A_A,2.3
918,20.798,SER, ,OG,39.95,16.34,0.0,1.72,1.0,<Residue SER het=  resseq=118 icode= >,1bl0_A_A,2.3
919,9.948,ARG, ,N,51.43,15.15,0.0,2.22,1.0,<Residue ARG het=  resseq=119 icode= >,1bl0_A_A,2.3
920,15.694,ARG, ,CA,36.78,13.81,0.0,2.98,1.0,<Residue ARG het=  resseq=119 icode= >,1bl0_A_A,2.3
921,1.309,ARG, ,C,38.67,13.76,0.0,4.20,1.0,<Residue ARG het=  resseq=119 icode= >,1bl0_A_A,2.3
922,3.662,ARG, ,O,35.13,12.76,0.0,3.48,1.0,<Residue ARG het=  resseq=119 icode= >,1bl0_A_A,2.3
923,5.81,ARG, ,CB,37.75,12.73,0.0,1.89,1.0,<Residue ARG het=  resseq=119 icode= >,1bl0_A_A,2.3
924,8.999,ARG, ,CG,32.6,13.18,0.0,1.68,1.0,<Residue ARG het=  resseq=119 icode= >,1bl0_A_A,2.3
925,13.117,ARG, ,CD,38.36,12.11,0.0,2.39,1.0,<Residue ARG het=  resseq=119 icode= >,1bl0_A_A,2.3
926,11.275,ARG, ,NE,31.62,12.77,0.0,2.83,1.0,<Residue ARG het=  resseq=119 icode= >,1bl0_A_A,2.3
927,4.305,ARG, ,CZ,46.75,12.19,0.0,3.34,1.0,<Residue ARG het=  resseq=119 icode= >,1bl0_A_A,2.3
928,16.404,ARG, ,NH1,36.57,10.87,0.0,2.07,1.0,<Residue ARG het=  resseq=119 icode= >,1bl0_A_A,2.3
929,36.955,ARG, ,NH2,42.8,12.43,0.0,1.32,1.0,<Residue ARG het=  resseq=119 icode= >,1bl0_A_A,2.3
930,1.075,PHE, ,N,38.16,14.93,0.0,3.41,1.0,<Residue PHE het=  resseq=120 icode= >,1bl0_A_A,2.3
931,0.0,PHE, ,CA,37.3,15.12,0.0,3.58,1.0,<Residue PHE het=  resseq=120 icode= >,1bl0_A_A,2.3
932,0.192,PHE, ,C,44.88,15.01,0.0,3.20,1.0,<Residue PHE het=  resseq=120 icode= >,1bl0_A_A,2.3
933,24.359,PHE, ,O,62.38,15.55,0.0,1.50,1.0,<Residue PHE het=  resseq=120 icode= >,1bl0_A_A,2.3
934,1.036,PHE, ,CB,33.17,16.56,0.0,1.96,1.0,<Residue PHE het=  resseq=120 icode= >,1bl0_A_A,2.3
935,0.0,PHE, ,CG,26.11,16.90,0.0,3.47,1.0,<Residue PHE het=  resseq=120 icode= >,1bl0_A_A,2.3
936,0.0,PHE, ,CD1,28.91,16.15,0.0,2.37,1.0,<Residue PHE het=  resseq=120 icode= >,1bl0_A_A,2.3
937,0.0,PHE, ,CD2,27.21,17.85,0.0,3.05,1.0,<Residue PHE het=  resseq=120 icode= >,1bl0_A_A,2.3
938,0.0,PHE, ,CE1,34.43,15.24,0.0,2.26,1.0,<Residue PHE het=  resseq=120 icode= >,1bl0_A_A,2.3
939,5.382,PHE, ,CE2,24.63,16.87,0.0,2.14,1.0,<Residue PHE het=  resseq=120 icode= >,1bl0_A_A,2.3
940,6.428,PHE, ,CZ,30.22,15.55,0.0,2.23,1.0,<Residue PHE het=  resseq=120 icode= >,1bl0_A_A,2.3
941,0.0,LEU, ,N,50.76,14.45,0.0,2.58,1.0,<Residue LEU het=  resseq=121 icode= >,1bl0_A_A,2.3
942,0.732,LEU, ,CA,40.78,14.26,0.0,2.99,1.0,<Residue LEU het=  resseq=121 icode= >,1bl0_A_A,2.3
943,0.0,LEU, ,C,45.67,14.89,0.0,3.87,1.0,<Residue LEU het=  resseq=121 icode= >,1bl0_A_A,2.3
944,0.0,LEU, ,O,46.56,15.02,0.0,2.34,1.0,<Residue LEU het=  resseq=121 icode= >,1bl0_A_A,2.3
945,4.247,LEU, ,CB,42.48,12.74,0.0,1.86,1.0,<Residue LEU het=  resseq=121 icode= >,1bl0_A_A,2.3
946,0.0,LEU, ,CG,47.02,12.07,0.0,1.79,1.0,<Residue LEU het=  resseq=121 icode= >,1bl0_A_A,2.3
947,28.06,LEU, ,CD1,47.73,12.70,0.0,0.48,1.0,<Residue LEU het=  resseq=121 icode= >,1bl0_A_A,2.3
948,4.541,LEU, ,CD2,35.77,10.56,0.0,1.00,1.0,<Residue LEU het=  resseq=121 icode= >,1bl0_A_A,2.3
949,3.678,HIS, ,N,51.47,15.44,0.0,2.80,1.0,<Residue HIS het=  resseq=122 icode= >,1bl0_A_A,2.3
950,0.0,HIS, ,CA,47.98,16.19,0.0,3.11,1.0,<Residue HIS het=  resseq=122 icode= >,1bl0_A_A,2.3
951,1.383,HIS, ,C,53.58,15.64,0.0,2.99,1.0,<Residue HIS het=  resseq=122 icode= >,1bl0_A_A,2.3
952,6.895,HIS, ,O,47.45,15.03,0.0,2.19,1.0,<Residue HIS het=  resseq=122 icode= >,1bl0_A_A,2.3
953,25.811,HIS, ,CB,46.6,17.59,0.0,1.72,1.0,<Residue HIS het=  resseq=122 icode= >,1bl0_A_A,2.3
954,2.072,HIS, ,CG,44.0,18.38,0.0,2.79,1.0,<Residue HIS het=  resseq=122 icode= >,1bl0_A_A,2.3
955,20.348,HIS, ,ND1,47.63,19.04,0.0,3.06,1.0,<Residue HIS het=  resseq=122 icode= >,1bl0_A_A,2.3
956,12.63,HIS, ,CD2,55.02,18.80,0.0,2.41,1.0,<Residue HIS het=  resseq=122 icode= >,1bl0_A_A,2.3
957,13.865,HIS, ,CE1,44.0,19.80,0.0,2.97,1.0,<Residue HIS het=  resseq=122 icode= >,1bl0_A_A,2.3
958,9.224,HIS, ,NE2,45.81,19.68,0.0,3.02,1.0,<Residue HIS het=  resseq=122 icode= >,1bl0_A_A,2.3
959,0.0,PRO, ,N,54.57,16.09,0.0,2.77,1.0,<Residue PRO het=  resseq=123 icode= >,1bl0_A_A,2.3
960,0.0,PRO, ,CA,57.65,15.93,0.0,2.14,1.0,<Residue PRO het=  resseq=123 icode= >,1bl0_A_A,2.3
961,0.0,PRO, ,C,70.4,15.28,0.0,1.48,1.0,<Residue PRO het=  resseq=123 icode= >,1bl0_A_A,2.3
962,1.273,PRO, ,O,84.68,15.27,0.0,0.19,1.0,<Residue PRO het=  resseq=123 icode= >,1bl0_A_A,2.3
963,20.593,PRO, ,CB,34.07,17.38,0.0,1.87,1.0,<Residue PRO het=  resseq=123 icode= >,1bl0_A_A,2.3
964,28.903,PRO, ,CG,39.45,17.82,0.0,2.12,1.0,<Residue PRO het=  resseq=123 icode= >,1bl0_A_A,2.3
965,4.942,PRO, ,CD,42.98,17.12,0.0,1.98,1.0,<Residue PRO het=  resseq=123 icode= >,1bl0_A_A,2.3
966,0.821,LEU, ,N,64.29,14.88,0.0,1.62,1.0,<Residue LEU het=  resseq=124 icode= >,1bl0_A_A,2.3
967,0.029,LEU, ,CA,56.9,14.48,0.0,2.29,1.0,<Residue LEU het=  resseq=124 icode= >,1bl0_A_A,2.3
968,15.883,LEU, ,C,57.11,13.37,0.0,2.02,1.0,<Residue LEU het=  resseq=124 icode= >,1bl0_A_A,2.3
969,0.0,LEU, ,O,58.33,12.20,0.0,1.13,1.0,<Residue LEU het=  resseq=124 icode= >,1bl0_A_A,2.3
970,18.026,LEU, ,CB,44.66,15.79,0.0,2.11,1.0,<Residue LEU het=  resseq=124 icode= >,1bl0_A_A,2.3
971,0.0,LEU, ,CG,55.05,17.03,0.0,2.16,1.0,<Residue LEU het=  resseq=124 icode= >,1bl0_A_A,2.3
972,63.014,LEU, ,CD1,41.5,18.25,0.0,1.44,1.0,<Residue LEU het=  resseq=124 icode= >,1bl0_A_A,2.3
973,35.535,LEU, ,CD2,43.28,17.17,0.0,2.24,1.0,<Residue LEU het=  resseq=124 icode= >,1bl0_A_A,2.3
