,ASA,aa,altloc,atom,bfac,dens,occ,residue,id,resolu
0,24.675,MET, ,N,30.43,2.26,1.0,<Residue MET het=  resseq=1 icode= >,1d8l_A_A,2.5
1,17.049,MET, ,CA,28.21,3.33,1.0,<Residue MET het=  resseq=1 icode= >,1d8l_A_A,2.5
2,2.625,MET, ,C,26.99,4.34,1.0,<Residue MET het=  resseq=1 icode= >,1d8l_A_A,2.5
3,26.177,MET, ,O,29.44,3.17,1.0,<Residue MET het=  resseq=1 icode= >,1d8l_A_A,2.5
4,30.065,MET, ,CB,25.45,2.68,1.0,<Residue MET het=  resseq=1 icode= >,1d8l_A_A,2.5
5,11.39,MET, ,CG,31.21,3.19,1.0,<Residue MET het=  resseq=1 icode= >,1d8l_A_A,2.5
6,42.04,MET, ,SD,37.2,4.27,1.0,<Residue MET het=  resseq=1 icode= >,1d8l_A_A,2.5
7,50.875,MET, ,CE,26.16,1.84,1.0,<Residue MET het=  resseq=1 icode= >,1d8l_A_A,2.5
8,0.0,ILE, ,N,25.53,3.46,1.0,<Residue ILE het=  resseq=2 icode= >,1d8l_A_A,2.5
9,4.681,ILE, ,CA,25.25,3.63,1.0,<Residue ILE het=  resseq=2 icode= >,1d8l_A_A,2.5
10,0.974,ILE, ,C,27.47,4.03,1.0,<Residue ILE het=  resseq=2 icode= >,1d8l_A_A,2.5
11,2.534,ILE, ,O,23.18,3.28,1.0,<Residue ILE het=  resseq=2 icode= >,1d8l_A_A,2.5
12,0.0,ILE, ,CB,26.47,3.65,1.0,<Residue ILE het=  resseq=2 icode= >,1d8l_A_A,2.5
13,9.097,ILE, ,CG1,23.42,2.41,1.0,<Residue ILE het=  resseq=2 icode= >,1d8l_A_A,2.5
14,6.609,ILE, ,CG2,30.66,1.61,1.0,<Residue ILE het=  resseq=2 icode= >,1d8l_A_A,2.5
15,21.806,ILE, ,CD1,28.37,0.75,1.0,<Residue ILE het=  resseq=2 icode= >,1d8l_A_A,2.5
16,6.814,GLY, ,N,26.12,3.47,1.0,<Residue GLY het=  resseq=3 icode= >,1d8l_A_A,2.5
17,23.582,GLY, ,CA,25.33,3.34,1.0,<Residue GLY het=  resseq=3 icode= >,1d8l_A_A,2.5
18,2.606,GLY, ,C,31.35,5.17,1.0,<Residue GLY het=  resseq=3 icode= >,1d8l_A_A,2.5
19,0.338,GLY, ,O,29.69,3.45,1.0,<Residue GLY het=  resseq=3 icode= >,1d8l_A_A,2.5
20,3.243,ARG, ,N,33.62,3.36,1.0,<Residue ARG het=  resseq=4 icode= >,1d8l_A_A,2.5
21,0.0,ARG, ,CA,32.04,3.85,1.0,<Residue ARG het=  resseq=4 icode= >,1d8l_A_A,2.5
22,0.942,ARG, ,C,31.54,4.74,1.0,<Residue ARG het=  resseq=4 icode= >,1d8l_A_A,2.5
23,17.219,ARG, ,O,33.28,2.55,1.0,<Residue ARG het=  resseq=4 icode= >,1d8l_A_A,2.5
24,16.452,ARG, ,CB,34.11,2.28,1.0,<Residue ARG het=  resseq=4 icode= >,1d8l_A_A,2.5
25,0.0,ARG, ,CG,37.31,2.36,1.0,<Residue ARG het=  resseq=4 icode= >,1d8l_A_A,2.5
26,7.739,ARG, ,CD,33.37,2.33,1.0,<Residue ARG het=  resseq=4 icode= >,1d8l_A_A,2.5
27,5.22,ARG, ,NE,35.18,2.82,1.0,<Residue ARG het=  resseq=4 icode= >,1d8l_A_A,2.5
28,4.31,ARG, ,CZ,34.79,4.19,1.0,<Residue ARG het=  resseq=4 icode= >,1d8l_A_A,2.5
29,36.988,ARG, ,NH1,34.29,2.40,1.0,<Residue ARG het=  resseq=4 icode= >,1d8l_A_A,2.5
30,27.935,ARG, ,NH2,33.5,2.62,1.0,<Residue ARG het=  resseq=4 icode= >,1d8l_A_A,2.5
31,0.0,LEU, ,N,28.91,3.92,1.0,<Residue LEU het=  resseq=5 icode= >,1d8l_A_A,2.5
32,1.273,LEU, ,CA,29.13,4.16,1.0,<Residue LEU het=  resseq=5 icode= >,1d8l_A_A,2.5
33,0.0,LEU, ,C,32.51,4.71,1.0,<Residue LEU het=  resseq=5 icode= >,1d8l_A_A,2.5
34,0.0,LEU, ,O,37.61,2.87,1.0,<Residue LEU het=  resseq=5 icode= >,1d8l_A_A,2.5
35,0.0,LEU, ,CB,29.84,2.53,1.0,<Residue LEU het=  resseq=5 icode= >,1d8l_A_A,2.5
36,0.0,LEU, ,CG,31.82,3.04,1.0,<Residue LEU het=  resseq=5 icode= >,1d8l_A_A,2.5
37,0.0,LEU, ,CD1,27.84,1.30,1.0,<Residue LEU het=  resseq=5 icode= >,1d8l_A_A,2.5
38,10.373,LEU, ,CD2,29.23,1.75,1.0,<Residue LEU het=  resseq=5 icode= >,1d8l_A_A,2.5
39,4.605,ARG, ,N,30.68,3.65,1.0,<Residue ARG het=  resseq=6 icode= >,1d8l_A_A,2.5
40,0.0,ARG, ,CA,29.84,3.35,1.0,<Residue ARG het=  resseq=6 icode= >,1d8l_A_A,2.5
41,0.0,ARG, ,C,27.63,4.30,1.0,<Residue ARG het=  resseq=6 icode= >,1d8l_A_A,2.5
42,8.698,ARG, ,O,27.87,2.84,1.0,<Residue ARG het=  resseq=6 icode= >,1d8l_A_A,2.5
43,6.806,ARG, ,CB,30.34,2.57,1.0,<Residue ARG het=  resseq=6 icode= >,1d8l_A_A,2.5
44,0.0,ARG, ,CG,31.12,1.99,1.0,<Residue ARG het=  resseq=6 icode= >,1d8l_A_A,2.5
45,7.564,ARG, ,CD,33.46,2.21,1.0,<Residue ARG het=  resseq=6 icode= >,1d8l_A_A,2.5
46,5.787,ARG, ,NE,37.66,2.67,1.0,<Residue ARG het=  resseq=6 icode= >,1d8l_A_A,2.5
47,5.119,ARG, ,CZ,38.8,4.06,1.0,<Residue ARG het=  resseq=6 icode= >,1d8l_A_A,2.5
48,30.163,ARG, ,NH1,38.41,2.26,1.0,<Residue ARG het=  resseq=6 icode= >,1d8l_A_A,2.5
49,59.13,ARG, ,NH2,36.06,2.53,1.0,<Residue ARG het=  resseq=6 icode= >,1d8l_A_A,2.5
50,0.0,GLY, ,N,26.91,3.90,1.0,<Residue GLY het=  resseq=7 icode= >,1d8l_A_A,2.5
51,7.903,GLY, ,CA,24.33,2.59,1.0,<Residue GLY het=  resseq=7 icode= >,1d8l_A_A,2.5
52,0.0,GLY, ,C,29.98,4.34,1.0,<Residue GLY het=  resseq=7 icode= >,1d8l_A_A,2.5
53,0.0,GLY, ,O,33.77,3.10,1.0,<Residue GLY het=  resseq=7 icode= >,1d8l_A_A,2.5
54,0.0,ILE, ,N,28.61,3.40,1.0,<Residue ILE het=  resseq=8 icode= >,1d8l_A_A,2.5
55,0.0,ILE, ,CA,28.26,3.22,1.0,<Residue ILE het=  resseq=8 icode= >,1d8l_A_A,2.5
56,0.0,ILE, ,C,29.19,4.42,1.0,<Residue ILE het=  resseq=8 icode= >,1d8l_A_A,2.5
57,0.0,ILE, ,O,34.56,2.84,1.0,<Residue ILE het=  resseq=8 icode= >,1d8l_A_A,2.5
58,0.27,ILE, ,CB,28.47,2.62,1.0,<Residue ILE het=  resseq=8 icode= >,1d8l_A_A,2.5
59,29.059,ILE, ,CG1,29.05,1.98,1.0,<Residue ILE het=  resseq=8 icode= >,1d8l_A_A,2.5
60,11.45,ILE, ,CG2,31.96,0.98,1.0,<Residue ILE het=  resseq=8 icode= >,1d8l_A_A,2.5
61,23.989,ILE, ,CD1,32.58,1.25,1.0,<Residue ILE het=  resseq=8 icode= >,1d8l_A_A,2.5
62,0.0,ILE, ,N,34.71,3.27,1.0,<Residue ILE het=  resseq=9 icode= >,1d8l_A_A,2.5
63,0.0,ILE, ,CA,36.37,3.10,1.0,<Residue ILE het=  resseq=9 icode= >,1d8l_A_A,2.5
64,0.0,ILE, ,C,37.42,5.11,1.0,<Residue ILE het=  resseq=9 icode= >,1d8l_A_A,2.5
65,1.034,ILE, ,O,38.79,2.83,1.0,<Residue ILE het=  resseq=9 icode= >,1d8l_A_A,2.5
66,0.0,ILE, ,CB,34.2,2.98,1.0,<Residue ILE het=  resseq=9 icode= >,1d8l_A_A,2.5
67,0.538,ILE, ,CG1,29.03,2.39,1.0,<Residue ILE het=  resseq=9 icode= >,1d8l_A_A,2.5
68,0.0,ILE, ,CG2,30.57,1.55,1.0,<Residue ILE het=  resseq=9 icode= >,1d8l_A_A,2.5
69,0.4,ILE, ,CD1,39.09,0.70,1.0,<Residue ILE het=  resseq=9 icode= >,1d8l_A_A,2.5
70,0.0,ILE, ,N,41.65,3.29,1.0,<Residue ILE het=  resseq=10 icode= >,1d8l_A_A,2.5
71,3.025,ILE, ,CA,41.56,3.16,1.0,<Residue ILE het=  resseq=10 icode= >,1d8l_A_A,2.5
72,0.0,ILE, ,C,42.44,3.57,1.0,<Residue ILE het=  resseq=10 icode= >,1d8l_A_A,2.5
73,16.922,ILE, ,O,47.88,2.00,1.0,<Residue ILE het=  resseq=10 icode= >,1d8l_A_A,2.5
74,0.0,ILE, ,CB,42.86,2.46,1.0,<Residue ILE het=  resseq=10 icode= >,1d8l_A_A,2.5
75,2.893,ILE, ,CG1,41.29,1.43,1.0,<Residue ILE het=  resseq=10 icode= >,1d8l_A_A,2.5
76,35.105,ILE, ,CG2,36.7,2.02,1.0,<Residue ILE het=  resseq=10 icode= >,1d8l_A_A,2.5
77,20.574,ILE, ,CD1,42.46,0.63,1.0,<Residue ILE het=  resseq=10 icode= >,1d8l_A_A,2.5
78,0.0,GLU, ,N,43.71,2.91,1.0,<Residue GLU het=  resseq=11 icode= >,1d8l_A_A,2.5
79,3.618,GLU, ,CA,45.43,2.65,1.0,<Residue GLU het=  resseq=11 icode= >,1d8l_A_A,2.5
80,0.0,GLU, ,C,46.97,3.54,1.0,<Residue GLU het=  resseq=11 icode= >,1d8l_A_A,2.5
81,0.511,GLU, ,O,48.11,2.37,1.0,<Residue GLU het=  resseq=11 icode= >,1d8l_A_A,2.5
82,16.409,GLU, ,CB,47.42,1.93,1.0,<Residue GLU het=  resseq=11 icode= >,1d8l_A_A,2.5
83,2.018,GLU, ,CG,55.99,1.57,1.0,<Residue GLU het=  resseq=11 icode= >,1d8l_A_A,2.5
84,7.16,GLU, ,CD,61.61,2.36,1.0,<Residue GLU het=  resseq=11 icode= >,1d8l_A_A,2.5
85,32.296,GLU, ,OE1,67.19,1.23,1.0,<Residue GLU het=  resseq=11 icode= >,1d8l_A_A,2.5
86,29.513,GLU, ,OE2,67.04,1.16,1.0,<Residue GLU het=  resseq=11 icode= >,1d8l_A_A,2.5
87,4.579,LYS, ,N,51.47,2.14,1.0,<Residue LYS het=  resseq=12 icode= >,1d8l_A_A,2.5
88,0.0,LYS, ,CA,52.96,2.08,1.0,<Residue LYS het=  resseq=12 icode= >,1d8l_A_A,2.5
89,0.0,LYS, ,C,55.67,2.59,1.0,<Residue LYS het=  resseq=12 icode= >,1d8l_A_A,2.5
90,24.575,LYS, ,O,60.37,1.42,1.0,<Residue LYS het=  resseq=12 icode= >,1d8l_A_A,2.5
91,9.874,LYS, ,CB,48.56,2.21,1.0,<Residue LYS het=  resseq=12 icode= >,1d8l_A_A,2.5
92,0.0,LYS, ,CG,54.46,1.69,1.0,<Residue LYS het=  resseq=12 icode= >,1d8l_A_A,2.5
93,5.071,LYS, ,CD,57.98,1.00,1.0,<Residue LYS het=  resseq=12 icode= >,1d8l_A_A,2.5
94,18.314,LYS, ,CE,58.01,1.42,1.0,<Residue LYS het=  resseq=12 icode= >,1d8l_A_A,2.5
95,10.267,LYS, ,NZ,58.82,1.74,1.0,<Residue LYS het=  resseq=12 icode= >,1d8l_A_A,2.5
96,0.0,GLN, ,N,55.14,1.97,1.0,<Residue GLN het=  resseq=13 icode= >,1d8l_A_A,2.5
97,4.292,GLN, ,CA,53.21,3.25,1.0,<Residue GLN het=  resseq=13 icode= >,1d8l_A_A,2.5
98,0.244,GLN, ,C,51.07,3.84,1.0,<Residue GLN het=  resseq=13 icode= >,1d8l_A_A,2.5
99,0.0,GLN, ,O,51.07,2.36,1.0,<Residue GLN het=  resseq=13 icode= >,1d8l_A_A,2.5
100,26.7,GLN, ,CB,59.88,2.03,1.0,<Residue GLN het=  resseq=13 icode= >,1d8l_A_A,2.5
101,5.307,GLN, ,CG,74.52,0.17,1.0,<Residue GLN het=  resseq=13 icode= >,1d8l_A_A,2.5
102,3.86,GLN, ,CD,81.11,0.51,1.0,<Residue GLN het=  resseq=13 icode= >,1d8l_A_A,2.5
103,17.202,GLN, ,OE1,82.5,0.55,1.0,<Residue GLN het=  resseq=13 icode= >,1d8l_A_A,2.5
104,39.445,GLN, ,NE2,82.03,0.39,1.0,<Residue GLN het=  resseq=13 icode= >,1d8l_A_A,2.5
105,0.0,PRO, ,N,49.34,3.49,1.0,<Residue PRO het=  resseq=14 icode= >,1d8l_A_A,2.5
106,0.0,PRO, ,CA,49.95,3.15,1.0,<Residue PRO het=  resseq=14 icode= >,1d8l_A_A,2.5
107,0.568,PRO, ,C,51.47,2.98,1.0,<Residue PRO het=  resseq=14 icode= >,1d8l_A_A,2.5
108,22.272,PRO, ,O,57.53,2.07,1.0,<Residue PRO het=  resseq=14 icode= >,1d8l_A_A,2.5
109,4.758,PRO, ,CB,45.9,2.25,1.0,<Residue PRO het=  resseq=14 icode= >,1d8l_A_A,2.5
110,16.755,PRO, ,CG,45.31,1.90,1.0,<Residue PRO het=  resseq=14 icode= >,1d8l_A_A,2.5
111,17.702,PRO, ,CD,46.89,2.29,1.0,<Residue PRO het=  resseq=14 icode= >,1d8l_A_A,2.5
112,0.0,PRO, ,N,47.47,3.23,1.0,<Residue PRO het=  resseq=15 icode= >,1d8l_A_A,2.5
113,0.0,PRO, ,CA,43.83,2.78,1.0,<Residue PRO het=  resseq=15 icode= >,1d8l_A_A,2.5
114,0.0,PRO, ,C,40.93,3.60,1.0,<Residue PRO het=  resseq=15 icode= >,1d8l_A_A,2.5
115,0.0,PRO, ,O,40.1,2.79,1.0,<Residue PRO het=  resseq=15 icode= >,1d8l_A_A,2.5
116,6.807,PRO, ,CB,44.25,2.19,1.0,<Residue PRO het=  resseq=15 icode= >,1d8l_A_A,2.5
117,26.728,PRO, ,CG,40.77,2.36,1.0,<Residue PRO het=  resseq=15 icode= >,1d8l_A_A,2.5
118,30.159,PRO, ,CD,44.36,2.05,1.0,<Residue PRO het=  resseq=15 icode= >,1d8l_A_A,2.5
119,0.0,LEU, ,N,39.24,2.94,1.0,<Residue LEU het=  resseq=16 icode= >,1d8l_A_A,2.5
120,0.0,LEU, ,CA,37.29,3.17,1.0,<Residue LEU het=  resseq=16 icode= >,1d8l_A_A,2.5
121,0.262,LEU, ,C,37.74,4.47,1.0,<Residue LEU het=  resseq=16 icode= >,1d8l_A_A,2.5
122,0.0,LEU, ,O,38.85,2.19,1.0,<Residue LEU het=  resseq=16 icode= >,1d8l_A_A,2.5
123,2.126,LEU, ,CB,37.34,2.26,1.0,<Residue LEU het=  resseq=16 icode= >,1d8l_A_A,2.5
124,5.291,LEU, ,CG,43.4,1.38,1.0,<Residue LEU het=  resseq=16 icode= >,1d8l_A_A,2.5
125,27.576,LEU, ,CD1,49.6,0.50,1.0,<Residue LEU het=  resseq=16 icode= >,1d8l_A_A,2.5
126,0.462,LEU, ,CD2,49.14,0.75,1.0,<Residue LEU het=  resseq=16 icode= >,1d8l_A_A,2.5
127,0.0,VAL, ,N,37.17,2.96,1.0,<Residue VAL het=  resseq=17 icode= >,1d8l_A_A,2.5
128,0.167,VAL, ,CA,34.22,3.28,1.0,<Residue VAL het=  resseq=17 icode= >,1d8l_A_A,2.5
129,0.349,VAL, ,C,35.8,3.83,1.0,<Residue VAL het=  resseq=17 icode= >,1d8l_A_A,2.5
130,0.0,VAL, ,O,42.41,2.17,1.0,<Residue VAL het=  resseq=17 icode= >,1d8l_A_A,2.5
131,0.0,VAL, ,CB,35.9,2.77,1.0,<Residue VAL het=  resseq=17 icode= >,1d8l_A_A,2.5
132,0.957,VAL, ,CG1,34.34,1.28,1.0,<Residue VAL het=  resseq=17 icode= >,1d8l_A_A,2.5
133,0.0,VAL, ,CG2,38.66,1.25,1.0,<Residue VAL het=  resseq=17 icode= >,1d8l_A_A,2.5
134,1.143,LEU, ,N,32.51,3.55,1.0,<Residue LEU het=  resseq=18 icode= >,1d8l_A_A,2.5
135,0.0,LEU, ,CA,28.99,3.66,1.0,<Residue LEU het=  resseq=18 icode= >,1d8l_A_A,2.5
136,0.0,LEU, ,C,30.3,3.70,1.0,<Residue LEU het=  resseq=18 icode= >,1d8l_A_A,2.5
137,0.0,LEU, ,O,27.53,3.12,1.0,<Residue LEU het=  resseq=18 icode= >,1d8l_A_A,2.5
138,3.65,LEU, ,CB,33.01,2.21,1.0,<Residue LEU het=  resseq=18 icode= >,1d8l_A_A,2.5
139,0.0,LEU, ,CG,33.32,2.63,1.0,<Residue LEU het=  resseq=18 icode= >,1d8l_A_A,2.5
140,10.563,LEU, ,CD1,35.66,1.34,1.0,<Residue LEU het=  resseq=18 icode= >,1d8l_A_A,2.5
141,33.166,LEU, ,CD2,32.14,1.34,1.0,<Residue LEU het=  resseq=18 icode= >,1d8l_A_A,2.5
142,0.0,ILE, ,N,30.38,3.22,1.0,<Residue ILE het=  resseq=19 icode= >,1d8l_A_A,2.5
143,0.0,ILE, ,CA,29.5,3.77,1.0,<Residue ILE het=  resseq=19 icode= >,1d8l_A_A,2.5
144,0.0,ILE, ,C,27.72,4.26,1.0,<Residue ILE het=  resseq=19 icode= >,1d8l_A_A,2.5
145,0.0,ILE, ,O,31.42,2.93,1.0,<Residue ILE het=  resseq=19 icode= >,1d8l_A_A,2.5
146,0.076,ILE, ,CB,33.17,3.47,1.0,<Residue ILE het=  resseq=19 icode= >,1d8l_A_A,2.5
147,0.0,ILE, ,CG1,40.64,1.65,1.0,<Residue ILE het=  resseq=19 icode= >,1d8l_A_A,2.5
148,0.537,ILE, ,CG2,38.59,1.55,1.0,<Residue ILE het=  resseq=19 icode= >,1d8l_A_A,2.5
149,0.704,ILE, ,CD1,45.19,0.48,1.0,<Residue ILE het=  resseq=19 icode= >,1d8l_A_A,2.5
150,0.0,GLU, ,N,30.17,3.14,1.0,<Residue GLU het=  resseq=20 icode= >,1d8l_A_A,2.5
151,0.0,GLU, ,CA,30.82,3.45,1.0,<Residue GLU het=  resseq=20 icode= >,1d8l_A_A,2.5
152,0.0,GLU, ,C,30.55,3.91,1.0,<Residue GLU het=  resseq=20 icode= >,1d8l_A_A,2.5
153,3.427,GLU, ,O,35.22,2.25,1.0,<Residue GLU het=  resseq=20 icode= >,1d8l_A_A,2.5
154,0.0,GLU, ,CB,28.9,2.44,1.0,<Residue GLU het=  resseq=20 icode= >,1d8l_A_A,2.5
155,0.744,GLU, ,CG,34.62,2.80,1.0,<Residue GLU het=  resseq=20 icode= >,1d8l_A_A,2.5
156,2.25,GLU, ,CD,34.75,4.05,1.0,<Residue GLU het=  resseq=20 icode= >,1d8l_A_A,2.5
157,25.106,GLU, ,OE1,38.19,2.78,1.0,<Residue GLU het=  resseq=20 icode= >,1d8l_A_A,2.5
158,31.352,GLU, ,OE2,37.05,2.36,1.0,<Residue GLU het=  resseq=20 icode= >,1d8l_A_A,2.5
159,0.0,VAL, ,N,31.84,3.02,1.0,<Residue VAL het=  resseq=21 icode= >,1d8l_A_A,2.5
160,1.783,VAL, ,CA,31.8,3.03,1.0,<Residue VAL het=  resseq=21 icode= >,1d8l_A_A,2.5
161,0.337,VAL, ,C,36.63,4.17,1.0,<Residue VAL het=  resseq=21 icode= >,1d8l_A_A,2.5
162,2.719,VAL, ,O,44.24,2.50,1.0,<Residue VAL het=  resseq=21 icode= >,1d8l_A_A,2.5
163,0.098,VAL, ,CB,30.79,2.81,1.0,<Residue VAL het=  resseq=21 icode= >,1d8l_A_A,2.5
164,40.422,VAL, ,CG1,28.03,1.52,1.0,<Residue VAL het=  resseq=21 icode= >,1d8l_A_A,2.5
165,0.0,VAL, ,CG2,23.88,2.03,1.0,<Residue VAL het=  resseq=21 icode= >,1d8l_A_A,2.5
166,13.844,GLY, ,N,37.08,3.25,1.0,<Residue GLY het=  resseq=22 icode= >,1d8l_A_A,2.5
167,44.119,GLY, ,CA,34.6,2.33,1.0,<Residue GLY het=  resseq=22 icode= >,1d8l_A_A,2.5
168,5.27,GLY, ,C,36.0,3.24,1.0,<Residue GLY het=  resseq=22 icode= >,1d8l_A_A,2.5
169,13.677,GLY, ,O,40.89,2.12,1.0,<Residue GLY het=  resseq=22 icode= >,1d8l_A_A,2.5
170,10.443,GLY, ,N,34.52,3.10,1.0,<Residue GLY het=  resseq=23 icode= >,1d8l_A_A,2.5
171,29.567,GLY, ,CA,24.91,2.60,1.0,<Residue GLY het=  resseq=23 icode= >,1d8l_A_A,2.5
172,2.965,GLY, ,C,26.04,4.52,1.0,<Residue GLY het=  resseq=23 icode= >,1d8l_A_A,2.5
173,24.013,GLY, ,O,30.04,3.15,1.0,<Residue GLY het=  resseq=23 icode= >,1d8l_A_A,2.5
174,0.0,VAL, ,N,21.47,3.67,1.0,<Residue VAL het=  resseq=24 icode= >,1d8l_A_A,2.5
175,3.843,VAL, ,CA,19.71,3.37,1.0,<Residue VAL het=  resseq=24 icode= >,1d8l_A_A,2.5
176,0.0,VAL, ,C,21.94,4.52,1.0,<Residue VAL het=  resseq=24 icode= >,1d8l_A_A,2.5
177,0.0,VAL, ,O,19.54,4.05,1.0,<Residue VAL het=  resseq=24 icode= >,1d8l_A_A,2.5
178,0.856,VAL, ,CB,20.68,3.14,1.0,<Residue VAL het=  resseq=24 icode= >,1d8l_A_A,2.5
179,21.903,VAL, ,CG1,18.36,2.35,1.0,<Residue VAL het=  resseq=24 icode= >,1d8l_A_A,2.5
180,56.112,VAL, ,CG2,18.06,1.92,1.0,<Residue VAL het=  resseq=24 icode= >,1d8l_A_A,2.5
181,8.938,GLY, ,N,20.48,3.96,1.0,<Residue GLY het=  resseq=25 icode= >,1d8l_A_A,2.5
182,10.806,GLY, ,CA,21.8,3.32,1.0,<Residue GLY het=  resseq=25 icode= >,1d8l_A_A,2.5
183,0.0,GLY, ,C,27.82,4.96,1.0,<Residue GLY het=  resseq=25 icode= >,1d8l_A_A,2.5
184,22.673,GLY, ,O,31.43,3.33,1.0,<Residue GLY het=  resseq=25 icode= >,1d8l_A_A,2.5
185,0.0,TYR, ,N,27.46,3.49,1.0,<Residue TYR het=  resseq=26 icode= >,1d8l_A_A,2.5
186,1.582,TYR, ,CA,24.83,4.16,1.0,<Residue TYR het=  resseq=26 icode= >,1d8l_A_A,2.5
187,0.0,TYR, ,C,27.73,4.62,1.0,<Residue TYR het=  resseq=26 icode= >,1d8l_A_A,2.5
188,0.0,TYR, ,O,33.71,2.98,1.0,<Residue TYR het=  resseq=26 icode= >,1d8l_A_A,2.5
189,0.0,TYR, ,CB,23.0,2.66,1.0,<Residue TYR het=  resseq=26 icode= >,1d8l_A_A,2.5
190,0.0,TYR, ,CG,23.24,3.71,1.0,<Residue TYR het=  resseq=26 icode= >,1d8l_A_A,2.5
191,9.392,TYR, ,CD1,22.77,3.32,1.0,<Residue TYR het=  resseq=26 icode= >,1d8l_A_A,2.5
192,0.0,TYR, ,CD2,27.8,2.72,1.0,<Residue TYR het=  resseq=26 icode= >,1d8l_A_A,2.5
193,17.767,TYR, ,CE1,20.66,3.17,1.0,<Residue TYR het=  resseq=26 icode= >,1d8l_A_A,2.5
194,4.089,TYR, ,CE2,27.37,2.47,1.0,<Residue TYR het=  resseq=26 icode= >,1d8l_A_A,2.5
195,0.195,TYR, ,CZ,26.32,3.51,1.0,<Residue TYR het=  resseq=26 icode= >,1d8l_A_A,2.5
196,31.676,TYR, ,OH,35.97,1.83,1.0,<Residue TYR het=  resseq=26 icode= >,1d8l_A_A,2.5
197,6.367,GLU, ,N,26.98,3.27,1.0,<Residue GLU het=  resseq=27 icode= >,1d8l_A_A,2.5
198,0.0,GLU, ,CA,28.46,3.24,1.0,<Residue GLU het=  resseq=27 icode= >,1d8l_A_A,2.5
199,0.0,GLU, ,C,29.7,4.31,1.0,<Residue GLU het=  resseq=27 icode= >,1d8l_A_A,2.5
200,5.523,GLU, ,O,33.07,2.86,1.0,<Residue GLU het=  resseq=27 icode= >,1d8l_A_A,2.5
201,8.811,GLU, ,CB,26.28,2.44,1.0,<Residue GLU het=  resseq=27 icode= >,1d8l_A_A,2.5
202,7.022,GLU, ,CG,34.88,2.13,1.0,<Residue GLU het=  resseq=27 icode= >,1d8l_A_A,2.5
203,8.132,GLU, ,CD,40.81,3.12,1.0,<Residue GLU het=  resseq=27 icode= >,1d8l_A_A,2.5
204,25.426,GLU, ,OE1,45.19,1.63,1.0,<Residue GLU het=  resseq=27 icode= >,1d8l_A_A,2.5
205,40.22,GLU, ,OE2,45.46,1.99,1.0,<Residue GLU het=  resseq=27 icode= >,1d8l_A_A,2.5
206,0.0,VAL, ,N,30.48,3.89,1.0,<Residue VAL het=  resseq=28 icode= >,1d8l_A_A,2.5
207,0.0,VAL, ,CA,28.58,3.65,1.0,<Residue VAL het=  resseq=28 icode= >,1d8l_A_A,2.5
208,0.0,VAL, ,C,30.36,4.47,1.0,<Residue VAL het=  resseq=28 icode= >,1d8l_A_A,2.5
209,0.0,VAL, ,O,29.86,3.03,1.0,<Residue VAL het=  resseq=28 icode= >,1d8l_A_A,2.5
210,0.0,VAL, ,CB,25.56,2.79,1.0,<Residue VAL het=  resseq=28 icode= >,1d8l_A_A,2.5
211,0.0,VAL, ,CG1,27.89,1.26,1.0,<Residue VAL het=  resseq=28 icode= >,1d8l_A_A,2.5
212,0.0,VAL, ,CG2,22.2,1.82,1.0,<Residue VAL het=  resseq=28 icode= >,1d8l_A_A,2.5
213,0.0,HIS, ,N,30.77,3.24,1.0,<Residue HIS het=  resseq=29 icode= >,1d8l_A_A,2.5
214,0.0,HIS, ,CA,27.28,3.68,1.0,<Residue HIS het=  resseq=29 icode= >,1d8l_A_A,2.5
215,0.0,HIS, ,C,29.26,4.29,1.0,<Residue HIS het=  resseq=29 icode= >,1d8l_A_A,2.5
216,0.0,HIS, ,O,29.73,3.05,1.0,<Residue HIS het=  resseq=29 icode= >,1d8l_A_A,2.5
217,0.0,HIS, ,CB,24.83,3.09,1.0,<Residue HIS het=  resseq=29 icode= >,1d8l_A_A,2.5
218,0.0,HIS, ,CG,30.76,4.04,1.0,<Residue HIS het=  resseq=29 icode= >,1d8l_A_A,2.5
219,8.3,HIS, ,ND1,32.5,3.23,1.0,<Residue HIS het=  resseq=29 icode= >,1d8l_A_A,2.5
220,0.052,HIS, ,CD2,34.13,2.50,1.0,<Residue HIS het=  resseq=29 icode= >,1d8l_A_A,2.5
221,26.547,HIS, ,CE1,38.61,2.60,1.0,<Residue HIS het=  resseq=29 icode= >,1d8l_A_A,2.5
222,2.882,HIS, ,NE2,36.96,2.44,1.0,<Residue HIS het=  resseq=29 icode= >,1d8l_A_A,2.5
223,0.0,MET, ,N,31.16,3.40,1.0,<Residue MET het=  resseq=30 icode= >,1d8l_A_A,2.5
224,0.0,MET, ,CA,33.51,3.37,1.0,<Residue MET het=  resseq=30 icode= >,1d8l_A_A,2.5
225,0.0,MET, ,C,34.72,4.07,1.0,<Residue MET het=  resseq=30 icode= >,1d8l_A_A,2.5
226,0.764,MET, ,O,36.35,2.92,1.0,<Residue MET het=  resseq=30 icode= >,1d8l_A_A,2.5
227,0.0,MET, ,CB,36.48,1.92,1.0,<Residue MET het=  resseq=30 icode= >,1d8l_A_A,2.5
228,0.0,MET, ,CG,42.64,1.90,1.0,<Residue MET het=  resseq=30 icode= >,1d8l_A_A,2.5
229,0.0,MET, ,SD,46.38,4.37,1.0,<Residue MET het=  resseq=30 icode= >,1d8l_A_A,2.5
230,0.762,MET, ,CE,46.28,0.57,1.0,<Residue MET het=  resseq=30 icode= >,1d8l_A_A,2.5
231,0.0,PRO, ,N,33.43,3.89,1.0,<Residue PRO het=  resseq=31 icode= >,1d8l_A_A,2.5
232,0.248,PRO, ,CA,32.54,3.30,1.0,<Residue PRO het=  resseq=31 icode= >,1d8l_A_A,2.5
233,0.0,PRO, ,C,36.4,3.61,1.0,<Residue PRO het=  resseq=31 icode= >,1d8l_A_A,2.5
234,0.0,PRO, ,O,33.09,2.87,1.0,<Residue PRO het=  resseq=31 icode= >,1d8l_A_A,2.5
235,0.323,PRO, ,CB,34.18,1.92,1.0,<Residue PRO het=  resseq=31 icode= >,1d8l_A_A,2.5
236,0.341,PRO, ,CG,36.69,1.96,1.0,<Residue PRO het=  resseq=31 icode= >,1d8l_A_A,2.5
237,0.0,PRO, ,CD,33.12,2.65,1.0,<Residue PRO het=  resseq=31 icode= >,1d8l_A_A,2.5
238,0.159,MET, ,N,43.31,2.32,1.0,<Residue MET het=  resseq=32 icode= >,1d8l_A_A,2.5
239,0.0,MET, ,CA,50.57,1.99,1.0,<Residue MET het=  resseq=32 icode= >,1d8l_A_A,2.5
240,0.0,MET, ,C,50.03,2.68,1.0,<Residue MET het=  resseq=32 icode= >,1d8l_A_A,2.5
241,0.3,MET, ,O,51.54,2.06,1.0,<Residue MET het=  resseq=32 icode= >,1d8l_A_A,2.5
242,7.62,MET, ,CB,55.33,1.55,1.0,<Residue MET het=  resseq=32 icode= >,1d8l_A_A,2.5
243,19.382,MET, ,CG,64.97,1.22,1.0,<Residue MET het=  resseq=32 icode= >,1d8l_A_A,2.5
244,12.794,MET, ,SD,73.31,1.82,1.0,<Residue MET het=  resseq=32 icode= >,1d8l_A_A,2.5
245,44.744,MET, ,CE,71.69,0.93,1.0,<Residue MET het=  resseq=32 icode= >,1d8l_A_A,2.5
246,0.175,THR, ,N,48.05,2.78,1.0,<Residue THR het=  resseq=33 icode= >,1d8l_A_A,2.5
247,0.0,THR, ,CA,50.71,2.28,1.0,<Residue THR het=  resseq=33 icode= >,1d8l_A_A,2.5
248,0.015,THR, ,C,54.01,2.53,1.0,<Residue THR het=  resseq=33 icode= >,1d8l_A_A,2.5
249,0.672,THR, ,O,55.21,1.67,1.0,<Residue THR het=  resseq=33 icode= >,1d8l_A_A,2.5
250,14.362,THR, ,CB,49.81,2.07,1.0,<Residue THR het=  resseq=33 icode= >,1d8l_A_A,2.5
251,9.668,THR, ,OG1,50.95,1.16,1.0,<Residue THR het=  resseq=33 icode= >,1d8l_A_A,2.5
252,16.511,THR, ,CG2,50.42,0.78,1.0,<Residue THR het=  resseq=33 icode= >,1d8l_A_A,2.5
253,0.0,CYS, ,N,57.58,2.12,1.0,<Residue CYS het=  resseq=34 icode= >,1d8l_A_A,2.5
254,0.149,CYS, ,CA,57.66,2.39,1.0,<Residue CYS het=  resseq=34 icode= >,1d8l_A_A,2.5
255,0.0,CYS, ,C,56.28,2.75,1.0,<Residue CYS het=  resseq=34 icode= >,1d8l_A_A,2.5
256,0.0,CYS, ,O,55.32,1.87,1.0,<Residue CYS het=  resseq=34 icode= >,1d8l_A_A,2.5
257,0.0,CYS, ,CB,59.03,1.68,1.0,<Residue CYS het=  resseq=34 icode= >,1d8l_A_A,2.5
258,0.625,CYS, ,SG,60.89,2.68,1.0,<Residue CYS het=  resseq=34 icode= >,1d8l_A_A,2.5
259,0.0,PHE, ,N,54.53,2.76,1.0,<Residue PHE het=  resseq=35 icode= >,1d8l_A_A,2.5
260,0.0,PHE, ,CA,55.24,2.82,1.0,<Residue PHE het=  resseq=35 icode= >,1d8l_A_A,2.5
261,0.0,PHE, ,C,60.11,2.36,1.0,<Residue PHE het=  resseq=35 icode= >,1d8l_A_A,2.5
262,14.323,PHE, ,O,64.39,1.04,1.0,<Residue PHE het=  resseq=35 icode= >,1d8l_A_A,2.5
263,10.126,PHE, ,CB,48.14,2.26,1.0,<Residue PHE het=  resseq=35 icode= >,1d8l_A_A,2.5
264,0.0,PHE, ,CG,50.13,2.58,1.0,<Residue PHE het=  resseq=35 icode= >,1d8l_A_A,2.5
265,0.0,PHE, ,CD1,49.46,1.99,1.0,<Residue PHE het=  resseq=35 icode= >,1d8l_A_A,2.5
266,1.518,PHE, ,CD2,49.9,1.50,1.0,<Residue PHE het=  resseq=35 icode= >,1d8l_A_A,2.5
267,0.0,PHE, ,CE1,52.31,2.01,1.0,<Residue PHE het=  resseq=35 icode= >,1d8l_A_A,2.5
268,0.0,PHE, ,CE2,51.5,1.06,1.0,<Residue PHE het=  resseq=35 icode= >,1d8l_A_A,2.5
269,0.0,PHE, ,CZ,53.5,1.48,1.0,<Residue PHE het=  resseq=35 icode= >,1d8l_A_A,2.5
270,0.0,TYR, ,N,61.08,2.36,1.0,<Residue TYR het=  resseq=36 icode= >,1d8l_A_A,2.5
271,6.255,TYR, ,CA,63.86,2.08,1.0,<Residue TYR het=  resseq=36 icode= >,1d8l_A_A,2.5
272,1.517,TYR, ,C,64.82,2.03,1.0,<Residue TYR het=  resseq=36 icode= >,1d8l_A_A,2.5
273,30.373,TYR, ,O,66.97,0.80,1.0,<Residue TYR het=  resseq=36 icode= >,1d8l_A_A,2.5
274,17.186,TYR, ,CB,66.46,1.11,1.0,<Residue TYR het=  resseq=36 icode= >,1d8l_A_A,2.5
275,2.136,TYR, ,CG,69.2,1.41,1.0,<Residue TYR het=  resseq=36 icode= >,1d8l_A_A,2.5
276,18.188,TYR, ,CD1,68.75,1.22,1.0,<Residue TYR het=  resseq=36 icode= >,1d8l_A_A,2.5
277,13.653,TYR, ,CD2,69.01,1.23,1.0,<Residue TYR het=  resseq=36 icode= >,1d8l_A_A,2.5
278,28.915,TYR, ,CE1,72.92,0.89,1.0,<Residue TYR het=  resseq=36 icode= >,1d8l_A_A,2.5
279,17.004,TYR, ,CE2,72.56,1.22,1.0,<Residue TYR het=  resseq=36 icode= >,1d8l_A_A,2.5
280,5.212,TYR, ,CZ,75.49,1.06,1.0,<Residue TYR het=  resseq=36 icode= >,1d8l_A_A,2.5
281,34.831,TYR, ,OH,81.79,0.35,1.0,<Residue TYR het=  resseq=36 icode= >,1d8l_A_A,2.5
282,0.0,GLU, ,N,65.65,1.55,1.0,<Residue GLU het=  resseq=37 icode= >,1d8l_A_A,2.5
283,6.981,GLU, ,CA,61.89,2.13,1.0,<Residue GLU het=  resseq=37 icode= >,1d8l_A_A,2.5
284,2.15,GLU, ,C,56.43,3.30,1.0,<Residue GLU het=  resseq=37 icode= >,1d8l_A_A,2.5
285,20.668,GLU, ,O,54.32,2.41,1.0,<Residue GLU het=  resseq=37 icode= >,1d8l_A_A,2.5
286,8.175,GLU, ,CB,68.01,1.02,1.0,<Residue GLU het=  resseq=37 icode= >,1d8l_A_A,2.5
287,33.727,GLU, ,CG,78.67,0.41,1.0,<Residue GLU het=  resseq=37 icode= >,1d8l_A_A,2.5
288,8.096,GLU, ,CD,85.88,0.31,1.0,<Residue GLU het=  resseq=37 icode= >,1d8l_A_A,2.5
289,5.224,GLU, ,OE1,89.89,-0.25,1.0,<Residue GLU het=  resseq=37 icode= >,1d8l_A_A,2.5
290,20.218,GLU, ,OE2,88.16,0.08,1.0,<Residue GLU het=  resseq=37 icode= >,1d8l_A_A,2.5
291,0.0,LEU, ,N,50.21,3.31,1.0,<Residue LEU het=  resseq=38 icode= >,1d8l_A_A,2.5
292,0.036,LEU, ,CA,49.99,2.69,1.0,<Residue LEU het=  resseq=38 icode= >,1d8l_A_A,2.5
293,1.469,LEU, ,C,50.2,3.02,1.0,<Residue LEU het=  resseq=38 icode= >,1d8l_A_A,2.5
294,13.968,LEU, ,O,51.74,2.10,1.0,<Residue LEU het=  resseq=38 icode= >,1d8l_A_A,2.5
295,0.0,LEU, ,CB,45.4,1.90,1.0,<Residue LEU het=  resseq=38 icode= >,1d8l_A_A,2.5
296,0.0,LEU, ,CG,44.15,2.55,1.0,<Residue LEU het=  resseq=38 icode= >,1d8l_A_A,2.5
297,0.0,LEU, ,CD1,45.44,0.68,1.0,<Residue LEU het=  resseq=38 icode= >,1d8l_A_A,2.5
298,2.117,LEU, ,CD2,34.34,1.61,1.0,<Residue LEU het=  resseq=38 icode= >,1d8l_A_A,2.5
299,0.095,PRO, ,N,47.74,2.93,1.0,<Residue PRO het=  resseq=39 icode= >,1d8l_A_A,2.5
300,13.509,PRO, ,CA,45.04,2.91,1.0,<Residue PRO het=  resseq=39 icode= >,1d8l_A_A,2.5
301,0.0,PRO, ,C,43.3,4.07,1.0,<Residue PRO het=  resseq=39 icode= >,1d8l_A_A,2.5
302,0.0,PRO, ,O,45.91,2.68,1.0,<Residue PRO het=  resseq=39 icode= >,1d8l_A_A,2.5
303,9.336,PRO, ,CB,41.25,1.69,1.0,<Residue PRO het=  resseq=39 icode= >,1d8l_A_A,2.5
304,21.996,PRO, ,CG,40.55,1.50,1.0,<Residue PRO het=  resseq=39 icode= >,1d8l_A_A,2.5
305,7.96,PRO, ,CD,45.32,1.69,1.0,<Residue PRO het=  resseq=39 icode= >,1d8l_A_A,2.5
306,4.564,GLU, ,N,46.0,2.59,1.0,<Residue GLU het=  resseq=40 icode= >,1d8l_A_A,2.5
307,2.596,GLU, ,CA,51.25,2.46,1.0,<Residue GLU het=  resseq=40 icode= >,1d8l_A_A,2.5
308,0.0,GLU, ,C,51.28,3.15,1.0,<Residue GLU het=  resseq=40 icode= >,1d8l_A_A,2.5
309,0.0,GLU, ,O,50.86,1.85,1.0,<Residue GLU het=  resseq=40 icode= >,1d8l_A_A,2.5
310,28.029,GLU, ,CB,56.35,1.57,1.0,<Residue GLU het=  resseq=40 icode= >,1d8l_A_A,2.5
311,10.741,GLU, ,CG,67.52,1.25,1.0,<Residue GLU het=  resseq=40 icode= >,1d8l_A_A,2.5
312,10.204,GLU, ,CD,74.52,1.51,1.0,<Residue GLU het=  resseq=40 icode= >,1d8l_A_A,2.5
313,22.27,GLU, ,OE1,79.23,0.90,1.0,<Residue GLU het=  resseq=40 icode= >,1d8l_A_A,2.5
314,40.208,GLU, ,OE2,76.21,1.53,1.0,<Residue GLU het=  resseq=40 icode= >,1d8l_A_A,2.5
315,3.032,ALA, ,N,47.97,3.12,1.0,<Residue ALA het=  resseq=41 icode= >,1d8l_A_A,2.5
316,0.0,ALA, ,CA,45.77,3.14,1.0,<Residue ALA het=  resseq=41 icode= >,1d8l_A_A,2.5
317,1.139,ALA, ,C,44.69,3.82,1.0,<Residue ALA het=  resseq=41 icode= >,1d8l_A_A,2.5
318,18.122,ALA, ,O,47.83,1.82,1.0,<Residue ALA het=  resseq=41 icode= >,1d8l_A_A,2.5
319,38.007,ALA, ,CB,46.33,1.07,1.0,<Residue ALA het=  resseq=41 icode= >,1d8l_A_A,2.5
320,0.559,GLY, ,N,44.66,2.72,1.0,<Residue GLY het=  resseq=42 icode= >,1d8l_A_A,2.5
321,27.495,GLY, ,CA,41.43,2.48,1.0,<Residue GLY het=  resseq=42 icode= >,1d8l_A_A,2.5
322,0.0,GLY, ,C,41.03,3.58,1.0,<Residue GLY het=  resseq=42 icode= >,1d8l_A_A,2.5
323,18.06,GLY, ,O,40.88,2.99,1.0,<Residue GLY het=  resseq=42 icode= >,1d8l_A_A,2.5
324,0.0,GLN, ,N,38.64,3.37,1.0,<Residue GLN het=  resseq=43 icode= >,1d8l_A_A,2.5
325,2.523,GLN, ,CA,39.14,2.91,1.0,<Residue GLN het=  resseq=43 icode= >,1d8l_A_A,2.5
326,0.0,GLN, ,C,37.05,4.34,1.0,<Residue GLN het=  resseq=43 icode= >,1d8l_A_A,2.5
327,0.0,GLN, ,O,39.05,3.03,1.0,<Residue GLN het=  resseq=43 icode= >,1d8l_A_A,2.5
328,5.404,GLN, ,CB,47.7,1.45,1.0,<Residue GLN het=  resseq=43 icode= >,1d8l_A_A,2.5
329,2.189,GLN, ,CG,50.98,1.51,1.0,<Residue GLN het=  resseq=43 icode= >,1d8l_A_A,2.5
330,3.68,GLN, ,CD,50.32,3.30,1.0,<Residue GLN het=  resseq=43 icode= >,1d8l_A_A,2.5
331,37.358,GLN, ,OE1,46.39,2.53,1.0,<Residue GLN het=  resseq=43 icode= >,1d8l_A_A,2.5
332,42.865,GLN, ,NE2,51.12,1.80,1.0,<Residue GLN het=  resseq=43 icode= >,1d8l_A_A,2.5
333,3.994,GLU, ,N,34.03,3.41,1.0,<Residue GLU het=  resseq=44 icode= >,1d8l_A_A,2.5
334,0.0,GLU, ,CA,33.96,3.28,1.0,<Residue GLU het=  resseq=44 icode= >,1d8l_A_A,2.5
335,0.523,GLU, ,C,37.99,3.34,1.0,<Residue GLU het=  resseq=44 icode= >,1d8l_A_A,2.5
336,12.213,GLU, ,O,40.78,2.39,1.0,<Residue GLU het=  resseq=44 icode= >,1d8l_A_A,2.5
337,19.601,GLU, ,CB,33.25,2.12,1.0,<Residue GLU het=  resseq=44 icode= >,1d8l_A_A,2.5
338,0.895,GLU, ,CG,39.67,1.74,1.0,<Residue GLU het=  resseq=44 icode= >,1d8l_A_A,2.5
339,5.362,GLU, ,CD,45.19,2.58,1.0,<Residue GLU het=  resseq=44 icode= >,1d8l_A_A,2.5
340,16.223,GLU, ,OE1,46.36,2.01,1.0,<Residue GLU het=  resseq=44 icode= >,1d8l_A_A,2.5
341,24.308,GLU, ,OE2,51.37,1.55,1.0,<Residue GLU het=  resseq=44 icode= >,1d8l_A_A,2.5
342,0.0,ALA, ,N,36.39,2.67,1.0,<Residue ALA het=  resseq=45 icode= >,1d8l_A_A,2.5
343,3.429,ALA, ,CA,33.25,3.04,1.0,<Residue ALA het=  resseq=45 icode= >,1d8l_A_A,2.5
344,0.0,ALA, ,C,33.45,4.09,1.0,<Residue ALA het=  resseq=45 icode= >,1d8l_A_A,2.5
345,0.0,ALA, ,O,34.46,2.70,1.0,<Residue ALA het=  resseq=45 icode= >,1d8l_A_A,2.5
346,1.357,ALA, ,CB,25.35,2.04,1.0,<Residue ALA het=  resseq=45 icode= >,1d8l_A_A,2.5
347,6.183,ILE, ,N,32.75,3.66,1.0,<Residue ILE het=  resseq=46 icode= >,1d8l_A_A,2.5
348,0.0,ILE, ,CA,29.07,3.98,1.0,<Residue ILE het=  resseq=46 icode= >,1d8l_A_A,2.5
349,0.0,ILE, ,C,34.63,4.73,1.0,<Residue ILE het=  resseq=46 icode= >,1d8l_A_A,2.5
350,10.934,ILE, ,O,35.71,3.16,1.0,<Residue ILE het=  resseq=46 icode= >,1d8l_A_A,2.5
351,6.617,ILE, ,CB,27.59,3.14,1.0,<Residue ILE het=  resseq=46 icode= >,1d8l_A_A,2.5
352,3.027,ILE, ,CG1,31.04,2.30,1.0,<Residue ILE het=  resseq=46 icode= >,1d8l_A_A,2.5
353,3.285,ILE, ,CG2,30.07,1.84,1.0,<Residue ILE het=  resseq=46 icode= >,1d8l_A_A,2.5
354,48.511,ILE, ,CD1,32.9,0.89,1.0,<Residue ILE het=  resseq=46 icode= >,1d8l_A_A,2.5
355,0.0,VAL, ,N,35.93,3.22,1.0,<Residue VAL het=  resseq=47 icode= >,1d8l_A_A,2.5
356,0.0,VAL, ,CA,32.71,3.14,1.0,<Residue VAL het=  resseq=47 icode= >,1d8l_A_A,2.5
357,0.0,VAL, ,C,30.0,4.70,1.0,<Residue VAL het=  resseq=47 icode= >,1d8l_A_A,2.5
358,0.0,VAL, ,O,26.35,4.24,1.0,<Residue VAL het=  resseq=47 icode= >,1d8l_A_A,2.5
359,0.0,VAL, ,CB,28.76,3.94,1.0,<Residue VAL het=  resseq=47 icode= >,1d8l_A_A,2.5
360,1.068,VAL, ,CG1,28.88,1.90,1.0,<Residue VAL het=  resseq=47 icode= >,1d8l_A_A,2.5
361,0.0,VAL, ,CG2,33.58,1.26,1.0,<Residue VAL het=  resseq=47 icode= >,1d8l_A_A,2.5
362,0.0,PHE, ,N,32.62,3.20,1.0,<Residue PHE het=  resseq=48 icode= >,1d8l_A_A,2.5
363,0.0,PHE, ,CA,34.26,2.72,1.0,<Residue PHE het=  resseq=48 icode= >,1d8l_A_A,2.5
364,0.0,PHE, ,C,32.14,4.77,1.0,<Residue PHE het=  resseq=48 icode= >,1d8l_A_A,2.5
365,0.0,PHE, ,O,33.25,3.17,1.0,<Residue PHE het=  resseq=48 icode= >,1d8l_A_A,2.5
366,0.0,PHE, ,CB,33.71,1.72,1.0,<Residue PHE het=  resseq=48 icode= >,1d8l_A_A,2.5
367,0.0,PHE, ,CG,33.62,2.87,1.0,<Residue PHE het=  resseq=48 icode= >,1d8l_A_A,2.5
368,0.889,PHE, ,CD1,35.76,1.49,1.0,<Residue PHE het=  resseq=48 icode= >,1d8l_A_A,2.5
369,0.0,PHE, ,CD2,33.2,2.52,1.0,<Residue PHE het=  resseq=48 icode= >,1d8l_A_A,2.5
370,10.262,PHE, ,CE1,33.36,2.18,1.0,<Residue PHE het=  resseq=48 icode= >,1d8l_A_A,2.5
371,14.073,PHE, ,CE2,34.38,2.20,1.0,<Residue PHE het=  resseq=48 icode= >,1d8l_A_A,2.5
372,13.159,PHE, ,CZ,35.13,2.53,1.0,<Residue PHE het=  resseq=48 icode= >,1d8l_A_A,2.5
373,0.0,THR, ,N,27.53,3.92,1.0,<Residue THR het=  resseq=49 icode= >,1d8l_A_A,2.5
374,0.0,THR, ,CA,23.62,3.96,1.0,<Residue THR het=  resseq=49 icode= >,1d8l_A_A,2.5
375,0.0,THR, ,C,25.52,5.15,1.0,<Residue THR het=  resseq=49 icode= >,1d8l_A_A,2.5
376,1.752,THR, ,O,25.03,4.13,1.0,<Residue THR het=  resseq=49 icode= >,1d8l_A_A,2.5
377,0.0,THR, ,CB,23.16,3.87,1.0,<Residue THR het=  resseq=49 icode= >,1d8l_A_A,2.5
378,0.0,THR, ,OG1,23.33,2.88,1.0,<Residue THR het=  resseq=49 icode= >,1d8l_A_A,2.5
379,0.0,THR, ,CG2,22.41,1.83,1.0,<Residue THR het=  resseq=49 icode= >,1d8l_A_A,2.5
380,0.0,HIS, ,N,27.26,3.61,1.0,<Residue HIS het=  resseq=50 icode= >,1d8l_A_A,2.5
381,1.387,HIS, ,CA,24.52,3.83,1.0,<Residue HIS het=  resseq=50 icode= >,1d8l_A_A,2.5
382,0.0,HIS, ,C,27.37,5.18,1.0,<Residue HIS het=  resseq=50 icode= >,1d8l_A_A,2.5
383,0.0,HIS, ,O,25.8,3.37,1.0,<Residue HIS het=  resseq=50 icode= >,1d8l_A_A,2.5
384,0.0,HIS, ,CB,28.72,3.26,1.0,<Residue HIS het=  resseq=50 icode= >,1d8l_A_A,2.5
385,0.0,HIS, ,CG,26.13,4.48,1.0,<Residue HIS het=  resseq=50 icode= >,1d8l_A_A,2.5
386,2.268,HIS, ,ND1,25.75,3.23,1.0,<Residue HIS het=  resseq=50 icode= >,1d8l_A_A,2.5
387,0.0,HIS, ,CD2,28.69,3.17,1.0,<Residue HIS het=  resseq=50 icode= >,1d8l_A_A,2.5
388,23.65,HIS, ,CE1,25.14,2.98,1.0,<Residue HIS het=  resseq=50 icode= >,1d8l_A_A,2.5
389,7.968,HIS, ,NE2,29.47,2.68,1.0,<Residue HIS het=  resseq=50 icode= >,1d8l_A_A,2.5
390,3.675,PHE, ,N,26.99,3.83,1.0,<Residue PHE het=  resseq=51 icode= >,1d8l_A_A,2.5
391,0.0,PHE, ,CA,26.92,3.66,1.0,<Residue PHE het=  resseq=51 icode= >,1d8l_A_A,2.5
392,0.0,PHE, ,C,28.49,4.22,1.0,<Residue PHE het=  resseq=51 icode= >,1d8l_A_A,2.5
393,15.739,PHE, ,O,31.72,3.17,1.0,<Residue PHE het=  resseq=51 icode= >,1d8l_A_A,2.5
394,2.181,PHE, ,CB,24.32,3.52,1.0,<Residue PHE het=  resseq=51 icode= >,1d8l_A_A,2.5
395,0.0,PHE, ,CG,27.13,3.38,1.0,<Residue PHE het=  resseq=51 icode= >,1d8l_A_A,2.5
396,0.0,PHE, ,CD1,23.44,2.25,1.0,<Residue PHE het=  resseq=51 icode= >,1d8l_A_A,2.5
397,2.636,PHE, ,CD2,26.28,2.15,1.0,<Residue PHE het=  resseq=51 icode= >,1d8l_A_A,2.5
398,6.246,PHE, ,CE1,25.46,1.95,1.0,<Residue PHE het=  resseq=51 icode= >,1d8l_A_A,2.5
399,8.629,PHE, ,CE2,26.09,1.79,1.0,<Residue PHE het=  resseq=51 icode= >,1d8l_A_A,2.5
400,5.705,PHE, ,CZ,24.3,2.18,1.0,<Residue PHE het=  resseq=51 icode= >,1d8l_A_A,2.5
401,0.0,VAL, ,N,28.66,3.63,1.0,<Residue VAL het=  resseq=52 icode= >,1d8l_A_A,2.5
402,2.348,VAL, ,CA,31.7,3.37,1.0,<Residue VAL het=  resseq=52 icode= >,1d8l_A_A,2.5
403,0.0,VAL, ,C,33.75,4.23,1.0,<Residue VAL het=  resseq=52 icode= >,1d8l_A_A,2.5
404,0.0,VAL, ,O,33.81,2.86,1.0,<Residue VAL het=  resseq=52 icode= >,1d8l_A_A,2.5
405,9.988,VAL, ,CB,31.59,2.85,1.0,<Residue VAL het=  resseq=52 icode= >,1d8l_A_A,2.5
406,0.129,VAL, ,CG1,38.41,0.58,1.0,<Residue VAL het=  resseq=52 icode= >,1d8l_A_A,2.5
407,11.432,VAL, ,CG2,33.02,1.33,1.0,<Residue VAL het=  resseq=52 icode= >,1d8l_A_A,2.5
408,3.845,VAL, ,N,37.77,2.58,1.0,<Residue VAL het=  resseq=53 icode= >,1d8l_A_A,2.5
409,0.0,VAL, ,CA,41.37,2.74,1.0,<Residue VAL het=  resseq=53 icode= >,1d8l_A_A,2.5
410,0.0,VAL, ,C,46.12,3.20,1.0,<Residue VAL het=  resseq=53 icode= >,1d8l_A_A,2.5
411,26.171,VAL, ,O,45.2,2.07,1.0,<Residue VAL het=  resseq=53 icode= >,1d8l_A_A,2.5
412,9.572,VAL, ,CB,38.71,2.19,1.0,<Residue VAL het=  resseq=53 icode= >,1d8l_A_A,2.5
413,38.826,VAL, ,CG1,43.45,0.45,1.0,<Residue VAL het=  resseq=53 icode= >,1d8l_A_A,2.5
414,20.084,VAL, ,CG2,37.62,1.06,1.0,<Residue VAL het=  resseq=53 icode= >,1d8l_A_A,2.5
415,0.0,ARG, ,N,51.65,2.20,1.0,<Residue ARG het=  resseq=54 icode= >,1d8l_A_A,2.5
416,7.186,ARG, ,CA,59.15,2.13,1.0,<Residue ARG het=  resseq=54 icode= >,1d8l_A_A,2.5
417,1.988,ARG, ,C,61.95,2.34,1.0,<Residue ARG het=  resseq=54 icode= >,1d8l_A_A,2.5
418,6.1,ARG, ,O,64.33,1.38,1.0,<Residue ARG het=  resseq=54 icode= >,1d8l_A_A,2.5
419,20.337,ARG, ,CB,62.46,1.55,1.0,<Residue ARG het=  resseq=54 icode= >,1d8l_A_A,2.5
420,0.0,ARG, ,CG,69.95,1.23,1.0,<Residue ARG het=  resseq=54 icode= >,1d8l_A_A,2.5
421,14.971,ARG, ,CD,76.98,1.04,1.0,<Residue ARG het=  resseq=54 icode= >,1d8l_A_A,2.5
422,2.865,ARG, ,NE,83.73,0.68,1.0,<Residue ARG het=  resseq=54 icode= >,1d8l_A_A,2.5
423,4.314,ARG, ,CZ,85.54,0.96,1.0,<Residue ARG het=  resseq=54 icode= >,1d8l_A_A,2.5
424,32.08,ARG, ,NH1,84.68,0.45,1.0,<Residue ARG het=  resseq=54 icode= >,1d8l_A_A,2.5
425,39.985,ARG, ,NH2,85.5,0.69,1.0,<Residue ARG het=  resseq=54 icode= >,1d8l_A_A,2.5
426,7.348,GLU, ,N,64.81,1.58,1.0,<Residue GLU het=  resseq=55 icode= >,1d8l_A_A,2.5
427,8.38,GLU, ,CA,64.45,1.68,1.0,<Residue GLU het=  resseq=55 icode= >,1d8l_A_A,2.5
428,0.803,GLU, ,C,59.49,2.69,1.0,<Residue GLU het=  resseq=55 icode= >,1d8l_A_A,2.5
429,30.459,GLU, ,O,57.96,1.30,1.0,<Residue GLU het=  resseq=55 icode= >,1d8l_A_A,2.5
430,14.812,GLU, ,CB,71.7,0.60,1.0,<Residue GLU het=  resseq=55 icode= >,1d8l_A_A,2.5
431,34.342,GLU, ,CG,78.64,0.73,1.0,<Residue GLU het=  resseq=55 icode= >,1d8l_A_A,2.5
432,14.216,GLU, ,CD,84.45,0.91,1.0,<Residue GLU het=  resseq=55 icode= >,1d8l_A_A,2.5
433,37.689,GLU, ,OE1,85.16,0.96,1.0,<Residue GLU het=  resseq=55 icode= >,1d8l_A_A,2.5
434,41.754,GLU, ,OE2,89.07,0.18,1.0,<Residue GLU het=  resseq=55 icode= >,1d8l_A_A,2.5
435,0.0,ASP, ,N,53.12,3.28,1.0,<Residue ASP het=  resseq=56 icode= >,1d8l_A_A,2.5
436,9.523,ASP, ,CA,54.72,2.61,1.0,<Residue ASP het=  resseq=56 icode= >,1d8l_A_A,2.5
437,5.016,ASP, ,C,54.97,2.46,1.0,<Residue ASP het=  resseq=56 icode= >,1d8l_A_A,2.5
438,25.542,ASP, ,O,56.86,1.54,1.0,<Residue ASP het=  resseq=56 icode= >,1d8l_A_A,2.5
439,35.541,ASP, ,CB,59.98,1.81,1.0,<Residue ASP het=  resseq=56 icode= >,1d8l_A_A,2.5
440,7.322,ASP, ,CG,66.88,2.04,1.0,<Residue ASP het=  resseq=56 icode= >,1d8l_A_A,2.5
441,11.295,ASP, ,OD1,68.04,1.67,1.0,<Residue ASP het=  resseq=56 icode= >,1d8l_A_A,2.5
442,16.518,ASP, ,OD2,72.82,0.88,1.0,<Residue ASP het=  resseq=56 icode= >,1d8l_A_A,2.5
443,1.199,ALA, ,N,51.52,1.61,1.0,<Residue ALA het=  resseq=57 icode= >,1d8l_A_A,2.5
444,7.793,ALA, ,CA,46.06,2.19,1.0,<Residue ALA het=  resseq=57 icode= >,1d8l_A_A,2.5
445,1.017,ALA, ,C,42.33,3.72,1.0,<Residue ALA het=  resseq=57 icode= >,1d8l_A_A,2.5
446,0.0,ALA, ,O,43.73,2.46,1.0,<Residue ALA het=  resseq=57 icode= >,1d8l_A_A,2.5
447,12.452,ALA, ,CB,43.02,1.21,1.0,<Residue ALA het=  resseq=57 icode= >,1d8l_A_A,2.5
448,6.317,GLN, ,N,37.47,3.37,1.0,<Residue GLN het=  resseq=58 icode= >,1d8l_A_A,2.5
449,0.0,GLN, ,CA,37.97,2.60,1.0,<Residue GLN het=  resseq=58 icode= >,1d8l_A_A,2.5
450,1.059,GLN, ,C,36.48,4.37,1.0,<Residue GLN het=  resseq=58 icode= >,1d8l_A_A,2.5
451,24.834,GLN, ,O,35.25,2.74,1.0,<Residue GLN het=  resseq=58 icode= >,1d8l_A_A,2.5
452,14.309,GLN, ,CB,37.89,1.32,1.0,<Residue GLN het=  resseq=58 icode= >,1d8l_A_A,2.5
453,7.873,GLN, ,CG,37.71,1.66,1.0,<Residue GLN het=  resseq=58 icode= >,1d8l_A_A,2.5
454,6.594,GLN, ,CD,40.03,3.27,1.0,<Residue GLN het=  resseq=58 icode= >,1d8l_A_A,2.5
455,39.369,GLN, ,OE1,43.44,1.86,1.0,<Residue GLN het=  resseq=58 icode= >,1d8l_A_A,2.5
456,34.883,GLN, ,NE2,49.72,1.43,1.0,<Residue GLN het=  resseq=58 icode= >,1d8l_A_A,2.5
457,0.0,LEU, ,N,34.9,3.06,1.0,<Residue LEU het=  resseq=59 icode= >,1d8l_A_A,2.5
458,2.986,LEU, ,CA,31.82,2.89,1.0,<Residue LEU het=  resseq=59 icode= >,1d8l_A_A,2.5
459,0.914,LEU, ,C,33.72,3.67,1.0,<Residue LEU het=  resseq=59 icode= >,1d8l_A_A,2.5
460,0.0,LEU, ,O,38.73,2.12,1.0,<Residue LEU het=  resseq=59 icode= >,1d8l_A_A,2.5
461,0.0,LEU, ,CB,32.39,2.16,1.0,<Residue LEU het=  resseq=59 icode= >,1d8l_A_A,2.5
462,0.891,LEU, ,CG,36.33,1.67,1.0,<Residue LEU het=  resseq=59 icode= >,1d8l_A_A,2.5
463,11.332,LEU, ,CD1,38.74,0.54,1.0,<Residue LEU het=  resseq=59 icode= >,1d8l_A_A,2.5
464,29.241,LEU, ,CD2,35.27,0.46,1.0,<Residue LEU het=  resseq=59 icode= >,1d8l_A_A,2.5
465,0.976,LEU, ,N,30.89,3.34,1.0,<Residue LEU het=  resseq=60 icode= >,1d8l_A_A,2.5
466,0.0,LEU, ,CA,27.06,3.24,1.0,<Residue LEU het=  resseq=60 icode= >,1d8l_A_A,2.5
467,0.0,LEU, ,C,28.14,4.55,1.0,<Residue LEU het=  resseq=60 icode= >,1d8l_A_A,2.5
468,0.0,LEU, ,O,22.51,3.23,1.0,<Residue LEU het=  resseq=60 icode= >,1d8l_A_A,2.5
469,1.046,LEU, ,CB,19.33,2.88,1.0,<Residue LEU het=  resseq=60 icode= >,1d8l_A_A,2.5
470,0.0,LEU, ,CG,20.04,3.44,1.0,<Residue LEU het=  resseq=60 icode= >,1d8l_A_A,2.5
471,0.0,LEU, ,CD1,14.78,2.05,1.0,<Residue LEU het=  resseq=60 icode= >,1d8l_A_A,2.5
472,9.267,LEU, ,CD2,21.91,1.20,1.0,<Residue LEU het=  resseq=60 icode= >,1d8l_A_A,2.5
473,0.0,TYR, ,N,28.84,3.59,1.0,<Residue TYR het=  resseq=61 icode= >,1d8l_A_A,2.5
474,0.0,TYR, ,CA,28.1,3.45,1.0,<Residue TYR het=  resseq=61 icode= >,1d8l_A_A,2.5
475,0.0,TYR, ,C,30.43,4.22,1.0,<Residue TYR het=  resseq=61 icode= >,1d8l_A_A,2.5
476,0.0,TYR, ,O,32.92,2.66,1.0,<Residue TYR het=  resseq=61 icode= >,1d8l_A_A,2.5
477,0.0,TYR, ,CB,29.3,2.20,1.0,<Residue TYR het=  resseq=61 icode= >,1d8l_A_A,2.5
478,0.0,TYR, ,CG,27.36,3.44,1.0,<Residue TYR het=  resseq=61 icode= >,1d8l_A_A,2.5
479,0.0,TYR, ,CD1,27.78,2.62,1.0,<Residue TYR het=  resseq=61 icode= >,1d8l_A_A,2.5
480,0.0,TYR, ,CD2,28.88,2.75,1.0,<Residue TYR het=  resseq=61 icode= >,1d8l_A_A,2.5
481,1.964,TYR, ,CE1,27.19,2.43,1.0,<Residue TYR het=  resseq=61 icode= >,1d8l_A_A,2.5
482,0.0,TYR, ,CE2,28.24,2.84,1.0,<Residue TYR het=  resseq=61 icode= >,1d8l_A_A,2.5
483,0.0,TYR, ,CZ,30.92,3.70,1.0,<Residue TYR het=  resseq=61 icode= >,1d8l_A_A,2.5
484,15.372,TYR, ,OH,33.94,2.79,1.0,<Residue TYR het=  resseq=61 icode= >,1d8l_A_A,2.5
485,0.0,GLY, ,N,32.67,3.05,1.0,<Residue GLY het=  resseq=62 icode= >,1d8l_A_A,2.5
486,0.0,GLY, ,CA,31.69,2.29,1.0,<Residue GLY het=  resseq=62 icode= >,1d8l_A_A,2.5
487,0.0,GLY, ,C,31.12,4.59,1.0,<Residue GLY het=  resseq=62 icode= >,1d8l_A_A,2.5
488,0.0,GLY, ,O,34.52,3.77,1.0,<Residue GLY het=  resseq=62 icode= >,1d8l_A_A,2.5
489,0.0,PHE, ,N,33.16,3.78,1.0,<Residue PHE het=  resseq=63 icode= >,1d8l_A_A,2.5
490,0.0,PHE, ,CA,36.89,3.32,1.0,<Residue PHE het=  resseq=63 icode= >,1d8l_A_A,2.5
491,0.0,PHE, ,C,40.23,3.68,1.0,<Residue PHE het=  resseq=63 icode= >,1d8l_A_A,2.5
492,0.0,PHE, ,O,41.36,2.41,1.0,<Residue PHE het=  resseq=63 icode= >,1d8l_A_A,2.5
493,0.0,PHE, ,CB,35.18,2.13,1.0,<Residue PHE het=  resseq=63 icode= >,1d8l_A_A,2.5
494,0.0,PHE, ,CG,38.88,2.25,1.0,<Residue PHE het=  resseq=63 icode= >,1d8l_A_A,2.5
495,0.0,PHE, ,CD1,39.47,1.63,1.0,<Residue PHE het=  resseq=63 icode= >,1d8l_A_A,2.5
496,0.0,PHE, ,CD2,34.32,2.26,1.0,<Residue PHE het=  resseq=63 icode= >,1d8l_A_A,2.5
497,0.0,PHE, ,CE1,35.06,2.33,1.0,<Residue PHE het=  resseq=63 icode= >,1d8l_A_A,2.5
498,0.0,PHE, ,CE2,35.36,2.36,1.0,<Residue PHE het=  resseq=63 icode= >,1d8l_A_A,2.5
499,0.0,PHE, ,CZ,35.53,2.56,1.0,<Residue PHE het=  resseq=63 icode= >,1d8l_A_A,2.5
500,0.0,ASN, ,N,40.21,2.44,1.0,<Residue ASN het=  resseq=64 icode= >,1d8l_A_A,2.5
501,0.433,ASN, ,CA,39.28,3.06,1.0,<Residue ASN het=  resseq=64 icode= >,1d8l_A_A,2.5
502,0.278,ASN, ,C,40.29,3.63,1.0,<Residue ASN het=  resseq=64 icode= >,1d8l_A_A,2.5
503,14.961,ASN, ,O,45.84,2.20,1.0,<Residue ASN het=  resseq=64 icode= >,1d8l_A_A,2.5
504,14.254,ASN, ,CB,37.27,2.23,1.0,<Residue ASN het=  resseq=64 icode= >,1d8l_A_A,2.5
505,0.312,ASN, ,CG,43.06,3.51,1.0,<Residue ASN het=  resseq=64 icode= >,1d8l_A_A,2.5
506,0.161,ASN, ,OD1,48.18,1.88,1.0,<Residue ASN het=  resseq=64 icode= >,1d8l_A_A,2.5
507,6.226,ASN, ,ND2,43.29,2.04,1.0,<Residue ASN het=  resseq=64 icode= >,1d8l_A_A,2.5
508,0.0,ASN, ,N,42.25,2.67,1.0,<Residue ASN het=  resseq=65 icode= >,1d8l_A_A,2.5
509,1.665,ASN, ,CA,43.08,2.79,1.0,<Residue ASN het=  resseq=65 icode= >,1d8l_A_A,2.5
510,0.0,ASN, ,C,40.76,4.33,1.0,<Residue ASN het=  resseq=65 icode= >,1d8l_A_A,2.5
511,0.0,ASN, ,O,41.52,3.06,1.0,<Residue ASN het=  resseq=65 icode= >,1d8l_A_A,2.5
512,22.248,ASN, ,CB,48.41,1.42,1.0,<Residue ASN het=  resseq=65 icode= >,1d8l_A_A,2.5
513,1.471,ASN, ,CG,51.22,2.28,1.0,<Residue ASN het=  resseq=65 icode= >,1d8l_A_A,2.5
514,0.381,ASN, ,OD1,57.65,1.33,1.0,<Residue ASN het=  resseq=65 icode= >,1d8l_A_A,2.5
515,29.362,ASN, ,ND2,49.19,1.30,1.0,<Residue ASN het=  resseq=65 icode= >,1d8l_A_A,2.5
516,2.172,LYS, ,N,43.34,3.10,1.0,<Residue LYS het=  resseq=66 icode= >,1d8l_A_A,2.5
517,0.0,LYS, ,CA,45.53,2.87,1.0,<Residue LYS het=  resseq=66 icode= >,1d8l_A_A,2.5
518,0.703,LYS, ,C,46.23,4.35,1.0,<Residue LYS het=  resseq=66 icode= >,1d8l_A_A,2.5
519,0.07,LYS, ,O,49.25,2.73,1.0,<Residue LYS het=  resseq=66 icode= >,1d8l_A_A,2.5
520,9.844,LYS, ,CB,49.31,1.74,1.0,<Residue LYS het=  resseq=66 icode= >,1d8l_A_A,2.5
521,0.251,LYS, ,CG,57.83,1.22,1.0,<Residue LYS het=  resseq=66 icode= >,1d8l_A_A,2.5
522,13.799,LYS, ,CD,67.89,0.58,1.0,<Residue LYS het=  resseq=66 icode= >,1d8l_A_A,2.5
523,46.36,LYS, ,CE,73.83,0.49,1.0,<Residue LYS het=  resseq=66 icode= >,1d8l_A_A,2.5
524,29.951,LYS, ,NZ,74.08,0.24,1.0,<Residue LYS het=  resseq=66 icode= >,1d8l_A_A,2.5
525,0.132,GLN, ,N,47.97,3.11,1.0,<Residue GLN het=  resseq=67 icode= >,1d8l_A_A,2.5
526,3.583,GLN, ,CA,49.14,3.19,1.0,<Residue GLN het=  resseq=67 icode= >,1d8l_A_A,2.5
527,0.0,GLN, ,C,45.16,4.43,1.0,<Residue GLN het=  resseq=67 icode= >,1d8l_A_A,2.5
528,0.396,GLN, ,O,47.61,2.70,1.0,<Residue GLN het=  resseq=67 icode= >,1d8l_A_A,2.5
529,2.499,GLN, ,CB,55.02,1.43,1.0,<Residue GLN het=  resseq=67 icode= >,1d8l_A_A,2.5
530,1.272,GLN, ,CG,68.35,1.05,1.0,<Residue GLN het=  resseq=67 icode= >,1d8l_A_A,2.5
531,0.0,GLN, ,CD,75.22,1.23,1.0,<Residue GLN het=  resseq=67 icode= >,1d8l_A_A,2.5
532,14.32,GLN, ,OE1,85.33,0.60,1.0,<Residue GLN het=  resseq=67 icode= >,1d8l_A_A,2.5
533,20.13,GLN, ,NE2,74.97,0.54,1.0,<Residue GLN het=  resseq=67 icode= >,1d8l_A_A,2.5
534,0.0,GLU, ,N,40.29,3.90,1.0,<Residue GLU het=  resseq=68 icode= >,1d8l_A_A,2.5
535,0.018,GLU, ,CA,42.12,3.81,1.0,<Residue GLU het=  resseq=68 icode= >,1d8l_A_A,2.5
536,0.0,GLU, ,C,44.04,4.15,1.0,<Residue GLU het=  resseq=68 icode= >,1d8l_A_A,2.5
537,0.0,GLU, ,O,46.7,2.47,1.0,<Residue GLU het=  resseq=68 icode= >,1d8l_A_A,2.5
538,1.135,GLU, ,CB,42.24,2.28,1.0,<Residue GLU het=  resseq=68 icode= >,1d8l_A_A,2.5
539,6.781,GLU, ,CG,54.59,1.42,1.0,<Residue GLU het=  resseq=68 icode= >,1d8l_A_A,2.5
540,2.536,GLU, ,CD,62.15,2.30,1.0,<Residue GLU het=  resseq=68 icode= >,1d8l_A_A,2.5
541,0.0,GLU, ,OE1,58.71,1.60,1.0,<Residue GLU het=  resseq=68 icode= >,1d8l_A_A,2.5
542,11.177,GLU, ,OE2,69.22,1.22,1.0,<Residue GLU het=  resseq=68 icode= >,1d8l_A_A,2.5
543,0.0,ARG, ,N,44.41,3.12,1.0,<Residue ARG het=  resseq=69 icode= >,1d8l_A_A,2.5
544,0.0,ARG, ,CA,41.4,3.62,1.0,<Residue ARG het=  resseq=69 icode= >,1d8l_A_A,2.5
545,0.0,ARG, ,C,42.17,4.07,1.0,<Residue ARG het=  resseq=69 icode= >,1d8l_A_A,2.5
546,0.0,ARG, ,O,43.05,3.07,1.0,<Residue ARG het=  resseq=69 icode= >,1d8l_A_A,2.5
547,0.0,ARG, ,CB,39.18,2.47,1.0,<Residue ARG het=  resseq=69 icode= >,1d8l_A_A,2.5
548,0.0,ARG, ,CG,45.04,1.62,1.0,<Residue ARG het=  resseq=69 icode= >,1d8l_A_A,2.5
549,0.0,ARG, ,CD,46.57,1.88,1.0,<Residue ARG het=  resseq=69 icode= >,1d8l_A_A,2.5
550,3.513,ARG, ,NE,49.37,2.05,1.0,<Residue ARG het=  resseq=69 icode= >,1d8l_A_A,2.5
551,2.273,ARG, ,CZ,49.55,3.02,1.0,<Residue ARG het=  resseq=69 icode= >,1d8l_A_A,2.5
552,6.83,ARG, ,NH1,52.16,1.63,1.0,<Residue ARG het=  resseq=69 icode= >,1d8l_A_A,2.5
553,28.611,ARG, ,NH2,52.77,1.19,1.0,<Residue ARG het=  resseq=69 icode= >,1d8l_A_A,2.5
554,0.0,THR, ,N,37.93,3.48,1.0,<Residue THR het=  resseq=70 icode= >,1d8l_A_A,2.5
555,1.382,THR, ,CA,37.89,3.55,1.0,<Residue THR het=  resseq=70 icode= >,1d8l_A_A,2.5
556,0.0,THR, ,C,39.39,3.96,1.0,<Residue THR het=  resseq=70 icode= >,1d8l_A_A,2.5
557,0.0,THR, ,O,43.43,2.51,1.0,<Residue THR het=  resseq=70 icode= >,1d8l_A_A,2.5
558,2.154,THR, ,CB,40.66,3.06,1.0,<Residue THR het=  resseq=70 icode= >,1d8l_A_A,2.5
559,19.681,THR, ,OG1,46.37,1.80,1.0,<Residue THR het=  resseq=70 icode= >,1d8l_A_A,2.5
560,15.294,THR, ,CG2,45.07,1.36,1.0,<Residue THR het=  resseq=70 icode= >,1d8l_A_A,2.5
561,0.201,LEU, ,N,38.31,3.29,1.0,<Residue LEU het=  resseq=71 icode= >,1d8l_A_A,2.5
562,1.092,LEU, ,CA,39.61,3.54,1.0,<Residue LEU het=  resseq=71 icode= >,1d8l_A_A,2.5
563,0.0,LEU, ,C,38.86,4.39,1.0,<Residue LEU het=  resseq=71 icode= >,1d8l_A_A,2.5
564,0.0,LEU, ,O,44.99,2.63,1.0,<Residue LEU het=  resseq=71 icode= >,1d8l_A_A,2.5
565,0.704,LEU, ,CB,42.95,2.31,1.0,<Residue LEU het=  resseq=71 icode= >,1d8l_A_A,2.5
566,0.0,LEU, ,CG,50.16,1.70,1.0,<Residue LEU het=  resseq=71 icode= >,1d8l_A_A,2.5
567,6.99,LEU, ,CD1,51.47,0.54,1.0,<Residue LEU het=  resseq=71 icode= >,1d8l_A_A,2.5
568,0.004,LEU, ,CD2,52.16,-0.17,1.0,<Residue LEU het=  resseq=71 icode= >,1d8l_A_A,2.5
569,0.0,PHE, ,N,38.7,3.57,1.0,<Residue PHE het=  resseq=72 icode= >,1d8l_A_A,2.5
570,0.0,PHE, ,CA,38.83,2.80,1.0,<Residue PHE het=  resseq=72 icode= >,1d8l_A_A,2.5
571,0.0,PHE, ,C,38.68,4.22,1.0,<Residue PHE het=  resseq=72 icode= >,1d8l_A_A,2.5
572,0.0,PHE, ,O,37.62,3.05,1.0,<Residue PHE het=  resseq=72 icode= >,1d8l_A_A,2.5
573,0.0,PHE, ,CB,33.54,2.70,1.0,<Residue PHE het=  resseq=72 icode= >,1d8l_A_A,2.5
574,0.0,PHE, ,CG,33.17,3.16,1.0,<Residue PHE het=  resseq=72 icode= >,1d8l_A_A,2.5
575,0.0,PHE, ,CD1,31.25,2.29,1.0,<Residue PHE het=  resseq=72 icode= >,1d8l_A_A,2.5
576,0.0,PHE, ,CD2,31.13,2.79,1.0,<Residue PHE het=  resseq=72 icode= >,1d8l_A_A,2.5
577,0.0,PHE, ,CE1,29.5,2.10,1.0,<Residue PHE het=  resseq=72 icode= >,1d8l_A_A,2.5
578,0.0,PHE, ,CE2,29.27,2.63,1.0,<Residue PHE het=  resseq=72 icode= >,1d8l_A_A,2.5
579,0.0,PHE, ,CZ,25.21,3.03,1.0,<Residue PHE het=  resseq=72 icode= >,1d8l_A_A,2.5
580,0.0,LYS, ,N,39.75,3.94,1.0,<Residue LYS het=  resseq=73 icode= >,1d8l_A_A,2.5
581,0.085,LYS, ,CA,42.73,3.18,1.0,<Residue LYS het=  resseq=73 icode= >,1d8l_A_A,2.5
582,0.0,LYS, ,C,46.23,3.57,1.0,<Residue LYS het=  resseq=73 icode= >,1d8l_A_A,2.5
583,1.521,LYS, ,O,47.73,2.55,1.0,<Residue LYS het=  resseq=73 icode= >,1d8l_A_A,2.5
584,5.741,LYS, ,CB,39.41,2.31,1.0,<Residue LYS het=  resseq=73 icode= >,1d8l_A_A,2.5
585,0.656,LYS, ,CG,42.95,1.69,1.0,<Residue LYS het=  resseq=73 icode= >,1d8l_A_A,2.5
586,10.658,LYS, ,CD,45.29,1.92,1.0,<Residue LYS het=  resseq=73 icode= >,1d8l_A_A,2.5
587,38.222,LYS, ,CE,52.53,1.62,1.0,<Residue LYS het=  resseq=73 icode= >,1d8l_A_A,2.5
588,15.194,LYS, ,NZ,54.45,1.07,1.0,<Residue LYS het=  resseq=73 icode= >,1d8l_A_A,2.5
589,0.0,GLU, ,N,46.32,3.06,1.0,<Residue GLU het=  resseq=74 icode= >,1d8l_A_A,2.5
590,0.0,GLU, ,CA,46.39,3.27,1.0,<Residue GLU het=  resseq=74 icode= >,1d8l_A_A,2.5
591,0.0,GLU, ,C,47.88,3.46,1.0,<Residue GLU het=  resseq=74 icode= >,1d8l_A_A,2.5
592,0.0,GLU, ,O,51.16,2.31,1.0,<Residue GLU het=  resseq=74 icode= >,1d8l_A_A,2.5
593,0.0,GLU, ,CB,48.96,2.15,1.0,<Residue GLU het=  resseq=74 icode= >,1d8l_A_A,2.5
594,6.27,GLU, ,CG,57.92,1.36,1.0,<Residue GLU het=  resseq=74 icode= >,1d8l_A_A,2.5
595,3.21,GLU, ,CD,62.82,2.05,1.0,<Residue GLU het=  resseq=74 icode= >,1d8l_A_A,2.5
596,2.081,GLU, ,OE1,67.06,1.46,1.0,<Residue GLU het=  resseq=74 icode= >,1d8l_A_A,2.5
597,13.292,GLU, ,OE2,67.51,1.03,1.0,<Residue GLU het=  resseq=74 icode= >,1d8l_A_A,2.5
598,0.0,LEU, ,N,46.09,3.43,1.0,<Residue LEU het=  resseq=75 icode= >,1d8l_A_A,2.5
599,0.0,LEU, ,CA,47.21,3.33,1.0,<Residue LEU het=  resseq=75 icode= >,1d8l_A_A,2.5
600,0.0,LEU, ,C,49.11,3.70,1.0,<Residue LEU het=  resseq=75 icode= >,1d8l_A_A,2.5
601,0.0,LEU, ,O,49.46,2.21,1.0,<Residue LEU het=  resseq=75 icode= >,1d8l_A_A,2.5
602,0.0,LEU, ,CB,46.47,1.83,1.0,<Residue LEU het=  resseq=75 icode= >,1d8l_A_A,2.5
603,0.0,LEU, ,CG,47.25,2.14,1.0,<Residue LEU het=  resseq=75 icode= >,1d8l_A_A,2.5
604,0.0,LEU, ,CD1,54.66,0.40,1.0,<Residue LEU het=  resseq=75 icode= >,1d8l_A_A,2.5
605,0.0,LEU, ,CD2,42.03,1.33,1.0,<Residue LEU het=  resseq=75 icode= >,1d8l_A_A,2.5
606,0.0,ILE, ,N,49.94,3.05,1.0,<Residue ILE het=  resseq=76 icode= >,1d8l_A_A,2.5
607,0.0,ILE, ,CA,49.13,2.90,1.0,<Residue ILE het=  resseq=76 icode= >,1d8l_A_A,2.5
608,0.104,ILE, ,C,52.49,3.22,1.0,<Residue ILE het=  resseq=76 icode= >,1d8l_A_A,2.5
609,19.693,ILE, ,O,55.46,2.37,1.0,<Residue ILE het=  resseq=76 icode= >,1d8l_A_A,2.5
610,1.306,ILE, ,CB,46.92,2.15,1.0,<Residue ILE het=  resseq=76 icode= >,1d8l_A_A,2.5
611,0.884,ILE, ,CG1,44.8,1.34,1.0,<Residue ILE het=  resseq=76 icode= >,1d8l_A_A,2.5
612,0.0,ILE, ,CG2,45.33,1.14,1.0,<Residue ILE het=  resseq=76 icode= >,1d8l_A_A,2.5
613,25.028,ILE, ,CD1,50.07,0.61,1.0,<Residue ILE het=  resseq=76 icode= >,1d8l_A_A,2.5
614,0.0,LYS, ,N,53.86,2.99,1.0,<Residue LYS het=  resseq=77 icode= >,1d8l_A_A,2.5
615,7.144,LYS, ,CA,57.08,2.63,1.0,<Residue LYS het=  resseq=77 icode= >,1d8l_A_A,2.5
616,1.805,LYS, ,C,61.53,2.60,1.0,<Residue LYS het=  resseq=77 icode= >,1d8l_A_A,2.5
617,20.986,LYS, ,O,65.76,1.36,1.0,<Residue LYS het=  resseq=77 icode= >,1d8l_A_A,2.5
618,3.712,LYS, ,CB,52.22,1.91,1.0,<Residue LYS het=  resseq=77 icode= >,1d8l_A_A,2.5
619,24.087,LYS, ,CG,48.52,2.01,1.0,<Residue LYS het=  resseq=77 icode= >,1d8l_A_A,2.5
620,8.116,LYS, ,CD,51.92,1.52,1.0,<Residue LYS het=  resseq=77 icode= >,1d8l_A_A,2.5
621,29.294,LYS, ,CE,55.21,1.01,1.0,<Residue LYS het=  resseq=77 icode= >,1d8l_A_A,2.5
622,29.65,LYS, ,NZ,53.17,0.95,1.0,<Residue LYS het=  resseq=77 icode= >,1d8l_A_A,2.5
623,0.0,THR, ,N,62.94,2.50,1.0,<Residue THR het=  resseq=78 icode= >,1d8l_A_A,2.5
624,0.0,THR, ,CA,62.2,2.63,1.0,<Residue THR het=  resseq=78 icode= >,1d8l_A_A,2.5
625,1.201,THR, ,C,63.76,3.17,1.0,<Residue THR het=  resseq=78 icode= >,1d8l_A_A,2.5
626,4.279,THR, ,O,64.19,2.23,1.0,<Residue THR het=  resseq=78 icode= >,1d8l_A_A,2.5
627,0.0,THR, ,CB,60.83,2.15,1.0,<Residue THR het=  resseq=78 icode= >,1d8l_A_A,2.5
628,0.0,THR, ,OG1,62.34,1.09,1.0,<Residue THR het=  resseq=78 icode= >,1d8l_A_A,2.5
629,0.0,THR, ,CG2,63.69,0.84,1.0,<Residue THR het=  resseq=78 icode= >,1d8l_A_A,2.5
630,0.0,ASN, ,N,64.53,2.23,1.0,<Residue ASN het=  resseq=79 icode= >,1d8l_A_A,2.5
631,7.362,ASN, ,CA,65.67,2.31,1.0,<Residue ASN het=  resseq=79 icode= >,1d8l_A_A,2.5
632,1.736,ASN, ,C,64.33,2.89,1.0,<Residue ASN het=  resseq=79 icode= >,1d8l_A_A,2.5
633,2.204,ASN, ,O,65.89,1.53,1.0,<Residue ASN het=  resseq=79 icode= >,1d8l_A_A,2.5
634,26.011,ASN, ,CB,71.95,1.65,1.0,<Residue ASN het=  resseq=79 icode= >,1d8l_A_A,2.5
635,4.497,ASN, ,CG,80.91,0.78,1.0,<Residue ASN het=  resseq=79 icode= >,1d8l_A_A,2.5
636,13.545,ASN, ,OD1,83.12,0.60,1.0,<Residue ASN het=  resseq=79 icode= >,1d8l_A_A,2.5
637,55.086,ASN, ,ND2,83.39,0.29,1.0,<Residue ASN het=  resseq=79 icode= >,1d8l_A_A,2.5
638,12.761,GLY, ,N,62.88,2.17,1.0,<Residue GLY het=  resseq=80 icode= >,1d8l_A_A,2.5
639,33.293,GLY, ,CA,58.51,1.81,1.0,<Residue GLY het=  resseq=80 icode= >,1d8l_A_A,2.5
640,3.099,GLY, ,C,56.2,2.89,1.0,<Residue GLY het=  resseq=80 icode= >,1d8l_A_A,2.5
641,16.442,GLY, ,O,59.24,1.94,1.0,<Residue GLY het=  resseq=80 icode= >,1d8l_A_A,2.5
642,0.08,VAL, ,N,51.66,2.45,1.0,<Residue VAL het=  resseq=81 icode= >,1d8l_A_A,2.5
643,0.0,VAL, ,CA,47.62,2.91,1.0,<Residue VAL het=  resseq=81 icode= >,1d8l_A_A,2.5
644,1.971,VAL, ,C,47.28,3.78,1.0,<Residue VAL het=  resseq=81 icode= >,1d8l_A_A,2.5
645,1.62,VAL, ,O,46.31,2.87,1.0,<Residue VAL het=  resseq=81 icode= >,1d8l_A_A,2.5
646,0.0,VAL, ,CB,46.73,1.90,1.0,<Residue VAL het=  resseq=81 icode= >,1d8l_A_A,2.5
647,0.0,VAL, ,CG1,42.46,1.19,1.0,<Residue VAL het=  resseq=81 icode= >,1d8l_A_A,2.5
648,0.0,VAL, ,CG2,48.06,0.61,1.0,<Residue VAL het=  resseq=81 icode= >,1d8l_A_A,2.5
649,5.397,GLY, ,N,47.16,2.92,1.0,<Residue GLY het=  resseq=82 icode= >,1d8l_A_A,2.5
650,24.239,GLY, ,CA,48.6,2.10,1.0,<Residue GLY het=  resseq=82 icode= >,1d8l_A_A,2.5
651,0.0,GLY, ,C,51.25,3.50,1.0,<Residue GLY het=  resseq=82 icode= >,1d8l_A_A,2.5
652,0.0,GLY, ,O,55.77,2.20,1.0,<Residue GLY het=  resseq=82 icode= >,1d8l_A_A,2.5
653,0.0,PRO, ,N,48.6,3.96,1.0,<Residue PRO het=  resseq=83 icode= >,1d8l_A_A,2.5
654,0.0,PRO, ,CA,48.16,2.62,1.0,<Residue PRO het=  resseq=83 icode= >,1d8l_A_A,2.5
655,0.0,PRO, ,C,47.93,3.15,1.0,<Residue PRO het=  resseq=83 icode= >,1d8l_A_A,2.5
656,0.0,PRO, ,O,50.44,1.73,1.0,<Residue PRO het=  resseq=83 icode= >,1d8l_A_A,2.5
657,2.428,PRO, ,CB,47.14,1.67,1.0,<Residue PRO het=  resseq=83 icode= >,1d8l_A_A,2.5
658,11.246,PRO, ,CG,46.38,1.72,1.0,<Residue PRO het=  resseq=83 icode= >,1d8l_A_A,2.5
659,26.042,PRO, ,CD,49.03,2.22,1.0,<Residue PRO het=  resseq=83 icode= >,1d8l_A_A,2.5
660,1.146,LYS, ,N,47.55,2.76,1.0,<Residue LYS het=  resseq=84 icode= >,1d8l_A_A,2.5
661,2.12,LYS, ,CA,48.35,2.52,1.0,<Residue LYS het=  resseq=84 icode= >,1d8l_A_A,2.5
662,0.071,LYS, ,C,48.49,3.12,1.0,<Residue LYS het=  resseq=84 icode= >,1d8l_A_A,2.5
663,3.817,LYS, ,O,50.7,2.06,1.0,<Residue LYS het=  resseq=84 icode= >,1d8l_A_A,2.5
664,21.225,LYS, ,CB,49.78,1.68,1.0,<Residue LYS het=  resseq=84 icode= >,1d8l_A_A,2.5
665,25.301,LYS, ,CG,50.73,2.26,1.0,<Residue LYS het=  resseq=84 icode= >,1d8l_A_A,2.5
666,27.662,LYS, ,CD,56.71,1.78,1.0,<Residue LYS het=  resseq=84 icode= >,1d8l_A_A,2.5
667,44.254,LYS, ,CE,61.55,1.48,1.0,<Residue LYS het=  resseq=84 icode= >,1d8l_A_A,2.5
668,48.823,LYS, ,NZ,64.03,1.31,1.0,<Residue LYS het=  resseq=84 icode= >,1d8l_A_A,2.5
669,0.669,LEU, ,N,47.19,2.59,1.0,<Residue LEU het=  resseq=85 icode= >,1d8l_A_A,2.5
670,0.0,LEU, ,CA,41.43,3.29,1.0,<Residue LEU het=  resseq=85 icode= >,1d8l_A_A,2.5
671,0.0,LEU, ,C,40.42,4.36,1.0,<Residue LEU het=  resseq=85 icode= >,1d8l_A_A,2.5
672,0.051,LEU, ,O,45.68,2.74,1.0,<Residue LEU het=  resseq=85 icode= >,1d8l_A_A,2.5
673,4.346,LEU, ,CB,40.38,1.75,1.0,<Residue LEU het=  resseq=85 icode= >,1d8l_A_A,2.5
674,0.207,LEU, ,CG,43.07,1.84,1.0,<Residue LEU het=  resseq=85 icode= >,1d8l_A_A,2.5
675,19.392,LEU, ,CD1,38.42,0.84,1.0,<Residue LEU het=  resseq=85 icode= >,1d8l_A_A,2.5
676,7.903,LEU, ,CD2,41.96,0.11,1.0,<Residue LEU het=  resseq=85 icode= >,1d8l_A_A,2.5
677,0.0,ALA, ,N,37.81,3.31,1.0,<Residue ALA het=  resseq=86 icode= >,1d8l_A_A,2.5
678,0.0,ALA, ,CA,37.43,3.23,1.0,<Residue ALA het=  resseq=86 icode= >,1d8l_A_A,2.5
679,0.0,ALA, ,C,39.84,4.01,1.0,<Residue ALA het=  resseq=86 icode= >,1d8l_A_A,2.5
680,0.0,ALA, ,O,39.42,3.14,1.0,<Residue ALA het=  resseq=86 icode= >,1d8l_A_A,2.5
681,0.0,ALA, ,CB,34.08,1.96,1.0,<Residue ALA het=  resseq=86 icode= >,1d8l_A_A,2.5
682,0.0,LEU, ,N,39.41,3.62,1.0,<Residue LEU het=  resseq=87 icode= >,1d8l_A_A,2.5
683,0.0,LEU, ,CA,41.2,2.85,1.0,<Residue LEU het=  resseq=87 icode= >,1d8l_A_A,2.5
684,0.14,LEU, ,C,44.54,3.17,1.0,<Residue LEU het=  resseq=87 icode= >,1d8l_A_A,2.5
685,0.0,LEU, ,O,48.95,2.16,1.0,<Residue LEU het=  resseq=87 icode= >,1d8l_A_A,2.5
686,7.221,LEU, ,CB,39.34,2.29,1.0,<Residue LEU het=  resseq=87 icode= >,1d8l_A_A,2.5
687,0.0,LEU, ,CG,40.24,2.94,1.0,<Residue LEU het=  resseq=87 icode= >,1d8l_A_A,2.5
688,12.66,LEU, ,CD1,38.8,1.11,1.0,<Residue LEU het=  resseq=87 icode= >,1d8l_A_A,2.5
689,0.0,LEU, ,CD2,36.42,1.50,1.0,<Residue LEU het=  resseq=87 icode= >,1d8l_A_A,2.5
690,0.679,ALA, ,N,42.3,2.58,1.0,<Residue ALA het=  resseq=88 icode= >,1d8l_A_A,2.5
691,4.55,ALA, ,CA,39.44,3.09,1.0,<Residue ALA het=  resseq=88 icode= >,1d8l_A_A,2.5
692,0.0,ALA, ,C,39.54,3.81,1.0,<Residue ALA het=  resseq=88 icode= >,1d8l_A_A,2.5
693,0.867,ALA, ,O,42.26,2.33,1.0,<Residue ALA het=  resseq=88 icode= >,1d8l_A_A,2.5
694,17.492,ALA, ,CB,35.94,1.70,1.0,<Residue ALA het=  resseq=88 icode= >,1d8l_A_A,2.5
695,0.064,ILE, ,N,37.72,3.21,1.0,<Residue ILE het=  resseq=89 icode= >,1d8l_A_A,2.5
696,0.0,ILE, ,CA,36.66,3.30,1.0,<Residue ILE het=  resseq=89 icode= >,1d8l_A_A,2.5
697,0.0,ILE, ,C,37.07,3.91,1.0,<Residue ILE het=  resseq=89 icode= >,1d8l_A_A,2.5
698,0.0,ILE, ,O,42.38,2.35,1.0,<Residue ILE het=  resseq=89 icode= >,1d8l_A_A,2.5
699,0.0,ILE, ,CB,34.76,2.90,1.0,<Residue ILE het=  resseq=89 icode= >,1d8l_A_A,2.5
700,2.849,ILE, ,CG1,30.6,2.56,1.0,<Residue ILE het=  resseq=89 icode= >,1d8l_A_A,2.5
701,0.0,ILE, ,CG2,30.41,2.29,1.0,<Residue ILE het=  resseq=89 icode= >,1d8l_A_A,2.5
702,0.0,ILE, ,CD1,31.85,1.51,1.0,<Residue ILE het=  resseq=89 icode= >,1d8l_A_A,2.5
703,0.0,LEU, ,N,37.54,2.63,1.0,<Residue LEU het=  resseq=90 icode= >,1d8l_A_A,2.5
704,0.0,LEU, ,CA,35.65,2.94,1.0,<Residue LEU het=  resseq=90 icode= >,1d8l_A_A,2.5
705,0.0,LEU, ,C,36.55,3.40,1.0,<Residue LEU het=  resseq=90 icode= >,1d8l_A_A,2.5
706,2.346,LEU, ,O,38.12,2.37,1.0,<Residue LEU het=  resseq=90 icode= >,1d8l_A_A,2.5
707,3.368,LEU, ,CB,33.69,2.13,1.0,<Residue LEU het=  resseq=90 icode= >,1d8l_A_A,2.5
708,0.0,LEU, ,CG,30.34,2.97,1.0,<Residue LEU het=  resseq=90 icode= >,1d8l_A_A,2.5
709,0.636,LEU, ,CD1,32.77,1.51,1.0,<Residue LEU het=  resseq=90 icode= >,1d8l_A_A,2.5
710,1.694,LEU, ,CD2,40.31,0.83,1.0,<Residue LEU het=  resseq=90 icode= >,1d8l_A_A,2.5
711,0.0,SER, ,N,38.57,2.89,1.0,<Residue SER het=  resseq=91 icode= >,1d8l_A_A,2.5
712,0.0,SER, ,CA,45.46,2.47,1.0,<Residue SER het=  resseq=91 icode= >,1d8l_A_A,2.5
713,0.795,SER, ,C,51.08,2.50,1.0,<Residue SER het=  resseq=91 icode= >,1d8l_A_A,2.5
714,16.63,SER, ,O,55.51,1.34,1.0,<Residue SER het=  resseq=91 icode= >,1d8l_A_A,2.5
715,11.383,SER, ,CB,38.44,2.66,1.0,<Residue SER het=  resseq=91 icode= >,1d8l_A_A,2.5
716,3.813,SER, ,OG,45.48,2.35,1.0,<Residue SER het=  resseq=91 icode= >,1d8l_A_A,2.5
717,0.111,GLY, ,N,54.45,2.21,1.0,<Residue GLY het=  resseq=92 icode= >,1d8l_A_A,2.5
718,17.331,GLY, ,CA,54.24,1.99,1.0,<Residue GLY het=  resseq=92 icode= >,1d8l_A_A,2.5
719,1.81,GLY, ,C,57.23,2.74,1.0,<Residue GLY het=  resseq=92 icode= >,1d8l_A_A,2.5
720,25.057,GLY, ,O,58.21,1.44,1.0,<Residue GLY het=  resseq=92 icode= >,1d8l_A_A,2.5
721,0.0,MET, ,N,59.75,2.27,1.0,<Residue MET het=  resseq=93 icode= >,1d8l_A_A,2.5
722,3.782,MET, ,CA,63.71,2.46,1.0,<Residue MET het=  resseq=93 icode= >,1d8l_A_A,2.5
723,0.081,MET, ,C,67.39,2.55,1.0,<Residue MET het=  resseq=93 icode= >,1d8l_A_A,2.5
724,0.255,MET, ,O,70.41,1.70,1.0,<Residue MET het=  resseq=93 icode= >,1d8l_A_A,2.5
725,1.384,MET, ,CB,64.36,1.41,1.0,<Residue MET het=  resseq=93 icode= >,1d8l_A_A,2.5
726,0.0,MET, ,CG,66.62,1.04,1.0,<Residue MET het=  resseq=93 icode= >,1d8l_A_A,2.5
727,2.383,MET, ,SD,68.44,2.57,1.0,<Residue MET het=  resseq=93 icode= >,1d8l_A_A,2.5
728,4.002,MET, ,CE,66.75,1.08,1.0,<Residue MET het=  resseq=93 icode= >,1d8l_A_A,2.5
729,2.168,SER, ,N,71.4,1.94,1.0,<Residue SER het=  resseq=94 icode= >,1d8l_A_A,2.5
730,6.377,SER, ,CA,73.05,2.04,1.0,<Residue SER het=  resseq=94 icode= >,1d8l_A_A,2.5
731,0.414,SER, ,C,72.31,2.86,1.0,<Residue SER het=  resseq=94 icode= >,1d8l_A_A,2.5
732,0.0,SER, ,O,70.09,2.20,1.0,<Residue SER het=  resseq=94 icode= >,1d8l_A_A,2.5
733,37.995,SER, ,CB,74.36,1.27,1.0,<Residue SER het=  resseq=94 icode= >,1d8l_A_A,2.5
734,3.677,SER, ,OG,76.22,0.80,1.0,<Residue SER het=  resseq=94 icode= >,1d8l_A_A,2.5
735,6.315,ALA, ,N,75.55,1.99,1.0,<Residue ALA het=  resseq=95 icode= >,1d8l_A_A,2.5
736,0.095,ALA, ,CA,77.75,1.79,1.0,<Residue ALA het=  resseq=95 icode= >,1d8l_A_A,2.5
737,0.0,ALA, ,C,78.9,2.50,1.0,<Residue ALA het=  resseq=95 icode= >,1d8l_A_A,2.5
738,0.0,ALA, ,O,82.13,1.68,1.0,<Residue ALA het=  resseq=95 icode= >,1d8l_A_A,2.5
739,15.857,ALA, ,CB,75.1,0.92,1.0,<Residue ALA het=  resseq=95 icode= >,1d8l_A_A,2.5
740,2.062,GLN, ,N,79.36,1.77,1.0,<Residue GLN het=  resseq=96 icode= >,1d8l_A_A,2.5
741,0.0,GLN, ,CA,79.54,1.99,1.0,<Residue GLN het=  resseq=96 icode= >,1d8l_A_A,2.5
742,0.0,GLN, ,C,79.16,2.69,1.0,<Residue GLN het=  resseq=96 icode= >,1d8l_A_A,2.5
743,0.0,GLN, ,O,79.75,1.73,1.0,<Residue GLN het=  resseq=96 icode= >,1d8l_A_A,2.5
744,20.551,GLN, ,CB,83.53,0.65,1.0,<Residue GLN het=  resseq=96 icode= >,1d8l_A_A,2.5
745,27.861,GLN, ,CG,88.04,0.69,1.0,<Residue GLN het=  resseq=96 icode= >,1d8l_A_A,2.5
746,4.9,GLN, ,CD,90.84,1.09,1.0,<Residue GLN het=  resseq=96 icode= >,1d8l_A_A,2.5
747,11.514,GLN, ,OE1,91.27,1.03,1.0,<Residue GLN het=  resseq=96 icode= >,1d8l_A_A,2.5
748,9.116,GLN, ,NE2,94.59,0.32,1.0,<Residue GLN het=  resseq=96 icode= >,1d8l_A_A,2.5
749,0.296,GLN, ,N,78.17,2.27,1.0,<Residue GLN het=  resseq=97 icode= >,1d8l_A_A,2.5
750,3.084,GLN, ,CA,78.96,2.20,1.0,<Residue GLN het=  resseq=97 icode= >,1d8l_A_A,2.5
751,0.019,GLN, ,C,78.34,2.88,1.0,<Residue GLN het=  resseq=97 icode= >,1d8l_A_A,2.5
752,1.467,GLN, ,O,78.87,1.95,1.0,<Residue GLN het=  resseq=97 icode= >,1d8l_A_A,2.5
753,4.775,GLN, ,CB,80.06,0.93,1.0,<Residue GLN het=  resseq=97 icode= >,1d8l_A_A,2.5
754,28.109,GLN, ,CG,80.0,0.78,1.0,<Residue GLN het=  resseq=97 icode= >,1d8l_A_A,2.5
755,5.28,GLN, ,CD,81.04,1.45,1.0,<Residue GLN het=  resseq=97 icode= >,1d8l_A_A,2.5
756,12.307,GLN, ,OE1,83.06,1.17,1.0,<Residue GLN het=  resseq=97 icode= >,1d8l_A_A,2.5
757,39.949,GLN, ,NE2,81.34,0.73,1.0,<Residue GLN het=  resseq=97 icode= >,1d8l_A_A,2.5
758,0.0,PHE, ,N,78.06,2.05,1.0,<Residue PHE het=  resseq=98 icode= >,1d8l_A_A,2.5
759,0.0,PHE, ,CA,73.23,2.48,1.0,<Residue PHE het=  resseq=98 icode= >,1d8l_A_A,2.5
760,0.0,PHE, ,C,73.65,3.33,1.0,<Residue PHE het=  resseq=98 icode= >,1d8l_A_A,2.5
761,0.0,PHE, ,O,73.07,2.25,1.0,<Residue PHE het=  resseq=98 icode= >,1d8l_A_A,2.5
762,0.0,PHE, ,CB,69.18,1.93,1.0,<Residue PHE het=  resseq=98 icode= >,1d8l_A_A,2.5
763,0.0,PHE, ,CG,68.75,2.04,1.0,<Residue PHE het=  resseq=98 icode= >,1d8l_A_A,2.5
764,0.0,PHE, ,CD1,68.86,1.34,1.0,<Residue PHE het=  resseq=98 icode= >,1d8l_A_A,2.5
765,0.0,PHE, ,CD2,67.08,1.36,1.0,<Residue PHE het=  resseq=98 icode= >,1d8l_A_A,2.5
766,0.0,PHE, ,CE1,65.28,1.73,1.0,<Residue PHE het=  resseq=98 icode= >,1d8l_A_A,2.5
767,0.0,PHE, ,CE2,67.01,1.44,1.0,<Residue PHE het=  resseq=98 icode= >,1d8l_A_A,2.5
768,0.0,PHE, ,CZ,65.13,1.46,1.0,<Residue PHE het=  resseq=98 icode= >,1d8l_A_A,2.5
769,0.0,VAL, ,N,76.73,3.03,1.0,<Residue VAL het=  resseq=99 icode= >,1d8l_A_A,2.5
770,0.0,VAL, ,CA,81.74,2.56,1.0,<Residue VAL het=  resseq=99 icode= >,1d8l_A_A,2.5
771,0.0,VAL, ,C,81.52,3.54,1.0,<Residue VAL het=  resseq=99 icode= >,1d8l_A_A,2.5
772,0.0,VAL, ,O,77.79,2.89,1.0,<Residue VAL het=  resseq=99 icode= >,1d8l_A_A,2.5
773,0.0,VAL, ,CB,84.81,1.64,1.0,<Residue VAL het=  resseq=99 icode= >,1d8l_A_A,2.5
774,9.855,VAL, ,CG1,86.97,0.69,1.0,<Residue VAL het=  resseq=99 icode= >,1d8l_A_A,2.5
775,1.781,VAL, ,CG2,84.49,0.68,1.0,<Residue VAL het=  resseq=99 icode= >,1d8l_A_A,2.5
776,0.0,ASN, ,N,85.43,2.52,1.0,<Residue ASN het=  resseq=100 icode= >,1d8l_A_A,2.5
777,3.082,ASN, ,CA,88.92,1.82,1.0,<Residue ASN het=  resseq=100 icode= >,1d8l_A_A,2.5
778,0.0,ASN, ,C,88.81,2.29,1.0,<Residue ASN het=  resseq=100 icode= >,1d8l_A_A,2.5
779,1.583,ASN, ,O,90.77,1.47,1.0,<Residue ASN het=  resseq=100 icode= >,1d8l_A_A,2.5
780,10.366,ASN, ,CB,90.36,1.27,1.0,<Residue ASN het=  resseq=100 icode= >,1d8l_A_A,2.5
781,5.493,ASN, ,CG,92.07,1.80,1.0,<Residue ASN het=  resseq=100 icode= >,1d8l_A_A,2.5
782,24.384,ASN, ,OD1,90.97,1.29,1.0,<Residue ASN het=  resseq=100 icode= >,1d8l_A_A,2.5
783,33.098,ASN, ,ND2,92.57,0.96,1.0,<Residue ASN het=  resseq=100 icode= >,1d8l_A_A,2.5
784,0.214,ALA, ,N,88.46,2.09,1.0,<Residue ALA het=  resseq=101 icode= >,1d8l_A_A,2.5
785,0.0,ALA, ,CA,88.86,1.94,1.0,<Residue ALA het=  resseq=101 icode= >,1d8l_A_A,2.5
786,0.158,ALA, ,C,89.54,2.43,1.0,<Residue ALA het=  resseq=101 icode= >,1d8l_A_A,2.5
787,0.0,ALA, ,O,90.82,1.56,1.0,<Residue ALA het=  resseq=101 icode= >,1d8l_A_A,2.5
788,4.187,ALA, ,CB,85.58,0.68,1.0,<Residue ALA het=  resseq=101 icode= >,1d8l_A_A,2.5
789,0.0,VAL, ,N,88.35,2.32,1.0,<Residue VAL het=  resseq=102 icode= >,1d8l_A_A,2.5
790,0.0,VAL, ,CA,86.15,2.46,1.0,<Residue VAL het=  resseq=102 icode= >,1d8l_A_A,2.5
791,0.0,VAL, ,C,88.01,2.34,1.0,<Residue VAL het=  resseq=102 icode= >,1d8l_A_A,2.5
792,0.0,VAL, ,O,88.07,1.10,1.0,<Residue VAL het=  resseq=102 icode= >,1d8l_A_A,2.5
793,0.0,VAL, ,CB,83.17,1.36,1.0,<Residue VAL het=  resseq=102 icode= >,1d8l_A_A,2.5
794,0.0,VAL, ,CG1,79.19,0.82,1.0,<Residue VAL het=  resseq=102 icode= >,1d8l_A_A,2.5
795,0.152,VAL, ,CG2,79.35,0.66,1.0,<Residue VAL het=  resseq=102 icode= >,1d8l_A_A,2.5
796,0.0,GLU, ,N,88.25,2.34,1.0,<Residue GLU het=  resseq=103 icode= >,1d8l_A_A,2.5
797,0.0,GLU, ,CA,88.96,2.00,1.0,<Residue GLU het=  resseq=103 icode= >,1d8l_A_A,2.5
798,0.769,GLU, ,C,88.7,2.27,1.0,<Residue GLU het=  resseq=103 icode= >,1d8l_A_A,2.5
799,14.298,GLU, ,O,89.71,1.24,1.0,<Residue GLU het=  resseq=103 icode= >,1d8l_A_A,2.5
800,16.06,GLU, ,CB,89.15,1.10,1.0,<Residue GLU het=  resseq=103 icode= >,1d8l_A_A,2.5
801,17.329,GLU, ,CG,90.37,0.79,1.0,<Residue GLU het=  resseq=103 icode= >,1d8l_A_A,2.5
802,7.914,GLU, ,CD,90.12,1.50,1.0,<Residue GLU het=  resseq=103 icode= >,1d8l_A_A,2.5
803,25.725,GLU, ,OE1,91.35,0.95,1.0,<Residue GLU het=  resseq=103 icode= >,1d8l_A_A,2.5
804,12.419,GLU, ,OE2,92.69,0.45,1.0,<Residue GLU het=  resseq=103 icode= >,1d8l_A_A,2.5
805,0.0,ARG, ,N,88.55,2.12,1.0,<Residue ARG het=  resseq=104 icode= >,1d8l_A_A,2.5
806,6.894,ARG, ,CA,88.47,2.15,1.0,<Residue ARG het=  resseq=104 icode= >,1d8l_A_A,2.5
807,0.585,ARG, ,C,87.93,2.54,1.0,<Residue ARG het=  resseq=104 icode= >,1d8l_A_A,2.5
808,15.646,ARG, ,O,88.92,1.71,1.0,<Residue ARG het=  resseq=104 icode= >,1d8l_A_A,2.5
809,27.01,ARG, ,CB,88.7,1.43,1.0,<Residue ARG het=  resseq=104 icode= >,1d8l_A_A,2.5
810,1.466,ARG, ,CG,90.23,1.61,1.0,<Residue ARG het=  resseq=104 icode= >,1d8l_A_A,2.5
811,24.606,ARG, ,CD,94.84,0.75,1.0,<Residue ARG het=  resseq=104 icode= >,1d8l_A_A,2.5
812,0.482,ARG, ,NE,96.65,1.18,1.0,<Residue ARG het=  resseq=104 icode= >,1d8l_A_A,2.5
813,3.43,ARG, ,CZ,98.2,1.20,1.0,<Residue ARG het=  resseq=104 icode= >,1d8l_A_A,2.5
814,40.9,ARG, ,NH1,98.01,0.96,1.0,<Residue ARG het=  resseq=104 icode= >,1d8l_A_A,2.5
815,32.079,ARG, ,NH2,101.18,0.62,1.0,<Residue ARG het=  resseq=104 icode= >,1d8l_A_A,2.5
816,0.0,GLU, ,N,86.75,2.07,1.0,<Residue GLU het=  resseq=105 icode= >,1d8l_A_A,2.5
817,0.0,GLU, ,CA,84.3,2.27,1.0,<Residue GLU het=  resseq=105 icode= >,1d8l_A_A,2.5
818,0.0,GLU, ,C,81.99,2.74,1.0,<Residue GLU het=  resseq=105 icode= >,1d8l_A_A,2.5
819,14.556,GLU, ,O,82.91,1.30,1.0,<Residue GLU het=  resseq=105 icode= >,1d8l_A_A,2.5
820,18.783,GLU, ,CB,84.09,1.26,1.0,<Residue GLU het=  resseq=105 icode= >,1d8l_A_A,2.5
821,16.972,GLU, ,CG,87.35,0.89,1.0,<Residue GLU het=  resseq=105 icode= >,1d8l_A_A,2.5
822,5.736,GLU, ,CD,86.31,1.45,1.0,<Residue GLU het=  resseq=105 icode= >,1d8l_A_A,2.5
823,11.81,GLU, ,OE1,84.84,0.53,1.0,<Residue GLU het=  resseq=105 icode= >,1d8l_A_A,2.5
824,33.566,GLU, ,OE2,89.18,0.96,1.0,<Residue GLU het=  resseq=105 icode= >,1d8l_A_A,2.5
825,0.0,GLU, ,N,81.35,2.58,1.0,<Residue GLU het=  resseq=106 icode= >,1d8l_A_A,2.5
826,1.778,GLU, ,CA,82.55,2.92,1.0,<Residue GLU het=  resseq=106 icode= >,1d8l_A_A,2.5
827,0.0,GLU, ,C,81.24,2.35,1.0,<Residue GLU het=  resseq=106 icode= >,1d8l_A_A,2.5
828,0.051,GLU, ,O,82.35,1.17,1.0,<Residue GLU het=  resseq=106 icode= >,1d8l_A_A,2.5
829,0.0,GLU, ,CB,87.6,1.25,1.0,<Residue GLU het=  resseq=106 icode= >,1d8l_A_A,2.5
830,6.49,GLU, ,CG,93.92,0.91,1.0,<Residue GLU het=  resseq=106 icode= >,1d8l_A_A,2.5
831,11.536,GLU, ,CD,98.23,0.53,1.0,<Residue GLU het=  resseq=106 icode= >,1d8l_A_A,2.5
832,12.474,GLU, ,OE1,100.48,-0.35,1.0,<Residue GLU het=  resseq=106 icode= >,1d8l_A_A,2.5
833,35.598,GLU, ,OE2,100.23,0.69,1.0,<Residue GLU het=  resseq=106 icode= >,1d8l_A_A,2.5
834,0.604,VAL, ,N,80.28,1.91,1.0,<Residue VAL het=  resseq=107 icode= >,1d8l_A_A,2.5
835,0.0,VAL, ,CA,77.79,1.89,1.0,<Residue VAL het=  resseq=107 icode= >,1d8l_A_A,2.5
836,0.0,VAL, ,C,77.29,2.67,1.0,<Residue VAL het=  resseq=107 icode= >,1d8l_A_A,2.5
837,0.0,VAL, ,O,74.96,1.38,1.0,<Residue VAL het=  resseq=107 icode= >,1d8l_A_A,2.5
838,0.057,VAL, ,CB,76.81,1.04,1.0,<Residue VAL het=  resseq=107 icode= >,1d8l_A_A,2.5
839,37.003,VAL, ,CG1,80.92,0.20,1.0,<Residue VAL het=  resseq=107 icode= >,1d8l_A_A,2.5
840,4.472,VAL, ,CG2,71.81,0.46,1.0,<Residue VAL het=  resseq=107 icode= >,1d8l_A_A,2.5
841,1.635,GLY, ,N,78.79,1.89,1.0,<Residue GLY het=  resseq=108 icode= >,1d8l_A_A,2.5
842,32.318,GLY, ,CA,77.01,1.47,1.0,<Residue GLY het=  resseq=108 icode= >,1d8l_A_A,2.5
843,4.065,GLY, ,C,75.05,2.51,1.0,<Residue GLY het=  resseq=108 icode= >,1d8l_A_A,2.5
844,4.853,GLY, ,O,71.25,1.98,1.0,<Residue GLY het=  resseq=108 icode= >,1d8l_A_A,2.5
845,1.941,ALA, ,N,74.88,2.14,1.0,<Residue ALA het=  resseq=109 icode= >,1d8l_A_A,2.5
846,3.989,ALA, ,CA,74.66,1.96,1.0,<Residue ALA het=  resseq=109 icode= >,1d8l_A_A,2.5
847,0.0,ALA, ,C,75.36,2.33,1.0,<Residue ALA het=  resseq=109 icode= >,1d8l_A_A,2.5
848,0.0,ALA, ,O,75.01,2.01,1.0,<Residue ALA het=  resseq=109 icode= >,1d8l_A_A,2.5
849,14.844,ALA, ,CB,72.92,1.26,1.0,<Residue ALA het=  resseq=109 icode= >,1d8l_A_A,2.5
850,0.0,LEU, ,N,76.2,1.93,1.0,<Residue LEU het=  resseq=110 icode= >,1d8l_A_A,2.5
851,0.0,LEU, ,CA,74.46,1.97,1.0,<Residue LEU het=  resseq=110 icode= >,1d8l_A_A,2.5
852,0.0,LEU, ,C,74.14,2.34,1.0,<Residue LEU het=  resseq=110 icode= >,1d8l_A_A,2.5
853,0.0,LEU, ,O,73.28,1.36,1.0,<Residue LEU het=  resseq=110 icode= >,1d8l_A_A,2.5
854,0.206,LEU, ,CB,73.81,0.94,1.0,<Residue LEU het=  resseq=110 icode= >,1d8l_A_A,2.5
855,0.216,LEU, ,CG,71.77,1.27,1.0,<Residue LEU het=  resseq=110 icode= >,1d8l_A_A,2.5
856,0.078,LEU, ,CD1,67.13,0.38,1.0,<Residue LEU het=  resseq=110 icode= >,1d8l_A_A,2.5
857,0.193,LEU, ,CD2,73.06,0.41,1.0,<Residue LEU het=  resseq=110 icode= >,1d8l_A_A,2.5
858,0.0,VAL, ,N,78.41,1.74,1.0,<Residue VAL het=  resseq=111 icode= >,1d8l_A_A,2.5
859,0.0,VAL, ,CA,82.22,1.98,1.0,<Residue VAL het=  resseq=111 icode= >,1d8l_A_A,2.5
860,0.792,VAL, ,C,84.04,2.63,1.0,<Residue VAL het=  resseq=111 icode= >,1d8l_A_A,2.5
861,12.315,VAL, ,O,83.3,1.90,1.0,<Residue VAL het=  resseq=111 icode= >,1d8l_A_A,2.5
862,4.567,VAL, ,CB,83.72,1.16,1.0,<Residue VAL het=  resseq=111 icode= >,1d8l_A_A,2.5
863,32.48,VAL, ,CG1,82.1,0.27,1.0,<Residue VAL het=  resseq=111 icode= >,1d8l_A_A,2.5
864,7.167,VAL, ,CG2,83.46,1.01,1.0,<Residue VAL het=  resseq=111 icode= >,1d8l_A_A,2.5
865,0.41,LYS, ,N,87.24,2.33,1.0,<Residue LYS het=  resseq=112 icode= >,1d8l_A_A,2.5
866,10.712,LYS, ,CA,90.18,1.71,1.0,<Residue LYS het=  resseq=112 icode= >,1d8l_A_A,2.5
867,0.87,LYS, ,C,90.02,1.93,1.0,<Residue LYS het=  resseq=112 icode= >,1d8l_A_A,2.5
868,26.617,LYS, ,O,89.44,1.52,1.0,<Residue LYS het=  resseq=112 icode= >,1d8l_A_A,2.5
869,16.79,LYS, ,CB,93.67,1.23,1.0,<Residue LYS het=  resseq=112 icode= >,1d8l_A_A,2.5
870,7.211,LYS, ,CG,100.25,0.63,1.0,<Residue LYS het=  resseq=112 icode= >,1d8l_A_A,2.5
871,30.438,LYS, ,CD,104.04,-0.19,1.0,<Residue LYS het=  resseq=112 icode= >,1d8l_A_A,2.5
872,20.684,LYS, ,CE,107.03,-0.08,1.0,<Residue LYS het=  resseq=112 icode= >,1d8l_A_A,2.5
873,47.182,LYS, ,NZ,106.82,-0.08,1.0,<Residue LYS het=  resseq=112 icode= >,1d8l_A_A,2.5
874,0.0,LEU, ,N,92.02,1.42,1.0,<Residue LEU het=  resseq=113 icode= >,1d8l_A_A,2.5
875,2.761,LEU, ,CA,93.04,1.47,1.0,<Residue LEU het=  resseq=113 icode= >,1d8l_A_A,2.5
876,0.035,LEU, ,C,95.68,1.65,1.0,<Residue LEU het=  resseq=113 icode= >,1d8l_A_A,2.5
877,4.456,LEU, ,O,96.32,1.44,1.0,<Residue LEU het=  resseq=113 icode= >,1d8l_A_A,2.5
878,1.401,LEU, ,CB,87.87,1.31,1.0,<Residue LEU het=  resseq=113 icode= >,1d8l_A_A,2.5
879,0.0,LEU, ,CG,83.74,1.22,1.0,<Residue LEU het=  resseq=113 icode= >,1d8l_A_A,2.5
880,0.148,LEU, ,CD1,79.52,0.28,1.0,<Residue LEU het=  resseq=113 icode= >,1d8l_A_A,2.5
881,8.973,LEU, ,CD2,80.09,0.25,1.0,<Residue LEU het=  resseq=113 icode= >,1d8l_A_A,2.5
882,0.269,PRO, ,N,97.49,1.63,1.0,<Residue PRO het=  resseq=114 icode= >,1d8l_A_A,2.5
883,11.221,PRO, ,CA,96.6,1.53,1.0,<Residue PRO het=  resseq=114 icode= >,1d8l_A_A,2.5
884,1.195,PRO, ,C,95.33,2.09,1.0,<Residue PRO het=  resseq=114 icode= >,1d8l_A_A,2.5
885,1.327,PRO, ,O,94.72,1.08,1.0,<Residue PRO het=  resseq=114 icode= >,1d8l_A_A,2.5
886,35.724,PRO, ,CB,97.64,0.20,1.0,<Residue PRO het=  resseq=114 icode= >,1d8l_A_A,2.5
887,16.305,PRO, ,CG,100.79,-0.23,1.0,<Residue PRO het=  resseq=114 icode= >,1d8l_A_A,2.5
888,19.121,PRO, ,CD,100.55,0.28,1.0,<Residue PRO het=  resseq=114 icode= >,1d8l_A_A,2.5
889,13.786,GLY, ,N,95.91,1.56,1.0,<Residue GLY het=  resseq=115 icode= >,1d8l_A_A,2.5
890,43.003,GLY, ,CA,97.49,1.13,1.0,<Residue GLY het=  resseq=115 icode= >,1d8l_A_A,2.5
891,1.907,GLY, ,C,97.78,1.35,1.0,<Residue GLY het=  resseq=115 icode= >,1d8l_A_A,2.5
892,13.706,GLY, ,O,97.81,0.42,1.0,<Residue GLY het=  resseq=115 icode= >,1d8l_A_A,2.5
893,1.273,ILE, ,N,98.59,1.06,1.0,<Residue ILE het=  resseq=116 icode= >,1d8l_A_A,2.5
894,0.0,ILE, ,CA,97.79,1.64,1.0,<Residue ILE het=  resseq=116 icode= >,1d8l_A_A,2.5
895,0.912,ILE, ,C,98.41,1.55,1.0,<Residue ILE het=  resseq=116 icode= >,1d8l_A_A,2.5
896,8.142,ILE, ,O,99.52,0.63,1.0,<Residue ILE het=  resseq=116 icode= >,1d8l_A_A,2.5
897,1.191,ILE, ,CB,96.27,1.46,1.0,<Residue ILE het=  resseq=116 icode= >,1d8l_A_A,2.5
898,0.0,ILE, ,CG1,95.08,0.47,1.0,<Residue ILE het=  resseq=116 icode= >,1d8l_A_A,2.5
899,3.986,ILE, ,CG2,95.6,0.37,1.0,<Residue ILE het=  resseq=116 icode= >,1d8l_A_A,2.5
900,0.404,ILE, ,CD1,97.04,-0.29,1.0,<Residue ILE het=  resseq=116 icode= >,1d8l_A_A,2.5
901,2.169,GLY, ,N,98.96,0.96,1.0,<Residue GLY het=  resseq=117 icode= >,1d8l_A_A,2.5
902,14.614,GLY, ,CA,98.24,0.81,1.0,<Residue GLY het=  resseq=117 icode= >,1d8l_A_A,2.5
903,0.0,GLY, ,C,96.99,1.32,1.0,<Residue GLY het=  resseq=117 icode= >,1d8l_A_A,2.5
904,0.0,GLY, ,O,97.93,0.87,1.0,<Residue GLY het=  resseq=117 icode= >,1d8l_A_A,2.5
905,1.044,LYS, ,N,95.4,1.38,1.0,<Residue LYS het=  resseq=118 icode= >,1d8l_A_A,2.5
906,0.189,LYS, ,CA,93.85,1.58,1.0,<Residue LYS het=  resseq=118 icode= >,1d8l_A_A,2.5
907,1.202,LYS, ,C,90.59,2.14,1.0,<Residue LYS het=  resseq=118 icode= >,1d8l_A_A,2.5
908,0.922,LYS, ,O,87.9,1.68,1.0,<Residue LYS het=  resseq=118 icode= >,1d8l_A_A,2.5
909,19.886,LYS, ,CB,95.9,0.58,1.0,<Residue LYS het=  resseq=118 icode= >,1d8l_A_A,2.5
910,20.078,LYS, ,CG,100.02,-0.02,1.0,<Residue LYS het=  resseq=118 icode= >,1d8l_A_A,2.5
911,27.613,LYS, ,CD,100.4,0.14,1.0,<Residue LYS het=  resseq=118 icode= >,1d8l_A_A,2.5
912,30.867,LYS, ,CE,100.62,0.40,1.0,<Residue LYS het=  resseq=118 icode= >,1d8l_A_A,2.5
913,39.227,LYS, ,NZ,102.6,0.92,1.0,<Residue LYS het=  resseq=118 icode= >,1d8l_A_A,2.5
914,0.148,LYS, ,N,89.26,1.85,1.0,<Residue LYS het=  resseq=119 icode= >,1d8l_A_A,2.5
915,2.828,LYS, ,CA,87.44,2.04,1.0,<Residue LYS het=  resseq=119 icode= >,1d8l_A_A,2.5
916,0.0,LYS, ,C,85.1,1.94,1.0,<Residue LYS het=  resseq=119 icode= >,1d8l_A_A,2.5
917,0.736,LYS, ,O,86.84,0.93,1.0,<Residue LYS het=  resseq=119 icode= >,1d8l_A_A,2.5
918,20.374,LYS, ,CB,89.83,1.12,1.0,<Residue LYS het=  resseq=119 icode= >,1d8l_A_A,2.5
919,17.961,LYS, ,CG,93.35,0.33,1.0,<Residue LYS het=  resseq=119 icode= >,1d8l_A_A,2.5
920,28.259,LYS, ,CD,95.67,0.17,1.0,<Residue LYS het=  resseq=119 icode= >,1d8l_A_A,2.5
921,46.135,LYS, ,CE,97.84,0.10,1.0,<Residue LYS het=  resseq=119 icode= >,1d8l_A_A,2.5
922,46.333,LYS, ,NZ,98.26,0.78,1.0,<Residue LYS het=  resseq=119 icode= >,1d8l_A_A,2.5
923,0.0,THR, ,N,82.07,1.90,1.0,<Residue THR het=  resseq=120 icode= >,1d8l_A_A,2.5
924,0.0,THR, ,CA,77.69,2.05,1.0,<Residue THR het=  resseq=120 icode= >,1d8l_A_A,2.5
925,0.0,THR, ,C,72.0,2.95,1.0,<Residue THR het=  resseq=120 icode= >,1d8l_A_A,2.5
926,0.0,THR, ,O,68.61,2.14,1.0,<Residue THR het=  resseq=120 icode= >,1d8l_A_A,2.5
927,0.617,THR, ,CB,82.34,1.23,1.0,<Residue THR het=  resseq=120 icode= >,1d8l_A_A,2.5
928,0.0,THR, ,OG1,85.66,0.10,1.0,<Residue THR het=  resseq=120 icode= >,1d8l_A_A,2.5
929,32.19,THR, ,CG2,85.74,0.64,1.0,<Residue THR het=  resseq=120 icode= >,1d8l_A_A,2.5
930,0.0,ALA, ,N,67.29,2.65,1.0,<Residue ALA het=  resseq=121 icode= >,1d8l_A_A,2.5
931,0.0,ALA, ,CA,64.78,2.77,1.0,<Residue ALA het=  resseq=121 icode= >,1d8l_A_A,2.5
932,0.0,ALA, ,C,67.21,3.01,1.0,<Residue ALA het=  resseq=121 icode= >,1d8l_A_A,2.5
933,0.0,ALA, ,O,64.99,1.75,1.0,<Residue ALA het=  resseq=121 icode= >,1d8l_A_A,2.5
934,0.0,ALA, ,CB,64.92,1.03,1.0,<Residue ALA het=  resseq=121 icode= >,1d8l_A_A,2.5
935,0.0,GLU, ,N,72.01,1.65,1.0,<Residue GLU het=  resseq=122 icode= >,1d8l_A_A,2.5
936,0.446,GLU, ,CA,73.84,1.97,1.0,<Residue GLU het=  resseq=122 icode= >,1d8l_A_A,2.5
937,0.483,GLU, ,C,72.05,3.04,1.0,<Residue GLU het=  resseq=122 icode= >,1d8l_A_A,2.5
938,0.538,GLU, ,O,68.32,2.09,1.0,<Residue GLU het=  resseq=122 icode= >,1d8l_A_A,2.5
939,18.849,GLU, ,CB,80.56,1.19,1.0,<Residue GLU het=  resseq=122 icode= >,1d8l_A_A,2.5
940,10.823,GLU, ,CG,92.46,0.44,1.0,<Residue GLU het=  resseq=122 icode= >,1d8l_A_A,2.5
941,7.075,GLU, ,CD,98.8,0.02,1.0,<Residue GLU het=  resseq=122 icode= >,1d8l_A_A,2.5
942,19.157,GLU, ,OE1,99.36,-0.19,1.0,<Residue GLU het=  resseq=122 icode= >,1d8l_A_A,2.5
943,32.711,GLU, ,OE2,100.55,0.00,1.0,<Residue GLU het=  resseq=122 icode= >,1d8l_A_A,2.5
944,0.082,ARG, ,N,73.95,2.11,1.0,<Residue ARG het=  resseq=123 icode= >,1d8l_A_A,2.5
945,6.158,ARG, ,CA,75.34,2.02,1.0,<Residue ARG het=  resseq=123 icode= >,1d8l_A_A,2.5
946,0.0,ARG, ,C,73.86,2.91,1.0,<Residue ARG het=  resseq=123 icode= >,1d8l_A_A,2.5
947,0.0,ARG, ,O,73.03,2.05,1.0,<Residue ARG het=  resseq=123 icode= >,1d8l_A_A,2.5
948,0.266,ARG, ,CB,79.33,0.75,1.0,<Residue ARG het=  resseq=123 icode= >,1d8l_A_A,2.5
949,21.942,ARG, ,CG,86.77,0.44,1.0,<Residue ARG het=  resseq=123 icode= >,1d8l_A_A,2.5
950,21.589,ARG, ,CD,91.45,0.59,1.0,<Residue ARG het=  resseq=123 icode= >,1d8l_A_A,2.5
951,16.833,ARG, ,NE,95.6,0.15,1.0,<Residue ARG het=  resseq=123 icode= >,1d8l_A_A,2.5
952,2.269,ARG, ,CZ,95.9,0.66,1.0,<Residue ARG het=  resseq=123 icode= >,1d8l_A_A,2.5
953,0.696,ARG, ,NH1,96.57,0.40,1.0,<Residue ARG het=  resseq=123 icode= >,1d8l_A_A,2.5
954,13.843,ARG, ,NH2,97.74,-0.02,1.0,<Residue ARG het=  resseq=123 icode= >,1d8l_A_A,2.5
955,0.0,LEU, ,N,72.27,2.32,1.0,<Residue LEU het=  resseq=124 icode= >,1d8l_A_A,2.5
956,0.0,LEU, ,CA,71.17,2.03,1.0,<Residue LEU het=  resseq=124 icode= >,1d8l_A_A,2.5
957,0.0,LEU, ,C,70.88,3.08,1.0,<Residue LEU het=  resseq=124 icode= >,1d8l_A_A,2.5
958,0.0,LEU, ,O,69.7,2.06,1.0,<Residue LEU het=  resseq=124 icode= >,1d8l_A_A,2.5
959,0.071,LEU, ,CB,70.89,0.97,1.0,<Residue LEU het=  resseq=124 icode= >,1d8l_A_A,2.5
960,0.0,LEU, ,CG,65.98,1.77,1.0,<Residue LEU het=  resseq=124 icode= >,1d8l_A_A,2.5
961,0.134,LEU, ,CD1,65.05,0.78,1.0,<Residue LEU het=  resseq=124 icode= >,1d8l_A_A,2.5
962,0.0,LEU, ,CD2,63.35,0.75,1.0,<Residue LEU het=  resseq=124 icode= >,1d8l_A_A,2.5
963,0.0,ILE, ,N,71.18,2.26,1.0,<Residue ILE het=  resseq=125 icode= >,1d8l_A_A,2.5
964,0.0,ILE, ,CA,71.8,2.29,1.0,<Residue ILE het=  resseq=125 icode= >,1d8l_A_A,2.5
965,0.0,ILE, ,C,73.74,2.89,1.0,<Residue ILE het=  resseq=125 icode= >,1d8l_A_A,2.5
966,0.0,ILE, ,O,76.1,1.76,1.0,<Residue ILE het=  resseq=125 icode= >,1d8l_A_A,2.5
967,0.073,ILE, ,CB,70.61,1.44,1.0,<Residue ILE het=  resseq=125 icode= >,1d8l_A_A,2.5
968,0.219,ILE, ,CG1,66.04,0.89,1.0,<Residue ILE het=  resseq=125 icode= >,1d8l_A_A,2.5
969,3.546,ILE, ,CG2,69.51,0.49,1.0,<Residue ILE het=  resseq=125 icode= >,1d8l_A_A,2.5
970,0.497,ILE, ,CD1,67.41,-0.02,1.0,<Residue ILE het=  resseq=125 icode= >,1d8l_A_A,2.5
971,0.0,VAL, ,N,76.77,2.59,1.0,<Residue VAL het=  resseq=126 icode= >,1d8l_A_A,2.5
972,0.0,VAL, ,CA,80.01,2.61,1.0,<Residue VAL het=  resseq=126 icode= >,1d8l_A_A,2.5
973,0.0,VAL, ,C,79.84,2.75,1.0,<Residue VAL het=  resseq=126 icode= >,1d8l_A_A,2.5
974,0.0,VAL, ,O,81.16,1.31,1.0,<Residue VAL het=  resseq=126 icode= >,1d8l_A_A,2.5
975,2.813,VAL, ,CB,83.24,1.38,1.0,<Residue VAL het=  resseq=126 icode= >,1d8l_A_A,2.5
976,43.566,VAL, ,CG1,83.04,0.32,1.0,<Residue VAL het=  resseq=126 icode= >,1d8l_A_A,2.5
977,40.075,VAL, ,CG2,83.01,0.96,1.0,<Residue VAL het=  resseq=126 icode= >,1d8l_A_A,2.5
978,0.0,GLU, ,N,80.81,2.41,1.0,<Residue GLU het=  resseq=127 icode= >,1d8l_A_A,2.5
979,0.791,GLU, ,CA,81.7,2.42,1.0,<Residue GLU het=  resseq=127 icode= >,1d8l_A_A,2.5
980,0.0,GLU, ,C,83.66,2.24,1.0,<Residue GLU het=  resseq=127 icode= >,1d8l_A_A,2.5
981,0.116,GLU, ,O,83.34,1.69,1.0,<Residue GLU het=  resseq=127 icode= >,1d8l_A_A,2.5
982,0.0,GLU, ,CB,82.38,1.28,1.0,<Residue GLU het=  resseq=127 icode= >,1d8l_A_A,2.5
983,26.637,GLU, ,CG,87.99,1.06,1.0,<Residue GLU het=  resseq=127 icode= >,1d8l_A_A,2.5
984,7.605,GLU, ,CD,92.1,1.07,1.0,<Residue GLU het=  resseq=127 icode= >,1d8l_A_A,2.5
985,8.254,GLU, ,OE1,92.63,0.98,1.0,<Residue GLU het=  resseq=127 icode= >,1d8l_A_A,2.5
986,8.249,GLU, ,OE2,92.3,0.41,1.0,<Residue GLU het=  resseq=127 icode= >,1d8l_A_A,2.5
987,0.0,MET, ,N,86.65,1.86,1.0,<Residue MET het=  resseq=128 icode= >,1d8l_A_A,2.5
988,0.0,MET, ,CA,88.6,1.96,1.0,<Residue MET het=  resseq=128 icode= >,1d8l_A_A,2.5
989,0.0,MET, ,C,90.56,2.39,1.0,<Residue MET het=  resseq=128 icode= >,1d8l_A_A,2.5
990,0.0,MET, ,O,90.9,1.61,1.0,<Residue MET het=  resseq=128 icode= >,1d8l_A_A,2.5
991,0.0,MET, ,CB,85.79,1.23,1.0,<Residue MET het=  resseq=128 icode= >,1d8l_A_A,2.5
992,0.0,MET, ,CG,84.9,0.95,1.0,<Residue MET het=  resseq=128 icode= >,1d8l_A_A,2.5
993,0.0,MET, ,SD,79.39,2.57,1.0,<Residue MET het=  resseq=128 icode= >,1d8l_A_A,2.5
994,0.041,MET, ,CE,79.83,0.82,1.0,<Residue MET het=  resseq=128 icode= >,1d8l_A_A,2.5
995,0.0,LYS, ,N,93.17,1.85,1.0,<Residue LYS het=  resseq=129 icode= >,1d8l_A_A,2.5
996,0.0,LYS, ,CA,94.91,1.74,1.0,<Residue LYS het=  resseq=129 icode= >,1d8l_A_A,2.5
997,0.466,LYS, ,C,95.31,2.48,1.0,<Residue LYS het=  resseq=129 icode= >,1d8l_A_A,2.5
998,9.494,LYS, ,O,95.52,1.60,1.0,<Residue LYS het=  resseq=129 icode= >,1d8l_A_A,2.5
999,2.887,LYS, ,CB,95.09,1.40,1.0,<Residue LYS het=  resseq=129 icode= >,1d8l_A_A,2.5
1000,5.678,LYS, ,CG,97.39,0.99,1.0,<Residue LYS het=  resseq=129 icode= >,1d8l_A_A,2.5
1001,6.209,LYS, ,CD,99.55,-0.09,1.0,<Residue LYS het=  resseq=129 icode= >,1d8l_A_A,2.5
1002,29.826,LYS, ,CE,102.37,-0.15,1.0,<Residue LYS het=  resseq=129 icode= >,1d8l_A_A,2.5
1003,5.528,LYS, ,NZ,100.35,0.24,1.0,<Residue LYS het=  resseq=129 icode= >,1d8l_A_A,2.5
1004,0.0,ASP, ,N,96.62,2.21,1.0,<Residue ASP het=  resseq=130 icode= >,1d8l_A_A,2.5
1005,5.565,ASP, ,CA,98.48,2.22,1.0,<Residue ASP het=  resseq=130 icode= >,1d8l_A_A,2.5
1006,0.967,ASP, ,C,96.78,2.33,1.0,<Residue ASP het=  resseq=130 icode= >,1d8l_A_A,2.5
1007,2.47,ASP, ,O,96.99,1.49,1.0,<Residue ASP het=  resseq=130 icode= >,1d8l_A_A,2.5
1008,17.794,ASP, ,CB,103.9,1.50,1.0,<Residue ASP het=  resseq=130 icode= >,1d8l_A_A,2.5
1009,7.446,ASP, ,CG,108.68,0.62,1.0,<Residue ASP het=  resseq=130 icode= >,1d8l_A_A,2.5
1010,37.362,ASP, ,OD1,111.62,0.50,1.0,<Residue ASP het=  resseq=130 icode= >,1d8l_A_A,2.5
1011,12.933,ASP, ,OD2,110.39,0.42,1.0,<Residue ASP het=  resseq=130 icode= >,1d8l_A_A,2.5
1012,0.0,ARG, ,N,93.77,1.92,1.0,<Residue ARG het=  resseq=131 icode= >,1d8l_A_A,2.5
1013,6.319,ARG, ,CA,91.26,2.13,1.0,<Residue ARG het=  resseq=131 icode= >,1d8l_A_A,2.5
1014,0.519,ARG, ,C,91.99,2.51,1.0,<Residue ARG het=  resseq=131 icode= >,1d8l_A_A,2.5
1015,8.236,ARG, ,O,91.04,1.27,1.0,<Residue ARG het=  resseq=131 icode= >,1d8l_A_A,2.5
1016,0.151,ARG, ,CB,89.17,1.40,1.0,<Residue ARG het=  resseq=131 icode= >,1d8l_A_A,2.5
1017,21.808,ARG, ,CG,88.04,1.21,1.0,<Residue ARG het=  resseq=131 icode= >,1d8l_A_A,2.5
1018,1.227,ARG, ,CD,87.96,0.56,1.0,<Residue ARG het=  resseq=131 icode= >,1d8l_A_A,2.5
1019,8.392,ARG, ,NE,88.93,0.94,1.0,<Residue ARG het=  resseq=131 icode= >,1d8l_A_A,2.5
1020,0.0,ARG, ,CZ,89.5,1.30,1.0,<Residue ARG het=  resseq=131 icode= >,1d8l_A_A,2.5
1021,0.0,ARG, ,NH1,90.97,0.34,1.0,<Residue ARG het=  resseq=131 icode= >,1d8l_A_A,2.5
1022,7.968,ARG, ,NH2,87.99,0.63,1.0,<Residue ARG het=  resseq=131 icode= >,1d8l_A_A,2.5
1023,0.0,PHE, ,N,93.54,1.83,1.0,<Residue PHE het=  resseq=132 icode= >,1d8l_A_A,2.5
1024,4.547,PHE, ,CA,96.02,1.76,1.0,<Residue PHE het=  resseq=132 icode= >,1d8l_A_A,2.5
1025,0.736,PHE, ,C,100.12,1.63,1.0,<Residue PHE het=  resseq=132 icode= >,1d8l_A_A,2.5
1026,14.496,PHE, ,O,101.63,0.72,1.0,<Residue PHE het=  resseq=132 icode= >,1d8l_A_A,2.5
1027,8.695,PHE, ,CB,93.15,1.20,1.0,<Residue PHE het=  resseq=132 icode= >,1d8l_A_A,2.5
1028,3.057,PHE, ,CG,92.31,1.20,1.0,<Residue PHE het=  resseq=132 icode= >,1d8l_A_A,2.5
1029,7.144,PHE, ,CD1,92.33,0.98,1.0,<Residue PHE het=  resseq=132 icode= >,1d8l_A_A,2.5
1030,2.879,PHE, ,CD2,91.71,0.79,1.0,<Residue PHE het=  resseq=132 icode= >,1d8l_A_A,2.5
1031,3.289,PHE, ,CE1,90.83,0.83,1.0,<Residue PHE het=  resseq=132 icode= >,1d8l_A_A,2.5
1032,0.299,PHE, ,CE2,90.41,1.01,1.0,<Residue PHE het=  resseq=132 icode= >,1d8l_A_A,2.5
1033,0.36,PHE, ,CZ,90.82,0.72,1.0,<Residue PHE het=  resseq=132 icode= >,1d8l_A_A,2.5
1034,0.462,LYS, ,N,104.86,1.09,1.0,<Residue LYS het=  resseq=133 icode= >,1d8l_A_A,2.5
1035,11.307,LYS, ,CA,106.89,0.83,1.0,<Residue LYS het=  resseq=133 icode= >,1d8l_A_A,2.5
1036,0.879,LYS, ,C,107.79,1.06,1.0,<Residue LYS het=  resseq=133 icode= >,1d8l_A_A,2.5
1037,26.218,LYS, ,O,107.65,0.84,1.0,<Residue LYS het=  resseq=133 icode= >,1d8l_A_A,2.5
1038,29.441,LYS, ,CB,106.6,1.01,1.0,<Residue LYS het=  resseq=133 icode= >,1d8l_A_A,2.5
1039,8.871,LYS, ,CG,108.78,0.50,1.0,<Residue LYS het=  resseq=133 icode= >,1d8l_A_A,2.5
1040,20.365,LYS, ,CD,111.1,0.22,1.0,<Residue LYS het=  resseq=133 icode= >,1d8l_A_A,2.5
1041,32.366,LYS, ,CE,112.62,0.24,1.0,<Residue LYS het=  resseq=133 icode= >,1d8l_A_A,2.5
1042,46.382,LYS, ,NZ,113.47,0.31,1.0,<Residue LYS het=  resseq=133 icode= >,1d8l_A_A,2.5
1043,0.369,GLY, ,N,108.71,0.84,1.0,<Residue GLY het=  resseq=134 icode= >,1d8l_A_A,2.5
1044,29.489,GLY, ,CA,110.95,0.52,1.0,<Residue GLY het=  resseq=134 icode= >,1d8l_A_A,2.5
1045,4.329,GLY, ,C,112.76,0.69,1.0,<Residue GLY het=  resseq=134 icode= >,1d8l_A_A,2.5
1046,21.195,GLY, ,O,115.28,0.35,1.0,<Residue GLY het=  resseq=134 icode= >,1d8l_A_A,2.5
1047,3.021,LEU, ,N,111.32,0.68,1.0,<Residue LEU het=  resseq=135 icode= >,1d8l_A_A,2.5
1048,6.263,LEU, ,CA,110.21,1.33,1.0,<Residue LEU het=  resseq=135 icode= >,1d8l_A_A,2.5
1049,3.746,LEU, ,C,111.07,1.45,1.0,<Residue LEU het=  resseq=135 icode= >,1d8l_A_A,2.5
1050,26.45,LEU, ,O,111.6,0.96,1.0,<Residue LEU het=  resseq=135 icode= >,1d8l_A_A,2.5
1051,8.003,LEU, ,CB,107.64,0.51,1.0,<Residue LEU het=  resseq=135 icode= >,1d8l_A_A,2.5
1052,5.259,LEU, ,CG,105.06,0.21,1.0,<Residue LEU het=  resseq=135 icode= >,1d8l_A_A,2.5
1053,25.379,LEU, ,CD1,103.5,0.08,1.0,<Residue LEU het=  resseq=135 icode= >,1d8l_A_A,2.5
1054,12.355,LEU, ,CD2,102.07,0.06,1.0,<Residue LEU het=  resseq=135 icode= >,1d8l_A_A,2.5
1055,0.33,HIS, ,N,113.72,0.71,1.0,<Residue HIS het=  resseq=136 icode= >,1d8l_A_A,2.5
1056,9.596,HIS, ,CA,115.63,0.77,1.0,<Residue HIS het=  resseq=136 icode= >,1d8l_A_A,2.5
1057,4.009,HIS, ,C,115.0,1.41,1.0,<Residue HIS het=  resseq=136 icode= >,1d8l_A_A,2.5
1058,7.738,HIS, ,O,115.44,0.58,1.0,<Residue HIS het=  resseq=136 icode= >,1d8l_A_A,2.5
1059,29.842,HIS, ,CB,117.61,0.43,1.0,<Residue HIS het=  resseq=136 icode= >,1d8l_A_A,2.5
1060,2.694,HIS, ,CG,122.75,0.18,1.0,<Residue HIS het=  resseq=136 icode= >,1d8l_A_A,2.5
1061,16.151,HIS, ,ND1,126.05,-0.12,1.0,<Residue HIS het=  resseq=136 icode= >,1d8l_A_A,2.5
1062,21.823,HIS, ,CD2,123.33,0.01,1.0,<Residue HIS het=  resseq=136 icode= >,1d8l_A_A,2.5
1063,39.499,HIS, ,CE1,126.13,-0.07,1.0,<Residue HIS het=  resseq=136 icode= >,1d8l_A_A,2.5
1064,29.488,HIS, ,NE2,126.19,0.35,1.0,<Residue HIS het=  resseq=136 icode= >,1d8l_A_A,2.5
1065,6.61,GLY, ,N,114.15,1.03,1.0,<Residue GLY het=  resseq=137 icode= >,1d8l_A_A,2.5
1066,9.072,GLY, ,CA,112.86,0.54,1.0,<Residue GLY het=  resseq=137 icode= >,1d8l_A_A,2.5
1067,4.422,GLY, ,C,111.98,1.02,1.0,<Residue GLY het=  resseq=137 icode= >,1d8l_A_A,2.5
1068,13.069,GLY, ,O,109.08,1.41,1.0,<Residue GLY het=  resseq=137 icode= >,1d8l_A_A,2.5
1069,0.0,ASP, ,N,112.12,0.77,1.0,<Residue ASP het=  resseq=138 icode= >,1d8l_A_A,2.5
1070,10.055,ASP, ,CA,112.73,0.93,1.0,<Residue ASP het=  resseq=138 icode= >,1d8l_A_A,2.5
1071,1.122,ASP, ,C,113.86,0.95,1.0,<Residue ASP het=  resseq=138 icode= >,1d8l_A_A,2.5
1072,28.489,ASP, ,O,115.21,1.15,1.0,<Residue ASP het=  resseq=138 icode= >,1d8l_A_A,2.5
1073,17.941,ASP, ,CB,110.66,0.74,1.0,<Residue ASP het=  resseq=138 icode= >,1d8l_A_A,2.5
1074,7.719,ASP, ,CG,110.48,1.07,1.0,<Residue ASP het=  resseq=138 icode= >,1d8l_A_A,2.5
1075,22.536,ASP, ,OD1,111.51,0.59,1.0,<Residue ASP het=  resseq=138 icode= >,1d8l_A_A,2.5
1076,41.398,ASP, ,OD2,110.56,0.68,1.0,<Residue ASP het=  resseq=138 icode= >,1d8l_A_A,2.5
1077,0.293,LEU, ,N,112.74,0.44,1.0,<Residue LEU het=  resseq=139 icode= >,1d8l_A_A,2.5
1078,3.687,LEU, ,CA,110.4,0.83,1.0,<Residue LEU het=  resseq=139 icode= >,1d8l_A_A,2.5
1079,0.17,LEU, ,C,110.65,1.30,1.0,<Residue LEU het=  resseq=139 icode= >,1d8l_A_A,2.5
1080,2.34,LEU, ,O,108.78,0.91,1.0,<Residue LEU het=  resseq=139 icode= >,1d8l_A_A,2.5
1081,9.409,LEU, ,CB,108.81,0.52,1.0,<Residue LEU het=  resseq=139 icode= >,1d8l_A_A,2.5
1082,0.0,LEU, ,CG,107.65,0.71,1.0,<Residue LEU het=  resseq=139 icode= >,1d8l_A_A,2.5
1083,0.0,LEU, ,CD1,105.68,-0.62,1.0,<Residue LEU het=  resseq=139 icode= >,1d8l_A_A,2.5
1084,14.663,LEU, ,CD2,110.14,-0.04,1.0,<Residue LEU het=  resseq=139 icode= >,1d8l_A_A,2.5
1085,0.0,PHE, ,N,111.36,1.36,1.0,<Residue PHE het=  resseq=140 icode= >,1d8l_A_A,2.5
1086,2.2,PHE, ,CA,112.51,0.68,1.0,<Residue PHE het=  resseq=140 icode= >,1d8l_A_A,2.5
1087,21.246,PHE, ,C,111.8,0.83,1.0,<Residue PHE het=  resseq=140 icode= >,1d8l_A_A,2.5
1088,4.926,PHE, ,O,112.63,0.01,1.0,<Residue PHE het=  resseq=140 icode= >,1d8l_A_A,2.5
1089,12.427,PHE, ,CB,114.37,0.55,1.0,<Residue PHE het=  resseq=140 icode= >,1d8l_A_A,2.5
1090,3.228,PHE, ,CG,115.34,0.58,1.0,<Residue PHE het=  resseq=140 icode= >,1d8l_A_A,2.5
1091,16.733,PHE, ,CD1,116.05,0.14,1.0,<Residue PHE het=  resseq=140 icode= >,1d8l_A_A,2.5
1092,28.879,PHE, ,CD2,113.55,0.67,1.0,<Residue PHE het=  resseq=140 icode= >,1d8l_A_A,2.5
1093,36.383,PHE, ,CE1,117.21,-0.13,1.0,<Residue PHE het=  resseq=140 icode= >,1d8l_A_A,2.5
1094,36.363,PHE, ,CE2,113.83,0.57,1.0,<Residue PHE het=  resseq=140 icode= >,1d8l_A_A,2.5
1095,36.252,PHE, ,CZ,116.98,0.20,1.0,<Residue PHE het=  resseq=140 icode= >,1d8l_A_A,2.5
