,ASA,aa,altloc,atom,bfac,d2r,dASA,dens,occ,residue,id,resolu
0,53.586,GLY, ,N,19.23,2.96,0.0,3.63,1.0,<Residue GLY het=  resseq=2 icode= >,1egw_B_B,1.5
1,42.212,GLY, ,CA,18.44,3.12,0.0,2.48,1.0,<Residue GLY het=  resseq=2 icode= >,1egw_B_B,1.5
2,3.654,GLY, ,C,21.1,3.73,0.0,2.67,1.0,<Residue GLY het=  resseq=2 icode= >,1egw_B_B,1.5
3,20.461,GLY, ,O,21.35,3.23,0.0,3.65,1.0,<Residue GLY het=  resseq=2 icode= >,1egw_B_B,1.5
4,6.575,ARG, ,N,21.72,3.09,0.0,3.47,1.0,<Residue ARG het=  resseq=3 icode= >,1egw_B_B,1.5
5,3.114,ARG, ,CA,24.04,4.03,0.0,1.76,1.0,<Residue ARG het=  resseq=3 icode= >,1egw_B_B,1.5
6,0.241,ARG, ,C,25.38,3.94,0.0,2.60,1.0,<Residue ARG het=  resseq=3 icode= >,1egw_B_B,1.5
7,31.83,ARG, ,O,25.58,3.41,0.0,2.83,1.0,<Residue ARG het=  resseq=3 icode= >,1egw_B_B,1.5
8,27.409,ARG, ,CB,24.41,3.38,0.0,1.79,1.0,<Residue ARG het=  resseq=3 icode= >,1egw_B_B,1.5
9,28.901,ARG, ,CG,26.57,3.42,0.0,2.04,1.0,<Residue ARG het=  resseq=3 icode= >,1egw_B_B,1.5
10,20.667,ARG, ,CD,28.18,3.57,0.0,1.83,1.0,<Residue ARG het=  resseq=3 icode= >,1egw_B_B,1.5
11,18.311,ARG, ,NE,30.21,2.82,0.0,2.28,1.0,<Residue ARG het=  resseq=3 icode= >,1egw_B_B,1.5
12,7.5,ARG, ,CZ,29.27,2.92,0.0,3.12,1.0,<Residue ARG het=  resseq=3 icode= >,1egw_B_B,1.5
13,47.761,ARG, ,NH1,29.5,3.31,0.0,2.79,1.0,<Residue ARG het=  resseq=3 icode= >,1egw_B_B,1.5
14,59.301,ARG, ,NH2,30.88,3.03,0.0,1.96,1.0,<Residue ARG het=  resseq=3 icode= >,1egw_B_B,1.5
15,2.448,LYS, ,N,25.06,4.37,0.0,3.53,1.0,<Residue LYS het=  resseq=4 icode= >,1egw_B_B,1.5
16,7.187,LYS, ,CA,26.69,4.77,0.0,2.02,1.0,<Residue LYS het=  resseq=4 icode= >,1egw_B_B,1.5
17,0.644,LYS, ,C,26.98,4.41,0.0,3.06,1.0,<Residue LYS het=  resseq=4 icode= >,1egw_B_B,1.5
18,7.763,LYS, ,O,27.93,3.23,0.0,3.12,1.0,<Residue LYS het=  resseq=4 icode= >,1egw_B_B,1.5
19,56.435,LYS, ,CB,27.03,3.98,0.0,2.07,1.0,<Residue LYS het=  resseq=4 icode= >,1egw_B_B,1.5
20,10.434,LYS, ,N,27.79,4.18,0.0,3.06,1.0,<Residue LYS het=  resseq=5 icode= >,1egw_B_B,1.5
21,9.214,LYS, ,CA,28.78,4.27,0.0,2.71,1.0,<Residue LYS het=  resseq=5 icode= >,1egw_B_B,1.5
22,0.0,LYS, ,C,29.12,5.31,0.0,3.05,1.0,<Residue LYS het=  resseq=5 icode= >,1egw_B_B,1.5
23,18.426,LYS, ,O,29.34,5.32,0.0,3.02,1.0,<Residue LYS het=  resseq=5 icode= >,1egw_B_B,1.5
24,27.672,LYS, ,CB,30.11,4.02,0.0,1.97,1.0,<Residue LYS het=  resseq=5 icode= >,1egw_B_B,1.5
25,9.54,LYS, ,CG,31.84,3.66,0.0,1.87,1.0,<Residue LYS het=  resseq=5 icode= >,1egw_B_B,1.5
26,30.684,LYS, ,CD,34.63,3.86,0.0,1.70,1.0,<Residue LYS het=  resseq=5 icode= >,1egw_B_B,1.5
27,25.985,LYS, ,CE,35.8,3.87,0.0,1.61,1.0,<Residue LYS het=  resseq=5 icode= >,1egw_B_B,1.5
28,48.373,LYS, ,NZ,37.0,4.67,0.0,1.79,1.0,<Residue LYS het=  resseq=5 icode= >,1egw_B_B,1.5
29,2.296,ILE, ,N,29.73,4.85,0.0,2.63,1.0,<Residue ILE het=  resseq=6 icode= >,1egw_B_B,1.5
30,3.485,ILE, ,CA,29.06,5.23,0.0,2.70,1.0,<Residue ILE het=  resseq=6 icode= >,1egw_B_B,1.5
31,0.0,ILE, ,C,28.18,6.18,0.0,2.97,1.0,<Residue ILE het=  resseq=6 icode= >,1egw_B_B,1.5
32,6.616,ILE, ,O,27.61,5.18,0.0,3.22,1.0,<Residue ILE het=  resseq=6 icode= >,1egw_B_B,1.5
33,5.036,ILE, ,CB,29.79,4.31,0.0,1.78,1.0,<Residue ILE het=  resseq=6 icode= >,1egw_B_B,1.5
34,10.554,ILE, ,CG1,29.51,3.85,0.0,2.32,1.0,<Residue ILE het=  resseq=6 icode= >,1egw_B_B,1.5
35,42.504,ILE, ,CG2,29.49,3.31,0.0,1.19,1.0,<Residue ILE het=  resseq=6 icode= >,1egw_B_B,1.5
36,26.255,ILE, ,CD1,31.53,3.69,7.709,1.66,1.0,<Residue ILE het=  resseq=6 icode= >,1egw_B_B,1.5
37,4.751,GLN, ,N,27.25,7.19,0.0,3.43,1.0,<Residue GLN het=  resseq=7 icode= >,1egw_B_B,1.5
38,1.36,GLN, ,CA,26.12,7.74,0.0,3.07,1.0,<Residue GLN het=  resseq=7 icode= >,1egw_B_B,1.5
39,0.0,GLN, ,C,23.6,8.19,0.0,3.92,1.0,<Residue GLN het=  resseq=7 icode= >,1egw_B_B,1.5
40,5.237,GLN, ,O,23.38,7.66,2.646,4.08,1.0,<Residue GLN het=  resseq=7 icode= >,1egw_B_B,1.5
41,7.013,GLN, ,CB,28.99,9.02,0.0,1.33,1.0,<Residue GLN het=  resseq=7 icode= >,1egw_B_B,1.5
42,34.753,GLN, ,CG,29.75,9.07,0.0,1.29,0.5,<Residue GLN het=  resseq=7 icode= >,1egw_B_B,1.5
43,5.818,GLN, ,CD,31.24,8.23,0.0,1.53,0.5,<Residue GLN het=  resseq=7 icode= >,1egw_B_B,1.5
44,34.171,GLN, ,OE1,32.94,8.37,0.0,0.60,0.5,<Residue GLN het=  resseq=7 icode= >,1egw_B_B,1.5
45,30.984,GLN, ,NE2,32.64,7.61,0.0,0.70,0.5,<Residue GLN het=  resseq=7 icode= >,1egw_B_B,1.5
46,5.299,ILE, ,N,21.31,8.31,0.0,4.65,1.0,<Residue ILE het=  resseq=8 icode= >,1egw_B_B,1.5
47,1.314,ILE, ,CA,18.53,8.64,1.314,3.93,1.0,<Residue ILE het=  resseq=8 icode= >,1egw_B_B,1.5
48,0.752,ILE, ,C,18.46,9.93,0.752,3.62,1.0,<Residue ILE het=  resseq=8 icode= >,1egw_B_B,1.5
49,24.081,ILE, ,O,19.9,11.01,8.987,3.68,1.0,<Residue ILE het=  resseq=8 icode= >,1egw_B_B,1.5
50,10.402,ILE, ,CB,17.51,8.77,1.802,3.74,1.0,<Residue ILE het=  resseq=8 icode= >,1egw_B_B,1.5
51,30.999,ILE, ,CG1,16.74,7.35,11.943,3.25,1.0,<Residue ILE het=  resseq=8 icode= >,1egw_B_B,1.5
52,53.679,ILE, ,CG2,19.25,9.08,53.679,3.06,1.0,<Residue ILE het=  resseq=8 icode= >,1egw_B_B,1.5
53,22.388,ILE, ,CD1,16.09,6.23,17.54,3.32,1.0,<Residue ILE het=  resseq=8 icode= >,1egw_B_B,1.5
54,1.217,THR,x,N,15.03,9.82,1.217,4.32,0.4,<Residue THR het=  resseq=9 icode= >,1egw_B_B,1.5
55,7.291,THR,x,CA,15.34,10.99,3.982,2.83,0.4,<Residue THR het=  resseq=9 icode= >,1egw_B_B,1.5
56,3.613,THR,x,C,14.43,10.52,3.613,4.41,0.4,<Residue THR het=  resseq=9 icode= >,1egw_B_B,1.5
57,8.638,THR,x,O,14.53,9.39,8.049,4.93,0.4,<Residue THR het=  resseq=9 icode= >,1egw_B_B,1.5
58,13.251,THR,x,CB,15.17,10.62,0.0,3.75,0.4,<Residue THR het=  resseq=9 icode= >,1egw_B_B,1.5
59,19.465,THR,x,OG1,14.2,9.20,0.0,2.92,0.4,<Residue THR het=  resseq=9 icode= >,1egw_B_B,1.5
60,44.279,THR,x,CG2,16.24,11.20,0.0,0.86,0.4,<Residue THR het=  resseq=9 icode= >,1egw_B_B,1.5
61,12.904,ARG, ,N,19.26,11.47,6.762,3.74,1.0,<Residue ARG het=  resseq=10 icode= >,1egw_B_B,1.5
62,9.106,ARG, ,CA,19.59,11.30,9.106,3.21,1.0,<Residue ARG het=  resseq=10 icode= >,1egw_B_B,1.5
63,0.0,ARG, ,C,19.41,10.51,0.0,4.19,1.0,<Residue ARG het=  resseq=10 icode= >,1egw_B_B,1.5
64,7.993,ARG, ,O,19.53,10.52,0.0,4.80,1.0,<Residue ARG het=  resseq=10 icode= >,1egw_B_B,1.5
65,22.211,ARG, ,CB,19.61,12.70,4.904,3.40,1.0,<Residue ARG het=  resseq=10 icode= >,1egw_B_B,1.5
66,8.007,ARG, ,CG,22.04,12.91,8.007,2.83,1.0,<Residue ARG het=  resseq=10 icode= >,1egw_B_B,1.5
67,29.953,ARG, ,CD,20.94,14.44,6.302,3.04,1.0,<Residue ARG het=  resseq=10 icode= >,1egw_B_B,1.5
68,17.463,ARG, ,NE,24.11,14.87,14.323,3.17,1.0,<Residue ARG het=  resseq=10 icode= >,1egw_B_B,1.5
69,4.472,ARG, ,CZ,22.61,14.86,0.0,3.44,1.0,<Residue ARG het=  resseq=10 icode= >,1egw_B_B,1.5
70,6.546,ARG, ,NH1,23.16,14.19,0.0,2.73,1.0,<Residue ARG het=  resseq=10 icode= >,1egw_B_B,1.5
71,32.141,ARG, ,NH2,25.98,15.48,4.755,2.17,1.0,<Residue ARG het=  resseq=10 icode= >,1egw_B_B,1.5
72,2.357,ILE, ,N,17.49,9.72,2.357,4.48,1.0,<Residue ILE het=  resseq=11 icode= >,1egw_B_B,1.5
73,6.154,ILE, ,CA,18.78,8.75,0.0,2.92,1.0,<Residue ILE het=  resseq=11 icode= >,1egw_B_B,1.5
74,0.0,ILE, ,C,20.83,9.79,0.0,3.39,1.0,<Residue ILE het=  resseq=11 icode= >,1egw_B_B,1.5
75,0.0,ILE, ,O,19.31,10.64,0.0,5.35,1.0,<Residue ILE het=  resseq=11 icode= >,1egw_B_B,1.5
76,0.08,ILE, ,CB,19.46,7.92,0.08,2.58,1.0,<Residue ILE het=  resseq=11 icode= >,1egw_B_B,1.5
77,15.476,ILE, ,CG1,19.05,7.08,5.196,3.43,1.0,<Residue ILE het=  resseq=11 icode= >,1egw_B_B,1.5
78,5.693,ILE, ,CG2,20.04,7.27,0.0,2.46,1.0,<Residue ILE het=  resseq=11 icode= >,1egw_B_B,1.5
79,16.01,ILE, ,CD1,16.09,6.11,13.807,3.48,1.0,<Residue ILE het=  resseq=11 icode= >,1egw_B_B,1.5
80,5.216,MET, ,N,21.38,9.91,0.0,3.78,1.0,<Residue MET het=  resseq=12 icode= >,1egw_B_B,1.5
81,0.0,MET, ,CA,22.82,11.11,0.0,2.80,1.0,<Residue MET het=  resseq=12 icode= >,1egw_B_B,1.5
82,1.233,MET, ,C,22.88,11.20,0.0,3.91,1.0,<Residue MET het=  resseq=12 icode= >,1egw_B_B,1.5
83,19.401,MET, ,O,22.54,12.33,0.0,4.00,1.0,<Residue MET het=  resseq=12 icode= >,1egw_B_B,1.5
84,23.275,MET, ,CB,24.29,11.65,0.0,1.50,1.0,<Residue MET het=  resseq=12 icode= >,1egw_B_B,1.5
85,27.788,MET, ,CG,25.99,11.99,0.0,1.48,1.0,<Residue MET het=  resseq=12 icode= >,1egw_B_B,1.5
86,13.874,MET, ,SD,25.7,13.33,0.0,6.11,1.0,<Residue MET het=  resseq=12 icode= >,1egw_B_B,1.5
87,63.802,MET, ,CE,26.72,14.76,0.0,1.21,1.0,<Residue MET het=  resseq=12 icode= >,1egw_B_B,1.5
88,1.756,ASP, ,N,24.24,10.13,0.0,3.12,1.0,<Residue ASP het=  resseq=13 icode= >,1egw_B_B,1.5
89,6.946,ASP, ,CA,25.53,10.32,0.0,2.37,1.0,<Residue ASP het=  resseq=13 icode= >,1egw_B_B,1.5
90,0.0,ASP, ,C,24.87,10.53,0.0,2.83,1.0,<Residue ASP het=  resseq=13 icode= >,1egw_B_B,1.5
91,0.0,ASP, ,O,21.95,9.72,0.0,4.29,1.0,<Residue ASP het=  resseq=13 icode= >,1egw_B_B,1.5
92,24.073,ASP, ,CB,27.97,9.26,0.0,2.86,1.0,<Residue ASP het=  resseq=13 icode= >,1egw_B_B,1.5
93,7.924,ASP, ,CG,32.27,9.63,0.0,1.85,1.0,<Residue ASP het=  resseq=13 icode= >,1egw_B_B,1.5
94,32.693,ASP, ,OD1,34.17,10.79,0.0,1.64,1.0,<Residue ASP het=  resseq=13 icode= >,1egw_B_B,1.5
95,9.933,ASP, ,OD2,34.41,8.91,0.0,2.32,1.0,<Residue ASP het=  resseq=13 icode= >,1egw_B_B,1.5
96,4.88,GLU, ,N,23.77,11.73,0.0,3.73,1.0,<Residue GLU het=  resseq=14 icode= >,1egw_B_B,1.5
97,0.0,GLU, ,CA,24.3,11.19,0.0,3.10,1.0,<Residue GLU het=  resseq=14 icode= >,1egw_B_B,1.5
98,0.0,GLU, ,C,23.36,9.95,0.0,3.92,1.0,<Residue GLU het=  resseq=14 icode= >,1egw_B_B,1.5
99,0.247,GLU, ,O,21.43,10.01,0.0,4.75,1.0,<Residue GLU het=  resseq=14 icode= >,1egw_B_B,1.5
100,18.995,GLU, ,CB,25.58,11.04,0.0,2.60,1.0,<Residue GLU het=  resseq=14 icode= >,1egw_B_B,1.5
101,12.372,GLU, ,CG,30.19,10.92,0.0,1.84,1.0,<Residue GLU het=  resseq=14 icode= >,1egw_B_B,1.5
102,12.451,GLU, ,CD,31.66,10.84,0.0,1.03,0.5,<Residue GLU het=  resseq=14 icode= >,1egw_B_B,1.5
103,38.181,GLU, ,OE1,32.83,9.80,0.0,0.66,0.5,<Residue GLU het=  resseq=14 icode= >,1egw_B_B,1.5
104,40.603,GLU, ,OE2,33.53,11.93,0.0,0.79,0.5,<Residue GLU het=  resseq=14 icode= >,1egw_B_B,1.5
105,1.513,ARG, ,N,22.8,8.98,0.0,3.62,1.0,<Residue ARG het=  resseq=15 icode= >,1egw_B_B,1.5
106,5.468,ARG,x,CA,21.73,7.78,0.0,2.66,0.5,<Residue ARG het=  resseq=15 icode= >,1egw_B_B,1.5
107,0.0,ARG, ,C,22.2,8.37,0.0,3.53,1.0,<Residue ARG het=  resseq=15 icode= >,1egw_B_B,1.5
108,0.193,ARG, ,O,20.99,8.19,0.0,5.28,1.0,<Residue ARG het=  resseq=15 icode= >,1egw_B_B,1.5
109,15.708,ARG,x,CB,23.28,6.86,0.0,2.62,0.5,<Residue ARG het=  resseq=15 icode= >,1egw_B_B,1.5
110,6.168,ARG,x,CG,25.0,5.65,0.0,1.07,0.5,<Residue ARG het=  resseq=15 icode= >,1egw_B_B,1.5
111,34.973,ARG,x,CD,26.7,5.08,0.0,0.23,0.5,<Residue ARG het=  resseq=15 icode= >,1egw_B_B,1.5
112,18.418,ARG,x,NE,28.82,3.98,0.0,0.62,0.5,<Residue ARG het=  resseq=15 icode= >,1egw_B_B,1.5
113,5.673,ARG,x,CZ,29.73,2.69,0.0,0.39,0.5,<Residue ARG het=  resseq=15 icode= >,1egw_B_B,1.5
114,45.295,ARG,x,NH1,30.7,2.64,0.0,0.42,0.5,<Residue ARG het=  resseq=15 icode= >,1egw_B_B,1.5
115,59.056,ARG,x,NH2,30.55,2.06,0.0,0.51,0.5,<Residue ARG het=  resseq=15 icode= >,1egw_B_B,1.5
116,0.563,ASN, ,N,21.31,8.47,0.0,3.67,1.0,<Residue ASN het=  resseq=16 icode= >,1egw_B_B,1.5
117,3.998,ASN, ,CA,21.3,7.21,0.0,3.22,1.0,<Residue ASN het=  resseq=16 icode= >,1egw_B_B,1.5
118,0.0,ASN, ,C,20.21,7.58,0.0,3.96,1.0,<Residue ASN het=  resseq=16 icode= >,1egw_B_B,1.5
119,0.0,ASN, ,O,18.89,7.31,0.0,4.68,1.0,<Residue ASN het=  resseq=16 icode= >,1egw_B_B,1.5
120,16.114,ASN, ,CB,24.74,6.02,0.0,2.29,1.0,<Residue ASN het=  resseq=16 icode= >,1egw_B_B,1.5
121,5.655,ASN, ,CG,27.79,4.73,0.0,2.16,1.0,<Residue ASN het=  resseq=16 icode= >,1egw_B_B,1.5
122,18.225,ASN, ,OD1,28.76,4.58,0.0,2.62,1.0,<Residue ASN het=  resseq=16 icode= >,1egw_B_B,1.5
123,31.427,ASN, ,ND2,28.75,4.20,0.0,2.02,1.0,<Residue ASN het=  resseq=16 icode= >,1egw_B_B,1.5
124,0.0,ARG, ,N,18.11,8.50,0.0,4.93,1.0,<Residue ARG het=  resseq=17 icode= >,1egw_B_B,1.5
125,0.0,ARG, ,CA,17.14,8.92,0.0,4.04,1.0,<Residue ARG het=  resseq=17 icode= >,1egw_B_B,1.5
126,0.076,ARG, ,C,16.56,8.95,0.0,4.65,1.0,<Residue ARG het=  resseq=17 icode= >,1egw_B_B,1.5
127,1.257,ARG, ,O,16.27,8.30,1.257,5.67,1.0,<Residue ARG het=  resseq=17 icode= >,1egw_B_B,1.5
128,0.316,ARG, ,CB,17.04,10.16,0.0,3.63,1.0,<Residue ARG het=  resseq=17 icode= >,1egw_B_B,1.5
129,17.304,ARG, ,CG,20.18,10.21,13.62,3.10,1.0,<Residue ARG het=  resseq=17 icode= >,1egw_B_B,1.5
130,10.087,ARG, ,CD,19.98,11.46,10.087,2.66,1.0,<Residue ARG het=  resseq=17 icode= >,1egw_B_B,1.5
131,2.105,ARG, ,NE,20.07,12.68,0.0,3.37,1.0,<Residue ARG het=  resseq=17 icode= >,1egw_B_B,1.5
132,0.0,ARG, ,CZ,20.91,13.21,0.0,3.28,1.0,<Residue ARG het=  resseq=17 icode= >,1egw_B_B,1.5
133,1.154,ARG, ,NH1,20.6,12.54,0.0,3.62,1.0,<Residue ARG het=  resseq=17 icode= >,1egw_B_B,1.5
134,21.216,ARG, ,NH2,23.27,14.21,0.0,2.77,1.0,<Residue ARG het=  resseq=17 icode= >,1egw_B_B,1.5
135,0.226,GLN, ,N,15.7,9.91,0.0,4.41,1.0,<Residue GLN het=  resseq=18 icode= >,1egw_B_B,1.5
136,1.771,GLN, ,CA,17.58,10.36,0.0,3.39,1.0,<Residue GLN het=  resseq=18 icode= >,1egw_B_B,1.5
137,0.0,GLN, ,C,15.5,9.52,0.0,4.81,1.0,<Residue GLN het=  resseq=18 icode= >,1egw_B_B,1.5
138,0.0,GLN, ,O,17.07,9.50,0.0,5.22,1.0,<Residue GLN het=  resseq=18 icode= >,1egw_B_B,1.5
139,8.171,GLN, ,CB,19.86,9.45,0.0,3.19,1.0,<Residue GLN het=  resseq=18 icode= >,1egw_B_B,1.5
140,33.942,GLN, ,CG,28.87,9.26,0.0,1.56,1.0,<Residue GLN het=  resseq=18 icode= >,1egw_B_B,1.5
141,5.422,GLN, ,CD,33.86,10.32,0.0,1.23,1.0,<Residue GLN het=  resseq=18 icode= >,1egw_B_B,1.5
142,18.077,GLN, ,OE1,36.3,11.52,0.0,1.67,1.0,<Residue GLN het=  resseq=18 icode= >,1egw_B_B,1.5
143,21.04,GLN, ,NE2,35.89,9.71,0.0,0.96,1.0,<Residue GLN het=  resseq=18 icode= >,1egw_B_B,1.5
144,0.0,VAL, ,N,15.7,9.08,0.0,5.20,1.0,<Residue VAL het=  resseq=19 icode= >,1egw_B_B,1.5
145,3.227,VAL, ,CA,16.27,8.26,0.0,3.92,1.0,<Residue VAL het=  resseq=19 icode= >,1egw_B_B,1.5
146,0.0,VAL, ,C,15.26,7.17,0.0,4.48,1.0,<Residue VAL het=  resseq=19 icode= >,1egw_B_B,1.5
147,0.0,VAL, ,O,15.95,7.12,0.0,5.75,1.0,<Residue VAL het=  resseq=19 icode= >,1egw_B_B,1.5
148,0.882,VAL, ,CB,17.32,7.19,0.0,3.47,1.0,<Residue VAL het=  resseq=19 icode= >,1egw_B_B,1.5
149,29.186,VAL, ,CG1,20.78,6.20,0.0,2.18,1.0,<Residue VAL het=  resseq=19 icode= >,1egw_B_B,1.5
150,38.303,VAL, ,CG2,18.92,6.52,0.0,2.15,1.0,<Residue VAL het=  resseq=19 icode= >,1egw_B_B,1.5
151,0.0,THR, ,N,14.93,6.33,0.0,4.60,1.0,<Residue THR het=  resseq=20 icode= >,1egw_B_B,1.5
152,1.295,THR, ,CA,14.19,5.17,0.0,4.34,1.0,<Residue THR het=  resseq=20 icode= >,1egw_B_B,1.5
153,0.0,THR, ,C,14.58,5.85,0.0,4.99,1.0,<Residue THR het=  resseq=20 icode= >,1egw_B_B,1.5
154,0.0,THR, ,O,14.49,5.59,0.0,5.91,1.0,<Residue THR het=  resseq=20 icode= >,1egw_B_B,1.5
155,0.308,THR, ,CB,13.83,4.63,0.308,3.75,1.0,<Residue THR het=  resseq=20 icode= >,1egw_B_B,1.5
156,11.346,THR, ,OG1,17.09,4.32,0.0,5.29,1.0,<Residue THR het=  resseq=20 icode= >,1egw_B_B,1.5
157,16.993,THR, ,CG2,13.63,3.74,9.549,3.48,1.0,<Residue THR het=  resseq=20 icode= >,1egw_B_B,1.5
158,0.168,PHE, ,N,12.95,7.04,0.168,5.65,1.0,<Residue PHE het=  resseq=21 icode= >,1egw_B_B,1.5
159,6.837,PHE, ,CA,13.3,7.98,6.837,4.48,1.0,<Residue PHE het=  resseq=21 icode= >,1egw_B_B,1.5
160,0.0,PHE, ,C,13.76,8.42,0.0,4.43,1.0,<Residue PHE het=  resseq=21 icode= >,1egw_B_B,1.5
161,0.166,PHE, ,O,13.07,8.02,0.166,6.77,1.0,<Residue PHE het=  resseq=21 icode= >,1egw_B_B,1.5
162,6.157,PHE, ,CB,13.46,9.29,3.663,4.20,1.0,<Residue PHE het=  resseq=21 icode= >,1egw_B_B,1.5
163,0.681,PHE, ,CG,14.7,10.39,0.0,4.09,1.0,<Residue PHE het=  resseq=21 icode= >,1egw_B_B,1.5
164,20.79,PHE, ,CD1,15.72,10.63,19.727,3.65,1.0,<Residue PHE het=  resseq=21 icode= >,1egw_B_B,1.5
165,0.545,PHE, ,CD2,15.6,11.36,0.0,3.50,1.0,<Residue PHE het=  resseq=21 icode= >,1egw_B_B,1.5
166,6.967,PHE, ,CE1,17.32,11.74,4.575,3.13,1.0,<Residue PHE het=  resseq=21 icode= >,1egw_B_B,1.5
167,1.281,PHE, ,CE2,16.98,11.38,0.0,3.72,1.0,<Residue PHE het=  resseq=21 icode= >,1egw_B_B,1.5
168,0.0,PHE, ,CZ,18.46,11.61,0.0,3.31,1.0,<Residue PHE het=  resseq=21 icode= >,1egw_B_B,1.5
169,0.0,THR, ,N,14.21,8.86,0.0,4.54,1.0,<Residue THR het=  resseq=22 icode= >,1egw_B_B,1.5
170,0.03,THR, ,CA,15.6,9.03,0.0,3.67,1.0,<Residue THR het=  resseq=22 icode= >,1egw_B_B,1.5
171,0.0,THR, ,C,14.61,7.62,0.0,4.82,1.0,<Residue THR het=  resseq=22 icode= >,1egw_B_B,1.5
172,1.185,THR, ,O,14.87,7.30,0.0,6.03,1.0,<Residue THR het=  resseq=22 icode= >,1egw_B_B,1.5
173,5.15,THR, ,CB,17.01,9.06,0.0,3.66,1.0,<Residue THR het=  resseq=22 icode= >,1egw_B_B,1.5
174,9.079,THR, ,OG1,18.14,8.86,0.0,4.79,1.0,<Residue THR het=  resseq=22 icode= >,1egw_B_B,1.5
175,58.378,THR, ,CG2,19.37,8.53,0.0,2.17,1.0,<Residue THR het=  resseq=22 icode= >,1egw_B_B,1.5
176,0.0,LYS, ,N,13.94,6.99,0.0,5.31,1.0,<Residue LYS het=  resseq=23 icode= >,1egw_B_B,1.5
177,6.197,LYS, ,CA,14.88,5.72,0.0,4.09,1.0,<Residue LYS het=  resseq=23 icode= >,1egw_B_B,1.5
178,1.048,LYS, ,C,12.19,4.60,0.0,4.92,1.0,<Residue LYS het=  resseq=23 icode= >,1egw_B_B,1.5
179,6.434,LYS, ,O,11.39,4.01,0.0,6.55,1.0,<Residue LYS het=  resseq=23 icode= >,1egw_B_B,1.5
180,12.032,LYS, ,CB,16.94,5.33,0.0,3.82,1.0,<Residue LYS het=  resseq=23 icode= >,1egw_B_B,1.5
181,17.418,LYS, ,CG,21.3,5.72,0.0,2.42,1.0,<Residue LYS het=  resseq=23 icode= >,1egw_B_B,1.5
182,17.102,LYS, ,CD,23.36,4.42,0.0,2.48,1.0,<Residue LYS het=  resseq=23 icode= >,1egw_B_B,1.5
183,33.248,LYS, ,CE,27.85,3.97,0.0,1.79,1.0,<Residue LYS het=  resseq=23 icode= >,1egw_B_B,1.5
184,46.256,LYS, ,NZ,28.28,2.82,0.0,2.13,1.0,<Residue LYS het=  resseq=23 icode= >,1egw_B_B,1.5
185,0.0,ARG, ,N,11.17,4.70,0.0,5.86,1.0,<Residue ARG het=  resseq=24 icode= >,1egw_B_B,1.5
186,3.218,ARG, ,CA,8.42,4.15,0.0,5.77,1.0,<Residue ARG het=  resseq=24 icode= >,1egw_B_B,1.5
187,1.399,ARG, ,C,11.22,4.89,1.399,5.23,1.0,<Residue ARG het=  resseq=24 icode= >,1egw_B_B,1.5
188,1.998,ARG, ,O,10.59,4.71,0.0,7.28,1.0,<Residue ARG het=  resseq=24 icode= >,1egw_B_B,1.5
189,14.742,ARG, ,CB,10.38,4.57,11.434,4.45,1.0,<Residue ARG het=  resseq=24 icode= >,1egw_B_B,1.5
190,18.399,ARG, ,CG,10.25,3.82,0.0,4.57,1.0,<Residue ARG het=  resseq=24 icode= >,1egw_B_B,1.5
191,13.407,ARG, ,CD,11.11,3.96,13.407,4.43,1.0,<Residue ARG het=  resseq=24 icode= >,1egw_B_B,1.5
192,8.833,ARG, ,NE,13.05,3.14,1.345,5.19,1.0,<Residue ARG het=  resseq=24 icode= >,1egw_B_B,1.5
193,5.719,ARG, ,CZ,12.74,3.43,1.95,5.26,1.0,<Residue ARG het=  resseq=24 icode= >,1egw_B_B,1.5
194,45.123,ARG, ,NH1,12.17,3.94,28.746,5.28,1.0,<Residue ARG het=  resseq=24 icode= >,1egw_B_B,1.5
195,31.943,ARG, ,NH2,14.93,2.60,3.622,4.99,1.0,<Residue ARG het=  resseq=24 icode= >,1egw_B_B,1.5
196,0.96,LYS, ,N,11.56,6.07,0.96,5.89,1.0,<Residue LYS het=  resseq=25 icode= >,1egw_B_B,1.5
197,3.118,LYS, ,CA,11.32,7.04,3.118,4.46,1.0,<Residue LYS het=  resseq=25 icode= >,1egw_B_B,1.5
198,0.0,LYS, ,C,12.1,5.86,0.0,5.13,1.0,<Residue LYS het=  resseq=25 icode= >,1egw_B_B,1.5
199,0.0,LYS, ,O,10.79,5.32,0.0,6.67,1.0,<Residue LYS het=  resseq=25 icode= >,1egw_B_B,1.5
200,1.354,LYS, ,CB,13.41,7.91,1.354,4.01,1.0,<Residue LYS het=  resseq=25 icode= >,1egw_B_B,1.5
201,0.0,LYS, ,CG,16.51,7.35,0.0,3.40,1.0,<Residue LYS het=  resseq=25 icode= >,1egw_B_B,1.5
202,0.0,LYS, ,CD,21.05,8.15,0.0,2.76,1.0,<Residue LYS het=  resseq=25 icode= >,1egw_B_B,1.5
203,3.175,LYS, ,CE,22.74,8.11,0.0,2.20,1.0,<Residue LYS het=  resseq=25 icode= >,1egw_B_B,1.5
204,28.487,LYS, ,NZ,24.17,7.01,0.0,2.89,1.0,<Residue LYS het=  resseq=25 icode= >,1egw_B_B,1.5
205,0.0,PHE, ,N,12.09,5.47,0.0,5.60,1.0,<Residue PHE het=  resseq=26 icode= >,1egw_B_B,1.5
206,4.321,PHE, ,CA,10.87,4.15,0.0,4.73,1.0,<Residue PHE het=  resseq=26 icode= >,1egw_B_B,1.5
207,0.0,PHE, ,C,11.76,4.06,0.0,4.58,1.0,<Residue PHE het=  resseq=26 icode= >,1egw_B_B,1.5
208,1.175,PHE, ,O,10.93,3.22,0.0,6.35,1.0,<Residue PHE het=  resseq=26 icode= >,1egw_B_B,1.5
209,9.497,PHE, ,CB,12.14,4.60,0.0,4.75,1.0,<Residue PHE het=  resseq=26 icode= >,1egw_B_B,1.5
210,3.218,PHE, ,CG,15.14,3.87,0.0,3.76,1.0,<Residue PHE het=  resseq=26 icode= >,1egw_B_B,1.5
211,27.704,PHE, ,CD1,17.41,3.54,0.0,3.41,1.0,<Residue PHE het=  resseq=26 icode= >,1egw_B_B,1.5
212,12.429,PHE, ,CD2,16.04,4.12,0.0,3.31,1.0,<Residue PHE het=  resseq=26 icode= >,1egw_B_B,1.5
213,37.712,PHE, ,CE1,19.23,3.49,0.0,3.32,1.0,<Residue PHE het=  resseq=26 icode= >,1egw_B_B,1.5
214,16.908,PHE, ,CE2,19.19,4.08,0.0,2.72,1.0,<Residue PHE het=  resseq=26 icode= >,1egw_B_B,1.5
215,32.888,PHE, ,CZ,17.97,3.57,0.0,3.16,1.0,<Residue PHE het=  resseq=26 icode= >,1egw_B_B,1.5
216,0.0,GLY, ,N,11.21,4.28,0.0,4.94,1.0,<Residue GLY het=  resseq=27 icode= >,1egw_B_B,1.5
217,24.811,GLY, ,CA,11.97,3.68,0.0,3.81,1.0,<Residue GLY het=  resseq=27 icode= >,1egw_B_B,1.5
218,3.557,GLY, ,C,10.97,4.63,0.0,4.82,1.0,<Residue GLY het=  resseq=27 icode= >,1egw_B_B,1.5
219,0.736,GLY, ,O,12.18,5.16,0.0,6.44,1.0,<Residue GLY het=  resseq=27 icode= >,1egw_B_B,1.5
220,1.078,LEU, ,N,10.45,5.12,0.0,6.06,1.0,<Residue LEU het=  resseq=28 icode= >,1egw_B_B,1.5
221,2.711,LEU, ,CA,11.49,6.29,0.0,4.73,1.0,<Residue LEU het=  resseq=28 icode= >,1egw_B_B,1.5
222,0.0,LEU, ,C,9.67,6.21,0.0,5.53,1.0,<Residue LEU het=  resseq=28 icode= >,1egw_B_B,1.5
223,0.167,LEU, ,O,10.11,6.67,0.167,7.86,1.0,<Residue LEU het=  resseq=28 icode= >,1egw_B_B,1.5
224,4.734,LEU, ,CB,10.64,6.61,1.257,4.21,1.0,<Residue LEU het=  resseq=28 icode= >,1egw_B_B,1.5
225,0.0,LEU, ,CG,12.1,7.71,0.0,4.25,1.0,<Residue LEU het=  resseq=28 icode= >,1egw_B_B,1.5
226,52.299,LEU, ,CD1,15.28,7.39,44.683,3.10,1.0,<Residue LEU het=  resseq=28 icode= >,1egw_B_B,1.5
227,28.407,LEU, ,CD2,12.54,8.38,28.407,3.82,1.0,<Residue LEU het=  resseq=28 icode= >,1egw_B_B,1.5
228,0.0,MET, ,N,10.08,5.11,0.0,6.05,1.0,<Residue MET het=  resseq=29 icode= >,1egw_B_B,1.5
229,0.0,MET, ,CA,11.1,4.47,0.0,4.63,1.0,<Residue MET het=  resseq=29 icode= >,1egw_B_B,1.5
230,1.422,MET, ,C,11.01,3.66,0.0,5.65,1.0,<Residue MET het=  resseq=29 icode= >,1egw_B_B,1.5
231,0.397,MET, ,O,11.53,3.67,0.0,7.53,1.0,<Residue MET het=  resseq=29 icode= >,1egw_B_B,1.5
232,10.468,MET, ,CB,13.28,3.86,0.0,4.08,1.0,<Residue MET het=  resseq=29 icode= >,1egw_B_B,1.5
233,0.0,MET, ,CG,16.4,5.04,0.0,2.86,1.0,<Residue MET het=  resseq=29 icode= >,1egw_B_B,1.5
234,25.984,MET, ,SD,19.64,4.34,0.0,8.79,1.0,<Residue MET het=  resseq=29 icode= >,1egw_B_B,1.5
235,3.751,MET, ,CE,19.44,5.27,0.0,2.46,1.0,<Residue MET het=  resseq=29 icode= >,1egw_B_B,1.5
236,0.745,LYS, ,N,10.21,3.55,0.0,6.26,1.0,<Residue LYS het=  resseq=30 icode= >,1egw_B_B,1.5
237,6.352,LYS,x,CA,10.15,3.48,0.0,4.84,0.4,<Residue LYS het=  resseq=30 icode= >,1egw_B_B,1.5
238,0.0,LYS,x,C,9.81,4.90,0.0,5.29,0.4,<Residue LYS het=  resseq=30 icode= >,1egw_B_B,1.5
239,0.0,LYS,x,O,10.9,5.17,0.0,6.47,0.4,<Residue LYS het=  resseq=30 icode= >,1egw_B_B,1.5
240,2.296,LYS,x,CB,9.17,3.74,0.0,4.87,0.4,<Residue LYS het=  resseq=30 icode= >,1egw_B_B,1.5
241,6.009,LYS,x,CG,10.32,3.88,0.0,3.41,0.4,<Residue LYS het=  resseq=30 icode= >,1egw_B_B,1.5
242,14.98,LYS,x,CD,8.28,3.35,0.0,3.20,0.4,<Residue LYS het=  resseq=30 icode= >,1egw_B_B,1.5
243,28.059,LYS,x,CE,12.25,3.27,0.0,3.07,0.4,<Residue LYS het=  resseq=30 icode= >,1egw_B_B,1.5
244,48.538,LYS,x,NZ,12.55,2.82,0.0,1.99,0.4,<Residue LYS het=  resseq=30 icode= >,1egw_B_B,1.5
245,0.0,LYS,x,N,9.66,5.35,0.0,5.85,0.3,<Residue LYS het=  resseq=31 icode= >,1egw_B_B,1.5
246,0.055,LYS,x,CA,9.13,5.72,0.055,4.77,0.3,<Residue LYS het=  resseq=31 icode= >,1egw_B_B,1.5
247,0.245,LYS,x,C,8.61,6.64,0.245,5.63,0.3,<Residue LYS het=  resseq=31 icode= >,1egw_B_B,1.5
248,4.384,LYS,x,O,9.36,6.33,3.004,5.82,0.3,<Residue LYS het=  resseq=31 icode= >,1egw_B_B,1.5
249,15.324,LYS,x,CB,9.12,5.16,13.303,4.78,0.3,<Residue LYS het=  resseq=31 icode= >,1egw_B_B,1.5
250,14.617,LYS,x,CG,8.64,4.58,3.879,3.41,0.3,<Residue LYS het=  resseq=31 icode= >,1egw_B_B,1.5
251,14.752,LYS,x,CD,5.63,3.41,8.066,2.79,0.3,<Residue LYS het=  resseq=31 icode= >,1egw_B_B,1.5
252,43.791,LYS,x,CE,3.21,3.38,0.0,2.99,0.3,<Residue LYS het=  resseq=31 icode= >,1egw_B_B,1.5
253,45.298,LYS,x,NZ,3.04,2.78,7.941,5.15,0.3,<Residue LYS het=  resseq=31 icode= >,1egw_B_B,1.5
254,0.359,ALA, ,N,11.11,6.78,0.359,5.98,1.0,<Residue ALA het=  resseq=32 icode= >,1egw_B_B,1.5
255,5.127,ALA, ,CA,11.92,7.28,5.127,4.94,1.0,<Residue ALA het=  resseq=32 icode= >,1egw_B_B,1.5
256,0.0,ALA, ,C,12.34,6.90,0.0,4.68,1.0,<Residue ALA het=  resseq=32 icode= >,1egw_B_B,1.5
257,0.0,ALA, ,O,13.11,7.69,0.0,5.48,1.0,<Residue ALA het=  resseq=32 icode= >,1egw_B_B,1.5
258,8.42,ALA, ,CB,12.74,7.20,8.42,4.48,1.0,<Residue ALA het=  resseq=32 icode= >,1egw_B_B,1.5
259,0.0,TYR, ,N,12.67,5.67,0.0,5.48,1.0,<Residue TYR het=  resseq=33 icode= >,1egw_B_B,1.5
260,0.0,TYR, ,CA,12.13,5.04,0.0,4.55,1.0,<Residue TYR het=  resseq=33 icode= >,1egw_B_B,1.5
261,0.0,TYR, ,C,12.76,5.90,0.0,4.79,1.0,<Residue TYR het=  resseq=33 icode= >,1egw_B_B,1.5
262,0.0,TYR, ,O,14.04,6.30,0.0,5.80,1.0,<Residue TYR het=  resseq=33 icode= >,1egw_B_B,1.5
263,7.439,TYR, ,CB,13.56,3.72,0.0,3.86,1.0,<Residue TYR het=  resseq=33 icode= >,1egw_B_B,1.5
264,2.339,TYR, ,CG,16.64,3.23,0.0,3.66,1.0,<Residue TYR het=  resseq=33 icode= >,1egw_B_B,1.5
265,12.327,TYR, ,CD1,18.47,2.99,0.0,3.09,1.0,<Residue TYR het=  resseq=33 icode= >,1egw_B_B,1.5
266,9.479,TYR, ,CD2,18.1,3.91,0.0,3.87,1.0,<Residue TYR het=  resseq=33 icode= >,1egw_B_B,1.5
267,22.179,TYR, ,CE1,20.97,3.52,0.0,2.34,1.0,<Residue TYR het=  resseq=33 icode= >,1egw_B_B,1.5
268,26.584,TYR, ,CE2,19.28,3.46,8.951,3.42,1.0,<Residue TYR het=  resseq=33 icode= >,1egw_B_B,1.5
269,4.772,TYR, ,CZ,19.86,3.78,0.047,2.75,1.0,<Residue TYR het=  resseq=33 icode= >,1egw_B_B,1.5
270,36.421,TYR, ,OH,24.87,3.99,4.822,2.46,1.0,<Residue TYR het=  resseq=33 icode= >,1egw_B_B,1.5
271,0.0,GLU, ,N,12.76,6.58,0.0,5.39,1.0,<Residue GLU het=  resseq=34 icode= >,1egw_B_B,1.5
272,1.611,GLU, ,CA,12.78,7.43,1.611,4.61,1.0,<Residue GLU het=  resseq=34 icode= >,1egw_B_B,1.5
273,0.0,GLU, ,C,13.75,8.15,0.0,4.05,1.0,<Residue GLU het=  resseq=34 icode= >,1egw_B_B,1.5
274,0.0,GLU, ,O,14.13,8.62,0.0,5.87,1.0,<Residue GLU het=  resseq=34 icode= >,1egw_B_B,1.5
275,3.731,GLU, ,CB,13.54,7.04,3.731,3.88,1.0,<Residue GLU het=  resseq=34 icode= >,1egw_B_B,1.5
276,9.426,GLU, ,CG,12.48,6.12,9.215,4.27,1.0,<Residue GLU het=  resseq=34 icode= >,1egw_B_B,1.5
277,7.688,GLU, ,CD,12.11,4.97,6.84,5.12,1.0,<Residue GLU het=  resseq=34 icode= >,1egw_B_B,1.5
278,17.028,GLU, ,OE1,13.61,4.59,12.258,6.22,1.0,<Residue GLU het=  resseq=34 icode= >,1egw_B_B,1.5
279,20.873,GLU, ,OE2,15.78,4.69,8.471,5.24,1.0,<Residue GLU het=  resseq=34 icode= >,1egw_B_B,1.5
280,0.548,LEU, ,N,12.35,7.67,0.548,5.15,1.0,<Residue LEU het=  resseq=35 icode= >,1egw_B_B,1.5
281,1.458,LEU, ,CA,11.9,7.95,1.458,4.00,1.0,<Residue LEU het=  resseq=35 icode= >,1egw_B_B,1.5
282,0.0,LEU, ,C,13.23,9.47,0.0,4.22,1.0,<Residue LEU het=  resseq=35 icode= >,1egw_B_B,1.5
283,0.0,LEU, ,O,13.18,9.97,0.0,5.72,1.0,<Residue LEU het=  resseq=35 icode= >,1egw_B_B,1.5
284,4.796,LEU, ,CB,12.3,7.64,4.51,4.46,1.0,<Residue LEU het=  resseq=35 icode= >,1egw_B_B,1.5
285,0.0,LEU, ,CG,12.75,8.25,0.0,4.62,1.0,<Residue LEU het=  resseq=35 icode= >,1egw_B_B,1.5
286,31.543,LEU, ,CD1,13.29,7.76,31.543,4.33,1.0,<Residue LEU het=  resseq=35 icode= >,1egw_B_B,1.5
287,50.375,LEU, ,CD2,12.57,8.33,50.375,3.44,1.0,<Residue LEU het=  resseq=35 icode= >,1egw_B_B,1.5
288,0.0,SER, ,N,13.95,9.13,0.0,4.66,1.0,<Residue SER het=  resseq=36 icode= >,1egw_B_B,1.5
289,0.0,SER, ,CA,15.78,9.22,0.0,3.31,1.0,<Residue SER het=  resseq=36 icode= >,1egw_B_B,1.5
290,0.933,SER, ,C,15.62,9.40,0.0,4.17,1.0,<Residue SER het=  resseq=36 icode= >,1egw_B_B,1.5
291,4.294,SER, ,O,17.46,10.37,0.0,4.94,1.0,<Residue SER het=  resseq=36 icode= >,1egw_B_B,1.5
292,1.355,SER, ,CB,16.25,8.21,0.0,3.29,1.0,<Residue SER het=  resseq=36 icode= >,1egw_B_B,1.5
293,4.328,SER, ,OG,20.43,7.00,0.0,3.08,1.0,<Residue SER het=  resseq=36 icode= >,1egw_B_B,1.5
294,0.0,VAL, ,N,15.04,8.74,0.0,5.16,1.0,<Residue VAL het=  resseq=37 icode= >,1egw_B_B,1.5
295,5.361,VAL, ,CA,17.18,9.17,0.0,3.58,1.0,<Residue VAL het=  resseq=37 icode= >,1egw_B_B,1.5
296,0.0,VAL, ,C,16.92,10.53,0.0,3.65,1.0,<Residue VAL het=  resseq=37 icode= >,1egw_B_B,1.5
297,15.268,VAL, ,O,16.5,11.38,13.571,5.27,1.0,<Residue VAL het=  resseq=37 icode= >,1egw_B_B,1.5
298,2.127,VAL, ,CB,18.37,8.25,2.127,2.91,1.0,<Residue VAL het=  resseq=37 icode= >,1egw_B_B,1.5
299,51.908,VAL, ,CG1,19.42,8.37,33.796,2.66,1.0,<Residue VAL het=  resseq=37 icode= >,1egw_B_B,1.5
300,18.597,VAL, ,CG2,19.01,6.97,0.0,2.94,1.0,<Residue VAL het=  resseq=37 icode= >,1egw_B_B,1.5
301,0.0,LEU, ,N,15.36,9.58,0.0,4.75,1.0,<Residue LEU het=  resseq=38 icode= >,1egw_B_B,1.5
302,4.172,LEU, ,CA,15.74,8.66,4.172,4.08,1.0,<Residue LEU het=  resseq=38 icode= >,1egw_B_B,1.5
303,0.0,LEU, ,C,16.32,9.04,0.0,4.38,1.0,<Residue LEU het=  resseq=38 icode= >,1egw_B_B,1.5
304,29.308,LEU, ,O,16.52,9.26,29.308,5.47,1.0,<Residue LEU het=  resseq=38 icode= >,1egw_B_B,1.5
305,4.154,LEU, ,CB,16.1,7.20,4.154,3.47,1.0,<Residue LEU het=  resseq=38 icode= >,1egw_B_B,1.5
306,3.617,LEU, ,CG,15.23,6.75,3.617,4.05,1.0,<Residue LEU het=  resseq=38 icode= >,1egw_B_B,1.5
307,41.387,LEU, ,CD1,14.59,5.47,41.387,3.99,1.0,<Residue LEU het=  resseq=38 icode= >,1egw_B_B,1.5
308,61.364,LEU, ,CD2,15.57,6.71,57.616,2.87,1.0,<Residue LEU het=  resseq=38 icode= >,1egw_B_B,1.5
309,0.0,CYS, ,N,15.18,9.39,0.0,4.66,1.0,<Residue CYS het=  resseq=39 icode= >,1egw_B_B,1.5
310,5.965,CYS, ,CA,15.33,9.93,5.965,4.20,1.0,<Residue CYS het=  resseq=39 icode= >,1egw_B_B,1.5
311,1.538,CYS, ,C,17.23,11.43,1.538,4.17,1.0,<Residue CYS het=  resseq=39 icode= >,1egw_B_B,1.5
312,15.404,CYS, ,O,19.08,12.08,13.726,4.23,1.0,<Residue CYS het=  resseq=39 icode= >,1egw_B_B,1.5
313,10.923,CYS, ,CB,15.82,9.37,10.132,3.93,1.0,<Residue CYS het=  resseq=39 icode= >,1egw_B_B,1.5
314,42.14,CYS, ,SG,15.41,7.60,42.14,12.05,1.0,<Residue CYS het=  resseq=39 icode= >,1egw_B_B,1.5
315,0.004,ASP, ,N,18.61,12.10,0.004,4.41,1.0,<Residue ASP het=  resseq=40 icode= >,1egw_B_B,1.5
316,4.048,ASP, ,CA,21.02,13.51,0.054,2.73,1.0,<Residue ASP het=  resseq=40 icode= >,1egw_B_B,1.5
317,0.387,ASP,x,C,20.12,13.77,0.0,3.43,0.5,<Residue ASP het=  resseq=40 icode= >,1egw_B_B,1.5
318,20.961,ASP,x,O,19.79,14.86,16.306,4.48,0.5,<Residue ASP het=  resseq=40 icode= >,1egw_B_B,1.5
319,23.625,ASP, ,CB,23.53,14.14,23.51,2.68,1.0,<Residue ASP het=  resseq=40 icode= >,1egw_B_B,1.5
320,13.141,ASP, ,CG,26.52,15.10,6.084,2.64,1.0,<Residue ASP het=  resseq=40 icode= >,1egw_B_B,1.5
321,31.346,ASP, ,OD1,28.28,14.45,0.0,2.99,1.0,<Residue ASP het=  resseq=40 icode= >,1egw_B_B,1.5
322,41.658,ASP, ,OD2,27.26,16.08,23.651,2.49,1.0,<Residue ASP het=  resseq=40 icode= >,1egw_B_B,1.5
323,0.0,CYS,x,N,18.82,12.86,0.0,3.88,0.5,<Residue CYS het=  resseq=41 icode= >,1egw_B_B,1.5
324,5.313,CYS,x,CA,19.12,13.13,4.78,3.77,0.5,<Residue CYS het=  resseq=41 icode= >,1egw_B_B,1.5
325,3.466,CYS,x,C,18.68,11.72,0.0,4.06,0.5,<Residue CYS het=  resseq=41 icode= >,1egw_B_B,1.5
326,7.578,CYS,x,O,18.56,10.83,0.0,3.55,0.5,<Residue CYS het=  resseq=41 icode= >,1egw_B_B,1.5
327,6.839,CYS,x,CB,20.34,13.06,6.839,2.59,0.5,<Residue CYS het=  resseq=41 icode= >,1egw_B_B,1.5
328,30.301,CYS,x,SG,22.79,12.27,30.168,3.62,0.5,<Residue CYS het=  resseq=41 icode= >,1egw_B_B,1.5
329,6.219,GLU,x,N,19.39,11.67,5.045,3.88,0.5,<Residue GLU het=  resseq=42 icode= >,1egw_B_B,1.5
330,0.788,GLU,x,CA,20.42,10.51,0.0,3.10,0.5,<Residue GLU het=  resseq=42 icode= >,1egw_B_B,1.5
331,0.0,GLU,x,C,19.44,10.95,0.0,4.37,0.5,<Residue GLU het=  resseq=42 icode= >,1egw_B_B,1.5
332,20.262,GLU,x,O,18.8,12.05,20.262,5.04,0.5,<Residue GLU het=  resseq=42 icode= >,1egw_B_B,1.5
333,18.215,GLU,x,CB,23.07,10.46,8.926,2.29,0.5,<Residue GLU het=  resseq=42 icode= >,1egw_B_B,1.5
334,0.389,GLU,x,CG,27.63,9.36,0.389,0.57,0.5,<Residue GLU het=  resseq=42 icode= >,1egw_B_B,1.5
335,0.981,GLU,x,CD,30.42,9.34,0.0,0.78,0.5,<Residue GLU het=  resseq=42 icode= >,1egw_B_B,1.5
336,5.299,GLU,x,OE1,33.0,8.85,0.0,0.12,0.5,<Residue GLU het=  resseq=42 icode= >,1egw_B_B,1.5
337,18.136,GLU,x,OE2,31.5,10.03,0.0,1.77,0.5,<Residue GLU het=  resseq=42 icode= >,1egw_B_B,1.5
338,0.0,ILE,x,N,19.39,10.04,0.0,4.02,0.5,<Residue ILE het=  resseq=43 icode= >,1egw_B_B,1.5
339,2.958,ILE, ,CA,16.83,10.54,2.958,3.69,1.0,<Residue ILE het=  resseq=43 icode= >,1egw_B_B,1.5
340,0.0,ILE, ,C,17.38,9.70,0.0,4.50,1.0,<Residue ILE het=  resseq=43 icode= >,1egw_B_B,1.5
341,0.0,ILE, ,O,18.84,8.48,0.0,4.89,1.0,<Residue ILE het=  resseq=43 icode= >,1egw_B_B,1.5
342,0.0,ILE, ,CB,16.2,10.10,0.0,3.94,1.0,<Residue ILE het=  resseq=43 icode= >,1egw_B_B,1.5
343,9.085,ILE, ,CG1,15.74,10.98,9.085,3.29,1.0,<Residue ILE het=  resseq=43 icode= >,1egw_B_B,1.5
344,15.935,ILE, ,CG2,15.88,10.19,15.935,3.84,1.0,<Residue ILE het=  resseq=43 icode= >,1egw_B_B,1.5
345,3.68,ILE, ,CD1,16.88,10.57,3.68,3.48,1.0,<Residue ILE het=  resseq=43 icode= >,1egw_B_B,1.5
346,4.033,ALA, ,N,16.66,10.42,4.033,4.56,1.0,<Residue ALA het=  resseq=44 icode= >,1egw_B_B,1.5
347,0.0,ALA, ,CA,15.91,9.98,0.0,3.48,1.0,<Residue ALA het=  resseq=44 icode= >,1egw_B_B,1.5
348,0.653,ALA, ,C,14.18,10.35,0.099,5.20,1.0,<Residue ALA het=  resseq=44 icode= >,1egw_B_B,1.5
349,24.224,ALA, ,O,14.86,11.44,23.921,6.23,1.0,<Residue ALA het=  resseq=44 icode= >,1egw_B_B,1.5
350,8.835,ALA, ,CB,17.62,10.48,8.37,2.59,1.0,<Residue ALA het=  resseq=44 icode= >,1egw_B_B,1.5
351,0.0,LEU, ,N,13.5,9.61,0.0,4.96,1.0,<Residue LEU het=  resseq=45 icode= >,1egw_B_B,1.5
352,1.761,LEU, ,CA,11.94,9.72,1.761,5.07,1.0,<Residue LEU het=  resseq=45 icode= >,1egw_B_B,1.5
353,0.0,LEU, ,C,13.76,9.51,0.0,5.08,1.0,<Residue LEU het=  resseq=45 icode= >,1egw_B_B,1.5
354,0.0,LEU, ,O,14.98,8.50,0.0,5.70,1.0,<Residue LEU het=  resseq=45 icode= >,1egw_B_B,1.5
355,1.316,LEU, ,CB,13.03,8.94,1.316,4.31,1.0,<Residue LEU het=  resseq=45 icode= >,1egw_B_B,1.5
356,0.0,LEU, ,CG,14.74,9.10,0.0,3.52,1.0,<Residue LEU het=  resseq=45 icode= >,1egw_B_B,1.5
357,30.797,LEU, ,CD1,12.59,10.58,30.797,4.04,1.0,<Residue LEU het=  resseq=45 icode= >,1egw_B_B,1.5
358,1.018,LEU, ,CD2,15.09,8.35,1.018,3.06,1.0,<Residue LEU het=  resseq=45 icode= >,1egw_B_B,1.5
359,4.213,ILE, ,N,14.59,10.64,4.213,5.34,1.0,<Residue ILE het=  resseq=46 icode= >,1egw_B_B,1.5
360,0.0,ILE, ,CA,16.68,10.91,0.0,3.66,1.0,<Residue ILE het=  resseq=46 icode= >,1egw_B_B,1.5
361,0.0,ILE, ,C,14.72,11.49,0.0,4.64,1.0,<Residue ILE het=  resseq=46 icode= >,1egw_B_B,1.5
362,21.305,ILE, ,O,16.63,12.45,21.305,5.54,1.0,<Residue ILE het=  resseq=46 icode= >,1egw_B_B,1.5
363,7.249,ILE, ,CB,16.62,12.10,7.249,3.58,1.0,<Residue ILE het=  resseq=46 icode= >,1egw_B_B,1.5
364,2.752,ILE, ,CG1,19.96,11.77,2.752,2.43,1.0,<Residue ILE het=  resseq=46 icode= >,1egw_B_B,1.5
365,11.17,ILE, ,CG2,18.73,12.76,11.17,2.27,1.0,<Residue ILE het=  resseq=46 icode= >,1egw_B_B,1.5
366,34.8,ILE, ,CD1,21.54,12.84,33.602,2.51,1.0,<Residue ILE het=  resseq=46 icode= >,1egw_B_B,1.5
367,0.0,ILE, ,N,15.57,11.10,0.0,5.07,1.0,<Residue ILE het=  resseq=47 icode= >,1egw_B_B,1.5
368,3.43,ILE, ,CA,16.65,11.80,3.43,3.56,1.0,<Residue ILE het=  resseq=47 icode= >,1egw_B_B,1.5
369,0.0,ILE, ,C,18.69,12.42,0.0,4.05,1.0,<Residue ILE het=  resseq=47 icode= >,1egw_B_B,1.5
370,0.0,ILE, ,O,20.92,11.80,0.0,3.92,1.0,<Residue ILE het=  resseq=47 icode= >,1egw_B_B,1.5
371,0.0,ILE, ,CB,16.53,11.00,0.0,3.83,1.0,<Residue ILE het=  resseq=47 icode= >,1egw_B_B,1.5
372,6.518,ILE, ,CG1,15.44,10.57,6.518,3.94,1.0,<Residue ILE het=  resseq=47 icode= >,1egw_B_B,1.5
373,15.64,ILE, ,CG2,15.99,12.02,13.616,3.58,1.0,<Residue ILE het=  resseq=47 icode= >,1egw_B_B,1.5
374,2.407,ILE, ,CD1,16.35,9.66,2.407,3.23,1.0,<Residue ILE het=  resseq=47 icode= >,1egw_B_B,1.5
375,5.142,PHE, ,N,20.23,13.73,3.909,3.96,1.0,<Residue PHE het=  resseq=48 icode= >,1egw_B_B,1.5
376,0.0,PHE, ,CA,21.33,14.50,0.0,3.50,1.0,<Residue PHE het=  resseq=48 icode= >,1egw_B_B,1.5
377,0.0,PHE, ,C,22.14,15.06,0.0,4.84,1.0,<Residue PHE het=  resseq=48 icode= >,1egw_B_B,1.5
378,20.355,PHE, ,O,22.73,15.71,1.522,3.76,1.0,<Residue PHE het=  resseq=48 icode= >,1egw_B_B,1.5
379,13.949,PHE, ,CB,22.56,15.74,3.925,2.78,1.0,<Residue PHE het=  resseq=48 icode= >,1egw_B_B,1.5
380,2.335,PHE, ,CG,22.7,15.52,2.335,2.80,1.0,<Residue PHE het=  resseq=48 icode= >,1egw_B_B,1.5
381,18.877,PHE, ,CD1,22.28,15.51,15.152,3.17,1.0,<Residue PHE het=  resseq=48 icode= >,1egw_B_B,1.5
382,1.171,PHE, ,CD2,24.06,15.46,1.171,2.83,1.0,<Residue PHE het=  resseq=48 icode= >,1egw_B_B,1.5
383,19.151,PHE, ,CE1,24.55,15.44,19.151,2.76,1.0,<Residue PHE het=  resseq=48 icode= >,1egw_B_B,1.5
384,17.084,PHE, ,CE2,23.68,15.38,16.724,2.76,1.0,<Residue PHE het=  resseq=48 icode= >,1egw_B_B,1.5
385,24.178,PHE, ,CZ,24.19,15.30,24.178,2.86,1.0,<Residue PHE het=  resseq=48 icode= >,1egw_B_B,1.5
386,0.0,ASN, ,N,24.65,14.97,0.0,3.95,1.0,<Residue ASN het=  resseq=49 icode= >,1egw_B_B,1.5
387,3.746,ASN, ,CA,28.28,15.31,1.284,2.69,1.0,<Residue ASN het=  resseq=49 icode= >,1egw_B_B,1.5
388,1.671,ASN, ,C,30.15,16.02,0.0,2.85,1.0,<Residue ASN het=  resseq=49 icode= >,1egw_B_B,1.5
389,5.17,ASN, ,O,30.18,17.17,0.0,3.25,1.0,<Residue ASN het=  resseq=49 icode= >,1egw_B_B,1.5
390,4.312,ASN, ,CB,29.64,14.84,0.222,2.28,1.0,<Residue ASN het=  resseq=49 icode= >,1egw_B_B,1.5
391,0.436,ASN, ,CG,31.4,15.60,0.0,2.63,1.0,<Residue ASN het=  resseq=49 icode= >,1egw_B_B,1.5
392,0.0,ASN, ,OD1,31.43,16.34,0.0,2.89,1.0,<Residue ASN het=  resseq=49 icode= >,1egw_B_B,1.5
393,11.668,ASN, ,ND2,32.55,15.14,0.0,2.13,1.0,<Residue ASN het=  resseq=49 icode= >,1egw_B_B,1.5
394,5.83,SER, ,N,32.63,15.42,4.993,2.29,1.0,<Residue SER het=  resseq=50 icode= >,1egw_B_B,1.5
395,11.783,SER, ,CA,35.39,16.17,2.907,1.66,1.0,<Residue SER het=  resseq=50 icode= >,1egw_B_B,1.5
396,1.095,SER, ,C,36.98,17.42,0.0,1.82,1.0,<Residue SER het=  resseq=50 icode= >,1egw_B_B,1.5
397,27.154,SER, ,O,37.62,18.45,0.0,1.42,1.0,<Residue SER het=  resseq=50 icode= >,1egw_B_B,1.5
398,31.766,SER, ,CB,36.12,15.36,22.515,1.98,1.0,<Residue SER het=  resseq=50 icode= >,1egw_B_B,1.5
399,14.605,SER, ,OG,38.8,14.95,0.519,1.65,1.0,<Residue SER het=  resseq=50 icode= >,1egw_B_B,1.5
400,0.008,SER, ,N,37.45,17.33,0.0,2.01,1.0,<Residue SER het=  resseq=51 icode= >,1egw_B_B,1.5
401,11.405,SER, ,CA,38.16,17.35,0.0,1.69,1.0,<Residue SER het=  resseq=51 icode= >,1egw_B_B,1.5
402,1.496,SER, ,C,38.24,18.53,0.0,2.56,1.0,<Residue SER het=  resseq=51 icode= >,1egw_B_B,1.5
403,21.953,SER, ,O,39.38,18.70,0.0,1.60,1.0,<Residue SER het=  resseq=51 icode= >,1egw_B_B,1.5
404,29.104,SER, ,CB,40.35,16.06,0.0,1.44,1.0,<Residue SER het=  resseq=51 icode= >,1egw_B_B,1.5
405,33.586,SER, ,OG,44.98,14.95,0.0,1.27,1.0,<Residue SER het=  resseq=51 icode= >,1egw_B_B,1.5
406,0.0,ASN, ,N,37.97,18.58,0.0,1.82,1.0,<Residue ASN het=  resseq=52 icode= >,1egw_B_B,1.5
407,0.0,ASN, ,CA,37.28,18.19,0.0,2.33,1.0,<Residue ASN het=  resseq=52 icode= >,1egw_B_B,1.5
408,1.54,ASN, ,C,35.68,17.03,0.0,2.18,1.0,<Residue ASN het=  resseq=52 icode= >,1egw_B_B,1.5
409,10.021,ASN, ,O,35.62,17.01,7.389,3.05,1.0,<Residue ASN het=  resseq=52 icode= >,1egw_B_B,1.5
410,18.765,ASN, ,CB,39.86,19.44,0.0,1.26,1.0,<Residue ASN het=  resseq=52 icode= >,1egw_B_B,1.5
411,5.666,ASN, ,CG,42.1,19.66,0.0,1.60,1.0,<Residue ASN het=  resseq=52 icode= >,1egw_B_B,1.5
412,30.86,ASN, ,OD1,43.44,19.94,17.569,0.87,1.0,<Residue ASN het=  resseq=52 icode= >,1egw_B_B,1.5
413,44.385,ASN, ,ND2,43.42,19.63,13.501,1.15,1.0,<Residue ASN het=  resseq=52 icode= >,1egw_B_B,1.5
414,0.024,LYS, ,N,33.33,16.15,0.0,1.99,1.0,<Residue LYS het=  resseq=53 icode= >,1egw_B_B,1.5
415,7.577,LYS, ,CA,30.47,15.07,4.532,2.72,1.0,<Residue LYS het=  resseq=53 icode= >,1egw_B_B,1.5
416,0.0,LYS, ,C,28.35,13.89,0.0,2.93,1.0,<Residue LYS het=  resseq=53 icode= >,1egw_B_B,1.5
417,0.0,LYS, ,O,27.53,13.71,0.0,3.59,1.0,<Residue LYS het=  resseq=53 icode= >,1egw_B_B,1.5
418,10.139,LYS, ,CB,31.93,14.70,0.0,2.26,1.0,<Residue LYS het=  resseq=53 icode= >,1egw_B_B,1.5
419,11.788,LYS, ,CG,33.59,13.75,6.109,2.02,1.0,<Residue LYS het=  resseq=53 icode= >,1egw_B_B,1.5
420,21.047,LYS, ,CD,35.79,13.18,0.0,1.48,1.0,<Residue LYS het=  resseq=53 icode= >,1egw_B_B,1.5
421,32.977,LYS, ,CE,37.61,11.72,0.0,1.72,1.0,<Residue LYS het=  resseq=53 icode= >,1egw_B_B,1.5
422,41.816,LYS, ,NZ,40.0,10.82,0.0,1.06,1.0,<Residue LYS het=  resseq=53 icode= >,1egw_B_B,1.5
423,3.833,LEU, ,N,25.49,13.25,3.833,4.10,1.0,<Residue LEU het=  resseq=54 icode= >,1egw_B_B,1.5
424,0.0,LEU, ,CA,24.36,12.24,0.0,3.32,1.0,<Residue LEU het=  resseq=54 icode= >,1egw_B_B,1.5
425,0.0,LEU, ,C,23.23,10.80,0.0,3.45,1.0,<Residue LEU het=  resseq=54 icode= >,1egw_B_B,1.5
426,13.659,LEU, ,O,23.82,10.50,0.017,3.56,1.0,<Residue LEU het=  resseq=54 icode= >,1egw_B_B,1.5
427,13.184,LEU, ,CB,25.27,12.30,12.59,2.37,1.0,<Residue LEU het=  resseq=54 icode= >,1egw_B_B,1.5
428,0.318,LEU, ,CG,24.67,11.20,0.0,2.48,1.0,<Residue LEU het=  resseq=54 icode= >,1egw_B_B,1.5
429,2.286,LEU, ,CD1,24.89,11.75,2.286,2.22,1.0,<Residue LEU het=  resseq=54 icode= >,1egw_B_B,1.5
430,43.591,LEU, ,CD2,27.11,11.06,33.254,1.85,1.0,<Residue LEU het=  resseq=54 icode= >,1egw_B_B,1.5
431,0.0,PHE, ,N,21.25,10.05,0.0,3.66,1.0,<Residue PHE het=  resseq=55 icode= >,1egw_B_B,1.5
432,4.6,PHE, ,CA,19.47,8.63,0.0,3.43,1.0,<Residue PHE het=  resseq=55 icode= >,1egw_B_B,1.5
433,0.0,PHE, ,C,18.62,8.12,0.0,4.15,1.0,<Residue PHE het=  resseq=55 icode= >,1egw_B_B,1.5
434,0.0,PHE, ,O,20.26,8.96,0.0,4.69,1.0,<Residue PHE het=  resseq=55 icode= >,1egw_B_B,1.5
435,0.799,PHE, ,CB,18.2,8.52,0.0,3.55,1.0,<Residue PHE het=  resseq=55 icode= >,1egw_B_B,1.5
436,0.0,PHE, ,CG,17.56,9.38,0.0,4.26,1.0,<Residue PHE het=  resseq=55 icode= >,1egw_B_B,1.5
437,0.0,PHE, ,CD1,20.04,10.74,0.0,3.70,1.0,<Residue PHE het=  resseq=55 icode= >,1egw_B_B,1.5
438,12.659,PHE, ,CD2,20.78,9.01,0.0,3.23,1.0,<Residue PHE het=  resseq=55 icode= >,1egw_B_B,1.5
439,0.0,PHE, ,CE1,22.2,11.67,0.0,2.87,1.0,<Residue PHE het=  resseq=55 icode= >,1egw_B_B,1.5
440,16.01,PHE, ,CE2,21.48,10.08,0.0,2.70,1.0,<Residue PHE het=  resseq=55 icode= >,1egw_B_B,1.5
441,9.789,PHE, ,CZ,20.1,11.37,0.0,3.40,1.0,<Residue PHE het=  resseq=55 icode= >,1egw_B_B,1.5
442,3.59,GLN, ,N,17.4,6.97,0.0,5.31,1.0,<Residue GLN het=  resseq=56 icode= >,1egw_B_B,1.5
443,0.0,GLN, ,CA,17.04,6.83,0.0,4.09,1.0,<Residue GLN het=  resseq=56 icode= >,1egw_B_B,1.5
444,0.068,GLN, ,C,17.95,5.47,0.0,4.57,1.0,<Residue GLN het=  resseq=56 icode= >,1egw_B_B,1.5
445,17.452,GLN, ,O,19.31,4.47,0.0,4.98,1.0,<Residue GLN het=  resseq=56 icode= >,1egw_B_B,1.5
446,0.001,GLN, ,CB,18.77,7.71,0.001,3.21,1.0,<Residue GLN het=  resseq=56 icode= >,1egw_B_B,1.5
447,18.292,GLN, ,CG,20.29,6.62,0.0,2.30,1.0,<Residue GLN het=  resseq=56 icode= >,1egw_B_B,1.5
448,7.022,GLN, ,CD,22.26,7.03,1.382,3.68,1.0,<Residue GLN het=  resseq=56 icode= >,1egw_B_B,1.5
449,13.666,GLN, ,OE1,26.37,7.08,6.143,3.59,1.0,<Residue GLN het=  resseq=56 icode= >,1egw_B_B,1.5
450,33.907,GLN, ,NE2,25.96,7.68,5.402,2.37,1.0,<Residue GLN het=  resseq=56 icode= >,1egw_B_B,1.5
451,0.0,TYR, ,N,17.26,5.71,0.0,4.78,1.0,<Residue TYR het=  resseq=57 icode= >,1egw_B_B,1.5
452,6.294,TYR, ,CA,16.95,4.95,0.0,4.19,1.0,<Residue TYR het=  resseq=57 icode= >,1egw_B_B,1.5
453,0.106,TYR, ,C,18.13,5.75,0.0,4.20,1.0,<Residue TYR het=  resseq=57 icode= >,1egw_B_B,1.5
454,0.0,TYR, ,O,17.43,6.96,0.0,5.24,1.0,<Residue TYR het=  resseq=57 icode= >,1egw_B_B,1.5
455,0.608,TYR, ,CB,17.08,4.79,0.0,3.87,1.0,<Residue TYR het=  resseq=57 icode= >,1egw_B_B,1.5
456,0.0,TYR, ,CG,15.68,4.83,0.0,3.92,1.0,<Residue TYR het=  resseq=57 icode= >,1egw_B_B,1.5
457,16.34,TYR, ,CD1,17.62,3.54,0.0,3.13,1.0,<Residue TYR het=  resseq=57 icode= >,1egw_B_B,1.5
458,0.0,TYR, ,CD2,16.08,5.94,0.0,2.89,1.0,<Residue TYR het=  resseq=57 icode= >,1egw_B_B,1.5
459,12.6,TYR, ,CE1,17.78,3.63,0.0,3.52,1.0,<Residue TYR het=  resseq=57 icode= >,1egw_B_B,1.5
460,0.0,TYR, ,CE2,16.17,6.00,0.0,3.47,1.0,<Residue TYR het=  resseq=57 icode= >,1egw_B_B,1.5
461,0.0,TYR, ,CZ,17.67,4.86,0.0,3.66,1.0,<Residue TYR het=  resseq=57 icode= >,1egw_B_B,1.5
462,1.404,TYR, ,OH,20.23,5.27,0.0,4.65,1.0,<Residue TYR het=  resseq=57 icode= >,1egw_B_B,1.5
463,5.267,ALA, ,N,19.1,5.12,0.0,4.57,1.0,<Residue ALA het=  resseq=58 icode= >,1egw_B_B,1.5
464,0.0,ALA, ,CA,20.86,5.99,0.0,3.61,1.0,<Residue ALA het=  resseq=58 icode= >,1egw_B_B,1.5
465,0.0,ALA, ,C,22.42,5.12,0.0,3.94,1.0,<Residue ALA het=  resseq=58 icode= >,1egw_B_B,1.5
466,16.132,ALA, ,O,22.87,4.14,0.0,3.58,1.0,<Residue ALA het=  resseq=58 icode= >,1egw_B_B,1.5
467,4.453,ALA, ,CB,22.25,5.83,0.0,2.29,1.0,<Residue ALA het=  resseq=58 icode= >,1egw_B_B,1.5
468,0.0,SER, ,N,21.95,5.80,0.0,4.30,1.0,<Residue SER het=  resseq=59 icode= >,1egw_B_B,1.5
469,4.494,SER, ,CA,24.24,5.66,0.0,2.98,1.0,<Residue SER het=  resseq=59 icode= >,1egw_B_B,1.5
470,1.456,SER, ,C,26.42,4.83,0.0,3.78,1.0,<Residue SER het=  resseq=59 icode= >,1egw_B_B,1.5
471,26.163,SER, ,O,26.88,4.64,0.0,3.89,1.0,<Residue SER het=  resseq=59 icode= >,1egw_B_B,1.5
472,6.756,SER, ,CB,22.5,7.11,0.0,2.89,1.0,<Residue SER het=  resseq=59 icode= >,1egw_B_B,1.5
473,0.0,SER, ,OG,23.17,7.73,0.0,4.04,1.0,<Residue SER het=  resseq=59 icode= >,1egw_B_B,1.5
474,0.0,THR, ,N,29.29,4.59,0.0,3.01,1.0,<Residue THR het=  resseq=60 icode= >,1egw_B_B,1.5
475,11.089,THR, ,CA,32.69,3.72,0.0,2.27,1.0,<Residue THR het=  resseq=60 icode= >,1egw_B_B,1.5
476,4.32,THR, ,C,33.53,3.70,0.0,2.43,1.0,<Residue THR het=  resseq=60 icode= >,1egw_B_B,1.5
477,6.258,THR, ,O,34.05,3.67,0.0,2.00,1.0,<Residue THR het=  resseq=60 icode= >,1egw_B_B,1.5
478,14.169,THR, ,CB,34.38,4.78,0.0,2.01,1.0,<Residue THR het=  resseq=60 icode= >,1egw_B_B,1.5
479,0.0,THR, ,OG1,37.26,5.82,0.0,1.51,1.0,<Residue THR het=  resseq=60 icode= >,1egw_B_B,1.5
480,31.973,THR, ,CG2,36.38,5.67,0.0,0.32,1.0,<Residue THR het=  resseq=60 icode= >,1egw_B_B,1.5
481,6.163,ASP, ,N,33.79,3.89,0.0,1.91,1.0,<Residue ASP het=  resseq=61 icode= >,1egw_B_B,1.5
482,10.679,ASP, ,CA,32.81,4.45,0.0,1.59,1.0,<Residue ASP het=  resseq=61 icode= >,1egw_B_B,1.5
483,0.0,ASP, ,C,31.89,5.73,0.0,2.93,1.0,<Residue ASP het=  resseq=61 icode= >,1egw_B_B,1.5
484,0.0,ASP, ,O,31.47,6.61,0.0,2.63,1.0,<Residue ASP het=  resseq=61 icode= >,1egw_B_B,1.5
485,51.001,ASP, ,CB,32.29,5.12,0.0,1.90,1.0,<Residue ASP het=  resseq=61 icode= >,1egw_B_B,1.5
486,6.072,MET, ,N,31.37,6.09,0.0,2.59,1.0,<Residue MET het=  resseq=62 icode= >,1egw_B_B,1.5
487,0.0,MET, ,CA,30.68,7.37,0.0,3.14,1.0,<Residue MET het=  resseq=62 icode= >,1egw_B_B,1.5
488,0.0,MET, ,C,31.56,8.53,0.0,2.92,1.0,<Residue MET het=  resseq=62 icode= >,1egw_B_B,1.5
489,0.0,MET, ,O,31.04,9.44,0.0,3.45,1.0,<Residue MET het=  resseq=62 icode= >,1egw_B_B,1.5
490,14.18,MET, ,CB,29.26,7.75,2.524,2.43,1.0,<Residue MET het=  resseq=62 icode= >,1egw_B_B,1.5
491,10.795,MET, ,CG,28.14,9.16,10.675,2.16,1.0,<Residue MET het=  resseq=62 icode= >,1egw_B_B,1.5
492,0.0,MET, ,SD,25.86,9.41,0.0,7.07,1.0,<Residue MET het=  resseq=62 icode= >,1egw_B_B,1.5
493,0.877,MET, ,CE,25.89,8.67,0.242,2.28,1.0,<Residue MET het=  resseq=62 icode= >,1egw_B_B,1.5
494,2.632,ASP, ,N,32.41,8.64,0.0,2.06,1.0,<Residue ASP het=  resseq=63 icode= >,1egw_B_B,1.5
495,3.872,ASP, ,CA,32.92,9.85,0.269,2.09,1.0,<Residue ASP het=  resseq=63 icode= >,1egw_B_B,1.5
496,1.253,ASP, ,C,32.85,10.11,0.0,3.08,1.0,<Residue ASP het=  resseq=63 icode= >,1egw_B_B,1.5
497,4.511,ASP, ,O,33.43,11.29,0.0,2.96,1.0,<Residue ASP het=  resseq=63 icode= >,1egw_B_B,1.5
498,65.893,ASP, ,CB,33.41,9.47,0.0,1.32,1.0,<Residue ASP het=  resseq=63 icode= >,1egw_B_B,1.5
499,1.18,LYS, ,N,32.61,9.15,0.0,2.88,1.0,<Residue LYS het=  resseq=64 icode= >,1egw_B_B,1.5
500,7.037,LYS, ,CA,32.32,9.46,0.0,2.63,1.0,<Residue LYS het=  resseq=64 icode= >,1egw_B_B,1.5
501,0.252,LYS, ,C,32.32,10.11,0.0,2.52,1.0,<Residue LYS het=  resseq=64 icode= >,1egw_B_B,1.5
502,1.916,LYS, ,O,32.67,11.22,0.0,2.86,1.0,<Residue LYS het=  resseq=64 icode= >,1egw_B_B,1.5
503,37.311,LYS, ,CB,32.63,8.34,0.0,1.94,1.0,<Residue LYS het=  resseq=64 icode= >,1egw_B_B,1.5
504,0.0,VAL, ,N,31.07,9.58,0.0,2.12,1.0,<Residue VAL het=  resseq=65 icode= >,1egw_B_B,1.5
505,0.0,VAL, ,CA,28.79,10.43,0.0,2.71,1.0,<Residue VAL het=  resseq=65 icode= >,1egw_B_B,1.5
506,0.0,VAL, ,C,28.23,11.79,0.0,4.03,1.0,<Residue VAL het=  resseq=65 icode= >,1egw_B_B,1.5
507,0.28,VAL, ,O,28.0,12.82,0.28,3.30,1.0,<Residue VAL het=  resseq=65 icode= >,1egw_B_B,1.5
508,0.0,VAL, ,CB,27.39,9.95,0.0,2.54,1.0,<Residue VAL het=  resseq=65 icode= >,1egw_B_B,1.5
509,18.028,VAL, ,CG1,26.55,10.99,18.028,2.22,1.0,<Residue VAL het=  resseq=65 icode= >,1egw_B_B,1.5
510,0.0,VAL, ,CG2,27.4,8.63,0.0,1.89,1.0,<Residue VAL het=  resseq=65 icode= >,1egw_B_B,1.5
511,0.0,LEU, ,N,29.18,11.90,0.0,2.58,1.0,<Residue LEU het=  resseq=66 icode= >,1egw_B_B,1.5
512,0.0,LEU, ,CA,29.96,13.20,0.0,2.56,1.0,<Residue LEU het=  resseq=66 icode= >,1egw_B_B,1.5
513,1.114,LEU, ,C,30.77,14.06,0.0,3.07,1.0,<Residue LEU het=  resseq=66 icode= >,1egw_B_B,1.5
514,0.002,LEU, ,O,29.89,15.26,0.0,3.28,1.0,<Residue LEU het=  resseq=66 icode= >,1egw_B_B,1.5
515,13.591,LEU, ,CB,30.2,13.16,0.0,1.90,1.0,<Residue LEU het=  resseq=66 icode= >,1egw_B_B,1.5
516,0.0,LEU, ,CG,29.43,12.49,0.0,2.44,1.0,<Residue LEU het=  resseq=66 icode= >,1egw_B_B,1.5
517,34.314,LEU, ,CD1,29.96,12.66,25.463,1.39,1.0,<Residue LEU het=  resseq=66 icode= >,1egw_B_B,1.5
518,23.619,LEU, ,CD2,30.17,13.30,22.618,1.98,1.0,<Residue LEU het=  resseq=66 icode= >,1egw_B_B,1.5
519,0.436,LEU, ,N,32.37,13.45,0.0,2.50,1.0,<Residue LEU het=  resseq=67 icode= >,1egw_B_B,1.5
520,7.765,LEU, ,CA,34.19,14.29,0.0,1.08,1.0,<Residue LEU het=  resseq=67 icode= >,1egw_B_B,1.5
521,1.582,LEU, ,C,34.72,14.85,0.0,2.31,1.0,<Residue LEU het=  resseq=67 icode= >,1egw_B_B,1.5
522,1.762,LEU, ,O,34.86,16.06,0.0,2.38,1.0,<Residue LEU het=  resseq=67 icode= >,1egw_B_B,1.5
523,46.386,LEU, ,CB,33.93,13.59,0.0,1.18,1.0,<Residue LEU het=  resseq=67 icode= >,1egw_B_B,1.5
524,0.436,LYS, ,N,34.58,14.06,0.0,2.58,1.0,<Residue LYS het=  resseq=68 icode= >,1egw_B_B,1.5
525,4.798,LYS, ,CA,35.5,14.70,0.0,2.81,1.0,<Residue LYS het=  resseq=68 icode= >,1egw_B_B,1.5
526,0.734,LYS, ,C,35.19,15.78,0.734,3.03,1.0,<Residue LYS het=  resseq=68 icode= >,1egw_B_B,1.5
527,2.082,LYS, ,O,34.64,16.89,0.256,2.59,1.0,<Residue LYS het=  resseq=68 icode= >,1egw_B_B,1.5
528,5.351,LYS, ,CB,37.68,13.79,5.27,1.54,1.0,<Residue LYS het=  resseq=68 icode= >,1egw_B_B,1.5
529,22.029,LYS, ,CG,40.34,13.49,0.0,1.26,1.0,<Residue LYS het=  resseq=68 icode= >,1egw_B_B,1.5
530,19.516,LYS, ,CD,42.71,13.42,18.115,1.30,1.0,<Residue LYS het=  resseq=68 icode= >,1egw_B_B,1.5
531,33.492,LYS, ,CE,44.22,13.26,3.841,1.45,1.0,<Residue LYS het=  resseq=68 icode= >,1egw_B_B,1.5
532,42.326,LYS, ,NZ,45.68,13.80,31.194,0.93,1.0,<Residue LYS het=  resseq=68 icode= >,1egw_B_B,1.5
533,0.204,TYR, ,N,35.15,15.53,0.204,2.49,1.0,<Residue TYR het=  resseq=69 icode= >,1egw_B_B,1.5
534,5.084,TYR, ,CA,35.86,16.62,5.084,2.42,1.0,<Residue TYR het=  resseq=69 icode= >,1egw_B_B,1.5
535,0.0,TYR, ,C,37.66,17.84,0.0,2.58,1.0,<Residue TYR het=  resseq=69 icode= >,1egw_B_B,1.5
536,0.0,TYR, ,O,37.36,18.90,0.0,2.20,1.0,<Residue TYR het=  resseq=69 icode= >,1egw_B_B,1.5
537,4.911,TYR, ,CB,33.86,16.24,4.911,1.72,1.0,<Residue TYR het=  resseq=69 icode= >,1egw_B_B,1.5
538,1.954,TYR, ,CG,31.01,17.32,1.954,2.74,1.0,<Residue TYR het=  resseq=69 icode= >,1egw_B_B,1.5
539,21.877,TYR, ,CD1,30.64,17.75,21.877,1.90,1.0,<Residue TYR het=  resseq=69 icode= >,1egw_B_B,1.5
540,8.136,TYR, ,CD2,30.88,18.04,7.722,2.39,1.0,<Residue TYR het=  resseq=69 icode= >,1egw_B_B,1.5
541,28.196,TYR, ,CE1,27.9,18.84,28.196,2.77,1.0,<Residue TYR het=  resseq=69 icode= >,1egw_B_B,1.5
542,28.152,TYR, ,CE2,28.91,19.13,18.238,2.63,1.0,<Residue TYR het=  resseq=69 icode= >,1egw_B_B,1.5
543,4.858,TYR, ,CZ,29.17,19.50,4.858,2.61,1.0,<Residue TYR het=  resseq=69 icode= >,1egw_B_B,1.5
544,40.135,TYR, ,OH,27.6,20.62,28.731,2.72,1.0,<Residue TYR het=  resseq=69 icode= >,1egw_B_B,1.5
545,0.0,THR, ,N,39.66,17.77,0.0,2.18,1.0,<Residue THR het=  resseq=70 icode= >,1egw_B_B,1.5
546,1.982,THR, ,CA,42.01,18.97,0.0,1.79,1.0,<Residue THR het=  resseq=70 icode= >,1egw_B_B,1.5
547,1.334,THR, ,C,42.85,19.65,0.0,2.74,1.0,<Residue THR het=  resseq=70 icode= >,1egw_B_B,1.5
548,9.974,THR, ,O,43.53,20.87,0.0,1.93,1.0,<Residue THR het=  resseq=70 icode= >,1egw_B_B,1.5
549,15.896,THR, ,CB,42.54,18.77,0.0,2.00,1.0,<Residue THR het=  resseq=70 icode= >,1egw_B_B,1.5
550,9.709,THR, ,OG1,43.7,17.56,0.0,1.36,1.0,<Residue THR het=  resseq=70 icode= >,1egw_B_B,1.5
551,53.891,THR, ,CG2,42.98,18.75,2.552,1.29,1.0,<Residue THR het=  resseq=70 icode= >,1egw_B_B,1.5
552,0.595,GLU, ,N,43.58,1000.00,0.0,2.39,1.0,<Residue GLU het=  resseq=71 icode= >,1egw_B_B,1.5
553,12.416,GLU, ,CA,44.73,1000.00,0.0,1.77,1.0,<Residue GLU het=  resseq=71 icode= >,1egw_B_B,1.5
554,1.327,GLU, ,C,45.64,1000.00,0.0,1.51,1.0,<Residue GLU het=  resseq=71 icode= >,1egw_B_B,1.5
555,21.748,GLU, ,O,45.98,1000.00,0.0,1.53,1.0,<Residue GLU het=  resseq=71 icode= >,1egw_B_B,1.5
556,51.204,GLU, ,CB,44.26,1000.00,0.0,1.16,1.0,<Residue GLU het=  resseq=71 icode= >,1egw_B_B,1.5
557,0.792,TYR, ,N,46.53,1000.00,0.0,1.30,1.0,<Residue TYR het=  resseq=72 icode= >,1egw_B_B,1.5
558,11.997,TYR, ,CA,47.3,1000.00,0.0,1.34,1.0,<Residue TYR het=  resseq=72 icode= >,1egw_B_B,1.5
559,0.0,TYR, ,C,48.3,1000.00,0.0,1.89,1.0,<Residue TYR het=  resseq=72 icode= >,1egw_B_B,1.5
560,23.587,TYR, ,O,47.72,1000.00,0.0,2.28,1.0,<Residue TYR het=  resseq=72 icode= >,1egw_B_B,1.5
561,5.134,TYR, ,CB,46.64,1000.00,3.436,0.96,1.0,<Residue TYR het=  resseq=72 icode= >,1egw_B_B,1.5
562,2.155,TYR, ,CG,45.87,1000.00,1.947,2.21,1.0,<Residue TYR het=  resseq=72 icode= >,1egw_B_B,1.5
563,27.754,TYR, ,CD1,46.02,1000.00,14.828,1.19,1.0,<Residue TYR het=  resseq=72 icode= >,1egw_B_B,1.5
564,6.38,TYR, ,CD2,45.86,1000.00,5.447,2.07,1.0,<Residue TYR het=  resseq=72 icode= >,1egw_B_B,1.5
565,34.671,TYR, ,CE1,46.54,1000.00,21.881,1.01,1.0,<Residue TYR het=  resseq=72 icode= >,1egw_B_B,1.5
566,33.792,TYR, ,CE2,45.91,1000.00,10.228,2.10,1.0,<Residue TYR het=  resseq=72 icode= >,1egw_B_B,1.5
567,10.017,TYR, ,CZ,46.59,1000.00,5.534,1.69,1.0,<Residue TYR het=  resseq=72 icode= >,1egw_B_B,1.5
568,43.043,TYR, ,OH,47.53,1000.00,19.82,0.68,1.0,<Residue TYR het=  resseq=72 icode= >,1egw_B_B,1.5
569,0.0,ASN, ,N,49.49,1000.00,0.0,1.82,1.0,<Residue ASN het=  resseq=73 icode= >,1egw_B_B,1.5
570,6.559,ASN, ,CA,51.34,1000.00,0.0,1.82,1.0,<Residue ASN het=  resseq=73 icode= >,1egw_B_B,1.5
571,29.093,ASN, ,C,52.18,1000.00,0.0,1.59,1.0,<Residue ASN het=  resseq=73 icode= >,1egw_B_B,1.5
572,29.58,ASN, ,O,52.78,1000.00,0.0,1.54,1.0,<Residue ASN het=  resseq=73 icode= >,1egw_B_B,1.5
573,19.6,ASN, ,CB,51.93,1000.00,0.0,1.35,1.0,<Residue ASN het=  resseq=73 icode= >,1egw_B_B,1.5
574,4.483,ASN, ,CG,52.66,1000.00,0.0,1.95,1.0,<Residue ASN het=  resseq=73 icode= >,1egw_B_B,1.5
575,26.42,ASN, ,OD1,52.81,1000.00,6.781,1.55,1.0,<Residue ASN het=  resseq=73 icode= >,1egw_B_B,1.5
576,1.893,ASN, ,ND2,52.45,1000.00,0.057,1.16,1.0,<Residue ASN het=  resseq=73 icode= >,1egw_B_B,1.5
