,ASA,aa,altloc,atom,bfac,d2r,dASA,dens,occ,residue,id,resolu
0,53.238,SER, ,N,50.05,4.28,21.293,2.12,1.0,<Residue SER het=  resseq=8 icode= >,1f4k_A_A,2.5
1,13.282,SER, ,CA,51.4,4.03,10.858,2.69,1.0,<Residue SER het=  resseq=8 icode= >,1f4k_A_A,2.5
2,1.883,SER, ,C,51.73,4.06,0.0,1.89,1.0,<Residue SER het=  resseq=8 icode= >,1f4k_A_A,2.5
3,26.03,SER, ,O,52.62,5.25,0.0,1.25,1.0,<Residue SER het=  resseq=8 icode= >,1f4k_A_A,2.5
4,43.395,SER, ,CB,51.04,4.95,0.014,1.60,1.0,<Residue SER het=  resseq=8 icode= >,1f4k_A_A,2.5
5,16.273,SER, ,OG,51.03,4.89,0.121,1.81,1.0,<Residue SER het=  resseq=8 icode= >,1f4k_A_A,2.5
6,3.28,THR, ,N,49.73,3.12,3.28,1.20,1.0,<Residue THR het=  resseq=9 icode= >,1f4k_A_A,2.5
7,9.481,THR, ,CA,45.63,3.88,5.339,2.33,1.0,<Residue THR het=  resseq=9 icode= >,1f4k_A_A,2.5
8,2.991,THR, ,C,43.66,4.72,0.818,4.01,1.0,<Residue THR het=  resseq=9 icode= >,1f4k_A_A,2.5
9,26.032,THR, ,O,44.36,5.69,26.026,2.43,1.0,<Residue THR het=  resseq=9 icode= >,1f4k_A_A,2.5
10,16.378,THR, ,CB,45.95,3.49,16.378,2.34,1.0,<Residue THR het=  resseq=9 icode= >,1f4k_A_A,2.5
11,19.044,THR, ,OG1,45.95,2.79,19.044,2.00,1.0,<Residue THR het=  resseq=9 icode= >,1f4k_A_A,2.5
12,65.671,THR, ,CG2,45.49,3.34,59.422,1.06,1.0,<Residue THR het=  resseq=9 icode= >,1f4k_A_A,2.5
13,0.491,GLY, ,N,41.76,4.75,0.183,3.13,1.0,<Residue GLY het=  resseq=10 icode= >,1f4k_A_A,2.5
14,22.488,GLY, ,CA,38.97,5.96,6.312,2.77,1.0,<Residue GLY het=  resseq=10 icode= >,1f4k_A_A,2.5
15,0.691,GLY, ,C,37.77,6.24,0.691,4.44,1.0,<Residue GLY het=  resseq=10 icode= >,1f4k_A_A,2.5
16,7.669,GLY, ,O,39.34,7.34,7.669,2.75,1.0,<Residue GLY het=  resseq=10 icode= >,1f4k_A_A,2.5
17,4.236,PHE, ,N,36.98,5.53,0.17,3.38,1.0,<Residue PHE het=  resseq=11 icode= >,1f4k_A_A,2.5
18,1.353,PHE, ,CA,36.0,6.25,1.353,3.02,1.0,<Residue PHE het=  resseq=11 icode= >,1f4k_A_A,2.5
19,0.0,PHE, ,C,35.36,7.29,0.0,4.20,1.0,<Residue PHE het=  resseq=11 icode= >,1f4k_A_A,2.5
20,3.253,PHE, ,O,34.41,7.83,0.0,2.68,1.0,<Residue PHE het=  resseq=11 icode= >,1f4k_A_A,2.5
21,15.569,PHE, ,CB,35.97,5.54,10.389,2.12,1.0,<Residue PHE het=  resseq=11 icode= >,1f4k_A_A,2.5
22,2.26,PHE, ,CG,36.44,5.68,2.26,3.14,1.0,<Residue PHE het=  resseq=11 icode= >,1f4k_A_A,2.5
23,13.845,PHE, ,CD1,36.57,6.62,13.845,2.52,1.0,<Residue PHE het=  resseq=11 icode= >,1f4k_A_A,2.5
24,19.946,PHE, ,CD2,35.67,4.66,11.403,2.53,1.0,<Residue PHE het=  resseq=11 icode= >,1f4k_A_A,2.5
25,25.406,PHE, ,CE1,37.96,6.70,25.406,2.07,1.0,<Residue PHE het=  resseq=11 icode= >,1f4k_A_A,2.5
26,24.614,PHE, ,CE2,37.15,4.75,23.918,2.12,1.0,<Residue PHE het=  resseq=11 icode= >,1f4k_A_A,2.5
27,25.445,PHE, ,CZ,38.17,5.85,25.445,1.85,1.0,<Residue PHE het=  resseq=11 icode= >,1f4k_A_A,2.5
28,0.0,LEU, ,N,34.66,7.34,0.0,3.06,1.0,<Residue LEU het=  resseq=12 icode= >,1f4k_A_A,2.5
29,0.0,LEU, ,CA,33.6,8.06,0.0,3.41,1.0,<Residue LEU het=  resseq=12 icode= >,1f4k_A_A,2.5
30,0.275,LEU, ,C,34.15,7.63,0.0,3.53,1.0,<Residue LEU het=  resseq=12 icode= >,1f4k_A_A,2.5
31,6.228,LEU, ,O,36.93,6.99,0.0,2.07,1.0,<Residue LEU het=  resseq=12 icode= >,1f4k_A_A,2.5
32,11.013,LEU, ,CB,32.36,7.62,7.018,2.51,1.0,<Residue LEU het=  resseq=12 icode= >,1f4k_A_A,2.5
33,0.0,LEU, ,CG,33.35,7.86,0.0,2.71,1.0,<Residue LEU het=  resseq=12 icode= >,1f4k_A_A,2.5
34,35.23,LEU, ,CD1,31.1,7.73,35.23,1.98,1.0,<Residue LEU het=  resseq=12 icode= >,1f4k_A_A,2.5
35,1.212,LEU, ,CD2,31.7,9.34,1.212,1.96,1.0,<Residue LEU het=  resseq=12 icode= >,1f4k_A_A,2.5
36,0.923,VAL, ,N,32.88,7.72,0.0,2.73,1.0,<Residue VAL het=  resseq=13 icode= >,1f4k_A_A,2.5
37,5.012,VAL, ,CA,31.55,7.10,0.0,2.46,1.0,<Residue VAL het=  resseq=13 icode= >,1f4k_A_A,2.5
38,0.0,VAL, ,C,32.85,5.55,0.0,3.63,1.0,<Residue VAL het=  resseq=13 icode= >,1f4k_A_A,2.5
39,14.527,VAL, ,O,31.39,5.13,11.328,3.47,1.0,<Residue VAL het=  resseq=13 icode= >,1f4k_A_A,2.5
40,0.0,VAL, ,CB,29.75,7.91,0.0,3.11,1.0,<Residue VAL het=  resseq=13 icode= >,1f4k_A_A,2.5
41,13.999,VAL, ,CG1,27.67,7.91,13.999,1.79,1.0,<Residue VAL het=  resseq=13 icode= >,1f4k_A_A,2.5
42,0.0,VAL, ,CG2,29.62,7.73,0.0,2.38,1.0,<Residue VAL het=  resseq=13 icode= >,1f4k_A_A,2.5
43,1.784,LYS, ,N,33.15,4.99,0.0,2.67,1.0,<Residue LYS het=  resseq=14 icode= >,1f4k_A_A,2.5
44,1.211,LYS, ,CA,33.71,3.60,0.933,3.04,1.0,<Residue LYS het=  resseq=14 icode= >,1f4k_A_A,2.5
45,0.066,LYS, ,C,34.51,3.67,0.066,3.99,1.0,<Residue LYS het=  resseq=14 icode= >,1f4k_A_A,2.5
46,0.0,LYS, ,O,35.99,4.87,0.0,2.48,1.0,<Residue LYS het=  resseq=14 icode= >,1f4k_A_A,2.5
47,13.176,LYS, ,CB,33.85,3.66,5.912,2.64,1.0,<Residue LYS het=  resseq=14 icode= >,1f4k_A_A,2.5
48,28.121,LYS, ,CG,37.93,3.74,13.331,1.58,1.0,<Residue LYS het=  resseq=14 icode= >,1f4k_A_A,2.5
49,18.807,LYS, ,CD,40.01,3.54,11.187,0.66,1.0,<Residue LYS het=  resseq=14 icode= >,1f4k_A_A,2.5
50,47.541,LYS, ,CE,43.93,3.97,31.729,0.92,1.0,<Residue LYS het=  resseq=14 icode= >,1f4k_A_A,2.5
51,29.24,LYS, ,NZ,43.32,4.76,3.927,0.64,1.0,<Residue LYS het=  resseq=14 icode= >,1f4k_A_A,2.5
52,7.29,GLN, ,N,33.87,2.81,7.29,2.79,1.0,<Residue GLN het=  resseq=15 icode= >,1f4k_A_A,2.5
53,3.383,GLN, ,CA,32.23,3.70,3.383,3.57,1.0,<Residue GLN het=  resseq=15 icode= >,1f4k_A_A,2.5
54,0.0,GLN, ,C,33.57,4.28,0.0,4.18,1.0,<Residue GLN het=  resseq=15 icode= >,1f4k_A_A,2.5
55,0.0,GLN, ,O,34.61,5.44,0.0,2.80,1.0,<Residue GLN het=  resseq=15 icode= >,1f4k_A_A,2.5
56,18.6,GLN, ,CB,30.72,3.47,18.563,2.81,1.0,<Residue GLN het=  resseq=15 icode= >,1f4k_A_A,2.5
57,6.068,GLN, ,CG,30.65,4.93,6.068,2.63,1.0,<Residue GLN het=  resseq=15 icode= >,1f4k_A_A,2.5
58,0.0,GLN, ,CD,31.59,3.82,0.0,3.99,1.0,<Residue GLN het=  resseq=15 icode= >,1f4k_A_A,2.5
59,1.646,GLN, ,OE1,32.54,3.93,1.635,2.42,1.0,<Residue GLN het=  resseq=15 icode= >,1f4k_A_A,2.5
60,42.239,GLN, ,NE2,32.19,2.88,41.639,2.47,1.0,<Residue GLN het=  resseq=15 icode= >,1f4k_A_A,2.5
61,2.229,ARG, ,N,33.27,3.48,2.229,3.18,1.0,<Residue ARG het=  resseq=16 icode= >,1f4k_A_A,2.5
62,0.0,ARG, ,CA,33.25,4.34,0.0,3.77,1.0,<Residue ARG het=  resseq=16 icode= >,1f4k_A_A,2.5
63,0.0,ARG, ,C,31.92,5.63,0.0,4.16,1.0,<Residue ARG het=  resseq=16 icode= >,1f4k_A_A,2.5
64,0.0,ARG, ,O,33.66,6.69,0.0,2.77,1.0,<Residue ARG het=  resseq=16 icode= >,1f4k_A_A,2.5
65,9.586,ARG, ,CB,34.83,4.07,4.172,2.35,1.0,<Residue ARG het=  resseq=16 icode= >,1f4k_A_A,2.5
66,2.225,ARG, ,CG,38.93,5.46,0.0,1.61,1.0,<Residue ARG het=  resseq=16 icode= >,1f4k_A_A,2.5
67,0.0,ARG, ,CD,41.78,5.84,0.0,1.52,1.0,<Residue ARG het=  resseq=16 icode= >,1f4k_A_A,2.5
68,0.0,ARG, ,NE,44.64,4.99,0.0,1.63,1.0,<Residue ARG het=  resseq=16 icode= >,1f4k_A_A,2.5
69,0.612,ARG, ,CZ,47.08,4.50,0.03,1.83,1.0,<Residue ARG het=  resseq=16 icode= >,1f4k_A_A,2.5
70,26.575,ARG, ,NH1,47.31,5.13,5.772,0.44,1.0,<Residue ARG het=  resseq=16 icode= >,1f4k_A_A,2.5
71,36.388,ARG, ,NH2,45.4,3.22,31.643,1.37,1.0,<Residue ARG het=  resseq=16 icode= >,1f4k_A_A,2.5
72,0.817,ALA, ,N,31.36,5.80,0.0,3.10,1.0,<Residue ALA het=  resseq=17 icode= >,1f4k_A_A,2.5
73,0.268,ALA, ,CA,31.24,7.22,0.0,2.81,1.0,<Residue ALA het=  resseq=17 icode= >,1f4k_A_A,2.5
74,0.0,ALA, ,C,30.92,7.95,0.0,4.99,1.0,<Residue ALA het=  resseq=17 icode= >,1f4k_A_A,2.5
75,0.0,ALA, ,O,31.77,9.05,0.0,3.30,1.0,<Residue ALA het=  resseq=17 icode= >,1f4k_A_A,2.5
76,15.822,ALA, ,CB,29.18,7.56,0.0,1.80,1.0,<Residue ALA het=  resseq=17 icode= >,1f4k_A_A,2.5
77,0.0,PHE, ,N,28.93,7.48,0.0,4.18,1.0,<Residue PHE het=  resseq=18 icode= >,1f4k_A_A,2.5
78,0.0,PHE, ,CA,31.29,8.22,0.0,3.36,1.0,<Residue PHE het=  resseq=18 icode= >,1f4k_A_A,2.5
79,0.0,PHE, ,C,32.8,8.91,0.0,3.89,1.0,<Residue PHE het=  resseq=18 icode= >,1f4k_A_A,2.5
80,0.019,PHE, ,O,32.3,10.13,0.0,3.13,1.0,<Residue PHE het=  resseq=18 icode= >,1f4k_A_A,2.5
81,1.358,PHE, ,CB,31.74,7.44,1.358,2.31,1.0,<Residue PHE het=  resseq=18 icode= >,1f4k_A_A,2.5
82,1.346,PHE, ,CG,30.19,8.45,1.336,3.46,1.0,<Residue PHE het=  resseq=18 icode= >,1f4k_A_A,2.5
83,0.804,PHE, ,CD1,31.01,9.01,0.804,2.17,1.0,<Residue PHE het=  resseq=18 icode= >,1f4k_A_A,2.5
84,5.111,PHE, ,CD2,29.89,8.98,5.111,2.96,1.0,<Residue PHE het=  resseq=18 icode= >,1f4k_A_A,2.5
85,0.696,PHE, ,CE1,30.69,9.99,0.696,2.29,1.0,<Residue PHE het=  resseq=18 icode= >,1f4k_A_A,2.5
86,28.863,PHE, ,CE2,29.83,9.96,28.863,2.43,1.0,<Residue PHE het=  resseq=18 icode= >,1f4k_A_A,2.5
87,13.442,PHE, ,CZ,28.26,10.43,13.442,2.39,1.0,<Residue PHE het=  resseq=18 icode= >,1f4k_A_A,2.5
88,0.0,LEU, ,N,32.05,8.12,0.0,3.28,1.0,<Residue LEU het=  resseq=19 icode= >,1f4k_A_A,2.5
89,0.0,LEU, ,CA,30.07,8.85,0.0,3.57,1.0,<Residue LEU het=  resseq=19 icode= >,1f4k_A_A,2.5
90,0.0,LEU, ,C,29.76,9.67,0.0,4.99,1.0,<Residue LEU het=  resseq=19 icode= >,1f4k_A_A,2.5
91,0.0,LEU, ,O,28.33,10.82,0.0,3.44,1.0,<Residue LEU het=  resseq=19 icode= >,1f4k_A_A,2.5
92,0.0,LEU, ,CB,29.77,8.11,0.0,2.55,1.0,<Residue LEU het=  resseq=19 icode= >,1f4k_A_A,2.5
93,0.0,LEU, ,CG,32.19,7.85,0.0,3.05,1.0,<Residue LEU het=  resseq=19 icode= >,1f4k_A_A,2.5
94,0.0,LEU, ,CD1,33.38,7.27,0.0,0.89,1.0,<Residue LEU het=  resseq=19 icode= >,1f4k_A_A,2.5
95,0.0,LEU, ,CD2,29.75,8.89,0.0,2.22,1.0,<Residue LEU het=  resseq=19 icode= >,1f4k_A_A,2.5
96,0.0,LYS, ,N,30.83,9.26,0.0,3.45,1.0,<Residue LYS het=  resseq=20 icode= >,1f4k_A_A,2.5
97,0.0,LYS, ,CA,32.77,10.30,0.0,3.24,1.0,<Residue LYS het=  resseq=20 icode= >,1f4k_A_A,2.5
98,0.0,LYS, ,C,33.38,11.52,0.0,3.89,1.0,<Residue LYS het=  resseq=20 icode= >,1f4k_A_A,2.5
99,0.0,LYS, ,O,31.39,12.65,0.0,3.32,1.0,<Residue LYS het=  resseq=20 icode= >,1f4k_A_A,2.5
100,0.0,LYS, ,CB,33.84,9.96,0.0,2.47,1.0,<Residue LYS het=  resseq=20 icode= >,1f4k_A_A,2.5
101,0.0,LYS, ,CG,35.68,9.21,0.0,2.40,1.0,<Residue LYS het=  resseq=20 icode= >,1f4k_A_A,2.5
102,0.0,LYS, ,CD,36.23,9.82,0.0,2.36,1.0,<Residue LYS het=  resseq=20 icode= >,1f4k_A_A,2.5
103,3.578,LYS, ,CE,34.89,9.49,0.0,2.53,1.0,<Residue LYS het=  resseq=20 icode= >,1f4k_A_A,2.5
104,7.993,LYS, ,NZ,38.99,9.71,0.0,1.53,1.0,<Residue LYS het=  resseq=20 icode= >,1f4k_A_A,2.5
105,0.0,LEU, ,N,33.28,11.41,0.0,2.87,1.0,<Residue LEU het=  resseq=21 icode= >,1f4k_A_A,2.5
106,0.0,LEU, ,CA,33.74,12.64,0.0,2.86,1.0,<Residue LEU het=  resseq=21 icode= >,1f4k_A_A,2.5
107,0.0,LEU, ,C,32.82,13.44,0.0,4.29,1.0,<Residue LEU het=  resseq=21 icode= >,1f4k_A_A,2.5
108,0.0,LEU, ,O,32.42,14.62,0.0,3.13,1.0,<Residue LEU het=  resseq=21 icode= >,1f4k_A_A,2.5
109,0.0,LEU, ,CB,33.69,12.51,0.0,1.80,1.0,<Residue LEU het=  resseq=21 icode= >,1f4k_A_A,2.5
110,2.689,LEU, ,CG,33.89,13.87,2.689,3.12,1.0,<Residue LEU het=  resseq=21 icode= >,1f4k_A_A,2.5
111,7.451,LEU, ,CD1,32.28,14.91,7.451,1.98,1.0,<Residue LEU het=  resseq=21 icode= >,1f4k_A_A,2.5
112,18.29,LEU, ,CD2,33.0,13.60,18.28,2.15,1.0,<Residue LEU het=  resseq=21 icode= >,1f4k_A_A,2.5
113,0.0,TYR, ,N,32.28,12.91,0.0,3.51,1.0,<Residue TYR het=  resseq=22 icode= >,1f4k_A_A,2.5
114,0.677,TYR, ,CA,32.66,13.77,0.677,3.83,1.0,<Residue TYR het=  resseq=22 icode= >,1f4k_A_A,2.5
115,0.0,TYR, ,C,35.28,14.32,0.0,4.29,1.0,<Residue TYR het=  resseq=22 icode= >,1f4k_A_A,2.5
116,0.0,TYR, ,O,38.17,14.44,0.0,3.11,1.0,<Residue TYR het=  resseq=22 icode= >,1f4k_A_A,2.5
117,0.0,TYR, ,CB,30.29,13.19,0.0,3.52,1.0,<Residue TYR het=  resseq=22 icode= >,1f4k_A_A,2.5
118,0.312,TYR, ,CG,31.1,13.61,0.312,3.88,1.0,<Residue TYR het=  resseq=22 icode= >,1f4k_A_A,2.5
119,0.732,TYR, ,CD1,30.05,12.95,0.732,2.49,1.0,<Residue TYR het=  resseq=22 icode= >,1f4k_A_A,2.5
120,4.337,TYR, ,CD2,33.01,14.80,1.208,2.34,1.0,<Residue TYR het=  resseq=22 icode= >,1f4k_A_A,2.5
121,9.029,TYR, ,CE1,32.52,13.33,9.029,2.24,1.0,<Residue TYR het=  resseq=22 icode= >,1f4k_A_A,2.5
122,12.256,TYR, ,CE2,34.27,15.26,10.084,1.99,1.0,<Residue TYR het=  resseq=22 icode= >,1f4k_A_A,2.5
123,5.095,TYR, ,CZ,34.32,14.50,5.095,3.08,1.0,<Residue TYR het=  resseq=22 icode= >,1f4k_A_A,2.5
124,27.193,TYR, ,OH,36.39,14.98,27.193,2.49,1.0,<Residue TYR het=  resseq=22 icode= >,1f4k_A_A,2.5
125,0.0,MET, ,N,35.93,13.65,0.0,2.72,1.0,<Residue MET het=  resseq=23 icode= >,1f4k_A_A,2.5
126,1.147,MET, ,CA,36.16,12.96,0.0,2.40,1.0,<Residue MET het=  resseq=23 icode= >,1f4k_A_A,2.5
127,0.0,MET, ,C,36.48,13.65,0.0,3.65,1.0,<Residue MET het=  resseq=23 icode= >,1f4k_A_A,2.5
128,1.367,MET, ,O,36.53,13.27,0.0,2.28,1.0,<Residue MET het=  resseq=23 icode= >,1f4k_A_A,2.5
129,0.0,MET, ,CB,35.53,11.78,0.0,2.26,1.0,<Residue MET het=  resseq=23 icode= >,1f4k_A_A,2.5
130,0.0,MET, ,CG,36.88,11.04,0.0,2.22,1.0,<Residue MET het=  resseq=23 icode= >,1f4k_A_A,2.5
131,0.2,MET, ,SD,38.44,10.37,0.0,5.68,1.0,<Residue MET het=  resseq=23 icode= >,1f4k_A_A,2.5
132,0.0,MET, ,CE,38.47,11.26,0.0,1.45,1.0,<Residue MET het=  resseq=23 icode= >,1f4k_A_A,2.5
133,0.0,ILE, ,N,37.16,14.52,0.0,2.53,1.0,<Residue ILE het=  resseq=24 icode= >,1f4k_A_A,2.5
134,0.0,ILE, ,CA,35.56,15.37,0.0,3.22,1.0,<Residue ILE het=  resseq=24 icode= >,1f4k_A_A,2.5
135,0.0,ILE, ,C,36.18,16.14,0.0,4.54,1.0,<Residue ILE het=  resseq=24 icode= >,1f4k_A_A,2.5
136,0.0,ILE, ,O,36.25,15.95,0.0,2.85,1.0,<Residue ILE het=  resseq=24 icode= >,1f4k_A_A,2.5
137,0.0,ILE, ,CB,34.6,16.28,0.0,3.07,1.0,<Residue ILE het=  resseq=24 icode= >,1f4k_A_A,2.5
138,0.0,ILE, ,CG1,32.8,15.57,0.0,2.44,1.0,<Residue ILE het=  resseq=24 icode= >,1f4k_A_A,2.5
139,0.0,ILE, ,CG2,33.32,17.53,0.0,1.52,1.0,<Residue ILE het=  resseq=24 icode= >,1f4k_A_A,2.5
140,0.0,ILE, ,CD1,34.19,15.67,0.0,1.48,1.0,<Residue ILE het=  resseq=24 icode= >,1f4k_A_A,2.5
141,0.0,THR, ,N,37.07,16.82,0.0,3.65,1.0,<Residue THR het=  resseq=25 icode= >,1f4k_A_A,2.5
142,0.0,THR, ,CA,38.94,17.36,0.0,3.27,1.0,<Residue THR het=  resseq=25 icode= >,1f4k_A_A,2.5
143,0.0,THR, ,C,40.8,16.34,0.0,3.78,1.0,<Residue THR het=  resseq=25 icode= >,1f4k_A_A,2.5
144,0.0,THR, ,O,43.0,16.69,0.0,2.28,1.0,<Residue THR het=  resseq=25 icode= >,1f4k_A_A,2.5
145,2.236,THR, ,CB,37.11,18.05,2.23,4.04,1.0,<Residue THR het=  resseq=25 icode= >,1f4k_A_A,2.5
146,11.236,THR, ,OG1,38.31,17.93,10.746,2.76,1.0,<Residue THR het=  resseq=25 icode= >,1f4k_A_A,2.5
147,29.648,THR, ,CG2,35.41,18.52,19.699,2.00,1.0,<Residue THR het=  resseq=25 icode= >,1f4k_A_A,2.5
148,0.0,MET, ,N,41.75,15.16,0.0,2.93,1.0,<Residue MET het=  resseq=26 icode= >,1f4k_A_A,2.5
149,0.0,MET, ,CA,43.02,14.23,0.0,2.75,1.0,<Residue MET het=  resseq=26 icode= >,1f4k_A_A,2.5
150,1.351,MET, ,C,42.91,13.67,0.0,3.77,1.0,<Residue MET het=  resseq=26 icode= >,1f4k_A_A,2.5
151,1.967,MET, ,O,42.28,13.35,0.0,2.61,1.0,<Residue MET het=  resseq=26 icode= >,1f4k_A_A,2.5
152,1.663,MET, ,CB,43.73,13.14,0.0,2.05,1.0,<Residue MET het=  resseq=26 icode= >,1f4k_A_A,2.5
153,12.566,MET, ,CG,44.98,13.48,0.0,2.69,1.0,<Residue MET het=  resseq=26 icode= >,1f4k_A_A,2.5
154,0.279,MET, ,SD,51.7,12.71,0.0,3.87,1.0,<Residue MET het=  resseq=26 icode= >,1f4k_A_A,2.5
155,1.23,MET, ,CE,50.34,12.14,0.0,0.79,1.0,<Residue MET het=  resseq=26 icode= >,1f4k_A_A,2.5
156,0.135,THR, ,N,42.34,13.74,0.0,2.79,1.0,<Residue THR het=  resseq=27 icode= >,1f4k_A_A,2.5
157,3.101,THR, ,CA,43.67,13.50,0.0,2.83,1.0,<Residue THR het=  resseq=27 icode= >,1f4k_A_A,2.5
158,0.0,THR, ,C,45.17,14.77,0.0,3.30,1.0,<Residue THR het=  resseq=27 icode= >,1f4k_A_A,2.5
159,3.002,THR, ,O,44.71,14.86,0.0,2.15,1.0,<Residue THR het=  resseq=27 icode= >,1f4k_A_A,2.5
160,0.0,THR, ,CB,42.21,13.45,0.0,2.87,1.0,<Residue THR het=  resseq=27 icode= >,1f4k_A_A,2.5
161,4.524,THR, ,OG1,42.58,12.32,0.0,1.95,1.0,<Residue THR het=  resseq=27 icode= >,1f4k_A_A,2.5
162,0.0,THR, ,CG2,39.64,13.54,0.0,1.49,1.0,<Residue THR het=  resseq=27 icode= >,1f4k_A_A,2.5
163,0.0,GLU, ,N,47.32,15.86,0.0,1.74,1.0,<Residue GLU het=  resseq=28 icode= >,1f4k_A_A,2.5
164,5.149,GLU, ,CA,47.57,17.15,0.0,2.08,1.0,<Residue GLU het=  resseq=28 icode= >,1f4k_A_A,2.5
165,0.427,GLU, ,C,46.81,17.28,0.0,2.99,1.0,<Residue GLU het=  resseq=28 icode= >,1f4k_A_A,2.5
166,31.588,GLU, ,O,47.82,18.07,0.0,1.59,1.0,<Residue GLU het=  resseq=28 icode= >,1f4k_A_A,2.5
167,5.008,GLU, ,CB,47.71,18.29,0.0,2.10,1.0,<Residue GLU het=  resseq=28 icode= >,1f4k_A_A,2.5
168,2.289,GLU, ,CG,49.48,18.83,0.0,1.55,1.0,<Residue GLU het=  resseq=28 icode= >,1f4k_A_A,2.5
169,0.149,GLU, ,CD,49.67,20.03,0.0,3.00,1.0,<Residue GLU het=  resseq=28 icode= >,1f4k_A_A,2.5
170,22.929,GLU, ,OE1,50.92,20.85,0.0,1.81,1.0,<Residue GLU het=  resseq=28 icode= >,1f4k_A_A,2.5
171,0.0,GLU, ,OE2,50.74,20.23,0.0,1.59,1.0,<Residue GLU het=  resseq=28 icode= >,1f4k_A_A,2.5
172,0.0,GLN, ,N,45.46,16.66,0.0,3.21,1.0,<Residue GLN het=  resseq=29 icode= >,1f4k_A_A,2.5
173,6.161,GLN, ,CA,46.82,17.02,0.0,2.60,1.0,<Residue GLN het=  resseq=29 icode= >,1f4k_A_A,2.5
174,4.379,GLN, ,C,47.39,16.07,0.0,3.16,1.0,<Residue GLN het=  resseq=29 icode= >,1f4k_A_A,2.5
175,19.01,GLN, ,O,47.19,16.57,0.0,2.01,1.0,<Residue GLN het=  resseq=29 icode= >,1f4k_A_A,2.5
176,12.308,GLN, ,CB,46.04,17.59,0.0,1.54,1.0,<Residue GLN het=  resseq=29 icode= >,1f4k_A_A,2.5
177,9.117,GLN, ,CG,48.29,18.50,0.0,1.61,1.0,<Residue GLN het=  resseq=29 icode= >,1f4k_A_A,2.5
178,4.456,GLN, ,CD,49.69,19.16,0.0,2.96,1.0,<Residue GLN het=  resseq=29 icode= >,1f4k_A_A,2.5
179,27.675,GLN, ,OE1,48.76,18.61,0.0,2.60,1.0,<Residue GLN het=  resseq=29 icode= >,1f4k_A_A,2.5
180,46.35,GLN, ,NE2,51.87,20.37,3.005,1.70,1.0,<Residue GLN het=  resseq=29 icode= >,1f4k_A_A,2.5
181,1.156,GLU, ,N,47.76,14.79,0.0,2.16,1.0,<Residue GLU het=  resseq=30 icode= >,1f4k_A_A,2.5
182,9.915,GLU, ,CA,48.17,13.88,0.0,2.44,1.0,<Residue GLU het=  resseq=30 icode= >,1f4k_A_A,2.5
183,1.624,GLU, ,C,46.54,12.63,0.0,3.64,1.0,<Residue GLU het=  resseq=30 icode= >,1f4k_A_A,2.5
184,1.53,GLU, ,O,45.13,12.50,0.0,2.56,1.0,<Residue GLU het=  resseq=30 icode= >,1f4k_A_A,2.5
185,2.72,GLU, ,CB,50.6,13.64,0.0,2.05,1.0,<Residue GLU het=  resseq=30 icode= >,1f4k_A_A,2.5
186,7.502,GLU, ,CG,54.93,15.01,0.0,1.83,1.0,<Residue GLU het=  resseq=30 icode= >,1f4k_A_A,2.5
187,9.34,GLU, ,CD,55.77,15.08,0.0,3.12,1.0,<Residue GLU het=  resseq=30 icode= >,1f4k_A_A,2.5
188,20.868,GLU, ,OE1,59.23,14.66,0.0,1.24,1.0,<Residue GLU het=  resseq=30 icode= >,1f4k_A_A,2.5
189,42.108,GLU, ,OE2,57.83,15.60,0.0,1.37,1.0,<Residue GLU het=  resseq=30 icode= >,1f4k_A_A,2.5
190,4.835,ARG, ,N,45.48,11.86,0.0,2.69,1.0,<Residue ARG het=  resseq=31 icode= >,1f4k_A_A,2.5
191,1.419,ARG, ,CA,45.91,10.69,0.0,2.33,1.0,<Residue ARG het=  resseq=31 icode= >,1f4k_A_A,2.5
192,0.0,ARG, ,C,45.07,9.59,0.0,2.64,1.0,<Residue ARG het=  resseq=31 icode= >,1f4k_A_A,2.5
193,16.615,ARG, ,O,43.33,9.54,0.0,2.21,1.0,<Residue ARG het=  resseq=31 icode= >,1f4k_A_A,2.5
194,21.903,ARG, ,CB,45.94,11.17,0.0,1.64,1.0,<Residue ARG het=  resseq=31 icode= >,1f4k_A_A,2.5
195,5.426,ARG, ,CG,50.0,10.75,0.0,0.94,1.0,<Residue ARG het=  resseq=31 icode= >,1f4k_A_A,2.5
196,21.146,ARG, ,CD,49.87,11.90,0.0,1.28,1.0,<Residue ARG het=  resseq=31 icode= >,1f4k_A_A,2.5
197,0.863,ARG, ,NE,50.11,12.26,0.0,2.56,1.0,<Residue ARG het=  resseq=31 icode= >,1f4k_A_A,2.5
198,4.212,ARG, ,CZ,49.81,13.19,0.0,3.52,1.0,<Residue ARG het=  resseq=31 icode= >,1f4k_A_A,2.5
199,26.491,ARG, ,NH1,51.64,13.83,0.0,1.37,1.0,<Residue ARG het=  resseq=31 icode= >,1f4k_A_A,2.5
200,9.186,ARG, ,NH2,49.64,13.62,0.0,1.40,1.0,<Residue ARG het=  resseq=31 icode= >,1f4k_A_A,2.5
201,3.305,LEU, ,N,43.68,8.94,0.0,2.59,1.0,<Residue LEU het=  resseq=32 icode= >,1f4k_A_A,2.5
202,0.454,LEU, ,CA,44.05,8.04,0.0,2.64,1.0,<Residue LEU het=  resseq=32 icode= >,1f4k_A_A,2.5
203,0.0,LEU, ,C,43.69,6.68,0.0,3.11,1.0,<Residue LEU het=  resseq=32 icode= >,1f4k_A_A,2.5
204,3.978,LEU, ,O,44.12,6.73,0.0,2.02,1.0,<Residue LEU het=  resseq=32 icode= >,1f4k_A_A,2.5
205,0.218,LEU, ,CB,42.2,8.79,0.0,2.35,1.0,<Residue LEU het=  resseq=32 icode= >,1f4k_A_A,2.5
206,0.067,LEU, ,CG,42.77,10.15,0.0,2.62,1.0,<Residue LEU het=  resseq=32 icode= >,1f4k_A_A,2.5
207,1.767,LEU, ,CD1,41.57,10.69,0.0,1.46,1.0,<Residue LEU het=  resseq=32 icode= >,1f4k_A_A,2.5
208,32.436,LEU, ,CD2,40.98,10.16,0.0,1.10,1.0,<Residue LEU het=  resseq=32 icode= >,1f4k_A_A,2.5
209,0.0,TYR, ,N,42.17,5.67,0.0,2.39,1.0,<Residue TYR het=  resseq=33 icode= >,1f4k_A_A,2.5
210,0.0,TYR, ,CA,41.85,4.33,0.0,2.13,1.0,<Residue TYR het=  resseq=33 icode= >,1f4k_A_A,2.5
211,0.0,TYR, ,C,41.29,4.21,0.0,2.84,1.0,<Residue TYR het=  resseq=33 icode= >,1f4k_A_A,2.5
212,0.0,TYR, ,O,39.39,4.78,0.0,2.69,1.0,<Residue TYR het=  resseq=33 icode= >,1f4k_A_A,2.5
213,1.582,TYR, ,CB,40.68,3.39,1.582,1.96,1.0,<Residue TYR het=  resseq=33 icode= >,1f4k_A_A,2.5
214,0.0,TYR, ,CG,41.03,3.97,0.0,2.83,1.0,<Residue TYR het=  resseq=33 icode= >,1f4k_A_A,2.5
215,5.45,TYR, ,CD1,40.56,3.53,5.45,2.28,1.0,<Residue TYR het=  resseq=33 icode= >,1f4k_A_A,2.5
216,3.45,TYR, ,CD2,41.05,5.09,0.0,1.68,1.0,<Residue TYR het=  resseq=33 icode= >,1f4k_A_A,2.5
217,6.933,TYR, ,CE1,42.96,4.11,6.165,1.76,1.0,<Residue TYR het=  resseq=33 icode= >,1f4k_A_A,2.5
218,9.861,TYR, ,CE2,40.6,5.74,0.0,1.83,1.0,<Residue TYR het=  resseq=33 icode= >,1f4k_A_A,2.5
219,0.0,TYR, ,CZ,43.48,4.98,0.0,2.91,1.0,<Residue TYR het=  resseq=33 icode= >,1f4k_A_A,2.5
220,13.606,TYR, ,OH,45.9,4.82,2.146,1.69,1.0,<Residue TYR het=  resseq=33 icode= >,1f4k_A_A,2.5
221,4.173,GLY, ,N,41.42,3.52,3.444,2.16,1.0,<Residue GLY het=  resseq=34 icode= >,1f4k_A_A,2.5
222,0.918,GLY, ,CA,40.58,3.51,0.717,2.18,1.0,<Residue GLY het=  resseq=34 icode= >,1f4k_A_A,2.5
223,0.708,GLY, ,C,40.05,3.75,0.0,3.64,1.0,<Residue GLY het=  resseq=34 icode= >,1f4k_A_A,2.5
224,0.0,GLY, ,O,40.54,4.96,0.0,2.11,1.0,<Residue GLY het=  resseq=34 icode= >,1f4k_A_A,2.5
225,0.36,LEU, ,N,39.32,3.05,0.36,3.01,1.0,<Residue LEU het=  resseq=35 icode= >,1f4k_A_A,2.5
226,0.0,LEU, ,CA,40.08,4.12,0.0,2.64,1.0,<Residue LEU het=  resseq=35 icode= >,1f4k_A_A,2.5
227,0.23,LEU, ,C,39.85,5.25,0.0,4.25,1.0,<Residue LEU het=  resseq=35 icode= >,1f4k_A_A,2.5
228,4.379,LEU, ,O,39.53,6.39,0.0,3.04,1.0,<Residue LEU het=  resseq=35 icode= >,1f4k_A_A,2.5
229,11.36,LEU, ,CB,39.99,4.03,0.396,1.77,1.0,<Residue LEU het=  resseq=35 icode= >,1f4k_A_A,2.5
230,2.689,LEU, ,CG,40.86,3.53,2.689,2.53,1.0,<Residue LEU het=  resseq=35 icode= >,1f4k_A_A,2.5
231,65.145,LEU, ,CD1,39.85,3.23,47.868,1.71,1.0,<Residue LEU het=  resseq=35 icode= >,1f4k_A_A,2.5
232,11.957,LEU, ,CD2,37.42,3.90,4.286,1.23,1.0,<Residue LEU het=  resseq=35 icode= >,1f4k_A_A,2.5
233,0.0,LYS, ,N,41.36,5.21,0.0,2.66,1.0,<Residue LYS het=  resseq=36 icode= >,1f4k_A_A,2.5
234,0.0,LYS, ,CA,42.33,6.55,0.0,2.85,1.0,<Residue LYS het=  resseq=36 icode= >,1f4k_A_A,2.5
235,0.0,LYS, ,C,41.52,7.37,0.0,3.64,1.0,<Residue LYS het=  resseq=36 icode= >,1f4k_A_A,2.5
236,0.0,LYS, ,O,40.55,8.51,0.0,2.97,1.0,<Residue LYS het=  resseq=36 icode= >,1f4k_A_A,2.5
237,0.0,LYS, ,CB,45.35,6.73,0.0,1.75,1.0,<Residue LYS het=  resseq=36 icode= >,1f4k_A_A,2.5
238,4.849,LYS, ,CG,49.49,7.80,0.0,1.13,1.0,<Residue LYS het=  resseq=36 icode= >,1f4k_A_A,2.5
239,2.341,LYS, ,CD,53.51,7.43,0.0,1.01,1.0,<Residue LYS het=  resseq=36 icode= >,1f4k_A_A,2.5
240,31.796,LYS, ,CE,56.42,7.79,0.0,1.04,1.0,<Residue LYS het=  resseq=36 icode= >,1f4k_A_A,2.5
241,30.101,LYS, ,NZ,58.25,6.98,0.0,0.56,1.0,<Residue LYS het=  resseq=36 icode= >,1f4k_A_A,2.5
242,0.0,LEU, ,N,39.6,7.01,0.0,3.16,1.0,<Residue LEU het=  resseq=37 icode= >,1f4k_A_A,2.5
243,0.0,LEU, ,CA,40.07,8.08,0.0,3.73,1.0,<Residue LEU het=  resseq=37 icode= >,1f4k_A_A,2.5
244,0.0,LEU, ,C,41.0,8.56,0.0,4.35,1.0,<Residue LEU het=  resseq=37 icode= >,1f4k_A_A,2.5
245,0.0,LEU, ,O,41.41,9.78,0.0,2.99,1.0,<Residue LEU het=  resseq=37 icode= >,1f4k_A_A,2.5
246,0.0,LEU, ,CB,38.67,7.87,0.0,2.34,1.0,<Residue LEU het=  resseq=37 icode= >,1f4k_A_A,2.5
247,0.752,LEU, ,CG,39.36,8.13,0.0,2.33,1.0,<Residue LEU het=  resseq=37 icode= >,1f4k_A_A,2.5
248,4.614,LEU, ,CD1,37.71,8.95,0.0,1.12,1.0,<Residue LEU het=  resseq=37 icode= >,1f4k_A_A,2.5
249,2.621,LEU, ,CD2,38.9,6.95,0.0,1.23,1.0,<Residue LEU het=  resseq=37 icode= >,1f4k_A_A,2.5
250,0.0,LEU, ,N,41.71,7.77,0.0,3.07,1.0,<Residue LEU het=  resseq=38 icode= >,1f4k_A_A,2.5
251,0.0,LEU, ,CA,43.89,8.49,0.0,2.42,1.0,<Residue LEU het=  resseq=38 icode= >,1f4k_A_A,2.5
252,0.0,LEU, ,C,44.92,9.42,0.0,3.14,1.0,<Residue LEU het=  resseq=38 icode= >,1f4k_A_A,2.5
253,0.0,LEU, ,O,45.44,10.59,0.0,1.95,1.0,<Residue LEU het=  resseq=38 icode= >,1f4k_A_A,2.5
254,0.208,LEU, ,CB,44.25,7.70,0.0,1.82,1.0,<Residue LEU het=  resseq=38 icode= >,1f4k_A_A,2.5
255,0.841,LEU, ,CG,44.07,8.69,0.0,2.13,1.0,<Residue LEU het=  resseq=38 icode= >,1f4k_A_A,2.5
256,0.0,LEU, ,CD1,42.55,9.57,0.0,1.14,1.0,<Residue LEU het=  resseq=38 icode= >,1f4k_A_A,2.5
257,9.783,LEU, ,CD2,44.77,7.41,0.0,0.84,1.0,<Residue LEU het=  resseq=38 icode= >,1f4k_A_A,2.5
258,0.092,GLU, ,N,44.36,9.07,0.0,3.24,1.0,<Residue GLU het=  resseq=39 icode= >,1f4k_A_A,2.5
259,3.451,GLU, ,CA,45.51,10.15,0.0,2.76,1.0,<Residue GLU het=  resseq=39 icode= >,1f4k_A_A,2.5
260,0.023,GLU, ,C,44.31,11.26,0.0,3.98,1.0,<Residue GLU het=  resseq=39 icode= >,1f4k_A_A,2.5
261,1.161,GLU, ,O,43.01,12.42,0.0,3.26,1.0,<Residue GLU het=  resseq=39 icode= >,1f4k_A_A,2.5
262,6.182,GLU, ,CB,48.33,9.25,0.0,1.16,1.0,<Residue GLU het=  resseq=39 icode= >,1f4k_A_A,2.5
263,26.917,GLU, ,CG,54.24,9.65,0.0,1.16,1.0,<Residue GLU het=  resseq=39 icode= >,1f4k_A_A,2.5
264,8.279,GLU, ,CD,59.07,9.02,0.0,1.59,1.0,<Residue GLU het=  resseq=39 icode= >,1f4k_A_A,2.5
265,25.72,GLU, ,OE1,61.09,7.87,0.0,0.75,1.0,<Residue GLU het=  resseq=39 icode= >,1f4k_A_A,2.5
266,30.025,GLU, ,OE2,60.82,9.82,0.0,1.20,1.0,<Residue GLU het=  resseq=39 icode= >,1f4k_A_A,2.5
267,0.0,VAL, ,N,42.5,11.04,0.0,3.34,1.0,<Residue VAL het=  resseq=40 icode= >,1f4k_A_A,2.5
268,4.164,VAL, ,CA,42.78,12.24,0.0,2.53,1.0,<Residue VAL het=  resseq=40 icode= >,1f4k_A_A,2.5
269,0.0,VAL, ,C,43.17,13.01,0.0,3.56,1.0,<Residue VAL het=  resseq=40 icode= >,1f4k_A_A,2.5
270,0.3,VAL, ,O,42.01,14.23,0.0,3.32,1.0,<Residue VAL het=  resseq=40 icode= >,1f4k_A_A,2.5
271,0.0,VAL, ,CB,43.23,12.06,0.0,2.73,1.0,<Residue VAL het=  resseq=40 icode= >,1f4k_A_A,2.5
272,18.775,VAL, ,CG1,41.24,13.38,0.0,1.40,1.0,<Residue VAL het=  resseq=40 icode= >,1f4k_A_A,2.5
273,26.124,VAL, ,CG2,41.53,11.82,0.0,1.89,1.0,<Residue VAL het=  resseq=40 icode= >,1f4k_A_A,2.5
274,0.0,LEU, ,N,43.33,12.40,0.0,2.99,1.0,<Residue LEU het=  resseq=41 icode= >,1f4k_A_A,2.5
275,0.0,LEU, ,CA,43.21,13.19,0.0,3.15,1.0,<Residue LEU het=  resseq=41 icode= >,1f4k_A_A,2.5
276,0.0,LEU, ,C,43.05,12.78,0.0,4.00,1.0,<Residue LEU het=  resseq=41 icode= >,1f4k_A_A,2.5
277,0.0,LEU, ,O,42.31,12.80,0.0,2.89,1.0,<Residue LEU het=  resseq=41 icode= >,1f4k_A_A,2.5
278,0.0,LEU, ,CB,42.56,12.04,0.0,2.62,1.0,<Residue LEU het=  resseq=41 icode= >,1f4k_A_A,2.5
279,0.0,LEU, ,CG,42.21,12.36,0.0,3.01,1.0,<Residue LEU het=  resseq=41 icode= >,1f4k_A_A,2.5
280,0.0,LEU, ,CD1,42.98,11.26,0.0,0.71,1.0,<Residue LEU het=  resseq=41 icode= >,1f4k_A_A,2.5
281,0.0,LEU, ,CD2,41.18,12.73,0.0,1.65,1.0,<Residue LEU het=  resseq=41 icode= >,1f4k_A_A,2.5
282,0.0,ARG, ,N,43.2,12.61,0.0,3.22,1.0,<Residue ARG het=  resseq=42 icode= >,1f4k_A_A,2.5
283,0.12,ARG, ,CA,46.71,12.44,0.0,2.77,1.0,<Residue ARG het=  resseq=42 icode= >,1f4k_A_A,2.5
284,1.058,ARG, ,C,47.34,13.68,0.0,3.39,1.0,<Residue ARG het=  resseq=42 icode= >,1f4k_A_A,2.5
285,1.994,ARG, ,O,46.47,13.70,0.0,2.59,1.0,<Residue ARG het=  resseq=42 icode= >,1f4k_A_A,2.5
286,13.531,ARG, ,CB,47.7,12.44,0.0,1.57,1.0,<Residue ARG het=  resseq=42 icode= >,1f4k_A_A,2.5
287,0.0,ARG, ,CG,50.17,11.16,0.0,2.00,1.0,<Residue ARG het=  resseq=42 icode= >,1f4k_A_A,2.5
288,9.517,ARG, ,CD,52.64,10.65,0.0,2.20,1.0,<Residue ARG het=  resseq=42 icode= >,1f4k_A_A,2.5
289,0.0,ARG, ,NE,56.07,9.20,0.0,2.10,1.0,<Residue ARG het=  resseq=42 icode= >,1f4k_A_A,2.5
290,0.0,ARG, ,CZ,57.79,8.64,0.0,2.22,1.0,<Residue ARG het=  resseq=42 icode= >,1f4k_A_A,2.5
291,35.672,ARG, ,NH1,57.46,9.53,0.0,1.16,1.0,<Residue ARG het=  resseq=42 icode= >,1f4k_A_A,2.5
292,19.126,ARG, ,NH2,59.13,7.34,0.0,0.82,1.0,<Residue ARG het=  resseq=42 icode= >,1f4k_A_A,2.5
293,0.468,SER, ,N,48.02,14.83,0.0,2.55,1.0,<Residue SER het=  resseq=43 icode= >,1f4k_A_A,2.5
294,6.796,SER, ,CA,48.31,16.09,0.0,3.39,1.0,<Residue SER het=  resseq=43 icode= >,1f4k_A_A,2.5
295,0.311,SER, ,C,48.03,16.25,0.0,4.26,1.0,<Residue SER het=  resseq=43 icode= >,1f4k_A_A,2.5
296,13.276,SER, ,O,47.98,16.75,0.0,2.52,1.0,<Residue SER het=  resseq=43 icode= >,1f4k_A_A,2.5
297,24.062,SER, ,CB,50.04,15.50,0.0,2.03,1.0,<Residue SER het=  resseq=43 icode= >,1f4k_A_A,2.5
298,36.04,SER, ,OG,52.63,16.43,0.0,1.41,1.0,<Residue SER het=  resseq=43 icode= >,1f4k_A_A,2.5
299,0.096,GLU, ,N,47.39,15.96,0.0,3.63,1.0,<Residue GLU het=  resseq=44 icode= >,1f4k_A_A,2.5
300,8.937,GLU, ,CA,48.62,16.26,0.326,3.49,1.0,<Residue GLU het=  resseq=44 icode= >,1f4k_A_A,2.5
301,0.103,GLU, ,C,49.02,15.60,0.103,3.35,1.0,<Residue GLU het=  resseq=44 icode= >,1f4k_A_A,2.5
302,23.15,GLU, ,O,50.14,16.32,12.036,2.54,1.0,<Residue GLU het=  resseq=44 icode= >,1f4k_A_A,2.5
303,3.249,GLU, ,CB,51.37,15.98,3.249,2.62,1.0,<Residue GLU het=  resseq=44 icode= >,1f4k_A_A,2.5
304,25.019,GLU, ,CG,56.08,17.10,2.588,1.86,1.0,<Residue GLU het=  resseq=44 icode= >,1f4k_A_A,2.5
305,8.377,GLU, ,CD,59.28,16.95,0.09,2.06,1.0,<Residue GLU het=  resseq=44 icode= >,1f4k_A_A,2.5
306,16.467,GLU, ,OE1,58.39,16.76,15.918,1.57,1.0,<Residue GLU het=  resseq=44 icode= >,1f4k_A_A,2.5
307,12.394,GLU, ,OE2,62.5,16.14,0.0,0.96,1.0,<Residue GLU het=  resseq=44 icode= >,1f4k_A_A,2.5
308,0.0,PHE, ,N,47.58,14.32,0.0,2.42,1.0,<Residue PHE het=  resseq=45 icode= >,1f4k_A_A,2.5
309,0.0,PHE, ,CA,45.91,13.56,0.0,2.97,1.0,<Residue PHE het=  resseq=45 icode= >,1f4k_A_A,2.5
310,0.0,PHE, ,C,47.35,13.37,0.0,4.48,1.0,<Residue PHE het=  resseq=45 icode= >,1f4k_A_A,2.5
311,0.0,PHE, ,O,47.8,12.65,0.0,2.49,1.0,<Residue PHE het=  resseq=45 icode= >,1f4k_A_A,2.5
312,0.0,PHE, ,CB,42.49,12.23,0.0,2.65,1.0,<Residue PHE het=  resseq=45 icode= >,1f4k_A_A,2.5
313,0.0,PHE, ,CG,39.12,12.35,0.0,3.39,1.0,<Residue PHE het=  resseq=45 icode= >,1f4k_A_A,2.5
314,1.722,PHE, ,CD1,38.67,12.72,1.722,1.93,1.0,<Residue PHE het=  resseq=45 icode= >,1f4k_A_A,2.5
315,0.0,PHE, ,CD2,37.75,12.25,0.0,2.20,1.0,<Residue PHE het=  resseq=45 icode= >,1f4k_A_A,2.5
316,18.618,PHE, ,CE1,37.5,12.99,18.618,2.31,1.0,<Residue PHE het=  resseq=45 icode= >,1f4k_A_A,2.5
317,0.0,PHE, ,CE2,35.55,12.53,0.0,2.57,1.0,<Residue PHE het=  resseq=45 icode= >,1f4k_A_A,2.5
318,0.725,PHE, ,CZ,35.78,12.89,0.725,2.83,1.0,<Residue PHE het=  resseq=45 icode= >,1f4k_A_A,2.5
319,0.0,LYS, ,N,48.87,14.15,0.0,3.71,1.0,<Residue LYS het=  resseq=46 icode= >,1f4k_A_A,2.5
320,5.42,LYS, ,CA,52.3,14.21,0.0,2.85,1.0,<Residue LYS het=  resseq=46 icode= >,1f4k_A_A,2.5
321,0.0,LYS, ,C,53.3,14.61,0.0,3.15,1.0,<Residue LYS het=  resseq=46 icode= >,1f4k_A_A,2.5
322,12.792,LYS, ,O,54.01,14.23,0.0,1.90,1.0,<Residue LYS het=  resseq=46 icode= >,1f4k_A_A,2.5
323,6.61,LYS, ,CB,53.56,15.35,0.0,2.08,1.0,<Residue LYS het=  resseq=46 icode= >,1f4k_A_A,2.5
324,15.745,LYS, ,CG,56.16,15.61,0.0,1.75,1.0,<Residue LYS het=  resseq=46 icode= >,1f4k_A_A,2.5
325,32.151,LYS, ,CD,58.82,16.31,0.0,1.66,1.0,<Residue LYS het=  resseq=46 icode= >,1f4k_A_A,2.5
326,44.707,LYS, ,CE,61.03,16.52,0.0,1.06,1.0,<Residue LYS het=  resseq=46 icode= >,1f4k_A_A,2.5
327,49.806,LYS, ,NZ,62.77,17.32,0.0,0.80,1.0,<Residue LYS het=  resseq=46 icode= >,1f4k_A_A,2.5
328,0.915,GLU, ,N,54.03,15.52,0.0,2.68,1.0,<Residue GLU het=  resseq=47 icode= >,1f4k_A_A,2.5
329,8.69,GLU, ,CA,54.47,16.16,0.0,2.56,1.0,<Residue GLU het=  resseq=47 icode= >,1f4k_A_A,2.5
330,0.0,GLU, ,C,52.69,15.32,0.0,3.63,1.0,<Residue GLU het=  resseq=47 icode= >,1f4k_A_A,2.5
331,22.802,GLU, ,O,51.4,15.41,0.0,2.45,1.0,<Residue GLU het=  resseq=47 icode= >,1f4k_A_A,2.5
332,17.762,GLU, ,CB,57.54,17.42,0.0,1.65,1.0,<Residue GLU het=  resseq=47 icode= >,1f4k_A_A,2.5
333,26.634,GLU, ,CG,62.01,18.33,0.0,1.32,1.0,<Residue GLU het=  resseq=47 icode= >,1f4k_A_A,2.5
334,12.511,GLU, ,CD,65.36,19.44,0.0,1.49,1.0,<Residue GLU het=  resseq=47 icode= >,1f4k_A_A,2.5
335,39.931,GLU, ,OE1,65.67,20.34,0.0,1.43,1.0,<Residue GLU het=  resseq=47 icode= >,1f4k_A_A,2.5
336,36.25,GLU, ,OE2,66.17,19.48,0.0,1.16,1.0,<Residue GLU het=  resseq=47 icode= >,1f4k_A_A,2.5
337,0.0,ILE, ,N,50.78,14.66,0.0,3.01,1.0,<Residue ILE het=  resseq=48 icode= >,1f4k_A_A,2.5
338,6.408,ILE, ,CA,49.6,13.98,0.014,2.87,1.0,<Residue ILE het=  resseq=48 icode= >,1f4k_A_A,2.5
339,0.351,ILE, ,C,49.27,12.78,0.0,3.36,1.0,<Residue ILE het=  resseq=48 icode= >,1f4k_A_A,2.5
340,24.743,ILE, ,O,49.88,12.49,20.264,1.88,1.0,<Residue ILE het=  resseq=48 icode= >,1f4k_A_A,2.5
341,0.0,ILE, ,CB,49.47,13.69,0.0,2.09,1.0,<Residue ILE het=  resseq=48 icode= >,1f4k_A_A,2.5
342,16.894,ILE, ,CG1,46.86,15.08,8.36,2.11,1.0,<Residue ILE het=  resseq=48 icode= >,1f4k_A_A,2.5
343,39.435,ILE, ,CG2,50.37,12.94,38.484,0.49,1.0,<Residue ILE het=  resseq=48 icode= >,1f4k_A_A,2.5
344,51.617,ILE, ,CD1,47.54,15.14,44.676,1.67,1.0,<Residue ILE het=  resseq=48 icode= >,1f4k_A_A,2.5
345,0.0,GLY, ,N,48.02,12.24,0.0,2.78,1.0,<Residue GLY het=  resseq=49 icode= >,1f4k_A_A,2.5
346,26.83,GLY, ,CA,46.67,11.23,3.451,1.94,1.0,<Residue GLY het=  resseq=49 icode= >,1f4k_A_A,2.5
347,5.499,GLY, ,C,45.99,9.81,3.73,3.55,1.0,<Residue GLY het=  resseq=49 icode= >,1f4k_A_A,2.5
348,27.536,GLY, ,O,46.39,8.99,12.406,2.22,1.0,<Residue GLY het=  resseq=49 icode= >,1f4k_A_A,2.5
349,0.712,PHE, ,N,44.37,9.67,0.712,2.91,1.0,<Residue PHE het=  resseq=50 icode= >,1f4k_A_A,2.5
350,5.078,PHE, ,CA,42.01,8.51,5.078,3.52,1.0,<Residue PHE het=  resseq=50 icode= >,1f4k_A_A,2.5
351,0.138,PHE, ,C,41.04,8.64,0.0,4.29,1.0,<Residue PHE het=  resseq=50 icode= >,1f4k_A_A,2.5
352,0.912,PHE, ,O,41.61,9.75,0.0,2.26,1.0,<Residue PHE het=  resseq=50 icode= >,1f4k_A_A,2.5
353,12.022,PHE, ,CB,41.59,8.81,12.022,2.32,1.0,<Residue PHE het=  resseq=50 icode= >,1f4k_A_A,2.5
354,2.326,PHE, ,CG,41.5,8.06,2.326,3.25,1.0,<Residue PHE het=  resseq=50 icode= >,1f4k_A_A,2.5
355,15.631,PHE, ,CD1,41.57,6.69,15.631,2.91,1.0,<Residue PHE het=  resseq=50 icode= >,1f4k_A_A,2.5
356,3.263,PHE, ,CD2,39.8,8.75,3.263,3.06,1.0,<Residue PHE het=  resseq=50 icode= >,1f4k_A_A,2.5
357,10.017,PHE, ,CE1,41.63,5.98,10.017,2.57,1.0,<Residue PHE het=  resseq=50 icode= >,1f4k_A_A,2.5
358,1.02,PHE, ,CE2,41.77,8.10,1.02,2.87,1.0,<Residue PHE het=  resseq=50 icode= >,1f4k_A_A,2.5
359,1.737,PHE, ,CZ,43.17,6.70,1.737,2.09,1.0,<Residue PHE het=  resseq=50 icode= >,1f4k_A_A,2.5
360,5.585,LYS, ,N,40.62,7.71,5.585,2.79,1.0,<Residue LYS het=  resseq=51 icode= >,1f4k_A_A,2.5
361,0.163,LYS, ,CA,41.17,8.15,0.0,2.90,1.0,<Residue LYS het=  resseq=51 icode= >,1f4k_A_A,2.5
362,2.39,LYS, ,C,40.48,7.03,2.39,4.20,1.0,<Residue LYS het=  resseq=51 icode= >,1f4k_A_A,2.5
363,14.532,LYS, ,O,40.81,6.54,11.784,2.53,1.0,<Residue LYS het=  resseq=51 icode= >,1f4k_A_A,2.5
364,19.108,LYS, ,CB,42.28,8.43,5.715,2.23,1.0,<Residue LYS het=  resseq=51 icode= >,1f4k_A_A,2.5
365,4.657,LYS, ,CG,46.1,8.16,0.0,1.45,1.0,<Residue LYS het=  resseq=51 icode= >,1f4k_A_A,2.5
366,32.772,LYS, ,CD,48.56,7.65,0.037,1.20,1.0,<Residue LYS het=  resseq=51 icode= >,1f4k_A_A,2.5
367,36.809,LYS, ,CE,51.24,7.59,0.0,1.03,1.0,<Residue LYS het=  resseq=51 icode= >,1f4k_A_A,2.5
368,28.284,LYS, ,NZ,51.68,8.93,0.0,1.02,1.0,<Residue LYS het=  resseq=51 icode= >,1f4k_A_A,2.5
369,0.0,PRO, ,N,40.14,6.86,0.0,3.42,1.0,<Residue PRO het=  resseq=52 icode= >,1f4k_A_A,2.5
370,4.058,PRO, ,CA,39.19,6.04,4.042,2.68,1.0,<Residue PRO het=  resseq=52 icode= >,1f4k_A_A,2.5
371,0.0,PRO, ,C,36.93,6.56,0.0,4.18,1.0,<Residue PRO het=  resseq=52 icode= >,1f4k_A_A,2.5
372,0.0,PRO, ,O,35.63,7.68,0.0,3.27,1.0,<Residue PRO het=  resseq=52 icode= >,1f4k_A_A,2.5
373,0.0,PRO, ,CB,39.63,6.63,0.0,1.94,1.0,<Residue PRO het=  resseq=52 icode= >,1f4k_A_A,2.5
374,0.0,PRO, ,CG,39.59,8.02,0.0,1.88,1.0,<Residue PRO het=  resseq=52 icode= >,1f4k_A_A,2.5
375,0.0,PRO, ,CD,39.09,7.85,0.0,2.34,1.0,<Residue PRO het=  resseq=52 icode= >,1f4k_A_A,2.5
376,0.0,ASN, ,N,35.92,5.99,0.0,2.47,1.0,<Residue ASN het=  resseq=53 icode= >,1f4k_A_A,2.5
377,0.0,ASN, ,CA,35.6,5.75,0.0,2.56,1.0,<Residue ASN het=  resseq=53 icode= >,1f4k_A_A,2.5
378,0.0,ASN, ,C,35.58,6.04,0.0,3.90,1.0,<Residue ASN het=  resseq=53 icode= >,1f4k_A_A,2.5
379,0.0,ASN, ,O,36.25,6.58,0.0,2.82,1.0,<Residue ASN het=  resseq=53 icode= >,1f4k_A_A,2.5
380,20.834,ASN, ,CB,34.68,4.31,7.205,1.96,1.0,<Residue ASN het=  resseq=53 icode= >,1f4k_A_A,2.5
381,1.143,ASN, ,CG,35.71,3.65,1.143,3.73,1.0,<Residue ASN het=  resseq=53 icode= >,1f4k_A_A,2.5
382,0.089,ASN, ,OD1,36.27,3.70,0.089,2.62,1.0,<Residue ASN het=  resseq=53 icode= >,1f4k_A_A,2.5
383,45.862,ASN, ,ND2,35.0,3.73,45.857,2.27,1.0,<Residue ASN het=  resseq=53 icode= >,1f4k_A_A,2.5
384,0.734,HIS, ,N,35.39,6.10,0.0,3.26,1.0,<Residue HIS het=  resseq=54 icode= >,1f4k_A_A,2.5
385,0.453,HIS, ,CA,35.11,6.47,0.0,3.28,1.0,<Residue HIS het=  resseq=54 icode= >,1f4k_A_A,2.5
386,0.0,HIS, ,C,35.37,6.00,0.0,3.63,1.0,<Residue HIS het=  resseq=54 icode= >,1f4k_A_A,2.5
387,0.0,HIS, ,O,35.32,5.74,0.0,2.18,1.0,<Residue HIS het=  resseq=54 icode= >,1f4k_A_A,2.5
388,2.64,HIS, ,CB,38.3,5.07,0.0,1.30,1.0,<Residue HIS het=  resseq=54 icode= >,1f4k_A_A,2.5
389,1.314,HIS, ,CG,41.41,4.55,0.866,2.45,1.0,<Residue HIS het=  resseq=54 icode= >,1f4k_A_A,2.5
390,17.499,HIS, ,ND1,41.92,4.54,0.837,2.46,1.0,<Residue HIS het=  resseq=54 icode= >,1f4k_A_A,2.5
391,7.365,HIS, ,CD2,41.95,3.55,7.365,2.27,1.0,<Residue HIS het=  resseq=54 icode= >,1f4k_A_A,2.5
392,35.385,HIS, ,CE1,42.69,3.44,26.699,2.13,1.0,<Residue HIS het=  resseq=54 icode= >,1f4k_A_A,2.5
393,25.702,HIS, ,NE2,44.02,2.97,25.702,2.32,1.0,<Residue HIS het=  resseq=54 icode= >,1f4k_A_A,2.5
394,0.0,THR, ,N,34.48,5.25,0.0,2.43,1.0,<Residue THR het=  resseq=55 icode= >,1f4k_A_A,2.5
395,0.76,THR, ,CA,33.37,4.85,0.092,2.69,1.0,<Residue THR het=  resseq=55 icode= >,1f4k_A_A,2.5
396,0.0,THR, ,C,33.64,5.81,0.0,4.14,1.0,<Residue THR het=  resseq=55 icode= >,1f4k_A_A,2.5
397,0.474,THR, ,O,32.62,6.27,0.0,3.35,1.0,<Residue THR het=  resseq=55 icode= >,1f4k_A_A,2.5
398,16.263,THR, ,CB,32.82,3.55,13.88,3.31,1.0,<Residue THR het=  resseq=55 icode= >,1f4k_A_A,2.5
399,8.171,THR, ,OG1,32.27,3.38,6.063,2.55,1.0,<Residue THR het=  resseq=55 icode= >,1f4k_A_A,2.5
400,30.383,THR, ,CG2,33.0,2.94,30.383,1.67,1.0,<Residue THR het=  resseq=55 icode= >,1f4k_A_A,2.5
401,0.0,GLU, ,N,33.74,5.88,0.0,3.14,1.0,<Residue GLU het=  resseq=56 icode= >,1f4k_A_A,2.5
402,0.0,GLU, ,CA,35.1,6.54,0.0,2.34,1.0,<Residue GLU het=  resseq=56 icode= >,1f4k_A_A,2.5
403,0.0,GLU, ,C,34.88,7.87,0.0,3.34,1.0,<Residue GLU het=  resseq=56 icode= >,1f4k_A_A,2.5
404,0.0,GLU, ,O,31.66,7.93,0.0,3.11,1.0,<Residue GLU het=  resseq=56 icode= >,1f4k_A_A,2.5
405,0.386,GLU, ,CB,36.08,5.32,0.386,2.16,1.0,<Residue GLU het=  resseq=56 icode= >,1f4k_A_A,2.5
406,0.0,GLU, ,CG,39.74,5.17,0.0,1.32,1.0,<Residue GLU het=  resseq=56 icode= >,1f4k_A_A,2.5
407,2.524,GLU, ,CD,42.55,4.57,2.524,3.07,1.0,<Residue GLU het=  resseq=56 icode= >,1f4k_A_A,2.5
408,15.349,GLU, ,OE1,43.98,4.18,15.349,1.71,1.0,<Residue GLU het=  resseq=56 icode= >,1f4k_A_A,2.5
409,0.0,GLU, ,OE2,43.02,4.44,0.0,2.29,1.0,<Residue GLU het=  resseq=56 icode= >,1f4k_A_A,2.5
410,0.0,VAL, ,N,33.71,8.46,0.0,3.23,1.0,<Residue VAL het=  resseq=57 icode= >,1f4k_A_A,2.5
411,0.0,VAL, ,CA,35.04,9.17,0.0,3.00,1.0,<Residue VAL het=  resseq=57 icode= >,1f4k_A_A,2.5
412,0.0,VAL, ,C,34.99,7.82,0.0,3.67,1.0,<Residue VAL het=  resseq=57 icode= >,1f4k_A_A,2.5
413,0.0,VAL, ,O,37.28,7.71,0.0,1.92,1.0,<Residue VAL het=  resseq=57 icode= >,1f4k_A_A,2.5
414,0.684,VAL, ,CB,36.92,8.39,0.0,2.42,1.0,<Residue VAL het=  resseq=57 icode= >,1f4k_A_A,2.5
415,0.146,VAL, ,CG1,37.06,7.67,0.0,1.11,1.0,<Residue VAL het=  resseq=57 icode= >,1f4k_A_A,2.5
416,0.0,VAL, ,CG2,37.21,9.33,0.0,0.99,1.0,<Residue VAL het=  resseq=57 icode= >,1f4k_A_A,2.5
417,0.0,TYR, ,N,34.05,6.99,0.0,2.67,1.0,<Residue TYR het=  resseq=58 icode= >,1f4k_A_A,2.5
418,0.0,TYR, ,CA,33.22,5.76,0.0,2.62,1.0,<Residue TYR het=  resseq=58 icode= >,1f4k_A_A,2.5
419,0.101,TYR, ,C,32.97,6.34,0.0,3.94,1.0,<Residue TYR het=  resseq=58 icode= >,1f4k_A_A,2.5
420,0.0,TYR, ,O,32.65,6.01,0.0,2.88,1.0,<Residue TYR het=  resseq=58 icode= >,1f4k_A_A,2.5
421,11.751,TYR, ,CB,29.04,4.95,6.349,2.39,1.0,<Residue TYR het=  resseq=58 icode= >,1f4k_A_A,2.5
422,2.128,TYR, ,CG,30.23,4.32,2.128,2.61,1.0,<Residue TYR het=  resseq=58 icode= >,1f4k_A_A,2.5
423,3.055,TYR, ,CD1,30.26,3.78,3.03,2.05,1.0,<Residue TYR het=  resseq=58 icode= >,1f4k_A_A,2.5
424,8.725,TYR, ,CD2,29.26,3.63,8.697,1.77,1.0,<Residue TYR het=  resseq=58 icode= >,1f4k_A_A,2.5
425,18.1,TYR, ,CE1,30.75,3.49,15.59,2.83,1.0,<Residue TYR het=  resseq=58 icode= >,1f4k_A_A,2.5
426,9.707,TYR, ,CE2,30.41,3.74,9.45,1.63,1.0,<Residue TYR het=  resseq=58 icode= >,1f4k_A_A,2.5
427,5.943,TYR, ,CZ,30.6,3.53,5.529,3.21,1.0,<Residue TYR het=  resseq=58 icode= >,1f4k_A_A,2.5
428,16.25,TYR, ,OH,30.45,2.81,16.25,3.49,1.0,<Residue TYR het=  resseq=58 icode= >,1f4k_A_A,2.5
429,0.043,ARG, ,N,33.33,7.02,0.0,2.81,1.0,<Residue ARG het=  resseq=59 icode= >,1f4k_A_A,2.5
430,3.794,ARG, ,CA,32.58,7.65,0.0,3.29,1.0,<Residue ARG het=  resseq=59 icode= >,1f4k_A_A,2.5
431,0.0,ARG, ,C,33.55,8.66,0.0,4.07,1.0,<Residue ARG het=  resseq=59 icode= >,1f4k_A_A,2.5
432,1.851,ARG, ,O,32.17,8.84,0.0,2.82,1.0,<Residue ARG het=  resseq=59 icode= >,1f4k_A_A,2.5
433,1.459,ARG, ,CB,31.82,6.45,0.0,2.21,1.0,<Residue ARG het=  resseq=59 icode= >,1f4k_A_A,2.5
434,20.62,ARG, ,CG,32.68,5.77,0.0,1.69,1.0,<Residue ARG het=  resseq=59 icode= >,1f4k_A_A,2.5
435,17.354,ARG, ,CD,33.03,4.24,1.91,2.45,1.0,<Residue ARG het=  resseq=59 icode= >,1f4k_A_A,2.5
436,0.0,ARG, ,NE,35.14,3.87,0.0,2.79,1.0,<Residue ARG het=  resseq=59 icode= >,1f4k_A_A,2.5
437,1.368,ARG, ,CZ,35.87,3.52,1.368,3.77,1.0,<Residue ARG het=  resseq=59 icode= >,1f4k_A_A,2.5
438,43.762,ARG, ,NH1,35.71,3.11,35.659,1.81,1.0,<Residue ARG het=  resseq=59 icode= >,1f4k_A_A,2.5
439,27.671,ARG, ,NH2,36.3,2.82,27.671,2.20,1.0,<Residue ARG het=  resseq=59 icode= >,1f4k_A_A,2.5
440,0.0,SER, ,N,33.74,9.04,0.0,3.31,1.0,<Residue SER het=  resseq=60 icode= >,1f4k_A_A,2.5
441,0.0,SER, ,CA,34.71,9.30,0.0,2.64,1.0,<Residue SER het=  resseq=60 icode= >,1f4k_A_A,2.5
442,0.0,SER, ,C,35.09,9.17,0.0,3.40,1.0,<Residue SER het=  resseq=60 icode= >,1f4k_A_A,2.5
443,0.0,SER, ,O,34.0,9.75,0.0,2.56,1.0,<Residue SER het=  resseq=60 icode= >,1f4k_A_A,2.5
444,0.0,SER, ,CB,35.28,9.23,0.0,2.14,1.0,<Residue SER het=  resseq=60 icode= >,1f4k_A_A,2.5
445,0.0,SER, ,OG,37.22,7.95,0.0,2.33,1.0,<Residue SER het=  resseq=60 icode= >,1f4k_A_A,2.5
446,0.0,LEU, ,N,34.59,8.08,0.0,2.68,1.0,<Residue LEU het=  resseq=61 icode= >,1f4k_A_A,2.5
447,0.0,LEU, ,CA,35.88,7.46,0.0,3.14,1.0,<Residue LEU het=  resseq=61 icode= >,1f4k_A_A,2.5
448,0.0,LEU, ,C,38.38,7.25,0.0,3.59,1.0,<Residue LEU het=  resseq=61 icode= >,1f4k_A_A,2.5
449,0.0,LEU, ,O,39.69,7.83,0.0,2.43,1.0,<Residue LEU het=  resseq=61 icode= >,1f4k_A_A,2.5
450,0.0,LEU, ,CB,34.94,6.28,0.0,2.07,1.0,<Residue LEU het=  resseq=61 icode= >,1f4k_A_A,2.5
451,0.0,LEU, ,CG,35.26,6.65,0.0,2.35,1.0,<Residue LEU het=  resseq=61 icode= >,1f4k_A_A,2.5
452,2.942,LEU, ,CD1,33.36,8.14,0.0,1.11,1.0,<Residue LEU het=  resseq=61 icode= >,1f4k_A_A,2.5
453,0.053,LEU, ,CD2,34.33,6.40,0.0,1.02,1.0,<Residue LEU het=  resseq=61 icode= >,1f4k_A_A,2.5
454,0.0,HIS, ,N,39.68,6.77,0.0,2.72,1.0,<Residue HIS het=  resseq=62 icode= >,1f4k_A_A,2.5
455,0.0,HIS, ,CA,41.75,6.94,0.0,3.03,1.0,<Residue HIS het=  resseq=62 icode= >,1f4k_A_A,2.5
456,0.092,HIS, ,C,41.68,8.43,0.0,3.70,1.0,<Residue HIS het=  resseq=62 icode= >,1f4k_A_A,2.5
457,0.048,HIS, ,O,42.6,8.73,0.0,2.24,1.0,<Residue HIS het=  resseq=62 icode= >,1f4k_A_A,2.5
458,18.023,HIS, ,CB,42.58,6.33,0.0,1.57,1.0,<Residue HIS het=  resseq=62 icode= >,1f4k_A_A,2.5
459,3.168,HIS, ,CG,45.75,4.96,0.944,2.67,1.0,<Residue HIS het=  resseq=62 icode= >,1f4k_A_A,2.5
460,15.169,HIS, ,ND1,47.33,4.62,1.522,1.81,1.0,<Residue HIS het=  resseq=62 icode= >,1f4k_A_A,2.5
461,5.201,HIS, ,CD2,47.83,4.00,2.474,1.94,1.0,<Residue HIS het=  resseq=62 icode= >,1f4k_A_A,2.5
462,25.825,HIS, ,CE1,47.0,3.38,19.097,1.96,1.0,<Residue HIS het=  resseq=62 icode= >,1f4k_A_A,2.5
463,13.906,HIS, ,NE2,49.17,2.81,13.906,2.75,1.0,<Residue HIS het=  resseq=62 icode= >,1f4k_A_A,2.5
464,0.418,GLU, ,N,41.55,9.15,0.0,2.39,1.0,<Residue GLU het=  resseq=63 icode= >,1f4k_A_A,2.5
465,1.455,GLU, ,CA,41.01,10.06,0.0,2.87,1.0,<Residue GLU het=  resseq=63 icode= >,1f4k_A_A,2.5
466,0.0,GLU, ,C,39.9,11.15,0.0,4.26,1.0,<Residue GLU het=  resseq=63 icode= >,1f4k_A_A,2.5
467,0.0,GLU, ,O,37.76,11.72,0.0,3.86,1.0,<Residue GLU het=  resseq=63 icode= >,1f4k_A_A,2.5
468,0.402,GLU, ,CB,40.53,9.81,0.0,2.54,1.0,<Residue GLU het=  resseq=63 icode= >,1f4k_A_A,2.5
469,17.414,GLU, ,CG,42.77,8.61,0.0,1.75,1.0,<Residue GLU het=  resseq=63 icode= >,1f4k_A_A,2.5
470,7.649,GLU, ,CD,44.44,7.34,0.0,2.89,1.0,<Residue GLU het=  resseq=63 icode= >,1f4k_A_A,2.5
471,10.49,GLU, ,OE1,46.77,7.24,0.0,1.78,1.0,<Residue GLU het=  resseq=63 icode= >,1f4k_A_A,2.5
472,13.363,GLU, ,OE2,44.66,6.66,0.0,1.35,1.0,<Residue GLU het=  resseq=63 icode= >,1f4k_A_A,2.5
473,0.0,LEU, ,N,40.45,10.75,0.0,3.37,1.0,<Residue LEU het=  resseq=64 icode= >,1f4k_A_A,2.5
474,0.0,LEU, ,CA,42.38,11.40,0.0,2.77,1.0,<Residue LEU het=  resseq=64 icode= >,1f4k_A_A,2.5
475,0.0,LEU, ,C,44.55,11.18,0.0,3.54,1.0,<Residue LEU het=  resseq=64 icode= >,1f4k_A_A,2.5
476,0.0,LEU, ,O,45.09,12.15,0.0,2.61,1.0,<Residue LEU het=  resseq=64 icode= >,1f4k_A_A,2.5
477,0.0,LEU, ,CB,40.74,11.20,0.0,1.78,1.0,<Residue LEU het=  resseq=64 icode= >,1f4k_A_A,2.5
478,0.0,LEU, ,CG,38.46,12.12,0.0,2.95,1.0,<Residue LEU het=  resseq=64 icode= >,1f4k_A_A,2.5
479,0.0,LEU, ,CD1,37.51,12.02,0.0,2.05,1.0,<Residue LEU het=  resseq=64 icode= >,1f4k_A_A,2.5
480,0.0,LEU, ,CD2,37.53,13.55,0.0,1.66,1.0,<Residue LEU het=  resseq=64 icode= >,1f4k_A_A,2.5
481,0.0,LEU, ,N,46.07,10.06,0.0,2.90,1.0,<Residue LEU het=  resseq=65 icode= >,1f4k_A_A,2.5
482,0.0,LEU, ,CA,47.04,9.94,0.0,3.11,1.0,<Residue LEU het=  resseq=65 icode= >,1f4k_A_A,2.5
483,0.99,LEU, ,C,48.91,10.86,0.0,3.22,1.0,<Residue LEU het=  resseq=65 icode= >,1f4k_A_A,2.5
484,13.719,LEU, ,O,50.1,11.57,0.0,1.69,1.0,<Residue LEU het=  resseq=65 icode= >,1f4k_A_A,2.5
485,7.337,LEU, ,CB,45.42,8.49,0.0,2.07,1.0,<Residue LEU het=  resseq=65 icode= >,1f4k_A_A,2.5
486,0.0,LEU, ,CG,45.71,7.53,0.0,1.88,1.0,<Residue LEU het=  resseq=65 icode= >,1f4k_A_A,2.5
487,15.806,LEU, ,CD1,43.18,6.12,0.0,1.10,1.0,<Residue LEU het=  resseq=65 icode= >,1f4k_A_A,2.5
488,8.258,LEU, ,CD2,44.76,8.16,0.0,0.53,1.0,<Residue LEU het=  resseq=65 icode= >,1f4k_A_A,2.5
489,0.0,ASP, ,N,51.36,11.01,0.0,2.33,1.0,<Residue ASP het=  resseq=66 icode= >,1f4k_A_A,2.5
490,7.698,ASP, ,CA,53.21,11.41,0.0,2.56,1.0,<Residue ASP het=  resseq=66 icode= >,1f4k_A_A,2.5
491,1.011,ASP, ,C,53.04,12.87,0.0,3.59,1.0,<Residue ASP het=  resseq=66 icode= >,1f4k_A_A,2.5
492,26.859,ASP, ,O,53.96,13.65,0.0,2.22,1.0,<Residue ASP het=  resseq=66 icode= >,1f4k_A_A,2.5
493,22.519,ASP, ,CB,54.4,10.64,0.0,1.69,1.0,<Residue ASP het=  resseq=66 icode= >,1f4k_A_A,2.5
494,7.935,ASP, ,CG,56.58,9.13,0.0,2.60,1.0,<Residue ASP het=  resseq=66 icode= >,1f4k_A_A,2.5
495,28.625,ASP, ,OD1,56.09,8.76,0.0,1.68,1.0,<Residue ASP het=  resseq=66 icode= >,1f4k_A_A,2.5
496,27.411,ASP, ,OD2,59.7,8.46,0.0,1.33,1.0,<Residue ASP het=  resseq=66 icode= >,1f4k_A_A,2.5
497,0.0,ASP, ,N,52.67,13.35,0.0,2.29,1.0,<Residue ASP het=  resseq=67 icode= >,1f4k_A_A,2.5
498,7.937,ASP, ,CA,52.1,14.15,0.0,2.36,1.0,<Residue ASP het=  resseq=67 icode= >,1f4k_A_A,2.5
499,1.4,ASP, ,C,51.61,15.34,0.0,3.02,1.0,<Residue ASP het=  resseq=67 icode= >,1f4k_A_A,2.5
500,23.274,ASP, ,O,51.73,16.29,0.0,1.68,1.0,<Residue ASP het=  resseq=67 icode= >,1f4k_A_A,2.5
501,8.179,ASP, ,CB,52.92,13.64,0.0,1.57,1.0,<Residue ASP het=  resseq=67 icode= >,1f4k_A_A,2.5
502,8.416,ASP, ,CG,55.56,12.11,0.0,2.44,1.0,<Residue ASP het=  resseq=67 icode= >,1f4k_A_A,2.5
503,24.454,ASP, ,OD1,56.91,11.40,0.0,1.32,1.0,<Residue ASP het=  resseq=67 icode= >,1f4k_A_A,2.5
504,1.348,ASP, ,OD2,54.27,11.72,0.0,2.14,1.0,<Residue ASP het=  resseq=67 icode= >,1f4k_A_A,2.5
505,0.0,GLY, ,N,49.39,14.32,0.0,2.46,1.0,<Residue GLY het=  resseq=68 icode= >,1f4k_A_A,2.5
506,17.139,GLY, ,CA,47.59,14.68,0.0,1.63,1.0,<Residue GLY het=  resseq=68 icode= >,1f4k_A_A,2.5
507,0.322,GLY, ,C,46.59,15.10,0.0,3.64,1.0,<Residue GLY het=  resseq=68 icode= >,1f4k_A_A,2.5
508,3.122,GLY, ,O,46.92,15.88,0.0,2.79,1.0,<Residue GLY het=  resseq=68 icode= >,1f4k_A_A,2.5
509,0.0,ILE, ,N,45.33,14.66,0.0,2.55,1.0,<Residue ILE het=  resseq=69 icode= >,1f4k_A_A,2.5
510,0.0,ILE, ,CA,43.37,15.03,0.0,2.77,1.0,<Residue ILE het=  resseq=69 icode= >,1f4k_A_A,2.5
511,0.0,ILE, ,C,44.06,14.18,0.0,2.96,1.0,<Residue ILE het=  resseq=69 icode= >,1f4k_A_A,2.5
512,0.0,ILE, ,O,42.46,14.79,0.0,2.69,1.0,<Residue ILE het=  resseq=69 icode= >,1f4k_A_A,2.5
513,0.0,ILE, ,CB,42.87,15.09,0.0,2.59,1.0,<Residue ILE het=  resseq=69 icode= >,1f4k_A_A,2.5
514,0.343,ILE, ,CG1,41.77,16.34,0.0,2.06,1.0,<Residue ILE het=  resseq=69 icode= >,1f4k_A_A,2.5
515,0.0,ILE, ,CG2,41.42,15.28,0.0,1.26,1.0,<Residue ILE het=  resseq=69 icode= >,1f4k_A_A,2.5
516,4.962,ILE, ,CD1,40.71,16.07,0.0,1.06,1.0,<Residue ILE het=  resseq=69 icode= >,1f4k_A_A,2.5
517,0.0,LEU, ,N,43.64,12.87,0.0,2.54,1.0,<Residue LEU het=  resseq=70 icode= >,1f4k_A_A,2.5
518,0.0,LEU, ,CA,42.58,12.08,0.0,2.98,1.0,<Residue LEU het=  resseq=70 icode= >,1f4k_A_A,2.5
519,0.0,LEU, ,C,43.39,11.49,0.0,3.40,1.0,<Residue LEU het=  resseq=70 icode= >,1f4k_A_A,2.5
520,1.634,LEU, ,O,44.57,11.54,0.0,2.79,1.0,<Residue LEU het=  resseq=70 icode= >,1f4k_A_A,2.5
521,0.0,LEU, ,CB,40.54,10.93,0.0,2.78,1.0,<Residue LEU het=  resseq=70 icode= >,1f4k_A_A,2.5
522,0.0,LEU, ,CG,39.83,11.39,0.0,3.17,1.0,<Residue LEU het=  resseq=70 icode= >,1f4k_A_A,2.5
523,0.0,LEU, ,CD1,40.53,10.30,0.0,1.29,1.0,<Residue LEU het=  resseq=70 icode= >,1f4k_A_A,2.5
524,0.0,LEU, ,CD2,38.87,12.50,0.0,1.47,1.0,<Residue LEU het=  resseq=70 icode= >,1f4k_A_A,2.5
525,0.0,LYS, ,N,43.26,11.07,0.0,2.10,1.0,<Residue LYS het=  resseq=71 icode= >,1f4k_A_A,2.5
526,2.226,LYS, ,CA,42.56,10.49,0.0,2.78,1.0,<Residue LYS het=  resseq=71 icode= >,1f4k_A_A,2.5
527,0.0,LYS, ,C,42.52,9.61,0.0,3.81,1.0,<Residue LYS het=  resseq=71 icode= >,1f4k_A_A,2.5
528,0.0,LYS, ,O,41.49,10.02,0.0,3.16,1.0,<Residue LYS het=  resseq=71 icode= >,1f4k_A_A,2.5
529,12.817,LYS, ,CB,43.91,11.67,0.0,2.03,1.0,<Residue LYS het=  resseq=71 icode= >,1f4k_A_A,2.5
530,1.518,LYS, ,CG,46.42,12.52,0.0,1.57,1.0,<Residue LYS het=  resseq=71 icode= >,1f4k_A_A,2.5
531,14.979,LYS, ,CD,47.42,13.83,0.0,1.34,1.0,<Residue LYS het=  resseq=71 icode= >,1f4k_A_A,2.5
532,9.436,LYS, ,CE,47.49,14.80,0.0,1.77,1.0,<Residue LYS het=  resseq=71 icode= >,1f4k_A_A,2.5
533,42.354,LYS, ,NZ,49.66,16.11,0.0,1.42,1.0,<Residue LYS het=  resseq=71 icode= >,1f4k_A_A,2.5
534,4.907,GLN, ,N,43.53,8.56,0.0,2.87,1.0,<Residue GLN het=  resseq=72 icode= >,1f4k_A_A,2.5
535,0.0,GLN, ,CA,44.59,7.80,0.0,2.15,1.0,<Residue GLN het=  resseq=72 icode= >,1f4k_A_A,2.5
536,0.008,GLN, ,C,44.48,8.59,0.0,3.66,1.0,<Residue GLN het=  resseq=72 icode= >,1f4k_A_A,2.5
537,22.412,GLN, ,O,42.32,9.37,0.0,3.10,1.0,<Residue GLN het=  resseq=72 icode= >,1f4k_A_A,2.5
538,8.387,GLN, ,CB,45.29,6.37,0.0,1.44,1.0,<Residue GLN het=  resseq=72 icode= >,1f4k_A_A,2.5
539,0.671,GLN, ,CG,46.68,5.44,0.0,1.62,1.0,<Residue GLN het=  resseq=72 icode= >,1f4k_A_A,2.5
540,0.21,GLN, ,CD,46.5,3.99,0.0,3.61,1.0,<Residue GLN het=  resseq=72 icode= >,1f4k_A_A,2.5
541,15.695,GLN, ,OE1,45.64,3.98,0.79,2.29,1.0,<Residue GLN het=  resseq=72 icode= >,1f4k_A_A,2.5
542,6.864,GLN, ,NE2,46.96,3.14,6.843,1.81,1.0,<Residue GLN het=  resseq=72 icode= >,1f4k_A_A,2.5
543,0.0,ILE, ,N,44.78,8.64,0.0,3.19,1.0,<Residue ILE het=  resseq=73 icode= >,1f4k_A_A,2.5
544,3.577,ILE, ,CA,47.4,9.39,0.0,2.97,1.0,<Residue ILE het=  resseq=73 icode= >,1f4k_A_A,2.5
545,0.0,ILE, ,C,49.16,8.33,0.0,2.91,1.0,<Residue ILE het=  resseq=73 icode= >,1f4k_A_A,2.5
546,0.0,ILE, ,O,49.44,7.34,0.0,1.58,1.0,<Residue ILE het=  resseq=73 icode= >,1f4k_A_A,2.5
547,0.0,ILE, ,CB,49.13,9.81,0.0,1.85,1.0,<Residue ILE het=  resseq=73 icode= >,1f4k_A_A,2.5
548,7.366,ILE, ,CG1,50.71,10.97,0.0,1.03,1.0,<Residue ILE het=  resseq=73 icode= >,1f4k_A_A,2.5
549,33.794,ILE, ,CG2,47.68,10.47,0.0,1.06,1.0,<Residue ILE het=  resseq=73 icode= >,1f4k_A_A,2.5
550,12.388,ILE, ,CD1,52.68,11.48,0.0,0.33,1.0,<Residue ILE het=  resseq=73 icode= >,1f4k_A_A,2.5
551,4.355,LYS, ,N,50.84,8.70,0.0,2.56,1.0,<Residue LYS het=  resseq=74 icode= >,1f4k_A_A,2.5
552,0.0,LYS, ,CA,51.93,8.06,0.0,2.82,1.0,<Residue LYS het=  resseq=74 icode= >,1f4k_A_A,2.5
553,1.017,LYS, ,C,52.68,8.45,0.0,3.23,1.0,<Residue LYS het=  resseq=74 icode= >,1f4k_A_A,2.5
554,21.593,LYS, ,O,54.14,9.65,0.0,1.60,1.0,<Residue LYS het=  resseq=74 icode= >,1f4k_A_A,2.5
555,26.605,LYS, ,CB,53.34,8.30,0.0,1.70,1.0,<Residue LYS het=  resseq=74 icode= >,1f4k_A_A,2.5
556,23.823,LYS, ,CG,55.16,7.41,0.0,1.30,1.0,<Residue LYS het=  resseq=74 icode= >,1f4k_A_A,2.5
557,14.068,LYS, ,CD,56.78,5.98,0.0,0.79,1.0,<Residue LYS het=  resseq=74 icode= >,1f4k_A_A,2.5
558,30.879,LYS, ,CE,57.98,5.35,0.0,0.66,1.0,<Residue LYS het=  resseq=74 icode= >,1f4k_A_A,2.5
559,30.121,LYS, ,NZ,60.11,3.94,7.566,0.22,1.0,<Residue LYS het=  resseq=74 icode= >,1f4k_A_A,2.5
560,0.37,VAL, ,N,53.61,7.62,0.0,2.53,1.0,<Residue VAL het=  resseq=75 icode= >,1f4k_A_A,2.5
561,2.924,VAL, ,CA,54.66,8.28,0.0,2.85,1.0,<Residue VAL het=  resseq=75 icode= >,1f4k_A_A,2.5
562,1.681,VAL, ,C,56.53,8.24,0.0,2.41,1.0,<Residue VAL het=  resseq=75 icode= >,1f4k_A_A,2.5
563,0.226,VAL, ,O,57.24,7.26,0.0,1.41,1.0,<Residue VAL het=  resseq=75 icode= >,1f4k_A_A,2.5
564,0.0,VAL, ,CB,54.8,7.96,0.0,2.22,1.0,<Residue VAL het=  resseq=75 icode= >,1f4k_A_A,2.5
565,25.823,VAL, ,CG1,52.86,9.07,0.0,1.04,1.0,<Residue VAL het=  resseq=75 icode= >,1f4k_A_A,2.5
566,7.252,VAL, ,CG2,53.87,8.19,0.0,1.10,1.0,<Residue VAL het=  resseq=75 icode= >,1f4k_A_A,2.5
567,6.946,LYS, ,N,56.16,9.47,0.0,2.26,1.0,<Residue LYS het=  resseq=76 icode= >,1f4k_A_A,2.5
568,0.0,LYS, ,CA,56.78,9.35,0.0,2.72,1.0,<Residue LYS het=  resseq=76 icode= >,1f4k_A_A,2.5
569,0.0,LYS, ,C,56.96,9.77,0.0,2.91,1.0,<Residue LYS het=  resseq=76 icode= >,1f4k_A_A,2.5
570,14.217,LYS, ,O,58.52,10.97,0.0,1.33,1.0,<Residue LYS het=  resseq=76 icode= >,1f4k_A_A,2.5
571,13.831,LYS, ,CB,57.4,8.50,0.0,1.69,1.0,<Residue LYS het=  resseq=76 icode= >,1f4k_A_A,2.5
572,0.0,LYS, ,CG,58.71,7.95,0.0,1.15,1.0,<Residue LYS het=  resseq=76 icode= >,1f4k_A_A,2.5
573,8.031,LYS, ,CD,59.66,7.18,0.0,1.36,1.0,<Residue LYS het=  resseq=76 icode= >,1f4k_A_A,2.5
574,18.05,LYS, ,CE,59.36,6.14,0.0,1.76,1.0,<Residue LYS het=  resseq=76 icode= >,1f4k_A_A,2.5
575,47.553,LYS, ,NZ,59.1,5.26,3.937,1.22,1.0,<Residue LYS het=  resseq=76 icode= >,1f4k_A_A,2.5
576,0.0,LYS, ,N,56.33,8.80,0.0,2.52,1.0,<Residue LYS het=  resseq=77 icode= >,1f4k_A_A,2.5
577,5.72,LYS, ,CA,56.36,9.24,0.0,2.43,1.0,<Residue LYS het=  resseq=77 icode= >,1f4k_A_A,2.5
578,0.055,LYS, ,C,56.46,9.61,0.0,2.16,1.0,<Residue LYS het=  resseq=77 icode= >,1f4k_A_A,2.5
579,0.304,LYS, ,O,57.97,8.83,0.0,1.25,1.0,<Residue LYS het=  resseq=77 icode= >,1f4k_A_A,2.5
580,10.445,LYS, ,CB,56.82,8.40,0.0,1.29,1.0,<Residue LYS het=  resseq=77 icode= >,1f4k_A_A,2.5
581,6.512,LYS, ,CG,57.78,8.65,0.0,0.77,1.0,<Residue LYS het=  resseq=77 icode= >,1f4k_A_A,2.5
582,9.847,LYS, ,CD,58.51,8.02,0.0,0.43,1.0,<Residue LYS het=  resseq=77 icode= >,1f4k_A_A,2.5
583,16.216,LYS, ,CE,58.53,8.89,0.0,0.53,1.0,<Residue LYS het=  resseq=77 icode= >,1f4k_A_A,2.5
584,41.823,LYS, ,NZ,56.6,10.31,0.0,0.86,1.0,<Residue LYS het=  resseq=77 icode= >,1f4k_A_A,2.5
585,4.272,GLU, ,N,55.12,10.88,0.0,1.70,1.0,<Residue GLU het=  resseq=78 icode= >,1f4k_A_A,2.5
586,0.938,GLU, ,CA,55.05,11.20,0.0,2.63,1.0,<Residue GLU het=  resseq=78 icode= >,1f4k_A_A,2.5
587,2.632,GLU, ,C,54.94,11.50,0.0,2.68,1.0,<Residue GLU het=  resseq=78 icode= >,1f4k_A_A,2.5
588,19.872,GLU, ,O,55.99,11.02,0.0,1.46,1.0,<Residue GLU het=  resseq=78 icode= >,1f4k_A_A,2.5
589,22.177,GLU, ,CB,53.83,11.22,0.0,2.14,1.0,<Residue GLU het=  resseq=78 icode= >,1f4k_A_A,2.5
590,6.589,GLU, ,CG,55.13,10.51,0.0,1.26,1.0,<Residue GLU het=  resseq=78 icode= >,1f4k_A_A,2.5
591,13.601,GLU, ,CD,55.86,10.42,0.0,2.33,1.0,<Residue GLU het=  resseq=78 icode= >,1f4k_A_A,2.5
592,38.285,GLU, ,OE1,55.79,11.51,0.0,1.51,1.0,<Residue GLU het=  resseq=78 icode= >,1f4k_A_A,2.5
593,25.741,GLU, ,OE2,54.39,9.37,0.0,1.95,1.0,<Residue GLU het=  resseq=78 icode= >,1f4k_A_A,2.5
594,8.294,GLY, ,N,54.72,12.16,0.0,2.27,1.0,<Residue GLY het=  resseq=79 icode= >,1f4k_A_A,2.5
595,33.918,GLY, ,CA,53.34,12.45,0.0,1.86,1.0,<Residue GLY het=  resseq=79 icode= >,1f4k_A_A,2.5
596,4.855,GLY, ,C,52.69,11.72,0.0,3.57,1.0,<Residue GLY het=  resseq=79 icode= >,1f4k_A_A,2.5
597,18.038,GLY, ,O,52.34,11.06,0.0,2.37,1.0,<Residue GLY het=  resseq=79 icode= >,1f4k_A_A,2.5
598,10.452,ALA, ,N,51.94,11.53,0.0,2.91,1.0,<Residue ALA het=  resseq=80 icode= >,1f4k_A_A,2.5
599,12.643,ALA, ,CA,51.88,10.60,0.0,2.40,1.0,<Residue ALA het=  resseq=80 icode= >,1f4k_A_A,2.5
600,2.112,ALA, ,C,51.63,9.12,0.0,3.19,1.0,<Residue ALA het=  resseq=80 icode= >,1f4k_A_A,2.5
601,13.55,ALA, ,O,49.62,8.43,0.0,2.78,1.0,<Residue ALA het=  resseq=80 icode= >,1f4k_A_A,2.5
602,64.41,ALA, ,CB,51.63,10.91,0.0,1.14,1.0,<Residue ALA het=  resseq=80 icode= >,1f4k_A_A,2.5
603,2.511,LYS, ,N,52.17,8.79,0.0,1.73,1.0,<Residue LYS het=  resseq=81 icode= >,1f4k_A_A,2.5
604,5.029,LYS, ,CA,53.53,7.49,0.0,1.74,1.0,<Residue LYS het=  resseq=81 icode= >,1f4k_A_A,2.5
605,0.069,LYS, ,C,52.78,7.32,0.0,3.30,1.0,<Residue LYS het=  resseq=81 icode= >,1f4k_A_A,2.5
606,5.11,LYS, ,O,54.47,6.67,0.0,1.73,1.0,<Residue LYS het=  resseq=81 icode= >,1f4k_A_A,2.5
607,19.219,LYS, ,CB,55.3,6.72,0.0,1.36,1.0,<Residue LYS het=  resseq=81 icode= >,1f4k_A_A,2.5
608,19.737,LYS, ,CG,57.87,6.14,0.0,0.92,1.0,<Residue LYS het=  resseq=81 icode= >,1f4k_A_A,2.5
609,30.856,LYS, ,CD,61.46,4.74,8.968,0.17,1.0,<Residue LYS het=  resseq=81 icode= >,1f4k_A_A,2.5
610,48.372,LYS, ,CE,63.33,4.78,6.68,0.12,1.0,<Residue LYS het=  resseq=81 icode= >,1f4k_A_A,2.5
611,37.112,LYS, ,NZ,63.13,6.05,0.0,0.93,1.0,<Residue LYS het=  resseq=81 icode= >,1f4k_A_A,2.5
612,5.908,LEU, ,N,52.71,7.66,0.0,2.24,1.0,<Residue LEU het=  resseq=82 icode= >,1f4k_A_A,2.5
613,0.0,LEU, ,CA,51.95,7.85,0.0,2.73,1.0,<Residue LEU het=  resseq=82 icode= >,1f4k_A_A,2.5
614,0.0,LEU, ,C,53.21,6.53,0.0,2.64,1.0,<Residue LEU het=  resseq=82 icode= >,1f4k_A_A,2.5
615,18.714,LEU, ,O,53.25,5.56,3.826,1.77,1.0,<Residue LEU het=  resseq=82 icode= >,1f4k_A_A,2.5
616,19.062,LEU, ,CB,49.34,7.68,0.0,2.03,1.0,<Residue LEU het=  resseq=82 icode= >,1f4k_A_A,2.5
617,2.853,LEU, ,CG,48.3,7.06,0.0,2.23,1.0,<Residue LEU het=  resseq=82 icode= >,1f4k_A_A,2.5
618,6.036,LEU, ,CD1,47.45,7.26,0.0,0.72,1.0,<Residue LEU het=  resseq=82 icode= >,1f4k_A_A,2.5
619,59.404,LEU, ,CD2,44.39,5.93,8.848,1.19,1.0,<Residue LEU het=  resseq=82 icode= >,1f4k_A_A,2.5
620,0.0,GLN, ,N,53.05,6.53,0.0,2.12,1.0,<Residue GLN het=  resseq=83 icode= >,1f4k_A_A,2.5
621,4.754,GLN, ,CA,53.98,5.22,1.419,2.30,1.0,<Residue GLN het=  resseq=83 icode= >,1f4k_A_A,2.5
622,0.0,GLN, ,C,53.61,5.57,0.0,3.33,1.0,<Residue GLN het=  resseq=83 icode= >,1f4k_A_A,2.5
623,0.0,GLN, ,O,54.17,6.43,0.0,2.24,1.0,<Residue GLN het=  resseq=83 icode= >,1f4k_A_A,2.5
624,0.418,GLN, ,CB,53.44,4.78,0.418,2.16,1.0,<Residue GLN het=  resseq=83 icode= >,1f4k_A_A,2.5
625,8.728,GLN, ,CG,54.09,4.21,6.049,1.98,1.0,<Residue GLN het=  resseq=83 icode= >,1f4k_A_A,2.5
626,4.123,GLN, ,CD,57.16,4.00,0.0,2.41,1.0,<Residue GLN het=  resseq=83 icode= >,1f4k_A_A,2.5
627,18.103,GLN, ,OE1,58.28,5.12,0.0,1.37,1.0,<Residue GLN het=  resseq=83 icode= >,1f4k_A_A,2.5
628,33.8,GLN, ,NE2,56.87,2.93,22.049,1.17,1.0,<Residue GLN het=  resseq=83 icode= >,1f4k_A_A,2.5
629,7.876,GLU, ,N,53.69,4.96,2.446,2.53,1.0,<Residue GLU het=  resseq=84 icode= >,1f4k_A_A,2.5
630,0.0,GLU, ,CA,53.81,5.41,0.0,2.33,1.0,<Residue GLU het=  resseq=84 icode= >,1f4k_A_A,2.5
631,1.153,GLU, ,C,52.49,4.42,0.0,2.65,1.0,<Residue GLU het=  resseq=84 icode= >,1f4k_A_A,2.5
632,27.231,GLU, ,O,52.19,3.63,23.155,1.94,1.0,<Residue GLU het=  resseq=84 icode= >,1f4k_A_A,2.5
633,22.393,GLU, ,CB,55.64,5.82,0.09,0.47,1.0,<Residue GLU het=  resseq=84 icode= >,1f4k_A_A,2.5
634,36.007,GLU, ,CG,57.31,5.06,5.66,0.74,1.0,<Residue GLU het=  resseq=84 icode= >,1f4k_A_A,2.5
635,7.898,GLU, ,CD,60.03,4.59,7.299,2.05,1.0,<Residue GLU het=  resseq=84 icode= >,1f4k_A_A,2.5
636,14.786,GLU, ,OE1,57.64,4.07,12.53,1.99,1.0,<Residue GLU het=  resseq=84 icode= >,1f4k_A_A,2.5
637,18.791,GLU, ,OE2,61.71,4.98,0.531,0.99,1.0,<Residue GLU het=  resseq=84 icode= >,1f4k_A_A,2.5
638,0.0,VAL, ,N,50.61,4.61,0.0,1.73,1.0,<Residue VAL het=  resseq=85 icode= >,1f4k_A_A,2.5
639,4.553,VAL, ,CA,47.45,3.74,4.553,2.37,1.0,<Residue VAL het=  resseq=85 icode= >,1f4k_A_A,2.5
640,0.0,VAL, ,C,46.31,3.74,0.0,3.20,1.0,<Residue VAL het=  resseq=85 icode= >,1f4k_A_A,2.5
641,1.862,VAL, ,O,46.44,4.89,0.0,1.94,1.0,<Residue VAL het=  resseq=85 icode= >,1f4k_A_A,2.5
642,0.0,VAL, ,CB,47.17,4.16,0.0,2.91,1.0,<Residue VAL het=  resseq=85 icode= >,1f4k_A_A,2.5
643,0.017,VAL, ,CG1,49.88,3.73,0.017,0.77,1.0,<Residue VAL het=  resseq=85 icode= >,1f4k_A_A,2.5
644,8.451,VAL, ,CG2,46.92,3.83,8.451,1.52,1.0,<Residue VAL het=  resseq=85 icode= >,1f4k_A_A,2.5
645,3.518,VAL, ,N,43.71,2.88,3.518,2.44,1.0,<Residue VAL het=  resseq=86 icode= >,1f4k_A_A,2.5
646,0.0,VAL, ,CA,42.72,3.74,0.0,2.64,1.0,<Residue VAL het=  resseq=86 icode= >,1f4k_A_A,2.5
647,0.0,VAL, ,C,43.48,4.12,0.0,2.85,1.0,<Residue VAL het=  resseq=86 icode= >,1f4k_A_A,2.5
648,0.075,VAL, ,O,43.41,3.61,0.075,2.34,1.0,<Residue VAL het=  resseq=86 icode= >,1f4k_A_A,2.5
649,9.412,VAL, ,CB,41.9,3.85,8.16,2.48,1.0,<Residue VAL het=  resseq=86 icode= >,1f4k_A_A,2.5
650,0.0,VAL, ,CG1,40.86,5.16,0.0,1.59,1.0,<Residue VAL het=  resseq=86 icode= >,1f4k_A_A,2.5
651,25.782,VAL, ,CG2,40.69,4.30,19.537,0.85,1.0,<Residue VAL het=  resseq=86 icode= >,1f4k_A_A,2.5
652,0.0,LEU, ,N,43.13,5.43,0.0,1.66,1.0,<Residue LEU het=  resseq=87 icode= >,1f4k_A_A,2.5
653,0.0,LEU, ,CA,41.25,6.29,0.0,2.78,1.0,<Residue LEU het=  resseq=87 icode= >,1f4k_A_A,2.5
654,0.0,LEU, ,C,41.18,7.23,0.0,3.66,1.0,<Residue LEU het=  resseq=87 icode= >,1f4k_A_A,2.5
655,0.0,LEU, ,O,42.25,7.55,0.0,2.74,1.0,<Residue LEU het=  resseq=87 icode= >,1f4k_A_A,2.5
656,0.0,LEU, ,CB,40.13,7.28,0.0,2.69,1.0,<Residue LEU het=  resseq=87 icode= >,1f4k_A_A,2.5
657,0.0,LEU, ,CG,40.94,6.97,0.0,2.37,1.0,<Residue LEU het=  resseq=87 icode= >,1f4k_A_A,2.5
658,22.74,LEU, ,CD1,42.49,8.34,0.0,0.66,1.0,<Residue LEU het=  resseq=87 icode= >,1f4k_A_A,2.5
659,1.658,LEU, ,CD2,39.86,6.62,0.0,1.49,1.0,<Residue LEU het=  resseq=87 icode= >,1f4k_A_A,2.5
660,0.913,TYR, ,N,40.22,7.96,0.0,2.44,1.0,<Residue TYR het=  resseq=88 icode= >,1f4k_A_A,2.5
661,0.0,TYR, ,CA,40.72,9.04,0.0,2.51,1.0,<Residue TYR het=  resseq=88 icode= >,1f4k_A_A,2.5
662,0.0,TYR, ,C,41.22,10.42,0.0,3.46,1.0,<Residue TYR het=  resseq=88 icode= >,1f4k_A_A,2.5
663,2.136,TYR, ,O,40.69,10.70,0.0,2.76,1.0,<Residue TYR het=  resseq=88 icode= >,1f4k_A_A,2.5
664,5.073,TYR, ,CB,40.27,8.98,0.0,1.16,1.0,<Residue TYR het=  resseq=88 icode= >,1f4k_A_A,2.5
665,0.0,TYR, ,CG,39.58,7.88,0.0,2.74,1.0,<Residue TYR het=  resseq=88 icode= >,1f4k_A_A,2.5
666,0.215,TYR, ,CD1,38.36,6.72,0.0,2.45,1.0,<Residue TYR het=  resseq=88 icode= >,1f4k_A_A,2.5
667,0.0,TYR, ,CD2,40.14,7.53,0.0,2.62,1.0,<Residue TYR het=  resseq=88 icode= >,1f4k_A_A,2.5
668,2.22,TYR, ,CE1,39.58,5.65,0.0,2.05,1.0,<Residue TYR het=  resseq=88 icode= >,1f4k_A_A,2.5
669,0.0,TYR, ,CE2,40.1,6.27,0.0,2.43,1.0,<Residue TYR het=  resseq=88 icode= >,1f4k_A_A,2.5
670,0.0,TYR, ,CZ,41.35,5.19,0.0,2.81,1.0,<Residue TYR het=  resseq=88 icode= >,1f4k_A_A,2.5
671,2.685,TYR, ,OH,43.53,3.91,2.207,1.81,1.0,<Residue TYR het=  resseq=88 icode= >,1f4k_A_A,2.5
672,0.0,GLN, ,N,42.28,11.42,0.0,2.89,1.0,<Residue GLN het=  resseq=89 icode= >,1f4k_A_A,2.5
673,0.0,GLN, ,CA,44.13,12.79,0.0,2.46,1.0,<Residue GLN het=  resseq=89 icode= >,1f4k_A_A,2.5
674,0.0,GLN, ,C,44.31,13.63,0.0,2.88,1.0,<Residue GLN het=  resseq=89 icode= >,1f4k_A_A,2.5
675,0.0,GLN, ,O,44.15,12.82,0.0,2.04,1.0,<Residue GLN het=  resseq=89 icode= >,1f4k_A_A,2.5
676,5.383,GLN, ,CB,45.56,13.38,0.0,1.61,1.0,<Residue GLN het=  resseq=89 icode= >,1f4k_A_A,2.5
677,0.189,GLN, ,CG,49.9,13.57,0.0,1.11,1.0,<Residue GLN het=  resseq=89 icode= >,1f4k_A_A,2.5
678,4.249,GLN, ,CD,53.37,14.19,0.0,1.65,1.0,<Residue GLN het=  resseq=89 icode= >,1f4k_A_A,2.5
679,16.928,GLN, ,OE1,52.78,14.00,0.0,1.47,1.0,<Residue GLN het=  resseq=89 icode= >,1f4k_A_A,2.5
680,31.582,GLN, ,NE2,53.36,15.06,0.0,0.99,1.0,<Residue GLN het=  resseq=89 icode= >,1f4k_A_A,2.5
681,2.132,PHE, ,N,42.73,14.90,0.0,2.49,1.0,<Residue PHE het=  resseq=90 icode= >,1f4k_A_A,2.5
682,0.0,PHE, ,CA,41.02,15.45,0.0,3.24,1.0,<Residue PHE het=  resseq=90 icode= >,1f4k_A_A,2.5
683,0.479,PHE, ,C,42.18,15.73,0.0,4.27,1.0,<Residue PHE het=  resseq=90 icode= >,1f4k_A_A,2.5
684,13.305,PHE, ,O,43.59,16.07,0.0,2.30,1.0,<Residue PHE het=  resseq=90 icode= >,1f4k_A_A,2.5
685,11.19,PHE, ,CB,38.92,16.75,0.0,2.26,1.0,<Residue PHE het=  resseq=90 icode= >,1f4k_A_A,2.5
686,0.0,PHE, ,CG,35.75,16.64,0.0,3.84,1.0,<Residue PHE het=  resseq=90 icode= >,1f4k_A_A,2.5
687,0.0,PHE, ,CD1,34.6,16.22,0.0,3.03,1.0,<Residue PHE het=  resseq=90 icode= >,1f4k_A_A,2.5
688,12.509,PHE, ,CD2,34.33,16.82,0.0,2.65,1.0,<Residue PHE het=  resseq=90 icode= >,1f4k_A_A,2.5
689,0.0,PHE, ,CE1,35.98,16.24,0.0,2.23,1.0,<Residue PHE het=  resseq=90 icode= >,1f4k_A_A,2.5
690,1.376,PHE, ,CE2,36.25,16.72,0.0,2.64,1.0,<Residue PHE het=  resseq=90 icode= >,1f4k_A_A,2.5
691,0.0,PHE, ,CZ,35.68,16.64,0.0,2.00,1.0,<Residue PHE het=  resseq=90 icode= >,1f4k_A_A,2.5
692,0.0,LYS, ,N,44.22,15.55,0.0,2.80,1.0,<Residue LYS het=  resseq=91 icode= >,1f4k_A_A,2.5
693,1.671,LYS, ,CA,45.72,15.84,0.0,2.96,1.0,<Residue LYS het=  resseq=91 icode= >,1f4k_A_A,2.5
694,3.366,LYS, ,C,46.85,17.17,0.0,2.95,1.0,<Residue LYS het=  resseq=91 icode= >,1f4k_A_A,2.5
695,25.185,LYS, ,O,48.62,17.99,0.0,1.19,1.0,<Residue LYS het=  resseq=91 icode= >,1f4k_A_A,2.5
696,0.0,LYS, ,CB,45.83,14.83,0.0,2.44,1.0,<Residue LYS het=  resseq=91 icode= >,1f4k_A_A,2.5
697,9.369,LYS, ,CG,46.85,15.45,0.0,2.14,1.0,<Residue LYS het=  resseq=91 icode= >,1f4k_A_A,2.5
698,3.968,LYS, ,CD,48.57,14.59,0.0,1.88,1.0,<Residue LYS het=  resseq=91 icode= >,1f4k_A_A,2.5
699,44.699,LYS, ,CE,48.79,15.28,0.0,1.97,1.0,<Residue LYS het=  resseq=91 icode= >,1f4k_A_A,2.5
700,48.642,LYS, ,NZ,50.59,14.51,0.0,0.97,1.0,<Residue LYS het=  resseq=91 icode= >,1f4k_A_A,2.5
701,0.0,ASP, ,N,47.07,17.46,0.0,2.17,1.0,<Residue ASP het=  resseq=92 icode= >,1f4k_A_A,2.5
702,6.556,ASP, ,CA,45.73,18.76,0.0,2.35,1.0,<Residue ASP het=  resseq=92 icode= >,1f4k_A_A,2.5
703,0.0,ASP, ,C,44.4,19.03,0.0,3.77,1.0,<Residue ASP het=  resseq=92 icode= >,1f4k_A_A,2.5
704,0.0,ASP, ,O,45.19,18.71,0.0,2.02,1.0,<Residue ASP het=  resseq=92 icode= >,1f4k_A_A,2.5
705,7.439,ASP, ,CB,45.86,18.81,0.0,1.62,1.0,<Residue ASP het=  resseq=92 icode= >,1f4k_A_A,2.5
706,7.625,ASP, ,CG,48.1,20.23,0.0,3.31,1.0,<Residue ASP het=  resseq=92 icode= >,1f4k_A_A,2.5
707,3.752,ASP, ,OD1,47.83,21.04,0.0,2.17,1.0,<Residue ASP het=  resseq=92 icode= >,1f4k_A_A,2.5
708,34.549,ASP, ,OD2,46.26,20.60,0.0,2.45,1.0,<Residue ASP het=  resseq=92 icode= >,1f4k_A_A,2.5
709,5.619,TYR, ,N,44.56,1000.00,0.0,2.62,1.0,<Residue TYR het=  resseq=93 icode= >,1f4k_A_A,2.5
710,0.0,TYR, ,CA,44.49,1000.00,0.0,2.96,1.0,<Residue TYR het=  resseq=93 icode= >,1f4k_A_A,2.5
711,0.0,TYR, ,C,44.79,1000.00,0.0,3.57,1.0,<Residue TYR het=  resseq=93 icode= >,1f4k_A_A,2.5
712,0.0,TYR, ,O,45.63,1000.00,0.0,2.20,1.0,<Residue TYR het=  resseq=93 icode= >,1f4k_A_A,2.5
713,19.726,TYR, ,CB,43.01,1000.00,0.0,2.46,1.0,<Residue TYR het=  resseq=93 icode= >,1f4k_A_A,2.5
714,2.029,TYR, ,CG,43.73,1000.00,0.0,3.68,1.0,<Residue TYR het=  resseq=93 icode= >,1f4k_A_A,2.5
715,0.86,TYR, ,CD1,43.21,1000.00,0.0,2.24,1.0,<Residue TYR het=  resseq=93 icode= >,1f4k_A_A,2.5
716,13.423,TYR, ,CD2,42.98,1000.00,0.0,2.84,1.0,<Residue TYR het=  resseq=93 icode= >,1f4k_A_A,2.5
717,1.163,TYR, ,CE1,44.88,1000.00,0.0,1.94,1.0,<Residue TYR het=  resseq=93 icode= >,1f4k_A_A,2.5
718,20.696,TYR, ,CE2,42.91,1000.00,0.0,2.43,1.0,<Residue TYR het=  resseq=93 icode= >,1f4k_A_A,2.5
719,3.761,TYR, ,CZ,45.36,1000.00,0.0,2.89,1.0,<Residue TYR het=  resseq=93 icode= >,1f4k_A_A,2.5
720,17.216,TYR, ,OH,44.99,1000.00,0.0,2.04,1.0,<Residue TYR het=  resseq=93 icode= >,1f4k_A_A,2.5
721,0.187,GLU, ,N,45.53,1000.00,0.0,3.02,1.0,<Residue GLU het=  resseq=94 icode= >,1f4k_A_A,2.5
722,0.0,GLU, ,CA,46.45,1000.00,0.0,2.62,1.0,<Residue GLU het=  resseq=94 icode= >,1f4k_A_A,2.5
723,1.725,GLU, ,C,45.47,1000.00,0.0,3.80,1.0,<Residue GLU het=  resseq=94 icode= >,1f4k_A_A,2.5
724,3.586,GLU, ,O,44.27,1000.00,0.0,2.73,1.0,<Residue GLU het=  resseq=94 icode= >,1f4k_A_A,2.5
725,20.858,GLU, ,CB,49.0,1000.00,0.0,1.77,1.0,<Residue GLU het=  resseq=94 icode= >,1f4k_A_A,2.5
726,35.246,GLU, ,CG,53.26,1000.00,0.0,0.66,1.0,<Residue GLU het=  resseq=94 icode= >,1f4k_A_A,2.5
727,7.982,GLU, ,CD,56.12,1000.00,0.0,1.32,1.0,<Residue GLU het=  resseq=94 icode= >,1f4k_A_A,2.5
728,25.678,GLU, ,OE1,57.29,1000.00,0.0,1.06,1.0,<Residue GLU het=  resseq=94 icode= >,1f4k_A_A,2.5
729,20.548,GLU, ,OE2,55.51,1000.00,0.0,1.84,1.0,<Residue GLU het=  resseq=94 icode= >,1f4k_A_A,2.5
730,0.886,ALA, ,N,44.71,1000.00,0.0,3.06,1.0,<Residue ALA het=  resseq=95 icode= >,1f4k_A_A,2.5
731,4.809,ALA, ,CA,44.82,1000.00,0.0,2.94,1.0,<Residue ALA het=  resseq=95 icode= >,1f4k_A_A,2.5
732,0.0,ALA, ,C,43.98,1000.00,0.0,3.86,1.0,<Residue ALA het=  resseq=95 icode= >,1f4k_A_A,2.5
733,2.445,ALA, ,O,44.56,1000.00,0.0,2.58,1.0,<Residue ALA het=  resseq=95 icode= >,1f4k_A_A,2.5
734,24.596,ALA, ,CB,44.53,1000.00,0.0,1.36,1.0,<Residue ALA het=  resseq=95 icode= >,1f4k_A_A,2.5
735,0.0,ALA, ,N,43.14,1000.00,0.0,3.04,1.0,<Residue ALA het=  resseq=96 icode= >,1f4k_A_A,2.5
736,0.0,ALA, ,CA,44.39,1000.00,0.0,3.16,1.0,<Residue ALA het=  resseq=96 icode= >,1f4k_A_A,2.5
737,0.022,ALA, ,C,44.99,1000.00,0.0,3.46,1.0,<Residue ALA het=  resseq=96 icode= >,1f4k_A_A,2.5
738,0.0,ALA, ,O,44.69,1000.00,0.0,2.21,1.0,<Residue ALA het=  resseq=96 icode= >,1f4k_A_A,2.5
739,0.0,ALA, ,CB,43.72,1000.00,0.0,1.47,1.0,<Residue ALA het=  resseq=96 icode= >,1f4k_A_A,2.5
740,0.0,LYS, ,N,44.96,1000.00,0.0,2.47,1.0,<Residue LYS het=  resseq=97 icode= >,1f4k_A_A,2.5
741,0.543,LYS, ,CA,43.6,1000.00,0.0,2.93,1.0,<Residue LYS het=  resseq=97 icode= >,1f4k_A_A,2.5
742,0.0,LYS, ,C,42.41,1000.00,0.0,4.12,1.0,<Residue LYS het=  resseq=97 icode= >,1f4k_A_A,2.5
743,0.436,LYS, ,O,41.82,1000.00,0.0,3.14,1.0,<Residue LYS het=  resseq=97 icode= >,1f4k_A_A,2.5
744,3.713,LYS, ,CB,44.03,1000.00,0.0,2.30,1.0,<Residue LYS het=  resseq=97 icode= >,1f4k_A_A,2.5
745,10.754,LYS, ,CG,44.97,1000.00,0.0,2.06,1.0,<Residue LYS het=  resseq=97 icode= >,1f4k_A_A,2.5
746,0.784,LYS, ,CD,46.63,1000.00,0.0,1.35,1.0,<Residue LYS het=  resseq=97 icode= >,1f4k_A_A,2.5
747,27.895,LYS, ,CE,47.85,1000.00,0.0,1.29,1.0,<Residue LYS het=  resseq=97 icode= >,1f4k_A_A,2.5
748,26.189,LYS, ,NZ,48.24,1000.00,0.0,1.10,1.0,<Residue LYS het=  resseq=97 icode= >,1f4k_A_A,2.5
749,0.652,LEU, ,N,42.72,1000.00,0.0,2.82,1.0,<Residue LEU het=  resseq=98 icode= >,1f4k_A_A,2.5
750,2.227,LEU, ,CA,43.37,1000.00,0.0,3.13,1.0,<Residue LEU het=  resseq=98 icode= >,1f4k_A_A,2.5
751,0.0,LEU, ,C,43.45,1000.00,0.0,3.38,1.0,<Residue LEU het=  resseq=98 icode= >,1f4k_A_A,2.5
752,0.0,LEU, ,O,45.32,1000.00,0.0,1.91,1.0,<Residue LEU het=  resseq=98 icode= >,1f4k_A_A,2.5
753,9.494,LEU, ,CB,43.87,1000.00,0.0,2.63,1.0,<Residue LEU het=  resseq=98 icode= >,1f4k_A_A,2.5
754,0.86,LEU, ,CG,46.35,1000.00,0.0,1.59,1.0,<Residue LEU het=  resseq=98 icode= >,1f4k_A_A,2.5
755,31.952,LEU, ,CD1,46.67,1000.00,0.0,0.65,1.0,<Residue LEU het=  resseq=98 icode= >,1f4k_A_A,2.5
756,55.542,LEU, ,CD2,46.88,1000.00,0.0,0.44,1.0,<Residue LEU het=  resseq=98 icode= >,1f4k_A_A,2.5
757,0.145,TYR, ,N,41.23,16.89,0.0,3.01,1.0,<Residue TYR het=  resseq=99 icode= >,1f4k_A_A,2.5
758,0.417,TYR, ,CA,41.26,15.60,0.0,2.99,1.0,<Residue TYR het=  resseq=99 icode= >,1f4k_A_A,2.5
759,0.0,TYR, ,C,40.99,15.81,0.0,4.04,1.0,<Residue TYR het=  resseq=99 icode= >,1f4k_A_A,2.5
760,0.0,TYR, ,O,41.34,15.01,0.0,2.84,1.0,<Residue TYR het=  resseq=99 icode= >,1f4k_A_A,2.5
761,2.134,TYR, ,CB,41.73,15.19,0.0,1.48,1.0,<Residue TYR het=  resseq=99 icode= >,1f4k_A_A,2.5
762,0.0,TYR, ,CG,40.32,13.87,0.0,3.24,1.0,<Residue TYR het=  resseq=99 icode= >,1f4k_A_A,2.5
763,0.0,TYR, ,CD1,40.73,13.55,0.0,2.61,1.0,<Residue TYR het=  resseq=99 icode= >,1f4k_A_A,2.5
764,8.889,TYR, ,CD2,41.79,12.71,0.0,2.15,1.0,<Residue TYR het=  resseq=99 icode= >,1f4k_A_A,2.5
765,0.0,TYR, ,CE1,41.36,12.18,0.0,2.24,1.0,<Residue TYR het=  resseq=99 icode= >,1f4k_A_A,2.5
766,15.007,TYR, ,CE2,41.61,11.48,0.0,2.23,1.0,<Residue TYR het=  resseq=99 icode= >,1f4k_A_A,2.5
767,0.0,TYR, ,CZ,41.56,11.36,0.0,3.44,1.0,<Residue TYR het=  resseq=99 icode= >,1f4k_A_A,2.5
768,0.88,TYR, ,OH,42.6,9.99,0.0,2.22,1.0,<Residue TYR het=  resseq=99 icode= >,1f4k_A_A,2.5
769,0.0,LYS, ,N,41.78,17.00,0.0,3.21,1.0,<Residue LYS het=  resseq=100 icode= >,1f4k_A_A,2.5
770,0.0,LYS, ,CA,42.63,17.13,0.0,3.58,1.0,<Residue LYS het=  resseq=100 icode= >,1f4k_A_A,2.5
771,1.267,LYS, ,C,43.57,17.50,1.267,4.12,1.0,<Residue LYS het=  resseq=100 icode= >,1f4k_A_A,2.5
772,3.169,LYS, ,O,43.91,16.91,3.169,2.86,1.0,<Residue LYS het=  resseq=100 icode= >,1f4k_A_A,2.5
773,6.073,LYS, ,CB,42.49,18.24,4.128,2.22,1.0,<Residue LYS het=  resseq=100 icode= >,1f4k_A_A,2.5
774,0.088,LYS, ,CG,44.37,17.86,0.088,2.03,1.0,<Residue LYS het=  resseq=100 icode= >,1f4k_A_A,2.5
775,0.0,LYS, ,CD,45.63,19.12,0.0,1.74,1.0,<Residue LYS het=  resseq=100 icode= >,1f4k_A_A,2.5
776,29.352,LYS, ,CE,48.86,20.05,18.926,1.19,1.0,<Residue LYS het=  resseq=100 icode= >,1f4k_A_A,2.5
777,22.491,LYS, ,NZ,47.45,21.34,1.0,1.04,1.0,<Residue LYS het=  resseq=100 icode= >,1f4k_A_A,2.5
778,0.0,LYS, ,N,45.27,18.12,0.0,2.74,1.0,<Residue LYS het=  resseq=101 icode= >,1f4k_A_A,2.5
779,1.188,LYS, ,CA,47.18,18.42,0.84,3.18,1.0,<Residue LYS het=  resseq=101 icode= >,1f4k_A_A,2.5
780,0.926,LYS, ,C,47.25,17.21,0.0,4.15,1.0,<Residue LYS het=  resseq=101 icode= >,1f4k_A_A,2.5
781,0.972,LYS, ,O,48.47,17.23,0.0,2.14,1.0,<Residue LYS het=  resseq=101 icode= >,1f4k_A_A,2.5
782,12.733,LYS, ,CB,48.27,19.40,0.0,1.70,1.0,<Residue LYS het=  resseq=101 icode= >,1f4k_A_A,2.5
783,13.478,LYS, ,CG,50.3,20.78,0.64,1.26,1.0,<Residue LYS het=  resseq=101 icode= >,1f4k_A_A,2.5
784,29.793,LYS, ,CD,50.59,21.87,0.0,1.50,1.0,<Residue LYS het=  resseq=101 icode= >,1f4k_A_A,2.5
785,46.384,LYS, ,CE,51.87,23.21,0.0,1.07,1.0,<Residue LYS het=  resseq=101 icode= >,1f4k_A_A,2.5
786,24.295,LYS, ,NZ,52.98,23.41,0.0,0.77,1.0,<Residue LYS het=  resseq=101 icode= >,1f4k_A_A,2.5
787,0.158,GLN, ,N,46.65,16.27,0.0,3.64,1.0,<Residue GLN het=  resseq=102 icode= >,1f4k_A_A,2.5
788,6.652,GLN, ,CA,47.31,15.12,0.0,2.63,1.0,<Residue GLN het=  resseq=102 icode= >,1f4k_A_A,2.5
789,0.0,GLN, ,C,46.34,14.49,0.0,3.85,1.0,<Residue GLN het=  resseq=102 icode= >,1f4k_A_A,2.5
790,2.101,GLN, ,O,45.36,14.33,0.0,2.98,1.0,<Residue GLN het=  resseq=102 icode= >,1f4k_A_A,2.5
791,10.872,GLN, ,CB,48.89,14.18,0.0,1.80,1.0,<Residue GLN het=  resseq=102 icode= >,1f4k_A_A,2.5
792,12.16,GLN, ,CG,51.34,14.97,0.0,1.88,1.0,<Residue GLN het=  resseq=102 icode= >,1f4k_A_A,2.5
793,4.133,GLN, ,CD,53.12,14.32,0.0,2.55,1.0,<Residue GLN het=  resseq=102 icode= >,1f4k_A_A,2.5
794,16.007,GLN, ,OE1,53.27,13.64,0.0,2.23,1.0,<Residue GLN het=  resseq=102 icode= >,1f4k_A_A,2.5
795,41.247,GLN, ,NE2,54.0,14.72,0.0,1.02,1.0,<Residue GLN het=  resseq=102 icode= >,1f4k_A_A,2.5
796,0.0,LEU, ,N,44.86,14.36,0.0,2.98,1.0,<Residue LEU het=  resseq=103 icode= >,1f4k_A_A,2.5
797,0.0,LEU, ,CA,44.2,13.68,0.0,3.55,1.0,<Residue LEU het=  resseq=103 icode= >,1f4k_A_A,2.5
798,0.0,LEU, ,C,44.47,14.26,0.0,4.74,1.0,<Residue LEU het=  resseq=103 icode= >,1f4k_A_A,2.5
799,0.0,LEU, ,O,43.32,13.61,0.0,3.38,1.0,<Residue LEU het=  resseq=103 icode= >,1f4k_A_A,2.5
800,0.0,LEU, ,CB,42.62,13.26,0.0,2.44,1.0,<Residue LEU het=  resseq=103 icode= >,1f4k_A_A,2.5
801,0.0,LEU, ,CG,41.51,11.87,0.0,3.05,1.0,<Residue LEU het=  resseq=103 icode= >,1f4k_A_A,2.5
802,0.0,LEU, ,CD1,39.88,10.82,0.0,1.67,1.0,<Residue LEU het=  resseq=103 icode= >,1f4k_A_A,2.5
803,4.251,LEU, ,CD2,39.43,11.64,0.0,1.95,1.0,<Residue LEU het=  resseq=103 icode= >,1f4k_A_A,2.5
804,0.246,LYS, ,N,46.29,15.58,0.246,2.64,1.0,<Residue LYS het=  resseq=104 icode= >,1f4k_A_A,2.5
805,1.735,LYS, ,CA,46.44,16.32,1.735,3.02,1.0,<Residue LYS het=  resseq=104 icode= >,1f4k_A_A,2.5
806,0.05,LYS, ,C,44.58,16.34,0.0,4.56,1.0,<Residue LYS het=  resseq=104 icode= >,1f4k_A_A,2.5
807,0.0,LYS, ,O,44.22,16.47,0.0,3.01,1.0,<Residue LYS het=  resseq=104 icode= >,1f4k_A_A,2.5
808,4.854,LYS, ,CB,49.23,17.78,3.355,1.74,1.0,<Residue LYS het=  resseq=104 icode= >,1f4k_A_A,2.5
809,8.402,LYS, ,CG,51.67,18.53,8.119,2.08,1.0,<Residue LYS het=  resseq=104 icode= >,1f4k_A_A,2.5
810,32.908,LYS, ,CD,55.39,20.01,6.016,1.22,1.0,<Residue LYS het=  resseq=104 icode= >,1f4k_A_A,2.5
811,50.905,LYS, ,CE,57.51,20.66,21.131,1.12,1.0,<Residue LYS het=  resseq=104 icode= >,1f4k_A_A,2.5
812,29.487,LYS, ,NZ,61.07,20.12,12.083,0.14,1.0,<Residue LYS het=  resseq=104 icode= >,1f4k_A_A,2.5
813,0.0,VAL, ,N,44.39,16.39,0.0,3.33,1.0,<Residue VAL het=  resseq=105 icode= >,1f4k_A_A,2.5
814,1.303,VAL, ,CA,45.76,16.50,0.0,3.45,1.0,<Residue VAL het=  resseq=105 icode= >,1f4k_A_A,2.5
815,0.0,VAL, ,C,45.95,15.31,0.0,3.75,1.0,<Residue VAL het=  resseq=105 icode= >,1f4k_A_A,2.5
816,0.249,VAL, ,O,47.24,15.45,0.0,2.80,1.0,<Residue VAL het=  resseq=105 icode= >,1f4k_A_A,2.5
817,1.437,VAL, ,CB,46.72,16.36,0.0,2.13,1.0,<Residue VAL het=  resseq=105 icode= >,1f4k_A_A,2.5
818,42.688,VAL, ,CG1,46.94,16.10,0.0,0.53,1.0,<Residue VAL het=  resseq=105 icode= >,1f4k_A_A,2.5
819,50.866,VAL, ,CG2,45.22,17.70,0.0,1.65,1.0,<Residue VAL het=  resseq=105 icode= >,1f4k_A_A,2.5
820,0.0,GLU, ,N,45.65,14.16,0.0,3.31,1.0,<Residue GLU het=  resseq=106 icode= >,1f4k_A_A,2.5
821,0.101,GLU, ,CA,45.45,12.89,0.0,3.01,1.0,<Residue GLU het=  resseq=106 icode= >,1f4k_A_A,2.5
822,0.0,GLU, ,C,43.87,12.70,0.0,4.22,1.0,<Residue GLU het=  resseq=106 icode= >,1f4k_A_A,2.5
823,0.836,GLU, ,O,42.56,12.37,0.0,3.28,1.0,<Residue GLU het=  resseq=106 icode= >,1f4k_A_A,2.5
824,0.0,GLU, ,CB,47.01,11.75,0.0,2.39,1.0,<Residue GLU het=  resseq=106 icode= >,1f4k_A_A,2.5
825,20.752,GLU, ,CG,52.18,10.85,0.0,1.98,1.0,<Residue GLU het=  resseq=106 icode= >,1f4k_A_A,2.5
826,7.992,GLU, ,CD,55.99,9.74,0.0,2.14,1.0,<Residue GLU het=  resseq=106 icode= >,1f4k_A_A,2.5
827,5.838,GLU, ,OE1,58.62,9.18,0.0,1.21,1.0,<Residue GLU het=  resseq=106 icode= >,1f4k_A_A,2.5
828,33.474,GLU, ,OE2,56.6,9.61,0.0,1.38,1.0,<Residue GLU het=  resseq=106 icode= >,1f4k_A_A,2.5
829,0.0,LEU, ,N,42.71,13.13,0.0,3.04,1.0,<Residue LEU het=  resseq=107 icode= >,1f4k_A_A,2.5
830,0.0,LEU, ,CA,42.96,13.17,0.0,2.81,1.0,<Residue LEU het=  resseq=107 icode= >,1f4k_A_A,2.5
831,0.773,LEU, ,C,42.8,14.23,0.773,3.99,1.0,<Residue LEU het=  resseq=107 icode= >,1f4k_A_A,2.5
832,3.459,LEU, ,O,42.36,14.14,3.459,3.24,1.0,<Residue LEU het=  resseq=107 icode= >,1f4k_A_A,2.5
833,10.697,LEU, ,CB,41.32,13.59,10.697,1.86,1.0,<Residue LEU het=  resseq=107 icode= >,1f4k_A_A,2.5
834,0.0,LEU, ,CG,40.94,12.63,0.0,2.18,1.0,<Residue LEU het=  resseq=107 icode= >,1f4k_A_A,2.5
835,28.582,LEU, ,CD1,40.33,13.50,28.582,1.10,1.0,<Residue LEU het=  resseq=107 icode= >,1f4k_A_A,2.5
836,13.79,LEU, ,CD2,38.97,11.53,13.79,1.75,1.0,<Residue LEU het=  resseq=107 icode= >,1f4k_A_A,2.5
837,0.0,ASP, ,N,43.24,15.33,0.0,2.84,1.0,<Residue ASP het=  resseq=108 icode= >,1f4k_A_A,2.5
838,0.425,ASP, ,CA,43.88,16.46,0.123,3.17,1.0,<Residue ASP het=  resseq=108 icode= >,1f4k_A_A,2.5
839,0.187,ASP, ,C,43.79,16.19,0.0,3.86,1.0,<Residue ASP het=  resseq=108 icode= >,1f4k_A_A,2.5
840,0.157,ASP, ,O,43.9,16.63,0.0,2.93,1.0,<Residue ASP het=  resseq=108 icode= >,1f4k_A_A,2.5
841,19.226,ASP, ,CB,43.54,17.73,0.0,2.11,1.0,<Residue ASP het=  resseq=108 icode= >,1f4k_A_A,2.5
842,7.67,ASP, ,CG,46.08,18.33,0.0,3.60,1.0,<Residue ASP het=  resseq=108 icode= >,1f4k_A_A,2.5
843,19.749,ASP, ,OD1,47.17,18.25,11.573,2.32,1.0,<Residue ASP het=  resseq=108 icode= >,1f4k_A_A,2.5
844,20.062,ASP, ,OD2,43.61,19.01,0.0,2.91,1.0,<Residue ASP het=  resseq=108 icode= >,1f4k_A_A,2.5
845,0.387,ARG, ,N,43.34,15.50,0.0,3.06,1.0,<Residue ARG het=  resseq=109 icode= >,1f4k_A_A,2.5
846,4.458,ARG, ,CA,44.34,14.50,1.387,2.94,1.0,<Residue ARG het=  resseq=109 icode= >,1f4k_A_A,2.5
847,0.0,ARG, ,C,43.65,14.02,0.0,4.02,1.0,<Residue ARG het=  resseq=109 icode= >,1f4k_A_A,2.5
848,0.349,ARG, ,O,43.64,14.04,0.349,2.33,1.0,<Residue ARG het=  resseq=109 icode= >,1f4k_A_A,2.5
849,1.963,ARG, ,CB,45.24,13.35,1.963,2.35,1.0,<Residue ARG het=  resseq=109 icode= >,1f4k_A_A,2.5
850,14.816,ARG, ,CG,49.72,13.80,1.492,1.24,1.0,<Residue ARG het=  resseq=109 icode= >,1f4k_A_A,2.5
851,31.387,ARG, ,CD,52.87,12.68,10.214,1.28,1.0,<Residue ARG het=  resseq=109 icode= >,1f4k_A_A,2.5
852,6.49,ARG, ,NE,53.88,11.40,0.0,2.02,1.0,<Residue ARG het=  resseq=109 icode= >,1f4k_A_A,2.5
853,3.579,ARG, ,CZ,54.87,10.35,0.104,2.51,1.0,<Residue ARG het=  resseq=109 icode= >,1f4k_A_A,2.5
854,26.569,ARG, ,NH1,54.39,10.52,26.417,1.10,1.0,<Residue ARG het=  resseq=109 icode= >,1f4k_A_A,2.5
855,10.49,ARG, ,NH2,54.44,9.26,0.0,0.89,1.0,<Residue ARG het=  resseq=109 icode= >,1f4k_A_A,2.5
856,0.0,SER, ,N,43.23,13.56,0.0,3.02,1.0,<Residue SER het=  resseq=110 icode= >,1f4k_A_A,2.5
857,0.0,SER, ,CA,43.48,12.81,0.0,3.69,1.0,<Residue SER het=  resseq=110 icode= >,1f4k_A_A,2.5
858,0.051,SER, ,C,43.85,13.50,0.051,4.72,1.0,<Residue SER het=  resseq=110 icode= >,1f4k_A_A,2.5
859,0.0,SER, ,O,44.86,13.00,0.0,2.53,1.0,<Residue SER het=  resseq=110 icode= >,1f4k_A_A,2.5
860,8.839,SER, ,CB,44.96,11.66,8.839,2.02,1.0,<Residue SER het=  resseq=110 icode= >,1f4k_A_A,2.5
861,0.399,SER, ,OG,45.13,10.58,0.0,2.13,1.0,<Residue SER het=  resseq=110 icode= >,1f4k_A_A,2.5
862,0.378,LYS, ,N,44.74,14.58,0.378,3.29,1.0,<Residue LYS het=  resseq=111 icode= >,1f4k_A_A,2.5
863,5.65,LYS, ,CA,46.47,15.60,5.65,2.70,1.0,<Residue LYS het=  resseq=111 icode= >,1f4k_A_A,2.5
864,0.0,LYS, ,C,46.09,15.79,0.0,3.60,1.0,<Residue LYS het=  resseq=111 icode= >,1f4k_A_A,2.5
865,0.128,LYS, ,O,46.78,15.87,0.128,2.35,1.0,<Residue LYS het=  resseq=111 icode= >,1f4k_A_A,2.5
866,6.778,LYS, ,CB,47.9,16.51,6.729,1.55,1.0,<Residue LYS het=  resseq=111 icode= >,1f4k_A_A,2.5
867,12.148,LYS, ,CG,49.43,17.67,12.148,1.34,1.0,<Residue LYS het=  resseq=111 icode= >,1f4k_A_A,2.5
868,26.271,LYS, ,CD,50.38,18.58,18.373,1.34,1.0,<Residue LYS het=  resseq=111 icode= >,1f4k_A_A,2.5
869,35.438,LYS, ,CE,50.99,19.97,0.329,1.11,1.0,<Residue LYS het=  resseq=111 icode= >,1f4k_A_A,2.5
870,39.033,LYS, ,NZ,51.67,20.03,28.899,1.27,1.0,<Residue LYS het=  resseq=111 icode= >,1f4k_A_A,2.5
871,0.0,LYS, ,N,45.09,16.01,0.0,3.15,1.0,<Residue LYS het=  resseq=112 icode= >,1f4k_A_A,2.5
872,0.0,LYS, ,CA,45.5,16.38,0.0,2.57,1.0,<Residue LYS het=  resseq=112 icode= >,1f4k_A_A,2.5
873,1.218,LYS, ,C,45.3,15.31,1.218,3.29,1.0,<Residue LYS het=  resseq=112 icode= >,1f4k_A_A,2.5
874,0.805,LYS, ,O,46.91,15.66,0.0,2.07,1.0,<Residue LYS het=  resseq=112 icode= >,1f4k_A_A,2.5
875,8.982,LYS, ,CB,46.96,16.65,8.786,1.96,1.0,<Residue LYS het=  resseq=112 icode= >,1f4k_A_A,2.5
876,28.468,LYS, ,CG,49.71,17.89,13.646,0.99,1.0,<Residue LYS het=  resseq=112 icode= >,1f4k_A_A,2.5
877,8.138,LYS, ,CD,50.78,18.85,0.0,1.11,1.0,<Residue LYS het=  resseq=112 icode= >,1f4k_A_A,2.5
878,44.216,LYS, ,CE,52.92,19.90,0.0,0.94,1.0,<Residue LYS het=  resseq=112 icode= >,1f4k_A_A,2.5
879,46.812,LYS, ,NZ,53.69,20.94,0.0,0.62,1.0,<Residue LYS het=  resseq=112 icode= >,1f4k_A_A,2.5
880,0.182,LEU, ,N,43.72,14.10,0.182,2.58,1.0,<Residue LEU het=  resseq=113 icode= >,1f4k_A_A,2.5
881,1.197,LEU, ,CA,41.73,13.04,1.197,3.39,1.0,<Residue LEU het=  resseq=113 icode= >,1f4k_A_A,2.5
882,0.916,LEU, ,C,41.74,12.96,0.916,4.07,1.0,<Residue LEU het=  resseq=113 icode= >,1f4k_A_A,2.5
883,5.055,LEU, ,O,40.91,12.94,5.055,2.92,1.0,<Residue LEU het=  resseq=113 icode= >,1f4k_A_A,2.5
884,1.724,LEU, ,CB,40.61,11.72,1.724,2.24,1.0,<Residue LEU het=  resseq=113 icode= >,1f4k_A_A,2.5
885,3.112,LEU, ,CG,41.21,11.53,3.112,2.46,1.0,<Residue LEU het=  resseq=113 icode= >,1f4k_A_A,2.5
886,0.0,LEU, ,CD1,39.97,10.25,0.0,1.93,1.0,<Residue LEU het=  resseq=113 icode= >,1f4k_A_A,2.5
887,46.27,LEU, ,CD2,39.81,11.37,46.27,1.00,1.0,<Residue LEU het=  resseq=113 icode= >,1f4k_A_A,2.5
888,0.0,ILE, ,N,40.59,13.12,0.0,3.50,1.0,<Residue ILE het=  resseq=114 icode= >,1f4k_A_A,2.5
889,1.392,ILE, ,CA,41.73,13.25,1.392,3.50,1.0,<Residue ILE het=  resseq=114 icode= >,1f4k_A_A,2.5
890,0.0,ILE, ,C,43.49,14.60,0.0,3.95,1.0,<Residue ILE het=  resseq=114 icode= >,1f4k_A_A,2.5
891,0.0,ILE, ,O,44.0,14.82,0.0,2.66,1.0,<Residue ILE het=  resseq=114 icode= >,1f4k_A_A,2.5
892,1.509,ILE, ,CB,40.36,13.22,1.509,3.02,1.0,<Residue ILE het=  resseq=114 icode= >,1f4k_A_A,2.5
893,8.049,ILE, ,CG1,40.2,11.86,8.049,1.76,1.0,<Residue ILE het=  resseq=114 icode= >,1f4k_A_A,2.5
894,32.051,ILE, ,CG2,38.59,13.71,32.051,2.33,1.0,<Residue ILE het=  resseq=114 icode= >,1f4k_A_A,2.5
895,42.682,ILE, ,CD1,42.59,12.01,42.682,0.99,1.0,<Residue ILE het=  resseq=114 icode= >,1f4k_A_A,2.5
896,0.0,GLU, ,N,44.55,15.61,0.0,2.54,1.0,<Residue GLU het=  resseq=115 icode= >,1f4k_A_A,2.5
897,1.429,GLU, ,CA,44.8,16.95,0.0,2.76,1.0,<Residue GLU het=  resseq=115 icode= >,1f4k_A_A,2.5
898,0.813,GLU, ,C,42.74,17.03,0.0,4.68,1.0,<Residue GLU het=  resseq=115 icode= >,1f4k_A_A,2.5
899,1.414,GLU, ,O,41.55,17.60,0.0,3.55,1.0,<Residue GLU het=  resseq=115 icode= >,1f4k_A_A,2.5
900,17.068,GLU, ,CB,46.19,17.99,0.0,1.90,1.0,<Residue GLU het=  resseq=115 icode= >,1f4k_A_A,2.5
901,18.282,GLU, ,CG,49.31,18.29,12.471,1.67,1.0,<Residue GLU het=  resseq=115 icode= >,1f4k_A_A,2.5
902,6.944,GLU, ,CD,51.43,19.31,0.0,2.62,1.0,<Residue GLU het=  resseq=115 icode= >,1f4k_A_A,2.5
903,12.641,GLU, ,OE1,51.46,19.30,0.0,2.02,1.0,<Residue GLU het=  resseq=115 icode= >,1f4k_A_A,2.5
904,20.529,GLU, ,OE2,52.64,20.17,6.96,1.27,1.0,<Residue GLU het=  resseq=115 icode= >,1f4k_A_A,2.5
905,1.137,LYS, ,N,42.4,16.57,0.0,3.88,1.0,<Residue LYS het=  resseq=116 icode= >,1f4k_A_A,2.5
906,6.732,LYS, ,CA,43.17,16.76,0.0,3.20,1.0,<Residue LYS het=  resseq=116 icode= >,1f4k_A_A,2.5
907,0.0,LYS, ,C,43.56,16.25,0.0,4.17,1.0,<Residue LYS het=  resseq=116 icode= >,1f4k_A_A,2.5
908,0.0,LYS, ,O,44.77,17.04,0.0,2.17,1.0,<Residue LYS het=  resseq=116 icode= >,1f4k_A_A,2.5
909,8.43,LYS, ,CB,43.67,16.21,4.172,2.34,1.0,<Residue LYS het=  resseq=116 icode= >,1f4k_A_A,2.5
910,8.532,LYS, ,CG,43.3,16.64,3.354,2.61,1.0,<Residue LYS het=  resseq=116 icode= >,1f4k_A_A,2.5
911,30.675,LYS, ,CD,44.96,16.47,28.884,1.55,1.0,<Residue LYS het=  resseq=116 icode= >,1f4k_A_A,2.5
912,51.783,LYS, ,CE,46.54,17.25,32.598,1.06,1.0,<Residue LYS het=  resseq=116 icode= >,1f4k_A_A,2.5
913,22.048,LYS, ,NZ,46.49,17.80,14.43,1.36,1.0,<Residue LYS het=  resseq=116 icode= >,1f4k_A_A,2.5
914,0.304,ALA, ,N,42.41,15.05,0.304,3.18,1.0,<Residue ALA het=  resseq=117 icode= >,1f4k_A_A,2.5
915,4.155,ALA, ,CA,42.47,14.60,4.155,3.12,1.0,<Residue ALA het=  resseq=117 icode= >,1f4k_A_A,2.5
916,0.708,ALA, ,C,41.14,15.57,0.708,4.41,1.0,<Residue ALA het=  resseq=117 icode= >,1f4k_A_A,2.5
917,0.402,ALA, ,O,41.58,15.99,0.402,2.76,1.0,<Residue ALA het=  resseq=117 icode= >,1f4k_A_A,2.5
918,45.737,ALA, ,CB,40.93,13.12,45.717,1.76,1.0,<Residue ALA het=  resseq=117 icode= >,1f4k_A_A,2.5
919,0.059,LEU, ,N,40.84,16.03,0.059,3.58,1.0,<Residue LEU het=  resseq=118 icode= >,1f4k_A_A,2.5
920,0.41,LEU, ,CA,39.86,17.07,0.41,3.67,1.0,<Residue LEU het=  resseq=118 icode= >,1f4k_A_A,2.5
921,1.451,LEU, ,C,40.57,18.32,0.0,4.17,1.0,<Residue LEU het=  resseq=118 icode= >,1f4k_A_A,2.5
922,2.377,LEU, ,O,40.86,19.07,0.0,2.86,1.0,<Residue LEU het=  resseq=118 icode= >,1f4k_A_A,2.5
923,10.941,LEU, ,CB,37.96,17.46,0.0,2.21,1.0,<Residue LEU het=  resseq=118 icode= >,1f4k_A_A,2.5
924,4.213,LEU, ,CG,36.93,16.75,4.213,2.63,1.0,<Residue LEU het=  resseq=118 icode= >,1f4k_A_A,2.5
925,42.53,LEU, ,CD1,36.2,17.17,32.099,1.26,1.0,<Residue LEU het=  resseq=118 icode= >,1f4k_A_A,2.5
926,43.016,LEU, ,CD2,34.88,17.25,40.006,1.66,1.0,<Residue LEU het=  resseq=118 icode= >,1f4k_A_A,2.5
927,0.419,SER, ,N,40.34,18.63,0.0,3.43,1.0,<Residue SER het=  resseq=119 icode= >,1f4k_A_A,2.5
928,9.421,SER, ,CA,41.49,19.86,0.0,3.33,1.0,<Residue SER het=  resseq=119 icode= >,1f4k_A_A,2.5
929,0.045,SER, ,C,42.15,19.93,0.0,3.94,1.0,<Residue SER het=  resseq=119 icode= >,1f4k_A_A,2.5
930,17.549,SER, ,O,41.92,20.96,0.0,2.83,1.0,<Residue SER het=  resseq=119 icode= >,1f4k_A_A,2.5
931,26.336,SER, ,CB,42.04,20.21,0.0,2.59,1.0,<Residue SER het=  resseq=119 icode= >,1f4k_A_A,2.5
932,29.08,SER, ,OG,42.63,21.24,0.0,2.10,1.0,<Residue SER het=  resseq=119 icode= >,1f4k_A_A,2.5
933,0.0,ASP, ,N,43.47,18.91,0.0,2.91,1.0,<Residue ASP het=  resseq=120 icode= >,1f4k_A_A,2.5
934,5.664,ASP, ,CA,42.42,19.03,0.0,3.64,1.0,<Residue ASP het=  resseq=120 icode= >,1f4k_A_A,2.5
935,1.862,ASP, ,C,42.6,18.91,0.0,4.54,1.0,<Residue ASP het=  resseq=120 icode= >,1f4k_A_A,2.5
936,26.871,ASP, ,O,42.03,19.41,15.662,2.87,1.0,<Residue ASP het=  resseq=120 icode= >,1f4k_A_A,2.5
937,16.77,ASP, ,CB,42.43,18.12,9.041,3.16,1.0,<Residue ASP het=  resseq=120 icode= >,1f4k_A_A,2.5
938,6.418,ASP, ,CG,43.98,18.49,3.077,4.71,1.0,<Residue ASP het=  resseq=120 icode= >,1f4k_A_A,2.5
939,25.206,ASP, ,OD1,45.15,19.68,0.0,2.79,1.0,<Residue ASP het=  resseq=120 icode= >,1f4k_A_A,2.5
940,7.898,ASP, ,OD2,46.01,17.67,7.898,2.56,1.0,<Residue ASP het=  resseq=120 icode= >,1f4k_A_A,2.5
941,0.0,ASN, ,N,42.75,18.38,0.0,3.26,1.0,<Residue ASN het=  resseq=121 icode= >,1f4k_A_A,2.5
942,6.3,ASN, ,CA,44.92,18.38,5.157,2.31,1.0,<Residue ASN het=  resseq=121 icode= >,1f4k_A_A,2.5
943,4.417,ASN, ,C,45.96,19.27,0.0,3.33,1.0,<Residue ASN het=  resseq=121 icode= >,1f4k_A_A,2.5
944,22.013,ASN, ,O,46.47,19.58,16.622,2.18,1.0,<Residue ASN het=  resseq=121 icode= >,1f4k_A_A,2.5
945,10.137,ASN, ,CB,44.85,16.97,10.137,1.89,1.0,<Residue ASN het=  resseq=121 icode= >,1f4k_A_A,2.5
946,5.616,ASN, ,CG,45.67,16.08,5.616,3.74,1.0,<Residue ASN het=  resseq=121 icode= >,1f4k_A_A,2.5
947,9.01,ASN, ,OD1,45.98,15.56,9.01,2.52,1.0,<Residue ASN het=  resseq=121 icode= >,1f4k_A_A,2.5
948,54.307,ASN, ,ND2,46.78,16.05,54.147,1.93,1.0,<Residue ASN het=  resseq=121 icode= >,1f4k_A_A,2.5
949,0.552,PHE, ,N,46.6,1000.00,0.0,2.88,1.0,<Residue PHE het=  resseq=122 icode= >,1f4k_A_A,2.5
950,5.075,PHE, ,CA,47.41,1000.00,0.0,2.26,1.0,<Residue PHE het=  resseq=122 icode= >,1f4k_A_A,2.5
951,11.305,PHE, ,C,48.57,1000.00,0.0,3.02,1.0,<Residue PHE het=  resseq=122 icode= >,1f4k_A_A,2.5
952,40.775,PHE, ,O,49.16,1000.00,0.0,1.89,1.0,<Residue PHE het=  resseq=122 icode= >,1f4k_A_A,2.5
953,18.497,PHE, ,CB,44.52,1000.00,11.563,1.89,1.0,<Residue PHE het=  resseq=122 icode= >,1f4k_A_A,2.5
954,1.291,PHE, ,CG,42.33,1000.00,1.291,3.30,1.0,<Residue PHE het=  resseq=122 icode= >,1f4k_A_A,2.5
955,22.734,PHE, ,CD1,40.96,1000.00,12.547,2.62,1.0,<Residue PHE het=  resseq=122 icode= >,1f4k_A_A,2.5
956,0.041,PHE, ,CD2,41.98,1000.00,0.041,2.24,1.0,<Residue PHE het=  resseq=122 icode= >,1f4k_A_A,2.5
957,35.027,PHE, ,CE1,37.26,1000.00,32.437,3.00,1.0,<Residue PHE het=  resseq=122 icode= >,1f4k_A_A,2.5
958,16.522,PHE, ,CE2,39.28,1000.00,16.522,2.61,1.0,<Residue PHE het=  resseq=122 icode= >,1f4k_A_A,2.5
959,33.436,PHE, ,CZ,40.36,1000.00,33.436,2.15,1.0,<Residue PHE het=  resseq=122 icode= >,1f4k_A_A,2.5
960,18.838,PHE, ,OXT,51.09,1000.00,0.0,1.83,1.0,<Residue PHE het=  resseq=122 icode= >,1f4k_A_A,2.5
