,ASA,aa,altloc,atom,bfac,dens,occ,residue,id,resolu
0,25.808,PRO, ,N,38.92,2.78,1.0,<Residue PRO het=  resseq=26 icode= >,1fip_A_A,1.9
1,15.644,PRO, ,CA,39.1,2.62,1.0,<Residue PRO het=  resseq=26 icode= >,1fip_A_A,1.9
2,2.167,PRO, ,C,37.38,3.42,1.0,<Residue PRO het=  resseq=26 icode= >,1fip_A_A,1.9
3,0.614,PRO, ,O,38.68,3.17,1.0,<Residue PRO het=  resseq=26 icode= >,1fip_A_A,1.9
4,15.008,PRO, ,CB,36.28,2.44,1.0,<Residue PRO het=  resseq=26 icode= >,1fip_A_A,1.9
5,29.095,PRO, ,CG,31.81,2.81,1.0,<Residue PRO het=  resseq=26 icode= >,1fip_A_A,1.9
6,31.504,PRO, ,CD,34.77,3.16,1.0,<Residue PRO het=  resseq=26 icode= >,1fip_A_A,1.9
7,9.214,LEU, ,N,35.72,3.17,1.0,<Residue LEU het=  resseq=27 icode= >,1fip_A_A,1.9
8,4.018,LEU, ,CA,28.59,3.25,1.0,<Residue LEU het=  resseq=27 icode= >,1fip_A_A,1.9
9,0.0,LEU, ,C,29.9,4.13,1.0,<Residue LEU het=  resseq=27 icode= >,1fip_A_A,1.9
10,0.0,LEU, ,O,34.21,2.97,1.0,<Residue LEU het=  resseq=27 icode= >,1fip_A_A,1.9
11,21.293,LEU, ,CB,30.5,2.34,1.0,<Residue LEU het=  resseq=27 icode= >,1fip_A_A,1.9
12,0.983,LEU, ,CG,33.83,2.62,1.0,<Residue LEU het=  resseq=27 icode= >,1fip_A_A,1.9
13,43.246,LEU, ,CD1,34.49,1.64,1.0,<Residue LEU het=  resseq=27 icode= >,1fip_A_A,1.9
14,61.458,LEU, ,CD2,29.2,2.37,1.0,<Residue LEU het=  resseq=27 icode= >,1fip_A_A,1.9
15,3.23,ARG, ,N,28.87,4.10,1.0,<Residue ARG het=  resseq=28 icode= >,1fip_A_A,1.9
16,3.364,ARG, ,CA,35.31,2.93,1.0,<Residue ARG het=  resseq=28 icode= >,1fip_A_A,1.9
17,0.0,ARG, ,C,34.48,3.50,1.0,<Residue ARG het=  resseq=28 icode= >,1fip_A_A,1.9
18,0.448,ARG, ,O,30.98,3.87,1.0,<Residue ARG het=  resseq=28 icode= >,1fip_A_A,1.9
19,6.952,ARG, ,CB,37.71,2.33,1.0,<Residue ARG het=  resseq=28 icode= >,1fip_A_A,1.9
20,25.309,ARG, ,CG,51.59,1.35,1.0,<Residue ARG het=  resseq=28 icode= >,1fip_A_A,1.9
21,32.803,ARG, ,CD,69.02,0.59,1.0,<Residue ARG het=  resseq=28 icode= >,1fip_A_A,1.9
22,16.349,ARG, ,NE,82.66,0.96,1.0,<Residue ARG het=  resseq=28 icode= >,1fip_A_A,1.9
23,5.419,ARG, ,CZ,92.07,0.52,1.0,<Residue ARG het=  resseq=28 icode= >,1fip_A_A,1.9
24,16.994,ARG, ,NH1,89.96,0.61,1.0,<Residue ARG het=  resseq=28 icode= >,1fip_A_A,1.9
25,31.644,ARG, ,NH2,97.97,-0.42,1.0,<Residue ARG het=  resseq=28 icode= >,1fip_A_A,1.9
26,0.0,ASP, ,N,31.07,3.62,1.0,<Residue ASP het=  resseq=29 icode= >,1fip_A_A,1.9
27,0.449,ASP, ,CA,33.3,3.36,1.0,<Residue ASP het=  resseq=29 icode= >,1fip_A_A,1.9
28,1.426,ASP, ,C,40.18,2.96,1.0,<Residue ASP het=  resseq=29 icode= >,1fip_A_A,1.9
29,4.509,ASP, ,O,39.98,3.03,1.0,<Residue ASP het=  resseq=29 icode= >,1fip_A_A,1.9
30,22.901,ASP, ,CB,36.95,2.57,1.0,<Residue ASP het=  resseq=29 icode= >,1fip_A_A,1.9
31,8.859,ASP, ,CG,52.95,2.57,1.0,<Residue ASP het=  resseq=29 icode= >,1fip_A_A,1.9
32,7.535,ASP, ,OD1,57.06,2.32,1.0,<Residue ASP het=  resseq=29 icode= >,1fip_A_A,1.9
33,20.416,ASP, ,OD2,65.83,1.30,1.0,<Residue ASP het=  resseq=29 icode= >,1fip_A_A,1.9
34,0.0,SER, ,N,36.03,3.21,1.0,<Residue SER het=  resseq=30 icode= >,1fip_A_A,1.9
35,4.431,SER, ,CA,30.53,3.44,1.0,<Residue SER het=  resseq=30 icode= >,1fip_A_A,1.9
36,1.067,SER, ,C,23.65,4.80,1.0,<Residue SER het=  resseq=30 icode= >,1fip_A_A,1.9
37,3.94,SER, ,O,27.48,3.92,1.0,<Residue SER het=  resseq=30 icode= >,1fip_A_A,1.9
38,22.292,SER, ,CB,36.55,2.11,1.0,<Residue SER het=  resseq=30 icode= >,1fip_A_A,1.9
39,34.292,SER, ,OG,35.65,2.89,1.0,<Residue SER het=  resseq=30 icode= >,1fip_A_A,1.9
40,0.023,VAL, ,N,19.93,4.30,1.0,<Residue VAL het=  resseq=31 icode= >,1fip_A_A,1.9
41,2.825,VAL, ,CA,22.25,3.47,1.0,<Residue VAL het=  resseq=31 icode= >,1fip_A_A,1.9
42,0.0,VAL, ,C,27.45,4.03,1.0,<Residue VAL het=  resseq=31 icode= >,1fip_A_A,1.9
43,0.019,VAL, ,O,24.42,4.12,1.0,<Residue VAL het=  resseq=31 icode= >,1fip_A_A,1.9
44,8.607,VAL, ,CB,25.41,2.95,1.0,<Residue VAL het=  resseq=31 icode= >,1fip_A_A,1.9
45,18.908,VAL, ,CG1,29.46,2.27,1.0,<Residue VAL het=  resseq=31 icode= >,1fip_A_A,1.9
46,22.938,VAL, ,CG2,21.57,2.77,1.0,<Residue VAL het=  resseq=31 icode= >,1fip_A_A,1.9
47,0.0,LYS, ,N,26.42,3.57,1.0,<Residue LYS het=  resseq=32 icode= >,1fip_A_A,1.9
48,1.916,LYS, ,CA,29.32,2.74,1.0,<Residue LYS het=  resseq=32 icode= >,1fip_A_A,1.9
49,0.0,LYS, ,C,22.91,4.84,1.0,<Residue LYS het=  resseq=32 icode= >,1fip_A_A,1.9
50,1.791,LYS, ,O,23.51,4.00,1.0,<Residue LYS het=  resseq=32 icode= >,1fip_A_A,1.9
51,5.345,LYS, ,CB,24.82,2.72,1.0,<Residue LYS het=  resseq=32 icode= >,1fip_A_A,1.9
52,10.167,LYS, ,CG,33.58,2.19,1.0,<Residue LYS het=  resseq=32 icode= >,1fip_A_A,1.9
53,25.629,LYS, ,CD,41.25,1.98,1.0,<Residue LYS het=  resseq=32 icode= >,1fip_A_A,1.9
54,15.468,LYS, ,CE,52.31,1.07,1.0,<Residue LYS het=  resseq=32 icode= >,1fip_A_A,1.9
55,43.677,LYS, ,NZ,68.43,0.43,1.0,<Residue LYS het=  resseq=32 icode= >,1fip_A_A,1.9
56,0.264,GLN, ,N,22.53,3.72,1.0,<Residue GLN het=  resseq=33 icode= >,1fip_A_A,1.9
57,0.0,GLN, ,CA,27.22,2.88,1.0,<Residue GLN het=  resseq=33 icode= >,1fip_A_A,1.9
58,0.0,GLN, ,C,23.43,4.63,1.0,<Residue GLN het=  resseq=33 icode= >,1fip_A_A,1.9
59,0.0,GLN, ,O,23.49,4.97,1.0,<Residue GLN het=  resseq=33 icode= >,1fip_A_A,1.9
60,10.123,GLN, ,CB,30.64,2.43,1.0,<Residue GLN het=  resseq=33 icode= >,1fip_A_A,1.9
61,25.911,GLN, ,CG,61.63,0.83,1.0,<Residue GLN het=  resseq=33 icode= >,1fip_A_A,1.9
62,5.888,GLN, ,CD,69.4,0.99,1.0,<Residue GLN het=  resseq=33 icode= >,1fip_A_A,1.9
63,9.518,GLN, ,OE1,66.03,1.04,1.0,<Residue GLN het=  resseq=33 icode= >,1fip_A_A,1.9
64,41.658,GLN, ,NE2,71.77,1.19,1.0,<Residue GLN het=  resseq=33 icode= >,1fip_A_A,1.9
65,0.818,ALA, ,N,21.4,4.35,1.0,<Residue ALA het=  resseq=34 icode= >,1fip_A_A,1.9
66,9.598,ALA, ,CA,21.61,3.85,1.0,<Residue ALA het=  resseq=34 icode= >,1fip_A_A,1.9
67,0.377,ALA, ,C,24.63,4.73,1.0,<Residue ALA het=  resseq=34 icode= >,1fip_A_A,1.9
68,6.119,ALA, ,O,25.4,4.37,1.0,<Residue ALA het=  resseq=34 icode= >,1fip_A_A,1.9
69,46.285,ALA, ,CB,23.81,2.44,1.0,<Residue ALA het=  resseq=34 icode= >,1fip_A_A,1.9
70,0.0,LEU, ,N,25.2,3.98,1.0,<Residue LEU het=  resseq=35 icode= >,1fip_A_A,1.9
71,0.0,LEU, ,CA,22.38,3.82,1.0,<Residue LEU het=  resseq=35 icode= >,1fip_A_A,1.9
72,0.0,LEU, ,C,22.24,4.58,1.0,<Residue LEU het=  resseq=35 icode= >,1fip_A_A,1.9
73,0.0,LEU, ,O,24.62,4.42,1.0,<Residue LEU het=  resseq=35 icode= >,1fip_A_A,1.9
74,3.602,LEU, ,CB,24.41,3.52,1.0,<Residue LEU het=  resseq=35 icode= >,1fip_A_A,1.9
75,1.514,LEU, ,CG,32.9,2.80,1.0,<Residue LEU het=  resseq=35 icode= >,1fip_A_A,1.9
76,31.759,LEU, ,CD1,34.61,1.78,1.0,<Residue LEU het=  resseq=35 icode= >,1fip_A_A,1.9
77,6.245,LEU, ,CD2,28.56,1.82,1.0,<Residue LEU het=  resseq=35 icode= >,1fip_A_A,1.9
78,0.792,LYS, ,N,26.42,3.32,1.0,<Residue LYS het=  resseq=36 icode= >,1fip_A_A,1.9
79,4.619,LYS, ,CA,23.35,3.81,1.0,<Residue LYS het=  resseq=36 icode= >,1fip_A_A,1.9
80,0.85,LYS, ,C,29.28,4.15,1.0,<Residue LYS het=  resseq=36 icode= >,1fip_A_A,1.9
81,4.621,LYS, ,O,28.71,4.11,1.0,<Residue LYS het=  resseq=36 icode= >,1fip_A_A,1.9
82,9.058,LYS, ,CB,27.04,2.66,1.0,<Residue LYS het=  resseq=36 icode= >,1fip_A_A,1.9
83,16.277,LYS, ,CG,39.75,1.67,1.0,<Residue LYS het=  resseq=36 icode= >,1fip_A_A,1.9
84,12.881,LYS, ,CD,55.17,0.71,1.0,<Residue LYS het=  resseq=36 icode= >,1fip_A_A,1.9
85,44.487,LYS, ,CE,68.16,0.66,1.0,<Residue LYS het=  resseq=36 icode= >,1fip_A_A,1.9
86,24.199,LYS, ,NZ,76.58,0.25,1.0,<Residue LYS het=  resseq=36 icode= >,1fip_A_A,1.9
87,0.0,ASN, ,N,28.69,3.96,1.0,<Residue ASN het=  resseq=37 icode= >,1fip_A_A,1.9
88,1.714,ASN, ,CA,23.81,3.68,1.0,<Residue ASN het=  resseq=37 icode= >,1fip_A_A,1.9
89,0.978,ASN, ,C,23.07,4.06,1.0,<Residue ASN het=  resseq=37 icode= >,1fip_A_A,1.9
90,0.0,ASN, ,O,24.26,4.03,1.0,<Residue ASN het=  resseq=37 icode= >,1fip_A_A,1.9
91,20.733,ASN, ,CB,24.64,3.33,1.0,<Residue ASN het=  resseq=37 icode= >,1fip_A_A,1.9
92,5.029,ASN, ,CG,27.75,3.85,1.0,<Residue ASN het=  resseq=37 icode= >,1fip_A_A,1.9
93,30.627,ASN, ,OD1,42.88,2.74,1.0,<Residue ASN het=  resseq=37 icode= >,1fip_A_A,1.9
94,17.098,ASN, ,ND2,50.58,1.33,1.0,<Residue ASN het=  resseq=37 icode= >,1fip_A_A,1.9
95,0.472,TYR, ,N,21.34,4.10,1.0,<Residue TYR het=  resseq=38 icode= >,1fip_A_A,1.9
96,3.191,TYR, ,CA,18.99,3.97,1.0,<Residue TYR het=  resseq=38 icode= >,1fip_A_A,1.9
97,0.0,TYR, ,C,22.7,4.95,1.0,<Residue TYR het=  resseq=38 icode= >,1fip_A_A,1.9
98,0.0,TYR, ,O,27.44,3.60,1.0,<Residue TYR het=  resseq=38 icode= >,1fip_A_A,1.9
99,7.654,TYR, ,CB,19.82,2.97,1.0,<Residue TYR het=  resseq=38 icode= >,1fip_A_A,1.9
100,2.074,TYR, ,CG,18.98,3.88,1.0,<Residue TYR het=  resseq=38 icode= >,1fip_A_A,1.9
101,17.123,TYR, ,CD1,33.47,2.41,1.0,<Residue TYR het=  resseq=38 icode= >,1fip_A_A,1.9
102,0.848,TYR, ,CD2,22.46,3.20,1.0,<Residue TYR het=  resseq=38 icode= >,1fip_A_A,1.9
103,23.265,TYR, ,CE1,37.17,2.30,1.0,<Residue TYR het=  resseq=38 icode= >,1fip_A_A,1.9
104,0.106,TYR, ,CE2,27.59,2.90,1.0,<Residue TYR het=  resseq=38 icode= >,1fip_A_A,1.9
105,0.0,TYR, ,CZ,38.51,2.94,1.0,<Residue TYR het=  resseq=38 icode= >,1fip_A_A,1.9
106,14.729,TYR, ,OH,46.65,1.99,1.0,<Residue TYR het=  resseq=38 icode= >,1fip_A_A,1.9
107,0.0,PHE, ,N,25.99,4.04,1.0,<Residue PHE het=  resseq=39 icode= >,1fip_A_A,1.9
108,0.0,PHE, ,CA,19.96,3.71,1.0,<Residue PHE het=  resseq=39 icode= >,1fip_A_A,1.9
109,1.33,PHE, ,C,22.71,4.48,1.0,<Residue PHE het=  resseq=39 icode= >,1fip_A_A,1.9
110,11.078,PHE, ,O,27.81,3.69,1.0,<Residue PHE het=  resseq=39 icode= >,1fip_A_A,1.9
111,18.422,PHE, ,CB,19.31,3.15,1.0,<Residue PHE het=  resseq=39 icode= >,1fip_A_A,1.9
112,2.08,PHE, ,CG,23.89,3.43,1.0,<Residue PHE het=  resseq=39 icode= >,1fip_A_A,1.9
113,2.627,PHE, ,CD1,31.03,2.31,1.0,<Residue PHE het=  resseq=39 icode= >,1fip_A_A,1.9
114,16.879,PHE, ,CD2,23.52,2.95,1.0,<Residue PHE het=  resseq=39 icode= >,1fip_A_A,1.9
115,9.954,PHE, ,CE1,28.91,2.84,1.0,<Residue PHE het=  resseq=39 icode= >,1fip_A_A,1.9
116,26.488,PHE, ,CE2,27.28,2.96,1.0,<Residue PHE het=  resseq=39 icode= >,1fip_A_A,1.9
117,19.305,PHE, ,CZ,22.69,3.40,1.0,<Residue PHE het=  resseq=39 icode= >,1fip_A_A,1.9
118,0.701,ALA, ,N,20.24,4.00,1.0,<Residue ALA het=  resseq=40 icode= >,1fip_A_A,1.9
119,12.739,ALA, ,CA,23.17,3.47,1.0,<Residue ALA het=  resseq=40 icode= >,1fip_A_A,1.9
120,0.205,ALA, ,C,30.46,3.81,1.0,<Residue ALA het=  resseq=40 icode= >,1fip_A_A,1.9
121,24.117,ALA, ,O,37.71,2.63,1.0,<Residue ALA het=  resseq=40 icode= >,1fip_A_A,1.9
122,40.551,ALA, ,CB,23.72,2.21,1.0,<Residue ALA het=  resseq=40 icode= >,1fip_A_A,1.9
123,0.0,GLN, ,N,34.64,3.03,1.0,<Residue GLN het=  resseq=41 icode= >,1fip_A_A,1.9
124,2.608,GLN, ,CA,32.44,3.49,1.0,<Residue GLN het=  resseq=41 icode= >,1fip_A_A,1.9
125,0.0,GLN, ,C,35.05,3.85,1.0,<Residue GLN het=  resseq=41 icode= >,1fip_A_A,1.9
126,8.739,GLN, ,O,42.91,2.71,1.0,<Residue GLN het=  resseq=41 icode= >,1fip_A_A,1.9
127,14.108,GLN, ,CB,41.94,2.15,1.0,<Residue GLN het=  resseq=41 icode= >,1fip_A_A,1.9
128,17.163,GLN, ,CG,50.7,1.55,1.0,<Residue GLN het=  resseq=41 icode= >,1fip_A_A,1.9
129,5.656,GLN, ,CD,53.26,2.22,1.0,<Residue GLN het=  resseq=41 icode= >,1fip_A_A,1.9
130,31.258,GLN, ,OE1,59.98,1.27,1.0,<Residue GLN het=  resseq=41 icode= >,1fip_A_A,1.9
131,32.562,GLN, ,NE2,60.12,1.12,1.0,<Residue GLN het=  resseq=41 icode= >,1fip_A_A,1.9
132,0.0,LEU, ,N,43.87,2.74,1.0,<Residue LEU het=  resseq=42 icode= >,1fip_A_A,1.9
133,0.0,LEU, ,CA,49.56,2.26,1.0,<Residue LEU het=  resseq=42 icode= >,1fip_A_A,1.9
134,0.094,LEU, ,C,64.5,1.60,1.0,<Residue LEU het=  resseq=42 icode= >,1fip_A_A,1.9
135,16.763,LEU, ,O,64.01,1.07,1.0,<Residue LEU het=  resseq=42 icode= >,1fip_A_A,1.9
136,9.094,LEU, ,CB,34.35,2.67,1.0,<Residue LEU het=  resseq=42 icode= >,1fip_A_A,1.9
137,0.0,LEU, ,CG,40.25,2.55,1.0,<Residue LEU het=  resseq=42 icode= >,1fip_A_A,1.9
138,0.964,LEU, ,CD1,43.79,1.18,1.0,<Residue LEU het=  resseq=42 icode= >,1fip_A_A,1.9
139,19.659,LEU, ,CD2,35.47,1.65,1.0,<Residue LEU het=  resseq=42 icode= >,1fip_A_A,1.9
140,0.0,ASN, ,N,73.14,1.15,1.0,<Residue ASN het=  resseq=43 icode= >,1fip_A_A,1.9
141,6.645,ASN, ,CA,84.64,0.82,1.0,<Residue ASN het=  resseq=43 icode= >,1fip_A_A,1.9
142,3.555,ASN, ,C,88.07,1.49,1.0,<Residue ASN het=  resseq=43 icode= >,1fip_A_A,1.9
143,17.96,ASN, ,O,88.62,1.17,1.0,<Residue ASN het=  resseq=43 icode= >,1fip_A_A,1.9
144,26.144,ASN, ,CB,88.05,0.13,1.0,<Residue ASN het=  resseq=43 icode= >,1fip_A_A,1.9
145,10.275,ASN, ,CG,91.59,0.92,1.0,<Residue ASN het=  resseq=43 icode= >,1fip_A_A,1.9
146,41.139,ASN, ,OD1,95.21,0.65,1.0,<Residue ASN het=  resseq=43 icode= >,1fip_A_A,1.9
147,21.848,ASN, ,ND2,85.6,0.82,1.0,<Residue ASN het=  resseq=43 icode= >,1fip_A_A,1.9
148,13.999,GLY, ,N,92.07,1.06,1.0,<Residue GLY het=  resseq=44 icode= >,1fip_A_A,1.9
149,42.633,GLY, ,CA,94.81,0.88,1.0,<Residue GLY het=  resseq=44 icode= >,1fip_A_A,1.9
150,4.981,GLY, ,C,95.57,0.69,1.0,<Residue GLY het=  resseq=44 icode= >,1fip_A_A,1.9
151,26.324,GLY, ,O,97.98,0.62,1.0,<Residue GLY het=  resseq=44 icode= >,1fip_A_A,1.9
152,0.012,GLN, ,N,92.05,1.11,1.0,<Residue GLN het=  resseq=45 icode= >,1fip_A_A,1.9
153,10.754,GLN, ,CA,82.38,1.63,1.0,<Residue GLN het=  resseq=45 icode= >,1fip_A_A,1.9
154,0.633,GLN, ,C,78.46,2.14,1.0,<Residue GLN het=  resseq=45 icode= >,1fip_A_A,1.9
155,6.219,GLN, ,O,80.95,1.16,1.0,<Residue GLN het=  resseq=45 icode= >,1fip_A_A,1.9
156,1.378,GLN, ,CB,84.14,0.99,1.0,<Residue GLN het=  resseq=45 icode= >,1fip_A_A,1.9
157,22.339,GLN, ,CG,92.17,0.62,1.0,<Residue GLN het=  resseq=45 icode= >,1fip_A_A,1.9
158,5.944,GLN, ,CD,95.06,1.27,1.0,<Residue GLN het=  resseq=45 icode= >,1fip_A_A,1.9
159,23.542,GLN, ,OE1,98.65,0.68,1.0,<Residue GLN het=  resseq=45 icode= >,1fip_A_A,1.9
160,44.142,GLN, ,NE2,95.26,0.59,1.0,<Residue GLN het=  resseq=45 icode= >,1fip_A_A,1.9
161,5.669,ASP, ,N,76.05,1.71,1.0,<Residue ASP het=  resseq=46 icode= >,1fip_A_A,1.9
162,3.097,ASP, ,CA,73.6,1.55,1.0,<Residue ASP het=  resseq=46 icode= >,1fip_A_A,1.9
163,1.596,ASP, ,C,66.01,2.20,1.0,<Residue ASP het=  resseq=46 icode= >,1fip_A_A,1.9
164,15.045,ASP, ,O,67.89,1.19,1.0,<Residue ASP het=  resseq=46 icode= >,1fip_A_A,1.9
165,21.954,ASP, ,CB,81.51,1.16,1.0,<Residue ASP het=  resseq=46 icode= >,1fip_A_A,1.9
166,9.391,ASP, ,CG,89.55,1.44,1.0,<Residue ASP het=  resseq=46 icode= >,1fip_A_A,1.9
167,38.265,ASP, ,OD1,94.21,0.70,1.0,<Residue ASP het=  resseq=46 icode= >,1fip_A_A,1.9
168,38.528,ASP, ,OD2,91.43,0.96,1.0,<Residue ASP het=  resseq=46 icode= >,1fip_A_A,1.9
169,1.863,VAL, ,N,53.52,2.07,1.0,<Residue VAL het=  resseq=47 icode= >,1fip_A_A,1.9
170,4.23,VAL, ,CA,34.09,3.86,1.0,<Residue VAL het=  resseq=47 icode= >,1fip_A_A,1.9
171,0.201,VAL, ,C,27.07,4.77,1.0,<Residue VAL het=  resseq=47 icode= >,1fip_A_A,1.9
172,23.428,VAL, ,O,30.6,3.81,1.0,<Residue VAL het=  resseq=47 icode= >,1fip_A_A,1.9
173,9.061,VAL, ,CB,33.37,2.88,1.0,<Residue VAL het=  resseq=47 icode= >,1fip_A_A,1.9
174,1.799,VAL, ,CG1,38.91,1.49,1.0,<Residue VAL het=  resseq=47 icode= >,1fip_A_A,1.9
175,4.514,VAL, ,CG2,41.69,1.12,1.0,<Residue VAL het=  resseq=47 icode= >,1fip_A_A,1.9
176,0.087,ASN, ,N,17.74,4.59,1.0,<Residue ASN het=  resseq=48 icode= >,1fip_A_A,1.9
177,9.513,ASN, ,CA,14.97,4.10,1.0,<Residue ASN het=  resseq=48 icode= >,1fip_A_A,1.9
178,3.509,ASN, ,C,15.76,4.70,1.0,<Residue ASN het=  resseq=48 icode= >,1fip_A_A,1.9
179,24.579,ASN, ,O,25.01,3.96,1.0,<Residue ASN het=  resseq=48 icode= >,1fip_A_A,1.9
180,29.325,ASN, ,CB,25.43,2.61,1.0,<Residue ASN het=  resseq=48 icode= >,1fip_A_A,1.9
181,4.659,ASN, ,CG,40.75,2.77,1.0,<Residue ASN het=  resseq=48 icode= >,1fip_A_A,1.9
182,20.768,ASN, ,OD1,51.12,2.12,1.0,<Residue ASN het=  resseq=48 icode= >,1fip_A_A,1.9
183,56.165,ASN, ,ND2,50.56,1.09,1.0,<Residue ASN het=  resseq=48 icode= >,1fip_A_A,1.9
184,0.0,ASP, ,N,19.05,4.70,1.0,<Residue ASP het=  resseq=49 icode= >,1fip_A_A,1.9
185,9.284,ASP, ,CA,16.37,4.30,1.0,<Residue ASP het=  resseq=49 icode= >,1fip_A_A,1.9
186,0.255,ASP, ,C,16.98,5.33,1.0,<Residue ASP het=  resseq=49 icode= >,1fip_A_A,1.9
187,0.0,ASP, ,O,20.2,5.40,1.0,<Residue ASP het=  resseq=49 icode= >,1fip_A_A,1.9
188,21.741,ASP, ,CB,18.48,3.04,1.0,<Residue ASP het=  resseq=49 icode= >,1fip_A_A,1.9
189,4.842,ASP, ,CG,23.66,4.49,1.0,<Residue ASP het=  resseq=49 icode= >,1fip_A_A,1.9
190,7.954,ASP, ,OD1,25.11,4.59,1.0,<Residue ASP het=  resseq=49 icode= >,1fip_A_A,1.9
191,33.726,ASP, ,OD2,28.22,3.39,1.0,<Residue ASP het=  resseq=49 icode= >,1fip_A_A,1.9
192,3.994,LEU, ,N,16.12,5.08,1.0,<Residue LEU het=  resseq=50 icode= >,1fip_A_A,1.9
193,0.0,LEU, ,CA,15.47,4.52,1.0,<Residue LEU het=  resseq=50 icode= >,1fip_A_A,1.9
194,0.213,LEU, ,C,18.02,5.00,1.0,<Residue LEU het=  resseq=50 icode= >,1fip_A_A,1.9
195,0.193,LEU, ,O,12.53,6.41,1.0,<Residue LEU het=  resseq=50 icode= >,1fip_A_A,1.9
196,12.433,LEU, ,CB,15.47,4.16,1.0,<Residue LEU het=  resseq=50 icode= >,1fip_A_A,1.9
197,2.614,LEU, ,CG,22.48,2.96,1.0,<Residue LEU het=  resseq=50 icode= >,1fip_A_A,1.9
198,1.051,LEU, ,CD1,19.32,2.75,1.0,<Residue LEU het=  resseq=50 icode= >,1fip_A_A,1.9
199,33.088,LEU, ,CD2,24.07,2.44,1.0,<Residue LEU het=  resseq=50 icode= >,1fip_A_A,1.9
200,5.565,TYR, ,N,15.75,5.03,1.0,<Residue TYR het=  resseq=51 icode= >,1fip_A_A,1.9
201,5.371,TYR, ,CA,15.12,4.93,1.0,<Residue TYR het=  resseq=51 icode= >,1fip_A_A,1.9
202,0.0,TYR, ,C,16.95,5.33,1.0,<Residue TYR het=  resseq=51 icode= >,1fip_A_A,1.9
203,0.359,TYR, ,O,20.46,4.79,1.0,<Residue TYR het=  resseq=51 icode= >,1fip_A_A,1.9
204,28.124,TYR, ,CB,12.54,4.83,1.0,<Residue TYR het=  resseq=51 icode= >,1fip_A_A,1.9
205,2.049,TYR, ,CG,12.12,5.90,1.0,<Residue TYR het=  resseq=51 icode= >,1fip_A_A,1.9
206,24.156,TYR, ,CD1,18.96,4.27,1.0,<Residue TYR het=  resseq=51 icode= >,1fip_A_A,1.9
207,13.211,TYR, ,CD2,17.98,3.99,1.0,<Residue TYR het=  resseq=51 icode= >,1fip_A_A,1.9
208,30.02,TYR, ,CE1,25.12,3.37,1.0,<Residue TYR het=  resseq=51 icode= >,1fip_A_A,1.9
209,18.625,TYR, ,CE2,26.53,3.35,1.0,<Residue TYR het=  resseq=51 icode= >,1fip_A_A,1.9
210,5.306,TYR, ,CZ,26.23,3.80,1.0,<Residue TYR het=  resseq=51 icode= >,1fip_A_A,1.9
211,33.32,TYR, ,OH,30.24,3.31,1.0,<Residue TYR het=  resseq=51 icode= >,1fip_A_A,1.9
212,0.809,GLU, ,N,20.83,4.85,1.0,<Residue GLU het=  resseq=52 icode= >,1fip_A_A,1.9
213,0.185,GLU, ,CA,17.91,4.36,1.0,<Residue GLU het=  resseq=52 icode= >,1fip_A_A,1.9
214,0.865,GLU, ,C,18.15,5.34,1.0,<Residue GLU het=  resseq=52 icode= >,1fip_A_A,1.9
215,0.58,GLU, ,O,22.56,4.80,1.0,<Residue GLU het=  resseq=52 icode= >,1fip_A_A,1.9
216,11.149,GLU, ,CB,19.05,3.19,1.0,<Residue GLU het=  resseq=52 icode= >,1fip_A_A,1.9
217,24.094,GLU, ,CG,39.91,1.92,1.0,<Residue GLU het=  resseq=52 icode= >,1fip_A_A,1.9
218,8.58,GLU, ,CD,53.74,2.62,1.0,<Residue GLU het=  resseq=52 icode= >,1fip_A_A,1.9
219,20.299,GLU, ,OE1,48.52,1.89,1.0,<Residue GLU het=  resseq=52 icode= >,1fip_A_A,1.9
220,34.656,GLU, ,OE2,69.17,1.01,1.0,<Residue GLU het=  resseq=52 icode= >,1fip_A_A,1.9
221,0.49,LEU, ,N,15.13,5.32,1.0,<Residue LEU het=  resseq=53 icode= >,1fip_A_A,1.9
222,6.017,LEU, ,CA,12.77,4.46,1.0,<Residue LEU het=  resseq=53 icode= >,1fip_A_A,1.9
223,0.0,LEU, ,C,18.55,5.46,1.0,<Residue LEU het=  resseq=53 icode= >,1fip_A_A,1.9
224,1.728,LEU, ,O,22.62,5.38,1.0,<Residue LEU het=  resseq=53 icode= >,1fip_A_A,1.9
225,0.91,LEU, ,CB,13.06,4.36,1.0,<Residue LEU het=  resseq=53 icode= >,1fip_A_A,1.9
226,4.169,LEU, ,CG,24.83,3.72,1.0,<Residue LEU het=  resseq=53 icode= >,1fip_A_A,1.9
227,54.244,LEU, ,CD1,34.83,1.78,1.0,<Residue LEU het=  resseq=53 icode= >,1fip_A_A,1.9
228,13.501,LEU, ,CD2,31.48,2.05,1.0,<Residue LEU het=  resseq=53 icode= >,1fip_A_A,1.9
229,0.0,VAL, ,N,20.08,4.63,1.0,<Residue VAL het=  resseq=54 icode= >,1fip_A_A,1.9
230,2.704,VAL, ,CA,22.16,3.43,1.0,<Residue VAL het=  resseq=54 icode= >,1fip_A_A,1.9
231,0.0,VAL, ,C,14.16,5.84,1.0,<Residue VAL het=  resseq=54 icode= >,1fip_A_A,1.9
232,0.0,VAL, ,O,18.34,5.29,1.0,<Residue VAL het=  resseq=54 icode= >,1fip_A_A,1.9
233,3.354,VAL, ,CB,26.6,2.62,1.0,<Residue VAL het=  resseq=54 icode= >,1fip_A_A,1.9
234,29.038,VAL, ,CG1,21.49,2.80,1.0,<Residue VAL het=  resseq=54 icode= >,1fip_A_A,1.9
235,14.921,VAL, ,CG2,23.33,2.42,1.0,<Residue VAL het=  resseq=54 icode= >,1fip_A_A,1.9
236,0.379,LEU, ,N,16.36,4.73,1.0,<Residue LEU het=  resseq=55 icode= >,1fip_A_A,1.9
237,0.751,LEU, ,CA,17.25,4.40,1.0,<Residue LEU het=  resseq=55 icode= >,1fip_A_A,1.9
238,0.0,LEU, ,C,25.86,4.49,1.0,<Residue LEU het=  resseq=55 icode= >,1fip_A_A,1.9
239,0.0,LEU, ,O,23.1,4.74,1.0,<Residue LEU het=  resseq=55 icode= >,1fip_A_A,1.9
240,0.266,LEU, ,CB,14.89,3.77,1.0,<Residue LEU het=  resseq=55 icode= >,1fip_A_A,1.9
241,0.0,LEU, ,CG,33.12,2.02,1.0,<Residue LEU het=  resseq=55 icode= >,1fip_A_A,1.9
242,32.503,LEU, ,CD1,34.52,1.52,1.0,<Residue LEU het=  resseq=55 icode= >,1fip_A_A,1.9
243,21.988,LEU, ,CD2,39.45,0.75,1.0,<Residue LEU het=  resseq=55 icode= >,1fip_A_A,1.9
244,0.0,ALA, ,N,19.79,5.30,1.0,<Residue ALA het=  resseq=56 icode= >,1fip_A_A,1.9
245,0.0,ALA, ,CA,22.43,3.45,1.0,<Residue ALA het=  resseq=56 icode= >,1fip_A_A,1.9
246,0.0,ALA, ,C,23.1,4.50,1.0,<Residue ALA het=  resseq=56 icode= >,1fip_A_A,1.9
247,0.0,ALA, ,O,22.09,4.43,1.0,<Residue ALA het=  resseq=56 icode= >,1fip_A_A,1.9
248,27.341,ALA, ,CB,19.18,2.71,1.0,<Residue ALA het=  resseq=56 icode= >,1fip_A_A,1.9
249,0.274,GLU, ,N,18.75,4.79,1.0,<Residue GLU het=  resseq=57 icode= >,1fip_A_A,1.9
250,0.725,GLU, ,CA,21.59,3.38,1.0,<Residue GLU het=  resseq=57 icode= >,1fip_A_A,1.9
251,0.233,GLU, ,C,27.0,4.11,1.0,<Residue GLU het=  resseq=57 icode= >,1fip_A_A,1.9
252,5.141,GLU, ,O,23.53,4.07,1.0,<Residue GLU het=  resseq=57 icode= >,1fip_A_A,1.9
253,4.85,GLU, ,CB,18.49,3.74,1.0,<Residue GLU het=  resseq=57 icode= >,1fip_A_A,1.9
254,27.392,GLU, ,CG,30.76,2.28,1.0,<Residue GLU het=  resseq=57 icode= >,1fip_A_A,1.9
255,13.186,GLU, ,CD,43.25,2.62,1.0,<Residue GLU het=  resseq=57 icode= >,1fip_A_A,1.9
256,31.538,GLU, ,OE1,41.92,2.44,1.0,<Residue GLU het=  resseq=57 icode= >,1fip_A_A,1.9
257,40.522,GLU, ,OE2,39.31,2.55,1.0,<Residue GLU het=  resseq=57 icode= >,1fip_A_A,1.9
258,0.0,VAL, ,N,22.94,4.87,1.0,<Residue VAL het=  resseq=58 icode= >,1fip_A_A,1.9
259,2.368,VAL, ,CA,21.7,3.86,1.0,<Residue VAL het=  resseq=58 icode= >,1fip_A_A,1.9
260,0.0,VAL, ,C,20.22,4.62,1.0,<Residue VAL het=  resseq=58 icode= >,1fip_A_A,1.9
261,0.818,VAL, ,O,22.75,4.85,1.0,<Residue VAL het=  resseq=58 icode= >,1fip_A_A,1.9
262,0.932,VAL, ,CB,21.47,3.65,1.0,<Residue VAL het=  resseq=58 icode= >,1fip_A_A,1.9
263,41.269,VAL, ,CG1,28.4,1.77,1.0,<Residue VAL het=  resseq=58 icode= >,1fip_A_A,1.9
264,29.643,VAL, ,CG2,22.15,2.65,1.0,<Residue VAL het=  resseq=58 icode= >,1fip_A_A,1.9
265,0.0,GLU, ,N,17.7,5.07,1.0,<Residue GLU het=  resseq=59 icode= >,1fip_A_A,1.9
266,0.207,GLU, ,CA,20.11,4.22,1.0,<Residue GLU het=  resseq=59 icode= >,1fip_A_A,1.9
267,0.0,GLU, ,C,23.82,5.39,1.0,<Residue GLU het=  resseq=59 icode= >,1fip_A_A,1.9
268,0.0,GLU, ,O,21.76,5.13,1.0,<Residue GLU het=  resseq=59 icode= >,1fip_A_A,1.9
269,0.099,GLU, ,CB,17.1,4.26,1.0,<Residue GLU het=  resseq=59 icode= >,1fip_A_A,1.9
270,10.995,GLU, ,CG,21.17,3.33,1.0,<Residue GLU het=  resseq=59 icode= >,1fip_A_A,1.9
271,0.159,GLU, ,CD,24.73,4.69,1.0,<Residue GLU het=  resseq=59 icode= >,1fip_A_A,1.9
272,1.429,GLU, ,OE1,24.62,4.40,1.0,<Residue GLU het=  resseq=59 icode= >,1fip_A_A,1.9
273,10.731,GLU, ,OE2,28.71,4.05,1.0,<Residue GLU het=  resseq=59 icode= >,1fip_A_A,1.9
274,0.0,GLN, ,N,21.1,4.72,1.0,<Residue GLN het=  resseq=60 icode= >,1fip_A_A,1.9
275,0.0,GLN, ,CA,23.98,3.83,1.0,<Residue GLN het=  resseq=60 icode= >,1fip_A_A,1.9
276,0.904,GLN, ,C,24.56,4.35,1.0,<Residue GLN het=  resseq=60 icode= >,1fip_A_A,1.9
277,0.093,GLN, ,O,23.25,4.27,1.0,<Residue GLN het=  resseq=60 icode= >,1fip_A_A,1.9
278,10.48,GLN, ,CB,21.07,3.68,1.0,<Residue GLN het=  resseq=60 icode= >,1fip_A_A,1.9
279,0.0,GLN, ,CG,33.68,1.94,1.0,<Residue GLN het=  resseq=60 icode= >,1fip_A_A,1.9
280,2.782,GLN, ,CD,43.27,2.98,1.0,<Residue GLN het=  resseq=60 icode= >,1fip_A_A,1.9
281,29.224,GLN, ,OE1,54.2,2.28,1.0,<Residue GLN het=  resseq=60 icode= >,1fip_A_A,1.9
282,23.611,GLN, ,NE2,30.88,2.92,1.0,<Residue GLN het=  resseq=60 icode= >,1fip_A_A,1.9
283,0.601,ALA, ,N,22.45,4.29,1.0,<Residue ALA het=  resseq=61 icode= >,1fip_A_A,1.9
284,8.332,ALA, ,CA,20.17,3.93,1.0,<Residue ALA het=  resseq=61 icode= >,1fip_A_A,1.9
285,0.789,ALA, ,C,21.26,4.81,1.0,<Residue ALA het=  resseq=61 icode= >,1fip_A_A,1.9
286,0.058,ALA, ,O,19.96,4.77,1.0,<Residue ALA het=  resseq=61 icode= >,1fip_A_A,1.9
287,46.596,ALA, ,CB,21.93,2.47,1.0,<Residue ALA het=  resseq=61 icode= >,1fip_A_A,1.9
288,0.423,LEU, ,N,18.94,5.12,1.0,<Residue LEU het=  resseq=62 icode= >,1fip_A_A,1.9
289,4.3,LEU, ,CA,23.48,3.44,1.0,<Residue LEU het=  resseq=62 icode= >,1fip_A_A,1.9
290,0.0,LEU, ,C,17.34,5.46,1.0,<Residue LEU het=  resseq=62 icode= >,1fip_A_A,1.9
291,0.0,LEU, ,O,20.91,5.13,1.0,<Residue LEU het=  resseq=62 icode= >,1fip_A_A,1.9
292,4.385,LEU, ,CB,19.45,3.32,1.0,<Residue LEU het=  resseq=62 icode= >,1fip_A_A,1.9
293,0.0,LEU, ,CG,22.84,3.22,1.0,<Residue LEU het=  resseq=62 icode= >,1fip_A_A,1.9
294,36.557,LEU, ,CD1,23.09,2.19,1.0,<Residue LEU het=  resseq=62 icode= >,1fip_A_A,1.9
295,38.722,LEU, ,CD2,26.49,2.45,1.0,<Residue LEU het=  resseq=62 icode= >,1fip_A_A,1.9
296,0.0,LEU, ,N,14.46,5.51,1.0,<Residue LEU het=  resseq=63 icode= >,1fip_A_A,1.9
297,0.192,LEU, ,CA,15.47,4.72,1.0,<Residue LEU het=  resseq=63 icode= >,1fip_A_A,1.9
298,0.265,LEU, ,C,19.55,5.51,1.0,<Residue LEU het=  resseq=63 icode= >,1fip_A_A,1.9
299,0.0,LEU, ,O,21.49,4.96,1.0,<Residue LEU het=  resseq=63 icode= >,1fip_A_A,1.9
300,0.0,LEU, ,CB,13.45,3.82,1.0,<Residue LEU het=  resseq=63 icode= >,1fip_A_A,1.9
301,1.199,LEU, ,CG,15.49,4.35,1.0,<Residue LEU het=  resseq=63 icode= >,1fip_A_A,1.9
302,0.0,LEU, ,CD1,27.13,1.73,1.0,<Residue LEU het=  resseq=63 icode= >,1fip_A_A,1.9
303,0.452,LEU, ,CD2,18.89,2.85,1.0,<Residue LEU het=  resseq=63 icode= >,1fip_A_A,1.9
304,0.0,ASP, ,N,20.3,4.74,1.0,<Residue ASP het=  resseq=64 icode= >,1fip_A_A,1.9
305,3.971,ASP, ,CA,22.32,3.91,1.0,<Residue ASP het=  resseq=64 icode= >,1fip_A_A,1.9
306,0.0,ASP, ,C,23.0,4.90,1.0,<Residue ASP het=  resseq=64 icode= >,1fip_A_A,1.9
307,0.586,ASP, ,O,26.25,4.42,1.0,<Residue ASP het=  resseq=64 icode= >,1fip_A_A,1.9
308,3.224,ASP, ,CB,30.3,2.80,1.0,<Residue ASP het=  resseq=64 icode= >,1fip_A_A,1.9
309,7.569,ASP, ,CG,49.63,2.76,1.0,<Residue ASP het=  resseq=64 icode= >,1fip_A_A,1.9
310,31.121,ASP, ,OD1,60.26,1.92,1.0,<Residue ASP het=  resseq=64 icode= >,1fip_A_A,1.9
311,24.165,ASP, ,OD2,63.82,1.15,1.0,<Residue ASP het=  resseq=64 icode= >,1fip_A_A,1.9
312,0.0,MET, ,N,17.76,5.37,1.0,<Residue MET het=  resseq=65 icode= >,1fip_A_A,1.9
313,0.0,MET, ,CA,17.44,3.98,1.0,<Residue MET het=  resseq=65 icode= >,1fip_A_A,1.9
314,0.899,MET, ,C,20.82,4.90,1.0,<Residue MET het=  resseq=65 icode= >,1fip_A_A,1.9
315,3.689,MET, ,O,20.93,5.46,1.0,<Residue MET het=  resseq=65 icode= >,1fip_A_A,1.9
316,16.967,MET, ,CB,20.61,3.38,1.0,<Residue MET het=  resseq=65 icode= >,1fip_A_A,1.9
317,19.923,MET, ,CG,34.39,2.15,1.0,<Residue MET het=  resseq=65 icode= >,1fip_A_A,1.9
318,34.957,MET, ,SD,41.54,5.05,1.0,<Residue MET het=  resseq=65 icode= >,1fip_A_A,1.9
319,25.758,MET, ,CE,47.28,1.00,1.0,<Residue MET het=  resseq=65 icode= >,1fip_A_A,1.9
320,0.0,VAL, ,N,15.93,5.58,1.0,<Residue VAL het=  resseq=66 icode= >,1fip_A_A,1.9
321,0.527,VAL, ,CA,17.76,4.15,1.0,<Residue VAL het=  resseq=66 icode= >,1fip_A_A,1.9
322,0.0,VAL, ,C,23.01,4.86,1.0,<Residue VAL het=  resseq=66 icode= >,1fip_A_A,1.9
323,0.0,VAL, ,O,20.03,5.39,1.0,<Residue VAL het=  resseq=66 icode= >,1fip_A_A,1.9
324,0.613,VAL, ,CB,20.94,3.63,1.0,<Residue VAL het=  resseq=66 icode= >,1fip_A_A,1.9
325,0.19,VAL, ,CG1,19.65,2.90,1.0,<Residue VAL het=  resseq=66 icode= >,1fip_A_A,1.9
326,19.132,VAL, ,CG2,17.43,2.77,1.0,<Residue VAL het=  resseq=66 icode= >,1fip_A_A,1.9
327,0.0,MET, ,N,21.34,4.76,1.0,<Residue MET het=  resseq=67 icode= >,1fip_A_A,1.9
328,0.0,MET, ,CA,24.9,3.54,1.0,<Residue MET het=  resseq=67 icode= >,1fip_A_A,1.9
329,1.32,MET, ,C,18.66,5.33,1.0,<Residue MET het=  resseq=67 icode= >,1fip_A_A,1.9
330,0.976,MET, ,O,20.76,4.97,1.0,<Residue MET het=  resseq=67 icode= >,1fip_A_A,1.9
331,16.146,MET, ,CB,18.76,3.50,1.0,<Residue MET het=  resseq=67 icode= >,1fip_A_A,1.9
332,5.527,MET, ,CG,14.9,3.74,1.0,<Residue MET het=  resseq=67 icode= >,1fip_A_A,1.9
333,0.084,MET, ,SD,31.88,7.20,1.0,<Residue MET het=  resseq=67 icode= >,1fip_A_A,1.9
334,14.23,MET, ,CE,24.22,2.13,1.0,<Residue MET het=  resseq=67 icode= >,1fip_A_A,1.9
335,0.814,GLN, ,N,16.97,5.41,1.0,<Residue GLN het=  resseq=68 icode= >,1fip_A_A,1.9
336,9.566,GLN, ,CA,23.02,3.03,1.0,<Residue GLN het=  resseq=68 icode= >,1fip_A_A,1.9
337,0.0,GLN, ,C,31.04,3.39,1.0,<Residue GLN het=  resseq=68 icode= >,1fip_A_A,1.9
338,8.765,GLN, ,O,23.03,4.43,1.0,<Residue GLN het=  resseq=68 icode= >,1fip_A_A,1.9
339,5.991,GLN, ,CB,17.2,3.21,1.0,<Residue GLN het=  resseq=68 icode= >,1fip_A_A,1.9
340,21.896,GLN, ,CG,23.92,2.42,1.0,<Residue GLN het=  resseq=68 icode= >,1fip_A_A,1.9
341,5.44,GLN, ,CD,27.53,3.65,1.0,<Residue GLN het=  resseq=68 icode= >,1fip_A_A,1.9
342,24.598,GLN, ,OE1,33.61,2.95,1.0,<Residue GLN het=  resseq=68 icode= >,1fip_A_A,1.9
343,48.725,GLN, ,NE2,38.32,2.06,1.0,<Residue GLN het=  resseq=68 icode= >,1fip_A_A,1.9
344,0.155,TYR, ,N,27.59,3.77,1.0,<Residue TYR het=  resseq=69 icode= >,1fip_A_A,1.9
345,7.344,TYR, ,CA,20.52,3.80,1.0,<Residue TYR het=  resseq=69 icode= >,1fip_A_A,1.9
346,0.0,TYR, ,C,19.39,4.84,1.0,<Residue TYR het=  resseq=69 icode= >,1fip_A_A,1.9
347,19.976,TYR, ,O,23.48,4.43,1.0,<Residue TYR het=  resseq=69 icode= >,1fip_A_A,1.9
348,7.841,TYR, ,CB,25.42,2.85,1.0,<Residue TYR het=  resseq=69 icode= >,1fip_A_A,1.9
349,1.711,TYR, ,CG,23.94,3.87,1.0,<Residue TYR het=  resseq=69 icode= >,1fip_A_A,1.9
350,24.93,TYR, ,CD1,25.55,2.99,1.0,<Residue TYR het=  resseq=69 icode= >,1fip_A_A,1.9
351,2.534,TYR, ,CD2,25.78,2.89,1.0,<Residue TYR het=  resseq=69 icode= >,1fip_A_A,1.9
352,33.944,TYR, ,CE1,32.27,2.64,1.0,<Residue TYR het=  resseq=69 icode= >,1fip_A_A,1.9
353,16.137,TYR, ,CE2,40.67,2.13,1.0,<Residue TYR het=  resseq=69 icode= >,1fip_A_A,1.9
354,10.068,TYR, ,CZ,36.52,2.92,1.0,<Residue TYR het=  resseq=69 icode= >,1fip_A_A,1.9
355,43.481,TYR, ,OH,51.16,1.81,1.0,<Residue TYR het=  resseq=69 icode= >,1fip_A_A,1.9
356,0.0,THR, ,N,16.76,4.65,1.0,<Residue THR het=  resseq=70 icode= >,1fip_A_A,1.9
357,6.934,THR, ,CA,21.04,3.78,1.0,<Residue THR het=  resseq=70 icode= >,1fip_A_A,1.9
358,1.753,THR, ,C,25.43,4.35,1.0,<Residue THR het=  resseq=70 icode= >,1fip_A_A,1.9
359,7.044,THR, ,O,23.0,5.18,1.0,<Residue THR het=  resseq=70 icode= >,1fip_A_A,1.9
360,0.0,THR, ,CB,23.88,3.77,1.0,<Residue THR het=  resseq=70 icode= >,1fip_A_A,1.9
361,0.017,THR, ,OG1,33.55,2.90,1.0,<Residue THR het=  resseq=70 icode= >,1fip_A_A,1.9
362,0.0,THR, ,CG2,11.21,4.32,1.0,<Residue THR het=  resseq=70 icode= >,1fip_A_A,1.9
363,0.0,ARG, ,N,23.14,3.68,1.0,<Residue ARG het=  resseq=71 icode= >,1fip_A_A,1.9
364,7.238,ARG, ,CA,20.76,3.71,1.0,<Residue ARG het=  resseq=71 icode= >,1fip_A_A,1.9
365,4.813,ARG, ,C,22.91,4.88,1.0,<Residue ARG het=  resseq=71 icode= >,1fip_A_A,1.9
366,23.569,ARG, ,O,25.51,4.44,1.0,<Residue ARG het=  resseq=71 icode= >,1fip_A_A,1.9
367,15.024,ARG, ,CB,21.28,3.45,1.0,<Residue ARG het=  resseq=71 icode= >,1fip_A_A,1.9
368,14.482,ARG, ,CG,30.06,2.07,1.0,<Residue ARG het=  resseq=71 icode= >,1fip_A_A,1.9
369,29.046,ARG, ,CD,37.2,2.09,1.0,<Residue ARG het=  resseq=71 icode= >,1fip_A_A,1.9
370,14.288,ARG, ,NE,40.45,3.03,1.0,<Residue ARG het=  resseq=71 icode= >,1fip_A_A,1.9
371,8.568,ARG, ,CZ,49.39,2.54,1.0,<Residue ARG het=  resseq=71 icode= >,1fip_A_A,1.9
372,49.987,ARG, ,NH1,46.85,1.31,1.0,<Residue ARG het=  resseq=71 icode= >,1fip_A_A,1.9
373,59.143,ARG, ,NH2,58.85,1.21,1.0,<Residue ARG het=  resseq=71 icode= >,1fip_A_A,1.9
374,1.117,GLY, ,N,19.59,4.69,1.0,<Residue GLY het=  resseq=72 icode= >,1fip_A_A,1.9
375,18.926,GLY, ,CA,13.17,3.83,1.0,<Residue GLY het=  resseq=72 icode= >,1fip_A_A,1.9
376,3.134,GLY, ,C,15.9,5.03,1.0,<Residue GLY het=  resseq=72 icode= >,1fip_A_A,1.9
377,16.144,GLY, ,O,19.01,5.12,1.0,<Residue GLY het=  resseq=72 icode= >,1fip_A_A,1.9
378,0.111,ASN, ,N,18.23,4.64,1.0,<Residue ASN het=  resseq=73 icode= >,1fip_A_A,1.9
379,8.26,ASN, ,CA,16.42,3.97,1.0,<Residue ASN het=  resseq=73 icode= >,1fip_A_A,1.9
380,0.0,ASN, ,C,18.13,4.99,1.0,<Residue ASN het=  resseq=73 icode= >,1fip_A_A,1.9
381,0.0,ASN, ,O,18.16,5.26,1.0,<Residue ASN het=  resseq=73 icode= >,1fip_A_A,1.9
382,8.609,ASN, ,CB,13.46,3.95,1.0,<Residue ASN het=  resseq=73 icode= >,1fip_A_A,1.9
383,1.848,ASN, ,CG,20.92,4.57,1.0,<Residue ASN het=  resseq=73 icode= >,1fip_A_A,1.9
384,2.522,ASN, ,OD1,17.72,5.28,1.0,<Residue ASN het=  resseq=73 icode= >,1fip_A_A,1.9
385,56.738,ASN, ,ND2,21.99,3.53,1.0,<Residue ASN het=  resseq=73 icode= >,1fip_A_A,1.9
386,5.06,GLN, ,N,12.83,5.56,1.0,<Residue GLN het=  resseq=74 icode= >,1fip_A_A,1.9
387,0.0,GLN, ,CA,18.78,4.12,1.0,<Residue GLN het=  resseq=74 icode= >,1fip_A_A,1.9
388,0.0,GLN, ,C,26.06,4.02,1.0,<Residue GLN het=  resseq=74 icode= >,1fip_A_A,1.9
389,0.0,GLN, ,O,20.78,5.15,1.0,<Residue GLN het=  resseq=74 icode= >,1fip_A_A,1.9
390,1.432,GLN, ,CB,13.78,3.53,1.0,<Residue GLN het=  resseq=74 icode= >,1fip_A_A,1.9
391,1.511,GLN, ,CG,20.9,3.30,1.0,<Residue GLN het=  resseq=74 icode= >,1fip_A_A,1.9
392,4.659,GLN, ,CD,31.14,3.54,1.0,<Residue GLN het=  resseq=74 icode= >,1fip_A_A,1.9
393,0.239,GLN, ,OE1,29.97,3.39,1.0,<Residue GLN het=  resseq=74 icode= >,1fip_A_A,1.9
394,16.438,GLN, ,NE2,49.07,1.73,1.0,<Residue GLN het=  resseq=74 icode= >,1fip_A_A,1.9
395,1.253,THR, ,N,21.61,4.21,1.0,<Residue THR het=  resseq=75 icode= >,1fip_A_A,1.9
396,0.725,THR, ,CA,20.57,3.33,1.0,<Residue THR het=  resseq=75 icode= >,1fip_A_A,1.9
397,0.0,THR, ,C,19.17,4.72,1.0,<Residue THR het=  resseq=75 icode= >,1fip_A_A,1.9
398,0.0,THR, ,O,19.6,4.78,1.0,<Residue THR het=  resseq=75 icode= >,1fip_A_A,1.9
399,8.173,THR, ,CB,18.76,3.49,1.0,<Residue THR het=  resseq=75 icode= >,1fip_A_A,1.9
400,15.003,THR, ,OG1,22.73,3.93,1.0,<Residue THR het=  resseq=75 icode= >,1fip_A_A,1.9
401,44.299,THR, ,CG2,17.13,2.72,1.0,<Residue THR het=  resseq=75 icode= >,1fip_A_A,1.9
402,0.0,ARG, ,N,13.73,5.43,1.0,<Residue ARG het=  resseq=76 icode= >,1fip_A_A,1.9
403,0.0,ARG, ,CA,25.39,3.04,1.0,<Residue ARG het=  resseq=76 icode= >,1fip_A_A,1.9
404,0.0,ARG, ,C,24.7,4.83,1.0,<Residue ARG het=  resseq=76 icode= >,1fip_A_A,1.9
405,0.0,ARG, ,O,18.29,4.75,1.0,<Residue ARG het=  resseq=76 icode= >,1fip_A_A,1.9
406,0.0,ARG, ,CB,34.62,2.08,1.0,<Residue ARG het=  resseq=76 icode= >,1fip_A_A,1.9
407,22.774,ARG, ,CG,44.21,1.78,1.0,<Residue ARG het=  resseq=76 icode= >,1fip_A_A,1.9
408,26.171,ARG, ,CD,78.76,-0.12,1.0,<Residue ARG het=  resseq=76 icode= >,1fip_A_A,1.9
409,1.571,ARG, ,NE,86.18,0.08,1.0,<Residue ARG het=  resseq=76 icode= >,1fip_A_A,1.9
410,5.161,ARG, ,CZ,87.42,0.71,1.0,<Residue ARG het=  resseq=76 icode= >,1fip_A_A,1.9
411,23.842,ARG, ,NH1,86.01,0.05,1.0,<Residue ARG het=  resseq=76 icode= >,1fip_A_A,1.9
412,21.986,ARG, ,NH2,91.94,0.15,1.0,<Residue ARG het=  resseq=76 icode= >,1fip_A_A,1.9
413,0.0,ALA, ,N,21.81,4.50,1.0,<Residue ALA het=  resseq=77 icode= >,1fip_A_A,1.9
414,0.0,ALA, ,CA,24.27,3.22,1.0,<Residue ALA het=  resseq=77 icode= >,1fip_A_A,1.9
415,0.0,ALA, ,C,19.53,5.06,1.0,<Residue ALA het=  resseq=77 icode= >,1fip_A_A,1.9
416,0.0,ALA, ,O,19.94,5.28,1.0,<Residue ALA het=  resseq=77 icode= >,1fip_A_A,1.9
417,0.087,ALA, ,CB,16.26,3.23,1.0,<Residue ALA het=  resseq=77 icode= >,1fip_A_A,1.9
418,0.0,ALA, ,N,10.4,6.00,1.0,<Residue ALA het=  resseq=78 icode= >,1fip_A_A,1.9
419,0.0,ALA, ,CA,15.68,3.94,1.0,<Residue ALA het=  resseq=78 icode= >,1fip_A_A,1.9
420,0.0,ALA, ,C,22.35,4.97,1.0,<Residue ALA het=  resseq=78 icode= >,1fip_A_A,1.9
421,0.047,ALA, ,O,22.78,5.05,1.0,<Residue ALA het=  resseq=78 icode= >,1fip_A_A,1.9
422,2.111,ALA, ,CB,12.87,3.24,1.0,<Residue ALA het=  resseq=78 icode= >,1fip_A_A,1.9
423,0.0,LEU, ,N,18.95,4.88,1.0,<Residue LEU het=  resseq=79 icode= >,1fip_A_A,1.9
424,3.372,LEU, ,CA,19.41,3.73,1.0,<Residue LEU het=  resseq=79 icode= >,1fip_A_A,1.9
425,0.0,LEU, ,C,18.4,5.15,1.0,<Residue LEU het=  resseq=79 icode= >,1fip_A_A,1.9
426,20.412,LEU, ,O,21.45,5.00,1.0,<Residue LEU het=  resseq=79 icode= >,1fip_A_A,1.9
427,2.28,LEU, ,CB,14.32,3.71,1.0,<Residue LEU het=  resseq=79 icode= >,1fip_A_A,1.9
428,14.126,LEU, ,CG,23.75,2.76,1.0,<Residue LEU het=  resseq=79 icode= >,1fip_A_A,1.9
429,49.33,LEU, ,CD1,20.9,2.67,1.0,<Residue LEU het=  resseq=79 icode= >,1fip_A_A,1.9
430,19.334,LEU, ,CD2,24.33,1.97,1.0,<Residue LEU het=  resseq=79 icode= >,1fip_A_A,1.9
431,0.0,MET, ,N,15.04,5.59,1.0,<Residue MET het=  resseq=80 icode= >,1fip_A_A,1.9
432,8.008,MET, ,CA,14.91,4.28,1.0,<Residue MET het=  resseq=80 icode= >,1fip_A_A,1.9
433,0.163,MET, ,C,22.49,4.96,1.0,<Residue MET het=  resseq=80 icode= >,1fip_A_A,1.9
434,28.071,MET, ,O,26.02,3.87,1.0,<Residue MET het=  resseq=80 icode= >,1fip_A_A,1.9
435,8.195,MET, ,CB,19.25,3.66,1.0,<Residue MET het=  resseq=80 icode= >,1fip_A_A,1.9
436,4.433,MET, ,CG,31.66,2.72,1.0,<Residue MET het=  resseq=80 icode= >,1fip_A_A,1.9
437,14.728,MET, ,SD,42.59,4.97,1.0,<Residue MET het=  resseq=80 icode= >,1fip_A_A,1.9
438,22.315,MET, ,CE,49.16,0.90,1.0,<Residue MET het=  resseq=80 icode= >,1fip_A_A,1.9
439,0.0,MET, ,N,17.66,5.73,1.0,<Residue MET het=  resseq=81 icode= >,1fip_A_A,1.9
440,5.697,MET, ,CA,23.9,3.29,1.0,<Residue MET het=  resseq=81 icode= >,1fip_A_A,1.9
441,1.985,MET, ,C,25.85,4.36,1.0,<Residue MET het=  resseq=81 icode= >,1fip_A_A,1.9
442,25.163,MET, ,O,20.19,5.05,1.0,<Residue MET het=  resseq=81 icode= >,1fip_A_A,1.9
443,0.882,MET, ,CB,17.07,3.56,1.0,<Residue MET het=  resseq=81 icode= >,1fip_A_A,1.9
444,5.742,MET, ,CG,21.28,3.26,1.0,<Residue MET het=  resseq=81 icode= >,1fip_A_A,1.9
445,0.019,MET, ,SD,33.27,6.07,1.0,<Residue MET het=  resseq=81 icode= >,1fip_A_A,1.9
446,11.337,MET, ,CE,34.51,1.56,1.0,<Residue MET het=  resseq=81 icode= >,1fip_A_A,1.9
447,0.0,GLY, ,N,19.17,5.28,1.0,<Residue GLY het=  resseq=82 icode= >,1fip_A_A,1.9
448,31.704,GLY, ,CA,21.4,3.51,1.0,<Residue GLY het=  resseq=82 icode= >,1fip_A_A,1.9
449,3.909,GLY, ,C,26.13,4.06,1.0,<Residue GLY het=  resseq=82 icode= >,1fip_A_A,1.9
450,31.776,GLY, ,O,25.78,4.56,1.0,<Residue GLY het=  resseq=82 icode= >,1fip_A_A,1.9
451,0.0,ILE, ,N,29.97,3.53,1.0,<Residue ILE het=  resseq=83 icode= >,1fip_A_A,1.9
452,4.836,ILE, ,CA,24.92,3.53,1.0,<Residue ILE het=  resseq=83 icode= >,1fip_A_A,1.9
453,3.558,ILE, ,C,26.3,4.06,1.0,<Residue ILE het=  resseq=83 icode= >,1fip_A_A,1.9
454,7.199,ILE, ,O,30.53,3.77,1.0,<Residue ILE het=  resseq=83 icode= >,1fip_A_A,1.9
455,0.402,ILE, ,CB,20.89,3.59,1.0,<Residue ILE het=  resseq=83 icode= >,1fip_A_A,1.9
456,0.0,ILE, ,CG1,20.44,3.50,1.0,<Residue ILE het=  resseq=83 icode= >,1fip_A_A,1.9
457,35.669,ILE, ,CG2,22.42,2.47,1.0,<Residue ILE het=  resseq=83 icode= >,1fip_A_A,1.9
458,0.214,ILE, ,CD1,23.81,2.55,1.0,<Residue ILE het=  resseq=83 icode= >,1fip_A_A,1.9
459,4.486,ASN, ,N,23.66,4.08,1.0,<Residue ASN het=  resseq=84 icode= >,1fip_A_A,1.9
460,7.519,ASN, ,CA,30.49,3.14,1.0,<Residue ASN het=  resseq=84 icode= >,1fip_A_A,1.9
461,0.0,ASN, ,C,30.34,4.00,1.0,<Residue ASN het=  resseq=84 icode= >,1fip_A_A,1.9
462,0.0,ASN, ,O,27.88,3.47,1.0,<Residue ASN het=  resseq=84 icode= >,1fip_A_A,1.9
463,14.114,ASN, ,CB,36.69,2.28,1.0,<Residue ASN het=  resseq=84 icode= >,1fip_A_A,1.9
464,6.219,ASN, ,CG,57.86,1.99,1.0,<Residue ASN het=  resseq=84 icode= >,1fip_A_A,1.9
465,14.069,ASN, ,OD1,74.04,0.97,1.0,<Residue ASN het=  resseq=84 icode= >,1fip_A_A,1.9
466,56.059,ASN, ,ND2,70.98,0.80,1.0,<Residue ASN het=  resseq=84 icode= >,1fip_A_A,1.9
467,6.04,ARG, ,N,30.31,3.77,1.0,<Residue ARG het=  resseq=85 icode= >,1fip_A_A,1.9
468,0.0,ARG, ,CA,32.34,2.45,1.0,<Residue ARG het=  resseq=85 icode= >,1fip_A_A,1.9
469,0.013,ARG, ,C,24.97,4.56,1.0,<Residue ARG het=  resseq=85 icode= >,1fip_A_A,1.9
470,0.0,ARG, ,O,25.5,4.42,1.0,<Residue ARG het=  resseq=85 icode= >,1fip_A_A,1.9
471,17.364,ARG, ,CB,27.27,2.77,1.0,<Residue ARG het=  resseq=85 icode= >,1fip_A_A,1.9
472,0.275,ARG, ,CG,26.44,2.87,1.0,<Residue ARG het=  resseq=85 icode= >,1fip_A_A,1.9
473,16.821,ARG, ,CD,25.86,3.15,1.0,<Residue ARG het=  resseq=85 icode= >,1fip_A_A,1.9
474,2.642,ARG, ,NE,25.18,3.90,1.0,<Residue ARG het=  resseq=85 icode= >,1fip_A_A,1.9
475,3.12,ARG, ,CZ,22.0,4.29,1.0,<Residue ARG het=  resseq=85 icode= >,1fip_A_A,1.9
476,30.136,ARG, ,NH1,25.36,2.85,1.0,<Residue ARG het=  resseq=85 icode= >,1fip_A_A,1.9
477,44.881,ARG, ,NH2,28.54,3.00,1.0,<Residue ARG het=  resseq=85 icode= >,1fip_A_A,1.9
478,3.299,GLY, ,N,24.67,4.18,1.0,<Residue GLY het=  resseq=86 icode= >,1fip_A_A,1.9
479,31.393,GLY, ,CA,25.52,3.17,1.0,<Residue GLY het=  resseq=86 icode= >,1fip_A_A,1.9
480,4.473,GLY, ,C,23.82,4.67,1.0,<Residue GLY het=  resseq=86 icode= >,1fip_A_A,1.9
481,3.901,GLY, ,O,24.07,4.42,1.0,<Residue GLY het=  resseq=86 icode= >,1fip_A_A,1.9
482,0.285,THR, ,N,29.29,3.43,1.0,<Residue THR het=  resseq=87 icode= >,1fip_A_A,1.9
483,2.285,THR, ,CA,28.12,3.03,1.0,<Residue THR het=  resseq=87 icode= >,1fip_A_A,1.9
484,0.0,THR, ,C,21.04,4.97,1.0,<Residue THR het=  resseq=87 icode= >,1fip_A_A,1.9
485,0.0,THR, ,O,21.49,5.00,1.0,<Residue THR het=  resseq=87 icode= >,1fip_A_A,1.9
486,0.042,THR, ,CB,29.12,3.17,1.0,<Residue THR het=  resseq=87 icode= >,1fip_A_A,1.9
487,16.767,THR, ,OG1,35.77,2.67,1.0,<Residue THR het=  resseq=87 icode= >,1fip_A_A,1.9
488,30.268,THR, ,CG2,30.35,1.85,1.0,<Residue THR het=  resseq=87 icode= >,1fip_A_A,1.9
489,0.0,LEU, ,N,20.57,4.22,1.0,<Residue LEU het=  resseq=88 icode= >,1fip_A_A,1.9
490,0.0,LEU, ,CA,25.03,3.28,1.0,<Residue LEU het=  resseq=88 icode= >,1fip_A_A,1.9
491,0.0,LEU, ,C,22.56,4.87,1.0,<Residue LEU het=  resseq=88 icode= >,1fip_A_A,1.9
492,0.0,LEU, ,O,20.96,5.01,1.0,<Residue LEU het=  resseq=88 icode= >,1fip_A_A,1.9
493,0.0,LEU, ,CB,19.08,3.66,1.0,<Residue LEU het=  resseq=88 icode= >,1fip_A_A,1.9
494,0.0,LEU, ,CG,19.31,3.67,1.0,<Residue LEU het=  resseq=88 icode= >,1fip_A_A,1.9
495,0.773,LEU, ,CD1,23.39,2.29,1.0,<Residue LEU het=  resseq=88 icode= >,1fip_A_A,1.9
496,0.0,LEU, ,CD2,21.85,2.84,1.0,<Residue LEU het=  resseq=88 icode= >,1fip_A_A,1.9
497,0.0,ARG, ,N,19.55,4.73,1.0,<Residue ARG het=  resseq=89 icode= >,1fip_A_A,1.9
498,0.0,ARG, ,CA,26.33,3.38,1.0,<Residue ARG het=  resseq=89 icode= >,1fip_A_A,1.9
499,1.682,ARG, ,C,22.94,5.08,1.0,<Residue ARG het=  resseq=89 icode= >,1fip_A_A,1.9
500,0.514,ARG, ,O,32.61,3.32,1.0,<Residue ARG het=  resseq=89 icode= >,1fip_A_A,1.9
501,8.585,ARG, ,CB,28.87,2.78,1.0,<Residue ARG het=  resseq=89 icode= >,1fip_A_A,1.9
502,0.0,ARG, ,CG,29.5,2.43,1.0,<Residue ARG het=  resseq=89 icode= >,1fip_A_A,1.9
503,3.008,ARG, ,CD,29.59,2.18,1.0,<Residue ARG het=  resseq=89 icode= >,1fip_A_A,1.9
504,11.395,ARG, ,NE,33.82,3.51,1.0,<Residue ARG het=  resseq=89 icode= >,1fip_A_A,1.9
505,2.396,ARG, ,CZ,40.43,2.81,1.0,<Residue ARG het=  resseq=89 icode= >,1fip_A_A,1.9
506,16.421,ARG, ,NH1,38.8,1.87,1.0,<Residue ARG het=  resseq=89 icode= >,1fip_A_A,1.9
507,53.577,ARG, ,NH2,53.2,1.03,1.0,<Residue ARG het=  resseq=89 icode= >,1fip_A_A,1.9
508,0.664,LYS, ,N,25.57,4.29,1.0,<Residue LYS het=  resseq=90 icode= >,1fip_A_A,1.9
509,1.043,LYS, ,CA,24.84,3.63,1.0,<Residue LYS het=  resseq=90 icode= >,1fip_A_A,1.9
510,0.743,LYS, ,C,22.47,4.93,1.0,<Residue LYS het=  resseq=90 icode= >,1fip_A_A,1.9
511,0.619,LYS, ,O,27.94,3.54,1.0,<Residue LYS het=  resseq=90 icode= >,1fip_A_A,1.9
512,3.831,LYS, ,CB,29.35,2.87,1.0,<Residue LYS het=  resseq=90 icode= >,1fip_A_A,1.9
513,15.079,LYS, ,CG,54.76,0.84,1.0,<Residue LYS het=  resseq=90 icode= >,1fip_A_A,1.9
514,29.355,LYS, ,CD,66.6,1.10,1.0,<Residue LYS het=  resseq=90 icode= >,1fip_A_A,1.9
515,44.509,LYS, ,CE,83.29,-0.05,1.0,<Residue LYS het=  resseq=90 icode= >,1fip_A_A,1.9
516,40.211,LYS, ,NZ,92.71,0.01,1.0,<Residue LYS het=  resseq=90 icode= >,1fip_A_A,1.9
517,0.0,LYS, ,N,19.15,4.95,1.0,<Residue LYS het=  resseq=91 icode= >,1fip_A_A,1.9
518,0.401,LYS, ,CA,21.5,3.34,1.0,<Residue LYS het=  resseq=91 icode= >,1fip_A_A,1.9
519,0.0,LYS, ,C,20.04,5.27,1.0,<Residue LYS het=  resseq=91 icode= >,1fip_A_A,1.9
520,0.0,LYS, ,O,22.35,4.82,1.0,<Residue LYS het=  resseq=91 icode= >,1fip_A_A,1.9
521,0.0,LYS, ,CB,18.33,3.74,1.0,<Residue LYS het=  resseq=91 icode= >,1fip_A_A,1.9
522,8.392,LYS, ,CG,22.8,3.28,1.0,<Residue LYS het=  resseq=91 icode= >,1fip_A_A,1.9
523,1.232,LYS, ,CD,34.77,2.05,1.0,<Residue LYS het=  resseq=91 icode= >,1fip_A_A,1.9
524,20.809,LYS, ,CE,31.48,2.76,1.0,<Residue LYS het=  resseq=91 icode= >,1fip_A_A,1.9
525,22.028,LYS, ,NZ,46.93,2.07,1.0,<Residue LYS het=  resseq=91 icode= >,1fip_A_A,1.9
526,0.0,LEU, ,N,24.94,4.35,1.0,<Residue LEU het=  resseq=92 icode= >,1fip_A_A,1.9
527,0.0,LEU, ,CA,23.65,3.51,1.0,<Residue LEU het=  resseq=92 icode= >,1fip_A_A,1.9
528,0.0,LEU, ,C,27.03,4.17,1.0,<Residue LEU het=  resseq=92 icode= >,1fip_A_A,1.9
529,0.0,LEU, ,O,27.42,3.48,1.0,<Residue LEU het=  resseq=92 icode= >,1fip_A_A,1.9
530,0.0,LEU, ,CB,21.44,3.12,1.0,<Residue LEU het=  resseq=92 icode= >,1fip_A_A,1.9
531,0.135,LEU, ,CG,32.52,1.91,1.0,<Residue LEU het=  resseq=92 icode= >,1fip_A_A,1.9
532,1.325,LEU, ,CD1,18.11,2.46,1.0,<Residue LEU het=  resseq=92 icode= >,1fip_A_A,1.9
533,0.114,LEU, ,CD2,27.15,2.08,1.0,<Residue LEU het=  resseq=92 icode= >,1fip_A_A,1.9
534,0.0,LYS, ,N,25.69,3.90,1.0,<Residue LYS het=  resseq=93 icode= >,1fip_A_A,1.9
535,0.0,LYS, ,CA,33.24,2.36,1.0,<Residue LYS het=  resseq=93 icode= >,1fip_A_A,1.9
536,0.011,LYS, ,C,32.53,3.64,1.0,<Residue LYS het=  resseq=93 icode= >,1fip_A_A,1.9
537,10.369,LYS, ,O,28.48,3.88,1.0,<Residue LYS het=  resseq=93 icode= >,1fip_A_A,1.9
538,0.539,LYS, ,CB,32.98,2.29,1.0,<Residue LYS het=  resseq=93 icode= >,1fip_A_A,1.9
539,23.605,LYS, ,CG,39.42,2.11,1.0,<Residue LYS het=  resseq=93 icode= >,1fip_A_A,1.9
540,38.239,LYS, ,CD,57.65,1.12,1.0,<Residue LYS het=  resseq=93 icode= >,1fip_A_A,1.9
541,11.095,LYS, ,CE,71.31,0.43,1.0,<Residue LYS het=  resseq=93 icode= >,1fip_A_A,1.9
542,27.253,LYS, ,NZ,76.95,0.68,1.0,<Residue LYS het=  resseq=93 icode= >,1fip_A_A,1.9
543,0.0,LYS, ,N,21.54,4.55,1.0,<Residue LYS het=  resseq=94 icode= >,1fip_A_A,1.9
544,10.554,LYS, ,CA,27.46,3.09,1.0,<Residue LYS het=  resseq=94 icode= >,1fip_A_A,1.9
545,0.0,LYS, ,C,23.36,4.77,1.0,<Residue LYS het=  resseq=94 icode= >,1fip_A_A,1.9
546,25.509,LYS, ,O,28.61,3.74,1.0,<Residue LYS het=  resseq=94 icode= >,1fip_A_A,1.9
547,6.159,LYS, ,CB,27.76,2.51,1.0,<Residue LYS het=  resseq=94 icode= >,1fip_A_A,1.9
548,19.493,LYS, ,CG,30.16,2.52,1.0,<Residue LYS het=  resseq=94 icode= >,1fip_A_A,1.9
549,13.948,LYS, ,CD,29.68,2.65,1.0,<Residue LYS het=  resseq=94 icode= >,1fip_A_A,1.9
550,25.672,LYS, ,CE,42.77,1.77,1.0,<Residue LYS het=  resseq=94 icode= >,1fip_A_A,1.9
551,4.815,LYS, ,NZ,55.6,0.56,1.0,<Residue LYS het=  resseq=94 icode= >,1fip_A_A,1.9
552,0.0,TYR, ,N,23.18,4.13,1.0,<Residue TYR het=  resseq=95 icode= >,1fip_A_A,1.9
553,4.828,TYR, ,CA,19.75,3.99,1.0,<Residue TYR het=  resseq=95 icode= >,1fip_A_A,1.9
554,4.542,TYR, ,C,22.03,4.67,1.0,<Residue TYR het=  resseq=95 icode= >,1fip_A_A,1.9
555,15.666,TYR, ,O,28.99,3.88,1.0,<Residue TYR het=  resseq=95 icode= >,1fip_A_A,1.9
556,0.0,TYR, ,CB,23.47,2.54,1.0,<Residue TYR het=  resseq=95 icode= >,1fip_A_A,1.9
557,0.0,TYR, ,CG,27.59,3.44,1.0,<Residue TYR het=  resseq=95 icode= >,1fip_A_A,1.9
558,6.612,TYR, ,CD1,26.74,3.03,1.0,<Residue TYR het=  resseq=95 icode= >,1fip_A_A,1.9
559,0.0,TYR, ,CD2,24.76,3.73,1.0,<Residue TYR het=  resseq=95 icode= >,1fip_A_A,1.9
560,4.45,TYR, ,CE1,23.13,3.69,1.0,<Residue TYR het=  resseq=95 icode= >,1fip_A_A,1.9
561,0.0,TYR, ,CE2,20.51,3.84,1.0,<Residue TYR het=  resseq=95 icode= >,1fip_A_A,1.9
562,0.0,TYR, ,CZ,23.2,4.12,1.0,<Residue TYR het=  resseq=95 icode= >,1fip_A_A,1.9
563,0.0,TYR, ,OH,30.41,3.22,1.0,<Residue TYR het=  resseq=95 icode= >,1fip_A_A,1.9
564,2.029,GLY, ,N,29.28,3.59,1.0,<Residue GLY het=  resseq=96 icode= >,1fip_A_A,1.9
565,30.937,GLY, ,CA,31.93,2.51,1.0,<Residue GLY het=  resseq=96 icode= >,1fip_A_A,1.9
566,1.417,GLY, ,C,34.93,3.74,1.0,<Residue GLY het=  resseq=96 icode= >,1fip_A_A,1.9
567,31.037,GLY, ,O,37.58,3.06,1.0,<Residue GLY het=  resseq=96 icode= >,1fip_A_A,1.9
568,0.0,MET, ,N,36.53,2.91,1.0,<Residue MET het=  resseq=97 icode= >,1fip_A_A,1.9
569,7.868,MET, ,CA,37.17,2.79,1.0,<Residue MET het=  resseq=97 icode= >,1fip_A_A,1.9
570,5.173,MET, ,C,38.42,3.63,1.0,<Residue MET het=  resseq=97 icode= >,1fip_A_A,1.9
571,23.667,MET, ,O,46.7,2.14,1.0,<Residue MET het=  resseq=97 icode= >,1fip_A_A,1.9
572,7.601,MET, ,CB,28.11,2.82,1.0,<Residue MET het=  resseq=97 icode= >,1fip_A_A,1.9
573,7.151,MET, ,CG,41.17,2.01,1.0,<Residue MET het=  resseq=97 icode= >,1fip_A_A,1.9
574,3.232,MET, ,SD,39.22,5.50,1.0,<Residue MET het=  resseq=97 icode= >,1fip_A_A,1.9
575,24.265,MET, ,CE,40.3,1.43,1.0,<Residue MET het=  resseq=97 icode= >,1fip_A_A,1.9
576,1.318,ASN, ,N,43.16,2.59,1.0,<Residue ASN het=  resseq=98 icode= >,1fip_A_A,1.9
577,16.893,ASN, ,CA,63.62,1.42,1.0,<Residue ASN het=  resseq=98 icode= >,1fip_A_A,1.9
578,8.111,ASN, ,C,68.36,1.48,1.0,<Residue ASN het=  resseq=98 icode= >,1fip_A_A,1.9
579,27.938,ASN, ,O,71.27,1.02,1.0,<Residue ASN het=  resseq=98 icode= >,1fip_A_A,1.9
580,14.139,ASN, ,CB,72.04,0.64,1.0,<Residue ASN het=  resseq=98 icode= >,1fip_A_A,1.9
581,2.951,ASN, ,CG,82.65,0.63,1.0,<Residue ASN het=  resseq=98 icode= >,1fip_A_A,1.9
582,5.248,ASN, ,OD1,83.5,0.75,1.0,<Residue ASN het=  resseq=98 icode= >,1fip_A_A,1.9
583,7.764,ASN, ,ND2,82.64,0.16,1.0,<Residue ASN het=  resseq=98 icode= >,1fip_A_A,1.9
584,6.798,ASN, ,OXT,73.67,0.59,1.0,<Residue ASN het=  resseq=98 icode= >,1fip_A_A,1.9
