,ASA,aa,altloc,atom,bfac,d2r,dASA,dens,occ,residue,id,resolu
0,51.674,ARG, ,N,59.53,16.18,0.0,1.25,1.0,<Residue ARG het=  resseq=151 icode= >,1je8_A_A,2.12
1,5.286,ARG, ,CA,59.49,15.51,0.0,1.34,1.0,<Residue ARG het=  resseq=151 icode= >,1je8_A_A,2.12
2,0.969,ARG, ,C,59.14,16.53,0.0,2.13,1.0,<Residue ARG het=  resseq=151 icode= >,1je8_A_A,2.12
3,25.633,ARG, ,O,59.95,17.49,0.0,1.43,1.0,<Residue ARG het=  resseq=151 icode= >,1je8_A_A,2.12
4,14.998,ARG, ,CB,59.47,15.27,0.0,1.17,1.0,<Residue ARG het=  resseq=151 icode= >,1je8_A_A,2.12
5,0.0,ARG, ,CG,59.96,14.00,0.0,0.60,1.0,<Residue ARG het=  resseq=151 icode= >,1je8_A_A,2.12
6,1.642,ARG, ,CD,60.49,12.81,0.0,0.98,1.0,<Residue ARG het=  resseq=151 icode= >,1je8_A_A,2.12
7,3.314,ARG, ,NE,59.57,12.96,0.0,2.60,1.0,<Residue ARG het=  resseq=151 icode= >,1je8_A_A,2.12
8,4.281,ARG, ,CZ,60.32,12.34,0.0,2.56,1.0,<Residue ARG het=  resseq=151 icode= >,1je8_A_A,2.12
9,10.366,ARG, ,NH1,60.84,11.47,0.0,1.12,1.0,<Residue ARG het=  resseq=151 icode= >,1je8_A_A,2.12
10,50.241,ARG, ,NH2,61.78,12.77,0.0,0.31,1.0,<Residue ARG het=  resseq=151 icode= >,1je8_A_A,2.12
11,3.809,ASP, ,N,58.31,15.45,0.0,1.65,1.0,<Residue ASP het=  resseq=152 icode= >,1je8_A_A,2.12
12,3.768,ASP, ,CA,57.32,14.79,0.0,1.97,1.0,<Residue ASP het=  resseq=152 icode= >,1je8_A_A,2.12
13,0.0,ASP, ,C,55.77,13.68,0.0,3.08,1.0,<Residue ASP het=  resseq=152 icode= >,1je8_A_A,2.12
14,0.043,ASP, ,O,54.9,12.63,0.0,1.88,1.0,<Residue ASP het=  resseq=152 icode= >,1je8_A_A,2.12
15,18.178,ASP, ,CB,59.18,14.33,0.0,0.94,1.0,<Residue ASP het=  resseq=152 icode= >,1je8_A_A,2.12
16,7.089,ASP, ,CG,60.58,13.96,0.0,1.99,1.0,<Residue ASP het=  resseq=152 icode= >,1je8_A_A,2.12
17,2.562,ASP, ,OD1,61.3,13.49,0.0,1.08,1.0,<Residue ASP het=  resseq=152 icode= >,1je8_A_A,2.12
18,31.091,ASP, ,OD2,62.72,14.29,0.0,1.05,1.0,<Residue ASP het=  resseq=152 icode= >,1je8_A_A,2.12
19,3.436,VAL, ,N,54.81,14.01,0.0,2.25,1.0,<Residue VAL het=  resseq=153 icode= >,1je8_A_A,2.12
20,0.0,VAL, ,CA,53.72,13.03,0.0,2.11,1.0,<Residue VAL het=  resseq=153 icode= >,1je8_A_A,2.12
21,0.0,VAL, ,C,53.18,11.91,0.0,2.87,1.0,<Residue VAL het=  resseq=153 icode= >,1je8_A_A,2.12
22,0.0,VAL, ,O,52.62,10.83,0.0,2.17,1.0,<Residue VAL het=  resseq=153 icode= >,1je8_A_A,2.12
23,0.433,VAL, ,CB,53.92,13.52,0.0,1.77,1.0,<Residue VAL het=  resseq=153 icode= >,1je8_A_A,2.12
24,27.905,VAL, ,CG1,53.87,13.99,0.0,0.94,1.0,<Residue VAL het=  resseq=153 icode= >,1je8_A_A,2.12
25,0.274,VAL, ,CG2,54.0,12.46,0.0,0.39,1.0,<Residue VAL het=  resseq=153 icode= >,1je8_A_A,2.12
26,0.0,ASN, ,N,52.49,11.97,0.0,1.94,1.0,<Residue ASN het=  resseq=154 icode= >,1je8_A_A,2.12
27,0.925,ASN, ,CA,52.06,10.98,0.0,2.30,1.0,<Residue ASN het=  resseq=154 icode= >,1je8_A_A,2.12
28,0.245,ASN, ,C,50.76,9.78,0.0,2.78,1.0,<Residue ASN het=  resseq=154 icode= >,1je8_A_A,2.12
29,18.61,ASN, ,O,49.55,8.80,0.0,2.38,1.0,<Residue ASN het=  resseq=154 icode= >,1je8_A_A,2.12
30,15.671,ASN, ,CB,54.59,11.77,0.0,1.27,1.0,<Residue ASN het=  resseq=154 icode= >,1je8_A_A,2.12
31,7.696,ASN, ,CG,56.16,12.78,0.0,1.95,1.0,<Residue ASN het=  resseq=154 icode= >,1je8_A_A,2.12
32,15.563,ASN, ,OD1,57.1,13.56,0.0,1.20,1.0,<Residue ASN het=  resseq=154 icode= >,1je8_A_A,2.12
33,59.25,ASN, ,ND2,58.06,12.93,0.0,0.45,1.0,<Residue ASN het=  resseq=154 icode= >,1je8_A_A,2.12
34,0.0,GLN, ,N,49.89,10.02,0.0,1.93,1.0,<Residue GLN het=  resseq=155 icode= >,1je8_A_A,2.12
35,0.611,GLN, ,CA,49.07,9.15,0.0,2.29,1.0,<Residue GLN het=  resseq=155 icode= >,1je8_A_A,2.12
36,0.55,GLN, ,C,47.0,8.13,0.0,2.36,1.0,<Residue GLN het=  resseq=155 icode= >,1je8_A_A,2.12
37,12.958,GLN, ,O,46.84,7.26,0.0,1.81,1.0,<Residue GLN het=  resseq=155 icode= >,1je8_A_A,2.12
38,11.765,GLN, ,CB,51.83,10.13,0.0,1.57,1.0,<Residue GLN het=  resseq=155 icode= >,1je8_A_A,2.12
39,14.964,GLN, ,CG,57.38,11.18,0.0,0.65,1.0,<Residue GLN het=  resseq=155 icode= >,1je8_A_A,2.12
40,6.93,GLN, ,CD,60.86,10.76,0.0,0.52,1.0,<Residue GLN het=  resseq=155 icode= >,1je8_A_A,2.12
41,33.411,GLN, ,OE1,62.99,11.65,0.0,0.68,1.0,<Residue GLN het=  resseq=155 icode= >,1je8_A_A,2.12
42,40.542,GLN, ,NE2,61.56,9.53,0.0,0.61,1.0,<Residue GLN het=  resseq=155 icode= >,1je8_A_A,2.12
43,0.0,LEU, ,N,44.25,8.45,0.0,2.16,1.0,<Residue LEU het=  resseq=156 icode= >,1je8_A_A,2.12
44,0.0,LEU, ,CA,40.27,7.67,0.0,2.27,1.0,<Residue LEU het=  resseq=156 icode= >,1je8_A_A,2.12
45,0.301,LEU, ,C,40.21,6.65,0.0,3.74,1.0,<Residue LEU het=  resseq=156 icode= >,1je8_A_A,2.12
46,6.543,LEU, ,O,39.09,6.64,0.0,2.87,1.0,<Residue LEU het=  resseq=156 icode= >,1je8_A_A,2.12
47,0.0,LEU, ,CB,37.36,8.01,0.0,2.57,1.0,<Residue LEU het=  resseq=156 icode= >,1je8_A_A,2.12
48,0.0,LEU, ,CG,34.88,9.24,0.0,3.57,1.0,<Residue LEU het=  resseq=156 icode= >,1je8_A_A,2.12
49,0.0,LEU, ,CD1,37.39,9.66,0.0,1.29,1.0,<Residue LEU het=  resseq=156 icode= >,1je8_A_A,2.12
50,0.0,LEU, ,CD2,36.56,9.20,0.0,1.54,1.0,<Residue LEU het=  resseq=156 icode= >,1je8_A_A,2.12
51,0.0,THR, ,N,38.66,5.37,0.0,3.31,1.0,<Residue THR het=  resseq=157 icode= >,1je8_A_A,2.12
52,2.751,THR, ,CA,38.27,4.47,0.0,2.40,1.0,<Residue THR het=  resseq=157 icode= >,1je8_A_A,2.12
53,0.0,THR, ,C,38.64,4.29,0.0,2.90,1.0,<Residue THR het=  resseq=157 icode= >,1je8_A_A,2.12
54,0.0,THR, ,O,38.46,5.13,0.0,2.47,1.0,<Residue THR het=  resseq=157 icode= >,1je8_A_A,2.12
55,7.614,THR, ,CB,37.18,3.04,7.614,2.79,1.0,<Residue THR het=  resseq=157 icode= >,1je8_A_A,2.12
56,2.451,THR, ,OG1,35.37,2.62,2.451,2.04,1.0,<Residue THR het=  resseq=157 icode= >,1je8_A_A,2.12
57,42.18,THR, ,CG2,35.05,3.57,29.118,2.39,1.0,<Residue THR het=  resseq=157 icode= >,1je8_A_A,2.12
58,0.0,PRO, ,N,38.17,3.56,0.0,2.80,1.0,<Residue PRO het=  resseq=158 icode= >,1je8_A_A,2.12
59,2.743,PRO, ,CA,38.08,4.01,0.0,1.98,1.0,<Residue PRO het=  resseq=158 icode= >,1je8_A_A,2.12
60,0.0,PRO, ,C,36.87,4.08,0.0,3.36,1.0,<Residue PRO het=  resseq=158 icode= >,1je8_A_A,2.12
61,0.684,PRO, ,O,36.14,5.27,0.0,2.91,1.0,<Residue PRO het=  resseq=158 icode= >,1je8_A_A,2.12
62,33.24,PRO, ,CB,38.62,3.65,3.332,1.16,1.0,<Residue PRO het=  resseq=158 icode= >,1je8_A_A,2.12
63,36.01,PRO, ,CG,39.56,3.82,0.956,0.88,1.0,<Residue PRO het=  resseq=158 icode= >,1je8_A_A,2.12
64,24.353,PRO, ,CD,39.57,3.20,10.774,1.57,1.0,<Residue PRO het=  resseq=158 icode= >,1je8_A_A,2.12
65,1.154,ARG, ,N,35.18,3.19,0.943,2.68,1.0,<Residue ARG het=  resseq=159 icode= >,1je8_A_A,2.12
66,0.018,ARG, ,CA,33.73,4.02,0.0,2.47,1.0,<Residue ARG het=  resseq=159 icode= >,1je8_A_A,2.12
67,0.0,ARG, ,C,32.02,5.12,0.0,3.37,1.0,<Residue ARG het=  resseq=159 icode= >,1je8_A_A,2.12
68,0.0,ARG, ,O,31.68,6.22,0.0,2.65,1.0,<Residue ARG het=  resseq=159 icode= >,1je8_A_A,2.12
69,5.242,ARG, ,CB,35.59,3.66,5.242,1.45,1.0,<Residue ARG het=  resseq=159 icode= >,1je8_A_A,2.12
70,24.018,ARG, ,CG,36.7,3.34,18.778,0.98,1.0,<Residue ARG het=  resseq=159 icode= >,1je8_A_A,2.12
71,0.972,ARG, ,CD,35.16,3.57,0.0,2.48,1.0,<Residue ARG het=  resseq=159 icode= >,1je8_A_A,2.12
72,6.128,ARG, ,NE,35.19,2.91,5.66,3.64,1.0,<Residue ARG het=  resseq=159 icode= >,1je8_A_A,2.12
73,4.218,ARG, ,CZ,36.11,3.53,0.123,4.06,1.0,<Residue ARG het=  resseq=159 icode= >,1je8_A_A,2.12
74,22.938,ARG, ,NH1,37.07,2.90,7.646,1.82,1.0,<Residue ARG het=  resseq=159 icode= >,1je8_A_A,2.12
75,19.158,ARG, ,NH2,33.34,4.80,0.0,3.06,1.0,<Residue ARG het=  resseq=159 icode= >,1je8_A_A,2.12
76,0.0,GLU, ,N,31.35,4.71,0.0,3.02,1.0,<Residue GLU het=  resseq=160 icode= >,1je8_A_A,2.12
77,0.0,GLU, ,CA,32.11,5.76,0.0,2.96,1.0,<Residue GLU het=  resseq=160 icode= >,1je8_A_A,2.12
78,0.0,GLU, ,C,33.08,7.05,0.0,3.35,1.0,<Residue GLU het=  resseq=160 icode= >,1je8_A_A,2.12
79,0.0,GLU, ,O,32.52,8.12,0.0,2.58,1.0,<Residue GLU het=  resseq=160 icode= >,1je8_A_A,2.12
80,0.0,GLU, ,CB,31.0,5.63,0.0,2.27,1.0,<Residue GLU het=  resseq=160 icode= >,1je8_A_A,2.12
81,0.059,GLU, ,CG,32.45,5.03,0.059,2.13,1.0,<Residue GLU het=  resseq=160 icode= >,1je8_A_A,2.12
82,0.0,GLU, ,CD,32.74,5.05,0.0,3.85,1.0,<Residue GLU het=  resseq=160 icode= >,1je8_A_A,2.12
83,0.0,GLU, ,OE1,31.56,5.59,0.0,2.72,1.0,<Residue GLU het=  resseq=160 icode= >,1je8_A_A,2.12
84,5.959,GLU, ,OE2,35.15,4.98,0.349,2.75,1.0,<Residue GLU het=  resseq=160 icode= >,1je8_A_A,2.12
85,0.0,ARG, ,N,33.72,7.09,0.0,3.09,1.0,<Residue ARG het=  resseq=161 icode= >,1je8_A_A,2.12
86,0.0,ARG, ,CA,35.81,8.21,0.0,2.35,1.0,<Residue ARG het=  resseq=161 icode= >,1je8_A_A,2.12
87,0.0,ARG, ,C,33.66,8.62,0.0,3.66,1.0,<Residue ARG het=  resseq=161 icode= >,1je8_A_A,2.12
88,0.0,ARG, ,O,34.99,9.84,0.0,2.45,1.0,<Residue ARG het=  resseq=161 icode= >,1je8_A_A,2.12
89,2.935,ARG, ,CB,36.84,8.16,0.0,2.10,1.0,<Residue ARG het=  resseq=161 icode= >,1je8_A_A,2.12
90,0.0,ARG, ,CG,40.54,8.68,0.0,1.59,1.0,<Residue ARG het=  resseq=161 icode= >,1je8_A_A,2.12
91,12.938,ARG, ,CD,43.63,9.17,0.0,1.91,1.0,<Residue ARG het=  resseq=161 icode= >,1je8_A_A,2.12
92,13.333,ARG, ,NE,45.6,8.20,0.0,1.90,1.0,<Residue ARG het=  resseq=161 icode= >,1je8_A_A,2.12
93,4.322,ARG, ,CZ,47.93,7.72,0.0,2.09,1.0,<Residue ARG het=  resseq=161 icode= >,1je8_A_A,2.12
94,0.217,ARG, ,NH1,49.09,8.20,0.0,1.53,1.0,<Residue ARG het=  resseq=161 icode= >,1je8_A_A,2.12
95,28.666,ARG, ,NH2,47.79,7.05,0.0,1.17,1.0,<Residue ARG het=  resseq=161 icode= >,1je8_A_A,2.12
96,0.0,ASP, ,N,32.04,7.79,0.0,3.55,1.0,<Residue ASP het=  resseq=162 icode= >,1je8_A_A,2.12
97,2.421,ASP, ,CA,31.87,8.50,0.0,2.85,1.0,<Residue ASP het=  resseq=162 icode= >,1je8_A_A,2.12
98,0.0,ASP, ,C,32.14,9.25,0.0,3.45,1.0,<Residue ASP het=  resseq=162 icode= >,1je8_A_A,2.12
99,0.205,ASP, ,O,29.77,10.17,0.0,3.26,1.0,<Residue ASP het=  resseq=162 icode= >,1je8_A_A,2.12
100,1.371,ASP, ,CB,33.24,7.74,0.0,1.72,1.0,<Residue ASP het=  resseq=162 icode= >,1je8_A_A,2.12
101,5.841,ASP, ,CG,36.13,7.12,0.0,3.16,1.0,<Residue ASP het=  resseq=162 icode= >,1je8_A_A,2.12
102,25.819,ASP, ,OD1,35.1,7.66,0.0,2.80,1.0,<Residue ASP het=  resseq=162 icode= >,1je8_A_A,2.12
103,10.78,ASP, ,OD2,34.77,6.39,0.0,2.20,1.0,<Residue ASP het=  resseq=162 icode= >,1je8_A_A,2.12
104,0.0,ILE, ,N,31.88,8.61,0.0,2.50,1.0,<Residue ILE het=  resseq=163 icode= >,1je8_A_A,2.12
105,0.0,ILE, ,CA,31.71,9.08,0.0,2.25,1.0,<Residue ILE het=  resseq=163 icode= >,1je8_A_A,2.12
106,0.0,ILE, ,C,29.13,10.20,0.0,4.48,1.0,<Residue ILE het=  resseq=163 icode= >,1je8_A_A,2.12
107,0.0,ILE, ,O,28.52,9.77,0.0,3.38,1.0,<Residue ILE het=  resseq=163 icode= >,1je8_A_A,2.12
108,0.0,ILE, ,CB,32.66,8.38,0.0,2.45,1.0,<Residue ILE het=  resseq=163 icode= >,1je8_A_A,2.12
109,0.0,ILE, ,CG1,34.9,7.22,0.0,1.60,1.0,<Residue ILE het=  resseq=163 icode= >,1je8_A_A,2.12
110,0.0,ILE, ,CG2,31.26,8.26,0.0,1.33,1.0,<Residue ILE het=  resseq=163 icode= >,1je8_A_A,2.12
111,0.0,ILE, ,CD1,35.3,6.01,0.0,1.35,1.0,<Residue ILE het=  resseq=163 icode= >,1je8_A_A,2.12
112,0.0,LEU, ,N,28.56,10.53,0.0,3.18,1.0,<Residue LEU het=  resseq=164 icode= >,1je8_A_A,2.12
113,0.0,LEU, ,CA,26.18,10.43,0.0,2.94,1.0,<Residue LEU het=  resseq=164 icode= >,1je8_A_A,2.12
114,0.0,LEU, ,C,26.78,11.28,0.0,3.59,1.0,<Residue LEU het=  resseq=164 icode= >,1je8_A_A,2.12
115,0.0,LEU, ,O,25.06,11.06,0.0,3.31,1.0,<Residue LEU het=  resseq=164 icode= >,1je8_A_A,2.12
116,0.0,LEU, ,CB,26.57,11.13,0.0,2.06,1.0,<Residue LEU het=  resseq=164 icode= >,1je8_A_A,2.12
117,0.0,LEU, ,CG,25.85,11.43,0.0,2.80,1.0,<Residue LEU het=  resseq=164 icode= >,1je8_A_A,2.12
118,0.0,LEU, ,CD1,21.71,10.24,0.0,2.53,1.0,<Residue LEU het=  resseq=164 icode= >,1je8_A_A,2.12
119,0.0,LEU, ,CD2,26.41,12.32,0.0,1.60,1.0,<Residue LEU het=  resseq=164 icode= >,1je8_A_A,2.12
120,0.0,LYS, ,N,27.2,12.41,0.0,3.33,1.0,<Residue LYS het=  resseq=165 icode= >,1je8_A_A,2.12
121,0.78,LYS, ,CA,28.59,13.38,0.0,3.00,1.0,<Residue LYS het=  resseq=165 icode= >,1je8_A_A,2.12
122,0.0,LYS, ,C,28.85,12.68,0.0,3.49,1.0,<Residue LYS het=  resseq=165 icode= >,1je8_A_A,2.12
123,0.197,LYS, ,O,29.38,12.61,0.0,2.58,1.0,<Residue LYS het=  resseq=165 icode= >,1je8_A_A,2.12
124,3.405,LYS, ,CB,28.04,12.87,0.0,2.90,1.0,<Residue LYS het=  resseq=165 icode= >,1je8_A_A,2.12
125,1.678,LYS, ,CG,33.79,12.51,0.0,1.59,1.0,<Residue LYS het=  resseq=165 icode= >,1je8_A_A,2.12
126,20.976,LYS, ,CD,35.7,12.01,0.0,1.18,1.0,<Residue LYS het=  resseq=165 icode= >,1je8_A_A,2.12
127,8.07,LYS, ,CE,37.57,11.94,0.0,1.47,1.0,<Residue LYS het=  resseq=165 icode= >,1je8_A_A,2.12
128,44.621,LYS, ,NZ,38.23,11.52,0.0,1.25,1.0,<Residue LYS het=  resseq=165 icode= >,1je8_A_A,2.12
129,0.0,LEU, ,N,26.81,11.97,0.0,3.78,1.0,<Residue LEU het=  resseq=166 icode= >,1je8_A_A,2.12
130,0.0,LEU, ,CA,27.22,10.99,0.0,2.95,1.0,<Residue LEU het=  resseq=166 icode= >,1je8_A_A,2.12
131,0.0,LEU, ,C,26.53,9.77,0.0,3.93,1.0,<Residue LEU het=  resseq=166 icode= >,1je8_A_A,2.12
132,0.0,LEU, ,O,26.82,9.31,0.0,3.72,1.0,<Residue LEU het=  resseq=166 icode= >,1je8_A_A,2.12
133,0.0,LEU, ,CB,25.59,10.76,0.0,2.42,1.0,<Residue LEU het=  resseq=166 icode= >,1je8_A_A,2.12
134,0.0,LEU, ,CG,26.59,11.87,0.0,3.18,1.0,<Residue LEU het=  resseq=166 icode= >,1je8_A_A,2.12
135,15.31,LEU, ,CD1,27.37,12.71,0.0,1.85,1.0,<Residue LEU het=  resseq=166 icode= >,1je8_A_A,2.12
136,1.1,LEU, ,CD2,26.04,10.61,0.0,2.06,1.0,<Residue LEU het=  resseq=166 icode= >,1je8_A_A,2.12
137,0.0,ILE, ,N,25.61,9.43,0.0,3.66,1.0,<Residue ILE het=  resseq=167 icode= >,1je8_A_A,2.12
138,0.362,ILE, ,CA,24.84,8.50,0.236,3.48,1.0,<Residue ILE het=  resseq=167 icode= >,1je8_A_A,2.12
139,0.0,ILE, ,C,25.4,9.21,0.0,4.32,1.0,<Residue ILE het=  resseq=167 icode= >,1je8_A_A,2.12
140,2.141,ILE, ,O,24.15,8.73,2.141,3.52,1.0,<Residue ILE het=  resseq=167 icode= >,1je8_A_A,2.12
141,0.0,ILE, ,CB,25.2,7.88,0.0,3.19,1.0,<Residue ILE het=  resseq=167 icode= >,1je8_A_A,2.12
142,0.0,ILE, ,CG1,25.35,6.83,0.0,2.84,1.0,<Residue ILE het=  resseq=167 icode= >,1je8_A_A,2.12
143,2.625,ILE, ,CG2,24.0,7.44,2.449,2.72,1.0,<Residue ILE het=  resseq=167 icode= >,1je8_A_A,2.12
144,0.0,ILE, ,CD1,23.98,5.97,0.0,1.90,1.0,<Residue ILE het=  resseq=167 icode= >,1je8_A_A,2.12
145,0.0,ALA, ,N,26.1,10.52,0.0,4.28,1.0,<Residue ALA het=  resseq=168 icode= >,1je8_A_A,2.12
146,0.0,ALA, ,CA,28.11,11.45,0.0,2.83,1.0,<Residue ALA het=  resseq=168 icode= >,1je8_A_A,2.12
147,0.447,ALA, ,C,28.71,11.57,0.091,3.96,1.0,<Residue ALA het=  resseq=168 icode= >,1je8_A_A,2.12
148,8.464,ALA, ,O,29.02,12.26,7.427,3.34,1.0,<Residue ALA het=  resseq=168 icode= >,1je8_A_A,2.12
149,6.034,ALA, ,CB,28.06,12.71,0.0,1.53,1.0,<Residue ALA het=  resseq=168 icode= >,1je8_A_A,2.12
150,0.0,GLN, ,N,29.26,11.11,0.0,2.91,1.0,<Residue GLN het=  resseq=169 icode= >,1je8_A_A,2.12
151,6.779,GLN, ,CA,31.2,11.42,5.016,2.60,1.0,<Residue GLN het=  resseq=169 icode= >,1je8_A_A,2.12
152,4.789,GLN, ,C,31.52,10.28,4.723,3.69,1.0,<Residue GLN het=  resseq=169 icode= >,1je8_A_A,2.12
153,18.289,GLN, ,O,32.52,10.47,1.052,3.06,1.0,<Residue GLN het=  resseq=169 icode= >,1je8_A_A,2.12
154,4.485,GLN, ,CB,32.04,11.97,0.0,2.05,1.0,<Residue GLN het=  resseq=169 icode= >,1je8_A_A,2.12
155,26.33,GLN, ,CG,33.61,13.39,4.166,2.42,1.0,<Residue GLN het=  resseq=169 icode= >,1je8_A_A,2.12
156,5.433,GLN, ,CD,36.69,13.92,0.0,3.14,1.0,<Residue GLN het=  resseq=169 icode= >,1je8_A_A,2.12
157,15.058,GLN, ,OE1,40.77,13.94,0.0,1.72,1.0,<Residue GLN het=  resseq=169 icode= >,1je8_A_A,2.12
158,26.469,GLN, ,NE2,39.13,14.53,0.0,1.04,1.0,<Residue GLN het=  resseq=169 icode= >,1je8_A_A,2.12
159,1.495,GLY, ,N,29.73,9.24,1.495,3.37,1.0,<Residue GLY het=  resseq=170 icode= >,1je8_A_A,2.12
160,32.765,GLY, ,CA,29.33,8.15,32.358,2.42,1.0,<Residue GLY het=  resseq=170 icode= >,1je8_A_A,2.12
161,3.292,GLY, ,C,27.23,7.19,3.023,4.02,1.0,<Residue GLY het=  resseq=170 icode= >,1je8_A_A,2.12
162,26.523,GLY, ,O,27.32,6.79,23.977,3.44,1.0,<Residue GLY het=  resseq=170 icode= >,1je8_A_A,2.12
163,0.051,LEU, ,N,26.79,7.09,0.049,3.05,1.0,<Residue LEU het=  resseq=171 icode= >,1je8_A_A,2.12
164,0.379,LEU, ,CA,25.82,6.57,0.0,3.09,1.0,<Residue LEU het=  resseq=171 icode= >,1je8_A_A,2.12
165,1.293,LEU, ,C,24.6,5.21,0.0,4.78,1.0,<Residue LEU het=  resseq=171 icode= >,1je8_A_A,2.12
166,1.442,LEU, ,O,23.55,5.02,0.572,4.03,1.0,<Residue LEU het=  resseq=171 icode= >,1je8_A_A,2.12
167,0.0,LEU, ,CB,28.03,7.64,0.0,1.94,1.0,<Residue LEU het=  resseq=171 icode= >,1je8_A_A,2.12
168,5.669,LEU, ,CG,32.68,8.96,0.0,1.72,1.0,<Residue LEU het=  resseq=171 icode= >,1je8_A_A,2.12
169,17.994,LEU, ,CD1,36.09,9.65,0.0,-0.15,1.0,<Residue LEU het=  resseq=171 icode= >,1je8_A_A,2.12
170,3.055,LEU, ,CD2,31.24,9.99,0.0,1.38,1.0,<Residue LEU het=  resseq=171 icode= >,1je8_A_A,2.12
171,0.238,PRO, ,N,23.18,4.55,0.0,4.45,1.0,<Residue PRO het=  resseq=172 icode= >,1je8_A_A,2.12
172,5.362,PRO, ,CA,21.8,3.38,3.678,3.68,1.0,<Residue PRO het=  resseq=172 icode= >,1je8_A_A,2.12
173,0.0,PRO, ,C,22.18,3.89,0.0,3.91,1.0,<Residue PRO het=  resseq=172 icode= >,1je8_A_A,2.12
174,0.0,PRO, ,O,22.83,5.01,0.0,4.41,1.0,<Residue PRO het=  resseq=172 icode= >,1je8_A_A,2.12
175,35.414,PRO, ,CB,21.79,3.41,19.362,2.64,1.0,<Residue PRO het=  resseq=172 icode= >,1je8_A_A,2.12
176,17.329,PRO, ,CG,23.35,4.85,0.0,2.72,1.0,<Residue PRO het=  resseq=172 icode= >,1je8_A_A,2.12
177,15.813,PRO, ,CD,22.15,5.23,0.0,3.27,1.0,<Residue PRO het=  resseq=172 icode= >,1je8_A_A,2.12
178,3.619,ASN, ,N,22.74,3.07,3.619,3.02,1.0,<Residue ASN het=  resseq=173 icode= >,1je8_A_A,2.12
179,0.0,ASN, ,CA,22.48,3.88,0.0,2.44,1.0,<Residue ASN het=  resseq=173 icode= >,1je8_A_A,2.12
180,0.0,ASN, ,C,23.3,4.74,0.0,4.36,1.0,<Residue ASN het=  resseq=173 icode= >,1je8_A_A,2.12
181,0.0,ASN, ,O,23.01,5.94,0.0,3.57,1.0,<Residue ASN het=  resseq=173 icode= >,1je8_A_A,2.12
182,3.65,ASN, ,CB,20.59,3.60,3.65,2.85,1.0,<Residue ASN het=  resseq=173 icode= >,1je8_A_A,2.12
183,0.362,ASN, ,CG,20.14,3.76,0.362,5.46,1.0,<Residue ASN het=  resseq=173 icode= >,1je8_A_A,2.12
184,0.0,ASN, ,OD1,20.32,4.45,0.0,4.71,1.0,<Residue ASN het=  resseq=173 icode= >,1je8_A_A,2.12
185,20.532,ASN, ,ND2,17.97,3.81,19.707,4.03,1.0,<Residue ASN het=  resseq=173 icode= >,1je8_A_A,2.12
186,1.768,LYS, ,N,24.12,4.49,1.363,3.80,1.0,<Residue LYS het=  resseq=174 icode= >,1je8_A_A,2.12
187,0.0,LYS, ,CA,28.0,5.76,0.0,2.60,1.0,<Residue LYS het=  resseq=174 icode= >,1je8_A_A,2.12
188,0.0,LYS, ,C,28.33,6.82,0.0,3.98,1.0,<Residue LYS het=  resseq=174 icode= >,1je8_A_A,2.12
189,0.0,LYS, ,O,28.71,7.98,0.0,3.71,1.0,<Residue LYS het=  resseq=174 icode= >,1je8_A_A,2.12
190,9.611,LYS, ,CB,30.72,5.62,2.168,2.13,1.0,<Residue LYS het=  resseq=174 icode= >,1je8_A_A,2.12
191,8.736,LYS, ,CG,36.24,6.12,0.0,1.03,1.0,<Residue LYS het=  resseq=174 icode= >,1je8_A_A,2.12
192,25.541,LYS, ,CD,40.4,5.26,4.163,0.72,1.0,<Residue LYS het=  resseq=174 icode= >,1je8_A_A,2.12
193,9.588,LYS, ,CE,43.23,5.08,3.468,0.55,1.0,<Residue LYS het=  resseq=174 icode= >,1je8_A_A,2.12
194,41.299,LYS, ,NZ,46.11,4.72,5.001,0.55,1.0,<Residue LYS het=  resseq=174 icode= >,1je8_A_A,2.12
195,0.0,MET, ,N,27.75,6.63,0.0,3.46,1.0,<Residue MET het=  resseq=175 icode= >,1je8_A_A,2.12
196,0.0,MET, ,CA,27.6,7.89,0.0,2.94,1.0,<Residue MET het=  resseq=175 icode= >,1je8_A_A,2.12
197,0.0,MET, ,C,26.67,8.50,0.0,3.61,1.0,<Residue MET het=  resseq=175 icode= >,1je8_A_A,2.12
198,1.692,MET, ,O,25.46,9.72,0.0,3.63,1.0,<Residue MET het=  resseq=175 icode= >,1je8_A_A,2.12
199,1.713,MET, ,CB,28.33,7.95,0.0,2.69,1.0,<Residue MET het=  resseq=175 icode= >,1je8_A_A,2.12
200,9.922,MET, ,CG,34.29,8.21,0.0,1.46,1.0,<Residue MET het=  resseq=175 icode= >,1je8_A_A,2.12
201,21.694,MET, ,S,42.39,9.21,0.0,10.06,1.0,<Residue MET het=  resseq=175 icode= >,1je8_A_A,2.12
202,55.605,MET, ,CE,40.02,8.40,0.0,0.98,1.0,<Residue MET het=  resseq=175 icode= >,1je8_A_A,2.12
203,0.0,ILE, ,N,25.94,7.83,0.0,3.36,1.0,<Residue ILE het=  resseq=176 icode= >,1je8_A_A,2.12
204,0.0,ILE, ,CA,26.05,8.68,0.0,3.08,1.0,<Residue ILE het=  resseq=176 icode= >,1je8_A_A,2.12
205,0.0,ILE, ,C,28.37,9.43,0.0,3.62,1.0,<Residue ILE het=  resseq=176 icode= >,1je8_A_A,2.12
206,0.0,ILE, ,O,27.22,9.19,0.0,3.51,1.0,<Residue ILE het=  resseq=176 icode= >,1je8_A_A,2.12
207,0.0,ILE, ,CB,25.05,8.07,0.0,2.76,1.0,<Residue ILE het=  resseq=176 icode= >,1je8_A_A,2.12
208,0.0,ILE, ,CG1,24.48,7.77,0.0,2.43,1.0,<Residue ILE het=  resseq=176 icode= >,1je8_A_A,2.12
209,0.0,ILE, ,CG2,26.78,9.08,0.0,1.47,1.0,<Residue ILE het=  resseq=176 icode= >,1je8_A_A,2.12
210,0.0,ILE, ,CD1,19.91,7.39,0.0,2.37,1.0,<Residue ILE het=  resseq=176 icode= >,1je8_A_A,2.12
211,0.0,ALA, ,N,27.89,8.85,0.0,3.46,1.0,<Residue ALA het=  resseq=177 icode= >,1je8_A_A,2.12
212,0.0,ALA, ,CA,29.1,7.87,0.0,2.33,1.0,<Residue ALA het=  resseq=177 icode= >,1je8_A_A,2.12
213,0.833,ALA, ,C,29.79,8.22,0.0,3.31,1.0,<Residue ALA het=  resseq=177 icode= >,1je8_A_A,2.12
214,0.769,ALA, ,O,29.9,7.60,0.0,3.29,1.0,<Residue ALA het=  resseq=177 icode= >,1je8_A_A,2.12
215,6.608,ALA, ,CB,27.74,7.52,0.0,2.47,1.0,<Residue ALA het=  resseq=177 icode= >,1je8_A_A,2.12
216,0.0,ARG, ,N,30.07,9.44,0.0,3.42,1.0,<Residue ARG het=  resseq=178 icode= >,1je8_A_A,2.12
217,6.562,ARG, ,CA,32.53,10.14,0.0,2.47,1.0,<Residue ARG het=  resseq=178 icode= >,1je8_A_A,2.12
218,1.234,ARG, ,C,34.14,10.65,0.0,2.62,1.0,<Residue ARG het=  resseq=178 icode= >,1je8_A_A,2.12
219,19.631,ARG, ,O,35.53,10.88,0.0,2.12,1.0,<Residue ARG het=  resseq=178 icode= >,1je8_A_A,2.12
220,15.649,ARG, ,CB,32.25,11.42,0.0,2.68,1.0,<Residue ARG het=  resseq=178 icode= >,1je8_A_A,2.12
221,21.065,ARG, ,CG,33.61,10.85,0.0,2.56,1.0,<Residue ARG het=  resseq=178 icode= >,1je8_A_A,2.12
222,11.322,ARG, ,CD,35.86,9.98,0.0,2.29,1.0,<Residue ARG het=  resseq=178 icode= >,1je8_A_A,2.12
223,10.584,ARG, ,NE,41.01,9.20,0.0,1.97,1.0,<Residue ARG het=  resseq=178 icode= >,1je8_A_A,2.12
224,4.416,ARG, ,CZ,43.49,8.45,0.0,2.01,1.0,<Residue ARG het=  resseq=178 icode= >,1je8_A_A,2.12
225,36.749,ARG, ,NH1,45.85,7.99,0.0,0.86,1.0,<Residue ARG het=  resseq=178 icode= >,1je8_A_A,2.12
226,18.364,ARG, ,NH2,44.87,8.42,0.0,1.30,1.0,<Residue ARG het=  resseq=178 icode= >,1je8_A_A,2.12
227,0.32,ARG, ,N,34.56,11.05,0.0,2.65,1.0,<Residue ARG het=  resseq=179 icode= >,1je8_A_A,2.12
228,4.877,ARG, ,CA,35.46,11.09,0.0,2.42,1.0,<Residue ARG het=  resseq=179 icode= >,1je8_A_A,2.12
229,0.0,ARG, ,C,36.66,9.77,0.0,2.85,1.0,<Residue ARG het=  resseq=179 icode= >,1je8_A_A,2.12
230,23.276,ARG, ,O,34.81,9.89,0.0,3.43,1.0,<Residue ARG het=  resseq=179 icode= >,1je8_A_A,2.12
231,1.162,ARG, ,CB,34.83,11.67,0.0,2.15,1.0,<Residue ARG het=  resseq=179 icode= >,1je8_A_A,2.12
232,5.535,ARG, ,CG,35.84,12.18,0.0,1.07,1.0,<Residue ARG het=  resseq=179 icode= >,1je8_A_A,2.12
233,30.093,ARG, ,CD,33.44,13.43,0.0,1.95,1.0,<Residue ARG het=  resseq=179 icode= >,1je8_A_A,2.12
234,16.257,ARG, ,NE,31.51,14.10,0.0,2.57,1.0,<Residue ARG het=  resseq=179 icode= >,1je8_A_A,2.12
235,4.009,ARG, ,CZ,29.67,14.03,0.0,3.75,1.0,<Residue ARG het=  resseq=179 icode= >,1je8_A_A,2.12
236,23.398,ARG, ,NH1,29.92,14.50,0.0,2.26,1.0,<Residue ARG het=  resseq=179 icode= >,1je8_A_A,2.12
237,35.511,ARG, ,NH2,29.62,13.71,0.0,2.29,1.0,<Residue ARG het=  resseq=179 icode= >,1je8_A_A,2.12
238,0.0,LEU, ,N,36.22,8.66,0.0,2.87,1.0,<Residue LEU het=  resseq=180 icode= >,1je8_A_A,2.12
239,3.943,LEU, ,CA,37.29,7.34,0.0,2.71,1.0,<Residue LEU het=  resseq=180 icode= >,1je8_A_A,2.12
240,1.201,LEU, ,C,37.63,6.75,0.0,3.55,1.0,<Residue LEU het=  resseq=180 icode= >,1je8_A_A,2.12
241,10.034,LEU, ,O,37.89,5.78,0.0,2.78,1.0,<Residue LEU het=  resseq=180 icode= >,1je8_A_A,2.12
242,0.0,LEU, ,CB,36.39,6.58,0.0,2.54,1.0,<Residue LEU het=  resseq=180 icode= >,1je8_A_A,2.12
243,0.0,LEU, ,CG,36.4,7.40,0.0,2.66,1.0,<Residue LEU het=  resseq=180 icode= >,1je8_A_A,2.12
244,0.0,LEU, ,CD1,35.18,6.47,0.0,1.94,1.0,<Residue LEU het=  resseq=180 icode= >,1je8_A_A,2.12
245,22.656,LEU, ,CD2,37.96,8.07,0.0,1.11,1.0,<Residue LEU het=  resseq=180 icode= >,1je8_A_A,2.12
246,0.0,ASP, ,N,37.75,7.59,0.0,2.53,1.0,<Residue ASP het=  resseq=181 icode= >,1je8_A_A,2.12
247,2.748,ASP, ,CA,39.46,7.56,0.0,2.04,1.0,<Residue ASP het=  resseq=181 icode= >,1je8_A_A,2.12
248,3.324,ASP, ,C,37.15,6.07,0.0,3.23,1.0,<Residue ASP het=  resseq=181 icode= >,1je8_A_A,2.12
249,15.128,ASP, ,O,36.97,5.84,0.0,2.35,1.0,<Residue ASP het=  resseq=181 icode= >,1je8_A_A,2.12
250,21.821,ASP, ,CB,43.51,7.92,0.0,1.51,1.0,<Residue ASP het=  resseq=181 icode= >,1je8_A_A,2.12
251,9.92,ASP, ,CG,48.08,8.12,0.0,1.94,1.0,<Residue ASP het=  resseq=181 icode= >,1je8_A_A,2.12
252,37.096,ASP, ,OD1,50.28,8.21,0.0,1.88,1.0,<Residue ASP het=  resseq=181 icode= >,1je8_A_A,2.12
253,38.746,ASP, ,OD2,52.43,8.00,0.0,0.63,1.0,<Residue ASP het=  resseq=181 icode= >,1je8_A_A,2.12
254,0.271,ILE, ,N,33.91,5.31,0.0,2.60,1.0,<Residue ILE het=  resseq=182 icode= >,1je8_A_A,2.12
255,7.815,ILE, ,CA,31.39,3.84,4.046,2.99,1.0,<Residue ILE het=  resseq=182 icode= >,1je8_A_A,2.12
256,3.667,ILE, ,C,30.91,3.85,0.0,4.08,1.0,<Residue ILE het=  resseq=182 icode= >,1je8_A_A,2.12
257,4.082,ILE, ,O,30.57,5.03,0.0,3.20,1.0,<Residue ILE het=  resseq=182 icode= >,1je8_A_A,2.12
258,1.801,ILE, ,CB,31.54,3.62,1.801,2.23,1.0,<Residue ILE het=  resseq=182 icode= >,1je8_A_A,2.12
259,0.0,ILE, ,CG1,31.35,4.72,0.0,1.55,1.0,<Residue ILE het=  resseq=182 icode= >,1je8_A_A,2.12
260,24.328,ILE, ,CG2,31.27,3.33,16.949,1.34,1.0,<Residue ILE het=  resseq=182 icode= >,1je8_A_A,2.12
261,0.0,ILE, ,CD1,25.27,3.99,0.0,2.37,1.0,<Residue ILE het=  resseq=182 icode= >,1je8_A_A,2.12
262,1.459,THR, ,N,29.1,2.96,1.262,3.57,1.0,<Residue THR het=  resseq=183 icode= >,1je8_A_A,2.12
263,7.959,THR, ,CA,27.84,3.83,0.0,2.77,1.0,<Residue THR het=  resseq=183 icode= >,1je8_A_A,2.12
264,0.0,THR, ,C,29.29,4.59,0.0,3.30,1.0,<Residue THR het=  resseq=183 icode= >,1je8_A_A,2.12
265,0.0,THR, ,O,29.09,4.46,0.0,2.99,1.0,<Residue THR het=  resseq=183 icode= >,1je8_A_A,2.12
266,9.565,THR, ,CB,28.39,3.65,4.236,3.01,1.0,<Residue THR het=  resseq=183 icode= >,1je8_A_A,2.12
267,4.417,THR, ,OG1,27.81,3.04,4.417,2.88,1.0,<Residue THR het=  resseq=183 icode= >,1je8_A_A,2.12
268,65.865,THR, ,CG2,22.76,3.52,34.561,2.24,1.0,<Residue THR het=  resseq=183 icode= >,1je8_A_A,2.12
269,5.292,GLU, ,N,29.08,5.55,0.0,3.01,1.0,<Residue GLU het=  resseq=184 icode= >,1je8_A_A,2.12
270,0.0,GLU, ,CA,29.01,6.40,0.0,2.47,1.0,<Residue GLU het=  resseq=184 icode= >,1je8_A_A,2.12
271,0.0,GLU, ,C,27.67,6.03,0.0,3.03,1.0,<Residue GLU het=  resseq=184 icode= >,1je8_A_A,2.12
272,0.0,GLU, ,O,26.98,6.99,0.0,2.49,1.0,<Residue GLU het=  resseq=184 icode= >,1je8_A_A,2.12
273,18.812,GLU, ,CB,30.41,6.82,0.0,2.77,1.0,<Residue GLU het=  resseq=184 icode= >,1je8_A_A,2.12
274,0.0,GLU, ,CG,34.92,6.32,0.0,1.97,1.0,<Residue GLU het=  resseq=184 icode= >,1je8_A_A,2.12
275,4.399,GLU, ,CD,36.97,5.83,0.0,3.76,1.0,<Residue GLU het=  resseq=184 icode= >,1je8_A_A,2.12
276,17.589,GLU, ,OE1,37.54,5.80,0.0,2.93,1.0,<Residue GLU het=  resseq=184 icode= >,1je8_A_A,2.12
277,17.501,GLU, ,OE2,39.81,5.14,4.312,2.02,1.0,<Residue GLU het=  resseq=184 icode= >,1je8_A_A,2.12
278,1.171,SER, ,N,25.92,4.78,0.0,2.69,1.0,<Residue SER het=  resseq=185 icode= >,1je8_A_A,2.12
279,5.453,SER, ,CA,25.19,4.40,1.19,3.03,1.0,<Residue SER het=  resseq=185 icode= >,1je8_A_A,2.12
280,0.131,SER, ,C,23.84,4.65,0.131,4.09,1.0,<Residue SER het=  resseq=185 icode= >,1je8_A_A,2.12
281,1.294,SER, ,O,23.11,4.58,1.132,4.08,1.0,<Residue SER het=  resseq=185 icode= >,1je8_A_A,2.12
282,31.262,SER, ,CB,24.51,3.51,31.075,2.99,1.0,<Residue SER het=  resseq=185 icode= >,1je8_A_A,2.12
283,38.027,SER, ,OG,28.04,3.01,18.421,2.78,1.0,<Residue SER het=  resseq=185 icode= >,1je8_A_A,2.12
284,0.265,THR, ,N,23.31,4.45,0.265,3.59,1.0,<Residue THR het=  resseq=186 icode= >,1je8_A_A,2.12
285,2.773,THR, ,CA,24.46,4.33,2.773,2.52,1.0,<Residue THR het=  resseq=186 icode= >,1je8_A_A,2.12
286,0.0,THR, ,C,22.42,5.53,0.0,4.02,1.0,<Residue THR het=  resseq=186 icode= >,1je8_A_A,2.12
287,0.0,THR, ,O,25.66,4.91,0.0,3.30,1.0,<Residue THR het=  resseq=186 icode= >,1je8_A_A,2.12
288,0.017,THR, ,CB,23.18,3.37,0.017,2.82,1.0,<Residue THR het=  resseq=186 icode= >,1je8_A_A,2.12
289,26.26,THR, ,OG1,25.14,2.65,26.26,2.93,1.0,<Residue THR het=  resseq=186 icode= >,1je8_A_A,2.12
290,21.765,THR, ,CG2,20.04,3.56,21.765,2.13,1.0,<Residue THR het=  resseq=186 icode= >,1je8_A_A,2.12
291,0.0,VAL, ,N,23.31,5.99,0.0,3.98,1.0,<Residue VAL het=  resseq=187 icode= >,1je8_A_A,2.12
292,0.0,VAL, ,CA,22.97,6.94,0.0,3.04,1.0,<Residue VAL het=  resseq=187 icode= >,1je8_A_A,2.12
293,0.0,VAL, ,C,23.0,7.56,0.0,4.40,1.0,<Residue VAL het=  resseq=187 icode= >,1je8_A_A,2.12
294,0.0,VAL, ,O,23.23,7.56,0.0,3.98,1.0,<Residue VAL het=  resseq=187 icode= >,1je8_A_A,2.12
295,0.0,VAL, ,CB,23.89,7.78,0.0,2.65,1.0,<Residue VAL het=  resseq=187 icode= >,1je8_A_A,2.12
296,0.0,VAL, ,CG1,20.37,7.53,0.0,1.99,1.0,<Residue VAL het=  resseq=187 icode= >,1je8_A_A,2.12
297,0.0,VAL, ,CG2,21.67,7.20,0.0,2.01,1.0,<Residue VAL het=  resseq=187 icode= >,1je8_A_A,2.12
298,0.0,LYS, ,N,24.27,6.83,0.0,3.63,1.0,<Residue LYS het=  resseq=188 icode= >,1je8_A_A,2.12
299,0.59,LYS, ,CA,24.64,5.65,0.0,2.61,1.0,<Residue LYS het=  resseq=188 icode= >,1je8_A_A,2.12
300,0.079,LYS, ,C,24.96,6.24,0.0,3.31,1.0,<Residue LYS het=  resseq=188 icode= >,1je8_A_A,2.12
301,2.853,LYS, ,O,24.24,5.98,0.0,4.17,1.0,<Residue LYS het=  resseq=188 icode= >,1je8_A_A,2.12
302,14.571,LYS, ,CB,24.18,4.64,4.139,2.29,1.0,<Residue LYS het=  resseq=188 icode= >,1je8_A_A,2.12
303,4.299,LYS, ,CG,24.23,4.08,3.886,2.05,1.0,<Residue LYS het=  resseq=188 icode= >,1je8_A_A,2.12
304,21.211,LYS, ,CD,23.71,3.79,8.492,2.64,1.0,<Residue LYS het=  resseq=188 icode= >,1je8_A_A,2.12
305,17.426,LYS, ,CE,22.74,3.83,16.822,3.09,1.0,<Residue LYS het=  resseq=188 icode= >,1je8_A_A,2.12
306,38.725,LYS, ,NZ,23.2,4.41,7.868,2.90,1.0,<Residue LYS het=  resseq=188 icode= >,1je8_A_A,2.12
307,0.0,VAL, ,N,26.64,5.56,0.0,2.13,1.0,<Residue VAL het=  resseq=189 icode= >,1je8_A_A,2.12
308,0.036,VAL, ,CA,24.28,5.45,0.0,2.69,1.0,<Residue VAL het=  resseq=189 icode= >,1je8_A_A,2.12
309,0.0,VAL, ,C,24.39,5.47,0.0,4.35,1.0,<Residue VAL het=  resseq=189 icode= >,1je8_A_A,2.12
310,0.0,VAL, ,O,24.21,6.08,0.0,3.67,1.0,<Residue VAL het=  resseq=189 icode= >,1je8_A_A,2.12
311,0.923,VAL, ,CB,24.72,4.14,0.923,3.01,1.0,<Residue VAL het=  resseq=189 icode= >,1je8_A_A,2.12
312,23.195,VAL, ,CG1,23.13,3.65,21.92,1.53,1.0,<Residue VAL het=  resseq=189 icode= >,1je8_A_A,2.12
313,36.178,VAL, ,CG2,21.48,3.35,35.489,1.96,1.0,<Residue VAL het=  resseq=189 icode= >,1je8_A_A,2.12
314,0.0,HIS, ,N,23.71,5.29,0.0,3.96,1.0,<Residue HIS het=  resseq=190 icode= >,1je8_A_A,2.12
315,0.0,HIS, ,CA,24.21,5.88,0.0,3.51,1.0,<Residue HIS het=  resseq=190 icode= >,1je8_A_A,2.12
316,0.0,HIS, ,C,24.06,7.34,0.0,3.91,1.0,<Residue HIS het=  resseq=190 icode= >,1je8_A_A,2.12
317,0.0,HIS, ,O,23.94,7.99,0.0,4.05,1.0,<Residue HIS het=  resseq=190 icode= >,1je8_A_A,2.12
318,0.0,HIS, ,CB,21.25,6.08,0.0,2.88,1.0,<Residue HIS het=  resseq=190 icode= >,1je8_A_A,2.12
319,0.0,HIS, ,CG,23.32,4.85,0.0,2.89,1.0,<Residue HIS het=  resseq=190 icode= >,1je8_A_A,2.12
320,2.729,HIS, ,ND1,24.92,4.39,0.967,3.76,1.0,<Residue HIS het=  resseq=190 icode= >,1je8_A_A,2.12
321,0.0,HIS, ,CD2,23.22,3.73,0.0,2.56,1.0,<Residue HIS het=  resseq=190 icode= >,1je8_A_A,2.12
322,25.519,HIS, ,CE1,24.23,3.60,24.529,2.87,1.0,<Residue HIS het=  resseq=190 icode= >,1je8_A_A,2.12
323,3.142,HIS, ,NE2,26.36,2.72,3.142,2.00,1.0,<Residue HIS het=  resseq=190 icode= >,1je8_A_A,2.12
324,0.0,VAL, ,N,25.06,7.28,0.0,3.53,1.0,<Residue VAL het=  resseq=191 icode= >,1je8_A_A,2.12
325,0.0,VAL, ,CA,24.83,6.07,0.0,3.53,1.0,<Residue VAL het=  resseq=191 icode= >,1je8_A_A,2.12
326,0.0,VAL, ,C,25.91,6.03,0.0,4.08,1.0,<Residue VAL het=  resseq=191 icode= >,1je8_A_A,2.12
327,0.0,VAL, ,O,25.75,6.09,0.0,3.40,1.0,<Residue VAL het=  resseq=191 icode= >,1je8_A_A,2.12
328,0.58,VAL, ,CB,24.13,4.86,0.0,3.02,1.0,<Residue VAL het=  resseq=191 icode= >,1je8_A_A,2.12
329,10.752,VAL, ,CG1,24.63,3.59,5.399,2.37,1.0,<Residue VAL het=  resseq=191 icode= >,1je8_A_A,2.12
330,0.0,VAL, ,CG2,25.84,5.36,0.0,1.71,1.0,<Residue VAL het=  resseq=191 icode= >,1je8_A_A,2.12
331,0.09,LYS, ,N,23.99,6.37,0.0,4.19,1.0,<Residue LYS het=  resseq=192 icode= >,1je8_A_A,2.12
332,0.876,LYS, ,CA,24.24,5.92,0.008,3.15,1.0,<Residue LYS het=  resseq=192 icode= >,1je8_A_A,2.12
333,0.248,LYS, ,C,25.39,6.43,0.0,3.44,1.0,<Residue LYS het=  resseq=192 icode= >,1je8_A_A,2.12
334,4.568,LYS, ,O,26.11,6.10,0.0,2.99,1.0,<Residue LYS het=  resseq=192 icode= >,1je8_A_A,2.12
335,25.676,LYS, ,CB,24.9,4.58,17.674,2.37,1.0,<Residue LYS het=  resseq=192 icode= >,1je8_A_A,2.12
336,2.645,LYS, ,CG,26.83,5.00,0.0,2.36,1.0,<Residue LYS het=  resseq=192 icode= >,1je8_A_A,2.12
337,27.613,LYS, ,CD,25.5,3.97,23.017,2.45,1.0,<Residue LYS het=  resseq=192 icode= >,1je8_A_A,2.12
338,16.107,LYS, ,CE,22.66,3.81,6.774,2.92,1.0,<Residue LYS het=  resseq=192 icode= >,1je8_A_A,2.12
339,45.815,LYS, ,NZ,23.58,2.86,44.392,2.86,1.0,<Residue LYS het=  resseq=192 icode= >,1je8_A_A,2.12
340,0.0,HIS, ,N,24.85,7.48,0.0,3.34,1.0,<Residue HIS het=  resseq=193 icode= >,1je8_A_A,2.12
341,1.722,HIS, ,CA,26.07,8.21,0.0,3.03,1.0,<Residue HIS het=  resseq=193 icode= >,1je8_A_A,2.12
342,0.0,HIS, ,C,25.52,8.76,0.0,4.46,1.0,<Residue HIS het=  resseq=193 icode= >,1je8_A_A,2.12
343,0.019,HIS, ,O,25.2,8.53,0.0,3.67,1.0,<Residue HIS het=  resseq=193 icode= >,1je8_A_A,2.12
344,0.34,HIS, ,CB,26.49,7.53,0.0,2.77,1.0,<Residue HIS het=  resseq=193 icode= >,1je8_A_A,2.12
345,1.867,HIS, ,CG,29.87,6.70,0.0,3.26,1.0,<Residue HIS het=  resseq=193 icode= >,1je8_A_A,2.12
346,9.245,HIS, ,ND1,30.15,5.45,0.68,3.17,1.0,<Residue HIS het=  resseq=193 icode= >,1je8_A_A,2.12
347,18.116,HIS, ,CD2,29.89,7.16,0.0,2.41,1.0,<Residue HIS het=  resseq=193 icode= >,1je8_A_A,2.12
348,27.745,HIS, ,CE1,31.0,5.15,5.139,2.77,1.0,<Residue HIS het=  resseq=193 icode= >,1je8_A_A,2.12
349,21.776,HIS, ,NE2,30.59,5.95,0.0,3.15,1.0,<Residue HIS het=  resseq=193 icode= >,1je8_A_A,2.12
350,0.0,MET, ,N,26.45,8.90,0.0,3.09,1.0,<Residue MET het=  resseq=194 icode= >,1je8_A_A,2.12
351,0.0,MET, ,CA,26.32,9.19,0.0,3.11,1.0,<Residue MET het=  resseq=194 icode= >,1je8_A_A,2.12
352,0.0,MET, ,C,26.4,8.14,0.0,4.18,1.0,<Residue MET het=  resseq=194 icode= >,1je8_A_A,2.12
353,0.0,MET, ,O,25.43,8.60,0.0,3.38,1.0,<Residue MET het=  resseq=194 icode= >,1je8_A_A,2.12
354,0.0,MET, ,CB,28.05,9.08,0.0,2.79,1.0,<Residue MET het=  resseq=194 icode= >,1je8_A_A,2.12
355,0.0,MET, ,CG,27.7,9.51,0.0,2.38,1.0,<Residue MET het=  resseq=194 icode= >,1je8_A_A,2.12
356,0.0,MET, ,S,32.65,8.51,0.0,13.05,1.0,<Residue MET het=  resseq=194 icode= >,1je8_A_A,2.12
357,0.0,MET, ,CE,31.59,7.14,0.0,1.69,1.0,<Residue MET het=  resseq=194 icode= >,1je8_A_A,2.12
358,0.0,LEU, ,N,26.42,6.90,0.0,3.25,1.0,<Residue LEU het=  resseq=195 icode= >,1je8_A_A,2.12
359,0.0,LEU, ,CA,26.6,5.89,0.0,2.75,1.0,<Residue LEU het=  resseq=195 icode= >,1je8_A_A,2.12
360,0.95,LEU, ,C,27.93,5.91,0.0,3.37,1.0,<Residue LEU het=  resseq=195 icode= >,1je8_A_A,2.12
361,1.382,LEU, ,O,26.96,6.10,0.0,3.23,1.0,<Residue LEU het=  resseq=195 icode= >,1je8_A_A,2.12
362,6.961,LEU, ,CB,27.02,4.59,4.733,1.76,1.0,<Residue LEU het=  resseq=195 icode= >,1je8_A_A,2.12
363,0.43,LEU, ,CG,28.88,4.49,0.43,2.61,1.0,<Residue LEU het=  resseq=195 icode= >,1je8_A_A,2.12
364,0.0,LEU, ,CD1,25.99,5.52,0.0,2.15,1.0,<Residue LEU het=  resseq=195 icode= >,1je8_A_A,2.12
365,25.237,LEU, ,CD2,22.39,4.08,24.39,2.77,1.0,<Residue LEU het=  resseq=195 icode= >,1je8_A_A,2.12
366,0.325,LYS, ,N,28.87,6.16,0.0,2.87,1.0,<Residue LYS het=  resseq=196 icode= >,1je8_A_A,2.12
367,9.095,LYS, ,CA,31.1,6.30,0.0,2.71,1.0,<Residue LYS het=  resseq=196 icode= >,1je8_A_A,2.12
368,0.0,LYS, ,C,31.63,7.53,0.0,3.98,1.0,<Residue LYS het=  resseq=196 icode= >,1je8_A_A,2.12
369,8.021,LYS, ,O,32.4,7.88,0.0,2.85,1.0,<Residue LYS het=  resseq=196 icode= >,1je8_A_A,2.12
370,8.559,LYS, ,CB,31.21,5.34,2.341,2.37,1.0,<Residue LYS het=  resseq=196 icode= >,1je8_A_A,2.12
371,15.212,LYS, ,CG,33.82,5.14,1.183,1.86,1.0,<Residue LYS het=  resseq=196 icode= >,1je8_A_A,2.12
372,29.882,LYS, ,CD,33.44,4.68,8.344,1.80,1.0,<Residue LYS het=  resseq=196 icode= >,1je8_A_A,2.12
373,48.54,LYS, ,CE,36.07,5.26,0.0,1.80,1.0,<Residue LYS het=  resseq=196 icode= >,1je8_A_A,2.12
374,45.605,LYS, ,NZ,36.92,4.82,3.34,1.60,1.0,<Residue LYS het=  resseq=196 icode= >,1je8_A_A,2.12
375,0.0,LYS, ,N,33.24,8.39,0.0,3.01,1.0,<Residue LYS het=  resseq=197 icode= >,1je8_A_A,2.12
376,9.031,LYS, ,CA,35.64,9.67,0.0,2.66,1.0,<Residue LYS het=  resseq=197 icode= >,1je8_A_A,2.12
377,0.023,LYS, ,C,36.05,10.46,0.0,2.86,1.0,<Residue LYS het=  resseq=197 icode= >,1je8_A_A,2.12
378,20.388,LYS, ,O,36.17,11.21,0.0,2.44,1.0,<Residue LYS het=  resseq=197 icode= >,1je8_A_A,2.12
379,3.538,LYS, ,CB,35.92,10.58,0.0,1.73,1.0,<Residue LYS het=  resseq=197 icode= >,1je8_A_A,2.12
380,16.55,LYS, ,CG,39.02,9.92,0.0,1.46,1.0,<Residue LYS het=  resseq=197 icode= >,1je8_A_A,2.12
381,2.232,LYS, ,CD,41.59,8.56,0.0,1.61,1.0,<Residue LYS het=  resseq=197 icode= >,1je8_A_A,2.12
382,31.334,LYS, ,CE,43.89,7.53,0.0,1.72,1.0,<Residue LYS het=  resseq=197 icode= >,1je8_A_A,2.12
383,9.177,LYS, ,NZ,45.21,6.21,0.0,1.23,1.0,<Residue LYS het=  resseq=197 icode= >,1je8_A_A,2.12
384,0.0,MET, ,N,36.02,9.85,0.0,3.01,1.0,<Residue MET het=  resseq=198 icode= >,1je8_A_A,2.12
385,0.936,MET, ,CA,36.45,10.30,0.0,2.98,1.0,<Residue MET het=  resseq=198 icode= >,1je8_A_A,2.12
386,0.791,MET, ,C,35.55,9.71,0.0,3.73,1.0,<Residue MET het=  resseq=198 icode= >,1je8_A_A,2.12
387,0.0,MET, ,O,37.02,10.20,0.0,2.64,1.0,<Residue MET het=  resseq=198 icode= >,1je8_A_A,2.12
388,0.0,MET, ,CB,37.53,10.37,0.0,1.76,1.0,<Residue MET het=  resseq=198 icode= >,1je8_A_A,2.12
389,0.0,MET, ,CG,41.0,11.35,0.0,2.09,1.0,<Residue MET het=  resseq=198 icode= >,1je8_A_A,2.12
390,2.437,MET, ,S,43.45,13.15,0.0,10.85,1.0,<Residue MET het=  resseq=198 icode= >,1je8_A_A,2.12
391,0.0,MET, ,CE,43.23,12.57,0.0,1.50,1.0,<Residue MET het=  resseq=198 icode= >,1je8_A_A,2.12
392,0.0,LYS, ,N,34.9,8.87,0.0,2.99,1.0,<Residue LYS het=  resseq=199 icode= >,1je8_A_A,2.12
393,7.811,LYS, ,CA,34.03,8.48,0.0,2.46,1.0,<Residue LYS het=  resseq=199 icode= >,1je8_A_A,2.12
394,3.321,LYS, ,C,32.81,8.08,0.0,2.83,1.0,<Residue LYS het=  resseq=199 icode= >,1je8_A_A,2.12
395,11.63,LYS, ,O,30.28,8.78,0.0,2.93,1.0,<Residue LYS het=  resseq=199 icode= >,1je8_A_A,2.12
396,10.465,LYS, ,CB,37.95,9.78,0.0,1.64,1.0,<Residue LYS het=  resseq=199 icode= >,1je8_A_A,2.12
397,10.376,LYS, ,CG,40.33,10.48,0.0,1.47,1.0,<Residue LYS het=  resseq=199 icode= >,1je8_A_A,2.12
398,28.632,LYS, ,CD,44.88,11.83,0.0,0.72,1.0,<Residue LYS het=  resseq=199 icode= >,1je8_A_A,2.12
399,43.019,LYS, ,CE,47.0,12.01,0.0,0.26,1.0,<Residue LYS het=  resseq=199 icode= >,1je8_A_A,2.12
400,48.992,LYS, ,NZ,49.44,13.28,0.0,0.40,1.0,<Residue LYS het=  resseq=199 icode= >,1je8_A_A,2.12
401,0.0,LEU, ,N,30.46,7.23,0.0,2.37,1.0,<Residue LEU het=  resseq=200 icode= >,1je8_A_A,2.12
402,0.0,LEU, ,CA,28.18,7.13,0.0,3.30,1.0,<Residue LEU het=  resseq=200 icode= >,1je8_A_A,2.12
403,1.429,LEU, ,C,28.73,5.81,0.0,4.38,1.0,<Residue LEU het=  resseq=200 icode= >,1je8_A_A,2.12
404,8.451,LEU, ,O,26.8,4.75,2.374,3.53,1.0,<Residue LEU het=  resseq=200 icode= >,1je8_A_A,2.12
405,0.0,LEU, ,CB,28.82,7.61,0.0,2.46,1.0,<Residue LEU het=  resseq=200 icode= >,1je8_A_A,2.12
406,0.0,LEU, ,CG,28.52,9.05,0.0,3.03,1.0,<Residue LEU het=  resseq=200 icode= >,1je8_A_A,2.12
407,0.0,LEU, ,CD1,28.51,9.40,0.0,1.57,1.0,<Residue LEU het=  resseq=200 icode= >,1je8_A_A,2.12
408,2.839,LEU, ,CD2,28.12,9.97,0.0,1.93,1.0,<Residue LEU het=  resseq=200 icode= >,1je8_A_A,2.12
409,0.0,LYS, ,N,27.46,6.10,0.0,3.46,1.0,<Residue LYS het=  resseq=201 icode= >,1je8_A_A,2.12
410,8.295,LYS, ,CA,29.59,5.30,2.236,2.73,1.0,<Residue LYS het=  resseq=201 icode= >,1je8_A_A,2.12
411,0.484,LYS, ,C,28.56,4.76,0.484,4.30,1.0,<Residue LYS het=  resseq=201 icode= >,1je8_A_A,2.12
412,26.65,LYS, ,O,27.26,4.10,17.148,4.04,1.0,<Residue LYS het=  resseq=201 icode= >,1je8_A_A,2.12
413,12.977,LYS, ,CB,31.84,6.17,0.0,1.70,1.0,<Residue LYS het=  resseq=201 icode= >,1je8_A_A,2.12
414,14.237,LYS, ,CG,33.31,6.76,0.0,1.48,1.0,<Residue LYS het=  resseq=201 icode= >,1je8_A_A,2.12
415,26.009,LYS, ,CD,35.33,7.52,0.389,1.38,1.0,<Residue LYS het=  resseq=201 icode= >,1je8_A_A,2.12
416,47.744,LYS, ,CE,38.34,8.30,0.0,1.65,1.0,<Residue LYS het=  resseq=201 icode= >,1je8_A_A,2.12
417,41.158,LYS, ,NZ,40.62,9.42,0.0,1.38,1.0,<Residue LYS het=  resseq=201 icode= >,1je8_A_A,2.12
418,0.0,SER, ,N,27.41,4.76,0.0,3.21,1.0,<Residue SER het=  resseq=202 icode= >,1je8_A_A,2.12
419,3.085,SER, ,CA,24.66,3.39,3.085,2.66,1.0,<Residue SER het=  resseq=202 icode= >,1je8_A_A,2.12
420,0.0,SER, ,C,24.24,3.52,0.0,4.19,1.0,<Residue SER het=  resseq=202 icode= >,1je8_A_A,2.12
421,0.0,SER, ,O,23.2,4.72,0.0,3.76,1.0,<Residue SER het=  resseq=202 icode= >,1je8_A_A,2.12
422,31.366,SER, ,CB,24.01,3.53,8.44,3.07,1.0,<Residue SER het=  resseq=202 icode= >,1je8_A_A,2.12
423,6.971,SER, ,OG,24.6,4.57,3.022,3.19,1.0,<Residue SER het=  resseq=202 icode= >,1je8_A_A,2.12
424,2.163,ARG, ,N,21.45,2.73,2.163,3.77,1.0,<Residue ARG het=  resseq=203 icode= >,1je8_A_A,2.12
425,0.0,ARG, ,CA,22.78,3.73,0.0,2.75,1.0,<Residue ARG het=  resseq=203 icode= >,1je8_A_A,2.12
426,0.24,ARG, ,C,23.02,4.86,0.24,4.40,1.0,<Residue ARG het=  resseq=203 icode= >,1je8_A_A,2.12
427,0.0,ARG, ,O,23.48,6.00,0.0,4.23,1.0,<Residue ARG het=  resseq=203 icode= >,1je8_A_A,2.12
428,0.583,ARG, ,CB,21.63,3.58,0.583,2.74,1.0,<Residue ARG het=  resseq=203 icode= >,1je8_A_A,2.12
429,8.802,ARG, ,CG,22.84,3.52,7.298,2.53,1.0,<Residue ARG het=  resseq=203 icode= >,1je8_A_A,2.12
430,34.682,ARG, ,CD,22.16,3.55,31.958,2.44,1.0,<Residue ARG het=  resseq=203 icode= >,1je8_A_A,2.12
431,9.955,ARG, ,NE,21.84,3.70,9.093,3.69,1.0,<Residue ARG het=  resseq=203 icode= >,1je8_A_A,2.12
432,1.76,ARG, ,CZ,21.99,3.94,1.76,4.14,1.0,<Residue ARG het=  resseq=203 icode= >,1je8_A_A,2.12
433,6.393,ARG, ,NH1,21.33,3.00,6.393,3.10,1.0,<Residue ARG het=  resseq=203 icode= >,1je8_A_A,2.12
434,0.0,ARG, ,NH2,22.08,4.12,0.0,2.68,1.0,<Residue ARG het=  resseq=203 icode= >,1je8_A_A,2.12
435,0.0,VAL, ,N,23.7,4.86,0.0,3.55,1.0,<Residue VAL het=  resseq=204 icode= >,1je8_A_A,2.12
436,1.902,VAL, ,CA,23.67,6.23,1.902,3.37,1.0,<Residue VAL het=  resseq=204 icode= >,1je8_A_A,2.12
437,0.0,VAL, ,C,24.0,7.09,0.0,4.72,1.0,<Residue VAL het=  resseq=204 icode= >,1je8_A_A,2.12
438,0.0,VAL, ,O,24.12,8.24,0.0,4.03,1.0,<Residue VAL het=  resseq=204 icode= >,1je8_A_A,2.12
439,4.656,VAL, ,CB,26.1,6.53,3.133,2.50,1.0,<Residue VAL het=  resseq=204 icode= >,1je8_A_A,2.12
440,45.651,VAL, ,CG1,25.29,7.15,45.224,2.42,1.0,<Residue VAL het=  resseq=204 icode= >,1je8_A_A,2.12
441,47.021,VAL, ,CG2,28.9,5.82,38.426,1.25,1.0,<Residue VAL het=  resseq=204 icode= >,1je8_A_A,2.12
442,0.012,GLU, ,N,24.6,6.78,0.012,2.98,1.0,<Residue GLU het=  resseq=205 icode= >,1je8_A_A,2.12
443,3.329,GLU, ,CA,23.83,7.90,1.559,3.25,1.0,<Residue GLU het=  resseq=205 icode= >,1je8_A_A,2.12
444,0.0,GLU, ,C,26.6,8.32,0.0,3.17,1.0,<Residue GLU het=  resseq=205 icode= >,1je8_A_A,2.12
445,0.767,GLU, ,O,25.08,9.53,0.0,3.66,1.0,<Residue GLU het=  resseq=205 icode= >,1je8_A_A,2.12
446,2.396,GLU, ,CB,20.42,7.80,0.0,3.32,1.0,<Residue GLU het=  resseq=205 icode= >,1je8_A_A,2.12
447,22.745,GLU, ,CG,23.29,8.20,16.297,2.48,1.0,<Residue GLU het=  resseq=205 icode= >,1je8_A_A,2.12
448,7.58,GLU, ,CD,23.68,8.88,0.0,4.48,1.0,<Residue GLU het=  resseq=205 icode= >,1je8_A_A,2.12
449,21.649,GLU, ,OE1,24.52,9.58,3.636,3.52,1.0,<Residue GLU het=  resseq=205 icode= >,1je8_A_A,2.12
450,4.31,GLU, ,OE2,25.77,8.79,0.0,2.79,1.0,<Residue GLU het=  resseq=205 icode= >,1je8_A_A,2.12
451,0.0,ALA, ,N,23.71,7.48,0.0,3.72,1.0,<Residue ALA het=  resseq=206 icode= >,1je8_A_A,2.12
452,0.0,ALA, ,CA,25.74,8.14,0.0,3.08,1.0,<Residue ALA het=  resseq=206 icode= >,1je8_A_A,2.12
453,0.0,ALA, ,C,26.83,9.07,0.0,3.47,1.0,<Residue ALA het=  resseq=206 icode= >,1je8_A_A,2.12
454,0.0,ALA, ,O,25.9,10.24,0.0,3.52,1.0,<Residue ALA het=  resseq=206 icode= >,1je8_A_A,2.12
455,0.0,ALA, ,CB,24.68,7.32,0.0,2.25,1.0,<Residue ALA het=  resseq=206 icode= >,1je8_A_A,2.12
456,0.0,ALA, ,N,25.16,8.72,0.0,3.29,1.0,<Residue ALA het=  resseq=207 icode= >,1je8_A_A,2.12
457,0.0,ALA, ,CA,27.71,9.80,0.0,2.74,1.0,<Residue ALA het=  resseq=207 icode= >,1je8_A_A,2.12
458,0.374,ALA, ,C,28.95,10.93,0.004,4.07,1.0,<Residue ALA het=  resseq=207 icode= >,1je8_A_A,2.12
459,0.0,ALA, ,O,27.56,12.10,0.0,4.00,1.0,<Residue ALA het=  resseq=207 icode= >,1je8_A_A,2.12
460,21.057,ALA, ,CB,26.35,9.42,20.708,2.14,1.0,<Residue ALA het=  resseq=207 icode= >,1je8_A_A,2.12
461,0.013,VAL, ,N,29.83,10.71,0.0,3.16,1.0,<Residue VAL het=  resseq=208 icode= >,1je8_A_A,2.12
462,3.563,VAL, ,CA,32.19,11.89,2.87,2.31,1.0,<Residue VAL het=  resseq=208 icode= >,1je8_A_A,2.12
463,0.0,VAL, ,C,35.0,12.66,0.0,3.37,1.0,<Residue VAL het=  resseq=208 icode= >,1je8_A_A,2.12
464,0.041,VAL, ,O,35.94,13.86,0.041,2.60,1.0,<Residue VAL het=  resseq=208 icode= >,1je8_A_A,2.12
465,1.217,VAL, ,CB,31.18,11.65,0.754,2.72,1.0,<Residue VAL het=  resseq=208 icode= >,1je8_A_A,2.12
466,30.444,VAL, ,CG1,32.28,12.98,21.958,1.69,1.0,<Residue VAL het=  resseq=208 icode= >,1je8_A_A,2.12
467,38.935,VAL, ,CG2,28.69,11.20,38.834,1.93,1.0,<Residue VAL het=  resseq=208 icode= >,1je8_A_A,2.12
468,0.381,TRP, ,N,36.15,12.06,0.0,3.03,1.0,<Residue TRP het=  resseq=209 icode= >,1je8_A_A,2.12
469,1.001,TRP, ,CA,36.78,12.90,0.0,2.91,1.0,<Residue TRP het=  resseq=209 icode= >,1je8_A_A,2.12
470,0.0,TRP, ,C,37.6,13.70,0.0,3.81,1.0,<Residue TRP het=  resseq=209 icode= >,1je8_A_A,2.12
471,0.0,TRP, ,O,39.21,14.91,0.0,1.89,1.0,<Residue TRP het=  resseq=209 icode= >,1je8_A_A,2.12
472,6.036,TRP, ,CB,35.75,12.16,0.0,1.60,1.0,<Residue TRP het=  resseq=209 icode= >,1je8_A_A,2.12
473,0.0,TRP, ,CG,36.69,13.11,0.0,1.66,1.0,<Residue TRP het=  resseq=209 icode= >,1je8_A_A,2.12
474,7.521,TRP, ,CD1,35.6,14.36,0.0,2.06,1.0,<Residue TRP het=  resseq=209 icode= >,1je8_A_A,2.12
475,0.0,TRP, ,CD2,34.43,13.07,0.0,2.48,1.0,<Residue TRP het=  resseq=209 icode= >,1je8_A_A,2.12
476,2.163,TRP, ,NE1,34.55,15.05,0.0,1.91,1.0,<Residue TRP het=  resseq=209 icode= >,1je8_A_A,2.12
477,0.0,TRP, ,CE2,35.62,14.34,0.0,2.41,1.0,<Residue TRP het=  resseq=209 icode= >,1je8_A_A,2.12
478,0.0,TRP, ,CE3,35.43,12.21,0.0,1.13,1.0,<Residue TRP het=  resseq=209 icode= >,1je8_A_A,2.12
479,2.606,TRP, ,CZ2,34.97,14.82,0.0,1.63,1.0,<Residue TRP het=  resseq=209 icode= >,1je8_A_A,2.12
480,0.0,TRP, ,CZ3,33.93,12.76,0.0,2.22,1.0,<Residue TRP het=  resseq=209 icode= >,1je8_A_A,2.12
481,0.0,TRP, ,CH2,33.61,14.07,0.0,2.50,1.0,<Residue TRP het=  resseq=209 icode= >,1je8_A_A,2.12
482,0.0,VAL, ,N,37.54,13.15,0.0,3.02,1.0,<Residue VAL het=  resseq=210 icode= >,1je8_A_A,2.12
483,0.0,VAL, ,CA,37.8,14.05,0.0,2.95,1.0,<Residue VAL het=  resseq=210 icode= >,1je8_A_A,2.12
484,0.0,VAL, ,C,40.01,15.20,0.0,2.79,1.0,<Residue VAL het=  resseq=210 icode= >,1je8_A_A,2.12
485,0.661,VAL, ,O,38.47,16.33,0.0,2.55,1.0,<Residue VAL het=  resseq=210 icode= >,1je8_A_A,2.12
486,0.0,VAL, ,CB,36.9,13.41,0.0,2.69,1.0,<Residue VAL het=  resseq=210 icode= >,1je8_A_A,2.12
487,6.729,VAL, ,CG1,35.5,14.59,0.0,2.04,1.0,<Residue VAL het=  resseq=210 icode= >,1je8_A_A,2.12
488,0.0,VAL, ,CG2,36.88,12.66,0.0,1.72,1.0,<Residue VAL het=  resseq=210 icode= >,1je8_A_A,2.12
489,0.0,HIS, ,N,41.61,15.00,0.0,2.34,1.0,<Residue HIS het=  resseq=211 icode= >,1je8_A_A,2.12
490,3.218,HIS, ,CA,43.86,16.16,0.0,2.31,1.0,<Residue HIS het=  resseq=211 icode= >,1je8_A_A,2.12
491,1.188,HIS, ,C,45.65,17.10,1.188,2.87,1.0,<Residue HIS het=  resseq=211 icode= >,1je8_A_A,2.12
492,7.524,HIS, ,O,46.53,18.31,0.439,1.77,1.0,<Residue HIS het=  resseq=211 icode= >,1je8_A_A,2.12
493,19.851,HIS, ,CB,42.39,15.80,18.818,2.00,1.0,<Residue HIS het=  resseq=211 icode= >,1je8_A_A,2.12
494,3.027,HIS, ,CG,41.74,15.46,3.027,2.91,1.0,<Residue HIS het=  resseq=211 icode= >,1je8_A_A,2.12
495,24.428,HIS, ,ND1,42.61,16.50,10.265,2.07,1.0,<Residue HIS het=  resseq=211 icode= >,1je8_A_A,2.12
496,8.287,HIS, ,CD2,39.42,14.32,7.827,2.34,1.0,<Residue HIS het=  resseq=211 icode= >,1je8_A_A,2.12
497,42.093,HIS, ,CE1,41.69,15.77,27.744,2.05,1.0,<Residue HIS het=  resseq=211 icode= >,1je8_A_A,2.12
498,5.677,HIS, ,NE2,40.26,14.58,5.674,2.28,1.0,<Residue HIS het=  resseq=211 icode= >,1je8_A_A,2.12
499,0.0,GLN, ,N,49.06,16.64,0.0,2.49,1.0,<Residue GLN het=  resseq=212 icode= >,1je8_A_A,2.12
500,5.583,GLN, ,CA,53.01,17.61,0.477,1.99,1.0,<Residue GLN het=  resseq=212 icode= >,1je8_A_A,2.12
501,0.424,GLN, ,C,55.06,18.43,0.0,2.59,1.0,<Residue GLN het=  resseq=212 icode= >,1je8_A_A,2.12
502,15.172,GLN, ,O,56.08,17.72,0.0,1.13,1.0,<Residue GLN het=  resseq=212 icode= >,1je8_A_A,2.12
503,5.831,GLN, ,CB,53.46,17.01,0.0,1.34,1.0,<Residue GLN het=  resseq=212 icode= >,1je8_A_A,2.12
504,22.033,GLN, ,CG,53.77,16.61,9.832,1.37,1.0,<Residue GLN het=  resseq=212 icode= >,1je8_A_A,2.12
505,5.461,GLN, ,CD,54.92,16.21,0.0,1.60,1.0,<Residue GLN het=  resseq=212 icode= >,1je8_A_A,2.12
506,30.088,GLN, ,OE1,54.68,15.94,3.255,1.70,1.0,<Residue GLN het=  resseq=212 icode= >,1je8_A_A,2.12
507,31.697,GLN, ,NE2,55.43,16.06,0.0,0.70,1.0,<Residue GLN het=  resseq=212 icode= >,1je8_A_A,2.12
508,0.0,GLU, ,N,57.26,17.93,0.0,2.21,1.0,<Residue GLU het=  resseq=213 icode= >,1je8_A_A,2.12
509,6.48,GLU, ,CA,59.64,18.83,0.0,2.22,1.0,<Residue GLU het=  resseq=213 icode= >,1je8_A_A,2.12
510,2.317,GLU, ,C,61.22,19.34,0.0,2.10,1.0,<Residue GLU het=  resseq=213 icode= >,1je8_A_A,2.12
511,16.973,GLU, ,O,62.12,20.03,0.0,0.87,1.0,<Residue GLU het=  resseq=213 icode= >,1je8_A_A,2.12
512,3.13,GLU, ,CB,60.58,18.23,0.0,0.73,1.0,<Residue GLU het=  resseq=213 icode= >,1je8_A_A,2.12
513,30.983,GLU, ,CG,61.66,18.57,0.0,0.46,1.0,<Residue GLU het=  resseq=213 icode= >,1je8_A_A,2.12
514,6.649,GLU, ,CD,62.45,18.23,0.0,1.53,1.0,<Residue GLU het=  resseq=213 icode= >,1je8_A_A,2.12
515,2.245,GLU, ,OE1,63.3,17.08,0.0,0.61,1.0,<Residue GLU het=  resseq=213 icode= >,1je8_A_A,2.12
516,37.675,GLU, ,OE2,61.35,19.19,0.0,1.25,1.0,<Residue GLU het=  resseq=213 icode= >,1je8_A_A,2.12
517,0.0,ARG, ,N,62.44,1000.00,0.0,2.03,1.0,<Residue ARG het=  resseq=214 icode= >,1je8_A_A,2.12
518,4.711,ARG, ,CA,64.54,1000.00,0.0,1.50,1.0,<Residue ARG het=  resseq=214 icode= >,1je8_A_A,2.12
519,0.328,ARG, ,C,65.74,1000.00,0.0,1.71,1.0,<Residue ARG het=  resseq=214 icode= >,1je8_A_A,2.12
520,15.516,ARG, ,O,66.37,1000.00,0.0,0.66,1.0,<Residue ARG het=  resseq=214 icode= >,1je8_A_A,2.12
521,16.466,ARG, ,CB,65.52,1000.00,0.0,0.94,1.0,<Residue ARG het=  resseq=214 icode= >,1je8_A_A,2.12
522,13.052,ARG, ,CG,67.45,1000.00,0.0,0.43,1.0,<Residue ARG het=  resseq=214 icode= >,1je8_A_A,2.12
523,36.431,ARG, ,CD,69.16,1000.00,0.0,0.18,1.0,<Residue ARG het=  resseq=214 icode= >,1je8_A_A,2.12
524,20.905,ARG, ,NE,70.82,1000.00,0.0,0.26,1.0,<Residue ARG het=  resseq=214 icode= >,1je8_A_A,2.12
525,7.698,ARG, ,CZ,71.07,1000.00,0.0,0.92,1.0,<Residue ARG het=  resseq=214 icode= >,1je8_A_A,2.12
526,58.61,ARG, ,NH1,71.44,1000.00,14.938,0.38,1.0,<Residue ARG het=  resseq=214 icode= >,1je8_A_A,2.12
527,18.294,ARG, ,NH2,71.29,1000.00,0.0,0.81,1.0,<Residue ARG het=  resseq=214 icode= >,1je8_A_A,2.12
528,0.0,ILE, ,N,66.39,18.53,0.0,1.36,1.0,<Residue ILE het=  resseq=215 icode= >,1je8_A_A,2.12
529,6.715,ILE, ,CA,66.87,18.50,0.0,1.76,1.0,<Residue ILE het=  resseq=215 icode= >,1je8_A_A,2.12
530,0.0,ILE, ,C,67.65,18.66,0.0,1.78,1.0,<Residue ILE het=  resseq=215 icode= >,1je8_A_A,2.12
531,6.641,ILE, ,O,68.31,18.40,0.0,0.49,1.0,<Residue ILE het=  resseq=215 icode= >,1je8_A_A,2.12
532,0.0,ILE, ,CB,66.75,17.24,0.0,1.60,1.0,<Residue ILE het=  resseq=215 icode= >,1je8_A_A,2.12
533,7.369,ILE, ,CG1,66.45,17.12,0.0,1.38,1.0,<Residue ILE het=  resseq=215 icode= >,1je8_A_A,2.12
534,5.108,ILE, ,CG2,66.54,17.45,0.0,0.05,1.0,<Residue ILE het=  resseq=215 icode= >,1je8_A_A,2.12
535,1.822,ILE, ,CD1,66.9,15.88,0.0,0.33,1.0,<Residue ILE het=  resseq=215 icode= >,1je8_A_A,2.12
536,8.306,PHE, ,N,68.29,16.58,0.0,1.58,1.0,<Residue PHE het=  resseq=216 icode= >,1je8_A_A,2.12
537,11.204,PHE, ,CA,69.9,16.27,0.0,0.55,1.0,<Residue PHE het=  resseq=216 icode= >,1je8_A_A,2.12
538,12.515,PHE, ,C,70.8,17.57,0.0,0.70,1.0,<Residue PHE het=  resseq=216 icode= >,1je8_A_A,2.12
539,20.594,PHE, ,O,71.32,18.65,0.0,0.51,1.0,<Residue PHE het=  resseq=216 icode= >,1je8_A_A,2.12
540,14.773,PHE, ,CB,69.41,15.73,0.0,1.02,1.0,<Residue PHE het=  resseq=216 icode= >,1je8_A_A,2.12
541,0.0,PHE, ,CG,69.38,14.55,0.0,1.75,1.0,<Residue PHE het=  resseq=216 icode= >,1je8_A_A,2.12
542,7.316,PHE, ,CD1,69.7,13.47,0.0,0.95,1.0,<Residue PHE het=  resseq=216 icode= >,1je8_A_A,2.12
543,1.791,PHE, ,CD2,68.87,14.60,0.0,2.06,1.0,<Residue PHE het=  resseq=216 icode= >,1je8_A_A,2.12
544,0.876,PHE, ,CE1,69.86,12.41,0.0,0.75,1.0,<Residue PHE het=  resseq=216 icode= >,1je8_A_A,2.12
545,0.0,PHE, ,CE2,69.67,13.63,0.0,0.96,1.0,<Residue PHE het=  resseq=216 icode= >,1je8_A_A,2.12
546,0.0,PHE, ,CZ,69.63,12.47,0.0,0.86,1.0,<Residue PHE het=  resseq=216 icode= >,1je8_A_A,2.12
547,38.303,PHE, ,OXT,71.84,17.55,0.0,0.20,1.0,<Residue PHE het=  resseq=216 icode= >,1je8_A_A,2.12
