,ASA,aa,altloc,atom,bfac,d2r,dASA,dens,occ,residue,id,resolu
0,55.389,GLY, ,N,72.69,3.21,24.106,0.72,1.0,<Residue GLY het=  resseq=139 icode= >,1jko_C_A,2.24
1,46.843,GLY, ,CA,72.42,3.36,35.868,1.12,1.0,<Residue GLY het=  resseq=139 icode= >,1jko_C_A,2.24
2,4.85,GLY, ,C,75.65,3.69,4.618,1.36,1.0,<Residue GLY het=  resseq=139 icode= >,1jko_C_A,2.24
3,25.649,GLY, ,O,75.01,2.94,17.372,1.13,1.0,<Residue GLY het=  resseq=139 icode= >,1jko_C_A,2.24
4,10.205,ARG, ,N,79.08,2.71,10.205,0.13,1.0,<Residue ARG het=  resseq=140 icode= >,1jko_C_A,2.24
5,3.845,ARG, ,CA,76.15,3.40,3.845,1.36,1.0,<Residue ARG het=  resseq=140 icode= >,1jko_C_A,2.24
6,0.517,ARG, ,C,73.06,4.20,0.0,2.72,1.0,<Residue ARG het=  resseq=140 icode= >,1jko_C_A,2.24
7,19.393,ARG, ,O,72.47,3.15,16.93,1.78,1.0,<Residue ARG het=  resseq=140 icode= >,1jko_C_A,2.24
8,26.255,ARG, ,CB,72.14,3.00,26.255,0.40,1.0,<Residue ARG het=  resseq=140 icode= >,1jko_C_A,2.24
9,7.51,ARG, ,CG,63.48,3.66,7.51,0.70,1.0,<Residue ARG het=  resseq=140 icode= >,1jko_C_A,2.24
10,26.97,ARG, ,CD,68.95,3.30,26.97,0.96,1.0,<Residue ARG het=  resseq=140 icode= >,1jko_C_A,2.24
11,13.462,ARG, ,NE,69.08,3.04,10.699,1.90,1.0,<Residue ARG het=  resseq=140 icode= >,1jko_C_A,2.24
12,8.653,ARG, ,CZ,66.57,3.20,8.653,2.33,1.0,<Residue ARG het=  resseq=140 icode= >,1jko_C_A,2.24
13,50.279,ARG, ,NH1,65.77,2.94,48.16,0.78,1.0,<Residue ARG het=  resseq=140 icode= >,1jko_C_A,2.24
14,59.348,ARG, ,NH2,65.31,3.54,40.811,0.99,1.0,<Residue ARG het=  resseq=140 icode= >,1jko_C_A,2.24
15,0.007,PRO, ,N,67.24,4.45,0.0,3.66,1.0,<Residue PRO het=  resseq=141 icode= >,1jko_C_A,2.24
16,12.705,PRO, ,CA,65.3,5.23,0.0,3.19,1.0,<Residue PRO het=  resseq=141 icode= >,1jko_C_A,2.24
17,0.0,PRO, ,C,66.31,4.52,0.0,2.73,1.0,<Residue PRO het=  resseq=141 icode= >,1jko_C_A,2.24
18,6.267,PRO, ,O,67.54,4.04,3.698,1.14,1.0,<Residue PRO het=  resseq=141 icode= >,1jko_C_A,2.24
19,35.308,PRO, ,CB,70.47,4.60,0.644,1.42,1.0,<Residue PRO het=  resseq=141 icode= >,1jko_C_A,2.24
20,35.89,PRO, ,CG,69.76,3.50,24.917,0.60,1.0,<Residue PRO het=  resseq=141 icode= >,1jko_C_A,2.24
21,19.948,PRO, ,CD,67.01,3.14,19.701,1.47,1.0,<Residue PRO het=  resseq=141 icode= >,1jko_C_A,2.24
22,6.429,ARG, ,N,69.66,4.31,0.183,1.76,1.0,<Residue ARG het=  resseq=142 icode= >,1jko_C_A,2.24
23,7.913,ARG, ,CA,69.58,3.53,7.913,2.02,1.0,<Residue ARG het=  resseq=142 icode= >,1jko_C_A,2.24
24,1.987,ARG, ,C,73.72,3.92,0.497,2.73,1.0,<Residue ARG het=  resseq=142 icode= >,1jko_C_A,2.24
25,17.609,ARG, ,O,73.99,5.10,0.0,2.10,1.0,<Residue ARG het=  resseq=142 icode= >,1jko_C_A,2.24
26,7.544,ARG, ,CB,55.68,3.80,0.0,2.49,1.0,<Residue ARG het=  resseq=142 icode= >,1jko_C_A,2.24
27,14.314,ARG, ,CG,46.08,3.66,9.992,2.47,1.0,<Residue ARG het=  resseq=142 icode= >,1jko_C_A,2.24
28,20.473,ARG, ,CD,44.88,4.84,0.0,2.88,1.0,<Residue ARG het=  resseq=142 icode= >,1jko_C_A,2.24
29,19.388,ARG, ,NE,55.38,4.44,3.161,2.31,1.0,<Residue ARG het=  resseq=142 icode= >,1jko_C_A,2.24
30,5.212,ARG, ,CZ,64.66,3.99,2.505,1.78,1.0,<Residue ARG het=  resseq=142 icode= >,1jko_C_A,2.24
31,16.917,ARG, ,NH1,71.31,3.69,10.151,0.39,1.0,<Residue ARG het=  resseq=142 icode= >,1jko_C_A,2.24
32,59.727,ARG, ,NH2,66.9,3.83,18.596,1.10,1.0,<Residue ARG het=  resseq=142 icode= >,1jko_C_A,2.24
33,2.636,ALA, ,N,73.54,3.23,2.636,2.64,1.0,<Residue ALA het=  resseq=143 icode= >,1jko_C_A,2.24
34,7.599,ALA, ,CA,79.02,4.22,0.0,2.23,1.0,<Residue ALA het=  resseq=143 icode= >,1jko_C_A,2.24
35,2.845,ALA, ,C,80.72,4.94,0.0,2.78,1.0,<Residue ALA het=  resseq=143 icode= >,1jko_C_A,2.24
36,22.006,ALA, ,O,82.18,6.12,0.0,1.93,1.0,<Residue ALA het=  resseq=143 icode= >,1jko_C_A,2.24
37,29.557,ALA, ,CB,84.32,4.07,18.587,-0.13,1.0,<Residue ALA het=  resseq=143 icode= >,1jko_C_A,2.24
38,0.107,ILE, ,N,81.73,4.54,0.0,2.49,1.0,<Residue ILE het=  resseq=144 icode= >,1jko_C_A,2.24
39,1.583,ILE, ,CA,82.79,5.68,0.0,2.02,1.0,<Residue ILE het=  resseq=144 icode= >,1jko_C_A,2.24
40,0.0,ILE, ,C,87.72,6.08,0.0,1.40,1.0,<Residue ILE het=  resseq=144 icode= >,1jko_C_A,2.24
41,3.033,ILE, ,O,92.0,5.65,0.0,0.69,1.0,<Residue ILE het=  resseq=144 icode= >,1jko_C_A,2.24
42,0.0,ILE, ,CB,79.27,5.89,0.0,1.51,1.0,<Residue ILE het=  resseq=144 icode= >,1jko_C_A,2.24
43,0.0,ILE, ,CG1,80.33,4.93,0.0,0.86,1.0,<Residue ILE het=  resseq=144 icode= >,1jko_C_A,2.24
44,2.062,ILE, ,CG2,76.31,6.31,0.0,0.96,1.0,<Residue ILE het=  resseq=144 icode= >,1jko_C_A,2.24
45,0.0,ILE, ,CD1,78.56,5.64,0.0,0.35,1.0,<Residue ILE het=  resseq=144 icode= >,1jko_C_A,2.24
46,1.447,ASN, ,N,86.71,7.24,0.0,1.94,1.0,<Residue ASN het=  resseq=145 icode= >,1jko_C_A,2.24
47,4.929,ASN, ,CA,89.57,8.05,0.0,1.69,1.0,<Residue ASN het=  resseq=145 icode= >,1jko_C_A,2.24
48,0.55,ASN, ,C,91.72,8.85,0.0,1.54,1.0,<Residue ASN het=  resseq=145 icode= >,1jko_C_A,2.24
49,0.0,ASN, ,O,95.94,9.08,0.0,0.75,1.0,<Residue ASN het=  resseq=145 icode= >,1jko_C_A,2.24
50,31.266,ASN, ,CB,83.85,9.16,0.0,1.40,1.0,<Residue ASN het=  resseq=145 icode= >,1jko_C_A,2.24
51,5.725,ASN, ,CG,81.01,9.75,0.0,2.44,1.0,<Residue ASN het=  resseq=145 icode= >,1jko_C_A,2.24
52,11.929,ASN, ,OD1,81.64,10.42,0.0,1.36,1.0,<Residue ASN het=  resseq=145 icode= >,1jko_C_A,2.24
53,51.415,ASN, ,ND2,80.91,9.71,0.0,1.16,1.0,<Residue ASN het=  resseq=145 icode= >,1jko_C_A,2.24
54,9.175,LYS, ,N,90.41,9.53,0.0,1.20,1.0,<Residue LYS het=  resseq=146 icode= >,1jko_C_A,2.24
55,9.686,LYS, ,CA,88.09,10.49,0.0,1.00,1.0,<Residue LYS het=  resseq=146 icode= >,1jko_C_A,2.24
56,0.995,LYS, ,C,85.25,11.46,0.0,1.95,1.0,<Residue LYS het=  resseq=146 icode= >,1jko_C_A,2.24
57,14.204,LYS, ,O,83.53,12.15,0.0,1.38,1.0,<Residue LYS het=  resseq=146 icode= >,1jko_C_A,2.24
58,68.28,LYS, ,CB,91.9,11.44,0.0,0.98,1.0,<Residue LYS het=  resseq=146 icode= >,1jko_C_A,2.24
59,4.488,HIS, ,N,82.02,11.68,0.0,2.01,1.0,<Residue HIS het=  resseq=147 icode= >,1jko_C_A,2.24
60,37.481,HIS, ,CA,82.53,12.75,0.0,2.23,1.0,<Residue HIS het=  resseq=147 icode= >,1jko_C_A,2.24
61,3.803,HIS, ,C,83.52,12.46,0.0,2.83,1.0,<Residue HIS het=  resseq=147 icode= >,1jko_C_A,2.24
62,8.101,HIS, ,O,79.49,13.35,0.0,1.43,1.0,<Residue HIS het=  resseq=147 icode= >,1jko_C_A,2.24
63,1.827,GLU, ,N,87.83,11.33,0.0,1.69,1.0,<Residue GLU het=  resseq=148 icode= >,1jko_C_A,2.24
64,0.363,GLU, ,CA,88.6,11.11,0.0,1.70,1.0,<Residue GLU het=  resseq=148 icode= >,1jko_C_A,2.24
65,0.0,GLU, ,C,85.99,10.90,0.0,2.69,1.0,<Residue GLU het=  resseq=148 icode= >,1jko_C_A,2.24
66,0.0,GLU, ,O,86.05,11.53,0.0,1.27,1.0,<Residue GLU het=  resseq=148 icode= >,1jko_C_A,2.24
67,10.855,GLU, ,CB,89.56,10.02,0.0,1.19,1.0,<Residue GLU het=  resseq=148 icode= >,1jko_C_A,2.24
68,0.0,GLN, ,N,84.51,10.21,0.0,2.41,1.0,<Residue GLN het=  resseq=149 icode= >,1jko_C_A,2.24
69,12.83,GLN, ,CA,85.8,10.24,0.0,2.13,1.0,<Residue GLN het=  resseq=149 icode= >,1jko_C_A,2.24
70,4.014,GLN, ,C,86.61,11.72,0.0,2.82,1.0,<Residue GLN het=  resseq=149 icode= >,1jko_C_A,2.24
71,9.9,GLN, ,O,91.68,12.15,0.0,0.97,1.0,<Residue GLN het=  resseq=149 icode= >,1jko_C_A,2.24
72,0.073,GLU, ,N,88.46,12.59,0.0,2.06,1.0,<Residue GLU het=  resseq=150 icode= >,1jko_C_A,2.24
73,29.164,GLU, ,CA,87.01,14.02,0.0,1.50,1.0,<Residue GLU het=  resseq=150 icode= >,1jko_C_A,2.24
74,4.744,GLU, ,C,78.06,14.61,0.0,2.64,1.0,<Residue GLU het=  resseq=150 icode= >,1jko_C_A,2.24
75,8.29,GLU, ,O,74.62,15.40,0.0,1.17,1.0,<Residue GLU het=  resseq=150 icode= >,1jko_C_A,2.24
76,1.95,GLN, ,N,73.39,14.37,0.0,2.30,1.0,<Residue GLN het=  resseq=151 icode= >,1jko_C_A,2.24
77,12.172,GLN, ,CA,76.13,15.06,0.0,2.34,1.0,<Residue GLN het=  resseq=151 icode= >,1jko_C_A,2.24
78,0.0,GLN, ,C,81.07,14.74,0.0,2.27,1.0,<Residue GLN het=  resseq=151 icode= >,1jko_C_A,2.24
79,2.987,GLN, ,O,80.76,15.69,0.0,1.32,1.0,<Residue GLN het=  resseq=151 icode= >,1jko_C_A,2.24
80,13.644,GLN, ,CB,74.48,14.90,0.0,1.80,1.0,<Residue GLN het=  resseq=151 icode= >,1jko_C_A,2.24
81,5.366,GLN, ,CG,74.58,15.14,0.0,2.18,1.0,<Residue GLN het=  resseq=151 icode= >,1jko_C_A,2.24
82,4.063,GLN, ,CD,83.94,15.37,0.0,1.66,1.0,<Residue GLN het=  resseq=151 icode= >,1jko_C_A,2.24
83,27.468,GLN, ,OE1,82.81,14.79,0.0,1.27,1.0,<Residue GLN het=  resseq=151 icode= >,1jko_C_A,2.24
84,48.296,GLN, ,NE2,86.85,16.33,0.0,0.47,1.0,<Residue GLN het=  resseq=151 icode= >,1jko_C_A,2.24
85,0.0,ILE, ,N,86.57,13.47,0.0,1.36,1.0,<Residue ILE het=  resseq=152 icode= >,1jko_C_A,2.24
86,0.0,ILE, ,CA,83.77,13.20,0.0,2.14,1.0,<Residue ILE het=  resseq=152 icode= >,1jko_C_A,2.24
87,0.0,ILE, ,C,85.02,13.39,0.0,2.62,1.0,<Residue ILE het=  resseq=152 icode= >,1jko_C_A,2.24
88,0.0,ILE, ,O,92.06,12.55,0.0,1.04,1.0,<Residue ILE het=  resseq=152 icode= >,1jko_C_A,2.24
89,0.0,ILE, ,CB,77.61,11.70,0.0,2.12,1.0,<Residue ILE het=  resseq=152 icode= >,1jko_C_A,2.24
90,0.0,ILE, ,CG1,78.48,11.45,0.0,1.17,1.0,<Residue ILE het=  resseq=152 icode= >,1jko_C_A,2.24
91,0.0,ILE, ,CG2,70.38,11.54,0.0,1.59,1.0,<Residue ILE het=  resseq=152 icode= >,1jko_C_A,2.24
92,0.0,ILE, ,CD1,82.72,10.07,0.0,0.45,1.0,<Residue ILE het=  resseq=152 icode= >,1jko_C_A,2.24
93,0.0,SER, ,N,79.04,13.59,0.0,2.57,1.0,<Residue SER het=  resseq=153 icode= >,1jko_C_A,2.24
94,0.868,SER, ,CA,82.4,13.34,0.0,2.46,1.0,<Residue SER het=  resseq=153 icode= >,1jko_C_A,2.24
95,0.615,SER, ,C,86.13,13.53,0.0,2.28,1.0,<Residue SER het=  resseq=153 icode= >,1jko_C_A,2.24
96,5.067,SER, ,O,88.5,12.76,0.0,1.06,1.0,<Residue SER het=  resseq=153 icode= >,1jko_C_A,2.24
97,8.332,SER, ,CB,81.3,13.97,0.0,1.86,1.0,<Residue SER het=  resseq=153 icode= >,1jko_C_A,2.24
98,33.973,SER, ,OG,79.71,13.58,0.0,1.70,1.0,<Residue SER het=  resseq=153 icode= >,1jko_C_A,2.24
99,0.394,ARG, ,N,86.0,14.69,0.0,1.89,1.0,<Residue ARG het=  resseq=154 icode= >,1jko_C_A,2.24
100,35.315,ARG, ,CA,85.28,15.19,0.0,1.60,1.0,<Residue ARG het=  resseq=154 icode= >,1jko_C_A,2.24
101,4.483,ARG, ,C,81.3,14.33,0.0,2.25,1.0,<Residue ARG het=  resseq=154 icode= >,1jko_C_A,2.24
102,3.362,ARG, ,O,83.37,13.96,0.0,0.66,1.0,<Residue ARG het=  resseq=154 icode= >,1jko_C_A,2.24
103,1.411,LEU, ,N,73.05,14.16,0.0,3.28,1.0,<Residue LEU het=  resseq=155 icode= >,1jko_C_A,2.24
104,0.69,LEU, ,CA,68.72,13.50,0.0,3.16,1.0,<Residue LEU het=  resseq=155 icode= >,1jko_C_A,2.24
105,0.0,LEU, ,C,68.02,12.17,0.0,2.96,1.0,<Residue LEU het=  resseq=155 icode= >,1jko_C_A,2.24
106,0.0,LEU, ,O,68.14,12.02,0.0,1.70,1.0,<Residue LEU het=  resseq=155 icode= >,1jko_C_A,2.24
107,0.0,LEU, ,CB,64.97,13.42,0.0,1.79,1.0,<Residue LEU het=  resseq=155 icode= >,1jko_C_A,2.24
108,1.049,LEU, ,CG,57.04,14.78,0.0,2.37,1.0,<Residue LEU het=  resseq=155 icode= >,1jko_C_A,2.24
109,11.721,LEU, ,CD1,62.19,14.81,0.0,0.70,1.0,<Residue LEU het=  resseq=155 icode= >,1jko_C_A,2.24
110,37.742,LEU, ,CD2,58.55,15.32,0.0,0.74,1.0,<Residue LEU het=  resseq=155 icode= >,1jko_C_A,2.24
111,0.0,LEU, ,N,74.18,11.32,0.0,1.42,1.0,<Residue LEU het=  resseq=156 icode= >,1jko_C_A,2.24
112,0.0,LEU, ,CA,83.15,10.03,0.0,1.00,1.0,<Residue LEU het=  resseq=156 icode= >,1jko_C_A,2.24
113,1.442,LEU, ,C,89.36,10.36,0.0,1.80,1.0,<Residue LEU het=  resseq=156 icode= >,1jko_C_A,2.24
114,13.833,LEU, ,O,89.49,9.69,0.0,1.31,1.0,<Residue LEU het=  resseq=156 icode= >,1jko_C_A,2.24
115,11.718,LEU, ,CB,80.8,9.33,0.0,0.91,1.0,<Residue LEU het=  resseq=156 icode= >,1jko_C_A,2.24
116,0.0,LEU, ,CG,74.94,9.09,0.0,1.79,1.0,<Residue LEU het=  resseq=156 icode= >,1jko_C_A,2.24
117,3.655,LEU, ,CD1,63.75,8.87,0.0,0.61,1.0,<Residue LEU het=  resseq=156 icode= >,1jko_C_A,2.24
118,0.471,LEU, ,CD2,71.72,8.10,0.0,0.64,1.0,<Residue LEU het=  resseq=156 icode= >,1jko_C_A,2.24
119,0.0,GLU, ,N,95.15,11.54,0.0,1.71,1.0,<Residue GLU het=  resseq=157 icode= >,1jko_C_A,2.24
120,33.926,GLU, ,CA,100.81,11.94,0.0,1.52,1.0,<Residue GLU het=  resseq=157 icode= >,1jko_C_A,2.24
121,4.679,GLU, ,C,102.4,12.39,0.0,1.21,1.0,<Residue GLU het=  resseq=157 icode= >,1jko_C_A,2.24
122,32.524,GLU, ,O,105.93,12.57,0.0,1.00,1.0,<Residue GLU het=  resseq=157 icode= >,1jko_C_A,2.24
123,0.16,LYS, ,N,99.76,12.79,0.0,0.91,1.0,<Residue LYS het=  resseq=158 icode= >,1jko_C_A,2.24
124,11.988,LYS, ,CA,92.52,13.42,0.0,2.15,1.0,<Residue LYS het=  resseq=158 icode= >,1jko_C_A,2.24
125,4.429,LYS, ,C,90.87,12.45,0.0,2.41,1.0,<Residue LYS het=  resseq=158 icode= >,1jko_C_A,2.24
126,21.381,LYS, ,O,88.63,12.89,0.0,1.84,1.0,<Residue LYS het=  resseq=158 icode= >,1jko_C_A,2.24
127,39.904,LYS, ,CB,90.8,14.39,0.0,1.24,1.0,<Residue LYS het=  resseq=158 icode= >,1jko_C_A,2.24
128,1.802,GLY, ,N,88.68,11.15,0.0,1.23,1.0,<Residue GLY het=  resseq=159 icode= >,1jko_C_A,2.24
129,36.17,GLY, ,CA,82.26,10.20,0.0,1.65,1.0,<Residue GLY het=  resseq=159 icode= >,1jko_C_A,2.24
130,3.943,GLY, ,C,78.71,10.01,0.0,2.76,1.0,<Residue GLY het=  resseq=159 icode= >,1jko_C_A,2.24
131,20.633,GLY, ,O,75.33,10.58,0.0,1.59,1.0,<Residue GLY het=  resseq=159 icode= >,1jko_C_A,2.24
132,0.803,HIS, ,N,78.51,9.44,0.0,2.13,1.0,<Residue HIS het=  resseq=160 icode= >,1jko_C_A,2.24
133,0.0,HIS, ,CA,80.99,9.50,0.0,1.93,1.0,<Residue HIS het=  resseq=160 icode= >,1jko_C_A,2.24
134,2.405,HIS, ,C,83.93,8.15,0.0,2.00,1.0,<Residue HIS het=  resseq=160 icode= >,1jko_C_A,2.24
135,7.183,HIS, ,O,89.04,7.32,0.0,0.44,1.0,<Residue HIS het=  resseq=160 icode= >,1jko_C_A,2.24
136,0.0,HIS, ,CB,81.67,10.48,0.0,1.01,1.0,<Residue HIS het=  resseq=160 icode= >,1jko_C_A,2.24
137,0.0,HIS, ,CG,85.79,11.90,0.0,1.83,1.0,<Residue HIS het=  resseq=160 icode= >,1jko_C_A,2.24
138,8.909,HIS, ,ND1,88.52,12.43,0.0,1.67,1.0,<Residue HIS het=  resseq=160 icode= >,1jko_C_A,2.24
139,0.0,HIS, ,CD2,85.37,12.97,0.0,1.39,1.0,<Residue HIS het=  resseq=160 icode= >,1jko_C_A,2.24
140,41.739,HIS, ,CE1,87.37,13.56,0.0,2.02,1.0,<Residue HIS het=  resseq=160 icode= >,1jko_C_A,2.24
141,14.676,HIS, ,NE2,90.51,14.03,0.0,1.74,1.0,<Residue HIS het=  resseq=160 icode= >,1jko_C_A,2.24
142,0.35,PRO, ,N,80.33,8.10,0.0,3.00,1.0,<Residue PRO het=  resseq=161 icode= >,1jko_C_A,2.24
143,10.772,PRO, ,CA,76.38,7.08,0.0,2.34,1.0,<Residue PRO het=  resseq=161 icode= >,1jko_C_A,2.24
144,0.0,PRO, ,C,71.33,7.20,0.0,2.94,1.0,<Residue PRO het=  resseq=161 icode= >,1jko_C_A,2.24
145,0.0,PRO, ,O,70.91,8.33,0.0,2.10,1.0,<Residue PRO het=  resseq=161 icode= >,1jko_C_A,2.24
146,30.158,PRO, ,CB,77.79,6.66,0.0,0.81,1.0,<Residue PRO het=  resseq=161 icode= >,1jko_C_A,2.24
147,27.296,PRO, ,CG,74.88,7.90,0.0,1.37,1.0,<Residue PRO het=  resseq=161 icode= >,1jko_C_A,2.24
148,18.011,PRO, ,CD,81.18,8.55,0.0,1.31,1.0,<Residue PRO het=  resseq=161 icode= >,1jko_C_A,2.24
149,2.847,ARG, ,N,65.74,6.24,0.0,2.76,1.0,<Residue ARG het=  resseq=162 icode= >,1jko_C_A,2.24
150,0.0,ARG, ,CA,67.14,6.70,0.0,2.66,1.0,<Residue ARG het=  resseq=162 icode= >,1jko_C_A,2.24
151,0.0,ARG, ,C,71.73,7.43,0.0,3.24,1.0,<Residue ARG het=  resseq=162 icode= >,1jko_C_A,2.24
152,0.0,ARG, ,O,71.95,8.58,0.0,1.90,1.0,<Residue ARG het=  resseq=162 icode= >,1jko_C_A,2.24
153,0.286,ARG, ,CB,60.03,5.77,0.0,2.12,1.0,<Residue ARG het=  resseq=162 icode= >,1jko_C_A,2.24
154,0.0,ARG, ,CG,50.08,5.33,0.0,2.16,1.0,<Residue ARG het=  resseq=162 icode= >,1jko_C_A,2.24
155,0.0,ARG, ,CD,56.77,5.39,0.0,2.00,1.0,<Residue ARG het=  resseq=162 icode= >,1jko_C_A,2.24
156,0.0,ARG, ,NE,55.24,5.18,0.0,2.35,1.0,<Residue ARG het=  resseq=162 icode= >,1jko_C_A,2.24
157,0.412,ARG, ,CZ,58.94,4.35,0.0,2.59,1.0,<Residue ARG het=  resseq=162 icode= >,1jko_C_A,2.24
158,15.063,ARG, ,NH1,57.05,4.83,0.531,1.46,1.0,<Residue ARG het=  resseq=162 icode= >,1jko_C_A,2.24
159,26.395,ARG, ,NH2,56.29,3.49,10.803,1.63,1.0,<Residue ARG het=  resseq=162 icode= >,1jko_C_A,2.24
160,0.926,GLN, ,N,71.67,6.99,0.0,3.29,1.0,<Residue GLN het=  resseq=163 icode= >,1jko_C_A,2.24
161,0.0,GLN, ,CA,76.39,7.04,0.0,2.51,1.0,<Residue GLN het=  resseq=163 icode= >,1jko_C_A,2.24
162,0.494,GLN, ,C,74.43,7.98,0.0,3.16,1.0,<Residue GLN het=  resseq=163 icode= >,1jko_C_A,2.24
163,2.238,GLN, ,O,71.9,8.66,0.0,1.77,1.0,<Residue GLN het=  resseq=163 icode= >,1jko_C_A,2.24
164,53.138,GLN, ,CB,84.36,5.61,4.395,1.49,1.0,<Residue GLN het=  resseq=163 icode= >,1jko_C_A,2.24
165,0.688,GLN, ,N,77.7,8.29,0.0,2.33,1.0,<Residue GLN het=  resseq=164 icode= >,1jko_C_A,2.24
166,14.837,GLN, ,CA,79.95,9.38,0.0,2.16,1.0,<Residue GLN het=  resseq=164 icode= >,1jko_C_A,2.24
167,0.896,GLN, ,C,76.66,10.65,0.0,3.04,1.0,<Residue GLN het=  resseq=164 icode= >,1jko_C_A,2.24
168,0.0,GLN, ,O,68.66,11.70,0.0,2.59,1.0,<Residue GLN het=  resseq=164 icode= >,1jko_C_A,2.24
169,0.804,LEU, ,N,76.1,10.54,0.0,2.16,1.0,<Residue LEU het=  resseq=165 icode= >,1jko_C_A,2.24
170,0.193,LEU, ,CA,79.38,11.16,0.0,2.30,1.0,<Residue LEU het=  resseq=165 icode= >,1jko_C_A,2.24
171,0.0,LEU, ,C,84.7,10.29,0.0,3.00,1.0,<Residue LEU het=  resseq=165 icode= >,1jko_C_A,2.24
172,0.0,LEU, ,O,89.8,9.83,0.0,1.38,1.0,<Residue LEU het=  resseq=165 icode= >,1jko_C_A,2.24
173,0.0,LEU, ,CB,71.25,10.29,0.0,1.77,1.0,<Residue LEU het=  resseq=165 icode= >,1jko_C_A,2.24
174,0.0,LEU, ,CG,71.03,11.23,0.0,1.68,1.0,<Residue LEU het=  resseq=165 icode= >,1jko_C_A,2.24
175,9.494,LEU, ,CD1,70.28,12.13,0.0,0.40,1.0,<Residue LEU het=  resseq=165 icode= >,1jko_C_A,2.24
176,0.0,LEU, ,CD2,66.11,10.60,0.0,0.98,1.0,<Residue LEU het=  resseq=165 icode= >,1jko_C_A,2.24
177,0.0,ALA, ,N,84.8,9.76,0.0,2.46,1.0,<Residue ALA het=  resseq=166 icode= >,1jko_C_A,2.24
178,0.0,ALA, ,CA,78.81,8.46,0.0,2.91,1.0,<Residue ALA het=  resseq=166 icode= >,1jko_C_A,2.24
179,0.109,ALA, ,C,79.19,8.76,0.0,3.32,1.0,<Residue ALA het=  resseq=166 icode= >,1jko_C_A,2.24
180,0.216,ALA, ,O,83.96,8.07,0.0,1.64,1.0,<Residue ALA het=  resseq=166 icode= >,1jko_C_A,2.24
181,2.408,ALA, ,CB,73.8,7.89,0.0,0.70,1.0,<Residue ALA het=  resseq=166 icode= >,1jko_C_A,2.24
182,0.463,ILE, ,N,80.26,9.24,0.0,2.62,1.0,<Residue ILE het=  resseq=167 icode= >,1jko_C_A,2.24
183,10.925,ILE, ,CA,84.04,9.46,0.0,2.12,1.0,<Residue ILE het=  resseq=167 icode= >,1jko_C_A,2.24
184,0.0,ILE, ,C,86.13,10.02,0.0,2.35,1.0,<Residue ILE het=  resseq=167 icode= >,1jko_C_A,2.24
185,14.399,ILE, ,O,82.13,9.41,0.0,1.50,1.0,<Residue ILE het=  resseq=167 icode= >,1jko_C_A,2.24
186,0.067,ILE, ,CB,86.1,10.32,0.0,1.02,1.0,<Residue ILE het=  resseq=167 icode= >,1jko_C_A,2.24
187,13.261,ILE, ,CG1,88.18,9.82,0.0,0.08,1.0,<Residue ILE het=  resseq=167 icode= >,1jko_C_A,2.24
188,50.47,ILE, ,CG2,81.96,10.69,0.0,1.20,1.0,<Residue ILE het=  resseq=167 icode= >,1jko_C_A,2.24
189,54.386,ILE, ,CD1,81.97,10.28,0.0,0.29,1.0,<Residue ILE het=  resseq=167 icode= >,1jko_C_A,2.24
190,0.0,ILE, ,N,89.92,10.99,0.0,1.30,1.0,<Residue ILE het=  resseq=168 icode= >,1jko_C_A,2.24
191,7.229,ILE, ,CA,89.42,11.54,0.0,1.70,1.0,<Residue ILE het=  resseq=168 icode= >,1jko_C_A,2.24
192,0.013,ILE, ,C,87.82,10.64,0.0,2.48,1.0,<Residue ILE het=  resseq=168 icode= >,1jko_C_A,2.24
193,20.84,ILE, ,O,88.04,10.60,0.0,1.60,1.0,<Residue ILE het=  resseq=168 icode= >,1jko_C_A,2.24
194,0.121,ILE, ,CB,87.79,12.72,0.0,2.00,1.0,<Residue ILE het=  resseq=168 icode= >,1jko_C_A,2.24
195,16.466,ILE, ,CG1,87.67,13.72,0.0,0.96,1.0,<Residue ILE het=  resseq=168 icode= >,1jko_C_A,2.24
196,46.314,ILE, ,CG2,85.1,13.51,0.0,0.88,1.0,<Residue ILE het=  resseq=168 icode= >,1jko_C_A,2.24
197,51.463,ILE, ,CD1,89.04,14.09,0.0,0.04,1.0,<Residue ILE het=  resseq=168 icode= >,1jko_C_A,2.24
198,0.0,PHE, ,N,82.83,10.14,0.0,2.87,1.0,<Residue PHE het=  resseq=169 icode= >,1jko_C_A,2.24
199,7.148,PHE, ,CA,83.07,9.47,0.0,3.16,1.0,<Residue PHE het=  resseq=169 icode= >,1jko_C_A,2.24
200,1.271,PHE, ,C,87.64,8.35,0.0,2.20,1.0,<Residue PHE het=  resseq=169 icode= >,1jko_C_A,2.24
201,29.658,PHE, ,O,92.38,8.57,0.0,0.87,1.0,<Residue PHE het=  resseq=169 icode= >,1jko_C_A,2.24
202,0.76,PHE, ,CB,83.12,9.03,0.0,1.95,1.0,<Residue PHE het=  resseq=169 icode= >,1jko_C_A,2.24
203,0.331,PHE, ,CG,92.04,10.05,0.0,2.09,1.0,<Residue PHE het=  resseq=169 icode= >,1jko_C_A,2.24
204,1.491,PHE, ,CD1,94.05,11.17,0.0,1.33,1.0,<Residue PHE het=  resseq=169 icode= >,1jko_C_A,2.24
205,13.343,PHE, ,CD2,97.12,10.09,0.0,0.94,1.0,<Residue PHE het=  resseq=169 icode= >,1jko_C_A,2.24
206,11.867,PHE, ,CE1,96.92,12.22,0.0,0.80,1.0,<Residue PHE het=  resseq=169 icode= >,1jko_C_A,2.24
207,11.246,PHE, ,CE2,98.08,11.24,0.0,0.26,1.0,<Residue PHE het=  resseq=169 icode= >,1jko_C_A,2.24
208,4.169,PHE, ,CZ,99.08,12.25,0.0,0.34,1.0,<Residue PHE het=  resseq=169 icode= >,1jko_C_A,2.24
209,0.0,GLY, ,N,87.1,7.34,0.0,1.11,1.0,<Residue GLY het=  resseq=170 icode= >,1jko_C_A,2.24
210,26.87,GLY, ,CA,81.9,6.35,0.0,0.79,1.0,<Residue GLY het=  resseq=170 icode= >,1jko_C_A,2.24
211,4.894,GLY, ,C,75.4,4.95,0.0,2.48,1.0,<Residue GLY het=  resseq=170 icode= >,1jko_C_A,2.24
212,32.194,GLY, ,O,71.71,4.20,5.386,2.10,1.0,<Residue GLY het=  resseq=170 icode= >,1jko_C_A,2.24
213,0.0,ILE, ,N,72.74,4.93,0.0,1.89,1.0,<Residue ILE het=  resseq=171 icode= >,1jko_C_A,2.24
214,6.823,ILE, ,CA,69.6,3.94,6.373,2.12,1.0,<Residue ILE het=  resseq=171 icode= >,1jko_C_A,2.24
215,1.066,ILE, ,C,73.87,4.13,0.0,2.27,1.0,<Residue ILE het=  resseq=171 icode= >,1jko_C_A,2.24
216,4.387,ILE, ,O,73.94,5.34,0.0,1.77,1.0,<Residue ILE het=  resseq=171 icode= >,1jko_C_A,2.24
217,0.793,ILE, ,CB,59.94,3.80,0.793,2.33,1.0,<Residue ILE het=  resseq=171 icode= >,1jko_C_A,2.24
218,0.0,ILE, ,CG1,53.0,4.93,0.0,2.22,1.0,<Residue ILE het=  resseq=171 icode= >,1jko_C_A,2.24
219,9.369,ILE, ,CG2,57.28,4.59,0.063,0.34,1.0,<Residue ILE het=  resseq=171 icode= >,1jko_C_A,2.24
220,0.0,ILE, ,CD1,62.49,5.38,0.0,0.91,1.0,<Residue ILE het=  resseq=171 icode= >,1jko_C_A,2.24
221,8.929,GLY, ,N,72.93,3.31,8.023,1.39,1.0,<Residue GLY het=  resseq=172 icode= >,1jko_C_A,2.24
222,32.926,GLY, ,CA,66.2,4.20,22.931,1.46,1.0,<Residue GLY het=  resseq=172 icode= >,1jko_C_A,2.24
223,0.0,GLY, ,C,57.93,4.87,0.0,3.32,1.0,<Residue GLY het=  resseq=172 icode= >,1jko_C_A,2.24
224,0.0,GLY, ,O,56.27,4.57,0.0,2.14,1.0,<Residue GLY het=  resseq=172 icode= >,1jko_C_A,2.24
225,3.845,VAL, ,N,50.19,5.09,1.732,3.52,1.0,<Residue VAL het=  resseq=173 icode= >,1jko_C_A,2.24
226,0.0,VAL, ,CA,41.46,6.25,0.0,4.08,1.0,<Residue VAL het=  resseq=173 icode= >,1jko_C_A,2.24
227,0.0,VAL, ,C,42.23,5.49,0.0,4.34,1.0,<Residue VAL het=  resseq=173 icode= >,1jko_C_A,2.24
228,0.0,VAL, ,O,44.69,5.09,0.0,2.42,1.0,<Residue VAL het=  resseq=173 icode= >,1jko_C_A,2.24
229,9.988,VAL, ,CB,40.93,5.56,6.967,3.08,1.0,<Residue VAL het=  resseq=173 icode= >,1jko_C_A,2.24
230,15.805,VAL, ,CG1,47.0,5.31,5.238,1.09,1.0,<Residue VAL het=  resseq=173 icode= >,1jko_C_A,2.24
231,31.055,VAL, ,CG2,32.12,6.28,0.0,2.77,1.0,<Residue VAL het=  resseq=173 icode= >,1jko_C_A,2.24
232,2.773,SER, ,N,38.41,4.87,2.16,4.43,1.0,<Residue SER het=  resseq=174 icode= >,1jko_C_A,2.24
233,6.095,SER, ,CA,40.91,4.16,5.901,4.02,1.0,<Residue SER het=  resseq=174 icode= >,1jko_C_A,2.24
234,0.0,SER, ,C,45.4,4.90,0.0,4.01,1.0,<Residue SER het=  resseq=174 icode= >,1jko_C_A,2.24
235,2.955,SER, ,O,48.94,4.91,0.832,2.52,1.0,<Residue SER het=  resseq=174 icode= >,1jko_C_A,2.24
236,42.289,SER, ,CB,39.38,2.97,41.827,2.51,1.0,<Residue SER het=  resseq=174 icode= >,1jko_C_A,2.24
237,31.495,SER, ,OG,54.84,2.83,31.077,1.07,1.0,<Residue SER het=  resseq=174 icode= >,1jko_C_A,2.24
238,0.026,THR, ,N,49.69,4.48,0.026,3.14,1.0,<Residue THR het=  resseq=175 icode= >,1jko_C_A,2.24
239,0.0,THR, ,CA,52.33,4.88,0.0,3.47,1.0,<Residue THR het=  resseq=175 icode= >,1jko_C_A,2.24
240,0.0,THR, ,C,55.31,5.99,0.0,3.85,1.0,<Residue THR het=  resseq=175 icode= >,1jko_C_A,2.24
241,0.0,THR, ,O,57.04,6.24,0.0,1.90,1.0,<Residue THR het=  resseq=175 icode= >,1jko_C_A,2.24
242,0.0,THR, ,CB,58.37,3.51,0.0,2.22,1.0,<Residue THR het=  resseq=175 icode= >,1jko_C_A,2.24
243,19.002,THR, ,OG1,52.72,2.53,19.002,1.99,1.0,<Residue THR het=  resseq=175 icode= >,1jko_C_A,2.24
244,5.716,THR, ,CG2,57.66,3.94,5.716,0.99,1.0,<Residue THR het=  resseq=175 icode= >,1jko_C_A,2.24
245,0.0,LEU, ,N,59.27,6.17,0.0,2.72,1.0,<Residue LEU het=  resseq=176 icode= >,1jko_C_A,2.24
246,0.0,LEU, ,CA,57.81,7.48,0.0,2.83,1.0,<Residue LEU het=  resseq=176 icode= >,1jko_C_A,2.24
247,0.0,LEU, ,C,59.9,6.97,0.0,3.25,1.0,<Residue LEU het=  resseq=176 icode= >,1jko_C_A,2.24
248,0.0,LEU, ,O,70.0,7.00,0.0,1.37,1.0,<Residue LEU het=  resseq=176 icode= >,1jko_C_A,2.24
249,0.0,LEU, ,CB,58.1,7.88,0.0,2.09,1.0,<Residue LEU het=  resseq=176 icode= >,1jko_C_A,2.24
250,0.0,LEU, ,CG,63.17,7.54,0.0,2.01,1.0,<Residue LEU het=  resseq=176 icode= >,1jko_C_A,2.24
251,0.0,LEU, ,CD1,71.13,8.15,0.0,0.50,1.0,<Residue LEU het=  resseq=176 icode= >,1jko_C_A,2.24
252,0.0,LEU, ,CD2,61.16,8.40,0.0,0.29,1.0,<Residue LEU het=  resseq=176 icode= >,1jko_C_A,2.24
253,0.0,TYR, ,N,55.21,5.64,0.0,2.65,1.0,<Residue TYR het=  resseq=177 icode= >,1jko_C_A,2.24
254,0.0,TYR, ,CA,50.79,4.80,0.0,3.41,1.0,<Residue TYR het=  resseq=177 icode= >,1jko_C_A,2.24
255,0.957,TYR, ,C,49.76,4.78,0.0,3.90,1.0,<Residue TYR het=  resseq=177 icode= >,1jko_C_A,2.24
256,4.936,TYR, ,O,52.59,4.15,1.757,2.29,1.0,<Residue TYR het=  resseq=177 icode= >,1jko_C_A,2.24
257,18.947,TYR, ,CB,44.38,3.56,16.454,2.42,1.0,<Residue TYR het=  resseq=177 icode= >,1jko_C_A,2.24
258,1.975,TYR, ,CG,44.26,3.51,1.975,3.86,1.0,<Residue TYR het=  resseq=177 icode= >,1jko_C_A,2.24
259,7.045,TYR, ,CD1,35.69,3.75,7.045,3.13,1.0,<Residue TYR het=  resseq=177 icode= >,1jko_C_A,2.24
260,8.138,TYR, ,CD2,46.67,3.32,8.138,2.73,1.0,<Residue TYR het=  resseq=177 icode= >,1jko_C_A,2.24
261,10.461,TYR, ,CE1,47.7,3.36,10.461,1.87,1.0,<Residue TYR het=  resseq=177 icode= >,1jko_C_A,2.24
262,10.662,TYR, ,CE2,40.59,3.95,10.572,2.73,1.0,<Residue TYR het=  resseq=177 icode= >,1jko_C_A,2.24
263,5.174,TYR, ,CZ,49.71,3.56,5.174,3.39,1.0,<Residue TYR het=  resseq=177 icode= >,1jko_C_A,2.24
264,34.08,TYR, ,OH,53.08,2.88,24.931,2.04,1.0,<Residue TYR het=  resseq=177 icode= >,1jko_C_A,2.24
265,0.299,ARG, ,N,55.09,5.89,0.0,2.62,1.0,<Residue ARG het=  resseq=178 icode= >,1jko_C_A,2.24
266,10.467,ARG, ,CA,61.49,5.95,1.024,2.54,1.0,<Residue ARG het=  resseq=178 icode= >,1jko_C_A,2.24
267,0.081,ARG, ,C,66.61,6.72,0.0,2.91,1.0,<Residue ARG het=  resseq=178 icode= >,1jko_C_A,2.24
268,16.005,ARG, ,O,70.27,6.35,0.0,1.97,1.0,<Residue ARG het=  resseq=178 icode= >,1jko_C_A,2.24
269,3.113,ARG, ,CB,63.34,6.10,1.327,0.77,1.0,<Residue ARG het=  resseq=178 icode= >,1jko_C_A,2.24
270,21.882,ARG, ,CG,54.39,5.66,0.0,1.82,1.0,<Residue ARG het=  resseq=178 icode= >,1jko_C_A,2.24
271,38.457,ARG, ,CD,58.11,4.94,11.319,2.07,1.0,<Residue ARG het=  resseq=178 icode= >,1jko_C_A,2.24
272,9.302,ARG, ,NE,59.83,4.35,8.753,2.37,1.0,<Residue ARG het=  resseq=178 icode= >,1jko_C_A,2.24
273,4.402,ARG, ,CZ,55.92,3.49,4.402,3.30,1.0,<Residue ARG het=  resseq=178 icode= >,1jko_C_A,2.24
274,26.47,ARG, ,NH1,46.65,3.25,26.47,2.16,1.0,<Residue ARG het=  resseq=178 icode= >,1jko_C_A,2.24
275,30.949,ARG, ,NH2,66.69,2.56,21.045,1.04,1.0,<Residue ARG het=  resseq=178 icode= >,1jko_C_A,2.24
276,0.0,TYR, ,N,70.02,7.19,0.0,1.76,1.0,<Residue TYR het=  resseq=179 icode= >,1jko_C_A,2.24
277,7.334,TYR, ,CA,71.06,7.59,0.0,2.21,1.0,<Residue TYR het=  resseq=179 icode= >,1jko_C_A,2.24
278,0.0,TYR, ,C,69.99,8.08,0.0,2.72,1.0,<Residue TYR het=  resseq=179 icode= >,1jko_C_A,2.24
279,18.076,TYR, ,O,70.72,8.67,0.0,1.78,1.0,<Residue TYR het=  resseq=179 icode= >,1jko_C_A,2.24
280,0.688,TYR, ,CB,71.11,7.24,0.0,1.72,1.0,<Residue TYR het=  resseq=179 icode= >,1jko_C_A,2.24
281,0.78,TYR, ,CG,67.71,5.89,0.0,2.77,1.0,<Residue TYR het=  resseq=179 icode= >,1jko_C_A,2.24
282,0.609,TYR, ,CD1,71.49,4.84,0.0,1.64,1.0,<Residue TYR het=  resseq=179 icode= >,1jko_C_A,2.24
283,18.868,TYR, ,CD2,67.67,5.84,0.0,2.13,1.0,<Residue TYR het=  resseq=179 icode= >,1jko_C_A,2.24
284,1.459,TYR, ,CE1,71.74,3.49,0.729,2.11,1.0,<Residue TYR het=  resseq=179 icode= >,1jko_C_A,2.24
285,13.313,TYR, ,CE2,71.7,4.79,0.0,1.90,1.0,<Residue TYR het=  resseq=179 icode= >,1jko_C_A,2.24
286,0.361,TYR, ,CZ,72.82,3.46,0.0,2.61,1.0,<Residue TYR het=  resseq=179 icode= >,1jko_C_A,2.24
287,2.518,TYR, ,OH,68.8,2.59,2.518,1.19,1.0,<Residue TYR het=  resseq=179 icode= >,1jko_C_A,2.24
288,0.0,PHE, ,N,68.25,7.13,0.0,2.52,1.0,<Residue PHE het=  resseq=180 icode= >,1jko_C_A,2.24
289,0.211,PHE, ,CA,64.83,6.84,0.0,3.12,1.0,<Residue PHE het=  resseq=180 icode= >,1jko_C_A,2.24
290,0.0,PHE, ,C,63.5,5.44,0.0,3.47,1.0,<Residue PHE het=  resseq=180 icode= >,1jko_C_A,2.24
291,0.0,PHE, ,O,58.12,5.00,0.0,2.21,1.0,<Residue PHE het=  resseq=180 icode= >,1jko_C_A,2.24
292,1.634,PHE, ,CB,66.09,7.62,0.0,1.62,1.0,<Residue PHE het=  resseq=180 icode= >,1jko_C_A,2.24
293,0.0,PHE, ,CG,67.89,8.99,0.0,2.19,1.0,<Residue PHE het=  resseq=180 icode= >,1jko_C_A,2.24
294,0.0,PHE, ,CD1,69.25,9.52,0.0,1.47,1.0,<Residue PHE het=  resseq=180 icode= >,1jko_C_A,2.24
295,10.135,PHE, ,CD2,59.34,9.91,0.0,1.89,1.0,<Residue PHE het=  resseq=180 icode= >,1jko_C_A,2.24
296,0.0,PHE, ,CE1,69.16,9.73,0.0,1.41,1.0,<Residue PHE het=  resseq=180 icode= >,1jko_C_A,2.24
297,11.001,PHE, ,CE2,60.1,10.97,0.0,1.51,1.0,<Residue PHE het=  resseq=180 icode= >,1jko_C_A,2.24
298,0.128,PHE, ,CZ,64.97,10.09,0.0,0.96,1.0,<Residue PHE het=  resseq=180 icode= >,1jko_C_A,2.24
299,0.0,PRO, ,N,61.85,5.05,0.0,3.60,1.0,<Residue PRO het=  resseq=181 icode= >,1jko_C_A,2.24
300,3.944,PRO, ,CA,64.86,3.83,3.765,2.58,1.0,<Residue PRO het=  resseq=181 icode= >,1jko_C_A,2.24
301,0.0,PRO, ,C,76.44,3.69,0.0,1.93,1.0,<Residue PRO het=  resseq=181 icode= >,1jko_C_A,2.24
302,0.021,PRO, ,O,73.71,4.80,0.0,1.92,1.0,<Residue PRO het=  resseq=181 icode= >,1jko_C_A,2.24
303,15.708,PRO, ,CB,58.4,3.90,5.477,1.73,1.0,<Residue PRO het=  resseq=181 icode= >,1jko_C_A,2.24
304,33.782,PRO, ,CG,53.71,5.18,0.0,2.15,1.0,<Residue PRO het=  resseq=181 icode= >,1jko_C_A,2.24
305,9.069,PRO, ,CD,58.93,6.03,0.0,2.68,1.0,<Residue PRO het=  resseq=181 icode= >,1jko_C_A,2.24
306,5.636,ALA, ,N,83.01,2.77,5.636,1.21,1.0,<Residue ALA het=  resseq=182 icode= >,1jko_C_A,2.24
307,1.554,ALA, ,CA,85.32,3.49,0.0,1.63,1.0,<Residue ALA het=  resseq=182 icode= >,1jko_C_A,2.24
308,1.009,ALA, ,C,85.97,3.85,0.0,2.50,1.0,<Residue ALA het=  resseq=182 icode= >,1jko_C_A,2.24
309,27.527,ALA, ,O,91.57,4.86,0.0,0.82,1.0,<Residue ALA het=  resseq=182 icode= >,1jko_C_A,2.24
310,53.38,ALA, ,CB,85.46,3.35,40.364,-0.26,1.0,<Residue ALA het=  resseq=182 icode= >,1jko_C_A,2.24
311,0.11,SER, ,N,84.95,3.53,0.11,2.34,1.0,<Residue SER het=  resseq=183 icode= >,1jko_C_A,2.24
312,10.839,SER, ,CA,88.52,4.54,0.0,1.80,1.0,<Residue SER het=  resseq=183 icode= >,1jko_C_A,2.24
313,4.599,SER, ,C,90.88,5.68,0.0,1.77,1.0,<Residue SER het=  resseq=183 icode= >,1jko_C_A,2.24
314,27.091,SER, ,O,91.0,6.50,0.0,0.78,1.0,<Residue SER het=  resseq=183 icode= >,1jko_C_A,2.24
315,31.591,SER, ,CB,89.9,4.38,0.032,0.69,1.0,<Residue SER het=  resseq=183 icode= >,1jko_C_A,2.24
316,38.102,SER, ,OG,83.78,3.76,6.732,0.75,1.0,<Residue SER het=  resseq=183 icode= >,1jko_C_A,2.24
317,0.374,SER, ,N,91.31,6.02,0.0,1.41,1.0,<Residue SER het=  resseq=184 icode= >,1jko_C_A,2.24
318,9.564,SER, ,CA,89.86,7.30,0.0,1.54,1.0,<Residue SER het=  resseq=184 icode= >,1jko_C_A,2.24
319,39.102,SER, ,C,85.83,8.33,0.0,1.71,1.0,<Residue SER het=  resseq=184 icode= >,1jko_C_A,2.24
320,34.644,SER, ,O,81.68,8.82,0.0,1.98,1.0,<Residue SER het=  resseq=184 icode= >,1jko_C_A,2.24
321,20.768,SER, ,CB,94.57,7.31,0.0,0.46,1.0,<Residue SER het=  resseq=184 icode= >,1jko_C_A,2.24
322,8.273,SER, ,OG,97.92,6.65,0.0,0.26,1.0,<Residue SER het=  resseq=184 icode= >,1jko_C_A,2.24
