,ASA,aa,altloc,atom,bfac,d2r,dASA,dens,occ,residue,id,resolu
0,57.399,GLY, ,N,54.67,3.93,12.232,1.34,1.0,<Residue GLY het=  resseq=139 icode= >,1jkp_C_A,2.8
1,45.657,GLY, ,CA,57.45,3.36,44.156,2.16,1.0,<Residue GLY het=  resseq=139 icode= >,1jkp_C_A,2.8
2,5.461,GLY, ,C,64.99,3.94,4.575,1.66,1.0,<Residue GLY het=  resseq=139 icode= >,1jkp_C_A,2.8
3,24.662,GLY, ,O,60.8,3.07,18.139,0.80,1.0,<Residue GLY het=  resseq=139 icode= >,1jkp_C_A,2.8
4,9.126,ARG, ,N,68.14,3.07,9.126,1.21,1.0,<Residue ARG het=  resseq=140 icode= >,1jkp_C_A,2.8
5,4.623,ARG, ,CA,62.3,3.50,4.623,2.12,1.0,<Residue ARG het=  resseq=140 icode= >,1jkp_C_A,2.8
6,0.559,ARG, ,C,53.56,4.36,0.0,3.30,1.0,<Residue ARG het=  resseq=140 icode= >,1jkp_C_A,2.8
7,17.945,ARG, ,O,44.02,3.27,15.256,2.26,1.0,<Residue ARG het=  resseq=140 icode= >,1jkp_C_A,2.8
8,27.216,ARG, ,CB,61.63,3.35,27.216,1.29,1.0,<Residue ARG het=  resseq=140 icode= >,1jkp_C_A,2.8
9,6.534,ARG, ,CG,72.0,3.13,6.534,1.04,1.0,<Residue ARG het=  resseq=140 icode= >,1jkp_C_A,2.8
10,28.408,ARG, ,CD,44.39,3.09,28.408,2.19,1.0,<Residue ARG het=  resseq=140 icode= >,1jkp_C_A,2.8
11,12.654,ARG, ,NE,55.5,3.00,10.996,2.10,1.0,<Residue ARG het=  resseq=140 icode= >,1jkp_C_A,2.8
12,8.882,ARG, ,CZ,61.77,3.23,8.882,2.58,1.0,<Residue ARG het=  resseq=140 icode= >,1jkp_C_A,2.8
13,50.941,ARG, ,NH1,57.22,3.13,46.79,1.39,1.0,<Residue ARG het=  resseq=140 icode= >,1jkp_C_A,2.8
14,59.429,ARG, ,NH2,66.97,2.86,43.032,1.03,1.0,<Residue ARG het=  resseq=140 icode= >,1jkp_C_A,2.8
15,0.136,PRO, ,N,42.59,4.08,0.048,3.79,1.0,<Residue PRO het=  resseq=141 icode= >,1jkp_C_A,2.8
16,13.021,PRO, ,CA,42.25,4.75,0.0,3.54,1.0,<Residue PRO het=  resseq=141 icode= >,1jkp_C_A,2.8
17,0.0,PRO, ,C,56.68,4.68,0.0,2.90,1.0,<Residue PRO het=  resseq=141 icode= >,1jkp_C_A,2.8
18,6.209,PRO, ,O,60.85,3.83,3.701,1.38,1.0,<Residue PRO het=  resseq=141 icode= >,1jkp_C_A,2.8
19,35.96,PRO, ,CB,51.92,3.98,4.103,1.24,1.0,<Residue PRO het=  resseq=141 icode= >,1jkp_C_A,2.8
20,36.398,PRO, ,CG,30.09,3.24,24.913,1.64,1.0,<Residue PRO het=  resseq=141 icode= >,1jkp_C_A,2.8
21,22.757,PRO, ,CD,45.76,2.87,22.757,1.61,1.0,<Residue PRO het=  resseq=141 icode= >,1jkp_C_A,2.8
22,8.465,ARG, ,N,52.85,4.47,0.13,2.46,1.0,<Residue ARG het=  resseq=142 icode= >,1jkp_C_A,2.8
23,5.821,ARG, ,CA,47.96,3.47,5.821,2.63,1.0,<Residue ARG het=  resseq=142 icode= >,1jkp_C_A,2.8
24,1.322,ARG, ,C,58.48,3.57,0.462,2.48,1.0,<Residue ARG het=  resseq=142 icode= >,1jkp_C_A,2.8
25,17.342,ARG, ,O,54.35,4.73,0.0,1.75,1.0,<Residue ARG het=  resseq=142 icode= >,1jkp_C_A,2.8
26,12.099,ARG, ,CB,21.86,3.66,0.0,2.34,1.0,<Residue ARG het=  resseq=142 icode= >,1jkp_C_A,2.8
27,16.462,ARG, ,CG,19.89,3.56,13.026,2.47,1.0,<Residue ARG het=  resseq=142 icode= >,1jkp_C_A,2.8
28,20.691,ARG, ,CD,20.46,4.52,0.0,2.79,1.0,<Residue ARG het=  resseq=142 icode= >,1jkp_C_A,2.8
29,20.07,ARG, ,NE,34.21,4.38,5.66,2.69,1.0,<Residue ARG het=  resseq=142 icode= >,1jkp_C_A,2.8
30,6.634,ARG, ,CZ,47.53,4.50,3.327,2.20,1.0,<Residue ARG het=  resseq=142 icode= >,1jkp_C_A,2.8
31,16.06,ARG, ,NH1,63.38,3.64,8.933,0.12,1.0,<Residue ARG het=  resseq=142 icode= >,1jkp_C_A,2.8
32,60.015,ARG, ,NH2,36.74,4.32,11.855,1.77,1.0,<Residue ARG het=  resseq=142 icode= >,1jkp_C_A,2.8
33,2.915,ALA, ,N,66.61,2.80,2.915,1.71,1.0,<Residue ALA het=  resseq=143 icode= >,1jkp_C_A,2.8
34,8.94,ALA, ,CA,71.96,3.75,1.025,1.67,1.0,<Residue ALA het=  resseq=143 icode= >,1jkp_C_A,2.8
35,1.691,ALA, ,C,69.5,4.77,0.0,2.59,1.0,<Residue ALA het=  resseq=143 icode= >,1jkp_C_A,2.8
36,13.332,ALA, ,O,55.72,5.94,0.0,2.62,1.0,<Residue ALA het=  resseq=143 icode= >,1jkp_C_A,2.8
37,19.99,ALA, ,CB,91.34,3.51,18.504,-0.86,1.0,<Residue ALA het=  resseq=143 icode= >,1jkp_C_A,2.8
38,0.288,ILE, ,N,65.68,4.63,0.0,2.09,1.0,<Residue ILE het=  resseq=144 icode= >,1jkp_C_A,2.8
39,1.121,ILE, ,CA,59.71,5.92,0.0,2.30,1.0,<Residue ILE het=  resseq=144 icode= >,1jkp_C_A,2.8
40,1.016,ILE, ,C,66.81,6.31,0.0,2.16,1.0,<Residue ILE het=  resseq=144 icode= >,1jkp_C_A,2.8
41,0.041,ILE, ,O,68.91,5.77,0.0,1.10,1.0,<Residue ILE het=  resseq=144 icode= >,1jkp_C_A,2.8
42,0.0,ILE, ,CB,52.68,6.38,0.0,2.24,1.0,<Residue ILE het=  resseq=144 icode= >,1jkp_C_A,2.8
43,0.0,ILE, ,CG1,29.58,5.60,0.0,2.49,1.0,<Residue ILE het=  resseq=144 icode= >,1jkp_C_A,2.8
44,0.0,ILE, ,CG2,24.65,6.75,0.0,1.20,1.0,<Residue ILE het=  resseq=144 icode= >,1jkp_C_A,2.8
45,0.0,ILE, ,CD1,46.04,6.15,0.0,0.96,1.0,<Residue ILE het=  resseq=144 icode= >,1jkp_C_A,2.8
46,1.801,ASN, ,N,63.35,7.53,0.0,1.81,1.0,<Residue ASN het=  resseq=145 icode= >,1jkp_C_A,2.8
47,8.409,ASN, ,CA,58.18,8.35,0.0,2.40,1.0,<Residue ASN het=  resseq=145 icode= >,1jkp_C_A,2.8
48,0.0,ASN, ,C,63.39,9.11,0.0,3.00,1.0,<Residue ASN het=  resseq=145 icode= >,1jkp_C_A,2.8
49,0.0,ASN, ,O,74.01,9.28,0.0,1.37,1.0,<Residue ASN het=  resseq=145 icode= >,1jkp_C_A,2.8
50,31.104,ASN, ,CB,51.37,9.49,0.0,1.56,1.0,<Residue ASN het=  resseq=145 icode= >,1jkp_C_A,2.8
51,5.143,ASN, ,CG,50.38,10.22,0.0,2.66,1.0,<Residue ASN het=  resseq=145 icode= >,1jkp_C_A,2.8
52,0.757,ASN, ,OD1,55.82,11.01,0.0,1.63,1.0,<Residue ASN het=  resseq=145 icode= >,1jkp_C_A,2.8
53,30.771,ASN, ,ND2,34.35,10.15,0.0,1.78,1.0,<Residue ASN het=  resseq=145 icode= >,1jkp_C_A,2.8
54,0.561,LYS, ,N,60.88,9.86,0.0,2.14,1.0,<Residue LYS het=  resseq=146 icode= >,1jkp_C_A,2.8
55,0.082,LYS, ,CA,63.05,10.79,0.0,2.37,1.0,<Residue LYS het=  resseq=146 icode= >,1jkp_C_A,2.8
56,0.0,LYS, ,C,67.48,11.65,0.0,2.83,1.0,<Residue LYS het=  resseq=146 icode= >,1jkp_C_A,2.8
57,0.372,LYS, ,O,77.54,11.97,0.0,0.86,1.0,<Residue LYS het=  resseq=146 icode= >,1jkp_C_A,2.8
58,21.291,LYS, ,CB,61.91,11.81,0.0,0.96,1.0,<Residue LYS het=  resseq=146 icode= >,1jkp_C_A,2.8
59,30.55,LYS, ,CG,74.05,11.60,0.0,0.50,1.0,<Residue LYS het=  resseq=146 icode= >,1jkp_C_A,2.8
60,18.51,LYS, ,CD,85.44,10.54,0.0,0.44,1.0,<Residue LYS het=  resseq=146 icode= >,1jkp_C_A,2.8
61,39.316,LYS, ,CE,94.85,10.64,0.0,0.28,1.0,<Residue LYS het=  resseq=146 icode= >,1jkp_C_A,2.8
62,49.359,LYS, ,NZ,88.75,10.62,0.0,0.50,1.0,<Residue LYS het=  resseq=146 icode= >,1jkp_C_A,2.8
63,2.674,HIS, ,N,69.14,12.18,0.0,1.97,1.0,<Residue HIS het=  resseq=147 icode= >,1jkp_C_A,2.8
64,0.959,HIS, ,CA,74.59,13.18,0.0,2.09,1.0,<Residue HIS het=  resseq=147 icode= >,1jkp_C_A,2.8
65,0.0,HIS, ,C,72.29,12.64,0.0,2.67,1.0,<Residue HIS het=  resseq=147 icode= >,1jkp_C_A,2.8
66,1.017,HIS, ,O,66.84,13.31,0.0,1.78,1.0,<Residue HIS het=  resseq=147 icode= >,1jkp_C_A,2.8
67,16.134,HIS, ,CB,84.47,13.74,0.0,0.64,1.0,<Residue HIS het=  resseq=147 icode= >,1jkp_C_A,2.8
68,2.506,HIS, ,CG,94.9,15.14,0.0,0.69,1.0,<Residue HIS het=  resseq=147 icode= >,1jkp_C_A,2.8
69,14.341,HIS, ,ND1,95.0,15.54,0.0,0.61,1.0,<Residue HIS het=  resseq=147 icode= >,1jkp_C_A,2.8
70,29.447,HIS, ,CD2,94.27,16.33,0.0,0.60,1.0,<Residue HIS het=  resseq=147 icode= >,1jkp_C_A,2.8
71,44.229,HIS, ,CE1,95.0,16.86,0.0,1.08,1.0,<Residue HIS het=  resseq=147 icode= >,1jkp_C_A,2.8
72,31.447,HIS, ,NE2,95.0,17.32,0.0,0.91,1.0,<Residue HIS het=  resseq=147 icode= >,1jkp_C_A,2.8
73,0.0,GLU, ,N,71.52,11.57,0.0,1.72,1.0,<Residue GLU het=  resseq=148 icode= >,1jkp_C_A,2.8
74,0.0,GLU, ,CA,58.02,11.12,0.0,2.46,1.0,<Residue GLU het=  resseq=148 icode= >,1jkp_C_A,2.8
75,0.0,GLU, ,C,47.78,10.87,0.0,3.79,1.0,<Residue GLU het=  resseq=148 icode= >,1jkp_C_A,2.8
76,0.0,GLU, ,O,55.17,11.47,0.0,1.56,1.0,<Residue GLU het=  resseq=148 icode= >,1jkp_C_A,2.8
77,0.0,GLU, ,CB,50.63,9.94,0.0,2.08,1.0,<Residue GLU het=  resseq=148 icode= >,1jkp_C_A,2.8
78,14.26,GLU, ,CG,60.92,10.36,0.0,2.36,1.0,<Residue GLU het=  resseq=148 icode= >,1jkp_C_A,2.8
79,4.326,GLU, ,CD,74.4,9.34,0.0,1.74,1.0,<Residue GLU het=  resseq=148 icode= >,1jkp_C_A,2.8
80,5.663,GLU, ,OE1,72.19,8.63,0.0,1.00,1.0,<Residue GLU het=  resseq=148 icode= >,1jkp_C_A,2.8
81,19.331,GLU, ,OE2,77.24,9.43,0.0,0.94,1.0,<Residue GLU het=  resseq=148 icode= >,1jkp_C_A,2.8
82,0.0,GLN, ,N,39.16,10.20,0.0,3.36,1.0,<Residue GLN het=  resseq=149 icode= >,1jkp_C_A,2.8
83,0.0,GLN, ,CA,53.28,10.18,0.0,2.60,1.0,<Residue GLN het=  resseq=149 icode= >,1jkp_C_A,2.8
84,0.439,GLN, ,C,58.66,11.61,0.0,2.96,1.0,<Residue GLN het=  resseq=149 icode= >,1jkp_C_A,2.8
85,0.0,GLN, ,O,66.32,11.97,0.0,1.29,1.0,<Residue GLN het=  resseq=149 icode= >,1jkp_C_A,2.8
86,8.186,GLN, ,CB,58.44,9.72,0.0,1.28,1.0,<Residue GLN het=  resseq=149 icode= >,1jkp_C_A,2.8
87,0.0,GLN, ,CG,72.91,8.25,0.0,1.35,1.0,<Residue GLN het=  resseq=149 icode= >,1jkp_C_A,2.8
88,0.153,GLN, ,CD,87.61,8.14,0.0,1.33,1.0,<Residue GLN het=  resseq=149 icode= >,1jkp_C_A,2.8
89,30.15,GLN, ,OE1,83.35,8.69,0.0,1.04,1.0,<Residue GLN het=  resseq=149 icode= >,1jkp_C_A,2.8
90,10.332,GLN, ,NE2,89.21,7.74,0.0,0.53,1.0,<Residue GLN het=  resseq=149 icode= >,1jkp_C_A,2.8
91,0.0,GLU, ,N,67.13,12.53,0.0,1.61,1.0,<Residue GLU het=  resseq=150 icode= >,1jkp_C_A,2.8
92,4.265,GLU, ,CA,60.91,13.96,0.0,1.88,1.0,<Residue GLU het=  resseq=150 icode= >,1jkp_C_A,2.8
93,0.0,GLU, ,C,51.44,14.50,0.0,3.18,1.0,<Residue GLU het=  resseq=150 icode= >,1jkp_C_A,2.8
94,0.816,GLU, ,O,44.71,15.11,0.0,2.18,1.0,<Residue GLU het=  resseq=150 icode= >,1jkp_C_A,2.8
95,2.028,GLU, ,CB,63.22,14.83,0.0,1.07,1.0,<Residue GLU het=  resseq=150 icode= >,1jkp_C_A,2.8
96,25.352,GLU, ,CG,81.32,15.16,0.0,0.83,1.0,<Residue GLU het=  resseq=150 icode= >,1jkp_C_A,2.8
97,10.25,GLU, ,CD,94.85,16.21,0.0,0.85,1.0,<Residue GLU het=  resseq=150 icode= >,1jkp_C_A,2.8
98,18.373,GLU, ,OE1,95.0,15.96,0.0,-0.07,1.0,<Residue GLU het=  resseq=150 icode= >,1jkp_C_A,2.8
99,33.848,GLU, ,OE2,95.0,17.36,0.0,0.12,1.0,<Residue GLU het=  resseq=150 icode= >,1jkp_C_A,2.8
100,0.556,GLN, ,N,40.15,14.46,0.0,2.79,1.0,<Residue GLN het=  resseq=151 icode= >,1jkp_C_A,2.8
101,1.982,GLN, ,CA,47.95,15.08,0.0,3.19,1.0,<Residue GLN het=  resseq=151 icode= >,1jkp_C_A,2.8
102,0.0,GLN, ,C,60.49,14.77,0.0,2.71,1.0,<Residue GLN het=  resseq=151 icode= >,1jkp_C_A,2.8
103,0.652,GLN, ,O,66.35,15.73,0.0,1.26,1.0,<Residue GLN het=  resseq=151 icode= >,1jkp_C_A,2.8
104,5.565,GLN, ,CB,42.91,14.72,0.0,2.31,1.0,<Residue GLN het=  resseq=151 icode= >,1jkp_C_A,2.8
105,3.673,GLN, ,CG,60.15,15.29,0.0,1.25,1.0,<Residue GLN het=  resseq=151 icode= >,1jkp_C_A,2.8
106,2.801,GLN, ,CD,86.37,15.64,0.0,0.80,1.0,<Residue GLN het=  resseq=151 icode= >,1jkp_C_A,2.8
107,16.911,GLN, ,OE1,87.89,14.87,0.0,0.49,1.0,<Residue GLN het=  resseq=151 icode= >,1jkp_C_A,2.8
108,55.175,GLN, ,NE2,94.87,16.91,0.0,-0.13,1.0,<Residue GLN het=  resseq=151 icode= >,1jkp_C_A,2.8
109,0.0,ILE, ,N,68.12,13.51,0.0,1.46,1.0,<Residue ILE het=  resseq=152 icode= >,1jkp_C_A,2.8
110,0.0,ILE, ,CA,54.15,13.30,0.0,3.11,1.0,<Residue ILE het=  resseq=152 icode= >,1jkp_C_A,2.8
111,0.0,ILE, ,C,50.07,13.36,0.0,3.93,1.0,<Residue ILE het=  resseq=152 icode= >,1jkp_C_A,2.8
112,0.0,ILE, ,O,65.3,12.58,0.0,1.23,1.0,<Residue ILE het=  resseq=152 icode= >,1jkp_C_A,2.8
113,0.0,ILE, ,CB,52.97,11.85,0.0,2.87,1.0,<Residue ILE het=  resseq=152 icode= >,1jkp_C_A,2.8
114,0.0,ILE, ,CG1,46.03,11.49,0.0,1.74,1.0,<Residue ILE het=  resseq=152 icode= >,1jkp_C_A,2.8
115,0.0,ILE, ,CG2,38.2,11.86,0.0,1.90,1.0,<Residue ILE het=  resseq=152 icode= >,1jkp_C_A,2.8
116,0.0,ILE, ,CD1,56.28,10.02,0.0,0.82,1.0,<Residue ILE het=  resseq=152 icode= >,1jkp_C_A,2.8
117,0.0,SER, ,N,41.12,13.61,0.0,3.01,1.0,<Residue SER het=  resseq=153 icode= >,1jkp_C_A,2.8
118,0.0,SER, ,CA,44.81,13.22,0.0,2.90,1.0,<Residue SER het=  resseq=153 icode= >,1jkp_C_A,2.8
119,0.773,SER, ,C,57.3,13.52,0.0,2.64,1.0,<Residue SER het=  resseq=153 icode= >,1jkp_C_A,2.8
120,2.312,SER, ,O,63.72,12.89,0.0,1.25,1.0,<Residue SER het=  resseq=153 icode= >,1jkp_C_A,2.8
121,15.654,SER, ,CB,34.0,13.47,0.0,1.76,1.0,<Residue SER het=  resseq=153 icode= >,1jkp_C_A,2.8
122,25.613,SER, ,OG,48.74,12.91,0.0,1.62,1.0,<Residue SER het=  resseq=153 icode= >,1jkp_C_A,2.8
123,0.598,ARG, ,N,62.49,14.57,0.0,1.77,1.0,<Residue ARG het=  resseq=154 icode= >,1jkp_C_A,2.8
124,5.345,ARG, ,CA,62.22,15.06,0.0,2.11,1.0,<Residue ARG het=  resseq=154 icode= >,1jkp_C_A,2.8
125,0.0,ARG, ,C,63.21,14.22,0.0,2.71,1.0,<Residue ARG het=  resseq=154 icode= >,1jkp_C_A,2.8
126,0.533,ARG, ,O,72.91,13.79,0.0,1.09,1.0,<Residue ARG het=  resseq=154 icode= >,1jkp_C_A,2.8
127,4.25,ARG, ,CB,77.45,16.51,0.0,0.46,1.0,<Residue ARG het=  resseq=154 icode= >,1jkp_C_A,2.8
128,23.626,ARG, ,CG,81.54,17.45,0.0,0.02,1.0,<Residue ARG het=  resseq=154 icode= >,1jkp_C_A,2.8
129,33.617,ARG, ,CD,75.55,18.90,0.0,0.91,1.0,<Residue ARG het=  resseq=154 icode= >,1jkp_C_A,2.8
130,14.077,ARG, ,NE,76.25,19.32,0.0,1.51,1.0,<Residue ARG het=  resseq=154 icode= >,1jkp_C_A,2.8
131,4.639,ARG, ,CZ,77.58,18.91,0.0,1.43,1.0,<Residue ARG het=  resseq=154 icode= >,1jkp_C_A,2.8
132,38.114,ARG, ,NH1,74.52,19.10,0.0,0.89,1.0,<Residue ARG het=  resseq=154 icode= >,1jkp_C_A,2.8
133,22.254,ARG, ,NH2,71.3,18.34,0.0,0.84,1.0,<Residue ARG het=  resseq=154 icode= >,1jkp_C_A,2.8
134,0.372,LEU, ,N,56.11,14.14,0.0,2.80,1.0,<Residue LEU het=  resseq=155 icode= >,1jkp_C_A,2.8
135,0.098,LEU, ,CA,51.18,13.52,0.0,3.11,1.0,<Residue LEU het=  resseq=155 icode= >,1jkp_C_A,2.8
136,0.0,LEU, ,C,58.08,12.08,0.0,3.12,1.0,<Residue LEU het=  resseq=155 icode= >,1jkp_C_A,2.8
137,0.0,LEU, ,O,60.94,11.75,0.0,1.78,1.0,<Residue LEU het=  resseq=155 icode= >,1jkp_C_A,2.8
138,0.0,LEU, ,CB,40.84,13.65,0.0,2.50,1.0,<Residue LEU het=  resseq=155 icode= >,1jkp_C_A,2.8
139,2.977,LEU, ,CG,46.74,15.06,0.0,2.55,1.0,<Residue LEU het=  resseq=155 icode= >,1jkp_C_A,2.8
140,13.254,LEU, ,CD1,61.78,15.18,0.0,0.32,1.0,<Residue LEU het=  resseq=155 icode= >,1jkp_C_A,2.8
141,29.604,LEU, ,CD2,55.22,15.57,0.0,0.35,1.0,<Residue LEU het=  resseq=155 icode= >,1jkp_C_A,2.8
142,0.0,LEU, ,N,66.4,11.34,0.0,2.13,1.0,<Residue LEU het=  resseq=156 icode= >,1jkp_C_A,2.8
143,0.0,LEU, ,CA,77.69,9.96,0.0,1.77,1.0,<Residue LEU het=  resseq=156 icode= >,1jkp_C_A,2.8
144,0.0,LEU, ,C,84.61,10.07,0.0,2.07,1.0,<Residue LEU het=  resseq=156 icode= >,1jkp_C_A,2.8
145,10.437,LEU, ,O,94.65,9.22,0.0,0.98,1.0,<Residue LEU het=  resseq=156 icode= >,1jkp_C_A,2.8
146,0.252,LEU, ,CB,72.6,9.41,0.0,1.28,1.0,<Residue LEU het=  resseq=156 icode= >,1jkp_C_A,2.8
147,0.0,LEU, ,CG,70.64,8.96,0.0,1.47,1.0,<Residue LEU het=  resseq=156 icode= >,1jkp_C_A,2.8
148,0.0,LEU, ,CD1,69.58,8.70,0.0,0.30,1.0,<Residue LEU het=  resseq=156 icode= >,1jkp_C_A,2.8
149,1.398,LEU, ,CD2,69.14,7.90,0.0,0.13,1.0,<Residue LEU het=  resseq=156 icode= >,1jkp_C_A,2.8
150,0.0,GLU, ,N,80.78,11.23,0.0,1.96,1.0,<Residue GLU het=  resseq=157 icode= >,1jkp_C_A,2.8
151,1.908,GLU, ,CA,78.63,11.36,0.0,1.93,1.0,<Residue GLU het=  resseq=157 icode= >,1jkp_C_A,2.8
152,1.966,GLU, ,C,74.09,12.05,0.0,2.24,1.0,<Residue GLU het=  resseq=157 icode= >,1jkp_C_A,2.8
153,30.072,GLU, ,O,75.79,12.37,0.0,1.57,1.0,<Residue GLU het=  resseq=157 icode= >,1jkp_C_A,2.8
154,36.214,GLU, ,CB,77.12,12.23,0.0,1.42,1.0,<Residue GLU het=  resseq=157 icode= >,1jkp_C_A,2.8
155,0.0,LYS, ,N,68.32,12.44,0.0,2.05,1.0,<Residue LYS het=  resseq=158 icode= >,1jkp_C_A,2.8
156,5.616,LYS, ,CA,67.19,13.24,0.0,2.33,1.0,<Residue LYS het=  resseq=158 icode= >,1jkp_C_A,2.8
157,3.145,LYS, ,C,68.03,12.43,0.0,2.56,1.0,<Residue LYS het=  resseq=158 icode= >,1jkp_C_A,2.8
158,29.954,LYS, ,O,71.41,13.03,0.0,1.09,1.0,<Residue LYS het=  resseq=158 icode= >,1jkp_C_A,2.8
159,1.861,LYS, ,CB,75.01,14.25,0.0,0.92,1.0,<Residue LYS het=  resseq=158 icode= >,1jkp_C_A,2.8
160,16.215,LYS, ,CG,77.39,15.60,0.0,0.73,1.0,<Residue LYS het=  resseq=158 icode= >,1jkp_C_A,2.8
161,13.404,LYS, ,CD,80.44,16.60,0.0,0.14,1.0,<Residue LYS het=  resseq=158 icode= >,1jkp_C_A,2.8
162,41.071,LYS, ,CE,84.81,17.99,0.0,0.06,1.0,<Residue LYS het=  resseq=158 icode= >,1jkp_C_A,2.8
163,48.686,LYS, ,NZ,79.25,19.05,0.0,0.07,1.0,<Residue LYS het=  resseq=158 icode= >,1jkp_C_A,2.8
164,0.312,GLY, ,N,65.26,11.18,0.0,2.58,1.0,<Residue GLY het=  resseq=159 icode= >,1jkp_C_A,2.8
165,32.018,GLY, ,CA,64.45,10.39,0.0,2.12,1.0,<Residue GLY het=  resseq=159 icode= >,1jkp_C_A,2.8
166,5.79,GLY, ,C,69.4,9.85,0.0,2.54,1.0,<Residue GLY het=  resseq=159 icode= >,1jkp_C_A,2.8
167,23.731,GLY, ,O,78.97,8.76,0.0,1.34,1.0,<Residue GLY het=  resseq=159 icode= >,1jkp_C_A,2.8
168,0.0,HIS, ,N,71.51,10.28,0.0,2.16,1.0,<Residue HIS het=  resseq=160 icode= >,1jkp_C_A,2.8
169,2.28,HIS, ,CA,72.08,10.12,0.0,2.19,1.0,<Residue HIS het=  resseq=160 icode= >,1jkp_C_A,2.8
170,0.173,HIS, ,C,69.0,8.70,0.0,2.56,1.0,<Residue HIS het=  resseq=160 icode= >,1jkp_C_A,2.8
171,4.377,HIS, ,O,68.28,8.00,0.0,1.50,1.0,<Residue HIS het=  resseq=160 icode= >,1jkp_C_A,2.8
172,0.0,HIS, ,CB,74.05,11.02,0.0,1.41,1.0,<Residue HIS het=  resseq=160 icode= >,1jkp_C_A,2.8
173,0.563,HIS, ,CG,83.22,12.46,0.0,1.77,1.0,<Residue HIS het=  resseq=160 icode= >,1jkp_C_A,2.8
174,1.169,HIS, ,ND1,83.41,13.07,0.0,1.34,1.0,<Residue HIS het=  resseq=160 icode= >,1jkp_C_A,2.8
175,19.431,HIS, ,CD2,86.81,13.27,0.0,0.66,1.0,<Residue HIS het=  resseq=160 icode= >,1jkp_C_A,2.8
176,19.228,HIS, ,CE1,86.8,14.25,0.0,1.62,1.0,<Residue HIS het=  resseq=160 icode= >,1jkp_C_A,2.8
177,25.159,HIS, ,NE2,81.95,14.30,0.0,1.13,1.0,<Residue HIS het=  resseq=160 icode= >,1jkp_C_A,2.8
178,0.0,PRO, ,N,62.36,8.08,0.0,3.00,1.0,<Residue PRO het=  resseq=161 icode= >,1jkp_C_A,2.8
179,10.455,PRO, ,CA,56.93,7.03,0.0,2.80,1.0,<Residue PRO het=  resseq=161 icode= >,1jkp_C_A,2.8
180,0.0,PRO, ,C,54.58,7.36,0.0,3.15,1.0,<Residue PRO het=  resseq=161 icode= >,1jkp_C_A,2.8
181,0.0,PRO, ,O,47.3,8.51,0.0,2.17,1.0,<Residue PRO het=  resseq=161 icode= >,1jkp_C_A,2.8
182,27.557,PRO, ,CB,66.96,6.32,0.0,0.80,1.0,<Residue PRO het=  resseq=161 icode= >,1jkp_C_A,2.8
183,17.348,PRO, ,CG,51.47,7.58,0.0,1.75,1.0,<Residue PRO het=  resseq=161 icode= >,1jkp_C_A,2.8
184,19.668,PRO, ,CD,58.2,8.32,0.0,2.24,1.0,<Residue PRO het=  resseq=161 icode= >,1jkp_C_A,2.8
185,4.473,ARG, ,N,48.29,6.33,0.0,2.39,1.0,<Residue ARG het=  resseq=162 icode= >,1jkp_C_A,2.8
186,0.0,ARG, ,CA,41.78,6.80,0.0,2.89,1.0,<Residue ARG het=  resseq=162 icode= >,1jkp_C_A,2.8
187,0.0,ARG, ,C,43.8,7.66,0.0,3.85,1.0,<Residue ARG het=  resseq=162 icode= >,1jkp_C_A,2.8
188,0.0,ARG, ,O,57.19,8.69,0.0,1.40,1.0,<Residue ARG het=  resseq=162 icode= >,1jkp_C_A,2.8
189,0.437,ARG, ,CB,26.57,5.83,0.0,1.66,1.0,<Residue ARG het=  resseq=162 icode= >,1jkp_C_A,2.8
190,0.549,ARG, ,CG,16.33,5.24,0.0,2.39,1.0,<Residue ARG het=  resseq=162 icode= >,1jkp_C_A,2.8
191,0.0,ARG, ,CD,30.02,4.90,0.0,2.08,1.0,<Residue ARG het=  resseq=162 icode= >,1jkp_C_A,2.8
192,0.0,ARG, ,NE,40.89,5.13,0.0,2.48,1.0,<Residue ARG het=  resseq=162 icode= >,1jkp_C_A,2.8
193,0.0,ARG, ,CZ,54.34,4.65,0.0,2.63,1.0,<Residue ARG het=  resseq=162 icode= >,1jkp_C_A,2.8
194,0.374,ARG, ,NH1,54.9,5.48,0.0,1.44,1.0,<Residue ARG het=  resseq=162 icode= >,1jkp_C_A,2.8
195,25.571,ARG, ,NH2,61.42,3.73,6.698,1.42,1.0,<Residue ARG het=  resseq=162 icode= >,1jkp_C_A,2.8
196,0.0,GLN, ,N,46.85,6.70,0.0,2.98,1.0,<Residue GLN het=  resseq=163 icode= >,1jkp_C_A,2.8
197,0.23,GLN, ,CA,59.46,6.85,0.0,2.51,1.0,<Residue GLN het=  resseq=163 icode= >,1jkp_C_A,2.8
198,0.0,GLN, ,C,57.33,8.10,0.0,3.02,1.0,<Residue GLN het=  resseq=163 icode= >,1jkp_C_A,2.8
199,0.694,GLN, ,O,57.55,9.04,0.0,1.30,1.0,<Residue GLN het=  resseq=163 icode= >,1jkp_C_A,2.8
200,17.198,GLN, ,CB,75.03,5.72,0.0,0.86,1.0,<Residue GLN het=  resseq=163 icode= >,1jkp_C_A,2.8
201,12.753,GLN, ,CG,91.58,4.39,5.466,0.34,1.0,<Residue GLN het=  resseq=163 icode= >,1jkp_C_A,2.8
202,7.354,GLN, ,CD,95.0,4.26,0.0,0.26,1.0,<Residue GLN het=  resseq=163 icode= >,1jkp_C_A,2.8
203,24.411,GLN, ,OE1,95.0,5.29,0.0,0.57,1.0,<Residue GLN het=  resseq=163 icode= >,1jkp_C_A,2.8
204,58.506,GLN, ,NE2,95.0,3.40,20.733,-0.14,1.0,<Residue GLN het=  resseq=163 icode= >,1jkp_C_A,2.8
205,0.49,GLN, ,N,57.08,8.28,0.0,1.98,1.0,<Residue GLN het=  resseq=164 icode= >,1jkp_C_A,2.8
206,1.822,GLN, ,CA,59.33,9.57,0.0,2.60,1.0,<Residue GLN het=  resseq=164 icode= >,1jkp_C_A,2.8
207,0.0,GLN, ,C,55.58,10.69,0.0,3.20,1.0,<Residue GLN het=  resseq=164 icode= >,1jkp_C_A,2.8
208,0.0,GLN, ,O,48.85,11.57,0.0,2.05,1.0,<Residue GLN het=  resseq=164 icode= >,1jkp_C_A,2.8
209,26.07,GLN, ,CB,70.83,9.76,0.0,1.09,1.0,<Residue GLN het=  resseq=164 icode= >,1jkp_C_A,2.8
210,0.0,LEU, ,N,51.36,10.80,0.0,2.05,1.0,<Residue LEU het=  resseq=165 icode= >,1jkp_C_A,2.8
211,0.0,LEU, ,CA,46.86,11.76,0.0,2.92,1.0,<Residue LEU het=  resseq=165 icode= >,1jkp_C_A,2.8
212,0.0,LEU, ,C,51.78,10.35,0.0,3.26,1.0,<Residue LEU het=  resseq=165 icode= >,1jkp_C_A,2.8
213,0.0,LEU, ,O,49.89,9.94,0.0,2.10,1.0,<Residue LEU het=  resseq=165 icode= >,1jkp_C_A,2.8
214,0.0,LEU, ,CB,31.52,10.97,0.0,2.36,1.0,<Residue LEU het=  resseq=165 icode= >,1jkp_C_A,2.8
215,0.0,LEU, ,CG,39.52,11.00,0.0,2.75,1.0,<Residue LEU het=  resseq=165 icode= >,1jkp_C_A,2.8
216,0.0,LEU, ,CD1,31.45,10.52,0.0,1.32,1.0,<Residue LEU het=  resseq=165 icode= >,1jkp_C_A,2.8
217,1.516,LEU, ,CD2,47.55,12.46,0.0,0.93,1.0,<Residue LEU het=  resseq=165 icode= >,1jkp_C_A,2.8
218,0.0,ALA, ,N,57.56,9.79,0.0,1.71,1.0,<Residue ALA het=  resseq=166 icode= >,1jkp_C_A,2.8
219,0.0,ALA, ,CA,47.88,8.51,0.0,2.78,1.0,<Residue ALA het=  resseq=166 icode= >,1jkp_C_A,2.8
220,0.511,ALA, ,C,48.45,8.72,0.0,3.16,1.0,<Residue ALA het=  resseq=166 icode= >,1jkp_C_A,2.8
221,0.879,ALA, ,O,48.99,8.04,0.0,2.04,1.0,<Residue ALA het=  resseq=166 icode= >,1jkp_C_A,2.8
222,3.185,ALA, ,CB,40.43,8.01,0.0,0.98,1.0,<Residue ALA het=  resseq=166 icode= >,1jkp_C_A,2.8
223,0.033,ILE, ,N,47.92,9.43,0.0,2.10,1.0,<Residue ILE het=  resseq=167 icode= >,1jkp_C_A,2.8
224,9.274,ILE, ,CA,55.13,9.69,0.0,2.92,1.0,<Residue ILE het=  resseq=167 icode= >,1jkp_C_A,2.8
225,0.0,ILE, ,C,63.66,10.36,0.0,2.57,1.0,<Residue ILE het=  resseq=167 icode= >,1jkp_C_A,2.8
226,15.424,ILE, ,O,67.25,10.06,0.0,1.40,1.0,<Residue ILE het=  resseq=167 icode= >,1jkp_C_A,2.8
227,0.739,ILE, ,CB,54.47,10.50,0.0,2.29,1.0,<Residue ILE het=  resseq=167 icode= >,1jkp_C_A,2.8
228,13.002,ILE, ,CG1,60.65,10.07,0.0,0.61,1.0,<Residue ILE het=  resseq=167 icode= >,1jkp_C_A,2.8
229,51.605,ILE, ,CG2,51.54,10.53,0.0,1.22,1.0,<Residue ILE het=  resseq=167 icode= >,1jkp_C_A,2.8
230,52.694,ILE, ,CD1,66.07,10.76,0.0,-0.31,1.0,<Residue ILE het=  resseq=167 icode= >,1jkp_C_A,2.8
231,0.0,ILE, ,N,67.47,11.08,0.0,2.64,1.0,<Residue ILE het=  resseq=168 icode= >,1jkp_C_A,2.8
232,5.895,ILE, ,CA,73.52,11.59,0.0,2.86,1.0,<Residue ILE het=  resseq=168 icode= >,1jkp_C_A,2.8
233,0.0,ILE, ,C,68.53,10.67,0.0,3.44,1.0,<Residue ILE het=  resseq=168 icode= >,1jkp_C_A,2.8
234,22.271,ILE, ,O,57.14,10.67,0.0,1.68,1.0,<Residue ILE het=  resseq=168 icode= >,1jkp_C_A,2.8
235,0.0,ILE, ,CB,83.05,12.77,0.0,1.67,1.0,<Residue ILE het=  resseq=168 icode= >,1jkp_C_A,2.8
236,16.999,ILE, ,CG1,88.22,13.83,0.0,0.52,1.0,<Residue ILE het=  resseq=168 icode= >,1jkp_C_A,2.8
237,40.839,ILE, ,CG2,82.32,13.48,0.0,0.49,1.0,<Residue ILE het=  resseq=168 icode= >,1jkp_C_A,2.8
238,35.591,ILE, ,CD1,94.96,13.96,0.0,-0.51,1.0,<Residue ILE het=  resseq=168 icode= >,1jkp_C_A,2.8
239,0.0,PHE, ,N,65.67,10.10,0.0,2.43,1.0,<Residue PHE het=  resseq=169 icode= >,1jkp_C_A,2.8
240,7.132,PHE, ,CA,66.7,9.41,0.0,2.59,1.0,<Residue PHE het=  resseq=169 icode= >,1jkp_C_A,2.8
241,3.779,PHE, ,C,77.45,8.09,0.0,2.10,1.0,<Residue PHE het=  resseq=169 icode= >,1jkp_C_A,2.8
242,12.384,PHE, ,O,87.28,7.52,0.0,1.14,1.0,<Residue PHE het=  resseq=169 icode= >,1jkp_C_A,2.8
243,0.004,PHE, ,CB,63.52,9.05,0.0,2.28,1.0,<Residue PHE het=  resseq=169 icode= >,1jkp_C_A,2.8
244,0.469,PHE, ,CG,85.66,10.30,0.0,2.13,1.0,<Residue PHE het=  resseq=169 icode= >,1jkp_C_A,2.8
245,0.121,PHE, ,CD1,89.31,11.19,0.0,1.44,1.0,<Residue PHE het=  resseq=169 icode= >,1jkp_C_A,2.8
246,7.132,PHE, ,CD2,94.82,10.77,0.0,0.59,1.0,<Residue PHE het=  resseq=169 icode= >,1jkp_C_A,2.8
247,3.642,PHE, ,CE1,94.91,12.41,0.0,0.75,1.0,<Residue PHE het=  resseq=169 icode= >,1jkp_C_A,2.8
248,5.196,PHE, ,CE2,95.0,12.03,0.0,0.43,1.0,<Residue PHE het=  resseq=169 icode= >,1jkp_C_A,2.8
249,4.967,PHE, ,CZ,94.98,12.80,0.0,0.53,1.0,<Residue PHE het=  resseq=169 icode= >,1jkp_C_A,2.8
250,0.081,GLY, ,N,79.61,7.82,0.0,1.40,1.0,<Residue GLY het=  resseq=170 icode= >,1jkp_C_A,2.8
251,34.984,GLY, ,CA,70.48,6.74,0.0,1.04,1.0,<Residue GLY het=  resseq=170 icode= >,1jkp_C_A,2.8
252,4.806,GLY, ,C,68.92,5.32,0.0,2.00,1.0,<Residue GLY het=  resseq=170 icode= >,1jkp_C_A,2.8
253,26.21,GLY, ,O,79.66,4.50,4.029,1.02,1.0,<Residue GLY het=  resseq=170 icode= >,1jkp_C_A,2.8
254,1.36,ILE, ,N,57.92,5.32,0.0,1.58,1.0,<Residue ILE het=  resseq=171 icode= >,1jkp_C_A,2.8
255,7.678,ILE, ,CA,52.25,4.26,5.501,2.55,1.0,<Residue ILE het=  resseq=171 icode= >,1jkp_C_A,2.8
256,4.049,ILE, ,C,55.95,4.45,0.0,3.17,1.0,<Residue ILE het=  resseq=171 icode= >,1jkp_C_A,2.8
257,2.717,ILE, ,O,58.53,5.63,0.0,1.23,1.0,<Residue ILE het=  resseq=171 icode= >,1jkp_C_A,2.8
258,1.472,ILE, ,CB,42.16,4.05,1.472,2.48,1.0,<Residue ILE het=  resseq=171 icode= >,1jkp_C_A,2.8
259,0.0,ILE, ,CG1,36.15,5.21,0.0,2.11,1.0,<Residue ILE het=  resseq=171 icode= >,1jkp_C_A,2.8
260,5.848,ILE, ,CG2,46.9,4.67,1.557,0.88,1.0,<Residue ILE het=  resseq=171 icode= >,1jkp_C_A,2.8
261,0.0,ILE, ,CD1,28.16,5.50,0.0,1.47,1.0,<Residue ILE het=  resseq=171 icode= >,1jkp_C_A,2.8
262,10.671,GLY, ,N,51.85,3.65,7.927,2.30,1.0,<Residue GLY het=  resseq=172 icode= >,1jkp_C_A,2.8
263,32.829,GLY, ,CA,48.1,4.27,22.159,2.01,1.0,<Residue GLY het=  resseq=172 icode= >,1jkp_C_A,2.8
264,0.0,GLY, ,C,48.9,4.98,0.0,2.77,1.0,<Residue GLY het=  resseq=172 icode= >,1jkp_C_A,2.8
265,0.0,GLY, ,O,42.06,4.73,0.0,1.70,1.0,<Residue GLY het=  resseq=172 icode= >,1jkp_C_A,2.8
266,4.329,VAL, ,N,35.2,4.85,2.499,2.56,1.0,<Residue VAL het=  resseq=173 icode= >,1jkp_C_A,2.8
267,0.0,VAL, ,CA,27.13,5.97,0.0,3.92,1.0,<Residue VAL het=  resseq=173 icode= >,1jkp_C_A,2.8
268,0.0,VAL, ,C,29.95,5.70,0.0,3.97,1.0,<Residue VAL het=  resseq=173 icode= >,1jkp_C_A,2.8
269,0.0,VAL, ,O,44.62,5.33,0.0,1.40,1.0,<Residue VAL het=  resseq=173 icode= >,1jkp_C_A,2.8
270,9.97,VAL, ,CB,21.6,6.18,0.0,3.64,1.0,<Residue VAL het=  resseq=173 icode= >,1jkp_C_A,2.8
271,10.14,VAL, ,CG1,16.28,5.72,2.13,1.29,1.0,<Residue VAL het=  resseq=173 icode= >,1jkp_C_A,2.8
272,22.409,VAL, ,CG2,15.26,6.32,0.0,1.60,1.0,<Residue VAL het=  resseq=173 icode= >,1jkp_C_A,2.8
273,3.362,SER, ,N,26.02,5.16,0.158,3.32,1.0,<Residue SER het=  resseq=174 icode= >,1jkp_C_A,2.8
274,5.033,SER, ,CA,35.19,4.24,4.111,3.12,1.0,<Residue SER het=  resseq=174 icode= >,1jkp_C_A,2.8
275,0.058,SER, ,C,34.14,4.85,0.0,3.57,1.0,<Residue SER het=  resseq=174 icode= >,1jkp_C_A,2.8
276,4.181,SER, ,O,31.17,4.58,2.855,2.31,1.0,<Residue SER het=  resseq=174 icode= >,1jkp_C_A,2.8
277,46.596,SER, ,CB,35.65,3.48,43.228,1.61,1.0,<Residue SER het=  resseq=174 icode= >,1jkp_C_A,2.8
278,30.389,SER, ,OG,55.01,2.66,29.78,1.03,1.0,<Residue SER het=  resseq=174 icode= >,1jkp_C_A,2.8
279,0.163,THR, ,N,43.08,4.66,0.163,2.70,1.0,<Residue THR het=  resseq=175 icode= >,1jkp_C_A,2.8
280,0.0,THR, ,CA,47.96,4.96,0.0,3.72,1.0,<Residue THR het=  resseq=175 icode= >,1jkp_C_A,2.8
281,0.0,THR, ,C,47.43,6.07,0.0,3.68,1.0,<Residue THR het=  resseq=175 icode= >,1jkp_C_A,2.8
282,0.0,THR, ,O,35.41,6.60,0.0,2.58,1.0,<Residue THR het=  resseq=175 icode= >,1jkp_C_A,2.8
283,0.0,THR, ,CB,56.65,3.57,0.0,2.60,1.0,<Residue THR het=  resseq=175 icode= >,1jkp_C_A,2.8
284,20.652,THR, ,OG1,56.62,2.62,20.652,1.73,1.0,<Residue THR het=  resseq=175 icode= >,1jkp_C_A,2.8
285,2.803,THR, ,CG2,67.21,3.86,2.803,0.53,1.0,<Residue THR het=  resseq=175 icode= >,1jkp_C_A,2.8
286,0.0,LEU, ,N,44.0,6.47,0.0,2.90,1.0,<Residue LEU het=  resseq=176 icode= >,1jkp_C_A,2.8
287,0.0,LEU, ,CA,36.87,7.65,0.0,4.01,1.0,<Residue LEU het=  resseq=176 icode= >,1jkp_C_A,2.8
288,0.0,LEU, ,C,39.22,6.78,0.0,3.87,1.0,<Residue LEU het=  resseq=176 icode= >,1jkp_C_A,2.8
289,0.0,LEU, ,O,47.33,6.74,0.0,1.85,1.0,<Residue LEU het=  resseq=176 icode= >,1jkp_C_A,2.8
290,0.0,LEU, ,CB,33.42,7.91,0.0,2.83,1.0,<Residue LEU het=  resseq=176 icode= >,1jkp_C_A,2.8
291,0.0,LEU, ,CG,55.71,7.90,0.0,2.10,1.0,<Residue LEU het=  resseq=176 icode= >,1jkp_C_A,2.8
292,0.0,LEU, ,CD1,65.64,8.96,0.0,-0.02,1.0,<Residue LEU het=  resseq=176 icode= >,1jkp_C_A,2.8
293,0.0,LEU, ,CD2,45.82,8.21,0.0,0.94,1.0,<Residue LEU het=  resseq=176 icode= >,1jkp_C_A,2.8
294,0.0,TYR, ,N,34.6,5.46,0.0,2.88,1.0,<Residue TYR het=  resseq=177 icode= >,1jkp_C_A,2.8
295,0.0,TYR, ,CA,40.23,4.68,0.0,2.70,1.0,<Residue TYR het=  resseq=177 icode= >,1jkp_C_A,2.8
296,1.258,TYR, ,C,36.9,4.72,0.0,3.56,1.0,<Residue TYR het=  resseq=177 icode= >,1jkp_C_A,2.8
297,4.217,TYR, ,O,38.98,4.01,1.116,2.17,1.0,<Residue TYR het=  resseq=177 icode= >,1jkp_C_A,2.8
298,18.607,TYR, ,CB,36.02,3.31,16.334,1.96,1.0,<Residue TYR het=  resseq=177 icode= >,1jkp_C_A,2.8
299,2.059,TYR, ,CG,36.25,3.25,2.059,3.39,1.0,<Residue TYR het=  resseq=177 icode= >,1jkp_C_A,2.8
300,8.292,TYR, ,CD1,33.08,3.66,8.292,2.52,1.0,<Residue TYR het=  resseq=177 icode= >,1jkp_C_A,2.8
301,7.239,TYR, ,CD2,35.52,3.28,7.239,2.54,1.0,<Residue TYR het=  resseq=177 icode= >,1jkp_C_A,2.8
302,9.539,TYR, ,CE1,42.46,3.20,9.539,1.64,1.0,<Residue TYR het=  resseq=177 icode= >,1jkp_C_A,2.8
303,10.854,TYR, ,CE2,24.06,4.05,10.282,2.64,1.0,<Residue TYR het=  resseq=177 icode= >,1jkp_C_A,2.8
304,5.227,TYR, ,CZ,38.49,3.36,5.227,3.31,1.0,<Residue TYR het=  resseq=177 icode= >,1jkp_C_A,2.8
305,32.487,TYR, ,OH,39.69,2.66,24.741,2.57,1.0,<Residue TYR het=  resseq=177 icode= >,1jkp_C_A,2.8
306,0.249,ARG, ,N,37.02,5.93,0.0,3.02,1.0,<Residue ARG het=  resseq=178 icode= >,1jkp_C_A,2.8
307,9.525,ARG, ,CA,42.87,6.60,0.0,2.75,1.0,<Residue ARG het=  resseq=178 icode= >,1jkp_C_A,2.8
308,0.0,ARG, ,C,43.47,7.17,0.0,3.67,1.0,<Residue ARG het=  resseq=178 icode= >,1jkp_C_A,2.8
309,15.566,ARG, ,O,42.4,7.24,0.0,2.44,1.0,<Residue ARG het=  resseq=178 icode= >,1jkp_C_A,2.8
310,3.667,ARG,x,CB,39.69,6.38,0.856,1.34,0.5,<Residue ARG het=  resseq=178 icode= >,1jkp_C_A,2.8
311,14.486,ARG,x,CG,38.58,5.61,0.0,0.72,0.5,<Residue ARG het=  resseq=178 icode= >,1jkp_C_A,2.8
312,38.976,ARG,x,CD,28.3,5.23,7.026,1.23,0.5,<Residue ARG het=  resseq=178 icode= >,1jkp_C_A,2.8
313,14.194,ARG,x,NE,16.61,4.44,11.136,1.60,0.5,<Residue ARG het=  resseq=178 icode= >,1jkp_C_A,2.8
314,4.375,ARG,x,CZ,17.5,3.78,4.375,2.35,0.5,<Residue ARG het=  resseq=178 icode= >,1jkp_C_A,2.8
315,40.695,ARG,x,NH1,15.12,2.92,40.695,1.04,0.5,<Residue ARG het=  resseq=178 icode= >,1jkp_C_A,2.8
316,26.297,ARG,x,NH2,19.69,2.72,19.454,0.93,0.5,<Residue ARG het=  resseq=178 icode= >,1jkp_C_A,2.8
317,0.0,TYR, ,N,44.41,7.39,0.0,2.70,1.0,<Residue TYR het=  resseq=179 icode= >,1jkp_C_A,2.8
318,7.849,TYR, ,CA,53.75,7.80,0.0,3.11,1.0,<Residue TYR het=  resseq=179 icode= >,1jkp_C_A,2.8
319,0.433,TYR, ,C,59.63,8.06,0.0,2.70,1.0,<Residue TYR het=  resseq=179 icode= >,1jkp_C_A,2.8
320,17.56,TYR, ,O,65.57,8.81,0.0,1.65,1.0,<Residue TYR het=  resseq=179 icode= >,1jkp_C_A,2.8
321,0.059,TYR, ,CB,59.64,7.37,0.0,1.20,1.0,<Residue TYR het=  resseq=179 icode= >,1jkp_C_A,2.8
322,0.886,TYR, ,CG,61.04,5.94,0.0,2.79,1.0,<Residue TYR het=  resseq=179 icode= >,1jkp_C_A,2.8
323,1.048,TYR, ,CD1,59.03,4.96,0.0,1.99,1.0,<Residue TYR het=  resseq=179 icode= >,1jkp_C_A,2.8
324,6.573,TYR, ,CD2,61.34,5.81,0.0,2.10,1.0,<Residue TYR het=  resseq=179 icode= >,1jkp_C_A,2.8
325,2.517,TYR, ,CE1,61.8,3.60,1.545,2.13,1.0,<Residue TYR het=  resseq=179 icode= >,1jkp_C_A,2.8
326,3.93,TYR, ,CE2,54.13,4.71,0.0,2.29,1.0,<Residue TYR het=  resseq=179 icode= >,1jkp_C_A,2.8
327,0.0,TYR, ,CZ,59.85,3.43,0.0,3.21,1.0,<Residue TYR het=  resseq=179 icode= >,1jkp_C_A,2.8
328,1.492,TYR, ,OH,54.74,2.41,1.492,1.89,1.0,<Residue TYR het=  resseq=179 icode= >,1jkp_C_A,2.8
329,0.0,PHE, ,N,55.17,6.90,0.0,2.47,1.0,<Residue PHE het=  resseq=180 icode= >,1jkp_C_A,2.8
330,0.445,PHE, ,CA,45.26,6.53,0.0,3.94,1.0,<Residue PHE het=  resseq=180 icode= >,1jkp_C_A,2.8
331,0.0,PHE, ,C,43.19,5.08,0.0,4.41,1.0,<Residue PHE het=  resseq=180 icode= >,1jkp_C_A,2.8
332,0.0,PHE, ,O,47.46,4.76,0.0,1.97,1.0,<Residue PHE het=  resseq=180 icode= >,1jkp_C_A,2.8
333,0.0,PHE, ,CB,52.33,7.37,0.0,2.20,1.0,<Residue PHE het=  resseq=180 icode= >,1jkp_C_A,2.8
334,0.0,PHE, ,CG,54.39,8.67,0.0,2.59,1.0,<Residue PHE het=  resseq=180 icode= >,1jkp_C_A,2.8
335,0.0,PHE, ,CD1,54.7,9.01,0.0,1.13,1.0,<Residue PHE het=  resseq=180 icode= >,1jkp_C_A,2.8
336,8.025,PHE, ,CD2,54.27,9.74,0.0,2.32,1.0,<Residue PHE het=  resseq=180 icode= >,1jkp_C_A,2.8
337,0.0,PHE, ,CE1,63.99,9.73,0.0,1.05,1.0,<Residue PHE het=  resseq=180 icode= >,1jkp_C_A,2.8
338,8.039,PHE, ,CE2,57.0,10.82,0.0,1.58,1.0,<Residue PHE het=  resseq=180 icode= >,1jkp_C_A,2.8
339,0.0,PHE, ,CZ,55.87,9.93,0.0,1.17,1.0,<Residue PHE het=  resseq=180 icode= >,1jkp_C_A,2.8
340,0.0,PRO, ,N,42.27,4.48,0.0,4.27,1.0,<Residue PRO het=  resseq=181 icode= >,1jkp_C_A,2.8
341,2.335,PRO, ,CA,55.67,3.15,2.335,2.39,1.0,<Residue PRO het=  resseq=181 icode= >,1jkp_C_A,2.8
342,0.0,PRO, ,C,63.6,3.45,0.0,3.26,1.0,<Residue PRO het=  resseq=181 icode= >,1jkp_C_A,2.8
343,0.0,PRO, ,O,63.48,4.59,0.0,2.98,1.0,<Residue PRO het=  resseq=181 icode= >,1jkp_C_A,2.8
344,15.504,PRO, ,CB,55.51,3.41,9.278,1.00,1.0,<Residue PRO het=  resseq=181 icode= >,1jkp_C_A,2.8
345,31.308,PRO, ,CG,42.9,4.59,0.0,1.37,1.0,<Residue PRO het=  resseq=181 icode= >,1jkp_C_A,2.8
346,8.838,PRO, ,CD,35.31,5.32,0.0,2.77,1.0,<Residue PRO het=  resseq=181 icode= >,1jkp_C_A,2.8
347,3.989,ALA, ,N,70.09,2.86,3.989,2.59,1.0,<Residue ALA het=  resseq=182 icode= >,1jkp_C_A,2.8
348,1.203,ALA, ,CA,66.63,4.00,0.0,2.47,1.0,<Residue ALA het=  resseq=182 icode= >,1jkp_C_A,2.8
349,1.244,ALA, ,C,66.53,4.07,0.0,2.85,1.0,<Residue ALA het=  resseq=182 icode= >,1jkp_C_A,2.8
350,19.237,ALA, ,O,69.29,4.93,0.0,1.19,1.0,<Residue ALA het=  resseq=182 icode= >,1jkp_C_A,2.8
351,47.057,ALA, ,CB,69.11,3.00,40.272,0.11,1.0,<Residue ALA het=  resseq=182 icode= >,1jkp_C_A,2.8
352,0.736,SER, ,N,63.05,3.20,0.736,2.66,1.0,<Residue SER het=  resseq=183 icode= >,1jkp_C_A,2.8
353,11.24,SER, ,CA,67.81,3.97,0.0,2.17,1.0,<Residue SER het=  resseq=183 icode= >,1jkp_C_A,2.8
354,2.327,SER, ,C,75.7,4.83,0.0,2.15,1.0,<Residue SER het=  resseq=183 icode= >,1jkp_C_A,2.8
355,28.593,SER, ,O,74.46,5.58,0.0,1.25,1.0,<Residue SER het=  resseq=183 icode= >,1jkp_C_A,2.8
356,46.066,SER, ,CB,74.87,3.52,3.062,1.15,1.0,<Residue SER het=  resseq=183 icode= >,1jkp_C_A,2.8
357,24.297,SER, ,OG,89.03,2.68,7.613,0.24,1.0,<Residue SER het=  resseq=183 icode= >,1jkp_C_A,2.8
358,0.0,SER, ,N,85.33,5.13,0.0,1.74,1.0,<Residue SER het=  resseq=184 icode= >,1jkp_C_A,2.8
359,9.801,SER, ,CA,94.02,6.32,0.0,1.54,1.0,<Residue SER het=  resseq=184 icode= >,1jkp_C_A,2.8
360,4.938,SER, ,C,94.92,7.41,0.0,1.35,1.0,<Residue SER het=  resseq=184 icode= >,1jkp_C_A,2.8
361,13.728,SER, ,O,95.0,8.20,0.0,1.05,1.0,<Residue SER het=  resseq=184 icode= >,1jkp_C_A,2.8
362,24.668,SER, ,CB,88.01,6.24,0.0,0.58,1.0,<Residue SER het=  resseq=184 icode= >,1jkp_C_A,2.8
363,1.48,SER, ,OG,80.69,6.50,0.0,1.08,1.0,<Residue SER het=  resseq=184 icode= >,1jkp_C_A,2.8
364,4.702,ILE, ,N,94.97,7.71,0.0,0.89,1.0,<Residue ILE het=  resseq=185 icode= >,1jkp_C_A,2.8
365,3.331,ILE, ,CA,95.0,8.90,0.0,1.17,1.0,<Residue ILE het=  resseq=185 icode= >,1jkp_C_A,2.8
366,31.763,ILE, ,C,95.0,9.51,0.0,0.67,1.0,<Residue ILE het=  resseq=185 icode= >,1jkp_C_A,2.8
367,34.8,ILE, ,O,95.0,10.58,0.0,0.65,1.0,<Residue ILE het=  resseq=185 icode= >,1jkp_C_A,2.8
368,3.741,ILE, ,CB,95.0,7.75,0.0,0.66,1.0,<Residue ILE het=  resseq=185 icode= >,1jkp_C_A,2.8
369,2.164,ILE, ,CG1,94.5,7.76,0.0,0.21,1.0,<Residue ILE het=  resseq=185 icode= >,1jkp_C_A,2.8
370,31.118,ILE, ,CG2,95.0,8.20,0.0,-0.33,1.0,<Residue ILE het=  resseq=185 icode= >,1jkp_C_A,2.8
371,6.674,ILE, ,CD1,93.57,9.19,0.0,0.02,1.0,<Residue ILE het=  resseq=185 icode= >,1jkp_C_A,2.8
