,ASA,aa,altloc,atom,bfac,d2r,dASA,dens,occ,residue,id,resolu
0,50.841,ARG, ,N,59.75,6.55,16.03,0.45,1.0,<Residue ARG het=  resseq=132 icode= >,1k61_A_A,2.1
1,17.4,ARG, ,CA,59.04,6.41,0.0,0.91,1.0,<Residue ARG het=  resseq=132 icode= >,1k61_A_A,2.1
2,5.05,ARG, ,C,58.03,5.37,0.691,1.35,1.0,<Residue ARG het=  resseq=132 icode= >,1k61_A_A,2.1
3,28.883,ARG, ,O,58.06,4.58,20.461,0.61,1.0,<Residue ARG het=  resseq=132 icode= >,1k61_A_A,2.1
4,60.601,ARG, ,CB,58.89,6.49,0.0,0.47,1.0,<Residue ARG het=  resseq=132 icode= >,1k61_A_A,2.1
5,11.844,GLY, ,N,56.76,5.72,0.0,1.01,1.0,<Residue GLY het=  resseq=133 icode= >,1k61_A_A,2.1
6,37.221,GLY, ,CA,54.48,5.29,10.143,0.46,1.0,<Residue GLY het=  resseq=133 icode= >,1k61_A_A,2.1
7,6.489,GLY, ,C,52.33,5.18,1.161,1.77,1.0,<Residue GLY het=  resseq=133 icode= >,1k61_A_A,2.1
8,10.298,GLY, ,O,52.66,5.73,0.0,1.13,1.0,<Residue GLY het=  resseq=133 icode= >,1k61_A_A,2.1
9,2.718,HIS, ,N,48.75,4.85,0.85,2.24,1.0,<Residue HIS het=  resseq=134 icode= >,1k61_A_A,2.1
10,8.394,HIS, ,CA,47.01,4.76,1.863,1.85,1.0,<Residue HIS het=  resseq=134 icode= >,1k61_A_A,2.1
11,0.136,HIS, ,C,44.1,3.87,0.136,3.50,1.0,<Residue HIS het=  resseq=134 icode= >,1k61_A_A,2.1
12,12.588,HIS, ,O,44.85,3.28,9.698,2.60,1.0,<Residue HIS het=  resseq=134 icode= >,1k61_A_A,2.1
13,25.065,HIS, ,CB,47.56,3.77,23.149,0.87,1.0,<Residue HIS het=  resseq=134 icode= >,1k61_A_A,2.1
14,2.885,HIS, ,CG,48.43,4.00,2.885,1.72,1.0,<Residue HIS het=  resseq=134 icode= >,1k61_A_A,2.1
15,3.727,HIS, ,ND1,49.62,3.99,3.727,1.42,1.0,<Residue HIS het=  resseq=134 icode= >,1k61_A_A,2.1
16,34.23,HIS, ,CD2,49.71,3.47,28.072,1.24,1.0,<Residue HIS het=  resseq=134 icode= >,1k61_A_A,2.1
17,35.469,HIS, ,CE1,49.02,2.90,35.469,1.46,1.0,<Residue HIS het=  resseq=134 icode= >,1k61_A_A,2.1
18,32.119,HIS, ,NE2,49.25,3.41,31.768,1.57,1.0,<Residue HIS het=  resseq=134 icode= >,1k61_A_A,2.1
19,0.54,ARG, ,N,42.34,4.00,0.186,1.98,1.0,<Residue ARG het=  resseq=135 icode= >,1k61_A_A,2.1
20,4.42,ARG, ,CA,41.1,3.53,4.42,2.04,1.0,<Residue ARG het=  resseq=135 icode= >,1k61_A_A,2.1
21,0.0,ARG, ,C,38.76,3.79,0.0,3.61,1.0,<Residue ARG het=  resseq=135 icode= >,1k61_A_A,2.1
22,13.564,ARG, ,O,40.18,4.96,1.514,2.80,1.0,<Residue ARG het=  resseq=135 icode= >,1k61_A_A,2.1
23,19.97,ARG, ,CB,42.84,4.28,3.498,1.97,1.0,<Residue ARG het=  resseq=135 icode= >,1k61_A_A,2.1
24,22.393,ARG, ,CG,45.86,3.92,14.898,1.57,1.0,<Residue ARG het=  resseq=135 icode= >,1k61_A_A,2.1
25,13.805,ARG, ,CD,47.72,4.11,13.728,1.11,1.0,<Residue ARG het=  resseq=135 icode= >,1k61_A_A,2.1
26,9.874,ARG, ,NE,49.57,3.98,9.874,1.35,1.0,<Residue ARG het=  resseq=135 icode= >,1k61_A_A,2.1
27,7.528,ARG, ,CZ,51.26,3.93,7.528,1.56,1.0,<Residue ARG het=  resseq=135 icode= >,1k61_A_A,2.1
28,43.475,ARG, ,NH1,51.99,3.35,29.114,0.76,1.0,<Residue ARG het=  resseq=135 icode= >,1k61_A_A,2.1
29,59.504,ARG, ,NH2,51.75,3.37,52.094,0.51,1.0,<Residue ARG het=  resseq=135 icode= >,1k61_A_A,2.1
30,4.593,PHE, ,N,36.71,2.84,4.593,2.91,1.0,<Residue PHE het=  resseq=136 icode= >,1k61_A_A,2.1
31,3.939,PHE, ,CA,35.86,3.64,0.0,2.86,1.0,<Residue PHE het=  resseq=136 icode= >,1k61_A_A,2.1
32,0.54,PHE, ,C,35.24,4.29,0.054,3.22,1.0,<Residue PHE het=  resseq=136 icode= >,1k61_A_A,2.1
33,10.53,PHE, ,O,33.25,4.04,0.348,3.24,1.0,<Residue PHE het=  resseq=136 icode= >,1k61_A_A,2.1
34,0.405,PHE, ,CB,34.66,3.39,0.33,2.11,1.0,<Residue PHE het=  resseq=136 icode= >,1k61_A_A,2.1
35,0.405,PHE, ,CG,35.37,3.56,0.405,2.73,1.0,<Residue PHE het=  resseq=136 icode= >,1k61_A_A,2.1
36,5.487,PHE, ,CD1,36.49,4.37,0.294,1.84,1.0,<Residue PHE het=  resseq=136 icode= >,1k61_A_A,2.1
37,4.939,PHE, ,CD2,35.66,3.68,4.939,2.27,1.0,<Residue PHE het=  resseq=136 icode= >,1k61_A_A,2.1
38,6.632,PHE, ,CE1,37.2,3.78,5.138,1.77,1.0,<Residue PHE het=  resseq=136 icode= >,1k61_A_A,2.1
39,5.025,PHE, ,CE2,35.73,4.16,4.95,2.34,1.0,<Residue PHE het=  resseq=136 icode= >,1k61_A_A,2.1
40,13.162,PHE, ,CZ,34.64,3.26,13.162,2.84,1.0,<Residue PHE het=  resseq=136 icode= >,1k61_A_A,2.1
41,0.764,THR, ,N,35.04,5.53,0.006,2.75,1.0,<Residue THR het=  resseq=137 icode= >,1k61_A_A,2.1
42,9.704,THR, ,CA,34.56,6.53,8.814,2.54,1.0,<Residue THR het=  resseq=137 icode= >,1k61_A_A,2.1
43,0.0,THR, ,C,34.36,6.35,0.0,3.04,1.0,<Residue THR het=  resseq=137 icode= >,1k61_A_A,2.1
44,0.0,THR, ,O,32.71,5.79,0.0,2.84,1.0,<Residue THR het=  resseq=137 icode= >,1k61_A_A,2.1
45,10.495,THR, ,CB,34.33,7.88,3.274,2.37,1.0,<Residue THR het=  resseq=137 icode= >,1k61_A_A,2.1
46,1.697,THR, ,OG1,36.97,7.99,0.0,1.95,1.0,<Residue THR het=  resseq=137 icode= >,1k61_A_A,2.1
47,62.644,THR, ,CG2,36.86,8.39,17.009,1.02,1.0,<Residue THR het=  resseq=137 icode= >,1k61_A_A,2.1
48,8.493,LYS, ,N,33.96,7.18,4.521,2.77,1.0,<Residue LYS het=  resseq=138 icode= >,1k61_A_A,2.1
49,7.723,LYS, ,CA,35.73,7.56,0.0,2.12,1.0,<Residue LYS het=  resseq=138 icode= >,1k61_A_A,2.1
50,1.299,LYS, ,C,36.42,8.12,0.0,3.09,1.0,<Residue LYS het=  resseq=138 icode= >,1k61_A_A,2.1
51,3.606,LYS, ,O,35.65,8.06,0.0,2.26,1.0,<Residue LYS het=  resseq=138 icode= >,1k61_A_A,2.1
52,68.148,LYS, ,CB,34.86,8.80,1.262,1.29,1.0,<Residue LYS het=  resseq=138 icode= >,1k61_A_A,2.1
53,2.623,GLU, ,N,37.79,8.93,0.0,2.64,1.0,<Residue GLU het=  resseq=139 icode= >,1k61_A_A,2.1
54,6.919,GLU, ,CA,38.99,9.77,0.0,2.42,1.0,<Residue GLU het=  resseq=139 icode= >,1k61_A_A,2.1
55,0.0,GLU, ,C,36.73,9.12,0.0,3.42,1.0,<Residue GLU het=  resseq=139 icode= >,1k61_A_A,2.1
56,0.068,GLU, ,O,34.51,9.62,0.0,2.48,1.0,<Residue GLU het=  resseq=139 icode= >,1k61_A_A,2.1
57,16.025,GLU, ,CB,43.94,10.73,0.0,1.52,1.0,<Residue GLU het=  resseq=139 icode= >,1k61_A_A,2.1
58,11.925,GLU, ,CG,50.91,11.75,0.0,0.78,1.0,<Residue GLU het=  resseq=139 icode= >,1k61_A_A,2.1
59,13.481,GLU, ,CD,55.69,12.92,0.0,1.10,1.0,<Residue GLU het=  resseq=139 icode= >,1k61_A_A,2.1
60,38.546,GLU, ,OE1,60.61,13.64,0.0,0.13,1.0,<Residue GLU het=  resseq=139 icode= >,1k61_A_A,2.1
61,33.351,GLU, ,OE2,57.18,13.25,0.0,1.53,1.0,<Residue GLU het=  resseq=139 icode= >,1k61_A_A,2.1
62,0.0,ASN, ,N,35.72,8.22,0.0,2.93,1.0,<Residue ASN het=  resseq=140 icode= >,1k61_A_A,2.1
63,0.0,ASN, ,CA,33.18,7.83,0.0,2.26,1.0,<Residue ASN het=  resseq=140 icode= >,1k61_A_A,2.1
64,0.0,ASN, ,C,32.26,7.17,0.0,3.47,1.0,<Residue ASN het=  resseq=140 icode= >,1k61_A_A,2.1
65,0.0,ASN, ,O,32.07,7.62,0.0,2.79,1.0,<Residue ASN het=  resseq=140 icode= >,1k61_A_A,2.1
66,0.0,ASN, ,CB,31.69,7.25,0.0,2.07,1.0,<Residue ASN het=  resseq=140 icode= >,1k61_A_A,2.1
67,0.674,ASN, ,CG,32.66,8.49,0.0,2.85,1.0,<Residue ASN het=  resseq=140 icode= >,1k61_A_A,2.1
68,7.314,ASN, ,OD1,31.5,8.54,0.0,2.63,1.0,<Residue ASN het=  resseq=140 icode= >,1k61_A_A,2.1
69,6.68,ASN, ,ND2,27.77,9.65,0.0,2.46,1.0,<Residue ASN het=  resseq=140 icode= >,1k61_A_A,2.1
70,0.0,VAL, ,N,31.27,6.41,0.0,3.02,1.0,<Residue VAL het=  resseq=141 icode= >,1k61_A_A,2.1
71,0.0,VAL, ,CA,29.39,6.11,0.0,2.92,1.0,<Residue VAL het=  resseq=141 icode= >,1k61_A_A,2.1
72,0.0,VAL, ,C,31.38,7.47,0.0,3.00,1.0,<Residue VAL het=  resseq=141 icode= >,1k61_A_A,2.1
73,0.0,VAL, ,O,29.08,7.52,0.0,3.33,1.0,<Residue VAL het=  resseq=141 icode= >,1k61_A_A,2.1
74,3.267,VAL, ,CB,29.83,5.38,0.0,2.56,1.0,<Residue VAL het=  resseq=141 icode= >,1k61_A_A,2.1
75,31.194,VAL, ,CG1,29.94,5.30,1.423,1.59,1.0,<Residue VAL het=  resseq=141 icode= >,1k61_A_A,2.1
76,18.326,VAL, ,CG2,26.4,3.99,8.587,2.33,1.0,<Residue VAL het=  resseq=141 icode= >,1k61_A_A,2.1
77,0.412,ARG, ,N,31.38,8.42,0.0,3.02,1.0,<Residue ARG het=  resseq=142 icode= >,1k61_A_A,2.1
78,8.133,ARG, ,CA,31.38,9.81,0.0,3.39,1.0,<Residue ARG het=  resseq=142 icode= >,1k61_A_A,2.1
79,1.244,ARG, ,C,31.45,10.31,0.0,3.56,1.0,<Residue ARG het=  resseq=142 icode= >,1k61_A_A,2.1
80,3.631,ARG, ,O,31.95,10.86,0.0,2.63,1.0,<Residue ARG het=  resseq=142 icode= >,1k61_A_A,2.1
81,47.701,ARG, ,CB,32.31,10.70,0.0,1.87,1.0,<Residue ARG het=  resseq=142 icode= >,1k61_A_A,2.1
82,0.0,ILE, ,N,32.63,10.32,0.0,2.43,1.0,<Residue ILE het=  resseq=143 icode= >,1k61_A_A,2.1
83,3.302,ILE, ,CA,33.23,11.03,0.0,2.37,1.0,<Residue ILE het=  resseq=143 icode= >,1k61_A_A,2.1
84,0.0,ILE, ,C,31.39,10.43,0.0,3.45,1.0,<Residue ILE het=  resseq=143 icode= >,1k61_A_A,2.1
85,1.206,ILE, ,O,31.43,11.25,0.0,2.56,1.0,<Residue ILE het=  resseq=143 icode= >,1k61_A_A,2.1
86,0.0,ILE, ,CB,34.56,11.24,0.0,1.79,1.0,<Residue ILE het=  resseq=143 icode= >,1k61_A_A,2.1
87,17.262,ILE, ,CG1,36.93,11.91,0.0,1.84,1.0,<Residue ILE het=  resseq=143 icode= >,1k61_A_A,2.1
88,11.954,ILE, ,CG2,37.26,12.18,0.0,0.52,1.0,<Residue ILE het=  resseq=143 icode= >,1k61_A_A,2.1
89,14.18,ILE, ,CD1,34.86,12.25,0.0,1.79,1.0,<Residue ILE het=  resseq=143 icode= >,1k61_A_A,2.1
90,0.0,LEU, ,N,29.56,9.13,0.0,2.88,1.0,<Residue LEU het=  resseq=144 icode= >,1k61_A_A,2.1
91,0.0,LEU, ,CA,29.45,8.68,0.0,2.18,1.0,<Residue LEU het=  resseq=144 icode= >,1k61_A_A,2.1
92,0.0,LEU, ,C,27.95,8.98,0.0,3.59,1.0,<Residue LEU het=  resseq=144 icode= >,1k61_A_A,2.1
93,0.205,LEU, ,O,27.7,9.73,0.0,2.50,1.0,<Residue LEU het=  resseq=144 icode= >,1k61_A_A,2.1
94,0.0,LEU, ,CB,29.16,7.27,0.0,1.41,1.0,<Residue LEU het=  resseq=144 icode= >,1k61_A_A,2.1
95,0.0,LEU, ,CG,28.54,7.33,0.0,2.70,1.0,<Residue LEU het=  resseq=144 icode= >,1k61_A_A,2.1
96,0.0,LEU, ,CD1,26.68,6.06,0.0,1.67,1.0,<Residue LEU het=  resseq=144 icode= >,1k61_A_A,2.1
97,0.106,LEU, ,CD2,28.94,8.40,0.0,1.74,1.0,<Residue LEU het=  resseq=144 icode= >,1k61_A_A,2.1
98,0.0,GLU, ,N,30.06,8.65,0.0,2.72,1.0,<Residue GLU het=  resseq=145 icode= >,1k61_A_A,2.1
99,0.0,GLU, ,CA,31.4,9.27,0.0,2.30,1.0,<Residue GLU het=  resseq=145 icode= >,1k61_A_A,2.1
100,0.875,GLU, ,C,31.89,10.77,0.0,3.12,1.0,<Residue GLU het=  resseq=145 icode= >,1k61_A_A,2.1
101,1.051,GLU, ,O,31.91,11.50,0.0,3.11,1.0,<Residue GLU het=  resseq=145 icode= >,1k61_A_A,2.1
102,17.477,GLU, ,CB,32.98,9.15,0.0,2.34,1.0,<Residue GLU het=  resseq=145 icode= >,1k61_A_A,2.1
103,12.546,GLU, ,CG,33.01,7.82,0.0,1.67,1.0,<Residue GLU het=  resseq=145 icode= >,1k61_A_A,2.1
104,6.171,GLU, ,CD,34.23,7.11,0.0,3.13,1.0,<Residue GLU het=  resseq=145 icode= >,1k61_A_A,2.1
105,3.734,GLU, ,OE1,31.69,7.95,0.0,3.15,1.0,<Residue GLU het=  resseq=145 icode= >,1k61_A_A,2.1
106,16.435,GLU, ,OE2,34.5,5.86,0.0,2.68,1.0,<Residue GLU het=  resseq=145 icode= >,1k61_A_A,2.1
107,0.547,SER, ,N,32.14,11.34,0.0,2.69,1.0,<Residue SER het=  resseq=146 icode= >,1k61_A_A,2.1
108,8.192,SER, ,CA,33.75,12.78,0.0,2.17,1.0,<Residue SER het=  resseq=146 icode= >,1k61_A_A,2.1
109,0.0,SER, ,C,32.44,13.26,0.0,3.93,1.0,<Residue SER het=  resseq=146 icode= >,1k61_A_A,2.1
110,0.2,SER, ,O,30.72,14.25,0.0,3.14,1.0,<Residue SER het=  resseq=146 icode= >,1k61_A_A,2.1
111,22.298,SER, ,CB,35.24,13.33,0.0,1.91,1.0,<Residue SER het=  resseq=146 icode= >,1k61_A_A,2.1
112,15.808,SER, ,OG,38.37,14.69,0.0,1.61,1.0,<Residue SER het=  resseq=146 icode= >,1k61_A_A,2.1
113,0.499,TRP, ,N,32.36,12.72,0.0,3.33,1.0,<Residue TRP het=  resseq=147 icode= >,1k61_A_A,2.1
114,4.647,TRP, ,CA,32.49,13.35,0.0,2.73,1.0,<Residue TRP het=  resseq=147 icode= >,1k61_A_A,2.1
115,0.0,TRP, ,C,32.53,13.33,0.0,3.01,1.0,<Residue TRP het=  resseq=147 icode= >,1k61_A_A,2.1
116,0.0,TRP, ,O,32.1,13.13,0.0,2.57,1.0,<Residue TRP het=  resseq=147 icode= >,1k61_A_A,2.1
117,2.956,TRP, ,CB,33.32,12.82,0.0,1.96,1.0,<Residue TRP het=  resseq=147 icode= >,1k61_A_A,2.1
118,0.0,TRP, ,CG,34.19,11.99,0.0,2.53,1.0,<Residue TRP het=  resseq=147 icode= >,1k61_A_A,2.1
119,15.469,TRP, ,CD1,36.02,12.11,0.0,1.43,1.0,<Residue TRP het=  resseq=147 icode= >,1k61_A_A,2.1
120,0.0,TRP, ,CD2,35.8,10.74,0.0,2.74,1.0,<Residue TRP het=  resseq=147 icode= >,1k61_A_A,2.1
121,2.232,TRP, ,NE1,34.67,11.04,0.0,2.85,1.0,<Residue TRP het=  resseq=147 icode= >,1k61_A_A,2.1
122,0.0,TRP, ,CE2,35.54,10.12,0.0,2.68,1.0,<Residue TRP het=  resseq=147 icode= >,1k61_A_A,2.1
123,0.191,TRP, ,CE3,35.14,10.24,0.0,1.88,1.0,<Residue TRP het=  resseq=147 icode= >,1k61_A_A,2.1
124,0.876,TRP, ,CZ2,37.5,8.94,0.0,1.23,1.0,<Residue TRP het=  resseq=147 icode= >,1k61_A_A,2.1
125,0.0,TRP, ,CZ3,37.26,9.06,0.0,1.65,1.0,<Residue TRP het=  resseq=147 icode= >,1k61_A_A,2.1
126,0.0,TRP, ,CH2,37.06,8.35,0.0,1.53,1.0,<Residue TRP het=  resseq=147 icode= >,1k61_A_A,2.1
127,0.0,PHE, ,N,33.23,12.22,0.0,2.77,1.0,<Residue PHE het=  resseq=148 icode= >,1k61_A_A,2.1
128,0.0,PHE, ,CA,34.23,12.32,0.0,2.47,1.0,<Residue PHE het=  resseq=148 icode= >,1k61_A_A,2.1
129,0.0,PHE, ,C,34.35,13.42,0.0,3.14,1.0,<Residue PHE het=  resseq=148 icode= >,1k61_A_A,2.1
130,0.0,PHE, ,O,33.29,12.95,0.0,2.72,1.0,<Residue PHE het=  resseq=148 icode= >,1k61_A_A,2.1
131,0.0,PHE, ,CB,36.05,11.02,0.0,1.78,1.0,<Residue PHE het=  resseq=148 icode= >,1k61_A_A,2.1
132,0.0,PHE, ,CG,36.18,11.25,0.0,2.32,1.0,<Residue PHE het=  resseq=148 icode= >,1k61_A_A,2.1
133,2.519,PHE, ,CD1,36.64,11.35,0.0,1.95,1.0,<Residue PHE het=  resseq=148 icode= >,1k61_A_A,2.1
134,0.0,PHE, ,CD2,38.07,10.13,0.0,1.95,1.0,<Residue PHE het=  resseq=148 icode= >,1k61_A_A,2.1
135,0.0,PHE, ,CE1,38.73,10.89,0.0,1.82,1.0,<Residue PHE het=  resseq=148 icode= >,1k61_A_A,2.1
136,0.0,PHE, ,CE2,39.64,9.18,0.0,2.13,1.0,<Residue PHE het=  resseq=148 icode= >,1k61_A_A,2.1
137,0.934,PHE, ,CZ,37.45,9.54,0.0,1.95,1.0,<Residue PHE het=  resseq=148 icode= >,1k61_A_A,2.1
138,0.025,ALA, ,N,35.1,13.44,0.0,2.74,1.0,<Residue ALA het=  resseq=149 icode= >,1k61_A_A,2.1
139,4.293,ALA, ,CA,37.25,14.07,0.0,2.95,1.0,<Residue ALA het=  resseq=149 icode= >,1k61_A_A,2.1
140,1.388,ALA, ,C,39.03,15.58,0.0,3.00,1.0,<Residue ALA het=  resseq=149 icode= >,1k61_A_A,2.1
141,10.094,ALA, ,O,40.12,15.55,0.0,1.92,1.0,<Residue ALA het=  resseq=149 icode= >,1k61_A_A,2.1
142,48.921,ALA, ,CB,37.08,13.89,0.0,1.68,1.0,<Residue ALA het=  resseq=149 icode= >,1k61_A_A,2.1
143,0.0,LYS, ,N,39.89,15.51,0.0,3.11,1.0,<Residue LYS het=  resseq=150 icode= >,1k61_A_A,2.1
144,8.74,LYS, ,CA,40.96,15.53,0.0,2.64,1.0,<Residue LYS het=  resseq=150 icode= >,1k61_A_A,2.1
145,0.29,LYS, ,C,41.59,14.32,0.0,2.84,1.0,<Residue LYS het=  resseq=150 icode= >,1k61_A_A,2.1
146,29.16,LYS, ,O,40.56,14.51,0.0,1.94,1.0,<Residue LYS het=  resseq=150 icode= >,1k61_A_A,2.1
147,10.763,LYS, ,CB,42.86,15.89,0.0,1.79,1.0,<Residue LYS het=  resseq=150 icode= >,1k61_A_A,2.1
148,10.752,LYS, ,CG,44.81,17.24,0.0,1.20,1.0,<Residue LYS het=  resseq=150 icode= >,1k61_A_A,2.1
149,30.584,LYS, ,CD,46.07,17.73,0.0,1.05,1.0,<Residue LYS het=  resseq=150 icode= >,1k61_A_A,2.1
150,29.525,LYS, ,CE,47.34,17.85,0.0,1.40,1.0,<Residue LYS het=  resseq=150 icode= >,1k61_A_A,2.1
151,43.172,LYS, ,NZ,48.69,18.55,0.0,1.11,1.0,<Residue LYS het=  resseq=150 icode= >,1k61_A_A,2.1
152,0.0,ASN, ,N,40.73,13.18,0.0,2.60,1.0,<Residue ASN het=  resseq=151 icode= >,1k61_A_A,2.1
153,6.111,ASN, ,CA,39.65,11.98,0.0,2.37,1.0,<Residue ASN het=  resseq=151 icode= >,1k61_A_A,2.1
154,0.015,ASN, ,C,40.84,11.69,0.0,3.23,1.0,<Residue ASN het=  resseq=151 icode= >,1k61_A_A,2.1
155,0.0,ASN, ,O,38.33,10.64,0.0,2.67,1.0,<Residue ASN het=  resseq=151 icode= >,1k61_A_A,2.1
156,0.181,ASN, ,CB,39.83,10.86,0.0,0.88,1.0,<Residue ASN het=  resseq=151 icode= >,1k61_A_A,2.1
157,0.392,ASN, ,CG,37.72,11.28,0.0,2.94,1.0,<Residue ASN het=  resseq=151 icode= >,1k61_A_A,2.1
158,35.206,ASN, ,OD1,37.98,11.12,0.0,2.82,1.0,<Residue ASN het=  resseq=151 icode= >,1k61_A_A,2.1
159,8.239,ASN, ,ND2,36.43,12.05,0.0,2.53,1.0,<Residue ASN het=  resseq=151 icode= >,1k61_A_A,2.1
160,0.032,ILE, ,N,41.07,12.58,0.0,2.84,1.0,<Residue ILE het=  resseq=152 icode= >,1k61_A_A,2.1
161,0.0,ILE, ,CA,42.52,11.97,0.0,2.13,1.0,<Residue ILE het=  resseq=152 icode= >,1k61_A_A,2.1
162,0.0,ILE, ,C,43.27,11.32,0.0,3.13,1.0,<Residue ILE het=  resseq=152 icode= >,1k61_A_A,2.1
163,8.924,ILE, ,O,43.98,10.32,0.0,2.37,1.0,<Residue ILE het=  resseq=152 icode= >,1k61_A_A,2.1
164,0.873,ILE, ,CB,43.33,13.13,0.0,2.07,1.0,<Residue ILE het=  resseq=152 icode= >,1k61_A_A,2.1
165,24.122,ILE, ,CG1,42.41,12.72,0.0,2.09,1.0,<Residue ILE het=  resseq=152 icode= >,1k61_A_A,2.1
166,33.772,ILE, ,CG2,42.76,14.11,0.0,1.05,1.0,<Residue ILE het=  resseq=152 icode= >,1k61_A_A,2.1
167,13.324,ILE, ,CD1,42.77,12.14,0.0,1.20,1.0,<Residue ILE het=  resseq=152 icode= >,1k61_A_A,2.1
168,0.582,GLU, ,N,44.45,12.01,0.0,2.28,1.0,<Residue GLU het=  resseq=153 icode= >,1k61_A_A,2.1
169,0.414,GLU, ,CA,45.9,11.75,0.0,2.48,1.0,<Residue GLU het=  resseq=153 icode= >,1k61_A_A,2.1
170,0.374,GLU, ,C,45.88,10.63,0.0,2.57,1.0,<Residue GLU het=  resseq=153 icode= >,1k61_A_A,2.1
171,24.989,GLU, ,O,46.69,10.24,0.0,1.68,1.0,<Residue GLU het=  resseq=153 icode= >,1k61_A_A,2.1
172,26.185,GLU, ,CB,48.67,13.07,0.0,1.21,1.0,<Residue GLU het=  resseq=153 icode= >,1k61_A_A,2.1
173,35.65,GLU, ,CG,52.17,13.55,0.0,1.39,1.0,<Residue GLU het=  resseq=153 icode= >,1k61_A_A,2.1
174,9.006,GLU, ,CD,54.36,13.73,0.0,1.55,1.0,<Residue GLU het=  resseq=153 icode= >,1k61_A_A,2.1
175,22.004,GLU, ,OE1,55.91,12.81,0.0,0.84,1.0,<Residue GLU het=  resseq=153 icode= >,1k61_A_A,2.1
176,42.386,GLU, ,OE2,55.1,14.89,0.0,0.82,1.0,<Residue GLU het=  resseq=153 icode= >,1k61_A_A,2.1
177,0.855,ASN, ,N,44.02,10.28,0.0,1.86,1.0,<Residue ASN het=  resseq=154 icode= >,1k61_A_A,2.1
178,0.711,ASN, ,CA,42.79,8.90,0.0,1.89,1.0,<Residue ASN het=  resseq=154 icode= >,1k61_A_A,2.1
179,0.0,ASN, ,C,40.01,8.14,0.0,3.87,1.0,<Residue ASN het=  resseq=154 icode= >,1k61_A_A,2.1
180,2.755,ASN, ,O,38.22,7.82,0.0,3.93,1.0,<Residue ASN het=  resseq=154 icode= >,1k61_A_A,2.1
181,24.087,ASN, ,CB,44.47,8.96,0.0,1.57,1.0,<Residue ASN het=  resseq=154 icode= >,1k61_A_A,2.1
182,5.385,ASN, ,CG,47.19,7.77,0.0,2.27,1.0,<Residue ASN het=  resseq=154 icode= >,1k61_A_A,2.1
183,21.664,ASN, ,OD1,48.07,7.28,0.0,1.78,1.0,<Residue ASN het=  resseq=154 icode= >,1k61_A_A,2.1
184,44.704,ASN, ,ND2,47.88,7.54,0.0,1.39,1.0,<Residue ASN het=  resseq=154 icode= >,1k61_A_A,2.1
185,0.0,PRO, ,N,38.11,8.15,0.0,2.89,1.0,<Residue PRO het=  resseq=155 icode= >,1k61_A_A,2.1
186,0.0,PRO, ,CA,38.09,7.83,0.0,2.08,1.0,<Residue PRO het=  resseq=155 icode= >,1k61_A_A,2.1
187,0.0,PRO, ,C,36.88,6.40,0.0,2.98,1.0,<Residue PRO het=  resseq=155 icode= >,1k61_A_A,2.1
188,0.0,PRO, ,O,35.72,6.14,0.0,2.37,1.0,<Residue PRO het=  resseq=155 icode= >,1k61_A_A,2.1
189,0.0,PRO, ,CB,38.18,7.86,0.0,1.42,1.0,<Residue PRO het=  resseq=155 icode= >,1k61_A_A,2.1
190,12.723,PRO, ,CG,38.34,7.02,0.0,1.24,1.0,<Residue PRO het=  resseq=155 icode= >,1k61_A_A,2.1
191,6.636,PRO, ,CD,38.23,7.84,0.0,1.50,1.0,<Residue PRO het=  resseq=155 icode= >,1k61_A_A,2.1
192,0.0,TYR, ,N,34.99,5.72,0.0,2.97,1.0,<Residue TYR het=  resseq=156 icode= >,1k61_A_A,2.1
193,0.08,TYR, ,CA,35.25,4.41,0.08,2.98,1.0,<Residue TYR het=  resseq=156 icode= >,1k61_A_A,2.1
194,0.0,TYR, ,C,35.91,4.83,0.0,3.22,1.0,<Residue TYR het=  resseq=156 icode= >,1k61_A_A,2.1
195,8.572,TYR, ,O,34.49,5.52,0.0,2.41,1.0,<Residue TYR het=  resseq=156 icode= >,1k61_A_A,2.1
196,18.773,TYR, ,CB,34.66,3.51,8.389,2.11,1.0,<Residue TYR het=  resseq=156 icode= >,1k61_A_A,2.1
197,2.152,TYR, ,CG,33.37,3.67,0.0,2.79,1.0,<Residue TYR het=  resseq=156 icode= >,1k61_A_A,2.1
198,14.756,TYR, ,CD1,33.65,3.14,12.9,2.31,1.0,<Residue TYR het=  resseq=156 icode= >,1k61_A_A,2.1
199,2.585,TYR, ,CD2,31.93,4.95,0.0,2.34,1.0,<Residue TYR het=  resseq=156 icode= >,1k61_A_A,2.1
200,18.264,TYR, ,CE1,32.77,3.34,15.329,2.44,1.0,<Residue TYR het=  resseq=156 icode= >,1k61_A_A,2.1
201,16.679,TYR, ,CE2,31.98,4.67,0.0,2.19,1.0,<Residue TYR het=  resseq=156 icode= >,1k61_A_A,2.1
202,5.389,TYR, ,CZ,31.59,3.33,0.0,3.57,1.0,<Residue TYR het=  resseq=156 icode= >,1k61_A_A,2.1
203,35.319,TYR, ,OH,33.38,2.48,13.228,2.25,1.0,<Residue TYR het=  resseq=156 icode= >,1k61_A_A,2.1
204,2.567,LEU, ,N,36.22,4.84,2.567,2.51,1.0,<Residue LEU het=  resseq=157 icode= >,1k61_A_A,2.1
205,0.0,LEU, ,CA,36.51,5.50,0.0,1.99,1.0,<Residue LEU het=  resseq=157 icode= >,1k61_A_A,2.1
206,0.671,LEU, ,C,38.03,5.72,0.0,2.92,1.0,<Residue LEU het=  resseq=157 icode= >,1k61_A_A,2.1
207,25.891,LEU, ,O,36.86,4.81,5.591,3.13,1.0,<Residue LEU het=  resseq=157 icode= >,1k61_A_A,2.1
208,10.29,LEU, ,CB,33.78,5.23,4.364,1.98,1.0,<Residue LEU het=  resseq=157 icode= >,1k61_A_A,2.1
209,0.059,LEU, ,CG,32.82,5.88,0.0,2.05,1.0,<Residue LEU het=  resseq=157 icode= >,1k61_A_A,2.1
210,4.741,LEU, ,CD1,32.33,5.88,0.542,1.00,1.0,<Residue LEU het=  resseq=157 icode= >,1k61_A_A,2.1
211,0.0,LEU, ,CD2,30.61,7.35,0.0,2.04,1.0,<Residue LEU het=  resseq=157 icode= >,1k61_A_A,2.1
212,0.0,ASP, ,N,39.83,6.97,0.0,2.61,1.0,<Residue ASP het=  resseq=158 icode= >,1k61_A_A,2.1
213,7.949,ASP, ,CA,43.14,7.49,0.0,1.95,1.0,<Residue ASP het=  resseq=158 icode= >,1k61_A_A,2.1
214,3.29,ASP, ,C,44.66,8.06,0.0,2.31,1.0,<Residue ASP het=  resseq=158 icode= >,1k61_A_A,2.1
215,0.0,ASP, ,O,44.16,8.00,0.0,1.95,1.0,<Residue ASP het=  resseq=158 icode= >,1k61_A_A,2.1
216,30.448,ASP, ,CB,45.41,8.30,0.0,1.84,1.0,<Residue ASP het=  resseq=158 icode= >,1k61_A_A,2.1
217,6.121,ASP, ,CG,46.39,9.51,0.0,2.68,1.0,<Residue ASP het=  resseq=158 icode= >,1k61_A_A,2.1
218,3.927,ASP, ,OD1,48.81,9.47,0.0,1.75,1.0,<Residue ASP het=  resseq=158 icode= >,1k61_A_A,2.1
219,10.473,ASP, ,OD2,50.02,10.62,0.0,1.10,1.0,<Residue ASP het=  resseq=158 icode= >,1k61_A_A,2.1
220,7.512,THR, ,N,46.71,8.29,0.0,1.50,1.0,<Residue THR het=  resseq=159 icode= >,1k61_A_A,2.1
221,9.016,THR, ,CA,48.13,8.49,0.0,1.70,1.0,<Residue THR het=  resseq=159 icode= >,1k61_A_A,2.1
222,0.247,THR, ,C,48.04,9.54,0.0,2.48,1.0,<Residue THR het=  resseq=159 icode= >,1k61_A_A,2.1
223,0.24,THR, ,O,49.61,9.62,0.0,1.57,1.0,<Residue THR het=  resseq=159 icode= >,1k61_A_A,2.1
224,20.34,THR, ,CB,48.43,9.20,0.0,1.99,1.0,<Residue THR het=  resseq=159 icode= >,1k61_A_A,2.1
225,20.135,THR, ,OG1,51.5,9.75,0.0,0.95,1.0,<Residue THR het=  resseq=159 icode= >,1k61_A_A,2.1
226,51.498,THR, ,CG2,49.68,10.44,0.0,0.52,1.0,<Residue THR het=  resseq=159 icode= >,1k61_A_A,2.1
227,0.0,LYS, ,N,48.49,10.52,0.0,1.89,1.0,<Residue LYS het=  resseq=160 icode= >,1k61_A_A,2.1
228,8.182,LYS, ,CA,47.93,11.66,0.0,1.85,1.0,<Residue LYS het=  resseq=160 icode= >,1k61_A_A,2.1
229,0.0,LYS, ,C,47.02,11.45,0.0,2.24,1.0,<Residue LYS het=  resseq=160 icode= >,1k61_A_A,2.1
230,0.0,LYS, ,O,48.18,11.76,0.0,1.17,1.0,<Residue LYS het=  resseq=160 icode= >,1k61_A_A,2.1
231,11.514,LYS, ,CB,48.91,12.79,0.0,1.23,1.0,<Residue LYS het=  resseq=160 icode= >,1k61_A_A,2.1
232,8.965,LYS, ,CG,49.84,13.99,0.0,1.27,1.0,<Residue LYS het=  resseq=160 icode= >,1k61_A_A,2.1
233,33.033,LYS, ,CD,51.98,14.60,0.0,0.91,1.0,<Residue LYS het=  resseq=160 icode= >,1k61_A_A,2.1
234,20.64,LYS, ,CE,53.63,13.60,0.0,0.45,1.0,<Residue LYS het=  resseq=160 icode= >,1k61_A_A,2.1
235,48.683,LYS, ,NZ,53.55,14.27,0.0,0.53,1.0,<Residue LYS het=  resseq=160 icode= >,1k61_A_A,2.1
236,0.0,GLY, ,N,44.98,11.17,0.0,2.05,1.0,<Residue GLY het=  resseq=161 icode= >,1k61_A_A,2.1
237,1.183,GLY, ,CA,43.76,10.96,0.0,1.58,1.0,<Residue GLY het=  resseq=161 icode= >,1k61_A_A,2.1
238,0.0,GLY, ,C,42.52,10.51,0.0,2.91,1.0,<Residue GLY het=  resseq=161 icode= >,1k61_A_A,2.1
239,0.0,GLY, ,O,41.53,11.21,0.0,2.44,1.0,<Residue GLY het=  resseq=161 icode= >,1k61_A_A,2.1
240,0.0,LEU, ,N,42.46,9.22,0.0,2.16,1.0,<Residue LEU het=  resseq=162 icode= >,1k61_A_A,2.1
241,0.0,LEU, ,CA,41.34,8.59,0.0,2.38,1.0,<Residue LEU het=  resseq=162 icode= >,1k61_A_A,2.1
242,0.0,LEU, ,C,41.66,9.48,0.0,2.80,1.0,<Residue LEU het=  resseq=162 icode= >,1k61_A_A,2.1
243,0.0,LEU, ,O,40.44,9.94,0.0,2.65,1.0,<Residue LEU het=  resseq=162 icode= >,1k61_A_A,2.1
244,0.09,LEU, ,CB,41.16,7.15,0.0,1.79,1.0,<Residue LEU het=  resseq=162 icode= >,1k61_A_A,2.1
245,0.0,LEU, ,CG,39.92,6.67,0.0,2.17,1.0,<Residue LEU het=  resseq=162 icode= >,1k61_A_A,2.1
246,0.0,LEU, ,CD1,38.7,7.12,0.0,1.17,1.0,<Residue LEU het=  resseq=162 icode= >,1k61_A_A,2.1
247,12.232,LEU, ,CD2,40.2,5.23,1.518,1.35,1.0,<Residue LEU het=  resseq=162 icode= >,1k61_A_A,2.1
248,0.0,GLU, ,N,42.32,9.95,0.0,2.28,1.0,<Residue GLU het=  resseq=163 icode= >,1k61_A_A,2.1
249,0.585,GLU, ,CA,42.96,10.98,0.0,2.67,1.0,<Residue GLU het=  resseq=163 icode= >,1k61_A_A,2.1
250,0.531,GLU, ,C,42.5,12.29,0.0,2.89,1.0,<Residue GLU het=  resseq=163 icode= >,1k61_A_A,2.1
251,5.753,GLU, ,O,43.32,13.08,0.0,2.00,1.0,<Residue GLU het=  resseq=163 icode= >,1k61_A_A,2.1
252,8.597,GLU, ,CB,43.58,11.33,0.0,1.31,1.0,<Residue GLU het=  resseq=163 icode= >,1k61_A_A,2.1
253,14.175,GLU, ,CG,45.34,10.59,0.0,1.11,1.0,<Residue GLU het=  resseq=163 icode= >,1k61_A_A,2.1
254,9.509,GLU, ,CD,45.92,11.27,0.0,2.06,1.0,<Residue GLU het=  resseq=163 icode= >,1k61_A_A,2.1
255,35.907,GLU, ,OE1,43.94,12.47,0.0,1.90,1.0,<Residue GLU het=  resseq=163 icode= >,1k61_A_A,2.1
256,34.034,GLU, ,OE2,45.04,10.75,0.0,1.40,1.0,<Residue GLU het=  resseq=163 icode= >,1k61_A_A,2.1
257,0.0,ASN, ,N,43.56,12.65,0.0,2.39,1.0,<Residue ASN het=  resseq=164 icode= >,1k61_A_A,2.1
258,0.958,ASN, ,CA,42.92,13.96,0.0,2.52,1.0,<Residue ASN het=  resseq=164 icode= >,1k61_A_A,2.1
259,0.0,ASN, ,C,42.16,14.06,0.0,2.75,1.0,<Residue ASN het=  resseq=164 icode= >,1k61_A_A,2.1
260,0.0,ASN, ,O,43.18,15.01,0.0,1.86,1.0,<Residue ASN het=  resseq=164 icode= >,1k61_A_A,2.1
261,6.466,ASN, ,CB,45.05,14.41,0.0,1.29,1.0,<Residue ASN het=  resseq=164 icode= >,1k61_A_A,2.1
262,5.116,ASN, ,CG,47.35,15.01,0.0,2.17,1.0,<Residue ASN het=  resseq=164 icode= >,1k61_A_A,2.1
263,24.593,ASN, ,OD1,48.23,15.56,0.0,1.52,1.0,<Residue ASN het=  resseq=164 icode= >,1k61_A_A,2.1
264,35.01,ASN, ,ND2,47.44,15.07,0.0,1.20,1.0,<Residue ASN het=  resseq=164 icode= >,1k61_A_A,2.1
265,0.0,LEU, ,N,40.44,13.19,0.0,2.70,1.0,<Residue LEU het=  resseq=165 icode= >,1k61_A_A,2.1
266,0.0,LEU, ,CA,38.86,13.01,0.0,2.58,1.0,<Residue LEU het=  resseq=165 icode= >,1k61_A_A,2.1
267,0.0,LEU, ,C,38.41,12.46,0.0,2.93,1.0,<Residue LEU het=  resseq=165 icode= >,1k61_A_A,2.1
268,0.0,LEU, ,O,37.73,12.22,0.0,2.18,1.0,<Residue LEU het=  resseq=165 icode= >,1k61_A_A,2.1
269,0.0,LEU, ,CB,39.44,12.05,0.0,1.42,1.0,<Residue LEU het=  resseq=165 icode= >,1k61_A_A,2.1
270,0.0,LEU, ,CG,38.53,12.32,0.0,1.96,1.0,<Residue LEU het=  resseq=165 icode= >,1k61_A_A,2.1
271,0.306,LEU, ,CD1,39.59,11.06,0.0,0.84,1.0,<Residue LEU het=  resseq=165 icode= >,1k61_A_A,2.1
272,4.455,LEU, ,CD2,40.07,12.30,0.0,0.98,1.0,<Residue LEU het=  resseq=165 icode= >,1k61_A_A,2.1
273,0.0,MET, ,N,37.54,12.49,0.0,2.79,1.0,<Residue MET het=  resseq=166 icode= >,1k61_A_A,2.1
274,0.0,MET, ,CA,37.5,12.24,0.0,2.25,1.0,<Residue MET het=  resseq=166 icode= >,1k61_A_A,2.1
275,1.315,MET, ,C,37.32,13.22,0.0,3.38,1.0,<Residue MET het=  resseq=166 icode= >,1k61_A_A,2.1
276,5.82,MET, ,O,36.04,12.98,0.0,2.62,1.0,<Residue MET het=  resseq=166 icode= >,1k61_A_A,2.1
277,4.596,MET, ,CB,37.72,11.94,0.0,2.08,1.0,<Residue MET het=  resseq=166 icode= >,1k61_A_A,2.1
278,0.0,MET, ,CG,37.57,10.80,0.0,1.93,1.0,<Residue MET het=  resseq=166 icode= >,1k61_A_A,2.1
279,0.0,MET, ,SD,37.49,9.74,0.0,4.55,1.0,<Residue MET het=  resseq=166 icode= >,1k61_A_A,2.1
280,56.844,MET, ,CE,40.31,11.08,0.0,1.04,1.0,<Residue MET het=  resseq=166 icode= >,1k61_A_A,2.1
281,0.489,LYS, ,N,37.45,14.44,0.0,2.55,1.0,<Residue LYS het=  resseq=167 icode= >,1k61_A_A,2.1
282,12.046,LYS, ,CA,38.7,15.53,0.0,1.87,1.0,<Residue LYS het=  resseq=167 icode= >,1k61_A_A,2.1
283,0.823,LYS, ,C,38.72,15.39,0.0,2.57,1.0,<Residue LYS het=  resseq=167 icode= >,1k61_A_A,2.1
284,20.758,LYS, ,O,38.28,15.63,0.0,2.09,1.0,<Residue LYS het=  resseq=167 icode= >,1k61_A_A,2.1
285,44.496,LYS, ,CB,38.13,16.36,0.0,1.54,1.0,<Residue LYS het=  resseq=167 icode= >,1k61_A_A,2.1
286,0.0,ASN, ,N,38.28,15.14,0.0,2.75,1.0,<Residue ASN het=  resseq=168 icode= >,1k61_A_A,2.1
287,6.45,ASN, ,CA,37.5,14.93,0.0,2.42,1.0,<Residue ASN het=  resseq=168 icode= >,1k61_A_A,2.1
288,0.759,ASN, ,C,37.29,13.58,0.0,3.20,1.0,<Residue ASN het=  resseq=168 icode= >,1k61_A_A,2.1
289,15.556,ASN, ,O,36.97,13.33,0.0,2.20,1.0,<Residue ASN het=  resseq=168 icode= >,1k61_A_A,2.1
290,6.785,ASN, ,CB,38.36,14.96,0.0,2.14,1.0,<Residue ASN het=  resseq=168 icode= >,1k61_A_A,2.1
291,5.236,ASN, ,CG,41.2,16.36,0.0,2.35,1.0,<Residue ASN het=  resseq=168 icode= >,1k61_A_A,2.1
292,27.677,ASN, ,OD1,40.96,17.36,0.0,2.08,1.0,<Residue ASN het=  resseq=168 icode= >,1k61_A_A,2.1
293,26.927,ASN, ,ND2,42.95,16.51,0.0,1.11,1.0,<Residue ASN het=  resseq=168 icode= >,1k61_A_A,2.1
294,0.0,THR, ,N,35.03,12.84,0.0,2.78,1.0,<Residue THR het=  resseq=169 icode= >,1k61_A_A,2.1
295,0.276,THR, ,CA,32.75,11.58,0.0,2.15,1.0,<Residue THR het=  resseq=169 icode= >,1k61_A_A,2.1
296,1.353,THR, ,C,32.35,11.42,0.0,3.73,1.0,<Residue THR het=  resseq=169 icode= >,1k61_A_A,2.1
297,6.296,THR, ,O,30.4,10.72,0.0,3.27,1.0,<Residue THR het=  resseq=169 icode= >,1k61_A_A,2.1
298,0.0,THR, ,CB,32.48,10.43,0.0,2.60,1.0,<Residue THR het=  resseq=169 icode= >,1k61_A_A,2.1
299,0.0,THR, ,OG1,29.77,10.09,0.0,3.22,1.0,<Residue THR het=  resseq=169 icode= >,1k61_A_A,2.1
300,0.0,THR, ,CG2,30.61,10.37,0.0,2.10,1.0,<Residue THR het=  resseq=169 icode= >,1k61_A_A,2.1
301,0.0,SER, ,N,32.87,11.85,0.0,2.71,1.0,<Residue SER het=  resseq=170 icode= >,1k61_A_A,2.1
302,8.742,SER, ,CA,34.71,11.54,0.0,1.91,1.0,<Residue SER het=  resseq=170 icode= >,1k61_A_A,2.1
303,2.178,SER, ,C,33.61,10.08,0.0,2.48,1.0,<Residue SER het=  resseq=170 icode= >,1k61_A_A,2.1
304,26.748,SER, ,O,32.57,9.70,0.0,2.56,1.0,<Residue SER het=  resseq=170 icode= >,1k61_A_A,2.1
305,35.129,SER, ,CB,35.99,12.04,0.0,2.12,1.0,<Residue SER het=  resseq=170 icode= >,1k61_A_A,2.1
306,29.653,SER, ,OG,39.18,13.39,0.0,2.09,1.0,<Residue SER het=  resseq=170 icode= >,1k61_A_A,2.1
307,0.0,LEU, ,N,33.51,9.41,0.0,2.21,1.0,<Residue LEU het=  resseq=171 icode= >,1k61_A_A,2.1
308,0.709,LEU, ,CA,31.3,8.04,0.0,2.49,1.0,<Residue LEU het=  resseq=171 icode= >,1k61_A_A,2.1
309,0.995,LEU, ,C,31.29,8.34,0.0,3.85,1.0,<Residue LEU het=  resseq=171 icode= >,1k61_A_A,2.1
310,3.852,LEU, ,O,28.63,9.36,0.0,3.34,1.0,<Residue LEU het=  resseq=171 icode= >,1k61_A_A,2.1
311,0.0,LEU, ,CB,29.58,7.25,0.0,2.50,1.0,<Residue LEU het=  resseq=171 icode= >,1k61_A_A,2.1
312,0.0,LEU, ,CG,30.79,7.31,0.0,2.38,1.0,<Residue LEU het=  resseq=171 icode= >,1k61_A_A,2.1
313,0.0,LEU, ,CD1,30.14,6.69,0.0,1.82,1.0,<Residue LEU het=  resseq=171 icode= >,1k61_A_A,2.1
314,19.979,LEU, ,CD2,29.61,6.65,0.0,1.72,1.0,<Residue LEU het=  resseq=171 icode= >,1k61_A_A,2.1
315,1.954,SER, ,N,31.03,7.52,0.0,2.81,1.0,<Residue SER het=  resseq=172 icode= >,1k61_A_A,2.1
316,7.177,SER, ,CA,31.18,8.12,0.0,2.74,1.0,<Residue SER het=  resseq=172 icode= >,1k61_A_A,2.1
317,0.0,SER, ,C,30.6,8.02,0.0,3.49,1.0,<Residue SER het=  resseq=172 icode= >,1k61_A_A,2.1
318,0.0,SER, ,O,28.22,7.30,0.0,3.36,1.0,<Residue SER het=  resseq=172 icode= >,1k61_A_A,2.1
319,38.672,SER, ,CB,30.74,7.62,0.0,2.63,1.0,<Residue SER het=  resseq=172 icode= >,1k61_A_A,2.1
320,4.873,SER, ,OG,30.93,6.47,0.0,2.76,1.0,<Residue SER het=  resseq=172 icode= >,1k61_A_A,2.1
321,2.08,ARG, ,N,31.07,8.99,0.0,2.85,1.0,<Residue ARG het=  resseq=173 icode= >,1k61_A_A,2.1
322,0.0,ARG, ,CA,31.28,8.37,0.0,2.74,1.0,<Residue ARG het=  resseq=173 icode= >,1k61_A_A,2.1
323,0.0,ARG, ,C,31.6,7.95,0.0,3.83,1.0,<Residue ARG het=  resseq=173 icode= >,1k61_A_A,2.1
324,0.0,ARG, ,O,28.99,7.38,0.0,3.63,1.0,<Residue ARG het=  resseq=173 icode= >,1k61_A_A,2.1
325,11.305,ARG, ,CB,33.38,7.72,0.0,1.77,1.0,<Residue ARG het=  resseq=173 icode= >,1k61_A_A,2.1
326,0.0,ARG, ,CG,37.48,6.41,0.0,1.84,1.0,<Residue ARG het=  resseq=173 icode= >,1k61_A_A,2.1
327,20.032,ARG, ,CD,41.69,5.98,0.0,2.10,1.0,<Residue ARG het=  resseq=173 icode= >,1k61_A_A,2.1
328,5.432,ARG, ,NE,46.39,5.07,0.0,1.67,1.0,<Residue ARG het=  resseq=173 icode= >,1k61_A_A,2.1
329,4.413,ARG, ,CZ,48.97,5.68,0.0,1.79,1.0,<Residue ARG het=  resseq=173 icode= >,1k61_A_A,2.1
330,25.94,ARG, ,NH1,49.39,6.98,0.0,1.50,1.0,<Residue ARG het=  resseq=173 icode= >,1k61_A_A,2.1
331,46.578,ARG, ,NH2,52.42,5.27,1.989,0.95,1.0,<Residue ARG het=  resseq=173 icode= >,1k61_A_A,2.1
332,0.0,ILE, ,N,32.07,7.82,0.0,3.26,1.0,<Residue ILE het=  resseq=174 icode= >,1k61_A_A,2.1
333,0.0,ILE, ,CA,31.31,6.97,0.0,3.05,1.0,<Residue ILE het=  resseq=174 icode= >,1k61_A_A,2.1
334,0.0,ILE, ,C,30.91,5.70,0.0,3.12,1.0,<Residue ILE het=  resseq=174 icode= >,1k61_A_A,2.1
335,0.0,ILE, ,O,28.57,5.44,0.0,3.11,1.0,<Residue ILE het=  resseq=174 icode= >,1k61_A_A,2.1
336,4.884,ILE, ,CB,32.11,5.75,0.0,2.66,1.0,<Residue ILE het=  resseq=174 icode= >,1k61_A_A,2.1
337,28.797,ILE, ,CG1,36.05,6.47,17.752,0.86,1.0,<Residue ILE het=  resseq=174 icode= >,1k61_A_A,2.1
338,33.346,ILE, ,CG2,34.12,4.86,9.305,1.28,1.0,<Residue ILE het=  resseq=174 icode= >,1k61_A_A,2.1
339,39.998,ILE, ,CD1,36.01,6.53,18.315,0.53,1.0,<Residue ILE het=  resseq=174 icode= >,1k61_A_A,2.1
340,0.0,GLN, ,N,31.08,5.11,0.0,2.74,1.0,<Residue GLN het=  resseq=175 icode= >,1k61_A_A,2.1
341,2.68,GLN, ,CA,29.3,3.96,2.451,2.54,1.0,<Residue GLN het=  resseq=175 icode= >,1k61_A_A,2.1
342,0.0,GLN, ,C,28.3,4.65,0.0,3.43,1.0,<Residue GLN het=  resseq=175 icode= >,1k61_A_A,2.1
343,0.918,GLN, ,O,27.79,4.35,0.903,3.21,1.0,<Residue GLN het=  resseq=175 icode= >,1k61_A_A,2.1
344,0.0,GLN, ,CB,31.13,3.87,0.0,2.23,1.0,<Residue GLN het=  resseq=175 icode= >,1k61_A_A,2.1
345,18.9,GLN, ,CG,28.24,3.60,9.049,2.24,1.0,<Residue GLN het=  resseq=175 icode= >,1k61_A_A,2.1
346,3.626,GLN, ,CD,28.85,3.78,0.0,3.64,1.0,<Residue GLN het=  resseq=175 icode= >,1k61_A_A,2.1
347,6.063,GLN, ,OE1,30.25,4.98,0.0,3.48,1.0,<Residue GLN het=  resseq=175 icode= >,1k61_A_A,2.1
348,39.109,GLN, ,NE2,24.77,2.94,11.568,2.75,1.0,<Residue GLN het=  resseq=175 icode= >,1k61_A_A,2.1
349,0.0,ILE, ,N,25.55,5.94,0.0,3.74,1.0,<Residue ILE het=  resseq=176 icode= >,1k61_A_A,2.1
350,0.0,ILE, ,CA,26.59,6.91,0.0,2.97,1.0,<Residue ILE het=  resseq=176 icode= >,1k61_A_A,2.1
351,0.0,ILE, ,C,25.73,7.33,0.0,4.05,1.0,<Residue ILE het=  resseq=176 icode= >,1k61_A_A,2.1
352,0.0,ILE, ,O,26.05,7.66,0.0,3.63,1.0,<Residue ILE het=  resseq=176 icode= >,1k61_A_A,2.1
353,0.0,ILE, ,CB,25.33,8.23,0.0,2.86,1.0,<Residue ILE het=  resseq=176 icode= >,1k61_A_A,2.1
354,0.0,ILE, ,CG1,29.94,8.20,0.0,2.20,1.0,<Residue ILE het=  resseq=176 icode= >,1k61_A_A,2.1
355,0.0,ILE, ,CG2,25.05,9.33,0.0,2.07,1.0,<Residue ILE het=  resseq=176 icode= >,1k61_A_A,2.1
356,0.0,ILE, ,CD1,32.71,9.57,0.0,0.71,1.0,<Residue ILE het=  resseq=176 icode= >,1k61_A_A,2.1
357,0.0,LYS, ,N,27.85,7.66,0.0,3.04,1.0,<Residue LYS het=  resseq=177 icode= >,1k61_A_A,2.1
358,1.143,LYS, ,CA,27.42,6.70,0.0,3.05,1.0,<Residue LYS het=  resseq=177 icode= >,1k61_A_A,2.1
359,1.258,LYS, ,C,26.2,7.09,0.0,4.28,1.0,<Residue LYS het=  resseq=177 icode= >,1k61_A_A,2.1
360,1.865,LYS, ,O,26.48,6.61,0.0,3.49,1.0,<Residue LYS het=  resseq=177 icode= >,1k61_A_A,2.1
361,15.301,LYS, ,CB,29.61,5.99,0.0,2.38,1.0,<Residue LYS het=  resseq=177 icode= >,1k61_A_A,2.1
362,4.152,LYS, ,CG,31.49,4.94,0.014,2.05,1.0,<Residue LYS het=  resseq=177 icode= >,1k61_A_A,2.1
363,17.288,LYS, ,CD,34.88,4.07,7.204,1.39,1.0,<Residue LYS het=  resseq=177 icode= >,1k61_A_A,2.1
364,11.083,LYS, ,CE,36.84,3.26,10.365,1.26,1.0,<Residue LYS het=  resseq=177 icode= >,1k61_A_A,2.1
365,31.147,LYS, ,NZ,35.55,2.94,20.779,1.93,1.0,<Residue LYS het=  resseq=177 icode= >,1k61_A_A,2.1
366,0.0,ASN, ,N,25.74,6.52,0.0,3.43,1.0,<Residue ASN het=  resseq=178 icode= >,1k61_A_A,2.1
367,1.37,ASN, ,CA,27.09,5.84,0.0,2.64,1.0,<Residue ASN het=  resseq=178 icode= >,1k61_A_A,2.1
368,0.0,ASN, ,C,26.79,5.82,0.0,3.57,1.0,<Residue ASN het=  resseq=178 icode= >,1k61_A_A,2.1
369,0.114,ASN, ,O,24.92,5.49,0.0,3.70,1.0,<Residue ASN het=  resseq=178 icode= >,1k61_A_A,2.1
370,10.755,ASN, ,CB,27.23,4.70,10.665,1.87,1.0,<Residue ASN het=  resseq=178 icode= >,1k61_A_A,2.1
371,5.313,ASN, ,CG,30.74,4.26,5.313,2.75,1.0,<Residue ASN het=  resseq=178 icode= >,1k61_A_A,2.1
372,30.889,ASN, ,OD1,33.09,4.12,9.82,2.45,1.0,<Residue ASN het=  resseq=178 icode= >,1k61_A_A,2.1
373,33.148,ASN, ,ND2,29.94,4.14,29.043,1.79,1.0,<Residue ASN het=  resseq=178 icode= >,1k61_A_A,2.1
374,0.371,TRP, ,N,26.32,5.64,0.134,3.32,1.0,<Residue TRP het=  resseq=179 icode= >,1k61_A_A,2.1
375,3.255,TRP, ,CA,25.68,6.10,2.105,3.09,1.0,<Residue TRP het=  resseq=179 icode= >,1k61_A_A,2.1
376,0.0,TRP, ,C,24.29,7.09,0.0,4.15,1.0,<Residue TRP het=  resseq=179 icode= >,1k61_A_A,2.1
377,0.107,TRP, ,O,25.58,6.69,0.0,3.67,1.0,<Residue TRP het=  resseq=179 icode= >,1k61_A_A,2.1
378,0.341,TRP, ,CB,23.93,5.92,0.115,2.99,1.0,<Residue TRP het=  resseq=179 icode= >,1k61_A_A,2.1
379,0.0,TRP, ,CG,27.26,4.86,0.0,2.41,1.0,<Residue TRP het=  resseq=179 icode= >,1k61_A_A,2.1
380,12.881,TRP, ,CD1,26.27,3.51,8.252,2.60,1.0,<Residue TRP het=  resseq=179 icode= >,1k61_A_A,2.1
381,0.0,TRP, ,CD2,25.42,5.38,0.0,2.96,1.0,<Residue TRP het=  resseq=179 icode= >,1k61_A_A,2.1
382,15.584,TRP, ,NE1,27.05,3.22,10.04,3.28,1.0,<Residue TRP het=  resseq=179 icode= >,1k61_A_A,2.1
383,1.545,TRP, ,CE2,27.17,4.52,0.0,3.41,1.0,<Residue TRP het=  resseq=179 icode= >,1k61_A_A,2.1
384,0.0,TRP, ,CE3,24.84,6.73,0.0,2.27,1.0,<Residue TRP het=  resseq=179 icode= >,1k61_A_A,2.1
385,3.095,TRP, ,CZ2,26.89,5.28,0.0,2.88,1.0,<Residue TRP het=  resseq=179 icode= >,1k61_A_A,2.1
386,0.272,TRP, ,CZ3,23.44,7.25,0.0,3.21,1.0,<Residue TRP het=  resseq=179 icode= >,1k61_A_A,2.1
387,0.0,TRP, ,CH2,25.49,6.62,0.0,3.16,1.0,<Residue TRP het=  resseq=179 icode= >,1k61_A_A,2.1
388,0.0,VAL, ,N,24.21,8.24,0.0,3.27,1.0,<Residue VAL het=  resseq=180 icode= >,1k61_A_A,2.1
389,0.0,VAL, ,CA,24.92,8.12,0.0,3.04,1.0,<Residue VAL het=  resseq=180 icode= >,1k61_A_A,2.1
390,0.0,VAL, ,C,24.81,6.73,0.0,3.62,1.0,<Residue VAL het=  resseq=180 icode= >,1k61_A_A,2.1
391,0.0,VAL, ,O,24.62,6.38,0.0,2.77,1.0,<Residue VAL het=  resseq=180 icode= >,1k61_A_A,2.1
392,0.236,VAL, ,CB,26.15,7.12,0.0,2.66,1.0,<Residue VAL het=  resseq=180 icode= >,1k61_A_A,2.1
393,0.0,VAL, ,CG1,25.99,6.77,0.0,1.62,1.0,<Residue VAL het=  resseq=180 icode= >,1k61_A_A,2.1
394,0.194,VAL, ,CG2,27.57,7.99,0.0,1.46,1.0,<Residue VAL het=  resseq=180 icode= >,1k61_A_A,2.1
395,0.0,SER, ,N,23.93,6.17,0.0,3.35,1.0,<Residue SER het=  resseq=181 icode= >,1k61_A_A,2.1
396,0.0,SER, ,CA,24.77,4.96,0.0,2.48,1.0,<Residue SER het=  resseq=181 icode= >,1k61_A_A,2.1
397,0.38,SER, ,C,25.2,5.28,0.271,3.81,1.0,<Residue SER het=  resseq=181 icode= >,1k61_A_A,2.1
398,3.029,SER, ,O,26.23,4.68,2.295,3.16,1.0,<Residue SER het=  resseq=181 icode= >,1k61_A_A,2.1
399,19.308,SER, ,CB,25.51,4.82,0.702,2.32,1.0,<Residue SER het=  resseq=181 icode= >,1k61_A_A,2.1
400,29.091,SER, ,OG,26.24,3.87,27.35,2.95,1.0,<Residue SER het=  resseq=181 icode= >,1k61_A_A,2.1
401,0.0,ASN, ,N,25.7,5.84,0.0,3.53,1.0,<Residue ASN het=  resseq=182 icode= >,1k61_A_A,2.1
402,0.0,ASN, ,CA,25.21,5.14,0.0,3.55,1.0,<Residue ASN het=  resseq=182 icode= >,1k61_A_A,2.1
403,0.93,ASN, ,C,27.71,5.61,0.0,3.45,1.0,<Residue ASN het=  resseq=182 icode= >,1k61_A_A,2.1
404,2.746,ASN, ,O,27.39,5.59,0.0,2.76,1.0,<Residue ASN het=  resseq=182 icode= >,1k61_A_A,2.1
405,18.307,ASN, ,CB,25.95,3.83,11.738,2.14,1.0,<Residue ASN het=  resseq=182 icode= >,1k61_A_A,2.1
406,6.357,ASN, ,CG,28.7,3.60,5.51,3.13,1.0,<Residue ASN het=  resseq=182 icode= >,1k61_A_A,2.1
407,10.132,ASN, ,OD1,30.07,3.26,8.734,2.06,1.0,<Residue ASN het=  resseq=182 icode= >,1k61_A_A,2.1
408,35.514,ASN, ,ND2,24.97,3.23,34.932,2.99,1.0,<Residue ASN het=  resseq=182 icode= >,1k61_A_A,2.1
409,0.413,ARG, ,N,24.98,6.43,0.0,3.15,1.0,<Residue ARG het=  resseq=183 icode= >,1k61_A_A,2.1
410,2.777,ARG, ,CA,25.27,7.28,0.0,2.95,1.0,<Residue ARG het=  resseq=183 icode= >,1k61_A_A,2.1
411,0.0,ARG, ,C,24.03,8.10,0.0,4.11,1.0,<Residue ARG het=  resseq=183 icode= >,1k61_A_A,2.1
412,0.0,ARG, ,O,24.94,8.50,0.0,3.78,1.0,<Residue ARG het=  resseq=183 icode= >,1k61_A_A,2.1
413,0.092,ARG, ,CB,24.06,8.12,0.0,2.59,1.0,<Residue ARG het=  resseq=183 icode= >,1k61_A_A,2.1
414,0.0,ARG, ,CG,26.74,8.63,0.0,2.31,1.0,<Residue ARG het=  resseq=183 icode= >,1k61_A_A,2.1
415,3.867,ARG, ,CD,30.09,7.35,0.0,2.38,1.0,<Residue ARG het=  resseq=183 icode= >,1k61_A_A,2.1
416,0.0,ARG, ,NE,28.17,7.43,0.0,3.62,1.0,<Residue ARG het=  resseq=183 icode= >,1k61_A_A,2.1
417,0.0,ARG, ,CZ,29.17,7.82,0.0,4.09,1.0,<Residue ARG het=  resseq=183 icode= >,1k61_A_A,2.1
418,0.319,ARG, ,NH1,30.44,8.15,0.0,2.25,1.0,<Residue ARG het=  resseq=183 icode= >,1k61_A_A,2.1
419,32.603,ARG, ,NH2,28.18,8.21,0.0,2.51,1.0,<Residue ARG het=  resseq=183 icode= >,1k61_A_A,2.1
420,0.0,ARG, ,N,27.36,6.82,0.0,3.09,1.0,<Residue ARG het=  resseq=184 icode= >,1k61_A_A,2.1
421,1.455,ARG, ,CA,29.03,6.29,0.0,2.19,1.0,<Residue ARG het=  resseq=184 icode= >,1k61_A_A,2.1
422,0.847,ARG, ,C,29.58,6.55,0.0,3.01,1.0,<Residue ARG het=  resseq=184 icode= >,1k61_A_A,2.1
423,1.793,ARG, ,O,31.4,7.02,0.0,2.50,1.0,<Residue ARG het=  resseq=184 icode= >,1k61_A_A,2.1
424,12.133,ARG, ,CB,29.98,4.89,1.879,1.99,1.0,<Residue ARG het=  resseq=184 icode= >,1k61_A_A,2.1
425,0.767,ARG, ,CG,31.66,5.02,0.0,2.17,1.0,<Residue ARG het=  resseq=184 icode= >,1k61_A_A,2.1
426,5.506,ARG, ,CD,35.51,3.77,3.195,1.95,1.0,<Residue ARG het=  resseq=184 icode= >,1k61_A_A,2.1
427,0.0,ARG, ,NE,40.42,3.97,0.0,1.63,1.0,<Residue ARG het=  resseq=184 icode= >,1k61_A_A,2.1
428,0.308,ARG, ,CZ,40.31,3.36,0.308,3.11,1.0,<Residue ARG het=  resseq=184 icode= >,1k61_A_A,2.1
429,14.828,ARG, ,NH1,43.43,2.54,14.828,0.92,1.0,<Residue ARG het=  resseq=184 icode= >,1k61_A_A,2.1
430,22.147,ARG, ,NH2,45.66,3.82,16.921,1.35,1.0,<Residue ARG het=  resseq=184 icode= >,1k61_A_A,2.1
431,0.623,ARG, ,N,28.95,5.81,0.0,3.28,1.0,<Residue ARG het=  resseq=185 icode= >,1k61_A_A,2.1
432,7.871,ARG, ,CA,29.77,5.46,0.0,3.18,1.0,<Residue ARG het=  resseq=185 icode= >,1k61_A_A,2.1
433,0.0,ARG, ,C,30.3,6.81,0.0,3.35,1.0,<Residue ARG het=  resseq=185 icode= >,1k61_A_A,2.1
434,0.493,ARG, ,O,29.55,6.90,0.0,2.76,1.0,<Residue ARG het=  resseq=185 icode= >,1k61_A_A,2.1
435,5.641,ARG, ,CB,31.72,4.45,4.825,2.22,1.0,<Residue ARG het=  resseq=185 icode= >,1k61_A_A,2.1
436,17.549,ARG, ,CG,31.45,4.53,1.673,2.14,1.0,<Residue ARG het=  resseq=185 icode= >,1k61_A_A,2.1
437,27.815,ARG, ,CD,33.26,4.94,2.273,2.51,1.0,<Residue ARG het=  resseq=185 icode= >,1k61_A_A,2.1
438,6.429,ARG, ,NE,32.69,4.10,4.057,3.42,1.0,<Residue ARG het=  resseq=185 icode= >,1k61_A_A,2.1
439,5.729,ARG, ,CZ,33.04,3.47,5.729,2.91,1.0,<Residue ARG het=  resseq=185 icode= >,1k61_A_A,2.1
440,46.053,ARG, ,NH1,32.02,2.86,42.175,2.01,1.0,<Residue ARG het=  resseq=185 icode= >,1k61_A_A,2.1
441,41.243,ARG, ,NH2,29.64,2.65,40.694,2.02,1.0,<Residue ARG het=  resseq=185 icode= >,1k61_A_A,2.1
442,0.0,LYS, ,N,32.16,7.48,0.0,2.71,1.0,<Residue LYS het=  resseq=186 icode= >,1k61_A_A,2.1
443,1.838,LYS, ,CA,33.68,6.72,0.0,2.61,1.0,<Residue LYS het=  resseq=186 icode= >,1k61_A_A,2.1
444,0.0,LYS, ,C,34.43,7.69,0.0,3.36,1.0,<Residue LYS het=  resseq=186 icode= >,1k61_A_A,2.1
445,7.583,LYS, ,O,35.02,7.96,0.0,2.91,1.0,<Residue LYS het=  resseq=186 icode= >,1k61_A_A,2.1
446,8.354,LYS, ,CB,35.46,5.52,0.0,2.08,1.0,<Residue LYS het=  resseq=186 icode= >,1k61_A_A,2.1
447,15.068,LYS, ,CG,35.18,4.88,0.125,2.33,1.0,<Residue LYS het=  resseq=186 icode= >,1k61_A_A,2.1
448,17.362,LYS, ,CD,37.57,3.96,9.893,1.78,1.0,<Residue LYS het=  resseq=186 icode= >,1k61_A_A,2.1
449,40.649,LYS, ,CE,36.76,3.93,5.673,1.72,1.0,<Residue LYS het=  resseq=186 icode= >,1k61_A_A,2.1
450,41.389,LYS, ,NZ,35.91,2.78,22.143,2.04,1.0,<Residue LYS het=  resseq=186 icode= >,1k61_A_A,2.1
451,0.0,GLU, ,N,35.14,8.48,0.0,2.77,1.0,<Residue GLU het=  resseq=187 icode= >,1k61_A_A,2.1
452,2.57,GLU, ,CA,36.44,9.59,0.0,2.51,1.0,<Residue GLU het=  resseq=187 icode= >,1k61_A_A,2.1
453,0.063,GLU, ,C,39.75,9.23,0.0,2.96,1.0,<Residue GLU het=  resseq=187 icode= >,1k61_A_A,2.1
454,19.77,GLU, ,O,36.91,9.94,0.0,2.61,1.0,<Residue GLU het=  resseq=187 icode= >,1k61_A_A,2.1
455,2.692,GLU, ,CB,35.75,9.64,0.0,2.14,1.0,<Residue GLU het=  resseq=187 icode= >,1k61_A_A,2.1
456,22.8,GLU, ,CG,35.84,10.31,0.0,2.09,1.0,<Residue GLU het=  resseq=187 icode= >,1k61_A_A,2.1
457,6.188,GLU, ,CD,34.68,11.21,0.0,3.89,1.0,<Residue GLU het=  resseq=187 icode= >,1k61_A_A,2.1
458,11.817,GLU, ,OE1,38.14,10.00,0.0,2.87,1.0,<Residue GLU het=  resseq=187 icode= >,1k61_A_A,2.1
459,24.992,GLU, ,OE2,37.0,12.06,0.0,2.47,1.0,<Residue GLU het=  resseq=187 icode= >,1k61_A_A,2.1
460,0.0,LYS, ,N,41.95,7.90,0.0,2.10,1.0,<Residue LYS het=  resseq=188 icode= >,1k61_A_A,2.1
461,8.88,LYS, ,CA,46.14,7.22,0.0,1.82,1.0,<Residue LYS het=  resseq=188 icode= >,1k61_A_A,2.1
462,0.846,LYS, ,C,49.55,7.22,0.0,2.26,1.0,<Residue LYS het=  resseq=188 icode= >,1k61_A_A,2.1
463,11.539,LYS, ,O,50.4,7.49,0.0,1.54,1.0,<Residue LYS het=  resseq=188 icode= >,1k61_A_A,2.1
464,54.811,LYS, ,CB,45.24,5.91,1.418,1.69,1.0,<Residue LYS het=  resseq=188 icode= >,1k61_A_A,2.1
465,0.579,THR, ,N,52.34,7.29,0.0,2.09,1.0,<Residue THR het=  resseq=189 icode= >,1k61_A_A,2.1
466,10.483,THR, ,CA,56.72,7.70,0.0,1.99,1.0,<Residue THR het=  resseq=189 icode= >,1k61_A_A,2.1
467,0.0,THR, ,C,59.06,9.10,0.0,2.08,1.0,<Residue THR het=  resseq=189 icode= >,1k61_A_A,2.1
468,10.248,THR, ,O,59.02,9.88,0.0,1.52,1.0,<Residue THR het=  resseq=189 icode= >,1k61_A_A,2.1
469,10.799,THR, ,CB,57.03,7.97,0.0,1.75,1.0,<Residue THR het=  resseq=189 icode= >,1k61_A_A,2.1
470,15.772,THR, ,OG1,58.98,8.31,0.0,0.81,1.0,<Residue THR het=  resseq=189 icode= >,1k61_A_A,2.1
471,19.268,THR, ,CG2,58.34,8.30,0.0,0.39,1.0,<Residue THR het=  resseq=189 icode= >,1k61_A_A,2.1
472,4.859,ILE, ,N,62.0,9.56,0.0,1.06,1.0,<Residue ILE het=  resseq=190 icode= >,1k61_A_A,2.1
473,3.768,ILE, ,CA,64.35,10.45,0.0,1.47,1.0,<Residue ILE het=  resseq=190 icode= >,1k61_A_A,2.1
474,4.615,ILE, ,C,66.18,9.40,0.0,1.67,1.0,<Residue ILE het=  resseq=190 icode= >,1k61_A_A,2.1
475,12.238,ILE, ,O,67.94,9.68,0.0,0.92,1.0,<Residue ILE het=  resseq=190 icode= >,1k61_A_A,2.1
476,11.7,ILE, ,CB,64.43,11.14,0.0,1.11,1.0,<Residue ILE het=  resseq=190 icode= >,1k61_A_A,2.1
477,27.995,ILE, ,CG1,64.82,10.22,0.0,0.16,1.0,<Residue ILE het=  resseq=190 icode= >,1k61_A_A,2.1
478,51.573,ILE, ,CG2,64.98,12.11,0.0,0.06,1.0,<Residue ILE het=  resseq=190 icode= >,1k61_A_A,2.1
479,42.418,ILE, ,CD1,64.93,10.55,0.0,0.59,1.0,<Residue ILE het=  resseq=190 icode= >,1k61_A_A,2.1
480,3.345,THR, ,N,68.22,8.37,0.0,0.73,1.0,<Residue THR het=  resseq=191 icode= >,1k61_A_A,2.1
481,14.634,THR, ,CA,69.9,7.45,0.0,1.01,1.0,<Residue THR het=  resseq=191 icode= >,1k61_A_A,2.1
482,13.449,THR, ,C,71.63,6.80,0.0,1.46,1.0,<Residue THR het=  resseq=191 icode= >,1k61_A_A,2.1
483,34.425,THR, ,O,72.62,5.57,0.281,0.82,1.0,<Residue THR het=  resseq=191 icode= >,1k61_A_A,2.1
484,52.772,THR, ,CB,69.93,6.60,0.0,0.76,1.0,<Residue THR het=  resseq=191 icode= >,1k61_A_A,2.1
485,28.977,THR, ,OXT,73.07,7.69,0.0,1.01,1.0,<Residue THR het=  resseq=191 icode= >,1k61_A_A,2.1
