,ASA,aa,altloc,atom,bfac,d2r,dASA,dens,occ,residue,id,resolu
0,46.757,ILE, ,N,34.77,7.02,0.0,2.97,1.0,<Residue ILE het=  resseq=335 icode= >,1k78_B_B,2.25
1,9.138,ILE, ,CA,37.8,6.47,0.0,2.01,1.0,<Residue ILE het=  resseq=335 icode= >,1k78_B_B,2.25
2,1.524,ILE, ,C,29.69,4.95,0.0,4.59,1.0,<Residue ILE het=  resseq=335 icode= >,1k78_B_B,2.25
3,5.311,ILE, ,O,31.74,4.37,0.959,3.25,1.0,<Residue ILE het=  resseq=335 icode= >,1k78_B_B,2.25
4,5.839,ILE, ,CB,35.69,7.25,0.0,2.65,1.0,<Residue ILE het=  resseq=335 icode= >,1k78_B_B,2.25
5,4.134,ILE, ,CG1,37.3,7.32,0.0,2.25,1.0,<Residue ILE het=  resseq=335 icode= >,1k78_B_B,2.25
6,3.603,ILE, ,CG2,39.89,6.98,0.0,1.35,1.0,<Residue ILE het=  resseq=335 icode= >,1k78_B_B,2.25
7,6.863,ILE, ,CD1,43.7,8.47,0.0,0.75,1.0,<Residue ILE het=  resseq=335 icode= >,1k78_B_B,2.25
8,0.0,GLN, ,N,28.39,4.61,0.0,3.76,1.0,<Residue GLN het=  resseq=336 icode= >,1k78_B_B,2.25
9,4.04,GLN, ,CA,25.35,3.37,4.023,3.73,1.0,<Residue GLN het=  resseq=336 icode= >,1k78_B_B,2.25
10,0.0,GLN, ,C,26.56,3.54,0.0,5.01,1.0,<Residue GLN het=  resseq=336 icode= >,1k78_B_B,2.25
11,0.0,GLN, ,O,22.02,4.76,0.0,4.29,1.0,<Residue GLN het=  resseq=336 icode= >,1k78_B_B,2.25
12,1.062,GLN, ,CB,26.13,3.45,1.062,2.43,1.0,<Residue GLN het=  resseq=336 icode= >,1k78_B_B,2.25
13,26.681,GLN, ,CG,26.14,3.56,22.201,2.79,1.0,<Residue GLN het=  resseq=336 icode= >,1k78_B_B,2.25
14,5.422,GLN, ,CD,29.62,4.31,5.422,4.18,1.0,<Residue GLN het=  resseq=336 icode= >,1k78_B_B,2.25
15,16.118,GLN, ,OE1,34.61,4.28,9.917,3.58,1.0,<Residue GLN het=  resseq=336 icode= >,1k78_B_B,2.25
16,51.654,GLN, ,NE2,37.01,4.19,13.4,2.60,1.0,<Residue GLN het=  resseq=336 icode= >,1k78_B_B,2.25
17,3.049,LEU, ,N,18.64,2.78,3.049,4.67,1.0,<Residue LEU het=  resseq=337 icode= >,1k78_B_B,2.25
18,0.0,LEU, ,CA,23.08,3.80,0.0,3.38,1.0,<Residue LEU het=  resseq=337 icode= >,1k78_B_B,2.25
19,0.0,LEU, ,C,23.79,5.04,0.0,4.71,1.0,<Residue LEU het=  resseq=337 icode= >,1k78_B_B,2.25
20,0.0,LEU, ,O,22.04,6.13,0.0,4.71,1.0,<Residue LEU het=  resseq=337 icode= >,1k78_B_B,2.25
21,5.7,LEU, ,CB,13.3,3.70,5.7,3.24,1.0,<Residue LEU het=  resseq=337 icode= >,1k78_B_B,2.25
22,0.0,LEU, ,CG,21.3,5.17,0.0,4.65,1.0,<Residue LEU het=  resseq=337 icode= >,1k78_B_B,2.25
23,0.0,LEU, ,CD1,13.37,5.97,0.0,3.74,1.0,<Residue LEU het=  resseq=337 icode= >,1k78_B_B,2.25
24,4.43,LEU, ,CD2,17.44,5.30,4.335,3.11,1.0,<Residue LEU het=  resseq=337 icode= >,1k78_B_B,2.25
25,0.0,TRP, ,N,24.2,5.08,0.0,3.64,1.0,<Residue TRP het=  resseq=338 icode= >,1k78_B_B,2.25
26,0.0,TRP, ,CA,20.77,6.18,0.0,3.21,1.0,<Residue TRP het=  resseq=338 icode= >,1k78_B_B,2.25
27,0.0,TRP, ,C,18.16,7.09,0.0,4.93,1.0,<Residue TRP het=  resseq=338 icode= >,1k78_B_B,2.25
28,0.0,TRP, ,O,21.07,8.29,0.0,5.24,1.0,<Residue TRP het=  resseq=338 icode= >,1k78_B_B,2.25
29,0.0,TRP, ,CB,21.02,5.97,0.0,3.23,1.0,<Residue TRP het=  resseq=338 icode= >,1k78_B_B,2.25
30,0.0,TRP, ,CG,21.94,5.55,0.0,4.10,1.0,<Residue TRP het=  resseq=338 icode= >,1k78_B_B,2.25
31,0.603,TRP, ,CD1,28.64,4.43,0.603,3.57,1.0,<Residue TRP het=  resseq=338 icode= >,1k78_B_B,2.25
32,0.0,TRP, ,CD2,29.62,6.62,0.0,3.94,1.0,<Residue TRP het=  resseq=338 icode= >,1k78_B_B,2.25
33,1.853,TRP, ,NE1,27.66,4.99,0.124,3.59,1.0,<Residue TRP het=  resseq=338 icode= >,1k78_B_B,2.25
34,0.971,TRP, ,CE2,30.98,6.31,0.0,3.76,1.0,<Residue TRP het=  resseq=338 icode= >,1k78_B_B,2.25
35,0.0,TRP, ,CE3,33.96,7.99,0.0,2.69,1.0,<Residue TRP het=  resseq=338 icode= >,1k78_B_B,2.25
36,20.143,TRP, ,CZ2,41.13,7.43,0.0,1.97,1.0,<Residue TRP het=  resseq=338 icode= >,1k78_B_B,2.25
37,0.275,TRP, ,CZ3,41.11,8.89,0.0,2.08,1.0,<Residue TRP het=  resseq=338 icode= >,1k78_B_B,2.25
38,8.121,TRP, ,CH2,42.77,8.64,0.0,2.00,1.0,<Residue TRP het=  resseq=338 icode= >,1k78_B_B,2.25
39,0.0,GLN, ,N,23.38,6.73,0.0,3.16,1.0,<Residue GLN het=  resseq=339 icode= >,1k78_B_B,2.25
40,0.364,GLN, ,CA,32.44,7.87,0.0,2.60,1.0,<Residue GLN het=  resseq=339 icode= >,1k78_B_B,2.25
41,0.0,GLN, ,C,31.89,8.33,0.0,4.33,1.0,<Residue GLN het=  resseq=339 icode= >,1k78_B_B,2.25
42,2.233,GLN, ,O,32.98,9.55,0.0,3.32,1.0,<Residue GLN het=  resseq=339 icode= >,1k78_B_B,2.25
43,8.694,GLN, ,CB,25.1,7.66,0.0,3.20,1.0,<Residue GLN het=  resseq=339 icode= >,1k78_B_B,2.25
44,2.46,GLN, ,CG,36.96,7.13,0.0,2.18,1.0,<Residue GLN het=  resseq=339 icode= >,1k78_B_B,2.25
45,2.496,GLN, ,CD,40.18,7.27,0.0,3.56,1.0,<Residue GLN het=  resseq=339 icode= >,1k78_B_B,2.25
46,3.881,GLN, ,OE1,33.18,6.91,0.0,3.35,1.0,<Residue GLN het=  resseq=339 icode= >,1k78_B_B,2.25
47,43.692,GLN, ,NE2,43.74,8.10,0.0,1.09,1.0,<Residue GLN het=  resseq=339 icode= >,1k78_B_B,2.25
48,0.0,PHE, ,N,31.03,7.50,0.0,3.15,1.0,<Residue PHE het=  resseq=340 icode= >,1k78_B_B,2.25
49,0.0,PHE, ,CA,27.31,8.20,0.0,4.14,1.0,<Residue PHE het=  resseq=340 icode= >,1k78_B_B,2.25
50,0.0,PHE, ,C,26.62,9.20,0.0,4.79,1.0,<Residue PHE het=  resseq=340 icode= >,1k78_B_B,2.25
51,0.0,PHE, ,O,26.91,10.35,0.0,3.50,1.0,<Residue PHE het=  resseq=340 icode= >,1k78_B_B,2.25
52,0.0,PHE, ,CB,32.88,7.40,0.0,2.40,1.0,<Residue PHE het=  resseq=340 icode= >,1k78_B_B,2.25
53,0.0,PHE, ,CG,30.47,8.43,0.0,4.41,1.0,<Residue PHE het=  resseq=340 icode= >,1k78_B_B,2.25
54,0.0,PHE, ,CD1,33.78,9.30,0.0,3.14,1.0,<Residue PHE het=  resseq=340 icode= >,1k78_B_B,2.25
55,0.0,PHE, ,CD2,33.53,8.79,0.0,3.39,1.0,<Residue PHE het=  resseq=340 icode= >,1k78_B_B,2.25
56,8.724,PHE, ,CE1,39.25,9.87,0.0,2.81,1.0,<Residue PHE het=  resseq=340 icode= >,1k78_B_B,2.25
57,0.0,PHE, ,CE2,35.76,9.23,0.0,2.93,1.0,<Residue PHE het=  resseq=340 icode= >,1k78_B_B,2.25
58,1.368,PHE, ,CZ,30.71,9.75,0.0,2.97,1.0,<Residue PHE het=  resseq=340 icode= >,1k78_B_B,2.25
59,0.0,LEU, ,N,21.65,8.91,0.0,4.34,1.0,<Residue LEU het=  resseq=341 icode= >,1k78_B_B,2.25
60,0.0,LEU, ,CA,23.5,10.07,0.0,3.69,1.0,<Residue LEU het=  resseq=341 icode= >,1k78_B_B,2.25
61,0.0,LEU, ,C,25.93,11.14,0.0,4.64,1.0,<Residue LEU het=  resseq=341 icode= >,1k78_B_B,2.25
62,0.0,LEU, ,O,22.52,12.32,0.0,4.73,1.0,<Residue LEU het=  resseq=341 icode= >,1k78_B_B,2.25
63,0.0,LEU, ,CB,20.15,9.82,0.0,3.54,1.0,<Residue LEU het=  resseq=341 icode= >,1k78_B_B,2.25
64,0.0,LEU, ,CG,26.19,9.02,0.0,3.78,1.0,<Residue LEU het=  resseq=341 icode= >,1k78_B_B,2.25
65,0.0,LEU, ,CD1,14.88,8.89,0.0,3.37,1.0,<Residue LEU het=  resseq=341 icode= >,1k78_B_B,2.25
66,0.0,LEU, ,CD2,14.75,9.96,0.0,3.83,1.0,<Residue LEU het=  resseq=341 icode= >,1k78_B_B,2.25
67,0.0,LEU, ,N,29.36,10.86,0.0,2.44,1.0,<Residue LEU het=  resseq=342 icode= >,1k78_B_B,2.25
68,0.0,LEU, ,CA,32.65,12.02,0.0,2.82,1.0,<Residue LEU het=  resseq=342 icode= >,1k78_B_B,2.25
69,0.221,LEU, ,C,31.96,12.78,0.0,4.20,1.0,<Residue LEU het=  resseq=342 icode= >,1k78_B_B,2.25
70,0.0,LEU, ,O,34.58,14.01,0.0,3.12,1.0,<Residue LEU het=  resseq=342 icode= >,1k78_B_B,2.25
71,1.071,LEU, ,CB,28.68,11.57,0.0,3.22,1.0,<Residue LEU het=  resseq=342 icode= >,1k78_B_B,2.25
72,4.251,LEU, ,CG,36.78,12.65,0.0,3.18,1.0,<Residue LEU het=  resseq=342 icode= >,1k78_B_B,2.25
73,0.0,LEU, ,CD1,24.87,13.31,0.0,2.62,1.0,<Residue LEU het=  resseq=342 icode= >,1k78_B_B,2.25
74,9.598,LEU, ,CD2,38.08,12.22,0.0,1.63,1.0,<Residue LEU het=  resseq=342 icode= >,1k78_B_B,2.25
75,0.647,GLU, ,N,31.74,12.16,0.0,2.73,1.0,<Residue GLU het=  resseq=343 icode= >,1k78_B_B,2.25
76,2.984,GLU, ,CA,25.4,12.98,0.0,4.15,1.0,<Residue GLU het=  resseq=343 icode= >,1k78_B_B,2.25
77,1.242,GLU, ,C,31.22,13.87,0.0,4.40,1.0,<Residue GLU het=  resseq=343 icode= >,1k78_B_B,2.25
78,5.358,GLU, ,O,26.56,15.08,0.0,3.41,1.0,<Residue GLU het=  resseq=343 icode= >,1k78_B_B,2.25
79,1.625,GLU, ,CB,34.54,12.24,0.0,2.60,1.0,<Residue GLU het=  resseq=343 icode= >,1k78_B_B,2.25
80,30.503,GLU, ,CG,44.11,12.50,0.0,1.92,1.0,<Residue GLU het=  resseq=343 icode= >,1k78_B_B,2.25
81,7.382,GLU, ,CD,49.04,12.13,0.0,3.05,1.0,<Residue GLU het=  resseq=343 icode= >,1k78_B_B,2.25
82,21.117,GLU, ,OE1,50.58,12.59,0.0,2.14,1.0,<Residue GLU het=  resseq=343 icode= >,1k78_B_B,2.25
83,13.299,GLU, ,OE2,53.81,11.56,0.0,1.90,1.0,<Residue GLU het=  resseq=343 icode= >,1k78_B_B,2.25
84,0.0,LEU, ,N,27.23,13.38,0.0,3.37,1.0,<Residue LEU het=  resseq=344 icode= >,1k78_B_B,2.25
85,0.371,LEU, ,CA,26.94,14.33,0.0,3.44,1.0,<Residue LEU het=  resseq=344 icode= >,1k78_B_B,2.25
86,0.0,LEU, ,C,31.81,15.35,0.0,4.04,1.0,<Residue LEU het=  resseq=344 icode= >,1k78_B_B,2.25
87,0.361,LEU, ,O,29.06,16.53,0.0,3.35,1.0,<Residue LEU het=  resseq=344 icode= >,1k78_B_B,2.25
88,0.0,LEU, ,CB,19.32,13.72,0.0,3.24,1.0,<Residue LEU het=  resseq=344 icode= >,1k78_B_B,2.25
89,0.0,LEU, ,CG,26.73,12.88,0.0,3.35,1.0,<Residue LEU het=  resseq=344 icode= >,1k78_B_B,2.25
90,0.0,LEU, ,CD1,20.14,12.58,0.0,2.19,1.0,<Residue LEU het=  resseq=344 icode= >,1k78_B_B,2.25
91,11.895,LEU, ,CD2,21.27,13.59,0.0,2.37,1.0,<Residue LEU het=  resseq=344 icode= >,1k78_B_B,2.25
92,0.0,LEU, ,N,22.53,14.96,0.0,3.56,1.0,<Residue LEU het=  resseq=345 icode= >,1k78_B_B,2.25
93,1.368,LEU, ,CA,28.33,15.98,0.0,3.29,1.0,<Residue LEU het=  resseq=345 icode= >,1k78_B_B,2.25
94,0.508,LEU, ,C,24.87,17.00,0.0,5.04,1.0,<Residue LEU het=  resseq=345 icode= >,1k78_B_B,2.25
95,2.329,LEU, ,O,26.8,18.07,0.0,4.31,1.0,<Residue LEU het=  resseq=345 icode= >,1k78_B_B,2.25
96,0.0,LEU, ,CB,26.92,15.42,0.0,2.58,1.0,<Residue LEU het=  resseq=345 icode= >,1k78_B_B,2.25
97,0.0,LEU, ,CG,28.78,14.97,0.0,3.68,1.0,<Residue LEU het=  resseq=345 icode= >,1k78_B_B,2.25
98,0.0,LEU, ,CD1,24.35,14.24,0.0,2.37,1.0,<Residue LEU het=  resseq=345 icode= >,1k78_B_B,2.25
99,0.236,LEU, ,CD2,23.62,16.25,0.0,2.33,1.0,<Residue LEU het=  resseq=345 icode= >,1k78_B_B,2.25
100,0.0,THR, ,N,28.94,16.76,0.0,3.59,1.0,<Residue THR het=  resseq=346 icode= >,1k78_B_B,2.25
101,0.0,THR, ,CA,35.54,17.82,0.0,3.10,1.0,<Residue THR het=  resseq=346 icode= >,1k78_B_B,2.25
102,0.0,THR, ,C,39.98,18.46,0.0,3.71,1.0,<Residue THR het=  resseq=346 icode= >,1k78_B_B,2.25
103,22.876,THR, ,O,42.03,19.01,0.0,2.57,1.0,<Residue THR het=  resseq=346 icode= >,1k78_B_B,2.25
104,11.627,THR, ,CB,33.51,17.40,0.0,3.70,1.0,<Residue THR het=  resseq=346 icode= >,1k78_B_B,2.25
105,13.73,THR, ,OG1,39.42,16.31,0.0,2.30,1.0,<Residue THR het=  resseq=346 icode= >,1k78_B_B,2.25
106,9.796,THR, ,CG2,26.48,17.13,0.0,3.01,1.0,<Residue THR het=  resseq=346 icode= >,1k78_B_B,2.25
107,0.0,ASP, ,N,44.22,18.50,0.0,2.46,1.0,<Residue ASP het=  resseq=347 icode= >,1k78_B_B,2.25
108,4.657,ASP, ,CA,43.37,19.23,0.0,3.01,1.0,<Residue ASP het=  resseq=347 icode= >,1k78_B_B,2.25
109,0.13,ASP, ,C,45.31,20.13,0.0,3.52,1.0,<Residue ASP het=  resseq=347 icode= >,1k78_B_B,2.25
110,0.199,ASP, ,O,41.11,19.72,0.0,2.47,1.0,<Residue ASP het=  resseq=347 icode= >,1k78_B_B,2.25
111,7.156,ASP, ,CB,44.95,18.33,0.0,2.38,1.0,<Residue ASP het=  resseq=347 icode= >,1k78_B_B,2.25
112,7.221,ASP, ,CG,53.12,19.21,0.0,2.68,1.0,<Residue ASP het=  resseq=347 icode= >,1k78_B_B,2.25
113,9.817,ASP, ,OD1,55.82,20.41,0.0,1.18,1.0,<Residue ASP het=  resseq=347 icode= >,1k78_B_B,2.25
114,31.659,ASP, ,OD2,57.64,18.77,0.0,1.53,1.0,<Residue ASP het=  resseq=347 icode= >,1k78_B_B,2.25
115,4.068,LYS, ,N,48.51,1000.00,0.0,2.53,1.0,<Residue LYS het=  resseq=348 icode= >,1k78_B_B,2.25
116,0.0,LYS, ,CA,48.62,1000.00,0.0,2.59,1.0,<Residue LYS het=  resseq=348 icode= >,1k78_B_B,2.25
117,0.938,LYS, ,C,42.63,1000.00,0.0,4.13,1.0,<Residue LYS het=  resseq=348 icode= >,1k78_B_B,2.25
118,8.829,LYS, ,O,45.03,1000.00,0.0,2.87,1.0,<Residue LYS het=  resseq=348 icode= >,1k78_B_B,2.25
119,21.399,LYS, ,CB,57.39,1000.00,0.0,1.10,1.0,<Residue LYS het=  resseq=348 icode= >,1k78_B_B,2.25
120,6.378,LYS, ,CG,65.61,1000.00,0.0,0.73,1.0,<Residue LYS het=  resseq=348 icode= >,1k78_B_B,2.25
121,30.236,LYS, ,CD,72.26,1000.00,0.0,0.21,1.0,<Residue LYS het=  resseq=348 icode= >,1k78_B_B,2.25
122,7.457,LYS, ,CE,74.92,1000.00,0.0,-0.01,1.0,<Residue LYS het=  resseq=348 icode= >,1k78_B_B,2.25
123,34.476,LYS, ,NZ,80.36,1000.00,0.0,-0.30,1.0,<Residue LYS het=  resseq=348 icode= >,1k78_B_B,2.25
124,1.944,SER, ,N,46.08,1000.00,0.0,2.20,1.0,<Residue SER het=  resseq=349 icode= >,1k78_B_B,2.25
125,12.233,SER, ,CA,42.62,1000.00,0.0,2.51,1.0,<Residue SER het=  resseq=349 icode= >,1k78_B_B,2.25
126,1.027,SER, ,C,43.45,1000.00,0.0,3.78,1.0,<Residue SER het=  resseq=349 icode= >,1k78_B_B,2.25
127,19.93,SER, ,O,39.82,1000.00,0.0,2.91,1.0,<Residue SER het=  resseq=349 icode= >,1k78_B_B,2.25
128,45.655,SER, ,CB,48.92,1000.00,0.0,1.52,1.0,<Residue SER het=  resseq=349 icode= >,1k78_B_B,2.25
129,13.317,SER, ,OG,51.81,1000.00,0.0,1.55,1.0,<Residue SER het=  resseq=349 icode= >,1k78_B_B,2.25
130,0.0,CYS, ,N,37.65,1000.00,0.0,2.78,1.0,<Residue CYS het=  resseq=350 icode= >,1k78_B_B,2.25
131,0.0,CYS, ,CA,39.13,1000.00,0.0,3.05,1.0,<Residue CYS het=  resseq=350 icode= >,1k78_B_B,2.25
132,0.0,CYS, ,C,38.02,1000.00,0.0,4.26,1.0,<Residue CYS het=  resseq=350 icode= >,1k78_B_B,2.25
133,0.0,CYS, ,O,43.8,1000.00,0.0,2.71,1.0,<Residue CYS het=  resseq=350 icode= >,1k78_B_B,2.25
134,0.0,CYS, ,CB,37.33,1000.00,0.0,2.45,1.0,<Residue CYS het=  resseq=350 icode= >,1k78_B_B,2.25
135,7.59,CYS, ,SG,36.79,1000.00,0.0,5.73,1.0,<Residue CYS het=  resseq=350 icode= >,1k78_B_B,2.25
136,0.098,GLN, ,N,32.14,1000.00,0.0,4.11,1.0,<Residue GLN het=  resseq=351 icode= >,1k78_B_B,2.25
137,0.0,GLN, ,CA,39.76,1000.00,0.0,2.87,1.0,<Residue GLN het=  resseq=351 icode= >,1k78_B_B,2.25
138,1.177,GLN, ,C,33.18,1000.00,0.0,5.03,1.0,<Residue GLN het=  resseq=351 icode= >,1k78_B_B,2.25
139,11.641,GLN, ,O,36.97,1000.00,0.0,2.84,1.0,<Residue GLN het=  resseq=351 icode= >,1k78_B_B,2.25
140,14.269,GLN, ,CB,42.99,1000.00,0.0,1.73,1.0,<Residue GLN het=  resseq=351 icode= >,1k78_B_B,2.25
141,7.885,GLN, ,CG,44.65,1000.00,0.0,2.00,1.0,<Residue GLN het=  resseq=351 icode= >,1k78_B_B,2.25
142,1.993,GLN, ,CD,47.82,1000.00,0.0,3.16,1.0,<Residue GLN het=  resseq=351 icode= >,1k78_B_B,2.25
143,26.139,GLN, ,OE1,46.96,1000.00,0.0,2.43,1.0,<Residue GLN het=  resseq=351 icode= >,1k78_B_B,2.25
144,1.239,GLN, ,NE2,47.1,1000.00,0.0,1.39,1.0,<Residue GLN het=  resseq=351 icode= >,1k78_B_B,2.25
145,3.045,SER, ,N,33.41,1000.00,0.0,3.08,1.0,<Residue SER het=  resseq=352 icode= >,1k78_B_B,2.25
146,10.162,SER, ,CA,33.74,1000.00,0.0,2.87,1.0,<Residue SER het=  resseq=352 icode= >,1k78_B_B,2.25
147,0.449,SER, ,C,35.73,1000.00,0.0,3.44,1.0,<Residue SER het=  resseq=352 icode= >,1k78_B_B,2.25
148,17.337,SER, ,O,37.68,1000.00,0.0,3.16,1.0,<Residue SER het=  resseq=352 icode= >,1k78_B_B,2.25
149,46.51,SER, ,CB,30.68,1000.00,0.0,3.43,1.0,<Residue SER het=  resseq=352 icode= >,1k78_B_B,2.25
150,20.152,SER, ,OG,35.44,1000.00,0.0,2.85,1.0,<Residue SER het=  resseq=352 icode= >,1k78_B_B,2.25
151,0.0,PHE, ,N,31.27,18.54,0.0,3.23,1.0,<Residue PHE het=  resseq=353 icode= >,1k78_B_B,2.25
152,0.0,PHE, ,CA,35.65,17.28,0.0,2.56,1.0,<Residue PHE het=  resseq=353 icode= >,1k78_B_B,2.25
153,0.0,PHE, ,C,35.2,16.40,0.0,3.86,1.0,<Residue PHE het=  resseq=353 icode= >,1k78_B_B,2.25
154,0.0,PHE, ,O,41.57,15.24,0.0,2.81,1.0,<Residue PHE het=  resseq=353 icode= >,1k78_B_B,2.25
155,2.968,PHE, ,CB,25.25,17.41,0.0,3.28,1.0,<Residue PHE het=  resseq=353 icode= >,1k78_B_B,2.25
156,0.0,PHE, ,CG,24.79,18.44,0.0,4.51,1.0,<Residue PHE het=  resseq=353 icode= >,1k78_B_B,2.25
157,0.0,PHE, ,CD1,23.24,18.20,0.0,4.37,1.0,<Residue PHE het=  resseq=353 icode= >,1k78_B_B,2.25
158,5.329,PHE, ,CD2,27.3,19.74,0.0,3.53,1.0,<Residue PHE het=  resseq=353 icode= >,1k78_B_B,2.25
159,0.0,PHE, ,CE1,23.4,19.27,0.0,3.50,1.0,<Residue PHE het=  resseq=353 icode= >,1k78_B_B,2.25
160,5.472,PHE, ,CE2,30.53,20.75,0.0,2.97,1.0,<Residue PHE het=  resseq=353 icode= >,1k78_B_B,2.25
161,0.0,PHE, ,CZ,29.44,20.52,0.0,3.64,1.0,<Residue PHE het=  resseq=353 icode= >,1k78_B_B,2.25
162,0.0,ILE, ,N,34.12,17.02,0.0,3.20,1.0,<Residue ILE het=  resseq=354 icode= >,1k78_B_B,2.25
163,0.0,ILE, ,CA,28.7,16.41,0.0,3.18,1.0,<Residue ILE het=  resseq=354 icode= >,1k78_B_B,2.25
164,0.0,ILE, ,C,32.59,17.27,0.0,3.97,1.0,<Residue ILE het=  resseq=354 icode= >,1k78_B_B,2.25
165,0.532,ILE, ,O,25.84,18.45,0.0,3.50,1.0,<Residue ILE het=  resseq=354 icode= >,1k78_B_B,2.25
166,0.0,ILE, ,CB,23.26,15.70,0.0,4.25,1.0,<Residue ILE het=  resseq=354 icode= >,1k78_B_B,2.25
167,0.0,ILE, ,CG1,20.66,15.25,0.0,3.72,1.0,<Residue ILE het=  resseq=354 icode= >,1k78_B_B,2.25
168,0.0,ILE, ,CG2,28.13,15.93,0.0,2.27,1.0,<Residue ILE het=  resseq=354 icode= >,1k78_B_B,2.25
169,0.0,ILE, ,CD1,20.6,13.76,0.0,2.90,1.0,<Residue ILE het=  resseq=354 icode= >,1k78_B_B,2.25
170,0.0,SER, ,N,27.78,16.74,0.0,3.89,1.0,<Residue SER het=  resseq=355 icode= >,1k78_B_B,2.25
171,1.322,SER, ,CA,34.23,17.68,0.0,2.65,1.0,<Residue SER het=  resseq=355 icode= >,1k78_B_B,2.25
172,0.0,SER, ,C,30.75,17.23,0.0,4.69,1.0,<Residue SER het=  resseq=355 icode= >,1k78_B_B,2.25
173,0.238,SER, ,O,28.87,16.06,0.0,4.30,1.0,<Residue SER het=  resseq=355 icode= >,1k78_B_B,2.25
174,13.848,SER, ,CB,29.25,18.24,0.0,2.84,1.0,<Residue SER het=  resseq=355 icode= >,1k78_B_B,2.25
175,15.704,SER, ,OG,30.51,17.25,0.0,3.50,1.0,<Residue SER het=  resseq=355 icode= >,1k78_B_B,2.25
176,0.504,TRP, ,N,30.88,18.25,0.0,3.13,1.0,<Residue TRP het=  resseq=356 icode= >,1k78_B_B,2.25
177,0.0,TRP, ,CA,34.61,18.13,0.0,3.22,1.0,<Residue TRP het=  resseq=356 icode= >,1k78_B_B,2.25
178,0.042,TRP, ,C,33.43,17.80,0.0,4.43,1.0,<Residue TRP het=  resseq=356 icode= >,1k78_B_B,2.25
179,9.001,TRP, ,O,39.3,18.27,0.0,2.67,1.0,<Residue TRP het=  resseq=356 icode= >,1k78_B_B,2.25
180,0.0,TRP, ,CB,32.02,19.50,0.0,2.72,1.0,<Residue TRP het=  resseq=356 icode= >,1k78_B_B,2.25
181,0.0,TRP, ,CG,19.62,20.12,0.0,4.39,1.0,<Residue TRP het=  resseq=356 icode= >,1k78_B_B,2.25
182,2.859,TRP, ,CD1,28.2,21.11,0.0,3.59,1.0,<Residue TRP het=  resseq=356 icode= >,1k78_B_B,2.25
183,0.0,TRP, ,CD2,29.78,19.90,0.0,3.43,1.0,<Residue TRP het=  resseq=356 icode= >,1k78_B_B,2.25
184,0.0,TRP, ,NE1,26.6,21.51,0.0,3.90,1.0,<Residue TRP het=  resseq=356 icode= >,1k78_B_B,2.25
185,0.0,TRP, ,CE2,28.13,20.81,0.0,3.59,1.0,<Residue TRP het=  resseq=356 icode= >,1k78_B_B,2.25
186,0.0,TRP, ,CE3,23.57,19.12,0.0,3.66,1.0,<Residue TRP het=  resseq=356 icode= >,1k78_B_B,2.25
187,0.0,TRP, ,CZ2,29.1,21.00,0.0,3.32,1.0,<Residue TRP het=  resseq=356 icode= >,1k78_B_B,2.25
188,0.0,TRP, ,CZ3,18.89,19.31,0.0,3.63,1.0,<Residue TRP het=  resseq=356 icode= >,1k78_B_B,2.25
189,0.0,TRP, ,CH2,27.08,20.26,0.0,3.76,1.0,<Residue TRP het=  resseq=356 icode= >,1k78_B_B,2.25
190,0.0,THR, ,N,35.85,17.14,0.0,3.71,1.0,<Residue THR het=  resseq=357 icode= >,1k78_B_B,2.25
191,8.354,THR, ,CA,36.55,16.96,0.0,2.95,1.0,<Residue THR het=  resseq=357 icode= >,1k78_B_B,2.25
192,2.204,THR, ,C,39.92,18.21,0.0,3.40,1.0,<Residue THR het=  resseq=357 icode= >,1k78_B_B,2.25
193,27.759,THR, ,O,44.09,18.47,0.0,2.33,1.0,<Residue THR het=  resseq=357 icode= >,1k78_B_B,2.25
194,13.637,THR, ,CB,37.47,15.74,0.0,3.05,1.0,<Residue THR het=  resseq=357 icode= >,1k78_B_B,2.25
195,0.0,THR, ,OG1,40.15,16.05,0.0,2.61,1.0,<Residue THR het=  resseq=357 icode= >,1k78_B_B,2.25
196,7.48,THR, ,CG2,46.18,14.50,0.0,0.68,1.0,<Residue THR het=  resseq=357 icode= >,1k78_B_B,2.25
197,0.0,GLY, ,N,43.66,1000.00,0.0,2.95,1.0,<Residue GLY het=  resseq=358 icode= >,1k78_B_B,2.25
198,15.672,GLY, ,CA,49.73,1000.00,0.0,1.45,1.0,<Residue GLY het=  resseq=358 icode= >,1k78_B_B,2.25
199,4.508,GLY, ,C,50.89,1000.00,0.0,2.20,1.0,<Residue GLY het=  resseq=358 icode= >,1k78_B_B,2.25
200,21.665,GLY, ,O,55.7,1000.00,0.0,1.20,1.0,<Residue GLY het=  resseq=358 icode= >,1k78_B_B,2.25
201,0.667,ASP, ,N,47.53,1000.00,0.0,1.71,1.0,<Residue ASP het=  resseq=359 icode= >,1k78_B_B,2.25
202,7.355,ASP, ,CA,43.17,1000.00,0.0,3.03,1.0,<Residue ASP het=  resseq=359 icode= >,1k78_B_B,2.25
203,0.0,ASP, ,C,40.94,1000.00,0.0,3.96,1.0,<Residue ASP het=  resseq=359 icode= >,1k78_B_B,2.25
204,0.0,ASP, ,O,44.62,1000.00,0.0,1.64,1.0,<Residue ASP het=  resseq=359 icode= >,1k78_B_B,2.25
205,16.121,ASP, ,CB,44.38,1000.00,0.0,1.79,1.0,<Residue ASP het=  resseq=359 icode= >,1k78_B_B,2.25
206,7.395,ASP, ,CG,48.26,1000.00,0.0,4.05,1.0,<Residue ASP het=  resseq=359 icode= >,1k78_B_B,2.25
207,26.006,ASP, ,OD1,44.0,1000.00,0.0,2.96,1.0,<Residue ASP het=  resseq=359 icode= >,1k78_B_B,2.25
208,19.333,ASP, ,OD2,49.72,1000.00,0.0,2.32,1.0,<Residue ASP het=  resseq=359 icode= >,1k78_B_B,2.25
209,8.043,GLY, ,N,39.07,1000.00,0.0,3.44,1.0,<Residue GLY het=  resseq=360 icode= >,1k78_B_B,2.25
210,17.136,GLY, ,CA,41.19,1000.00,0.0,2.49,1.0,<Residue GLY het=  resseq=360 icode= >,1k78_B_B,2.25
211,0.0,GLY, ,C,44.58,1000.00,0.0,2.83,1.0,<Residue GLY het=  resseq=360 icode= >,1k78_B_B,2.25
212,0.0,GLY, ,O,41.64,1000.00,0.0,2.36,1.0,<Residue GLY het=  resseq=360 icode= >,1k78_B_B,2.25
213,1.683,TRP, ,N,41.83,17.96,0.0,2.66,1.0,<Residue TRP het=  resseq=361 icode= >,1k78_B_B,2.25
214,0.0,TRP, ,CA,38.48,17.57,0.0,2.76,1.0,<Residue TRP het=  resseq=361 icode= >,1k78_B_B,2.25
215,0.0,TRP, ,C,31.61,16.30,0.0,4.76,1.0,<Residue TRP het=  resseq=361 icode= >,1k78_B_B,2.25
216,0.0,TRP, ,O,28.68,15.60,0.0,3.25,1.0,<Residue TRP het=  resseq=361 icode= >,1k78_B_B,2.25
217,0.361,TRP, ,CB,41.09,17.48,0.0,2.25,1.0,<Residue TRP het=  resseq=361 icode= >,1k78_B_B,2.25
218,0.0,TRP, ,CG,46.3,18.80,0.0,2.67,1.0,<Residue TRP het=  resseq=361 icode= >,1k78_B_B,2.25
219,18.061,TRP, ,CD1,50.46,19.13,0.0,1.76,1.0,<Residue TRP het=  resseq=361 icode= >,1k78_B_B,2.25
220,0.0,TRP, ,CD2,46.94,20.01,0.0,2.74,1.0,<Residue TRP het=  resseq=361 icode= >,1k78_B_B,2.25
221,6.003,TRP, ,NE1,46.18,20.44,0.0,2.94,1.0,<Residue TRP het=  resseq=361 icode= >,1k78_B_B,2.25
222,0.0,TRP, ,CE2,47.37,20.97,0.0,3.50,1.0,<Residue TRP het=  resseq=361 icode= >,1k78_B_B,2.25
223,0.0,TRP, ,CE3,47.0,20.46,0.0,2.22,1.0,<Residue TRP het=  resseq=361 icode= >,1k78_B_B,2.25
224,0.0,TRP, ,CZ2,45.72,22.28,0.0,2.36,1.0,<Residue TRP het=  resseq=361 icode= >,1k78_B_B,2.25
225,0.0,TRP, ,CZ3,49.89,21.78,0.0,2.78,1.0,<Residue TRP het=  resseq=361 icode= >,1k78_B_B,2.25
226,0.0,TRP, ,CH2,50.07,22.64,0.0,2.37,1.0,<Residue TRP het=  resseq=361 icode= >,1k78_B_B,2.25
227,0.0,GLU, ,N,25.81,16.11,0.0,3.55,1.0,<Residue GLU het=  resseq=362 icode= >,1k78_B_B,2.25
228,0.0,GLU, ,CA,30.68,15.04,0.0,2.98,1.0,<Residue GLU het=  resseq=362 icode= >,1k78_B_B,2.25
229,0.0,GLU, ,C,32.26,15.47,0.0,3.61,1.0,<Residue GLU het=  resseq=362 icode= >,1k78_B_B,2.25
230,0.0,GLU, ,O,29.87,16.41,0.0,2.61,1.0,<Residue GLU het=  resseq=362 icode= >,1k78_B_B,2.25
231,0.0,GLU, ,CB,26.43,14.91,0.0,3.03,1.0,<Residue GLU het=  resseq=362 icode= >,1k78_B_B,2.25
232,0.0,GLU, ,CG,34.65,13.69,0.0,2.66,1.0,<Residue GLU het=  resseq=362 icode= >,1k78_B_B,2.25
233,0.616,GLU, ,CD,41.63,13.71,0.0,3.99,1.0,<Residue GLU het=  resseq=362 icode= >,1k78_B_B,2.25
234,1.832,GLU, ,OE1,42.31,12.83,0.0,2.80,1.0,<Residue GLU het=  resseq=362 icode= >,1k78_B_B,2.25
235,6.435,GLU, ,OE2,43.18,14.63,0.0,2.41,1.0,<Residue GLU het=  resseq=362 icode= >,1k78_B_B,2.25
236,0.0,PHE, ,N,29.32,14.43,0.0,2.68,1.0,<Residue PHE het=  resseq=363 icode= >,1k78_B_B,2.25
237,0.0,PHE, ,CA,22.42,14.41,0.0,3.68,1.0,<Residue PHE het=  resseq=363 icode= >,1k78_B_B,2.25
238,0.0,PHE, ,C,22.06,13.07,0.0,5.85,1.0,<Residue PHE het=  resseq=363 icode= >,1k78_B_B,2.25
239,0.0,PHE, ,O,24.53,12.00,0.0,3.68,1.0,<Residue PHE het=  resseq=363 icode= >,1k78_B_B,2.25
240,0.0,PHE, ,CB,22.59,15.05,0.0,3.02,1.0,<Residue PHE het=  resseq=363 icode= >,1k78_B_B,2.25
241,0.0,PHE, ,CG,29.05,14.08,0.0,3.49,1.0,<Residue PHE het=  resseq=363 icode= >,1k78_B_B,2.25
242,0.0,PHE, ,CD1,22.07,13.85,0.0,3.11,1.0,<Residue PHE het=  resseq=363 icode= >,1k78_B_B,2.25
243,0.0,PHE, ,CD2,26.31,13.45,0.0,3.44,1.0,<Residue PHE het=  resseq=363 icode= >,1k78_B_B,2.25
244,0.0,PHE, ,CE1,25.79,12.80,0.0,3.56,1.0,<Residue PHE het=  resseq=363 icode= >,1k78_B_B,2.25
245,0.0,PHE, ,CE2,23.65,12.56,0.0,4.43,1.0,<Residue PHE het=  resseq=363 icode= >,1k78_B_B,2.25
246,0.0,PHE, ,CZ,21.57,12.26,0.0,4.46,1.0,<Residue PHE het=  resseq=363 icode= >,1k78_B_B,2.25
247,0.0,LYS, ,N,22.74,13.25,0.0,3.95,1.0,<Residue LYS het=  resseq=364 icode= >,1k78_B_B,2.25
248,0.0,LYS, ,CA,24.8,12.22,0.0,4.10,1.0,<Residue LYS het=  resseq=364 icode= >,1k78_B_B,2.25
249,0.0,LYS, ,C,28.74,12.42,0.0,4.62,1.0,<Residue LYS het=  resseq=364 icode= >,1k78_B_B,2.25
250,0.0,LYS, ,O,29.53,13.58,0.0,3.61,1.0,<Residue LYS het=  resseq=364 icode= >,1k78_B_B,2.25
251,1.592,LYS, ,CB,25.69,12.48,0.0,3.60,1.0,<Residue LYS het=  resseq=364 icode= >,1k78_B_B,2.25
252,0.0,LYS, ,CG,33.28,11.62,0.0,2.89,1.0,<Residue LYS het=  resseq=364 icode= >,1k78_B_B,2.25
253,19.344,LYS, ,CD,44.62,12.22,0.0,1.53,1.0,<Residue LYS het=  resseq=364 icode= >,1k78_B_B,2.25
254,19.029,LYS, ,CE,49.87,11.58,0.0,1.52,1.0,<Residue LYS het=  resseq=364 icode= >,1k78_B_B,2.25
255,48.917,LYS, ,NZ,50.35,12.54,0.0,1.31,1.0,<Residue LYS het=  resseq=364 icode= >,1k78_B_B,2.25
256,0.0,LEU, ,N,26.37,11.40,0.0,4.17,1.0,<Residue LEU het=  resseq=365 icode= >,1k78_B_B,2.25
257,0.0,LEU, ,CA,30.37,11.75,0.0,3.22,1.0,<Residue LEU het=  resseq=365 icode= >,1k78_B_B,2.25
258,0.0,LEU, ,C,32.44,11.78,0.0,4.55,1.0,<Residue LEU het=  resseq=365 icode= >,1k78_B_B,2.25
259,0.0,LEU, ,O,32.93,10.93,0.0,3.69,1.0,<Residue LEU het=  resseq=365 icode= >,1k78_B_B,2.25
260,0.0,LEU, ,CB,28.04,10.88,0.0,2.84,1.0,<Residue LEU het=  resseq=365 icode= >,1k78_B_B,2.25
261,0.0,LEU, ,CG,33.7,10.84,0.0,2.99,1.0,<Residue LEU het=  resseq=365 icode= >,1k78_B_B,2.25
262,0.29,LEU, ,CD1,35.35,10.19,0.0,1.92,1.0,<Residue LEU het=  resseq=365 icode= >,1k78_B_B,2.25
263,0.0,LEU, ,CD2,19.6,12.29,0.0,3.19,1.0,<Residue LEU het=  resseq=365 icode= >,1k78_B_B,2.25
264,0.0,SER, ,N,26.65,12.91,0.0,3.25,1.0,<Residue SER het=  resseq=366 icode= >,1k78_B_B,2.25
265,1.87,SER, ,CA,29.48,13.29,0.0,3.10,1.0,<Residue SER het=  resseq=366 icode= >,1k78_B_B,2.25
266,0.455,SER, ,C,23.11,13.23,0.0,5.21,1.0,<Residue SER het=  resseq=366 icode= >,1k78_B_B,2.25
267,26.032,SER, ,O,26.59,13.00,0.0,3.50,1.0,<Residue SER het=  resseq=366 icode= >,1k78_B_B,2.25
268,16.738,SER, ,CB,35.98,14.76,0.0,2.05,1.0,<Residue SER het=  resseq=366 icode= >,1k78_B_B,2.25
269,11.062,SER, ,OG,51.65,15.03,0.0,0.99,1.0,<Residue SER het=  resseq=366 icode= >,1k78_B_B,2.25
270,0.0,ASP, ,N,21.49,13.59,0.0,3.94,1.0,<Residue ASP het=  resseq=367 icode= >,1k78_B_B,2.25
271,1.939,ASP, ,CA,25.33,13.49,0.0,2.39,1.0,<Residue ASP het=  resseq=367 icode= >,1k78_B_B,2.25
272,0.0,ASP, ,C,18.03,12.82,0.0,5.90,1.0,<Residue ASP het=  resseq=367 icode= >,1k78_B_B,2.25
273,0.0,ASP, ,O,19.74,13.57,0.0,5.58,1.0,<Residue ASP het=  resseq=367 icode= >,1k78_B_B,2.25
274,9.083,ASP, ,CB,24.16,14.91,0.0,2.40,1.0,<Residue ASP het=  resseq=367 icode= >,1k78_B_B,2.25
275,7.589,ASP, ,CG,30.61,15.04,0.0,4.38,1.0,<Residue ASP het=  resseq=367 icode= >,1k78_B_B,2.25
276,5.389,ASP, ,OD1,31.32,14.17,0.0,3.17,1.0,<Residue ASP het=  resseq=367 icode= >,1k78_B_B,2.25
277,35.756,ASP, ,OD2,29.05,16.08,0.0,3.06,1.0,<Residue ASP het=  resseq=367 icode= >,1k78_B_B,2.25
278,0.0,PRO, ,N,20.44,11.50,0.0,4.63,1.0,<Residue PRO het=  resseq=368 icode= >,1k78_B_B,2.25
279,0.0,PRO, ,CA,21.28,10.89,0.0,3.32,1.0,<Residue PRO het=  resseq=368 icode= >,1k78_B_B,2.25
280,0.0,PRO, ,C,17.7,11.55,0.0,5.46,1.0,<Residue PRO het=  resseq=368 icode= >,1k78_B_B,2.25
281,0.109,PRO, ,O,15.04,11.73,0.0,5.16,1.0,<Residue PRO het=  resseq=368 icode= >,1k78_B_B,2.25
282,0.0,PRO, ,CB,16.39,9.38,0.0,4.08,1.0,<Residue PRO het=  resseq=368 icode= >,1k78_B_B,2.25
283,8.392,PRO, ,CG,23.38,9.44,0.0,3.03,1.0,<Residue PRO het=  resseq=368 icode= >,1k78_B_B,2.25
284,8.806,PRO, ,CD,17.13,10.62,0.0,3.73,1.0,<Residue PRO het=  resseq=368 icode= >,1k78_B_B,2.25
285,0.0,ASP, ,N,18.72,12.01,0.0,4.47,1.0,<Residue ASP het=  resseq=369 icode= >,1k78_B_B,2.25
286,0.619,ASP, ,CA,16.14,12.82,0.0,3.71,1.0,<Residue ASP het=  resseq=369 icode= >,1k78_B_B,2.25
287,0.0,ASP, ,C,18.47,13.26,0.0,5.53,1.0,<Residue ASP het=  resseq=369 icode= >,1k78_B_B,2.25
288,2.25,ASP, ,O,21.2,12.54,0.0,4.58,1.0,<Residue ASP het=  resseq=369 icode= >,1k78_B_B,2.25
289,18.971,ASP, ,CB,18.54,12.98,0.0,3.03,1.0,<Residue ASP het=  resseq=369 icode= >,1k78_B_B,2.25
290,8.482,ASP, ,CG,22.7,11.48,0.0,4.58,1.0,<Residue ASP het=  resseq=369 icode= >,1k78_B_B,2.25
291,13.478,ASP, ,OD1,22.89,10.85,0.0,3.45,1.0,<Residue ASP het=  resseq=369 icode= >,1k78_B_B,2.25
292,37.413,ASP, ,OD2,21.79,11.02,0.0,3.99,1.0,<Residue ASP het=  resseq=369 icode= >,1k78_B_B,2.25
293,0.0,GLU, ,N,19.65,14.09,0.0,4.11,1.0,<Residue GLU het=  resseq=370 icode= >,1k78_B_B,2.25
294,0.0,GLU, ,CA,18.86,14.18,0.0,3.45,1.0,<Residue GLU het=  resseq=370 icode= >,1k78_B_B,2.25
295,0.0,GLU, ,C,15.4,12.96,0.0,5.88,1.0,<Residue GLU het=  resseq=370 icode= >,1k78_B_B,2.25
296,0.0,GLU, ,O,20.96,12.49,0.0,5.16,1.0,<Residue GLU het=  resseq=370 icode= >,1k78_B_B,2.25
297,0.691,GLU, ,CB,17.99,15.48,0.0,3.23,1.0,<Residue GLU het=  resseq=370 icode= >,1k78_B_B,2.25
298,5.928,GLU, ,CG,26.43,15.86,0.0,2.95,1.0,<Residue GLU het=  resseq=370 icode= >,1k78_B_B,2.25
299,7.515,GLU, ,CD,35.18,15.83,0.0,4.09,1.0,<Residue GLU het=  resseq=370 icode= >,1k78_B_B,2.25
300,14.926,GLU, ,OE1,41.96,16.28,0.0,1.87,1.0,<Residue GLU het=  resseq=370 icode= >,1k78_B_B,2.25
301,9.791,GLU, ,OE2,36.15,15.51,0.0,3.64,1.0,<Residue GLU het=  resseq=370 icode= >,1k78_B_B,2.25
302,0.0,VAL, ,N,16.99,12.57,0.0,4.61,1.0,<Residue VAL het=  resseq=371 icode= >,1k78_B_B,2.25
303,0.0,VAL, ,CA,18.83,11.51,0.0,3.59,1.0,<Residue VAL het=  resseq=371 icode= >,1k78_B_B,2.25
304,0.0,VAL, ,C,15.36,10.17,0.0,5.84,1.0,<Residue VAL het=  resseq=371 icode= >,1k78_B_B,2.25
305,0.0,VAL, ,O,19.74,9.51,0.0,4.66,1.0,<Residue VAL het=  resseq=371 icode= >,1k78_B_B,2.25
306,0.0,VAL, ,CB,19.57,11.47,0.0,3.70,1.0,<Residue VAL het=  resseq=371 icode= >,1k78_B_B,2.25
307,0.0,VAL, ,CG1,21.01,10.40,0.0,3.16,1.0,<Residue VAL het=  resseq=371 icode= >,1k78_B_B,2.25
308,0.0,VAL, ,CG2,19.99,12.83,0.0,2.54,1.0,<Residue VAL het=  resseq=371 icode= >,1k78_B_B,2.25
309,0.0,ALA, ,N,18.46,9.93,0.0,4.57,1.0,<Residue ALA het=  resseq=372 icode= >,1k78_B_B,2.25
310,0.0,ALA, ,CA,14.72,8.79,0.0,4.67,1.0,<Residue ALA het=  resseq=372 icode= >,1k78_B_B,2.25
311,0.0,ALA, ,C,19.94,9.01,0.0,5.66,1.0,<Residue ALA het=  resseq=372 icode= >,1k78_B_B,2.25
312,0.0,ALA, ,O,23.38,8.06,0.0,4.48,1.0,<Residue ALA het=  resseq=372 icode= >,1k78_B_B,2.25
313,1.882,ALA, ,CB,16.0,8.95,0.0,3.28,1.0,<Residue ALA het=  resseq=372 icode= >,1k78_B_B,2.25
314,0.549,ARG, ,N,15.07,10.30,0.0,5.28,1.0,<Residue ARG het=  resseq=373 icode= >,1k78_B_B,2.25
315,5.948,ARG, ,CA,18.62,10.53,0.0,4.04,1.0,<Residue ARG het=  resseq=373 icode= >,1k78_B_B,2.25
316,0.154,ARG, ,C,18.67,10.03,0.0,5.29,1.0,<Residue ARG het=  resseq=373 icode= >,1k78_B_B,2.25
317,2.392,ARG, ,O,22.05,9.55,0.0,3.47,1.0,<Residue ARG het=  resseq=373 icode= >,1k78_B_B,2.25
318,1.096,ARG, ,CB,20.21,11.92,0.0,2.53,1.0,<Residue ARG het=  resseq=373 icode= >,1k78_B_B,2.25
319,22.857,ARG, ,CG,33.38,12.12,0.0,2.16,1.0,<Residue ARG het=  resseq=373 icode= >,1k78_B_B,2.25
320,36.344,ARG, ,CD,36.25,13.61,0.0,2.56,1.0,<Residue ARG het=  resseq=373 icode= >,1k78_B_B,2.25
321,4.382,ARG, ,NE,42.87,14.29,0.0,2.30,1.0,<Residue ARG het=  resseq=373 icode= >,1k78_B_B,2.25
322,4.609,ARG, ,CZ,40.31,14.16,0.0,3.62,1.0,<Residue ARG het=  resseq=373 icode= >,1k78_B_B,2.25
323,41.926,ARG, ,NH1,39.36,13.34,0.0,2.86,1.0,<Residue ARG het=  resseq=373 icode= >,1k78_B_B,2.25
324,26.312,ARG, ,NH2,44.14,14.96,0.0,1.90,1.0,<Residue ARG het=  resseq=373 icode= >,1k78_B_B,2.25
325,0.0,ARG, ,N,16.99,10.39,0.0,4.22,1.0,<Residue ARG het=  resseq=374 icode= >,1k78_B_B,2.25
326,0.896,ARG, ,CA,19.68,10.28,0.0,3.83,1.0,<Residue ARG het=  resseq=374 icode= >,1k78_B_B,2.25
327,0.0,ARG, ,C,21.64,8.88,0.0,4.99,1.0,<Residue ARG het=  resseq=374 icode= >,1k78_B_B,2.25
328,2.142,ARG, ,O,20.38,8.73,0.0,4.76,1.0,<Residue ARG het=  resseq=374 icode= >,1k78_B_B,2.25
329,2.956,ARG, ,CB,21.07,11.23,0.0,3.18,1.0,<Residue ARG het=  resseq=374 icode= >,1k78_B_B,2.25
330,10.132,ARG, ,CG,24.15,12.69,0.0,3.17,1.0,<Residue ARG het=  resseq=374 icode= >,1k78_B_B,2.25
331,0.111,ARG, ,CD,30.02,13.70,0.0,2.85,1.0,<Residue ARG het=  resseq=374 icode= >,1k78_B_B,2.25
332,0.0,ARG, ,NE,40.03,15.07,0.0,2.77,1.0,<Residue ARG het=  resseq=374 icode= >,1k78_B_B,2.25
333,3.272,ARG, ,CZ,39.56,15.87,0.0,4.48,1.0,<Residue ARG het=  resseq=374 icode= >,1k78_B_B,2.25
334,32.708,ARG, ,NH1,44.01,15.54,0.0,2.51,1.0,<Residue ARG het=  resseq=374 icode= >,1k78_B_B,2.25
335,42.572,ARG, ,NH2,36.77,17.11,0.0,2.99,1.0,<Residue ARG het=  resseq=374 icode= >,1k78_B_B,2.25
336,0.0,TRP, ,N,22.47,8.03,0.0,3.67,1.0,<Residue TRP het=  resseq=375 icode= >,1k78_B_B,2.25
337,0.0,TRP, ,CA,21.48,6.67,0.0,3.51,1.0,<Residue TRP het=  resseq=375 icode= >,1k78_B_B,2.25
338,0.0,TRP, ,C,22.36,5.99,0.0,4.86,1.0,<Residue TRP het=  resseq=375 icode= >,1k78_B_B,2.25
339,0.0,TRP, ,O,16.68,5.49,0.0,4.44,1.0,<Residue TRP het=  resseq=375 icode= >,1k78_B_B,2.25
340,0.0,TRP, ,CB,17.54,6.23,0.0,3.65,1.0,<Residue TRP het=  resseq=375 icode= >,1k78_B_B,2.25
341,0.0,TRP, ,CG,23.93,4.92,0.0,4.26,1.0,<Residue TRP het=  resseq=375 icode= >,1k78_B_B,2.25
342,0.343,TRP, ,CD1,20.32,3.92,0.21,3.51,1.0,<Residue TRP het=  resseq=375 icode= >,1k78_B_B,2.25
343,0.0,TRP, ,CD2,18.65,4.57,0.0,4.37,1.0,<Residue TRP het=  resseq=375 icode= >,1k78_B_B,2.25
344,10.847,TRP, ,NE1,22.74,2.93,10.847,3.78,1.0,<Residue TRP het=  resseq=375 icode= >,1k78_B_B,2.25
345,0.0,TRP, ,CE2,21.0,3.53,0.0,4.29,1.0,<Residue TRP het=  resseq=375 icode= >,1k78_B_B,2.25
346,0.0,TRP, ,CE3,12.4,5.43,0.0,4.23,1.0,<Residue TRP het=  resseq=375 icode= >,1k78_B_B,2.25
347,8.137,TRP, ,CZ2,15.04,3.55,8.137,4.20,1.0,<Residue TRP het=  resseq=375 icode= >,1k78_B_B,2.25
348,0.0,TRP, ,CZ3,17.75,5.43,0.0,3.73,1.0,<Residue TRP het=  resseq=375 icode= >,1k78_B_B,2.25
349,0.416,TRP, ,CH2,19.14,4.16,0.416,3.91,1.0,<Residue TRP het=  resseq=375 icode= >,1k78_B_B,2.25
350,0.0,GLY, ,N,21.05,6.39,0.0,4.01,1.0,<Residue GLY het=  resseq=376 icode= >,1k78_B_B,2.25
351,3.239,GLY, ,CA,23.97,6.29,0.0,3.01,1.0,<Residue GLY het=  resseq=376 icode= >,1k78_B_B,2.25
352,2.569,GLY, ,C,27.29,7.02,0.0,4.81,1.0,<Residue GLY het=  resseq=376 icode= >,1k78_B_B,2.25
353,0.745,GLY, ,O,23.94,6.85,0.0,3.61,1.0,<Residue GLY het=  resseq=376 icode= >,1k78_B_B,2.25
354,1.013,LYS, ,N,25.71,8.10,0.0,4.11,1.0,<Residue LYS het=  resseq=377 icode= >,1k78_B_B,2.25
355,9.032,LYS, ,CA,28.42,9.04,0.0,3.00,1.0,<Residue LYS het=  resseq=377 icode= >,1k78_B_B,2.25
356,0.0,LYS, ,C,27.84,8.68,0.0,4.84,1.0,<Residue LYS het=  resseq=377 icode= >,1k78_B_B,2.25
357,14.219,LYS, ,O,24.92,9.11,0.0,3.73,1.0,<Residue LYS het=  resseq=377 icode= >,1k78_B_B,2.25
358,8.368,LYS, ,CB,37.04,10.37,0.0,2.27,1.0,<Residue LYS het=  resseq=377 icode= >,1k78_B_B,2.25
359,18.595,LYS, ,CG,47.83,11.49,0.0,1.34,1.0,<Residue LYS het=  resseq=377 icode= >,1k78_B_B,2.25
360,26.053,LYS, ,CD,57.73,12.75,0.0,0.28,1.0,<Residue LYS het=  resseq=377 icode= >,1k78_B_B,2.25
361,45.085,LYS, ,CE,59.7,13.80,0.0,0.50,1.0,<Residue LYS het=  resseq=377 icode= >,1k78_B_B,2.25
362,48.531,LYS, ,NZ,58.44,15.02,0.0,0.59,1.0,<Residue LYS het=  resseq=377 icode= >,1k78_B_B,2.25
363,0.272,ARG,x,N,27.1,8.16,0.0,3.99,0.5,<Residue ARG het=  resseq=378 icode= >,1k78_B_B,2.25
364,5.211,ARG,x,CA,28.45,8.14,0.0,3.85,0.5,<Residue ARG het=  resseq=378 icode= >,1k78_B_B,2.25
365,0.0,ARG,x,C,27.59,7.32,0.0,4.65,0.5,<Residue ARG het=  resseq=378 icode= >,1k78_B_B,2.25
366,21.094,ARG,x,O,27.37,7.94,14.217,3.60,0.5,<Residue ARG het=  resseq=378 icode= >,1k78_B_B,2.25
367,2.12,ARG,x,CB,30.26,8.00,0.0,3.21,0.5,<Residue ARG het=  resseq=378 icode= >,1k78_B_B,2.25
368,0.018,ARG,x,CG,35.94,8.38,0.0,2.69,0.5,<Residue ARG het=  resseq=378 icode= >,1k78_B_B,2.25
369,21.633,ARG,x,CD,38.3,9.76,7.874,2.87,0.5,<Residue ARG het=  resseq=378 icode= >,1k78_B_B,2.25
370,14.231,ARG,x,NE,46.25,10.35,9.944,2.04,0.5,<Residue ARG het=  resseq=378 icode= >,1k78_B_B,2.25
371,4.494,ARG,x,CZ,48.72,10.71,4.494,2.40,0.5,<Residue ARG het=  resseq=378 icode= >,1k78_B_B,2.25
372,8.662,ARG,x,NH1,41.19,10.92,1.95,1.74,0.5,<Residue ARG het=  resseq=378 icode= >,1k78_B_B,2.25
373,32.165,ARG,x,NH2,49.3,10.80,16.305,1.17,0.5,<Residue ARG het=  resseq=378 icode= >,1k78_B_B,2.25
374,0.0,LYS, ,N,25.04,6.13,0.0,3.96,1.0,<Residue LYS het=  resseq=379 icode= >,1k78_B_B,2.25
375,3.378,LYS, ,CA,28.44,5.52,3.378,3.40,1.0,<Residue LYS het=  resseq=379 icode= >,1k78_B_B,2.25
376,2.274,LYS, ,C,32.2,6.15,2.274,3.71,1.0,<Residue LYS het=  resseq=379 icode= >,1k78_B_B,2.25
377,10.006,LYS, ,O,29.21,6.12,5.156,3.19,1.0,<Residue LYS het=  resseq=379 icode= >,1k78_B_B,2.25
378,1.48,LYS, ,CB,28.32,3.99,1.231,2.93,1.0,<Residue LYS het=  resseq=379 icode= >,1k78_B_B,2.25
379,0.556,LYS, ,CG,24.71,3.69,0.556,2.91,1.0,<Residue LYS het=  resseq=379 icode= >,1k78_B_B,2.25
380,5.626,LYS, ,CD,19.9,4.40,3.195,3.17,1.0,<Residue LYS het=  resseq=379 icode= >,1k78_B_B,2.25
381,32.17,LYS, ,CE,25.53,4.03,3.484,2.87,1.0,<Residue LYS het=  resseq=379 icode= >,1k78_B_B,2.25
382,30.312,LYS, ,NZ,23.57,2.92,23.674,3.23,1.0,<Residue LYS het=  resseq=379 icode= >,1k78_B_B,2.25
383,0.0,ASN, ,N,34.78,7.04,0.0,3.09,1.0,<Residue ASN het=  resseq=380 icode= >,1k78_B_B,2.25
384,4.898,ASN, ,CA,33.76,7.47,0.0,3.11,1.0,<Residue ASN het=  resseq=380 icode= >,1k78_B_B,2.25
385,0.0,ASN, ,C,32.85,7.36,0.0,4.39,1.0,<Residue ASN het=  resseq=380 icode= >,1k78_B_B,2.25
386,7.353,ASN, ,O,32.67,6.65,0.0,3.11,1.0,<Residue ASN het=  resseq=380 icode= >,1k78_B_B,2.25
387,25.458,ASN, ,CB,38.98,6.23,16.982,1.94,1.0,<Residue ASN het=  resseq=380 icode= >,1k78_B_B,2.25
388,5.946,ASN, ,CG,52.25,6.05,4.74,1.92,1.0,<Residue ASN het=  resseq=380 icode= >,1k78_B_B,2.25
389,40.625,ASN, ,OD1,54.67,5.08,22.794,1.49,1.0,<Residue ASN het=  resseq=380 icode= >,1k78_B_B,2.25
390,33.876,ASN, ,ND2,48.17,7.22,2.509,1.58,1.0,<Residue ASN het=  resseq=380 icode= >,1k78_B_B,2.25
391,0.264,LYS, ,N,28.7,6.67,0.0,3.55,1.0,<Residue LYS het=  resseq=381 icode= >,1k78_B_B,2.25
392,1.02,LYS, ,CA,30.1,5.39,0.669,3.78,1.0,<Residue LYS het=  resseq=381 icode= >,1k78_B_B,2.25
393,0.033,LYS, ,C,31.83,5.59,0.0,3.90,1.0,<Residue LYS het=  resseq=381 icode= >,1k78_B_B,2.25
394,0.765,LYS, ,O,32.73,5.30,0.0,3.76,1.0,<Residue LYS het=  resseq=381 icode= >,1k78_B_B,2.25
395,4.865,LYS, ,CB,29.33,4.70,4.76,2.67,1.0,<Residue LYS het=  resseq=381 icode= >,1k78_B_B,2.25
396,5.359,LYS, ,CG,35.27,4.19,5.359,2.63,1.0,<Residue LYS het=  resseq=381 icode= >,1k78_B_B,2.25
397,21.887,LYS, ,CD,31.86,4.15,14.228,3.08,1.0,<Residue LYS het=  resseq=381 icode= >,1k78_B_B,2.25
398,27.09,LYS, ,CE,40.38,3.89,12.427,2.15,1.0,<Residue LYS het=  resseq=381 icode= >,1k78_B_B,2.25
399,48.769,LYS, ,NZ,46.92,3.96,35.833,1.47,1.0,<Residue LYS het=  resseq=381 icode= >,1k78_B_B,2.25
400,0.431,PRO, ,N,32.5,5.97,0.0,3.63,1.0,<Residue PRO het=  resseq=382 icode= >,1k78_B_B,2.25
401,13.099,PRO, ,CA,33.22,6.67,0.0,3.24,1.0,<Residue PRO het=  resseq=382 icode= >,1k78_B_B,2.25
402,0.289,PRO, ,C,29.73,6.17,0.0,4.73,1.0,<Residue PRO het=  resseq=382 icode= >,1k78_B_B,2.25
403,25.98,PRO, ,O,30.72,6.88,0.0,3.37,1.0,<Residue PRO het=  resseq=382 icode= >,1k78_B_B,2.25
404,26.831,PRO, ,CB,38.93,7.06,0.0,2.12,1.0,<Residue PRO het=  resseq=382 icode= >,1k78_B_B,2.25
405,37.237,PRO, ,CG,43.57,7.30,0.0,1.25,1.0,<Residue PRO het=  resseq=382 icode= >,1k78_B_B,2.25
406,15.875,PRO, ,CD,32.88,6.19,0.0,2.73,1.0,<Residue PRO het=  resseq=382 icode= >,1k78_B_B,2.25
407,0.766,LYS, ,N,26.99,4.96,0.732,3.32,1.0,<Residue LYS het=  resseq=383 icode= >,1k78_B_B,2.25
408,3.667,LYS, ,CA,26.13,4.59,0.0,3.18,1.0,<Residue LYS het=  resseq=383 icode= >,1k78_B_B,2.25
409,1.241,LYS, ,C,24.31,3.98,0.568,5.21,1.0,<Residue LYS het=  resseq=383 icode= >,1k78_B_B,2.25
410,3.358,LYS, ,O,20.81,4.04,0.0,4.62,1.0,<Residue LYS het=  resseq=383 icode= >,1k78_B_B,2.25
411,16.984,LYS, ,CB,29.43,4.16,9.057,2.35,1.0,<Residue LYS het=  resseq=383 icode= >,1k78_B_B,2.25
412,25.878,LYS, ,CG,40.92,4.58,4.432,1.79,1.0,<Residue LYS het=  resseq=383 icode= >,1k78_B_B,2.25
413,18.967,LYS, ,CD,43.75,6.10,0.0,1.74,1.0,<Residue LYS het=  resseq=383 icode= >,1k78_B_B,2.25
414,40.422,LYS, ,CE,51.88,6.85,0.0,1.48,1.0,<Residue LYS het=  resseq=383 icode= >,1k78_B_B,2.25
415,48.135,LYS, ,NZ,50.09,8.31,0.0,1.12,1.0,<Residue LYS het=  resseq=383 icode= >,1k78_B_B,2.25
416,0.865,MET, ,N,22.7,4.04,0.56,3.37,1.0,<Residue MET het=  resseq=384 icode= >,1k78_B_B,2.25
417,0.223,MET, ,CA,25.91,4.19,0.223,3.23,1.0,<Residue MET het=  resseq=384 icode= >,1k78_B_B,2.25
418,0.0,MET, ,C,19.89,5.42,0.0,5.52,1.0,<Residue MET het=  resseq=384 icode= >,1k78_B_B,2.25
419,17.039,MET, ,O,22.89,6.30,0.0,4.02,1.0,<Residue MET het=  resseq=384 icode= >,1k78_B_B,2.25
420,0.596,MET, ,CB,20.36,4.86,0.0,2.31,1.0,<Residue MET het=  resseq=384 icode= >,1k78_B_B,2.25
421,0.0,MET, ,CG,19.23,5.51,0.0,2.55,1.0,<Residue MET het=  resseq=384 icode= >,1k78_B_B,2.25
422,0.146,MET, ,SD,1.0,4.41,0.146,17.37,1.0,<Residue MET het=  resseq=384 icode= >,1k78_B_B,2.25
423,26.144,MET, ,CE,12.55,3.62,25.793,4.80,1.0,<Residue MET het=  resseq=384 icode= >,1k78_B_B,2.25
424,0.0,ASN, ,N,17.32,5.75,0.0,4.95,1.0,<Residue ASN het=  resseq=385 icode= >,1k78_B_B,2.25
425,4.648,ASN, ,CA,19.57,7.10,0.0,3.58,1.0,<Residue ASN het=  resseq=385 icode= >,1k78_B_B,2.25
426,0.0,ASN, ,C,17.43,7.74,0.0,5.25,1.0,<Residue ASN het=  resseq=385 icode= >,1k78_B_B,2.25
427,0.0,ASN, ,O,12.39,7.26,0.0,5.27,1.0,<Residue ASN het=  resseq=385 icode= >,1k78_B_B,2.25
428,25.479,ASN, ,CB,18.53,7.30,0.0,3.27,1.0,<Residue ASN het=  resseq=385 icode= >,1k78_B_B,2.25
429,0.935,ASN, ,CG,23.5,6.71,0.0,5.27,1.0,<Residue ASN het=  resseq=385 icode= >,1k78_B_B,2.25
430,0.0,ASN, ,OD1,21.26,6.61,0.0,3.58,1.0,<Residue ASN het=  resseq=385 icode= >,1k78_B_B,2.25
431,34.409,ASN, ,ND2,15.48,6.73,0.0,3.79,1.0,<Residue ASN het=  resseq=385 icode= >,1k78_B_B,2.25
432,2.771,TYR,x,N,22.61,9.03,0.0,4.40,0.5,<Residue TYR het=  resseq=386 icode= >,1k78_B_B,2.25
433,0.0,TYR,x,CA,21.54,9.69,0.0,3.97,0.5,<Residue TYR het=  resseq=386 icode= >,1k78_B_B,2.25
434,0.0,TYR,x,C,21.43,8.63,0.0,4.89,0.5,<Residue TYR het=  resseq=386 icode= >,1k78_B_B,2.25
435,0.0,TYR,x,O,15.26,8.42,0.0,4.66,0.5,<Residue TYR het=  resseq=386 icode= >,1k78_B_B,2.25
436,5.052,TYR,x,CB,24.33,9.15,0.0,2.92,0.5,<Residue TYR het=  resseq=386 icode= >,1k78_B_B,2.25
437,0.0,TYR,x,CG,30.97,7.72,0.0,3.25,0.5,<Residue TYR het=  resseq=386 icode= >,1k78_B_B,2.25
438,0.173,TYR,x,CD1,31.56,7.59,0.0,3.88,0.5,<Residue TYR het=  resseq=386 icode= >,1k78_B_B,2.25
439,15.609,TYR,x,CD2,31.82,6.70,0.0,2.04,0.5,<Residue TYR het=  resseq=386 icode= >,1k78_B_B,2.25
440,0.937,TYR,x,CE1,36.55,6.44,0.0,3.17,0.5,<Residue TYR het=  resseq=386 icode= >,1k78_B_B,2.25
441,12.18,TYR,x,CE2,36.54,5.36,0.384,1.36,0.5,<Residue TYR het=  resseq=386 icode= >,1k78_B_B,2.25
442,0.116,TYR,x,CZ,35.48,5.21,0.0,2.42,0.5,<Residue TYR het=  resseq=386 icode= >,1k78_B_B,2.25
443,15.296,TYR,x,OH,37.83,4.11,7.547,1.55,0.5,<Residue TYR het=  resseq=386 icode= >,1k78_B_B,2.25
444,1.014,GLU,x,N,19.8,8.21,0.0,4.01,0.5,<Residue GLU het=  resseq=387 icode= >,1k78_B_B,2.25
445,0.0,GLU,x,CA,22.76,7.40,0.0,3.71,0.5,<Residue GLU het=  resseq=387 icode= >,1k78_B_B,2.25
446,1.012,GLU,x,C,21.26,5.99,0.0,5.20,0.5,<Residue GLU het=  resseq=387 icode= >,1k78_B_B,2.25
447,2.298,GLU,x,O,21.87,5.67,0.0,4.23,0.5,<Residue GLU het=  resseq=387 icode= >,1k78_B_B,2.25
448,8.793,GLU,x,CB,32.4,6.97,0.0,2.56,0.5,<Residue GLU het=  resseq=387 icode= >,1k78_B_B,2.25
449,34.361,GLU,x,CG,43.17,7.10,0.0,0.92,0.5,<Residue GLU het=  resseq=387 icode= >,1k78_B_B,2.25
450,9.751,GLU,x,CD,52.03,6.29,0.0,1.59,0.5,<Residue GLU het=  resseq=387 icode= >,1k78_B_B,2.25
451,29.756,GLU,x,OE1,54.63,6.06,0.0,1.17,0.5,<Residue GLU het=  resseq=387 icode= >,1k78_B_B,2.25
452,34.035,GLU,x,OE2,54.69,5.06,6.869,1.28,0.5,<Residue GLU het=  resseq=387 icode= >,1k78_B_B,2.25
453,0.0,LYS, ,N,22.39,5.43,0.0,4.12,1.0,<Residue LYS het=  resseq=388 icode= >,1k78_B_B,2.25
454,0.542,LYS, ,CA,20.69,4.19,0.237,3.25,1.0,<Residue LYS het=  resseq=388 icode= >,1k78_B_B,2.25
455,0.0,LYS, ,C,19.62,4.65,0.0,5.45,1.0,<Residue LYS het=  resseq=388 icode= >,1k78_B_B,2.25
456,6.516,LYS, ,O,21.69,4.16,5.06,4.47,1.0,<Residue LYS het=  resseq=388 icode= >,1k78_B_B,2.25
457,4.83,LYS, ,CB,17.74,4.05,4.561,3.72,1.0,<Residue LYS het=  resseq=388 icode= >,1k78_B_B,2.25
458,22.334,LYS, ,CG,22.68,3.87,15.02,3.51,1.0,<Residue LYS het=  resseq=388 icode= >,1k78_B_B,2.25
459,29.859,LYS, ,CD,26.02,3.49,28.646,2.69,1.0,<Residue LYS het=  resseq=388 icode= >,1k78_B_B,2.25
460,5.974,LYS, ,CE,25.12,3.54,1.354,2.63,1.0,<Residue LYS het=  resseq=388 icode= >,1k78_B_B,2.25
461,21.386,LYS, ,NZ,21.74,2.95,15.306,2.42,1.0,<Residue LYS het=  resseq=388 icode= >,1k78_B_B,2.25
462,0.0,LEU,x,N,17.39,5.71,0.0,4.03,0.5,<Residue LEU het=  resseq=389 icode= >,1k78_B_B,2.25
463,1.019,LEU,x,CA,20.42,5.52,1.0,3.14,0.5,<Residue LEU het=  resseq=389 icode= >,1k78_B_B,2.25
464,0.0,LEU,x,C,16.08,6.40,0.0,5.39,0.5,<Residue LEU het=  resseq=389 icode= >,1k78_B_B,2.25
465,0.0,LEU,x,O,20.18,6.28,0.0,5.04,0.5,<Residue LEU het=  resseq=389 icode= >,1k78_B_B,2.25
466,0.0,LEU,x,CB,16.26,6.38,0.0,3.54,0.5,<Residue LEU het=  resseq=389 icode= >,1k78_B_B,2.25
467,0.0,LEU,x,CG,24.04,6.59,0.0,4.24,0.5,<Residue LEU het=  resseq=389 icode= >,1k78_B_B,2.25
468,0.0,LEU,x,CD1,21.67,7.35,0.0,2.10,0.5,<Residue LEU het=  resseq=389 icode= >,1k78_B_B,2.25
469,0.0,LEU,x,CD2,20.38,7.63,0.0,1.73,0.5,<Residue LEU het=  resseq=389 icode= >,1k78_B_B,2.25
470,0.0,SER, ,N,13.68,7.27,0.0,4.59,1.0,<Residue SER het=  resseq=390 icode= >,1k78_B_B,2.25
471,0.025,SER, ,CA,20.09,7.56,0.0,4.46,1.0,<Residue SER het=  resseq=390 icode= >,1k78_B_B,2.25
472,0.0,SER, ,C,25.91,7.03,0.0,3.80,1.0,<Residue SER het=  resseq=390 icode= >,1k78_B_B,2.25
473,0.592,SER, ,O,21.32,6.16,0.0,4.48,1.0,<Residue SER het=  resseq=390 icode= >,1k78_B_B,2.25
474,9.173,SER, ,CB,23.0,6.93,0.0,4.22,1.0,<Residue SER het=  resseq=390 icode= >,1k78_B_B,2.25
475,0.093,SER, ,OG,46.03,6.48,0.0,1.75,1.0,<Residue SER het=  resseq=390 icode= >,1k78_B_B,2.25
476,0.0,ARG, ,N,19.33,5.74,0.0,3.36,1.0,<Residue ARG het=  resseq=391 icode= >,1k78_B_B,2.25
477,0.0,ARG, ,CA,22.94,5.19,0.0,3.29,1.0,<Residue ARG het=  resseq=391 icode= >,1k78_B_B,2.25
478,0.0,ARG, ,C,20.95,5.37,0.0,5.04,1.0,<Residue ARG het=  resseq=391 icode= >,1k78_B_B,2.25
479,0.0,ARG, ,O,18.62,5.74,0.0,5.13,1.0,<Residue ARG het=  resseq=391 icode= >,1k78_B_B,2.25
480,6.769,ARG, ,CB,14.31,3.89,4.184,3.65,1.0,<Residue ARG het=  resseq=391 icode= >,1k78_B_B,2.25
481,28.177,ARG, ,CG,23.03,3.36,26.364,2.29,1.0,<Residue ARG het=  resseq=391 icode= >,1k78_B_B,2.25
482,10.643,ARG, ,CD,16.95,3.41,10.643,3.27,1.0,<Residue ARG het=  resseq=391 icode= >,1k78_B_B,2.25
483,18.709,ARG, ,NE,15.38,2.92,18.709,4.73,1.0,<Residue ARG het=  resseq=391 icode= >,1k78_B_B,2.25
484,6.657,ARG, ,CZ,23.12,3.59,5.051,5.15,1.0,<Residue ARG het=  resseq=391 icode= >,1k78_B_B,2.25
485,3.059,ARG, ,NH1,16.4,3.93,2.06,3.64,1.0,<Residue ARG het=  resseq=391 icode= >,1k78_B_B,2.25
486,56.274,ARG, ,NH2,19.83,2.99,43.557,3.59,1.0,<Residue ARG het=  resseq=391 icode= >,1k78_B_B,2.25
487,0.13,GLY, ,N,14.43,5.32,0.13,4.89,1.0,<Residue GLY het=  resseq=392 icode= >,1k78_B_B,2.25
488,19.959,GLY, ,CA,18.18,5.37,13.39,3.11,1.0,<Residue GLY het=  resseq=392 icode= >,1k78_B_B,2.25
489,0.0,GLY, ,C,20.27,5.85,0.0,5.42,1.0,<Residue GLY het=  resseq=392 icode= >,1k78_B_B,2.25
490,0.519,GLY, ,O,18.45,5.43,0.519,4.81,1.0,<Residue GLY het=  resseq=392 icode= >,1k78_B_B,2.25
491,0.0,LEU, ,N,14.06,7.04,0.0,4.51,1.0,<Residue LEU het=  resseq=393 icode= >,1k78_B_B,2.25
492,0.0,LEU, ,CA,18.86,7.87,0.0,3.52,1.0,<Residue LEU het=  resseq=393 icode= >,1k78_B_B,2.25
493,0.0,LEU, ,C,20.87,7.01,0.0,5.23,1.0,<Residue LEU het=  resseq=393 icode= >,1k78_B_B,2.25
494,0.0,LEU, ,O,17.43,7.35,0.0,5.19,1.0,<Residue LEU het=  resseq=393 icode= >,1k78_B_B,2.25
495,0.0,LEU, ,CB,15.28,7.37,0.0,3.63,1.0,<Residue LEU het=  resseq=393 icode= >,1k78_B_B,2.25
496,0.0,LEU, ,CG,18.36,8.60,0.0,4.32,1.0,<Residue LEU het=  resseq=393 icode= >,1k78_B_B,2.25
497,0.58,LEU, ,CD1,19.42,8.45,0.0,3.06,1.0,<Residue LEU het=  resseq=393 icode= >,1k78_B_B,2.25
498,0.0,LEU, ,CD2,17.73,8.54,0.0,3.64,1.0,<Residue LEU het=  resseq=393 icode= >,1k78_B_B,2.25
499,0.0,ARG, ,N,17.38,6.21,0.0,4.52,1.0,<Residue ARG het=  resseq=394 icode= >,1k78_B_B,2.25
500,0.0,ARG, ,CA,16.71,5.65,0.0,4.03,1.0,<Residue ARG het=  resseq=394 icode= >,1k78_B_B,2.25
501,0.043,ARG, ,C,19.19,5.87,0.0,5.08,1.0,<Residue ARG het=  resseq=394 icode= >,1k78_B_B,2.25
502,9.579,ARG, ,O,19.02,4.99,1.086,4.75,1.0,<Residue ARG het=  resseq=394 icode= >,1k78_B_B,2.25
503,4.479,ARG, ,CB,15.41,4.47,3.986,3.76,1.0,<Residue ARG het=  resseq=394 icode= >,1k78_B_B,2.25
504,2.727,ARG, ,CG,16.47,3.82,1.043,3.83,1.0,<Residue ARG het=  resseq=394 icode= >,1k78_B_B,2.25
505,30.626,ARG, ,CD,17.63,3.54,30.626,4.31,1.0,<Residue ARG het=  resseq=394 icode= >,1k78_B_B,2.25
506,10.106,ARG, ,NE,11.71,2.88,10.106,3.55,1.0,<Residue ARG het=  resseq=394 icode= >,1k78_B_B,2.25
507,3.942,ARG, ,CZ,19.05,3.36,3.942,5.05,1.0,<Residue ARG het=  resseq=394 icode= >,1k78_B_B,2.25
508,24.871,ARG, ,NH1,12.09,3.88,12.617,3.49,1.0,<Residue ARG het=  resseq=394 icode= >,1k78_B_B,2.25
509,30.023,ARG, ,NH2,12.62,2.82,25.899,3.50,1.0,<Residue ARG het=  resseq=394 icode= >,1k78_B_B,2.25
510,0.0,TYR, ,N,18.76,6.30,0.0,3.66,1.0,<Residue TYR het=  resseq=395 icode= >,1k78_B_B,2.25
511,5.283,TYR, ,CA,17.01,6.83,0.0,3.78,1.0,<Residue TYR het=  resseq=395 icode= >,1k78_B_B,2.25
512,0.053,TYR, ,C,22.73,7.38,0.0,4.54,1.0,<Residue TYR het=  resseq=395 icode= >,1k78_B_B,2.25
513,0.368,TYR, ,O,18.58,7.39,0.0,4.90,1.0,<Residue TYR het=  resseq=395 icode= >,1k78_B_B,2.25
514,5.362,TYR, ,CB,14.3,5.95,0.0,3.61,1.0,<Residue TYR het=  resseq=395 icode= >,1k78_B_B,2.25
515,2.318,TYR, ,CG,22.26,5.12,0.989,3.89,1.0,<Residue TYR het=  resseq=395 icode= >,1k78_B_B,2.25
516,6.824,TYR, ,CD1,14.72,4.23,6.824,4.69,1.0,<Residue TYR het=  resseq=395 icode= >,1k78_B_B,2.25
517,18.946,TYR, ,CD2,16.64,4.21,5.595,4.33,1.0,<Residue TYR het=  resseq=395 icode= >,1k78_B_B,2.25
518,14.21,TYR, ,CE1,19.24,3.77,14.21,3.71,1.0,<Residue TYR het=  resseq=395 icode= >,1k78_B_B,2.25
519,20.863,TYR, ,CE2,21.02,3.52,15.97,3.61,1.0,<Residue TYR het=  resseq=395 icode= >,1k78_B_B,2.25
520,4.761,TYR, ,CZ,18.45,3.94,4.761,4.75,1.0,<Residue TYR het=  resseq=395 icode= >,1k78_B_B,2.25
521,35.981,TYR, ,OH,22.78,3.87,31.636,4.48,1.0,<Residue TYR het=  resseq=395 icode= >,1k78_B_B,2.25
522,0.0,TYR, ,N,19.36,7.47,0.0,4.59,1.0,<Residue TYR het=  resseq=396 icode= >,1k78_B_B,2.25
523,0.0,TYR, ,CA,25.51,7.64,0.0,3.31,1.0,<Residue TYR het=  resseq=396 icode= >,1k78_B_B,2.25
524,0.0,TYR, ,C,24.42,7.91,0.0,4.19,1.0,<Residue TYR het=  resseq=396 icode= >,1k78_B_B,2.25
525,0.0,TYR, ,O,26.19,8.59,0.0,3.74,1.0,<Residue TYR het=  resseq=396 icode= >,1k78_B_B,2.25
526,0.0,TYR, ,CB,13.0,7.27,0.0,3.80,1.0,<Residue TYR het=  resseq=396 icode= >,1k78_B_B,2.25
527,0.0,TYR, ,CG,16.85,5.85,0.0,4.45,1.0,<Residue TYR het=  resseq=396 icode= >,1k78_B_B,2.25
528,0.0,TYR, ,CD1,21.29,4.82,0.0,4.12,1.0,<Residue TYR het=  resseq=396 icode= >,1k78_B_B,2.25
529,0.0,TYR, ,CD2,19.85,5.82,0.0,3.68,1.0,<Residue TYR het=  resseq=396 icode= >,1k78_B_B,2.25
530,5.314,TYR, ,CE1,18.13,3.51,5.314,3.67,1.0,<Residue TYR het=  resseq=396 icode= >,1k78_B_B,2.25
531,0.0,TYR, ,CE2,20.54,4.79,0.0,3.91,1.0,<Residue TYR het=  resseq=396 icode= >,1k78_B_B,2.25
532,1.818,TYR, ,CZ,22.35,3.50,1.818,5.34,1.0,<Residue TYR het=  resseq=396 icode= >,1k78_B_B,2.25
533,4.746,TYR, ,OH,17.37,2.67,4.746,4.34,1.0,<Residue TYR het=  resseq=396 icode= >,1k78_B_B,2.25
534,0.0,TYR, ,N,20.78,6.65,0.0,3.98,1.0,<Residue TYR het=  resseq=397 icode= >,1k78_B_B,2.25
535,0.0,TYR, ,CA,26.63,6.05,0.0,3.64,1.0,<Residue TYR het=  resseq=397 icode= >,1k78_B_B,2.25
536,1.112,TYR, ,C,26.13,6.48,0.0,4.51,1.0,<Residue TYR het=  resseq=397 icode= >,1k78_B_B,2.25
537,2.163,TYR, ,O,30.7,7.26,0.0,3.43,1.0,<Residue TYR het=  resseq=397 icode= >,1k78_B_B,2.25
538,16.348,TYR, ,CB,22.17,4.57,4.177,2.96,1.0,<Residue TYR het=  resseq=397 icode= >,1k78_B_B,2.25
539,1.194,TYR, ,CG,25.93,4.54,0.0,3.59,1.0,<Residue TYR het=  resseq=397 icode= >,1k78_B_B,2.25
540,0.224,TYR, ,CD1,17.16,5.85,0.0,3.65,1.0,<Residue TYR het=  resseq=397 icode= >,1k78_B_B,2.25
541,23.136,TYR, ,CD2,16.44,3.57,14.643,3.82,1.0,<Residue TYR het=  resseq=397 icode= >,1k78_B_B,2.25
542,0.0,TYR, ,CE1,24.61,5.01,0.0,3.50,1.0,<Residue TYR het=  resseq=397 icode= >,1k78_B_B,2.25
543,20.895,TYR, ,CE2,22.35,3.61,17.637,3.86,1.0,<Residue TYR het=  resseq=397 icode= >,1k78_B_B,2.25
544,0.176,TYR, ,CZ,19.0,3.67,0.0,5.12,1.0,<Residue TYR het=  resseq=397 icode= >,1k78_B_B,2.25
545,3.151,TYR, ,OH,23.89,2.74,2.68,4.99,1.0,<Residue TYR het=  resseq=397 icode= >,1k78_B_B,2.25
546,0.123,ASP, ,N,28.23,6.33,0.0,4.17,1.0,<Residue ASP het=  resseq=398 icode= >,1k78_B_B,2.25
547,5.611,ASP, ,CA,35.34,7.13,0.0,2.91,1.0,<Residue ASP het=  resseq=398 icode= >,1k78_B_B,2.25
548,0.0,ASP, ,C,38.21,8.58,0.0,3.33,1.0,<Residue ASP het=  resseq=398 icode= >,1k78_B_B,2.25
549,23.115,ASP, ,O,35.37,9.41,1.071,2.65,1.0,<Residue ASP het=  resseq=398 icode= >,1k78_B_B,2.25
550,34.565,ASP, ,CB,36.1,6.73,5.459,2.30,1.0,<Residue ASP het=  resseq=398 icode= >,1k78_B_B,2.25
551,9.754,ASP, ,CG,43.1,6.45,7.008,3.21,1.0,<Residue ASP het=  resseq=398 icode= >,1k78_B_B,2.25
552,1.629,ASP, ,OD1,48.4,7.09,1.629,1.81,1.0,<Residue ASP het=  resseq=398 icode= >,1k78_B_B,2.25
553,39.78,ASP, ,OD2,48.82,5.21,24.416,1.76,1.0,<Residue ASP het=  resseq=398 icode= >,1k78_B_B,2.25
554,0.0,LYS, ,N,36.02,9.03,0.0,2.74,1.0,<Residue LYS het=  resseq=399 icode= >,1k78_B_B,2.25
555,6.063,LYS, ,CA,34.21,9.37,2.859,3.62,1.0,<Residue LYS het=  resseq=399 icode= >,1k78_B_B,2.25
556,1.892,LYS, ,C,35.64,10.16,0.0,4.20,1.0,<Residue LYS het=  resseq=399 icode= >,1k78_B_B,2.25
557,15.365,LYS, ,O,36.03,9.89,2.653,3.10,1.0,<Residue LYS het=  resseq=399 icode= >,1k78_B_B,2.25
558,3.471,LYS, ,CB,36.38,8.16,3.471,2.73,1.0,<Residue LYS het=  resseq=399 icode= >,1k78_B_B,2.25
559,0.472,LYS, ,CG,37.72,7.74,0.472,2.33,1.0,<Residue LYS het=  resseq=399 icode= >,1k78_B_B,2.25
560,24.228,LYS, ,CD,36.52,7.01,24.182,2.37,1.0,<Residue LYS het=  resseq=399 icode= >,1k78_B_B,2.25
561,25.134,LYS, ,CE,32.06,6.39,19.907,3.28,1.0,<Residue LYS het=  resseq=399 icode= >,1k78_B_B,2.25
562,10.309,LYS, ,NZ,24.58,6.64,0.532,3.11,1.0,<Residue LYS het=  resseq=399 icode= >,1k78_B_B,2.25
563,0.0,ASN, ,N,37.4,10.44,0.0,3.32,1.0,<Residue ASN het=  resseq=400 icode= >,1k78_B_B,2.25
564,0.0,ASN, ,CA,38.63,11.21,0.0,2.91,1.0,<Residue ASN het=  resseq=400 icode= >,1k78_B_B,2.25
565,0.0,ASN, ,C,40.9,10.83,0.0,3.53,1.0,<Residue ASN het=  resseq=400 icode= >,1k78_B_B,2.25
566,7.127,ASN, ,O,33.05,11.20,0.0,3.54,1.0,<Residue ASN het=  resseq=400 icode= >,1k78_B_B,2.25
567,19.674,ASN, ,CB,50.09,12.05,0.0,1.26,1.0,<Residue ASN het=  resseq=400 icode= >,1k78_B_B,2.25
568,5.311,ASN, ,CG,59.03,11.39,0.0,1.15,1.0,<Residue ASN het=  resseq=400 icode= >,1k78_B_B,2.25
569,14.201,ASN, ,OD1,62.1,10.31,0.0,0.96,1.0,<Residue ASN het=  resseq=400 icode= >,1k78_B_B,2.25
570,48.912,ASN, ,ND2,60.04,12.17,0.0,0.92,1.0,<Residue ASN het=  resseq=400 icode= >,1k78_B_B,2.25
571,0.0,ILE, ,N,32.74,9.85,0.0,3.11,1.0,<Residue ILE het=  resseq=401 icode= >,1k78_B_B,2.25
572,0.0,ILE, ,CA,29.8,9.11,0.0,3.59,1.0,<Residue ILE het=  resseq=401 icode= >,1k78_B_B,2.25
573,0.0,ILE, ,C,28.38,9.63,0.0,4.92,1.0,<Residue ILE het=  resseq=401 icode= >,1k78_B_B,2.25
574,0.0,ILE, ,O,30.4,10.15,0.0,3.49,1.0,<Residue ILE het=  resseq=401 icode= >,1k78_B_B,2.25
575,0.0,ILE, ,CB,29.18,7.59,0.0,3.67,1.0,<Residue ILE het=  resseq=401 icode= >,1k78_B_B,2.25
576,8.586,ILE, ,CG1,27.68,7.40,0.0,3.12,1.0,<Residue ILE het=  resseq=401 icode= >,1k78_B_B,2.25
577,0.0,ILE, ,CG2,30.77,6.97,0.0,2.67,1.0,<Residue ILE het=  resseq=401 icode= >,1k78_B_B,2.25
578,29.28,ILE, ,CD1,27.23,6.06,19.24,2.58,1.0,<Residue ILE het=  resseq=401 icode= >,1k78_B_B,2.25
579,0.0,ILE, ,N,20.57,9.76,0.0,4.33,1.0,<Residue ILE het=  resseq=402 icode= >,1k78_B_B,2.25
580,0.0,ILE, ,CA,18.76,10.51,0.0,4.20,1.0,<Residue ILE het=  resseq=402 icode= >,1k78_B_B,2.25
581,0.0,ILE, ,C,21.37,9.59,0.0,5.61,1.0,<Residue ILE het=  resseq=402 icode= >,1k78_B_B,2.25
582,0.0,ILE, ,O,33.87,8.85,0.0,2.42,1.0,<Residue ILE het=  resseq=402 icode= >,1k78_B_B,2.25
583,0.0,ILE, ,CB,25.02,9.72,0.0,4.11,1.0,<Residue ILE het=  resseq=402 icode= >,1k78_B_B,2.25
584,0.0,ILE, ,CG1,26.25,9.51,0.0,3.43,1.0,<Residue ILE het=  resseq=402 icode= >,1k78_B_B,2.25
585,0.0,ILE, ,CG2,22.55,9.49,0.0,3.36,1.0,<Residue ILE het=  resseq=402 icode= >,1k78_B_B,2.25
586,0.0,ILE, ,CD1,30.12,8.89,0.0,2.38,1.0,<Residue ILE het=  resseq=402 icode= >,1k78_B_B,2.25
587,0.0,HIS, ,N,18.42,9.26,0.0,4.29,1.0,<Residue HIS het=  resseq=403 icode= >,1k78_B_B,2.25
588,0.101,HIS, ,CA,26.93,8.05,0.0,3.41,1.0,<Residue HIS het=  resseq=403 icode= >,1k78_B_B,2.25
589,0.212,HIS, ,C,27.13,7.53,0.0,4.81,1.0,<Residue HIS het=  resseq=403 icode= >,1k78_B_B,2.25
590,0.0,HIS, ,O,28.73,8.42,0.0,3.09,1.0,<Residue HIS het=  resseq=403 icode= >,1k78_B_B,2.25
591,14.158,HIS, ,CB,28.66,8.57,0.0,3.20,1.0,<Residue HIS het=  resseq=403 icode= >,1k78_B_B,2.25
592,2.473,HIS, ,CG,46.98,9.04,0.0,1.83,1.0,<Residue HIS het=  resseq=403 icode= >,1k78_B_B,2.25
593,5.952,HIS, ,ND1,53.89,8.41,0.0,1.56,1.0,<Residue HIS het=  resseq=403 icode= >,1k78_B_B,2.25
594,18.327,HIS, ,CD2,54.05,10.14,0.0,1.20,1.0,<Residue HIS het=  resseq=403 icode= >,1k78_B_B,2.25
595,15.308,HIS, ,CE1,54.63,8.63,0.0,1.54,1.0,<Residue HIS het=  resseq=403 icode= >,1k78_B_B,2.25
596,17.11,HIS, ,NE2,54.59,9.83,0.0,1.76,1.0,<Residue HIS het=  resseq=403 icode= >,1k78_B_B,2.25
597,3.433,LYS, ,N,22.49,6.28,0.0,4.59,1.0,<Residue LYS het=  resseq=404 icode= >,1k78_B_B,2.25
598,0.0,LYS, ,CA,25.01,6.03,0.0,3.71,1.0,<Residue LYS het=  resseq=404 icode= >,1k78_B_B,2.25
599,1.165,LYS, ,C,29.78,6.28,0.0,3.61,1.0,<Residue LYS het=  resseq=404 icode= >,1k78_B_B,2.25
600,20.294,LYS, ,O,29.1,5.84,0.0,2.59,1.0,<Residue LYS het=  resseq=404 icode= >,1k78_B_B,2.25
601,4.371,LYS, ,CB,24.83,4.79,2.158,2.85,1.0,<Residue LYS het=  resseq=404 icode= >,1k78_B_B,2.25
602,1.431,LYS, ,CG,25.92,4.90,0.017,3.20,1.0,<Residue LYS het=  resseq=404 icode= >,1k78_B_B,2.25
603,9.322,LYS, ,CD,31.71,3.58,8.412,2.12,1.0,<Residue LYS het=  resseq=404 icode= >,1k78_B_B,2.25
604,39.509,LYS, ,CE,36.74,3.96,29.515,2.39,1.0,<Residue LYS het=  resseq=404 icode= >,1k78_B_B,2.25
605,11.349,LYS, ,NZ,28.45,3.49,7.923,2.93,1.0,<Residue LYS het=  resseq=404 icode= >,1k78_B_B,2.25
606,0.138,THR, ,N,25.34,7.31,0.0,2.83,1.0,<Residue THR het=  resseq=405 icode= >,1k78_B_B,2.25
607,6.766,THR, ,CA,25.37,7.99,0.0,3.64,1.0,<Residue THR het=  resseq=405 icode= >,1k78_B_B,2.25
608,0.0,THR, ,C,28.46,7.44,0.0,5.46,1.0,<Residue THR het=  resseq=405 icode= >,1k78_B_B,2.25
609,0.021,THR, ,O,24.44,7.08,0.0,3.61,1.0,<Residue THR het=  resseq=405 icode= >,1k78_B_B,2.25
610,0.021,THR, ,CB,29.18,9.41,0.0,3.67,1.0,<Residue THR het=  resseq=405 icode= >,1k78_B_B,2.25
611,1.591,THR, ,OG1,30.1,10.08,0.0,3.25,1.0,<Residue THR het=  resseq=405 icode= >,1k78_B_B,2.25
612,19.431,THR, ,CG2,25.11,10.33,0.0,2.56,1.0,<Residue THR het=  resseq=405 icode= >,1k78_B_B,2.25
613,4.657,ALA, ,N,34.11,7.45,0.0,2.92,1.0,<Residue ALA het=  resseq=406 icode= >,1k78_B_B,2.25
614,6.937,ALA, ,CA,33.54,7.32,0.0,2.68,1.0,<Residue ALA het=  resseq=406 icode= >,1k78_B_B,2.25
615,1.41,ALA, ,C,32.35,8.18,0.0,4.38,1.0,<Residue ALA het=  resseq=406 icode= >,1k78_B_B,2.25
616,10.741,ALA, ,O,35.2,9.07,0.0,2.77,1.0,<Residue ALA het=  resseq=406 icode= >,1k78_B_B,2.25
617,66.455,ALA, ,CB,37.98,7.38,0.0,1.08,1.0,<Residue ALA het=  resseq=406 icode= >,1k78_B_B,2.25
618,11.931,GLY, ,N,30.35,7.49,0.0,3.80,1.0,<Residue GLY het=  resseq=407 icode= >,1k78_B_B,2.25
619,40.617,GLY, ,CA,38.54,7.91,0.0,1.96,1.0,<Residue GLY het=  resseq=407 icode= >,1k78_B_B,2.25
620,4.843,GLY, ,C,41.56,7.46,0.0,3.12,1.0,<Residue GLY het=  resseq=407 icode= >,1k78_B_B,2.25
621,29.928,GLY, ,O,42.89,8.02,0.0,1.76,1.0,<Residue GLY het=  resseq=407 icode= >,1k78_B_B,2.25
622,0.682,LYS, ,N,37.35,6.74,0.0,2.99,1.0,<Residue LYS het=  resseq=408 icode= >,1k78_B_B,2.25
623,7.88,LYS, ,CA,43.93,6.63,0.0,2.47,1.0,<Residue LYS het=  resseq=408 icode= >,1k78_B_B,2.25
624,1.268,LYS, ,C,44.66,5.35,0.0,3.44,1.0,<Residue LYS het=  resseq=408 icode= >,1k78_B_B,2.25
625,5.454,LYS, ,O,38.95,4.64,1.17,2.75,1.0,<Residue LYS het=  resseq=408 icode= >,1k78_B_B,2.25
626,6.08,LYS, ,CB,46.73,7.81,0.0,2.06,1.0,<Residue LYS het=  resseq=408 icode= >,1k78_B_B,2.25
627,14.466,LYS, ,CG,51.98,9.11,0.0,1.28,1.0,<Residue LYS het=  resseq=408 icode= >,1k78_B_B,2.25
628,9.103,LYS, ,CD,54.15,10.18,0.0,1.63,1.0,<Residue LYS het=  resseq=408 icode= >,1k78_B_B,2.25
629,36.927,LYS, ,CE,50.67,11.42,0.0,1.67,1.0,<Residue LYS het=  resseq=408 icode= >,1k78_B_B,2.25
630,29.99,LYS, ,NZ,54.36,12.46,0.0,0.94,1.0,<Residue LYS het=  resseq=408 icode= >,1k78_B_B,2.25
631,5.125,ARG, ,N,43.8,5.38,0.0,2.55,1.0,<Residue ARG het=  resseq=409 icode= >,1k78_B_B,2.25
632,0.049,ARG, ,CA,41.97,4.60,0.049,2.92,1.0,<Residue ARG het=  resseq=409 icode= >,1k78_B_B,2.25
633,0.0,ARG, ,C,37.54,5.73,0.0,4.53,1.0,<Residue ARG het=  resseq=409 icode= >,1k78_B_B,2.25
634,4.252,ARG, ,O,39.77,6.88,0.0,3.43,1.0,<Residue ARG het=  resseq=409 icode= >,1k78_B_B,2.25
635,6.85,ARG, ,CB,43.91,4.47,0.359,2.96,1.0,<Residue ARG het=  resseq=409 icode= >,1k78_B_B,2.25
636,25.506,ARG, ,CG,55.71,3.71,8.723,2.17,1.0,<Residue ARG het=  resseq=409 icode= >,1k78_B_B,2.25
637,29.244,ARG, ,CD,67.63,4.16,4.488,0.58,1.0,<Residue ARG het=  resseq=409 icode= >,1k78_B_B,2.25
638,5.319,ARG, ,NE,70.7,3.91,5.08,0.84,1.0,<Residue ARG het=  resseq=409 icode= >,1k78_B_B,2.25
639,4.224,ARG, ,CZ,73.15,3.93,4.224,1.58,1.0,<Residue ARG het=  resseq=409 icode= >,1k78_B_B,2.25
640,48.294,ARG, ,NH1,71.81,3.16,27.746,1.49,1.0,<Residue ARG het=  resseq=409 icode= >,1k78_B_B,2.25
641,26.441,ARG, ,NH2,69.86,3.61,14.046,1.14,1.0,<Residue ARG het=  resseq=409 icode= >,1k78_B_B,2.25
642,1.054,TYR, ,N,31.08,5.63,0.0,3.80,1.0,<Residue TYR het=  resseq=410 icode= >,1k78_B_B,2.25
643,0.233,TYR, ,CA,24.91,6.92,0.0,4.14,1.0,<Residue TYR het=  resseq=410 icode= >,1k78_B_B,2.25
644,0.0,TYR, ,C,26.93,7.89,0.0,5.38,1.0,<Residue TYR het=  resseq=410 icode= >,1k78_B_B,2.25
645,0.0,TYR, ,O,21.26,9.07,0.0,4.04,1.0,<Residue TYR het=  resseq=410 icode= >,1k78_B_B,2.25
646,0.0,TYR, ,CB,26.59,7.75,0.0,3.06,1.0,<Residue TYR het=  resseq=410 icode= >,1k78_B_B,2.25
647,0.0,TYR, ,CG,22.05,7.20,0.0,4.22,1.0,<Residue TYR het=  resseq=410 icode= >,1k78_B_B,2.25
648,7.531,TYR, ,CD1,29.41,7.64,0.0,2.88,1.0,<Residue TYR het=  resseq=410 icode= >,1k78_B_B,2.25
649,0.189,TYR, ,CD2,27.45,6.57,0.0,3.85,1.0,<Residue TYR het=  resseq=410 icode= >,1k78_B_B,2.25
650,22.497,TYR, ,CE1,28.51,7.55,0.0,2.26,1.0,<Residue TYR het=  resseq=410 icode= >,1k78_B_B,2.25
651,0.054,TYR, ,CE2,24.38,6.07,0.0,3.61,1.0,<Residue TYR het=  resseq=410 icode= >,1k78_B_B,2.25
652,0.132,TYR, ,CZ,29.46,6.69,0.0,3.78,1.0,<Residue TYR het=  resseq=410 icode= >,1k78_B_B,2.25
653,24.243,TYR, ,OH,29.0,6.67,0.0,3.81,1.0,<Residue TYR het=  resseq=410 icode= >,1k78_B_B,2.25
654,0.0,VAL, ,N,23.7,7.61,0.0,4.24,1.0,<Residue VAL het=  resseq=411 icode= >,1k78_B_B,2.25
655,0.0,VAL, ,CA,23.35,8.78,0.0,3.29,1.0,<Residue VAL het=  resseq=411 icode= >,1k78_B_B,2.25
656,0.0,VAL, ,C,24.3,8.97,0.0,5.19,1.0,<Residue VAL het=  resseq=411 icode= >,1k78_B_B,2.25
657,0.0,VAL, ,O,17.17,8.29,0.0,4.24,1.0,<Residue VAL het=  resseq=411 icode= >,1k78_B_B,2.25
658,0.0,VAL, ,CB,29.45,9.10,0.0,3.06,1.0,<Residue VAL het=  resseq=411 icode= >,1k78_B_B,2.25
659,0.737,VAL, ,CG1,28.13,10.42,0.0,2.00,1.0,<Residue VAL het=  resseq=411 icode= >,1k78_B_B,2.25
660,7.384,VAL, ,CG2,20.98,9.45,0.0,2.59,1.0,<Residue VAL het=  resseq=411 icode= >,1k78_B_B,2.25
661,0.0,TYR, ,N,21.95,10.09,0.0,3.32,1.0,<Residue TYR het=  resseq=412 icode= >,1k78_B_B,2.25
662,0.0,TYR, ,CA,22.75,9.77,0.0,3.63,1.0,<Residue TYR het=  resseq=412 icode= >,1k78_B_B,2.25
663,0.0,TYR, ,C,24.61,11.07,0.0,4.28,1.0,<Residue TYR het=  resseq=412 icode= >,1k78_B_B,2.25
664,0.0,TYR, ,O,27.98,12.13,0.0,3.43,1.0,<Residue TYR het=  resseq=412 icode= >,1k78_B_B,2.25
665,0.0,TYR, ,CB,23.39,9.41,0.0,3.26,1.0,<Residue TYR het=  resseq=412 icode= >,1k78_B_B,2.25
666,0.0,TYR, ,CG,21.22,8.21,0.0,4.32,1.0,<Residue TYR het=  resseq=412 icode= >,1k78_B_B,2.25
667,0.0,TYR, ,CD1,22.15,8.48,0.0,3.37,1.0,<Residue TYR het=  resseq=412 icode= >,1k78_B_B,2.25
668,0.0,TYR, ,CD2,19.41,6.99,0.0,3.56,1.0,<Residue TYR het=  resseq=412 icode= >,1k78_B_B,2.25
669,0.235,TYR, ,CE1,25.9,7.64,0.0,2.84,1.0,<Residue TYR het=  resseq=412 icode= >,1k78_B_B,2.25
670,0.061,TYR, ,CE2,24.55,5.93,0.0,3.75,1.0,<Residue TYR het=  resseq=412 icode= >,1k78_B_B,2.25
671,0.0,TYR, ,CZ,26.87,6.33,0.0,4.79,1.0,<Residue TYR het=  resseq=412 icode= >,1k78_B_B,2.25
672,7.409,TYR, ,OH,27.43,5.69,0.0,4.18,1.0,<Residue TYR het=  resseq=412 icode= >,1k78_B_B,2.25
673,0.0,ARG, ,N,23.44,10.97,0.0,3.70,1.0,<Residue ARG het=  resseq=413 icode= >,1k78_B_B,2.25
674,0.0,ARG, ,CA,23.33,12.13,0.0,4.03,1.0,<Residue ARG het=  resseq=413 icode= >,1k78_B_B,2.25
675,0.0,ARG, ,C,20.8,12.45,0.0,5.26,1.0,<Residue ARG het=  resseq=413 icode= >,1k78_B_B,2.25
676,0.0,ARG, ,O,30.51,11.67,0.0,3.10,1.0,<Residue ARG het=  resseq=413 icode= >,1k78_B_B,2.25
677,1.73,ARG, ,CB,26.55,12.05,0.0,2.46,1.0,<Residue ARG het=  resseq=413 icode= >,1k78_B_B,2.25
678,0.253,ARG, ,CG,38.11,13.35,0.0,1.58,1.0,<Residue ARG het=  resseq=413 icode= >,1k78_B_B,2.25
679,22.052,ARG, ,CD,33.0,13.37,0.0,2.11,1.0,<Residue ARG het=  resseq=413 icode= >,1k78_B_B,2.25
680,12.954,ARG, ,NE,29.93,13.18,0.0,3.24,1.0,<Residue ARG het=  resseq=413 icode= >,1k78_B_B,2.25
681,4.482,ARG, ,CZ,38.75,14.19,0.0,4.13,1.0,<Residue ARG het=  resseq=413 icode= >,1k78_B_B,2.25
682,11.364,ARG, ,NH1,40.22,15.37,0.0,2.19,1.0,<Residue ARG het=  resseq=413 icode= >,1k78_B_B,2.25
683,19.189,ARG, ,NH2,27.04,14.13,0.0,2.67,1.0,<Residue ARG het=  resseq=413 icode= >,1k78_B_B,2.25
684,0.0,PHE, ,N,18.19,13.71,0.0,4.43,1.0,<Residue PHE het=  resseq=414 icode= >,1k78_B_B,2.25
685,0.0,PHE, ,CA,23.09,12.80,0.0,3.50,1.0,<Residue PHE het=  resseq=414 icode= >,1k78_B_B,2.25
686,0.0,PHE, ,C,34.75,13.59,0.0,3.16,1.0,<Residue PHE het=  resseq=414 icode= >,1k78_B_B,2.25
687,2.89,PHE, ,O,30.23,14.80,0.0,2.76,1.0,<Residue PHE het=  resseq=414 icode= >,1k78_B_B,2.25
688,0.0,PHE, ,CB,26.22,12.79,0.0,2.33,1.0,<Residue PHE het=  resseq=414 icode= >,1k78_B_B,2.25
689,0.0,PHE, ,CG,26.93,12.04,0.0,3.99,1.0,<Residue PHE het=  resseq=414 icode= >,1k78_B_B,2.25
690,0.0,PHE, ,CD1,30.89,10.66,0.0,3.32,1.0,<Residue PHE het=  resseq=414 icode= >,1k78_B_B,2.25
691,0.0,PHE, ,CD2,25.26,12.82,0.0,4.25,1.0,<Residue PHE het=  resseq=414 icode= >,1k78_B_B,2.25
692,0.0,PHE, ,CE1,33.21,10.11,0.0,2.78,1.0,<Residue PHE het=  resseq=414 icode= >,1k78_B_B,2.25
693,0.0,PHE, ,CE2,29.42,12.38,0.0,3.29,1.0,<Residue PHE het=  resseq=414 icode= >,1k78_B_B,2.25
694,0.0,PHE, ,CZ,30.86,11.05,0.0,3.00,1.0,<Residue PHE het=  resseq=414 icode= >,1k78_B_B,2.25
695,0.0,VAL, ,N,36.73,13.05,0.0,2.47,1.0,<Residue VAL het=  resseq=415 icode= >,1k78_B_B,2.25
696,5.197,VAL, ,CA,39.58,13.98,0.0,3.36,1.0,<Residue VAL het=  resseq=415 icode= >,1k78_B_B,2.25
697,0.538,VAL, ,C,39.18,13.71,0.0,4.21,1.0,<Residue VAL het=  resseq=415 icode= >,1k78_B_B,2.25
698,25.091,VAL, ,O,47.06,14.55,0.0,2.16,1.0,<Residue VAL het=  resseq=415 icode= >,1k78_B_B,2.25
699,7.015,VAL, ,CB,40.13,13.49,0.0,3.11,1.0,<Residue VAL het=  resseq=415 icode= >,1k78_B_B,2.25
700,15.91,VAL, ,CG1,30.93,12.72,0.0,2.73,1.0,<Residue VAL het=  resseq=415 icode= >,1k78_B_B,2.25
701,0.0,VAL, ,CG2,45.06,12.39,0.0,0.45,1.0,<Residue VAL het=  resseq=415 icode= >,1k78_B_B,2.25
702,0.0,CYS, ,N,42.04,12.66,0.0,3.97,1.0,<Residue CYS het=  resseq=416 icode= >,1k78_B_B,2.25
703,6.328,CYS, ,CA,46.87,12.59,0.0,3.01,1.0,<Residue CYS het=  resseq=416 icode= >,1k78_B_B,2.25
704,0.203,CYS, ,C,52.1,13.72,0.0,2.74,1.0,<Residue CYS het=  resseq=416 icode= >,1k78_B_B,2.25
705,3.626,CYS, ,O,48.98,14.21,0.0,2.31,1.0,<Residue CYS het=  resseq=416 icode= >,1k78_B_B,2.25
706,20.465,CYS, ,CB,44.55,11.25,0.0,2.05,1.0,<Residue CYS het=  resseq=416 icode= >,1k78_B_B,2.25
707,2.953,CYS, ,SG,45.54,10.61,0.0,5.11,1.0,<Residue CYS het=  resseq=416 icode= >,1k78_B_B,2.25
708,9.881,ASP, ,N,55.51,14.29,0.0,1.77,1.0,<Residue ASP het=  resseq=417 icode= >,1k78_B_B,2.25
709,6.034,ASP, ,CA,57.96,15.46,0.0,1.73,1.0,<Residue ASP het=  resseq=417 icode= >,1k78_B_B,2.25
710,0.364,ASP, ,C,56.25,15.19,0.0,2.87,1.0,<Residue ASP het=  resseq=417 icode= >,1k78_B_B,2.25
711,6.566,ASP, ,O,52.0,15.20,0.0,2.06,1.0,<Residue ASP het=  resseq=417 icode= >,1k78_B_B,2.25
712,28.802,ASP, ,CB,63.24,16.35,0.0,0.92,1.0,<Residue ASP het=  resseq=417 icode= >,1k78_B_B,2.25
713,2.859,ASP, ,CG,70.26,17.75,0.0,0.79,1.0,<Residue ASP het=  resseq=417 icode= >,1k78_B_B,2.25
714,0.102,ASP, ,OD1,70.53,17.98,0.0,0.47,1.0,<Residue ASP het=  resseq=417 icode= >,1k78_B_B,2.25
715,38.351,ASP, ,OD2,72.52,18.70,0.0,0.78,1.0,<Residue ASP het=  resseq=417 icode= >,1k78_B_B,2.25
716,0.062,LEU, ,N,57.03,15.13,0.0,1.83,1.0,<Residue LEU het=  resseq=418 icode= >,1k78_B_B,2.25
717,0.0,LEU, ,CA,57.21,15.08,0.0,2.60,1.0,<Residue LEU het=  resseq=418 icode= >,1k78_B_B,2.25
718,0.0,LEU, ,C,56.65,16.42,0.0,2.99,1.0,<Residue LEU het=  resseq=418 icode= >,1k78_B_B,2.25
719,0.0,LEU, ,O,56.18,16.56,0.0,2.14,1.0,<Residue LEU het=  resseq=418 icode= >,1k78_B_B,2.25
720,0.0,LEU, ,CB,54.13,14.95,0.0,2.44,1.0,<Residue LEU het=  resseq=418 icode= >,1k78_B_B,2.25
721,0.0,LEU, ,CG,54.96,13.66,0.0,3.24,1.0,<Residue LEU het=  resseq=418 icode= >,1k78_B_B,2.25
722,0.938,LEU, ,CD1,48.85,12.44,0.0,2.28,1.0,<Residue LEU het=  resseq=418 icode= >,1k78_B_B,2.25
723,0.0,LEU, ,CD2,54.18,13.64,0.0,2.06,1.0,<Residue LEU het=  resseq=418 icode= >,1k78_B_B,2.25
724,0.0,GLN, ,N,58.4,17.48,0.0,1.96,1.0,<Residue GLN het=  resseq=419 icode= >,1k78_B_B,2.25
725,0.0,GLN, ,CA,60.68,18.81,0.0,2.40,1.0,<Residue GLN het=  resseq=419 icode= >,1k78_B_B,2.25
726,1.77,GLN, ,C,63.62,18.79,0.0,2.17,1.0,<Residue GLN het=  resseq=419 icode= >,1k78_B_B,2.25
727,1.972,GLN, ,O,61.83,19.25,0.0,1.86,1.0,<Residue GLN het=  resseq=419 icode= >,1k78_B_B,2.25
728,5.941,GLN, ,CB,60.41,19.81,0.0,2.07,1.0,<Residue GLN het=  resseq=419 icode= >,1k78_B_B,2.25
729,11.294,GLN, ,CG,62.71,20.38,0.0,1.06,1.0,<Residue GLN het=  resseq=419 icode= >,1k78_B_B,2.25
730,5.467,GLN, ,CD,61.0,21.90,0.0,2.24,1.0,<Residue GLN het=  resseq=419 icode= >,1k78_B_B,2.25
731,19.026,GLN, ,OE1,58.96,22.59,0.0,1.58,1.0,<Residue GLN het=  resseq=419 icode= >,1k78_B_B,2.25
732,33.032,GLN, ,NE2,60.38,22.48,0.0,1.52,1.0,<Residue GLN het=  resseq=419 icode= >,1k78_B_B,2.25
733,0.127,SER, ,N,64.05,18.34,0.0,2.03,1.0,<Residue SER het=  resseq=420 icode= >,1k78_B_B,2.25
734,11.721,SER, ,CA,67.68,17.98,0.0,2.02,1.0,<Residue SER het=  resseq=420 icode= >,1k78_B_B,2.25
735,1.091,SER, ,C,69.99,17.20,0.0,2.15,1.0,<Residue SER het=  resseq=420 icode= >,1k78_B_B,2.25
736,24.644,SER, ,O,70.79,17.52,0.0,1.30,1.0,<Residue SER het=  resseq=420 icode= >,1k78_B_B,2.25
737,33.383,SER, ,CB,69.32,17.30,0.0,0.96,1.0,<Residue SER het=  resseq=420 icode= >,1k78_B_B,2.25
738,23.882,SER, ,OG,70.54,18.14,0.0,0.95,1.0,<Residue SER het=  resseq=420 icode= >,1k78_B_B,2.25
739,0.443,LEU, ,N,69.57,16.28,0.0,1.89,1.0,<Residue LEU het=  resseq=421 icode= >,1k78_B_B,2.25
740,5.101,LEU, ,CA,71.36,15.58,0.0,1.90,1.0,<Residue LEU het=  resseq=421 icode= >,1k78_B_B,2.25
741,0.0,LEU, ,C,71.11,16.43,0.0,2.75,1.0,<Residue LEU het=  resseq=421 icode= >,1k78_B_B,2.25
742,22.092,LEU, ,O,69.94,16.76,0.0,2.11,1.0,<Residue LEU het=  resseq=421 icode= >,1k78_B_B,2.25
743,6.973,LEU, ,CB,71.55,14.29,0.0,1.41,1.0,<Residue LEU het=  resseq=421 icode= >,1k78_B_B,2.25
744,2.103,LEU, ,CG,72.39,13.53,0.0,2.08,1.0,<Residue LEU het=  resseq=421 icode= >,1k78_B_B,2.25
745,56.594,LEU, ,CD1,73.39,13.20,0.0,0.01,1.0,<Residue LEU het=  resseq=421 icode= >,1k78_B_B,2.25
746,14.263,LEU, ,CD2,72.63,12.12,0.0,0.90,1.0,<Residue LEU het=  resseq=421 icode= >,1k78_B_B,2.25
747,0.0,LEU, ,N,70.84,16.72,0.0,2.43,1.0,<Residue LEU het=  resseq=422 icode= >,1k78_B_B,2.25
748,4.67,LEU, ,CA,73.02,17.47,0.0,2.12,1.0,<Residue LEU het=  resseq=422 icode= >,1k78_B_B,2.25
749,0.816,LEU, ,C,75.07,18.97,0.0,2.14,1.0,<Residue LEU het=  resseq=422 icode= >,1k78_B_B,2.25
750,16.476,LEU, ,O,71.99,19.67,0.0,1.64,1.0,<Residue LEU het=  resseq=422 icode= >,1k78_B_B,2.25
751,0.91,LEU, ,CB,69.95,17.35,0.0,2.10,1.0,<Residue LEU het=  resseq=422 icode= >,1k78_B_B,2.25
752,0.0,LEU, ,CG,70.66,15.97,0.0,2.57,1.0,<Residue LEU het=  resseq=422 icode= >,1k78_B_B,2.25
753,1.966,LEU, ,CD1,68.61,16.17,0.0,1.52,1.0,<Residue LEU het=  resseq=422 icode= >,1k78_B_B,2.25
754,19.067,LEU, ,CD2,70.5,15.00,0.0,1.14,1.0,<Residue LEU het=  resseq=422 icode= >,1k78_B_B,2.25
755,0.0,GLY, ,N,76.59,1000.00,0.0,1.88,1.0,<Residue GLY het=  resseq=423 icode= >,1k78_B_B,2.25
756,30.302,GLY, ,CA,78.19,1000.00,0.0,0.76,1.0,<Residue GLY het=  resseq=423 icode= >,1k78_B_B,2.25
757,3.414,GLY, ,C,76.61,1000.00,0.0,2.13,1.0,<Residue GLY het=  resseq=423 icode= >,1k78_B_B,2.25
758,25.615,GLY, ,O,75.18,1000.00,0.0,1.65,1.0,<Residue GLY het=  resseq=423 icode= >,1k78_B_B,2.25
759,0.0,TYR, ,N,76.49,1000.00,0.0,1.95,1.0,<Residue TYR het=  resseq=424 icode= >,1k78_B_B,2.25
760,0.0,TYR, ,CA,75.31,1000.00,0.0,2.43,1.0,<Residue TYR het=  resseq=424 icode= >,1k78_B_B,2.25
761,0.414,TYR, ,C,72.28,1000.00,0.0,3.35,1.0,<Residue TYR het=  resseq=424 icode= >,1k78_B_B,2.25
762,0.0,TYR, ,O,71.58,1000.00,0.0,1.75,1.0,<Residue TYR het=  resseq=424 icode= >,1k78_B_B,2.25
763,0.0,TYR, ,CB,78.89,1000.00,0.0,1.67,1.0,<Residue TYR het=  resseq=424 icode= >,1k78_B_B,2.25
764,0.0,TYR, ,CG,83.9,1000.00,0.0,2.06,1.0,<Residue TYR het=  resseq=424 icode= >,1k78_B_B,2.25
765,1.152,TYR, ,CD1,87.05,1000.00,0.0,0.94,1.0,<Residue TYR het=  resseq=424 icode= >,1k78_B_B,2.25
766,0.079,TYR, ,CD2,86.01,1000.00,0.0,1.35,1.0,<Residue TYR het=  resseq=424 icode= >,1k78_B_B,2.25
767,21.28,TYR, ,CE1,89.99,1000.00,0.0,0.56,1.0,<Residue TYR het=  resseq=424 icode= >,1k78_B_B,2.25
768,19.543,TYR, ,CE2,90.06,1000.00,0.0,0.48,1.0,<Residue TYR het=  resseq=424 icode= >,1k78_B_B,2.25
769,3.867,TYR, ,CZ,91.84,1000.00,0.0,0.39,1.0,<Residue TYR het=  resseq=424 icode= >,1k78_B_B,2.25
770,41.467,TYR, ,OH,93.95,1000.00,0.0,-0.04,1.0,<Residue TYR het=  resseq=424 icode= >,1k78_B_B,2.25
771,0.0,THR, ,N,68.81,1000.00,0.0,3.17,1.0,<Residue THR het=  resseq=425 icode= >,1k78_B_B,2.25
772,0.0,THR, ,CA,67.0,1000.00,0.0,3.22,1.0,<Residue THR het=  resseq=425 icode= >,1k78_B_B,2.25
773,0.0,THR, ,C,68.43,1000.00,0.0,2.80,1.0,<Residue THR het=  resseq=425 icode= >,1k78_B_B,2.25
774,0.0,THR, ,O,67.03,1000.00,0.0,1.66,1.0,<Residue THR het=  resseq=425 icode= >,1k78_B_B,2.25
775,2.445,THR, ,CB,68.07,1000.00,0.0,2.27,1.0,<Residue THR het=  resseq=425 icode= >,1k78_B_B,2.25
776,4.815,THR, ,OG1,66.02,1000.00,0.0,0.94,1.0,<Residue THR het=  resseq=425 icode= >,1k78_B_B,2.25
777,36.801,THR, ,CG2,65.89,1000.00,0.0,1.09,1.0,<Residue THR het=  resseq=425 icode= >,1k78_B_B,2.25
778,0.0,PRO, ,N,66.63,1000.00,0.0,3.10,1.0,<Residue PRO het=  resseq=426 icode= >,1k78_B_B,2.25
779,0.0,PRO, ,CA,66.59,1000.00,0.0,3.16,1.0,<Residue PRO het=  resseq=426 icode= >,1k78_B_B,2.25
780,0.0,PRO, ,C,69.01,1000.00,0.0,2.29,1.0,<Residue PRO het=  resseq=426 icode= >,1k78_B_B,2.25
781,0.0,PRO, ,O,66.21,1000.00,0.0,1.38,1.0,<Residue PRO het=  resseq=426 icode= >,1k78_B_B,2.25
782,0.693,PRO, ,CB,64.82,1000.00,0.0,2.54,1.0,<Residue PRO het=  resseq=426 icode= >,1k78_B_B,2.25
783,9.556,PRO, ,CG,66.31,1000.00,0.0,1.86,1.0,<Residue PRO het=  resseq=426 icode= >,1k78_B_B,2.25
784,4.573,PRO, ,CD,65.38,1000.00,0.0,2.11,1.0,<Residue PRO het=  resseq=426 icode= >,1k78_B_B,2.25
785,0.161,GLU, ,N,69.81,1000.00,0.0,1.34,1.0,<Residue GLU het=  resseq=427 icode= >,1k78_B_B,2.25
786,4.315,GLU, ,CA,69.99,1000.00,0.0,1.38,1.0,<Residue GLU het=  resseq=427 icode= >,1k78_B_B,2.25
787,0.962,GLU, ,C,68.15,1000.00,0.0,2.16,1.0,<Residue GLU het=  resseq=427 icode= >,1k78_B_B,2.25
788,5.823,GLU, ,O,66.8,1000.00,0.0,1.85,1.0,<Residue GLU het=  resseq=427 icode= >,1k78_B_B,2.25
789,27.686,GLU, ,CB,70.32,1000.00,0.0,1.61,1.0,<Residue GLU het=  resseq=427 icode= >,1k78_B_B,2.25
790,39.806,GLU, ,CG,72.12,1000.00,0.0,1.82,1.0,<Residue GLU het=  resseq=427 icode= >,1k78_B_B,2.25
791,8.024,GLU, ,CD,72.9,1000.00,0.0,2.77,1.0,<Residue GLU het=  resseq=427 icode= >,1k78_B_B,2.25
792,9.855,GLU, ,OE1,77.76,1000.00,0.0,1.36,1.0,<Residue GLU het=  resseq=427 icode= >,1k78_B_B,2.25
793,23.332,GLU, ,OE2,76.41,1000.00,0.0,1.34,1.0,<Residue GLU het=  resseq=427 icode= >,1k78_B_B,2.25
794,0.135,GLU, ,N,66.2,1000.00,0.0,2.73,1.0,<Residue GLU het=  resseq=428 icode= >,1k78_B_B,2.25
795,7.717,GLU, ,CA,65.84,1000.00,0.0,3.18,1.0,<Residue GLU het=  resseq=428 icode= >,1k78_B_B,2.25
796,0.0,GLU, ,C,66.38,1000.00,0.0,2.25,1.0,<Residue GLU het=  resseq=428 icode= >,1k78_B_B,2.25
797,1.223,GLU, ,O,61.94,1000.00,0.0,1.83,1.0,<Residue GLU het=  resseq=428 icode= >,1k78_B_B,2.25
798,3.377,GLU, ,CB,70.03,1000.00,0.0,1.80,1.0,<Residue GLU het=  resseq=428 icode= >,1k78_B_B,2.25
799,18.172,GLU, ,CG,76.32,1000.00,0.0,1.38,1.0,<Residue GLU het=  resseq=428 icode= >,1k78_B_B,2.25
800,8.227,GLU, ,CD,82.36,1000.00,0.0,1.52,1.0,<Residue GLU het=  resseq=428 icode= >,1k78_B_B,2.25
801,21.65,GLU, ,OE1,82.57,1000.00,0.0,0.77,1.0,<Residue GLU het=  resseq=428 icode= >,1k78_B_B,2.25
802,12.852,GLU, ,OE2,85.79,1000.00,0.0,0.32,1.0,<Residue GLU het=  resseq=428 icode= >,1k78_B_B,2.25
803,0.0,LEU, ,N,64.11,1000.00,0.0,1.35,1.0,<Residue LEU het=  resseq=429 icode= >,1k78_B_B,2.25
804,0.0,LEU, ,CA,62.38,1000.00,0.0,1.71,1.0,<Residue LEU het=  resseq=429 icode= >,1k78_B_B,2.25
805,0.0,LEU, ,C,57.34,1000.00,0.0,3.35,1.0,<Residue LEU het=  resseq=429 icode= >,1k78_B_B,2.25
806,0.0,LEU, ,O,54.13,1000.00,0.0,2.04,1.0,<Residue LEU het=  resseq=429 icode= >,1k78_B_B,2.25
807,0.0,LEU, ,CB,62.68,1000.00,0.0,1.26,1.0,<Residue LEU het=  resseq=429 icode= >,1k78_B_B,2.25
808,0.0,LEU, ,CG,63.33,1000.00,0.0,2.10,1.0,<Residue LEU het=  resseq=429 icode= >,1k78_B_B,2.25
809,3.964,LEU, ,CD1,66.11,1000.00,0.0,0.98,1.0,<Residue LEU het=  resseq=429 icode= >,1k78_B_B,2.25
810,0.0,LEU, ,CD2,61.78,1000.00,0.0,1.08,1.0,<Residue LEU het=  resseq=429 icode= >,1k78_B_B,2.25
811,0.0,HIS, ,N,55.55,1000.00,0.0,2.70,1.0,<Residue HIS het=  resseq=430 icode= >,1k78_B_B,2.25
812,0.0,HIS, ,CA,59.15,1000.00,0.0,2.54,1.0,<Residue HIS het=  resseq=430 icode= >,1k78_B_B,2.25
813,0.146,HIS, ,C,59.8,1000.00,0.0,2.53,1.0,<Residue HIS het=  resseq=430 icode= >,1k78_B_B,2.25
814,0.0,HIS, ,O,58.24,1000.00,0.0,1.73,1.0,<Residue HIS het=  resseq=430 icode= >,1k78_B_B,2.25
815,7.328,HIS, ,CB,60.47,1000.00,0.0,2.16,1.0,<Residue HIS het=  resseq=430 icode= >,1k78_B_B,2.25
816,0.0,HIS, ,CG,66.2,1000.00,0.0,1.69,1.0,<Residue HIS het=  resseq=430 icode= >,1k78_B_B,2.25
817,0.0,HIS, ,ND1,68.05,1000.00,0.0,1.40,1.0,<Residue HIS het=  resseq=430 icode= >,1k78_B_B,2.25
818,4.789,HIS, ,CD2,66.01,1000.00,0.0,1.92,1.0,<Residue HIS het=  resseq=430 icode= >,1k78_B_B,2.25
819,0.0,HIS, ,CE1,67.27,1000.00,0.0,2.08,1.0,<Residue HIS het=  resseq=430 icode= >,1k78_B_B,2.25
820,0.0,HIS, ,NE2,68.84,1000.00,0.0,1.86,1.0,<Residue HIS het=  resseq=430 icode= >,1k78_B_B,2.25
821,0.362,ALA, ,N,58.95,1000.00,0.0,2.12,1.0,<Residue ALA het=  resseq=431 icode= >,1k78_B_B,2.25
822,9.892,ALA, ,CA,59.4,1000.00,0.0,2.08,1.0,<Residue ALA het=  resseq=431 icode= >,1k78_B_B,2.25
823,1.337,ALA, ,C,58.86,1000.00,0.0,2.64,1.0,<Residue ALA het=  resseq=431 icode= >,1k78_B_B,2.25
824,14.368,ALA, ,O,56.04,1000.00,0.0,1.47,1.0,<Residue ALA het=  resseq=431 icode= >,1k78_B_B,2.25
825,46.117,ALA, ,CB,60.07,1000.00,0.0,0.48,1.0,<Residue ALA het=  resseq=431 icode= >,1k78_B_B,2.25
826,0.05,MET, ,N,58.66,1000.00,0.0,2.21,1.0,<Residue MET het=  resseq=432 icode= >,1k78_B_B,2.25
827,10.014,MET, ,CA,62.68,1000.00,0.0,1.33,1.0,<Residue MET het=  resseq=432 icode= >,1k78_B_B,2.25
828,0.149,MET, ,C,61.78,1000.00,0.0,3.09,1.0,<Residue MET het=  resseq=432 icode= >,1k78_B_B,2.25
829,18.508,MET, ,O,61.55,1000.00,0.0,1.75,1.0,<Residue MET het=  resseq=432 icode= >,1k78_B_B,2.25
830,12.706,MET, ,CB,61.19,1000.00,0.0,1.18,1.0,<Residue MET het=  resseq=432 icode= >,1k78_B_B,2.25
831,16.673,MET, ,CG,63.38,1000.00,0.0,1.14,1.0,<Residue MET het=  resseq=432 icode= >,1k78_B_B,2.25
832,27.977,MET, ,SD,57.44,1000.00,0.0,4.70,1.0,<Residue MET het=  resseq=432 icode= >,1k78_B_B,2.25
833,7.128,MET, ,CE,65.74,1000.00,0.0,0.74,1.0,<Residue MET het=  resseq=432 icode= >,1k78_B_B,2.25
834,0.0,LEU, ,N,66.41,1000.00,0.0,2.09,1.0,<Residue LEU het=  resseq=433 icode= >,1k78_B_B,2.25
835,0.0,LEU, ,CA,70.49,1000.00,0.0,1.84,1.0,<Residue LEU het=  resseq=433 icode= >,1k78_B_B,2.25
836,0.0,LEU, ,C,72.82,1000.00,0.0,2.03,1.0,<Residue LEU het=  resseq=433 icode= >,1k78_B_B,2.25
837,0.087,LEU, ,O,70.51,1000.00,0.0,1.45,1.0,<Residue LEU het=  resseq=433 icode= >,1k78_B_B,2.25
838,0.002,LEU, ,CB,71.18,1000.00,0.0,1.35,1.0,<Residue LEU het=  resseq=433 icode= >,1k78_B_B,2.25
839,0.0,LEU, ,CG,72.36,1000.00,0.0,1.73,1.0,<Residue LEU het=  resseq=433 icode= >,1k78_B_B,2.25
840,0.293,LEU, ,CD1,74.12,1000.00,0.0,0.28,1.0,<Residue LEU het=  resseq=433 icode= >,1k78_B_B,2.25
841,13.69,LEU, ,CD2,72.95,1000.00,0.0,0.60,1.0,<Residue LEU het=  resseq=433 icode= >,1k78_B_B,2.25
842,0.111,ASP, ,N,76.06,1000.00,0.0,1.11,1.0,<Residue ASP het=  resseq=434 icode= >,1k78_B_B,2.25
843,4.628,ASP, ,CA,79.37,1000.00,0.0,1.71,1.0,<Residue ASP het=  resseq=434 icode= >,1k78_B_B,2.25
844,1.781,ASP, ,C,81.0,1000.00,0.0,2.27,1.0,<Residue ASP het=  resseq=434 icode= >,1k78_B_B,2.25
845,12.804,ASP, ,O,80.04,1000.00,0.0,1.61,1.0,<Residue ASP het=  resseq=434 icode= >,1k78_B_B,2.25
846,8.891,ASP, ,CB,82.52,1000.00,0.0,1.52,1.0,<Residue ASP het=  resseq=434 icode= >,1k78_B_B,2.25
847,10.506,ASP, ,CG,87.93,1000.00,0.0,0.82,1.0,<Residue ASP het=  resseq=434 icode= >,1k78_B_B,2.25
848,31.417,ASP, ,OD1,91.95,1000.00,0.0,-0.09,1.0,<Residue ASP het=  resseq=434 icode= >,1k78_B_B,2.25
849,40.403,ASP, ,OD2,90.2,1000.00,0.0,0.47,1.0,<Residue ASP het=  resseq=434 icode= >,1k78_B_B,2.25
850,1.093,VAL, ,N,82.71,1000.00,0.0,2.09,1.0,<Residue VAL het=  resseq=435 icode= >,1k78_B_B,2.25
851,3.301,VAL, ,CA,85.95,1000.00,0.0,1.51,1.0,<Residue VAL het=  resseq=435 icode= >,1k78_B_B,2.25
852,1.181,VAL, ,C,88.83,1000.00,0.0,1.73,1.0,<Residue VAL het=  resseq=435 icode= >,1k78_B_B,2.25
853,19.024,VAL, ,O,89.31,1000.00,0.0,1.01,1.0,<Residue VAL het=  resseq=435 icode= >,1k78_B_B,2.25
854,0.0,VAL, ,CB,85.05,1000.00,0.0,1.24,1.0,<Residue VAL het=  resseq=435 icode= >,1k78_B_B,2.25
855,9.668,VAL, ,CG1,84.36,1000.00,0.0,0.62,1.0,<Residue VAL het=  resseq=435 icode= >,1k78_B_B,2.25
856,3.64,VAL, ,CG2,81.94,1000.00,0.0,1.38,1.0,<Residue VAL het=  resseq=435 icode= >,1k78_B_B,2.25
857,4.263,LYS, ,N,91.61,1000.00,0.0,1.49,1.0,<Residue LYS het=  resseq=436 icode= >,1k78_B_B,2.25
858,16.965,LYS, ,CA,94.2,1000.00,0.0,1.33,1.0,<Residue LYS het=  resseq=436 icode= >,1k78_B_B,2.25
859,28.053,LYS, ,C,96.11,1000.00,0.0,0.80,1.0,<Residue LYS het=  resseq=436 icode= >,1k78_B_B,2.25
860,32.617,LYS, ,O,96.78,1000.00,0.0,0.68,1.0,<Residue LYS het=  resseq=436 icode= >,1k78_B_B,2.25
861,66.139,LYS, ,CB,93.45,1000.00,0.0,0.51,1.0,<Residue LYS het=  resseq=436 icode= >,1k78_B_B,2.25
