,ASA,aa,altloc,atom,bfac,dens,occ,residue,id,resolu
0,23.397,SER, ,N,77.23,0.88,1.0,<Residue SER het=  resseq=17 icode= >,1m0d_A_A,1.9
1,19.286,SER, ,CA,57.31,2.43,1.0,<Residue SER het=  resseq=17 icode= >,1m0d_A_A,1.9
2,0.981,SER, ,C,53.49,2.94,1.0,<Residue SER het=  resseq=17 icode= >,1m0d_A_A,1.9
3,0.0,SER, ,O,45.81,2.61,1.0,<Residue SER het=  resseq=17 icode= >,1m0d_A_A,1.9
4,41.381,SER, ,CB,58.71,1.93,1.0,<Residue SER het=  resseq=17 icode= >,1m0d_A_A,1.9
5,4.383,SER, ,OG,50.21,2.12,1.0,<Residue SER het=  resseq=17 icode= >,1m0d_A_A,1.9
6,14.243,GLY, ,N,43.52,2.84,1.0,<Residue GLY het=  resseq=18 icode= >,1m0d_A_A,1.9
7,27.96,GLY, ,CA,40.78,3.05,1.0,<Residue GLY het=  resseq=18 icode= >,1m0d_A_A,1.9
8,0.398,GLY, ,C,40.12,3.82,1.0,<Residue GLY het=  resseq=18 icode= >,1m0d_A_A,1.9
9,0.052,GLY, ,O,38.74,3.54,1.0,<Residue GLY het=  resseq=18 icode= >,1m0d_A_A,1.9
10,5.685,LEU, ,N,39.97,2.88,1.0,<Residue LEU het=  resseq=19 icode= >,1m0d_A_A,1.9
11,1.231,LEU, ,CA,37.14,3.26,1.0,<Residue LEU het=  resseq=19 icode= >,1m0d_A_A,1.9
12,0.0,LEU, ,C,31.84,4.48,1.0,<Residue LEU het=  resseq=19 icode= >,1m0d_A_A,1.9
13,0.0,LEU, ,O,33.47,4.10,1.0,<Residue LEU het=  resseq=19 icode= >,1m0d_A_A,1.9
14,14.385,LEU, ,CB,38.89,2.26,1.0,<Residue LEU het=  resseq=19 icode= >,1m0d_A_A,1.9
15,4.537,LEU, ,CG,36.89,3.21,1.0,<Residue LEU het=  resseq=19 icode= >,1m0d_A_A,1.9
16,37.472,LEU, ,CD1,35.52,2.21,1.0,<Residue LEU het=  resseq=19 icode= >,1m0d_A_A,1.9
17,67.284,LEU, ,CD2,30.5,2.45,1.0,<Residue LEU het=  resseq=19 icode= >,1m0d_A_A,1.9
18,0.0,GLU, ,N,31.74,3.95,1.0,<Residue GLU het=  resseq=20 icode= >,1m0d_A_A,1.9
19,4.45,GLU, ,CA,31.26,3.72,1.0,<Residue GLU het=  resseq=20 icode= >,1m0d_A_A,1.9
20,0.473,GLU, ,C,32.46,4.77,1.0,<Residue GLU het=  resseq=20 icode= >,1m0d_A_A,1.9
21,0.897,GLU, ,O,34.23,3.63,1.0,<Residue GLU het=  resseq=20 icode= >,1m0d_A_A,1.9
22,4.979,GLU, ,CB,33.3,3.07,1.0,<Residue GLU het=  resseq=20 icode= >,1m0d_A_A,1.9
23,21.314,GLU, ,CG,35.8,2.64,1.0,<Residue GLU het=  resseq=20 icode= >,1m0d_A_A,1.9
24,2.656,GLU, ,CD,44.58,3.85,1.0,<Residue GLU het=  resseq=20 icode= >,1m0d_A_A,1.9
25,35.62,GLU, ,OE1,41.97,2.68,1.0,<Residue GLU het=  resseq=20 icode= >,1m0d_A_A,1.9
26,8.62,GLU, ,OE2,49.71,1.85,1.0,<Residue GLU het=  resseq=20 icode= >,1m0d_A_A,1.9
27,0.0,ASP, ,N,31.63,4.26,1.0,<Residue ASP het=  resseq=21 icode= >,1m0d_A_A,1.9
28,1.767,ASP, ,CA,32.8,3.63,1.0,<Residue ASP het=  resseq=21 icode= >,1m0d_A_A,1.9
29,0.499,ASP, ,C,34.04,4.55,1.0,<Residue ASP het=  resseq=21 icode= >,1m0d_A_A,1.9
30,1.907,ASP, ,O,33.64,3.77,1.0,<Residue ASP het=  resseq=21 icode= >,1m0d_A_A,1.9
31,22.592,ASP, ,CB,49.05,2.22,1.0,<Residue ASP het=  resseq=21 icode= >,1m0d_A_A,1.9
32,8.151,ASP, ,CG,67.04,1.91,1.0,<Residue ASP het=  resseq=21 icode= >,1m0d_A_A,1.9
33,34.135,ASP, ,OD1,80.04,1.05,1.0,<Residue ASP het=  resseq=21 icode= >,1m0d_A_A,1.9
34,23.089,ASP, ,OD2,83.91,0.07,1.0,<Residue ASP het=  resseq=21 icode= >,1m0d_A_A,1.9
35,0.0,LYS, ,N,30.99,4.45,1.0,<Residue LYS het=  resseq=22 icode= >,1m0d_A_A,1.9
36,3.95,LYS, ,CA,32.34,4.42,1.0,<Residue LYS het=  resseq=22 icode= >,1m0d_A_A,1.9
37,1.282,LYS, ,C,34.63,5.13,1.0,<Residue LYS het=  resseq=22 icode= >,1m0d_A_A,1.9
38,3.77,LYS, ,O,28.98,4.45,1.0,<Residue LYS het=  resseq=22 icode= >,1m0d_A_A,1.9
39,14.213,LYS, ,CB,36.97,2.45,1.0,<Residue LYS het=  resseq=22 icode= >,1m0d_A_A,1.9
40,15.627,LYS, ,CG,37.02,2.81,1.0,<Residue LYS het=  resseq=22 icode= >,1m0d_A_A,1.9
41,21.304,LYS, ,CD,56.43,0.77,1.0,<Residue LYS het=  resseq=22 icode= >,1m0d_A_A,1.9
42,48.569,LYS, ,CE,63.37,1.13,1.0,<Residue LYS het=  resseq=22 icode= >,1m0d_A_A,1.9
43,28.766,LYS, ,NZ,74.91,0.36,1.0,<Residue LYS het=  resseq=22 icode= >,1m0d_A_A,1.9
44,0.0,VAL, ,N,32.03,4.44,1.0,<Residue VAL het=  resseq=23 icode= >,1m0d_A_A,1.9
45,1.726,VAL, ,CA,28.37,4.28,1.0,<Residue VAL het=  resseq=23 icode= >,1m0d_A_A,1.9
46,0.0,VAL, ,C,28.14,4.81,1.0,<Residue VAL het=  resseq=23 icode= >,1m0d_A_A,1.9
47,0.0,VAL, ,O,34.99,4.01,1.0,<Residue VAL het=  resseq=23 icode= >,1m0d_A_A,1.9
48,2.165,VAL, ,CB,30.16,3.20,1.0,<Residue VAL het=  resseq=23 icode= >,1m0d_A_A,1.9
49,40.247,VAL, ,CG1,32.93,2.14,1.0,<Residue VAL het=  resseq=23 icode= >,1m0d_A_A,1.9
50,35.875,VAL, ,CG2,33.18,2.60,1.0,<Residue VAL het=  resseq=23 icode= >,1m0d_A_A,1.9
51,0.0,SER, ,N,32.16,3.94,1.0,<Residue SER het=  resseq=24 icode= >,1m0d_A_A,1.9
52,0.581,SER, ,CA,34.6,4.06,1.0,<Residue SER het=  resseq=24 icode= >,1m0d_A_A,1.9
53,0.0,SER, ,C,33.16,4.99,1.0,<Residue SER het=  resseq=24 icode= >,1m0d_A_A,1.9
54,0.0,SER, ,O,33.99,4.53,1.0,<Residue SER het=  resseq=24 icode= >,1m0d_A_A,1.9
55,16.522,SER, ,CB,37.32,3.37,1.0,<Residue SER het=  resseq=24 icode= >,1m0d_A_A,1.9
56,13.289,SER, ,OG,67.13,0.47,1.0,<Residue SER het=  resseq=24 icode= >,1m0d_A_A,1.9
57,0.399,LYS, ,N,31.74,4.22,1.0,<Residue LYS het=  resseq=25 icode= >,1m0d_A_A,1.9
58,3.244,LYS, ,CA,34.08,3.90,1.0,<Residue LYS het=  resseq=25 icode= >,1m0d_A_A,1.9
59,0.418,LYS, ,C,36.96,4.52,1.0,<Residue LYS het=  resseq=25 icode= >,1m0d_A_A,1.9
60,2.68,LYS, ,O,36.92,4.04,1.0,<Residue LYS het=  resseq=25 icode= >,1m0d_A_A,1.9
61,50.58,LYS, ,CB,37.69,2.61,1.0,<Residue LYS het=  resseq=25 icode= >,1m0d_A_A,1.9
62,0.667,GLN, ,N,33.76,4.33,1.0,<Residue GLN het=  resseq=26 icode= >,1m0d_A_A,1.9
63,5.372,GLN, ,CA,33.75,3.76,1.0,<Residue GLN het=  resseq=26 icode= >,1m0d_A_A,1.9
64,0.774,GLN, ,C,34.55,4.82,1.0,<Residue GLN het=  resseq=26 icode= >,1m0d_A_A,1.9
65,0.0,GLN, ,O,36.55,4.21,1.0,<Residue GLN het=  resseq=26 icode= >,1m0d_A_A,1.9
66,45.714,GLN, ,CB,32.63,2.71,1.0,<Residue GLN het=  resseq=26 icode= >,1m0d_A_A,1.9
67,0.0,LEU, ,N,35.02,3.93,1.0,<Residue LEU het=  resseq=27 icode= >,1m0d_A_A,1.9
68,0.331,LEU, ,CA,31.95,3.67,1.0,<Residue LEU het=  resseq=27 icode= >,1m0d_A_A,1.9
69,0.0,LEU, ,C,40.53,3.95,1.0,<Residue LEU het=  resseq=27 icode= >,1m0d_A_A,1.9
70,0.0,LEU, ,O,39.88,3.42,1.0,<Residue LEU het=  resseq=27 icode= >,1m0d_A_A,1.9
71,0.0,LEU, ,CB,30.91,3.59,1.0,<Residue LEU het=  resseq=27 icode= >,1m0d_A_A,1.9
72,0.729,LEU, ,CG,30.97,4.06,1.0,<Residue LEU het=  resseq=27 icode= >,1m0d_A_A,1.9
73,19.223,LEU, ,CD1,34.01,2.60,1.0,<Residue LEU het=  resseq=27 icode= >,1m0d_A_A,1.9
74,36.478,LEU, ,CD2,35.44,2.53,1.0,<Residue LEU het=  resseq=27 icode= >,1m0d_A_A,1.9
75,0.0,GLU, ,N,38.32,3.24,1.0,<Residue GLU het=  resseq=28 icode= >,1m0d_A_A,1.9
76,3.101,GLU, ,CA,47.04,2.75,1.0,<Residue GLU het=  resseq=28 icode= >,1m0d_A_A,1.9
77,1.342,GLU, ,C,41.07,4.74,1.0,<Residue GLU het=  resseq=28 icode= >,1m0d_A_A,1.9
78,14.85,GLU, ,O,46.7,3.59,1.0,<Residue GLU het=  resseq=28 icode= >,1m0d_A_A,1.9
79,15.983,GLU, ,CB,44.56,2.87,1.0,<Residue GLU het=  resseq=28 icode= >,1m0d_A_A,1.9
80,15.373,GLU, ,CG,54.21,2.12,1.0,<Residue GLU het=  resseq=28 icode= >,1m0d_A_A,1.9
81,8.249,GLU, ,CD,72.59,2.00,1.0,<Residue GLU het=  resseq=28 icode= >,1m0d_A_A,1.9
82,29.712,GLU, ,OE1,71.38,1.65,1.0,<Residue GLU het=  resseq=28 icode= >,1m0d_A_A,1.9
83,25.053,GLU, ,OE2,75.32,1.18,1.0,<Residue GLU het=  resseq=28 icode= >,1m0d_A_A,1.9
84,0.414,SER, ,N,47.57,3.12,1.0,<Residue SER het=  resseq=29 icode= >,1m0d_A_A,1.9
85,12.907,SER, ,CA,43.66,3.30,1.0,<Residue SER het=  resseq=29 icode= >,1m0d_A_A,1.9
86,0.0,SER, ,C,53.29,3.25,1.0,<Residue SER het=  resseq=29 icode= >,1m0d_A_A,1.9
87,28.618,SER, ,O,49.25,1.92,1.0,<Residue SER het=  resseq=29 icode= >,1m0d_A_A,1.9
88,37.632,SER, ,CB,44.93,2.74,1.0,<Residue SER het=  resseq=29 icode= >,1m0d_A_A,1.9
89,6.906,SER, ,OG,53.54,2.44,1.0,<Residue SER het=  resseq=29 icode= >,1m0d_A_A,1.9
90,0.0,LYS, ,N,36.97,3.70,1.0,<Residue LYS het=  resseq=30 icode= >,1m0d_A_A,1.9
91,3.981,LYS, ,CA,41.99,3.02,1.0,<Residue LYS het=  resseq=30 icode= >,1m0d_A_A,1.9
92,4.036,LYS, ,C,38.54,4.27,1.0,<Residue LYS het=  resseq=30 icode= >,1m0d_A_A,1.9
93,18.731,LYS, ,O,42.48,3.21,1.0,<Residue LYS het=  resseq=30 icode= >,1m0d_A_A,1.9
94,7.203,LYS, ,CB,33.58,3.46,1.0,<Residue LYS het=  resseq=30 icode= >,1m0d_A_A,1.9
95,15.344,LYS, ,CG,39.38,2.28,1.0,<Residue LYS het=  resseq=30 icode= >,1m0d_A_A,1.9
96,22.896,LYS, ,CD,59.45,1.27,1.0,<Residue LYS het=  resseq=30 icode= >,1m0d_A_A,1.9
97,39.568,LYS, ,CE,59.2,1.55,1.0,<Residue LYS het=  resseq=30 icode= >,1m0d_A_A,1.9
98,49.015,LYS, ,NZ,57.06,1.47,1.0,<Residue LYS het=  resseq=30 icode= >,1m0d_A_A,1.9
99,1.192,GLY, ,N,45.99,3.17,1.0,<Residue GLY het=  resseq=31 icode= >,1m0d_A_A,1.9
100,32.927,GLY, ,CA,42.2,3.15,1.0,<Residue GLY het=  resseq=31 icode= >,1m0d_A_A,1.9
101,2.7,GLY, ,C,52.67,2.86,1.0,<Residue GLY het=  resseq=31 icode= >,1m0d_A_A,1.9
102,29.234,GLY, ,O,50.48,2.48,1.0,<Residue GLY het=  resseq=31 icode= >,1m0d_A_A,1.9
103,0.0,ILE, ,N,52.44,1.83,1.0,<Residue ILE het=  resseq=32 icode= >,1m0d_A_A,1.9
104,1.72,ILE, ,CA,44.98,3.06,1.0,<Residue ILE het=  resseq=32 icode= >,1m0d_A_A,1.9
105,0.936,ILE, ,C,40.32,4.23,1.0,<Residue ILE het=  resseq=32 icode= >,1m0d_A_A,1.9
106,3.051,ILE, ,O,35.17,3.72,1.0,<Residue ILE het=  resseq=32 icode= >,1m0d_A_A,1.9
107,0.0,ILE, ,CB,44.68,2.88,1.0,<Residue ILE het=  resseq=32 icode= >,1m0d_A_A,1.9
108,7.948,ILE, ,CG1,40.68,2.59,1.0,<Residue ILE het=  resseq=32 icode= >,1m0d_A_A,1.9
109,31.791,ILE, ,CG2,37.62,1.98,1.0,<Residue ILE het=  resseq=32 icode= >,1m0d_A_A,1.9
110,47.476,ILE, ,CD1,52.2,1.15,1.0,<Residue ILE het=  resseq=32 icode= >,1m0d_A_A,1.9
111,5.551,LYS, ,N,35.78,3.84,1.0,<Residue LYS het=  resseq=33 icode= >,1m0d_A_A,1.9
112,10.395,LYS, ,CA,37.11,3.97,1.0,<Residue LYS het=  resseq=33 icode= >,1m0d_A_A,1.9
113,1.434,LYS, ,C,44.0,3.79,1.0,<Residue LYS het=  resseq=33 icode= >,1m0d_A_A,1.9
114,9.359,LYS, ,O,44.84,2.25,1.0,<Residue LYS het=  resseq=33 icode= >,1m0d_A_A,1.9
115,67.397,LYS, ,CB,41.38,2.44,1.0,<Residue LYS het=  resseq=33 icode= >,1m0d_A_A,1.9
116,3.207,PHE, ,N,35.6,3.97,1.0,<Residue PHE het=  resseq=34 icode= >,1m0d_A_A,1.9
117,11.403,PHE, ,CA,34.26,3.95,1.0,<Residue PHE het=  resseq=34 icode= >,1m0d_A_A,1.9
118,0.849,PHE, ,C,32.76,4.69,1.0,<Residue PHE het=  resseq=34 icode= >,1m0d_A_A,1.9
119,21.349,PHE, ,O,33.19,4.15,1.0,<Residue PHE het=  resseq=34 icode= >,1m0d_A_A,1.9
120,14.155,PHE, ,CB,28.64,3.92,1.0,<Residue PHE het=  resseq=34 icode= >,1m0d_A_A,1.9
121,0.0,PHE, ,CG,33.82,3.98,1.0,<Residue PHE het=  resseq=34 icode= >,1m0d_A_A,1.9
122,5.169,PHE, ,CD1,27.17,3.58,1.0,<Residue PHE het=  resseq=34 icode= >,1m0d_A_A,1.9
123,0.77,PHE, ,CD2,36.82,2.35,1.0,<Residue PHE het=  resseq=34 icode= >,1m0d_A_A,1.9
124,10.207,PHE, ,CE1,35.24,3.17,1.0,<Residue PHE het=  resseq=34 icode= >,1m0d_A_A,1.9
125,4.813,PHE, ,CE2,37.29,2.80,1.0,<Residue PHE het=  resseq=34 icode= >,1m0d_A_A,1.9
126,9.188,PHE, ,CZ,40.6,2.71,1.0,<Residue PHE het=  resseq=34 icode= >,1m0d_A_A,1.9
127,4.756,GLU, ,N,26.77,5.09,1.0,<Residue GLU het=  resseq=35 icode= >,1m0d_A_A,1.9
128,4.86,GLU, ,CA,31.28,4.24,1.0,<Residue GLU het=  resseq=35 icode= >,1m0d_A_A,1.9
129,0.0,GLU, ,C,31.69,5.24,1.0,<Residue GLU het=  resseq=35 icode= >,1m0d_A_A,1.9
130,23.385,GLU, ,O,28.95,4.92,1.0,<Residue GLU het=  resseq=35 icode= >,1m0d_A_A,1.9
131,7.619,GLU, ,CB,28.92,3.72,1.0,<Residue GLU het=  resseq=35 icode= >,1m0d_A_A,1.9
132,25.948,GLU, ,CG,36.02,2.99,1.0,<Residue GLU het=  resseq=35 icode= >,1m0d_A_A,1.9
133,8.094,GLU, ,CD,47.04,3.40,1.0,<Residue GLU het=  resseq=35 icode= >,1m0d_A_A,1.9
134,16.052,GLU, ,OE1,52.94,1.90,1.0,<Residue GLU het=  resseq=35 icode= >,1m0d_A_A,1.9
135,29.733,GLU, ,OE2,59.73,1.93,1.0,<Residue GLU het=  resseq=35 icode= >,1m0d_A_A,1.9
136,6.157,TYR, ,N,30.49,4.49,1.0,<Residue TYR het=  resseq=36 icode= >,1m0d_A_A,1.9
137,1.89,TYR, ,CA,27.55,4.61,1.0,<Residue TYR het=  resseq=36 icode= >,1m0d_A_A,1.9
138,0.0,TYR, ,C,29.5,5.33,1.0,<Residue TYR het=  resseq=36 icode= >,1m0d_A_A,1.9
139,11.384,TYR, ,O,28.71,4.96,1.0,<Residue TYR het=  resseq=36 icode= >,1m0d_A_A,1.9
140,13.318,TYR, ,CB,30.56,3.38,1.0,<Residue TYR het=  resseq=36 icode= >,1m0d_A_A,1.9
141,2.73,TYR, ,CG,38.96,3.47,1.0,<Residue TYR het=  resseq=36 icode= >,1m0d_A_A,1.9
142,14.149,TYR, ,CD1,39.15,3.21,1.0,<Residue TYR het=  resseq=36 icode= >,1m0d_A_A,1.9
143,20.323,TYR, ,CD2,44.28,2.31,1.0,<Residue TYR het=  resseq=36 icode= >,1m0d_A_A,1.9
144,11.071,TYR, ,CE1,45.23,2.68,1.0,<Residue TYR het=  resseq=36 icode= >,1m0d_A_A,1.9
145,21.501,TYR, ,CE2,47.42,2.52,1.0,<Residue TYR het=  resseq=36 icode= >,1m0d_A_A,1.9
146,4.093,TYR, ,CZ,54.28,2.94,1.0,<Residue TYR het=  resseq=36 icode= >,1m0d_A_A,1.9
147,12.972,TYR, ,OH,57.32,1.82,1.0,<Residue TYR het=  resseq=36 icode= >,1m0d_A_A,1.9
148,8.343,GLU, ,N,23.37,4.81,1.0,<Residue GLU het=  resseq=37 icode= >,1m0d_A_A,1.9
149,13.023,GLU, ,CA,24.27,3.58,1.0,<Residue GLU het=  resseq=37 icode= >,1m0d_A_A,1.9
150,1.345,GLU, ,C,29.86,4.84,1.0,<Residue GLU het=  resseq=37 icode= >,1m0d_A_A,1.9
151,25.105,GLU, ,O,32.3,4.08,1.0,<Residue GLU het=  resseq=37 icode= >,1m0d_A_A,1.9
152,13.506,GLU, ,CB,30.72,3.31,1.0,<Residue GLU het=  resseq=37 icode= >,1m0d_A_A,1.9
153,15.377,GLU, ,CG,42.9,1.77,1.0,<Residue GLU het=  resseq=37 icode= >,1m0d_A_A,1.9
154,6.73,GLU, ,CD,53.75,2.74,1.0,<Residue GLU het=  resseq=37 icode= >,1m0d_A_A,1.9
155,25.137,GLU, ,OE1,54.29,2.16,1.0,<Residue GLU het=  resseq=37 icode= >,1m0d_A_A,1.9
156,36.855,GLU, ,OE2,54.55,2.62,1.0,<Residue GLU het=  resseq=37 icode= >,1m0d_A_A,1.9
157,2.474,GLU, ,N,27.68,5.59,1.0,<Residue GLU het=  resseq=38 icode= >,1m0d_A_A,1.9
158,1.706,GLU, ,CA,29.36,4.00,1.0,<Residue GLU het=  resseq=38 icode= >,1m0d_A_A,1.9
159,1.833,GLU, ,C,33.28,4.35,1.0,<Residue GLU het=  resseq=38 icode= >,1m0d_A_A,1.9
160,17.673,GLU, ,O,29.13,4.69,1.0,<Residue GLU het=  resseq=38 icode= >,1m0d_A_A,1.9
161,0.554,GLU, ,CB,27.97,3.61,1.0,<Residue GLU het=  resseq=38 icode= >,1m0d_A_A,1.9
162,2.08,GLU, ,CG,33.2,2.53,1.0,<Residue GLU het=  resseq=38 icode= >,1m0d_A_A,1.9
163,10.836,GLU, ,CD,38.19,4.19,1.0,<Residue GLU het=  resseq=38 icode= >,1m0d_A_A,1.9
164,30.847,GLU, ,OE1,34.09,3.69,1.0,<Residue GLU het=  resseq=38 icode= >,1m0d_A_A,1.9
165,39.762,GLU, ,OE2,37.98,3.51,1.0,<Residue GLU het=  resseq=38 icode= >,1m0d_A_A,1.9
166,1.907,TRP, ,N,25.19,4.81,1.0,<Residue TRP het=  resseq=39 icode= >,1m0d_A_A,1.9
167,0.396,TRP, ,CA,23.06,5.01,1.0,<Residue TRP het=  resseq=39 icode= >,1m0d_A_A,1.9
168,0.828,TRP, ,C,29.88,5.31,1.0,<Residue TRP het=  resseq=39 icode= >,1m0d_A_A,1.9
169,22.578,TRP, ,O,27.66,4.82,1.0,<Residue TRP het=  resseq=39 icode= >,1m0d_A_A,1.9
170,21.812,TRP, ,CB,23.99,4.15,1.0,<Residue TRP het=  resseq=39 icode= >,1m0d_A_A,1.9
171,2.604,TRP, ,CG,25.33,4.97,1.0,<Residue TRP het=  resseq=39 icode= >,1m0d_A_A,1.9
172,17.342,TRP, ,CD1,29.27,4.19,1.0,<Residue TRP het=  resseq=39 icode= >,1m0d_A_A,1.9
173,2.777,TRP, ,CD2,22.49,5.11,1.0,<Residue TRP het=  resseq=39 icode= >,1m0d_A_A,1.9
174,3.515,TRP, ,NE1,24.18,4.88,1.0,<Residue TRP het=  resseq=39 icode= >,1m0d_A_A,1.9
175,3.189,TRP, ,CE2,27.27,5.34,1.0,<Residue TRP het=  resseq=39 icode= >,1m0d_A_A,1.9
176,20.336,TRP, ,CE3,27.76,3.71,1.0,<Residue TRP het=  resseq=39 icode= >,1m0d_A_A,1.9
177,27.662,TRP, ,CZ2,27.28,3.76,1.0,<Residue TRP het=  resseq=39 icode= >,1m0d_A_A,1.9
178,36.471,TRP, ,CZ3,26.72,3.91,1.0,<Residue TRP het=  resseq=39 icode= >,1m0d_A_A,1.9
179,36.049,TRP, ,CH2,28.65,4.11,1.0,<Residue TRP het=  resseq=39 icode= >,1m0d_A_A,1.9
180,3.646,LYS, ,N,23.49,5.06,1.0,<Residue LYS het=  resseq=40 icode= >,1m0d_A_A,1.9
181,4.848,LYS, ,CA,24.24,4.63,1.0,<Residue LYS het=  resseq=40 icode= >,1m0d_A_A,1.9
182,0.0,LYS, ,C,28.79,5.35,1.0,<Residue LYS het=  resseq=40 icode= >,1m0d_A_A,1.9
183,18.031,LYS, ,O,24.81,5.83,1.0,<Residue LYS het=  resseq=40 icode= >,1m0d_A_A,1.9
184,13.72,LYS, ,CB,29.61,3.30,1.0,<Residue LYS het=  resseq=40 icode= >,1m0d_A_A,1.9
185,24.49,LYS, ,CG,38.06,2.92,1.0,<Residue LYS het=  resseq=40 icode= >,1m0d_A_A,1.9
186,36.398,LYS, ,CD,41.84,2.36,1.0,<Residue LYS het=  resseq=40 icode= >,1m0d_A_A,1.9
187,39.255,LYS, ,CE,49.69,1.48,1.0,<Residue LYS het=  resseq=40 icode= >,1m0d_A_A,1.9
188,48.833,LYS, ,NZ,51.29,1.51,1.0,<Residue LYS het=  resseq=40 icode= >,1m0d_A_A,1.9
189,5.632,VAL, ,N,21.6,5.54,1.0,<Residue VAL het=  resseq=41 icode= >,1m0d_A_A,1.9
190,0.892,VAL, ,CA,17.92,4.71,1.0,<Residue VAL het=  resseq=41 icode= >,1m0d_A_A,1.9
191,0.887,VAL, ,C,23.83,5.89,1.0,<Residue VAL het=  resseq=41 icode= >,1m0d_A_A,1.9
192,11.523,VAL, ,O,23.64,6.19,1.0,<Residue VAL het=  resseq=41 icode= >,1m0d_A_A,1.9
193,9.849,VAL, ,CB,21.15,4.41,1.0,<Residue VAL het=  resseq=41 icode= >,1m0d_A_A,1.9
194,46.049,VAL, ,CG1,19.08,4.28,1.0,<Residue VAL het=  resseq=41 icode= >,1m0d_A_A,1.9
195,50.854,VAL, ,CG2,21.51,3.48,1.0,<Residue VAL het=  resseq=41 icode= >,1m0d_A_A,1.9
196,0.0,PRO, ,N,26.64,5.58,1.0,<Residue PRO het=  resseq=42 icode= >,1m0d_A_A,1.9
197,9.546,PRO, ,CA,25.65,4.50,1.0,<Residue PRO het=  resseq=42 icode= >,1m0d_A_A,1.9
198,1.215,PRO, ,C,23.18,5.97,1.0,<Residue PRO het=  resseq=42 icode= >,1m0d_A_A,1.9
199,16.468,PRO, ,O,23.82,6.34,1.0,<Residue PRO het=  resseq=42 icode= >,1m0d_A_A,1.9
200,36.194,PRO, ,CB,28.44,3.30,1.0,<Residue PRO het=  resseq=42 icode= >,1m0d_A_A,1.9
201,41.359,PRO, ,CG,27.39,3.74,1.0,<Residue PRO het=  resseq=42 icode= >,1m0d_A_A,1.9
202,20.478,PRO, ,CD,28.8,3.57,1.0,<Residue PRO het=  resseq=42 icode= >,1m0d_A_A,1.9
203,2.995,TYR, ,N,20.53,5.57,1.0,<Residue TYR het=  resseq=43 icode= >,1m0d_A_A,1.9
204,7.799,TYR, ,CA,23.1,4.66,1.0,<Residue TYR het=  resseq=43 icode= >,1m0d_A_A,1.9
205,0.1,TYR, ,C,26.68,5.53,1.0,<Residue TYR het=  resseq=43 icode= >,1m0d_A_A,1.9
206,22.08,TYR, ,O,24.32,5.75,1.0,<Residue TYR het=  resseq=43 icode= >,1m0d_A_A,1.9
207,24.013,TYR, ,CB,21.44,4.50,1.0,<Residue TYR het=  resseq=43 icode= >,1m0d_A_A,1.9
208,1.935,TYR, ,CG,21.07,5.25,1.0,<Residue TYR het=  resseq=43 icode= >,1m0d_A_A,1.9
209,11.313,TYR, ,CD1,25.84,4.01,1.0,<Residue TYR het=  resseq=43 icode= >,1m0d_A_A,1.9
210,8.676,TYR, ,CD2,21.48,4.64,1.0,<Residue TYR het=  resseq=43 icode= >,1m0d_A_A,1.9
211,12.945,TYR, ,CE1,26.67,4.19,1.0,<Residue TYR het=  resseq=43 icode= >,1m0d_A_A,1.9
212,32.666,TYR, ,CE2,23.23,4.01,1.0,<Residue TYR het=  resseq=43 icode= >,1m0d_A_A,1.9
213,9.925,TYR, ,CZ,28.26,4.87,1.0,<Residue TYR het=  resseq=43 icode= >,1m0d_A_A,1.9
214,39.174,TYR, ,OH,25.48,5.58,1.0,<Residue TYR het=  resseq=43 icode= >,1m0d_A_A,1.9
215,4.643,VAL, ,N,23.56,5.40,1.0,<Residue VAL het=  resseq=44 icode= >,1m0d_A_A,1.9
216,3.211,VAL, ,CA,23.13,4.77,1.0,<Residue VAL het=  resseq=44 icode= >,1m0d_A_A,1.9
217,0.0,VAL, ,C,28.8,5.75,1.0,<Residue VAL het=  resseq=44 icode= >,1m0d_A_A,1.9
218,16.678,VAL, ,O,23.56,6.19,1.0,<Residue VAL het=  resseq=44 icode= >,1m0d_A_A,1.9
219,10.53,VAL, ,CB,22.58,4.13,1.0,<Residue VAL het=  resseq=44 icode= >,1m0d_A_A,1.9
220,42.187,VAL, ,CG1,25.67,2.36,1.0,<Residue VAL het=  resseq=44 icode= >,1m0d_A_A,1.9
221,57.959,VAL, ,CG2,21.55,3.80,1.0,<Residue VAL het=  resseq=44 icode= >,1m0d_A_A,1.9
222,4.748,ILE, ,N,25.61,4.78,1.0,<Residue ILE het=  resseq=45 icode= >,1m0d_A_A,1.9
223,0.963,ILE, ,CA,22.35,4.86,1.0,<Residue ILE het=  resseq=45 icode= >,1m0d_A_A,1.9
224,0.0,ILE, ,C,25.8,5.37,1.0,<Residue ILE het=  resseq=45 icode= >,1m0d_A_A,1.9
225,14.531,ILE, ,O,26.36,5.04,1.0,<Residue ILE het=  resseq=45 icode= >,1m0d_A_A,1.9
226,7.954,ILE, ,CB,30.58,3.39,1.0,<Residue ILE het=  resseq=45 icode= >,1m0d_A_A,1.9
227,10.507,ILE, ,CG1,33.25,2.87,1.0,<Residue ILE het=  resseq=45 icode= >,1m0d_A_A,1.9
228,38.859,ILE, ,CG2,31.52,2.52,1.0,<Residue ILE het=  resseq=45 icode= >,1m0d_A_A,1.9
229,58.67,ILE, ,CD1,34.88,2.33,1.0,<Residue ILE het=  resseq=45 icode= >,1m0d_A_A,1.9
230,0.0,PRO, ,N,25.09,5.95,1.0,<Residue PRO het=  resseq=46 icode= >,1m0d_A_A,1.9
231,7.887,PRO, ,CA,31.51,4.36,1.0,<Residue PRO het=  resseq=46 icode= >,1m0d_A_A,1.9
232,0.008,PRO, ,C,29.4,5.07,1.0,<Residue PRO het=  resseq=46 icode= >,1m0d_A_A,1.9
233,9.446,PRO, ,O,26.62,5.17,1.0,<Residue PRO het=  resseq=46 icode= >,1m0d_A_A,1.9
234,29.437,PRO, ,CB,36.81,3.43,1.0,<Residue PRO het=  resseq=46 icode= >,1m0d_A_A,1.9
235,42.093,PRO, ,CG,36.15,2.41,1.0,<Residue PRO het=  resseq=46 icode= >,1m0d_A_A,1.9
236,18.207,PRO, ,CD,28.26,3.65,1.0,<Residue PRO het=  resseq=46 icode= >,1m0d_A_A,1.9
237,8.461,ALA, ,N,29.35,4.23,1.0,<Residue ALA het=  resseq=47 icode= >,1m0d_A_A,1.9
238,12.677,ALA, ,CA,31.25,3.66,1.0,<Residue ALA het=  resseq=47 icode= >,1m0d_A_A,1.9
239,1.16,ALA, ,C,32.39,4.56,1.0,<Residue ALA het=  resseq=47 icode= >,1m0d_A_A,1.9
240,17.388,ALA, ,O,28.43,5.07,1.0,<Residue ALA het=  resseq=47 icode= >,1m0d_A_A,1.9
241,68.594,ALA, ,CB,26.61,3.20,1.0,<Residue ALA het=  resseq=47 icode= >,1m0d_A_A,1.9
242,4.774,SER, ,N,29.39,3.96,1.0,<Residue SER het=  resseq=48 icode= >,1m0d_A_A,1.9
243,4.08,SER, ,CA,27.99,3.58,1.0,<Residue SER het=  resseq=48 icode= >,1m0d_A_A,1.9
244,0.782,SER, ,C,34.46,5.32,1.0,<Residue SER het=  resseq=48 icode= >,1m0d_A_A,1.9
245,19.832,SER, ,O,27.98,5.10,1.0,<Residue SER het=  resseq=48 icode= >,1m0d_A_A,1.9
246,32.06,SER, ,CB,29.27,4.01,1.0,<Residue SER het=  resseq=48 icode= >,1m0d_A_A,1.9
247,18.611,SER, ,OG,33.91,4.15,1.0,<Residue SER het=  resseq=48 icode= >,1m0d_A_A,1.9
248,4.341,ASN, ,N,32.55,4.71,1.0,<Residue ASN het=  resseq=49 icode= >,1m0d_A_A,1.9
249,3.132,ASN, ,CA,33.95,4.05,1.0,<Residue ASN het=  resseq=49 icode= >,1m0d_A_A,1.9
250,1.156,ASN, ,C,34.55,4.91,1.0,<Residue ASN het=  resseq=49 icode= >,1m0d_A_A,1.9
251,20.29,ASN, ,O,28.6,4.84,1.0,<Residue ASN het=  resseq=49 icode= >,1m0d_A_A,1.9
252,29.471,ASN, ,CB,41.33,2.86,1.0,<Residue ASN het=  resseq=49 icode= >,1m0d_A_A,1.9
253,6.165,ASN, ,CG,51.94,3.40,1.0,<Residue ASN het=  resseq=49 icode= >,1m0d_A_A,1.9
254,34.844,ASN, ,OD1,66.05,1.30,1.0,<Residue ASN het=  resseq=49 icode= >,1m0d_A_A,1.9
255,53.923,ASN, ,ND2,42.46,2.78,1.0,<Residue ASN het=  resseq=49 icode= >,1m0d_A_A,1.9
256,4.838,HIS, ,N,30.65,4.19,1.0,<Residue HIS het=  resseq=50 icode= >,1m0d_A_A,1.9
257,8.357,HIS, ,CA,27.59,3.85,1.0,<Residue HIS het=  resseq=50 icode= >,1m0d_A_A,1.9
258,1.895,HIS, ,C,27.25,4.77,1.0,<Residue HIS het=  resseq=50 icode= >,1m0d_A_A,1.9
259,23.42,HIS, ,O,25.61,4.67,1.0,<Residue HIS het=  resseq=50 icode= >,1m0d_A_A,1.9
260,23.895,HIS, ,CB,26.19,3.57,1.0,<Residue HIS het=  resseq=50 icode= >,1m0d_A_A,1.9
261,3.294,HIS, ,CG,28.49,4.91,1.0,<Residue HIS het=  resseq=50 icode= >,1m0d_A_A,1.9
262,9.532,HIS, ,ND1,42.85,3.73,1.0,<Residue HIS het=  resseq=50 icode= >,1m0d_A_A,1.9
263,34.606,HIS, ,CD2,30.41,4.06,1.0,<Residue HIS het=  resseq=50 icode= >,1m0d_A_A,1.9
264,11.814,HIS, ,CE1,28.1,3.50,1.0,<Residue HIS het=  resseq=50 icode= >,1m0d_A_A,1.9
265,30.053,HIS, ,NE2,44.89,3.13,1.0,<Residue HIS het=  resseq=50 icode= >,1m0d_A_A,1.9
266,3.7,THR, ,N,30.85,4.54,1.0,<Residue THR het=  resseq=51 icode= >,1m0d_A_A,1.9
267,5.302,THR, ,CA,31.84,4.00,1.0,<Residue THR het=  resseq=51 icode= >,1m0d_A_A,1.9
268,1.731,THR, ,C,30.15,5.20,1.0,<Residue THR het=  resseq=51 icode= >,1m0d_A_A,1.9
269,23.27,THR, ,O,28.21,4.82,1.0,<Residue THR het=  resseq=51 icode= >,1m0d_A_A,1.9
270,13.353,THR, ,CB,35.34,4.19,1.0,<Residue THR het=  resseq=51 icode= >,1m0d_A_A,1.9
271,28.393,THR, ,OG1,39.41,3.34,1.0,<Residue THR het=  resseq=51 icode= >,1m0d_A_A,1.9
272,56.057,THR, ,CG2,35.84,2.23,1.0,<Residue THR het=  resseq=51 icode= >,1m0d_A_A,1.9
273,5.554,TYR, ,N,28.16,4.46,1.0,<Residue TYR het=  resseq=52 icode= >,1m0d_A_A,1.9
274,4.073,TYR, ,CA,25.5,4.05,1.0,<Residue TYR het=  resseq=52 icode= >,1m0d_A_A,1.9
275,0.158,TYR, ,C,24.49,6.06,1.0,<Residue TYR het=  resseq=52 icode= >,1m0d_A_A,1.9
276,17.796,TYR, ,O,27.38,5.13,1.0,<Residue TYR het=  resseq=52 icode= >,1m0d_A_A,1.9
277,4.664,TYR, ,CB,32.06,2.97,1.0,<Residue TYR het=  resseq=52 icode= >,1m0d_A_A,1.9
278,0.0,TYR, ,CG,30.07,3.96,1.0,<Residue TYR het=  resseq=52 icode= >,1m0d_A_A,1.9
279,5.107,TYR, ,CD1,26.66,4.14,1.0,<Residue TYR het=  resseq=52 icode= >,1m0d_A_A,1.9
280,1.744,TYR, ,CD2,35.92,3.08,1.0,<Residue TYR het=  resseq=52 icode= >,1m0d_A_A,1.9
281,4.662,TYR, ,CE1,25.75,3.84,1.0,<Residue TYR het=  resseq=52 icode= >,1m0d_A_A,1.9
282,0.0,TYR, ,CE2,29.9,3.68,1.0,<Residue TYR het=  resseq=52 icode= >,1m0d_A_A,1.9
283,0.0,TYR, ,CZ,26.85,5.05,1.0,<Residue TYR het=  resseq=52 icode= >,1m0d_A_A,1.9
284,0.0,TYR, ,OH,29.69,4.33,1.0,<Residue TYR het=  resseq=52 icode= >,1m0d_A_A,1.9
285,4.731,THR, ,N,30.26,3.86,1.0,<Residue THR het=  resseq=53 icode= >,1m0d_A_A,1.9
286,2.132,THR, ,CA,32.65,3.32,1.0,<Residue THR het=  resseq=53 icode= >,1m0d_A_A,1.9
287,0.0,THR, ,C,23.07,5.35,1.0,<Residue THR het=  resseq=53 icode= >,1m0d_A_A,1.9
288,11.096,THR, ,O,28.68,5.13,1.0,<Residue THR het=  resseq=53 icode= >,1m0d_A_A,1.9
289,15.275,THR, ,CB,34.74,3.39,1.0,<Residue THR het=  resseq=53 icode= >,1m0d_A_A,1.9
290,29.718,THR, ,OG1,33.24,3.28,1.0,<Residue THR het=  resseq=53 icode= >,1m0d_A_A,1.9
291,53.619,THR, ,CG2,29.56,2.68,1.0,<Residue THR het=  resseq=53 icode= >,1m0d_A_A,1.9
292,0.0,PRO, ,N,26.97,4.48,1.0,<Residue PRO het=  resseq=54 icode= >,1m0d_A_A,1.9
293,0.0,PRO, ,CA,26.51,3.58,1.0,<Residue PRO het=  resseq=54 icode= >,1m0d_A_A,1.9
294,0.0,PRO, ,C,28.11,5.33,1.0,<Residue PRO het=  resseq=54 icode= >,1m0d_A_A,1.9
295,9.014,PRO, ,O,31.98,4.25,1.0,<Residue PRO het=  resseq=54 icode= >,1m0d_A_A,1.9
296,0.0,PRO, ,CB,27.42,3.31,1.0,<Residue PRO het=  resseq=54 icode= >,1m0d_A_A,1.9
297,3.949,PRO, ,CG,41.82,2.32,1.0,<Residue PRO het=  resseq=54 icode= >,1m0d_A_A,1.9
298,14.534,PRO, ,CD,30.59,3.23,1.0,<Residue PRO het=  resseq=54 icode= >,1m0d_A_A,1.9
299,0.0,ASP, ,N,26.03,4.69,1.0,<Residue ASP het=  resseq=55 icode= >,1m0d_A_A,1.9
300,5.427,ASP, ,CA,24.18,4.66,1.0,<Residue ASP het=  resseq=55 icode= >,1m0d_A_A,1.9
301,0.162,ASP, ,C,25.34,5.63,1.0,<Residue ASP het=  resseq=55 icode= >,1m0d_A_A,1.9
302,27.519,ASP, ,O,29.31,5.04,1.0,<Residue ASP het=  resseq=55 icode= >,1m0d_A_A,1.9
303,3.324,ASP, ,CB,25.82,3.84,1.0,<Residue ASP het=  resseq=55 icode= >,1m0d_A_A,1.9
304,3.563,ASP, ,CG,37.08,5.17,1.0,<Residue ASP het=  resseq=55 icode= >,1m0d_A_A,1.9
305,33.785,ASP, ,OD1,33.44,3.66,1.0,<Residue ASP het=  resseq=55 icode= >,1m0d_A_A,1.9
306,0.87,ASP, ,OD2,27.8,4.43,1.0,<Residue ASP het=  resseq=55 icode= >,1m0d_A_A,1.9
307,0.0,PHE, ,N,26.54,5.22,1.0,<Residue PHE het=  resseq=56 icode= >,1m0d_A_A,1.9
308,2.903,PHE, ,CA,29.07,4.72,1.0,<Residue PHE het=  resseq=56 icode= >,1m0d_A_A,1.9
309,0.987,PHE, ,C,27.54,5.29,1.0,<Residue PHE het=  resseq=56 icode= >,1m0d_A_A,1.9
310,0.0,PHE, ,O,31.19,4.51,1.0,<Residue PHE het=  resseq=56 icode= >,1m0d_A_A,1.9
311,1.38,PHE, ,CB,24.84,3.92,1.0,<Residue PHE het=  resseq=56 icode= >,1m0d_A_A,1.9
312,0.004,PHE, ,CG,25.08,5.04,1.0,<Residue PHE het=  resseq=56 icode= >,1m0d_A_A,1.9
313,0.0,PHE, ,CD1,26.86,3.92,1.0,<Residue PHE het=  resseq=56 icode= >,1m0d_A_A,1.9
314,23.865,PHE, ,CD2,27.53,4.08,1.0,<Residue PHE het=  resseq=56 icode= >,1m0d_A_A,1.9
315,4.83,PHE, ,CE1,26.75,4.16,1.0,<Residue PHE het=  resseq=56 icode= >,1m0d_A_A,1.9
316,36.1,PHE, ,CE2,27.6,3.81,1.0,<Residue PHE het=  resseq=56 icode= >,1m0d_A_A,1.9
317,35.824,PHE, ,CZ,35.37,3.03,1.0,<Residue PHE het=  resseq=56 icode= >,1m0d_A_A,1.9
318,6.559,LEU, ,N,27.66,5.04,1.0,<Residue LEU het=  resseq=57 icode= >,1m0d_A_A,1.9
319,0.0,LEU, ,CA,31.22,3.55,1.0,<Residue LEU het=  resseq=57 icode= >,1m0d_A_A,1.9
320,0.0,LEU, ,C,28.02,4.94,1.0,<Residue LEU het=  resseq=57 icode= >,1m0d_A_A,1.9
321,22.964,LEU, ,O,25.73,5.09,1.0,<Residue LEU het=  resseq=57 icode= >,1m0d_A_A,1.9
322,15.451,LEU, ,CB,29.09,3.11,1.0,<Residue LEU het=  resseq=57 icode= >,1m0d_A_A,1.9
323,4.331,LEU, ,CG,30.95,3.75,1.0,<Residue LEU het=  resseq=57 icode= >,1m0d_A_A,1.9
324,0.263,LEU, ,CD1,28.41,2.77,1.0,<Residue LEU het=  resseq=57 icode= >,1m0d_A_A,1.9
325,28.051,LEU, ,CD2,34.85,3.02,1.0,<Residue LEU het=  resseq=57 icode= >,1m0d_A_A,1.9
326,0.0,LEU, ,N,27.73,4.63,1.0,<Residue LEU het=  resseq=58 icode= >,1m0d_A_A,1.9
327,0.111,LEU, ,CA,28.41,4.06,1.0,<Residue LEU het=  resseq=58 icode= >,1m0d_A_A,1.9
328,0.935,LEU, ,C,36.67,3.86,1.0,<Residue LEU het=  resseq=58 icode= >,1m0d_A_A,1.9
329,2.207,LEU, ,O,27.15,4.37,1.0,<Residue LEU het=  resseq=58 icode= >,1m0d_A_A,1.9
330,0.171,LEU, ,CB,28.46,3.25,1.0,<Residue LEU het=  resseq=58 icode= >,1m0d_A_A,1.9
331,1.912,LEU, ,CG,36.29,3.87,1.0,<Residue LEU het=  resseq=58 icode= >,1m0d_A_A,1.9
332,18.067,LEU, ,CD1,33.83,3.48,1.0,<Residue LEU het=  resseq=58 icode= >,1m0d_A_A,1.9
333,0.0,LEU, ,CD2,29.65,3.22,1.0,<Residue LEU het=  resseq=58 icode= >,1m0d_A_A,1.9
334,0.372,PRO, ,N,33.79,3.95,1.0,<Residue PRO het=  resseq=59 icode= >,1m0d_A_A,1.9
335,13.126,PRO, ,CA,35.08,3.51,1.0,<Residue PRO het=  resseq=59 icode= >,1m0d_A_A,1.9
336,0.906,PRO, ,C,30.59,5.69,1.0,<Residue PRO het=  resseq=59 icode= >,1m0d_A_A,1.9
337,7.542,PRO, ,O,38.52,3.76,1.0,<Residue PRO het=  resseq=59 icode= >,1m0d_A_A,1.9
338,35.778,PRO, ,CB,45.23,1.83,1.0,<Residue PRO het=  resseq=59 icode= >,1m0d_A_A,1.9
339,44.73,PRO, ,CG,34.57,3.06,1.0,<Residue PRO het=  resseq=59 icode= >,1m0d_A_A,1.9
340,18.174,PRO, ,CD,35.07,2.77,1.0,<Residue PRO het=  resseq=59 icode= >,1m0d_A_A,1.9
341,0.568,ASN, ,N,26.89,5.52,1.0,<Residue ASN het=  resseq=60 icode= >,1m0d_A_A,1.9
342,0.749,ASN, ,CA,27.26,4.40,1.0,<Residue ASN het=  resseq=60 icode= >,1m0d_A_A,1.9
343,0.0,ASN, ,C,24.87,5.24,1.0,<Residue ASN het=  resseq=60 icode= >,1m0d_A_A,1.9
344,0.137,ASN, ,O,32.56,3.86,1.0,<Residue ASN het=  resseq=60 icode= >,1m0d_A_A,1.9
345,7.718,ASN, ,CB,29.82,3.77,1.0,<Residue ASN het=  resseq=60 icode= >,1m0d_A_A,1.9
346,1.037,ASN, ,CG,38.41,4.72,1.0,<Residue ASN het=  resseq=60 icode= >,1m0d_A_A,1.9
347,0.0,ASN, ,OD1,31.68,3.97,1.0,<Residue ASN het=  resseq=60 icode= >,1m0d_A_A,1.9
348,0.0,ASN, ,ND2,26.88,4.06,1.0,<Residue ASN het=  resseq=60 icode= >,1m0d_A_A,1.9
349,0.292,GLY, ,N,28.32,5.43,1.0,<Residue GLY het=  resseq=61 icode= >,1m0d_A_A,1.9
350,3.302,GLY, ,CA,32.45,2.98,1.0,<Residue GLY het=  resseq=61 icode= >,1m0d_A_A,1.9
351,0.0,GLY, ,C,34.76,4.32,1.0,<Residue GLY het=  resseq=61 icode= >,1m0d_A_A,1.9
352,2.251,GLY, ,O,31.4,4.36,1.0,<Residue GLY het=  resseq=61 icode= >,1m0d_A_A,1.9
353,0.0,ILE, ,N,30.82,4.02,1.0,<Residue ILE het=  resseq=62 icode= >,1m0d_A_A,1.9
354,0.0,ILE, ,CA,29.17,3.97,1.0,<Residue ILE het=  resseq=62 icode= >,1m0d_A_A,1.9
355,0.0,ILE, ,C,26.47,5.75,1.0,<Residue ILE het=  resseq=62 icode= >,1m0d_A_A,1.9
356,0.0,ILE, ,O,28.12,5.86,1.0,<Residue ILE het=  resseq=62 icode= >,1m0d_A_A,1.9
357,0.0,ILE, ,CB,24.21,4.17,1.0,<Residue ILE het=  resseq=62 icode= >,1m0d_A_A,1.9
358,0.549,ILE, ,CG1,31.11,3.39,1.0,<Residue ILE het=  resseq=62 icode= >,1m0d_A_A,1.9
359,0.0,ILE, ,CG2,22.3,3.88,1.0,<Residue ILE het=  resseq=62 icode= >,1m0d_A_A,1.9
360,0.312,ILE, ,CD1,26.67,2.82,1.0,<Residue ILE het=  resseq=62 icode= >,1m0d_A_A,1.9
361,0.0,PHE, ,N,23.49,5.18,1.0,<Residue PHE het=  resseq=63 icode= >,1m0d_A_A,1.9
362,0.0,PHE, ,CA,18.97,4.98,1.0,<Residue PHE het=  resseq=63 icode= >,1m0d_A_A,1.9
363,0.0,PHE, ,C,25.92,5.35,1.0,<Residue PHE het=  resseq=63 icode= >,1m0d_A_A,1.9
364,0.0,PHE, ,O,22.97,5.27,1.0,<Residue PHE het=  resseq=63 icode= >,1m0d_A_A,1.9
365,0.0,PHE, ,CB,29.1,3.00,1.0,<Residue PHE het=  resseq=63 icode= >,1m0d_A_A,1.9
366,0.0,PHE, ,CG,28.22,4.10,1.0,<Residue PHE het=  resseq=63 icode= >,1m0d_A_A,1.9
367,0.38,PHE, ,CD1,25.65,4.29,1.0,<Residue PHE het=  resseq=63 icode= >,1m0d_A_A,1.9
368,0.54,PHE, ,CD2,26.34,3.93,1.0,<Residue PHE het=  resseq=63 icode= >,1m0d_A_A,1.9
369,0.915,PHE, ,CE1,32.65,3.24,1.0,<Residue PHE het=  resseq=63 icode= >,1m0d_A_A,1.9
370,14.254,PHE, ,CE2,32.57,3.84,1.0,<Residue PHE het=  resseq=63 icode= >,1m0d_A_A,1.9
371,3.302,PHE, ,CZ,29.07,3.42,1.0,<Residue PHE het=  resseq=63 icode= >,1m0d_A_A,1.9
372,0.0,VAL, ,N,23.42,4.71,1.0,<Residue VAL het=  resseq=64 icode= >,1m0d_A_A,1.9
373,0.0,VAL, ,CA,21.6,4.78,1.0,<Residue VAL het=  resseq=64 icode= >,1m0d_A_A,1.9
374,0.0,VAL, ,C,21.52,5.67,1.0,<Residue VAL het=  resseq=64 icode= >,1m0d_A_A,1.9
375,0.0,VAL, ,O,25.07,5.77,1.0,<Residue VAL het=  resseq=64 icode= >,1m0d_A_A,1.9
376,0.0,VAL, ,CB,23.84,4.06,1.0,<Residue VAL het=  resseq=64 icode= >,1m0d_A_A,1.9
377,0.0,VAL, ,CG1,26.8,3.19,1.0,<Residue VAL het=  resseq=64 icode= >,1m0d_A_A,1.9
378,0.0,VAL, ,CG2,20.05,4.02,1.0,<Residue VAL het=  resseq=64 icode= >,1m0d_A_A,1.9
379,0.0,GLU, ,N,21.28,5.17,1.0,<Residue GLU het=  resseq=65 icode= >,1m0d_A_A,1.9
380,0.0,GLU, ,CA,21.59,5.12,1.0,<Residue GLU het=  resseq=65 icode= >,1m0d_A_A,1.9
381,0.0,GLU, ,C,24.73,5.36,1.0,<Residue GLU het=  resseq=65 icode= >,1m0d_A_A,1.9
382,0.0,GLU, ,O,23.88,5.25,1.0,<Residue GLU het=  resseq=65 icode= >,1m0d_A_A,1.9
383,0.0,GLU, ,CB,20.67,4.20,1.0,<Residue GLU het=  resseq=65 icode= >,1m0d_A_A,1.9
384,0.0,GLU, ,CG,21.8,4.03,1.0,<Residue GLU het=  resseq=65 icode= >,1m0d_A_A,1.9
385,0.662,GLU, ,CD,24.41,5.62,1.0,<Residue GLU het=  resseq=65 icode= >,1m0d_A_A,1.9
386,0.69,GLU, ,OE1,26.59,4.66,1.0,<Residue GLU het=  resseq=65 icode= >,1m0d_A_A,1.9
387,11.254,GLU, ,OE2,26.38,4.56,1.0,<Residue GLU het=  resseq=65 icode= >,1m0d_A_A,1.9
388,0.0,THR, ,N,21.42,5.24,1.0,<Residue THR het=  resseq=66 icode= >,1m0d_A_A,1.9
389,0.0,THR, ,CA,23.39,4.83,1.0,<Residue THR het=  resseq=66 icode= >,1m0d_A_A,1.9
390,1.425,THR, ,C,24.37,5.75,1.0,<Residue THR het=  resseq=66 icode= >,1m0d_A_A,1.9
391,7.494,THR, ,O,28.17,5.63,1.0,<Residue THR het=  resseq=66 icode= >,1m0d_A_A,1.9
392,15.671,THR, ,CB,22.54,5.15,1.0,<Residue THR het=  resseq=66 icode= >,1m0d_A_A,1.9
393,13.215,THR, ,OG1,24.61,5.47,1.0,<Residue THR het=  resseq=66 icode= >,1m0d_A_A,1.9
394,23.255,THR, ,CG2,25.88,3.38,1.0,<Residue THR het=  resseq=66 icode= >,1m0d_A_A,1.9
395,2.28,LYS, ,N,24.12,5.06,1.0,<Residue LYS het=  resseq=67 icode= >,1m0d_A_A,1.9
396,2.626,LYS, ,CA,26.51,4.40,1.0,<Residue LYS het=  resseq=67 icode= >,1m0d_A_A,1.9
397,2.007,LYS, ,C,30.56,4.42,1.0,<Residue LYS het=  resseq=67 icode= >,1m0d_A_A,1.9
398,0.023,LYS, ,O,26.71,4.87,1.0,<Residue LYS het=  resseq=67 icode= >,1m0d_A_A,1.9
399,0.0,LYS, ,CB,24.26,3.90,1.0,<Residue LYS het=  resseq=67 icode= >,1m0d_A_A,1.9
400,0.0,LYS, ,CG,26.33,3.14,1.0,<Residue LYS het=  resseq=67 icode= >,1m0d_A_A,1.9
401,5.333,LYS, ,CD,26.52,3.99,1.0,<Residue LYS het=  resseq=67 icode= >,1m0d_A_A,1.9
402,0.125,LYS, ,CE,24.2,4.01,1.0,<Residue LYS het=  resseq=67 icode= >,1m0d_A_A,1.9
403,18.853,LYS, ,NZ,29.85,3.60,1.0,<Residue LYS het=  resseq=67 icode= >,1m0d_A_A,1.9
404,11.333,GLY, ,N,29.16,4.53,1.0,<Residue GLY het=  resseq=68 icode= >,1m0d_A_A,1.9
405,20.49,GLY, ,CA,27.84,4.04,1.0,<Residue GLY het=  resseq=68 icode= >,1m0d_A_A,1.9
406,4.985,GLY, ,C,32.7,4.83,1.0,<Residue GLY het=  resseq=68 icode= >,1m0d_A_A,1.9
407,3.079,GLY, ,O,33.65,4.63,1.0,<Residue GLY het=  resseq=68 icode= >,1m0d_A_A,1.9
408,9.663,LEU, ,N,28.82,3.93,1.0,<Residue LEU het=  resseq=69 icode= >,1m0d_A_A,1.9
409,4.234,LEU, ,CA,38.72,2.72,1.0,<Residue LEU het=  resseq=69 icode= >,1m0d_A_A,1.9
410,0.0,LEU, ,C,28.03,4.30,1.0,<Residue LEU het=  resseq=69 icode= >,1m0d_A_A,1.9
411,10.465,LEU, ,O,34.57,3.77,1.0,<Residue LEU het=  resseq=69 icode= >,1m0d_A_A,1.9
412,22.105,LEU, ,CB,39.18,2.54,1.0,<Residue LEU het=  resseq=69 icode= >,1m0d_A_A,1.9
413,0.0,LEU, ,CG,54.3,1.57,1.0,<Residue LEU het=  resseq=69 icode= >,1m0d_A_A,1.9
414,42.411,LEU, ,CD1,58.03,0.95,1.0,<Residue LEU het=  resseq=69 icode= >,1m0d_A_A,1.9
415,44.228,LEU, ,CD2,57.42,0.58,1.0,<Residue LEU het=  resseq=69 icode= >,1m0d_A_A,1.9
416,0.0,TRP, ,N,25.91,4.57,1.0,<Residue TRP het=  resseq=70 icode= >,1m0d_A_A,1.9
417,0.0,TRP, ,CA,29.62,3.37,1.0,<Residue TRP het=  resseq=70 icode= >,1m0d_A_A,1.9
418,0.0,TRP, ,C,31.96,4.83,1.0,<Residue TRP het=  resseq=70 icode= >,1m0d_A_A,1.9
419,0.858,TRP, ,O,34.5,3.95,1.0,<Residue TRP het=  resseq=70 icode= >,1m0d_A_A,1.9
420,0.0,TRP, ,CB,27.63,3.30,1.0,<Residue TRP het=  resseq=70 icode= >,1m0d_A_A,1.9
421,0.0,TRP, ,CG,24.48,4.14,1.0,<Residue TRP het=  resseq=70 icode= >,1m0d_A_A,1.9
422,0.0,TRP, ,CD1,24.98,4.37,1.0,<Residue TRP het=  resseq=70 icode= >,1m0d_A_A,1.9
423,0.0,TRP, ,CD2,24.54,4.57,1.0,<Residue TRP het=  resseq=70 icode= >,1m0d_A_A,1.9
424,0.0,TRP, ,NE1,28.16,4.56,1.0,<Residue TRP het=  resseq=70 icode= >,1m0d_A_A,1.9
425,0.0,TRP, ,CE2,24.3,5.09,1.0,<Residue TRP het=  resseq=70 icode= >,1m0d_A_A,1.9
426,0.0,TRP, ,CE3,28.22,3.69,1.0,<Residue TRP het=  resseq=70 icode= >,1m0d_A_A,1.9
427,0.0,TRP, ,CZ2,25.31,5.02,1.0,<Residue TRP het=  resseq=70 icode= >,1m0d_A_A,1.9
428,0.0,TRP, ,CZ3,29.5,3.60,1.0,<Residue TRP het=  resseq=70 icode= >,1m0d_A_A,1.9
429,0.0,TRP, ,CH2,28.05,3.78,1.0,<Residue TRP het=  resseq=70 icode= >,1m0d_A_A,1.9
430,0.625,GLU, ,N,33.96,4.17,1.0,<Residue GLU het=  resseq=71 icode= >,1m0d_A_A,1.9
431,4.208,GLU, ,CA,42.39,3.30,1.0,<Residue GLU het=  resseq=71 icode= >,1m0d_A_A,1.9
432,0.0,GLU, ,C,46.53,3.45,1.0,<Residue GLU het=  resseq=71 icode= >,1m0d_A_A,1.9
433,0.0,GLU, ,O,29.58,4.62,1.0,<Residue GLU het=  resseq=71 icode= >,1m0d_A_A,1.9
434,12.114,GLU, ,CB,42.66,2.54,1.0,<Residue GLU het=  resseq=71 icode= >,1m0d_A_A,1.9
435,8.568,GLU, ,CG,60.06,1.34,1.0,<Residue GLU het=  resseq=71 icode= >,1m0d_A_A,1.9
436,6.963,GLU, ,CD,71.88,1.63,1.0,<Residue GLU het=  resseq=71 icode= >,1m0d_A_A,1.9
437,39.495,GLU, ,OE1,74.08,1.29,1.0,<Residue GLU het=  resseq=71 icode= >,1m0d_A_A,1.9
438,36.392,GLU, ,OE2,85.2,0.34,1.0,<Residue GLU het=  resseq=71 icode= >,1m0d_A_A,1.9
439,4.388,SER, ,N,39.31,3.37,1.0,<Residue SER het=  resseq=72 icode= >,1m0d_A_A,1.9
440,0.0,SER, ,CA,38.04,3.04,1.0,<Residue SER het=  resseq=72 icode= >,1m0d_A_A,1.9
441,0.0,SER, ,C,24.95,5.01,1.0,<Residue SER het=  resseq=72 icode= >,1m0d_A_A,1.9
442,0.223,SER, ,O,33.1,4.20,1.0,<Residue SER het=  resseq=72 icode= >,1m0d_A_A,1.9
443,36.138,SER, ,CB,44.55,2.44,1.0,<Residue SER het=  resseq=72 icode= >,1m0d_A_A,1.9
444,14.373,SER, ,OG,48.52,1.80,1.0,<Residue SER het=  resseq=72 icode= >,1m0d_A_A,1.9
445,0.384,ASP, ,N,25.5,4.58,1.0,<Residue ASP het=  resseq=73 icode= >,1m0d_A_A,1.9
446,0.529,ASP, ,CA,29.29,3.90,1.0,<Residue ASP het=  resseq=73 icode= >,1m0d_A_A,1.9
447,0.955,ASP, ,C,29.37,4.63,1.0,<Residue ASP het=  resseq=73 icode= >,1m0d_A_A,1.9
448,5.284,ASP, ,O,24.88,5.09,1.0,<Residue ASP het=  resseq=73 icode= >,1m0d_A_A,1.9
449,28.252,ASP, ,CB,36.12,2.41,1.0,<Residue ASP het=  resseq=73 icode= >,1m0d_A_A,1.9
450,13.066,ASP, ,CG,51.58,2.53,1.0,<Residue ASP het=  resseq=73 icode= >,1m0d_A_A,1.9
451,19.793,ASP, ,OD1,44.46,2.69,1.0,<Residue ASP het=  resseq=73 icode= >,1m0d_A_A,1.9
452,41.794,ASP, ,OD2,60.07,1.42,1.0,<Residue ASP het=  resseq=73 icode= >,1m0d_A_A,1.9
453,1.093,ASP, ,N,28.12,4.58,1.0,<Residue ASP het=  resseq=74 icode= >,1m0d_A_A,1.9
454,2.964,ASP, ,CA,29.75,4.31,1.0,<Residue ASP het=  resseq=74 icode= >,1m0d_A_A,1.9
455,0.0,ASP, ,C,24.76,5.00,1.0,<Residue ASP het=  resseq=74 icode= >,1m0d_A_A,1.9
456,0.0,ASP, ,O,27.37,5.89,1.0,<Residue ASP het=  resseq=74 icode= >,1m0d_A_A,1.9
457,5.781,ASP, ,CB,33.86,3.17,1.0,<Residue ASP het=  resseq=74 icode= >,1m0d_A_A,1.9
458,0.888,ASP, ,CG,48.08,3.45,1.0,<Residue ASP het=  resseq=74 icode= >,1m0d_A_A,1.9
459,0.008,ASP, ,OD1,52.6,1.82,1.0,<Residue ASP het=  resseq=74 icode= >,1m0d_A_A,1.9
460,12.742,ASP, ,OD2,54.0,2.16,1.0,<Residue ASP het=  resseq=74 icode= >,1m0d_A_A,1.9
461,0.0,ARG, ,N,22.21,5.68,1.0,<Residue ARG het=  resseq=75 icode= >,1m0d_A_A,1.9
462,0.0,ARG, ,CA,26.14,4.57,1.0,<Residue ARG het=  resseq=75 icode= >,1m0d_A_A,1.9
463,0.0,ARG, ,C,31.91,5.58,1.0,<Residue ARG het=  resseq=75 icode= >,1m0d_A_A,1.9
464,0.0,ARG, ,O,25.97,5.61,1.0,<Residue ARG het=  resseq=75 icode= >,1m0d_A_A,1.9
465,2.029,ARG, ,CB,28.52,2.99,1.0,<Residue ARG het=  resseq=75 icode= >,1m0d_A_A,1.9
466,0.0,ARG, ,CG,31.82,3.10,1.0,<Residue ARG het=  resseq=75 icode= >,1m0d_A_A,1.9
467,0.0,ARG, ,CD,40.37,2.80,1.0,<Residue ARG het=  resseq=75 icode= >,1m0d_A_A,1.9
468,0.0,ARG, ,NE,67.23,1.59,1.0,<Residue ARG het=  resseq=75 icode= >,1m0d_A_A,1.9
469,0.0,ARG, ,CZ,34.63,4.15,1.0,<Residue ARG het=  resseq=75 icode= >,1m0d_A_A,1.9
470,13.763,ARG, ,NH1,57.76,2.36,1.0,<Residue ARG het=  resseq=75 icode= >,1m0d_A_A,1.9
471,5.753,ARG, ,NH2,50.97,1.85,1.0,<Residue ARG het=  resseq=75 icode= >,1m0d_A_A,1.9
472,0.092,LYS, ,N,26.23,4.79,1.0,<Residue LYS het=  resseq=76 icode= >,1m0d_A_A,1.9
473,1.532,LYS, ,CA,24.03,4.22,1.0,<Residue LYS het=  resseq=76 icode= >,1m0d_A_A,1.9
474,0.0,LYS, ,C,24.56,5.40,1.0,<Residue LYS het=  resseq=76 icode= >,1m0d_A_A,1.9
475,0.233,LYS, ,O,27.69,4.75,1.0,<Residue LYS het=  resseq=76 icode= >,1m0d_A_A,1.9
476,9.469,LYS, ,CB,32.32,2.92,1.0,<Residue LYS het=  resseq=76 icode= >,1m0d_A_A,1.9
477,16.048,LYS, ,CG,51.5,1.71,1.0,<Residue LYS het=  resseq=76 icode= >,1m0d_A_A,1.9
478,19.156,LYS, ,CD,56.41,1.14,1.0,<Residue LYS het=  resseq=76 icode= >,1m0d_A_A,1.9
479,27.417,LYS, ,CE,66.65,1.03,1.0,<Residue LYS het=  resseq=76 icode= >,1m0d_A_A,1.9
480,43.836,LYS, ,NZ,62.9,1.16,1.0,<Residue LYS het=  resseq=76 icode= >,1m0d_A_A,1.9
481,0.263,LYS, ,N,24.91,5.47,1.0,<Residue LYS het=  resseq=77 icode= >,1m0d_A_A,1.9
482,1.119,LYS, ,CA,25.53,3.95,1.0,<Residue LYS het=  resseq=77 icode= >,1m0d_A_A,1.9
483,0.0,LYS, ,C,26.3,5.33,1.0,<Residue LYS het=  resseq=77 icode= >,1m0d_A_A,1.9
484,0.0,LYS, ,O,24.15,5.32,1.0,<Residue LYS het=  resseq=77 icode= >,1m0d_A_A,1.9
485,5.553,LYS, ,CB,25.73,3.43,1.0,<Residue LYS het=  resseq=77 icode= >,1m0d_A_A,1.9
486,12.755,LYS, ,CG,32.98,3.14,1.0,<Residue LYS het=  resseq=77 icode= >,1m0d_A_A,1.9
487,20.738,LYS, ,CD,33.8,2.90,1.0,<Residue LYS het=  resseq=77 icode= >,1m0d_A_A,1.9
488,0.0,LYS, ,CE,33.1,2.84,1.0,<Residue LYS het=  resseq=77 icode= >,1m0d_A_A,1.9
489,19.905,LYS, ,NZ,34.43,2.90,1.0,<Residue LYS het=  resseq=77 icode= >,1m0d_A_A,1.9
490,0.0,HIS, ,N,24.36,4.85,1.0,<Residue HIS het=  resseq=78 icode= >,1m0d_A_A,1.9
491,0.189,HIS, ,CA,24.6,4.37,1.0,<Residue HIS het=  resseq=78 icode= >,1m0d_A_A,1.9
492,0.0,HIS, ,C,26.55,5.95,1.0,<Residue HIS het=  resseq=78 icode= >,1m0d_A_A,1.9
493,0.408,HIS, ,O,26.69,5.56,1.0,<Residue HIS het=  resseq=78 icode= >,1m0d_A_A,1.9
494,0.0,HIS, ,CB,29.05,3.25,1.0,<Residue HIS het=  resseq=78 icode= >,1m0d_A_A,1.9
495,0.0,HIS, ,CG,27.44,4.91,1.0,<Residue HIS het=  resseq=78 icode= >,1m0d_A_A,1.9
496,0.0,HIS, ,ND1,29.38,4.30,1.0,<Residue HIS het=  resseq=78 icode= >,1m0d_A_A,1.9
497,3.967,HIS, ,CD2,21.43,5.25,1.0,<Residue HIS het=  resseq=78 icode= >,1m0d_A_A,1.9
498,0.081,HIS, ,CE1,26.19,5.10,1.0,<Residue HIS het=  resseq=78 icode= >,1m0d_A_A,1.9
499,0.0,HIS, ,NE2,31.53,4.68,1.0,<Residue HIS het=  resseq=78 icode= >,1m0d_A_A,1.9
500,0.0,LEU, ,N,26.56,4.24,1.0,<Residue LEU het=  resseq=79 icode= >,1m0d_A_A,1.9
501,0.566,LEU, ,CA,28.45,4.08,1.0,<Residue LEU het=  resseq=79 icode= >,1m0d_A_A,1.9
502,0.981,LEU, ,C,29.13,4.88,1.0,<Residue LEU het=  resseq=79 icode= >,1m0d_A_A,1.9
503,4.487,LEU, ,O,29.99,4.39,1.0,<Residue LEU het=  resseq=79 icode= >,1m0d_A_A,1.9
504,15.16,LEU, ,CB,31.77,3.42,1.0,<Residue LEU het=  resseq=79 icode= >,1m0d_A_A,1.9
505,0.0,LEU, ,CG,38.14,3.55,1.0,<Residue LEU het=  resseq=79 icode= >,1m0d_A_A,1.9
506,28.206,LEU, ,CD1,38.3,1.64,1.0,<Residue LEU het=  resseq=79 icode= >,1m0d_A_A,1.9
507,3.453,LEU, ,CD2,35.13,2.34,1.0,<Residue LEU het=  resseq=79 icode= >,1m0d_A_A,1.9
508,0.0,LEU, ,N,26.15,5.09,1.0,<Residue LEU het=  resseq=80 icode= >,1m0d_A_A,1.9
509,0.401,LEU, ,CA,23.51,4.42,1.0,<Residue LEU het=  resseq=80 icode= >,1m0d_A_A,1.9
510,0.0,LEU, ,C,31.05,5.46,1.0,<Residue LEU het=  resseq=80 icode= >,1m0d_A_A,1.9
511,0.0,LEU, ,O,29.19,5.14,1.0,<Residue LEU het=  resseq=80 icode= >,1m0d_A_A,1.9
512,3.761,LEU, ,CB,23.08,4.16,1.0,<Residue LEU het=  resseq=80 icode= >,1m0d_A_A,1.9
513,1.508,LEU, ,CG,24.38,4.25,1.0,<Residue LEU het=  resseq=80 icode= >,1m0d_A_A,1.9
514,46.756,LEU, ,CD1,21.42,3.31,1.0,<Residue LEU het=  resseq=80 icode= >,1m0d_A_A,1.9
515,48.82,LEU, ,CD2,31.21,2.81,1.0,<Residue LEU het=  resseq=80 icode= >,1m0d_A_A,1.9
516,0.0,ILE, ,N,26.54,5.07,1.0,<Residue ILE het=  resseq=81 icode= >,1m0d_A_A,1.9
517,0.017,ILE, ,CA,24.2,4.21,1.0,<Residue ILE het=  resseq=81 icode= >,1m0d_A_A,1.9
518,0.0,ILE, ,C,25.34,6.07,1.0,<Residue ILE het=  resseq=81 icode= >,1m0d_A_A,1.9
519,0.0,ILE, ,O,31.32,5.01,1.0,<Residue ILE het=  resseq=81 icode= >,1m0d_A_A,1.9
520,0.531,ILE, ,CB,24.11,4.06,1.0,<Residue ILE het=  resseq=81 icode= >,1m0d_A_A,1.9
521,13.658,ILE, ,CG1,26.62,4.15,1.0,<Residue ILE het=  resseq=81 icode= >,1m0d_A_A,1.9
522,3.538,ILE, ,CG2,27.62,2.61,1.0,<Residue ILE het=  resseq=81 icode= >,1m0d_A_A,1.9
523,8.876,ILE, ,CD1,33.32,2.83,1.0,<Residue ILE het=  resseq=81 icode= >,1m0d_A_A,1.9
524,0.0,ARG, ,N,24.67,5.53,1.0,<Residue ARG het=  resseq=82 icode= >,1m0d_A_A,1.9
525,3.888,ARG, ,CA,30.69,4.41,1.0,<Residue ARG het=  resseq=82 icode= >,1m0d_A_A,1.9
526,1.221,ARG, ,C,35.45,4.91,1.0,<Residue ARG het=  resseq=82 icode= >,1m0d_A_A,1.9
527,6.872,ARG, ,O,29.7,4.39,1.0,<Residue ARG het=  resseq=82 icode= >,1m0d_A_A,1.9
528,12.419,ARG, ,CB,29.86,3.31,1.0,<Residue ARG het=  resseq=82 icode= >,1m0d_A_A,1.9
529,11.129,ARG, ,CG,54.95,1.25,1.0,<Residue ARG het=  resseq=82 icode= >,1m0d_A_A,1.9
530,1.584,ARG, ,CD,68.89,1.36,1.0,<Residue ARG het=  resseq=82 icode= >,1m0d_A_A,1.9
531,4.85,ARG, ,NE,77.33,1.37,1.0,<Residue ARG het=  resseq=82 icode= >,1m0d_A_A,1.9
532,1.853,ARG, ,CZ,72.88,2.30,1.0,<Residue ARG het=  resseq=82 icode= >,1m0d_A_A,1.9
533,18.558,ARG, ,NH1,55.5,2.46,1.0,<Residue ARG het=  resseq=82 icode= >,1m0d_A_A,1.9
534,33.62,ARG, ,NH2,57.14,2.10,1.0,<Residue ARG het=  resseq=82 icode= >,1m0d_A_A,1.9
535,0.39,GLU, ,N,35.07,3.98,1.0,<Residue GLU het=  resseq=83 icode= >,1m0d_A_A,1.9
536,8.687,GLU, ,CA,32.46,4.38,1.0,<Residue GLU het=  resseq=83 icode= >,1m0d_A_A,1.9
537,0.0,GLU, ,C,27.66,5.72,1.0,<Residue GLU het=  resseq=83 icode= >,1m0d_A_A,1.9
538,7.733,GLU, ,O,36.24,3.65,1.0,<Residue GLU het=  resseq=83 icode= >,1m0d_A_A,1.9
539,12.355,GLU, ,CB,37.89,2.85,1.0,<Residue GLU het=  resseq=83 icode= >,1m0d_A_A,1.9
540,39.099,GLU, ,CG,52.69,1.99,1.0,<Residue GLU het=  resseq=83 icode= >,1m0d_A_A,1.9
541,8.197,GLU, ,CD,66.36,2.21,1.0,<Residue GLU het=  resseq=83 icode= >,1m0d_A_A,1.9
542,14.115,GLU, ,OE1,66.01,1.64,1.0,<Residue GLU het=  resseq=83 icode= >,1m0d_A_A,1.9
543,36.059,GLU, ,OE2,70.79,1.44,1.0,<Residue GLU het=  resseq=83 icode= >,1m0d_A_A,1.9
544,0.0,GLN, ,N,31.64,4.86,1.0,<Residue GLN het=  resseq=84 icode= >,1m0d_A_A,1.9
545,4.515,GLN, ,CA,33.99,4.00,1.0,<Residue GLN het=  resseq=84 icode= >,1m0d_A_A,1.9
546,0.022,GLN, ,C,39.67,4.14,1.0,<Residue GLN het=  resseq=84 icode= >,1m0d_A_A,1.9
547,10.24,GLN, ,O,32.5,4.52,1.0,<Residue GLN het=  resseq=84 icode= >,1m0d_A_A,1.9
548,4.206,GLN, ,CB,32.77,3.16,1.0,<Residue GLN het=  resseq=84 icode= >,1m0d_A_A,1.9
549,15.109,GLN, ,CG,27.5,3.06,1.0,<Residue GLN het=  resseq=84 icode= >,1m0d_A_A,1.9
550,5.647,GLN, ,CD,26.05,5.65,1.0,<Residue GLN het=  resseq=84 icode= >,1m0d_A_A,1.9
551,32.442,GLN, ,OE1,30.71,4.87,1.0,<Residue GLN het=  resseq=84 icode= >,1m0d_A_A,1.9
552,23.784,GLN, ,NE2,28.67,4.08,1.0,<Residue GLN het=  resseq=84 icode= >,1m0d_A_A,1.9
553,0.0,HIS, ,N,26.39,4.66,1.0,<Residue HIS het=  resseq=85 icode= >,1m0d_A_A,1.9
554,0.024,HIS, ,CA,30.5,4.20,1.0,<Residue HIS het=  resseq=85 icode= >,1m0d_A_A,1.9
555,0.0,HIS, ,C,32.08,4.46,1.0,<Residue HIS het=  resseq=85 icode= >,1m0d_A_A,1.9
556,0.805,HIS, ,O,38.1,3.48,1.0,<Residue HIS het=  resseq=85 icode= >,1m0d_A_A,1.9
557,0.447,HIS, ,CB,33.62,3.73,1.0,<Residue HIS het=  resseq=85 icode= >,1m0d_A_A,1.9
558,0.0,HIS, ,CG,39.51,4.25,1.0,<Residue HIS het=  resseq=85 icode= >,1m0d_A_A,1.9
559,0.29,HIS, ,ND1,39.57,4.23,1.0,<Residue HIS het=  resseq=85 icode= >,1m0d_A_A,1.9
560,5.327,HIS, ,CD2,38.64,3.37,1.0,<Residue HIS het=  resseq=85 icode= >,1m0d_A_A,1.9
561,18.798,HIS, ,CE1,43.78,3.32,1.0,<Residue HIS het=  resseq=85 icode= >,1m0d_A_A,1.9
562,23.85,HIS, ,NE2,44.54,3.24,1.0,<Residue HIS het=  resseq=85 icode= >,1m0d_A_A,1.9
563,0.0,PRO, ,N,37.14,4.18,1.0,<Residue PRO het=  resseq=86 icode= >,1m0d_A_A,1.9
564,4.317,PRO, ,CA,39.48,3.44,1.0,<Residue PRO het=  resseq=86 icode= >,1m0d_A_A,1.9
565,0.0,PRO, ,C,33.84,4.98,1.0,<Residue PRO het=  resseq=86 icode= >,1m0d_A_A,1.9
566,23.393,PRO, ,O,40.19,3.71,1.0,<Residue PRO het=  resseq=86 icode= >,1m0d_A_A,1.9
567,27.113,PRO, ,CB,45.25,2.34,1.0,<Residue PRO het=  resseq=86 icode= >,1m0d_A_A,1.9
568,26.576,PRO, ,CG,54.21,1.59,1.0,<Residue PRO het=  resseq=86 icode= >,1m0d_A_A,1.9
569,9.44,PRO, ,CD,44.96,2.02,1.0,<Residue PRO het=  resseq=86 icode= >,1m0d_A_A,1.9
570,0.0,GLU, ,N,31.06,4.78,1.0,<Residue GLU het=  resseq=87 icode= >,1m0d_A_A,1.9
571,1.713,GLU, ,CA,42.15,3.26,1.0,<Residue GLU het=  resseq=87 icode= >,1m0d_A_A,1.9
572,0.969,GLU, ,C,44.46,3.43,1.0,<Residue GLU het=  resseq=87 icode= >,1m0d_A_A,1.9
573,14.59,GLU, ,O,41.34,2.87,1.0,<Residue GLU het=  resseq=87 icode= >,1m0d_A_A,1.9
574,4.747,GLU, ,CB,44.86,2.23,1.0,<Residue GLU het=  resseq=87 icode= >,1m0d_A_A,1.9
575,29.762,GLU, ,CG,65.01,1.05,1.0,<Residue GLU het=  resseq=87 icode= >,1m0d_A_A,1.9
576,8.986,GLU, ,CD,77.17,1.29,1.0,<Residue GLU het=  resseq=87 icode= >,1m0d_A_A,1.9
577,36.05,GLU, ,OE1,79.1,1.05,1.0,<Residue GLU het=  resseq=87 icode= >,1m0d_A_A,1.9
578,28.034,GLU, ,OE2,71.2,1.44,1.0,<Residue GLU het=  resseq=87 icode= >,1m0d_A_A,1.9
579,0.0,LEU, ,N,30.92,4.50,1.0,<Residue LEU het=  resseq=88 icode= >,1m0d_A_A,1.9
580,0.999,LEU, ,CA,31.27,4.15,1.0,<Residue LEU het=  resseq=88 icode= >,1m0d_A_A,1.9
581,0.306,LEU, ,C,29.15,5.66,1.0,<Residue LEU het=  resseq=88 icode= >,1m0d_A_A,1.9
582,14.974,LEU, ,O,32.74,4.48,1.0,<Residue LEU het=  resseq=88 icode= >,1m0d_A_A,1.9
583,1.011,LEU, ,CB,31.92,3.14,1.0,<Residue LEU het=  resseq=88 icode= >,1m0d_A_A,1.9
584,0.128,LEU, ,CG,38.65,2.73,1.0,<Residue LEU het=  resseq=88 icode= >,1m0d_A_A,1.9
585,10.575,LEU, ,CD1,32.58,2.57,1.0,<Residue LEU het=  resseq=88 icode= >,1m0d_A_A,1.9
586,1.008,LEU, ,CD2,34.51,2.26,1.0,<Residue LEU het=  resseq=88 icode= >,1m0d_A_A,1.9
587,1.961,ASP, ,N,29.79,4.29,1.0,<Residue ASP het=  resseq=89 icode= >,1m0d_A_A,1.9
588,4.734,ASP, ,CA,25.28,4.71,1.0,<Residue ASP het=  resseq=89 icode= >,1m0d_A_A,1.9
589,0.0,ASP, ,C,25.37,5.84,1.0,<Residue ASP het=  resseq=89 icode= >,1m0d_A_A,1.9
590,0.0,ASP, ,O,24.35,5.22,1.0,<Residue ASP het=  resseq=89 icode= >,1m0d_A_A,1.9
591,4.499,ASP, ,CB,32.59,3.15,1.0,<Residue ASP het=  resseq=89 icode= >,1m0d_A_A,1.9
592,6.213,ASP, ,CG,33.13,4.82,1.0,<Residue ASP het=  resseq=89 icode= >,1m0d_A_A,1.9
593,4.931,ASP, ,OD1,28.67,4.03,1.0,<Residue ASP het=  resseq=89 icode= >,1m0d_A_A,1.9
594,1.675,ASP, ,OD2,33.86,4.07,1.0,<Residue ASP het=  resseq=89 icode= >,1m0d_A_A,1.9
595,2.176,ILE, ,N,27.17,5.58,1.0,<Residue ILE het=  resseq=90 icode= >,1m0d_A_A,1.9
596,0.0,ILE, ,CA,28.5,4.57,1.0,<Residue ILE het=  resseq=90 icode= >,1m0d_A_A,1.9
597,0.0,ILE, ,C,24.11,6.05,1.0,<Residue ILE het=  resseq=90 icode= >,1m0d_A_A,1.9
598,3.588,ILE, ,O,24.44,6.37,1.0,<Residue ILE het=  resseq=90 icode= >,1m0d_A_A,1.9
599,5.034,ILE, ,CB,27.72,3.91,1.0,<Residue ILE het=  resseq=90 icode= >,1m0d_A_A,1.9
600,0.38,ILE, ,CG1,28.21,3.83,1.0,<Residue ILE het=  resseq=90 icode= >,1m0d_A_A,1.9
601,0.0,ILE, ,CG2,25.59,3.09,1.0,<Residue ILE het=  resseq=90 icode= >,1m0d_A_A,1.9
602,4.007,ILE, ,CD1,28.86,3.08,1.0,<Residue ILE het=  resseq=90 icode= >,1m0d_A_A,1.9
603,0.0,ARG, ,N,22.77,5.28,1.0,<Residue ARG het=  resseq=91 icode= >,1m0d_A_A,1.9
604,0.0,ARG, ,CA,21.1,4.60,1.0,<Residue ARG het=  resseq=91 icode= >,1m0d_A_A,1.9
605,0.0,ARG, ,C,22.39,6.14,1.0,<Residue ARG het=  resseq=91 icode= >,1m0d_A_A,1.9
606,0.0,ARG, ,O,24.28,5.28,1.0,<Residue ARG het=  resseq=91 icode= >,1m0d_A_A,1.9
607,0.0,ARG, ,CB,21.68,3.73,1.0,<Residue ARG het=  resseq=91 icode= >,1m0d_A_A,1.9
608,0.635,ARG, ,CG,23.29,3.98,1.0,<Residue ARG het=  resseq=91 icode= >,1m0d_A_A,1.9
609,0.0,ARG, ,CD,25.17,3.94,1.0,<Residue ARG het=  resseq=91 icode= >,1m0d_A_A,1.9
610,0.0,ARG, ,NE,25.56,4.64,1.0,<Residue ARG het=  resseq=91 icode= >,1m0d_A_A,1.9
611,0.0,ARG, ,CZ,36.76,4.39,1.0,<Residue ARG het=  resseq=91 icode= >,1m0d_A_A,1.9
612,0.888,ARG, ,NH1,27.07,4.06,1.0,<Residue ARG het=  resseq=91 icode= >,1m0d_A_A,1.9
613,0.778,ARG, ,NH2,28.94,3.51,1.0,<Residue ARG het=  resseq=91 icode= >,1m0d_A_A,1.9
614,0.0,ILE, ,N,22.47,5.77,1.0,<Residue ILE het=  resseq=92 icode= >,1m0d_A_A,1.9
615,0.0,ILE, ,CA,19.52,5.04,1.0,<Residue ILE het=  resseq=92 icode= >,1m0d_A_A,1.9
616,0.0,ILE, ,C,20.43,6.34,1.0,<Residue ILE het=  resseq=92 icode= >,1m0d_A_A,1.9
617,0.0,ILE, ,O,23.17,6.16,1.0,<Residue ILE het=  resseq=92 icode= >,1m0d_A_A,1.9
618,0.0,ILE, ,CB,22.16,5.10,1.0,<Residue ILE het=  resseq=92 icode= >,1m0d_A_A,1.9
619,0.0,ILE, ,CG1,25.0,4.76,1.0,<Residue ILE het=  resseq=92 icode= >,1m0d_A_A,1.9
620,0.0,ILE, ,CG2,24.39,3.69,1.0,<Residue ILE het=  resseq=92 icode= >,1m0d_A_A,1.9
621,0.0,ILE, ,CD1,28.46,3.18,1.0,<Residue ILE het=  resseq=92 icode= >,1m0d_A_A,1.9
622,0.0,VAL, ,N,21.0,5.36,1.0,<Residue VAL het=  resseq=93 icode= >,1m0d_A_A,1.9
623,0.0,VAL, ,CA,21.35,4.12,1.0,<Residue VAL het=  resseq=93 icode= >,1m0d_A_A,1.9
624,0.0,VAL, ,C,24.11,5.41,1.0,<Residue VAL het=  resseq=93 icode= >,1m0d_A_A,1.9
625,1.141,VAL, ,O,24.44,5.69,1.0,<Residue VAL het=  resseq=93 icode= >,1m0d_A_A,1.9
626,0.0,VAL, ,CB,19.71,4.66,1.0,<Residue VAL het=  resseq=93 icode= >,1m0d_A_A,1.9
627,3.997,VAL, ,CG1,21.6,4.23,1.0,<Residue VAL het=  resseq=93 icode= >,1m0d_A_A,1.9
628,0.0,VAL, ,CG2,20.9,3.10,1.0,<Residue VAL het=  resseq=93 icode= >,1m0d_A_A,1.9
629,0.0,PHE, ,N,23.26,5.31,1.0,<Residue PHE het=  resseq=94 icode= >,1m0d_A_A,1.9
630,0.0,PHE, ,CA,29.79,4.31,1.0,<Residue PHE het=  resseq=94 icode= >,1m0d_A_A,1.9
631,1.184,PHE, ,C,29.63,5.55,1.0,<Residue PHE het=  resseq=94 icode= >,1m0d_A_A,1.9
632,0.0,PHE, ,O,26.83,5.77,1.0,<Residue PHE het=  resseq=94 icode= >,1m0d_A_A,1.9
633,0.0,PHE, ,CB,27.52,3.34,1.0,<Residue PHE het=  resseq=94 icode= >,1m0d_A_A,1.9
634,0.0,PHE, ,CG,27.05,4.45,1.0,<Residue PHE het=  resseq=94 icode= >,1m0d_A_A,1.9
635,0.0,PHE, ,CD1,25.85,4.51,1.0,<Residue PHE het=  resseq=94 icode= >,1m0d_A_A,1.9
636,0.0,PHE, ,CD2,23.58,4.04,1.0,<Residue PHE het=  resseq=94 icode= >,1m0d_A_A,1.9
637,0.0,PHE, ,CE1,27.49,3.84,1.0,<Residue PHE het=  resseq=94 icode= >,1m0d_A_A,1.9
638,0.0,PHE, ,CE2,27.64,3.98,1.0,<Residue PHE het=  resseq=94 icode= >,1m0d_A_A,1.9
639,0.0,PHE, ,CZ,25.6,3.90,1.0,<Residue PHE het=  resseq=94 icode= >,1m0d_A_A,1.9
640,1.063,SER, ,N,28.43,5.10,1.0,<Residue SER het=  resseq=95 icode= >,1m0d_A_A,1.9
641,8.002,SER, ,CA,33.84,3.58,1.0,<Residue SER het=  resseq=95 icode= >,1m0d_A_A,1.9
642,0.218,SER, ,C,36.46,4.38,1.0,<Residue SER het=  resseq=95 icode= >,1m0d_A_A,1.9
643,4.313,SER, ,O,32.66,4.49,1.0,<Residue SER het=  resseq=95 icode= >,1m0d_A_A,1.9
644,33.268,SER, ,CB,34.21,3.74,1.0,<Residue SER het=  resseq=95 icode= >,1m0d_A_A,1.9
645,23.982,SER, ,OG,42.53,2.39,1.0,<Residue SER het=  resseq=95 icode= >,1m0d_A_A,1.9
646,1.093,SER, ,N,27.95,5.11,1.0,<Residue SER het=  resseq=96 icode= >,1m0d_A_A,1.9
647,1.893,SER, ,CA,27.86,4.48,1.0,<Residue SER het=  resseq=96 icode= >,1m0d_A_A,1.9
648,0.0,SER, ,C,23.27,5.78,1.0,<Residue SER het=  resseq=96 icode= >,1m0d_A_A,1.9
649,0.549,SER, ,O,38.9,3.66,1.0,<Residue SER het=  resseq=96 icode= >,1m0d_A_A,1.9
650,27.342,SER, ,CB,43.78,2.62,1.0,<Residue SER het=  resseq=96 icode= >,1m0d_A_A,1.9
651,15.487,SER, ,OG,40.84,2.66,1.0,<Residue SER het=  resseq=96 icode= >,1m0d_A_A,1.9
652,0.315,SER, ,N,26.67,4.87,1.0,<Residue SER het=  resseq=97 icode= >,1m0d_A_A,1.9
653,0.0,SER, ,CA,27.71,4.02,1.0,<Residue SER het=  resseq=97 icode= >,1m0d_A_A,1.9
654,0.412,SER, ,C,37.33,3.91,1.0,<Residue SER het=  resseq=97 icode= >,1m0d_A_A,1.9
655,0.808,SER, ,O,32.78,3.99,1.0,<Residue SER het=  resseq=97 icode= >,1m0d_A_A,1.9
656,0.013,SER, ,CB,26.84,3.99,1.0,<Residue SER het=  resseq=97 icode= >,1m0d_A_A,1.9
657,7.529,SER, ,OG,29.86,4.98,1.0,<Residue SER het=  resseq=97 icode= >,1m0d_A_A,1.9
658,0.0,ARG, ,N,33.61,4.25,1.0,<Residue ARG het=  resseq=98 icode= >,1m0d_A_A,1.9
659,0.608,ARG, ,CA,37.25,4.03,1.0,<Residue ARG het=  resseq=98 icode= >,1m0d_A_A,1.9
660,1.027,ARG, ,C,40.39,4.20,1.0,<Residue ARG het=  resseq=98 icode= >,1m0d_A_A,1.9
661,6.817,ARG, ,O,42.9,3.30,1.0,<Residue ARG het=  resseq=98 icode= >,1m0d_A_A,1.9
662,14.45,ARG, ,CB,38.93,3.06,1.0,<Residue ARG het=  resseq=98 icode= >,1m0d_A_A,1.9
663,8.545,ARG, ,CG,45.46,2.09,1.0,<Residue ARG het=  resseq=98 icode= >,1m0d_A_A,1.9
664,35.44,ARG, ,CD,62.11,1.57,1.0,<Residue ARG het=  resseq=98 icode= >,1m0d_A_A,1.9
665,19.652,ARG, ,NE,71.28,1.20,1.0,<Residue ARG het=  resseq=98 icode= >,1m0d_A_A,1.9
666,7.346,ARG, ,CZ,77.2,1.60,1.0,<Residue ARG het=  resseq=98 icode= >,1m0d_A_A,1.9
667,42.613,ARG, ,NH1,72.71,0.98,1.0,<Residue ARG het=  resseq=98 icode= >,1m0d_A_A,1.9
668,59.468,ARG, ,NH2,72.48,0.91,1.0,<Residue ARG het=  resseq=98 icode= >,1m0d_A_A,1.9
669,0.262,THR, ,N,37.41,3.93,1.0,<Residue THR het=  resseq=99 icode= >,1m0d_A_A,1.9
670,9.888,THR, ,CA,42.83,3.82,1.0,<Residue THR het=  resseq=99 icode= >,1m0d_A_A,1.9
671,0.0,THR, ,C,42.65,3.72,1.0,<Residue THR het=  resseq=99 icode= >,1m0d_A_A,1.9
672,0.0,THR, ,O,35.22,3.57,1.0,<Residue THR het=  resseq=99 icode= >,1m0d_A_A,1.9
673,0.0,THR, ,CB,40.97,3.60,1.0,<Residue THR het=  resseq=99 icode= >,1m0d_A_A,1.9
674,16.541,THR, ,OG1,40.2,3.89,1.0,<Residue THR het=  resseq=99 icode= >,1m0d_A_A,1.9
675,32.173,THR, ,CG2,40.96,1.94,1.0,<Residue THR het=  resseq=99 icode= >,1m0d_A_A,1.9
676,3.211,LYS, ,N,44.05,2.73,1.0,<Residue LYS het=  resseq=100 icode= >,1m0d_A_A,1.9
677,0.0,LYS, ,CA,41.35,2.78,1.0,<Residue LYS het=  resseq=100 icode= >,1m0d_A_A,1.9
678,0.0,LYS, ,C,35.49,4.63,1.0,<Residue LYS het=  resseq=100 icode= >,1m0d_A_A,1.9
679,5.184,LYS, ,O,34.59,4.00,1.0,<Residue LYS het=  resseq=100 icode= >,1m0d_A_A,1.9
680,7.984,LYS, ,CB,46.39,1.79,1.0,<Residue LYS het=  resseq=100 icode= >,1m0d_A_A,1.9
681,18.309,LYS, ,CG,36.65,2.56,1.0,<Residue LYS het=  resseq=100 icode= >,1m0d_A_A,1.9
682,0.0,LYS, ,CD,47.39,1.65,1.0,<Residue LYS het=  resseq=100 icode= >,1m0d_A_A,1.9
683,17.591,LYS, ,CE,55.7,1.72,1.0,<Residue LYS het=  resseq=100 icode= >,1m0d_A_A,1.9
684,41.269,LYS, ,NZ,53.54,1.63,1.0,<Residue LYS het=  resseq=100 icode= >,1m0d_A_A,1.9
685,0.0,LEU, ,N,44.08,3.68,1.0,<Residue LEU het=  resseq=101 icode= >,1m0d_A_A,1.9
686,0.0,LEU, ,CA,46.02,3.15,1.0,<Residue LEU het=  resseq=101 icode= >,1m0d_A_A,1.9
687,0.0,LEU, ,C,54.53,3.30,1.0,<Residue LEU het=  resseq=101 icode= >,1m0d_A_A,1.9
688,12.792,LEU, ,O,52.3,2.66,1.0,<Residue LEU het=  resseq=101 icode= >,1m0d_A_A,1.9
689,0.494,LEU, ,CB,37.94,2.84,1.0,<Residue LEU het=  resseq=101 icode= >,1m0d_A_A,1.9
690,0.0,LEU, ,CG,43.35,2.83,1.0,<Residue LEU het=  resseq=101 icode= >,1m0d_A_A,1.9
691,25.892,LEU, ,CD1,42.36,1.92,1.0,<Residue LEU het=  resseq=101 icode= >,1m0d_A_A,1.9
692,0.0,LEU, ,CD2,43.34,1.43,1.0,<Residue LEU het=  resseq=101 icode= >,1m0d_A_A,1.9
693,0.0,TYR, ,N,53.06,2.89,1.0,<Residue TYR het=  resseq=102 icode= >,1m0d_A_A,1.9
694,8.752,TYR, ,CA,58.66,2.52,1.0,<Residue TYR het=  resseq=102 icode= >,1m0d_A_A,1.9
695,3.299,TYR, ,C,58.65,3.52,1.0,<Residue TYR het=  resseq=102 icode= >,1m0d_A_A,1.9
696,0.565,TYR, ,O,54.46,2.72,1.0,<Residue TYR het=  resseq=102 icode= >,1m0d_A_A,1.9
697,25.972,TYR, ,CB,62.87,1.55,1.0,<Residue TYR het=  resseq=102 icode= >,1m0d_A_A,1.9
698,2.416,TYR, ,CG,60.45,2.35,1.0,<Residue TYR het=  resseq=102 icode= >,1m0d_A_A,1.9
699,9.041,TYR, ,CD1,59.74,1.93,1.0,<Residue TYR het=  resseq=102 icode= >,1m0d_A_A,1.9
700,14.502,TYR, ,CD2,60.04,1.94,1.0,<Residue TYR het=  resseq=102 icode= >,1m0d_A_A,1.9
701,17.673,TYR, ,CE1,59.15,1.81,1.0,<Residue TYR het=  resseq=102 icode= >,1m0d_A_A,1.9
702,22.459,TYR, ,CE2,68.45,1.54,1.0,<Residue TYR het=  resseq=102 icode= >,1m0d_A_A,1.9
703,4.907,TYR, ,CZ,64.11,2.42,1.0,<Residue TYR het=  resseq=102 icode= >,1m0d_A_A,1.9
704,35.829,TYR, ,OH,73.27,1.24,1.0,<Residue TYR het=  resseq=102 icode= >,1m0d_A_A,1.9
705,7.86,LYS, ,N,67.54,2.24,1.0,<Residue LYS het=  resseq=103 icode= >,1m0d_A_A,1.9
706,13.679,LYS, ,CA,71.14,2.05,1.0,<Residue LYS het=  resseq=103 icode= >,1m0d_A_A,1.9
707,1.034,LYS, ,C,75.27,2.08,1.0,<Residue LYS het=  resseq=103 icode= >,1m0d_A_A,1.9
708,32.07,LYS, ,O,80.89,0.45,1.0,<Residue LYS het=  resseq=103 icode= >,1m0d_A_A,1.9
709,66.584,LYS, ,CB,82.03,0.02,1.0,<Residue LYS het=  resseq=103 icode= >,1m0d_A_A,1.9
710,2.677,GLY, ,N,68.72,2.67,1.0,<Residue GLY het=  resseq=104 icode= >,1m0d_A_A,1.9
711,34.014,GLY, ,CA,66.62,1.81,1.0,<Residue GLY het=  resseq=104 icode= >,1m0d_A_A,1.9
712,2.223,GLY, ,C,67.76,2.13,1.0,<Residue GLY het=  resseq=104 icode= >,1m0d_A_A,1.9
713,26.253,GLY, ,O,64.04,1.83,1.0,<Residue GLY het=  resseq=104 icode= >,1m0d_A_A,1.9
714,0.0,SER, ,N,63.71,1.55,1.0,<Residue SER het=  resseq=105 icode= >,1m0d_A_A,1.9
715,0.177,SER, ,CA,55.04,2.10,1.0,<Residue SER het=  resseq=105 icode= >,1m0d_A_A,1.9
716,0.134,SER, ,C,44.2,4.10,1.0,<Residue SER het=  resseq=105 icode= >,1m0d_A_A,1.9
717,7.421,SER, ,O,47.91,2.65,1.0,<Residue SER het=  resseq=105 icode= >,1m0d_A_A,1.9
718,0.0,SER, ,CB,60.57,1.53,1.0,<Residue SER het=  resseq=105 icode= >,1m0d_A_A,1.9
719,1.536,SER, ,OG,49.94,2.14,1.0,<Residue SER het=  resseq=105 icode= >,1m0d_A_A,1.9
720,0.0,PRO, ,N,46.7,4.13,1.0,<Residue PRO het=  resseq=106 icode= >,1m0d_A_A,1.9
721,9.954,PRO, ,CA,52.65,2.76,1.0,<Residue PRO het=  resseq=106 icode= >,1m0d_A_A,1.9
722,0.926,PRO, ,C,49.32,3.76,1.0,<Residue PRO het=  resseq=106 icode= >,1m0d_A_A,1.9
723,11.972,PRO, ,O,50.16,2.53,1.0,<Residue PRO het=  resseq=106 icode= >,1m0d_A_A,1.9
724,34.762,PRO, ,CB,54.74,1.74,1.0,<Residue PRO het=  resseq=106 icode= >,1m0d_A_A,1.9
725,40.445,PRO, ,CG,52.32,1.23,1.0,<Residue PRO het=  resseq=106 icode= >,1m0d_A_A,1.9
726,12.713,PRO, ,CD,51.84,2.41,1.0,<Residue PRO het=  resseq=106 icode= >,1m0d_A_A,1.9
727,0.0,THR, ,N,47.02,2.66,1.0,<Residue THR het=  resseq=107 icode= >,1m0d_A_A,1.9
728,0.301,THR, ,CA,45.32,2.90,1.0,<Residue THR het=  resseq=107 icode= >,1m0d_A_A,1.9
729,0.0,THR, ,C,46.99,3.26,1.0,<Residue THR het=  resseq=107 icode= >,1m0d_A_A,1.9
730,0.0,THR, ,O,40.16,3.31,1.0,<Residue THR het=  resseq=107 icode= >,1m0d_A_A,1.9
731,0.794,THR, ,CB,50.16,2.54,1.0,<Residue THR het=  resseq=107 icode= >,1m0d_A_A,1.9
732,27.929,THR, ,OG1,58.79,1.83,1.0,<Residue THR het=  resseq=107 icode= >,1m0d_A_A,1.9
733,14.212,THR, ,CG2,54.51,0.81,1.0,<Residue THR het=  resseq=107 icode= >,1m0d_A_A,1.9
734,0.0,SER, ,N,42.91,3.02,1.0,<Residue SER het=  resseq=108 icode= >,1m0d_A_A,1.9
735,0.0,SER, ,CA,41.26,2.78,1.0,<Residue SER het=  resseq=108 icode= >,1m0d_A_A,1.9
736,0.0,SER, ,C,29.13,4.35,1.0,<Residue SER het=  resseq=108 icode= >,1m0d_A_A,1.9
737,0.0,SER, ,O,33.58,4.49,1.0,<Residue SER het=  resseq=108 icode= >,1m0d_A_A,1.9
738,4.353,SER, ,CB,33.07,2.93,1.0,<Residue SER het=  resseq=108 icode= >,1m0d_A_A,1.9
739,5.352,SER, ,OG,39.59,3.09,1.0,<Residue SER het=  resseq=108 icode= >,1m0d_A_A,1.9
740,0.0,TYR, ,N,30.6,4.31,1.0,<Residue TYR het=  resseq=109 icode= >,1m0d_A_A,1.9
741,0.0,TYR, ,CA,32.96,3.85,1.0,<Residue TYR het=  resseq=109 icode= >,1m0d_A_A,1.9
742,0.0,TYR, ,C,30.89,4.94,1.0,<Residue TYR het=  resseq=109 icode= >,1m0d_A_A,1.9
743,0.0,TYR, ,O,31.46,4.80,1.0,<Residue TYR het=  resseq=109 icode= >,1m0d_A_A,1.9
744,0.0,TYR, ,CB,25.67,3.33,1.0,<Residue TYR het=  resseq=109 icode= >,1m0d_A_A,1.9
745,0.0,TYR, ,CG,30.28,3.88,1.0,<Residue TYR het=  resseq=109 icode= >,1m0d_A_A,1.9
746,0.0,TYR, ,CD1,31.06,3.62,1.0,<Residue TYR het=  resseq=109 icode= >,1m0d_A_A,1.9
747,0.0,TYR, ,CD2,37.94,2.99,1.0,<Residue TYR het=  resseq=109 icode= >,1m0d_A_A,1.9
748,0.693,TYR, ,CE1,35.28,3.03,1.0,<Residue TYR het=  resseq=109 icode= >,1m0d_A_A,1.9
749,0.0,TYR, ,CE2,30.36,3.45,1.0,<Residue TYR het=  resseq=109 icode= >,1m0d_A_A,1.9
750,0.0,TYR, ,CZ,37.32,4.01,1.0,<Residue TYR het=  resseq=109 icode= >,1m0d_A_A,1.9
751,2.233,TYR, ,OH,34.61,3.70,1.0,<Residue TYR het=  resseq=109 icode= >,1m0d_A_A,1.9
752,0.0,GLY, ,N,32.53,4.22,1.0,<Residue GLY het=  resseq=110 icode= >,1m0d_A_A,1.9
753,4.422,GLY, ,CA,32.5,3.34,1.0,<Residue GLY het=  resseq=110 icode= >,1m0d_A_A,1.9
754,0.819,GLY, ,C,36.18,4.88,1.0,<Residue GLY het=  resseq=110 icode= >,1m0d_A_A,1.9
755,0.0,GLY, ,O,32.73,4.09,1.0,<Residue GLY het=  resseq=110 icode= >,1m0d_A_A,1.9
756,0.434,GLU, ,N,34.63,3.77,1.0,<Residue GLU het=  resseq=111 icode= >,1m0d_A_A,1.9
757,0.69,GLU, ,CA,39.79,3.20,1.0,<Residue GLU het=  resseq=111 icode= >,1m0d_A_A,1.9
758,0.396,GLU, ,C,31.27,5.20,1.0,<Residue GLU het=  resseq=111 icode= >,1m0d_A_A,1.9
759,3.867,GLU, ,O,33.66,4.50,1.0,<Residue GLU het=  resseq=111 icode= >,1m0d_A_A,1.9
760,8.051,GLU, ,CB,41.87,1.87,1.0,<Residue GLU het=  resseq=111 icode= >,1m0d_A_A,1.9
761,16.154,GLU, ,CG,54.98,1.40,1.0,<Residue GLU het=  resseq=111 icode= >,1m0d_A_A,1.9
762,8.387,GLU, ,CD,58.32,2.60,1.0,<Residue GLU het=  resseq=111 icode= >,1m0d_A_A,1.9
763,37.034,GLU, ,OE1,74.85,1.25,1.0,<Residue GLU het=  resseq=111 icode= >,1m0d_A_A,1.9
764,7.564,GLU, ,OE2,52.95,2.29,1.0,<Residue GLU het=  resseq=111 icode= >,1m0d_A_A,1.9
765,0.0,PHE, ,N,35.21,3.87,1.0,<Residue PHE het=  resseq=112 icode= >,1m0d_A_A,1.9
766,0.672,PHE, ,CA,32.4,3.97,1.0,<Residue PHE het=  resseq=112 icode= >,1m0d_A_A,1.9
767,0.0,PHE, ,C,28.59,5.23,1.0,<Residue PHE het=  resseq=112 icode= >,1m0d_A_A,1.9
768,0.0,PHE, ,O,32.6,4.58,1.0,<Residue PHE het=  resseq=112 icode= >,1m0d_A_A,1.9
769,0.0,PHE, ,CB,32.91,3.20,1.0,<Residue PHE het=  resseq=112 icode= >,1m0d_A_A,1.9
770,0.0,PHE, ,CG,33.77,3.93,1.0,<Residue PHE het=  resseq=112 icode= >,1m0d_A_A,1.9
771,5.935,PHE, ,CD1,33.29,3.27,1.0,<Residue PHE het=  resseq=112 icode= >,1m0d_A_A,1.9
772,0.0,PHE, ,CD2,33.42,3.25,1.0,<Residue PHE het=  resseq=112 icode= >,1m0d_A_A,1.9
773,17.91,PHE, ,CE1,33.72,3.50,1.0,<Residue PHE het=  resseq=112 icode= >,1m0d_A_A,1.9
774,0.0,PHE, ,CE2,30.97,3.28,1.0,<Residue PHE het=  resseq=112 icode= >,1m0d_A_A,1.9
775,0.983,PHE, ,CZ,32.19,3.63,1.0,<Residue PHE het=  resseq=112 icode= >,1m0d_A_A,1.9
776,0.0,CYS, ,N,28.9,4.74,1.0,<Residue CYS het=  resseq=113 icode= >,1m0d_A_A,1.9
777,0.0,CYS, ,CA,28.29,4.15,1.0,<Residue CYS het=  resseq=113 icode= >,1m0d_A_A,1.9
778,0.0,CYS, ,C,30.27,4.89,1.0,<Residue CYS het=  resseq=113 icode= >,1m0d_A_A,1.9
779,0.0,CYS, ,O,31.88,3.69,1.0,<Residue CYS het=  resseq=113 icode= >,1m0d_A_A,1.9
780,0.0,CYS, ,CB,26.64,3.35,1.0,<Residue CYS het=  resseq=113 icode= >,1m0d_A_A,1.9
781,0.0,CYS, ,SG,29.09,8.48,1.0,<Residue CYS het=  resseq=113 icode= >,1m0d_A_A,1.9
782,0.0,GLU, ,N,36.79,4.26,1.0,<Residue GLU het=  resseq=114 icode= >,1m0d_A_A,1.9
783,7.903,GLU, ,CA,34.92,3.42,1.0,<Residue GLU het=  resseq=114 icode= >,1m0d_A_A,1.9
784,1.402,GLU, ,C,39.3,4.56,1.0,<Residue GLU het=  resseq=114 icode= >,1m0d_A_A,1.9
785,18.944,GLU, ,O,37.98,3.48,1.0,<Residue GLU het=  resseq=114 icode= >,1m0d_A_A,1.9
786,17.67,GLU, ,CB,43.25,2.50,1.0,<Residue GLU het=  resseq=114 icode= >,1m0d_A_A,1.9
787,6.544,GLU, ,CG,58.75,1.34,1.0,<Residue GLU het=  resseq=114 icode= >,1m0d_A_A,1.9
788,9.353,GLU, ,CD,71.2,1.72,1.0,<Residue GLU het=  resseq=114 icode= >,1m0d_A_A,1.9
789,22.092,GLU, ,OE1,68.22,1.70,1.0,<Residue GLU het=  resseq=114 icode= >,1m0d_A_A,1.9
790,37.726,GLU, ,OE2,78.84,0.75,1.0,<Residue GLU het=  resseq=114 icode= >,1m0d_A_A,1.9
791,0.634,LYS, ,N,40.09,3.72,1.0,<Residue LYS het=  resseq=115 icode= >,1m0d_A_A,1.9
792,11.926,LYS, ,CA,38.48,3.50,1.0,<Residue LYS het=  resseq=115 icode= >,1m0d_A_A,1.9
793,0.0,LYS, ,C,45.48,4.19,1.0,<Residue LYS het=  resseq=115 icode= >,1m0d_A_A,1.9
794,24.54,LYS, ,O,39.34,3.67,1.0,<Residue LYS het=  resseq=115 icode= >,1m0d_A_A,1.9
795,9.113,LYS, ,CB,44.14,2.14,1.0,<Residue LYS het=  resseq=115 icode= >,1m0d_A_A,1.9
796,12.973,LYS, ,CG,57.91,1.44,1.0,<Residue LYS het=  resseq=115 icode= >,1m0d_A_A,1.9
797,20.362,LYS, ,CD,56.62,1.39,1.0,<Residue LYS het=  resseq=115 icode= >,1m0d_A_A,1.9
798,33.017,LYS, ,CE,62.6,1.54,1.0,<Residue LYS het=  resseq=115 icode= >,1m0d_A_A,1.9
799,47.329,LYS, ,NZ,60.87,1.05,1.0,<Residue LYS het=  resseq=115 icode= >,1m0d_A_A,1.9
800,0.0,HIS, ,N,35.84,3.59,1.0,<Residue HIS het=  resseq=116 icode= >,1m0d_A_A,1.9
801,4.489,HIS, ,CA,34.7,3.84,1.0,<Residue HIS het=  resseq=116 icode= >,1m0d_A_A,1.9
802,4.437,HIS, ,C,35.58,4.46,1.0,<Residue HIS het=  resseq=116 icode= >,1m0d_A_A,1.9
803,6.925,HIS, ,O,37.36,3.39,1.0,<Residue HIS het=  resseq=116 icode= >,1m0d_A_A,1.9
804,1.751,HIS, ,CB,33.71,3.36,1.0,<Residue HIS het=  resseq=116 icode= >,1m0d_A_A,1.9
805,0.0,HIS, ,CG,38.5,3.93,1.0,<Residue HIS het=  resseq=116 icode= >,1m0d_A_A,1.9
806,0.0,HIS, ,ND1,46.41,3.07,1.0,<Residue HIS het=  resseq=116 icode= >,1m0d_A_A,1.9
807,20.597,HIS, ,CD2,40.62,3.17,1.0,<Residue HIS het=  resseq=116 icode= >,1m0d_A_A,1.9
808,3.332,HIS, ,CE1,36.0,3.95,1.0,<Residue HIS het=  resseq=116 icode= >,1m0d_A_A,1.9
809,13.692,HIS, ,NE2,42.17,3.21,1.0,<Residue HIS het=  resseq=116 icode= >,1m0d_A_A,1.9
810,1.836,GLY, ,N,35.99,3.55,1.0,<Residue GLY het=  resseq=117 icode= >,1m0d_A_A,1.9
811,32.194,GLY, ,CA,32.35,2.77,1.0,<Residue GLY het=  resseq=117 icode= >,1m0d_A_A,1.9
812,1.943,GLY, ,C,32.62,4.61,1.0,<Residue GLY het=  resseq=117 icode= >,1m0d_A_A,1.9
813,8.59,GLY, ,O,32.61,4.06,1.0,<Residue GLY het=  resseq=117 icode= >,1m0d_A_A,1.9
814,0.0,ILE, ,N,28.97,5.01,1.0,<Residue ILE het=  resseq=118 icode= >,1m0d_A_A,1.9
815,0.0,ILE, ,CA,25.79,4.38,1.0,<Residue ILE het=  resseq=118 icode= >,1m0d_A_A,1.9
816,0.888,ILE, ,C,22.81,5.78,1.0,<Residue ILE het=  resseq=118 icode= >,1m0d_A_A,1.9
817,3.971,ILE, ,O,25.34,5.74,1.0,<Residue ILE het=  resseq=118 icode= >,1m0d_A_A,1.9
818,0.0,ILE, ,CB,22.26,4.41,1.0,<Residue ILE het=  resseq=118 icode= >,1m0d_A_A,1.9
819,0.537,ILE, ,CG1,26.38,3.72,1.0,<Residue ILE het=  resseq=118 icode= >,1m0d_A_A,1.9
820,0.15,ILE, ,CG2,21.23,4.20,1.0,<Residue ILE het=  resseq=118 icode= >,1m0d_A_A,1.9
821,0.0,ILE, ,CD1,30.46,2.81,1.0,<Residue ILE het=  resseq=118 icode= >,1m0d_A_A,1.9
822,1.392,LYS, ,N,25.93,5.26,1.0,<Residue LYS het=  resseq=119 icode= >,1m0d_A_A,1.9
823,5.643,LYS, ,CA,29.64,4.78,1.0,<Residue LYS het=  resseq=119 icode= >,1m0d_A_A,1.9
824,0.0,LYS, ,C,25.68,5.36,1.0,<Residue LYS het=  resseq=119 icode= >,1m0d_A_A,1.9
825,0.0,LYS, ,O,23.89,6.24,1.0,<Residue LYS het=  resseq=119 icode= >,1m0d_A_A,1.9
826,2.432,LYS, ,CB,28.09,3.59,1.0,<Residue LYS het=  resseq=119 icode= >,1m0d_A_A,1.9
827,17.196,LYS, ,CG,34.12,3.92,1.0,<Residue LYS het=  resseq=119 icode= >,1m0d_A_A,1.9
828,5.6,LYS, ,CD,32.85,2.88,1.0,<Residue LYS het=  resseq=119 icode= >,1m0d_A_A,1.9
829,44.853,LYS, ,CE,41.77,2.32,1.0,<Residue LYS het=  resseq=119 icode= >,1m0d_A_A,1.9
830,32.042,LYS, ,NZ,41.81,1.42,1.0,<Residue LYS het=  resseq=119 icode= >,1m0d_A_A,1.9
831,2.743,PHE, ,N,24.69,4.58,1.0,<Residue PHE het=  resseq=120 icode= >,1m0d_A_A,1.9
832,0.0,PHE, ,CA,26.11,3.87,1.0,<Residue PHE het=  resseq=120 icode= >,1m0d_A_A,1.9
833,0.0,PHE, ,C,27.66,5.25,1.0,<Residue PHE het=  resseq=120 icode= >,1m0d_A_A,1.9
834,17.859,PHE, ,O,23.0,5.25,1.0,<Residue PHE het=  resseq=120 icode= >,1m0d_A_A,1.9
835,0.0,PHE, ,CB,24.03,3.50,1.0,<Residue PHE het=  resseq=120 icode= >,1m0d_A_A,1.9
836,0.0,PHE, ,CG,26.96,4.40,1.0,<Residue PHE het=  resseq=120 icode= >,1m0d_A_A,1.9
837,0.0,PHE, ,CD1,26.41,4.42,1.0,<Residue PHE het=  resseq=120 icode= >,1m0d_A_A,1.9
838,1.352,PHE, ,CD2,27.22,3.93,1.0,<Residue PHE het=  resseq=120 icode= >,1m0d_A_A,1.9
839,11.454,PHE, ,CE1,30.57,3.85,1.0,<Residue PHE het=  resseq=120 icode= >,1m0d_A_A,1.9
840,10.255,PHE, ,CE2,35.29,3.03,1.0,<Residue PHE het=  resseq=120 icode= >,1m0d_A_A,1.9
841,14.67,PHE, ,CZ,29.72,3.75,1.0,<Residue PHE het=  resseq=120 icode= >,1m0d_A_A,1.9
842,0.0,ALA, ,N,26.3,4.89,1.0,<Residue ALA het=  resseq=121 icode= >,1m0d_A_A,1.9
843,7.146,ALA, ,CA,30.69,3.98,1.0,<Residue ALA het=  resseq=121 icode= >,1m0d_A_A,1.9
844,0.0,ALA, ,C,27.65,5.81,1.0,<Residue ALA het=  resseq=121 icode= >,1m0d_A_A,1.9
845,0.0,ALA, ,O,26.22,5.21,1.0,<Residue ALA het=  resseq=121 icode= >,1m0d_A_A,1.9
846,9.912,ALA, ,CB,25.4,3.00,1.0,<Residue ALA het=  resseq=121 icode= >,1m0d_A_A,1.9
847,4.412,ASP, ,N,25.32,4.86,1.0,<Residue ASP het=  resseq=122 icode= >,1m0d_A_A,1.9
848,0.0,ASP, ,CA,26.3,3.95,1.0,<Residue ASP het=  resseq=122 icode= >,1m0d_A_A,1.9
849,0.0,ASP, ,C,28.82,5.87,1.0,<Residue ASP het=  resseq=122 icode= >,1m0d_A_A,1.9
850,12.812,ASP, ,O,24.69,5.26,1.0,<Residue ASP het=  resseq=122 icode= >,1m0d_A_A,1.9
851,13.625,ASP, ,CB,30.12,2.81,1.0,<Residue ASP het=  resseq=122 icode= >,1m0d_A_A,1.9
852,2.465,ASP, ,CG,42.89,4.14,1.0,<Residue ASP het=  resseq=122 icode= >,1m0d_A_A,1.9
853,0.0,ASP, ,OD1,40.54,3.76,1.0,<Residue ASP het=  resseq=122 icode= >,1m0d_A_A,1.9
854,32.219,ASP, ,OD2,61.4,2.18,1.0,<Residue ASP het=  resseq=122 icode= >,1m0d_A_A,1.9
855,0.0,LYS, ,N,20.16,5.88,1.0,<Residue LYS het=  resseq=123 icode= >,1m0d_A_A,1.9
856,5.814,LYS, ,CA,22.06,4.45,1.0,<Residue LYS het=  resseq=123 icode= >,1m0d_A_A,1.9
857,0.0,LYS, ,C,23.62,5.84,1.0,<Residue LYS het=  resseq=123 icode= >,1m0d_A_A,1.9
858,18.687,LYS, ,O,26.05,5.34,1.0,<Residue LYS het=  resseq=123 icode= >,1m0d_A_A,1.9
859,12.499,LYS, ,CB,25.51,3.70,1.0,<Residue LYS het=  resseq=123 icode= >,1m0d_A_A,1.9
860,4.341,LYS, ,CG,37.46,3.04,1.0,<Residue LYS het=  resseq=123 icode= >,1m0d_A_A,1.9
861,34.174,LYS, ,CD,49.61,1.34,1.0,<Residue LYS het=  resseq=123 icode= >,1m0d_A_A,1.9
862,45.975,LYS, ,CE,67.78,0.79,1.0,<Residue LYS het=  resseq=123 icode= >,1m0d_A_A,1.9
863,34.208,LYS, ,NZ,76.0,0.70,1.0,<Residue LYS het=  resseq=123 icode= >,1m0d_A_A,1.9
864,0.028,LEU, ,N,24.92,5.06,1.0,<Residue LEU het=  resseq=124 icode= >,1m0d_A_A,1.9
865,2.248,LEU, ,CA,21.61,4.64,1.0,<Residue LEU het=  resseq=124 icode= >,1m0d_A_A,1.9
866,0.143,LEU, ,C,20.31,6.15,1.0,<Residue LEU het=  resseq=124 icode= >,1m0d_A_A,1.9
867,2.525,LEU, ,O,23.38,6.04,1.0,<Residue LEU het=  resseq=124 icode= >,1m0d_A_A,1.9
868,13.652,LEU, ,CB,24.26,3.87,1.0,<Residue LEU het=  resseq=124 icode= >,1m0d_A_A,1.9
869,2.015,LEU, ,CG,31.69,4.07,1.0,<Residue LEU het=  resseq=124 icode= >,1m0d_A_A,1.9
870,67.154,LEU, ,CD1,30.77,2.95,1.0,<Residue LEU het=  resseq=124 icode= >,1m0d_A_A,1.9
871,52.578,LEU, ,CD2,25.54,3.39,1.0,<Residue LEU het=  resseq=124 icode= >,1m0d_A_A,1.9
872,3.978,ILE, ,N,20.79,5.46,1.0,<Residue ILE het=  resseq=125 icode= >,1m0d_A_A,1.9
873,0.0,ILE, ,CA,22.92,4.66,1.0,<Residue ILE het=  resseq=125 icode= >,1m0d_A_A,1.9
874,0.093,ILE, ,C,32.25,4.81,1.0,<Residue ILE het=  resseq=125 icode= >,1m0d_A_A,1.9
875,11.435,ILE, ,O,29.85,5.02,1.0,<Residue ILE het=  resseq=125 icode= >,1m0d_A_A,1.9
876,3.959,ILE, ,CB,21.03,4.87,1.0,<Residue ILE het=  resseq=125 icode= >,1m0d_A_A,1.9
877,3.494,ILE, ,CG1,26.86,3.54,1.0,<Residue ILE het=  resseq=125 icode= >,1m0d_A_A,1.9
878,0.0,ILE, ,CG2,25.51,3.14,1.0,<Residue ILE het=  resseq=125 icode= >,1m0d_A_A,1.9
879,22.434,ILE, ,CD1,26.83,2.81,1.0,<Residue ILE het=  resseq=125 icode= >,1m0d_A_A,1.9
880,0.0,PRO, ,N,24.92,5.47,1.0,<Residue PRO het=  resseq=126 icode= >,1m0d_A_A,1.9
881,9.977,PRO, ,CA,34.63,3.89,1.0,<Residue PRO het=  resseq=126 icode= >,1m0d_A_A,1.9
882,0.0,PRO, ,C,31.85,4.72,1.0,<Residue PRO het=  resseq=126 icode= >,1m0d_A_A,1.9
883,0.0,PRO, ,O,25.76,5.45,1.0,<Residue PRO het=  resseq=126 icode= >,1m0d_A_A,1.9
884,4.9,PRO, ,CB,33.55,3.16,1.0,<Residue PRO het=  resseq=126 icode= >,1m0d_A_A,1.9
885,13.162,PRO, ,CG,30.11,3.65,1.0,<Residue PRO het=  resseq=126 icode= >,1m0d_A_A,1.9
886,0.0,PRO, ,CD,23.2,3.80,1.0,<Residue PRO het=  resseq=126 icode= >,1m0d_A_A,1.9
887,5.456,ALA, ,N,28.33,4.05,1.0,<Residue ALA het=  resseq=127 icode= >,1m0d_A_A,1.9
888,2.537,ALA, ,CA,33.34,3.53,1.0,<Residue ALA het=  resseq=127 icode= >,1m0d_A_A,1.9
889,0.0,ALA, ,C,31.38,4.98,1.0,<Residue ALA het=  resseq=127 icode= >,1m0d_A_A,1.9
890,0.117,ALA, ,O,28.82,5.05,1.0,<Residue ALA het=  resseq=127 icode= >,1m0d_A_A,1.9
891,45.795,ALA, ,CB,34.57,2.09,1.0,<Residue ALA het=  resseq=127 icode= >,1m0d_A_A,1.9
892,0.0,GLU, ,N,27.16,5.13,1.0,<Residue GLU het=  resseq=128 icode= >,1m0d_A_A,1.9
893,1.242,GLU, ,CA,30.78,4.18,1.0,<Residue GLU het=  resseq=128 icode= >,1m0d_A_A,1.9
894,0.0,GLU, ,C,40.83,4.14,1.0,<Residue GLU het=  resseq=128 icode= >,1m0d_A_A,1.9
895,2.418,GLU, ,O,32.46,4.61,1.0,<Residue GLU het=  resseq=128 icode= >,1m0d_A_A,1.9
896,23.178,GLU, ,CB,31.81,3.31,1.0,<Residue GLU het=  resseq=128 icode= >,1m0d_A_A,1.9
897,36.041,GLU, ,CG,58.99,1.53,1.0,<Residue GLU het=  resseq=128 icode= >,1m0d_A_A,1.9
898,8.37,GLU, ,CD,48.97,2.99,1.0,<Residue GLU het=  resseq=128 icode= >,1m0d_A_A,1.9
899,26.769,GLU, ,OE1,60.84,1.50,1.0,<Residue GLU het=  resseq=128 icode= >,1m0d_A_A,1.9
900,17.43,GLU, ,OE2,45.43,2.88,1.0,<Residue GLU het=  resseq=128 icode= >,1m0d_A_A,1.9
901,0.0,TRP, ,N,28.63,4.33,1.0,<Residue TRP het=  resseq=129 icode= >,1m0d_A_A,1.9
902,0.0,TRP, ,CA,28.3,4.51,1.0,<Residue TRP het=  resseq=129 icode= >,1m0d_A_A,1.9
903,0.0,TRP, ,C,29.16,5.77,1.0,<Residue TRP het=  resseq=129 icode= >,1m0d_A_A,1.9
904,0.0,TRP, ,O,30.67,5.31,1.0,<Residue TRP het=  resseq=129 icode= >,1m0d_A_A,1.9
905,0.0,TRP, ,CB,23.48,4.17,1.0,<Residue TRP het=  resseq=129 icode= >,1m0d_A_A,1.9
906,0.0,TRP, ,CG,26.28,4.77,1.0,<Residue TRP het=  resseq=129 icode= >,1m0d_A_A,1.9
907,4.262,TRP, ,CD1,25.27,4.81,1.0,<Residue TRP het=  resseq=129 icode= >,1m0d_A_A,1.9
908,0.0,TRP, ,CD2,23.07,4.90,1.0,<Residue TRP het=  resseq=129 icode= >,1m0d_A_A,1.9
909,16.734,TRP, ,NE1,23.68,5.16,1.0,<Residue TRP het=  resseq=129 icode= >,1m0d_A_A,1.9
910,0.0,TRP, ,CE2,25.84,4.91,1.0,<Residue TRP het=  resseq=129 icode= >,1m0d_A_A,1.9
911,0.0,TRP, ,CE3,25.81,4.37,1.0,<Residue TRP het=  resseq=129 icode= >,1m0d_A_A,1.9
912,0.548,TRP, ,CZ2,26.27,4.04,1.0,<Residue TRP het=  resseq=129 icode= >,1m0d_A_A,1.9
913,0.0,TRP, ,CZ3,22.75,4.52,1.0,<Residue TRP het=  resseq=129 icode= >,1m0d_A_A,1.9
914,0.0,TRP, ,CH2,25.33,4.65,1.0,<Residue TRP het=  resseq=129 icode= >,1m0d_A_A,1.9
915,0.0,ILE, ,N,25.28,5.11,1.0,<Residue ILE het=  resseq=130 icode= >,1m0d_A_A,1.9
916,0.26,ILE, ,CA,28.88,4.20,1.0,<Residue ILE het=  resseq=130 icode= >,1m0d_A_A,1.9
917,0.0,ILE, ,C,34.12,4.69,1.0,<Residue ILE het=  resseq=130 icode= >,1m0d_A_A,1.9
918,13.038,ILE, ,O,34.98,4.48,1.0,<Residue ILE het=  resseq=130 icode= >,1m0d_A_A,1.9
919,0.899,ILE, ,CB,32.34,3.72,1.0,<Residue ILE het=  resseq=130 icode= >,1m0d_A_A,1.9
920,1.988,ILE, ,CG1,32.9,3.61,1.0,<Residue ILE het=  resseq=130 icode= >,1m0d_A_A,1.9
921,43.99,ILE, ,CG2,38.14,2.62,1.0,<Residue ILE het=  resseq=130 icode= >,1m0d_A_A,1.9
922,37.267,ILE, ,CD1,37.16,2.00,1.0,<Residue ILE het=  resseq=130 icode= >,1m0d_A_A,1.9
923,0.0,LYS, ,N,36.18,4.00,1.0,<Residue LYS het=  resseq=131 icode= >,1m0d_A_A,1.9
924,7.616,LYS, ,CA,38.58,3.26,1.0,<Residue LYS het=  resseq=131 icode= >,1m0d_A_A,1.9
925,1.722,LYS, ,C,46.26,4.23,1.0,<Residue LYS het=  resseq=131 icode= >,1m0d_A_A,1.9
926,21.79,LYS, ,O,34.96,3.94,1.0,<Residue LYS het=  resseq=131 icode= >,1m0d_A_A,1.9
927,17.417,LYS, ,CB,36.0,2.57,1.0,<Residue LYS het=  resseq=131 icode= >,1m0d_A_A,1.9
928,15.123,LYS, ,CG,51.32,1.82,1.0,<Residue LYS het=  resseq=131 icode= >,1m0d_A_A,1.9
929,23.11,LYS, ,CD,63.64,1.20,1.0,<Residue LYS het=  resseq=131 icode= >,1m0d_A_A,1.9
930,30.928,LYS, ,CE,66.53,0.92,1.0,<Residue LYS het=  resseq=131 icode= >,1m0d_A_A,1.9
931,40.346,LYS, ,NZ,71.9,0.85,1.0,<Residue LYS het=  resseq=131 icode= >,1m0d_A_A,1.9
932,0.03,GLU, ,N,33.51,3.90,1.0,<Residue GLU het=  resseq=132 icode= >,1m0d_A_A,1.9
933,2.597,GLU, ,CA,36.42,3.24,1.0,<Residue GLU het=  resseq=132 icode= >,1m0d_A_A,1.9
934,0.0,GLU, ,C,31.83,4.76,1.0,<Residue GLU het=  resseq=132 icode= >,1m0d_A_A,1.9
935,3.961,GLU, ,O,31.23,4.51,1.0,<Residue GLU het=  resseq=132 icode= >,1m0d_A_A,1.9
936,2.913,GLU, ,CB,31.83,3.34,1.0,<Residue GLU het=  resseq=132 icode= >,1m0d_A_A,1.9
937,17.076,GLU, ,CG,35.29,2.89,1.0,<Residue GLU het=  resseq=132 icode= >,1m0d_A_A,1.9
938,6.921,GLU, ,CD,35.83,5.04,1.0,<Residue GLU het=  resseq=132 icode= >,1m0d_A_A,1.9
939,10.387,GLU, ,OE1,33.02,3.65,1.0,<Residue GLU het=  resseq=132 icode= >,1m0d_A_A,1.9
940,11.123,GLU, ,OE2,31.71,4.16,1.0,<Residue GLU het=  resseq=132 icode= >,1m0d_A_A,1.9
941,0.0,PRO, ,N,38.96,4.07,1.0,<Residue PRO het=  resseq=133 icode= >,1m0d_A_A,1.9
942,10.431,PRO, ,CA,41.03,3.81,1.0,<Residue PRO het=  resseq=133 icode= >,1m0d_A_A,1.9
943,0.0,PRO, ,C,41.99,4.58,1.0,<Residue PRO het=  resseq=133 icode= >,1m0d_A_A,1.9
944,3.837,PRO, ,O,41.71,3.56,1.0,<Residue PRO het=  resseq=133 icode= >,1m0d_A_A,1.9
945,35.627,PRO, ,CB,40.27,2.69,1.0,<Residue PRO het=  resseq=133 icode= >,1m0d_A_A,1.9
946,38.945,PRO, ,CG,53.29,1.58,1.0,<Residue PRO het=  resseq=133 icode= >,1m0d_A_A,1.9
947,25.546,PRO, ,CD,40.26,2.22,1.0,<Residue PRO het=  resseq=133 icode= >,1m0d_A_A,1.9
948,8.197,LYS, ,N,38.0,4.27,1.0,<Residue LYS het=  resseq=134 icode= >,1m0d_A_A,1.9
949,0.0,LYS, ,CA,40.6,3.69,1.0,<Residue LYS het=  resseq=134 icode= >,1m0d_A_A,1.9
950,0.256,LYS, ,C,49.51,3.73,1.0,<Residue LYS het=  resseq=134 icode= >,1m0d_A_A,1.9
951,21.886,LYS, ,O,44.09,3.06,1.0,<Residue LYS het=  resseq=134 icode= >,1m0d_A_A,1.9
952,21.354,LYS, ,CB,43.13,3.04,1.0,<Residue LYS het=  resseq=134 icode= >,1m0d_A_A,1.9
953,3.77,LYS, ,CG,49.67,2.15,1.0,<Residue LYS het=  resseq=134 icode= >,1m0d_A_A,1.9
954,25.76,LYS, ,CD,57.27,1.54,1.0,<Residue LYS het=  resseq=134 icode= >,1m0d_A_A,1.9
955,30.802,LYS, ,CE,62.99,1.15,1.0,<Residue LYS het=  resseq=134 icode= >,1m0d_A_A,1.9
956,47.519,LYS, ,NZ,68.39,0.99,1.0,<Residue LYS het=  resseq=134 icode= >,1m0d_A_A,1.9
957,0.0,LYS, ,N,45.31,3.00,1.0,<Residue LYS het=  resseq=135 icode= >,1m0d_A_A,1.9
958,7.666,LYS, ,CA,50.39,2.48,1.0,<Residue LYS het=  resseq=135 icode= >,1m0d_A_A,1.9
959,1.275,LYS, ,C,43.62,3.75,1.0,<Residue LYS het=  resseq=135 icode= >,1m0d_A_A,1.9
960,1.038,LYS, ,O,40.75,4.14,1.0,<Residue LYS het=  resseq=135 icode= >,1m0d_A_A,1.9
961,21.501,LYS, ,CB,45.49,2.67,1.0,<Residue LYS het=  resseq=135 icode= >,1m0d_A_A,1.9
962,1.167,LYS, ,CG,53.53,2.00,1.0,<Residue LYS het=  resseq=135 icode= >,1m0d_A_A,1.9
963,26.479,LYS, ,CD,63.28,1.42,1.0,<Residue LYS het=  resseq=135 icode= >,1m0d_A_A,1.9
964,4.341,LYS, ,CE,46.67,2.29,1.0,<Residue LYS het=  resseq=135 icode= >,1m0d_A_A,1.9
965,21.028,LYS, ,NZ,65.31,0.97,1.0,<Residue LYS het=  resseq=135 icode= >,1m0d_A_A,1.9
966,9.174,GLU, ,N,49.4,2.51,1.0,<Residue GLU het=  resseq=136 icode= >,1m0d_A_A,1.9
967,7.824,GLU, ,CA,49.93,2.25,1.0,<Residue GLU het=  resseq=136 icode= >,1m0d_A_A,1.9
968,0.249,GLU, ,C,43.45,3.59,1.0,<Residue GLU het=  resseq=136 icode= >,1m0d_A_A,1.9
969,12.845,GLU, ,O,44.97,3.08,1.0,<Residue GLU het=  resseq=136 icode= >,1m0d_A_A,1.9
970,66.324,GLU, ,CB,48.99,1.43,1.0,<Residue GLU het=  resseq=136 icode= >,1m0d_A_A,1.9
971,3.269,VAL, ,N,44.48,2.95,1.0,<Residue VAL het=  resseq=137 icode= >,1m0d_A_A,1.9
972,0.781,VAL, ,CA,47.15,2.74,1.0,<Residue VAL het=  resseq=137 icode= >,1m0d_A_A,1.9
973,1.094,VAL, ,C,56.01,2.30,1.0,<Residue VAL het=  resseq=137 icode= >,1m0d_A_A,1.9
974,10.082,VAL, ,O,51.81,2.21,1.0,<Residue VAL het=  resseq=137 icode= >,1m0d_A_A,1.9
975,0.0,VAL, ,CB,39.83,3.18,1.0,<Residue VAL het=  resseq=137 icode= >,1m0d_A_A,1.9
976,0.0,VAL, ,CG1,41.49,2.07,1.0,<Residue VAL het=  resseq=137 icode= >,1m0d_A_A,1.9
977,6.889,VAL, ,CG2,42.63,1.54,1.0,<Residue VAL het=  resseq=137 icode= >,1m0d_A_A,1.9
978,0.32,PRO, ,N,55.17,2.70,1.0,<Residue PRO het=  resseq=138 icode= >,1m0d_A_A,1.9
979,6.455,PRO, ,CA,47.89,3.30,1.0,<Residue PRO het=  resseq=138 icode= >,1m0d_A_A,1.9
980,0.0,PRO, ,C,46.97,4.12,1.0,<Residue PRO het=  resseq=138 icode= >,1m0d_A_A,1.9
981,0.0,PRO, ,O,47.11,2.92,1.0,<Residue PRO het=  resseq=138 icode= >,1m0d_A_A,1.9
982,15.547,PRO, ,CB,53.5,2.00,1.0,<Residue PRO het=  resseq=138 icode= >,1m0d_A_A,1.9
983,0.462,PRO, ,CG,57.04,1.61,1.0,<Residue PRO het=  resseq=138 icode= >,1m0d_A_A,1.9
984,2.674,PRO, ,CD,50.82,1.87,1.0,<Residue PRO het=  resseq=138 icode= >,1m0d_A_A,1.9
985,1.958,PHE, ,N,42.65,4.20,1.0,<Residue PHE het=  resseq=139 icode= >,1m0d_A_A,1.9
986,0.0,PHE, ,CA,47.88,3.45,1.0,<Residue PHE het=  resseq=139 icode= >,1m0d_A_A,1.9
987,0.989,PHE, ,C,56.49,3.21,1.0,<Residue PHE het=  resseq=139 icode= >,1m0d_A_A,1.9
988,7.711,PHE, ,O,56.72,2.18,1.0,<Residue PHE het=  resseq=139 icode= >,1m0d_A_A,1.9
989,25.255,PHE, ,CB,52.37,1.62,1.0,<Residue PHE het=  resseq=139 icode= >,1m0d_A_A,1.9
990,2.088,PHE, ,CG,52.81,2.40,1.0,<Residue PHE het=  resseq=139 icode= >,1m0d_A_A,1.9
991,15.32,PHE, ,CD1,51.99,2.23,1.0,<Residue PHE het=  resseq=139 icode= >,1m0d_A_A,1.9
992,15.09,PHE, ,CD2,50.78,2.16,1.0,<Residue PHE het=  resseq=139 icode= >,1m0d_A_A,1.9
993,21.317,PHE, ,CE1,49.11,2.55,1.0,<Residue PHE het=  resseq=139 icode= >,1m0d_A_A,1.9
994,12.695,PHE, ,CE2,51.8,1.88,1.0,<Residue PHE het=  resseq=139 icode= >,1m0d_A_A,1.9
995,14.736,PHE, ,CZ,50.23,2.22,1.0,<Residue PHE het=  resseq=139 icode= >,1m0d_A_A,1.9
996,2.808,ASP, ,N,63.36,2.37,1.0,<Residue ASP het=  resseq=140 icode= >,1m0d_A_A,1.9
997,13.039,ASP, ,CA,64.88,2.32,1.0,<Residue ASP het=  resseq=140 icode= >,1m0d_A_A,1.9
998,0.496,ASP, ,C,64.9,2.69,1.0,<Residue ASP het=  resseq=140 icode= >,1m0d_A_A,1.9
999,27.693,ASP, ,O,64.03,1.69,1.0,<Residue ASP het=  resseq=140 icode= >,1m0d_A_A,1.9
1000,37.822,ASP, ,CB,72.55,1.67,1.0,<Residue ASP het=  resseq=140 icode= >,1m0d_A_A,1.9
1001,7.58,ASP, ,CG,84.35,1.82,1.0,<Residue ASP het=  resseq=140 icode= >,1m0d_A_A,1.9
1002,10.732,ASP, ,OD1,87.47,0.91,1.0,<Residue ASP het=  resseq=140 icode= >,1m0d_A_A,1.9
1003,28.768,ASP, ,OD2,88.13,0.99,1.0,<Residue ASP het=  resseq=140 icode= >,1m0d_A_A,1.9
1004,0.0,ARG, ,N,62.52,2.13,1.0,<Residue ARG het=  resseq=141 icode= >,1m0d_A_A,1.9
1005,8.937,ARG, ,CA,59.59,2.46,1.0,<Residue ARG het=  resseq=141 icode= >,1m0d_A_A,1.9
1006,2.67,ARG, ,C,53.71,3.93,1.0,<Residue ARG het=  resseq=141 icode= >,1m0d_A_A,1.9
1007,21.273,ARG, ,O,52.05,3.09,1.0,<Residue ARG het=  resseq=141 icode= >,1m0d_A_A,1.9
1008,2.842,ARG, ,CB,66.11,1.52,1.0,<Residue ARG het=  resseq=141 icode= >,1m0d_A_A,1.9
1009,12.627,ARG, ,CG,70.16,1.18,1.0,<Residue ARG het=  resseq=141 icode= >,1m0d_A_A,1.9
1010,12.15,ARG, ,CD,68.36,1.30,1.0,<Residue ARG het=  resseq=141 icode= >,1m0d_A_A,1.9
1011,4.369,ARG, ,NE,76.6,2.04,1.0,<Residue ARG het=  resseq=141 icode= >,1m0d_A_A,1.9
1012,4.225,ARG, ,CZ,79.81,2.30,1.0,<Residue ARG het=  resseq=141 icode= >,1m0d_A_A,1.9
1013,26.776,ARG, ,NH1,93.4,0.01,1.0,<Residue ARG het=  resseq=141 icode= >,1m0d_A_A,1.9
1014,15.986,ARG, ,NH2,90.46,0.68,1.0,<Residue ARG het=  resseq=141 icode= >,1m0d_A_A,1.9
1015,0.0,LEU, ,N,45.78,3.53,1.0,<Residue LEU het=  resseq=142 icode= >,1m0d_A_A,1.9
1016,3.709,LEU, ,CA,40.32,3.64,1.0,<Residue LEU het=  resseq=142 icode= >,1m0d_A_A,1.9
1017,3.338,LEU, ,C,42.19,4.11,1.0,<Residue LEU het=  resseq=142 icode= >,1m0d_A_A,1.9
1018,16.443,LEU, ,O,50.42,2.60,1.0,<Residue LEU het=  resseq=142 icode= >,1m0d_A_A,1.9
1019,6.556,LEU, ,CB,33.42,3.25,1.0,<Residue LEU het=  resseq=142 icode= >,1m0d_A_A,1.9
1020,14.681,LEU, ,CG,43.07,3.01,1.0,<Residue LEU het=  resseq=142 icode= >,1m0d_A_A,1.9
1021,8.293,LEU, ,CD1,45.0,1.86,1.0,<Residue LEU het=  resseq=142 icode= >,1m0d_A_A,1.9
1022,7.334,LEU, ,CD2,36.31,2.44,1.0,<Residue LEU het=  resseq=142 icode= >,1m0d_A_A,1.9
1023,5.783,LYS, ,N,38.3,4.08,1.0,<Residue LYS het=  resseq=143 icode= >,1m0d_A_A,1.9
1024,5.366,LYS, ,CA,44.9,3.08,1.0,<Residue LYS het=  resseq=143 icode= >,1m0d_A_A,1.9
1025,1.041,LYS, ,C,47.45,3.65,1.0,<Residue LYS het=  resseq=143 icode= >,1m0d_A_A,1.9
1026,23.227,LYS, ,O,43.72,3.12,1.0,<Residue LYS het=  resseq=143 icode= >,1m0d_A_A,1.9
1027,59.777,LYS, ,CB,47.62,1.79,1.0,<Residue LYS het=  resseq=143 icode= >,1m0d_A_A,1.9
1028,10.361,ARG, ,N,46.68,3.22,1.0,<Residue ARG het=  resseq=144 icode= >,1m0d_A_A,1.9
1029,10.606,ARG, ,CA,51.52,2.72,1.0,<Residue ARG het=  resseq=144 icode= >,1m0d_A_A,1.9
1030,0.045,ARG, ,C,52.15,4.44,1.0,<Residue ARG het=  resseq=144 icode= >,1m0d_A_A,1.9
1031,17.839,ARG, ,O,61.77,2.14,1.0,<Residue ARG het=  resseq=144 icode= >,1m0d_A_A,1.9
1032,66.673,ARG, ,CB,55.28,1.70,1.0,<Residue ARG het=  resseq=144 icode= >,1m0d_A_A,1.9
1033,8.794,LYS, ,N,56.2,2.79,1.0,<Residue LYS het=  resseq=145 icode= >,1m0d_A_A,1.9
1034,12.635,LYS, ,CA,66.36,2.09,1.0,<Residue LYS het=  resseq=145 icode= >,1m0d_A_A,1.9
1035,26.721,LYS, ,C,74.34,1.82,1.0,<Residue LYS het=  resseq=145 icode= >,1m0d_A_A,1.9
1036,39.483,LYS, ,O,75.98,1.70,1.0,<Residue LYS het=  resseq=145 icode= >,1m0d_A_A,1.9
1037,70.684,LYS, ,CB,61.38,1.04,1.0,<Residue LYS het=  resseq=145 icode= >,1m0d_A_A,1.9
