,ASA,aa,altloc,atom,bfac,d2r,dASA,dens,occ,residue,id,resolu
0,28.51,LYS, ,N,62.67,8.11,0.0,1.31,1.0,<Residue LYS het=  resseq=449 icode= >,1pt3_A_A,2.5
1,12.405,LYS, ,CA,62.0,9.33,0.0,2.26,1.0,<Residue LYS het=  resseq=449 icode= >,1pt3_A_A,2.5
2,0.016,LYS, ,C,61.34,9.21,0.0,2.47,1.0,<Residue LYS het=  resseq=449 icode= >,1pt3_A_A,2.5
3,0.097,LYS, ,O,62.6,9.51,0.0,1.13,1.0,<Residue LYS het=  resseq=449 icode= >,1pt3_A_A,2.5
4,29.845,LYS, ,CB,63.16,9.98,0.0,1.45,1.0,<Residue LYS het=  resseq=449 icode= >,1pt3_A_A,2.5
5,10.82,LYS, ,CG,64.75,9.19,0.0,0.84,1.0,<Residue LYS het=  resseq=449 icode= >,1pt3_A_A,2.5
6,29.1,LYS, ,CD,65.02,8.83,0.0,0.78,1.0,<Residue LYS het=  resseq=449 icode= >,1pt3_A_A,2.5
7,39.266,LYS, ,CE,64.97,7.77,0.0,0.73,1.0,<Residue LYS het=  resseq=449 icode= >,1pt3_A_A,2.5
8,22.883,LYS, ,NZ,65.37,8.23,0.0,0.55,1.0,<Residue LYS het=  resseq=449 icode= >,1pt3_A_A,2.5
9,0.0,PRO, ,N,59.69,9.08,0.0,2.31,1.0,<Residue PRO het=  resseq=450 icode= >,1pt3_A_A,2.5
10,0.0,PRO, ,CA,58.12,9.31,0.0,1.95,1.0,<Residue PRO het=  resseq=450 icode= >,1pt3_A_A,2.5
11,0.583,PRO, ,C,56.59,10.79,0.0,2.70,1.0,<Residue PRO het=  resseq=450 icode= >,1pt3_A_A,2.5
12,16.381,PRO, ,O,57.12,11.53,0.0,1.99,1.0,<Residue PRO het=  resseq=450 icode= >,1pt3_A_A,2.5
13,13.308,PRO, ,CB,57.71,9.01,0.0,2.09,1.0,<Residue PRO het=  resseq=450 icode= >,1pt3_A_A,2.5
14,39.996,PRO, ,CG,58.68,9.50,0.0,1.60,1.0,<Residue PRO het=  resseq=450 icode= >,1pt3_A_A,2.5
15,26.669,PRO, ,CD,59.32,9.00,0.0,1.22,1.0,<Residue PRO het=  resseq=450 icode= >,1pt3_A_A,2.5
16,0.288,GLY, ,N,54.99,11.35,0.0,2.15,1.0,<Residue GLY het=  resseq=451 icode= >,1pt3_A_A,2.5
17,24.935,GLY, ,CA,54.07,12.31,0.0,1.98,1.0,<Residue GLY het=  resseq=451 icode= >,1pt3_A_A,2.5
18,0.0,GLY, ,C,53.96,11.56,0.0,3.47,1.0,<Residue GLY het=  resseq=451 icode= >,1pt3_A_A,2.5
19,0.0,GLY, ,O,52.83,10.70,0.0,2.31,1.0,<Residue GLY het=  resseq=451 icode= >,1pt3_A_A,2.5
20,5.612,LYS, ,N,54.21,12.05,0.0,2.73,1.0,<Residue LYS het=  resseq=452 icode= >,1pt3_A_A,2.5
21,0.0,LYS, ,CA,56.36,11.67,0.0,2.53,1.0,<Residue LYS het=  resseq=452 icode= >,1pt3_A_A,2.5
22,0.0,LYS, ,C,55.73,12.72,0.0,2.59,1.0,<Residue LYS het=  resseq=452 icode= >,1pt3_A_A,2.5
23,7.165,LYS, ,O,56.63,13.78,0.0,1.68,1.0,<Residue LYS het=  resseq=452 icode= >,1pt3_A_A,2.5
24,6.714,LYS, ,CB,58.85,11.82,0.0,1.04,1.0,<Residue LYS het=  resseq=452 icode= >,1pt3_A_A,2.5
25,16.414,LYS, ,CG,62.64,13.31,0.0,0.16,1.0,<Residue LYS het=  resseq=452 icode= >,1pt3_A_A,2.5
26,36.872,LYS, ,CD,64.29,13.66,0.0,0.76,1.0,<Residue LYS het=  resseq=452 icode= >,1pt3_A_A,2.5
27,3.793,LYS, ,CE,65.51,13.47,0.0,0.82,1.0,<Residue LYS het=  resseq=452 icode= >,1pt3_A_A,2.5
28,24.69,LYS, ,NZ,66.13,13.87,0.0,0.26,1.0,<Residue LYS het=  resseq=452 icode= >,1pt3_A_A,2.5
29,0.0,ALA, ,N,54.52,12.54,0.0,1.61,1.0,<Residue ALA het=  resseq=453 icode= >,1pt3_A_A,2.5
30,0.0,ALA, ,CA,52.92,13.64,0.0,1.58,1.0,<Residue ALA het=  resseq=453 icode= >,1pt3_A_A,2.5
31,0.0,ALA, ,C,51.42,14.50,0.0,3.07,1.0,<Residue ALA het=  resseq=453 icode= >,1pt3_A_A,2.5
32,0.0,ALA, ,O,51.45,14.09,0.0,2.26,1.0,<Residue ALA het=  resseq=453 icode= >,1pt3_A_A,2.5
33,0.0,ALA, ,CB,51.75,13.23,0.0,0.86,1.0,<Residue ALA het=  resseq=453 icode= >,1pt3_A_A,2.5
34,0.0,THR, ,N,49.61,15.80,0.0,2.76,1.0,<Residue THR het=  resseq=454 icode= >,1pt3_A_A,2.5
35,0.0,THR, ,CA,49.21,16.77,0.0,2.64,1.0,<Residue THR het=  resseq=454 icode= >,1pt3_A_A,2.5
36,0.0,THR, ,C,48.62,16.41,0.0,3.09,1.0,<Residue THR het=  resseq=454 icode= >,1pt3_A_A,2.5
37,0.0,THR, ,O,49.85,15.24,0.0,1.57,1.0,<Residue THR het=  resseq=454 icode= >,1pt3_A_A,2.5
38,11.297,THR, ,CB,50.17,17.24,0.0,1.82,1.0,<Residue THR het=  resseq=454 icode= >,1pt3_A_A,2.5
39,24.376,THR, ,OG1,52.41,17.82,0.0,0.88,1.0,<Residue THR het=  resseq=454 icode= >,1pt3_A_A,2.5
40,31.528,THR, ,CG2,49.7,16.13,0.0,1.20,1.0,<Residue THR het=  resseq=454 icode= >,1pt3_A_A,2.5
41,2.404,GLY, ,N,46.39,17.45,0.0,2.22,1.0,<Residue GLY het=  resseq=455 icode= >,1pt3_A_A,2.5
42,6.497,GLY, ,CA,44.88,17.33,0.0,2.38,1.0,<Residue GLY het=  resseq=455 icode= >,1pt3_A_A,2.5
43,1.109,GLY, ,C,45.46,18.38,0.0,3.37,1.0,<Residue GLY het=  resseq=455 icode= >,1pt3_A_A,2.5
44,0.0,GLY, ,O,45.24,18.69,0.0,2.15,1.0,<Residue GLY het=  resseq=455 icode= >,1pt3_A_A,2.5
45,0.347,LYS, ,N,45.1,18.69,0.0,2.50,1.0,<Residue LYS het=  resseq=456 icode= >,1pt3_A_A,2.5
46,0.0,LYS, ,CA,47.18,19.44,0.0,1.86,1.0,<Residue LYS het=  resseq=456 icode= >,1pt3_A_A,2.5
47,0.0,LYS, ,C,47.26,18.72,0.0,2.23,1.0,<Residue LYS het=  resseq=456 icode= >,1pt3_A_A,2.5
48,5.719,LYS, ,O,47.99,19.27,0.0,1.70,1.0,<Residue LYS het=  resseq=456 icode= >,1pt3_A_A,2.5
49,13.534,LYS, ,CB,48.15,20.70,0.0,1.67,1.0,<Residue LYS het=  resseq=456 icode= >,1pt3_A_A,2.5
50,16.358,LYS, ,CG,50.74,21.75,0.0,0.78,1.0,<Residue LYS het=  resseq=456 icode= >,1pt3_A_A,2.5
51,32.019,LYS, ,CD,51.59,23.06,0.0,0.96,1.0,<Residue LYS het=  resseq=456 icode= >,1pt3_A_A,2.5
52,45.687,LYS, ,CE,51.9,24.25,0.0,1.08,1.0,<Residue LYS het=  resseq=456 icode= >,1pt3_A_A,2.5
53,48.522,LYS, ,NZ,52.3,25.56,0.0,0.90,1.0,<Residue LYS het=  resseq=456 icode= >,1pt3_A_A,2.5
54,0.0,GLY, ,N,45.83,17.59,0.0,2.48,1.0,<Residue GLY het=  resseq=457 icode= >,1pt3_A_A,2.5
55,2.838,GLY, ,CA,44.58,16.98,0.0,2.31,1.0,<Residue GLY het=  resseq=457 icode= >,1pt3_A_A,2.5
56,0.0,GLY, ,C,44.92,18.03,0.0,2.75,1.0,<Residue GLY het=  resseq=457 icode= >,1pt3_A_A,2.5
57,10.449,GLY, ,O,44.5,19.14,0.0,2.13,1.0,<Residue GLY het=  resseq=457 icode= >,1pt3_A_A,2.5
58,0.0,LYS, ,N,44.36,17.75,0.0,2.30,1.0,<Residue LYS het=  resseq=458 icode= >,1pt3_A_A,2.5
59,0.533,LYS, ,CA,43.17,18.79,0.0,2.18,1.0,<Residue LYS het=  resseq=458 icode= >,1pt3_A_A,2.5
60,0.0,LYS, ,C,42.71,19.05,0.0,3.08,1.0,<Residue LYS het=  resseq=458 icode= >,1pt3_A_A,2.5
61,0.0,LYS, ,O,45.1,18.34,0.0,2.05,1.0,<Residue LYS het=  resseq=458 icode= >,1pt3_A_A,2.5
62,6.189,LYS, ,CB,41.82,18.49,0.0,2.08,1.0,<Residue LYS het=  resseq=458 icode= >,1pt3_A_A,2.5
63,2.796,LYS, ,CG,42.83,18.07,0.0,1.91,1.0,<Residue LYS het=  resseq=458 icode= >,1pt3_A_A,2.5
64,26.936,LYS, ,CD,43.32,18.93,0.0,1.31,1.0,<Residue LYS het=  resseq=458 icode= >,1pt3_A_A,2.5
65,37.535,LYS, ,CE,45.22,18.22,0.0,0.76,1.0,<Residue LYS het=  resseq=458 icode= >,1pt3_A_A,2.5
66,42.165,LYS, ,NZ,44.6,16.94,0.0,0.72,1.0,<Residue LYS het=  resseq=458 icode= >,1pt3_A_A,2.5
67,0.0,PRO, ,N,41.04,1000.00,0.0,2.98,1.0,<Residue PRO het=  resseq=459 icode= >,1pt3_A_A,2.5
68,0.251,PRO, ,CA,38.55,1000.00,0.0,3.01,1.0,<Residue PRO het=  resseq=459 icode= >,1pt3_A_A,2.5
69,1.137,PRO, ,C,36.81,1000.00,0.0,4.04,1.0,<Residue PRO het=  resseq=459 icode= >,1pt3_A_A,2.5
70,15.876,PRO, ,O,37.52,1000.00,0.0,2.45,1.0,<Residue PRO het=  resseq=459 icode= >,1pt3_A_A,2.5
71,32.612,PRO, ,CB,38.76,1000.00,0.0,1.91,1.0,<Residue PRO het=  resseq=459 icode= >,1pt3_A_A,2.5
72,37.916,PRO, ,CG,40.09,1000.00,0.0,1.75,1.0,<Residue PRO het=  resseq=459 icode= >,1pt3_A_A,2.5
73,23.416,PRO, ,CD,39.64,1000.00,0.0,2.44,1.0,<Residue PRO het=  resseq=459 icode= >,1pt3_A_A,2.5
74,1.439,VAL, ,N,34.69,1000.00,0.0,2.71,1.0,<Residue VAL het=  resseq=460 icode= >,1pt3_A_A,2.5
75,4.834,VAL, ,CA,33.91,1000.00,0.0,2.75,1.0,<Residue VAL het=  resseq=460 icode= >,1pt3_A_A,2.5
76,3.982,VAL, ,C,35.21,1000.00,0.0,3.97,1.0,<Residue VAL het=  resseq=460 icode= >,1pt3_A_A,2.5
77,17.346,VAL, ,O,35.4,1000.00,0.0,2.24,1.0,<Residue VAL het=  resseq=460 icode= >,1pt3_A_A,2.5
78,0.831,VAL, ,CB,34.77,1000.00,0.0,1.48,1.0,<Residue VAL het=  resseq=460 icode= >,1pt3_A_A,2.5
79,4.705,VAL, ,CG1,30.97,1000.00,0.0,1.20,1.0,<Residue VAL het=  resseq=460 icode= >,1pt3_A_A,2.5
80,0.277,VAL, ,CG2,30.18,1000.00,0.0,0.85,1.0,<Residue VAL het=  resseq=460 icode= >,1pt3_A_A,2.5
81,3.739,ASN, ,N,35.82,1000.00,0.0,2.88,1.0,<Residue ASN het=  resseq=461 icode= >,1pt3_A_A,2.5
82,10.024,ASN, ,CA,37.38,1000.00,0.0,2.96,1.0,<Residue ASN het=  resseq=461 icode= >,1pt3_A_A,2.5
83,4.477,ASN, ,C,38.04,1000.00,0.0,3.25,1.0,<Residue ASN het=  resseq=461 icode= >,1pt3_A_A,2.5
84,6.024,ASN, ,O,38.61,1000.00,0.0,2.41,1.0,<Residue ASN het=  resseq=461 icode= >,1pt3_A_A,2.5
85,27.411,ASN, ,CB,39.32,1000.00,0.0,1.67,1.0,<Residue ASN het=  resseq=461 icode= >,1pt3_A_A,2.5
86,1.118,ASN, ,CG,40.6,1000.00,0.0,3.12,1.0,<Residue ASN het=  resseq=461 icode= >,1pt3_A_A,2.5
87,0.411,ASN, ,OD1,42.06,1000.00,0.0,1.53,1.0,<Residue ASN het=  resseq=461 icode= >,1pt3_A_A,2.5
88,53.148,ASN, ,ND2,42.48,1000.00,0.0,1.49,1.0,<Residue ASN het=  resseq=461 icode= >,1pt3_A_A,2.5
89,1.423,ASN, ,N,38.23,1000.00,0.0,2.11,1.0,<Residue ASN het=  resseq=462 icode= >,1pt3_A_A,2.5
90,4.752,ASN, ,CA,38.61,1000.00,0.0,1.99,1.0,<Residue ASN het=  resseq=462 icode= >,1pt3_A_A,2.5
91,0.0,ASN, ,C,37.25,1000.00,0.0,2.74,1.0,<Residue ASN het=  resseq=462 icode= >,1pt3_A_A,2.5
92,9.067,ASN, ,O,39.01,1000.00,0.0,1.79,1.0,<Residue ASN het=  resseq=462 icode= >,1pt3_A_A,2.5
93,34.233,ASN, ,CB,39.22,1000.00,0.0,1.27,1.0,<Residue ASN het=  resseq=462 icode= >,1pt3_A_A,2.5
94,5.48,ASN, ,CG,40.59,1000.00,0.0,2.26,1.0,<Residue ASN het=  resseq=462 icode= >,1pt3_A_A,2.5
95,15.397,ASN, ,OD1,40.01,1000.00,0.0,1.58,1.0,<Residue ASN het=  resseq=462 icode= >,1pt3_A_A,2.5
96,39.726,ASN, ,ND2,40.22,1000.00,0.0,1.48,1.0,<Residue ASN het=  resseq=462 icode= >,1pt3_A_A,2.5
97,0.0,LYS, ,N,35.42,1000.00,0.0,2.77,1.0,<Residue LYS het=  resseq=463 icode= >,1pt3_A_A,2.5
98,3.393,LYS, ,CA,33.83,1000.00,0.0,2.61,1.0,<Residue LYS het=  resseq=463 icode= >,1pt3_A_A,2.5
99,0.262,LYS, ,C,31.4,1000.00,0.0,3.27,1.0,<Residue LYS het=  resseq=463 icode= >,1pt3_A_A,2.5
100,1.653,LYS, ,O,27.72,1000.00,0.0,2.82,1.0,<Residue LYS het=  resseq=463 icode= >,1pt3_A_A,2.5
101,3.55,LYS, ,CB,37.0,1000.00,0.0,1.51,1.0,<Residue LYS het=  resseq=463 icode= >,1pt3_A_A,2.5
102,5.316,LYS, ,CG,41.38,1000.00,0.0,0.95,1.0,<Residue LYS het=  resseq=463 icode= >,1pt3_A_A,2.5
103,15.11,LYS, ,CD,45.8,1000.00,0.0,1.00,1.0,<Residue LYS het=  resseq=463 icode= >,1pt3_A_A,2.5
104,40.794,LYS, ,CE,47.64,1000.00,0.0,0.88,1.0,<Residue LYS het=  resseq=463 icode= >,1pt3_A_A,2.5
105,37.837,LYS, ,NZ,48.99,1000.00,0.0,0.82,1.0,<Residue LYS het=  resseq=463 icode= >,1pt3_A_A,2.5
106,0.0,TRP, ,N,27.35,17.25,0.0,3.16,1.0,<Residue TRP het=  resseq=464 icode= >,1pt3_A_A,2.5
107,3.025,TRP, ,CA,25.77,16.09,0.0,3.37,1.0,<Residue TRP het=  resseq=464 icode= >,1pt3_A_A,2.5
108,0.0,TRP, ,C,25.16,15.18,0.0,4.29,1.0,<Residue TRP het=  resseq=464 icode= >,1pt3_A_A,2.5
109,3.071,TRP, ,O,20.04,15.30,0.0,3.32,1.0,<Residue TRP het=  resseq=464 icode= >,1pt3_A_A,2.5
110,0.132,TRP, ,CB,25.61,15.37,0.0,2.33,1.0,<Residue TRP het=  resseq=464 icode= >,1pt3_A_A,2.5
111,0.0,TRP, ,CG,28.46,14.20,0.0,2.89,1.0,<Residue TRP het=  resseq=464 icode= >,1pt3_A_A,2.5
112,0.556,TRP, ,CD1,27.68,14.16,0.0,2.81,1.0,<Residue TRP het=  resseq=464 icode= >,1pt3_A_A,2.5
113,0.0,TRP, ,CD2,27.44,13.07,0.0,2.72,1.0,<Residue TRP het=  resseq=464 icode= >,1pt3_A_A,2.5
114,0.0,TRP, ,NE1,26.17,13.12,0.0,3.87,1.0,<Residue TRP het=  resseq=464 icode= >,1pt3_A_A,2.5
115,0.0,TRP, ,CE2,25.11,12.37,0.0,3.89,1.0,<Residue TRP het=  resseq=464 icode= >,1pt3_A_A,2.5
116,0.0,TRP, ,CE3,25.18,12.72,0.0,2.68,1.0,<Residue TRP het=  resseq=464 icode= >,1pt3_A_A,2.5
117,0.0,TRP, ,CZ2,25.45,11.27,0.0,2.44,1.0,<Residue TRP het=  resseq=464 icode= >,1pt3_A_A,2.5
118,0.0,TRP, ,CZ3,26.89,11.65,0.0,1.62,1.0,<Residue TRP het=  resseq=464 icode= >,1pt3_A_A,2.5
119,0.0,TRP, ,CH2,23.46,10.88,0.0,2.53,1.0,<Residue TRP het=  resseq=464 icode= >,1pt3_A_A,2.5
120,1.421,LEU, ,N,27.24,14.44,0.0,3.03,1.0,<Residue LEU het=  resseq=465 icode= >,1pt3_A_A,2.5
121,0.0,LEU, ,CA,30.19,13.61,0.0,3.34,1.0,<Residue LEU het=  resseq=465 icode= >,1pt3_A_A,2.5
122,1.641,LEU, ,C,32.62,14.45,0.0,3.60,1.0,<Residue LEU het=  resseq=465 icode= >,1pt3_A_A,2.5
123,6.297,LEU, ,O,32.86,14.02,0.0,2.30,1.0,<Residue LEU het=  resseq=465 icode= >,1pt3_A_A,2.5
124,10.709,LEU, ,CB,30.34,12.71,0.0,2.26,1.0,<Residue LEU het=  resseq=465 icode= >,1pt3_A_A,2.5
125,0.477,LEU, ,CG,31.35,11.81,0.0,2.92,1.0,<Residue LEU het=  resseq=465 icode= >,1pt3_A_A,2.5
126,0.215,LEU, ,CD1,32.45,10.86,0.0,1.56,1.0,<Residue LEU het=  resseq=465 icode= >,1pt3_A_A,2.5
127,0.0,LEU, ,CD2,31.08,11.15,0.0,1.42,1.0,<Residue LEU het=  resseq=465 icode= >,1pt3_A_A,2.5
128,2.657,ASN, ,N,36.17,15.75,0.0,1.43,1.0,<Residue ASN het=  resseq=466 icode= >,1pt3_A_A,2.5
129,6.454,ASN, ,CA,37.23,16.73,0.0,2.27,1.0,<Residue ASN het=  resseq=466 icode= >,1pt3_A_A,2.5
130,0.617,ASN, ,C,37.73,16.57,0.0,2.94,1.0,<Residue ASN het=  resseq=466 icode= >,1pt3_A_A,2.5
131,25.795,ASN, ,O,35.74,16.97,0.0,2.60,1.0,<Residue ASN het=  resseq=466 icode= >,1pt3_A_A,2.5
132,4.437,ASN, ,CB,39.14,18.13,0.0,1.51,1.0,<Residue ASN het=  resseq=466 icode= >,1pt3_A_A,2.5
133,1.796,ASN, ,CG,40.29,19.15,0.0,2.63,1.0,<Residue ASN het=  resseq=466 icode= >,1pt3_A_A,2.5
134,32.707,ASN, ,OD1,40.65,19.95,0.0,1.80,1.0,<Residue ASN het=  resseq=466 icode= >,1pt3_A_A,2.5
135,34.593,ASN, ,ND2,39.77,19.22,0.0,1.94,1.0,<Residue ASN het=  resseq=466 icode= >,1pt3_A_A,2.5
136,0.0,ASN, ,N,37.94,16.15,0.0,2.18,1.0,<Residue ASN het=  resseq=467 icode= >,1pt3_A_A,2.5
137,2.283,ASN, ,CA,40.67,16.16,0.0,1.65,1.0,<Residue ASN het=  resseq=467 icode= >,1pt3_A_A,2.5
138,0.0,ASN, ,C,39.46,14.83,0.0,2.61,1.0,<Residue ASN het=  resseq=467 icode= >,1pt3_A_A,2.5
139,0.048,ASN, ,O,37.32,14.82,0.0,2.72,1.0,<Residue ASN het=  resseq=467 icode= >,1pt3_A_A,2.5
140,23.786,ASN, ,CB,44.45,17.04,0.0,1.49,1.0,<Residue ASN het=  resseq=467 icode= >,1pt3_A_A,2.5
141,5.765,ASN, ,CG,49.71,17.01,0.0,1.58,1.0,<Residue ASN het=  resseq=467 icode= >,1pt3_A_A,2.5
142,6.447,ASN, ,OD1,50.59,16.04,0.0,1.36,1.0,<Residue ASN het=  resseq=467 icode= >,1pt3_A_A,2.5
143,42.638,ASN, ,ND2,51.84,18.17,0.0,0.87,1.0,<Residue ASN het=  resseq=467 icode= >,1pt3_A_A,2.5
144,0.0,ALA, ,N,38.5,13.75,0.0,1.63,1.0,<Residue ALA het=  resseq=468 icode= >,1pt3_A_A,2.5
145,0.0,ALA, ,CA,36.69,12.42,0.0,1.97,1.0,<Residue ALA het=  resseq=468 icode= >,1pt3_A_A,2.5
146,0.0,ALA, ,C,34.49,12.53,0.0,3.58,1.0,<Residue ALA het=  resseq=468 icode= >,1pt3_A_A,2.5
147,0.0,ALA, ,O,34.77,11.64,0.0,2.45,1.0,<Residue ALA het=  resseq=468 icode= >,1pt3_A_A,2.5
148,0.0,ALA, ,CB,33.7,11.42,0.0,1.17,1.0,<Residue ALA het=  resseq=468 icode= >,1pt3_A_A,2.5
149,2.323,GLY, ,N,33.71,13.75,0.0,2.70,1.0,<Residue GLY het=  resseq=469 icode= >,1pt3_A_A,2.5
150,7.876,GLY, ,CA,34.37,14.01,0.0,2.00,1.0,<Residue GLY het=  resseq=469 icode= >,1pt3_A_A,2.5
151,0.0,GLY, ,C,36.43,14.25,0.0,3.01,1.0,<Residue GLY het=  resseq=469 icode= >,1pt3_A_A,2.5
152,10.998,GLY, ,O,34.83,14.35,0.0,2.43,1.0,<Residue GLY het=  resseq=469 icode= >,1pt3_A_A,2.5
153,0.0,LYS, ,N,37.06,14.32,0.0,2.18,1.0,<Residue LYS het=  resseq=470 icode= >,1pt3_A_A,2.5
154,1.38,LYS, ,CA,38.84,14.76,0.0,2.66,1.0,<Residue LYS het=  resseq=470 icode= >,1pt3_A_A,2.5
155,0.0,LYS, ,C,38.13,14.01,0.0,3.83,1.0,<Residue LYS het=  resseq=470 icode= >,1pt3_A_A,2.5
156,3.127,LYS, ,O,36.64,13.66,0.0,2.91,1.0,<Residue LYS het=  resseq=470 icode= >,1pt3_A_A,2.5
157,7.756,LYS, ,CB,41.46,16.24,0.0,1.42,1.0,<Residue LYS het=  resseq=470 icode= >,1pt3_A_A,2.5
158,31.708,LYS, ,CG,45.8,17.28,0.0,0.90,1.0,<Residue LYS het=  resseq=470 icode= >,1pt3_A_A,2.5
159,9.838,LYS, ,CD,48.4,16.95,0.0,0.47,1.0,<Residue LYS het=  resseq=470 icode= >,1pt3_A_A,2.5
160,42.972,LYS, ,CE,49.42,16.73,0.0,0.78,1.0,<Residue LYS het=  resseq=470 icode= >,1pt3_A_A,2.5
161,45.513,LYS, ,NZ,49.34,16.16,0.0,1.05,1.0,<Residue LYS het=  resseq=470 icode= >,1pt3_A_A,2.5
162,3.968,ASP, ,N,37.95,13.94,0.0,2.45,1.0,<Residue ASP het=  resseq=471 icode= >,1pt3_A_A,2.5
163,3.064,ASP, ,CA,38.37,13.44,0.0,2.09,1.0,<Residue ASP het=  resseq=471 icode= >,1pt3_A_A,2.5
164,0.396,ASP, ,C,36.53,11.98,0.0,3.48,1.0,<Residue ASP het=  resseq=471 icode= >,1pt3_A_A,2.5
165,0.0,ASP, ,O,36.87,11.15,0.0,2.57,1.0,<Residue ASP het=  resseq=471 icode= >,1pt3_A_A,2.5
166,21.732,ASP, ,CB,40.7,14.42,0.0,1.82,1.0,<Residue ASP het=  resseq=471 icode= >,1pt3_A_A,2.5
167,10.203,ASP, ,CG,45.02,15.88,0.0,2.67,1.0,<Residue ASP het=  resseq=471 icode= >,1pt3_A_A,2.5
168,37.426,ASP, ,OD1,46.19,16.19,0.0,1.78,1.0,<Residue ASP het=  resseq=471 icode= >,1pt3_A_A,2.5
169,31.523,ASP, ,OD2,46.34,16.79,0.0,1.58,1.0,<Residue ASP het=  resseq=471 icode= >,1pt3_A_A,2.5
170,0.779,LEU, ,N,34.22,11.78,0.0,2.78,1.0,<Residue LEU het=  resseq=472 icode= >,1pt3_A_A,2.5
171,0.0,LEU, ,CA,32.57,10.53,0.0,2.63,1.0,<Residue LEU het=  resseq=472 icode= >,1pt3_A_A,2.5
172,0.0,LEU, ,C,31.9,10.45,0.0,3.60,1.0,<Residue LEU het=  resseq=472 icode= >,1pt3_A_A,2.5
173,0.091,LEU, ,O,29.99,9.76,0.0,2.54,1.0,<Residue LEU het=  resseq=472 icode= >,1pt3_A_A,2.5
174,12.253,LEU, ,CB,34.28,10.58,0.0,1.24,1.0,<Residue LEU het=  resseq=472 icode= >,1pt3_A_A,2.5
175,9.15,LEU, ,CG,34.4,10.60,0.0,2.38,1.0,<Residue LEU het=  resseq=472 icode= >,1pt3_A_A,2.5
176,31.659,LEU, ,CD1,34.58,11.11,0.0,1.15,1.0,<Residue LEU het=  resseq=472 icode= >,1pt3_A_A,2.5
177,16.596,LEU, ,CD2,31.21,9.33,0.0,1.48,1.0,<Residue LEU het=  resseq=472 icode= >,1pt3_A_A,2.5
178,0.0,GLY, ,N,30.56,11.39,0.0,2.61,1.0,<Residue GLY het=  resseq=473 icode= >,1pt3_A_A,2.5
179,0.0,GLY, ,CA,30.12,11.64,0.0,2.29,1.0,<Residue GLY het=  resseq=473 icode= >,1pt3_A_A,2.5
180,0.0,GLY, ,C,28.98,12.46,0.0,3.47,1.0,<Residue GLY het=  resseq=473 icode= >,1pt3_A_A,2.5
181,20.388,GLY, ,O,31.84,13.13,0.0,1.66,1.0,<Residue GLY het=  resseq=473 icode= >,1pt3_A_A,2.5
182,0.0,SER, ,N,26.69,12.21,0.0,3.59,1.0,<Residue SER het=  resseq=474 icode= >,1pt3_A_A,2.5
183,0.0,SER, ,CA,26.9,12.77,0.0,3.24,1.0,<Residue SER het=  resseq=474 icode= >,1pt3_A_A,2.5
184,0.233,SER, ,C,29.04,12.24,0.0,3.54,1.0,<Residue SER het=  resseq=474 icode= >,1pt3_A_A,2.5
185,0.0,SER, ,O,30.67,11.12,0.0,2.57,1.0,<Residue SER het=  resseq=474 icode= >,1pt3_A_A,2.5
186,0.076,SER, ,CB,26.0,12.72,0.0,2.70,1.0,<Residue SER het=  resseq=474 icode= >,1pt3_A_A,2.5
187,0.0,SER, ,OG,19.92,13.08,0.0,2.86,1.0,<Residue SER het=  resseq=474 icode= >,1pt3_A_A,2.5
188,0.106,PRO, ,N,30.17,13.17,0.0,3.00,1.0,<Residue PRO het=  resseq=475 icode= >,1pt3_A_A,2.5
189,0.557,PRO, ,CA,29.49,13.08,0.0,3.12,1.0,<Residue PRO het=  resseq=475 icode= >,1pt3_A_A,2.5
190,0.0,PRO, ,C,31.94,12.71,0.0,3.43,1.0,<Residue PRO het=  resseq=475 icode= >,1pt3_A_A,2.5
191,0.0,PRO, ,O,30.79,12.60,0.0,2.68,1.0,<Residue PRO het=  resseq=475 icode= >,1pt3_A_A,2.5
192,15.218,PRO, ,CB,28.85,14.54,0.0,2.18,1.0,<Residue PRO het=  resseq=475 icode= >,1pt3_A_A,2.5
193,8.172,PRO, ,CG,30.28,15.22,0.0,1.83,1.0,<Residue PRO het=  resseq=475 icode= >,1pt3_A_A,2.5
194,19.686,PRO, ,CD,29.35,14.60,0.0,1.99,1.0,<Residue PRO het=  resseq=475 icode= >,1pt3_A_A,2.5
195,1.015,VAL, ,N,29.15,12.77,0.0,2.68,1.0,<Residue VAL het=  resseq=476 icode= >,1pt3_A_A,2.5
196,0.0,VAL, ,CA,27.32,12.70,0.0,3.07,1.0,<Residue VAL het=  resseq=476 icode= >,1pt3_A_A,2.5
197,0.0,VAL, ,C,30.05,14.12,0.0,3.57,1.0,<Residue VAL het=  resseq=476 icode= >,1pt3_A_A,2.5
198,0.0,VAL, ,O,29.39,15.10,0.0,2.82,1.0,<Residue VAL het=  resseq=476 icode= >,1pt3_A_A,2.5
199,0.117,VAL, ,CB,23.36,12.53,0.0,3.46,1.0,<Residue VAL het=  resseq=476 icode= >,1pt3_A_A,2.5
200,0.0,VAL, ,CG1,22.2,12.68,0.0,1.97,1.0,<Residue VAL het=  resseq=476 icode= >,1pt3_A_A,2.5
201,0.262,VAL, ,CG2,20.72,11.30,0.0,2.41,1.0,<Residue VAL het=  resseq=476 icode= >,1pt3_A_A,2.5
202,0.0,PRO, ,N,30.84,14.34,0.0,3.67,1.0,<Residue PRO het=  resseq=477 icode= >,1pt3_A_A,2.5
203,0.0,PRO, ,CA,31.42,15.72,0.0,3.06,1.0,<Residue PRO het=  resseq=477 icode= >,1pt3_A_A,2.5
204,0.0,PRO, ,C,33.7,16.50,0.0,3.42,1.0,<Residue PRO het=  resseq=477 icode= >,1pt3_A_A,2.5
205,0.0,PRO, ,O,34.88,16.04,0.0,2.56,1.0,<Residue PRO het=  resseq=477 icode= >,1pt3_A_A,2.5
206,0.0,PRO, ,CB,31.45,15.67,0.0,2.66,1.0,<Residue PRO het=  resseq=477 icode= >,1pt3_A_A,2.5
207,0.0,PRO, ,CG,33.17,14.44,0.0,1.95,1.0,<Residue PRO het=  resseq=477 icode= >,1pt3_A_A,2.5
208,0.0,PRO, ,CD,30.48,13.45,0.0,2.41,1.0,<Residue PRO het=  resseq=477 icode= >,1pt3_A_A,2.5
209,0.0,ASP, ,N,33.82,17.77,0.0,3.05,1.0,<Residue ASP het=  resseq=478 icode= >,1pt3_A_A,2.5
210,0.0,ASP, ,CA,34.9,18.68,0.0,2.92,1.0,<Residue ASP het=  resseq=478 icode= >,1pt3_A_A,2.5
211,0.0,ASP, ,C,33.75,18.73,0.0,3.92,1.0,<Residue ASP het=  resseq=478 icode= >,1pt3_A_A,2.5
212,0.0,ASP, ,O,34.16,18.56,0.0,2.69,1.0,<Residue ASP het=  resseq=478 icode= >,1pt3_A_A,2.5
213,18.898,ASP, ,CB,36.92,20.11,0.0,2.12,1.0,<Residue ASP het=  resseq=478 icode= >,1pt3_A_A,2.5
214,8.211,ASP, ,CG,39.75,20.60,0.0,3.33,1.0,<Residue ASP het=  resseq=478 icode= >,1pt3_A_A,2.5
215,4.632,ASP, ,OD1,42.09,20.57,0.0,1.77,1.0,<Residue ASP het=  resseq=478 icode= >,1pt3_A_A,2.5
216,7.73,ASP, ,OD2,42.87,21.15,0.0,1.71,1.0,<Residue ASP het=  resseq=478 icode= >,1pt3_A_A,2.5
217,0.0,ARG, ,N,32.98,18.47,0.0,2.62,1.0,<Residue ARG het=  resseq=479 icode= >,1pt3_A_A,2.5
218,0.229,ARG, ,CA,34.48,17.23,0.0,3.02,1.0,<Residue ARG het=  resseq=479 icode= >,1pt3_A_A,2.5
219,0.219,ARG, ,C,32.95,15.99,0.0,3.87,1.0,<Residue ARG het=  resseq=479 icode= >,1pt3_A_A,2.5
220,0.282,ARG, ,O,30.59,14.92,0.0,3.05,1.0,<Residue ARG het=  resseq=479 icode= >,1pt3_A_A,2.5
221,3.026,ARG, ,CB,36.57,17.40,0.0,2.18,1.0,<Residue ARG het=  resseq=479 icode= >,1pt3_A_A,2.5
222,14.02,ARG, ,CG,41.11,18.69,0.0,1.62,1.0,<Residue ARG het=  resseq=479 icode= >,1pt3_A_A,2.5
223,34.713,ARG, ,CD,44.88,18.86,0.0,1.38,1.0,<Residue ARG het=  resseq=479 icode= >,1pt3_A_A,2.5
224,1.573,ARG, ,NE,47.08,18.91,0.0,1.81,1.0,<Residue ARG het=  resseq=479 icode= >,1pt3_A_A,2.5
225,0.443,ARG, ,CZ,48.57,20.00,0.0,2.40,1.0,<Residue ARG het=  resseq=479 icode= >,1pt3_A_A,2.5
226,22.69,ARG, ,NH1,48.66,21.11,0.0,1.55,1.0,<Residue ARG het=  resseq=479 icode= >,1pt3_A_A,2.5
227,1.616,ARG, ,NH2,50.05,20.05,0.0,0.99,1.0,<Residue ARG het=  resseq=479 icode= >,1pt3_A_A,2.5
228,0.0,ILE, ,N,31.99,16.26,0.0,2.58,1.0,<Residue ILE het=  resseq=480 icode= >,1pt3_A_A,2.5
229,0.0,ILE, ,CA,32.68,15.33,0.0,2.91,1.0,<Residue ILE het=  resseq=480 icode= >,1pt3_A_A,2.5
230,0.0,ILE, ,C,34.29,15.16,0.0,3.09,1.0,<Residue ILE het=  resseq=480 icode= >,1pt3_A_A,2.5
231,0.0,ILE, ,O,36.57,14.11,0.0,2.05,1.0,<Residue ILE het=  resseq=480 icode= >,1pt3_A_A,2.5
232,0.0,ILE, ,CB,31.63,14.56,0.0,2.23,1.0,<Residue ILE het=  resseq=480 icode= >,1pt3_A_A,2.5
233,0.0,ILE, ,CG1,32.95,14.67,0.0,1.61,1.0,<Residue ILE het=  resseq=480 icode= >,1pt3_A_A,2.5
234,0.0,ILE, ,CG2,25.6,13.39,0.0,2.19,1.0,<Residue ILE het=  resseq=480 icode= >,1pt3_A_A,2.5
235,1.959,ILE, ,CD1,32.41,14.71,0.0,1.07,1.0,<Residue ILE het=  resseq=480 icode= >,1pt3_A_A,2.5
236,0.0,ALA, ,N,36.03,16.17,0.0,2.50,1.0,<Residue ALA het=  resseq=481 icode= >,1pt3_A_A,2.5
237,0.0,ALA, ,CA,36.89,16.32,0.0,2.61,1.0,<Residue ALA het=  resseq=481 icode= >,1pt3_A_A,2.5
238,0.0,ALA, ,C,38.88,15.49,0.0,3.07,1.0,<Residue ALA het=  resseq=481 icode= >,1pt3_A_A,2.5
239,0.0,ALA, ,O,36.89,14.99,0.0,2.32,1.0,<Residue ALA het=  resseq=481 icode= >,1pt3_A_A,2.5
240,0.0,ALA, ,CB,36.72,16.76,0.0,1.49,1.0,<Residue ALA het=  resseq=481 icode= >,1pt3_A_A,2.5
241,0.0,ASN, ,N,40.32,15.45,0.0,2.90,1.0,<Residue ASN het=  resseq=482 icode= >,1pt3_A_A,2.5
242,0.0,ASN, ,CA,42.9,14.81,0.0,2.52,1.0,<Residue ASN het=  resseq=482 icode= >,1pt3_A_A,2.5
243,1.372,ASN, ,C,45.03,13.29,0.0,2.53,1.0,<Residue ASN het=  resseq=482 icode= >,1pt3_A_A,2.5
244,15.596,ASN, ,O,46.32,12.79,0.0,1.85,1.0,<Residue ASN het=  resseq=482 icode= >,1pt3_A_A,2.5
245,19.672,ASN, ,CB,42.67,15.23,0.0,1.81,1.0,<Residue ASN het=  resseq=482 icode= >,1pt3_A_A,2.5
246,4.4,ASN, ,CG,44.31,16.70,0.0,2.95,1.0,<Residue ASN het=  resseq=482 icode= >,1pt3_A_A,2.5
247,7.452,ASN, ,OD1,43.35,17.50,0.0,2.45,1.0,<Residue ASN het=  resseq=482 icode= >,1pt3_A_A,2.5
248,33.155,ASN, ,ND2,44.66,17.15,0.0,1.69,1.0,<Residue ASN het=  resseq=482 icode= >,1pt3_A_A,2.5
249,0.0,LYS, ,N,45.2,12.67,0.0,2.32,1.0,<Residue LYS het=  resseq=483 icode= >,1pt3_A_A,2.5
250,6.064,LYS, ,CA,45.17,11.23,0.0,2.76,1.0,<Residue LYS het=  resseq=483 icode= >,1pt3_A_A,2.5
251,0.0,LYS, ,C,45.16,10.81,0.0,3.50,1.0,<Residue LYS het=  resseq=483 icode= >,1pt3_A_A,2.5
252,11.484,LYS, ,O,44.04,9.73,0.0,2.05,1.0,<Residue LYS het=  resseq=483 icode= >,1pt3_A_A,2.5
253,0.728,LYS, ,CB,46.21,10.98,0.0,2.04,1.0,<Residue LYS het=  resseq=483 icode= >,1pt3_A_A,2.5
254,1.93,LYS, ,CG,48.6,11.49,0.0,1.37,1.0,<Residue LYS het=  resseq=483 icode= >,1pt3_A_A,2.5
255,24.849,LYS, ,CD,49.56,10.64,0.0,0.88,1.0,<Residue LYS het=  resseq=483 icode= >,1pt3_A_A,2.5
256,46.054,LYS, ,CE,49.62,11.33,0.0,1.14,1.0,<Residue LYS het=  resseq=483 icode= >,1pt3_A_A,2.5
257,32.705,LYS, ,NZ,52.37,12.79,0.0,1.01,1.0,<Residue LYS het=  resseq=483 icode= >,1pt3_A_A,2.5
258,0.0,LEU, ,N,45.98,11.80,0.0,2.10,1.0,<Residue LEU het=  resseq=484 icode= >,1pt3_A_A,2.5
259,0.0,LEU, ,CA,47.59,11.80,0.0,1.75,1.0,<Residue LEU het=  resseq=484 icode= >,1pt3_A_A,2.5
260,0.0,LEU, ,C,49.03,12.57,0.0,2.72,1.0,<Residue LEU het=  resseq=484 icode= >,1pt3_A_A,2.5
261,0.0,LEU, ,O,49.02,12.20,0.0,2.20,1.0,<Residue LEU het=  resseq=484 icode= >,1pt3_A_A,2.5
262,0.0,LEU, ,CB,45.62,12.55,0.0,1.01,1.0,<Residue LEU het=  resseq=484 icode= >,1pt3_A_A,2.5
263,0.0,LEU, ,CG,42.27,12.10,0.0,2.67,1.0,<Residue LEU het=  resseq=484 icode= >,1pt3_A_A,2.5
264,0.0,LEU, ,CD1,39.23,12.58,0.0,2.23,1.0,<Residue LEU het=  resseq=484 icode= >,1pt3_A_A,2.5
265,0.0,LEU, ,CD2,41.89,10.78,0.0,1.22,1.0,<Residue LEU het=  resseq=484 icode= >,1pt3_A_A,2.5
266,0.0,ARG, ,N,51.27,13.39,0.0,1.98,1.0,<Residue ARG het=  resseq=485 icode= >,1pt3_A_A,2.5
267,0.0,ARG, ,CA,54.04,14.32,0.0,2.20,1.0,<Residue ARG het=  resseq=485 icode= >,1pt3_A_A,2.5
268,0.059,ARG, ,C,55.54,13.36,0.0,3.05,1.0,<Residue ARG het=  resseq=485 icode= >,1pt3_A_A,2.5
269,9.694,ARG, ,O,55.66,12.58,0.0,1.97,1.0,<Residue ARG het=  resseq=485 icode= >,1pt3_A_A,2.5
270,3.305,ARG, ,CB,54.67,15.18,0.0,1.10,1.0,<Residue ARG het=  resseq=485 icode= >,1pt3_A_A,2.5
271,1.929,ARG, ,CG,53.4,16.45,0.0,1.40,1.0,<Residue ARG het=  resseq=485 icode= >,1pt3_A_A,2.5
272,30.153,ARG, ,CD,52.79,17.40,0.0,1.67,1.0,<Residue ARG het=  resseq=485 icode= >,1pt3_A_A,2.5
273,1.432,ARG, ,NE,53.4,17.93,0.0,2.02,1.0,<Residue ARG het=  resseq=485 icode= >,1pt3_A_A,2.5
274,3.243,ARG, ,CZ,54.06,17.75,0.0,2.01,1.0,<Residue ARG het=  resseq=485 icode= >,1pt3_A_A,2.5
275,21.179,ARG, ,NH1,52.73,17.03,0.0,1.71,1.0,<Residue ARG het=  resseq=485 icode= >,1pt3_A_A,2.5
276,5.917,ARG, ,NH2,52.71,18.43,0.0,1.40,1.0,<Residue ARG het=  resseq=485 icode= >,1pt3_A_A,2.5
277,0.0,ASP, ,N,58.34,13.50,0.0,1.41,1.0,<Residue ASP het=  resseq=486 icode= >,1pt3_A_A,2.5
278,0.0,ASP, ,CA,59.87,12.77,0.0,1.78,1.0,<Residue ASP het=  resseq=486 icode= >,1pt3_A_A,2.5
279,1.455,ASP, ,C,59.94,11.25,0.0,3.04,1.0,<Residue ASP het=  resseq=486 icode= >,1pt3_A_A,2.5
280,18.943,ASP, ,O,60.53,10.62,0.0,1.58,1.0,<Residue ASP het=  resseq=486 icode= >,1pt3_A_A,2.5
281,20.82,ASP, ,CB,61.71,13.28,0.0,0.73,1.0,<Residue ASP het=  resseq=486 icode= >,1pt3_A_A,2.5
282,5.141,ASP, ,CG,63.12,14.77,0.0,1.48,1.0,<Residue ASP het=  resseq=486 icode= >,1pt3_A_A,2.5
283,36.664,ASP, ,OD1,63.45,15.50,0.0,1.19,1.0,<Residue ASP het=  resseq=486 icode= >,1pt3_A_A,2.5
284,14.539,ASP, ,OD2,63.45,15.30,0.0,1.23,1.0,<Residue ASP het=  resseq=486 icode= >,1pt3_A_A,2.5
285,0.0,LYS, ,N,60.02,10.79,0.0,2.59,1.0,<Residue LYS het=  resseq=487 icode= >,1pt3_A_A,2.5
286,4.294,LYS, ,CA,61.35,9.38,0.0,3.19,1.0,<Residue LYS het=  resseq=487 icode= >,1pt3_A_A,2.5
287,0.81,LYS, ,C,60.89,8.93,0.0,2.89,1.0,<Residue LYS het=  resseq=487 icode= >,1pt3_A_A,2.5
288,0.34,LYS, ,O,61.63,9.77,0.0,1.66,1.0,<Residue LYS het=  resseq=487 icode= >,1pt3_A_A,2.5
289,0.0,LYS, ,CB,63.73,9.37,0.0,1.25,1.0,<Residue LYS het=  resseq=487 icode= >,1pt3_A_A,2.5
290,6.492,LYS, ,CG,66.63,8.35,0.0,0.81,1.0,<Residue LYS het=  resseq=487 icode= >,1pt3_A_A,2.5
291,14.184,LYS, ,CD,68.36,8.64,0.0,0.88,1.0,<Residue LYS het=  resseq=487 icode= >,1pt3_A_A,2.5
292,46.311,LYS, ,CE,70.12,7.11,0.0,0.29,1.0,<Residue LYS het=  resseq=487 icode= >,1pt3_A_A,2.5
293,14.141,LYS, ,NZ,71.44,6.70,0.0,0.27,1.0,<Residue LYS het=  resseq=487 icode= >,1pt3_A_A,2.5
294,1.335,GLU, ,N,59.45,7.79,0.0,2.36,1.0,<Residue GLU het=  resseq=488 icode= >,1pt3_A_A,2.5
295,0.0,GLU, ,CA,58.43,7.60,0.0,2.23,1.0,<Residue GLU het=  resseq=488 icode= >,1pt3_A_A,2.5
296,0.0,GLU, ,C,55.85,7.28,0.0,3.35,1.0,<Residue GLU het=  resseq=488 icode= >,1pt3_A_A,2.5
297,11.957,GLU, ,O,55.63,6.32,0.0,2.05,1.0,<Residue GLU het=  resseq=488 icode= >,1pt3_A_A,2.5
298,25.926,GLU, ,CB,61.45,6.79,0.0,1.12,1.0,<Residue GLU het=  resseq=488 icode= >,1pt3_A_A,2.5
299,29.548,GLU, ,CG,65.34,7.61,0.0,0.50,1.0,<Residue GLU het=  resseq=488 icode= >,1pt3_A_A,2.5
300,8.159,GLU, ,CD,67.71,7.74,0.0,1.28,1.0,<Residue GLU het=  resseq=488 icode= >,1pt3_A_A,2.5
301,18.014,GLU, ,OE1,68.89,8.76,0.0,1.29,1.0,<Residue GLU het=  resseq=488 icode= >,1pt3_A_A,2.5
302,4.428,GLU, ,OE2,68.49,7.04,0.0,0.49,1.0,<Residue GLU het=  resseq=488 icode= >,1pt3_A_A,2.5
303,0.0,PHE, ,N,53.08,8.30,0.0,2.59,1.0,<Residue PHE het=  resseq=489 icode= >,1pt3_A_A,2.5
304,0.0,PHE, ,CA,50.96,8.12,0.0,2.64,1.0,<Residue PHE het=  resseq=489 icode= >,1pt3_A_A,2.5
305,0.0,PHE, ,C,51.04,8.41,0.0,3.86,1.0,<Residue PHE het=  resseq=489 icode= >,1pt3_A_A,2.5
306,0.0,PHE, ,O,52.17,9.30,0.0,1.69,1.0,<Residue PHE het=  resseq=489 icode= >,1pt3_A_A,2.5
307,0.0,PHE, ,CB,47.63,9.19,0.0,1.73,1.0,<Residue PHE het=  resseq=489 icode= >,1pt3_A_A,2.5
308,0.0,PHE, ,CG,46.35,9.15,0.0,2.09,1.0,<Residue PHE het=  resseq=489 icode= >,1pt3_A_A,2.5
309,0.385,PHE, ,CD1,43.99,8.48,0.0,2.22,1.0,<Residue PHE het=  resseq=489 icode= >,1pt3_A_A,2.5
310,0.0,PHE, ,CD2,43.63,9.96,0.0,1.84,1.0,<Residue PHE het=  resseq=489 icode= >,1pt3_A_A,2.5
311,4.173,PHE, ,CE1,44.22,8.70,0.0,1.93,1.0,<Residue PHE het=  resseq=489 icode= >,1pt3_A_A,2.5
312,0.0,PHE, ,CE2,44.82,10.16,0.0,1.54,1.0,<Residue PHE het=  resseq=489 icode= >,1pt3_A_A,2.5
313,0.0,PHE, ,CZ,44.86,9.56,0.0,1.38,1.0,<Residue PHE het=  resseq=489 icode= >,1pt3_A_A,2.5
314,0.0,LYS, ,N,50.79,7.90,0.0,3.41,1.0,<Residue LYS het=  resseq=490 icode= >,1pt3_A_A,2.5
315,1.358,LYS, ,CA,52.91,6.82,0.0,2.50,1.0,<Residue LYS het=  resseq=490 icode= >,1pt3_A_A,2.5
316,2.724,LYS, ,C,53.44,6.89,0.0,2.40,1.0,<Residue LYS het=  resseq=490 icode= >,1pt3_A_A,2.5
317,0.77,LYS, ,O,55.53,7.45,0.0,0.97,1.0,<Residue LYS het=  resseq=490 icode= >,1pt3_A_A,2.5
318,22.485,LYS, ,CB,54.59,5.61,4.347,0.76,1.0,<Residue LYS het=  resseq=490 icode= >,1pt3_A_A,2.5
319,12.988,LYS, ,CG,56.29,6.21,0.0,0.85,1.0,<Residue LYS het=  resseq=490 icode= >,1pt3_A_A,2.5
320,25.92,LYS, ,CD,58.67,5.63,0.931,0.82,1.0,<Residue LYS het=  resseq=490 icode= >,1pt3_A_A,2.5
321,28.753,LYS, ,CE,60.11,4.26,13.071,0.66,1.0,<Residue LYS het=  resseq=490 icode= >,1pt3_A_A,2.5
322,43.263,LYS, ,NZ,59.7,3.42,32.431,0.81,1.0,<Residue LYS het=  resseq=490 icode= >,1pt3_A_A,2.5
323,0.0,SER, ,N,51.88,6.68,0.0,1.65,1.0,<Residue SER het=  resseq=491 icode= >,1pt3_A_A,2.5
324,0.039,SER, ,CA,48.73,7.13,0.0,3.04,1.0,<Residue SER het=  resseq=491 icode= >,1pt3_A_A,2.5
325,0.0,SER, ,C,47.84,8.26,0.0,2.75,1.0,<Residue SER het=  resseq=491 icode= >,1pt3_A_A,2.5
326,0.0,SER, ,O,47.33,8.61,0.0,1.74,1.0,<Residue SER het=  resseq=491 icode= >,1pt3_A_A,2.5
327,18.903,SER, ,CB,49.31,6.22,0.394,1.89,1.0,<Residue SER het=  resseq=491 icode= >,1pt3_A_A,2.5
328,9.659,SER, ,OG,48.75,5.49,3.522,1.56,1.0,<Residue SER het=  resseq=491 icode= >,1pt3_A_A,2.5
329,0.745,PHE, ,N,46.3,8.03,0.0,1.68,1.0,<Residue PHE het=  resseq=492 icode= >,1pt3_A_A,2.5
330,0.0,PHE, ,CA,43.81,7.26,0.0,2.42,1.0,<Residue PHE het=  resseq=492 icode= >,1pt3_A_A,2.5
331,0.0,PHE, ,C,42.72,6.49,0.0,3.01,1.0,<Residue PHE het=  resseq=492 icode= >,1pt3_A_A,2.5
332,0.0,PHE, ,O,41.57,6.21,0.0,1.85,1.0,<Residue PHE het=  resseq=492 icode= >,1pt3_A_A,2.5
333,16.783,PHE, ,CB,42.5,6.52,0.0,2.14,1.0,<Residue PHE het=  resseq=492 icode= >,1pt3_A_A,2.5
334,0.152,PHE, ,CG,42.09,5.81,0.0,1.82,1.0,<Residue PHE het=  resseq=492 icode= >,1pt3_A_A,2.5
335,14.501,PHE, ,CD1,40.27,4.46,4.587,1.22,1.0,<Residue PHE het=  resseq=492 icode= >,1pt3_A_A,2.5
336,0.0,PHE, ,CD2,40.96,6.75,0.0,1.69,1.0,<Residue PHE het=  resseq=492 icode= >,1pt3_A_A,2.5
337,8.107,PHE, ,CE1,41.12,4.23,7.163,1.52,1.0,<Residue PHE het=  resseq=492 icode= >,1pt3_A_A,2.5
338,0.0,PHE, ,CE2,41.33,6.60,0.0,1.70,1.0,<Residue PHE het=  resseq=492 icode= >,1pt3_A_A,2.5
339,0.0,PHE, ,CZ,39.5,5.47,0.0,2.07,1.0,<Residue PHE het=  resseq=492 icode= >,1pt3_A_A,2.5
340,0.0,ASP, ,N,40.87,6.22,0.0,2.67,1.0,<Residue ASP het=  resseq=493 icode= >,1pt3_A_A,2.5
341,0.0,ASP, ,CA,41.84,5.96,0.0,2.54,1.0,<Residue ASP het=  resseq=493 icode= >,1pt3_A_A,2.5
342,0.0,ASP, ,C,40.04,7.29,0.0,3.16,1.0,<Residue ASP het=  resseq=493 icode= >,1pt3_A_A,2.5
343,0.0,ASP, ,O,39.94,7.20,0.0,1.88,1.0,<Residue ASP het=  resseq=493 icode= >,1pt3_A_A,2.5
344,9.813,ASP, ,CB,44.04,5.11,5.945,1.00,1.0,<Residue ASP het=  resseq=493 icode= >,1pt3_A_A,2.5
345,10.067,ASP, ,CG,48.22,4.20,7.57,2.21,1.0,<Residue ASP het=  resseq=493 icode= >,1pt3_A_A,2.5
346,28.103,ASP, ,OD1,49.97,4.42,5.222,1.44,1.0,<Residue ASP het=  resseq=493 icode= >,1pt3_A_A,2.5
347,24.936,ASP, ,OD2,47.87,3.10,24.72,1.68,1.0,<Residue ASP het=  resseq=493 icode= >,1pt3_A_A,2.5
348,0.495,ASP, ,N,36.64,6.93,0.0,2.68,1.0,<Residue ASP het=  resseq=494 icode= >,1pt3_A_A,2.5
349,0.94,ASP, ,CA,34.46,7.32,0.0,2.39,1.0,<Residue ASP het=  resseq=494 icode= >,1pt3_A_A,2.5
350,0.0,ASP, ,C,31.11,8.81,0.0,3.74,1.0,<Residue ASP het=  resseq=494 icode= >,1pt3_A_A,2.5
351,0.081,ASP, ,O,28.95,9.18,0.0,2.64,1.0,<Residue ASP het=  resseq=494 icode= >,1pt3_A_A,2.5
352,4.107,ASP, ,CB,38.19,7.24,0.0,1.61,1.0,<Residue ASP het=  resseq=494 icode= >,1pt3_A_A,2.5
353,2.885,ASP, ,CG,42.12,6.95,0.0,2.12,1.0,<Residue ASP het=  resseq=494 icode= >,1pt3_A_A,2.5
354,5.258,ASP, ,OD1,42.92,6.16,0.0,1.69,1.0,<Residue ASP het=  resseq=494 icode= >,1pt3_A_A,2.5
355,21.921,ASP, ,OD2,43.56,6.78,0.0,1.11,1.0,<Residue ASP het=  resseq=494 icode= >,1pt3_A_A,2.5
356,0.0,PHE, ,N,29.72,8.77,0.0,2.76,1.0,<Residue PHE het=  resseq=495 icode= >,1pt3_A_A,2.5
357,0.0,PHE, ,CA,27.46,8.85,0.0,3.39,1.0,<Residue PHE het=  resseq=495 icode= >,1pt3_A_A,2.5
358,0.0,PHE, ,C,26.22,8.12,0.0,3.65,1.0,<Residue PHE het=  resseq=495 icode= >,1pt3_A_A,2.5
359,0.0,PHE, ,O,25.05,8.79,0.0,2.65,1.0,<Residue PHE het=  resseq=495 icode= >,1pt3_A_A,2.5
360,0.0,PHE, ,CB,26.39,8.61,0.0,2.66,1.0,<Residue PHE het=  resseq=495 icode= >,1pt3_A_A,2.5
361,0.0,PHE, ,CG,28.83,9.09,0.0,2.43,1.0,<Residue PHE het=  resseq=495 icode= >,1pt3_A_A,2.5
362,0.0,PHE, ,CD1,27.69,8.33,0.0,2.11,1.0,<Residue PHE het=  resseq=495 icode= >,1pt3_A_A,2.5
363,0.0,PHE, ,CD2,28.54,10.49,0.0,1.93,1.0,<Residue PHE het=  resseq=495 icode= >,1pt3_A_A,2.5
364,0.0,PHE, ,CE1,28.49,8.83,0.0,1.93,1.0,<Residue PHE het=  resseq=495 icode= >,1pt3_A_A,2.5
365,0.0,PHE, ,CE2,26.32,11.05,0.0,2.89,1.0,<Residue PHE het=  resseq=495 icode= >,1pt3_A_A,2.5
366,0.0,PHE, ,CZ,24.58,10.22,0.0,2.47,1.0,<Residue PHE het=  resseq=495 icode= >,1pt3_A_A,2.5
367,0.0,ARG, ,N,25.45,6.81,0.0,2.59,1.0,<Residue ARG het=  resseq=496 icode= >,1pt3_A_A,2.5
368,0.0,ARG, ,CA,24.81,6.15,0.0,2.80,1.0,<Residue ARG het=  resseq=496 icode= >,1pt3_A_A,2.5
369,0.0,ARG, ,C,24.61,7.05,0.0,3.95,1.0,<Residue ARG het=  resseq=496 icode= >,1pt3_A_A,2.5
370,0.0,ARG, ,O,23.06,7.33,0.0,3.38,1.0,<Residue ARG het=  resseq=496 icode= >,1pt3_A_A,2.5
371,0.0,ARG, ,CB,23.02,4.86,0.0,2.13,1.0,<Residue ARG het=  resseq=496 icode= >,1pt3_A_A,2.5
372,0.0,ARG, ,CG,24.02,4.10,0.0,2.37,1.0,<Residue ARG het=  resseq=496 icode= >,1pt3_A_A,2.5
373,15.829,ARG, ,CD,23.81,3.31,15.829,2.63,1.0,<Residue ARG het=  resseq=496 icode= >,1pt3_A_A,2.5
374,6.487,ARG, ,NE,27.59,3.64,6.487,2.28,1.0,<Residue ARG het=  resseq=496 icode= >,1pt3_A_A,2.5
375,4.292,ARG, ,CZ,28.0,3.65,4.292,3.33,1.0,<Residue ARG het=  resseq=496 icode= >,1pt3_A_A,2.5
376,16.956,ARG, ,NH1,24.12,3.51,16.868,2.36,1.0,<Residue ARG het=  resseq=496 icode= >,1pt3_A_A,2.5
377,33.731,ARG, ,NH2,28.44,3.23,29.925,1.61,1.0,<Residue ARG het=  resseq=496 icode= >,1pt3_A_A,2.5
378,0.0,LYS, ,N,24.22,7.23,0.0,2.90,1.0,<Residue LYS het=  resseq=497 icode= >,1pt3_A_A,2.5
379,0.0,LYS, ,CA,27.51,7.23,0.0,3.39,1.0,<Residue LYS het=  resseq=497 icode= >,1pt3_A_A,2.5
380,0.0,LYS, ,C,28.25,8.36,0.0,3.10,1.0,<Residue LYS het=  resseq=497 icode= >,1pt3_A_A,2.5
381,0.0,LYS, ,O,28.71,8.37,0.0,2.55,1.0,<Residue LYS het=  resseq=497 icode= >,1pt3_A_A,2.5
382,4.653,LYS, ,CB,28.48,7.65,0.0,2.69,1.0,<Residue LYS het=  resseq=497 icode= >,1pt3_A_A,2.5
383,5.941,LYS, ,CG,35.8,6.51,0.0,0.99,1.0,<Residue LYS het=  resseq=497 icode= >,1pt3_A_A,2.5
384,4.654,LYS, ,CD,38.53,5.49,2.285,0.80,1.0,<Residue LYS het=  resseq=497 icode= >,1pt3_A_A,2.5
385,35.157,LYS, ,CE,42.21,4.67,11.746,0.36,1.0,<Residue LYS het=  resseq=497 icode= >,1pt3_A_A,2.5
386,45.358,LYS, ,NZ,45.87,3.23,37.871,0.91,1.0,<Residue LYS het=  resseq=497 icode= >,1pt3_A_A,2.5
387,0.243,LYS, ,N,26.34,9.49,0.0,2.83,1.0,<Residue LYS het=  resseq=498 icode= >,1pt3_A_A,2.5
388,0.0,LYS, ,CA,26.28,10.29,0.0,3.29,1.0,<Residue LYS het=  resseq=498 icode= >,1pt3_A_A,2.5
389,0.0,LYS, ,C,23.87,10.73,0.0,3.94,1.0,<Residue LYS het=  resseq=498 icode= >,1pt3_A_A,2.5
390,0.0,LYS, ,O,23.4,10.82,0.0,3.11,1.0,<Residue LYS het=  resseq=498 icode= >,1pt3_A_A,2.5
391,0.096,LYS, ,CB,28.35,9.62,0.0,1.91,1.0,<Residue LYS het=  resseq=498 icode= >,1pt3_A_A,2.5
392,0.0,LYS, ,CG,33.59,8.65,0.0,0.86,1.0,<Residue LYS het=  resseq=498 icode= >,1pt3_A_A,2.5
393,9.485,LYS, ,CD,35.1,7.41,0.0,0.79,1.0,<Residue LYS het=  resseq=498 icode= >,1pt3_A_A,2.5
394,40.628,LYS, ,CE,37.75,6.16,0.135,0.69,1.0,<Residue LYS het=  resseq=498 icode= >,1pt3_A_A,2.5
395,7.006,LYS, ,NZ,36.51,6.51,0.0,0.83,1.0,<Residue LYS het=  resseq=498 icode= >,1pt3_A_A,2.5
396,0.0,PHE, ,N,20.41,9.99,0.0,3.36,1.0,<Residue PHE het=  resseq=499 icode= >,1pt3_A_A,2.5
397,0.0,PHE, ,CA,19.29,9.82,0.0,3.26,1.0,<Residue PHE het=  resseq=499 icode= >,1pt3_A_A,2.5
398,0.0,PHE, ,C,18.69,9.96,0.0,4.84,1.0,<Residue PHE het=  resseq=499 icode= >,1pt3_A_A,2.5
399,0.0,PHE, ,O,17.93,10.83,0.0,3.32,1.0,<Residue PHE het=  resseq=499 icode= >,1pt3_A_A,2.5
400,0.0,PHE, ,CB,20.38,8.57,0.0,2.80,1.0,<Residue PHE het=  resseq=499 icode= >,1pt3_A_A,2.5
401,0.0,PHE, ,CG,21.31,8.49,0.0,3.67,1.0,<Residue PHE het=  resseq=499 icode= >,1pt3_A_A,2.5
402,0.0,PHE, ,CD1,20.67,9.47,0.0,2.60,1.0,<Residue PHE het=  resseq=499 icode= >,1pt3_A_A,2.5
403,0.0,PHE, ,CD2,19.75,7.75,0.0,3.29,1.0,<Residue PHE het=  resseq=499 icode= >,1pt3_A_A,2.5
404,0.0,PHE, ,CE1,19.91,9.77,0.0,2.87,1.0,<Residue PHE het=  resseq=499 icode= >,1pt3_A_A,2.5
405,0.0,PHE, ,CE2,19.13,8.09,0.0,3.08,1.0,<Residue PHE het=  resseq=499 icode= >,1pt3_A_A,2.5
406,0.081,PHE, ,CZ,23.6,9.13,0.0,2.35,1.0,<Residue PHE het=  resseq=499 icode= >,1pt3_A_A,2.5
407,0.0,TRP, ,N,17.35,8.70,0.0,3.44,1.0,<Residue TRP het=  resseq=500 icode= >,1pt3_A_A,2.5
408,0.0,TRP, ,CA,17.37,8.38,0.0,3.25,1.0,<Residue TRP het=  resseq=500 icode= >,1pt3_A_A,2.5
409,0.0,TRP, ,C,17.47,9.23,0.0,4.41,1.0,<Residue TRP het=  resseq=500 icode= >,1pt3_A_A,2.5
410,0.0,TRP, ,O,16.83,9.85,0.0,3.33,1.0,<Residue TRP het=  resseq=500 icode= >,1pt3_A_A,2.5
411,0.0,TRP, ,CB,15.01,6.89,0.0,2.59,1.0,<Residue TRP het=  resseq=500 icode= >,1pt3_A_A,2.5
412,0.0,TRP, ,CG,16.57,6.34,0.0,4.21,1.0,<Residue TRP het=  resseq=500 icode= >,1pt3_A_A,2.5
413,0.0,TRP, ,CD1,17.36,5.37,0.0,3.23,1.0,<Residue TRP het=  resseq=500 icode= >,1pt3_A_A,2.5
414,0.0,TRP, ,CD2,14.68,7.01,0.0,3.35,1.0,<Residue TRP het=  resseq=500 icode= >,1pt3_A_A,2.5
415,0.111,TRP, ,NE1,17.23,5.23,0.111,3.56,1.0,<Residue TRP het=  resseq=500 icode= >,1pt3_A_A,2.5
416,0.0,TRP, ,CE2,18.27,6.09,0.0,2.87,1.0,<Residue TRP het=  resseq=500 icode= >,1pt3_A_A,2.5
417,0.0,TRP, ,CE3,10.04,8.21,0.0,3.12,1.0,<Residue TRP het=  resseq=500 icode= >,1pt3_A_A,2.5
418,0.0,TRP, ,CZ2,17.32,6.14,0.0,2.02,1.0,<Residue TRP het=  resseq=500 icode= >,1pt3_A_A,2.5
419,0.0,TRP, ,CZ3,10.97,8.51,0.0,3.50,1.0,<Residue TRP het=  resseq=500 icode= >,1pt3_A_A,2.5
420,0.0,TRP, ,CH2,8.73,7.43,0.0,3.58,1.0,<Residue TRP het=  resseq=500 icode= >,1pt3_A_A,2.5
421,0.0,GLU, ,N,17.73,9.52,0.0,2.45,1.0,<Residue GLU het=  resseq=501 icode= >,1pt3_A_A,2.5
422,0.147,GLU, ,CA,19.78,10.58,0.0,3.69,1.0,<Residue GLU het=  resseq=501 icode= >,1pt3_A_A,2.5
423,0.0,GLU, ,C,21.5,11.14,0.0,3.83,1.0,<Residue GLU het=  resseq=501 icode= >,1pt3_A_A,2.5
424,0.022,GLU, ,O,23.82,11.44,0.0,2.73,1.0,<Residue GLU het=  resseq=501 icode= >,1pt3_A_A,2.5
425,0.165,GLU, ,CB,19.13,9.68,0.0,2.81,1.0,<Residue GLU het=  resseq=501 icode= >,1pt3_A_A,2.5
426,4.568,GLU, ,CG,28.3,9.37,0.0,1.38,1.0,<Residue GLU het=  resseq=501 icode= >,1pt3_A_A,2.5
427,6.349,GLU, ,CD,31.09,8.30,0.0,3.28,1.0,<Residue GLU het=  resseq=501 icode= >,1pt3_A_A,2.5
428,18.131,GLU, ,OE1,34.07,7.51,0.0,2.18,1.0,<Residue GLU het=  resseq=501 icode= >,1pt3_A_A,2.5
429,15.932,GLU, ,OE2,34.91,7.17,0.0,2.07,1.0,<Residue GLU het=  resseq=501 icode= >,1pt3_A_A,2.5
430,0.0,GLU, ,N,20.94,11.16,0.0,3.05,1.0,<Residue GLU het=  resseq=502 icode= >,1pt3_A_A,2.5
431,0.0,GLU, ,CA,20.98,11.54,0.0,3.50,1.0,<Residue GLU het=  resseq=502 icode= >,1pt3_A_A,2.5
432,0.0,GLU, ,C,19.89,12.91,0.0,4.99,1.0,<Residue GLU het=  resseq=502 icode= >,1pt3_A_A,2.5
433,0.628,GLU, ,O,21.92,13.14,0.0,3.50,1.0,<Residue GLU het=  resseq=502 icode= >,1pt3_A_A,2.5
434,0.0,GLU, ,CB,20.39,11.64,0.0,2.35,1.0,<Residue GLU het=  resseq=502 icode= >,1pt3_A_A,2.5
435,0.0,GLU, ,CG,25.4,10.33,0.0,1.82,1.0,<Residue GLU het=  resseq=502 icode= >,1pt3_A_A,2.5
436,0.0,GLU, ,CD,25.66,9.40,0.0,4.12,1.0,<Residue GLU het=  resseq=502 icode= >,1pt3_A_A,2.5
437,11.781,GLU, ,OE1,27.42,8.16,0.0,2.71,1.0,<Residue GLU het=  resseq=502 icode= >,1pt3_A_A,2.5
438,2.759,GLU, ,OE2,25.88,10.02,0.0,2.84,1.0,<Residue GLU het=  resseq=502 icode= >,1pt3_A_A,2.5
439,0.0,VAL, ,N,19.73,12.54,0.0,3.47,1.0,<Residue VAL het=  resseq=503 icode= >,1pt3_A_A,2.5
440,0.0,VAL, ,CA,22.97,12.83,0.0,3.49,1.0,<Residue VAL het=  resseq=503 icode= >,1pt3_A_A,2.5
441,0.0,VAL, ,C,24.57,13.26,0.0,3.71,1.0,<Residue VAL het=  resseq=503 icode= >,1pt3_A_A,2.5
442,0.0,VAL, ,O,25.39,14.31,0.0,3.10,1.0,<Residue VAL het=  resseq=503 icode= >,1pt3_A_A,2.5
443,0.0,VAL, ,CB,24.17,11.80,0.0,3.20,1.0,<Residue VAL het=  resseq=503 icode= >,1pt3_A_A,2.5
444,0.0,VAL, ,CG1,23.88,12.24,0.0,1.92,1.0,<Residue VAL het=  resseq=503 icode= >,1pt3_A_A,2.5
445,0.0,VAL, ,CG2,24.34,11.71,0.0,1.76,1.0,<Residue VAL het=  resseq=503 icode= >,1pt3_A_A,2.5
446,0.0,SER, ,N,26.61,12.62,0.0,1.97,1.0,<Residue SER het=  resseq=504 icode= >,1pt3_A_A,2.5
447,0.0,SER, ,CA,26.29,13.17,0.0,2.55,1.0,<Residue SER het=  resseq=504 icode= >,1pt3_A_A,2.5
448,0.0,SER, ,C,27.09,13.59,0.0,3.60,1.0,<Residue SER het=  resseq=504 icode= >,1pt3_A_A,2.5
449,11.783,SER, ,O,24.83,13.42,0.0,3.50,1.0,<Residue SER het=  resseq=504 icode= >,1pt3_A_A,2.5
450,0.0,SER, ,CB,25.0,12.26,0.0,2.99,1.0,<Residue SER het=  resseq=504 icode= >,1pt3_A_A,2.5
451,0.584,SER, ,OG,23.16,12.55,0.0,2.89,1.0,<Residue SER het=  resseq=504 icode= >,1pt3_A_A,2.5
452,0.0,LYS, ,N,27.47,12.99,0.0,2.36,1.0,<Residue LYS het=  resseq=505 icode= >,1pt3_A_A,2.5
453,4.086,LYS, ,CA,28.74,12.10,0.0,3.61,1.0,<Residue LYS het=  resseq=505 icode= >,1pt3_A_A,2.5
454,2.819,LYS, ,C,28.82,13.02,0.0,4.08,1.0,<Residue LYS het=  resseq=505 icode= >,1pt3_A_A,2.5
455,17.704,LYS, ,O,28.79,12.69,0.0,2.98,1.0,<Residue LYS het=  resseq=505 icode= >,1pt3_A_A,2.5
456,6.878,LYS, ,CB,28.51,10.96,0.0,2.39,1.0,<Residue LYS het=  resseq=505 icode= >,1pt3_A_A,2.5
457,30.831,LYS, ,CG,30.89,9.59,0.0,1.89,1.0,<Residue LYS het=  resseq=505 icode= >,1pt3_A_A,2.5
458,20.44,LYS, ,CD,30.88,9.04,0.0,1.93,1.0,<Residue LYS het=  resseq=505 icode= >,1pt3_A_A,2.5
459,23.422,LYS, ,CE,34.28,8.34,0.0,1.69,1.0,<Residue LYS het=  resseq=505 icode= >,1pt3_A_A,2.5
460,21.105,LYS, ,NZ,35.03,7.29,0.0,1.60,1.0,<Residue LYS het=  resseq=505 icode= >,1pt3_A_A,2.5
461,0.0,ASP, ,N,29.13,14.29,0.0,2.99,1.0,<Residue ASP het=  resseq=506 icode= >,1pt3_A_A,2.5
462,2.257,ASP, ,CA,29.74,15.28,0.0,2.74,1.0,<Residue ASP het=  resseq=506 icode= >,1pt3_A_A,2.5
463,0.0,ASP, ,C,28.32,16.11,0.0,4.66,1.0,<Residue ASP het=  resseq=506 icode= >,1pt3_A_A,2.5
464,0.0,ASP, ,O,26.03,17.01,0.0,3.06,1.0,<Residue ASP het=  resseq=506 icode= >,1pt3_A_A,2.5
465,2.016,ASP, ,CB,30.62,16.01,0.0,1.62,1.0,<Residue ASP het=  resseq=506 icode= >,1pt3_A_A,2.5
466,0.817,ASP, ,CG,31.69,16.84,0.0,3.63,1.0,<Residue ASP het=  resseq=506 icode= >,1pt3_A_A,2.5
467,1.132,ASP, ,OD1,31.02,18.01,0.0,2.59,1.0,<Residue ASP het=  resseq=506 icode= >,1pt3_A_A,2.5
468,9.4,ASP, ,OD2,35.0,16.38,0.0,1.64,1.0,<Residue ASP het=  resseq=506 icode= >,1pt3_A_A,2.5
469,0.29,PRO, ,N,30.28,15.96,0.0,3.78,1.0,<Residue PRO het=  resseq=507 icode= >,1pt3_A_A,2.5
470,7.992,PRO, ,CA,32.25,16.84,0.0,3.03,1.0,<Residue PRO het=  resseq=507 icode= >,1pt3_A_A,2.5
471,0.0,PRO, ,C,33.83,18.28,0.0,3.44,1.0,<Residue PRO het=  resseq=507 icode= >,1pt3_A_A,2.5
472,0.537,PRO, ,O,35.73,18.85,0.0,2.21,1.0,<Residue PRO het=  resseq=507 icode= >,1pt3_A_A,2.5
473,29.277,PRO, ,CB,31.49,16.83,0.0,2.70,1.0,<Residue PRO het=  resseq=507 icode= >,1pt3_A_A,2.5
474,43.104,PRO, ,CG,30.74,15.47,0.0,2.41,1.0,<Residue PRO het=  resseq=507 icode= >,1pt3_A_A,2.5
475,16.054,PRO, ,CD,29.17,15.21,0.0,2.21,1.0,<Residue PRO het=  resseq=507 icode= >,1pt3_A_A,2.5
476,0.33,GLU, ,N,34.82,1000.00,0.0,2.49,1.0,<Residue GLU het=  resseq=508 icode= >,1pt3_A_A,2.5
477,0.0,GLU, ,CA,35.4,1000.00,0.0,2.78,1.0,<Residue GLU het=  resseq=508 icode= >,1pt3_A_A,2.5
478,0.049,GLU, ,C,33.13,1000.00,0.0,3.79,1.0,<Residue GLU het=  resseq=508 icode= >,1pt3_A_A,2.5
479,5.592,GLU, ,O,32.88,1000.00,0.0,3.29,1.0,<Residue GLU het=  resseq=508 icode= >,1pt3_A_A,2.5
480,9.081,GLU, ,CB,38.61,1000.00,0.0,2.02,1.0,<Residue GLU het=  resseq=508 icode= >,1pt3_A_A,2.5
481,31.907,GLU, ,CG,43.78,1000.00,0.0,1.58,1.0,<Residue GLU het=  resseq=508 icode= >,1pt3_A_A,2.5
482,9.741,GLU, ,CD,48.13,1000.00,0.0,2.53,1.0,<Residue GLU het=  resseq=508 icode= >,1pt3_A_A,2.5
483,39.155,GLU, ,OE1,49.39,1000.00,0.0,1.64,1.0,<Residue GLU het=  resseq=508 icode= >,1pt3_A_A,2.5
484,6.121,GLU, ,OE2,49.67,1000.00,0.0,1.72,1.0,<Residue GLU het=  resseq=508 icode= >,1pt3_A_A,2.5
485,0.0,LEU, ,N,31.62,18.47,0.0,2.56,1.0,<Residue LEU het=  resseq=509 icode= >,1pt3_A_A,2.5
486,0.0,LEU, ,CA,30.39,17.25,0.0,2.39,1.0,<Residue LEU het=  resseq=509 icode= >,1pt3_A_A,2.5
487,0.0,LEU, ,C,26.85,16.57,0.0,4.99,1.0,<Residue LEU het=  resseq=509 icode= >,1pt3_A_A,2.5
488,0.0,LEU, ,O,24.49,16.31,0.0,3.46,1.0,<Residue LEU het=  resseq=509 icode= >,1pt3_A_A,2.5
489,0.0,LEU, ,CB,32.56,16.36,0.0,1.48,1.0,<Residue LEU het=  resseq=509 icode= >,1pt3_A_A,2.5
490,0.0,LEU, ,CG,34.97,16.97,0.0,2.18,1.0,<Residue LEU het=  resseq=509 icode= >,1pt3_A_A,2.5
491,0.0,LEU, ,CD1,36.29,16.06,0.0,0.85,1.0,<Residue LEU het=  resseq=509 icode= >,1pt3_A_A,2.5
492,0.743,LEU, ,CD2,34.23,17.34,0.0,1.44,1.0,<Residue LEU het=  resseq=509 icode= >,1pt3_A_A,2.5
493,0.0,SER, ,N,26.71,16.43,0.0,2.80,1.0,<Residue SER het=  resseq=510 icode= >,1pt3_A_A,2.5
494,0.0,SER, ,CA,29.17,15.94,0.0,2.94,1.0,<Residue SER het=  resseq=510 icode= >,1pt3_A_A,2.5
495,1.337,SER, ,C,30.12,16.69,0.0,3.16,1.0,<Residue SER het=  resseq=510 icode= >,1pt3_A_A,2.5
496,3.221,SER, ,O,32.49,16.19,0.0,1.68,1.0,<Residue SER het=  resseq=510 icode= >,1pt3_A_A,2.5
497,9.858,SER, ,CB,26.18,16.03,0.0,2.67,1.0,<Residue SER het=  resseq=510 icode= >,1pt3_A_A,2.5
498,8.14,SER, ,OG,31.68,16.81,0.0,2.25,1.0,<Residue SER het=  resseq=510 icode= >,1pt3_A_A,2.5
499,0.007,LYS, ,N,28.36,17.91,0.0,3.09,1.0,<Residue LYS het=  resseq=511 icode= >,1pt3_A_A,2.5
500,7.902,LYS, ,CA,27.77,18.68,0.0,3.48,1.0,<Residue LYS het=  resseq=511 icode= >,1pt3_A_A,2.5
501,0.446,LYS, ,C,24.84,18.19,0.0,4.38,1.0,<Residue LYS het=  resseq=511 icode= >,1pt3_A_A,2.5
502,26.645,LYS, ,O,25.77,18.67,0.0,2.95,1.0,<Residue LYS het=  resseq=511 icode= >,1pt3_A_A,2.5
503,5.744,LYS, ,CB,31.51,20.12,0.0,1.79,1.0,<Residue LYS het=  resseq=511 icode= >,1pt3_A_A,2.5
504,23.595,LYS, ,CG,35.56,20.99,0.0,1.29,1.0,<Residue LYS het=  resseq=511 icode= >,1pt3_A_A,2.5
505,15.767,LYS, ,CD,40.21,22.36,0.0,0.58,1.0,<Residue LYS het=  resseq=511 icode= >,1pt3_A_A,2.5
506,36.543,LYS, ,CE,40.23,23.11,0.0,1.29,1.0,<Residue LYS het=  resseq=511 icode= >,1pt3_A_A,2.5
507,36.096,LYS, ,NZ,41.15,24.50,0.0,1.13,1.0,<Residue LYS het=  resseq=511 icode= >,1pt3_A_A,2.5
508,0.0,GLN, ,N,21.88,17.37,0.0,3.69,1.0,<Residue GLN het=  resseq=512 icode= >,1pt3_A_A,2.5
509,9.477,GLN, ,CA,18.61,17.02,0.0,3.95,1.0,<Residue GLN het=  resseq=512 icode= >,1pt3_A_A,2.5
510,3.086,GLN, ,C,19.27,15.74,0.0,4.46,1.0,<Residue GLN het=  resseq=512 icode= >,1pt3_A_A,2.5
511,25.231,GLN, ,O,16.03,15.34,0.0,4.10,1.0,<Residue GLN het=  resseq=512 icode= >,1pt3_A_A,2.5
512,8.717,GLN, ,CB,19.81,16.99,0.0,2.10,1.0,<Residue GLN het=  resseq=512 icode= >,1pt3_A_A,2.5
513,6.543,GLN, ,CG,20.95,18.09,0.0,1.96,1.0,<Residue GLN het=  resseq=512 icode= >,1pt3_A_A,2.5
514,0.0,GLN, ,CD,22.25,18.23,0.0,3.84,1.0,<Residue GLN het=  resseq=512 icode= >,1pt3_A_A,2.5
515,0.917,GLN, ,OE1,24.6,18.77,0.0,2.60,1.0,<Residue GLN het=  resseq=512 icode= >,1pt3_A_A,2.5
516,4.791,GLN, ,NE2,17.13,17.89,0.0,2.54,1.0,<Residue GLN het=  resseq=512 icode= >,1pt3_A_A,2.5
517,0.0,PHE, ,N,17.4,15.18,0.0,3.19,1.0,<Residue PHE het=  resseq=513 icode= >,1pt3_A_A,2.5
518,1.788,PHE, ,CA,21.62,14.02,0.0,2.69,1.0,<Residue PHE het=  resseq=513 icode= >,1pt3_A_A,2.5
519,3.575,PHE, ,C,21.81,14.39,0.0,4.05,1.0,<Residue PHE het=  resseq=513 icode= >,1pt3_A_A,2.5
520,13.035,PHE, ,O,21.4,15.29,0.0,3.37,1.0,<Residue PHE het=  resseq=513 icode= >,1pt3_A_A,2.5
521,0.0,PHE, ,CB,15.94,12.84,0.0,2.71,1.0,<Residue PHE het=  resseq=513 icode= >,1pt3_A_A,2.5
522,0.0,PHE, ,CG,14.01,12.45,0.0,4.01,1.0,<Residue PHE het=  resseq=513 icode= >,1pt3_A_A,2.5
523,5.701,PHE, ,CD1,14.72,11.58,0.0,3.64,1.0,<Residue PHE het=  resseq=513 icode= >,1pt3_A_A,2.5
524,0.0,PHE, ,CD2,15.74,13.12,0.0,3.16,1.0,<Residue PHE het=  resseq=513 icode= >,1pt3_A_A,2.5
525,5.848,PHE, ,CE1,17.33,11.41,0.0,2.35,1.0,<Residue PHE het=  resseq=513 icode= >,1pt3_A_A,2.5
526,0.0,PHE, ,CE2,15.92,12.99,0.0,2.98,1.0,<Residue PHE het=  resseq=513 icode= >,1pt3_A_A,2.5
527,1.56,PHE, ,CZ,17.44,12.15,0.0,1.80,1.0,<Residue PHE het=  resseq=513 icode= >,1pt3_A_A,2.5
528,5.584,SER, ,N,23.16,13.82,0.0,2.99,1.0,<Residue SER het=  resseq=514 icode= >,1pt3_A_A,2.5
529,12.4,SER, ,CA,23.68,14.23,0.0,3.00,1.0,<Residue SER het=  resseq=514 icode= >,1pt3_A_A,2.5
530,0.0,SER, ,C,23.53,13.85,0.0,4.74,1.0,<Residue SER het=  resseq=514 icode= >,1pt3_A_A,2.5
531,0.0,SER, ,O,24.66,12.82,0.0,2.74,1.0,<Residue SER het=  resseq=514 icode= >,1pt3_A_A,2.5
532,43.314,SER, ,CB,25.05,13.65,0.0,3.02,1.0,<Residue SER het=  resseq=514 icode= >,1pt3_A_A,2.5
533,3.648,SER, ,OG,26.4,12.27,0.0,2.26,1.0,<Residue SER het=  resseq=514 icode= >,1pt3_A_A,2.5
534,9.234,ARG, ,N,25.19,14.76,0.0,3.16,1.0,<Residue ARG het=  resseq=515 icode= >,1pt3_A_A,2.5
535,4.758,ARG, ,CA,25.62,14.74,0.0,2.77,1.0,<Residue ARG het=  resseq=515 icode= >,1pt3_A_A,2.5
536,0.0,ARG, ,C,24.91,13.45,0.0,3.85,1.0,<Residue ARG het=  resseq=515 icode= >,1pt3_A_A,2.5
537,0.044,ARG, ,O,23.85,13.06,0.0,3.38,1.0,<Residue ARG het=  resseq=515 icode= >,1pt3_A_A,2.5
538,28.976,ARG, ,CB,27.57,15.91,0.0,2.22,1.0,<Residue ARG het=  resseq=515 icode= >,1pt3_A_A,2.5
539,24.519,ARG, ,CG,32.76,16.26,0.0,1.69,1.0,<Residue ARG het=  resseq=515 icode= >,1pt3_A_A,2.5
540,10.76,ARG, ,CD,36.84,15.14,0.0,1.16,1.0,<Residue ARG het=  resseq=515 icode= >,1pt3_A_A,2.5
541,2.967,ARG, ,NE,39.26,15.29,0.0,2.32,1.0,<Residue ARG het=  resseq=515 icode= >,1pt3_A_A,2.5
542,7.268,ARG, ,CZ,41.22,16.02,0.0,2.92,1.0,<Residue ARG het=  resseq=515 icode= >,1pt3_A_A,2.5
543,56.24,ARG, ,NH1,42.46,15.70,0.0,1.47,1.0,<Residue ARG het=  resseq=515 icode= >,1pt3_A_A,2.5
544,44.525,ARG, ,NH2,44.29,17.19,0.0,0.81,1.0,<Residue ARG het=  resseq=515 icode= >,1pt3_A_A,2.5
545,3.118,ASN, ,N,22.37,12.93,0.0,3.41,1.0,<Residue ASN het=  resseq=516 icode= >,1pt3_A_A,2.5
546,0.934,ASN, ,CA,23.24,11.69,0.0,3.54,1.0,<Residue ASN het=  resseq=516 icode= >,1pt3_A_A,2.5
547,0.0,ASN, ,C,22.92,10.57,0.0,4.57,1.0,<Residue ASN het=  resseq=516 icode= >,1pt3_A_A,2.5
548,0.0,ASN, ,O,22.45,9.89,0.0,3.57,1.0,<Residue ASN het=  resseq=516 icode= >,1pt3_A_A,2.5
549,27.57,ASN, ,CB,24.75,11.25,0.0,2.41,1.0,<Residue ASN het=  resseq=516 icode= >,1pt3_A_A,2.5
550,5.518,ASN, ,CG,28.76,9.82,0.0,3.92,1.0,<Residue ASN het=  resseq=516 icode= >,1pt3_A_A,2.5
551,24.058,ASN, ,OD1,30.02,9.51,0.0,2.34,1.0,<Residue ASN het=  resseq=516 icode= >,1pt3_A_A,2.5
552,33.413,ASN, ,ND2,30.46,9.11,0.0,1.58,1.0,<Residue ASN het=  resseq=516 icode= >,1pt3_A_A,2.5
553,0.0,ASN, ,N,21.66,10.46,0.0,2.66,1.0,<Residue ASN het=  resseq=517 icode= >,1pt3_A_A,2.5
554,0.0,ASN, ,CA,18.93,9.49,0.0,2.56,1.0,<Residue ASN het=  resseq=517 icode= >,1pt3_A_A,2.5
555,0.0,ASN, ,C,19.85,9.71,0.0,3.79,1.0,<Residue ASN het=  resseq=517 icode= >,1pt3_A_A,2.5
556,0.0,ASN, ,O,19.43,8.86,0.0,2.74,1.0,<Residue ASN het=  resseq=517 icode= >,1pt3_A_A,2.5
557,0.0,ASN, ,CB,15.47,9.78,0.0,2.21,1.0,<Residue ASN het=  resseq=517 icode= >,1pt3_A_A,2.5
558,1.747,ASN, ,CG,14.58,8.99,0.0,4.27,1.0,<Residue ASN het=  resseq=517 icode= >,1pt3_A_A,2.5
559,0.351,ASN, ,OD1,15.19,7.89,0.0,2.70,1.0,<Residue ASN het=  resseq=517 icode= >,1pt3_A_A,2.5
560,16.361,ASN, ,ND2,10.36,9.67,0.0,2.71,1.0,<Residue ASN het=  resseq=517 icode= >,1pt3_A_A,2.5
561,0.0,ASN, ,N,18.82,11.01,0.0,3.46,1.0,<Residue ASN het=  resseq=518 icode= >,1pt3_A_A,2.5
562,0.0,ASN, ,CA,17.84,11.60,0.0,3.68,1.0,<Residue ASN het=  resseq=518 icode= >,1pt3_A_A,2.5
563,0.0,ASN, ,C,20.85,11.27,0.0,4.20,1.0,<Residue ASN het=  resseq=518 icode= >,1pt3_A_A,2.5
564,0.0,ASN, ,O,22.6,11.14,0.0,3.21,1.0,<Residue ASN het=  resseq=518 icode= >,1pt3_A_A,2.5
565,7.116,ASN, ,CB,17.51,13.10,0.0,3.15,1.0,<Residue ASN het=  resseq=518 icode= >,1pt3_A_A,2.5
566,4.56,ASN, ,CG,23.35,13.72,0.0,4.41,1.0,<Residue ASN het=  resseq=518 icode= >,1pt3_A_A,2.5
567,5.491,ASN, ,OD1,25.77,14.34,0.0,2.16,1.0,<Residue ASN het=  resseq=518 icode= >,1pt3_A_A,2.5
568,1.11,ASN, ,ND2,18.05,13.73,0.0,2.40,1.0,<Residue ASN het=  resseq=518 icode= >,1pt3_A_A,2.5
569,0.0,ASP, ,N,21.35,11.32,0.0,2.51,1.0,<Residue ASP het=  resseq=519 icode= >,1pt3_A_A,2.5
570,1.924,ASP, ,CA,21.84,10.80,0.0,3.09,1.0,<Residue ASP het=  resseq=519 icode= >,1pt3_A_A,2.5
571,0.956,ASP, ,C,22.96,9.57,0.0,3.93,1.0,<Residue ASP het=  resseq=519 icode= >,1pt3_A_A,2.5
572,7.407,ASP, ,O,22.97,8.56,0.0,3.55,1.0,<Residue ASP het=  resseq=519 icode= >,1pt3_A_A,2.5
573,15.957,ASP, ,CB,23.1,10.89,0.0,2.21,1.0,<Residue ASP het=  resseq=519 icode= >,1pt3_A_A,2.5
574,8.011,ASP, ,CG,24.45,11.92,0.0,4.23,1.0,<Residue ASP het=  resseq=519 icode= >,1pt3_A_A,2.5
575,18.303,ASP, ,OD1,25.81,12.41,0.0,2.66,1.0,<Residue ASP het=  resseq=519 icode= >,1pt3_A_A,2.5
576,12.602,ASP, ,OD2,30.47,12.40,0.0,2.37,1.0,<Residue ASP het=  resseq=519 icode= >,1pt3_A_A,2.5
577,0.0,ARG, ,N,23.28,8.86,0.0,2.81,1.0,<Residue ARG het=  resseq=520 icode= >,1pt3_A_A,2.5
578,1.86,ARG, ,CA,24.88,7.56,0.0,3.37,1.0,<Residue ARG het=  resseq=520 icode= >,1pt3_A_A,2.5
579,0.0,ARG, ,C,27.43,7.44,0.0,3.54,1.0,<Residue ARG het=  resseq=520 icode= >,1pt3_A_A,2.5
580,0.0,ARG, ,O,30.04,7.04,0.0,2.68,1.0,<Residue ARG het=  resseq=520 icode= >,1pt3_A_A,2.5
581,0.0,ARG, ,CB,22.29,6.52,0.0,2.18,1.0,<Residue ARG het=  resseq=520 icode= >,1pt3_A_A,2.5
582,7.449,ARG, ,CG,19.31,6.55,0.0,2.76,1.0,<Residue ARG het=  resseq=520 icode= >,1pt3_A_A,2.5
583,0.416,ARG, ,CD,14.39,5.93,0.0,3.70,1.0,<Residue ARG het=  resseq=520 icode= >,1pt3_A_A,2.5
584,0.0,ARG, ,NE,20.61,4.50,0.0,3.59,1.0,<Residue ARG het=  resseq=520 icode= >,1pt3_A_A,2.5
585,0.0,ARG, ,CZ,22.41,3.93,0.0,4.70,1.0,<Residue ARG het=  resseq=520 icode= >,1pt3_A_A,2.5
586,27.642,ARG, ,NH1,21.9,4.08,5.233,2.13,1.0,<Residue ARG het=  resseq=520 icode= >,1pt3_A_A,2.5
587,14.416,ARG, ,NH2,18.7,2.64,13.863,2.42,1.0,<Residue ARG het=  resseq=520 icode= >,1pt3_A_A,2.5
588,0.0,MET, ,N,25.91,7.91,0.0,2.72,1.0,<Residue MET het=  resseq=521 icode= >,1pt3_A_A,2.5
589,0.0,MET, ,CA,26.47,7.89,0.0,2.85,1.0,<Residue MET het=  resseq=521 icode= >,1pt3_A_A,2.5
590,0.0,MET, ,C,25.29,8.71,0.0,4.02,1.0,<Residue MET het=  resseq=521 icode= >,1pt3_A_A,2.5
591,0.0,MET, ,O,24.9,8.68,0.0,2.56,1.0,<Residue MET het=  resseq=521 icode= >,1pt3_A_A,2.5
592,0.0,MET, ,CB,24.59,8.68,0.0,1.38,1.0,<Residue MET het=  resseq=521 icode= >,1pt3_A_A,2.5
593,0.0,MET, ,CG,21.82,8.19,0.0,2.35,1.0,<Residue MET het=  resseq=521 icode= >,1pt3_A_A,2.5
594,0.0,MET, ,SD,24.54,9.56,0.0,5.25,1.0,<Residue MET het=  resseq=521 icode= >,1pt3_A_A,2.5
595,0.0,MET, ,CE,20.81,10.85,0.0,1.98,1.0,<Residue MET het=  resseq=521 icode= >,1pt3_A_A,2.5
596,0.0,LYS, ,N,24.11,9.66,0.0,3.10,1.0,<Residue LYS het=  resseq=522 icode= >,1pt3_A_A,2.5
597,0.183,LYS, ,CA,24.41,9.82,0.0,3.05,1.0,<Residue LYS het=  resseq=522 icode= >,1pt3_A_A,2.5
598,0.0,LYS, ,C,23.25,8.49,0.0,3.34,1.0,<Residue LYS het=  resseq=522 icode= >,1pt3_A_A,2.5
599,12.694,LYS, ,O,20.22,8.55,0.0,3.28,1.0,<Residue LYS het=  resseq=522 icode= >,1pt3_A_A,2.5
600,3.526,LYS, ,CB,26.63,10.11,0.0,2.53,1.0,<Residue LYS het=  resseq=522 icode= >,1pt3_A_A,2.5
601,20.133,LYS, ,CG,33.07,10.82,0.0,1.73,1.0,<Residue LYS het=  resseq=522 icode= >,1pt3_A_A,2.5
602,31.78,LYS, ,CD,40.04,11.24,0.0,0.55,1.0,<Residue LYS het=  resseq=522 icode= >,1pt3_A_A,2.5
603,5.104,LYS, ,CE,39.61,12.39,0.0,1.52,1.0,<Residue LYS het=  resseq=522 icode= >,1pt3_A_A,2.5
604,38.665,LYS, ,NZ,43.36,12.88,0.0,1.65,1.0,<Residue LYS het=  resseq=522 icode= >,1pt3_A_A,2.5
605,0.0,VAL, ,N,20.96,7.40,0.0,2.68,1.0,<Residue VAL het=  resseq=523 icode= >,1pt3_A_A,2.5
606,3.8,VAL, ,CA,22.24,6.21,0.0,2.53,1.0,<Residue VAL het=  resseq=523 icode= >,1pt3_A_A,2.5
607,1.753,VAL, ,C,23.96,5.88,0.0,3.83,1.0,<Residue VAL het=  resseq=523 icode= >,1pt3_A_A,2.5
608,18.548,VAL, ,O,26.45,4.80,4.869,2.57,1.0,<Residue VAL het=  resseq=523 icode= >,1pt3_A_A,2.5
609,10.791,VAL, ,CB,17.47,5.04,6.784,3.26,1.0,<Residue VAL het=  resseq=523 icode= >,1pt3_A_A,2.5
610,51.524,VAL, ,CG1,14.85,5.52,2.38,1.82,1.0,<Residue VAL het=  resseq=523 icode= >,1pt3_A_A,2.5
611,13.559,VAL, ,CG2,17.2,4.98,4.093,2.05,1.0,<Residue VAL het=  resseq=523 icode= >,1pt3_A_A,2.5
612,0.0,GLY, ,N,24.16,7.06,0.0,2.81,1.0,<Residue GLY het=  resseq=524 icode= >,1pt3_A_A,2.5
613,0.522,GLY, ,CA,21.55,6.29,0.0,1.76,1.0,<Residue GLY het=  resseq=524 icode= >,1pt3_A_A,2.5
614,2.291,GLY, ,C,19.75,4.83,0.0,4.35,1.0,<Residue GLY het=  resseq=524 icode= >,1pt3_A_A,2.5
615,2.391,GLY, ,O,19.39,4.12,0.943,3.52,1.0,<Residue GLY het=  resseq=524 icode= >,1pt3_A_A,2.5
616,0.0,LYS, ,N,18.84,4.69,0.0,2.97,1.0,<Residue LYS het=  resseq=525 icode= >,1pt3_A_A,2.5
617,5.361,LYS, ,CA,17.29,3.58,4.573,3.36,1.0,<Residue LYS het=  resseq=525 icode= >,1pt3_A_A,2.5
618,0.0,LYS, ,C,18.37,3.65,0.0,4.49,1.0,<Residue LYS het=  resseq=525 icode= >,1pt3_A_A,2.5
619,0.0,LYS, ,O,17.19,4.81,0.0,3.03,1.0,<Residue LYS het=  resseq=525 icode= >,1pt3_A_A,2.5
620,0.093,LYS, ,CB,21.79,4.29,0.093,1.90,1.0,<Residue LYS het=  resseq=525 icode= >,1pt3_A_A,2.5
621,14.207,LYS, ,CG,19.97,4.70,6.752,2.06,1.0,<Residue LYS het=  resseq=525 icode= >,1pt3_A_A,2.5
622,3.387,LYS, ,CD,22.62,3.63,1.448,2.05,1.0,<Residue LYS het=  resseq=525 icode= >,1pt3_A_A,2.5
623,45.625,LYS, ,CE,27.08,3.06,33.391,1.93,1.0,<Residue LYS het=  resseq=525 icode= >,1pt3_A_A,2.5
624,31.675,LYS, ,NZ,27.33,3.76,17.498,1.50,1.0,<Residue LYS het=  resseq=525 icode= >,1pt3_A_A,2.5
625,3.316,ALA, ,N,18.42,2.81,3.316,3.30,1.0,<Residue ALA het=  resseq=526 icode= >,1pt3_A_A,2.5
626,0.0,ALA, ,CA,18.04,3.65,0.0,3.47,1.0,<Residue ALA het=  resseq=526 icode= >,1pt3_A_A,2.5
627,0.0,ALA, ,C,20.51,4.11,0.0,3.69,1.0,<Residue ALA het=  resseq=526 icode= >,1pt3_A_A,2.5
628,0.0,ALA, ,O,21.56,3.46,0.0,2.70,1.0,<Residue ALA het=  resseq=526 icode= >,1pt3_A_A,2.5
629,8.644,ALA, ,CB,14.61,3.29,8.644,2.88,1.0,<Residue ALA het=  resseq=526 icode= >,1pt3_A_A,2.5
630,0.0,PRO, ,N,19.58,5.39,0.0,3.46,1.0,<Residue PRO het=  resseq=527 icode= >,1pt3_A_A,2.5
631,0.0,PRO, ,CA,18.95,6.15,0.0,3.66,1.0,<Residue PRO het=  resseq=527 icode= >,1pt3_A_A,2.5
632,0.0,PRO, ,C,19.61,5.91,0.0,5.05,1.0,<Residue PRO het=  resseq=527 icode= >,1pt3_A_A,2.5
633,0.0,PRO, ,O,16.46,5.57,0.0,3.82,1.0,<Residue PRO het=  resseq=527 icode= >,1pt3_A_A,2.5
634,0.0,PRO, ,CB,19.82,7.56,0.0,2.67,1.0,<Residue PRO het=  resseq=527 icode= >,1pt3_A_A,2.5
635,0.0,PRO, ,CG,23.09,7.68,0.0,1.53,1.0,<Residue PRO het=  resseq=527 icode= >,1pt3_A_A,2.5
636,0.0,PRO, ,CD,21.27,6.43,0.0,2.13,1.0,<Residue PRO het=  resseq=527 icode= >,1pt3_A_A,2.5
637,0.0,LYS, ,N,20.36,6.49,0.0,3.21,1.0,<Residue LYS het=  resseq=528 icode= >,1pt3_A_A,2.5
638,0.0,LYS, ,CA,22.01,6.89,0.0,2.80,1.0,<Residue LYS het=  resseq=528 icode= >,1pt3_A_A,2.5
639,0.017,LYS, ,C,22.28,8.20,0.0,4.51,1.0,<Residue LYS het=  resseq=528 icode= >,1pt3_A_A,2.5
640,6.804,LYS, ,O,22.07,8.99,0.0,3.21,1.0,<Residue LYS het=  resseq=528 icode= >,1pt3_A_A,2.5
641,14.824,LYS, ,CB,23.9,7.44,0.0,2.09,1.0,<Residue LYS het=  resseq=528 icode= >,1pt3_A_A,2.5
642,16.34,LYS, ,CG,26.23,6.64,0.0,2.60,1.0,<Residue LYS het=  resseq=528 icode= >,1pt3_A_A,2.5
643,0.53,LYS, ,CD,30.23,5.66,0.0,1.41,1.0,<Residue LYS het=  resseq=528 icode= >,1pt3_A_A,2.5
644,21.664,LYS, ,CE,31.71,5.26,0.0,1.52,1.0,<Residue LYS het=  resseq=528 icode= >,1pt3_A_A,2.5
645,14.813,LYS, ,NZ,30.85,4.19,2.492,1.51,1.0,<Residue LYS het=  resseq=528 icode= >,1pt3_A_A,2.5
646,0.021,THR, ,N,21.97,8.62,0.0,3.76,1.0,<Residue THR het=  resseq=529 icode= >,1pt3_A_A,2.5
647,0.659,THR, ,CA,23.31,9.92,0.0,3.63,1.0,<Residue THR het=  resseq=529 icode= >,1pt3_A_A,2.5
648,2.972,THR, ,C,27.07,11.05,0.0,4.66,1.0,<Residue THR het=  resseq=529 icode= >,1pt3_A_A,2.5
649,15.208,THR, ,O,29.0,10.94,0.0,2.88,1.0,<Residue THR het=  resseq=529 icode= >,1pt3_A_A,2.5
650,0.0,THR, ,CB,24.85,10.05,0.0,3.06,1.0,<Residue THR het=  resseq=529 icode= >,1pt3_A_A,2.5
651,0.0,THR, ,OG1,22.04,10.24,0.0,2.85,1.0,<Residue THR het=  resseq=529 icode= >,1pt3_A_A,2.5
652,0.0,THR, ,CG2,18.54,8.95,0.0,2.09,1.0,<Residue THR het=  resseq=529 icode= >,1pt3_A_A,2.5
653,0.058,ARG, ,N,29.1,12.26,0.0,3.71,1.0,<Residue ARG het=  resseq=530 icode= >,1pt3_A_A,2.5
654,8.229,ARG, ,CA,33.84,13.42,0.0,2.90,1.0,<Residue ARG het=  resseq=530 icode= >,1pt3_A_A,2.5
655,0.0,ARG, ,C,34.07,13.48,0.0,4.19,1.0,<Residue ARG het=  resseq=530 icode= >,1pt3_A_A,2.5
656,0.0,ARG, ,O,36.14,12.99,0.0,2.22,1.0,<Residue ARG het=  resseq=530 icode= >,1pt3_A_A,2.5
657,6.336,ARG, ,CB,36.89,14.70,0.0,1.56,1.0,<Residue ARG het=  resseq=530 icode= >,1pt3_A_A,2.5
658,24.484,ARG, ,CG,40.15,14.79,0.0,1.87,1.0,<Residue ARG het=  resseq=530 icode= >,1pt3_A_A,2.5
659,35.591,ARG, ,CD,44.22,16.19,0.0,1.90,1.0,<Residue ARG het=  resseq=530 icode= >,1pt3_A_A,2.5
660,10.811,ARG, ,NE,47.69,16.58,0.0,1.25,1.0,<Residue ARG het=  resseq=530 icode= >,1pt3_A_A,2.5
661,4.465,ARG, ,CZ,49.46,17.55,0.0,1.90,1.0,<Residue ARG het=  resseq=530 icode= >,1pt3_A_A,2.5
662,26.348,ARG, ,NH1,46.96,17.06,0.0,1.61,1.0,<Residue ARG het=  resseq=530 icode= >,1pt3_A_A,2.5
663,20.03,ARG, ,NH2,51.3,18.14,0.0,0.55,1.0,<Residue ARG het=  resseq=530 icode= >,1pt3_A_A,2.5
664,8.704,THR, ,N,33.52,14.22,0.0,3.41,1.0,<Residue THR het=  resseq=531 icode= >,1pt3_A_A,2.5
665,2.668,THR, ,CA,34.5,13.32,0.0,2.71,1.0,<Residue THR het=  resseq=531 icode= >,1pt3_A_A,2.5
666,0.0,THR, ,C,34.84,12.83,0.0,3.93,1.0,<Residue THR het=  resseq=531 icode= >,1pt3_A_A,2.5
667,3.738,THR, ,O,33.67,11.66,0.0,2.67,1.0,<Residue THR het=  resseq=531 icode= >,1pt3_A_A,2.5
668,15.439,THR, ,CB,32.91,13.90,0.0,2.89,1.0,<Residue THR het=  resseq=531 icode= >,1pt3_A_A,2.5
669,36.264,THR, ,OG1,36.68,13.90,0.0,2.15,1.0,<Residue THR het=  resseq=531 icode= >,1pt3_A_A,2.5
670,54.15,THR, ,CG2,32.95,13.27,0.0,1.45,1.0,<Residue THR het=  resseq=531 icode= >,1pt3_A_A,2.5
671,0.094,GLN, ,N,34.53,13.69,0.0,3.25,1.0,<Residue GLN het=  resseq=532 icode= >,1pt3_A_A,2.5
672,9.001,GLN, ,CA,37.92,13.08,0.0,2.81,1.0,<Residue GLN het=  resseq=532 icode= >,1pt3_A_A,2.5
673,0.175,GLN, ,C,37.87,12.13,0.0,3.62,1.0,<Residue GLN het=  resseq=532 icode= >,1pt3_A_A,2.5
674,2.759,GLN, ,O,38.68,11.19,0.0,2.37,1.0,<Residue GLN het=  resseq=532 icode= >,1pt3_A_A,2.5
675,27.179,GLN, ,CB,42.1,14.09,0.0,1.32,1.0,<Residue GLN het=  resseq=532 icode= >,1pt3_A_A,2.5
676,3.76,GLN, ,CG,48.85,15.26,0.0,0.91,1.0,<Residue GLN het=  resseq=532 icode= >,1pt3_A_A,2.5
677,1.255,GLN, ,CD,54.01,16.17,0.0,1.28,1.0,<Residue GLN het=  resseq=532 icode= >,1pt3_A_A,2.5
678,20.907,GLN, ,OE1,53.14,15.97,0.0,2.00,1.0,<Residue GLN het=  resseq=532 icode= >,1pt3_A_A,2.5
679,44.627,GLN, ,NE2,55.95,17.29,0.0,0.63,1.0,<Residue GLN het=  resseq=532 icode= >,1pt3_A_A,2.5
680,0.0,ASP, ,N,36.99,12.44,0.0,2.66,1.0,<Residue ASP het=  resseq=533 icode= >,1pt3_A_A,2.5
681,0.0,ASP, ,CA,36.26,11.73,0.0,2.49,1.0,<Residue ASP het=  resseq=533 icode= >,1pt3_A_A,2.5
682,0.0,ASP, ,C,35.77,10.32,0.0,3.47,1.0,<Residue ASP het=  resseq=533 icode= >,1pt3_A_A,2.5
683,0.0,ASP, ,O,36.14,9.78,0.0,2.94,1.0,<Residue ASP het=  resseq=533 icode= >,1pt3_A_A,2.5
684,0.0,ASP, ,CB,34.92,12.62,0.0,1.90,1.0,<Residue ASP het=  resseq=533 icode= >,1pt3_A_A,2.5
685,0.374,ASP, ,CG,35.37,13.75,0.0,3.39,1.0,<Residue ASP het=  resseq=533 icode= >,1pt3_A_A,2.5
686,11.222,ASP, ,OD1,32.61,13.35,0.0,2.70,1.0,<Residue ASP het=  resseq=533 icode= >,1pt3_A_A,2.5
687,7.429,ASP, ,OD2,35.49,14.52,0.0,2.19,1.0,<Residue ASP het=  resseq=533 icode= >,1pt3_A_A,2.5
688,0.0,VAL, ,N,33.86,9.78,0.0,2.53,1.0,<Residue VAL het=  resseq=534 icode= >,1pt3_A_A,2.5
689,0.0,VAL, ,CA,32.14,8.46,0.0,2.52,1.0,<Residue VAL het=  resseq=534 icode= >,1pt3_A_A,2.5
690,0.0,VAL, ,C,32.28,7.45,0.0,3.21,1.0,<Residue VAL het=  resseq=534 icode= >,1pt3_A_A,2.5
691,7.691,VAL, ,O,32.12,7.98,0.0,2.18,1.0,<Residue VAL het=  resseq=534 icode= >,1pt3_A_A,2.5
692,0.0,VAL, ,CB,30.81,8.44,0.0,2.69,1.0,<Residue VAL het=  resseq=534 icode= >,1pt3_A_A,2.5
693,8.326,VAL, ,CG1,30.37,9.82,0.0,1.50,1.0,<Residue VAL het=  resseq=534 icode= >,1pt3_A_A,2.5
694,23.387,VAL, ,CG2,26.19,8.24,0.0,1.76,1.0,<Residue VAL het=  resseq=534 icode= >,1pt3_A_A,2.5
695,0.0,SER, ,N,30.33,6.16,0.0,2.83,1.0,<Residue SER het=  resseq=535 icode= >,1pt3_A_A,2.5
696,7.661,SER, ,CA,28.99,5.15,0.0,3.17,1.0,<Residue SER het=  resseq=535 icode= >,1pt3_A_A,2.5
697,1.294,SER, ,C,27.76,4.17,0.726,4.12,1.0,<Residue SER het=  resseq=535 icode= >,1pt3_A_A,2.5
698,3.873,SER, ,O,27.58,3.22,3.873,2.80,1.0,<Residue SER het=  resseq=535 icode= >,1pt3_A_A,2.5
699,5.125,SER, ,CB,29.21,4.53,0.0,2.45,1.0,<Residue SER het=  resseq=535 icode= >,1pt3_A_A,2.5
700,23.058,SER, ,OG,33.65,3.42,17.658,2.17,1.0,<Residue SER het=  resseq=535 icode= >,1pt3_A_A,2.5
701,10.429,GLY, ,N,27.54,4.69,0.0,2.84,1.0,<Residue GLY het=  resseq=536 icode= >,1pt3_A_A,2.5
702,41.767,GLY, ,CA,26.55,3.59,9.249,1.63,1.0,<Residue GLY het=  resseq=536 icode= >,1pt3_A_A,2.5
703,4.094,GLY, ,C,26.25,3.68,0.0,3.81,1.0,<Residue GLY het=  resseq=536 icode= >,1pt3_A_A,2.5
704,7.17,GLY, ,O,25.84,4.87,0.0,2.95,1.0,<Residue GLY het=  resseq=536 icode= >,1pt3_A_A,2.5
705,6.97,LYS, ,N,26.28,2.85,6.812,2.25,1.0,<Residue LYS het=  resseq=537 icode= >,1pt3_A_A,2.5
706,4.194,LYS, ,CA,25.69,3.84,0.0,2.84,1.0,<Residue LYS het=  resseq=537 icode= >,1pt3_A_A,2.5
707,1.244,LYS, ,C,27.16,4.29,1.244,3.80,1.0,<Residue LYS het=  resseq=537 icode= >,1pt3_A_A,2.5
708,17.23,LYS, ,O,26.6,5.02,0.354,2.66,1.0,<Residue LYS het=  resseq=537 icode= >,1pt3_A_A,2.5
709,22.568,LYS, ,CB,26.49,3.50,17.771,1.87,1.0,<Residue LYS het=  resseq=537 icode= >,1pt3_A_A,2.5
710,24.94,LYS, ,CG,25.98,4.05,4.042,2.04,1.0,<Residue LYS het=  resseq=537 icode= >,1pt3_A_A,2.5
711,31.523,LYS, ,CD,29.63,3.41,21.008,1.32,1.0,<Residue LYS het=  resseq=537 icode= >,1pt3_A_A,2.5
712,48.621,LYS, ,CE,29.42,3.64,8.881,2.18,1.0,<Residue LYS het=  resseq=537 icode= >,1pt3_A_A,2.5
713,45.339,LYS, ,NZ,27.5,4.25,0.57,2.08,1.0,<Residue LYS het=  resseq=537 icode= >,1pt3_A_A,2.5
714,0.104,ARG, ,N,25.48,4.13,0.104,2.73,1.0,<Residue ARG het=  resseq=538 icode= >,1pt3_A_A,2.5
715,7.253,ARG, ,CA,29.19,5.10,0.302,2.44,1.0,<Residue ARG het=  resseq=538 icode= >,1pt3_A_A,2.5
716,0.0,ARG, ,C,28.04,6.20,0.0,4.05,1.0,<Residue ARG het=  resseq=538 icode= >,1pt3_A_A,2.5
717,0.0,ARG, ,O,29.07,6.16,0.0,2.57,1.0,<Residue ARG het=  resseq=538 icode= >,1pt3_A_A,2.5
718,1.078,ARG, ,CB,32.2,4.51,0.0,1.89,1.0,<Residue ARG het=  resseq=538 icode= >,1pt3_A_A,2.5
719,15.997,ARG, ,CG,35.36,3.68,15.916,1.65,1.0,<Residue ARG het=  resseq=538 icode= >,1pt3_A_A,2.5
720,37.304,ARG, ,CD,39.95,3.55,23.995,1.49,1.0,<Residue ARG het=  resseq=538 icode= >,1pt3_A_A,2.5
721,4.252,ARG, ,NE,43.28,4.23,2.859,1.48,1.0,<Residue ARG het=  resseq=538 icode= >,1pt3_A_A,2.5
722,4.496,ARG, ,CZ,42.97,4.13,4.496,3.10,1.0,<Residue ARG het=  resseq=538 icode= >,1pt3_A_A,2.5
723,28.083,ARG, ,NH1,44.7,2.83,27.257,1.36,1.0,<Residue ARG het=  resseq=538 icode= >,1pt3_A_A,2.5
724,10.322,ARG, ,NH2,45.5,4.91,1.866,1.55,1.0,<Residue ARG het=  resseq=538 icode= >,1pt3_A_A,2.5
725,1.984,THR, ,N,25.54,7.28,0.0,3.12,1.0,<Residue THR het=  resseq=539 icode= >,1pt3_A_A,2.5
726,0.0,THR, ,CA,27.04,7.50,0.0,2.86,1.0,<Residue THR het=  resseq=539 icode= >,1pt3_A_A,2.5
727,0.0,THR, ,C,26.35,6.52,0.0,3.94,1.0,<Residue THR het=  resseq=539 icode= >,1pt3_A_A,2.5
728,0.034,THR, ,O,26.02,6.89,0.0,3.54,1.0,<Residue THR het=  resseq=539 icode= >,1pt3_A_A,2.5
729,5.86,THR, ,CB,26.95,7.86,0.0,3.02,1.0,<Residue THR het=  resseq=539 icode= >,1pt3_A_A,2.5
730,6.931,THR, ,OG1,27.01,6.88,0.0,2.49,1.0,<Residue THR het=  resseq=539 icode= >,1pt3_A_A,2.5
731,24.914,THR, ,CG2,25.49,8.00,0.0,1.92,1.0,<Residue THR het=  resseq=539 icode= >,1pt3_A_A,2.5
732,1.932,SER, ,N,26.98,5.55,0.0,2.63,1.0,<Residue SER het=  resseq=540 icode= >,1pt3_A_A,2.5
733,0.0,SER, ,CA,27.12,4.83,0.0,2.60,1.0,<Residue SER het=  resseq=540 icode= >,1pt3_A_A,2.5
734,0.0,SER, ,C,26.4,5.58,0.0,4.01,1.0,<Residue SER het=  resseq=540 icode= >,1pt3_A_A,2.5
735,0.074,SER, ,O,27.06,5.82,0.0,1.95,1.0,<Residue SER het=  resseq=540 icode= >,1pt3_A_A,2.5
736,14.257,SER, ,CB,24.66,3.41,11.973,2.86,1.0,<Residue SER het=  resseq=540 icode= >,1pt3_A_A,2.5
737,12.088,SER, ,OG,24.5,2.81,8.386,2.86,1.0,<Residue SER het=  resseq=540 icode= >,1pt3_A_A,2.5
738,0.0,PHE, ,N,24.88,5.82,0.0,2.71,1.0,<Residue PHE het=  resseq=541 icode= >,1pt3_A_A,2.5
739,0.0,PHE, ,CA,25.62,6.18,0.0,2.83,1.0,<Residue PHE het=  resseq=541 icode= >,1pt3_A_A,2.5
740,0.0,PHE, ,C,26.17,4.90,0.0,3.44,1.0,<Residue PHE het=  resseq=541 icode= >,1pt3_A_A,2.5
741,2.601,PHE, ,O,27.02,4.22,2.601,2.21,1.0,<Residue PHE het=  resseq=541 icode= >,1pt3_A_A,2.5
742,0.0,PHE, ,CB,25.96,7.06,0.0,1.90,1.0,<Residue PHE het=  resseq=541 icode= >,1pt3_A_A,2.5
743,0.0,PHE, ,CG,24.24,8.51,0.0,3.40,1.0,<Residue PHE het=  resseq=541 icode= >,1pt3_A_A,2.5
744,0.0,PHE, ,CD1,27.19,9.02,0.0,2.50,1.0,<Residue PHE het=  resseq=541 icode= >,1pt3_A_A,2.5
745,0.0,PHE, ,CD2,24.47,8.63,0.0,3.26,1.0,<Residue PHE het=  resseq=541 icode= >,1pt3_A_A,2.5
746,0.279,PHE, ,CE1,25.63,10.40,0.0,3.17,1.0,<Residue PHE het=  resseq=541 icode= >,1pt3_A_A,2.5
747,4.603,PHE, ,CE2,25.91,9.81,0.0,2.34,1.0,<Residue PHE het=  resseq=541 icode= >,1pt3_A_A,2.5
748,10.929,PHE, ,CZ,26.12,10.92,0.0,2.79,1.0,<Residue PHE het=  resseq=541 icode= >,1pt3_A_A,2.5
749,0.0,GLU, ,N,26.62,4.65,0.0,2.74,1.0,<Residue GLU het=  resseq=542 icode= >,1pt3_A_A,2.5
750,3.196,GLU, ,CA,27.23,3.43,3.196,3.56,1.0,<Residue GLU het=  resseq=542 icode= >,1pt3_A_A,2.5
751,0.0,GLU, ,C,28.48,3.63,0.0,4.35,1.0,<Residue GLU het=  resseq=542 icode= >,1pt3_A_A,2.5
752,0.0,GLU, ,O,28.13,4.84,0.0,3.23,1.0,<Residue GLU het=  resseq=542 icode= >,1pt3_A_A,2.5
753,6.618,GLU, ,CB,28.18,3.54,6.618,2.09,1.0,<Residue GLU het=  resseq=542 icode= >,1pt3_A_A,2.5
754,10.069,GLU, ,CG,30.08,3.72,9.851,1.63,1.0,<Residue GLU het=  resseq=542 icode= >,1pt3_A_A,2.5
755,7.166,GLU, ,CD,31.19,4.36,7.038,3.52,1.0,<Residue GLU het=  resseq=542 icode= >,1pt3_A_A,2.5
756,5.735,GLU, ,OE1,31.2,4.59,2.337,2.37,1.0,<Residue GLU het=  resseq=542 icode= >,1pt3_A_A,2.5
757,5.159,GLU, ,OE2,30.35,3.92,4.946,2.45,1.0,<Residue GLU het=  resseq=542 icode= >,1pt3_A_A,2.5
758,3.38,LEU, ,N,30.58,2.88,3.38,2.04,1.0,<Residue LEU het=  resseq=543 icode= >,1pt3_A_A,2.5
759,0.0,LEU, ,CA,30.55,3.91,0.0,2.22,1.0,<Residue LEU het=  resseq=543 icode= >,1pt3_A_A,2.5
760,0.0,LEU, ,C,31.06,4.58,0.0,3.20,1.0,<Residue LEU het=  resseq=543 icode= >,1pt3_A_A,2.5
761,12.367,LEU, ,O,31.95,3.85,12.173,2.45,1.0,<Residue LEU het=  resseq=543 icode= >,1pt3_A_A,2.5
762,0.931,LEU, ,CB,26.92,3.85,0.931,2.62,1.0,<Residue LEU het=  resseq=543 icode= >,1pt3_A_A,2.5
763,0.148,LEU, ,CG,29.67,3.83,0.148,2.74,1.0,<Residue LEU het=  resseq=543 icode= >,1pt3_A_A,2.5
764,0.0,LEU, ,CD1,28.76,4.50,0.0,1.26,1.0,<Residue LEU het=  resseq=543 icode= >,1pt3_A_A,2.5
765,0.135,LEU, ,CD2,25.81,5.05,0.0,1.29,1.0,<Residue LEU het=  resseq=543 icode= >,1pt3_A_A,2.5
766,0.0,HIS, ,N,33.39,4.92,0.0,2.19,1.0,<Residue HIS het=  resseq=544 icode= >,1pt3_A_A,2.5
767,1.814,HIS, ,CA,34.37,3.93,1.814,2.47,1.0,<Residue HIS het=  resseq=544 icode= >,1pt3_A_A,2.5
768,0.0,HIS, ,C,35.86,4.65,0.0,3.53,1.0,<Residue HIS het=  resseq=544 icode= >,1pt3_A_A,2.5
769,0.142,HIS, ,O,35.43,5.89,0.0,2.88,1.0,<Residue HIS het=  resseq=544 icode= >,1pt3_A_A,2.5
770,0.0,HIS, ,CB,33.73,4.27,0.0,2.09,1.0,<Residue HIS het=  resseq=544 icode= >,1pt3_A_A,2.5
771,0.0,HIS, ,CG,33.15,4.25,0.0,3.34,1.0,<Residue HIS het=  resseq=544 icode= >,1pt3_A_A,2.5
772,3.68,HIS, ,ND1,31.05,3.44,3.68,3.37,1.0,<Residue HIS het=  resseq=544 icode= >,1pt3_A_A,2.5
773,0.508,HIS, ,CD2,33.39,5.41,0.0,2.43,1.0,<Residue HIS het=  resseq=544 icode= >,1pt3_A_A,2.5
774,10.769,HIS, ,CE1,32.47,4.36,0.341,3.20,1.0,<Residue HIS het=  resseq=544 icode= >,1pt3_A_A,2.5
775,1.265,HIS, ,NE2,32.4,5.44,0.0,2.80,1.0,<Residue HIS het=  resseq=544 icode= >,1pt3_A_A,2.5
776,1.344,HIS, ,N,38.09,4.20,1.344,2.31,1.0,<Residue HIS het=  resseq=545 icode= >,1pt3_A_A,2.5
777,0.0,HIS, ,CA,38.53,5.33,0.0,2.48,1.0,<Residue HIS het=  resseq=545 icode= >,1pt3_A_A,2.5
778,0.0,HIS, ,C,40.02,5.66,0.0,3.34,1.0,<Residue HIS het=  resseq=545 icode= >,1pt3_A_A,2.5
779,4.818,HIS, ,O,37.84,5.04,0.267,2.42,1.0,<Residue HIS het=  resseq=545 icode= >,1pt3_A_A,2.5
780,3.353,HIS, ,CB,38.36,5.13,0.532,1.59,1.0,<Residue HIS het=  resseq=545 icode= >,1pt3_A_A,2.5
781,0.0,HIS, ,CG,36.04,4.66,0.0,3.09,1.0,<Residue HIS het=  resseq=545 icode= >,1pt3_A_A,2.5
782,14.689,HIS, ,ND1,39.03,3.46,13.565,2.14,1.0,<Residue HIS het=  resseq=545 icode= >,1pt3_A_A,2.5
783,0.0,HIS, ,CD2,35.27,5.60,0.0,2.86,1.0,<Residue HIS het=  resseq=545 icode= >,1pt3_A_A,2.5
784,13.209,HIS, ,CE1,38.24,3.96,6.403,2.20,1.0,<Residue HIS het=  resseq=545 icode= >,1pt3_A_A,2.5
785,0.0,HIS, ,NE2,35.91,5.23,0.0,2.87,1.0,<Residue HIS het=  resseq=545 icode= >,1pt3_A_A,2.5
786,0.837,GLU, ,N,43.49,6.92,0.0,2.36,1.0,<Residue GLU het=  resseq=546 icode= >,1pt3_A_A,2.5
787,0.235,GLU, ,CA,47.54,7.71,0.0,2.51,1.0,<Residue GLU het=  resseq=546 icode= >,1pt3_A_A,2.5
788,0.0,GLU, ,C,48.44,7.83,0.0,3.16,1.0,<Residue GLU het=  resseq=546 icode= >,1pt3_A_A,2.5
789,14.66,GLU, ,O,48.3,7.66,0.0,2.01,1.0,<Residue GLU het=  resseq=546 icode= >,1pt3_A_A,2.5
790,4.123,GLU, ,CB,50.38,9.15,0.0,1.71,1.0,<Residue GLU het=  resseq=546 icode= >,1pt3_A_A,2.5
791,2.598,GLU, ,CG,54.66,10.06,0.0,1.45,1.0,<Residue GLU het=  resseq=546 icode= >,1pt3_A_A,2.5
792,6.813,GLU, ,CD,58.2,11.46,0.0,2.09,1.0,<Residue GLU het=  resseq=546 icode= >,1pt3_A_A,2.5
793,26.869,GLU, ,OE1,59.83,12.09,0.0,1.05,1.0,<Residue GLU het=  resseq=546 icode= >,1pt3_A_A,2.5
794,27.235,GLU, ,OE2,59.26,12.04,0.0,0.68,1.0,<Residue GLU het=  resseq=546 icode= >,1pt3_A_A,2.5
795,0.0,LYS, ,N,50.27,8.44,0.0,2.18,1.0,<Residue LYS het=  resseq=547 icode= >,1pt3_A_A,2.5
796,0.0,LYS, ,CA,51.65,8.94,0.0,2.11,1.0,<Residue LYS het=  resseq=547 icode= >,1pt3_A_A,2.5
797,0.0,LYS, ,C,51.4,8.05,0.0,2.66,1.0,<Residue LYS het=  resseq=547 icode= >,1pt3_A_A,2.5
798,0.0,LYS, ,O,52.16,7.84,0.0,2.12,1.0,<Residue LYS het=  resseq=547 icode= >,1pt3_A_A,2.5
799,6.667,LYS, ,CB,53.47,10.40,0.0,1.76,1.0,<Residue LYS het=  resseq=547 icode= >,1pt3_A_A,2.5
800,14.979,LYS, ,CG,57.91,11.40,0.0,-0.14,1.0,<Residue LYS het=  resseq=547 icode= >,1pt3_A_A,2.5
801,3.221,LYS, ,CD,60.38,11.14,0.0,-0.07,1.0,<Residue LYS het=  resseq=547 icode= >,1pt3_A_A,2.5
802,37.504,LYS, ,CE,59.96,12.32,0.0,0.50,1.0,<Residue LYS het=  resseq=547 icode= >,1pt3_A_A,2.5
803,37.782,LYS, ,NZ,60.72,12.41,0.0,0.52,1.0,<Residue LYS het=  resseq=547 icode= >,1pt3_A_A,2.5
804,0.0,PRO, ,N,51.11,7.68,0.0,2.66,1.0,<Residue PRO het=  resseq=548 icode= >,1pt3_A_A,2.5
805,5.569,PRO, ,CA,51.23,6.95,0.0,2.70,1.0,<Residue PRO het=  resseq=548 icode= >,1pt3_A_A,2.5
806,0.0,PRO, ,C,51.98,7.67,0.0,2.85,1.0,<Residue PRO het=  resseq=548 icode= >,1pt3_A_A,2.5
807,0.0,PRO, ,O,51.76,8.67,0.0,1.99,1.0,<Residue PRO het=  resseq=548 icode= >,1pt3_A_A,2.5
808,27.887,PRO, ,CB,50.76,6.57,0.0,2.19,1.0,<Residue PRO het=  resseq=548 icode= >,1pt3_A_A,2.5
809,12.145,PRO, ,CG,49.94,7.58,0.0,1.78,1.0,<Residue PRO het=  resseq=548 icode= >,1pt3_A_A,2.5
810,14.363,PRO, ,CD,51.41,8.40,0.0,1.41,1.0,<Residue PRO het=  resseq=548 icode= >,1pt3_A_A,2.5
811,0.65,ILE, ,N,52.84,7.21,0.0,1.92,1.0,<Residue ILE het=  resseq=549 icode= >,1pt3_A_A,2.5
812,0.0,ILE, ,CA,53.13,7.90,0.0,2.22,1.0,<Residue ILE het=  resseq=549 icode= >,1pt3_A_A,2.5
813,0.772,ILE, ,C,52.02,8.06,0.0,2.56,1.0,<Residue ILE het=  resseq=549 icode= >,1pt3_A_A,2.5
814,10.017,ILE, ,O,52.56,9.15,0.0,1.41,1.0,<Residue ILE het=  resseq=549 icode= >,1pt3_A_A,2.5
815,9.427,ILE, ,CB,54.9,7.45,0.0,1.18,1.0,<Residue ILE het=  resseq=549 icode= >,1pt3_A_A,2.5
816,32.827,ILE, ,CG1,57.91,6.60,0.0,-0.24,1.0,<Residue ILE het=  resseq=549 icode= >,1pt3_A_A,2.5
817,43.68,ILE, ,CG2,54.27,8.74,0.0,0.76,1.0,<Residue ILE het=  resseq=549 icode= >,1pt3_A_A,2.5
818,6.778,ILE, ,CD1,59.03,6.26,0.0,-0.39,1.0,<Residue ILE het=  resseq=549 icode= >,1pt3_A_A,2.5
819,2.617,SER, ,N,50.21,7.15,0.0,2.74,1.0,<Residue SER het=  resseq=550 icode= >,1pt3_A_A,2.5
820,13.475,SER, ,CA,48.81,7.60,0.0,3.00,1.0,<Residue SER het=  resseq=550 icode= >,1pt3_A_A,2.5
821,0.58,SER, ,C,48.85,8.88,0.0,2.41,1.0,<Residue SER het=  resseq=550 icode= >,1pt3_A_A,2.5
822,25.845,SER, ,O,50.19,9.67,0.0,1.47,1.0,<Residue SER het=  resseq=550 icode= >,1pt3_A_A,2.5
823,46.708,SER, ,CB,49.48,6.70,0.0,1.64,1.0,<Residue SER het=  resseq=550 icode= >,1pt3_A_A,2.5
824,14.76,SER, ,OG,50.36,6.69,0.0,1.51,1.0,<Residue SER het=  resseq=550 icode= >,1pt3_A_A,2.5
825,0.0,GLN, ,N,46.43,9.26,0.0,2.13,1.0,<Residue GLN het=  resseq=551 icode= >,1pt3_A_A,2.5
826,4.703,GLN, ,CA,44.49,10.60,0.0,2.49,1.0,<Residue GLN het=  resseq=551 icode= >,1pt3_A_A,2.5
827,0.0,GLN, ,C,43.1,11.58,0.0,3.50,1.0,<Residue GLN het=  resseq=551 icode= >,1pt3_A_A,2.5
828,13.192,GLN, ,O,43.53,12.58,0.0,1.91,1.0,<Residue GLN het=  resseq=551 icode= >,1pt3_A_A,2.5
829,3.829,GLN, ,CB,45.29,10.79,0.0,2.19,1.0,<Residue GLN het=  resseq=551 icode= >,1pt3_A_A,2.5
830,22.106,GLN, ,CG,48.21,10.39,0.0,1.19,1.0,<Residue GLN het=  resseq=551 icode= >,1pt3_A_A,2.5
831,5.213,GLN, ,CD,49.72,10.89,0.0,1.73,1.0,<Residue GLN het=  resseq=551 icode= >,1pt3_A_A,2.5
832,30.948,GLN, ,OE1,48.08,10.47,0.0,1.75,1.0,<Residue GLN het=  resseq=551 icode= >,1pt3_A_A,2.5
833,21.791,GLN, ,NE2,49.91,11.99,0.0,0.78,1.0,<Residue GLN het=  resseq=551 icode= >,1pt3_A_A,2.5
834,0.069,ASN, ,N,41.52,11.43,0.0,3.18,1.0,<Residue ASN het=  resseq=552 icode= >,1pt3_A_A,2.5
835,9.358,ASN, ,CA,42.64,12.51,0.0,2.16,1.0,<Residue ASN het=  resseq=552 icode= >,1pt3_A_A,2.5
836,2.673,ASN, ,C,42.06,12.27,0.0,2.64,1.0,<Residue ASN het=  resseq=552 icode= >,1pt3_A_A,2.5
837,21.897,ASN, ,O,41.03,12.94,0.0,1.85,1.0,<Residue ASN het=  resseq=552 icode= >,1pt3_A_A,2.5
838,23.013,ASN, ,CB,44.69,13.87,0.0,1.45,1.0,<Residue ASN het=  resseq=552 icode= >,1pt3_A_A,2.5
839,5.677,ASN, ,CG,45.81,14.03,0.0,2.68,1.0,<Residue ASN het=  resseq=552 icode= >,1pt3_A_A,2.5
840,35.024,ASN, ,OD1,44.94,13.78,0.0,2.20,1.0,<Residue ASN het=  resseq=552 icode= >,1pt3_A_A,2.5
841,51.606,ASN, ,ND2,46.88,14.66,0.0,0.92,1.0,<Residue ASN het=  resseq=552 icode= >,1pt3_A_A,2.5
842,0.0,GLY, ,N,42.75,11.05,0.0,1.95,1.0,<Residue GLY het=  resseq=553 icode= >,1pt3_A_A,2.5
843,7.654,GLY, ,CA,42.91,10.48,0.0,1.29,1.0,<Residue GLY het=  resseq=553 icode= >,1pt3_A_A,2.5
844,0.377,GLY, ,C,42.09,10.22,0.0,3.09,1.0,<Residue GLY het=  resseq=553 icode= >,1pt3_A_A,2.5
845,3.296,GLY, ,O,39.48,9.62,0.0,2.83,1.0,<Residue GLY het=  resseq=553 icode= >,1pt3_A_A,2.5
846,6.58,GLY, ,N,41.81,10.88,0.0,2.77,1.0,<Residue GLY het=  resseq=554 icode= >,1pt3_A_A,2.5
847,24.925,GLY, ,CA,42.95,10.96,0.0,2.35,1.0,<Residue GLY het=  resseq=554 icode= >,1pt3_A_A,2.5
848,0.0,GLY, ,C,43.26,9.72,0.0,3.07,1.0,<Residue GLY het=  resseq=554 icode= >,1pt3_A_A,2.5
849,0.0,GLY, ,O,43.76,9.14,0.0,2.24,1.0,<Residue GLY het=  resseq=554 icode= >,1pt3_A_A,2.5
850,1.998,VAL, ,N,42.68,9.48,0.0,2.33,1.0,<Residue VAL het=  resseq=555 icode= >,1pt3_A_A,2.5
851,0.0,VAL, ,CA,42.15,8.46,0.0,2.20,1.0,<Residue VAL het=  resseq=555 icode= >,1pt3_A_A,2.5
852,0.0,VAL, ,C,40.47,8.95,0.0,3.67,1.0,<Residue VAL het=  resseq=555 icode= >,1pt3_A_A,2.5
853,0.0,VAL, ,O,42.61,8.29,0.0,2.52,1.0,<Residue VAL het=  resseq=555 icode= >,1pt3_A_A,2.5
854,1.34,VAL, ,CB,42.94,8.47,0.0,2.53,1.0,<Residue VAL het=  resseq=555 icode= >,1pt3_A_A,2.5
855,27.736,VAL, ,CG1,46.28,9.94,0.0,0.46,1.0,<Residue VAL het=  resseq=555 icode= >,1pt3_A_A,2.5
856,12.294,VAL, ,CG2,41.58,7.90,0.0,1.54,1.0,<Residue VAL het=  resseq=555 icode= >,1pt3_A_A,2.5
857,2.141,TYR, ,N,38.48,10.26,0.0,3.05,1.0,<Residue TYR het=  resseq=556 icode= >,1pt3_A_A,2.5
858,0.0,TYR, ,CA,36.14,10.99,0.0,2.99,1.0,<Residue TYR het=  resseq=556 icode= >,1pt3_A_A,2.5
859,0.996,TYR, ,C,35.56,11.77,0.0,4.46,1.0,<Residue TYR het=  resseq=556 icode= >,1pt3_A_A,2.5
860,0.0,TYR, ,O,36.33,12.88,0.0,2.42,1.0,<Residue TYR het=  resseq=556 icode= >,1pt3_A_A,2.5
861,1.944,TYR, ,CB,35.61,12.06,0.0,1.88,1.0,<Residue TYR het=  resseq=556 icode= >,1pt3_A_A,2.5
862,0.0,TYR, ,CG,35.21,11.66,0.0,2.85,1.0,<Residue TYR het=  resseq=556 icode= >,1pt3_A_A,2.5
863,0.0,TYR, ,CD1,34.95,10.94,0.0,2.27,1.0,<Residue TYR het=  resseq=556 icode= >,1pt3_A_A,2.5
864,3.291,TYR, ,CD2,37.01,12.11,0.0,1.73,1.0,<Residue TYR het=  resseq=556 icode= >,1pt3_A_A,2.5
865,0.0,TYR, ,CE1,37.7,10.55,0.0,1.54,1.0,<Residue TYR het=  resseq=556 icode= >,1pt3_A_A,2.5
866,0.0,TYR, ,CE2,37.17,11.94,0.0,1.99,1.0,<Residue TYR het=  resseq=556 icode= >,1pt3_A_A,2.5
867,0.0,TYR, ,CZ,36.94,11.09,0.0,2.72,1.0,<Residue TYR het=  resseq=556 icode= >,1pt3_A_A,2.5
868,0.145,TYR, ,OH,37.85,9.77,0.0,2.00,1.0,<Residue TYR het=  resseq=556 icode= >,1pt3_A_A,2.5
869,0.088,ASP, ,N,33.38,11.31,0.0,3.31,1.0,<Residue ASP het=  resseq=557 icode= >,1pt3_A_A,2.5
870,0.0,ASP, ,CA,33.62,12.22,0.0,3.47,1.0,<Residue ASP het=  resseq=557 icode= >,1pt3_A_A,2.5
871,0.0,ASP, ,C,33.6,11.98,0.0,4.22,1.0,<Residue ASP het=  resseq=557 icode= >,1pt3_A_A,2.5
872,0.0,ASP, ,O,32.85,11.28,0.0,2.47,1.0,<Residue ASP het=  resseq=557 icode= >,1pt3_A_A,2.5
873,3.455,ASP, ,CB,33.61,12.24,0.0,2.22,1.0,<Residue ASP het=  resseq=557 icode= >,1pt3_A_A,2.5
874,5.985,ASP, ,CG,34.58,13.30,0.0,3.68,1.0,<Residue ASP het=  resseq=557 icode= >,1pt3_A_A,2.5
875,26.001,ASP, ,OD1,36.85,13.42,0.0,2.70,1.0,<Residue ASP het=  resseq=557 icode= >,1pt3_A_A,2.5
876,5.216,ASP, ,OD2,33.14,14.14,0.0,2.97,1.0,<Residue ASP het=  resseq=557 icode= >,1pt3_A_A,2.5
877,0.0,MET, ,N,34.53,12.74,0.0,2.95,1.0,<Residue MET het=  resseq=558 icode= >,1pt3_A_A,2.5
878,0.0,MET, ,CA,35.32,12.81,0.0,3.05,1.0,<Residue MET het=  resseq=558 icode= >,1pt3_A_A,2.5
879,0.0,MET, ,C,35.47,13.05,0.0,3.50,1.0,<Residue MET het=  resseq=558 icode= >,1pt3_A_A,2.5
880,2.22,MET, ,O,33.41,12.61,0.0,2.12,1.0,<Residue MET het=  resseq=558 icode= >,1pt3_A_A,2.5
881,0.0,MET, ,CB,33.33,13.47,0.0,2.24,1.0,<Residue MET het=  resseq=558 icode= >,1pt3_A_A,2.5
882,0.0,MET, ,CG,36.94,12.95,0.0,2.38,1.0,<Residue MET het=  resseq=558 icode= >,1pt3_A_A,2.5
883,0.0,MET, ,SD,41.12,13.87,0.0,3.45,1.0,<Residue MET het=  resseq=558 icode= >,1pt3_A_A,2.5
884,0.0,MET, ,CE,40.58,15.53,0.0,1.38,1.0,<Residue MET het=  resseq=558 icode= >,1pt3_A_A,2.5
885,0.0,ASP, ,N,37.25,13.67,0.0,2.41,1.0,<Residue ASP het=  resseq=559 icode= >,1pt3_A_A,2.5
886,5.928,ASP, ,CA,38.28,13.87,0.0,2.22,1.0,<Residue ASP het=  resseq=559 icode= >,1pt3_A_A,2.5
887,1.432,ASP, ,C,37.27,12.65,0.0,3.06,1.0,<Residue ASP het=  resseq=559 icode= >,1pt3_A_A,2.5
888,25.981,ASP, ,O,38.91,12.65,0.0,2.53,1.0,<Residue ASP het=  resseq=559 icode= >,1pt3_A_A,2.5
889,22.771,ASP, ,CB,40.3,15.14,0.0,1.95,1.0,<Residue ASP het=  resseq=559 icode= >,1pt3_A_A,2.5
890,7.351,ASP, ,CG,43.01,16.39,0.0,3.21,1.0,<Residue ASP het=  resseq=559 icode= >,1pt3_A_A,2.5
891,3.076,ASP, ,OD1,45.31,16.70,0.0,1.62,1.0,<Residue ASP het=  resseq=559 icode= >,1pt3_A_A,2.5
892,13.616,ASP, ,OD2,44.73,17.09,0.0,1.87,1.0,<Residue ASP het=  resseq=559 icode= >,1pt3_A_A,2.5
893,0.0,ASN, ,N,35.46,11.70,0.0,2.99,1.0,<Residue ASN het=  resseq=560 icode= >,1pt3_A_A,2.5
894,1.574,ASN, ,CA,32.27,10.56,0.0,3.40,1.0,<Residue ASN het=  resseq=560 icode= >,1pt3_A_A,2.5
895,2.417,ASN, ,C,31.73,9.29,0.0,3.34,1.0,<Residue ASN het=  resseq=560 icode= >,1pt3_A_A,2.5
896,0.064,ASN, ,O,32.05,8.17,0.0,2.36,1.0,<Residue ASN het=  resseq=560 icode= >,1pt3_A_A,2.5
897,3.643,ASN, ,CB,31.59,10.34,0.0,2.28,1.0,<Residue ASN het=  resseq=560 icode= >,1pt3_A_A,2.5
898,3.437,ASN, ,CG,32.12,9.54,0.0,3.44,1.0,<Residue ASN het=  resseq=560 icode= >,1pt3_A_A,2.5
899,4.192,ASN, ,OD1,33.6,9.69,0.0,1.87,1.0,<Residue ASN het=  resseq=560 icode= >,1pt3_A_A,2.5
900,0.0,ASN, ,ND2,32.29,8.77,0.0,2.10,1.0,<Residue ASN het=  resseq=560 icode= >,1pt3_A_A,2.5
901,0.395,ILE, ,N,29.09,9.61,0.0,2.88,1.0,<Residue ILE het=  resseq=561 icode= >,1pt3_A_A,2.5
902,0.165,ILE, ,CA,26.43,8.75,0.0,2.58,1.0,<Residue ILE het=  resseq=561 icode= >,1pt3_A_A,2.5
903,1.101,ILE, ,C,26.87,9.28,0.0,4.01,1.0,<Residue ILE het=  resseq=561 icode= >,1pt3_A_A,2.5
904,3.95,ILE, ,O,25.74,10.49,0.0,3.03,1.0,<Residue ILE het=  resseq=561 icode= >,1pt3_A_A,2.5
905,0.0,ILE, ,CB,25.51,9.02,0.0,2.81,1.0,<Residue ILE het=  resseq=561 icode= >,1pt3_A_A,2.5
906,0.0,ILE, ,CG1,22.17,8.14,0.0,2.86,1.0,<Residue ILE het=  resseq=561 icode= >,1pt3_A_A,2.5
907,0.084,ILE, ,CG2,21.9,8.09,0.0,1.94,1.0,<Residue ILE het=  resseq=561 icode= >,1pt3_A_A,2.5
908,0.0,ILE, ,CD1,21.71,8.30,0.0,1.43,1.0,<Residue ILE het=  resseq=561 icode= >,1pt3_A_A,2.5
909,0.0,SER, ,N,26.12,8.52,0.0,3.26,1.0,<Residue SER het=  resseq=562 icode= >,1pt3_A_A,2.5
910,0.0,SER, ,CA,25.27,9.34,0.0,2.81,1.0,<Residue SER het=  resseq=562 icode= >,1pt3_A_A,2.5
911,0.0,SER, ,C,25.39,8.23,0.0,3.77,1.0,<Residue SER het=  resseq=562 icode= >,1pt3_A_A,2.5
912,0.0,SER, ,O,25.06,7.17,0.0,3.12,1.0,<Residue SER het=  resseq=562 icode= >,1pt3_A_A,2.5
913,13.355,SER, ,CB,25.44,9.65,0.0,2.54,1.0,<Residue SER het=  resseq=562 icode= >,1pt3_A_A,2.5
914,2.535,SER, ,OG,29.4,8.55,0.0,2.34,1.0,<Residue SER het=  resseq=562 icode= >,1pt3_A_A,2.5
915,0.0,VAL, ,N,21.85,8.57,0.0,3.12,1.0,<Residue VAL het=  resseq=563 icode= >,1pt3_A_A,2.5
916,0.0,VAL, ,CA,18.46,7.77,0.0,3.19,1.0,<Residue VAL het=  resseq=563 icode= >,1pt3_A_A,2.5
917,0.0,VAL, ,C,21.21,8.42,0.0,4.37,1.0,<Residue VAL het=  resseq=563 icode= >,1pt3_A_A,2.5
918,0.0,VAL, ,O,21.49,9.65,0.0,3.09,1.0,<Residue VAL het=  resseq=563 icode= >,1pt3_A_A,2.5
919,0.0,VAL, ,CB,16.83,8.12,0.0,3.42,1.0,<Residue VAL het=  resseq=563 icode= >,1pt3_A_A,2.5
920,0.0,VAL, ,CG1,16.26,7.76,0.0,1.62,1.0,<Residue VAL het=  resseq=563 icode= >,1pt3_A_A,2.5
921,0.136,VAL, ,CG2,8.58,7.78,0.0,2.74,1.0,<Residue VAL het=  resseq=563 icode= >,1pt3_A_A,2.5
922,0.0,VAL, ,N,19.03,7.74,0.0,3.10,1.0,<Residue VAL het=  resseq=564 icode= >,1pt3_A_A,2.5
923,0.0,VAL, ,CA,21.55,8.57,0.0,3.80,1.0,<Residue VAL het=  resseq=564 icode= >,1pt3_A_A,2.5
924,0.0,VAL, ,C,26.51,8.19,0.0,3.86,1.0,<Residue VAL het=  resseq=564 icode= >,1pt3_A_A,2.5
925,0.0,VAL, ,O,26.23,7.05,0.0,2.51,1.0,<Residue VAL het=  resseq=564 icode= >,1pt3_A_A,2.5
926,0.0,VAL, ,CB,24.38,8.25,0.0,2.70,1.0,<Residue VAL het=  resseq=564 icode= >,1pt3_A_A,2.5
927,0.0,VAL, ,CG1,21.8,8.28,0.0,1.90,1.0,<Residue VAL het=  resseq=564 icode= >,1pt3_A_A,2.5
928,0.0,VAL, ,CG2,24.15,6.87,0.0,1.33,1.0,<Residue VAL het=  resseq=564 icode= >,1pt3_A_A,2.5
929,0.0,THR, ,N,27.39,9.30,0.0,2.76,1.0,<Residue THR het=  resseq=565 icode= >,1pt3_A_A,2.5
930,0.0,THR, ,CA,28.16,9.33,0.0,2.89,1.0,<Residue THR het=  resseq=565 icode= >,1pt3_A_A,2.5
931,0.0,THR, ,C,29.94,8.93,0.0,3.78,1.0,<Residue THR het=  resseq=565 icode= >,1pt3_A_A,2.5
932,0.0,THR, ,O,29.35,8.90,0.0,2.79,1.0,<Residue THR het=  resseq=565 icode= >,1pt3_A_A,2.5
933,0.0,THR, ,CB,27.85,10.70,0.0,3.20,1.0,<Residue THR het=  resseq=565 icode= >,1pt3_A_A,2.5
934,0.777,THR, ,OG1,25.8,11.55,0.0,2.83,1.0,<Residue THR het=  resseq=565 icode= >,1pt3_A_A,2.5
935,2.155,THR, ,CG2,26.28,11.51,0.0,1.92,1.0,<Residue THR het=  resseq=565 icode= >,1pt3_A_A,2.5
936,0.0,PRO, ,N,30.41,8.39,0.0,4.00,1.0,<Residue PRO het=  resseq=566 icode= >,1pt3_A_A,2.5
937,0.0,PRO, ,CA,32.21,7.94,0.0,3.20,1.0,<Residue PRO het=  resseq=566 icode= >,1pt3_A_A,2.5
938,0.0,PRO, ,C,35.17,7.76,0.0,3.56,1.0,<Residue PRO het=  resseq=566 icode= >,1pt3_A_A,2.5
939,0.0,PRO, ,O,37.0,7.41,0.0,2.14,1.0,<Residue PRO het=  resseq=566 icode= >,1pt3_A_A,2.5
940,0.0,PRO, ,CB,28.88,7.11,0.0,2.70,1.0,<Residue PRO het=  resseq=566 icode= >,1pt3_A_A,2.5
941,0.0,PRO, ,CG,29.05,7.49,0.0,2.34,1.0,<Residue PRO het=  resseq=566 icode= >,1pt3_A_A,2.5
942,0.0,PRO, ,CD,31.15,8.20,0.0,1.84,1.0,<Residue PRO het=  resseq=566 icode= >,1pt3_A_A,2.5
943,0.0,LYS, ,N,36.7,8.22,0.0,2.21,1.0,<Residue LYS het=  resseq=567 icode= >,1pt3_A_A,2.5
944,2.134,LYS, ,CA,36.96,7.79,0.0,3.06,1.0,<Residue LYS het=  resseq=567 icode= >,1pt3_A_A,2.5
945,0.0,LYS, ,C,36.19,8.28,0.0,3.65,1.0,<Residue LYS het=  resseq=567 icode= >,1pt3_A_A,2.5
946,2.005,LYS, ,O,36.57,7.67,0.0,2.37,1.0,<Residue LYS het=  resseq=567 icode= >,1pt3_A_A,2.5
947,0.2,LYS, ,CB,40.23,8.56,0.0,1.44,1.0,<Residue LYS het=  resseq=567 icode= >,1pt3_A_A,2.5
948,12.384,LYS, ,CG,44.11,8.33,0.0,1.66,1.0,<Residue LYS het=  resseq=567 icode= >,1pt3_A_A,2.5
949,14.784,LYS, ,CD,48.42,9.54,0.0,1.06,1.0,<Residue LYS het=  resseq=567 icode= >,1pt3_A_A,2.5
950,44.951,LYS, ,CE,51.03,9.44,0.0,1.11,1.0,<Residue LYS het=  resseq=567 icode= >,1pt3_A_A,2.5
951,35.375,LYS, ,NZ,52.59,8.69,0.0,0.62,1.0,<Residue LYS het=  resseq=567 icode= >,1pt3_A_A,2.5
952,0.103,ARG, ,N,34.88,9.57,0.0,2.94,1.0,<Residue ARG het=  resseq=568 icode= >,1pt3_A_A,2.5
953,1.56,ARG, ,CA,34.05,10.25,0.0,2.93,1.0,<Residue ARG het=  resseq=568 icode= >,1pt3_A_A,2.5
954,0.0,ARG, ,C,35.06,9.61,0.0,3.29,1.0,<Residue ARG het=  resseq=568 icode= >,1pt3_A_A,2.5
955,0.0,ARG, ,O,34.7,9.49,0.0,2.14,1.0,<Residue ARG het=  resseq=568 icode= >,1pt3_A_A,2.5
956,1.213,ARG, ,CB,32.64,11.20,0.0,1.84,1.0,<Residue ARG het=  resseq=568 icode= >,1pt3_A_A,2.5
957,0.0,ARG, ,CG,31.9,10.95,0.0,2.26,1.0,<Residue ARG het=  resseq=568 icode= >,1pt3_A_A,2.5
958,4.174,ARG, ,CD,34.24,11.78,0.0,2.28,1.0,<Residue ARG het=  resseq=568 icode= >,1pt3_A_A,2.5
959,0.0,ARG, ,NE,35.12,11.81,0.0,2.62,1.0,<Residue ARG het=  resseq=568 icode= >,1pt3_A_A,2.5
960,2.482,ARG, ,CZ,35.11,12.28,0.0,3.46,1.0,<Residue ARG het=  resseq=568 icode= >,1pt3_A_A,2.5
961,15.089,ARG, ,NH1,37.15,12.51,0.0,1.77,1.0,<Residue ARG het=  resseq=568 icode= >,1pt3_A_A,2.5
962,10.365,ARG, ,NH2,34.62,12.44,0.0,2.20,1.0,<Residue ARG het=  resseq=568 icode= >,1pt3_A_A,2.5
963,0.0,HIS, ,N,32.74,8.61,0.0,2.55,1.0,<Residue HIS het=  resseq=569 icode= >,1pt3_A_A,2.5
964,0.0,HIS, ,CA,31.56,7.42,0.0,3.27,1.0,<Residue HIS het=  resseq=569 icode= >,1pt3_A_A,2.5
965,0.0,HIS, ,C,34.33,7.78,0.0,3.56,1.0,<Residue HIS het=  resseq=569 icode= >,1pt3_A_A,2.5
966,0.0,HIS, ,O,36.46,7.44,0.0,2.04,1.0,<Residue HIS het=  resseq=569 icode= >,1pt3_A_A,2.5
967,0.0,HIS, ,CB,29.32,6.23,0.0,2.48,1.0,<Residue HIS het=  resseq=569 icode= >,1pt3_A_A,2.5
968,0.012,HIS, ,CG,27.13,4.94,0.0,3.45,1.0,<Residue HIS het=  resseq=569 icode= >,1pt3_A_A,2.5
969,1.133,HIS, ,ND1,25.91,3.84,0.379,2.65,1.0,<Residue HIS het=  resseq=569 icode= >,1pt3_A_A,2.5
970,0.0,HIS, ,CD2,26.77,4.48,0.0,1.90,1.0,<Residue HIS het=  resseq=569 icode= >,1pt3_A_A,2.5
971,15.298,HIS, ,CE1,25.15,3.01,15.298,2.89,1.0,<Residue HIS het=  resseq=569 icode= >,1pt3_A_A,2.5
972,1.528,HIS, ,NE2,23.47,3.17,1.528,2.76,1.0,<Residue HIS het=  resseq=569 icode= >,1pt3_A_A,2.5
973,0.0,ILE, ,N,34.99,6.74,0.0,2.61,1.0,<Residue ILE het=  resseq=570 icode= >,1pt3_A_A,2.5
974,0.906,ILE, ,CA,37.99,5.56,0.0,2.55,1.0,<Residue ILE het=  resseq=570 icode= >,1pt3_A_A,2.5
975,0.0,ILE, ,C,40.52,6.18,0.0,3.27,1.0,<Residue ILE het=  resseq=570 icode= >,1pt3_A_A,2.5
976,0.409,ILE, ,O,42.27,5.90,0.0,2.07,1.0,<Residue ILE het=  resseq=570 icode= >,1pt3_A_A,2.5
977,2.456,ILE, ,CB,39.43,4.41,0.0,1.81,1.0,<Residue ILE het=  resseq=570 icode= >,1pt3_A_A,2.5
978,22.841,ILE, ,CG1,38.95,3.81,16.858,1.35,1.0,<Residue ILE het=  resseq=570 icode= >,1pt3_A_A,2.5
979,15.453,ILE, ,CG2,38.88,3.68,10.773,0.82,1.0,<Residue ILE het=  resseq=570 icode= >,1pt3_A_A,2.5
980,1.436,ILE, ,CD1,40.31,5.09,0.0,0.55,1.0,<Residue ILE het=  resseq=570 icode= >,1pt3_A_A,2.5
981,0.0,ASP, ,N,41.7,7.14,0.0,2.35,1.0,<Residue ASP het=  resseq=571 icode= >,1pt3_A_A,2.5
982,0.0,ASP, ,CA,44.8,8.06,0.0,1.94,1.0,<Residue ASP het=  resseq=571 icode= >,1pt3_A_A,2.5
983,0.0,ASP, ,C,46.05,8.74,0.0,2.98,1.0,<Residue ASP het=  resseq=571 icode= >,1pt3_A_A,2.5
984,0.0,ASP, ,O,48.18,8.65,0.0,1.92,1.0,<Residue ASP het=  resseq=571 icode= >,1pt3_A_A,2.5
985,0.035,ASP, ,CB,45.93,9.14,0.0,1.48,1.0,<Residue ASP het=  resseq=571 icode= >,1pt3_A_A,2.5
986,6.832,ASP, ,CG,46.71,8.82,0.0,2.82,1.0,<Residue ASP het=  resseq=571 icode= >,1pt3_A_A,2.5
987,21.038,ASP, ,OD1,47.59,9.18,0.0,1.47,1.0,<Residue ASP het=  resseq=571 icode= >,1pt3_A_A,2.5
988,17.309,ASP, ,OD2,48.53,8.23,0.0,1.49,1.0,<Residue ASP het=  resseq=571 icode= >,1pt3_A_A,2.5
989,0.0,ILE, ,N,45.79,9.45,0.0,2.41,1.0,<Residue ILE het=  resseq=572 icode= >,1pt3_A_A,2.5
990,0.0,ILE, ,CA,46.95,9.14,0.0,2.31,1.0,<Residue ILE het=  resseq=572 icode= >,1pt3_A_A,2.5
991,0.0,ILE, ,C,49.65,8.76,0.0,2.81,1.0,<Residue ILE het=  resseq=572 icode= >,1pt3_A_A,2.5
992,13.454,ILE, ,O,48.24,9.11,0.0,2.42,1.0,<Residue ILE het=  resseq=572 icode= >,1pt3_A_A,2.5
993,0.0,ILE, ,CB,45.34,8.07,0.0,2.14,1.0,<Residue ILE het=  resseq=572 icode= >,1pt3_A_A,2.5
994,0.153,ILE, ,CG1,42.62,8.87,0.0,1.50,1.0,<Residue ILE het=  resseq=572 icode= >,1pt3_A_A,2.5
995,15.326,ILE, ,CG2,44.27,7.58,0.0,1.12,1.0,<Residue ILE het=  resseq=572 icode= >,1pt3_A_A,2.5
996,0.0,ILE, ,CD1,40.7,8.23,0.0,1.40,1.0,<Residue ILE het=  resseq=572 icode= >,1pt3_A_A,2.5
997,0.0,HIS, ,N,52.99,8.28,0.0,1.83,1.0,<Residue HIS het=  resseq=573 icode= >,1pt3_A_A,2.5
998,4.673,HIS, ,CA,55.9,7.62,0.0,2.11,1.0,<Residue HIS het=  resseq=573 icode= >,1pt3_A_A,2.5
999,1.171,HIS, ,C,57.82,7.05,0.0,2.27,1.0,<Residue HIS het=  resseq=573 icode= >,1pt3_A_A,2.5
1000,28.166,HIS, ,O,58.62,7.31,0.0,1.12,1.0,<Residue HIS het=  resseq=573 icode= >,1pt3_A_A,2.5
1001,21.692,HIS, ,CB,55.59,6.76,0.0,1.15,1.0,<Residue HIS het=  resseq=573 icode= >,1pt3_A_A,2.5
1002,2.379,HIS, ,CG,54.61,6.05,0.0,2.25,1.0,<Residue HIS het=  resseq=573 icode= >,1pt3_A_A,2.5
1003,15.374,HIS, ,ND1,55.52,5.31,0.0,1.63,1.0,<Residue HIS het=  resseq=573 icode= >,1pt3_A_A,2.5
1004,17.811,HIS, ,CD2,54.7,5.50,0.0,1.57,1.0,<Residue HIS het=  resseq=573 icode= >,1pt3_A_A,2.5
1005,22.014,HIS, ,CE1,53.55,4.10,14.35,2.67,1.0,<Residue HIS het=  resseq=573 icode= >,1pt3_A_A,2.5
1006,12.46,HIS, ,NE2,54.13,4.27,8.977,1.84,1.0,<Residue HIS het=  resseq=573 icode= >,1pt3_A_A,2.5
1007,0.0,ARG, ,N,60.33,6.61,0.0,1.49,1.0,<Residue ARG het=  resseq=574 icode= >,1pt3_A_A,2.5
1008,7.609,ARG, ,CA,61.97,6.46,0.0,1.65,1.0,<Residue ARG het=  resseq=574 icode= >,1pt3_A_A,2.5
1009,2.282,ARG, ,C,63.13,7.89,0.0,2.16,1.0,<Residue ARG het=  resseq=574 icode= >,1pt3_A_A,2.5
1010,24.472,ARG, ,O,64.22,8.24,0.0,0.85,1.0,<Residue ARG het=  resseq=574 icode= >,1pt3_A_A,2.5
1011,2.253,ARG, ,CB,62.19,6.05,0.0,1.12,1.0,<Residue ARG het=  resseq=574 icode= >,1pt3_A_A,2.5
1012,23.921,ARG, ,CG,62.7,4.61,5.461,0.90,1.0,<Residue ARG het=  resseq=574 icode= >,1pt3_A_A,2.5
1013,10.521,ARG, ,CD,63.04,4.77,0.0,0.94,1.0,<Residue ARG het=  resseq=574 icode= >,1pt3_A_A,2.5
1014,14.599,ARG, ,NE,64.57,3.80,6.331,0.80,1.0,<Residue ARG het=  resseq=574 icode= >,1pt3_A_A,2.5
1015,4.298,ARG, ,CZ,66.25,4.04,0.084,1.18,1.0,<Residue ARG het=  resseq=574 icode= >,1pt3_A_A,2.5
1016,30.329,ARG, ,NH1,66.71,4.58,2.782,0.75,1.0,<Residue ARG het=  resseq=574 icode= >,1pt3_A_A,2.5
1017,57.536,ARG, ,NH2,66.33,3.40,27.866,0.71,1.0,<Residue ARG het=  resseq=574 icode= >,1pt3_A_A,2.5
1018,0.0,GLY, ,N,63.97,8.87,0.0,1.55,1.0,<Residue GLY het=  resseq=575 icode= >,1pt3_A_A,2.5
1019,31.156,GLY, ,CA,64.48,10.25,0.0,1.64,1.0,<Residue GLY het=  resseq=575 icode= >,1pt3_A_A,2.5
1020,3.406,GLY, ,C,64.56,11.12,0.0,1.97,1.0,<Residue GLY het=  resseq=575 icode= >,1pt3_A_A,2.5
1021,28.96,GLY, ,O,64.86,12.34,0.0,1.21,1.0,<Residue GLY het=  resseq=575 icode= >,1pt3_A_A,2.5
1022,0.0,LYS, ,N,64.12,10.65,0.0,1.93,1.0,<Residue LYS het=  resseq=576 icode= >,1pt3_A_A,2.5
1023,6.817,LYS, ,CA,63.99,11.66,0.0,1.79,1.0,<Residue LYS het=  resseq=576 icode= >,1pt3_A_A,2.5
1024,4.062,LYS, ,C,63.13,12.50,0.0,2.86,1.0,<Residue LYS het=  resseq=576 icode= >,1pt3_A_A,2.5
1025,7.556,LYS, ,O,63.2,12.21,0.0,1.19,1.0,<Residue LYS het=  resseq=576 icode= >,1pt3_A_A,2.5
1026,13.038,LYS, ,CB,64.91,11.15,0.0,1.35,1.0,<Residue LYS het=  resseq=576 icode= >,1pt3_A_A,2.5
1027,9.395,LYS, ,CG,66.23,10.27,0.0,1.74,1.0,<Residue LYS het=  resseq=576 icode= >,1pt3_A_A,2.5
1028,22.02,LYS, ,CD,67.77,11.08,0.0,0.84,1.0,<Residue LYS het=  resseq=576 icode= >,1pt3_A_A,2.5
1029,34.577,LYS, ,CE,68.33,10.50,0.0,0.31,1.0,<Residue LYS het=  resseq=576 icode= >,1pt3_A_A,2.5
1030,48.937,LYS, ,NZ,67.92,11.55,0.0,0.60,1.0,<Residue LYS het=  resseq=576 icode= >,1pt3_A_A,2.5
1031,25.614,LYS, ,OXT,61.52,13.56,0.0,2.25,1.0,<Residue LYS het=  resseq=576 icode= >,1pt3_A_A,2.5
