,ASA,aa,altloc,atom,bfac,d2r,dASA,dens,occ,residue,id,resolu
0,42.42,TYR, ,N,98.07,17.97,0.0,0.43,1.0,<Residue TYR het=  resseq=137 icode= >,1r71_B_A,2.2
1,1.01,TYR, ,CA,98.08,17.74,0.0,0.75,1.0,<Residue TYR het=  resseq=137 icode= >,1r71_B_A,2.2
2,4.191,TYR, ,C,97.41,18.81,2.148,1.57,1.0,<Residue TYR het=  resseq=137 icode= >,1r71_B_A,2.2
3,28.561,TYR, ,O,97.63,18.64,12.009,1.05,1.0,<Residue TYR het=  resseq=137 icode= >,1r71_B_A,2.2
4,27.131,TYR, ,CB,98.66,16.30,25.68,0.35,1.0,<Residue TYR het=  resseq=137 icode= >,1r71_B_A,2.2
5,2.164,TYR, ,CG,99.09,15.28,2.164,0.78,1.0,<Residue TYR het=  resseq=137 icode= >,1r71_B_A,2.2
6,25.995,TYR, ,CD1,99.74,14.42,17.071,0.46,1.0,<Residue TYR het=  resseq=137 icode= >,1r71_B_A,2.2
7,12.684,TYR, ,CD2,98.84,15.38,11.386,0.81,1.0,<Residue TYR het=  resseq=137 icode= >,1r71_B_A,2.2
8,34.555,TYR, ,CE1,98.48,13.63,7.685,0.68,1.0,<Residue TYR het=  resseq=137 icode= >,1r71_B_A,2.2
9,32.326,TYR, ,CE2,98.44,14.66,24.708,0.85,1.0,<Residue TYR het=  resseq=137 icode= >,1r71_B_A,2.2
10,10.555,TYR, ,CZ,97.85,13.76,5.458,1.29,1.0,<Residue TYR het=  resseq=137 icode= >,1r71_B_A,2.2
11,43.108,TYR, ,OH,95.71,13.17,25.734,0.69,1.0,<Residue TYR het=  resseq=137 icode= >,1r71_B_A,2.2
12,2.878,ASN, ,N,96.0,1000.00,0.0,1.25,1.0,<Residue ASN het=  resseq=138 icode= >,1r71_B_A,2.2
13,2.769,ASN, ,CA,94.6,1000.00,0.16,1.55,1.0,<Residue ASN het=  resseq=138 icode= >,1r71_B_A,2.2
14,0.742,ASN, ,C,92.7,1000.00,0.742,1.76,1.0,<Residue ASN het=  resseq=138 icode= >,1r71_B_A,2.2
15,0.0,ASN, ,O,92.74,1000.00,0.0,1.21,1.0,<Residue ASN het=  resseq=138 icode= >,1r71_B_A,2.2
16,16.758,ASN, ,CB,95.08,1000.00,0.0,0.96,1.0,<Residue ASN het=  resseq=138 icode= >,1r71_B_A,2.2
17,4.407,ASN, ,CG,95.97,1000.00,0.0,1.12,1.0,<Residue ASN het=  resseq=138 icode= >,1r71_B_A,2.2
18,8.782,ASN, ,OD1,95.87,1000.00,0.0,0.84,1.0,<Residue ASN het=  resseq=138 icode= >,1r71_B_A,2.2
19,48.476,ASN, ,ND2,96.97,1000.00,0.0,0.27,1.0,<Residue ASN het=  resseq=138 icode= >,1r71_B_A,2.2
20,5.175,GLU, ,N,90.22,18.31,3.115,1.32,1.0,<Residue GLU het=  resseq=139 icode= >,1r71_B_A,2.2
21,2.222,GLU, ,CA,87.66,17.17,2.222,1.78,1.0,<Residue GLU het=  resseq=139 icode= >,1r71_B_A,2.2
22,0.0,GLU, ,C,84.64,15.85,0.0,1.79,1.0,<Residue GLU het=  resseq=139 icode= >,1r71_B_A,2.2
23,0.3,GLU, ,O,83.44,14.81,0.0,1.41,1.0,<Residue GLU het=  resseq=139 icode= >,1r71_B_A,2.2
24,14.16,GLU, ,CB,87.94,17.48,0.668,1.06,1.0,<Residue GLU het=  resseq=139 icode= >,1r71_B_A,2.2
25,33.069,GLU, ,CG,90.25,17.45,27.064,0.39,1.0,<Residue GLU het=  resseq=139 icode= >,1r71_B_A,2.2
26,4.28,GLU, ,CD,92.66,16.94,3.653,0.87,1.0,<Residue GLU het=  resseq=139 icode= >,1r71_B_A,2.2
27,10.905,GLU, ,OE1,92.43,16.22,5.485,0.59,1.0,<Residue GLU het=  resseq=139 icode= >,1r71_B_A,2.2
28,2.709,GLU, ,OE2,92.63,17.38,0.0,0.37,1.0,<Residue GLU het=  resseq=139 icode= >,1r71_B_A,2.2
29,0.759,ALA, ,N,81.42,15.96,0.0,1.65,1.0,<Residue ALA het=  resseq=140 icode= >,1r71_B_A,2.2
30,0.0,ALA, ,CA,78.68,14.84,0.0,2.01,1.0,<Residue ALA het=  resseq=140 icode= >,1r71_B_A,2.2
31,0.0,ALA, ,C,77.03,14.34,0.0,2.14,1.0,<Residue ALA het=  resseq=140 icode= >,1r71_B_A,2.2
32,0.0,ALA, ,O,75.25,13.17,0.0,1.58,1.0,<Residue ALA het=  resseq=140 icode= >,1r71_B_A,2.2
33,18.537,ALA, ,CB,78.5,14.89,0.0,0.66,1.0,<Residue ALA het=  resseq=140 icode= >,1r71_B_A,2.2
34,0.0,ASP, ,N,75.1,15.30,0.0,2.11,1.0,<Residue ASP het=  resseq=141 icode= >,1r71_B_A,2.2
35,1.087,ASP, ,CA,74.38,15.12,0.0,2.38,1.0,<Residue ASP het=  resseq=141 icode= >,1r71_B_A,2.2
36,1.251,ASP, ,C,72.21,14.31,0.0,2.33,1.0,<Residue ASP het=  resseq=141 icode= >,1r71_B_A,2.2
37,4.456,ASP, ,O,71.9,13.50,0.0,1.49,1.0,<Residue ASP het=  resseq=141 icode= >,1r71_B_A,2.2
38,22.355,ASP, ,CB,76.33,16.51,0.0,1.00,1.0,<Residue ASP het=  resseq=141 icode= >,1r71_B_A,2.2
39,9.053,ASP, ,CG,80.27,17.02,0.0,1.35,1.0,<Residue ASP het=  resseq=141 icode= >,1r71_B_A,2.2
40,28.52,ASP, ,OD1,80.97,16.18,0.0,1.33,1.0,<Residue ASP het=  resseq=141 icode= >,1r71_B_A,2.2
41,22.926,ASP, ,OD2,84.11,18.16,0.0,0.74,1.0,<Residue ASP het=  resseq=141 icode= >,1r71_B_A,2.2
42,0.0,GLN, ,N,69.21,14.66,0.0,2.59,1.0,<Residue GLN het=  resseq=142 icode= >,1r71_B_A,2.2
43,0.082,GLN, ,CA,67.49,14.15,0.0,2.46,1.0,<Residue GLN het=  resseq=142 icode= >,1r71_B_A,2.2
44,0.0,GLN, ,C,63.97,12.70,0.0,2.65,1.0,<Residue GLN het=  resseq=142 icode= >,1r71_B_A,2.2
45,0.0,GLN, ,O,61.19,11.96,0.0,1.70,1.0,<Residue GLN het=  resseq=142 icode= >,1r71_B_A,2.2
46,8.43,GLN, ,CB,68.13,15.01,4.434,1.76,1.0,<Residue GLN het=  resseq=142 icode= >,1r71_B_A,2.2
47,16.915,GLN, ,CG,74.33,16.38,16.695,1.21,1.0,<Residue GLN het=  resseq=142 icode= >,1r71_B_A,2.2
48,5.946,GLN, ,CD,80.25,16.42,5.28,0.82,1.0,<Residue GLN het=  resseq=142 icode= >,1r71_B_A,2.2
49,20.39,GLN, ,OE1,83.27,17.44,7.771,0.83,1.0,<Residue GLN het=  resseq=142 icode= >,1r71_B_A,2.2
50,13.681,GLN, ,NE2,81.16,15.41,12.98,0.25,1.0,<Residue GLN het=  resseq=142 icode= >,1r71_B_A,2.2
51,0.0,VAL, ,N,60.28,12.41,0.0,2.16,1.0,<Residue VAL het=  resseq=143 icode= >,1r71_B_A,2.2
52,0.029,VAL, ,CA,57.01,11.10,0.0,2.26,1.0,<Residue VAL het=  resseq=143 icode= >,1r71_B_A,2.2
53,0.0,VAL, ,C,56.11,10.09,0.0,2.80,1.0,<Residue VAL het=  resseq=143 icode= >,1r71_B_A,2.2
54,0.0,VAL, ,O,55.71,9.00,0.0,1.60,1.0,<Residue VAL het=  resseq=143 icode= >,1r71_B_A,2.2
55,0.0,VAL, ,CB,54.87,11.23,0.0,2.40,1.0,<Residue VAL het=  resseq=143 icode= >,1r71_B_A,2.2
56,0.0,VAL, ,CG1,52.08,9.84,0.0,1.45,1.0,<Residue VAL het=  resseq=143 icode= >,1r71_B_A,2.2
57,12.253,VAL, ,CG2,54.79,12.09,0.0,1.03,1.0,<Residue VAL het=  resseq=143 icode= >,1r71_B_A,2.2
58,0.0,ILE, ,N,55.7,10.61,0.0,2.67,1.0,<Residue ILE het=  resseq=144 icode= >,1r71_B_A,2.2
59,0.0,ILE, ,CA,58.76,10.04,0.0,2.28,1.0,<Residue ILE het=  resseq=144 icode= >,1r71_B_A,2.2
60,0.0,ILE, ,C,60.29,9.78,0.0,2.86,1.0,<Residue ILE het=  resseq=144 icode= >,1r71_B_A,2.2
61,0.0,ILE, ,O,60.16,8.81,0.0,2.22,1.0,<Residue ILE het=  resseq=144 icode= >,1r71_B_A,2.2
62,0.16,ILE, ,CB,58.71,11.19,0.0,2.38,1.0,<Residue ILE het=  resseq=144 icode= >,1r71_B_A,2.2
63,1.397,ILE, ,CG1,61.58,10.86,0.0,1.89,1.0,<Residue ILE het=  resseq=144 icode= >,1r71_B_A,2.2
64,37.837,ILE, ,CG2,59.59,10.86,0.0,1.02,1.0,<Residue ILE het=  resseq=144 icode= >,1r71_B_A,2.2
65,22.494,ILE, ,CD1,63.49,12.01,0.0,0.66,1.0,<Residue ILE het=  resseq=144 icode= >,1r71_B_A,2.2
66,0.022,GLU, ,N,62.91,10.86,0.0,2.51,1.0,<Residue GLU het=  resseq=145 icode= >,1r71_B_A,2.2
67,4.076,GLU, ,CA,65.61,11.05,0.0,1.95,1.0,<Residue GLU het=  resseq=145 icode= >,1r71_B_A,2.2
68,0.0,GLU, ,C,64.51,10.14,0.0,2.78,1.0,<Residue GLU het=  resseq=145 icode= >,1r71_B_A,2.2
69,0.406,GLU, ,O,65.59,9.65,0.244,1.77,1.0,<Residue GLU het=  resseq=145 icode= >,1r71_B_A,2.2
70,3.666,GLU, ,CB,68.73,12.51,0.0,0.91,1.0,<Residue GLU het=  resseq=145 icode= >,1r71_B_A,2.2
71,26.563,GLU, ,CG,74.67,13.29,12.153,0.37,1.0,<Residue GLU het=  resseq=145 icode= >,1r71_B_A,2.2
72,10.772,GLU, ,CD,81.19,14.53,3.003,0.89,1.0,<Residue GLU het=  resseq=145 icode= >,1r71_B_A,2.2
73,16.591,GLU, ,OE1,84.29,15.03,10.816,0.64,1.0,<Residue GLU het=  resseq=145 icode= >,1r71_B_A,2.2
74,15.315,GLU, ,OE2,79.17,15.11,6.7,0.98,1.0,<Residue GLU het=  resseq=145 icode= >,1r71_B_A,2.2
75,0.0,ASN, ,N,62.69,10.11,0.0,2.39,1.0,<Residue ASN het=  resseq=146 icode= >,1r71_B_A,2.2
76,0.0,ASN, ,CA,61.91,9.67,0.0,1.81,1.0,<Residue ASN het=  resseq=146 icode= >,1r71_B_A,2.2
77,0.0,ASN, ,C,60.68,8.16,0.0,3.08,1.0,<Residue ASN het=  resseq=146 icode= >,1r71_B_A,2.2
78,0.0,ASN, ,O,57.27,7.71,0.0,2.23,1.0,<Residue ASN het=  resseq=146 icode= >,1r71_B_A,2.2
79,0.0,ASN, ,CB,62.54,10.41,0.0,1.14,1.0,<Residue ASN het=  resseq=146 icode= >,1r71_B_A,2.2
80,2.878,ASN, ,CG,59.34,11.89,2.878,2.28,1.0,<Residue ASN het=  resseq=146 icode= >,1r71_B_A,2.2
81,12.299,ASN, ,OD1,62.81,12.32,10.709,1.36,1.0,<Residue ASN het=  resseq=146 icode= >,1r71_B_A,2.2
82,24.278,ASN, ,ND2,61.58,12.79,14.746,1.15,1.0,<Residue ASN het=  resseq=146 icode= >,1r71_B_A,2.2
83,0.0,LEU, ,N,61.73,7.57,0.0,2.31,1.0,<Residue LEU het=  resseq=147 icode= >,1r71_B_A,2.2
84,0.292,LEU, ,CA,63.1,6.15,0.0,1.79,1.0,<Residue LEU het=  resseq=147 icode= >,1r71_B_A,2.2
85,0.0,LEU, ,C,64.01,5.83,0.0,2.59,1.0,<Residue LEU het=  resseq=147 icode= >,1r71_B_A,2.2
86,5.496,LEU, ,O,63.46,5.06,2.927,1.27,1.0,<Residue LEU het=  resseq=147 icode= >,1r71_B_A,2.2
87,0.0,LEU, ,CB,62.97,6.08,0.0,1.32,1.0,<Residue LEU het=  resseq=147 icode= >,1r71_B_A,2.2
88,0.0,LEU, ,CG,60.0,5.91,0.0,1.98,1.0,<Residue LEU het=  resseq=147 icode= >,1r71_B_A,2.2
89,0.0,LEU, ,CD1,58.89,6.42,0.0,1.19,1.0,<Residue LEU het=  resseq=147 icode= >,1r71_B_A,2.2
90,12.374,LEU, ,CD2,64.87,4.63,8.61,0.51,1.0,<Residue LEU het=  resseq=147 icode= >,1r71_B_A,2.2
91,0.0,GLN, ,N,66.96,6.79,0.0,2.10,1.0,<Residue GLN het=  resseq=148 icode= >,1r71_B_A,2.2
92,2.776,GLN, ,CA,70.29,6.99,0.979,1.62,1.0,<Residue GLN het=  resseq=148 icode= >,1r71_B_A,2.2
93,1.484,GLN, ,C,71.96,7.56,1.484,1.92,1.0,<Residue GLN het=  resseq=148 icode= >,1r71_B_A,2.2
94,27.555,GLN, ,O,71.81,7.69,27.555,1.25,1.0,<Residue GLN het=  resseq=148 icode= >,1r71_B_A,2.2
95,20.785,GLN, ,CB,71.39,8.07,12.834,1.01,1.0,<Residue GLN het=  resseq=148 icode= >,1r71_B_A,2.2
96,37.402,GLN, ,CG,72.25,7.72,6.414,1.07,1.0,<Residue GLN het=  resseq=148 icode= >,1r71_B_A,2.2
97,3.857,GLN, ,CD,73.87,6.72,0.0,1.36,1.0,<Residue GLN het=  resseq=148 icode= >,1r71_B_A,2.2
98,8.212,GLN, ,OE1,67.77,5.48,0.314,1.40,1.0,<Residue GLN het=  resseq=148 icode= >,1r71_B_A,2.2
99,11.772,GLN, ,NE2,71.37,7.45,0.0,1.09,1.0,<Residue GLN het=  resseq=148 icode= >,1r71_B_A,2.2
100,0.0,ARG, ,N,73.0,8.10,0.0,1.71,1.0,<Residue ARG het=  resseq=149 icode= >,1r71_B_A,2.2
101,8.143,ARG, ,CA,74.65,8.81,8.143,1.43,1.0,<Residue ARG het=  resseq=149 icode= >,1r71_B_A,2.2
102,1.977,ARG, ,C,74.86,8.12,1.972,1.97,1.0,<Residue ARG het=  resseq=149 icode= >,1r71_B_A,2.2
103,14.258,ARG, ,O,75.1,8.90,3.37,1.31,1.0,<Residue ARG het=  resseq=149 icode= >,1r71_B_A,2.2
104,3.645,ARG, ,CB,75.81,10.06,1.567,0.87,1.0,<Residue ARG het=  resseq=149 icode= >,1r71_B_A,2.2
105,15.47,ARG, ,CG,77.65,11.11,14.611,1.06,1.0,<Residue ARG het=  resseq=149 icode= >,1r71_B_A,2.2
106,3.369,ARG, ,CD,80.44,12.34,2.201,1.32,1.0,<Residue ARG het=  resseq=149 icode= >,1r71_B_A,2.2
107,2.314,ARG, ,NE,86.11,13.42,1.799,0.94,1.0,<Residue ARG het=  resseq=149 icode= >,1r71_B_A,2.2
108,8.255,ARG, ,CZ,87.74,14.55,7.107,1.09,1.0,<Residue ARG het=  resseq=149 icode= >,1r71_B_A,2.2
109,47.523,ARG, ,NH1,87.87,14.33,15.139,0.68,1.0,<Residue ARG het=  resseq=149 icode= >,1r71_B_A,2.2
110,46.003,ARG, ,NH2,90.29,15.37,29.896,0.49,1.0,<Residue ARG het=  resseq=149 icode= >,1r71_B_A,2.2
111,0.0,ASN, ,N,75.29,6.83,0.0,1.25,1.0,<Residue ASN het=  resseq=150 icode= >,1r71_B_A,2.2
112,4.595,ASN, ,CA,74.62,6.33,0.0,2.03,1.0,<Residue ASN het=  resseq=150 icode= >,1r71_B_A,2.2
113,0.249,ASN, ,C,72.08,7.42,0.0,2.72,1.0,<Residue ASN het=  resseq=150 icode= >,1r71_B_A,2.2
114,22.543,ASN, ,O,72.06,7.90,0.0,1.21,1.0,<Residue ASN het=  resseq=150 icode= >,1r71_B_A,2.2
115,18.991,ASN, ,CB,76.32,6.48,2.394,0.89,1.0,<Residue ASN het=  resseq=150 icode= >,1r71_B_A,2.2
116,7.908,ASN, ,CG,81.65,5.35,1.204,0.56,1.0,<Residue ASN het=  resseq=150 icode= >,1r71_B_A,2.2
117,38.21,ASN, ,OD1,85.61,5.23,7.899,0.46,1.0,<Residue ASN het=  resseq=150 icode= >,1r71_B_A,2.2
118,49.523,ASN, ,ND2,83.3,4.83,21.537,0.36,1.0,<Residue ASN het=  resseq=150 icode= >,1r71_B_A,2.2
119,0.0,GLU, ,N,68.65,8.06,0.0,2.50,1.0,<Residue GLU het=  resseq=151 icode= >,1r71_B_A,2.2
120,6.842,GLU, ,CA,67.8,9.33,0.0,1.88,1.0,<Residue GLU het=  resseq=151 icode= >,1r71_B_A,2.2
121,3.26,GLU, ,C,64.91,9.41,0.0,2.17,1.0,<Residue GLU het=  resseq=151 icode= >,1r71_B_A,2.2
122,17.954,GLU, ,O,64.11,10.56,12.992,1.86,1.0,<Residue GLU het=  resseq=151 icode= >,1r71_B_A,2.2
123,8.368,GLU, ,CB,67.69,10.49,6.702,1.60,1.0,<Residue GLU het=  resseq=151 icode= >,1r71_B_A,2.2
124,8.808,GLU, ,CG,71.87,10.90,0.0,1.26,1.0,<Residue GLU het=  resseq=151 icode= >,1r71_B_A,2.2
125,6.572,GLU, ,CD,73.13,11.67,5.41,1.57,1.0,<Residue GLU het=  resseq=151 icode= >,1r71_B_A,2.2
126,40.484,GLU, ,OE1,72.11,11.09,4.891,1.39,1.0,<Residue GLU het=  resseq=151 icode= >,1r71_B_A,2.2
127,22.662,GLU, ,OE2,74.28,11.59,19.866,1.20,1.0,<Residue GLU het=  resseq=151 icode= >,1r71_B_A,2.2
128,0.345,LEU, ,N,61.47,8.34,0.0,2.56,1.0,<Residue LEU het=  resseq=152 icode= >,1r71_B_A,2.2
129,0.0,LEU, ,CA,58.74,8.48,0.0,2.86,1.0,<Residue LEU het=  resseq=152 icode= >,1r71_B_A,2.2
130,2.253,LEU, ,C,55.91,7.84,0.0,3.48,1.0,<Residue LEU het=  resseq=152 icode= >,1r71_B_A,2.2
131,13.315,LEU, ,O,53.22,6.76,0.0,2.81,1.0,<Residue LEU het=  resseq=152 icode= >,1r71_B_A,2.2
132,0.673,LEU, ,CB,59.49,7.98,0.0,2.12,1.0,<Residue LEU het=  resseq=152 icode= >,1r71_B_A,2.2
133,1.593,LEU, ,CG,61.99,9.13,0.0,2.01,1.0,<Residue LEU het=  resseq=152 icode= >,1r71_B_A,2.2
134,19.606,LEU, ,CD1,61.45,10.49,8.122,0.82,1.0,<Residue LEU het=  resseq=152 icode= >,1r71_B_A,2.2
135,0.911,LEU, ,CD2,65.46,8.89,0.0,0.88,1.0,<Residue LEU het=  resseq=152 icode= >,1r71_B_A,2.2
136,0.222,THR, ,N,53.59,8.22,0.0,3.11,1.0,<Residue THR het=  resseq=153 icode= >,1r71_B_A,2.2
137,2.609,THR, ,CA,52.94,7.24,0.0,2.71,1.0,<Residue THR het=  resseq=153 icode= >,1r71_B_A,2.2
138,0.0,THR, ,C,52.35,6.95,0.0,2.90,1.0,<Residue THR het=  resseq=153 icode= >,1r71_B_A,2.2
139,0.0,THR, ,O,49.89,7.63,0.0,2.53,1.0,<Residue THR het=  resseq=153 icode= >,1r71_B_A,2.2
140,5.52,THR, ,CB,52.98,8.02,0.236,2.70,1.0,<Residue THR het=  resseq=153 icode= >,1r71_B_A,2.2
141,1.59,THR, ,OG1,52.36,9.24,1.59,1.97,1.0,<Residue THR het=  resseq=153 icode= >,1r71_B_A,2.2
142,58.1,THR, ,CG2,54.41,8.66,33.133,1.10,1.0,<Residue THR het=  resseq=153 icode= >,1r71_B_A,2.2
143,0.0,PRO, ,N,51.43,5.95,0.0,2.94,1.0,<Residue PRO het=  resseq=154 icode= >,1r71_B_A,2.2
144,0.142,PRO, ,CA,51.34,6.18,0.0,2.69,1.0,<Residue PRO het=  resseq=154 icode= >,1r71_B_A,2.2
145,0.0,PRO, ,C,50.86,7.65,0.0,3.28,1.0,<Residue PRO het=  resseq=154 icode= >,1r71_B_A,2.2
146,0.0,PRO, ,O,49.1,8.06,0.0,2.70,1.0,<Residue PRO het=  resseq=154 icode= >,1r71_B_A,2.2
147,0.122,PRO, ,CB,51.6,5.41,0.0,1.85,1.0,<Residue PRO het=  resseq=154 icode= >,1r71_B_A,2.2
148,18.006,PRO, ,CG,54.29,4.09,10.126,1.63,1.0,<Residue PRO het=  resseq=154 icode= >,1r71_B_A,2.2
149,26.324,PRO, ,CD,52.28,4.74,2.134,1.70,1.0,<Residue PRO het=  resseq=154 icode= >,1r71_B_A,2.2
150,0.39,ARG, ,N,50.67,8.24,0.0,3.12,1.0,<Residue ARG het=  resseq=155 icode= >,1r71_B_A,2.2
151,0.0,ARG, ,CA,53.13,9.68,0.0,2.69,1.0,<Residue ARG het=  resseq=155 icode= >,1r71_B_A,2.2
152,0.0,ARG, ,C,51.39,10.56,0.0,3.45,1.0,<Residue ARG het=  resseq=155 icode= >,1r71_B_A,2.2
153,0.0,ARG, ,O,49.31,11.50,0.0,2.54,1.0,<Residue ARG het=  resseq=155 icode= >,1r71_B_A,2.2
154,2.499,ARG, ,CB,54.78,10.26,0.146,2.06,1.0,<Residue ARG het=  resseq=155 icode= >,1r71_B_A,2.2
155,14.21,ARG, ,CG,66.38,11.72,0.0,0.66,1.0,<Residue ARG het=  resseq=155 icode= >,1r71_B_A,2.2
156,30.715,ARG, ,CD,75.0,12.60,15.061,0.80,1.0,<Residue ARG het=  resseq=155 icode= >,1r71_B_A,2.2
157,11.77,ARG, ,NE,81.33,11.97,11.256,1.04,1.0,<Residue ARG het=  resseq=155 icode= >,1r71_B_A,2.2
158,3.874,ARG, ,CZ,83.73,12.19,3.874,1.74,1.0,<Residue ARG het=  resseq=155 icode= >,1r71_B_A,2.2
159,29.256,ARG, ,NH1,85.16,13.03,13.299,0.83,1.0,<Residue ARG het=  resseq=155 icode= >,1r71_B_A,2.2
160,40.313,ARG, ,NH2,84.91,11.77,27.931,1.08,1.0,<Residue ARG het=  resseq=155 icode= >,1r71_B_A,2.2
161,0.0,GLU, ,N,50.27,10.32,0.0,3.19,1.0,<Residue GLU het=  resseq=156 icode= >,1r71_B_A,2.2
162,1.347,GLU, ,CA,49.84,10.81,0.21,3.41,1.0,<Residue GLU het=  resseq=156 icode= >,1r71_B_A,2.2
163,0.029,GLU, ,C,48.7,10.17,0.0,3.93,1.0,<Residue GLU het=  resseq=156 icode= >,1r71_B_A,2.2
164,5.327,GLU, ,O,48.29,10.96,0.0,3.00,1.0,<Residue GLU het=  resseq=156 icode= >,1r71_B_A,2.2
165,5.697,GLU, ,CB,50.55,10.80,0.0,2.13,1.0,<Residue GLU het=  resseq=156 icode= >,1r71_B_A,2.2
166,21.739,GLU, ,CG,55.71,11.75,18.824,1.31,1.0,<Residue GLU het=  resseq=156 icode= >,1r71_B_A,2.2
167,7.142,GLU, ,CD,55.5,11.71,6.982,3.47,1.0,<Residue GLU het=  resseq=156 icode= >,1r71_B_A,2.2
168,2.743,GLU, ,OE1,50.54,11.26,2.743,2.39,1.0,<Residue GLU het=  resseq=156 icode= >,1r71_B_A,2.2
169,35.372,GLU, ,OE2,62.18,12.36,35.372,1.56,1.0,<Residue GLU het=  resseq=156 icode= >,1r71_B_A,2.2
170,0.0,ILE, ,N,47.55,8.88,0.0,2.84,1.0,<Residue ILE het=  resseq=157 icode= >,1r71_B_A,2.2
171,0.246,ILE, ,CA,46.38,8.39,0.0,2.91,1.0,<Residue ILE het=  resseq=157 icode= >,1r71_B_A,2.2
172,0.0,ILE, ,C,43.48,9.17,0.0,3.83,1.0,<Residue ILE het=  resseq=157 icode= >,1r71_B_A,2.2
173,0.0,ILE, ,O,41.56,9.79,0.0,3.24,1.0,<Residue ILE het=  resseq=157 icode= >,1r71_B_A,2.2
174,0.0,ILE, ,CB,47.41,6.88,0.0,2.71,1.0,<Residue ILE het=  resseq=157 icode= >,1r71_B_A,2.2
175,0.0,ILE, ,CG1,52.22,6.33,0.0,1.32,1.0,<Residue ILE het=  resseq=157 icode= >,1r71_B_A,2.2
176,0.0,ILE, ,CG2,47.45,6.74,0.0,1.30,1.0,<Residue ILE het=  resseq=157 icode= >,1r71_B_A,2.2
177,10.063,ILE, ,CD1,55.7,4.89,4.163,0.84,1.0,<Residue ILE het=  resseq=157 icode= >,1r71_B_A,2.2
178,0.0,ALA, ,N,41.99,9.27,0.0,3.42,1.0,<Residue ALA het=  resseq=158 icode= >,1r71_B_A,2.2
179,0.0,ALA, ,CA,43.56,10.10,0.0,2.67,1.0,<Residue ALA het=  resseq=158 icode= >,1r71_B_A,2.2
180,0.0,ALA, ,C,45.7,11.54,0.0,3.06,1.0,<Residue ALA het=  resseq=158 icode= >,1r71_B_A,2.2
181,0.0,ALA, ,O,44.19,11.70,0.0,2.35,1.0,<Residue ALA het=  resseq=158 icode= >,1r71_B_A,2.2
182,0.854,ALA, ,CB,42.28,10.26,0.0,1.89,1.0,<Residue ALA het=  resseq=158 icode= >,1r71_B_A,2.2
183,0.0,ASP, ,N,45.81,12.08,0.0,2.77,1.0,<Residue ASP het=  resseq=159 icode= >,1r71_B_A,2.2
184,2.712,ASP, ,CA,47.63,13.47,0.432,2.68,1.0,<Residue ASP het=  resseq=159 icode= >,1r71_B_A,2.2
185,0.0,ASP, ,C,47.93,13.66,0.0,3.24,1.0,<Residue ASP het=  resseq=159 icode= >,1r71_B_A,2.2
186,2.454,ASP, ,O,49.14,14.29,0.0,2.33,1.0,<Residue ASP het=  resseq=159 icode= >,1r71_B_A,2.2
187,9.214,ASP, ,CB,47.44,13.93,6.961,1.97,1.0,<Residue ASP het=  resseq=159 icode= >,1r71_B_A,2.2
188,7.864,ASP, ,CG,52.89,14.45,7.864,2.54,1.0,<Residue ASP het=  resseq=159 icode= >,1r71_B_A,2.2
189,15.696,ASP, ,OD1,56.43,14.55,2.754,1.77,1.0,<Residue ASP het=  resseq=159 icode= >,1r71_B_A,2.2
190,24.3,ASP, ,OD2,58.4,14.68,23.446,1.41,1.0,<Residue ASP het=  resseq=159 icode= >,1r71_B_A,2.2
191,0.0,PHE, ,N,46.83,12.79,0.0,3.09,1.0,<Residue PHE het=  resseq=160 icode= >,1r71_B_A,2.2
192,0.0,PHE, ,CA,46.93,13.12,0.0,3.60,1.0,<Residue PHE het=  resseq=160 icode= >,1r71_B_A,2.2
193,0.0,PHE, ,C,48.5,13.09,0.0,3.58,1.0,<Residue PHE het=  resseq=160 icode= >,1r71_B_A,2.2
194,0.0,PHE, ,O,48.74,13.25,0.0,2.52,1.0,<Residue PHE het=  resseq=160 icode= >,1r71_B_A,2.2
195,3.842,PHE, ,CB,45.22,12.24,0.0,2.71,1.0,<Residue PHE het=  resseq=160 icode= >,1r71_B_A,2.2
196,0.0,PHE, ,CG,49.75,12.63,0.0,2.86,1.0,<Residue PHE het=  resseq=160 icode= >,1r71_B_A,2.2
197,0.0,PHE, ,CD1,55.48,13.88,0.0,1.80,1.0,<Residue PHE het=  resseq=160 icode= >,1r71_B_A,2.2
198,0.0,PHE, ,CD2,52.79,11.88,0.0,2.33,1.0,<Residue PHE het=  resseq=160 icode= >,1r71_B_A,2.2
199,0.527,PHE, ,CE1,57.66,14.40,0.0,1.37,1.0,<Residue PHE het=  resseq=160 icode= >,1r71_B_A,2.2
200,0.0,PHE, ,CE2,55.02,12.45,0.0,2.11,1.0,<Residue PHE het=  resseq=160 icode= >,1r71_B_A,2.2
201,0.0,PHE, ,CZ,55.43,13.68,0.0,1.90,1.0,<Residue PHE het=  resseq=160 icode= >,1r71_B_A,2.2
202,0.0,ILE, ,N,47.88,11.92,0.0,3.05,1.0,<Residue ILE het=  resseq=161 icode= >,1r71_B_A,2.2
203,0.0,ILE, ,CA,47.73,10.68,0.0,2.86,1.0,<Residue ILE het=  resseq=161 icode= >,1r71_B_A,2.2
204,0.0,ILE, ,C,47.69,10.74,0.0,3.90,1.0,<Residue ILE het=  resseq=161 icode= >,1r71_B_A,2.2
205,0.0,ILE, ,O,45.2,10.58,0.0,3.15,1.0,<Residue ILE het=  resseq=161 icode= >,1r71_B_A,2.2
206,0.0,ILE, ,CB,45.8,9.43,0.0,3.10,1.0,<Residue ILE het=  resseq=161 icode= >,1r71_B_A,2.2
207,0.0,ILE, ,CG1,43.75,9.59,0.0,2.75,1.0,<Residue ILE het=  resseq=161 icode= >,1r71_B_A,2.2
208,0.0,ILE, ,CG2,47.07,8.12,0.0,1.71,1.0,<Residue ILE het=  resseq=161 icode= >,1r71_B_A,2.2
209,0.0,ILE, ,CD1,44.67,9.06,0.0,2.15,1.0,<Residue ILE het=  resseq=161 icode= >,1r71_B_A,2.2
210,0.0,GLY, ,N,50.45,11.26,0.0,2.63,1.0,<Residue GLY het=  resseq=162 icode= >,1r71_B_A,2.2
211,10.14,GLY, ,CA,55.49,11.42,0.0,0.99,1.0,<Residue GLY het=  resseq=162 icode= >,1r71_B_A,2.2
212,6.575,GLY, ,C,56.95,12.48,0.0,2.53,1.0,<Residue GLY het=  resseq=162 icode= >,1r71_B_A,2.2
213,3.5,GLY, ,O,56.79,12.41,0.0,2.07,1.0,<Residue GLY het=  resseq=162 icode= >,1r71_B_A,2.2
214,1.66,ARG, ,N,59.19,13.57,0.0,2.24,1.0,<Residue ARG het=  resseq=163 icode= >,1r71_B_A,2.2
215,6.103,ARG, ,CA,61.35,14.68,0.0,2.39,1.0,<Residue ARG het=  resseq=163 icode= >,1r71_B_A,2.2
216,0.0,ARG, ,C,61.34,14.34,0.0,2.63,1.0,<Residue ARG het=  resseq=163 icode= >,1r71_B_A,2.2
217,0.36,ARG, ,O,63.59,14.88,0.0,1.33,1.0,<Residue ARG het=  resseq=163 icode= >,1r71_B_A,2.2
218,0.809,ARG, ,CB,62.67,15.80,0.0,1.68,1.0,<Residue ARG het=  resseq=163 icode= >,1r71_B_A,2.2
219,8.524,ARG, ,CG,70.09,17.08,0.805,0.57,1.0,<Residue ARG het=  resseq=163 icode= >,1r71_B_A,2.2
220,29.403,ARG, ,CD,74.26,18.34,13.142,0.83,1.0,<Residue ARG het=  resseq=163 icode= >,1r71_B_A,2.2
221,1.869,ARG, ,NE,78.91,17.61,1.869,1.07,1.0,<Residue ARG het=  resseq=163 icode= >,1r71_B_A,2.2
222,4.52,ARG, ,CZ,82.31,17.14,4.52,1.59,1.0,<Residue ARG het=  resseq=163 icode= >,1r71_B_A,2.2
223,37.609,ARG, ,NH1,82.69,17.79,35.396,0.88,1.0,<Residue ARG het=  resseq=163 icode= >,1r71_B_A,2.2
224,22.337,ARG, ,NH2,81.09,16.09,13.994,1.05,1.0,<Residue ARG het=  resseq=163 icode= >,1r71_B_A,2.2
225,0.0,GLU, ,N,59.51,13.41,0.0,2.51,1.0,<Residue GLU het=  resseq=164 icode= >,1r71_B_A,2.2
226,0.0,GLU, ,CA,58.97,13.11,0.0,2.54,1.0,<Residue GLU het=  resseq=164 icode= >,1r71_B_A,2.2
227,0.0,GLU, ,C,59.07,12.41,0.0,3.27,1.0,<Residue GLU het=  resseq=164 icode= >,1r71_B_A,2.2
228,0.0,GLU, ,O,60.17,12.31,0.0,2.26,1.0,<Residue GLU het=  resseq=164 icode= >,1r71_B_A,2.2
229,0.0,GLU, ,CB,57.63,12.43,0.0,2.34,1.0,<Residue GLU het=  resseq=164 icode= >,1r71_B_A,2.2
230,0.0,GLU, ,CG,56.02,13.33,0.0,2.51,1.0,<Residue GLU het=  resseq=164 icode= >,1r71_B_A,2.2
231,0.989,GLU, ,CD,59.47,14.68,0.0,2.99,1.0,<Residue GLU het=  resseq=164 icode= >,1r71_B_A,2.2
232,4.634,GLU, ,OE1,55.06,14.76,0.0,1.97,1.0,<Residue GLU het=  resseq=164 icode= >,1r71_B_A,2.2
233,2.341,GLU, ,OE2,64.08,15.54,0.0,1.38,1.0,<Residue GLU het=  resseq=164 icode= >,1r71_B_A,2.2
234,0.0,LEU, ,N,59.48,11.53,0.0,2.90,1.0,<Residue LEU het=  resseq=165 icode= >,1r71_B_A,2.2
235,0.0,LEU, ,CA,61.62,10.75,0.0,2.11,1.0,<Residue LEU het=  resseq=165 icode= >,1r71_B_A,2.2
236,1.565,LEU, ,C,63.24,11.74,0.0,2.30,1.0,<Residue LEU het=  resseq=165 icode= >,1r71_B_A,2.2
237,13.685,LEU, ,O,62.16,11.88,0.0,1.62,1.0,<Residue LEU het=  resseq=165 icode= >,1r71_B_A,2.2
238,11.967,LEU, ,CB,60.3,9.55,0.0,1.68,1.0,<Residue LEU het=  resseq=165 icode= >,1r71_B_A,2.2
239,0.0,LEU, ,CG,60.7,8.36,0.0,2.32,1.0,<Residue LEU het=  resseq=165 icode= >,1r71_B_A,2.2
240,12.872,LEU, ,CD1,61.26,7.49,0.0,1.15,1.0,<Residue LEU het=  resseq=165 icode= >,1r71_B_A,2.2
241,12.191,LEU, ,CD2,57.01,7.77,0.0,1.66,1.0,<Residue LEU het=  resseq=165 icode= >,1r71_B_A,2.2
242,0.794,ALA, ,N,64.92,12.58,0.0,1.96,1.0,<Residue ALA het=  resseq=166 icode= >,1r71_B_A,2.2
243,12.369,ALA, ,CA,66.91,13.75,0.0,1.40,1.0,<Residue ALA het=  resseq=166 icode= >,1r71_B_A,2.2
244,1.167,ALA, ,C,66.81,14.79,0.0,2.10,1.0,<Residue ALA het=  resseq=166 icode= >,1r71_B_A,2.2
245,29.72,ALA, ,O,68.04,15.57,0.0,1.02,1.0,<Residue ALA het=  resseq=166 icode= >,1r71_B_A,2.2
246,50.513,ALA, ,CB,67.2,14.50,0.0,0.74,1.0,<Residue ALA het=  resseq=166 icode= >,1r71_B_A,2.2
247,0.0,LYS, ,N,66.53,14.71,0.0,2.36,1.0,<Residue LYS het=  resseq=167 icode= >,1r71_B_A,2.2
248,8.147,LYS, ,CA,66.93,14.97,0.0,2.62,1.0,<Residue LYS het=  resseq=167 icode= >,1r71_B_A,2.2
249,4.36,LYS, ,C,65.94,13.84,0.0,2.73,1.0,<Residue LYS het=  resseq=167 icode= >,1r71_B_A,2.2
250,23.723,LYS, ,O,67.32,13.95,0.0,1.54,1.0,<Residue LYS het=  resseq=167 icode= >,1r71_B_A,2.2
251,6.202,LYS, ,CB,67.72,15.34,0.0,1.59,1.0,<Residue LYS het=  resseq=167 icode= >,1r71_B_A,2.2
252,19.404,LYS, ,CG,71.23,16.72,0.0,1.19,1.0,<Residue LYS het=  resseq=167 icode= >,1r71_B_A,2.2
253,13.152,LYS, ,CD,73.12,17.12,0.0,1.17,1.0,<Residue LYS het=  resseq=167 icode= >,1r71_B_A,2.2
254,24.98,LYS, ,CE,77.09,18.46,0.0,0.79,1.0,<Residue LYS het=  resseq=167 icode= >,1r71_B_A,2.2
255,38.216,LYS, ,NZ,78.37,18.96,0.0,0.38,1.0,<Residue LYS het=  resseq=167 icode= >,1r71_B_A,2.2
256,0.23,GLY, ,N,65.77,12.85,0.0,2.29,1.0,<Residue GLY het=  resseq=168 icode= >,1r71_B_A,2.2
257,33.052,GLY, ,CA,64.55,11.81,0.0,1.65,1.0,<Residue GLY het=  resseq=168 icode= >,1r71_B_A,2.2
258,4.117,GLY, ,C,63.43,10.62,0.0,2.48,1.0,<Residue GLY het=  resseq=168 icode= >,1r71_B_A,2.2
259,21.054,GLY, ,O,62.81,9.89,0.0,1.66,1.0,<Residue GLY het=  resseq=168 icode= >,1r71_B_A,2.2
260,0.0,LYS, ,N,62.65,10.54,0.0,1.51,1.0,<Residue LYS het=  resseq=169 icode= >,1r71_B_A,2.2
261,4.628,LYS, ,CA,59.94,9.57,0.0,2.30,1.0,<Residue LYS het=  resseq=169 icode= >,1r71_B_A,2.2
262,0.0,LYS, ,C,56.15,8.20,0.0,3.42,1.0,<Residue LYS het=  resseq=169 icode= >,1r71_B_A,2.2
263,4.953,LYS, ,O,52.73,8.23,0.0,2.55,1.0,<Residue LYS het=  resseq=169 icode= >,1r71_B_A,2.2
264,0.0,LYS, ,CB,60.72,10.25,0.0,1.45,1.0,<Residue LYS het=  resseq=169 icode= >,1r71_B_A,2.2
265,2.993,LYS, ,CG,63.36,11.61,0.0,1.16,1.0,<Residue LYS het=  resseq=169 icode= >,1r71_B_A,2.2
266,23.46,LYS, ,CD,64.94,11.72,0.0,1.12,1.0,<Residue LYS het=  resseq=169 icode= >,1r71_B_A,2.2
267,22.722,LYS, ,CE,68.04,12.92,0.0,0.97,1.0,<Residue LYS het=  resseq=169 icode= >,1r71_B_A,2.2
268,19.599,LYS, ,NZ,66.03,14.06,0.0,0.96,1.0,<Residue LYS het=  resseq=169 icode= >,1r71_B_A,2.2
269,0.772,LYS, ,N,54.35,7.16,0.0,3.04,1.0,<Residue LYS het=  resseq=170 icode= >,1r71_B_A,2.2
270,2.41,LYS, ,CA,54.47,5.83,0.0,2.63,1.0,<Residue LYS het=  resseq=170 icode= >,1r71_B_A,2.2
271,0.0,LYS, ,C,51.89,5.84,0.0,3.23,1.0,<Residue LYS het=  resseq=170 icode= >,1r71_B_A,2.2
272,0.0,LYS, ,O,51.63,6.46,0.0,2.11,1.0,<Residue LYS het=  resseq=170 icode= >,1r71_B_A,2.2
273,15.149,LYS, ,CB,55.65,4.79,9.416,2.19,1.0,<Residue LYS het=  resseq=170 icode= >,1r71_B_A,2.2
274,10.647,LYS, ,CG,60.55,5.43,0.02,1.12,1.0,<Residue LYS het=  resseq=170 icode= >,1r71_B_A,2.2
275,28.788,LYS, ,CD,65.2,5.38,2.716,0.69,1.0,<Residue LYS het=  resseq=170 icode= >,1r71_B_A,2.2
276,46.054,LYS, ,CE,66.1,6.32,0.0,0.59,1.0,<Residue LYS het=  resseq=170 icode= >,1r71_B_A,2.2
277,43.757,LYS, ,NZ,64.15,6.59,0.0,0.57,1.0,<Residue LYS het=  resseq=170 icode= >,1r71_B_A,2.2
278,3.474,LYS, ,N,47.53,5.59,0.327,3.28,1.0,<Residue LYS het=  resseq=171 icode= >,1r71_B_A,2.2
279,0.0,LYS, ,CA,45.52,5.89,0.0,2.98,1.0,<Residue LYS het=  resseq=171 icode= >,1r71_B_A,2.2
280,0.159,LYS, ,C,44.09,6.04,0.0,3.83,1.0,<Residue LYS het=  resseq=171 icode= >,1r71_B_A,2.2
281,0.0,LYS, ,O,41.1,7.02,0.0,3.23,1.0,<Residue LYS het=  resseq=171 icode= >,1r71_B_A,2.2
282,14.691,LYS, ,CB,43.2,4.45,3.298,2.45,1.0,<Residue LYS het=  resseq=171 icode= >,1r71_B_A,2.2
283,0.844,LYS, ,CG,41.37,4.27,0.0,2.35,1.0,<Residue LYS het=  resseq=171 icode= >,1r71_B_A,2.2
284,25.53,LYS, ,CD,39.16,3.30,16.663,2.78,1.0,<Residue LYS het=  resseq=171 icode= >,1r71_B_A,2.2
285,15.885,LYS, ,CE,35.65,3.33,0.312,2.53,1.0,<Residue LYS het=  resseq=171 icode= >,1r71_B_A,2.2
286,43.976,LYS, ,NZ,37.27,2.43,16.749,1.77,1.0,<Residue LYS het=  resseq=171 icode= >,1r71_B_A,2.2
287,6.147,GLY, ,N,43.82,4.97,4.774,3.30,1.0,<Residue GLY het=  resseq=172 icode= >,1r71_B_A,2.2
288,25.923,GLY, ,CA,42.8,5.16,10.414,2.98,1.0,<Residue GLY het=  resseq=172 icode= >,1r71_B_A,2.2
289,1.158,GLY, ,C,45.04,6.26,0.0,3.38,1.0,<Residue GLY het=  resseq=172 icode= >,1r71_B_A,2.2
290,0.769,GLY, ,O,44.78,7.11,0.0,2.75,1.0,<Residue GLY het=  resseq=172 icode= >,1r71_B_A,2.2
291,0.451,ASP, ,N,44.87,6.47,0.0,3.03,1.0,<Residue ASP het=  resseq=173 icode= >,1r71_B_A,2.2
292,0.318,ASP, ,CA,47.08,7.75,0.0,3.06,1.0,<Residue ASP het=  resseq=173 icode= >,1r71_B_A,2.2
293,0.0,ASP, ,C,45.56,8.89,0.0,3.65,1.0,<Residue ASP het=  resseq=173 icode= >,1r71_B_A,2.2
294,2.882,ASP, ,O,45.75,10.02,0.0,2.74,1.0,<Residue ASP het=  resseq=173 icode= >,1r71_B_A,2.2
295,9.739,ASP, ,CB,46.88,7.90,0.0,2.23,1.0,<Residue ASP het=  resseq=173 icode= >,1r71_B_A,2.2
296,10.338,ASP, ,CG,52.4,7.34,0.0,2.91,1.0,<Residue ASP het=  resseq=173 icode= >,1r71_B_A,2.2
297,24.639,ASP, ,OD1,56.69,6.72,0.0,2.51,1.0,<Residue ASP het=  resseq=173 icode= >,1r71_B_A,2.2
298,27.874,ASP, ,OD2,55.32,7.33,0.0,1.96,1.0,<Residue ASP het=  resseq=173 icode= >,1r71_B_A,2.2
299,0.0,ILE, ,N,44.31,8.78,0.0,2.91,1.0,<Residue ILE het=  resseq=174 icode= >,1r71_B_A,2.2
300,0.0,ILE, ,CA,45.35,10.01,0.0,2.82,1.0,<Residue ILE het=  resseq=174 icode= >,1r71_B_A,2.2
301,0.0,ILE, ,C,45.41,9.73,0.0,3.96,1.0,<Residue ILE het=  resseq=174 icode= >,1r71_B_A,2.2
302,0.0,ILE, ,O,46.41,9.49,0.0,2.86,1.0,<Residue ILE het=  resseq=174 icode= >,1r71_B_A,2.2
303,0.0,ILE, ,CB,45.42,9.31,0.0,2.70,1.0,<Residue ILE het=  resseq=174 icode= >,1r71_B_A,2.2
304,0.0,ILE, ,CG1,43.8,9.68,0.0,2.22,1.0,<Residue ILE het=  resseq=174 icode= >,1r71_B_A,2.2
305,0.0,ILE, ,CG2,47.61,9.97,0.0,1.69,1.0,<Residue ILE het=  resseq=174 icode= >,1r71_B_A,2.2
306,0.0,ILE, ,CD1,44.54,8.83,0.0,1.52,1.0,<Residue ILE het=  resseq=174 icode= >,1r71_B_A,2.2
307,0.0,ALA, ,N,45.66,9.02,0.0,3.38,1.0,<Residue ALA het=  resseq=175 icode= >,1r71_B_A,2.2
308,0.0,ALA, ,CA,46.07,7.71,0.0,3.68,1.0,<Residue ALA het=  resseq=175 icode= >,1r71_B_A,2.2
309,0.0,ALA, ,C,49.09,7.99,0.0,3.82,1.0,<Residue ALA het=  resseq=175 icode= >,1r71_B_A,2.2
310,0.0,ALA, ,O,49.16,7.38,0.0,2.64,1.0,<Residue ALA het=  resseq=175 icode= >,1r71_B_A,2.2
311,0.693,ALA, ,CB,46.38,7.35,0.0,2.25,1.0,<Residue ALA het=  resseq=175 icode= >,1r71_B_A,2.2
312,0.0,LYS, ,N,49.33,9.09,0.0,3.00,1.0,<Residue LYS het=  resseq=176 icode= >,1r71_B_A,2.2
313,5.185,LYS, ,CA,51.23,9.45,0.0,3.34,1.0,<Residue LYS het=  resseq=176 icode= >,1r71_B_A,2.2
314,1.375,LYS, ,C,51.15,9.85,0.0,3.31,1.0,<Residue LYS het=  resseq=176 icode= >,1r71_B_A,2.2
315,17.494,LYS, ,O,50.26,9.63,0.0,2.41,1.0,<Residue LYS het=  resseq=176 icode= >,1r71_B_A,2.2
316,17.986,LYS, ,CB,54.25,10.34,0.0,1.81,1.0,<Residue LYS het=  resseq=176 icode= >,1r71_B_A,2.2
317,17.131,LYS, ,CG,60.51,9.32,0.0,1.43,1.0,<Residue LYS het=  resseq=176 icode= >,1r71_B_A,2.2
318,19.966,LYS, ,CD,67.17,8.42,0.0,0.98,1.0,<Residue LYS het=  resseq=176 icode= >,1r71_B_A,2.2
319,46.497,LYS, ,CE,70.0,7.93,0.0,0.91,1.0,<Residue LYS het=  resseq=176 icode= >,1r71_B_A,2.2
320,40.253,LYS, ,NZ,70.83,6.60,0.0,0.56,1.0,<Residue LYS het=  resseq=176 icode= >,1r71_B_A,2.2
321,0.568,GLU, ,N,51.97,10.62,0.0,2.49,1.0,<Residue GLU het=  resseq=177 icode= >,1r71_B_A,2.2
322,10.665,GLU, ,CA,51.95,11.27,0.0,3.01,1.0,<Residue GLU het=  resseq=177 icode= >,1r71_B_A,2.2
323,0.0,GLU, ,C,52.84,10.42,0.0,3.12,1.0,<Residue GLU het=  resseq=177 icode= >,1r71_B_A,2.2
324,8.317,GLU, ,O,54.25,10.90,0.0,1.93,1.0,<Residue GLU het=  resseq=177 icode= >,1r71_B_A,2.2
325,19.519,GLU, ,CB,51.1,12.52,0.0,2.42,1.0,<Residue GLU het=  resseq=177 icode= >,1r71_B_A,2.2
326,0.0,GLU, ,CG,56.52,12.37,0.0,2.12,1.0,<Residue GLU het=  resseq=177 icode= >,1r71_B_A,2.2
327,0.0,GLU, ,CD,62.74,13.66,0.0,2.63,1.0,<Residue GLU het=  resseq=177 icode= >,1r71_B_A,2.2
328,11.191,GLU, ,OE1,72.66,13.80,0.0,1.01,1.0,<Residue GLU het=  resseq=177 icode= >,1r71_B_A,2.2
329,0.0,GLU, ,OE2,63.68,13.77,0.0,1.80,1.0,<Residue GLU het=  resseq=177 icode= >,1r71_B_A,2.2
330,0.0,ILE, ,N,51.39,9.27,0.0,2.67,1.0,<Residue ILE het=  resseq=178 icode= >,1r71_B_A,2.2
331,0.0,ILE, ,CA,50.38,8.57,0.0,2.94,1.0,<Residue ILE het=  resseq=178 icode= >,1r71_B_A,2.2
332,1.292,ILE, ,C,50.03,7.27,0.0,3.41,1.0,<Residue ILE het=  resseq=178 icode= >,1r71_B_A,2.2
333,1.377,ILE, ,O,52.52,6.64,0.0,2.04,1.0,<Residue ILE het=  resseq=178 icode= >,1r71_B_A,2.2
334,0.0,ILE, ,CB,48.81,8.61,0.0,2.99,1.0,<Residue ILE het=  resseq=178 icode= >,1r71_B_A,2.2
335,0.0,ILE, ,CG1,48.04,7.57,0.0,2.33,1.0,<Residue ILE het=  resseq=178 icode= >,1r71_B_A,2.2
336,0.0,ILE, ,CG2,51.31,9.97,0.0,1.58,1.0,<Residue ILE het=  resseq=178 icode= >,1r71_B_A,2.2
337,0.0,ILE, ,CD1,46.58,7.61,0.0,1.32,1.0,<Residue ILE het=  resseq=178 icode= >,1r71_B_A,2.2
338,1.91,GLY, ,N,48.4,7.12,0.0,3.14,1.0,<Residue GLY het=  resseq=179 icode= >,1r71_B_A,2.2
339,34.31,GLY, ,CA,46.54,6.15,0.0,2.32,1.0,<Residue GLY het=  resseq=179 icode= >,1r71_B_A,2.2
340,3.363,GLY, ,C,46.64,4.67,0.0,3.60,1.0,<Residue GLY het=  resseq=179 icode= >,1r71_B_A,2.2
341,25.802,GLY, ,O,47.2,3.85,2.747,2.85,1.0,<Residue GLY het=  resseq=179 icode= >,1r71_B_A,2.2
342,0.0,LYS, ,N,43.29,4.62,0.0,3.37,1.0,<Residue LYS het=  resseq=180 icode= >,1r71_B_A,2.2
343,3.113,LYS, ,CA,41.13,3.58,2.569,3.05,1.0,<Residue LYS het=  resseq=180 icode= >,1r71_B_A,2.2
344,3.84,LYS, ,C,40.37,3.83,0.339,3.69,1.0,<Residue LYS het=  resseq=180 icode= >,1r71_B_A,2.2
345,8.197,LYS, ,O,37.8,5.02,0.0,2.81,1.0,<Residue LYS het=  resseq=180 icode= >,1r71_B_A,2.2
346,0.0,LYS, ,CB,41.43,3.45,0.0,2.68,1.0,<Residue LYS het=  resseq=180 icode= >,1r71_B_A,2.2
347,0.0,LYS, ,CG,42.26,4.09,0.0,2.23,1.0,<Residue LYS het=  resseq=180 icode= >,1r71_B_A,2.2
348,13.573,LYS, ,CD,49.13,3.26,13.573,1.86,1.0,<Residue LYS het=  resseq=180 icode= >,1r71_B_A,2.2
349,2.453,LYS, ,CE,50.22,4.23,1.337,1.83,1.0,<Residue LYS het=  resseq=180 icode= >,1r71_B_A,2.2
350,34.932,LYS, ,NZ,56.89,4.14,14.924,1.11,1.0,<Residue LYS het=  resseq=180 icode= >,1r71_B_A,2.2
351,3.735,SER, ,N,36.81,2.94,3.729,4.14,1.0,<Residue SER het=  resseq=181 icode= >,1r71_B_A,2.2
352,4.191,SER, ,CA,32.57,3.68,0.0,3.83,1.0,<Residue SER het=  resseq=181 icode= >,1r71_B_A,2.2
353,0.0,SER, ,C,33.89,4.59,0.0,4.34,1.0,<Residue SER het=  resseq=181 icode= >,1r71_B_A,2.2
354,0.0,SER, ,O,34.79,4.54,0.0,3.53,1.0,<Residue SER het=  resseq=181 icode= >,1r71_B_A,2.2
355,37.896,SER, ,CB,30.66,3.12,36.63,4.04,1.0,<Residue SER het=  resseq=181 icode= >,1r71_B_A,2.2
356,10.514,SER, ,OG,30.0,2.54,10.514,3.58,1.0,<Residue SER het=  resseq=181 icode= >,1r71_B_A,2.2
357,0.0,PRO, ,N,33.86,5.02,0.0,3.49,1.0,<Residue PRO het=  resseq=182 icode= >,1r71_B_A,2.2
358,0.995,PRO, ,CA,32.84,3.87,0.0,3.27,1.0,<Residue PRO het=  resseq=182 icode= >,1r71_B_A,2.2
359,1.212,PRO, ,C,32.05,3.32,1.212,4.38,1.0,<Residue PRO het=  resseq=182 icode= >,1r71_B_A,2.2
360,2.648,PRO, ,O,30.44,3.49,2.01,3.70,1.0,<Residue PRO het=  resseq=182 icode= >,1r71_B_A,2.2
361,31.658,PRO, ,CB,34.44,3.28,20.62,2.75,1.0,<Residue PRO het=  resseq=182 icode= >,1r71_B_A,2.2
362,33.651,PRO, ,CG,37.12,4.70,0.0,2.61,1.0,<Residue PRO het=  resseq=182 icode= >,1r71_B_A,2.2
363,24.199,PRO, ,CD,35.08,5.45,4.144,2.59,1.0,<Residue PRO het=  resseq=182 icode= >,1r71_B_A,2.2
364,3.134,ALA, ,N,29.65,3.53,1.663,3.89,1.0,<Residue ALA het=  resseq=183 icode= >,1r71_B_A,2.2
365,3.89,ALA, ,CA,30.22,3.77,3.89,3.34,1.0,<Residue ALA het=  resseq=183 icode= >,1r71_B_A,2.2
366,0.169,ALA, ,C,28.58,3.59,0.169,5.24,1.0,<Residue ALA het=  resseq=183 icode= >,1r71_B_A,2.2
367,0.321,ALA, ,O,26.27,3.95,0.321,3.77,1.0,<Residue ALA het=  resseq=183 icode= >,1r71_B_A,2.2
368,56.821,ALA, ,CB,29.18,3.14,56.396,2.29,1.0,<Residue ALA het=  resseq=183 icode= >,1r71_B_A,2.2
369,0.551,PHE, ,N,29.72,3.33,0.551,4.29,1.0,<Residue PHE het=  resseq=184 icode= >,1r71_B_A,2.2
370,2.771,PHE, ,CA,29.84,3.67,2.771,3.41,1.0,<Residue PHE het=  resseq=184 icode= >,1r71_B_A,2.2
371,0.0,PHE, ,C,29.27,5.06,0.0,5.12,1.0,<Residue PHE het=  resseq=184 icode= >,1r71_B_A,2.2
372,0.0,PHE, ,O,29.74,5.66,0.0,3.99,1.0,<Residue PHE het=  resseq=184 icode= >,1r71_B_A,2.2
373,4.527,PHE, ,CB,29.93,3.16,4.527,2.44,1.0,<Residue PHE het=  resseq=184 icode= >,1r71_B_A,2.2
374,0.0,PHE, ,CG,36.08,3.64,0.0,3.21,1.0,<Residue PHE het=  resseq=184 icode= >,1r71_B_A,2.2
375,15.309,PHE, ,CD1,39.46,3.56,13.972,2.41,1.0,<Residue PHE het=  resseq=184 icode= >,1r71_B_A,2.2
376,0.0,PHE, ,CD2,36.67,4.71,0.0,2.41,1.0,<Residue PHE het=  resseq=184 icode= >,1r71_B_A,2.2
377,13.315,PHE, ,CE1,37.38,3.42,13.315,3.23,1.0,<Residue PHE het=  resseq=184 icode= >,1r71_B_A,2.2
378,0.0,PHE, ,CE2,33.4,5.52,0.0,2.80,1.0,<Residue PHE het=  resseq=184 icode= >,1r71_B_A,2.2
379,0.0,PHE, ,CZ,37.9,4.32,0.0,2.93,1.0,<Residue PHE het=  resseq=184 icode= >,1r71_B_A,2.2
380,0.0,ILE, ,N,28.59,5.85,0.0,4.45,1.0,<Residue ILE het=  resseq=185 icode= >,1r71_B_A,2.2
381,0.0,ILE, ,CA,29.96,5.58,0.0,3.54,1.0,<Residue ILE het=  resseq=185 icode= >,1r71_B_A,2.2
382,0.0,ILE, ,C,30.75,4.75,0.0,4.85,1.0,<Residue ILE het=  resseq=185 icode= >,1r71_B_A,2.2
383,0.0,ILE, ,O,32.61,5.24,0.0,3.94,1.0,<Residue ILE het=  resseq=185 icode= >,1r71_B_A,2.2
384,0.414,ILE, ,CB,31.63,5.19,0.014,3.26,1.0,<Residue ILE het=  resseq=185 icode= >,1r71_B_A,2.2
385,0.0,ILE, ,CG1,29.52,6.60,0.0,3.20,1.0,<Residue ILE het=  resseq=185 icode= >,1r71_B_A,2.2
386,0.835,ILE, ,CG2,33.06,4.77,0.835,1.76,1.0,<Residue ILE het=  resseq=185 icode= >,1r71_B_A,2.2
387,0.0,ILE, ,CD1,36.72,7.57,0.0,2.33,1.0,<Residue ILE het=  resseq=185 icode= >,1r71_B_A,2.2
388,0.14,THR, ,N,31.88,4.09,0.14,3.83,1.0,<Residue THR het=  resseq=186 icode= >,1r71_B_A,2.2
389,2.026,THR, ,CA,33.87,3.82,2.026,3.18,1.0,<Residue THR het=  resseq=186 icode= >,1r71_B_A,2.2
390,0.0,THR, ,C,35.84,5.15,0.0,3.71,1.0,<Residue THR het=  resseq=186 icode= >,1r71_B_A,2.2
391,0.299,THR, ,O,36.99,5.50,0.0,3.13,1.0,<Residue THR het=  resseq=186 icode= >,1r71_B_A,2.2
392,4.578,THR, ,CB,34.36,3.43,4.578,3.84,1.0,<Residue THR het=  resseq=186 icode= >,1r71_B_A,2.2
393,22.226,THR, ,OG1,31.76,2.76,22.226,3.29,1.0,<Residue THR het=  resseq=186 icode= >,1r71_B_A,2.2
394,54.537,THR, ,CG2,38.49,3.49,46.003,1.49,1.0,<Residue THR het=  resseq=186 icode= >,1r71_B_A,2.2
395,0.0,GLN, ,N,34.23,5.28,0.0,3.02,1.0,<Residue GLN het=  resseq=187 icode= >,1r71_B_A,2.2
396,0.011,GLN, ,CA,31.86,6.20,0.0,3.19,1.0,<Residue GLN het=  resseq=187 icode= >,1r71_B_A,2.2
397,0.0,GLN, ,C,31.27,7.58,0.0,5.06,1.0,<Residue GLN het=  resseq=187 icode= >,1r71_B_A,2.2
398,0.0,GLN, ,O,32.83,8.30,0.0,3.95,1.0,<Residue GLN het=  resseq=187 icode= >,1r71_B_A,2.2
399,0.0,GLN, ,CB,29.3,5.21,0.0,3.05,1.0,<Residue GLN het=  resseq=187 icode= >,1r71_B_A,2.2
400,7.999,GLN, ,CG,29.17,4.19,3.853,3.01,1.0,<Residue GLN het=  resseq=187 icode= >,1r71_B_A,2.2
401,4.159,GLN, ,CD,33.3,3.65,4.159,4.73,1.0,<Residue GLN het=  resseq=187 icode= >,1r71_B_A,2.2
402,19.619,GLN, ,OE1,32.56,3.40,17.022,3.03,1.0,<Residue GLN het=  resseq=187 icode= >,1r71_B_A,2.2
403,19.033,GLN, ,NE2,24.79,3.39,17.375,3.52,1.0,<Residue GLN het=  resseq=187 icode= >,1r71_B_A,2.2
404,0.0,HIS, ,N,31.86,7.64,0.0,4.09,1.0,<Residue HIS het=  resseq=188 icode= >,1r71_B_A,2.2
405,0.0,HIS, ,CA,35.83,7.87,0.0,3.49,1.0,<Residue HIS het=  resseq=188 icode= >,1r71_B_A,2.2
406,0.0,HIS, ,C,38.32,8.39,0.0,3.74,1.0,<Residue HIS het=  resseq=188 icode= >,1r71_B_A,2.2
407,0.0,HIS, ,O,39.87,9.40,0.0,2.46,1.0,<Residue HIS het=  resseq=188 icode= >,1r71_B_A,2.2
408,0.0,HIS, ,CB,36.0,7.21,0.0,2.79,1.0,<Residue HIS het=  resseq=188 icode= >,1r71_B_A,2.2
409,0.0,HIS, ,CG,39.97,5.72,0.0,3.33,1.0,<Residue HIS het=  resseq=188 icode= >,1r71_B_A,2.2
410,0.0,HIS, ,ND1,45.86,5.31,0.0,2.38,1.0,<Residue HIS het=  resseq=188 icode= >,1r71_B_A,2.2
411,0.0,HIS, ,CD2,34.75,4.77,0.0,3.00,1.0,<Residue HIS het=  resseq=188 icode= >,1r71_B_A,2.2
412,7.039,HIS, ,CE1,41.77,4.01,3.163,2.78,1.0,<Residue HIS het=  resseq=188 icode= >,1r71_B_A,2.2
413,5.855,HIS, ,NE2,41.95,3.53,3.447,3.24,1.0,<Residue HIS het=  resseq=188 icode= >,1r71_B_A,2.2
414,0.0,VAL, ,N,38.09,7.16,0.0,3.30,1.0,<Residue VAL het=  resseq=189 icode= >,1r71_B_A,2.2
415,0.0,VAL, ,CA,39.22,6.90,0.0,3.26,1.0,<Residue VAL het=  resseq=189 icode= >,1r71_B_A,2.2
416,0.0,VAL, ,C,39.78,7.20,0.0,4.07,1.0,<Residue VAL het=  resseq=189 icode= >,1r71_B_A,2.2
417,1.77,VAL, ,O,40.96,7.81,0.0,2.63,1.0,<Residue VAL het=  resseq=189 icode= >,1r71_B_A,2.2
418,1.124,VAL, ,CB,38.74,5.47,0.692,3.29,1.0,<Residue VAL het=  resseq=189 icode= >,1r71_B_A,2.2
419,32.765,VAL, ,CG1,41.1,5.14,2.352,1.28,1.0,<Residue VAL het=  resseq=189 icode= >,1r71_B_A,2.2
420,0.0,VAL, ,CG2,38.59,5.62,0.0,2.04,1.0,<Residue VAL het=  resseq=189 icode= >,1r71_B_A,2.2
421,0.287,THR, ,N,38.41,7.17,0.0,3.65,1.0,<Residue THR het=  resseq=190 icode= >,1r71_B_A,2.2
422,9.352,THR, ,CA,39.68,7.60,0.0,3.26,1.0,<Residue THR het=  resseq=190 icode= >,1r71_B_A,2.2
423,0.0,THR, ,C,42.47,9.00,0.0,3.58,1.0,<Residue THR het=  resseq=190 icode= >,1r71_B_A,2.2
424,1.082,THR, ,O,43.26,9.34,0.0,2.53,1.0,<Residue THR het=  resseq=190 icode= >,1r71_B_A,2.2
425,0.0,THR, ,CB,40.14,6.85,0.0,3.27,1.0,<Residue THR het=  resseq=190 icode= >,1r71_B_A,2.2
426,9.592,THR, ,OG1,40.57,5.53,0.49,2.09,1.0,<Residue THR het=  resseq=190 icode= >,1r71_B_A,2.2
427,6.146,THR, ,CG2,39.21,6.86,0.0,1.98,1.0,<Residue THR het=  resseq=190 icode= >,1r71_B_A,2.2
428,0.0,LEU, ,N,42.1,9.92,0.0,3.05,1.0,<Residue LEU het=  resseq=191 icode= >,1r71_B_A,2.2
429,0.0,LEU, ,CA,43.56,11.26,0.0,2.85,1.0,<Residue LEU het=  resseq=191 icode= >,1r71_B_A,2.2
430,0.037,LEU, ,C,44.95,11.71,0.0,3.65,1.0,<Residue LEU het=  resseq=191 icode= >,1r71_B_A,2.2
431,18.11,LEU, ,O,44.98,12.88,0.0,2.65,1.0,<Residue LEU het=  resseq=191 icode= >,1r71_B_A,2.2
432,2.637,LEU, ,CB,42.47,10.56,0.0,1.78,1.0,<Residue LEU het=  resseq=191 icode= >,1r71_B_A,2.2
433,0.0,LEU, ,CG,42.09,9.12,0.0,2.86,1.0,<Residue LEU het=  resseq=191 icode= >,1r71_B_A,2.2
434,0.0,LEU, ,CD1,38.14,8.12,0.0,2.12,1.0,<Residue LEU het=  resseq=191 icode= >,1r71_B_A,2.2
435,0.0,LEU, ,CD2,41.03,8.69,0.0,1.58,1.0,<Residue LEU het=  resseq=191 icode= >,1r71_B_A,2.2
436,0.0,LEU, ,N,47.53,10.77,0.0,2.44,1.0,<Residue LEU het=  resseq=192 icode= >,1r71_B_A,2.2
437,2.82,LEU, ,CA,50.11,11.22,0.0,2.47,1.0,<Residue LEU het=  resseq=192 icode= >,1r71_B_A,2.2
438,1.635,LEU, ,C,51.85,11.53,0.0,3.42,1.0,<Residue LEU het=  resseq=192 icode= >,1r71_B_A,2.2
439,29.321,LEU, ,O,54.42,12.36,0.0,1.90,1.0,<Residue LEU het=  resseq=192 icode= >,1r71_B_A,2.2
440,12.181,LEU, ,CB,49.6,10.36,0.0,2.35,1.0,<Residue LEU het=  resseq=192 icode= >,1r71_B_A,2.2
441,0.0,LEU, ,CG,48.22,10.45,0.0,2.88,1.0,<Residue LEU het=  resseq=192 icode= >,1r71_B_A,2.2
442,12.173,LEU, ,CD1,52.23,9.89,0.0,1.13,1.0,<Residue LEU het=  resseq=192 icode= >,1r71_B_A,2.2
443,16.975,LEU, ,CD2,51.54,11.92,0.0,1.25,1.0,<Residue LEU het=  resseq=192 icode= >,1r71_B_A,2.2
444,0.0,ASP, ,N,53.89,11.08,0.0,2.80,1.0,<Residue ASP het=  resseq=193 icode= >,1r71_B_A,2.2
445,3.795,ASP, ,CA,54.55,11.54,0.0,3.23,1.0,<Residue ASP het=  resseq=193 icode= >,1r71_B_A,2.2
446,0.0,ASP, ,C,52.1,11.54,0.0,4.13,1.0,<Residue ASP het=  resseq=193 icode= >,1r71_B_A,2.2
447,13.296,ASP, ,O,54.34,10.88,0.0,2.41,1.0,<Residue ASP het=  resseq=193 icode= >,1r71_B_A,2.2
448,23.442,ASP, ,CB,57.54,10.61,0.0,1.18,1.0,<Residue ASP het=  resseq=193 icode= >,1r71_B_A,2.2
449,9.797,ASP, ,CG,63.81,11.44,0.0,1.45,1.0,<Residue ASP het=  resseq=193 icode= >,1r71_B_A,2.2
450,41.803,ASP, ,OD1,71.44,10.96,0.0,0.93,1.0,<Residue ASP het=  resseq=193 icode= >,1r71_B_A,2.2
451,33.249,ASP, ,OD2,66.73,12.69,0.0,0.99,1.0,<Residue ASP het=  resseq=193 icode= >,1r71_B_A,2.2
452,4.667,LEU, ,N,50.48,12.16,0.0,3.19,1.0,<Residue LEU het=  resseq=194 icode= >,1r71_B_A,2.2
453,0.138,LEU, ,CA,49.87,11.99,0.0,3.24,1.0,<Residue LEU het=  resseq=194 icode= >,1r71_B_A,2.2
454,1.21,LEU, ,C,52.3,12.86,0.0,3.51,1.0,<Residue LEU het=  resseq=194 icode= >,1r71_B_A,2.2
455,16.138,LEU, ,O,52.83,13.99,0.0,2.19,1.0,<Residue LEU het=  resseq=194 icode= >,1r71_B_A,2.2
456,1.53,LEU, ,CB,47.95,12.60,0.0,2.52,1.0,<Residue LEU het=  resseq=194 icode= >,1r71_B_A,2.2
457,0.088,LEU, ,CG,50.12,12.00,0.0,2.20,1.0,<Residue LEU het=  resseq=194 icode= >,1r71_B_A,2.2
458,6.076,LEU, ,CD1,47.92,12.11,0.0,1.15,1.0,<Residue LEU het=  resseq=194 icode= >,1r71_B_A,2.2
459,0.0,LEU, ,CD2,46.72,10.71,0.0,1.40,1.0,<Residue LEU het=  resseq=194 icode= >,1r71_B_A,2.2
460,0.372,PRO, ,N,53.66,12.50,0.0,3.89,1.0,<Residue PRO het=  resseq=195 icode= >,1r71_B_A,2.2
461,13.182,PRO, ,CA,53.86,13.56,0.0,3.28,1.0,<Residue PRO het=  resseq=195 icode= >,1r71_B_A,2.2
462,0.0,PRO, ,C,56.46,14.71,0.0,2.87,1.0,<Residue PRO het=  resseq=195 icode= >,1r71_B_A,2.2
463,0.0,PRO, ,O,57.0,14.55,0.0,1.69,1.0,<Residue PRO het=  resseq=195 icode= >,1r71_B_A,2.2
464,3.166,PRO, ,CB,54.22,13.03,0.0,1.99,1.0,<Residue PRO het=  resseq=195 icode= >,1r71_B_A,2.2
465,6.352,PRO, ,CG,53.82,11.56,0.0,1.96,1.0,<Residue PRO het=  resseq=195 icode= >,1r71_B_A,2.2
466,4.302,PRO, ,CD,53.74,11.20,0.0,2.17,1.0,<Residue PRO het=  resseq=195 icode= >,1r71_B_A,2.2
467,8.629,GLU, ,N,56.77,15.93,0.0,1.93,1.0,<Residue GLU het=  resseq=196 icode= >,1r71_B_A,2.2
468,5.429,GLU, ,CA,56.4,17.16,0.0,2.19,1.0,<Residue GLU het=  resseq=196 icode= >,1r71_B_A,2.2
469,0.0,GLU, ,C,53.77,17.38,0.0,3.54,1.0,<Residue GLU het=  resseq=196 icode= >,1r71_B_A,2.2
470,0.261,GLU, ,O,53.37,17.64,0.0,2.09,1.0,<Residue GLU het=  resseq=196 icode= >,1r71_B_A,2.2
471,26.286,GLU, ,CB,57.88,18.42,0.0,1.18,1.0,<Residue GLU het=  resseq=196 icode= >,1r71_B_A,2.2
472,6.708,GLU, ,CG,62.44,19.61,0.0,0.92,1.0,<Residue GLU het=  resseq=196 icode= >,1r71_B_A,2.2
473,13.676,GLU, ,CD,74.38,20.94,0.0,0.91,1.0,<Residue GLU het=  resseq=196 icode= >,1r71_B_A,2.2
474,41.222,GLU, ,OE1,73.06,21.82,0.0,0.61,1.0,<Residue GLU het=  resseq=196 icode= >,1r71_B_A,2.2
475,37.035,GLU, ,OE2,74.02,21.17,0.0,0.78,1.0,<Residue GLU het=  resseq=196 icode= >,1r71_B_A,2.2
476,0.0,LYS, ,N,53.07,17.22,0.0,2.81,1.0,<Residue LYS het=  resseq=197 icode= >,1r71_B_A,2.2
477,0.0,LYS, ,CA,54.52,16.96,0.0,2.37,1.0,<Residue LYS het=  resseq=197 icode= >,1r71_B_A,2.2
478,0.0,LYS, ,C,53.78,15.44,0.0,2.72,1.0,<Residue LYS het=  resseq=197 icode= >,1r71_B_A,2.2
479,0.18,LYS, ,O,53.69,14.62,0.0,2.19,1.0,<Residue LYS het=  resseq=197 icode= >,1r71_B_A,2.2
480,1.161,LYS, ,CB,56.39,17.43,0.0,1.65,1.0,<Residue LYS het=  resseq=197 icode= >,1r71_B_A,2.2
481,0.0,LYS, ,CG,63.96,16.85,0.0,0.50,1.0,<Residue LYS het=  resseq=197 icode= >,1r71_B_A,2.2
482,9.926,LYS, ,CD,71.46,17.53,0.0,0.37,1.0,<Residue LYS het=  resseq=197 icode= >,1r71_B_A,2.2
483,3.119,LYS, ,CE,73.25,16.90,0.0,0.75,1.0,<Residue LYS het=  resseq=197 icode= >,1r71_B_A,2.2
484,35.859,LYS, ,NZ,75.71,17.50,11.213,0.62,1.0,<Residue LYS het=  resseq=197 icode= >,1r71_B_A,2.2
485,0.0,ILE, ,N,51.85,15.19,0.0,2.06,1.0,<Residue ILE het=  resseq=198 icode= >,1r71_B_A,2.2
486,0.0,ILE, ,CA,48.43,13.90,0.0,2.67,1.0,<Residue ILE het=  resseq=198 icode= >,1r71_B_A,2.2
487,0.0,ILE, ,C,47.33,13.64,0.0,3.88,1.0,<Residue ILE het=  resseq=198 icode= >,1r71_B_A,2.2
488,0.0,ILE, ,O,45.79,12.59,0.0,2.59,1.0,<Residue ILE het=  resseq=198 icode= >,1r71_B_A,2.2
489,0.0,ILE, ,CB,47.17,13.22,0.0,2.33,1.0,<Residue ILE het=  resseq=198 icode= >,1r71_B_A,2.2
490,0.135,ILE, ,CG1,41.95,12.95,0.0,1.98,1.0,<Residue ILE het=  resseq=198 icode= >,1r71_B_A,2.2
491,0.88,ILE, ,CG2,47.4,12.45,0.0,1.47,1.0,<Residue ILE het=  resseq=198 icode= >,1r71_B_A,2.2
492,0.0,ILE, ,CD1,40.5,11.62,0.0,1.43,1.0,<Residue ILE het=  resseq=198 icode= >,1r71_B_A,2.2
493,0.0,ALA, ,N,48.46,14.56,0.0,2.88,1.0,<Residue ALA het=  resseq=199 icode= >,1r71_B_A,2.2
494,0.0,ALA, ,CA,48.73,14.38,0.0,3.44,1.0,<Residue ALA het=  resseq=199 icode= >,1r71_B_A,2.2
495,0.0,ALA, ,C,50.32,14.49,0.0,3.97,1.0,<Residue ALA het=  resseq=199 icode= >,1r71_B_A,2.2
496,0.0,ALA, ,O,51.35,13.96,0.0,2.36,1.0,<Residue ALA het=  resseq=199 icode= >,1r71_B_A,2.2
497,18.118,ALA, ,CB,50.31,15.49,0.0,1.37,1.0,<Residue ALA het=  resseq=199 icode= >,1r71_B_A,2.2
498,0.0,ASP, ,N,51.4,14.90,0.0,2.75,1.0,<Residue ASP het=  resseq=200 icode= >,1r71_B_A,2.2
499,1.836,ASP, ,CA,52.15,14.83,1.836,2.25,1.0,<Residue ASP het=  resseq=200 icode= >,1r71_B_A,2.2
500,0.479,ASP, ,C,50.28,13.42,0.058,2.88,1.0,<Residue ASP het=  resseq=200 icode= >,1r71_B_A,2.2
501,0.008,ASP, ,O,48.31,13.09,0.008,2.27,1.0,<Residue ASP het=  resseq=200 icode= >,1r71_B_A,2.2
502,15.476,ASP, ,CB,53.53,15.82,14.355,1.55,1.0,<Residue ASP het=  resseq=200 icode= >,1r71_B_A,2.2
503,7.834,ASP, ,CG,56.93,17.28,6.158,2.40,1.0,<Residue ASP het=  resseq=200 icode= >,1r71_B_A,2.2
504,30.961,ASP, ,OD1,56.92,17.66,15.544,1.62,1.0,<Residue ASP het=  resseq=200 icode= >,1r71_B_A,2.2
505,13.982,ASP, ,OD2,60.43,18.18,1.467,1.73,1.0,<Residue ASP het=  resseq=200 icode= >,1r71_B_A,2.2
506,0.843,ALA, ,N,47.33,12.76,0.0,2.44,1.0,<Residue ALA het=  resseq=201 icode= >,1r71_B_A,2.2
507,2.243,ALA, ,CA,47.78,11.40,0.0,2.68,1.0,<Residue ALA het=  resseq=201 icode= >,1r71_B_A,2.2
508,0.0,ALA, ,C,46.03,10.48,0.0,4.02,1.0,<Residue ALA het=  resseq=201 icode= >,1r71_B_A,2.2
509,0.0,ALA, ,O,46.45,9.76,0.0,2.50,1.0,<Residue ALA het=  resseq=201 icode= >,1r71_B_A,2.2
510,1.169,ALA, ,CB,47.77,11.08,0.0,1.77,1.0,<Residue ALA het=  resseq=201 icode= >,1r71_B_A,2.2
511,0.045,PHE, ,N,46.85,10.80,0.0,3.06,1.0,<Residue PHE het=  resseq=202 icode= >,1r71_B_A,2.2
512,0.0,PHE, ,CA,47.66,10.21,0.0,2.96,1.0,<Residue PHE het=  resseq=202 icode= >,1r71_B_A,2.2
513,0.0,PHE, ,C,51.32,10.61,0.0,3.29,1.0,<Residue PHE het=  resseq=202 icode= >,1r71_B_A,2.2
514,8.468,PHE, ,O,50.87,9.78,0.0,2.35,1.0,<Residue PHE het=  resseq=202 icode= >,1r71_B_A,2.2
515,0.034,PHE, ,CB,47.38,10.21,0.0,1.86,1.0,<Residue PHE het=  resseq=202 icode= >,1r71_B_A,2.2
516,0.0,PHE, ,CG,48.43,9.10,0.0,2.38,1.0,<Residue PHE het=  resseq=202 icode= >,1r71_B_A,2.2
517,0.0,PHE, ,CD1,46.53,7.78,0.0,2.46,1.0,<Residue PHE het=  resseq=202 icode= >,1r71_B_A,2.2
518,1.509,PHE, ,CD2,46.02,9.53,0.0,1.96,1.0,<Residue PHE het=  resseq=202 icode= >,1r71_B_A,2.2
519,5.526,PHE, ,CE1,43.66,6.83,0.0,2.53,1.0,<Residue PHE het=  resseq=202 icode= >,1r71_B_A,2.2
520,5.705,PHE, ,CE2,50.46,8.58,0.0,1.75,1.0,<Residue PHE het=  resseq=202 icode= >,1r71_B_A,2.2
521,8.564,PHE, ,CZ,47.18,7.21,0.0,2.12,1.0,<Residue PHE het=  resseq=202 icode= >,1r71_B_A,2.2
522,0.0,ASN, ,N,54.92,11.91,0.0,2.34,1.0,<Residue ASN het=  resseq=203 icode= >,1r71_B_A,2.2
523,0.83,ASN, ,CA,57.01,12.52,0.019,2.17,1.0,<Residue ASN het=  resseq=203 icode= >,1r71_B_A,2.2
524,1.11,ASN, ,C,56.67,12.19,1.11,3.24,1.0,<Residue ASN het=  resseq=203 icode= >,1r71_B_A,2.2
525,28.418,ASN, ,O,57.98,12.27,17.208,2.05,1.0,<Residue ASN het=  resseq=203 icode= >,1r71_B_A,2.2
526,22.548,ASN, ,CB,56.89,14.05,21.946,1.86,1.0,<Residue ASN het=  resseq=203 icode= >,1r71_B_A,2.2
527,2.86,ASN, ,CG,59.61,14.02,1.243,2.34,1.0,<Residue ASN het=  resseq=203 icode= >,1r71_B_A,2.2
528,3.368,ASN, ,OD1,60.43,13.09,0.0,1.76,1.0,<Residue ASN het=  resseq=203 icode= >,1r71_B_A,2.2
529,27.638,ASN, ,ND2,64.7,15.03,3.31,0.77,1.0,<Residue ASN het=  resseq=203 icode= >,1r71_B_A,2.2
530,0.0,THR, ,N,56.58,11.91,0.0,3.42,1.0,<Residue THR het=  resseq=204 icode= >,1r71_B_A,2.2
531,8.325,THR, ,CA,57.57,11.88,8.184,3.04,1.0,<Residue THR het=  resseq=204 icode= >,1r71_B_A,2.2
532,4.046,THR, ,C,58.79,10.53,0.819,2.27,1.0,<Residue THR het=  resseq=204 icode= >,1r71_B_A,2.2
533,23.371,THR, ,O,57.97,10.57,6.622,1.77,1.0,<Residue THR het=  resseq=204 icode= >,1r71_B_A,2.2
534,12.024,THR, ,CB,58.99,12.66,12.024,2.28,1.0,<Residue THR het=  resseq=204 icode= >,1r71_B_A,2.2
535,33.603,THR, ,OG1,66.84,13.34,26.985,0.29,1.0,<Residue THR het=  resseq=204 icode= >,1r71_B_A,2.2
536,13.952,THR, ,CG2,55.04,11.91,6.295,2.16,1.0,<Residue THR het=  resseq=204 icode= >,1r71_B_A,2.2
537,0.969,GLY, ,N,57.32,9.45,0.0,1.76,1.0,<Residue GLY het=  resseq=205 icode= >,1r71_B_A,2.2
538,23.494,GLY, ,CA,54.37,8.11,0.0,2.21,1.0,<Residue GLY het=  resseq=205 icode= >,1r71_B_A,2.2
539,1.9,GLY, ,C,52.0,7.64,0.0,4.23,1.0,<Residue GLY het=  resseq=205 icode= >,1r71_B_A,2.2
540,12.152,GLY, ,O,52.13,6.77,0.0,2.52,1.0,<Residue GLY het=  resseq=205 icode= >,1r71_B_A,2.2
541,0.0,ARG, ,N,50.31,8.47,0.0,3.83,1.0,<Residue ARG het=  resseq=206 icode= >,1r71_B_A,2.2
542,9.532,ARG, ,CA,51.13,8.40,0.0,2.77,1.0,<Residue ARG het=  resseq=206 icode= >,1r71_B_A,2.2
543,0.0,ARG, ,C,50.56,7.16,0.0,2.87,1.0,<Residue ARG het=  resseq=206 icode= >,1r71_B_A,2.2
544,5.831,ARG, ,O,50.05,6.82,0.0,2.29,1.0,<Residue ARG het=  resseq=206 icode= >,1r71_B_A,2.2
545,3.965,ARG, ,CB,52.16,9.66,0.0,1.79,1.0,<Residue ARG het=  resseq=206 icode= >,1r71_B_A,2.2
546,6.764,ARG, ,CG,54.28,9.67,0.0,2.09,1.0,<Residue ARG het=  resseq=206 icode= >,1r71_B_A,2.2
547,21.641,ARG, ,CD,63.86,11.05,0.0,1.15,1.0,<Residue ARG het=  resseq=206 icode= >,1r71_B_A,2.2
548,4.287,ARG, ,NE,68.06,11.10,0.0,1.69,1.0,<Residue ARG het=  resseq=206 icode= >,1r71_B_A,2.2
549,0.0,ARG, ,CZ,69.42,11.85,0.0,1.77,1.0,<Residue ARG het=  resseq=206 icode= >,1r71_B_A,2.2
550,5.979,ARG, ,NH1,67.72,12.58,0.0,1.21,1.0,<Residue ARG het=  resseq=206 icode= >,1r71_B_A,2.2
551,0.0,ARG, ,NH2,70.36,12.04,0.0,1.14,1.0,<Residue ARG het=  resseq=206 icode= >,1r71_B_A,2.2
552,0.0,VAL, ,N,50.28,6.87,0.0,2.02,1.0,<Residue VAL het=  resseq=207 icode= >,1r71_B_A,2.2
553,2.433,VAL, ,CA,49.09,5.88,0.0,3.15,1.0,<Residue VAL het=  resseq=207 icode= >,1r71_B_A,2.2
554,0.0,VAL, ,C,48.34,5.66,0.0,3.91,1.0,<Residue VAL het=  resseq=207 icode= >,1r71_B_A,2.2
555,0.227,VAL, ,O,50.66,6.77,0.0,2.39,1.0,<Residue VAL het=  resseq=207 icode= >,1r71_B_A,2.2
556,0.658,VAL, ,CB,49.22,6.76,0.0,3.09,1.0,<Residue VAL het=  resseq=207 icode= >,1r71_B_A,2.2
557,1.497,VAL, ,CG1,51.03,6.26,0.0,1.26,1.0,<Residue VAL het=  resseq=207 icode= >,1r71_B_A,2.2
558,0.002,VAL, ,CG2,52.02,7.36,0.0,1.02,1.0,<Residue VAL het=  resseq=207 icode= >,1r71_B_A,2.2
559,2.133,ARG, ,N,47.98,4.50,1.806,2.87,1.0,<Residue ARG het=  resseq=208 icode= >,1r71_B_A,2.2
560,2.056,ARG, ,CA,47.84,4.54,0.0,2.26,1.0,<Residue ARG het=  resseq=208 icode= >,1r71_B_A,2.2
561,0.828,ARG, ,C,43.44,4.31,0.828,4.00,1.0,<Residue ARG het=  resseq=208 icode= >,1r71_B_A,2.2
562,16.452,ARG, ,O,45.47,3.37,11.807,2.89,1.0,<Residue ARG het=  resseq=208 icode= >,1r71_B_A,2.2
563,25.75,ARG, ,CB,49.87,3.47,12.993,1.52,1.0,<Residue ARG het=  resseq=208 icode= >,1r71_B_A,2.2
564,25.489,ARG, ,CG,60.54,3.89,0.519,1.24,1.0,<Residue ARG het=  resseq=208 icode= >,1r71_B_A,2.2
565,1.482,ARG, ,CD,70.95,3.83,0.008,0.85,1.0,<Residue ARG het=  resseq=208 icode= >,1r71_B_A,2.2
566,14.693,ARG, ,NE,79.15,3.14,3.785,0.81,1.0,<Residue ARG het=  resseq=208 icode= >,1r71_B_A,2.2
567,8.287,ARG, ,CZ,85.83,3.43,4.644,0.84,1.0,<Residue ARG het=  resseq=208 icode= >,1r71_B_A,2.2
568,29.236,ARG, ,NH1,88.42,4.02,4.478,0.44,1.0,<Residue ARG het=  resseq=208 icode= >,1r71_B_A,2.2
569,59.162,ARG, ,NH2,85.8,3.40,13.867,0.73,1.0,<Residue ARG het=  resseq=208 icode= >,1r71_B_A,2.2
570,0.578,ASP, ,N,36.56,3.97,0.578,4.04,1.0,<Residue ASP het=  resseq=209 icode= >,1r71_B_A,2.2
571,6.805,ASP, ,CA,32.7,3.49,6.805,3.41,1.0,<Residue ASP het=  resseq=209 icode= >,1r71_B_A,2.2
572,0.0,ASP, ,C,32.15,3.59,0.0,4.21,1.0,<Residue ASP het=  resseq=209 icode= >,1r71_B_A,2.2
573,0.0,ASP, ,O,28.72,4.74,0.0,4.26,1.0,<Residue ASP het=  resseq=209 icode= >,1r71_B_A,2.2
574,19.712,ASP, ,CB,30.02,3.62,16.724,2.99,1.0,<Residue ASP het=  resseq=209 icode= >,1r71_B_A,2.2
575,4.655,ASP, ,CG,35.14,3.40,4.655,4.21,1.0,<Residue ASP het=  resseq=209 icode= >,1r71_B_A,2.2
576,2.065,ASP, ,OD1,34.19,3.45,2.065,3.32,1.0,<Residue ASP het=  resseq=209 icode= >,1r71_B_A,2.2
577,11.822,ASP, ,OD2,34.6,3.36,9.909,2.83,1.0,<Residue ASP het=  resseq=209 icode= >,1r71_B_A,2.2
578,3.185,VAL, ,N,31.91,2.84,3.185,3.84,1.0,<Residue VAL het=  resseq=210 icode= >,1r71_B_A,2.2
579,0.0,VAL, ,CA,32.32,3.77,0.0,3.63,1.0,<Residue VAL het=  resseq=210 icode= >,1r71_B_A,2.2
580,0.0,VAL, ,C,31.45,4.52,0.0,4.68,1.0,<Residue VAL het=  resseq=210 icode= >,1r71_B_A,2.2
581,0.0,VAL, ,O,27.73,5.74,0.0,4.91,1.0,<Residue VAL het=  resseq=210 icode= >,1r71_B_A,2.2
582,8.533,VAL, ,CB,30.92,3.60,5.321,3.78,1.0,<Residue VAL het=  resseq=210 icode= >,1r71_B_A,2.2
583,0.619,VAL, ,CG1,35.24,4.98,0.0,2.41,1.0,<Residue VAL het=  resseq=210 icode= >,1r71_B_A,2.2
584,9.478,VAL, ,CG2,34.31,3.68,7.723,1.93,1.0,<Residue VAL het=  resseq=210 icode= >,1r71_B_A,2.2
585,0.231,THR, ,N,27.38,4.13,0.231,4.50,1.0,<Residue THR het=  resseq=211 icode= >,1r71_B_A,2.2
586,0.0,THR, ,CA,27.63,5.16,0.0,4.21,1.0,<Residue THR het=  resseq=211 icode= >,1r71_B_A,2.2
587,0.0,THR, ,C,30.19,6.29,0.0,5.48,1.0,<Residue THR het=  resseq=211 icode= >,1r71_B_A,2.2
588,0.084,THR, ,O,31.6,6.63,0.0,4.08,1.0,<Residue THR het=  resseq=211 icode= >,1r71_B_A,2.2
589,0.0,THR, ,CB,25.63,3.88,0.0,4.19,1.0,<Residue THR het=  resseq=211 icode= >,1r71_B_A,2.2
590,13.909,THR, ,OG1,26.24,2.84,13.437,4.37,1.0,<Residue THR het=  resseq=211 icode= >,1r71_B_A,2.2
591,20.905,THR, ,CG2,27.75,3.64,14.382,2.24,1.0,<Residue THR het=  resseq=211 icode= >,1r71_B_A,2.2
592,0.0,VAL, ,N,32.1,6.10,0.0,3.74,1.0,<Residue VAL het=  resseq=212 icode= >,1r71_B_A,2.2
593,0.0,VAL, ,CA,34.58,7.29,0.0,3.11,1.0,<Residue VAL het=  resseq=212 icode= >,1r71_B_A,2.2
594,0.0,VAL, ,C,33.87,7.98,0.0,4.79,1.0,<Residue VAL het=  resseq=212 icode= >,1r71_B_A,2.2
595,0.0,VAL, ,O,33.22,9.18,0.0,3.65,1.0,<Residue VAL het=  resseq=212 icode= >,1r71_B_A,2.2
596,0.0,VAL, ,CB,35.5,6.28,0.0,2.73,1.0,<Residue VAL het=  resseq=212 icode= >,1r71_B_A,2.2
597,0.404,VAL, ,CG1,39.97,6.68,0.0,1.41,1.0,<Residue VAL het=  resseq=212 icode= >,1r71_B_A,2.2
598,1.757,VAL, ,CG2,38.76,5.59,0.0,1.25,1.0,<Residue VAL het=  resseq=212 icode= >,1r71_B_A,2.2
599,0.0,VAL, ,N,32.34,7.39,0.0,4.08,1.0,<Residue VAL het=  resseq=213 icode= >,1r71_B_A,2.2
600,0.0,VAL, ,CA,36.7,8.31,0.0,3.08,1.0,<Residue VAL het=  resseq=213 icode= >,1r71_B_A,2.2
601,0.0,VAL, ,C,36.87,9.11,0.0,4.05,1.0,<Residue VAL het=  resseq=213 icode= >,1r71_B_A,2.2
602,0.0,VAL, ,O,38.3,9.04,0.0,2.96,1.0,<Residue VAL het=  resseq=213 icode= >,1r71_B_A,2.2
603,0.0,VAL, ,CB,34.66,7.84,0.0,3.71,1.0,<Residue VAL het=  resseq=213 icode= >,1r71_B_A,2.2
604,0.0,VAL, ,CG1,36.48,9.14,0.0,2.48,1.0,<Residue VAL het=  resseq=213 icode= >,1r71_B_A,2.2
605,0.346,VAL, ,CG2,38.64,7.49,0.0,1.80,1.0,<Residue VAL het=  resseq=213 icode= >,1r71_B_A,2.2
606,0.0,ASN, ,N,35.06,8.29,0.0,3.56,1.0,<Residue ASN het=  resseq=214 icode= >,1r71_B_A,2.2
607,0.248,ASN, ,CA,34.25,7.24,0.0,4.10,1.0,<Residue ASN het=  resseq=214 icode= >,1r71_B_A,2.2
608,0.986,ASN, ,C,35.47,6.95,0.0,4.69,1.0,<Residue ASN het=  resseq=214 icode= >,1r71_B_A,2.2
609,1.201,ASN, ,O,35.26,6.13,0.0,3.53,1.0,<Residue ASN het=  resseq=214 icode= >,1r71_B_A,2.2
610,14.203,ASN, ,CB,33.43,6.38,0.0,3.30,1.0,<Residue ASN het=  resseq=214 icode= >,1r71_B_A,2.2
611,0.0,ASN, ,CG,34.67,6.64,0.0,4.41,1.0,<Residue ASN het=  resseq=214 icode= >,1r71_B_A,2.2
612,7.535,ASN, ,OD1,28.81,5.63,0.0,3.29,1.0,<Residue ASN het=  resseq=214 icode= >,1r71_B_A,2.2
613,0.0,ASN, ,ND2,33.67,7.86,0.0,2.61,1.0,<Residue ASN het=  resseq=214 icode= >,1r71_B_A,2.2
614,0.0,GLU, ,N,37.79,6.77,0.0,3.37,1.0,<Residue GLU het=  resseq=215 icode= >,1r71_B_A,2.2
615,1.421,GLU, ,CA,38.82,5.92,0.0,3.17,1.0,<Residue GLU het=  resseq=215 icode= >,1r71_B_A,2.2
616,0.0,GLU, ,C,39.56,6.73,0.0,3.54,1.0,<Residue GLU het=  resseq=215 icode= >,1r71_B_A,2.2
617,0.0,GLU, ,O,37.03,6.38,0.0,3.44,1.0,<Residue GLU het=  resseq=215 icode= >,1r71_B_A,2.2
618,0.0,GLU, ,CB,39.33,6.09,0.0,2.63,1.0,<Residue GLU het=  resseq=215 icode= >,1r71_B_A,2.2
619,11.834,GLU, ,CG,45.05,5.32,0.0,1.96,1.0,<Residue GLU het=  resseq=215 icode= >,1r71_B_A,2.2
620,6.801,GLU, ,CD,49.7,6.25,0.0,3.06,1.0,<Residue GLU het=  resseq=215 icode= >,1r71_B_A,2.2
621,0.764,GLU, ,OE1,51.85,7.25,0.0,1.67,1.0,<Residue GLU het=  resseq=215 icode= >,1r71_B_A,2.2
622,24.525,GLU, ,OE2,52.37,5.47,2.841,1.15,1.0,<Residue GLU het=  resseq=215 icode= >,1r71_B_A,2.2
623,0.0,LEU, ,N,39.83,8.05,0.0,2.87,1.0,<Residue LEU het=  resseq=216 icode= >,1r71_B_A,2.2
624,0.0,LEU, ,CA,40.18,9.08,0.0,2.87,1.0,<Residue LEU het=  resseq=216 icode= >,1r71_B_A,2.2
625,0.0,LEU, ,C,41.06,9.09,0.0,4.33,1.0,<Residue LEU het=  resseq=216 icode= >,1r71_B_A,2.2
626,0.0,LEU, ,O,40.44,9.27,0.0,3.24,1.0,<Residue LEU het=  resseq=216 icode= >,1r71_B_A,2.2
627,0.0,LEU, ,CB,39.72,10.47,0.0,2.00,1.0,<Residue LEU het=  resseq=216 icode= >,1r71_B_A,2.2
628,0.0,LEU, ,CG,37.31,10.78,0.0,2.71,1.0,<Residue LEU het=  resseq=216 icode= >,1r71_B_A,2.2
629,0.238,LEU, ,CD1,43.43,10.04,0.0,1.83,1.0,<Residue LEU het=  resseq=216 icode= >,1r71_B_A,2.2
630,0.0,LEU, ,CD2,42.66,11.03,0.0,1.40,1.0,<Residue LEU het=  resseq=216 icode= >,1r71_B_A,2.2
631,0.0,VAL, ,N,42.58,8.41,0.0,3.77,1.0,<Residue VAL het=  resseq=217 icode= >,1r71_B_A,2.2
632,0.0,VAL, ,CA,44.62,7.79,0.0,3.83,1.0,<Residue VAL het=  resseq=217 icode= >,1r71_B_A,2.2
633,0.0,VAL, ,C,48.23,6.93,0.0,3.17,1.0,<Residue VAL het=  resseq=217 icode= >,1r71_B_A,2.2
634,0.0,VAL, ,O,49.35,7.04,0.0,1.97,1.0,<Residue VAL het=  resseq=217 icode= >,1r71_B_A,2.2
635,0.0,VAL, ,CB,44.88,7.23,0.0,3.08,1.0,<Residue VAL het=  resseq=217 icode= >,1r71_B_A,2.2
636,13.36,VAL, ,CG1,46.32,6.73,0.0,1.48,1.0,<Residue VAL het=  resseq=217 icode= >,1r71_B_A,2.2
637,0.122,VAL, ,CG2,43.3,8.46,0.0,1.87,1.0,<Residue VAL het=  resseq=217 icode= >,1r71_B_A,2.2
638,0.0,THR, ,N,49.17,6.16,0.0,2.57,1.0,<Residue THR het=  resseq=218 icode= >,1r71_B_A,2.2
639,0.094,THR, ,CA,50.38,5.45,0.0,2.51,1.0,<Residue THR het=  resseq=218 icode= >,1r71_B_A,2.2
640,0.0,THR, ,C,51.36,6.31,0.0,3.68,1.0,<Residue THR het=  resseq=218 icode= >,1r71_B_A,2.2
641,0.818,THR, ,O,54.99,6.08,0.0,1.93,1.0,<Residue THR het=  resseq=218 icode= >,1r71_B_A,2.2
642,0.932,THR, ,CB,48.78,4.49,0.231,3.23,1.0,<Residue THR het=  resseq=218 icode= >,1r71_B_A,2.2
643,25.691,THR, ,OG1,46.09,3.86,15.851,2.21,1.0,<Residue THR het=  resseq=218 icode= >,1r71_B_A,2.2
644,34.955,THR, ,CG2,50.17,3.69,20.116,1.50,1.0,<Residue THR het=  resseq=218 icode= >,1r71_B_A,2.2
645,0.0,ALA, ,N,51.67,6.86,0.0,2.99,1.0,<Residue ALA het=  resseq=219 icode= >,1r71_B_A,2.2
646,5.253,ALA, ,CA,52.92,7.65,0.0,2.82,1.0,<Residue ALA het=  resseq=219 icode= >,1r71_B_A,2.2
647,0.0,ALA, ,C,55.42,8.94,0.0,3.25,1.0,<Residue ALA het=  resseq=219 icode= >,1r71_B_A,2.2
648,0.307,ALA, ,O,56.27,9.27,0.0,2.16,1.0,<Residue ALA het=  resseq=219 icode= >,1r71_B_A,2.2
649,0.936,ALA, ,CB,52.96,8.05,0.0,1.66,1.0,<Residue ALA het=  resseq=219 icode= >,1r71_B_A,2.2
650,0.0,PHE, ,N,56.92,9.14,0.0,2.89,1.0,<Residue PHE het=  resseq=220 icode= >,1r71_B_A,2.2
651,0.0,PHE, ,CA,60.15,9.87,0.0,2.40,1.0,<Residue PHE het=  resseq=220 icode= >,1r71_B_A,2.2
652,0.0,PHE, ,C,61.88,9.35,0.0,3.26,1.0,<Residue PHE het=  resseq=220 icode= >,1r71_B_A,2.2
653,0.0,PHE, ,O,59.73,10.21,0.0,2.42,1.0,<Residue PHE het=  resseq=220 icode= >,1r71_B_A,2.2
654,0.0,PHE, ,CB,60.16,10.27,0.0,1.50,1.0,<Residue PHE het=  resseq=220 icode= >,1r71_B_A,2.2
655,0.0,PHE, ,CG,60.06,11.26,0.0,1.93,1.0,<Residue PHE het=  resseq=220 icode= >,1r71_B_A,2.2
656,0.062,PHE, ,CD1,60.82,12.62,0.0,1.47,1.0,<Residue PHE het=  resseq=220 icode= >,1r71_B_A,2.2
657,2.4,PHE, ,CD2,60.05,10.97,0.0,1.71,1.0,<Residue PHE het=  resseq=220 icode= >,1r71_B_A,2.2
658,0.458,PHE, ,CE1,61.66,13.62,0.0,1.41,1.0,<Residue PHE het=  resseq=220 icode= >,1r71_B_A,2.2
659,20.857,PHE, ,CE2,61.15,12.09,0.0,1.46,1.0,<Residue PHE het=  resseq=220 icode= >,1r71_B_A,2.2
660,15.996,PHE, ,CZ,63.13,13.38,0.0,1.00,1.0,<Residue PHE het=  resseq=220 icode= >,1r71_B_A,2.2
661,0.0,LYS, ,N,63.92,8.12,0.0,2.67,1.0,<Residue LYS het=  resseq=221 icode= >,1r71_B_A,2.2
662,6.486,LYS, ,CA,66.4,7.73,0.0,2.56,1.0,<Residue LYS het=  resseq=221 icode= >,1r71_B_A,2.2
663,0.0,LYS, ,C,68.22,8.20,0.0,2.94,1.0,<Residue LYS het=  resseq=221 icode= >,1r71_B_A,2.2
664,22.009,LYS, ,O,69.5,8.83,0.0,1.54,1.0,<Residue LYS het=  resseq=221 icode= >,1r71_B_A,2.2
665,8.671,LYS, ,CB,67.16,6.29,0.0,1.63,1.0,<Residue LYS het=  resseq=221 icode= >,1r71_B_A,2.2
666,17.001,LYS, ,CG,68.99,6.14,0.0,1.72,1.0,<Residue LYS het=  resseq=221 icode= >,1r71_B_A,2.2
667,14.803,LYS, ,CD,74.12,4.73,4.513,1.11,1.0,<Residue LYS het=  resseq=221 icode= >,1r71_B_A,2.2
668,35.127,LYS, ,CE,76.8,4.92,0.0,0.79,1.0,<Residue LYS het=  resseq=221 icode= >,1r71_B_A,2.2
669,46.71,LYS, ,NZ,77.25,3.85,21.099,0.75,1.0,<Residue LYS het=  resseq=221 icode= >,1r71_B_A,2.2
670,0.0,LYS, ,N,69.46,8.21,0.0,2.41,1.0,<Residue LYS het=  resseq=222 icode= >,1r71_B_A,2.2
671,1.546,LYS, ,CA,71.02,8.91,0.0,2.59,1.0,<Residue LYS het=  resseq=222 icode= >,1r71_B_A,2.2
672,0.0,LYS, ,C,71.26,10.41,0.0,3.01,1.0,<Residue LYS het=  resseq=222 icode= >,1r71_B_A,2.2
673,22.364,LYS, ,O,71.94,11.21,0.0,1.53,1.0,<Residue LYS het=  resseq=222 icode= >,1r71_B_A,2.2
674,6.542,LYS, ,CB,71.56,8.64,0.0,1.44,1.0,<Residue LYS het=  resseq=222 icode= >,1r71_B_A,2.2
675,14.971,LYS, ,CG,76.67,7.51,0.0,0.78,1.0,<Residue LYS het=  resseq=222 icode= >,1r71_B_A,2.2
676,33.512,LYS, ,CD,80.9,7.98,0.0,0.34,1.0,<Residue LYS het=  resseq=222 icode= >,1r71_B_A,2.2
677,49.59,LYS, ,CE,82.33,7.06,0.0,0.50,1.0,<Residue LYS het=  resseq=222 icode= >,1r71_B_A,2.2
678,22.893,LYS, ,NZ,79.4,6.57,0.0,0.66,1.0,<Residue LYS het=  resseq=222 icode= >,1r71_B_A,2.2
679,0.0,ARG, ,N,70.34,10.90,0.0,2.49,1.0,<Residue ARG het=  resseq=223 icode= >,1r71_B_A,2.2
680,3.635,ARG, ,CA,70.65,12.34,0.0,2.77,1.0,<Residue ARG het=  resseq=223 icode= >,1r71_B_A,2.2
681,0.309,ARG, ,C,68.71,12.92,0.0,3.31,1.0,<Residue ARG het=  resseq=223 icode= >,1r71_B_A,2.2
682,0.0,ARG, ,O,65.7,13.23,0.0,2.59,1.0,<Residue ARG het=  resseq=223 icode= >,1r71_B_A,2.2
683,0.0,ARG, ,CB,71.93,11.92,0.0,1.92,1.0,<Residue ARG het=  resseq=223 icode= >,1r71_B_A,2.2
684,6.37,ARG, ,CG,78.41,11.42,0.0,1.18,1.0,<Residue ARG het=  resseq=223 icode= >,1r71_B_A,2.2
685,4.66,ARG, ,CD,86.93,11.51,0.0,0.48,1.0,<Residue ARG het=  resseq=223 icode= >,1r71_B_A,2.2
686,14.437,ARG, ,NE,92.5,12.37,0.0,0.65,1.0,<Residue ARG het=  resseq=223 icode= >,1r71_B_A,2.2
687,0.829,ARG, ,CZ,97.15,13.36,0.0,0.45,1.0,<Residue ARG het=  resseq=223 icode= >,1r71_B_A,2.2
688,14.817,ARG, ,NH1,95.97,13.69,0.0,0.77,1.0,<Residue ARG het=  resseq=223 icode= >,1r71_B_A,2.2
689,51.881,ARG, ,NH2,99.13,14.18,0.0,0.01,1.0,<Residue ARG het=  resseq=223 icode= >,1r71_B_A,2.2
690,0.0,PRO, ,N,68.83,13.01,0.0,2.88,1.0,<Residue PRO het=  resseq=224 icode= >,1r71_B_A,2.2
691,0.0,PRO, ,CA,69.99,13.53,0.0,2.45,1.0,<Residue PRO het=  resseq=224 icode= >,1r71_B_A,2.2
692,0.0,PRO, ,C,71.33,14.88,0.0,2.72,1.0,<Residue PRO het=  resseq=224 icode= >,1r71_B_A,2.2
693,0.0,PRO, ,O,71.51,15.08,0.0,1.95,1.0,<Residue PRO het=  resseq=224 icode= >,1r71_B_A,2.2
694,13.259,PRO, ,CB,69.73,13.79,0.0,1.51,1.0,<Residue PRO het=  resseq=224 icode= >,1r71_B_A,2.2
695,27.624,PRO, ,CG,69.15,12.93,0.0,1.35,1.0,<Residue PRO het=  resseq=224 icode= >,1r71_B_A,2.2
696,15.228,PRO, ,CD,69.2,12.82,0.0,1.45,1.0,<Residue PRO het=  resseq=224 icode= >,1r71_B_A,2.2
697,0.028,GLU, ,N,72.53,15.88,0.0,1.92,1.0,<Residue GLU het=  resseq=225 icode= >,1r71_B_A,2.2
698,1.881,GLU, ,CA,73.76,17.24,0.0,1.67,1.0,<Residue GLU het=  resseq=225 icode= >,1r71_B_A,2.2
699,1.078,GLU, ,C,71.87,17.22,0.0,2.45,1.0,<Residue GLU het=  resseq=225 icode= >,1r71_B_A,2.2
700,2.912,GLU, ,O,71.32,17.87,0.0,1.58,1.0,<Residue GLU het=  resseq=225 icode= >,1r71_B_A,2.2
701,22.768,GLU, ,CB,75.79,18.33,0.0,0.44,1.0,<Residue GLU het=  resseq=225 icode= >,1r71_B_A,2.2
702,27.758,GLU, ,CG,80.48,18.36,0.0,0.88,1.0,<Residue GLU het=  resseq=225 icode= >,1r71_B_A,2.2
703,13.356,GLU, ,CD,88.0,18.70,0.0,0.46,1.0,<Residue GLU het=  resseq=225 icode= >,1r71_B_A,2.2
704,28.487,GLU, ,OE1,88.9,18.02,0.0,0.34,1.0,<Residue GLU het=  resseq=225 icode= >,1r71_B_A,2.2
705,42.364,GLU, ,OE2,88.06,19.75,0.0,0.70,1.0,<Residue GLU het=  resseq=225 icode= >,1r71_B_A,2.2
706,0.0,GLU, ,N,71.12,16.21,0.0,2.12,1.0,<Residue GLU het=  resseq=226 icode= >,1r71_B_A,2.2
707,6.308,GLU, ,CA,70.82,15.88,0.0,1.94,1.0,<Residue GLU het=  resseq=226 icode= >,1r71_B_A,2.2
708,0.0,GLU, ,C,69.96,15.34,0.0,2.36,1.0,<Residue GLU het=  resseq=226 icode= >,1r71_B_A,2.2
709,4.64,GLU, ,O,69.95,15.81,0.0,1.75,1.0,<Residue GLU het=  resseq=226 icode= >,1r71_B_A,2.2
710,6.106,GLU, ,CB,70.97,15.06,0.0,1.55,1.0,<Residue GLU het=  resseq=226 icode= >,1r71_B_A,2.2
711,14.612,GLU, ,CG,72.63,15.59,0.0,1.72,1.0,<Residue GLU het=  resseq=226 icode= >,1r71_B_A,2.2
712,7.875,GLU, ,CD,76.89,15.22,0.0,1.53,1.0,<Residue GLU het=  resseq=226 icode= >,1r71_B_A,2.2
713,21.51,GLU, ,OE1,75.68,15.59,0.0,1.12,1.0,<Residue GLU het=  resseq=226 icode= >,1r71_B_A,2.2
714,11.462,GLU, ,OE2,81.18,14.73,0.0,1.15,1.0,<Residue GLU het=  resseq=226 icode= >,1r71_B_A,2.2
715,0.0,VAL, ,N,67.91,14.59,0.0,2.31,1.0,<Residue VAL het=  resseq=227 icode= >,1r71_B_A,2.2
716,0.0,VAL, ,CA,66.32,14.24,0.0,2.57,1.0,<Residue VAL het=  resseq=227 icode= >,1r71_B_A,2.2
717,0.0,VAL, ,C,68.02,15.43,0.0,2.63,1.0,<Residue VAL het=  resseq=227 icode= >,1r71_B_A,2.2
718,0.0,VAL, ,O,67.95,15.66,0.0,1.34,1.0,<Residue VAL het=  resseq=227 icode= >,1r71_B_A,2.2
719,0.0,VAL, ,CB,64.9,13.11,0.0,2.59,1.0,<Residue VAL het=  resseq=227 icode= >,1r71_B_A,2.2
720,0.0,VAL, ,CG1,62.7,12.87,0.0,1.31,1.0,<Residue VAL het=  resseq=227 icode= >,1r71_B_A,2.2
721,0.0,VAL, ,CG2,61.92,11.86,0.0,1.79,1.0,<Residue VAL het=  resseq=227 icode= >,1r71_B_A,2.2
722,0.0,GLU, ,N,70.22,16.32,0.0,1.84,1.0,<Residue GLU het=  resseq=228 icode= >,1r71_B_A,2.2
723,0.0,GLU, ,CA,71.57,17.54,0.0,2.20,1.0,<Residue GLU het=  resseq=228 icode= >,1r71_B_A,2.2
724,0.0,GLU, ,C,70.29,18.44,0.0,3.11,1.0,<Residue GLU het=  resseq=228 icode= >,1r71_B_A,2.2
725,0.0,GLU, ,O,70.55,18.17,0.0,1.92,1.0,<Residue GLU het=  resseq=228 icode= >,1r71_B_A,2.2
726,9.169,GLU, ,CB,72.92,18.03,0.0,1.12,1.0,<Residue GLU het=  resseq=228 icode= >,1r71_B_A,2.2
727,7.77,GLU, ,CG,78.5,17.19,0.0,0.96,1.0,<Residue GLU het=  resseq=228 icode= >,1r71_B_A,2.2
728,8.759,GLU, ,CD,83.95,17.92,0.0,1.30,1.0,<Residue GLU het=  resseq=228 icode= >,1r71_B_A,2.2
729,15.405,GLU, ,OE1,89.63,19.11,0.0,0.57,1.0,<Residue GLU het=  resseq=228 icode= >,1r71_B_A,2.2
730,15.255,GLU, ,OE2,87.5,17.37,0.0,0.70,1.0,<Residue GLU het=  resseq=228 icode= >,1r71_B_A,2.2
731,0.109,ALA, ,N,69.97,18.62,0.0,2.33,1.0,<Residue ALA het=  resseq=229 icode= >,1r71_B_A,2.2
732,5.864,ALA, ,CA,69.8,19.63,0.0,2.05,1.0,<Residue ALA het=  resseq=229 icode= >,1r71_B_A,2.2
733,1.418,ALA, ,C,68.86,19.26,0.0,2.59,1.0,<Residue ALA het=  resseq=229 icode= >,1r71_B_A,2.2
734,5.941,ALA, ,O,68.94,20.13,0.0,1.65,1.0,<Residue ALA het=  resseq=229 icode= >,1r71_B_A,2.2
735,50.209,ALA, ,CB,70.04,19.70,0.0,0.77,1.0,<Residue ALA het=  resseq=229 icode= >,1r71_B_A,2.2
736,0.482,TRP, ,N,68.13,17.71,0.0,1.59,1.0,<Residue TRP het=  resseq=230 icode= >,1r71_B_A,2.2
737,7.658,TRP, ,CA,66.13,16.54,0.0,1.94,1.0,<Residue TRP het=  resseq=230 icode= >,1r71_B_A,2.2
738,0.0,TRP, ,C,64.24,15.52,0.0,3.19,1.0,<Residue TRP het=  resseq=230 icode= >,1r71_B_A,2.2
739,0.251,TRP, ,O,64.62,14.95,0.0,1.63,1.0,<Residue TRP het=  resseq=230 icode= >,1r71_B_A,2.2
740,3.164,TRP, ,CB,66.3,16.01,0.0,1.24,1.0,<Residue TRP het=  resseq=230 icode= >,1r71_B_A,2.2
741,0.0,TRP, ,CG,66.12,14.96,0.0,2.08,1.0,<Residue TRP het=  resseq=230 icode= >,1r71_B_A,2.2
742,20.441,TRP, ,CD1,67.63,14.97,0.0,1.48,1.0,<Residue TRP het=  resseq=230 icode= >,1r71_B_A,2.2
743,0.0,TRP, ,CD2,63.62,13.56,0.0,2.18,1.0,<Residue TRP het=  resseq=230 icode= >,1r71_B_A,2.2
744,10.011,TRP, ,NE1,67.28,13.64,0.0,1.56,1.0,<Residue TRP het=  resseq=230 icode= >,1r71_B_A,2.2
745,0.0,TRP, ,CE2,66.66,12.95,0.0,1.92,1.0,<Residue TRP het=  resseq=230 icode= >,1r71_B_A,2.2
746,0.0,TRP, ,CE3,63.36,12.77,0.0,1.58,1.0,<Residue TRP het=  resseq=230 icode= >,1r71_B_A,2.2
747,0.387,TRP, ,CZ2,63.42,11.59,0.0,1.55,1.0,<Residue TRP het=  resseq=230 icode= >,1r71_B_A,2.2
748,0.0,TRP, ,CZ3,61.74,11.38,0.0,1.36,1.0,<Residue TRP het=  resseq=230 icode= >,1r71_B_A,2.2
749,0.0,TRP, ,CH2,60.19,10.83,0.0,1.99,1.0,<Residue TRP het=  resseq=230 icode= >,1r71_B_A,2.2
750,0.0,LEU, ,N,63.65,15.44,0.0,2.85,1.0,<Residue LEU het=  resseq=231 icode= >,1r71_B_A,2.2
751,0.0,LEU, ,CA,64.87,14.71,0.0,2.58,1.0,<Residue LEU het=  resseq=231 icode= >,1r71_B_A,2.2
752,0.0,LEU, ,C,68.73,15.51,0.0,2.23,1.0,<Residue LEU het=  resseq=231 icode= >,1r71_B_A,2.2
753,0.865,LEU, ,O,67.92,15.02,0.0,1.61,1.0,<Residue LEU het=  resseq=231 icode= >,1r71_B_A,2.2
754,0.076,LEU, ,CB,63.08,14.63,0.0,1.70,1.0,<Residue LEU het=  resseq=231 icode= >,1r71_B_A,2.2
755,0.0,LEU, ,CG,59.88,13.80,0.0,1.95,1.0,<Residue LEU het=  resseq=231 icode= >,1r71_B_A,2.2
756,0.34,LEU, ,CD1,53.06,14.24,0.0,1.27,1.0,<Residue LEU het=  resseq=231 icode= >,1r71_B_A,2.2
757,0.0,LEU, ,CD2,59.28,12.29,0.0,0.99,1.0,<Residue LEU het=  resseq=231 icode= >,1r71_B_A,2.2
758,0.0,ASP, ,N,73.08,16.84,0.0,1.67,1.0,<Residue ASP het=  resseq=232 icode= >,1r71_B_A,2.2
759,0.03,ASP, ,CA,76.42,17.80,0.0,1.81,1.0,<Residue ASP het=  resseq=232 icode= >,1r71_B_A,2.2
760,1.957,ASP, ,C,77.59,17.74,0.0,2.36,1.0,<Residue ASP het=  resseq=232 icode= >,1r71_B_A,2.2
761,20.413,ASP, ,O,78.12,18.12,0.0,1.25,1.0,<Residue ASP het=  resseq=232 icode= >,1r71_B_A,2.2
762,17.874,ASP, ,CB,77.18,19.24,0.0,1.29,1.0,<Residue ASP het=  resseq=232 icode= >,1r71_B_A,2.2
763,8.275,ASP, ,CG,81.08,19.79,0.0,1.36,1.0,<Residue ASP het=  resseq=232 icode= >,1r71_B_A,2.2
764,21.196,ASP, ,OD1,83.86,20.49,0.0,0.90,1.0,<Residue ASP het=  resseq=232 icode= >,1r71_B_A,2.2
765,19.728,ASP, ,OD2,83.75,19.67,0.0,0.93,1.0,<Residue ASP het=  resseq=232 icode= >,1r71_B_A,2.2
766,1.117,ASP, ,N,79.69,17.33,0.0,2.25,1.0,<Residue ASP het=  resseq=233 icode= >,1r71_B_A,2.2
767,10.13,ASP, ,CA,81.53,17.17,0.0,2.17,1.0,<Residue ASP het=  resseq=233 icode= >,1r71_B_A,2.2
768,0.0,ASP, ,C,83.54,15.88,0.0,2.13,1.0,<Residue ASP het=  resseq=233 icode= >,1r71_B_A,2.2
769,0.0,ASP, ,O,84.43,14.78,0.0,1.31,1.0,<Residue ASP het=  resseq=233 icode= >,1r71_B_A,2.2
770,18.231,ASP, ,CB,81.86,17.28,0.0,1.25,1.0,<Residue ASP het=  resseq=233 icode= >,1r71_B_A,2.2
771,7.704,ASP, ,CG,83.04,17.13,0.0,1.55,1.0,<Residue ASP het=  resseq=233 icode= >,1r71_B_A,2.2
772,3.857,ASP, ,OD1,81.73,16.79,0.0,1.53,1.0,<Residue ASP het=  resseq=233 icode= >,1r71_B_A,2.2
773,28.263,ASP, ,OD2,84.81,17.17,0.0,0.83,1.0,<Residue ASP het=  resseq=233 icode= >,1r71_B_A,2.2
774,2.212,ASP, ,N,84.93,16.09,0.0,1.46,1.0,<Residue ASP het=  resseq=234 icode= >,1r71_B_A,2.2
775,0.0,ASP, ,CA,85.95,15.05,0.0,1.84,1.0,<Residue ASP het=  resseq=234 icode= >,1r71_B_A,2.2
776,0.0,ASP, ,C,85.0,14.54,0.0,2.22,1.0,<Residue ASP het=  resseq=234 icode= >,1r71_B_A,2.2
777,18.25,ASP, ,O,85.31,13.69,0.0,1.30,1.0,<Residue ASP het=  resseq=234 icode= >,1r71_B_A,2.2
778,25.756,ASP, ,CB,86.87,15.69,0.0,1.21,1.0,<Residue ASP het=  resseq=234 icode= >,1r71_B_A,2.2
779,10.286,ASP, ,CG,90.85,16.83,0.0,0.83,1.0,<Residue ASP het=  resseq=234 icode= >,1r71_B_A,2.2
780,39.824,ASP, ,OD1,93.19,17.99,0.0,0.50,1.0,<Residue ASP het=  resseq=234 icode= >,1r71_B_A,2.2
781,27.268,ASP, ,OD2,95.17,16.74,0.0,0.39,1.0,<Residue ASP het=  resseq=234 icode= >,1r71_B_A,2.2
782,0.528,THR, ,N,84.28,15.23,0.0,1.65,1.0,<Residue THR het=  resseq=235 icode= >,1r71_B_A,2.2
783,7.782,THR, ,CA,83.43,14.78,0.0,1.59,1.0,<Residue THR het=  resseq=235 icode= >,1r71_B_A,2.2
784,0.15,THR, ,C,81.96,13.43,0.0,1.81,1.0,<Residue THR het=  resseq=235 icode= >,1r71_B_A,2.2
785,21.683,THR, ,O,80.49,12.44,0.0,1.49,1.0,<Residue THR het=  resseq=235 icode= >,1r71_B_A,2.2
786,14.149,THR, ,CB,83.58,15.70,0.0,1.96,1.0,<Residue THR het=  resseq=235 icode= >,1r71_B_A,2.2
787,35.593,THR, ,OG1,85.07,15.63,0.0,0.60,1.0,<Residue THR het=  resseq=235 icode= >,1r71_B_A,2.2
788,37.074,THR, ,CG2,84.0,15.43,0.0,1.44,1.0,<Residue THR het=  resseq=235 icode= >,1r71_B_A,2.2
789,0.0,GLN, ,N,80.36,13.52,0.0,1.43,1.0,<Residue GLN het=  resseq=236 icode= >,1r71_B_A,2.2
790,2.146,GLN, ,CA,78.85,12.51,0.0,1.28,1.0,<Residue GLN het=  resseq=236 icode= >,1r71_B_A,2.2
791,0.197,GLN, ,C,76.13,11.15,0.0,1.93,1.0,<Residue GLN het=  resseq=236 icode= >,1r71_B_A,2.2
792,5.202,GLN, ,O,75.43,10.55,0.0,1.52,1.0,<Residue GLN het=  resseq=236 icode= >,1r71_B_A,2.2
793,0.062,GLN, ,CB,78.82,12.86,0.0,1.20,1.0,<Residue GLN het=  resseq=236 icode= >,1r71_B_A,2.2
794,0.0,GLN, ,CG,79.25,12.31,0.0,1.37,1.0,<Residue GLN het=  resseq=236 icode= >,1r71_B_A,2.2
795,1.15,GLN, ,CD,81.33,12.33,0.0,1.52,1.0,<Residue GLN het=  resseq=236 icode= >,1r71_B_A,2.2
796,21.755,GLN, ,OE1,83.37,13.28,0.0,0.99,1.0,<Residue GLN het=  resseq=236 icode= >,1r71_B_A,2.2
797,17.665,GLN, ,NE2,83.95,11.10,0.0,0.70,1.0,<Residue GLN het=  resseq=236 icode= >,1r71_B_A,2.2
798,1.95,GLU, ,N,72.67,10.13,0.0,1.53,1.0,<Residue GLU het=  resseq=237 icode= >,1r71_B_A,2.2
799,1.373,GLU, ,CA,70.25,8.75,0.0,1.35,1.0,<Residue GLU het=  resseq=237 icode= >,1r71_B_A,2.2
800,0.0,GLU, ,C,64.3,8.50,0.0,2.56,1.0,<Residue GLU het=  resseq=237 icode= >,1r71_B_A,2.2
801,0.0,GLU, ,O,61.2,9.01,0.0,2.61,1.0,<Residue GLU het=  resseq=237 icode= >,1r71_B_A,2.2
802,22.46,GLU, ,CB,71.2,7.85,0.0,1.09,1.0,<Residue GLU het=  resseq=237 icode= >,1r71_B_A,2.2
803,22.251,GLU, ,CG,75.42,6.56,0.0,0.94,1.0,<Residue GLU het=  resseq=237 icode= >,1r71_B_A,2.2
804,9.353,GLU, ,CD,82.5,6.96,0.0,1.28,1.0,<Residue GLU het=  resseq=237 icode= >,1r71_B_A,2.2
805,41.234,GLU, ,OE1,86.49,7.32,0.0,0.46,1.0,<Residue GLU het=  resseq=237 icode= >,1r71_B_A,2.2
806,23.214,GLU, ,OE2,88.03,7.25,0.0,0.83,1.0,<Residue GLU het=  resseq=237 icode= >,1r71_B_A,2.2
807,0.634,ILE, ,N,59.03,7.42,0.0,2.25,1.0,<Residue ILE het=  resseq=238 icode= >,1r71_B_A,2.2
808,0.0,ILE, ,CA,55.29,6.81,0.0,2.08,1.0,<Residue ILE het=  resseq=238 icode= >,1r71_B_A,2.2
809,0.0,ILE, ,C,52.03,5.50,0.0,3.30,1.0,<Residue ILE het=  resseq=238 icode= >,1r71_B_A,2.2
810,16.514,ILE, ,O,51.23,4.43,1.49,2.27,1.0,<Residue ILE het=  resseq=238 icode= >,1r71_B_A,2.2
811,0.676,ILE, ,CB,52.08,6.96,0.0,2.45,1.0,<Residue ILE het=  resseq=238 icode= >,1r71_B_A,2.2
812,1.33,ILE, ,CG1,53.45,8.39,0.0,1.34,1.0,<Residue ILE het=  resseq=238 icode= >,1r71_B_A,2.2
813,0.074,ILE, ,CG2,52.31,7.09,0.0,1.66,1.0,<Residue ILE het=  resseq=238 icode= >,1r71_B_A,2.2
814,0.0,ILE, ,CD1,50.19,9.19,0.0,1.44,1.0,<Residue ILE het=  resseq=238 icode= >,1r71_B_A,2.2
815,0.0,THR, ,N,49.8,5.86,0.0,2.71,1.0,<Residue THR het=  resseq=239 icode= >,1r71_B_A,2.2
816,5.183,THR, ,CA,47.28,4.83,0.0,3.20,1.0,<Residue THR het=  resseq=239 icode= >,1r71_B_A,2.2
817,0.0,THR, ,C,46.09,5.20,0.0,3.27,1.0,<Residue THR het=  resseq=239 icode= >,1r71_B_A,2.2
818,0.0,THR, ,O,45.87,6.25,0.0,2.73,1.0,<Residue THR het=  resseq=239 icode= >,1r71_B_A,2.2
819,10.681,THR, ,CB,47.15,3.65,7.476,3.37,1.0,<Residue THR het=  resseq=239 icode= >,1r71_B_A,2.2
820,7.878,THR, ,OG1,42.77,4.27,0.0,3.08,1.0,<Residue THR het=  resseq=239 icode= >,1r71_B_A,2.2
821,44.118,THR, ,CG2,50.54,3.56,27.004,1.31,1.0,<Residue THR het=  resseq=239 icode= >,1r71_B_A,2.2
822,1.587,ARG, ,N,42.67,4.65,0.975,3.05,1.0,<Residue ARG het=  resseq=240 icode= >,1r71_B_A,2.2
823,0.0,ARG, ,CA,40.48,5.47,0.0,3.41,1.0,<Residue ARG het=  resseq=240 icode= >,1r71_B_A,2.2
824,0.913,ARG, ,C,41.15,5.63,0.0,4.07,1.0,<Residue ARG het=  resseq=240 icode= >,1r71_B_A,2.2
825,1.025,ARG, ,O,40.06,6.80,0.0,3.21,1.0,<Residue ARG het=  resseq=240 icode= >,1r71_B_A,2.2
826,21.372,ARG, ,CB,40.15,5.41,0.495,2.45,1.0,<Residue ARG het=  resseq=240 icode= >,1r71_B_A,2.2
827,7.453,ARG, ,CG,35.2,4.98,1.967,2.81,1.0,<Residue ARG het=  resseq=240 icode= >,1r71_B_A,2.2
828,19.895,ARG, ,CD,30.54,4.15,2.533,3.04,1.0,<Residue ARG het=  resseq=240 icode= >,1r71_B_A,2.2
829,1.159,ARG, ,NE,26.61,3.69,1.159,4.09,1.0,<Residue ARG het=  resseq=240 icode= >,1r71_B_A,2.2
830,3.892,ARG, ,CZ,29.12,3.31,3.892,4.95,1.0,<Residue ARG het=  resseq=240 icode= >,1r71_B_A,2.2
831,46.539,ARG, ,NH1,36.92,2.84,40.732,2.91,1.0,<Residue ARG het=  resseq=240 icode= >,1r71_B_A,2.2
832,26.832,ARG, ,NH2,28.51,2.70,26.832,4.20,1.0,<Residue ARG het=  resseq=240 icode= >,1r71_B_A,2.2
833,4.749,GLY, ,N,42.46,4.74,0.0,2.89,1.0,<Residue GLY het=  resseq=241 icode= >,1r71_B_A,2.2
834,36.059,GLY, ,CA,43.54,5.45,0.0,1.91,1.0,<Residue GLY het=  resseq=241 icode= >,1r71_B_A,2.2
835,1.402,GLY, ,C,45.95,6.63,0.0,3.26,1.0,<Residue GLY het=  resseq=241 icode= >,1r71_B_A,2.2
836,1.54,GLY, ,O,47.19,7.77,0.0,2.52,1.0,<Residue GLY het=  resseq=241 icode= >,1r71_B_A,2.2
837,0.78,THR, ,N,45.91,6.52,0.0,3.44,1.0,<Residue THR het=  resseq=242 icode= >,1r71_B_A,2.2
838,0.898,THR, ,CA,48.09,7.73,0.0,2.82,1.0,<Residue THR het=  resseq=242 icode= >,1r71_B_A,2.2
839,0.0,THR, ,C,46.45,8.76,0.0,3.64,1.0,<Residue THR het=  resseq=242 icode= >,1r71_B_A,2.2
840,2.06,THR, ,O,47.39,9.93,0.0,2.22,1.0,<Residue THR het=  resseq=242 icode= >,1r71_B_A,2.2
841,1.075,THR, ,CB,49.44,7.51,0.0,2.99,1.0,<Residue THR het=  resseq=242 icode= >,1r71_B_A,2.2
842,19.967,THR, ,OG1,55.53,8.11,0.0,0.98,1.0,<Residue THR het=  resseq=242 icode= >,1r71_B_A,2.2
843,0.287,THR, ,CG2,47.14,8.38,0.0,1.70,1.0,<Residue THR het=  resseq=242 icode= >,1r71_B_A,2.2
844,0.0,VAL, ,N,45.48,8.48,0.0,2.90,1.0,<Residue VAL het=  resseq=243 icode= >,1r71_B_A,2.2
845,0.0,VAL, ,CA,45.72,9.64,0.0,3.08,1.0,<Residue VAL het=  resseq=243 icode= >,1r71_B_A,2.2
846,0.0,VAL, ,C,47.23,9.86,0.0,3.33,1.0,<Residue VAL het=  resseq=243 icode= >,1r71_B_A,2.2
847,0.0,VAL, ,O,46.53,9.57,0.0,2.47,1.0,<Residue VAL het=  resseq=243 icode= >,1r71_B_A,2.2
848,0.0,VAL, ,CB,44.18,9.55,0.0,3.04,1.0,<Residue VAL het=  resseq=243 icode= >,1r71_B_A,2.2
849,0.205,VAL, ,CG1,44.07,8.76,0.0,1.94,1.0,<Residue VAL het=  resseq=243 icode= >,1r71_B_A,2.2
850,0.0,VAL, ,CG2,43.68,8.89,0.0,1.81,1.0,<Residue VAL het=  resseq=243 icode= >,1r71_B_A,2.2
851,0.0,LYS, ,N,50.46,9.41,0.0,2.40,1.0,<Residue LYS het=  resseq=244 icode= >,1r71_B_A,2.2
852,3.003,LYS, ,CA,54.46,8.42,0.0,2.40,1.0,<Residue LYS het=  resseq=244 icode= >,1r71_B_A,2.2
853,0.0,LYS, ,C,57.0,9.08,0.0,2.72,1.0,<Residue LYS het=  resseq=244 icode= >,1r71_B_A,2.2
854,0.534,LYS, ,O,56.37,8.69,0.0,2.04,1.0,<Residue LYS het=  resseq=244 icode= >,1r71_B_A,2.2
855,8.494,LYS, ,CB,54.93,7.73,0.0,1.74,1.0,<Residue LYS het=  resseq=244 icode= >,1r71_B_A,2.2
856,6.846,LYS, ,CG,58.18,6.99,0.0,1.36,1.0,<Residue LYS het=  resseq=244 icode= >,1r71_B_A,2.2
857,28.42,LYS, ,CD,64.59,6.61,0.0,0.87,1.0,<Residue LYS het=  resseq=244 icode= >,1r71_B_A,2.2
858,32.781,LYS, ,CE,67.37,5.92,0.0,0.61,1.0,<Residue LYS het=  resseq=244 icode= >,1r71_B_A,2.2
859,45.849,LYS, ,NZ,68.69,4.43,11.376,0.46,1.0,<Residue LYS het=  resseq=244 icode= >,1r71_B_A,2.2
860,0.0,LEU, ,N,58.43,10.27,0.0,2.54,1.0,<Residue LEU het=  resseq=245 icode= >,1r71_B_A,2.2
861,0.047,LEU, ,CA,61.42,11.15,0.0,1.90,1.0,<Residue LEU het=  resseq=245 icode= >,1r71_B_A,2.2
862,1.424,LEU, ,C,60.78,11.62,0.0,2.81,1.0,<Residue LEU het=  resseq=245 icode= >,1r71_B_A,2.2
863,1.842,LEU, ,O,60.84,11.71,0.0,2.22,1.0,<Residue LEU het=  resseq=245 icode= >,1r71_B_A,2.2
864,14.337,LEU, ,CB,62.07,11.33,0.0,1.73,1.0,<Residue LEU het=  resseq=245 icode= >,1r71_B_A,2.2
865,3.37,LEU, ,CG,66.28,10.65,0.0,1.23,1.0,<Residue LEU het=  resseq=245 icode= >,1r71_B_A,2.2
866,43.821,LEU, ,CD1,67.72,9.82,0.0,0.16,1.0,<Residue LEU het=  resseq=245 icode= >,1r71_B_A,2.2
867,52.851,LEU, ,CD2,68.4,11.80,0.0,0.49,1.0,<Residue LEU het=  resseq=245 icode= >,1r71_B_A,2.2
868,1.183,LEU, ,N,60.47,11.83,0.0,2.72,1.0,<Residue LEU het=  resseq=246 icode= >,1r71_B_A,2.2
869,5.485,LEU, ,CA,60.15,11.74,0.0,2.84,1.0,<Residue LEU het=  resseq=246 icode= >,1r71_B_A,2.2
870,0.0,LEU, ,C,62.08,10.54,0.0,3.18,1.0,<Residue LEU het=  resseq=246 icode= >,1r71_B_A,2.2
871,0.0,LEU, ,O,63.48,10.81,0.0,1.81,1.0,<Residue LEU het=  resseq=246 icode= >,1r71_B_A,2.2
872,0.1,LEU, ,CB,59.22,11.90,0.0,2.48,1.0,<Residue LEU het=  resseq=246 icode= >,1r71_B_A,2.2
873,0.0,LEU, ,CG,61.23,11.63,0.0,1.84,1.0,<Residue LEU het=  resseq=246 icode= >,1r71_B_A,2.2
874,4.9,LEU, ,CD1,61.91,12.62,0.0,0.82,1.0,<Residue LEU het=  resseq=246 icode= >,1r71_B_A,2.2
875,0.0,LEU, ,CD2,59.54,11.83,0.0,0.95,1.0,<Residue LEU het=  resseq=246 icode= >,1r71_B_A,2.2
876,0.0,ARG, ,N,62.63,9.35,0.0,2.67,1.0,<Residue ARG het=  resseq=247 icode= >,1r71_B_A,2.2
877,0.407,ARG, ,CA,63.17,8.16,0.0,3.00,1.0,<Residue ARG het=  resseq=247 icode= >,1r71_B_A,2.2
878,0.975,ARG, ,C,66.67,8.36,0.0,2.99,1.0,<Residue ARG het=  resseq=247 icode= >,1r71_B_A,2.2
879,0.0,ARG, ,O,66.03,8.12,0.0,2.02,1.0,<Residue ARG het=  resseq=247 icode= >,1r71_B_A,2.2
880,9.106,ARG, ,CB,62.07,6.90,0.0,2.19,1.0,<Residue ARG het=  resseq=247 icode= >,1r71_B_A,2.2
881,0.421,ARG, ,CG,58.59,6.99,0.0,2.01,1.0,<Residue ARG het=  resseq=247 icode= >,1r71_B_A,2.2
882,3.491,ARG, ,CD,53.29,5.78,0.0,2.29,1.0,<Residue ARG het=  resseq=247 icode= >,1r71_B_A,2.2
883,1.706,ARG, ,NE,50.12,4.74,0.0,2.56,1.0,<Residue ARG het=  resseq=247 icode= >,1r71_B_A,2.2
884,3.995,ARG, ,CZ,57.82,3.51,0.0,2.60,1.0,<Residue ARG het=  resseq=247 icode= >,1r71_B_A,2.2
885,25.385,ARG, ,NH1,56.48,2.98,7.881,1.42,1.0,<Residue ARG het=  resseq=247 icode= >,1r71_B_A,2.2
886,31.254,ARG, ,NH2,62.73,2.66,15.108,1.31,1.0,<Residue ARG het=  resseq=247 icode= >,1r71_B_A,2.2
887,0.0,GLU, ,N,70.38,9.08,0.0,2.43,1.0,<Residue GLU het=  resseq=248 icode= >,1r71_B_A,2.2
888,3.258,GLU, ,CA,73.73,9.69,0.0,2.38,1.0,<Residue GLU het=  resseq=248 icode= >,1r71_B_A,2.2
889,2.007,GLU, ,C,76.57,10.71,0.0,2.14,1.0,<Residue GLU het=  resseq=248 icode= >,1r71_B_A,2.2
890,4.376,GLU, ,O,76.39,10.83,0.0,1.19,1.0,<Residue GLU het=  resseq=248 icode= >,1r71_B_A,2.2
891,10.956,GLU, ,CB,74.64,9.70,0.0,1.26,1.0,<Residue GLU het=  resseq=248 icode= >,1r71_B_A,2.2
892,34.659,GLU, ,CG,77.41,8.59,0.0,0.97,1.0,<Residue GLU het=  resseq=248 icode= >,1r71_B_A,2.2
893,8.027,GLU, ,CD,80.26,8.16,0.0,1.39,1.0,<Residue GLU het=  resseq=248 icode= >,1r71_B_A,2.2
894,15.424,GLU, ,OE1,76.8,9.14,0.0,1.24,1.0,<Residue GLU het=  resseq=248 icode= >,1r71_B_A,2.2
895,15.935,GLU, ,OE2,81.03,6.99,0.0,1.04,1.0,<Residue GLU het=  resseq=248 icode= >,1r71_B_A,2.2
896,1.51,PHE, ,N,79.72,11.57,0.0,1.89,1.0,<Residue PHE het=  resseq=249 icode= >,1r71_B_A,2.2
897,4.157,PHE, ,CA,82.21,12.64,0.0,2.21,1.0,<Residue PHE het=  resseq=249 icode= >,1r71_B_A,2.2
898,0.0,PHE, ,C,83.4,12.22,0.0,2.60,1.0,<Residue PHE het=  resseq=249 icode= >,1r71_B_A,2.2
899,4.379,PHE, ,O,83.32,12.92,0.0,1.45,1.0,<Residue PHE het=  resseq=249 icode= >,1r71_B_A,2.2
900,13.97,PHE, ,CB,82.84,13.52,0.0,1.80,1.0,<Residue PHE het=  resseq=249 icode= >,1r71_B_A,2.2
901,2.066,PHE, ,CG,88.55,14.65,0.0,0.78,1.0,<Residue PHE het=  resseq=249 icode= >,1r71_B_A,2.2
902,13.569,PHE, ,CD1,91.33,15.60,0.0,0.49,1.0,<Residue PHE het=  resseq=249 icode= >,1r71_B_A,2.2
903,8.451,PHE, ,CD2,92.37,14.91,0.0,0.34,1.0,<Residue PHE het=  resseq=249 icode= >,1r71_B_A,2.2
904,29.096,PHE, ,CE1,92.13,16.70,0.0,0.50,1.0,<Residue PHE het=  resseq=249 icode= >,1r71_B_A,2.2
905,27.006,PHE, ,CE2,92.93,16.06,0.0,0.46,1.0,<Residue PHE het=  resseq=249 icode= >,1r71_B_A,2.2
906,35.923,PHE, ,CZ,93.29,16.92,0.0,0.43,1.0,<Residue PHE het=  resseq=249 icode= >,1r71_B_A,2.2
907,0.0,LEU, ,N,85.28,11.20,0.0,2.33,1.0,<Residue LEU het=  resseq=250 icode= >,1r71_B_A,2.2
908,0.215,LEU, ,CA,86.96,10.97,0.0,2.17,1.0,<Residue LEU het=  resseq=250 icode= >,1r71_B_A,2.2
909,0.0,LEU, ,C,89.0,10.48,0.0,2.23,1.0,<Residue LEU het=  resseq=250 icode= >,1r71_B_A,2.2
910,2.807,LEU, ,O,89.41,11.09,0.0,1.08,1.0,<Residue LEU het=  resseq=250 icode= >,1r71_B_A,2.2
911,3.284,LEU, ,CB,86.75,10.20,0.0,1.66,1.0,<Residue LEU het=  resseq=250 icode= >,1r71_B_A,2.2
912,0.0,LEU, ,CG,87.02,11.17,0.0,1.81,1.0,<Residue LEU het=  resseq=250 icode= >,1r71_B_A,2.2
913,2.02,LEU, ,CD1,87.6,12.45,0.0,0.56,1.0,<Residue LEU het=  resseq=250 icode= >,1r71_B_A,2.2
914,1.653,LEU, ,CD2,85.81,10.60,0.0,1.09,1.0,<Residue LEU het=  resseq=250 icode= >,1r71_B_A,2.2
915,0.0,ASP, ,N,91.61,9.57,0.0,1.95,1.0,<Residue ASP het=  resseq=251 icode= >,1r71_B_A,2.2
916,5.842,ASP, ,CA,94.29,9.23,0.0,1.69,1.0,<Residue ASP het=  resseq=251 icode= >,1r71_B_A,2.2
917,3.916,ASP, ,C,96.84,10.36,0.0,1.65,1.0,<Residue ASP het=  resseq=251 icode= >,1r71_B_A,2.2
918,19.893,ASP, ,O,97.31,10.28,0.0,0.81,1.0,<Residue ASP het=  resseq=251 icode= >,1r71_B_A,2.2
919,22.927,ASP, ,CB,94.45,7.87,0.0,1.05,1.0,<Residue ASP het=  resseq=251 icode= >,1r71_B_A,2.2
920,7.997,ASP, ,CG,94.2,6.71,0.0,1.60,1.0,<Residue ASP het=  resseq=251 icode= >,1r71_B_A,2.2
921,28.561,ASP, ,OD1,96.4,6.86,0.0,0.50,1.0,<Residue ASP het=  resseq=251 icode= >,1r71_B_A,2.2
922,16.939,ASP, ,OD2,94.44,5.79,0.0,0.74,1.0,<Residue ASP het=  resseq=251 icode= >,1r71_B_A,2.2
923,3.989,GLU, ,N,99.58,11.55,0.0,1.17,1.0,<Residue GLU het=  resseq=252 icode= >,1r71_B_A,2.2
924,12.796,GLU, ,CA,101.54,12.77,0.0,0.72,1.0,<Residue GLU het=  resseq=252 icode= >,1r71_B_A,2.2
925,34.497,GLU, ,C,102.1,13.91,0.0,0.49,1.0,<Residue GLU het=  resseq=252 icode= >,1r71_B_A,2.2
926,23.287,GLU, ,O,102.63,14.12,0.0,0.75,1.0,<Residue GLU het=  resseq=252 icode= >,1r71_B_A,2.2
927,18.127,GLU, ,CB,102.09,13.36,0.0,1.11,1.0,<Residue GLU het=  resseq=252 icode= >,1r71_B_A,2.2
928,21.112,GLU, ,CG,103.71,14.47,0.0,0.91,1.0,<Residue GLU het=  resseq=252 icode= >,1r71_B_A,2.2
929,8.083,GLU, ,CD,105.85,14.78,0.0,0.77,1.0,<Residue GLU het=  resseq=252 icode= >,1r71_B_A,2.2
930,27.384,GLU, ,OE1,104.77,14.55,0.0,1.06,1.0,<Residue GLU het=  resseq=252 icode= >,1r71_B_A,2.2
931,16.659,GLU, ,OE2,104.22,15.42,0.0,0.86,1.0,<Residue GLU het=  resseq=252 icode= >,1r71_B_A,2.2
