,ASA,aa,altloc,atom,bfac,dens,occ,residue,id,resolu
0,45.572,SER, ,N,48.97,0.77,0.5,<Residue SER het=  resseq=281 icode= >,1r8h_A_B,1.9
1,16.186,SER, ,CA,48.64,0.70,0.5,<Residue SER het=  resseq=281 icode= >,1r8h_A_B,1.9
2,3.664,SER, ,C,47.83,1.08,0.5,<Residue SER het=  resseq=281 icode= >,1r8h_A_B,1.9
3,0.081,SER, ,O,48.74,0.34,0.5,<Residue SER het=  resseq=281 icode= >,1r8h_A_B,1.9
4,42.061,SER, ,CB,48.82,0.77,0.5,<Residue SER het=  resseq=281 icode= >,1r8h_A_B,1.9
5,15.955,SER, ,OG,49.66,-0.07,0.5,<Residue SER het=  resseq=281 icode= >,1r8h_A_B,1.9
6,9.006,SER, ,N,46.47,2.08,1.0,<Residue SER het=  resseq=282 icode= >,1r8h_A_B,1.9
7,7.515,SER, ,CA,44.23,2.69,1.0,<Residue SER het=  resseq=282 icode= >,1r8h_A_B,1.9
8,0.261,SER, ,C,41.07,3.00,1.0,<Residue SER het=  resseq=282 icode= >,1r8h_A_B,1.9
9,3.341,SER, ,O,39.87,2.27,1.0,<Residue SER het=  resseq=282 icode= >,1r8h_A_B,1.9
10,46.859,SER, ,CB,44.79,1.83,1.0,<Residue SER het=  resseq=282 icode= >,1r8h_A_B,1.9
11,32.6,SER, ,OG,48.81,1.36,1.0,<Residue SER het=  resseq=282 icode= >,1r8h_A_B,1.9
12,0.742,ALA, ,N,37.63,3.56,1.0,<Residue ALA het=  resseq=283 icode= >,1r8h_A_B,1.9
13,0.0,ALA, ,CA,35.8,3.02,1.0,<Residue ALA het=  resseq=283 icode= >,1r8h_A_B,1.9
14,0.0,ALA, ,C,33.61,3.61,1.0,<Residue ALA het=  resseq=283 icode= >,1r8h_A_B,1.9
15,2.193,ALA, ,O,35.16,3.19,1.0,<Residue ALA het=  resseq=283 icode= >,1r8h_A_B,1.9
16,35.438,ALA, ,CB,35.51,1.88,1.0,<Residue ALA het=  resseq=283 icode= >,1r8h_A_B,1.9
17,0.0,THR, ,N,29.75,3.26,1.0,<Residue THR het=  resseq=284 icode= >,1r8h_A_B,1.9
18,0.239,THR, ,CA,28.09,3.33,1.0,<Residue THR het=  resseq=284 icode= >,1r8h_A_B,1.9
19,0.0,THR, ,C,26.17,4.92,1.0,<Residue THR het=  resseq=284 icode= >,1r8h_A_B,1.9
20,0.0,THR, ,O,24.15,5.02,1.0,<Residue THR het=  resseq=284 icode= >,1r8h_A_B,1.9
21,0.0,THR, ,CB,29.45,3.55,1.0,<Residue THR het=  resseq=284 icode= >,1r8h_A_B,1.9
22,0.906,THR, ,OG1,27.09,4.36,1.0,<Residue THR het=  resseq=284 icode= >,1r8h_A_B,1.9
23,2.478,THR, ,CG2,31.58,1.59,1.0,<Residue THR het=  resseq=284 icode= >,1r8h_A_B,1.9
24,0.0,PRO, ,N,24.95,4.86,1.0,<Residue PRO het=  resseq=285 icode= >,1r8h_A_B,1.9
25,0.0,PRO, ,CA,24.85,3.70,1.0,<Residue PRO het=  resseq=285 icode= >,1r8h_A_B,1.9
26,0.0,PRO, ,C,24.22,4.27,1.0,<Residue PRO het=  resseq=285 icode= >,1r8h_A_B,1.9
27,0.0,PRO, ,O,23.31,5.32,1.0,<Residue PRO het=  resseq=285 icode= >,1r8h_A_B,1.9
28,0.0,PRO, ,CB,25.52,3.39,1.0,<Residue PRO het=  resseq=285 icode= >,1r8h_A_B,1.9
29,1.377,PRO, ,CG,24.35,3.45,1.0,<Residue PRO het=  resseq=285 icode= >,1r8h_A_B,1.9
30,6.545,PRO, ,CD,24.44,3.28,1.0,<Residue PRO het=  resseq=285 icode= >,1r8h_A_B,1.9
31,0.0,ILE, ,N,23.82,4.80,1.0,<Residue ILE het=  resseq=286 icode= >,1r8h_A_B,1.9
32,0.0,ILE, ,CA,23.71,4.27,1.0,<Residue ILE het=  resseq=286 icode= >,1r8h_A_B,1.9
33,0.0,ILE, ,C,24.74,4.72,1.0,<Residue ILE het=  resseq=286 icode= >,1r8h_A_B,1.9
34,0.0,ILE, ,O,24.47,5.37,1.0,<Residue ILE het=  resseq=286 icode= >,1r8h_A_B,1.9
35,0.0,ILE, ,CB,25.35,3.49,1.0,<Residue ILE het=  resseq=286 icode= >,1r8h_A_B,1.9
36,1.256,ILE, ,CG1,27.44,2.64,1.0,<Residue ILE het=  resseq=286 icode= >,1r8h_A_B,1.9
37,0.0,ILE, ,CG2,25.49,2.93,1.0,<Residue ILE het=  resseq=286 icode= >,1r8h_A_B,1.9
38,19.775,ILE, ,CD1,30.52,1.40,1.0,<Residue ILE het=  resseq=286 icode= >,1r8h_A_B,1.9
39,0.0,VAL, ,N,25.57,4.36,1.0,<Residue VAL het=  resseq=287 icode= >,1r8h_A_B,1.9
40,0.0,VAL, ,CA,25.47,4.02,1.0,<Residue VAL het=  resseq=287 icode= >,1r8h_A_B,1.9
41,0.0,VAL, ,C,26.43,4.81,1.0,<Residue VAL het=  resseq=287 icode= >,1r8h_A_B,1.9
42,0.0,VAL, ,O,24.49,4.51,1.0,<Residue VAL het=  resseq=287 icode= >,1r8h_A_B,1.9
43,0.0,VAL, ,CB,25.44,3.59,1.0,<Residue VAL het=  resseq=287 icode= >,1r8h_A_B,1.9
44,0.0,VAL, ,CG1,27.44,2.96,1.0,<Residue VAL het=  resseq=287 icode= >,1r8h_A_B,1.9
45,0.0,VAL, ,CG2,24.49,3.63,1.0,<Residue VAL het=  resseq=287 icode= >,1r8h_A_B,1.9
46,0.015,GLN, ,N,26.3,4.47,1.0,<Residue GLN het=  resseq=288 icode= >,1r8h_A_B,1.9
47,0.0,GLN, ,CA,26.94,3.68,1.0,<Residue GLN het=  resseq=288 icode= >,1r8h_A_B,1.9
48,0.0,GLN, ,C,27.16,3.93,1.0,<Residue GLN het=  resseq=288 icode= >,1r8h_A_B,1.9
49,0.082,GLN, ,O,28.25,3.72,1.0,<Residue GLN het=  resseq=288 icode= >,1r8h_A_B,1.9
50,4.677,GLN, ,CB,27.82,3.13,1.0,<Residue GLN het=  resseq=288 icode= >,1r8h_A_B,1.9
51,0.086,GLN, ,CG,27.38,3.30,1.0,<Residue GLN het=  resseq=288 icode= >,1r8h_A_B,1.9
52,2.49,GLN, ,CD,30.3,4.03,1.0,<Residue GLN het=  resseq=288 icode= >,1r8h_A_B,1.9
53,19.582,GLN, ,OE1,28.06,4.24,1.0,<Residue GLN het=  resseq=288 icode= >,1r8h_A_B,1.9
54,13.416,GLN, ,NE2,28.93,3.36,1.0,<Residue GLN het=  resseq=288 icode= >,1r8h_A_B,1.9
55,0.0,PHE, ,N,25.86,4.55,1.0,<Residue PHE het=  resseq=289 icode= >,1r8h_A_B,1.9
56,0.0,PHE, ,CA,27.22,3.19,1.0,<Residue PHE het=  resseq=289 icode= >,1r8h_A_B,1.9
57,0.0,PHE, ,C,27.91,4.28,1.0,<Residue PHE het=  resseq=289 icode= >,1r8h_A_B,1.9
58,0.0,PHE, ,O,26.73,4.46,1.0,<Residue PHE het=  resseq=289 icode= >,1r8h_A_B,1.9
59,0.0,PHE, ,CB,26.03,3.14,1.0,<Residue PHE het=  resseq=289 icode= >,1r8h_A_B,1.9
60,0.0,PHE, ,CG,28.66,4.18,1.0,<Residue PHE het=  resseq=289 icode= >,1r8h_A_B,1.9
61,0.204,PHE, ,CD1,27.79,4.19,1.0,<Residue PHE het=  resseq=289 icode= >,1r8h_A_B,1.9
62,0.0,PHE, ,CD2,28.24,3.83,1.0,<Residue PHE het=  resseq=289 icode= >,1r8h_A_B,1.9
63,0.0,PHE, ,CE1,31.83,3.31,1.0,<Residue PHE het=  resseq=289 icode= >,1r8h_A_B,1.9
64,0.0,PHE, ,CE2,29.12,2.61,1.0,<Residue PHE het=  resseq=289 icode= >,1r8h_A_B,1.9
65,0.0,PHE, ,CZ,30.29,2.97,1.0,<Residue PHE het=  resseq=289 icode= >,1r8h_A_B,1.9
66,0.0,GLN, ,N,30.05,4.11,1.0,<Residue GLN het=  resseq=290 icode= >,1r8h_A_B,1.9
67,0.0,GLN, ,CA,31.9,3.32,1.0,<Residue GLN het=  resseq=290 icode= >,1r8h_A_B,1.9
68,0.0,GLN, ,C,32.06,3.38,1.0,<Residue GLN het=  resseq=290 icode= >,1r8h_A_B,1.9
69,0.413,GLN, ,O,32.27,3.56,1.0,<Residue GLN het=  resseq=290 icode= >,1r8h_A_B,1.9
70,0.716,GLN, ,CB,33.53,2.72,1.0,<Residue GLN het=  resseq=290 icode= >,1r8h_A_B,1.9
71,0.0,GLN, ,CG,39.49,2.04,1.0,<Residue GLN het=  resseq=290 icode= >,1r8h_A_B,1.9
72,0.245,GLN, ,CD,46.52,1.83,1.0,<Residue GLN het=  resseq=290 icode= >,1r8h_A_B,1.9
73,8.461,GLN, ,OE1,49.86,1.45,1.0,<Residue GLN het=  resseq=290 icode= >,1r8h_A_B,1.9
74,3.207,GLN, ,NE2,49.0,1.26,1.0,<Residue GLN het=  resseq=290 icode= >,1r8h_A_B,1.9
75,0.0,GLY, ,N,33.69,2.94,1.0,<Residue GLY het=  resseq=291 icode= >,1r8h_A_B,1.9
76,6.741,GLY, ,CA,34.48,1.90,1.0,<Residue GLY het=  resseq=291 icode= >,1r8h_A_B,1.9
77,1.437,GLY, ,C,35.21,2.52,1.0,<Residue GLY het=  resseq=291 icode= >,1r8h_A_B,1.9
78,0.218,GLY, ,O,34.77,2.48,1.0,<Residue GLY het=  resseq=291 icode= >,1r8h_A_B,1.9
79,5.113,GLU, ,N,35.91,3.11,1.0,<Residue GLU het=  resseq=292 icode= >,1r8h_A_B,1.9
80,8.776,GLU, ,CA,36.5,3.57,1.0,<Residue GLU het=  resseq=292 icode= >,1r8h_A_B,1.9
81,0.0,GLU, ,C,36.4,3.96,1.0,<Residue GLU het=  resseq=292 icode= >,1r8h_A_B,1.9
82,0.0,GLU, ,O,35.11,3.43,1.0,<Residue GLU het=  resseq=292 icode= >,1r8h_A_B,1.9
83,19.837,GLU, ,CB,38.66,1.43,1.0,<Residue GLU het=  resseq=292 icode= >,1r8h_A_B,1.9
84,39.034,GLU, ,CG,43.17,1.05,1.0,<Residue GLU het=  resseq=292 icode= >,1r8h_A_B,1.9
85,7.521,GLU, ,CD,47.06,2.19,1.0,<Residue GLU het=  resseq=292 icode= >,1r8h_A_B,1.9
86,1.447,GLU, ,OE1,50.45,1.56,1.0,<Residue GLU het=  resseq=292 icode= >,1r8h_A_B,1.9
87,15.39,GLU, ,OE2,52.41,1.52,1.0,<Residue GLU het=  resseq=292 icode= >,1r8h_A_B,1.9
88,3.689,SER, ,N,35.18,3.56,1.0,<Residue SER het=  resseq=293 icode= >,1r8h_A_B,1.9
89,0.0,SER, ,CA,36.23,2.55,1.0,<Residue SER het=  resseq=293 icode= >,1r8h_A_B,1.9
90,0.0,SER, ,C,35.01,3.44,1.0,<Residue SER het=  resseq=293 icode= >,1r8h_A_B,1.9
91,0.0,SER, ,O,33.56,3.66,1.0,<Residue SER het=  resseq=293 icode= >,1r8h_A_B,1.9
92,9.143,SER, ,CB,36.34,2.38,1.0,<Residue SER het=  resseq=293 icode= >,1r8h_A_B,1.9
93,23.454,SER, ,OG,40.25,2.06,1.0,<Residue SER het=  resseq=293 icode= >,1r8h_A_B,1.9
94,0.0,ASN, ,N,35.72,2.25,1.0,<Residue ASN het=  resseq=294 icode= >,1r8h_A_B,1.9
95,0.195,ASN, ,CA,34.79,2.33,1.0,<Residue ASN het=  resseq=294 icode= >,1r8h_A_B,1.9
96,1.842,ASN, ,C,33.89,3.39,1.0,<Residue ASN het=  resseq=294 icode= >,1r8h_A_B,1.9
97,3.389,ASN, ,O,34.59,3.35,1.0,<Residue ASN het=  resseq=294 icode= >,1r8h_A_B,1.9
98,23.929,ASN, ,CB,34.84,2.46,1.0,<Residue ASN het=  resseq=294 icode= >,1r8h_A_B,1.9
99,6.326,ASN, ,CG,34.88,3.78,1.0,<Residue ASN het=  resseq=294 icode= >,1r8h_A_B,1.9
100,27.397,ASN, ,OD1,42.13,2.55,1.0,<Residue ASN het=  resseq=294 icode= >,1r8h_A_B,1.9
101,37.961,ASN, ,ND2,36.31,3.07,1.0,<Residue ASN het=  resseq=294 icode= >,1r8h_A_B,1.9
102,0.002,CYS, ,N,32.71,3.46,1.0,<Residue CYS het=  resseq=295 icode= >,1r8h_A_B,1.9
103,3.528,CYS, ,CA,33.46,3.14,1.0,<Residue CYS het=  resseq=295 icode= >,1r8h_A_B,1.9
104,0.0,CYS, ,C,33.08,3.55,1.0,<Residue CYS het=  resseq=295 icode= >,1r8h_A_B,1.9
105,2.361,CYS, ,O,31.26,4.56,1.0,<Residue CYS het=  resseq=295 icode= >,1r8h_A_B,1.9
106,4.898,CYS, ,CB,34.1,2.89,1.0,<Residue CYS het=  resseq=295 icode= >,1r8h_A_B,1.9
107,47.816,CYS, ,SG,37.15,5.49,1.0,<Residue CYS het=  resseq=295 icode= >,1r8h_A_B,1.9
108,0.0,LEU, ,N,33.31,3.62,1.0,<Residue LEU het=  resseq=296 icode= >,1r8h_A_B,1.9
109,0.0,LEU, ,CA,33.22,3.36,1.0,<Residue LEU het=  resseq=296 icode= >,1r8h_A_B,1.9
110,0.0,LEU, ,C,33.79,3.78,1.0,<Residue LEU het=  resseq=296 icode= >,1r8h_A_B,1.9
111,0.724,LEU, ,O,34.0,3.28,1.0,<Residue LEU het=  resseq=296 icode= >,1r8h_A_B,1.9
112,0.0,LEU, ,CB,33.54,2.29,1.0,<Residue LEU het=  resseq=296 icode= >,1r8h_A_B,1.9
113,0.0,LEU, ,CG,32.27,2.62,1.0,<Residue LEU het=  resseq=296 icode= >,1r8h_A_B,1.9
114,0.0,LEU, ,CD1,32.78,1.72,1.0,<Residue LEU het=  resseq=296 icode= >,1r8h_A_B,1.9
115,0.082,LEU, ,CD2,32.25,2.10,1.0,<Residue LEU het=  resseq=296 icode= >,1r8h_A_B,1.9
116,0.0,LYS, ,N,34.81,3.47,1.0,<Residue LYS het=  resseq=297 icode= >,1r8h_A_B,1.9
117,0.0,LYS, ,CA,35.31,3.28,1.0,<Residue LYS het=  resseq=297 icode= >,1r8h_A_B,1.9
118,0.0,LYS, ,C,35.14,3.36,1.0,<Residue LYS het=  resseq=297 icode= >,1r8h_A_B,1.9
119,0.0,LYS, ,O,34.86,3.44,1.0,<Residue LYS het=  resseq=297 icode= >,1r8h_A_B,1.9
120,8.812,LYS, ,CB,36.16,2.18,1.0,<Residue LYS het=  resseq=297 icode= >,1r8h_A_B,1.9
121,0.433,LYS, ,CG,40.66,1.72,1.0,<Residue LYS het=  resseq=297 icode= >,1r8h_A_B,1.9
122,10.917,LYS, ,CD,46.7,0.37,0.0,<Residue LYS het=  resseq=297 icode= >,1r8h_A_B,1.9
123,9.959,LYS, ,CE,47.08,0.12,0.0,<Residue LYS het=  resseq=297 icode= >,1r8h_A_B,1.9
124,48.149,LYS, ,NZ,47.7,0.14,0.0,<Residue LYS het=  resseq=297 icode= >,1r8h_A_B,1.9
125,1.132,CYS, ,N,35.34,2.67,1.0,<Residue CYS het=  resseq=298 icode= >,1r8h_A_B,1.9
126,4.914,CYS, ,CA,35.32,2.68,1.0,<Residue CYS het=  resseq=298 icode= >,1r8h_A_B,1.9
127,0.0,CYS, ,C,35.12,3.85,1.0,<Residue CYS het=  resseq=298 icode= >,1r8h_A_B,1.9
128,1.939,CYS, ,O,35.46,3.85,1.0,<Residue CYS het=  resseq=298 icode= >,1r8h_A_B,1.9
129,14.101,CYS, ,CB,34.93,1.91,1.0,<Residue CYS het=  resseq=298 icode= >,1r8h_A_B,1.9
130,68.958,CYS, ,SG,36.46,5.74,1.0,<Residue CYS het=  resseq=298 icode= >,1r8h_A_B,1.9
131,0.107,PHE, ,N,35.41,3.03,1.0,<Residue PHE het=  resseq=299 icode= >,1r8h_A_B,1.9
132,2.955,PHE, ,CA,34.47,3.12,1.0,<Residue PHE het=  resseq=299 icode= >,1r8h_A_B,1.9
133,0.0,PHE, ,C,34.56,4.06,1.0,<Residue PHE het=  resseq=299 icode= >,1r8h_A_B,1.9
134,0.0,PHE, ,O,33.07,3.63,1.0,<Residue PHE het=  resseq=299 icode= >,1r8h_A_B,1.9
135,0.46,PHE, ,CB,34.65,3.15,1.0,<Residue PHE het=  resseq=299 icode= >,1r8h_A_B,1.9
136,0.0,PHE, ,CG,34.18,2.62,1.0,<Residue PHE het=  resseq=299 icode= >,1r8h_A_B,1.9
137,3.255,PHE, ,CD1,32.67,2.53,1.0,<Residue PHE het=  resseq=299 icode= >,1r8h_A_B,1.9
138,3.382,PHE, ,CD2,36.07,2.37,1.0,<Residue PHE het=  resseq=299 icode= >,1r8h_A_B,1.9
139,1.937,PHE, ,CE1,34.08,2.30,1.0,<Residue PHE het=  resseq=299 icode= >,1r8h_A_B,1.9
140,0.0,PHE, ,CE2,34.0,2.47,1.0,<Residue PHE het=  resseq=299 icode= >,1r8h_A_B,1.9
141,0.0,PHE, ,CZ,35.9,2.39,1.0,<Residue PHE het=  resseq=299 icode= >,1r8h_A_B,1.9
142,0.104,ARG, ,N,36.13,3.58,1.0,<Residue ARG het=  resseq=300 icode= >,1r8h_A_B,1.9
143,0.448,ARG, ,CA,38.08,3.50,1.0,<Residue ARG het=  resseq=300 icode= >,1r8h_A_B,1.9
144,0.0,ARG, ,C,39.01,3.69,1.0,<Residue ARG het=  resseq=300 icode= >,1r8h_A_B,1.9
145,0.0,ARG, ,O,38.72,2.51,1.0,<Residue ARG het=  resseq=300 icode= >,1r8h_A_B,1.9
146,0.236,ARG, ,CB,38.45,2.72,1.0,<Residue ARG het=  resseq=300 icode= >,1r8h_A_B,1.9
147,0.0,ARG, ,CG,43.67,2.25,1.0,<Residue ARG het=  resseq=300 icode= >,1r8h_A_B,1.9
148,1.07,ARG, ,CD,49.76,1.49,1.0,<Residue ARG het=  resseq=300 icode= >,1r8h_A_B,1.9
149,0.0,ARG, ,NE,55.09,2.17,1.0,<Residue ARG het=  resseq=300 icode= >,1r8h_A_B,1.9
150,2.605,ARG, ,CZ,59.04,1.80,1.0,<Residue ARG het=  resseq=300 icode= >,1r8h_A_B,1.9
151,26.217,ARG, ,NH1,60.98,1.07,1.0,<Residue ARG het=  resseq=300 icode= >,1r8h_A_B,1.9
152,27.11,ARG, ,NH2,60.21,0.88,1.0,<Residue ARG het=  resseq=300 icode= >,1r8h_A_B,1.9
153,0.0,TYR, ,N,39.48,3.54,1.0,<Residue TYR het=  resseq=301 icode= >,1r8h_A_B,1.9
154,1.223,TYR, ,CA,40.28,3.06,1.0,<Residue TYR het=  resseq=301 icode= >,1r8h_A_B,1.9
155,1.026,TYR, ,C,39.12,4.06,1.0,<Residue TYR het=  resseq=301 icode= >,1r8h_A_B,1.9
156,1.822,TYR, ,O,39.53,2.72,1.0,<Residue TYR het=  resseq=301 icode= >,1r8h_A_B,1.9
157,20.405,TYR, ,CB,41.56,1.74,1.0,<Residue TYR het=  resseq=301 icode= >,1r8h_A_B,1.9
158,2.199,TYR, ,CG,45.53,1.92,1.0,<Residue TYR het=  resseq=301 icode= >,1r8h_A_B,1.9
159,9.155,TYR, ,CD1,51.22,1.92,1.0,<Residue TYR het=  resseq=301 icode= >,1r8h_A_B,1.9
160,18.481,TYR, ,CD2,50.36,1.31,1.0,<Residue TYR het=  resseq=301 icode= >,1r8h_A_B,1.9
161,13.749,TYR, ,CE1,52.89,1.72,1.0,<Residue TYR het=  resseq=301 icode= >,1r8h_A_B,1.9
162,27.384,TYR, ,CE2,52.19,1.59,1.0,<Residue TYR het=  resseq=301 icode= >,1r8h_A_B,1.9
163,5.108,TYR, ,CZ,53.63,2.13,1.0,<Residue TYR het=  resseq=301 icode= >,1r8h_A_B,1.9
164,37.112,TYR, ,OH,59.67,1.11,1.0,<Residue TYR het=  resseq=301 icode= >,1r8h_A_B,1.9
165,0.461,ARG, ,N,39.08,3.24,1.0,<Residue ARG het=  resseq=302 icode= >,1r8h_A_B,1.9
166,4.238,ARG, ,CA,39.48,2.71,1.0,<Residue ARG het=  resseq=302 icode= >,1r8h_A_B,1.9
167,0.0,ARG, ,C,38.68,2.89,1.0,<Residue ARG het=  resseq=302 icode= >,1r8h_A_B,1.9
168,0.0,ARG, ,O,39.07,2.99,1.0,<Residue ARG het=  resseq=302 icode= >,1r8h_A_B,1.9
169,9.63,ARG, ,CB,40.15,2.82,1.0,<Residue ARG het=  resseq=302 icode= >,1r8h_A_B,1.9
170,12.49,ARG, ,CG,44.24,1.85,1.0,<Residue ARG het=  resseq=302 icode= >,1r8h_A_B,1.9
171,6.94,ARG, ,CD,51.35,1.01,1.0,<Residue ARG het=  resseq=302 icode= >,1r8h_A_B,1.9
172,0.842,ARG, ,NE,56.85,1.13,1.0,<Residue ARG het=  resseq=302 icode= >,1r8h_A_B,1.9
173,5.751,ARG, ,CZ,61.55,1.24,1.0,<Residue ARG het=  resseq=302 icode= >,1r8h_A_B,1.9
174,47.851,ARG, ,NH1,62.36,1.29,1.0,<Residue ARG het=  resseq=302 icode= >,1r8h_A_B,1.9
175,51.698,ARG, ,NH2,61.6,1.07,1.0,<Residue ARG het=  resseq=302 icode= >,1r8h_A_B,1.9
176,0.0,LEU, ,N,36.62,3.71,1.0,<Residue LEU het=  resseq=303 icode= >,1r8h_A_B,1.9
177,0.0,LEU, ,CA,36.32,3.44,1.0,<Residue LEU het=  resseq=303 icode= >,1r8h_A_B,1.9
178,0.0,LEU, ,C,37.5,3.38,1.0,<Residue LEU het=  resseq=303 icode= >,1r8h_A_B,1.9
179,0.0,LEU, ,O,36.52,2.77,1.0,<Residue LEU het=  resseq=303 icode= >,1r8h_A_B,1.9
180,0.0,LEU, ,CB,35.15,2.83,1.0,<Residue LEU het=  resseq=303 icode= >,1r8h_A_B,1.9
181,0.0,LEU, ,CG,32.61,3.23,1.0,<Residue LEU het=  resseq=303 icode= >,1r8h_A_B,1.9
182,0.513,LEU, ,CD1,30.57,2.47,1.0,<Residue LEU het=  resseq=303 icode= >,1r8h_A_B,1.9
183,0.187,LEU, ,CD2,30.38,2.34,1.0,<Residue LEU het=  resseq=303 icode= >,1r8h_A_B,1.9
184,0.0,ASN, ,N,39.61,2.77,1.0,<Residue ASN het=  resseq=304 icode= >,1r8h_A_B,1.9
185,0.0,ASN, ,CA,40.82,2.67,1.0,<Residue ASN het=  resseq=304 icode= >,1r8h_A_B,1.9
186,0.112,ASN, ,C,40.57,3.34,1.0,<Residue ASN het=  resseq=304 icode= >,1r8h_A_B,1.9
187,1.399,ASN, ,O,39.01,2.60,1.0,<Residue ASN het=  resseq=304 icode= >,1r8h_A_B,1.9
188,10.405,ASN, ,CB,42.04,1.70,1.0,<Residue ASN het=  resseq=304 icode= >,1r8h_A_B,1.9
189,2.875,ASN, ,CG,45.63,2.04,1.0,<Residue ASN het=  resseq=304 icode= >,1r8h_A_B,1.9
190,9.056,ASN, ,OD1,49.56,1.50,1.0,<Residue ASN het=  resseq=304 icode= >,1r8h_A_B,1.9
191,16.311,ASN, ,ND2,48.14,1.49,1.0,<Residue ASN het=  resseq=304 icode= >,1r8h_A_B,1.9
192,0.0,ASP, ,N,40.62,2.67,1.0,<Residue ASP het=  resseq=304 icode=A>,1r8h_A_B,1.9
193,5.458,ASP, ,CA,41.56,2.50,1.0,<Residue ASP het=  resseq=304 icode=A>,1r8h_A_B,1.9
194,0.0,ASP, ,C,40.72,3.00,1.0,<Residue ASP het=  resseq=304 icode=A>,1r8h_A_B,1.9
195,22.962,ASP, ,O,42.14,2.56,1.0,<Residue ASP het=  resseq=304 icode=A>,1r8h_A_B,1.9
196,16.388,ASP, ,CB,42.47,1.87,1.0,<Residue ASP het=  resseq=304 icode=A>,1r8h_A_B,1.9
197,7.922,ASP, ,CG,47.31,1.72,1.0,<Residue ASP het=  resseq=304 icode=A>,1r8h_A_B,1.9
198,25.473,ASP, ,OD1,53.04,1.14,1.0,<Residue ASP het=  resseq=304 icode=A>,1r8h_A_B,1.9
199,29.327,ASP, ,OD2,51.02,1.57,1.0,<Residue ASP het=  resseq=304 icode=A>,1r8h_A_B,1.9
200,0.0,LYS, ,N,39.11,2.96,1.0,<Residue LYS het=  resseq=305 icode= >,1r8h_A_B,1.9
201,3.48,LYS, ,CA,37.33,2.85,1.0,<Residue LYS het=  resseq=305 icode= >,1r8h_A_B,1.9
202,2.279,LYS, ,C,36.3,2.73,1.0,<Residue LYS het=  resseq=305 icode= >,1r8h_A_B,1.9
203,22.364,LYS, ,O,35.44,2.75,1.0,<Residue LYS het=  resseq=305 icode= >,1r8h_A_B,1.9
204,2.251,LYS, ,CB,39.01,1.54,1.0,<Residue LYS het=  resseq=305 icode= >,1r8h_A_B,1.9
205,0.387,LYS, ,CG,38.94,1.29,1.0,<Residue LYS het=  resseq=305 icode= >,1r8h_A_B,1.9
206,23.667,LYS, ,CD,38.38,-0.35,0.0,<Residue LYS het=  resseq=305 icode= >,1r8h_A_B,1.9
207,28.283,LYS, ,CE,38.14,0.29,0.0,<Residue LYS het=  resseq=305 icode= >,1r8h_A_B,1.9
208,48.515,LYS, ,NZ,37.92,0.50,0.0,<Residue LYS het=  resseq=305 icode= >,1r8h_A_B,1.9
209,0.0,HIS, ,N,33.59,2.84,1.0,<Residue HIS het=  resseq=306 icode= >,1r8h_A_B,1.9
210,3.794,HIS, ,CA,32.52,2.47,1.0,<Residue HIS het=  resseq=306 icode= >,1r8h_A_B,1.9
211,0.149,HIS, ,C,31.41,3.16,1.0,<Residue HIS het=  resseq=306 icode= >,1r8h_A_B,1.9
212,0.0,HIS, ,O,29.18,3.83,1.0,<Residue HIS het=  resseq=306 icode= >,1r8h_A_B,1.9
213,0.0,HIS, ,CB,32.15,2.54,1.0,<Residue HIS het=  resseq=306 icode= >,1r8h_A_B,1.9
214,0.0,HIS, ,CG,32.38,2.64,1.0,<Residue HIS het=  resseq=306 icode= >,1r8h_A_B,1.9
215,2.31,HIS, ,ND1,32.75,3.39,1.0,<Residue HIS het=  resseq=306 icode= >,1r8h_A_B,1.9
216,0.115,HIS, ,CD2,31.31,2.88,1.0,<Residue HIS het=  resseq=306 icode= >,1r8h_A_B,1.9
217,17.602,HIS, ,CE1,33.97,2.84,1.0,<Residue HIS het=  resseq=306 icode= >,1r8h_A_B,1.9
218,9.595,HIS, ,NE2,32.58,3.09,1.0,<Residue HIS het=  resseq=306 icode= >,1r8h_A_B,1.9
219,3.352,ARG, ,N,30.64,3.74,1.0,<Residue ARG het=  resseq=307 icode= >,1r8h_A_B,1.9
220,0.0,ARG, ,CA,30.6,3.16,1.0,<Residue ARG het=  resseq=307 icode= >,1r8h_A_B,1.9
221,0.0,ARG, ,C,28.47,4.54,1.0,<Residue ARG het=  resseq=307 icode= >,1r8h_A_B,1.9
222,3.084,ARG, ,O,28.64,4.24,1.0,<Residue ARG het=  resseq=307 icode= >,1r8h_A_B,1.9
223,5.79,ARG, ,CB,31.73,2.29,1.0,<Residue ARG het=  resseq=307 icode= >,1r8h_A_B,1.9
224,11.218,ARG, ,CG,33.67,2.31,1.0,<Residue ARG het=  resseq=307 icode= >,1r8h_A_B,1.9
225,21.417,ARG, ,CD,37.05,1.55,1.0,<Residue ARG het=  resseq=307 icode= >,1r8h_A_B,1.9
226,1.703,ARG, ,NE,42.15,1.66,1.0,<Residue ARG het=  resseq=307 icode= >,1r8h_A_B,1.9
227,4.679,ARG, ,CZ,43.15,0.72,0.0,<Residue ARG het=  resseq=307 icode= >,1r8h_A_B,1.9
228,47.01,ARG, ,NH1,44.2,0.10,0.0,<Residue ARG het=  resseq=307 icode= >,1r8h_A_B,1.9
229,38.229,ARG, ,NH2,42.64,0.33,0.0,<Residue ARG het=  resseq=307 icode= >,1r8h_A_B,1.9
230,2.59,HIS, ,N,26.5,4.48,1.0,<Residue HIS het=  resseq=308 icode= >,1r8h_A_B,1.9
231,2.549,HIS, ,CA,26.6,3.71,1.0,<Residue HIS het=  resseq=308 icode= >,1r8h_A_B,1.9
232,0.395,HIS, ,C,26.47,3.30,1.0,<Residue HIS het=  resseq=308 icode= >,1r8h_A_B,1.9
233,12.378,HIS, ,O,25.01,4.11,1.0,<Residue HIS het=  resseq=308 icode= >,1r8h_A_B,1.9
234,30.961,HIS, ,CB,26.15,3.50,1.0,<Residue HIS het=  resseq=308 icode= >,1r8h_A_B,1.9
235,3.026,HIS, ,CG,27.04,3.78,1.0,<Residue HIS het=  resseq=308 icode= >,1r8h_A_B,1.9
236,17.278,HIS, ,ND1,32.93,2.93,1.0,<Residue HIS het=  resseq=308 icode= >,1r8h_A_B,1.9
237,33.086,HIS, ,CD2,23.49,3.42,1.0,<Residue HIS het=  resseq=308 icode= >,1r8h_A_B,1.9
238,28.325,HIS, ,CE1,29.04,3.27,1.0,<Residue HIS het=  resseq=308 icode= >,1r8h_A_B,1.9
239,25.419,HIS, ,NE2,27.61,3.51,1.0,<Residue HIS het=  resseq=308 icode= >,1r8h_A_B,1.9
240,0.0,LEU, ,N,26.64,4.35,1.0,<Residue LEU het=  resseq=309 icode= >,1r8h_A_B,1.9
241,0.0,LEU, ,CA,25.71,3.92,1.0,<Residue LEU het=  resseq=309 icode= >,1r8h_A_B,1.9
242,0.0,LEU, ,C,26.16,4.49,1.0,<Residue LEU het=  resseq=309 icode= >,1r8h_A_B,1.9
243,0.0,LEU, ,O,24.77,4.46,1.0,<Residue LEU het=  resseq=309 icode= >,1r8h_A_B,1.9
244,0.0,LEU, ,CB,26.89,2.75,1.0,<Residue LEU het=  resseq=309 icode= >,1r8h_A_B,1.9
245,6.18,LEU, ,CG,28.42,3.01,1.0,<Residue LEU het=  resseq=309 icode= >,1r8h_A_B,1.9
246,8.387,LEU, ,CD1,30.76,2.38,1.0,<Residue LEU het=  resseq=309 icode= >,1r8h_A_B,1.9
247,13.977,LEU, ,CD2,27.3,2.48,1.0,<Residue LEU het=  resseq=309 icode= >,1r8h_A_B,1.9
248,0.0,PHE, ,N,24.44,4.46,1.0,<Residue PHE het=  resseq=310 icode= >,1r8h_A_B,1.9
249,0.0,PHE, ,CA,24.51,3.63,1.0,<Residue PHE het=  resseq=310 icode= >,1r8h_A_B,1.9
250,0.0,PHE, ,C,26.0,4.49,1.0,<Residue PHE het=  resseq=310 icode= >,1r8h_A_B,1.9
251,7.053,PHE, ,O,26.71,4.54,1.0,<Residue PHE het=  resseq=310 icode= >,1r8h_A_B,1.9
252,0.0,PHE, ,CB,22.48,3.61,1.0,<Residue PHE het=  resseq=310 icode= >,1r8h_A_B,1.9
253,0.0,PHE, ,CG,24.46,3.39,1.0,<Residue PHE het=  resseq=310 icode= >,1r8h_A_B,1.9
254,0.0,PHE, ,CD1,26.75,3.08,1.0,<Residue PHE het=  resseq=310 icode= >,1r8h_A_B,1.9
255,0.0,PHE, ,CD2,27.77,2.77,1.0,<Residue PHE het=  resseq=310 icode= >,1r8h_A_B,1.9
256,3.587,PHE, ,CE1,27.02,3.32,1.0,<Residue PHE het=  resseq=310 icode= >,1r8h_A_B,1.9
257,0.0,PHE, ,CE2,28.03,3.14,1.0,<Residue PHE het=  resseq=310 icode= >,1r8h_A_B,1.9
258,0.166,PHE, ,CZ,29.29,3.15,1.0,<Residue PHE het=  resseq=310 icode= >,1r8h_A_B,1.9
259,0.0,ASP, ,N,24.49,4.58,1.0,<Residue ASP het=  resseq=311 icode= >,1r8h_A_B,1.9
260,4.013,ASP, ,CA,25.7,3.23,1.0,<Residue ASP het=  resseq=311 icode= >,1r8h_A_B,1.9
261,0.0,ASP, ,C,25.69,3.82,1.0,<Residue ASP het=  resseq=311 icode= >,1r8h_A_B,1.9
262,16.752,ASP, ,O,24.98,4.59,1.0,<Residue ASP het=  resseq=311 icode= >,1r8h_A_B,1.9
263,1.689,ASP, ,CB,24.84,2.60,1.0,<Residue ASP het=  resseq=311 icode= >,1r8h_A_B,1.9
264,6.943,ASP, ,CG,29.69,3.97,1.0,<Residue ASP het=  resseq=311 icode= >,1r8h_A_B,1.9
265,21.622,ASP, ,OD1,30.32,4.18,1.0,<Residue ASP het=  resseq=311 icode= >,1r8h_A_B,1.9
266,23.859,ASP, ,OD2,28.25,4.02,1.0,<Residue ASP het=  resseq=311 icode= >,1r8h_A_B,1.9
267,0.0,LEU, ,N,24.99,4.69,1.0,<Residue LEU het=  resseq=312 icode= >,1r8h_A_B,1.9
268,2.469,LEU, ,CA,25.89,3.29,1.0,<Residue LEU het=  resseq=312 icode= >,1r8h_A_B,1.9
269,0.212,LEU, ,C,26.17,4.29,1.0,<Residue LEU het=  resseq=312 icode= >,1r8h_A_B,1.9
270,0.0,LEU, ,O,26.94,3.79,1.0,<Residue LEU het=  resseq=312 icode= >,1r8h_A_B,1.9
271,9.452,LEU, ,CB,26.22,2.97,1.0,<Residue LEU het=  resseq=312 icode= >,1r8h_A_B,1.9
272,0.051,LEU, ,CG,30.05,2.36,1.0,<Residue LEU het=  resseq=312 icode= >,1r8h_A_B,1.9
273,26.234,LEU, ,CD1,32.31,1.99,1.0,<Residue LEU het=  resseq=312 icode= >,1r8h_A_B,1.9
274,49.739,LEU, ,CD2,31.68,2.57,1.0,<Residue LEU het=  resseq=312 icode= >,1r8h_A_B,1.9
275,2.212,ILE, ,N,25.87,4.31,1.0,<Residue ILE het=  resseq=313 icode= >,1r8h_A_B,1.9
276,0.184,ILE, ,CA,26.88,3.79,1.0,<Residue ILE het=  resseq=313 icode= >,1r8h_A_B,1.9
277,1.637,ILE, ,C,27.56,4.74,1.0,<Residue ILE het=  resseq=313 icode= >,1r8h_A_B,1.9
278,22.273,ILE, ,O,28.48,4.52,1.0,<Residue ILE het=  resseq=313 icode= >,1r8h_A_B,1.9
279,0.0,ILE, ,CB,27.41,3.35,1.0,<Residue ILE het=  resseq=313 icode= >,1r8h_A_B,1.9
280,0.0,ILE, ,CG1,28.66,3.12,1.0,<Residue ILE het=  resseq=313 icode= >,1r8h_A_B,1.9
281,15.578,ILE, ,CG2,27.18,3.03,1.0,<Residue ILE het=  resseq=313 icode= >,1r8h_A_B,1.9
282,0.557,ILE, ,CD1,29.71,2.62,1.0,<Residue ILE het=  resseq=313 icode= >,1r8h_A_B,1.9
283,1.319,SER, ,N,27.12,4.39,1.0,<Residue SER het=  resseq=314 icode= >,1r8h_A_B,1.9
284,9.218,SER, ,CA,26.67,3.28,1.0,<Residue SER het=  resseq=314 icode= >,1r8h_A_B,1.9
285,1.2,SER, ,C,26.52,4.57,1.0,<Residue SER het=  resseq=314 icode= >,1r8h_A_B,1.9
286,0.0,SER, ,O,27.23,3.67,1.0,<Residue SER het=  resseq=314 icode= >,1r8h_A_B,1.9
287,22.818,SER, ,CB,26.58,3.41,1.0,<Residue SER het=  resseq=314 icode= >,1r8h_A_B,1.9
288,0.0,SER, ,OG,25.07,4.49,1.0,<Residue SER het=  resseq=314 icode= >,1r8h_A_B,1.9
289,6.466,SER, ,N,27.99,3.81,1.0,<Residue SER het=  resseq=315 icode= >,1r8h_A_B,1.9
290,0.974,SER, ,CA,28.34,3.83,1.0,<Residue SER het=  resseq=315 icode= >,1r8h_A_B,1.9
291,0.0,SER, ,C,29.24,4.53,1.0,<Residue SER het=  resseq=315 icode= >,1r8h_A_B,1.9
292,0.0,SER, ,O,27.89,4.49,1.0,<Residue SER het=  resseq=315 icode= >,1r8h_A_B,1.9
293,38.886,SER, ,CB,29.82,2.85,1.0,<Residue SER het=  resseq=315 icode= >,1r8h_A_B,1.9
294,29.264,SER, ,OG,29.91,3.29,1.0,<Residue SER het=  resseq=315 icode= >,1r8h_A_B,1.9
295,1.497,THR, ,N,28.28,4.70,1.0,<Residue THR het=  resseq=316 icode= >,1r8h_A_B,1.9
296,0.0,THR, ,CA,30.0,3.23,1.0,<Residue THR het=  resseq=316 icode= >,1r8h_A_B,1.9
297,1.127,THR, ,C,29.86,3.97,1.0,<Residue THR het=  resseq=316 icode= >,1r8h_A_B,1.9
298,17.19,THR, ,O,31.07,4.28,1.0,<Residue THR het=  resseq=316 icode= >,1r8h_A_B,1.9
299,0.959,THR, ,CB,31.22,2.78,1.0,<Residue THR het=  resseq=316 icode= >,1r8h_A_B,1.9
300,13.291,THR, ,OG1,34.85,2.80,1.0,<Residue THR het=  resseq=316 icode= >,1r8h_A_B,1.9
301,0.252,THR, ,CG2,30.08,2.77,1.0,<Residue THR het=  resseq=316 icode= >,1r8h_A_B,1.9
302,0.0,TRP, ,N,29.32,3.88,1.0,<Residue TRP het=  resseq=317 icode= >,1r8h_A_B,1.9
303,5.139,TRP, ,CA,27.37,3.53,1.0,<Residue TRP het=  resseq=317 icode= >,1r8h_A_B,1.9
304,0.13,TRP, ,C,28.52,4.21,1.0,<Residue TRP het=  resseq=317 icode= >,1r8h_A_B,1.9
305,0.0,TRP, ,O,28.57,4.40,1.0,<Residue TRP het=  resseq=317 icode= >,1r8h_A_B,1.9
306,24.382,TRP, ,CB,28.63,2.26,1.0,<Residue TRP het=  resseq=317 icode= >,1r8h_A_B,1.9
307,2.333,TRP, ,CG,26.54,3.74,1.0,<Residue TRP het=  resseq=317 icode= >,1r8h_A_B,1.9
308,4.674,TRP, ,CD1,24.97,3.77,1.0,<Residue TRP het=  resseq=317 icode= >,1r8h_A_B,1.9
309,2.84,TRP, ,CD2,26.0,3.29,1.0,<Residue TRP het=  resseq=317 icode= >,1r8h_A_B,1.9
310,2.618,TRP, ,NE1,24.79,4.62,1.0,<Residue TRP het=  resseq=317 icode= >,1r8h_A_B,1.9
311,3.519,TRP, ,CE2,27.12,3.59,1.0,<Residue TRP het=  resseq=317 icode= >,1r8h_A_B,1.9
312,8.747,TRP, ,CE3,25.84,2.58,1.0,<Residue TRP het=  resseq=317 icode= >,1r8h_A_B,1.9
313,9.169,TRP, ,CZ2,27.19,3.17,1.0,<Residue TRP het=  resseq=317 icode= >,1r8h_A_B,1.9
314,4.303,TRP, ,CZ3,25.07,3.17,1.0,<Residue TRP het=  resseq=317 icode= >,1r8h_A_B,1.9
315,7.972,TRP, ,CH2,27.58,3.07,1.0,<Residue TRP het=  resseq=317 icode= >,1r8h_A_B,1.9
316,0.771,HIS, ,N,28.83,3.87,1.0,<Residue HIS het=  resseq=318 icode= >,1r8h_A_B,1.9
317,0.0,HIS, ,CA,30.42,2.92,1.0,<Residue HIS het=  resseq=318 icode= >,1r8h_A_B,1.9
318,0.0,HIS, ,C,30.14,4.08,1.0,<Residue HIS het=  resseq=318 icode= >,1r8h_A_B,1.9
319,14.256,HIS, ,O,29.97,4.06,1.0,<Residue HIS het=  resseq=318 icode= >,1r8h_A_B,1.9
320,3.558,HIS, ,CB,31.01,2.24,1.0,<Residue HIS het=  resseq=318 icode= >,1r8h_A_B,1.9
321,2.746,HIS, ,CG,33.04,2.98,1.0,<Residue HIS het=  resseq=318 icode= >,1r8h_A_B,1.9
322,10.667,HIS, ,ND1,39.87,2.31,1.0,<Residue HIS het=  resseq=318 icode= >,1r8h_A_B,1.9
323,18.204,HIS, ,CD2,39.17,1.72,1.0,<Residue HIS het=  resseq=318 icode= >,1r8h_A_B,1.9
324,44.289,HIS, ,CE1,42.39,2.06,1.0,<Residue HIS het=  resseq=318 icode= >,1r8h_A_B,1.9
325,25.316,HIS, ,NE2,39.57,2.31,1.0,<Residue HIS het=  resseq=318 icode= >,1r8h_A_B,1.9
326,0.608,TRP, ,N,31.72,4.12,1.0,<Residue TRP het=  resseq=319 icode= >,1r8h_A_B,1.9
327,0.246,TRP, ,CA,33.25,3.37,1.0,<Residue TRP het=  resseq=319 icode= >,1r8h_A_B,1.9
328,0.0,TRP, ,C,35.61,4.29,1.0,<Residue TRP het=  resseq=319 icode= >,1r8h_A_B,1.9
329,6.758,TRP, ,O,35.24,3.49,1.0,<Residue TRP het=  resseq=319 icode= >,1r8h_A_B,1.9
330,3.725,TRP, ,CB,32.82,2.83,1.0,<Residue TRP het=  resseq=319 icode= >,1r8h_A_B,1.9
331,0.08,TRP, ,CG,32.2,2.95,1.0,<Residue TRP het=  resseq=319 icode= >,1r8h_A_B,1.9
332,0.174,TRP, ,CD1,34.51,2.32,1.0,<Residue TRP het=  resseq=319 icode= >,1r8h_A_B,1.9
333,1.893,TRP, ,CD2,28.27,3.72,1.0,<Residue TRP het=  resseq=319 icode= >,1r8h_A_B,1.9
334,6.431,TRP, ,NE1,33.24,3.24,1.0,<Residue TRP het=  resseq=319 icode= >,1r8h_A_B,1.9
335,2.742,TRP, ,CE2,30.76,3.83,1.0,<Residue TRP het=  resseq=319 icode= >,1r8h_A_B,1.9
336,20.507,TRP, ,CE3,25.72,3.03,1.0,<Residue TRP het=  resseq=319 icode= >,1r8h_A_B,1.9
337,22.425,TRP, ,CZ2,28.79,3.32,1.0,<Residue TRP het=  resseq=319 icode= >,1r8h_A_B,1.9
338,33.693,TRP, ,CZ3,28.53,3.09,1.0,<Residue TRP het=  resseq=319 icode= >,1r8h_A_B,1.9
339,30.417,TRP, ,CH2,26.8,3.43,1.0,<Residue TRP het=  resseq=319 icode= >,1r8h_A_B,1.9
340,6.296,ALA, ,N,38.63,3.38,1.0,<Residue ALA het=  resseq=320 icode= >,1r8h_A_B,1.9
341,2.928,ALA, ,CA,42.78,2.32,1.0,<Residue ALA het=  resseq=320 icode= >,1r8h_A_B,1.9
342,0.669,ALA, ,C,45.71,3.59,1.0,<Residue ALA het=  resseq=320 icode= >,1r8h_A_B,1.9
343,5.892,ALA, ,O,47.2,2.48,1.0,<Residue ALA het=  resseq=320 icode= >,1r8h_A_B,1.9
344,59.87,ALA, ,CB,43.56,1.44,1.0,<Residue ALA het=  resseq=320 icode= >,1r8h_A_B,1.9
345,13.441,SER, ,N,49.35,1.42,1.0,<Residue SER het=  resseq=321 icode= >,1r8h_A_B,1.9
346,11.028,SER, ,CA,51.13,1.03,1.0,<Residue SER het=  resseq=321 icode= >,1r8h_A_B,1.9
347,4.313,SER, ,C,52.71,1.66,1.0,<Residue SER het=  resseq=321 icode= >,1r8h_A_B,1.9
348,5.558,SER, ,O,53.51,1.65,1.0,<Residue SER het=  resseq=321 icode= >,1r8h_A_B,1.9
349,20.553,SER, ,CB,53.26,-0.03,0.0,<Residue SER het=  resseq=321 icode= >,1r8h_A_B,1.9
350,32.624,SER, ,OG,53.3,-0.08,0.0,<Residue SER het=  resseq=321 icode= >,1r8h_A_B,1.9
351,0.47,PRO, ,N,53.33,1.44,0.7,<Residue PRO het=  resseq=322 icode= >,1r8h_A_B,1.9
352,13.407,PRO, ,CA,53.85,1.16,0.7,<Residue PRO het=  resseq=322 icode= >,1r8h_A_B,1.9
353,1.438,PRO, ,C,54.27,1.27,0.7,<Residue PRO het=  resseq=322 icode= >,1r8h_A_B,1.9
354,26.188,PRO, ,O,54.36,0.80,0.7,<Residue PRO het=  resseq=322 icode= >,1r8h_A_B,1.9
355,35.406,PRO, ,CB,54.11,0.60,0.7,<Residue PRO het=  resseq=322 icode= >,1r8h_A_B,1.9
356,43.804,PRO, ,CG,53.78,0.42,0.7,<Residue PRO het=  resseq=322 icode= >,1r8h_A_B,1.9
357,19.986,PRO, ,CD,53.69,0.51,0.7,<Residue PRO het=  resseq=322 icode= >,1r8h_A_B,1.9
358,0.9,LYS, ,N,54.32,0.85,0.7,<Residue LYS het=  resseq=323 icode= >,1r8h_A_B,1.9
359,5.823,LYS, ,CA,54.34,1.68,0.7,<Residue LYS het=  resseq=323 icode= >,1r8h_A_B,1.9
360,1.217,LYS, ,C,54.76,1.45,0.7,<Residue LYS het=  resseq=323 icode= >,1r8h_A_B,1.9
361,19.204,LYS, ,O,55.24,1.00,0.7,<Residue LYS het=  resseq=323 icode= >,1r8h_A_B,1.9
362,16.428,LYS, ,CB,54.4,1.05,0.7,<Residue LYS het=  resseq=323 icode= >,1r8h_A_B,1.9
363,27.555,LYS, ,CG,53.5,1.44,0.7,<Residue LYS het=  resseq=323 icode= >,1r8h_A_B,1.9
364,28.923,LYS, ,CD,51.78,1.44,0.7,<Residue LYS het=  resseq=323 icode= >,1r8h_A_B,1.9
365,45.539,LYS, ,CE,51.0,1.21,0.7,<Residue LYS het=  resseq=323 icode= >,1r8h_A_B,1.9
366,48.395,LYS, ,NZ,48.45,0.82,0.7,<Residue LYS het=  resseq=323 icode= >,1r8h_A_B,1.9
367,0.043,ALA, ,N,54.72,1.10,0.7,<Residue ALA het=  resseq=324 icode= >,1r8h_A_B,1.9
368,3.146,ALA, ,CA,54.93,1.12,0.7,<Residue ALA het=  resseq=324 icode= >,1r8h_A_B,1.9
369,0.0,ALA, ,C,55.18,1.11,0.7,<Residue ALA het=  resseq=324 icode= >,1r8h_A_B,1.9
370,18.346,ALA, ,O,54.96,1.05,0.7,<Residue ALA het=  resseq=324 icode= >,1r8h_A_B,1.9
371,6.733,ALA, ,CB,54.87,0.68,0.7,<Residue ALA het=  resseq=324 icode= >,1r8h_A_B,1.9
372,0.0,PRO, ,N,54.76,1.92,0.7,<Residue PRO het=  resseq=325 icode= >,1r8h_A_B,1.9
373,11.355,PRO, ,CA,54.9,1.07,0.7,<Residue PRO het=  resseq=325 icode= >,1r8h_A_B,1.9
374,0.929,PRO, ,C,54.84,1.02,0.7,<Residue PRO het=  resseq=325 icode= >,1r8h_A_B,1.9
375,31.485,PRO, ,O,54.83,0.96,0.7,<Residue PRO het=  resseq=325 icode= >,1r8h_A_B,1.9
376,35.94,PRO, ,CB,54.9,1.03,0.7,<Residue PRO het=  resseq=325 icode= >,1r8h_A_B,1.9
377,16.443,PRO, ,CG,54.4,1.45,0.7,<Residue PRO het=  resseq=325 icode= >,1r8h_A_B,1.9
378,11.514,PRO, ,CD,54.9,1.34,0.7,<Residue PRO het=  resseq=325 icode= >,1r8h_A_B,1.9
379,0.0,HIS, ,N,54.58,0.78,0.7,<Residue HIS het=  resseq=326 icode= >,1r8h_A_B,1.9
380,9.22,HIS, ,CA,54.16,1.30,0.7,<Residue HIS het=  resseq=326 icode= >,1r8h_A_B,1.9
381,0.0,HIS, ,C,53.07,1.74,0.7,<Residue HIS het=  resseq=326 icode= >,1r8h_A_B,1.9
382,0.94,HIS, ,O,52.62,1.58,0.7,<Residue HIS het=  resseq=326 icode= >,1r8h_A_B,1.9
383,16.704,HIS, ,CB,54.37,1.02,0.7,<Residue HIS het=  resseq=326 icode= >,1r8h_A_B,1.9
384,0.417,HIS, ,CG,55.72,1.68,0.7,<Residue HIS het=  resseq=326 icode= >,1r8h_A_B,1.9
385,6.553,HIS, ,ND1,58.84,0.51,0.7,<Residue HIS het=  resseq=326 icode= >,1r8h_A_B,1.9
386,0.038,HIS, ,CD2,57.36,1.39,0.7,<Residue HIS het=  resseq=326 icode= >,1r8h_A_B,1.9
387,5.737,HIS, ,CE1,56.87,1.38,0.7,<Residue HIS het=  resseq=326 icode= >,1r8h_A_B,1.9
388,0.296,HIS, ,NE2,57.22,1.11,0.7,<Residue HIS het=  resseq=326 icode= >,1r8h_A_B,1.9
389,4.32,LYS, ,N,52.05,1.66,1.0,<Residue LYS het=  resseq=327 icode= >,1r8h_A_B,1.9
390,5.859,LYS, ,CA,50.94,1.31,1.0,<Residue LYS het=  resseq=327 icode= >,1r8h_A_B,1.9
391,2.549,LYS, ,C,49.1,1.92,1.0,<Residue LYS het=  resseq=327 icode= >,1r8h_A_B,1.9
392,23.389,LYS, ,O,50.4,1.14,1.0,<Residue LYS het=  resseq=327 icode= >,1r8h_A_B,1.9
393,24.234,LYS, ,CB,54.75,0.65,0.0,<Residue LYS het=  resseq=327 icode= >,1r8h_A_B,1.9
394,15.894,LYS, ,CG,54.58,0.43,0.0,<Residue LYS het=  resseq=327 icode= >,1r8h_A_B,1.9
395,31.994,LYS, ,CD,54.62,-0.43,0.0,<Residue LYS het=  resseq=327 icode= >,1r8h_A_B,1.9
396,45.627,LYS, ,CE,54.6,-0.00,0.0,<Residue LYS het=  resseq=327 icode= >,1r8h_A_B,1.9
397,48.664,LYS, ,NZ,54.58,0.43,0.0,<Residue LYS het=  resseq=327 icode= >,1r8h_A_B,1.9
398,0.391,HIS, ,N,47.02,1.86,1.0,<Residue HIS het=  resseq=328 icode= >,1r8h_A_B,1.9
399,3.81,HIS, ,CA,44.67,1.29,1.0,<Residue HIS het=  resseq=328 icode= >,1r8h_A_B,1.9
400,0.208,HIS, ,C,42.27,2.23,1.0,<Residue HIS het=  resseq=328 icode= >,1r8h_A_B,1.9
401,0.473,HIS, ,O,41.16,2.34,1.0,<Residue HIS het=  resseq=328 icode= >,1r8h_A_B,1.9
402,0.0,HIS, ,CB,44.81,1.31,1.0,<Residue HIS het=  resseq=328 icode= >,1r8h_A_B,1.9
403,0.0,HIS, ,CG,49.58,0.80,0.0,<Residue HIS het=  resseq=328 icode= >,1r8h_A_B,1.9
404,9.062,HIS, ,ND1,52.48,0.53,0.0,<Residue HIS het=  resseq=328 icode= >,1r8h_A_B,1.9
405,1.304,HIS, ,CD2,52.06,0.83,0.0,<Residue HIS het=  resseq=328 icode= >,1r8h_A_B,1.9
406,40.063,HIS, ,CE1,54.39,-0.11,0.0,<Residue HIS het=  resseq=328 icode= >,1r8h_A_B,1.9
407,22.656,HIS, ,NE2,53.11,0.95,0.0,<Residue HIS het=  resseq=328 icode= >,1r8h_A_B,1.9
408,4.629,ALA, ,N,38.32,2.63,1.0,<Residue ALA het=  resseq=329 icode= >,1r8h_A_B,1.9
409,0.205,ALA, ,CA,34.91,2.93,1.0,<Residue ALA het=  resseq=329 icode= >,1r8h_A_B,1.9
410,0.0,ALA, ,C,31.19,4.13,1.0,<Residue ALA het=  resseq=329 icode= >,1r8h_A_B,1.9
411,0.0,ALA, ,O,28.35,4.76,1.0,<Residue ALA het=  resseq=329 icode= >,1r8h_A_B,1.9
412,13.304,ALA, ,CB,35.39,1.99,1.0,<Residue ALA het=  resseq=329 icode= >,1r8h_A_B,1.9
413,0.0,ILE, ,N,29.29,3.75,1.0,<Residue ILE het=  resseq=330 icode= >,1r8h_A_B,1.9
414,0.0,ILE, ,CA,27.9,3.84,1.0,<Residue ILE het=  resseq=330 icode= >,1r8h_A_B,1.9
415,0.0,ILE, ,C,26.85,4.66,1.0,<Residue ILE het=  resseq=330 icode= >,1r8h_A_B,1.9
416,0.0,ILE, ,O,28.93,4.21,1.0,<Residue ILE het=  resseq=330 icode= >,1r8h_A_B,1.9
417,0.0,ILE, ,CB,27.15,3.19,1.0,<Residue ILE het=  resseq=330 icode= >,1r8h_A_B,1.9
418,0.0,ILE, ,CG1,27.47,3.18,1.0,<Residue ILE het=  resseq=330 icode= >,1r8h_A_B,1.9
419,0.0,ILE, ,CG2,26.78,3.10,1.0,<Residue ILE het=  resseq=330 icode= >,1r8h_A_B,1.9
420,0.092,ILE, ,CD1,28.05,3.00,1.0,<Residue ILE het=  resseq=330 icode= >,1r8h_A_B,1.9
421,0.0,VAL, ,N,27.35,3.87,1.0,<Residue VAL het=  resseq=331 icode= >,1r8h_A_B,1.9
422,0.0,VAL, ,CA,25.78,3.80,1.0,<Residue VAL het=  resseq=331 icode= >,1r8h_A_B,1.9
423,0.0,VAL, ,C,25.74,4.44,1.0,<Residue VAL het=  resseq=331 icode= >,1r8h_A_B,1.9
424,0.0,VAL, ,O,26.32,4.77,1.0,<Residue VAL het=  resseq=331 icode= >,1r8h_A_B,1.9
425,0.875,VAL, ,CB,27.21,3.12,1.0,<Residue VAL het=  resseq=331 icode= >,1r8h_A_B,1.9
426,2.801,VAL, ,CG1,26.31,2.16,1.0,<Residue VAL het=  resseq=331 icode= >,1r8h_A_B,1.9
427,0.238,VAL, ,CG2,29.4,2.26,1.0,<Residue VAL het=  resseq=331 icode= >,1r8h_A_B,1.9
428,0.0,THR, ,N,23.66,5.19,1.0,<Residue THR het=  resseq=332 icode= >,1r8h_A_B,1.9
429,0.0,THR, ,CA,23.47,3.73,1.0,<Residue THR het=  resseq=332 icode= >,1r8h_A_B,1.9
430,0.0,THR, ,C,24.94,4.70,1.0,<Residue THR het=  resseq=332 icode= >,1r8h_A_B,1.9
431,0.819,THR, ,O,25.18,4.24,1.0,<Residue THR het=  resseq=332 icode= >,1r8h_A_B,1.9
432,3.739,THR, ,CB,22.08,3.95,1.0,<Residue THR het=  resseq=332 icode= >,1r8h_A_B,1.9
433,5.556,THR, ,OG1,24.51,4.69,1.0,<Residue THR het=  resseq=332 icode= >,1r8h_A_B,1.9
434,10.36,THR, ,CG2,23.87,2.81,1.0,<Residue THR het=  resseq=332 icode= >,1r8h_A_B,1.9
435,0.0,VAL, ,N,23.56,5.00,1.0,<Residue VAL het=  resseq=333 icode= >,1r8h_A_B,1.9
436,0.0,VAL, ,CA,24.53,3.86,1.0,<Residue VAL het=  resseq=333 icode= >,1r8h_A_B,1.9
437,0.0,VAL, ,C,23.84,4.32,1.0,<Residue VAL het=  resseq=333 icode= >,1r8h_A_B,1.9
438,0.0,VAL, ,O,21.99,5.30,1.0,<Residue VAL het=  resseq=333 icode= >,1r8h_A_B,1.9
439,0.0,VAL, ,CB,23.62,4.10,1.0,<Residue VAL het=  resseq=333 icode= >,1r8h_A_B,1.9
440,0.0,VAL, ,CG1,24.56,3.14,1.0,<Residue VAL het=  resseq=333 icode= >,1r8h_A_B,1.9
441,0.049,VAL, ,CG2,28.02,2.63,1.0,<Residue VAL het=  resseq=333 icode= >,1r8h_A_B,1.9
442,0.0,THR, ,N,23.37,4.87,1.0,<Residue THR het=  resseq=334 icode= >,1r8h_A_B,1.9
443,0.0,THR, ,CA,22.49,3.85,1.0,<Residue THR het=  resseq=334 icode= >,1r8h_A_B,1.9
444,0.0,THR, ,C,23.41,4.37,1.0,<Residue THR het=  resseq=334 icode= >,1r8h_A_B,1.9
445,0.0,THR, ,O,23.22,4.62,1.0,<Residue THR het=  resseq=334 icode= >,1r8h_A_B,1.9
446,0.0,THR, ,CB,24.29,3.84,1.0,<Residue THR het=  resseq=334 icode= >,1r8h_A_B,1.9
447,0.154,THR, ,OG1,22.99,4.64,1.0,<Residue THR het=  resseq=334 icode= >,1r8h_A_B,1.9
448,4.751,THR, ,CG2,25.11,2.82,1.0,<Residue THR het=  resseq=334 icode= >,1r8h_A_B,1.9
449,0.0,TYR, ,N,23.03,4.62,1.0,<Residue TYR het=  resseq=335 icode= >,1r8h_A_B,1.9
450,0.0,TYR, ,CA,23.53,4.02,1.0,<Residue TYR het=  resseq=335 icode= >,1r8h_A_B,1.9
451,0.0,TYR, ,C,23.91,4.59,1.0,<Residue TYR het=  resseq=335 icode= >,1r8h_A_B,1.9
452,3.936,TYR, ,O,23.53,4.94,1.0,<Residue TYR het=  resseq=335 icode= >,1r8h_A_B,1.9
453,0.0,TYR, ,CB,23.03,2.80,1.0,<Residue TYR het=  resseq=335 icode= >,1r8h_A_B,1.9
454,0.0,TYR, ,CG,23.49,3.06,1.0,<Residue TYR het=  resseq=335 icode= >,1r8h_A_B,1.9
455,0.0,TYR, ,CD1,21.46,3.90,1.0,<Residue TYR het=  resseq=335 icode= >,1r8h_A_B,1.9
456,0.0,TYR, ,CD2,21.32,2.82,1.0,<Residue TYR het=  resseq=335 icode= >,1r8h_A_B,1.9
457,0.0,TYR, ,CE1,22.77,3.38,1.0,<Residue TYR het=  resseq=335 icode= >,1r8h_A_B,1.9
458,0.0,TYR, ,CE2,23.05,3.81,1.0,<Residue TYR het=  resseq=335 icode= >,1r8h_A_B,1.9
459,0.0,TYR, ,CZ,24.76,4.46,1.0,<Residue TYR het=  resseq=335 icode= >,1r8h_A_B,1.9
460,0.0,TYR, ,OH,28.31,4.37,1.0,<Residue TYR het=  resseq=335 icode= >,1r8h_A_B,1.9
461,0.0,HIS, ,N,24.22,3.96,1.0,<Residue HIS het=  resseq=336 icode= >,1r8h_A_B,1.9
462,4.635,HIS, ,CA,25.56,2.83,1.0,<Residue HIS het=  resseq=336 icode= >,1r8h_A_B,1.9
463,0.04,HIS, ,C,25.61,4.66,1.0,<Residue HIS het=  resseq=336 icode= >,1r8h_A_B,1.9
464,17.014,HIS, ,O,26.58,3.66,1.0,<Residue HIS het=  resseq=336 icode= >,1r8h_A_B,1.9
465,14.951,HIS, ,CB,25.28,2.88,1.0,<Residue HIS het=  resseq=336 icode= >,1r8h_A_B,1.9
466,2.371,HIS,x,CG,24.17,1.05,0.4,<Residue HIS het=  resseq=336 icode= >,1r8h_A_B,1.9
467,22.118,HIS,x,ND1,25.09,1.22,0.4,<Residue HIS het=  resseq=336 icode= >,1r8h_A_B,1.9
468,21.768,HIS,x,CD2,24.43,0.84,0.4,<Residue HIS het=  resseq=336 icode= >,1r8h_A_B,1.9
469,43.525,HIS,x,CE1,22.81,1.76,0.4,<Residue HIS het=  resseq=336 icode= >,1r8h_A_B,1.9
470,29.507,HIS,x,NE2,24.39,1.10,0.4,<Residue HIS het=  resseq=336 icode= >,1r8h_A_B,1.9
471,0.0,SER, ,N,25.24,4.48,1.0,<Residue SER het=  resseq=337 icode= >,1r8h_A_B,1.9
472,5.67,SER, ,CA,25.28,3.20,1.0,<Residue SER het=  resseq=337 icode= >,1r8h_A_B,1.9
473,0.0,SER, ,C,24.27,4.16,1.0,<Residue SER het=  resseq=337 icode= >,1r8h_A_B,1.9
474,0.0,SER, ,O,23.82,5.35,1.0,<Residue SER het=  resseq=337 icode= >,1r8h_A_B,1.9
475,17.667,SER, ,CB,25.95,3.17,1.0,<Residue SER het=  resseq=337 icode= >,1r8h_A_B,1.9
476,5.478,SER, ,OG,25.11,4.34,1.0,<Residue SER het=  resseq=337 icode= >,1r8h_A_B,1.9
477,2.156,GLU, ,N,25.5,4.04,1.0,<Residue GLU het=  resseq=338 icode= >,1r8h_A_B,1.9
478,0.032,GLU, ,CA,27.09,3.30,1.0,<Residue GLU het=  resseq=338 icode= >,1r8h_A_B,1.9
479,1.958,GLU, ,C,27.39,3.70,1.0,<Residue GLU het=  resseq=338 icode= >,1r8h_A_B,1.9
480,1.807,GLU, ,O,25.78,4.25,1.0,<Residue GLU het=  resseq=338 icode= >,1r8h_A_B,1.9
481,19.783,GLU, ,CB,28.11,2.88,1.0,<Residue GLU het=  resseq=338 icode= >,1r8h_A_B,1.9
482,2.968,GLU, ,CG,31.44,2.23,1.0,<Residue GLU het=  resseq=338 icode= >,1r8h_A_B,1.9
483,4.58,GLU, ,CD,36.9,2.77,1.0,<Residue GLU het=  resseq=338 icode= >,1r8h_A_B,1.9
484,28.364,GLU, ,OE1,38.33,2.48,1.0,<Residue GLU het=  resseq=338 icode= >,1r8h_A_B,1.9
485,38.875,GLU, ,OE2,41.9,2.04,1.0,<Residue GLU het=  resseq=338 icode= >,1r8h_A_B,1.9
486,0.214,GLU, ,N,27.75,4.14,1.0,<Residue GLU het=  resseq=339 icode= >,1r8h_A_B,1.9
487,5.706,GLU, ,CA,27.86,3.22,1.0,<Residue GLU het=  resseq=339 icode= >,1r8h_A_B,1.9
488,0.519,GLU, ,C,25.45,4.67,1.0,<Residue GLU het=  resseq=339 icode= >,1r8h_A_B,1.9
489,3.718,GLU, ,O,25.69,3.92,1.0,<Residue GLU het=  resseq=339 icode= >,1r8h_A_B,1.9
490,22.845,GLU, ,CB,28.69,2.70,1.0,<Residue GLU het=  resseq=339 icode= >,1r8h_A_B,1.9
491,37.55,GLU, ,CG,35.53,1.24,1.0,<Residue GLU het=  resseq=339 icode= >,1r8h_A_B,1.9
492,9.469,GLU, ,CD,40.15,2.01,1.0,<Residue GLU het=  resseq=339 icode= >,1r8h_A_B,1.9
493,10.63,GLU, ,OE1,37.99,2.90,1.0,<Residue GLU het=  resseq=339 icode= >,1r8h_A_B,1.9
494,40.887,GLU, ,OE2,47.16,1.26,1.0,<Residue GLU het=  resseq=339 icode= >,1r8h_A_B,1.9
495,0.407,GLN, ,N,24.59,4.53,1.0,<Residue GLN het=  resseq=340 icode= >,1r8h_A_B,1.9
496,3.287,GLN, ,CA,22.97,3.78,1.0,<Residue GLN het=  resseq=340 icode= >,1r8h_A_B,1.9
497,0.0,GLN, ,C,22.69,5.16,1.0,<Residue GLN het=  resseq=340 icode= >,1r8h_A_B,1.9
498,0.0,GLN, ,O,22.45,4.60,1.0,<Residue GLN het=  resseq=340 icode= >,1r8h_A_B,1.9
499,7.506,GLN, ,CB,23.35,3.39,1.0,<Residue GLN het=  resseq=340 icode= >,1r8h_A_B,1.9
500,4.712,GLN, ,CG,24.71,3.29,1.0,<Residue GLN het=  resseq=340 icode= >,1r8h_A_B,1.9
501,0.317,GLN, ,CD,27.93,4.15,1.0,<Residue GLN het=  resseq=340 icode= >,1r8h_A_B,1.9
502,0.0,GLN, ,OE1,28.04,4.12,1.0,<Residue GLN het=  resseq=340 icode= >,1r8h_A_B,1.9
503,18.234,GLN, ,NE2,25.18,3.76,1.0,<Residue GLN het=  resseq=340 icode= >,1r8h_A_B,1.9
504,0.0,ARG, ,N,23.29,4.42,1.0,<Residue ARG het=  resseq=341 icode= >,1r8h_A_B,1.9
505,0.0,ARG, ,CA,23.14,3.41,1.0,<Residue ARG het=  resseq=341 icode= >,1r8h_A_B,1.9
506,0.0,ARG, ,C,23.37,4.94,1.0,<Residue ARG het=  resseq=341 icode= >,1r8h_A_B,1.9
507,0.0,ARG, ,O,24.56,4.43,1.0,<Residue ARG het=  resseq=341 icode= >,1r8h_A_B,1.9
508,0.021,ARG, ,CB,23.38,2.86,1.0,<Residue ARG het=  resseq=341 icode= >,1r8h_A_B,1.9
509,0.258,ARG, ,CG,22.57,3.14,1.0,<Residue ARG het=  resseq=341 icode= >,1r8h_A_B,1.9
510,0.0,ARG, ,CD,24.82,2.92,1.0,<Residue ARG het=  resseq=341 icode= >,1r8h_A_B,1.9
511,3.414,ARG, ,NE,25.19,4.16,1.0,<Residue ARG het=  resseq=341 icode= >,1r8h_A_B,1.9
512,0.0,ARG, ,CZ,28.03,3.77,1.0,<Residue ARG het=  resseq=341 icode= >,1r8h_A_B,1.9
513,0.014,ARG, ,NH1,26.59,2.80,1.0,<Residue ARG het=  resseq=341 icode= >,1r8h_A_B,1.9
514,20.871,ARG, ,NH2,27.91,3.94,1.0,<Residue ARG het=  resseq=341 icode= >,1r8h_A_B,1.9
515,0.377,GLN, ,N,26.57,4.19,1.0,<Residue GLN het=  resseq=342 icode= >,1r8h_A_B,1.9
516,0.469,GLN, ,CA,26.86,3.90,1.0,<Residue GLN het=  resseq=342 icode= >,1r8h_A_B,1.9
517,0.0,GLN, ,C,27.31,4.00,1.0,<Residue GLN het=  resseq=342 icode= >,1r8h_A_B,1.9
518,0.0,GLN, ,O,25.1,4.37,1.0,<Residue GLN het=  resseq=342 icode= >,1r8h_A_B,1.9
519,11.099,GLN, ,CB,28.62,3.15,1.0,<Residue GLN het=  resseq=342 icode= >,1r8h_A_B,1.9
520,27.193,GLN, ,CG,32.76,2.26,1.0,<Residue GLN het=  resseq=342 icode= >,1r8h_A_B,1.9
521,6.496,GLN, ,CD,37.88,2.92,1.0,<Residue GLN het=  resseq=342 icode= >,1r8h_A_B,1.9
522,32.199,GLN, ,OE1,40.42,2.75,1.0,<Residue GLN het=  resseq=342 icode= >,1r8h_A_B,1.9
523,22.622,GLN, ,NE2,37.51,2.49,1.0,<Residue GLN het=  resseq=342 icode= >,1r8h_A_B,1.9
524,0.738,GLN, ,N,26.79,4.15,1.0,<Residue GLN het=  resseq=343 icode= >,1r8h_A_B,1.9
525,1.167,GLN, ,CA,26.39,2.94,1.0,<Residue GLN het=  resseq=343 icode= >,1r8h_A_B,1.9
526,0.0,GLN, ,C,25.08,4.54,1.0,<Residue GLN het=  resseq=343 icode= >,1r8h_A_B,1.9
527,0.0,GLN, ,O,26.09,4.96,1.0,<Residue GLN het=  resseq=343 icode= >,1r8h_A_B,1.9
528,3.182,GLN, ,CB,25.25,2.92,1.0,<Residue GLN het=  resseq=343 icode= >,1r8h_A_B,1.9
529,10.054,GLN, ,CG,33.66,1.89,1.0,<Residue GLN het=  resseq=343 icode= >,1r8h_A_B,1.9
530,6.034,GLN, ,CD,37.22,2.09,1.0,<Residue GLN het=  resseq=343 icode= >,1r8h_A_B,1.9
531,34.37,GLN, ,OE1,41.33,2.25,1.0,<Residue GLN het=  resseq=343 icode= >,1r8h_A_B,1.9
532,44.745,GLN, ,NE2,38.58,2.26,1.0,<Residue GLN het=  resseq=343 icode= >,1r8h_A_B,1.9
533,0.0,PHE, ,N,25.39,4.36,1.0,<Residue PHE het=  resseq=344 icode= >,1r8h_A_B,1.9
534,0.0,PHE, ,CA,24.72,3.43,1.0,<Residue PHE het=  resseq=344 icode= >,1r8h_A_B,1.9
535,0.0,PHE, ,C,26.85,3.69,1.0,<Residue PHE het=  resseq=344 icode= >,1r8h_A_B,1.9
536,0.0,PHE, ,O,26.65,3.98,1.0,<Residue PHE het=  resseq=344 icode= >,1r8h_A_B,1.9
537,0.0,PHE, ,CB,23.48,3.85,1.0,<Residue PHE het=  resseq=344 icode= >,1r8h_A_B,1.9
538,0.0,PHE, ,CG,22.95,4.12,1.0,<Residue PHE het=  resseq=344 icode= >,1r8h_A_B,1.9
539,0.0,PHE, ,CD1,22.62,3.39,1.0,<Residue PHE het=  resseq=344 icode= >,1r8h_A_B,1.9
540,0.0,PHE, ,CD2,25.53,3.68,1.0,<Residue PHE het=  resseq=344 icode= >,1r8h_A_B,1.9
541,0.0,PHE, ,CE1,24.69,3.85,1.0,<Residue PHE het=  resseq=344 icode= >,1r8h_A_B,1.9
542,0.0,PHE, ,CE2,28.24,2.94,1.0,<Residue PHE het=  resseq=344 icode= >,1r8h_A_B,1.9
543,0.0,PHE, ,CZ,27.57,3.62,1.0,<Residue PHE het=  resseq=344 icode= >,1r8h_A_B,1.9
544,0.0,LEU, ,N,27.7,4.05,1.0,<Residue LEU het=  resseq=345 icode= >,1r8h_A_B,1.9
545,0.302,LEU, ,CA,28.98,3.60,1.0,<Residue LEU het=  resseq=345 icode= >,1r8h_A_B,1.9
546,0.936,LEU, ,C,30.56,4.12,1.0,<Residue LEU het=  resseq=345 icode= >,1r8h_A_B,1.9
547,18.678,LEU, ,O,31.37,3.54,1.0,<Residue LEU het=  resseq=345 icode= >,1r8h_A_B,1.9
548,9.787,LEU, ,CB,29.24,3.21,1.0,<Residue LEU het=  resseq=345 icode= >,1r8h_A_B,1.9
549,0.0,LEU, ,CG,31.04,3.06,1.0,<Residue LEU het=  resseq=345 icode= >,1r8h_A_B,1.9
550,9.514,LEU, ,CD1,34.84,2.07,1.0,<Residue LEU het=  resseq=345 icode= >,1r8h_A_B,1.9
551,3.203,LEU, ,CD2,35.6,2.45,1.0,<Residue LEU het=  resseq=345 icode= >,1r8h_A_B,1.9
552,0.0,ASN, ,N,31.33,4.26,1.0,<Residue ASN het=  resseq=346 icode= >,1r8h_A_B,1.9
553,6.59,ASN, ,CA,32.87,3.74,1.0,<Residue ASN het=  resseq=346 icode= >,1r8h_A_B,1.9
554,0.352,ASN, ,C,34.37,3.59,1.0,<Residue ASN het=  resseq=346 icode= >,1r8h_A_B,1.9
555,31.868,ASN, ,O,35.41,2.78,1.0,<Residue ASN het=  resseq=346 icode= >,1r8h_A_B,1.9
556,14.572,ASN, ,CB,34.3,2.10,1.0,<Residue ASN het=  resseq=346 icode= >,1r8h_A_B,1.9
557,5.335,ASN, ,CG,37.97,2.26,1.0,<Residue ASN het=  resseq=346 icode= >,1r8h_A_B,1.9
558,28.189,ASN, ,OD1,41.2,1.83,1.0,<Residue ASN het=  resseq=346 icode= >,1r8h_A_B,1.9
559,23.047,ASN, ,ND2,36.69,2.52,1.0,<Residue ASN het=  resseq=346 icode= >,1r8h_A_B,1.9
560,0.0,VAL, ,N,33.66,4.10,1.0,<Residue VAL het=  resseq=347 icode= >,1r8h_A_B,1.9
561,4.395,VAL, ,CA,34.86,3.59,1.0,<Residue VAL het=  resseq=347 icode= >,1r8h_A_B,1.9
562,0.952,VAL, ,C,34.21,4.01,1.0,<Residue VAL het=  resseq=347 icode= >,1r8h_A_B,1.9
563,16.403,VAL, ,O,34.03,3.32,1.0,<Residue VAL het=  resseq=347 icode= >,1r8h_A_B,1.9
564,0.0,VAL, ,CB,34.52,3.01,1.0,<Residue VAL het=  resseq=347 icode= >,1r8h_A_B,1.9
565,20.332,VAL, ,CG1,37.95,1.40,1.0,<Residue VAL het=  resseq=347 icode= >,1r8h_A_B,1.9
566,33.043,VAL, ,CG2,37.77,2.12,1.0,<Residue VAL het=  resseq=347 icode= >,1r8h_A_B,1.9
567,0.0,VAL, ,N,33.71,4.08,1.0,<Residue VAL het=  resseq=348 icode= >,1r8h_A_B,1.9
568,0.091,VAL, ,CA,33.43,3.73,1.0,<Residue VAL het=  resseq=348 icode= >,1r8h_A_B,1.9
569,0.299,VAL, ,C,36.08,3.34,1.0,<Residue VAL het=  resseq=348 icode= >,1r8h_A_B,1.9
570,10.288,VAL, ,O,36.43,3.02,1.0,<Residue VAL het=  resseq=348 icode= >,1r8h_A_B,1.9
571,0.079,VAL, ,CB,33.72,2.85,1.0,<Residue VAL het=  resseq=348 icode= >,1r8h_A_B,1.9
572,1.835,VAL, ,CG1,32.65,2.66,1.0,<Residue VAL het=  resseq=348 icode= >,1r8h_A_B,1.9
573,0.0,VAL, ,CG2,32.29,1.98,1.0,<Residue VAL het=  resseq=348 icode= >,1r8h_A_B,1.9
574,2.788,LYS, ,N,36.59,3.29,1.0,<Residue LYS het=  resseq=349 icode= >,1r8h_A_B,1.9
575,5.624,LYS, ,CA,37.81,3.18,1.0,<Residue LYS het=  resseq=349 icode= >,1r8h_A_B,1.9
576,0.136,LYS, ,C,38.77,4.12,1.0,<Residue LYS het=  resseq=349 icode= >,1r8h_A_B,1.9
577,11.38,LYS, ,O,39.75,3.14,1.0,<Residue LYS het=  resseq=349 icode= >,1r8h_A_B,1.9
578,22.011,LYS, ,CB,37.93,1.79,1.0,<Residue LYS het=  resseq=349 icode= >,1r8h_A_B,1.9
579,17.167,LYS, ,CG,37.54,0.45,0.0,<Residue LYS het=  resseq=349 icode= >,1r8h_A_B,1.9
580,32.213,LYS, ,CD,37.12,-0.19,0.0,<Residue LYS het=  resseq=349 icode= >,1r8h_A_B,1.9
581,45.02,LYS, ,CE,37.01,0.06,0.0,<Residue LYS het=  resseq=349 icode= >,1r8h_A_B,1.9
582,49.412,LYS, ,NZ,36.08,-0.17,0.0,<Residue LYS het=  resseq=349 icode= >,1r8h_A_B,1.9
583,4.292,ILE, ,N,40.15,3.31,1.0,<Residue ILE het=  resseq=350 icode= >,1r8h_A_B,1.9
584,0.0,ILE, ,CA,41.3,2.83,1.0,<Residue ILE het=  resseq=350 icode= >,1r8h_A_B,1.9
585,1.101,ILE, ,C,42.19,3.90,1.0,<Residue ILE het=  resseq=350 icode= >,1r8h_A_B,1.9
586,14.393,ILE, ,O,43.34,2.37,1.0,<Residue ILE het=  resseq=350 icode= >,1r8h_A_B,1.9
587,7.024,ILE, ,CB,41.7,2.40,1.0,<Residue ILE het=  resseq=350 icode= >,1r8h_A_B,1.9
588,1.989,ILE, ,CG1,40.87,2.75,1.0,<Residue ILE het=  resseq=350 icode= >,1r8h_A_B,1.9
589,1.938,ILE, ,CG2,42.85,1.50,1.0,<Residue ILE het=  resseq=350 icode= >,1r8h_A_B,1.9
590,9.529,ILE, ,CD1,42.57,1.85,1.0,<Residue ILE het=  resseq=350 icode= >,1r8h_A_B,1.9
591,0.341,PRO,x,N,42.71,3.76,0.5,<Residue PRO het=  resseq=351 icode= >,1r8h_A_B,1.9
592,4.902,PRO,x,CA,43.42,2.23,0.5,<Residue PRO het=  resseq=351 icode= >,1r8h_A_B,1.9
593,0.0,PRO,x,C,43.86,1.91,0.5,<Residue PRO het=  resseq=351 icode= >,1r8h_A_B,1.9
594,1.036,PRO,x,O,44.35,1.76,0.5,<Residue PRO het=  resseq=351 icode= >,1r8h_A_B,1.9
595,9.995,PRO,x,CB,43.08,1.87,0.5,<Residue PRO het=  resseq=351 icode= >,1r8h_A_B,1.9
596,28.281,PRO,x,CG,43.11,2.51,0.5,<Residue PRO het=  resseq=351 icode= >,1r8h_A_B,1.9
597,4.292,PRO,x,CD,42.93,2.96,0.5,<Residue PRO het=  resseq=351 icode= >,1r8h_A_B,1.9
598,0.0,PRO,x,N,43.99,1.47,0.5,<Residue PRO het=  resseq=352 icode= >,1r8h_A_B,1.9
599,13.085,PRO,x,CA,43.9,1.21,0.5,<Residue PRO het=  resseq=352 icode= >,1r8h_A_B,1.9
600,0.415,PRO,x,C,43.34,1.71,0.5,<Residue PRO het=  resseq=352 icode= >,1r8h_A_B,1.9
601,22.681,PRO,x,O,43.78,1.15,0.5,<Residue PRO het=  resseq=352 icode= >,1r8h_A_B,1.9
602,31.969,PRO,x,CB,43.84,0.98,0.5,<Residue PRO het=  resseq=352 icode= >,1r8h_A_B,1.9
603,43.866,PRO,x,CG,44.12,0.39,0.5,<Residue PRO het=  resseq=352 icode= >,1r8h_A_B,1.9
604,26.412,PRO,x,CD,44.48,-0.05,0.5,<Residue PRO het=  resseq=352 icode= >,1r8h_A_B,1.9
605,0.0,THR,x,N,42.82,2.92,0.5,<Residue THR het=  resseq=353 icode= >,1r8h_A_B,1.9
606,7.028,THR,x,CA,41.96,2.09,0.5,<Residue THR het=  resseq=353 icode= >,1r8h_A_B,1.9
607,0.826,THR,x,C,40.76,1.37,0.5,<Residue THR het=  resseq=353 icode= >,1r8h_A_B,1.9
608,15.72,THR,x,O,40.61,1.07,0.5,<Residue THR het=  resseq=353 icode= >,1r8h_A_B,1.9
609,12.804,THR,x,CB,42.82,0.77,0.5,<Residue THR het=  resseq=353 icode= >,1r8h_A_B,1.9
610,6.341,THR,x,OG1,42.38,1.81,0.5,<Residue THR het=  resseq=353 icode= >,1r8h_A_B,1.9
611,62.278,THR,x,CG2,43.49,-0.59,0.5,<Residue THR het=  resseq=353 icode= >,1r8h_A_B,1.9
612,0.0,ILE, ,N,39.6,2.12,1.0,<Residue ILE het=  resseq=354 icode= >,1r8h_A_B,1.9
613,0.0,ILE, ,CA,37.81,2.30,1.0,<Residue ILE het=  resseq=354 icode= >,1r8h_A_B,1.9
614,0.0,ILE, ,C,36.79,3.50,1.0,<Residue ILE het=  resseq=354 icode= >,1r8h_A_B,1.9
615,5.493,ILE, ,O,38.02,3.06,1.0,<Residue ILE het=  resseq=354 icode= >,1r8h_A_B,1.9
616,0.0,ILE, ,CB,38.1,2.42,1.0,<Residue ILE het=  resseq=354 icode= >,1r8h_A_B,1.9
617,0.569,ILE, ,CG1,37.77,2.52,1.0,<Residue ILE het=  resseq=354 icode= >,1r8h_A_B,1.9
618,0.0,ILE, ,CG2,37.24,2.03,1.0,<Residue ILE het=  resseq=354 icode= >,1r8h_A_B,1.9
619,0.315,ILE, ,CD1,39.32,1.75,1.0,<Residue ILE het=  resseq=354 icode= >,1r8h_A_B,1.9
620,0.0,ARG, ,N,34.2,3.06,1.0,<Residue ARG het=  resseq=355 icode= >,1r8h_A_B,1.9
621,5.47,ARG, ,CA,33.26,2.96,1.0,<Residue ARG het=  resseq=355 icode= >,1r8h_A_B,1.9
622,0.198,ARG, ,C,31.14,4.20,1.0,<Residue ARG het=  resseq=355 icode= >,1r8h_A_B,1.9
623,0.0,ARG, ,O,30.29,4.21,1.0,<Residue ARG het=  resseq=355 icode= >,1r8h_A_B,1.9
624,11.364,ARG, ,CB,34.18,2.16,1.0,<Residue ARG het=  resseq=355 icode= >,1r8h_A_B,1.9
625,9.509,ARG, ,CG,36.54,1.69,1.0,<Residue ARG het=  resseq=355 icode= >,1r8h_A_B,1.9
626,15.735,ARG, ,CD,35.06,0.36,0.0,<Residue ARG het=  resseq=355 icode= >,1r8h_A_B,1.9
627,16.76,ARG, ,NE,35.6,-0.15,0.0,<Residue ARG het=  resseq=355 icode= >,1r8h_A_B,1.9
628,8.829,ARG, ,CZ,35.62,-0.19,0.0,<Residue ARG het=  resseq=355 icode= >,1r8h_A_B,1.9
629,47.12,ARG, ,NH1,34.97,0.55,0.0,<Residue ARG het=  resseq=355 icode= >,1r8h_A_B,1.9
630,59.705,ARG, ,NH2,35.88,0.06,0.0,<Residue ARG het=  resseq=355 icode= >,1r8h_A_B,1.9
631,1.342,HIS, ,N,30.02,3.99,1.0,<Residue HIS het=  resseq=356 icode= >,1r8h_A_B,1.9
632,0.057,HIS, ,CA,29.67,3.35,1.0,<Residue HIS het=  resseq=356 icode= >,1r8h_A_B,1.9
633,0.0,HIS, ,C,29.32,3.73,1.0,<Residue HIS het=  resseq=356 icode= >,1r8h_A_B,1.9
634,17.824,HIS, ,O,29.52,3.86,1.0,<Residue HIS het=  resseq=356 icode= >,1r8h_A_B,1.9
635,0.0,HIS, ,CB,28.2,3.51,1.0,<Residue HIS het=  resseq=356 icode= >,1r8h_A_B,1.9
636,0.0,HIS, ,CG,29.32,4.37,1.0,<Residue HIS het=  resseq=356 icode= >,1r8h_A_B,1.9
637,5.559,HIS, ,ND1,32.47,3.91,1.0,<Residue HIS het=  resseq=356 icode= >,1r8h_A_B,1.9
638,0.486,HIS, ,CD2,33.09,2.98,1.0,<Residue HIS het=  resseq=356 icode= >,1r8h_A_B,1.9
639,32.949,HIS, ,CE1,32.49,3.04,1.0,<Residue HIS het=  resseq=356 icode= >,1r8h_A_B,1.9
640,17.624,HIS, ,NE2,32.74,3.45,1.0,<Residue HIS het=  resseq=356 icode= >,1r8h_A_B,1.9
641,0.0,LYS, ,N,27.44,3.86,1.0,<Residue LYS het=  resseq=357 icode= >,1r8h_A_B,1.9
642,5.693,LYS, ,CA,26.8,3.87,1.0,<Residue LYS het=  resseq=357 icode= >,1r8h_A_B,1.9
643,0.14,LYS, ,C,27.15,4.54,1.0,<Residue LYS het=  resseq=357 icode= >,1r8h_A_B,1.9
644,0.665,LYS, ,O,27.84,4.34,1.0,<Residue LYS het=  resseq=357 icode= >,1r8h_A_B,1.9
645,11.284,LYS, ,CB,26.6,3.51,1.0,<Residue LYS het=  resseq=357 icode= >,1r8h_A_B,1.9
646,16.362,LYS, ,CG,29.37,2.57,1.0,<Residue LYS het=  resseq=357 icode= >,1r8h_A_B,1.9
647,12.157,LYS, ,CD,34.21,2.65,1.0,<Residue LYS het=  resseq=357 icode= >,1r8h_A_B,1.9
648,36.416,LYS, ,CE,38.49,1.80,1.0,<Residue LYS het=  resseq=357 icode= >,1r8h_A_B,1.9
649,43.751,LYS, ,NZ,40.68,1.91,1.0,<Residue LYS het=  resseq=357 icode= >,1r8h_A_B,1.9
650,4.778,LEU, ,N,27.21,4.66,1.0,<Residue LEU het=  resseq=358 icode= >,1r8h_A_B,1.9
651,0.0,LEU, ,CA,27.19,3.63,1.0,<Residue LEU het=  resseq=358 icode= >,1r8h_A_B,1.9
652,2.887,LEU, ,C,26.8,4.24,1.0,<Residue LEU het=  resseq=358 icode= >,1r8h_A_B,1.9
653,27.01,LEU, ,O,25.04,4.74,1.0,<Residue LEU het=  resseq=358 icode= >,1r8h_A_B,1.9
654,12.619,LEU, ,CB,28.71,3.24,1.0,<Residue LEU het=  resseq=358 icode= >,1r8h_A_B,1.9
655,12.923,LEU, ,CG,34.35,3.12,1.0,<Residue LEU het=  resseq=358 icode= >,1r8h_A_B,1.9
656,21.257,LEU, ,CD1,39.1,1.46,1.0,<Residue LEU het=  resseq=358 icode= >,1r8h_A_B,1.9
657,4.086,LEU, ,CD2,36.21,1.65,1.0,<Residue LEU het=  resseq=358 icode= >,1r8h_A_B,1.9
658,0.716,GLY, ,N,23.59,4.84,1.0,<Residue GLY het=  resseq=359 icode= >,1r8h_A_B,1.9
659,26.263,GLY, ,CA,22.11,3.96,1.0,<Residue GLY het=  resseq=359 icode= >,1r8h_A_B,1.9
660,0.0,GLY, ,C,23.9,4.17,1.0,<Residue GLY het=  resseq=359 icode= >,1r8h_A_B,1.9
661,0.0,GLY, ,O,22.29,4.75,1.0,<Residue GLY het=  resseq=359 icode= >,1r8h_A_B,1.9
662,5.15,PHE, ,N,22.42,5.34,1.0,<Residue PHE het=  resseq=360 icode= >,1r8h_A_B,1.9
663,0.0,PHE, ,CA,25.08,4.20,1.0,<Residue PHE het=  resseq=360 icode= >,1r8h_A_B,1.9
664,0.609,PHE, ,C,25.62,4.94,1.0,<Residue PHE het=  resseq=360 icode= >,1r8h_A_B,1.9
665,25.228,PHE, ,O,24.35,4.52,1.0,<Residue PHE het=  resseq=360 icode= >,1r8h_A_B,1.9
666,15.142,PHE, ,CB,26.34,2.77,1.0,<Residue PHE het=  resseq=360 icode= >,1r8h_A_B,1.9
667,1.108,PHE, ,CG,30.84,2.03,1.0,<Residue PHE het=  resseq=360 icode= >,1r8h_A_B,1.9
668,16.935,PHE, ,CD1,37.03,1.79,1.0,<Residue PHE het=  resseq=360 icode= >,1r8h_A_B,1.9
669,0.222,PHE, ,CD2,36.07,1.02,1.0,<Residue PHE het=  resseq=360 icode= >,1r8h_A_B,1.9
670,26.967,PHE, ,CE1,40.02,1.76,1.0,<Residue PHE het=  resseq=360 icode= >,1r8h_A_B,1.9
671,8.37,PHE, ,CE2,35.48,2.31,1.0,<Residue PHE het=  resseq=360 icode= >,1r8h_A_B,1.9
672,7.518,PHE, ,CZ,39.27,1.42,1.0,<Residue PHE het=  resseq=360 icode= >,1r8h_A_B,1.9
673,0.0,MET, ,N,25.5,4.73,1.0,<Residue MET het=  resseq=361 icode= >,1r8h_A_B,1.9
674,8.372,MET, ,CA,24.75,3.88,1.0,<Residue MET het=  resseq=361 icode= >,1r8h_A_B,1.9
675,1.204,MET, ,C,25.28,4.89,1.0,<Residue MET het=  resseq=361 icode= >,1r8h_A_B,1.9
676,0.0,MET, ,O,24.41,5.17,1.0,<Residue MET het=  resseq=361 icode= >,1r8h_A_B,1.9
677,10.204,MET, ,CB,24.46,3.55,1.0,<Residue MET het=  resseq=361 icode= >,1r8h_A_B,1.9
678,0.0,MET, ,CG,27.16,2.98,1.0,<Residue MET het=  resseq=361 icode= >,1r8h_A_B,1.9
679,5.433,MET, ,SD,27.08,7.84,1.0,<Residue MET het=  resseq=361 icode= >,1r8h_A_B,1.9
680,29.392,MET, ,CE,33.66,1.68,1.0,<Residue MET het=  resseq=361 icode= >,1r8h_A_B,1.9
681,4.684,SER, ,N,25.02,4.57,1.0,<Residue SER het=  resseq=362 icode= >,1r8h_A_B,1.9
682,2.14,SER, ,CA,25.29,3.46,1.0,<Residue SER het=  resseq=362 icode= >,1r8h_A_B,1.9
683,0.0,SER, ,C,25.73,4.67,1.0,<Residue SER het=  resseq=362 icode= >,1r8h_A_B,1.9
684,0.0,SER, ,O,25.08,4.90,1.0,<Residue SER het=  resseq=362 icode= >,1r8h_A_B,1.9
685,13.482,SER, ,CB,26.28,3.58,1.0,<Residue SER het=  resseq=362 icode= >,1r8h_A_B,1.9
686,36.152,SER, ,OG,25.8,4.27,1.0,<Residue SER het=  resseq=362 icode= >,1r8h_A_B,1.9
687,0.0,MET, ,N,26.36,4.23,1.0,<Residue MET het=  resseq=363 icode= >,1r8h_A_B,1.9
688,0.0,MET, ,CA,28.67,3.37,1.0,<Residue MET het=  resseq=363 icode= >,1r8h_A_B,1.9
689,0.004,MET, ,C,29.42,4.27,1.0,<Residue MET het=  resseq=363 icode= >,1r8h_A_B,1.9
690,3.742,MET, ,O,30.05,3.53,1.0,<Residue MET het=  resseq=363 icode= >,1r8h_A_B,1.9
691,2.606,MET, ,CB,29.0,3.31,1.0,<Residue MET het=  resseq=363 icode= >,1r8h_A_B,1.9
692,14.716,MET, ,CG,33.39,2.45,1.0,<Residue MET het=  resseq=363 icode= >,1r8h_A_B,1.9
693,39.698,MET, ,SD,40.69,5.39,1.0,<Residue MET het=  resseq=363 icode= >,1r8h_A_B,1.9
694,33.209,MET, ,CE,40.07,1.70,1.0,<Residue MET het=  resseq=363 icode= >,1r8h_A_B,1.9
695,3.024,HIS, ,N,30.76,3.79,1.0,<Residue HIS het=  resseq=364 icode= >,1r8h_A_B,1.9
696,12.106,HIS, ,CA,32.19,2.74,1.0,<Residue HIS het=  resseq=364 icode= >,1r8h_A_B,1.9
697,0.0,HIS, ,C,33.22,3.63,1.0,<Residue HIS het=  resseq=364 icode= >,1r8h_A_B,1.9
698,13.47,HIS, ,O,31.97,4.25,1.0,<Residue HIS het=  resseq=364 icode= >,1r8h_A_B,1.9
699,19.953,HIS, ,CB,31.67,3.09,1.0,<Residue HIS het=  resseq=364 icode= >,1r8h_A_B,1.9
700,2.263,HIS, ,CG,33.42,3.04,1.0,<Residue HIS het=  resseq=364 icode= >,1r8h_A_B,1.9
701,16.969,HIS, ,ND1,35.2,2.61,1.0,<Residue HIS het=  resseq=364 icode= >,1r8h_A_B,1.9
702,26.269,HIS, ,CD2,30.94,2.95,1.0,<Residue HIS het=  resseq=364 icode= >,1r8h_A_B,1.9
703,43.998,HIS, ,CE1,33.75,2.48,1.0,<Residue HIS het=  resseq=364 icode= >,1r8h_A_B,1.9
704,31.845,HIS, ,NE2,35.06,2.93,1.0,<Residue HIS het=  resseq=364 icode= >,1r8h_A_B,1.9
705,0.0,LEU, ,N,32.99,3.99,1.0,<Residue LEU het=  resseq=365 icode= >,1r8h_A_B,1.9
706,4.268,LEU, ,CA,34.2,3.59,1.0,<Residue LEU het=  resseq=365 icode= >,1r8h_A_B,1.9
707,0.506,LEU, ,C,36.89,3.07,1.0,<Residue LEU het=  resseq=365 icode= >,1r8h_A_B,1.9
708,24.856,LEU, ,O,38.8,2.67,1.0,<Residue LEU het=  resseq=365 icode= >,1r8h_A_B,1.9
709,4.288,LEU, ,CB,32.46,3.72,1.0,<Residue LEU het=  resseq=365 icode= >,1r8h_A_B,1.9
710,0.03,LEU, ,CG,34.41,3.71,1.0,<Residue LEU het=  resseq=365 icode= >,1r8h_A_B,1.9
711,31.686,LEU, ,CD1,35.07,2.55,1.0,<Residue LEU het=  resseq=365 icode= >,1r8h_A_B,1.9
712,49.96,LEU, ,CD2,34.79,2.72,1.0,<Residue LEU het=  resseq=365 icode= >,1r8h_A_B,1.9
713,0.0,LEU, ,N,36.31,3.70,1.0,<Residue LEU het=  resseq=366 icode= >,1r8h_A_B,1.9
714,3.184,LEU, ,CA,38.16,3.22,1.0,<Residue LEU het=  resseq=366 icode= >,1r8h_A_B,1.9
715,6.106,LEU, ,C,40.21,2.99,1.0,<Residue LEU het=  resseq=366 icode= >,1r8h_A_B,1.9
716,28.091,LEU, ,O,40.92,2.12,1.0,<Residue LEU het=  resseq=366 icode= >,1r8h_A_B,1.9
717,10.564,LEU, ,CB,37.48,2.50,1.0,<Residue LEU het=  resseq=366 icode= >,1r8h_A_B,1.9
718,0.0,LEU, ,CG,39.94,2.42,1.0,<Residue LEU het=  resseq=366 icode= >,1r8h_A_B,1.9
719,12.216,LEU, ,CD1,42.12,1.28,1.0,<Residue LEU het=  resseq=366 icode= >,1r8h_A_B,1.9
720,7.457,LEU, ,CD2,39.18,2.62,1.0,<Residue LEU het=  resseq=366 icode= >,1r8h_A_B,1.9
721,35.735,LEU, ,OXT,44.12,1.52,1.0,<Residue LEU het=  resseq=366 icode= >,1r8h_A_B,1.9
