,ASA,aa,altloc,atom,bfac,d2r,dASA,dens,occ,residue,id,resolu
0,22.86,MET, ,N,26.44,1000.00,0.0,3.87,1.0,<Residue MET het=  resseq=1 icode= >,1rh6_A_A,1.7
1,10.569,MET, ,CA,25.83,1000.00,0.0,3.77,1.0,<Residue MET het=  resseq=1 icode= >,1rh6_A_A,1.7
2,0.0,MET, ,C,22.09,1000.00,0.0,5.04,1.0,<Residue MET het=  resseq=1 icode= >,1rh6_A_A,1.7
3,0.0,MET, ,O,22.13,1000.00,0.0,6.06,1.0,<Residue MET het=  resseq=1 icode= >,1rh6_A_A,1.7
4,2.535,MET, ,CB,29.43,1000.00,0.0,2.63,1.0,<Residue MET het=  resseq=1 icode= >,1rh6_A_A,1.7
5,22.757,MET, ,CG,33.63,1000.00,0.0,1.93,1.0,<Residue MET het=  resseq=1 icode= >,1rh6_A_A,1.7
6,38.669,MET, ,SD,34.65,1000.00,0.0,6.65,1.0,<Residue MET het=  resseq=1 icode= >,1rh6_A_A,1.7
7,75.898,MET, ,CE,39.1,1000.00,0.0,1.25,1.0,<Residue MET het=  resseq=1 icode= >,1rh6_A_A,1.7
8,4.53,TYR, ,N,23.39,16.74,0.0,5.28,1.0,<Residue TYR het=  resseq=2 icode= >,1rh6_A_A,1.7
9,0.0,TYR, ,CA,22.98,15.79,0.0,3.54,1.0,<Residue TYR het=  resseq=2 icode= >,1rh6_A_A,1.7
10,0.827,TYR, ,C,21.14,14.37,0.0,4.76,1.0,<Residue TYR het=  resseq=2 icode= >,1rh6_A_A,1.7
11,20.029,TYR, ,O,21.91,14.13,0.0,5.01,1.0,<Residue TYR het=  resseq=2 icode= >,1rh6_A_A,1.7
12,13.349,TYR, ,CB,23.89,15.92,0.0,3.88,1.0,<Residue TYR het=  resseq=2 icode= >,1rh6_A_A,1.7
13,2.279,TYR, ,CG,26.1,17.15,0.0,3.89,1.0,<Residue TYR het=  resseq=2 icode= >,1rh6_A_A,1.7
14,14.107,TYR, ,CD1,28.21,18.41,0.0,3.52,1.0,<Residue TYR het=  resseq=2 icode= >,1rh6_A_A,1.7
15,1.332,TYR, ,CD2,26.44,17.00,0.0,3.90,1.0,<Residue TYR het=  resseq=2 icode= >,1rh6_A_A,1.7
16,24.918,TYR, ,CE1,31.62,19.53,0.0,2.50,1.0,<Residue TYR het=  resseq=2 icode= >,1rh6_A_A,1.7
17,4.79,TYR, ,CE2,31.51,18.10,0.0,3.22,1.0,<Residue TYR het=  resseq=2 icode= >,1rh6_A_A,1.7
18,4.101,TYR, ,CZ,31.76,19.31,0.0,3.84,1.0,<Residue TYR het=  resseq=2 icode= >,1rh6_A_A,1.7
19,33.696,TYR, ,OH,37.41,20.40,0.0,2.45,1.0,<Residue TYR het=  resseq=2 icode= >,1rh6_A_A,1.7
20,0.0,LEU, ,N,21.33,13.64,0.0,5.43,1.0,<Residue LEU het=  resseq=3 icode= >,1rh6_A_A,1.7
21,0.0,LEU, ,CA,20.68,12.37,0.0,4.43,1.0,<Residue LEU het=  resseq=3 icode= >,1rh6_A_A,1.7
22,0.044,LEU, ,C,22.77,11.27,0.0,5.15,1.0,<Residue LEU het=  resseq=3 icode= >,1rh6_A_A,1.7
23,0.0,LEU, ,O,22.68,11.60,0.0,6.24,1.0,<Residue LEU het=  resseq=3 icode= >,1rh6_A_A,1.7
24,0.0,LEU, ,CB,21.76,12.67,0.0,3.74,1.0,<Residue LEU het=  resseq=3 icode= >,1rh6_A_A,1.7
25,0.0,LEU, ,CG,20.53,13.87,0.0,4.09,1.0,<Residue LEU het=  resseq=3 icode= >,1rh6_A_A,1.7
26,2.263,LEU, ,CD1,23.6,14.24,0.0,3.01,1.0,<Residue LEU het=  resseq=3 icode= >,1rh6_A_A,1.7
27,15.933,LEU, ,CD2,23.55,13.95,0.0,3.16,1.0,<Residue LEU het=  resseq=3 icode= >,1rh6_A_A,1.7
28,0.476,THR, ,N,22.23,10.06,0.0,5.91,1.0,<Residue THR het=  resseq=4 icode= >,1rh6_A_A,1.7
29,0.0,THR, ,CA,21.46,8.98,0.0,3.86,1.0,<Residue THR het=  resseq=4 icode= >,1rh6_A_A,1.7
30,0.0,THR, ,C,22.31,8.74,0.0,5.27,1.0,<Residue THR het=  resseq=4 icode= >,1rh6_A_A,1.7
31,0.0,THR, ,O,20.33,9.31,0.0,6.53,1.0,<Residue THR het=  resseq=4 icode= >,1rh6_A_A,1.7
32,2.04,THR, ,CB,20.27,7.72,0.0,4.02,1.0,<Residue THR het=  resseq=4 icode= >,1rh6_A_A,1.7
33,2.421,THR, ,OG1,19.89,7.39,1.52,5.57,1.0,<Residue THR het=  resseq=4 icode= >,1rh6_A_A,1.7
34,34.916,THR, ,CG2,22.35,8.28,0.0,3.44,1.0,<Residue THR het=  resseq=4 icode= >,1rh6_A_A,1.7
35,0.0,LEU, ,N,23.31,8.05,0.0,4.84,1.0,<Residue LEU het=  resseq=5 icode= >,1rh6_A_A,1.7
36,0.0,LEU, ,CA,23.42,8.10,0.0,3.80,1.0,<Residue LEU het=  resseq=5 icode= >,1rh6_A_A,1.7
37,0.0,LEU, ,C,21.97,7.67,0.0,5.00,1.0,<Residue LEU het=  resseq=5 icode= >,1rh6_A_A,1.7
38,0.0,LEU, ,O,19.92,8.52,0.0,6.08,1.0,<Residue LEU het=  resseq=5 icode= >,1rh6_A_A,1.7
39,8.815,LEU, ,CB,24.1,7.25,0.0,2.78,1.0,<Residue LEU het=  resseq=5 icode= >,1rh6_A_A,1.7
40,0.0,LEU, ,CG,28.27,8.11,0.0,2.18,1.0,<Residue LEU het=  resseq=5 icode= >,1rh6_A_A,1.7
41,4.183,LEU, ,CD1,28.58,8.49,0.0,2.19,1.0,<Residue LEU het=  resseq=5 icode= >,1rh6_A_A,1.7
42,1.303,LEU, ,CD2,35.7,7.71,0.0,1.04,1.0,<Residue LEU het=  resseq=5 icode= >,1rh6_A_A,1.7
43,0.084,GLN, ,N,22.84,6.45,0.0,4.73,1.0,<Residue GLN het=  resseq=6 icode= >,1rh6_A_A,1.7
44,0.081,GLN, ,CA,21.13,6.31,0.0,4.45,1.0,<Residue GLN het=  resseq=6 icode= >,1rh6_A_A,1.7
45,1.22,GLN, ,C,20.28,7.57,1.22,4.99,1.0,<Residue GLN het=  resseq=6 icode= >,1rh6_A_A,1.7
46,4.102,GLN, ,O,22.29,8.31,2.949,5.94,1.0,<Residue GLN het=  resseq=6 icode= >,1rh6_A_A,1.7
47,18.162,GLN, ,CB,22.7,5.09,16.566,3.26,1.0,<Residue GLN het=  resseq=6 icode= >,1rh6_A_A,1.7
48,17.959,GLN, ,CG,26.21,3.82,9.244,3.18,1.0,<Residue GLN het=  resseq=6 icode= >,1rh6_A_A,1.7
49,3.981,GLN, ,CD,30.86,3.78,3.917,3.70,1.0,<Residue GLN het=  resseq=6 icode= >,1rh6_A_A,1.7
50,25.187,GLN, ,OE1,29.57,4.96,12.417,3.39,1.0,<Residue GLN het=  resseq=6 icode= >,1rh6_A_A,1.7
51,46.946,GLN, ,NE2,30.34,2.86,40.766,3.15,1.0,<Residue GLN het=  resseq=6 icode= >,1rh6_A_A,1.7
52,0.0,GLU, ,N,18.68,8.10,0.0,5.77,1.0,<Residue GLU het=  resseq=7 icode= >,1rh6_A_A,1.7
53,2.547,GLU, ,CA,19.16,9.35,2.547,4.72,1.0,<Residue GLU het=  resseq=7 icode= >,1rh6_A_A,1.7
54,0.0,GLU, ,C,18.87,10.52,0.0,5.33,1.0,<Residue GLU het=  resseq=7 icode= >,1rh6_A_A,1.7
55,0.0,GLU, ,O,20.05,11.19,0.0,6.43,1.0,<Residue GLU het=  resseq=7 icode= >,1rh6_A_A,1.7
56,0.0,GLU, ,CB,16.96,9.85,0.0,4.14,1.0,<Residue GLU het=  resseq=7 icode= >,1rh6_A_A,1.7
57,18.889,GLU, ,CG,19.5,9.41,18.852,3.99,1.0,<Residue GLU het=  resseq=7 icode= >,1rh6_A_A,1.7
58,5.422,GLU, ,CD,23.54,10.02,1.48,5.09,1.0,<Residue GLU het=  resseq=7 icode= >,1rh6_A_A,1.7
59,4.332,GLU, ,OE1,21.44,10.44,0.0,5.79,1.0,<Residue GLU het=  resseq=7 icode= >,1rh6_A_A,1.7
60,41.007,GLU, ,OE2,24.37,10.09,18.406,5.83,1.0,<Residue GLU het=  resseq=7 icode= >,1rh6_A_A,1.7
61,0.0,TRP, ,N,18.93,10.64,0.0,5.96,1.0,<Residue TRP het=  resseq=8 icode= >,1rh6_A_A,1.7
62,0.0,TRP, ,CA,20.02,11.77,0.0,4.43,1.0,<Residue TRP het=  resseq=8 icode= >,1rh6_A_A,1.7
63,0.0,TRP, ,C,21.26,11.85,0.0,5.61,1.0,<Residue TRP het=  resseq=8 icode= >,1rh6_A_A,1.7
64,0.0,TRP, ,O,21.0,10.98,0.0,5.93,1.0,<Residue TRP het=  resseq=8 icode= >,1rh6_A_A,1.7
65,0.0,TRP, ,CB,19.64,11.99,0.0,4.17,1.0,<Residue TRP het=  resseq=8 icode= >,1rh6_A_A,1.7
66,0.0,TRP, ,CG,22.13,13.29,0.0,3.96,1.0,<Residue TRP het=  resseq=8 icode= >,1rh6_A_A,1.7
67,0.0,TRP, ,CD1,19.77,14.57,0.0,5.03,1.0,<Residue TRP het=  resseq=8 icode= >,1rh6_A_A,1.7
68,0.0,TRP, ,CD2,22.69,13.55,0.0,4.29,1.0,<Residue TRP het=  resseq=8 icode= >,1rh6_A_A,1.7
69,0.0,TRP, ,NE1,17.91,14.43,0.0,5.75,1.0,<Residue TRP het=  resseq=8 icode= >,1rh6_A_A,1.7
70,0.0,TRP, ,CE2,24.19,13.91,0.0,4.24,1.0,<Residue TRP het=  resseq=8 icode= >,1rh6_A_A,1.7
71,0.0,TRP, ,CE3,20.18,12.84,0.0,4.15,1.0,<Residue TRP het=  resseq=8 icode= >,1rh6_A_A,1.7
72,0.002,TRP, ,CZ2,21.39,13.61,0.0,3.98,1.0,<Residue TRP het=  resseq=8 icode= >,1rh6_A_A,1.7
73,0.0,TRP, ,CZ3,21.26,12.74,0.0,4.02,1.0,<Residue TRP het=  resseq=8 icode= >,1rh6_A_A,1.7
74,0.766,TRP, ,CH2,22.47,13.01,0.0,4.25,1.0,<Residue TRP het=  resseq=8 icode= >,1rh6_A_A,1.7
75,0.0,ASN, ,N,21.92,10.93,0.0,5.44,1.0,<Residue ASN het=  resseq=9 icode= >,1rh6_A_A,1.7
76,0.0,ASN, ,CA,22.06,10.45,0.0,4.29,1.0,<Residue ASN het=  resseq=9 icode= >,1rh6_A_A,1.7
77,0.0,ASN, ,C,20.97,9.28,0.0,5.24,1.0,<Residue ASN het=  resseq=9 icode= >,1rh6_A_A,1.7
78,0.0,ASN, ,O,22.42,8.22,0.0,5.20,1.0,<Residue ASN het=  resseq=9 icode= >,1rh6_A_A,1.7
79,0.161,ASN, ,CB,23.15,9.52,0.0,3.89,1.0,<Residue ASN het=  resseq=9 icode= >,1rh6_A_A,1.7
80,0.0,ASN, ,CG,22.27,8.95,0.0,4.55,1.0,<Residue ASN het=  resseq=9 icode= >,1rh6_A_A,1.7
81,11.443,ASN, ,OD1,28.92,7.85,0.0,4.15,1.0,<Residue ASN het=  resseq=9 icode= >,1rh6_A_A,1.7
82,0.446,ASN, ,ND2,16.85,9.29,0.0,5.31,1.0,<Residue ASN het=  resseq=9 icode= >,1rh6_A_A,1.7
83,0.131,ALA, ,N,21.28,8.87,0.0,5.10,1.0,<Residue ALA het=  resseq=10 icode= >,1rh6_A_A,1.7
84,2.969,ALA, ,CA,21.32,7.57,0.958,4.25,1.0,<Residue ALA het=  resseq=10 icode= >,1rh6_A_A,1.7
85,0.056,ALA, ,C,23.76,7.41,0.056,4.36,1.0,<Residue ALA het=  resseq=10 icode= >,1rh6_A_A,1.7
86,21.598,ALA, ,O,24.18,6.42,12.062,4.89,1.0,<Residue ALA het=  resseq=10 icode= >,1rh6_A_A,1.7
87,41.67,ALA, ,CB,21.37,7.64,39.381,3.35,1.0,<Residue ALA het=  resseq=10 icode= >,1rh6_A_A,1.7
88,0.0,ARG, ,N,22.77,8.64,0.0,4.68,1.0,<Residue ARG het=  resseq=11 icode= >,1rh6_A_A,1.7
89,5.961,ARG, ,CA,24.68,8.82,1.807,3.78,1.0,<Residue ARG het=  resseq=11 icode= >,1rh6_A_A,1.7
90,1.01,ARG, ,C,25.33,8.44,0.0,4.17,1.0,<Residue ARG het=  resseq=11 icode= >,1rh6_A_A,1.7
91,25.821,ARG, ,O,27.19,8.67,0.0,4.57,1.0,<Residue ARG het=  resseq=11 icode= >,1rh6_A_A,1.7
92,9.744,ARG, ,CB,23.08,10.27,0.0,4.07,1.0,<Residue ARG het=  resseq=11 icode= >,1rh6_A_A,1.7
93,18.104,ARG, ,CG,22.02,10.23,11.894,3.69,1.0,<Residue ARG het=  resseq=11 icode= >,1rh6_A_A,1.7
94,10.041,ARG, ,CD,21.51,11.60,0.0,3.51,1.0,<Residue ARG het=  resseq=11 icode= >,1rh6_A_A,1.7
95,14.926,ARG, ,NE,23.24,11.80,2.553,4.78,1.0,<Residue ARG het=  resseq=11 icode= >,1rh6_A_A,1.7
96,2.476,ARG, ,CZ,24.1,11.45,2.319,4.96,1.0,<Residue ARG het=  resseq=11 icode= >,1rh6_A_A,1.7
97,9.411,ARG, ,NH1,21.73,10.99,9.411,5.33,1.0,<Residue ARG het=  resseq=11 icode= >,1rh6_A_A,1.7
98,57.607,ARG, ,NH2,23.7,11.79,41.935,4.44,1.0,<Residue ARG het=  resseq=11 icode= >,1rh6_A_A,1.7
99,0.0,GLN, ,N,23.95,8.05,0.0,4.26,1.0,<Residue GLN het=  resseq=12 icode= >,1rh6_A_A,1.7
100,1.594,GLN, ,CA,24.54,7.94,0.0,3.20,1.0,<Residue GLN het=  resseq=12 icode= >,1rh6_A_A,1.7
101,1.137,GLN, ,C,25.1,6.56,0.0,4.11,1.0,<Residue GLN het=  resseq=12 icode= >,1rh6_A_A,1.7
102,8.567,GLN, ,O,25.81,5.54,0.0,4.75,1.0,<Residue GLN het=  resseq=12 icode= >,1rh6_A_A,1.7
103,9.338,GLN, ,CB,25.01,8.61,0.0,3.38,1.0,<Residue GLN het=  resseq=12 icode= >,1rh6_A_A,1.7
104,1.581,GLN, ,CG,23.63,9.99,0.0,3.78,1.0,<Residue GLN het=  resseq=12 icode= >,1rh6_A_A,1.7
105,0.477,GLN, ,CD,22.83,10.90,0.0,4.51,1.0,<Residue GLN het=  resseq=12 icode= >,1rh6_A_A,1.7
106,14.202,GLN, ,OE1,23.72,11.26,0.0,5.07,1.0,<Residue GLN het=  resseq=12 icode= >,1rh6_A_A,1.7
107,6.909,GLN, ,NE2,23.02,11.41,0.0,4.46,1.0,<Residue GLN het=  resseq=12 icode= >,1rh6_A_A,1.7
108,7.993,ARG, ,N,28.32,6.80,0.0,3.67,1.0,<Residue ARG het=  resseq=13 icode= >,1rh6_A_A,1.7
109,11.97,ARG, ,CA,27.6,5.92,0.0,3.54,1.0,<Residue ARG het=  resseq=13 icode= >,1rh6_A_A,1.7
110,0.0,ARG, ,C,27.66,4.98,0.0,3.85,1.0,<Residue ARG het=  resseq=13 icode= >,1rh6_A_A,1.7
111,10.075,ARG, ,O,29.09,3.81,6.418,3.63,1.0,<Residue ARG het=  resseq=13 icode= >,1rh6_A_A,1.7
112,17.622,ARG, ,CB,28.99,6.97,0.0,2.90,1.0,<Residue ARG het=  resseq=13 icode= >,1rh6_A_A,1.7
113,12.747,ARG, ,CG,31.4,6.66,0.0,2.68,1.0,<Residue ARG het=  resseq=13 icode= >,1rh6_A_A,1.7
114,33.118,ARG, ,CD,37.88,8.02,0.0,2.48,1.0,<Residue ARG het=  resseq=13 icode= >,1rh6_A_A,1.7
115,5.964,ARG, ,NE,45.64,8.76,0.0,1.33,1.0,<Residue ARG het=  resseq=13 icode= >,1rh6_A_A,1.7
116,7.668,ARG, ,CZ,47.59,10.08,0.0,1.74,1.0,<Residue ARG het=  resseq=13 icode= >,1rh6_A_A,1.7
117,58.832,ARG, ,NH1,49.08,10.73,0.0,1.55,1.0,<Residue ARG het=  resseq=13 icode= >,1rh6_A_A,1.7
118,51.541,ARG, ,NH2,48.77,10.86,0.0,1.62,1.0,<Residue ARG het=  resseq=13 icode= >,1rh6_A_A,1.7
119,2.289,ARG, ,N,26.65,5.48,0.0,4.16,1.0,<Residue ARG het=  resseq=14 icode= >,1rh6_A_A,1.7
120,0.0,ARG, ,CA,26.92,4.60,0.0,3.43,1.0,<Residue ARG het=  resseq=14 icode= >,1rh6_A_A,1.7
121,0.0,ARG, ,C,26.24,5.21,0.0,4.18,1.0,<Residue ARG het=  resseq=14 icode= >,1rh6_A_A,1.7
122,5.054,ARG, ,O,25.9,6.35,0.0,5.04,1.0,<Residue ARG het=  resseq=14 icode= >,1rh6_A_A,1.7
123,8.553,ARG, ,CB,29.23,5.12,0.0,2.58,1.0,<Residue ARG het=  resseq=14 icode= >,1rh6_A_A,1.7
124,11.476,ARG, ,CG,32.69,4.78,0.0,2.60,1.0,<Residue ARG het=  resseq=14 icode= >,1rh6_A_A,1.7
125,17.5,ARG, ,CD,34.5,3.50,10.098,2.63,1.0,<Residue ARG het=  resseq=14 icode= >,1rh6_A_A,1.7
126,20.599,ARG, ,NE,39.04,3.84,2.639,2.54,1.0,<Residue ARG het=  resseq=14 icode= >,1rh6_A_A,1.7
127,8.279,ARG, ,CZ,41.58,3.76,4.836,2.76,1.0,<Residue ARG het=  resseq=14 icode= >,1rh6_A_A,1.7
128,21.072,ARG, ,NH1,41.11,3.61,7.651,2.21,1.0,<Residue ARG het=  resseq=14 icode= >,1rh6_A_A,1.7
129,59.263,ARG, ,NH2,42.35,4.43,4.552,1.66,1.0,<Residue ARG het=  resseq=14 icode= >,1rh6_A_A,1.7
130,0.0,PRO, ,N,25.61,4.88,0.0,4.99,1.0,<Residue PRO het=  resseq=15 icode= >,1rh6_A_A,1.7
131,0.0,PRO, ,CA,24.58,5.88,0.0,3.66,1.0,<Residue PRO het=  resseq=15 icode= >,1rh6_A_A,1.7
132,1.087,PRO, ,C,25.94,6.13,0.0,3.67,1.0,<Residue PRO het=  resseq=15 icode= >,1rh6_A_A,1.7
133,13.913,PRO, ,O,28.77,5.32,0.277,3.70,1.0,<Residue PRO het=  resseq=15 icode= >,1rh6_A_A,1.7
134,18.221,PRO, ,CB,25.75,5.63,0.0,3.21,1.0,<Residue PRO het=  resseq=15 icode= >,1rh6_A_A,1.7
135,18.022,PRO, ,CG,26.28,4.91,3.558,3.35,1.0,<Residue PRO het=  resseq=15 icode= >,1rh6_A_A,1.7
136,15.658,PRO, ,CD,26.88,3.99,13.739,3.16,1.0,<Residue PRO het=  resseq=15 icode= >,1rh6_A_A,1.7
137,0.0,ARG, ,N,23.84,7.43,0.0,4.48,1.0,<Residue ARG het=  resseq=16 icode= >,1rh6_A_A,1.7
138,4.798,ARG, ,CA,25.4,8.12,0.0,3.39,1.0,<Residue ARG het=  resseq=16 icode= >,1rh6_A_A,1.7
139,4.245,ARG, ,C,23.36,7.77,0.0,4.58,1.0,<Residue ARG het=  resseq=16 icode= >,1rh6_A_A,1.7
140,8.704,ARG, ,O,24.54,7.10,0.0,5.03,1.0,<Residue ARG het=  resseq=16 icode= >,1rh6_A_A,1.7
141,1.304,ARG, ,CB,25.59,8.99,0.0,3.38,1.0,<Residue ARG het=  resseq=16 icode= >,1rh6_A_A,1.7
142,0.267,ARG, ,CG,28.66,8.41,0.0,2.55,1.0,<Residue ARG het=  resseq=16 icode= >,1rh6_A_A,1.7
143,18.301,ARG, ,CD,29.74,7.73,0.0,2.75,1.0,<Residue ARG het=  resseq=16 icode= >,1rh6_A_A,1.7
144,9.006,ARG, ,NE,29.72,7.58,0.0,3.30,1.0,<Residue ARG het=  resseq=16 icode= >,1rh6_A_A,1.7
145,4.0,ARG, ,CZ,30.79,7.06,0.0,3.76,1.0,<Residue ARG het=  resseq=16 icode= >,1rh6_A_A,1.7
146,40.186,ARG, ,NH1,35.49,7.35,0.0,2.85,1.0,<Residue ARG het=  resseq=16 icode= >,1rh6_A_A,1.7
147,42.555,ARG, ,NH2,34.62,6.67,0.0,3.62,1.0,<Residue ARG het=  resseq=16 icode= >,1rh6_A_A,1.7
148,6.806,SER, ,N,24.49,7.34,0.0,4.40,1.0,<Residue SER het=  resseq=17 icode= >,1rh6_A_A,1.7
149,9.52,SER, ,CA,24.5,5.98,0.0,3.75,1.0,<Residue SER het=  resseq=17 icode= >,1rh6_A_A,1.7
150,0.0,SER, ,C,23.44,5.64,0.0,4.74,1.0,<Residue SER het=  resseq=17 icode= >,1rh6_A_A,1.7
151,0.0,SER, ,O,24.39,6.49,0.0,4.76,1.0,<Residue SER het=  resseq=17 icode= >,1rh6_A_A,1.7
152,39.056,SER, ,CB,24.71,5.69,4.407,3.56,1.0,<Residue SER het=  resseq=17 icode= >,1rh6_A_A,1.7
153,7.456,SER, ,OG,23.71,6.31,0.0,4.27,1.0,<Residue SER het=  resseq=17 icode= >,1rh6_A_A,1.7
154,4.612,LEU, ,N,23.99,4.54,3.329,4.56,1.0,<Residue LEU het=  resseq=18 icode= >,1rh6_A_A,1.7
155,0.0,LEU, ,CA,22.52,4.49,0.0,2.88,1.0,<Residue LEU het=  resseq=18 icode= >,1rh6_A_A,1.7
156,0.0,LEU, ,C,24.0,4.75,0.0,4.03,1.0,<Residue LEU het=  resseq=18 icode= >,1rh6_A_A,1.7
157,0.0,LEU, ,O,23.63,5.69,0.0,4.77,1.0,<Residue LEU het=  resseq=18 icode= >,1rh6_A_A,1.7
158,4.973,LEU, ,CB,24.15,3.66,4.973,2.85,1.0,<Residue LEU het=  resseq=18 icode= >,1rh6_A_A,1.7
159,9.871,LEU, ,CG,27.18,3.96,6.129,2.52,1.0,<Residue LEU het=  resseq=18 icode= >,1rh6_A_A,1.7
160,35.592,LEU, ,CD1,28.41,3.87,30.029,1.56,1.0,<Residue LEU het=  resseq=18 icode= >,1rh6_A_A,1.7
161,2.376,LEU, ,CD2,32.29,5.30,0.0,2.21,1.0,<Residue LEU het=  resseq=18 icode= >,1rh6_A_A,1.7
162,2.686,GLU, ,N,23.0,4.31,2.564,4.74,1.0,<Residue GLU het=  resseq=19 icode= >,1rh6_A_A,1.7
163,0.076,GLU, ,CA,24.98,5.23,0.0,3.72,1.0,<Residue GLU het=  resseq=19 icode= >,1rh6_A_A,1.7
164,0.0,GLU, ,C,22.9,6.70,0.0,4.48,1.0,<Residue GLU het=  resseq=19 icode= >,1rh6_A_A,1.7
165,0.937,GLU, ,O,25.13,7.56,0.0,4.44,1.0,<Residue GLU het=  resseq=19 icode= >,1rh6_A_A,1.7
166,9.847,GLU, ,CB,26.18,5.31,1.86,2.90,1.0,<Residue GLU het=  resseq=19 icode= >,1rh6_A_A,1.7
167,11.36,GLU, ,CG,25.26,6.46,0.0,3.23,1.0,<Residue GLU het=  resseq=19 icode= >,1rh6_A_A,1.7
168,13.491,GLU, ,CD,29.29,5.53,0.0,4.27,1.0,<Residue GLU het=  resseq=19 icode= >,1rh6_A_A,1.7
169,29.434,GLU, ,OE1,29.12,6.22,0.0,4.59,1.0,<Residue GLU het=  resseq=19 icode= >,1rh6_A_A,1.7
170,34.079,GLU, ,OE2,28.45,4.36,10.998,4.37,1.0,<Residue GLU het=  resseq=19 icode= >,1rh6_A_A,1.7
171,0.0,THR, ,N,22.46,7.13,0.0,5.27,1.0,<Residue THR het=  resseq=20 icode= >,1rh6_A_A,1.7
172,0.0,THR, ,CA,22.43,8.53,0.0,3.99,1.0,<Residue THR het=  resseq=20 icode= >,1rh6_A_A,1.7
173,0.0,THR, ,C,21.3,8.99,0.0,4.37,1.0,<Residue THR het=  resseq=20 icode= >,1rh6_A_A,1.7
174,0.0,THR, ,O,22.53,10.05,0.0,5.04,1.0,<Residue THR het=  resseq=20 icode= >,1rh6_A_A,1.7
175,0.0,THR, ,CB,24.72,8.97,0.0,3.45,1.0,<Residue THR het=  resseq=20 icode= >,1rh6_A_A,1.7
176,18.564,THR, ,OG1,26.77,9.04,0.0,4.04,1.0,<Residue THR het=  resseq=20 icode= >,1rh6_A_A,1.7
177,13.381,THR, ,CG2,26.05,10.41,0.0,3.41,1.0,<Residue THR het=  resseq=20 icode= >,1rh6_A_A,1.7
178,0.0,VAL, ,N,22.84,8.37,0.0,4.28,1.0,<Residue VAL het=  resseq=21 icode= >,1rh6_A_A,1.7
179,0.0,VAL, ,CA,20.35,9.22,0.0,4.25,1.0,<Residue VAL het=  resseq=21 icode= >,1rh6_A_A,1.7
180,0.0,VAL, ,C,23.97,9.53,0.0,4.32,1.0,<Residue VAL het=  resseq=21 icode= >,1rh6_A_A,1.7
181,0.0,VAL, ,O,22.84,10.72,0.0,5.45,1.0,<Residue VAL het=  resseq=21 icode= >,1rh6_A_A,1.7
182,0.0,VAL, ,CB,19.54,8.90,0.0,3.78,1.0,<Residue VAL het=  resseq=21 icode= >,1rh6_A_A,1.7
183,0.0,VAL, ,CG1,20.1,10.16,0.0,3.16,1.0,<Residue VAL het=  resseq=21 icode= >,1rh6_A_A,1.7
184,0.0,VAL, ,CG2,23.22,9.04,0.0,3.46,1.0,<Residue VAL het=  resseq=21 icode= >,1rh6_A_A,1.7
185,0.0,ARG, ,N,22.08,8.63,0.0,4.67,1.0,<Residue ARG het=  resseq=22 icode= >,1rh6_A_A,1.7
186,0.073,ARG, ,CA,24.02,9.16,0.0,4.02,1.0,<Residue ARG het=  resseq=22 icode= >,1rh6_A_A,1.7
187,0.0,ARG, ,C,23.53,10.26,0.0,4.43,1.0,<Residue ARG het=  resseq=22 icode= >,1rh6_A_A,1.7
188,0.582,ARG, ,O,25.6,11.27,0.0,4.49,1.0,<Residue ARG het=  resseq=22 icode= >,1rh6_A_A,1.7
189,2.079,ARG, ,CB,24.19,8.14,0.0,3.30,1.0,<Residue ARG het=  resseq=22 icode= >,1rh6_A_A,1.7
190,0.154,ARG, ,CG,26.17,7.58,0.0,2.75,1.0,<Residue ARG het=  resseq=22 icode= >,1rh6_A_A,1.7
191,31.261,ARG, ,CD,33.89,7.09,0.0,2.37,1.0,<Residue ARG het=  resseq=22 icode= >,1rh6_A_A,1.7
192,8.598,ARG, ,NE,39.96,6.16,0.0,1.96,1.0,<Residue ARG het=  resseq=22 icode= >,1rh6_A_A,1.7
193,4.323,ARG, ,CZ,42.46,4.86,0.0,2.27,1.0,<Residue ARG het=  resseq=22 icode= >,1rh6_A_A,1.7
194,27.757,ARG, ,NH1,44.73,4.36,5.322,1.77,1.0,<Residue ARG het=  resseq=22 icode= >,1rh6_A_A,1.7
195,32.8,ARG, ,NH2,46.0,4.42,4.813,2.02,1.0,<Residue ARG het=  resseq=22 icode= >,1rh6_A_A,1.7
196,0.0,ARG, ,N,24.01,10.17,0.0,4.21,1.0,<Residue ARG het=  resseq=23 icode= >,1rh6_A_A,1.7
197,0.0,ARG, ,CA,23.58,11.37,0.0,3.73,1.0,<Residue ARG het=  resseq=23 icode= >,1rh6_A_A,1.7
198,0.0,ARG, ,C,24.42,12.54,0.0,4.80,1.0,<Residue ARG het=  resseq=23 icode= >,1rh6_A_A,1.7
199,0.0,ARG, ,O,25.46,13.62,0.0,5.32,1.0,<Residue ARG het=  resseq=23 icode= >,1rh6_A_A,1.7
200,0.0,ARG, ,CB,26.38,11.25,0.0,3.20,1.0,<Residue ARG het=  resseq=23 icode= >,1rh6_A_A,1.7
201,4.197,ARG, ,CG,27.58,12.46,0.0,3.21,1.0,<Residue ARG het=  resseq=23 icode= >,1rh6_A_A,1.7
202,22.432,ARG, ,CD,29.71,12.19,0.0,3.09,1.0,<Residue ARG het=  resseq=23 icode= >,1rh6_A_A,1.7
203,12.307,ARG, ,NE,33.37,11.30,0.0,2.82,1.0,<Residue ARG het=  resseq=23 icode= >,1rh6_A_A,1.7
204,4.779,ARG, ,CZ,35.69,10.02,0.0,2.35,1.0,<Residue ARG het=  resseq=23 icode= >,1rh6_A_A,1.7
205,18.726,ARG, ,NH1,32.79,9.38,0.0,3.04,1.0,<Residue ARG het=  resseq=23 icode= >,1rh6_A_A,1.7
206,40.99,ARG, ,NH2,37.15,9.50,0.0,2.65,1.0,<Residue ARG het=  resseq=23 icode= >,1rh6_A_A,1.7
207,0.0,TRP, ,N,24.78,12.35,0.0,4.35,1.0,<Residue TRP het=  resseq=24 icode= >,1rh6_A_A,1.7
208,0.0,TRP, ,CA,21.98,13.54,0.0,3.97,1.0,<Residue TRP het=  resseq=24 icode= >,1rh6_A_A,1.7
209,0.0,TRP, ,C,23.0,14.08,0.0,5.11,1.0,<Residue TRP het=  resseq=24 icode= >,1rh6_A_A,1.7
210,0.0,TRP, ,O,24.78,15.31,0.0,5.02,1.0,<Residue TRP het=  resseq=24 icode= >,1rh6_A_A,1.7
211,0.0,TRP, ,CB,21.98,13.33,0.0,3.65,1.0,<Residue TRP het=  resseq=24 icode= >,1rh6_A_A,1.7
212,0.0,TRP, ,CG,23.0,13.22,0.0,3.92,1.0,<Residue TRP het=  resseq=24 icode= >,1rh6_A_A,1.7
213,1.075,TRP, ,CD1,23.76,13.52,0.0,3.84,1.0,<Residue TRP het=  resseq=24 icode= >,1rh6_A_A,1.7
214,0.0,TRP, ,CD2,21.93,12.92,0.0,3.44,1.0,<Residue TRP het=  resseq=24 icode= >,1rh6_A_A,1.7
215,8.462,TRP, ,NE1,24.96,13.43,0.0,4.39,1.0,<Residue TRP het=  resseq=24 icode= >,1rh6_A_A,1.7
216,0.0,TRP, ,CE2,22.57,13.03,0.0,3.38,1.0,<Residue TRP het=  resseq=24 icode= >,1rh6_A_A,1.7
217,0.0,TRP, ,CE3,21.26,12.69,0.0,3.51,1.0,<Residue TRP het=  resseq=24 icode= >,1rh6_A_A,1.7
218,8.34,TRP, ,CZ2,21.95,11.83,0.0,3.73,1.0,<Residue TRP het=  resseq=24 icode= >,1rh6_A_A,1.7
219,3.594,TRP, ,CZ3,24.62,11.70,0.0,3.40,1.0,<Residue TRP het=  resseq=24 icode= >,1rh6_A_A,1.7
220,6.243,TRP, ,CH2,26.57,11.01,0.0,3.18,1.0,<Residue TRP het=  resseq=24 icode= >,1rh6_A_A,1.7
221,0.0,VAL, ,N,23.12,13.31,0.0,4.83,1.0,<Residue VAL het=  resseq=25 icode= >,1rh6_A_A,1.7
222,1.208,VAL, ,CA,23.42,14.01,0.0,4.49,1.0,<Residue VAL het=  resseq=25 icode= >,1rh6_A_A,1.7
223,0.0,VAL, ,C,25.79,14.79,0.0,4.86,1.0,<Residue VAL het=  resseq=25 icode= >,1rh6_A_A,1.7
224,9.067,VAL, ,O,27.68,16.00,0.0,5.15,1.0,<Residue VAL het=  resseq=25 icode= >,1rh6_A_A,1.7
225,0.06,VAL, ,CB,22.22,13.17,0.0,3.78,1.0,<Residue VAL het=  resseq=25 icode= >,1rh6_A_A,1.7
226,8.105,VAL, ,CG1,26.16,13.93,0.0,2.83,1.0,<Residue VAL het=  resseq=25 icode= >,1rh6_A_A,1.7
227,0.0,VAL, ,CG2,21.75,12.77,0.0,4.18,1.0,<Residue VAL het=  resseq=25 icode= >,1rh6_A_A,1.7
228,0.0,ARG, ,N,27.31,14.22,0.0,4.45,1.0,<Residue ARG het=  resseq=26 icode= >,1rh6_A_A,1.7
229,8.629,ARG, ,CA,28.84,15.10,0.0,3.70,1.0,<Residue ARG het=  resseq=26 icode= >,1rh6_A_A,1.7
230,0.752,ARG, ,C,29.09,16.30,0.0,4.22,1.0,<Residue ARG het=  resseq=26 icode= >,1rh6_A_A,1.7
231,26.871,ARG, ,O,31.29,17.39,0.0,3.97,1.0,<Residue ARG het=  resseq=26 icode= >,1rh6_A_A,1.7
232,8.843,ARG, ,CB,30.85,14.41,0.0,2.66,1.0,<Residue ARG het=  resseq=26 icode= >,1rh6_A_A,1.7
233,15.326,ARG, ,CG,35.12,13.57,0.0,1.86,1.0,<Residue ARG het=  resseq=26 icode= >,1rh6_A_A,1.7
234,36.203,ARG, ,CD,35.36,13.40,0.0,2.05,1.0,<Residue ARG het=  resseq=26 icode= >,1rh6_A_A,1.7
235,14.156,ARG, ,NE,35.82,12.95,0.0,2.59,1.0,<Residue ARG het=  resseq=26 icode= >,1rh6_A_A,1.7
236,4.232,ARG, ,CZ,27.18,11.68,0.0,3.97,1.0,<Residue ARG het=  resseq=26 icode= >,1rh6_A_A,1.7
237,22.983,ARG, ,NH1,34.15,10.72,0.0,2.69,1.0,<Residue ARG het=  resseq=26 icode= >,1rh6_A_A,1.7
238,27.633,ARG, ,NH2,34.13,11.53,0.0,2.75,1.0,<Residue ARG het=  resseq=26 icode= >,1rh6_A_A,1.7
239,0.0,GLU, ,N,27.81,16.19,0.0,4.45,1.0,<Residue GLU het=  resseq=27 icode= >,1rh6_A_A,1.7
240,7.891,GLU, ,CA,28.5,17.35,0.0,3.32,1.0,<Residue GLU het=  resseq=27 icode= >,1rh6_A_A,1.7
241,1.369,GLU, ,C,26.68,18.27,0.0,5.13,1.0,<Residue GLU het=  resseq=27 icode= >,1rh6_A_A,1.7
242,5.746,GLU, ,O,28.37,19.26,0.0,4.52,1.0,<Residue GLU het=  resseq=27 icode= >,1rh6_A_A,1.7
243,4.058,GLU, ,CB,29.1,17.07,0.0,3.61,1.0,<Residue GLU het=  resseq=27 icode= >,1rh6_A_A,1.7
244,22.162,GLU, ,CG,36.18,16.49,0.0,2.38,1.0,<Residue GLU het=  resseq=27 icode= >,1rh6_A_A,1.7
245,7.547,GLU, ,CD,42.57,16.34,0.0,2.09,1.0,<Residue GLU het=  resseq=27 icode= >,1rh6_A_A,1.7
246,7.793,GLU, ,OE1,53.96,16.47,0.0,0.80,1.0,<Residue GLU het=  resseq=27 icode= >,1rh6_A_A,1.7
247,28.999,GLU, ,OE2,48.73,16.21,0.0,1.45,1.0,<Residue GLU het=  resseq=27 icode= >,1rh6_A_A,1.7
248,0.0,SER, ,N,26.3,17.97,0.0,4.86,1.0,<Residue SER het=  resseq=28 icode= >,1rh6_A_A,1.7
249,6.52,SER, ,CA,27.57,18.92,0.0,4.42,1.0,<Residue SER het=  resseq=28 icode= >,1rh6_A_A,1.7
250,0.413,SER, ,C,28.08,19.25,0.0,4.34,1.0,<Residue SER het=  resseq=28 icode= >,1rh6_A_A,1.7
251,1.002,SER, ,O,29.0,20.46,0.0,4.83,1.0,<Residue SER het=  resseq=28 icode= >,1rh6_A_A,1.7
252,32.604,SER, ,CB,28.66,20.19,0.0,3.25,1.0,<Residue SER het=  resseq=28 icode= >,1rh6_A_A,1.7
253,31.526,SER, ,OG,32.85,20.06,0.0,3.28,1.0,<Residue SER het=  resseq=28 icode= >,1rh6_A_A,1.7
254,0.0,ARG, ,N,26.55,18.27,0.0,4.39,1.0,<Residue ARG het=  resseq=29 icode= >,1rh6_A_A,1.7
255,0.0,ARG, ,CA,26.36,18.62,0.0,3.88,1.0,<Residue ARG het=  resseq=29 icode= >,1rh6_A_A,1.7
256,0.0,ARG, ,C,23.93,18.57,0.0,4.28,1.0,<Residue ARG het=  resseq=29 icode= >,1rh6_A_A,1.7
257,0.0,ARG, ,O,22.36,18.93,0.0,4.59,1.0,<Residue ARG het=  resseq=29 icode= >,1rh6_A_A,1.7
258,0.0,ARG, ,CB,28.38,17.72,0.0,3.31,1.0,<Residue ARG het=  resseq=29 icode= >,1rh6_A_A,1.7
259,0.0,ARG, ,CG,35.64,17.94,0.0,1.91,1.0,<Residue ARG het=  resseq=29 icode= >,1rh6_A_A,1.7
260,6.344,ARG, ,CD,38.65,17.43,0.0,2.12,1.0,<Residue ARG het=  resseq=29 icode= >,1rh6_A_A,1.7
261,0.501,ARG, ,NE,42.59,17.94,0.0,2.25,1.0,<Residue ARG het=  resseq=29 icode= >,1rh6_A_A,1.7
262,4.051,ARG, ,CZ,48.8,17.71,0.0,1.83,1.0,<Residue ARG het=  resseq=29 icode= >,1rh6_A_A,1.7
263,29.909,ARG, ,NH1,49.28,16.95,0.0,0.81,1.0,<Residue ARG het=  resseq=29 icode= >,1rh6_A_A,1.7
264,4.454,ARG, ,NH2,49.18,18.36,0.0,1.37,1.0,<Residue ARG het=  resseq=29 icode= >,1rh6_A_A,1.7
265,0.632,ILE, ,N,22.98,18.14,0.0,4.81,1.0,<Residue ILE het=  resseq=30 icode= >,1rh6_A_A,1.7
266,0.0,ILE, ,CA,23.99,18.15,0.0,3.57,1.0,<Residue ILE het=  resseq=30 icode= >,1rh6_A_A,1.7
267,0.0,ILE, ,C,21.76,19.36,0.0,4.24,1.0,<Residue ILE het=  resseq=30 icode= >,1rh6_A_A,1.7
268,1.707,ILE, ,O,24.42,19.55,0.0,4.70,1.0,<Residue ILE het=  resseq=30 icode= >,1rh6_A_A,1.7
269,0.363,ILE, ,CB,24.57,16.84,0.0,3.37,1.0,<Residue ILE het=  resseq=30 icode= >,1rh6_A_A,1.7
270,0.0,ILE, ,CG1,26.75,15.78,0.0,4.25,1.0,<Residue ILE het=  resseq=30 icode= >,1rh6_A_A,1.7
271,0.0,ILE, ,CG2,26.45,17.12,0.0,3.22,1.0,<Residue ILE het=  resseq=30 icode= >,1rh6_A_A,1.7
272,0.0,ILE, ,CD1,28.72,14.46,0.0,2.83,1.0,<Residue ILE het=  resseq=30 icode= >,1rh6_A_A,1.7
273,0.0,PHE, ,N,22.62,1000.00,0.0,4.62,1.0,<Residue PHE het=  resseq=31 icode= >,1rh6_A_A,1.7
274,0.0,PHE, ,CA,22.42,1000.00,0.0,3.89,1.0,<Residue PHE het=  resseq=31 icode= >,1rh6_A_A,1.7
275,0.624,PHE, ,C,21.64,1000.00,0.0,5.44,1.0,<Residue PHE het=  resseq=31 icode= >,1rh6_A_A,1.7
276,3.617,PHE, ,O,22.61,1000.00,0.0,6.02,1.0,<Residue PHE het=  resseq=31 icode= >,1rh6_A_A,1.7
277,19.327,PHE, ,CB,23.34,1000.00,0.0,3.57,1.0,<Residue PHE het=  resseq=31 icode= >,1rh6_A_A,1.7
278,2.787,PHE, ,CG,21.66,1000.00,0.0,4.24,1.0,<Residue PHE het=  resseq=31 icode= >,1rh6_A_A,1.7
279,2.747,PHE, ,CD1,25.6,1000.00,0.0,3.62,1.0,<Residue PHE het=  resseq=31 icode= >,1rh6_A_A,1.7
280,15.654,PHE, ,CD2,23.19,1000.00,0.0,3.42,1.0,<Residue PHE het=  resseq=31 icode= >,1rh6_A_A,1.7
281,2.487,PHE, ,CE1,26.6,1000.00,0.0,2.81,1.0,<Residue PHE het=  resseq=31 icode= >,1rh6_A_A,1.7
282,33.23,PHE, ,CE2,26.77,1000.00,0.0,3.23,1.0,<Residue PHE het=  resseq=31 icode= >,1rh6_A_A,1.7
283,18.21,PHE, ,CZ,26.39,1000.00,0.0,2.75,1.0,<Residue PHE het=  resseq=31 icode= >,1rh6_A_A,1.7
284,0.145,PRO, ,N,24.58,1000.00,0.0,4.51,1.0,<Residue PRO het=  resseq=32 icode= >,1rh6_A_A,1.7
285,2.396,PRO, ,CA,24.91,1000.00,0.0,3.59,1.0,<Residue PRO het=  resseq=32 icode= >,1rh6_A_A,1.7
286,0.0,PRO, ,C,25.34,1000.00,0.0,4.33,1.0,<Residue PRO het=  resseq=32 icode= >,1rh6_A_A,1.7
287,0.003,PRO, ,O,23.66,1000.00,0.0,4.70,1.0,<Residue PRO het=  resseq=32 icode= >,1rh6_A_A,1.7
288,28.904,PRO, ,CB,25.63,1000.00,0.0,3.09,1.0,<Residue PRO het=  resseq=32 icode= >,1rh6_A_A,1.7
289,18.946,PRO, ,CG,24.61,1000.00,0.0,3.48,1.0,<Residue PRO het=  resseq=32 icode= >,1rh6_A_A,1.7
290,16.04,PRO, ,CD,26.32,1000.00,0.0,3.40,1.0,<Residue PRO het=  resseq=32 icode= >,1rh6_A_A,1.7
291,0.0,PRO, ,N,26.18,1000.00,0.0,3.97,1.0,<Residue PRO het=  resseq=33 icode= >,1rh6_A_A,1.7
292,0.0,PRO, ,CA,26.71,1000.00,0.0,3.39,1.0,<Residue PRO het=  resseq=33 icode= >,1rh6_A_A,1.7
293,0.0,PRO, ,C,26.8,1000.00,0.0,3.93,1.0,<Residue PRO het=  resseq=33 icode= >,1rh6_A_A,1.7
294,13.599,PRO, ,O,25.12,1000.00,0.0,4.97,1.0,<Residue PRO het=  resseq=33 icode= >,1rh6_A_A,1.7
295,27.193,PRO, ,CB,26.1,1000.00,0.0,3.04,1.0,<Residue PRO het=  resseq=33 icode= >,1rh6_A_A,1.7
296,38.532,PRO, ,CG,28.86,1000.00,0.0,2.35,1.0,<Residue PRO het=  resseq=33 icode= >,1rh6_A_A,1.7
297,14.827,PRO, ,CD,26.89,1000.00,0.0,3.05,1.0,<Residue PRO het=  resseq=33 icode= >,1rh6_A_A,1.7
298,0.0,PRO, ,N,24.31,16.53,0.0,5.08,1.0,<Residue PRO het=  resseq=34 icode= >,1rh6_A_A,1.7
299,0.224,PRO, ,CA,22.2,15.69,0.0,4.39,1.0,<Residue PRO het=  resseq=34 icode= >,1rh6_A_A,1.7
300,0.874,PRO, ,C,24.32,15.96,0.0,4.02,1.0,<Residue PRO het=  resseq=34 icode= >,1rh6_A_A,1.7
301,16.051,PRO, ,O,26.4,16.41,0.0,3.85,1.0,<Residue PRO het=  resseq=34 icode= >,1rh6_A_A,1.7
302,0.0,PRO, ,CB,23.28,14.24,0.0,3.76,1.0,<Residue PRO het=  resseq=34 icode= >,1rh6_A_A,1.7
303,0.869,PRO, ,CG,25.21,14.53,0.0,3.35,1.0,<Residue PRO het=  resseq=34 icode= >,1rh6_A_A,1.7
304,4.746,PRO, ,CD,27.68,15.86,0.0,3.10,1.0,<Residue PRO het=  resseq=34 icode= >,1rh6_A_A,1.7
305,0.158,VAL, ,N,25.18,15.82,0.0,3.90,1.0,<Residue VAL het=  resseq=35 icode= >,1rh6_A_A,1.7
306,6.904,VAL, ,CA,25.91,15.93,0.0,3.91,1.0,<Residue VAL het=  resseq=35 icode= >,1rh6_A_A,1.7
307,0.0,VAL, ,C,28.18,14.64,0.0,4.20,1.0,<Residue VAL het=  resseq=35 icode= >,1rh6_A_A,1.7
308,0.0,VAL, ,O,28.44,13.51,0.0,4.42,1.0,<Residue VAL het=  resseq=35 icode= >,1rh6_A_A,1.7
309,0.0,VAL, ,CB,27.96,16.13,0.0,3.15,1.0,<Residue VAL het=  resseq=35 icode= >,1rh6_A_A,1.7
310,39.747,VAL, ,CG1,32.32,16.53,0.0,1.17,1.0,<Residue VAL het=  resseq=35 icode= >,1rh6_A_A,1.7
311,36.703,VAL, ,CG2,30.32,17.27,0.0,2.12,1.0,<Residue VAL het=  resseq=35 icode= >,1rh6_A_A,1.7
312,5.213,LYS, ,N,30.88,14.92,0.0,3.37,1.0,<Residue LYS het=  resseq=36 icode= >,1rh6_A_A,1.7
313,0.0,LYS, ,CA,33.45,13.96,0.0,2.72,1.0,<Residue LYS het=  resseq=36 icode= >,1rh6_A_A,1.7
314,0.006,LYS, ,C,34.94,13.90,0.0,3.51,1.0,<Residue LYS het=  resseq=36 icode= >,1rh6_A_A,1.7
315,20.413,LYS, ,O,35.66,14.98,0.0,3.60,1.0,<Residue LYS het=  resseq=36 icode= >,1rh6_A_A,1.7
316,16.677,LYS, ,CB,34.56,14.52,0.0,2.23,1.0,<Residue LYS het=  resseq=36 icode= >,1rh6_A_A,1.7
317,2.227,LYS, ,CG,38.02,13.71,0.0,2.15,1.0,<Residue LYS het=  resseq=36 icode= >,1rh6_A_A,1.7
318,26.504,LYS, ,CD,42.84,14.56,0.0,1.64,1.0,<Residue LYS het=  resseq=36 icode= >,1rh6_A_A,1.7
319,40.829,LYS, ,CE,44.03,14.03,0.0,1.34,1.0,<Residue LYS het=  resseq=36 icode= >,1rh6_A_A,1.7
320,17.619,LYS, ,NZ,45.77,12.76,0.0,1.45,1.0,<Residue LYS het=  resseq=36 icode= >,1rh6_A_A,1.7
321,0.0,ASP, ,N,34.55,12.74,0.0,3.27,1.0,<Residue ASP het=  resseq=37 icode= >,1rh6_A_A,1.7
322,2.426,ASP, ,CA,36.75,12.71,0.0,2.61,1.0,<Residue ASP het=  resseq=37 icode= >,1rh6_A_A,1.7
323,0.18,ASP, ,C,38.85,11.75,0.0,3.32,1.0,<Residue ASP het=  resseq=37 icode= >,1rh6_A_A,1.7
324,5.043,ASP, ,O,38.82,10.63,0.0,3.18,1.0,<Residue ASP het=  resseq=37 icode= >,1rh6_A_A,1.7
325,2.62,ASP, ,CB,35.95,12.45,0.0,2.74,1.0,<Residue ASP het=  resseq=37 icode= >,1rh6_A_A,1.7
326,9.312,ASP, ,CG,36.19,12.84,0.0,3.40,1.0,<Residue ASP het=  resseq=37 icode= >,1rh6_A_A,1.7
327,32.388,ASP, ,OD1,34.82,13.74,0.0,3.23,1.0,<Residue ASP het=  resseq=37 icode= >,1rh6_A_A,1.7
328,34.261,ASP, ,OD2,35.83,12.44,0.0,2.84,1.0,<Residue ASP het=  resseq=37 icode= >,1rh6_A_A,1.7
329,10.881,GLY, ,N,42.07,12.31,0.0,2.47,1.0,<Residue GLY het=  resseq=38 icode= >,1rh6_A_A,1.7
330,38.778,GLY, ,CA,43.99,11.20,0.0,1.76,1.0,<Residue GLY het=  resseq=38 icode= >,1rh6_A_A,1.7
331,4.352,GLY, ,C,45.15,10.52,0.0,2.67,1.0,<Residue GLY het=  resseq=38 icode= >,1rh6_A_A,1.7
332,2.88,GLY, ,O,46.58,10.85,0.0,2.16,1.0,<Residue GLY het=  resseq=38 icode= >,1rh6_A_A,1.7
333,2.326,ARG, ,N,46.29,9.30,0.0,2.25,1.0,<Residue ARG het=  resseq=39 icode= >,1rh6_A_A,1.7
334,9.684,ARG, ,CA,47.46,8.16,0.0,1.07,1.0,<Residue ARG het=  resseq=39 icode= >,1rh6_A_A,1.7
335,1.245,ARG, ,C,46.0,7.52,0.0,2.04,1.0,<Residue ARG het=  resseq=39 icode= >,1rh6_A_A,1.7
336,23.943,ARG, ,O,47.51,6.74,0.0,1.26,1.0,<Residue ARG het=  resseq=39 icode= >,1rh6_A_A,1.7
337,20.184,ARG, ,CB,48.27,7.21,0.0,0.93,1.0,<Residue ARG het=  resseq=39 icode= >,1rh6_A_A,1.7
338,30.003,ARG, ,CG,53.47,7.40,0.0,0.31,1.0,<Residue ARG het=  resseq=39 icode= >,1rh6_A_A,1.7
339,31.825,ARG, ,CD,59.79,6.16,0.0,0.19,1.0,<Residue ARG het=  resseq=39 icode= >,1rh6_A_A,1.7
340,11.977,ARG, ,NE,63.94,5.90,0.0,0.81,1.0,<Residue ARG het=  resseq=39 icode= >,1rh6_A_A,1.7
341,8.964,ARG, ,CZ,68.37,5.48,2.281,0.47,1.0,<Residue ARG het=  resseq=39 icode= >,1rh6_A_A,1.7
342,51.331,ARG, ,NH1,70.54,5.23,8.003,0.10,1.0,<Residue ARG het=  resseq=39 icode= >,1rh6_A_A,1.7
343,59.468,ARG, ,NH2,68.68,5.25,12.013,0.50,1.0,<Residue ARG het=  resseq=39 icode= >,1rh6_A_A,1.7
344,0.043,GLU, ,N,42.73,8.09,0.0,2.96,1.0,<Residue GLU het=  resseq=40 icode= >,1rh6_A_A,1.7
345,0.298,GLU, ,CA,40.3,7.90,0.0,2.48,1.0,<Residue GLU het=  resseq=40 icode= >,1rh6_A_A,1.7
346,0.0,GLU, ,C,37.05,9.16,0.0,3.48,1.0,<Residue GLU het=  resseq=40 icode= >,1rh6_A_A,1.7
347,0.0,GLU, ,O,35.24,10.17,0.0,3.92,1.0,<Residue GLU het=  resseq=40 icode= >,1rh6_A_A,1.7
348,14.159,GLU, ,CB,40.78,8.08,0.0,1.09,1.0,<Residue GLU het=  resseq=40 icode= >,1rh6_A_A,1.7
349,10.994,GLU, ,CG,40.65,7.79,0.0,1.44,1.0,<Residue GLU het=  resseq=40 icode= >,1rh6_A_A,1.7
350,1.758,GLU, ,CD,42.38,6.64,0.0,2.00,1.0,<Residue GLU het=  resseq=40 icode= >,1rh6_A_A,1.7
351,0.963,GLU, ,OE1,27.67,6.95,0.0,4.27,1.0,<Residue GLU het=  resseq=40 icode= >,1rh6_A_A,1.7
352,31.316,GLU, ,OE2,44.45,5.59,0.092,1.49,1.0,<Residue GLU het=  resseq=40 icode= >,1rh6_A_A,1.7
353,0.42,TYR, ,N,34.91,9.15,0.0,3.06,1.0,<Residue TYR het=  resseq=41 icode= >,1rh6_A_A,1.7
354,0.0,TYR, ,CA,31.85,10.45,0.0,3.34,1.0,<Residue TYR het=  resseq=41 icode= >,1rh6_A_A,1.7
355,0.0,TYR, ,C,30.37,10.71,0.0,3.42,1.0,<Residue TYR het=  resseq=41 icode= >,1rh6_A_A,1.7
356,0.0,TYR, ,O,29.89,9.96,0.0,4.46,1.0,<Residue TYR het=  resseq=41 icode= >,1rh6_A_A,1.7
357,0.0,TYR, ,CB,32.28,10.67,0.0,3.17,1.0,<Residue TYR het=  resseq=41 icode= >,1rh6_A_A,1.7
358,0.0,TYR, ,CG,32.83,11.03,0.0,3.36,1.0,<Residue TYR het=  resseq=41 icode= >,1rh6_A_A,1.7
359,1.925,TYR, ,CD1,40.16,10.27,0.0,2.19,1.0,<Residue TYR het=  resseq=41 icode= >,1rh6_A_A,1.7
360,0.0,TYR, ,CD2,35.93,12.30,0.0,2.84,1.0,<Residue TYR het=  resseq=41 icode= >,1rh6_A_A,1.7
361,13.429,TYR, ,CE1,42.34,10.90,0.0,2.08,1.0,<Residue TYR het=  resseq=41 icode= >,1rh6_A_A,1.7
362,7.956,TYR, ,CE2,38.69,12.83,0.0,2.53,1.0,<Residue TYR het=  resseq=41 icode= >,1rh6_A_A,1.7
363,0.0,TYR, ,CZ,45.08,12.17,0.0,2.02,1.0,<Residue TYR het=  resseq=41 icode= >,1rh6_A_A,1.7
364,21.409,TYR, ,OH,51.68,12.96,0.0,1.10,1.0,<Residue TYR het=  resseq=41 icode= >,1rh6_A_A,1.7
365,0.0,LEU, ,N,26.43,11.95,0.0,4.47,1.0,<Residue LEU het=  resseq=42 icode= >,1rh6_A_A,1.7
366,0.0,LEU, ,CA,25.04,12.45,0.0,4.15,1.0,<Residue LEU het=  resseq=42 icode= >,1rh6_A_A,1.7
367,0.0,LEU, ,C,24.92,13.59,0.0,4.25,1.0,<Residue LEU het=  resseq=42 icode= >,1rh6_A_A,1.7
368,0.0,LEU, ,O,23.73,14.56,0.0,5.30,1.0,<Residue LEU het=  resseq=42 icode= >,1rh6_A_A,1.7
369,0.171,LEU, ,CB,27.46,13.11,0.0,2.97,1.0,<Residue LEU het=  resseq=42 icode= >,1rh6_A_A,1.7
370,0.0,LEU, ,CG,26.45,12.29,0.0,3.46,1.0,<Residue LEU het=  resseq=42 icode= >,1rh6_A_A,1.7
371,37.44,LEU, ,CD1,28.91,13.24,0.0,2.97,1.0,<Residue LEU het=  resseq=42 icode= >,1rh6_A_A,1.7
372,13.747,LEU, ,CD2,30.11,11.17,0.0,2.16,1.0,<Residue LEU het=  resseq=42 icode= >,1rh6_A_A,1.7
373,0.0,PHE, ,N,21.71,13.62,0.0,5.14,1.0,<Residue PHE het=  resseq=43 icode= >,1rh6_A_A,1.7
374,0.0,PHE, ,CA,23.16,14.64,0.0,3.82,1.0,<Residue PHE het=  resseq=43 icode= >,1rh6_A_A,1.7
375,0.0,PHE, ,C,22.49,15.67,0.0,5.15,1.0,<Residue PHE het=  resseq=43 icode= >,1rh6_A_A,1.7
376,0.0,PHE, ,O,22.39,15.32,0.0,6.55,1.0,<Residue PHE het=  resseq=43 icode= >,1rh6_A_A,1.7
377,0.0,PHE, ,CB,21.83,14.07,0.0,4.42,1.0,<Residue PHE het=  resseq=43 icode= >,1rh6_A_A,1.7
378,0.0,PHE, ,CG,22.77,13.28,0.0,3.66,1.0,<Residue PHE het=  resseq=43 icode= >,1rh6_A_A,1.7
379,0.0,PHE, ,CD1,26.47,11.93,0.0,3.85,1.0,<Residue PHE het=  resseq=43 icode= >,1rh6_A_A,1.7
380,0.0,PHE, ,CD2,26.84,13.98,0.0,2.55,1.0,<Residue PHE het=  resseq=43 icode= >,1rh6_A_A,1.7
381,0.0,PHE, ,CE1,26.06,11.27,0.0,3.67,1.0,<Residue PHE het=  resseq=43 icode= >,1rh6_A_A,1.7
382,0.0,PHE, ,CE2,29.78,13.48,0.0,2.67,1.0,<Residue PHE het=  resseq=43 icode= >,1rh6_A_A,1.7
383,0.0,PHE, ,CZ,25.17,12.07,0.0,3.25,1.0,<Residue PHE het=  resseq=43 icode= >,1rh6_A_A,1.7
384,0.994,HIS, ,N,23.3,16.99,0.0,4.62,1.0,<Residue HIS het=  resseq=44 icode= >,1rh6_A_A,1.7
385,0.0,HIS, ,CA,23.37,17.87,0.0,3.86,1.0,<Residue HIS het=  resseq=44 icode= >,1rh6_A_A,1.7
386,0.0,HIS, ,C,22.9,17.64,0.0,5.02,1.0,<Residue HIS het=  resseq=44 icode= >,1rh6_A_A,1.7
387,0.0,HIS, ,O,22.04,17.40,0.0,4.97,1.0,<Residue HIS het=  resseq=44 icode= >,1rh6_A_A,1.7
388,2.432,HIS, ,CB,22.58,19.33,0.0,3.16,1.0,<Residue HIS het=  resseq=44 icode= >,1rh6_A_A,1.7
389,1.763,HIS, ,CG,26.33,20.33,0.0,3.71,1.0,<Residue HIS het=  resseq=44 icode= >,1rh6_A_A,1.7
390,0.85,HIS, ,ND1,29.25,20.94,0.0,3.48,1.0,<Residue HIS het=  resseq=44 icode= >,1rh6_A_A,1.7
391,10.457,HIS, ,CD2,29.65,20.90,0.0,2.92,1.0,<Residue HIS het=  resseq=44 icode= >,1rh6_A_A,1.7
392,21.525,HIS, ,CE1,25.95,21.78,0.0,3.98,1.0,<Residue HIS het=  resseq=44 icode= >,1rh6_A_A,1.7
393,21.498,HIS, ,NE2,25.03,21.75,0.0,3.82,1.0,<Residue HIS het=  resseq=44 icode= >,1rh6_A_A,1.7
394,0.0,GLU, ,N,22.86,17.90,0.0,4.40,1.0,<Residue GLU het=  resseq=45 icode= >,1rh6_A_A,1.7
395,0.0,GLU, ,CA,23.41,17.35,0.0,4.04,1.0,<Residue GLU het=  resseq=45 icode= >,1rh6_A_A,1.7
396,0.438,GLU, ,C,23.27,16.76,0.0,4.69,1.0,<Residue GLU het=  resseq=45 icode= >,1rh6_A_A,1.7
397,17.525,GLU, ,O,25.84,15.57,0.0,5.08,1.0,<Residue GLU het=  resseq=45 icode= >,1rh6_A_A,1.7
398,4.628,GLU, ,CB,25.94,17.45,0.0,3.32,1.0,<Residue GLU het=  resseq=45 icode= >,1rh6_A_A,1.7
399,10.617,GLU, ,CG,24.07,18.38,0.0,3.20,1.0,<Residue GLU het=  resseq=45 icode= >,1rh6_A_A,1.7
400,7.922,GLU, ,CD,32.63,18.85,0.0,3.67,1.0,<Residue GLU het=  resseq=45 icode= >,1rh6_A_A,1.7
401,31.776,GLU, ,OE1,32.15,17.98,0.0,3.78,1.0,<Residue GLU het=  resseq=45 icode= >,1rh6_A_A,1.7
402,17.635,GLU, ,OE2,31.28,20.12,0.0,4.54,1.0,<Residue GLU het=  resseq=45 icode= >,1rh6_A_A,1.7
403,0.0,SER, ,N,24.17,17.69,0.0,4.76,1.0,<Residue SER het=  resseq=46 icode= >,1rh6_A_A,1.7
404,12.072,SER, ,CA,24.3,17.45,0.0,3.84,1.0,<Residue SER het=  resseq=46 icode= >,1rh6_A_A,1.7
405,0.922,SER, ,C,24.34,17.23,0.0,4.66,1.0,<Residue SER het=  resseq=46 icode= >,1rh6_A_A,1.7
406,10.505,SER, ,O,27.44,17.19,0.0,4.43,1.0,<Residue SER het=  resseq=46 icode= >,1rh6_A_A,1.7
407,35.193,SER, ,CB,23.66,18.84,0.0,3.19,1.0,<Residue SER het=  resseq=46 icode= >,1rh6_A_A,1.7
408,10.399,SER, ,OG,28.81,19.92,0.0,3.87,1.0,<Residue SER het=  resseq=46 icode= >,1rh6_A_A,1.7
409,0.0,ALA, ,N,22.76,17.25,0.0,4.45,1.0,<Residue ALA het=  resseq=47 icode= >,1rh6_A_A,1.7
410,0.0,ALA, ,CA,19.93,17.49,0.0,3.77,1.0,<Residue ALA het=  resseq=47 icode= >,1rh6_A_A,1.7
411,0.0,ALA, ,C,20.17,16.24,0.0,5.06,1.0,<Residue ALA het=  resseq=47 icode= >,1rh6_A_A,1.7
412,1.182,ALA, ,O,22.0,15.13,0.0,5.40,1.0,<Residue ALA het=  resseq=47 icode= >,1rh6_A_A,1.7
413,0.0,ALA, ,CB,18.64,18.08,0.0,3.30,1.0,<Residue ALA het=  resseq=47 icode= >,1rh6_A_A,1.7
414,0.0,VAL, ,N,20.94,16.55,0.0,5.01,1.0,<Residue VAL het=  resseq=48 icode= >,1rh6_A_A,1.7
415,0.0,VAL, ,CA,23.68,15.64,0.0,3.57,1.0,<Residue VAL het=  resseq=48 icode= >,1rh6_A_A,1.7
416,0.0,VAL, ,C,21.85,16.01,0.0,4.76,1.0,<Residue VAL het=  resseq=48 icode= >,1rh6_A_A,1.7
417,0.0,VAL, ,O,22.35,17.14,0.0,5.93,1.0,<Residue VAL het=  resseq=48 icode= >,1rh6_A_A,1.7
418,6.032,VAL, ,CB,25.25,15.51,0.0,3.92,1.0,<Residue VAL het=  resseq=48 icode= >,1rh6_A_A,1.7
419,38.877,VAL, ,CG1,29.5,14.93,0.0,2.67,1.0,<Residue VAL het=  resseq=48 icode= >,1rh6_A_A,1.7
420,31.963,VAL, ,CG2,29.15,16.85,0.0,2.97,1.0,<Residue VAL het=  resseq=48 icode= >,1rh6_A_A,1.7
421,2.587,LYS, ,N,22.49,14.96,0.0,5.05,1.0,<Residue LYS het=  resseq=49 icode= >,1rh6_A_A,1.7
422,0.0,LYS, ,CA,22.01,15.33,0.0,3.82,1.0,<Residue LYS het=  resseq=49 icode= >,1rh6_A_A,1.7
423,0.0,LYS, ,C,20.84,15.78,0.0,4.74,1.0,<Residue LYS het=  resseq=49 icode= >,1rh6_A_A,1.7
424,17.383,LYS, ,O,25.14,15.21,0.0,4.61,1.0,<Residue LYS het=  resseq=49 icode= >,1rh6_A_A,1.7
425,6.998,LYS, ,CB,21.88,14.18,0.0,4.16,1.0,<Residue LYS het=  resseq=49 icode= >,1rh6_A_A,1.7
426,0.0,LYS, ,CG,30.46,14.69,0.0,2.66,1.0,<Residue LYS het=  resseq=49 icode= >,1rh6_A_A,1.7
427,0.311,LYS, ,CD,34.76,13.69,0.0,2.20,1.0,<Residue LYS het=  resseq=49 icode= >,1rh6_A_A,1.7
428,16.908,LYS, ,CE,39.42,13.49,0.0,1.78,1.0,<Residue LYS het=  resseq=49 icode= >,1rh6_A_A,1.7
429,35.329,LYS, ,NZ,41.15,12.89,0.0,2.02,1.0,<Residue LYS het=  resseq=49 icode= >,1rh6_A_A,1.7
430,0.0,VAL, ,N,22.78,16.91,0.0,4.82,1.0,<Residue VAL het=  resseq=50 icode= >,1rh6_A_A,1.7
431,5.972,VAL, ,CA,22.62,17.52,0.0,4.20,1.0,<Residue VAL het=  resseq=50 icode= >,1rh6_A_A,1.7
432,0.036,VAL, ,C,24.25,17.90,0.0,4.57,1.0,<Residue VAL het=  resseq=50 icode= >,1rh6_A_A,1.7
433,0.0,VAL, ,O,27.53,17.78,0.0,5.08,1.0,<Residue VAL het=  resseq=50 icode= >,1rh6_A_A,1.7
434,8.582,VAL, ,CB,23.01,18.88,0.0,3.98,1.0,<Residue VAL het=  resseq=50 icode= >,1rh6_A_A,1.7
435,30.422,VAL, ,CG1,29.53,18.70,0.0,2.78,1.0,<Residue VAL het=  resseq=50 icode= >,1rh6_A_A,1.7
436,9.325,VAL, ,CG2,24.55,19.84,0.0,3.39,1.0,<Residue VAL het=  resseq=50 icode= >,1rh6_A_A,1.7
437,3.796,ASP, ,N,25.09,18.43,0.0,4.50,1.0,<Residue ASP het=  resseq=51 icode= >,1rh6_A_A,1.7
438,1.895,ASP, ,CA,24.76,19.15,0.0,3.69,1.0,<Residue ASP het=  resseq=51 icode= >,1rh6_A_A,1.7
439,0.0,ASP, ,C,26.79,20.60,0.0,4.47,1.0,<Residue ASP het=  resseq=51 icode= >,1rh6_A_A,1.7
440,18.829,ASP, ,O,25.8,21.21,0.0,5.30,1.0,<Residue ASP het=  resseq=51 icode= >,1rh6_A_A,1.7
441,15.962,ASP, ,CB,24.53,19.09,0.0,4.22,1.0,<Residue ASP het=  resseq=51 icode= >,1rh6_A_A,1.7
442,12.316,ASP, ,CG,32.26,17.77,0.0,4.04,1.0,<Residue ASP het=  resseq=51 icode= >,1rh6_A_A,1.7
443,11.982,ASP, ,OD1,33.59,17.00,0.0,3.57,1.0,<Residue ASP het=  resseq=51 icode= >,1rh6_A_A,1.7
444,41.602,ASP, ,OD2,40.77,17.47,0.0,2.30,1.0,<Residue ASP het=  resseq=51 icode= >,1rh6_A_A,1.7
445,3.291,LEU, ,N,27.88,1000.00,0.0,3.93,1.0,<Residue LEU het=  resseq=52 icode= >,1rh6_A_A,1.7
446,3.326,LEU, ,CA,27.28,1000.00,0.0,2.81,1.0,<Residue LEU het=  resseq=52 icode= >,1rh6_A_A,1.7
447,0.677,LEU, ,C,29.06,1000.00,0.0,4.24,1.0,<Residue LEU het=  resseq=52 icode= >,1rh6_A_A,1.7
448,28.019,LEU, ,O,31.05,1000.00,0.0,4.37,1.0,<Residue LEU het=  resseq=52 icode= >,1rh6_A_A,1.7
449,11.255,LEU, ,CB,28.81,1000.00,0.0,2.81,1.0,<Residue LEU het=  resseq=52 icode= >,1rh6_A_A,1.7
450,0.079,LEU, ,CG,27.05,1000.00,0.0,3.85,1.0,<Residue LEU het=  resseq=52 icode= >,1rh6_A_A,1.7
451,30.565,LEU, ,CD1,31.38,1000.00,0.0,2.21,1.0,<Residue LEU het=  resseq=52 icode= >,1rh6_A_A,1.7
452,19.112,LEU, ,CD2,28.16,1000.00,0.0,3.52,1.0,<Residue LEU het=  resseq=52 icode= >,1rh6_A_A,1.7
453,1.886,ASN, ,N,29.85,1000.00,0.0,4.22,1.0,<Residue ASN het=  resseq=53 icode= >,1rh6_A_A,1.7
454,2.325,ASN, ,CA,31.53,1000.00,0.0,2.51,1.0,<Residue ASN het=  resseq=53 icode= >,1rh6_A_A,1.7
455,2.869,ASN, ,C,31.74,1000.00,0.0,3.59,1.0,<Residue ASN het=  resseq=53 icode= >,1rh6_A_A,1.7
456,7.953,ASN, ,O,31.96,1000.00,0.0,3.99,1.0,<Residue ASN het=  resseq=53 icode= >,1rh6_A_A,1.7
457,25.428,ASN, ,CB,32.57,1000.00,0.0,2.86,1.0,<Residue ASN het=  resseq=53 icode= >,1rh6_A_A,1.7
458,6.593,ASN, ,CG,36.63,1000.00,0.0,3.07,1.0,<Residue ASN het=  resseq=53 icode= >,1rh6_A_A,1.7
459,34.681,ASN, ,OD1,46.32,1000.00,0.0,2.00,1.0,<Residue ASN het=  resseq=53 icode= >,1rh6_A_A,1.7
460,41.416,ASN, ,ND2,39.26,1000.00,0.0,2.41,1.0,<Residue ASN het=  resseq=53 icode= >,1rh6_A_A,1.7
461,4.454,ARG, ,N,31.38,1000.00,0.0,3.89,1.0,<Residue ARG het=  resseq=54 icode= >,1rh6_A_A,1.7
462,3.137,ARG, ,CA,33.26,1000.00,0.0,3.07,1.0,<Residue ARG het=  resseq=54 icode= >,1rh6_A_A,1.7
463,0.491,ARG, ,C,36.16,1000.00,0.0,2.95,1.0,<Residue ARG het=  resseq=54 icode= >,1rh6_A_A,1.7
464,15.897,ARG, ,O,36.44,1000.00,0.0,3.06,1.0,<Residue ARG het=  resseq=54 icode= >,1rh6_A_A,1.7
465,13.0,ARG, ,CB,32.98,1000.00,0.0,2.18,1.0,<Residue ARG het=  resseq=54 icode= >,1rh6_A_A,1.7
466,21.166,ARG, ,CG,32.42,1000.00,0.0,2.56,1.0,<Residue ARG het=  resseq=54 icode= >,1rh6_A_A,1.7
467,36.249,ARG, ,CD,34.02,1000.00,0.0,1.81,1.0,<Residue ARG het=  resseq=54 icode= >,1rh6_A_A,1.7
468,13.915,ARG, ,NE,30.2,1000.00,0.0,3.30,1.0,<Residue ARG het=  resseq=54 icode= >,1rh6_A_A,1.7
469,6.727,ARG, ,CZ,34.17,1000.00,0.0,3.26,1.0,<Residue ARG het=  resseq=54 icode= >,1rh6_A_A,1.7
470,58.93,ARG, ,NH1,34.88,1000.00,0.0,2.80,1.0,<Residue ARG het=  resseq=54 icode= >,1rh6_A_A,1.7
471,47.83,ARG, ,NH2,34.59,1000.00,0.0,2.82,1.0,<Residue ARG het=  resseq=54 icode= >,1rh6_A_A,1.7
472,0.413,PRO, ,N,38.25,1000.00,0.0,3.06,1.0,<Residue PRO het=  resseq=55 icode= >,1rh6_A_A,1.7
473,14.161,PRO, ,CA,39.27,1000.00,0.0,2.35,1.0,<Residue PRO het=  resseq=55 icode= >,1rh6_A_A,1.7
474,51.8,PRO, ,C,38.26,1000.00,0.0,1.59,1.0,<Residue PRO het=  resseq=55 icode= >,1rh6_A_A,1.7
475,40.851,PRO, ,CB,40.62,1000.00,0.0,1.33,1.0,<Residue PRO het=  resseq=55 icode= >,1rh6_A_A,1.7
476,40.558,PRO, ,CG,39.53,1000.00,0.0,2.05,1.0,<Residue PRO het=  resseq=55 icode= >,1rh6_A_A,1.7
477,26.907,PRO, ,CD,37.9,1000.00,0.0,2.75,1.0,<Residue PRO het=  resseq=55 icode= >,1rh6_A_A,1.7
