,ASA,aa,altloc,atom,bfac,d2r,dASA,dens,occ,residue,id,resolu
0,20.75,PRO, ,N,92.68,5.04,9.782,1.88,1.0,<Residue PRO het=  resseq=438 icode= >,1s32_A_B,2.05
1,15.912,PRO, ,CA,92.35,6.02,0.0,1.75,1.0,<Residue PRO het=  resseq=438 icode= >,1s32_A_B,2.05
2,4.802,PRO, ,C,91.36,5.64,0.013,1.72,1.0,<Residue PRO het=  resseq=438 icode= >,1s32_A_B,2.05
3,19.858,PRO, ,O,91.96,5.37,5.985,1.03,1.0,<Residue PRO het=  resseq=438 icode= >,1s32_A_B,2.05
4,35.257,PRO, ,CB,92.81,7.09,0.0,1.44,1.0,<Residue PRO het=  resseq=438 icode= >,1s32_A_B,2.05
5,43.527,PRO, ,CG,93.28,7.10,0.0,1.24,1.0,<Residue PRO het=  resseq=438 icode= >,1s32_A_B,2.05
6,50.304,PRO, ,CD,93.17,5.64,2.803,1.36,1.0,<Residue PRO het=  resseq=438 icode= >,1s32_A_B,2.05
7,8.656,HIS, ,N,89.62,4.41,4.024,1.35,1.0,<Residue HIS het=  resseq=439 icode= >,1s32_A_B,2.05
8,4.692,HIS, ,CA,87.08,4.53,0.251,1.94,1.0,<Residue HIS het=  resseq=439 icode= >,1s32_A_B,2.05
9,0.0,HIS, ,C,84.55,4.59,0.0,2.06,1.0,<Residue HIS het=  resseq=439 icode= >,1s32_A_B,2.05
10,25.221,HIS, ,O,84.55,4.20,13.691,1.41,1.0,<Residue HIS het=  resseq=439 icode= >,1s32_A_B,2.05
11,33.073,HIS, ,CB,88.58,3.33,31.819,1.08,1.0,<Residue HIS het=  resseq=439 icode= >,1s32_A_B,2.05
12,3.584,HIS, ,CG,89.73,4.01,3.584,2.20,1.0,<Residue HIS het=  resseq=439 icode= >,1s32_A_B,2.05
13,10.423,HIS, ,ND1,90.5,3.85,5.847,1.54,1.0,<Residue HIS het=  resseq=439 icode= >,1s32_A_B,2.05
14,34.98,HIS, ,CD2,90.14,4.46,23.74,1.92,1.0,<Residue HIS het=  resseq=439 icode= >,1s32_A_B,2.05
15,0.202,HIS, ,CE1,91.42,4.13,0.202,0.08,1.0,<Residue HIS het=  resseq=439 icode= >,1s32_A_B,2.05
16,13.901,HIS, ,NE2,90.47,4.35,13.595,1.36,1.0,<Residue HIS het=  resseq=439 icode= >,1s32_A_B,2.05
17,3.938,ARG, ,N,80.51,4.37,1.718,1.96,1.0,<Residue ARG het=  resseq=440 icode= >,1s32_A_B,2.05
18,2.683,ARG, ,CA,76.2,3.63,2.683,2.22,1.0,<Residue ARG het=  resseq=440 icode= >,1s32_A_B,2.05
19,0.0,ARG, ,C,73.15,3.82,0.0,3.11,1.0,<Residue ARG het=  resseq=440 icode= >,1s32_A_B,2.05
20,19.878,ARG, ,O,71.95,3.56,18.94,2.47,1.0,<Residue ARG het=  resseq=440 icode= >,1s32_A_B,2.05
21,15.577,ARG, ,CB,75.45,4.64,4.167,1.69,1.0,<Residue ARG het=  resseq=440 icode= >,1s32_A_B,2.05
22,6.914,ARG, ,CG,74.68,3.97,5.86,0.92,1.0,<Residue ARG het=  resseq=440 icode= >,1s32_A_B,2.05
23,34.147,ARG, ,CD,72.39,4.83,0.0,1.85,1.0,<Residue ARG het=  resseq=440 icode= >,1s32_A_B,2.05
24,17.926,ARG, ,NE,71.01,4.78,4.019,2.81,1.0,<Residue ARG het=  resseq=440 icode= >,1s32_A_B,2.05
25,7.333,ARG, ,CZ,70.44,3.75,2.65,3.22,1.0,<Residue ARG het=  resseq=440 icode= >,1s32_A_B,2.05
26,45.951,ARG, ,NH1,69.26,3.41,25.768,2.08,1.0,<Residue ARG het=  resseq=440 icode= >,1s32_A_B,2.05
27,60.012,ARG, ,NH2,69.58,2.65,55.02,1.85,1.0,<Residue ARG het=  resseq=440 icode= >,1s32_A_B,2.05
28,3.611,TYR, ,N,69.32,3.00,3.611,2.16,1.0,<Residue TYR het=  resseq=441 icode= >,1s32_A_B,2.05
29,1.908,TYR, ,CA,65.48,3.66,1.908,2.21,1.0,<Residue TYR het=  resseq=441 icode= >,1s32_A_B,2.05
30,0.49,TYR, ,C,62.73,3.67,0.0,4.10,1.0,<Residue TYR het=  resseq=441 icode= >,1s32_A_B,2.05
31,13.222,TYR, ,O,61.34,3.24,11.99,3.10,1.0,<Residue TYR het=  resseq=441 icode= >,1s32_A_B,2.05
32,2.369,TYR, ,CB,63.43,3.70,2.369,1.60,1.0,<Residue TYR het=  resseq=441 icode= >,1s32_A_B,2.05
33,0.0,TYR, ,CG,61.81,3.89,0.0,2.99,1.0,<Residue TYR het=  resseq=441 icode= >,1s32_A_B,2.05
34,8.966,TYR, ,CD1,61.51,3.36,8.594,2.25,1.0,<Residue TYR het=  resseq=441 icode= >,1s32_A_B,2.05
35,8.332,TYR, ,CD2,61.4,3.48,8.332,2.01,1.0,<Residue TYR het=  resseq=441 icode= >,1s32_A_B,2.05
36,14.057,TYR, ,CE1,61.57,3.92,10.521,2.36,1.0,<Residue TYR het=  resseq=441 icode= >,1s32_A_B,2.05
37,19.693,TYR, ,CE2,61.94,3.81,18.239,2.01,1.0,<Residue TYR het=  resseq=441 icode= >,1s32_A_B,2.05
38,0.05,TYR, ,CZ,62.49,3.85,0.003,2.91,1.0,<Residue TYR het=  resseq=441 icode= >,1s32_A_B,2.05
39,38.16,TYR, ,OH,63.26,3.15,35.705,1.98,1.0,<Residue TYR het=  resseq=441 icode= >,1s32_A_B,2.05
40,2.637,ARG, ,N,61.12,2.80,2.637,3.62,1.0,<Residue ARG het=  resseq=442 icode= >,1s32_A_B,2.05
41,1.857,ARG, ,CA,61.4,3.66,0.005,2.99,1.0,<Residue ARG het=  resseq=442 icode= >,1s32_A_B,2.05
42,0.15,ARG, ,C,59.05,3.98,0.15,4.00,1.0,<Residue ARG het=  resseq=442 icode= >,1s32_A_B,2.05
43,1.348,ARG, ,O,58.59,3.72,1.348,2.86,1.0,<Residue ARG het=  resseq=442 icode= >,1s32_A_B,2.05
44,2.23,ARG, ,CB,63.9,3.51,1.419,2.48,1.0,<Residue ARG het=  resseq=442 icode= >,1s32_A_B,2.05
45,24.549,ARG, ,CG,69.3,3.94,20.143,1.95,1.0,<Residue ARG het=  resseq=442 icode= >,1s32_A_B,2.05
46,34.187,ARG, ,CD,74.3,3.42,20.225,2.26,1.0,<Residue ARG het=  resseq=442 icode= >,1s32_A_B,2.05
47,13.172,ARG, ,NE,79.58,3.57,10.423,1.62,1.0,<Residue ARG het=  resseq=442 icode= >,1s32_A_B,2.05
48,5.586,ARG, ,CZ,82.42,3.61,0.0,0.85,1.0,<Residue ARG het=  resseq=442 icode= >,1s32_A_B,2.05
49,49.028,ARG, ,NH1,82.6,2.68,22.337,0.78,1.0,<Residue ARG het=  resseq=442 icode= >,1s32_A_B,2.05
50,54.153,ARG, ,NH2,83.71,3.48,12.338,0.11,1.0,<Residue ARG het=  resseq=442 icode= >,1s32_A_B,2.05
51,0.117,PRO, ,N,57.13,4.00,0.117,4.40,1.0,<Residue PRO het=  resseq=443 icode= >,1s32_A_B,2.05
52,11.565,PRO, ,CA,55.27,3.54,11.565,3.88,1.0,<Residue PRO het=  resseq=443 icode= >,1s32_A_B,2.05
53,1.819,PRO, ,C,54.49,3.86,0.095,4.64,1.0,<Residue PRO het=  resseq=443 icode= >,1s32_A_B,2.05
54,22.892,PRO, ,O,52.6,4.57,9.685,3.75,1.0,<Residue PRO het=  resseq=443 icode= >,1s32_A_B,2.05
55,36.022,PRO, ,CB,55.57,4.01,25.796,2.93,1.0,<Residue PRO het=  resseq=443 icode= >,1s32_A_B,2.05
56,43.621,PRO, ,CG,56.58,4.07,37.433,2.72,1.0,<Residue PRO het=  resseq=443 icode= >,1s32_A_B,2.05
57,24.217,PRO, ,CD,56.15,3.51,20.467,3.13,1.0,<Residue PRO het=  resseq=443 icode= >,1s32_A_B,2.05
58,10.809,GLY, ,N,53.08,2.98,10.684,3.79,1.0,<Residue GLY het=  resseq=444 icode= >,1s32_A_B,2.05
59,26.033,GLY, ,CA,52.74,3.56,20.358,3.16,1.0,<Residue GLY het=  resseq=444 icode= >,1s32_A_B,2.05
60,2.245,GLY, ,C,52.3,3.48,0.574,5.06,1.0,<Residue GLY het=  resseq=444 icode= >,1s32_A_B,2.05
61,0.066,GLY, ,O,52.14,4.06,0.066,4.14,1.0,<Residue GLY het=  resseq=444 icode= >,1s32_A_B,2.05
62,1.352,THR, ,N,51.62,3.46,0.0,4.23,1.0,<Residue THR het=  resseq=445 icode= >,1s32_A_B,2.05
63,3.599,THR, ,CA,50.72,4.20,0.0,3.55,1.0,<Residue THR het=  resseq=445 icode= >,1s32_A_B,2.05
64,0.0,THR, ,C,49.42,3.87,0.0,5.07,1.0,<Residue THR het=  resseq=445 icode= >,1s32_A_B,2.05
65,2.144,THR, ,O,50.32,4.87,0.0,3.55,1.0,<Residue THR het=  resseq=445 icode= >,1s32_A_B,2.05
66,0.0,THR, ,CB,52.41,3.43,0.0,3.56,1.0,<Residue THR het=  resseq=445 icode= >,1s32_A_B,2.05
67,15.664,THR, ,OG1,50.7,2.65,6.853,3.41,1.0,<Residue THR het=  resseq=445 icode= >,1s32_A_B,2.05
68,29.166,THR, ,CG2,51.69,3.74,19.854,1.89,1.0,<Residue THR het=  resseq=445 icode= >,1s32_A_B,2.05
69,0.198,VAL, ,N,48.35,2.91,0.198,4.62,1.0,<Residue VAL het=  resseq=446 icode= >,1s32_A_B,2.05
70,0.0,VAL, ,CA,48.31,3.41,0.0,4.27,1.0,<Residue VAL het=  resseq=446 icode= >,1s32_A_B,2.05
71,0.0,VAL, ,C,47.89,3.65,0.0,5.08,1.0,<Residue VAL het=  resseq=446 icode= >,1s32_A_B,2.05
72,0.0,VAL, ,O,47.53,4.83,0.0,3.57,1.0,<Residue VAL het=  resseq=446 icode= >,1s32_A_B,2.05
73,9.789,VAL, ,CB,49.15,3.29,9.789,2.96,1.0,<Residue VAL het=  resseq=446 icode= >,1s32_A_B,2.05
74,24.347,VAL, ,CG1,48.83,4.55,3.681,1.57,1.0,<Residue VAL het=  resseq=446 icode= >,1s32_A_B,2.05
75,20.604,VAL, ,CG2,49.94,3.60,20.604,1.33,1.0,<Residue VAL het=  resseq=446 icode= >,1s32_A_B,2.05
76,2.756,ALA, ,N,47.22,2.98,2.756,3.99,1.0,<Residue ALA het=  resseq=447 icode= >,1s32_A_B,2.05
77,3.947,ALA, ,CA,48.02,4.03,3.947,3.70,1.0,<Residue ALA het=  resseq=447 icode= >,1s32_A_B,2.05
78,0.0,ALA, ,C,48.3,5.23,0.0,4.56,1.0,<Residue ALA het=  resseq=447 icode= >,1s32_A_B,2.05
79,0.814,ALA, ,O,47.87,6.32,0.814,3.28,1.0,<Residue ALA het=  resseq=447 icode= >,1s32_A_B,2.05
80,45.575,ALA, ,CB,46.18,3.97,45.458,2.36,1.0,<Residue ALA het=  resseq=447 icode= >,1s32_A_B,2.05
81,0.0,LEU, ,N,48.06,5.29,0.0,4.56,1.0,<Residue LEU het=  resseq=448 icode= >,1s32_A_B,2.05
82,0.0,LEU, ,CA,50.71,6.65,0.0,3.61,1.0,<Residue LEU het=  resseq=448 icode= >,1s32_A_B,2.05
83,0.0,LEU, ,C,50.67,7.18,0.0,5.12,1.0,<Residue LEU het=  resseq=448 icode= >,1s32_A_B,2.05
84,0.176,LEU, ,O,50.37,7.19,0.176,3.44,1.0,<Residue LEU het=  resseq=448 icode= >,1s32_A_B,2.05
85,1.971,LEU, ,CB,51.5,6.89,0.0,2.92,1.0,<Residue LEU het=  resseq=448 icode= >,1s32_A_B,2.05
86,3.33,LEU, ,CG,53.52,7.38,3.33,3.14,1.0,<Residue LEU het=  resseq=448 icode= >,1s32_A_B,2.05
87,38.802,LEU, ,CD1,53.67,8.04,38.802,1.80,1.0,<Residue LEU het=  resseq=448 icode= >,1s32_A_B,2.05
88,50.472,LEU, ,CD2,53.74,6.64,40.392,1.49,1.0,<Residue LEU het=  resseq=448 icode= >,1s32_A_B,2.05
89,0.225,ARG, ,N,50.25,6.25,0.0,4.15,1.0,<Residue ARG het=  resseq=449 icode= >,1s32_A_B,2.05
90,3.875,ARG, ,CA,50.58,4.95,0.0,3.88,1.0,<Residue ARG het=  resseq=449 icode= >,1s32_A_B,2.05
91,0.0,ARG, ,C,49.02,5.46,0.0,4.87,1.0,<Residue ARG het=  resseq=449 icode= >,1s32_A_B,2.05
92,1.702,ARG, ,O,48.03,5.18,0.0,3.94,1.0,<Residue ARG het=  resseq=449 icode= >,1s32_A_B,2.05
93,3.843,ARG, ,CB,53.69,4.33,0.0,2.59,1.0,<Residue ARG het=  resseq=449 icode= >,1s32_A_B,2.05
94,24.379,ARG, ,CG,57.49,3.11,11.366,1.71,1.0,<Residue ARG het=  resseq=449 icode= >,1s32_A_B,2.05
95,31.908,ARG, ,CD,61.25,2.89,27.076,1.84,1.0,<Residue ARG het=  resseq=449 icode= >,1s32_A_B,2.05
96,12.167,ARG, ,NE,62.34,3.98,2.568,2.51,1.0,<Residue ARG het=  resseq=449 icode= >,1s32_A_B,2.05
97,4.09,ARG, ,CZ,62.96,3.95,4.09,3.32,1.0,<Residue ARG het=  resseq=449 icode= >,1s32_A_B,2.05
98,11.931,ARG, ,NH1,62.4,3.89,7.501,3.52,1.0,<Residue ARG het=  resseq=449 icode= >,1s32_A_B,2.05
99,17.824,ARG, ,NH2,62.62,4.16,9.486,2.02,1.0,<Residue ARG het=  resseq=449 icode= >,1s32_A_B,2.05
100,0.0,GLU, ,N,48.09,6.57,0.0,4.32,1.0,<Residue GLU het=  resseq=450 icode= >,1s32_A_B,2.05
101,0.753,GLU, ,CA,48.62,7.46,0.0,4.37,1.0,<Residue GLU het=  resseq=450 icode= >,1s32_A_B,2.05
102,0.357,GLU, ,C,47.65,8.17,0.357,4.66,1.0,<Residue GLU het=  resseq=450 icode= >,1s32_A_B,2.05
103,0.0,GLU, ,O,46.95,8.56,0.0,3.77,1.0,<Residue GLU het=  resseq=450 icode= >,1s32_A_B,2.05
104,5.132,GLU, ,CB,49.79,7.04,5.132,3.29,1.0,<Residue GLU het=  resseq=450 icode= >,1s32_A_B,2.05
105,10.101,GLU, ,CG,55.61,6.29,0.0,2.38,1.0,<Residue GLU het=  resseq=450 icode= >,1s32_A_B,2.05
106,8.538,GLU, ,CD,59.86,5.41,1.439,2.98,1.0,<Residue GLU het=  resseq=450 icode= >,1s32_A_B,2.05
107,31.755,GLU, ,OE1,60.04,5.80,28.461,2.37,1.0,<Residue GLU het=  resseq=450 icode= >,1s32_A_B,2.05
108,26.346,GLU, ,OE2,62.45,4.67,6.691,2.03,1.0,<Residue GLU het=  resseq=450 icode= >,1s32_A_B,2.05
109,0.104,ILE, ,N,46.33,8.62,0.104,4.08,1.0,<Residue ILE het=  resseq=451 icode= >,1s32_A_B,2.05
110,5.667,ILE, ,CA,44.94,9.55,5.667,4.53,1.0,<Residue ILE het=  resseq=451 icode= >,1s32_A_B,2.05
111,0.0,ILE, ,C,45.78,9.02,0.0,5.40,1.0,<Residue ILE het=  resseq=451 icode= >,1s32_A_B,2.05
112,0.0,ILE, ,O,43.99,9.78,0.0,3.60,1.0,<Residue ILE het=  resseq=451 icode= >,1s32_A_B,2.05
113,0.56,ILE, ,CB,45.07,10.08,0.56,3.72,1.0,<Residue ILE het=  resseq=451 icode= >,1s32_A_B,2.05
114,19.853,ILE, ,CG1,45.32,9.35,19.853,2.32,1.0,<Residue ILE het=  resseq=451 icode= >,1s32_A_B,2.05
115,20.455,ILE, ,CG2,42.93,11.13,20.455,2.84,1.0,<Residue ILE het=  resseq=451 icode= >,1s32_A_B,2.05
116,41.778,ILE, ,CD1,44.27,9.31,41.778,2.03,1.0,<Residue ILE het=  resseq=451 icode= >,1s32_A_B,2.05
117,0.0,ARG, ,N,45.45,7.90,0.0,4.29,1.0,<Residue ARG het=  resseq=452 icode= >,1s32_A_B,2.05
118,3.395,ARG, ,CA,46.72,7.60,0.03,4.22,1.0,<Residue ARG het=  resseq=452 icode= >,1s32_A_B,2.05
119,1.278,ARG, ,C,46.22,7.49,0.0,5.48,1.0,<Residue ARG het=  resseq=452 icode= >,1s32_A_B,2.05
120,6.192,ARG, ,O,44.86,8.19,0.0,4.51,1.0,<Residue ARG het=  resseq=452 icode= >,1s32_A_B,2.05
121,17.206,ARG, ,CB,49.75,6.57,0.0,3.05,1.0,<Residue ARG het=  resseq=452 icode= >,1s32_A_B,2.05
122,13.028,ARG, ,CG,54.0,7.22,7.941,2.48,1.0,<Residue ARG het=  resseq=452 icode= >,1s32_A_B,2.05
123,29.921,ARG, ,CD,58.03,6.80,0.0,1.92,1.0,<Residue ARG het=  resseq=452 icode= >,1s32_A_B,2.05
124,17.701,ARG, ,NE,61.34,7.37,3.824,1.76,1.0,<Residue ARG het=  resseq=452 icode= >,1s32_A_B,2.05
125,6.045,ARG, ,CZ,62.57,6.36,1.272,2.69,1.0,<Residue ARG het=  resseq=452 icode= >,1s32_A_B,2.05
126,23.109,ARG, ,NH1,62.26,5.54,2.68,2.01,1.0,<Residue ARG het=  resseq=452 icode= >,1s32_A_B,2.05
127,51.044,ARG, ,NH2,61.75,6.48,27.275,1.62,1.0,<Residue ARG het=  resseq=452 icode= >,1s32_A_B,2.05
128,0.564,ARG, ,N,46.77,6.94,0.0,4.39,1.0,<Residue ARG het=  resseq=453 icode= >,1s32_A_B,2.05
129,8.196,ARG, ,CA,48.37,7.21,0.0,4.14,1.0,<Residue ARG het=  resseq=453 icode= >,1s32_A_B,2.05
130,0.0,ARG, ,C,47.65,8.74,0.0,5.35,1.0,<Residue ARG het=  resseq=453 icode= >,1s32_A_B,2.05
131,1.527,ARG, ,O,47.92,9.42,0.0,4.22,1.0,<Residue ARG het=  resseq=453 icode= >,1s32_A_B,2.05
132,8.088,ARG, ,CB,50.77,6.70,0.0,3.20,1.0,<Residue ARG het=  resseq=453 icode= >,1s32_A_B,2.05
133,16.995,ARG, ,CG,54.97,7.50,0.0,2.81,1.0,<Residue ARG het=  resseq=453 icode= >,1s32_A_B,2.05
134,17.022,ARG, ,CD,60.82,7.16,0.0,2.77,1.0,<Residue ARG het=  resseq=453 icode= >,1s32_A_B,2.05
135,10.817,ARG, ,NE,66.88,8.13,0.0,1.67,1.0,<Residue ARG het=  resseq=453 icode= >,1s32_A_B,2.05
136,4.457,ARG, ,CZ,69.59,8.21,0.0,1.65,1.0,<Residue ARG het=  resseq=453 icode= >,1s32_A_B,2.05
137,38.485,ARG, ,NH1,71.08,8.06,0.0,0.78,1.0,<Residue ARG het=  resseq=453 icode= >,1s32_A_B,2.05
138,49.452,ARG, ,NH2,70.75,7.23,0.0,1.02,1.0,<Residue ARG het=  resseq=453 icode= >,1s32_A_B,2.05
139,0.0,TYR, ,N,45.55,9.41,0.0,4.60,1.0,<Residue TYR het=  resseq=454 icode= >,1s32_A_B,2.05
140,0.0,TYR, ,CA,45.15,10.86,0.0,4.05,1.0,<Residue TYR het=  resseq=454 icode= >,1s32_A_B,2.05
141,0.917,TYR, ,C,43.34,11.67,0.917,5.15,1.0,<Residue TYR het=  resseq=454 icode= >,1s32_A_B,2.05
142,11.139,TYR, ,O,43.13,12.79,11.139,4.08,1.0,<Residue TYR het=  resseq=454 icode= >,1s32_A_B,2.05
143,13.281,TYR, ,CB,43.48,11.52,13.281,3.46,1.0,<Residue TYR het=  resseq=454 icode= >,1s32_A_B,2.05
144,0.319,TYR, ,CG,44.74,10.54,0.319,4.34,1.0,<Residue TYR het=  resseq=454 icode= >,1s32_A_B,2.05
145,11.245,TYR, ,CD1,45.88,10.06,11.245,3.29,1.0,<Residue TYR het=  resseq=454 icode= >,1s32_A_B,2.05
146,0.273,TYR, ,CD2,46.28,9.85,0.094,2.92,1.0,<Residue TYR het=  resseq=454 icode= >,1s32_A_B,2.05
147,9.194,TYR, ,CE1,47.17,8.84,8.823,2.96,1.0,<Residue TYR het=  resseq=454 icode= >,1s32_A_B,2.05
148,6.44,TYR, ,CE2,46.43,8.60,4.198,3.41,1.0,<Residue TYR het=  resseq=454 icode= >,1s32_A_B,2.05
149,4.96,TYR, ,CZ,48.47,8.05,4.96,3.94,1.0,<Residue TYR het=  resseq=454 icode= >,1s32_A_B,2.05
150,26.237,TYR, ,OH,52.41,6.91,12.969,2.21,1.0,<Residue TYR het=  resseq=454 icode= >,1s32_A_B,2.05
151,0.0,GLN, ,N,41.23,11.25,0.0,4.88,1.0,<Residue GLN het=  resseq=455 icode= >,1s32_A_B,2.05
152,6.806,GLN, ,CA,40.94,12.22,6.806,5.25,1.0,<Residue GLN het=  resseq=455 icode= >,1s32_A_B,2.05
153,1.478,GLN, ,C,43.96,11.79,1.368,5.47,1.0,<Residue GLN het=  resseq=455 icode= >,1s32_A_B,2.05
154,28.803,GLN, ,O,42.7,12.36,28.803,3.75,1.0,<Residue GLN het=  resseq=455 icode= >,1s32_A_B,2.05
155,12.863,GLN, ,CB,38.9,12.14,12.142,4.03,1.0,<Residue GLN het=  resseq=455 icode= >,1s32_A_B,2.05
156,17.379,GLN, ,CG,38.99,12.72,17.379,3.48,1.0,<Residue GLN het=  resseq=455 icode= >,1s32_A_B,2.05
157,3.963,GLN, ,CD,39.29,13.14,3.963,5.55,1.0,<Residue GLN het=  resseq=455 icode= >,1s32_A_B,2.05
158,26.847,GLN, ,OE1,39.14,12.65,25.295,4.96,1.0,<Residue GLN het=  resseq=455 icode= >,1s32_A_B,2.05
159,51.252,GLN, ,NE2,38.32,14.21,46.726,3.91,1.0,<Residue GLN het=  resseq=455 icode= >,1s32_A_B,2.05
160,0.025,LYS, ,N,45.91,10.72,0.0,4.14,1.0,<Residue LYS het=  resseq=456 icode= >,1s32_A_B,2.05
161,6.711,LYS, ,CA,49.73,10.17,6.467,3.71,1.0,<Residue LYS het=  resseq=456 icode= >,1s32_A_B,2.05
162,1.063,LYS, ,C,49.56,10.84,0.841,4.50,1.0,<Residue LYS het=  resseq=456 icode= >,1s32_A_B,2.05
163,21.875,LYS, ,O,51.85,10.14,11.995,3.65,1.0,<Residue LYS het=  resseq=456 icode= >,1s32_A_B,2.05
164,6.448,LYS, ,CB,52.98,8.65,1.598,2.66,1.0,<Residue LYS het=  resseq=456 icode= >,1s32_A_B,2.05
165,19.831,LYS, ,CG,59.43,8.22,1.76,1.08,1.0,<Residue LYS het=  resseq=456 icode= >,1s32_A_B,2.05
166,30.969,LYS, ,CD,64.84,6.75,0.0,0.33,1.0,<Residue LYS het=  resseq=456 icode= >,1s32_A_B,2.05
167,45.08,LYS, ,CE,67.53,6.69,0.0,-0.09,1.0,<Residue LYS het=  resseq=456 icode= >,1s32_A_B,2.05
168,48.76,LYS, ,NZ,69.62,5.43,2.57,-0.13,1.0,<Residue LYS het=  resseq=456 icode= >,1s32_A_B,2.05
169,0.0,SER, ,N,48.07,10.38,0.0,4.01,1.0,<Residue SER het=  resseq=457 icode= >,1s32_A_B,2.05
170,6.976,SER, ,CA,47.4,9.33,0.0,4.01,1.0,<Residue SER het=  resseq=457 icode= >,1s32_A_B,2.05
171,0.478,SER, ,C,47.31,10.04,0.478,4.72,1.0,<Residue SER het=  resseq=457 icode= >,1s32_A_B,2.05
172,13.02,SER, ,O,46.4,11.27,12.99,3.80,1.0,<Residue SER het=  resseq=457 icode= >,1s32_A_B,2.05
173,24.276,SER, ,CB,45.64,8.56,0.0,3.32,1.0,<Residue SER het=  resseq=457 icode= >,1s32_A_B,2.05
174,1.234,SER, ,OG,49.0,9.57,0.907,2.98,1.0,<Residue SER het=  resseq=457 icode= >,1s32_A_B,2.05
175,2.624,THR, ,N,46.81,9.40,0.0,3.66,1.0,<Residue THR het=  resseq=458 icode= >,1s32_A_B,2.05
176,7.915,THR, ,CA,46.81,10.26,7.915,3.68,1.0,<Residue THR het=  resseq=458 icode= >,1s32_A_B,2.05
177,0.911,THR, ,C,47.7,10.07,0.911,5.19,1.0,<Residue THR het=  resseq=458 icode= >,1s32_A_B,2.05
178,17.7,THR, ,O,46.96,10.97,13.751,4.09,1.0,<Residue THR het=  resseq=458 icode= >,1s32_A_B,2.05
179,16.05,THR, ,CB,46.93,10.36,16.05,3.61,1.0,<Residue THR het=  resseq=458 icode= >,1s32_A_B,2.05
180,30.238,THR, ,OG1,44.75,9.22,12.915,2.67,1.0,<Residue THR het=  resseq=458 icode= >,1s32_A_B,2.05
181,55.606,THR, ,CG2,45.91,10.04,52.399,1.90,1.0,<Residue THR het=  resseq=458 icode= >,1s32_A_B,2.05
182,0.772,GLU, ,N,48.15,9.08,0.0,3.89,1.0,<Residue GLU het=  resseq=459 icode= >,1s32_A_B,2.05
183,9.56,GLU, ,CA,50.86,9.15,8.128,3.32,1.0,<Residue GLU het=  resseq=459 icode= >,1s32_A_B,2.05
184,0.018,GLU, ,C,49.61,10.36,0.018,4.61,1.0,<Residue GLU het=  resseq=459 icode= >,1s32_A_B,2.05
185,6.504,GLU, ,O,49.53,10.99,6.504,3.39,1.0,<Residue GLU het=  resseq=459 icode= >,1s32_A_B,2.05
186,28.081,GLU, ,CB,53.77,8.05,0.0,2.08,1.0,<Residue GLU het=  resseq=459 icode= >,1s32_A_B,2.05
187,26.132,GLU, ,CG,62.88,7.38,0.0,0.55,1.0,<Residue GLU het=  resseq=459 icode= >,1s32_A_B,2.05
188,7.496,GLU, ,CD,65.55,8.35,0.0,2.43,1.0,<Residue GLU het=  resseq=459 icode= >,1s32_A_B,2.05
189,18.311,GLU, ,OE1,70.29,8.94,0.0,1.00,1.0,<Residue GLU het=  resseq=459 icode= >,1s32_A_B,2.05
190,4.637,GLU, ,OE2,67.26,8.72,0.007,1.79,1.0,<Residue GLU het=  resseq=459 icode= >,1s32_A_B,2.05
191,4.16,LEU, ,N,47.21,9.37,1.034,4.26,1.0,<Residue LEU het=  resseq=460 icode= >,1s32_A_B,2.05
192,0.307,LEU, ,CA,46.81,8.97,0.307,4.48,1.0,<Residue LEU het=  resseq=460 icode= >,1s32_A_B,2.05
193,0.0,LEU, ,C,46.61,8.42,0.0,5.07,1.0,<Residue LEU het=  resseq=460 icode= >,1s32_A_B,2.05
194,14.024,LEU, ,O,46.78,7.84,0.0,3.43,1.0,<Residue LEU het=  resseq=460 icode= >,1s32_A_B,2.05
195,6.004,LEU, ,CB,48.49,8.15,0.0,3.01,1.0,<Residue LEU het=  resseq=460 icode= >,1s32_A_B,2.05
196,5.837,LEU, ,CG,50.71,9.11,4.093,3.19,1.0,<Residue LEU het=  resseq=460 icode= >,1s32_A_B,2.05
197,8.534,LEU, ,CD1,52.49,8.63,0.665,1.07,1.0,<Residue LEU het=  resseq=460 icode= >,1s32_A_B,2.05
198,5.433,LEU, ,CD2,51.48,10.39,0.391,1.88,1.0,<Residue LEU het=  resseq=460 icode= >,1s32_A_B,2.05
199,0.0,LEU, ,N,46.01,8.88,0.0,3.45,1.0,<Residue LEU het=  resseq=461 icode= >,1s32_A_B,2.05
200,3.125,LEU, ,CA,43.08,7.64,1.634,4.06,1.0,<Residue LEU het=  resseq=461 icode= >,1s32_A_B,2.05
201,2.371,LEU, ,C,43.26,6.61,0.289,5.09,1.0,<Residue LEU het=  resseq=461 icode= >,1s32_A_B,2.05
202,27.763,LEU, ,O,43.42,5.47,27.316,3.84,1.0,<Residue LEU het=  resseq=461 icode= >,1s32_A_B,2.05
203,15.694,LEU, ,CB,43.05,8.16,15.694,2.82,1.0,<Residue LEU het=  resseq=461 icode= >,1s32_A_B,2.05
204,0.497,LEU, ,CG,42.81,9.35,0.497,4.04,1.0,<Residue LEU het=  resseq=461 icode= >,1s32_A_B,2.05
205,36.349,LEU, ,CD1,42.57,10.16,36.349,2.36,1.0,<Residue LEU het=  resseq=461 icode= >,1s32_A_B,2.05
206,7.809,LEU, ,CD2,44.15,9.08,7.25,3.01,1.0,<Residue LEU het=  resseq=461 icode= >,1s32_A_B,2.05
207,0.0,ILE, ,N,42.19,7.22,0.0,3.93,1.0,<Residue ILE het=  resseq=462 icode= >,1s32_A_B,2.05
208,4.458,ILE, ,CA,42.9,6.72,4.458,3.75,1.0,<Residue ILE het=  resseq=462 icode= >,1s32_A_B,2.05
209,1.139,ILE, ,C,44.46,5.78,0.0,4.76,1.0,<Residue ILE het=  resseq=462 icode= >,1s32_A_B,2.05
210,3.625,ILE, ,O,43.16,5.43,0.0,3.58,1.0,<Residue ILE het=  resseq=462 icode= >,1s32_A_B,2.05
211,0.0,ILE, ,CB,41.04,7.94,0.0,3.50,1.0,<Residue ILE het=  resseq=462 icode= >,1s32_A_B,2.05
212,17.08,ILE, ,CG1,42.84,8.53,17.08,2.43,1.0,<Residue ILE het=  resseq=462 icode= >,1s32_A_B,2.05
213,21.259,ILE, ,CG2,40.51,7.82,20.414,2.27,1.0,<Residue ILE het=  resseq=462 icode= >,1s32_A_B,2.05
214,19.452,ILE, ,CD1,40.29,9.85,19.452,1.64,1.0,<Residue ILE het=  resseq=462 icode= >,1s32_A_B,2.05
215,2.16,ARG, ,N,46.16,5.15,1.19,3.93,1.0,<Residue ARG het=  resseq=463 icode= >,1s32_A_B,2.05
216,4.112,ARG, ,CA,49.25,3.76,1.306,3.57,1.0,<Residue ARG het=  resseq=463 icode= >,1s32_A_B,2.05
217,0.0,ARG, ,C,48.59,3.88,0.0,4.25,1.0,<Residue ARG het=  resseq=463 icode= >,1s32_A_B,2.05
218,0.0,ARG, ,O,47.36,4.99,0.0,2.77,1.0,<Residue ARG het=  resseq=463 icode= >,1s32_A_B,2.05
219,5.201,ARG, ,CB,52.92,3.70,4.107,1.86,1.0,<Residue ARG het=  resseq=463 icode= >,1s32_A_B,2.05
220,18.14,ARG, ,CG,60.24,3.65,7.869,1.77,1.0,<Residue ARG het=  resseq=463 icode= >,1s32_A_B,2.05
221,33.663,ARG, ,CD,65.12,3.24,30.504,1.78,1.0,<Residue ARG het=  resseq=463 icode= >,1s32_A_B,2.05
222,16.026,ARG, ,NE,71.47,3.56,13.484,0.79,1.0,<Residue ARG het=  resseq=463 icode= >,1s32_A_B,2.05
223,6.887,ARG, ,CZ,73.09,3.22,6.887,1.90,1.0,<Residue ARG het=  resseq=463 icode= >,1s32_A_B,2.05
224,43.1,ARG, ,NH1,73.99,3.46,36.266,1.63,1.0,<Residue ARG het=  resseq=463 icode= >,1s32_A_B,2.05
225,59.333,ARG, ,NH2,72.52,3.05,49.43,1.63,1.0,<Residue ARG het=  resseq=463 icode= >,1s32_A_B,2.05
226,3.817,LYS, ,N,49.04,3.18,3.817,4.25,1.0,<Residue LYS het=  resseq=464 icode= >,1s32_A_B,2.05
227,0.155,LYS, ,CA,51.23,3.80,0.0,4.25,1.0,<Residue LYS het=  resseq=464 icode= >,1s32_A_B,2.05
228,0.437,LYS, ,C,50.76,3.79,0.0,4.73,1.0,<Residue LYS het=  resseq=464 icode= >,1s32_A_B,2.05
229,0.758,LYS, ,O,50.25,4.97,0.0,3.18,1.0,<Residue LYS het=  resseq=464 icode= >,1s32_A_B,2.05
230,22.67,LYS, ,CB,54.92,3.59,6.755,2.70,1.0,<Residue LYS het=  resseq=464 icode= >,1s32_A_B,2.05
231,8.15,LYS, ,CG,61.65,4.06,2.864,1.59,1.0,<Residue LYS het=  resseq=464 icode= >,1s32_A_B,2.05
232,33.137,LYS, ,CD,65.79,4.53,8.512,0.77,1.0,<Residue LYS het=  resseq=464 icode= >,1s32_A_B,2.05
233,42.511,LYS, ,CE,68.2,5.20,3.574,0.95,1.0,<Residue LYS het=  resseq=464 icode= >,1s32_A_B,2.05
234,20.466,LYS, ,NZ,71.69,6.61,0.0,0.30,1.0,<Residue LYS het=  resseq=464 icode= >,1s32_A_B,2.05
235,3.792,LEU, ,N,50.1,2.88,3.245,3.43,1.0,<Residue LEU het=  resseq=465 icode= >,1s32_A_B,2.05
236,2.843,LEU, ,CA,48.23,3.71,0.0,3.97,1.0,<Residue LEU het=  resseq=465 icode= >,1s32_A_B,2.05
237,0.0,LEU, ,C,45.99,4.98,0.0,5.50,1.0,<Residue LEU het=  resseq=465 icode= >,1s32_A_B,2.05
238,0.0,LEU, ,O,47.23,5.63,0.0,3.69,1.0,<Residue LEU het=  resseq=465 icode= >,1s32_A_B,2.05
239,16.789,LEU, ,CB,49.3,3.41,15.579,2.74,1.0,<Residue LEU het=  resseq=465 icode= >,1s32_A_B,2.05
240,0.0,LEU, ,CG,51.37,4.20,0.0,3.02,1.0,<Residue LEU het=  resseq=465 icode= >,1s32_A_B,2.05
241,36.87,LEU, ,CD1,49.75,4.73,3.718,2.29,1.0,<Residue LEU het=  resseq=465 icode= >,1s32_A_B,2.05
242,55.103,LEU, ,CD2,52.88,3.37,44.505,1.21,1.0,<Residue LEU het=  resseq=465 icode= >,1s32_A_B,2.05
243,0.0,PRO, ,N,45.61,4.18,0.0,5.30,1.0,<Residue PRO het=  resseq=466 icode= >,1s32_A_B,2.05
244,0.319,PRO, ,CA,44.77,4.17,0.319,4.42,1.0,<Residue PRO het=  resseq=466 icode= >,1s32_A_B,2.05
245,1.366,PRO, ,C,45.37,5.67,1.366,4.42,1.0,<Residue PRO het=  resseq=466 icode= >,1s32_A_B,2.05
246,5.265,PRO, ,O,44.9,6.28,5.265,3.80,1.0,<Residue PRO het=  resseq=466 icode= >,1s32_A_B,2.05
247,22.834,PRO, ,CB,44.29,3.81,22.815,3.51,1.0,<Residue PRO het=  resseq=466 icode= >,1s32_A_B,2.05
248,22.162,PRO, ,CG,45.84,3.01,19.967,3.04,1.0,<Residue PRO het=  resseq=466 icode= >,1s32_A_B,2.05
249,2.887,PRO, ,CD,43.82,3.87,2.887,3.67,1.0,<Residue PRO het=  resseq=466 icode= >,1s32_A_B,2.05
250,0.0,PHE, ,N,44.89,6.48,0.0,3.66,1.0,<Residue PHE het=  resseq=467 icode= >,1s32_A_B,2.05
251,1.855,PHE, ,CA,45.7,7.91,1.855,3.49,1.0,<Residue PHE het=  resseq=467 icode= >,1s32_A_B,2.05
252,0.0,PHE, ,C,46.11,8.44,0.0,4.47,1.0,<Residue PHE het=  resseq=467 icode= >,1s32_A_B,2.05
253,0.0,PHE, ,O,45.4,9.36,0.0,3.23,1.0,<Residue PHE het=  resseq=467 icode= >,1s32_A_B,2.05
254,0.0,PHE, ,CB,43.66,7.85,0.0,3.17,1.0,<Residue PHE het=  resseq=467 icode= >,1s32_A_B,2.05
255,0.0,PHE, ,CG,43.24,9.19,0.0,3.65,1.0,<Residue PHE het=  resseq=467 icode= >,1s32_A_B,2.05
256,2.048,PHE, ,CD1,43.44,10.23,2.048,3.13,1.0,<Residue PHE het=  resseq=467 icode= >,1s32_A_B,2.05
257,0.0,PHE, ,CD2,41.92,9.58,0.0,2.80,1.0,<Residue PHE het=  resseq=467 icode= >,1s32_A_B,2.05
258,7.984,PHE, ,CE1,42.31,11.45,7.984,2.76,1.0,<Residue PHE het=  resseq=467 icode= >,1s32_A_B,2.05
259,0.0,PHE, ,CE2,43.24,10.92,0.0,2.78,1.0,<Residue PHE het=  resseq=467 icode= >,1s32_A_B,2.05
260,2.28,PHE, ,CZ,41.72,11.81,2.28,2.73,1.0,<Residue PHE het=  resseq=467 icode= >,1s32_A_B,2.05
261,0.0,GLN, ,N,47.31,7.62,0.0,3.73,1.0,<Residue GLN het=  resseq=468 icode= >,1s32_A_B,2.05
262,0.0,GLN, ,CA,48.81,8.32,0.0,4.02,1.0,<Residue GLN het=  resseq=468 icode= >,1s32_A_B,2.05
263,0.0,GLN, ,C,46.64,9.08,0.0,5.67,1.0,<Residue GLN het=  resseq=468 icode= >,1s32_A_B,2.05
264,0.0,GLN, ,O,47.24,8.67,0.0,4.05,1.0,<Residue GLN het=  resseq=468 icode= >,1s32_A_B,2.05
265,0.859,GLN, ,CB,51.91,7.56,0.0,3.23,1.0,<Residue GLN het=  resseq=468 icode= >,1s32_A_B,2.05
266,0.803,GLN, ,CG,59.29,6.45,0.0,1.55,1.0,<Residue GLN het=  resseq=468 icode= >,1s32_A_B,2.05
267,1.529,GLN, ,CD,63.2,5.45,0.0,2.07,1.0,<Residue GLN het=  resseq=468 icode= >,1s32_A_B,2.05
268,21.412,GLN, ,OE1,66.88,5.04,2.202,0.62,1.0,<Residue GLN het=  resseq=468 icode= >,1s32_A_B,2.05
269,29.361,GLN, ,NE2,61.88,5.47,0.0,1.87,1.0,<Residue GLN het=  resseq=468 icode= >,1s32_A_B,2.05
270,0.0,ARG, ,N,45.78,7.94,0.0,4.87,1.0,<Residue ARG het=  resseq=469 icode= >,1s32_A_B,2.05
271,2.258,ARG, ,CA,46.4,8.15,0.0,3.62,1.0,<Residue ARG het=  resseq=469 icode= >,1s32_A_B,2.05
272,1.034,ARG, ,C,45.21,9.01,1.034,4.60,1.0,<Residue ARG het=  resseq=469 icode= >,1s32_A_B,2.05
273,2.71,ARG, ,O,44.57,10.05,0.969,3.69,1.0,<Residue ARG het=  resseq=469 icode= >,1s32_A_B,2.05
274,11.974,ARG, ,CB,48.25,6.95,10.21,2.35,1.0,<Residue ARG het=  resseq=469 icode= >,1s32_A_B,2.05
275,13.778,ARG, ,CG,53.01,6.43,0.0,2.04,1.0,<Residue ARG het=  resseq=469 icode= >,1s32_A_B,2.05
276,34.066,ARG, ,CD,53.6,5.74,5.403,2.54,1.0,<Residue ARG het=  resseq=469 icode= >,1s32_A_B,2.05
277,12.891,ARG, ,NE,55.8,4.79,9.792,2.93,1.0,<Residue ARG het=  resseq=469 icode= >,1s32_A_B,2.05
278,4.53,ARG, ,CZ,57.25,3.50,0.0,3.62,1.0,<Residue ARG het=  resseq=469 icode= >,1s32_A_B,2.05
279,19.398,ARG, ,NH1,57.02,2.97,10.07,2.15,1.0,<Residue ARG het=  resseq=469 icode= >,1s32_A_B,2.05
280,39.08,ARG, ,NH2,55.38,2.84,34.329,2.36,1.0,<Residue ARG het=  resseq=469 icode= >,1s32_A_B,2.05
281,0.699,LEU, ,N,43.18,8.76,0.699,4.05,1.0,<Residue LEU het=  resseq=470 icode= >,1s32_A_B,2.05
282,3.804,LEU, ,CA,41.54,9.77,3.804,4.51,1.0,<Residue LEU het=  resseq=470 icode= >,1s32_A_B,2.05
283,0.0,LEU, ,C,41.19,11.12,0.0,5.36,1.0,<Residue LEU het=  resseq=470 icode= >,1s32_A_B,2.05
284,0.0,LEU, ,O,41.74,12.10,0.0,3.71,1.0,<Residue LEU het=  resseq=470 icode= >,1s32_A_B,2.05
285,4.74,LEU, ,CB,43.12,9.60,4.74,3.10,1.0,<Residue LEU het=  resseq=470 icode= >,1s32_A_B,2.05
286,0.551,LEU, ,CG,42.62,10.82,0.551,3.54,1.0,<Residue LEU het=  resseq=470 icode= >,1s32_A_B,2.05
287,32.311,LEU, ,CD1,43.19,11.08,31.594,2.14,1.0,<Residue LEU het=  resseq=470 icode= >,1s32_A_B,2.05
288,50.302,LEU, ,CD2,42.04,10.82,50.302,1.53,1.0,<Residue LEU het=  resseq=470 icode= >,1s32_A_B,2.05
289,0.0,VAL, ,N,41.25,11.24,0.0,4.35,1.0,<Residue VAL het=  resseq=471 icode= >,1s32_A_B,2.05
290,1.646,VAL, ,CA,42.15,10.65,1.646,4.07,1.0,<Residue VAL het=  resseq=471 icode= >,1s32_A_B,2.05
291,0.0,VAL, ,C,43.68,9.82,0.0,4.70,1.0,<Residue VAL het=  resseq=471 icode= >,1s32_A_B,2.05
292,1.044,VAL, ,O,43.08,10.18,1.044,3.99,1.0,<Residue VAL het=  resseq=471 icode= >,1s32_A_B,2.05
293,0.0,VAL, ,CB,41.69,9.99,0.0,3.58,1.0,<Residue VAL het=  resseq=471 icode= >,1s32_A_B,2.05
294,4.256,VAL, ,CG1,40.85,9.24,4.256,2.18,1.0,<Residue VAL het=  resseq=471 icode= >,1s32_A_B,2.05
295,9.131,VAL, ,CG2,42.22,11.19,9.131,1.92,1.0,<Residue VAL het=  resseq=471 icode= >,1s32_A_B,2.05
296,0.0,ARG, ,N,44.72,8.91,0.0,3.12,1.0,<Residue ARG het=  resseq=472 icode= >,1s32_A_B,2.05
297,0.643,ARG, ,CA,45.78,8.24,0.0,3.21,1.0,<Residue ARG het=  resseq=472 icode= >,1s32_A_B,2.05
298,1.443,ARG, ,C,44.65,9.38,0.0,4.44,1.0,<Residue ARG het=  resseq=472 icode= >,1s32_A_B,2.05
299,3.868,ARG, ,O,44.97,9.50,0.0,3.34,1.0,<Residue ARG het=  resseq=472 icode= >,1s32_A_B,2.05
300,17.263,ARG, ,CB,46.6,7.37,0.0,2.87,1.0,<Residue ARG het=  resseq=472 icode= >,1s32_A_B,2.05
301,1.325,ARG, ,CG,47.3,6.15,0.0,2.81,1.0,<Residue ARG het=  resseq=472 icode= >,1s32_A_B,2.05
302,25.288,ARG, ,CD,49.94,5.61,0.0,2.13,1.0,<Residue ARG het=  resseq=472 icode= >,1s32_A_B,2.05
303,2.075,ARG, ,NE,49.84,4.84,0.0,3.37,1.0,<Residue ARG het=  resseq=472 icode= >,1s32_A_B,2.05
304,4.511,ARG, ,CZ,50.02,3.54,1.167,4.24,1.0,<Residue ARG het=  resseq=472 icode= >,1s32_A_B,2.05
305,17.194,ARG, ,NH1,48.74,2.83,9.335,2.87,1.0,<Residue ARG het=  resseq=472 icode= >,1s32_A_B,2.05
306,20.039,ARG, ,NH2,50.16,2.85,16.315,1.84,1.0,<Residue ARG het=  resseq=472 icode= >,1s32_A_B,2.05
307,0.721,GLU, ,N,44.77,10.42,0.0,4.02,1.0,<Residue GLU het=  resseq=473 icode= >,1s32_A_B,2.05
308,7.161,GLU, ,CA,46.98,11.62,0.0,4.05,1.0,<Residue GLU het=  resseq=473 icode= >,1s32_A_B,2.05
309,0.0,GLU, ,C,46.63,12.30,0.0,4.36,1.0,<Residue GLU het=  resseq=473 icode= >,1s32_A_B,2.05
310,1.248,GLU, ,O,46.96,12.83,0.0,2.80,1.0,<Residue GLU het=  resseq=473 icode= >,1s32_A_B,2.05
311,9.614,GLU, ,CB,50.09,12.47,5.852,2.66,1.0,<Residue GLU het=  resseq=473 icode= >,1s32_A_B,2.05
312,21.56,GLU, ,CG,56.84,13.32,0.322,2.10,1.0,<Residue GLU het=  resseq=473 icode= >,1s32_A_B,2.05
313,10.777,GLU, ,CD,61.74,12.66,2.304,2.76,1.0,<Residue GLU het=  resseq=473 icode= >,1s32_A_B,2.05
314,40.407,GLU, ,OE1,63.35,12.06,23.961,1.73,1.0,<Residue GLU het=  resseq=473 icode= >,1s32_A_B,2.05
315,24.579,GLU, ,OE2,65.02,12.90,9.175,1.62,1.0,<Residue GLU het=  resseq=473 icode= >,1s32_A_B,2.05
316,0.0,ILE, ,N,43.22,12.49,0.0,3.80,1.0,<Residue ILE het=  resseq=474 icode= >,1s32_A_B,2.05
317,0.592,ILE, ,CA,39.97,13.33,0.0,4.49,1.0,<Residue ILE het=  resseq=474 icode= >,1s32_A_B,2.05
318,0.0,ILE, ,C,39.03,12.78,0.0,5.52,1.0,<Residue ILE het=  resseq=474 icode= >,1s32_A_B,2.05
319,0.0,ILE, ,O,39.0,13.58,0.0,3.75,1.0,<Residue ILE het=  resseq=474 icode= >,1s32_A_B,2.05
320,1.083,ILE, ,CB,38.45,13.79,1.083,3.74,1.0,<Residue ILE het=  resseq=474 icode= >,1s32_A_B,2.05
321,12.692,ILE, ,CG1,41.42,14.75,9.62,2.45,1.0,<Residue ILE het=  resseq=474 icode= >,1s32_A_B,2.05
322,30.562,ILE, ,CG2,37.48,14.61,29.277,2.49,1.0,<Residue ILE het=  resseq=474 icode= >,1s32_A_B,2.05
323,40.664,ILE, ,CD1,40.95,14.75,40.664,1.60,1.0,<Residue ILE het=  resseq=474 icode= >,1s32_A_B,2.05
324,0.324,ALA, ,N,39.68,11.52,0.324,4.60,1.0,<Residue ALA het=  resseq=475 icode= >,1s32_A_B,2.05
325,2.07,ALA, ,CA,42.44,11.09,2.07,3.57,1.0,<Residue ALA het=  resseq=475 icode= >,1s32_A_B,2.05
326,0.0,ALA, ,C,46.19,11.29,0.0,4.39,1.0,<Residue ALA het=  resseq=475 icode= >,1s32_A_B,2.05
327,0.0,ALA, ,O,45.8,11.85,0.0,3.32,1.0,<Residue ALA het=  resseq=475 icode= >,1s32_A_B,2.05
328,11.621,ALA, ,CB,40.59,9.72,10.628,1.99,1.0,<Residue ALA het=  resseq=475 icode= >,1s32_A_B,2.05
329,0.544,GLN, ,N,49.42,11.07,0.0,3.52,1.0,<Residue GLN het=  resseq=476 icode= >,1s32_A_B,2.05
330,1.098,GLN, ,CA,54.45,11.49,0.0,2.77,1.0,<Residue GLN het=  resseq=476 icode= >,1s32_A_B,2.05
331,0.049,GLN, ,C,55.75,12.94,0.0,3.68,1.0,<Residue GLN het=  resseq=476 icode= >,1s32_A_B,2.05
332,5.392,GLN, ,O,56.48,13.42,0.0,2.10,1.0,<Residue GLN het=  resseq=476 icode= >,1s32_A_B,2.05
333,6.569,GLN, ,CB,57.16,11.49,0.0,1.39,1.0,<Residue GLN het=  resseq=476 icode= >,1s32_A_B,2.05
334,29.056,GLN, ,CG,61.4,12.11,0.0,1.04,1.0,<Residue GLN het=  resseq=476 icode= >,1s32_A_B,2.05
335,5.438,GLN, ,CD,64.33,11.33,0.0,2.01,1.0,<Residue GLN het=  resseq=476 icode= >,1s32_A_B,2.05
336,14.905,GLN, ,OE1,64.8,10.14,0.0,1.83,1.0,<Residue GLN het=  resseq=476 icode= >,1s32_A_B,2.05
337,29.912,GLN, ,NE2,66.14,11.61,0.0,0.58,1.0,<Residue GLN het=  resseq=476 icode= >,1s32_A_B,2.05
338,0.0,ASP, ,N,57.29,13.74,0.0,3.16,1.0,<Residue ASP het=  resseq=477 icode= >,1s32_A_B,2.05
339,5.875,ASP, ,CA,57.61,15.15,0.0,4.23,1.0,<Residue ASP het=  resseq=477 icode= >,1s32_A_B,2.05
340,0.267,ASP, ,C,57.23,15.40,0.0,4.50,1.0,<Residue ASP het=  resseq=477 icode= >,1s32_A_B,2.05
341,29.076,ASP, ,O,57.65,16.45,0.0,2.53,1.0,<Residue ASP het=  resseq=477 icode= >,1s32_A_B,2.05
342,13.047,ASP, ,CB,61.9,15.99,0.0,2.18,1.0,<Residue ASP het=  resseq=477 icode= >,1s32_A_B,2.05
343,9.172,ASP, ,CG,66.33,16.31,0.0,2.20,1.0,<Residue ASP het=  resseq=477 icode= >,1s32_A_B,2.05
344,25.192,ASP, ,OD1,70.28,16.41,0.0,0.64,1.0,<Residue ASP het=  resseq=477 icode= >,1s32_A_B,2.05
345,34.565,ASP, ,OD2,69.62,16.61,0.0,1.36,1.0,<Residue ASP het=  resseq=477 icode= >,1s32_A_B,2.05
346,0.0,PHE, ,N,55.36,14.57,0.0,3.62,1.0,<Residue PHE het=  resseq=478 icode= >,1s32_A_B,2.05
347,3.834,PHE, ,CA,54.91,14.95,0.0,2.85,1.0,<Residue PHE het=  resseq=478 icode= >,1s32_A_B,2.05
348,1.802,PHE, ,C,54.51,14.32,0.0,4.11,1.0,<Residue PHE het=  resseq=478 icode= >,1s32_A_B,2.05
349,30.049,PHE, ,O,52.98,14.40,6.785,3.09,1.0,<Residue PHE het=  resseq=478 icode= >,1s32_A_B,2.05
350,21.912,PHE, ,CB,53.63,14.69,16.134,1.86,1.0,<Residue PHE het=  resseq=478 icode= >,1s32_A_B,2.05
351,2.262,PHE, ,CG,53.01,15.36,2.262,3.25,1.0,<Residue PHE het=  resseq=478 icode= >,1s32_A_B,2.05
352,13.357,PHE, ,CD1,52.36,14.77,13.357,2.61,1.0,<Residue PHE het=  resseq=478 icode= >,1s32_A_B,2.05
353,18.119,PHE, ,CD2,52.3,16.70,5.224,2.34,1.0,<Residue PHE het=  resseq=478 icode= >,1s32_A_B,2.05
354,16.192,PHE, ,CE1,51.11,15.58,16.192,2.19,1.0,<Residue PHE het=  resseq=478 icode= >,1s32_A_B,2.05
355,31.371,PHE, ,CE2,52.94,17.42,16.102,2.23,1.0,<Residue PHE het=  resseq=478 icode= >,1s32_A_B,2.05
356,29.86,PHE, ,CZ,51.4,16.89,26.143,2.43,1.0,<Residue PHE het=  resseq=478 icode= >,1s32_A_B,2.05
357,0.0,LYS, ,N,55.59,13.26,0.0,3.02,1.0,<Residue LYS het=  resseq=479 icode= >,1s32_A_B,2.05
358,6.068,LYS, ,CA,56.11,12.44,0.0,3.75,1.0,<Residue LYS het=  resseq=479 icode= >,1s32_A_B,2.05
359,0.0,LYS, ,C,56.75,11.69,0.0,4.19,1.0,<Residue LYS het=  resseq=479 icode= >,1s32_A_B,2.05
360,0.095,LYS, ,O,56.43,10.82,0.0,2.24,1.0,<Residue LYS het=  resseq=479 icode= >,1s32_A_B,2.05
361,7.139,LYS, ,CB,57.12,11.27,7.139,2.58,1.0,<Residue LYS het=  resseq=479 icode= >,1s32_A_B,2.05
362,10.922,LYS, ,CG,60.56,10.44,2.114,1.61,1.0,<Residue LYS het=  resseq=479 icode= >,1s32_A_B,2.05
363,18.089,LYS, ,CD,64.55,9.46,18.089,0.96,1.0,<Residue LYS het=  resseq=479 icode= >,1s32_A_B,2.05
364,42.494,LYS, ,CE,68.34,9.17,12.875,0.31,1.0,<Residue LYS het=  resseq=479 icode= >,1s32_A_B,2.05
365,45.6,LYS, ,NZ,71.16,7.99,33.269,-0.04,1.0,<Residue LYS het=  resseq=479 icode= >,1s32_A_B,2.05
366,2.008,THR, ,N,57.45,11.22,0.0,2.45,1.0,<Residue THR het=  resseq=480 icode= >,1s32_A_B,2.05
367,0.0,THR, ,CA,57.42,10.42,0.0,2.78,1.0,<Residue THR het=  resseq=480 icode= >,1s32_A_B,2.05
368,0.0,THR, ,C,57.1,8.92,0.0,4.33,1.0,<Residue THR het=  resseq=480 icode= >,1s32_A_B,2.05
369,6.813,THR, ,O,57.62,8.45,0.0,3.45,1.0,<Residue THR het=  resseq=480 icode= >,1s32_A_B,2.05
370,8.858,THR, ,CB,58.33,10.81,0.0,2.29,1.0,<Residue THR het=  resseq=480 icode= >,1s32_A_B,2.05
371,29.19,THR, ,OG1,58.92,10.61,0.0,1.79,1.0,<Residue THR het=  resseq=480 icode= >,1s32_A_B,2.05
372,41.406,THR, ,CG2,57.83,12.31,0.0,0.91,1.0,<Residue THR het=  resseq=480 icode= >,1s32_A_B,2.05
373,2.393,ASP, ,N,58.75,8.33,0.0,2.55,1.0,<Residue ASP het=  resseq=481 icode= >,1s32_A_B,2.05
374,11.212,ASP, ,CA,59.96,6.91,0.0,1.95,1.0,<Residue ASP het=  resseq=481 icode= >,1s32_A_B,2.05
375,0.382,ASP, ,C,58.95,6.45,0.0,3.07,1.0,<Residue ASP het=  resseq=481 icode= >,1s32_A_B,2.05
376,13.378,ASP, ,O,59.37,5.40,11.556,2.03,1.0,<Residue ASP het=  resseq=481 icode= >,1s32_A_B,2.05
377,24.237,ASP, ,CB,62.36,6.24,0.09,1.32,1.0,<Residue ASP het=  resseq=481 icode= >,1s32_A_B,2.05
378,9.466,ASP, ,CG,66.46,4.83,1.13,2.12,1.0,<Residue ASP het=  resseq=481 icode= >,1s32_A_B,2.05
379,34.233,ASP, ,OD1,67.2,4.71,2.996,2.13,1.0,<Residue ASP het=  resseq=481 icode= >,1s32_A_B,2.05
380,39.606,ASP, ,OD2,69.28,4.15,26.825,0.94,1.0,<Residue ASP het=  resseq=481 icode= >,1s32_A_B,2.05
381,2.389,LEU, ,N,56.25,7.26,0.0,3.21,1.0,<Residue LEU het=  resseq=482 icode= >,1s32_A_B,2.05
382,0.035,LEU, ,CA,54.02,6.55,0.035,3.41,1.0,<Residue LEU het=  resseq=482 icode= >,1s32_A_B,2.05
383,0.0,LEU, ,C,53.06,5.03,0.0,4.68,1.0,<Residue LEU het=  resseq=482 icode= >,1s32_A_B,2.05
384,17.736,LEU, ,O,52.27,4.55,0.061,3.29,1.0,<Residue LEU het=  resseq=482 icode= >,1s32_A_B,2.05
385,4.615,LEU, ,CB,53.9,7.12,0.121,2.39,1.0,<Residue LEU het=  resseq=482 icode= >,1s32_A_B,2.05
386,0.0,LEU, ,CG,53.86,8.47,0.0,2.67,1.0,<Residue LEU het=  resseq=482 icode= >,1s32_A_B,2.05
387,17.787,LEU, ,CD1,55.03,9.19,17.787,0.67,1.0,<Residue LEU het=  resseq=482 icode= >,1s32_A_B,2.05
388,36.375,LEU, ,CD2,52.18,7.22,35.573,1.56,1.0,<Residue LEU het=  resseq=482 icode= >,1s32_A_B,2.05
389,4.156,ARG, ,N,52.87,4.58,4.156,3.65,1.0,<Residue ARG het=  resseq=483 icode= >,1s32_A_B,2.05
390,0.835,ARG, ,CA,53.3,3.25,0.835,3.60,1.0,<Residue ARG het=  resseq=483 icode= >,1s32_A_B,2.05
391,1.474,ARG, ,C,52.3,3.57,1.474,4.24,1.0,<Residue ARG het=  resseq=483 icode= >,1s32_A_B,2.05
392,17.663,ARG, ,O,51.58,4.80,17.663,2.92,1.0,<Residue ARG het=  resseq=483 icode= >,1s32_A_B,2.05
393,21.961,ARG, ,CB,55.91,3.50,21.961,2.42,1.0,<Residue ARG het=  resseq=483 icode= >,1s32_A_B,2.05
394,15.595,ARG, ,CG,59.29,3.98,9.865,2.17,1.0,<Residue ARG het=  resseq=483 icode= >,1s32_A_B,2.05
395,30.753,ARG, ,CD,62.12,3.66,29.976,2.81,1.0,<Residue ARG het=  resseq=483 icode= >,1s32_A_B,2.05
396,17.786,ARG, ,NE,67.52,3.68,12.191,2.22,1.0,<Residue ARG het=  resseq=483 icode= >,1s32_A_B,2.05
397,7.383,ARG, ,CZ,68.48,3.68,7.383,2.42,1.0,<Residue ARG het=  resseq=483 icode= >,1s32_A_B,2.05
398,49.009,ARG, ,NH1,69.35,3.72,42.528,1.69,1.0,<Residue ARG het=  resseq=483 icode= >,1s32_A_B,2.05
399,59.261,ARG, ,NH2,70.48,3.70,41.34,0.74,1.0,<Residue ARG het=  resseq=483 icode= >,1s32_A_B,2.05
400,1.104,PHE, ,N,50.09,2.94,1.104,3.56,1.0,<Residue PHE het=  resseq=484 icode= >,1s32_A_B,2.05
401,2.772,PHE, ,CA,49.25,4.05,2.772,3.45,1.0,<Residue PHE het=  resseq=484 icode= >,1s32_A_B,2.05
402,3.202,PHE, ,C,49.05,4.28,3.202,4.29,1.0,<Residue PHE het=  resseq=484 icode= >,1s32_A_B,2.05
403,17.301,PHE, ,O,48.78,3.24,16.805,2.81,1.0,<Residue PHE het=  resseq=484 icode= >,1s32_A_B,2.05
404,0.0,PHE, ,CB,47.76,4.39,0.0,2.37,1.0,<Residue PHE het=  resseq=484 icode= >,1s32_A_B,2.05
405,0.0,PHE, ,CG,48.13,5.27,0.0,2.84,1.0,<Residue PHE het=  resseq=484 icode= >,1s32_A_B,2.05
406,0.078,PHE, ,CD1,46.88,5.07,0.0,2.68,1.0,<Residue PHE het=  resseq=484 icode= >,1s32_A_B,2.05
407,4.758,PHE, ,CD2,47.66,6.64,4.758,2.09,1.0,<Residue PHE het=  resseq=484 icode= >,1s32_A_B,2.05
408,1.752,PHE, ,CE1,45.81,6.30,0.0,2.75,1.0,<Residue PHE het=  resseq=484 icode= >,1s32_A_B,2.05
409,17.179,PHE, ,CE2,47.02,7.63,16.484,2.06,1.0,<Residue PHE het=  resseq=484 icode= >,1s32_A_B,2.05
410,6.161,PHE, ,CZ,45.41,7.48,6.161,2.61,1.0,<Residue PHE het=  resseq=484 icode= >,1s32_A_B,2.05
411,3.559,GLN, ,N,46.61,4.36,3.559,3.96,1.0,<Residue GLN het=  resseq=485 icode= >,1s32_A_B,2.05
412,9.074,GLN, ,CA,46.86,3.52,9.074,3.63,1.0,<Residue GLN het=  resseq=485 icode= >,1s32_A_B,2.05
413,0.0,GLN, ,C,47.08,3.92,0.0,4.38,1.0,<Residue GLN het=  resseq=485 icode= >,1s32_A_B,2.05
414,0.0,GLN, ,O,44.82,5.11,0.0,3.56,1.0,<Residue GLN het=  resseq=485 icode= >,1s32_A_B,2.05
415,4.946,GLN, ,CB,47.05,3.61,4.093,3.45,1.0,<Residue GLN het=  resseq=485 icode= >,1s32_A_B,2.05
416,29.163,GLN, ,CG,48.67,3.46,28.429,3.19,1.0,<Residue GLN het=  resseq=485 icode= >,1s32_A_B,2.05
417,8.56,GLN, ,CD,51.67,4.07,6.127,3.95,1.0,<Residue GLN het=  resseq=485 icode= >,1s32_A_B,2.05
418,24.436,GLN, ,OE1,49.98,5.01,17.889,3.59,1.0,<Residue GLN het=  resseq=485 icode= >,1s32_A_B,2.05
419,58.818,GLN, ,NE2,51.91,4.03,37.187,1.76,1.0,<Residue GLN het=  resseq=485 icode= >,1s32_A_B,2.05
420,7.757,SER, ,N,47.3,3.03,7.476,2.73,1.0,<Residue SER het=  resseq=486 icode= >,1s32_A_B,2.05
421,3.696,SER, ,CA,46.71,3.92,0.0,3.22,1.0,<Residue SER het=  resseq=486 icode= >,1s32_A_B,2.05
422,0.0,SER, ,C,44.9,4.88,0.0,4.97,1.0,<Residue SER het=  resseq=486 icode= >,1s32_A_B,2.05
423,0.761,SER, ,O,45.1,6.06,0.0,3.19,1.0,<Residue SER het=  resseq=486 icode= >,1s32_A_B,2.05
424,43.658,SER, ,CB,46.95,3.65,4.705,2.90,1.0,<Residue SER het=  resseq=486 icode= >,1s32_A_B,2.05
425,26.815,SER, ,OG,51.97,3.24,7.166,2.00,1.0,<Residue SER het=  resseq=486 icode= >,1s32_A_B,2.05
426,0.163,SER, ,N,43.8,4.68,0.0,3.98,1.0,<Residue SER het=  resseq=487 icode= >,1s32_A_B,2.05
427,0.0,SER, ,CA,45.55,5.97,0.0,3.60,1.0,<Residue SER het=  resseq=487 icode= >,1s32_A_B,2.05
428,1.232,SER, ,C,43.88,6.97,1.232,4.51,1.0,<Residue SER het=  resseq=487 icode= >,1s32_A_B,2.05
429,4.286,SER, ,O,41.74,8.17,4.286,3.90,1.0,<Residue SER het=  resseq=487 icode= >,1s32_A_B,2.05
430,38.911,SER, ,CB,44.63,6.08,14.466,3.38,1.0,<Residue SER het=  resseq=487 icode= >,1s32_A_B,2.05
431,14.587,SER, ,OG,52.29,5.59,5.25,2.04,1.0,<Residue SER het=  resseq=487 icode= >,1s32_A_B,2.05
432,0.156,ALA, ,N,41.59,6.70,0.156,3.22,1.0,<Residue ALA het=  resseq=488 icode= >,1s32_A_B,2.05
433,8.649,ALA, ,CA,40.8,7.90,8.649,3.50,1.0,<Residue ALA het=  resseq=488 icode= >,1s32_A_B,2.05
434,0.0,ALA, ,C,41.43,8.66,0.0,4.54,1.0,<Residue ALA het=  resseq=488 icode= >,1s32_A_B,2.05
435,1.792,ALA, ,O,40.38,9.88,1.792,3.86,1.0,<Residue ALA het=  resseq=488 icode= >,1s32_A_B,2.05
436,27.678,ALA, ,CB,38.97,7.80,27.678,1.99,1.0,<Residue ALA het=  resseq=488 icode= >,1s32_A_B,2.05
437,0.0,VAL, ,N,40.41,8.11,0.0,3.88,1.0,<Residue VAL het=  resseq=489 icode= >,1s32_A_B,2.05
438,0.0,VAL, ,CA,40.97,8.77,0.0,3.65,1.0,<Residue VAL het=  resseq=489 icode= >,1s32_A_B,2.05
439,0.0,VAL, ,C,41.68,9.76,0.0,4.57,1.0,<Residue VAL het=  resseq=489 icode= >,1s32_A_B,2.05
440,0.0,VAL, ,O,41.08,10.92,0.0,3.92,1.0,<Residue VAL het=  resseq=489 icode= >,1s32_A_B,2.05
441,1.15,VAL, ,CB,41.51,7.64,0.0,3.55,1.0,<Residue VAL het=  resseq=489 icode= >,1s32_A_B,2.05
442,8.016,VAL, ,CG1,40.39,8.39,0.0,2.05,1.0,<Residue VAL het=  resseq=489 icode= >,1s32_A_B,2.05
443,0.291,VAL, ,CG2,40.2,6.57,0.0,2.27,1.0,<Residue VAL het=  resseq=489 icode= >,1s32_A_B,2.05
444,0.0,MET,x,N,41.03,9.12,0.0,3.85,0.5,<Residue MET het=  resseq=490 icode= >,1s32_A_B,2.05
445,0.569,MET,x,CA,41.42,10.00,0.0,3.93,0.5,<Residue MET het=  resseq=490 icode= >,1s32_A_B,2.05
446,0.094,MET,x,C,40.79,11.03,0.094,5.16,0.5,<Residue MET het=  resseq=490 icode= >,1s32_A_B,2.05
447,0.0,MET,x,O,41.06,12.22,0.0,3.65,0.5,<Residue MET het=  resseq=490 icode= >,1s32_A_B,2.05
448,6.731,MET,x,CB,42.48,9.38,5.828,2.41,0.5,<Residue MET het=  resseq=490 icode= >,1s32_A_B,2.05
449,12.956,MET,x,CG,44.04,8.79,0.0,1.55,0.5,<Residue MET het=  resseq=490 icode= >,1s32_A_B,2.05
450,37.018,MET,x,SD,49.29,8.90,1.619,1.83,0.5,<Residue MET het=  resseq=490 icode= >,1s32_A_B,2.05
451,40.593,MET,x,CE,44.76,7.69,7.797,1.23,0.5,<Residue MET het=  resseq=490 icode= >,1s32_A_B,2.05
452,0.389,ALA, ,N,40.59,10.71,0.389,3.34,1.0,<Residue ALA het=  resseq=491 icode= >,1s32_A_B,2.05
453,7.728,ALA, ,CA,39.15,11.82,7.728,3.54,1.0,<Residue ALA het=  resseq=491 icode= >,1s32_A_B,2.05
454,1.419,ALA, ,C,39.78,12.83,1.419,4.15,1.0,<Residue ALA het=  resseq=491 icode= >,1s32_A_B,2.05
455,3.124,ALA, ,O,38.33,14.03,3.124,3.43,1.0,<Residue ALA het=  resseq=491 icode= >,1s32_A_B,2.05
456,47.999,ALA, ,CB,38.41,11.46,47.999,2.60,1.0,<Residue ALA het=  resseq=491 icode= >,1s32_A_B,2.05
457,0.0,LEU, ,N,39.81,12.44,0.0,2.97,1.0,<Residue LEU het=  resseq=492 icode= >,1s32_A_B,2.05
458,0.176,LEU, ,CA,39.75,13.49,0.176,3.57,1.0,<Residue LEU het=  resseq=492 icode= >,1s32_A_B,2.05
459,0.0,LEU, ,C,39.04,13.74,0.0,5.15,1.0,<Residue LEU het=  resseq=492 icode= >,1s32_A_B,2.05
460,0.381,LEU, ,O,39.27,14.21,0.278,3.96,1.0,<Residue LEU het=  resseq=492 icode= >,1s32_A_B,2.05
461,0.0,LEU, ,CB,36.9,12.50,0.0,3.03,1.0,<Residue LEU het=  resseq=492 icode= >,1s32_A_B,2.05
462,7.118,LEU, ,CG,42.88,12.49,7.118,2.75,1.0,<Residue LEU het=  resseq=492 icode= >,1s32_A_B,2.05
463,56.284,LEU, ,CD1,38.2,13.44,55.811,1.84,1.0,<Residue LEU het=  resseq=492 icode= >,1s32_A_B,2.05
464,13.451,LEU, ,CD2,36.79,11.05,13.079,1.83,1.0,<Residue LEU het=  resseq=492 icode= >,1s32_A_B,2.05
465,0.0,GLN, ,N,38.09,12.54,0.0,4.36,1.0,<Residue GLN het=  resseq=493 icode= >,1s32_A_B,2.05
466,0.0,GLN, ,CA,39.34,11.67,0.0,3.84,1.0,<Residue GLN het=  resseq=493 icode= >,1s32_A_B,2.05
467,0.0,GLN, ,C,36.92,12.25,0.0,5.59,1.0,<Residue GLN het=  resseq=493 icode= >,1s32_A_B,2.05
468,0.0,GLN, ,O,36.79,12.32,0.0,4.76,1.0,<Residue GLN het=  resseq=493 icode= >,1s32_A_B,2.05
469,0.0,GLN, ,CB,40.21,10.19,0.0,2.50,1.0,<Residue GLN het=  resseq=493 icode= >,1s32_A_B,2.05
470,0.0,GLN, ,CG,42.17,9.32,0.0,3.20,1.0,<Residue GLN het=  resseq=493 icode= >,1s32_A_B,2.05
471,0.0,GLN, ,CD,46.67,7.81,0.0,4.02,1.0,<Residue GLN het=  resseq=493 icode= >,1s32_A_B,2.05
472,3.978,GLN, ,OE1,44.53,7.41,0.0,3.43,1.0,<Residue GLN het=  resseq=493 icode= >,1s32_A_B,2.05
473,0.0,GLN, ,NE2,43.38,7.16,0.0,2.84,1.0,<Residue GLN het=  resseq=493 icode= >,1s32_A_B,2.05
474,0.0,GLU, ,N,36.93,12.85,0.0,4.95,1.0,<Residue GLU het=  resseq=494 icode= >,1s32_A_B,2.05
475,0.329,GLU, ,CA,37.48,13.64,0.0,4.76,1.0,<Residue GLU het=  resseq=494 icode= >,1s32_A_B,2.05
476,1.443,GLU, ,C,37.29,14.81,1.443,5.30,1.0,<Residue GLU het=  resseq=494 icode= >,1s32_A_B,2.05
477,2.366,GLU, ,O,34.99,15.19,0.601,4.75,1.0,<Residue GLU het=  resseq=494 icode= >,1s32_A_B,2.05
478,14.718,GLU, ,CB,40.43,14.30,14.718,3.09,1.0,<Residue GLU het=  resseq=494 icode= >,1s32_A_B,2.05
479,16.77,GLU, ,CG,45.94,13.52,15.28,2.24,1.0,<Residue GLU het=  resseq=494 icode= >,1s32_A_B,2.05
480,7.393,GLU, ,CD,48.69,13.48,7.088,3.53,1.0,<Residue GLU het=  resseq=494 icode= >,1s32_A_B,2.05
481,22.099,GLU, ,OE1,51.21,12.64,18.476,2.05,1.0,<Residue GLU het=  resseq=494 icode= >,1s32_A_B,2.05
482,32.622,GLU, ,OE2,49.78,14.41,23.87,3.05,1.0,<Residue GLU het=  resseq=494 icode= >,1s32_A_B,2.05
483,0.696,ALA, ,N,34.38,15.50,0.696,4.74,1.0,<Residue ALA het=  resseq=495 icode= >,1s32_A_B,2.05
484,7.813,ALA, ,CA,34.0,16.70,7.077,4.59,1.0,<Residue ALA het=  resseq=495 icode= >,1s32_A_B,2.05
485,1.219,ALA, ,C,36.07,16.48,1.219,5.25,1.0,<Residue ALA het=  resseq=495 icode= >,1s32_A_B,2.05
486,3.334,ALA, ,O,33.42,17.28,1.052,4.60,1.0,<Residue ALA het=  resseq=495 icode= >,1s32_A_B,2.05
487,50.436,ALA, ,CB,34.26,17.44,45.28,2.67,1.0,<Residue ALA het=  resseq=495 icode= >,1s32_A_B,2.05
488,0.207,SER, ,N,34.34,15.48,0.207,4.54,1.0,<Residue SER het=  resseq=496 icode= >,1s32_A_B,2.05
489,5.697,SER, ,CA,35.62,15.37,5.697,4.10,1.0,<Residue SER het=  resseq=496 icode= >,1s32_A_B,2.05
490,0.0,SER, ,C,34.88,15.10,0.0,5.91,1.0,<Residue SER het=  resseq=496 icode= >,1s32_A_B,2.05
491,0.0,SER, ,O,34.5,15.58,0.0,4.61,1.0,<Residue SER het=  resseq=496 icode= >,1s32_A_B,2.05
492,10.819,SER, ,CB,36.65,14.40,10.819,4.00,1.0,<Residue SER het=  resseq=496 icode= >,1s32_A_B,2.05
493,21.045,SER, ,OG,38.1,14.93,21.045,3.07,1.0,<Residue SER het=  resseq=496 icode= >,1s32_A_B,2.05
494,0.0,GLU, ,N,34.12,14.20,0.0,5.03,1.0,<Residue GLU het=  resseq=497 icode= >,1s32_A_B,2.05
495,1.591,GLU, ,CA,34.68,14.06,1.591,4.17,1.0,<Residue GLU het=  resseq=497 icode= >,1s32_A_B,2.05
496,0.384,GLU, ,C,34.51,15.11,0.0,5.73,1.0,<Residue GLU het=  resseq=497 icode= >,1s32_A_B,2.05
497,0.0,GLU, ,O,34.78,15.02,0.0,4.55,1.0,<Residue GLU het=  resseq=497 icode= >,1s32_A_B,2.05
498,7.476,GLU, ,CB,35.76,12.88,1.209,3.12,1.0,<Residue GLU het=  resseq=497 icode= >,1s32_A_B,2.05
499,2.933,GLU, ,CG,42.26,11.57,2.933,2.12,1.0,<Residue GLU het=  resseq=497 icode= >,1s32_A_B,2.05
500,0.276,GLU, ,CD,46.38,10.43,0.276,3.56,1.0,<Residue GLU het=  resseq=497 icode= >,1s32_A_B,2.05
501,3.739,GLU, ,OE1,47.23,10.80,3.402,2.26,1.0,<Residue GLU het=  resseq=497 icode= >,1s32_A_B,2.05
502,0.0,GLU, ,OE2,47.58,9.25,0.0,2.36,1.0,<Residue GLU het=  resseq=497 icode= >,1s32_A_B,2.05
503,0.983,ALA, ,N,33.6,16.01,0.0,4.96,1.0,<Residue ALA het=  resseq=498 icode= >,1s32_A_B,2.05
504,8.858,ALA, ,CA,33.84,17.32,0.0,4.29,1.0,<Residue ALA het=  resseq=498 icode= >,1s32_A_B,2.05
505,1.428,ALA, ,C,33.23,17.95,0.0,6.11,1.0,<Residue ALA het=  resseq=498 icode= >,1s32_A_B,2.05
506,4.403,ALA, ,O,33.08,18.42,0.0,5.11,1.0,<Residue ALA het=  resseq=498 icode= >,1s32_A_B,2.05
507,49.07,ALA, ,CB,32.68,17.86,28.397,2.33,1.0,<Residue ALA het=  resseq=498 icode= >,1s32_A_B,2.05
508,0.584,TYR, ,N,32.91,18.05,0.0,4.53,1.0,<Residue TYR het=  resseq=499 icode= >,1s32_A_B,2.05
509,7.243,TYR, ,CA,32.49,18.73,0.0,4.64,1.0,<Residue TYR het=  resseq=499 icode= >,1s32_A_B,2.05
510,0.0,TYR, ,C,32.51,17.98,0.0,6.11,1.0,<Residue TYR het=  resseq=499 icode= >,1s32_A_B,2.05
511,0.035,TYR, ,O,33.1,18.62,0.0,5.30,1.0,<Residue TYR het=  resseq=499 icode= >,1s32_A_B,2.05
512,13.343,TYR, ,CB,34.12,19.02,8.698,3.95,1.0,<Residue TYR het=  resseq=499 icode= >,1s32_A_B,2.05
513,2.293,TYR, ,CG,33.96,19.50,2.293,4.93,1.0,<Residue TYR het=  resseq=499 icode= >,1s32_A_B,2.05
514,19.545,TYR, ,CD1,32.78,20.83,7.038,3.71,1.0,<Residue TYR het=  resseq=499 icode= >,1s32_A_B,2.05
515,8.602,TYR, ,CD2,32.93,18.71,8.602,3.36,1.0,<Residue TYR het=  resseq=499 icode= >,1s32_A_B,2.05
516,9.3,TYR, ,CE1,33.93,21.38,3.663,3.70,1.0,<Residue TYR het=  resseq=499 icode= >,1s32_A_B,2.05
517,16.307,TYR, ,CE2,33.02,19.30,16.307,3.47,1.0,<Residue TYR het=  resseq=499 icode= >,1s32_A_B,2.05
518,5.058,TYR, ,CZ,33.19,20.64,4.177,5.55,1.0,<Residue TYR het=  resseq=499 icode= >,1s32_A_B,2.05
519,6.646,TYR, ,OH,36.13,21.30,4.028,4.41,1.0,<Residue TYR het=  resseq=499 icode= >,1s32_A_B,2.05
520,0.0,LEU, ,N,29.93,16.69,0.0,5.34,1.0,<Residue LEU het=  resseq=500 icode= >,1s32_A_B,2.05
521,0.0,LEU, ,CA,30.41,16.02,0.0,5.27,1.0,<Residue LEU het=  resseq=500 icode= >,1s32_A_B,2.05
522,0.041,LEU, ,C,29.71,16.02,0.041,6.22,1.0,<Residue LEU het=  resseq=500 icode= >,1s32_A_B,2.05
523,0.164,LEU, ,O,28.81,15.27,0.0,5.20,1.0,<Residue LEU het=  resseq=500 icode= >,1s32_A_B,2.05
524,4.885,LEU, ,CB,30.17,14.65,4.885,4.18,1.0,<Residue LEU het=  resseq=500 icode= >,1s32_A_B,2.05
525,1.859,LEU, ,CG,35.75,14.77,1.859,3.22,1.0,<Residue LEU het=  resseq=500 icode= >,1s32_A_B,2.05
526,38.538,LEU, ,CD1,34.54,13.42,38.538,2.18,1.0,<Residue LEU het=  resseq=500 icode= >,1s32_A_B,2.05
527,26.832,LEU, ,CD2,32.66,15.68,25.107,2.51,1.0,<Residue LEU het=  resseq=500 icode= >,1s32_A_B,2.05
528,0.0,VAL, ,N,30.24,15.90,0.0,5.57,1.0,<Residue VAL het=  resseq=501 icode= >,1s32_A_B,2.05
529,0.763,VAL, ,CA,31.63,16.02,0.763,4.91,1.0,<Residue VAL het=  resseq=501 icode= >,1s32_A_B,2.05
530,0.0,VAL, ,C,33.42,16.35,0.0,5.68,1.0,<Residue VAL het=  resseq=501 icode= >,1s32_A_B,2.05
531,0.279,VAL, ,O,34.58,15.56,0.279,5.18,1.0,<Residue VAL het=  resseq=501 icode= >,1s32_A_B,2.05
532,1.883,VAL, ,CB,32.58,15.87,0.0,4.56,1.0,<Residue VAL het=  resseq=501 icode= >,1s32_A_B,2.05
533,41.222,VAL, ,CG1,33.78,16.49,39.535,2.63,1.0,<Residue VAL het=  resseq=501 icode= >,1s32_A_B,2.05
534,30.567,VAL, ,CG2,31.65,14.39,26.943,3.37,1.0,<Residue VAL het=  resseq=501 icode= >,1s32_A_B,2.05
535,0.097,ALA, ,N,34.1,17.61,0.0,4.47,1.0,<Residue ALA het=  resseq=502 icode= >,1s32_A_B,2.05
536,0.254,ALA, ,CA,34.41,18.15,0.0,3.96,1.0,<Residue ALA het=  resseq=502 icode= >,1s32_A_B,2.05
537,0.0,ALA, ,C,34.88,17.56,0.0,6.16,1.0,<Residue ALA het=  resseq=502 icode= >,1s32_A_B,2.05
538,0.32,ALA, ,O,31.92,17.45,0.0,5.89,1.0,<Residue ALA het=  resseq=502 icode= >,1s32_A_B,2.05
539,37.052,ALA, ,CB,32.73,19.65,0.0,2.50,1.0,<Residue ALA het=  resseq=502 icode= >,1s32_A_B,2.05
540,0.0,LEU, ,N,31.48,17.32,0.0,5.91,1.0,<Residue LEU het=  resseq=503 icode= >,1s32_A_B,2.05
541,0.0,LEU, ,CA,31.37,16.88,0.0,5.33,1.0,<Residue LEU het=  resseq=503 icode= >,1s32_A_B,2.05
542,0.0,LEU, ,C,31.43,15.48,0.0,6.92,1.0,<Residue LEU het=  resseq=503 icode= >,1s32_A_B,2.05
543,0.0,LEU, ,O,32.13,15.27,0.0,5.42,1.0,<Residue LEU het=  resseq=503 icode= >,1s32_A_B,2.05
544,0.106,LEU, ,CB,30.08,16.98,0.0,3.99,1.0,<Residue LEU het=  resseq=503 icode= >,1s32_A_B,2.05
545,0.0,LEU, ,CG,31.06,16.70,0.0,4.81,1.0,<Residue LEU het=  resseq=503 icode= >,1s32_A_B,2.05
546,0.0,LEU, ,CD1,29.64,17.72,0.0,3.81,1.0,<Residue LEU het=  resseq=503 icode= >,1s32_A_B,2.05
547,8.972,LEU, ,CD2,30.5,16.96,6.106,2.96,1.0,<Residue LEU het=  resseq=503 icode= >,1s32_A_B,2.05
548,0.0,PHE, ,N,31.12,14.61,0.0,5.93,1.0,<Residue PHE het=  resseq=504 icode= >,1s32_A_B,2.05
549,0.0,PHE, ,CA,31.42,13.26,0.0,5.07,1.0,<Residue PHE het=  resseq=504 icode= >,1s32_A_B,2.05
550,1.365,PHE, ,C,34.1,13.42,1.365,5.68,1.0,<Residue PHE het=  resseq=504 icode= >,1s32_A_B,2.05
551,2.169,PHE, ,O,34.49,12.71,2.169,4.62,1.0,<Residue PHE het=  resseq=504 icode= >,1s32_A_B,2.05
552,17.766,PHE, ,CB,32.51,12.46,17.766,4.26,1.0,<Residue PHE het=  resseq=504 icode= >,1s32_A_B,2.05
553,2.518,PHE, ,CG,33.23,11.85,2.403,4.70,1.0,<Residue PHE het=  resseq=504 icode= >,1s32_A_B,2.05
554,12.039,PHE, ,CD1,35.78,12.19,11.929,3.38,1.0,<Residue PHE het=  resseq=504 icode= >,1s32_A_B,2.05
555,2.426,PHE, ,CD2,34.95,11.17,2.229,3.85,1.0,<Residue PHE het=  resseq=504 icode= >,1s32_A_B,2.05
556,21.973,PHE, ,CE1,36.31,11.90,21.714,3.68,1.0,<Residue PHE het=  resseq=504 icode= >,1s32_A_B,2.05
557,5.706,PHE, ,CE2,35.94,10.85,5.126,3.98,1.0,<Residue PHE het=  resseq=504 icode= >,1s32_A_B,2.05
558,32.906,PHE, ,CZ,36.17,11.24,31.648,4.43,1.0,<Residue PHE het=  resseq=504 icode= >,1s32_A_B,2.05
559,0.158,GLU, ,N,33.27,14.50,0.158,5.63,1.0,<Residue GLU het=  resseq=505 icode= >,1s32_A_B,2.05
560,5.788,GLU, ,CA,36.25,14.96,4.46,4.78,1.0,<Residue GLU het=  resseq=505 icode= >,1s32_A_B,2.05
561,0.0,GLU, ,C,36.42,14.69,0.0,5.46,1.0,<Residue GLU het=  resseq=505 icode= >,1s32_A_B,2.05
562,0.946,GLU, ,O,38.17,13.81,0.0,4.40,1.0,<Residue GLU het=  resseq=505 icode= >,1s32_A_B,2.05
563,11.707,GLU, ,CB,38.66,16.24,0.218,3.74,1.0,<Residue GLU het=  resseq=505 icode= >,1s32_A_B,2.05
564,19.451,GLU, ,CG,43.1,16.19,14.278,2.19,1.0,<Residue GLU het=  resseq=505 icode= >,1s32_A_B,2.05
565,8.049,GLU, ,CD,47.88,17.62,0.0,3.65,1.0,<Residue GLU het=  resseq=505 icode= >,1s32_A_B,2.05
566,26.316,GLU, ,OE1,49.2,18.59,0.0,3.15,1.0,<Residue GLU het=  resseq=505 icode= >,1s32_A_B,2.05
567,29.223,GLU, ,OE2,47.36,17.85,16.315,3.20,1.0,<Residue GLU het=  resseq=505 icode= >,1s32_A_B,2.05
568,0.0,ASP, ,N,35.09,15.44,0.0,4.61,1.0,<Residue ASP het=  resseq=506 icode= >,1s32_A_B,2.05
569,0.656,ASP, ,CA,34.36,15.28,0.656,5.16,1.0,<Residue ASP het=  resseq=506 icode= >,1s32_A_B,2.05
570,0.0,ASP, ,C,34.89,13.96,0.0,6.24,1.0,<Residue ASP het=  resseq=506 icode= >,1s32_A_B,2.05
571,0.46,ASP, ,O,33.01,13.43,0.46,4.85,1.0,<Residue ASP het=  resseq=506 icode= >,1s32_A_B,2.05
572,5.914,ASP, ,CB,36.09,16.43,5.914,3.07,1.0,<Residue ASP het=  resseq=506 icode= >,1s32_A_B,2.05
573,8.089,ASP, ,CG,39.99,17.78,7.901,3.91,1.0,<Residue ASP het=  resseq=506 icode= >,1s32_A_B,2.05
574,19.121,ASP, ,OD1,42.38,17.87,2.158,3.22,1.0,<Residue ASP het=  resseq=506 icode= >,1s32_A_B,2.05
575,11.158,ASP, ,OD2,40.45,18.81,7.539,3.00,1.0,<Residue ASP het=  resseq=506 icode= >,1s32_A_B,2.05
576,0.0,THR, ,N,32.02,13.57,0.0,5.54,1.0,<Residue THR het=  resseq=507 icode= >,1s32_A_B,2.05
577,0.0,THR, ,CA,33.68,12.40,0.0,4.38,1.0,<Residue THR het=  resseq=507 icode= >,1s32_A_B,2.05
578,0.0,THR, ,C,33.5,11.12,0.0,6.51,1.0,<Residue THR het=  resseq=507 icode= >,1s32_A_B,2.05
579,0.0,THR, ,O,34.1,10.25,0.0,5.18,1.0,<Residue THR het=  resseq=507 icode= >,1s32_A_B,2.05
580,0.0,THR, ,CB,36.1,12.46,0.0,3.91,1.0,<Residue THR het=  resseq=507 icode= >,1s32_A_B,2.05
581,0.0,THR, ,OG1,31.65,13.73,0.0,4.37,1.0,<Residue THR het=  resseq=507 icode= >,1s32_A_B,2.05
582,0.0,THR, ,CG2,30.32,11.32,0.0,3.59,1.0,<Residue THR het=  resseq=507 icode= >,1s32_A_B,2.05
583,0.0,ASN, ,N,33.88,11.19,0.0,4.75,1.0,<Residue ASN het=  resseq=508 icode= >,1s32_A_B,2.05
584,0.0,ASN, ,CA,33.31,10.23,0.0,5.03,1.0,<Residue ASN het=  resseq=508 icode= >,1s32_A_B,2.05
585,0.0,ASN, ,C,33.37,10.31,0.0,6.32,1.0,<Residue ASN het=  resseq=508 icode= >,1s32_A_B,2.05
586,0.0,ASN, ,O,31.52,9.38,0.0,5.25,1.0,<Residue ASN het=  resseq=508 icode= >,1s32_A_B,2.05
587,5.425,ASN, ,CB,33.73,10.78,3.894,3.92,1.0,<Residue ASN het=  resseq=508 icode= >,1s32_A_B,2.05
588,4.839,ASN, ,CG,37.87,9.84,4.839,5.62,1.0,<Residue ASN het=  resseq=508 icode= >,1s32_A_B,2.05
589,8.289,ASN, ,OD1,39.19,8.66,8.289,4.34,1.0,<Residue ASN het=  resseq=508 icode= >,1s32_A_B,2.05
590,46.746,ASN, ,ND2,37.26,10.48,44.806,3.64,1.0,<Residue ASN het=  resseq=508 icode= >,1s32_A_B,2.05
591,0.0,LEU, ,N,31.14,11.55,0.0,5.46,1.0,<Residue LEU het=  resseq=509 icode= >,1s32_A_B,2.05
592,0.026,LEU, ,CA,32.45,11.94,0.0,4.93,1.0,<Residue LEU het=  resseq=509 icode= >,1s32_A_B,2.05
593,1.305,LEU, ,C,33.32,11.41,1.305,5.96,1.0,<Residue LEU het=  resseq=509 icode= >,1s32_A_B,2.05
594,4.972,LEU, ,O,30.57,11.20,1.784,5.53,1.0,<Residue LEU het=  resseq=509 icode= >,1s32_A_B,2.05
595,12.898,LEU, ,CB,31.22,13.47,12.193,3.88,1.0,<Residue LEU het=  resseq=509 icode= >,1s32_A_B,2.05
596,1.853,LEU, ,CG,34.86,14.24,0.0,3.76,1.0,<Residue LEU het=  resseq=509 icode= >,1s32_A_B,2.05
597,50.869,LEU, ,CD1,34.27,15.73,11.272,2.10,1.0,<Residue LEU het=  resseq=509 icode= >,1s32_A_B,2.05
598,48.738,LEU, ,CD2,32.48,13.97,25.779,2.75,1.0,<Residue LEU het=  resseq=509 icode= >,1s32_A_B,2.05
599,0.0,CYS, ,N,32.69,11.38,0.0,5.13,1.0,<Residue CYS het=  resseq=510 icode= >,1s32_A_B,2.05
600,1.312,CYS, ,CA,33.3,11.13,1.312,4.13,1.0,<Residue CYS het=  resseq=510 icode= >,1s32_A_B,2.05
601,0.0,CYS, ,C,34.07,9.68,0.0,5.88,1.0,<Residue CYS het=  resseq=510 icode= >,1s32_A_B,2.05
602,3.083,CYS, ,O,33.48,9.55,3.083,5.16,1.0,<Residue CYS het=  resseq=510 icode= >,1s32_A_B,2.05
603,0.325,CYS, ,CB,33.94,11.73,0.325,3.12,1.0,<Residue CYS het=  resseq=510 icode= >,1s32_A_B,2.05
604,16.138,CYS, ,SG,34.2,13.52,16.138,8.30,1.0,<Residue CYS het=  resseq=510 icode= >,1s32_A_B,2.05
605,0.0,ALA, ,N,34.91,8.74,0.0,4.92,1.0,<Residue ALA het=  resseq=511 icode= >,1s32_A_B,2.05
606,0.0,ALA, ,CA,35.24,7.31,0.0,4.73,1.0,<Residue ALA het=  resseq=511 icode= >,1s32_A_B,2.05
607,0.0,ALA, ,C,34.76,7.11,0.0,6.31,1.0,<Residue ALA het=  resseq=511 icode= >,1s32_A_B,2.05
608,0.0,ALA, ,O,36.0,6.66,0.0,4.94,1.0,<Residue ALA het=  resseq=511 icode= >,1s32_A_B,2.05
609,0.0,ALA, ,CB,34.49,6.58,0.0,3.02,1.0,<Residue ALA het=  resseq=511 icode= >,1s32_A_B,2.05
610,0.0,ILE, ,N,34.12,7.79,0.0,5.29,1.0,<Residue ILE het=  resseq=512 icode= >,1s32_A_B,2.05
611,0.0,ILE, ,CA,35.63,8.08,0.0,4.78,1.0,<Residue ILE het=  resseq=512 icode= >,1s32_A_B,2.05
612,0.0,ILE, ,C,37.86,8.94,0.0,5.86,1.0,<Residue ILE het=  resseq=512 icode= >,1s32_A_B,2.05
613,6.685,ILE, ,O,37.6,8.87,0.0,4.77,1.0,<Residue ILE het=  resseq=512 icode= >,1s32_A_B,2.05
614,0.308,ILE, ,CB,36.28,9.00,0.0,4.03,1.0,<Residue ILE het=  resseq=512 icode= >,1s32_A_B,2.05
615,3.248,ILE, ,CG1,33.8,8.41,3.248,4.27,1.0,<Residue ILE het=  resseq=512 icode= >,1s32_A_B,2.05
616,49.123,ILE, ,CG2,37.4,9.71,15.112,2.48,1.0,<Residue ILE het=  resseq=512 icode= >,1s32_A_B,2.05
617,36.483,ILE, ,CD1,35.98,9.57,36.004,2.12,1.0,<Residue ILE het=  resseq=512 icode= >,1s32_A_B,2.05
618,0.184,HIS, ,N,37.33,9.76,0.0,5.14,1.0,<Residue HIS het=  resseq=513 icode= >,1s32_A_B,2.05
619,8.716,HIS, ,CA,35.81,10.46,0.0,4.99,1.0,<Residue HIS het=  resseq=513 icode= >,1s32_A_B,2.05
620,0.0,HIS, ,C,37.84,9.50,0.0,5.50,1.0,<Residue HIS het=  resseq=513 icode= >,1s32_A_B,2.05
621,15.932,HIS, ,O,38.13,8.27,8.08,4.12,1.0,<Residue HIS het=  resseq=513 icode= >,1s32_A_B,2.05
622,6.548,HIS, ,CB,32.23,10.96,5.418,4.13,1.0,<Residue HIS het=  resseq=513 icode= >,1s32_A_B,2.05
623,1.869,HIS, ,CG,33.05,10.04,1.869,5.52,1.0,<Residue HIS het=  resseq=513 icode= >,1s32_A_B,2.05
624,21.598,HIS, ,ND1,32.62,9.62,13.806,4.70,1.0,<Residue HIS het=  resseq=513 icode= >,1s32_A_B,2.05
625,23.899,HIS, ,CD2,32.82,9.75,23.899,4.12,1.0,<Residue HIS het=  resseq=513 icode= >,1s32_A_B,2.05
626,43.434,HIS, ,CE1,32.88,9.08,43.405,4.77,1.0,<Residue HIS het=  resseq=513 icode= >,1s32_A_B,2.05
627,31.482,HIS, ,NE2,33.44,9.14,31.482,4.73,1.0,<Residue HIS het=  resseq=513 icode= >,1s32_A_B,2.05
628,0.0,ALA, ,N,37.27,8.72,0.0,5.14,1.0,<Residue ALA het=  resseq=514 icode= >,1s32_A_B,2.05
629,10.018,ALA, ,CA,38.21,7.53,8.799,4.55,1.0,<Residue ALA het=  resseq=514 icode= >,1s32_A_B,2.05
630,0.89,ALA, ,C,39.45,7.01,0.0,5.63,1.0,<Residue ALA het=  resseq=514 icode= >,1s32_A_B,2.05
631,14.695,ALA, ,O,39.62,5.96,0.0,4.89,1.0,<Residue ALA het=  resseq=514 icode= >,1s32_A_B,2.05
632,28.702,ALA, ,CB,38.01,6.63,23.0,2.97,1.0,<Residue ALA het=  resseq=514 icode= >,1s32_A_B,2.05
633,0.0,LYS, ,N,41.93,7.43,0.0,4.06,1.0,<Residue LYS het=  resseq=515 icode= >,1s32_A_B,2.05
634,6.478,LYS, ,CA,45.61,6.49,0.0,3.45,1.0,<Residue LYS het=  resseq=515 icode= >,1s32_A_B,2.05
635,3.451,LYS, ,C,44.7,4.99,0.0,5.13,1.0,<Residue LYS het=  resseq=515 icode= >,1s32_A_B,2.05
636,25.178,LYS, ,O,44.73,4.21,4.247,3.99,1.0,<Residue LYS het=  resseq=515 icode= >,1s32_A_B,2.05
637,16.618,LYS, ,CB,49.33,6.95,0.0,3.01,1.0,<Residue LYS het=  resseq=515 icode= >,1s32_A_B,2.05
638,12.375,LYS, ,CG,54.95,7.57,0.0,2.56,1.0,<Residue LYS het=  resseq=515 icode= >,1s32_A_B,2.05
639,33.235,LYS, ,CD,59.52,6.39,0.0,1.34,1.0,<Residue LYS het=  resseq=515 icode= >,1s32_A_B,2.05
640,46.23,LYS, ,CE,63.22,5.48,21.013,1.12,1.0,<Residue LYS het=  resseq=515 icode= >,1s32_A_B,2.05
641,45.666,LYS, ,NZ,66.04,5.09,7.414,0.48,1.0,<Residue LYS het=  resseq=515 icode= >,1s32_A_B,2.05
642,0.0,ARG, ,N,42.73,4.88,0.0,4.42,1.0,<Residue ARG het=  resseq=516 icode= >,1s32_A_B,2.05
643,5.306,ARG, ,CA,42.11,3.65,5.306,4.37,1.0,<Residue ARG het=  resseq=516 icode= >,1s32_A_B,2.05
644,0.021,ARG, ,C,41.92,3.70,0.0,5.77,1.0,<Residue ARG het=  resseq=516 icode= >,1s32_A_B,2.05
645,1.874,ARG, ,O,40.63,4.89,0.255,4.88,1.0,<Residue ARG het=  resseq=516 icode= >,1s32_A_B,2.05
646,1.437,ARG, ,CB,40.88,3.40,1.437,3.69,1.0,<Residue ARG het=  resseq=516 icode= >,1s32_A_B,2.05
647,18.536,ARG, ,CG,41.23,4.00,13.762,3.20,1.0,<Residue ARG het=  resseq=516 icode= >,1s32_A_B,2.05
648,14.042,ARG, ,CD,39.12,3.47,14.042,3.49,1.0,<Residue ARG het=  resseq=516 icode= >,1s32_A_B,2.05
649,4.031,ARG, ,NE,39.42,3.92,1.894,3.95,1.0,<Residue ARG het=  resseq=516 icode= >,1s32_A_B,2.05
650,0.0,ARG, ,CZ,41.2,5.14,0.0,4.76,1.0,<Residue ARG het=  resseq=516 icode= >,1s32_A_B,2.05
651,0.0,ARG, ,NH1,36.61,5.62,0.0,3.45,1.0,<Residue ARG het=  resseq=516 icode= >,1s32_A_B,2.05
652,3.665,ARG, ,NH2,39.66,5.84,3.665,3.16,1.0,<Residue ARG het=  resseq=516 icode= >,1s32_A_B,2.05
653,1.281,VAL, ,N,42.18,2.85,1.281,4.29,1.0,<Residue VAL het=  resseq=517 icode= >,1s32_A_B,2.05
654,2.607,VAL, ,CA,42.19,3.74,2.607,4.00,1.0,<Residue VAL het=  resseq=517 icode= >,1s32_A_B,2.05
655,0.0,VAL, ,C,41.16,3.64,0.0,5.66,1.0,<Residue VAL het=  resseq=517 icode= >,1s32_A_B,2.05
656,22.691,VAL, ,O,43.36,4.71,22.63,4.35,1.0,<Residue VAL het=  resseq=517 icode= >,1s32_A_B,2.05
657,11.739,VAL, ,CB,43.85,4.22,11.59,3.38,1.0,<Residue VAL het=  resseq=517 icode= >,1s32_A_B,2.05
658,55.319,VAL, ,CG1,42.58,4.74,32.083,2.48,1.0,<Residue VAL het=  resseq=517 icode= >,1s32_A_B,2.05
659,47.438,VAL, ,CG2,45.14,3.47,42.06,2.07,1.0,<Residue VAL het=  resseq=517 icode= >,1s32_A_B,2.05
660,0.0,THR, ,N,39.2,2.84,0.0,5.03,1.0,<Residue THR het=  resseq=518 icode= >,1s32_A_B,2.05
661,4.301,THR, ,CA,40.43,3.56,4.301,3.75,1.0,<Residue THR het=  resseq=518 icode= >,1s32_A_B,2.05
662,0.0,THR, ,C,39.6,4.51,0.0,5.43,1.0,<Residue THR het=  resseq=518 icode= >,1s32_A_B,2.05
663,0.0,THR, ,O,38.8,4.39,0.0,4.18,1.0,<Residue THR het=  resseq=518 icode= >,1s32_A_B,2.05
664,3.919,THR, ,CB,41.09,3.11,3.919,3.95,1.0,<Residue THR het=  resseq=518 icode= >,1s32_A_B,2.05
665,25.02,THR, ,OG1,44.55,2.63,25.02,3.11,1.0,<Residue THR het=  resseq=518 icode= >,1s32_A_B,2.05
666,45.547,THR, ,CG2,39.91,4.55,44.129,2.35,1.0,<Residue THR het=  resseq=518 icode= >,1s32_A_B,2.05
667,1.975,ILE, ,N,37.88,5.78,1.975,4.63,1.0,<Residue ILE het=  resseq=519 icode= >,1s32_A_B,2.05
668,0.0,ILE, ,CA,36.79,6.88,0.0,4.59,1.0,<Residue ILE het=  resseq=519 icode= >,1s32_A_B,2.05
669,0.205,ILE, ,C,38.62,7.31,0.205,5.77,1.0,<Residue ILE het=  resseq=519 icode= >,1s32_A_B,2.05
670,13.638,ILE, ,O,38.75,6.65,13.638,4.60,1.0,<Residue ILE het=  resseq=519 icode= >,1s32_A_B,2.05
671,0.1,ILE, ,CB,36.35,8.21,0.1,3.97,1.0,<Residue ILE het=  resseq=519 icode= >,1s32_A_B,2.05
672,19.759,ILE, ,CG1,35.27,7.49,19.759,3.20,1.0,<Residue ILE het=  resseq=519 icode= >,1s32_A_B,2.05
673,5.485,ILE, ,CG2,34.9,8.31,5.485,2.82,1.0,<Residue ILE het=  resseq=519 icode= >,1s32_A_B,2.05
674,32.432,ILE, ,CD1,37.74,8.08,32.432,2.43,1.0,<Residue ILE het=  resseq=519 icode= >,1s32_A_B,2.05
675,0.0,MET, ,N,37.86,7.86,0.0,5.09,1.0,<Residue MET het=  resseq=520 icode= >,1s32_A_B,2.05
676,1.971,MET, ,CA,39.16,8.00,1.971,4.97,1.0,<Residue MET het=  resseq=520 icode= >,1s32_A_B,2.05
677,2.665,MET, ,C,39.99,9.21,2.665,5.61,1.0,<Residue MET het=  resseq=520 icode= >,1s32_A_B,2.05
678,0.0,MET, ,O,38.17,9.94,0.0,5.06,1.0,<Residue MET het=  resseq=520 icode= >,1s32_A_B,2.05
679,2.078,MET, ,CB,40.12,6.79,0.0,3.30,1.0,<Residue MET het=  resseq=520 icode= >,1s32_A_B,2.05
680,9.969,MET, ,CG,45.78,5.88,7.235,2.89,1.0,<Residue MET het=  resseq=520 icode= >,1s32_A_B,2.05
681,15.449,MET, ,SD,51.9,4.14,5.066,6.12,1.0,<Residue MET het=  resseq=520 icode= >,1s32_A_B,2.05
682,41.284,MET, ,CE,51.89,3.91,29.395,1.48,1.0,<Residue MET het=  resseq=520 icode= >,1s32_A_B,2.05
683,0.26,PRO, ,N,40.02,9.14,0.26,5.02,1.0,<Residue PRO het=  resseq=521 icode= >,1s32_A_B,2.05
684,3.283,PRO, ,CA,40.67,10.44,3.283,4.12,1.0,<Residue PRO het=  resseq=521 icode= >,1s32_A_B,2.05
685,0.0,PRO, ,C,40.68,10.51,0.0,5.34,1.0,<Residue PRO het=  resseq=521 icode= >,1s32_A_B,2.05
686,0.161,PRO, ,O,39.26,11.61,0.161,4.59,1.0,<Residue PRO het=  resseq=521 icode= >,1s32_A_B,2.05
687,23.802,PRO, ,CB,40.88,10.22,11.766,3.36,1.0,<Residue PRO het=  resseq=521 icode= >,1s32_A_B,2.05
688,44.039,PRO, ,CG,39.71,8.88,39.253,3.31,1.0,<Residue PRO het=  resseq=521 icode= >,1s32_A_B,2.05
689,25.354,PRO, ,CD,41.23,8.06,19.865,3.28,1.0,<Residue PRO het=  resseq=521 icode= >,1s32_A_B,2.05
690,1.315,LYS, ,N,40.03,9.40,0.0,4.67,1.0,<Residue LYS het=  resseq=522 icode= >,1s32_A_B,2.05
691,0.197,LYS, ,CA,40.11,9.63,0.0,4.52,1.0,<Residue LYS het=  resseq=522 icode= >,1s32_A_B,2.05
692,0.347,LYS, ,C,38.52,10.25,0.347,6.12,1.0,<Residue LYS het=  resseq=522 icode= >,1s32_A_B,2.05
693,5.154,LYS, ,O,37.83,11.07,2.738,5.42,1.0,<Residue LYS het=  resseq=522 icode= >,1s32_A_B,2.05
694,25.015,LYS, ,CB,43.89,8.49,2.524,3.24,1.0,<Residue LYS het=  resseq=522 icode= >,1s32_A_B,2.05
695,3.061,LYS, ,CG,47.88,7.23,1.594,2.92,1.0,<Residue LYS het=  resseq=522 icode= >,1s32_A_B,2.05
696,31.119,LYS, ,CD,52.28,6.26,5.341,2.55,1.0,<Residue LYS het=  resseq=522 icode= >,1s32_A_B,2.05
697,5.333,LYS, ,CE,56.65,5.05,1.868,1.78,1.0,<Residue LYS het=  resseq=522 icode= >,1s32_A_B,2.05
698,43.612,LYS, ,NZ,60.88,4.52,24.238,0.99,1.0,<Residue LYS het=  resseq=522 icode= >,1s32_A_B,2.05
699,0.0,ASP, ,N,36.48,10.06,0.0,5.34,1.0,<Residue ASP het=  resseq=523 icode= >,1s32_A_B,2.05
700,0.511,ASP, ,CA,33.94,10.90,0.511,5.10,1.0,<Residue ASP het=  resseq=523 icode= >,1s32_A_B,2.05
701,0.0,ASP, ,C,33.29,12.33,0.0,6.08,1.0,<Residue ASP het=  resseq=523 icode= >,1s32_A_B,2.05
702,0.0,ASP, ,O,31.0,13.28,0.0,5.26,1.0,<Residue ASP het=  resseq=523 icode= >,1s32_A_B,2.05
703,0.0,ASP, ,CB,34.12,10.09,0.0,3.76,1.0,<Residue ASP het=  resseq=523 icode= >,1s32_A_B,2.05
704,0.0,ASP, ,CG,35.12,8.81,0.0,6.28,1.0,<Residue ASP het=  resseq=523 icode= >,1s32_A_B,2.05
705,3.469,ASP, ,OD1,36.25,8.62,3.469,4.63,1.0,<Residue ASP het=  resseq=523 icode= >,1s32_A_B,2.05
706,0.0,ASP, ,OD2,35.5,7.80,0.0,4.45,1.0,<Residue ASP het=  resseq=523 icode= >,1s32_A_B,2.05
707,0.0,ILE, ,N,32.69,12.60,0.0,4.79,1.0,<Residue ILE het=  resseq=524 icode= >,1s32_A_B,2.05
708,0.0,ILE, ,CA,32.28,13.99,0.0,4.38,1.0,<Residue ILE het=  resseq=524 icode= >,1s32_A_B,2.05
709,0.0,ILE, ,C,32.8,14.54,0.0,5.51,1.0,<Residue ILE het=  resseq=524 icode= >,1s32_A_B,2.05
710,0.0,ILE, ,O,33.08,15.67,0.0,4.11,1.0,<Residue ILE het=  resseq=524 icode= >,1s32_A_B,2.05
711,1.038,ILE, ,CB,31.36,14.16,1.038,4.57,1.0,<Residue ILE het=  resseq=524 icode= >,1s32_A_B,2.05
712,0.081,ILE, ,CG1,36.24,13.22,0.081,3.05,1.0,<Residue ILE het=  resseq=524 icode= >,1s32_A_B,2.05
713,15.29,ILE, ,CG2,34.16,15.29,14.827,2.74,1.0,<Residue ILE het=  resseq=524 icode= >,1s32_A_B,2.05
714,38.444,ILE, ,CD1,37.6,12.89,36.626,1.78,1.0,<Residue ILE het=  resseq=524 icode= >,1s32_A_B,2.05
715,0.0,GLN, ,N,32.46,13.82,0.0,5.35,1.0,<Residue GLN het=  resseq=525 icode= >,1s32_A_B,2.05
716,0.018,GLN, ,CA,34.97,14.44,0.0,4.80,1.0,<Residue GLN het=  resseq=525 icode= >,1s32_A_B,2.05
717,0.0,GLN, ,C,32.98,14.87,0.0,6.32,1.0,<Residue GLN het=  resseq=525 icode= >,1s32_A_B,2.05
718,0.0,GLN, ,O,33.36,16.03,0.0,5.23,1.0,<Residue GLN het=  resseq=525 icode= >,1s32_A_B,2.05
719,4.174,GLN, ,CB,36.95,13.68,0.0,3.03,1.0,<Residue GLN het=  resseq=525 icode= >,1s32_A_B,2.05
720,11.696,GLN, ,CG,42.13,13.86,6.978,2.62,1.0,<Residue GLN het=  resseq=525 icode= >,1s32_A_B,2.05
721,2.099,GLN, ,CD,47.05,13.01,0.0,3.66,1.0,<Residue GLN het=  resseq=525 icode= >,1s32_A_B,2.05
722,21.053,GLN, ,OE1,49.69,12.17,0.0,3.19,1.0,<Residue GLN het=  resseq=525 icode= >,1s32_A_B,2.05
723,46.506,GLN, ,NE2,51.29,13.37,12.938,1.63,1.0,<Residue GLN het=  resseq=525 icode= >,1s32_A_B,2.05
724,0.603,LEU, ,N,32.7,14.04,0.0,4.97,1.0,<Residue LEU het=  resseq=526 icode= >,1s32_A_B,2.05
725,3.036,LEU, ,CA,31.34,14.59,0.0,4.72,1.0,<Residue LEU het=  resseq=526 icode= >,1s32_A_B,2.05
726,0.0,LEU, ,C,30.88,15.77,0.0,6.24,1.0,<Residue LEU het=  resseq=526 icode= >,1s32_A_B,2.05
727,0.0,LEU, ,O,31.9,16.77,0.0,5.20,1.0,<Residue LEU het=  resseq=526 icode= >,1s32_A_B,2.05
728,4.599,LEU, ,CB,31.25,13.49,2.359,3.73,1.0,<Residue LEU het=  resseq=526 icode= >,1s32_A_B,2.05
729,0.0,LEU, ,CG,32.28,13.97,0.0,4.46,1.0,<Residue LEU het=  resseq=526 icode= >,1s32_A_B,2.05
730,35.097,LEU, ,CD1,30.73,14.65,27.219,2.99,1.0,<Residue LEU het=  resseq=526 icode= >,1s32_A_B,2.05
731,34.228,LEU, ,CD2,30.41,12.89,34.228,3.35,1.0,<Residue LEU het=  resseq=526 icode= >,1s32_A_B,2.05
732,0.0,ALA, ,N,31.21,15.68,0.0,5.66,1.0,<Residue ALA het=  resseq=527 icode= >,1s32_A_B,2.05
733,4.389,ALA, ,CA,31.33,16.79,4.389,5.17,1.0,<Residue ALA het=  resseq=527 icode= >,1s32_A_B,2.05
734,0.0,ALA, ,C,33.7,18.11,0.0,5.75,1.0,<Residue ALA het=  resseq=527 icode= >,1s32_A_B,2.05
735,0.381,ALA, ,O,30.72,19.12,0.381,5.04,1.0,<Residue ALA het=  resseq=527 icode= >,1s32_A_B,2.05
736,0.08,ALA, ,CB,29.86,16.09,0.08,3.08,1.0,<Residue ALA het=  resseq=527 icode= >,1s32_A_B,2.05
737,0.0,ARG, ,N,32.6,18.00,0.0,5.30,1.0,<Residue ARG het=  resseq=528 icode= >,1s32_A_B,2.05
738,0.0,ARG, ,CA,33.87,19.17,0.0,4.79,1.0,<Residue ARG het=  resseq=528 icode= >,1s32_A_B,2.05
739,0.0,ARG, ,C,35.76,19.68,0.0,6.07,1.0,<Residue ARG het=  resseq=528 icode= >,1s32_A_B,2.05
740,0.0,ARG, ,O,35.15,20.91,0.0,4.69,1.0,<Residue ARG het=  resseq=528 icode= >,1s32_A_B,2.05
741,0.0,ARG, ,CB,32.87,18.98,0.0,3.76,1.0,<Residue ARG het=  resseq=528 icode= >,1s32_A_B,2.05
742,0.0,ARG, ,CG,34.68,18.88,0.0,3.73,1.0,<Residue ARG het=  resseq=528 icode= >,1s32_A_B,2.05
743,8.507,ARG, ,CD,37.03,19.11,7.37,3.29,1.0,<Residue ARG het=  resseq=528 icode= >,1s32_A_B,2.05
744,1.628,ARG, ,NE,38.31,20.53,1.628,4.13,1.0,<Residue ARG het=  resseq=528 icode= >,1s32_A_B,2.05
745,4.749,ARG, ,CZ,41.54,21.01,4.749,5.01,1.0,<Residue ARG het=  resseq=528 icode= >,1s32_A_B,2.05
746,33.071,ARG, ,NH1,40.93,20.24,10.59,3.47,1.0,<Residue ARG het=  resseq=528 icode= >,1s32_A_B,2.05
747,34.125,ARG, ,NH2,42.49,22.33,25.547,2.65,1.0,<Residue ARG het=  resseq=528 icode= >,1s32_A_B,2.05
748,0.0,ARG, ,N,34.75,18.83,0.0,5.99,1.0,<Residue ARG het=  resseq=529 icode= >,1s32_A_B,2.05
749,0.0,ARG, ,CA,36.68,19.40,0.0,4.42,1.0,<Residue ARG het=  resseq=529 icode= >,1s32_A_B,2.05
750,0.0,ARG, ,C,36.95,20.22,0.0,5.24,1.0,<Residue ARG het=  resseq=529 icode= >,1s32_A_B,2.05
751,0.113,ARG, ,O,37.07,21.37,0.0,4.17,1.0,<Residue ARG het=  resseq=529 icode= >,1s32_A_B,2.05
752,0.0,ARG, ,CB,40.74,18.37,0.0,3.27,1.0,<Residue ARG het=  resseq=529 icode= >,1s32_A_B,2.05
753,12.646,ARG, ,CG,45.68,18.88,9.69,2.43,1.0,<Residue ARG het=  resseq=529 icode= >,1s32_A_B,2.05
754,9.851,ARG, ,CD,49.53,20.19,0.0,1.99,1.0,<Residue ARG het=  resseq=529 icode= >,1s32_A_B,2.05
755,17.399,ARG, ,NE,52.6,20.78,5.1,2.22,1.0,<Residue ARG het=  resseq=529 icode= >,1s32_A_B,2.05
756,3.814,ARG, ,CZ,54.94,21.56,2.772,2.62,1.0,<Residue ARG het=  resseq=529 icode= >,1s32_A_B,2.05
757,18.371,ARG, ,NH1,52.76,21.81,10.86,2.29,1.0,<Residue ARG het=  resseq=529 icode= >,1s32_A_B,2.05
758,59.372,ARG, ,NH2,54.25,22.06,39.714,1.46,1.0,<Residue ARG het=  resseq=529 icode= >,1s32_A_B,2.05
759,0.0,ILE, ,N,35.58,1000.00,0.0,4.48,1.0,<Residue ILE het=  resseq=530 icode= >,1s32_A_B,2.05
760,0.465,ILE, ,CA,37.31,1000.00,0.465,4.05,1.0,<Residue ILE het=  resseq=530 icode= >,1s32_A_B,2.05
761,0.0,ILE, ,C,38.78,1000.00,0.0,5.44,1.0,<Residue ILE het=  resseq=530 icode= >,1s32_A_B,2.05
762,21.207,ILE, ,O,39.53,1000.00,13.059,3.95,1.0,<Residue ILE het=  resseq=530 icode= >,1s32_A_B,2.05
763,1.988,ILE, ,CB,36.35,1000.00,1.988,4.30,1.0,<Residue ILE het=  resseq=530 icode= >,1s32_A_B,2.05
764,10.052,ILE, ,CG1,36.78,1000.00,10.052,3.98,1.0,<Residue ILE het=  resseq=530 icode= >,1s32_A_B,2.05
765,50.532,ILE, ,CG2,34.1,1000.00,50.532,3.06,1.0,<Residue ILE het=  resseq=530 icode= >,1s32_A_B,2.05
766,38.504,ILE, ,CD1,41.89,1000.00,38.504,1.60,1.0,<Residue ILE het=  resseq=530 icode= >,1s32_A_B,2.05
767,0.0,ARG, ,N,40.23,1000.00,0.0,4.33,1.0,<Residue ARG het=  resseq=531 icode= >,1s32_A_B,2.05
768,9.33,ARG, ,CA,42.03,1000.00,6.041,3.99,1.0,<Residue ARG het=  resseq=531 icode= >,1s32_A_B,2.05
769,1.612,ARG, ,C,43.9,1000.00,0.0,5.29,1.0,<Residue ARG het=  resseq=531 icode= >,1s32_A_B,2.05
770,29.009,ARG, ,O,46.56,1000.00,13.399,3.87,1.0,<Residue ARG het=  resseq=531 icode= >,1s32_A_B,2.05
771,6.027,ARG, ,CB,40.68,1000.00,0.0,3.29,1.0,<Residue ARG het=  resseq=531 icode= >,1s32_A_B,2.05
772,18.441,ARG, ,CG,38.95,1000.00,13.812,3.85,1.0,<Residue ARG het=  resseq=531 icode= >,1s32_A_B,2.05
773,0.544,ARG, ,CD,39.76,1000.00,0.0,3.53,1.0,<Residue ARG het=  resseq=531 icode= >,1s32_A_B,2.05
774,2.117,ARG, ,NE,41.09,1000.00,0.469,4.09,1.0,<Residue ARG het=  resseq=531 icode= >,1s32_A_B,2.05
775,4.87,ARG, ,CZ,39.09,1000.00,0.0,5.27,1.0,<Residue ARG het=  resseq=531 icode= >,1s32_A_B,2.05
776,8.067,ARG, ,NH1,36.9,1000.00,0.0,3.43,1.0,<Residue ARG het=  resseq=531 icode= >,1s32_A_B,2.05
777,11.521,ARG, ,NH2,36.37,1000.00,0.0,3.21,1.0,<Residue ARG het=  resseq=531 icode= >,1s32_A_B,2.05
778,0.0,GLY, ,N,47.28,1000.00,0.0,4.26,1.0,<Residue GLY het=  resseq=532 icode= >,1s32_A_B,2.05
779,17.078,GLY, ,CA,51.4,1000.00,3.908,2.77,1.0,<Residue GLY het=  resseq=532 icode= >,1s32_A_B,2.05
780,1.078,GLY, ,C,56.03,1000.00,0.003,4.05,1.0,<Residue GLY het=  resseq=532 icode= >,1s32_A_B,2.05
781,22.533,GLY, ,O,56.56,1000.00,4.691,2.52,1.0,<Residue GLY het=  resseq=532 icode= >,1s32_A_B,2.05
782,0.0,GLU, ,N,58.21,1000.00,0.0,3.65,1.0,<Residue GLU het=  resseq=533 icode= >,1s32_A_B,2.05
783,6.807,GLU, ,CA,62.95,1000.00,0.0,3.78,1.0,<Residue GLU het=  resseq=533 icode= >,1s32_A_B,2.05
784,0.571,GLU, ,C,67.76,1000.00,0.0,3.90,1.0,<Residue GLU het=  resseq=533 icode= >,1s32_A_B,2.05
785,22.317,GLU, ,O,67.64,1000.00,0.0,3.02,1.0,<Residue GLU het=  resseq=533 icode= >,1s32_A_B,2.05
786,2.332,GLU, ,CB,60.08,1000.00,0.0,2.03,1.0,<Residue GLU het=  resseq=533 icode= >,1s32_A_B,2.05
787,19.72,GLU, ,CG,56.11,1000.00,0.0,2.48,1.0,<Residue GLU het=  resseq=533 icode= >,1s32_A_B,2.05
788,4.259,GLU, ,CD,55.16,1000.00,0.0,4.63,1.0,<Residue GLU het=  resseq=533 icode= >,1s32_A_B,2.05
789,1.134,GLU, ,OE1,53.17,1000.00,0.0,3.64,1.0,<Residue GLU het=  resseq=533 icode= >,1s32_A_B,2.05
790,8.281,GLU, ,OE2,52.39,1000.00,0.0,3.76,1.0,<Residue GLU het=  resseq=533 icode= >,1s32_A_B,2.05
791,0.0,ARG, ,N,74.36,1000.00,0.0,2.24,1.0,<Residue ARG het=  resseq=534 icode= >,1s32_A_B,2.05
792,7.993,ARG, ,CA,81.25,1000.00,0.0,1.18,1.0,<Residue ARG het=  resseq=534 icode= >,1s32_A_B,2.05
793,2.609,ARG, ,C,83.36,1000.00,0.0,1.99,1.0,<Residue ARG het=  resseq=534 icode= >,1s32_A_B,2.05
794,26.618,ARG, ,O,84.16,1000.00,0.0,0.98,1.0,<Residue ARG het=  resseq=534 icode= >,1s32_A_B,2.05
795,8.476,ARG, ,CB,84.01,1000.00,0.0,1.12,1.0,<Residue ARG het=  resseq=534 icode= >,1s32_A_B,2.05
796,1.166,ARG, ,CG,88.66,1000.00,0.0,0.66,1.0,<Residue ARG het=  resseq=534 icode= >,1s32_A_B,2.05
797,7.716,ARG, ,CD,92.39,1000.00,0.0,0.75,1.0,<Residue ARG het=  resseq=534 icode= >,1s32_A_B,2.05
798,0.0,ARG, ,NE,96.4,1000.00,0.0,0.68,1.0,<Residue ARG het=  resseq=534 icode= >,1s32_A_B,2.05
799,2.532,ARG, ,CZ,98.54,1000.00,0.0,0.30,1.0,<Residue ARG het=  resseq=534 icode= >,1s32_A_B,2.05
800,31.382,ARG, ,NH1,99.37,1000.00,0.0,0.01,1.0,<Residue ARG het=  resseq=534 icode= >,1s32_A_B,2.05
801,35.021,ARG, ,NH2,99.02,1000.00,0.0,0.52,1.0,<Residue ARG het=  resseq=534 icode= >,1s32_A_B,2.05
802,0.0,ALA, ,N,85.76,1000.00,0.0,1.81,1.0,<Residue ALA het=  resseq=535 icode= >,1s32_A_B,2.05
803,10.106,ALA, ,CA,88.42,1000.00,0.0,0.73,1.0,<Residue ALA het=  resseq=535 icode= >,1s32_A_B,2.05
804,5.471,ALA, ,C,90.22,1000.00,0.0,-0.30,1.0,<Residue ALA het=  resseq=535 icode= >,1s32_A_B,2.05
805,11.629,ALA, ,O,91.5,1000.00,0.0,-0.39,1.0,<Residue ALA het=  resseq=535 icode= >,1s32_A_B,2.05
806,18.492,ALA, ,CB,86.69,1000.00,0.0,1.41,1.0,<Residue ALA het=  resseq=535 icode= >,1s32_A_B,2.05
807,39.74,ALA, ,OXT,91.64,1000.00,14.968,0.25,1.0,<Residue ALA het=  resseq=535 icode= >,1s32_A_B,2.05
