,ASA,aa,altloc,atom,bfac,d2r,dASA,dens,occ,residue,id,resolu
0,18.523,ASP, ,N,110.33,7.82,0.0,0.87,1.0,<Residue ASP het=  resseq=1222 icode= >,1s32_D_A,2.05
1,11.318,ASP, ,CA,115.74,9.01,0.0,0.86,1.0,<Residue ASP het=  resseq=1222 icode= >,1s32_D_A,2.05
2,1.815,ASP, ,C,120.43,7.99,0.0,1.48,1.0,<Residue ASP het=  resseq=1222 icode= >,1s32_D_A,2.05
3,10.43,ASP, ,O,120.33,6.78,0.0,0.87,1.0,<Residue ASP het=  resseq=1222 icode= >,1s32_D_A,2.05
4,29.504,ASP, ,CB,114.65,8.95,0.0,0.41,1.0,<Residue ASP het=  resseq=1222 icode= >,1s32_D_A,2.05
5,13.02,ASP, ,CG,106.7,8.01,0.0,0.49,1.0,<Residue ASP het=  resseq=1222 icode= >,1s32_D_A,2.05
6,33.878,ASP, ,OD1,104.05,7.69,0.0,0.36,1.0,<Residue ASP het=  resseq=1222 icode= >,1s32_D_A,2.05
7,43.032,ASP, ,OD2,103.7,7.86,0.0,0.52,1.0,<Residue ASP het=  resseq=1222 icode= >,1s32_D_A,2.05
8,11.999,GLY, ,N,124.84,8.43,0.0,0.60,1.0,<Residue GLY het=  resseq=1223 icode= >,1s32_D_A,2.05
9,41.853,GLY, ,CA,130.77,7.37,0.0,0.55,1.0,<Residue GLY het=  resseq=1223 icode= >,1s32_D_A,2.05
10,6.543,GLY, ,C,134.5,6.06,0.0,1.06,1.0,<Residue GLY het=  resseq=1223 icode= >,1s32_D_A,2.05
11,24.214,GLY, ,O,136.44,5.67,0.0,0.31,1.0,<Residue GLY het=  resseq=1223 icode= >,1s32_D_A,2.05
12,1.743,LYS, ,N,136.31,5.67,0.0,1.80,1.0,<Residue LYS het=  resseq=1224 icode= >,1s32_D_A,2.05
13,5.965,LYS, ,CA,137.01,4.68,0.0,1.55,1.0,<Residue LYS het=  resseq=1224 icode= >,1s32_D_A,2.05
14,2.933,LYS, ,C,136.87,4.36,0.725,1.93,1.0,<Residue LYS het=  resseq=1224 icode= >,1s32_D_A,2.05
15,11.431,LYS, ,O,137.01,3.23,11.431,1.26,1.0,<Residue LYS het=  resseq=1224 icode= >,1s32_D_A,2.05
16,19.171,LYS, ,CB,137.65,3.44,9.91,1.33,1.0,<Residue LYS het=  resseq=1224 icode= >,1s32_D_A,2.05
17,19.608,LYS, ,CG,138.3,3.14,17.689,0.31,1.0,<Residue LYS het=  resseq=1224 icode= >,1s32_D_A,2.05
18,19.838,LYS, ,CD,138.67,4.59,0.0,0.53,1.0,<Residue LYS het=  resseq=1224 icode= >,1s32_D_A,2.05
19,36.099,LYS, ,CE,139.14,5.03,13.918,-0.51,1.0,<Residue LYS het=  resseq=1224 icode= >,1s32_D_A,2.05
20,48.782,LYS, ,NZ,139.43,5.86,0.0,-0.90,1.0,<Residue LYS het=  resseq=1224 icode= >,1s32_D_A,2.05
21,0.276,LYS, ,N,136.35,4.98,0.0,1.24,1.0,<Residue LYS het=  resseq=1225 icode= >,1s32_D_A,2.05
22,14.353,LYS, ,CA,135.53,4.23,6.719,1.32,1.0,<Residue LYS het=  resseq=1225 icode= >,1s32_D_A,2.05
23,0.318,LYS, ,C,134.61,4.15,0.318,1.52,1.0,<Residue LYS het=  resseq=1225 icode= >,1s32_D_A,2.05
24,4.766,LYS, ,O,134.9,4.77,1.709,0.86,1.0,<Residue LYS het=  resseq=1225 icode= >,1s32_D_A,2.05
25,17.87,LYS, ,CB,136.07,5.41,0.0,0.33,1.0,<Residue LYS het=  resseq=1225 icode= >,1s32_D_A,2.05
26,7.153,LYS, ,CG,136.5,5.91,0.0,0.36,1.0,<Residue LYS het=  resseq=1225 icode= >,1s32_D_A,2.05
27,21.056,LYS, ,CD,136.79,5.50,0.0,0.37,1.0,<Residue LYS het=  resseq=1225 icode= >,1s32_D_A,2.05
28,34.941,LYS, ,CE,137.11,4.79,11.976,0.05,1.0,<Residue LYS het=  resseq=1225 icode= >,1s32_D_A,2.05
29,44.486,LYS, ,NZ,137.1,5.21,3.479,0.35,1.0,<Residue LYS het=  resseq=1225 icode= >,1s32_D_A,2.05
30,11.114,ARG, ,N,133.07,3.81,6.196,1.03,1.0,<Residue ARG het=  resseq=1226 icode= >,1s32_D_A,2.05
31,0.098,ARG, ,CA,131.17,4.22,0.098,1.66,1.0,<Residue ARG het=  resseq=1226 icode= >,1s32_D_A,2.05
32,1.858,ARG, ,C,129.34,4.01,0.229,2.14,1.0,<Residue ARG het=  resseq=1226 icode= >,1s32_D_A,2.05
33,21.026,ARG, ,O,129.04,4.74,1.77,1.61,1.0,<Residue ARG het=  resseq=1226 icode= >,1s32_D_A,2.05
34,20.873,ARG, ,CB,131.95,4.15,17.453,1.04,1.0,<Residue ARG het=  resseq=1226 icode= >,1s32_D_A,2.05
35,26.915,ARG, ,CG,132.87,3.22,26.915,0.81,1.0,<Residue ARG het=  resseq=1226 icode= >,1s32_D_A,2.05
36,13.084,ARG, ,CD,133.73,3.73,11.854,0.80,1.0,<Residue ARG het=  resseq=1226 icode= >,1s32_D_A,2.05
37,8.76,ARG, ,NE,134.41,3.23,7.758,1.59,1.0,<Residue ARG het=  resseq=1226 icode= >,1s32_D_A,2.05
38,6.805,ARG, ,CZ,134.79,2.83,6.805,2.06,1.0,<Residue ARG het=  resseq=1226 icode= >,1s32_D_A,2.05
39,36.672,ARG, ,NH1,135.14,3.36,34.007,1.00,1.0,<Residue ARG het=  resseq=1226 icode= >,1s32_D_A,2.05
40,59.253,ARG, ,NH2,135.27,2.60,58.775,1.03,1.0,<Residue ARG het=  resseq=1226 icode= >,1s32_D_A,2.05
41,1.675,ARG, ,N,127.13,3.49,1.347,1.86,1.0,<Residue ARG het=  resseq=1227 icode= >,1s32_D_A,2.05
42,11.53,ARG, ,CA,124.88,3.85,0.0,1.68,1.0,<Residue ARG het=  resseq=1227 icode= >,1s32_D_A,2.05
43,0.614,ARG, ,C,122.59,3.73,0.614,2.03,1.0,<Residue ARG het=  resseq=1227 icode= >,1s32_D_A,2.05
44,9.084,ARG, ,O,122.46,3.11,9.084,1.40,1.0,<Residue ARG het=  resseq=1227 icode= >,1s32_D_A,2.05
45,18.562,ARG, ,CB,125.91,3.07,11.668,0.46,1.0,<Residue ARG het=  resseq=1227 icode= >,1s32_D_A,2.05
46,27.016,ARG, ,CG,126.72,4.06,13.404,0.25,1.0,<Residue ARG het=  resseq=1227 icode= >,1s32_D_A,2.05
47,17.602,ARG, ,CD,127.22,3.43,15.107,1.06,1.0,<Residue ARG het=  resseq=1227 icode= >,1s32_D_A,2.05
48,11.712,ARG, ,NE,127.71,3.93,8.72,1.02,1.0,<Residue ARG het=  resseq=1227 icode= >,1s32_D_A,2.05
49,3.384,ARG, ,CZ,128.23,3.61,3.384,0.71,1.0,<Residue ARG het=  resseq=1227 icode= >,1s32_D_A,2.05
50,31.565,ARG, ,NH1,128.18,3.75,11.568,0.70,1.0,<Residue ARG het=  resseq=1227 icode= >,1s32_D_A,2.05
51,31.143,ARG, ,NH2,128.52,2.77,22.184,0.11,1.0,<Residue ARG het=  resseq=1227 icode= >,1s32_D_A,2.05
52,3.932,LYS, ,N,119.54,4.08,1.249,2.04,1.0,<Residue LYS het=  resseq=1228 icode= >,1s32_D_A,2.05
53,10.253,LYS, ,CA,116.38,3.56,9.876,1.87,1.0,<Residue LYS het=  resseq=1228 icode= >,1s32_D_A,2.05
54,0.0,LYS, ,C,113.51,4.15,0.0,2.25,1.0,<Residue LYS het=  resseq=1228 icode= >,1s32_D_A,2.05
55,11.099,LYS, ,O,113.34,4.78,6.218,1.59,1.0,<Residue LYS het=  resseq=1228 icode= >,1s32_D_A,2.05
56,21.041,LYS, ,CB,117.06,3.32,13.697,1.83,1.0,<Residue LYS het=  resseq=1228 icode= >,1s32_D_A,2.05
57,14.028,LYS, ,CG,117.92,4.00,7.824,1.84,1.0,<Residue LYS het=  resseq=1228 icode= >,1s32_D_A,2.05
58,31.331,LYS, ,CD,119.18,3.59,22.777,0.69,1.0,<Residue LYS het=  resseq=1228 icode= >,1s32_D_A,2.05
59,28.821,LYS, ,CE,120.15,4.83,3.568,-0.01,1.0,<Residue LYS het=  resseq=1228 icode= >,1s32_D_A,2.05
60,41.99,LYS, ,NZ,121.13,4.82,16.008,-0.56,1.0,<Residue LYS het=  resseq=1228 icode= >,1s32_D_A,2.05
61,3.496,THR, ,N,109.95,3.39,3.496,1.34,1.0,<Residue THR het=  resseq=1229 icode= >,1s32_D_A,2.05
62,0.0,THR, ,CA,105.82,4.07,0.0,2.97,1.0,<Residue THR het=  resseq=1229 icode= >,1s32_D_A,2.05
63,0.0,THR, ,C,102.97,4.74,0.0,2.54,1.0,<Residue THR het=  resseq=1229 icode= >,1s32_D_A,2.05
64,4.101,THR, ,O,102.54,4.39,0.786,1.89,1.0,<Residue THR het=  resseq=1229 icode= >,1s32_D_A,2.05
65,10.506,THR, ,CB,106.23,3.66,5.27,1.87,1.0,<Residue THR het=  resseq=1229 icode= >,1s32_D_A,2.05
66,17.994,THR, ,OG1,106.97,4.95,0.0,0.35,1.0,<Residue THR het=  resseq=1229 icode= >,1s32_D_A,2.05
67,54.461,THR, ,CG2,106.05,2.76,25.132,0.78,1.0,<Residue THR het=  resseq=1229 icode= >,1s32_D_A,2.05
68,0.129,ARG, ,N,99.23,4.68,0.0,1.52,1.0,<Residue ARG het=  resseq=1230 icode= >,1s32_D_A,2.05
69,7.297,ARG, ,CA,95.26,3.57,7.256,1.37,1.0,<Residue ARG het=  resseq=1230 icode= >,1s32_D_A,2.05
70,0.051,ARG, ,C,91.74,3.76,0.0,2.35,1.0,<Residue ARG het=  resseq=1230 icode= >,1s32_D_A,2.05
71,14.731,ARG, ,O,91.35,4.97,0.0,1.71,1.0,<Residue ARG het=  resseq=1230 icode= >,1s32_D_A,2.05
72,26.227,ARG, ,CB,95.8,3.52,21.419,1.25,1.0,<Residue ARG het=  resseq=1230 icode= >,1s32_D_A,2.05
73,5.846,ARG, ,CG,96.68,4.36,3.58,0.73,1.0,<Residue ARG het=  resseq=1230 icode= >,1s32_D_A,2.05
74,25.26,ARG, ,CD,97.25,3.86,15.534,0.44,1.0,<Residue ARG het=  resseq=1230 icode= >,1s32_D_A,2.05
75,7.595,ARG, ,NE,97.03,3.68,7.595,1.84,1.0,<Residue ARG het=  resseq=1230 icode= >,1s32_D_A,2.05
76,8.235,ARG, ,CZ,97.41,4.08,8.235,1.56,1.0,<Residue ARG het=  resseq=1230 icode= >,1s32_D_A,2.05
77,50.445,ARG, ,NH1,97.71,3.92,46.694,0.61,1.0,<Residue ARG het=  resseq=1230 icode= >,1s32_D_A,2.05
78,33.848,ARG, ,NH2,97.03,4.29,28.499,1.08,1.0,<Residue ARG het=  resseq=1230 icode= >,1s32_D_A,2.05
79,2.027,LYS, ,N,87.14,2.96,2.027,2.57,1.0,<Residue LYS het=  resseq=1231 icode= >,1s32_D_A,2.05
80,5.86,LYS, ,CA,82.53,3.91,0.0,2.81,1.0,<Residue LYS het=  resseq=1231 icode= >,1s32_D_A,2.05
81,0.661,LYS, ,C,78.0,4.19,0.661,4.01,1.0,<Residue LYS het=  resseq=1231 icode= >,1s32_D_A,2.05
82,19.073,LYS, ,O,77.45,3.55,14.311,2.84,1.0,<Residue LYS het=  resseq=1231 icode= >,1s32_D_A,2.05
83,25.968,LYS, ,CB,84.09,3.99,0.0,2.06,1.0,<Residue LYS het=  resseq=1231 icode= >,1s32_D_A,2.05
84,13.307,LYS, ,CG,86.5,3.01,8.975,1.20,1.0,<Residue LYS het=  resseq=1231 icode= >,1s32_D_A,2.05
85,28.98,LYS, ,CD,88.73,4.01,0.0,0.19,1.0,<Residue LYS het=  resseq=1231 icode= >,1s32_D_A,2.05
86,27.764,LYS, ,CE,90.38,3.92,9.409,0.16,1.0,<Residue LYS het=  resseq=1231 icode= >,1s32_D_A,2.05
87,47.439,LYS, ,NZ,91.34,5.35,0.0,0.11,1.0,<Residue LYS het=  resseq=1231 icode= >,1s32_D_A,2.05
88,5.798,GLU, ,N,73.13,4.80,0.0,3.49,1.0,<Residue GLU het=  resseq=1232 icode= >,1s32_D_A,2.05
89,5.725,GLU, ,CA,69.11,3.52,5.725,3.53,1.0,<Residue GLU het=  resseq=1232 icode= >,1s32_D_A,2.05
90,0.959,GLU, ,C,64.41,3.80,0.0,3.40,1.0,<Residue GLU het=  resseq=1232 icode= >,1s32_D_A,2.05
91,22.713,GLU, ,O,63.41,5.01,0.0,2.58,1.0,<Residue GLU het=  resseq=1232 icode= >,1s32_D_A,2.05
92,18.795,GLU, ,CB,71.37,3.68,8.895,2.56,1.0,<Residue GLU het=  resseq=1232 icode= >,1s32_D_A,2.05
93,11.762,GLU, ,CG,76.44,4.10,8.072,1.50,1.0,<Residue GLU het=  resseq=1232 icode= >,1s32_D_A,2.05
94,14.974,GLU, ,CD,79.7,4.15,13.57,1.64,1.0,<Residue GLU het=  resseq=1232 icode= >,1s32_D_A,2.05
95,35.597,GLU, ,OE1,80.64,4.70,32.056,1.62,1.0,<Residue GLU het=  resseq=1232 icode= >,1s32_D_A,2.05
96,22.328,GLU, ,OE2,81.5,3.48,21.813,0.89,1.0,<Residue GLU het=  resseq=1232 icode= >,1s32_D_A,2.05
97,4.742,SER, ,N,58.44,3.07,4.495,3.42,1.0,<Residue SER het=  resseq=1233 icode= >,1s32_D_A,2.05
98,3.972,SER, ,CA,53.01,4.08,0.088,3.33,1.0,<Residue SER het=  resseq=1233 icode= >,1s32_D_A,2.05
99,2.591,SER, ,C,49.92,3.91,2.243,5.33,1.0,<Residue SER het=  resseq=1233 icode= >,1s32_D_A,2.05
100,12.728,SER, ,O,46.71,3.00,12.728,4.02,1.0,<Residue SER het=  resseq=1233 icode= >,1s32_D_A,2.05
101,21.195,SER, ,CB,50.62,4.86,0.0,3.17,1.0,<Residue SER het=  resseq=1233 icode= >,1s32_D_A,2.05
102,10.103,SER, ,OG,50.33,4.72,2.564,2.85,1.0,<Residue SER het=  resseq=1233 icode= >,1s32_D_A,2.05
103,0.0,TYR, ,N,46.23,5.17,0.0,3.97,1.0,<Residue TYR het=  resseq=1234 icode= >,1s32_D_A,2.05
104,0.0,TYR, ,CA,44.09,5.74,0.0,4.15,1.0,<Residue TYR het=  resseq=1234 icode= >,1s32_D_A,2.05
105,0.0,TYR, ,C,42.64,6.17,0.0,5.20,1.0,<Residue TYR het=  resseq=1234 icode= >,1s32_D_A,2.05
106,0.0,TYR, ,O,42.42,6.99,0.0,3.60,1.0,<Residue TYR het=  resseq=1234 icode= >,1s32_D_A,2.05
107,1.133,TYR, ,CB,41.79,7.11,1.133,3.53,1.0,<Residue TYR het=  resseq=1234 icode= >,1s32_D_A,2.05
108,0.0,TYR, ,CG,43.34,7.28,0.0,3.75,1.0,<Residue TYR het=  resseq=1234 icode= >,1s32_D_A,2.05
109,0.747,TYR, ,CD1,41.32,7.68,0.0,3.24,1.0,<Residue TYR het=  resseq=1234 icode= >,1s32_D_A,2.05
110,9.815,TYR, ,CD2,44.16,7.47,9.815,2.75,1.0,<Residue TYR het=  resseq=1234 icode= >,1s32_D_A,2.05
111,7.549,TYR, ,CE1,39.72,8.24,2.166,3.67,1.0,<Residue TYR het=  resseq=1234 icode= >,1s32_D_A,2.05
112,30.808,TYR, ,CE2,41.99,8.04,30.808,3.33,1.0,<Residue TYR het=  resseq=1234 icode= >,1s32_D_A,2.05
113,5.244,TYR, ,CZ,41.76,8.41,5.094,4.44,1.0,<Residue TYR het=  resseq=1234 icode= >,1s32_D_A,2.05
114,20.665,TYR, ,OH,42.7,9.20,20.505,2.40,1.0,<Residue TYR het=  resseq=1234 icode= >,1s32_D_A,2.05
115,0.016,ALA, ,N,40.29,5.92,0.0,4.51,1.0,<Residue ALA het=  resseq=1235 icode= >,1s32_D_A,2.05
116,0.0,ALA, ,CA,43.26,6.24,0.0,3.49,1.0,<Residue ALA het=  resseq=1235 icode= >,1s32_D_A,2.05
117,0.0,ALA, ,C,43.67,6.20,0.0,5.05,1.0,<Residue ALA het=  resseq=1235 icode= >,1s32_D_A,2.05
118,0.0,ALA, ,O,44.64,7.33,0.0,3.78,1.0,<Residue ALA het=  resseq=1235 icode= >,1s32_D_A,2.05
119,21.84,ALA, ,CB,43.14,5.91,0.045,1.94,1.0,<Residue ALA het=  resseq=1235 icode= >,1s32_D_A,2.05
120,0.074,ILE, ,N,43.94,5.15,0.059,4.23,1.0,<Residue ILE het=  resseq=1236 icode= >,1s32_D_A,2.05
121,0.891,ILE, ,CA,45.05,5.61,0.0,3.88,1.0,<Residue ILE het=  resseq=1236 icode= >,1s32_D_A,2.05
122,0.0,ILE, ,C,44.38,6.73,0.0,5.06,1.0,<Residue ILE het=  resseq=1236 icode= >,1s32_D_A,2.05
123,0.912,ILE, ,O,46.2,7.77,0.0,3.95,1.0,<Residue ILE het=  resseq=1236 icode= >,1s32_D_A,2.05
124,7.452,ILE, ,CB,46.97,4.72,0.0,4.17,1.0,<Residue ILE het=  resseq=1236 icode= >,1s32_D_A,2.05
125,0.785,ILE, ,CG1,47.65,4.33,0.785,3.36,1.0,<Residue ILE het=  resseq=1236 icode= >,1s32_D_A,2.05
126,48.933,ILE, ,CG2,47.7,3.79,14.163,1.62,1.0,<Residue ILE het=  resseq=1236 icode= >,1s32_D_A,2.05
127,39.734,ILE, ,CD1,51.96,3.04,36.767,1.82,1.0,<Residue ILE het=  resseq=1236 icode= >,1s32_D_A,2.05
128,0.0,TYR, ,N,42.18,6.77,0.0,4.72,1.0,<Residue TYR het=  resseq=1237 icode= >,1s32_D_A,2.05
129,0.485,TYR, ,CA,41.95,7.99,0.485,4.98,1.0,<Residue TYR het=  resseq=1237 icode= >,1s32_D_A,2.05
130,0.816,TYR, ,C,41.63,9.14,0.816,5.23,1.0,<Residue TYR het=  resseq=1237 icode= >,1s32_D_A,2.05
131,0.38,TYR, ,O,41.77,10.23,0.38,3.59,1.0,<Residue TYR het=  resseq=1237 icode= >,1s32_D_A,2.05
132,20.104,TYR, ,CB,43.36,7.91,20.104,3.35,1.0,<Residue TYR het=  resseq=1237 icode= >,1s32_D_A,2.05
133,2.318,TYR, ,CG,46.91,6.57,2.318,3.73,1.0,<Residue TYR het=  resseq=1237 icode= >,1s32_D_A,2.05
134,1.39,TYR, ,CD1,48.35,5.90,1.39,2.89,1.0,<Residue TYR het=  resseq=1237 icode= >,1s32_D_A,2.05
135,14.693,TYR, ,CD2,46.83,5.91,14.693,3.19,1.0,<Residue TYR het=  resseq=1237 icode= >,1s32_D_A,2.05
136,15.719,TYR, ,CE1,50.58,4.99,15.719,2.55,1.0,<Residue TYR het=  resseq=1237 icode= >,1s32_D_A,2.05
137,25.063,TYR, ,CE2,49.07,4.75,15.521,2.68,1.0,<Residue TYR het=  resseq=1237 icode= >,1s32_D_A,2.05
138,5.043,TYR, ,CZ,51.32,4.18,5.043,3.25,1.0,<Residue TYR het=  resseq=1237 icode= >,1s32_D_A,2.05
139,36.893,TYR, ,OH,52.51,3.02,31.637,2.54,1.0,<Residue TYR het=  resseq=1237 icode= >,1s32_D_A,2.05
140,0.073,VAL, ,N,39.04,8.98,0.073,4.59,1.0,<Residue VAL het=  resseq=1238 icode= >,1s32_D_A,2.05
141,3.196,VAL, ,CA,36.89,10.19,3.196,4.29,1.0,<Residue VAL het=  resseq=1238 icode= >,1s32_D_A,2.05
142,0.0,VAL, ,C,37.61,10.66,0.0,6.10,1.0,<Residue VAL het=  resseq=1238 icode= >,1s32_D_A,2.05
143,0.447,VAL, ,O,35.76,11.22,0.447,4.96,1.0,<Residue VAL het=  resseq=1238 icode= >,1s32_D_A,2.05
144,0.0,VAL, ,CB,36.06,10.16,0.0,3.63,1.0,<Residue VAL het=  resseq=1238 icode= >,1s32_D_A,2.05
145,7.538,VAL, ,CG1,34.4,11.27,7.513,2.42,1.0,<Residue VAL het=  resseq=1238 icode= >,1s32_D_A,2.05
146,6.981,VAL, ,CG2,31.75,10.13,6.968,2.53,1.0,<Residue VAL het=  resseq=1238 icode= >,1s32_D_A,2.05
147,0.0,TYR,x,N,38.13,9.84,0.0,4.89,0.5,<Residue TYR het=  resseq=1239 icode= >,1s32_D_A,2.05
148,0.0,TYR,x,CA,40.52,9.17,0.0,4.38,0.5,<Residue TYR het=  resseq=1239 icode= >,1s32_D_A,2.05
149,0.3,TYR,x,C,39.85,9.85,0.0,5.07,0.5,<Residue TYR het=  resseq=1239 icode= >,1s32_D_A,2.05
150,0.0,TYR,x,O,40.53,9.49,0.0,3.66,0.5,<Residue TYR het=  resseq=1239 icode= >,1s32_D_A,2.05
151,12.34,TYR,x,CB,41.79,8.35,0.0,2.93,0.5,<Residue TYR het=  resseq=1239 icode= >,1s32_D_A,2.05
152,1.954,TYR,x,CG,44.13,7.00,0.0,1.58,0.5,<Residue TYR het=  resseq=1239 icode= >,1s32_D_A,2.05
153,6.268,TYR,x,CD1,45.18,6.94,0.0,-0.21,0.5,<Residue TYR het=  resseq=1239 icode= >,1s32_D_A,2.05
154,9.903,TYR,x,CD2,43.74,6.03,0.0,2.00,0.5,<Residue TYR het=  resseq=1239 icode= >,1s32_D_A,2.05
155,18.401,TYR,x,CE1,44.71,5.93,0.0,0.89,0.5,<Residue TYR het=  resseq=1239 icode= >,1s32_D_A,2.05
156,15.504,TYR,x,CE2,44.24,4.81,6.317,1.17,0.5,<Residue TYR het=  resseq=1239 icode= >,1s32_D_A,2.05
157,5.141,TYR,x,CZ,44.62,4.76,0.448,1.58,0.5,<Residue TYR het=  resseq=1239 icode= >,1s32_D_A,2.05
158,33.231,TYR,x,OH,45.42,3.93,10.836,1.51,0.5,<Residue TYR het=  resseq=1239 icode= >,1s32_D_A,2.05
159,0.0,LYS, ,N,40.0,10.40,0.0,4.78,1.0,<Residue LYS het=  resseq=1240 icode= >,1s32_D_A,2.05
160,5.583,LYS, ,CA,41.79,10.52,0.0,4.89,1.0,<Residue LYS het=  resseq=1240 icode= >,1s32_D_A,2.05
161,0.027,LYS, ,C,42.97,11.91,0.027,4.70,1.0,<Residue LYS het=  resseq=1240 icode= >,1s32_D_A,2.05
162,2.078,LYS, ,O,42.28,12.59,0.0,3.74,1.0,<Residue LYS het=  resseq=1240 icode= >,1s32_D_A,2.05
163,13.43,LYS, ,CB,42.36,9.53,10.063,3.79,1.0,<Residue LYS het=  resseq=1240 icode= >,1s32_D_A,2.05
164,16.865,LYS, ,CG,46.52,8.11,0.016,2.48,1.0,<Residue LYS het=  resseq=1240 icode= >,1s32_D_A,2.05
165,18.818,LYS, ,CD,51.93,7.26,17.053,2.21,1.0,<Residue LYS het=  resseq=1240 icode= >,1s32_D_A,2.05
166,24.385,LYS, ,CE,53.71,5.88,1.872,2.46,1.0,<Residue LYS het=  resseq=1240 icode= >,1s32_D_A,2.05
167,47.604,LYS, ,NZ,57.99,5.57,3.642,1.46,1.0,<Residue LYS het=  resseq=1240 icode= >,1s32_D_A,2.05
168,0.002,VAL, ,N,41.74,12.33,0.002,4.01,1.0,<Residue VAL het=  resseq=1241 icode= >,1s32_D_A,2.05
169,0.0,VAL, ,CA,39.02,13.63,0.0,4.49,1.0,<Residue VAL het=  resseq=1241 icode= >,1s32_D_A,2.05
170,0.0,VAL, ,C,40.19,12.85,0.0,5.12,1.0,<Residue VAL het=  resseq=1241 icode= >,1s32_D_A,2.05
171,0.0,VAL, ,O,40.84,13.41,0.0,4.13,1.0,<Residue VAL het=  resseq=1241 icode= >,1s32_D_A,2.05
172,2.898,VAL, ,CB,39.92,13.87,2.898,3.90,1.0,<Residue VAL het=  resseq=1241 icode= >,1s32_D_A,2.05
173,39.567,VAL, ,CG1,34.99,15.26,38.582,2.42,1.0,<Residue VAL het=  resseq=1241 icode= >,1s32_D_A,2.05
174,42.029,VAL, ,CG2,37.88,12.88,42.029,2.54,1.0,<Residue VAL het=  resseq=1241 icode= >,1s32_D_A,2.05
175,0.387,LEU, ,N,38.55,11.63,0.387,4.59,1.0,<Residue LEU het=  resseq=1242 icode= >,1s32_D_A,2.05
176,3.222,LEU, ,CA,39.17,10.91,3.222,4.20,1.0,<Residue LEU het=  resseq=1242 icode= >,1s32_D_A,2.05
177,0.0,LEU, ,C,41.15,10.82,0.0,4.61,1.0,<Residue LEU het=  resseq=1242 icode= >,1s32_D_A,2.05
178,0.0,LEU, ,O,39.39,11.22,0.0,3.42,1.0,<Residue LEU het=  resseq=1242 icode= >,1s32_D_A,2.05
179,2.786,LEU, ,CB,36.33,9.57,2.786,4.15,1.0,<Residue LEU het=  resseq=1242 icode= >,1s32_D_A,2.05
180,0.0,LEU, ,CG,36.5,8.79,0.0,4.58,1.0,<Residue LEU het=  resseq=1242 icode= >,1s32_D_A,2.05
181,19.834,LEU, ,CD1,33.47,9.78,19.834,3.35,1.0,<Residue LEU het=  resseq=1242 icode= >,1s32_D_A,2.05
182,1.05,LEU, ,CD2,37.45,7.52,0.095,2.59,1.0,<Residue LEU het=  resseq=1242 icode= >,1s32_D_A,2.05
183,0.0,LYS, ,N,40.73,10.49,0.0,5.41,1.0,<Residue LYS het=  resseq=1243 icode= >,1s32_D_A,2.05
184,0.0,LYS, ,CA,46.5,10.65,0.0,3.60,1.0,<Residue LYS het=  resseq=1243 icode= >,1s32_D_A,2.05
185,0.909,LYS, ,C,44.52,12.13,0.0,5.29,1.0,<Residue LYS het=  resseq=1243 icode= >,1s32_D_A,2.05
186,5.105,LYS, ,O,47.09,12.59,0.0,3.08,1.0,<Residue LYS het=  resseq=1243 icode= >,1s32_D_A,2.05
187,19.527,LYS, ,CB,48.81,10.27,0.0,2.69,1.0,<Residue LYS het=  resseq=1243 icode= >,1s32_D_A,2.05
188,13.918,LYS, ,CG,53.66,8.89,0.0,1.91,1.0,<Residue LYS het=  resseq=1243 icode= >,1s32_D_A,2.05
189,29.801,LYS, ,CD,55.85,7.83,0.0,2.08,1.0,<Residue LYS het=  resseq=1243 icode= >,1s32_D_A,2.05
190,4.191,LYS, ,CE,56.84,7.43,0.0,2.23,1.0,<Residue LYS het=  resseq=1243 icode= >,1s32_D_A,2.05
191,12.641,LYS, ,NZ,58.32,6.97,0.0,1.44,1.0,<Residue LYS het=  resseq=1243 icode= >,1s32_D_A,2.05
192,0.16,GLN, ,N,41.7,13.01,0.0,5.35,1.0,<Residue GLN het=  resseq=1244 icode= >,1s32_D_A,2.05
193,9.085,GLN, ,CA,39.56,14.43,0.0,4.98,1.0,<Residue GLN het=  resseq=1244 icode= >,1s32_D_A,2.05
194,0.654,GLN, ,C,38.79,14.80,0.0,5.60,1.0,<Residue GLN het=  resseq=1244 icode= >,1s32_D_A,2.05
195,24.481,GLN, ,O,36.65,15.62,0.0,4.69,1.0,<Residue GLN het=  resseq=1244 icode= >,1s32_D_A,2.05
196,9.658,GLN, ,CB,38.86,15.37,0.0,4.35,1.0,<Residue GLN het=  resseq=1244 icode= >,1s32_D_A,2.05
197,19.455,GLN, ,CG,43.29,14.69,0.416,3.99,1.0,<Residue GLN het=  resseq=1244 icode= >,1s32_D_A,2.05
198,5.647,GLN, ,CD,44.96,14.34,1.565,4.93,1.0,<Residue GLN het=  resseq=1244 icode= >,1s32_D_A,2.05
199,20.453,GLN, ,OE1,47.65,14.64,6.607,3.59,1.0,<Residue GLN het=  resseq=1244 icode= >,1s32_D_A,2.05
200,58.616,GLN, ,NE2,43.94,13.90,25.835,2.83,1.0,<Residue GLN het=  resseq=1244 icode= >,1s32_D_A,2.05
201,0.0,VAL, ,N,35.86,14.32,0.0,4.71,1.0,<Residue VAL het=  resseq=1245 icode= >,1s32_D_A,2.05
202,5.643,VAL, ,CA,33.54,14.88,0.46,4.89,1.0,<Residue VAL het=  resseq=1245 icode= >,1s32_D_A,2.05
203,0.0,VAL, ,C,33.24,14.28,0.0,6.14,1.0,<Residue VAL het=  resseq=1245 icode= >,1s32_D_A,2.05
204,18.803,VAL, ,O,36.05,15.08,3.384,4.92,1.0,<Residue VAL het=  resseq=1245 icode= >,1s32_D_A,2.05
205,10.483,VAL, ,CB,32.62,15.10,10.451,4.46,1.0,<Residue VAL het=  resseq=1245 icode= >,1s32_D_A,2.05
206,41.345,VAL, ,CG1,30.49,15.95,22.64,3.32,1.0,<Residue VAL het=  resseq=1245 icode= >,1s32_D_A,2.05
207,14.245,VAL, ,CG2,30.4,13.83,14.245,2.49,1.0,<Residue VAL het=  resseq=1245 icode= >,1s32_D_A,2.05
208,0.0,HIS, ,N,34.06,12.97,0.0,4.57,1.0,<Residue HIS het=  resseq=1246 icode= >,1s32_D_A,2.05
209,2.247,HIS, ,CA,36.14,12.42,0.0,4.13,1.0,<Residue HIS het=  resseq=1246 icode= >,1s32_D_A,2.05
210,0.03,HIS, ,C,37.96,11.36,0.0,4.69,1.0,<Residue HIS het=  resseq=1246 icode= >,1s32_D_A,2.05
211,0.0,HIS, ,O,38.07,10.15,0.0,3.51,1.0,<Residue HIS het=  resseq=1246 icode= >,1s32_D_A,2.05
212,1.066,HIS, ,CB,36.41,11.94,0.0,2.85,1.0,<Residue HIS het=  resseq=1246 icode= >,1s32_D_A,2.05
213,0.159,HIS, ,CG,35.91,12.57,0.159,5.08,1.0,<Residue HIS het=  resseq=1246 icode= >,1s32_D_A,2.05
214,16.991,HIS, ,ND1,35.77,12.94,6.888,4.99,1.0,<Residue HIS het=  resseq=1246 icode= >,1s32_D_A,2.05
215,12.733,HIS, ,CD2,36.34,12.72,12.733,4.21,1.0,<Residue HIS het=  resseq=1246 icode= >,1s32_D_A,2.05
216,42.342,HIS, ,CE1,36.96,13.28,33.121,4.78,1.0,<Residue HIS het=  resseq=1246 icode= >,1s32_D_A,2.05
217,29.915,HIS, ,NE2,36.63,13.16,29.915,4.37,1.0,<Residue HIS het=  resseq=1246 icode= >,1s32_D_A,2.05
218,0.0,PRO, ,N,39.28,11.93,0.0,4.77,1.0,<Residue PRO het=  resseq=1247 icode= >,1s32_D_A,2.05
219,1.13,PRO, ,CA,38.89,11.32,0.0,4.29,1.0,<Residue PRO het=  resseq=1247 icode= >,1s32_D_A,2.05
220,0.0,PRO, ,C,40.47,10.20,0.0,4.88,1.0,<Residue PRO het=  resseq=1247 icode= >,1s32_D_A,2.05
221,12.649,PRO, ,O,42.39,9.33,0.0,3.00,1.0,<Residue PRO het=  resseq=1247 icode= >,1s32_D_A,2.05
222,25.605,PRO, ,CB,40.31,12.59,0.0,2.60,1.0,<Residue PRO het=  resseq=1247 icode= >,1s32_D_A,2.05
223,32.464,PRO, ,CG,40.56,13.69,0.0,2.57,1.0,<Residue PRO het=  resseq=1247 icode= >,1s32_D_A,2.05
224,19.089,PRO, ,CD,37.3,13.39,0.0,3.52,1.0,<Residue PRO het=  resseq=1247 icode= >,1s32_D_A,2.05
225,2.342,ASP, ,N,41.4,10.09,0.0,4.20,1.0,<Residue ASP het=  resseq=1248 icode= >,1s32_D_A,2.05
226,5.652,ASP, ,CA,43.61,8.66,0.0,3.11,1.0,<Residue ASP het=  resseq=1248 icode= >,1s32_D_A,2.05
227,4.062,ASP, ,C,44.14,8.16,0.0,3.45,1.0,<Residue ASP het=  resseq=1248 icode= >,1s32_D_A,2.05
228,27.629,ASP, ,O,44.0,7.13,16.686,3.00,1.0,<Residue ASP het=  resseq=1248 icode= >,1s32_D_A,2.05
229,31.243,ASP, ,CB,46.81,8.53,0.0,1.80,1.0,<Residue ASP het=  resseq=1248 icode= >,1s32_D_A,2.05
230,9.438,ASP, ,CG,51.7,9.33,0.0,2.56,1.0,<Residue ASP het=  resseq=1248 icode= >,1s32_D_A,2.05
231,22.349,ASP, ,OD1,52.63,9.54,0.0,1.98,1.0,<Residue ASP het=  resseq=1248 icode= >,1s32_D_A,2.05
232,41.517,ASP, ,OD2,51.95,9.98,0.0,1.98,1.0,<Residue ASP het=  resseq=1248 icode= >,1s32_D_A,2.05
233,0.0,THR, ,N,41.77,8.46,0.0,3.28,1.0,<Residue THR het=  resseq=1249 icode= >,1s32_D_A,2.05
234,4.373,THR, ,CA,38.97,7.99,4.305,3.68,1.0,<Residue THR het=  resseq=1249 icode= >,1s32_D_A,2.05
235,0.909,THR, ,C,36.08,6.66,0.0,6.39,1.0,<Residue THR het=  resseq=1249 icode= >,1s32_D_A,2.05
236,0.0,THR, ,O,36.68,6.57,0.0,4.80,1.0,<Residue THR het=  resseq=1249 icode= >,1s32_D_A,2.05
237,0.082,THR, ,CB,39.82,8.85,0.082,3.54,1.0,<Residue THR het=  resseq=1249 icode= >,1s32_D_A,2.05
238,21.034,THR, ,OG1,38.75,9.03,3.097,4.00,1.0,<Residue THR het=  resseq=1249 icode= >,1s32_D_A,2.05
239,36.59,THR, ,CG2,39.41,8.01,35.027,2.35,1.0,<Residue THR het=  resseq=1249 icode= >,1s32_D_A,2.05
240,13.0,GLY, ,N,36.17,5.85,11.389,4.51,1.0,<Residue GLY het=  resseq=1250 icode= >,1s32_D_A,2.05
241,32.634,GLY, ,CA,36.76,4.68,16.97,3.15,1.0,<Residue GLY het=  resseq=1250 icode= >,1s32_D_A,2.05
242,4.867,GLY, ,C,37.78,5.36,4.867,5.75,1.0,<Residue GLY het=  resseq=1250 icode= >,1s32_D_A,2.05
243,10.345,GLY, ,O,36.44,6.58,10.345,4.38,1.0,<Residue GLY het=  resseq=1250 icode= >,1s32_D_A,2.05
244,7.03,ILE, ,N,37.34,4.86,6.854,4.81,1.0,<Residue ILE het=  resseq=1251 icode= >,1s32_D_A,2.05
245,5.336,ILE, ,CA,38.11,5.95,5.336,4.41,1.0,<Residue ILE het=  resseq=1251 icode= >,1s32_D_A,2.05
246,2.49,ILE, ,C,38.53,5.37,2.49,5.02,1.0,<Residue ILE het=  resseq=1251 icode= >,1s32_D_A,2.05
247,12.992,ILE, ,O,38.13,4.63,11.345,4.25,1.0,<Residue ILE het=  resseq=1251 icode= >,1s32_D_A,2.05
248,0.789,ILE, ,CB,39.15,6.76,0.789,3.85,1.0,<Residue ILE het=  resseq=1251 icode= >,1s32_D_A,2.05
249,6.39,ILE, ,CG1,35.74,7.80,6.39,3.40,1.0,<Residue ILE het=  resseq=1251 icode= >,1s32_D_A,2.05
250,0.0,ILE, ,CG2,37.62,6.20,0.0,2.55,1.0,<Residue ILE het=  resseq=1251 icode= >,1s32_D_A,2.05
251,12.872,ILE, ,CD1,32.12,9.02,12.872,3.53,1.0,<Residue ILE het=  resseq=1251 icode= >,1s32_D_A,2.05
252,7.842,SER, ,N,38.51,4.69,7.842,4.19,1.0,<Residue SER het=  resseq=1252 icode= >,1s32_D_A,2.05
253,11.542,SER, ,CA,38.11,3.30,11.542,4.14,1.0,<Residue SER het=  resseq=1252 icode= >,1s32_D_A,2.05
254,0.0,SER, ,C,38.99,3.45,0.0,5.25,1.0,<Residue SER het=  resseq=1252 icode= >,1s32_D_A,2.05
255,0.0,SER, ,O,36.96,4.65,0.0,3.88,1.0,<Residue SER het=  resseq=1252 icode= >,1s32_D_A,2.05
256,42.503,SER, ,CB,38.65,3.34,32.519,3.74,1.0,<Residue SER het=  resseq=1252 icode= >,1s32_D_A,2.05
257,9.386,SER, ,OG,38.14,4.40,9.072,3.98,1.0,<Residue SER het=  resseq=1252 icode= >,1s32_D_A,2.05
258,7.305,SER, ,N,39.18,2.69,5.92,4.17,1.0,<Residue SER het=  resseq=1253 icode= >,1s32_D_A,2.05
259,5.184,SER, ,CA,40.62,3.76,0.0,3.51,1.0,<Residue SER het=  resseq=1253 icode= >,1s32_D_A,2.05
260,1.337,SER, ,C,39.43,4.73,0.0,4.77,1.0,<Residue SER het=  resseq=1253 icode= >,1s32_D_A,2.05
261,4.008,SER, ,O,38.32,5.92,0.0,4.29,1.0,<Residue SER het=  resseq=1253 icode= >,1s32_D_A,2.05
262,48.527,SER, ,CB,43.17,3.72,7.574,2.95,1.0,<Residue SER het=  resseq=1253 icode= >,1s32_D_A,2.05
263,27.974,SER, ,OG,48.62,2.99,14.899,1.97,1.0,<Residue SER het=  resseq=1253 icode= >,1s32_D_A,2.05
264,0.006,LYS, ,N,38.69,4.54,0.005,4.47,1.0,<Residue LYS het=  resseq=1254 icode= >,1s32_D_A,2.05
265,3.734,LYS, ,CA,37.97,5.85,0.0,4.69,1.0,<Residue LYS het=  resseq=1254 icode= >,1s32_D_A,2.05
266,0.0,LYS, ,C,37.24,6.73,0.0,5.87,1.0,<Residue LYS het=  resseq=1254 icode= >,1s32_D_A,2.05
267,1.122,LYS, ,O,34.43,7.90,0.549,3.99,1.0,<Residue LYS het=  resseq=1254 icode= >,1s32_D_A,2.05
268,16.37,LYS, ,CB,43.2,5.99,10.843,3.02,1.0,<Residue LYS het=  resseq=1254 icode= >,1s32_D_A,2.05
269,18.806,LYS, ,CG,47.95,5.82,0.2,2.03,1.0,<Residue LYS het=  resseq=1254 icode= >,1s32_D_A,2.05
270,31.845,LYS, ,CD,55.88,6.45,12.984,0.76,1.0,<Residue LYS het=  resseq=1254 icode= >,1s32_D_A,2.05
271,45.716,LYS, ,CE,58.08,6.59,0.0,1.57,1.0,<Residue LYS het=  resseq=1254 icode= >,1s32_D_A,2.05
272,48.724,LYS, ,NZ,61.71,6.34,4.351,1.48,1.0,<Residue LYS het=  resseq=1254 icode= >,1s32_D_A,2.05
273,0.398,ALA, ,N,34.33,6.39,0.398,4.68,1.0,<Residue ALA het=  resseq=1255 icode= >,1s32_D_A,2.05
274,2.214,ALA, ,CA,31.04,7.53,2.214,5.53,1.0,<Residue ALA het=  resseq=1255 icode= >,1s32_D_A,2.05
275,0.0,ALA, ,C,32.06,8.11,0.0,5.93,1.0,<Residue ALA het=  resseq=1255 icode= >,1s32_D_A,2.05
276,0.606,ALA, ,O,32.9,9.34,0.606,4.48,1.0,<Residue ALA het=  resseq=1255 icode= >,1s32_D_A,2.05
277,32.258,ALA, ,CB,31.04,7.43,32.258,3.53,1.0,<Residue ALA het=  resseq=1255 icode= >,1s32_D_A,2.05
278,0.0,MET, ,N,32.18,7.40,0.0,4.84,1.0,<Residue MET het=  resseq=1256 icode= >,1s32_D_A,2.05
279,0.0,MET, ,CA,33.38,8.25,0.0,4.59,1.0,<Residue MET het=  resseq=1256 icode= >,1s32_D_A,2.05
280,0.0,MET, ,C,32.76,9.11,0.0,6.27,1.0,<Residue MET het=  resseq=1256 icode= >,1s32_D_A,2.05
281,0.0,MET, ,O,35.42,10.31,0.0,4.73,1.0,<Residue MET het=  resseq=1256 icode= >,1s32_D_A,2.05
282,2.93,MET, ,CB,33.57,7.65,0.0,3.91,1.0,<Residue MET het=  resseq=1256 icode= >,1s32_D_A,2.05
283,11.737,MET, ,CG,36.4,8.58,0.0,4.09,1.0,<Residue MET het=  resseq=1256 icode= >,1s32_D_A,2.05
284,0.018,MET, ,SD,41.32,9.18,0.0,7.42,1.0,<Residue MET het=  resseq=1256 icode= >,1s32_D_A,2.05
285,0.001,MET, ,CE,40.19,7.80,0.0,2.07,1.0,<Residue MET het=  resseq=1256 icode= >,1s32_D_A,2.05
286,0.566,SER, ,N,32.03,8.68,0.0,6.22,1.0,<Residue SER het=  resseq=1257 icode= >,1s32_D_A,2.05
287,6.467,SER, ,CA,33.75,9.75,0.0,4.75,1.0,<Residue SER het=  resseq=1257 icode= >,1s32_D_A,2.05
288,0.655,SER, ,C,31.09,10.81,0.655,6.58,1.0,<Residue SER het=  resseq=1257 icode= >,1s32_D_A,2.05
289,0.543,SER, ,O,32.17,11.99,0.0,4.42,1.0,<Residue SER het=  resseq=1257 icode= >,1s32_D_A,2.05
290,25.851,SER, ,CB,32.96,9.39,7.051,4.99,1.0,<Residue SER het=  resseq=1257 icode= >,1s32_D_A,2.05
291,33.686,SER, ,OG,39.42,10.63,23.162,3.14,1.0,<Residue SER het=  resseq=1257 icode= >,1s32_D_A,2.05
292,0.0,ILE, ,N,30.24,10.51,0.0,5.01,1.0,<Residue ILE het=  resseq=1258 icode= >,1s32_D_A,2.05
293,1.558,ILE, ,CA,30.74,11.67,1.558,4.79,1.0,<Residue ILE het=  resseq=1258 icode= >,1s32_D_A,2.05
294,0.0,ILE, ,C,31.68,12.49,0.0,6.02,1.0,<Residue ILE het=  resseq=1258 icode= >,1s32_D_A,2.05
295,0.617,ILE, ,O,29.96,13.72,0.617,5.60,1.0,<Residue ILE het=  resseq=1258 icode= >,1s32_D_A,2.05
296,0.35,ILE, ,CB,31.06,11.43,0.35,5.23,1.0,<Residue ILE het=  resseq=1258 icode= >,1s32_D_A,2.05
297,21.858,ILE, ,CG1,34.33,11.23,21.772,3.58,1.0,<Residue ILE het=  resseq=1258 icode= >,1s32_D_A,2.05
298,43.089,ILE, ,CG2,30.08,12.76,41.427,4.41,1.0,<Residue ILE het=  resseq=1258 icode= >,1s32_D_A,2.05
299,52.59,ILE, ,CD1,34.03,10.86,51.035,2.61,1.0,<Residue ILE het=  resseq=1258 icode= >,1s32_D_A,2.05
300,0.0,MET, ,N,30.56,11.93,0.0,5.23,1.0,<Residue MET het=  resseq=1259 icode= >,1s32_D_A,2.05
301,0.0,MET, ,CA,30.39,12.86,0.0,4.50,1.0,<Residue MET het=  resseq=1259 icode= >,1s32_D_A,2.05
302,0.0,MET, ,C,28.8,12.20,0.0,6.92,1.0,<Residue MET het=  resseq=1259 icode= >,1s32_D_A,2.05
303,0.0,MET, ,O,27.66,12.25,0.0,5.83,1.0,<Residue MET het=  resseq=1259 icode= >,1s32_D_A,2.05
304,0.0,MET, ,CB,30.24,12.23,0.0,3.49,1.0,<Residue MET het=  resseq=1259 icode= >,1s32_D_A,2.05
305,3.74,MET, ,CG,29.54,11.93,3.74,3.81,1.0,<Residue MET het=  resseq=1259 icode= >,1s32_D_A,2.05
306,31.816,MET, ,SD,35.79,13.46,31.741,9.44,1.0,<Residue MET het=  resseq=1259 icode= >,1s32_D_A,2.05
307,33.239,MET, ,CE,34.07,14.50,33.239,3.01,1.0,<Residue MET het=  resseq=1259 icode= >,1s32_D_A,2.05
308,0.0,ASN, ,N,28.89,11.33,0.0,5.70,1.0,<Residue ASN het=  resseq=1260 icode= >,1s32_D_A,2.05
309,0.0,ASN, ,CA,31.35,10.33,0.0,5.31,1.0,<Residue ASN het=  resseq=1260 icode= >,1s32_D_A,2.05
310,0.0,ASN, ,C,33.07,11.16,0.0,5.34,1.0,<Residue ASN het=  resseq=1260 icode= >,1s32_D_A,2.05
311,0.0,ASN, ,O,32.81,10.93,0.0,4.14,1.0,<Residue ASN het=  resseq=1260 icode= >,1s32_D_A,2.05
312,4.684,ASN, ,CB,34.54,9.44,0.0,4.52,1.0,<Residue ASN het=  resseq=1260 icode= >,1s32_D_A,2.05
313,0.0,ASN, ,CG,41.38,8.28,0.0,5.20,1.0,<Residue ASN het=  resseq=1260 icode= >,1s32_D_A,2.05
314,0.0,ASN, ,OD1,42.82,7.50,0.0,3.62,1.0,<Residue ASN het=  resseq=1260 icode= >,1s32_D_A,2.05
315,26.9,ASN, ,ND2,40.99,8.40,5.772,2.92,1.0,<Residue ASN het=  resseq=1260 icode= >,1s32_D_A,2.05
316,0.135,SER, ,N,34.09,12.28,0.057,4.44,1.0,<Residue SER het=  resseq=1261 icode= >,1s32_D_A,2.05
317,4.652,SER, ,CA,33.91,13.27,4.605,4.58,1.0,<Residue SER het=  resseq=1261 icode= >,1s32_D_A,2.05
318,0.796,SER, ,C,33.32,13.93,0.796,5.98,1.0,<Residue SER het=  resseq=1261 icode= >,1s32_D_A,2.05
319,2.334,SER, ,O,32.34,14.33,1.169,4.84,1.0,<Residue SER het=  resseq=1261 icode= >,1s32_D_A,2.05
320,28.813,SER, ,CB,30.06,14.44,25.878,4.47,1.0,<Residue SER het=  resseq=1261 icode= >,1s32_D_A,2.05
321,30.367,SER, ,OG,36.62,14.17,29.79,4.32,1.0,<Residue SER het=  resseq=1261 icode= >,1s32_D_A,2.05
322,0.418,PHE, ,N,31.55,14.22,0.418,5.11,1.0,<Residue PHE het=  resseq=1262 icode= >,1s32_D_A,2.05
323,4.881,PHE, ,CA,31.87,15.01,4.881,4.76,1.0,<Residue PHE het=  resseq=1262 icode= >,1s32_D_A,2.05
324,0.0,PHE, ,C,30.67,14.39,0.0,5.95,1.0,<Residue PHE het=  resseq=1262 icode= >,1s32_D_A,2.05
325,0.0,PHE, ,O,30.73,15.08,0.0,4.54,1.0,<Residue PHE het=  resseq=1262 icode= >,1s32_D_A,2.05
326,7.226,PHE, ,CB,33.47,15.47,6.531,4.17,1.0,<Residue PHE het=  resseq=1262 icode= >,1s32_D_A,2.05
327,2.098,PHE, ,CG,33.28,16.28,2.098,5.10,1.0,<Residue PHE het=  resseq=1262 icode= >,1s32_D_A,2.05
328,18.62,PHE, ,CD1,35.36,17.53,18.529,3.57,1.0,<Residue PHE het=  resseq=1262 icode= >,1s32_D_A,2.05
329,1.515,PHE, ,CD2,36.76,15.94,1.515,3.51,1.0,<Residue PHE het=  resseq=1262 icode= >,1s32_D_A,2.05
330,24.909,PHE, ,CE1,37.1,18.39,24.909,2.76,1.0,<Residue PHE het=  resseq=1262 icode= >,1s32_D_A,2.05
331,30.38,PHE, ,CE2,38.72,16.87,28.173,3.28,1.0,<Residue PHE het=  resseq=1262 icode= >,1s32_D_A,2.05
332,29.877,PHE, ,CZ,36.47,18.08,29.877,3.34,1.0,<Residue PHE het=  resseq=1262 icode= >,1s32_D_A,2.05
333,0.0,VAL, ,N,30.6,13.17,0.0,4.94,1.0,<Residue VAL het=  resseq=1263 icode= >,1s32_D_A,2.05
334,2.089,VAL, ,CA,30.5,12.67,1.297,4.34,1.0,<Residue VAL het=  resseq=1263 icode= >,1s32_D_A,2.05
335,0.0,VAL, ,C,32.34,12.65,0.0,6.01,1.0,<Residue VAL het=  resseq=1263 icode= >,1s32_D_A,2.05
336,0.744,VAL, ,O,30.97,13.19,0.744,4.70,1.0,<Residue VAL het=  resseq=1263 icode= >,1s32_D_A,2.05
337,0.0,VAL, ,CB,28.72,11.35,0.0,4.49,1.0,<Residue VAL het=  resseq=1263 icode= >,1s32_D_A,2.05
338,23.657,VAL, ,CG1,28.6,11.10,23.657,2.37,1.0,<Residue VAL het=  resseq=1263 icode= >,1s32_D_A,2.05
339,16.701,VAL, ,CG2,31.28,11.65,16.024,2.58,1.0,<Residue VAL het=  resseq=1263 icode= >,1s32_D_A,2.05
340,0.0,ASN, ,N,32.61,12.22,0.0,5.19,1.0,<Residue ASN het=  resseq=1264 icode= >,1s32_D_A,2.05
341,0.659,ASN, ,CA,33.96,12.44,0.0,5.22,1.0,<Residue ASN het=  resseq=1264 icode= >,1s32_D_A,2.05
342,0.0,ASN, ,C,31.09,13.93,0.0,7.15,1.0,<Residue ASN het=  resseq=1264 icode= >,1s32_D_A,2.05
343,0.04,ASN, ,O,34.96,14.46,0.0,4.70,1.0,<Residue ASN het=  resseq=1264 icode= >,1s32_D_A,2.05
344,12.139,ASN, ,CB,36.53,11.98,10.198,3.56,1.0,<Residue ASN het=  resseq=1264 icode= >,1s32_D_A,2.05
345,5.2,ASN, ,CG,41.39,10.50,0.545,4.35,1.0,<Residue ASN het=  resseq=1264 icode= >,1s32_D_A,2.05
346,17.879,ASN, ,OD1,43.89,9.94,2.511,3.55,1.0,<Residue ASN het=  resseq=1264 icode= >,1s32_D_A,2.05
347,22.671,ASN, ,ND2,44.2,10.01,10.455,2.72,1.0,<Residue ASN het=  resseq=1264 icode= >,1s32_D_A,2.05
348,0.441,ASP, ,N,34.63,14.71,0.372,5.14,1.0,<Residue ASP het=  resseq=1265 icode= >,1s32_D_A,2.05
349,2.608,ASP, ,CA,33.1,16.15,0.197,4.85,1.0,<Residue ASP het=  resseq=1265 icode= >,1s32_D_A,2.05
350,0.0,ASP, ,C,34.6,16.73,0.0,6.02,1.0,<Residue ASP het=  resseq=1265 icode= >,1s32_D_A,2.05
351,0.0,ASP, ,O,32.93,17.47,0.0,5.55,1.0,<Residue ASP het=  resseq=1265 icode= >,1s32_D_A,2.05
352,9.067,ASP, ,CB,34.46,16.86,5.451,3.76,1.0,<Residue ASP het=  resseq=1265 icode= >,1s32_D_A,2.05
353,8.371,ASP, ,CG,37.75,18.34,7.945,5.51,1.0,<Residue ASP het=  resseq=1265 icode= >,1s32_D_A,2.05
354,18.136,ASP, ,OD1,42.0,18.74,8.976,3.23,1.0,<Residue ASP het=  resseq=1265 icode= >,1s32_D_A,2.05
355,18.194,ASP, ,OD2,34.52,19.17,17.844,4.40,1.0,<Residue ASP het=  resseq=1265 icode= >,1s32_D_A,2.05
356,0.0,VAL, ,N,33.75,16.48,0.0,4.73,1.0,<Residue VAL het=  resseq=1266 icode= >,1s32_D_A,2.05
357,0.217,VAL, ,CA,32.78,17.17,0.0,4.19,1.0,<Residue VAL het=  resseq=1266 icode= >,1s32_D_A,2.05
358,0.0,VAL, ,C,31.61,16.79,0.0,6.40,1.0,<Residue VAL het=  resseq=1266 icode= >,1s32_D_A,2.05
359,0.0,VAL, ,O,30.72,17.18,0.0,4.99,1.0,<Residue VAL het=  resseq=1266 icode= >,1s32_D_A,2.05
360,3.205,VAL, ,CB,33.81,17.08,2.659,4.01,1.0,<Residue VAL het=  resseq=1266 icode= >,1s32_D_A,2.05
361,23.128,VAL, ,CG1,34.16,17.85,20.861,1.76,1.0,<Residue VAL het=  resseq=1266 icode= >,1s32_D_A,2.05
362,12.506,VAL, ,CG2,32.8,17.79,12.133,3.24,1.0,<Residue VAL het=  resseq=1266 icode= >,1s32_D_A,2.05
363,0.598,PHE, ,N,32.95,15.52,0.598,5.24,1.0,<Residue PHE het=  resseq=1267 icode= >,1s32_D_A,2.05
364,7.149,PHE, ,CA,34.47,14.53,7.149,4.63,1.0,<Residue PHE het=  resseq=1267 icode= >,1s32_D_A,2.05
365,0.0,PHE, ,C,35.33,15.08,0.0,5.03,1.0,<Residue PHE het=  resseq=1267 icode= >,1s32_D_A,2.05
366,0.747,PHE, ,O,34.17,15.27,0.747,3.70,1.0,<Residue PHE het=  resseq=1267 icode= >,1s32_D_A,2.05
367,2.341,PHE, ,CB,36.96,13.19,2.284,3.06,1.0,<Residue PHE het=  resseq=1267 icode= >,1s32_D_A,2.05
368,1.225,PHE, ,CG,40.32,12.16,0.539,3.91,1.0,<Residue PHE het=  resseq=1267 icode= >,1s32_D_A,2.05
369,17.28,PHE, ,CD1,42.86,11.19,17.28,3.14,1.0,<Residue PHE het=  resseq=1267 icode= >,1s32_D_A,2.05
370,6.118,PHE, ,CD2,44.36,12.35,0.79,2.53,1.0,<Residue PHE het=  resseq=1267 icode= >,1s32_D_A,2.05
371,33.186,PHE, ,CE1,43.6,10.37,33.186,3.18,1.0,<Residue PHE het=  resseq=1267 icode= >,1s32_D_A,2.05
372,24.181,PHE, ,CE2,45.95,11.61,19.175,2.44,1.0,<Residue PHE het=  resseq=1267 icode= >,1s32_D_A,2.05
373,32.509,PHE, ,CZ,44.64,10.60,32.509,2.72,1.0,<Residue PHE het=  resseq=1267 icode= >,1s32_D_A,2.05
374,0.0,GLU, ,N,35.53,15.51,0.0,4.73,1.0,<Residue GLU het=  resseq=1268 icode= >,1s32_D_A,2.05
375,3.593,GLU, ,CA,36.84,16.21,3.593,4.26,1.0,<Residue GLU het=  resseq=1268 icode= >,1s32_D_A,2.05
376,1.22,GLU, ,C,34.98,17.44,0.0,5.74,1.0,<Residue GLU het=  resseq=1268 icode= >,1s32_D_A,2.05
377,6.24,GLU, ,O,35.4,17.32,1.633,4.46,1.0,<Residue GLU het=  resseq=1268 icode= >,1s32_D_A,2.05
378,12.345,GLU, ,CB,40.39,16.73,0.818,2.81,1.0,<Residue GLU het=  resseq=1268 icode= >,1s32_D_A,2.05
379,17.689,GLU, ,CG,50.24,15.74,6.766,1.10,1.0,<Residue GLU het=  resseq=1268 icode= >,1s32_D_A,2.05
380,9.606,GLU, ,CD,57.01,16.11,1.832,1.39,1.0,<Residue GLU het=  resseq=1268 icode= >,1s32_D_A,2.05
381,34.015,GLU, ,OE1,58.82,15.24,10.548,1.08,1.0,<Residue GLU het=  resseq=1268 icode= >,1s32_D_A,2.05
382,28.766,GLU, ,OE2,59.24,17.17,20.751,1.34,1.0,<Residue GLU het=  resseq=1268 icode= >,1s32_D_A,2.05
383,0.0,ARG, ,N,33.15,18.21,0.0,4.64,1.0,<Residue ARG het=  resseq=1269 icode= >,1s32_D_A,2.05
384,5.908,ARG, ,CA,34.67,19.44,0.0,4.37,1.0,<Residue ARG het=  resseq=1269 icode= >,1s32_D_A,2.05
385,0.0,ARG, ,C,34.22,19.27,0.0,5.18,1.0,<Residue ARG het=  resseq=1269 icode= >,1s32_D_A,2.05
386,0.202,ARG, ,O,34.62,19.99,0.0,4.46,1.0,<Residue ARG het=  resseq=1269 icode= >,1s32_D_A,2.05
387,2.259,ARG, ,CB,33.94,20.33,0.0,3.65,1.0,<Residue ARG het=  resseq=1269 icode= >,1s32_D_A,2.05
388,16.845,ARG, ,CG,37.35,20.98,0.0,2.90,1.0,<Residue ARG het=  resseq=1269 icode= >,1s32_D_A,2.05
389,17.618,ARG, ,CD,40.27,22.21,0.638,2.70,1.0,<Residue ARG het=  resseq=1269 icode= >,1s32_D_A,2.05
390,3.055,ARG, ,NE,37.24,22.32,0.0,4.61,1.0,<Residue ARG het=  resseq=1269 icode= >,1s32_D_A,2.05
391,5.686,ARG, ,CZ,39.54,23.30,1.555,5.58,1.0,<Residue ARG het=  resseq=1269 icode= >,1s32_D_A,2.05
392,49.92,ARG, ,NH1,33.36,24.20,28.167,3.84,1.0,<Residue ARG het=  resseq=1269 icode= >,1s32_D_A,2.05
393,38.174,ARG, ,NH2,39.58,23.48,32.788,2.53,1.0,<Residue ARG het=  resseq=1269 icode= >,1s32_D_A,2.05
394,0.0,ILE, ,N,34.41,18.00,0.0,4.61,1.0,<Residue ILE het=  resseq=1270 icode= >,1s32_D_A,2.05
395,0.0,ILE, ,CA,32.89,17.18,0.0,4.58,1.0,<Residue ILE het=  resseq=1270 icode= >,1s32_D_A,2.05
396,0.0,ILE, ,C,32.99,15.86,0.0,5.61,1.0,<Residue ILE het=  resseq=1270 icode= >,1s32_D_A,2.05
397,0.0,ILE, ,O,34.79,15.55,0.0,3.64,1.0,<Residue ILE het=  resseq=1270 icode= >,1s32_D_A,2.05
398,1.198,ILE, ,CB,34.5,17.01,1.198,3.59,1.0,<Residue ILE het=  resseq=1270 icode= >,1s32_D_A,2.05
399,0.444,ILE, ,CG1,34.23,18.40,0.0,3.16,1.0,<Residue ILE het=  resseq=1270 icode= >,1s32_D_A,2.05
400,5.889,ILE, ,CG2,33.45,16.01,5.889,2.55,1.0,<Residue ILE het=  resseq=1270 icode= >,1s32_D_A,2.05
401,22.97,ILE, ,CD1,37.68,18.02,22.97,1.80,1.0,<Residue ILE het=  resseq=1270 icode= >,1s32_D_A,2.05
402,0.37,ALA, ,N,34.07,15.20,0.37,4.19,1.0,<Residue ALA het=  resseq=1271 icode= >,1s32_D_A,2.05
403,0.857,ALA, ,CA,34.79,13.96,0.857,3.80,1.0,<Residue ALA het=  resseq=1271 icode= >,1s32_D_A,2.05
404,1.246,ALA, ,C,33.97,14.30,1.246,6.07,1.0,<Residue ALA het=  resseq=1271 icode= >,1s32_D_A,2.05
405,0.474,ALA, ,O,34.27,13.63,0.474,5.03,1.0,<Residue ALA het=  resseq=1271 icode= >,1s32_D_A,2.05
406,31.249,ALA, ,CB,33.18,13.52,31.249,2.52,1.0,<Residue ALA het=  resseq=1271 icode= >,1s32_D_A,2.05
407,0.671,GLY, ,N,35.88,15.50,0.671,4.42,1.0,<Residue GLY het=  resseq=1272 icode= >,1s32_D_A,2.05
408,17.341,GLY, ,CA,36.58,15.93,7.026,3.78,1.0,<Residue GLY het=  resseq=1272 icode= >,1s32_D_A,2.05
409,0.0,GLY, ,C,38.93,15.34,0.0,5.51,1.0,<Residue GLY het=  resseq=1272 icode= >,1s32_D_A,2.05
410,0.437,GLY, ,O,39.42,14.66,0.0,4.37,1.0,<Residue GLY het=  resseq=1272 icode= >,1s32_D_A,2.05
411,0.0,GLU, ,N,38.62,15.75,0.0,4.11,1.0,<Residue GLU het=  resseq=1273 icode= >,1s32_D_A,2.05
412,0.0,GLU, ,CA,40.36,15.40,0.0,4.52,1.0,<Residue GLU het=  resseq=1273 icode= >,1s32_D_A,2.05
413,0.0,GLU, ,C,39.28,13.91,0.0,5.23,1.0,<Residue GLU het=  resseq=1273 icode= >,1s32_D_A,2.05
414,1.186,GLU, ,O,38.67,13.34,0.0,3.71,1.0,<Residue GLU het=  resseq=1273 icode= >,1s32_D_A,2.05
415,0.0,GLU, ,CB,42.39,16.22,0.0,2.78,1.0,<Residue GLU het=  resseq=1273 icode= >,1s32_D_A,2.05
416,1.202,GLU, ,CG,50.31,17.71,0.0,1.30,1.0,<Residue GLU het=  resseq=1273 icode= >,1s32_D_A,2.05
417,0.911,GLU, ,CD,53.11,18.23,0.911,2.99,1.0,<Residue GLU het=  resseq=1273 icode= >,1s32_D_A,2.05
418,14.421,GLU, ,OE1,53.99,17.53,12.854,2.39,1.0,<Residue GLU het=  resseq=1273 icode= >,1s32_D_A,2.05
419,24.513,GLU, ,OE2,55.08,19.44,15.854,2.34,1.0,<Residue GLU het=  resseq=1273 icode= >,1s32_D_A,2.05
420,0.0,ALA, ,N,38.88,13.38,0.0,3.80,1.0,<Residue ALA het=  resseq=1274 icode= >,1s32_D_A,2.05
421,0.0,ALA, ,CA,39.07,11.97,0.0,3.53,1.0,<Residue ALA het=  resseq=1274 icode= >,1s32_D_A,2.05
422,0.0,ALA, ,C,37.69,11.09,0.0,4.96,1.0,<Residue ALA het=  resseq=1274 icode= >,1s32_D_A,2.05
423,0.0,ALA, ,O,37.86,10.07,0.0,4.39,1.0,<Residue ALA het=  resseq=1274 icode= >,1s32_D_A,2.05
424,0.0,ALA, ,CB,38.43,11.85,0.0,1.73,1.0,<Residue ALA het=  resseq=1274 icode= >,1s32_D_A,2.05
425,0.0,SER, ,N,37.93,11.65,0.0,3.82,1.0,<Residue SER het=  resseq=1275 icode= >,1s32_D_A,2.05
426,0.668,SER, ,CA,40.73,11.19,0.668,3.73,1.0,<Residue SER het=  resseq=1275 icode= >,1s32_D_A,2.05
427,0.0,SER, ,C,42.29,11.18,0.0,4.54,1.0,<Residue SER het=  resseq=1275 icode= >,1s32_D_A,2.05
428,0.006,SER, ,O,41.85,10.26,0.0,3.60,1.0,<Residue SER het=  resseq=1275 icode= >,1s32_D_A,2.05
429,17.431,SER, ,CB,40.02,12.27,11.775,3.28,1.0,<Residue SER het=  resseq=1275 icode= >,1s32_D_A,2.05
430,21.656,SER, ,OG,42.9,12.07,12.768,3.16,1.0,<Residue SER het=  resseq=1275 icode= >,1s32_D_A,2.05
431,0.041,ARG, ,N,45.06,12.33,0.0,3.53,1.0,<Residue ARG het=  resseq=1276 icode= >,1s32_D_A,2.05
432,0.601,ARG, ,CA,46.14,12.68,0.0,3.45,1.0,<Residue ARG het=  resseq=1276 icode= >,1s32_D_A,2.05
433,0.0,ARG, ,C,46.44,11.82,0.0,4.67,1.0,<Residue ARG het=  resseq=1276 icode= >,1s32_D_A,2.05
434,0.0,ARG, ,O,45.51,11.45,0.0,3.53,1.0,<Residue ARG het=  resseq=1276 icode= >,1s32_D_A,2.05
435,1.699,ARG, ,CB,47.95,14.13,0.594,2.41,1.0,<Residue ARG het=  resseq=1276 icode= >,1s32_D_A,2.05
436,21.207,ARG, ,CG,50.76,15.22,0.0,2.27,1.0,<Residue ARG het=  resseq=1276 icode= >,1s32_D_A,2.05
437,19.584,ARG, ,CD,54.98,16.56,0.883,2.36,1.0,<Residue ARG het=  resseq=1276 icode= >,1s32_D_A,2.05
438,15.937,ARG, ,NE,58.63,17.24,0.0,2.61,1.0,<Residue ARG het=  resseq=1276 icode= >,1s32_D_A,2.05
439,4.847,ARG, ,CZ,58.35,17.67,0.0,3.96,1.0,<Residue ARG het=  resseq=1276 icode= >,1s32_D_A,2.05
440,7.278,ARG, ,NH1,61.94,17.53,1.597,1.42,1.0,<Residue ARG het=  resseq=1276 icode= >,1s32_D_A,2.05
441,40.469,ARG, ,NH2,61.38,18.34,0.0,1.58,1.0,<Residue ARG het=  resseq=1276 icode= >,1s32_D_A,2.05
442,0.0,LEU, ,N,45.74,11.72,0.0,3.81,1.0,<Residue LEU het=  resseq=1277 icode= >,1s32_D_A,2.05
443,0.0,LEU, ,CA,45.91,11.13,0.0,3.86,1.0,<Residue LEU het=  resseq=1277 icode= >,1s32_D_A,2.05
444,0.0,LEU, ,C,45.77,9.70,0.0,3.98,1.0,<Residue LEU het=  resseq=1277 icode= >,1s32_D_A,2.05
445,0.0,LEU, ,O,45.72,9.49,0.0,2.87,1.0,<Residue LEU het=  resseq=1277 icode= >,1s32_D_A,2.05
446,1.676,LEU, ,CB,45.07,11.33,1.588,3.49,1.0,<Residue LEU het=  resseq=1277 icode= >,1s32_D_A,2.05
447,1.22,LEU, ,CG,48.38,11.14,1.22,2.62,1.0,<Residue LEU het=  resseq=1277 icode= >,1s32_D_A,2.05
448,25.543,LEU, ,CD1,45.27,11.72,25.543,1.82,1.0,<Residue LEU het=  resseq=1277 icode= >,1s32_D_A,2.05
449,4.08,LEU, ,CD2,50.13,11.29,4.08,0.87,1.0,<Residue LEU het=  resseq=1277 icode= >,1s32_D_A,2.05
450,0.0,ALA, ,N,45.27,8.86,0.0,3.22,1.0,<Residue ALA het=  resseq=1278 icode= >,1s32_D_A,2.05
451,0.036,ALA, ,CA,46.98,7.50,0.0,3.21,1.0,<Residue ALA het=  resseq=1278 icode= >,1s32_D_A,2.05
452,0.0,ALA, ,C,47.84,7.75,0.0,4.97,1.0,<Residue ALA het=  resseq=1278 icode= >,1s32_D_A,2.05
453,0.0,ALA, ,O,46.99,7.19,0.0,3.74,1.0,<Residue ALA het=  resseq=1278 icode= >,1s32_D_A,2.05
454,4.846,ALA, ,CB,45.88,6.94,4.585,1.54,1.0,<Residue ALA het=  resseq=1278 icode= >,1s32_D_A,2.05
455,0.0,HIS, ,N,49.21,8.78,0.0,3.17,1.0,<Residue HIS het=  resseq=1279 icode= >,1s32_D_A,2.05
456,1.456,HIS, ,CA,51.83,9.10,0.0,3.66,1.0,<Residue HIS het=  resseq=1279 icode= >,1s32_D_A,2.05
457,1.196,HIS, ,C,50.72,9.50,0.0,5.34,1.0,<Residue HIS het=  resseq=1279 icode= >,1s32_D_A,2.05
458,11.099,HIS, ,O,51.24,9.19,0.0,3.49,1.0,<Residue HIS het=  resseq=1279 icode= >,1s32_D_A,2.05
459,16.734,HIS, ,CB,55.2,10.33,0.0,2.11,1.0,<Residue HIS het=  resseq=1279 icode= >,1s32_D_A,2.05
460,2.644,HIS, ,CG,59.37,10.23,0.835,2.80,1.0,<Residue HIS het=  resseq=1279 icode= >,1s32_D_A,2.05
461,16.634,HIS, ,ND1,63.33,9.41,5.065,1.61,1.0,<Residue HIS het=  resseq=1279 icode= >,1s32_D_A,2.05
462,13.847,HIS, ,CD2,61.69,11.06,3.539,1.23,1.0,<Residue HIS het=  resseq=1279 icode= >,1s32_D_A,2.05
463,41.669,HIS, ,CE1,63.23,9.81,37.713,1.92,1.0,<Residue HIS het=  resseq=1279 icode= >,1s32_D_A,2.05
464,22.368,HIS, ,NE2,63.06,10.80,22.261,2.46,1.0,<Residue HIS het=  resseq=1279 icode= >,1s32_D_A,2.05
465,0.0,TYR, ,N,50.41,10.40,0.0,4.04,1.0,<Residue TYR het=  resseq=1280 icode= >,1s32_D_A,2.05
466,7.364,TYR, ,CA,51.9,11.08,3.798,3.33,1.0,<Residue TYR het=  resseq=1280 icode= >,1s32_D_A,2.05
467,0.097,TYR, ,C,52.56,10.21,0.0,3.97,1.0,<Residue TYR het=  resseq=1280 icode= >,1s32_D_A,2.05
468,25.535,TYR, ,O,53.48,9.13,3.064,2.26,1.0,<Residue TYR het=  resseq=1280 icode= >,1s32_D_A,2.05
469,14.231,TYR, ,CB,52.25,11.48,11.022,2.75,1.0,<Residue TYR het=  resseq=1280 icode= >,1s32_D_A,2.05
470,2.156,TYR, ,CG,54.56,12.68,2.156,2.98,1.0,<Residue TYR het=  resseq=1280 icode= >,1s32_D_A,2.05
471,15.221,TYR, ,CD1,55.16,13.25,15.221,2.46,1.0,<Residue TYR het=  resseq=1280 icode= >,1s32_D_A,2.05
472,13.376,TYR, ,CD2,55.62,13.40,8.536,2.35,1.0,<Residue TYR het=  resseq=1280 icode= >,1s32_D_A,2.05
473,25.962,TYR, ,CE1,55.97,14.44,25.902,2.53,1.0,<Residue TYR het=  resseq=1280 icode= >,1s32_D_A,2.05
474,25.137,TYR, ,CE2,58.31,14.58,9.458,1.42,1.0,<Residue TYR het=  resseq=1280 icode= >,1s32_D_A,2.05
475,4.987,TYR, ,CZ,57.93,15.05,4.987,2.55,1.0,<Residue TYR het=  resseq=1280 icode= >,1s32_D_A,2.05
476,26.415,TYR, ,OH,59.28,16.27,20.913,1.58,1.0,<Residue TYR het=  resseq=1280 icode= >,1s32_D_A,2.05
477,0.0,ASN, ,N,52.33,9.15,0.0,3.18,1.0,<Residue ASN het=  resseq=1281 icode= >,1s32_D_A,2.05
478,6.095,ASN, ,CA,52.52,8.45,0.0,3.38,1.0,<Residue ASN het=  resseq=1281 icode= >,1s32_D_A,2.05
479,1.288,ASN, ,C,54.13,7.19,0.0,3.57,1.0,<Residue ASN het=  resseq=1281 icode= >,1s32_D_A,2.05
480,5.036,ASN, ,O,54.66,6.49,0.0,2.32,1.0,<Residue ASN het=  resseq=1281 icode= >,1s32_D_A,2.05
481,9.541,ASN, ,CB,51.53,7.94,2.02,2.61,1.0,<Residue ASN het=  resseq=1281 icode= >,1s32_D_A,2.05
482,6.589,ASN, ,CG,51.85,8.53,4.654,3.57,1.0,<Residue ASN het=  resseq=1281 icode= >,1s32_D_A,2.05
483,40.25,ASN, ,OD1,50.42,8.33,28.947,3.21,1.0,<Residue ASN het=  resseq=1281 icode= >,1s32_D_A,2.05
484,14.021,ASN, ,ND2,53.18,9.51,9.015,2.18,1.0,<Residue ASN het=  resseq=1281 icode= >,1s32_D_A,2.05
485,0.0,LYS, ,N,54.56,7.15,0.0,3.35,1.0,<Residue LYS het=  resseq=1282 icode= >,1s32_D_A,2.05
486,7.813,LYS, ,CA,57.39,6.27,0.0,3.08,1.0,<Residue LYS het=  resseq=1282 icode= >,1s32_D_A,2.05
487,3.622,LYS, ,C,56.99,4.76,0.0,3.96,1.0,<Residue LYS het=  resseq=1282 icode= >,1s32_D_A,2.05
488,17.917,LYS, ,O,56.99,4.09,3.481,2.84,1.0,<Residue LYS het=  resseq=1282 icode= >,1s32_D_A,2.05
489,15.379,LYS, ,CB,58.77,6.81,0.0,2.26,1.0,<Residue LYS het=  resseq=1282 icode= >,1s32_D_A,2.05
490,13.584,LYS, ,CG,63.06,8.31,0.0,2.06,1.0,<Residue LYS het=  resseq=1282 icode= >,1s32_D_A,2.05
491,32.396,LYS, ,CD,67.57,7.80,0.0,0.78,1.0,<Residue LYS het=  resseq=1282 icode= >,1s32_D_A,2.05
492,43.972,LYS, ,CE,70.38,7.52,0.0,0.25,1.0,<Residue LYS het=  resseq=1282 icode= >,1s32_D_A,2.05
493,49.191,LYS, ,NZ,72.57,6.10,0.0,-0.20,1.0,<Residue LYS het=  resseq=1282 icode= >,1s32_D_A,2.05
494,0.0,ARG, ,N,57.19,4.56,0.0,2.77,1.0,<Residue ARG het=  resseq=1283 icode= >,1s32_D_A,2.05
495,2.886,ARG, ,CA,56.43,3.40,2.847,4.00,1.0,<Residue ARG het=  resseq=1283 icode= >,1s32_D_A,2.05
496,2.062,ARG, ,C,54.83,3.75,0.0,4.22,1.0,<Residue ARG het=  resseq=1283 icode= >,1s32_D_A,2.05
497,4.197,ARG, ,O,56.16,4.96,0.139,2.01,1.0,<Residue ARG het=  resseq=1283 icode= >,1s32_D_A,2.05
498,3.125,ARG, ,CB,59.18,3.69,2.164,2.14,1.0,<Residue ARG het=  resseq=1283 icode= >,1s32_D_A,2.05
499,7.876,ARG, ,CG,63.97,4.38,0.009,1.78,1.0,<Residue ARG het=  resseq=1283 icode= >,1s32_D_A,2.05
500,20.038,ARG, ,CD,68.65,3.75,19.119,1.12,1.0,<Residue ARG het=  resseq=1283 icode= >,1s32_D_A,2.05
501,15.968,ARG, ,NE,72.07,3.80,10.496,1.50,1.0,<Residue ARG het=  resseq=1283 icode= >,1s32_D_A,2.05
502,5.386,ARG, ,CZ,73.77,3.64,5.069,1.67,1.0,<Residue ARG het=  resseq=1283 icode= >,1s32_D_A,2.05
503,35.363,ARG, ,NH1,74.93,4.12,7.786,0.83,1.0,<Residue ARG het=  resseq=1283 icode= >,1s32_D_A,2.05
504,59.777,ARG, ,NH2,75.11,2.89,22.18,0.38,1.0,<Residue ARG het=  resseq=1283 icode= >,1s32_D_A,2.05
505,3.92,SER, ,N,52.41,3.14,3.563,3.57,1.0,<Residue SER het=  resseq=1284 icode= >,1s32_D_A,2.05
506,7.17,SER, ,CA,50.74,4.24,4.124,2.99,1.0,<Residue SER het=  resseq=1284 icode= >,1s32_D_A,2.05
507,3.02,SER, ,C,48.68,4.05,3.02,4.35,1.0,<Residue SER het=  resseq=1284 icode= >,1s32_D_A,2.05
508,29.344,SER, ,O,47.49,5.06,29.344,3.95,1.0,<Residue SER het=  resseq=1284 icode= >,1s32_D_A,2.05
509,45.595,SER, ,CB,52.14,4.34,24.509,2.02,1.0,<Residue SER het=  resseq=1284 icode= >,1s32_D_A,2.05
510,33.14,SER, ,OG,52.09,3.34,27.484,2.30,1.0,<Residue SER het=  resseq=1284 icode= >,1s32_D_A,2.05
511,0.0,THR, ,N,47.63,3.23,0.0,3.13,1.0,<Residue THR het=  resseq=1285 icode= >,1s32_D_A,2.05
512,2.28,THR, ,CA,46.76,3.78,2.28,3.02,1.0,<Residue THR het=  resseq=1285 icode= >,1s32_D_A,2.05
513,0.023,THR, ,C,45.16,4.57,0.023,4.13,1.0,<Residue THR het=  resseq=1285 icode= >,1s32_D_A,2.05
514,1.668,THR, ,O,43.29,4.34,0.115,3.73,1.0,<Residue THR het=  resseq=1285 icode= >,1s32_D_A,2.05
515,10.271,THR, ,CB,48.63,3.20,8.43,3.06,1.0,<Residue THR het=  resseq=1285 icode= >,1s32_D_A,2.05
516,27.022,THR, ,OG1,50.4,2.82,27.022,2.45,1.0,<Residue THR het=  resseq=1285 icode= >,1s32_D_A,2.05
517,42.447,THR, ,CG2,47.94,4.31,39.868,1.68,1.0,<Residue THR het=  resseq=1285 icode= >,1s32_D_A,2.05
518,5.658,ILE, ,N,41.74,5.84,5.658,4.19,1.0,<Residue ILE het=  resseq=1286 icode= >,1s32_D_A,2.05
519,0.0,ILE, ,CA,41.63,6.86,0.0,3.48,1.0,<Residue ILE het=  resseq=1286 icode= >,1s32_D_A,2.05
520,0.0,ILE, ,C,41.42,7.25,0.0,4.67,1.0,<Residue ILE het=  resseq=1286 icode= >,1s32_D_A,2.05
521,21.19,ILE, ,O,40.0,6.80,21.19,3.62,1.0,<Residue ILE het=  resseq=1286 icode= >,1s32_D_A,2.05
522,8.45,ILE, ,CB,39.24,8.15,8.45,3.37,1.0,<Residue ILE het=  resseq=1286 icode= >,1s32_D_A,2.05
523,6.566,ILE, ,CG1,42.94,8.33,6.566,1.61,1.0,<Residue ILE het=  resseq=1286 icode= >,1s32_D_A,2.05
524,11.002,ILE, ,CG2,36.33,9.09,11.002,1.97,1.0,<Residue ILE het=  resseq=1286 icode= >,1s32_D_A,2.05
525,32.359,ILE, ,CD1,41.47,9.45,32.272,1.65,1.0,<Residue ILE het=  resseq=1286 icode= >,1s32_D_A,2.05
526,0.0,THR, ,N,40.74,7.22,0.0,4.10,1.0,<Residue THR het=  resseq=1287 icode= >,1s32_D_A,2.05
527,6.52,THR, ,CA,42.93,6.68,6.52,3.59,1.0,<Residue THR het=  resseq=1287 icode= >,1s32_D_A,2.05
528,1.608,THR, ,C,42.83,7.71,1.608,4.48,1.0,<Residue THR het=  resseq=1287 icode= >,1s32_D_A,2.05
529,0.0,THR, ,O,41.04,8.88,0.0,3.36,1.0,<Residue THR het=  resseq=1287 icode= >,1s32_D_A,2.05
530,13.687,THR, ,CB,43.77,6.32,1.049,3.45,1.0,<Residue THR het=  resseq=1287 icode= >,1s32_D_A,2.05
531,3.803,THR, ,OG1,45.29,6.76,0.0,3.10,1.0,<Residue THR het=  resseq=1287 icode= >,1s32_D_A,2.05
532,36.981,THR, ,CG2,45.9,5.81,5.655,0.84,1.0,<Residue THR het=  resseq=1287 icode= >,1s32_D_A,2.05
533,7.336,SER, ,N,40.05,7.48,6.183,3.89,1.0,<Residue SER het=  resseq=1288 icode= >,1s32_D_A,2.05
534,3.181,SER, ,CA,42.22,8.68,3.181,3.40,1.0,<Residue SER het=  resseq=1288 icode= >,1s32_D_A,2.05
535,1.049,SER, ,C,41.47,9.77,0.195,5.28,1.0,<Residue SER het=  resseq=1288 icode= >,1s32_D_A,2.05
536,2.48,SER, ,O,42.79,10.94,2.48,3.66,1.0,<Residue SER het=  resseq=1288 icode= >,1s32_D_A,2.05
537,24.298,SER, ,CB,41.05,8.58,23.268,2.75,1.0,<Residue SER het=  resseq=1288 icode= >,1s32_D_A,2.05
538,25.308,SER, ,OG,43.73,8.28,0.618,2.79,1.0,<Residue SER het=  resseq=1288 icode= >,1s32_D_A,2.05
539,0.28,ARG, ,N,41.76,9.17,0.0,4.23,1.0,<Residue ARG het=  resseq=1289 icode= >,1s32_D_A,2.05
540,3.828,ARG, ,CA,43.62,8.90,0.0,3.51,1.0,<Residue ARG het=  resseq=1289 icode= >,1s32_D_A,2.05
541,0.31,ARG, ,C,44.37,9.33,0.31,4.39,1.0,<Residue ARG het=  resseq=1289 icode= >,1s32_D_A,2.05
542,0.28,ARG, ,O,40.53,10.03,0.216,3.81,1.0,<Residue ARG het=  resseq=1289 icode= >,1s32_D_A,2.05
543,11.779,ARG, ,CB,48.01,7.53,0.0,2.27,1.0,<Residue ARG het=  resseq=1289 icode= >,1s32_D_A,2.05
544,10.016,ARG, ,CG,53.01,7.70,0.267,1.36,1.0,<Residue ARG het=  resseq=1289 icode= >,1s32_D_A,2.05
545,32.654,ARG, ,CD,56.8,6.69,5.322,0.76,1.0,<Residue ARG het=  resseq=1289 icode= >,1s32_D_A,2.05
546,19.172,ARG, ,NE,58.33,7.31,4.516,1.73,1.0,<Residue ARG het=  resseq=1289 icode= >,1s32_D_A,2.05
547,5.692,ARG, ,CZ,57.96,7.30,4.913,2.73,1.0,<Residue ARG het=  resseq=1289 icode= >,1s32_D_A,2.05
548,39.963,ARG, ,NH1,55.92,6.66,32.59,1.84,1.0,<Residue ARG het=  resseq=1289 icode= >,1s32_D_A,2.05
549,59.385,ARG, ,NH2,57.37,8.24,41.826,1.10,1.0,<Residue ARG het=  resseq=1289 icode= >,1s32_D_A,2.05
550,0.0,GLU, ,N,43.64,9.16,0.0,3.15,1.0,<Residue GLU het=  resseq=1290 icode= >,1s32_D_A,2.05
551,0.259,GLU, ,CA,43.61,9.87,0.259,3.82,1.0,<Residue GLU het=  resseq=1290 icode= >,1s32_D_A,2.05
552,0.0,GLU, ,C,42.41,11.35,0.0,4.90,1.0,<Residue GLU het=  resseq=1290 icode= >,1s32_D_A,2.05
553,0.0,GLU, ,O,41.2,12.19,0.0,3.47,1.0,<Residue GLU het=  resseq=1290 icode= >,1s32_D_A,2.05
554,0.0,GLU, ,CB,46.26,9.08,0.0,2.86,1.0,<Residue GLU het=  resseq=1290 icode= >,1s32_D_A,2.05
555,0.0,GLU, ,CG,56.51,7.62,0.0,1.74,1.0,<Residue GLU het=  resseq=1290 icode= >,1s32_D_A,2.05
556,1.443,GLU, ,CD,60.37,7.32,1.324,2.90,1.0,<Residue GLU het=  resseq=1290 icode= >,1s32_D_A,2.05
557,5.62,GLU, ,OE1,66.25,7.86,5.266,0.06,1.0,<Residue GLU het=  resseq=1290 icode= >,1s32_D_A,2.05
558,14.78,GLU, ,OE2,60.54,6.26,2.802,2.33,1.0,<Residue GLU het=  resseq=1290 icode= >,1s32_D_A,2.05
559,0.0,ILE, ,N,39.57,11.76,0.0,4.05,1.0,<Residue ILE het=  resseq=1291 icode= >,1s32_D_A,2.05
560,0.0,ILE, ,CA,38.04,12.83,0.0,3.59,1.0,<Residue ILE het=  resseq=1291 icode= >,1s32_D_A,2.05
561,0.0,ILE, ,C,37.8,13.74,0.0,5.23,1.0,<Residue ILE het=  resseq=1291 icode= >,1s32_D_A,2.05
562,0.0,ILE, ,O,35.79,14.81,0.0,3.90,1.0,<Residue ILE het=  resseq=1291 icode= >,1s32_D_A,2.05
563,1.817,ILE, ,CB,38.03,12.10,1.817,3.14,1.0,<Residue ILE het=  resseq=1291 icode= >,1s32_D_A,2.05
564,13.316,ILE, ,CG1,37.59,11.17,13.316,2.53,1.0,<Residue ILE het=  resseq=1291 icode= >,1s32_D_A,2.05
565,30.767,ILE, ,CG2,36.42,13.23,30.767,2.36,1.0,<Residue ILE het=  resseq=1291 icode= >,1s32_D_A,2.05
566,21.444,ILE, ,CD1,36.06,12.00,21.389,2.20,1.0,<Residue ILE het=  resseq=1291 icode= >,1s32_D_A,2.05
567,0.278,GLN, ,N,36.79,13.10,0.278,4.16,1.0,<Residue GLN het=  resseq=1292 icode= >,1s32_D_A,2.05
568,4.342,GLN, ,CA,35.79,13.74,4.342,4.14,1.0,<Residue GLN het=  resseq=1292 icode= >,1s32_D_A,2.05
569,0.0,GLN, ,C,34.67,13.96,0.0,6.57,1.0,<Residue GLN het=  resseq=1292 icode= >,1s32_D_A,2.05
570,0.0,GLN, ,O,35.16,15.08,0.0,5.14,1.0,<Residue GLN het=  resseq=1292 icode= >,1s32_D_A,2.05
571,4.591,GLN, ,CB,36.6,13.10,4.242,2.62,1.0,<Residue GLN het=  resseq=1292 icode= >,1s32_D_A,2.05
572,0.938,GLN, ,CG,37.14,13.88,0.126,2.44,1.0,<Residue GLN het=  resseq=1292 icode= >,1s32_D_A,2.05
573,1.205,GLN, ,CD,42.44,13.75,0.0,3.69,1.0,<Residue GLN het=  resseq=1292 icode= >,1s32_D_A,2.05
574,23.189,GLN, ,OE1,45.35,13.18,0.0,2.10,1.0,<Residue GLN het=  resseq=1292 icode= >,1s32_D_A,2.05
575,18.827,GLN, ,NE2,37.57,14.43,8.456,3.27,1.0,<Residue GLN het=  resseq=1292 icode= >,1s32_D_A,2.05
576,0.0,THR, ,N,35.03,12.99,0.0,5.46,1.0,<Residue THR het=  resseq=1293 icode= >,1s32_D_A,2.05
577,0.236,THR, ,CA,37.17,13.39,0.062,4.33,1.0,<Residue THR het=  resseq=1293 icode= >,1s32_D_A,2.05
578,0.0,THR, ,C,36.27,14.49,0.0,5.79,1.0,<Residue THR het=  resseq=1293 icode= >,1s32_D_A,2.05
579,0.0,THR, ,O,35.9,15.51,0.0,5.14,1.0,<Residue THR het=  resseq=1293 icode= >,1s32_D_A,2.05
580,0.0,THR, ,CB,39.45,12.27,0.0,3.85,1.0,<Residue THR het=  resseq=1293 icode= >,1s32_D_A,2.05
581,17.484,THR, ,OG1,38.05,11.42,9.049,3.17,1.0,<Residue THR het=  resseq=1293 icode= >,1s32_D_A,2.05
582,26.174,THR, ,CG2,38.38,12.98,25.757,2.22,1.0,<Residue THR het=  resseq=1293 icode= >,1s32_D_A,2.05
583,0.0,ALA, ,N,36.16,14.41,0.0,4.45,1.0,<Residue ALA het=  resseq=1294 icode= >,1s32_D_A,2.05
584,0.0,ALA, ,CA,36.18,15.54,0.0,3.92,1.0,<Residue ALA het=  resseq=1294 icode= >,1s32_D_A,2.05
585,0.0,ALA, ,C,37.04,16.80,0.0,4.81,1.0,<Residue ALA het=  resseq=1294 icode= >,1s32_D_A,2.05
586,0.0,ALA, ,O,37.65,17.88,0.0,3.97,1.0,<Residue ALA het=  resseq=1294 icode= >,1s32_D_A,2.05
587,0.0,ALA, ,CB,33.23,14.95,0.0,2.49,1.0,<Residue ALA het=  resseq=1294 icode= >,1s32_D_A,2.05
588,0.0,VAL, ,N,35.74,16.75,0.0,3.73,1.0,<Residue VAL het=  resseq=1295 icode= >,1s32_D_A,2.05
589,0.0,VAL, ,CA,34.27,17.99,0.0,4.06,1.0,<Residue VAL het=  resseq=1295 icode= >,1s32_D_A,2.05
590,0.0,VAL, ,C,33.71,18.56,0.0,5.52,1.0,<Residue VAL het=  resseq=1295 icode= >,1s32_D_A,2.05
591,0.0,VAL, ,O,33.65,19.78,0.0,4.54,1.0,<Residue VAL het=  resseq=1295 icode= >,1s32_D_A,2.05
592,0.246,VAL, ,CB,36.7,17.90,0.246,3.12,1.0,<Residue VAL het=  resseq=1295 icode= >,1s32_D_A,2.05
593,0.0,VAL, ,CG1,34.53,19.19,0.0,1.65,1.0,<Residue VAL het=  resseq=1295 icode= >,1s32_D_A,2.05
594,14.49,VAL, ,CG2,33.61,17.20,14.49,2.42,1.0,<Residue VAL het=  resseq=1295 icode= >,1s32_D_A,2.05
595,0.0,ARG,x,N,32.55,17.77,0.0,4.42,0.5,<Residue ARG het=  resseq=1296 icode= >,1s32_D_A,2.05
596,0.104,ARG,x,CA,32.68,18.42,0.0,4.16,0.5,<Residue ARG het=  resseq=1296 icode= >,1s32_D_A,2.05
597,0.938,ARG,x,C,33.87,19.04,0.934,5.31,0.5,<Residue ARG het=  resseq=1296 icode= >,1s32_D_A,2.05
598,18.333,ARG,x,O,34.61,20.11,1.993,4.63,0.5,<Residue ARG het=  resseq=1296 icode= >,1s32_D_A,2.05
599,14.397,ARG,x,CB,31.2,17.54,8.098,3.40,0.5,<Residue ARG het=  resseq=1296 icode= >,1s32_D_A,2.05
600,3.858,ARG,x,CG,31.67,17.33,0.0,2.57,0.5,<Residue ARG het=  resseq=1296 icode= >,1s32_D_A,2.05
601,23.938,ARG,x,CD,33.19,16.68,5.158,1.92,0.5,<Residue ARG het=  resseq=1296 icode= >,1s32_D_A,2.05
602,11.043,ARG,x,NE,34.93,16.80,0.0,1.59,0.5,<Residue ARG het=  resseq=1296 icode= >,1s32_D_A,2.05
603,4.158,ARG,x,CZ,34.87,15.88,0.0,1.92,0.5,<Residue ARG het=  resseq=1296 icode= >,1s32_D_A,2.05
604,29.546,ARG,x,NH1,32.91,14.65,0.0,1.35,0.5,<Residue ARG het=  resseq=1296 icode= >,1s32_D_A,2.05
605,36.544,ARG,x,NH2,35.89,16.28,0.0,1.09,0.5,<Residue ARG het=  resseq=1296 icode= >,1s32_D_A,2.05
606,0.0,LEU, ,N,34.95,18.43,0.0,4.34,1.0,<Residue LEU het=  resseq=1297 icode= >,1s32_D_A,2.05
607,3.413,LEU, ,CA,36.0,19.10,2.89,4.56,1.0,<Residue LEU het=  resseq=1297 icode= >,1s32_D_A,2.05
608,0.146,LEU, ,C,36.89,20.33,0.146,5.18,1.0,<Residue LEU het=  resseq=1297 icode= >,1s32_D_A,2.05
609,29.363,LEU, ,O,39.0,21.37,18.497,3.71,1.0,<Residue LEU het=  resseq=1297 icode= >,1s32_D_A,2.05
610,3.561,LEU, ,CB,35.73,18.21,3.561,3.41,1.0,<Residue LEU het=  resseq=1297 icode= >,1s32_D_A,2.05
611,0.505,LEU, ,CG,33.98,17.11,0.505,3.67,1.0,<Residue LEU het=  resseq=1297 icode= >,1s32_D_A,2.05
612,15.529,LEU, ,CD1,35.56,16.21,15.361,2.51,1.0,<Residue LEU het=  resseq=1297 icode= >,1s32_D_A,2.05
613,61.087,LEU, ,CD2,33.99,17.82,61.019,2.72,1.0,<Residue LEU het=  resseq=1297 icode= >,1s32_D_A,2.05
614,0.0,LEU,x,N,37.85,1000.00,0.0,4.00,0.5,<Residue LEU het=  resseq=1298 icode= >,1s32_D_A,2.05
615,1.153,LEU,x,CA,36.9,1000.00,0.679,4.07,0.5,<Residue LEU het=  resseq=1298 icode= >,1s32_D_A,2.05
616,0.358,LEU,x,C,38.77,1000.00,0.0,5.14,0.5,<Residue LEU het=  resseq=1298 icode= >,1s32_D_A,2.05
617,24.376,LEU,x,O,38.6,1000.00,7.451,3.58,0.5,<Residue LEU het=  resseq=1298 icode= >,1s32_D_A,2.05
618,4.813,LEU,x,CB,34.74,1000.00,2.748,3.41,0.5,<Residue LEU het=  resseq=1298 icode= >,1s32_D_A,2.05
619,0.0,LEU,x,CG,34.57,1000.00,0.0,1.21,0.5,<Residue LEU het=  resseq=1298 icode= >,1s32_D_A,2.05
620,0.776,LEU,x,CD1,33.33,1000.00,0.0,-0.23,0.5,<Residue LEU het=  resseq=1298 icode= >,1s32_D_A,2.05
621,19.21,LEU,x,CD2,34.6,1000.00,7.987,-0.10,0.5,<Residue LEU het=  resseq=1298 icode= >,1s32_D_A,2.05
622,0.0,LEU, ,N,38.46,1000.00,0.0,4.45,1.0,<Residue LEU het=  resseq=1299 icode= >,1s32_D_A,2.05
623,0.0,LEU, ,CA,41.7,1000.00,0.0,3.77,1.0,<Residue LEU het=  resseq=1299 icode= >,1s32_D_A,2.05
624,1.607,LEU, ,C,43.48,1000.00,0.0,5.14,1.0,<Residue LEU het=  resseq=1299 icode= >,1s32_D_A,2.05
625,6.524,LEU, ,O,44.53,1000.00,0.0,3.08,1.0,<Residue LEU het=  resseq=1299 icode= >,1s32_D_A,2.05
626,0.0,LEU, ,CB,41.11,1000.00,0.0,2.56,1.0,<Residue LEU het=  resseq=1299 icode= >,1s32_D_A,2.05
627,0.0,LEU, ,CG,42.75,1000.00,0.0,3.15,1.0,<Residue LEU het=  resseq=1299 icode= >,1s32_D_A,2.05
628,12.915,LEU, ,CD1,42.83,1000.00,12.915,1.21,1.0,<Residue LEU het=  resseq=1299 icode= >,1s32_D_A,2.05
629,24.084,LEU, ,CD2,42.07,1000.00,23.32,1.15,1.0,<Residue LEU het=  resseq=1299 icode= >,1s32_D_A,2.05
630,0.118,PRO, ,N,45.45,1000.00,0.0,4.38,1.0,<Residue PRO het=  resseq=1300 icode= >,1s32_D_A,2.05
631,11.011,PRO, ,CA,46.46,1000.00,0.0,3.42,1.0,<Residue PRO het=  resseq=1300 icode= >,1s32_D_A,2.05
632,0.751,PRO, ,C,46.8,1000.00,0.751,4.82,1.0,<Residue PRO het=  resseq=1300 icode= >,1s32_D_A,2.05
633,0.036,PRO, ,O,48.32,1000.00,0.036,2.93,1.0,<Residue PRO het=  resseq=1300 icode= >,1s32_D_A,2.05
634,38.618,PRO, ,CB,46.56,1000.00,25.642,2.58,1.0,<Residue PRO het=  resseq=1300 icode= >,1s32_D_A,2.05
635,24.677,PRO, ,CG,47.45,1000.00,24.677,2.10,1.0,<Residue PRO het=  resseq=1300 icode= >,1s32_D_A,2.05
636,15.522,PRO, ,CD,45.91,1000.00,13.7,2.83,1.0,<Residue PRO het=  resseq=1300 icode= >,1s32_D_A,2.05
637,14.203,GLY, ,N,48.35,1000.00,0.703,3.63,1.0,<Residue GLY het=  resseq=1301 icode= >,1s32_D_A,2.05
638,35.417,GLY, ,CA,47.22,1000.00,4.017,2.77,1.0,<Residue GLY het=  resseq=1301 icode= >,1s32_D_A,2.05
639,0.0,GLY, ,C,47.65,1000.00,0.0,4.90,1.0,<Residue GLY het=  resseq=1301 icode= >,1s32_D_A,2.05
640,0.913,GLY, ,O,47.1,1000.00,0.0,3.59,1.0,<Residue GLY het=  resseq=1301 icode= >,1s32_D_A,2.05
641,7.523,GLU, ,N,48.5,1000.00,5.803,3.87,1.0,<Residue GLU het=  resseq=1302 icode= >,1s32_D_A,2.05
642,0.0,GLU, ,CA,49.76,1000.00,0.0,3.55,1.0,<Residue GLU het=  resseq=1302 icode= >,1s32_D_A,2.05
643,0.274,GLU, ,C,48.39,1000.00,0.0,4.28,1.0,<Residue GLU het=  resseq=1302 icode= >,1s32_D_A,2.05
644,0.0,GLU, ,O,47.02,1000.00,0.0,3.47,1.0,<Residue GLU het=  resseq=1302 icode= >,1s32_D_A,2.05
645,28.154,GLU, ,CB,55.13,1000.00,15.464,1.90,1.0,<Residue GLU het=  resseq=1302 icode= >,1s32_D_A,2.05
646,23.983,GLU, ,CG,63.61,1000.00,0.0,0.63,1.0,<Residue GLU het=  resseq=1302 icode= >,1s32_D_A,2.05
647,8.24,GLU, ,CD,68.37,1000.00,0.0,2.03,1.0,<Residue GLU het=  resseq=1302 icode= >,1s32_D_A,2.05
648,20.385,GLU, ,OE1,69.36,1000.00,0.0,1.90,1.0,<Residue GLU het=  resseq=1302 icode= >,1s32_D_A,2.05
649,11.197,GLU, ,OE2,73.52,1000.00,0.0,0.54,1.0,<Residue GLU het=  resseq=1302 icode= >,1s32_D_A,2.05
650,0.473,LEU, ,N,42.93,1000.00,0.473,3.77,1.0,<Residue LEU het=  resseq=1303 icode= >,1s32_D_A,2.05
651,0.088,LEU, ,CA,39.79,1000.00,0.073,4.45,1.0,<Residue LEU het=  resseq=1303 icode= >,1s32_D_A,2.05
652,0.0,LEU, ,C,39.77,1000.00,0.0,4.80,1.0,<Residue LEU het=  resseq=1303 icode= >,1s32_D_A,2.05
653,1.759,LEU, ,O,39.1,1000.00,1.759,3.03,1.0,<Residue LEU het=  resseq=1303 icode= >,1s32_D_A,2.05
654,0.151,LEU, ,CB,40.8,1000.00,0.151,2.84,1.0,<Residue LEU het=  resseq=1303 icode= >,1s32_D_A,2.05
655,8.526,LEU, ,CG,40.56,1000.00,8.526,3.43,1.0,<Residue LEU het=  resseq=1303 icode= >,1s32_D_A,2.05
656,40.107,LEU, ,CD1,37.54,1000.00,40.107,2.72,1.0,<Residue LEU het=  resseq=1303 icode= >,1s32_D_A,2.05
657,58.772,LEU, ,CD2,38.43,1000.00,52.397,2.49,1.0,<Residue LEU het=  resseq=1303 icode= >,1s32_D_A,2.05
658,0.0,ALA, ,N,38.88,1000.00,0.0,4.22,1.0,<Residue ALA het=  resseq=1304 icode= >,1s32_D_A,2.05
659,0.0,ALA, ,CA,40.24,1000.00,0.0,3.71,1.0,<Residue ALA het=  resseq=1304 icode= >,1s32_D_A,2.05
660,0.172,ALA, ,C,42.52,1000.00,0.0,4.09,1.0,<Residue ALA het=  resseq=1304 icode= >,1s32_D_A,2.05
661,0.0,ALA, ,O,42.74,1000.00,0.0,3.61,1.0,<Residue ALA het=  resseq=1304 icode= >,1s32_D_A,2.05
662,9.744,ALA, ,CB,37.88,1000.00,0.0,2.71,1.0,<Residue ALA het=  resseq=1304 icode= >,1s32_D_A,2.05
663,0.083,LYS, ,N,43.79,1000.00,0.0,3.91,1.0,<Residue LYS het=  resseq=1305 icode= >,1s32_D_A,2.05
664,4.632,LYS, ,CA,46.0,1000.00,0.0,4.22,1.0,<Residue LYS het=  resseq=1305 icode= >,1s32_D_A,2.05
665,0.87,LYS, ,C,45.62,1000.00,0.0,5.15,1.0,<Residue LYS het=  resseq=1305 icode= >,1s32_D_A,2.05
666,3.169,LYS, ,O,46.36,1000.00,0.0,3.23,1.0,<Residue LYS het=  resseq=1305 icode= >,1s32_D_A,2.05
667,9.284,LYS, ,CB,50.55,1000.00,0.0,2.46,1.0,<Residue LYS het=  resseq=1305 icode= >,1s32_D_A,2.05
668,24.085,LYS, ,CG,58.7,1000.00,0.0,0.60,1.0,<Residue LYS het=  resseq=1305 icode= >,1s32_D_A,2.05
669,35.681,LYS, ,CD,63.59,1000.00,0.0,0.03,1.0,<Residue LYS het=  resseq=1305 icode= >,1s32_D_A,2.05
670,4.354,LYS, ,CE,68.59,1000.00,0.0,-0.79,1.0,<Residue LYS het=  resseq=1305 icode= >,1s32_D_A,2.05
671,38.562,LYS, ,NZ,69.75,1000.00,0.0,0.17,1.0,<Residue LYS het=  resseq=1305 icode= >,1s32_D_A,2.05
672,0.0,HIS, ,N,44.19,1000.00,0.0,4.81,1.0,<Residue HIS het=  resseq=1306 icode= >,1s32_D_A,2.05
673,0.199,HIS, ,CA,44.0,1000.00,0.0,4.45,1.0,<Residue HIS het=  resseq=1306 icode= >,1s32_D_A,2.05
674,0.459,HIS, ,C,43.99,1000.00,0.459,4.62,1.0,<Residue HIS het=  resseq=1306 icode= >,1s32_D_A,2.05
675,0.303,HIS, ,O,39.58,1000.00,0.0,4.20,1.0,<Residue HIS het=  resseq=1306 icode= >,1s32_D_A,2.05
676,19.11,HIS, ,CB,46.06,1000.00,16.695,2.93,1.0,<Residue HIS het=  resseq=1306 icode= >,1s32_D_A,2.05
677,2.628,HIS, ,CG,51.83,1000.00,0.635,3.38,1.0,<Residue HIS het=  resseq=1306 icode= >,1s32_D_A,2.05
678,14.651,HIS, ,ND1,55.43,1000.00,7.012,2.50,1.0,<Residue HIS het=  resseq=1306 icode= >,1s32_D_A,2.05
679,23.686,HIS, ,CD2,52.88,1000.00,0.0,2.46,1.0,<Residue HIS het=  resseq=1306 icode= >,1s32_D_A,2.05
680,26.244,HIS, ,CE1,54.6,1000.00,0.0,2.74,1.0,<Residue HIS het=  resseq=1306 icode= >,1s32_D_A,2.05
681,26.046,HIS, ,NE2,55.51,1000.00,0.0,2.41,1.0,<Residue HIS het=  resseq=1306 icode= >,1s32_D_A,2.05
682,0.77,ALA, ,N,41.72,1000.00,0.77,4.13,1.0,<Residue ALA het=  resseq=1307 icode= >,1s32_D_A,2.05
683,7.887,ALA, ,CA,41.09,1000.00,7.887,4.21,1.0,<Residue ALA het=  resseq=1307 icode= >,1s32_D_A,2.05
684,0.672,ALA, ,C,41.2,1000.00,0.672,4.67,1.0,<Residue ALA het=  resseq=1307 icode= >,1s32_D_A,2.05
685,5.359,ALA, ,O,41.89,1000.00,5.359,4.33,1.0,<Residue ALA het=  resseq=1307 icode= >,1s32_D_A,2.05
686,20.316,ALA, ,CB,38.69,1000.00,20.316,2.52,1.0,<Residue ALA het=  resseq=1307 icode= >,1s32_D_A,2.05
687,0.0,VAL, ,N,41.8,1000.00,0.0,4.35,1.0,<Residue VAL het=  resseq=1308 icode= >,1s32_D_A,2.05
688,4.917,VAL, ,CA,44.04,1000.00,4.917,3.72,1.0,<Residue VAL het=  resseq=1308 icode= >,1s32_D_A,2.05
689,0.0,VAL, ,C,45.13,1000.00,0.0,4.87,1.0,<Residue VAL het=  resseq=1308 icode= >,1s32_D_A,2.05
690,0.127,VAL, ,O,43.33,1000.00,0.127,4.60,1.0,<Residue VAL het=  resseq=1308 icode= >,1s32_D_A,2.05
691,1.167,VAL, ,CB,44.34,1000.00,0.0,3.47,1.0,<Residue VAL het=  resseq=1308 icode= >,1s32_D_A,2.05
692,17.278,VAL, ,CG1,44.63,1000.00,0.0,1.93,1.0,<Residue VAL het=  resseq=1308 icode= >,1s32_D_A,2.05
693,2.314,VAL, ,CG2,41.83,1000.00,0.205,2.01,1.0,<Residue VAL het=  resseq=1308 icode= >,1s32_D_A,2.05
694,0.0,SER, ,N,45.41,1000.00,0.0,3.45,1.0,<Residue SER het=  resseq=1309 icode= >,1s32_D_A,2.05
695,5.555,SER, ,CA,47.39,1000.00,0.0,3.05,1.0,<Residue SER het=  resseq=1309 icode= >,1s32_D_A,2.05
696,0.718,SER, ,C,47.04,1000.00,0.0,4.63,1.0,<Residue SER het=  resseq=1309 icode= >,1s32_D_A,2.05
697,1.841,SER, ,O,46.88,1000.00,0.0,2.73,1.0,<Residue SER het=  resseq=1309 icode= >,1s32_D_A,2.05
698,29.321,SER, ,CB,47.92,1000.00,0.0,2.79,1.0,<Residue SER het=  resseq=1309 icode= >,1s32_D_A,2.05
699,28.553,SER, ,OG,51.82,1000.00,0.0,1.30,1.0,<Residue SER het=  resseq=1309 icode= >,1s32_D_A,2.05
700,0.057,GLU, ,N,45.75,1000.00,0.0,4.01,1.0,<Residue GLU het=  resseq=1310 icode= >,1s32_D_A,2.05
701,0.935,GLU, ,CA,46.64,1000.00,0.0,3.42,1.0,<Residue GLU het=  resseq=1310 icode= >,1s32_D_A,2.05
702,1.296,GLU, ,C,45.57,1000.00,1.296,4.50,1.0,<Residue GLU het=  resseq=1310 icode= >,1s32_D_A,2.05
703,3.085,GLU, ,O,44.02,1000.00,0.841,3.50,1.0,<Residue GLU het=  resseq=1310 icode= >,1s32_D_A,2.05
704,18.736,GLU, ,CB,50.01,1000.00,16.472,2.43,1.0,<Residue GLU het=  resseq=1310 icode= >,1s32_D_A,2.05
705,14.979,GLU, ,CG,57.69,1000.00,11.218,1.24,1.0,<Residue GLU het=  resseq=1310 icode= >,1s32_D_A,2.05
706,12.438,GLU, ,CD,62.7,1000.00,0.016,2.18,1.0,<Residue GLU het=  resseq=1310 icode= >,1s32_D_A,2.05
707,28.675,GLU, ,OE1,64.3,1000.00,0.0,1.49,1.0,<Residue GLU het=  resseq=1310 icode= >,1s32_D_A,2.05
708,42.26,GLU, ,OE2,65.44,1000.00,17.848,1.08,1.0,<Residue GLU het=  resseq=1310 icode= >,1s32_D_A,2.05
709,0.582,GLY, ,N,42.59,16.92,0.582,4.03,1.0,<Residue GLY het=  resseq=1311 icode= >,1s32_D_A,2.05
710,32.125,GLY, ,CA,42.76,15.49,32.125,3.17,1.0,<Residue GLY het=  resseq=1311 icode= >,1s32_D_A,2.05
711,2.924,GLY, ,C,42.82,14.76,2.924,5.39,1.0,<Residue GLY het=  resseq=1311 icode= >,1s32_D_A,2.05
712,0.188,GLY, ,O,42.41,13.86,0.188,3.64,1.0,<Residue GLY het=  resseq=1311 icode= >,1s32_D_A,2.05
713,1.016,THR, ,N,44.3,15.27,1.016,3.88,1.0,<Residue THR het=  resseq=1312 icode= >,1s32_D_A,2.05
714,4.719,THR, ,CA,47.2,14.87,3.307,3.62,1.0,<Residue THR het=  resseq=1312 icode= >,1s32_D_A,2.05
715,0.0,THR, ,C,47.01,14.89,0.0,4.23,1.0,<Residue THR het=  resseq=1312 icode= >,1s32_D_A,2.05
716,0.033,THR, ,O,46.92,13.86,0.0,2.52,1.0,<Residue THR het=  resseq=1312 icode= >,1s32_D_A,2.05
717,4.41,THR, ,CB,47.86,15.51,0.0,3.50,1.0,<Residue THR het=  resseq=1312 icode= >,1s32_D_A,2.05
718,2.679,THR, ,OG1,50.7,15.79,0.023,2.63,1.0,<Residue THR het=  resseq=1312 icode= >,1s32_D_A,2.05
719,53.121,THR, ,CG2,48.71,14.66,0.0,1.06,1.0,<Residue THR het=  resseq=1312 icode= >,1s32_D_A,2.05
720,0.468,LYS, ,N,45.22,16.10,0.0,4.14,1.0,<Residue LYS het=  resseq=1313 icode= >,1s32_D_A,2.05
721,5.33,LYS, ,CA,46.96,16.38,0.0,3.49,1.0,<Residue LYS het=  resseq=1313 icode= >,1s32_D_A,2.05
722,0.104,LYS, ,C,45.68,15.78,0.0,4.28,1.0,<Residue LYS het=  resseq=1313 icode= >,1s32_D_A,2.05
723,0.677,LYS, ,O,43.4,15.31,0.0,3.56,1.0,<Residue LYS het=  resseq=1313 icode= >,1s32_D_A,2.05
724,5.714,LYS, ,CB,50.82,17.90,0.0,2.50,1.0,<Residue LYS het=  resseq=1313 icode= >,1s32_D_A,2.05
725,18.438,LYS, ,CG,58.44,18.42,0.0,1.27,1.0,<Residue LYS het=  resseq=1313 icode= >,1s32_D_A,2.05
726,24.312,LYS, ,CD,63.27,19.35,0.0,0.88,1.0,<Residue LYS het=  resseq=1313 icode= >,1s32_D_A,2.05
727,45.426,LYS, ,CE,68.0,19.85,0.0,0.20,1.0,<Residue LYS het=  resseq=1313 icode= >,1s32_D_A,2.05
728,48.421,LYS, ,NZ,71.18,19.27,0.0,0.23,1.0,<Residue LYS het=  resseq=1313 icode= >,1s32_D_A,2.05
729,0.468,ALA, ,N,40.54,15.44,0.0,4.22,1.0,<Residue ALA het=  resseq=1314 icode= >,1s32_D_A,2.05
730,8.311,ALA, ,CA,40.54,13.99,5.454,4.22,1.0,<Residue ALA het=  resseq=1314 icode= >,1s32_D_A,2.05
731,1.143,ALA, ,C,41.2,13.49,1.143,5.20,1.0,<Residue ALA het=  resseq=1314 icode= >,1s32_D_A,2.05
732,3.493,ALA, ,O,41.31,12.71,3.493,3.52,1.0,<Residue ALA het=  resseq=1314 icode= >,1s32_D_A,2.05
733,48.283,ALA, ,CB,39.52,13.43,46.817,1.99,1.0,<Residue ALA het=  resseq=1314 icode= >,1s32_D_A,2.05
734,0.0,VAL, ,N,41.17,12.71,0.0,3.73,1.0,<Residue VAL het=  resseq=1315 icode= >,1s32_D_A,2.05
735,1.838,VAL, ,CA,43.08,11.41,1.809,3.52,1.0,<Residue VAL het=  resseq=1315 icode= >,1s32_D_A,2.05
736,0.0,VAL, ,C,44.67,11.35,0.0,4.65,1.0,<Residue VAL het=  resseq=1315 icode= >,1s32_D_A,2.05
737,0.0,VAL, ,O,44.79,10.62,0.0,3.30,1.0,<Residue VAL het=  resseq=1315 icode= >,1s32_D_A,2.05
738,1.614,VAL, ,CB,43.04,10.76,0.025,3.26,1.0,<Residue VAL het=  resseq=1315 icode= >,1s32_D_A,2.05
739,32.235,VAL, ,CG1,42.9,9.62,7.663,1.65,1.0,<Residue VAL het=  resseq=1315 icode= >,1s32_D_A,2.05
740,29.628,VAL, ,CG2,43.44,10.47,29.479,1.46,1.0,<Residue VAL het=  resseq=1315 icode= >,1s32_D_A,2.05
741,0.0,THR, ,N,45.58,11.93,0.0,3.60,1.0,<Residue THR het=  resseq=1316 icode= >,1s32_D_A,2.05
742,3.243,THR, ,CA,49.21,11.81,0.0,3.54,1.0,<Residue THR het=  resseq=1316 icode= >,1s32_D_A,2.05
743,0.003,THR, ,C,50.43,12.33,0.0,3.91,1.0,<Residue THR het=  resseq=1316 icode= >,1s32_D_A,2.05
744,0.84,THR, ,O,52.15,11.91,0.0,2.06,1.0,<Residue THR het=  resseq=1316 icode= >,1s32_D_A,2.05
745,4.853,THR, ,CB,49.52,12.77,0.0,3.35,1.0,<Residue THR het=  resseq=1316 icode= >,1s32_D_A,2.05
746,16.648,THR, ,OG1,48.83,12.49,0.0,2.68,1.0,<Residue THR het=  resseq=1316 icode= >,1s32_D_A,2.05
747,61.584,THR, ,CG2,50.72,12.84,0.0,0.41,1.0,<Residue THR het=  resseq=1316 icode= >,1s32_D_A,2.05
748,0.497,LYS, ,N,50.18,13.38,0.0,3.67,1.0,<Residue LYS het=  resseq=1317 icode= >,1s32_D_A,2.05
749,5.161,LYS, ,CA,51.61,13.80,0.0,3.65,1.0,<Residue LYS het=  resseq=1317 icode= >,1s32_D_A,2.05
750,0.0,LYS, ,C,53.07,12.31,0.0,3.74,1.0,<Residue LYS het=  resseq=1317 icode= >,1s32_D_A,2.05
751,0.044,LYS, ,O,52.04,11.71,0.0,2.39,1.0,<Residue LYS het=  resseq=1317 icode= >,1s32_D_A,2.05
752,7.432,LYS, ,CB,52.99,14.05,0.318,2.46,1.0,<Residue LYS het=  resseq=1317 icode= >,1s32_D_A,2.05
753,12.747,LYS, ,CG,53.2,13.24,3.367,2.42,1.0,<Residue LYS het=  resseq=1317 icode= >,1s32_D_A,2.05
754,31.026,LYS, ,CD,56.17,13.78,13.287,2.13,1.0,<Residue LYS het=  resseq=1317 icode= >,1s32_D_A,2.05
755,44.658,LYS, ,CE,58.88,13.29,0.336,2.07,1.0,<Residue LYS het=  resseq=1317 icode= >,1s32_D_A,2.05
756,48.695,LYS, ,NZ,59.31,12.71,36.151,1.37,1.0,<Residue LYS het=  resseq=1317 icode= >,1s32_D_A,2.05
757,0.223,TYR, ,N,51.89,11.73,0.223,3.99,1.0,<Residue TYR het=  resseq=1318 icode= >,1s32_D_A,2.05
758,4.963,TYR, ,CA,53.14,10.32,4.798,4.01,1.0,<Residue TYR het=  resseq=1318 icode= >,1s32_D_A,2.05
759,0.0,TYR, ,C,55.45,9.99,0.0,4.18,1.0,<Residue TYR het=  resseq=1318 icode= >,1s32_D_A,2.05
760,4.895,TYR, ,O,54.09,8.94,0.0,3.44,1.0,<Residue TYR het=  resseq=1318 icode= >,1s32_D_A,2.05
761,10.395,TYR, ,CB,52.87,10.14,10.395,1.91,1.0,<Residue TYR het=  resseq=1318 icode= >,1s32_D_A,2.05
762,2.07,TYR, ,CG,50.48,8.85,2.07,2.91,1.0,<Residue TYR het=  resseq=1318 icode= >,1s32_D_A,2.05
763,25.212,TYR, ,CD1,50.21,7.84,21.413,2.32,1.0,<Residue TYR het=  resseq=1318 icode= >,1s32_D_A,2.05
764,8.121,TYR, ,CD2,48.97,8.83,7.885,2.67,1.0,<Residue TYR het=  resseq=1318 icode= >,1s32_D_A,2.05
765,33.917,TYR, ,CE1,51.22,6.71,25.542,2.72,1.0,<Residue TYR het=  resseq=1318 icode= >,1s32_D_A,2.05
766,31.653,TYR, ,CE2,50.8,7.85,17.73,2.74,1.0,<Residue TYR het=  resseq=1318 icode= >,1s32_D_A,2.05
767,9.45,TYR, ,CZ,52.41,6.73,4.954,3.64,1.0,<Residue TYR het=  resseq=1318 icode= >,1s32_D_A,2.05
768,42.967,TYR, ,OH,57.03,5.91,24.078,1.78,1.0,<Residue TYR het=  resseq=1318 icode= >,1s32_D_A,2.05
769,0.0,THR, ,N,58.23,10.36,0.0,3.56,1.0,<Residue THR het=  resseq=1319 icode= >,1s32_D_A,2.05
770,6.384,THR, ,CA,64.35,9.27,0.0,2.49,1.0,<Residue THR het=  resseq=1319 icode= >,1s32_D_A,2.05
771,1.026,THR, ,C,67.88,9.86,0.0,2.64,1.0,<Residue THR het=  resseq=1319 icode= >,1s32_D_A,2.05
772,28.06,THR, ,O,68.79,9.09,0.0,1.39,1.0,<Residue THR het=  resseq=1319 icode= >,1s32_D_A,2.05
773,16.456,THR, ,CB,63.89,8.14,0.0,2.66,1.0,<Residue THR het=  resseq=1319 icode= >,1s32_D_A,2.05
774,15.225,THR, ,OG1,64.07,8.80,0.0,1.69,1.0,<Residue THR het=  resseq=1319 icode= >,1s32_D_A,2.05
775,30.114,THR, ,CG2,63.31,7.85,1.604,1.51,1.0,<Residue THR het=  resseq=1319 icode= >,1s32_D_A,2.05
776,0.0,SER, ,N,71.39,11.17,0.0,2.15,1.0,<Residue SER het=  resseq=1320 icode= >,1s32_D_A,2.05
777,9.624,SER, ,CA,75.66,11.80,0.0,2.61,1.0,<Residue SER het=  resseq=1320 icode= >,1s32_D_A,2.05
778,2.374,SER, ,C,79.57,11.12,0.0,2.57,1.0,<Residue SER het=  resseq=1320 icode= >,1s32_D_A,2.05
779,27.991,SER, ,O,80.7,11.39,0.0,1.04,1.0,<Residue SER het=  resseq=1320 icode= >,1s32_D_A,2.05
780,38.559,SER, ,CB,74.47,12.95,0.0,2.47,1.0,<Residue SER het=  resseq=1320 icode= >,1s32_D_A,2.05
781,15.673,SER, ,OG,72.05,13.21,0.0,2.31,1.0,<Residue SER het=  resseq=1320 icode= >,1s32_D_A,2.05
782,0.0,ALA, ,N,83.92,9.91,0.0,2.13,1.0,<Residue ALA het=  resseq=1321 icode= >,1s32_D_A,2.05
783,6.105,ALA, ,CA,88.04,8.78,0.0,1.99,1.0,<Residue ALA het=  resseq=1321 icode= >,1s32_D_A,2.05
784,4.448,ALA, ,C,91.29,7.59,0.0,1.15,1.0,<Residue ALA het=  resseq=1321 icode= >,1s32_D_A,2.05
785,21.536,ALA, ,O,91.58,6.42,0.0,0.95,1.0,<Residue ALA het=  resseq=1321 icode= >,1s32_D_A,2.05
786,42.616,ALA, ,CB,88.09,8.47,2.086,0.19,1.0,<Residue ALA het=  resseq=1321 icode= >,1s32_D_A,2.05
787,4.763,LYS, ,N,94.14,8.04,0.0,1.31,1.0,<Residue LYS het=  resseq=1322 icode= >,1s32_D_A,2.05
788,10.072,LYS, ,CA,97.28,7.31,0.0,0.65,1.0,<Residue LYS het=  resseq=1322 icode= >,1s32_D_A,2.05
789,12.886,LYS, ,C,98.48,8.06,0.0,0.48,1.0,<Residue LYS het=  resseq=1322 icode= >,1s32_D_A,2.05
790,29.469,LYS, ,O,98.86,7.36,0.0,0.81,1.0,<Residue LYS het=  resseq=1322 icode= >,1s32_D_A,2.05
791,14.663,LYS, ,CB,98.37,6.33,0.0,0.42,1.0,<Residue LYS het=  resseq=1322 icode= >,1s32_D_A,2.05
792,18.843,LYS, ,CG,99.88,5.57,0.0,0.80,1.0,<Residue LYS het=  resseq=1322 icode= >,1s32_D_A,2.05
793,33.102,LYS, ,CD,101.47,4.31,6.979,0.38,1.0,<Residue LYS het=  resseq=1322 icode= >,1s32_D_A,2.05
794,44.527,LYS, ,CE,102.7,3.82,27.717,0.18,1.0,<Residue LYS het=  resseq=1322 icode= >,1s32_D_A,2.05
795,49.321,LYS, ,NZ,103.04,3.20,32.688,0.45,1.0,<Residue LYS het=  resseq=1322 icode= >,1s32_D_A,2.05
796,39.045,LYS, ,OXT,99.45,8.84,0.0,0.17,1.0,<Residue LYS het=  resseq=1322 icode= >,1s32_D_A,2.05
