,ASA,aa,altloc,atom,bfac,d2r,dASA,dens,occ,residue,id,resolu
0,40.097,CYS, ,N,37.04,1000.00,0.0,2.94,1.0,<Residue CYS het=  resseq=6 icode= >,1sfu_B_A,2.0
1,16.05,CYS, ,CA,38.61,1000.00,0.0,2.11,1.0,<Residue CYS het=  resseq=6 icode= >,1sfu_B_A,2.0
2,4.602,CYS, ,C,37.84,1000.00,0.0,3.03,1.0,<Residue CYS het=  resseq=6 icode= >,1sfu_B_A,2.0
3,23.588,CYS, ,O,37.53,1000.00,0.0,2.49,1.0,<Residue CYS het=  resseq=6 icode= >,1sfu_B_A,2.0
4,29.855,CYS, ,CB,39.78,1000.00,0.0,1.58,1.0,<Residue CYS het=  resseq=6 icode= >,1sfu_B_A,2.0
5,73.158,CYS, ,SG,42.69,1000.00,0.0,3.45,1.0,<Residue CYS het=  resseq=6 icode= >,1sfu_B_A,2.0
6,1.375,THR, ,N,38.26,18.03,0.0,2.52,1.0,<Residue THR het=  resseq=7 icode= >,1sfu_B_A,2.0
7,6.027,THR, ,CA,37.91,16.95,0.0,1.77,1.0,<Residue THR het=  resseq=7 icode= >,1sfu_B_A,2.0
8,2.958,THR, ,C,37.35,16.31,0.0,2.93,1.0,<Residue THR het=  resseq=7 icode= >,1sfu_B_A,2.0
9,12.89,THR, ,O,34.9,16.37,0.0,2.61,1.0,<Residue THR het=  resseq=7 icode= >,1sfu_B_A,2.0
10,10.836,THR, ,CB,39.82,15.93,0.0,1.68,1.0,<Residue THR het=  resseq=7 icode= >,1sfu_B_A,2.0
11,28.965,THR, ,OG1,40.7,15.62,0.0,1.52,1.0,<Residue THR het=  resseq=7 icode= >,1sfu_B_A,2.0
12,57.752,THR, ,CG2,40.62,16.63,0.0,0.62,1.0,<Residue THR het=  resseq=7 icode= >,1sfu_B_A,2.0
13,4.122,VAL, ,N,37.21,15.87,0.0,2.04,1.0,<Residue VAL het=  resseq=8 icode= >,1sfu_B_A,2.0
14,0.631,VAL, ,CA,37.18,15.37,0.0,2.45,1.0,<Residue VAL het=  resseq=8 icode= >,1sfu_B_A,2.0
15,0.0,VAL, ,C,38.08,13.92,0.0,3.17,1.0,<Residue VAL het=  resseq=8 icode= >,1sfu_B_A,2.0
16,8.598,VAL, ,O,38.15,13.08,0.0,2.49,1.0,<Residue VAL het=  resseq=8 icode= >,1sfu_B_A,2.0
17,7.49,VAL, ,CB,37.41,15.54,0.0,2.10,1.0,<Residue VAL het=  resseq=8 icode= >,1sfu_B_A,2.0
18,3.814,VAL, ,CG1,36.88,15.20,0.0,1.21,1.0,<Residue VAL het=  resseq=8 icode= >,1sfu_B_A,2.0
19,60.011,VAL, ,CG2,37.83,17.01,0.0,1.23,1.0,<Residue VAL het=  resseq=8 icode= >,1sfu_B_A,2.0
20,0.0,ASN, ,N,38.27,13.73,0.0,2.66,1.0,<Residue ASN het=  resseq=9 icode= >,1sfu_B_A,2.0
21,7.681,ASN, ,CA,38.01,12.48,0.0,2.44,1.0,<Residue ASN het=  resseq=9 icode= >,1sfu_B_A,2.0
22,0.191,ASN, ,C,38.21,11.59,0.0,2.91,1.0,<Residue ASN het=  resseq=9 icode= >,1sfu_B_A,2.0
23,0.0,ASN, ,O,36.3,12.08,0.0,2.57,1.0,<Residue ASN het=  resseq=9 icode= >,1sfu_B_A,2.0
24,26.604,ASN, ,CB,39.51,12.89,0.0,2.37,1.0,<Residue ASN het=  resseq=9 icode= >,1sfu_B_A,2.0
25,2.897,ASN, ,CG,41.64,13.71,0.0,2.01,1.0,<Residue ASN het=  resseq=9 icode= >,1sfu_B_A,2.0
26,0.0,ASN, ,OD1,43.03,13.46,0.0,1.14,1.0,<Residue ASN het=  resseq=9 icode= >,1sfu_B_A,2.0
27,38.765,ASN, ,ND2,43.17,14.82,0.0,1.32,1.0,<Residue ASN het=  resseq=9 icode= >,1sfu_B_A,2.0
28,0.743,ASP, ,N,38.6,10.43,0.0,2.32,1.0,<Residue ASP het=  resseq=10 icode= >,1sfu_B_A,2.0
29,0.049,ASP, ,CA,39.59,9.58,0.0,1.65,1.0,<Residue ASP het=  resseq=10 icode= >,1sfu_B_A,2.0
30,0.657,ASP, ,C,38.42,10.52,0.0,2.56,1.0,<Residue ASP het=  resseq=10 icode= >,1sfu_B_A,2.0
31,0.0,ASP, ,O,38.06,10.64,0.0,2.60,1.0,<Residue ASP het=  resseq=10 icode= >,1sfu_B_A,2.0
32,14.946,ASP, ,CB,41.06,8.58,0.0,1.43,1.0,<Residue ASP het=  resseq=10 icode= >,1sfu_B_A,2.0
33,8.617,ASP, ,CG,44.29,7.72,0.0,1.95,1.0,<Residue ASP het=  resseq=10 icode= >,1sfu_B_A,2.0
34,19.653,ASP, ,OD1,20.15,7.60,0.0,1.92,1.0,<Residue ASP het=  resseq=10 icode= >,1sfu_B_A,2.0
35,40.816,ASP, ,OD2,20.15,7.41,0.0,1.35,1.0,<Residue ASP het=  resseq=10 icode= >,1sfu_B_A,2.0
36,1.837,ALA, ,N,37.57,11.37,0.0,2.01,1.0,<Residue ALA het=  resseq=11 icode= >,1sfu_B_A,2.0
37,7.374,ALA, ,CA,35.88,12.42,0.0,2.54,1.0,<Residue ALA het=  resseq=11 icode= >,1sfu_B_A,2.0
38,0.869,ALA, ,C,34.88,13.34,0.0,2.99,1.0,<Residue ALA het=  resseq=11 icode= >,1sfu_B_A,2.0
39,4.938,ALA, ,O,34.99,13.94,0.0,2.16,1.0,<Residue ALA het=  resseq=11 icode= >,1sfu_B_A,2.0
40,56.221,ALA, ,CB,37.25,13.35,0.0,0.92,1.0,<Residue ALA het=  resseq=11 icode= >,1sfu_B_A,2.0
41,0.0,GLU, ,N,31.81,13.62,0.0,3.15,1.0,<Residue GLU het=  resseq=12 icode= >,1sfu_B_A,2.0
42,2.139,GLU, ,CA,32.27,14.63,0.0,2.41,1.0,<Residue GLU het=  resseq=12 icode= >,1sfu_B_A,2.0
43,0.0,GLU, ,C,31.17,14.22,0.0,3.33,1.0,<Residue GLU het=  resseq=12 icode= >,1sfu_B_A,2.0
44,1.924,GLU, ,O,30.24,15.08,0.0,3.15,1.0,<Residue GLU het=  resseq=12 icode= >,1sfu_B_A,2.0
45,2.914,GLU, ,CB,30.69,15.29,0.0,1.63,1.0,<Residue GLU het=  resseq=12 icode= >,1sfu_B_A,2.0
46,33.213,GLU, ,CG,32.6,16.42,0.0,1.69,1.0,<Residue GLU het=  resseq=12 icode= >,1sfu_B_A,2.0
47,7.576,GLU, ,CD,33.36,16.46,0.0,2.90,1.0,<Residue GLU het=  resseq=12 icode= >,1sfu_B_A,2.0
48,6.395,GLU, ,OE1,31.27,16.19,0.0,2.55,1.0,<Residue GLU het=  resseq=12 icode= >,1sfu_B_A,2.0
49,27.162,GLU, ,OE2,34.71,16.91,0.0,2.43,1.0,<Residue GLU het=  resseq=12 icode= >,1sfu_B_A,2.0
50,0.0,ILE, ,N,30.85,13.02,0.0,2.36,1.0,<Residue ILE het=  resseq=13 icode= >,1sfu_B_A,2.0
51,0.0,ILE, ,CA,28.5,12.74,0.0,1.68,1.0,<Residue ILE het=  resseq=13 icode= >,1sfu_B_A,2.0
52,0.0,ILE, ,C,27.5,12.63,0.0,4.48,1.0,<Residue ILE het=  resseq=13 icode= >,1sfu_B_A,2.0
53,0.0,ILE, ,O,27.84,13.16,0.0,3.77,1.0,<Residue ILE het=  resseq=13 icode= >,1sfu_B_A,2.0
54,0.0,ILE, ,CB,28.3,11.55,0.0,2.22,1.0,<Residue ILE het=  resseq=13 icode= >,1sfu_B_A,2.0
55,0.0,ILE, ,CG1,26.13,12.01,0.0,2.97,1.0,<Residue ILE het=  resseq=13 icode= >,1sfu_B_A,2.0
56,0.0,ILE, ,CG2,26.2,11.42,0.0,2.31,1.0,<Residue ILE het=  resseq=13 icode= >,1sfu_B_A,2.0
57,5.147,ILE, ,CD1,26.62,11.12,0.0,1.51,1.0,<Residue ILE het=  resseq=13 icode= >,1sfu_B_A,2.0
58,0.0,PHE, ,N,27.72,12.17,0.0,3.56,1.0,<Residue PHE het=  resseq=14 icode= >,1sfu_B_A,2.0
59,0.0,PHE, ,CA,27.23,12.29,0.0,3.62,1.0,<Residue PHE het=  resseq=14 icode= >,1sfu_B_A,2.0
60,0.0,PHE, ,C,27.95,13.76,0.0,2.72,1.0,<Residue PHE het=  resseq=14 icode= >,1sfu_B_A,2.0
61,0.0,PHE, ,O,27.11,13.97,0.0,2.81,1.0,<Residue PHE het=  resseq=14 icode= >,1sfu_B_A,2.0
62,2.51,PHE, ,CB,25.64,12.04,0.0,2.92,1.0,<Residue PHE het=  resseq=14 icode= >,1sfu_B_A,2.0
63,2.065,PHE, ,CG,26.42,12.38,0.0,3.17,1.0,<Residue PHE het=  resseq=14 icode= >,1sfu_B_A,2.0
64,3.145,PHE, ,CD1,27.55,11.47,0.0,2.41,1.0,<Residue PHE het=  resseq=14 icode= >,1sfu_B_A,2.0
65,12.386,PHE, ,CD2,26.9,13.69,0.0,2.85,1.0,<Residue PHE het=  resseq=14 icode= >,1sfu_B_A,2.0
66,1.944,PHE, ,CE1,27.44,11.88,0.0,2.71,1.0,<Residue PHE het=  resseq=14 icode= >,1sfu_B_A,2.0
67,16.065,PHE, ,CE2,26.95,14.15,0.0,2.39,1.0,<Residue PHE het=  resseq=14 icode= >,1sfu_B_A,2.0
68,0.846,PHE, ,CZ,29.13,13.25,0.0,2.10,1.0,<Residue PHE het=  resseq=14 icode= >,1sfu_B_A,2.0
69,0.0,SER, ,N,27.44,14.67,0.0,2.42,1.0,<Residue SER het=  resseq=15 icode= >,1sfu_B_A,2.0
70,2.52,SER, ,CA,26.54,16.09,0.0,2.58,1.0,<Residue SER het=  resseq=15 icode= >,1sfu_B_A,2.0
71,0.889,SER, ,C,25.8,16.56,0.0,3.67,1.0,<Residue SER het=  resseq=15 icode= >,1sfu_B_A,2.0
72,4.01,SER, ,O,26.55,17.24,0.0,3.10,1.0,<Residue SER het=  resseq=15 icode= >,1sfu_B_A,2.0
73,30.811,SER, ,CB,27.11,16.96,0.0,1.78,1.0,<Residue SER het=  resseq=15 icode= >,1sfu_B_A,2.0
74,26.222,SER, ,OG,25.44,16.81,0.0,2.84,1.0,<Residue SER het=  resseq=15 icode= >,1sfu_B_A,2.0
75,0.0,LEU, ,N,23.93,16.17,0.0,4.11,1.0,<Residue LEU het=  resseq=16 icode= >,1sfu_B_A,2.0
76,1.299,LEU, ,CA,23.98,16.48,0.0,3.23,1.0,<Residue LEU het=  resseq=16 icode= >,1sfu_B_A,2.0
77,0.0,LEU, ,C,23.27,15.74,0.0,3.55,1.0,<Residue LEU het=  resseq=16 icode= >,1sfu_B_A,2.0
78,0.645,LEU, ,O,19.99,16.29,0.0,3.76,1.0,<Residue LEU het=  resseq=16 icode= >,1sfu_B_A,2.0
79,0.1,LEU, ,CB,24.37,16.07,0.0,2.59,1.0,<Residue LEU het=  resseq=16 icode= >,1sfu_B_A,2.0
80,0.865,LEU, ,CG,27.86,16.94,0.0,2.34,1.0,<Residue LEU het=  resseq=16 icode= >,1sfu_B_A,2.0
81,20.501,LEU, ,CD1,26.14,16.55,0.0,2.56,1.0,<Residue LEU het=  resseq=16 icode= >,1sfu_B_A,2.0
82,54.786,LEU, ,CD2,28.4,18.40,0.0,1.33,1.0,<Residue LEU het=  resseq=16 icode= >,1sfu_B_A,2.0
83,0.0,VAL, ,N,22.57,14.51,0.0,3.35,1.0,<Residue VAL het=  resseq=17 icode= >,1sfu_B_A,2.0
84,0.0,VAL, ,CA,21.74,13.82,0.0,2.65,1.0,<Residue VAL het=  resseq=17 icode= >,1sfu_B_A,2.0
85,0.0,VAL, ,C,22.0,14.51,0.0,4.29,1.0,<Residue VAL het=  resseq=17 icode= >,1sfu_B_A,2.0
86,0.0,VAL, ,O,22.05,14.57,0.0,3.38,1.0,<Residue VAL het=  resseq=17 icode= >,1sfu_B_A,2.0
87,0.0,VAL, ,CB,19.56,12.34,0.0,3.02,1.0,<Residue VAL het=  resseq=17 icode= >,1sfu_B_A,2.0
88,0.0,VAL, ,CG1,20.32,11.77,0.0,2.76,1.0,<Residue VAL het=  resseq=17 icode= >,1sfu_B_A,2.0
89,0.0,VAL, ,CG2,19.62,11.62,0.0,2.99,1.0,<Residue VAL het=  resseq=17 icode= >,1sfu_B_A,2.0
90,0.0,LYS, ,N,21.65,14.82,0.0,4.71,1.0,<Residue LYS het=  resseq=18 icode= >,1sfu_B_A,2.0
91,0.0,LYS, ,CA,24.49,15.53,0.0,2.53,1.0,<Residue LYS het=  resseq=18 icode= >,1sfu_B_A,2.0
92,0.0,LYS, ,C,25.59,16.84,0.0,3.73,1.0,<Residue LYS het=  resseq=18 icode= >,1sfu_B_A,2.0
93,0.0,LYS, ,O,24.25,17.06,0.0,3.77,1.0,<Residue LYS het=  resseq=18 icode= >,1sfu_B_A,2.0
94,0.968,LYS, ,CB,24.45,15.95,0.0,2.95,1.0,<Residue LYS het=  resseq=18 icode= >,1sfu_B_A,2.0
95,1.517,LYS, ,CG,26.01,16.67,0.0,2.84,1.0,<Residue LYS het=  resseq=18 icode= >,1sfu_B_A,2.0
96,14.368,LYS, ,CD,29.03,16.98,0.0,1.95,1.0,<Residue LYS het=  resseq=18 icode= >,1sfu_B_A,2.0
97,14.856,LYS, ,CE,32.07,17.64,0.0,1.53,1.0,<Residue LYS het=  resseq=18 icode= >,1sfu_B_A,2.0
98,37.873,LYS, ,NZ,31.77,17.89,0.0,1.77,1.0,<Residue LYS het=  resseq=18 icode= >,1sfu_B_A,2.0
99,0.348,LYS, ,N,27.23,17.54,0.0,3.16,1.0,<Residue LYS het=  resseq=19 icode= >,1sfu_B_A,2.0
100,2.85,LYS, ,CA,28.48,18.73,0.0,2.97,1.0,<Residue LYS het=  resseq=19 icode= >,1sfu_B_A,2.0
101,0.0,LYS, ,C,27.74,18.25,0.0,3.66,1.0,<Residue LYS het=  resseq=19 icode= >,1sfu_B_A,2.0
102,0.755,LYS, ,O,27.77,18.84,0.0,3.70,1.0,<Residue LYS het=  resseq=19 icode= >,1sfu_B_A,2.0
103,11.791,LYS, ,CB,30.27,19.62,0.0,2.44,1.0,<Residue LYS het=  resseq=19 icode= >,1sfu_B_A,2.0
104,30.919,LYS, ,CG,33.73,20.98,0.0,2.21,1.0,<Residue LYS het=  resseq=19 icode= >,1sfu_B_A,2.0
105,4.083,LYS, ,CD,37.53,20.84,0.0,1.25,1.0,<Residue LYS het=  resseq=19 icode= >,1sfu_B_A,2.0
106,39.468,LYS, ,CE,39.69,22.20,0.0,0.56,1.0,<Residue LYS het=  resseq=19 icode= >,1sfu_B_A,2.0
107,33.904,LYS, ,NZ,40.06,22.24,0.0,1.44,1.0,<Residue LYS het=  resseq=19 icode= >,1sfu_B_A,2.0
108,0.0,GLU, ,N,27.47,17.27,0.0,3.43,1.0,<Residue GLU het=  resseq=20 icode= >,1sfu_B_A,2.0
109,0.0,GLU, ,CA,29.49,16.87,0.0,2.14,1.0,<Residue GLU het=  resseq=20 icode= >,1sfu_B_A,2.0
110,0.45,GLU, ,C,28.82,16.33,0.0,3.42,1.0,<Residue GLU het=  resseq=20 icode= >,1sfu_B_A,2.0
111,2.242,GLU, ,O,28.53,16.78,0.0,2.77,1.0,<Residue GLU het=  resseq=20 icode= >,1sfu_B_A,2.0
112,0.881,GLU, ,CB,30.91,15.92,0.0,2.25,1.0,<Residue GLU het=  resseq=20 icode= >,1sfu_B_A,2.0
113,0.0,GLU, ,CG,34.66,16.48,0.0,1.46,1.0,<Residue GLU het=  resseq=20 icode= >,1sfu_B_A,2.0
114,2.258,GLU, ,CD,37.19,17.78,0.0,2.19,1.0,<Residue GLU het=  resseq=20 icode= >,1sfu_B_A,2.0
115,10.452,GLU, ,OE1,38.09,17.93,0.0,1.88,1.0,<Residue GLU het=  resseq=20 icode= >,1sfu_B_A,2.0
116,16.633,GLU, ,OE2,38.23,18.72,0.0,1.71,1.0,<Residue GLU het=  resseq=20 icode= >,1sfu_B_A,2.0
117,0.0,VAL, ,N,26.42,15.48,0.0,3.65,1.0,<Residue VAL het=  resseq=21 icode= >,1sfu_B_A,2.0
118,0.0,VAL, ,CA,26.15,15.03,0.0,3.22,1.0,<Residue VAL het=  resseq=21 icode= >,1sfu_B_A,2.0
119,0.0,VAL, ,C,25.28,16.25,0.0,3.71,1.0,<Residue VAL het=  resseq=21 icode= >,1sfu_B_A,2.0
120,0.0,VAL, ,O,23.85,16.42,0.0,3.52,1.0,<Residue VAL het=  resseq=21 icode= >,1sfu_B_A,2.0
121,0.0,VAL, ,CB,26.04,14.00,0.0,3.09,1.0,<Residue VAL het=  resseq=21 icode= >,1sfu_B_A,2.0
122,0.0,VAL, ,CG1,29.48,13.89,0.0,0.47,1.0,<Residue VAL het=  resseq=21 icode= >,1sfu_B_A,2.0
123,0.0,VAL, ,CG2,23.98,12.70,0.0,2.32,1.0,<Residue VAL het=  resseq=21 icode= >,1sfu_B_A,2.0
124,0.0,LEU, ,N,25.11,17.17,0.0,3.55,1.0,<Residue LEU het=  resseq=22 icode= >,1sfu_B_A,2.0
125,0.0,LEU, ,CA,25.88,18.42,0.0,2.95,1.0,<Residue LEU het=  resseq=22 icode= >,1sfu_B_A,2.0
126,1.118,LEU, ,C,26.19,19.33,0.0,3.61,1.0,<Residue LEU het=  resseq=22 icode= >,1sfu_B_A,2.0
127,13.863,LEU, ,O,28.92,20.34,0.0,2.42,1.0,<Residue LEU het=  resseq=22 icode= >,1sfu_B_A,2.0
128,10.351,LEU, ,CB,25.3,19.23,0.0,2.17,1.0,<Residue LEU het=  resseq=22 icode= >,1sfu_B_A,2.0
129,0.0,LEU, ,CG,24.58,18.87,0.0,2.83,1.0,<Residue LEU het=  resseq=22 icode= >,1sfu_B_A,2.0
130,36.523,LEU, ,CD1,25.63,19.93,0.0,1.60,1.0,<Residue LEU het=  resseq=22 icode= >,1sfu_B_A,2.0
131,9.383,LEU, ,CD2,26.06,18.95,0.0,2.02,1.0,<Residue LEU het=  resseq=22 icode= >,1sfu_B_A,2.0
132,0.0,SER, ,N,25.96,1000.00,0.0,3.55,1.0,<Residue SER het=  resseq=23 icode= >,1sfu_B_A,2.0
133,9.335,SER, ,CA,26.9,1000.00,0.0,2.59,1.0,<Residue SER het=  resseq=23 icode= >,1sfu_B_A,2.0
134,1.499,SER, ,C,27.02,1000.00,0.0,4.00,1.0,<Residue SER het=  resseq=23 icode= >,1sfu_B_A,2.0
135,23.283,SER, ,O,28.56,1000.00,0.0,3.40,1.0,<Residue SER het=  resseq=23 icode= >,1sfu_B_A,2.0
136,22.967,SER, ,CB,27.91,1000.00,0.0,3.21,1.0,<Residue SER het=  resseq=23 icode= >,1sfu_B_A,2.0
137,12.487,SER, ,OG,29.69,1000.00,0.0,2.71,1.0,<Residue SER het=  resseq=23 icode= >,1sfu_B_A,2.0
138,0.0,LEU, ,N,25.86,18.62,0.0,3.58,1.0,<Residue LEU het=  resseq=24 icode= >,1sfu_B_A,2.0
139,2.799,LEU, ,CA,27.12,18.37,0.0,2.63,1.0,<Residue LEU het=  resseq=24 icode= >,1sfu_B_A,2.0
140,0.28,LEU, ,C,27.44,19.42,0.0,3.51,1.0,<Residue LEU het=  resseq=24 icode= >,1sfu_B_A,2.0
141,2.784,LEU, ,O,27.44,19.89,0.0,3.53,1.0,<Residue LEU het=  resseq=24 icode= >,1sfu_B_A,2.0
142,0.0,LEU, ,CB,25.96,16.96,0.0,1.86,1.0,<Residue LEU het=  resseq=24 icode= >,1sfu_B_A,2.0
143,0.0,LEU, ,CG,28.02,15.77,0.0,2.82,1.0,<Residue LEU het=  resseq=24 icode= >,1sfu_B_A,2.0
144,0.0,LEU, ,CD1,26.55,14.47,0.0,2.22,1.0,<Residue LEU het=  resseq=24 icode= >,1sfu_B_A,2.0
145,21.909,LEU, ,CD2,27.12,15.79,0.0,1.90,1.0,<Residue LEU het=  resseq=24 icode= >,1sfu_B_A,2.0
146,1.127,ASN, ,N,29.57,1000.00,0.0,3.16,1.0,<Residue ASN het=  resseq=25 icode= >,1sfu_B_A,2.0
147,4.741,ASN, ,CA,30.81,1000.00,0.0,2.61,1.0,<Residue ASN het=  resseq=25 icode= >,1sfu_B_A,2.0
148,0.0,ASN, ,C,30.82,1000.00,0.0,3.07,1.0,<Residue ASN het=  resseq=25 icode= >,1sfu_B_A,2.0
149,0.0,ASN, ,O,29.57,1000.00,0.0,3.08,1.0,<Residue ASN het=  resseq=25 icode= >,1sfu_B_A,2.0
150,15.713,ASN, ,CB,31.94,1000.00,0.0,1.90,1.0,<Residue ASN het=  resseq=25 icode= >,1sfu_B_A,2.0
151,5.612,ASN, ,CG,35.67,1000.00,0.0,2.21,1.0,<Residue ASN het=  resseq=25 icode= >,1sfu_B_A,2.0
152,34.598,ASN, ,OD1,35.98,1000.00,0.0,2.66,1.0,<Residue ASN het=  resseq=25 icode= >,1sfu_B_A,2.0
153,49.256,ASN, ,ND2,37.2,1000.00,0.0,0.80,1.0,<Residue ASN het=  resseq=25 icode= >,1sfu_B_A,2.0
154,4.904,THR, ,N,31.19,1000.00,0.0,2.97,1.0,<Residue THR het=  resseq=26 icode= >,1sfu_B_A,2.0
155,3.666,THR, ,CA,32.17,1000.00,0.0,2.13,1.0,<Residue THR het=  resseq=26 icode= >,1sfu_B_A,2.0
156,0.0,THR, ,C,31.61,1000.00,0.0,2.20,1.0,<Residue THR het=  resseq=26 icode= >,1sfu_B_A,2.0
157,1.446,THR, ,O,34.77,1000.00,0.0,1.46,1.0,<Residue THR het=  resseq=26 icode= >,1sfu_B_A,2.0
158,14.659,THR, ,CB,32.34,1000.00,0.0,2.23,1.0,<Residue THR het=  resseq=26 icode= >,1sfu_B_A,2.0
159,35.301,THR, ,OG1,35.1,1000.00,0.0,2.32,1.0,<Residue THR het=  resseq=26 icode= >,1sfu_B_A,2.0
160,32.543,THR, ,CG2,32.64,1000.00,0.0,1.44,1.0,<Residue THR het=  resseq=26 icode= >,1sfu_B_A,2.0
161,4.479,ASN, ,N,29.55,1000.00,0.0,3.37,1.0,<Residue ASN het=  resseq=27 icode= >,1sfu_B_A,2.0
162,0.007,ASN, ,CA,26.7,1000.00,0.0,2.97,1.0,<Residue ASN het=  resseq=27 icode= >,1sfu_B_A,2.0
163,2.584,ASN, ,C,25.59,1000.00,0.0,3.92,1.0,<Residue ASN het=  resseq=27 icode= >,1sfu_B_A,2.0
164,12.284,ASN, ,O,23.35,1000.00,0.0,3.69,1.0,<Residue ASN het=  resseq=27 icode= >,1sfu_B_A,2.0
165,27.69,ASN, ,CB,25.99,1000.00,0.0,2.35,1.0,<Residue ASN het=  resseq=27 icode= >,1sfu_B_A,2.0
166,7.711,ASN, ,CG,26.89,1000.00,0.0,3.46,1.0,<Residue ASN het=  resseq=27 icode= >,1sfu_B_A,2.0
167,38.524,ASN, ,OD1,26.87,1000.00,0.0,2.72,1.0,<Residue ASN het=  resseq=27 icode= >,1sfu_B_A,2.0
168,4.859,ASN, ,ND2,24.86,1000.00,0.0,3.41,1.0,<Residue ASN het=  resseq=27 icode= >,1sfu_B_A,2.0
169,0.662,ASP, ,N,25.04,18.02,0.0,3.52,1.0,<Residue ASP het=  resseq=28 icode= >,1sfu_B_A,2.0
170,3.793,ASP, ,CA,27.72,17.25,0.0,2.57,1.0,<Residue ASP het=  resseq=28 icode= >,1sfu_B_A,2.0
171,0.0,ASP, ,C,25.66,15.87,0.0,3.73,1.0,<Residue ASP het=  resseq=28 icode= >,1sfu_B_A,2.0
172,0.0,ASP, ,O,26.99,15.71,0.0,2.90,1.0,<Residue ASP het=  resseq=28 icode= >,1sfu_B_A,2.0
173,30.825,ASP, ,CB,31.97,18.04,0.0,2.07,1.0,<Residue ASP het=  resseq=28 icode= >,1sfu_B_A,2.0
174,4.835,ASP, ,CG,37.72,18.88,0.0,2.34,1.0,<Residue ASP het=  resseq=28 icode= >,1sfu_B_A,2.0
175,0.0,ASP, ,OD1,40.8,18.43,0.0,0.94,1.0,<Residue ASP het=  resseq=28 icode= >,1sfu_B_A,2.0
176,14.52,ASP, ,OD2,40.78,20.06,0.0,1.69,1.0,<Residue ASP het=  resseq=28 icode= >,1sfu_B_A,2.0
177,0.864,TYR, ,N,25.19,14.95,0.0,3.21,1.0,<Residue TYR het=  resseq=29 icode= >,1sfu_B_A,2.0
178,0.0,TYR, ,CA,22.64,13.58,0.0,3.12,1.0,<Residue TYR het=  resseq=29 icode= >,1sfu_B_A,2.0
179,0.0,TYR, ,C,23.29,13.27,0.0,4.57,1.0,<Residue TYR het=  resseq=29 icode= >,1sfu_B_A,2.0
180,17.116,TYR, ,O,21.75,14.18,0.0,3.29,1.0,<Residue TYR het=  resseq=29 icode= >,1sfu_B_A,2.0
181,0.0,TYR, ,CB,24.15,12.69,0.0,1.90,1.0,<Residue TYR het=  resseq=29 icode= >,1sfu_B_A,2.0
182,0.0,TYR, ,CG,26.27,12.86,0.0,2.68,1.0,<Residue TYR het=  resseq=29 icode= >,1sfu_B_A,2.0
183,0.0,TYR, ,CD1,28.01,11.88,0.0,2.15,1.0,<Residue TYR het=  resseq=29 icode= >,1sfu_B_A,2.0
184,3.813,TYR, ,CD2,27.71,13.74,0.0,1.60,1.0,<Residue TYR het=  resseq=29 icode= >,1sfu_B_A,2.0
185,14.394,TYR, ,CE1,28.79,11.53,0.0,2.16,1.0,<Residue TYR het=  resseq=29 icode= >,1sfu_B_A,2.0
186,24.279,TYR, ,CE2,29.05,13.29,0.0,2.28,1.0,<Residue TYR het=  resseq=29 icode= >,1sfu_B_A,2.0
187,5.178,TYR, ,CZ,30.25,12.23,0.0,2.70,1.0,<Residue TYR het=  resseq=29 icode= >,1sfu_B_A,2.0
188,35.281,TYR, ,OH,32.49,11.93,0.0,2.40,1.0,<Residue TYR het=  resseq=29 icode= >,1sfu_B_A,2.0
189,0.0,THR, ,N,21.45,12.07,0.0,4.10,1.0,<Residue THR het=  resseq=30 icode= >,1sfu_B_A,2.0
190,5.434,THR, ,CA,21.45,11.77,0.0,2.36,1.0,<Residue THR het=  resseq=30 icode= >,1sfu_B_A,2.0
191,0.0,THR, ,C,20.53,10.29,0.0,4.66,1.0,<Residue THR het=  resseq=30 icode= >,1sfu_B_A,2.0
192,0.0,THR, ,O,19.42,9.59,0.0,4.49,1.0,<Residue THR het=  resseq=30 icode= >,1sfu_B_A,2.0
193,2.695,THR, ,CB,23.87,12.22,0.0,2.64,1.0,<Residue THR het=  resseq=30 icode= >,1sfu_B_A,2.0
194,0.477,THR, ,OG1,25.37,12.26,0.0,2.99,1.0,<Residue THR het=  resseq=30 icode= >,1sfu_B_A,2.0
195,0.177,THR, ,CG2,21.15,11.46,0.0,2.49,1.0,<Residue THR het=  resseq=30 icode= >,1sfu_B_A,2.0
196,0.086,THR, ,N,19.58,9.94,0.0,4.23,1.0,<Residue THR het=  resseq=31 icode= >,1sfu_B_A,2.0
197,0.0,THR, ,CA,20.37,8.62,0.0,3.14,1.0,<Residue THR het=  resseq=31 icode= >,1sfu_B_A,2.0
198,0.0,THR, ,C,21.68,8.40,0.0,3.71,1.0,<Residue THR het=  resseq=31 icode= >,1sfu_B_A,2.0
199,0.0,THR, ,O,19.44,9.44,0.0,4.17,1.0,<Residue THR het=  resseq=31 icode= >,1sfu_B_A,2.0
200,0.0,THR, ,CB,24.92,7.67,0.0,2.62,1.0,<Residue THR het=  resseq=31 icode= >,1sfu_B_A,2.0
201,3.281,THR, ,OG1,21.59,8.10,0.0,4.54,1.0,<Residue THR het=  resseq=31 icode= >,1sfu_B_A,2.0
202,14.335,THR, ,CG2,23.6,8.03,0.0,1.34,1.0,<Residue THR het=  resseq=31 icode= >,1sfu_B_A,2.0
203,0.538,ALA, ,N,20.47,7.21,0.0,3.88,1.0,<Residue ALA het=  resseq=32 icode= >,1sfu_B_A,2.0
204,0.0,ALA, ,CA,22.13,7.27,0.0,3.22,1.0,<Residue ALA het=  resseq=32 icode= >,1sfu_B_A,2.0
205,0.0,ALA, ,C,21.93,8.03,0.0,4.01,1.0,<Residue ALA het=  resseq=32 icode= >,1sfu_B_A,2.0
206,0.0,ALA, ,O,23.12,8.44,0.0,2.95,1.0,<Residue ALA het=  resseq=32 icode= >,1sfu_B_A,2.0
207,8.09,ALA, ,CB,20.39,6.00,0.0,2.29,1.0,<Residue ALA het=  resseq=32 icode= >,1sfu_B_A,2.0
208,0.654,ILE, ,N,22.92,7.34,0.0,2.68,1.0,<Residue ILE het=  resseq=33 icode= >,1sfu_B_A,2.0
209,0.0,ILE, ,CA,25.25,7.74,0.0,2.46,1.0,<Residue ILE het=  resseq=33 icode= >,1sfu_B_A,2.0
210,0.0,ILE, ,C,26.1,9.07,0.0,3.58,1.0,<Residue ILE het=  resseq=33 icode= >,1sfu_B_A,2.0
211,0.0,ILE, ,O,28.98,9.99,0.0,2.96,1.0,<Residue ILE het=  resseq=33 icode= >,1sfu_B_A,2.0
212,4.819,ILE, ,CB,25.42,6.79,0.0,3.13,1.0,<Residue ILE het=  resseq=33 icode= >,1sfu_B_A,2.0
213,19.341,ILE, ,CG1,27.7,7.65,0.0,2.14,1.0,<Residue ILE het=  resseq=33 icode= >,1sfu_B_A,2.0
214,25.503,ILE, ,CG2,29.09,6.74,0.0,1.26,1.0,<Residue ILE het=  resseq=33 icode= >,1sfu_B_A,2.0
215,28.855,ILE, ,CD1,28.74,8.27,0.0,1.20,1.0,<Residue ILE het=  resseq=33 icode= >,1sfu_B_A,2.0
216,0.0,SER, ,N,26.54,9.35,0.0,3.20,1.0,<Residue SER het=  resseq=34 icode= >,1sfu_B_A,2.0
217,5.076,SER, ,CA,26.98,10.71,0.0,3.10,1.0,<Residue SER het=  resseq=34 icode= >,1sfu_B_A,2.0
218,0.0,SER, ,C,28.03,11.73,0.0,3.96,1.0,<Residue SER het=  resseq=34 icode= >,1sfu_B_A,2.0
219,0.51,SER, ,O,26.3,12.75,0.0,3.04,1.0,<Residue SER het=  resseq=34 icode= >,1sfu_B_A,2.0
220,15.73,SER, ,CB,28.84,11.01,0.0,2.73,1.0,<Residue SER het=  resseq=34 icode= >,1sfu_B_A,2.0
221,14.071,SER, ,OG,31.08,12.40,0.0,2.31,1.0,<Residue SER het=  resseq=34 icode= >,1sfu_B_A,2.0
222,0.0,LEU, ,N,27.38,11.60,0.0,3.24,1.0,<Residue LEU het=  resseq=35 icode= >,1sfu_B_A,2.0
223,0.0,LEU, ,CA,29.33,11.85,0.0,2.87,1.0,<Residue LEU het=  resseq=35 icode= >,1sfu_B_A,2.0
224,0.0,LEU, ,C,29.68,11.53,0.0,3.77,1.0,<Residue LEU het=  resseq=35 icode= >,1sfu_B_A,2.0
225,0.0,LEU, ,O,30.88,12.34,0.0,2.80,1.0,<Residue LEU het=  resseq=35 icode= >,1sfu_B_A,2.0
226,0.0,LEU, ,CB,30.45,11.23,0.0,1.83,1.0,<Residue LEU het=  resseq=35 icode= >,1sfu_B_A,2.0
227,0.0,LEU, ,CG,33.35,11.65,0.0,2.74,1.0,<Residue LEU het=  resseq=35 icode= >,1sfu_B_A,2.0
228,0.0,LEU, ,CD1,20.04,10.71,0.0,1.77,1.0,<Residue LEU het=  resseq=35 icode= >,1sfu_B_A,2.0
229,0.523,LEU, ,CD2,20.04,13.08,0.0,1.87,1.0,<Residue LEU het=  resseq=35 icode= >,1sfu_B_A,2.0
230,0.0,SER, ,N,31.07,10.50,0.0,2.90,1.0,<Residue SER het=  resseq=36 icode= >,1sfu_B_A,2.0
231,0.0,SER, ,CA,33.14,10.34,0.0,2.88,1.0,<Residue SER het=  resseq=36 icode= >,1sfu_B_A,2.0
232,0.458,SER, ,C,35.0,11.69,0.0,2.90,1.0,<Residue SER het=  resseq=36 icode= >,1sfu_B_A,2.0
233,5.197,SER, ,O,34.03,12.32,0.0,2.99,1.0,<Residue SER het=  resseq=36 icode= >,1sfu_B_A,2.0
234,0.0,SER, ,CB,32.6,9.23,0.0,2.29,1.0,<Residue SER het=  resseq=36 icode= >,1sfu_B_A,2.0
235,10.343,SER, ,OG,33.81,9.20,0.0,2.93,1.0,<Residue SER het=  resseq=36 icode= >,1sfu_B_A,2.0
236,0.0,ASN, ,N,35.66,12.26,0.0,1.95,1.0,<Residue ASN het=  resseq=37 icode= >,1sfu_B_A,2.0
237,5.444,ASN, ,CA,36.06,13.60,0.0,2.68,1.0,<Residue ASN het=  resseq=37 icode= >,1sfu_B_A,2.0
238,1.459,ASN, ,C,38.09,14.71,0.0,3.17,1.0,<Residue ASN het=  resseq=37 icode= >,1sfu_B_A,2.0
239,22.075,ASN, ,O,39.71,15.59,0.0,2.27,1.0,<Residue ASN het=  resseq=37 icode= >,1sfu_B_A,2.0
240,20.697,ASN, ,CB,33.42,13.19,0.0,2.32,1.0,<Residue ASN het=  resseq=37 icode= >,1sfu_B_A,2.0
241,5.362,ASN, ,CG,32.9,12.24,0.0,3.27,1.0,<Residue ASN het=  resseq=37 icode= >,1sfu_B_A,2.0
242,24.166,ASN, ,OD1,20.04,12.30,0.0,2.85,1.0,<Residue ASN het=  resseq=37 icode= >,1sfu_B_A,2.0
243,35.16,ASN, ,ND2,20.04,11.54,0.0,2.13,1.0,<Residue ASN het=  resseq=37 icode= >,1sfu_B_A,2.0
244,0.602,ARG, ,N,40.73,14.80,0.0,2.69,1.0,<Residue ARG het=  resseq=38 icode= >,1sfu_B_A,2.0
245,11.813,ARG, ,CA,42.28,15.93,0.0,2.27,1.0,<Residue ARG het=  resseq=38 icode= >,1sfu_B_A,2.0
246,0.139,ARG, ,C,42.73,16.01,0.0,2.45,1.0,<Residue ARG het=  resseq=38 icode= >,1sfu_B_A,2.0
247,24.318,ARG, ,O,43.24,17.13,0.0,1.56,1.0,<Residue ARG het=  resseq=38 icode= >,1sfu_B_A,2.0
248,1.83,ARG, ,CB,44.09,16.00,0.0,1.33,1.0,<Residue ARG het=  resseq=38 icode= >,1sfu_B_A,2.0
249,16.021,ARG, ,CG,47.43,17.21,0.0,1.00,1.0,<Residue ARG het=  resseq=38 icode= >,1sfu_B_A,2.0
250,31.318,ARG, ,CD,49.72,17.67,0.0,0.93,1.0,<Residue ARG het=  resseq=38 icode= >,1sfu_B_A,2.0
251,5.672,ARG, ,NE,51.35,16.64,0.0,1.51,1.0,<Residue ARG het=  resseq=38 icode= >,1sfu_B_A,2.0
252,4.11,ARG, ,CZ,51.98,15.52,0.0,1.59,1.0,<Residue ARG het=  resseq=38 icode= >,1sfu_B_A,2.0
253,21.139,ARG, ,NH1,51.89,15.15,0.0,1.38,1.0,<Residue ARG het=  resseq=38 icode= >,1sfu_B_A,2.0
254,8.001,ARG, ,NH2,51.58,14.66,0.0,1.25,1.0,<Residue ARG het=  resseq=38 icode= >,1sfu_B_A,2.0
255,0.0,LEU, ,N,43.08,14.90,0.0,2.20,1.0,<Residue LEU het=  resseq=39 icode= >,1sfu_B_A,2.0
256,3.739,LEU, ,CA,43.49,15.04,0.0,2.30,1.0,<Residue LEU het=  resseq=39 icode= >,1sfu_B_A,2.0
257,3.675,LEU, ,C,42.92,14.76,0.0,3.08,1.0,<Residue LEU het=  resseq=39 icode= >,1sfu_B_A,2.0
258,4.237,LEU, ,O,44.4,14.53,0.0,1.40,1.0,<Residue LEU het=  resseq=39 icode= >,1sfu_B_A,2.0
259,0.331,LEU, ,CB,43.6,14.15,0.0,1.57,1.0,<Residue LEU het=  resseq=39 icode= >,1sfu_B_A,2.0
260,0.0,LEU, ,CG,42.99,14.50,0.0,2.61,1.0,<Residue LEU het=  resseq=39 icode= >,1sfu_B_A,2.0
261,0.0,LEU, ,CD1,42.29,13.55,0.0,1.47,1.0,<Residue LEU het=  resseq=39 icode= >,1sfu_B_A,2.0
262,23.425,LEU, ,CD2,42.33,15.91,0.0,1.23,1.0,<Residue LEU het=  resseq=39 icode= >,1sfu_B_A,2.0
263,10.184,LYS, ,N,42.12,14.96,0.0,2.80,1.0,<Residue LYS het=  resseq=40 icode= >,1sfu_B_A,2.0
264,38.14,LYS, ,CA,42.91,14.89,0.0,1.32,1.0,<Residue LYS het=  resseq=40 icode= >,1sfu_B_A,2.0
265,4.835,LYS, ,C,41.82,13.83,0.0,1.96,1.0,<Residue LYS het=  resseq=40 icode= >,1sfu_B_A,2.0
266,31.513,LYS, ,O,42.52,14.18,0.0,1.30,1.0,<Residue LYS het=  resseq=40 icode= >,1sfu_B_A,2.0
267,0.557,ILE, ,N,39.83,12.63,0.0,1.85,1.0,<Residue ILE het=  resseq=41 icode= >,1sfu_B_A,2.0
268,2.543,ILE, ,CA,37.09,11.60,0.0,1.97,1.0,<Residue ILE het=  resseq=41 icode= >,1sfu_B_A,2.0
269,3.591,ILE, ,C,36.03,10.28,0.0,2.93,1.0,<Residue ILE het=  resseq=41 icode= >,1sfu_B_A,2.0
270,0.171,ILE, ,O,36.31,9.83,0.0,2.39,1.0,<Residue ILE het=  resseq=41 icode= >,1sfu_B_A,2.0
271,0.0,ILE, ,CB,36.35,11.48,0.0,2.24,1.0,<Residue ILE het=  resseq=41 icode= >,1sfu_B_A,2.0
272,11.72,ILE, ,CG1,36.66,12.92,0.0,1.78,1.0,<Residue ILE het=  resseq=41 icode= >,1sfu_B_A,2.0
273,0.937,ILE, ,CG2,35.86,10.67,0.0,1.67,1.0,<Residue ILE het=  resseq=41 icode= >,1sfu_B_A,2.0
274,3.38,ILE, ,CD1,38.16,13.18,0.0,0.92,1.0,<Residue ILE het=  resseq=41 icode= >,1sfu_B_A,2.0
275,1.785,ASN, ,N,33.18,9.84,0.0,3.53,1.0,<Residue ASN het=  resseq=42 icode= >,1sfu_B_A,2.0
276,6.942,ASN, ,CA,32.64,8.69,0.0,2.82,1.0,<Residue ASN het=  resseq=42 icode= >,1sfu_B_A,2.0
277,0.0,ASN, ,C,30.5,7.46,0.0,3.71,1.0,<Residue ASN het=  resseq=42 icode= >,1sfu_B_A,2.0
278,0.0,ASN, ,O,27.13,7.38,0.0,3.08,1.0,<Residue ASN het=  resseq=42 icode= >,1sfu_B_A,2.0
279,12.002,ASN, ,CB,35.5,8.34,0.0,2.24,1.0,<Residue ASN het=  resseq=42 icode= >,1sfu_B_A,2.0
280,6.374,ASN, ,CG,40.16,9.24,0.0,0.90,1.0,<Residue ASN het=  resseq=42 icode= >,1sfu_B_A,2.0
281,35.869,ASN, ,OD1,41.62,9.46,0.0,0.99,1.0,<Residue ASN het=  resseq=42 icode= >,1sfu_B_A,2.0
282,32.917,ASN, ,ND2,41.01,9.71,0.0,0.32,1.0,<Residue ASN het=  resseq=42 icode= >,1sfu_B_A,2.0
283,5.4,LYS, ,N,29.73,6.73,0.0,3.26,1.0,<Residue LYS het=  resseq=43 icode= >,1sfu_B_A,2.0
284,0.0,LYS, ,CA,30.32,5.68,0.0,2.58,1.0,<Residue LYS het=  resseq=43 icode= >,1sfu_B_A,2.0
285,0.0,LYS, ,C,28.71,4.60,0.0,3.69,1.0,<Residue LYS het=  resseq=43 icode= >,1sfu_B_A,2.0
286,0.0,LYS, ,O,28.74,4.39,0.0,3.42,1.0,<Residue LYS het=  resseq=43 icode= >,1sfu_B_A,2.0
287,11.762,LYS, ,CB,30.63,5.36,0.0,1.96,1.0,<Residue LYS het=  resseq=43 icode= >,1sfu_B_A,2.0
288,0.0,LYS, ,CG,31.39,4.95,0.0,2.80,1.0,<Residue LYS het=  resseq=43 icode= >,1sfu_B_A,2.0
289,4.867,LYS, ,CD,33.32,5.45,0.0,2.15,1.0,<Residue LYS het=  resseq=43 icode= >,1sfu_B_A,2.0
290,42.78,LYS, ,CE,34.82,4.83,1.713,1.67,1.0,<Residue LYS het=  resseq=43 icode= >,1sfu_B_A,2.0
291,27.401,LYS, ,NZ,36.55,3.45,12.059,1.48,1.0,<Residue LYS het=  resseq=43 icode= >,1sfu_B_A,2.0
292,3.264,LYS, ,N,27.01,4.39,0.0,3.56,1.0,<Residue LYS het=  resseq=44 icode= >,1sfu_B_A,2.0
293,5.135,LYS, ,CA,24.45,3.71,4.908,3.37,1.0,<Residue LYS het=  resseq=44 icode= >,1sfu_B_A,2.0
294,0.0,LYS, ,C,23.37,4.66,0.0,4.08,1.0,<Residue LYS het=  resseq=44 icode= >,1sfu_B_A,2.0
295,0.317,LYS, ,O,23.86,4.14,0.317,4.52,1.0,<Residue LYS het=  resseq=44 icode= >,1sfu_B_A,2.0
296,19.132,LYS, ,CB,26.48,3.46,4.19,1.89,1.0,<Residue LYS het=  resseq=44 icode= >,1sfu_B_A,2.0
297,7.954,LYS, ,CG,27.09,3.25,6.734,1.53,1.0,<Residue LYS het=  resseq=44 icode= >,1sfu_B_A,2.0
298,32.679,LYS, ,CD,29.61,3.58,5.226,1.79,1.0,<Residue LYS het=  resseq=44 icode= >,1sfu_B_A,2.0
299,27.687,LYS, ,CE,30.66,3.58,17.367,1.75,1.0,<Residue LYS het=  resseq=44 icode= >,1sfu_B_A,2.0
300,48.735,LYS, ,NZ,28.53,4.03,9.706,1.24,1.0,<Residue LYS het=  resseq=44 icode= >,1sfu_B_A,2.0
301,0.0,LYS, ,N,21.25,5.85,0.0,3.11,1.0,<Residue LYS het=  resseq=45 icode= >,1sfu_B_A,2.0
302,0.0,LYS, ,CA,19.28,6.89,0.0,3.27,1.0,<Residue LYS het=  resseq=45 icode= >,1sfu_B_A,2.0
303,0.0,LYS, ,C,18.39,6.99,0.0,4.35,1.0,<Residue LYS het=  resseq=45 icode= >,1sfu_B_A,2.0
304,0.0,LYS, ,O,16.97,7.41,0.0,4.58,1.0,<Residue LYS het=  resseq=45 icode= >,1sfu_B_A,2.0
305,0.18,LYS, ,CB,20.25,8.20,0.0,3.50,1.0,<Residue LYS het=  resseq=45 icode= >,1sfu_B_A,2.0
306,5.564,LYS, ,CG,23.74,8.29,0.0,2.33,1.0,<Residue LYS het=  resseq=45 icode= >,1sfu_B_A,2.0
307,1.255,LYS, ,CD,25.76,9.66,0.0,1.99,1.0,<Residue LYS het=  resseq=45 icode= >,1sfu_B_A,2.0
308,32.852,LYS, ,CE,30.27,9.92,0.0,1.79,1.0,<Residue LYS het=  resseq=45 icode= >,1sfu_B_A,2.0
309,36.709,LYS, ,NZ,32.66,11.31,0.0,1.37,1.0,<Residue LYS het=  resseq=45 icode= >,1sfu_B_A,2.0
310,0.0,ILE, ,N,15.7,6.82,0.0,4.33,1.0,<Residue ILE het=  resseq=46 icode= >,1sfu_B_A,2.0
311,0.0,ILE, ,CA,16.31,7.27,0.0,3.54,1.0,<Residue ILE het=  resseq=46 icode= >,1sfu_B_A,2.0
312,0.0,ILE, ,C,16.21,6.58,0.0,4.39,1.0,<Residue ILE het=  resseq=46 icode= >,1sfu_B_A,2.0
313,0.0,ILE, ,O,17.41,7.21,0.0,5.10,1.0,<Residue ILE het=  resseq=46 icode= >,1sfu_B_A,2.0
314,0.0,ILE, ,CB,18.73,7.30,0.0,3.01,1.0,<Residue ILE het=  resseq=46 icode= >,1sfu_B_A,2.0
315,0.0,ILE, ,CG1,16.81,8.36,0.0,3.17,1.0,<Residue ILE het=  resseq=46 icode= >,1sfu_B_A,2.0
316,0.0,ILE, ,CG2,19.23,7.96,0.0,2.50,1.0,<Residue ILE het=  resseq=46 icode= >,1sfu_B_A,2.0
317,0.0,ILE, ,CD1,20.42,9.68,0.0,2.35,1.0,<Residue ILE het=  resseq=46 icode= >,1sfu_B_A,2.0
318,0.0,ASN, ,N,14.46,5.34,0.0,3.71,1.0,<Residue ASN het=  resseq=47 icode= >,1sfu_B_A,2.0
319,0.0,ASN, ,CA,14.08,4.66,0.0,3.53,1.0,<Residue ASN het=  resseq=47 icode= >,1sfu_B_A,2.0
320,0.663,ASN, ,C,14.08,4.51,0.663,5.15,1.0,<Residue ASN het=  resseq=47 icode= >,1sfu_B_A,2.0
321,0.0,ASN, ,O,13.67,4.41,0.0,4.76,1.0,<Residue ASN het=  resseq=47 icode= >,1sfu_B_A,2.0
322,11.319,ASN, ,CB,14.41,3.39,11.319,2.71,1.0,<Residue ASN het=  resseq=47 icode= >,1sfu_B_A,2.0
323,0.104,ASN, ,CG,16.86,3.63,0.104,4.88,1.0,<Residue ASN het=  resseq=47 icode= >,1sfu_B_A,2.0
324,3.296,ASN, ,OD1,17.2,3.83,2.991,4.08,1.0,<Residue ASN het=  resseq=47 icode= >,1sfu_B_A,2.0
325,25.591,ASN, ,ND2,16.35,2.71,24.634,3.16,1.0,<Residue ASN het=  resseq=47 icode= >,1sfu_B_A,2.0
326,0.204,GLN, ,N,13.66,4.37,0.204,3.82,1.0,<Residue GLN het=  resseq=48 icode= >,1sfu_B_A,2.0
327,8.645,GLN, ,CA,16.87,4.39,7.357,3.80,1.0,<Residue GLN het=  resseq=48 icode= >,1sfu_B_A,2.0
328,0.0,GLN, ,C,15.87,5.55,0.0,4.09,1.0,<Residue GLN het=  resseq=48 icode= >,1sfu_B_A,2.0
329,1.851,GLN, ,O,14.56,5.60,0.0,4.60,1.0,<Residue GLN het=  resseq=48 icode= >,1sfu_B_A,2.0
330,3.107,GLN, ,CB,17.1,4.47,0.0,3.36,1.0,<Residue GLN het=  resseq=48 icode= >,1sfu_B_A,2.0
331,17.564,GLN, ,CG,22.18,3.54,16.797,2.94,1.0,<Residue GLN het=  resseq=48 icode= >,1sfu_B_A,2.0
332,0.414,GLN, ,CD,25.16,3.71,0.0,3.51,1.0,<Residue GLN het=  resseq=48 icode= >,1sfu_B_A,2.0
333,4.44,GLN, ,OE1,26.52,4.92,0.0,2.89,1.0,<Residue GLN het=  resseq=48 icode= >,1sfu_B_A,2.0
334,42.699,GLN, ,NE2,26.04,2.93,14.127,2.59,1.0,<Residue GLN het=  resseq=48 icode= >,1sfu_B_A,2.0
335,0.0,GLN, ,N,14.79,6.68,0.0,4.25,1.0,<Residue GLN het=  resseq=49 icode= >,1sfu_B_A,2.0
336,0.0,GLN, ,CA,15.45,7.96,0.0,3.36,1.0,<Residue GLN het=  resseq=49 icode= >,1sfu_B_A,2.0
337,0.0,GLN, ,C,15.27,8.05,0.0,5.75,1.0,<Residue GLN het=  resseq=49 icode= >,1sfu_B_A,2.0
338,0.0,GLN, ,O,16.44,8.59,0.0,5.61,1.0,<Residue GLN het=  resseq=49 icode= >,1sfu_B_A,2.0
339,0.0,GLN, ,CB,16.82,9.10,0.0,3.05,1.0,<Residue GLN het=  resseq=49 icode= >,1sfu_B_A,2.0
340,0.0,GLN, ,CG,21.08,9.18,0.0,3.04,1.0,<Residue GLN het=  resseq=49 icode= >,1sfu_B_A,2.0
341,0.0,GLN, ,CD,24.61,8.53,0.0,3.94,1.0,<Residue GLN het=  resseq=49 icode= >,1sfu_B_A,2.0
342,1.743,GLN, ,OE1,26.7,9.00,0.0,3.45,1.0,<Residue GLN het=  resseq=49 icode= >,1sfu_B_A,2.0
343,1.702,GLN, ,NE2,30.58,7.50,0.0,1.31,1.0,<Residue GLN het=  resseq=49 icode= >,1sfu_B_A,2.0
344,0.0,LEU, ,N,14.71,7.53,0.0,4.69,1.0,<Residue LEU het=  resseq=50 icode= >,1sfu_B_A,2.0
345,0.0,LEU, ,CA,14.91,7.82,0.0,3.59,1.0,<Residue LEU het=  resseq=50 icode= >,1sfu_B_A,2.0
346,0.0,LEU, ,C,14.64,7.29,0.0,4.84,1.0,<Residue LEU het=  resseq=50 icode= >,1sfu_B_A,2.0
347,0.0,LEU, ,O,12.48,8.14,0.0,4.68,1.0,<Residue LEU het=  resseq=50 icode= >,1sfu_B_A,2.0
348,0.0,LEU, ,CB,16.13,7.14,0.0,3.24,1.0,<Residue LEU het=  resseq=50 icode= >,1sfu_B_A,2.0
349,0.0,LEU, ,CG,18.47,7.55,0.0,2.95,1.0,<Residue LEU het=  resseq=50 icode= >,1sfu_B_A,2.0
350,0.0,LEU, ,CD1,14.99,9.06,0.0,2.92,1.0,<Residue LEU het=  resseq=50 icode= >,1sfu_B_A,2.0
351,0.0,LEU, ,CD2,16.45,7.21,0.0,2.36,1.0,<Residue LEU het=  resseq=50 icode= >,1sfu_B_A,2.0
352,0.0,TYR, ,N,13.69,6.00,0.0,5.13,1.0,<Residue TYR het=  resseq=51 icode= >,1sfu_B_A,2.0
353,0.0,TYR, ,CA,15.04,5.71,0.0,3.72,1.0,<Residue TYR het=  resseq=51 icode= >,1sfu_B_A,2.0
354,0.088,TYR, ,C,15.38,6.63,0.0,4.15,1.0,<Residue TYR het=  resseq=51 icode= >,1sfu_B_A,2.0
355,1.187,TYR, ,O,14.2,7.28,0.0,4.73,1.0,<Residue TYR het=  resseq=51 icode= >,1sfu_B_A,2.0
356,17.621,TYR, ,CB,12.95,4.26,8.677,3.19,1.0,<Residue TYR het=  resseq=51 icode= >,1sfu_B_A,2.0
357,2.534,TYR, ,CG,12.61,3.71,2.534,3.69,1.0,<Residue TYR het=  resseq=51 icode= >,1sfu_B_A,2.0
358,7.336,TYR, ,CD1,11.35,3.54,7.336,3.61,1.0,<Residue TYR het=  resseq=51 icode= >,1sfu_B_A,2.0
359,15.915,TYR, ,CD2,10.55,3.54,6.244,3.55,1.0,<Residue TYR het=  resseq=51 icode= >,1sfu_B_A,2.0
360,9.595,TYR, ,CE1,11.96,3.48,9.595,3.42,1.0,<Residue TYR het=  resseq=51 icode= >,1sfu_B_A,2.0
361,15.348,TYR, ,CE2,12.31,3.49,7.92,3.53,1.0,<Residue TYR het=  resseq=51 icode= >,1sfu_B_A,2.0
362,5.423,TYR, ,CZ,12.34,3.45,5.423,4.33,1.0,<Residue TYR het=  resseq=51 icode= >,1sfu_B_A,2.0
363,16.248,TYR, ,OH,9.67,2.56,13.068,4.86,1.0,<Residue TYR het=  resseq=51 icode= >,1sfu_B_A,2.0
364,0.0,LYS, ,N,15.42,7.03,0.0,4.04,1.0,<Residue LYS het=  resseq=52 icode= >,1sfu_B_A,2.0
365,0.346,LYS, ,CA,15.85,8.14,0.0,3.53,1.0,<Residue LYS het=  resseq=52 icode= >,1sfu_B_A,2.0
366,0.0,LYS, ,C,17.47,9.40,0.0,4.64,1.0,<Residue LYS het=  resseq=52 icode= >,1sfu_B_A,2.0
367,0.156,LYS, ,O,18.28,10.30,0.0,4.58,1.0,<Residue LYS het=  resseq=52 icode= >,1sfu_B_A,2.0
368,2.801,LYS, ,CB,20.61,8.34,0.0,4.23,1.0,<Residue LYS het=  resseq=52 icode= >,1sfu_B_A,2.0
369,10.721,LYS, ,CG,24.2,7.38,0.0,2.62,1.0,<Residue LYS het=  resseq=52 icode= >,1sfu_B_A,2.0
370,14.623,LYS, ,CD,20.04,7.57,0.0,1.58,1.0,<Residue LYS het=  resseq=52 icode= >,1sfu_B_A,2.0
371,36.166,LYS, ,CE,20.04,6.45,0.0,1.41,1.0,<Residue LYS het=  resseq=52 icode= >,1sfu_B_A,2.0
372,37.179,LYS, ,NZ,20.04,6.67,0.0,1.40,1.0,<Residue LYS het=  resseq=52 icode= >,1sfu_B_A,2.0
373,0.0,LEU, ,N,16.15,9.61,0.0,4.26,1.0,<Residue LEU het=  resseq=53 icode= >,1sfu_B_A,2.0
374,0.0,LEU, ,CA,17.77,10.87,0.0,3.79,1.0,<Residue LEU het=  resseq=53 icode= >,1sfu_B_A,2.0
375,0.0,LEU, ,C,16.6,11.07,0.0,4.25,1.0,<Residue LEU het=  resseq=53 icode= >,1sfu_B_A,2.0
376,0.0,LEU, ,O,16.4,12.24,0.0,4.38,1.0,<Residue LEU het=  resseq=53 icode= >,1sfu_B_A,2.0
377,0.0,LEU, ,CB,18.13,11.11,0.0,3.16,1.0,<Residue LEU het=  resseq=53 icode= >,1sfu_B_A,2.0
378,0.0,LEU, ,CG,22.11,12.18,0.0,2.22,1.0,<Residue LEU het=  resseq=53 icode= >,1sfu_B_A,2.0
379,0.0,LEU, ,CD1,20.03,12.94,0.0,1.70,1.0,<Residue LEU het=  resseq=53 icode= >,1sfu_B_A,2.0
380,0.0,LEU, ,CD2,18.86,11.68,0.0,1.93,1.0,<Residue LEU het=  resseq=53 icode= >,1sfu_B_A,2.0
381,0.0,GLN, ,N,14.04,10.07,0.0,4.56,1.0,<Residue GLN het=  resseq=54 icode= >,1sfu_B_A,2.0
382,0.0,GLN, ,CA,17.52,10.14,0.0,3.13,1.0,<Residue GLN het=  resseq=54 icode= >,1sfu_B_A,2.0
383,0.0,GLN, ,C,18.86,10.55,0.0,4.03,1.0,<Residue GLN het=  resseq=54 icode= >,1sfu_B_A,2.0
384,5.533,GLN, ,O,18.45,11.45,0.0,4.00,1.0,<Residue GLN het=  resseq=54 icode= >,1sfu_B_A,2.0
385,0.016,GLN, ,CB,15.65,8.91,0.0,2.92,1.0,<Residue GLN het=  resseq=54 icode= >,1sfu_B_A,2.0
386,14.446,GLN, ,CG,18.29,9.25,0.0,2.80,1.0,<Residue GLN het=  resseq=54 icode= >,1sfu_B_A,2.0
387,5.345,GLN, ,CD,21.45,8.41,0.0,4.63,1.0,<Residue GLN het=  resseq=54 icode= >,1sfu_B_A,2.0
388,13.658,GLN, ,OE1,22.22,7.19,0.0,3.82,1.0,<Residue GLN het=  resseq=54 icode= >,1sfu_B_A,2.0
389,11.628,GLN, ,NE2,21.54,9.22,0.0,3.74,1.0,<Residue GLN het=  resseq=54 icode= >,1sfu_B_A,2.0
390,0.0,LYS, ,N,19.08,10.10,0.0,3.67,1.0,<Residue LYS het=  resseq=55 icode= >,1sfu_B_A,2.0
391,10.266,LYS, ,CA,18.89,10.74,0.0,2.71,1.0,<Residue LYS het=  resseq=55 icode= >,1sfu_B_A,2.0
392,0.357,LYS, ,C,20.81,12.23,0.0,3.66,1.0,<Residue LYS het=  resseq=55 icode= >,1sfu_B_A,2.0
393,24.871,LYS, ,O,20.55,13.10,0.0,3.85,1.0,<Residue LYS het=  resseq=55 icode= >,1sfu_B_A,2.0
394,13.309,LYS, ,CB,19.63,10.28,0.0,2.84,1.0,<Residue LYS het=  resseq=55 icode= >,1sfu_B_A,2.0
395,15.343,LYS, ,CG,21.57,8.92,0.0,3.10,1.0,<Residue LYS het=  resseq=55 icode= >,1sfu_B_A,2.0
396,20.989,LYS, ,CD,21.51,8.13,0.0,3.11,1.0,<Residue LYS het=  resseq=55 icode= >,1sfu_B_A,2.0
397,37.047,LYS, ,CE,21.92,6.79,0.0,2.00,1.0,<Residue LYS het=  resseq=55 icode= >,1sfu_B_A,2.0
398,48.421,LYS, ,NZ,25.09,5.68,0.247,1.56,1.0,<Residue LYS het=  resseq=55 icode= >,1sfu_B_A,2.0
399,0.0,GLU, ,N,20.49,12.60,0.0,4.04,1.0,<Residue GLU het=  resseq=56 icode= >,1sfu_B_A,2.0
400,7.677,GLU, ,CA,21.94,13.95,0.0,3.23,1.0,<Residue GLU het=  resseq=56 icode= >,1sfu_B_A,2.0
401,0.736,GLU, ,C,21.28,14.77,0.0,4.57,1.0,<Residue GLU het=  resseq=56 icode= >,1sfu_B_A,2.0
402,18.11,GLU, ,O,23.32,15.95,0.0,3.49,1.0,<Residue GLU het=  resseq=56 icode= >,1sfu_B_A,2.0
403,8.553,GLU, ,CB,24.93,14.00,0.0,2.51,1.0,<Residue GLU het=  resseq=56 icode= >,1sfu_B_A,2.0
404,19.025,GLU, ,CG,31.45,13.33,0.0,1.89,1.0,<Residue GLU het=  resseq=56 icode= >,1sfu_B_A,2.0
405,8.032,GLU, ,CD,33.69,13.48,0.0,2.63,1.0,<Residue GLU het=  resseq=56 icode= >,1sfu_B_A,2.0
406,29.671,GLU, ,OE1,36.46,12.87,0.0,2.19,1.0,<Residue GLU het=  resseq=56 icode= >,1sfu_B_A,2.0
407,6.674,GLU, ,OE2,37.1,14.09,0.0,1.70,1.0,<Residue GLU het=  resseq=56 icode= >,1sfu_B_A,2.0
408,0.0,ASP, ,N,22.91,14.17,0.0,3.63,1.0,<Residue ASP het=  resseq=57 icode= >,1sfu_B_A,2.0
409,0.359,ASP, ,CA,23.78,14.95,0.0,2.94,1.0,<Residue ASP het=  resseq=57 icode= >,1sfu_B_A,2.0
410,0.287,ASP, ,C,24.66,15.56,0.0,3.03,1.0,<Residue ASP het=  resseq=57 icode= >,1sfu_B_A,2.0
411,4.039,ASP, ,O,23.01,16.69,0.0,3.42,1.0,<Residue ASP het=  resseq=57 icode= >,1sfu_B_A,2.0
412,7.547,ASP, ,CB,26.7,16.16,0.0,2.05,1.0,<Residue ASP het=  resseq=57 icode= >,1sfu_B_A,2.0
413,6.456,ASP, ,CG,28.98,15.87,0.0,3.59,1.0,<Residue ASP het=  resseq=57 icode= >,1sfu_B_A,2.0
414,24.723,ASP, ,OD1,29.93,14.94,0.0,3.35,1.0,<Residue ASP het=  resseq=57 icode= >,1sfu_B_A,2.0
415,38.7,ASP, ,OD2,33.53,16.68,0.0,2.08,1.0,<Residue ASP het=  resseq=57 icode= >,1sfu_B_A,2.0
416,0.0,THR, ,N,22.65,14.92,0.0,3.94,1.0,<Residue THR het=  resseq=58 icode= >,1sfu_B_A,2.0
417,0.707,THR, ,CA,23.34,15.58,0.0,3.17,1.0,<Residue THR het=  resseq=58 icode= >,1sfu_B_A,2.0
418,0.0,THR, ,C,22.74,14.95,0.0,3.47,1.0,<Residue THR het=  resseq=58 icode= >,1sfu_B_A,2.0
419,0.0,THR, ,O,23.92,15.46,0.0,3.79,1.0,<Residue THR het=  resseq=58 icode= >,1sfu_B_A,2.0
420,0.0,THR, ,CB,23.83,15.18,0.0,3.33,1.0,<Residue THR het=  resseq=58 icode= >,1sfu_B_A,2.0
421,8.944,THR, ,OG1,22.93,15.74,0.0,3.14,1.0,<Residue THR het=  resseq=58 icode= >,1sfu_B_A,2.0
422,0.74,THR, ,CG2,24.06,15.89,0.0,2.16,1.0,<Residue THR het=  resseq=58 icode= >,1sfu_B_A,2.0
423,0.0,VAL, ,N,22.46,13.72,0.0,2.50,1.0,<Residue VAL het=  resseq=59 icode= >,1sfu_B_A,2.0
424,0.0,VAL, ,CA,22.0,12.86,0.0,2.61,1.0,<Residue VAL het=  resseq=59 icode= >,1sfu_B_A,2.0
425,0.0,VAL, ,C,21.83,12.39,0.0,4.27,1.0,<Residue VAL het=  resseq=59 icode= >,1sfu_B_A,2.0
426,1.732,VAL, ,O,21.56,12.55,0.0,3.52,1.0,<Residue VAL het=  resseq=59 icode= >,1sfu_B_A,2.0
427,0.0,VAL, ,CB,21.33,11.71,0.0,3.72,1.0,<Residue VAL het=  resseq=59 icode= >,1sfu_B_A,2.0
428,0.0,VAL, ,CG1,21.06,12.42,0.0,2.11,1.0,<Residue VAL het=  resseq=59 icode= >,1sfu_B_A,2.0
429,0.0,VAL, ,CG2,17.76,10.77,0.0,2.36,1.0,<Residue VAL het=  resseq=59 icode= >,1sfu_B_A,2.0
430,0.0,LYS, ,N,21.1,12.02,0.0,3.55,1.0,<Residue LYS het=  resseq=60 icode= >,1sfu_B_A,2.0
431,0.0,LYS, ,CA,21.43,11.76,0.0,3.17,1.0,<Residue LYS het=  resseq=60 icode= >,1sfu_B_A,2.0
432,0.0,LYS, ,C,20.81,10.61,0.0,4.76,1.0,<Residue LYS het=  resseq=60 icode= >,1sfu_B_A,2.0
433,0.0,LYS, ,O,19.1,10.68,0.0,4.16,1.0,<Residue LYS het=  resseq=60 icode= >,1sfu_B_A,2.0
434,5.487,LYS, ,CB,25.31,13.05,0.0,1.71,1.0,<Residue LYS het=  resseq=60 icode= >,1sfu_B_A,2.0
435,17.825,LYS, ,CG,28.51,13.08,0.0,2.33,1.0,<Residue LYS het=  resseq=60 icode= >,1sfu_B_A,2.0
436,14.395,LYS, ,CD,32.8,12.91,0.0,1.38,1.0,<Residue LYS het=  resseq=60 icode= >,1sfu_B_A,2.0
437,29.073,LYS, ,CE,36.75,13.14,0.0,0.71,1.0,<Residue LYS het=  resseq=60 icode= >,1sfu_B_A,2.0
438,44.559,LYS, ,NZ,36.78,13.14,0.0,1.22,1.0,<Residue LYS het=  resseq=60 icode= >,1sfu_B_A,2.0
439,0.0,MET, ,N,20.18,9.73,0.0,4.12,1.0,<Residue MET het=  resseq=61 icode= >,1sfu_B_A,2.0
440,0.0,MET, ,CA,22.5,8.66,0.0,3.81,1.0,<Residue MET het=  resseq=61 icode= >,1sfu_B_A,2.0
441,0.0,MET, ,C,24.09,9.14,0.0,3.96,1.0,<Residue MET het=  resseq=61 icode= >,1sfu_B_A,2.0
442,5.974,MET, ,O,25.05,9.78,0.0,3.61,1.0,<Residue MET het=  resseq=61 icode= >,1sfu_B_A,2.0
443,0.023,MET, ,CB,23.62,7.35,0.0,2.80,1.0,<Residue MET het=  resseq=61 icode= >,1sfu_B_A,2.0
444,0.0,MET, ,CG,26.02,6.14,0.0,2.81,1.0,<Residue MET het=  resseq=61 icode= >,1sfu_B_A,2.0
445,1.076,MET, ,SD,28.88,6.30,0.0,6.37,1.0,<Residue MET het=  resseq=61 icode= >,1sfu_B_A,2.0
446,31.486,MET, ,CE,29.47,5.40,0.076,1.72,1.0,<Residue MET het=  resseq=61 icode= >,1sfu_B_A,2.0
447,0.0,VAL, ,N,23.42,9.08,0.0,3.79,1.0,<Residue VAL het=  resseq=62 icode= >,1sfu_B_A,2.0
448,0.499,VAL, ,CA,24.53,9.76,0.0,2.79,1.0,<Residue VAL het=  resseq=62 icode= >,1sfu_B_A,2.0
449,0.0,VAL, ,C,26.11,8.69,0.0,4.49,1.0,<Residue VAL het=  resseq=62 icode= >,1sfu_B_A,2.0
450,0.0,VAL, ,O,24.28,8.25,0.0,4.17,1.0,<Residue VAL het=  resseq=62 icode= >,1sfu_B_A,2.0
451,0.0,VAL, ,CB,22.81,10.93,0.0,2.72,1.0,<Residue VAL het=  resseq=62 icode= >,1sfu_B_A,2.0
452,36.162,VAL, ,CG1,24.38,11.43,0.0,1.81,1.0,<Residue VAL het=  resseq=62 icode= >,1sfu_B_A,2.0
453,27.035,VAL, ,CG2,21.58,12.01,0.0,1.87,1.0,<Residue VAL het=  resseq=62 icode= >,1sfu_B_A,2.0
454,0.0,PRO, ,N,27.78,8.36,0.0,3.44,1.0,<Residue PRO het=  resseq=63 icode= >,1sfu_B_A,2.0
455,0.313,PRO, ,CA,29.34,7.38,0.0,2.72,1.0,<Residue PRO het=  resseq=63 icode= >,1sfu_B_A,2.0
456,1.529,PRO, ,C,31.32,7.45,0.0,2.90,1.0,<Residue PRO het=  resseq=63 icode= >,1sfu_B_A,2.0
457,12.949,PRO, ,O,32.92,8.57,0.0,1.04,1.0,<Residue PRO het=  resseq=63 icode= >,1sfu_B_A,2.0
458,32.752,PRO, ,CB,29.99,7.37,0.0,2.45,1.0,<Residue PRO het=  resseq=63 icode= >,1sfu_B_A,2.0
459,39.394,PRO, ,CG,30.8,8.82,0.0,2.02,1.0,<Residue PRO het=  resseq=63 icode= >,1sfu_B_A,2.0
460,20.214,PRO, ,CD,29.17,9.15,0.0,2.36,1.0,<Residue PRO het=  resseq=63 icode= >,1sfu_B_A,2.0
461,3.512,SER, ,N,30.43,6.38,0.0,3.34,1.0,<Residue SER het=  resseq=64 icode= >,1sfu_B_A,2.0
462,11.765,SER, ,CA,31.23,6.51,0.0,3.40,1.0,<Residue SER het=  resseq=64 icode= >,1sfu_B_A,2.0
463,0.356,SER, ,C,31.51,5.06,0.0,3.41,1.0,<Residue SER het=  resseq=64 icode= >,1sfu_B_A,2.0
464,2.06,SER, ,O,31.52,4.33,0.804,2.79,1.0,<Residue SER het=  resseq=64 icode= >,1sfu_B_A,2.0
465,17.018,SER, ,CB,31.2,7.49,0.0,2.70,1.0,<Residue SER het=  resseq=64 icode= >,1sfu_B_A,2.0
466,0.0,SER, ,OG,36.05,7.41,0.0,1.77,1.0,<Residue SER het=  resseq=64 icode= >,1sfu_B_A,2.0
467,4.577,ASN, ,N,30.56,4.78,0.0,3.05,1.0,<Residue ASN het=  resseq=65 icode= >,1sfu_B_A,2.0
468,0.476,ASN, ,CA,30.85,3.35,0.476,2.52,1.0,<Residue ASN het=  resseq=65 icode= >,1sfu_B_A,2.0
469,3.124,ASN, ,C,29.71,3.40,1.904,3.74,1.0,<Residue ASN het=  resseq=65 icode= >,1sfu_B_A,2.0
470,28.722,ASN, ,O,30.51,3.94,0.164,2.63,1.0,<Residue ASN het=  resseq=65 icode= >,1sfu_B_A,2.0
471,29.285,ASN, ,CB,32.73,3.01,13.184,1.85,1.0,<Residue ASN het=  resseq=65 icode= >,1sfu_B_A,2.0
472,5.877,ASN, ,CG,34.66,3.91,5.233,2.72,1.0,<Residue ASN het=  resseq=65 icode= >,1sfu_B_A,2.0
473,33.554,ASN, ,OD1,34.78,3.10,29.204,2.09,1.0,<Residue ASN het=  resseq=65 icode= >,1sfu_B_A,2.0
474,50.498,ASN, ,ND2,34.43,4.96,1.028,1.93,1.0,<Residue ASN het=  resseq=65 icode= >,1sfu_B_A,2.0
475,0.501,PRO, ,N,28.22,3.61,0.501,3.01,1.0,<Residue PRO het=  resseq=66 icode= >,1sfu_B_A,2.0
476,3.44,PRO, ,CA,26.3,3.75,3.44,2.75,1.0,<Residue PRO het=  resseq=66 icode= >,1sfu_B_A,2.0
477,0.0,PRO, ,C,25.63,4.73,0.0,3.75,1.0,<Residue PRO het=  resseq=66 icode= >,1sfu_B_A,2.0
478,1.945,PRO, ,O,24.3,5.81,0.0,3.30,1.0,<Residue PRO het=  resseq=66 icode= >,1sfu_B_A,2.0
479,22.253,PRO, ,CB,26.59,3.40,14.066,2.01,1.0,<Residue PRO het=  resseq=66 icode= >,1sfu_B_A,2.0
480,4.893,PRO, ,CG,28.55,4.56,0.0,1.50,1.0,<Residue PRO het=  resseq=66 icode= >,1sfu_B_A,2.0
481,36.715,PRO, ,CD,28.48,4.37,2.13,1.76,1.0,<Residue PRO het=  resseq=66 icode= >,1sfu_B_A,2.0
482,0.0,PRO, ,N,22.85,4.73,0.0,3.96,1.0,<Residue PRO het=  resseq=67 icode= >,1sfu_B_A,2.0
483,0.0,PRO, ,CA,21.87,5.64,0.0,2.63,1.0,<Residue PRO het=  resseq=67 icode= >,1sfu_B_A,2.0
484,0.0,PRO, ,C,20.16,6.49,0.0,4.03,1.0,<Residue PRO het=  resseq=67 icode= >,1sfu_B_A,2.0
485,0.0,PRO, ,O,19.62,6.45,0.0,4.15,1.0,<Residue PRO het=  resseq=67 icode= >,1sfu_B_A,2.0
486,0.097,PRO, ,CB,21.4,4.32,0.097,2.07,1.0,<Residue PRO het=  resseq=67 icode= >,1sfu_B_A,2.0
487,22.444,PRO, ,CG,20.82,3.28,19.446,2.88,1.0,<Residue PRO het=  resseq=67 icode= >,1sfu_B_A,2.0
488,22.221,PRO, ,CD,21.31,3.72,17.177,3.04,1.0,<Residue PRO het=  resseq=67 icode= >,1sfu_B_A,2.0
489,0.0,LYS, ,N,18.28,7.54,0.0,3.82,1.0,<Residue LYS het=  resseq=68 icode= >,1sfu_B_A,2.0
490,0.0,LYS, ,CA,19.01,8.61,0.0,3.58,1.0,<Residue LYS het=  resseq=68 icode= >,1sfu_B_A,2.0
491,0.0,LYS, ,C,19.0,8.58,0.0,4.12,1.0,<Residue LYS het=  resseq=68 icode= >,1sfu_B_A,2.0
492,0.0,LYS, ,O,18.52,8.41,0.0,4.17,1.0,<Residue LYS het=  resseq=68 icode= >,1sfu_B_A,2.0
493,0.0,LYS, ,CB,20.16,9.96,0.0,2.55,1.0,<Residue LYS het=  resseq=68 icode= >,1sfu_B_A,2.0
494,1.253,LYS, ,CG,22.83,9.92,0.0,2.37,1.0,<Residue LYS het=  resseq=68 icode= >,1sfu_B_A,2.0
495,5.512,LYS, ,CD,26.76,11.11,0.0,2.05,1.0,<Residue LYS het=  resseq=68 icode= >,1sfu_B_A,2.0
496,29.857,LYS, ,CE,28.08,10.74,0.0,1.72,1.0,<Residue LYS het=  resseq=68 icode= >,1sfu_B_A,2.0
497,21.871,LYS, ,NZ,30.0,9.69,0.0,1.79,1.0,<Residue LYS het=  resseq=68 icode= >,1sfu_B_A,2.0
498,0.0,TRP, ,N,18.49,9.07,0.0,4.53,1.0,<Residue TRP het=  resseq=69 icode= >,1sfu_B_A,2.0
499,0.0,TRP, ,CA,17.32,9.41,0.0,3.58,1.0,<Residue TRP het=  resseq=69 icode= >,1sfu_B_A,2.0
500,0.0,TRP, ,C,20.69,10.93,0.0,3.89,1.0,<Residue TRP het=  resseq=69 icode= >,1sfu_B_A,2.0
501,0.0,TRP, ,O,19.24,11.56,0.0,4.39,1.0,<Residue TRP het=  resseq=69 icode= >,1sfu_B_A,2.0
502,0.0,TRP, ,CB,16.65,8.84,0.0,3.20,1.0,<Residue TRP het=  resseq=69 icode= >,1sfu_B_A,2.0
503,0.0,TRP, ,CG,16.3,7.35,0.0,3.35,1.0,<Residue TRP het=  resseq=69 icode= >,1sfu_B_A,2.0
504,0.0,TRP, ,CD1,14.07,6.50,0.0,3.83,1.0,<Residue TRP het=  resseq=69 icode= >,1sfu_B_A,2.0
505,0.0,TRP, ,CD2,15.05,6.73,0.0,3.26,1.0,<Residue TRP het=  resseq=69 icode= >,1sfu_B_A,2.0
506,0.968,TRP, ,NE1,12.57,5.17,0.313,5.31,1.0,<Residue TRP het=  resseq=69 icode= >,1sfu_B_A,2.0
507,0.0,TRP, ,CE2,14.97,5.32,0.0,4.52,1.0,<Residue TRP het=  resseq=69 icode= >,1sfu_B_A,2.0
508,0.0,TRP, ,CE3,18.39,7.45,0.0,2.95,1.0,<Residue TRP het=  resseq=69 icode= >,1sfu_B_A,2.0
509,0.249,TRP, ,CZ2,15.49,4.63,0.249,3.05,1.0,<Residue TRP het=  resseq=69 icode= >,1sfu_B_A,2.0
510,0.0,TRP, ,CZ3,16.84,6.96,0.0,2.77,1.0,<Residue TRP het=  resseq=69 icode= >,1sfu_B_A,2.0
511,0.0,TRP, ,CH2,17.32,5.62,0.0,3.30,1.0,<Residue TRP het=  resseq=69 icode= >,1sfu_B_A,2.0
512,0.0,PHE, ,N,20.67,11.62,0.0,3.30,1.0,<Residue PHE het=  resseq=70 icode= >,1sfu_B_A,2.0
513,0.0,PHE, ,CA,23.26,13.09,0.0,2.53,1.0,<Residue PHE het=  resseq=70 icode= >,1sfu_B_A,2.0
514,0.0,PHE, ,C,25.64,13.61,0.0,3.51,1.0,<Residue PHE het=  resseq=70 icode= >,1sfu_B_A,2.0
515,0.0,PHE, ,O,24.54,13.05,0.0,3.40,1.0,<Residue PHE het=  resseq=70 icode= >,1sfu_B_A,2.0
516,8.697,PHE, ,CB,23.4,13.82,0.0,1.93,1.0,<Residue PHE het=  resseq=70 icode= >,1sfu_B_A,2.0
517,1.98,PHE, ,CG,22.96,13.64,0.0,3.09,1.0,<Residue PHE het=  resseq=70 icode= >,1sfu_B_A,2.0
518,1.462,PHE, ,CD1,21.24,12.58,0.0,2.80,1.0,<Residue PHE het=  resseq=70 icode= >,1sfu_B_A,2.0
519,2.69,PHE, ,CD2,21.72,14.69,0.0,2.88,1.0,<Residue PHE het=  resseq=70 icode= >,1sfu_B_A,2.0
520,0.626,PHE, ,CE1,20.67,12.65,0.0,3.14,1.0,<Residue PHE het=  resseq=70 icode= >,1sfu_B_A,2.0
521,9.872,PHE, ,CE2,20.12,14.76,0.0,2.39,1.0,<Residue PHE het=  resseq=70 icode= >,1sfu_B_A,2.0
522,16.677,PHE, ,CZ,22.92,13.78,0.0,2.41,1.0,<Residue PHE het=  resseq=70 icode= >,1sfu_B_A,2.0
523,0.0,LYS, ,N,26.69,14.83,0.0,2.57,1.0,<Residue LYS het=  resseq=71 icode= >,1sfu_B_A,2.0
524,0.0,LYS, ,CA,28.55,15.56,0.0,2.81,1.0,<Residue LYS het=  resseq=71 icode= >,1sfu_B_A,2.0
525,0.0,LYS, ,C,27.95,16.04,0.0,3.53,1.0,<Residue LYS het=  resseq=71 icode= >,1sfu_B_A,2.0
526,4.239,LYS, ,O,29.68,16.46,0.0,2.68,1.0,<Residue LYS het=  resseq=71 icode= >,1sfu_B_A,2.0
527,0.363,LYS, ,CB,30.54,16.81,0.0,1.88,1.0,<Residue LYS het=  resseq=71 icode= >,1sfu_B_A,2.0
528,0.121,LYS, ,CG,33.79,17.74,0.0,1.42,1.0,<Residue LYS het=  resseq=71 icode= >,1sfu_B_A,2.0
529,0.498,LYS, ,CD,35.77,18.83,0.0,1.68,1.0,<Residue LYS het=  resseq=71 icode= >,1sfu_B_A,2.0
530,6.633,LYS, ,CE,38.22,19.72,0.0,1.70,1.0,<Residue LYS het=  resseq=71 icode= >,1sfu_B_A,2.0
531,22.606,LYS, ,NZ,40.05,20.95,0.0,1.49,1.0,<Residue LYS het=  resseq=71 icode= >,1sfu_B_A,2.0
532,0.0,ASN, ,N,28.64,16.10,0.0,2.38,1.0,<Residue ASN het=  resseq=72 icode= >,1sfu_B_A,2.0
533,1.262,ASN, ,CA,28.0,16.71,0.0,2.79,1.0,<Residue ASN het=  resseq=72 icode= >,1sfu_B_A,2.0
534,0.053,ASN, ,C,29.14,18.17,0.0,3.06,1.0,<Residue ASN het=  resseq=72 icode= >,1sfu_B_A,2.0
535,0.454,ASN, ,O,27.54,18.87,0.0,3.32,1.0,<Residue ASN het=  resseq=72 icode= >,1sfu_B_A,2.0
536,0.0,ASN, ,CB,29.07,16.72,0.0,2.35,1.0,<Residue ASN het=  resseq=72 icode= >,1sfu_B_A,2.0
537,1.597,ASN, ,CG,28.05,17.40,0.0,3.85,1.0,<Residue ASN het=  resseq=72 icode= >,1sfu_B_A,2.0
538,4.113,ASN, ,OD1,30.32,18.58,0.0,2.61,1.0,<Residue ASN het=  resseq=72 icode= >,1sfu_B_A,2.0
539,20.637,ASN, ,ND2,31.87,16.76,0.0,2.34,1.0,<Residue ASN het=  resseq=72 icode= >,1sfu_B_A,2.0
540,2.472,TYR, ,N,30.87,1000.00,0.0,2.35,1.0,<Residue TYR het=  resseq=73 icode= >,1sfu_B_A,2.0
541,2.359,TYR, ,CA,35.13,1000.00,0.0,2.24,1.0,<Residue TYR het=  resseq=73 icode= >,1sfu_B_A,2.0
542,1.353,TYR, ,C,37.48,1000.00,0.0,3.39,1.0,<Residue TYR het=  resseq=73 icode= >,1sfu_B_A,2.0
543,18.435,TYR, ,O,39.17,1000.00,0.0,2.33,1.0,<Residue TYR het=  resseq=73 icode= >,1sfu_B_A,2.0
544,25.888,TYR, ,CB,33.23,1000.00,0.0,2.50,1.0,<Residue TYR het=  resseq=73 icode= >,1sfu_B_A,2.0
545,2.605,TYR, ,CG,31.5,1000.00,0.0,3.18,1.0,<Residue TYR het=  resseq=73 icode= >,1sfu_B_A,2.0
546,29.007,TYR, ,CD1,32.21,1000.00,0.0,1.70,1.0,<Residue TYR het=  resseq=73 icode= >,1sfu_B_A,2.0
547,12.405,TYR, ,CD2,30.65,1000.00,0.0,1.93,1.0,<Residue TYR het=  resseq=73 icode= >,1sfu_B_A,2.0
548,34.243,TYR, ,CE1,30.27,1000.00,0.0,2.18,1.0,<Residue TYR het=  resseq=73 icode= >,1sfu_B_A,2.0
549,6.626,TYR, ,CE2,29.99,1000.00,0.0,2.42,1.0,<Residue TYR het=  resseq=73 icode= >,1sfu_B_A,2.0
550,9.604,TYR, ,CZ,30.1,1000.00,0.0,3.24,1.0,<Residue TYR het=  resseq=73 icode= >,1sfu_B_A,2.0
551,22.61,TYR, ,OH,27.44,1000.00,0.0,2.77,1.0,<Residue TYR het=  resseq=73 icode= >,1sfu_B_A,2.0
552,0.639,ASN, ,N,41.42,1000.00,0.0,3.00,1.0,<Residue ASN het=  resseq=74 icode= >,1sfu_B_A,2.0
553,9.043,ASN, ,CA,45.31,1000.00,0.0,2.05,1.0,<Residue ASN het=  resseq=74 icode= >,1sfu_B_A,2.0
554,1.145,ASN, ,C,47.85,1000.00,0.0,2.06,1.0,<Residue ASN het=  resseq=74 icode= >,1sfu_B_A,2.0
555,29.141,ASN, ,O,48.07,1000.00,0.0,1.60,1.0,<Residue ASN het=  resseq=74 icode= >,1sfu_B_A,2.0
556,19.624,ASN, ,CB,47.09,1000.00,0.0,1.66,1.0,<Residue ASN het=  resseq=74 icode= >,1sfu_B_A,2.0
557,6.349,ASN, ,CG,48.93,1000.00,0.0,1.30,1.0,<Residue ASN het=  resseq=74 icode= >,1sfu_B_A,2.0
558,37.952,ASN, ,OD1,49.81,1000.00,0.0,0.72,1.0,<Residue ASN het=  resseq=74 icode= >,1sfu_B_A,2.0
559,20.944,ASN, ,ND2,49.59,1000.00,0.0,-0.03,1.0,<Residue ASN het=  resseq=74 icode= >,1sfu_B_A,2.0
560,0.0,CYS, ,N,49.47,1000.00,0.0,1.60,1.0,<Residue CYS het=  resseq=75 icode= >,1sfu_B_A,2.0
561,10.616,CYS, ,CA,51.53,1000.00,0.0,1.33,1.0,<Residue CYS het=  resseq=75 icode= >,1sfu_B_A,2.0
562,5.208,CYS, ,C,52.66,1000.00,0.0,1.95,1.0,<Residue CYS het=  resseq=75 icode= >,1sfu_B_A,2.0
563,17.967,CYS, ,O,54.37,1000.00,0.0,1.05,1.0,<Residue CYS het=  resseq=75 icode= >,1sfu_B_A,2.0
564,3.91,CYS, ,CB,51.77,1000.00,0.0,1.15,1.0,<Residue CYS het=  resseq=75 icode= >,1sfu_B_A,2.0
565,16.924,CYS, ,SG,53.08,1000.00,0.0,2.86,1.0,<Residue CYS het=  resseq=75 icode= >,1sfu_B_A,2.0
566,28.243,CYS, ,OXT,53.71,1000.00,0.0,0.84,1.0,<Residue CYS het=  resseq=75 icode= >,1sfu_B_A,2.0
