,ASA,aa,altloc,atom,bfac,d2r,dASA,dens,occ,residue,id,resolu
0,33.631,VAL, ,N,44.32,1000.00,0.0,1.12,1.0,<Residue VAL het=  resseq=2 icode= >,1wtp_B_A,1.9
1,10.201,VAL, ,CA,42.79,1000.00,0.0,1.87,1.0,<Residue VAL het=  resseq=2 icode= >,1wtp_B_A,1.9
2,0.0,VAL, ,C,42.34,1000.00,0.0,2.36,1.0,<Residue VAL het=  resseq=2 icode= >,1wtp_B_A,1.9
3,0.0,VAL, ,O,42.75,1000.00,0.0,1.97,1.0,<Residue VAL het=  resseq=2 icode= >,1wtp_B_A,1.9
4,0.0,VAL, ,CB,43.43,1000.00,0.0,1.22,1.0,<Residue VAL het=  resseq=2 icode= >,1wtp_B_A,1.9
5,14.502,VAL, ,CG1,41.77,1000.00,0.0,1.07,1.0,<Residue VAL het=  resseq=2 icode= >,1wtp_B_A,1.9
6,41.193,VAL, ,CG2,43.63,1000.00,0.0,0.77,1.0,<Residue VAL het=  resseq=2 icode= >,1wtp_B_A,1.9
7,6.332,LYS, ,N,40.01,17.37,0.0,2.32,1.0,<Residue LYS het=  resseq=3 icode= >,1wtp_B_A,1.9
8,0.0,LYS, ,CA,39.08,16.35,0.0,1.82,1.0,<Residue LYS het=  resseq=3 icode= >,1wtp_B_A,1.9
9,0.0,LYS, ,C,37.07,14.92,0.0,2.41,1.0,<Residue LYS het=  resseq=3 icode= >,1wtp_B_A,1.9
10,15.873,LYS, ,O,37.66,14.68,0.0,2.26,1.0,<Residue LYS het=  resseq=3 icode= >,1wtp_B_A,1.9
11,9.789,LYS, ,CB,40.43,16.66,0.0,2.02,1.0,<Residue LYS het=  resseq=3 icode= >,1wtp_B_A,1.9
12,12.587,LYS, ,CG,44.62,18.04,0.0,0.95,1.0,<Residue LYS het=  resseq=3 icode= >,1wtp_B_A,1.9
13,3.211,LYS, ,CD,46.78,18.13,0.0,0.62,1.0,<Residue LYS het=  resseq=3 icode= >,1wtp_B_A,1.9
14,32.971,LYS, ,CE,47.93,18.89,0.0,0.76,1.0,<Residue LYS het=  resseq=3 icode= >,1wtp_B_A,1.9
15,41.498,LYS, ,NZ,48.5,19.11,0.0,0.99,1.0,<Residue LYS het=  resseq=3 icode= >,1wtp_B_A,1.9
16,0.0,VAL, ,N,35.32,14.00,0.0,2.62,1.0,<Residue VAL het=  resseq=4 icode= >,1wtp_B_A,1.9
17,0.18,VAL, ,CA,33.37,12.65,0.0,2.36,1.0,<Residue VAL het=  resseq=4 icode= >,1wtp_B_A,1.9
18,0.0,VAL, ,C,32.62,11.94,0.0,2.71,1.0,<Residue VAL het=  resseq=4 icode= >,1wtp_B_A,1.9
19,0.0,VAL, ,O,30.48,12.09,0.0,2.83,1.0,<Residue VAL het=  resseq=4 icode= >,1wtp_B_A,1.9
20,0.0,VAL, ,CB,33.39,11.90,0.0,2.28,1.0,<Residue VAL het=  resseq=4 icode= >,1wtp_B_A,1.9
21,0.366,VAL, ,CG1,33.71,10.66,0.0,1.41,1.0,<Residue VAL het=  resseq=4 icode= >,1wtp_B_A,1.9
22,0.0,VAL, ,CG2,33.61,12.88,0.0,1.28,1.0,<Residue VAL het=  resseq=4 icode= >,1wtp_B_A,1.9
23,2.717,LYS, ,N,32.81,11.18,0.0,2.38,1.0,<Residue LYS het=  resseq=5 icode= >,1wtp_B_A,1.9
24,0.0,LYS, ,CA,34.45,10.60,0.0,2.29,1.0,<Residue LYS het=  resseq=5 icode= >,1wtp_B_A,1.9
25,0.657,LYS, ,C,34.52,9.09,0.0,2.81,1.0,<Residue LYS het=  resseq=5 icode= >,1wtp_B_A,1.9
26,8.612,LYS, ,O,35.41,8.54,0.0,2.33,1.0,<Residue LYS het=  resseq=5 icode= >,1wtp_B_A,1.9
27,5.901,LYS, ,CB,36.62,11.25,0.0,2.10,1.0,<Residue LYS het=  resseq=5 icode= >,1wtp_B_A,1.9
28,12.461,LYS, ,CG,39.82,11.15,0.0,0.47,1.0,<Residue LYS het=  resseq=5 icode= >,1wtp_B_A,1.9
29,27.652,LYS, ,CD,40.26,12.26,0.0,0.74,1.0,<Residue LYS het=  resseq=5 icode= >,1wtp_B_A,1.9
30,48.859,LYS, ,CE,41.1,12.64,0.0,0.47,1.0,<Residue LYS het=  resseq=5 icode= >,1wtp_B_A,1.9
31,42.458,LYS, ,NZ,37.72,12.93,0.0,1.71,1.0,<Residue LYS het=  resseq=5 icode= >,1wtp_B_A,1.9
32,1.202,PHE, ,N,34.22,8.58,0.0,2.42,1.0,<Residue PHE het=  resseq=6 icode= >,1wtp_B_A,1.9
33,10.013,PHE, ,CA,34.77,7.18,0.0,1.92,1.0,<Residue PHE het=  resseq=6 icode= >,1wtp_B_A,1.9
34,1.288,PHE, ,C,36.14,7.23,0.0,2.87,1.0,<Residue PHE het=  resseq=6 icode= >,1wtp_B_A,1.9
35,0.0,PHE, ,O,35.58,8.04,0.0,2.56,1.0,<Residue PHE het=  resseq=6 icode= >,1wtp_B_A,1.9
36,3.356,PHE, ,CB,31.25,6.77,0.0,2.15,1.0,<Residue PHE het=  resseq=6 icode= >,1wtp_B_A,1.9
37,0.0,PHE, ,CG,30.88,7.18,0.0,2.85,1.0,<Residue PHE het=  resseq=6 icode= >,1wtp_B_A,1.9
38,0.0,PHE, ,CD1,30.68,8.43,0.0,1.95,1.0,<Residue PHE het=  resseq=6 icode= >,1wtp_B_A,1.9
39,0.0,PHE, ,CD2,29.0,6.42,0.0,2.40,1.0,<Residue PHE het=  resseq=6 icode= >,1wtp_B_A,1.9
40,0.0,PHE, ,CE1,30.64,8.97,0.0,2.09,1.0,<Residue PHE het=  resseq=6 icode= >,1wtp_B_A,1.9
41,0.0,PHE, ,CE2,28.77,7.01,0.0,2.57,1.0,<Residue PHE het=  resseq=6 icode= >,1wtp_B_A,1.9
42,0.204,PHE, ,CZ,30.72,8.36,0.0,2.14,1.0,<Residue PHE het=  resseq=6 icode= >,1wtp_B_A,1.9
43,4.072,LYS, ,N,39.03,6.25,0.0,2.05,1.0,<Residue LYS het=  resseq=7 icode= >,1wtp_B_A,1.9
44,0.0,LYS, ,CA,40.96,6.49,0.0,2.19,1.0,<Residue LYS het=  resseq=7 icode= >,1wtp_B_A,1.9
45,0.022,LYS, ,C,41.63,5.14,0.002,3.06,1.0,<Residue LYS het=  resseq=7 icode= >,1wtp_B_A,1.9
46,13.294,LYS, ,O,41.19,4.25,10.679,2.37,1.0,<Residue LYS het=  resseq=7 icode= >,1wtp_B_A,1.9
47,4.574,LYS, ,CB,43.59,6.52,0.0,1.53,1.0,<Residue LYS het=  resseq=7 icode= >,1wtp_B_A,1.9
48,19.675,LYS, ,CG,47.51,5.20,7.078,0.23,1.0,<Residue LYS het=  resseq=7 icode= >,1wtp_B_A,1.9
49,37.857,LYS, ,CD,49.33,5.73,0.171,0.13,1.0,<Residue LYS het=  resseq=7 icode= >,1wtp_B_A,1.9
50,20.925,LYS, ,CE,50.27,6.64,0.0,0.56,1.0,<Residue LYS het=  resseq=7 icode= >,1wtp_B_A,1.9
51,34.909,LYS, ,NZ,51.67,5.86,0.0,0.70,1.0,<Residue LYS het=  resseq=7 icode= >,1wtp_B_A,1.9
52,0.0,TYR, ,N,42.09,4.83,0.0,2.47,1.0,<Residue TYR het=  resseq=8 icode= >,1wtp_B_A,1.9
53,2.431,TYR, ,CA,44.1,3.79,2.431,1.72,1.0,<Residue TYR het=  resseq=8 icode= >,1wtp_B_A,1.9
54,0.0,TYR, ,C,45.63,3.65,0.0,1.94,1.0,<Residue TYR het=  resseq=8 icode= >,1wtp_B_A,1.9
55,3.203,TYR, ,O,46.38,4.80,0.0,1.78,1.0,<Residue TYR het=  resseq=8 icode= >,1wtp_B_A,1.9
56,1.799,TYR, ,CB,41.13,4.64,0.0,1.53,1.0,<Residue TYR het=  resseq=8 icode= >,1wtp_B_A,1.9
57,0.285,TYR, ,CG,40.11,3.88,0.285,1.78,1.0,<Residue TYR het=  resseq=8 icode= >,1wtp_B_A,1.9
58,5.652,TYR, ,CD1,39.79,3.28,5.652,1.48,1.0,<Residue TYR het=  resseq=8 icode= >,1wtp_B_A,1.9
59,5.856,TYR, ,CD2,40.21,4.42,0.485,1.35,1.0,<Residue TYR het=  resseq=8 icode= >,1wtp_B_A,1.9
60,8.868,TYR, ,CE1,39.12,3.20,8.824,1.21,1.0,<Residue TYR het=  resseq=8 icode= >,1wtp_B_A,1.9
61,9.583,TYR, ,CE2,39.46,4.47,4.245,1.63,1.0,<Residue TYR het=  resseq=8 icode= >,1wtp_B_A,1.9
62,5.29,TYR, ,CZ,40.19,3.83,4.562,1.90,1.0,<Residue TYR het=  resseq=8 icode= >,1wtp_B_A,1.9
63,21.661,TYR, ,OH,36.98,3.89,11.712,2.17,1.0,<Residue TYR het=  resseq=8 icode= >,1wtp_B_A,1.9
64,10.158,LYS, ,N,47.31,2.64,10.04,2.00,1.0,<Residue LYS het=  resseq=9 icode= >,1wtp_B_A,1.9
65,15.469,LYS, ,CA,49.75,3.35,6.276,1.75,1.0,<Residue LYS het=  resseq=9 icode= >,1wtp_B_A,1.9
66,4.17,LYS, ,C,49.83,4.42,0.0,1.75,1.0,<Residue LYS het=  resseq=9 icode= >,1wtp_B_A,1.9
67,18.183,LYS, ,O,50.07,5.58,0.0,1.23,1.0,<Residue LYS het=  resseq=9 icode= >,1wtp_B_A,1.9
68,13.739,LYS, ,CB,52.57,4.39,0.0,1.05,1.0,<Residue LYS het=  resseq=9 icode= >,1wtp_B_A,1.9
69,15.027,LYS, ,CG,56.73,4.28,4.766,-0.04,1.0,<Residue LYS het=  resseq=9 icode= >,1wtp_B_A,1.9
70,31.482,LYS, ,CD,59.83,4.53,6.117,-0.29,1.0,<Residue LYS het=  resseq=9 icode= >,1wtp_B_A,1.9
71,23.312,LYS, ,CE,61.31,4.00,6.772,-0.00,1.0,<Residue LYS het=  resseq=9 icode= >,1wtp_B_A,1.9
72,48.337,LYS, ,NZ,62.67,2.84,38.177,-0.41,1.0,<Residue LYS het=  resseq=9 icode= >,1wtp_B_A,1.9
73,6.007,GLY, ,N,49.01,4.38,1.008,2.16,1.0,<Residue GLY het=  resseq=10 icode= >,1wtp_B_A,1.9
74,22.496,GLY, ,CA,48.0,5.73,0.0,1.48,1.0,<Residue GLY het=  resseq=10 icode= >,1wtp_B_A,1.9
75,3.818,GLY, ,C,47.53,6.71,0.0,2.46,1.0,<Residue GLY het=  resseq=10 icode= >,1wtp_B_A,1.9
76,22.261,GLY, ,O,46.45,7.75,0.0,1.74,1.0,<Residue GLY het=  resseq=10 icode= >,1wtp_B_A,1.9
77,0.155,GLU, ,N,48.08,6.64,0.0,2.08,1.0,<Residue GLU het=  resseq=11 icode= >,1wtp_B_A,1.9
78,2.766,GLU, ,CA,49.37,7.87,0.0,2.09,1.0,<Residue GLU het=  resseq=11 icode= >,1wtp_B_A,1.9
79,0.0,GLU, ,C,48.47,7.87,0.0,2.11,1.0,<Residue GLU het=  resseq=11 icode= >,1wtp_B_A,1.9
80,0.0,GLU, ,O,47.85,7.02,0.0,1.63,1.0,<Residue GLU het=  resseq=11 icode= >,1wtp_B_A,1.9
81,9.16,GLU, ,CB,51.58,8.40,0.0,1.46,1.0,<Residue GLU het=  resseq=11 icode= >,1wtp_B_A,1.9
82,23.889,GLU, ,CG,56.24,9.92,0.0,0.48,1.0,<Residue GLU het=  resseq=11 icode= >,1wtp_B_A,1.9
83,14.256,GLU, ,CD,58.43,9.49,0.0,0.77,1.0,<Residue GLU het=  resseq=11 icode= >,1wtp_B_A,1.9
84,21.296,GLU, ,OE1,59.67,8.83,0.0,0.88,1.0,<Residue GLU het=  resseq=11 icode= >,1wtp_B_A,1.9
85,42.376,GLU, ,OE2,59.05,9.75,0.0,0.56,1.0,<Residue GLU het=  resseq=11 icode= >,1wtp_B_A,1.9
86,2.125,GLU, ,N,47.63,9.00,0.0,1.64,1.0,<Residue GLU het=  resseq=12 icode= >,1wtp_B_A,1.9
87,0.0,GLU, ,CA,47.35,9.42,0.0,1.80,1.0,<Residue GLU het=  resseq=12 icode= >,1wtp_B_A,1.9
88,0.419,GLU, ,C,45.62,10.07,0.0,2.40,1.0,<Residue GLU het=  resseq=12 icode= >,1wtp_B_A,1.9
89,14.876,GLU, ,O,46.68,10.86,0.0,1.41,1.0,<Residue GLU het=  resseq=12 icode= >,1wtp_B_A,1.9
90,17.934,GLU, ,CB,49.73,10.55,0.0,1.78,1.0,<Residue GLU het=  resseq=12 icode= >,1wtp_B_A,1.9
91,22.489,GLU, ,CG,53.78,11.79,0.0,0.73,1.0,<Residue GLU het=  resseq=12 icode= >,1wtp_B_A,1.9
92,13.42,GLU, ,CD,57.22,12.72,0.0,0.52,1.0,<Residue GLU het=  resseq=12 icode= >,1wtp_B_A,1.9
93,38.087,GLU, ,OE1,58.44,13.05,0.0,0.63,1.0,<Residue GLU het=  resseq=12 icode= >,1wtp_B_A,1.9
94,41.975,GLU, ,OE2,56.72,12.96,0.0,1.19,1.0,<Residue GLU het=  resseq=12 icode= >,1wtp_B_A,1.9
95,0.0,LYS, ,N,43.41,9.94,0.0,2.78,1.0,<Residue LYS het=  resseq=13 icode= >,1wtp_B_A,1.9
96,6.698,LYS, ,CA,42.26,10.66,0.0,2.83,1.0,<Residue LYS het=  resseq=13 icode= >,1wtp_B_A,1.9
97,0.793,LYS, ,C,41.04,11.24,0.0,3.16,1.0,<Residue LYS het=  resseq=13 icode= >,1wtp_B_A,1.9
98,0.528,LYS, ,O,38.99,11.01,0.0,2.60,1.0,<Residue LYS het=  resseq=13 icode= >,1wtp_B_A,1.9
99,3.251,LYS, ,CB,44.72,9.84,0.0,0.97,1.0,<Residue LYS het=  resseq=13 icode= >,1wtp_B_A,1.9
100,0.0,LYS, ,CG,46.58,8.88,0.0,1.01,1.0,<Residue LYS het=  resseq=13 icode= >,1wtp_B_A,1.9
101,6.069,LYS, ,CD,49.46,8.12,0.0,0.85,1.0,<Residue LYS het=  resseq=13 icode= >,1wtp_B_A,1.9
102,25.31,LYS, ,CE,50.55,8.01,0.0,0.57,1.0,<Residue LYS het=  resseq=13 icode= >,1wtp_B_A,1.9
103,38.045,LYS, ,NZ,51.89,6.96,0.0,0.50,1.0,<Residue LYS het=  resseq=13 icode= >,1wtp_B_A,1.9
104,3.802,GLU, ,N,40.76,12.19,0.0,2.10,1.0,<Residue GLU het=  resseq=14 icode= >,1wtp_B_A,1.9
105,0.0,GLU, ,CA,39.73,13.01,0.0,2.06,1.0,<Residue GLU het=  resseq=14 icode= >,1wtp_B_A,1.9
106,0.057,GLU, ,C,38.39,12.90,0.0,2.27,1.0,<Residue GLU het=  resseq=14 icode= >,1wtp_B_A,1.9
107,24.663,GLU, ,O,34.35,12.28,0.0,2.26,1.0,<Residue GLU het=  resseq=14 icode= >,1wtp_B_A,1.9
108,15.029,GLU, ,CB,42.5,14.27,0.0,1.23,1.0,<Residue GLU het=  resseq=14 icode= >,1wtp_B_A,1.9
109,0.528,GLU, ,CG,46.05,14.69,0.0,1.19,1.0,<Residue GLU het=  resseq=14 icode= >,1wtp_B_A,1.9
110,9.09,GLU, ,CD,48.27,15.01,0.0,1.82,1.0,<Residue GLU het=  resseq=14 icode= >,1wtp_B_A,1.9
111,17.446,GLU, ,OE1,49.19,14.14,0.0,1.02,1.0,<Residue GLU het=  resseq=14 icode= >,1wtp_B_A,1.9
112,33.14,GLU, ,OE2,49.29,16.21,0.0,1.23,1.0,<Residue GLU het=  resseq=14 icode= >,1wtp_B_A,1.9
113,0.0,VAL, ,N,36.34,13.27,0.0,2.63,1.0,<Residue VAL het=  resseq=15 icode= >,1wtp_B_A,1.9
114,3.804,VAL, ,CA,35.22,12.93,0.0,2.62,1.0,<Residue VAL het=  resseq=15 icode= >,1wtp_B_A,1.9
115,0.0,VAL, ,C,35.56,14.19,0.0,2.58,1.0,<Residue VAL het=  resseq=15 icode= >,1wtp_B_A,1.9
116,0.0,VAL, ,O,33.21,14.65,0.0,2.47,1.0,<Residue VAL het=  resseq=15 icode= >,1wtp_B_A,1.9
117,1.388,VAL, ,CB,35.41,11.82,0.0,1.69,1.0,<Residue VAL het=  resseq=15 icode= >,1wtp_B_A,1.9
118,0.0,VAL, ,CG1,36.21,11.85,0.0,0.38,1.0,<Residue VAL het=  resseq=15 icode= >,1wtp_B_A,1.9
119,2.3,VAL, ,CG2,32.4,11.86,0.0,1.45,1.0,<Residue VAL het=  resseq=15 icode= >,1wtp_B_A,1.9
120,3.786,ASP, ,N,37.32,14.57,0.0,2.09,1.0,<Residue ASP het=  resseq=16 icode= >,1wtp_B_A,1.9
121,0.0,ASP, ,CA,37.84,15.83,0.0,2.31,1.0,<Residue ASP het=  resseq=16 icode= >,1wtp_B_A,1.9
122,0.0,ASP, ,C,37.91,15.19,0.0,3.13,1.0,<Residue ASP het=  resseq=16 icode= >,1wtp_B_A,1.9
123,0.0,ASP, ,O,35.92,14.12,0.0,2.61,1.0,<Residue ASP het=  resseq=16 icode= >,1wtp_B_A,1.9
124,12.458,ASP, ,CB,40.64,16.31,0.0,1.78,1.0,<Residue ASP het=  resseq=16 icode= >,1wtp_B_A,1.9
125,5.458,ASP, ,CG,44.6,17.53,0.0,2.37,1.0,<Residue ASP het=  resseq=16 icode= >,1wtp_B_A,1.9
126,24.072,ASP, ,OD1,48.11,18.65,0.0,1.25,1.0,<Residue ASP het=  resseq=16 icode= >,1wtp_B_A,1.9
127,3.727,ASP, ,OD2,46.71,17.38,0.0,1.98,1.0,<Residue ASP het=  resseq=16 icode= >,1wtp_B_A,1.9
128,0.0,THR, ,N,36.99,15.95,0.0,1.88,1.0,<Residue THR het=  resseq=17 icode= >,1wtp_B_A,1.9
129,0.0,THR, ,CA,36.69,15.60,0.0,1.69,1.0,<Residue THR het=  resseq=17 icode= >,1wtp_B_A,1.9
130,0.148,THR, ,C,34.54,15.10,0.0,3.21,1.0,<Residue THR het=  resseq=17 icode= >,1wtp_B_A,1.9
131,2.303,THR, ,O,34.32,14.23,0.0,2.21,1.0,<Residue THR het=  resseq=17 icode= >,1wtp_B_A,1.9
132,0.0,THR, ,CB,37.23,16.73,0.0,1.95,1.0,<Residue THR het=  resseq=17 icode= >,1wtp_B_A,1.9
133,2.269,THR, ,OG1,38.58,17.88,0.0,1.40,1.0,<Residue THR het=  resseq=17 icode= >,1wtp_B_A,1.9
134,0.0,THR, ,CG2,37.17,16.49,0.0,1.04,1.0,<Residue THR het=  resseq=17 icode= >,1wtp_B_A,1.9
135,0.0,SER, ,N,32.49,15.79,0.0,2.57,1.0,<Residue SER het=  resseq=18 icode= >,1wtp_B_A,1.9
136,11.694,SER, ,CA,32.48,15.59,0.0,1.93,1.0,<Residue SER het=  resseq=18 icode= >,1wtp_B_A,1.9
137,0.363,SER, ,C,30.85,14.26,0.0,2.79,1.0,<Residue SER het=  resseq=18 icode= >,1wtp_B_A,1.9
138,25.602,SER, ,O,28.31,14.03,0.0,2.51,1.0,<Residue SER het=  resseq=18 icode= >,1wtp_B_A,1.9
139,41.433,SER, ,CB,31.16,16.73,0.0,2.55,1.0,<Residue SER het=  resseq=18 icode= >,1wtp_B_A,1.9
140,9.499,SER, ,OG,34.26,16.57,0.0,2.50,1.0,<Residue SER het=  resseq=18 icode= >,1wtp_B_A,1.9
141,0.0,LYS, ,N,30.41,13.54,0.0,2.67,1.0,<Residue LYS het=  resseq=19 icode= >,1wtp_B_A,1.9
142,2.481,LYS, ,CA,31.77,12.28,0.0,1.77,1.0,<Residue LYS het=  resseq=19 icode= >,1wtp_B_A,1.9
143,0.854,LYS, ,C,30.98,11.03,0.0,2.64,1.0,<Residue LYS het=  resseq=19 icode= >,1wtp_B_A,1.9
144,0.094,LYS, ,O,29.87,9.89,0.0,3.06,1.0,<Residue LYS het=  resseq=19 icode= >,1wtp_B_A,1.9
145,0.254,LYS, ,CB,33.09,12.22,0.0,1.52,1.0,<Residue LYS het=  resseq=19 icode= >,1wtp_B_A,1.9
146,9.538,LYS, ,CG,35.38,13.39,0.0,1.42,1.0,<Residue LYS het=  resseq=19 icode= >,1wtp_B_A,1.9
147,5.977,LYS, ,CD,39.32,13.74,0.0,0.87,1.0,<Residue LYS het=  resseq=19 icode= >,1wtp_B_A,1.9
148,31.706,LYS, ,CE,39.8,15.13,0.0,0.96,1.0,<Residue LYS het=  resseq=19 icode= >,1wtp_B_A,1.9
149,46.033,LYS, ,NZ,41.68,15.58,0.0,0.98,1.0,<Residue LYS het=  resseq=19 icode= >,1wtp_B_A,1.9
150,0.0,ILE, ,N,30.01,11.39,0.0,2.39,1.0,<Residue ILE het=  resseq=20 icode= >,1wtp_B_A,1.9
151,0.0,ILE, ,CA,29.26,10.53,0.0,2.20,1.0,<Residue ILE het=  resseq=20 icode= >,1wtp_B_A,1.9
152,0.0,ILE, ,C,28.56,10.03,0.0,3.20,1.0,<Residue ILE het=  resseq=20 icode= >,1wtp_B_A,1.9
153,15.3,ILE, ,O,28.07,10.88,0.0,3.09,1.0,<Residue ILE het=  resseq=20 icode= >,1wtp_B_A,1.9
154,0.0,ILE, ,CB,28.48,11.47,0.0,2.45,1.0,<Residue ILE het=  resseq=20 icode= >,1wtp_B_A,1.9
155,0.0,ILE, ,CG1,29.77,12.25,0.0,1.65,1.0,<Residue ILE het=  resseq=20 icode= >,1wtp_B_A,1.9
156,0.0,ILE, ,CG2,26.66,10.88,0.0,2.14,1.0,<Residue ILE het=  resseq=20 icode= >,1wtp_B_A,1.9
157,0.0,ILE, ,CD1,29.3,11.66,0.0,1.36,1.0,<Residue ILE het=  resseq=20 icode= >,1wtp_B_A,1.9
158,0.0,LYS, ,N,29.27,8.77,0.0,2.34,1.0,<Residue LYS het=  resseq=21 icode= >,1wtp_B_A,1.9
159,4.467,LYS, ,CA,30.74,8.42,0.0,2.11,1.0,<Residue LYS het=  resseq=21 icode= >,1wtp_B_A,1.9
160,0.061,LYS, ,C,31.56,8.45,0.0,1.96,1.0,<Residue LYS het=  resseq=21 icode= >,1wtp_B_A,1.9
161,27.115,LYS, ,O,30.85,9.26,0.0,2.11,1.0,<Residue LYS het=  resseq=21 icode= >,1wtp_B_A,1.9
162,5.406,LYS, ,CB,33.4,7.24,0.0,1.79,1.0,<Residue LYS het=  resseq=21 icode= >,1wtp_B_A,1.9
163,13.139,LYS, ,CG,35.88,7.77,0.0,1.69,1.0,<Residue LYS het=  resseq=21 icode= >,1wtp_B_A,1.9
164,0.277,LYS, ,CD,38.94,6.83,0.0,1.18,1.0,<Residue LYS het=  resseq=21 icode= >,1wtp_B_A,1.9
165,35.775,LYS, ,CE,40.95,6.55,0.0,1.14,1.0,<Residue LYS het=  resseq=21 icode= >,1wtp_B_A,1.9
166,19.383,LYS, ,NZ,43.13,5.46,0.0,0.67,1.0,<Residue LYS het=  resseq=21 icode= >,1wtp_B_A,1.9
167,0.0,LYS, ,N,28.88,7.81,0.0,2.76,1.0,<Residue LYS het=  resseq=22 icode= >,1wtp_B_A,1.9
168,4.976,LYS, ,CA,29.04,7.13,0.0,2.19,1.0,<Residue LYS het=  resseq=22 icode= >,1wtp_B_A,1.9
169,0.0,LYS, ,C,25.06,7.36,0.0,3.54,1.0,<Residue LYS het=  resseq=22 icode= >,1wtp_B_A,1.9
170,0.0,LYS, ,O,24.87,7.57,0.0,3.59,1.0,<Residue LYS het=  resseq=22 icode= >,1wtp_B_A,1.9
171,4.651,LYS, ,CB,31.2,5.68,0.0,1.74,1.0,<Residue LYS het=  resseq=22 icode= >,1wtp_B_A,1.9
172,10.529,LYS, ,CG,35.8,5.74,0.0,0.86,1.0,<Residue LYS het=  resseq=22 icode= >,1wtp_B_A,1.9
173,24.55,LYS, ,CD,36.39,4.47,11.291,1.55,1.0,<Residue LYS het=  resseq=22 icode= >,1wtp_B_A,1.9
174,48.344,LYS, ,CE,40.79,5.11,1.269,0.69,1.0,<Residue LYS het=  resseq=22 icode= >,1wtp_B_A,1.9
175,43.087,LYS, ,NZ,41.82,6.33,0.0,0.34,1.0,<Residue LYS het=  resseq=22 icode= >,1wtp_B_A,1.9
176,3.601,VAL, ,N,24.34,7.16,0.0,3.56,1.0,<Residue VAL het=  resseq=23 icode= >,1wtp_B_A,1.9
177,0.0,VAL, ,CA,24.98,7.29,0.0,3.12,1.0,<Residue VAL het=  resseq=23 icode= >,1wtp_B_A,1.9
178,0.0,VAL, ,C,25.48,6.42,0.0,3.37,1.0,<Residue VAL het=  resseq=23 icode= >,1wtp_B_A,1.9
179,6.798,VAL, ,O,26.09,6.33,0.0,2.60,1.0,<Residue VAL het=  resseq=23 icode= >,1wtp_B_A,1.9
180,0.729,VAL, ,CB,26.57,8.73,0.0,2.97,1.0,<Residue VAL het=  resseq=23 icode= >,1wtp_B_A,1.9
181,0.0,VAL, ,CG1,25.41,9.12,0.0,2.09,1.0,<Residue VAL het=  resseq=23 icode= >,1wtp_B_A,1.9
182,0.588,VAL, ,CG2,28.13,9.78,0.0,1.57,1.0,<Residue VAL het=  resseq=23 icode= >,1wtp_B_A,1.9
183,0.0,TRP, ,N,24.56,6.20,0.0,3.76,1.0,<Residue TRP het=  resseq=24 icode= >,1wtp_B_A,1.9
184,1.19,TRP, ,CA,24.69,5.75,0.0,2.39,1.0,<Residue TRP het=  resseq=24 icode= >,1wtp_B_A,1.9
185,0.0,TRP, ,C,24.91,6.00,0.0,3.56,1.0,<Residue TRP het=  resseq=24 icode= >,1wtp_B_A,1.9
186,0.0,TRP, ,O,24.77,6.38,0.0,2.82,1.0,<Residue TRP het=  resseq=24 icode= >,1wtp_B_A,1.9
187,26.456,TRP, ,CB,24.41,4.23,14.441,2.43,1.0,<Residue TRP het=  resseq=24 icode= >,1wtp_B_A,1.9
188,2.062,TRP, ,CG,20.6,3.67,2.062,3.29,1.0,<Residue TRP het=  resseq=24 icode= >,1wtp_B_A,1.9
189,11.821,TRP, ,CD1,19.96,3.41,11.821,3.36,1.0,<Residue TRP het=  resseq=24 icode= >,1wtp_B_A,1.9
190,3.191,TRP, ,CD2,21.37,3.56,3.191,2.93,1.0,<Residue TRP het=  resseq=24 icode= >,1wtp_B_A,1.9
191,14.47,TRP, ,NE1,18.97,2.95,14.47,3.80,1.0,<Residue TRP het=  resseq=24 icode= >,1wtp_B_A,1.9
192,3.491,TRP, ,CE2,20.8,3.25,3.491,2.81,1.0,<Residue TRP het=  resseq=24 icode= >,1wtp_B_A,1.9
193,6.562,TRP, ,CE3,20.49,3.95,4.426,2.69,1.0,<Residue TRP het=  resseq=24 icode= >,1wtp_B_A,1.9
194,20.014,TRP, ,CZ2,21.59,3.29,20.014,1.90,1.0,<Residue TRP het=  resseq=24 icode= >,1wtp_B_A,1.9
195,3.876,TRP, ,CZ3,23.78,4.03,3.876,2.29,1.0,<Residue TRP het=  resseq=24 icode= >,1wtp_B_A,1.9
196,9.624,TRP, ,CH2,20.57,3.85,7.366,1.90,1.0,<Residue TRP het=  resseq=24 icode= >,1wtp_B_A,1.9
197,2.48,ARG, ,N,25.43,5.60,0.0,2.86,1.0,<Residue ARG het=  resseq=25 icode= >,1wtp_B_A,1.9
198,0.0,ARG, ,CA,26.49,5.89,0.0,2.74,1.0,<Residue ARG het=  resseq=25 icode= >,1wtp_B_A,1.9
199,0.0,ARG, ,C,25.24,4.79,0.0,3.63,1.0,<Residue ARG het=  resseq=25 icode= >,1wtp_B_A,1.9
200,20.15,ARG, ,O,23.65,3.78,14.637,3.54,1.0,<Residue ARG het=  resseq=25 icode= >,1wtp_B_A,1.9
201,2.347,ARG, ,CB,30.41,6.62,0.0,1.60,1.0,<Residue ARG het=  resseq=25 icode= >,1wtp_B_A,1.9
202,0.904,ARG, ,CG,33.48,6.96,0.0,1.65,1.0,<Residue ARG het=  resseq=25 icode= >,1wtp_B_A,1.9
203,13.507,ARG, ,CD,37.78,7.55,0.0,1.90,1.0,<Residue ARG het=  resseq=25 icode= >,1wtp_B_A,1.9
204,7.568,ARG, ,NE,42.61,8.04,0.0,1.41,1.0,<Residue ARG het=  resseq=25 icode= >,1wtp_B_A,1.9
205,5.088,ARG, ,CZ,45.11,7.90,0.0,1.36,1.0,<Residue ARG het=  resseq=25 icode= >,1wtp_B_A,1.9
206,49.457,ARG, ,NH1,45.96,8.12,0.0,0.97,1.0,<Residue ARG het=  resseq=25 icode= >,1wtp_B_A,1.9
207,50.924,ARG, ,NH2,43.69,7.25,0.0,0.87,1.0,<Residue ARG het=  resseq=25 icode= >,1wtp_B_A,1.9
208,0.0,VAL, ,N,24.41,5.24,0.0,3.00,1.0,<Residue VAL het=  resseq=26 icode= >,1wtp_B_A,1.9
209,3.788,VAL, ,CA,25.55,4.86,3.607,3.02,1.0,<Residue VAL het=  resseq=26 icode= >,1wtp_B_A,1.9
210,0.263,VAL, ,C,25.31,4.52,0.263,3.53,1.0,<Residue VAL het=  resseq=26 icode= >,1wtp_B_A,1.9
211,0.246,VAL, ,O,27.69,4.20,0.246,2.66,1.0,<Residue VAL het=  resseq=26 icode= >,1wtp_B_A,1.9
212,0.0,VAL, ,CB,23.93,4.58,0.0,3.29,1.0,<Residue VAL het=  resseq=26 icode= >,1wtp_B_A,1.9
213,47.372,VAL, ,CG1,25.78,3.49,47.372,2.63,1.0,<Residue VAL het=  resseq=26 icode= >,1wtp_B_A,1.9
214,10.676,VAL, ,CG2,24.19,3.45,10.676,2.23,1.0,<Residue VAL het=  resseq=26 icode= >,1wtp_B_A,1.9
215,9.314,GLY, ,N,27.6,4.33,4.811,2.51,1.0,<Residue GLY het=  resseq=27 icode= >,1wtp_B_A,1.9
216,34.362,GLY, ,CA,27.61,4.22,13.247,2.54,1.0,<Residue GLY het=  resseq=27 icode= >,1wtp_B_A,1.9
217,1.008,GLY, ,C,28.38,4.97,0.0,4.35,1.0,<Residue GLY het=  resseq=27 icode= >,1wtp_B_A,1.9
218,3.065,GLY, ,O,28.73,6.16,0.0,3.03,1.0,<Residue GLY het=  resseq=27 icode= >,1wtp_B_A,1.9
219,5.12,LYS, ,N,29.22,4.56,4.595,3.21,1.0,<Residue LYS het=  resseq=28 icode= >,1wtp_B_A,1.9
220,2.997,LYS, ,CA,31.96,5.73,0.0,2.40,1.0,<Residue LYS het=  resseq=28 icode= >,1wtp_B_A,1.9
221,0.982,LYS, ,C,30.98,5.20,0.982,3.11,1.0,<Residue LYS het=  resseq=28 icode= >,1wtp_B_A,1.9
222,1.137,LYS, ,O,31.5,5.35,0.0,2.91,1.0,<Residue LYS het=  resseq=28 icode= >,1wtp_B_A,1.9
223,23.645,LYS, ,CB,34.61,5.32,13.095,1.03,1.0,<Residue LYS het=  resseq=28 icode= >,1wtp_B_A,1.9
224,21.022,LYS, ,CG,38.85,5.61,0.267,1.09,1.0,<Residue LYS het=  resseq=28 icode= >,1wtp_B_A,1.9
225,32.4,LYS, ,CD,39.57,4.85,17.034,0.96,1.0,<Residue LYS het=  resseq=28 icode= >,1wtp_B_A,1.9
226,45.242,LYS, ,CE,41.64,5.94,0.0,0.72,1.0,<Residue LYS het=  resseq=28 icode= >,1wtp_B_A,1.9
227,48.526,LYS, ,NZ,43.64,5.88,0.0,0.52,1.0,<Residue LYS het=  resseq=28 icode= >,1wtp_B_A,1.9
228,0.0,PHE, ,N,30.0,4.99,0.0,2.16,1.0,<Residue PHE het=  resseq=29 icode= >,1wtp_B_A,1.9
229,0.0,PHE, ,CA,25.98,5.09,0.0,2.80,1.0,<Residue PHE het=  resseq=29 icode= >,1wtp_B_A,1.9
230,0.0,PHE, ,C,25.23,6.45,0.0,4.10,1.0,<Residue PHE het=  resseq=29 icode= >,1wtp_B_A,1.9
231,0.0,PHE, ,O,22.86,7.14,0.0,4.00,1.0,<Residue PHE het=  resseq=29 icode= >,1wtp_B_A,1.9
232,8.263,PHE, ,CB,26.48,4.07,8.263,2.06,1.0,<Residue PHE het=  resseq=29 icode= >,1wtp_B_A,1.9
233,1.221,PHE, ,CG,23.97,4.24,1.221,3.38,1.0,<Residue PHE het=  resseq=29 icode= >,1wtp_B_A,1.9
234,18.421,PHE, ,CD1,24.88,3.58,18.421,2.59,1.0,<Residue PHE het=  resseq=29 icode= >,1wtp_B_A,1.9
235,0.125,PHE, ,CD2,22.73,4.34,0.125,3.11,1.0,<Residue PHE het=  resseq=29 icode= >,1wtp_B_A,1.9
236,26.395,PHE, ,CE1,24.68,3.53,26.395,2.20,1.0,<Residue PHE het=  resseq=29 icode= >,1wtp_B_A,1.9
237,4.232,PHE, ,CE2,26.21,3.32,4.232,2.40,1.0,<Residue PHE het=  resseq=29 icode= >,1wtp_B_A,1.9
238,22.829,PHE, ,CZ,24.56,3.28,22.829,2.26,1.0,<Residue PHE het=  resseq=29 icode= >,1wtp_B_A,1.9
239,0.0,VAL, ,N,23.79,6.92,0.0,2.80,1.0,<Residue VAL het=  resseq=30 icode= >,1wtp_B_A,1.9
240,0.0,VAL, ,CA,23.29,7.91,0.0,2.42,1.0,<Residue VAL het=  resseq=30 icode= >,1wtp_B_A,1.9
241,0.0,VAL, ,C,22.66,6.87,0.0,3.59,1.0,<Residue VAL het=  resseq=30 icode= >,1wtp_B_A,1.9
242,0.0,VAL, ,O,23.91,6.64,0.0,3.52,1.0,<Residue VAL het=  resseq=30 icode= >,1wtp_B_A,1.9
243,0.0,VAL, ,CB,21.68,9.00,0.0,2.91,1.0,<Residue VAL het=  resseq=30 icode= >,1wtp_B_A,1.9
244,0.0,VAL, ,CG1,23.08,9.48,0.0,2.06,1.0,<Residue VAL het=  resseq=30 icode= >,1wtp_B_A,1.9
245,0.0,VAL, ,CG2,23.44,9.32,0.0,2.03,1.0,<Residue VAL het=  resseq=30 icode= >,1wtp_B_A,1.9
246,0.0,SER, ,N,20.18,5.94,0.0,3.59,1.0,<Residue SER het=  resseq=31 icode= >,1wtp_B_A,1.9
247,0.0,SER, ,CA,19.81,5.09,0.0,3.42,1.0,<Residue SER het=  resseq=31 icode= >,1wtp_B_A,1.9
248,0.0,SER, ,C,20.23,5.94,0.0,4.38,1.0,<Residue SER het=  resseq=31 icode= >,1wtp_B_A,1.9
249,0.0,SER, ,O,19.14,6.68,0.0,4.06,1.0,<Residue SER het=  resseq=31 icode= >,1wtp_B_A,1.9
250,0.0,SER, ,CB,21.47,3.68,0.0,2.88,1.0,<Residue SER het=  resseq=31 icode= >,1wtp_B_A,1.9
251,13.122,SER, ,OG,23.75,2.90,10.159,3.44,1.0,<Residue SER het=  resseq=31 icode= >,1wtp_B_A,1.9
252,0.0,PHE, ,N,21.13,6.19,0.0,3.25,1.0,<Residue PHE het=  resseq=32 icode= >,1wtp_B_A,1.9
253,0.0,PHE, ,CA,20.85,7.32,0.0,2.66,1.0,<Residue PHE het=  resseq=32 icode= >,1wtp_B_A,1.9
254,0.0,PHE, ,C,21.91,7.33,0.0,3.24,1.0,<Residue PHE het=  resseq=32 icode= >,1wtp_B_A,1.9
255,0.4,PHE, ,O,23.32,6.78,0.0,3.45,1.0,<Residue PHE het=  resseq=32 icode= >,1wtp_B_A,1.9
256,0.0,PHE, ,CB,17.64,8.62,0.0,3.34,1.0,<Residue PHE het=  resseq=32 icode= >,1wtp_B_A,1.9
257,0.0,PHE, ,CG,20.86,9.01,0.0,2.84,1.0,<Residue PHE het=  resseq=32 icode= >,1wtp_B_A,1.9
258,0.0,PHE, ,CD1,19.55,9.36,0.0,2.55,1.0,<Residue PHE het=  resseq=32 icode= >,1wtp_B_A,1.9
259,0.0,PHE, ,CD2,18.41,8.72,0.0,2.72,1.0,<Residue PHE het=  resseq=32 icode= >,1wtp_B_A,1.9
260,0.0,PHE, ,CE1,21.52,9.39,0.0,2.53,1.0,<Residue PHE het=  resseq=32 icode= >,1wtp_B_A,1.9
261,0.0,PHE, ,CE2,20.26,8.41,0.0,2.67,1.0,<Residue PHE het=  resseq=32 icode= >,1wtp_B_A,1.9
262,0.0,PHE, ,CZ,20.69,8.66,0.0,2.13,1.0,<Residue PHE het=  resseq=32 icode= >,1wtp_B_A,1.9
263,0.0,THR, ,N,23.82,6.71,0.0,3.10,1.0,<Residue THR het=  resseq=33 icode= >,1wtp_B_A,1.9
264,0.0,THR, ,CA,24.18,5.65,0.0,3.07,1.0,<Residue THR het=  resseq=33 icode= >,1wtp_B_A,1.9
265,0.0,THR, ,C,25.51,6.43,0.0,3.38,1.0,<Residue THR het=  resseq=33 icode= >,1wtp_B_A,1.9
266,0.0,THR, ,O,25.53,7.37,0.0,3.23,1.0,<Residue THR het=  resseq=33 icode= >,1wtp_B_A,1.9
267,0.621,THR, ,CB,24.71,4.32,0.217,2.50,1.0,<Residue THR het=  resseq=33 icode= >,1wtp_B_A,1.9
268,1.657,THR, ,OG1,22.57,4.87,0.0,3.15,1.0,<Residue THR het=  resseq=33 icode= >,1wtp_B_A,1.9
269,19.483,THR, ,CG2,25.05,3.80,11.897,1.94,1.0,<Residue THR het=  resseq=33 icode= >,1wtp_B_A,1.9
270,0.0,TYR, ,N,27.48,6.23,0.0,2.85,1.0,<Residue TYR het=  resseq=34 icode= >,1wtp_B_A,1.9
271,0.0,TYR, ,CA,28.94,7.38,0.0,2.11,1.0,<Residue TYR het=  resseq=34 icode= >,1wtp_B_A,1.9
272,0.0,TYR, ,C,30.83,7.18,0.0,3.17,1.0,<Residue TYR het=  resseq=34 icode= >,1wtp_B_A,1.9
273,0.0,TYR, ,O,28.44,6.16,0.0,3.25,1.0,<Residue TYR het=  resseq=34 icode= >,1wtp_B_A,1.9
274,0.0,TYR, ,CB,27.24,8.31,0.0,2.09,1.0,<Residue TYR het=  resseq=34 icode= >,1wtp_B_A,1.9
275,0.0,TYR, ,CG,27.11,7.91,0.0,2.59,1.0,<Residue TYR het=  resseq=34 icode= >,1wtp_B_A,1.9
276,0.0,TYR, ,CD1,27.8,7.37,0.0,2.15,1.0,<Residue TYR het=  resseq=34 icode= >,1wtp_B_A,1.9
277,2.111,TYR, ,CD2,26.7,8.22,0.0,2.55,1.0,<Residue TYR het=  resseq=34 icode= >,1wtp_B_A,1.9
278,0.0,TYR, ,CE1,29.05,7.02,0.0,2.34,1.0,<Residue TYR het=  resseq=34 icode= >,1wtp_B_A,1.9
279,9.385,TYR, ,CE2,28.55,7.35,0.0,2.44,1.0,<Residue TYR het=  resseq=34 icode= >,1wtp_B_A,1.9
280,0.847,TYR, ,CZ,29.36,6.70,0.0,3.00,1.0,<Residue TYR het=  resseq=34 icode= >,1wtp_B_A,1.9
281,10.984,TYR, ,OH,29.92,6.10,0.0,2.05,1.0,<Residue TYR het=  resseq=34 icode= >,1wtp_B_A,1.9
282,0.0,ASP, ,N,31.1,8.36,0.0,2.55,1.0,<Residue ASP het=  resseq=35 icode= >,1wtp_B_A,1.9
283,0.028,ASP, ,CA,35.68,8.66,0.0,2.22,1.0,<Residue ASP het=  resseq=35 icode= >,1wtp_B_A,1.9
284,0.0,ASP, ,C,37.25,9.27,0.0,2.70,1.0,<Residue ASP het=  resseq=35 icode= >,1wtp_B_A,1.9
285,2.25,ASP, ,O,39.43,10.38,0.0,1.66,1.0,<Residue ASP het=  resseq=35 icode= >,1wtp_B_A,1.9
286,8.719,ASP, ,CB,34.97,9.40,0.0,1.92,1.0,<Residue ASP het=  resseq=35 icode= >,1wtp_B_A,1.9
287,6.48,ASP, ,CG,37.27,10.38,0.0,2.45,1.0,<Residue ASP het=  resseq=35 icode= >,1wtp_B_A,1.9
288,0.0,ASP, ,OD1,34.74,10.32,0.0,2.55,1.0,<Residue ASP het=  resseq=35 icode= >,1wtp_B_A,1.9
289,32.455,ASP, ,OD2,38.35,11.37,0.0,1.66,1.0,<Residue ASP het=  resseq=35 icode= >,1wtp_B_A,1.9
290,0.0,ASP, ,N,40.18,8.60,0.0,2.05,1.0,<Residue ASP het=  resseq=36 icode= >,1wtp_B_A,1.9
291,3.935,ASP, ,CA,42.8,8.56,0.0,1.59,1.0,<Residue ASP het=  resseq=36 icode= >,1wtp_B_A,1.9
292,0.0,ASP, ,C,43.6,9.13,0.0,2.11,1.0,<Residue ASP het=  resseq=36 icode= >,1wtp_B_A,1.9
293,0.171,ASP, ,O,43.75,8.54,0.0,1.63,1.0,<Residue ASP het=  resseq=36 icode= >,1wtp_B_A,1.9
294,1.328,ASP, ,CB,43.63,7.25,0.0,0.98,1.0,<Residue ASP het=  resseq=36 icode= >,1wtp_B_A,1.9
295,8.821,ASP, ,CG,43.59,7.60,0.0,1.87,1.0,<Residue ASP het=  resseq=36 icode= >,1wtp_B_A,1.9
296,14.635,ASP, ,OD1,43.03,8.77,0.0,1.28,1.0,<Residue ASP het=  resseq=36 icode= >,1wtp_B_A,1.9
297,33.252,ASP, ,OD2,44.68,6.92,0.0,1.27,1.0,<Residue ASP het=  resseq=36 icode= >,1wtp_B_A,1.9
298,2.506,ASN, ,N,44.11,10.43,0.0,1.95,1.0,<Residue ASN het=  resseq=37 icode= >,1wtp_B_A,1.9
299,7.507,ASN, ,CA,45.56,11.31,0.0,1.95,1.0,<Residue ASN het=  resseq=37 icode= >,1wtp_B_A,1.9
300,4.469,ASN, ,C,44.79,11.12,0.0,2.87,1.0,<Residue ASN het=  resseq=37 icode= >,1wtp_B_A,1.9
301,20.984,ASN, ,O,45.07,11.06,0.0,2.18,1.0,<Residue ASN het=  resseq=37 icode= >,1wtp_B_A,1.9
302,22.734,ASN, ,CB,47.05,11.42,0.0,1.71,1.0,<Residue ASN het=  resseq=37 icode= >,1wtp_B_A,1.9
303,6.528,ASN, ,CG,49.68,12.34,0.0,1.34,1.0,<Residue ASN het=  resseq=37 icode= >,1wtp_B_A,1.9
304,38.929,ASN, ,OD1,51.23,12.52,0.0,1.07,1.0,<Residue ASN het=  resseq=37 icode= >,1wtp_B_A,1.9
305,46.439,ASN, ,ND2,51.54,13.11,0.0,0.64,1.0,<Residue ASN het=  resseq=37 icode= >,1wtp_B_A,1.9
306,3.939,GLY, ,N,44.94,11.15,0.0,2.34,1.0,<Residue GLY het=  resseq=38 icode= >,1wtp_B_A,1.9
307,33.091,GLY, ,CA,45.81,10.94,0.0,1.18,1.0,<Residue GLY het=  resseq=38 icode= >,1wtp_B_A,1.9
308,4.669,GLY, ,C,46.33,9.57,0.0,1.62,1.0,<Residue GLY het=  resseq=38 icode= >,1wtp_B_A,1.9
309,27.789,GLY, ,O,47.31,9.11,0.0,1.48,1.0,<Residue GLY het=  resseq=38 icode= >,1wtp_B_A,1.9
310,1.889,LYS, ,N,45.58,8.51,0.0,1.53,1.0,<Residue LYS het=  resseq=39 icode= >,1wtp_B_A,1.9
311,7.882,LYS, ,CA,44.89,7.20,0.0,1.49,1.0,<Residue LYS het=  resseq=39 icode= >,1wtp_B_A,1.9
312,0.065,LYS, ,C,43.28,6.70,0.0,2.26,1.0,<Residue LYS het=  resseq=39 icode= >,1wtp_B_A,1.9
313,0.0,LYS, ,O,43.56,7.14,0.0,1.48,1.0,<Residue LYS het=  resseq=39 icode= >,1wtp_B_A,1.9
314,20.927,LYS, ,CB,45.88,6.25,0.0,1.45,1.0,<Residue LYS het=  resseq=39 icode= >,1wtp_B_A,1.9
315,6.934,LYS, ,CG,48.96,6.40,0.0,0.55,1.0,<Residue LYS het=  resseq=39 icode= >,1wtp_B_A,1.9
316,23.327,LYS, ,CD,50.39,5.38,6.11,0.50,1.0,<Residue LYS het=  resseq=39 icode= >,1wtp_B_A,1.9
317,38.873,LYS, ,CE,50.79,5.43,1.15,0.54,1.0,<Residue LYS het=  resseq=39 icode= >,1wtp_B_A,1.9
318,48.958,LYS, ,NZ,51.2,4.83,6.38,1.38,1.0,<Residue LYS het=  resseq=39 icode= >,1wtp_B_A,1.9
319,5.938,THR, ,N,41.56,5.42,0.0,2.04,1.0,<Residue THR het=  resseq=40 icode= >,1wtp_B_A,1.9
320,0.0,THR, ,CA,39.93,4.59,0.0,1.55,1.0,<Residue THR het=  resseq=40 icode= >,1wtp_B_A,1.9
321,0.0,THR, ,C,38.85,3.70,0.0,2.36,1.0,<Residue THR het=  resseq=40 icode= >,1wtp_B_A,1.9
322,25.108,THR, ,O,39.71,3.15,21.872,2.18,1.0,<Residue THR het=  resseq=40 icode= >,1wtp_B_A,1.9
323,15.15,THR, ,CB,40.64,3.90,7.075,1.36,1.0,<Residue THR het=  resseq=40 icode= >,1wtp_B_A,1.9
324,13.768,THR, ,OG1,40.44,4.62,0.0,1.16,1.0,<Residue THR het=  resseq=40 icode= >,1wtp_B_A,1.9
325,18.652,THR, ,CG2,38.2,3.02,15.928,0.70,1.0,<Residue THR het=  resseq=40 icode= >,1wtp_B_A,1.9
326,0.0,GLY, ,N,35.92,4.06,0.0,1.80,1.0,<Residue GLY het=  resseq=41 icode= >,1wtp_B_A,1.9
327,17.88,GLY, ,CA,31.92,4.00,12.73,2.33,1.0,<Residue GLY het=  resseq=41 icode= >,1wtp_B_A,1.9
328,0.739,GLY, ,C,30.48,3.78,0.739,4.22,1.0,<Residue GLY het=  resseq=41 icode= >,1wtp_B_A,1.9
329,0.0,GLY, ,O,29.06,3.96,0.0,3.26,1.0,<Residue GLY het=  resseq=41 icode= >,1wtp_B_A,1.9
330,5.867,ARG, ,N,29.15,3.86,3.917,3.69,1.0,<Residue ARG het=  resseq=42 icode= >,1wtp_B_A,1.9
331,0.0,ARG, ,CA,30.3,4.49,0.0,2.41,1.0,<Residue ARG het=  resseq=42 icode= >,1wtp_B_A,1.9
332,0.0,ARG, ,C,28.9,5.87,0.0,2.35,1.0,<Residue ARG het=  resseq=42 icode= >,1wtp_B_A,1.9
333,6.112,ARG, ,O,28.22,6.02,0.0,2.54,1.0,<Residue ARG het=  resseq=42 icode= >,1wtp_B_A,1.9
334,3.37,ARG, ,CB,32.52,4.17,1.106,2.14,1.0,<Residue ARG het=  resseq=42 icode= >,1wtp_B_A,1.9
335,10.216,ARG, ,CG,36.3,3.36,8.807,1.16,1.0,<Residue ARG het=  resseq=42 icode= >,1wtp_B_A,1.9
336,26.633,ARG, ,CD,39.47,3.95,15.785,0.75,1.0,<Residue ARG het=  resseq=42 icode= >,1wtp_B_A,1.9
337,7.429,ARG, ,NE,41.69,4.32,6.087,1.96,1.0,<Residue ARG het=  resseq=42 icode= >,1wtp_B_A,1.9
338,5.583,ARG, ,CZ,42.33,3.68,5.583,2.55,1.0,<Residue ARG het=  resseq=42 icode= >,1wtp_B_A,1.9
339,43.03,ARG, ,NH1,44.36,2.54,42.955,0.74,1.0,<Residue ARG het=  resseq=42 icode= >,1wtp_B_A,1.9
340,39.39,ARG, ,NH2,42.34,3.97,29.619,1.94,1.0,<Residue ARG het=  resseq=42 icode= >,1wtp_B_A,1.9
341,0.0,GLY, ,N,24.57,6.88,0.0,3.76,1.0,<Residue GLY het=  resseq=43 icode= >,1wtp_B_A,1.9
342,0.0,GLY, ,CA,22.97,6.33,0.0,3.39,1.0,<Residue GLY het=  resseq=43 icode= >,1wtp_B_A,1.9
343,0.0,GLY, ,C,25.6,5.61,0.0,2.91,1.0,<Residue GLY het=  resseq=43 icode= >,1wtp_B_A,1.9
344,1.352,GLY, ,O,25.65,5.76,0.0,2.31,1.0,<Residue GLY het=  resseq=43 icode= >,1wtp_B_A,1.9
345,0.0,ALA, ,N,26.45,5.07,0.0,2.92,1.0,<Residue ALA het=  resseq=44 icode= >,1wtp_B_A,1.9
346,0.0,ALA, ,CA,29.38,4.93,0.0,2.51,1.0,<Residue ALA het=  resseq=44 icode= >,1wtp_B_A,1.9
347,1.293,ALA, ,C,30.16,5.19,1.293,3.04,1.0,<Residue ALA het=  resseq=44 icode= >,1wtp_B_A,1.9
348,4.045,ALA, ,O,32.22,5.04,2.123,2.50,1.0,<Residue ALA het=  resseq=44 icode= >,1wtp_B_A,1.9
349,17.463,ALA, ,CB,29.46,3.62,17.242,1.60,1.0,<Residue ALA het=  resseq=44 icode= >,1wtp_B_A,1.9
350,0.031,VAL, ,N,29.1,5.58,0.031,3.09,1.0,<Residue VAL het=  resseq=45 icode= >,1wtp_B_A,1.9
351,5.5,VAL, ,CA,30.7,5.69,2.398,2.79,1.0,<Residue VAL het=  resseq=45 icode= >,1wtp_B_A,1.9
352,0.32,VAL, ,C,31.28,5.20,0.32,3.16,1.0,<Residue VAL het=  resseq=45 icode= >,1wtp_B_A,1.9
353,0.0,VAL, ,O,30.36,5.66,0.0,2.76,1.0,<Residue VAL het=  resseq=45 icode= >,1wtp_B_A,1.9
354,0.0,VAL, ,CB,31.02,7.10,0.0,2.39,1.0,<Residue VAL het=  resseq=45 icode= >,1wtp_B_A,1.9
355,0.0,VAL, ,CG1,31.0,7.96,0.0,1.28,1.0,<Residue VAL het=  resseq=45 icode= >,1wtp_B_A,1.9
356,7.215,VAL, ,CG2,32.79,7.19,0.0,1.32,1.0,<Residue VAL het=  resseq=45 icode= >,1wtp_B_A,1.9
357,6.06,SER, ,N,32.91,4.68,3.307,2.36,1.0,<Residue SER het=  resseq=46 icode= >,1wtp_B_A,1.9
358,0.049,SER, ,CA,35.14,4.76,0.049,2.07,1.0,<Residue SER het=  resseq=46 icode= >,1wtp_B_A,1.9
359,0.0,SER, ,C,34.32,6.16,0.0,3.24,1.0,<Residue SER het=  resseq=46 icode= >,1wtp_B_A,1.9
360,0.0,SER, ,O,32.43,7.02,0.0,2.98,1.0,<Residue SER het=  resseq=46 icode= >,1wtp_B_A,1.9
361,5.132,SER, ,CB,36.89,4.43,0.219,1.80,1.0,<Residue SER het=  resseq=46 icode= >,1wtp_B_A,1.9
362,31.868,SER, ,OG,40.6,3.11,27.455,1.26,1.0,<Residue SER het=  resseq=46 icode= >,1wtp_B_A,1.9
363,0.0,GLU, ,N,36.18,6.49,0.0,2.02,1.0,<Residue GLU het=  resseq=47 icode= >,1wtp_B_A,1.9
364,0.0,GLU, ,CA,37.43,7.92,0.0,2.41,1.0,<Residue GLU het=  resseq=47 icode= >,1wtp_B_A,1.9
365,0.0,GLU, ,C,38.39,8.60,0.0,2.36,1.0,<Residue GLU het=  resseq=47 icode= >,1wtp_B_A,1.9
366,2.738,GLU, ,O,38.34,9.73,0.0,2.01,1.0,<Residue GLU het=  resseq=47 icode= >,1wtp_B_A,1.9
367,5.135,GLU, ,CB,40.09,8.37,0.0,1.27,1.0,<Residue GLU het=  resseq=47 icode= >,1wtp_B_A,1.9
368,17.934,GLU, ,CG,42.91,9.88,0.0,0.69,1.0,<Residue GLU het=  resseq=47 icode= >,1wtp_B_A,1.9
369,8.187,GLU, ,CD,45.88,10.77,0.0,1.03,1.0,<Residue GLU het=  resseq=47 icode= >,1wtp_B_A,1.9
370,34.691,GLU, ,OE1,46.5,12.01,0.0,1.27,1.0,<Residue GLU het=  resseq=47 icode= >,1wtp_B_A,1.9
371,5.603,GLU, ,OE2,44.69,10.31,0.0,1.49,1.0,<Residue GLU het=  resseq=47 icode= >,1wtp_B_A,1.9
372,1.69,LYS, ,N,37.78,8.00,0.0,1.69,1.0,<Residue LYS het=  resseq=48 icode= >,1wtp_B_A,1.9
373,9.972,LYS, ,CA,37.71,8.33,0.0,1.81,1.0,<Residue LYS het=  resseq=48 icode= >,1wtp_B_A,1.9
374,0.0,LYS, ,C,36.26,8.89,0.0,3.17,1.0,<Residue LYS het=  resseq=48 icode= >,1wtp_B_A,1.9
375,27.281,LYS, ,O,35.29,9.83,0.0,2.49,1.0,<Residue LYS het=  resseq=48 icode= >,1wtp_B_A,1.9
376,27.2,LYS, ,CB,37.54,7.35,0.0,1.81,1.0,<Residue LYS het=  resseq=48 icode= >,1wtp_B_A,1.9
377,9.216,LYS, ,CG,39.67,5.92,0.0,1.75,1.0,<Residue LYS het=  resseq=48 icode= >,1wtp_B_A,1.9
378,33.515,LYS, ,CD,40.64,5.46,0.0,0.84,1.0,<Residue LYS het=  resseq=48 icode= >,1wtp_B_A,1.9
379,45.977,LYS, ,CE,42.72,4.34,14.428,0.54,1.0,<Residue LYS het=  resseq=48 icode= >,1wtp_B_A,1.9
380,12.723,LYS, ,NZ,43.3,4.88,0.011,0.69,1.0,<Residue LYS het=  resseq=48 icode= >,1wtp_B_A,1.9
381,0.0,ASP, ,N,35.01,8.59,0.0,2.42,1.0,<Residue ASP het=  resseq=49 icode= >,1wtp_B_A,1.9
382,5.048,ASP, ,CA,33.76,9.30,0.0,3.01,1.0,<Residue ASP het=  resseq=49 icode= >,1wtp_B_A,1.9
383,1.855,ASP, ,C,33.85,9.91,0.0,3.26,1.0,<Residue ASP het=  resseq=49 icode= >,1wtp_B_A,1.9
384,16.811,ASP, ,O,33.86,10.61,0.0,2.32,1.0,<Residue ASP het=  resseq=49 icode= >,1wtp_B_A,1.9
385,8.551,ASP, ,CB,34.11,8.39,0.0,2.41,1.0,<Residue ASP het=  resseq=49 icode= >,1wtp_B_A,1.9
386,7.316,ASP, ,CG,34.41,8.00,0.0,3.09,1.0,<Residue ASP het=  resseq=49 icode= >,1wtp_B_A,1.9
387,20.189,ASP, ,OD1,35.08,8.16,0.0,2.20,1.0,<Residue ASP het=  resseq=49 icode= >,1wtp_B_A,1.9
388,29.388,ASP, ,OD2,38.08,7.44,0.0,2.30,1.0,<Residue ASP het=  resseq=49 icode= >,1wtp_B_A,1.9
389,0.0,ALA, ,N,33.53,9.86,0.0,2.02,1.0,<Residue ALA het=  resseq=50 icode= >,1wtp_B_A,1.9
390,0.0,ALA, ,CA,33.31,10.66,0.0,1.96,1.0,<Residue ALA het=  resseq=50 icode= >,1wtp_B_A,1.9
391,0.674,ALA, ,C,32.54,12.17,0.0,2.98,1.0,<Residue ALA het=  resseq=50 icode= >,1wtp_B_A,1.9
392,10.663,ALA, ,O,30.4,12.82,0.0,2.98,1.0,<Residue ALA het=  resseq=50 icode= >,1wtp_B_A,1.9
393,0.0,ALA, ,CB,32.82,10.47,0.0,1.49,1.0,<Residue ALA het=  resseq=50 icode= >,1wtp_B_A,1.9
394,0.0,PRO, ,N,31.48,12.86,0.0,3.15,1.0,<Residue PRO het=  resseq=51 icode= >,1wtp_B_A,1.9
395,12.85,PRO, ,CA,33.68,14.31,0.0,2.54,1.0,<Residue PRO het=  resseq=51 icode= >,1wtp_B_A,1.9
396,0.0,PRO, ,C,34.27,14.87,0.0,2.47,1.0,<Residue PRO het=  resseq=51 icode= >,1wtp_B_A,1.9
397,0.0,PRO, ,O,33.05,14.39,0.0,2.28,1.0,<Residue PRO het=  resseq=51 icode= >,1wtp_B_A,1.9
398,10.341,PRO, ,CB,32.48,14.89,0.0,1.93,1.0,<Residue PRO het=  resseq=51 icode= >,1wtp_B_A,1.9
399,0.0,PRO, ,CG,33.29,13.80,0.0,1.49,1.0,<Residue PRO het=  resseq=51 icode= >,1wtp_B_A,1.9
400,6.451,PRO, ,CD,32.58,12.52,0.0,2.29,1.0,<Residue PRO het=  resseq=51 icode= >,1wtp_B_A,1.9
401,9.619,LYS, ,N,33.89,16.00,0.0,2.31,1.0,<Residue LYS het=  resseq=52 icode= >,1wtp_B_A,1.9
402,0.769,LYS, ,CA,34.47,16.73,0.0,2.35,1.0,<Residue LYS het=  resseq=52 icode= >,1wtp_B_A,1.9
403,0.0,LYS, ,C,33.25,17.18,0.0,3.38,1.0,<Residue LYS het=  resseq=52 icode= >,1wtp_B_A,1.9
404,0.0,LYS, ,O,32.14,17.36,0.0,3.01,1.0,<Residue LYS het=  resseq=52 icode= >,1wtp_B_A,1.9
405,26.239,LYS, ,CB,37.88,18.02,0.0,1.61,1.0,<Residue LYS het=  resseq=52 icode= >,1wtp_B_A,1.9
406,4.636,LYS, ,CG,41.95,18.88,0.0,0.23,1.0,<Residue LYS het=  resseq=52 icode= >,1wtp_B_A,1.9
407,35.209,LYS, ,CD,43.7,20.05,0.0,0.21,1.0,<Residue LYS het=  resseq=52 icode= >,1wtp_B_A,1.9
408,40.566,LYS, ,CE,43.89,20.99,0.0,0.94,1.0,<Residue LYS het=  resseq=52 icode= >,1wtp_B_A,1.9
409,37.926,LYS, ,NZ,44.07,20.41,0.0,1.28,1.0,<Residue LYS het=  resseq=52 icode= >,1wtp_B_A,1.9
410,3.026,GLU, ,N,32.48,17.50,0.0,2.85,1.0,<Residue GLU het=  resseq=53 icode= >,1wtp_B_A,1.9
411,1.626,GLU, ,CA,33.94,18.09,0.0,2.05,1.0,<Residue GLU het=  resseq=53 icode= >,1wtp_B_A,1.9
412,0.0,GLU, ,C,31.17,17.17,0.0,3.48,1.0,<Residue GLU het=  resseq=53 icode= >,1wtp_B_A,1.9
413,0.125,GLU, ,O,29.63,17.71,0.0,3.44,1.0,<Residue GLU het=  resseq=53 icode= >,1wtp_B_A,1.9
414,7.339,GLU, ,CB,38.23,18.60,0.0,1.29,1.0,<Residue GLU het=  resseq=53 icode= >,1wtp_B_A,1.9
415,19.901,GLU, ,CG,44.15,19.50,0.0,0.98,1.0,<Residue GLU het=  resseq=53 icode= >,1wtp_B_A,1.9
416,8.214,GLU, ,CD,48.37,20.03,0.0,0.60,1.0,<Residue GLU het=  resseq=53 icode= >,1wtp_B_A,1.9
417,10.855,GLU, ,OE1,51.51,20.41,0.0,0.88,1.0,<Residue GLU het=  resseq=53 icode= >,1wtp_B_A,1.9
418,14.834,GLU, ,OE2,50.68,20.18,0.0,0.75,1.0,<Residue GLU het=  resseq=53 icode= >,1wtp_B_A,1.9
419,0.0,LEU, ,N,31.52,15.87,0.0,2.54,1.0,<Residue LEU het=  resseq=54 icode= >,1wtp_B_A,1.9
420,0.0,LEU, ,CA,30.18,14.98,0.0,2.38,1.0,<Residue LEU het=  resseq=54 icode= >,1wtp_B_A,1.9
421,0.0,LEU, ,C,31.19,14.60,0.0,3.10,1.0,<Residue LEU het=  resseq=54 icode= >,1wtp_B_A,1.9
422,0.0,LEU, ,O,29.59,13.55,0.0,3.20,1.0,<Residue LEU het=  resseq=54 icode= >,1wtp_B_A,1.9
423,0.0,LEU, ,CB,30.56,13.60,0.0,1.47,1.0,<Residue LEU het=  resseq=54 icode= >,1wtp_B_A,1.9
424,0.0,LEU, ,CG,29.51,12.71,0.0,2.40,1.0,<Residue LEU het=  resseq=54 icode= >,1wtp_B_A,1.9
425,0.0,LEU, ,CD1,29.5,12.89,0.0,1.24,1.0,<Residue LEU het=  resseq=54 icode= >,1wtp_B_A,1.9
426,0.0,LEU, ,CD2,28.61,11.41,0.0,2.26,1.0,<Residue LEU het=  resseq=54 icode= >,1wtp_B_A,1.9
427,0.0,LEU, ,N,30.51,14.86,0.0,2.56,1.0,<Residue LEU het=  resseq=55 icode= >,1wtp_B_A,1.9
428,0.0,LEU, ,CA,31.93,15.02,0.0,1.64,1.0,<Residue LEU het=  resseq=55 icode= >,1wtp_B_A,1.9
429,1.014,LEU, ,C,30.99,15.09,0.0,3.22,1.0,<Residue LEU het=  resseq=55 icode= >,1wtp_B_A,1.9
430,3.353,LEU, ,O,29.64,14.28,0.0,3.08,1.0,<Residue LEU het=  resseq=55 icode= >,1wtp_B_A,1.9
431,13.021,LEU, ,CB,32.6,14.99,0.0,1.96,1.0,<Residue LEU het=  resseq=55 icode= >,1wtp_B_A,1.9
432,0.0,LEU, ,CG,32.99,13.75,0.0,2.21,1.0,<Residue LEU het=  resseq=55 icode= >,1wtp_B_A,1.9
433,36.527,LEU, ,CD1,33.11,13.78,0.0,1.43,1.0,<Residue LEU het=  resseq=55 icode= >,1wtp_B_A,1.9
434,0.802,LEU, ,CD2,34.24,12.50,0.0,1.40,1.0,<Residue LEU het=  resseq=55 icode= >,1wtp_B_A,1.9
435,0.0,ASP, ,N,32.25,15.96,0.0,2.43,1.0,<Residue ASP het=  resseq=56 icode= >,1wtp_B_A,1.9
436,3.318,ASP, ,CA,32.57,16.03,0.0,2.25,1.0,<Residue ASP het=  resseq=56 icode= >,1wtp_B_A,1.9
437,0.026,ASP, ,C,30.84,14.83,0.0,3.16,1.0,<Residue ASP het=  resseq=56 icode= >,1wtp_B_A,1.9
438,0.172,ASP, ,O,30.82,14.33,0.0,2.33,1.0,<Residue ASP het=  resseq=56 icode= >,1wtp_B_A,1.9
439,21.159,ASP, ,CB,35.46,17.30,0.0,1.17,1.0,<Residue ASP het=  resseq=56 icode= >,1wtp_B_A,1.9
440,7.24,ASP, ,CG,37.65,18.57,0.0,2.43,1.0,<Residue ASP het=  resseq=56 icode= >,1wtp_B_A,1.9
441,9.496,ASP, ,OD1,41.21,18.62,0.0,1.63,1.0,<Residue ASP het=  resseq=56 icode= >,1wtp_B_A,1.9
442,22.538,ASP, ,OD2,39.82,19.58,0.0,2.06,1.0,<Residue ASP het=  resseq=56 icode= >,1wtp_B_A,1.9
443,0.1,MET, ,N,30.5,14.52,0.0,2.74,1.0,<Residue MET het=  resseq=57 icode= >,1wtp_B_A,1.9
444,3.908,MET, ,CA,30.26,13.47,0.0,1.96,1.0,<Residue MET het=  resseq=57 icode= >,1wtp_B_A,1.9
445,0.068,MET, ,C,29.11,12.14,0.0,3.18,1.0,<Residue MET het=  resseq=57 icode= >,1wtp_B_A,1.9
446,3.683,MET, ,O,27.71,11.50,0.0,3.42,1.0,<Residue MET het=  resseq=57 icode= >,1wtp_B_A,1.9
447,0.945,MET, ,CB,32.43,13.33,0.0,1.85,1.0,<Residue MET het=  resseq=57 icode= >,1wtp_B_A,1.9
448,17.143,MET, ,CG,34.95,14.52,0.0,1.55,1.0,<Residue MET het=  resseq=57 icode= >,1wtp_B_A,1.9
449,7.596,MET, ,SD,38.2,14.21,0.0,4.02,1.0,<Residue MET het=  resseq=57 icode= >,1wtp_B_A,1.9
450,20.148,MET, ,CE,37.82,12.65,0.0,1.40,1.0,<Residue MET het=  resseq=57 icode= >,1wtp_B_A,1.9
451,0.0,LEU, ,N,27.74,11.87,0.0,2.85,1.0,<Residue LEU het=  resseq=58 icode= >,1wtp_B_A,1.9
452,0.0,LEU, ,CA,26.0,10.71,0.0,2.96,1.0,<Residue LEU het=  resseq=58 icode= >,1wtp_B_A,1.9
453,0.0,LEU, ,C,25.92,10.82,0.0,3.84,1.0,<Residue LEU het=  resseq=58 icode= >,1wtp_B_A,1.9
454,0.0,LEU, ,O,25.72,9.90,0.0,3.38,1.0,<Residue LEU het=  resseq=58 icode= >,1wtp_B_A,1.9
455,0.0,LEU, ,CB,26.4,10.89,0.0,2.43,1.0,<Residue LEU het=  resseq=58 icode= >,1wtp_B_A,1.9
456,0.25,LEU, ,CG,23.26,10.07,0.0,3.18,1.0,<Residue LEU het=  resseq=58 icode= >,1wtp_B_A,1.9
457,0.0,LEU, ,CD1,24.14,8.61,0.0,2.22,1.0,<Residue LEU het=  resseq=58 icode= >,1wtp_B_A,1.9
458,14.125,LEU, ,CD2,25.17,10.37,0.0,2.13,1.0,<Residue LEU het=  resseq=58 icode= >,1wtp_B_A,1.9
459,0.132,ALA, ,N,25.43,12.07,0.0,3.05,1.0,<Residue ALA het=  resseq=59 icode= >,1wtp_B_A,1.9
460,6.323,ALA, ,CA,25.13,12.47,0.0,3.04,1.0,<Residue ALA het=  resseq=59 icode= >,1wtp_B_A,1.9
461,0.0,ALA, ,C,26.95,12.26,0.0,2.97,1.0,<Residue ALA het=  resseq=59 icode= >,1wtp_B_A,1.9
462,0.878,ALA, ,O,25.94,11.94,0.0,2.56,1.0,<Residue ALA het=  resseq=59 icode= >,1wtp_B_A,1.9
463,32.999,ALA, ,CB,28.36,13.97,0.0,1.51,1.0,<Residue ALA het=  resseq=59 icode= >,1wtp_B_A,1.9
464,0.0,ARG, ,N,26.31,12.66,0.0,3.41,1.0,<Residue ARG het=  resseq=60 icode= >,1wtp_B_A,1.9
465,1.297,ARG, ,CA,25.73,12.70,0.0,2.54,1.0,<Residue ARG het=  resseq=60 icode= >,1wtp_B_A,1.9
466,0.797,ARG, ,C,26.24,11.33,0.0,3.68,1.0,<Residue ARG het=  resseq=60 icode= >,1wtp_B_A,1.9
467,3.156,ARG, ,O,25.33,11.29,0.0,2.93,1.0,<Residue ARG het=  resseq=60 icode= >,1wtp_B_A,1.9
468,11.303,ARG, ,CB,27.42,13.47,0.0,1.62,1.0,<Residue ARG het=  resseq=60 icode= >,1wtp_B_A,1.9
469,8.52,ARG, ,CG,27.14,14.98,0.0,1.96,1.0,<Residue ARG het=  resseq=60 icode= >,1wtp_B_A,1.9
470,23.026,ARG, ,CD,29.23,15.79,0.0,1.55,1.0,<Residue ARG het=  resseq=60 icode= >,1wtp_B_A,1.9
471,18.332,ARG, ,NE,31.51,17.23,0.0,1.70,1.0,<Residue ARG het=  resseq=60 icode= >,1wtp_B_A,1.9
472,8.175,ARG, ,CZ,31.3,17.96,0.0,2.37,1.0,<Residue ARG het=  resseq=60 icode= >,1wtp_B_A,1.9
473,49.133,ARG, ,NH1,29.53,17.43,0.0,2.04,1.0,<Residue ARG het=  resseq=60 icode= >,1wtp_B_A,1.9
474,59.334,ARG, ,NH2,29.63,19.27,0.0,2.20,1.0,<Residue ARG het=  resseq=60 icode= >,1wtp_B_A,1.9
475,0.23,ALA, ,N,27.1,10.33,0.0,3.79,1.0,<Residue ALA het=  resseq=61 icode= >,1wtp_B_A,1.9
476,4.399,ALA, ,CA,28.24,9.04,0.0,3.08,1.0,<Residue ALA het=  resseq=61 icode= >,1wtp_B_A,1.9
477,1.079,ALA, ,C,29.16,8.45,0.0,3.32,1.0,<Residue ALA het=  resseq=61 icode= >,1wtp_B_A,1.9
478,4.0,ALA, ,O,29.83,8.02,0.0,3.14,1.0,<Residue ALA het=  resseq=61 icode= >,1wtp_B_A,1.9
479,25.314,ALA, ,CB,28.43,8.23,0.0,1.88,1.0,<Residue ALA het=  resseq=61 icode= >,1wtp_B_A,1.9
480,0.0,GLU, ,N,29.02,8.69,0.0,2.93,1.0,<Residue GLU het=  resseq=62 icode= >,1wtp_B_A,1.9
481,7.318,GLU, ,CA,30.94,8.50,0.0,2.59,1.0,<Residue GLU het=  resseq=62 icode= >,1wtp_B_A,1.9
482,0.755,GLU, ,C,34.45,9.52,0.0,3.45,1.0,<Residue GLU het=  resseq=62 icode= >,1wtp_B_A,1.9
483,4.838,GLU, ,O,33.93,9.51,0.0,2.70,1.0,<Residue GLU het=  resseq=62 icode= >,1wtp_B_A,1.9
484,12.883,GLU, ,CB,32.59,8.88,0.0,1.24,1.0,<Residue GLU het=  resseq=62 icode= >,1wtp_B_A,1.9
485,12.822,GLU, ,CG,32.37,8.16,0.0,1.64,1.0,<Residue GLU het=  resseq=62 icode= >,1wtp_B_A,1.9
486,10.128,GLU, ,CD,35.37,8.80,0.0,2.29,1.0,<Residue GLU het=  resseq=62 icode= >,1wtp_B_A,1.9
487,8.256,GLU, ,OE1,34.96,7.99,0.0,1.93,1.0,<Residue GLU het=  resseq=62 icode= >,1wtp_B_A,1.9
488,33.26,GLU, ,OE2,33.61,9.83,0.0,2.63,1.0,<Residue GLU het=  resseq=62 icode= >,1wtp_B_A,1.9
489,0.0,ARG, ,N,37.05,10.58,0.0,2.44,1.0,<Residue ARG het=  resseq=63 icode= >,1wtp_B_A,1.9
490,2.377,ARG, ,CA,41.49,11.67,0.0,1.65,1.0,<Residue ARG het=  resseq=63 icode= >,1wtp_B_A,1.9
491,0.939,ARG, ,C,44.45,11.59,0.0,1.52,1.0,<Residue ARG het=  resseq=63 icode= >,1wtp_B_A,1.9
492,17.579,ARG, ,O,44.22,12.12,0.0,1.51,1.0,<Residue ARG het=  resseq=63 icode= >,1wtp_B_A,1.9
493,11.672,ARG, ,CB,42.01,13.01,0.0,1.57,1.0,<Residue ARG het=  resseq=63 icode= >,1wtp_B_A,1.9
494,30.212,ARG, ,CG,44.51,13.85,0.0,1.50,1.0,<Residue ARG het=  resseq=63 icode= >,1wtp_B_A,1.9
495,31.833,ARG, ,CD,46.47,15.10,0.0,1.68,1.0,<Residue ARG het=  resseq=63 icode= >,1wtp_B_A,1.9
496,5.325,ARG, ,NE,51.1,14.91,0.0,1.01,1.0,<Residue ARG het=  resseq=63 icode= >,1wtp_B_A,1.9
497,4.53,ARG, ,CZ,51.52,15.65,0.0,1.79,1.0,<Residue ARG het=  resseq=63 icode= >,1wtp_B_A,1.9
498,46.074,ARG, ,NH1,54.39,16.56,0.0,0.62,1.0,<Residue ARG het=  resseq=63 icode= >,1wtp_B_A,1.9
499,17.515,ARG, ,NH2,51.3,15.59,0.0,1.13,1.0,<Residue ARG het=  resseq=63 icode= >,1wtp_B_A,1.9
500,0.277,GLU, ,N,46.74,11.15,0.0,2.39,1.0,<Residue GLU het=  resseq=64 icode= >,1wtp_B_A,1.9
501,9.47,GLU, ,CA,51.4,11.34,0.0,1.44,1.0,<Residue GLU het=  resseq=64 icode= >,1wtp_B_A,1.9
502,0.0,GLU, ,C,52.67,10.39,0.0,2.10,1.0,<Residue GLU het=  resseq=64 icode= >,1wtp_B_A,1.9
503,23.464,GLU, ,O,53.64,10.95,0.0,1.10,1.0,<Residue GLU het=  resseq=64 icode= >,1wtp_B_A,1.9
504,30.861,GLU, ,CB,52.89,11.61,0.0,0.93,1.0,<Residue GLU het=  resseq=64 icode= >,1wtp_B_A,1.9
505,16.854,GLU, ,CG,56.61,10.62,0.0,0.74,1.0,<Residue GLU het=  resseq=64 icode= >,1wtp_B_A,1.9
506,7.728,GLU, ,CD,59.01,9.56,0.0,0.55,1.0,<Residue GLU het=  resseq=64 icode= >,1wtp_B_A,1.9
507,30.053,GLU, ,OE1,60.56,10.08,0.0,0.05,1.0,<Residue GLU het=  resseq=64 icode= >,1wtp_B_A,1.9
508,12.35,GLU, ,OE2,59.86,8.34,0.0,0.69,1.0,<Residue GLU het=  resseq=64 icode= >,1wtp_B_A,1.9
509,0.0,LYS, ,N,54.71,9.09,0.0,1.43,1.0,<Residue LYS het=  resseq=65 icode= >,1wtp_B_A,1.9
510,8.031,LYS, ,CA,57.0,8.15,0.0,1.26,1.0,<Residue LYS het=  resseq=65 icode= >,1wtp_B_A,1.9
511,17.739,LYS, ,C,57.97,8.27,0.0,0.77,1.0,<Residue LYS het=  resseq=65 icode= >,1wtp_B_A,1.9
512,37.609,LYS, ,O,59.46,7.33,0.0,0.47,1.0,<Residue LYS het=  resseq=65 icode= >,1wtp_B_A,1.9
513,21.071,LYS, ,CB,57.59,8.74,0.0,0.85,1.0,<Residue LYS het=  resseq=65 icode= >,1wtp_B_A,1.9
514,6.141,LYS, ,CG,58.57,9.22,0.0,0.96,1.0,<Residue LYS het=  resseq=65 icode= >,1wtp_B_A,1.9
515,34.15,LYS, ,CD,59.02,10.10,0.0,0.90,1.0,<Residue LYS het=  resseq=65 icode= >,1wtp_B_A,1.9
516,41.597,LYS, ,CE,59.49,11.03,0.0,0.94,1.0,<Residue LYS het=  resseq=65 icode= >,1wtp_B_A,1.9
517,30.027,LYS, ,NZ,60.02,10.48,0.0,0.61,1.0,<Residue LYS het=  resseq=65 icode= >,1wtp_B_A,1.9
