,ASA,aa,altloc,atom,bfac,dens,occ,residue,id,resolu
0,41.318,MET, ,N,44.48,0.65,1.0,<Residue MET het=  resseq=8 icode= >,1z91_A_A,2.5
1,1.638,MET, ,CA,34.35,2.03,1.0,<Residue MET het=  resseq=8 icode= >,1z91_A_A,2.5
2,2.961,MET, ,C,29.83,3.61,1.0,<Residue MET het=  resseq=8 icode= >,1z91_A_A,2.5
3,18.963,MET, ,O,31.55,2.23,1.0,<Residue MET het=  resseq=8 icode= >,1z91_A_A,2.5
4,17.88,MET, ,CB,34.91,1.92,1.0,<Residue MET het=  resseq=8 icode= >,1z91_A_A,2.5
5,25.596,MET, ,CG,39.13,1.82,1.0,<Residue MET het=  resseq=8 icode= >,1z91_A_A,2.5
6,43.723,MET, ,SD,48.86,2.88,1.0,<Residue MET het=  resseq=8 icode= >,1z91_A_A,2.5
7,73.047,MET, ,CE,42.49,0.61,1.0,<Residue MET het=  resseq=8 icode= >,1z91_A_A,2.5
8,0.381,LYS, ,N,29.29,2.49,1.0,<Residue LYS het=  resseq=9 icode= >,1z91_A_A,2.5
9,7.72,LYS, ,CA,27.21,2.15,1.0,<Residue LYS het=  resseq=9 icode= >,1z91_A_A,2.5
10,0.0,LYS, ,C,28.77,2.54,1.0,<Residue LYS het=  resseq=9 icode= >,1z91_A_A,2.5
11,0.0,LYS, ,O,28.68,2.34,1.0,<Residue LYS het=  resseq=9 icode= >,1z91_A_A,2.5
12,1.787,LYS, ,CB,25.97,1.72,1.0,<Residue LYS het=  resseq=9 icode= >,1z91_A_A,2.5
13,18.633,LYS, ,CG,30.23,1.38,1.0,<Residue LYS het=  resseq=9 icode= >,1z91_A_A,2.5
14,27.329,LYS, ,CD,32.49,1.49,1.0,<Residue LYS het=  resseq=9 icode= >,1z91_A_A,2.5
15,47.331,LYS, ,CE,38.68,0.99,1.0,<Residue LYS het=  resseq=9 icode= >,1z91_A_A,2.5
16,45.856,LYS, ,NZ,34.77,1.02,1.0,<Residue LYS het=  resseq=9 icode= >,1z91_A_A,2.5
17,5.685,LEU, ,N,23.68,2.20,1.0,<Residue LEU het=  resseq=10 icode= >,1z91_A_A,2.5
18,3.349,LEU, ,CA,18.08,2.89,1.0,<Residue LEU het=  resseq=10 icode= >,1z91_A_A,2.5
19,0.0,LEU, ,C,22.78,3.03,1.0,<Residue LEU het=  resseq=10 icode= >,1z91_A_A,2.5
20,0.0,LEU, ,O,24.03,2.01,1.0,<Residue LEU het=  resseq=10 icode= >,1z91_A_A,2.5
21,14.452,LEU, ,CB,15.06,2.01,1.0,<Residue LEU het=  resseq=10 icode= >,1z91_A_A,2.5
22,0.0,LEU, ,CG,19.35,2.61,1.0,<Residue LEU het=  resseq=10 icode= >,1z91_A_A,2.5
23,34.853,LEU, ,CD1,20.55,1.34,1.0,<Residue LEU het=  resseq=10 icode= >,1z91_A_A,2.5
24,48.536,LEU, ,CD2,13.88,1.76,1.0,<Residue LEU het=  resseq=10 icode= >,1z91_A_A,2.5
25,0.0,GLU, ,N,24.67,2.09,1.0,<Residue GLU het=  resseq=11 icode= >,1z91_A_A,2.5
26,0.0,GLU, ,CA,24.12,2.60,1.0,<Residue GLU het=  resseq=11 icode= >,1z91_A_A,2.5
27,1.238,GLU, ,C,20.51,3.56,1.0,<Residue GLU het=  resseq=11 icode= >,1z91_A_A,2.5
28,10.351,GLU, ,O,24.26,2.47,1.0,<Residue GLU het=  resseq=11 icode= >,1z91_A_A,2.5
29,18.017,GLU, ,CB,29.66,1.50,1.0,<Residue GLU het=  resseq=11 icode= >,1z91_A_A,2.5
30,23.282,GLU, ,CG,39.64,0.40,1.0,<Residue GLU het=  resseq=11 icode= >,1z91_A_A,2.5
31,7.82,GLU, ,CD,45.08,2.06,1.0,<Residue GLU het=  resseq=11 icode= >,1z91_A_A,2.5
32,35.273,GLU, ,OE1,49.42,1.37,1.0,<Residue GLU het=  resseq=11 icode= >,1z91_A_A,2.5
33,13.279,GLU, ,OE2,34.1,2.36,1.0,<Residue GLU het=  resseq=11 icode= >,1z91_A_A,2.5
34,0.0,ASN, ,N,25.26,2.74,1.0,<Residue ASN het=  resseq=12 icode= >,1z91_A_A,2.5
35,1.261,ASN, ,CA,25.25,2.63,1.0,<Residue ASN het=  resseq=12 icode= >,1z91_A_A,2.5
36,0.0,ASN, ,C,24.1,4.01,1.0,<Residue ASN het=  resseq=12 icode= >,1z91_A_A,2.5
37,13.867,ASN, ,O,26.41,2.41,1.0,<Residue ASN het=  resseq=12 icode= >,1z91_A_A,2.5
38,9.85,ASN, ,CB,30.18,1.22,1.0,<Residue ASN het=  resseq=12 icode= >,1z91_A_A,2.5
39,5.712,ASN, ,CG,34.76,2.24,1.0,<Residue ASN het=  resseq=12 icode= >,1z91_A_A,2.5
40,30.484,ASN, ,OD1,43.73,1.36,1.0,<Residue ASN het=  resseq=12 icode= >,1z91_A_A,2.5
41,50.485,ASN, ,ND2,32.21,1.19,1.0,<Residue ASN het=  resseq=12 icode= >,1z91_A_A,2.5
42,0.0,GLN, ,N,20.44,3.18,1.0,<Residue GLN het=  resseq=13 icode= >,1z91_A_A,2.5
43,1.773,GLN, ,CA,25.1,2.36,1.0,<Residue GLN het=  resseq=13 icode= >,1z91_A_A,2.5
44,0.0,GLN, ,C,19.11,4.37,1.0,<Residue GLN het=  resseq=13 icode= >,1z91_A_A,2.5
45,0.0,GLN, ,O,29.14,2.75,1.0,<Residue GLN het=  resseq=13 icode= >,1z91_A_A,2.5
46,2.598,GLN, ,CB,27.4,1.20,1.0,<Residue GLN het=  resseq=13 icode= >,1z91_A_A,2.5
47,14.504,GLN, ,CG,26.38,1.10,1.0,<Residue GLN het=  resseq=13 icode= >,1z91_A_A,2.5
48,5.18,GLN, ,CD,27.08,3.37,1.0,<Residue GLN het=  resseq=13 icode= >,1z91_A_A,2.5
49,36.625,GLN, ,OE1,24.05,2.68,1.0,<Residue GLN het=  resseq=13 icode= >,1z91_A_A,2.5
50,11.563,GLN, ,NE2,24.26,2.70,1.0,<Residue GLN het=  resseq=13 icode= >,1z91_A_A,2.5
51,5.913,LEU, ,N,17.15,3.05,1.0,<Residue LEU het=  resseq=14 icode= >,1z91_A_A,2.5
52,0.317,LEU, ,CA,14.35,2.11,1.0,<Residue LEU het=  resseq=14 icode= >,1z91_A_A,2.5
53,0.0,LEU, ,C,13.59,3.63,1.0,<Residue LEU het=  resseq=14 icode= >,1z91_A_A,2.5
54,0.0,LEU, ,O,17.04,3.72,1.0,<Residue LEU het=  resseq=14 icode= >,1z91_A_A,2.5
55,21.775,LEU, ,CB,15.79,2.09,1.0,<Residue LEU het=  resseq=14 icode= >,1z91_A_A,2.5
56,1.617,LEU, ,CG,18.47,2.81,1.0,<Residue LEU het=  resseq=14 icode= >,1z91_A_A,2.5
57,29.03,LEU, ,CD1,8.73,2.36,1.0,<Residue LEU het=  resseq=14 icode= >,1z91_A_A,2.5
58,49.335,LEU, ,CD2,10.08,1.56,1.0,<Residue LEU het=  resseq=14 icode= >,1z91_A_A,2.5
59,3.566,SER, ,N,14.51,2.34,1.0,<Residue SER het=  resseq=15 icode= >,1z91_A_A,2.5
60,2.288,SER, ,CA,15.85,2.62,1.0,<Residue SER het=  resseq=15 icode= >,1z91_A_A,2.5
61,1.478,SER, ,C,17.48,3.53,1.0,<Residue SER het=  resseq=15 icode= >,1z91_A_A,2.5
62,4.75,SER, ,O,25.4,2.88,1.0,<Residue SER het=  resseq=15 icode= >,1z91_A_A,2.5
63,48.48,SER, ,CB,8.05,2.62,1.0,<Residue SER het=  resseq=15 icode= >,1z91_A_A,2.5
64,23.974,SER, ,OG,11.06,2.21,1.0,<Residue SER het=  resseq=15 icode= >,1z91_A_A,2.5
65,0.0,PHE, ,N,14.56,3.62,1.0,<Residue PHE het=  resseq=16 icode= >,1z91_A_A,2.5
66,5.087,PHE, ,CA,21.85,2.40,1.0,<Residue PHE het=  resseq=16 icode= >,1z91_A_A,2.5
67,0.0,PHE, ,C,19.39,3.75,1.0,<Residue PHE het=  resseq=16 icode= >,1z91_A_A,2.5
68,0.0,PHE, ,O,22.91,3.25,1.0,<Residue PHE het=  resseq=16 icode= >,1z91_A_A,2.5
69,7.021,PHE, ,CB,21.98,1.63,1.0,<Residue PHE het=  resseq=16 icode= >,1z91_A_A,2.5
70,0.0,PHE, ,CG,6.55,3.66,1.0,<Residue PHE het=  resseq=16 icode= >,1z91_A_A,2.5
71,0.0,PHE, ,CD1,10.87,2.07,1.0,<Residue PHE het=  resseq=16 icode= >,1z91_A_A,2.5
72,9.687,PHE, ,CD2,10.66,2.14,1.0,<Residue PHE het=  resseq=16 icode= >,1z91_A_A,2.5
73,8.638,PHE, ,CE1,11.53,1.93,1.0,<Residue PHE het=  resseq=16 icode= >,1z91_A_A,2.5
74,20.062,PHE, ,CE2,11.58,2.23,1.0,<Residue PHE het=  resseq=16 icode= >,1z91_A_A,2.5
75,19.868,PHE, ,CZ,4.49,2.03,1.0,<Residue PHE het=  resseq=16 icode= >,1z91_A_A,2.5
76,0.0,LEU, ,N,15.97,3.18,1.0,<Residue LEU het=  resseq=17 icode= >,1z91_A_A,2.5
77,0.0,LEU, ,CA,14.39,2.72,1.0,<Residue LEU het=  resseq=17 icode= >,1z91_A_A,2.5
78,1.31,LEU, ,C,12.97,4.04,1.0,<Residue LEU het=  resseq=17 icode= >,1z91_A_A,2.5
79,0.678,LEU, ,O,9.16,3.65,1.0,<Residue LEU het=  resseq=17 icode= >,1z91_A_A,2.5
80,8.732,LEU, ,CB,11.7,2.08,1.0,<Residue LEU het=  resseq=17 icode= >,1z91_A_A,2.5
81,0.0,LEU, ,CG,13.81,1.78,1.0,<Residue LEU het=  resseq=17 icode= >,1z91_A_A,2.5
82,35.296,LEU, ,CD1,8.5,1.44,1.0,<Residue LEU het=  resseq=17 icode= >,1z91_A_A,2.5
83,30.324,LEU, ,CD2,12.22,1.22,1.0,<Residue LEU het=  resseq=17 icode= >,1z91_A_A,2.5
84,0.08,LEU, ,N,12.45,2.84,1.0,<Residue LEU het=  resseq=18 icode= >,1z91_A_A,2.5
85,3.491,LEU, ,CA,8.42,3.88,1.0,<Residue LEU het=  resseq=18 icode= >,1z91_A_A,2.5
86,1.109,LEU, ,C,14.74,3.62,1.0,<Residue LEU het=  resseq=18 icode= >,1z91_A_A,2.5
87,6.107,LEU, ,O,16.56,3.12,1.0,<Residue LEU het=  resseq=18 icode= >,1z91_A_A,2.5
88,11.13,LEU, ,CB,11.95,2.37,1.0,<Residue LEU het=  resseq=18 icode= >,1z91_A_A,2.5
89,0.0,LEU, ,CG,9.36,3.27,1.0,<Residue LEU het=  resseq=18 icode= >,1z91_A_A,2.5
90,25.822,LEU, ,CD1,10.93,2.63,1.0,<Residue LEU het=  resseq=18 icode= >,1z91_A_A,2.5
91,20.911,LEU, ,CD2,9.66,2.24,1.0,<Residue LEU het=  resseq=18 icode= >,1z91_A_A,2.5
92,0.18,TYR, ,N,17.39,2.77,1.0,<Residue TYR het=  resseq=19 icode= >,1z91_A_A,2.5
93,3.806,TYR, ,CA,16.75,3.02,1.0,<Residue TYR het=  resseq=19 icode= >,1z91_A_A,2.5
94,0.0,TYR, ,C,17.77,3.59,1.0,<Residue TYR het=  resseq=19 icode= >,1z91_A_A,2.5
95,0.0,TYR, ,O,17.44,2.63,1.0,<Residue TYR het=  resseq=19 icode= >,1z91_A_A,2.5
96,14.352,TYR, ,CB,23.34,2.21,1.0,<Residue TYR het=  resseq=19 icode= >,1z91_A_A,2.5
97,2.855,TYR, ,CG,36.4,1.61,1.0,<Residue TYR het=  resseq=19 icode= >,1z91_A_A,2.5
98,14.254,TYR, ,CD1,41.61,1.45,1.0,<Residue TYR het=  resseq=19 icode= >,1z91_A_A,2.5
99,14.933,TYR, ,CD2,40.69,0.92,1.0,<Residue TYR het=  resseq=19 icode= >,1z91_A_A,2.5
100,31.417,TYR, ,CE1,43.88,1.78,1.0,<Residue TYR het=  resseq=19 icode= >,1z91_A_A,2.5
101,21.368,TYR, ,CE2,44.84,1.13,1.0,<Residue TYR het=  resseq=19 icode= >,1z91_A_A,2.5
102,5.1,TYR, ,CZ,49.98,1.83,1.0,<Residue TYR het=  resseq=19 icode= >,1z91_A_A,2.5
103,13.75,TYR, ,OH,59.86,0.47,1.0,<Residue TYR het=  resseq=19 icode= >,1z91_A_A,2.5
104,0.0,ALA, ,N,14.12,2.53,1.0,<Residue ALA het=  resseq=20 icode= >,1z91_A_A,2.5
105,4.22,ALA, ,CA,16.7,2.37,1.0,<Residue ALA het=  resseq=20 icode= >,1z91_A_A,2.5
106,0.063,ALA, ,C,16.23,3.95,1.0,<Residue ALA het=  resseq=20 icode= >,1z91_A_A,2.5
107,0.071,ALA, ,O,19.23,3.30,1.0,<Residue ALA het=  resseq=20 icode= >,1z91_A_A,2.5
108,24.381,ALA, ,CB,17.06,2.02,1.0,<Residue ALA het=  resseq=20 icode= >,1z91_A_A,2.5
109,0.387,SER, ,N,15.21,3.10,1.0,<Residue SER het=  resseq=21 icode= >,1z91_A_A,2.5
110,5.263,SER, ,CA,21.71,2.70,1.0,<Residue SER het=  resseq=21 icode= >,1z91_A_A,2.5
111,0.865,SER, ,C,24.85,3.11,1.0,<Residue SER het=  resseq=21 icode= >,1z91_A_A,2.5
112,0.133,SER, ,O,25.29,2.14,1.0,<Residue SER het=  resseq=21 icode= >,1z91_A_A,2.5
113,28.453,SER, ,CB,23.16,2.08,1.0,<Residue SER het=  resseq=21 icode= >,1z91_A_A,2.5
114,28.387,SER, ,OG,32.31,1.40,1.0,<Residue SER het=  resseq=21 icode= >,1z91_A_A,2.5
115,0.244,SER, ,N,23.31,2.58,1.0,<Residue SER het=  resseq=22 icode= >,1z91_A_A,2.5
116,9.853,SER, ,CA,23.98,2.00,1.0,<Residue SER het=  resseq=22 icode= >,1z91_A_A,2.5
117,0.152,SER, ,C,24.7,2.66,1.0,<Residue SER het=  resseq=22 icode= >,1z91_A_A,2.5
118,0.847,SER, ,O,19.49,2.98,1.0,<Residue SER het=  resseq=22 icode= >,1z91_A_A,2.5
119,13.876,SER, ,CB,18.06,2.82,1.0,<Residue SER het=  resseq=22 icode= >,1z91_A_A,2.5
120,29.722,SER, ,OG,22.37,2.80,1.0,<Residue SER het=  resseq=22 icode= >,1z91_A_A,2.5
121,0.0,ARG, ,N,23.45,2.37,1.0,<Residue ARG het=  resseq=23 icode= >,1z91_A_A,2.5
122,1.38,ARG, ,CA,19.0,3.32,1.0,<Residue ARG het=  resseq=23 icode= >,1z91_A_A,2.5
123,0.0,ARG, ,C,20.47,3.57,1.0,<Residue ARG het=  resseq=23 icode= >,1z91_A_A,2.5
124,0.737,ARG, ,O,19.33,2.68,1.0,<Residue ARG het=  resseq=23 icode= >,1z91_A_A,2.5
125,7.483,ARG, ,CB,21.48,1.57,1.0,<Residue ARG het=  resseq=23 icode= >,1z91_A_A,2.5
126,9.036,ARG, ,CG,31.73,1.12,1.0,<Residue ARG het=  resseq=23 icode= >,1z91_A_A,2.5
127,21.021,ARG, ,CD,40.37,0.99,1.0,<Residue ARG het=  resseq=23 icode= >,1z91_A_A,2.5
128,5.255,ARG, ,NE,46.46,1.75,1.0,<Residue ARG het=  resseq=23 icode= >,1z91_A_A,2.5
129,7.111,ARG, ,CZ,47.35,1.23,1.0,<Residue ARG het=  resseq=23 icode= >,1z91_A_A,2.5
130,50.551,ARG, ,NH1,42.9,1.03,1.0,<Residue ARG het=  resseq=23 icode= >,1z91_A_A,2.5
131,44.52,ARG, ,NH2,50.8,0.07,1.0,<Residue ARG het=  resseq=23 icode= >,1z91_A_A,2.5
132,0.0,GLU, ,N,26.36,2.30,1.0,<Residue GLU het=  resseq=24 icode= >,1z91_A_A,2.5
133,0.0,GLU, ,CA,27.67,2.09,1.0,<Residue GLU het=  resseq=24 icode= >,1z91_A_A,2.5
134,1.289,GLU, ,C,31.04,2.44,1.0,<Residue GLU het=  resseq=24 icode= >,1z91_A_A,2.5
135,0.215,GLU, ,O,30.52,2.42,1.0,<Residue GLU het=  resseq=24 icode= >,1z91_A_A,2.5
136,18.51,GLU, ,CB,27.85,1.64,1.0,<Residue GLU het=  resseq=24 icode= >,1z91_A_A,2.5
137,22.224,GLU, ,CG,29.22,1.66,1.0,<Residue GLU het=  resseq=24 icode= >,1z91_A_A,2.5
138,7.682,GLU, ,CD,29.29,3.09,1.0,<Residue GLU het=  resseq=24 icode= >,1z91_A_A,2.5
139,22.502,GLU, ,OE1,38.99,1.63,1.0,<Residue GLU het=  resseq=24 icode= >,1z91_A_A,2.5
140,32.848,GLU, ,OE2,27.42,1.92,1.0,<Residue GLU het=  resseq=24 icode= >,1z91_A_A,2.5
141,0.088,MET, ,N,34.56,1.84,1.0,<Residue MET het=  resseq=25 icode= >,1z91_A_A,2.5
142,1.652,MET, ,CA,36.06,2.28,1.0,<Residue MET het=  resseq=25 icode= >,1z91_A_A,2.5
143,0.0,MET, ,C,35.58,3.15,1.0,<Residue MET het=  resseq=25 icode= >,1z91_A_A,2.5
144,0.0,MET, ,O,34.02,2.09,1.0,<Residue MET het=  resseq=25 icode= >,1z91_A_A,2.5
145,9.258,MET, ,CB,38.31,1.32,1.0,<Residue MET het=  resseq=25 icode= >,1z91_A_A,2.5
146,21.129,MET, ,CG,42.92,1.16,1.0,<Residue MET het=  resseq=25 icode= >,1z91_A_A,2.5
147,35.043,MET, ,SD,53.14,2.54,1.0,<Residue MET het=  resseq=25 icode= >,1z91_A_A,2.5
148,4.901,MET, ,CE,34.43,1.16,1.0,<Residue MET het=  resseq=25 icode= >,1z91_A_A,2.5
149,0.333,THR, ,N,32.91,3.15,1.0,<Residue THR het=  resseq=26 icode= >,1z91_A_A,2.5
150,0.629,THR, ,CA,31.47,2.89,1.0,<Residue THR het=  resseq=26 icode= >,1z91_A_A,2.5
151,0.0,THR, ,C,34.76,3.35,1.0,<Residue THR het=  resseq=26 icode= >,1z91_A_A,2.5
152,0.815,THR, ,O,45.17,1.18,1.0,<Residue THR het=  resseq=26 icode= >,1z91_A_A,2.5
153,2.512,THR, ,CB,28.93,2.83,1.0,<Residue THR het=  resseq=26 icode= >,1z91_A_A,2.5
154,11.342,THR, ,OG1,31.98,2.19,1.0,<Residue THR het=  resseq=26 icode= >,1z91_A_A,2.5
155,28.943,THR, ,CG2,24.76,1.50,1.0,<Residue THR het=  resseq=26 icode= >,1z91_A_A,2.5
156,0.0,LYS, ,N,38.34,2.30,1.0,<Residue LYS het=  resseq=27 icode= >,1z91_A_A,2.5
157,3.463,LYS, ,CA,41.36,2.01,1.0,<Residue LYS het=  resseq=27 icode= >,1z91_A_A,2.5
158,0.389,LYS, ,C,41.53,2.71,1.0,<Residue LYS het=  resseq=27 icode= >,1z91_A_A,2.5
159,10.406,LYS, ,O,44.69,2.08,1.0,<Residue LYS het=  resseq=27 icode= >,1z91_A_A,2.5
160,8.041,LYS, ,CB,41.98,1.42,1.0,<Residue LYS het=  resseq=27 icode= >,1z91_A_A,2.5
161,25.246,LYS, ,CG,52.6,0.20,1.0,<Residue LYS het=  resseq=27 icode= >,1z91_A_A,2.5
162,38.542,LYS, ,CD,56.77,0.26,1.0,<Residue LYS het=  resseq=27 icode= >,1z91_A_A,2.5
163,32.843,LYS, ,CE,59.08,0.62,1.0,<Residue LYS het=  resseq=27 icode= >,1z91_A_A,2.5
164,6.253,LYS, ,NZ,62.92,0.33,1.0,<Residue LYS het=  resseq=27 icode= >,1z91_A_A,2.5
165,0.0,GLN, ,N,41.85,2.31,1.0,<Residue GLN het=  resseq=28 icode= >,1z91_A_A,2.5
166,1.861,GLN, ,CA,39.1,2.23,1.0,<Residue GLN het=  resseq=28 icode= >,1z91_A_A,2.5
167,0.0,GLN, ,C,39.84,2.48,1.0,<Residue GLN het=  resseq=28 icode= >,1z91_A_A,2.5
168,0.855,GLN, ,O,40.56,1.24,1.0,<Residue GLN het=  resseq=28 icode= >,1z91_A_A,2.5
169,0.0,GLN, ,CB,39.01,1.26,1.0,<Residue GLN het=  resseq=28 icode= >,1z91_A_A,2.5
170,1.795,GLN, ,CG,38.08,1.67,1.0,<Residue GLN het=  resseq=28 icode= >,1z91_A_A,2.5
171,7.189,GLN, ,CD,43.25,2.01,1.0,<Residue GLN het=  resseq=28 icode= >,1z91_A_A,2.5
172,27.458,GLN, ,OE1,53.47,0.82,1.0,<Residue GLN het=  resseq=28 icode= >,1z91_A_A,2.5
173,27.136,GLN, ,NE2,41.43,1.41,1.0,<Residue GLN het=  resseq=28 icode= >,1z91_A_A,2.5
174,0.0,TYR, ,N,41.24,2.03,1.0,<Residue TYR het=  resseq=29 icode= >,1z91_A_A,2.5
175,0.0,TYR, ,CA,42.97,1.57,1.0,<Residue TYR het=  resseq=29 icode= >,1z91_A_A,2.5
176,0.0,TYR, ,C,41.9,2.69,1.0,<Residue TYR het=  resseq=29 icode= >,1z91_A_A,2.5
177,0.0,TYR, ,O,44.59,1.75,1.0,<Residue TYR het=  resseq=29 icode= >,1z91_A_A,2.5
178,1.259,TYR, ,CB,40.75,1.21,1.0,<Residue TYR het=  resseq=29 icode= >,1z91_A_A,2.5
179,0.0,TYR, ,CG,36.18,1.79,1.0,<Residue TYR het=  resseq=29 icode= >,1z91_A_A,2.5
180,0.0,TYR, ,CD1,29.44,1.56,1.0,<Residue TYR het=  resseq=29 icode= >,1z91_A_A,2.5
181,0.0,TYR, ,CD2,30.68,1.52,1.0,<Residue TYR het=  resseq=29 icode= >,1z91_A_A,2.5
182,2.253,TYR, ,CE1,20.23,2.42,1.0,<Residue TYR het=  resseq=29 icode= >,1z91_A_A,2.5
183,1.303,TYR, ,CE2,31.12,1.51,1.0,<Residue TYR het=  resseq=29 icode= >,1z91_A_A,2.5
184,0.093,TYR, ,CZ,26.73,2.82,1.0,<Residue TYR het=  resseq=29 icode= >,1z91_A_A,2.5
185,32.496,TYR, ,OH,20.84,2.35,1.0,<Residue TYR het=  resseq=29 icode= >,1z91_A_A,2.5
186,2.612,LYS, ,N,38.42,2.45,1.0,<Residue LYS het=  resseq=30 icode= >,1z91_A_A,2.5
187,3.251,LYS, ,CA,43.08,2.47,1.0,<Residue LYS het=  resseq=30 icode= >,1z91_A_A,2.5
188,0.191,LYS, ,C,43.7,2.44,1.0,<Residue LYS het=  resseq=30 icode= >,1z91_A_A,2.5
189,0.0,LYS, ,O,49.06,1.23,1.0,<Residue LYS het=  resseq=30 icode= >,1z91_A_A,2.5
190,10.934,LYS, ,CB,50.25,1.85,1.0,<Residue LYS het=  resseq=30 icode= >,1z91_A_A,2.5
191,24.85,LYS, ,CG,60.01,0.94,1.0,<Residue LYS het=  resseq=30 icode= >,1z91_A_A,2.5
192,9.785,LYS, ,CD,69.35,0.20,1.0,<Residue LYS het=  resseq=30 icode= >,1z91_A_A,2.5
193,44.476,LYS, ,CE,71.93,0.16,1.0,<Residue LYS het=  resseq=30 icode= >,1z91_A_A,2.5
194,32.216,LYS, ,NZ,75.03,0.47,1.0,<Residue LYS het=  resseq=30 icode= >,1z91_A_A,2.5
195,0.224,PRO, ,N,42.88,2.40,1.0,<Residue PRO het=  resseq=31 icode= >,1z91_A_A,2.5
196,10.38,PRO, ,CA,41.18,1.90,1.0,<Residue PRO het=  resseq=31 icode= >,1z91_A_A,2.5
197,1.351,PRO, ,C,38.51,2.44,1.0,<Residue PRO het=  resseq=31 icode= >,1z91_A_A,2.5
198,8.997,PRO, ,O,32.01,2.27,1.0,<Residue PRO het=  resseq=31 icode= >,1z91_A_A,2.5
199,23.476,PRO, ,CB,45.21,1.14,1.0,<Residue PRO het=  resseq=31 icode= >,1z91_A_A,2.5
200,40.781,PRO, ,CG,46.08,1.15,1.0,<Residue PRO het=  resseq=31 icode= >,1z91_A_A,2.5
201,1.196,PRO, ,CD,46.15,1.28,1.0,<Residue PRO het=  resseq=31 icode= >,1z91_A_A,2.5
202,0.0,LEU, ,N,40.35,1.53,1.0,<Residue LEU het=  resseq=32 icode= >,1z91_A_A,2.5
203,3.892,LEU, ,CA,37.53,2.56,1.0,<Residue LEU het=  resseq=32 icode= >,1z91_A_A,2.5
204,0.0,LEU, ,C,40.41,2.46,1.0,<Residue LEU het=  resseq=32 icode= >,1z91_A_A,2.5
205,4.045,LEU, ,O,41.76,1.47,1.0,<Residue LEU het=  resseq=32 icode= >,1z91_A_A,2.5
206,2.39,LEU, ,CB,39.98,1.68,1.0,<Residue LEU het=  resseq=32 icode= >,1z91_A_A,2.5
207,11.798,LEU, ,CG,40.05,1.55,1.0,<Residue LEU het=  resseq=32 icode= >,1z91_A_A,2.5
208,10.722,LEU, ,CD1,43.77,0.18,1.0,<Residue LEU het=  resseq=32 icode= >,1z91_A_A,2.5
209,1.462,LEU, ,CD2,42.54,0.36,1.0,<Residue LEU het=  resseq=32 icode= >,1z91_A_A,2.5
210,0.0,LEU, ,N,40.21,1.83,1.0,<Residue LEU het=  resseq=33 icode= >,1z91_A_A,2.5
211,0.0,LEU, ,CA,41.82,1.59,1.0,<Residue LEU het=  resseq=33 icode= >,1z91_A_A,2.5
212,0.0,LEU, ,C,45.14,1.74,1.0,<Residue LEU het=  resseq=33 icode= >,1z91_A_A,2.5
213,0.0,LEU, ,O,39.38,1.71,1.0,<Residue LEU het=  resseq=33 icode= >,1z91_A_A,2.5
214,1.48,LEU, ,CB,34.13,1.51,1.0,<Residue LEU het=  resseq=33 icode= >,1z91_A_A,2.5
215,0.0,LEU, ,CG,25.02,2.41,1.0,<Residue LEU het=  resseq=33 icode= >,1z91_A_A,2.5
216,1.414,LEU, ,CD1,29.22,1.53,1.0,<Residue LEU het=  resseq=33 icode= >,1z91_A_A,2.5
217,0.0,LEU, ,CD2,32.04,1.18,1.0,<Residue LEU het=  resseq=33 icode= >,1z91_A_A,2.5
218,0.0,ASP, ,N,47.48,1.24,1.0,<Residue ASP het=  resseq=34 icode= >,1z91_A_A,2.5
219,3.036,ASP, ,CA,47.65,1.58,1.0,<Residue ASP het=  resseq=34 icode= >,1z91_A_A,2.5
220,0.805,ASP, ,C,49.35,2.44,1.0,<Residue ASP het=  resseq=34 icode= >,1z91_A_A,2.5
221,16.624,ASP, ,O,48.47,2.00,1.0,<Residue ASP het=  resseq=34 icode= >,1z91_A_A,2.5
222,21.105,ASP, ,CB,45.41,1.42,1.0,<Residue ASP het=  resseq=34 icode= >,1z91_A_A,2.5
223,6.847,ASP, ,CG,49.19,1.73,1.0,<Residue ASP het=  resseq=34 icode= >,1z91_A_A,2.5
224,7.507,ASP, ,OD1,47.61,0.88,1.0,<Residue ASP het=  resseq=34 icode= >,1z91_A_A,2.5
225,25.468,ASP, ,OD2,42.01,1.79,1.0,<Residue ASP het=  resseq=34 icode= >,1z91_A_A,2.5
226,0.0,LYS, ,N,53.4,1.58,1.0,<Residue LYS het=  resseq=35 icode= >,1z91_A_A,2.5
227,9.199,LYS, ,CA,57.87,1.35,1.0,<Residue LYS het=  resseq=35 icode= >,1z91_A_A,2.5
228,0.079,LYS, ,C,57.32,1.54,1.0,<Residue LYS het=  resseq=35 icode= >,1z91_A_A,2.5
229,25.456,LYS, ,O,59.12,1.06,1.0,<Residue LYS het=  resseq=35 icode= >,1z91_A_A,2.5
230,3.687,LYS, ,CB,60.57,0.73,1.0,<Residue LYS het=  resseq=35 icode= >,1z91_A_A,2.5
231,13.588,LYS, ,CG,60.51,1.01,1.0,<Residue LYS het=  resseq=35 icode= >,1z91_A_A,2.5
232,32.058,LYS, ,CD,65.46,0.49,1.0,<Residue LYS het=  resseq=35 icode= >,1z91_A_A,2.5
233,37.472,LYS, ,CE,68.1,0.42,1.0,<Residue LYS het=  resseq=35 icode= >,1z91_A_A,2.5
234,49.02,LYS, ,NZ,62.39,0.77,1.0,<Residue LYS het=  resseq=35 icode= >,1z91_A_A,2.5
235,0.0,LEU, ,N,55.24,1.51,1.0,<Residue LEU het=  resseq=36 icode= >,1z91_A_A,2.5
236,5.322,LEU, ,CA,52.76,1.97,1.0,<Residue LEU het=  resseq=36 icode= >,1z91_A_A,2.5
237,0.994,LEU, ,C,51.7,2.82,1.0,<Residue LEU het=  resseq=36 icode= >,1z91_A_A,2.5
238,6.699,LEU, ,O,51.2,1.82,1.0,<Residue LEU het=  resseq=36 icode= >,1z91_A_A,2.5
239,0.0,LEU, ,CB,50.12,1.76,1.0,<Residue LEU het=  resseq=36 icode= >,1z91_A_A,2.5
240,0.493,LEU, ,CG,52.89,1.29,1.0,<Residue LEU het=  resseq=36 icode= >,1z91_A_A,2.5
241,0.164,LEU, ,CD1,48.74,0.89,1.0,<Residue LEU het=  resseq=36 icode= >,1z91_A_A,2.5
242,15.527,LEU, ,CD2,57.61,-0.00,1.0,<Residue LEU het=  resseq=36 icode= >,1z91_A_A,2.5
243,0.0,ASN, ,N,54.15,1.65,1.0,<Residue ASN het=  resseq=37 icode= >,1z91_A_A,2.5
244,2.127,ASN, ,CA,57.36,2.14,1.0,<Residue ASN het=  resseq=37 icode= >,1z91_A_A,2.5
245,0.0,ASN, ,C,57.94,1.95,1.0,<Residue ASN het=  resseq=37 icode= >,1z91_A_A,2.5
246,17.199,ASN, ,O,61.74,1.19,1.0,<Residue ASN het=  resseq=37 icode= >,1z91_A_A,2.5
247,4.3,ASN, ,CB,60.71,1.27,1.0,<Residue ASN het=  resseq=37 icode= >,1z91_A_A,2.5
248,6.359,ASN, ,CG,65.38,1.32,1.0,<Residue ASN het=  resseq=37 icode= >,1z91_A_A,2.5
249,35.888,ASN, ,OD1,66.49,1.14,1.0,<Residue ASN het=  resseq=37 icode= >,1z91_A_A,2.5
250,52.62,ASN, ,ND2,71.39,-0.22,1.0,<Residue ASN het=  resseq=37 icode= >,1z91_A_A,2.5
251,0.0,ILE, ,N,56.01,1.31,1.0,<Residue ILE het=  resseq=38 icode= >,1z91_A_A,2.5
252,0.0,ILE, ,CA,52.31,1.70,1.0,<Residue ILE het=  resseq=38 icode= >,1z91_A_A,2.5
253,0.0,ILE, ,C,47.34,2.40,1.0,<Residue ILE het=  resseq=38 icode= >,1z91_A_A,2.5
254,2.337,ILE, ,O,44.35,2.11,1.0,<Residue ILE het=  resseq=38 icode= >,1z91_A_A,2.5
255,0.0,ILE, ,CB,55.4,1.39,1.0,<Residue ILE het=  resseq=38 icode= >,1z91_A_A,2.5
256,0.069,ILE, ,CG1,57.89,0.66,1.0,<Residue ILE het=  resseq=38 icode= >,1z91_A_A,2.5
257,0.078,ILE, ,CG2,64.47,-0.34,1.0,<Residue ILE het=  resseq=38 icode= >,1z91_A_A,2.5
258,0.0,ILE, ,CD1,59.06,-0.06,1.0,<Residue ILE het=  resseq=38 icode= >,1z91_A_A,2.5
259,0.0,THR, ,N,42.85,1.37,1.0,<Residue THR het=  resseq=39 icode= >,1z91_A_A,2.5
260,2.556,THR, ,CA,33.89,1.45,1.0,<Residue THR het=  resseq=39 icode= >,1z91_A_A,2.5
261,0.0,THR, ,C,30.72,3.62,1.0,<Residue THR het=  resseq=39 icode= >,1z91_A_A,2.5
262,0.0,THR, ,O,32.62,2.30,1.0,<Residue THR het=  resseq=39 icode= >,1z91_A_A,2.5
263,8.835,THR, ,CB,31.81,2.16,1.0,<Residue THR het=  resseq=39 icode= >,1z91_A_A,2.5
264,2.231,THR, ,OG1,25.58,2.49,1.0,<Residue THR het=  resseq=39 icode= >,1z91_A_A,2.5
265,34.179,THR, ,CG2,27.01,0.79,1.0,<Residue THR het=  resseq=39 icode= >,1z91_A_A,2.5
266,5.274,TYR, ,N,24.7,2.91,1.0,<Residue TYR het=  resseq=40 icode= >,1z91_A_A,2.5
267,0.0,TYR, ,CA,25.75,2.38,1.0,<Residue TYR het=  resseq=40 icode= >,1z91_A_A,2.5
268,0.0,TYR, ,C,25.2,3.03,1.0,<Residue TYR het=  resseq=40 icode= >,1z91_A_A,2.5
269,0.0,TYR, ,O,29.06,2.27,1.0,<Residue TYR het=  resseq=40 icode= >,1z91_A_A,2.5
270,11.772,TYR, ,CB,22.26,1.95,1.0,<Residue TYR het=  resseq=40 icode= >,1z91_A_A,2.5
271,0.0,TYR, ,CG,26.56,2.03,1.0,<Residue TYR het=  resseq=40 icode= >,1z91_A_A,2.5
272,0.0,TYR, ,CD1,20.63,2.26,1.0,<Residue TYR het=  resseq=40 icode= >,1z91_A_A,2.5
273,7.66,TYR, ,CD2,28.73,2.14,1.0,<Residue TYR het=  resseq=40 icode= >,1z91_A_A,2.5
274,0.038,TYR, ,CE1,30.38,2.17,1.0,<Residue TYR het=  resseq=40 icode= >,1z91_A_A,2.5
275,12.251,TYR, ,CE2,25.17,2.71,1.0,<Residue TYR het=  resseq=40 icode= >,1z91_A_A,2.5
276,0.04,TYR, ,CZ,30.97,2.65,1.0,<Residue TYR het=  resseq=40 icode= >,1z91_A_A,2.5
277,25.544,TYR, ,OH,33.11,1.71,1.0,<Residue TYR het=  resseq=40 icode= >,1z91_A_A,2.5
278,0.0,PRO, ,N,19.2,3.89,1.0,<Residue PRO het=  resseq=41 icode= >,1z91_A_A,2.5
279,0.496,PRO, ,CA,19.04,2.97,1.0,<Residue PRO het=  resseq=41 icode= >,1z91_A_A,2.5
280,0.0,PRO, ,C,23.92,3.45,1.0,<Residue PRO het=  resseq=41 icode= >,1z91_A_A,2.5
281,0.0,PRO, ,O,25.55,2.93,1.0,<Residue PRO het=  resseq=41 icode= >,1z91_A_A,2.5
282,2.575,PRO, ,CB,21.09,2.16,1.0,<Residue PRO het=  resseq=41 icode= >,1z91_A_A,2.5
283,33.438,PRO, ,CG,24.83,1.69,1.0,<Residue PRO het=  resseq=41 icode= >,1z91_A_A,2.5
284,11.589,PRO, ,CD,22.77,2.48,1.0,<Residue PRO het=  resseq=41 icode= >,1z91_A_A,2.5
285,0.0,GLN, ,N,25.45,2.36,1.0,<Residue GLN het=  resseq=42 icode= >,1z91_A_A,2.5
286,0.0,GLN, ,CA,25.79,2.23,1.0,<Residue GLN het=  resseq=42 icode= >,1z91_A_A,2.5
287,0.0,GLN, ,C,25.3,2.84,1.0,<Residue GLN het=  resseq=42 icode= >,1z91_A_A,2.5
288,0.0,GLN, ,O,28.66,2.13,1.0,<Residue GLN het=  resseq=42 icode= >,1z91_A_A,2.5
289,0.165,GLN, ,CB,28.73,1.88,1.0,<Residue GLN het=  resseq=42 icode= >,1z91_A_A,2.5
290,0.057,GLN, ,CG,36.5,1.03,1.0,<Residue GLN het=  resseq=42 icode= >,1z91_A_A,2.5
291,0.0,GLN, ,CD,37.93,2.02,1.0,<Residue GLN het=  resseq=42 icode= >,1z91_A_A,2.5
292,2.549,GLN, ,OE1,39.24,1.46,1.0,<Residue GLN het=  resseq=42 icode= >,1z91_A_A,2.5
293,0.0,GLN, ,NE2,40.99,1.33,1.0,<Residue GLN het=  resseq=42 icode= >,1z91_A_A,2.5
294,0.0,TYR, ,N,23.99,1.69,1.0,<Residue TYR het=  resseq=43 icode= >,1z91_A_A,2.5
295,0.0,TYR, ,CA,18.73,2.24,1.0,<Residue TYR het=  resseq=43 icode= >,1z91_A_A,2.5
296,0.0,TYR, ,C,17.15,3.64,1.0,<Residue TYR het=  resseq=43 icode= >,1z91_A_A,2.5
297,0.0,TYR, ,O,16.92,3.02,1.0,<Residue TYR het=  resseq=43 icode= >,1z91_A_A,2.5
298,0.0,TYR, ,CB,16.2,1.76,1.0,<Residue TYR het=  resseq=43 icode= >,1z91_A_A,2.5
299,0.0,TYR, ,CG,13.28,3.05,1.0,<Residue TYR het=  resseq=43 icode= >,1z91_A_A,2.5
300,0.0,TYR, ,CD1,16.42,2.48,1.0,<Residue TYR het=  resseq=43 icode= >,1z91_A_A,2.5
301,0.0,TYR, ,CD2,15.99,2.08,1.0,<Residue TYR het=  resseq=43 icode= >,1z91_A_A,2.5
302,3.515,TYR, ,CE1,16.91,1.68,1.0,<Residue TYR het=  resseq=43 icode= >,1z91_A_A,2.5
303,0.0,TYR, ,CE2,18.08,2.20,1.0,<Residue TYR het=  resseq=43 icode= >,1z91_A_A,2.5
304,0.0,TYR, ,CZ,20.85,2.97,1.0,<Residue TYR het=  resseq=43 icode= >,1z91_A_A,2.5
305,2.393,TYR, ,OH,26.02,2.42,1.0,<Residue TYR het=  resseq=43 icode= >,1z91_A_A,2.5
306,0.0,LEU, ,N,17.28,2.89,1.0,<Residue LEU het=  resseq=44 icode= >,1z91_A_A,2.5
307,0.424,LEU, ,CA,13.71,2.46,1.0,<Residue LEU het=  resseq=44 icode= >,1z91_A_A,2.5
308,0.0,LEU, ,C,11.95,4.09,1.0,<Residue LEU het=  resseq=44 icode= >,1z91_A_A,2.5
309,1.809,LEU, ,O,14.27,3.27,1.0,<Residue LEU het=  resseq=44 icode= >,1z91_A_A,2.5
310,1.347,LEU, ,CB,12.17,1.88,1.0,<Residue LEU het=  resseq=44 icode= >,1z91_A_A,2.5
311,0.0,LEU, ,CG,18.03,2.17,1.0,<Residue LEU het=  resseq=44 icode= >,1z91_A_A,2.5
312,28.12,LEU, ,CD1,5.5,2.13,1.0,<Residue LEU het=  resseq=44 icode= >,1z91_A_A,2.5
313,19.219,LEU, ,CD2,9.18,1.81,1.0,<Residue LEU het=  resseq=44 icode= >,1z91_A_A,2.5
314,0.0,ALA, ,N,11.93,3.59,1.0,<Residue ALA het=  resseq=45 icode= >,1z91_A_A,2.5
315,0.0,ALA, ,CA,12.57,3.24,1.0,<Residue ALA het=  resseq=45 icode= >,1z91_A_A,2.5
316,0.0,ALA, ,C,18.24,3.20,1.0,<Residue ALA het=  resseq=45 icode= >,1z91_A_A,2.5
317,0.0,ALA, ,O,14.28,3.59,1.0,<Residue ALA het=  resseq=45 icode= >,1z91_A_A,2.5
318,0.5,ALA, ,CB,12.35,1.91,1.0,<Residue ALA het=  resseq=45 icode= >,1z91_A_A,2.5
319,0.0,LEU, ,N,16.87,2.46,1.0,<Residue LEU het=  resseq=46 icode= >,1z91_A_A,2.5
320,0.0,LEU, ,CA,15.47,2.83,1.0,<Residue LEU het=  resseq=46 icode= >,1z91_A_A,2.5
321,0.0,LEU, ,C,15.59,3.87,1.0,<Residue LEU het=  resseq=46 icode= >,1z91_A_A,2.5
322,0.0,LEU, ,O,17.4,2.72,1.0,<Residue LEU het=  resseq=46 icode= >,1z91_A_A,2.5
323,0.0,LEU, ,CB,18.95,1.94,1.0,<Residue LEU het=  resseq=46 icode= >,1z91_A_A,2.5
324,0.0,LEU, ,CG,20.76,1.57,1.0,<Residue LEU het=  resseq=46 icode= >,1z91_A_A,2.5
325,0.0,LEU, ,CD1,24.43,0.91,1.0,<Residue LEU het=  resseq=46 icode= >,1z91_A_A,2.5
326,0.0,LEU, ,CD2,21.58,0.94,1.0,<Residue LEU het=  resseq=46 icode= >,1z91_A_A,2.5
327,0.0,LEU, ,N,11.36,3.18,1.0,<Residue LEU het=  resseq=47 icode= >,1z91_A_A,2.5
328,0.39,LEU, ,CA,17.76,2.06,1.0,<Residue LEU het=  resseq=47 icode= >,1z91_A_A,2.5
329,1.133,LEU, ,C,20.04,3.23,1.0,<Residue LEU het=  resseq=47 icode= >,1z91_A_A,2.5
330,6.218,LEU, ,O,23.1,2.70,1.0,<Residue LEU het=  resseq=47 icode= >,1z91_A_A,2.5
331,13.834,LEU, ,CB,16.64,1.64,1.0,<Residue LEU het=  resseq=47 icode= >,1z91_A_A,2.5
332,0.0,LEU, ,CG,18.98,2.41,1.0,<Residue LEU het=  resseq=47 icode= >,1z91_A_A,2.5
333,29.337,LEU, ,CD1,17.48,1.80,1.0,<Residue LEU het=  resseq=47 icode= >,1z91_A_A,2.5
334,24.398,LEU, ,CD2,17.97,1.73,1.0,<Residue LEU het=  resseq=47 icode= >,1z91_A_A,2.5
335,0.407,LEU, ,N,15.29,3.34,1.0,<Residue LEU het=  resseq=48 icode= >,1z91_A_A,2.5
336,1.086,LEU, ,CA,24.43,2.70,1.0,<Residue LEU het=  resseq=48 icode= >,1z91_A_A,2.5
337,0.0,LEU, ,C,31.05,2.61,1.0,<Residue LEU het=  resseq=48 icode= >,1z91_A_A,2.5
338,0.0,LEU, ,O,29.74,2.18,1.0,<Residue LEU het=  resseq=48 icode= >,1z91_A_A,2.5
339,0.0,LEU, ,CB,24.54,1.86,1.0,<Residue LEU het=  resseq=48 icode= >,1z91_A_A,2.5
340,5.081,LEU, ,CG,34.48,1.72,1.0,<Residue LEU het=  resseq=48 icode= >,1z91_A_A,2.5
341,0.0,LEU, ,CD1,23.24,0.70,1.0,<Residue LEU het=  resseq=48 icode= >,1z91_A_A,2.5
342,11.943,LEU, ,CD2,22.28,1.86,1.0,<Residue LEU het=  resseq=48 icode= >,1z91_A_A,2.5
343,0.0,LEU, ,N,28.36,1.85,1.0,<Residue LEU het=  resseq=49 icode= >,1z91_A_A,2.5
344,0.0,LEU, ,CA,28.81,2.42,1.0,<Residue LEU het=  resseq=49 icode= >,1z91_A_A,2.5
345,0.0,LEU, ,C,32.39,2.35,1.0,<Residue LEU het=  resseq=49 icode= >,1z91_A_A,2.5
346,0.183,LEU, ,O,32.0,1.61,1.0,<Residue LEU het=  resseq=49 icode= >,1z91_A_A,2.5
347,0.0,LEU, ,CB,28.59,1.87,1.0,<Residue LEU het=  resseq=49 icode= >,1z91_A_A,2.5
348,0.0,LEU, ,CG,30.06,1.72,1.0,<Residue LEU het=  resseq=49 icode= >,1z91_A_A,2.5
349,0.0,LEU, ,CD1,34.35,0.65,1.0,<Residue LEU het=  resseq=49 icode= >,1z91_A_A,2.5
350,0.0,LEU, ,CD2,29.53,1.09,1.0,<Residue LEU het=  resseq=49 icode= >,1z91_A_A,2.5
351,0.0,TRP, ,N,30.74,2.42,1.0,<Residue TRP het=  resseq=50 icode= >,1z91_A_A,2.5
352,3.447,TRP, ,CA,27.21,2.84,1.0,<Residue TRP het=  resseq=50 icode= >,1z91_A_A,2.5
353,1.964,TRP, ,C,29.07,3.00,1.0,<Residue TRP het=  resseq=50 icode= >,1z91_A_A,2.5
354,27.187,TRP, ,O,33.33,2.04,1.0,<Residue TRP het=  resseq=50 icode= >,1z91_A_A,2.5
355,3.574,TRP, ,CB,24.36,1.33,1.0,<Residue TRP het=  resseq=50 icode= >,1z91_A_A,2.5
356,0.0,TRP, ,CG,24.0,2.23,1.0,<Residue TRP het=  resseq=50 icode= >,1z91_A_A,2.5
357,1.595,TRP, ,CD1,20.53,2.29,1.0,<Residue TRP het=  resseq=50 icode= >,1z91_A_A,2.5
358,0.0,TRP, ,CD2,15.06,3.43,1.0,<Residue TRP het=  resseq=50 icode= >,1z91_A_A,2.5
359,0.0,TRP, ,NE1,19.56,3.13,1.0,<Residue TRP het=  resseq=50 icode= >,1z91_A_A,2.5
360,0.0,TRP, ,CE2,20.95,3.25,1.0,<Residue TRP het=  resseq=50 icode= >,1z91_A_A,2.5
361,1.235,TRP, ,CE3,24.58,2.36,1.0,<Residue TRP het=  resseq=50 icode= >,1z91_A_A,2.5
362,0.0,TRP, ,CZ2,28.38,1.40,1.0,<Residue TRP het=  resseq=50 icode= >,1z91_A_A,2.5
363,0.956,TRP, ,CZ3,20.49,2.27,1.0,<Residue TRP het=  resseq=50 icode= >,1z91_A_A,2.5
364,0.0,TRP, ,CH2,19.35,1.64,1.0,<Residue TRP het=  resseq=50 icode= >,1z91_A_A,2.5
365,0.0,GLU, ,N,32.43,2.23,1.0,<Residue GLU het=  resseq=51 icode= >,1z91_A_A,2.5
366,5.9,GLU, ,CA,35.23,2.01,1.0,<Residue GLU het=  resseq=51 icode= >,1z91_A_A,2.5
367,0.893,GLU, ,C,28.13,2.90,1.0,<Residue GLU het=  resseq=51 icode= >,1z91_A_A,2.5
368,26.22,GLU, ,O,33.63,1.61,1.0,<Residue GLU het=  resseq=51 icode= >,1z91_A_A,2.5
369,7.165,GLU, ,CB,40.95,0.74,1.0,<Residue GLU het=  resseq=51 icode= >,1z91_A_A,2.5
370,14.86,GLU, ,CG,50.77,0.88,1.0,<Residue GLU het=  resseq=51 icode= >,1z91_A_A,2.5
371,7.873,GLU, ,CD,59.56,0.59,1.0,<Residue GLU het=  resseq=51 icode= >,1z91_A_A,2.5
372,17.564,GLU, ,OE1,54.37,0.54,1.0,<Residue GLU het=  resseq=51 icode= >,1z91_A_A,2.5
373,42.083,GLU, ,OE2,67.44,0.35,1.0,<Residue GLU het=  resseq=51 icode= >,1z91_A_A,2.5
374,0.0,HIS, ,N,23.79,3.16,1.0,<Residue HIS het=  resseq=52 icode= >,1z91_A_A,2.5
375,5.197,HIS, ,CA,25.75,2.61,1.0,<Residue HIS het=  resseq=52 icode= >,1z91_A_A,2.5
376,1.914,HIS, ,C,27.17,3.26,1.0,<Residue HIS het=  resseq=52 icode= >,1z91_A_A,2.5
377,13.08,HIS, ,O,23.63,2.77,1.0,<Residue HIS het=  resseq=52 icode= >,1z91_A_A,2.5
378,4.979,HIS, ,CB,25.73,1.95,1.0,<Residue HIS het=  resseq=52 icode= >,1z91_A_A,2.5
379,0.954,HIS, ,CG,31.0,2.58,1.0,<Residue HIS het=  resseq=52 icode= >,1z91_A_A,2.5
380,0.0,HIS, ,ND1,28.75,2.29,1.0,<Residue HIS het=  resseq=52 icode= >,1z91_A_A,2.5
381,25.208,HIS, ,CD2,29.09,1.78,1.0,<Residue HIS het=  resseq=52 icode= >,1z91_A_A,2.5
382,11.175,HIS, ,CE1,31.5,2.07,1.0,<Residue HIS het=  resseq=52 icode= >,1z91_A_A,2.5
383,19.558,HIS, ,NE2,27.81,2.16,1.0,<Residue HIS het=  resseq=52 icode= >,1z91_A_A,2.5
384,0.358,GLU, ,N,25.96,2.73,1.0,<Residue GLU het=  resseq=53 icode= >,1z91_A_A,2.5
385,0.0,GLU, ,CA,30.09,2.06,1.0,<Residue GLU het=  resseq=53 icode= >,1z91_A_A,2.5
386,0.0,GLU, ,C,33.63,2.63,1.0,<Residue GLU het=  resseq=53 icode= >,1z91_A_A,2.5
387,0.0,GLU, ,O,33.18,2.25,1.0,<Residue GLU het=  resseq=53 icode= >,1z91_A_A,2.5
388,16.324,GLU, ,CB,35.12,1.22,1.0,<Residue GLU het=  resseq=53 icode= >,1z91_A_A,2.5
389,38.151,GLU, ,CG,46.39,1.11,1.0,<Residue GLU het=  resseq=53 icode= >,1z91_A_A,2.5
390,8.085,GLU, ,CD,49.31,2.06,1.0,<Residue GLU het=  resseq=53 icode= >,1z91_A_A,2.5
391,13.48,GLU, ,OE1,51.36,1.69,1.0,<Residue GLU het=  resseq=53 icode= >,1z91_A_A,2.5
392,12.271,GLU, ,OE2,58.32,0.76,1.0,<Residue GLU het=  resseq=53 icode= >,1z91_A_A,2.5
393,0.0,THR, ,N,33.22,1.71,1.0,<Residue THR het=  resseq=54 icode= >,1z91_A_A,2.5
394,0.0,THR, ,CA,32.27,2.77,1.0,<Residue THR het=  resseq=54 icode= >,1z91_A_A,2.5
395,0.0,THR, ,C,31.91,3.40,1.0,<Residue THR het=  resseq=54 icode= >,1z91_A_A,2.5
396,10.417,THR, ,O,33.56,2.05,1.0,<Residue THR het=  resseq=54 icode= >,1z91_A_A,2.5
397,14.237,THR, ,CB,37.3,1.77,1.0,<Residue THR het=  resseq=54 icode= >,1z91_A_A,2.5
398,12.779,THR, ,OG1,36.0,1.97,1.0,<Residue THR het=  resseq=54 icode= >,1z91_A_A,2.5
399,19.295,THR, ,CG2,33.06,0.42,1.0,<Residue THR het=  resseq=54 icode= >,1z91_A_A,2.5
400,0.0,LEU, ,N,31.78,2.04,1.0,<Residue LEU het=  resseq=55 icode= >,1z91_A_A,2.5
401,1.816,LEU, ,CA,29.72,2.25,1.0,<Residue LEU het=  resseq=55 icode= >,1z91_A_A,2.5
402,0.0,LEU, ,C,25.4,3.52,1.0,<Residue LEU het=  resseq=55 icode= >,1z91_A_A,2.5
403,0.0,LEU, ,O,27.07,2.45,1.0,<Residue LEU het=  resseq=55 icode= >,1z91_A_A,2.5
404,0.0,LEU, ,CB,30.42,1.88,1.0,<Residue LEU het=  resseq=55 icode= >,1z91_A_A,2.5
405,0.0,LEU, ,CG,39.06,1.11,1.0,<Residue LEU het=  resseq=55 icode= >,1z91_A_A,2.5
406,0.0,LEU, ,CD1,37.33,0.83,1.0,<Residue LEU het=  resseq=55 icode= >,1z91_A_A,2.5
407,17.477,LEU, ,CD2,41.75,0.51,1.0,<Residue LEU het=  resseq=55 icode= >,1z91_A_A,2.5
408,0.224,THR, ,N,26.8,2.36,1.0,<Residue THR het=  resseq=56 icode= >,1z91_A_A,2.5
409,0.0,THR, ,CA,25.73,2.28,1.0,<Residue THR het=  resseq=56 icode= >,1z91_A_A,2.5
410,0.0,THR, ,C,27.28,2.88,1.0,<Residue THR het=  resseq=56 icode= >,1z91_A_A,2.5
411,0.0,THR, ,O,22.29,3.10,1.0,<Residue THR het=  resseq=56 icode= >,1z91_A_A,2.5
412,2.223,THR, ,CB,25.72,2.43,1.0,<Residue THR het=  resseq=56 icode= >,1z91_A_A,2.5
413,1.059,THR, ,OG1,17.37,2.15,1.0,<Residue THR het=  resseq=56 icode= >,1z91_A_A,2.5
414,33.136,THR, ,CG2,25.48,0.76,1.0,<Residue THR het=  resseq=56 icode= >,1z91_A_A,2.5
415,0.266,VAL, ,N,30.49,2.11,1.0,<Residue VAL het=  resseq=57 icode= >,1z91_A_A,2.5
416,0.0,VAL, ,CA,26.12,2.18,1.0,<Residue VAL het=  resseq=57 icode= >,1z91_A_A,2.5
417,0.0,VAL, ,C,29.09,2.84,1.0,<Residue VAL het=  resseq=57 icode= >,1z91_A_A,2.5
418,1.437,VAL, ,O,29.84,1.65,1.0,<Residue VAL het=  resseq=57 icode= >,1z91_A_A,2.5
419,8.288,VAL, ,CB,24.9,1.87,1.0,<Residue VAL het=  resseq=57 icode= >,1z91_A_A,2.5
420,29.73,VAL, ,CG1,26.45,0.91,1.0,<Residue VAL het=  resseq=57 icode= >,1z91_A_A,2.5
421,5.641,VAL, ,CG2,30.62,0.87,1.0,<Residue VAL het=  resseq=57 icode= >,1z91_A_A,2.5
422,3.061,LYS, ,N,33.08,1.59,1.0,<Residue LYS het=  resseq=58 icode= >,1z91_A_A,2.5
423,10.736,LYS, ,CA,30.79,2.22,1.0,<Residue LYS het=  resseq=58 icode= >,1z91_A_A,2.5
424,0.0,LYS, ,C,31.94,2.55,1.0,<Residue LYS het=  resseq=58 icode= >,1z91_A_A,2.5
425,3.636,LYS, ,O,37.93,1.39,1.0,<Residue LYS het=  resseq=58 icode= >,1z91_A_A,2.5
426,14.068,LYS, ,CB,33.75,1.53,1.0,<Residue LYS het=  resseq=58 icode= >,1z91_A_A,2.5
427,7.162,LYS, ,CG,41.36,1.49,1.0,<Residue LYS het=  resseq=58 icode= >,1z91_A_A,2.5
428,33.53,LYS, ,CD,46.82,0.96,1.0,<Residue LYS het=  resseq=58 icode= >,1z91_A_A,2.5
429,42.012,LYS, ,CE,52.65,0.62,1.0,<Residue LYS het=  resseq=58 icode= >,1z91_A_A,2.5
430,26.917,LYS, ,NZ,55.37,0.68,1.0,<Residue LYS het=  resseq=58 icode= >,1z91_A_A,2.5
431,0.0,LYS, ,N,28.04,2.44,1.0,<Residue LYS het=  resseq=59 icode= >,1z91_A_A,2.5
432,0.0,LYS, ,CA,27.03,2.72,1.0,<Residue LYS het=  resseq=59 icode= >,1z91_A_A,2.5
433,0.0,LYS, ,C,32.09,2.75,1.0,<Residue LYS het=  resseq=59 icode= >,1z91_A_A,2.5
434,0.0,LYS, ,O,35.45,1.51,1.0,<Residue LYS het=  resseq=59 icode= >,1z91_A_A,2.5
435,0.0,LYS, ,CB,28.28,2.39,1.0,<Residue LYS het=  resseq=59 icode= >,1z91_A_A,2.5
436,0.582,LYS, ,CG,40.62,1.04,1.0,<Residue LYS het=  resseq=59 icode= >,1z91_A_A,2.5
437,14.555,LYS, ,CD,42.23,0.79,1.0,<Residue LYS het=  resseq=59 icode= >,1z91_A_A,2.5
438,46.545,LYS, ,CE,42.38,1.46,1.0,<Residue LYS het=  resseq=59 icode= >,1z91_A_A,2.5
439,30.966,LYS, ,NZ,49.9,1.35,1.0,<Residue LYS het=  resseq=59 icode= >,1z91_A_A,2.5
440,0.0,MET, ,N,29.44,2.24,1.0,<Residue MET het=  resseq=60 icode= >,1z91_A_A,2.5
441,0.0,MET, ,CA,32.56,2.54,1.0,<Residue MET het=  resseq=60 icode= >,1z91_A_A,2.5
442,0.0,MET, ,C,31.04,2.85,1.0,<Residue MET het=  resseq=60 icode= >,1z91_A_A,2.5
443,0.0,MET, ,O,32.93,1.75,1.0,<Residue MET het=  resseq=60 icode= >,1z91_A_A,2.5
444,0.0,MET, ,CB,39.17,0.80,1.0,<Residue MET het=  resseq=60 icode= >,1z91_A_A,2.5
445,0.184,MET, ,CG,49.1,0.78,1.0,<Residue MET het=  resseq=60 icode= >,1z91_A_A,2.5
446,0.0,MET, ,SD,52.03,2.78,1.0,<Residue MET het=  resseq=60 icode= >,1z91_A_A,2.5
447,0.0,MET, ,CE,54.31,0.97,1.0,<Residue MET het=  resseq=60 icode= >,1z91_A_A,2.5
448,0.0,GLY, ,N,31.78,2.37,1.0,<Residue GLY het=  resseq=61 icode= >,1z91_A_A,2.5
449,3.194,GLY, ,CA,30.96,2.02,1.0,<Residue GLY het=  resseq=61 icode= >,1z91_A_A,2.5
450,3.668,GLY, ,C,38.89,2.44,1.0,<Residue GLY het=  resseq=61 icode= >,1z91_A_A,2.5
451,2.84,GLY, ,O,43.02,1.14,1.0,<Residue GLY het=  resseq=61 icode= >,1z91_A_A,2.5
452,1.273,GLU, ,N,36.7,2.38,1.0,<Residue GLU het=  resseq=62 icode= >,1z91_A_A,2.5
453,10.203,GLU, ,CA,39.49,1.64,1.0,<Residue GLU het=  resseq=62 icode= >,1z91_A_A,2.5
454,0.837,GLU, ,C,38.41,2.67,1.0,<Residue GLU het=  resseq=62 icode= >,1z91_A_A,2.5
455,9.819,GLU, ,O,41.66,1.53,1.0,<Residue GLU het=  resseq=62 icode= >,1z91_A_A,2.5
456,0.163,GLU, ,CB,43.71,0.93,1.0,<Residue GLU het=  resseq=62 icode= >,1z91_A_A,2.5
457,32.098,GLU, ,CG,42.95,1.71,1.0,<Residue GLU het=  resseq=62 icode= >,1z91_A_A,2.5
458,8.347,GLU, ,CD,49.06,2.35,1.0,<Residue GLU het=  resseq=62 icode= >,1z91_A_A,2.5
459,14.774,GLU, ,OE1,47.52,1.36,1.0,<Residue GLU het=  resseq=62 icode= >,1z91_A_A,2.5
460,19.806,GLU, ,OE2,53.98,1.04,1.0,<Residue GLU het=  resseq=62 icode= >,1z91_A_A,2.5
461,0.0,GLN, ,N,38.2,2.36,1.0,<Residue GLN het=  resseq=63 icode= >,1z91_A_A,2.5
462,5.581,GLN, ,CA,37.91,2.17,1.0,<Residue GLN het=  resseq=63 icode= >,1z91_A_A,2.5
463,3.608,GLN, ,C,37.88,3.14,1.0,<Residue GLN het=  resseq=63 icode= >,1z91_A_A,2.5
464,1.855,GLN, ,O,41.98,1.56,1.0,<Residue GLN het=  resseq=63 icode= >,1z91_A_A,2.5
465,23.248,GLN, ,CB,38.66,0.95,1.0,<Residue GLN het=  resseq=63 icode= >,1z91_A_A,2.5
466,0.52,GLN, ,CG,37.07,1.34,1.0,<Residue GLN het=  resseq=63 icode= >,1z91_A_A,2.5
467,3.394,GLN, ,CD,39.51,2.64,1.0,<Residue GLN het=  resseq=63 icode= >,1z91_A_A,2.5
468,4.262,GLN, ,OE1,46.47,1.12,1.0,<Residue GLN het=  resseq=63 icode= >,1z91_A_A,2.5
469,42.938,GLN, ,NE2,43.31,1.45,1.0,<Residue GLN het=  resseq=63 icode= >,1z91_A_A,2.5
470,0.497,LEU, ,N,38.7,2.00,1.0,<Residue LEU het=  resseq=64 icode= >,1z91_A_A,2.5
471,6.971,LEU, ,CA,33.19,2.23,1.0,<Residue LEU het=  resseq=64 icode= >,1z91_A_A,2.5
472,0.179,LEU, ,C,32.54,2.86,1.0,<Residue LEU het=  resseq=64 icode= >,1z91_A_A,2.5
473,11.673,LEU, ,O,37.25,2.17,1.0,<Residue LEU het=  resseq=64 icode= >,1z91_A_A,2.5
474,0.0,LEU, ,CB,31.91,1.30,1.0,<Residue LEU het=  resseq=64 icode= >,1z91_A_A,2.5
475,0.011,LEU, ,CG,25.31,2.24,1.0,<Residue LEU het=  resseq=64 icode= >,1z91_A_A,2.5
476,12.796,LEU, ,CD1,25.02,1.38,1.0,<Residue LEU het=  resseq=64 icode= >,1z91_A_A,2.5
477,0.075,LEU, ,CD2,16.91,1.83,1.0,<Residue LEU het=  resseq=64 icode= >,1z91_A_A,2.5
478,0.0,TYR, ,N,36.8,1.71,1.0,<Residue TYR het=  resseq=65 icode= >,1z91_A_A,2.5
479,7.623,TYR, ,CA,40.49,1.19,1.0,<Residue TYR het=  resseq=65 icode= >,1z91_A_A,2.5
480,3.85,TYR, ,C,39.46,2.39,1.0,<Residue TYR het=  resseq=65 icode= >,1z91_A_A,2.5
481,19.659,TYR, ,O,40.69,2.30,1.0,<Residue TYR het=  resseq=65 icode= >,1z91_A_A,2.5
482,21.893,TYR, ,CB,43.6,0.53,1.0,<Residue TYR het=  resseq=65 icode= >,1z91_A_A,2.5
483,2.574,TYR, ,CG,36.38,1.82,1.0,<Residue TYR het=  resseq=65 icode= >,1z91_A_A,2.5
484,11.498,TYR, ,CD1,37.82,1.82,1.0,<Residue TYR het=  resseq=65 icode= >,1z91_A_A,2.5
485,26.52,TYR, ,CD2,38.35,1.72,1.0,<Residue TYR het=  resseq=65 icode= >,1z91_A_A,2.5
486,19.355,TYR, ,CE1,37.75,1.51,1.0,<Residue TYR het=  resseq=65 icode= >,1z91_A_A,2.5
487,29.534,TYR, ,CE2,38.99,1.03,1.0,<Residue TYR het=  resseq=65 icode= >,1z91_A_A,2.5
488,4.715,TYR, ,CZ,39.2,2.07,1.0,<Residue TYR het=  resseq=65 icode= >,1z91_A_A,2.5
489,4.975,TYR, ,OH,33.17,1.56,1.0,<Residue TYR het=  resseq=65 icode= >,1z91_A_A,2.5
490,0.671,LEU, ,N,40.88,1.77,1.0,<Residue LEU het=  resseq=66 icode= >,1z91_A_A,2.5
491,0.479,LEU, ,CA,42.62,1.31,1.0,<Residue LEU het=  resseq=66 icode= >,1z91_A_A,2.5
492,2.753,LEU, ,C,45.2,1.84,1.0,<Residue LEU het=  resseq=66 icode= >,1z91_A_A,2.5
493,8.931,LEU, ,O,41.77,2.08,1.0,<Residue LEU het=  resseq=66 icode= >,1z91_A_A,2.5
494,0.0,LEU, ,CB,38.33,1.60,1.0,<Residue LEU het=  resseq=66 icode= >,1z91_A_A,2.5
495,0.533,LEU, ,CG,38.96,2.35,1.0,<Residue LEU het=  resseq=66 icode= >,1z91_A_A,2.5
496,0.781,LEU, ,CD1,31.04,1.24,1.0,<Residue LEU het=  resseq=66 icode= >,1z91_A_A,2.5
497,29.381,LEU, ,CD2,34.61,1.33,1.0,<Residue LEU het=  resseq=66 icode= >,1z91_A_A,2.5
498,3.496,ASP, ,N,48.49,1.43,1.0,<Residue ASP het=  resseq=67 icode= >,1z91_A_A,2.5
499,8.62,ASP, ,CA,53.97,1.36,1.0,<Residue ASP het=  resseq=67 icode= >,1z91_A_A,2.5
500,0.0,ASP, ,C,57.12,1.37,1.0,<Residue ASP het=  resseq=67 icode= >,1z91_A_A,2.5
501,0.0,ASP, ,O,54.76,1.72,1.0,<Residue ASP het=  resseq=67 icode= >,1z91_A_A,2.5
502,34.555,ASP, ,CB,54.23,1.14,1.0,<Residue ASP het=  resseq=67 icode= >,1z91_A_A,2.5
503,8.022,ASP, ,CG,56.97,2.27,1.0,<Residue ASP het=  resseq=67 icode= >,1z91_A_A,2.5
504,2.743,ASP, ,OD1,48.45,1.87,1.0,<Residue ASP het=  resseq=67 icode= >,1z91_A_A,2.5
505,30.184,ASP, ,OD2,58.6,1.32,1.0,<Residue ASP het=  resseq=67 icode= >,1z91_A_A,2.5
506,8.257,SER, ,N,57.28,1.84,1.0,<Residue SER het=  resseq=68 icode= >,1z91_A_A,2.5
507,0.879,SER, ,CA,61.02,1.90,1.0,<Residue SER het=  resseq=68 icode= >,1z91_A_A,2.5
508,0.878,SER, ,C,63.47,1.76,1.0,<Residue SER het=  resseq=68 icode= >,1z91_A_A,2.5
509,2.592,SER, ,O,61.03,1.50,1.0,<Residue SER het=  resseq=68 icode= >,1z91_A_A,2.5
510,46.131,SER, ,CB,61.96,1.31,1.0,<Residue SER het=  resseq=68 icode= >,1z91_A_A,2.5
511,28.145,SER, ,OG,64.68,0.57,1.0,<Residue SER het=  resseq=68 icode= >,1z91_A_A,2.5
512,4.248,GLY, ,N,65.14,1.16,1.0,<Residue GLY het=  resseq=69 icode= >,1z91_A_A,2.5
513,35.189,GLY, ,CA,64.1,0.56,1.0,<Residue GLY het=  resseq=69 icode= >,1z91_A_A,2.5
514,1.564,GLY, ,C,61.3,1.67,1.0,<Residue GLY het=  resseq=69 icode= >,1z91_A_A,2.5
515,12.545,GLY, ,O,58.89,1.21,1.0,<Residue GLY het=  resseq=69 icode= >,1z91_A_A,2.5
516,0.0,THR, ,N,60.55,1.31,1.0,<Residue THR het=  resseq=70 icode= >,1z91_A_A,2.5
517,4.758,THR, ,CA,57.74,1.60,1.0,<Residue THR het=  resseq=70 icode= >,1z91_A_A,2.5
518,0.17,THR, ,C,53.84,2.37,1.0,<Residue THR het=  resseq=70 icode= >,1z91_A_A,2.5
519,4.376,THR, ,O,58.48,1.28,1.0,<Residue THR het=  resseq=70 icode= >,1z91_A_A,2.5
520,14.317,THR, ,CB,57.05,1.91,1.0,<Residue THR het=  resseq=70 icode= >,1z91_A_A,2.5
521,0.491,THR, ,OG1,62.81,1.11,1.0,<Residue THR het=  resseq=70 icode= >,1z91_A_A,2.5
522,46.322,THR, ,CG2,62.18,0.22,1.0,<Residue THR het=  resseq=70 icode= >,1z91_A_A,2.5
523,0.0,LEU, ,N,51.49,2.02,1.0,<Residue LEU het=  resseq=71 icode= >,1z91_A_A,2.5
524,0.0,LEU, ,CA,48.22,1.95,1.0,<Residue LEU het=  resseq=71 icode= >,1z91_A_A,2.5
525,0.0,LEU, ,C,47.99,2.08,1.0,<Residue LEU het=  resseq=71 icode= >,1z91_A_A,2.5
526,0.0,LEU, ,O,46.69,1.91,1.0,<Residue LEU het=  resseq=71 icode= >,1z91_A_A,2.5
527,1.494,LEU, ,CB,42.6,2.21,1.0,<Residue LEU het=  resseq=71 icode= >,1z91_A_A,2.5
528,0.0,LEU, ,CG,40.71,2.13,1.0,<Residue LEU het=  resseq=71 icode= >,1z91_A_A,2.5
529,8.353,LEU, ,CD1,28.26,1.03,1.0,<Residue LEU het=  resseq=71 icode= >,1z91_A_A,2.5
530,0.363,LEU, ,CD2,36.72,1.52,1.0,<Residue LEU het=  resseq=71 icode= >,1z91_A_A,2.5
531,0.061,THR, ,N,47.1,1.90,1.0,<Residue THR het=  resseq=72 icode= >,1z91_A_A,2.5
532,1.082,THR, ,CA,47.83,2.39,1.0,<Residue THR het=  resseq=72 icode= >,1z91_A_A,2.5
533,0.0,THR, ,C,47.6,3.01,1.0,<Residue THR het=  resseq=72 icode= >,1z91_A_A,2.5
534,0.0,THR, ,O,49.05,1.86,1.0,<Residue THR het=  resseq=72 icode= >,1z91_A_A,2.5
535,6.046,THR, ,CB,49.82,2.15,1.0,<Residue THR het=  resseq=72 icode= >,1z91_A_A,2.5
536,16.234,THR, ,OG1,48.58,1.68,1.0,<Residue THR het=  resseq=72 icode= >,1z91_A_A,2.5
537,31.049,THR, ,CG2,50.7,0.40,1.0,<Residue THR het=  resseq=72 icode= >,1z91_A_A,2.5
538,0.0,PRO, ,N,49.07,2.65,1.0,<Residue PRO het=  resseq=73 icode= >,1z91_A_A,2.5
539,5.416,PRO, ,CA,47.82,1.49,1.0,<Residue PRO het=  resseq=73 icode= >,1z91_A_A,2.5
540,0.0,PRO, ,C,47.85,2.12,1.0,<Residue PRO het=  resseq=73 icode= >,1z91_A_A,2.5
541,0.076,PRO, ,O,48.32,1.67,1.0,<Residue PRO het=  resseq=73 icode= >,1z91_A_A,2.5
542,11.788,PRO, ,CB,47.61,0.87,1.0,<Residue PRO het=  resseq=73 icode= >,1z91_A_A,2.5
543,32.492,PRO, ,CG,50.19,0.86,1.0,<Residue PRO het=  resseq=73 icode= >,1z91_A_A,2.5
544,0.999,PRO, ,CD,50.17,1.54,1.0,<Residue PRO het=  resseq=73 icode= >,1z91_A_A,2.5
545,0.593,MET, ,N,47.21,1.11,1.0,<Residue MET het=  resseq=74 icode= >,1z91_A_A,2.5
546,0.0,MET, ,CA,43.24,2.28,1.0,<Residue MET het=  resseq=74 icode= >,1z91_A_A,2.5
547,0.0,MET, ,C,40.81,2.30,1.0,<Residue MET het=  resseq=74 icode= >,1z91_A_A,2.5
548,0.0,MET, ,O,44.49,1.39,1.0,<Residue MET het=  resseq=74 icode= >,1z91_A_A,2.5
549,1.463,MET, ,CB,38.97,1.55,1.0,<Residue MET het=  resseq=74 icode= >,1z91_A_A,2.5
550,3.222,MET, ,CG,39.12,1.99,1.0,<Residue MET het=  resseq=74 icode= >,1z91_A_A,2.5
551,0.0,MET, ,SD,42.35,3.27,1.0,<Residue MET het=  resseq=74 icode= >,1z91_A_A,2.5
552,0.179,MET, ,CE,46.57,0.47,1.0,<Residue MET het=  resseq=74 icode= >,1z91_A_A,2.5
553,0.0,LEU, ,N,39.19,1.83,1.0,<Residue LEU het=  resseq=75 icode= >,1z91_A_A,2.5
554,0.0,LEU, ,CA,40.12,1.69,1.0,<Residue LEU het=  resseq=75 icode= >,1z91_A_A,2.5
555,0.0,LEU, ,C,42.71,2.77,1.0,<Residue LEU het=  resseq=75 icode= >,1z91_A_A,2.5
556,0.0,LEU, ,O,44.79,2.06,1.0,<Residue LEU het=  resseq=75 icode= >,1z91_A_A,2.5
557,0.0,LEU, ,CB,34.6,1.85,1.0,<Residue LEU het=  resseq=75 icode= >,1z91_A_A,2.5
558,0.0,LEU, ,CG,31.27,1.99,1.0,<Residue LEU het=  resseq=75 icode= >,1z91_A_A,2.5
559,0.144,LEU, ,CD1,30.26,1.18,1.0,<Residue LEU het=  resseq=75 icode= >,1z91_A_A,2.5
560,2.385,LEU, ,CD2,22.65,1.31,1.0,<Residue LEU het=  resseq=75 icode= >,1z91_A_A,2.5
561,0.0,LYS, ,N,41.48,2.25,1.0,<Residue LYS het=  resseq=76 icode= >,1z91_A_A,2.5
562,0.352,LYS, ,CA,43.67,1.95,1.0,<Residue LYS het=  resseq=76 icode= >,1z91_A_A,2.5
563,0.0,LYS, ,C,42.56,2.56,1.0,<Residue LYS het=  resseq=76 icode= >,1z91_A_A,2.5
564,0.79,LYS, ,O,41.96,1.31,1.0,<Residue LYS het=  resseq=76 icode= >,1z91_A_A,2.5
565,4.801,LYS, ,CB,49.19,0.78,1.0,<Residue LYS het=  resseq=76 icode= >,1z91_A_A,2.5
566,23.08,LYS, ,CG,60.73,0.49,1.0,<Residue LYS het=  resseq=76 icode= >,1z91_A_A,2.5
567,0.991,LYS, ,CD,68.78,-0.10,1.0,<Residue LYS het=  resseq=76 icode= >,1z91_A_A,2.5
568,41.561,LYS, ,CE,65.87,0.60,1.0,<Residue LYS het=  resseq=76 icode= >,1z91_A_A,2.5
569,24.954,LYS, ,NZ,70.09,0.24,1.0,<Residue LYS het=  resseq=76 icode= >,1z91_A_A,2.5
570,0.0,ARG, ,N,36.35,2.14,1.0,<Residue ARG het=  resseq=77 icode= >,1z91_A_A,2.5
571,0.393,ARG, ,CA,38.87,2.33,1.0,<Residue ARG het=  resseq=77 icode= >,1z91_A_A,2.5
572,0.0,ARG, ,C,40.21,2.38,1.0,<Residue ARG het=  resseq=77 icode= >,1z91_A_A,2.5
573,0.277,ARG, ,O,33.9,2.15,1.0,<Residue ARG het=  resseq=77 icode= >,1z91_A_A,2.5
574,5.356,ARG, ,CB,47.75,0.86,1.0,<Residue ARG het=  resseq=77 icode= >,1z91_A_A,2.5
575,15.818,ARG, ,CG,55.05,0.31,1.0,<Residue ARG het=  resseq=77 icode= >,1z91_A_A,2.5
576,16.741,ARG, ,CD,62.08,0.30,1.0,<Residue ARG het=  resseq=77 icode= >,1z91_A_A,2.5
577,10.719,ARG, ,NE,66.74,0.61,1.0,<Residue ARG het=  resseq=77 icode= >,1z91_A_A,2.5
578,4.13,ARG, ,CZ,70.38,1.03,1.0,<Residue ARG het=  resseq=77 icode= >,1z91_A_A,2.5
579,26.078,ARG, ,NH1,73.43,0.18,1.0,<Residue ARG het=  resseq=77 icode= >,1z91_A_A,2.5
580,39.93,ARG, ,NH2,69.36,0.59,1.0,<Residue ARG het=  resseq=77 icode= >,1z91_A_A,2.5
581,0.0,MET, ,N,34.55,2.22,1.0,<Residue MET het=  resseq=78 icode= >,1z91_A_A,2.5
582,0.0,MET, ,CA,30.44,2.58,1.0,<Residue MET het=  resseq=78 icode= >,1z91_A_A,2.5
583,0.0,MET, ,C,35.02,3.42,1.0,<Residue MET het=  resseq=78 icode= >,1z91_A_A,2.5
584,0.0,MET, ,O,38.89,2.66,1.0,<Residue MET het=  resseq=78 icode= >,1z91_A_A,2.5
585,0.0,MET, ,CB,34.41,1.31,1.0,<Residue MET het=  resseq=78 icode= >,1z91_A_A,2.5
586,0.0,MET, ,CG,39.76,0.75,1.0,<Residue MET het=  resseq=78 icode= >,1z91_A_A,2.5
587,0.0,MET, ,SD,45.76,2.99,1.0,<Residue MET het=  resseq=78 icode= >,1z91_A_A,2.5
588,0.0,MET, ,CE,32.24,1.84,1.0,<Residue MET het=  resseq=78 icode= >,1z91_A_A,2.5
589,0.0,GLU, ,N,35.18,1.88,1.0,<Residue GLU het=  resseq=79 icode= >,1z91_A_A,2.5
590,0.057,GLU, ,CA,36.15,2.41,1.0,<Residue GLU het=  resseq=79 icode= >,1z91_A_A,2.5
591,1.281,GLU, ,C,37.3,2.82,1.0,<Residue GLU het=  resseq=79 icode= >,1z91_A_A,2.5
592,12.586,GLU, ,O,46.36,0.83,1.0,<Residue GLU het=  resseq=79 icode= >,1z91_A_A,2.5
593,11.123,GLU, ,CB,31.72,1.92,1.0,<Residue GLU het=  resseq=79 icode= >,1z91_A_A,2.5
594,0.008,GLU, ,CG,33.76,1.79,1.0,<Residue GLU het=  resseq=79 icode= >,1z91_A_A,2.5
595,4.483,GLU, ,CD,36.67,2.83,1.0,<Residue GLU het=  resseq=79 icode= >,1z91_A_A,2.5
596,27.269,GLU, ,OE1,40.04,1.90,1.0,<Residue GLU het=  resseq=79 icode= >,1z91_A_A,2.5
597,4.125,GLU, ,OE2,42.01,1.43,1.0,<Residue GLU het=  resseq=79 icode= >,1z91_A_A,2.5
598,0.126,GLN, ,N,39.72,1.87,1.0,<Residue GLN het=  resseq=80 icode= >,1z91_A_A,2.5
599,11.094,GLN, ,CA,39.81,1.11,1.0,<Residue GLN het=  resseq=80 icode= >,1z91_A_A,2.5
600,1.992,GLN, ,C,42.21,1.92,1.0,<Residue GLN het=  resseq=80 icode= >,1z91_A_A,2.5
601,26.435,GLN, ,O,40.36,1.91,1.0,<Residue GLN het=  resseq=80 icode= >,1z91_A_A,2.5
602,15.974,GLN, ,CB,25.84,2.57,1.0,<Residue GLN het=  resseq=80 icode= >,1z91_A_A,2.5
603,15.231,GLN, ,CG,29.36,1.85,1.0,<Residue GLN het=  resseq=80 icode= >,1z91_A_A,2.5
604,5.064,GLN, ,CD,40.43,2.09,1.0,<Residue GLN het=  resseq=80 icode= >,1z91_A_A,2.5
605,28.069,GLN, ,OE1,46.55,1.06,1.0,<Residue GLN het=  resseq=80 icode= >,1z91_A_A,2.5
606,43.785,GLN, ,NE2,41.28,0.89,1.0,<Residue GLN het=  resseq=80 icode= >,1z91_A_A,2.5
607,0.127,GLN, ,N,42.13,1.45,1.0,<Residue GLN het=  resseq=81 icode= >,1z91_A_A,2.5
608,10.153,GLN, ,CA,44.08,1.75,1.0,<Residue GLN het=  resseq=81 icode= >,1z91_A_A,2.5
609,1.138,GLN, ,C,42.76,2.06,1.0,<Residue GLN het=  resseq=81 icode= >,1z91_A_A,2.5
610,17.76,GLN, ,O,43.14,1.59,1.0,<Residue GLN het=  resseq=81 icode= >,1z91_A_A,2.5
611,3.671,GLN, ,CB,44.66,1.63,1.0,<Residue GLN het=  resseq=81 icode= >,1z91_A_A,2.5
612,23.161,GLN, ,CG,47.93,1.73,1.0,<Residue GLN het=  resseq=81 icode= >,1z91_A_A,2.5
613,1.375,GLN, ,CD,57.19,1.27,1.0,<Residue GLN het=  resseq=81 icode= >,1z91_A_A,2.5
614,7.895,GLN, ,OE1,55.52,0.68,1.0,<Residue GLN het=  resseq=81 icode= >,1z91_A_A,2.5
615,8.305,GLN, ,NE2,54.55,0.72,1.0,<Residue GLN het=  resseq=81 icode= >,1z91_A_A,2.5
616,0.0,GLY, ,N,40.36,1.55,1.0,<Residue GLY het=  resseq=82 icode= >,1z91_A_A,2.5
617,22.855,GLY, ,CA,39.03,1.76,1.0,<Residue GLY het=  resseq=82 icode= >,1z91_A_A,2.5
618,0.0,GLY, ,C,36.07,3.22,1.0,<Residue GLY het=  resseq=82 icode= >,1z91_A_A,2.5
619,1.279,GLY, ,O,37.89,1.99,1.0,<Residue GLY het=  resseq=82 icode= >,1z91_A_A,2.5
620,0.0,LEU, ,N,37.29,1.93,1.0,<Residue LEU het=  resseq=83 icode= >,1z91_A_A,2.5
621,0.0,LEU, ,CA,39.69,2.25,1.0,<Residue LEU het=  resseq=83 icode= >,1z91_A_A,2.5
622,0.0,LEU, ,C,42.68,3.13,1.0,<Residue LEU het=  resseq=83 icode= >,1z91_A_A,2.5
623,0.0,LEU, ,O,42.85,2.08,1.0,<Residue LEU het=  resseq=83 icode= >,1z91_A_A,2.5
624,0.0,LEU, ,CB,37.85,1.66,1.0,<Residue LEU het=  resseq=83 icode= >,1z91_A_A,2.5
625,0.0,LEU, ,CG,40.84,2.05,1.0,<Residue LEU het=  resseq=83 icode= >,1z91_A_A,2.5
626,0.199,LEU, ,CD1,38.4,0.96,1.0,<Residue LEU het=  resseq=83 icode= >,1z91_A_A,2.5
627,3.331,LEU, ,CD2,38.91,1.38,1.0,<Residue LEU het=  resseq=83 icode= >,1z91_A_A,2.5
628,0.0,ILE, ,N,43.67,1.78,1.0,<Residue ILE het=  resseq=84 icode= >,1z91_A_A,2.5
629,0.0,ILE, ,CA,38.57,2.23,1.0,<Residue ILE het=  resseq=84 icode= >,1z91_A_A,2.5
630,0.0,ILE, ,C,42.22,2.28,1.0,<Residue ILE het=  resseq=84 icode= >,1z91_A_A,2.5
631,4.911,ILE, ,O,36.51,1.88,1.0,<Residue ILE het=  resseq=84 icode= >,1z91_A_A,2.5
632,0.0,ILE, ,CB,34.7,1.80,1.0,<Residue ILE het=  resseq=84 icode= >,1z91_A_A,2.5
633,0.0,ILE, ,CG1,26.66,2.44,1.0,<Residue ILE het=  resseq=84 icode= >,1z91_A_A,2.5
634,0.0,ILE, ,CG2,37.57,0.77,1.0,<Residue ILE het=  resseq=84 icode= >,1z91_A_A,2.5
635,0.0,ILE, ,CD1,23.08,1.48,1.0,<Residue ILE het=  resseq=84 icode= >,1z91_A_A,2.5
636,0.0,THR, ,N,46.03,1.48,1.0,<Residue THR het=  resseq=85 icode= >,1z91_A_A,2.5
637,0.365,THR, ,CA,44.22,1.98,1.0,<Residue THR het=  resseq=85 icode= >,1z91_A_A,2.5
638,0.0,THR, ,C,42.86,3.02,1.0,<Residue THR het=  resseq=85 icode= >,1z91_A_A,2.5
639,0.837,THR, ,O,44.68,1.76,1.0,<Residue THR het=  resseq=85 icode= >,1z91_A_A,2.5
640,6.277,THR, ,CB,43.61,1.96,1.0,<Residue THR het=  resseq=85 icode= >,1z91_A_A,2.5
641,10.785,THR, ,OG1,52.52,0.32,1.0,<Residue THR het=  resseq=85 icode= >,1z91_A_A,2.5
642,52.375,THR, ,CG2,43.77,0.40,1.0,<Residue THR het=  resseq=85 icode= >,1z91_A_A,2.5
643,0.981,ARG, ,N,47.61,1.65,1.0,<Residue ARG het=  resseq=86 icode= >,1z91_A_A,2.5
644,0.0,ARG, ,CA,44.31,2.20,1.0,<Residue ARG het=  resseq=86 icode= >,1z91_A_A,2.5
645,1.862,ARG, ,C,43.68,2.62,1.0,<Residue ARG het=  resseq=86 icode= >,1z91_A_A,2.5
646,11.623,ARG, ,O,46.57,1.70,1.0,<Residue ARG het=  resseq=86 icode= >,1z91_A_A,2.5
647,14.922,ARG, ,CB,42.39,1.91,1.0,<Residue ARG het=  resseq=86 icode= >,1z91_A_A,2.5
648,0.0,ARG, ,CG,40.24,1.45,1.0,<Residue ARG het=  resseq=86 icode= >,1z91_A_A,2.5
649,11.936,ARG, ,CD,46.09,1.25,1.0,<Residue ARG het=  resseq=86 icode= >,1z91_A_A,2.5
650,0.0,ARG, ,NE,45.12,2.20,1.0,<Residue ARG het=  resseq=86 icode= >,1z91_A_A,2.5
651,0.799,ARG, ,CZ,54.78,1.64,1.0,<Residue ARG het=  resseq=86 icode= >,1z91_A_A,2.5
652,32.561,ARG, ,NH1,61.32,0.01,1.0,<Residue ARG het=  resseq=86 icode= >,1z91_A_A,2.5
653,2.334,ARG, ,NH2,60.56,0.21,1.0,<Residue ARG het=  resseq=86 icode= >,1z91_A_A,2.5
654,0.73,LYS, ,N,42.81,1.82,1.0,<Residue LYS het=  resseq=87 icode= >,1z91_A_A,2.5
655,9.462,LYS, ,CA,42.72,2.26,1.0,<Residue LYS het=  resseq=87 icode= >,1z91_A_A,2.5
656,0.032,LYS, ,C,41.06,2.92,1.0,<Residue LYS het=  resseq=87 icode= >,1z91_A_A,2.5
657,0.0,LYS, ,O,44.56,1.93,1.0,<Residue LYS het=  resseq=87 icode= >,1z91_A_A,2.5
658,4.128,LYS, ,CB,40.18,1.17,1.0,<Residue LYS het=  resseq=87 icode= >,1z91_A_A,2.5
659,14.615,LYS, ,CG,43.56,0.90,1.0,<Residue LYS het=  resseq=87 icode= >,1z91_A_A,2.5
660,15.398,LYS, ,CD,43.14,1.05,1.0,<Residue LYS het=  resseq=87 icode= >,1z91_A_A,2.5
661,32.563,LYS, ,CE,41.68,1.22,1.0,<Residue LYS het=  resseq=87 icode= >,1z91_A_A,2.5
662,43.824,LYS, ,NZ,44.77,0.40,1.0,<Residue LYS het=  resseq=87 icode= >,1z91_A_A,2.5
663,9.006,ARG, ,N,38.47,2.00,1.0,<Residue ARG het=  resseq=88 icode= >,1z91_A_A,2.5
664,0.663,ARG, ,CA,32.01,2.43,1.0,<Residue ARG het=  resseq=88 icode= >,1z91_A_A,2.5
665,0.0,ARG, ,C,28.36,4.12,1.0,<Residue ARG het=  resseq=88 icode= >,1z91_A_A,2.5
666,0.875,ARG, ,O,28.98,2.89,1.0,<Residue ARG het=  resseq=88 icode= >,1z91_A_A,2.5
667,17.894,ARG, ,CB,43.72,0.84,1.0,<Residue ARG het=  resseq=88 icode= >,1z91_A_A,2.5
668,3.142,ARG, ,CG,54.96,0.65,1.0,<Residue ARG het=  resseq=88 icode= >,1z91_A_A,2.5
669,13.764,ARG, ,CD,61.78,0.53,1.0,<Residue ARG het=  resseq=88 icode= >,1z91_A_A,2.5
670,0.027,ARG, ,NE,70.01,0.72,1.0,<Residue ARG het=  resseq=88 icode= >,1z91_A_A,2.5
671,5.461,ARG, ,CZ,74.41,0.33,1.0,<Residue ARG het=  resseq=88 icode= >,1z91_A_A,2.5
672,44.742,ARG, ,NH1,75.48,0.21,1.0,<Residue ARG het=  resseq=88 icode= >,1z91_A_A,2.5
673,55.121,ARG, ,NH2,73.24,0.41,1.0,<Residue ARG het=  resseq=88 icode= >,1z91_A_A,2.5
674,0.0,SER, ,N,30.46,2.02,1.0,<Residue SER het=  resseq=89 icode= >,1z91_A_A,2.5
675,0.433,SER, ,CA,23.84,2.25,1.0,<Residue SER het=  resseq=89 icode= >,1z91_A_A,2.5
676,0.095,SER, ,C,25.9,3.53,1.0,<Residue SER het=  resseq=89 icode= >,1z91_A_A,2.5
677,0.111,SER, ,O,31.27,2.59,1.0,<Residue SER het=  resseq=89 icode= >,1z91_A_A,2.5
678,0.155,SER, ,CB,23.28,1.76,1.0,<Residue SER het=  resseq=89 icode= >,1z91_A_A,2.5
679,6.308,SER, ,OG,30.7,2.14,1.0,<Residue SER het=  resseq=89 icode= >,1z91_A_A,2.5
680,3.74,GLU, ,N,28.99,2.53,1.0,<Residue GLU het=  resseq=90 icode= >,1z91_A_A,2.5
681,0.334,GLU, ,CA,33.84,1.80,1.0,<Residue GLU het=  resseq=90 icode= >,1z91_A_A,2.5
682,1.297,GLU, ,C,31.71,2.79,1.0,<Residue GLU het=  resseq=90 icode= >,1z91_A_A,2.5
683,22.871,GLU, ,O,25.4,2.08,1.0,<Residue GLU het=  resseq=90 icode= >,1z91_A_A,2.5
684,24.556,GLU, ,CB,36.4,0.67,1.0,<Residue GLU het=  resseq=90 icode= >,1z91_A_A,2.5
685,34.393,GLU, ,CG,50.76,0.08,1.0,<Residue GLU het=  resseq=90 icode= >,1z91_A_A,2.5
686,11.111,GLU, ,CD,48.57,1.65,1.0,<Residue GLU het=  resseq=90 icode= >,1z91_A_A,2.5
687,41.807,GLU, ,OE1,47.09,1.53,1.0,<Residue GLU het=  resseq=90 icode= >,1z91_A_A,2.5
688,21.874,GLU, ,OE2,59.08,0.30,1.0,<Residue GLU het=  resseq=90 icode= >,1z91_A_A,2.5
689,2.28,GLU, ,N,34.03,1.91,1.0,<Residue GLU het=  resseq=91 icode= >,1z91_A_A,2.5
690,10.734,GLU, ,CA,33.3,1.96,1.0,<Residue GLU het=  resseq=91 icode= >,1z91_A_A,2.5
691,1.526,GLU, ,C,34.17,2.95,1.0,<Residue GLU het=  resseq=91 icode= >,1z91_A_A,2.5
692,20.717,GLU, ,O,33.08,1.94,1.0,<Residue GLU het=  resseq=91 icode= >,1z91_A_A,2.5
693,24.448,GLU, ,CB,30.59,1.25,1.0,<Residue GLU het=  resseq=91 icode= >,1z91_A_A,2.5
694,37.086,GLU, ,CG,28.42,1.02,1.0,<Residue GLU het=  resseq=91 icode= >,1z91_A_A,2.5
695,8.03,GLU, ,CD,31.12,2.57,1.0,<Residue GLU het=  resseq=91 icode= >,1z91_A_A,2.5
696,24.066,GLU, ,OE1,33.19,1.35,1.0,<Residue GLU het=  resseq=91 icode= >,1z91_A_A,2.5
697,29.407,GLU, ,OE2,24.59,2.26,1.0,<Residue GLU het=  resseq=91 icode= >,1z91_A_A,2.5
698,0.0,ASP, ,N,38.13,1.67,1.0,<Residue ASP het=  resseq=92 icode= >,1z91_A_A,2.5
699,6.317,ASP, ,CA,42.29,1.81,1.0,<Residue ASP het=  resseq=92 icode= >,1z91_A_A,2.5
700,0.0,ASP, ,C,45.88,2.18,1.0,<Residue ASP het=  resseq=92 icode= >,1z91_A_A,2.5
701,0.0,ASP, ,O,46.87,1.37,1.0,<Residue ASP het=  resseq=92 icode= >,1z91_A_A,2.5
702,2.839,ASP, ,CB,45.41,0.74,1.0,<Residue ASP het=  resseq=92 icode= >,1z91_A_A,2.5
703,4.069,ASP, ,CG,44.38,2.55,1.0,<Residue ASP het=  resseq=92 icode= >,1z91_A_A,2.5
704,17.826,ASP, ,OD1,49.87,1.18,1.0,<Residue ASP het=  resseq=92 icode= >,1z91_A_A,2.5
705,5.053,ASP, ,OD2,46.18,1.59,1.0,<Residue ASP het=  resseq=92 icode= >,1z91_A_A,2.5
706,5.045,GLU, ,N,45.0,1.65,1.0,<Residue GLU het=  resseq=93 icode= >,1z91_A_A,2.5
707,0.0,GLU, ,CA,46.82,1.29,1.0,<Residue GLU het=  resseq=93 icode= >,1z91_A_A,2.5
708,0.979,GLU, ,C,45.21,2.01,1.0,<Residue GLU het=  resseq=93 icode= >,1z91_A_A,2.5
709,8.91,GLU, ,O,46.65,1.10,1.0,<Residue GLU het=  resseq=93 icode= >,1z91_A_A,2.5
710,16.17,GLU, ,CB,50.84,0.76,1.0,<Residue GLU het=  resseq=93 icode= >,1z91_A_A,2.5
711,12.079,GLU, ,CG,58.39,0.83,1.0,<Residue GLU het=  resseq=93 icode= >,1z91_A_A,2.5
712,12.371,GLU, ,CD,63.37,1.35,1.0,<Residue GLU het=  resseq=93 icode= >,1z91_A_A,2.5
713,18.076,GLU, ,OE1,61.6,1.07,1.0,<Residue GLU het=  resseq=93 icode= >,1z91_A_A,2.5
714,42.082,GLU, ,OE2,61.5,1.11,1.0,<Residue GLU het=  resseq=93 icode= >,1z91_A_A,2.5
715,0.0,ARG, ,N,40.92,1.55,1.0,<Residue ARG het=  resseq=94 icode= >,1z91_A_A,2.5
716,9.337,ARG, ,CA,36.14,2.18,1.0,<Residue ARG het=  resseq=94 icode= >,1z91_A_A,2.5
717,3.741,ARG, ,C,31.17,3.06,1.0,<Residue ARG het=  resseq=94 icode= >,1z91_A_A,2.5
718,28.68,ARG, ,O,31.49,1.91,1.0,<Residue ARG het=  resseq=94 icode= >,1z91_A_A,2.5
719,9.411,ARG, ,CB,37.08,1.27,1.0,<Residue ARG het=  resseq=94 icode= >,1z91_A_A,2.5
720,25.266,ARG, ,CG,44.9,1.22,1.0,<Residue ARG het=  resseq=94 icode= >,1z91_A_A,2.5
721,33.957,ARG, ,CD,50.73,0.62,1.0,<Residue ARG het=  resseq=94 icode= >,1z91_A_A,2.5
722,9.002,ARG, ,NE,53.99,0.73,1.0,<Residue ARG het=  resseq=94 icode= >,1z91_A_A,2.5
723,4.894,ARG, ,CZ,52.83,1.34,1.0,<Residue ARG het=  resseq=94 icode= >,1z91_A_A,2.5
724,47.827,ARG, ,NH1,54.32,0.57,1.0,<Residue ARG het=  resseq=94 icode= >,1z91_A_A,2.5
725,44.072,ARG, ,NH2,54.25,0.46,1.0,<Residue ARG het=  resseq=94 icode= >,1z91_A_A,2.5
726,0.0,SER, ,N,33.07,2.18,1.0,<Residue SER het=  resseq=95 icode= >,1z91_A_A,2.5
727,5.969,SER, ,CA,27.41,2.75,1.0,<Residue SER het=  resseq=95 icode= >,1z91_A_A,2.5
728,0.0,SER, ,C,29.92,3.65,1.0,<Residue SER het=  resseq=95 icode= >,1z91_A_A,2.5
729,0.0,SER, ,O,30.63,1.98,1.0,<Residue SER het=  resseq=95 icode= >,1z91_A_A,2.5
730,22.729,SER, ,CB,23.02,2.24,1.0,<Residue SER het=  resseq=95 icode= >,1z91_A_A,2.5
731,4.829,SER, ,OG,27.73,1.64,1.0,<Residue SER het=  resseq=95 icode= >,1z91_A_A,2.5
732,2.613,VAL, ,N,27.83,2.62,1.0,<Residue VAL het=  resseq=96 icode= >,1z91_A_A,2.5
733,0.0,VAL, ,CA,22.34,2.87,1.0,<Residue VAL het=  resseq=96 icode= >,1z91_A_A,2.5
734,0.0,VAL, ,C,24.5,3.77,1.0,<Residue VAL het=  resseq=96 icode= >,1z91_A_A,2.5
735,0.0,VAL, ,O,29.4,2.03,1.0,<Residue VAL het=  resseq=96 icode= >,1z91_A_A,2.5
736,0.34,VAL, ,CB,25.94,1.81,1.0,<Residue VAL het=  resseq=96 icode= >,1z91_A_A,2.5
737,2.731,VAL, ,CG1,31.33,0.65,1.0,<Residue VAL het=  resseq=96 icode= >,1z91_A_A,2.5
738,42.308,VAL, ,CG2,21.16,1.59,1.0,<Residue VAL het=  resseq=96 icode= >,1z91_A_A,2.5
739,0.0,LEU, ,N,22.61,2.46,1.0,<Residue LEU het=  resseq=97 icode= >,1z91_A_A,2.5
740,0.0,LEU, ,CA,22.66,2.64,1.0,<Residue LEU het=  resseq=97 icode= >,1z91_A_A,2.5
741,0.109,LEU, ,C,28.76,2.89,1.0,<Residue LEU het=  resseq=97 icode= >,1z91_A_A,2.5
742,0.377,LEU, ,O,28.4,2.53,1.0,<Residue LEU het=  resseq=97 icode= >,1z91_A_A,2.5
743,1.738,LEU, ,CB,21.45,2.27,1.0,<Residue LEU het=  resseq=97 icode= >,1z91_A_A,2.5
744,0.0,LEU, ,CG,23.72,2.03,1.0,<Residue LEU het=  resseq=97 icode= >,1z91_A_A,2.5
745,33.661,LEU, ,CD1,26.37,0.80,1.0,<Residue LEU het=  resseq=97 icode= >,1z91_A_A,2.5
746,8.681,LEU, ,CD2,27.97,0.83,1.0,<Residue LEU het=  resseq=97 icode= >,1z91_A_A,2.5
747,0.0,ILE, ,N,31.84,1.69,1.0,<Residue ILE het=  resseq=98 icode= >,1z91_A_A,2.5
748,0.0,ILE, ,CA,32.24,1.62,1.0,<Residue ILE het=  resseq=98 icode= >,1z91_A_A,2.5
749,0.0,ILE, ,C,31.94,3.26,1.0,<Residue ILE het=  resseq=98 icode= >,1z91_A_A,2.5
750,0.0,ILE, ,O,34.93,2.51,1.0,<Residue ILE het=  resseq=98 icode= >,1z91_A_A,2.5
751,0.0,ILE, ,CB,30.59,1.59,1.0,<Residue ILE het=  resseq=98 icode= >,1z91_A_A,2.5
752,0.0,ILE, ,CG1,29.6,1.35,1.0,<Residue ILE het=  resseq=98 icode= >,1z91_A_A,2.5
753,0.0,ILE, ,CG2,24.81,1.18,1.0,<Residue ILE het=  resseq=98 icode= >,1z91_A_A,2.5
754,0.0,ILE, ,CD1,37.54,0.72,1.0,<Residue ILE het=  resseq=98 icode= >,1z91_A_A,2.5
755,0.046,SER, ,N,35.72,2.06,1.0,<Residue SER het=  resseq=99 icode= >,1z91_A_A,2.5
756,0.0,SER, ,CA,38.05,1.55,1.0,<Residue SER het=  resseq=99 icode= >,1z91_A_A,2.5
757,0.0,SER, ,C,32.5,3.44,1.0,<Residue SER het=  resseq=99 icode= >,1z91_A_A,2.5
758,0.0,SER, ,O,32.44,2.29,1.0,<Residue SER het=  resseq=99 icode= >,1z91_A_A,2.5
759,19.171,SER, ,CB,41.2,1.23,1.0,<Residue SER het=  resseq=99 icode= >,1z91_A_A,2.5
760,14.336,SER, ,OG,52.52,0.84,1.0,<Residue SER het=  resseq=99 icode= >,1z91_A_A,2.5
761,0.0,LEU, ,N,34.84,2.32,1.0,<Residue LEU het=  resseq=100 icode= >,1z91_A_A,2.5
762,0.0,LEU, ,CA,32.07,2.47,1.0,<Residue LEU het=  resseq=100 icode= >,1z91_A_A,2.5
763,0.38,LEU, ,C,34.13,3.54,1.0,<Residue LEU het=  resseq=100 icode= >,1z91_A_A,2.5
764,14.684,LEU, ,O,37.69,2.33,1.0,<Residue LEU het=  resseq=100 icode= >,1z91_A_A,2.5
765,0.0,LEU, ,CB,29.38,1.98,1.0,<Residue LEU het=  resseq=100 icode= >,1z91_A_A,2.5
766,0.0,LEU, ,CG,34.88,2.11,1.0,<Residue LEU het=  resseq=100 icode= >,1z91_A_A,2.5
767,0.0,LEU, ,CD1,33.16,0.30,1.0,<Residue LEU het=  resseq=100 icode= >,1z91_A_A,2.5
768,2.722,LEU, ,CD2,29.61,1.36,1.0,<Residue LEU het=  resseq=100 icode= >,1z91_A_A,2.5
769,0.0,THR, ,N,36.13,1.88,1.0,<Residue THR het=  resseq=101 icode= >,1z91_A_A,2.5
770,6.382,THR, ,CA,39.08,2.40,1.0,<Residue THR het=  resseq=101 icode= >,1z91_A_A,2.5
771,1.672,THR, ,C,40.48,3.10,1.0,<Residue THR het=  resseq=101 icode= >,1z91_A_A,2.5
772,0.027,THR, ,O,45.19,1.79,1.0,<Residue THR het=  resseq=101 icode= >,1z91_A_A,2.5
773,7.723,THR, ,CB,40.2,2.31,1.0,<Residue THR het=  resseq=101 icode= >,1z91_A_A,2.5
774,0.0,THR, ,OG1,38.86,1.92,1.0,<Residue THR het=  resseq=101 icode= >,1z91_A_A,2.5
775,19.399,THR, ,CG2,39.01,0.71,1.0,<Residue THR het=  resseq=101 icode= >,1z91_A_A,2.5
776,9.434,GLU, ,N,44.69,2.26,1.0,<Residue GLU het=  resseq=102 icode= >,1z91_A_A,2.5
777,2.843,GLU, ,CA,50.28,1.90,1.0,<Residue GLU het=  resseq=102 icode= >,1z91_A_A,2.5
778,1.505,GLU, ,C,49.46,2.88,1.0,<Residue GLU het=  resseq=102 icode= >,1z91_A_A,2.5
779,0.646,GLU, ,O,53.13,1.78,1.0,<Residue GLU het=  resseq=102 icode= >,1z91_A_A,2.5
780,25.985,GLU, ,CB,55.93,1.02,1.0,<Residue GLU het=  resseq=102 icode= >,1z91_A_A,2.5
781,18.037,GLU, ,CG,66.45,0.84,1.0,<Residue GLU het=  resseq=102 icode= >,1z91_A_A,2.5
782,13.63,GLU, ,CD,74.04,0.76,1.0,<Residue GLU het=  resseq=102 icode= >,1z91_A_A,2.5
783,38.349,GLU, ,OE1,78.37,0.24,1.0,<Residue GLU het=  resseq=102 icode= >,1z91_A_A,2.5
784,36.555,GLU, ,OE2,76.5,0.71,1.0,<Residue GLU het=  resseq=102 icode= >,1z91_A_A,2.5
785,2.1,ASP, ,N,51.63,2.19,1.0,<Residue ASP het=  resseq=103 icode= >,1z91_A_A,2.5
786,7.086,ASP, ,CA,53.47,2.00,1.0,<Residue ASP het=  resseq=103 icode= >,1z91_A_A,2.5
787,0.0,ASP, ,C,48.46,2.13,1.0,<Residue ASP het=  resseq=103 icode= >,1z91_A_A,2.5
788,2.181,ASP, ,O,52.32,0.90,1.0,<Residue ASP het=  resseq=103 icode= >,1z91_A_A,2.5
789,18.439,ASP, ,CB,62.56,1.13,1.0,<Residue ASP het=  resseq=103 icode= >,1z91_A_A,2.5
790,4.11,ASP, ,CG,69.3,1.73,1.0,<Residue ASP het=  resseq=103 icode= >,1z91_A_A,2.5
791,6.361,ASP, ,OD1,73.52,1.10,1.0,<Residue ASP het=  resseq=103 icode= >,1z91_A_A,2.5
792,39.002,ASP, ,OD2,76.77,0.41,1.0,<Residue ASP het=  resseq=103 icode= >,1z91_A_A,2.5
793,0.0,GLY, ,N,42.31,1.73,1.0,<Residue GLY het=  resseq=104 icode= >,1z91_A_A,2.5
794,0.0,GLY, ,CA,33.21,2.43,1.0,<Residue GLY het=  resseq=104 icode= >,1z91_A_A,2.5
795,0.0,GLY, ,C,29.36,3.28,1.0,<Residue GLY het=  resseq=104 icode= >,1z91_A_A,2.5
796,0.0,GLY, ,O,28.89,1.95,1.0,<Residue GLY het=  resseq=104 icode= >,1z91_A_A,2.5
797,0.0,ALA, ,N,31.32,1.73,1.0,<Residue ALA het=  resseq=105 icode= >,1z91_A_A,2.5
798,0.22,ALA, ,CA,36.4,2.07,1.0,<Residue ALA het=  resseq=105 icode= >,1z91_A_A,2.5
799,1.022,ALA, ,C,38.23,2.91,1.0,<Residue ALA het=  resseq=105 icode= >,1z91_A_A,2.5
800,9.589,ALA, ,O,40.58,2.02,1.0,<Residue ALA het=  resseq=105 icode= >,1z91_A_A,2.5
801,30.306,ALA, ,CB,38.58,0.66,1.0,<Residue ALA het=  resseq=105 icode= >,1z91_A_A,2.5
802,0.199,LEU, ,N,37.16,2.10,1.0,<Residue LEU het=  resseq=106 icode= >,1z91_A_A,2.5
803,2.794,LEU, ,CA,35.3,1.52,1.0,<Residue LEU het=  resseq=106 icode= >,1z91_A_A,2.5
804,0.946,LEU, ,C,37.2,2.42,1.0,<Residue LEU het=  resseq=106 icode= >,1z91_A_A,2.5
805,0.812,LEU, ,O,35.77,2.43,1.0,<Residue LEU het=  resseq=106 icode= >,1z91_A_A,2.5
806,4.112,LEU, ,CB,39.4,0.97,1.0,<Residue LEU het=  resseq=106 icode= >,1z91_A_A,2.5
807,9.199,LEU, ,CG,40.21,1.53,1.0,<Residue LEU het=  resseq=106 icode= >,1z91_A_A,2.5
808,52.176,LEU, ,CD1,28.99,0.84,1.0,<Residue LEU het=  resseq=106 icode= >,1z91_A_A,2.5
809,38.189,LEU, ,CD2,45.86,-0.10,1.0,<Residue LEU het=  resseq=106 icode= >,1z91_A_A,2.5
810,0.115,LEU, ,N,34.89,2.05,1.0,<Residue LEU het=  resseq=107 icode= >,1z91_A_A,2.5
811,2.825,LEU, ,CA,35.48,1.80,1.0,<Residue LEU het=  resseq=107 icode= >,1z91_A_A,2.5
812,0.0,LEU, ,C,35.98,2.28,1.0,<Residue LEU het=  resseq=107 icode= >,1z91_A_A,2.5
813,0.0,LEU, ,O,40.02,2.02,1.0,<Residue LEU het=  resseq=107 icode= >,1z91_A_A,2.5
814,0.0,LEU, ,CB,34.36,1.53,1.0,<Residue LEU het=  resseq=107 icode= >,1z91_A_A,2.5
815,10.719,LEU, ,CG,38.13,1.43,1.0,<Residue LEU het=  resseq=107 icode= >,1z91_A_A,2.5
816,4.425,LEU, ,CD1,44.78,0.30,1.0,<Residue LEU het=  resseq=107 icode= >,1z91_A_A,2.5
817,5.006,LEU, ,CD2,36.98,0.22,1.0,<Residue LEU het=  resseq=107 icode= >,1z91_A_A,2.5
818,0.0,LYS, ,N,35.97,2.07,1.0,<Residue LYS het=  resseq=108 icode= >,1z91_A_A,2.5
819,0.0,LYS, ,CA,34.93,1.98,1.0,<Residue LYS het=  resseq=108 icode= >,1z91_A_A,2.5
820,0.45,LYS, ,C,30.59,3.02,1.0,<Residue LYS het=  resseq=108 icode= >,1z91_A_A,2.5
821,0.472,LYS, ,O,25.17,2.15,1.0,<Residue LYS het=  resseq=108 icode= >,1z91_A_A,2.5
822,1.49,LYS, ,CB,34.09,1.24,1.0,<Residue LYS het=  resseq=108 icode= >,1z91_A_A,2.5
823,2.653,LYS, ,CG,32.73,1.72,1.0,<Residue LYS het=  resseq=108 icode= >,1z91_A_A,2.5
824,20.941,LYS, ,CD,38.27,1.16,1.0,<Residue LYS het=  resseq=108 icode= >,1z91_A_A,2.5
825,33.869,LYS, ,CE,44.29,0.62,1.0,<Residue LYS het=  resseq=108 icode= >,1z91_A_A,2.5
826,27.266,LYS, ,NZ,44.44,0.61,1.0,<Residue LYS het=  resseq=108 icode= >,1z91_A_A,2.5
827,0.08,GLU, ,N,35.86,1.49,1.0,<Residue GLU het=  resseq=109 icode= >,1z91_A_A,2.5
828,6.161,GLU, ,CA,38.26,1.17,1.0,<Residue GLU het=  resseq=109 icode= >,1z91_A_A,2.5
829,1.061,GLU, ,C,34.52,2.31,1.0,<Residue GLU het=  resseq=109 icode= >,1z91_A_A,2.5
830,12.554,GLU, ,O,38.56,0.66,1.0,<Residue GLU het=  resseq=109 icode= >,1z91_A_A,2.5
831,2.381,GLU, ,CB,43.66,0.42,1.0,<Residue GLU het=  resseq=109 icode= >,1z91_A_A,2.5
832,34.092,GLU, ,CG,47.33,1.04,1.0,<Residue GLU het=  resseq=109 icode= >,1z91_A_A,2.5
833,9.869,GLU, ,CD,55.99,1.37,1.0,<Residue GLU het=  resseq=109 icode= >,1z91_A_A,2.5
834,41.709,GLU, ,OE1,56.74,0.84,1.0,<Residue GLU het=  resseq=109 icode= >,1z91_A_A,2.5
835,12.342,GLU, ,OE2,61.61,0.61,1.0,<Residue GLU het=  resseq=109 icode= >,1z91_A_A,2.5
836,0.0,LYS, ,N,32.98,2.30,1.0,<Residue LYS het=  resseq=110 icode= >,1z91_A_A,2.5
837,6.936,LYS, ,CA,39.73,1.67,1.0,<Residue LYS het=  resseq=110 icode= >,1z91_A_A,2.5
838,0.491,LYS, ,C,38.54,2.03,1.0,<Residue LYS het=  resseq=110 icode= >,1z91_A_A,2.5
839,13.934,LYS, ,O,37.43,1.20,1.0,<Residue LYS het=  resseq=110 icode= >,1z91_A_A,2.5
840,14.558,LYS, ,CB,39.26,0.68,1.0,<Residue LYS het=  resseq=110 icode= >,1z91_A_A,2.5
841,0.0,LYS, ,CG,38.45,1.32,1.0,<Residue LYS het=  resseq=110 icode= >,1z91_A_A,2.5
842,23.477,LYS, ,CD,38.33,1.08,1.0,<Residue LYS het=  resseq=110 icode= >,1z91_A_A,2.5
843,25.551,LYS, ,CE,39.49,1.01,1.0,<Residue LYS het=  resseq=110 icode= >,1z91_A_A,2.5
844,48.994,LYS, ,NZ,44.03,1.54,1.0,<Residue LYS het=  resseq=110 icode= >,1z91_A_A,2.5
845,0.0,ALA, ,N,35.76,1.88,1.0,<Residue ALA het=  resseq=111 icode= >,1z91_A_A,2.5
846,0.0,ALA, ,CA,31.58,2.11,1.0,<Residue ALA het=  resseq=111 icode= >,1z91_A_A,2.5
847,1.069,ALA, ,C,31.35,2.49,1.0,<Residue ALA het=  resseq=111 icode= >,1z91_A_A,2.5
848,0.0,ALA, ,O,30.66,2.50,1.0,<Residue ALA het=  resseq=111 icode= >,1z91_A_A,2.5
849,1.51,ALA, ,CB,27.61,1.02,1.0,<Residue ALA het=  resseq=111 icode= >,1z91_A_A,2.5
850,0.0,VAL, ,N,36.19,1.58,1.0,<Residue VAL het=  resseq=112 icode= >,1z91_A_A,2.5
851,7.18,VAL, ,CA,36.37,1.84,1.0,<Residue VAL het=  resseq=112 icode= >,1z91_A_A,2.5
852,0.0,VAL, ,C,36.25,2.61,1.0,<Residue VAL het=  resseq=112 icode= >,1z91_A_A,2.5
853,13.015,VAL, ,O,34.31,2.27,1.0,<Residue VAL het=  resseq=112 icode= >,1z91_A_A,2.5
854,2.839,VAL, ,CB,41.16,1.39,1.0,<Residue VAL het=  resseq=112 icode= >,1z91_A_A,2.5
855,17.732,VAL, ,CG1,30.65,0.84,1.0,<Residue VAL het=  resseq=112 icode= >,1z91_A_A,2.5
856,49.965,VAL, ,CG2,41.94,0.72,1.0,<Residue VAL het=  resseq=112 icode= >,1z91_A_A,2.5
857,0.0,ASP, ,N,38.07,1.81,1.0,<Residue ASP het=  resseq=113 icode= >,1z91_A_A,2.5
858,3.189,ASP, ,CA,39.56,1.90,1.0,<Residue ASP het=  resseq=113 icode= >,1z91_A_A,2.5
859,0.765,ASP, ,C,37.3,2.76,1.0,<Residue ASP het=  resseq=113 icode= >,1z91_A_A,2.5
860,1.146,ASP, ,O,38.18,1.22,1.0,<Residue ASP het=  resseq=113 icode= >,1z91_A_A,2.5
861,26.508,ASP, ,CB,46.64,0.94,1.0,<Residue ASP het=  resseq=113 icode= >,1z91_A_A,2.5
862,7.928,ASP, ,CG,55.64,1.08,1.0,<Residue ASP het=  resseq=113 icode= >,1z91_A_A,2.5
863,32.267,ASP, ,OD1,48.26,1.92,1.0,<Residue ASP het=  resseq=113 icode= >,1z91_A_A,2.5
864,29.219,ASP, ,OD2,56.2,1.03,1.0,<Residue ASP het=  resseq=113 icode= >,1z91_A_A,2.5
865,0.711,ILE, ,N,32.07,2.18,1.0,<Residue ILE het=  resseq=114 icode= >,1z91_A_A,2.5
866,1.487,ILE, ,CA,32.21,2.38,1.0,<Residue ILE het=  resseq=114 icode= >,1z91_A_A,2.5
867,0.0,ILE, ,C,37.32,2.21,1.0,<Residue ILE het=  resseq=114 icode= >,1z91_A_A,2.5
868,0.0,ILE, ,O,34.81,2.19,1.0,<Residue ILE het=  resseq=114 icode= >,1z91_A_A,2.5
869,0.0,ILE, ,CB,31.59,2.26,1.0,<Residue ILE het=  resseq=114 icode= >,1z91_A_A,2.5
870,7.981,ILE, ,CG1,29.72,1.38,1.0,<Residue ILE het=  resseq=114 icode= >,1z91_A_A,2.5
871,0.334,ILE, ,CG2,25.11,1.24,1.0,<Residue ILE het=  resseq=114 icode= >,1z91_A_A,2.5
872,0.132,ILE, ,CD1,30.99,1.18,1.0,<Residue ILE het=  resseq=114 icode= >,1z91_A_A,2.5
873,0.0,PRO, ,N,35.42,2.37,1.0,<Residue PRO het=  resseq=115 icode= >,1z91_A_A,2.5
874,6.532,PRO, ,CA,35.18,2.05,1.0,<Residue PRO het=  resseq=115 icode= >,1z91_A_A,2.5
875,0.0,PRO, ,C,31.99,3.30,1.0,<Residue PRO het=  resseq=115 icode= >,1z91_A_A,2.5
876,0.018,PRO, ,O,32.91,2.03,1.0,<Residue PRO het=  resseq=115 icode= >,1z91_A_A,2.5
877,26.552,PRO, ,CB,38.67,0.79,1.0,<Residue PRO het=  resseq=115 icode= >,1z91_A_A,2.5
878,25.851,PRO, ,CG,39.56,1.68,1.0,<Residue PRO het=  resseq=115 icode= >,1z91_A_A,2.5
879,0.246,PRO, ,CD,36.17,1.85,1.0,<Residue PRO het=  resseq=115 icode= >,1z91_A_A,2.5
880,4.059,GLY, ,N,30.23,2.54,1.0,<Residue GLY het=  resseq=116 icode= >,1z91_A_A,2.5
881,34.493,GLY, ,CA,31.57,1.27,1.0,<Residue GLY het=  resseq=116 icode= >,1z91_A_A,2.5
882,4.422,GLY, ,C,33.87,2.22,1.0,<Residue GLY het=  resseq=116 icode= >,1z91_A_A,2.5
883,10.448,GLY, ,O,29.36,1.71,1.0,<Residue GLY het=  resseq=116 icode= >,1z91_A_A,2.5
884,1.828,THR, ,N,31.42,1.86,1.0,<Residue THR het=  resseq=117 icode= >,1z91_A_A,2.5
885,9.803,THR, ,CA,33.0,2.25,1.0,<Residue THR het=  resseq=117 icode= >,1z91_A_A,2.5
886,0.0,THR, ,C,30.93,2.63,1.0,<Residue THR het=  resseq=117 icode= >,1z91_A_A,2.5
887,1.74,THR, ,O,33.93,1.38,1.0,<Residue THR het=  resseq=117 icode= >,1z91_A_A,2.5
888,0.0,THR, ,CB,32.6,2.14,1.0,<Residue THR het=  resseq=117 icode= >,1z91_A_A,2.5
889,21.72,THR, ,OG1,37.05,1.38,1.0,<Residue THR het=  resseq=117 icode= >,1z91_A_A,2.5
890,24.464,THR, ,CG2,32.42,1.07,1.0,<Residue THR het=  resseq=117 icode= >,1z91_A_A,2.5
891,0.0,ILE, ,N,39.73,1.43,1.0,<Residue ILE het=  resseq=118 icode= >,1z91_A_A,2.5
892,0.0,ILE, ,CA,34.79,2.40,1.0,<Residue ILE het=  resseq=118 icode= >,1z91_A_A,2.5
893,0.0,ILE, ,C,31.58,3.03,1.0,<Residue ILE het=  resseq=118 icode= >,1z91_A_A,2.5
894,0.0,ILE, ,O,33.8,2.34,1.0,<Residue ILE het=  resseq=118 icode= >,1z91_A_A,2.5
895,1.403,ILE, ,CB,38.7,2.20,1.0,<Residue ILE het=  resseq=118 icode= >,1z91_A_A,2.5
896,0.0,ILE, ,CG1,40.35,1.06,1.0,<Residue ILE het=  resseq=118 icode= >,1z91_A_A,2.5
897,2.437,ILE, ,CG2,41.84,0.51,1.0,<Residue ILE het=  resseq=118 icode= >,1z91_A_A,2.5
898,0.132,ILE, ,CD1,45.85,0.71,1.0,<Residue ILE het=  resseq=118 icode= >,1z91_A_A,2.5
899,0.0,LEU, ,N,27.95,2.98,1.0,<Residue LEU het=  resseq=119 icode= >,1z91_A_A,2.5
900,0.0,LEU, ,CA,30.03,2.48,1.0,<Residue LEU het=  resseq=119 icode= >,1z91_A_A,2.5
901,1.17,LEU, ,C,32.79,2.64,1.0,<Residue LEU het=  resseq=119 icode= >,1z91_A_A,2.5
902,1.663,LEU, ,O,32.37,2.06,1.0,<Residue LEU het=  resseq=119 icode= >,1z91_A_A,2.5
903,9.012,LEU, ,CB,37.36,0.93,1.0,<Residue LEU het=  resseq=119 icode= >,1z91_A_A,2.5
904,3.721,LEU, ,CG,38.21,1.53,1.0,<Residue LEU het=  resseq=119 icode= >,1z91_A_A,2.5
905,31.742,LEU, ,CD1,38.6,1.02,1.0,<Residue LEU het=  resseq=119 icode= >,1z91_A_A,2.5
906,15.269,LEU, ,CD2,37.99,1.06,1.0,<Residue LEU het=  resseq=119 icode= >,1z91_A_A,2.5
907,0.163,GLY, ,N,35.24,0.92,1.0,<Residue GLY het=  resseq=120 icode= >,1z91_A_A,2.5
908,32.001,GLY, ,CA,26.55,1.80,1.0,<Residue GLY het=  resseq=120 icode= >,1z91_A_A,2.5
909,2.362,GLY, ,C,33.33,2.72,1.0,<Residue GLY het=  resseq=120 icode= >,1z91_A_A,2.5
910,9.568,GLY, ,O,35.36,1.99,1.0,<Residue GLY het=  resseq=120 icode= >,1z91_A_A,2.5
911,0.0,LEU, ,N,36.47,2.10,1.0,<Residue LEU het=  resseq=121 icode= >,1z91_A_A,2.5
912,1.039,LEU, ,CA,39.09,2.36,1.0,<Residue LEU het=  resseq=121 icode= >,1z91_A_A,2.5
913,0.0,LEU, ,C,43.81,2.10,1.0,<Residue LEU het=  resseq=121 icode= >,1z91_A_A,2.5
914,12.897,LEU, ,O,43.56,1.59,1.0,<Residue LEU het=  resseq=121 icode= >,1z91_A_A,2.5
915,1.756,LEU, ,CB,42.73,1.81,1.0,<Residue LEU het=  resseq=121 icode= >,1z91_A_A,2.5
916,0.0,LEU, ,CG,44.61,1.58,1.0,<Residue LEU het=  resseq=121 icode= >,1z91_A_A,2.5
917,12.904,LEU, ,CD1,49.25,0.74,1.0,<Residue LEU het=  resseq=121 icode= >,1z91_A_A,2.5
918,52.507,LEU, ,CD2,46.48,0.57,1.0,<Residue LEU het=  resseq=121 icode= >,1z91_A_A,2.5
919,0.0,SER, ,N,47.37,1.49,1.0,<Residue SER het=  resseq=122 icode= >,1z91_A_A,2.5
920,8.321,SER, ,CA,43.15,1.94,1.0,<Residue SER het=  resseq=122 icode= >,1z91_A_A,2.5
921,1.075,SER, ,C,42.46,1.96,1.0,<Residue SER het=  resseq=122 icode= >,1z91_A_A,2.5
922,7.524,SER, ,O,40.95,1.30,1.0,<Residue SER het=  resseq=122 icode= >,1z91_A_A,2.5
923,9.683,SER, ,CB,46.33,1.34,1.0,<Residue SER het=  resseq=122 icode= >,1z91_A_A,2.5
924,0.0,SER, ,OG,48.39,1.05,1.0,<Residue SER het=  resseq=122 icode= >,1z91_A_A,2.5
925,0.0,LYS, ,N,39.58,2.20,1.0,<Residue LYS het=  resseq=123 icode= >,1z91_A_A,2.5
926,3.866,LYS, ,CA,39.1,2.48,1.0,<Residue LYS het=  resseq=123 icode= >,1z91_A_A,2.5
927,1.362,LYS, ,C,42.3,2.83,1.0,<Residue LYS het=  resseq=123 icode= >,1z91_A_A,2.5
928,24.221,LYS, ,O,49.81,1.23,1.0,<Residue LYS het=  resseq=123 icode= >,1z91_A_A,2.5
929,19.631,LYS, ,CB,37.56,0.98,1.0,<Residue LYS het=  resseq=123 icode= >,1z91_A_A,2.5
930,25.121,LYS, ,CG,38.53,1.48,1.0,<Residue LYS het=  resseq=123 icode= >,1z91_A_A,2.5
931,20.672,LYS, ,CD,45.57,0.87,1.0,<Residue LYS het=  resseq=123 icode= >,1z91_A_A,2.5
932,36.131,LYS, ,CE,46.69,1.02,1.0,<Residue LYS het=  resseq=123 icode= >,1z91_A_A,2.5
933,43.081,LYS, ,NZ,43.8,1.24,1.0,<Residue LYS het=  resseq=123 icode= >,1z91_A_A,2.5
934,0.0,GLN, ,N,43.78,1.90,1.0,<Residue GLN het=  resseq=124 icode= >,1z91_A_A,2.5
935,1.802,GLN, ,CA,47.18,1.20,1.0,<Residue GLN het=  resseq=124 icode= >,1z91_A_A,2.5
936,0.0,GLN, ,C,50.8,1.45,1.0,<Residue GLN het=  resseq=124 icode= >,1z91_A_A,2.5
937,3.508,GLN, ,O,50.88,1.24,1.0,<Residue GLN het=  resseq=124 icode= >,1z91_A_A,2.5
938,1.899,GLN, ,CB,47.24,1.15,1.0,<Residue GLN het=  resseq=124 icode= >,1z91_A_A,2.5
939,12.872,GLN, ,CG,43.25,1.13,1.0,<Residue GLN het=  resseq=124 icode= >,1z91_A_A,2.5
940,8.17,GLN, ,CD,42.81,1.98,1.0,<Residue GLN het=  resseq=124 icode= >,1z91_A_A,2.5
941,40.77,GLN, ,OE1,45.13,1.07,1.0,<Residue GLN het=  resseq=124 icode= >,1z91_A_A,2.5
942,23.353,GLN, ,NE2,46.14,0.94,1.0,<Residue GLN het=  resseq=124 icode= >,1z91_A_A,2.5
943,5.54,SER, ,N,49.03,1.96,1.0,<Residue SER het=  resseq=125 icode= >,1z91_A_A,2.5
944,3.179,SER, ,CA,54.27,1.24,1.0,<Residue SER het=  resseq=125 icode= >,1z91_A_A,2.5
945,1.912,SER, ,C,55.16,2.25,1.0,<Residue SER het=  resseq=125 icode= >,1z91_A_A,2.5
946,3.393,SER, ,O,54.36,1.96,1.0,<Residue SER het=  resseq=125 icode= >,1z91_A_A,2.5
947,35.158,SER, ,CB,60.55,0.61,1.0,<Residue SER het=  resseq=125 icode= >,1z91_A_A,2.5
948,36.031,SER, ,OG,54.35,1.31,1.0,<Residue SER het=  resseq=125 icode= >,1z91_A_A,2.5
949,7.412,GLY, ,N,56.41,1.20,1.0,<Residue GLY het=  resseq=126 icode= >,1z91_A_A,2.5
950,33.729,GLY, ,CA,53.91,0.64,1.0,<Residue GLY het=  resseq=126 icode= >,1z91_A_A,2.5
951,0.0,GLY, ,C,51.77,2.19,1.0,<Residue GLY het=  resseq=126 icode= >,1z91_A_A,2.5
952,4.539,GLY, ,O,49.94,2.27,1.0,<Residue GLY het=  resseq=126 icode= >,1z91_A_A,2.5
953,3.35,GLU, ,N,49.01,1.97,1.0,<Residue GLU het=  resseq=127 icode= >,1z91_A_A,2.5
954,0.0,GLU, ,CA,50.25,1.70,1.0,<Residue GLU het=  resseq=127 icode= >,1z91_A_A,2.5
955,0.222,GLU, ,C,49.16,2.21,1.0,<Residue GLU het=  resseq=127 icode= >,1z91_A_A,2.5
956,0.104,GLU, ,O,52.81,0.72,1.0,<Residue GLU het=  resseq=127 icode= >,1z91_A_A,2.5
957,26.076,GLU, ,CB,58.54,0.34,1.0,<Residue GLU het=  resseq=127 icode= >,1z91_A_A,2.5
958,39.147,GLU, ,CG,60.62,0.99,1.0,<Residue GLU het=  resseq=127 icode= >,1z91_A_A,2.5
959,7.332,GLU, ,CD,67.68,1.25,1.0,<Residue GLU het=  resseq=127 icode= >,1z91_A_A,2.5
960,6.067,GLU, ,OE1,65.14,0.93,1.0,<Residue GLU het=  resseq=127 icode= >,1z91_A_A,2.5
961,23.695,GLU, ,OE2,73.18,0.53,1.0,<Residue GLU het=  resseq=127 icode= >,1z91_A_A,2.5
962,0.377,ASP, ,N,43.16,1.93,1.0,<Residue ASP het=  resseq=128 icode= >,1z91_A_A,2.5
963,0.0,ASP, ,CA,40.13,2.32,1.0,<Residue ASP het=  resseq=128 icode= >,1z91_A_A,2.5
964,0.681,ASP, ,C,34.46,3.16,1.0,<Residue ASP het=  resseq=128 icode= >,1z91_A_A,2.5
965,3.47,ASP, ,O,34.05,1.99,1.0,<Residue ASP het=  resseq=128 icode= >,1z91_A_A,2.5
966,13.409,ASP, ,CB,45.28,1.48,1.0,<Residue ASP het=  resseq=128 icode= >,1z91_A_A,2.5
967,10.435,ASP, ,CG,57.76,1.27,1.0,<Residue ASP het=  resseq=128 icode= >,1z91_A_A,2.5
968,27.631,ASP, ,OD1,55.37,1.29,1.0,<Residue ASP het=  resseq=128 icode= >,1z91_A_A,2.5
969,29.426,ASP, ,OD2,60.42,0.63,1.0,<Residue ASP het=  resseq=128 icode= >,1z91_A_A,2.5
970,0.0,LEU, ,N,31.21,2.17,1.0,<Residue LEU het=  resseq=129 icode= >,1z91_A_A,2.5
971,0.0,LEU, ,CA,30.47,2.42,1.0,<Residue LEU het=  resseq=129 icode= >,1z91_A_A,2.5
972,0.0,LEU, ,C,32.83,2.42,1.0,<Residue LEU het=  resseq=129 icode= >,1z91_A_A,2.5
973,0.0,LEU, ,O,30.12,2.39,1.0,<Residue LEU het=  resseq=129 icode= >,1z91_A_A,2.5
974,4.905,LEU, ,CB,28.21,2.18,1.0,<Residue LEU het=  resseq=129 icode= >,1z91_A_A,2.5
975,2.677,LEU, ,CG,34.18,2.02,1.0,<Residue LEU het=  resseq=129 icode= >,1z91_A_A,2.5
976,7.976,LEU, ,CD1,37.38,1.08,1.0,<Residue LEU het=  resseq=129 icode= >,1z91_A_A,2.5
977,8.902,LEU, ,CD2,30.12,0.94,1.0,<Residue LEU het=  resseq=129 icode= >,1z91_A_A,2.5
978,0.0,LYS, ,N,24.58,2.54,1.0,<Residue LYS het=  resseq=130 icode= >,1z91_A_A,2.5
979,1.819,LYS, ,CA,27.51,2.44,1.0,<Residue LYS het=  resseq=130 icode= >,1z91_A_A,2.5
980,1.204,LYS, ,C,24.28,4.54,1.0,<Residue LYS het=  resseq=130 icode= >,1z91_A_A,2.5
981,5.793,LYS, ,O,24.45,3.42,1.0,<Residue LYS het=  resseq=130 icode= >,1z91_A_A,2.5
982,15.168,LYS, ,CB,32.8,1.47,1.0,<Residue LYS het=  resseq=130 icode= >,1z91_A_A,2.5
983,21.46,LYS, ,CG,44.32,0.36,1.0,<Residue LYS het=  resseq=130 icode= >,1z91_A_A,2.5
984,11.652,LYS, ,CD,47.32,0.03,1.0,<Residue LYS het=  resseq=130 icode= >,1z91_A_A,2.5
985,39.661,LYS, ,CE,46.96,0.79,1.0,<Residue LYS het=  resseq=130 icode= >,1z91_A_A,2.5
986,32.318,LYS, ,NZ,27.56,1.74,1.0,<Residue LYS het=  resseq=130 icode= >,1z91_A_A,2.5
987,0.4,GLN, ,N,30.56,2.08,1.0,<Residue GLN het=  resseq=131 icode= >,1z91_A_A,2.5
988,3.081,GLN, ,CA,32.73,2.00,1.0,<Residue GLN het=  resseq=131 icode= >,1z91_A_A,2.5
989,1.036,GLN, ,C,26.87,3.32,1.0,<Residue GLN het=  resseq=131 icode= >,1z91_A_A,2.5
990,1.225,GLN, ,O,23.57,2.77,1.0,<Residue GLN het=  resseq=131 icode= >,1z91_A_A,2.5
991,24.014,GLN, ,CB,32.44,2.09,1.0,<Residue GLN het=  resseq=131 icode= >,1z91_A_A,2.5
992,2.899,GLN, ,CG,51.05,0.91,1.0,<Residue GLN het=  resseq=131 icode= >,1z91_A_A,2.5
993,6.865,GLN, ,CD,66.95,-0.28,1.0,<Residue GLN het=  resseq=131 icode= >,1z91_A_A,2.5
994,34.041,GLN, ,OE1,68.87,0.11,1.0,<Residue GLN het=  resseq=131 icode= >,1z91_A_A,2.5
995,40.239,GLN, ,NE2,68.71,0.05,1.0,<Residue GLN het=  resseq=131 icode= >,1z91_A_A,2.5
996,0.0,LEU, ,N,25.73,2.28,1.0,<Residue LEU het=  resseq=132 icode= >,1z91_A_A,2.5
997,4.652,LEU, ,CA,20.84,2.20,1.0,<Residue LEU het=  resseq=132 icode= >,1z91_A_A,2.5
998,0.0,LEU, ,C,13.52,4.04,1.0,<Residue LEU het=  resseq=132 icode= >,1z91_A_A,2.5
999,0.0,LEU, ,O,20.44,2.74,1.0,<Residue LEU het=  resseq=132 icode= >,1z91_A_A,2.5
1000,2.466,LEU, ,CB,19.06,1.70,1.0,<Residue LEU het=  resseq=132 icode= >,1z91_A_A,2.5
1001,0.586,LEU, ,CG,19.6,2.17,1.0,<Residue LEU het=  resseq=132 icode= >,1z91_A_A,2.5
1002,42.084,LEU, ,CD1,13.04,1.81,1.0,<Residue LEU het=  resseq=132 icode= >,1z91_A_A,2.5
1003,47.146,LEU, ,CD2,18.43,1.08,1.0,<Residue LEU het=  resseq=132 icode= >,1z91_A_A,2.5
1004,0.0,LYS, ,N,14.85,3.33,1.0,<Residue LYS het=  resseq=133 icode= >,1z91_A_A,2.5
1005,1.561,LYS, ,CA,19.58,2.61,1.0,<Residue LYS het=  resseq=133 icode= >,1z91_A_A,2.5
1006,1.115,LYS, ,C,19.24,3.85,1.0,<Residue LYS het=  resseq=133 icode= >,1z91_A_A,2.5
1007,2.235,LYS, ,O,24.29,2.39,1.0,<Residue LYS het=  resseq=133 icode= >,1z91_A_A,2.5
1008,12.986,LYS, ,CB,19.83,2.09,1.0,<Residue LYS het=  resseq=133 icode= >,1z91_A_A,2.5
1009,14.93,LYS, ,CG,20.44,2.22,1.0,<Residue LYS het=  resseq=133 icode= >,1z91_A_A,2.5
1010,18.354,LYS, ,CD,24.39,1.77,1.0,<Residue LYS het=  resseq=133 icode= >,1z91_A_A,2.5
1011,23.897,LYS, ,CE,21.19,1.80,1.0,<Residue LYS het=  resseq=133 icode= >,1z91_A_A,2.5
1012,30.739,LYS, ,NZ,27.52,1.61,1.0,<Residue LYS het=  resseq=133 icode= >,1z91_A_A,2.5
1013,0.432,SER, ,N,18.28,2.92,1.0,<Residue SER het=  resseq=134 icode= >,1z91_A_A,2.5
1014,9.931,SER, ,CA,21.86,2.75,1.0,<Residue SER het=  resseq=134 icode= >,1z91_A_A,2.5
1015,0.231,SER, ,C,21.38,3.80,1.0,<Residue SER het=  resseq=134 icode= >,1z91_A_A,2.5
1016,1.518,SER, ,O,20.7,3.45,1.0,<Residue SER het=  resseq=134 icode= >,1z91_A_A,2.5
1017,21.8,SER, ,CB,19.2,1.96,1.0,<Residue SER het=  resseq=134 icode= >,1z91_A_A,2.5
1018,34.708,SER, ,OG,33.92,1.37,1.0,<Residue SER het=  resseq=134 icode= >,1z91_A_A,2.5
1019,0.64,ALA, ,N,13.87,3.54,1.0,<Residue ALA het=  resseq=135 icode= >,1z91_A_A,2.5
1020,6.936,ALA, ,CA,16.32,3.09,1.0,<Residue ALA het=  resseq=135 icode= >,1z91_A_A,2.5
1021,1.087,ALA, ,C,19.01,3.11,1.0,<Residue ALA het=  resseq=135 icode= >,1z91_A_A,2.5
1022,2.819,ALA, ,O,24.04,2.81,1.0,<Residue ALA het=  resseq=135 icode= >,1z91_A_A,2.5
1023,51.84,ALA, ,CB,1.74,2.44,1.0,<Residue ALA het=  resseq=135 icode= >,1z91_A_A,2.5
1024,0.0,LEU, ,N,12.82,2.69,1.0,<Residue LEU het=  resseq=136 icode= >,1z91_A_A,2.5
1025,0.231,LEU, ,CA,19.34,2.28,1.0,<Residue LEU het=  resseq=136 icode= >,1z91_A_A,2.5
1026,0.961,LEU, ,C,16.85,3.84,1.0,<Residue LEU het=  resseq=136 icode= >,1z91_A_A,2.5
1027,2.594,LEU, ,O,16.54,3.27,1.0,<Residue LEU het=  resseq=136 icode= >,1z91_A_A,2.5
1028,11.505,LEU, ,CB,11.6,2.04,1.0,<Residue LEU het=  resseq=136 icode= >,1z91_A_A,2.5
1029,0.116,LEU, ,CG,17.53,2.30,1.0,<Residue LEU het=  resseq=136 icode= >,1z91_A_A,2.5
1030,39.342,LEU, ,CD1,11.2,2.44,1.0,<Residue LEU het=  resseq=136 icode= >,1z91_A_A,2.5
1031,17.98,LEU, ,CD2,19.19,1.12,1.0,<Residue LEU het=  resseq=136 icode= >,1z91_A_A,2.5
1032,0.563,TYR, ,N,14.37,2.63,1.0,<Residue TYR het=  resseq=137 icode= >,1z91_A_A,2.5
1033,2.673,TYR, ,CA,22.64,1.88,1.0,<Residue TYR het=  resseq=137 icode= >,1z91_A_A,2.5
1034,0.0,TYR, ,C,25.87,2.44,1.0,<Residue TYR het=  resseq=137 icode= >,1z91_A_A,2.5
1035,0.0,TYR, ,O,29.37,1.88,1.0,<Residue TYR het=  resseq=137 icode= >,1z91_A_A,2.5
1036,12.974,TYR, ,CB,24.91,0.92,1.0,<Residue TYR het=  resseq=137 icode= >,1z91_A_A,2.5
1037,2.028,TYR, ,CG,27.13,2.41,1.0,<Residue TYR het=  resseq=137 icode= >,1z91_A_A,2.5
1038,12.015,TYR, ,CD1,33.34,1.41,1.0,<Residue TYR het=  resseq=137 icode= >,1z91_A_A,2.5
1039,21.032,TYR, ,CD2,26.08,2.54,1.0,<Residue TYR het=  resseq=137 icode= >,1z91_A_A,2.5
1040,19.535,TYR, ,CE1,36.43,1.41,1.0,<Residue TYR het=  resseq=137 icode= >,1z91_A_A,2.5
1041,28.054,TYR, ,CE2,32.95,2.07,1.0,<Residue TYR het=  resseq=137 icode= >,1z91_A_A,2.5
1042,4.871,TYR, ,CZ,32.06,2.61,1.0,<Residue TYR het=  resseq=137 icode= >,1z91_A_A,2.5
1043,34.23,TYR, ,OH,36.07,1.32,1.0,<Residue TYR het=  resseq=137 icode= >,1z91_A_A,2.5
1044,0.0,THR, ,N,24.28,2.57,1.0,<Residue THR het=  resseq=138 icode= >,1z91_A_A,2.5
1045,3.009,THR, ,CA,18.46,2.84,1.0,<Residue THR het=  resseq=138 icode= >,1z91_A_A,2.5
1046,0.0,THR, ,C,21.76,3.67,1.0,<Residue THR het=  resseq=138 icode= >,1z91_A_A,2.5
1047,0.518,THR, ,O,28.79,1.97,1.0,<Residue THR het=  resseq=138 icode= >,1z91_A_A,2.5
1048,1.591,THR, ,CB,22.49,2.95,1.0,<Residue THR het=  resseq=138 icode= >,1z91_A_A,2.5
1049,25.632,THR, ,OG1,25.78,2.43,1.0,<Residue THR het=  resseq=138 icode= >,1z91_A_A,2.5
1050,53.075,THR, ,CG2,20.39,1.34,1.0,<Residue THR het=  resseq=138 icode= >,1z91_A_A,2.5
1051,0.074,LEU, ,N,25.18,2.83,1.0,<Residue LEU het=  resseq=139 icode= >,1z91_A_A,2.5
1052,3.021,LEU, ,CA,27.27,2.36,1.0,<Residue LEU het=  resseq=139 icode= >,1z91_A_A,2.5
1053,0.0,LEU, ,C,25.8,3.92,1.0,<Residue LEU het=  resseq=139 icode= >,1z91_A_A,2.5
1054,0.0,LEU, ,O,27.68,2.68,1.0,<Residue LEU het=  resseq=139 icode= >,1z91_A_A,2.5
1055,4.166,LEU, ,CB,22.78,2.19,1.0,<Residue LEU het=  resseq=139 icode= >,1z91_A_A,2.5
1056,12.591,LEU, ,CG,24.5,2.70,1.0,<Residue LEU het=  resseq=139 icode= >,1z91_A_A,2.5
1057,11.687,LEU, ,CD1,18.45,1.65,1.0,<Residue LEU het=  resseq=139 icode= >,1z91_A_A,2.5
1058,21.9,LEU, ,CD2,23.08,1.31,1.0,<Residue LEU het=  resseq=139 icode= >,1z91_A_A,2.5
1059,0.049,LEU, ,N,25.24,2.43,1.0,<Residue LEU het=  resseq=140 icode= >,1z91_A_A,2.5
1060,1.528,LEU, ,CA,27.57,1.85,1.0,<Residue LEU het=  resseq=140 icode= >,1z91_A_A,2.5
1061,0.019,LEU, ,C,29.03,2.71,1.0,<Residue LEU het=  resseq=140 icode= >,1z91_A_A,2.5
1062,0.331,LEU, ,O,28.48,2.18,1.0,<Residue LEU het=  resseq=140 icode= >,1z91_A_A,2.5
1063,3.859,LEU, ,CB,29.37,1.35,1.0,<Residue LEU het=  resseq=140 icode= >,1z91_A_A,2.5
1064,3.106,LEU, ,CG,36.05,1.33,1.0,<Residue LEU het=  resseq=140 icode= >,1z91_A_A,2.5
1065,32.002,LEU, ,CD1,32.55,1.32,1.0,<Residue LEU het=  resseq=140 icode= >,1z91_A_A,2.5
1066,46.847,LEU, ,CD2,30.74,0.19,1.0,<Residue LEU het=  resseq=140 icode= >,1z91_A_A,2.5
1067,0.0,GLU, ,N,25.39,2.50,1.0,<Residue GLU het=  resseq=141 icode= >,1z91_A_A,2.5
1068,0.202,GLU, ,CA,26.71,1.99,1.0,<Residue GLU het=  resseq=141 icode= >,1z91_A_A,2.5
1069,1.046,GLU, ,C,22.0,3.59,1.0,<Residue GLU het=  resseq=141 icode= >,1z91_A_A,2.5
1070,7.838,GLU, ,O,17.9,3.42,1.0,<Residue GLU het=  resseq=141 icode= >,1z91_A_A,2.5
1071,17.556,GLU, ,CB,32.02,1.18,1.0,<Residue GLU het=  resseq=141 icode= >,1z91_A_A,2.5
1072,8.11,GLU, ,CG,37.5,0.98,1.0,<Residue GLU het=  resseq=141 icode= >,1z91_A_A,2.5
1073,9.588,GLU, ,CD,41.84,2.27,1.0,<Residue GLU het=  resseq=141 icode= >,1z91_A_A,2.5
1074,12.458,GLU, ,OE1,52.79,1.09,1.0,<Residue GLU het=  resseq=141 icode= >,1z91_A_A,2.5
1075,25.813,GLU, ,OE2,37.88,2.00,1.0,<Residue GLU het=  resseq=141 icode= >,1z91_A_A,2.5
1076,0.289,THR, ,N,21.82,2.58,1.0,<Residue THR het=  resseq=142 icode= >,1z91_A_A,2.5
1077,10.239,THR, ,CA,22.48,2.50,1.0,<Residue THR het=  resseq=142 icode= >,1z91_A_A,2.5
1078,0.0,THR, ,C,29.61,2.65,1.0,<Residue THR het=  resseq=142 icode= >,1z91_A_A,2.5
1079,18.016,THR, ,O,28.34,1.87,1.0,<Residue THR het=  resseq=142 icode= >,1z91_A_A,2.5
1080,0.375,THR, ,CB,19.91,2.25,1.0,<Residue THR het=  resseq=142 icode= >,1z91_A_A,2.5
1081,13.751,THR, ,OG1,32.03,1.47,1.0,<Residue THR het=  resseq=142 icode= >,1z91_A_A,2.5
1082,54.282,THR, ,CG2,8.49,1.72,1.0,<Residue THR het=  resseq=142 icode= >,1z91_A_A,2.5
1083,0.0,LEU, ,N,33.6,2.00,1.0,<Residue LEU het=  resseq=143 icode= >,1z91_A_A,2.5
1084,5.589,LEU, ,CA,36.32,2.10,1.0,<Residue LEU het=  resseq=143 icode= >,1z91_A_A,2.5
1085,4.582,LEU, ,C,37.12,2.89,1.0,<Residue LEU het=  resseq=143 icode= >,1z91_A_A,2.5
1086,17.149,LEU, ,O,35.86,2.03,1.0,<Residue LEU het=  resseq=143 icode= >,1z91_A_A,2.5
1087,11.026,LEU, ,CB,35.31,1.00,1.0,<Residue LEU het=  resseq=143 icode= >,1z91_A_A,2.5
1088,0.0,LEU, ,CG,33.83,1.40,1.0,<Residue LEU het=  resseq=143 icode= >,1z91_A_A,2.5
1089,43.887,LEU, ,CD1,25.88,1.16,1.0,<Residue LEU het=  resseq=143 icode= >,1z91_A_A,2.5
1090,48.603,LEU, ,CD2,21.67,1.46,1.0,<Residue LEU het=  resseq=143 icode= >,1z91_A_A,2.5
1091,0.105,HIS, ,N,46.3,1.56,1.0,<Residue HIS het=  resseq=144 icode= >,1z91_A_A,2.5
1092,6.621,HIS, ,CA,56.13,1.20,1.0,<Residue HIS het=  resseq=144 icode= >,1z91_A_A,2.5
1093,32.745,HIS, ,C,59.4,1.12,1.0,<Residue HIS het=  resseq=144 icode= >,1z91_A_A,2.5
1094,29.396,HIS, ,O,61.63,0.56,1.0,<Residue HIS het=  resseq=144 icode= >,1z91_A_A,2.5
1095,5.572,HIS, ,CB,58.79,1.03,1.0,<Residue HIS het=  resseq=144 icode= >,1z91_A_A,2.5
1096,2.184,HIS, ,CG,61.02,1.93,1.0,<Residue HIS het=  resseq=144 icode= >,1z91_A_A,2.5
1097,21.744,HIS, ,ND1,65.83,0.93,1.0,<Residue HIS het=  resseq=144 icode= >,1z91_A_A,2.5
1098,19.738,HIS, ,CD2,64.44,1.30,1.0,<Residue HIS het=  resseq=144 icode= >,1z91_A_A,2.5
1099,29.98,HIS, ,CE1,66.57,0.76,1.0,<Residue HIS het=  resseq=144 icode= >,1z91_A_A,2.5
1100,20.791,HIS, ,NE2,66.17,1.20,1.0,<Residue HIS het=  resseq=144 icode= >,1z91_A_A,2.5
