,ASA,aa,altloc,atom,bfac,d2r,dASA,dens,occ,residue,id,resolu
0,46.531,SER, ,N,40.86,5.57,0.0,0.88,1.0,<Residue SER het=  resseq=31 icode= >,1zme_C_A,2.5
1,13.769,SER, ,CA,39.46,5.03,0.0,1.30,1.0,<Residue SER het=  resseq=31 icode= >,1zme_C_A,2.5
2,0.767,SER, ,C,35.75,4.18,0.423,2.42,1.0,<Residue SER het=  resseq=31 icode= >,1zme_C_A,2.5
3,24.56,SER, ,O,40.22,2.95,22.484,0.79,1.0,<Residue SER het=  resseq=31 icode= >,1zme_C_A,2.5
4,42.753,SER, ,CB,41.25,3.68,16.061,1.53,1.0,<Residue SER het=  resseq=31 icode= >,1zme_C_A,2.5
5,33.602,SER, ,OG,42.39,3.43,14.401,0.82,1.0,<Residue SER het=  resseq=31 icode= >,1zme_C_A,2.5
6,6.991,VAL, ,N,30.32,4.83,0.0,2.39,1.0,<Residue VAL het=  resseq=32 icode= >,1zme_C_A,2.5
7,2.582,VAL, ,CA,25.59,3.74,2.582,2.45,1.0,<Residue VAL het=  resseq=32 icode= >,1zme_C_A,2.5
8,1.046,VAL, ,C,23.38,3.93,0.446,3.07,1.0,<Residue VAL het=  resseq=32 icode= >,1zme_C_A,2.5
9,6.492,VAL, ,O,22.47,5.13,0.0,2.30,1.0,<Residue VAL het=  resseq=32 icode= >,1zme_C_A,2.5
10,9.741,VAL, ,CB,25.69,4.37,0.0,2.11,1.0,<Residue VAL het=  resseq=32 icode= >,1zme_C_A,2.5
11,20.429,VAL, ,CG1,18.22,4.06,0.141,1.42,1.0,<Residue VAL het=  resseq=32 icode= >,1zme_C_A,2.5
12,58.513,VAL, ,CG2,12.29,4.76,1.673,2.12,1.0,<Residue VAL het=  resseq=32 icode= >,1zme_C_A,2.5
13,2.37,ALA, ,N,18.63,3.11,2.37,2.83,1.0,<Residue ALA het=  resseq=33 icode= >,1zme_C_A,2.5
14,0.0,ALA, ,CA,18.71,4.00,0.0,2.43,1.0,<Residue ALA het=  resseq=33 icode= >,1zme_C_A,2.5
15,0.0,ALA, ,C,18.34,4.48,0.0,2.86,1.0,<Residue ALA het=  resseq=33 icode= >,1zme_C_A,2.5
16,0.833,ALA, ,O,17.53,4.00,0.0,1.97,1.0,<Residue ALA het=  resseq=33 icode= >,1zme_C_A,2.5
17,18.947,ALA, ,CB,16.52,3.88,17.236,1.17,1.0,<Residue ALA het=  resseq=33 icode= >,1zme_C_A,2.5
18,0.0,CYS, ,N,18.65,5.80,0.0,1.95,1.0,<Residue CYS het=  resseq=34 icode= >,1zme_C_A,2.5
19,0.0,CYS, ,CA,18.96,6.68,0.0,1.45,1.0,<Residue CYS het=  resseq=34 icode= >,1zme_C_A,2.5
20,0.0,CYS, ,C,18.97,6.64,0.0,2.20,1.0,<Residue CYS het=  resseq=34 icode= >,1zme_C_A,2.5
21,0.0,CYS, ,O,21.37,6.03,0.0,1.41,1.0,<Residue CYS het=  resseq=34 icode= >,1zme_C_A,2.5
22,0.0,CYS, ,CB,17.77,8.11,0.0,2.05,1.0,<Residue CYS het=  resseq=34 icode= >,1zme_C_A,2.5
23,0.0,CYS, ,SG,20.27,8.78,0.0,4.14,1.0,<Residue CYS het=  resseq=34 icode= >,1zme_C_A,2.5
24,0.0,LEU, ,N,18.12,7.21,0.0,2.47,1.0,<Residue LEU het=  resseq=35 icode= >,1zme_C_A,2.5
25,0.0,LEU, ,CA,18.46,7.24,0.0,1.88,1.0,<Residue LEU het=  resseq=35 icode= >,1zme_C_A,2.5
26,0.0,LEU, ,C,19.61,7.52,0.0,2.36,1.0,<Residue LEU het=  resseq=35 icode= >,1zme_C_A,2.5
27,0.0,LEU, ,O,17.19,7.19,0.0,2.35,1.0,<Residue LEU het=  resseq=35 icode= >,1zme_C_A,2.5
28,6.569,LEU, ,CB,20.99,8.54,0.0,1.69,1.0,<Residue LEU het=  resseq=35 icode= >,1zme_C_A,2.5
29,0.0,LEU, ,CG,23.16,8.96,0.0,1.52,1.0,<Residue LEU het=  resseq=35 icode= >,1zme_C_A,2.5
30,27.616,LEU, ,CD1,28.99,9.86,0.0,0.69,1.0,<Residue LEU het=  resseq=35 icode= >,1zme_C_A,2.5
31,8.327,LEU, ,CD2,27.35,7.89,0.0,0.63,1.0,<Residue LEU het=  resseq=35 icode= >,1zme_C_A,2.5
32,1.206,SER, ,N,18.28,8.44,0.0,1.50,1.0,<Residue SER het=  resseq=36 icode= >,1zme_C_A,2.5
33,3.169,SER, ,CA,15.7,9.14,0.0,1.66,1.0,<Residue SER het=  resseq=36 icode= >,1zme_C_A,2.5
34,0.0,SER, ,C,14.57,8.41,0.0,3.27,1.0,<Residue SER het=  resseq=36 icode= >,1zme_C_A,2.5
35,0.0,SER, ,O,17.31,8.54,0.0,2.40,1.0,<Residue SER het=  resseq=36 icode= >,1zme_C_A,2.5
36,5.047,SER, ,CB,15.59,10.32,0.0,1.91,1.0,<Residue SER het=  resseq=36 icode= >,1zme_C_A,2.5
37,2.464,SER, ,OG,12.43,11.06,0.0,1.83,1.0,<Residue SER het=  resseq=36 icode= >,1zme_C_A,2.5
38,0.0,CYS, ,N,14.23,7.88,0.0,2.73,1.0,<Residue CYS het=  resseq=37 icode= >,1zme_C_A,2.5
39,0.0,CYS, ,CA,15.4,7.34,0.0,2.45,1.0,<Residue CYS het=  resseq=37 icode= >,1zme_C_A,2.5
40,0.0,CYS, ,C,17.85,6.15,0.0,2.97,1.0,<Residue CYS het=  resseq=37 icode= >,1zme_C_A,2.5
41,0.143,CYS, ,O,19.66,5.22,0.143,2.10,1.0,<Residue CYS het=  resseq=37 icode= >,1zme_C_A,2.5
42,0.0,CYS, ,CB,16.56,6.62,0.0,1.20,1.0,<Residue CYS het=  resseq=37 icode= >,1zme_C_A,2.5
43,0.192,CYS, ,SG,16.74,7.35,0.0,5.23,1.0,<Residue CYS het=  resseq=37 icode= >,1zme_C_A,2.5
44,0.0,ARG, ,N,18.89,5.48,0.0,1.89,1.0,<Residue ARG het=  resseq=38 icode= >,1zme_C_A,2.5
45,4.432,ARG, ,CA,19.6,4.59,3.376,2.67,1.0,<Residue ARG het=  resseq=38 icode= >,1zme_C_A,2.5
46,0.459,ARG, ,C,20.67,5.69,0.0,3.63,1.0,<Residue ARG het=  resseq=38 icode= >,1zme_C_A,2.5
47,4.732,ARG, ,O,26.56,4.84,1.684,2.03,1.0,<Residue ARG het=  resseq=38 icode= >,1zme_C_A,2.5
48,0.007,ARG, ,CB,17.08,4.07,0.0,1.53,1.0,<Residue ARG het=  resseq=38 icode= >,1zme_C_A,2.5
49,25.153,ARG, ,CG,14.79,3.25,9.035,1.91,1.0,<Residue ARG het=  resseq=38 icode= >,1zme_C_A,2.5
50,26.993,ARG, ,CD,16.54,3.40,0.816,2.02,1.0,<Residue ARG het=  resseq=38 icode= >,1zme_C_A,2.5
51,9.002,ARG, ,NE,17.87,2.71,7.959,2.00,1.0,<Residue ARG het=  resseq=38 icode= >,1zme_C_A,2.5
52,3.465,ARG, ,CZ,12.75,3.57,0.052,3.97,1.0,<Residue ARG het=  resseq=38 icode= >,1zme_C_A,2.5
53,23.163,ARG, ,NH1,8.2,4.85,0.0,3.04,1.0,<Residue ARG het=  resseq=38 icode= >,1zme_C_A,2.5
54,28.863,ARG, ,NH2,15.43,2.77,9.407,2.06,1.0,<Residue ARG het=  resseq=38 icode= >,1zme_C_A,2.5
55,0.0,LYS, ,N,20.56,6.78,0.0,2.55,1.0,<Residue LYS het=  resseq=39 icode= >,1zme_C_A,2.5
56,4.107,LYS, ,CA,17.58,7.45,0.0,2.48,1.0,<Residue LYS het=  resseq=39 icode= >,1zme_C_A,2.5
57,0.457,LYS, ,C,17.17,6.09,0.0,3.56,1.0,<Residue LYS het=  resseq=39 icode= >,1zme_C_A,2.5
58,15.706,LYS, ,O,19.77,5.31,0.748,2.55,1.0,<Residue LYS het=  resseq=39 icode= >,1zme_C_A,2.5
59,1.788,LYS, ,CB,20.24,8.45,0.0,1.68,1.0,<Residue LYS het=  resseq=39 icode= >,1zme_C_A,2.5
60,34.071,LYS, ,CG,19.01,9.18,0.0,1.95,1.0,<Residue LYS het=  resseq=39 icode= >,1zme_C_A,2.5
61,30.49,LYS, ,CD,24.49,9.35,0.0,1.69,1.0,<Residue LYS het=  resseq=39 icode= >,1zme_C_A,2.5
62,20.756,LYS, ,CE,35.36,9.43,0.0,1.33,1.0,<Residue LYS het=  resseq=39 icode= >,1zme_C_A,2.5
63,19.525,LYS, ,NZ,43.49,9.13,0.0,0.72,1.0,<Residue LYS het=  resseq=39 icode= >,1zme_C_A,2.5
64,0.0,ARG, ,N,14.69,5.96,0.0,2.38,1.0,<Residue ARG het=  resseq=40 icode= >,1zme_C_A,2.5
65,6.083,ARG, ,CA,13.05,4.84,0.596,2.39,1.0,<Residue ARG het=  resseq=40 icode= >,1zme_C_A,2.5
66,0.43,ARG, ,C,15.54,3.91,0.43,3.18,1.0,<Residue ARG het=  resseq=40 icode= >,1zme_C_A,2.5
67,19.794,ARG, ,O,16.58,2.92,17.753,2.18,1.0,<Residue ARG het=  resseq=40 icode= >,1zme_C_A,2.5
68,10.217,ARG, ,CB,14.08,5.62,0.0,1.64,1.0,<Residue ARG het=  resseq=40 icode= >,1zme_C_A,2.5
69,2.343,ARG, ,CG,11.2,7.03,0.0,1.53,1.0,<Residue ARG het=  resseq=40 icode= >,1zme_C_A,2.5
70,24.222,ARG, ,CD,16.52,7.25,0.0,1.94,1.0,<Residue ARG het=  resseq=40 icode= >,1zme_C_A,2.5
71,6.807,ARG, ,NE,29.23,8.65,0.0,0.91,1.0,<Residue ARG het=  resseq=40 icode= >,1zme_C_A,2.5
72,3.375,ARG, ,CZ,32.45,9.72,0.0,1.41,1.0,<Residue ARG het=  resseq=40 icode= >,1zme_C_A,2.5
73,25.446,ARG, ,NH1,27.77,9.74,0.0,1.28,1.0,<Residue ARG het=  resseq=40 icode= >,1zme_C_A,2.5
74,29.601,ARG, ,NH2,31.9,10.93,0.0,0.63,1.0,<Residue ARG het=  resseq=40 icode= >,1zme_C_A,2.5
75,0.0,HIS, ,N,18.68,4.57,0.0,1.35,1.0,<Residue HIS het=  resseq=41 icode= >,1zme_C_A,2.5
76,7.159,HIS, ,CA,16.66,3.59,7.159,2.08,1.0,<Residue HIS het=  resseq=41 icode= >,1zme_C_A,2.5
77,2.555,HIS, ,C,16.59,3.57,2.555,2.99,1.0,<Residue HIS het=  resseq=41 icode= >,1zme_C_A,2.5
78,27.455,HIS, ,O,15.63,2.86,27.455,2.05,1.0,<Residue HIS het=  resseq=41 icode= >,1zme_C_A,2.5
79,20.303,HIS, ,CB,19.41,3.44,20.303,1.22,1.0,<Residue HIS het=  resseq=41 icode= >,1zme_C_A,2.5
80,4.355,HIS, ,CG,20.78,3.25,4.355,2.83,1.0,<Residue HIS het=  resseq=41 icode= >,1zme_C_A,2.5
81,27.368,HIS, ,ND1,22.64,2.98,27.368,1.66,1.0,<Residue HIS het=  resseq=41 icode= >,1zme_C_A,2.5
82,2.623,HIS, ,CD2,18.11,3.91,2.569,2.32,1.0,<Residue HIS het=  resseq=41 icode= >,1zme_C_A,2.5
83,44.624,HIS, ,CE1,22.42,3.42,27.455,2.36,1.0,<Residue HIS het=  resseq=41 icode= >,1zme_C_A,2.5
84,26.54,HIS, ,NE2,22.57,4.21,0.929,2.62,1.0,<Residue HIS het=  resseq=41 icode= >,1zme_C_A,2.5
85,0.0,ILE, ,N,17.36,4.32,0.0,1.91,1.0,<Residue ILE het=  resseq=42 icode= >,1zme_C_A,2.5
86,4.349,ILE, ,CA,18.7,4.69,2.548,2.19,1.0,<Residue ILE het=  resseq=42 icode= >,1zme_C_A,2.5
87,2.89,ILE, ,C,20.99,4.15,2.89,2.66,1.0,<Residue ILE het=  resseq=42 icode= >,1zme_C_A,2.5
88,6.731,ILE, ,O,27.03,4.26,5.778,1.44,1.0,<Residue ILE het=  resseq=42 icode= >,1zme_C_A,2.5
89,1.459,ILE, ,CB,19.03,5.56,0.0,1.86,1.0,<Residue ILE het=  resseq=42 icode= >,1zme_C_A,2.5
90,0.0,ILE, ,CG1,17.33,6.37,0.0,1.20,1.0,<Residue ILE het=  resseq=42 icode= >,1zme_C_A,2.5
91,40.793,ILE, ,CG2,25.3,4.69,7.747,0.39,1.0,<Residue ILE het=  resseq=42 icode= >,1zme_C_A,2.5
92,11.626,ILE, ,CD1,12.52,7.10,0.0,0.89,1.0,<Residue ILE het=  resseq=42 icode= >,1zme_C_A,2.5
93,8.475,LYS, ,N,19.17,3.65,5.187,1.94,1.0,<Residue LYS het=  resseq=43 icode= >,1zme_C_A,2.5
94,10.585,LYS, ,CA,14.93,3.74,10.585,2.17,1.0,<Residue LYS het=  resseq=43 icode= >,1zme_C_A,2.5
95,0.0,LYS, ,C,15.38,4.05,0.0,3.49,1.0,<Residue LYS het=  resseq=43 icode= >,1zme_C_A,2.5
96,0.776,LYS, ,O,10.78,5.27,0.0,3.07,1.0,<Residue LYS het=  resseq=43 icode= >,1zme_C_A,2.5
97,23.021,LYS, ,CB,17.8,3.74,14.874,1.29,1.0,<Residue LYS het=  resseq=43 icode= >,1zme_C_A,2.5
98,9.849,LYS, ,CG,20.16,4.34,1.002,1.19,1.0,<Residue LYS het=  resseq=43 icode= >,1zme_C_A,2.5
99,36.359,LYS, ,CD,24.46,3.97,4.894,1.28,1.0,<Residue LYS het=  resseq=43 icode= >,1zme_C_A,2.5
100,38.829,LYS, ,CE,28.67,3.14,34.399,1.17,1.0,<Residue LYS het=  resseq=43 icode= >,1zme_C_A,2.5
101,48.689,LYS, ,NZ,35.84,3.26,11.329,1.02,1.0,<Residue LYS het=  resseq=43 icode= >,1zme_C_A,2.5
102,4.69,CYS, ,N,15.97,3.35,4.69,1.89,1.0,<Residue CYS het=  resseq=44 icode= >,1zme_C_A,2.5
103,0.0,CYS, ,CA,17.82,4.36,0.0,2.61,1.0,<Residue CYS het=  resseq=44 icode= >,1zme_C_A,2.5
104,0.0,CYS, ,C,21.63,4.77,0.0,2.99,1.0,<Residue CYS het=  resseq=44 icode= >,1zme_C_A,2.5
105,14.493,CYS, ,O,26.02,4.31,2.747,2.18,1.0,<Residue CYS het=  resseq=44 icode= >,1zme_C_A,2.5
106,1.516,CYS, ,CB,17.55,4.42,1.288,1.92,1.0,<Residue CYS het=  resseq=44 icode= >,1zme_C_A,2.5
107,0.0,CYS, ,SG,16.65,6.12,0.0,4.22,1.0,<Residue CYS het=  resseq=44 icode= >,1zme_C_A,2.5
108,0.0,PRO, ,N,22.27,6.01,0.0,2.48,1.0,<Residue PRO het=  resseq=45 icode= >,1zme_C_A,2.5
109,10.218,PRO, ,CA,24.05,6.88,0.0,1.57,1.0,<Residue PRO het=  resseq=45 icode= >,1zme_C_A,2.5
110,2.58,PRO, ,C,23.54,7.38,0.0,2.28,1.0,<Residue PRO het=  resseq=45 icode= >,1zme_C_A,2.5
111,28.139,PRO, ,O,26.23,8.23,0.0,1.40,1.0,<Residue PRO het=  resseq=45 icode= >,1zme_C_A,2.5
112,32.707,PRO, ,CB,25.14,8.14,0.0,1.67,1.0,<Residue PRO het=  resseq=45 icode= >,1zme_C_A,2.5
113,1.011,PRO, ,CG,20.75,8.26,0.0,1.58,1.0,<Residue PRO het=  resseq=45 icode= >,1zme_C_A,2.5
114,0.7,PRO, ,CD,21.31,6.96,0.0,2.05,1.0,<Residue PRO het=  resseq=45 icode= >,1zme_C_A,2.5
115,0.0,GLY, ,N,19.92,7.14,0.0,2.19,1.0,<Residue GLY het=  resseq=46 icode= >,1zme_C_A,2.5
116,18.326,GLY, ,CA,17.39,7.95,0.0,2.00,1.0,<Residue GLY het=  resseq=46 icode= >,1zme_C_A,2.5
117,1.424,GLY, ,C,22.36,9.39,0.0,2.37,1.0,<Residue GLY het=  resseq=46 icode= >,1zme_C_A,2.5
118,7.398,GLY, ,O,23.81,9.86,0.0,1.64,1.0,<Residue GLY het=  resseq=46 icode= >,1zme_C_A,2.5
119,12.951,GLY, ,N,22.26,10.26,0.0,1.89,1.0,<Residue GLY het=  resseq=47 icode= >,1zme_C_A,2.5
120,38.12,GLY, ,CA,22.51,11.67,0.0,1.24,1.0,<Residue GLY het=  resseq=47 icode= >,1zme_C_A,2.5
121,1.598,GLY, ,C,22.62,12.01,0.0,3.35,1.0,<Residue GLY het=  resseq=47 icode= >,1zme_C_A,2.5
122,2.035,GLY, ,O,19.68,11.35,0.0,2.37,1.0,<Residue GLY het=  resseq=47 icode= >,1zme_C_A,2.5
123,6.618,ASN, ,N,26.3,13.23,0.0,2.34,1.0,<Residue ASN het=  resseq=48 icode= >,1zme_C_A,2.5
124,0.0,ASN, ,CA,32.57,13.85,0.0,2.19,1.0,<Residue ASN het=  resseq=48 icode= >,1zme_C_A,2.5
125,1.104,ASN, ,C,36.58,15.05,0.0,2.22,1.0,<Residue ASN het=  resseq=48 icode= >,1zme_C_A,2.5
126,28.379,ASN, ,O,39.68,16.02,0.0,1.60,1.0,<Residue ASN het=  resseq=48 icode= >,1zme_C_A,2.5
127,22.596,ASN, ,CB,36.53,13.90,0.0,0.76,1.0,<Residue ASN het=  resseq=48 icode= >,1zme_C_A,2.5
128,5.899,ASN, ,CG,39.63,14.02,0.0,1.65,1.0,<Residue ASN het=  resseq=48 icode= >,1zme_C_A,2.5
129,14.717,ASN, ,OD1,42.72,14.83,0.0,1.27,1.0,<Residue ASN het=  resseq=48 icode= >,1zme_C_A,2.5
130,32.235,ASN, ,ND2,43.57,13.34,0.0,0.65,1.0,<Residue ASN het=  resseq=48 icode= >,1zme_C_A,2.5
131,0.0,PRO, ,N,35.17,15.08,0.0,1.90,1.0,<Residue PRO het=  resseq=49 icode= >,1zme_C_A,2.5
132,0.0,PRO, ,CA,32.98,14.05,0.0,1.92,1.0,<Residue PRO het=  resseq=49 icode= >,1zme_C_A,2.5
133,0.0,PRO, ,C,31.08,13.05,0.0,2.86,1.0,<Residue PRO het=  resseq=49 icode= >,1zme_C_A,2.5
134,9.124,PRO, ,O,30.5,13.49,0.0,1.30,1.0,<Residue PRO het=  resseq=49 icode= >,1zme_C_A,2.5
135,2.342,PRO, ,CB,34.36,14.94,0.0,0.95,1.0,<Residue PRO het=  resseq=49 icode= >,1zme_C_A,2.5
136,32.179,PRO, ,CG,39.43,16.30,0.0,1.11,1.0,<Residue PRO het=  resseq=49 icode= >,1zme_C_A,2.5
137,31.382,PRO, ,CD,36.98,16.36,0.0,1.49,1.0,<Residue PRO het=  resseq=49 icode= >,1zme_C_A,2.5
138,0.0,CYS, ,N,28.65,11.80,0.0,1.95,1.0,<Residue CYS het=  resseq=50 icode= >,1zme_C_A,2.5
139,0.205,CYS, ,CA,27.7,10.92,0.0,1.36,1.0,<Residue CYS het=  resseq=50 icode= >,1zme_C_A,2.5
140,0.0,CYS, ,C,26.81,11.66,0.0,2.49,1.0,<Residue CYS het=  resseq=50 icode= >,1zme_C_A,2.5
141,0.0,CYS, ,O,26.74,12.39,0.0,2.10,1.0,<Residue CYS het=  resseq=50 icode= >,1zme_C_A,2.5
142,0.0,CYS, ,CB,27.01,9.49,0.0,1.36,1.0,<Residue CYS het=  resseq=50 icode= >,1zme_C_A,2.5
143,0.0,CYS, ,SG,20.57,9.53,0.0,4.26,1.0,<Residue CYS het=  resseq=50 icode= >,1zme_C_A,2.5
144,0.727,GLN, ,N,24.88,11.64,0.0,2.41,1.0,<Residue GLN het=  resseq=51 icode= >,1zme_C_A,2.5
145,0.0,GLN, ,CA,24.15,12.57,0.0,1.96,1.0,<Residue GLN het=  resseq=51 icode= >,1zme_C_A,2.5
146,0.16,GLN, ,C,24.03,12.53,0.0,3.00,1.0,<Residue GLN het=  resseq=51 icode= >,1zme_C_A,2.5
147,0.0,GLN, ,O,24.03,13.63,0.0,2.09,1.0,<Residue GLN het=  resseq=51 icode= >,1zme_C_A,2.5
148,15.84,GLN, ,CB,28.91,12.74,0.0,1.23,1.0,<Residue GLN het=  resseq=51 icode= >,1zme_C_A,2.5
149,25.938,GLN, ,CG,34.27,14.22,0.0,1.12,1.0,<Residue GLN het=  resseq=51 icode= >,1zme_C_A,2.5
150,5.767,GLN, ,CD,39.22,14.80,0.0,1.61,1.0,<Residue GLN het=  resseq=51 icode= >,1zme_C_A,2.5
151,20.413,GLN, ,OE1,36.4,15.75,0.0,1.53,1.0,<Residue GLN het=  resseq=51 icode= >,1zme_C_A,2.5
152,46.815,GLN, ,NE2,42.23,14.34,0.0,0.62,1.0,<Residue GLN het=  resseq=51 icode= >,1zme_C_A,2.5
153,0.0,LYS, ,N,23.11,11.39,0.0,1.91,1.0,<Residue LYS het=  resseq=52 icode= >,1zme_C_A,2.5
154,0.225,LYS, ,CA,18.3,11.49,0.0,2.47,1.0,<Residue LYS het=  resseq=52 icode= >,1zme_C_A,2.5
155,0.641,LYS, ,C,18.91,12.45,0.0,3.34,1.0,<Residue LYS het=  resseq=52 icode= >,1zme_C_A,2.5
156,1.326,LYS, ,O,20.85,12.84,0.0,2.04,1.0,<Residue LYS het=  resseq=52 icode= >,1zme_C_A,2.5
157,2.952,LYS, ,CB,16.06,10.18,0.0,2.16,1.0,<Residue LYS het=  resseq=52 icode= >,1zme_C_A,2.5
158,0.152,LYS, ,CG,18.46,9.35,0.0,1.86,1.0,<Residue LYS het=  resseq=52 icode= >,1zme_C_A,2.5
159,15.205,LYS, ,CD,21.82,9.71,0.0,1.48,1.0,<Residue LYS het=  resseq=52 icode= >,1zme_C_A,2.5
160,25.379,LYS, ,CE,24.27,8.36,0.0,1.50,1.0,<Residue LYS het=  resseq=52 icode= >,1zme_C_A,2.5
161,43.915,LYS, ,NZ,33.33,8.21,0.0,0.40,1.0,<Residue LYS het=  resseq=52 icode= >,1zme_C_A,2.5
162,0.0,CYS, ,N,18.83,12.44,0.0,2.71,1.0,<Residue CYS het=  resseq=53 icode= >,1zme_C_A,2.5
163,0.034,CYS, ,CA,20.0,13.51,0.0,1.82,1.0,<Residue CYS het=  resseq=53 icode= >,1zme_C_A,2.5
164,0.456,CYS, ,C,22.94,14.84,0.0,2.94,1.0,<Residue CYS het=  resseq=53 icode= >,1zme_C_A,2.5
165,0.327,CYS, ,O,26.53,15.89,0.0,1.55,1.0,<Residue CYS het=  resseq=53 icode= >,1zme_C_A,2.5
166,0.0,CYS, ,CB,21.18,13.35,0.0,0.95,1.0,<Residue CYS het=  resseq=53 icode= >,1zme_C_A,2.5
167,0.103,CYS, ,SG,19.56,12.14,0.0,3.89,1.0,<Residue CYS het=  resseq=53 icode= >,1zme_C_A,2.5
168,0.0,VAL, ,N,22.45,14.88,0.0,2.31,1.0,<Residue VAL het=  resseq=54 icode= >,1zme_C_A,2.5
169,6.293,VAL, ,CA,23.49,16.18,0.0,2.36,1.0,<Residue VAL het=  resseq=54 icode= >,1zme_C_A,2.5
170,0.0,VAL, ,C,24.42,16.70,0.0,2.77,1.0,<Residue VAL het=  resseq=54 icode= >,1zme_C_A,2.5
171,10.326,VAL, ,O,22.21,17.26,0.0,1.79,1.0,<Residue VAL het=  resseq=54 icode= >,1zme_C_A,2.5
172,0.0,VAL, ,CB,24.59,16.22,0.0,1.96,1.0,<Residue VAL het=  resseq=54 icode= >,1zme_C_A,2.5
173,45.687,VAL, ,CG1,23.44,17.59,0.0,1.28,1.0,<Residue VAL het=  resseq=54 icode= >,1zme_C_A,2.5
174,17.962,VAL, ,CG2,26.86,16.09,0.0,0.86,1.0,<Residue VAL het=  resseq=54 icode= >,1zme_C_A,2.5
175,0.0,THR, ,N,23.97,16.01,0.0,1.93,1.0,<Residue THR het=  resseq=55 icode= >,1zme_C_A,2.5
176,9.806,THR, ,CA,24.44,15.70,0.0,1.93,1.0,<Residue THR het=  resseq=55 icode= >,1zme_C_A,2.5
177,0.85,THR, ,C,27.52,15.07,0.0,2.74,1.0,<Residue THR het=  resseq=55 icode= >,1zme_C_A,2.5
178,31.22,THR, ,O,33.25,15.08,0.0,1.95,1.0,<Residue THR het=  resseq=55 icode= >,1zme_C_A,2.5
179,16.891,THR, ,CB,20.65,14.72,0.0,2.29,1.0,<Residue THR het=  resseq=55 icode= >,1zme_C_A,2.5
180,8.73,THR, ,OG1,28.79,13.52,0.0,0.94,1.0,<Residue THR het=  resseq=55 icode= >,1zme_C_A,2.5
181,46.281,THR, ,CG2,12.44,15.27,0.0,1.53,1.0,<Residue THR het=  resseq=55 icode= >,1zme_C_A,2.5
182,0.0,SER, ,N,28.08,14.68,0.0,1.82,1.0,<Residue SER het=  resseq=56 icode= >,1zme_C_A,2.5
183,6.832,SER, ,CA,24.99,14.30,0.0,2.33,1.0,<Residue SER het=  resseq=56 icode= >,1zme_C_A,2.5
184,2.687,SER, ,C,25.13,15.35,0.0,3.09,1.0,<Residue SER het=  resseq=56 icode= >,1zme_C_A,2.5
185,16.033,SER, ,O,27.01,15.04,0.0,1.88,1.0,<Residue SER het=  resseq=56 icode= >,1zme_C_A,2.5
186,27.419,SER, ,CB,28.5,12.91,0.0,1.09,1.0,<Residue SER het=  resseq=56 icode= >,1zme_C_A,2.5
187,1.437,SER, ,OG,21.36,12.80,0.0,1.17,1.0,<Residue SER het=  resseq=56 icode= >,1zme_C_A,2.5
188,0.409,ASN, ,N,25.98,16.46,0.0,2.10,1.0,<Residue ASN het=  resseq=57 icode= >,1zme_C_A,2.5
189,4.626,ASN, ,CA,28.08,17.53,0.0,1.59,1.0,<Residue ASN het=  resseq=57 icode= >,1zme_C_A,2.5
190,1.489,ASN, ,C,27.88,17.05,0.0,2.63,1.0,<Residue ASN het=  resseq=57 icode= >,1zme_C_A,2.5
191,15.716,ASN, ,O,26.71,16.89,0.0,1.99,1.0,<Residue ASN het=  resseq=57 icode= >,1zme_C_A,2.5
192,28.155,ASN, ,CB,27.25,18.29,0.0,1.49,1.0,<Residue ASN het=  resseq=57 icode= >,1zme_C_A,2.5
193,6.268,ASN, ,CG,25.58,19.29,0.0,3.07,1.0,<Residue ASN het=  resseq=57 icode= >,1zme_C_A,2.5
194,37.362,ASN, ,OD1,26.08,20.32,0.0,1.75,1.0,<Residue ASN het=  resseq=57 icode= >,1zme_C_A,2.5
195,50.06,ASN, ,ND2,27.42,19.08,0.0,1.47,1.0,<Residue ASN het=  resseq=57 icode= >,1zme_C_A,2.5
196,0.0,ALA, ,N,27.15,16.29,0.0,1.73,1.0,<Residue ALA het=  resseq=58 icode= >,1zme_C_A,2.5
197,6.906,ALA, ,CA,26.36,15.90,0.0,1.95,1.0,<Residue ALA het=  resseq=58 icode= >,1zme_C_A,2.5
198,1.399,ALA, ,C,26.95,16.14,0.0,2.33,1.0,<Residue ALA het=  resseq=58 icode= >,1zme_C_A,2.5
199,10.059,ALA, ,O,28.08,16.36,0.0,1.62,1.0,<Residue ALA het=  resseq=58 icode= >,1zme_C_A,2.5
200,9.859,ALA, ,CB,24.42,14.41,0.0,1.62,1.0,<Residue ALA het=  resseq=58 icode= >,1zme_C_A,2.5
201,4.179,ILE, ,N,26.7,15.96,0.0,1.43,1.0,<Residue ILE het=  resseq=59 icode= >,1zme_C_A,2.5
202,4.087,ILE, ,CA,23.9,15.90,0.0,1.96,1.0,<Residue ILE het=  resseq=59 icode= >,1zme_C_A,2.5
203,0.0,ILE, ,C,24.21,14.48,0.0,2.66,1.0,<Residue ILE het=  resseq=59 icode= >,1zme_C_A,2.5
204,8.81,ILE, ,O,27.0,13.53,0.0,1.83,1.0,<Residue ILE het=  resseq=59 icode= >,1zme_C_A,2.5
205,3.977,ILE, ,CB,20.63,16.45,0.0,2.11,1.0,<Residue ILE het=  resseq=59 icode= >,1zme_C_A,2.5
206,23.945,ILE, ,CG1,18.79,17.79,0.0,1.86,1.0,<Residue ILE het=  resseq=59 icode= >,1zme_C_A,2.5
207,34.334,ILE, ,CG2,24.25,16.60,0.0,1.05,1.0,<Residue ILE het=  resseq=59 icode= >,1zme_C_A,2.5
208,69.332,ILE, ,CD1,21.71,18.39,0.0,0.82,1.0,<Residue ILE het=  resseq=59 icode= >,1zme_C_A,2.5
209,2.897,CYS, ,N,24.08,14.25,0.0,1.67,1.0,<Residue CYS het=  resseq=60 icode= >,1zme_C_A,2.5
210,0.0,CYS, ,CA,24.32,12.94,0.0,1.54,1.0,<Residue CYS het=  resseq=60 icode= >,1zme_C_A,2.5
211,0.0,CYS, ,C,21.54,12.50,0.0,2.69,1.0,<Residue CYS het=  resseq=60 icode= >,1zme_C_A,2.5
212,10.815,CYS, ,O,22.28,13.19,0.0,2.16,1.0,<Residue CYS het=  resseq=60 icode= >,1zme_C_A,2.5
213,0.306,CYS, ,CB,23.76,13.13,0.0,1.34,1.0,<Residue CYS het=  resseq=60 icode= >,1zme_C_A,2.5
214,0.0,CYS, ,SG,21.51,11.71,0.0,4.10,1.0,<Residue CYS het=  resseq=60 icode= >,1zme_C_A,2.5
215,0.302,GLU, ,N,21.65,11.50,0.0,1.86,1.0,<Residue GLU het=  resseq=61 icode= >,1zme_C_A,2.5
216,3.071,GLU, ,CA,23.95,11.24,0.0,1.98,1.0,<Residue GLU het=  resseq=61 icode= >,1zme_C_A,2.5
217,0.0,GLU, ,C,26.05,9.80,0.0,2.58,1.0,<Residue GLU het=  resseq=61 icode= >,1zme_C_A,2.5
218,0.0,GLU, ,O,24.61,8.93,0.0,1.87,1.0,<Residue GLU het=  resseq=61 icode= >,1zme_C_A,2.5
219,1.867,GLU, ,CB,18.93,11.83,0.0,1.81,1.0,<Residue GLU het=  resseq=61 icode= >,1zme_C_A,2.5
220,8.894,GLU, ,CG,18.07,13.33,0.0,1.68,1.0,<Residue GLU het=  resseq=61 icode= >,1zme_C_A,2.5
221,4.005,GLU, ,CD,28.84,13.99,0.0,2.50,1.0,<Residue GLU het=  resseq=61 icode= >,1zme_C_A,2.5
222,27.681,GLU, ,OE1,26.67,13.91,0.0,2.42,1.0,<Residue GLU het=  resseq=61 icode= >,1zme_C_A,2.5
223,30.83,GLU, ,OE2,33.41,14.72,0.0,1.46,1.0,<Residue GLU het=  resseq=61 icode= >,1zme_C_A,2.5
224,4.289,TYR, ,N,27.49,9.71,0.0,2.01,1.0,<Residue TYR het=  resseq=62 icode= >,1zme_C_A,2.5
225,1.702,TYR, ,CA,28.7,8.54,0.0,2.33,1.0,<Residue TYR het=  resseq=62 icode= >,1zme_C_A,2.5
226,1.501,TYR, ,C,33.26,9.06,0.0,3.03,1.0,<Residue TYR het=  resseq=62 icode= >,1zme_C_A,2.5
227,21.538,TYR, ,O,37.81,9.87,0.0,1.75,1.0,<Residue TYR het=  resseq=62 icode= >,1zme_C_A,2.5
228,22.157,TYR, ,CB,26.82,8.60,0.0,1.26,1.0,<Residue TYR het=  resseq=62 icode= >,1zme_C_A,2.5
229,1.431,TYR, ,CG,24.05,8.31,0.0,1.42,1.0,<Residue TYR het=  resseq=62 icode= >,1zme_C_A,2.5
230,3.478,TYR, ,CD1,21.91,7.09,0.0,1.36,1.0,<Residue TYR het=  resseq=62 icode= >,1zme_C_A,2.5
231,5.101,TYR, ,CD2,20.17,9.45,0.0,1.77,1.0,<Residue TYR het=  resseq=62 icode= >,1zme_C_A,2.5
232,3.835,TYR, ,CE1,20.89,7.16,0.0,1.03,1.0,<Residue TYR het=  resseq=62 icode= >,1zme_C_A,2.5
233,2.296,TYR, ,CE2,24.07,9.51,0.0,0.70,1.0,<Residue TYR het=  resseq=62 icode= >,1zme_C_A,2.5
234,3.264,TYR, ,CZ,22.65,8.44,0.0,2.04,1.0,<Residue TYR het=  resseq=62 icode= >,1zme_C_A,2.5
235,0.008,TYR, ,OH,21.79,8.64,0.0,1.70,1.0,<Residue TYR het=  resseq=62 icode= >,1zme_C_A,2.5
236,0.772,LEU, ,N,37.46,8.89,0.0,1.72,1.0,<Residue LEU het=  resseq=63 icode= >,1zme_C_A,2.5
237,0.342,LEU, ,CA,41.44,9.73,0.0,1.12,1.0,<Residue LEU het=  resseq=63 icode= >,1zme_C_A,2.5
238,0.912,LEU, ,C,38.8,9.33,0.0,2.50,1.0,<Residue LEU het=  resseq=63 icode= >,1zme_C_A,2.5
239,10.558,LEU, ,O,38.09,8.21,0.0,1.78,1.0,<Residue LEU het=  resseq=63 icode= >,1zme_C_A,2.5
240,13.718,LEU, ,CB,48.5,10.34,0.0,0.39,1.0,<Residue LEU het=  resseq=63 icode= >,1zme_C_A,2.5
241,0.0,LEU, ,CG,51.69,11.20,0.0,0.48,1.0,<Residue LEU het=  resseq=63 icode= >,1zme_C_A,2.5
242,36.125,LEU, ,CD1,50.83,12.02,0.0,0.34,1.0,<Residue LEU het=  resseq=63 icode= >,1zme_C_A,2.5
243,34.658,LEU, ,CD2,48.81,12.26,0.0,0.55,1.0,<Residue LEU het=  resseq=63 icode= >,1zme_C_A,2.5
244,7.874,GLU, ,N,35.67,10.41,0.0,2.18,1.0,<Residue GLU het=  resseq=64 icode= >,1zme_C_A,2.5
245,5.158,GLU, ,CA,33.51,10.59,0.0,2.09,1.0,<Residue GLU het=  resseq=64 icode= >,1zme_C_A,2.5
246,0.0,GLU, ,C,30.33,9.37,0.0,2.62,1.0,<Residue GLU het=  resseq=64 icode= >,1zme_C_A,2.5
247,16.784,GLU, ,O,30.37,8.99,0.0,1.85,1.0,<Residue GLU het=  resseq=64 icode= >,1zme_C_A,2.5
248,26.869,GLU, ,CB,36.55,11.76,0.0,1.79,1.0,<Residue GLU het=  resseq=64 icode= >,1zme_C_A,2.5
249,19.618,GLU, ,CG,38.1,11.74,0.0,1.40,1.0,<Residue GLU het=  resseq=64 icode= >,1zme_C_A,2.5
250,4.567,GLU, ,CD,40.06,12.27,0.0,1.73,1.0,<Residue GLU het=  resseq=64 icode= >,1zme_C_A,2.5
251,37.651,GLU, ,OE1,36.76,13.52,0.0,1.87,1.0,<Residue GLU het=  resseq=64 icode= >,1zme_C_A,2.5
252,11.011,GLU, ,OE2,35.03,11.54,0.0,1.15,1.0,<Residue GLU het=  resseq=64 icode= >,1zme_C_A,2.5
253,0.0,PRO, ,N,25.79,8.69,0.0,2.88,1.0,<Residue PRO het=  resseq=65 icode= >,1zme_C_A,2.5
254,9.123,PRO, ,CA,20.4,7.33,0.0,2.86,1.0,<Residue PRO het=  resseq=65 icode= >,1zme_C_A,2.5
255,0.0,PRO, ,C,21.05,7.43,0.0,3.19,1.0,<Residue PRO het=  resseq=65 icode= >,1zme_C_A,2.5
256,0.969,PRO, ,O,26.15,8.48,0.0,1.74,1.0,<Residue PRO het=  resseq=65 icode= >,1zme_C_A,2.5
257,27.212,PRO, ,CB,16.72,7.30,0.0,2.05,1.0,<Residue PRO het=  resseq=65 icode= >,1zme_C_A,2.5
258,42.35,PRO, ,CG,16.81,8.25,0.0,2.05,1.0,<Residue PRO het=  resseq=65 icode= >,1zme_C_A,2.5
259,22.789,PRO, ,CD,20.63,9.26,0.0,2.55,1.0,<Residue PRO het=  resseq=65 icode= >,1zme_C_A,2.5
260,4.456,SER, ,N,20.95,6.58,0.0,1.88,1.0,<Residue SER het=  resseq=66 icode= >,1zme_C_A,2.5
261,8.155,SER, ,CA,21.83,7.05,0.0,1.65,1.0,<Residue SER het=  resseq=66 icode= >,1zme_C_A,2.5
262,0.0,SER, ,C,21.42,7.20,0.0,2.82,1.0,<Residue SER het=  resseq=66 icode= >,1zme_C_A,2.5
263,2.602,SER, ,O,23.42,6.47,0.0,2.06,1.0,<Residue SER het=  resseq=66 icode= >,1zme_C_A,2.5
264,43.309,SER, ,CB,20.11,6.40,19.893,2.03,1.0,<Residue SER het=  resseq=66 icode= >,1zme_C_A,2.5
265,16.607,SER, ,OG,20.54,5.01,9.009,2.02,1.0,<Residue SER het=  resseq=66 icode= >,1zme_C_A,2.5
266,4.058,LYS, ,N,19.1,8.39,0.219,2.56,1.0,<Residue LYS het=  resseq=67 icode= >,1zme_C_A,2.5
267,4.054,LYS, ,CA,22.42,8.95,0.0,2.14,1.0,<Residue LYS het=  resseq=67 icode= >,1zme_C_A,2.5
268,0.0,LYS, ,C,21.03,7.86,0.0,3.19,1.0,<Residue LYS het=  resseq=67 icode= >,1zme_C_A,2.5
269,16.696,LYS, ,O,18.96,6.93,16.67,2.57,1.0,<Residue LYS het=  resseq=67 icode= >,1zme_C_A,2.5
270,25.49,LYS, ,CB,24.91,10.02,8.238,1.79,1.0,<Residue LYS het=  resseq=67 icode= >,1zme_C_A,2.5
271,27.638,LYS, ,CG,31.63,11.23,0.0,1.15,1.0,<Residue LYS het=  resseq=67 icode= >,1zme_C_A,2.5
272,18.31,LYS, ,CD,34.19,11.07,0.0,1.24,1.0,<Residue LYS het=  resseq=67 icode= >,1zme_C_A,2.5
273,18.114,LYS, ,CE,38.19,12.13,0.0,1.33,1.0,<Residue LYS het=  resseq=67 icode= >,1zme_C_A,2.5
274,44.693,LYS, ,NZ,44.71,12.97,0.0,1.16,1.0,<Residue LYS het=  resseq=67 icode= >,1zme_C_A,2.5
275,5.023,LYS, ,N,17.67,7.75,0.0,2.52,1.0,<Residue LYS het=  resseq=68 icode= >,1zme_C_A,2.5
276,2.197,LYS, ,CA,14.07,6.95,2.197,2.26,1.0,<Residue LYS het=  resseq=68 icode= >,1zme_C_A,2.5
277,0.989,LYS, ,C,14.99,7.35,0.034,3.77,1.0,<Residue LYS het=  resseq=68 icode= >,1zme_C_A,2.5
278,21.363,LYS, ,O,15.94,7.23,0.0,2.83,1.0,<Residue LYS het=  resseq=68 icode= >,1zme_C_A,2.5
279,27.598,LYS, ,CB,11.8,6.49,15.318,1.96,1.0,<Residue LYS het=  resseq=68 icode= >,1zme_C_A,2.5
280,24.205,LYS, ,CG,12.92,5.68,2.857,1.46,1.0,<Residue LYS het=  resseq=68 icode= >,1zme_C_A,2.5
281,21.207,LYS, ,CD,10.8,4.45,20.93,1.67,1.0,<Residue LYS het=  resseq=68 icode= >,1zme_C_A,2.5
282,43.067,LYS, ,CE,6.11,3.36,31.178,2.32,1.0,<Residue LYS het=  resseq=68 icode= >,1zme_C_A,2.5
283,10.529,LYS, ,NZ,10.23,3.90,1.566,2.04,1.0,<Residue LYS het=  resseq=68 icode= >,1zme_C_A,2.5
284,1.234,ILE, ,N,16.3,7.49,1.234,2.14,1.0,<Residue ILE het=  resseq=69 icode= >,1zme_C_A,2.5
285,6.251,ILE, ,CA,11.48,7.47,0.0,2.76,1.0,<Residue ILE het=  resseq=69 icode= >,1zme_C_A,2.5
286,0.954,ILE, ,C,11.22,6.82,0.826,4.31,1.0,<Residue ILE het=  resseq=69 icode= >,1zme_C_A,2.5
287,21.031,ILE, ,O,14.6,6.71,21.031,2.86,1.0,<Residue ILE het=  resseq=69 icode= >,1zme_C_A,2.5
288,3.488,ILE, ,CB,10.0,8.83,0.0,2.75,1.0,<Residue ILE het=  resseq=69 icode= >,1zme_C_A,2.5
289,13.203,ILE, ,CG1,12.35,7.51,13.203,1.85,1.0,<Residue ILE het=  resseq=69 icode= >,1zme_C_A,2.5
290,44.275,ILE, ,CG2,6.13,9.47,10.277,2.23,1.0,<Residue ILE het=  resseq=69 icode= >,1zme_C_A,2.5
291,47.674,ILE, ,CD1,19.84,7.85,38.921,0.50,1.0,<Residue ILE het=  resseq=69 icode= >,1zme_C_A,2.5
292,3.265,VAL, ,N,14.17,6.64,0.0,2.99,1.0,<Residue VAL het=  resseq=70 icode= >,1zme_C_A,2.5
293,4.983,VAL, ,CA,17.46,5.91,4.983,1.86,1.0,<Residue VAL het=  resseq=70 icode= >,1zme_C_A,2.5
294,0.0,VAL, ,C,19.88,6.66,0.0,3.15,1.0,<Residue VAL het=  resseq=70 icode= >,1zme_C_A,2.5
295,15.104,VAL, ,O,20.83,7.09,0.0,2.50,1.0,<Residue VAL het=  resseq=70 icode= >,1zme_C_A,2.5
296,12.466,VAL, ,CB,16.97,4.32,12.101,2.13,1.0,<Residue VAL het=  resseq=70 icode= >,1zme_C_A,2.5
297,59.217,VAL, ,CG1,12.17,3.90,45.046,1.54,1.0,<Residue VAL het=  resseq=70 icode= >,1zme_C_A,2.5
298,53.334,VAL, ,CG2,21.41,4.14,29.049,0.51,1.0,<Residue VAL het=  resseq=70 icode= >,1zme_C_A,2.5
299,1.76,VAL, ,N,21.12,7.04,1.76,2.33,1.0,<Residue VAL het=  resseq=71 icode= >,1zme_C_A,2.5
300,7.621,VAL, ,CA,16.54,7.91,1.499,2.49,1.0,<Residue VAL het=  resseq=71 icode= >,1zme_C_A,2.5
301,4.159,VAL, ,C,17.8,7.76,4.159,3.93,1.0,<Residue VAL het=  resseq=71 icode= >,1zme_C_A,2.5
302,18.631,VAL, ,O,13.29,7.23,18.631,3.08,1.0,<Residue VAL het=  resseq=71 icode= >,1zme_C_A,2.5
303,1.049,VAL, ,CB,16.98,9.11,0.0,2.40,1.0,<Residue VAL het=  resseq=71 icode= >,1zme_C_A,2.5
304,27.367,VAL, ,CG1,27.96,9.63,9.046,0.48,1.0,<Residue VAL het=  resseq=71 icode= >,1zme_C_A,2.5
305,19.844,VAL, ,CG2,10.05,7.61,19.844,2.34,1.0,<Residue VAL het=  resseq=71 icode= >,1zme_C_A,2.5
306,7.426,SER, ,N,18.6,8.45,2.174,2.89,1.0,<Residue SER het=  resseq=72 icode= >,1zme_C_A,2.5
307,8.041,SER, ,CA,21.43,8.13,8.041,2.39,1.0,<Residue SER het=  resseq=72 icode= >,1zme_C_A,2.5
308,0.0,SER, ,C,16.49,7.76,0.0,3.49,1.0,<Residue SER het=  resseq=72 icode= >,1zme_C_A,2.5
309,0.0,SER, ,O,20.59,7.74,0.0,2.55,1.0,<Residue SER het=  resseq=72 icode= >,1zme_C_A,2.5
310,29.331,SER, ,CB,22.53,8.41,8.269,2.61,1.0,<Residue SER het=  resseq=72 icode= >,1zme_C_A,2.5
311,18.117,SER, ,OG,33.74,8.12,12.915,1.60,1.0,<Residue SER het=  resseq=72 icode= >,1zme_C_A,2.5
312,3.869,THR, ,N,15.55,6.75,3.869,2.97,1.0,<Residue THR het=  resseq=73 icode= >,1zme_C_A,2.5
313,1.7,THR, ,CA,16.79,5.48,1.7,1.83,1.0,<Residue THR het=  resseq=73 icode= >,1zme_C_A,2.5
314,0.0,THR, ,C,15.56,6.07,0.0,2.94,1.0,<Residue THR het=  resseq=73 icode= >,1zme_C_A,2.5
315,0.0,THR, ,O,19.56,5.85,0.0,2.13,1.0,<Residue THR het=  resseq=73 icode= >,1zme_C_A,2.5
316,14.81,THR, ,CB,15.23,4.65,11.582,2.42,1.0,<Residue THR het=  resseq=73 icode= >,1zme_C_A,2.5
317,34.221,THR, ,OG1,16.86,4.59,33.213,2.71,1.0,<Residue THR het=  resseq=73 icode= >,1zme_C_A,2.5
318,34.312,THR, ,CG2,19.11,3.43,24.269,0.54,1.0,<Residue THR het=  resseq=73 icode= >,1zme_C_A,2.5
319,1.285,LYS, ,N,14.45,7.17,0.098,1.94,1.0,<Residue LYS het=  resseq=74 icode= >,1zme_C_A,2.5
320,6.016,LYS, ,CA,9.0,8.12,0.0,2.36,1.0,<Residue LYS het=  resseq=74 icode= >,1zme_C_A,2.5
321,0.068,LYS, ,C,11.69,8.86,0.0,3.20,1.0,<Residue LYS het=  resseq=74 icode= >,1zme_C_A,2.5
322,2.046,LYS, ,O,9.82,9.19,0.0,2.88,1.0,<Residue LYS het=  resseq=74 icode= >,1zme_C_A,2.5
323,12.227,LYS, ,CB,6.45,9.23,0.0,2.44,1.0,<Residue LYS het=  resseq=74 icode= >,1zme_C_A,2.5
324,14.878,LYS, ,CG,9.1,10.35,0.0,2.28,1.0,<Residue LYS het=  resseq=74 icode= >,1zme_C_A,2.5
325,33.31,LYS, ,CD,11.3,10.80,2.32,2.51,1.0,<Residue LYS het=  resseq=74 icode= >,1zme_C_A,2.5
326,50.113,LYS, ,CE,27.41,11.74,0.119,0.98,1.0,<Residue LYS het=  resseq=74 icode= >,1zme_C_A,2.5
327,43.384,LYS, ,NZ,33.34,12.98,0.0,0.52,1.0,<Residue LYS het=  resseq=74 icode= >,1zme_C_A,2.5
328,0.56,TYR, ,N,12.1,9.38,0.0,3.44,1.0,<Residue TYR het=  resseq=75 icode= >,1zme_C_A,2.5
329,5.76,TYR, ,CA,11.26,10.29,0.0,3.20,1.0,<Residue TYR het=  resseq=75 icode= >,1zme_C_A,2.5
330,0.0,TYR, ,C,15.77,9.34,0.0,3.67,1.0,<Residue TYR het=  resseq=75 icode= >,1zme_C_A,2.5
331,0.242,TYR, ,O,21.88,9.45,0.0,2.72,1.0,<Residue TYR het=  resseq=75 icode= >,1zme_C_A,2.5
332,13.474,TYR, ,CB,7.5,10.99,0.0,2.47,1.0,<Residue TYR het=  resseq=75 icode= >,1zme_C_A,2.5
333,2.693,TYR, ,CG,7.57,11.57,0.0,3.25,1.0,<Residue TYR het=  resseq=75 icode= >,1zme_C_A,2.5
334,23.851,TYR, ,CD1,9.58,12.67,0.0,2.62,1.0,<Residue TYR het=  resseq=75 icode= >,1zme_C_A,2.5
335,4.139,TYR, ,CD2,12.95,10.72,0.816,1.67,1.0,<Residue TYR het=  resseq=75 icode= >,1zme_C_A,2.5
336,31.637,TYR, ,CE1,10.01,13.14,0.0,2.49,1.0,<Residue TYR het=  resseq=75 icode= >,1zme_C_A,2.5
337,17.494,TYR, ,CE2,7.82,11.18,12.599,2.41,1.0,<Residue TYR het=  resseq=75 icode= >,1zme_C_A,2.5
338,4.524,TYR, ,CZ,8.96,12.40,0.105,3.08,1.0,<Residue TYR het=  resseq=75 icode= >,1zme_C_A,2.5
339,35.646,TYR, ,OH,14.93,13.06,18.371,2.37,1.0,<Residue TYR het=  resseq=75 icode= >,1zme_C_A,2.5
340,0.0,LEU, ,N,17.62,8.30,0.0,2.29,1.0,<Residue LEU het=  resseq=76 icode= >,1zme_C_A,2.5
341,0.0,LEU, ,CA,19.35,7.04,0.0,2.29,1.0,<Residue LEU het=  resseq=76 icode= >,1zme_C_A,2.5
342,0.0,LEU, ,C,20.42,6.59,0.0,3.36,1.0,<Residue LEU het=  resseq=76 icode= >,1zme_C_A,2.5
343,0.0,LEU, ,O,24.11,6.68,0.0,2.28,1.0,<Residue LEU het=  resseq=76 icode= >,1zme_C_A,2.5
344,0.0,LEU, ,CB,17.32,6.12,0.0,1.59,1.0,<Residue LEU het=  resseq=76 icode= >,1zme_C_A,2.5
345,0.0,LEU, ,CG,13.51,4.82,0.0,2.60,1.0,<Residue LEU het=  resseq=76 icode= >,1zme_C_A,2.5
346,31.503,LEU, ,CD1,9.37,4.99,31.503,1.99,1.0,<Residue LEU het=  resseq=76 icode= >,1zme_C_A,2.5
347,42.204,LEU, ,CD2,11.39,3.87,42.204,1.28,1.0,<Residue LEU het=  resseq=76 icode= >,1zme_C_A,2.5
348,0.0,GLN, ,N,18.81,6.57,0.0,2.68,1.0,<Residue GLN het=  resseq=77 icode= >,1zme_C_A,2.5
349,0.251,GLN, ,CA,18.64,6.57,0.0,3.09,1.0,<Residue GLN het=  resseq=77 icode= >,1zme_C_A,2.5
350,1.306,GLN, ,C,18.67,7.81,0.0,4.09,1.0,<Residue GLN het=  resseq=77 icode= >,1zme_C_A,2.5
351,2.803,GLN, ,O,19.42,7.99,0.0,2.86,1.0,<Residue GLN het=  resseq=77 icode= >,1zme_C_A,2.5
352,17.814,GLN, ,CB,17.53,6.49,0.0,2.08,1.0,<Residue GLN het=  resseq=77 icode= >,1zme_C_A,2.5
353,2.924,GLN, ,CG,23.56,5.01,1.113,1.00,1.0,<Residue GLN het=  resseq=77 icode= >,1zme_C_A,2.5
354,3.653,GLN, ,CD,27.65,4.20,0.0,2.17,1.0,<Residue GLN het=  resseq=77 icode= >,1zme_C_A,2.5
355,24.769,GLN, ,OE1,33.48,4.36,0.893,2.16,1.0,<Residue GLN het=  resseq=77 icode= >,1zme_C_A,2.5
356,49.175,GLN, ,NE2,27.0,3.21,29.706,1.29,1.0,<Residue GLN het=  resseq=77 icode= >,1zme_C_A,2.5
357,0.586,GLN, ,N,21.19,8.86,0.0,2.32,1.0,<Residue GLN het=  resseq=78 icode= >,1zme_C_A,2.5
358,0.007,GLN, ,CA,23.93,10.09,0.0,2.17,1.0,<Residue GLN het=  resseq=78 icode= >,1zme_C_A,2.5
359,0.433,GLN, ,C,25.19,10.07,0.0,2.78,1.0,<Residue GLN het=  resseq=78 icode= >,1zme_C_A,2.5
360,0.0,GLN, ,O,28.36,10.83,0.0,2.01,1.0,<Residue GLN het=  resseq=78 icode= >,1zme_C_A,2.5
361,7.702,GLN, ,CB,22.4,11.32,0.0,1.58,1.0,<Residue GLN het=  resseq=78 icode= >,1zme_C_A,2.5
362,25.263,GLN, ,CG,21.69,12.62,0.0,2.04,1.0,<Residue GLN het=  resseq=78 icode= >,1zme_C_A,2.5
363,5.369,GLN, ,CD,23.48,12.93,0.0,2.92,1.0,<Residue GLN het=  resseq=78 icode= >,1zme_C_A,2.5
364,12.53,GLN, ,OE1,22.39,13.51,0.0,2.04,1.0,<Residue GLN het=  resseq=78 icode= >,1zme_C_A,2.5
365,40.866,GLN, ,NE2,22.91,12.19,0.0,1.66,1.0,<Residue GLN het=  resseq=78 icode= >,1zme_C_A,2.5
366,0.458,LEU, ,N,23.81,9.39,0.0,2.18,1.0,<Residue LEU het=  resseq=79 icode= >,1zme_C_A,2.5
367,3.859,LEU, ,CA,20.48,9.58,0.719,2.59,1.0,<Residue LEU het=  resseq=79 icode= >,1zme_C_A,2.5
368,0.289,LEU, ,C,17.26,8.98,0.289,3.41,1.0,<Residue LEU het=  resseq=79 icode= >,1zme_C_A,2.5
369,0.088,LEU, ,O,18.54,9.77,0.088,2.15,1.0,<Residue LEU het=  resseq=79 icode= >,1zme_C_A,2.5
370,0.497,LEU, ,CB,21.01,9.17,0.497,1.42,1.0,<Residue LEU het=  resseq=79 icode= >,1zme_C_A,2.5
371,3.259,LEU, ,CG,23.52,10.25,0.0,1.78,1.0,<Residue LEU het=  resseq=79 icode= >,1zme_C_A,2.5
372,33.587,LEU, ,CD1,22.68,9.78,33.587,0.93,1.0,<Residue LEU het=  resseq=79 icode= >,1zme_C_A,2.5
373,48.61,LEU, ,CD2,26.39,10.88,45.347,0.69,1.0,<Residue LEU het=  resseq=79 icode= >,1zme_C_A,2.5
374,0.044,GLN, ,N,17.63,7.72,0.044,1.98,1.0,<Residue GLN het=  resseq=80 icode= >,1zme_C_A,2.5
375,4.598,GLN, ,CA,17.85,7.27,3.685,1.85,1.0,<Residue GLN het=  resseq=80 icode= >,1zme_C_A,2.5
376,0.924,GLN, ,C,21.13,8.25,0.0,2.90,1.0,<Residue GLN het=  resseq=80 icode= >,1zme_C_A,2.5
377,2.315,GLN, ,O,23.57,8.95,0.0,1.91,1.0,<Residue GLN het=  resseq=80 icode= >,1zme_C_A,2.5
378,18.544,GLN, ,CB,10.3,5.83,0.536,2.26,1.0,<Residue GLN het=  resseq=80 icode= >,1zme_C_A,2.5
379,12.265,GLN, ,CG,11.43,4.89,11.379,2.55,1.0,<Residue GLN het=  resseq=80 icode= >,1zme_C_A,2.5
380,3.077,GLN, ,CD,16.62,3.47,0.038,3.25,1.0,<Residue GLN het=  resseq=80 icode= >,1zme_C_A,2.5
381,13.001,GLN, ,OE1,20.19,3.48,3.73,2.30,1.0,<Residue GLN het=  resseq=80 icode= >,1zme_C_A,2.5
382,44.217,GLN, ,NE2,19.59,2.66,37.278,1.98,1.0,<Residue GLN het=  resseq=80 icode= >,1zme_C_A,2.5
383,0.517,LYS, ,N,18.71,8.54,0.0,2.83,1.0,<Residue LYS het=  resseq=81 icode= >,1zme_C_A,2.5
384,5.647,LYS, ,CA,17.19,9.66,0.0,2.57,1.0,<Residue LYS het=  resseq=81 icode= >,1zme_C_A,2.5
385,0.0,LYS, ,C,19.01,10.93,0.0,3.08,1.0,<Residue LYS het=  resseq=81 icode= >,1zme_C_A,2.5
386,0.0,LYS, ,O,23.68,11.70,0.0,2.18,1.0,<Residue LYS het=  resseq=81 icode= >,1zme_C_A,2.5
387,6.466,LYS, ,CB,16.59,10.03,0.0,1.72,1.0,<Residue LYS het=  resseq=81 icode= >,1zme_C_A,2.5
388,11.758,LYS, ,CG,25.47,11.24,0.0,1.31,1.0,<Residue LYS het=  resseq=81 icode= >,1zme_C_A,2.5
389,17.555,LYS, ,CD,29.58,11.98,0.0,0.49,1.0,<Residue LYS het=  resseq=81 icode= >,1zme_C_A,2.5
390,43.288,LYS, ,CE,34.82,13.27,0.0,1.20,1.0,<Residue LYS het=  resseq=81 icode= >,1zme_C_A,2.5
391,15.572,LYS, ,NZ,29.48,14.20,0.0,1.38,1.0,<Residue LYS het=  resseq=81 icode= >,1zme_C_A,2.5
392,0.0,ASP, ,N,17.06,11.30,0.0,2.90,1.0,<Residue ASP het=  resseq=82 icode= >,1zme_C_A,2.5
393,1.428,ASP, ,CA,18.15,12.60,0.0,2.07,1.0,<Residue ASP het=  resseq=82 icode= >,1zme_C_A,2.5
394,0.605,ASP, ,C,18.46,12.73,0.605,3.03,1.0,<Residue ASP het=  resseq=82 icode= >,1zme_C_A,2.5
395,0.507,ASP, ,O,19.26,13.81,0.0,1.93,1.0,<Residue ASP het=  resseq=82 icode= >,1zme_C_A,2.5
396,19.568,ASP, ,CB,21.12,13.08,14.697,1.81,1.0,<Residue ASP het=  resseq=82 icode= >,1zme_C_A,2.5
397,7.736,ASP, ,CG,24.59,13.57,0.0,2.99,1.0,<Residue ASP het=  resseq=82 icode= >,1zme_C_A,2.5
398,13.32,ASP, ,OD1,31.89,13.89,0.0,1.52,1.0,<Residue ASP het=  resseq=82 icode= >,1zme_C_A,2.5
399,26.214,ASP, ,OD2,34.53,13.84,3.931,1.79,1.0,<Residue ASP het=  resseq=82 icode= >,1zme_C_A,2.5
400,0.576,LEU, ,N,16.31,11.78,0.576,2.44,1.0,<Residue LEU het=  resseq=83 icode= >,1zme_C_A,2.5
401,4.959,LEU, ,CA,14.51,12.06,4.959,2.59,1.0,<Residue LEU het=  resseq=83 icode= >,1zme_C_A,2.5
402,0.0,LEU, ,C,16.53,12.29,0.0,3.39,1.0,<Residue LEU het=  resseq=83 icode= >,1zme_C_A,2.5
403,0.0,LEU, ,O,17.99,13.26,0.0,2.83,1.0,<Residue LEU het=  resseq=83 icode= >,1zme_C_A,2.5
404,3.807,LEU, ,CB,12.42,11.05,3.788,1.87,1.0,<Residue LEU het=  resseq=83 icode= >,1zme_C_A,2.5
405,5.69,LEU, ,CG,14.41,11.48,0.0,1.66,1.0,<Residue LEU het=  resseq=83 icode= >,1zme_C_A,2.5
406,41.737,LEU, ,CD1,5.77,12.98,40.453,1.27,1.0,<Residue LEU het=  resseq=83 icode= >,1zme_C_A,2.5
407,64.459,LEU, ,CD2,7.7,10.72,40.311,0.83,1.0,<Residue LEU het=  resseq=83 icode= >,1zme_C_A,2.5
408,0.034,ASN, ,N,18.25,11.49,0.0,2.36,1.0,<Residue ASN het=  resseq=84 icode= >,1zme_C_A,2.5
409,4.394,ASN, ,CA,14.98,11.82,0.0,2.97,1.0,<Residue ASN het=  resseq=84 icode= >,1zme_C_A,2.5
410,0.0,ASN, ,C,14.29,13.18,0.0,3.76,1.0,<Residue ASN het=  resseq=84 icode= >,1zme_C_A,2.5
411,0.0,ASN, ,O,14.92,14.10,0.0,2.70,1.0,<Residue ASN het=  resseq=84 icode= >,1zme_C_A,2.5
412,14.335,ASN, ,CB,17.7,10.78,0.0,2.39,1.0,<Residue ASN het=  resseq=84 icode= >,1zme_C_A,2.5
413,5.992,ASN, ,CG,21.93,11.41,0.0,2.62,1.0,<Residue ASN het=  resseq=84 icode= >,1zme_C_A,2.5
414,26.7,ASN, ,OD1,21.54,11.63,0.0,2.34,1.0,<Residue ASN het=  resseq=84 icode= >,1zme_C_A,2.5
415,26.448,ASN, ,ND2,32.27,11.99,0.0,1.06,1.0,<Residue ASN het=  resseq=84 icode= >,1zme_C_A,2.5
416,0.0,ASP, ,N,13.42,13.44,0.0,2.46,1.0,<Residue ASP het=  resseq=85 icode= >,1zme_C_A,2.5
417,3.591,ASP, ,CA,10.87,14.79,0.0,2.67,1.0,<Residue ASP het=  resseq=85 icode= >,1zme_C_A,2.5
418,1.062,ASP, ,C,11.36,15.79,0.0,3.87,1.0,<Residue ASP het=  resseq=85 icode= >,1zme_C_A,2.5
419,2.27,ASP, ,O,16.29,16.86,0.0,2.36,1.0,<Residue ASP het=  resseq=85 icode= >,1zme_C_A,2.5
420,18.49,ASP, ,CB,15.95,15.08,0.0,1.67,1.0,<Residue ASP het=  resseq=85 icode= >,1zme_C_A,2.5
421,8.452,ASP, ,CG,20.92,14.64,0.0,3.47,1.0,<Residue ASP het=  resseq=85 icode= >,1zme_C_A,2.5
422,16.897,ASP, ,OD1,22.4,14.11,0.0,2.32,1.0,<Residue ASP het=  resseq=85 icode= >,1zme_C_A,2.5
423,16.006,ASP, ,OD2,25.84,15.00,0.0,1.85,1.0,<Residue ASP het=  resseq=85 icode= >,1zme_C_A,2.5
424,0.0,LYS, ,N,10.06,15.58,0.0,2.52,1.0,<Residue LYS het=  resseq=86 icode= >,1zme_C_A,2.5
425,0.363,LYS, ,CA,9.3,16.64,0.0,2.45,1.0,<Residue LYS het=  resseq=86 icode= >,1zme_C_A,2.5
426,0.013,LYS, ,C,9.47,16.96,0.013,3.45,1.0,<Residue LYS het=  resseq=86 icode= >,1zme_C_A,2.5
427,0.0,LYS, ,O,11.27,18.11,0.0,2.40,1.0,<Residue LYS het=  resseq=86 icode= >,1zme_C_A,2.5
428,9.532,LYS, ,CB,9.75,16.43,9.532,1.54,1.0,<Residue LYS het=  resseq=86 icode= >,1zme_C_A,2.5
429,16.374,LYS, ,CG,12.88,17.00,15.816,1.55,1.0,<Residue LYS het=  resseq=86 icode= >,1zme_C_A,2.5
430,13.74,LYS, ,CD,15.49,18.50,13.662,1.56,1.0,<Residue LYS het=  resseq=86 icode= >,1zme_C_A,2.5
431,44.731,LYS, ,CE,23.97,19.20,36.025,1.05,1.0,<Residue LYS het=  resseq=86 icode= >,1zme_C_A,2.5
432,40.925,LYS, ,NZ,30.56,18.83,1.034,0.87,1.0,<Residue LYS het=  resseq=86 icode= >,1zme_C_A,2.5
433,0.295,THR, ,N,7.65,16.00,0.295,2.62,1.0,<Residue THR het=  resseq=87 icode= >,1zme_C_A,2.5
434,3.589,THR, ,CA,10.71,16.36,3.493,1.85,1.0,<Residue THR het=  resseq=87 icode= >,1zme_C_A,2.5
435,0.0,THR, ,C,12.9,17.15,0.0,3.46,1.0,<Residue THR het=  resseq=87 icode= >,1zme_C_A,2.5
436,0.031,THR, ,O,16.24,18.31,0.0,2.40,1.0,<Residue THR het=  resseq=87 icode= >,1zme_C_A,2.5
437,2.459,THR, ,CB,10.32,15.17,0.0,2.35,1.0,<Residue THR het=  resseq=87 icode= >,1zme_C_A,2.5
438,14.87,THR, ,OG1,11.21,14.65,10.654,2.27,1.0,<Residue THR het=  resseq=87 icode= >,1zme_C_A,2.5
439,38.551,THR, ,CG2,5.73,15.72,8.331,1.81,1.0,<Residue THR het=  resseq=87 icode= >,1zme_C_A,2.5
440,0.0,GLU, ,N,12.91,16.63,0.0,2.66,1.0,<Residue GLU het=  resseq=88 icode= >,1zme_C_A,2.5
441,0.0,GLU, ,CA,12.17,17.47,0.0,2.69,1.0,<Residue GLU het=  resseq=88 icode= >,1zme_C_A,2.5
442,0.0,GLU, ,C,11.99,18.76,0.0,3.39,1.0,<Residue GLU het=  resseq=88 icode= >,1zme_C_A,2.5
443,2.814,GLU, ,O,18.47,19.77,0.0,2.53,1.0,<Residue GLU het=  resseq=88 icode= >,1zme_C_A,2.5
444,7.967,GLU, ,CB,11.83,16.78,0.0,1.97,1.0,<Residue GLU het=  resseq=88 icode= >,1zme_C_A,2.5
445,11.759,GLU, ,CG,18.96,15.62,0.0,1.16,1.0,<Residue GLU het=  resseq=88 icode= >,1zme_C_A,2.5
446,7.908,GLU, ,CD,26.88,16.14,0.0,2.01,1.0,<Residue GLU het=  resseq=88 icode= >,1zme_C_A,2.5
447,35.864,GLU, ,OE1,32.83,17.04,0.0,1.00,1.0,<Residue GLU het=  resseq=88 icode= >,1zme_C_A,2.5
448,19.906,GLU, ,OE2,29.3,15.79,0.0,1.54,1.0,<Residue GLU het=  resseq=88 icode= >,1zme_C_A,2.5
449,0.0,GLU, ,N,12.08,1000.00,0.0,3.10,1.0,<Residue GLU het=  resseq=89 icode= >,1zme_C_A,2.5
450,0.0,GLU, ,CA,10.82,1000.00,0.0,2.92,1.0,<Residue GLU het=  resseq=89 icode= >,1zme_C_A,2.5
451,0.0,GLU, ,C,11.23,1000.00,0.0,4.08,1.0,<Residue GLU het=  resseq=89 icode= >,1zme_C_A,2.5
452,0.0,GLU, ,O,18.56,1000.00,0.0,2.90,1.0,<Residue GLU het=  resseq=89 icode= >,1zme_C_A,2.5
453,3.472,GLU, ,CB,13.16,1000.00,0.0,1.26,1.0,<Residue GLU het=  resseq=89 icode= >,1zme_C_A,2.5
454,3.612,GLU, ,CG,11.78,1000.00,0.0,1.26,1.0,<Residue GLU het=  resseq=89 icode= >,1zme_C_A,2.5
455,9.278,GLU, ,CD,17.21,1000.00,3.189,3.38,1.0,<Residue GLU het=  resseq=89 icode= >,1zme_C_A,2.5
456,21.27,GLU, ,OE1,21.48,1000.00,12.731,1.45,1.0,<Residue GLU het=  resseq=89 icode= >,1zme_C_A,2.5
457,39.99,GLU, ,OE2,16.02,1000.00,10.498,2.33,1.0,<Residue GLU het=  resseq=89 icode= >,1zme_C_A,2.5
458,0.0,ASN, ,N,13.12,1000.00,0.0,2.35,1.0,<Residue ASN het=  resseq=90 icode= >,1zme_C_A,2.5
459,0.911,ASN, ,CA,12.98,1000.00,0.911,2.20,1.0,<Residue ASN het=  resseq=90 icode= >,1zme_C_A,2.5
460,0.0,ASN, ,C,15.41,1000.00,0.0,2.86,1.0,<Residue ASN het=  resseq=90 icode= >,1zme_C_A,2.5
461,0.257,ASN, ,O,15.89,1000.00,0.257,2.64,1.0,<Residue ASN het=  resseq=90 icode= >,1zme_C_A,2.5
462,8.146,ASN, ,CB,10.83,1000.00,4.556,1.64,1.0,<Residue ASN het=  resseq=90 icode= >,1zme_C_A,2.5
463,4.436,ASN, ,CG,10.94,1000.00,4.436,4.33,1.0,<Residue ASN het=  resseq=90 icode= >,1zme_C_A,2.5
464,11.315,ASN, ,OD1,8.67,1000.00,11.315,2.48,1.0,<Residue ASN het=  resseq=90 icode= >,1zme_C_A,2.5
465,52.473,ASN, ,ND2,15.82,1000.00,52.473,1.98,1.0,<Residue ASN het=  resseq=90 icode= >,1zme_C_A,2.5
466,0.0,ASN, ,N,11.83,1000.00,0.0,2.00,1.0,<Residue ASN het=  resseq=91 icode= >,1zme_C_A,2.5
467,0.887,ASN, ,CA,8.01,1000.00,0.0,2.94,1.0,<Residue ASN het=  resseq=91 icode= >,1zme_C_A,2.5
468,1.962,ASN, ,C,8.84,1000.00,0.0,3.48,1.0,<Residue ASN het=  resseq=91 icode= >,1zme_C_A,2.5
469,6.996,ASN, ,O,16.29,1000.00,0.0,2.07,1.0,<Residue ASN het=  resseq=91 icode= >,1zme_C_A,2.5
470,16.937,ASN, ,CB,3.37,1000.00,0.0,2.89,1.0,<Residue ASN het=  resseq=91 icode= >,1zme_C_A,2.5
471,4.93,ASN, ,CG,9.74,1000.00,0.0,3.04,1.0,<Residue ASN het=  resseq=91 icode= >,1zme_C_A,2.5
472,20.228,ASN, ,OD1,15.87,1000.00,0.0,2.19,1.0,<Residue ASN het=  resseq=91 icode= >,1zme_C_A,2.5
473,27.954,ASN, ,ND2,14.85,1000.00,0.0,1.43,1.0,<Residue ASN het=  resseq=91 icode= >,1zme_C_A,2.5
474,0.556,ARG, ,N,9.21,1000.00,0.0,2.74,1.0,<Residue ARG het=  resseq=92 icode= >,1zme_C_A,2.5
475,4.522,ARG, ,CA,10.15,1000.00,0.0,3.50,1.0,<Residue ARG het=  resseq=92 icode= >,1zme_C_A,2.5
476,0.435,ARG, ,C,11.37,1000.00,0.0,4.27,1.0,<Residue ARG het=  resseq=92 icode= >,1zme_C_A,2.5
477,0.216,ARG, ,O,15.0,1000.00,0.0,3.03,1.0,<Residue ARG het=  resseq=92 icode= >,1zme_C_A,2.5
478,3.575,ARG, ,CB,8.45,1000.00,0.0,2.33,1.0,<Residue ARG het=  resseq=92 icode= >,1zme_C_A,2.5
479,29.361,ARG, ,CG,11.49,1000.00,0.0,2.16,1.0,<Residue ARG het=  resseq=92 icode= >,1zme_C_A,2.5
480,33.148,ARG, ,CD,13.47,1000.00,0.0,1.69,1.0,<Residue ARG het=  resseq=92 icode= >,1zme_C_A,2.5
481,12.458,ARG, ,NE,17.56,1000.00,0.0,2.30,1.0,<Residue ARG het=  resseq=92 icode= >,1zme_C_A,2.5
482,4.646,ARG, ,CZ,12.45,1000.00,0.0,3.31,1.0,<Residue ARG het=  resseq=92 icode= >,1zme_C_A,2.5
483,28.131,ARG, ,NH1,5.57,1000.00,0.0,2.74,1.0,<Residue ARG het=  resseq=92 icode= >,1zme_C_A,2.5
484,29.735,ARG, ,NH2,16.7,1000.00,0.0,1.72,1.0,<Residue ARG het=  resseq=92 icode= >,1zme_C_A,2.5
485,0.108,LEU, ,N,12.39,1000.00,0.0,3.06,1.0,<Residue LEU het=  resseq=93 icode= >,1zme_C_A,2.5
486,0.523,LEU, ,CA,14.58,1000.00,0.0,2.17,1.0,<Residue LEU het=  resseq=93 icode= >,1zme_C_A,2.5
487,0.0,LEU, ,C,14.98,1000.00,0.0,3.19,1.0,<Residue LEU het=  resseq=93 icode= >,1zme_C_A,2.5
488,0.024,LEU, ,O,20.05,1000.00,0.024,2.34,1.0,<Residue LEU het=  resseq=93 icode= >,1zme_C_A,2.5
489,3.854,LEU, ,CB,11.45,1000.00,3.854,1.73,1.0,<Residue LEU het=  resseq=93 icode= >,1zme_C_A,2.5
490,2.939,LEU, ,CG,9.51,1000.00,0.0,2.40,1.0,<Residue LEU het=  resseq=93 icode= >,1zme_C_A,2.5
491,35.878,LEU, ,CD1,6.55,1000.00,35.878,1.87,1.0,<Residue LEU het=  resseq=93 icode= >,1zme_C_A,2.5
492,44.557,LEU, ,CD2,10.67,1000.00,33.67,1.17,1.0,<Residue LEU het=  resseq=93 icode= >,1zme_C_A,2.5
493,0.0,LYS, ,N,13.63,1000.00,0.0,2.52,1.0,<Residue LYS het=  resseq=94 icode= >,1zme_C_A,2.5
494,0.803,LYS, ,CA,12.45,1000.00,0.0,2.73,1.0,<Residue LYS het=  resseq=94 icode= >,1zme_C_A,2.5
495,0.712,LYS, ,C,14.87,1000.00,0.0,3.56,1.0,<Residue LYS het=  resseq=94 icode= >,1zme_C_A,2.5
496,2.013,LYS, ,O,11.47,1000.00,0.0,3.45,1.0,<Residue LYS het=  resseq=94 icode= >,1zme_C_A,2.5
497,13.682,LYS, ,CB,9.62,1000.00,0.0,2.48,1.0,<Residue LYS het=  resseq=94 icode= >,1zme_C_A,2.5
498,13.363,LYS, ,CG,12.66,1000.00,11.909,2.71,1.0,<Residue LYS het=  resseq=94 icode= >,1zme_C_A,2.5
499,10.133,LYS, ,CD,21.86,1000.00,7.679,1.83,1.0,<Residue LYS het=  resseq=94 icode= >,1zme_C_A,2.5
500,44.104,LYS, ,CE,24.01,1000.00,2.751,1.33,1.0,<Residue LYS het=  resseq=94 icode= >,1zme_C_A,2.5
501,41.529,LYS, ,NZ,27.09,1000.00,12.446,0.54,1.0,<Residue LYS het=  resseq=94 icode= >,1zme_C_A,2.5
502,0.517,ALA, ,N,16.6,1000.00,0.0,2.54,1.0,<Residue ALA het=  resseq=95 icode= >,1zme_C_A,2.5
503,2.951,ALA, ,CA,17.61,1000.00,0.0,2.49,1.0,<Residue ALA het=  resseq=95 icode= >,1zme_C_A,2.5
504,0.407,ALA, ,C,20.55,1000.00,0.0,3.16,1.0,<Residue ALA het=  resseq=95 icode= >,1zme_C_A,2.5
505,9.127,ALA, ,O,22.48,1000.00,0.0,2.29,1.0,<Residue ALA het=  resseq=95 icode= >,1zme_C_A,2.5
506,46.47,ALA, ,CB,21.23,1000.00,0.0,0.89,1.0,<Residue ALA het=  resseq=95 icode= >,1zme_C_A,2.5
507,0.0,LEU, ,N,21.65,1000.00,0.0,2.55,1.0,<Residue LEU het=  resseq=96 icode= >,1zme_C_A,2.5
508,0.0,LEU, ,CA,16.47,1000.00,0.0,2.76,1.0,<Residue LEU het=  resseq=96 icode= >,1zme_C_A,2.5
509,0.366,LEU, ,C,18.9,1000.00,0.366,3.23,1.0,<Residue LEU het=  resseq=96 icode= >,1zme_C_A,2.5
510,6.587,LEU, ,O,15.99,1000.00,1.397,3.05,1.0,<Residue LEU het=  resseq=96 icode= >,1zme_C_A,2.5
511,4.627,LEU, ,CB,15.84,1000.00,4.488,1.80,1.0,<Residue LEU het=  resseq=96 icode= >,1zme_C_A,2.5
512,9.742,LEU, ,CG,15.65,1000.00,1.357,2.34,1.0,<Residue LEU het=  resseq=96 icode= >,1zme_C_A,2.5
513,35.627,LEU, ,CD1,12.14,1000.00,0.0,1.26,1.0,<Residue LEU het=  resseq=96 icode= >,1zme_C_A,2.5
514,51.36,LEU, ,CD2,19.81,1000.00,16.524,0.65,1.0,<Residue LEU het=  resseq=96 icode= >,1zme_C_A,2.5
515,0.0,LEU, ,N,19.7,1000.00,0.0,2.62,1.0,<Residue LEU het=  resseq=97 icode= >,1zme_C_A,2.5
516,1.177,LEU, ,CA,18.12,1000.00,0.0,2.39,1.0,<Residue LEU het=  resseq=97 icode= >,1zme_C_A,2.5
517,0.55,LEU, ,C,20.83,1000.00,0.0,3.39,1.0,<Residue LEU het=  resseq=97 icode= >,1zme_C_A,2.5
518,8.604,LEU, ,O,25.63,1000.00,0.0,2.23,1.0,<Residue LEU het=  resseq=97 icode= >,1zme_C_A,2.5
519,14.301,LEU, ,CB,11.71,1000.00,0.258,2.57,1.0,<Residue LEU het=  resseq=97 icode= >,1zme_C_A,2.5
520,15.442,LEU, ,CG,10.07,1000.00,14.268,2.24,1.0,<Residue LEU het=  resseq=97 icode= >,1zme_C_A,2.5
521,54.389,LEU, ,CD1,7.66,1000.00,39.347,1.74,1.0,<Residue LEU het=  resseq=97 icode= >,1zme_C_A,2.5
522,29.672,LEU, ,CD2,8.39,1000.00,28.449,1.79,1.0,<Residue LEU het=  resseq=97 icode= >,1zme_C_A,2.5
523,0.0,LEU, ,N,22.42,1000.00,0.0,2.60,1.0,<Residue LEU het=  resseq=98 icode= >,1zme_C_A,2.5
524,0.748,LEU, ,CA,25.42,1000.00,0.0,2.18,1.0,<Residue LEU het=  resseq=98 icode= >,1zme_C_A,2.5
525,0.99,LEU, ,C,26.28,1000.00,0.0,3.39,1.0,<Residue LEU het=  resseq=98 icode= >,1zme_C_A,2.5
526,16.318,LEU, ,O,24.85,1000.00,0.0,2.32,1.0,<Residue LEU het=  resseq=98 icode= >,1zme_C_A,2.5
527,7.261,LEU, ,CB,27.16,1000.00,0.0,1.08,1.0,<Residue LEU het=  resseq=98 icode= >,1zme_C_A,2.5
528,2.412,LEU, ,CG,27.49,1000.00,0.0,2.36,1.0,<Residue LEU het=  resseq=98 icode= >,1zme_C_A,2.5
529,56.555,LEU, ,CD1,27.85,1000.00,0.0,1.13,1.0,<Residue LEU het=  resseq=98 icode= >,1zme_C_A,2.5
530,58.179,LEU, ,CD2,20.9,1000.00,0.0,2.15,1.0,<Residue LEU het=  resseq=98 icode= >,1zme_C_A,2.5
531,0.0,GLU, ,N,25.44,1000.00,0.0,2.51,1.0,<Residue GLU het=  resseq=99 icode= >,1zme_C_A,2.5
532,7.574,GLU, ,CA,28.98,1000.00,0.0,2.36,1.0,<Residue GLU het=  resseq=99 icode= >,1zme_C_A,2.5
533,0.201,GLU, ,C,31.71,1000.00,0.0,2.77,1.0,<Residue GLU het=  resseq=99 icode= >,1zme_C_A,2.5
534,12.114,GLU, ,O,28.35,1000.00,0.0,1.96,1.0,<Residue GLU het=  resseq=99 icode= >,1zme_C_A,2.5
535,14.839,GLU, ,CB,26.77,1000.00,0.0,1.44,1.0,<Residue GLU het=  resseq=99 icode= >,1zme_C_A,2.5
536,20.086,GLU, ,CG,23.24,1000.00,0.0,2.16,1.0,<Residue GLU het=  resseq=99 icode= >,1zme_C_A,2.5
537,8.133,GLU, ,CD,22.42,1000.00,0.0,3.19,1.0,<Residue GLU het=  resseq=99 icode= >,1zme_C_A,2.5
538,33.289,GLU, ,OE1,22.98,1000.00,0.0,1.54,1.0,<Residue GLU het=  resseq=99 icode= >,1zme_C_A,2.5
539,28.437,GLU, ,OE2,23.35,1000.00,0.0,2.45,1.0,<Residue GLU het=  resseq=99 icode= >,1zme_C_A,2.5
540,5.211,ARG, ,N,40.84,1000.00,0.0,0.84,1.0,<Residue ARG het=  resseq=100 icode= >,1zme_C_A,2.5
541,0.0,ARG, ,CA,47.19,1000.00,0.0,0.96,1.0,<Residue ARG het=  resseq=100 icode= >,1zme_C_A,2.5
542,8.054,ARG, ,C,50.22,1000.00,0.0,1.28,1.0,<Residue ARG het=  resseq=100 icode= >,1zme_C_A,2.5
543,35.241,ARG, ,O,51.33,1000.00,0.0,0.97,1.0,<Residue ARG het=  resseq=100 icode= >,1zme_C_A,2.5
544,25.064,ARG, ,CB,48.48,1000.00,0.0,0.70,1.0,<Residue ARG het=  resseq=100 icode= >,1zme_C_A,2.5
545,30.167,ARG, ,CG,55.71,1000.00,0.0,0.77,1.0,<Residue ARG het=  resseq=100 icode= >,1zme_C_A,2.5
546,40.827,ARG, ,CD,58.76,1000.00,0.0,0.91,1.0,<Residue ARG het=  resseq=100 icode= >,1zme_C_A,2.5
547,10.175,ARG, ,NE,63.48,1000.00,0.0,0.80,1.0,<Residue ARG het=  resseq=100 icode= >,1zme_C_A,2.5
548,4.759,ARG, ,CZ,65.53,1000.00,0.0,0.56,1.0,<Residue ARG het=  resseq=100 icode= >,1zme_C_A,2.5
549,32.58,ARG, ,NH1,69.22,1000.00,0.0,0.06,1.0,<Residue ARG het=  resseq=100 icode= >,1zme_C_A,2.5
550,23.999,ARG, ,NH2,67.03,1000.00,0.0,0.30,1.0,<Residue ARG het=  resseq=100 icode= >,1zme_C_A,2.5
551,26.937,ARG, ,OXT,50.28,1000.00,0.0,0.76,1.0,<Residue ARG het=  resseq=100 icode= >,1zme_C_A,2.5
