,ASA,aa,altloc,atom,bfac,d2r,dASA,dens,occ,residue,id,resolu
0,42.853,ALA, ,N,45.52,1000.00,0.0,0.54,1.0,<Residue ALA het=  resseq=4 icode= >,1zs4_C_A,1.7
1,19.017,ALA, ,CA,45.06,1000.00,0.0,0.22,1.0,<Residue ALA het=  resseq=4 icode= >,1zs4_C_A,1.7
2,4.712,ALA, ,C,44.6,1000.00,0.0,0.14,1.0,<Residue ALA het=  resseq=4 icode= >,1zs4_C_A,1.7
3,20.118,ALA, ,O,44.89,1000.00,0.0,1.40,1.0,<Residue ALA het=  resseq=4 icode= >,1zs4_C_A,1.7
4,48.681,ALA, ,CB,45.23,1000.00,0.0,0.05,1.0,<Residue ALA het=  resseq=4 icode= >,1zs4_C_A,1.7
5,5.712,ASN, ,N,43.51,1000.00,0.0,0.71,1.0,<Residue ASN het=  resseq=5 icode= >,1zs4_C_A,1.7
6,4.692,ASN, ,CA,40.93,1000.00,0.0,0.67,1.0,<Residue ASN het=  resseq=5 icode= >,1zs4_C_A,1.7
7,0.422,ASN, ,C,38.91,1000.00,0.0,1.65,1.0,<Residue ASN het=  resseq=5 icode= >,1zs4_C_A,1.7
8,7.695,ASN, ,O,37.87,1000.00,0.0,2.92,1.0,<Residue ASN het=  resseq=5 icode= >,1zs4_C_A,1.7
9,27.588,ASN, ,CB,40.82,1000.00,0.0,1.54,1.0,<Residue ASN het=  resseq=5 icode= >,1zs4_C_A,1.7
10,0.619,ASN, ,CG,41.35,1000.00,0.0,1.91,1.0,<Residue ASN het=  resseq=5 icode= >,1zs4_C_A,1.7
11,0.0,ASN, ,OD1,38.56,1000.00,0.0,2.73,1.0,<Residue ASN het=  resseq=5 icode= >,1zs4_C_A,1.7
12,47.34,ASN, ,ND2,42.49,1000.00,0.0,0.39,1.0,<Residue ASN het=  resseq=5 icode= >,1zs4_C_A,1.7
13,2.487,LYS, ,N,36.87,1000.00,0.0,1.26,1.0,<Residue LYS het=  resseq=6 icode= >,1zs4_C_A,1.7
14,0.0,LYS, ,CA,32.96,1000.00,0.0,1.88,1.0,<Residue LYS het=  resseq=6 icode= >,1zs4_C_A,1.7
15,0.0,LYS, ,C,29.98,1000.00,0.0,2.44,1.0,<Residue LYS het=  resseq=6 icode= >,1zs4_C_A,1.7
16,0.0,LYS, ,O,27.09,1000.00,0.0,3.58,1.0,<Residue LYS het=  resseq=6 icode= >,1zs4_C_A,1.7
17,6.227,LYS, ,CB,33.94,1000.00,0.0,1.85,1.0,<Residue LYS het=  resseq=6 icode= >,1zs4_C_A,1.7
18,14.99,LYS, ,CG,35.97,1000.00,0.0,1.25,1.0,<Residue LYS het=  resseq=6 icode= >,1zs4_C_A,1.7
19,3.187,LYS, ,CD,37.16,1000.00,0.0,1.21,1.0,<Residue LYS het=  resseq=6 icode= >,1zs4_C_A,1.7
20,18.117,LYS, ,CE,38.22,1000.00,0.0,0.53,1.0,<Residue LYS het=  resseq=6 icode= >,1zs4_C_A,1.7
21,12.027,LYS, ,NZ,38.28,1000.00,0.0,0.37,1.0,<Residue LYS het=  resseq=6 icode= >,1zs4_C_A,1.7
22,2.651,ARG, ,N,25.93,1000.00,0.0,3.08,1.0,<Residue ARG het=  resseq=7 icode= >,1zs4_C_A,1.7
23,0.0,ARG, ,CA,22.96,1000.00,0.0,3.53,1.0,<Residue ARG het=  resseq=7 icode= >,1zs4_C_A,1.7
24,0.0,ARG, ,C,21.09,1000.00,0.0,3.34,1.0,<Residue ARG het=  resseq=7 icode= >,1zs4_C_A,1.7
25,0.0,ARG, ,O,19.44,1000.00,0.0,4.07,1.0,<Residue ARG het=  resseq=7 icode= >,1zs4_C_A,1.7
26,19.867,ARG, ,CB,25.84,1000.00,0.0,1.92,1.0,<Residue ARG het=  resseq=7 icode= >,1zs4_C_A,1.7
27,21.675,ARG, ,CG,28.61,1000.00,0.0,1.72,1.0,<Residue ARG het=  resseq=7 icode= >,1zs4_C_A,1.7
28,8.709,ARG, ,CD,31.29,1000.00,0.0,1.51,1.0,<Residue ARG het=  resseq=7 icode= >,1zs4_C_A,1.7
29,11.509,ARG, ,NE,32.8,1000.00,0.0,1.86,1.0,<Residue ARG het=  resseq=7 icode= >,1zs4_C_A,1.7
30,4.517,ARG, ,CZ,34.33,1000.00,0.0,1.80,1.0,<Residue ARG het=  resseq=7 icode= >,1zs4_C_A,1.7
31,30.629,ARG, ,NH1,34.46,1000.00,0.0,1.70,1.0,<Residue ARG het=  resseq=7 icode= >,1zs4_C_A,1.7
32,50.897,ARG, ,NH2,34.38,1000.00,0.0,1.66,1.0,<Residue ARG het=  resseq=7 icode= >,1zs4_C_A,1.7
33,0.0,ASN, ,N,17.93,1000.00,0.0,3.77,1.0,<Residue ASN het=  resseq=8 icode= >,1zs4_C_A,1.7
34,0.298,ASN, ,CA,17.75,1000.00,0.0,2.85,1.0,<Residue ASN het=  resseq=8 icode= >,1zs4_C_A,1.7
35,1.221,ASN, ,C,15.99,1000.00,0.0,3.51,1.0,<Residue ASN het=  resseq=8 icode= >,1zs4_C_A,1.7
36,3.59,ASN, ,O,14.89,1000.00,0.0,4.66,1.0,<Residue ASN het=  resseq=8 icode= >,1zs4_C_A,1.7
37,23.754,ASN, ,CB,16.86,1000.00,0.0,3.12,1.0,<Residue ASN het=  resseq=8 icode= >,1zs4_C_A,1.7
38,5.776,ASN, ,CG,18.56,1000.00,0.0,3.18,1.0,<Residue ASN het=  resseq=8 icode= >,1zs4_C_A,1.7
39,21.844,ASN, ,OD1,17.36,1000.00,0.0,4.41,1.0,<Residue ASN het=  resseq=8 icode= >,1zs4_C_A,1.7
40,36.823,ASN, ,ND2,19.17,1000.00,0.0,2.91,1.0,<Residue ASN het=  resseq=8 icode= >,1zs4_C_A,1.7
41,1.109,GLU, ,N,17.1,1000.00,0.0,3.41,1.0,<Residue GLU het=  resseq=9 icode= >,1zs4_C_A,1.7
42,0.651,GLU, ,CA,15.01,1000.00,0.0,3.83,1.0,<Residue GLU het=  resseq=9 icode= >,1zs4_C_A,1.7
43,0.0,GLU, ,C,15.3,1000.00,0.0,4.07,1.0,<Residue GLU het=  resseq=9 icode= >,1zs4_C_A,1.7
44,0.0,GLU, ,O,13.36,1000.00,0.0,5.07,1.0,<Residue GLU het=  resseq=9 icode= >,1zs4_C_A,1.7
45,8.747,GLU, ,CB,15.08,1000.00,0.0,3.16,1.0,<Residue GLU het=  resseq=9 icode= >,1zs4_C_A,1.7
46,8.346,GLU, ,CG,16.91,1000.00,0.0,2.53,1.0,<Residue GLU het=  resseq=9 icode= >,1zs4_C_A,1.7
47,7.797,GLU, ,CD,17.2,1000.00,0.0,3.47,1.0,<Residue GLU het=  resseq=9 icode= >,1zs4_C_A,1.7
48,12.887,GLU, ,OE1,18.65,1000.00,0.0,4.05,1.0,<Residue GLU het=  resseq=9 icode= >,1zs4_C_A,1.7
49,7.234,GLU, ,OE2,17.69,1000.00,0.0,4.75,1.0,<Residue GLU het=  resseq=9 icode= >,1zs4_C_A,1.7
50,0.0,ALA, ,N,13.77,1000.00,0.0,4.52,1.0,<Residue ALA het=  resseq=10 icode= >,1zs4_C_A,1.7
51,0.0,ALA, ,CA,13.81,1000.00,0.0,3.61,1.0,<Residue ALA het=  resseq=10 icode= >,1zs4_C_A,1.7
52,0.833,ALA, ,C,14.48,1000.00,0.0,4.20,1.0,<Residue ALA het=  resseq=10 icode= >,1zs4_C_A,1.7
53,0.093,ALA, ,O,12.62,1000.00,0.0,5.77,1.0,<Residue ALA het=  resseq=10 icode= >,1zs4_C_A,1.7
54,4.021,ALA, ,CB,13.9,1000.00,0.0,3.10,1.0,<Residue ALA het=  resseq=10 icode= >,1zs4_C_A,1.7
55,0.0,LEU, ,N,13.57,18.62,0.0,4.48,1.0,<Residue LEU het=  resseq=11 icode= >,1zs4_C_A,1.7
56,0.0,LEU, ,CA,14.11,17.58,0.0,3.79,1.0,<Residue LEU het=  resseq=11 icode= >,1zs4_C_A,1.7
57,1.387,LEU, ,C,12.47,17.30,0.0,4.55,1.0,<Residue LEU het=  resseq=11 icode= >,1zs4_C_A,1.7
58,3.925,LEU, ,O,12.71,16.18,0.0,5.42,1.0,<Residue LEU het=  resseq=11 icode= >,1zs4_C_A,1.7
59,13.956,LEU, ,CB,15.32,18.12,0.0,2.76,1.0,<Residue LEU het=  resseq=11 icode= >,1zs4_C_A,1.7
60,0.0,LEU, ,CG,17.83,18.29,0.0,2.49,1.0,<Residue LEU het=  resseq=11 icode= >,1zs4_C_A,1.7
61,27.314,LEU, ,CD1,19.51,19.22,0.0,2.15,1.0,<Residue LEU het=  resseq=11 icode= >,1zs4_C_A,1.7
62,28.821,LEU, ,CD2,19.59,16.95,0.0,2.17,1.0,<Residue LEU het=  resseq=11 icode= >,1zs4_C_A,1.7
63,0.604,ARG, ,N,12.69,18.39,0.0,4.93,1.0,<Residue ARG het=  resseq=12 icode= >,1zs4_C_A,1.7
64,6.98,ARG, ,CA,12.62,18.41,0.0,4.15,1.0,<Residue ARG het=  resseq=12 icode= >,1zs4_C_A,1.7
65,0.0,ARG, ,C,13.34,17.69,0.0,4.53,1.0,<Residue ARG het=  resseq=12 icode= >,1zs4_C_A,1.7
66,1.196,ARG, ,O,13.01,16.97,0.0,5.59,1.0,<Residue ARG het=  resseq=12 icode= >,1zs4_C_A,1.7
67,5.537,ARG, ,CB,13.79,19.88,0.0,3.37,1.0,<Residue ARG het=  resseq=12 icode= >,1zs4_C_A,1.7
68,17.805,ARG, ,CG,13.84,20.16,0.0,3.12,1.0,<Residue ARG het=  resseq=12 icode= >,1zs4_C_A,1.7
69,32.363,ARG, ,CD,16.08,21.66,0.0,2.94,1.0,<Residue ARG het=  resseq=12 icode= >,1zs4_C_A,1.7
70,3.597,ARG, ,NE,15.77,22.20,0.0,3.90,1.0,<Residue ARG het=  resseq=12 icode= >,1zs4_C_A,1.7
71,4.924,ARG, ,CZ,17.93,22.26,0.0,3.56,1.0,<Residue ARG het=  resseq=12 icode= >,1zs4_C_A,1.7
72,7.12,ARG, ,NH1,17.95,21.79,0.0,3.63,1.0,<Residue ARG het=  resseq=12 icode= >,1zs4_C_A,1.7
73,13.911,ARG, ,NH2,17.4,22.88,0.0,3.44,1.0,<Residue ARG het=  resseq=12 icode= >,1zs4_C_A,1.7
74,0.0,ILE, ,N,12.18,18.03,0.0,4.58,1.0,<Residue ILE het=  resseq=13 icode= >,1zs4_C_A,1.7
75,0.965,ILE, ,CA,12.52,17.55,0.276,3.73,1.0,<Residue ILE het=  resseq=13 icode= >,1zs4_C_A,1.7
76,0.0,ILE, ,C,11.91,16.05,0.0,4.83,1.0,<Residue ILE het=  resseq=13 icode= >,1zs4_C_A,1.7
77,0.0,ILE, ,O,12.02,15.42,0.0,5.36,1.0,<Residue ILE het=  resseq=13 icode= >,1zs4_C_A,1.7
78,0.0,ILE, ,CB,11.18,18.36,0.0,3.11,1.0,<Residue ILE het=  resseq=13 icode= >,1zs4_C_A,1.7
79,1.498,ILE, ,CG1,12.29,19.81,0.937,3.19,1.0,<Residue ILE het=  resseq=13 icode= >,1zs4_C_A,1.7
80,5.544,ILE, ,CG2,11.61,17.86,5.544,4.05,1.0,<Residue ILE het=  resseq=13 icode= >,1zs4_C_A,1.7
81,0.0,ILE, ,CD1,11.48,20.81,0.0,3.29,1.0,<Residue ILE het=  resseq=13 icode= >,1zs4_C_A,1.7
82,0.0,GLU, ,N,11.52,15.56,0.0,4.95,1.0,<Residue GLU het=  resseq=14 icode= >,1zs4_C_A,1.7
83,0.0,GLU, ,CA,13.46,14.15,0.0,3.47,1.0,<Residue GLU het=  resseq=14 icode= >,1zs4_C_A,1.7
84,0.0,GLU, ,C,14.02,13.30,0.0,3.97,1.0,<Residue GLU het=  resseq=14 icode= >,1zs4_C_A,1.7
85,0.0,GLU, ,O,12.81,12.29,0.0,5.05,1.0,<Residue GLU het=  resseq=14 icode= >,1zs4_C_A,1.7
86,0.621,GLU, ,CB,13.29,14.02,0.0,3.38,1.0,<Residue GLU het=  resseq=14 icode= >,1zs4_C_A,1.7
87,0.922,GLU, ,CG,18.05,12.65,0.0,3.18,1.0,<Residue GLU het=  resseq=14 icode= >,1zs4_C_A,1.7
88,6.564,GLU, ,CD,23.6,12.75,0.0,2.61,1.0,<Residue GLU het=  resseq=14 icode= >,1zs4_C_A,1.7
89,9.285,GLU, ,OE1,24.78,13.92,0.0,2.90,1.0,<Residue GLU het=  resseq=14 icode= >,1zs4_C_A,1.7
90,18.693,GLU, ,OE2,26.44,11.76,0.0,2.32,1.0,<Residue GLU het=  resseq=14 icode= >,1zs4_C_A,1.7
91,0.319,SER, ,N,13.05,13.85,0.0,4.27,1.0,<Residue SER het=  resseq=15 icode= >,1zs4_C_A,1.7
92,4.527,SER, ,CA,14.74,13.34,2.589,3.25,1.0,<Residue SER het=  resseq=15 icode= >,1zs4_C_A,1.7
93,0.037,SER, ,C,14.25,13.45,0.0,3.57,1.0,<Residue SER het=  resseq=15 icode= >,1zs4_C_A,1.7
94,0.0,SER, ,O,13.25,12.68,0.0,4.97,1.0,<Residue SER het=  resseq=15 icode= >,1zs4_C_A,1.7
95,26.222,SER, ,CB,16.28,14.29,0.922,2.94,1.0,<Residue SER het=  resseq=15 icode= >,1zs4_C_A,1.7
96,23.712,SER, ,OG,17.29,13.95,12.221,3.21,1.0,<Residue SER het=  resseq=15 icode= >,1zs4_C_A,1.7
97,0.209,ALA, ,N,12.93,14.55,0.0,3.94,1.0,<Residue ALA het=  resseq=16 icode= >,1zs4_C_A,1.7
98,8.164,ALA, ,CA,12.96,14.96,0.0,3.63,1.0,<Residue ALA het=  resseq=16 icode= >,1zs4_C_A,1.7
99,0.0,ALA, ,C,12.71,13.87,0.0,4.47,1.0,<Residue ALA het=  resseq=16 icode= >,1zs4_C_A,1.7
100,0.118,ALA, ,O,11.88,13.03,0.0,4.92,1.0,<Residue ALA het=  resseq=16 icode= >,1zs4_C_A,1.7
101,17.751,ALA, ,CB,11.66,16.27,3.244,3.48,1.0,<Residue ALA het=  resseq=16 icode= >,1zs4_C_A,1.7
102,0.0,LEU, ,N,11.96,13.76,0.0,5.47,1.0,<Residue LEU het=  resseq=17 icode= >,1zs4_C_A,1.7
103,0.0,LEU, ,CA,12.72,12.84,0.0,3.48,1.0,<Residue LEU het=  resseq=17 icode= >,1zs4_C_A,1.7
104,0.0,LEU, ,C,11.31,11.44,0.0,5.02,1.0,<Residue LEU het=  resseq=17 icode= >,1zs4_C_A,1.7
105,0.098,LEU, ,O,11.56,10.81,0.098,5.77,1.0,<Residue LEU het=  resseq=17 icode= >,1zs4_C_A,1.7
106,0.0,LEU, ,CB,11.53,12.88,0.0,3.68,1.0,<Residue LEU het=  resseq=17 icode= >,1zs4_C_A,1.7
107,1.092,LEU, ,CG,13.13,14.22,1.092,3.40,1.0,<Residue LEU het=  resseq=17 icode= >,1zs4_C_A,1.7
108,1.226,LEU, ,CD1,13.75,14.47,0.848,3.46,1.0,<Residue LEU het=  resseq=17 icode= >,1zs4_C_A,1.7
109,45.497,LEU, ,CD2,12.67,14.43,45.497,3.36,1.0,<Residue LEU het=  resseq=17 icode= >,1zs4_C_A,1.7
110,0.0,LEU, ,N,12.27,10.92,0.0,4.13,1.0,<Residue LEU het=  resseq=18 icode= >,1zs4_C_A,1.7
111,0.0,LEU, ,CA,11.61,9.56,0.0,3.19,1.0,<Residue LEU het=  resseq=18 icode= >,1zs4_C_A,1.7
112,1.159,LEU, ,C,11.2,9.71,1.159,4.12,1.0,<Residue LEU het=  resseq=18 icode= >,1zs4_C_A,1.7
113,2.488,LEU, ,O,11.77,8.55,0.9,5.34,1.0,<Residue LEU het=  resseq=18 icode= >,1zs4_C_A,1.7
114,12.634,LEU, ,CB,12.16,9.09,10.03,3.67,1.0,<Residue LEU het=  resseq=18 icode= >,1zs4_C_A,1.7
115,0.0,LEU, ,CG,12.86,9.05,0.0,2.73,1.0,<Residue LEU het=  resseq=18 icode= >,1zs4_C_A,1.7
116,37.955,LEU, ,CD1,14.95,8.94,14.76,2.49,1.0,<Residue LEU het=  resseq=18 icode= >,1zs4_C_A,1.7
117,3.383,LEU, ,CD2,14.67,8.10,0.0,2.49,1.0,<Residue LEU het=  resseq=18 icode= >,1zs4_C_A,1.7
118,0.111,ASN, ,N,12.08,10.65,0.111,4.06,1.0,<Residue ASN het=  resseq=19 icode= >,1zs4_C_A,1.7
119,1.585,ASN, ,CA,12.54,10.32,1.585,3.42,1.0,<Residue ASN het=  resseq=19 icode= >,1zs4_C_A,1.7
120,1.796,ASN, ,C,13.09,9.79,0.921,4.35,1.0,<Residue ASN het=  resseq=19 icode= >,1zs4_C_A,1.7
121,3.168,ASN, ,O,13.51,9.01,3.168,4.66,1.0,<Residue ASN het=  resseq=19 icode= >,1zs4_C_A,1.7
122,15.376,ASN, ,CB,10.89,11.65,7.977,3.43,1.0,<Residue ASN het=  resseq=19 icode= >,1zs4_C_A,1.7
123,8.337,ASN, ,CG,14.38,11.96,7.145,3.45,1.0,<Residue ASN het=  resseq=19 icode= >,1zs4_C_A,1.7
124,36.487,ASN, ,OD1,13.56,11.41,36.487,4.32,1.0,<Residue ASN het=  resseq=19 icode= >,1zs4_C_A,1.7
125,30.706,ASN, ,ND2,14.32,12.87,23.104,3.68,1.0,<Residue ASN het=  resseq=19 icode= >,1zs4_C_A,1.7
126,0.0,LYS, ,N,10.77,10.40,0.0,5.03,1.0,<Residue LYS het=  resseq=20 icode= >,1zs4_C_A,1.7
127,3.651,LYS, ,CA,11.65,10.28,0.0,3.40,1.0,<Residue LYS het=  resseq=20 icode= >,1zs4_C_A,1.7
128,1.282,LYS, ,C,10.61,9.00,1.282,4.21,1.0,<Residue LYS het=  resseq=20 icode= >,1zs4_C_A,1.7
129,4.022,LYS, ,O,13.5,8.55,1.614,4.86,1.0,<Residue LYS het=  resseq=20 icode= >,1zs4_C_A,1.7
130,15.822,LYS, ,CB,9.49,11.52,13.018,3.97,1.0,<Residue LYS het=  resseq=20 icode= >,1zs4_C_A,1.7
131,9.241,LYS, ,CG,11.51,12.81,0.558,3.54,1.0,<Residue LYS het=  resseq=20 icode= >,1zs4_C_A,1.7
132,21.837,LYS, ,CD,10.94,14.04,21.722,3.45,1.0,<Residue LYS het=  resseq=20 icode= >,1zs4_C_A,1.7
133,9.025,LYS, ,CE,15.11,15.33,6.384,2.75,1.0,<Residue LYS het=  resseq=20 icode= >,1zs4_C_A,1.7
134,13.991,LYS, ,NZ,16.19,15.68,6.866,2.81,1.0,<Residue LYS het=  resseq=20 icode= >,1zs4_C_A,1.7
135,0.0,ILE, ,N,11.97,8.62,0.0,4.82,1.0,<Residue ILE het=  resseq=21 icode= >,1zs4_C_A,1.7
136,1.604,ILE, ,CA,12.03,7.54,1.604,3.94,1.0,<Residue ILE het=  resseq=21 icode= >,1zs4_C_A,1.7
137,0.0,ILE, ,C,11.78,6.21,0.0,4.80,1.0,<Residue ILE het=  resseq=21 icode= >,1zs4_C_A,1.7
138,0.0,ILE, ,O,12.9,5.44,0.0,4.88,1.0,<Residue ILE het=  resseq=21 icode= >,1zs4_C_A,1.7
139,0.0,ILE, ,CB,12.47,7.73,0.0,2.81,1.0,<Residue ILE het=  resseq=21 icode= >,1zs4_C_A,1.7
140,10.276,ILE, ,CG1,14.68,9.12,10.276,2.78,1.0,<Residue ILE het=  resseq=21 icode= >,1zs4_C_A,1.7
141,0.007,ILE, ,CG2,13.96,6.73,0.0,3.03,1.0,<Residue ILE het=  resseq=21 icode= >,1zs4_C_A,1.7
142,8.797,ILE, ,CD1,14.58,8.73,8.547,2.52,1.0,<Residue ILE het=  resseq=21 icode= >,1zs4_C_A,1.7
143,0.077,ALA, ,N,12.61,6.21,0.0,4.32,1.0,<Residue ALA het=  resseq=22 icode= >,1zs4_C_A,1.7
144,3.161,ALA, ,CA,13.09,5.24,2.288,3.61,1.0,<Residue ALA het=  resseq=22 icode= >,1zs4_C_A,1.7
145,1.098,ALA, ,C,14.96,5.41,1.098,3.93,1.0,<Residue ALA het=  resseq=22 icode= >,1zs4_C_A,1.7
146,17.729,ALA, ,O,16.07,4.67,17.729,4.10,1.0,<Residue ALA het=  resseq=22 icode= >,1zs4_C_A,1.7
147,50.529,ALA, ,CB,13.16,5.90,47.272,3.32,1.0,<Residue ALA het=  resseq=22 icode= >,1zs4_C_A,1.7
148,0.513,MET, ,N,15.17,6.67,0.513,4.10,1.0,<Residue MET het=  resseq=23 icode= >,1zs4_C_A,1.7
149,8.155,MET, ,CA,15.54,7.28,8.155,3.80,1.0,<Residue MET het=  resseq=23 icode= >,1zs4_C_A,1.7
150,0.0,MET, ,C,16.27,6.93,0.0,4.24,1.0,<Residue MET het=  resseq=23 icode= >,1zs4_C_A,1.7
151,21.442,MET, ,O,17.64,6.90,18.997,3.77,1.0,<Residue MET het=  resseq=23 icode= >,1zs4_C_A,1.7
152,5.306,MET, ,CB,16.19,8.79,3.307,2.37,1.0,<Residue MET het=  resseq=23 icode= >,1zs4_C_A,1.7
153,22.665,MET, ,CG,19.86,9.60,0.523,1.16,1.0,<Residue MET het=  resseq=23 icode= >,1zs4_C_A,1.7
154,40.855,MET, ,SD,25.63,10.39,32.214,4.82,1.0,<Residue MET het=  resseq=23 icode= >,1zs4_C_A,1.7
155,72.536,MET, ,CE,10.93,11.81,24.257,1.47,1.0,<Residue MET het=  resseq=23 icode= >,1zs4_C_A,1.7
156,0.051,LEU, ,N,15.81,7.05,0.0,3.87,1.0,<Residue LEU het=  resseq=24 icode= >,1zs4_C_A,1.7
157,4.752,LEU, ,CA,15.07,7.14,0.0,3.40,1.0,<Residue LEU het=  resseq=24 icode= >,1zs4_C_A,1.7
158,0.095,LEU, ,C,15.47,5.85,0.095,3.64,1.0,<Residue LEU het=  resseq=24 icode= >,1zs4_C_A,1.7
159,9.029,LEU, ,O,17.52,6.04,5.313,3.70,1.0,<Residue LEU het=  resseq=24 icode= >,1zs4_C_A,1.7
160,7.804,LEU, ,CB,16.21,7.91,1.406,2.46,1.0,<Residue LEU het=  resseq=24 icode= >,1zs4_C_A,1.7
161,0.0,LEU, ,CG,14.87,8.42,0.0,2.49,1.0,<Residue LEU het=  resseq=24 icode= >,1zs4_C_A,1.7
162,48.548,LEU, ,CD1,18.13,9.25,0.0,2.14,1.0,<Residue LEU het=  resseq=24 icode= >,1zs4_C_A,1.7
163,29.118,LEU, ,CD2,15.28,9.45,22.639,2.43,1.0,<Residue LEU het=  resseq=24 icode= >,1zs4_C_A,1.7
164,0.0,GLY, ,N,15.01,4.78,0.0,3.66,1.0,<Residue GLY het=  resseq=25 icode= >,1zs4_C_A,1.7
165,18.26,GLY, ,CA,14.25,3.51,16.108,3.43,1.0,<Residue GLY het=  resseq=25 icode= >,1zs4_C_A,1.7
166,0.0,GLY, ,C,14.6,3.60,0.0,4.27,1.0,<Residue GLY het=  resseq=25 icode= >,1zs4_C_A,1.7
167,0.0,GLY, ,O,14.48,4.79,0.0,4.54,1.0,<Residue GLY het=  resseq=25 icode= >,1zs4_C_A,1.7
168,6.881,THR, ,N,15.75,2.79,6.881,3.27,1.0,<Residue THR het=  resseq=26 icode= >,1zs4_C_A,1.7
169,0.0,THR, ,CA,14.51,3.75,0.0,3.28,1.0,<Residue THR het=  resseq=26 icode= >,1zs4_C_A,1.7
170,0.0,THR, ,C,14.69,3.77,0.0,4.07,1.0,<Residue THR het=  resseq=26 icode= >,1zs4_C_A,1.7
171,0.0,THR, ,O,14.35,4.95,0.0,4.36,1.0,<Residue THR het=  resseq=26 icode= >,1zs4_C_A,1.7
172,15.318,THR, ,CB,15.97,3.67,15.318,2.36,1.0,<Residue THR het=  resseq=26 icode= >,1zs4_C_A,1.7
173,9.736,THR, ,OG1,16.34,3.63,7.602,3.82,1.0,<Residue THR het=  resseq=26 icode= >,1zs4_C_A,1.7
174,10.803,THR, ,CG2,12.4,3.88,10.763,2.70,1.0,<Residue THR het=  resseq=26 icode= >,1zs4_C_A,1.7
175,3.398,GLU, ,N,15.63,2.89,3.371,4.24,1.0,<Residue GLU het=  resseq=27 icode= >,1zs4_C_A,1.7
176,0.0,GLU, ,CA,16.1,3.80,0.0,3.48,1.0,<Residue GLU het=  resseq=27 icode= >,1zs4_C_A,1.7
177,0.0,GLU, ,C,15.83,4.82,0.0,3.79,1.0,<Residue GLU het=  resseq=27 icode= >,1zs4_C_A,1.7
178,0.0,GLU, ,O,15.11,6.00,0.0,4.84,1.0,<Residue GLU het=  resseq=27 icode= >,1zs4_C_A,1.7
179,13.564,GLU, ,CB,19.73,3.51,12.088,2.00,1.0,<Residue GLU het=  resseq=27 icode= >,1zs4_C_A,1.7
180,4.024,GLU, ,CG,22.93,4.89,0.0,2.10,1.0,<Residue GLU het=  resseq=27 icode= >,1zs4_C_A,1.7
181,6.622,GLU, ,CD,26.67,4.11,0.393,2.25,1.0,<Residue GLU het=  resseq=27 icode= >,1zs4_C_A,1.7
182,34.943,GLU, ,OE1,28.58,3.47,23.073,2.04,1.0,<Residue GLU het=  resseq=27 icode= >,1zs4_C_A,1.7
183,26.044,GLU, ,OE2,29.47,4.60,0.064,1.66,1.0,<Residue GLU het=  resseq=27 icode= >,1zs4_C_A,1.7
184,0.0,LYS, ,N,14.8,4.68,0.0,4.16,0.5,<Residue LYS het=  resseq=28 icode= >,1zs4_C_A,1.7
185,0.561,LYS, ,CA,15.23,6.01,0.0,3.38,0.5,<Residue LYS het=  resseq=28 icode= >,1zs4_C_A,1.7
186,0.0,LYS, ,C,14.35,6.94,0.0,4.16,0.5,<Residue LYS het=  resseq=28 icode= >,1zs4_C_A,1.7
187,3.394,LYS, ,O,14.35,8.13,0.0,4.21,0.5,<Residue LYS het=  resseq=28 icode= >,1zs4_C_A,1.7
188,3.349,LYS, ,CB,16.0,6.20,0.0,2.67,0.5,<Residue LYS het=  resseq=28 icode= >,1zs4_C_A,1.7
189,7.036,LYS,x,CG,17.81,5.66,0.532,1.00,0.5,<Residue LYS het=  resseq=28 icode= >,1zs4_C_A,1.7
190,17.131,LYS,x,CD,19.02,5.93,0.0,0.57,0.5,<Residue LYS het=  resseq=28 icode= >,1zs4_C_A,1.7
191,45.832,LYS,x,CE,19.69,5.46,0.0,0.74,0.5,<Residue LYS het=  resseq=28 icode= >,1zs4_C_A,1.7
192,46.72,LYS,x,NZ,20.72,4.01,22.39,0.40,0.5,<Residue LYS het=  resseq=28 icode= >,1zs4_C_A,1.7
193,0.0,THR, ,N,13.25,6.66,0.0,4.73,1.0,<Residue THR het=  resseq=29 icode= >,1zs4_C_A,1.7
194,0.0,THR, ,CA,11.58,7.84,0.0,3.49,1.0,<Residue THR het=  resseq=29 icode= >,1zs4_C_A,1.7
195,0.0,THR, ,C,11.63,8.42,0.0,4.39,1.0,<Residue THR het=  resseq=29 icode= >,1zs4_C_A,1.7
196,0.0,THR, ,O,11.71,9.64,0.0,4.97,1.0,<Residue THR het=  resseq=29 icode= >,1zs4_C_A,1.7
197,0.0,THR, ,CB,13.07,7.75,0.0,2.95,1.0,<Residue THR het=  resseq=29 icode= >,1zs4_C_A,1.7
198,0.112,THR, ,OG1,12.35,7.27,0.112,5.10,1.0,<Residue THR het=  resseq=29 icode= >,1zs4_C_A,1.7
199,15.827,THR, ,CG2,11.48,9.14,15.827,3.86,1.0,<Residue THR het=  resseq=29 icode= >,1zs4_C_A,1.7
200,0.0,ALA, ,N,11.58,7.70,0.0,4.05,1.0,<Residue ALA het=  resseq=30 icode= >,1zs4_C_A,1.7
201,0.0,ALA, ,CA,11.12,8.12,0.0,3.65,1.0,<Residue ALA het=  resseq=30 icode= >,1zs4_C_A,1.7
202,0.0,ALA, ,C,11.02,8.25,0.0,5.34,1.0,<Residue ALA het=  resseq=30 icode= >,1zs4_C_A,1.7
203,0.019,ALA, ,O,11.89,7.63,0.0,5.80,1.0,<Residue ALA het=  resseq=30 icode= >,1zs4_C_A,1.7
204,1.437,ALA, ,CB,10.2,7.47,0.0,3.21,1.0,<Residue ALA het=  resseq=30 icode= >,1zs4_C_A,1.7
205,0.0,GLU, ,N,12.2,8.93,0.0,5.10,1.0,<Residue GLU het=  resseq=31 icode= >,1zs4_C_A,1.7
206,8.094,GLU, ,CA,14.26,9.49,0.0,3.32,1.0,<Residue GLU het=  resseq=31 icode= >,1zs4_C_A,1.7
207,1.34,GLU, ,C,14.47,9.92,0.0,3.51,1.0,<Residue GLU het=  resseq=31 icode= >,1zs4_C_A,1.7
208,20.771,GLU, ,O,12.02,9.66,0.0,5.69,1.0,<Residue GLU het=  resseq=31 icode= >,1zs4_C_A,1.7
209,14.952,GLU, ,CB,19.2,9.52,0.0,2.19,1.0,<Residue GLU het=  resseq=31 icode= >,1zs4_C_A,1.7
210,16.415,GLU, ,CG,26.03,8.69,0.0,0.96,1.0,<Residue GLU het=  resseq=31 icode= >,1zs4_C_A,1.7
211,8.51,GLU, ,CD,31.21,8.64,0.0,0.95,1.0,<Residue GLU het=  resseq=31 icode= >,1zs4_C_A,1.7
212,23.074,GLU, ,OE1,33.15,7.87,0.0,1.11,1.0,<Residue GLU het=  resseq=31 icode= >,1zs4_C_A,1.7
213,31.284,GLU, ,OE2,31.2,8.83,0.0,1.79,1.0,<Residue GLU het=  resseq=31 icode= >,1zs4_C_A,1.7
214,0.501,ALA, ,N,13.16,10.74,0.0,4.14,1.0,<Residue ALA het=  resseq=32 icode= >,1zs4_C_A,1.7
215,12.342,ALA, ,CA,13.07,11.48,0.0,3.79,1.0,<Residue ALA het=  resseq=32 icode= >,1zs4_C_A,1.7
216,0.846,ALA, ,C,13.73,10.68,0.846,3.63,1.0,<Residue ALA het=  resseq=32 icode= >,1zs4_C_A,1.7
217,30.223,ALA, ,O,13.87,11.01,11.532,5.02,1.0,<Residue ALA het=  resseq=32 icode= >,1zs4_C_A,1.7
218,35.96,ALA, ,CB,12.9,11.50,14.659,3.27,1.0,<Residue ALA het=  resseq=32 icode= >,1zs4_C_A,1.7
219,0.0,VAL, ,N,10.77,9.81,0.0,3.78,1.0,<Residue VAL het=  resseq=33 icode= >,1zs4_C_A,1.7
220,5.251,VAL, ,CA,11.15,9.19,5.251,3.76,1.0,<Residue VAL het=  resseq=33 icode= >,1zs4_C_A,1.7
221,0.674,VAL, ,C,12.81,8.03,0.0,3.81,1.0,<Residue VAL het=  resseq=33 icode= >,1zs4_C_A,1.7
222,25.706,VAL, ,O,14.85,8.06,10.202,4.60,1.0,<Residue VAL het=  resseq=33 icode= >,1zs4_C_A,1.7
223,0.0,VAL, ,CB,11.04,8.96,0.0,3.67,1.0,<Residue VAL het=  resseq=33 icode= >,1zs4_C_A,1.7
224,19.923,VAL, ,CG1,12.27,7.76,16.049,3.13,1.0,<Residue VAL het=  resseq=33 icode= >,1zs4_C_A,1.7
225,30.197,VAL, ,CG2,11.06,9.83,30.197,3.39,1.0,<Residue VAL het=  resseq=33 icode= >,1zs4_C_A,1.7
226,0.0,GLY, ,N,12.8,7.25,0.0,4.50,1.0,<Residue GLY het=  resseq=34 icode= >,1zs4_C_A,1.7
227,30.407,GLY, ,CA,12.99,6.28,0.0,3.77,1.0,<Residue GLY het=  resseq=34 icode= >,1zs4_C_A,1.7
228,4.967,GLY, ,C,13.72,4.82,0.0,3.65,1.0,<Residue GLY het=  resseq=34 icode= >,1zs4_C_A,1.7
229,29.675,GLY, ,O,13.36,4.02,5.293,5.26,1.0,<Residue GLY het=  resseq=34 icode= >,1zs4_C_A,1.7
230,0.209,VAL, ,N,11.2,4.77,0.0,4.39,1.0,<Residue VAL het=  resseq=35 icode= >,1zs4_C_A,1.7
231,6.78,VAL, ,CA,10.93,3.73,5.809,4.02,1.0,<Residue VAL het=  resseq=35 icode= >,1zs4_C_A,1.7
232,4.073,VAL, ,C,11.96,3.86,0.012,3.52,1.0,<Residue VAL het=  resseq=35 icode= >,1zs4_C_A,1.7
233,6.868,VAL, ,O,12.39,5.02,0.0,4.77,1.0,<Residue VAL het=  resseq=35 icode= >,1zs4_C_A,1.7
234,0.283,VAL, ,CB,10.08,3.82,0.283,4.07,1.0,<Residue VAL het=  resseq=35 icode= >,1zs4_C_A,1.7
235,29.189,VAL, ,CG1,11.35,4.44,10.503,3.89,1.0,<Residue VAL het=  resseq=35 icode= >,1zs4_C_A,1.7
236,0.0,VAL, ,CG2,11.14,4.93,0.0,3.86,1.0,<Residue VAL het=  resseq=35 icode= >,1zs4_C_A,1.7
237,6.09,ASP, ,N,9.0,2.88,5.014,5.62,1.0,<Residue ASP het=  resseq=36 icode= >,1zs4_C_A,1.7
238,7.431,ASP, ,CA,9.73,3.67,0.0,3.54,1.0,<Residue ASP het=  resseq=36 icode= >,1zs4_C_A,1.7
239,0.0,ASP, ,C,10.59,4.59,0.0,4.04,1.0,<Residue ASP het=  resseq=36 icode= >,1zs4_C_A,1.7
240,0.0,ASP, ,O,9.32,4.52,0.0,5.82,1.0,<Residue ASP het=  resseq=36 icode= >,1zs4_C_A,1.7
241,15.721,ASP, ,CB,11.57,3.29,14.846,3.47,1.0,<Residue ASP het=  resseq=36 icode= >,1zs4_C_A,1.7
242,6.98,ASP, ,CG,14.31,3.73,6.98,3.89,1.0,<Residue ASP het=  resseq=36 icode= >,1zs4_C_A,1.7
243,6.823,ASP, ,OD1,12.13,3.54,6.724,5.33,1.0,<Residue ASP het=  resseq=36 icode= >,1zs4_C_A,1.7
244,36.207,ASP, ,OD2,14.59,3.79,20.271,4.80,1.0,<Residue ASP het=  resseq=36 icode= >,1zs4_C_A,1.7
245,3.225,LYS, ,N,9.23,5.70,0.0,4.19,1.0,<Residue LYS het=  resseq=37 icode= >,1zs4_C_A,1.7
246,0.0,LYS, ,CA,9.45,4.60,0.0,3.43,1.0,<Residue LYS het=  resseq=37 icode= >,1zs4_C_A,1.7
247,0.92,LYS, ,C,9.96,3.88,0.92,4.05,1.0,<Residue LYS het=  resseq=37 icode= >,1zs4_C_A,1.7
248,0.266,LYS, ,O,10.29,3.76,0.266,5.68,1.0,<Residue LYS het=  resseq=37 icode= >,1zs4_C_A,1.7
249,2.054,LYS, ,CB,8.64,3.99,1.229,3.62,1.0,<Residue LYS het=  resseq=37 icode= >,1zs4_C_A,1.7
250,6.82,LYS, ,CG,11.35,3.81,4.329,2.91,1.0,<Residue LYS het=  resseq=37 icode= >,1zs4_C_A,1.7
251,12.67,LYS, ,CD,13.11,3.72,12.451,2.84,1.0,<Residue LYS het=  resseq=37 icode= >,1zs4_C_A,1.7
252,45.212,LYS, ,CE,13.31,3.31,40.582,3.09,1.0,<Residue LYS het=  resseq=37 icode= >,1zs4_C_A,1.7
253,36.682,LYS, ,NZ,14.72,4.38,9.036,3.35,1.0,<Residue LYS het=  resseq=37 icode= >,1zs4_C_A,1.7
254,0.0,SER, ,N,10.68,4.05,0.0,4.36,1.0,<Residue SER het=  resseq=38 icode= >,1zs4_C_A,1.7
255,5.6,SER, ,CA,10.35,3.99,5.6,3.30,1.0,<Residue SER het=  resseq=38 icode= >,1zs4_C_A,1.7
256,0.0,SER, ,C,10.19,4.76,0.0,4.10,1.0,<Residue SER het=  resseq=38 icode= >,1zs4_C_A,1.7
257,0.042,SER, ,O,9.16,4.22,0.042,5.60,1.0,<Residue SER het=  resseq=38 icode= >,1zs4_C_A,1.7
258,25.432,SER, ,CB,11.11,3.03,25.432,3.40,1.0,<Residue SER het=  resseq=38 icode= >,1zs4_C_A,1.7
259,7.284,SER, ,OG,10.41,2.93,7.284,5.60,1.0,<Residue SER het=  resseq=38 icode= >,1zs4_C_A,1.7
260,0.0,GLN, ,N,8.7,5.21,0.0,4.85,1.0,<Residue GLN het=  resseq=39 icode= >,1zs4_C_A,1.7
261,0.0,GLN, ,CA,9.83,5.13,0.0,3.88,1.0,<Residue GLN het=  resseq=39 icode= >,1zs4_C_A,1.7
262,0.0,GLN, ,C,9.46,5.73,0.0,4.56,1.0,<Residue GLN het=  resseq=39 icode= >,1zs4_C_A,1.7
263,0.0,GLN, ,O,9.81,5.49,0.0,6.07,1.0,<Residue GLN het=  resseq=39 icode= >,1zs4_C_A,1.7
264,0.0,GLN, ,CB,10.18,4.15,0.0,4.27,1.0,<Residue GLN het=  resseq=39 icode= >,1zs4_C_A,1.7
265,20.037,GLN, ,CG,11.17,3.26,20.037,3.31,1.0,<Residue GLN het=  resseq=39 icode= >,1zs4_C_A,1.7
266,4.977,GLN, ,CD,11.84,3.64,4.977,3.72,1.0,<Residue GLN het=  resseq=39 icode= >,1zs4_C_A,1.7
267,18.682,GLN, ,OE1,10.34,3.35,18.121,5.43,1.0,<Residue GLN het=  resseq=39 icode= >,1zs4_C_A,1.7
268,21.414,GLN, ,NE2,20.0,2.65,21.414,1.87,1.0,<Residue GLN het=  resseq=39 icode= >,1zs4_C_A,1.7
269,0.0,ILE, ,N,9.07,6.78,0.0,4.79,1.0,<Residue ILE het=  resseq=40 icode= >,1zs4_C_A,1.7
270,0.0,ILE, ,CA,8.63,6.70,0.0,4.25,1.0,<Residue ILE het=  resseq=40 icode= >,1zs4_C_A,1.7
271,0.0,ILE, ,C,10.11,5.49,0.0,4.58,1.0,<Residue ILE het=  resseq=40 icode= >,1zs4_C_A,1.7
272,0.0,ILE, ,O,9.5,5.62,0.0,5.26,1.0,<Residue ILE het=  resseq=40 icode= >,1zs4_C_A,1.7
273,0.0,ILE, ,CB,10.44,6.67,0.0,2.82,1.0,<Residue ILE het=  resseq=40 icode= >,1zs4_C_A,1.7
274,0.0,ILE, ,CG1,11.64,8.00,0.0,3.31,1.0,<Residue ILE het=  resseq=40 icode= >,1zs4_C_A,1.7
275,0.325,ILE, ,CG2,10.71,6.42,0.0,3.38,1.0,<Residue ILE het=  resseq=40 icode= >,1zs4_C_A,1.7
276,3.149,ILE, ,CD1,14.9,8.25,2.877,2.83,1.0,<Residue ILE het=  resseq=40 icode= >,1zs4_C_A,1.7
277,0.0,SER, ,N,10.11,4.68,0.0,4.48,0.5,<Residue SER het=  resseq=41 icode= >,1zs4_C_A,1.7
278,0.0,SER, ,CA,10.98,3.74,0.0,3.70,0.5,<Residue SER het=  resseq=41 icode= >,1zs4_C_A,1.7
279,0.0,SER, ,C,11.28,4.78,0.0,4.11,0.5,<Residue SER het=  resseq=41 icode= >,1zs4_C_A,1.7
280,4.639,SER, ,O,12.69,4.85,0.059,4.13,0.5,<Residue SER het=  resseq=41 icode= >,1zs4_C_A,1.7
281,19.549,SER, ,CB,10.18,3.36,19.549,3.39,0.5,<Residue SER het=  resseq=41 icode= >,1zs4_C_A,1.7
282,29.228,SER,x,OG,12.09,3.47,25.145,1.53,0.5,<Residue SER het=  resseq=41 icode= >,1zs4_C_A,1.7
283,0.0,ARG, ,N,10.67,5.31,0.0,4.55,1.0,<Residue ARG het=  resseq=42 icode= >,1zs4_C_A,1.7
284,0.153,ARG, ,CA,11.32,5.82,0.0,3.32,1.0,<Residue ARG het=  resseq=42 icode= >,1zs4_C_A,1.7
285,0.176,ARG, ,C,11.77,6.98,0.0,4.16,1.0,<Residue ARG het=  resseq=42 icode= >,1zs4_C_A,1.7
286,0.0,ARG, ,O,13.53,7.56,0.0,5.26,1.0,<Residue ARG het=  resseq=42 icode= >,1zs4_C_A,1.7
287,5.461,ARG, ,CB,13.29,5.51,0.924,2.95,1.0,<Residue ARG het=  resseq=42 icode= >,1zs4_C_A,1.7
288,2.85,ARG, ,CG,13.97,4.16,2.759,2.56,1.0,<Residue ARG het=  resseq=42 icode= >,1zs4_C_A,1.7
289,15.34,ARG, ,CD,16.6,4.30,10.781,3.22,1.0,<Residue ARG het=  resseq=42 icode= >,1zs4_C_A,1.7
290,6.416,ARG, ,NE,20.8,3.87,0.903,2.58,1.0,<Residue ARG het=  resseq=42 icode= >,1zs4_C_A,1.7
291,8.695,ARG, ,CZ,21.58,3.65,7.115,1.69,1.0,<Residue ARG het=  resseq=42 icode= >,1zs4_C_A,1.7
292,32.298,ARG, ,NH1,20.33,2.83,32.298,3.41,1.0,<Residue ARG het=  resseq=42 icode= >,1zs4_C_A,1.7
293,56.078,ARG, ,NH2,21.97,3.01,43.105,2.91,1.0,<Residue ARG het=  resseq=42 icode= >,1zs4_C_A,1.7
294,0.0,TRP, ,N,11.84,6.46,0.0,5.04,1.0,<Residue TRP het=  resseq=43 icode= >,1zs4_C_A,1.7
295,0.088,TRP, ,CA,11.26,6.63,0.0,4.13,1.0,<Residue TRP het=  resseq=43 icode= >,1zs4_C_A,1.7
296,0.0,TRP, ,C,12.16,8.13,0.0,4.38,1.0,<Residue TRP het=  resseq=43 icode= >,1zs4_C_A,1.7
297,0.0,TRP, ,O,13.65,8.68,0.0,4.80,1.0,<Residue TRP het=  resseq=43 icode= >,1zs4_C_A,1.7
298,2.185,TRP, ,CB,11.16,6.37,1.834,3.88,1.0,<Residue TRP het=  resseq=43 icode= >,1zs4_C_A,1.7
299,1.465,TRP, ,CG,11.17,5.01,1.465,3.99,1.0,<Residue TRP het=  resseq=43 icode= >,1zs4_C_A,1.7
300,9.694,TRP, ,CD1,11.72,3.80,5.125,3.24,1.0,<Residue TRP het=  resseq=43 icode= >,1zs4_C_A,1.7
301,2.755,TRP, ,CD2,10.75,5.03,2.755,3.80,1.0,<Residue TRP het=  resseq=43 icode= >,1zs4_C_A,1.7
302,16.969,TRP, ,NE1,10.89,2.83,16.969,4.53,1.0,<Residue TRP het=  resseq=43 icode= >,1zs4_C_A,1.7
303,3.312,TRP, ,CE2,11.22,3.81,3.312,3.99,1.0,<Residue TRP het=  resseq=43 icode= >,1zs4_C_A,1.7
304,14.265,TRP, ,CE3,10.46,6.23,14.079,3.66,1.0,<Residue TRP het=  resseq=43 icode= >,1zs4_C_A,1.7
305,18.717,TRP, ,CZ2,10.36,3.60,18.717,3.84,1.0,<Residue TRP het=  resseq=43 icode= >,1zs4_C_A,1.7
306,17.827,TRP, ,CZ3,11.59,5.97,17.827,4.11,1.0,<Residue TRP het=  resseq=43 icode= >,1zs4_C_A,1.7
307,15.106,TRP, ,CH2,10.15,4.70,14.677,4.36,1.0,<Residue TRP het=  resseq=43 icode= >,1zs4_C_A,1.7
308,0.0,LYS, ,N,13.0,7.42,0.0,4.63,1.0,<Residue LYS het=  resseq=44 icode= >,1zs4_C_A,1.7
309,0.0,LYS, ,CA,14.22,7.38,0.0,3.86,1.0,<Residue LYS het=  resseq=44 icode= >,1zs4_C_A,1.7
310,1.101,LYS, ,C,15.5,8.02,0.0,3.62,1.0,<Residue LYS het=  resseq=44 icode= >,1zs4_C_A,1.7
311,3.867,LYS, ,O,17.64,8.71,0.0,3.92,1.0,<Residue LYS het=  resseq=44 icode= >,1zs4_C_A,1.7
312,7.416,LYS, ,CB,14.63,6.06,0.0,2.97,1.0,<Residue LYS het=  resseq=44 icode= >,1zs4_C_A,1.7
313,0.0,LYS, ,CG,16.44,5.83,0.0,2.96,1.0,<Residue LYS het=  resseq=44 icode= >,1zs4_C_A,1.7
314,7.256,LYS, ,CD,21.77,4.88,0.179,1.85,1.0,<Residue LYS het=  resseq=44 icode= >,1zs4_C_A,1.7
315,10.789,LYS, ,CE,22.76,3.41,6.255,1.96,1.0,<Residue LYS het=  resseq=44 icode= >,1zs4_C_A,1.7
316,22.292,LYS, ,NZ,22.39,2.84,21.406,2.92,1.0,<Residue LYS het=  resseq=44 icode= >,1zs4_C_A,1.7
317,0.006,ARG, ,N,14.72,7.81,0.0,4.29,1.0,<Residue ARG het=  resseq=45 icode= >,1zs4_C_A,1.7
318,7.668,ARG, ,CA,19.66,7.89,0.0,3.18,1.0,<Residue ARG het=  resseq=45 icode= >,1zs4_C_A,1.7
319,0.0,ARG, ,C,21.27,8.83,0.0,2.78,1.0,<Residue ARG het=  resseq=45 icode= >,1zs4_C_A,1.7
320,15.958,ARG, ,O,22.34,9.50,0.0,2.95,1.0,<Residue ARG het=  resseq=45 icode= >,1zs4_C_A,1.7
321,14.701,ARG, ,CB,23.77,6.44,0.0,2.06,1.0,<Residue ARG het=  resseq=45 icode= >,1zs4_C_A,1.7
322,29.392,ARG, ,CG,29.36,6.47,0.0,1.44,1.0,<Residue ARG het=  resseq=45 icode= >,1zs4_C_A,1.7
323,15.875,ARG, ,CD,33.66,6.25,0.0,1.12,1.0,<Residue ARG het=  resseq=45 icode= >,1zs4_C_A,1.7
324,12.66,ARG, ,NE,37.7,4.93,2.041,1.01,1.0,<Residue ARG het=  resseq=45 icode= >,1zs4_C_A,1.7
325,4.138,ARG, ,CZ,38.38,4.97,0.0,1.32,1.0,<Residue ARG het=  resseq=45 icode= >,1zs4_C_A,1.7
326,20.924,ARG, ,NH1,39.96,6.23,0.0,1.10,1.0,<Residue ARG het=  resseq=45 icode= >,1zs4_C_A,1.7
327,33.341,ARG, ,NH2,38.89,4.04,15.05,0.99,1.0,<Residue ARG het=  resseq=45 icode= >,1zs4_C_A,1.7
328,0.0,ASP, ,N,20.57,8.67,0.0,3.45,1.0,<Residue ASP het=  resseq=46 icode= >,1zs4_C_A,1.7
329,4.269,ASP, ,CA,22.29,7.61,0.0,2.96,1.0,<Residue ASP het=  resseq=46 icode= >,1zs4_C_A,1.7
330,0.115,ASP, ,C,22.45,7.65,0.0,3.43,1.0,<Residue ASP het=  resseq=46 icode= >,1zs4_C_A,1.7
331,13.188,ASP, ,O,23.53,8.03,0.0,3.34,1.0,<Residue ASP het=  resseq=46 icode= >,1zs4_C_A,1.7
332,6.77,ASP, ,CB,24.94,6.25,0.0,1.32,1.0,<Residue ASP het=  resseq=46 icode= >,1zs4_C_A,1.7
333,7.229,ASP, ,CG,26.97,6.49,0.0,2.08,1.0,<Residue ASP het=  resseq=46 icode= >,1zs4_C_A,1.7
334,12.854,ASP, ,OD1,27.24,7.31,0.0,2.94,1.0,<Residue ASP het=  resseq=46 icode= >,1zs4_C_A,1.7
335,15.292,ASP, ,OD2,28.49,6.16,0.0,2.21,1.0,<Residue ASP het=  resseq=46 icode= >,1zs4_C_A,1.7
336,0.0,TRP, ,N,21.21,7.61,0.0,3.25,1.0,<Residue TRP het=  resseq=47 icode= >,1zs4_C_A,1.7
337,0.0,TRP, ,CA,19.74,7.93,0.0,2.66,1.0,<Residue TRP het=  resseq=47 icode= >,1zs4_C_A,1.7
338,0.323,TRP, ,C,18.26,9.39,0.323,4.24,1.0,<Residue TRP het=  resseq=47 icode= >,1zs4_C_A,1.7
339,0.199,TRP, ,O,18.77,9.93,0.199,3.98,1.0,<Residue TRP het=  resseq=47 icode= >,1zs4_C_A,1.7
340,18.619,TRP, ,CB,18.46,7.07,18.619,3.15,1.0,<Residue TRP het=  resseq=47 icode= >,1zs4_C_A,1.7
341,2.564,TRP, ,CG,19.49,5.63,2.564,3.81,1.0,<Residue TRP het=  resseq=47 icode= >,1zs4_C_A,1.7
342,16.223,TRP, ,CD1,18.76,4.54,13.938,2.93,1.0,<Residue TRP het=  resseq=47 icode= >,1zs4_C_A,1.7
343,2.807,TRP, ,CD2,20.16,5.42,2.772,3.30,1.0,<Residue TRP het=  resseq=47 icode= >,1zs4_C_A,1.7
344,24.44,TRP, ,NE1,21.26,3.40,20.977,2.82,1.0,<Residue TRP het=  resseq=47 icode= >,1zs4_C_A,1.7
345,4.686,TRP, ,CE2,21.34,4.09,3.328,3.25,1.0,<Residue TRP het=  resseq=47 icode= >,1zs4_C_A,1.7
346,10.722,TRP, ,CE3,22.6,6.30,10.6,1.99,1.0,<Residue TRP het=  resseq=47 icode= >,1zs4_C_A,1.7
347,35.063,TRP, ,CZ2,22.49,4.07,16.338,2.23,1.0,<Residue TRP het=  resseq=47 icode= >,1zs4_C_A,1.7
348,27.601,TRP, ,CZ3,22.64,6.21,22.854,2.05,1.0,<Residue TRP het=  resseq=47 icode= >,1zs4_C_A,1.7
349,36.181,TRP, ,CH2,22.75,5.26,17.13,2.02,1.0,<Residue TRP het=  resseq=47 icode= >,1zs4_C_A,1.7
350,0.0,ILE, ,N,18.96,10.14,0.0,3.75,1.0,<Residue ILE het=  resseq=48 icode= >,1zs4_C_A,1.7
351,0.022,ILE, ,CA,18.96,11.38,0.022,2.86,1.0,<Residue ILE het=  resseq=48 icode= >,1zs4_C_A,1.7
352,0.0,ILE, ,C,18.16,12.37,0.0,4.13,1.0,<Residue ILE het=  resseq=48 icode= >,1zs4_C_A,1.7
353,0.0,ILE, ,O,16.8,13.25,0.0,4.62,1.0,<Residue ILE het=  resseq=48 icode= >,1zs4_C_A,1.7
354,0.0,ILE, ,CB,20.11,11.14,0.0,1.95,1.0,<Residue ILE het=  resseq=48 icode= >,1zs4_C_A,1.7
355,11.182,ILE, ,CG1,21.87,10.45,10.943,2.37,1.0,<Residue ILE het=  resseq=48 icode= >,1zs4_C_A,1.7
356,0.0,ILE, ,CG2,19.93,11.50,0.0,2.53,1.0,<Residue ILE het=  resseq=48 icode= >,1zs4_C_A,1.7
357,7.291,ILE, ,CD1,21.7,9.73,6.928,1.51,1.0,<Residue ILE het=  resseq=48 icode= >,1zs4_C_A,1.7
358,0.0,PRO, ,N,17.86,12.28,0.0,3.84,1.0,<Residue PRO het=  resseq=49 icode= >,1zs4_C_A,1.7
359,0.0,PRO, ,CA,17.22,13.27,0.0,3.17,1.0,<Residue PRO het=  resseq=49 icode= >,1zs4_C_A,1.7
360,1.0,PRO, ,C,16.66,13.18,0.0,3.75,1.0,<Residue PRO het=  resseq=49 icode= >,1zs4_C_A,1.7
361,6.14,PRO, ,O,15.07,14.24,0.0,4.00,1.0,<Residue PRO het=  resseq=49 icode= >,1zs4_C_A,1.7
362,22.219,PRO, ,CB,18.75,13.15,0.0,2.48,1.0,<Residue PRO het=  resseq=49 icode= >,1zs4_C_A,1.7
363,13.069,PRO, ,CG,19.48,11.97,0.0,2.34,1.0,<Residue PRO het=  resseq=49 icode= >,1zs4_C_A,1.7
364,0.0,PRO, ,CD,19.27,11.77,0.0,2.56,1.0,<Residue PRO het=  resseq=49 icode= >,1zs4_C_A,1.7
365,0.0,LYS, ,N,15.38,12.01,0.0,4.80,1.0,<Residue LYS het=  resseq=50 icode= >,1zs4_C_A,1.7
366,0.0,LYS, ,CA,16.24,11.99,0.0,2.76,1.0,<Residue LYS het=  resseq=50 icode= >,1zs4_C_A,1.7
367,1.067,LYS, ,C,14.6,12.14,1.067,4.11,1.0,<Residue LYS het=  resseq=50 icode= >,1zs4_C_A,1.7
368,4.34,LYS, ,O,12.0,12.88,4.34,6.00,1.0,<Residue LYS het=  resseq=50 icode= >,1zs4_C_A,1.7
369,9.743,LYS, ,CB,16.78,10.71,9.743,2.16,1.0,<Residue LYS het=  resseq=50 icode= >,1zs4_C_A,1.7
370,13.864,LYS, ,CG,20.04,10.51,3.174,2.60,1.0,<Residue LYS het=  resseq=50 icode= >,1zs4_C_A,1.7
371,26.281,LYS, ,CD,21.67,11.87,0.0,1.50,1.0,<Residue LYS het=  resseq=50 icode= >,1zs4_C_A,1.7
372,41.34,LYS, ,CE,25.25,12.61,26.981,0.92,1.0,<Residue LYS het=  resseq=50 icode= >,1zs4_C_A,1.7
373,21.26,LYS, ,NZ,23.77,13.88,6.138,1.93,1.0,<Residue LYS het=  resseq=50 icode= >,1zs4_C_A,1.7
374,0.663,PHE, ,N,13.68,11.62,0.663,4.89,1.0,<Residue PHE het=  resseq=51 icode= >,1zs4_C_A,1.7
375,4.191,PHE, ,CA,11.81,11.98,4.191,3.63,1.0,<Residue PHE het=  resseq=51 icode= >,1zs4_C_A,1.7
376,0.0,PHE, ,C,12.23,13.51,0.0,4.72,1.0,<Residue PHE het=  resseq=51 icode= >,1zs4_C_A,1.7
377,0.0,PHE, ,O,12.11,14.18,0.0,4.83,1.0,<Residue PHE het=  resseq=51 icode= >,1zs4_C_A,1.7
378,8.524,PHE, ,CB,11.25,11.40,8.524,4.08,1.0,<Residue PHE het=  resseq=51 icode= >,1zs4_C_A,1.7
379,2.055,PHE, ,CG,10.7,11.96,2.055,3.63,1.0,<Residue PHE het=  resseq=51 icode= >,1zs4_C_A,1.7
380,12.068,PHE, ,CD1,9.55,11.78,12.068,3.87,1.0,<Residue PHE het=  resseq=51 icode= >,1zs4_C_A,1.7
381,6.881,PHE, ,CD2,10.12,12.83,6.27,4.27,1.0,<Residue PHE het=  resseq=51 icode= >,1zs4_C_A,1.7
382,21.038,PHE, ,CE1,10.15,12.49,21.038,3.59,1.0,<Residue PHE het=  resseq=51 icode= >,1zs4_C_A,1.7
383,19.225,PHE, ,CE2,11.72,13.22,18.95,3.81,1.0,<Residue PHE het=  resseq=51 icode= >,1zs4_C_A,1.7
384,24.103,PHE, ,CZ,10.51,13.33,24.103,4.30,1.0,<Residue PHE het=  resseq=51 icode= >,1zs4_C_A,1.7
385,0.0,SER, ,N,10.36,14.14,0.0,5.79,1.0,<Residue SER het=  resseq=52 icode= >,1zs4_C_A,1.7
386,0.0,SER, ,CA,12.36,15.60,0.0,4.03,1.0,<Residue SER het=  resseq=52 icode= >,1zs4_C_A,1.7
387,0.0,SER, ,C,10.58,16.28,0.0,5.57,1.0,<Residue SER het=  resseq=52 icode= >,1zs4_C_A,1.7
388,0.0,SER, ,O,12.04,17.36,0.0,5.12,1.0,<Residue SER het=  resseq=52 icode= >,1zs4_C_A,1.7
389,0.202,SER, ,CB,11.52,16.16,0.0,3.53,1.0,<Residue SER het=  resseq=52 icode= >,1zs4_C_A,1.7
390,0.0,SER, ,OG,11.97,15.25,0.0,5.31,1.0,<Residue SER het=  resseq=52 icode= >,1zs4_C_A,1.7
391,0.0,MET, ,N,10.84,15.79,0.0,5.39,1.0,<Residue MET het=  resseq=53 icode= >,1zs4_C_A,1.7
392,0.0,MET, ,CA,11.73,16.58,0.0,3.50,1.0,<Residue MET het=  resseq=53 icode= >,1zs4_C_A,1.7
393,0.0,MET, ,C,11.35,16.49,0.0,4.71,1.0,<Residue MET het=  resseq=53 icode= >,1zs4_C_A,1.7
394,0.0,MET, ,O,12.91,17.55,0.0,4.47,1.0,<Residue MET het=  resseq=53 icode= >,1zs4_C_A,1.7
395,4.257,MET, ,CB,11.23,16.24,0.676,3.87,1.0,<Residue MET het=  resseq=53 icode= >,1zs4_C_A,1.7
396,19.883,MET, ,CG,13.58,17.13,14.017,2.55,1.0,<Residue MET het=  resseq=53 icode= >,1zs4_C_A,1.7
397,3.105,MET, ,SD,9.35,18.94,0.0,12.37,1.0,<Residue MET het=  resseq=53 icode= >,1zs4_C_A,1.7
398,32.153,MET, ,CE,16.25,19.50,0.0,2.21,1.0,<Residue MET het=  resseq=53 icode= >,1zs4_C_A,1.7
399,0.763,LEU, ,N,10.35,15.35,0.763,5.56,1.0,<Residue LEU het=  resseq=54 icode= >,1zs4_C_A,1.7
400,3.555,LEU, ,CA,8.51,15.45,3.555,4.07,1.0,<Residue LEU het=  resseq=54 icode= >,1zs4_C_A,1.7
401,0.0,LEU, ,C,9.57,16.50,0.0,4.34,1.0,<Residue LEU het=  resseq=54 icode= >,1zs4_C_A,1.7
402,0.0,LEU, ,O,10.17,17.44,0.0,5.24,1.0,<Residue LEU het=  resseq=54 icode= >,1zs4_C_A,1.7
403,7.408,LEU, ,CB,9.77,14.12,7.408,4.00,1.0,<Residue LEU het=  resseq=54 icode= >,1zs4_C_A,1.7
404,0.0,LEU, ,CG,9.58,14.40,0.0,3.01,1.0,<Residue LEU het=  resseq=54 icode= >,1zs4_C_A,1.7
405,35.062,LEU, ,CD1,9.94,15.09,35.062,3.41,1.0,<Residue LEU het=  resseq=54 icode= >,1zs4_C_A,1.7
406,42.635,LEU, ,CD2,7.55,13.16,42.635,4.16,1.0,<Residue LEU het=  resseq=54 icode= >,1zs4_C_A,1.7
407,0.0,LEU, ,N,8.53,16.45,0.0,5.63,1.0,<Residue LEU het=  resseq=55 icode= >,1zs4_C_A,1.7
408,0.0,LEU, ,CA,8.3,17.55,0.0,4.31,1.0,<Residue LEU het=  resseq=55 icode= >,1zs4_C_A,1.7
409,0.0,LEU, ,C,9.23,18.89,0.0,4.69,1.0,<Residue LEU het=  resseq=55 icode= >,1zs4_C_A,1.7
410,0.0,LEU, ,O,10.11,19.88,0.0,5.63,1.0,<Residue LEU het=  resseq=55 icode= >,1zs4_C_A,1.7
411,0.0,LEU, ,CB,8.08,17.45,0.0,3.81,1.0,<Residue LEU het=  resseq=55 icode= >,1zs4_C_A,1.7
412,0.0,LEU, ,CG,8.11,16.40,0.0,4.42,1.0,<Residue LEU het=  resseq=55 icode= >,1zs4_C_A,1.7
413,13.786,LEU, ,CD1,9.68,16.81,13.786,4.04,1.0,<Residue LEU het=  resseq=55 icode= >,1zs4_C_A,1.7
414,4.155,LEU, ,CD2,11.11,16.50,4.155,3.64,1.0,<Residue LEU het=  resseq=55 icode= >,1zs4_C_A,1.7
415,0.0,ALA, ,N,10.96,1000.00,0.0,4.64,1.0,<Residue ALA het=  resseq=56 icode= >,1zs4_C_A,1.7
416,0.0,ALA, ,CA,11.63,1000.00,0.0,4.00,1.0,<Residue ALA het=  resseq=56 icode= >,1zs4_C_A,1.7
417,0.0,ALA, ,C,12.19,1000.00,0.0,4.01,1.0,<Residue ALA het=  resseq=56 icode= >,1zs4_C_A,1.7
418,1.423,ALA, ,O,13.25,1000.00,0.0,6.05,1.0,<Residue ALA het=  resseq=56 icode= >,1zs4_C_A,1.7
419,0.0,ALA, ,CB,13.24,1000.00,0.0,2.53,1.0,<Residue ALA het=  resseq=56 icode= >,1zs4_C_A,1.7
420,0.0,VAL, ,N,12.28,1000.00,0.0,4.79,1.0,<Residue VAL het=  resseq=57 icode= >,1zs4_C_A,1.7
421,0.0,VAL, ,CA,14.35,1000.00,0.0,3.35,1.0,<Residue VAL het=  resseq=57 icode= >,1zs4_C_A,1.7
422,0.0,VAL, ,C,14.89,1000.00,0.0,3.79,1.0,<Residue VAL het=  resseq=57 icode= >,1zs4_C_A,1.7
423,13.907,VAL, ,O,14.12,1000.00,0.587,4.67,1.0,<Residue VAL het=  resseq=57 icode= >,1zs4_C_A,1.7
424,0.0,VAL, ,CB,14.16,1000.00,0.0,3.46,1.0,<Residue VAL het=  resseq=57 icode= >,1zs4_C_A,1.7
425,45.991,VAL, ,CG1,16.23,1000.00,31.704,2.00,1.0,<Residue VAL het=  resseq=57 icode= >,1zs4_C_A,1.7
426,22.246,VAL, ,CG2,14.55,1000.00,7.062,3.27,1.0,<Residue VAL het=  resseq=57 icode= >,1zs4_C_A,1.7
427,0.0,LEU, ,N,11.86,1000.00,0.0,4.64,1.0,<Residue LEU het=  resseq=58 icode= >,1zs4_C_A,1.7
428,4.024,LEU, ,CA,11.54,1000.00,2.707,3.35,1.0,<Residue LEU het=  resseq=58 icode= >,1zs4_C_A,1.7
429,1.108,LEU, ,C,12.18,1000.00,0.565,4.51,1.0,<Residue LEU het=  resseq=58 icode= >,1zs4_C_A,1.7
430,15.444,LEU, ,O,11.79,1000.00,15.444,5.86,1.0,<Residue LEU het=  resseq=58 icode= >,1zs4_C_A,1.7
431,1.571,LEU, ,CB,10.33,1000.00,1.571,3.86,1.0,<Residue LEU het=  resseq=58 icode= >,1zs4_C_A,1.7
432,0.0,LEU, ,CG,9.07,1000.00,0.0,3.32,1.0,<Residue LEU het=  resseq=58 icode= >,1zs4_C_A,1.7
433,24.123,LEU, ,CD1,10.61,1000.00,24.123,3.55,1.0,<Residue LEU het=  resseq=58 icode= >,1zs4_C_A,1.7
434,47.46,LEU, ,CD2,8.02,1000.00,45.252,3.65,1.0,<Residue LEU het=  resseq=58 icode= >,1zs4_C_A,1.7
435,0.0,GLU, ,N,11.76,1000.00,0.0,5.33,1.0,<Residue GLU het=  resseq=59 icode= >,1zs4_C_A,1.7
436,4.939,GLU, ,CA,13.41,1000.00,0.0,4.07,1.0,<Residue GLU het=  resseq=59 icode= >,1zs4_C_A,1.7
437,1.27,GLU, ,C,12.4,1000.00,0.0,4.20,1.0,<Residue GLU het=  resseq=59 icode= >,1zs4_C_A,1.7
438,22.327,GLU, ,O,11.77,1000.00,0.156,5.96,1.0,<Residue GLU het=  resseq=59 icode= >,1zs4_C_A,1.7
439,13.076,GLU, ,CB,19.02,1000.00,3.796,2.79,1.0,<Residue GLU het=  resseq=59 icode= >,1zs4_C_A,1.7
440,11.339,GLU, ,CG,23.05,1000.00,0.006,2.56,1.0,<Residue GLU het=  resseq=59 icode= >,1zs4_C_A,1.7
441,13.591,GLU, ,CD,28.8,1000.00,2.169,2.10,1.0,<Residue GLU het=  resseq=59 icode= >,1zs4_C_A,1.7
442,37.285,GLU, ,OE1,31.47,1000.00,0.0,1.72,1.0,<Residue GLU het=  resseq=59 icode= >,1zs4_C_A,1.7
443,36.713,GLU, ,OE2,32.01,1000.00,0.0,1.50,1.0,<Residue GLU het=  resseq=59 icode= >,1zs4_C_A,1.7
444,0.0,TRP, ,N,10.88,1000.00,0.0,4.83,1.0,<Residue TRP het=  resseq=60 icode= >,1zs4_C_A,1.7
445,4.258,TRP, ,CA,11.28,1000.00,0.0,4.05,1.0,<Residue TRP het=  resseq=60 icode= >,1zs4_C_A,1.7
446,0.603,TRP, ,C,12.03,1000.00,0.0,4.13,1.0,<Residue TRP het=  resseq=60 icode= >,1zs4_C_A,1.7
447,7.342,TRP, ,O,12.67,1000.00,6.553,5.35,1.0,<Residue TRP het=  resseq=60 icode= >,1zs4_C_A,1.7
448,0.0,TRP, ,CB,11.54,1000.00,0.0,3.41,1.0,<Residue TRP het=  resseq=60 icode= >,1zs4_C_A,1.7
449,0.831,TRP, ,CG,13.41,1000.00,0.0,3.48,1.0,<Residue TRP het=  resseq=60 icode= >,1zs4_C_A,1.7
450,6.235,TRP, ,CD1,13.21,1000.00,0.901,3.30,1.0,<Residue TRP het=  resseq=60 icode= >,1zs4_C_A,1.7
451,3.105,TRP, ,CD2,12.91,1000.00,0.215,4.02,1.0,<Residue TRP het=  resseq=60 icode= >,1zs4_C_A,1.7
452,26.941,TRP, ,NE1,13.46,1000.00,13.761,4.14,1.0,<Residue TRP het=  resseq=60 icode= >,1zs4_C_A,1.7
453,4.418,TRP, ,CE2,13.17,1000.00,0.945,3.43,1.0,<Residue TRP het=  resseq=60 icode= >,1zs4_C_A,1.7
454,12.819,TRP, ,CE3,12.35,1000.00,11.728,3.72,1.0,<Residue TRP het=  resseq=60 icode= >,1zs4_C_A,1.7
455,35.263,TRP, ,CZ2,14.24,1000.00,28.559,3.40,1.0,<Residue TRP het=  resseq=60 icode= >,1zs4_C_A,1.7
456,35.904,TRP, ,CZ3,15.07,1000.00,32.489,2.65,1.0,<Residue TRP het=  resseq=60 icode= >,1zs4_C_A,1.7
457,36.342,TRP, ,CH2,13.73,1000.00,30.648,3.08,1.0,<Residue TRP het=  resseq=60 icode= >,1zs4_C_A,1.7
458,1.975,GLY, ,N,12.02,1000.00,0.0,4.48,1.0,<Residue GLY het=  resseq=61 icode= >,1zs4_C_A,1.7
459,2.086,GLY, ,CA,13.03,1000.00,1.046,3.05,1.0,<Residue GLY het=  resseq=61 icode= >,1zs4_C_A,1.7
460,1.117,GLY, ,C,12.25,1000.00,0.0,4.17,1.0,<Residue GLY het=  resseq=61 icode= >,1zs4_C_A,1.7
461,21.774,GLY, ,O,15.36,1000.00,0.334,5.13,1.0,<Residue GLY het=  resseq=61 icode= >,1zs4_C_A,1.7
462,1.278,VAL, ,N,11.24,1000.00,0.422,4.78,1.0,<Residue VAL het=  resseq=62 icode= >,1zs4_C_A,1.7
463,5.222,VAL, ,CA,11.89,1000.00,4.071,3.76,1.0,<Residue VAL het=  resseq=62 icode= >,1zs4_C_A,1.7
464,2.604,VAL, ,C,11.92,1000.00,0.0,4.46,1.0,<Residue VAL het=  resseq=62 icode= >,1zs4_C_A,1.7
465,0.702,VAL, ,O,12.76,1000.00,0.0,5.63,1.0,<Residue VAL het=  resseq=62 icode= >,1zs4_C_A,1.7
466,7.48,VAL, ,CB,14.01,1000.00,6.485,3.35,1.0,<Residue VAL het=  resseq=62 icode= >,1zs4_C_A,1.7
467,48.691,VAL, ,CG1,16.28,1000.00,42.12,2.90,1.0,<Residue VAL het=  resseq=62 icode= >,1zs4_C_A,1.7
468,18.942,VAL, ,CG2,14.8,1000.00,14.766,2.59,1.0,<Residue VAL het=  resseq=62 icode= >,1zs4_C_A,1.7
469,7.288,VAL, ,N,11.64,1000.00,6.164,4.42,1.0,<Residue VAL het=  resseq=63 icode= >,1zs4_C_A,1.7
470,8.997,VAL, ,CA,13.59,1000.00,0.206,3.34,1.0,<Residue VAL het=  resseq=63 icode= >,1zs4_C_A,1.7
471,0.0,VAL, ,C,14.87,1000.00,0.0,3.55,1.0,<Residue VAL het=  resseq=63 icode= >,1zs4_C_A,1.7
472,2.36,VAL, ,O,16.01,1000.00,0.355,3.83,1.0,<Residue VAL het=  resseq=63 icode= >,1zs4_C_A,1.7
473,13.501,VAL, ,CB,14.02,1000.00,9.474,3.45,1.0,<Residue VAL het=  resseq=63 icode= >,1zs4_C_A,1.7
474,37.278,VAL, ,CG1,14.97,1000.00,37.278,3.32,1.0,<Residue VAL het=  resseq=63 icode= >,1zs4_C_A,1.7
475,29.823,VAL, ,CG2,15.38,1000.00,5.177,1.76,1.0,<Residue VAL het=  resseq=63 icode= >,1zs4_C_A,1.7
476,2.259,ASP, ,N,16.84,1000.00,0.0,3.60,1.0,<Residue ASP het=  resseq=64 icode= >,1zs4_C_A,1.7
477,5.581,ASP, ,CA,18.17,1000.00,0.0,3.26,1.0,<Residue ASP het=  resseq=64 icode= >,1zs4_C_A,1.7
478,0.0,ASP, ,C,18.88,1000.00,0.0,3.53,1.0,<Residue ASP het=  resseq=64 icode= >,1zs4_C_A,1.7
479,0.0,ASP, ,O,18.18,1000.00,0.0,4.55,1.0,<Residue ASP het=  resseq=64 icode= >,1zs4_C_A,1.7
480,11.717,ASP, ,CB,20.05,1000.00,0.0,2.45,1.0,<Residue ASP het=  resseq=64 icode= >,1zs4_C_A,1.7
481,7.07,ASP, ,CG,24.37,1000.00,0.0,2.29,1.0,<Residue ASP het=  resseq=64 icode= >,1zs4_C_A,1.7
482,32.764,ASP, ,OD1,24.15,1000.00,3.076,2.24,1.0,<Residue ASP het=  resseq=64 icode= >,1zs4_C_A,1.7
483,0.825,ASP, ,OD2,25.75,1000.00,0.0,2.30,1.0,<Residue ASP het=  resseq=64 icode= >,1zs4_C_A,1.7
484,4.758,ASP, ,N,17.56,1000.00,0.0,3.72,1.0,<Residue ASP het=  resseq=65 icode= >,1zs4_C_A,1.7
485,0.263,ASP, ,CA,18.99,1000.00,0.0,2.79,1.0,<Residue ASP het=  resseq=65 icode= >,1zs4_C_A,1.7
486,0.886,ASP, ,C,18.93,1000.00,0.0,3.29,1.0,<Residue ASP het=  resseq=65 icode= >,1zs4_C_A,1.7
487,6.491,ASP, ,O,21.32,1000.00,0.0,3.00,1.0,<Residue ASP het=  resseq=65 icode= >,1zs4_C_A,1.7
488,28.702,ASP, ,CB,21.1,1000.00,6.741,2.11,1.0,<Residue ASP het=  resseq=65 icode= >,1zs4_C_A,1.7
489,8.112,ASP, ,CG,22.07,1000.00,0.0,3.16,1.0,<Residue ASP het=  resseq=65 icode= >,1zs4_C_A,1.7
490,21.992,ASP, ,OD1,23.22,1000.00,15.872,3.01,1.0,<Residue ASP het=  resseq=65 icode= >,1zs4_C_A,1.7
491,16.111,ASP, ,OD2,25.37,1000.00,2.01,2.32,1.0,<Residue ASP het=  resseq=65 icode= >,1zs4_C_A,1.7
492,0.297,ASP, ,N,19.77,1000.00,0.0,3.74,1.0,<Residue ASP het=  resseq=66 icode= >,1zs4_C_A,1.7
493,0.768,ASP, ,CA,22.39,1000.00,0.198,1.91,1.0,<Residue ASP het=  resseq=66 icode= >,1zs4_C_A,1.7
494,0.0,ASP, ,C,20.06,1000.00,0.0,3.82,1.0,<Residue ASP het=  resseq=66 icode= >,1zs4_C_A,1.7
495,0.525,ASP, ,O,20.39,1000.00,0.525,3.64,1.0,<Residue ASP het=  resseq=66 icode= >,1zs4_C_A,1.7
496,8.289,ASP, ,CB,25.99,1000.00,7.791,1.62,1.0,<Residue ASP het=  resseq=66 icode= >,1zs4_C_A,1.7
497,13.019,ASP, ,CG,30.76,1000.00,8.314,1.66,1.0,<Residue ASP het=  resseq=66 icode= >,1zs4_C_A,1.7
498,33.689,ASP, ,OD1,31.17,1000.00,19.977,2.78,1.0,<Residue ASP het=  resseq=66 icode= >,1zs4_C_A,1.7
499,39.138,ASP, ,OD2,34.47,1000.00,34.412,0.94,1.0,<Residue ASP het=  resseq=66 icode= >,1zs4_C_A,1.7
500,0.0,MET, ,N,17.77,1000.00,0.0,3.98,1.0,<Residue MET het=  resseq=67 icode= >,1zs4_C_A,1.7
501,0.0,MET, ,CA,17.43,1000.00,0.0,3.06,1.0,<Residue MET het=  resseq=67 icode= >,1zs4_C_A,1.7
502,0.719,MET, ,C,16.03,1000.00,0.0,3.70,1.0,<Residue MET het=  resseq=67 icode= >,1zs4_C_A,1.7
503,2.828,MET, ,O,15.36,1000.00,0.0,3.99,1.0,<Residue MET het=  resseq=67 icode= >,1zs4_C_A,1.7
504,14.5,MET, ,CB,17.46,1000.00,0.0,2.72,1.0,<Residue MET het=  resseq=67 icode= >,1zs4_C_A,1.7
505,20.519,MET, ,CG,17.84,1000.00,0.0,2.00,1.0,<Residue MET het=  resseq=67 icode= >,1zs4_C_A,1.7
506,27.995,MET, ,SD,18.02,1000.00,0.0,9.20,1.0,<Residue MET het=  resseq=67 icode= >,1zs4_C_A,1.7
507,42.895,MET, ,CE,20.4,1000.00,16.153,0.86,1.0,<Residue MET het=  resseq=67 icode= >,1zs4_C_A,1.7
508,0.0,ALA, ,N,13.86,1000.00,0.0,5.07,1.0,<Residue ALA het=  resseq=68 icode= >,1zs4_C_A,1.7
509,2.283,ALA, ,CA,14.66,1000.00,2.009,3.54,1.0,<Residue ALA het=  resseq=68 icode= >,1zs4_C_A,1.7
510,0.0,ALA, ,C,14.56,1000.00,0.0,3.77,1.0,<Residue ALA het=  resseq=68 icode= >,1zs4_C_A,1.7
511,0.317,ALA, ,O,13.68,1000.00,0.317,5.47,1.0,<Residue ALA het=  resseq=68 icode= >,1zs4_C_A,1.7
512,20.349,ALA, ,CB,17.18,1000.00,17.672,2.07,1.0,<Residue ALA het=  resseq=68 icode= >,1zs4_C_A,1.7
513,0.326,ARG, ,N,14.1,1000.00,0.0,3.56,1.0,<Residue ARG het=  resseq=69 icode= >,1zs4_C_A,1.7
514,1.741,ARG, ,CA,14.9,1000.00,0.0,3.37,1.0,<Residue ARG het=  resseq=69 icode= >,1zs4_C_A,1.7
515,0.0,ARG, ,C,12.87,1000.00,0.0,4.66,1.0,<Residue ARG het=  resseq=69 icode= >,1zs4_C_A,1.7
516,0.003,ARG, ,O,15.03,1000.00,0.0,4.36,1.0,<Residue ARG het=  resseq=69 icode= >,1zs4_C_A,1.7
517,9.771,ARG, ,CB,16.05,1000.00,0.0,2.76,1.0,<Residue ARG het=  resseq=69 icode= >,1zs4_C_A,1.7
518,4.979,ARG, ,CG,17.37,1000.00,0.0,2.09,1.0,<Residue ARG het=  resseq=69 icode= >,1zs4_C_A,1.7
519,25.415,ARG, ,CD,19.94,1000.00,17.609,2.05,1.0,<Residue ARG het=  resseq=69 icode= >,1zs4_C_A,1.7
520,13.125,ARG, ,NE,16.59,1000.00,13.125,3.91,1.0,<Residue ARG het=  resseq=69 icode= >,1zs4_C_A,1.7
521,4.661,ARG, ,CZ,17.63,1000.00,4.661,3.35,1.0,<Residue ARG het=  resseq=69 icode= >,1zs4_C_A,1.7
522,44.073,ARG, ,NH1,18.66,1000.00,14.237,3.82,1.0,<Residue ARG het=  resseq=69 icode= >,1zs4_C_A,1.7
523,42.031,ARG, ,NH2,18.85,1000.00,37.439,3.02,1.0,<Residue ARG het=  resseq=69 icode= >,1zs4_C_A,1.7
524,0.0,LEU, ,N,13.34,1000.00,0.0,4.55,1.0,<Residue LEU het=  resseq=70 icode= >,1zs4_C_A,1.7
525,0.0,LEU, ,CA,14.03,1000.00,0.0,3.55,1.0,<Residue LEU het=  resseq=70 icode= >,1zs4_C_A,1.7
526,0.313,LEU, ,C,14.89,1000.00,0.0,4.13,1.0,<Residue LEU het=  resseq=70 icode= >,1zs4_C_A,1.7
527,0.0,LEU, ,O,15.98,1000.00,0.0,4.39,1.0,<Residue LEU het=  resseq=70 icode= >,1zs4_C_A,1.7
528,9.127,LEU, ,CB,15.87,1000.00,3.688,2.78,1.0,<Residue LEU het=  resseq=70 icode= >,1zs4_C_A,1.7
529,2.696,LEU, ,CG,15.74,1000.00,2.696,3.07,1.0,<Residue LEU het=  resseq=70 icode= >,1zs4_C_A,1.7
530,38.625,LEU, ,CD1,15.79,1000.00,30.607,3.28,1.0,<Residue LEU het=  resseq=70 icode= >,1zs4_C_A,1.7
531,45.203,LEU, ,CD2,15.92,1000.00,45.203,3.06,1.0,<Residue LEU het=  resseq=70 icode= >,1zs4_C_A,1.7
532,0.553,ALA, ,N,14.34,1000.00,0.0,3.74,1.0,<Residue ALA het=  resseq=71 icode= >,1zs4_C_A,1.7
533,7.345,ALA, ,CA,12.07,1000.00,0.0,3.72,1.0,<Residue ALA het=  resseq=71 icode= >,1zs4_C_A,1.7
534,1.191,ALA, ,C,13.09,1000.00,1.191,4.23,1.0,<Residue ALA het=  resseq=71 icode= >,1zs4_C_A,1.7
535,3.156,ALA, ,O,11.61,1000.00,0.523,5.58,1.0,<Residue ALA het=  resseq=71 icode= >,1zs4_C_A,1.7
536,48.351,ALA, ,CB,11.05,1000.00,16.011,3.42,1.0,<Residue ALA het=  resseq=71 icode= >,1zs4_C_A,1.7
537,0.048,ARG, ,N,12.74,1000.00,0.048,4.51,0.5,<Residue ARG het=  resseq=72 icode= >,1zs4_C_A,1.7
538,4.98,ARG, ,CA,13.53,1000.00,4.748,3.70,0.5,<Residue ARG het=  resseq=72 icode= >,1zs4_C_A,1.7
539,1.224,ARG, ,C,13.94,1000.00,0.0,3.44,0.5,<Residue ARG het=  resseq=72 icode= >,1zs4_C_A,1.7
540,5.126,ARG, ,O,14.37,1000.00,0.191,3.96,0.5,<Residue ARG het=  resseq=72 icode= >,1zs4_C_A,1.7
541,16.257,ARG, ,CB,15.17,1000.00,0.558,2.21,0.5,<Residue ARG het=  resseq=72 icode= >,1zs4_C_A,1.7
542,11.534,ARG, ,CG,15.11,1000.00,11.534,2.17,0.5,<Residue ARG het=  resseq=72 icode= >,1zs4_C_A,1.7
543,19.327,ARG, ,CD,15.83,1000.00,0.0,1.28,0.5,<Residue ARG het=  resseq=72 icode= >,1zs4_C_A,1.7
544,12.534,ARG, ,NE,16.87,1000.00,1.32,2.59,0.5,<Residue ARG het=  resseq=72 icode= >,1zs4_C_A,1.7
545,7.555,ARG,x,CZ,16.55,1000.00,3.169,1.61,0.5,<Residue ARG het=  resseq=72 icode= >,1zs4_C_A,1.7
546,44.197,ARG,x,NH1,17.57,1000.00,11.896,0.80,0.5,<Residue ARG het=  resseq=72 icode= >,1zs4_C_A,1.7
547,59.579,ARG,x,NH2,17.24,1000.00,40.252,1.43,0.5,<Residue ARG het=  resseq=72 icode= >,1zs4_C_A,1.7
548,0.0,GLN, ,N,14.69,1000.00,0.0,4.06,1.0,<Residue GLN het=  resseq=73 icode= >,1zs4_C_A,1.7
549,1.718,GLN, ,CA,15.22,1000.00,0.0,3.49,1.0,<Residue GLN het=  resseq=73 icode= >,1zs4_C_A,1.7
550,0.0,GLN, ,C,15.89,1000.00,0.0,4.15,1.0,<Residue GLN het=  resseq=73 icode= >,1zs4_C_A,1.7
551,0.487,GLN, ,O,16.73,1000.00,0.0,3.67,1.0,<Residue GLN het=  resseq=73 icode= >,1zs4_C_A,1.7
552,7.61,GLN, ,CB,17.37,1000.00,7.61,2.27,1.0,<Residue GLN het=  resseq=73 icode= >,1zs4_C_A,1.7
553,3.459,GLN, ,CG,16.22,1000.00,3.201,3.20,1.0,<Residue GLN het=  resseq=73 icode= >,1zs4_C_A,1.7
554,1.973,GLN, ,CD,18.49,1000.00,0.132,3.46,1.0,<Residue GLN het=  resseq=73 icode= >,1zs4_C_A,1.7
555,25.113,GLN, ,OE1,23.3,1000.00,1.979,2.74,1.0,<Residue GLN het=  resseq=73 icode= >,1zs4_C_A,1.7
556,46.691,GLN, ,NE2,19.6,1000.00,24.903,2.66,1.0,<Residue GLN het=  resseq=73 icode= >,1zs4_C_A,1.7
557,0.0,VAL, ,N,14.29,1000.00,0.0,4.94,1.0,<Residue VAL het=  resseq=74 icode= >,1zs4_C_A,1.7
558,0.107,VAL, ,CA,14.17,1000.00,0.107,3.65,1.0,<Residue VAL het=  resseq=74 icode= >,1zs4_C_A,1.7
559,0.0,VAL, ,C,14.42,1000.00,0.0,3.53,1.0,<Residue VAL het=  resseq=74 icode= >,1zs4_C_A,1.7
560,0.0,VAL, ,O,15.4,1000.00,0.0,4.79,1.0,<Residue VAL het=  resseq=74 icode= >,1zs4_C_A,1.7
561,0.804,VAL, ,CB,14.43,1000.00,0.0,2.47,1.0,<Residue VAL het=  resseq=74 icode= >,1zs4_C_A,1.7
562,33.086,VAL, ,CG1,16.65,1000.00,28.043,2.87,1.0,<Residue VAL het=  resseq=74 icode= >,1zs4_C_A,1.7
563,42.532,VAL, ,CG2,15.56,1000.00,40.531,2.91,1.0,<Residue VAL het=  resseq=74 icode= >,1zs4_C_A,1.7
564,0.187,ALA, ,N,14.23,1000.00,0.0,4.09,1.0,<Residue ALA het=  resseq=75 icode= >,1zs4_C_A,1.7
565,3.907,ALA, ,CA,15.46,1000.00,3.257,3.63,1.0,<Residue ALA het=  resseq=75 icode= >,1zs4_C_A,1.7
566,0.824,ALA, ,C,17.28,1000.00,0.0,3.65,1.0,<Residue ALA het=  resseq=75 icode= >,1zs4_C_A,1.7
567,0.041,ALA, ,O,18.0,1000.00,0.041,4.23,1.0,<Residue ALA het=  resseq=75 icode= >,1zs4_C_A,1.7
568,48.755,ALA, ,CB,13.24,1000.00,43.138,3.09,1.0,<Residue ALA het=  resseq=75 icode= >,1zs4_C_A,1.7
569,0.73,ALA, ,N,15.66,1000.00,0.0,4.39,1.0,<Residue ALA het=  resseq=76 icode= >,1zs4_C_A,1.7
570,7.212,ALA, ,CA,16.88,1000.00,0.0,3.20,1.0,<Residue ALA het=  resseq=76 icode= >,1zs4_C_A,1.7
571,1.272,ALA, ,C,16.77,1000.00,0.0,3.80,1.0,<Residue ALA het=  resseq=76 icode= >,1zs4_C_A,1.7
572,0.586,ALA, ,O,17.5,1000.00,0.0,4.20,1.0,<Residue ALA het=  resseq=76 icode= >,1zs4_C_A,1.7
573,46.224,ALA, ,CB,17.08,1000.00,0.0,2.28,1.0,<Residue ALA het=  resseq=76 icode= >,1zs4_C_A,1.7
574,0.005,ILE, ,N,16.55,1000.00,0.0,4.41,1.0,<Residue ILE het=  resseq=77 icode= >,1zs4_C_A,1.7
575,2.999,ILE, ,CA,17.18,1000.00,0.0,3.27,1.0,<Residue ILE het=  resseq=77 icode= >,1zs4_C_A,1.7
576,0.0,ILE, ,C,18.41,1000.00,0.0,3.02,1.0,<Residue ILE het=  resseq=77 icode= >,1zs4_C_A,1.7
577,0.713,ILE, ,O,18.43,1000.00,0.0,3.45,1.0,<Residue ILE het=  resseq=77 icode= >,1zs4_C_A,1.7
578,0.179,ILE, ,CB,17.29,1000.00,0.179,2.47,1.0,<Residue ILE het=  resseq=77 icode= >,1zs4_C_A,1.7
579,19.505,ILE, ,CG1,17.46,1000.00,0.0,2.59,1.0,<Residue ILE het=  resseq=77 icode= >,1zs4_C_A,1.7
580,16.609,ILE, ,CG2,18.19,1000.00,12.953,2.76,1.0,<Residue ILE het=  resseq=77 icode= >,1zs4_C_A,1.7
581,48.152,ILE, ,CD1,18.1,1000.00,35.931,2.56,1.0,<Residue ILE het=  resseq=77 icode= >,1zs4_C_A,1.7
582,0.0,LEU, ,N,17.32,1000.00,0.0,3.86,1.0,<Residue LEU het=  resseq=78 icode= >,1zs4_C_A,1.7
583,3.447,LEU, ,CA,17.91,1000.00,0.0,2.95,1.0,<Residue LEU het=  resseq=78 icode= >,1zs4_C_A,1.7
584,1.131,LEU, ,C,17.99,1000.00,1.131,3.67,1.0,<Residue LEU het=  resseq=78 icode= >,1zs4_C_A,1.7
585,24.426,LEU, ,O,18.05,1000.00,13.782,3.86,1.0,<Residue LEU het=  resseq=78 icode= >,1zs4_C_A,1.7
586,14.212,LEU, ,CB,16.94,1000.00,13.675,2.98,1.0,<Residue LEU het=  resseq=78 icode= >,1zs4_C_A,1.7
587,0.0,LEU, ,CG,17.22,1000.00,0.0,2.75,1.0,<Residue LEU het=  resseq=78 icode= >,1zs4_C_A,1.7
588,50.152,LEU, ,CD1,17.98,1000.00,49.297,2.78,1.0,<Residue LEU het=  resseq=78 icode= >,1zs4_C_A,1.7
589,45.702,LEU, ,CD2,16.89,1000.00,31.296,2.34,1.0,<Residue LEU het=  resseq=78 icode= >,1zs4_C_A,1.7
590,0.0,THR, ,N,18.19,1000.00,0.0,3.98,1.0,<Residue THR het=  resseq=79 icode= >,1zs4_C_A,1.7
591,7.36,THR, ,CA,19.54,1000.00,7.36,3.38,1.0,<Residue THR het=  resseq=79 icode= >,1zs4_C_A,1.7
592,0.0,THR, ,C,20.43,1000.00,0.0,3.18,1.0,<Residue THR het=  resseq=79 icode= >,1zs4_C_A,1.7
593,24.799,THR, ,O,19.2,1000.00,3.956,3.89,1.0,<Residue THR het=  resseq=79 icode= >,1zs4_C_A,1.7
594,2.579,THR, ,CB,21.35,1000.00,0.0,2.58,1.0,<Residue THR het=  resseq=79 icode= >,1zs4_C_A,1.7
595,23.903,THR, ,OG1,22.31,1000.00,17.547,2.85,1.0,<Residue THR het=  resseq=79 icode= >,1zs4_C_A,1.7
596,46.883,THR, ,CG2,23.55,1000.00,12.381,1.88,1.0,<Residue THR het=  resseq=79 icode= >,1zs4_C_A,1.7
597,0.0,ASN, ,N,21.16,1000.00,0.0,3.79,1.0,<Residue ASN het=  resseq=80 icode= >,1zs4_C_A,1.7
598,3.721,ASN, ,CA,24.05,1000.00,0.0,2.08,1.0,<Residue ASN het=  resseq=80 icode= >,1zs4_C_A,1.7
599,2.622,ASN, ,C,25.55,1000.00,0.0,2.89,1.0,<Residue ASN het=  resseq=80 icode= >,1zs4_C_A,1.7
600,14.592,ASN, ,O,26.13,1000.00,0.0,2.22,1.0,<Residue ASN het=  resseq=80 icode= >,1zs4_C_A,1.7
601,24.276,ASN, ,CB,23.46,1000.00,0.0,2.16,1.0,<Residue ASN het=  resseq=80 icode= >,1zs4_C_A,1.7
602,5.288,ASN, ,CG,25.44,1000.00,0.0,2.32,1.0,<Residue ASN het=  resseq=80 icode= >,1zs4_C_A,1.7
603,35.935,ASN, ,OD1,26.98,1000.00,0.0,2.59,1.0,<Residue ASN het=  resseq=80 icode= >,1zs4_C_A,1.7
604,27.296,ASN, ,ND2,24.03,1000.00,0.0,2.73,1.0,<Residue ASN het=  resseq=80 icode= >,1zs4_C_A,1.7
605,0.55,LYS, ,N,27.85,1000.00,0.0,3.26,1.0,<Residue LYS het=  resseq=81 icode= >,1zs4_C_A,1.7
606,7.4,LYS, ,CA,31.05,1000.00,0.0,2.03,1.0,<Residue LYS het=  resseq=81 icode= >,1zs4_C_A,1.7
607,0.368,LYS, ,C,33.76,1000.00,0.0,2.17,1.0,<Residue LYS het=  resseq=81 icode= >,1zs4_C_A,1.7
608,21.16,LYS, ,O,32.61,1000.00,0.0,2.74,1.0,<Residue LYS het=  resseq=81 icode= >,1zs4_C_A,1.7
609,8.617,LYS, ,CB,32.15,1000.00,0.0,1.42,1.0,<Residue LYS het=  resseq=81 icode= >,1zs4_C_A,1.7
610,10.348,LYS, ,CG,33.24,1000.00,0.0,1.12,1.0,<Residue LYS het=  resseq=81 icode= >,1zs4_C_A,1.7
611,15.591,LYS, ,CD,34.72,1000.00,1.893,1.17,1.0,<Residue LYS het=  resseq=81 icode= >,1zs4_C_A,1.7
612,48.456,LYS, ,CE,37.13,1000.00,8.008,0.58,1.0,<Residue LYS het=  resseq=81 icode= >,1zs4_C_A,1.7
613,39.306,LYS, ,NZ,38.42,1000.00,0.0,1.00,1.0,<Residue LYS het=  resseq=81 icode= >,1zs4_C_A,1.7
614,3.18,LYS, ,N,36.95,1000.00,0.0,1.42,1.0,<Residue LYS het=  resseq=82 icode= >,1zs4_C_A,1.7
615,9.129,LYS, ,CA,40.39,1000.00,0.0,1.21,1.0,<Residue LYS het=  resseq=82 icode= >,1zs4_C_A,1.7
616,31.689,LYS, ,C,42.1,1000.00,0.0,0.99,1.0,<Residue LYS het=  resseq=82 icode= >,1zs4_C_A,1.7
617,28.334,LYS, ,O,43.54,1000.00,0.0,0.49,1.0,<Residue LYS het=  resseq=82 icode= >,1zs4_C_A,1.7
618,18.33,LYS, ,CB,41.58,1000.00,0.0,1.59,1.0,<Residue LYS het=  resseq=82 icode= >,1zs4_C_A,1.7
619,14.983,LYS, ,CG,43.6,1000.00,0.0,0.89,1.0,<Residue LYS het=  resseq=82 icode= >,1zs4_C_A,1.7
620,38.707,LYS, ,CD,45.11,1000.00,0.0,0.24,1.0,<Residue LYS het=  resseq=82 icode= >,1zs4_C_A,1.7
621,41.456,LYS, ,CE,46.12,1000.00,0.0,0.54,1.0,<Residue LYS het=  resseq=82 icode= >,1zs4_C_A,1.7
622,36.931,LYS, ,NZ,46.76,1000.00,0.0,0.36,1.0,<Residue LYS het=  resseq=82 icode= >,1zs4_C_A,1.7
