,ASA,aa,altloc,atom,bfac,d2r,dASA,dens,occ,residue,id,resolu
0,21.319,PRO, ,N,37.6,7.67,0.529,1.51,1.0,<Residue PRO het=  resseq=506 icode= >,2a07_G_A,1.9
1,18.509,PRO, ,CA,35.61,8.84,16.291,2.31,1.0,<Residue PRO het=  resseq=506 icode= >,2a07_G_A,1.9
2,0.078,PRO, ,C,34.48,7.93,0.013,2.87,1.0,<Residue PRO het=  resseq=506 icode= >,2a07_G_A,1.9
3,15.3,PRO, ,O,35.97,8.48,5.783,1.90,1.0,<Residue PRO het=  resseq=506 icode= >,2a07_G_A,1.9
4,27.973,PRO, ,CB,35.85,8.99,22.731,2.59,1.0,<Residue PRO het=  resseq=506 icode= >,2a07_G_A,1.9
5,31.856,PRO, ,CG,36.87,8.08,0.0,1.45,1.0,<Residue PRO het=  resseq=506 icode= >,2a07_G_A,1.9
6,45.491,PRO, ,CD,37.27,7.83,0.286,0.93,1.0,<Residue PRO het=  resseq=506 icode= >,2a07_G_A,1.9
7,0.0,PHE, ,N,30.24,6.74,0.0,3.19,1.0,<Residue PHE het=  resseq=507 icode= >,2a07_G_A,1.9
8,0.0,PHE, ,CA,26.26,5.99,0.0,3.25,1.0,<Residue PHE het=  resseq=507 icode= >,2a07_G_A,1.9
9,0.824,PHE, ,C,24.63,4.52,0.824,4.33,1.0,<Residue PHE het=  resseq=507 icode= >,2a07_G_A,1.9
10,20.685,PHE, ,O,22.57,3.90,13.838,4.65,1.0,<Residue PHE het=  resseq=507 icode= >,2a07_G_A,1.9
11,16.233,PHE, ,CB,28.36,6.31,15.329,1.81,1.0,<Residue PHE het=  resseq=507 icode= >,2a07_G_A,1.9
12,2.153,PHE, ,CG,27.48,7.80,2.153,3.12,1.0,<Residue PHE het=  resseq=507 icode= >,2a07_G_A,1.9
13,17.533,PHE, ,CD1,28.35,8.56,15.27,1.97,1.0,<Residue PHE het=  resseq=507 icode= >,2a07_G_A,1.9
14,2.973,PHE, ,CD2,28.7,8.60,1.163,2.22,1.0,<Residue PHE het=  resseq=507 icode= >,2a07_G_A,1.9
15,29.415,PHE, ,CE1,28.07,9.95,29.415,2.24,1.0,<Residue PHE het=  resseq=507 icode= >,2a07_G_A,1.9
16,20.928,PHE, ,CE2,28.75,9.98,17.959,2.20,1.0,<Residue PHE het=  resseq=507 icode= >,2a07_G_A,1.9
17,30.083,PHE, ,CZ,28.04,10.59,30.083,2.42,1.0,<Residue PHE het=  resseq=507 icode= >,2a07_G_A,1.9
18,0.0,THR, ,N,22.02,4.33,0.0,4.14,1.0,<Residue THR het=  resseq=508 icode= >,2a07_G_A,1.9
19,9.953,THR, ,CA,20.82,3.24,9.953,3.01,1.0,<Residue THR het=  resseq=508 icode= >,2a07_G_A,1.9
20,0.679,THR, ,C,21.13,3.94,0.679,5.22,1.0,<Residue THR het=  resseq=508 icode= >,2a07_G_A,1.9
21,0.0,THR, ,O,20.83,5.09,0.0,5.29,1.0,<Residue THR het=  resseq=508 icode= >,2a07_G_A,1.9
22,13.544,THR, ,CB,19.77,3.72,12.233,3.36,1.0,<Residue THR het=  resseq=508 icode= >,2a07_G_A,1.9
23,1.733,THR, ,OG1,20.52,4.59,0.269,4.39,1.0,<Residue THR het=  resseq=508 icode= >,2a07_G_A,1.9
24,47.819,THR, ,CG2,19.44,4.01,29.292,2.72,1.0,<Residue THR het=  resseq=508 icode= >,2a07_G_A,1.9
25,2.76,TYR, ,N,20.37,3.16,2.76,4.42,1.0,<Residue TYR het=  resseq=509 icode= >,2a07_G_A,1.9
26,0.0,TYR, ,CA,20.74,4.09,0.0,4.06,1.0,<Residue TYR het=  resseq=509 icode= >,2a07_G_A,1.9
27,0.0,TYR, ,C,19.97,4.99,0.0,4.74,1.0,<Residue TYR het=  resseq=509 icode= >,2a07_G_A,1.9
28,0.0,TYR, ,O,18.66,6.17,0.0,4.39,1.0,<Residue TYR het=  resseq=509 icode= >,2a07_G_A,1.9
29,20.278,TYR, ,CB,23.45,3.85,20.278,3.18,1.0,<Residue TYR het=  resseq=509 icode= >,2a07_G_A,1.9
30,2.432,TYR, ,CG,25.67,4.18,2.432,3.45,1.0,<Residue TYR het=  resseq=509 icode= >,2a07_G_A,1.9
31,22.007,TYR, ,CD1,28.24,3.55,22.007,2.24,1.0,<Residue TYR het=  resseq=509 icode= >,2a07_G_A,1.9
32,10.279,TYR, ,CD2,28.11,5.56,10.279,2.54,1.0,<Residue TYR het=  resseq=509 icode= >,2a07_G_A,1.9
33,34.361,TYR, ,CE1,30.52,4.15,34.361,1.88,1.0,<Residue TYR het=  resseq=509 icode= >,2a07_G_A,1.9
34,14.581,TYR, ,CE2,29.57,5.84,14.581,2.37,1.0,<Residue TYR het=  resseq=509 icode= >,2a07_G_A,1.9
35,6.833,TYR, ,CZ,31.16,4.70,6.833,2.73,1.0,<Residue TYR het=  resseq=509 icode= >,2a07_G_A,1.9
36,31.155,TYR, ,OH,35.67,4.38,31.155,1.26,1.0,<Residue TYR het=  resseq=509 icode= >,2a07_G_A,1.9
37,2.77,ALA, ,N,19.94,4.75,2.693,4.35,1.0,<Residue ALA het=  resseq=510 icode= >,2a07_G_A,1.9
38,4.423,ALA, ,CA,20.61,6.01,4.423,2.97,1.0,<Residue ALA het=  resseq=510 icode= >,2a07_G_A,1.9
39,1.208,ALA, ,C,19.82,7.05,1.208,5.01,1.0,<Residue ALA het=  resseq=510 icode= >,2a07_G_A,1.9
40,3.627,ALA, ,O,20.3,8.19,3.627,4.89,1.0,<Residue ALA het=  resseq=510 icode= >,2a07_G_A,1.9
41,59.829,ALA, ,CB,20.57,5.82,48.158,1.92,1.0,<Residue ALA het=  resseq=510 icode= >,2a07_G_A,1.9
42,0.07,THR, ,N,21.28,6.87,0.07,3.63,1.0,<Residue THR het=  resseq=511 icode= >,2a07_G_A,1.9
43,3.235,THR, ,CA,22.13,8.12,3.235,2.49,1.0,<Residue THR het=  resseq=511 icode= >,2a07_G_A,1.9
44,0.334,THR, ,C,22.46,8.70,0.0,3.91,1.0,<Residue THR het=  resseq=511 icode= >,2a07_G_A,1.9
45,2.285,THR, ,O,21.29,9.93,0.0,3.92,1.0,<Residue THR het=  resseq=511 icode= >,2a07_G_A,1.9
46,14.321,THR, ,CB,22.28,7.74,0.71,3.05,1.0,<Residue THR het=  resseq=511 icode= >,2a07_G_A,1.9
47,0.616,THR, ,OG1,22.53,7.27,0.0,4.15,1.0,<Residue THR het=  resseq=511 icode= >,2a07_G_A,1.9
48,39.225,THR, ,CG2,21.4,6.33,9.524,2.89,1.0,<Residue THR het=  resseq=511 icode= >,2a07_G_A,1.9
49,0.0,LEU, ,N,21.69,7.98,0.0,3.97,1.0,<Residue LEU het=  resseq=512 icode= >,2a07_G_A,1.9
50,0.0,LEU, ,CA,20.93,8.81,0.0,3.68,1.0,<Residue LEU het=  resseq=512 icode= >,2a07_G_A,1.9
51,0.0,LEU, ,C,21.61,9.55,0.0,4.38,1.0,<Residue LEU het=  resseq=512 icode= >,2a07_G_A,1.9
52,0.0,LEU, ,O,20.81,10.77,0.0,4.52,1.0,<Residue LEU het=  resseq=512 icode= >,2a07_G_A,1.9
53,0.0,LEU, ,CB,19.78,8.07,0.0,3.63,1.0,<Residue LEU het=  resseq=512 icode= >,2a07_G_A,1.9
54,0.0,LEU, ,CG,20.2,7.46,0.0,4.07,1.0,<Residue LEU het=  resseq=512 icode= >,2a07_G_A,1.9
55,15.008,LEU, ,CD1,19.38,6.76,14.981,2.77,1.0,<Residue LEU het=  resseq=512 icode= >,2a07_G_A,1.9
56,5.605,LEU, ,CD2,21.1,8.73,5.485,2.86,1.0,<Residue LEU het=  resseq=512 icode= >,2a07_G_A,1.9
57,0.0,ILE, ,N,21.33,8.98,0.0,4.36,1.0,<Residue ILE het=  resseq=513 icode= >,2a07_G_A,1.9
58,0.0,ILE, ,CA,23.41,9.92,0.0,3.72,1.0,<Residue ILE het=  resseq=513 icode= >,2a07_G_A,1.9
59,0.0,ILE, ,C,25.17,10.97,0.0,4.26,1.0,<Residue ILE het=  resseq=513 icode= >,2a07_G_A,1.9
60,0.0,ILE, ,O,25.8,12.15,0.0,3.89,1.0,<Residue ILE het=  resseq=513 icode= >,2a07_G_A,1.9
61,1.92,ILE, ,CB,23.94,9.38,1.92,2.96,1.0,<Residue ILE het=  resseq=513 icode= >,2a07_G_A,1.9
62,0.225,ILE, ,CG1,24.62,8.53,0.225,2.81,1.0,<Residue ILE het=  resseq=513 icode= >,2a07_G_A,1.9
63,17.143,ILE, ,CG2,24.35,10.65,17.143,2.41,1.0,<Residue ILE het=  resseq=513 icode= >,2a07_G_A,1.9
64,47.688,ILE, ,CD1,23.69,8.12,47.688,2.60,1.0,<Residue ILE het=  resseq=513 icode= >,2a07_G_A,1.9
65,0.343,ARG, ,N,27.99,10.65,0.343,3.44,1.0,<Residue ARG het=  resseq=514 icode= >,2a07_G_A,1.9
66,4.402,ARG, ,CA,29.59,11.78,4.402,3.47,1.0,<Residue ARG het=  resseq=514 icode= >,2a07_G_A,1.9
67,0.0,ARG, ,C,30.75,12.71,0.0,3.06,1.0,<Residue ARG het=  resseq=514 icode= >,2a07_G_A,1.9
68,0.0,ARG, ,O,31.39,13.93,0.0,3.05,1.0,<Residue ARG het=  resseq=514 icode= >,2a07_G_A,1.9
69,12.315,ARG, ,CB,33.12,11.27,12.315,1.95,1.0,<Residue ARG het=  resseq=514 icode= >,2a07_G_A,1.9
70,25.692,ARG, ,CG,37.43,11.90,25.692,2.41,1.0,<Residue ARG het=  resseq=514 icode= >,2a07_G_A,1.9
71,7.458,ARG, ,CD,43.8,11.95,6.495,1.35,1.0,<Residue ARG het=  resseq=514 icode= >,2a07_G_A,1.9
72,8.472,ARG, ,NE,48.55,12.73,8.472,1.50,1.0,<Residue ARG het=  resseq=514 icode= >,2a07_G_A,1.9
73,5.238,ARG, ,CZ,49.93,13.03,2.806,1.98,1.0,<Residue ARG het=  resseq=514 icode= >,2a07_G_A,1.9
74,47.272,ARG, ,NH1,50.9,12.62,1.415,0.59,1.0,<Residue ARG het=  resseq=514 icode= >,2a07_G_A,1.9
75,52.169,ARG, ,NH2,51.68,13.90,17.328,0.61,1.0,<Residue ARG het=  resseq=514 icode= >,2a07_G_A,1.9
76,0.0,GLN, ,N,30.1,12.25,0.0,3.20,1.0,<Residue GLN het=  resseq=515 icode= >,2a07_G_A,1.9
77,1.223,GLN, ,CA,30.53,13.26,0.0,3.30,1.0,<Residue GLN het=  resseq=515 icode= >,2a07_G_A,1.9
78,0.0,GLN, ,C,31.16,14.13,0.0,3.85,1.0,<Residue GLN het=  resseq=515 icode= >,2a07_G_A,1.9
79,0.0,GLN, ,O,31.44,15.35,0.0,3.48,1.0,<Residue GLN het=  resseq=515 icode= >,2a07_G_A,1.9
80,2.779,GLN, ,CB,30.46,12.69,0.0,2.58,1.0,<Residue GLN het=  resseq=515 icode= >,2a07_G_A,1.9
81,12.208,GLN, ,CG,31.17,13.68,0.0,2.38,1.0,<Residue GLN het=  resseq=515 icode= >,2a07_G_A,1.9
82,5.289,GLN, ,CD,33.13,13.17,0.254,3.37,1.0,<Residue GLN het=  resseq=515 icode= >,2a07_G_A,1.9
83,11.364,GLN, ,OE1,33.54,12.08,2.221,2.96,1.0,<Residue GLN het=  resseq=515 icode= >,2a07_G_A,1.9
84,32.979,GLN, ,NE2,33.16,14.09,27.35,1.99,1.0,<Residue GLN het=  resseq=515 icode= >,2a07_G_A,1.9
85,0.0,ALA, ,N,31.97,13.58,0.0,3.65,1.0,<Residue ALA het=  resseq=516 icode= >,2a07_G_A,1.9
86,0.0,ALA, ,CA,34.6,14.49,0.0,2.98,1.0,<Residue ALA het=  resseq=516 icode= >,2a07_G_A,1.9
87,0.0,ALA, ,C,37.46,15.49,0.0,2.80,1.0,<Residue ALA het=  resseq=516 icode= >,2a07_G_A,1.9
88,1.61,ALA, ,O,37.59,16.70,0.0,2.33,1.0,<Residue ALA het=  resseq=516 icode= >,2a07_G_A,1.9
89,0.0,ALA, ,CB,34.0,13.83,0.0,1.79,1.0,<Residue ALA het=  resseq=516 icode= >,2a07_G_A,1.9
90,0.0,ILE, ,N,38.54,15.08,0.0,2.94,1.0,<Residue ILE het=  resseq=517 icode= >,2a07_G_A,1.9
91,0.0,ILE, ,CA,40.42,16.08,0.0,2.85,1.0,<Residue ILE het=  resseq=517 icode= >,2a07_G_A,1.9
92,0.0,ILE, ,C,42.38,17.03,0.0,3.35,1.0,<Residue ILE het=  resseq=517 icode= >,2a07_G_A,1.9
93,0.0,ILE, ,O,43.48,18.24,0.0,2.24,1.0,<Residue ILE het=  resseq=517 icode= >,2a07_G_A,1.9
94,0.821,ILE, ,CB,39.17,15.52,0.821,2.90,1.0,<Residue ILE het=  resseq=517 icode= >,2a07_G_A,1.9
95,0.0,ILE, ,CG1,39.48,14.87,0.0,2.48,1.0,<Residue ILE het=  resseq=517 icode= >,2a07_G_A,1.9
96,12.448,ILE, ,CG2,38.83,16.72,12.448,2.10,1.0,<Residue ILE het=  resseq=517 icode= >,2a07_G_A,1.9
97,33.819,ILE, ,CD1,39.91,14.32,33.819,1.46,1.0,<Residue ILE het=  resseq=517 icode= >,2a07_G_A,1.9
98,0.0,MET, ,N,44.88,16.55,0.0,2.93,1.0,<Residue MET het=  resseq=518 icode= >,2a07_G_A,1.9
99,0.0,MET, ,CA,48.27,17.50,0.0,3.24,1.0,<Residue MET het=  resseq=518 icode= >,2a07_G_A,1.9
100,0.42,MET, ,C,50.35,18.49,0.0,2.68,1.0,<Residue MET het=  resseq=518 icode= >,2a07_G_A,1.9
101,19.621,MET, ,O,50.54,19.61,0.0,1.91,1.0,<Residue MET het=  resseq=518 icode= >,2a07_G_A,1.9
102,12.432,MET, ,CB,49.32,16.66,0.0,2.26,1.0,<Residue MET het=  resseq=518 icode= >,2a07_G_A,1.9
103,0.791,MET, ,CG,51.91,15.87,0.501,1.76,1.0,<Residue MET het=  resseq=518 icode= >,2a07_G_A,1.9
104,24.61,MET, ,SD,55.98,17.02,10.114,2.33,1.0,<Residue MET het=  resseq=518 icode= >,2a07_G_A,1.9
105,19.783,MET, ,CE,53.87,17.66,14.222,0.68,1.0,<Residue MET het=  resseq=518 icode= >,2a07_G_A,1.9
106,0.0,GLU, ,N,52.43,18.16,0.0,1.45,1.0,<Residue GLU het=  resseq=519 icode= >,2a07_G_A,1.9
107,6.84,GLU, ,CA,54.83,19.16,0.0,1.63,1.0,<Residue GLU het=  resseq=519 icode= >,2a07_G_A,1.9
108,2.838,GLU, ,C,56.0,20.09,0.0,2.49,1.0,<Residue GLU het=  resseq=519 icode= >,2a07_G_A,1.9
109,29.468,GLU, ,O,57.47,21.12,0.0,0.71,1.0,<Residue GLU het=  resseq=519 icode= >,2a07_G_A,1.9
110,12.358,GLU, ,CB,54.87,18.58,0.0,1.34,1.0,<Residue GLU het=  resseq=519 icode= >,2a07_G_A,1.9
111,18.932,GLU, ,CG,55.28,17.88,0.0,1.73,1.0,<Residue GLU het=  resseq=519 icode= >,2a07_G_A,1.9
112,7.966,GLU, ,CD,55.79,17.32,0.338,1.64,1.0,<Residue GLU het=  resseq=519 icode= >,2a07_G_A,1.9
113,19.352,GLU, ,OE1,55.96,17.50,10.785,1.36,1.0,<Residue GLU het=  resseq=519 icode= >,2a07_G_A,1.9
114,19.559,GLU, ,OE2,55.56,16.81,2.418,1.59,1.0,<Residue GLU het=  resseq=519 icode= >,2a07_G_A,1.9
115,0.0,SER, ,N,57.43,1000.00,0.0,2.86,1.0,<Residue SER het=  resseq=520 icode= >,2a07_G_A,1.9
116,8.661,SER, ,CA,59.18,1000.00,0.0,2.47,1.0,<Residue SER het=  resseq=520 icode= >,2a07_G_A,1.9
117,1.46,SER, ,C,60.51,1000.00,0.0,2.05,1.0,<Residue SER het=  resseq=520 icode= >,2a07_G_A,1.9
118,5.811,SER, ,O,60.42,1000.00,0.0,1.41,1.0,<Residue SER het=  resseq=520 icode= >,2a07_G_A,1.9
119,10.121,SER, ,CB,59.1,1000.00,0.0,1.46,1.0,<Residue SER het=  resseq=520 icode= >,2a07_G_A,1.9
120,0.0,SER, ,OG,59.65,1000.00,0.0,1.20,1.0,<Residue SER het=  resseq=520 icode= >,2a07_G_A,1.9
121,8.259,SER, ,N,61.87,1000.00,0.0,1.52,1.0,<Residue SER het=  resseq=521 icode= >,2a07_G_A,1.9
122,10.262,SER, ,CA,63.42,1000.00,0.0,1.55,1.0,<Residue SER het=  resseq=521 icode= >,2a07_G_A,1.9
123,0.0,SER, ,C,64.05,1000.00,0.0,0.86,1.0,<Residue SER het=  resseq=521 icode= >,2a07_G_A,1.9
124,6.627,SER, ,O,65.03,1000.00,0.0,0.27,1.0,<Residue SER het=  resseq=521 icode= >,2a07_G_A,1.9
125,44.275,SER, ,CB,63.6,1000.00,0.0,1.36,1.0,<Residue SER het=  resseq=521 icode= >,2a07_G_A,1.9
126,24.682,SER, ,OG,65.1,1000.00,0.0,-0.23,1.0,<Residue SER het=  resseq=521 icode= >,2a07_G_A,1.9
127,8.379,ASP, ,N,63.9,1000.00,0.0,1.07,1.0,<Residue ASP het=  resseq=522 icode= >,2a07_G_A,1.9
128,13.728,ASP, ,CA,63.22,1000.00,0.0,1.04,1.0,<Residue ASP het=  resseq=522 icode= >,2a07_G_A,1.9
129,1.906,ASP, ,C,62.18,1000.00,0.0,2.06,1.0,<Residue ASP het=  resseq=522 icode= >,2a07_G_A,1.9
130,9.051,ASP, ,O,62.09,1000.00,0.0,0.94,1.0,<Residue ASP het=  resseq=522 icode= >,2a07_G_A,1.9
131,9.785,ASP, ,CB,64.64,1000.00,0.0,0.55,1.0,<Residue ASP het=  resseq=522 icode= >,2a07_G_A,1.9
132,9.027,ASP, ,CG,65.45,1000.00,0.0,0.54,1.0,<Residue ASP het=  resseq=522 icode= >,2a07_G_A,1.9
133,42.276,ASP, ,OD1,66.26,1000.00,0.0,-0.08,1.0,<Residue ASP het=  resseq=522 icode= >,2a07_G_A,1.9
134,22.136,ASP, ,OD2,66.03,1000.00,0.0,0.44,1.0,<Residue ASP het=  resseq=522 icode= >,2a07_G_A,1.9
135,0.0,ARG, ,N,60.95,1000.00,0.0,1.47,1.0,<Residue ARG het=  resseq=523 icode= >,2a07_G_A,1.9
136,0.0,ARG, ,CA,59.06,1000.00,0.0,2.21,1.0,<Residue ARG het=  resseq=523 icode= >,2a07_G_A,1.9
137,0.0,ARG, ,C,56.39,1000.00,0.0,2.89,1.0,<Residue ARG het=  resseq=523 icode= >,2a07_G_A,1.9
138,11.497,ARG, ,O,56.02,1000.00,11.393,2.11,1.0,<Residue ARG het=  resseq=523 icode= >,2a07_G_A,1.9
139,9.743,ARG, ,CB,61.78,1000.00,1.563,1.26,1.0,<Residue ARG het=  resseq=523 icode= >,2a07_G_A,1.9
140,10.706,ARG, ,CG,65.15,1000.00,0.0,0.86,1.0,<Residue ARG het=  resseq=523 icode= >,2a07_G_A,1.9
141,15.628,ARG, ,CD,68.22,1000.00,0.0,-0.09,1.0,<Residue ARG het=  resseq=523 icode= >,2a07_G_A,1.9
142,11.504,ARG, ,NE,70.1,1000.00,0.0,0.67,1.0,<Residue ARG het=  resseq=523 icode= >,2a07_G_A,1.9
143,4.193,ARG, ,CZ,70.93,1000.00,0.0,0.76,1.0,<Residue ARG het=  resseq=523 icode= >,2a07_G_A,1.9
144,43.286,ARG, ,NH1,71.33,1000.00,0.558,0.05,1.0,<Residue ARG het=  resseq=523 icode= >,2a07_G_A,1.9
145,58.809,ARG, ,NH2,71.59,1000.00,0.0,0.24,1.0,<Residue ARG het=  resseq=523 icode= >,2a07_G_A,1.9
146,0.0,GLN, ,N,53.71,1000.00,0.0,2.10,1.0,<Residue GLN het=  resseq=524 icode= >,2a07_G_A,1.9
147,3.867,GLN, ,CA,50.98,1000.00,3.867,2.13,1.0,<Residue GLN het=  resseq=524 icode= >,2a07_G_A,1.9
148,1.189,GLN, ,C,48.72,1000.00,0.009,2.50,1.0,<Residue GLN het=  resseq=524 icode= >,2a07_G_A,1.9
149,5.041,GLN, ,O,47.89,1000.00,0.0,2.30,1.0,<Residue GLN het=  resseq=524 icode= >,2a07_G_A,1.9
150,16.523,GLN, ,CB,51.76,1000.00,12.095,1.31,1.0,<Residue GLN het=  resseq=524 icode= >,2a07_G_A,1.9
151,10.68,GLN, ,CG,52.53,1000.00,8.018,0.57,1.0,<Residue GLN het=  resseq=524 icode= >,2a07_G_A,1.9
152,6.871,GLN, ,CD,52.4,1000.00,2.783,1.60,1.0,<Residue GLN het=  resseq=524 icode= >,2a07_G_A,1.9
153,29.425,GLN, ,OE1,51.95,1000.00,8.942,1.55,1.0,<Residue GLN het=  resseq=524 icode= >,2a07_G_A,1.9
154,59.05,GLN, ,NE2,52.08,1000.00,36.983,0.31,1.0,<Residue GLN het=  resseq=524 icode= >,2a07_G_A,1.9
155,3.549,LEU, ,N,45.67,16.42,3.549,1.87,1.0,<Residue LEU het=  resseq=525 icode= >,2a07_G_A,1.9
156,2.046,LEU, ,CA,42.07,15.82,1.082,2.53,1.0,<Residue LEU het=  resseq=525 icode= >,2a07_G_A,1.9
157,2.912,LEU, ,C,40.29,14.42,2.912,3.41,1.0,<Residue LEU het=  resseq=525 icode= >,2a07_G_A,1.9
158,17.624,LEU, ,O,39.66,13.64,17.624,2.32,1.0,<Residue LEU het=  resseq=525 icode= >,2a07_G_A,1.9
159,0.0,LEU, ,CB,41.59,15.86,0.0,1.64,1.0,<Residue LEU het=  resseq=525 icode= >,2a07_G_A,1.9
160,0.0,LEU, ,CG,40.23,17.24,0.0,2.52,1.0,<Residue LEU het=  resseq=525 icode= >,2a07_G_A,1.9
161,2.298,LEU, ,CD1,38.1,17.17,0.0,2.29,1.0,<Residue LEU het=  resseq=525 icode= >,2a07_G_A,1.9
162,13.694,LEU, ,CD2,40.93,18.11,0.0,1.09,1.0,<Residue LEU het=  resseq=525 icode= >,2a07_G_A,1.9
163,0.102,THR, ,N,37.24,14.21,0.102,3.44,1.0,<Residue THR het=  resseq=526 icode= >,2a07_G_A,1.9
164,7.151,THR, ,CA,35.75,12.95,7.151,3.06,1.0,<Residue THR het=  resseq=526 icode= >,2a07_G_A,1.9
165,0.005,THR, ,C,34.67,12.08,0.005,3.93,1.0,<Residue THR het=  resseq=526 icode= >,2a07_G_A,1.9
166,0.0,THR, ,O,34.18,12.68,0.0,2.66,1.0,<Residue THR het=  resseq=526 icode= >,2a07_G_A,1.9
167,11.612,THR, ,CB,36.95,13.24,2.105,1.69,1.0,<Residue THR het=  resseq=526 icode= >,2a07_G_A,1.9
168,3.145,THR, ,OG1,36.64,13.89,0.0,2.23,1.0,<Residue THR het=  resseq=526 icode= >,2a07_G_A,1.9
169,57.757,THR, ,CG2,36.26,14.26,32.24,1.00,1.0,<Residue THR het=  resseq=526 icode= >,2a07_G_A,1.9
170,8.8,LEU, ,N,32.91,10.80,6.718,3.55,1.0,<Residue LEU het=  resseq=527 icode= >,2a07_G_A,1.9
171,1.166,LEU, ,CA,32.76,10.00,1.166,2.35,1.0,<Residue LEU het=  resseq=527 icode= >,2a07_G_A,1.9
172,0.0,LEU, ,C,31.42,10.74,0.0,3.40,1.0,<Residue LEU het=  resseq=527 icode= >,2a07_G_A,1.9
173,0.0,LEU, ,O,30.53,10.94,0.0,3.08,1.0,<Residue LEU het=  resseq=527 icode= >,2a07_G_A,1.9
174,22.315,LEU, ,CB,33.99,8.55,6.589,2.24,1.0,<Residue LEU het=  resseq=527 icode= >,2a07_G_A,1.9
175,0.556,LEU, ,CG,36.93,7.79,0.0,1.35,1.0,<Residue LEU het=  resseq=527 icode= >,2a07_G_A,1.9
176,30.35,LEU, ,CD1,36.62,7.90,29.457,1.14,1.0,<Residue LEU het=  resseq=527 icode= >,2a07_G_A,1.9
177,51.715,LEU, ,CD2,37.88,6.42,10.293,0.59,1.0,<Residue LEU het=  resseq=527 icode= >,2a07_G_A,1.9
178,2.478,ASN, ,N,30.4,11.05,0.0,3.01,1.0,<Residue ASN het=  resseq=528 icode= >,2a07_G_A,1.9
179,0.932,ASN, ,CA,28.7,11.30,0.0,2.80,1.0,<Residue ASN het=  resseq=528 icode= >,2a07_G_A,1.9
180,0.0,ASN, ,C,27.21,12.67,0.0,3.93,1.0,<Residue ASN het=  resseq=528 icode= >,2a07_G_A,1.9
181,0.237,ASN, ,O,26.97,12.98,0.0,3.53,1.0,<Residue ASN het=  resseq=528 icode= >,2a07_G_A,1.9
182,24.273,ASN, ,CB,31.96,11.41,0.0,1.52,1.0,<Residue ASN het=  resseq=528 icode= >,2a07_G_A,1.9
183,5.779,ASN, ,CG,33.5,11.60,0.0,2.96,1.0,<Residue ASN het=  resseq=528 icode= >,2a07_G_A,1.9
184,29.158,ASN, ,OD1,36.34,10.78,0.0,2.48,1.0,<Residue ASN het=  resseq=528 icode= >,2a07_G_A,1.9
185,44.07,ASN, ,ND2,35.04,12.84,0.0,2.02,1.0,<Residue ASN het=  resseq=528 icode= >,2a07_G_A,1.9
186,0.0,GLU, ,N,25.83,13.60,0.0,3.98,1.0,<Residue GLU het=  resseq=529 icode= >,2a07_G_A,1.9
187,1.662,GLU, ,CA,26.62,14.96,0.0,3.48,1.0,<Residue GLU het=  resseq=529 icode= >,2a07_G_A,1.9
188,0.0,GLU, ,C,26.1,15.08,0.0,3.93,1.0,<Residue GLU het=  resseq=529 icode= >,2a07_G_A,1.9
189,3.142,GLU, ,O,23.11,15.99,0.0,4.13,1.0,<Residue GLU het=  resseq=529 icode= >,2a07_G_A,1.9
190,4.695,GLU, ,CB,30.55,15.85,0.0,2.04,1.0,<Residue GLU het=  resseq=529 icode= >,2a07_G_A,1.9
191,20.626,GLU, ,CG,36.8,16.09,0.0,1.08,1.0,<Residue GLU het=  resseq=529 icode= >,2a07_G_A,1.9
192,8.264,GLU, ,CD,40.21,16.88,0.0,1.59,1.0,<Residue GLU het=  resseq=529 icode= >,2a07_G_A,1.9
193,25.707,GLU, ,OE1,42.3,17.97,0.0,1.43,1.0,<Residue GLU het=  resseq=529 icode= >,2a07_G_A,1.9
194,12.494,GLU, ,OE2,41.31,16.37,1.441,1.23,1.0,<Residue GLU het=  resseq=529 icode= >,2a07_G_A,1.9
195,0.0,ILE, ,N,23.52,13.98,0.0,3.93,1.0,<Residue ILE het=  resseq=530 icode= >,2a07_G_A,1.9
196,0.0,ILE, ,CA,21.67,13.95,0.0,3.25,1.0,<Residue ILE het=  resseq=530 icode= >,2a07_G_A,1.9
197,0.0,ILE, ,C,20.69,13.90,0.0,4.97,1.0,<Residue ILE het=  resseq=530 icode= >,2a07_G_A,1.9
198,0.0,ILE, ,O,19.75,14.31,0.0,5.01,1.0,<Residue ILE het=  resseq=530 icode= >,2a07_G_A,1.9
199,0.0,ILE, ,CB,22.32,12.84,0.0,2.76,1.0,<Residue ILE het=  resseq=530 icode= >,2a07_G_A,1.9
200,0.0,ILE, ,CG1,24.11,13.23,0.0,2.61,1.0,<Residue ILE het=  resseq=530 icode= >,2a07_G_A,1.9
201,7.324,ILE, ,CG2,20.36,12.70,7.324,2.59,1.0,<Residue ILE het=  resseq=530 icode= >,2a07_G_A,1.9
202,17.781,ILE, ,CD1,27.47,12.36,17.781,1.55,1.0,<Residue ILE het=  resseq=530 icode= >,2a07_G_A,1.9
203,0.0,TYR, ,N,21.18,12.97,0.0,4.69,1.0,<Residue TYR het=  resseq=531 icode= >,2a07_G_A,1.9
204,1.014,TYR, ,CA,23.45,12.60,1.014,3.72,1.0,<Residue TYR het=  resseq=531 icode= >,2a07_G_A,1.9
205,0.295,TYR, ,C,23.6,13.79,0.0,4.33,1.0,<Residue TYR het=  resseq=531 icode= >,2a07_G_A,1.9
206,1.223,TYR, ,O,20.57,14.17,1.223,4.42,1.0,<Residue TYR het=  resseq=531 icode= >,2a07_G_A,1.9
207,12.153,TYR, ,CB,25.97,11.34,5.87,2.72,1.0,<Residue TYR het=  resseq=531 icode= >,2a07_G_A,1.9
208,2.176,TYR, ,CG,30.66,10.02,2.176,2.84,1.0,<Residue TYR het=  resseq=531 icode= >,2a07_G_A,1.9
209,15.611,TYR, ,CD1,32.96,8.81,8.702,1.84,1.0,<Residue TYR het=  resseq=531 icode= >,2a07_G_A,1.9
210,9.493,TYR, ,CD2,31.48,10.13,9.493,2.32,1.0,<Residue TYR het=  resseq=531 icode= >,2a07_G_A,1.9
211,26.506,TYR, ,CE1,35.52,7.59,9.883,1.01,1.0,<Residue TYR het=  resseq=531 icode= >,2a07_G_A,1.9
212,22.603,TYR, ,CE2,33.96,8.88,22.603,2.11,1.0,<Residue TYR het=  resseq=531 icode= >,2a07_G_A,1.9
213,4.825,TYR, ,CZ,36.06,7.77,4.825,1.72,1.0,<Residue TYR het=  resseq=531 icode= >,2a07_G_A,1.9
214,33.329,TYR, ,OH,35.49,6.82,30.187,2.28,1.0,<Residue TYR het=  resseq=531 icode= >,2a07_G_A,1.9
215,0.204,SER, ,N,24.01,14.38,0.0,4.27,1.0,<Residue SER het=  resseq=532 icode= >,2a07_G_A,1.9
216,6.097,SER, ,CA,25.39,15.59,0.0,2.75,1.0,<Residue SER het=  resseq=532 icode= >,2a07_G_A,1.9
217,0.0,SER, ,C,24.39,16.70,0.0,4.31,1.0,<Residue SER het=  resseq=532 icode= >,2a07_G_A,1.9
218,0.385,SER, ,O,24.78,17.18,0.0,3.70,1.0,<Residue SER het=  resseq=532 icode= >,2a07_G_A,1.9
219,16.901,SER, ,CB,27.1,16.17,0.0,2.65,1.0,<Residue SER het=  resseq=532 icode= >,2a07_G_A,1.9
220,19.994,SER, ,OG,32.87,15.35,0.0,2.47,1.0,<Residue SER het=  resseq=532 icode= >,2a07_G_A,1.9
221,0.0,TRP, ,N,23.0,16.68,0.0,3.75,1.0,<Residue TRP het=  resseq=533 icode= >,2a07_G_A,1.9
222,0.0,TRP, ,CA,21.64,16.12,0.0,3.78,1.0,<Residue TRP het=  resseq=533 icode= >,2a07_G_A,1.9
223,0.0,TRP, ,C,20.76,15.02,0.0,4.54,1.0,<Residue TRP het=  resseq=533 icode= >,2a07_G_A,1.9
224,0.085,TRP, ,O,20.87,14.95,0.085,5.11,1.0,<Residue TRP het=  resseq=533 icode= >,2a07_G_A,1.9
225,0.849,TRP, ,CB,22.91,15.59,0.0,3.03,1.0,<Residue TRP het=  resseq=533 icode= >,2a07_G_A,1.9
226,0.0,TRP, ,CG,22.02,15.39,0.0,3.76,1.0,<Residue TRP het=  resseq=533 icode= >,2a07_G_A,1.9
227,13.391,TRP, ,CD1,22.83,16.39,2.233,2.83,1.0,<Residue TRP het=  resseq=533 icode= >,2a07_G_A,1.9
228,0.0,TRP, ,CD2,21.14,14.19,0.0,3.72,1.0,<Residue TRP het=  resseq=533 icode= >,2a07_G_A,1.9
229,11.438,TRP, ,NE1,22.12,15.89,9.27,3.69,1.0,<Residue TRP het=  resseq=533 icode= >,2a07_G_A,1.9
230,0.344,TRP, ,CE2,21.49,14.53,0.344,4.10,1.0,<Residue TRP het=  resseq=533 icode= >,2a07_G_A,1.9
231,0.0,TRP, ,CE3,21.02,12.87,0.0,3.30,1.0,<Residue TRP het=  resseq=533 icode= >,2a07_G_A,1.9
232,5.154,TRP, ,CZ2,21.72,13.67,5.154,3.12,1.0,<Residue TRP het=  resseq=533 icode= >,2a07_G_A,1.9
233,0.0,TRP, ,CZ3,19.64,11.89,0.0,4.44,1.0,<Residue TRP het=  resseq=533 icode= >,2a07_G_A,1.9
234,1.242,TRP, ,CH2,21.85,12.33,1.242,3.10,1.0,<Residue TRP het=  resseq=533 icode= >,2a07_G_A,1.9
235,0.0,PHE, ,N,20.08,14.22,0.0,4.29,1.0,<Residue PHE het=  resseq=534 icode= >,2a07_G_A,1.9
236,0.0,PHE, ,CA,18.77,13.11,0.0,4.13,1.0,<Residue PHE het=  resseq=534 icode= >,2a07_G_A,1.9
237,0.781,PHE, ,C,18.36,13.41,0.781,5.22,1.0,<Residue PHE het=  resseq=534 icode= >,2a07_G_A,1.9
238,0.0,PHE, ,O,18.75,13.11,0.0,5.15,1.0,<Residue PHE het=  resseq=534 icode= >,2a07_G_A,1.9
239,12.885,PHE, ,CB,17.8,11.90,12.885,3.48,1.0,<Residue PHE het=  resseq=534 icode= >,2a07_G_A,1.9
240,2.123,PHE, ,CG,18.99,11.10,2.123,3.84,1.0,<Residue PHE het=  resseq=534 icode= >,2a07_G_A,1.9
241,6.999,PHE, ,CD1,20.22,9.90,6.968,3.02,1.0,<Residue PHE het=  resseq=534 icode= >,2a07_G_A,1.9
242,1.539,PHE, ,CD2,18.31,11.21,1.539,3.40,1.0,<Residue PHE het=  resseq=534 icode= >,2a07_G_A,1.9
243,1.351,PHE, ,CE1,20.79,8.72,1.351,2.78,1.0,<Residue PHE het=  resseq=534 icode= >,2a07_G_A,1.9
244,1.398,PHE, ,CE2,19.98,10.17,1.398,3.08,1.0,<Residue PHE het=  resseq=534 icode= >,2a07_G_A,1.9
245,2.041,PHE, ,CZ,20.04,8.87,2.041,3.52,1.0,<Residue PHE het=  resseq=534 icode= >,2a07_G_A,1.9
246,0.431,THR, ,N,20.61,14.15,0.431,3.60,1.0,<Residue THR het=  resseq=535 icode= >,2a07_G_A,1.9
247,7.862,THR, ,CA,21.11,14.69,6.01,3.04,1.0,<Residue THR het=  resseq=535 icode= >,2a07_G_A,1.9
248,0.0,THR, ,C,21.06,15.54,0.0,4.71,1.0,<Residue THR het=  resseq=535 icode= >,2a07_G_A,1.9
249,1.248,THR, ,O,22.7,15.53,0.0,4.35,1.0,<Residue THR het=  resseq=535 icode= >,2a07_G_A,1.9
250,2.121,THR, ,CB,21.76,15.68,0.018,3.05,1.0,<Residue THR het=  resseq=535 icode= >,2a07_G_A,1.9
251,24.132,THR, ,OG1,22.81,14.41,13.984,3.25,1.0,<Residue THR het=  resseq=535 icode= >,2a07_G_A,1.9
252,56.163,THR, ,CG2,23.71,16.45,0.338,1.96,1.0,<Residue THR het=  resseq=535 icode= >,2a07_G_A,1.9
253,0.0,ARG, ,N,22.66,16.41,0.0,4.10,1.0,<Residue ARG het=  resseq=536 icode= >,2a07_G_A,1.9
254,3.286,ARG, ,CA,22.96,17.37,0.0,3.05,1.0,<Residue ARG het=  resseq=536 icode= >,2a07_G_A,1.9
255,1.178,ARG, ,C,22.43,16.42,1.178,3.63,1.0,<Residue ARG het=  resseq=536 icode= >,2a07_G_A,1.9
256,3.776,ARG, ,O,20.6,16.81,0.929,4.51,1.0,<Residue ARG het=  resseq=536 icode= >,2a07_G_A,1.9
257,12.447,ARG, ,CB,26.98,18.10,8.481,2.28,1.0,<Residue ARG het=  resseq=536 icode= >,2a07_G_A,1.9
258,18.803,ARG, ,CG,32.62,19.39,0.0,1.57,1.0,<Residue ARG het=  resseq=536 icode= >,2a07_G_A,1.9
259,38.352,ARG, ,CD,37.38,20.28,12.279,1.69,1.0,<Residue ARG het=  resseq=536 icode= >,2a07_G_A,1.9
260,14.111,ARG, ,NE,42.59,19.78,12.437,1.14,1.0,<Residue ARG het=  resseq=536 icode= >,2a07_G_A,1.9
261,4.283,ARG, ,CZ,44.44,19.80,1.9,1.08,1.0,<Residue ARG het=  resseq=536 icode= >,2a07_G_A,1.9
262,20.843,ARG, ,NH1,45.37,19.61,0.0,0.50,1.0,<Residue ARG het=  resseq=536 icode= >,2a07_G_A,1.9
263,28.907,ARG, ,NH2,44.07,19.47,1.339,1.16,1.0,<Residue ARG het=  resseq=536 icode= >,2a07_G_A,1.9
264,0.067,THR, ,N,19.84,15.21,0.067,3.50,1.0,<Residue THR het=  resseq=537 icode= >,2a07_G_A,1.9
265,5.323,THR, ,CA,18.15,14.26,5.118,3.32,1.0,<Residue THR het=  resseq=537 icode= >,2a07_G_A,1.9
266,0.0,THR, ,C,17.7,13.90,0.0,4.95,1.0,<Residue THR het=  resseq=537 icode= >,2a07_G_A,1.9
267,0.0,THR, ,O,16.76,14.11,0.0,5.04,1.0,<Residue THR het=  resseq=537 icode= >,2a07_G_A,1.9
268,0.0,THR, ,CB,18.83,13.06,0.0,3.89,1.0,<Residue THR het=  resseq=537 icode= >,2a07_G_A,1.9
269,6.621,THR, ,OG1,18.97,13.66,6.621,4.58,1.0,<Residue THR het=  resseq=537 icode= >,2a07_G_A,1.9
270,13.806,THR, ,CG2,16.98,12.09,13.759,3.12,1.0,<Residue THR het=  resseq=537 icode= >,2a07_G_A,1.9
271,0.0,PHE, ,N,17.86,13.55,0.0,4.66,1.0,<Residue PHE het=  resseq=538 icode= >,2a07_G_A,1.9
272,0.817,PHE, ,CA,18.33,12.80,0.817,3.85,1.0,<Residue PHE het=  resseq=538 icode= >,2a07_G_A,1.9
273,1.144,PHE, ,C,18.36,13.81,0.0,5.11,1.0,<Residue PHE het=  resseq=538 icode= >,2a07_G_A,1.9
274,3.283,PHE, ,O,17.2,13.73,1.684,4.74,1.0,<Residue PHE het=  resseq=538 icode= >,2a07_G_A,1.9
275,19.823,PHE, ,CB,19.77,11.73,8.948,3.83,1.0,<Residue PHE het=  resseq=538 icode= >,2a07_G_A,1.9
276,2.729,PHE, ,CG,23.58,10.49,2.729,3.80,1.0,<Residue PHE het=  resseq=538 icode= >,2a07_G_A,1.9
277,2.55,PHE, ,CD1,23.9,10.52,2.55,2.87,1.0,<Residue PHE het=  resseq=538 icode= >,2a07_G_A,1.9
278,28.744,PHE, ,CD2,25.96,9.28,28.744,3.10,1.0,<Residue PHE het=  resseq=538 icode= >,2a07_G_A,1.9
279,3.464,PHE, ,CE1,26.36,9.45,3.464,2.05,1.0,<Residue PHE het=  resseq=538 icode= >,2a07_G_A,1.9
280,33.092,PHE, ,CE2,25.22,8.17,33.092,2.93,1.0,<Residue PHE het=  resseq=538 icode= >,2a07_G_A,1.9
281,13.227,PHE, ,CZ,25.69,8.33,13.227,2.42,1.0,<Residue PHE het=  resseq=538 icode= >,2a07_G_A,1.9
282,0.831,ALA, ,N,18.12,14.88,0.0,4.48,1.0,<Residue ALA het=  resseq=539 icode= >,2a07_G_A,1.9
283,5.783,ALA, ,CA,19.22,15.98,0.0,3.48,1.0,<Residue ALA het=  resseq=539 icode= >,2a07_G_A,1.9
284,0.0,ALA, ,C,19.14,16.62,0.0,4.38,1.0,<Residue ALA het=  resseq=539 icode= >,2a07_G_A,1.9
285,0.098,ALA, ,O,18.57,17.04,0.0,4.42,1.0,<Residue ALA het=  resseq=539 icode= >,2a07_G_A,1.9
286,28.123,ALA, ,CB,20.44,17.10,0.0,2.80,1.0,<Residue ALA het=  resseq=539 icode= >,2a07_G_A,1.9
287,0.0,TYR, ,N,17.92,16.83,0.0,4.53,1.0,<Residue TYR het=  resseq=540 icode= >,2a07_G_A,1.9
288,0.0,TYR, ,CA,16.41,17.44,0.0,3.83,1.0,<Residue TYR het=  resseq=540 icode= >,2a07_G_A,1.9
289,0.0,TYR, ,C,17.09,16.99,0.0,4.73,1.0,<Residue TYR het=  resseq=540 icode= >,2a07_G_A,1.9
290,0.0,TYR, ,O,16.2,17.77,0.0,4.97,1.0,<Residue TYR het=  resseq=540 icode= >,2a07_G_A,1.9
291,8.069,TYR, ,CB,16.41,16.99,5.565,2.87,1.0,<Residue TYR het=  resseq=540 icode= >,2a07_G_A,1.9
292,2.048,TYR, ,CG,16.36,17.44,1.958,4.18,1.0,<Residue TYR het=  resseq=540 icode= >,2a07_G_A,1.9
293,13.053,TYR, ,CD1,17.05,18.76,6.969,4.02,1.0,<Residue TYR het=  resseq=540 icode= >,2a07_G_A,1.9
294,2.709,TYR, ,CD2,17.35,16.64,2.709,3.45,1.0,<Residue TYR het=  resseq=540 icode= >,2a07_G_A,1.9
295,26.83,TYR, ,CE1,16.61,19.31,11.617,3.64,1.0,<Residue TYR het=  resseq=540 icode= >,2a07_G_A,1.9
296,16.96,TYR, ,CE2,14.63,17.24,16.96,4.59,1.0,<Residue TYR het=  resseq=540 icode= >,2a07_G_A,1.9
297,5.346,TYR, ,CZ,17.33,18.58,5.346,4.86,1.0,<Residue TYR het=  resseq=540 icode= >,2a07_G_A,1.9
298,42.118,TYR, ,OH,15.92,19.26,41.847,4.89,1.0,<Residue TYR het=  resseq=540 icode= >,2a07_G_A,1.9
299,0.0,PHE, ,N,16.77,15.72,0.0,4.59,1.0,<Residue PHE het=  resseq=541 icode= >,2a07_G_A,1.9
300,1.479,PHE, ,CA,18.1,15.26,1.479,3.79,1.0,<Residue PHE het=  resseq=541 icode= >,2a07_G_A,1.9
301,1.311,PHE, ,C,19.89,15.27,0.0,4.41,1.0,<Residue PHE het=  resseq=541 icode= >,2a07_G_A,1.9
302,4.922,PHE, ,O,20.8,15.61,3.63,3.97,1.0,<Residue PHE het=  resseq=541 icode= >,2a07_G_A,1.9
303,22.035,PHE, ,CB,19.03,13.91,20.155,2.75,1.0,<Residue PHE het=  resseq=541 icode= >,2a07_G_A,1.9
304,2.721,PHE, ,CG,17.69,13.35,2.721,4.40,1.0,<Residue PHE het=  resseq=541 icode= >,2a07_G_A,1.9
305,7.247,PHE, ,CD1,18.77,12.84,7.247,3.28,1.0,<Residue PHE het=  resseq=541 icode= >,2a07_G_A,1.9
306,23.379,PHE, ,CD2,16.46,13.62,23.379,3.41,1.0,<Residue PHE het=  resseq=541 icode= >,2a07_G_A,1.9
307,12.615,PHE, ,CE1,19.08,12.63,12.615,2.98,1.0,<Residue PHE het=  resseq=541 icode= >,2a07_G_A,1.9
308,28.327,PHE, ,CE2,17.15,13.42,28.327,3.31,1.0,<Residue PHE het=  resseq=541 icode= >,2a07_G_A,1.9
309,20.782,PHE, ,CZ,17.16,12.93,20.782,3.49,1.0,<Residue PHE het=  resseq=541 icode= >,2a07_G_A,1.9
310,0.686,ARG, ,N,21.24,15.11,0.0,4.69,1.0,<Residue ARG het=  resseq=542 icode= >,2a07_G_A,1.9
311,7.393,ARG, ,CA,23.43,15.32,0.0,3.29,1.0,<Residue ARG het=  resseq=542 icode= >,2a07_G_A,1.9
312,0.026,ARG, ,C,23.21,16.83,0.0,3.90,1.0,<Residue ARG het=  resseq=542 icode= >,2a07_G_A,1.9
313,12.646,ARG, ,O,21.56,17.31,0.0,4.02,1.0,<Residue ARG het=  resseq=542 icode= >,2a07_G_A,1.9
314,7.69,ARG, ,CB,27.48,15.00,0.0,2.18,1.0,<Residue ARG het=  resseq=542 icode= >,2a07_G_A,1.9
315,22.355,ARG, ,CG,35.58,15.31,0.0,1.63,1.0,<Residue ARG het=  resseq=542 icode= >,2a07_G_A,1.9
316,24.894,ARG, ,CD,42.71,15.25,0.0,1.67,1.0,<Residue ARG het=  resseq=542 icode= >,2a07_G_A,1.9
317,16.276,ARG, ,NE,50.72,15.70,0.0,0.53,1.0,<Residue ARG het=  resseq=542 icode= >,2a07_G_A,1.9
318,8.699,ARG, ,CZ,53.93,15.98,0.0,0.32,1.0,<Residue ARG het=  resseq=542 icode= >,2a07_G_A,1.9
319,50.981,ARG, ,NH1,55.94,15.85,0.0,-0.24,1.0,<Residue ARG het=  resseq=542 icode= >,2a07_G_A,1.9
320,59.575,ARG, ,NH2,55.73,16.55,0.0,0.50,1.0,<Residue ARG het=  resseq=542 icode= >,2a07_G_A,1.9
321,0.011,ARG, ,N,22.87,17.64,0.0,3.88,1.0,<Residue ARG het=  resseq=543 icode= >,2a07_G_A,1.9
322,9.473,ARG, ,CA,23.12,19.10,0.0,3.42,1.0,<Residue ARG het=  resseq=543 icode= >,2a07_G_A,1.9
323,0.0,ARG, ,C,23.47,19.65,0.0,4.47,1.0,<Residue ARG het=  resseq=543 icode= >,2a07_G_A,1.9
324,23.868,ARG, ,O,24.56,20.62,0.0,4.07,1.0,<Residue ARG het=  resseq=543 icode= >,2a07_G_A,1.9
325,1.204,ARG, ,CB,23.74,19.84,0.0,2.86,1.0,<Residue ARG het=  resseq=543 icode= >,2a07_G_A,1.9
326,23.187,ARG, ,CG,28.14,20.26,0.0,1.98,1.0,<Residue ARG het=  resseq=543 icode= >,2a07_G_A,1.9
327,37.56,ARG, ,CD,26.61,21.54,0.0,2.51,1.0,<Residue ARG het=  resseq=543 icode= >,2a07_G_A,1.9
328,10.843,ARG, ,NE,26.91,21.40,0.0,3.13,1.0,<Residue ARG het=  resseq=543 icode= >,2a07_G_A,1.9
329,4.115,ARG, ,CZ,24.92,20.80,0.0,4.60,1.0,<Residue ARG het=  resseq=543 icode= >,2a07_G_A,1.9
330,21.23,ARG, ,NH1,24.97,20.25,0.0,3.44,1.0,<Residue ARG het=  resseq=543 icode= >,2a07_G_A,1.9
331,28.997,ARG, ,NH2,25.41,20.86,0.0,3.36,1.0,<Residue ARG het=  resseq=543 icode= >,2a07_G_A,1.9
332,0.0,ASN, ,N,21.26,1000.00,0.0,4.16,1.0,<Residue ASN het=  resseq=544 icode= >,2a07_G_A,1.9
333,0.0,ASN, ,CA,21.54,1000.00,0.0,3.47,1.0,<Residue ASN het=  resseq=544 icode= >,2a07_G_A,1.9
334,1.223,ASN, ,C,21.28,1000.00,1.223,4.81,1.0,<Residue ASN het=  resseq=544 icode= >,2a07_G_A,1.9
335,0.654,ASN, ,O,19.5,1000.00,0.654,5.09,1.0,<Residue ASN het=  resseq=544 icode= >,2a07_G_A,1.9
336,9.337,ASN, ,CB,20.86,1000.00,9.337,3.23,1.0,<Residue ASN het=  resseq=544 icode= >,2a07_G_A,1.9
337,4.123,ASN, ,CG,22.78,1000.00,3.742,4.48,1.0,<Residue ASN het=  resseq=544 icode= >,2a07_G_A,1.9
338,2.434,ASN, ,OD1,22.57,1000.00,0.0,4.62,1.0,<Residue ASN het=  resseq=544 icode= >,2a07_G_A,1.9
339,32.704,ASN, ,ND2,19.21,1000.00,4.231,3.86,1.0,<Residue ASN het=  resseq=544 icode= >,2a07_G_A,1.9
340,0.328,ALA, ,N,21.25,18.21,0.0,3.87,1.0,<Residue ALA het=  resseq=545 icode= >,2a07_G_A,1.9
341,4.003,ALA, ,CA,23.69,17.65,4.003,3.25,1.0,<Residue ALA het=  resseq=545 icode= >,2a07_G_A,1.9
342,0.856,ALA, ,C,24.31,18.76,0.0,3.86,1.0,<Residue ALA het=  resseq=545 icode= >,2a07_G_A,1.9
343,15.191,ALA, ,O,23.33,18.67,0.084,3.85,1.0,<Residue ALA het=  resseq=545 icode= >,2a07_G_A,1.9
344,46.909,ALA, ,CB,24.65,16.65,3.907,2.38,1.0,<Residue ALA het=  resseq=545 icode= >,2a07_G_A,1.9
345,1.481,ALA, ,N,24.74,1000.00,0.0,3.80,1.0,<Residue ALA het=  resseq=546 icode= >,2a07_G_A,1.9
346,7.678,ALA, ,CA,25.35,1000.00,0.0,3.35,1.0,<Residue ALA het=  resseq=546 icode= >,2a07_G_A,1.9
347,2.168,ALA, ,C,25.62,1000.00,0.0,4.14,1.0,<Residue ALA het=  resseq=546 icode= >,2a07_G_A,1.9
348,25.281,ALA, ,O,29.18,1000.00,0.0,2.66,1.0,<Residue ALA het=  resseq=546 icode= >,2a07_G_A,1.9
349,63.009,ALA, ,CB,25.85,1000.00,0.0,2.17,1.0,<Residue ALA het=  resseq=546 icode= >,2a07_G_A,1.9
350,0.0,THR, ,N,23.78,1000.00,0.0,3.87,1.0,<Residue THR het=  resseq=547 icode= >,2a07_G_A,1.9
351,1.711,THR, ,CA,23.46,1000.00,0.0,3.24,1.0,<Residue THR het=  resseq=547 icode= >,2a07_G_A,1.9
352,0.0,THR, ,C,22.65,1000.00,0.0,4.73,1.0,<Residue THR het=  resseq=547 icode= >,2a07_G_A,1.9
353,0.335,THR, ,O,21.84,1000.00,0.0,4.68,1.0,<Residue THR het=  resseq=547 icode= >,2a07_G_A,1.9
354,10.951,THR, ,CB,24.1,1000.00,0.485,3.60,1.0,<Residue THR het=  resseq=547 icode= >,2a07_G_A,1.9
355,1.329,THR, ,OG1,24.14,1000.00,1.273,3.66,1.0,<Residue THR het=  resseq=547 icode= >,2a07_G_A,1.9
356,55.445,THR, ,CG2,24.62,1000.00,0.0,2.13,1.0,<Residue THR het=  resseq=547 icode= >,2a07_G_A,1.9
357,0.041,TRP, ,N,22.69,1000.00,0.0,4.00,1.0,<Residue TRP het=  resseq=548 icode= >,2a07_G_A,1.9
358,1.016,TRP, ,CA,21.49,1000.00,1.016,3.93,1.0,<Residue TRP het=  resseq=548 icode= >,2a07_G_A,1.9
359,0.0,TRP, ,C,21.08,1000.00,0.0,4.84,1.0,<Residue TRP het=  resseq=548 icode= >,2a07_G_A,1.9
360,0.0,TRP, ,O,21.25,1000.00,0.0,4.39,1.0,<Residue TRP het=  resseq=548 icode= >,2a07_G_A,1.9
361,20.576,TRP, ,CB,20.39,1000.00,20.576,3.49,1.0,<Residue TRP het=  resseq=548 icode= >,2a07_G_A,1.9
362,2.404,TRP, ,CG,20.21,1000.00,2.404,4.40,1.0,<Residue TRP het=  resseq=548 icode= >,2a07_G_A,1.9
363,10.237,TRP, ,CD1,20.69,1000.00,9.745,3.34,1.0,<Residue TRP het=  resseq=548 icode= >,2a07_G_A,1.9
364,2.094,TRP, ,CD2,21.41,1000.00,2.094,3.88,1.0,<Residue TRP het=  resseq=548 icode= >,2a07_G_A,1.9
365,19.674,TRP, ,NE1,21.44,1000.00,12.084,3.55,1.0,<Residue TRP het=  resseq=548 icode= >,2a07_G_A,1.9
366,5.175,TRP, ,CE2,22.23,1000.00,3.364,3.99,1.0,<Residue TRP het=  resseq=548 icode= >,2a07_G_A,1.9
367,4.566,TRP, ,CE3,23.22,1000.00,4.566,2.86,1.0,<Residue TRP het=  resseq=548 icode= >,2a07_G_A,1.9
368,29.054,TRP, ,CZ2,22.03,1000.00,18.655,3.36,1.0,<Residue TRP het=  resseq=548 icode= >,2a07_G_A,1.9
369,21.665,TRP, ,CZ3,23.04,1000.00,21.665,3.17,1.0,<Residue TRP het=  resseq=548 icode= >,2a07_G_A,1.9
370,20.209,TRP, ,CH2,21.95,1000.00,20.209,3.48,1.0,<Residue TRP het=  resseq=548 icode= >,2a07_G_A,1.9
371,0.87,LYS, ,N,21.93,1000.00,0.0,4.77,1.0,<Residue LYS het=  resseq=549 icode= >,2a07_G_A,1.9
372,1.018,LYS, ,CA,24.07,1000.00,1.018,3.69,1.0,<Residue LYS het=  resseq=549 icode= >,2a07_G_A,1.9
373,0.0,LYS, ,C,24.6,1000.00,0.0,3.95,1.0,<Residue LYS het=  resseq=549 icode= >,2a07_G_A,1.9
374,0.947,LYS, ,O,22.85,1000.00,0.947,3.87,1.0,<Residue LYS het=  resseq=549 icode= >,2a07_G_A,1.9
375,8.743,LYS, ,CB,28.22,1000.00,0.0,2.21,1.0,<Residue LYS het=  resseq=549 icode= >,2a07_G_A,1.9
376,6.398,LYS, ,CG,34.07,1000.00,4.974,1.75,1.0,<Residue LYS het=  resseq=549 icode= >,2a07_G_A,1.9
377,29.099,LYS, ,CD,36.68,1000.00,0.741,1.42,1.0,<Residue LYS het=  resseq=549 icode= >,2a07_G_A,1.9
378,48.385,LYS, ,CE,38.82,1000.00,18.414,1.74,1.0,<Residue LYS het=  resseq=549 icode= >,2a07_G_A,1.9
379,25.027,LYS, ,NZ,39.55,1000.00,5.636,1.12,1.0,<Residue LYS het=  resseq=549 icode= >,2a07_G_A,1.9
380,0.128,ASN, ,N,21.88,1000.00,0.0,4.68,1.0,<Residue ASN het=  resseq=550 icode= >,2a07_G_A,1.9
381,0.301,ASN, ,CA,22.19,1000.00,0.0,3.06,1.0,<Residue ASN het=  resseq=550 icode= >,2a07_G_A,1.9
382,1.12,ASN, ,C,20.9,1000.00,0.0,4.71,1.0,<Residue ASN het=  resseq=550 icode= >,2a07_G_A,1.9
383,3.18,ASN, ,O,19.64,1000.00,0.0,4.62,1.0,<Residue ASN het=  resseq=550 icode= >,2a07_G_A,1.9
384,22.637,ASN, ,CB,24.82,1000.00,0.0,1.85,1.0,<Residue ASN het=  resseq=550 icode= >,2a07_G_A,1.9
385,5.608,ASN, ,CG,29.0,1000.00,0.0,2.77,1.0,<Residue ASN het=  resseq=550 icode= >,2a07_G_A,1.9
386,20.119,ASN, ,OD1,35.65,1000.00,0.0,1.80,1.0,<Residue ASN het=  resseq=550 icode= >,2a07_G_A,1.9
387,43.551,ASN, ,ND2,31.95,1000.00,0.0,1.59,1.0,<Residue ASN het=  resseq=550 icode= >,2a07_G_A,1.9
388,0.731,ALA, ,N,19.04,1000.00,0.0,4.42,1.0,<Residue ALA het=  resseq=551 icode= >,2a07_G_A,1.9
389,6.618,ALA, ,CA,18.58,1000.00,0.0,4.23,1.0,<Residue ALA het=  resseq=551 icode= >,2a07_G_A,1.9
390,0.486,ALA, ,C,20.21,1000.00,0.486,4.12,1.0,<Residue ALA het=  resseq=551 icode= >,2a07_G_A,1.9
391,0.0,ALA, ,O,16.94,1000.00,0.0,4.74,1.0,<Residue ALA het=  resseq=551 icode= >,2a07_G_A,1.9
392,36.426,ALA, ,CB,18.39,1000.00,25.549,3.45,1.0,<Residue ALA het=  resseq=551 icode= >,2a07_G_A,1.9
393,0.0,VAL, ,N,20.35,1000.00,0.0,4.26,1.0,<Residue VAL het=  resseq=552 icode= >,2a07_G_A,1.9
394,2.251,VAL, ,CA,21.02,1000.00,2.251,3.60,1.0,<Residue VAL het=  resseq=552 icode= >,2a07_G_A,1.9
395,0.0,VAL, ,C,22.2,1000.00,0.0,4.35,1.0,<Residue VAL het=  resseq=552 icode= >,2a07_G_A,1.9
396,0.0,VAL, ,O,22.95,1000.00,0.0,3.82,1.0,<Residue VAL het=  resseq=552 icode= >,2a07_G_A,1.9
397,0.994,VAL, ,CB,21.29,1000.00,0.994,3.38,1.0,<Residue VAL het=  resseq=552 icode= >,2a07_G_A,1.9
398,33.593,VAL, ,CG1,21.54,1000.00,33.593,2.33,1.0,<Residue VAL het=  resseq=552 icode= >,2a07_G_A,1.9
399,35.389,VAL, ,CG2,19.98,1000.00,35.389,3.12,1.0,<Residue VAL het=  resseq=552 icode= >,2a07_G_A,1.9
400,0.0,ARG, ,N,23.46,1000.00,0.0,4.04,1.0,<Residue ARG het=  resseq=553 icode= >,2a07_G_A,1.9
401,1.644,ARG, ,CA,24.95,1000.00,0.0,3.03,1.0,<Residue ARG het=  resseq=553 icode= >,2a07_G_A,1.9
402,1.123,ARG, ,C,24.58,1000.00,0.0,4.31,1.0,<Residue ARG het=  resseq=553 icode= >,2a07_G_A,1.9
403,5.421,ARG, ,O,24.87,1000.00,0.0,4.07,1.0,<Residue ARG het=  resseq=553 icode= >,2a07_G_A,1.9
404,13.452,ARG, ,CB,27.41,1000.00,0.0,2.93,1.0,<Residue ARG het=  resseq=553 icode= >,2a07_G_A,1.9
405,14.126,ARG, ,CG,34.18,1000.00,12.739,1.79,1.0,<Residue ARG het=  resseq=553 icode= >,2a07_G_A,1.9
406,38.051,ARG, ,CD,38.25,1000.00,13.046,1.48,1.0,<Residue ARG het=  resseq=553 icode= >,2a07_G_A,1.9
407,15.908,ARG, ,NE,43.13,1000.00,0.0,1.64,1.0,<Residue ARG het=  resseq=553 icode= >,2a07_G_A,1.9
408,4.025,ARG, ,CZ,44.98,1000.00,0.0,1.10,1.0,<Residue ARG het=  resseq=553 icode= >,2a07_G_A,1.9
409,15.033,ARG, ,NH1,46.39,1000.00,8.183,0.17,1.0,<Residue ARG het=  resseq=553 icode= >,2a07_G_A,1.9
410,25.416,ARG, ,NH2,46.13,1000.00,0.0,1.21,1.0,<Residue ARG het=  resseq=553 icode= >,2a07_G_A,1.9
411,0.132,HIS, ,N,23.31,1000.00,0.0,3.51,1.0,<Residue HIS het=  resseq=554 icode= >,2a07_G_A,1.9
412,5.441,HIS, ,CA,22.83,1000.00,0.0,3.15,1.0,<Residue HIS het=  resseq=554 icode= >,2a07_G_A,1.9
413,0.0,HIS, ,C,23.38,1000.00,0.0,3.91,1.0,<Residue HIS het=  resseq=554 icode= >,2a07_G_A,1.9
414,0.045,HIS, ,O,24.34,1000.00,0.0,3.81,1.0,<Residue HIS het=  resseq=554 icode= >,2a07_G_A,1.9
415,10.097,HIS, ,CB,21.66,1000.00,0.0,3.11,1.0,<Residue HIS het=  resseq=554 icode= >,2a07_G_A,1.9
416,2.627,HIS, ,CG,21.88,1000.00,0.0,4.36,1.0,<Residue HIS het=  resseq=554 icode= >,2a07_G_A,1.9
417,19.93,HIS, ,ND1,22.12,1000.00,0.0,3.71,1.0,<Residue HIS het=  resseq=554 icode= >,2a07_G_A,1.9
418,18.237,HIS, ,CD2,19.11,1000.00,0.0,4.07,1.0,<Residue HIS het=  resseq=554 icode= >,2a07_G_A,1.9
419,35.656,HIS, ,CE1,22.21,1000.00,0.0,3.48,1.0,<Residue HIS het=  resseq=554 icode= >,2a07_G_A,1.9
420,17.649,HIS, ,NE2,21.78,1000.00,0.0,4.50,1.0,<Residue HIS het=  resseq=554 icode= >,2a07_G_A,1.9
421,0.0,ASN, ,N,21.98,1000.00,0.0,3.72,1.0,<Residue ASN het=  resseq=555 icode= >,2a07_G_A,1.9
422,0.0,ASN, ,CA,22.95,1000.00,0.0,3.14,1.0,<Residue ASN het=  resseq=555 icode= >,2a07_G_A,1.9
423,0.0,ASN, ,C,23.5,1000.00,0.0,4.37,1.0,<Residue ASN het=  resseq=555 icode= >,2a07_G_A,1.9
424,0.0,ASN, ,O,24.74,1000.00,0.0,3.69,1.0,<Residue ASN het=  resseq=555 icode= >,2a07_G_A,1.9
425,7.338,ASN, ,CB,21.45,1000.00,7.338,2.91,1.0,<Residue ASN het=  resseq=555 icode= >,2a07_G_A,1.9
426,5.851,ASN, ,CG,20.74,1000.00,5.695,4.50,1.0,<Residue ASN het=  resseq=555 icode= >,2a07_G_A,1.9
427,18.259,ASN, ,OD1,20.47,1000.00,12.606,4.57,1.0,<Residue ASN het=  resseq=555 icode= >,2a07_G_A,1.9
428,25.513,ASN, ,ND2,18.66,1000.00,13.87,3.61,1.0,<Residue ASN het=  resseq=555 icode= >,2a07_G_A,1.9
429,0.0,LEU, ,N,24.6,1000.00,0.0,4.10,1.0,<Residue LEU het=  resseq=556 icode= >,2a07_G_A,1.9
430,0.0,LEU, ,CA,25.68,1000.00,0.0,3.64,1.0,<Residue LEU het=  resseq=556 icode= >,2a07_G_A,1.9
431,0.0,LEU, ,C,27.69,1000.00,0.0,3.54,1.0,<Residue LEU het=  resseq=556 icode= >,2a07_G_A,1.9
432,2.614,LEU, ,O,28.07,1000.00,0.0,3.25,1.0,<Residue LEU het=  resseq=556 icode= >,2a07_G_A,1.9
433,1.158,LEU, ,CB,25.05,1000.00,0.0,2.98,1.0,<Residue LEU het=  resseq=556 icode= >,2a07_G_A,1.9
434,0.249,LEU, ,CG,24.07,1000.00,0.249,3.54,1.0,<Residue LEU het=  resseq=556 icode= >,2a07_G_A,1.9
435,18.472,LEU, ,CD1,23.59,1000.00,17.136,2.43,1.0,<Residue LEU het=  resseq=556 icode= >,2a07_G_A,1.9
436,16.775,LEU, ,CD2,24.6,1000.00,16.775,2.45,1.0,<Residue LEU het=  resseq=556 icode= >,2a07_G_A,1.9
437,0.0,SER, ,N,27.89,1000.00,0.0,3.59,1.0,<Residue SER het=  resseq=557 icode= >,2a07_G_A,1.9
438,6.284,SER, ,CA,29.25,1000.00,0.0,3.01,1.0,<Residue SER het=  resseq=557 icode= >,2a07_G_A,1.9
439,1.316,SER, ,C,28.9,1000.00,0.0,3.60,1.0,<Residue SER het=  resseq=557 icode= >,2a07_G_A,1.9
440,28.502,SER, ,O,30.4,1000.00,0.0,2.56,1.0,<Residue SER het=  resseq=557 icode= >,2a07_G_A,1.9
441,42.102,SER, ,CB,31.66,1000.00,0.0,2.29,1.0,<Residue SER het=  resseq=557 icode= >,2a07_G_A,1.9
442,15.893,SER, ,OG,37.64,1000.00,0.0,1.39,1.0,<Residue SER het=  resseq=557 icode= >,2a07_G_A,1.9
443,0.0,LEU, ,N,26.51,1000.00,0.0,3.71,1.0,<Residue LEU het=  resseq=558 icode= >,2a07_G_A,1.9
444,4.471,LEU, ,CA,27.23,1000.00,0.0,3.10,1.0,<Residue LEU het=  resseq=558 icode= >,2a07_G_A,1.9
445,0.005,LEU, ,C,27.91,1000.00,0.0,3.44,1.0,<Residue LEU het=  resseq=558 icode= >,2a07_G_A,1.9
446,15.835,LEU, ,O,27.93,1000.00,0.0,3.19,1.0,<Residue LEU het=  resseq=558 icode= >,2a07_G_A,1.9
447,1.981,LEU, ,CB,27.68,1000.00,0.0,2.35,1.0,<Residue LEU het=  resseq=558 icode= >,2a07_G_A,1.9
448,2.155,LEU, ,CG,28.57,1000.00,0.0,2.84,1.0,<Residue LEU het=  resseq=558 icode= >,2a07_G_A,1.9
449,52.118,LEU, ,CD1,30.13,1000.00,0.0,1.75,1.0,<Residue LEU het=  resseq=558 icode= >,2a07_G_A,1.9
450,27.95,LEU, ,CD2,29.53,1000.00,0.0,1.98,1.0,<Residue LEU het=  resseq=558 icode= >,2a07_G_A,1.9
451,0.0,HIS, ,N,27.11,1000.00,0.0,3.69,1.0,<Residue HIS het=  resseq=559 icode= >,2a07_G_A,1.9
452,0.373,HIS, ,CA,29.0,1000.00,0.0,3.07,1.0,<Residue HIS het=  resseq=559 icode= >,2a07_G_A,1.9
453,0.858,HIS, ,C,30.07,1000.00,0.0,3.35,1.0,<Residue HIS het=  resseq=559 icode= >,2a07_G_A,1.9
454,1.434,HIS, ,O,27.67,1000.00,0.0,4.17,1.0,<Residue HIS het=  resseq=559 icode= >,2a07_G_A,1.9
455,0.402,HIS, ,CB,29.88,1000.00,0.0,2.13,1.0,<Residue HIS het=  resseq=559 icode= >,2a07_G_A,1.9
456,1.471,HIS, ,CG,31.15,1000.00,0.756,2.87,1.0,<Residue HIS het=  resseq=559 icode= >,2a07_G_A,1.9
457,1.441,HIS, ,ND1,32.58,1000.00,0.0,2.67,1.0,<Residue HIS het=  resseq=559 icode= >,2a07_G_A,1.9
458,3.574,HIS, ,CD2,31.22,1000.00,3.574,2.57,1.0,<Residue HIS het=  resseq=559 icode= >,2a07_G_A,1.9
459,23.658,HIS, ,CE1,33.45,1000.00,1.341,2.03,1.0,<Residue HIS het=  resseq=559 icode= >,2a07_G_A,1.9
460,11.492,HIS, ,NE2,31.45,1000.00,4.004,3.03,1.0,<Residue HIS het=  resseq=559 icode= >,2a07_G_A,1.9
461,2.951,LYS, ,N,31.27,1000.00,0.0,2.63,1.0,<Residue LYS het=  resseq=560 icode= >,2a07_G_A,1.9
462,8.714,LYS, ,CA,33.17,1000.00,0.0,1.87,1.0,<Residue LYS het=  resseq=560 icode= >,2a07_G_A,1.9
463,0.0,LYS, ,C,31.98,1000.00,0.0,3.82,1.0,<Residue LYS het=  resseq=560 icode= >,2a07_G_A,1.9
464,5.46,LYS, ,O,33.39,1000.00,0.0,2.63,1.0,<Residue LYS het=  resseq=560 icode= >,2a07_G_A,1.9
465,6.04,LYS, ,CB,35.53,1000.00,0.0,1.80,1.0,<Residue LYS het=  resseq=560 icode= >,2a07_G_A,1.9
466,18.466,LYS, ,CG,40.73,1000.00,0.0,0.94,1.0,<Residue LYS het=  resseq=560 icode= >,2a07_G_A,1.9
467,35.388,LYS, ,CD,43.67,1000.00,0.0,1.04,1.0,<Residue LYS het=  resseq=560 icode= >,2a07_G_A,1.9
468,33.445,LYS, ,CE,45.89,1000.00,0.0,-0.12,1.0,<Residue LYS het=  resseq=560 icode= >,2a07_G_A,1.9
469,43.993,LYS, ,NZ,48.15,1000.00,0.0,-0.44,1.0,<Residue LYS het=  resseq=560 icode= >,2a07_G_A,1.9
470,0.89,CYS, ,N,30.94,1000.00,0.0,3.73,1.0,<Residue CYS het=  resseq=561 icode= >,2a07_G_A,1.9
471,0.0,CYS, ,CA,31.46,1000.00,0.0,3.02,1.0,<Residue CYS het=  resseq=561 icode= >,2a07_G_A,1.9
472,0.0,CYS, ,C,31.94,1000.00,0.0,2.72,1.0,<Residue CYS het=  resseq=561 icode= >,2a07_G_A,1.9
473,0.0,CYS, ,O,32.33,1000.00,0.0,2.78,1.0,<Residue CYS het=  resseq=561 icode= >,2a07_G_A,1.9
474,0.729,CYS, ,CB,32.82,1000.00,0.0,2.28,1.0,<Residue CYS het=  resseq=561 icode= >,2a07_G_A,1.9
475,4.919,CYS, ,SG,31.83,1000.00,1.491,5.59,1.0,<Residue CYS het=  resseq=561 icode= >,2a07_G_A,1.9
476,0.0,PHE, ,N,28.88,1000.00,0.0,3.32,1.0,<Residue PHE het=  resseq=562 icode= >,2a07_G_A,1.9
477,0.0,PHE, ,CA,30.03,1000.00,0.0,2.91,1.0,<Residue PHE het=  resseq=562 icode= >,2a07_G_A,1.9
478,0.0,PHE, ,C,32.02,1000.00,0.0,2.76,1.0,<Residue PHE het=  resseq=562 icode= >,2a07_G_A,1.9
479,7.573,PHE, ,O,30.43,1000.00,0.0,3.31,1.0,<Residue PHE het=  resseq=562 icode= >,2a07_G_A,1.9
480,0.0,PHE, ,CB,27.29,1000.00,0.0,2.54,1.0,<Residue PHE het=  resseq=562 icode= >,2a07_G_A,1.9
481,0.0,PHE, ,CG,25.4,1000.00,0.0,3.83,1.0,<Residue PHE het=  resseq=562 icode= >,2a07_G_A,1.9
482,0.0,PHE, ,CD1,24.28,1000.00,0.0,3.13,1.0,<Residue PHE het=  resseq=562 icode= >,2a07_G_A,1.9
483,3.585,PHE, ,CD2,23.85,1000.00,3.585,3.40,1.0,<Residue PHE het=  resseq=562 icode= >,2a07_G_A,1.9
484,8.126,PHE, ,CE1,23.83,1000.00,8.126,3.04,1.0,<Residue PHE het=  resseq=562 icode= >,2a07_G_A,1.9
485,13.551,PHE, ,CE2,23.75,1000.00,13.551,3.74,1.0,<Residue PHE het=  resseq=562 icode= >,2a07_G_A,1.9
486,23.613,PHE, ,CZ,23.58,1000.00,23.613,2.85,1.0,<Residue PHE het=  resseq=562 icode= >,2a07_G_A,1.9
487,0.0,VAL, ,N,33.49,1000.00,0.0,2.72,1.0,<Residue VAL het=  resseq=563 icode= >,2a07_G_A,1.9
488,2.589,VAL, ,CA,35.56,1000.00,0.0,3.14,1.0,<Residue VAL het=  resseq=563 icode= >,2a07_G_A,1.9
489,0.0,VAL, ,C,37.5,1000.00,0.0,3.85,1.0,<Residue VAL het=  resseq=563 icode= >,2a07_G_A,1.9
490,0.0,VAL, ,O,36.62,1000.00,0.0,3.50,1.0,<Residue VAL het=  resseq=563 icode= >,2a07_G_A,1.9
491,1.811,VAL, ,CB,36.84,1000.00,0.0,2.57,1.0,<Residue VAL het=  resseq=563 icode= >,2a07_G_A,1.9
492,39.629,VAL, ,CG1,37.07,1000.00,0.0,1.38,1.0,<Residue VAL het=  resseq=563 icode= >,2a07_G_A,1.9
493,22.322,VAL, ,CG2,37.18,1000.00,0.0,1.58,1.0,<Residue VAL het=  resseq=563 icode= >,2a07_G_A,1.9
494,4.606,ARG, ,N,41.07,1000.00,0.0,3.25,1.0,<Residue ARG het=  resseq=564 icode= >,2a07_G_A,1.9
495,0.0,ARG, ,CA,46.45,1000.00,0.0,2.33,1.0,<Residue ARG het=  resseq=564 icode= >,2a07_G_A,1.9
496,0.0,ARG, ,C,49.04,1000.00,0.0,2.21,1.0,<Residue ARG het=  resseq=564 icode= >,2a07_G_A,1.9
497,18.329,ARG, ,O,48.3,1000.00,0.0,2.36,1.0,<Residue ARG het=  resseq=564 icode= >,2a07_G_A,1.9
498,10.911,ARG, ,CB,48.68,1000.00,0.0,1.97,1.0,<Residue ARG het=  resseq=564 icode= >,2a07_G_A,1.9
499,0.049,ARG, ,CG,53.2,1000.00,0.0,1.32,1.0,<Residue ARG het=  resseq=564 icode= >,2a07_G_A,1.9
500,10.502,ARG, ,CD,56.91,1000.00,0.0,1.53,1.0,<Residue ARG het=  resseq=564 icode= >,2a07_G_A,1.9
501,0.46,ARG, ,NE,60.6,1000.00,0.0,1.16,1.0,<Residue ARG het=  resseq=564 icode= >,2a07_G_A,1.9
502,3.749,ARG, ,CZ,62.18,1000.00,0.0,0.92,1.0,<Residue ARG het=  resseq=564 icode= >,2a07_G_A,1.9
503,47.016,ARG, ,NH1,63.27,1000.00,0.0,0.07,1.0,<Residue ARG het=  resseq=564 icode= >,2a07_G_A,1.9
504,40.009,ARG, ,NH2,63.39,1000.00,0.0,0.24,1.0,<Residue ARG het=  resseq=564 icode= >,2a07_G_A,1.9
505,0.0,VAL, ,N,52.37,1000.00,0.0,1.54,1.0,<Residue VAL het=  resseq=565 icode= >,2a07_G_A,1.9
506,2.934,VAL, ,CA,56.33,1000.00,0.0,1.67,1.0,<Residue VAL het=  resseq=565 icode= >,2a07_G_A,1.9
507,0.0,VAL, ,C,58.78,1000.00,0.0,2.41,1.0,<Residue VAL het=  resseq=565 icode= >,2a07_G_A,1.9
508,0.0,VAL, ,O,59.68,1000.00,0.0,1.41,1.0,<Residue VAL het=  resseq=565 icode= >,2a07_G_A,1.9
509,0.246,VAL, ,CB,55.91,1000.00,0.246,1.84,1.0,<Residue VAL het=  resseq=565 icode= >,2a07_G_A,1.9
510,45.322,VAL, ,CG1,56.49,1000.00,1.712,0.96,1.0,<Residue VAL het=  resseq=565 icode= >,2a07_G_A,1.9
511,19.17,VAL, ,CG2,55.94,1000.00,0.0,1.11,1.0,<Residue VAL het=  resseq=565 icode= >,2a07_G_A,1.9
512,4.637,GLU, ,N,62.56,1000.00,0.0,1.38,1.0,<Residue GLU het=  resseq=566 icode= >,2a07_G_A,1.9
513,0.0,GLU, ,CA,66.01,1000.00,0.0,1.16,1.0,<Residue GLU het=  resseq=566 icode= >,2a07_G_A,1.9
514,0.0,GLU, ,C,67.28,1000.00,0.0,1.62,1.0,<Residue GLU het=  resseq=566 icode= >,2a07_G_A,1.9
515,25.82,GLU, ,O,67.92,1000.00,0.0,0.29,1.0,<Residue GLU het=  resseq=566 icode= >,2a07_G_A,1.9
516,18.371,GLU, ,CB,66.85,1000.00,0.0,1.22,1.0,<Residue GLU het=  resseq=566 icode= >,2a07_G_A,1.9
517,2.416,GLU, ,CG,69.63,1000.00,0.0,0.30,1.0,<Residue GLU het=  resseq=566 icode= >,2a07_G_A,1.9
518,11.648,GLU, ,CD,70.94,1000.00,0.0,0.68,1.0,<Residue GLU het=  resseq=566 icode= >,2a07_G_A,1.9
519,38.888,GLU, ,OE1,71.74,1000.00,0.0,0.02,1.0,<Residue GLU het=  resseq=566 icode= >,2a07_G_A,1.9
520,27.86,GLU, ,OE2,72.05,1000.00,0.0,-0.03,1.0,<Residue GLU het=  resseq=566 icode= >,2a07_G_A,1.9
521,0.0,ASN, ,N,69.5,1000.00,0.0,0.90,1.0,<Residue ASN het=  resseq=567 icode= >,2a07_G_A,1.9
522,8.663,ASN, ,CA,71.56,1000.00,0.0,0.48,1.0,<Residue ASN het=  resseq=567 icode= >,2a07_G_A,1.9
523,4.347,ASN, ,C,72.6,1000.00,0.0,0.59,1.0,<Residue ASN het=  resseq=567 icode= >,2a07_G_A,1.9
524,12.021,ASN, ,O,72.86,1000.00,0.0,0.86,1.0,<Residue ASN het=  resseq=567 icode= >,2a07_G_A,1.9
525,24.826,ASN, ,CB,72.15,1000.00,0.0,0.51,1.0,<Residue ASN het=  resseq=567 icode= >,2a07_G_A,1.9
526,0.0,ASN, ,CG,72.94,1000.00,0.0,0.96,1.0,<Residue ASN het=  resseq=567 icode= >,2a07_G_A,1.9
527,25.368,ASN, ,OD1,73.56,1000.00,7.008,0.77,1.0,<Residue ASN het=  resseq=567 icode= >,2a07_G_A,1.9
528,0.243,ASN, ,ND2,73.57,1000.00,0.0,0.15,1.0,<Residue ASN het=  resseq=567 icode= >,2a07_G_A,1.9
529,2.544,VAL, ,N,73.8,1000.00,0.0,-0.24,1.0,<Residue VAL het=  resseq=568 icode= >,2a07_G_A,1.9
530,10.792,VAL, ,CA,74.41,1000.00,0.0,0.64,1.0,<Residue VAL het=  resseq=568 icode= >,2a07_G_A,1.9
531,1.707,VAL, ,C,73.74,1000.00,0.0,0.96,1.0,<Residue VAL het=  resseq=568 icode= >,2a07_G_A,1.9
532,23.965,VAL, ,O,74.27,1000.00,0.0,1.10,1.0,<Residue VAL het=  resseq=568 icode= >,2a07_G_A,1.9
533,7.854,VAL, ,CB,75.03,1000.00,0.0,0.45,1.0,<Residue VAL het=  resseq=568 icode= >,2a07_G_A,1.9
534,63.926,VAL, ,CG1,75.62,1000.00,0.0,0.27,1.0,<Residue VAL het=  resseq=568 icode= >,2a07_G_A,1.9
535,29.07,VAL, ,CG2,75.7,1000.00,0.0,0.32,1.0,<Residue VAL het=  resseq=568 icode= >,2a07_G_A,1.9
536,0.0,LYS, ,N,72.95,1000.00,0.0,0.83,1.0,<Residue LYS het=  resseq=569 icode= >,2a07_G_A,1.9
537,2.968,LYS, ,CA,71.55,1000.00,0.0,0.93,1.0,<Residue LYS het=  resseq=569 icode= >,2a07_G_A,1.9
538,1.34,LYS, ,C,69.88,1000.00,0.0,0.88,1.0,<Residue LYS het=  resseq=569 icode= >,2a07_G_A,1.9
539,17.526,LYS, ,O,69.28,1000.00,0.0,0.95,1.0,<Residue LYS het=  resseq=569 icode= >,2a07_G_A,1.9
540,16.657,LYS, ,CB,72.68,1000.00,0.0,0.06,1.0,<Residue LYS het=  resseq=569 icode= >,2a07_G_A,1.9
541,24.078,LYS, ,CG,74.19,1000.00,0.0,-0.30,1.0,<Residue LYS het=  resseq=569 icode= >,2a07_G_A,1.9
542,36.484,LYS, ,CD,75.67,1000.00,0.0,0.05,1.0,<Residue LYS het=  resseq=569 icode= >,2a07_G_A,1.9
543,32.88,LYS, ,CE,76.52,1000.00,0.0,0.35,1.0,<Residue LYS het=  resseq=569 icode= >,2a07_G_A,1.9
544,49.141,LYS, ,NZ,77.74,1000.00,0.0,-0.18,1.0,<Residue LYS het=  resseq=569 icode= >,2a07_G_A,1.9
545,14.288,GLY, ,N,68.01,1000.00,0.0,-0.11,1.0,<Residue GLY het=  resseq=570 icode= >,2a07_G_A,1.9
546,39.734,GLY, ,CA,65.66,1000.00,2.011,-0.12,1.0,<Residue GLY het=  resseq=570 icode= >,2a07_G_A,1.9
547,4.031,GLY, ,C,63.55,1000.00,0.252,1.32,1.0,<Residue GLY het=  resseq=570 icode= >,2a07_G_A,1.9
548,1.123,GLY, ,O,64.32,1000.00,0.0,0.92,1.0,<Residue GLY het=  resseq=570 icode= >,2a07_G_A,1.9
549,6.873,ALA, ,N,60.54,1000.00,0.542,1.04,1.0,<Residue ALA het=  resseq=571 icode= >,2a07_G_A,1.9
550,0.0,ALA, ,CA,57.12,1000.00,0.0,1.04,1.0,<Residue ALA het=  resseq=571 icode= >,2a07_G_A,1.9
551,0.048,ALA, ,C,55.01,1000.00,0.0,1.65,1.0,<Residue ALA het=  resseq=571 icode= >,2a07_G_A,1.9
552,24.098,ALA, ,O,55.55,1000.00,18.11,1.17,1.0,<Residue ALA het=  resseq=571 icode= >,2a07_G_A,1.9
553,4.468,ALA, ,CB,55.08,1000.00,0.0,1.23,1.0,<Residue ALA het=  resseq=571 icode= >,2a07_G_A,1.9
554,0.0,VAL, ,N,51.7,1000.00,0.0,2.38,1.0,<Residue VAL het=  resseq=572 icode= >,2a07_G_A,1.9
555,3.807,VAL, ,CA,48.54,1000.00,3.807,2.14,1.0,<Residue VAL het=  resseq=572 icode= >,2a07_G_A,1.9
556,0.0,VAL, ,C,45.7,1000.00,0.0,2.74,1.0,<Residue VAL het=  resseq=572 icode= >,2a07_G_A,1.9
557,0.0,VAL, ,O,45.6,1000.00,0.0,2.15,1.0,<Residue VAL het=  resseq=572 icode= >,2a07_G_A,1.9
558,9.139,VAL, ,CB,48.99,1000.00,9.139,2.21,1.0,<Residue VAL het=  resseq=572 icode= >,2a07_G_A,1.9
559,42.037,VAL, ,CG1,48.64,1000.00,29.904,1.58,1.0,<Residue VAL het=  resseq=572 icode= >,2a07_G_A,1.9
560,17.17,VAL, ,CG2,49.3,1000.00,16.045,0.81,1.0,<Residue VAL het=  resseq=572 icode= >,2a07_G_A,1.9
561,4.567,TRP, ,N,41.29,1000.00,4.567,2.66,1.0,<Residue TRP het=  resseq=573 icode= >,2a07_G_A,1.9
562,0.0,TRP, ,CA,36.83,1000.00,0.0,3.00,1.0,<Residue TRP het=  resseq=573 icode= >,2a07_G_A,1.9
563,0.845,TRP, ,C,34.51,1000.00,0.845,3.85,1.0,<Residue TRP het=  resseq=573 icode= >,2a07_G_A,1.9
564,23.863,TRP, ,O,33.4,1000.00,23.863,3.18,1.0,<Residue TRP het=  resseq=573 icode= >,2a07_G_A,1.9
565,16.346,TRP, ,CB,36.22,1000.00,16.346,1.90,1.0,<Residue TRP het=  resseq=573 icode= >,2a07_G_A,1.9
566,0.0,TRP, ,CG,34.22,1000.00,0.0,3.22,1.0,<Residue TRP het=  resseq=573 icode= >,2a07_G_A,1.9
567,18.368,TRP, ,CD1,34.69,1000.00,18.368,2.50,1.0,<Residue TRP het=  resseq=573 icode= >,2a07_G_A,1.9
568,0.0,TRP, ,CD2,34.13,1000.00,0.0,2.65,1.0,<Residue TRP het=  resseq=573 icode= >,2a07_G_A,1.9
569,17.287,TRP, ,NE1,35.01,1000.00,12.047,2.69,1.0,<Residue TRP het=  resseq=573 icode= >,2a07_G_A,1.9
570,0.0,TRP, ,CE2,33.85,1000.00,0.0,2.78,1.0,<Residue TRP het=  resseq=573 icode= >,2a07_G_A,1.9
571,0.0,TRP, ,CE3,33.17,1000.00,0.0,2.95,1.0,<Residue TRP het=  resseq=573 icode= >,2a07_G_A,1.9
572,14.904,TRP, ,CZ2,33.55,1000.00,0.108,2.33,1.0,<Residue TRP het=  resseq=573 icode= >,2a07_G_A,1.9
573,3.174,TRP, ,CZ3,34.0,1000.00,0.0,2.23,1.0,<Residue TRP het=  resseq=573 icode= >,2a07_G_A,1.9
574,12.611,TRP, ,CH2,33.38,1000.00,0.0,2.58,1.0,<Residue TRP het=  resseq=573 icode= >,2a07_G_A,1.9
575,0.0,THR, ,N,31.44,1000.00,0.0,3.58,1.0,<Residue THR het=  resseq=574 icode= >,2a07_G_A,1.9
576,5.968,THR, ,CA,31.2,1000.00,5.968,2.70,1.0,<Residue THR het=  resseq=574 icode= >,2a07_G_A,1.9
577,0.697,THR, ,C,30.6,1000.00,0.697,3.45,1.0,<Residue THR het=  resseq=574 icode= >,2a07_G_A,1.9
578,0.255,THR, ,O,29.31,1000.00,0.255,3.65,1.0,<Residue THR het=  resseq=574 icode= >,2a07_G_A,1.9
579,11.422,THR, ,CB,32.09,1000.00,2.34,2.66,1.0,<Residue THR het=  resseq=574 icode= >,2a07_G_A,1.9
580,5.609,THR, ,OG1,31.72,1000.00,0.0,3.14,1.0,<Residue THR het=  resseq=574 icode= >,2a07_G_A,1.9
581,32.432,THR, ,CG2,32.99,1000.00,21.436,1.39,1.0,<Residue THR het=  resseq=574 icode= >,2a07_G_A,1.9
582,4.538,VAL, ,N,28.26,1000.00,2.945,4.11,1.0,<Residue VAL het=  resseq=575 icode= >,2a07_G_A,1.9
583,0.0,VAL, ,CA,28.6,1000.00,0.0,2.93,1.0,<Residue VAL het=  resseq=575 icode= >,2a07_G_A,1.9
584,0.661,VAL, ,C,29.82,1000.00,0.0,3.04,1.0,<Residue VAL het=  resseq=575 icode= >,2a07_G_A,1.9
585,21.204,VAL, ,O,28.96,1000.00,0.0,3.34,1.0,<Residue VAL het=  resseq=575 icode= >,2a07_G_A,1.9
586,10.978,VAL, ,CB,28.47,1000.00,5.089,3.06,1.0,<Residue VAL het=  resseq=575 icode= >,2a07_G_A,1.9
587,7.494,VAL, ,CG1,30.37,1000.00,6.949,2.42,1.0,<Residue VAL het=  resseq=575 icode= >,2a07_G_A,1.9
588,39.771,VAL, ,CG2,29.1,1000.00,39.771,2.18,1.0,<Residue VAL het=  resseq=575 icode= >,2a07_G_A,1.9
589,0.0,ASP, ,N,28.87,1000.00,0.0,3.45,1.0,<Residue ASP het=  resseq=576 icode= >,2a07_G_A,1.9
590,9.035,ASP, ,CA,29.66,1000.00,0.0,3.41,1.0,<Residue ASP het=  resseq=576 icode= >,2a07_G_A,1.9
591,0.0,ASP, ,C,29.41,1000.00,0.0,4.27,1.0,<Residue ASP het=  resseq=576 icode= >,2a07_G_A,1.9
592,0.0,ASP, ,O,29.75,1000.00,0.0,3.47,1.0,<Residue ASP het=  resseq=576 icode= >,2a07_G_A,1.9
593,2.406,ASP, ,CB,31.79,1000.00,0.0,2.03,1.0,<Residue ASP het=  resseq=576 icode= >,2a07_G_A,1.9
594,6.642,ASP, ,CG,33.15,1000.00,0.0,3.68,1.0,<Residue ASP het=  resseq=576 icode= >,2a07_G_A,1.9
595,2.342,ASP, ,OD1,33.13,1000.00,0.0,3.48,1.0,<Residue ASP het=  resseq=576 icode= >,2a07_G_A,1.9
596,38.054,ASP, ,OD2,35.62,1000.00,0.0,2.52,1.0,<Residue ASP het=  resseq=576 icode= >,2a07_G_A,1.9
597,4.169,GLU, ,N,29.94,1000.00,0.0,3.38,1.0,<Residue GLU het=  resseq=577 icode= >,2a07_G_A,1.9
598,0.0,GLU, ,CA,30.91,1000.00,0.0,3.68,1.0,<Residue GLU het=  resseq=577 icode= >,2a07_G_A,1.9
599,0.0,GLU, ,C,31.54,1000.00,0.0,4.17,1.0,<Residue GLU het=  resseq=577 icode= >,2a07_G_A,1.9
600,0.0,GLU, ,O,31.29,1000.00,0.0,3.97,1.0,<Residue GLU het=  resseq=577 icode= >,2a07_G_A,1.9
601,26.166,GLU, ,CB,33.05,1000.00,0.0,2.08,1.0,<Residue GLU het=  resseq=577 icode= >,2a07_G_A,1.9
602,31.958,GLU, ,CG,35.69,1000.00,0.717,1.16,1.0,<Residue GLU het=  resseq=577 icode= >,2a07_G_A,1.9
603,8.128,GLU, ,CD,38.28,1000.00,6.264,2.16,1.0,<Residue GLU het=  resseq=577 icode= >,2a07_G_A,1.9
604,19.002,GLU, ,OE1,38.49,1000.00,17.305,2.29,1.0,<Residue GLU het=  resseq=577 icode= >,2a07_G_A,1.9
605,9.714,GLU, ,OE2,37.17,1000.00,7.544,2.30,1.0,<Residue GLU het=  resseq=577 icode= >,2a07_G_A,1.9
606,0.456,VAL, ,N,32.28,1000.00,0.0,3.20,1.0,<Residue VAL het=  resseq=578 icode= >,2a07_G_A,1.9
607,5.317,VAL, ,CA,33.35,1000.00,0.0,2.60,1.0,<Residue VAL het=  resseq=578 icode= >,2a07_G_A,1.9
608,0.0,VAL, ,C,32.92,1000.00,0.0,4.19,1.0,<Residue VAL het=  resseq=578 icode= >,2a07_G_A,1.9
609,1.505,VAL, ,O,31.48,1000.00,0.0,3.69,1.0,<Residue VAL het=  resseq=578 icode= >,2a07_G_A,1.9
610,3.871,VAL, ,CB,34.7,1000.00,0.0,2.06,1.0,<Residue VAL het=  resseq=578 icode= >,2a07_G_A,1.9
611,45.219,VAL, ,CG1,36.51,1000.00,0.0,1.08,1.0,<Residue VAL het=  resseq=578 icode= >,2a07_G_A,1.9
612,60.886,VAL, ,CG2,36.51,1000.00,0.0,1.25,1.0,<Residue VAL het=  resseq=578 icode= >,2a07_G_A,1.9
613,0.175,GLU, ,N,34.57,1000.00,0.0,3.45,1.0,<Residue GLU het=  resseq=579 icode= >,2a07_G_A,1.9
614,0.004,GLU, ,CA,36.96,1000.00,0.0,2.85,1.0,<Residue GLU het=  resseq=579 icode= >,2a07_G_A,1.9
615,0.0,GLU, ,C,37.68,1000.00,0.0,3.58,1.0,<Residue GLU het=  resseq=579 icode= >,2a07_G_A,1.9
616,0.062,GLU, ,O,37.4,1000.00,0.0,3.15,1.0,<Residue GLU het=  resseq=579 icode= >,2a07_G_A,1.9
617,0.72,GLU, ,CB,38.94,1000.00,0.0,2.01,1.0,<Residue GLU het=  resseq=579 icode= >,2a07_G_A,1.9
618,8.128,GLU, ,CG,42.58,1000.00,0.0,1.86,1.0,<Residue GLU het=  resseq=579 icode= >,2a07_G_A,1.9
619,11.361,GLU, ,CD,44.16,1000.00,0.0,2.59,1.0,<Residue GLU het=  resseq=579 icode= >,2a07_G_A,1.9
620,4.867,GLU, ,OE1,47.23,1000.00,0.0,1.13,1.0,<Residue GLU het=  resseq=579 icode= >,2a07_G_A,1.9
621,22.096,GLU, ,OE2,46.25,1000.00,0.0,1.00,1.0,<Residue GLU het=  resseq=579 icode= >,2a07_G_A,1.9
622,0.0,TYR, ,N,38.92,1000.00,0.0,2.97,1.0,<Residue TYR het=  resseq=580 icode= >,2a07_G_A,1.9
623,0.315,TYR, ,CA,40.75,1000.00,0.0,2.58,1.0,<Residue TYR het=  resseq=580 icode= >,2a07_G_A,1.9
624,0.0,TYR, ,C,43.06,1000.00,0.0,3.37,1.0,<Residue TYR het=  resseq=580 icode= >,2a07_G_A,1.9
625,0.734,TYR, ,O,42.38,1000.00,0.0,2.52,1.0,<Residue TYR het=  resseq=580 icode= >,2a07_G_A,1.9
626,0.0,TYR, ,CB,39.74,1000.00,0.0,2.32,1.0,<Residue TYR het=  resseq=580 icode= >,2a07_G_A,1.9
627,0.147,TYR, ,CG,39.19,1000.00,0.147,2.94,1.0,<Residue TYR het=  resseq=580 icode= >,2a07_G_A,1.9
628,3.083,TYR, ,CD1,39.18,1000.00,0.589,2.08,1.0,<Residue TYR het=  resseq=580 icode= >,2a07_G_A,1.9
629,1.772,TYR, ,CD2,39.29,1000.00,1.772,2.20,1.0,<Residue TYR het=  resseq=580 icode= >,2a07_G_A,1.9
630,16.113,TYR, ,CE1,37.48,1000.00,14.164,2.72,1.0,<Residue TYR het=  resseq=580 icode= >,2a07_G_A,1.9
631,20.682,TYR, ,CE2,38.77,1000.00,15.327,2.17,1.0,<Residue TYR het=  resseq=580 icode= >,2a07_G_A,1.9
632,4.9,TYR, ,CZ,38.54,1000.00,4.9,2.58,1.0,<Residue TYR het=  resseq=580 icode= >,2a07_G_A,1.9
633,23.815,TYR, ,OH,38.59,1000.00,20.696,1.76,1.0,<Residue TYR het=  resseq=580 icode= >,2a07_G_A,1.9
634,0.0,GLN, ,N,46.32,1000.00,0.0,2.82,1.0,<Residue GLN het=  resseq=581 icode= >,2a07_G_A,1.9
635,0.0,GLN, ,CA,50.67,1000.00,0.0,2.44,1.0,<Residue GLN het=  resseq=581 icode= >,2a07_G_A,1.9
636,1.19,GLN, ,C,53.13,1000.00,0.0,3.15,1.0,<Residue GLN het=  resseq=581 icode= >,2a07_G_A,1.9
637,9.488,GLN, ,O,53.26,1000.00,0.0,2.03,1.0,<Residue GLN het=  resseq=581 icode= >,2a07_G_A,1.9
638,19.877,GLN, ,CB,51.46,1000.00,0.0,1.35,1.0,<Residue GLN het=  resseq=581 icode= >,2a07_G_A,1.9
639,9.759,GLN, ,CG,53.28,1000.00,0.0,1.35,1.0,<Residue GLN het=  resseq=581 icode= >,2a07_G_A,1.9
640,3.79,GLN, ,CD,54.72,1000.00,0.37,1.73,1.0,<Residue GLN het=  resseq=581 icode= >,2a07_G_A,1.9
641,7.575,GLN, ,OE1,54.9,1000.00,0.0,1.52,1.0,<Residue GLN het=  resseq=581 icode= >,2a07_G_A,1.9
642,51.495,GLN, ,NE2,55.83,1000.00,2.611,-0.01,1.0,<Residue GLN het=  resseq=581 icode= >,2a07_G_A,1.9
643,0.449,LYS, ,N,56.64,1000.00,0.0,2.79,1.0,<Residue LYS het=  resseq=582 icode= >,2a07_G_A,1.9
644,8.954,LYS, ,CA,60.95,1000.00,0.0,2.08,1.0,<Residue LYS het=  resseq=582 icode= >,2a07_G_A,1.9
645,1.73,LYS, ,C,63.87,1000.00,0.0,1.98,1.0,<Residue LYS het=  resseq=582 icode= >,2a07_G_A,1.9
646,17.704,LYS, ,O,64.6,1000.00,0.0,0.86,1.0,<Residue LYS het=  resseq=582 icode= >,2a07_G_A,1.9
647,10.148,LYS, ,CB,60.88,1000.00,0.0,1.97,1.0,<Residue LYS het=  resseq=582 icode= >,2a07_G_A,1.9
648,15.862,LYS, ,CG,62.42,1000.00,0.0,0.89,1.0,<Residue LYS het=  resseq=582 icode= >,2a07_G_A,1.9
649,19.359,LYS, ,CD,63.32,1000.00,0.0,0.42,1.0,<Residue LYS het=  resseq=582 icode= >,2a07_G_A,1.9
650,33.281,LYS, ,CE,63.47,1000.00,0.0,0.26,1.0,<Residue LYS het=  resseq=582 icode= >,2a07_G_A,1.9
651,45.931,LYS, ,NZ,63.72,1000.00,0.0,0.28,1.0,<Residue LYS het=  resseq=582 icode= >,2a07_G_A,1.9
652,0.013,ARG, ,N,67.16,1000.00,0.0,1.49,1.0,<Residue ARG het=  resseq=583 icode= >,2a07_G_A,1.9
653,11.408,ARG, ,CA,70.28,1000.00,0.0,1.51,1.0,<Residue ARG het=  resseq=583 icode= >,2a07_G_A,1.9
654,0.715,ARG, ,C,72.51,1000.00,0.0,1.08,1.0,<Residue ARG het=  resseq=583 icode= >,2a07_G_A,1.9
655,28.103,ARG, ,O,73.31,1000.00,0.0,0.29,1.0,<Residue ARG het=  resseq=583 icode= >,2a07_G_A,1.9
656,18.272,ARG, ,CB,70.99,1000.00,0.0,0.63,1.0,<Residue ARG het=  resseq=583 icode= >,2a07_G_A,1.9
657,6.562,ARG, ,CG,71.79,1000.00,0.0,1.20,1.0,<Residue ARG het=  resseq=583 icode= >,2a07_G_A,1.9
658,16.655,ARG, ,CD,72.56,1000.00,0.0,0.45,1.0,<Residue ARG het=  resseq=583 icode= >,2a07_G_A,1.9
659,14.233,ARG, ,NE,73.01,1000.00,0.0,0.65,1.0,<Residue ARG het=  resseq=583 icode= >,2a07_G_A,1.9
660,8.852,ARG, ,CZ,73.19,1000.00,0.0,0.34,1.0,<Residue ARG het=  resseq=583 icode= >,2a07_G_A,1.9
661,11.947,ARG, ,NH1,72.95,1000.00,0.0,0.49,1.0,<Residue ARG het=  resseq=583 icode= >,2a07_G_A,1.9
662,59.751,ARG, ,NH2,72.87,1000.00,0.0,0.44,1.0,<Residue ARG het=  resseq=583 icode= >,2a07_G_A,1.9
663,0.0,ARG, ,N,74.7,1000.00,0.0,1.61,1.0,<Residue ARG het=  resseq=584 icode= >,2a07_G_A,1.9
664,4.947,ARG, ,CA,77.3,1000.00,0.0,1.55,1.0,<Residue ARG het=  resseq=584 icode= >,2a07_G_A,1.9
665,33.985,ARG, ,C,77.9,1000.00,0.0,0.90,1.0,<Residue ARG het=  resseq=584 icode= >,2a07_G_A,1.9
666,20.08,ARG, ,O,78.73,1000.00,0.0,1.00,1.0,<Residue ARG het=  resseq=584 icode= >,2a07_G_A,1.9
667,18.328,ARG, ,CB,79.41,1000.00,0.0,0.41,1.0,<Residue ARG het=  resseq=584 icode= >,2a07_G_A,1.9
668,4.297,ARG, ,CG,81.96,1000.00,0.0,0.72,1.0,<Residue ARG het=  resseq=584 icode= >,2a07_G_A,1.9
669,18.686,ARG, ,CD,84.82,1000.00,0.0,0.00,1.0,<Residue ARG het=  resseq=584 icode= >,2a07_G_A,1.9
670,1.804,ARG, ,NE,86.79,1000.00,0.0,1.12,1.0,<Residue ARG het=  resseq=584 icode= >,2a07_G_A,1.9
671,6.834,ARG, ,CZ,87.91,1000.00,1.94,0.46,1.0,<Residue ARG het=  resseq=584 icode= >,2a07_G_A,1.9
672,50.508,ARG, ,NH1,88.47,1000.00,13.523,-0.55,1.0,<Residue ARG het=  resseq=584 icode= >,2a07_G_A,1.9
673,34.676,ARG, ,NH2,88.56,1000.00,28.142,-0.53,1.0,<Residue ARG het=  resseq=584 icode= >,2a07_G_A,1.9
