,ASA,aa,altloc,atom,bfac,d2r,dASA,dens,occ,residue,id,resolu
0,44.278,VAL, ,N,57.42,1000.00,0.0,0.22,1.0,<Residue VAL het=  resseq=503 icode= >,2a07_F_A,1.9
1,10.49,VAL, ,CA,56.98,1000.00,0.0,0.68,1.0,<Residue VAL het=  resseq=503 icode= >,2a07_F_A,1.9
2,2.384,VAL, ,C,55.8,1000.00,0.0,1.69,1.0,<Residue VAL het=  resseq=503 icode= >,2a07_F_A,1.9
3,13.12,VAL, ,O,55.67,1000.00,0.0,1.52,1.0,<Residue VAL het=  resseq=503 icode= >,2a07_F_A,1.9
4,10.836,VAL, ,CB,58.29,1000.00,0.0,0.66,1.0,<Residue VAL het=  resseq=503 icode= >,2a07_F_A,1.9
5,53.135,VAL, ,CG1,58.92,1000.00,21.424,0.44,1.0,<Residue VAL het=  resseq=503 icode= >,2a07_F_A,1.9
6,61.924,VAL, ,CG2,58.61,1000.00,0.0,0.69,1.0,<Residue VAL het=  resseq=503 icode= >,2a07_F_A,1.9
7,4.552,ARG, ,N,54.02,1000.00,0.0,1.87,1.0,<Residue ARG het=  resseq=504 icode= >,2a07_F_A,1.9
8,0.332,ARG, ,CA,52.36,1000.00,0.0,2.35,1.0,<Residue ARG het=  resseq=504 icode= >,2a07_F_A,1.9
9,0.0,ARG, ,C,49.09,1000.00,0.0,2.24,1.0,<Residue ARG het=  resseq=504 icode= >,2a07_F_A,1.9
10,15.179,ARG, ,O,48.47,1000.00,0.396,1.83,1.0,<Residue ARG het=  resseq=504 icode= >,2a07_F_A,1.9
11,24.169,ARG, ,CB,56.42,1000.00,0.0,1.12,1.0,<Residue ARG het=  resseq=504 icode= >,2a07_F_A,1.9
12,31.302,ARG, ,CG,62.39,1000.00,0.0,-0.66,1.0,<Residue ARG het=  resseq=504 icode= >,2a07_F_A,1.9
13,13.949,ARG, ,CD,66.48,1000.00,0.0,0.23,1.0,<Residue ARG het=  resseq=504 icode= >,2a07_F_A,1.9
14,16.496,ARG, ,NE,71.06,1000.00,0.0,0.61,1.0,<Residue ARG het=  resseq=504 icode= >,2a07_F_A,1.9
15,8.754,ARG, ,CZ,73.46,1000.00,0.0,0.17,1.0,<Residue ARG het=  resseq=504 icode= >,2a07_F_A,1.9
16,50.165,ARG, ,NH1,74.87,1000.00,0.0,0.28,1.0,<Residue ARG het=  resseq=504 icode= >,2a07_F_A,1.9
17,59.228,ARG, ,NH2,75.14,1000.00,0.0,-0.18,1.0,<Residue ARG het=  resseq=504 icode= >,2a07_F_A,1.9
18,0.0,PRO, ,N,43.96,1000.00,0.0,3.07,1.0,<Residue PRO het=  resseq=505 icode= >,2a07_F_A,1.9
19,3.729,PRO, ,CA,40.7,1000.00,0.0,2.63,1.0,<Residue PRO het=  resseq=505 icode= >,2a07_F_A,1.9
20,0.0,PRO, ,C,37.56,1000.00,0.0,2.91,1.0,<Residue PRO het=  resseq=505 icode= >,2a07_F_A,1.9
21,12.809,PRO, ,O,36.18,1000.00,0.367,2.73,1.0,<Residue PRO het=  resseq=505 icode= >,2a07_F_A,1.9
22,11.629,PRO, ,CB,41.25,1000.00,3.183,2.58,1.0,<Residue PRO het=  resseq=505 icode= >,2a07_F_A,1.9
23,36.823,PRO, ,CG,43.53,1000.00,0.0,1.41,1.0,<Residue PRO het=  resseq=505 icode= >,2a07_F_A,1.9
24,15.386,PRO, ,CD,44.33,1000.00,0.0,1.80,1.0,<Residue PRO het=  resseq=505 icode= >,2a07_F_A,1.9
25,0.0,PRO, ,N,34.57,18.24,0.0,3.67,1.0,<Residue PRO het=  resseq=506 icode= >,2a07_F_A,1.9
26,12.38,PRO, ,CA,32.45,17.08,12.052,3.56,1.0,<Residue PRO het=  resseq=506 icode= >,2a07_F_A,1.9
27,0.022,PRO, ,C,29.82,16.80,0.0,3.76,1.0,<Residue PRO het=  resseq=506 icode= >,2a07_F_A,1.9
28,20.309,PRO, ,O,29.86,16.51,12.676,3.25,1.0,<Residue PRO het=  resseq=506 icode= >,2a07_F_A,1.9
29,18.523,PRO, ,CB,33.82,16.02,18.305,2.42,1.0,<Residue PRO het=  resseq=506 icode= >,2a07_F_A,1.9
30,42.908,PRO, ,CG,36.14,16.93,40.19,1.41,1.0,<Residue PRO het=  resseq=506 icode= >,2a07_F_A,1.9
31,27.266,PRO, ,CD,35.66,17.99,18.457,1.69,1.0,<Residue PRO het=  resseq=506 icode= >,2a07_F_A,1.9
32,0.694,PHE, ,N,26.08,17.06,0.474,3.34,1.0,<Residue PHE het=  resseq=507 icode= >,2a07_F_A,1.9
33,0.081,PHE, ,CA,23.83,17.02,0.0,3.08,1.0,<Residue PHE het=  resseq=507 icode= >,2a07_F_A,1.9
34,0.733,PHE, ,C,22.43,18.27,0.733,4.25,1.0,<Residue PHE het=  resseq=507 icode= >,2a07_F_A,1.9
35,13.608,PHE, ,O,21.64,18.85,13.361,3.99,1.0,<Residue PHE het=  resseq=507 icode= >,2a07_F_A,1.9
36,11.852,PHE, ,CB,24.25,15.80,11.852,2.77,1.0,<Residue PHE het=  resseq=507 icode= >,2a07_F_A,1.9
37,1.793,PHE, ,CG,23.85,14.48,1.793,3.15,1.0,<Residue PHE het=  resseq=507 icode= >,2a07_F_A,1.9
38,14.085,PHE, ,CD1,24.38,13.88,13.855,3.08,1.0,<Residue PHE het=  resseq=507 icode= >,2a07_F_A,1.9
39,2.874,PHE, ,CD2,24.31,13.99,0.318,2.50,1.0,<Residue PHE het=  resseq=507 icode= >,2a07_F_A,1.9
40,17.46,PHE, ,CE1,24.07,12.73,17.46,3.26,1.0,<Residue PHE het=  resseq=507 icode= >,2a07_F_A,1.9
41,19.259,PHE, ,CE2,24.66,12.85,15.706,2.51,1.0,<Residue PHE het=  resseq=507 icode= >,2a07_F_A,1.9
42,27.072,PHE, ,CZ,24.03,12.19,27.072,3.25,1.0,<Residue PHE het=  resseq=507 icode= >,2a07_F_A,1.9
43,0.0,THR, ,N,20.0,1000.00,0.0,4.52,1.0,<Residue THR het=  resseq=508 icode= >,2a07_F_A,1.9
44,8.881,THR, ,CA,19.6,1000.00,6.81,3.38,1.0,<Residue THR het=  resseq=508 icode= >,2a07_F_A,1.9
45,0.453,THR, ,C,19.7,1000.00,0.453,4.78,1.0,<Residue THR het=  resseq=508 icode= >,2a07_F_A,1.9
46,0.0,THR, ,O,20.35,1000.00,0.0,5.00,1.0,<Residue THR het=  resseq=508 icode= >,2a07_F_A,1.9
47,13.701,THR, ,CB,19.32,1000.00,0.0,3.41,1.0,<Residue THR het=  resseq=508 icode= >,2a07_F_A,1.9
48,1.639,THR, ,OG1,20.12,1000.00,1.286,4.28,1.0,<Residue THR het=  resseq=508 icode= >,2a07_F_A,1.9
49,27.913,THR, ,CG2,20.56,1000.00,6.058,2.89,1.0,<Residue THR het=  resseq=508 icode= >,2a07_F_A,1.9
50,2.515,TYR, ,N,18.92,1000.00,1.219,4.57,1.0,<Residue TYR het=  resseq=509 icode= >,2a07_F_A,1.9
51,0.0,TYR, ,CA,18.37,1000.00,0.0,3.75,1.0,<Residue TYR het=  resseq=509 icode= >,2a07_F_A,1.9
52,0.0,TYR, ,C,19.93,1000.00,0.0,3.86,1.0,<Residue TYR het=  resseq=509 icode= >,2a07_F_A,1.9
53,0.0,TYR, ,O,17.85,1000.00,0.0,5.26,1.0,<Residue TYR het=  resseq=509 icode= >,2a07_F_A,1.9
54,16.699,TYR, ,CB,18.58,1000.00,16.326,2.91,1.0,<Residue TYR het=  resseq=509 icode= >,2a07_F_A,1.9
55,2.616,TYR, ,CG,17.78,1000.00,2.616,3.69,1.0,<Residue TYR het=  resseq=509 icode= >,2a07_F_A,1.9
56,24.327,TYR, ,CD1,16.36,1000.00,12.383,3.80,1.0,<Residue TYR het=  resseq=509 icode= >,2a07_F_A,1.9
57,8.806,TYR, ,CD2,18.44,1000.00,8.806,3.38,1.0,<Residue TYR het=  resseq=509 icode= >,2a07_F_A,1.9
58,34.633,TYR, ,CE1,18.25,1000.00,15.903,2.74,1.0,<Residue TYR het=  resseq=509 icode= >,2a07_F_A,1.9
59,17.996,TYR, ,CE2,18.64,1000.00,17.996,3.41,1.0,<Residue TYR het=  resseq=509 icode= >,2a07_F_A,1.9
60,10.322,TYR, ,CZ,19.4,1000.00,10.322,3.65,1.0,<Residue TYR het=  resseq=509 icode= >,2a07_F_A,1.9
61,41.133,TYR, ,OH,17.56,1000.00,39.706,4.06,1.0,<Residue TYR het=  resseq=509 icode= >,2a07_F_A,1.9
62,2.656,ALA, ,N,18.13,1000.00,2.298,4.64,1.0,<Residue ALA het=  resseq=510 icode= >,2a07_F_A,1.9
63,5.856,ALA, ,CA,20.5,1000.00,5.856,3.44,1.0,<Residue ALA het=  resseq=510 icode= >,2a07_F_A,1.9
64,1.389,ALA, ,C,19.71,1000.00,1.389,4.52,1.0,<Residue ALA het=  resseq=510 icode= >,2a07_F_A,1.9
65,4.046,ALA, ,O,21.68,1000.00,4.046,4.58,1.0,<Residue ALA het=  resseq=510 icode= >,2a07_F_A,1.9
66,57.801,ALA, ,CB,21.21,1000.00,43.813,2.10,1.0,<Residue ALA het=  resseq=510 icode= >,2a07_F_A,1.9
67,0.0,THR, ,N,19.25,1000.00,0.0,4.96,1.0,<Residue THR het=  resseq=511 icode= >,2a07_F_A,1.9
68,2.228,THR, ,CA,20.61,1000.00,2.228,4.02,1.0,<Residue THR het=  resseq=511 icode= >,2a07_F_A,1.9
69,0.585,THR, ,C,20.48,1000.00,0.0,4.70,1.0,<Residue THR het=  resseq=511 icode= >,2a07_F_A,1.9
70,2.56,THR, ,O,19.64,1000.00,0.0,4.81,1.0,<Residue THR het=  resseq=511 icode= >,2a07_F_A,1.9
71,15.623,THR, ,CB,21.5,1000.00,0.819,4.33,1.0,<Residue THR het=  resseq=511 icode= >,2a07_F_A,1.9
72,0.086,THR, ,OG1,21.53,1000.00,0.0,4.33,1.0,<Residue THR het=  resseq=511 icode= >,2a07_F_A,1.9
73,45.651,THR, ,CG2,22.62,1000.00,30.879,2.98,1.0,<Residue THR het=  resseq=511 icode= >,2a07_F_A,1.9
74,0.0,LEU, ,N,20.73,17.84,0.0,4.29,1.0,<Residue LEU het=  resseq=512 icode= >,2a07_F_A,1.9
75,0.0,LEU, ,CA,19.8,16.89,0.0,3.34,1.0,<Residue LEU het=  resseq=512 icode= >,2a07_F_A,1.9
76,0.0,LEU, ,C,20.25,17.54,0.0,4.44,1.0,<Residue LEU het=  resseq=512 icode= >,2a07_F_A,1.9
77,0.0,LEU, ,O,18.64,16.95,0.0,4.87,1.0,<Residue LEU het=  resseq=512 icode= >,2a07_F_A,1.9
78,0.0,LEU, ,CB,19.68,16.58,0.0,3.55,1.0,<Residue LEU het=  resseq=512 icode= >,2a07_F_A,1.9
79,0.0,LEU, ,CG,21.49,15.76,0.0,3.71,1.0,<Residue LEU het=  resseq=512 icode= >,2a07_F_A,1.9
80,13.673,LEU, ,CD1,22.09,15.96,13.673,3.04,1.0,<Residue LEU het=  resseq=512 icode= >,2a07_F_A,1.9
81,4.81,LEU, ,CD2,21.16,14.30,4.652,2.68,1.0,<Residue LEU het=  resseq=512 icode= >,2a07_F_A,1.9
82,0.0,ILE, ,N,18.42,1000.00,0.0,4.25,1.0,<Residue ILE het=  resseq=513 icode= >,2a07_F_A,1.9
83,0.0,ILE, ,CA,20.06,1000.00,0.0,3.58,1.0,<Residue ILE het=  resseq=513 icode= >,2a07_F_A,1.9
84,0.0,ILE, ,C,21.17,1000.00,0.0,4.14,1.0,<Residue ILE het=  resseq=513 icode= >,2a07_F_A,1.9
85,0.0,ILE, ,O,21.87,1000.00,0.0,4.05,1.0,<Residue ILE het=  resseq=513 icode= >,2a07_F_A,1.9
86,1.116,ILE, ,CB,19.99,1000.00,1.116,3.14,1.0,<Residue ILE het=  resseq=513 icode= >,2a07_F_A,1.9
87,0.291,ILE, ,CG1,22.86,1000.00,0.291,2.90,1.0,<Residue ILE het=  resseq=513 icode= >,2a07_F_A,1.9
88,19.987,ILE, ,CG2,19.91,1000.00,19.987,2.56,1.0,<Residue ILE het=  resseq=513 icode= >,2a07_F_A,1.9
89,47.775,ILE, ,CD1,22.0,1000.00,47.775,2.47,1.0,<Residue ILE het=  resseq=513 icode= >,2a07_F_A,1.9
90,0.258,ARG, ,N,21.91,1000.00,0.258,4.33,1.0,<Residue ARG het=  resseq=514 icode= >,2a07_F_A,1.9
91,4.878,ARG, ,CA,23.18,1000.00,4.878,3.17,1.0,<Residue ARG het=  resseq=514 icode= >,2a07_F_A,1.9
92,0.0,ARG, ,C,23.96,1000.00,0.0,4.10,1.0,<Residue ARG het=  resseq=514 icode= >,2a07_F_A,1.9
93,0.0,ARG, ,O,23.53,1000.00,0.0,3.91,1.0,<Residue ARG het=  resseq=514 icode= >,2a07_F_A,1.9
94,9.932,ARG, ,CB,23.95,1000.00,9.932,2.76,1.0,<Residue ARG het=  resseq=514 icode= >,2a07_F_A,1.9
95,4.415,ARG, ,CG,27.22,1000.00,4.415,3.20,1.0,<Residue ARG het=  resseq=514 icode= >,2a07_F_A,1.9
96,32.12,ARG, ,CD,30.61,1000.00,32.12,2.33,1.0,<Residue ARG het=  resseq=514 icode= >,2a07_F_A,1.9
97,15.017,ARG, ,NE,34.01,1000.00,15.017,2.08,1.0,<Residue ARG het=  resseq=514 icode= >,2a07_F_A,1.9
98,4.365,ARG, ,CZ,36.05,1000.00,3.79,2.46,1.0,<Residue ARG het=  resseq=514 icode= >,2a07_F_A,1.9
99,35.982,ARG, ,NH1,35.36,1000.00,5.13,2.05,1.0,<Residue ARG het=  resseq=514 icode= >,2a07_F_A,1.9
100,39.019,ARG, ,NH2,35.8,1000.00,14.894,1.78,1.0,<Residue ARG het=  resseq=514 icode= >,2a07_F_A,1.9
101,0.0,GLN, ,N,24.62,17.85,0.0,3.75,1.0,<Residue GLN het=  resseq=515 icode= >,2a07_F_A,1.9
102,1.508,GLN, ,CA,26.2,16.67,0.0,3.45,1.0,<Residue GLN het=  resseq=515 icode= >,2a07_F_A,1.9
103,0.0,GLN, ,C,27.44,15.76,0.0,4.12,1.0,<Residue GLN het=  resseq=515 icode= >,2a07_F_A,1.9
104,0.0,GLN, ,O,28.44,14.86,0.0,3.39,1.0,<Residue GLN het=  resseq=515 icode= >,2a07_F_A,1.9
105,3.571,GLN, ,CB,26.14,15.42,0.0,2.80,1.0,<Residue GLN het=  resseq=515 icode= >,2a07_F_A,1.9
106,11.865,GLN, ,CG,28.05,14.25,0.0,2.52,1.0,<Residue GLN het=  resseq=515 icode= >,2a07_F_A,1.9
107,5.048,GLN, ,CD,30.23,13.00,0.066,2.98,1.0,<Residue GLN het=  resseq=515 icode= >,2a07_F_A,1.9
108,12.14,GLN, ,OE1,29.81,13.18,2.862,2.72,1.0,<Residue GLN het=  resseq=515 icode= >,2a07_F_A,1.9
109,32.65,GLN, ,NE2,30.99,11.83,28.495,1.84,1.0,<Residue GLN het=  resseq=515 icode= >,2a07_F_A,1.9
110,0.0,ALA, ,N,27.07,16.02,0.0,4.44,1.0,<Residue ALA het=  resseq=516 icode= >,2a07_F_A,1.9
111,0.0,ALA, ,CA,28.54,15.27,0.0,3.33,1.0,<Residue ALA het=  resseq=516 icode= >,2a07_F_A,1.9
112,0.0,ALA, ,C,30.51,15.33,0.0,3.39,1.0,<Residue ALA het=  resseq=516 icode= >,2a07_F_A,1.9
113,2.326,ALA, ,O,29.1,14.40,0.0,3.44,1.0,<Residue ALA het=  resseq=516 icode= >,2a07_F_A,1.9
114,0.0,ALA, ,CB,28.61,15.98,0.0,2.20,1.0,<Residue ALA het=  resseq=516 icode= >,2a07_F_A,1.9
115,0.0,ILE, ,N,31.28,16.55,0.0,3.19,1.0,<Residue ILE het=  resseq=517 icode= >,2a07_F_A,1.9
116,0.0,ILE, ,CA,33.66,16.91,0.0,2.49,1.0,<Residue ILE het=  resseq=517 icode= >,2a07_F_A,1.9
117,0.0,ILE, ,C,35.2,16.39,0.0,3.89,1.0,<Residue ILE het=  resseq=517 icode= >,2a07_F_A,1.9
118,0.0,ILE, ,O,35.98,16.02,0.0,3.01,1.0,<Residue ILE het=  resseq=517 icode= >,2a07_F_A,1.9
119,0.924,ILE, ,CB,33.31,18.45,0.924,2.66,1.0,<Residue ILE het=  resseq=517 icode= >,2a07_F_A,1.9
120,0.0,ILE, ,CG1,33.43,19.08,0.0,2.54,1.0,<Residue ILE het=  resseq=517 icode= >,2a07_F_A,1.9
121,16.763,ILE, ,CG2,32.77,18.94,15.021,1.68,1.0,<Residue ILE het=  resseq=517 icode= >,2a07_F_A,1.9
122,35.074,ILE, ,CD1,32.08,20.58,35.074,1.83,1.0,<Residue ILE het=  resseq=517 icode= >,2a07_F_A,1.9
123,0.0,MET, ,N,37.67,16.49,0.0,4.21,1.0,<Residue MET het=  resseq=518 icode= >,2a07_F_A,1.9
124,0.0,MET, ,CA,42.02,16.20,0.0,3.07,1.0,<Residue MET het=  resseq=518 icode= >,2a07_F_A,1.9
125,0.659,MET, ,C,44.17,14.74,0.0,2.33,1.0,<Residue MET het=  resseq=518 icode= >,2a07_F_A,1.9
126,8.754,MET, ,O,44.67,14.51,0.0,1.76,1.0,<Residue MET het=  resseq=518 icode= >,2a07_F_A,1.9
127,7.267,MET, ,CB,44.71,16.83,0.0,2.12,1.0,<Residue MET het=  resseq=518 icode= >,2a07_F_A,1.9
128,9.864,MET, ,CG,48.88,18.34,6.407,1.28,1.0,<Residue MET het=  resseq=518 icode= >,2a07_F_A,1.9
129,5.291,MET, ,SD,54.84,19.16,0.924,1.50,1.0,<Residue MET het=  resseq=518 icode= >,2a07_F_A,1.9
130,37.498,MET, ,CE,50.4,19.28,8.064,-0.27,1.0,<Residue MET het=  resseq=518 icode= >,2a07_F_A,1.9
131,0.0,GLU, ,N,44.73,13.85,0.0,2.71,1.0,<Residue GLU het=  resseq=519 icode= >,2a07_F_A,1.9
132,7.209,GLU, ,CA,45.94,12.43,0.0,2.89,1.0,<Residue GLU het=  resseq=519 icode= >,2a07_F_A,1.9
133,2.387,GLU, ,C,46.34,11.88,0.0,3.02,1.0,<Residue GLU het=  resseq=519 icode= >,2a07_F_A,1.9
134,27.301,GLU, ,O,47.05,10.77,0.0,1.61,1.0,<Residue GLU het=  resseq=519 icode= >,2a07_F_A,1.9
135,12.523,GLU, ,CB,46.51,11.79,0.0,1.87,1.0,<Residue GLU het=  resseq=519 icode= >,2a07_F_A,1.9
136,20.334,GLU, ,CG,48.73,12.38,0.0,1.19,1.0,<Residue GLU het=  resseq=519 icode= >,2a07_F_A,1.9
137,7.965,GLU, ,CD,49.43,12.00,2.529,2.36,1.0,<Residue GLU het=  resseq=519 icode= >,2a07_F_A,1.9
138,19.063,GLU, ,OE1,50.23,11.21,12.485,1.80,1.0,<Residue GLU het=  resseq=519 icode= >,2a07_F_A,1.9
139,17.321,GLU, ,OE2,49.46,11.87,3.903,1.59,1.0,<Residue GLU het=  resseq=519 icode= >,2a07_F_A,1.9
140,0.005,SER, ,N,47.09,12.78,0.0,2.41,1.0,<Residue SER het=  resseq=520 icode= >,2a07_F_A,1.9
141,9.431,SER, ,CA,47.76,12.61,0.0,2.52,1.0,<Residue SER het=  resseq=520 icode= >,2a07_F_A,1.9
142,0.35,SER, ,C,48.85,12.74,0.0,2.30,1.0,<Residue SER het=  resseq=520 icode= >,2a07_F_A,1.9
143,7.008,SER, ,O,48.31,13.34,0.0,2.60,1.0,<Residue SER het=  resseq=520 icode= >,2a07_F_A,1.9
144,5.708,SER, ,CB,46.99,13.77,0.0,2.41,1.0,<Residue SER het=  resseq=520 icode= >,2a07_F_A,1.9
145,0.0,SER, ,OG,47.56,15.00,0.0,1.90,1.0,<Residue SER het=  resseq=520 icode= >,2a07_F_A,1.9
146,6.541,SER, ,N,49.81,12.39,0.0,1.84,1.0,<Residue SER het=  resseq=521 icode= >,2a07_F_A,1.9
147,12.105,SER, ,CA,50.84,12.68,0.0,1.77,1.0,<Residue SER het=  resseq=521 icode= >,2a07_F_A,1.9
148,0.038,SER, ,C,51.25,14.13,0.0,1.80,1.0,<Residue SER het=  resseq=521 icode= >,2a07_F_A,1.9
149,25.655,SER, ,O,51.28,14.46,0.0,1.70,1.0,<Residue SER het=  resseq=521 icode= >,2a07_F_A,1.9
150,33.258,SER, ,CB,51.44,12.52,0.0,1.20,1.0,<Residue SER het=  resseq=521 icode= >,2a07_F_A,1.9
151,38.98,SER, ,OG,52.99,11.21,0.0,1.14,1.0,<Residue SER het=  resseq=521 icode= >,2a07_F_A,1.9
152,1.646,ASP, ,N,51.21,15.08,0.0,1.86,1.0,<Residue ASP het=  resseq=522 icode= >,2a07_F_A,1.9
153,7.403,ASP, ,CA,50.84,15.82,0.0,2.49,1.0,<Residue ASP het=  resseq=522 icode= >,2a07_F_A,1.9
154,1.321,ASP, ,C,50.95,17.23,0.0,2.29,1.0,<Residue ASP het=  resseq=522 icode= >,2a07_F_A,1.9
155,10.38,ASP, ,O,50.05,17.94,0.0,2.20,1.0,<Residue ASP het=  resseq=522 icode= >,2a07_F_A,1.9
156,12.467,ASP, ,CB,52.58,15.41,0.0,1.29,1.0,<Residue ASP het=  resseq=522 icode= >,2a07_F_A,1.9
157,12.472,ASP, ,CG,53.99,13.92,0.0,0.86,1.0,<Residue ASP het=  resseq=522 icode= >,2a07_F_A,1.9
158,38.495,ASP, ,OD1,55.3,13.60,0.0,0.49,1.0,<Residue ASP het=  resseq=522 icode= >,2a07_F_A,1.9
159,20.349,ASP, ,OD2,54.77,13.16,0.0,0.89,1.0,<Residue ASP het=  resseq=522 icode= >,2a07_F_A,1.9
160,0.0,ARG, ,N,50.02,16.57,0.0,1.73,1.0,<Residue ARG het=  resseq=523 icode= >,2a07_F_A,1.9
161,0.0,ARG, ,CA,49.36,17.36,0.0,1.92,1.0,<Residue ARG het=  resseq=523 icode= >,2a07_F_A,1.9
162,0.0,ARG, ,C,47.2,18.34,0.0,3.01,1.0,<Residue ARG het=  resseq=523 icode= >,2a07_F_A,1.9
163,15.626,ARG, ,O,45.4,19.52,10.234,3.37,1.0,<Residue ARG het=  resseq=523 icode= >,2a07_F_A,1.9
164,16.284,ARG, ,CB,52.37,18.21,0.0,1.57,1.0,<Residue ARG het=  resseq=523 icode= >,2a07_F_A,1.9
165,18.111,ARG, ,CG,56.06,17.49,0.0,1.80,1.0,<Residue ARG het=  resseq=523 icode= >,2a07_F_A,1.9
166,12.855,ARG, ,CD,59.9,17.79,0.0,0.91,1.0,<Residue ARG het=  resseq=523 icode= >,2a07_F_A,1.9
167,11.459,ARG, ,NE,63.15,17.25,0.0,1.04,1.0,<Residue ARG het=  resseq=523 icode= >,2a07_F_A,1.9
168,4.579,ARG, ,CZ,64.53,17.63,0.0,0.96,1.0,<Residue ARG het=  resseq=523 icode= >,2a07_F_A,1.9
169,16.635,ARG, ,NH1,65.36,18.51,0.0,0.30,1.0,<Residue ARG het=  resseq=523 icode= >,2a07_F_A,1.9
170,53.799,ARG, ,NH2,65.86,17.25,0.0,-0.18,1.0,<Residue ARG het=  resseq=523 icode= >,2a07_F_A,1.9
171,0.0,GLN, ,N,44.86,17.92,0.0,3.07,1.0,<Residue GLN het=  resseq=524 icode= >,2a07_F_A,1.9
172,2.451,GLN, ,CA,43.39,18.88,2.451,2.64,1.0,<Residue GLN het=  resseq=524 icode= >,2a07_F_A,1.9
173,0.62,GLN, ,C,42.29,18.23,0.62,2.35,1.0,<Residue GLN het=  resseq=524 icode= >,2a07_F_A,1.9
174,9.213,GLN, ,O,41.57,17.35,0.596,2.49,1.0,<Residue GLN het=  resseq=524 icode= >,2a07_F_A,1.9
175,20.778,GLN, ,CB,44.38,19.91,20.745,2.16,1.0,<Residue GLN het=  resseq=524 icode= >,2a07_F_A,1.9
176,1.988,GLN, ,CG,46.1,19.42,0.671,0.67,1.0,<Residue GLN het=  resseq=524 icode= >,2a07_F_A,1.9
177,4.718,GLN, ,CD,46.77,20.61,3.13,2.18,1.0,<Residue GLN het=  resseq=524 icode= >,2a07_F_A,1.9
178,35.263,GLN, ,OE1,46.78,21.55,11.024,1.90,1.0,<Residue GLN het=  resseq=524 icode= >,2a07_F_A,1.9
179,51.54,GLN, ,NE2,46.65,20.65,23.941,1.33,1.0,<Residue GLN het=  resseq=524 icode= >,2a07_F_A,1.9
180,2.128,LEU, ,N,39.67,1000.00,2.128,2.40,1.0,<Residue LEU het=  resseq=525 icode= >,2a07_F_A,1.9
181,1.73,LEU, ,CA,36.74,1000.00,1.545,2.69,1.0,<Residue LEU het=  resseq=525 icode= >,2a07_F_A,1.9
182,3.568,LEU, ,C,35.35,1000.00,3.568,3.94,1.0,<Residue LEU het=  resseq=525 icode= >,2a07_F_A,1.9
183,19.777,LEU, ,O,33.52,1000.00,19.777,3.68,1.0,<Residue LEU het=  resseq=525 icode= >,2a07_F_A,1.9
184,0.0,LEU, ,CB,35.91,1000.00,0.0,2.13,1.0,<Residue LEU het=  resseq=525 icode= >,2a07_F_A,1.9
185,0.0,LEU, ,CG,35.98,1000.00,0.0,2.43,1.0,<Residue LEU het=  resseq=525 icode= >,2a07_F_A,1.9
186,3.937,LEU, ,CD1,33.38,1000.00,0.0,2.37,1.0,<Residue LEU het=  resseq=525 icode= >,2a07_F_A,1.9
187,15.512,LEU, ,CD2,35.51,1000.00,0.0,1.58,1.0,<Residue LEU het=  resseq=525 icode= >,2a07_F_A,1.9
188,0.0,THR, ,N,34.72,1000.00,0.0,3.10,1.0,<Residue THR het=  resseq=526 icode= >,2a07_F_A,1.9
189,8.43,THR, ,CA,34.77,1000.00,8.43,2.01,1.0,<Residue THR het=  resseq=526 icode= >,2a07_F_A,1.9
190,0.094,THR, ,C,33.67,1000.00,0.094,3.62,1.0,<Residue THR het=  resseq=526 icode= >,2a07_F_A,1.9
191,0.0,THR, ,O,32.89,1000.00,0.0,3.59,1.0,<Residue THR het=  resseq=526 icode= >,2a07_F_A,1.9
192,11.283,THR, ,CB,35.16,1000.00,2.616,2.50,1.0,<Residue THR het=  resseq=526 icode= >,2a07_F_A,1.9
193,3.888,THR, ,OG1,34.42,1000.00,0.0,2.63,1.0,<Residue THR het=  resseq=526 icode= >,2a07_F_A,1.9
194,60.683,THR, ,CG2,36.23,1000.00,27.603,1.38,1.0,<Residue THR het=  resseq=526 icode= >,2a07_F_A,1.9
195,8.893,LEU, ,N,33.97,1000.00,6.038,3.23,1.0,<Residue LEU het=  resseq=527 icode= >,2a07_F_A,1.9
196,1.411,LEU, ,CA,33.92,1000.00,1.411,2.86,1.0,<Residue LEU het=  resseq=527 icode= >,2a07_F_A,1.9
197,0.0,LEU, ,C,33.84,1000.00,0.0,3.68,1.0,<Residue LEU het=  resseq=527 icode= >,2a07_F_A,1.9
198,0.0,LEU, ,O,32.95,1000.00,0.0,3.17,1.0,<Residue LEU het=  resseq=527 icode= >,2a07_F_A,1.9
199,18.411,LEU, ,CB,34.13,1000.00,6.782,2.59,1.0,<Residue LEU het=  resseq=527 icode= >,2a07_F_A,1.9
200,0.0,LEU, ,CG,34.12,1000.00,0.0,3.37,1.0,<Residue LEU het=  resseq=527 icode= >,2a07_F_A,1.9
201,31.77,LEU, ,CD1,35.74,1000.00,30.661,1.90,1.0,<Residue LEU het=  resseq=527 icode= >,2a07_F_A,1.9
202,48.051,LEU, ,CD2,35.74,1000.00,10.695,1.39,1.0,<Residue LEU het=  resseq=527 icode= >,2a07_F_A,1.9
203,0.738,ASN, ,N,33.12,1000.00,0.0,3.64,1.0,<Residue ASN het=  resseq=528 icode= >,2a07_F_A,1.9
204,0.217,ASN, ,CA,33.64,1000.00,0.0,2.76,1.0,<Residue ASN het=  resseq=528 icode= >,2a07_F_A,1.9
205,0.776,ASN, ,C,32.21,1000.00,0.0,3.39,1.0,<Residue ASN het=  resseq=528 icode= >,2a07_F_A,1.9
206,1.326,ASN, ,O,32.16,1000.00,0.0,2.80,1.0,<Residue ASN het=  resseq=528 icode= >,2a07_F_A,1.9
207,20.323,ASN, ,CB,36.76,1000.00,0.0,2.05,1.0,<Residue ASN het=  resseq=528 icode= >,2a07_F_A,1.9
208,5.823,ASN, ,CG,40.13,1000.00,0.0,2.01,1.0,<Residue ASN het=  resseq=528 icode= >,2a07_F_A,1.9
209,22.667,ASN, ,OD1,43.44,1000.00,0.0,1.27,1.0,<Residue ASN het=  resseq=528 icode= >,2a07_F_A,1.9
210,58.957,ASN, ,ND2,43.3,1000.00,0.0,0.74,1.0,<Residue ASN het=  resseq=528 icode= >,2a07_F_A,1.9
211,0.0,GLU, ,N,30.62,17.29,0.0,3.53,1.0,<Residue GLU het=  resseq=529 icode= >,2a07_F_A,1.9
212,0.498,GLU, ,CA,29.55,16.08,0.0,3.12,1.0,<Residue GLU het=  resseq=529 icode= >,2a07_F_A,1.9
213,0.0,GLU, ,C,28.53,15.90,0.0,3.49,1.0,<Residue GLU het=  resseq=529 icode= >,2a07_F_A,1.9
214,2.302,GLU, ,O,26.11,14.80,0.0,3.88,1.0,<Residue GLU het=  resseq=529 icode= >,2a07_F_A,1.9
215,0.967,GLU, ,CB,32.84,16.31,0.0,1.61,1.0,<Residue GLU het=  resseq=529 icode= >,2a07_F_A,1.9
216,28.47,GLU, ,CG,34.9,15.85,0.0,1.70,1.0,<Residue GLU het=  resseq=529 icode= >,2a07_F_A,1.9
217,5.543,GLU, ,CD,37.09,16.15,0.0,2.88,1.0,<Residue GLU het=  resseq=529 icode= >,2a07_F_A,1.9
218,6.359,GLU, ,OE1,36.44,16.96,0.118,2.56,1.0,<Residue GLU het=  resseq=529 icode= >,2a07_F_A,1.9
219,40.927,GLU, ,OE2,39.56,15.43,0.0,1.53,1.0,<Residue GLU het=  resseq=529 icode= >,2a07_F_A,1.9
220,0.0,ILE, ,N,26.51,17.05,0.0,3.38,1.0,<Residue ILE het=  resseq=530 icode= >,2a07_F_A,1.9
221,0.0,ILE, ,CA,23.72,17.17,0.0,3.68,1.0,<Residue ILE het=  resseq=530 icode= >,2a07_F_A,1.9
222,0.0,ILE, ,C,23.74,16.73,0.0,4.92,1.0,<Residue ILE het=  resseq=530 icode= >,2a07_F_A,1.9
223,0.0,ILE, ,O,21.24,16.17,0.0,5.01,1.0,<Residue ILE het=  resseq=530 icode= >,2a07_F_A,1.9
224,0.0,ILE, ,CB,23.94,18.66,0.0,3.17,1.0,<Residue ILE het=  resseq=530 icode= >,2a07_F_A,1.9
225,0.0,ILE, ,CG1,22.3,19.15,0.0,2.58,1.0,<Residue ILE het=  resseq=530 icode= >,2a07_F_A,1.9
226,7.478,ILE, ,CG2,22.1,18.95,7.478,2.92,1.0,<Residue ILE het=  resseq=530 icode= >,2a07_F_A,1.9
227,19.031,ILE, ,CD1,26.07,20.64,19.031,1.76,1.0,<Residue ILE het=  resseq=530 icode= >,2a07_F_A,1.9
228,0.0,TYR, ,N,25.39,17.12,0.0,3.41,1.0,<Residue TYR het=  resseq=531 icode= >,2a07_F_A,1.9
229,1.005,TYR, ,CA,27.19,16.92,1.005,3.02,1.0,<Residue TYR het=  resseq=531 icode= >,2a07_F_A,1.9
230,0.292,TYR, ,C,26.94,15.45,0.0,3.81,1.0,<Residue TYR het=  resseq=531 icode= >,2a07_F_A,1.9
231,0.827,TYR, ,O,26.96,15.08,0.827,4.00,1.0,<Residue TYR het=  resseq=531 icode= >,2a07_F_A,1.9
232,15.639,TYR, ,CB,28.27,17.70,7.134,2.50,1.0,<Residue TYR het=  resseq=531 icode= >,2a07_F_A,1.9
233,1.934,TYR, ,CG,30.25,19.20,1.934,3.17,1.0,<Residue TYR het=  resseq=531 icode= >,2a07_F_A,1.9
234,15.733,TYR, ,CD1,31.39,20.07,8.743,2.32,1.0,<Residue TYR het=  resseq=531 icode= >,2a07_F_A,1.9
235,9.716,TYR, ,CD2,31.31,19.82,9.716,2.49,1.0,<Residue TYR het=  resseq=531 icode= >,2a07_F_A,1.9
236,22.546,TYR, ,CE1,34.31,21.44,8.473,1.52,1.0,<Residue TYR het=  resseq=531 icode= >,2a07_F_A,1.9
237,22.232,TYR, ,CE2,32.58,21.21,22.232,2.24,1.0,<Residue TYR het=  resseq=531 icode= >,2a07_F_A,1.9
238,4.873,TYR, ,CZ,33.36,21.98,4.873,3.21,1.0,<Residue TYR het=  resseq=531 icode= >,2a07_F_A,1.9
239,30.289,TYR, ,OH,36.27,23.35,29.367,2.11,1.0,<Residue TYR het=  resseq=531 icode= >,2a07_F_A,1.9
240,0.03,SER, ,N,26.86,14.72,0.0,3.52,1.0,<Residue SER het=  resseq=532 icode= >,2a07_F_A,1.9
241,6.233,SER, ,CA,27.21,13.31,0.0,2.94,1.0,<Residue SER het=  resseq=532 icode= >,2a07_F_A,1.9
242,0.0,SER, ,C,24.81,12.57,0.0,4.03,1.0,<Residue SER het=  resseq=532 icode= >,2a07_F_A,1.9
243,0.335,SER, ,O,24.03,11.73,0.0,3.84,1.0,<Residue SER het=  resseq=532 icode= >,2a07_F_A,1.9
244,15.492,SER, ,CB,30.2,12.86,0.0,2.12,1.0,<Residue SER het=  resseq=532 icode= >,2a07_F_A,1.9
245,25.88,SER, ,OG,35.87,13.75,0.0,1.68,1.0,<Residue SER het=  resseq=532 icode= >,2a07_F_A,1.9
246,0.0,TRP, ,N,22.16,13.03,0.0,4.17,1.0,<Residue TRP het=  resseq=533 icode= >,2a07_F_A,1.9
247,0.0,TRP, ,CA,20.88,12.63,0.0,3.31,1.0,<Residue TRP het=  resseq=533 icode= >,2a07_F_A,1.9
248,0.0,TRP, ,C,19.31,13.08,0.0,4.80,1.0,<Residue TRP het=  resseq=533 icode= >,2a07_F_A,1.9
249,0.064,TRP, ,O,17.71,12.44,0.0,5.14,1.0,<Residue TRP het=  resseq=533 icode= >,2a07_F_A,1.9
250,0.767,TRP, ,CB,20.49,13.46,0.0,3.70,1.0,<Residue TRP het=  resseq=533 icode= >,2a07_F_A,1.9
251,0.0,TRP, ,CG,21.54,13.21,0.0,3.76,1.0,<Residue TRP het=  resseq=533 icode= >,2a07_F_A,1.9
252,14.737,TRP, ,CD1,22.53,12.44,0.0,3.10,1.0,<Residue TRP het=  resseq=533 icode= >,2a07_F_A,1.9
253,0.0,TRP, ,CD2,20.84,13.92,0.0,3.99,1.0,<Residue TRP het=  resseq=533 icode= >,2a07_F_A,1.9
254,12.128,TRP, ,NE1,23.26,12.62,6.812,3.59,1.0,<Residue TRP het=  resseq=533 icode= >,2a07_F_A,1.9
255,0.375,TRP, ,CE2,21.51,13.47,0.347,3.83,1.0,<Residue TRP het=  resseq=533 icode= >,2a07_F_A,1.9
256,0.0,TRP, ,CE3,22.23,14.74,0.0,2.92,1.0,<Residue TRP het=  resseq=533 icode= >,2a07_F_A,1.9
257,5.569,TRP, ,CZ2,21.76,13.03,5.569,2.77,1.0,<Residue TRP het=  resseq=533 icode= >,2a07_F_A,1.9
258,0.0,TRP, ,CZ3,19.88,14.33,0.0,3.59,1.0,<Residue TRP het=  resseq=533 icode= >,2a07_F_A,1.9
259,1.274,TRP, ,CH2,23.75,13.48,1.274,2.54,1.0,<Residue TRP het=  resseq=533 icode= >,2a07_F_A,1.9
260,0.0,PHE, ,N,18.34,14.31,0.0,4.50,1.0,<Residue PHE het=  resseq=534 icode= >,2a07_F_A,1.9
261,0.0,PHE, ,CA,19.25,14.98,0.0,4.11,1.0,<Residue PHE het=  resseq=534 icode= >,2a07_F_A,1.9
262,0.451,PHE, ,C,18.71,14.38,0.451,5.06,1.0,<Residue PHE het=  resseq=534 icode= >,2a07_F_A,1.9
263,0.0,PHE, ,O,20.16,14.40,0.0,4.64,1.0,<Residue PHE het=  resseq=534 icode= >,2a07_F_A,1.9
264,11.802,PHE, ,CB,19.04,16.45,11.802,3.10,1.0,<Residue PHE het=  resseq=534 icode= >,2a07_F_A,1.9
265,2.345,PHE, ,CG,18.37,17.35,2.345,4.42,1.0,<Residue PHE het=  resseq=534 icode= >,2a07_F_A,1.9
266,8.584,PHE, ,CD1,18.53,17.44,8.584,3.01,1.0,<Residue PHE het=  resseq=534 icode= >,2a07_F_A,1.9
267,0.887,PHE, ,CD2,17.51,17.51,0.887,3.99,1.0,<Residue PHE het=  resseq=534 icode= >,2a07_F_A,1.9
268,3.222,PHE, ,CE1,21.18,17.86,3.222,2.77,1.0,<Residue PHE het=  resseq=534 icode= >,2a07_F_A,1.9
269,1.415,PHE, ,CE2,18.75,18.12,1.415,3.25,1.0,<Residue PHE het=  resseq=534 icode= >,2a07_F_A,1.9
270,2.099,PHE, ,CZ,19.59,18.20,2.099,3.37,1.0,<Residue PHE het=  resseq=534 icode= >,2a07_F_A,1.9
271,0.661,THR, ,N,20.83,14.01,0.661,4.30,1.0,<Residue THR het=  resseq=535 icode= >,2a07_F_A,1.9
272,7.549,THR, ,CA,22.49,13.61,6.079,2.79,1.0,<Residue THR het=  resseq=535 icode= >,2a07_F_A,1.9
273,0.0,THR, ,C,23.03,12.42,0.0,4.04,1.0,<Residue THR het=  resseq=535 icode= >,2a07_F_A,1.9
274,1.506,THR, ,O,23.13,12.59,0.0,4.49,1.0,<Residue THR het=  resseq=535 icode= >,2a07_F_A,1.9
275,2.392,THR, ,CB,25.03,13.41,0.0,2.61,1.0,<Residue THR het=  resseq=535 icode= >,2a07_F_A,1.9
276,23.608,THR, ,OG1,23.62,14.70,13.258,3.96,1.0,<Residue THR het=  resseq=535 icode= >,2a07_F_A,1.9
277,57.964,THR, ,CG2,26.48,13.10,0.429,1.72,1.0,<Residue THR het=  resseq=535 icode= >,2a07_F_A,1.9
278,0.0,ARG, ,N,23.07,11.37,0.0,4.75,1.0,<Residue ARG het=  resseq=536 icode= >,2a07_F_A,1.9
279,4.397,ARG, ,CA,24.77,10.22,0.0,3.55,1.0,<Residue ARG het=  resseq=536 icode= >,2a07_F_A,1.9
280,0.791,ARG, ,C,24.05,10.79,0.0,4.34,1.0,<Residue ARG het=  resseq=536 icode= >,2a07_F_A,1.9
281,5.149,ARG, ,O,23.7,10.20,0.0,4.07,1.0,<Residue ARG het=  resseq=536 icode= >,2a07_F_A,1.9
282,14.356,ARG, ,CB,28.06,9.19,0.0,2.59,1.0,<Residue ARG het=  resseq=536 icode= >,2a07_F_A,1.9
283,19.163,ARG, ,CG,33.01,8.67,0.0,2.23,1.0,<Residue ARG het=  resseq=536 icode= >,2a07_F_A,1.9
284,34.651,ARG, ,CD,37.35,7.68,0.0,1.48,1.0,<Residue ARG het=  resseq=536 icode= >,2a07_F_A,1.9
285,11.481,ARG, ,NE,39.65,8.47,0.0,1.90,1.0,<Residue ARG het=  resseq=536 icode= >,2a07_F_A,1.9
286,4.477,ARG, ,CZ,40.97,9.20,0.0,1.74,1.0,<Residue ARG het=  resseq=536 icode= >,2a07_F_A,1.9
287,29.079,ARG, ,NH1,40.57,9.29,0.0,1.32,1.0,<Residue ARG het=  resseq=536 icode= >,2a07_F_A,1.9
288,26.718,ARG, ,NH2,40.04,10.07,0.0,1.50,1.0,<Residue ARG het=  resseq=536 icode= >,2a07_F_A,1.9
289,0.0,THR, ,N,21.93,11.53,0.0,4.16,1.0,<Residue THR het=  resseq=537 icode= >,2a07_F_A,1.9
290,5.06,THR, ,CA,19.99,10.93,2.622,3.48,1.0,<Residue THR het=  resseq=537 icode= >,2a07_F_A,1.9
291,0.0,THR, ,C,19.31,11.13,0.0,4.98,1.0,<Residue THR het=  resseq=537 icode= >,2a07_F_A,1.9
292,0.0,THR, ,O,18.69,10.28,0.0,5.01,1.0,<Residue THR het=  resseq=537 icode= >,2a07_F_A,1.9
293,0.0,THR, ,CB,18.7,11.75,0.0,3.87,1.0,<Residue THR het=  resseq=537 icode= >,2a07_F_A,1.9
294,8.092,THR, ,OG1,20.92,11.63,4.709,3.83,1.0,<Residue THR het=  resseq=537 icode= >,2a07_F_A,1.9
295,10.21,THR, ,CG2,18.98,11.49,10.21,3.50,1.0,<Residue THR het=  resseq=537 icode= >,2a07_F_A,1.9
296,0.0,PHE, ,N,18.57,12.37,0.0,4.29,1.0,<Residue PHE het=  resseq=538 icode= >,2a07_F_A,1.9
297,0.629,PHE, ,CA,18.76,12.78,0.629,3.54,1.0,<Residue PHE het=  resseq=538 icode= >,2a07_F_A,1.9
298,1.505,PHE, ,C,18.76,12.02,0.0,4.92,1.0,<Residue PHE het=  resseq=538 icode= >,2a07_F_A,1.9
299,4.563,PHE, ,O,19.44,11.32,0.757,4.94,1.0,<Residue PHE het=  resseq=538 icode= >,2a07_F_A,1.9
300,18.908,PHE, ,CB,17.43,14.31,7.922,3.26,1.0,<Residue PHE het=  resseq=538 icode= >,2a07_F_A,1.9
301,2.772,PHE, ,CG,19.24,15.07,2.772,3.62,1.0,<Residue PHE het=  resseq=538 icode= >,2a07_F_A,1.9
302,4.72,PHE, ,CD1,18.51,15.29,4.72,3.28,1.0,<Residue PHE het=  resseq=538 icode= >,2a07_F_A,1.9
303,26.34,PHE, ,CD2,17.68,15.67,25.482,3.20,1.0,<Residue PHE het=  resseq=538 icode= >,2a07_F_A,1.9
304,4.883,PHE, ,CE1,18.57,16.07,4.883,3.03,1.0,<Residue PHE het=  resseq=538 icode= >,2a07_F_A,1.9
305,36.631,PHE, ,CE2,19.82,16.43,36.631,3.18,1.0,<Residue PHE het=  resseq=538 icode= >,2a07_F_A,1.9
306,19.306,PHE, ,CZ,18.78,16.62,19.306,3.26,1.0,<Residue PHE het=  resseq=538 icode= >,2a07_F_A,1.9
307,0.808,ALA, ,N,21.29,11.85,0.0,4.48,1.0,<Residue ALA het=  resseq=539 icode= >,2a07_F_A,1.9
308,5.974,ALA, ,CA,22.53,10.78,0.0,3.46,1.0,<Residue ALA het=  resseq=539 icode= >,2a07_F_A,1.9
309,1.102,ALA, ,C,23.07,9.40,0.0,4.52,1.0,<Residue ALA het=  resseq=539 icode= >,2a07_F_A,1.9
310,11.028,ALA, ,O,23.7,8.43,0.0,4.65,1.0,<Residue ALA het=  resseq=539 icode= >,2a07_F_A,1.9
311,46.464,ALA, ,CB,22.71,11.16,0.0,2.89,1.0,<Residue ALA het=  resseq=539 icode= >,2a07_F_A,1.9
312,0.41,TYR, ,N,22.48,9.27,0.0,4.56,1.0,<Residue TYR het=  resseq=540 icode= >,2a07_F_A,1.9
313,5.295,TYR, ,CA,23.07,7.91,0.0,3.37,1.0,<Residue TYR het=  resseq=540 icode= >,2a07_F_A,1.9
314,0.0,TYR, ,C,24.03,7.97,0.0,3.76,1.0,<Residue TYR het=  resseq=540 icode= >,2a07_F_A,1.9
315,0.0,TYR, ,O,23.16,6.83,0.0,3.67,1.0,<Residue TYR het=  resseq=540 icode= >,2a07_F_A,1.9
316,9.887,TYR, ,CB,20.87,7.15,1.595,3.25,1.0,<Residue TYR het=  resseq=540 icode= >,2a07_F_A,1.9
317,2.178,TYR, ,CG,21.5,5.75,1.995,4.49,1.0,<Residue TYR het=  resseq=540 icode= >,2a07_F_A,1.9
318,21.027,TYR, ,CD1,24.12,4.65,2.236,2.00,1.0,<Residue TYR het=  resseq=540 icode= >,2a07_F_A,1.9
319,3.072,TYR, ,CD2,21.01,5.77,3.072,3.20,1.0,<Residue TYR het=  resseq=540 icode= >,2a07_F_A,1.9
320,24.063,TYR, ,CE1,21.42,3.31,19.142,3.18,1.0,<Residue TYR het=  resseq=540 icode= >,2a07_F_A,1.9
321,18.274,TYR, ,CE2,21.29,4.78,18.274,3.17,1.0,<Residue TYR het=  resseq=540 icode= >,2a07_F_A,1.9
322,5.285,TYR, ,CZ,21.78,3.42,5.285,4.03,1.0,<Residue TYR het=  resseq=540 icode= >,2a07_F_A,1.9
323,42.504,TYR, ,OH,20.09,2.69,42.504,4.63,1.0,<Residue TYR het=  resseq=540 icode= >,2a07_F_A,1.9
324,0.0,PHE, ,N,23.62,9.05,0.0,3.69,1.0,<Residue PHE het=  resseq=541 icode= >,2a07_F_A,1.9
325,1.111,PHE, ,CA,26.57,9.14,1.111,3.30,1.0,<Residue PHE het=  resseq=541 icode= >,2a07_F_A,1.9
326,1.34,PHE, ,C,29.96,8.96,0.77,4.12,1.0,<Residue PHE het=  resseq=541 icode= >,2a07_F_A,1.9
327,17.31,PHE, ,O,30.66,9.21,12.443,3.54,1.0,<Residue PHE het=  resseq=541 icode= >,2a07_F_A,1.9
328,18.947,PHE, ,CB,24.36,10.43,18.947,3.26,1.0,<Residue PHE het=  resseq=541 icode= >,2a07_F_A,1.9
329,2.404,PHE, ,CG,22.96,9.76,2.404,3.64,1.0,<Residue PHE het=  resseq=541 icode= >,2a07_F_A,1.9
330,5.982,PHE, ,CD1,21.9,9.70,5.982,3.49,1.0,<Residue PHE het=  resseq=541 icode= >,2a07_F_A,1.9
331,23.61,PHE, ,CD2,22.55,9.42,23.61,3.24,1.0,<Residue PHE het=  resseq=541 icode= >,2a07_F_A,1.9
332,13.044,PHE, ,CE1,22.04,9.30,13.044,2.83,1.0,<Residue PHE het=  resseq=541 icode= >,2a07_F_A,1.9
333,26.175,PHE, ,CE2,21.34,9.01,26.175,3.04,1.0,<Residue PHE het=  resseq=541 icode= >,2a07_F_A,1.9
334,15.609,PHE, ,CZ,20.3,8.95,15.609,4.08,1.0,<Residue PHE het=  resseq=541 icode= >,2a07_F_A,1.9
335,0.058,ARG, ,N,34.34,8.82,0.0,3.33,1.0,<Residue ARG het=  resseq=542 icode= >,2a07_F_A,1.9
336,8.772,ARG, ,CA,40.41,8.97,0.0,2.00,1.0,<Residue ARG het=  resseq=542 icode= >,2a07_F_A,1.9
337,2.22,ARG, ,C,42.01,7.73,0.0,2.67,1.0,<Residue ARG het=  resseq=542 icode= >,2a07_F_A,1.9
338,19.577,ARG, ,O,42.18,7.23,0.0,2.43,1.0,<Residue ARG het=  resseq=542 icode= >,2a07_F_A,1.9
339,5.48,ARG, ,CB,43.76,9.60,0.0,2.02,1.0,<Residue ARG het=  resseq=542 icode= >,2a07_F_A,1.9
340,22.893,ARG, ,CG,50.26,10.28,0.0,1.22,1.0,<Residue ARG het=  resseq=542 icode= >,2a07_F_A,1.9
341,24.867,ARG, ,CD,54.97,11.24,0.0,1.51,1.0,<Residue ARG het=  resseq=542 icode= >,2a07_F_A,1.9
342,16.027,ARG, ,NE,60.28,12.12,0.0,1.32,1.0,<Residue ARG het=  resseq=542 icode= >,2a07_F_A,1.9
343,8.65,ARG, ,CZ,63.09,13.14,0.0,0.19,1.0,<Residue ARG het=  resseq=542 icode= >,2a07_F_A,1.9
344,50.359,ARG, ,NH1,64.87,13.45,0.0,-0.20,1.0,<Residue ARG het=  resseq=542 icode= >,2a07_F_A,1.9
345,59.517,ARG, ,NH2,65.18,13.98,0.0,-0.08,1.0,<Residue ARG het=  resseq=542 icode= >,2a07_F_A,1.9
346,0.853,ARG, ,N,44.53,7.48,0.0,1.82,1.0,<Residue ARG het=  resseq=543 icode= >,2a07_F_A,1.9
347,7.46,ARG, ,CA,46.24,6.55,0.0,2.12,1.0,<Residue ARG het=  resseq=543 icode= >,2a07_F_A,1.9
348,4.032,ARG, ,C,47.09,7.52,0.0,2.89,1.0,<Residue ARG het=  resseq=543 icode= >,2a07_F_A,1.9
349,18.618,ARG, ,O,47.32,8.55,6.047,2.49,1.0,<Residue ARG het=  resseq=543 icode= >,2a07_F_A,1.9
350,2.077,ARG, ,CB,48.1,5.49,1.938,1.78,1.0,<Residue ARG het=  resseq=543 icode= >,2a07_F_A,1.9
351,10.12,ARG, ,CG,51.59,4.62,1.267,1.76,1.0,<Residue ARG het=  resseq=543 icode= >,2a07_F_A,1.9
352,8.76,ARG, ,CD,55.21,4.51,8.76,1.04,1.0,<Residue ARG het=  resseq=543 icode= >,2a07_F_A,1.9
353,8.711,ARG, ,NE,57.21,3.42,8.711,2.14,1.0,<Residue ARG het=  resseq=543 icode= >,2a07_F_A,1.9
354,3.191,ARG, ,CZ,58.62,3.53,1.751,1.79,1.0,<Residue ARG het=  resseq=543 icode= >,2a07_F_A,1.9
355,14.903,ARG, ,NH1,59.76,4.61,0.0,0.45,1.0,<Residue ARG het=  resseq=543 icode= >,2a07_F_A,1.9
356,51.576,ARG, ,NH2,59.7,2.95,41.334,0.31,1.0,<Residue ARG het=  resseq=543 icode= >,2a07_F_A,1.9
357,3.034,ASN, ,N,47.39,7.42,0.0,2.94,1.0,<Residue ASN het=  resseq=544 icode= >,2a07_F_A,1.9
358,8.167,ASN, ,CA,48.36,8.59,0.0,2.18,1.0,<Residue ASN het=  resseq=544 icode= >,2a07_F_A,1.9
359,0.0,ASN, ,C,48.34,8.63,0.0,2.62,1.0,<Residue ASN het=  resseq=544 icode= >,2a07_F_A,1.9
360,0.0,ASN, ,O,49.06,7.70,0.0,1.32,1.0,<Residue ASN het=  resseq=544 icode= >,2a07_F_A,1.9
361,31.796,ASN, ,CB,49.53,9.06,0.0,1.19,1.0,<Residue ASN het=  resseq=544 icode= >,2a07_F_A,1.9
362,1.646,ASN, ,CG,49.8,8.32,0.0,2.35,1.0,<Residue ASN het=  resseq=544 icode= >,2a07_F_A,1.9
363,0.0,ASN, ,OD1,50.08,8.13,0.0,1.68,1.0,<Residue ASN het=  resseq=544 icode= >,2a07_F_A,1.9
364,44.286,ASN, ,ND2,51.32,7.94,0.0,0.91,1.0,<Residue ASN het=  resseq=544 icode= >,2a07_F_A,1.9
365,6.074,ALA, ,N,48.1,9.88,0.0,1.78,1.0,<Residue ALA het=  resseq=545 icode= >,2a07_F_A,1.9
366,0.0,ALA, ,CA,47.03,10.05,0.0,1.88,1.0,<Residue ALA het=  resseq=545 icode= >,2a07_F_A,1.9
367,0.111,ALA, ,C,46.1,9.35,0.0,2.36,1.0,<Residue ALA het=  resseq=545 icode= >,2a07_F_A,1.9
368,0.0,ALA, ,O,44.73,9.02,0.0,2.12,1.0,<Residue ALA het=  resseq=545 icode= >,2a07_F_A,1.9
369,43.486,ALA, ,CB,47.98,11.55,0.0,0.89,1.0,<Residue ALA het=  resseq=545 icode= >,2a07_F_A,1.9
370,2.54,ALA, ,N,44.89,9.38,0.0,1.82,1.0,<Residue ALA het=  resseq=546 icode= >,2a07_F_A,1.9
371,9.181,ALA, ,CA,44.19,9.02,0.0,1.00,1.0,<Residue ALA het=  resseq=546 icode= >,2a07_F_A,1.9
372,1.107,ALA, ,C,43.06,7.54,0.0,2.05,1.0,<Residue ALA het=  resseq=546 icode= >,2a07_F_A,1.9
373,8.061,ALA, ,O,43.08,7.24,0.0,2.22,1.0,<Residue ALA het=  resseq=546 icode= >,2a07_F_A,1.9
374,55.975,ALA, ,CB,44.55,8.61,0.0,0.39,1.0,<Residue ALA het=  resseq=546 icode= >,2a07_F_A,1.9
375,0.028,THR, ,N,40.59,6.75,0.0,2.16,1.0,<Residue THR het=  resseq=547 icode= >,2a07_F_A,1.9
376,6.515,THR, ,CA,39.15,5.30,0.0,2.06,1.0,<Residue THR het=  resseq=547 icode= >,2a07_F_A,1.9
377,0.0,THR, ,C,37.2,4.94,0.0,2.51,1.0,<Residue THR het=  resseq=547 icode= >,2a07_F_A,1.9
378,0.691,THR, ,O,36.1,4.50,0.386,2.16,1.0,<Residue THR het=  resseq=547 icode= >,2a07_F_A,1.9
379,0.0,THR, ,CB,38.93,4.92,0.0,3.39,1.0,<Residue THR het=  resseq=547 icode= >,2a07_F_A,1.9
380,15.675,THR, ,OG1,41.46,5.32,0.0,1.61,1.0,<Residue THR het=  resseq=547 icode= >,2a07_F_A,1.9
381,34.959,THR, ,CG2,38.91,3.46,22.585,1.89,1.0,<Residue THR het=  resseq=547 icode= >,2a07_F_A,1.9
382,0.0,TRP, ,N,34.49,5.59,0.0,2.59,1.0,<Residue TRP het=  resseq=548 icode= >,2a07_F_A,1.9
383,1.183,TRP, ,CA,32.36,5.84,1.183,2.09,1.0,<Residue TRP het=  resseq=548 icode= >,2a07_F_A,1.9
384,0.0,TRP, ,C,30.94,6.70,0.0,3.89,1.0,<Residue TRP het=  resseq=548 icode= >,2a07_F_A,1.9
385,0.0,TRP, ,O,29.59,6.85,0.0,3.25,1.0,<Residue TRP het=  resseq=548 icode= >,2a07_F_A,1.9
386,20.635,TRP, ,CB,32.14,6.79,20.635,1.40,1.0,<Residue TRP het=  resseq=548 icode= >,2a07_F_A,1.9
387,1.898,TRP, ,CG,30.99,8.14,1.898,2.84,1.0,<Residue TRP het=  resseq=548 icode= >,2a07_F_A,1.9
388,10.156,TRP, ,CD1,31.16,8.71,10.156,2.16,1.0,<Residue TRP het=  resseq=548 icode= >,2a07_F_A,1.9
389,2.635,TRP, ,CD2,31.43,9.27,2.635,2.38,1.0,<Residue TRP het=  resseq=548 icode= >,2a07_F_A,1.9
390,16.025,TRP, ,NE1,30.57,10.03,11.668,2.89,1.0,<Residue TRP het=  resseq=548 icode= >,2a07_F_A,1.9
391,3.344,TRP, ,CE2,31.59,10.36,3.344,2.64,1.0,<Residue TRP het=  resseq=548 icode= >,2a07_F_A,1.9
392,4.293,TRP, ,CE3,30.2,9.65,4.293,2.27,1.0,<Residue TRP het=  resseq=548 icode= >,2a07_F_A,1.9
393,22.023,TRP, ,CZ2,31.47,11.64,19.414,2.31,1.0,<Residue TRP het=  resseq=548 icode= >,2a07_F_A,1.9
394,19.525,TRP, ,CZ3,31.29,11.00,19.525,2.41,1.0,<Residue TRP het=  resseq=548 icode= >,2a07_F_A,1.9
395,20.744,TRP, ,CH2,30.53,11.91,20.744,2.67,1.0,<Residue TRP het=  resseq=548 icode= >,2a07_F_A,1.9
396,0.0,LYS, ,N,31.23,7.55,0.0,3.23,1.0,<Residue LYS het=  resseq=549 icode= >,2a07_F_A,1.9
397,0.778,LYS, ,CA,31.67,8.57,0.778,3.29,1.0,<Residue LYS het=  resseq=549 icode= >,2a07_F_A,1.9
398,0.0,LYS, ,C,31.91,7.85,0.0,3.19,1.0,<Residue LYS het=  resseq=549 icode= >,2a07_F_A,1.9
399,0.439,LYS, ,O,31.6,7.05,0.439,3.19,1.0,<Residue LYS het=  resseq=549 icode= >,2a07_F_A,1.9
400,2.745,LYS, ,CB,35.06,8.18,0.424,2.02,1.0,<Residue LYS het=  resseq=549 icode= >,2a07_F_A,1.9
401,6.81,LYS, ,CG,37.53,8.55,6.81,1.88,1.0,<Residue LYS het=  resseq=549 icode= >,2a07_F_A,1.9
402,22.316,LYS, ,CD,40.4,7.76,2.562,1.11,1.0,<Residue LYS het=  resseq=549 icode= >,2a07_F_A,1.9
403,47.72,LYS, ,CE,41.48,8.38,20.021,1.49,1.0,<Residue LYS het=  resseq=549 icode= >,2a07_F_A,1.9
404,21.091,LYS, ,NZ,43.3,9.83,5.453,0.56,1.0,<Residue LYS het=  resseq=549 icode= >,2a07_F_A,1.9
405,0.203,ASN, ,N,31.04,7.35,0.0,2.43,1.0,<Residue ASN het=  resseq=550 icode= >,2a07_F_A,1.9
406,0.0,ASN, ,CA,30.63,6.42,0.0,2.66,1.0,<Residue ASN het=  resseq=550 icode= >,2a07_F_A,1.9
407,0.0,ASN, ,C,29.75,5.96,0.0,3.41,1.0,<Residue ASN het=  resseq=550 icode= >,2a07_F_A,1.9
408,0.335,ASN, ,O,29.59,5.95,0.0,3.72,1.0,<Residue ASN het=  resseq=550 icode= >,2a07_F_A,1.9
409,11.133,ASN, ,CB,32.71,5.12,0.0,1.78,1.0,<Residue ASN het=  resseq=550 icode= >,2a07_F_A,1.9
410,5.153,ASN, ,CG,34.09,3.91,4.442,2.09,1.0,<Residue ASN het=  resseq=550 icode= >,2a07_F_A,1.9
411,27.189,ASN, ,OD1,34.42,3.40,23.816,2.19,1.0,<Residue ASN het=  resseq=550 icode= >,2a07_F_A,1.9
412,39.304,ASN, ,ND2,36.12,3.96,19.813,1.13,1.0,<Residue ASN het=  resseq=550 icode= >,2a07_F_A,1.9
413,0.0,ALA, ,N,29.0,5.45,0.0,2.80,1.0,<Residue ALA het=  resseq=551 icode= >,2a07_F_A,1.9
414,2.715,ALA, ,CA,28.22,4.87,2.715,2.90,1.0,<Residue ALA het=  resseq=551 icode= >,2a07_F_A,1.9
415,0.376,ALA, ,C,28.24,5.86,0.376,3.32,1.0,<Residue ALA het=  resseq=551 icode= >,2a07_F_A,1.9
416,0.0,ALA, ,O,26.54,5.71,0.0,3.69,1.0,<Residue ALA het=  resseq=551 icode= >,2a07_F_A,1.9
417,37.674,ALA, ,CB,29.05,4.09,37.674,2.04,1.0,<Residue ALA het=  resseq=551 icode= >,2a07_F_A,1.9
418,0.0,VAL, ,N,27.4,7.13,0.0,2.83,1.0,<Residue VAL het=  resseq=552 icode= >,2a07_F_A,1.9
419,3.079,VAL, ,CA,27.13,8.27,3.079,2.68,1.0,<Residue VAL het=  resseq=552 icode= >,2a07_F_A,1.9
420,0.0,VAL, ,C,27.73,7.59,0.0,3.55,1.0,<Residue VAL het=  resseq=552 icode= >,2a07_F_A,1.9
421,0.22,VAL, ,O,28.57,7.95,0.22,3.17,1.0,<Residue VAL het=  resseq=552 icode= >,2a07_F_A,1.9
422,1.232,VAL, ,CB,27.53,9.22,1.232,2.50,1.0,<Residue VAL het=  resseq=552 icode= >,2a07_F_A,1.9
423,33.706,VAL, ,CG1,25.94,9.31,33.706,2.56,1.0,<Residue VAL het=  resseq=552 icode= >,2a07_F_A,1.9
424,34.415,VAL, ,CG2,24.76,9.08,34.415,2.64,1.0,<Residue VAL het=  resseq=552 icode= >,2a07_F_A,1.9
425,0.0,ARG, ,N,28.19,6.38,0.0,2.66,1.0,<Residue ARG het=  resseq=553 icode= >,2a07_F_A,1.9
426,2.132,ARG, ,CA,29.51,5.26,0.031,2.01,1.0,<Residue ARG het=  resseq=553 icode= >,2a07_F_A,1.9
427,1.208,ARG, ,C,27.99,5.42,0.0,3.84,1.0,<Residue ARG het=  resseq=553 icode= >,2a07_F_A,1.9
428,2.345,ARG, ,O,26.58,5.66,0.0,3.70,1.0,<Residue ARG het=  resseq=553 icode= >,2a07_F_A,1.9
429,14.386,ARG, ,CB,31.94,3.96,7.502,1.69,1.0,<Residue ARG het=  resseq=553 icode= >,2a07_F_A,1.9
430,15.648,ARG, ,CG,36.93,4.41,14.544,1.86,1.0,<Residue ARG het=  resseq=553 icode= >,2a07_F_A,1.9
431,38.529,ARG, ,CD,39.61,3.58,28.329,2.16,1.0,<Residue ARG het=  resseq=553 icode= >,2a07_F_A,1.9
432,15.226,ARG, ,NE,43.05,2.99,15.133,1.62,1.0,<Residue ARG het=  resseq=553 icode= >,2a07_F_A,1.9
433,4.39,ARG, ,CZ,43.26,4.04,4.196,2.38,1.0,<Residue ARG het=  resseq=553 icode= >,2a07_F_A,1.9
434,16.101,ARG, ,NH1,44.08,5.24,4.349,1.02,1.0,<Residue ARG het=  resseq=553 icode= >,2a07_F_A,1.9
435,39.163,ARG, ,NH2,43.0,4.21,23.219,1.80,1.0,<Residue ARG het=  resseq=553 icode= >,2a07_F_A,1.9
436,0.79,HIS, ,N,29.25,5.80,0.0,2.69,1.0,<Residue HIS het=  resseq=554 icode= >,2a07_F_A,1.9
437,7.437,HIS, ,CA,29.75,6.04,0.0,2.81,1.0,<Residue HIS het=  resseq=554 icode= >,2a07_F_A,1.9
438,0.0,HIS, ,C,29.71,6.62,0.0,3.92,1.0,<Residue HIS het=  resseq=554 icode= >,2a07_F_A,1.9
439,0.68,HIS, ,O,29.31,6.56,0.0,4.29,1.0,<Residue HIS het=  resseq=554 icode= >,2a07_F_A,1.9
440,3.798,HIS, ,CB,31.41,4.51,0.835,2.23,1.0,<Residue HIS het=  resseq=554 icode= >,2a07_F_A,1.9
441,2.473,HIS, ,CG,32.85,3.97,2.473,2.53,1.0,<Residue HIS het=  resseq=554 icode= >,2a07_F_A,1.9
442,3.127,HIS, ,ND1,33.85,4.14,3.127,2.24,1.0,<Residue HIS het=  resseq=554 icode= >,2a07_F_A,1.9
443,36.477,HIS, ,CD2,33.13,3.31,25.574,2.61,1.0,<Residue HIS het=  resseq=554 icode= >,2a07_F_A,1.9
444,19.78,HIS, ,CE1,33.42,3.88,17.482,2.45,1.0,<Residue HIS het=  resseq=554 icode= >,2a07_F_A,1.9
445,26.868,HIS, ,NE2,33.49,3.02,21.38,3.10,1.0,<Residue HIS het=  resseq=554 icode= >,2a07_F_A,1.9
446,0.0,ASN, ,N,29.22,6.73,0.0,3.18,1.0,<Residue ASN het=  resseq=555 icode= >,2a07_F_A,1.9
447,0.0,ASN, ,CA,29.75,7.37,0.0,2.87,1.0,<Residue ASN het=  resseq=555 icode= >,2a07_F_A,1.9
448,0.0,ASN, ,C,30.82,8.63,0.0,4.00,1.0,<Residue ASN het=  resseq=555 icode= >,2a07_F_A,1.9
449,0.0,ASN, ,O,31.64,8.92,0.0,3.46,1.0,<Residue ASN het=  resseq=555 icode= >,2a07_F_A,1.9
450,9.256,ASN, ,CB,27.11,6.33,9.256,3.05,1.0,<Residue ASN het=  resseq=555 icode= >,2a07_F_A,1.9
451,5.547,ASN, ,CG,25.44,4.89,5.306,4.72,1.0,<Residue ASN het=  resseq=555 icode= >,2a07_F_A,1.9
452,17.353,ASN, ,OD1,25.79,4.46,14.391,3.78,1.0,<Residue ASN het=  resseq=555 icode= >,2a07_F_A,1.9
453,23.825,ASN, ,ND2,24.43,4.47,21.686,3.27,1.0,<Residue ASN het=  resseq=555 icode= >,2a07_F_A,1.9
454,0.0,LEU, ,N,32.05,8.62,0.0,3.28,1.0,<Residue LEU het=  resseq=556 icode= >,2a07_F_A,1.9
455,0.0,LEU, ,CA,34.24,8.61,0.0,1.81,1.0,<Residue LEU het=  resseq=556 icode= >,2a07_F_A,1.9
456,0.0,LEU, ,C,36.11,7.42,0.0,2.74,1.0,<Residue LEU het=  resseq=556 icode= >,2a07_F_A,1.9
457,3.283,LEU, ,O,36.44,7.75,0.0,2.94,1.0,<Residue LEU het=  resseq=556 icode= >,2a07_F_A,1.9
458,2.233,LEU, ,CB,33.59,8.50,0.0,1.53,1.0,<Residue LEU het=  resseq=556 icode= >,2a07_F_A,1.9
459,0.647,LEU, ,CG,31.58,9.27,0.647,3.02,1.0,<Residue LEU het=  resseq=556 icode= >,2a07_F_A,1.9
460,22.888,LEU, ,CD1,30.48,8.65,20.723,1.62,1.0,<Residue LEU het=  resseq=556 icode= >,2a07_F_A,1.9
461,16.496,LEU, ,CD2,29.73,10.61,16.496,2.50,1.0,<Residue LEU het=  resseq=556 icode= >,2a07_F_A,1.9
462,0.0,SER, ,N,38.0,6.22,0.0,2.23,1.0,<Residue SER het=  resseq=557 icode= >,2a07_F_A,1.9
463,6.672,SER, ,CA,41.04,5.07,0.0,1.26,1.0,<Residue SER het=  resseq=557 icode= >,2a07_F_A,1.9
464,1.857,SER, ,C,41.95,5.04,0.0,2.22,1.0,<Residue SER het=  resseq=557 icode= >,2a07_F_A,1.9
465,29.471,SER, ,O,42.3,4.50,3.245,1.58,1.0,<Residue SER het=  resseq=557 icode= >,2a07_F_A,1.9
466,41.121,SER, ,CB,40.98,3.86,17.048,1.07,1.0,<Residue SER het=  resseq=557 icode= >,2a07_F_A,1.9
467,17.817,SER, ,OG,43.54,3.73,9.655,0.81,1.0,<Residue SER het=  resseq=557 icode= >,2a07_F_A,1.9
468,0.0,LEU, ,N,43.38,6.01,0.0,1.68,1.0,<Residue LEU het=  resseq=558 icode= >,2a07_F_A,1.9
469,1.298,LEU, ,CA,43.77,6.55,0.0,1.92,1.0,<Residue LEU het=  resseq=558 icode= >,2a07_F_A,1.9
470,0.935,LEU, ,C,44.15,7.83,0.0,3.07,1.0,<Residue LEU het=  resseq=558 icode= >,2a07_F_A,1.9
471,18.528,LEU, ,O,44.14,8.19,0.0,2.06,1.0,<Residue LEU het=  resseq=558 icode= >,2a07_F_A,1.9
472,2.043,LEU, ,CB,43.26,7.12,0.0,1.56,1.0,<Residue LEU het=  resseq=558 icode= >,2a07_F_A,1.9
473,3.921,LEU, ,CG,44.32,6.22,0.0,1.80,1.0,<Residue LEU het=  resseq=558 icode= >,2a07_F_A,1.9
474,56.457,LEU, ,CD1,43.31,6.64,0.0,1.06,1.0,<Residue LEU het=  resseq=558 icode= >,2a07_F_A,1.9
475,26.209,LEU, ,CD2,42.22,5.00,14.342,1.98,1.0,<Residue LEU het=  resseq=558 icode= >,2a07_F_A,1.9
476,0.0,HIS, ,N,44.9,8.70,0.0,3.01,1.0,<Residue HIS het=  resseq=559 icode= >,2a07_F_A,1.9
477,2.626,HIS, ,CA,46.7,8.50,0.0,2.65,1.0,<Residue HIS het=  resseq=559 icode= >,2a07_F_A,1.9
478,1.072,HIS, ,C,47.82,9.76,0.0,2.45,1.0,<Residue HIS het=  resseq=559 icode= >,2a07_F_A,1.9
479,1.915,HIS, ,O,47.91,9.98,0.0,2.29,1.0,<Residue HIS het=  resseq=559 icode= >,2a07_F_A,1.9
480,1.664,HIS, ,CB,47.44,7.54,0.0,1.79,1.0,<Residue HIS het=  resseq=559 icode= >,2a07_F_A,1.9
481,1.514,HIS, ,CG,48.97,6.28,0.967,2.03,1.0,<Residue HIS het=  resseq=559 icode= >,2a07_F_A,1.9
482,8.225,HIS, ,ND1,49.49,5.40,0.0,1.62,1.0,<Residue HIS het=  resseq=559 icode= >,2a07_F_A,1.9
483,4.229,HIS, ,CD2,48.42,6.04,4.229,2.02,1.0,<Residue HIS het=  resseq=559 icode= >,2a07_F_A,1.9
484,20.291,HIS, ,CE1,49.8,4.53,11.812,1.37,1.0,<Residue HIS het=  resseq=559 icode= >,2a07_F_A,1.9
485,11.961,HIS, ,NE2,49.51,4.97,5.038,1.80,1.0,<Residue HIS het=  resseq=559 icode= >,2a07_F_A,1.9
486,4.038,LYS, ,N,48.37,10.07,0.0,1.64,1.0,<Residue LYS het=  resseq=560 icode= >,2a07_F_A,1.9
487,8.189,LYS, ,CA,49.04,11.36,0.0,2.28,1.0,<Residue LYS het=  resseq=560 icode= >,2a07_F_A,1.9
488,0.0,LYS, ,C,48.29,11.56,0.0,3.35,1.0,<Residue LYS het=  resseq=560 icode= >,2a07_F_A,1.9
489,3.813,LYS, ,O,48.37,12.72,0.0,2.08,1.0,<Residue LYS het=  resseq=560 icode= >,2a07_F_A,1.9
490,5.147,LYS, ,CB,51.15,11.31,0.0,1.30,1.0,<Residue LYS het=  resseq=560 icode= >,2a07_F_A,1.9
491,19.235,LYS, ,CG,54.56,11.00,0.0,0.27,1.0,<Residue LYS het=  resseq=560 icode= >,2a07_F_A,1.9
492,33.114,LYS, ,CD,56.55,10.69,0.0,0.11,1.0,<Residue LYS het=  resseq=560 icode= >,2a07_F_A,1.9
493,35.051,LYS, ,CE,57.35,11.92,0.0,0.50,1.0,<Residue LYS het=  resseq=560 icode= >,2a07_F_A,1.9
494,43.53,LYS, ,NZ,57.47,12.14,0.0,0.56,1.0,<Residue LYS het=  resseq=560 icode= >,2a07_F_A,1.9
495,0.536,CYS, ,N,48.37,10.55,0.0,2.28,1.0,<Residue CYS het=  resseq=561 icode= >,2a07_F_A,1.9
496,0.0,CYS, ,CA,48.1,10.98,0.0,1.51,1.0,<Residue CYS het=  resseq=561 icode= >,2a07_F_A,1.9
497,0.0,CYS, ,C,47.13,11.74,0.0,2.99,1.0,<Residue CYS het=  resseq=561 icode= >,2a07_F_A,1.9
498,0.0,CYS, ,O,46.49,12.56,0.0,2.43,1.0,<Residue CYS het=  resseq=561 icode= >,2a07_F_A,1.9
499,0.739,CYS, ,CB,49.46,9.91,0.0,1.34,1.0,<Residue CYS het=  resseq=561 icode= >,2a07_F_A,1.9
500,7.019,CYS, ,SG,51.6,8.51,2.082,2.84,1.0,<Residue CYS het=  resseq=561 icode= >,2a07_F_A,1.9
501,0.0,PHE, ,N,46.42,11.65,0.0,2.77,1.0,<Residue PHE het=  resseq=562 icode= >,2a07_F_A,1.9
502,0.0,PHE, ,CA,47.31,12.57,0.0,1.90,1.0,<Residue PHE het=  resseq=562 icode= >,2a07_F_A,1.9
503,0.0,PHE, ,C,49.05,12.05,0.0,2.42,1.0,<Residue PHE het=  resseq=562 icode= >,2a07_F_A,1.9
504,7.384,PHE, ,O,48.29,10.90,0.0,2.67,1.0,<Residue PHE het=  resseq=562 icode= >,2a07_F_A,1.9
505,0.0,PHE, ,CB,44.39,11.82,0.0,1.57,1.0,<Residue PHE het=  resseq=562 icode= >,2a07_F_A,1.9
506,0.0,PHE, ,CG,41.28,10.96,0.0,2.84,1.0,<Residue PHE het=  resseq=562 icode= >,2a07_F_A,1.9
507,0.0,PHE, ,CD1,40.65,9.81,0.0,2.42,1.0,<Residue PHE het=  resseq=562 icode= >,2a07_F_A,1.9
508,3.901,PHE, ,CD2,39.88,11.28,3.901,2.60,1.0,<Residue PHE het=  resseq=562 icode= >,2a07_F_A,1.9
509,7.124,PHE, ,CE1,39.66,8.84,7.124,2.48,1.0,<Residue PHE het=  resseq=562 icode= >,2a07_F_A,1.9
510,12.27,PHE, ,CE2,39.65,10.53,12.27,2.43,1.0,<Residue PHE het=  resseq=562 icode= >,2a07_F_A,1.9
511,22.631,PHE, ,CZ,39.04,9.28,22.631,2.60,1.0,<Residue PHE het=  resseq=562 icode= >,2a07_F_A,1.9
512,0.0,VAL, ,N,51.7,13.00,0.0,2.48,1.0,<Residue VAL het=  resseq=563 icode= >,2a07_F_A,1.9
513,0.275,VAL, ,CA,54.5,12.86,0.0,2.10,1.0,<Residue VAL het=  resseq=563 icode= >,2a07_F_A,1.9
514,0.0,VAL, ,C,56.74,13.14,0.0,2.37,1.0,<Residue VAL het=  resseq=563 icode= >,2a07_F_A,1.9
515,0.0,VAL, ,O,56.42,14.15,0.0,2.24,1.0,<Residue VAL het=  resseq=563 icode= >,2a07_F_A,1.9
516,1.671,VAL, ,CB,54.95,13.99,0.0,1.19,1.0,<Residue VAL het=  resseq=563 icode= >,2a07_F_A,1.9
517,31.913,VAL, ,CG1,55.13,13.87,0.0,0.32,1.0,<Residue VAL het=  resseq=563 icode= >,2a07_F_A,1.9
518,21.07,VAL, ,CG2,55.5,14.05,0.0,0.01,1.0,<Residue VAL het=  resseq=563 icode= >,2a07_F_A,1.9
519,0.0,ARG, ,N,59.73,12.38,0.0,2.37,1.0,<Residue ARG het=  resseq=564 icode= >,2a07_F_A,1.9
520,0.0,ARG, ,CA,64.05,12.39,0.0,1.70,1.0,<Residue ARG het=  resseq=564 icode= >,2a07_F_A,1.9
521,0.0,ARG, ,C,65.23,13.49,0.0,1.89,1.0,<Residue ARG het=  resseq=564 icode= >,2a07_F_A,1.9
522,6.53,ARG, ,O,65.23,13.41,0.0,1.12,1.0,<Residue ARG het=  resseq=564 icode= >,2a07_F_A,1.9
523,2.237,ARG, ,CB,66.62,11.01,0.0,0.89,1.0,<Residue ARG het=  resseq=564 icode= >,2a07_F_A,1.9
524,14.197,ARG, ,CG,71.81,10.95,0.0,0.58,1.0,<Residue ARG het=  resseq=564 icode= >,2a07_F_A,1.9
525,7.245,ARG, ,CD,75.88,10.47,0.0,-0.35,1.0,<Residue ARG het=  resseq=564 icode= >,2a07_F_A,1.9
526,11.662,ARG, ,NE,79.21,10.16,0.0,-0.36,1.0,<Residue ARG het=  resseq=564 icode= >,2a07_F_A,1.9
527,7.812,ARG, ,CZ,80.53,10.02,0.0,0.12,1.0,<Residue ARG het=  resseq=564 icode= >,2a07_F_A,1.9
528,36.907,ARG, ,NH1,81.4,10.15,0.0,-0.23,1.0,<Residue ARG het=  resseq=564 icode= >,2a07_F_A,1.9
529,59.315,ARG, ,NH2,81.48,10.02,0.0,0.08,1.0,<Residue ARG het=  resseq=564 icode= >,2a07_F_A,1.9
530,0.0,VAL, ,N,66.8,14.43,0.0,1.83,1.0,<Residue VAL het=  resseq=565 icode= >,2a07_F_A,1.9
531,5.063,VAL, ,CA,69.28,15.57,0.0,0.67,1.0,<Residue VAL het=  resseq=565 icode= >,2a07_F_A,1.9
532,0.0,VAL, ,C,70.39,15.39,0.0,0.90,1.0,<Residue VAL het=  resseq=565 icode= >,2a07_F_A,1.9
533,0.0,VAL, ,O,71.1,15.56,0.0,0.72,1.0,<Residue VAL het=  resseq=565 icode= >,2a07_F_A,1.9
534,6.849,VAL, ,CB,69.17,16.86,0.0,1.20,1.0,<Residue VAL het=  resseq=565 icode= >,2a07_F_A,1.9
535,10.783,VAL, ,CG1,69.32,16.77,9.573,0.53,1.0,<Residue VAL het=  resseq=565 icode= >,2a07_F_A,1.9
536,49.066,VAL, ,CG2,69.2,18.02,3.686,0.49,1.0,<Residue VAL het=  resseq=565 icode= >,2a07_F_A,1.9
537,4.541,GLU, ,N,71.72,15.20,0.0,0.76,1.0,<Residue GLU het=  resseq=566 icode= >,2a07_F_A,1.9
538,0.0,GLU, ,CA,72.52,15.19,0.0,0.47,1.0,<Residue GLU het=  resseq=566 icode= >,2a07_F_A,1.9
539,0.126,GLU, ,C,72.63,16.64,0.0,0.77,1.0,<Residue GLU het=  resseq=566 icode= >,2a07_F_A,1.9
540,25.63,GLU, ,O,72.55,17.47,0.0,0.67,1.0,<Residue GLU het=  resseq=566 icode= >,2a07_F_A,1.9
541,19.018,GLU, ,CB,73.16,14.65,0.0,0.20,1.0,<Residue GLU het=  resseq=566 icode= >,2a07_F_A,1.9
542,1.313,GLU, ,CG,74.3,13.21,0.0,0.11,1.0,<Residue GLU het=  resseq=566 icode= >,2a07_F_A,1.9
543,8.132,GLU, ,CD,74.91,12.89,0.0,0.49,1.0,<Residue GLU het=  resseq=566 icode= >,2a07_F_A,1.9
544,37.112,GLU, ,OE1,74.86,13.46,0.0,0.58,1.0,<Residue GLU het=  resseq=566 icode= >,2a07_F_A,1.9
545,37.936,GLU, ,OE2,74.94,11.99,0.0,0.46,1.0,<Residue GLU het=  resseq=566 icode= >,2a07_F_A,1.9
546,0.0,ASN, ,N,72.92,16.99,0.0,0.79,1.0,<Residue ASN het=  resseq=567 icode= >,2a07_F_A,1.9
547,8.571,ASN, ,CA,73.28,18.38,0.0,1.96,1.0,<Residue ASN het=  resseq=567 icode= >,2a07_F_A,1.9
548,4.583,ASN, ,C,73.85,18.61,0.0,0.69,1.0,<Residue ASN het=  resseq=567 icode= >,2a07_F_A,1.9
549,13.282,ASN, ,O,73.81,17.93,0.0,0.44,1.0,<Residue ASN het=  resseq=567 icode= >,2a07_F_A,1.9
550,24.706,ASN, ,CB,73.42,18.97,0.718,1.39,1.0,<Residue ASN het=  resseq=567 icode= >,2a07_F_A,1.9
551,0.0,ASN, ,CG,74.09,18.32,0.0,0.69,1.0,<Residue ASN het=  resseq=567 icode= >,2a07_F_A,1.9
552,19.8,ASN, ,OD1,74.65,18.85,2.807,0.18,1.0,<Residue ASN het=  resseq=567 icode= >,2a07_F_A,1.9
553,0.024,ASN, ,ND2,74.01,17.27,0.0,0.38,1.0,<Residue ASN het=  resseq=567 icode= >,2a07_F_A,1.9
554,4.44,VAL, ,N,74.33,1000.00,0.0,0.25,1.0,<Residue VAL het=  resseq=568 icode= >,2a07_F_A,1.9
555,13.624,VAL, ,CA,74.69,1000.00,0.0,0.08,1.0,<Residue VAL het=  resseq=568 icode= >,2a07_F_A,1.9
556,1.167,VAL, ,C,74.22,1000.00,0.0,-0.17,1.0,<Residue VAL het=  resseq=568 icode= >,2a07_F_A,1.9
557,21.906,VAL, ,O,74.49,1000.00,0.0,0.43,1.0,<Residue VAL het=  resseq=568 icode= >,2a07_F_A,1.9
558,14.114,VAL, ,CB,74.57,1000.00,0.0,0.53,1.0,<Residue VAL het=  resseq=568 icode= >,2a07_F_A,1.9
559,31.629,VAL, ,CG1,74.74,1000.00,0.0,-0.05,1.0,<Residue VAL het=  resseq=568 icode= >,2a07_F_A,1.9
560,46.554,VAL, ,CG2,74.04,1000.00,0.0,0.54,1.0,<Residue VAL het=  resseq=568 icode= >,2a07_F_A,1.9
561,0.0,LYS, ,N,73.62,1000.00,0.0,0.09,1.0,<Residue LYS het=  resseq=569 icode= >,2a07_F_A,1.9
562,2.862,LYS, ,CA,72.59,1000.00,0.0,0.36,1.0,<Residue LYS het=  resseq=569 icode= >,2a07_F_A,1.9
563,1.59,LYS, ,C,72.04,1000.00,0.0,0.32,1.0,<Residue LYS het=  resseq=569 icode= >,2a07_F_A,1.9
564,12.513,LYS, ,O,71.91,1000.00,0.0,0.34,1.0,<Residue LYS het=  resseq=569 icode= >,2a07_F_A,1.9
565,12.838,LYS, ,CB,72.06,1000.00,0.0,-0.12,1.0,<Residue LYS het=  resseq=569 icode= >,2a07_F_A,1.9
566,24.257,LYS, ,CG,71.71,1000.00,0.0,-0.02,1.0,<Residue LYS het=  resseq=569 icode= >,2a07_F_A,1.9
567,36.983,LYS, ,CD,71.37,1000.00,0.0,0.91,1.0,<Residue LYS het=  resseq=569 icode= >,2a07_F_A,1.9
568,35.872,LYS, ,CE,71.42,1000.00,0.0,1.46,1.0,<Residue LYS het=  resseq=569 icode= >,2a07_F_A,1.9
569,48.707,LYS, ,NZ,72.63,1000.00,0.0,0.10,1.0,<Residue LYS het=  resseq=569 icode= >,2a07_F_A,1.9
570,15.482,GLY, ,N,71.53,15.66,0.0,-0.14,1.0,<Residue GLY het=  resseq=570 icode= >,2a07_F_A,1.9
571,40.252,GLY, ,CA,70.73,14.38,2.46,-0.02,1.0,<Residue GLY het=  resseq=570 icode= >,2a07_F_A,1.9
572,3.35,GLY, ,C,70.14,14.09,0.067,0.49,1.0,<Residue GLY het=  resseq=570 icode= >,2a07_F_A,1.9
573,2.829,GLY, ,O,70.38,14.95,0.0,0.70,1.0,<Residue GLY het=  resseq=570 icode= >,2a07_F_A,1.9
574,7.856,ALA, ,N,68.91,12.98,1.812,0.27,1.0,<Residue ALA het=  resseq=571 icode= >,2a07_F_A,1.9
575,0.0,ALA, ,CA,67.49,12.76,0.0,0.39,1.0,<Residue ALA het=  resseq=571 icode= >,2a07_F_A,1.9
576,0.351,ALA, ,C,66.23,12.72,0.272,1.34,1.0,<Residue ALA het=  resseq=571 icode= >,2a07_F_A,1.9
577,21.529,ALA, ,O,66.62,11.95,14.223,1.04,1.0,<Residue ALA het=  resseq=571 icode= >,2a07_F_A,1.9
578,30.953,ALA, ,CB,66.68,11.56,0.0,-0.05,1.0,<Residue ALA het=  resseq=571 icode= >,2a07_F_A,1.9
579,0.0,VAL, ,N,64.74,13.71,0.0,1.42,1.0,<Residue VAL het=  resseq=572 icode= >,2a07_F_A,1.9
580,4.143,VAL, ,CA,63.22,13.99,4.143,1.80,1.0,<Residue VAL het=  resseq=572 icode= >,2a07_F_A,1.9
581,0.0,VAL, ,C,61.55,13.76,0.0,1.67,1.0,<Residue VAL het=  resseq=572 icode= >,2a07_F_A,1.9
582,0.0,VAL, ,O,61.43,13.95,0.0,1.23,1.0,<Residue VAL het=  resseq=572 icode= >,2a07_F_A,1.9
583,10.655,VAL, ,CB,62.99,15.50,10.655,1.81,1.0,<Residue VAL het=  resseq=572 icode= >,2a07_F_A,1.9
584,42.385,VAL, ,CG1,63.33,15.93,23.799,0.12,1.0,<Residue VAL het=  resseq=572 icode= >,2a07_F_A,1.9
585,17.282,VAL, ,CG2,63.11,16.39,17.282,0.05,1.0,<Residue VAL het=  resseq=572 icode= >,2a07_F_A,1.9
586,6.25,TRP, ,N,58.69,13.51,6.25,2.02,1.0,<Residue TRP het=  resseq=573 icode= >,2a07_F_A,1.9
587,0.0,TRP, ,CA,56.27,13.52,0.0,1.94,1.0,<Residue TRP het=  resseq=573 icode= >,2a07_F_A,1.9
588,2.585,TRP, ,C,55.94,14.98,2.585,1.52,1.0,<Residue TRP het=  resseq=573 icode= >,2a07_F_A,1.9
589,8.951,TRP, ,O,57.26,15.90,8.951,0.27,1.0,<Residue TRP het=  resseq=573 icode= >,2a07_F_A,1.9
590,16.02,TRP, ,CB,53.5,12.72,16.02,1.85,1.0,<Residue TRP het=  resseq=573 icode= >,2a07_F_A,1.9
591,0.0,TRP, ,CG,50.56,11.22,0.0,2.57,1.0,<Residue TRP het=  resseq=573 icode= >,2a07_F_A,1.9
592,17.323,TRP, ,CD1,49.45,10.51,17.323,2.17,1.0,<Residue TRP het=  resseq=573 icode= >,2a07_F_A,1.9
593,0.0,TRP, ,CD2,49.46,10.40,0.0,2.16,1.0,<Residue TRP het=  resseq=573 icode= >,2a07_F_A,1.9
594,18.693,TRP, ,NE1,48.42,9.19,10.505,2.56,1.0,<Residue TRP het=  resseq=573 icode= >,2a07_F_A,1.9
595,0.053,TRP, ,CE2,49.16,9.07,0.0,2.14,1.0,<Residue TRP het=  resseq=573 icode= >,2a07_F_A,1.9
596,0.0,TRP, ,CE3,49.2,10.79,0.0,1.79,1.0,<Residue TRP het=  resseq=573 icode= >,2a07_F_A,1.9
597,21.923,TRP, ,CZ2,48.81,8.08,0.0,1.91,1.0,<Residue TRP het=  resseq=573 icode= >,2a07_F_A,1.9
598,1.914,TRP, ,CZ3,49.21,9.82,0.0,1.55,1.0,<Residue TRP het=  resseq=573 icode= >,2a07_F_A,1.9
599,11.792,TRP, ,CH2,49.56,8.59,0.0,1.62,1.0,<Residue TRP het=  resseq=573 icode= >,2a07_F_A,1.9
600,1.898,THR, ,N,54.41,15.28,1.898,2.21,1.0,<Residue THR het=  resseq=574 icode= >,2a07_F_A,1.9
601,11.968,THR, ,CA,52.64,16.67,11.968,1.69,1.0,<Residue THR het=  resseq=574 icode= >,2a07_F_A,1.9
602,0.723,THR, ,C,51.85,16.08,0.723,3.06,1.0,<Residue THR het=  resseq=574 icode= >,2a07_F_A,1.9
603,0.413,THR, ,O,50.32,15.25,0.413,2.75,1.0,<Residue THR het=  resseq=574 icode= >,2a07_F_A,1.9
604,4.682,THR, ,CB,52.94,17.54,4.381,1.41,1.0,<Residue THR het=  resseq=574 icode= >,2a07_F_A,1.9
605,30.363,THR, ,OG1,51.71,18.90,17.192,1.59,1.0,<Residue THR het=  resseq=574 icode= >,2a07_F_A,1.9
606,20.275,THR, ,CG2,51.87,17.31,0.0,1.24,1.0,<Residue THR het=  resseq=574 icode= >,2a07_F_A,1.9
607,3.292,VAL, ,N,52.3,15.98,3.127,2.16,1.0,<Residue VAL het=  resseq=575 icode= >,2a07_F_A,1.9
608,0.0,VAL, ,CA,53.72,14.83,0.0,2.17,1.0,<Residue VAL het=  resseq=575 icode= >,2a07_F_A,1.9
609,0.0,VAL, ,C,55.05,15.20,0.0,1.71,1.0,<Residue VAL het=  resseq=575 icode= >,2a07_F_A,1.9
610,20.1,VAL, ,O,54.2,16.27,1.972,1.87,1.0,<Residue VAL het=  resseq=575 icode= >,2a07_F_A,1.9
611,11.585,VAL, ,CB,53.82,14.34,11.517,1.43,1.0,<Residue VAL het=  resseq=575 icode= >,2a07_F_A,1.9
612,7.811,VAL, ,CG1,53.91,13.24,7.766,0.90,1.0,<Residue VAL het=  resseq=575 icode= >,2a07_F_A,1.9
613,40.232,VAL, ,CG2,53.76,13.97,40.232,0.57,1.0,<Residue VAL het=  resseq=575 icode= >,2a07_F_A,1.9
614,0.0,ASP, ,N,56.87,14.43,0.0,0.99,1.0,<Residue ASP het=  resseq=576 icode= >,2a07_F_A,1.9
615,8.463,ASP, ,CA,58.54,14.82,0.0,1.61,1.0,<Residue ASP het=  resseq=576 icode= >,2a07_F_A,1.9
616,0.0,ASP, ,C,59.5,14.19,0.0,2.39,1.0,<Residue ASP het=  resseq=576 icode= >,2a07_F_A,1.9
617,0.0,ASP, ,O,60.45,13.16,0.0,0.94,1.0,<Residue ASP het=  resseq=576 icode= >,2a07_F_A,1.9
618,2.193,ASP, ,CB,58.7,14.47,0.0,0.73,1.0,<Residue ASP het=  resseq=576 icode= >,2a07_F_A,1.9
619,6.118,ASP, ,CG,59.29,15.15,0.0,1.37,1.0,<Residue ASP het=  resseq=576 icode= >,2a07_F_A,1.9
620,2.701,ASP, ,OD1,59.73,15.06,0.0,0.93,1.0,<Residue ASP het=  resseq=576 icode= >,2a07_F_A,1.9
621,32.873,ASP, ,OD2,58.67,15.79,0.0,1.99,1.0,<Residue ASP het=  resseq=576 icode= >,2a07_F_A,1.9
622,3.091,GLU, ,N,61.08,14.92,0.0,2.16,1.0,<Residue GLU het=  resseq=577 icode= >,2a07_F_A,1.9
623,0.0,GLU, ,CA,63.04,14.65,0.0,1.49,1.0,<Residue GLU het=  resseq=577 icode= >,2a07_F_A,1.9
624,0.041,GLU, ,C,63.94,14.28,0.0,1.65,1.0,<Residue GLU het=  resseq=577 icode= >,2a07_F_A,1.9
625,0.0,GLU, ,O,64.01,13.37,0.0,1.01,1.0,<Residue GLU het=  resseq=577 icode= >,2a07_F_A,1.9
626,24.649,GLU, ,CB,63.79,15.96,0.556,0.84,1.0,<Residue GLU het=  resseq=577 icode= >,2a07_F_A,1.9
627,26.057,GLU, ,CG,65.23,15.92,0.0,0.64,1.0,<Residue GLU het=  resseq=577 icode= >,2a07_F_A,1.9
628,8.231,GLU, ,CD,66.15,14.92,4.086,1.56,1.0,<Residue GLU het=  resseq=577 icode= >,2a07_F_A,1.9
629,16.432,GLU, ,OE1,66.74,14.62,16.345,0.97,1.0,<Residue GLU het=  resseq=577 icode= >,2a07_F_A,1.9
630,24.998,GLU, ,OE2,66.03,14.59,15.464,1.34,1.0,<Residue GLU het=  resseq=577 icode= >,2a07_F_A,1.9
631,0.084,VAL, ,N,64.65,14.63,0.0,1.93,1.0,<Residue VAL het=  resseq=578 icode= >,2a07_F_A,1.9
632,1.88,VAL, ,CA,65.93,13.98,0.0,1.92,1.0,<Residue VAL het=  resseq=578 icode= >,2a07_F_A,1.9
633,0.0,VAL, ,C,66.4,12.61,0.0,2.20,1.0,<Residue VAL het=  resseq=578 icode= >,2a07_F_A,1.9
634,3.785,VAL, ,O,66.8,11.67,0.0,1.43,1.0,<Residue VAL het=  resseq=578 icode= >,2a07_F_A,1.9
635,3.004,VAL, ,CB,66.44,14.92,0.0,0.74,1.0,<Residue VAL het=  resseq=578 icode= >,2a07_F_A,1.9
636,43.916,VAL, ,CG1,66.82,14.40,0.0,-0.21,1.0,<Residue VAL het=  resseq=578 icode= >,2a07_F_A,1.9
637,58.916,VAL, ,CG2,66.38,16.26,0.0,0.60,1.0,<Residue VAL het=  resseq=578 icode= >,2a07_F_A,1.9
638,0.0,GLU, ,N,67.01,12.63,0.0,2.04,1.0,<Residue GLU het=  resseq=579 icode= >,2a07_F_A,1.9
639,1.693,GLU, ,CA,67.83,11.49,0.0,1.82,1.0,<Residue GLU het=  resseq=579 icode= >,2a07_F_A,1.9
640,0.0,GLU, ,C,68.56,10.43,0.0,1.77,1.0,<Residue GLU het=  resseq=579 icode= >,2a07_F_A,1.9
641,3.21,GLU, ,O,68.05,9.22,0.0,1.60,1.0,<Residue GLU het=  resseq=579 icode= >,2a07_F_A,1.9
642,0.007,GLU, ,CB,68.13,12.06,0.0,0.43,1.0,<Residue GLU het=  resseq=579 icode= >,2a07_F_A,1.9
643,4.813,GLU, ,CG,68.05,11.01,0.0,-0.02,1.0,<Residue GLU het=  resseq=579 icode= >,2a07_F_A,1.9
644,9.379,GLU, ,CD,67.78,10.84,0.0,1.33,1.0,<Residue GLU het=  resseq=579 icode= >,2a07_F_A,1.9
645,28.73,GLU, ,OE1,67.15,11.40,0.0,1.31,1.0,<Residue GLU het=  resseq=579 icode= >,2a07_F_A,1.9
646,12.977,GLU, ,OE2,67.86,10.33,0.0,0.16,1.0,<Residue GLU het=  resseq=579 icode= >,2a07_F_A,1.9
647,0.0,TYR, ,N,69.27,10.95,0.0,1.61,1.0,<Residue TYR het=  resseq=580 icode= >,2a07_F_A,1.9
648,0.0,TYR, ,CA,70.18,9.97,0.0,1.52,1.0,<Residue TYR het=  resseq=580 icode= >,2a07_F_A,1.9
649,0.0,TYR, ,C,71.64,9.83,0.0,1.82,1.0,<Residue TYR het=  resseq=580 icode= >,2a07_F_A,1.9
650,0.0,TYR, ,O,71.91,9.14,0.0,1.33,1.0,<Residue TYR het=  resseq=580 icode= >,2a07_F_A,1.9
651,0.0,TYR, ,CB,69.15,10.49,0.0,1.09,1.0,<Residue TYR het=  resseq=580 icode= >,2a07_F_A,1.9
652,0.333,TYR, ,CG,67.77,9.57,0.333,1.65,1.0,<Residue TYR het=  resseq=580 icode= >,2a07_F_A,1.9
653,0.093,TYR, ,CD1,66.89,8.97,0.093,1.95,1.0,<Residue TYR het=  resseq=580 icode= >,2a07_F_A,1.9
654,6.919,TYR, ,CD2,67.56,9.37,4.697,1.06,1.0,<Residue TYR het=  resseq=580 icode= >,2a07_F_A,1.9
655,11.208,TYR, ,CE1,66.73,8.32,10.995,1.40,1.0,<Residue TYR het=  resseq=580 icode= >,2a07_F_A,1.9
656,27.556,TYR, ,CE2,66.67,8.54,10.918,1.55,1.0,<Residue TYR het=  resseq=580 icode= >,2a07_F_A,1.9
657,7.525,TYR, ,CZ,66.78,8.10,5.712,1.74,1.0,<Residue TYR het=  resseq=580 icode= >,2a07_F_A,1.9
658,43.477,TYR, ,OH,66.99,7.53,42.473,0.07,1.0,<Residue TYR het=  resseq=580 icode= >,2a07_F_A,1.9
659,0.0,GLN, ,N,73.44,10.33,0.0,1.70,1.0,<Residue GLN het=  resseq=581 icode= >,2a07_F_A,1.9
660,0.0,GLN, ,CA,75.21,10.20,0.0,1.76,1.0,<Residue GLN het=  resseq=581 icode= >,2a07_F_A,1.9
661,0.0,GLN, ,C,76.47,8.82,0.0,1.81,1.0,<Residue GLN het=  resseq=581 icode= >,2a07_F_A,1.9
662,4.305,GLN, ,O,76.64,8.58,0.0,1.13,1.0,<Residue GLN het=  resseq=581 icode= >,2a07_F_A,1.9
663,0.659,GLN, ,CB,75.81,11.24,0.0,-0.03,1.0,<Residue GLN het=  resseq=581 icode= >,2a07_F_A,1.9
664,15.477,GLN, ,CG,75.8,11.42,0.0,0.49,1.0,<Residue GLN het=  resseq=581 icode= >,2a07_F_A,1.9
665,7.398,GLN, ,CD,75.99,12.73,0.0,0.65,1.0,<Residue GLN het=  resseq=581 icode= >,2a07_F_A,1.9
666,22.754,GLN, ,OE1,75.83,13.04,0.0,0.32,1.0,<Residue GLN het=  resseq=581 icode= >,2a07_F_A,1.9
667,48.023,GLN, ,NE2,75.67,13.63,0.0,-0.24,1.0,<Residue GLN het=  resseq=581 icode= >,2a07_F_A,1.9
668,0.593,LYS, ,N,77.84,8.12,0.0,0.94,1.0,<Residue LYS het=  resseq=582 icode= >,2a07_F_A,1.9
669,10.437,LYS, ,CA,79.24,6.84,0.0,0.87,1.0,<Residue LYS het=  resseq=582 icode= >,2a07_F_A,1.9
670,0.0,LYS, ,C,80.49,5.89,0.0,1.09,1.0,<Residue LYS het=  resseq=582 icode= >,2a07_F_A,1.9
671,17.557,LYS, ,O,80.73,5.41,0.607,0.28,1.0,<Residue LYS het=  resseq=582 icode= >,2a07_F_A,1.9
672,16.63,LYS, ,CB,78.88,6.50,0.0,-0.41,1.0,<Residue LYS het=  resseq=582 icode= >,2a07_F_A,1.9
673,6.599,LYS, ,CG,78.22,5.11,0.14,-0.19,1.0,<Residue LYS het=  resseq=582 icode= >,2a07_F_A,1.9
674,25.302,LYS, ,CD,77.45,5.02,0.0,-0.35,1.0,<Residue LYS het=  resseq=582 icode= >,2a07_F_A,1.9
675,32.759,LYS, ,CE,76.56,3.99,17.119,0.58,1.0,<Residue LYS het=  resseq=582 icode= >,2a07_F_A,1.9
676,48.963,LYS, ,NZ,76.21,4.66,0.283,0.32,1.0,<Residue LYS het=  resseq=582 icode= >,2a07_F_A,1.9
677,0.0,ARG, ,N,81.83,6.00,0.0,1.11,1.0,<Residue ARG het=  resseq=583 icode= >,2a07_F_A,1.9
678,4.12,ARG, ,CA,83.17,5.59,1.477,0.52,1.0,<Residue ARG het=  resseq=583 icode= >,2a07_F_A,1.9
679,1.2,ARG, ,C,83.93,6.37,0.0,0.56,1.0,<Residue ARG het=  resseq=583 icode= >,2a07_F_A,1.9
680,27.438,ARG, ,O,84.13,6.21,0.0,-0.01,1.0,<Residue ARG het=  resseq=583 icode= >,2a07_F_A,1.9
681,11.951,ARG, ,CB,83.68,6.00,0.0,0.23,1.0,<Residue ARG het=  resseq=583 icode= >,2a07_F_A,1.9
682,10.725,ARG, ,CG,84.97,5.31,1.718,-0.54,1.0,<Residue ARG het=  resseq=583 icode= >,2a07_F_A,1.9
683,25.327,ARG, ,CD,85.41,4.21,18.453,-0.01,1.0,<Residue ARG het=  resseq=583 icode= >,2a07_F_A,1.9
684,4.265,ARG, ,NE,85.95,4.19,4.003,-0.01,1.0,<Residue ARG het=  resseq=583 icode= >,2a07_F_A,1.9
685,8.152,ARG, ,CZ,85.99,4.13,4.327,0.06,1.0,<Residue ARG het=  resseq=583 icode= >,2a07_F_A,1.9
686,22.612,ARG, ,NH1,85.78,3.85,12.67,0.22,1.0,<Residue ARG het=  resseq=583 icode= >,2a07_F_A,1.9
687,41.919,ARG, ,NH2,85.67,3.57,11.449,0.68,1.0,<Residue ARG het=  resseq=583 icode= >,2a07_F_A,1.9
688,0.138,ARG, ,N,84.86,7.49,0.0,1.19,1.0,<Residue ARG het=  resseq=584 icode= >,2a07_F_A,1.9
689,12.111,ARG, ,CA,86.24,8.52,0.0,1.16,1.0,<Residue ARG het=  resseq=584 icode= >,2a07_F_A,1.9
690,27.934,ARG, ,C,86.6,8.17,0.0,0.60,1.0,<Residue ARG het=  resseq=584 icode= >,2a07_F_A,1.9
691,31.533,ARG, ,O,87.02,8.60,0.0,1.03,1.0,<Residue ARG het=  resseq=584 icode= >,2a07_F_A,1.9
692,15.242,ARG, ,CB,87.51,9.70,0.0,0.02,1.0,<Residue ARG het=  resseq=584 icode= >,2a07_F_A,1.9
693,9.973,ARG, ,CG,88.93,10.43,0.0,0.06,1.0,<Residue ARG het=  resseq=584 icode= >,2a07_F_A,1.9
694,16.162,ARG, ,CD,90.41,11.69,0.0,0.28,1.0,<Residue ARG het=  resseq=584 icode= >,2a07_F_A,1.9
695,4.57,ARG, ,NE,91.3,12.49,0.0,1.51,1.0,<Residue ARG het=  resseq=584 icode= >,2a07_F_A,1.9
696,3.811,ARG, ,CZ,91.82,13.69,0.0,0.23,1.0,<Residue ARG het=  resseq=584 icode= >,2a07_F_A,1.9
697,36.247,ARG, ,NH1,91.8,14.23,0.0,0.18,1.0,<Residue ARG het=  resseq=584 icode= >,2a07_F_A,1.9
698,6.858,ARG, ,NH2,91.95,14.40,0.0,-0.28,1.0,<Residue ARG het=  resseq=584 icode= >,2a07_F_A,1.9
