,ASA,aa,altloc,atom,bfac,d2r,dASA,dens,occ,residue,id,resolu
0,49.426,VAL, ,N,18.03,1000.00,0.485,1.55,1.0,<Residue VAL het=  resseq=12 icode= >,2axy_B_A,1.7
1,11.056,VAL, ,CA,17.76,1000.00,0.0,1.23,1.0,<Residue VAL het=  resseq=12 icode= >,2axy_B_A,1.7
2,0.398,VAL, ,C,17.24,1000.00,0.0,1.74,1.0,<Residue VAL het=  resseq=12 icode= >,2axy_B_A,1.7
3,2.046,VAL, ,O,17.44,1000.00,0.1,1.61,1.0,<Residue VAL het=  resseq=12 icode= >,2axy_B_A,1.7
4,12.211,VAL, ,CB,17.94,1000.00,0.0,1.08,1.0,<Residue VAL het=  resseq=12 icode= >,2axy_B_A,1.7
5,35.792,VAL, ,CG1,18.51,1000.00,29.843,0.75,1.0,<Residue VAL het=  resseq=12 icode= >,2axy_B_A,1.7
6,54.186,VAL, ,CG2,18.61,1000.00,0.0,0.51,1.0,<Residue VAL het=  resseq=12 icode= >,2axy_B_A,1.7
7,0.513,THR, ,N,16.29,1000.00,0.0,1.85,1.0,<Residue THR het=  resseq=13 icode= >,2axy_B_A,1.7
8,0.0,THR, ,CA,15.45,1000.00,0.0,2.02,1.0,<Residue THR het=  resseq=13 icode= >,2axy_B_A,1.7
9,0.881,THR, ,C,14.18,1000.00,0.0,2.45,1.0,<Residue THR het=  resseq=13 icode= >,2axy_B_A,1.7
10,18.241,THR, ,O,14.45,1000.00,0.0,2.04,1.0,<Residue THR het=  resseq=13 icode= >,2axy_B_A,1.7
11,7.459,THR, ,CB,15.65,1000.00,0.0,1.92,1.0,<Residue THR het=  resseq=13 icode= >,2axy_B_A,1.7
12,29.997,THR, ,OG1,17.34,1000.00,0.0,1.01,1.0,<Residue THR het=  resseq=13 icode= >,2axy_B_A,1.7
13,34.369,THR, ,CG2,15.74,1000.00,0.0,1.26,1.0,<Residue THR het=  resseq=13 icode= >,2axy_B_A,1.7
14,0.0,LEU, ,N,12.67,13.03,0.0,2.89,1.0,<Residue LEU het=  resseq=14 icode= >,2axy_B_A,1.7
15,2.795,LEU, ,CA,11.1,13.52,0.0,2.20,1.0,<Residue LEU het=  resseq=14 icode= >,2axy_B_A,1.7
16,1.338,LEU, ,C,9.78,12.47,0.0,3.53,1.0,<Residue LEU het=  resseq=14 icode= >,2axy_B_A,1.7
17,1.066,LEU, ,O,7.74,11.41,0.0,4.25,1.0,<Residue LEU het=  resseq=14 icode= >,2axy_B_A,1.7
18,0.32,LEU, ,CB,11.42,14.69,0.251,2.15,1.0,<Residue LEU het=  resseq=14 icode= >,2axy_B_A,1.7
19,7.633,LEU, ,CG,12.19,16.06,7.633,1.98,1.0,<Residue LEU het=  resseq=14 icode= >,2axy_B_A,1.7
20,54.508,LEU, ,CD1,13.24,16.72,32.605,1.12,1.0,<Residue LEU het=  resseq=14 icode= >,2axy_B_A,1.7
21,4.544,LEU, ,CD2,16.05,16.10,4.544,0.15,1.0,<Residue LEU het=  resseq=14 icode= >,2axy_B_A,1.7
22,5.029,THR, ,N,8.38,12.94,0.0,3.92,1.0,<Residue THR het=  resseq=15 icode= >,2axy_B_A,1.7
23,0.0,THR, ,CA,8.47,12.41,0.0,2.93,1.0,<Residue THR het=  resseq=15 icode= >,2axy_B_A,1.7
24,0.0,THR, ,C,8.32,13.64,0.0,3.16,1.0,<Residue THR het=  resseq=15 icode= >,2axy_B_A,1.7
25,19.859,THR, ,O,8.86,14.71,9.112,4.19,1.0,<Residue THR het=  resseq=15 icode= >,2axy_B_A,1.7
26,14.548,THR, ,CB,8.53,11.98,0.0,2.83,1.0,<Residue THR het=  resseq=15 icode= >,2axy_B_A,1.7
27,24.152,THR, ,OG1,9.38,11.02,0.0,2.52,1.0,<Residue THR het=  resseq=15 icode= >,2axy_B_A,1.7
28,22.728,THR, ,CG2,10.89,11.51,0.0,1.84,1.0,<Residue THR het=  resseq=15 icode= >,2axy_B_A,1.7
29,0.0,ILE, ,N,7.02,13.61,0.0,3.83,1.0,<Residue ILE het=  resseq=16 icode= >,2axy_B_A,1.7
30,1.548,ILE, ,CA,7.3,14.83,0.0,3.66,1.0,<Residue ILE het=  resseq=16 icode= >,2axy_B_A,1.7
31,0.0,ILE, ,C,6.97,14.67,0.0,4.23,1.0,<Residue ILE het=  resseq=16 icode= >,2axy_B_A,1.7
32,0.0,ILE, ,O,7.05,13.65,0.0,4.71,1.0,<Residue ILE het=  resseq=16 icode= >,2axy_B_A,1.7
33,0.0,ILE, ,CB,7.39,15.38,0.0,3.81,1.0,<Residue ILE het=  resseq=16 icode= >,2axy_B_A,1.7
34,4.698,ILE, ,CG1,10.54,15.86,4.698,2.50,1.0,<Residue ILE het=  resseq=16 icode= >,2axy_B_A,1.7
35,18.218,ILE, ,CG2,10.08,16.53,17.158,2.29,1.0,<Residue ILE het=  resseq=16 icode= >,2axy_B_A,1.7
36,50.159,ILE, ,CD1,13.35,17.06,41.843,1.75,1.0,<Residue ILE het=  resseq=16 icode= >,2axy_B_A,1.7
37,5.604,ARG, ,N,6.11,15.37,3.445,4.06,1.0,<Residue ARG het=  resseq=17 icode= >,2axy_B_A,1.7
38,0.0,ARG, ,CA,5.85,14.94,0.0,4.07,1.0,<Residue ARG het=  resseq=17 icode= >,2axy_B_A,1.7
39,0.001,ARG, ,C,6.16,16.07,0.001,4.04,1.0,<Residue ARG het=  resseq=17 icode= >,2axy_B_A,1.7
40,23.051,ARG, ,O,7.1,17.23,23.051,5.09,1.0,<Residue ARG het=  resseq=17 icode= >,2axy_B_A,1.7
41,8.668,ARG, ,CB,5.28,14.82,8.668,4.06,1.0,<Residue ARG het=  resseq=17 icode= >,2axy_B_A,1.7
42,0.0,ARG, ,CG,8.25,13.69,0.0,2.96,1.0,<Residue ARG het=  resseq=17 icode= >,2axy_B_A,1.7
43,18.611,ARG, ,CD,9.24,14.03,1.169,2.81,1.0,<Residue ARG het=  resseq=17 icode= >,2axy_B_A,1.7
44,7.54,ARG, ,NE,15.04,15.27,2.917,1.99,1.0,<Residue ARG het=  resseq=17 icode= >,2axy_B_A,1.7
45,8.011,ARG, ,CZ,15.34,16.15,7.657,2.54,1.0,<Residue ARG het=  resseq=17 icode= >,2axy_B_A,1.7
46,50.139,ARG, ,NH1,17.65,16.02,35.863,2.33,1.0,<Residue ARG het=  resseq=17 icode= >,2axy_B_A,1.7
47,58.916,ARG, ,NH2,18.41,17.26,57.688,1.43,1.0,<Residue ARG het=  resseq=17 icode= >,2axy_B_A,1.7
48,0.0,LEU, ,N,7.08,13.36,0.0,4.13,1.0,<Residue LEU het=  resseq=18 icode= >,2axy_B_A,1.7
49,3.743,LEU, ,CA,7.43,13.67,3.743,3.45,1.0,<Residue LEU het=  resseq=18 icode= >,2axy_B_A,1.7
50,0.014,LEU, ,C,7.84,12.94,0.014,4.17,1.0,<Residue LEU het=  resseq=18 icode= >,2axy_B_A,1.7
51,0.0,LEU, ,O,8.37,11.76,0.0,5.84,1.0,<Residue LEU het=  resseq=18 icode= >,2axy_B_A,1.7
52,3.826,LEU, ,CB,7.91,13.41,3.438,3.89,1.0,<Residue LEU het=  resseq=18 icode= >,2axy_B_A,1.7
53,0.0,LEU, ,CG,10.75,13.61,0.0,3.31,1.0,<Residue LEU het=  resseq=18 icode= >,2axy_B_A,1.7
54,0.553,LEU, ,CD1,13.71,13.27,0.553,2.56,1.0,<Residue LEU het=  resseq=18 icode= >,2axy_B_A,1.7
55,17.333,LEU, ,CD2,13.48,15.10,17.333,2.20,1.0,<Residue LEU het=  resseq=18 icode= >,2axy_B_A,1.7
56,5.941,LEU, ,N,7.82,14.82,5.941,5.43,1.0,<Residue LEU het=  resseq=19 icode= >,2axy_B_A,1.7
57,0.0,LEU, ,CA,8.77,13.87,0.0,3.92,1.0,<Residue LEU het=  resseq=19 icode= >,2axy_B_A,1.7
58,0.0,LEU, ,C,9.46,12.66,0.0,3.51,1.0,<Residue LEU het=  resseq=19 icode= >,2axy_B_A,1.7
59,19.99,LEU, ,O,9.62,11.94,13.812,3.91,1.0,<Residue LEU het=  resseq=19 icode= >,2axy_B_A,1.7
60,7.096,LEU, ,CB,9.34,13.55,7.096,3.22,1.0,<Residue LEU het=  resseq=19 icode= >,2axy_B_A,1.7
61,8.478,LEU, ,CG,10.33,14.72,8.478,2.46,1.0,<Residue LEU het=  resseq=19 icode= >,2axy_B_A,1.7
62,57.683,LEU, ,CD1,13.08,14.47,55.112,1.57,1.0,<Residue LEU het=  resseq=19 icode= >,2axy_B_A,1.7
63,21.91,LEU, ,CD2,12.15,15.17,9.932,2.25,1.0,<Residue LEU het=  resseq=19 icode= >,2axy_B_A,1.7
64,0.0,MET, ,N,9.81,10.94,0.0,4.22,1.0,<Residue MET het=  resseq=20 icode= >,2axy_B_A,1.7
65,1.216,MET, ,CA,11.88,10.04,0.0,3.75,1.0,<Residue MET het=  resseq=20 icode= >,2axy_B_A,1.7
66,0.0,MET, ,C,11.85,9.05,0.0,4.04,1.0,<Residue MET het=  resseq=20 icode= >,2axy_B_A,1.7
67,0.0,MET, ,O,11.23,8.50,0.0,3.89,1.0,<Residue MET het=  resseq=20 icode= >,2axy_B_A,1.7
68,0.0,MET, ,CB,13.75,9.41,0.0,3.07,1.0,<Residue MET het=  resseq=20 icode= >,2axy_B_A,1.7
69,0.0,MET, ,CG,20.17,10.46,0.0,0.85,1.0,<Residue MET het=  resseq=20 icode= >,2axy_B_A,1.7
70,8.999,MET, ,S,32.97,10.71,0.322,7.76,1.0,<Residue MET het=  resseq=20 icode= >,2axy_B_A,1.7
71,16.425,MET, ,CE,23.55,12.31,14.728,1.49,1.0,<Residue MET het=  resseq=20 icode= >,2axy_B_A,1.7
72,1.59,HIS, ,N,11.95,9.04,0.0,3.59,1.0,<Residue HIS het=  resseq=21 icode= >,2axy_B_A,1.7
73,0.0,HIS, ,CA,12.47,8.25,0.0,2.89,1.0,<Residue HIS het=  resseq=21 icode= >,2axy_B_A,1.7
74,0.0,HIS, ,C,12.01,6.75,0.0,3.84,1.0,<Residue HIS het=  resseq=21 icode= >,2axy_B_A,1.7
75,0.0,HIS, ,O,11.3,6.41,0.0,4.23,1.0,<Residue HIS het=  resseq=21 icode= >,2axy_B_A,1.7
76,10.042,HIS, ,CB,12.83,7.57,0.0,2.64,1.0,<Residue HIS het=  resseq=21 icode= >,2axy_B_A,1.7
77,2.674,HIS, ,CG,15.0,6.74,0.0,3.68,1.0,<Residue HIS het=  resseq=21 icode= >,2axy_B_A,1.7
78,5.971,HIS, ,ND1,19.16,7.05,0.0,2.23,1.0,<Residue HIS het=  resseq=21 icode= >,2axy_B_A,1.7
79,32.405,HIS, ,CD2,19.25,5.92,0.0,1.73,1.0,<Residue HIS het=  resseq=21 icode= >,2axy_B_A,1.7
80,25.606,HIS, ,CE1,18.88,6.52,2.911,1.97,1.0,<Residue HIS het=  resseq=21 icode= >,2axy_B_A,1.7
81,30.215,HIS, ,NE2,20.16,5.77,3.163,1.91,1.0,<Residue HIS het=  resseq=21 icode= >,2axy_B_A,1.7
82,3.438,GLY, ,N,13.21,6.05,0.0,2.96,1.0,<Residue GLY het=  resseq=22 icode= >,2axy_B_A,1.7
83,18.359,GLY, ,CA,12.66,4.59,2.083,3.15,1.0,<Residue GLY het=  resseq=22 icode= >,2axy_B_A,1.7
84,4.718,GLY, ,C,12.76,4.10,2.146,3.54,1.0,<Residue GLY het=  resseq=22 icode= >,2axy_B_A,1.7
85,6.454,GLY, ,O,13.17,3.22,6.454,3.02,1.0,<Residue GLY het=  resseq=22 icode= >,2axy_B_A,1.7
86,6.579,LYS, ,N,12.46,5.08,0.0,3.39,1.0,<Residue LYS het=  resseq=23 icode= >,2axy_B_A,1.7
87,9.577,LYS, ,CA,12.59,5.40,0.316,2.93,1.0,<Residue LYS het=  resseq=23 icode= >,2axy_B_A,1.7
88,0.0,LYS, ,C,11.72,5.61,0.0,4.06,1.0,<Residue LYS het=  resseq=23 icode= >,2axy_B_A,1.7
89,2.878,LYS, ,O,12.23,4.61,1.782,3.66,1.0,<Residue LYS het=  resseq=23 icode= >,2axy_B_A,1.7
90,18.293,LYS, ,CB,13.63,6.83,0.0,1.64,1.0,<Residue LYS het=  resseq=23 icode= >,2axy_B_A,1.7
91,32.56,LYS, ,CG,15.94,6.49,0.0,1.13,1.0,<Residue LYS het=  resseq=23 icode= >,2axy_B_A,1.7
92,9.389,LYS, ,CD,21.54,5.82,0.0,-0.57,1.0,<Residue LYS het=  resseq=23 icode= >,2axy_B_A,1.7
93,43.735,LYS, ,CE,22.0,5.15,3.492,0.33,1.0,<Residue LYS het=  resseq=23 icode= >,2axy_B_A,1.7
94,36.863,LYS, ,NZ,21.52,3.97,13.513,1.18,1.0,<Residue LYS het=  resseq=23 icode= >,2axy_B_A,1.7
95,0.0,GLU, ,N,10.02,6.41,0.0,4.49,1.0,<Residue GLU het=  resseq=24 icode= >,2axy_B_A,1.7
96,0.693,GLU, ,CA,9.23,6.88,0.0,3.47,1.0,<Residue GLU het=  resseq=24 icode= >,2axy_B_A,1.7
97,0.0,GLU, ,C,7.76,6.40,0.0,4.88,1.0,<Residue GLU het=  resseq=24 icode= >,2axy_B_A,1.7
98,0.0,GLU, ,O,6.46,6.33,0.0,5.14,1.0,<Residue GLU het=  resseq=24 icode= >,2axy_B_A,1.7
99,0.0,GLU, ,CB,8.96,8.31,0.0,3.16,1.0,<Residue GLU het=  resseq=24 icode= >,2axy_B_A,1.7
100,14.107,GLU, ,CG,12.7,8.56,0.0,2.39,1.0,<Residue GLU het=  resseq=24 icode= >,2axy_B_A,1.7
101,7.639,GLU, ,CD,17.09,8.43,0.0,2.34,1.0,<Residue GLU het=  resseq=24 icode= >,2axy_B_A,1.7
102,26.282,GLU, ,OE1,21.88,8.20,0.0,1.36,1.0,<Residue GLU het=  resseq=24 icode= >,2axy_B_A,1.7
103,2.795,GLU, ,OE2,17.09,7.89,0.0,1.92,1.0,<Residue GLU het=  resseq=24 icode= >,2axy_B_A,1.7
104,0.0,VAL, ,N,7.12,5.54,0.0,4.21,1.0,<Residue VAL het=  resseq=25 icode= >,2axy_B_A,1.7
105,0.0,VAL, ,CA,7.05,5.17,0.0,3.44,1.0,<Residue VAL het=  resseq=25 icode= >,2axy_B_A,1.7
106,0.0,VAL, ,C,6.69,4.57,0.0,4.79,1.0,<Residue VAL het=  resseq=25 icode= >,2axy_B_A,1.7
107,0.0,VAL, ,O,7.28,5.23,0.0,4.19,1.0,<Residue VAL het=  resseq=25 icode= >,2axy_B_A,1.7
108,0.0,VAL, ,CB,7.53,4.74,0.0,3.04,1.0,<Residue VAL het=  resseq=25 icode= >,2axy_B_A,1.7
109,0.965,VAL, ,CG1,7.96,4.14,0.965,2.98,1.0,<Residue VAL het=  resseq=25 icode= >,2axy_B_A,1.7
110,0.0,VAL, ,CG2,6.99,6.01,0.0,2.88,1.0,<Residue VAL het=  resseq=25 icode= >,2axy_B_A,1.7
111,0.467,GLY, ,N,6.65,3.69,0.467,3.83,1.0,<Residue GLY het=  resseq=26 icode= >,2axy_B_A,1.7
112,31.451,GLY, ,CA,6.09,3.73,29.818,3.61,1.0,<Residue GLY het=  resseq=26 icode= >,2axy_B_A,1.7
113,4.945,GLY, ,C,6.3,3.42,4.945,4.97,1.0,<Residue GLY het=  resseq=26 icode= >,2axy_B_A,1.7
114,7.104,GLY, ,O,6.45,3.34,7.104,4.68,1.0,<Residue GLY het=  resseq=26 icode= >,2axy_B_A,1.7
115,1.39,SER, ,N,6.47,3.52,1.39,4.14,1.0,<Residue SER het=  resseq=27 icode= >,2axy_B_A,1.7
116,10.418,SER, ,CA,7.36,3.65,10.418,3.09,1.0,<Residue SER het=  resseq=27 icode= >,2axy_B_A,1.7
117,0.0,SER, ,C,6.92,4.81,0.0,3.42,1.0,<Residue SER het=  resseq=27 icode= >,2axy_B_A,1.7
118,2.351,SER, ,O,6.39,4.80,2.177,4.91,1.0,<Residue SER het=  resseq=27 icode= >,2axy_B_A,1.7
119,12.781,SER, ,CB,7.32,3.42,6.473,3.40,1.0,<Residue SER het=  resseq=27 icode= >,2axy_B_A,1.7
120,13.638,SER, ,OG,13.03,3.26,8.844,1.77,1.0,<Residue SER het=  resseq=27 icode= >,2axy_B_A,1.7
121,0.0,ILE, ,N,6.08,5.95,0.0,3.29,1.0,<Residue ILE het=  resseq=28 icode= >,2axy_B_A,1.7
122,0.0,ILE, ,CA,5.43,7.21,0.0,3.43,1.0,<Residue ILE het=  resseq=28 icode= >,2axy_B_A,1.7
123,0.0,ILE, ,C,4.98,7.31,0.0,5.44,1.0,<Residue ILE het=  resseq=28 icode= >,2axy_B_A,1.7
124,0.0,ILE, ,O,4.35,7.60,0.0,5.99,1.0,<Residue ILE het=  resseq=28 icode= >,2axy_B_A,1.7
125,0.0,ILE, ,CB,5.04,8.40,0.0,3.97,1.0,<Residue ILE het=  resseq=28 icode= >,2axy_B_A,1.7
126,0.0,ILE, ,CG1,6.98,8.42,0.0,2.99,1.0,<Residue ILE het=  resseq=28 icode= >,2axy_B_A,1.7
127,0.0,ILE, ,CG2,4.22,8.19,0.0,3.58,1.0,<Residue ILE het=  resseq=28 icode= >,2axy_B_A,1.7
128,0.0,ILE, ,CD1,10.23,9.28,0.0,2.50,1.0,<Residue ILE het=  resseq=28 icode= >,2axy_B_A,1.7
129,0.0,ILE, ,N,5.29,6.50,0.0,4.34,1.0,<Residue ILE het=  resseq=29 icode= >,2axy_B_A,1.7
130,0.0,ILE, ,CA,5.96,5.56,0.0,3.21,1.0,<Residue ILE het=  resseq=29 icode= >,2axy_B_A,1.7
131,0.0,ILE, ,C,6.2,5.63,0.0,3.99,1.0,<Residue ILE het=  resseq=29 icode= >,2axy_B_A,1.7
132,0.0,ILE, ,O,6.05,5.68,0.0,4.18,1.0,<Residue ILE het=  resseq=29 icode= >,2axy_B_A,1.7
133,1.284,ILE, ,CB,6.32,4.13,1.284,2.85,1.0,<Residue ILE het=  resseq=29 icode= >,2axy_B_A,1.7
134,0.563,ILE, ,CG1,5.55,4.53,0.563,2.94,1.0,<Residue ILE het=  resseq=29 icode= >,2axy_B_A,1.7
135,22.301,ILE, ,CG2,6.81,3.38,22.301,2.18,1.0,<Residue ILE het=  resseq=29 icode= >,2axy_B_A,1.7
136,27.246,ILE, ,CD1,7.07,3.45,27.246,2.36,1.0,<Residue ILE het=  resseq=29 icode= >,2axy_B_A,1.7
137,0.001,GLY, ,N,6.54,4.59,0.001,3.37,1.0,<Residue GLY het=  resseq=30 icode= >,2axy_B_A,1.7
138,14.091,GLY, ,CA,6.52,3.81,10.544,2.64,1.0,<Residue GLY het=  resseq=30 icode= >,2axy_B_A,1.7
139,3.369,GLY, ,C,7.31,4.00,3.369,2.84,1.0,<Residue GLY het=  resseq=30 icode= >,2axy_B_A,1.7
140,5.892,GLY, ,O,6.6,3.76,5.892,3.27,1.0,<Residue GLY het=  resseq=30 icode= >,2axy_B_A,1.7
141,6.894,LYS, ,N,7.86,3.64,4.223,2.40,1.0,<Residue LYS het=  resseq=31 icode= >,2axy_B_A,1.7
142,3.23,LYS, ,CA,9.04,3.58,3.23,2.20,1.0,<Residue LYS het=  resseq=31 icode= >,2axy_B_A,1.7
143,0.0,LYS, ,C,9.04,3.69,0.0,3.14,1.0,<Residue LYS het=  resseq=31 icode= >,2axy_B_A,1.7
144,0.0,LYS, ,O,9.13,4.87,0.0,3.25,1.0,<Residue LYS het=  resseq=31 icode= >,2axy_B_A,1.7
145,11.665,LYS, ,CB,9.8,4.42,0.0,1.68,1.0,<Residue LYS het=  resseq=31 icode= >,2axy_B_A,1.7
146,32.529,LYS, ,CG,12.0,3.90,13.435,1.78,1.0,<Residue LYS het=  resseq=31 icode= >,2axy_B_A,1.7
147,33.805,LYS, ,CD,15.58,3.37,24.078,0.92,1.0,<Residue LYS het=  resseq=31 icode= >,2axy_B_A,1.7
148,42.191,LYS, ,CE,18.3,4.28,0.788,0.51,1.0,<Residue LYS het=  resseq=31 icode= >,2axy_B_A,1.7
149,17.147,LYS, ,NZ,19.0,3.12,9.728,1.14,1.0,<Residue LYS het=  resseq=31 icode= >,2axy_B_A,1.7
150,6.681,LYS, ,N,8.94,2.74,6.681,2.98,1.0,<Residue LYS het=  resseq=32 icode= >,2axy_B_A,1.7
151,12.378,LYS, ,CA,9.11,3.52,11.298,2.48,1.0,<Residue LYS het=  resseq=32 icode= >,2axy_B_A,1.7
152,4.795,LYS, ,C,9.04,4.02,4.795,2.92,1.0,<Residue LYS het=  resseq=32 icode= >,2axy_B_A,1.7
153,23.685,LYS, ,O,9.66,3.81,7.859,2.73,1.0,<Residue LYS het=  resseq=32 icode= >,2axy_B_A,1.7
154,10.227,LYS, ,CB,9.08,4.42,0.0,1.66,1.0,<Residue LYS het=  resseq=32 icode= >,2axy_B_A,1.7
155,25.311,LYS, ,CG,10.95,4.23,0.6,1.57,1.0,<Residue LYS het=  resseq=32 icode= >,2axy_B_A,1.7
156,9.302,LYS, ,CD,13.41,3.82,0.424,0.70,1.0,<Residue LYS het=  resseq=32 icode= >,2axy_B_A,1.7
157,36.488,LYS, ,CE,15.13,4.24,2.567,0.82,1.0,<Residue LYS het=  resseq=32 icode= >,2axy_B_A,1.7
158,42.059,LYS, ,NZ,16.01,5.45,0.0,0.94,1.0,<Residue LYS het=  resseq=32 icode= >,2axy_B_A,1.7
159,2.936,GLY, ,N,8.41,3.79,2.936,2.54,1.0,<Residue GLY het=  resseq=33 icode= >,2axy_B_A,1.7
160,11.746,GLY, ,CA,8.05,3.43,11.267,3.13,1.0,<Residue GLY het=  resseq=33 icode= >,2axy_B_A,1.7
161,0.984,GLY, ,C,8.0,4.78,0.0,4.38,1.0,<Residue GLY het=  resseq=33 icode= >,2axy_B_A,1.7
162,1.208,GLY, ,O,8.33,5.07,0.322,4.10,1.0,<Residue GLY het=  resseq=33 icode= >,2axy_B_A,1.7
163,0.0,GLU, ,N,8.11,5.84,0.0,3.28,1.0,<Residue GLU het=  resseq=34 icode= >,2axy_B_A,1.7
164,1.303,GLU, ,CA,8.69,7.17,0.0,3.12,1.0,<Residue GLU het=  resseq=34 icode= >,2axy_B_A,1.7
165,1.138,GLU, ,C,8.55,7.72,0.0,4.09,1.0,<Residue GLU het=  resseq=34 icode= >,2axy_B_A,1.7
166,6.028,GLU, ,O,8.81,8.43,0.0,4.01,1.0,<Residue GLU het=  resseq=34 icode= >,2axy_B_A,1.7
167,15.599,GLU, ,CB,9.46,8.00,0.0,1.72,1.0,<Residue GLU het=  resseq=34 icode= >,2axy_B_A,1.7
168,23.27,GLU, ,CG,12.32,7.89,0.0,0.52,1.0,<Residue GLU het=  resseq=34 icode= >,2axy_B_A,1.7
169,8.199,GLU, ,CD,17.06,7.70,0.0,0.78,1.0,<Residue GLU het=  resseq=34 icode= >,2axy_B_A,1.7
170,30.04,GLU, ,OE1,20.28,7.53,0.0,0.76,1.0,<Residue GLU het=  resseq=34 icode= >,2axy_B_A,1.7
171,27.646,GLU, ,OE2,18.12,7.43,0.0,1.48,1.0,<Residue GLU het=  resseq=34 icode= >,2axy_B_A,1.7
172,0.37,SER, ,N,8.59,7.60,0.0,3.16,1.0,<Residue SER het=  resseq=35 icode= >,2axy_B_A,1.7
173,5.515,SER, ,CA,8.19,7.83,0.0,2.97,1.0,<Residue SER het=  resseq=35 icode= >,2axy_B_A,1.7
174,0.0,SER, ,C,8.15,7.88,0.0,4.11,1.0,<Residue SER het=  resseq=35 icode= >,2axy_B_A,1.7
175,0.351,SER, ,O,8.16,8.72,0.0,3.69,1.0,<Residue SER het=  resseq=35 icode= >,2axy_B_A,1.7
176,7.089,SER, ,CB,8.62,6.68,0.0,2.18,1.0,<Residue SER het=  resseq=35 icode= >,2axy_B_A,1.7
177,2.038,SER, ,OG,10.96,7.35,0.0,2.64,1.0,<Residue SER het=  resseq=35 icode= >,2axy_B_A,1.7
178,0.0,VAL, ,N,7.91,6.66,0.0,3.82,1.0,<Residue VAL het=  resseq=36 icode= >,2axy_B_A,1.7
179,0.0,VAL, ,CA,7.91,6.03,0.0,3.63,1.0,<Residue VAL het=  resseq=36 icode= >,2axy_B_A,1.7
180,0.0,VAL, ,C,8.07,6.27,0.0,4.02,1.0,<Residue VAL het=  resseq=36 icode= >,2axy_B_A,1.7
181,0.0,VAL, ,O,8.64,6.69,0.0,4.35,1.0,<Residue VAL het=  resseq=36 icode= >,2axy_B_A,1.7
182,0.0,VAL, ,CB,7.9,4.63,0.0,3.49,1.0,<Residue VAL het=  resseq=36 icode= >,2axy_B_A,1.7
183,7.052,VAL, ,CG1,6.43,3.74,6.861,3.18,1.0,<Residue VAL het=  resseq=36 icode= >,2axy_B_A,1.7
184,0.0,VAL, ,CG2,8.22,4.36,0.0,2.57,1.0,<Residue VAL het=  resseq=36 icode= >,2axy_B_A,1.7
185,0.0,LYS, ,N,8.89,6.34,0.0,3.59,1.0,<Residue LYS het=  resseq=37 icode= >,2axy_B_A,1.7
186,2.753,LYS, ,CA,9.6,6.77,0.0,2.91,1.0,<Residue LYS het=  resseq=37 icode= >,2axy_B_A,1.7
187,0.0,LYS, ,C,9.6,8.27,0.0,3.28,1.0,<Residue LYS het=  resseq=37 icode= >,2axy_B_A,1.7
188,0.115,LYS, ,O,9.29,8.67,0.0,3.20,1.0,<Residue LYS het=  resseq=37 icode= >,2axy_B_A,1.7
189,5.04,LYS, ,CB,10.36,6.73,0.0,1.53,1.0,<Residue LYS het=  resseq=37 icode= >,2axy_B_A,1.7
190,8.744,LYS, ,CG,12.09,7.31,0.0,2.01,1.0,<Residue LYS het=  resseq=37 icode= >,2axy_B_A,1.7
191,29.272,LYS, ,CD,15.22,6.69,0.0,1.51,1.0,<Residue LYS het=  resseq=37 icode= >,2axy_B_A,1.7
192,44.453,LYS, ,CE,18.4,7.44,0.0,0.78,1.0,<Residue LYS het=  resseq=37 icode= >,2axy_B_A,1.7
193,28.696,LYS, ,NZ,19.52,7.52,0.0,1.05,1.0,<Residue LYS het=  resseq=37 icode= >,2axy_B_A,1.7
194,0.109,LYS, ,N,9.84,9.02,0.0,3.59,1.0,<Residue LYS het=  resseq=38 icode= >,2axy_B_A,1.7
195,1.925,LYS, ,CA,10.84,10.45,0.0,3.43,1.0,<Residue LYS het=  resseq=38 icode= >,2axy_B_A,1.7
196,0.0,LYS, ,C,11.19,10.56,0.0,3.68,1.0,<Residue LYS het=  resseq=38 icode= >,2axy_B_A,1.7
197,0.0,LYS, ,O,11.54,11.45,0.0,3.52,1.0,<Residue LYS het=  resseq=38 icode= >,2axy_B_A,1.7
198,7.572,LYS, ,CB,10.85,11.14,0.0,2.84,1.0,<Residue LYS het=  resseq=38 icode= >,2axy_B_A,1.7
199,5.694,LYS, ,CG,13.65,12.55,0.0,1.45,1.0,<Residue LYS het=  resseq=38 icode= >,2axy_B_A,1.7
200,26.659,LYS, ,CD,18.04,11.65,0.0,0.94,1.0,<Residue LYS het=  resseq=38 icode= >,2axy_B_A,1.7
201,31.091,LYS, ,CE,18.7,12.60,0.0,0.94,1.0,<Residue LYS het=  resseq=38 icode= >,2axy_B_A,1.7
202,37.605,LYS, ,NZ,21.56,13.42,0.0,0.93,1.0,<Residue LYS het=  resseq=38 icode= >,2axy_B_A,1.7
203,0.0,MET, ,N,12.36,9.74,0.0,2.92,1.0,<Residue MET het=  resseq=39 icode= >,2axy_B_A,1.7
204,0.0,MET, ,CA,14.12,9.94,0.0,2.54,1.0,<Residue MET het=  resseq=39 icode= >,2axy_B_A,1.7
205,0.0,MET, ,C,13.0,9.84,0.0,4.07,1.0,<Residue MET het=  resseq=39 icode= >,2axy_B_A,1.7
206,0.0,MET, ,O,13.29,10.72,0.0,3.55,1.0,<Residue MET het=  resseq=39 icode= >,2axy_B_A,1.7
207,0.0,MET, ,CB,12.6,9.24,0.0,2.87,1.0,<Residue MET het=  resseq=39 icode= >,2axy_B_A,1.7
208,3.833,MET, ,CG,15.22,9.79,0.0,2.30,1.0,<Residue MET het=  resseq=39 icode= >,2axy_B_A,1.7
209,0.536,MET, ,S,21.57,9.40,0.0,10.89,1.0,<Residue MET het=  resseq=39 icode= >,2axy_B_A,1.7
210,0.0,MET, ,CE,21.44,9.79,0.0,0.15,1.0,<Residue MET het=  resseq=39 icode= >,2axy_B_A,1.7
211,0.0,ARG, ,N,13.23,8.85,0.0,4.23,1.0,<Residue ARG het=  resseq=40 icode= >,2axy_B_A,1.7
212,0.0,ARG, ,CA,13.59,8.35,0.0,2.85,1.0,<Residue ARG het=  resseq=40 icode= >,2axy_B_A,1.7
213,1.242,ARG, ,C,14.46,8.71,0.0,2.43,1.0,<Residue ARG het=  resseq=40 icode= >,2axy_B_A,1.7
214,11.749,ARG, ,O,15.45,8.39,0.0,1.87,1.0,<Residue ARG het=  resseq=40 icode= >,2axy_B_A,1.7
215,14.076,ARG, ,CB,13.06,7.31,0.0,2.39,1.0,<Residue ARG het=  resseq=40 icode= >,2axy_B_A,1.7
216,0.915,ARG, ,CG,12.78,6.64,0.0,2.23,1.0,<Residue ARG het=  resseq=40 icode= >,2axy_B_A,1.7
217,23.554,ARG, ,CD,11.95,5.60,2.524,2.86,1.0,<Residue ARG het=  resseq=40 icode= >,2axy_B_A,1.7
218,4.7,ARG, ,NE,11.26,4.67,0.061,4.11,1.0,<Residue ARG het=  resseq=40 icode= >,2axy_B_A,1.7
219,4.14,ARG, ,CZ,11.62,3.36,3.469,3.69,1.0,<Residue ARG het=  resseq=40 icode= >,2axy_B_A,1.7
220,26.922,ARG, ,NH1,10.51,2.98,24.755,3.11,1.0,<Residue ARG het=  resseq=40 icode= >,2axy_B_A,1.7
221,21.384,ARG, ,NH2,10.23,2.89,18.368,3.01,1.0,<Residue ARG het=  resseq=40 icode= >,2axy_B_A,1.7
222,0.0,GLU, ,N,14.14,9.65,0.0,2.40,1.0,<Residue GLU het=  resseq=41 icode= >,2axy_B_A,1.7
223,7.042,GLU, ,CA,14.71,10.32,0.0,2.18,1.0,<Residue GLU het=  resseq=41 icode= >,2axy_B_A,1.7
224,0.695,GLU, ,C,14.26,11.23,0.0,2.98,1.0,<Residue GLU het=  resseq=41 icode= >,2axy_B_A,1.7
225,28.208,GLU, ,O,15.19,11.40,0.0,2.47,1.0,<Residue GLU het=  resseq=41 icode= >,2axy_B_A,1.7
226,12.939,GLU, ,CB,14.83,11.15,0.0,1.75,1.0,<Residue GLU het=  resseq=41 icode= >,2axy_B_A,1.7
227,18.735,GLU, ,CG,17.08,9.92,0.0,1.23,1.0,<Residue GLU het=  resseq=41 icode= >,2axy_B_A,1.7
228,7.514,GLU, ,CD,19.22,10.22,0.0,1.54,1.0,<Residue GLU het=  resseq=41 icode= >,2axy_B_A,1.7
229,26.979,GLU, ,OE1,21.72,11.12,0.0,0.84,1.0,<Residue GLU het=  resseq=41 icode= >,2axy_B_A,1.7
230,19.314,GLU, ,OE2,20.53,9.71,0.0,1.08,1.0,<Residue GLU het=  resseq=41 icode= >,2axy_B_A,1.7
231,0.0,GLU, ,N,13.82,12.01,0.0,2.96,1.0,<Residue GLU het=  resseq=42 icode= >,2axy_B_A,1.7
232,5.355,GLU, ,CA,13.58,13.09,0.0,2.29,1.0,<Residue GLU het=  resseq=42 icode= >,2axy_B_A,1.7
233,0.777,GLU, ,C,12.73,13.03,0.0,2.67,1.0,<Residue GLU het=  resseq=42 icode= >,2axy_B_A,1.7
234,16.557,GLU, ,O,12.6,13.84,0.0,2.56,1.0,<Residue GLU het=  resseq=42 icode= >,2axy_B_A,1.7
235,25.236,GLU, ,CB,14.73,14.45,0.0,1.34,1.0,<Residue GLU het=  resseq=42 icode= >,2axy_B_A,1.7
236,0.344,GLU, ,CG,17.37,14.36,0.0,1.06,1.0,<Residue GLU het=  resseq=42 icode= >,2axy_B_A,1.7
237,4.089,GLU, ,CD,21.91,15.19,0.0,1.12,1.0,<Residue GLU het=  resseq=42 icode= >,2axy_B_A,1.7
238,23.24,GLU, ,OE1,24.65,15.78,0.0,0.93,1.0,<Residue GLU het=  resseq=42 icode= >,2axy_B_A,1.7
239,22.568,GLU, ,OE2,24.05,15.41,0.0,1.42,1.0,<Residue GLU het=  resseq=42 icode= >,2axy_B_A,1.7
240,0.0,SER, ,N,11.23,12.20,0.0,2.46,1.0,<Residue SER het=  resseq=43 icode= >,2axy_B_A,1.7
241,0.0,SER, ,CA,10.25,12.33,0.0,2.55,1.0,<Residue SER het=  resseq=43 icode= >,2axy_B_A,1.7
242,0.78,SER, ,C,9.81,11.79,0.0,3.70,1.0,<Residue SER het=  resseq=43 icode= >,2axy_B_A,1.7
243,2.86,SER, ,O,10.31,12.44,0.0,3.61,1.0,<Residue SER het=  resseq=43 icode= >,2axy_B_A,1.7
244,0.0,SER, ,CB,9.68,11.85,0.0,3.01,1.0,<Residue SER het=  resseq=43 icode= >,2axy_B_A,1.7
245,0.0,SER, ,OG,7.67,10.44,0.0,4.14,1.0,<Residue SER het=  resseq=43 icode= >,2axy_B_A,1.7
246,0.483,GLY, ,N,9.16,10.74,0.0,2.94,1.0,<Residue GLY het=  resseq=44 icode= >,2axy_B_A,1.7
247,33.135,GLY, ,CA,9.34,10.18,0.0,1.78,1.0,<Residue GLY het=  resseq=44 icode= >,2axy_B_A,1.7
248,2.357,GLY, ,C,9.38,9.36,0.0,2.11,1.0,<Residue GLY het=  resseq=44 icode= >,2axy_B_A,1.7
249,20.549,GLY, ,O,9.64,8.91,0.0,2.64,1.0,<Residue GLY het=  resseq=44 icode= >,2axy_B_A,1.7
250,0.0,ALA, ,N,8.59,9.20,0.0,2.99,1.0,<Residue ALA het=  resseq=45 icode= >,2axy_B_A,1.7
251,0.0,ALA, ,CA,8.59,8.68,0.0,2.94,1.0,<Residue ALA het=  resseq=45 icode= >,2axy_B_A,1.7
252,1.9,ALA, ,C,8.89,7.27,0.0,3.87,1.0,<Residue ALA het=  resseq=45 icode= >,2axy_B_A,1.7
253,4.344,ALA, ,O,10.16,6.96,0.0,3.30,1.0,<Residue ALA het=  resseq=45 icode= >,2axy_B_A,1.7
254,0.0,ALA, ,CB,8.32,9.70,0.0,2.46,1.0,<Residue ALA het=  resseq=45 icode= >,2axy_B_A,1.7
255,0.0,ARG, ,N,9.3,6.65,0.0,3.54,1.0,<Residue ARG het=  resseq=46 icode= >,2axy_B_A,1.7
256,4.844,ARG, ,CA,10.21,5.55,1.521,2.70,1.0,<Residue ARG het=  resseq=46 icode= >,2axy_B_A,1.7
257,0.679,ARG, ,C,9.54,6.36,0.0,3.82,1.0,<Residue ARG het=  resseq=46 icode= >,2axy_B_A,1.7
258,0.594,ARG, ,O,9.92,7.41,0.0,3.69,1.0,<Residue ARG het=  resseq=46 icode= >,2axy_B_A,1.7
259,13.661,ARG, ,CB,11.0,4.99,1.488,1.41,1.0,<Residue ARG het=  resseq=46 icode= >,2axy_B_A,1.7
260,34.533,ARG, ,CG,15.25,3.72,26.301,0.63,1.0,<Residue ARG het=  resseq=46 icode= >,2axy_B_A,1.7
261,24.914,ARG, ,CD,22.0,4.11,4.363,0.21,1.0,<Residue ARG het=  resseq=46 icode= >,2axy_B_A,1.7
262,12.56,ARG, ,NE,24.74,4.37,3.62,0.90,1.0,<Residue ARG het=  resseq=46 icode= >,2axy_B_A,1.7
263,4.528,ARG, ,CZ,25.58,5.52,0.0,2.03,1.0,<Residue ARG het=  resseq=46 icode= >,2axy_B_A,1.7
264,18.059,ARG, ,NH1,25.99,6.35,0.0,1.16,1.0,<Residue ARG het=  resseq=46 icode= >,2axy_B_A,1.7
265,45.304,ARG, ,NH2,27.47,6.10,0.0,0.76,1.0,<Residue ARG het=  resseq=46 icode= >,2axy_B_A,1.7
266,2.352,ILE, ,N,9.32,6.17,0.025,3.88,1.0,<Residue ILE het=  resseq=47 icode= >,2axy_B_A,1.7
267,0.0,ILE, ,CA,8.79,7.30,0.0,4.34,1.0,<Residue ILE het=  resseq=47 icode= >,2axy_B_A,1.7
268,1.451,ILE, ,C,8.77,6.52,0.0,3.86,1.0,<Residue ILE het=  resseq=47 icode= >,2axy_B_A,1.7
269,6.848,ILE, ,O,8.39,5.67,0.0,3.39,1.0,<Residue ILE het=  resseq=47 icode= >,2axy_B_A,1.7
270,0.0,ILE, ,CB,9.36,7.17,0.0,3.00,1.0,<Residue ILE het=  resseq=47 icode= >,2axy_B_A,1.7
271,0.0,ILE, ,CG1,9.48,8.52,0.0,2.51,1.0,<Residue ILE het=  resseq=47 icode= >,2axy_B_A,1.7
272,0.0,ILE, ,CG2,8.47,6.74,0.0,3.02,1.0,<Residue ILE het=  resseq=47 icode= >,2axy_B_A,1.7
273,0.0,ILE, ,CD1,9.65,8.68,0.0,2.37,1.0,<Residue ILE het=  resseq=47 icode= >,2axy_B_A,1.7
274,0.548,ASN, ,N,8.17,6.87,0.0,4.40,1.0,<Residue ASN het=  resseq=48 icode= >,2axy_B_A,1.7
275,0.199,ASN, ,CA,8.39,5.89,0.0,3.72,1.0,<Residue ASN het=  resseq=48 icode= >,2axy_B_A,1.7
276,0.0,ASN, ,C,8.21,5.78,0.0,3.60,1.0,<Residue ASN het=  resseq=48 icode= >,2axy_B_A,1.7
277,0.0,ASN, ,O,9.31,6.78,0.0,4.57,1.0,<Residue ASN het=  resseq=48 icode= >,2axy_B_A,1.7
278,19.708,ASN, ,CB,8.81,5.97,0.0,3.40,1.0,<Residue ASN het=  resseq=48 icode= >,2axy_B_A,1.7
279,6.467,ASN, ,CG,11.75,5.17,0.0,2.68,1.0,<Residue ASN het=  resseq=48 icode= >,2axy_B_A,1.7
280,14.507,ASN, ,OD1,14.46,5.82,0.0,3.57,1.0,<Residue ASN het=  resseq=48 icode= >,2axy_B_A,1.7
281,43.49,ASN, ,ND2,12.36,4.03,23.334,1.82,1.0,<Residue ASN het=  resseq=48 icode= >,2axy_B_A,1.7
282,1.231,ILE, ,N,7.63,4.59,1.231,4.54,1.0,<Residue ILE het=  resseq=49 icode= >,2axy_B_A,1.7
283,0.0,ILE, ,CA,7.07,4.51,0.0,3.89,1.0,<Residue ILE het=  resseq=49 icode= >,2axy_B_A,1.7
284,0.0,ILE, ,C,6.26,3.92,0.0,3.86,1.0,<Residue ILE het=  resseq=49 icode= >,2axy_B_A,1.7
285,6.635,ILE, ,O,5.49,3.03,6.422,4.57,1.0,<Residue ILE het=  resseq=49 icode= >,2axy_B_A,1.7
286,4.904,ILE, ,CB,7.7,3.93,4.904,3.59,1.0,<Residue ILE het=  resseq=49 icode= >,2axy_B_A,1.7
287,0.0,ILE, ,CG1,9.09,4.60,0.0,2.89,1.0,<Residue ILE het=  resseq=49 icode= >,2axy_B_A,1.7
288,0.691,ILE, ,CG2,7.06,4.14,0.691,3.89,1.0,<Residue ILE het=  resseq=49 icode= >,2axy_B_A,1.7
289,2.106,ILE, ,CD1,11.71,4.42,2.106,2.03,1.0,<Residue ILE het=  resseq=49 icode= >,2axy_B_A,1.7
290,0.0,SER, ,N,5.55,4.86,0.0,4.97,1.0,<Residue SER het=  resseq=50 icode= >,2axy_B_A,1.7
291,4.775,SER, ,CA,6.26,5.19,0.0,3.51,1.0,<Residue SER het=  resseq=50 icode= >,2axy_B_A,1.7
292,0.0,SER, ,C,5.77,4.41,0.0,3.93,1.0,<Residue SER het=  resseq=50 icode= >,2axy_B_A,1.7
293,0.334,SER, ,O,5.81,3.88,0.334,4.66,1.0,<Residue SER het=  resseq=50 icode= >,2axy_B_A,1.7
294,21.429,SER, ,CB,6.21,6.62,0.0,4.03,1.0,<Residue SER het=  resseq=50 icode= >,2axy_B_A,1.7
295,2.898,SER, ,OG,7.84,6.88,0.0,4.86,1.0,<Residue SER het=  resseq=50 icode= >,2axy_B_A,1.7
296,4.108,GLU, ,N,4.75,4.83,0.0,4.17,1.0,<Residue GLU het=  resseq=51 icode= >,2axy_B_A,1.7
297,0.924,GLU, ,CA,5.56,4.74,0.569,3.14,1.0,<Residue GLU het=  resseq=51 icode= >,2axy_B_A,1.7
298,0.794,GLU, ,C,6.08,5.83,0.0,3.70,1.0,<Residue GLU het=  resseq=51 icode= >,2axy_B_A,1.7
299,11.622,GLU, ,O,6.75,6.71,0.0,3.92,1.0,<Residue GLU het=  resseq=51 icode= >,2axy_B_A,1.7
300,26.306,GLU, ,CB,4.23,5.46,0.0,3.13,1.0,<Residue GLU het=  resseq=51 icode= >,2axy_B_A,1.7
301,35.645,GLU, ,CG,5.45,4.85,0.0,2.85,1.0,<Residue GLU het=  resseq=51 icode= >,2axy_B_A,1.7
302,9.502,GLU, ,CD,5.58,3.42,3.494,4.18,1.0,<Residue GLU het=  resseq=51 icode= >,2axy_B_A,1.7
303,26.855,GLU, ,OE1,7.22,2.62,20.584,3.78,1.0,<Residue GLU het=  resseq=51 icode= >,2axy_B_A,1.7
304,33.594,GLU, ,OE2,6.37,2.84,20.932,4.10,1.0,<Residue GLU het=  resseq=51 icode= >,2axy_B_A,1.7
305,9.592,GLY, ,N,7.03,6.00,0.0,3.67,1.0,<Residue GLY het=  resseq=52 icode= >,2axy_B_A,1.7
306,36.4,GLY, ,CA,8.64,6.66,0.0,2.43,1.0,<Residue GLY het=  resseq=52 icode= >,2axy_B_A,1.7
307,0.622,GLY, ,C,8.66,6.15,0.0,3.91,1.0,<Residue GLY het=  resseq=52 icode= >,2axy_B_A,1.7
308,2.428,GLY, ,O,8.42,5.06,0.313,4.54,1.0,<Residue GLY het=  resseq=52 icode= >,2axy_B_A,1.7
309,8.003,ASN, ,N,9.4,7.17,0.0,3.32,1.0,<Residue ASN het=  resseq=53 icode= >,2axy_B_A,1.7
310,0.661,ASN, ,CA,10.9,6.93,0.0,2.76,1.0,<Residue ASN het=  resseq=53 icode= >,2axy_B_A,1.7
311,4.09,ASN, ,C,10.84,7.88,0.0,3.58,1.0,<Residue ASN het=  resseq=53 icode= >,2axy_B_A,1.7
312,18.007,ASN, ,O,10.4,8.19,0.0,3.30,1.0,<Residue ASN het=  resseq=53 icode= >,2axy_B_A,1.7
313,28.327,ASN, ,CB,12.16,7.14,0.0,1.73,1.0,<Residue ASN het=  resseq=53 icode= >,2axy_B_A,1.7
314,6.022,ASN, ,CG,14.69,6.12,0.0,2.14,1.0,<Residue ASN het=  resseq=53 icode= >,2axy_B_A,1.7
315,39.299,ASN, ,OD1,19.33,6.64,0.0,1.11,1.0,<Residue ASN het=  resseq=53 icode= >,2axy_B_A,1.7
316,36.832,ASN, ,ND2,18.73,4.87,8.954,1.26,1.0,<Residue ASN het=  resseq=53 icode= >,2axy_B_A,1.7
317,0.98,CYS, ,N,11.34,8.44,0.0,3.56,1.0,<Residue CYS het=  resseq=54 icode= >,2axy_B_A,1.7
318,2.905,CYS, ,CA,11.97,9.46,0.0,3.62,1.0,<Residue CYS het=  resseq=54 icode= >,2axy_B_A,1.7
319,0.0,CYS, ,C,11.16,8.88,0.0,3.52,1.0,<Residue CYS het=  resseq=54 icode= >,2axy_B_A,1.7
320,2.51,CYS, ,O,10.6,7.81,0.0,3.67,1.0,<Residue CYS het=  resseq=54 icode= >,2axy_B_A,1.7
321,7.438,CYS, ,CB,12.05,10.12,0.0,2.73,1.0,<Residue CYS het=  resseq=54 icode= >,2axy_B_A,1.7
322,61.898,CYS, ,SG,17.92,10.77,0.0,3.93,1.0,<Residue CYS het=  resseq=54 icode= >,2axy_B_A,1.7
323,0.0,PRO, ,N,10.81,9.67,0.0,3.06,1.0,<Residue PRO het=  resseq=55 icode= >,2axy_B_A,1.7
324,13.171,PRO, ,CA,10.67,9.52,0.0,2.17,1.0,<Residue PRO het=  resseq=55 icode= >,2axy_B_A,1.7
325,0.0,PRO, ,C,10.76,9.33,0.0,3.59,1.0,<Residue PRO het=  resseq=55 icode= >,2axy_B_A,1.7
326,2.881,PRO, ,O,10.6,8.78,0.0,3.63,1.0,<Residue PRO het=  resseq=55 icode= >,2axy_B_A,1.7
327,33.873,PRO, ,CB,10.28,10.76,0.0,2.52,1.0,<Residue PRO het=  resseq=55 icode= >,2axy_B_A,1.7
328,42.988,PRO, ,CG,9.95,11.45,0.0,2.11,1.0,<Residue PRO het=  resseq=55 icode= >,2axy_B_A,1.7
329,24.189,PRO, ,CD,10.34,10.98,0.0,2.41,1.0,<Residue PRO het=  resseq=55 icode= >,2axy_B_A,1.7
330,1.913,GLU, ,N,11.05,10.05,0.0,3.82,1.0,<Residue GLU het=  resseq=56 icode= >,2axy_B_A,1.7
331,0.0,GLU, ,CA,12.2,10.10,0.0,2.97,1.0,<Residue GLU het=  resseq=56 icode= >,2axy_B_A,1.7
332,0.0,GLU, ,C,11.05,9.88,0.0,3.69,1.0,<Residue GLU het=  resseq=56 icode= >,2axy_B_A,1.7
333,11.096,GLU, ,O,12.96,10.35,0.0,3.40,1.0,<Residue GLU het=  resseq=56 icode= >,2axy_B_A,1.7
334,10.965,GLU, ,CB,13.09,11.48,0.0,2.10,1.0,<Residue GLU het=  resseq=56 icode= >,2axy_B_A,1.7
335,3.506,GLU, ,CG,16.94,10.22,0.0,1.92,1.0,<Residue GLU het=  resseq=56 icode= >,2axy_B_A,1.7
336,5.126,GLU, ,CD,22.18,10.30,3.064,1.79,1.0,<Residue GLU het=  resseq=56 icode= >,2axy_B_A,1.7
337,17.115,GLU, ,OE1,22.05,9.74,16.251,2.21,1.0,<Residue GLU het=  resseq=56 icode= >,2axy_B_A,1.7
338,24.868,GLU, ,OE2,24.14,11.11,13.805,1.41,1.0,<Residue GLU het=  resseq=56 icode= >,2axy_B_A,1.7
339,0.0,ARG, ,N,9.33,9.04,0.0,3.91,1.0,<Residue ARG het=  resseq=57 icode= >,2axy_B_A,1.7
340,0.369,ARG, ,CA,8.13,8.59,0.0,3.92,1.0,<Residue ARG het=  resseq=57 icode= >,2axy_B_A,1.7
341,0.0,ARG, ,C,7.78,9.43,0.0,3.97,1.0,<Residue ARG het=  resseq=57 icode= >,2axy_B_A,1.7
342,0.0,ARG, ,O,7.83,10.31,0.0,5.20,1.0,<Residue ARG het=  resseq=57 icode= >,2axy_B_A,1.7
343,0.0,ARG, ,CB,8.0,7.17,0.0,3.34,1.0,<Residue ARG het=  resseq=57 icode= >,2axy_B_A,1.7
344,0.031,ARG, ,CG,8.01,6.19,0.0,2.27,1.0,<Residue ARG het=  resseq=57 icode= >,2axy_B_A,1.7
345,0.231,ARG, ,CD,7.37,5.91,0.0,2.90,1.0,<Residue ARG het=  resseq=57 icode= >,2axy_B_A,1.7
346,0.0,ARG, ,NE,6.86,4.91,0.0,4.27,1.0,<Residue ARG het=  resseq=57 icode= >,2axy_B_A,1.7
347,0.0,ARG, ,CZ,5.64,3.63,0.0,4.58,1.0,<Residue ARG het=  resseq=57 icode= >,2axy_B_A,1.7
348,13.55,ARG, ,NH1,6.86,3.02,12.623,3.92,1.0,<Residue ARG het=  resseq=57 icode= >,2axy_B_A,1.7
349,15.058,ARG, ,NH2,7.01,2.84,13.972,3.63,1.0,<Residue ARG het=  resseq=57 icode= >,2axy_B_A,1.7
350,0.0,ILE, ,N,7.27,8.79,0.0,4.36,1.0,<Residue ILE het=  resseq=58 icode= >,2axy_B_A,1.7
351,0.0,ILE, ,CA,7.7,9.36,0.0,3.75,1.0,<Residue ILE het=  resseq=58 icode= >,2axy_B_A,1.7
352,0.0,ILE, ,C,6.89,8.49,0.0,4.82,1.0,<Residue ILE het=  resseq=58 icode= >,2axy_B_A,1.7
353,0.46,ILE, ,O,6.1,7.36,0.0,5.43,1.0,<Residue ILE het=  resseq=58 icode= >,2axy_B_A,1.7
354,0.969,ILE, ,CB,8.12,9.91,0.0,3.61,1.0,<Residue ILE het=  resseq=58 icode= >,2axy_B_A,1.7
355,1.858,ILE, ,CG1,9.83,10.95,1.112,2.83,1.0,<Residue ILE het=  resseq=58 icode= >,2axy_B_A,1.7
356,4.958,ILE, ,CG2,8.38,10.68,0.568,3.18,1.0,<Residue ILE het=  resseq=58 icode= >,2axy_B_A,1.7
357,60.183,ILE, ,CD1,14.25,11.29,9.815,1.46,1.0,<Residue ILE het=  resseq=58 icode= >,2axy_B_A,1.7
358,0.0,ILE, ,N,6.88,9.18,0.0,6.33,1.0,<Residue ILE het=  resseq=59 icode= >,2axy_B_A,1.7
359,0.0,ILE, ,CA,7.2,8.88,0.0,4.12,1.0,<Residue ILE het=  resseq=59 icode= >,2axy_B_A,1.7
360,0.0,ILE, ,C,7.29,9.82,0.0,3.42,1.0,<Residue ILE het=  resseq=59 icode= >,2axy_B_A,1.7
361,0.0,ILE, ,O,7.18,11.02,0.0,5.06,1.0,<Residue ILE het=  resseq=59 icode= >,2axy_B_A,1.7
362,0.0,ILE, ,CB,7.93,9.14,0.0,3.23,1.0,<Residue ILE het=  resseq=59 icode= >,2axy_B_A,1.7
363,0.0,ILE, ,CG1,8.35,8.62,0.0,3.08,1.0,<Residue ILE het=  resseq=59 icode= >,2axy_B_A,1.7
364,0.0,ILE, ,CG2,9.32,8.88,0.0,2.88,1.0,<Residue ILE het=  resseq=59 icode= >,2axy_B_A,1.7
365,0.0,ILE, ,CD1,9.89,9.21,0.0,2.32,1.0,<Residue ILE het=  resseq=59 icode= >,2axy_B_A,1.7
366,0.0,THR, ,N,6.0,9.42,0.0,4.59,1.0,<Residue THR het=  resseq=60 icode= >,2axy_B_A,1.7
367,0.0,THR, ,CA,6.33,10.49,0.0,4.11,1.0,<Residue THR het=  resseq=60 icode= >,2axy_B_A,1.7
368,0.0,THR, ,C,7.02,10.56,0.0,4.03,1.0,<Residue THR het=  resseq=60 icode= >,2axy_B_A,1.7
369,0.295,THR, ,O,7.47,9.54,0.0,4.47,1.0,<Residue THR het=  resseq=60 icode= >,2axy_B_A,1.7
370,1.93,THR, ,CB,6.2,9.85,0.0,4.31,1.0,<Residue THR het=  resseq=60 icode= >,2axy_B_A,1.7
371,10.583,THR, ,OG1,7.79,10.24,0.0,4.89,1.0,<Residue THR het=  resseq=60 icode= >,2axy_B_A,1.7
372,18.016,THR, ,CG2,6.88,10.17,0.0,2.30,1.0,<Residue THR het=  resseq=60 icode= >,2axy_B_A,1.7
373,0.0,LEU, ,N,6.43,11.14,0.0,5.20,1.0,<Residue LEU het=  resseq=61 icode= >,2axy_B_A,1.7
374,0.0,LEU, ,CA,6.47,10.73,0.0,3.52,1.0,<Residue LEU het=  resseq=61 icode= >,2axy_B_A,1.7
375,0.0,LEU, ,C,6.6,10.49,0.0,4.49,1.0,<Residue LEU het=  resseq=61 icode= >,2axy_B_A,1.7
376,0.0,LEU, ,O,7.77,11.29,0.0,4.90,1.0,<Residue LEU het=  resseq=61 icode= >,2axy_B_A,1.7
377,0.0,LEU, ,CB,6.71,11.95,0.0,2.70,1.0,<Residue LEU het=  resseq=61 icode= >,2axy_B_A,1.7
378,0.0,LEU, ,CG,4.34,12.14,0.0,3.27,1.0,<Residue LEU het=  resseq=61 icode= >,2axy_B_A,1.7
379,0.221,LEU, ,CD1,4.72,13.25,0.221,2.89,1.0,<Residue LEU het=  resseq=61 icode= >,2axy_B_A,1.7
380,0.0,LEU, ,CD2,5.87,10.83,0.0,3.81,1.0,<Residue LEU het=  resseq=61 icode= >,2axy_B_A,1.7
381,0.0,ALA, ,N,6.91,9.31,0.0,4.02,1.0,<Residue ALA het=  resseq=62 icode= >,2axy_B_A,1.7
382,0.0,ALA, ,CA,7.15,8.96,0.0,3.01,1.0,<Residue ALA het=  resseq=62 icode= >,2axy_B_A,1.7
383,0.0,ALA, ,C,7.56,8.68,0.0,4.08,1.0,<Residue ALA het=  resseq=62 icode= >,2axy_B_A,1.7
384,0.112,ALA, ,O,8.27,8.07,0.0,3.46,1.0,<Residue ALA het=  resseq=62 icode= >,2axy_B_A,1.7
385,11.159,ALA, ,CB,7.09,8.01,0.0,2.42,1.0,<Residue ALA het=  resseq=62 icode= >,2axy_B_A,1.7
386,0.35,GLY, ,N,7.86,9.40,0.0,3.06,1.0,<Residue GLY het=  resseq=63 icode= >,2axy_B_A,1.7
387,0.812,GLY, ,CA,7.96,9.57,0.0,3.14,1.0,<Residue GLY het=  resseq=63 icode= >,2axy_B_A,1.7
388,0.0,GLY, ,C,7.76,11.05,0.0,4.00,1.0,<Residue GLY het=  resseq=63 icode= >,2axy_B_A,1.7
389,0.0,GLY, ,O,7.19,11.86,0.0,4.38,1.0,<Residue GLY het=  resseq=63 icode= >,2axy_B_A,1.7
390,0.0,PRO, ,N,8.13,11.55,0.0,3.65,1.0,<Residue PRO het=  resseq=64 icode= >,2axy_B_A,1.7
391,0.093,PRO, ,CA,8.31,12.98,0.0,2.17,1.0,<Residue PRO het=  resseq=64 icode= >,2axy_B_A,1.7
392,0.0,PRO, ,C,8.27,13.75,0.0,3.09,1.0,<Residue PRO het=  resseq=64 icode= >,2axy_B_A,1.7
393,0.0,PRO, ,O,8.19,13.32,0.0,3.36,1.0,<Residue PRO het=  resseq=64 icode= >,2axy_B_A,1.7
394,25.669,PRO, ,CB,8.29,13.29,0.0,2.25,1.0,<Residue PRO het=  resseq=64 icode= >,2axy_B_A,1.7
395,36.732,PRO, ,CG,8.37,12.01,0.0,2.38,1.0,<Residue PRO het=  resseq=64 icode= >,2axy_B_A,1.7
396,9.478,PRO, ,CD,8.48,10.98,0.0,2.49,1.0,<Residue PRO het=  resseq=64 icode= >,2axy_B_A,1.7
397,1.273,THR, ,N,8.44,1000.00,0.0,3.97,1.0,<Residue THR het=  resseq=65 icode= >,2axy_B_A,1.7
398,0.134,THR, ,CA,9.12,1000.00,0.134,3.05,1.0,<Residue THR het=  resseq=65 icode= >,2axy_B_A,1.7
399,0.787,THR, ,C,8.54,1000.00,0.102,3.13,1.0,<Residue THR het=  resseq=65 icode= >,2axy_B_A,1.7
400,2.163,THR, ,O,7.77,1000.00,2.163,3.30,1.0,<Residue THR het=  resseq=65 icode= >,2axy_B_A,1.7
401,14.817,THR, ,CB,9.48,1000.00,11.412,2.47,1.0,<Residue THR het=  resseq=65 icode= >,2axy_B_A,1.7
402,25.057,THR, ,OG1,10.98,1000.00,11.921,1.87,1.0,<Residue THR het=  resseq=65 icode= >,2axy_B_A,1.7
403,32.9,THR, ,CG2,12.04,1000.00,32.897,0.79,1.0,<Residue THR het=  resseq=65 icode= >,2axy_B_A,1.7
404,0.26,ASN, ,N,8.25,1000.00,0.0,3.27,1.0,<Residue ASN het=  resseq=66 icode= >,2axy_B_A,1.7
405,1.725,ASN, ,CA,7.96,1000.00,0.0,3.38,1.0,<Residue ASN het=  resseq=66 icode= >,2axy_B_A,1.7
406,0.008,ASN, ,C,6.63,1000.00,0.0,3.81,1.0,<Residue ASN het=  resseq=66 icode= >,2axy_B_A,1.7
407,2.369,ASN, ,O,5.76,1000.00,0.0,3.61,1.0,<Residue ASN het=  resseq=66 icode= >,2axy_B_A,1.7
408,19.074,ASN, ,CB,8.62,1000.00,0.0,2.28,1.0,<Residue ASN het=  resseq=66 icode= >,2axy_B_A,1.7
409,6.628,ASN, ,CG,11.13,1000.00,0.0,1.36,1.0,<Residue ASN het=  resseq=66 icode= >,2axy_B_A,1.7
410,28.744,ASN, ,OD1,15.03,1000.00,0.0,1.24,1.0,<Residue ASN het=  resseq=66 icode= >,2axy_B_A,1.7
411,59.331,ASN, ,ND2,15.69,1000.00,0.0,0.17,1.0,<Residue ASN het=  resseq=66 icode= >,2axy_B_A,1.7
412,1.357,ALA, ,N,5.57,14.36,0.0,3.97,1.0,<Residue ALA het=  resseq=67 icode= >,2axy_B_A,1.7
413,0.85,ALA, ,CA,4.84,13.39,0.0,3.42,1.0,<Residue ALA het=  resseq=67 icode= >,2axy_B_A,1.7
414,0.0,ALA, ,C,4.78,13.35,0.0,3.91,1.0,<Residue ALA het=  resseq=67 icode= >,2axy_B_A,1.7
415,0.0,ALA, ,O,3.29,13.18,0.0,4.81,1.0,<Residue ALA het=  resseq=67 icode= >,2axy_B_A,1.7
416,7.293,ALA, ,CB,5.41,12.03,0.0,2.15,1.0,<Residue ALA het=  resseq=67 icode= >,2axy_B_A,1.7
417,0.0,ILE, ,N,4.04,13.46,0.0,4.17,1.0,<Residue ILE het=  resseq=68 icode= >,2axy_B_A,1.7
418,0.0,ILE, ,CA,3.86,13.76,0.0,3.79,1.0,<Residue ILE het=  resseq=68 icode= >,2axy_B_A,1.7
419,0.0,ILE, ,C,4.17,14.93,0.0,3.57,1.0,<Residue ILE het=  resseq=68 icode= >,2axy_B_A,1.7
420,0.0,ILE, ,O,3.62,14.93,0.0,4.91,1.0,<Residue ILE het=  resseq=68 icode= >,2axy_B_A,1.7
421,0.0,ILE, ,CB,4.07,13.99,0.0,3.37,1.0,<Residue ILE het=  resseq=68 icode= >,2axy_B_A,1.7
422,0.0,ILE, ,CG1,4.22,12.71,0.0,3.54,1.0,<Residue ILE het=  resseq=68 icode= >,2axy_B_A,1.7
423,15.222,ILE, ,CG2,3.65,14.89,15.222,3.01,1.0,<Residue ILE het=  resseq=68 icode= >,2axy_B_A,1.7
424,0.598,ILE, ,CD1,4.12,13.15,0.598,2.02,1.0,<Residue ILE het=  resseq=68 icode= >,2axy_B_A,1.7
425,0.081,PHE, ,N,4.23,1000.00,0.081,3.57,1.0,<Residue PHE het=  resseq=69 icode= >,2axy_B_A,1.7
426,1.313,PHE, ,CA,4.05,1000.00,1.313,3.15,1.0,<Residue PHE het=  resseq=69 icode= >,2axy_B_A,1.7
427,0.0,PHE, ,C,3.28,1000.00,0.0,3.96,1.0,<Residue PHE het=  resseq=69 icode= >,2axy_B_A,1.7
428,0.0,PHE, ,O,3.45,1000.00,0.0,5.22,1.0,<Residue PHE het=  resseq=69 icode= >,2axy_B_A,1.7
429,11.874,PHE, ,CB,4.65,1000.00,5.15,3.51,1.0,<Residue PHE het=  resseq=69 icode= >,2axy_B_A,1.7
430,2.599,PHE, ,CG,4.06,1000.00,0.0,3.54,1.0,<Residue PHE het=  resseq=69 icode= >,2axy_B_A,1.7
431,16.46,PHE, ,CD1,7.43,1000.00,0.0,3.11,1.0,<Residue PHE het=  resseq=69 icode= >,2axy_B_A,1.7
432,21.797,PHE, ,CD2,6.71,1000.00,19.281,3.01,1.0,<Residue PHE het=  resseq=69 icode= >,2axy_B_A,1.7
433,25.797,PHE, ,CE1,6.37,1000.00,1.249,3.80,1.0,<Residue PHE het=  resseq=69 icode= >,2axy_B_A,1.7
434,28.595,PHE, ,CE2,6.41,1000.00,27.885,3.49,1.0,<Residue PHE het=  resseq=69 icode= >,2axy_B_A,1.7
435,33.924,PHE, ,CZ,7.62,1000.00,21.872,3.07,1.0,<Residue PHE het=  resseq=69 icode= >,2axy_B_A,1.7
436,0.223,LYS, ,N,3.4,1000.00,0.0,4.67,1.0,<Residue LYS het=  resseq=70 icode= >,2axy_B_A,1.7
437,3.35,LYS, ,CA,4.14,1000.00,0.0,3.61,1.0,<Residue LYS het=  resseq=70 icode= >,2axy_B_A,1.7
438,0.0,LYS, ,C,4.13,1000.00,0.0,3.52,1.0,<Residue LYS het=  resseq=70 icode= >,2axy_B_A,1.7
439,0.033,LYS, ,O,3.78,1000.00,0.0,4.20,1.0,<Residue LYS het=  resseq=70 icode= >,2axy_B_A,1.7
440,0.05,LYS, ,CB,4.94,1000.00,0.0,3.10,1.0,<Residue LYS het=  resseq=70 icode= >,2axy_B_A,1.7
441,15.168,LYS, ,CG,8.11,1000.00,0.0,1.86,1.0,<Residue LYS het=  resseq=70 icode= >,2axy_B_A,1.7
442,12.214,LYS, ,CD,10.78,1000.00,0.0,1.47,1.0,<Residue LYS het=  resseq=70 icode= >,2axy_B_A,1.7
443,31.882,LYS, ,CE,13.49,1000.00,0.0,1.45,1.0,<Residue LYS het=  resseq=70 icode= >,2axy_B_A,1.7
444,38.122,LYS, ,NZ,15.71,1000.00,0.0,1.17,1.0,<Residue LYS het=  resseq=70 icode= >,2axy_B_A,1.7
445,0.0,ALA, ,N,2.93,14.42,0.0,4.23,1.0,<Residue ALA het=  resseq=71 icode= >,2axy_B_A,1.7
446,0.0,ALA, ,CA,3.66,13.80,0.0,4.32,1.0,<Residue ALA het=  resseq=71 icode= >,2axy_B_A,1.7
447,0.0,ALA, ,C,4.48,14.85,0.0,4.52,1.0,<Residue ALA het=  resseq=71 icode= >,2axy_B_A,1.7
448,0.0,ALA, ,O,4.0,15.16,0.0,5.31,1.0,<Residue ALA het=  resseq=71 icode= >,2axy_B_A,1.7
449,0.0,ALA, ,CB,5.7,12.54,0.0,3.43,1.0,<Residue ALA het=  resseq=71 icode= >,2axy_B_A,1.7
450,0.0,PHE, ,N,3.72,15.51,0.0,5.25,1.0,<Residue PHE het=  resseq=72 icode= >,2axy_B_A,1.7
451,0.0,PHE, ,CA,3.8,16.65,0.0,3.79,1.0,<Residue PHE het=  resseq=72 icode= >,2axy_B_A,1.7
452,0.0,PHE, ,C,3.91,17.73,0.0,4.46,1.0,<Residue PHE het=  resseq=72 icode= >,2axy_B_A,1.7
453,0.0,PHE, ,O,3.64,18.34,0.0,5.67,1.0,<Residue PHE het=  resseq=72 icode= >,2axy_B_A,1.7
454,1.689,PHE, ,CB,3.77,17.28,1.689,4.20,1.0,<Residue PHE het=  resseq=72 icode= >,2axy_B_A,1.7
455,0.792,PHE, ,CG,5.49,18.48,0.792,5.05,1.0,<Residue PHE het=  resseq=72 icode= >,2axy_B_A,1.7
456,3.811,PHE, ,CD1,6.31,18.42,3.811,4.26,1.0,<Residue PHE het=  resseq=72 icode= >,2axy_B_A,1.7
457,3.47,PHE, ,CD2,4.98,19.76,3.47,4.43,1.0,<Residue PHE het=  resseq=72 icode= >,2axy_B_A,1.7
458,15.665,PHE, ,CE1,7.03,19.64,15.638,3.82,1.0,<Residue PHE het=  resseq=72 icode= >,2axy_B_A,1.7
459,23.361,PHE, ,CE2,4.8,20.93,23.361,4.30,1.0,<Residue PHE het=  resseq=72 icode= >,2axy_B_A,1.7
460,24.734,PHE, ,CZ,7.09,20.87,24.734,3.62,1.0,<Residue PHE het=  resseq=72 icode= >,2axy_B_A,1.7
461,0.0,ALA, ,N,3.42,1000.00,0.0,4.90,1.0,<Residue ALA het=  resseq=73 icode= >,2axy_B_A,1.7
462,3.921,ALA, ,CA,4.15,1000.00,3.921,4.07,1.0,<Residue ALA het=  resseq=73 icode= >,2axy_B_A,1.7
463,0.071,ALA, ,C,4.36,1000.00,0.0,4.11,1.0,<Residue ALA het=  resseq=73 icode= >,2axy_B_A,1.7
464,0.011,ALA, ,O,4.77,1000.00,0.011,4.73,1.0,<Residue ALA het=  resseq=73 icode= >,2axy_B_A,1.7
465,33.243,ALA, ,CB,4.95,1000.00,8.77,2.77,1.0,<Residue ALA het=  resseq=73 icode= >,2axy_B_A,1.7
466,0.0,MET, ,N,4.89,17.96,0.0,4.50,1.0,<Residue MET het=  resseq=74 icode= >,2axy_B_A,1.7
467,1.395,MET, ,CA,6.8,17.26,0.0,3.24,1.0,<Residue MET het=  resseq=74 icode= >,2axy_B_A,1.7
468,0.0,MET, ,C,5.73,16.89,0.0,4.31,1.0,<Residue MET het=  resseq=74 icode= >,2axy_B_A,1.7
469,4.326,MET, ,O,5.41,17.05,0.0,5.05,1.0,<Residue MET het=  resseq=74 icode= >,2axy_B_A,1.7
470,1.659,MET, ,CB,5.59,16.11,0.0,3.08,1.0,<Residue MET het=  resseq=74 icode= >,2axy_B_A,1.7
471,14.775,MET, ,CG,7.76,16.72,0.0,2.63,1.0,<Residue MET het=  resseq=74 icode= >,2axy_B_A,1.7
472,2.493,MET, ,S,16.02,15.49,0.0,12.17,1.0,<Residue MET het=  resseq=74 icode= >,2axy_B_A,1.7
473,9.968,MET, ,CE,12.84,15.01,0.0,0.81,1.0,<Residue MET het=  resseq=74 icode= >,2axy_B_A,1.7
474,0.0,ILE, ,N,4.84,12.63,0.0,5.20,1.0,<Residue ILE het=  resseq=75 icode= >,2axy_B_A,1.7
475,0.0,ILE, ,CA,4.78,11.72,0.0,4.31,1.0,<Residue ILE het=  resseq=75 icode= >,2axy_B_A,1.7
476,0.0,ILE, ,C,4.58,11.41,0.0,4.85,1.0,<Residue ILE het=  resseq=75 icode= >,2axy_B_A,1.7
477,0.0,ILE, ,O,4.31,10.29,0.0,5.64,1.0,<Residue ILE het=  resseq=75 icode= >,2axy_B_A,1.7
478,0.0,ILE, ,CB,4.57,12.50,0.0,3.57,1.0,<Residue ILE het=  resseq=75 icode= >,2axy_B_A,1.7
479,0.0,ILE, ,CG1,5.54,11.39,0.0,2.91,1.0,<Residue ILE het=  resseq=75 icode= >,2axy_B_A,1.7
480,0.03,ILE, ,CG2,7.15,12.03,0.03,3.30,1.0,<Residue ILE het=  resseq=75 icode= >,2axy_B_A,1.7
481,0.0,ILE, ,CD1,6.39,11.15,0.0,3.30,1.0,<Residue ILE het=  resseq=75 icode= >,2axy_B_A,1.7
482,0.0,ILE, ,N,4.68,12.52,0.0,4.90,1.0,<Residue ILE het=  resseq=76 icode= >,2axy_B_A,1.7
483,0.0,ILE, ,CA,4.43,12.64,0.0,3.55,1.0,<Residue ILE het=  resseq=76 icode= >,2axy_B_A,1.7
484,0.0,ILE, ,C,4.53,11.93,0.0,4.38,1.0,<Residue ILE het=  resseq=76 icode= >,2axy_B_A,1.7
485,0.0,ILE, ,O,4.03,11.34,0.0,4.51,1.0,<Residue ILE het=  resseq=76 icode= >,2axy_B_A,1.7
486,1.372,ILE, ,CB,4.96,14.14,1.372,3.85,1.0,<Residue ILE het=  resseq=76 icode= >,2axy_B_A,1.7
487,4.507,ILE, ,CG1,5.25,14.94,4.507,3.05,1.0,<Residue ILE het=  resseq=76 icode= >,2axy_B_A,1.7
488,36.761,ILE, ,CG2,4.12,14.45,35.63,3.62,1.0,<Residue ILE het=  resseq=76 icode= >,2axy_B_A,1.7
489,24.327,ILE, ,CD1,8.31,14.59,24.327,2.96,1.0,<Residue ILE het=  resseq=76 icode= >,2axy_B_A,1.7
490,0.0,ASP, ,N,4.03,12.15,0.0,4.30,1.0,<Residue ASP het=  resseq=77 icode= >,2axy_B_A,1.7
491,2.707,ASP, ,CA,5.25,11.73,0.0,3.11,1.0,<Residue ASP het=  resseq=77 icode= >,2axy_B_A,1.7
492,0.864,ASP, ,C,3.87,10.21,0.0,4.02,1.0,<Residue ASP het=  resseq=77 icode= >,2axy_B_A,1.7
493,4.006,ASP, ,O,3.93,9.80,0.0,4.88,1.0,<Residue ASP het=  resseq=77 icode= >,2axy_B_A,1.7
494,19.143,ASP, ,CB,5.88,12.40,0.0,2.31,1.0,<Residue ASP het=  resseq=77 icode= >,2axy_B_A,1.7
495,8.486,ASP, ,CG,8.75,13.91,0.0,2.92,1.0,<Residue ASP het=  resseq=77 icode= >,2axy_B_A,1.7
496,33.576,ASP, ,OD1,12.91,14.64,0.0,2.69,1.0,<Residue ASP het=  resseq=77 icode= >,2axy_B_A,1.7
497,26.237,ASP, ,OD2,11.45,14.44,5.123,3.18,1.0,<Residue ASP het=  resseq=77 icode= >,2axy_B_A,1.7
498,0.334,LYS, ,N,3.26,9.53,0.0,4.48,1.0,<Residue LYS het=  resseq=78 icode= >,2axy_B_A,1.7
499,0.871,LYS, ,CA,3.07,8.07,0.0,3.74,1.0,<Residue LYS het=  resseq=78 icode= >,2axy_B_A,1.7
500,0.0,LYS, ,C,2.88,7.49,0.0,3.87,1.0,<Residue LYS het=  resseq=78 icode= >,2axy_B_A,1.7
501,4.5,LYS, ,O,2.0,6.58,0.0,5.05,1.0,<Residue LYS het=  resseq=78 icode= >,2axy_B_A,1.7
502,0.275,LYS, ,CB,3.4,7.81,0.0,3.11,1.0,<Residue LYS het=  resseq=78 icode= >,2axy_B_A,1.7
503,0.0,LYS, ,CG,6.01,6.40,0.0,2.80,1.0,<Residue LYS het=  resseq=78 icode= >,2axy_B_A,1.7
504,2.12,LYS, ,CD,8.46,5.79,2.04,1.73,1.0,<Residue LYS het=  resseq=78 icode= >,2axy_B_A,1.7
505,10.717,LYS, ,CE,9.92,6.29,0.0,2.26,1.0,<Residue LYS het=  resseq=78 icode= >,2axy_B_A,1.7
506,25.255,LYS, ,NZ,11.13,5.83,0.607,2.32,1.0,<Residue LYS het=  resseq=78 icode= >,2axy_B_A,1.7
507,0.0,LEU, ,N,2.89,8.27,0.0,4.33,1.0,<Residue LEU het=  resseq=79 icode= >,2axy_B_A,1.7
508,3.893,LEU, ,CA,4.1,8.27,0.0,3.33,1.0,<Residue LEU het=  resseq=79 icode= >,2axy_B_A,1.7
509,0.14,LEU, ,C,4.15,8.67,0.016,4.01,1.0,<Residue LEU het=  resseq=79 icode= >,2axy_B_A,1.7
510,29.589,LEU, ,O,4.91,8.57,15.64,4.64,1.0,<Residue LEU het=  resseq=79 icode= >,2axy_B_A,1.7
511,9.862,LEU, ,CB,4.91,9.45,8.528,3.28,1.0,<Residue LEU het=  resseq=79 icode= >,2axy_B_A,1.7
512,0.0,LEU, ,CG,6.84,9.57,0.0,2.71,1.0,<Residue LEU het=  resseq=79 icode= >,2axy_B_A,1.7
513,24.596,LEU, ,CD1,7.27,10.95,18.924,3.58,1.0,<Residue LEU het=  resseq=79 icode= >,2axy_B_A,1.7
514,5.618,LEU, ,CD2,10.8,8.49,0.0,1.56,1.0,<Residue LEU het=  resseq=79 icode= >,2axy_B_A,1.7
515,0.0,GLU, ,N,3.7,9.42,0.0,4.87,1.0,<Residue GLU het=  resseq=80 icode= >,2axy_B_A,1.7
516,1.914,GLU, ,CA,4.13,10.17,1.914,3.68,1.0,<Residue GLU het=  resseq=80 icode= >,2axy_B_A,1.7
517,2.184,GLU, ,C,5.51,9.66,1.323,3.88,1.0,<Residue GLU het=  resseq=80 icode= >,2axy_B_A,1.7
518,18.419,GLU, ,O,5.07,10.47,16.4,4.52,1.0,<Residue GLU het=  resseq=80 icode= >,2axy_B_A,1.7
519,15.88,GLU, ,CB,3.72,11.59,6.611,3.37,1.0,<Residue GLU het=  resseq=80 icode= >,2axy_B_A,1.7
520,11.793,GLU, ,CG,4.04,12.48,8.428,3.50,1.0,<Residue GLU het=  resseq=80 icode= >,2axy_B_A,1.7
521,11.948,GLU, ,CD,3.39,11.53,11.919,4.19,1.0,<Residue GLU het=  resseq=80 icode= >,2axy_B_A,1.7
522,40.146,GLU, ,OE1,3.27,11.07,40.146,5.45,1.0,<Residue GLU het=  resseq=80 icode= >,2axy_B_A,1.7
523,32.042,GLU, ,OE2,2.45,10.97,32.042,4.83,1.0,<Residue GLU het=  resseq=80 icode= >,2axy_B_A,1.7
524,0.169,GLU, ,N,7.06,8.49,0.0,4.18,1.0,<Residue GLU het=  resseq=81 icode= >,2axy_B_A,1.7
525,5.306,GLU, ,CA,10.32,8.23,0.0,2.59,1.0,<Residue GLU het=  resseq=81 icode= >,2axy_B_A,1.7
526,0.0,GLU, ,C,12.17,8.29,0.0,2.95,1.0,<Residue GLU het=  resseq=81 icode= >,2axy_B_A,1.7
527,12.791,GLU, ,O,11.69,7.86,8.517,3.40,1.0,<Residue GLU het=  resseq=81 icode= >,2axy_B_A,1.7
528,7.173,GLU, ,CB,9.85,7.07,0.0,2.52,1.0,<Residue GLU het=  resseq=81 icode= >,2axy_B_A,1.7
529,13.481,GLU, ,CG,13.35,7.61,0.0,1.48,1.0,<Residue GLU het=  resseq=81 icode= >,2axy_B_A,1.7
530,7.27,GLU, ,CD,16.8,6.71,0.0,2.15,1.0,<Residue GLU het=  resseq=81 icode= >,2axy_B_A,1.7
531,22.371,GLU, ,OE1,19.63,7.24,0.0,1.94,1.0,<Residue GLU het=  resseq=81 icode= >,2axy_B_A,1.7
532,23.163,GLU, ,OE2,17.15,5.57,1.946,2.62,1.0,<Residue GLU het=  resseq=81 icode= >,2axy_B_A,1.7
533,10.702,ASP, ,N,15.0,9.06,1.011,2.03,1.0,<Residue ASP het=  resseq=82 icode= >,2axy_B_A,1.7
534,12.52,ASP, ,CA,17.83,9.73,0.021,1.11,1.0,<Residue ASP het=  resseq=82 icode= >,2axy_B_A,1.7
535,6.304,ASP, ,C,18.88,10.67,0.974,0.96,1.0,<Residue ASP het=  resseq=82 icode= >,2axy_B_A,1.7
536,30.619,ASP, ,O,20.38,10.41,19.363,-0.13,1.0,<Residue ASP het=  resseq=82 icode= >,2axy_B_A,1.7
537,35.493,ASP, ,CB,18.22,9.05,0.0,0.81,1.0,<Residue ASP het=  resseq=82 icode= >,2axy_B_A,1.7
538,7.527,ASP, ,CG,20.66,7.55,0.0,1.17,1.0,<Residue ASP het=  resseq=82 icode= >,2axy_B_A,1.7
539,25.959,ASP, ,OD1,23.32,7.18,1.848,0.89,1.0,<Residue ASP het=  resseq=82 icode= >,2axy_B_A,1.7
540,32.654,ASP, ,OD2,22.16,6.90,0.0,1.03,1.0,<Residue ASP het=  resseq=82 icode= >,2axy_B_A,1.7
541,40.025,ASP, ,OXT,18.68,11.84,19.281,2.27,1.0,<Residue ASP het=  resseq=82 icode= >,2axy_B_A,1.7
