,ASA,aa,altloc,atom,bfac,d2r,dASA,dens,occ,residue,id,resolu
0,49.013,SER, ,N,70.14,1000.00,0.0,1.23,1.0,<Residue SER het=  resseq=281 icode= >,2ayg_A_A,3.1
1,14.717,SER, ,CA,69.95,1000.00,0.0,1.75,1.0,<Residue SER het=  resseq=281 icode= >,2ayg_A_A,3.1
2,4.748,SER, ,C,69.46,1000.00,0.0,2.06,1.0,<Residue SER het=  resseq=281 icode= >,2ayg_A_A,3.1
3,25.293,SER, ,O,69.64,1000.00,0.0,1.59,1.0,<Residue SER het=  resseq=281 icode= >,2ayg_A_A,3.1
4,33.642,SER, ,CB,70.11,1000.00,0.0,1.38,1.0,<Residue SER het=  resseq=281 icode= >,2ayg_A_A,3.1
5,31.127,SER, ,OG,70.66,1000.00,0.0,1.48,1.0,<Residue SER het=  resseq=281 icode= >,2ayg_A_A,3.1
6,8.334,SER, ,N,68.51,1000.00,0.0,1.12,1.0,<Residue SER het=  resseq=282 icode= >,2ayg_A_A,3.1
7,4.695,SER, ,CA,66.72,1000.00,0.0,1.98,1.0,<Residue SER het=  resseq=282 icode= >,2ayg_A_A,3.1
8,2.87,SER, ,C,65.06,1000.00,0.0,1.97,1.0,<Residue SER het=  resseq=282 icode= >,2ayg_A_A,3.1
9,6.314,SER, ,O,64.73,1000.00,0.0,1.04,1.0,<Residue SER het=  resseq=282 icode= >,2ayg_A_A,3.1
10,43.131,SER, ,CB,66.95,1000.00,0.0,0.52,1.0,<Residue SER het=  resseq=282 icode= >,2ayg_A_A,3.1
11,7.273,SER, ,OG,67.32,1000.00,0.0,-0.31,0.5,<Residue SER het=  resseq=282 icode= >,2ayg_A_A,3.1
12,0.009,ALA, ,N,62.59,1000.00,0.0,1.71,1.0,<Residue ALA het=  resseq=283 icode= >,2ayg_A_A,3.1
13,1.225,ALA, ,CA,59.82,1000.00,0.0,2.46,1.0,<Residue ALA het=  resseq=283 icode= >,2ayg_A_A,3.1
14,0.162,ALA, ,C,57.91,1000.00,0.0,2.25,1.0,<Residue ALA het=  resseq=283 icode= >,2ayg_A_A,3.1
15,13.627,ALA, ,O,58.19,1000.00,0.0,1.38,1.0,<Residue ALA het=  resseq=283 icode= >,2ayg_A_A,3.1
16,19.83,ALA, ,CB,59.96,1000.00,0.0,0.71,1.0,<Residue ALA het=  resseq=283 icode= >,2ayg_A_A,3.1
17,0.0,THR, ,N,54.89,1000.00,0.0,2.17,1.0,<Residue THR het=  resseq=284 icode= >,2ayg_A_A,3.1
18,0.121,THR, ,CA,51.75,1000.00,0.0,3.51,1.0,<Residue THR het=  resseq=284 icode= >,2ayg_A_A,3.1
19,0.0,THR, ,C,50.08,1000.00,0.0,3.42,1.0,<Residue THR het=  resseq=284 icode= >,2ayg_A_A,3.1
20,0.0,THR, ,O,49.39,1000.00,0.0,1.44,1.0,<Residue THR het=  resseq=284 icode= >,2ayg_A_A,3.1
21,0.0,THR, ,CB,51.55,1000.00,0.0,3.41,1.0,<Residue THR het=  resseq=284 icode= >,2ayg_A_A,3.1
22,8.762,THR, ,OG1,51.12,1000.00,0.0,1.79,1.0,<Residue THR het=  resseq=284 icode= >,2ayg_A_A,3.1
23,4.134,THR, ,CG2,51.39,1000.00,0.0,0.80,1.0,<Residue THR het=  resseq=284 icode= >,2ayg_A_A,3.1
24,0.0,PRO, ,N,48.67,1000.00,0.0,3.18,1.0,<Residue PRO het=  resseq=285 icode= >,2ayg_A_A,3.1
25,0.0,PRO, ,CA,47.54,1000.00,0.0,3.16,1.0,<Residue PRO het=  resseq=285 icode= >,2ayg_A_A,3.1
26,0.0,PRO, ,C,46.55,1000.00,0.0,2.78,1.0,<Residue PRO het=  resseq=285 icode= >,2ayg_A_A,3.1
27,0.0,PRO, ,O,46.29,1000.00,0.0,1.76,1.0,<Residue PRO het=  resseq=285 icode= >,2ayg_A_A,3.1
28,0.0,PRO, ,CB,47.71,1000.00,0.0,1.40,1.0,<Residue PRO het=  resseq=285 icode= >,2ayg_A_A,3.1
29,0.0,PRO, ,CG,47.95,1000.00,0.0,1.68,1.0,<Residue PRO het=  resseq=285 icode= >,2ayg_A_A,3.1
30,11.898,PRO, ,CD,48.57,1000.00,0.0,1.61,1.0,<Residue PRO het=  resseq=285 icode= >,2ayg_A_A,3.1
31,0.0,ILE, ,N,45.06,1000.00,0.0,2.16,1.0,<Residue ILE het=  resseq=286 icode= >,2ayg_A_A,3.1
32,0.0,ILE, ,CA,43.7,1000.00,0.0,2.86,1.0,<Residue ILE het=  resseq=286 icode= >,2ayg_A_A,3.1
33,0.0,ILE, ,C,43.77,1000.00,0.0,3.49,1.0,<Residue ILE het=  resseq=286 icode= >,2ayg_A_A,3.1
34,0.0,ILE, ,O,43.82,1000.00,0.0,1.97,1.0,<Residue ILE het=  resseq=286 icode= >,2ayg_A_A,3.1
35,0.0,ILE, ,CB,43.11,1000.00,0.0,2.40,1.0,<Residue ILE het=  resseq=286 icode= >,2ayg_A_A,3.1
36,0.0,ILE, ,CG1,41.46,1000.00,0.0,1.51,1.0,<Residue ILE het=  resseq=286 icode= >,2ayg_A_A,3.1
37,0.0,ILE, ,CG2,42.94,1000.00,0.0,0.48,1.0,<Residue ILE het=  resseq=286 icode= >,2ayg_A_A,3.1
38,17.37,ILE, ,CD1,40.95,1000.00,13.74,0.40,1.0,<Residue ILE het=  resseq=286 icode= >,2ayg_A_A,3.1
39,0.0,VAL, ,N,43.71,16.41,0.0,2.95,1.0,<Residue VAL het=  resseq=287 icode= >,2ayg_A_A,3.1
40,0.0,VAL, ,CA,43.98,16.10,0.0,3.38,1.0,<Residue VAL het=  resseq=287 icode= >,2ayg_A_A,3.1
41,0.0,VAL, ,C,44.72,14.95,0.0,3.88,1.0,<Residue VAL het=  resseq=287 icode= >,2ayg_A_A,3.1
42,0.0,VAL, ,O,44.72,13.89,0.0,2.12,1.0,<Residue VAL het=  resseq=287 icode= >,2ayg_A_A,3.1
43,0.0,VAL, ,CB,43.83,14.88,0.0,2.21,1.0,<Residue VAL het=  resseq=287 icode= >,2ayg_A_A,3.1
44,0.0,VAL, ,CG1,43.4,14.07,0.0,0.72,1.0,<Residue VAL het=  resseq=287 icode= >,2ayg_A_A,3.1
45,0.0,VAL, ,CG2,43.37,15.41,0.0,0.46,1.0,<Residue VAL het=  resseq=287 icode= >,2ayg_A_A,3.1
46,0.212,GLN, ,N,45.41,15.07,0.212,3.32,1.0,<Residue GLN het=  resseq=288 icode= >,2ayg_A_A,3.1
47,0.0,GLN, ,CA,47.08,13.97,0.0,2.81,1.0,<Residue GLN het=  resseq=288 icode= >,2ayg_A_A,3.1
48,0.0,GLN, ,C,47.55,13.89,0.0,3.30,1.0,<Residue GLN het=  resseq=288 icode= >,2ayg_A_A,3.1
49,0.0,GLN, ,O,47.9,14.36,0.0,1.96,1.0,<Residue GLN het=  resseq=288 icode= >,2ayg_A_A,3.1
50,4.752,GLN, ,CB,46.81,14.43,4.752,1.21,1.0,<Residue GLN het=  resseq=288 icode= >,2ayg_A_A,3.1
51,0.0,GLN, ,CG,48.43,13.76,0.0,1.50,1.0,<Residue GLN het=  resseq=288 icode= >,2ayg_A_A,3.1
52,3.778,GLN, ,CD,49.14,14.09,3.778,2.15,1.0,<Residue GLN het=  resseq=288 icode= >,2ayg_A_A,3.1
53,10.678,GLN, ,OE1,52.17,13.95,10.457,1.46,1.0,<Residue GLN het=  resseq=288 icode= >,2ayg_A_A,3.1
54,24.384,GLN, ,NE2,49.01,14.29,22.409,1.41,1.0,<Residue GLN het=  resseq=288 icode= >,2ayg_A_A,3.1
55,0.0,PHE, ,N,48.25,12.72,0.0,2.09,1.0,<Residue PHE het=  resseq=289 icode= >,2ayg_A_A,3.1
56,0.0,PHE, ,CA,48.63,12.15,0.0,3.32,1.0,<Residue PHE het=  resseq=289 icode= >,2ayg_A_A,3.1
57,0.0,PHE, ,C,49.14,11.79,0.0,3.84,1.0,<Residue PHE het=  resseq=289 icode= >,2ayg_A_A,3.1
58,0.0,PHE, ,O,49.66,10.76,0.0,2.10,1.0,<Residue PHE het=  resseq=289 icode= >,2ayg_A_A,3.1
59,0.067,PHE, ,CB,48.21,11.09,0.0,2.06,1.0,<Residue PHE het=  resseq=289 icode= >,2ayg_A_A,3.1
60,0.0,PHE, ,CG,49.39,11.37,0.0,2.08,1.0,<Residue PHE het=  resseq=289 icode= >,2ayg_A_A,3.1
61,0.515,PHE, ,CD1,50.3,11.93,0.0,1.37,1.0,<Residue PHE het=  resseq=289 icode= >,2ayg_A_A,3.1
62,0.0,PHE, ,CD2,49.89,10.57,0.0,1.08,1.0,<Residue PHE het=  resseq=289 icode= >,2ayg_A_A,3.1
63,0.0,PHE, ,CE1,50.93,11.73,0.0,1.22,1.0,<Residue PHE het=  resseq=289 icode= >,2ayg_A_A,3.1
64,0.0,PHE, ,CE2,48.39,10.36,0.0,1.21,1.0,<Residue PHE het=  resseq=289 icode= >,2ayg_A_A,3.1
65,0.062,PHE, ,CZ,48.34,10.97,0.0,1.62,1.0,<Residue PHE het=  resseq=289 icode= >,2ayg_A_A,3.1
66,0.0,GLN, ,N,49.9,11.35,0.0,3.34,1.0,<Residue GLN het=  resseq=290 icode= >,2ayg_A_A,3.1
67,0.0,GLN, ,CA,51.31,11.37,0.0,2.71,1.0,<Residue GLN het=  resseq=290 icode= >,2ayg_A_A,3.1
68,0.0,GLN, ,C,51.35,10.14,0.0,2.96,1.0,<Residue GLN het=  resseq=290 icode= >,2ayg_A_A,3.1
69,1.44,GLN, ,O,51.85,9.50,0.0,1.38,1.0,<Residue GLN het=  resseq=290 icode= >,2ayg_A_A,3.1
70,0.0,GLN, ,CB,51.99,12.26,0.0,1.30,1.0,<Residue GLN het=  resseq=290 icode= >,2ayg_A_A,3.1
71,0.017,GLN, ,CG,55.45,13.14,0.0,1.41,1.0,<Residue GLN het=  resseq=290 icode= >,2ayg_A_A,3.1
72,0.0,GLN, ,CD,60.06,13.90,0.0,1.97,1.0,<Residue GLN het=  resseq=290 icode= >,2ayg_A_A,3.1
73,3.94,GLN, ,OE1,61.71,13.84,2.471,1.23,1.0,<Residue GLN het=  resseq=290 icode= >,2ayg_A_A,3.1
74,12.577,GLN, ,NE2,60.89,14.28,0.0,1.30,1.0,<Residue GLN het=  resseq=290 icode= >,2ayg_A_A,3.1
75,0.0,GLY, ,N,51.31,10.01,0.0,1.63,1.0,<Residue GLY het=  resseq=291 icode= >,2ayg_A_A,3.1
76,8.22,GLY, ,CA,51.08,9.01,0.0,1.37,1.0,<Residue GLY het=  resseq=291 icode= >,2ayg_A_A,3.1
77,1.254,GLY, ,C,50.87,8.88,0.0,2.54,1.0,<Residue GLY het=  resseq=291 icode= >,2ayg_A_A,3.1
78,0.0,GLY, ,O,50.92,7.99,0.0,1.64,1.0,<Residue GLY het=  resseq=291 icode= >,2ayg_A_A,3.1
79,6.146,GLU, ,N,50.39,8.33,0.0,1.79,1.0,<Residue GLU het=  resseq=292 icode= >,2ayg_A_A,3.1
80,8.338,GLU, ,CA,49.35,7.60,0.0,2.31,1.0,<Residue GLU het=  resseq=292 icode= >,2ayg_A_A,3.1
81,0.0,GLU, ,C,48.5,6.77,0.0,3.42,1.0,<Residue GLU het=  resseq=292 icode= >,2ayg_A_A,3.1
82,0.0,GLU, ,O,47.49,7.46,0.0,2.16,1.0,<Residue GLU het=  resseq=292 icode= >,2ayg_A_A,3.1
83,20.408,GLU, ,CB,49.49,7.39,0.0,1.11,1.0,<Residue GLU het=  resseq=292 icode= >,2ayg_A_A,3.1
84,37.733,GLU, ,CG,49.79,7.05,0.0,0.65,0.7,<Residue GLU het=  resseq=292 icode= >,2ayg_A_A,3.1
85,7.184,GLU, ,CD,50.48,6.30,0.0,1.25,0.7,<Residue GLU het=  resseq=292 icode= >,2ayg_A_A,3.1
86,26.311,GLU, ,OE1,50.36,6.00,0.0,0.90,0.7,<Residue GLU het=  resseq=292 icode= >,2ayg_A_A,3.1
87,3.986,GLU, ,OE2,49.88,5.84,0.264,0.58,0.7,<Residue GLU het=  resseq=292 icode= >,2ayg_A_A,3.1
88,2.76,SER, ,N,47.99,5.46,0.0,2.44,1.0,<Residue SER het=  resseq=293 icode= >,2ayg_A_A,3.1
89,0.0,SER, ,CA,47.82,4.82,0.0,2.68,1.0,<Residue SER het=  resseq=293 icode= >,2ayg_A_A,3.1
90,0.591,SER, ,C,47.22,5.35,0.055,3.44,1.0,<Residue SER het=  resseq=293 icode= >,2ayg_A_A,3.1
91,0.767,SER, ,O,46.77,4.89,0.246,0.90,1.0,<Residue SER het=  resseq=293 icode= >,2ayg_A_A,3.1
92,27.445,SER, ,CB,47.86,3.34,18.621,1.41,1.0,<Residue SER het=  resseq=293 icode= >,2ayg_A_A,3.1
93,26.145,SER, ,OG,49.04,2.77,17.816,1.06,1.0,<Residue SER het=  resseq=293 icode= >,2ayg_A_A,3.1
94,0.0,ASN, ,N,46.99,5.55,0.0,2.23,1.0,<Residue ASN het=  resseq=294 icode= >,2ayg_A_A,3.1
95,3.308,ASN, ,CA,47.27,6.14,0.0,2.23,1.0,<Residue ASN het=  resseq=294 icode= >,2ayg_A_A,3.1
96,0.0,ASN, ,C,47.21,5.59,0.0,2.70,1.0,<Residue ASN het=  resseq=294 icode= >,2ayg_A_A,3.1
97,0.0,ASN, ,O,46.57,5.83,0.0,1.08,1.0,<Residue ASN het=  resseq=294 icode= >,2ayg_A_A,3.1
98,19.367,ASN, ,CB,47.38,5.32,0.0,1.27,1.0,<Residue ASN het=  resseq=294 icode= >,2ayg_A_A,3.1
99,6.222,ASN, ,CG,47.82,3.88,3.158,2.26,1.0,<Residue ASN het=  resseq=294 icode= >,2ayg_A_A,3.1
100,18.527,ASN, ,OD1,48.11,3.04,13.177,1.38,1.0,<Residue ASN het=  resseq=294 icode= >,2ayg_A_A,3.1
101,29.239,ASN, ,ND2,47.64,3.65,28.845,0.88,1.0,<Residue ASN het=  resseq=294 icode= >,2ayg_A_A,3.1
102,0.034,CYS, ,N,47.72,4.98,0.034,1.51,1.0,<Residue CYS het=  resseq=295 icode= >,2ayg_A_A,3.1
103,1.783,CYS, ,CA,47.81,4.27,1.783,2.05,1.0,<Residue CYS het=  resseq=295 icode= >,2ayg_A_A,3.1
104,0.0,CYS, ,C,47.55,4.76,0.0,2.40,1.0,<Residue CYS het=  resseq=295 icode= >,2ayg_A_A,3.1
105,0.29,CYS, ,O,47.46,4.47,0.29,1.03,1.0,<Residue CYS het=  resseq=295 icode= >,2ayg_A_A,3.1
106,23.86,CYS, ,CB,47.51,3.51,23.17,1.19,1.0,<Residue CYS het=  resseq=295 icode= >,2ayg_A_A,3.1
107,3.153,CYS, ,SG,48.41,4.78,0.033,1.16,0.5,<Residue CYS het=  resseq=295 icode= >,2ayg_A_A,3.1
108,0.0,LEU, ,N,47.16,5.93,0.0,1.41,1.0,<Residue LEU het=  resseq=296 icode= >,2ayg_A_A,3.1
109,0.0,LEU, ,CA,46.53,6.91,0.0,1.92,1.0,<Residue LEU het=  resseq=296 icode= >,2ayg_A_A,3.1
110,0.0,LEU, ,C,46.49,6.13,0.0,2.63,1.0,<Residue LEU het=  resseq=296 icode= >,2ayg_A_A,3.1
111,0.319,LEU, ,O,46.09,6.69,0.0,1.28,1.0,<Residue LEU het=  resseq=296 icode= >,2ayg_A_A,3.1
112,0.0,LEU, ,CB,46.15,6.76,0.0,1.01,1.0,<Residue LEU het=  resseq=296 icode= >,2ayg_A_A,3.1
113,0.0,LEU, ,CG,45.54,8.13,0.0,2.23,1.0,<Residue LEU het=  resseq=296 icode= >,2ayg_A_A,3.1
114,0.0,LEU, ,CD1,44.67,8.24,0.0,0.69,1.0,<Residue LEU het=  resseq=296 icode= >,2ayg_A_A,3.1
115,0.144,LEU, ,CD2,44.18,8.45,0.0,0.58,1.0,<Residue LEU het=  resseq=296 icode= >,2ayg_A_A,3.1
116,0.0,LYS, ,N,46.64,4.99,0.0,1.69,1.0,<Residue LYS het=  resseq=297 icode= >,2ayg_A_A,3.1
117,0.0,LYS, ,CA,46.77,4.31,0.0,2.65,1.0,<Residue LYS het=  resseq=297 icode= >,2ayg_A_A,3.1
118,0.0,LYS, ,C,47.8,5.50,0.0,3.02,1.0,<Residue LYS het=  resseq=297 icode= >,2ayg_A_A,3.1
119,0.634,LYS, ,O,47.83,4.93,0.634,1.14,1.0,<Residue LYS het=  resseq=297 icode= >,2ayg_A_A,3.1
120,1.83,LYS, ,CB,46.43,3.51,1.622,1.40,1.0,<Residue LYS het=  resseq=297 icode= >,2ayg_A_A,3.1
121,5.996,LYS, ,CG,45.68,3.73,5.625,1.30,1.0,<Residue LYS het=  resseq=297 icode= >,2ayg_A_A,3.1
122,31.286,LYS, ,CD,46.06,3.55,31.049,1.52,1.0,<Residue LYS het=  resseq=297 icode= >,2ayg_A_A,3.1
123,24.944,LYS, ,CE,44.24,3.51,23.425,1.20,1.0,<Residue LYS het=  resseq=297 icode= >,2ayg_A_A,3.1
124,33.382,LYS, ,NZ,44.74,2.68,32.907,0.92,1.0,<Residue LYS het=  resseq=297 icode= >,2ayg_A_A,3.1
125,0.0,CYS, ,N,48.8,6.30,0.0,1.77,1.0,<Residue CYS het=  resseq=298 icode= >,2ayg_A_A,3.1
126,0.433,CYS, ,CA,50.23,5.59,0.3,2.43,1.0,<Residue CYS het=  resseq=298 icode= >,2ayg_A_A,3.1
127,0.0,CYS, ,C,50.15,5.79,0.0,3.02,1.0,<Residue CYS het=  resseq=298 icode= >,2ayg_A_A,3.1
128,0.0,CYS, ,O,50.9,5.88,0.0,1.27,1.0,<Residue CYS het=  resseq=298 icode= >,2ayg_A_A,3.1
129,14.413,CYS, ,CB,50.26,4.23,11.499,1.50,1.0,<Residue CYS het=  resseq=298 icode= >,2ayg_A_A,3.1
130,21.77,CYS, ,SG,54.66,3.90,21.77,2.03,1.0,<Residue CYS het=  resseq=298 icode= >,2ayg_A_A,3.1
131,0.0,PHE, ,N,49.96,6.08,0.0,2.55,1.0,<Residue PHE het=  resseq=299 icode= >,2ayg_A_A,3.1
132,0.0,PHE, ,CA,49.86,6.38,0.0,2.87,1.0,<Residue PHE het=  resseq=299 icode= >,2ayg_A_A,3.1
133,0.0,PHE, ,C,50.23,7.48,0.0,2.89,1.0,<Residue PHE het=  resseq=299 icode= >,2ayg_A_A,3.1
134,0.0,PHE, ,O,50.38,7.14,0.0,1.46,1.0,<Residue PHE het=  resseq=299 icode= >,2ayg_A_A,3.1
135,0.0,PHE, ,CB,49.39,6.10,0.0,1.29,1.0,<Residue PHE het=  resseq=299 icode= >,2ayg_A_A,3.1
136,0.0,PHE, ,CG,47.78,6.27,0.0,2.36,1.0,<Residue PHE het=  resseq=299 icode= >,2ayg_A_A,3.1
137,1.216,PHE, ,CD1,48.25,5.16,0.566,1.33,1.0,<Residue PHE het=  resseq=299 icode= >,2ayg_A_A,3.1
138,3.298,PHE, ,CD2,46.07,7.28,0.0,1.78,1.0,<Residue PHE het=  resseq=299 icode= >,2ayg_A_A,3.1
139,4.93,PHE, ,CE1,47.49,5.27,0.758,1.20,1.0,<Residue PHE het=  resseq=299 icode= >,2ayg_A_A,3.1
140,0.0,PHE, ,CE2,46.5,7.36,0.0,1.69,1.0,<Residue PHE het=  resseq=299 icode= >,2ayg_A_A,3.1
141,0.012,PHE, ,CZ,46.75,6.44,0.0,1.74,1.0,<Residue PHE het=  resseq=299 icode= >,2ayg_A_A,3.1
142,0.244,ARG, ,N,50.59,7.31,0.0,1.89,1.0,<Residue ARG het=  resseq=300 icode= >,2ayg_A_A,3.1
143,0.414,ARG, ,CA,51.14,6.77,0.0,2.52,1.0,<Residue ARG het=  resseq=300 icode= >,2ayg_A_A,3.1
144,0.0,ARG, ,C,52.07,6.57,0.0,2.87,1.0,<Residue ARG het=  resseq=300 icode= >,2ayg_A_A,3.1
145,0.0,ARG, ,O,51.92,7.38,0.0,1.51,1.0,<Residue ARG het=  resseq=300 icode= >,2ayg_A_A,3.1
146,0.0,ARG, ,CB,50.94,5.65,0.0,0.82,1.0,<Residue ARG het=  resseq=300 icode= >,2ayg_A_A,3.1
147,0.424,ARG, ,CG,50.4,5.38,0.0,0.89,1.0,<Residue ARG het=  resseq=300 icode= >,2ayg_A_A,3.1
148,5.228,ARG, ,CD,49.8,4.98,5.205,1.66,1.0,<Residue ARG het=  resseq=300 icode= >,2ayg_A_A,3.1
149,13.187,ARG, ,NE,49.05,3.62,12.421,2.25,1.0,<Residue ARG het=  resseq=300 icode= >,2ayg_A_A,3.1
150,1.423,ARG, ,CZ,50.06,3.69,1.423,2.65,1.0,<Residue ARG het=  resseq=300 icode= >,2ayg_A_A,3.1
151,0.0,ARG, ,NH1,49.52,3.65,0.0,0.67,1.0,<Residue ARG het=  resseq=300 icode= >,2ayg_A_A,3.1
152,29.826,ARG, ,NH2,49.96,2.83,29.503,1.32,1.0,<Residue ARG het=  resseq=300 icode= >,2ayg_A_A,3.1
153,0.137,TYR, ,N,53.21,5.83,0.137,2.24,1.0,<Residue TYR het=  resseq=301 icode= >,2ayg_A_A,3.1
154,4.696,TYR, ,CA,54.55,5.92,0.221,2.69,1.0,<Residue TYR het=  resseq=301 icode= >,2ayg_A_A,3.1
155,0.0,TYR, ,C,54.97,6.98,0.0,3.08,1.0,<Residue TYR het=  resseq=301 icode= >,2ayg_A_A,3.1
156,0.205,TYR, ,O,55.01,6.54,0.0,1.52,1.0,<Residue TYR het=  resseq=301 icode= >,2ayg_A_A,3.1
157,8.396,TYR, ,CB,55.26,5.22,4.759,1.32,1.0,<Residue TYR het=  resseq=301 icode= >,2ayg_A_A,3.1
158,2.816,TYR, ,CG,56.96,4.70,0.95,1.62,1.0,<Residue TYR het=  resseq=301 icode= >,2ayg_A_A,3.1
159,29.441,TYR, ,CD1,58.89,3.46,27.147,0.56,1.0,<Residue TYR het=  resseq=301 icode= >,2ayg_A_A,3.1
160,2.676,TYR, ,CD2,56.92,4.83,1.398,1.70,1.0,<Residue TYR het=  resseq=301 icode= >,2ayg_A_A,3.1
161,34.916,TYR, ,CE1,58.39,3.23,34.916,1.48,1.0,<Residue TYR het=  resseq=301 icode= >,2ayg_A_A,3.1
162,13.629,TYR, ,CE2,58.0,4.29,4.705,1.57,1.0,<Residue TYR het=  resseq=301 icode= >,2ayg_A_A,3.1
163,9.057,TYR, ,CZ,58.68,3.85,7.901,2.09,1.0,<Residue TYR het=  resseq=301 icode= >,2ayg_A_A,3.1
164,41.565,TYR, ,OH,59.73,3.71,22.746,0.46,1.0,<Residue TYR het=  resseq=301 icode= >,2ayg_A_A,3.1
165,0.0,ARG, ,N,55.21,7.34,0.0,2.34,1.0,<Residue ARG het=  resseq=302 icode= >,2ayg_A_A,3.1
166,0.0,ARG, ,CA,55.66,7.49,0.0,2.47,1.0,<Residue ARG het=  resseq=302 icode= >,2ayg_A_A,3.1
167,0.648,ARG, ,C,56.03,7.85,0.0,2.92,1.0,<Residue ARG het=  resseq=302 icode= >,2ayg_A_A,3.1
168,0.0,ARG, ,O,56.26,8.35,0.0,1.53,1.0,<Residue ARG het=  resseq=302 icode= >,2ayg_A_A,3.1
169,7.931,ARG, ,CB,55.67,6.03,0.0,1.28,1.0,<Residue ARG het=  resseq=302 icode= >,2ayg_A_A,3.1
170,20.994,ARG, ,CG,56.84,5.06,4.072,0.79,1.0,<Residue ARG het=  resseq=302 icode= >,2ayg_A_A,3.1
171,22.087,ARG, ,CD,58.75,4.23,17.726,1.17,1.0,<Residue ARG het=  resseq=302 icode= >,2ayg_A_A,3.1
172,9.424,ARG, ,NE,61.4,4.15,8.44,1.56,1.0,<Residue ARG het=  resseq=302 icode= >,2ayg_A_A,3.1
173,5.36,ARG, ,CZ,63.56,3.97,5.36,1.65,1.0,<Residue ARG het=  resseq=302 icode= >,2ayg_A_A,3.1
174,24.94,ARG, ,NH1,63.93,2.97,24.94,0.77,1.0,<Residue ARG het=  resseq=302 icode= >,2ayg_A_A,3.1
175,22.852,ARG, ,NH2,63.19,2.98,22.852,0.95,1.0,<Residue ARG het=  resseq=302 icode= >,2ayg_A_A,3.1
176,0.127,LEU, ,N,56.49,7.96,0.0,2.71,1.0,<Residue LEU het=  resseq=303 icode= >,2ayg_A_A,3.1
177,0.723,LEU, ,CA,57.31,8.62,0.0,2.59,1.0,<Residue LEU het=  resseq=303 icode= >,2ayg_A_A,3.1
178,0.0,LEU, ,C,58.28,9.94,0.0,3.56,1.0,<Residue LEU het=  resseq=303 icode= >,2ayg_A_A,3.1
179,0.0,LEU, ,O,58.11,10.54,0.0,1.86,1.0,<Residue LEU het=  resseq=303 icode= >,2ayg_A_A,3.1
180,0.0,LEU, ,CB,57.04,9.00,0.0,1.63,1.0,<Residue LEU het=  resseq=303 icode= >,2ayg_A_A,3.1
181,0.761,LEU, ,CG,56.66,8.19,0.0,1.61,1.0,<Residue LEU het=  resseq=303 icode= >,2ayg_A_A,3.1
182,0.713,LEU, ,CD1,56.06,8.78,0.0,0.21,1.0,<Residue LEU het=  resseq=303 icode= >,2ayg_A_A,3.1
183,0.635,LEU, ,CD2,56.33,8.55,0.0,0.48,1.0,<Residue LEU het=  resseq=303 icode= >,2ayg_A_A,3.1
184,0.0,ASN, ,N,59.38,8.72,0.0,2.94,1.0,<Residue ASN het=  resseq=304 icode= >,2ayg_A_A,3.1
185,0.0,ASN, ,CA,60.78,8.09,0.0,2.71,1.0,<Residue ASN het=  resseq=304 icode= >,2ayg_A_A,3.1
186,1.953,ASN, ,C,61.95,7.86,0.0,2.74,1.0,<Residue ASN het=  resseq=304 icode= >,2ayg_A_A,3.1
187,2.19,ASN, ,O,62.82,8.41,0.0,1.15,1.0,<Residue ASN het=  resseq=304 icode= >,2ayg_A_A,3.1
188,13.823,ASN, ,CB,60.71,6.86,1.508,1.48,1.0,<Residue ASN het=  resseq=304 icode= >,2ayg_A_A,3.1
189,5.524,ASN, ,CG,60.97,7.20,5.334,2.08,1.0,<Residue ASN het=  resseq=304 icode= >,2ayg_A_A,3.1
190,12.224,ASN, ,OD1,60.07,7.84,10.655,1.15,1.0,<Residue ASN het=  resseq=304 icode= >,2ayg_A_A,3.1
191,23.095,ASN, ,ND2,61.94,5.94,10.941,0.46,1.0,<Residue ASN het=  resseq=304 icode= >,2ayg_A_A,3.1
192,1.741,ASP, ,N,62.5,7.47,0.0,2.58,1.0,<Residue ASP het=  resseq=304 icode=A>,2ayg_A_A,3.1
193,0.0,ASP, ,CA,62.9,8.39,0.0,2.97,1.0,<Residue ASP het=  resseq=304 icode=A>,2ayg_A_A,3.1
194,0.0,ASP, ,C,62.95,9.38,0.0,3.32,1.0,<Residue ASP het=  resseq=304 icode=A>,2ayg_A_A,3.1
195,11.063,ASP, ,O,63.53,9.02,0.0,1.95,1.0,<Residue ASP het=  resseq=304 icode=A>,2ayg_A_A,3.1
196,0.868,ASP, ,CB,63.46,8.07,0.0,1.30,1.0,<Residue ASP het=  resseq=304 icode=A>,2ayg_A_A,3.1
197,2.6,ASP, ,CG,64.89,6.95,0.0,1.44,0.7,<Residue ASP het=  resseq=304 icode=A>,2ayg_A_A,3.1
198,27.138,ASP, ,OD1,65.2,7.37,0.0,0.78,0.7,<Residue ASP het=  resseq=304 icode=A>,2ayg_A_A,3.1
199,15.978,ASP, ,OD2,66.43,5.84,0.0,0.72,0.7,<Residue ASP het=  resseq=304 icode=A>,2ayg_A_A,3.1
200,8.094,LYS, ,N,62.86,10.68,0.0,2.44,1.0,<Residue LYS het=  resseq=305 icode= >,2ayg_A_A,3.1
201,1.952,LYS, ,CA,62.67,9.73,0.0,2.06,1.0,<Residue LYS het=  resseq=305 icode= >,2ayg_A_A,3.1
202,1.069,LYS, ,C,62.74,10.44,0.0,2.74,1.0,<Residue LYS het=  resseq=305 icode= >,2ayg_A_A,3.1
203,14.612,LYS, ,O,62.69,10.67,0.0,1.68,1.0,<Residue LYS het=  resseq=305 icode= >,2ayg_A_A,3.1
204,0.155,LYS, ,CB,62.47,8.39,0.0,0.87,0.5,<Residue LYS het=  resseq=305 icode= >,2ayg_A_A,3.1
205,15.968,LYS, ,CG,62.13,7.28,0.0,0.08,0.5,<Residue LYS het=  resseq=305 icode= >,2ayg_A_A,3.1
206,25.78,LYS, ,CD,61.58,7.45,0.0,-0.14,0.5,<Residue LYS het=  resseq=305 icode= >,2ayg_A_A,3.1
207,19.966,LYS, ,CE,61.05,8.89,0.0,0.11,0.5,<Residue LYS het=  resseq=305 icode= >,2ayg_A_A,3.1
208,42.895,LYS, ,NZ,59.82,9.20,0.0,0.19,0.5,<Residue LYS het=  resseq=305 icode= >,2ayg_A_A,3.1
209,0.0,HIS, ,N,62.62,10.67,0.0,2.35,1.0,<Residue HIS het=  resseq=306 icode= >,2ayg_A_A,3.1
210,0.0,HIS, ,CA,62.42,11.18,0.0,2.65,1.0,<Residue HIS het=  resseq=306 icode= >,2ayg_A_A,3.1
211,0.0,HIS, ,C,61.12,12.34,0.0,2.69,1.0,<Residue HIS het=  resseq=306 icode= >,2ayg_A_A,3.1
212,0.0,HIS, ,O,61.07,12.78,0.0,1.63,1.0,<Residue HIS het=  resseq=306 icode= >,2ayg_A_A,3.1
213,0.0,HIS, ,CB,63.17,10.13,0.0,1.36,1.0,<Residue HIS het=  resseq=306 icode= >,2ayg_A_A,3.1
214,0.0,HIS, ,CG,66.39,9.22,0.0,1.65,1.0,<Residue HIS het=  resseq=306 icode= >,2ayg_A_A,3.1
215,2.595,HIS, ,ND1,68.7,7.98,0.0,1.21,1.0,<Residue HIS het=  resseq=306 icode= >,2ayg_A_A,3.1
216,2.414,HIS, ,CD2,68.75,9.51,0.0,1.44,1.0,<Residue HIS het=  resseq=306 icode= >,2ayg_A_A,3.1
217,4.826,HIS, ,CE1,69.9,7.53,0.0,1.01,1.0,<Residue HIS het=  resseq=306 icode= >,2ayg_A_A,3.1
218,8.176,HIS, ,NE2,70.45,8.19,0.0,1.33,1.0,<Residue HIS het=  resseq=306 icode= >,2ayg_A_A,3.1
219,0.63,ARG, ,N,59.38,12.32,0.0,2.07,1.0,<Residue ARG het=  resseq=307 icode= >,2ayg_A_A,3.1
220,0.0,ARG, ,CA,57.79,12.19,0.0,3.03,1.0,<Residue ARG het=  resseq=307 icode= >,2ayg_A_A,3.1
221,0.124,ARG, ,C,56.96,13.58,0.0,3.10,1.0,<Residue ARG het=  resseq=307 icode= >,2ayg_A_A,3.1
222,7.322,ARG, ,O,57.43,13.93,3.979,1.79,1.0,<Residue ARG het=  resseq=307 icode= >,2ayg_A_A,3.1
223,3.138,ARG, ,CB,57.7,11.42,0.0,1.44,1.0,<Residue ARG het=  resseq=307 icode= >,2ayg_A_A,3.1
224,20.087,ARG, ,CG,57.81,11.10,10.84,0.71,1.0,<Residue ARG het=  resseq=307 icode= >,2ayg_A_A,3.1
225,35.156,ARG, ,CD,57.8,10.37,16.721,1.14,1.0,<Residue ARG het=  resseq=307 icode= >,2ayg_A_A,3.1
226,7.931,ARG, ,NE,56.57,9.92,0.0,1.69,1.0,<Residue ARG het=  resseq=307 icode= >,2ayg_A_A,3.1
227,4.59,ARG, ,CZ,55.76,10.75,0.0,1.31,0.5,<Residue ARG het=  resseq=307 icode= >,2ayg_A_A,3.1
228,47.53,ARG, ,NH1,54.6,11.94,0.0,0.74,0.5,<Residue ARG het=  resseq=307 icode= >,2ayg_A_A,3.1
229,46.098,ARG, ,NH2,56.1,10.53,0.0,0.21,0.5,<Residue ARG het=  resseq=307 icode= >,2ayg_A_A,3.1
230,0.126,HIS, ,N,55.83,14.48,0.0,2.16,1.0,<Residue HIS het=  resseq=308 icode= >,2ayg_A_A,3.1
231,12.879,HIS, ,CA,54.45,15.84,0.0,2.61,1.0,<Residue HIS het=  resseq=308 icode= >,2ayg_A_A,3.1
232,1.476,HIS, ,C,53.61,16.30,0.0,3.62,1.0,<Residue HIS het=  resseq=308 icode= >,2ayg_A_A,3.1
233,15.589,HIS, ,O,53.07,17.23,0.0,2.57,1.0,<Residue HIS het=  resseq=308 icode= >,2ayg_A_A,3.1
234,34.918,HIS, ,CB,54.5,16.53,0.0,0.86,0.5,<Residue HIS het=  resseq=308 icode= >,2ayg_A_A,3.1
235,2.581,HIS, ,CG,53.83,15.96,0.0,1.43,0.5,<Residue HIS het=  resseq=308 icode= >,2ayg_A_A,3.1
236,12.363,HIS, ,ND1,53.16,14.81,0.0,1.56,0.5,<Residue HIS het=  resseq=308 icode= >,2ayg_A_A,3.1
237,21.49,HIS, ,CD2,53.35,15.87,0.0,0.73,0.5,<Residue HIS het=  resseq=308 icode= >,2ayg_A_A,3.1
238,20.852,HIS, ,CE1,53.32,13.99,0.0,1.13,0.5,<Residue HIS het=  resseq=308 icode= >,2ayg_A_A,3.1
239,17.407,HIS, ,NE2,53.16,14.65,0.0,1.28,0.5,<Residue HIS het=  resseq=308 icode= >,2ayg_A_A,3.1
240,0.0,LEU, ,N,52.83,15.15,0.0,2.76,1.0,<Residue LEU het=  resseq=309 icode= >,2ayg_A_A,3.1
241,0.0,LEU, ,CA,52.54,14.96,0.0,2.82,1.0,<Residue LEU het=  resseq=309 icode= >,2ayg_A_A,3.1
242,0.0,LEU, ,C,51.7,15.24,0.0,3.61,1.0,<Residue LEU het=  resseq=309 icode= >,2ayg_A_A,3.1
243,0.0,LEU, ,O,51.55,15.27,0.0,1.96,1.0,<Residue LEU het=  resseq=309 icode= >,2ayg_A_A,3.1
244,0.0,LEU, ,CB,52.94,13.70,0.0,1.12,1.0,<Residue LEU het=  resseq=309 icode= >,2ayg_A_A,3.1
245,0.0,LEU, ,CG,54.25,14.13,0.0,1.40,1.0,<Residue LEU het=  resseq=309 icode= >,2ayg_A_A,3.1
246,2.872,LEU, ,CD1,55.54,13.02,0.0,0.17,1.0,<Residue LEU het=  resseq=309 icode= >,2ayg_A_A,3.1
247,10.693,LEU, ,CD2,54.77,15.09,0.0,0.45,1.0,<Residue LEU het=  resseq=309 icode= >,2ayg_A_A,3.1
248,0.0,PHE, ,N,50.75,15.67,0.0,2.83,1.0,<Residue PHE het=  resseq=310 icode= >,2ayg_A_A,3.1
249,0.0,PHE, ,CA,49.81,15.77,0.0,3.10,1.0,<Residue PHE het=  resseq=310 icode= >,2ayg_A_A,3.1
250,0.076,PHE, ,C,49.59,15.09,0.0,3.31,1.0,<Residue PHE het=  resseq=310 icode= >,2ayg_A_A,3.1
251,7.092,PHE, ,O,49.51,14.52,4.285,2.04,1.0,<Residue PHE het=  resseq=310 icode= >,2ayg_A_A,3.1
252,0.0,PHE, ,CB,49.72,14.93,0.0,1.60,1.0,<Residue PHE het=  resseq=310 icode= >,2ayg_A_A,3.1
253,0.0,PHE, ,CG,49.12,13.58,0.0,2.41,1.0,<Residue PHE het=  resseq=310 icode= >,2ayg_A_A,3.1
254,0.0,PHE, ,CD1,48.48,12.47,0.0,0.89,1.0,<Residue PHE het=  resseq=310 icode= >,2ayg_A_A,3.1
255,0.0,PHE, ,CD2,48.62,13.22,0.0,2.03,1.0,<Residue PHE het=  resseq=310 icode= >,2ayg_A_A,3.1
256,3.748,PHE, ,CE1,48.56,11.21,1.483,1.35,1.0,<Residue PHE het=  resseq=310 icode= >,2ayg_A_A,3.1
257,0.0,PHE, ,CE2,48.98,12.39,0.0,1.96,1.0,<Residue PHE het=  resseq=310 icode= >,2ayg_A_A,3.1
258,1.244,PHE, ,CZ,48.68,11.16,0.0,2.14,1.0,<Residue PHE het=  resseq=310 icode= >,2ayg_A_A,3.1
259,0.0,ASP, ,N,49.01,15.26,0.0,2.51,1.0,<Residue ASP het=  resseq=311 icode= >,2ayg_A_A,3.1
260,1.112,ASP, ,CA,48.6,14.83,1.112,2.77,1.0,<Residue ASP het=  resseq=311 icode= >,2ayg_A_A,3.1
261,0.0,ASP, ,C,47.91,13.35,0.0,3.36,1.0,<Residue ASP het=  resseq=311 icode= >,2ayg_A_A,3.1
262,17.741,ASP, ,O,47.68,12.54,17.102,1.98,1.0,<Residue ASP het=  resseq=311 icode= >,2ayg_A_A,3.1
263,0.0,ASP, ,CB,49.09,15.80,0.0,1.91,1.0,<Residue ASP het=  resseq=311 icode= >,2ayg_A_A,3.1
264,1.05,ASP, ,CG,50.7,15.81,0.0,2.79,1.0,<Residue ASP het=  resseq=311 icode= >,2ayg_A_A,3.1
265,23.929,ASP, ,OD1,52.17,16.49,0.0,2.09,1.0,<Residue ASP het=  resseq=311 icode= >,2ayg_A_A,3.1
266,17.654,ASP, ,OD2,51.45,15.28,7.631,2.21,1.0,<Residue ASP het=  resseq=311 icode= >,2ayg_A_A,3.1
267,0.0,LEU, ,N,47.18,13.10,0.0,2.28,1.0,<Residue LEU het=  resseq=312 icode= >,2ayg_A_A,3.1
268,0.765,LEU, ,CA,46.26,11.86,0.765,2.89,1.0,<Residue LEU het=  resseq=312 icode= >,2ayg_A_A,3.1
269,0.0,LEU, ,C,45.35,11.14,0.0,3.86,1.0,<Residue LEU het=  resseq=312 icode= >,2ayg_A_A,3.1
270,0.0,LEU, ,O,44.86,11.82,0.0,2.30,1.0,<Residue LEU het=  resseq=312 icode= >,2ayg_A_A,3.1
271,4.688,LEU, ,CB,46.66,12.32,4.688,1.00,1.0,<Residue LEU het=  resseq=312 icode= >,2ayg_A_A,3.1
272,0.707,LEU, ,CG,46.8,12.90,0.0,1.67,1.0,<Residue LEU het=  resseq=312 icode= >,2ayg_A_A,3.1
273,25.274,LEU, ,CD1,46.99,13.59,20.121,1.07,1.0,<Residue LEU het=  resseq=312 icode= >,2ayg_A_A,3.1
274,53.258,LEU, ,CD2,47.66,11.93,52.051,0.50,1.0,<Residue LEU het=  resseq=312 icode= >,2ayg_A_A,3.1
275,2.067,ILE, ,N,44.71,9.88,2.067,2.42,1.0,<Residue ILE het=  resseq=313 icode= >,2ayg_A_A,3.1
276,0.514,ILE, ,CA,44.48,9.19,0.514,2.55,1.0,<Residue ILE het=  resseq=313 icode= >,2ayg_A_A,3.1
277,3.45,ILE, ,C,43.77,8.27,3.45,2.75,1.0,<Residue ILE het=  resseq=313 icode= >,2ayg_A_A,3.1
278,19.715,ILE, ,O,43.12,7.34,19.715,1.81,1.0,<Residue ILE het=  resseq=313 icode= >,2ayg_A_A,3.1
279,0.0,ILE, ,CB,44.65,8.65,0.0,1.98,1.0,<Residue ILE het=  resseq=313 icode= >,2ayg_A_A,3.1
280,0.0,ILE, ,CG1,45.81,8.35,0.0,0.73,1.0,<Residue ILE het=  resseq=313 icode= >,2ayg_A_A,3.1
281,18.081,ILE, ,CG2,44.46,7.63,18.081,0.64,1.0,<Residue ILE het=  resseq=313 icode= >,2ayg_A_A,3.1
282,0.493,ILE, ,CD1,47.26,8.36,0.0,-0.26,1.0,<Residue ILE het=  resseq=313 icode= >,2ayg_A_A,3.1
283,1.973,SER, ,N,42.94,8.54,1.973,2.37,1.0,<Residue SER het=  resseq=314 icode= >,2ayg_A_A,3.1
284,8.724,SER, ,CA,42.31,7.47,8.724,3.35,1.0,<Residue SER het=  resseq=314 icode= >,2ayg_A_A,3.1
285,0.569,SER, ,C,42.05,6.06,0.569,3.75,1.0,<Residue SER het=  resseq=314 icode= >,2ayg_A_A,3.1
286,0.0,SER, ,O,42.12,5.94,0.0,1.57,1.0,<Residue SER het=  resseq=314 icode= >,2ayg_A_A,3.1
287,21.091,SER, ,CB,41.82,7.80,21.091,2.26,1.0,<Residue SER het=  resseq=314 icode= >,2ayg_A_A,3.1
288,0.0,SER, ,OG,41.7,7.59,0.0,1.48,1.0,<Residue SER het=  resseq=314 icode= >,2ayg_A_A,3.1
289,8.064,SER, ,N,42.07,5.23,8.064,2.67,1.0,<Residue SER het=  resseq=315 icode= >,2ayg_A_A,3.1
290,2.331,SER, ,CA,42.29,3.78,2.331,3.34,1.0,<Residue SER het=  resseq=315 icode= >,2ayg_A_A,3.1
291,0.0,SER, ,C,42.61,3.76,0.0,3.09,1.0,<Residue SER het=  resseq=315 icode= >,2ayg_A_A,3.1
292,0.0,SER, ,O,42.73,4.93,0.0,1.58,1.0,<Residue SER het=  resseq=315 icode= >,2ayg_A_A,3.1
293,41.329,SER, ,CB,42.43,3.47,38.711,1.46,1.0,<Residue SER het=  resseq=315 icode= >,2ayg_A_A,3.1
294,30.087,SER, ,OG,41.72,4.40,28.622,1.20,1.0,<Residue SER het=  resseq=315 icode= >,2ayg_A_A,3.1
295,2.433,THR, ,N,43.15,2.84,2.433,2.26,1.0,<Residue THR het=  resseq=316 icode= >,2ayg_A_A,3.1
296,0.0,THR, ,CA,43.56,3.70,0.0,2.53,1.0,<Residue THR het=  resseq=316 icode= >,2ayg_A_A,3.1
297,0.0,THR, ,C,44.06,4.38,0.0,2.51,1.0,<Residue THR het=  resseq=316 icode= >,2ayg_A_A,3.1
298,23.129,THR, ,O,44.7,4.11,12.678,1.65,1.0,<Residue THR het=  resseq=316 icode= >,2ayg_A_A,3.1
299,9.238,THR, ,CB,43.08,3.61,8.738,1.87,1.0,<Residue THR het=  resseq=316 icode= >,2ayg_A_A,3.1
300,6.129,THR, ,OG1,42.76,2.54,6.129,1.24,1.0,<Residue THR het=  resseq=316 icode= >,2ayg_A_A,3.1
301,0.0,THR, ,CG2,42.43,4.74,0.0,0.15,1.0,<Residue THR het=  resseq=316 icode= >,2ayg_A_A,3.1
302,0.0,TRP, ,N,44.03,5.65,0.0,2.15,1.0,<Residue TRP het=  resseq=317 icode= >,2ayg_A_A,3.1
303,2.83,TRP, ,CA,44.29,6.37,2.83,2.33,1.0,<Residue TRP het=  resseq=317 icode= >,2ayg_A_A,3.1
304,0.174,TRP, ,C,44.87,6.27,0.0,3.09,1.0,<Residue TRP het=  resseq=317 icode= >,2ayg_A_A,3.1
305,0.0,TRP, ,O,45.05,6.55,0.0,2.01,1.0,<Residue TRP het=  resseq=317 icode= >,2ayg_A_A,3.1
306,24.038,TRP, ,CB,43.41,7.33,23.726,1.99,1.0,<Residue TRP het=  resseq=317 icode= >,2ayg_A_A,3.1
307,1.945,TRP, ,CG,42.46,8.07,1.945,3.25,1.0,<Residue TRP het=  resseq=317 icode= >,2ayg_A_A,3.1
308,3.566,TRP, ,CD1,42.28,7.77,3.566,1.85,1.0,<Residue TRP het=  resseq=317 icode= >,2ayg_A_A,3.1
309,3.017,TRP, ,CD2,42.47,9.46,3.017,3.05,1.0,<Residue TRP het=  resseq=317 icode= >,2ayg_A_A,3.1
310,2.061,TRP, ,NE1,42.13,9.02,1.886,1.85,1.0,<Residue TRP het=  resseq=317 icode= >,2ayg_A_A,3.1
311,3.609,TRP, ,CE2,42.49,9.99,3.507,2.91,1.0,<Residue TRP het=  resseq=317 icode= >,2ayg_A_A,3.1
312,9.028,TRP, ,CE3,41.83,9.21,9.028,1.99,1.0,<Residue TRP het=  resseq=317 icode= >,2ayg_A_A,3.1
313,9.954,TRP, ,CZ2,42.82,11.38,1.906,1.32,1.0,<Residue TRP het=  resseq=317 icode= >,2ayg_A_A,3.1
314,3.884,TRP, ,CZ3,41.65,10.35,3.848,2.03,1.0,<Residue TRP het=  resseq=317 icode= >,2ayg_A_A,3.1
315,10.492,TRP, ,CH2,42.32,11.57,7.769,1.50,1.0,<Residue TRP het=  resseq=317 icode= >,2ayg_A_A,3.1
316,0.679,HIS, ,N,45.3,6.31,0.679,2.83,1.0,<Residue HIS het=  resseq=318 icode= >,2ayg_A_A,3.1
317,0.0,HIS, ,CA,46.21,6.88,0.0,2.89,1.0,<Residue HIS het=  resseq=318 icode= >,2ayg_A_A,3.1
318,0.0,HIS, ,C,47.08,7.79,0.0,3.62,1.0,<Residue HIS het=  resseq=318 icode= >,2ayg_A_A,3.1
319,11.347,HIS, ,O,47.49,6.91,11.347,1.87,1.0,<Residue HIS het=  resseq=318 icode= >,2ayg_A_A,3.1
320,8.462,HIS, ,CB,45.89,6.02,0.0,1.97,1.0,<Residue HIS het=  resseq=318 icode= >,2ayg_A_A,3.1
321,2.887,HIS, ,CG,46.15,5.28,0.0,3.39,1.0,<Residue HIS het=  resseq=318 icode= >,2ayg_A_A,3.1
322,11.98,HIS, ,ND1,46.99,4.07,7.549,2.32,1.0,<Residue HIS het=  resseq=318 icode= >,2ayg_A_A,3.1
323,10.215,HIS, ,CD2,45.9,5.92,0.000999999999999,2.39,1.0,<Residue HIS het=  resseq=318 icode= >,2ayg_A_A,3.1
324,44.272,HIS, ,CE1,47.34,4.10,30.201,2.11,1.0,<Residue HIS het=  resseq=318 icode= >,2ayg_A_A,3.1
325,23.23,HIS, ,NE2,46.97,5.06,10.848,2.19,1.0,<Residue HIS het=  resseq=318 icode= >,2ayg_A_A,3.1
326,0.147,TRP, ,N,48.2,8.78,0.0,2.52,1.0,<Residue TRP het=  resseq=319 icode= >,2ayg_A_A,3.1
327,0.341,TRP, ,CA,49.69,8.54,0.341,2.79,1.0,<Residue TRP het=  resseq=319 icode= >,2ayg_A_A,3.1
328,0.0,TRP, ,C,51.23,7.21,0.0,3.27,1.0,<Residue TRP het=  resseq=319 icode= >,2ayg_A_A,3.1
329,9.182,TRP, ,O,51.53,7.12,0.0,2.02,1.0,<Residue TRP het=  resseq=319 icode= >,2ayg_A_A,3.1
330,2.441,TRP, ,CB,49.18,9.68,2.441,1.55,1.0,<Residue TRP het=  resseq=319 icode= >,2ayg_A_A,3.1
331,0.0,TRP, ,CG,48.96,10.94,0.0,2.61,1.0,<Residue TRP het=  resseq=319 icode= >,2ayg_A_A,3.1
332,0.025,TRP, ,CD1,49.09,11.96,0.0,1.74,1.0,<Residue TRP het=  resseq=319 icode= >,2ayg_A_A,3.1
333,1.702,TRP, ,CD2,49.53,11.17,1.702,2.38,1.0,<Residue TRP het=  resseq=319 icode= >,2ayg_A_A,3.1
334,6.565,TRP, ,NE1,49.92,12.58,6.565,1.68,1.0,<Residue TRP het=  resseq=319 icode= >,2ayg_A_A,3.1
335,2.505,TRP, ,CE2,49.18,12.12,2.505,2.90,1.0,<Residue TRP het=  resseq=319 icode= >,2ayg_A_A,3.1
336,20.948,TRP, ,CE3,49.25,10.71,20.948,1.04,1.0,<Residue TRP het=  resseq=319 icode= >,2ayg_A_A,3.1
337,19.875,TRP, ,CZ2,48.76,12.63,19.875,1.57,1.0,<Residue TRP het=  resseq=319 icode= >,2ayg_A_A,3.1
338,33.478,TRP, ,CZ3,48.43,11.27,33.478,1.73,1.0,<Residue TRP het=  resseq=319 icode= >,2ayg_A_A,3.1
339,28.683,TRP, ,CH2,48.67,12.21,28.683,1.40,1.0,<Residue TRP het=  resseq=319 icode= >,2ayg_A_A,3.1
340,6.984,ALA, ,N,53.31,6.39,6.984,2.32,1.0,<Residue ALA het=  resseq=320 icode= >,2ayg_A_A,3.1
341,4.717,ALA, ,CA,55.39,5.15,0.0,2.46,1.0,<Residue ALA het=  resseq=320 icode= >,2ayg_A_A,3.1
342,3.232,ALA, ,C,57.03,5.53,0.0,2.52,1.0,<Residue ALA het=  resseq=320 icode= >,2ayg_A_A,3.1
343,24.278,ALA, ,O,56.79,5.54,23.539,1.60,1.0,<Residue ALA het=  resseq=320 icode= >,2ayg_A_A,3.1
344,51.593,ALA, ,CB,54.97,3.98,46.281,1.02,1.0,<Residue ALA het=  resseq=320 icode= >,2ayg_A_A,3.1
345,4.487,SER, ,N,59.32,6.28,0.0,2.12,1.0,<Residue SER het=  resseq=321 icode= >,2ayg_A_A,3.1
346,8.743,SER, ,CA,61.45,7.13,3.031,3.00,1.0,<Residue SER het=  resseq=321 icode= >,2ayg_A_A,3.1
347,5.374,SER, ,C,62.78,7.55,0.0,2.48,1.0,<Residue SER het=  resseq=321 icode= >,2ayg_A_A,3.1
348,29.251,SER, ,O,63.18,6.93,0.0,1.61,1.0,<Residue SER het=  resseq=321 icode= >,2ayg_A_A,3.1
349,3.4,SER, ,CB,61.66,8.44,0.0,1.75,1.0,<Residue SER het=  resseq=321 icode= >,2ayg_A_A,3.1
350,23.163,SER, ,OG,62.7,8.42,21.112,1.19,1.0,<Residue SER het=  resseq=321 icode= >,2ayg_A_A,3.1
351,0.0,PRO, ,N,64.12,8.81,0.0,2.98,1.0,<Residue PRO het=  resseq=322 icode= >,2ayg_A_A,3.1
352,0.0,PRO, ,CA,64.51,10.00,0.0,3.11,1.0,<Residue PRO het=  resseq=322 icode= >,2ayg_A_A,3.1
353,2.086,PRO, ,C,64.71,11.06,0.0,2.65,1.0,<Residue PRO het=  resseq=322 icode= >,2ayg_A_A,3.1
354,23.509,PRO, ,O,65.49,11.24,0.0,1.16,1.0,<Residue PRO het=  resseq=322 icode= >,2ayg_A_A,3.1
355,13.02,PRO, ,CB,64.91,10.64,0.0,1.17,1.0,<Residue PRO het=  resseq=322 icode= >,2ayg_A_A,3.1
356,41.24,PRO, ,CG,65.45,10.42,0.0,0.79,1.0,<Residue PRO het=  resseq=322 icode= >,2ayg_A_A,3.1
357,28.456,PRO, ,CD,64.41,9.27,0.0,1.63,1.0,<Residue PRO het=  resseq=322 icode= >,2ayg_A_A,3.1
358,12.101,LYS, ,N,64.6,11.97,0.0,1.75,1.0,<Residue LYS het=  resseq=323 icode= >,2ayg_A_A,3.1
359,5.743,LYS, ,CA,63.9,12.19,0.0,2.09,1.0,<Residue LYS het=  resseq=323 icode= >,2ayg_A_A,3.1
360,2.955,LYS, ,C,64.24,12.14,1.3,2.21,1.0,<Residue LYS het=  resseq=323 icode= >,2ayg_A_A,3.1
361,21.869,LYS, ,O,64.45,13.24,3.287,1.05,1.0,<Residue LYS het=  resseq=323 icode= >,2ayg_A_A,3.1
362,11.767,LYS, ,CB,63.72,11.78,11.767,0.74,1.0,<Residue LYS het=  resseq=323 icode= >,2ayg_A_A,3.1
363,22.035,LYS, ,CG,61.94,12.22,7.495,0.61,0.5,<Residue LYS het=  resseq=323 icode= >,2ayg_A_A,3.1
364,37.013,LYS, ,CD,59.61,13.34,28.561,0.13,0.5,<Residue LYS het=  resseq=323 icode= >,2ayg_A_A,3.1
365,35.377,LYS, ,CE,58.45,14.62,5.266,0.24,0.5,<Residue LYS het=  resseq=323 icode= >,2ayg_A_A,3.1
366,48.501,LYS, ,NZ,56.4,15.68,38.551,0.48,0.5,<Residue LYS het=  resseq=323 icode= >,2ayg_A_A,3.1
367,0.0,ALA, ,N,63.7,11.05,0.0,2.34,1.0,<Residue ALA het=  resseq=324 icode= >,2ayg_A_A,3.1
368,1.325,ALA, ,CA,63.06,11.00,1.325,2.29,1.0,<Residue ALA het=  resseq=324 icode= >,2ayg_A_A,3.1
369,0.0,ALA, ,C,62.62,12.28,0.0,2.59,1.0,<Residue ALA het=  resseq=324 icode= >,2ayg_A_A,3.1
370,15.246,ALA, ,O,62.78,12.56,0.0,1.66,1.0,<Residue ALA het=  resseq=324 icode= >,2ayg_A_A,3.1
371,10.79,ALA, ,CB,62.95,9.78,0.0,0.92,1.0,<Residue ALA het=  resseq=324 icode= >,2ayg_A_A,3.1
372,0.0,PRO, ,N,62.25,13.17,0.0,2.82,1.0,<Residue PRO het=  resseq=325 icode= >,2ayg_A_A,3.1
373,11.266,PRO, ,CA,62.09,14.56,0.0,2.60,1.0,<Residue PRO het=  resseq=325 icode= >,2ayg_A_A,3.1
374,1.714,PRO, ,C,61.68,14.83,0.0,2.89,1.0,<Residue PRO het=  resseq=325 icode= >,2ayg_A_A,3.1
375,29.769,PRO, ,O,61.77,15.93,0.0,1.63,1.0,<Residue PRO het=  resseq=325 icode= >,2ayg_A_A,3.1
376,34.392,PRO, ,CB,61.82,15.25,11.856,1.85,1.0,<Residue PRO het=  resseq=325 icode= >,2ayg_A_A,3.1
377,16.282,PRO, ,CG,61.44,14.23,16.282,1.72,1.0,<Residue PRO het=  resseq=325 icode= >,2ayg_A_A,3.1
378,10.796,PRO, ,CD,61.91,13.02,10.535,1.92,1.0,<Residue PRO het=  resseq=325 icode= >,2ayg_A_A,3.1
379,0.0,HIS, ,N,61.21,13.80,0.0,2.76,1.0,<Residue HIS het=  resseq=326 icode= >,2ayg_A_A,3.1
380,12.517,HIS, ,CA,60.77,13.32,0.0,3.02,1.0,<Residue HIS het=  resseq=326 icode= >,2ayg_A_A,3.1
381,2.575,HIS, ,C,60.78,11.84,0.0,3.14,1.0,<Residue HIS het=  resseq=326 icode= >,2ayg_A_A,3.1
382,2.472,HIS, ,O,61.26,11.20,0.0,2.18,1.0,<Residue HIS het=  resseq=326 icode= >,2ayg_A_A,3.1
383,20.302,HIS, ,CB,60.82,13.57,0.0,1.44,1.0,<Residue HIS het=  resseq=326 icode= >,2ayg_A_A,3.1
384,0.782,HIS, ,CG,60.44,12.68,0.0,2.85,1.0,<Residue HIS het=  resseq=326 icode= >,2ayg_A_A,3.1
385,8.212,HIS, ,ND1,60.51,13.12,3.107,2.50,1.0,<Residue HIS het=  resseq=326 icode= >,2ayg_A_A,3.1
386,0.0,HIS, ,CD2,59.26,11.52,0.0,2.30,1.0,<Residue HIS het=  resseq=326 icode= >,2ayg_A_A,3.1
387,3.514,HIS, ,CE1,60.19,12.33,3.514,2.47,1.0,<Residue HIS het=  resseq=326 icode= >,2ayg_A_A,3.1
388,0.186,HIS, ,NE2,60.32,11.30,0.0,2.35,1.0,<Residue HIS het=  resseq=326 icode= >,2ayg_A_A,3.1
389,7.969,LYS, ,N,60.06,11.37,0.0,2.46,1.0,<Residue LYS het=  resseq=327 icode= >,2ayg_A_A,3.1
390,4.141,LYS, ,CA,59.12,9.97,0.0,2.86,1.0,<Residue LYS het=  resseq=327 icode= >,2ayg_A_A,3.1
391,1.007,LYS, ,C,58.67,9.13,0.0,2.64,1.0,<Residue LYS het=  resseq=327 icode= >,2ayg_A_A,3.1
392,15.19,LYS, ,O,58.87,8.20,0.0,1.31,1.0,<Residue LYS het=  resseq=327 icode= >,2ayg_A_A,3.1
393,24.351,LYS, ,CB,58.76,10.03,0.0,1.14,1.0,<Residue LYS het=  resseq=327 icode= >,2ayg_A_A,3.1
394,13.556,LYS, ,CG,70.59,9.35,0.0,0.17,0.0,<Residue LYS het=  resseq=327 icode= >,2ayg_A_A,3.1
395,35.761,LYS, ,CD,69.98,9.23,0.0,0.01,0.0,<Residue LYS het=  resseq=327 icode= >,2ayg_A_A,3.1
396,42.955,LYS, ,CE,71.34,8.56,0.0,0.60,0.0,<Residue LYS het=  resseq=327 icode= >,2ayg_A_A,3.1
397,48.37,LYS, ,NZ,71.43,9.29,0.0,0.75,0.0,<Residue LYS het=  resseq=327 icode= >,2ayg_A_A,3.1
398,0.0,HIS, ,N,57.66,9.64,0.0,2.75,1.0,<Residue HIS het=  resseq=328 icode= >,2ayg_A_A,3.1
399,3.848,HIS, ,CA,56.73,9.14,0.0,2.78,1.0,<Residue HIS het=  resseq=328 icode= >,2ayg_A_A,3.1
400,0.022,HIS, ,C,54.82,8.04,0.0,3.06,1.0,<Residue HIS het=  resseq=328 icode= >,2ayg_A_A,3.1
401,0.502,HIS, ,O,55.1,8.15,0.0,1.71,1.0,<Residue HIS het=  resseq=328 icode= >,2ayg_A_A,3.1
402,0.0,HIS, ,CB,57.71,10.32,0.0,1.41,1.0,<Residue HIS het=  resseq=328 icode= >,2ayg_A_A,3.1
403,0.005,HIS, ,CG,60.79,11.60,0.0,2.50,1.0,<Residue HIS het=  resseq=328 icode= >,2ayg_A_A,3.1
404,9.954,HIS, ,ND1,62.62,11.75,0.0,1.88,1.0,<Residue HIS het=  resseq=328 icode= >,2ayg_A_A,3.1
405,3.902,HIS, ,CD2,62.88,12.81,0.0,1.84,1.0,<Residue HIS het=  resseq=328 icode= >,2ayg_A_A,3.1
406,38.903,HIS, ,CE1,62.92,12.95,0.0,1.50,1.0,<Residue HIS het=  resseq=328 icode= >,2ayg_A_A,3.1
407,24.697,HIS, ,NE2,63.3,13.34,0.0,1.83,1.0,<Residue HIS het=  resseq=328 icode= >,2ayg_A_A,3.1
408,3.92,ALA, ,N,52.22,7.22,0.0,2.53,1.0,<Residue ALA het=  resseq=329 icode= >,2ayg_A_A,3.1
409,0.646,ALA, ,CA,50.14,6.55,0.0,3.35,1.0,<Residue ALA het=  resseq=329 icode= >,2ayg_A_A,3.1
410,0.0,ALA, ,C,49.24,7.77,0.0,3.04,1.0,<Residue ALA het=  resseq=329 icode= >,2ayg_A_A,3.1
411,0.0,ALA, ,O,49.34,8.87,0.0,2.01,1.0,<Residue ALA het=  resseq=329 icode= >,2ayg_A_A,3.1
412,7.296,ALA, ,CB,49.86,5.81,0.832,0.84,1.0,<Residue ALA het=  resseq=329 icode= >,2ayg_A_A,3.1
413,0.0,ILE, ,N,47.79,7.75,0.0,1.82,1.0,<Residue ILE het=  resseq=330 icode= >,2ayg_A_A,3.1
414,0.0,ILE, ,CA,45.79,9.06,0.0,2.61,1.0,<Residue ILE het=  resseq=330 icode= >,2ayg_A_A,3.1
415,0.0,ILE, ,C,45.09,8.06,0.0,3.50,1.0,<Residue ILE het=  resseq=330 icode= >,2ayg_A_A,3.1
416,0.0,ILE, ,O,44.39,6.92,0.0,1.98,1.0,<Residue ILE het=  resseq=330 icode= >,2ayg_A_A,3.1
417,0.0,ILE, ,CB,45.74,9.71,0.0,2.09,1.0,<Residue ILE het=  resseq=330 icode= >,2ayg_A_A,3.1
418,0.0,ILE, ,CG1,45.29,9.66,0.0,1.52,1.0,<Residue ILE het=  resseq=330 icode= >,2ayg_A_A,3.1
419,0.0,ILE, ,CG2,45.44,10.85,0.0,0.74,1.0,<Residue ILE het=  resseq=330 icode= >,2ayg_A_A,3.1
420,0.0,ILE, ,CD1,45.3,10.58,0.0,0.91,1.0,<Residue ILE het=  resseq=330 icode= >,2ayg_A_A,3.1
421,0.0,VAL, ,N,43.95,8.65,0.0,2.93,1.0,<Residue VAL het=  resseq=331 icode= >,2ayg_A_A,3.1
422,0.0,VAL, ,CA,43.12,8.20,0.0,3.25,1.0,<Residue VAL het=  resseq=331 icode= >,2ayg_A_A,3.1
423,0.0,VAL, ,C,43.04,9.49,0.0,4.03,1.0,<Residue VAL het=  resseq=331 icode= >,2ayg_A_A,3.1
424,0.0,VAL, ,O,43.37,10.51,0.0,2.10,1.0,<Residue VAL het=  resseq=331 icode= >,2ayg_A_A,3.1
425,0.12,VAL, ,CB,42.91,7.81,0.0,2.34,1.0,<Residue VAL het=  resseq=331 icode= >,2ayg_A_A,3.1
426,3.216,VAL, ,CG1,42.14,8.08,0.0,0.61,1.0,<Residue VAL het=  resseq=331 icode= >,2ayg_A_A,3.1
427,0.0,VAL, ,CG2,42.86,6.45,0.0,0.24,1.0,<Residue VAL het=  resseq=331 icode= >,2ayg_A_A,3.1
428,0.0,THR, ,N,42.91,9.58,0.0,2.63,1.0,<Residue THR het=  resseq=332 icode= >,2ayg_A_A,3.1
429,0.0,THR, ,CA,43.06,10.88,0.0,2.90,1.0,<Residue THR het=  resseq=332 icode= >,2ayg_A_A,3.1
430,0.005,THR, ,C,43.56,11.12,0.005,3.39,1.0,<Residue THR het=  resseq=332 icode= >,2ayg_A_A,3.1
431,0.273,THR, ,O,43.71,10.34,0.273,1.99,1.0,<Residue THR het=  resseq=332 icode= >,2ayg_A_A,3.1
432,5.065,THR, ,CB,42.73,11.26,4.63,2.36,1.0,<Residue THR het=  resseq=332 icode= >,2ayg_A_A,3.1
433,3.793,THR, ,OG1,43.82,11.18,0.431,1.04,1.0,<Residue THR het=  resseq=332 icode= >,2ayg_A_A,3.1
434,6.119,THR, ,CG2,42.28,12.73,2.952,0.55,1.0,<Residue THR het=  resseq=332 icode= >,2ayg_A_A,3.1
435,0.0,VAL, ,N,43.9,12.35,0.0,2.85,1.0,<Residue VAL het=  resseq=333 icode= >,2ayg_A_A,3.1
436,0.0,VAL, ,CA,44.49,13.00,0.0,3.03,1.0,<Residue VAL het=  resseq=333 icode= >,2ayg_A_A,3.1
437,0.0,VAL, ,C,45.35,14.32,0.0,3.55,1.0,<Residue VAL het=  resseq=333 icode= >,2ayg_A_A,3.1
438,0.0,VAL, ,O,45.58,15.00,0.0,2.07,1.0,<Residue VAL het=  resseq=333 icode= >,2ayg_A_A,3.1
439,0.0,VAL, ,CB,44.36,13.17,0.0,1.93,1.0,<Residue VAL het=  resseq=333 icode= >,2ayg_A_A,3.1
440,0.0,VAL, ,CG1,43.34,13.43,0.0,0.42,1.0,<Residue VAL het=  resseq=333 icode= >,2ayg_A_A,3.1
441,0.269,VAL, ,CG2,43.65,12.03,0.0,0.83,1.0,<Residue VAL het=  resseq=333 icode= >,2ayg_A_A,3.1
442,0.0,THR, ,N,46.22,14.33,0.0,2.91,1.0,<Residue THR het=  resseq=334 icode= >,2ayg_A_A,3.1
443,0.0,THR, ,CA,46.93,15.57,0.0,3.11,1.0,<Residue THR het=  resseq=334 icode= >,2ayg_A_A,3.1
444,0.0,THR, ,C,48.28,16.07,0.0,3.19,1.0,<Residue THR het=  resseq=334 icode= >,2ayg_A_A,3.1
445,0.0,THR, ,O,48.03,15.37,0.0,2.25,1.0,<Residue THR het=  resseq=334 icode= >,2ayg_A_A,3.1
446,0.0,THR, ,CB,46.58,15.54,0.0,2.66,1.0,<Residue THR het=  resseq=334 icode= >,2ayg_A_A,3.1
447,0.567,THR, ,OG1,45.75,15.30,0.0,1.86,1.0,<Residue THR het=  resseq=334 icode= >,2ayg_A_A,3.1
448,5.552,THR, ,CG2,45.68,14.63,5.552,0.42,1.0,<Residue THR het=  resseq=334 icode= >,2ayg_A_A,3.1
449,0.0,TYR, ,N,49.87,17.36,0.0,2.37,1.0,<Residue TYR het=  resseq=335 icode= >,2ayg_A_A,3.1
450,0.0,TYR, ,CA,51.55,18.19,0.0,2.60,1.0,<Residue TYR het=  resseq=335 icode= >,2ayg_A_A,3.1
451,1.0,TYR, ,C,52.58,19.27,0.0,3.32,1.0,<Residue TYR het=  resseq=335 icode= >,2ayg_A_A,3.1
452,4.477,TYR, ,O,52.36,19.96,0.0,2.48,1.0,<Residue TYR het=  resseq=335 icode= >,2ayg_A_A,3.1
453,0.0,TYR, ,CB,51.84,18.98,0.0,0.94,1.0,<Residue TYR het=  resseq=335 icode= >,2ayg_A_A,3.1
454,0.0,TYR, ,CG,52.34,18.18,0.0,2.15,1.0,<Residue TYR het=  resseq=335 icode= >,2ayg_A_A,3.1
455,0.0,TYR, ,CD1,53.1,17.96,0.0,1.34,1.0,<Residue TYR het=  resseq=335 icode= >,2ayg_A_A,3.1
456,0.0,TYR, ,CD2,52.1,17.75,0.0,1.75,1.0,<Residue TYR het=  resseq=335 icode= >,2ayg_A_A,3.1
457,0.0,TYR, ,CE1,52.9,17.33,0.0,1.23,1.0,<Residue TYR het=  resseq=335 icode= >,2ayg_A_A,3.1
458,0.0,TYR, ,CE2,51.86,17.12,0.0,1.68,1.0,<Residue TYR het=  resseq=335 icode= >,2ayg_A_A,3.1
459,0.0,TYR, ,CZ,52.24,16.91,0.0,2.56,1.0,<Residue TYR het=  resseq=335 icode= >,2ayg_A_A,3.1
460,0.0,TYR, ,OH,52.16,16.43,0.0,1.41,1.0,<Residue TYR het=  resseq=335 icode= >,2ayg_A_A,3.1
461,0.0,HIS, ,N,54.14,1000.00,0.0,2.19,1.0,<Residue HIS het=  resseq=336 icode= >,2ayg_A_A,3.1
462,8.12,HIS, ,CA,55.66,1000.00,0.0,2.98,1.0,<Residue HIS het=  resseq=336 icode= >,2ayg_A_A,3.1
463,2.531,HIS, ,C,56.18,1000.00,0.0,2.82,1.0,<Residue HIS het=  resseq=336 icode= >,2ayg_A_A,3.1
464,22.691,HIS, ,O,57.13,1000.00,0.0,1.31,1.0,<Residue HIS het=  resseq=336 icode= >,2ayg_A_A,3.1
465,19.092,HIS, ,CB,55.65,1000.00,0.0,2.92,1.0,<Residue HIS het=  resseq=336 icode= >,2ayg_A_A,3.1
466,2.663,HIS, ,CG,59.53,1000.00,0.0,3.31,1.0,<Residue HIS het=  resseq=336 icode= >,2ayg_A_A,3.1
467,1.843,HIS, ,ND1,63.3,1000.00,0.0,1.92,1.0,<Residue HIS het=  resseq=336 icode= >,2ayg_A_A,3.1
468,34.655,HIS, ,CD2,63.37,1000.00,0.0,1.31,1.0,<Residue HIS het=  resseq=336 icode= >,2ayg_A_A,3.1
469,17.871,HIS, ,CE1,63.94,1000.00,4.02,1.83,1.0,<Residue HIS het=  resseq=336 icode= >,2ayg_A_A,3.1
470,24.305,HIS, ,NE2,64.47,1000.00,0.0,1.52,1.0,<Residue HIS het=  resseq=336 icode= >,2ayg_A_A,3.1
471,0.0,SER, ,N,56.45,1000.00,0.0,2.34,1.0,<Residue SER het=  resseq=337 icode= >,2ayg_A_A,3.1
472,6.052,SER, ,CA,56.85,1000.00,0.0,3.20,1.0,<Residue SER het=  resseq=337 icode= >,2ayg_A_A,3.1
473,0.0,SER, ,C,56.91,1000.00,0.0,2.96,1.0,<Residue SER het=  resseq=337 icode= >,2ayg_A_A,3.1
474,0.0,SER, ,O,56.87,1000.00,0.0,1.52,1.0,<Residue SER het=  resseq=337 icode= >,2ayg_A_A,3.1
475,31.225,SER, ,CB,56.75,1000.00,0.0,1.65,1.0,<Residue SER het=  resseq=337 icode= >,2ayg_A_A,3.1
476,8.32,SER, ,OG,57.77,1000.00,0.0,0.86,1.0,<Residue SER het=  resseq=337 icode= >,2ayg_A_A,3.1
477,2.108,GLU, ,N,57.15,1000.00,0.0,2.06,1.0,<Residue GLU het=  resseq=338 icode= >,2ayg_A_A,3.1
478,0.0,GLU, ,CA,57.3,1000.00,0.0,2.39,1.0,<Residue GLU het=  resseq=338 icode= >,2ayg_A_A,3.1
479,1.109,GLU, ,C,57.63,1000.00,0.0,3.11,1.0,<Residue GLU het=  resseq=338 icode= >,2ayg_A_A,3.1
480,1.179,GLU, ,O,57.08,1000.00,0.0,2.24,1.0,<Residue GLU het=  resseq=338 icode= >,2ayg_A_A,3.1
481,19.208,GLU, ,CB,56.82,1000.00,0.0,1.60,1.0,<Residue GLU het=  resseq=338 icode= >,2ayg_A_A,3.1
482,12.529,GLU, ,CG,55.77,1000.00,0.0,0.90,0.5,<Residue GLU het=  resseq=338 icode= >,2ayg_A_A,3.1
483,4.691,GLU, ,CD,54.69,1000.00,0.0,0.82,0.5,<Residue GLU het=  resseq=338 icode= >,2ayg_A_A,3.1
484,21.092,GLU, ,OE1,53.32,1000.00,0.0,0.57,0.5,<Residue GLU het=  resseq=338 icode= >,2ayg_A_A,3.1
485,41.4,GLU, ,OE2,55.04,1000.00,0.0,0.39,0.5,<Residue GLU het=  resseq=338 icode= >,2ayg_A_A,3.1
486,3.044,GLU, ,N,58.15,1000.00,0.0,2.67,1.0,<Residue GLU het=  resseq=339 icode= >,2ayg_A_A,3.1
487,7.544,GLU, ,CA,59.04,1000.00,0.0,3.07,1.0,<Residue GLU het=  resseq=339 icode= >,2ayg_A_A,3.1
488,0.0,GLU, ,C,59.39,1000.00,0.0,3.02,1.0,<Residue GLU het=  resseq=339 icode= >,2ayg_A_A,3.1
489,0.548,GLU, ,O,60.03,1000.00,0.0,1.38,1.0,<Residue GLU het=  resseq=339 icode= >,2ayg_A_A,3.1
490,18.056,GLU, ,CB,59.13,1000.00,0.0,1.93,1.0,<Residue GLU het=  resseq=339 icode= >,2ayg_A_A,3.1
491,20.716,GLU, ,CG,59.32,1000.00,0.0,1.30,1.0,<Residue GLU het=  resseq=339 icode= >,2ayg_A_A,3.1
492,15.503,GLU, ,CD,59.63,1000.00,0.0,1.05,0.5,<Residue GLU het=  resseq=339 icode= >,2ayg_A_A,3.1
493,36.064,GLU, ,OE1,60.78,1000.00,0.0,0.42,0.5,<Residue GLU het=  resseq=339 icode= >,2ayg_A_A,3.1
494,41.717,GLU, ,OE2,59.62,1000.00,0.0,0.72,0.5,<Residue GLU het=  resseq=339 icode= >,2ayg_A_A,3.1
495,0.075,GLN, ,N,59.37,1000.00,0.0,2.33,1.0,<Residue GLN het=  resseq=340 icode= >,2ayg_A_A,3.1
496,2.459,GLN, ,CA,59.49,1000.00,0.0,2.37,1.0,<Residue GLN het=  resseq=340 icode= >,2ayg_A_A,3.1
497,0.0,GLN, ,C,59.18,1000.00,0.0,2.73,1.0,<Residue GLN het=  resseq=340 icode= >,2ayg_A_A,3.1
498,0.0,GLN, ,O,59.18,1000.00,0.0,1.32,1.0,<Residue GLN het=  resseq=340 icode= >,2ayg_A_A,3.1
499,10.579,GLN, ,CB,59.72,1000.00,0.0,1.26,1.0,<Residue GLN het=  resseq=340 icode= >,2ayg_A_A,3.1
500,12.408,GLN, ,CG,60.13,1000.00,0.0,1.20,1.0,<Residue GLN het=  resseq=340 icode= >,2ayg_A_A,3.1
501,0.401,GLN, ,CD,61.1,1000.00,0.0,2.45,1.0,<Residue GLN het=  resseq=340 icode= >,2ayg_A_A,3.1
502,0.0,GLN, ,OE1,62.55,1000.00,0.0,1.61,1.0,<Residue GLN het=  resseq=340 icode= >,2ayg_A_A,3.1
503,8.57,GLN, ,NE2,61.08,1000.00,0.0,1.30,1.0,<Residue GLN het=  resseq=340 icode= >,2ayg_A_A,3.1
504,0.0,ARG, ,N,58.77,18.56,0.0,2.45,1.0,<Residue ARG het=  resseq=341 icode= >,2ayg_A_A,3.1
505,0.0,ARG, ,CA,58.48,17.60,0.0,2.90,1.0,<Residue ARG het=  resseq=341 icode= >,2ayg_A_A,3.1
506,0.0,ARG, ,C,59.0,17.02,0.0,2.83,1.0,<Residue ARG het=  resseq=341 icode= >,2ayg_A_A,3.1
507,0.0,ARG, ,O,58.63,15.83,0.0,1.92,1.0,<Residue ARG het=  resseq=341 icode= >,2ayg_A_A,3.1
508,0.0,ARG, ,CB,58.36,18.39,0.0,1.04,1.0,<Residue ARG het=  resseq=341 icode= >,2ayg_A_A,3.1
509,0.0,ARG, ,CG,57.14,17.69,0.0,1.24,1.0,<Residue ARG het=  resseq=341 icode= >,2ayg_A_A,3.1
510,4.103,ARG, ,CD,56.37,18.65,0.0,1.20,1.0,<Residue ARG het=  resseq=341 icode= >,2ayg_A_A,3.1
511,0.0,ARG, ,NE,56.52,19.06,0.0,1.80,1.0,<Residue ARG het=  resseq=341 icode= >,2ayg_A_A,3.1
512,0.0,ARG, ,CZ,56.69,20.23,0.0,2.47,1.0,<Residue ARG het=  resseq=341 icode= >,2ayg_A_A,3.1
513,12.697,ARG, ,NH1,55.67,21.07,0.0,1.37,1.0,<Residue ARG het=  resseq=341 icode= >,2ayg_A_A,3.1
514,0.974,ARG, ,NH2,58.18,20.63,0.0,0.75,1.0,<Residue ARG het=  resseq=341 icode= >,2ayg_A_A,3.1
515,0.0,GLN, ,N,59.45,17.96,0.0,1.92,1.0,<Residue GLN het=  resseq=342 icode= >,2ayg_A_A,3.1
516,0.0,GLN, ,CA,59.47,17.74,0.0,2.41,1.0,<Residue GLN het=  resseq=342 icode= >,2ayg_A_A,3.1
517,0.0,GLN, ,C,58.98,16.76,0.0,2.82,1.0,<Residue GLN het=  resseq=342 icode= >,2ayg_A_A,3.1
518,0.0,GLN, ,O,58.71,15.71,0.0,1.44,1.0,<Residue GLN het=  resseq=342 icode= >,2ayg_A_A,3.1
519,8.105,GLN, ,CB,59.43,19.08,0.0,1.58,1.0,<Residue GLN het=  resseq=342 icode= >,2ayg_A_A,3.1
520,35.513,GLN, ,CG,61.15,19.50,0.0,1.08,1.0,<Residue GLN het=  resseq=342 icode= >,2ayg_A_A,3.1
521,5.49,GLN, ,CD,62.53,18.41,0.0,2.31,1.0,<Residue GLN het=  resseq=342 icode= >,2ayg_A_A,3.1
522,7.981,GLN, ,OE1,63.41,17.79,0.0,1.85,1.0,<Residue GLN het=  resseq=342 icode= >,2ayg_A_A,3.1
523,39.776,GLN, ,NE2,61.59,18.31,0.0,1.31,1.0,<Residue GLN het=  resseq=342 icode= >,2ayg_A_A,3.1
524,0.0,GLN, ,N,58.6,17.18,0.0,2.30,1.0,<Residue GLN het=  resseq=343 icode= >,2ayg_A_A,3.1
525,0.0,GLN, ,CA,58.39,16.51,0.0,2.60,1.0,<Residue GLN het=  resseq=343 icode= >,2ayg_A_A,3.1
526,0.0,GLN, ,C,58.07,15.02,0.0,3.08,1.0,<Residue GLN het=  resseq=343 icode= >,2ayg_A_A,3.1
527,0.0,GLN, ,O,58.5,14.29,0.0,1.02,1.0,<Residue GLN het=  resseq=343 icode= >,2ayg_A_A,3.1
528,5.168,GLN, ,CB,58.4,17.31,0.0,1.00,1.0,<Residue GLN het=  resseq=343 icode= >,2ayg_A_A,3.1
529,24.387,GLN, ,CG,57.64,17.11,0.0,0.60,1.0,<Residue GLN het=  resseq=343 icode= >,2ayg_A_A,3.1
530,5.781,GLN, ,CD,56.26,17.21,0.0,0.87,0.5,<Residue GLN het=  resseq=343 icode= >,2ayg_A_A,3.1
531,12.167,GLN, ,OE1,55.14,16.26,0.0,0.71,0.5,<Residue GLN het=  resseq=343 icode= >,2ayg_A_A,3.1
532,40.981,GLN, ,NE2,55.07,18.45,0.0,0.65,0.5,<Residue GLN het=  resseq=343 icode= >,2ayg_A_A,3.1
533,0.0,PHE, ,N,57.56,14.65,0.0,2.44,1.0,<Residue PHE het=  resseq=344 icode= >,2ayg_A_A,3.1
534,0.0,PHE, ,CA,57.19,13.31,0.0,2.41,1.0,<Residue PHE het=  resseq=344 icode= >,2ayg_A_A,3.1
535,0.0,PHE, ,C,56.96,12.44,0.0,3.27,1.0,<Residue PHE het=  resseq=344 icode= >,2ayg_A_A,3.1
536,0.0,PHE, ,O,56.62,11.27,0.0,1.76,1.0,<Residue PHE het=  resseq=344 icode= >,2ayg_A_A,3.1
537,0.0,PHE, ,CB,56.98,13.52,0.0,1.10,1.0,<Residue PHE het=  resseq=344 icode= >,2ayg_A_A,3.1
538,0.0,PHE, ,CG,56.98,12.33,0.0,1.68,1.0,<Residue PHE het=  resseq=344 icode= >,2ayg_A_A,3.1
539,0.0,PHE, ,CD1,56.97,11.97,0.0,1.51,1.0,<Residue PHE het=  resseq=344 icode= >,2ayg_A_A,3.1
540,0.0,PHE, ,CD2,55.85,11.81,0.0,1.09,1.0,<Residue PHE het=  resseq=344 icode= >,2ayg_A_A,3.1
541,0.0,PHE, ,CE1,56.12,11.04,0.0,1.15,1.0,<Residue PHE het=  resseq=344 icode= >,2ayg_A_A,3.1
542,0.065,PHE, ,CE2,54.67,10.87,0.0,1.68,1.0,<Residue PHE het=  resseq=344 icode= >,2ayg_A_A,3.1
543,0.0,PHE, ,CZ,55.11,10.45,0.0,1.65,1.0,<Residue PHE het=  resseq=344 icode= >,2ayg_A_A,3.1
544,0.0,LEU, ,N,56.87,13.12,0.0,2.73,1.0,<Residue LEU het=  resseq=345 icode= >,2ayg_A_A,3.1
545,0.075,LEU, ,CA,56.88,12.59,0.0,2.66,1.0,<Residue LEU het=  resseq=345 icode= >,2ayg_A_A,3.1
546,1.285,LEU, ,C,57.5,12.49,0.0,2.46,1.0,<Residue LEU het=  resseq=345 icode= >,2ayg_A_A,3.1
547,15.078,LEU, ,O,57.93,11.82,0.0,1.45,1.0,<Residue LEU het=  resseq=345 icode= >,2ayg_A_A,3.1
548,10.496,LEU, ,CB,56.26,13.59,0.0,1.71,1.0,<Residue LEU het=  resseq=345 icode= >,2ayg_A_A,3.1
549,0.0,LEU, ,CG,53.65,13.72,0.0,2.39,1.0,<Residue LEU het=  resseq=345 icode= >,2ayg_A_A,3.1
550,5.897,LEU, ,CD1,52.34,15.19,0.0,0.44,1.0,<Residue LEU het=  resseq=345 icode= >,2ayg_A_A,3.1
551,4.12,LEU, ,CD2,49.93,12.89,0.0,1.61,1.0,<Residue LEU het=  resseq=345 icode= >,2ayg_A_A,3.1
552,0.0,ASN, ,N,57.58,13.34,0.0,2.37,1.0,<Residue ASN het=  resseq=346 icode= >,2ayg_A_A,3.1
553,9.893,ASN, ,CA,57.94,13.27,0.0,2.57,1.0,<Residue ASN het=  resseq=346 icode= >,2ayg_A_A,3.1
554,1.987,ASN, ,C,57.79,11.84,0.0,3.21,1.0,<Residue ASN het=  resseq=346 icode= >,2ayg_A_A,3.1
555,23.066,ASN, ,O,58.43,10.97,0.0,1.53,1.0,<Residue ASN het=  resseq=346 icode= >,2ayg_A_A,3.1
556,17.05,ASN, ,CB,58.31,14.22,0.0,1.70,1.0,<Residue ASN het=  resseq=346 icode= >,2ayg_A_A,3.1
557,5.907,ASN, ,CG,59.23,15.71,0.0,2.38,1.0,<Residue ASN het=  resseq=346 icode= >,2ayg_A_A,3.1
558,13.754,ASN, ,OD1,59.11,16.14,0.0,1.87,1.0,<Residue ASN het=  resseq=346 icode= >,2ayg_A_A,3.1
559,22.657,ASN, ,ND2,59.83,16.59,0.0,1.41,1.0,<Residue ASN het=  resseq=346 icode= >,2ayg_A_A,3.1
560,0.0,VAL, ,N,57.03,11.70,0.0,2.87,1.0,<Residue VAL het=  resseq=347 icode= >,2ayg_A_A,3.1
561,6.327,VAL, ,CA,56.54,10.59,0.0,3.22,1.0,<Residue VAL het=  resseq=347 icode= >,2ayg_A_A,3.1
562,0.08,VAL, ,C,56.25,9.30,0.0,3.22,1.0,<Residue VAL het=  resseq=347 icode= >,2ayg_A_A,3.1
563,10.743,VAL, ,O,56.62,8.19,0.0,1.68,1.0,<Residue VAL het=  resseq=347 icode= >,2ayg_A_A,3.1
564,0.0,VAL, ,CB,56.72,11.13,0.0,1.79,1.0,<Residue VAL het=  resseq=347 icode= >,2ayg_A_A,3.1
565,20.192,VAL, ,CG1,56.41,10.14,0.0,0.52,1.0,<Residue VAL het=  resseq=347 icode= >,2ayg_A_A,3.1
566,35.374,VAL, ,CG2,56.56,12.28,0.0,0.53,1.0,<Residue VAL het=  resseq=347 icode= >,2ayg_A_A,3.1
567,0.0,VAL, ,N,55.64,9.35,0.0,2.62,1.0,<Residue VAL het=  resseq=348 icode= >,2ayg_A_A,3.1
568,0.0,VAL, ,CA,55.12,7.97,0.0,2.87,1.0,<Residue VAL het=  resseq=348 icode= >,2ayg_A_A,3.1
569,1.376,VAL, ,C,55.05,7.21,0.0,2.89,1.0,<Residue VAL het=  resseq=348 icode= >,2ayg_A_A,3.1
570,6.27,VAL, ,O,55.44,7.89,0.0,1.75,1.0,<Residue VAL het=  resseq=348 icode= >,2ayg_A_A,3.1
571,0.019,VAL, ,CB,54.92,8.03,0.0,2.10,1.0,<Residue VAL het=  resseq=348 icode= >,2ayg_A_A,3.1
572,1.797,VAL, ,CG1,54.46,6.73,0.0,0.30,1.0,<Residue VAL het=  resseq=348 icode= >,2ayg_A_A,3.1
573,0.0,VAL, ,CG2,53.95,8.84,0.0,0.59,1.0,<Residue VAL het=  resseq=348 icode= >,2ayg_A_A,3.1
574,0.0,LYS, ,N,54.87,5.95,0.0,2.11,1.0,<Residue LYS het=  resseq=349 icode= >,2ayg_A_A,3.1
575,9.206,LYS, ,CA,54.86,5.30,0.0,2.25,1.0,<Residue LYS het=  resseq=349 icode= >,2ayg_A_A,3.1
576,0.438,LYS, ,C,54.49,4.66,0.246,2.90,1.0,<Residue LYS het=  resseq=349 icode= >,2ayg_A_A,3.1
577,5.558,LYS, ,O,54.35,3.63,4.866,1.95,1.0,<Residue LYS het=  resseq=349 icode= >,2ayg_A_A,3.1
578,30.06,LYS, ,CB,55.21,4.41,15.079,-0.01,1.0,<Residue LYS het=  resseq=349 icode= >,2ayg_A_A,3.1
579,27.898,LYS, ,CG,55.76,4.14,10.142,-0.63,0.5,<Residue LYS het=  resseq=349 icode= >,2ayg_A_A,3.1
580,11.972,LYS, ,CD,55.77,4.51,5.925,-0.24,0.5,<Residue LYS het=  resseq=349 icode= >,2ayg_A_A,3.1
581,13.65,LYS, ,CE,55.51,4.87,0.0,-0.20,0.5,<Residue LYS het=  resseq=349 icode= >,2ayg_A_A,3.1
582,40.404,LYS, ,NZ,54.6,4.18,10.638,0.08,0.5,<Residue LYS het=  resseq=349 icode= >,2ayg_A_A,3.1
583,5.06,ILE, ,N,54.15,5.53,0.0,2.32,1.0,<Residue ILE het=  resseq=350 icode= >,2ayg_A_A,3.1
584,0.0,ILE, ,CA,54.28,5.63,0.0,2.66,1.0,<Residue ILE het=  resseq=350 icode= >,2ayg_A_A,3.1
585,1.969,ILE, ,C,54.6,5.00,0.872,3.18,1.0,<Residue ILE het=  resseq=350 icode= >,2ayg_A_A,3.1
586,15.212,ILE, ,O,54.56,5.31,0.0,2.01,1.0,<Residue ILE het=  resseq=350 icode= >,2ayg_A_A,3.1
587,6.877,ILE, ,CB,54.28,7.14,0.0,1.71,1.0,<Residue ILE het=  resseq=350 icode= >,2ayg_A_A,3.1
588,0.451,ILE, ,CG1,54.1,7.83,0.0,0.98,1.0,<Residue ILE het=  resseq=350 icode= >,2ayg_A_A,3.1
589,5.723,ILE, ,CG2,54.1,7.57,0.0,0.16,1.0,<Residue ILE het=  resseq=350 icode= >,2ayg_A_A,3.1
590,21.793,ILE, ,CD1,56.64,8.40,0.0,-0.52,1.0,<Residue ILE het=  resseq=350 icode= >,2ayg_A_A,3.1
591,0.331,PRO, ,N,55.15,4.51,0.331,2.80,1.0,<Residue PRO het=  resseq=351 icode= >,2ayg_A_A,3.1
592,5.053,PRO, ,CA,56.11,4.11,5.053,2.37,1.0,<Residue PRO het=  resseq=351 icode= >,2ayg_A_A,3.1
593,0.0,PRO, ,C,57.01,4.75,0.0,2.45,1.0,<Residue PRO het=  resseq=351 icode= >,2ayg_A_A,3.1
594,0.537,PRO, ,O,56.99,5.41,0.0,1.04,1.0,<Residue PRO het=  resseq=351 icode= >,2ayg_A_A,3.1
595,10.66,PRO, ,CB,55.97,3.50,10.66,1.22,1.0,<Residue PRO het=  resseq=351 icode= >,2ayg_A_A,3.1
596,0.584,PRO, ,CG,55.61,4.08,0.584,1.07,1.0,<Residue PRO het=  resseq=351 icode= >,2ayg_A_A,3.1
597,3.504,PRO, ,CD,55.23,3.89,3.504,1.09,1.0,<Residue PRO het=  resseq=351 icode= >,2ayg_A_A,3.1
598,0.0,PRO, ,N,57.82,4.79,0.0,2.20,1.0,<Residue PRO het=  resseq=352 icode= >,2ayg_A_A,3.1
599,14.18,PRO, ,CA,57.77,5.62,0.0,2.18,1.0,<Residue PRO het=  resseq=352 icode= >,2ayg_A_A,3.1
600,1.277,PRO, ,C,57.27,5.39,0.0,2.79,1.0,<Residue PRO het=  resseq=352 icode= >,2ayg_A_A,3.1
601,26.795,PRO, ,O,57.35,6.48,0.0,1.44,1.0,<Residue PRO het=  resseq=352 icode= >,2ayg_A_A,3.1
602,38.679,PRO, ,CB,58.24,5.69,0.0,0.52,1.0,<Residue PRO het=  resseq=352 icode= >,2ayg_A_A,3.1
603,35.625,PRO, ,CG,58.46,4.46,5.32,0.52,1.0,<Residue PRO het=  resseq=352 icode= >,2ayg_A_A,3.1
604,26.256,PRO, ,CD,58.07,4.26,11.41,0.97,1.0,<Residue PRO het=  resseq=352 icode= >,2ayg_A_A,3.1
605,0.109,THR, ,N,56.24,4.22,0.0,2.52,1.0,<Residue THR het=  resseq=353 icode= >,2ayg_A_A,3.1
606,10.67,THR, ,CA,55.98,4.48,0.0,2.23,1.0,<Residue THR het=  resseq=353 icode= >,2ayg_A_A,3.1
607,2.78,THR, ,C,55.36,5.34,0.0,2.33,1.0,<Residue THR het=  resseq=353 icode= >,2ayg_A_A,3.1
608,14.037,THR, ,O,54.95,6.10,0.0,1.95,1.0,<Residue THR het=  resseq=353 icode= >,2ayg_A_A,3.1
609,16.781,THR, ,CB,56.34,3.48,3.598,2.08,1.0,<Residue THR het=  resseq=353 icode= >,2ayg_A_A,3.1
610,26.419,THR, ,OG1,56.46,4.51,0.0,1.40,1.0,<Residue THR het=  resseq=353 icode= >,2ayg_A_A,3.1
611,12.357,THR, ,CG2,57.02,2.67,12.097,0.20,1.0,<Residue THR het=  resseq=353 icode= >,2ayg_A_A,3.1
612,0.0,ILE, ,N,54.55,5.62,0.0,1.90,1.0,<Residue ILE het=  resseq=354 icode= >,2ayg_A_A,3.1
613,0.147,ILE, ,CA,54.02,6.74,0.0,2.85,1.0,<Residue ILE het=  resseq=354 icode= >,2ayg_A_A,3.1
614,1.024,ILE, ,C,53.79,7.88,0.0,3.05,1.0,<Residue ILE het=  resseq=354 icode= >,2ayg_A_A,3.1
615,6.327,ILE, ,O,53.63,7.86,0.0,1.98,1.0,<Residue ILE het=  resseq=354 icode= >,2ayg_A_A,3.1
616,0.0,ILE, ,CB,54.15,6.59,0.0,1.49,1.0,<Residue ILE het=  resseq=354 icode= >,2ayg_A_A,3.1
617,0.0,ILE, ,CG1,54.25,7.11,0.0,0.86,1.0,<Residue ILE het=  resseq=354 icode= >,2ayg_A_A,3.1
618,0.0,ILE, ,CG2,54.17,5.31,0.0,-0.03,1.0,<Residue ILE het=  resseq=354 icode= >,2ayg_A_A,3.1
619,0.0,ILE, ,CD1,55.65,6.81,0.0,-0.72,1.0,<Residue ILE het=  resseq=354 icode= >,2ayg_A_A,3.1
620,0.854,ARG, ,N,53.6,9.06,0.0,1.90,1.0,<Residue ARG het=  resseq=355 icode= >,2ayg_A_A,3.1
621,6.76,ARG, ,CA,53.14,10.32,0.0,2.25,1.0,<Residue ARG het=  resseq=355 icode= >,2ayg_A_A,3.1
622,0.0,ARG, ,C,51.95,11.19,0.0,3.05,1.0,<Residue ARG het=  resseq=355 icode= >,2ayg_A_A,3.1
623,0.0,ARG, ,O,51.95,11.13,0.0,1.24,1.0,<Residue ARG het=  resseq=355 icode= >,2ayg_A_A,3.1
624,1.301,ARG, ,CB,53.21,11.19,0.0,1.53,1.0,<Residue ARG het=  resseq=355 icode= >,2ayg_A_A,3.1
625,13.347,ARG, ,CG,55.76,12.47,0.0,0.72,1.0,<Residue ARG het=  resseq=355 icode= >,2ayg_A_A,3.1
626,31.668,ARG, ,CD,57.69,13.25,0.0,1.29,1.0,<Residue ARG het=  resseq=355 icode= >,2ayg_A_A,3.1
627,18.775,ARG, ,NE,59.01,12.95,0.0,2.35,1.0,<Residue ARG het=  resseq=355 icode= >,2ayg_A_A,3.1
628,6.99,ARG, ,CZ,60.0,12.16,0.0,2.09,1.0,<Residue ARG het=  resseq=355 icode= >,2ayg_A_A,3.1
629,34.341,ARG, ,NH1,60.19,11.52,0.0,1.20,1.0,<Residue ARG het=  resseq=355 icode= >,2ayg_A_A,3.1
630,59.18,ARG, ,NH2,59.37,12.19,0.0,1.10,1.0,<Residue ARG het=  resseq=355 icode= >,2ayg_A_A,3.1
631,0.643,HIS, ,N,50.89,12.15,0.0,2.27,1.0,<Residue HIS het=  resseq=356 icode= >,2ayg_A_A,3.1
632,0.147,HIS, ,CA,50.34,13.11,0.0,2.58,1.0,<Residue HIS het=  resseq=356 icode= >,2ayg_A_A,3.1
633,0.074,HIS, ,C,50.13,14.62,0.0,2.65,1.0,<Residue HIS het=  resseq=356 icode= >,2ayg_A_A,3.1
634,12.568,HIS, ,O,50.56,15.03,0.0,1.70,1.0,<Residue HIS het=  resseq=356 icode= >,2ayg_A_A,3.1
635,0.0,HIS, ,CB,49.99,12.78,0.0,1.61,1.0,<Residue HIS het=  resseq=356 icode= >,2ayg_A_A,3.1
636,0.0,HIS, ,CG,50.5,12.95,0.0,2.80,1.0,<Residue HIS het=  resseq=356 icode= >,2ayg_A_A,3.1
637,9.25,HIS, ,ND1,51.87,13.40,0.0,1.82,1.0,<Residue HIS het=  resseq=356 icode= >,2ayg_A_A,3.1
638,0.0,HIS, ,CD2,51.2,12.91,0.0,1.65,1.0,<Residue HIS het=  resseq=356 icode= >,2ayg_A_A,3.1
639,41.754,HIS, ,CE1,51.86,13.62,0.0,1.88,1.0,<Residue HIS het=  resseq=356 icode= >,2ayg_A_A,3.1
640,9.717,HIS, ,NE2,51.1,13.35,0.0,2.24,1.0,<Residue HIS het=  resseq=356 icode= >,2ayg_A_A,3.1
641,0.0,LYS, ,N,49.5,15.52,0.0,2.16,1.0,<Residue LYS het=  resseq=357 icode= >,2ayg_A_A,3.1
642,5.116,LYS, ,CA,48.78,16.97,0.0,3.02,1.0,<Residue LYS het=  resseq=357 icode= >,2ayg_A_A,3.1
643,0.0,LYS, ,C,48.89,17.42,0.0,3.28,1.0,<Residue LYS het=  resseq=357 icode= >,2ayg_A_A,3.1
644,0.262,LYS, ,O,48.85,16.90,0.262,1.77,1.0,<Residue LYS het=  resseq=357 icode= >,2ayg_A_A,3.1
645,7.261,LYS, ,CB,48.04,17.54,7.055,2.04,1.0,<Residue LYS het=  resseq=357 icode= >,2ayg_A_A,3.1
646,18.976,LYS, ,CG,47.87,17.58,3.438,1.26,1.0,<Residue LYS het=  resseq=357 icode= >,2ayg_A_A,3.1
647,9.101,LYS, ,CD,48.85,17.59,8.61,1.29,1.0,<Residue LYS het=  resseq=357 icode= >,2ayg_A_A,3.1
648,41.892,LYS, ,CE,48.8,18.21,8.368,1.33,1.0,<Residue LYS het=  resseq=357 icode= >,2ayg_A_A,3.1
649,38.086,LYS, ,NZ,49.76,18.21,18.618,0.92,1.0,<Residue LYS het=  resseq=357 icode= >,2ayg_A_A,3.1
650,5.486,LEU, ,N,48.83,18.36,0.018,2.43,1.0,<Residue LEU het=  resseq=358 icode= >,2ayg_A_A,3.1
651,0.0,LEU, ,CA,49.09,18.89,0.0,2.74,1.0,<Residue LEU het=  resseq=358 icode= >,2ayg_A_A,3.1
652,3.004,LEU, ,C,49.97,20.24,2.44,3.30,1.0,<Residue LEU het=  resseq=358 icode= >,2ayg_A_A,3.1
653,26.514,LEU, ,O,50.45,21.04,22.876,1.61,1.0,<Residue LEU het=  resseq=358 icode= >,2ayg_A_A,3.1
654,11.067,LEU, ,CB,48.4,19.16,0.0,1.41,1.0,<Residue LEU het=  resseq=358 icode= >,2ayg_A_A,3.1
655,14.034,LEU, ,CG,47.61,18.21,0.0,1.92,1.0,<Residue LEU het=  resseq=358 icode= >,2ayg_A_A,3.1
656,27.042,LEU, ,CD1,45.74,18.62,0.0,0.55,1.0,<Residue LEU het=  resseq=358 icode= >,2ayg_A_A,3.1
657,4.073,LEU, ,CD2,47.73,16.75,0.0,0.87,1.0,<Residue LEU het=  resseq=358 icode= >,2ayg_A_A,3.1
658,0.563,GLY, ,N,50.65,1000.00,0.563,2.07,1.0,<Residue GLY het=  resseq=359 icode= >,2ayg_A_A,3.1
659,20.922,GLY, ,CA,51.62,1000.00,18.142,2.39,1.0,<Residue GLY het=  resseq=359 icode= >,2ayg_A_A,3.1
660,0.0,GLY, ,C,52.72,1000.00,0.0,2.88,1.0,<Residue GLY het=  resseq=359 icode= >,2ayg_A_A,3.1
661,0.0,GLY, ,O,52.71,1000.00,0.0,1.36,1.0,<Residue GLY het=  resseq=359 icode= >,2ayg_A_A,3.1
662,3.632,PHE, ,N,53.8,1000.00,3.632,2.18,1.0,<Residue PHE het=  resseq=360 icode= >,2ayg_A_A,3.1
663,0.0,PHE, ,CA,54.91,1000.00,0.0,2.23,1.0,<Residue PHE het=  resseq=360 icode= >,2ayg_A_A,3.1
664,0.325,PHE, ,C,55.22,1000.00,0.167,2.48,1.0,<Residue PHE het=  resseq=360 icode= >,2ayg_A_A,3.1
665,30.017,PHE, ,O,55.53,1000.00,27.76,1.01,1.0,<Residue PHE het=  resseq=360 icode= >,2ayg_A_A,3.1
666,8.472,PHE, ,CB,55.47,1000.00,0.891,0.60,1.0,<Residue PHE het=  resseq=360 icode= >,2ayg_A_A,3.1
667,0.0,PHE, ,CG,56.95,1000.00,0.0,1.07,1.0,<Residue PHE het=  resseq=360 icode= >,2ayg_A_A,3.1
668,18.598,PHE, ,CD1,57.15,1000.00,5.406,0.33,1.0,<Residue PHE het=  resseq=360 icode= >,2ayg_A_A,3.1
669,0.0,PHE, ,CD2,57.5,1000.00,0.0,0.71,1.0,<Residue PHE het=  resseq=360 icode= >,2ayg_A_A,3.1
670,33.261,PHE, ,CE1,55.8,1000.00,0.0,1.07,1.0,<Residue PHE het=  resseq=360 icode= >,2ayg_A_A,3.1
671,5.919,PHE, ,CE2,57.32,1000.00,0.0,0.84,1.0,<Residue PHE het=  resseq=360 icode= >,2ayg_A_A,3.1
672,16.352,PHE, ,CZ,56.65,1000.00,0.0,0.93,1.0,<Residue PHE het=  resseq=360 icode= >,2ayg_A_A,3.1
673,0.155,MET, ,N,55.64,1000.00,0.155,2.14,1.0,<Residue MET het=  resseq=361 icode= >,2ayg_A_A,3.1
674,5.049,MET, ,CA,55.66,1000.00,4.725,1.87,1.0,<Residue MET het=  resseq=361 icode= >,2ayg_A_A,3.1
675,0.112,MET, ,C,56.86,1000.00,0.0,2.11,1.0,<Residue MET het=  resseq=361 icode= >,2ayg_A_A,3.1
676,0.0,MET, ,O,58.16,1000.00,0.0,0.72,1.0,<Residue MET het=  resseq=361 icode= >,2ayg_A_A,3.1
677,11.135,MET, ,CB,55.43,1000.00,10.853,1.13,1.0,<Residue MET het=  resseq=361 icode= >,2ayg_A_A,3.1
678,0.0,MET, ,CG,54.11,1000.00,0.0,1.80,1.0,<Residue MET het=  resseq=361 icode= >,2ayg_A_A,3.1
679,17.485,MET, ,SD,53.8,1000.00,4.689,3.02,1.0,<Residue MET het=  resseq=361 icode= >,2ayg_A_A,3.1
680,21.912,MET, ,CE,53.22,1000.00,19.68,0.61,1.0,<Residue MET het=  resseq=361 icode= >,2ayg_A_A,3.1
681,0.236,SER, ,N,57.0,1000.00,0.0,1.49,1.0,<Residue SER het=  resseq=362 icode= >,2ayg_A_A,3.1
682,0.0,SER, ,CA,56.58,1000.00,0.0,2.46,1.0,<Residue SER het=  resseq=362 icode= >,2ayg_A_A,3.1
683,0.0,SER, ,C,56.51,1000.00,0.0,3.01,1.0,<Residue SER het=  resseq=362 icode= >,2ayg_A_A,3.1
684,0.0,SER, ,O,57.36,1000.00,0.0,0.69,1.0,<Residue SER het=  resseq=362 icode= >,2ayg_A_A,3.1
685,29.015,SER, ,CB,56.76,1000.00,19.55,1.45,1.0,<Residue SER het=  resseq=362 icode= >,2ayg_A_A,3.1
686,17.1,SER, ,OG,55.68,1000.00,12.941,1.70,1.0,<Residue SER het=  resseq=362 icode= >,2ayg_A_A,3.1
687,0.0,MET, ,N,56.24,1000.00,0.0,2.47,1.0,<Residue MET het=  resseq=363 icode= >,2ayg_A_A,3.1
688,0.0,MET, ,CA,56.44,1000.00,0.0,2.64,1.0,<Residue MET het=  resseq=363 icode= >,2ayg_A_A,3.1
689,0.0,MET, ,C,56.42,1000.00,0.0,3.24,1.0,<Residue MET het=  resseq=363 icode= >,2ayg_A_A,3.1
690,5.17,MET, ,O,56.66,1000.00,0.0,1.63,1.0,<Residue MET het=  resseq=363 icode= >,2ayg_A_A,3.1
691,0.0,MET, ,CB,56.59,1000.00,0.0,1.73,1.0,<Residue MET het=  resseq=363 icode= >,2ayg_A_A,3.1
692,0.0,MET, ,CG,58.34,1000.00,0.0,1.06,1.0,<Residue MET het=  resseq=363 icode= >,2ayg_A_A,3.1
693,17.632,MET, ,SD,63.47,1000.00,0.0,1.97,1.0,<Residue MET het=  resseq=363 icode= >,2ayg_A_A,3.1
694,65.576,MET, ,CE,56.57,1000.00,0.0,1.27,1.0,<Residue MET het=  resseq=363 icode= >,2ayg_A_A,3.1
695,0.0,HIS, ,N,56.41,1000.00,0.0,2.23,1.0,<Residue HIS het=  resseq=364 icode= >,2ayg_A_A,3.1
696,9.142,HIS, ,CA,56.07,1000.00,0.0,2.68,1.0,<Residue HIS het=  resseq=364 icode= >,2ayg_A_A,3.1
697,0.315,HIS, ,C,56.17,1000.00,0.0,3.11,1.0,<Residue HIS het=  resseq=364 icode= >,2ayg_A_A,3.1
698,24.272,HIS, ,O,56.15,1000.00,19.245,1.80,1.0,<Residue HIS het=  resseq=364 icode= >,2ayg_A_A,3.1
699,31.526,HIS, ,CB,55.57,1000.00,0.507,1.75,1.0,<Residue HIS het=  resseq=364 icode= >,2ayg_A_A,3.1
700,2.287,HIS, ,CG,55.35,1000.00,0.0,2.56,1.0,<Residue HIS het=  resseq=364 icode= >,2ayg_A_A,3.1
701,8.396,HIS, ,ND1,54.29,1000.00,5.078,1.89,1.0,<Residue HIS het=  resseq=364 icode= >,2ayg_A_A,3.1
702,20.086,HIS, ,CD2,54.31,1000.00,0.0,2.14,1.0,<Residue HIS het=  resseq=364 icode= >,2ayg_A_A,3.1
703,27.76,HIS, ,CE1,52.68,1000.00,18.996,2.18,1.0,<Residue HIS het=  resseq=364 icode= >,2ayg_A_A,3.1
704,24.271,HIS, ,NE2,53.33,1000.00,0.161,1.67,1.0,<Residue HIS het=  resseq=364 icode= >,2ayg_A_A,3.1
705,0.0,LEU, ,N,56.24,1000.00,0.0,2.02,1.0,<Residue LEU het=  resseq=365 icode= >,2ayg_A_A,3.1
706,3.111,LEU, ,CA,56.26,1000.00,3.111,2.43,1.0,<Residue LEU het=  resseq=365 icode= >,2ayg_A_A,3.1
707,0.209,LEU, ,C,56.8,1000.00,0.058,3.14,1.0,<Residue LEU het=  resseq=365 icode= >,2ayg_A_A,3.1
708,20.936,LEU, ,O,57.15,1000.00,20.489,1.68,1.0,<Residue LEU het=  resseq=365 icode= >,2ayg_A_A,3.1
709,3.067,LEU, ,CB,55.42,1000.00,3.067,2.26,1.0,<Residue LEU het=  resseq=365 icode= >,2ayg_A_A,3.1
710,0.0,LEU, ,CG,55.19,1000.00,0.0,2.60,1.0,<Residue LEU het=  resseq=365 icode= >,2ayg_A_A,3.1
711,37.992,LEU, ,CD1,56.34,1000.00,37.762,0.27,1.0,<Residue LEU het=  resseq=365 icode= >,2ayg_A_A,3.1
712,51.887,LEU, ,CD2,55.16,1000.00,51.887,0.70,1.0,<Residue LEU het=  resseq=365 icode= >,2ayg_A_A,3.1
713,0.0,LEU, ,N,57.06,17.95,0.0,2.96,1.0,<Residue LEU het=  resseq=366 icode= >,2ayg_A_A,3.1
714,2.713,LEU, ,CA,57.65,17.15,2.713,2.43,1.0,<Residue LEU het=  resseq=366 icode= >,2ayg_A_A,3.1
715,10.313,LEU, ,C,58.56,16.85,6.268,2.08,1.0,<Residue LEU het=  resseq=366 icode= >,2ayg_A_A,3.1
716,34.13,LEU, ,O,59.09,17.09,17.061,1.14,1.0,<Residue LEU het=  resseq=366 icode= >,2ayg_A_A,3.1
717,13.132,LEU, ,CB,57.38,17.29,0.0,0.94,1.0,<Residue LEU het=  resseq=366 icode= >,2ayg_A_A,3.1
718,5.93,LEU, ,CG,56.32,17.09,0.0,1.60,1.0,<Residue LEU het=  resseq=366 icode= >,2ayg_A_A,3.1
719,8.643,LEU, ,CD1,56.43,15.67,8.643,0.60,1.0,<Residue LEU het=  resseq=366 icode= >,2ayg_A_A,3.1
720,0.0,LEU, ,CD2,54.62,17.85,0.0,0.63,1.0,<Residue LEU het=  resseq=366 icode= >,2ayg_A_A,3.1
721,28.503,LEU, ,OXT,59.14,16.26,25.426,1.41,1.0,<Residue LEU het=  resseq=366 icode= >,2ayg_A_A,3.1
