,ASA,aa,altloc,atom,bfac,d2r,dASA,dens,occ,residue,id,resolu
0,50.333,LYS, ,N,45.68,8.14,1.138,1.71,1.0,<Residue LYS het=  resseq=211 icode= >,2b9s_B_A,2.27
1,8.854,LYS, ,CA,45.02,7.39,7.33,2.52,1.0,<Residue LYS het=  resseq=211 icode= >,2b9s_B_A,2.27
2,3.296,LYS, ,C,43.87,8.33,0.336,3.71,1.0,<Residue LYS het=  resseq=211 icode= >,2b9s_B_A,2.27
3,29.226,LYS, ,O,46.19,9.50,0.323,1.49,1.0,<Residue LYS het=  resseq=211 icode= >,2b9s_B_A,2.27
4,21.043,LYS, ,CB,44.81,6.88,10.33,2.54,1.0,<Residue LYS het=  resseq=211 icode= >,2b9s_B_A,2.27
5,20.278,LYS, ,CG,45.16,5.57,8.336,2.52,1.0,<Residue LYS het=  resseq=211 icode= >,2b9s_B_A,2.27
6,32.19,LYS, ,CD,46.52,4.96,27.833,1.66,1.0,<Residue LYS het=  resseq=211 icode= >,2b9s_B_A,2.27
7,49.257,LYS, ,CE,47.91,3.57,48.337,0.83,1.0,<Residue LYS het=  resseq=211 icode= >,2b9s_B_A,2.27
8,44.049,LYS, ,NZ,48.99,3.87,9.526,0.86,1.0,<Residue LYS het=  resseq=211 icode= >,2b9s_B_A,2.27
9,6.421,ALA, ,N,41.86,7.75,5.614,3.01,1.0,<Residue ALA het=  resseq=212 icode= >,2b9s_B_A,2.27
10,6.504,ALA, ,CA,39.48,8.64,0.0,3.22,1.0,<Residue ALA het=  resseq=212 icode= >,2b9s_B_A,2.27
11,3.454,ALA, ,C,37.18,8.14,2.485,4.23,1.0,<Residue ALA het=  resseq=212 icode= >,2b9s_B_A,2.27
12,17.744,ALA, ,O,36.19,7.00,17.744,3.15,1.0,<Residue ALA het=  resseq=212 icode= >,2b9s_B_A,2.27
13,62.123,ALA, ,CB,40.21,8.78,8.031,0.94,1.0,<Residue ALA het=  resseq=212 icode= >,2b9s_B_A,2.27
14,2.853,VAL, ,N,35.39,8.57,0.0,3.37,1.0,<Residue VAL het=  resseq=213 icode= >,2b9s_B_A,2.27
15,6.912,VAL, ,CA,36.1,7.92,6.912,2.49,1.0,<Residue VAL het=  resseq=213 icode= >,2b9s_B_A,2.27
16,0.021,VAL, ,C,36.04,7.63,0.021,3.16,1.0,<Residue VAL het=  resseq=213 icode= >,2b9s_B_A,2.27
17,17.391,VAL, ,O,34.09,8.51,2.04,2.90,1.0,<Residue VAL het=  resseq=213 icode= >,2b9s_B_A,2.27
18,8.442,VAL, ,CB,36.64,9.06,1.992,2.91,1.0,<Residue VAL het=  resseq=213 icode= >,2b9s_B_A,2.27
19,38.112,VAL, ,CG1,36.0,8.79,37.767,1.21,1.0,<Residue VAL het=  resseq=213 icode= >,2b9s_B_A,2.27
20,61.482,VAL, ,CG2,38.33,9.71,22.323,0.69,1.0,<Residue VAL het=  resseq=213 icode= >,2b9s_B_A,2.27
21,4.39,SER, ,N,34.15,6.60,4.39,2.76,1.0,<Residue SER het=  resseq=214 icode= >,2b9s_B_A,2.27
22,4.69,SER, ,CA,31.96,6.02,1.241,3.20,1.0,<Residue SER het=  resseq=214 icode= >,2b9s_B_A,2.27
23,0.0,SER, ,C,32.01,6.20,0.0,4.02,1.0,<Residue SER het=  resseq=214 icode= >,2b9s_B_A,2.27
24,15.92,SER, ,O,32.09,5.81,15.92,2.71,1.0,<Residue SER het=  resseq=214 icode= >,2b9s_B_A,2.27
25,32.909,SER, ,CB,31.64,4.67,32.909,2.77,1.0,<Residue SER het=  resseq=214 icode= >,2b9s_B_A,2.27
26,27.364,SER, ,OG,29.54,4.56,9.029,3.03,1.0,<Residue SER het=  resseq=214 icode= >,2b9s_B_A,2.27
27,5.547,LEU, ,N,30.49,7.14,0.0,3.90,1.0,<Residue LEU het=  resseq=215 icode= >,2b9s_B_A,2.27
28,1.992,LEU, ,CA,31.11,7.88,1.992,2.98,1.0,<Residue LEU het=  resseq=215 icode= >,2b9s_B_A,2.27
29,1.275,LEU, ,C,29.54,7.59,0.224,3.60,1.0,<Residue LEU het=  resseq=215 icode= >,2b9s_B_A,2.27
30,3.568,LEU, ,O,28.0,8.18,3.532,3.77,1.0,<Residue LEU het=  resseq=215 icode= >,2b9s_B_A,2.27
31,18.58,LEU, ,CB,32.51,9.35,5.636,2.05,1.0,<Residue LEU het=  resseq=215 icode= >,2b9s_B_A,2.27
32,13.737,LEU, ,CG,33.13,9.73,13.737,2.03,1.0,<Residue LEU het=  resseq=215 icode= >,2b9s_B_A,2.27
33,27.92,LEU, ,CD1,32.08,9.83,17.034,1.56,1.0,<Residue LEU het=  resseq=215 icode= >,2b9s_B_A,2.27
34,67.671,LEU, ,CD2,32.27,8.96,50.573,0.80,1.0,<Residue LEU het=  resseq=215 icode= >,2b9s_B_A,2.27
35,5.569,GLY, ,N,28.77,6.97,0.0,3.30,1.0,<Residue GLY het=  resseq=216 icode= >,2b9s_B_A,2.27
36,30.005,GLY, ,CA,29.56,7.11,0.0,2.57,1.0,<Residue GLY het=  resseq=216 icode= >,2b9s_B_A,2.27
37,0.0,GLY, ,C,30.08,6.58,0.0,4.11,1.0,<Residue GLY het=  resseq=216 icode= >,2b9s_B_A,2.27
38,0.0,GLY, ,O,32.06,7.49,0.0,2.96,1.0,<Residue GLY het=  resseq=216 icode= >,2b9s_B_A,2.27
39,1.687,THR, ,N,28.48,5.30,0.0,3.57,1.0,<Residue THR het=  resseq=217 icode= >,2b9s_B_A,2.27
40,1.212,THR, ,CA,24.78,5.02,0.0,3.33,1.0,<Residue THR het=  resseq=217 icode= >,2b9s_B_A,2.27
41,0.0,THR, ,C,24.27,6.18,0.0,4.10,1.0,<Residue THR het=  resseq=217 icode= >,2b9s_B_A,2.27
42,0.0,THR, ,O,21.6,5.84,0.0,3.95,1.0,<Residue THR het=  resseq=217 icode= >,2b9s_B_A,2.27
43,10.592,THR, ,CB,24.2,3.65,10.592,4.10,1.0,<Residue THR het=  resseq=217 icode= >,2b9s_B_A,2.27
44,21.078,THR, ,OG1,24.08,2.72,17.03,2.45,1.0,<Residue THR het=  resseq=217 icode= >,2b9s_B_A,2.27
45,41.119,THR, ,CG2,22.33,3.80,39.738,2.01,1.0,<Residue THR het=  resseq=217 icode= >,2b9s_B_A,2.27
46,1.215,SER, ,N,25.64,6.62,1.215,3.11,1.0,<Residue SER het=  resseq=218 icode= >,2b9s_B_A,2.27
47,0.1,SER, ,CA,26.1,7.64,0.1,3.13,1.0,<Residue SER het=  resseq=218 icode= >,2b9s_B_A,2.27
48,0.0,SER, ,C,28.38,8.43,0.0,3.97,1.0,<Residue SER het=  resseq=218 icode= >,2b9s_B_A,2.27
49,0.0,SER, ,O,29.71,8.35,0.0,2.98,1.0,<Residue SER het=  resseq=218 icode= >,2b9s_B_A,2.27
50,30.13,SER, ,CB,27.01,8.37,30.13,2.77,1.0,<Residue SER het=  resseq=218 icode= >,2b9s_B_A,2.27
51,12.789,SER, ,OG,26.35,8.60,12.789,2.82,1.0,<Residue SER het=  resseq=218 icode= >,2b9s_B_A,2.27
52,0.0,LYS, ,N,29.66,9.25,0.0,3.23,1.0,<Residue LYS het=  resseq=219 icode= >,2b9s_B_A,2.27
53,0.0,LYS, ,CA,32.36,10.13,0.0,3.46,1.0,<Residue LYS het=  resseq=219 icode= >,2b9s_B_A,2.27
54,0.0,LYS, ,C,32.53,9.15,0.0,4.41,1.0,<Residue LYS het=  resseq=219 icode= >,2b9s_B_A,2.27
55,0.513,LYS, ,O,34.47,8.96,0.0,3.05,1.0,<Residue LYS het=  resseq=219 icode= >,2b9s_B_A,2.27
56,23.236,LYS, ,CB,33.01,9.53,10.59,2.13,1.0,<Residue LYS het=  resseq=219 icode= >,2b9s_B_A,2.27
57,0.0,ILE, ,N,32.08,8.39,0.0,3.90,1.0,<Residue ILE het=  resseq=220 icode= >,2b9s_B_A,2.27
58,0.0,ILE, ,CA,31.62,7.81,0.0,3.25,1.0,<Residue ILE het=  resseq=220 icode= >,2b9s_B_A,2.27
59,0.181,ILE, ,C,30.84,6.38,0.0,4.53,1.0,<Residue ILE het=  resseq=220 icode= >,2b9s_B_A,2.27
60,1.66,ILE, ,O,29.12,5.95,0.195,4.16,1.0,<Residue ILE het=  resseq=220 icode= >,2b9s_B_A,2.27
61,0.0,ILE, ,CB,33.22,7.14,0.0,2.58,1.0,<Residue ILE het=  resseq=220 icode= >,2b9s_B_A,2.27
62,8.898,ILE, ,CG1,33.07,7.65,0.0,2.07,1.0,<Residue ILE het=  resseq=220 icode= >,2b9s_B_A,2.27
63,19.543,ILE, ,CG2,35.48,6.69,0.0,1.10,1.0,<Residue ILE het=  resseq=220 icode= >,2b9s_B_A,2.27
64,50.59,ILE, ,CD1,31.45,6.35,0.0,1.67,1.0,<Residue ILE het=  resseq=220 icode= >,2b9s_B_A,2.27
65,0.0,ASN, ,N,27.85,5.87,0.0,3.97,1.0,<Residue ASN het=  resseq=221 icode= >,2b9s_B_A,2.27
66,5.612,ASN, ,CA,26.44,4.47,5.091,3.10,1.0,<Residue ASN het=  resseq=221 icode= >,2b9s_B_A,2.27
67,3.881,ASN, ,C,24.77,4.60,3.62,4.59,1.0,<Residue ASN het=  resseq=221 icode= >,2b9s_B_A,2.27
68,30.175,ASN, ,O,25.12,3.85,30.175,3.37,1.0,<Residue ASN het=  resseq=221 icode= >,2b9s_B_A,2.27
69,11.23,ASN, ,CB,25.5,4.00,11.23,1.79,1.0,<Residue ASN het=  resseq=221 icode= >,2b9s_B_A,2.27
70,5.108,ASN, ,CG,25.04,3.46,5.108,4.47,1.0,<Residue ASN het=  resseq=221 icode= >,2b9s_B_A,2.27
71,27.376,ASN, ,OD1,24.7,3.49,21.019,3.64,1.0,<Residue ASN het=  resseq=221 icode= >,2b9s_B_A,2.27
72,10.354,ASN, ,ND2,25.19,3.68,8.156,2.50,1.0,<Residue ASN het=  resseq=221 icode= >,2b9s_B_A,2.27
73,0.0,TYR, ,N,22.9,5.86,0.0,4.23,1.0,<Residue TYR het=  resseq=222 icode= >,2b9s_B_A,2.27
74,1.839,TYR, ,CA,24.92,6.12,1.839,3.76,1.0,<Residue TYR het=  resseq=222 icode= >,2b9s_B_A,2.27
75,2.046,TYR, ,C,27.59,7.20,2.046,3.76,1.0,<Residue TYR het=  resseq=222 icode= >,2b9s_B_A,2.27
76,29.898,TYR, ,O,29.81,7.28,29.898,2.53,1.0,<Residue TYR het=  resseq=222 icode= >,2b9s_B_A,2.27
77,11.352,TYR, ,CB,23.62,6.67,11.352,2.24,1.0,<Residue TYR het=  resseq=222 icode= >,2b9s_B_A,2.27
78,1.914,TYR, ,CG,23.49,5.41,1.914,2.99,1.0,<Residue TYR het=  resseq=222 icode= >,2b9s_B_A,2.27
79,4.282,TYR, ,CD1,21.47,4.43,4.282,3.23,1.0,<Residue TYR het=  resseq=222 icode= >,2b9s_B_A,2.27
80,22.429,TYR, ,CD2,23.16,5.15,22.429,2.68,1.0,<Residue TYR het=  resseq=222 icode= >,2b9s_B_A,2.27
81,13.822,TYR, ,CE1,22.88,3.20,13.822,2.95,1.0,<Residue TYR het=  resseq=222 icode= >,2b9s_B_A,2.27
82,33.215,TYR, ,CE2,24.0,4.62,30.897,2.07,1.0,<Residue TYR het=  resseq=222 icode= >,2b9s_B_A,2.27
83,9.015,TYR, ,CZ,23.9,3.36,9.015,4.33,1.0,<Residue TYR het=  resseq=222 icode= >,2b9s_B_A,2.27
84,43.333,TYR, ,OH,22.47,2.80,38.955,4.02,1.0,<Residue TYR het=  resseq=222 icode= >,2b9s_B_A,2.27
85,0.0,ILE, ,N,28.33,8.28,0.0,3.08,1.0,<Residue ILE het=  resseq=223 icode= >,2b9s_B_A,2.27
86,4.283,ILE, ,CA,28.11,9.47,4.283,3.46,1.0,<Residue ILE het=  resseq=223 icode= >,2b9s_B_A,2.27
87,1.355,ILE, ,C,28.73,9.47,1.355,4.53,1.0,<Residue ILE het=  resseq=223 icode= >,2b9s_B_A,2.27
88,3.786,ILE, ,O,26.65,9.02,3.452,2.86,1.0,<Residue ILE het=  resseq=223 icode= >,2b9s_B_A,2.27
89,0.0,ILE, ,CB,29.35,10.70,0.0,3.21,1.0,<Residue ILE het=  resseq=223 icode= >,2b9s_B_A,2.27
90,16.117,ILE, ,CG1,28.56,10.95,16.117,2.11,1.0,<Residue ILE het=  resseq=223 icode= >,2b9s_B_A,2.27
91,9.979,ILE, ,CG2,30.13,11.97,9.979,0.89,1.0,<Residue ILE het=  resseq=223 icode= >,2b9s_B_A,2.27
92,30.379,ILE, ,CD1,27.82,11.83,30.239,1.69,1.0,<Residue ILE het=  resseq=223 icode= >,2b9s_B_A,2.27
93,4.436,ASP, ,N,29.01,10.05,4.436,3.27,1.0,<Residue ASP het=  resseq=224 icode= >,2b9s_B_A,2.27
94,5.689,ASP, ,CA,30.97,10.48,5.689,3.37,1.0,<Residue ASP het=  resseq=224 icode= >,2b9s_B_A,2.27
95,0.0,ASP, ,C,32.25,11.28,0.0,3.69,1.0,<Residue ASP het=  resseq=224 icode= >,2b9s_B_A,2.27
96,0.0,ASP, ,O,34.45,12.25,0.0,2.58,1.0,<Residue ASP het=  resseq=224 icode= >,2b9s_B_A,2.27
97,2.395,ASP, ,CB,31.6,11.34,2.395,1.84,1.0,<Residue ASP het=  resseq=224 icode= >,2b9s_B_A,2.27
98,3.323,ASP, ,CG,30.34,11.86,3.323,4.16,1.0,<Residue ASP het=  resseq=224 icode= >,2b9s_B_A,2.27
99,0.0,ASP, ,OD1,28.68,12.07,0.0,3.47,1.0,<Residue ASP het=  resseq=224 icode= >,2b9s_B_A,2.27
100,3.882,ASP, ,OD2,31.55,12.02,3.882,2.87,1.0,<Residue ASP het=  resseq=224 icode= >,2b9s_B_A,2.27
101,0.0,PRO, ,N,32.92,11.01,0.0,4.26,1.0,<Residue PRO het=  resseq=225 icode= >,2b9s_B_A,2.27
102,0.287,PRO, ,CA,32.84,11.95,0.0,3.27,1.0,<Residue PRO het=  resseq=225 icode= >,2b9s_B_A,2.27
103,0.0,PRO, ,C,34.45,13.39,0.0,3.43,1.0,<Residue PRO het=  resseq=225 icode= >,2b9s_B_A,2.27
104,0.0,PRO, ,O,34.5,14.35,0.0,2.70,1.0,<Residue PRO het=  resseq=225 icode= >,2b9s_B_A,2.27
105,0.0,PRO, ,CB,32.67,11.48,0.0,2.91,1.0,<Residue PRO het=  resseq=225 icode= >,2b9s_B_A,2.27
106,0.0,PRO, ,CG,32.87,10.68,0.0,2.87,1.0,<Residue PRO het=  resseq=225 icode= >,2b9s_B_A,2.27
107,7.1,PRO, ,CD,32.12,10.05,7.1,2.69,1.0,<Residue PRO het=  resseq=225 icode= >,2b9s_B_A,2.27
108,0.0,ARG, ,N,35.52,13.60,0.0,2.80,1.0,<Residue ARG het=  resseq=226 icode= >,2b9s_B_A,2.27
109,0.0,ARG, ,CA,35.11,14.96,0.0,3.24,1.0,<Residue ARG het=  resseq=226 icode= >,2b9s_B_A,2.27
110,0.0,ARG, ,C,36.45,15.72,0.0,4.04,1.0,<Residue ARG het=  resseq=226 icode= >,2b9s_B_A,2.27
111,0.0,ARG, ,O,37.66,16.95,0.0,2.34,1.0,<Residue ARG het=  resseq=226 icode= >,2b9s_B_A,2.27
112,0.778,ARG, ,CB,33.9,15.06,0.0,2.93,1.0,<Residue ARG het=  resseq=226 icode= >,2b9s_B_A,2.27
113,2.821,ARG, ,CG,34.09,14.68,0.0,2.25,1.0,<Residue ARG het=  resseq=226 icode= >,2b9s_B_A,2.27
114,11.244,ARG, ,CD,33.57,14.83,0.0,2.59,1.0,<Residue ARG het=  resseq=226 icode= >,2b9s_B_A,2.27
115,0.0,ARG, ,NE,35.01,13.85,0.0,2.94,1.0,<Residue ARG het=  resseq=226 icode= >,2b9s_B_A,2.27
116,0.138,ARG, ,CZ,34.84,13.80,0.138,3.79,1.0,<Residue ARG het=  resseq=226 icode= >,2b9s_B_A,2.27
117,41.333,ARG, ,NH1,35.88,14.65,28.109,1.65,1.0,<Residue ARG het=  resseq=226 icode= >,2b9s_B_A,2.27
118,33.663,ARG, ,NH2,32.12,13.02,33.663,2.20,1.0,<Residue ARG het=  resseq=226 icode= >,2b9s_B_A,2.27
119,0.0,ILE, ,N,37.1,15.08,0.0,3.49,1.0,<Residue ILE het=  resseq=227 icode= >,2b9s_B_A,2.27
120,1.151,ILE, ,CA,37.91,15.90,0.0,3.23,1.0,<Residue ILE het=  resseq=227 icode= >,2b9s_B_A,2.27
121,0.0,ILE, ,C,39.48,16.50,0.0,3.41,1.0,<Residue ILE het=  resseq=227 icode= >,2b9s_B_A,2.27
122,1.224,ILE, ,O,40.78,17.40,0.261,2.74,1.0,<Residue ILE het=  resseq=227 icode= >,2b9s_B_A,2.27
123,0.0,ILE, ,CB,38.18,15.21,0.0,2.77,1.0,<Residue ILE het=  resseq=227 icode= >,2b9s_B_A,2.27
124,1.253,ILE, ,CG1,37.42,14.61,1.132,2.55,1.0,<Residue ILE het=  resseq=227 icode= >,2b9s_B_A,2.27
125,45.635,ILE, ,CG2,37.16,16.15,42.192,1.76,1.0,<Residue ILE het=  resseq=227 icode= >,2b9s_B_A,2.27
126,21.05,ILE, ,CD1,37.38,13.80,21.05,1.56,1.0,<Residue ILE het=  resseq=227 icode= >,2b9s_B_A,2.27
127,0.0,ILE, ,N,40.73,15.72,0.0,3.00,1.0,<Residue ILE het=  resseq=228 icode= >,2b9s_B_A,2.27
128,2.374,ILE, ,CA,40.77,14.67,2.374,2.98,1.0,<Residue ILE het=  resseq=228 icode= >,2b9s_B_A,2.27
129,0.0,ILE, ,C,42.59,14.93,0.0,3.20,1.0,<Residue ILE het=  resseq=228 icode= >,2b9s_B_A,2.27
130,0.0,ILE, ,O,42.5,14.97,0.0,2.32,1.0,<Residue ILE het=  resseq=228 icode= >,2b9s_B_A,2.27
131,0.0,ILE, ,CB,39.92,13.31,0.0,2.89,1.0,<Residue ILE het=  resseq=228 icode= >,2b9s_B_A,2.27
132,16.86,ILE, ,CG1,39.86,13.11,16.86,2.18,1.0,<Residue ILE het=  resseq=228 icode= >,2b9s_B_A,2.27
133,4.705,ILE, ,CG2,37.21,12.19,1.918,2.06,1.0,<Residue ILE het=  resseq=228 icode= >,2b9s_B_A,2.27
134,6.267,ILE, ,CD1,40.75,12.17,6.036,0.54,1.0,<Residue ILE het=  resseq=228 icode= >,2b9s_B_A,2.27
135,0.0,CYS, ,N,43.46,15.29,0.0,2.62,1.0,<Residue CYS het=  resseq=229 icode= >,2b9s_B_A,2.27
136,2.628,CYS, ,CA,44.78,15.70,0.0,2.46,1.0,<Residue CYS het=  resseq=229 icode= >,2b9s_B_A,2.27
137,0.0,CYS, ,C,45.72,16.87,0.0,3.36,1.0,<Residue CYS het=  resseq=229 icode= >,2b9s_B_A,2.27
138,1.701,CYS, ,O,46.18,16.84,0.0,2.23,1.0,<Residue CYS het=  resseq=229 icode= >,2b9s_B_A,2.27
139,0.9,CYS, ,CB,44.65,16.00,0.0,1.92,1.0,<Residue CYS het=  resseq=229 icode= >,2b9s_B_A,2.27
140,2.625,CYS, ,SG,44.19,14.59,0.0,4.24,1.0,<Residue CYS het=  resseq=229 icode= >,2b9s_B_A,2.27
141,0.0,SER, ,N,46.01,17.97,0.0,2.82,1.0,<Residue SER het=  resseq=230 icode= >,2b9s_B_A,2.27
142,0.131,SER, ,CA,47.62,19.14,0.0,2.41,1.0,<Residue SER het=  resseq=230 icode= >,2b9s_B_A,2.27
143,0.811,SER, ,C,48.87,18.90,0.0,2.75,1.0,<Residue SER het=  resseq=230 icode= >,2b9s_B_A,2.27
144,2.188,SER, ,O,49.44,19.41,0.0,2.12,1.0,<Residue SER het=  resseq=230 icode= >,2b9s_B_A,2.27
145,9.126,SER, ,CB,47.52,20.16,0.0,1.78,1.0,<Residue SER het=  resseq=230 icode= >,2b9s_B_A,2.27
146,0.0,SER, ,OG,46.86,21.36,0.0,1.77,1.0,<Residue SER het=  resseq=230 icode= >,2b9s_B_A,2.27
147,0.0,TRP, ,N,47.93,18.23,0.0,2.25,1.0,<Residue TRP het=  resseq=231 icode= >,2b9s_B_A,2.27
148,4.334,TRP, ,CA,46.79,18.16,0.0,2.74,1.0,<Residue TRP het=  resseq=231 icode= >,2b9s_B_A,2.27
149,0.0,TRP, ,C,49.49,17.31,0.0,3.20,1.0,<Residue TRP het=  resseq=231 icode= >,2b9s_B_A,2.27
150,0.156,TRP, ,O,52.07,17.71,0.0,1.42,1.0,<Residue TRP het=  resseq=231 icode= >,2b9s_B_A,2.27
151,13.698,TRP, ,CB,40.92,17.67,9.564,2.41,1.0,<Residue TRP het=  resseq=231 icode= >,2b9s_B_A,2.27
152,2.063,TRP, ,CG,38.76,17.55,2.063,3.18,1.0,<Residue TRP het=  resseq=231 icode= >,2b9s_B_A,2.27
153,33.854,TRP, ,CD1,38.4,18.56,19.16,2.65,1.0,<Residue TRP het=  resseq=231 icode= >,2b9s_B_A,2.27
154,2.787,TRP, ,CD2,37.42,16.47,2.787,3.84,1.0,<Residue TRP het=  resseq=231 icode= >,2b9s_B_A,2.27
155,26.366,TRP, ,NE1,37.36,18.23,17.267,3.02,1.0,<Residue TRP het=  resseq=231 icode= >,2b9s_B_A,2.27
156,3.245,TRP, ,CE2,36.48,16.97,3.245,4.42,1.0,<Residue TRP het=  resseq=231 icode= >,2b9s_B_A,2.27
157,5.486,TRP, ,CE3,37.72,15.21,5.486,2.72,1.0,<Residue TRP het=  resseq=231 icode= >,2b9s_B_A,2.27
158,28.979,TRP, ,CZ2,37.93,16.32,26.075,2.42,1.0,<Residue TRP het=  resseq=231 icode= >,2b9s_B_A,2.27
159,5.195,TRP, ,CZ3,38.87,14.48,5.195,1.83,1.0,<Residue TRP het=  resseq=231 icode= >,2b9s_B_A,2.27
160,23.257,TRP, ,CH2,38.55,15.07,23.257,2.47,1.0,<Residue TRP het=  resseq=231 icode= >,2b9s_B_A,2.27
161,0.0,ALA, ,N,51.64,16.20,0.0,3.00,1.0,<Residue ALA het=  resseq=232 icode= >,2b9s_B_A,2.27
162,0.0,ALA, ,CA,53.38,15.36,0.0,2.30,1.0,<Residue ALA het=  resseq=232 icode= >,2b9s_B_A,2.27
163,0.26,ALA, ,C,55.34,16.15,0.0,2.27,1.0,<Residue ALA het=  resseq=232 icode= >,2b9s_B_A,2.27
164,0.478,ALA, ,O,56.06,16.04,0.0,1.67,1.0,<Residue ALA het=  resseq=232 icode= >,2b9s_B_A,2.27
165,5.865,ALA, ,CB,52.15,14.05,0.0,1.23,1.0,<Residue ALA het=  resseq=232 icode= >,2b9s_B_A,2.27
166,0.003,LYS, ,N,55.94,17.07,0.0,2.03,1.0,<Residue LYS het=  resseq=233 icode= >,2b9s_B_A,2.27
167,8.491,LYS, ,CA,56.57,18.01,0.0,2.36,1.0,<Residue LYS het=  resseq=233 icode= >,2b9s_B_A,2.27
168,1.106,LYS, ,C,57.31,19.19,0.0,2.34,1.0,<Residue LYS het=  resseq=233 icode= >,2b9s_B_A,2.27
169,21.411,LYS, ,O,58.16,19.79,0.0,1.05,1.0,<Residue LYS het=  resseq=233 icode= >,2b9s_B_A,2.27
170,38.491,LYS, ,CB,56.61,18.59,0.0,1.22,1.0,<Residue LYS het=  resseq=233 icode= >,2b9s_B_A,2.27
171,0.458,ALA, ,N,56.85,1000.00,0.0,2.23,1.0,<Residue ALA het=  resseq=234 icode= >,2b9s_B_A,2.27
172,11.074,ALA, ,CA,56.85,1000.00,0.0,2.15,1.0,<Residue ALA het=  resseq=234 icode= >,2b9s_B_A,2.27
173,2.37,ALA, ,C,57.29,1000.00,0.0,2.26,1.0,<Residue ALA het=  resseq=234 icode= >,2b9s_B_A,2.27
174,30.543,ALA, ,O,57.67,1000.00,0.0,1.04,1.0,<Residue ALA het=  resseq=234 icode= >,2b9s_B_A,2.27
175,49.752,ALA, ,CB,56.44,1000.00,0.0,0.86,1.0,<Residue ALA het=  resseq=234 icode= >,2b9s_B_A,2.27
176,0.0,GLN, ,N,57.13,1000.00,0.0,2.17,1.0,<Residue GLN het=  resseq=235 icode= >,2b9s_B_A,2.27
177,8.911,GLN, ,CA,56.06,1000.00,0.0,2.48,1.0,<Residue GLN het=  resseq=235 icode= >,2b9s_B_A,2.27
178,2.305,GLN, ,C,55.45,1000.00,0.0,3.00,1.0,<Residue GLN het=  resseq=235 icode= >,2b9s_B_A,2.27
179,16.667,GLN, ,O,55.78,1000.00,0.519,1.64,1.0,<Residue GLN het=  resseq=235 icode= >,2b9s_B_A,2.27
180,26.436,GLN, ,CB,55.13,1000.00,3.784,1.86,1.0,<Residue GLN het=  resseq=235 icode= >,2b9s_B_A,2.27
181,0.541,ASP, ,N,55.28,18.23,0.0,2.67,1.0,<Residue ASP het=  resseq=236 icode= >,2b9s_B_A,2.27
182,6.708,ASP, ,CA,55.09,17.67,0.0,2.50,1.0,<Residue ASP het=  resseq=236 icode= >,2b9s_B_A,2.27
183,1.205,ASP, ,C,54.72,16.30,0.0,2.67,1.0,<Residue ASP het=  resseq=236 icode= >,2b9s_B_A,2.27
184,20.005,ASP, ,O,54.23,16.14,3.323,1.84,1.0,<Residue ASP het=  resseq=236 icode= >,2b9s_B_A,2.27
185,61.049,ASP, ,CB,56.15,18.74,0.0,1.04,1.0,<Residue ASP het=  resseq=236 icode= >,2b9s_B_A,2.27
186,0.0,VAL, ,N,54.71,15.43,0.0,1.91,1.0,<Residue VAL het=  resseq=237 icode= >,2b9s_B_A,2.27
187,1.104,VAL, ,CA,53.15,14.03,1.104,2.30,1.0,<Residue VAL het=  resseq=237 icode= >,2b9s_B_A,2.27
188,1.079,VAL, ,C,52.61,13.22,0.0,3.65,1.0,<Residue VAL het=  resseq=237 icode= >,2b9s_B_A,2.27
189,5.409,VAL, ,O,52.24,13.42,0.0,2.41,1.0,<Residue VAL het=  resseq=237 icode= >,2b9s_B_A,2.27
190,0.0,VAL, ,CB,52.57,13.58,0.0,2.35,1.0,<Residue VAL het=  resseq=237 icode= >,2b9s_B_A,2.27
191,19.519,VAL, ,CG1,52.16,12.23,19.332,1.10,1.0,<Residue VAL het=  resseq=237 icode= >,2b9s_B_A,2.27
192,22.954,VAL, ,CG2,51.95,14.65,21.863,1.21,1.0,<Residue VAL het=  resseq=237 icode= >,2b9s_B_A,2.27
193,0.24,PRO, ,N,53.69,12.47,0.0,2.72,1.0,<Residue PRO het=  resseq=238 icode= >,2b9s_B_A,2.27
194,11.204,PRO, ,CA,54.49,11.80,0.0,1.98,1.0,<Residue PRO het=  resseq=238 icode= >,2b9s_B_A,2.27
195,0.0,PRO, ,C,54.24,10.76,0.0,2.80,1.0,<Residue PRO het=  resseq=238 icode= >,2b9s_B_A,2.27
196,0.0,PRO, ,O,53.41,9.95,0.0,2.02,1.0,<Residue PRO het=  resseq=238 icode= >,2b9s_B_A,2.27
197,21.766,PRO, ,CB,54.47,11.29,0.0,1.44,1.0,<Residue PRO het=  resseq=238 icode= >,2b9s_B_A,2.27
198,42.133,PRO, ,CG,54.92,12.12,0.0,1.13,1.0,<Residue PRO het=  resseq=238 icode= >,2b9s_B_A,2.27
199,16.228,PRO, ,CD,54.08,12.40,9.871,1.21,1.0,<Residue PRO het=  resseq=238 icode= >,2b9s_B_A,2.27
200,7.656,ILE, ,N,54.14,10.96,0.0,2.04,1.0,<Residue ILE het=  resseq=239 icode= >,2b9s_B_A,2.27
201,1.977,ILE, ,CA,53.6,10.24,0.0,2.09,1.0,<Residue ILE het=  resseq=239 icode= >,2b9s_B_A,2.27
202,0.0,ILE, ,C,52.87,8.71,0.0,3.02,1.0,<Residue ILE het=  resseq=239 icode= >,2b9s_B_A,2.27
203,0.023,ILE, ,O,51.45,8.00,0.0,2.43,1.0,<Residue ILE het=  resseq=239 icode= >,2b9s_B_A,2.27
204,23.776,ILE, ,CB,53.07,10.98,0.0,1.70,1.0,<Residue ILE het=  resseq=239 icode= >,2b9s_B_A,2.27
205,1.581,ASN, ,N,52.33,8.40,0.0,2.46,1.0,<Residue ASN het=  resseq=240 icode= >,2b9s_B_A,2.27
206,0.332,ASN, ,CA,51.63,7.11,0.0,2.69,1.0,<Residue ASN het=  resseq=240 icode= >,2b9s_B_A,2.27
207,1.078,ASN, ,C,51.06,6.10,0.0,3.18,1.0,<Residue ASN het=  resseq=240 icode= >,2b9s_B_A,2.27
208,22.176,ASN, ,O,50.65,4.93,5.48,1.78,1.0,<Residue ASN het=  resseq=240 icode= >,2b9s_B_A,2.27
209,55.759,ASN, ,CB,52.28,7.56,0.0,1.82,1.0,<Residue ASN het=  resseq=240 icode= >,2b9s_B_A,2.27
210,0.135,LYS, ,N,49.89,6.77,0.0,2.71,1.0,<Residue LYS het=  resseq=241 icode= >,2b9s_B_A,2.27
211,8.729,LYS, ,CA,49.64,6.36,0.0,1.94,1.0,<Residue LYS het=  resseq=241 icode= >,2b9s_B_A,2.27
212,3.897,LYS, ,C,49.19,6.33,0.0,2.60,1.0,<Residue LYS het=  resseq=241 icode= >,2b9s_B_A,2.27
213,27.013,LYS, ,O,49.04,6.44,6.403,2.11,1.0,<Residue LYS het=  resseq=241 icode= >,2b9s_B_A,2.27
214,42.86,LYS, ,CB,49.08,7.57,19.263,1.10,1.0,<Residue LYS het=  resseq=241 icode= >,2b9s_B_A,2.27
215,0.047,ILE, ,N,47.81,6.60,0.0,1.97,1.0,<Residue ILE het=  resseq=242 icode= >,2b9s_B_A,2.27
216,4.896,ILE, ,CA,45.55,6.97,0.092,3.05,1.0,<Residue ILE het=  resseq=242 icode= >,2b9s_B_A,2.27
217,2.01,ILE, ,C,45.05,6.35,0.0,3.46,1.0,<Residue ILE het=  resseq=242 icode= >,2b9s_B_A,2.27
218,25.25,ILE, ,O,46.01,5.67,0.0,2.34,1.0,<Residue ILE het=  resseq=242 icode= >,2b9s_B_A,2.27
219,0.557,ILE, ,CB,45.26,8.46,0.0,2.60,1.0,<Residue ILE het=  resseq=242 icode= >,2b9s_B_A,2.27
220,17.318,ILE, ,CG1,44.76,9.20,16.36,1.70,1.0,<Residue ILE het=  resseq=242 icode= >,2b9s_B_A,2.27
221,15.753,ILE, ,CG2,45.5,8.78,13.415,0.67,1.0,<Residue ILE het=  resseq=242 icode= >,2b9s_B_A,2.27
222,8.305,ILE, ,CD1,44.66,10.69,8.247,1.05,1.0,<Residue ILE het=  resseq=242 icode= >,2b9s_B_A,2.27
223,0.0,PHE, ,N,43.36,6.80,0.0,2.64,1.0,<Residue PHE het=  resseq=243 icode= >,2b9s_B_A,2.27
224,0.0,PHE, ,CA,41.74,6.71,0.0,3.39,1.0,<Residue PHE het=  resseq=243 icode= >,2b9s_B_A,2.27
225,0.454,PHE, ,C,41.81,5.74,0.0,3.93,1.0,<Residue PHE het=  resseq=243 icode= >,2b9s_B_A,2.27
226,0.104,PHE, ,O,43.8,5.93,0.0,2.16,1.0,<Residue PHE het=  resseq=243 icode= >,2b9s_B_A,2.27
227,0.0,PHE, ,CB,39.84,8.09,0.0,2.72,1.0,<Residue PHE het=  resseq=243 icode= >,2b9s_B_A,2.27
228,0.0,PHE, ,CG,40.04,9.08,0.0,2.61,1.0,<Residue PHE het=  resseq=243 icode= >,2b9s_B_A,2.27
229,1.309,PHE, ,CD1,39.23,10.23,0.0,2.58,1.0,<Residue PHE het=  resseq=243 icode= >,2b9s_B_A,2.27
230,0.596,PHE, ,CD2,40.12,8.70,0.0,1.90,1.0,<Residue PHE het=  resseq=243 icode= >,2b9s_B_A,2.27
231,0.0,PHE, ,CE1,39.23,11.27,0.0,2.22,1.0,<Residue PHE het=  resseq=243 icode= >,2b9s_B_A,2.27
232,0.0,PHE, ,CE2,38.11,9.76,0.0,2.33,1.0,<Residue PHE het=  resseq=243 icode= >,2b9s_B_A,2.27
233,0.064,PHE, ,CZ,38.89,11.03,0.0,2.23,1.0,<Residue PHE het=  resseq=243 icode= >,2b9s_B_A,2.27
234,4.158,SER, ,N,41.07,5.07,1.491,3.35,1.0,<Residue SER het=  resseq=244 icode= >,2b9s_B_A,2.27
235,9.007,SER, ,CA,40.61,4.52,4.302,3.22,1.0,<Residue SER het=  resseq=244 icode= >,2b9s_B_A,2.27
236,0.0,SER, ,C,40.65,4.65,0.0,3.59,1.0,<Residue SER het=  resseq=244 icode= >,2b9s_B_A,2.27
237,0.0,SER, ,O,41.88,5.28,0.0,2.57,1.0,<Residue SER het=  resseq=244 icode= >,2b9s_B_A,2.27
238,43.686,SER, ,CB,41.0,3.21,37.493,1.93,1.0,<Residue SER het=  resseq=244 icode= >,2b9s_B_A,2.27
239,7.832,SER, ,OG,42.45,2.39,6.667,1.90,1.0,<Residue SER het=  resseq=244 icode= >,2b9s_B_A,2.27
240,7.306,ALA, ,N,41.05,4.13,0.203,2.51,1.0,<Residue ALA het=  resseq=245 icode= >,2b9s_B_A,2.27
241,6.063,ALA, ,CA,41.46,4.34,0.0,2.22,1.0,<Residue ALA het=  resseq=245 icode= >,2b9s_B_A,2.27
242,0.936,ALA, ,C,41.27,4.39,0.0,3.80,1.0,<Residue ALA het=  resseq=245 icode= >,2b9s_B_A,2.27
243,6.707,ALA, ,O,41.64,5.52,0.0,2.50,1.0,<Residue ALA het=  resseq=245 icode= >,2b9s_B_A,2.27
244,65.85,ALA, ,CB,42.95,3.85,8.996,0.93,1.0,<Residue ALA het=  resseq=245 icode= >,2b9s_B_A,2.27
245,0.677,THR, ,N,41.46,3.54,0.66,2.77,1.0,<Residue THR het=  resseq=246 icode= >,2b9s_B_A,2.27
246,3.343,THR, ,CA,42.45,4.05,0.0,2.91,1.0,<Residue THR het=  resseq=246 icode= >,2b9s_B_A,2.27
247,0.0,THR, ,C,40.81,4.78,0.0,4.82,1.0,<Residue THR het=  resseq=246 icode= >,2b9s_B_A,2.27
248,2.658,THR, ,O,42.5,5.89,0.066,2.86,1.0,<Residue THR het=  resseq=246 icode= >,2b9s_B_A,2.27
249,10.175,THR, ,CB,42.84,3.21,10.175,3.10,1.0,<Residue THR het=  resseq=246 icode= >,2b9s_B_A,2.27
250,35.081,THR, ,OG1,44.88,3.34,14.666,1.93,1.0,<Residue THR het=  resseq=246 icode= >,2b9s_B_A,2.27
251,58.101,THR, ,CG2,44.84,4.07,13.706,0.88,1.0,<Residue THR het=  resseq=246 icode= >,2b9s_B_A,2.27
252,0.0,ILE, ,N,39.82,4.56,0.0,4.20,1.0,<Residue ILE het=  resseq=247 icode= >,2b9s_B_A,2.27
253,0.72,ILE, ,CA,41.82,5.74,0.0,3.21,1.0,<Residue ILE het=  resseq=247 icode= >,2b9s_B_A,2.27
254,0.0,ILE, ,C,41.7,6.97,0.0,3.92,1.0,<Residue ILE het=  resseq=247 icode= >,2b9s_B_A,2.27
255,0.0,ILE, ,O,40.32,8.10,0.0,3.02,1.0,<Residue ILE het=  resseq=247 icode= >,2b9s_B_A,2.27
256,5.855,ILE, ,CB,43.92,5.75,0.0,2.30,1.0,<Residue ILE het=  resseq=247 icode= >,2b9s_B_A,2.27
257,0.0,ILE, ,CG1,44.15,7.18,0.0,1.67,1.0,<Residue ILE het=  resseq=247 icode= >,2b9s_B_A,2.27
258,16.635,ILE, ,CG2,45.0,4.86,0.145,0.39,1.0,<Residue ILE het=  resseq=247 icode= >,2b9s_B_A,2.27
259,3.388,ILE, ,CD1,47.03,7.80,0.0,-0.08,1.0,<Residue ILE het=  resseq=247 icode= >,2b9s_B_A,2.27
260,0.0,GLN, ,N,42.2,6.94,0.0,2.80,1.0,<Residue GLN het=  resseq=248 icode= >,2b9s_B_A,2.27
261,0.0,GLN, ,CA,42.01,8.26,0.0,2.72,1.0,<Residue GLN het=  resseq=248 icode= >,2b9s_B_A,2.27
262,1.471,GLN, ,C,40.87,8.91,0.0,4.16,1.0,<Residue GLN het=  resseq=248 icode= >,2b9s_B_A,2.27
263,2.241,GLN, ,O,40.24,10.11,0.0,2.53,1.0,<Residue GLN het=  resseq=248 icode= >,2b9s_B_A,2.27
264,8.153,GLN, ,CB,42.43,8.42,0.0,2.10,1.0,<Residue GLN het=  resseq=248 icode= >,2b9s_B_A,2.27
265,0.0,GLN, ,CG,43.32,8.74,0.0,1.41,1.0,<Residue GLN het=  resseq=248 icode= >,2b9s_B_A,2.27
266,0.728,GLN, ,CD,44.38,8.99,0.0,2.65,1.0,<Residue GLN het=  resseq=248 icode= >,2b9s_B_A,2.27
267,4.389,GLN, ,OE1,45.89,8.28,0.0,1.47,1.0,<Residue GLN het=  resseq=248 icode= >,2b9s_B_A,2.27
268,36.828,GLN, ,NE2,43.17,9.91,0.0,2.14,1.0,<Residue GLN het=  resseq=248 icode= >,2b9s_B_A,2.27
269,1.013,LYS, ,N,40.12,8.30,0.0,3.34,1.0,<Residue LYS het=  resseq=249 icode= >,2b9s_B_A,2.27
270,8.925,LYS, ,CA,40.14,9.13,0.0,2.81,1.0,<Residue LYS het=  resseq=249 icode= >,2b9s_B_A,2.27
271,1.592,LYS, ,C,38.57,9.63,1.592,3.32,1.0,<Residue LYS het=  resseq=249 icode= >,2b9s_B_A,2.27
272,19.795,LYS, ,O,39.39,10.68,16.976,2.79,1.0,<Residue LYS het=  resseq=249 icode= >,2b9s_B_A,2.27
273,51.752,LYS, ,CB,40.78,8.36,11.185,2.16,1.0,<Residue LYS het=  resseq=249 icode= >,2b9s_B_A,2.27
274,0.222,LYS, ,N,37.48,9.06,0.148,2.95,1.0,<Residue LYS het=  resseq=250 icode= >,2b9s_B_A,2.27
275,9.579,LYS, ,CA,35.58,9.80,9.422,3.21,1.0,<Residue LYS het=  resseq=250 icode= >,2b9s_B_A,2.27
276,0.0,LYS, ,C,34.7,11.02,0.0,3.99,1.0,<Residue LYS het=  resseq=250 icode= >,2b9s_B_A,2.27
277,11.146,LYS, ,O,34.46,10.96,10.242,2.85,1.0,<Residue LYS het=  resseq=250 icode= >,2b9s_B_A,2.27
278,6.501,LYS, ,CB,35.01,9.04,4.151,2.85,1.0,<Residue LYS het=  resseq=250 icode= >,2b9s_B_A,2.27
279,10.363,LYS, ,CG,35.47,9.39,9.988,2.36,1.0,<Residue LYS het=  resseq=250 icode= >,2b9s_B_A,2.27
280,9.397,LYS, ,CD,36.24,8.48,3.377,2.01,1.0,<Residue LYS het=  resseq=250 icode= >,2b9s_B_A,2.27
281,37.032,LYS, ,CE,36.35,7.12,28.209,2.02,1.0,<Residue LYS het=  resseq=250 icode= >,2b9s_B_A,2.27
282,13.295,LYS, ,NZ,38.74,6.21,0.556,1.64,1.0,<Residue LYS het=  resseq=250 icode= >,2b9s_B_A,2.27
283,0.0,PHE, ,N,32.82,11.00,0.0,3.53,1.0,<Residue PHE het=  resseq=251 icode= >,2b9s_B_A,2.27
284,0.0,PHE, ,CA,32.63,12.14,0.0,3.68,1.0,<Residue PHE het=  resseq=251 icode= >,2b9s_B_A,2.27
285,0.0,PHE, ,C,35.97,13.00,0.0,3.15,1.0,<Residue PHE het=  resseq=251 icode= >,2b9s_B_A,2.27
286,0.0,PHE, ,O,38.26,13.59,0.0,2.20,1.0,<Residue PHE het=  resseq=251 icode= >,2b9s_B_A,2.27
287,0.0,PHE, ,CB,29.96,11.79,0.0,2.38,1.0,<Residue PHE het=  resseq=251 icode= >,2b9s_B_A,2.27
288,0.0,PHE, ,CG,30.1,10.85,0.0,2.96,1.0,<Residue PHE het=  resseq=251 icode= >,2b9s_B_A,2.27
289,0.15,PHE, ,CD1,29.89,9.72,0.15,2.57,1.0,<Residue PHE het=  resseq=251 icode= >,2b9s_B_A,2.27
290,0.0,PHE, ,CD2,27.02,10.60,0.0,3.39,1.0,<Residue PHE het=  resseq=251 icode= >,2b9s_B_A,2.27
291,12.012,PHE, ,CE1,29.19,8.47,11.687,2.67,1.0,<Residue PHE het=  resseq=251 icode= >,2b9s_B_A,2.27
292,0.0,PHE, ,CE2,27.59,9.71,0.0,3.15,1.0,<Residue PHE het=  resseq=251 icode= >,2b9s_B_A,2.27
293,2.622,PHE, ,CZ,27.89,8.45,1.696,2.64,1.0,<Residue PHE het=  resseq=251 icode= >,2b9s_B_A,2.27
294,0.0,PRO, ,N,36.3,13.31,0.0,3.23,1.0,<Residue PRO het=  resseq=252 icode= >,2b9s_B_A,2.27
295,0.526,PRO, ,CA,37.03,14.15,0.0,2.70,1.0,<Residue PRO het=  resseq=252 icode= >,2b9s_B_A,2.27
296,1.352,PRO, ,C,37.04,15.56,1.352,3.92,1.0,<Residue PRO het=  resseq=252 icode= >,2b9s_B_A,2.27
297,17.601,PRO, ,O,38.38,16.30,11.665,2.40,1.0,<Residue PRO het=  resseq=252 icode= >,2b9s_B_A,2.27
298,33.832,PRO, ,CB,35.92,14.33,12.098,2.15,1.0,<Residue PRO het=  resseq=252 icode= >,2b9s_B_A,2.27
299,30.656,PRO, ,CG,36.25,14.25,18.686,1.94,1.0,<Residue PRO het=  resseq=252 icode= >,2b9s_B_A,2.27
300,2.688,PRO, ,CD,35.45,13.17,0.862,2.67,1.0,<Residue PRO het=  resseq=252 icode= >,2b9s_B_A,2.27
301,0.026,TRP, ,N,35.74,14.87,0.026,3.38,1.0,<Residue TRP het=  resseq=253 icode= >,2b9s_B_A,2.27
302,11.533,TRP, ,CA,34.07,15.05,11.533,3.22,1.0,<Residue TRP het=  resseq=253 icode= >,2b9s_B_A,2.27
303,1.27,TRP, ,C,33.84,15.57,0.637,4.16,1.0,<Residue TRP het=  resseq=253 icode= >,2b9s_B_A,2.27
304,22.969,TRP, ,O,33.08,16.09,8.355,3.51,1.0,<Residue TRP het=  resseq=253 icode= >,2b9s_B_A,2.27
305,31.56,TRP, ,CB,34.05,13.78,31.56,2.21,1.0,<Residue TRP het=  resseq=253 icode= >,2b9s_B_A,2.27
306,2.213,TRP, ,CG,33.64,12.52,2.213,2.53,1.0,<Residue TRP het=  resseq=253 icode= >,2b9s_B_A,2.27
307,15.908,TRP, ,CD1,32.96,11.60,15.223,2.82,1.0,<Residue TRP het=  resseq=253 icode= >,2b9s_B_A,2.27
308,2.837,TRP, ,CD2,32.72,12.23,2.837,3.02,1.0,<Residue TRP het=  resseq=253 icode= >,2b9s_B_A,2.27
309,13.725,TRP, ,NE1,32.21,10.68,13.725,3.20,1.0,<Residue TRP het=  resseq=253 icode= >,2b9s_B_A,2.27
310,3.338,TRP, ,CE2,33.4,11.01,3.338,3.04,1.0,<Residue TRP het=  resseq=253 icode= >,2b9s_B_A,2.27
311,10.125,TRP, ,CE3,32.2,12.75,10.125,2.54,1.0,<Residue TRP het=  resseq=253 icode= >,2b9s_B_A,2.27
312,17.979,TRP, ,CZ2,33.35,9.98,17.979,2.14,1.0,<Residue TRP het=  resseq=253 icode= >,2b9s_B_A,2.27
313,4.556,TRP, ,CZ3,33.64,11.87,4.556,1.74,1.0,<Residue TRP het=  resseq=253 icode= >,2b9s_B_A,2.27
314,15.061,TRP, ,CH2,33.38,10.47,15.061,2.68,1.0,<Residue TRP het=  resseq=253 icode= >,2b9s_B_A,2.27
315,0.0,ALA, ,N,34.66,15.19,0.0,3.68,1.0,<Residue ALA het=  resseq=254 icode= >,2b9s_B_A,2.27
316,1.235,ALA, ,CA,36.82,15.26,0.0,3.30,1.0,<Residue ALA het=  resseq=254 icode= >,2b9s_B_A,2.27
317,0.152,ALA, ,C,39.04,16.40,0.0,3.50,1.0,<Residue ALA het=  resseq=254 icode= >,2b9s_B_A,2.27
318,0.0,ALA, ,O,37.61,16.79,0.0,2.82,1.0,<Residue ALA het=  resseq=254 icode= >,2b9s_B_A,2.27
319,0.0,ALA, ,CB,36.77,13.98,0.0,1.67,1.0,<Residue ALA het=  resseq=254 icode= >,2b9s_B_A,2.27
320,0.0,MET, ,N,42.65,16.06,0.0,2.42,1.0,<Residue MET het=  resseq=255 icode= >,2b9s_B_A,2.27
321,0.0,MET, ,CA,45.87,15.75,0.0,2.45,1.0,<Residue MET het=  resseq=255 icode= >,2b9s_B_A,2.27
322,0.412,MET, ,C,47.59,17.05,0.0,2.86,1.0,<Residue MET het=  resseq=255 icode= >,2b9s_B_A,2.27
323,15.769,MET, ,O,48.12,17.12,0.0,2.12,1.0,<Residue MET het=  resseq=255 icode= >,2b9s_B_A,2.27
324,19.109,MET, ,CB,46.69,15.18,0.0,1.94,1.0,<Residue MET het=  resseq=255 icode= >,2b9s_B_A,2.27
325,11.614,MET, ,CG,47.39,13.77,0.0,1.87,1.0,<Residue MET het=  resseq=255 icode= >,2b9s_B_A,2.27
326,0.0,MET, ,SD,48.83,12.69,0.0,3.30,1.0,<Residue MET het=  resseq=255 icode= >,2b9s_B_A,2.27
327,13.762,MET, ,CE,50.91,12.67,0.0,1.23,1.0,<Residue MET het=  resseq=255 icode= >,2b9s_B_A,2.27
328,0.29,ASN, ,N,20.0,18.17,0.0,2.81,1.0,<Residue ASN het=  resseq=256 icode= >,2b9s_B_A,2.27
329,9.851,ASN, ,CA,20.0,19.44,0.0,2.68,1.0,<Residue ASN het=  resseq=256 icode= >,2b9s_B_A,2.27
330,2.476,ASN, ,C,20.0,20.29,0.0,3.05,1.0,<Residue ASN het=  resseq=256 icode= >,2b9s_B_A,2.27
331,14.306,ASN, ,O,56.07,21.43,0.0,1.37,1.0,<Residue ASN het=  resseq=256 icode= >,2b9s_B_A,2.27
332,65.222,ASN, ,CB,20.0,20.27,2.55,1.63,1.0,<Residue ASN het=  resseq=256 icode= >,2b9s_B_A,2.27
333,7.08,ALA, ,N,20.0,1000.00,0.0,2.97,1.0,<Residue ALA het=  resseq=257 icode= >,2b9s_B_A,2.27
334,0.881,ALA, ,CA,20.0,1000.00,0.0,2.43,1.0,<Residue ALA het=  resseq=257 icode= >,2b9s_B_A,2.27
335,0.0,ALA, ,C,20.0,1000.00,0.0,3.17,1.0,<Residue ALA het=  resseq=257 icode= >,2b9s_B_A,2.27
336,12.155,ALA, ,O,57.47,1000.00,0.0,0.28,1.0,<Residue ALA het=  resseq=257 icode= >,2b9s_B_A,2.27
337,4.166,ALA, ,CB,20.0,1000.00,0.0,0.06,1.0,<Residue ALA het=  resseq=257 icode= >,2b9s_B_A,2.27
338,3.763,GLU, ,N,20.0,1000.00,0.0,3.37,1.0,<Residue GLU het=  resseq=258 icode= >,2b9s_B_A,2.27
339,5.075,GLU, ,CA,20.0,1000.00,0.0,2.30,1.0,<Residue GLU het=  resseq=258 icode= >,2b9s_B_A,2.27
340,0.0,GLU, ,C,20.0,1000.00,0.0,3.64,1.0,<Residue GLU het=  resseq=258 icode= >,2b9s_B_A,2.27
341,9.936,GLU, ,O,55.35,1000.00,0.0,0.70,1.0,<Residue GLU het=  resseq=258 icode= >,2b9s_B_A,2.27
342,57.689,GLU, ,CB,20.0,1000.00,0.0,0.24,1.0,<Residue GLU het=  resseq=258 icode= >,2b9s_B_A,2.27
343,7.397,ASN, ,N,20.0,1000.00,0.0,3.59,1.0,<Residue ASN het=  resseq=259 icode= >,2b9s_B_A,2.27
344,13.747,ASN, ,CA,20.0,1000.00,0.0,3.17,1.0,<Residue ASN het=  resseq=259 icode= >,2b9s_B_A,2.27
345,3.456,ASN, ,C,20.0,1000.00,0.0,3.51,1.0,<Residue ASN het=  resseq=259 icode= >,2b9s_B_A,2.27
346,15.003,ASN, ,O,52.73,1000.00,0.0,2.07,1.0,<Residue ASN het=  resseq=259 icode= >,2b9s_B_A,2.27
347,62.213,ASN, ,CB,20.0,1000.00,0.0,1.39,1.0,<Residue ASN het=  resseq=259 icode= >,2b9s_B_A,2.27
348,1.592,PHE, ,N,51.97,1000.00,0.0,2.65,1.0,<Residue PHE het=  resseq=260 icode= >,2b9s_B_A,2.27
349,1.97,PHE, ,CA,51.05,1000.00,0.0,2.90,1.0,<Residue PHE het=  resseq=260 icode= >,2b9s_B_A,2.27
350,0.025,PHE, ,C,51.47,1000.00,0.0,3.58,1.0,<Residue PHE het=  resseq=260 icode= >,2b9s_B_A,2.27
351,17.558,PHE, ,O,51.93,1000.00,7.38,2.27,1.0,<Residue PHE het=  resseq=260 icode= >,2b9s_B_A,2.27
352,0.215,PHE, ,CB,49.8,1000.00,0.0,1.65,1.0,<Residue PHE het=  resseq=260 icode= >,2b9s_B_A,2.27
353,0.0,PHE, ,CG,48.99,1000.00,0.0,2.12,1.0,<Residue PHE het=  resseq=260 icode= >,2b9s_B_A,2.27
354,0.0,PHE, ,CD1,48.6,1000.00,0.0,1.81,1.0,<Residue PHE het=  resseq=260 icode= >,2b9s_B_A,2.27
355,16.874,PHE, ,CD2,47.93,1000.00,0.569,2.24,1.0,<Residue PHE het=  resseq=260 icode= >,2b9s_B_A,2.27
356,0.0,PHE, ,CE1,47.5,1000.00,0.0,1.92,1.0,<Residue PHE het=  resseq=260 icode= >,2b9s_B_A,2.27
357,15.305,PHE, ,CE2,48.57,1000.00,11.2,2.10,1.0,<Residue PHE het=  resseq=260 icode= >,2b9s_B_A,2.27
358,4.967,PHE, ,CZ,48.35,1000.00,4.967,1.66,1.0,<Residue PHE het=  resseq=260 icode= >,2b9s_B_A,2.27
359,4.694,ASP, ,N,51.61,1000.00,0.277,3.00,1.0,<Residue ASP het=  resseq=261 icode= >,2b9s_B_A,2.27
360,2.654,ASP, ,CA,52.5,1000.00,2.654,2.33,1.0,<Residue ASP het=  resseq=261 icode= >,2b9s_B_A,2.27
361,0.0,ASP, ,C,51.63,1000.00,0.0,2.98,1.0,<Residue ASP het=  resseq=261 icode= >,2b9s_B_A,2.27
362,16.899,ASP, ,O,51.04,1000.00,13.825,2.17,1.0,<Residue ASP het=  resseq=261 icode= >,2b9s_B_A,2.27
363,28.74,ASP, ,CB,53.88,1000.00,4.509,1.39,1.0,<Residue ASP het=  resseq=261 icode= >,2b9s_B_A,2.27
364,9.334,ASP, ,CG,54.83,1000.00,1.966,2.20,1.0,<Residue ASP het=  resseq=261 icode= >,2b9s_B_A,2.27
365,33.938,ASP, ,OD1,53.73,1000.00,22.172,1.96,1.0,<Residue ASP het=  resseq=261 icode= >,2b9s_B_A,2.27
366,36.774,ASP, ,OD2,55.33,1000.00,0.0,1.22,1.0,<Residue ASP het=  resseq=261 icode= >,2b9s_B_A,2.27
367,6.158,PHE, ,N,51.36,17.46,6.158,2.25,1.0,<Residue PHE het=  resseq=262 icode= >,2b9s_B_A,2.27
368,0.461,PHE, ,CA,49.71,16.20,0.461,2.32,1.0,<Residue PHE het=  resseq=262 icode= >,2b9s_B_A,2.27
369,1.716,PHE, ,C,50.8,16.61,1.248,2.74,1.0,<Residue PHE het=  resseq=262 icode= >,2b9s_B_A,2.27
370,31.163,PHE, ,O,52.1,17.36,29.783,1.62,1.0,<Residue PHE het=  resseq=262 icode= >,2b9s_B_A,2.27
371,9.336,PHE, ,CB,48.27,15.24,9.336,1.66,1.0,<Residue PHE het=  resseq=262 icode= >,2b9s_B_A,2.27
372,0.0,PHE, ,CG,47.33,13.90,0.0,2.13,1.0,<Residue PHE het=  resseq=262 icode= >,2b9s_B_A,2.27
373,17.929,PHE, ,CD1,47.02,13.79,17.929,1.75,1.0,<Residue PHE het=  resseq=262 icode= >,2b9s_B_A,2.27
374,2.185,PHE, ,CD2,46.36,12.85,2.185,1.99,1.0,<Residue PHE het=  resseq=262 icode= >,2b9s_B_A,2.27
375,35.737,PHE, ,CE1,45.71,12.65,35.737,1.54,1.0,<Residue PHE het=  resseq=262 icode= >,2b9s_B_A,2.27
376,17.168,PHE, ,CE2,46.12,11.62,17.168,1.59,1.0,<Residue PHE het=  resseq=262 icode= >,2b9s_B_A,2.27
377,36.348,PHE, ,CZ,46.38,11.51,36.348,1.76,1.0,<Residue PHE het=  resseq=262 icode= >,2b9s_B_A,2.27
378,33.607,PHE, ,OXT,50.15,16.37,28.142,1.85,1.0,<Residue PHE het=  resseq=262 icode= >,2b9s_B_A,2.27
