,ASA,aa,altloc,atom,bfac,d2r,dASA,dens,occ,residue,id,resolu
0,51.592,ALA, ,N,42.27,5.77,26.207,0.77,1.0,<Residue ALA het=  resseq=2 icode= >,2bsq_E_A,3.0
1,15.259,ALA, ,CA,41.63,5.05,12.017,2.03,1.0,<Residue ALA het=  resseq=2 icode= >,2bsq_E_A,3.0
2,1.915,ALA, ,C,41.28,5.36,1.786,3.12,1.0,<Residue ALA het=  resseq=2 icode= >,2bsq_E_A,3.0
3,28.261,ALA, ,O,40.77,6.56,28.261,1.74,1.0,<Residue ALA het=  resseq=2 icode= >,2bsq_E_A,3.0
4,68.718,ALA, ,CB,40.99,6.00,65.697,1.41,1.0,<Residue ALA het=  resseq=2 icode= >,2bsq_E_A,3.0
5,4.8,SER, ,N,41.36,4.54,4.057,2.02,1.0,<Residue SER het=  resseq=3 icode= >,2bsq_E_A,3.0
6,5.843,SER, ,CA,41.28,4.53,5.799,2.68,1.0,<Residue SER het=  resseq=3 icode= >,2bsq_E_A,3.0
7,2.482,SER, ,C,41.04,3.71,2.47,3.35,1.0,<Residue SER het=  resseq=3 icode= >,2bsq_E_A,3.0
8,25.678,SER, ,O,41.77,3.59,23.008,1.76,1.0,<Residue SER het=  resseq=3 icode= >,2bsq_E_A,3.0
9,43.754,SER, ,CB,41.1,4.03,39.239,1.90,1.0,<Residue SER het=  resseq=3 icode= >,2bsq_E_A,3.0
10,34.554,SER, ,OG,40.94,3.78,25.037,1.41,1.0,<Residue SER het=  resseq=3 icode= >,2bsq_E_A,3.0
11,3.69,VAL, ,N,40.96,3.81,3.69,2.00,1.0,<Residue VAL het=  resseq=4 icode= >,2bsq_E_A,3.0
12,5.793,VAL, ,CA,40.55,3.80,5.793,2.85,1.0,<Residue VAL het=  resseq=4 icode= >,2bsq_E_A,3.0
13,1.004,VAL, ,C,39.86,4.05,1.004,4.19,1.0,<Residue VAL het=  resseq=4 icode= >,2bsq_E_A,3.0
14,15.017,VAL, ,O,40.38,4.79,15.017,2.57,1.0,<Residue VAL het=  resseq=4 icode= >,2bsq_E_A,3.0
15,9.54,VAL, ,CB,40.22,5.23,8.603,2.20,1.0,<Residue VAL het=  resseq=4 icode= >,2bsq_E_A,3.0
16,38.29,VAL, ,CG1,39.44,6.28,34.034,0.91,1.0,<Residue VAL het=  resseq=4 icode= >,2bsq_E_A,3.0
17,44.358,VAL, ,CG2,41.01,5.72,37.746,-0.07,1.0,<Residue VAL het=  resseq=4 icode= >,2bsq_E_A,3.0
18,2.772,VAL, ,N,39.39,4.02,2.182,2.55,1.0,<Residue VAL het=  resseq=5 icode= >,2bsq_E_A,3.0
19,2.332,VAL, ,CA,39.16,4.92,2.332,3.05,1.0,<Residue VAL het=  resseq=5 icode= >,2bsq_E_A,3.0
20,0.0,VAL, ,C,38.41,6.25,0.0,3.59,1.0,<Residue VAL het=  resseq=5 icode= >,2bsq_E_A,3.0
21,10.217,VAL, ,O,38.92,6.14,10.217,1.25,1.0,<Residue VAL het=  resseq=5 icode= >,2bsq_E_A,3.0
22,1.04,VAL, ,CB,39.71,3.96,0.741,2.71,1.0,<Residue VAL het=  resseq=5 icode= >,2bsq_E_A,3.0
23,34.056,VAL, ,CG1,40.45,4.62,31.504,0.97,1.0,<Residue VAL het=  resseq=5 icode= >,2bsq_E_A,3.0
24,53.616,VAL, ,CG2,41.34,2.55,53.616,0.49,1.0,<Residue VAL het=  resseq=5 icode= >,2bsq_E_A,3.0
25,1.472,ILE, ,N,37.51,6.98,1.472,3.16,1.0,<Residue ILE het=  resseq=6 icode= >,2bsq_E_A,3.0
26,3.148,ILE, ,CA,37.37,7.34,3.148,2.80,1.0,<Residue ILE het=  resseq=6 icode= >,2bsq_E_A,3.0
27,0.0,ILE, ,C,37.3,7.36,0.0,3.13,1.0,<Residue ILE het=  resseq=6 icode= >,2bsq_E_A,3.0
28,16.26,ILE, ,O,37.39,7.24,16.26,2.22,1.0,<Residue ILE het=  resseq=6 icode= >,2bsq_E_A,3.0
29,1.924,ILE, ,CB,37.13,8.12,1.924,2.59,1.0,<Residue ILE het=  resseq=6 icode= >,2bsq_E_A,3.0
30,21.559,ILE, ,CG1,36.94,8.48,21.559,1.85,1.0,<Residue ILE het=  resseq=6 icode= >,2bsq_E_A,3.0
31,29.681,ILE, ,CG2,36.64,7.51,29.681,1.09,1.0,<Residue ILE het=  resseq=6 icode= >,2bsq_E_A,3.0
32,28.204,ILE, ,CD1,38.18,8.21,28.124,-0.07,1.0,<Residue ILE het=  resseq=6 icode= >,2bsq_E_A,3.0
33,2.476,ARG, ,N,37.27,6.39,2.476,2.67,1.0,<Residue ARG het=  resseq=7 icode= >,2bsq_E_A,3.0
34,6.533,ARG, ,CA,36.73,6.77,6.533,3.11,1.0,<Residue ARG het=  resseq=7 icode= >,2bsq_E_A,3.0
35,0.0,ARG, ,C,36.98,6.36,0.0,3.83,1.0,<Residue ARG het=  resseq=7 icode= >,2bsq_E_A,3.0
36,12.09,ARG, ,O,36.96,5.58,12.09,2.20,1.0,<Residue ARG het=  resseq=7 icode= >,2bsq_E_A,3.0
37,13.545,ARG, ,CB,36.04,6.05,4.256,2.01,1.0,<Residue ARG het=  resseq=7 icode= >,2bsq_E_A,3.0
38,23.025,ARG, ,CG,35.0,5.66,6.159,2.25,1.0,<Residue ARG het=  resseq=7 icode= >,2bsq_E_A,3.0
39,9.039,ARG, ,CD,35.06,4.60,7.492,1.76,1.0,<Residue ARG het=  resseq=7 icode= >,2bsq_E_A,3.0
40,11.571,ARG, ,NE,35.34,4.09,2.967,3.46,1.0,<Residue ARG het=  resseq=7 icode= >,2bsq_E_A,3.0
41,4.621,ARG, ,CZ,35.56,3.44,4.621,3.67,1.0,<Residue ARG het=  resseq=7 icode= >,2bsq_E_A,3.0
42,43.784,ARG, ,NH1,37.13,3.22,43.578,1.35,1.0,<Residue ARG het=  resseq=7 icode= >,2bsq_E_A,3.0
43,56.948,ARG, ,NH2,34.49,2.32,54.849,2.20,1.0,<Residue ARG het=  resseq=7 icode= >,2bsq_E_A,3.0
44,9.349,ASN, ,N,37.7,7.19,7.16,2.32,1.0,<Residue ASN het=  resseq=8 icode= >,2bsq_E_A,3.0
45,12.459,ASN, ,CA,37.45,7.36,8.41,3.04,1.0,<Residue ASN het=  resseq=8 icode= >,2bsq_E_A,3.0
46,2.562,ASN, ,C,37.19,7.60,0.0,3.62,1.0,<Residue ASN het=  resseq=8 icode= >,2bsq_E_A,3.0
47,23.013,ASN, ,O,37.44,7.13,15.538,2.09,1.0,<Residue ASN het=  resseq=8 icode= >,2bsq_E_A,3.0
48,23.622,ASN, ,CB,37.72,6.42,4.372,2.49,1.0,<Residue ASN het=  resseq=8 icode= >,2bsq_E_A,3.0
49,6.542,ASN, ,CG,38.86,5.87,0.0,2.69,1.0,<Residue ASN het=  resseq=8 icode= >,2bsq_E_A,3.0
50,38.318,ASN, ,OD1,38.93,5.97,0.344,1.81,1.0,<Residue ASN het=  resseq=8 icode= >,2bsq_E_A,3.0
51,41.396,ASN, ,ND2,39.81,5.34,8.961,0.95,1.0,<Residue ASN het=  resseq=8 icode= >,2bsq_E_A,3.0
52,3.318,LEU, ,N,36.97,8.59,3.318,2.73,1.0,<Residue LEU het=  resseq=9 icode= >,2bsq_E_A,3.0
53,1.444,LEU, ,CA,36.8,9.26,1.444,2.98,1.0,<Residue LEU het=  resseq=9 icode= >,2bsq_E_A,3.0
54,1.036,LEU, ,C,36.86,10.50,0.025,3.74,1.0,<Residue LEU het=  resseq=9 icode= >,2bsq_E_A,3.0
55,11.402,LEU, ,O,36.88,9.62,10.69,2.45,1.0,<Residue LEU het=  resseq=9 icode= >,2bsq_E_A,3.0
56,7.323,LEU, ,CB,36.47,9.82,7.323,2.23,1.0,<Residue LEU het=  resseq=9 icode= >,2bsq_E_A,3.0
57,0.0,LEU, ,CG,36.99,10.57,0.0,1.97,1.0,<Residue LEU het=  resseq=9 icode= >,2bsq_E_A,3.0
58,26.83,LEU, ,CD1,37.17,10.31,26.83,1.30,1.0,<Residue LEU het=  resseq=9 icode= >,2bsq_E_A,3.0
59,22.846,LEU, ,CD2,36.84,9.76,21.881,0.72,1.0,<Residue LEU het=  resseq=9 icode= >,2bsq_E_A,3.0
60,5.752,SER, ,N,37.55,10.82,1.872,2.72,1.0,<Residue SER het=  resseq=10 icode= >,2bsq_E_A,3.0
61,13.647,SER, ,CA,38.23,12.10,0.0,3.29,1.0,<Residue SER het=  resseq=10 icode= >,2bsq_E_A,3.0
62,0.0,SER, ,C,38.6,11.34,0.0,3.88,1.0,<Residue SER het=  resseq=10 icode= >,2bsq_E_A,3.0
63,0.0,SER, ,O,39.03,10.73,0.0,1.58,1.0,<Residue SER het=  resseq=10 icode= >,2bsq_E_A,3.0
64,28.2,SER, ,CB,37.85,12.64,7.582,2.49,1.0,<Residue SER het=  resseq=10 icode= >,2bsq_E_A,3.0
65,13.001,SER, ,OG,39.56,13.88,0.0,1.27,1.0,<Residue SER het=  resseq=10 icode= >,2bsq_E_A,3.0
66,7.256,GLU, ,N,39.44,11.14,0.129,2.60,1.0,<Residue GLU het=  resseq=11 icode= >,2bsq_E_A,3.0
67,0.0,GLU, ,CA,40.03,10.14,0.0,2.79,1.0,<Residue GLU het=  resseq=11 icode= >,2bsq_E_A,3.0
68,1.114,GLU, ,C,39.1,10.55,0.0,3.38,1.0,<Residue GLU het=  resseq=11 icode= >,2bsq_E_A,3.0
69,0.121,GLU, ,O,39.11,9.82,0.0,1.77,1.0,<Residue GLU het=  resseq=11 icode= >,2bsq_E_A,3.0
70,26.537,GLU, ,CB,42.02,10.30,0.0,1.14,1.0,<Residue GLU het=  resseq=11 icode= >,2bsq_E_A,3.0
71,30.743,GLU, ,CG,44.62,9.18,0.0,0.90,1.0,<Residue GLU het=  resseq=11 icode= >,2bsq_E_A,3.0
72,8.999,GLU, ,CD,47.14,7.96,1.027,1.44,1.0,<Residue GLU het=  resseq=11 icode= >,2bsq_E_A,3.0
73,33.383,GLU, ,OE1,47.93,7.86,19.027,0.76,1.0,<Residue GLU het=  resseq=11 icode= >,2bsq_E_A,3.0
74,20.852,GLU, ,OE2,47.41,6.81,3.107,1.20,1.0,<Residue GLU het=  resseq=11 icode= >,2bsq_E_A,3.0
75,2.445,ALA, ,N,37.45,11.85,0.0,2.83,1.0,<Residue ALA het=  resseq=12 icode= >,2bsq_E_A,3.0
76,8.82,ALA, ,CA,36.13,12.54,0.0,3.17,1.0,<Residue ALA het=  resseq=12 icode= >,2bsq_E_A,3.0
77,1.145,ALA, ,C,35.82,12.33,0.551,4.05,1.0,<Residue ALA het=  resseq=12 icode= >,2bsq_E_A,3.0
78,3.681,ALA, ,O,35.8,12.28,0.004,1.78,1.0,<Residue ALA het=  resseq=12 icode= >,2bsq_E_A,3.0
79,59.306,ALA, ,CB,35.91,14.02,0.0,0.63,1.0,<Residue ALA het=  resseq=12 icode= >,2bsq_E_A,3.0
80,0.111,THR, ,N,35.25,12.43,0.0,2.38,1.0,<Residue THR het=  resseq=13 icode= >,2bsq_E_A,3.0
81,4.625,THR, ,CA,35.26,12.49,4.457,3.26,1.0,<Residue THR het=  resseq=13 icode= >,2bsq_E_A,3.0
82,0.0,THR, ,C,35.1,11.22,0.0,3.68,1.0,<Residue THR het=  resseq=13 icode= >,2bsq_E_A,3.0
83,0.0,THR, ,O,34.14,11.38,0.0,2.15,1.0,<Residue THR het=  resseq=13 icode= >,2bsq_E_A,3.0
84,0.204,THR, ,CB,35.75,12.93,0.204,2.33,1.0,<Residue THR het=  resseq=13 icode= >,2bsq_E_A,3.0
85,22.744,THR, ,OG1,36.11,14.00,15.42,1.92,1.0,<Residue THR het=  resseq=13 icode= >,2bsq_E_A,3.0
86,28.452,THR, ,CG2,35.75,13.12,28.452,0.75,1.0,<Residue THR het=  resseq=13 icode= >,2bsq_E_A,3.0
87,0.0,HIS, ,N,35.38,10.08,0.0,3.06,1.0,<Residue HIS het=  resseq=14 icode= >,2bsq_E_A,3.0
88,0.0,HIS, ,CA,35.66,8.81,0.0,3.55,1.0,<Residue HIS het=  resseq=14 icode= >,2bsq_E_A,3.0
89,0.0,HIS, ,C,35.65,8.87,0.0,3.57,1.0,<Residue HIS het=  resseq=14 icode= >,2bsq_E_A,3.0
90,0.0,HIS, ,O,36.61,8.77,0.0,1.50,1.0,<Residue HIS het=  resseq=14 icode= >,2bsq_E_A,3.0
91,1.041,HIS, ,CB,36.67,7.68,1.041,2.20,1.0,<Residue HIS het=  resseq=14 icode= >,2bsq_E_A,3.0
92,0.92,HIS, ,CG,37.92,6.32,0.92,2.85,1.0,<Residue HIS het=  resseq=14 icode= >,2bsq_E_A,3.0
93,7.666,HIS, ,ND1,39.1,5.17,6.165,2.08,1.0,<Residue HIS het=  resseq=14 icode= >,2bsq_E_A,3.0
94,4.944,HIS, ,CD2,38.13,6.11,4.311,2.57,1.0,<Residue HIS het=  resseq=14 icode= >,2bsq_E_A,3.0
95,33.757,HIS, ,CE1,39.32,4.14,26.872,2.01,1.0,<Residue HIS het=  resseq=14 icode= >,2bsq_E_A,3.0
96,17.099,HIS, ,NE2,39.47,4.76,13.992,2.04,1.0,<Residue HIS het=  resseq=14 icode= >,2bsq_E_A,3.0
97,0.0,ASN, ,N,34.73,9.17,0.0,2.80,1.0,<Residue ASN het=  resseq=15 icode= >,2bsq_E_A,3.0
98,0.406,ASN, ,CA,33.94,9.57,0.0,3.51,1.0,<Residue ASN het=  resseq=15 icode= >,2bsq_E_A,3.0
99,0.655,ASN, ,C,32.52,10.71,0.0,3.68,1.0,<Residue ASN het=  resseq=15 icode= >,2bsq_E_A,3.0
100,1.508,ASN, ,O,31.7,10.68,0.0,1.78,1.0,<Residue ASN het=  resseq=15 icode= >,2bsq_E_A,3.0
101,22.48,ASN, ,CB,35.38,10.20,0.0,2.18,1.0,<Residue ASN het=  resseq=15 icode= >,2bsq_E_A,3.0
102,5.424,ASN, ,CG,37.33,9.31,0.0,2.10,1.0,<Residue ASN het=  resseq=15 icode= >,2bsq_E_A,3.0
103,34.965,ASN, ,OD1,38.04,9.93,0.0,1.27,1.0,<Residue ASN het=  resseq=15 icode= >,2bsq_E_A,3.0
104,16.105,ASN, ,ND2,37.93,7.99,0.0,1.47,1.0,<Residue ASN het=  resseq=15 icode= >,2bsq_E_A,3.0
105,0.794,ALA, ,N,31.52,11.67,0.0,2.62,1.0,<Residue ALA het=  resseq=16 icode= >,2bsq_E_A,3.0
106,9.041,ALA, ,CA,30.87,12.72,1.081,2.97,1.0,<Residue ALA het=  resseq=16 icode= >,2bsq_E_A,3.0
107,0.367,ALA, ,C,30.9,11.70,0.367,3.26,1.0,<Residue ALA het=  resseq=16 icode= >,2bsq_E_A,3.0
108,3.979,ALA, ,O,31.28,11.71,3.979,1.73,1.0,<Residue ALA het=  resseq=16 icode= >,2bsq_E_A,3.0
109,42.791,ALA, ,CB,30.34,13.75,30.477,1.10,1.0,<Residue ALA het=  resseq=16 icode= >,2bsq_E_A,3.0
110,0.0,ILE, ,N,29.93,10.95,0.0,1.80,1.0,<Residue ILE het=  resseq=17 icode= >,2bsq_E_A,3.0
111,0.0,ILE, ,CA,28.73,10.00,0.0,2.87,1.0,<Residue ILE het=  resseq=17 icode= >,2bsq_E_A,3.0
112,0.0,ILE, ,C,28.51,8.81,0.0,4.22,1.0,<Residue ILE het=  resseq=17 icode= >,2bsq_E_A,3.0
113,0.0,ILE, ,O,28.58,8.47,0.0,2.31,1.0,<Residue ILE het=  resseq=17 icode= >,2bsq_E_A,3.0
114,0.861,ILE, ,CB,28.52,9.44,0.0,2.07,1.0,<Residue ILE het=  resseq=17 icode= >,2bsq_E_A,3.0
115,3.43,ILE, ,CG1,29.22,10.70,3.328,1.83,1.0,<Residue ILE het=  resseq=17 icode= >,2bsq_E_A,3.0
116,0.078,ILE, ,CG2,28.12,8.63,0.0,0.31,1.0,<Residue ILE het=  resseq=17 icode= >,2bsq_E_A,3.0
117,29.16,ILE, ,CD1,29.09,11.62,29.16,1.01,1.0,<Residue ILE het=  resseq=17 icode= >,2bsq_E_A,3.0
118,0.0,LYS, ,N,28.67,8.34,0.0,2.89,1.0,<Residue LYS het=  resseq=18 icode= >,2bsq_E_A,3.0
119,0.0,LYS, ,CA,29.1,7.30,0.0,3.02,1.0,<Residue LYS het=  resseq=18 icode= >,2bsq_E_A,3.0
120,0.957,LYS, ,C,29.33,7.99,0.0,3.98,1.0,<Residue LYS het=  resseq=18 icode= >,2bsq_E_A,3.0
121,1.516,LYS, ,O,29.05,7.54,0.0,2.08,1.0,<Residue LYS het=  resseq=18 icode= >,2bsq_E_A,3.0
122,2.122,LYS, ,CB,29.17,7.35,0.0,2.17,1.0,<Residue LYS het=  resseq=18 icode= >,2bsq_E_A,3.0
123,13.781,LYS, ,CG,31.18,6.22,0.0,1.50,1.0,<Residue LYS het=  resseq=18 icode= >,2bsq_E_A,3.0
124,39.56,LYS, ,CD,32.19,6.29,0.0,1.38,1.0,<Residue LYS het=  resseq=18 icode= >,2bsq_E_A,3.0
125,15.989,LYS, ,CE,33.43,5.78,0.0,1.67,1.0,<Residue LYS het=  resseq=18 icode= >,2bsq_E_A,3.0
126,10.805,LYS, ,NZ,34.23,4.70,7.482,0.74,1.0,<Residue LYS het=  resseq=18 icode= >,2bsq_E_A,3.0
127,0.473,PHE, ,N,29.68,9.30,0.0,2.52,1.0,<Residue PHE het=  resseq=19 icode= >,2bsq_E_A,3.0
128,4.8,PHE, ,CA,30.53,10.23,0.0,3.28,1.0,<Residue PHE het=  resseq=19 icode= >,2bsq_E_A,3.0
129,0.0,PHE, ,C,31.17,10.37,0.0,3.89,1.0,<Residue PHE het=  resseq=19 icode= >,2bsq_E_A,3.0
130,0.098,PHE, ,O,31.15,10.37,0.0,1.63,1.0,<Residue PHE het=  resseq=19 icode= >,2bsq_E_A,3.0
131,9.167,PHE, ,CB,30.28,11.64,0.0,1.64,1.0,<Residue PHE het=  resseq=19 icode= >,2bsq_E_A,3.0
132,2.263,PHE, ,CG,29.85,12.72,0.0,2.63,1.0,<Residue PHE het=  resseq=19 icode= >,2bsq_E_A,3.0
133,23.063,PHE, ,CD1,29.86,13.05,0.0,1.63,1.0,<Residue PHE het=  resseq=19 icode= >,2bsq_E_A,3.0
134,13.918,PHE, ,CD2,30.12,13.56,6.761,1.73,1.0,<Residue PHE het=  resseq=19 icode= >,2bsq_E_A,3.0
135,35.985,PHE, ,CE1,30.41,14.15,0.0,1.70,1.0,<Residue PHE het=  resseq=19 icode= >,2bsq_E_A,3.0
136,27.387,PHE, ,CE2,30.01,14.63,0.0,2.48,1.0,<Residue PHE het=  resseq=19 icode= >,2bsq_E_A,3.0
137,32.763,PHE, ,CZ,29.86,14.90,0.0,2.05,1.0,<Residue PHE het=  resseq=19 icode= >,2bsq_E_A,3.0
138,0.0,ARG, ,N,32.47,10.77,0.0,1.77,1.0,<Residue ARG het=  resseq=20 icode= >,2bsq_E_A,3.0
139,2.472,ARG, ,CA,33.03,11.24,0.087,2.80,1.0,<Residue ARG het=  resseq=20 icode= >,2bsq_E_A,3.0
140,0.0,ARG, ,C,33.05,10.31,0.0,4.20,1.0,<Residue ARG het=  resseq=20 icode= >,2bsq_E_A,3.0
141,0.721,ARG, ,O,33.52,10.87,0.0,1.75,1.0,<Residue ARG het=  resseq=20 icode= >,2bsq_E_A,3.0
142,8.58,ARG, ,CB,33.1,11.74,8.502,1.81,1.0,<Residue ARG het=  resseq=20 icode= >,2bsq_E_A,3.0
143,10.079,ARG, ,CG,34.24,12.23,0.615,1.16,1.0,<Residue ARG het=  resseq=20 icode= >,2bsq_E_A,3.0
144,1.299,ARG, ,CD,35.72,12.60,1.299,1.33,1.0,<Residue ARG het=  resseq=20 icode= >,2bsq_E_A,3.0
145,16.043,ARG, ,NE,36.26,14.05,15.912,2.31,1.0,<Residue ARG het=  resseq=20 icode= >,2bsq_E_A,3.0
146,5.846,ARG, ,CZ,37.34,14.83,2.3,2.43,1.0,<Residue ARG het=  resseq=20 icode= >,2bsq_E_A,3.0
147,27.65,ARG, ,NH1,37.36,14.40,0.05,1.18,1.0,<Residue ARG het=  resseq=20 icode= >,2bsq_E_A,3.0
148,59.121,ARG, ,NH2,37.03,16.14,15.322,1.18,1.0,<Residue ARG het=  resseq=20 icode= >,2bsq_E_A,3.0
149,0.0,ALA, ,N,33.26,9.01,0.0,2.44,1.0,<Residue ALA het=  resseq=21 icode= >,2bsq_E_A,3.0
150,0.0,ALA, ,CA,33.95,8.14,0.0,3.18,1.0,<Residue ALA het=  resseq=21 icode= >,2bsq_E_A,3.0
151,0.0,ALA, ,C,34.68,8.20,0.0,3.58,1.0,<Residue ALA het=  resseq=21 icode= >,2bsq_E_A,3.0
152,0.0,ALA, ,O,34.62,8.57,0.0,1.83,1.0,<Residue ALA het=  resseq=21 icode= >,2bsq_E_A,3.0
153,1.472,ALA, ,CB,33.79,6.78,0.0,1.11,1.0,<Residue ALA het=  resseq=21 icode= >,2bsq_E_A,3.0
154,0.408,ARG, ,N,36.38,8.16,0.0,2.05,1.0,<Residue ARG het=  resseq=22 icode= >,2bsq_E_A,3.0
155,4.953,ARG, ,CA,36.83,8.57,0.0,3.24,1.0,<Residue ARG het=  resseq=22 icode= >,2bsq_E_A,3.0
156,0.495,ARG, ,C,35.49,10.02,0.0,4.17,1.0,<Residue ARG het=  resseq=22 icode= >,2bsq_E_A,3.0
157,16.736,ARG, ,O,33.91,10.45,0.0,2.24,1.0,<Residue ARG het=  resseq=22 icode= >,2bsq_E_A,3.0
158,7.48,ARG, ,CB,39.59,8.61,0.0,1.65,1.0,<Residue ARG het=  resseq=22 icode= >,2bsq_E_A,3.0
159,25.623,ARG, ,CG,44.73,8.95,0.0,1.50,1.0,<Residue ARG het=  resseq=22 icode= >,2bsq_E_A,3.0
160,25.259,ARG, ,CD,48.16,9.55,0.0,1.23,1.0,<Residue ARG het=  resseq=22 icode= >,2bsq_E_A,3.0
161,15.786,ARG, ,NE,20.0,9.30,0.0,0.81,1.0,<Residue ARG het=  resseq=22 icode= >,2bsq_E_A,3.0
162,8.967,ARG, ,CZ,20.0,9.82,0.0,0.77,1.0,<Residue ARG het=  resseq=22 icode= >,2bsq_E_A,3.0
163,50.169,ARG, ,NH1,20.0,10.81,0.0,-0.18,1.0,<Residue ARG het=  resseq=22 icode= >,2bsq_E_A,3.0
164,59.836,ARG, ,NH2,20.0,9.54,0.0,0.60,1.0,<Residue ARG het=  resseq=22 icode= >,2bsq_E_A,3.0
165,0.698,ALA, ,N,34.8,10.80,0.0,2.41,1.0,<Residue ALA het=  resseq=23 icode= >,2bsq_E_A,3.0
166,13.862,ALA, ,CA,35.01,12.21,0.0,2.37,1.0,<Residue ALA het=  resseq=23 icode= >,2bsq_E_A,3.0
167,1.464,ALA, ,C,34.81,12.34,0.0,3.33,1.0,<Residue ALA het=  resseq=23 icode= >,2bsq_E_A,3.0
168,30.825,ALA, ,O,33.87,12.39,0.0,2.10,1.0,<Residue ALA het=  resseq=23 icode= >,2bsq_E_A,3.0
169,32.292,ALA, ,CB,35.07,12.96,0.0,0.68,1.0,<Residue ALA het=  resseq=23 icode= >,2bsq_E_A,3.0
170,0.443,ALA, ,N,34.66,11.75,0.0,2.07,1.0,<Residue ALA het=  resseq=24 icode= >,2bsq_E_A,3.0
171,12.149,ALA, ,CA,34.41,11.44,0.0,2.34,1.0,<Residue ALA het=  resseq=24 icode= >,2bsq_E_A,3.0
172,0.976,ALA, ,C,34.41,9.94,0.0,3.73,1.0,<Residue ALA het=  resseq=24 icode= >,2bsq_E_A,3.0
173,0.198,ALA, ,O,35.35,9.59,0.0,2.14,1.0,<Residue ALA het=  resseq=24 icode= >,2bsq_E_A,3.0
174,16.622,ALA, ,CB,34.16,11.73,0.0,0.82,1.0,<Residue ALA het=  resseq=24 icode= >,2bsq_E_A,3.0
175,13.98,GLY, ,N,33.94,9.19,0.0,2.69,1.0,<Residue GLY het=  resseq=25 icode= >,2bsq_E_A,3.0
176,38.05,GLY, ,CA,34.15,7.77,0.0,2.01,1.0,<Residue GLY het=  resseq=25 icode= >,2bsq_E_A,3.0
177,4.442,GLY, ,C,34.49,7.00,0.0,2.35,1.0,<Residue GLY het=  resseq=25 icode= >,2bsq_E_A,3.0
178,32.814,GLY, ,O,35.51,6.03,0.0,1.12,1.0,<Residue GLY het=  resseq=25 icode= >,2bsq_E_A,3.0
179,0.129,ARG, ,N,33.66,7.65,0.0,1.99,1.0,<Residue ARG het=  resseq=26 icode= >,2bsq_E_A,3.0
180,5.058,ARG, ,CA,32.39,6.81,0.0,3.27,1.0,<Residue ARG het=  resseq=26 icode= >,2bsq_E_A,3.0
181,4.329,ARG, ,C,31.47,6.29,0.0,3.98,1.0,<Residue ARG het=  resseq=26 icode= >,2bsq_E_A,3.0
182,10.991,ARG, ,O,30.92,6.00,0.0,2.42,1.0,<Residue ARG het=  resseq=26 icode= >,2bsq_E_A,3.0
183,0.958,ARG, ,CB,32.69,6.80,0.0,2.54,1.0,<Residue ARG het=  resseq=26 icode= >,2bsq_E_A,3.0
184,9.794,ARG, ,CG,32.97,7.77,0.0,2.22,1.0,<Residue ARG het=  resseq=26 icode= >,2bsq_E_A,3.0
185,8.169,ARG, ,CD,34.38,7.98,0.0,2.12,1.0,<Residue ARG het=  resseq=26 icode= >,2bsq_E_A,3.0
186,12.341,ARG, ,NE,35.62,9.16,0.0,1.81,1.0,<Residue ARG het=  resseq=26 icode= >,2bsq_E_A,3.0
187,0.817,ARG, ,CZ,37.38,10.41,0.0,1.82,1.0,<Residue ARG het=  resseq=26 icode= >,2bsq_E_A,3.0
188,6.519,ARG, ,NH1,37.44,10.74,0.0,0.65,1.0,<Residue ARG het=  resseq=26 icode= >,2bsq_E_A,3.0
189,43.75,ARG, ,NH2,37.89,11.46,0.0,1.23,1.0,<Residue ARG het=  resseq=26 icode= >,2bsq_E_A,3.0
190,4.322,SER, ,N,30.63,5.34,0.0,3.53,1.0,<Residue SER het=  resseq=27 icode= >,2bsq_E_A,3.0
191,11.137,SER, ,CA,31.22,4.15,2.283,3.42,1.0,<Residue SER het=  resseq=27 icode= >,2bsq_E_A,3.0
192,0.0,SER, ,C,31.28,4.20,0.0,3.65,1.0,<Residue SER het=  resseq=27 icode= >,2bsq_E_A,3.0
193,0.0,SER, ,O,31.36,5.05,0.0,1.86,1.0,<Residue SER het=  resseq=27 icode= >,2bsq_E_A,3.0
194,45.103,SER, ,CB,32.08,3.72,30.688,2.18,1.0,<Residue SER het=  resseq=27 icode= >,2bsq_E_A,3.0
195,3.686,SER, ,OG,32.7,3.34,3.686,1.30,1.0,<Residue SER het=  resseq=27 icode= >,2bsq_E_A,3.0
196,4.932,THR, ,N,31.36,3.38,4.043,2.16,1.0,<Residue THR het=  resseq=28 icode= >,2bsq_E_A,3.0
197,0.0,THR, ,CA,31.13,3.76,0.0,3.09,1.0,<Residue THR het=  resseq=28 icode= >,2bsq_E_A,3.0
198,0.0,THR, ,C,31.28,3.82,0.0,2.93,1.0,<Residue THR het=  resseq=28 icode= >,2bsq_E_A,3.0
199,0.0,THR, ,O,31.94,4.98,0.0,1.05,1.0,<Residue THR het=  resseq=28 icode= >,2bsq_E_A,3.0
200,14.572,THR, ,CB,30.65,3.58,10.528,2.94,1.0,<Residue THR het=  resseq=28 icode= >,2bsq_E_A,3.0
201,14.383,THR, ,OG1,30.2,3.46,7.867,2.28,1.0,<Residue THR het=  resseq=28 icode= >,2bsq_E_A,3.0
202,7.021,THR, ,CG2,29.63,4.88,6.156,1.22,1.0,<Residue THR het=  resseq=28 icode= >,2bsq_E_A,3.0
203,2.978,GLU, ,N,30.87,2.99,2.825,2.52,1.0,<Residue GLU het=  resseq=29 icode= >,2bsq_E_A,3.0
204,3.533,GLU, ,CA,31.04,3.87,3.452,3.69,1.0,<Residue GLU het=  resseq=29 icode= >,2bsq_E_A,3.0
205,0.0,GLU, ,C,30.28,5.10,0.0,4.11,1.0,<Residue GLU het=  resseq=29 icode= >,2bsq_E_A,3.0
206,0.0,GLU, ,O,30.33,6.21,0.0,1.97,1.0,<Residue GLU het=  resseq=29 icode= >,2bsq_E_A,3.0
207,11.333,GLU, ,CB,32.7,3.61,10.451,2.04,1.0,<Residue GLU het=  resseq=29 icode= >,2bsq_E_A,3.0
208,16.195,GLU, ,CG,34.68,4.84,16.195,1.55,1.0,<Residue GLU het=  resseq=29 icode= >,2bsq_E_A,3.0
209,12.901,GLU, ,CD,36.29,4.65,12.806,2.70,1.0,<Residue GLU het=  resseq=29 icode= >,2bsq_E_A,3.0
210,36.334,GLU, ,OE1,36.22,3.85,34.311,1.79,1.0,<Residue GLU het=  resseq=29 icode= >,2bsq_E_A,3.0
211,31.92,GLU, ,OE2,35.74,4.55,30.088,1.81,1.0,<Residue GLU het=  resseq=29 icode= >,2bsq_E_A,3.0
212,0.0,ALA, ,N,29.35,4.72,0.0,3.19,1.0,<Residue ALA het=  resseq=30 icode= >,2bsq_E_A,3.0
213,0.267,ALA, ,CA,28.41,4.72,0.0,4.06,1.0,<Residue ALA het=  resseq=30 icode= >,2bsq_E_A,3.0
214,0.0,ALA, ,C,28.75,6.18,0.0,4.35,1.0,<Residue ALA het=  resseq=30 icode= >,2bsq_E_A,3.0
215,2.839,ALA, ,O,29.33,6.87,0.0,1.84,1.0,<Residue ALA het=  resseq=30 icode= >,2bsq_E_A,3.0
216,25.752,ALA, ,CB,27.35,3.96,7.173,1.52,1.0,<Residue ALA het=  resseq=30 icode= >,2bsq_E_A,3.0
217,0.0,GLU, ,N,28.85,6.85,0.0,2.52,1.0,<Residue GLU het=  resseq=31 icode= >,2bsq_E_A,3.0
218,0.0,GLU, ,CA,28.65,8.03,0.0,3.12,1.0,<Residue GLU het=  resseq=31 icode= >,2bsq_E_A,3.0
219,0.0,GLU, ,C,28.32,8.55,0.0,3.65,1.0,<Residue GLU het=  resseq=31 icode= >,2bsq_E_A,3.0
220,0.0,GLU, ,O,27.7,9.78,0.0,2.27,1.0,<Residue GLU het=  resseq=31 icode= >,2bsq_E_A,3.0
221,0.0,GLU, ,CB,29.38,7.82,0.0,2.09,1.0,<Residue GLU het=  resseq=31 icode= >,2bsq_E_A,3.0
222,0.0,GLU, ,CG,30.95,9.18,0.0,2.15,1.0,<Residue GLU het=  resseq=31 icode= >,2bsq_E_A,3.0
223,0.0,GLU, ,CD,33.08,10.24,0.0,3.53,1.0,<Residue GLU het=  resseq=31 icode= >,2bsq_E_A,3.0
224,1.835,GLU, ,OE1,34.09,11.44,0.0,1.93,1.0,<Residue GLU het=  resseq=31 icode= >,2bsq_E_A,3.0
225,0.0,GLU, ,OE2,33.74,9.72,0.0,1.73,1.0,<Residue GLU het=  resseq=31 icode= >,2bsq_E_A,3.0
226,0.0,ILE, ,N,28.03,7.80,0.0,2.05,1.0,<Residue ILE het=  resseq=32 icode= >,2bsq_E_A,3.0
227,0.0,ILE, ,CA,27.61,8.58,0.0,2.88,1.0,<Residue ILE het=  resseq=32 icode= >,2bsq_E_A,3.0
228,0.0,ILE, ,C,28.43,9.48,0.0,2.75,1.0,<Residue ILE het=  resseq=32 icode= >,2bsq_E_A,3.0
229,0.0,ILE, ,O,28.89,10.71,0.0,1.18,1.0,<Residue ILE het=  resseq=32 icode= >,2bsq_E_A,3.0
230,2.3,ILE, ,CB,26.88,7.91,2.3,2.98,1.0,<Residue ILE het=  resseq=32 icode= >,2bsq_E_A,3.0
231,8.716,ILE, ,CG1,26.06,7.03,8.716,2.71,1.0,<Residue ILE het=  resseq=32 icode= >,2bsq_E_A,3.0
232,18.259,ILE, ,CG2,25.49,9.12,18.259,1.39,1.0,<Residue ILE het=  resseq=32 icode= >,2bsq_E_A,3.0
233,21.051,ILE, ,CD1,26.05,8.00,19.908,1.62,1.0,<Residue ILE het=  resseq=32 icode= >,2bsq_E_A,3.0
234,0.192,ARG, ,N,27.34,8.73,0.192,1.94,1.0,<Residue ARG het=  resseq=33 icode= >,2bsq_E_A,3.0
235,2.563,ARG, ,CA,26.04,8.79,2.563,3.55,1.0,<Residue ARG het=  resseq=33 icode= >,2bsq_E_A,3.0
236,0.459,ARG, ,C,26.13,9.76,0.0,4.34,1.0,<Residue ARG het=  resseq=33 icode= >,2bsq_E_A,3.0
237,0.0,ARG, ,O,26.36,10.78,0.0,1.99,1.0,<Residue ARG het=  resseq=33 icode= >,2bsq_E_A,3.0
238,5.402,ARG, ,CB,24.91,7.51,0.0,2.58,1.0,<Residue ARG het=  resseq=33 icode= >,2bsq_E_A,3.0
239,19.903,ARG, ,CG,24.6,6.93,19.903,2.61,1.0,<Residue ARG het=  resseq=33 icode= >,2bsq_E_A,3.0
240,33.528,ARG, ,CD,24.69,6.14,17.852,2.61,1.0,<Residue ARG het=  resseq=33 icode= >,2bsq_E_A,3.0
241,12.176,ARG, ,NE,26.36,4.78,0.28,2.58,1.0,<Residue ARG het=  resseq=33 icode= >,2bsq_E_A,3.0
242,4.519,ARG, ,CZ,27.32,3.77,3.617,4.28,1.0,<Residue ARG het=  resseq=33 icode= >,2bsq_E_A,3.0
243,23.529,ARG, ,NH1,27.98,4.29,23.318,1.96,1.0,<Residue ARG het=  resseq=33 icode= >,2bsq_E_A,3.0
244,30.659,ARG, ,NH2,27.55,2.56,24.612,2.20,1.0,<Residue ARG het=  resseq=33 icode= >,2bsq_E_A,3.0
245,0.12,LEU, ,N,26.35,9.49,0.0,2.92,1.0,<Residue LEU het=  resseq=34 icode= >,2bsq_E_A,3.0
246,2.021,LEU, ,CA,27.02,10.45,0.0,3.21,1.0,<Residue LEU het=  resseq=34 icode= >,2bsq_E_A,3.0
247,0.0,LEU, ,C,27.71,11.81,0.0,4.30,1.0,<Residue LEU het=  resseq=34 icode= >,2bsq_E_A,3.0
248,0.0,LEU, ,O,28.0,12.83,0.0,2.22,1.0,<Residue LEU het=  resseq=34 icode= >,2bsq_E_A,3.0
249,5.231,LEU, ,CB,27.14,10.03,0.0,1.94,1.0,<Residue LEU het=  resseq=34 icode= >,2bsq_E_A,3.0
250,2.293,LEU, ,CG,26.55,11.17,0.0,2.48,1.0,<Residue LEU het=  resseq=34 icode= >,2bsq_E_A,3.0
251,27.918,LEU, ,CD1,26.9,11.81,0.0,0.26,1.0,<Residue LEU het=  resseq=34 icode= >,2bsq_E_A,3.0
252,22.441,LEU, ,CD2,25.34,10.82,0.0,1.16,1.0,<Residue LEU het=  resseq=34 icode= >,2bsq_E_A,3.0
253,0.0,ILE, ,N,28.55,11.98,0.0,2.29,1.0,<Residue ILE het=  resseq=35 icode= >,2bsq_E_A,3.0
254,3.292,ILE, ,CA,29.62,13.38,0.0,2.33,1.0,<Residue ILE het=  resseq=35 icode= >,2bsq_E_A,3.0
255,0.0,ILE, ,C,29.07,14.05,0.0,3.32,1.0,<Residue ILE het=  resseq=35 icode= >,2bsq_E_A,3.0
256,2.447,ILE, ,O,29.44,15.26,1.356,1.42,1.0,<Residue ILE het=  resseq=35 icode= >,2bsq_E_A,3.0
257,12.145,ILE, ,CB,30.53,12.98,9.876,2.22,1.0,<Residue ILE het=  resseq=35 icode= >,2bsq_E_A,3.0
258,4.23,ILE, ,CG1,32.19,12.11,4.23,1.09,1.0,<Residue ILE het=  resseq=35 icode= >,2bsq_E_A,3.0
259,6.15,ILE, ,CG2,31.34,12.35,3.648,0.94,1.0,<Residue ILE het=  resseq=35 icode= >,2bsq_E_A,3.0
260,18.342,ILE, ,CD1,34.22,11.43,18.342,0.17,1.0,<Residue ILE het=  resseq=35 icode= >,2bsq_E_A,3.0
261,0.0,LEU, ,N,28.93,13.33,0.0,2.11,1.0,<Residue LEU het=  resseq=36 icode= >,2bsq_E_A,3.0
262,0.0,LEU, ,CA,28.6,13.94,0.0,4.27,1.0,<Residue LEU het=  resseq=36 icode= >,2bsq_E_A,3.0
263,0.455,LEU, ,C,29.94,14.35,0.455,3.95,1.0,<Residue LEU het=  resseq=36 icode= >,2bsq_E_A,3.0
264,0.427,LEU, ,O,30.2,15.21,0.427,1.74,1.0,<Residue LEU het=  resseq=36 icode= >,2bsq_E_A,3.0
265,6.17,LEU, ,CB,26.05,12.98,6.17,2.91,1.0,<Residue LEU het=  resseq=36 icode= >,2bsq_E_A,3.0
266,13.407,LEU, ,CG,24.58,12.38,13.407,2.75,1.0,<Residue LEU het=  resseq=36 icode= >,2bsq_E_A,3.0
267,30.538,LEU, ,CD1,23.98,12.56,30.538,1.67,1.0,<Residue LEU het=  resseq=36 icode= >,2bsq_E_A,3.0
268,38.666,LEU, ,CD2,24.02,11.80,36.463,1.52,1.0,<Residue LEU het=  resseq=36 icode= >,2bsq_E_A,3.0
269,0.347,ASP, ,N,31.75,13.46,0.347,2.60,1.0,<Residue ASP het=  resseq=37 icode= >,2bsq_E_A,3.0
270,2.197,ASP, ,CA,33.8,13.94,2.197,2.62,1.0,<Residue ASP het=  resseq=37 icode= >,2bsq_E_A,3.0
271,0.466,ASP, ,C,34.12,15.03,0.0,4.07,1.0,<Residue ASP het=  resseq=37 icode= >,2bsq_E_A,3.0
272,2.283,ASP, ,O,34.15,16.03,0.0,1.90,1.0,<Residue ASP het=  resseq=37 icode= >,2bsq_E_A,3.0
273,10.352,ASP, ,CB,36.02,12.81,0.0,1.58,1.0,<Residue ASP het=  resseq=37 icode= >,2bsq_E_A,3.0
274,11.76,ASP, ,CG,39.85,12.43,4.036,1.68,1.0,<Residue ASP het=  resseq=37 icode= >,2bsq_E_A,3.0
275,36.992,ASP, ,OD1,42.75,13.31,16.439,0.41,1.0,<Residue ASP het=  resseq=37 icode= >,2bsq_E_A,3.0
276,25.393,ASP, ,OD2,40.9,11.32,18.578,1.33,1.0,<Residue ASP het=  resseq=37 icode= >,2bsq_E_A,3.0
277,0.0,ASN, ,N,35.08,14.97,0.0,2.25,1.0,<Residue ASN het=  resseq=38 icode= >,2bsq_E_A,3.0
278,0.0,ASN, ,CA,35.66,16.10,0.0,2.87,1.0,<Residue ASN het=  resseq=38 icode= >,2bsq_E_A,3.0
279,1.191,ASN, ,C,35.51,17.42,0.0,4.16,1.0,<Residue ASN het=  resseq=38 icode= >,2bsq_E_A,3.0
280,5.884,ASN, ,O,35.85,18.43,0.0,2.12,1.0,<Residue ASN het=  resseq=38 icode= >,2bsq_E_A,3.0
281,16.978,ASN, ,CB,36.45,15.90,0.0,1.51,1.0,<Residue ASN het=  resseq=38 icode= >,2bsq_E_A,3.0
282,5.381,ASN, ,CG,37.45,15.22,0.0,2.99,1.0,<Residue ASN het=  resseq=38 icode= >,2bsq_E_A,3.0
283,18.454,ASN, ,OD1,38.69,14.62,0.0,1.37,1.0,<Residue ASN het=  resseq=38 icode= >,2bsq_E_A,3.0
284,22.133,ASN, ,ND2,37.8,15.47,0.0,1.50,1.0,<Residue ASN het=  resseq=38 icode= >,2bsq_E_A,3.0
285,0.0,ILE, ,N,34.98,17.45,0.0,2.79,1.0,<Residue ILE het=  resseq=39 icode= >,2bsq_E_A,3.0
286,2.631,ILE, ,CA,35.02,17.06,0.0,2.89,1.0,<Residue ILE het=  resseq=39 icode= >,2bsq_E_A,3.0
287,0.0,ILE, ,C,35.39,16.55,0.0,3.01,1.0,<Residue ILE het=  resseq=39 icode= >,2bsq_E_A,3.0
288,0.771,ILE, ,O,35.08,16.83,0.082,1.53,1.0,<Residue ILE het=  resseq=39 icode= >,2bsq_E_A,3.0
289,10.453,ILE, ,CB,34.93,16.08,3.841,2.77,1.0,<Residue ILE het=  resseq=39 icode= >,2bsq_E_A,3.0
290,3.185,ILE, ,CG1,34.89,14.69,3.185,1.50,1.0,<Residue ILE het=  resseq=39 icode= >,2bsq_E_A,3.0
291,39.494,ILE, ,CG2,34.64,16.64,5.075,1.23,1.0,<Residue ILE het=  resseq=39 icode= >,2bsq_E_A,3.0
292,49.399,ILE, ,CD1,36.38,13.74,48.076,0.41,1.0,<Residue ILE het=  resseq=39 icode= >,2bsq_E_A,3.0
293,0.0,ALA, ,N,35.83,15.96,0.0,2.16,1.0,<Residue ALA het=  resseq=40 icode= >,2bsq_E_A,3.0
294,4.91,ALA, ,CA,35.96,15.60,4.91,2.97,1.0,<Residue ALA het=  resseq=40 icode= >,2bsq_E_A,3.0
295,1.6,ALA, ,C,36.29,16.90,0.132,3.89,1.0,<Residue ALA het=  resseq=40 icode= >,2bsq_E_A,3.0
296,2.623,ALA, ,O,36.28,17.02,1.958,1.35,1.0,<Residue ALA het=  resseq=40 icode= >,2bsq_E_A,3.0
297,44.246,ALA, ,CB,35.39,15.09,38.505,1.08,1.0,<Residue ALA het=  resseq=40 icode= >,2bsq_E_A,3.0
298,0.572,LYS, ,N,37.03,17.96,0.0,2.62,1.0,<Residue LYS het=  resseq=41 icode= >,2bsq_E_A,3.0
299,4.918,LYS, ,CA,38.26,19.27,0.0,3.03,1.0,<Residue LYS het=  resseq=41 icode= >,2bsq_E_A,3.0
300,0.031,LYS, ,C,38.19,19.79,0.0,3.43,1.0,<Residue LYS het=  resseq=41 icode= >,2bsq_E_A,3.0
301,7.443,LYS, ,O,38.43,20.69,0.0,2.03,1.0,<Residue LYS het=  resseq=41 icode= >,2bsq_E_A,3.0
302,4.402,LYS, ,CB,39.94,18.96,0.0,1.34,1.0,<Residue LYS het=  resseq=41 icode= >,2bsq_E_A,3.0
303,26.179,LYS, ,CG,42.07,19.57,0.0,0.55,1.0,<Residue LYS het=  resseq=41 icode= >,2bsq_E_A,3.0
304,36.873,LYS, ,CD,44.39,19.92,0.0,0.38,1.0,<Residue LYS het=  resseq=41 icode= >,2bsq_E_A,3.0
305,30.553,LYS, ,CE,45.61,18.87,0.0,0.21,1.0,<Residue LYS het=  resseq=41 icode= >,2bsq_E_A,3.0
306,30.147,LYS, ,NZ,45.97,17.50,0.0,-0.01,1.0,<Residue LYS het=  resseq=41 icode= >,2bsq_E_A,3.0
307,0.0,ALA, ,N,38.17,1000.00,0.0,2.76,1.0,<Residue ALA het=  resseq=42 icode= >,2bsq_E_A,3.0
308,11.526,ALA, ,CA,38.5,1000.00,0.0,2.97,1.0,<Residue ALA het=  resseq=42 icode= >,2bsq_E_A,3.0
309,1.424,ALA, ,C,39.46,1000.00,0.0,3.40,1.0,<Residue ALA het=  resseq=42 icode= >,2bsq_E_A,3.0
310,19.969,ALA, ,O,39.32,1000.00,0.0,1.93,1.0,<Residue ALA het=  resseq=42 icode= >,2bsq_E_A,3.0
311,44.31,ALA, ,CB,37.87,1000.00,0.0,0.93,1.0,<Residue ALA het=  resseq=42 icode= >,2bsq_E_A,3.0
312,0.0,GLN, ,N,40.39,18.04,0.0,2.74,1.0,<Residue GLN het=  resseq=43 icode= >,2bsq_E_A,3.0
313,4.093,GLN, ,CA,41.46,17.57,0.0,3.40,1.0,<Residue GLN het=  resseq=43 icode= >,2bsq_E_A,3.0
314,0.457,GLN, ,C,42.26,18.31,0.457,3.38,1.0,<Residue GLN het=  resseq=43 icode= >,2bsq_E_A,3.0
315,15.047,GLN, ,O,42.82,18.60,12.929,1.99,1.0,<Residue GLN het=  resseq=43 icode= >,2bsq_E_A,3.0
316,15.152,GLN, ,CB,41.56,16.05,15.152,2.15,1.0,<Residue GLN het=  resseq=43 icode= >,2bsq_E_A,3.0
317,20.087,GLN, ,CG,42.65,15.22,19.815,1.38,1.0,<Residue GLN het=  resseq=43 icode= >,2bsq_E_A,3.0
318,6.765,GLN, ,CD,43.31,15.34,5.426,2.12,1.0,<Residue GLN het=  resseq=43 icode= >,2bsq_E_A,3.0
319,37.736,GLN, ,OE1,43.24,15.01,32.826,1.91,1.0,<Residue GLN het=  resseq=43 icode= >,2bsq_E_A,3.0
320,54.601,GLN, ,NE2,44.01,15.97,22.05,0.87,1.0,<Residue GLN het=  resseq=43 icode= >,2bsq_E_A,3.0
321,0.0,GLN, ,N,43.02,1000.00,0.0,1.94,1.0,<Residue GLN het=  resseq=44 icode= >,2bsq_E_A,3.0
322,1.21,GLN, ,CA,44.14,1000.00,1.078,2.87,1.0,<Residue GLN het=  resseq=44 icode= >,2bsq_E_A,3.0
323,0.0,GLN, ,C,44.43,1000.00,0.0,2.86,1.0,<Residue GLN het=  resseq=44 icode= >,2bsq_E_A,3.0
324,15.937,GLN, ,O,45.17,1000.00,0.0,1.79,1.0,<Residue GLN het=  resseq=44 icode= >,2bsq_E_A,3.0
325,2.562,GLN, ,CB,44.94,1000.00,0.0,0.97,1.0,<Residue GLN het=  resseq=44 icode= >,2bsq_E_A,3.0
326,12.443,GLN, ,CG,45.06,1000.00,0.0,1.64,1.0,<Residue GLN het=  resseq=44 icode= >,2bsq_E_A,3.0
327,5.364,GLN, ,CD,44.92,1000.00,0.151,2.92,1.0,<Residue GLN het=  resseq=44 icode= >,2bsq_E_A,3.0
328,18.073,GLN, ,OE1,45.1,1000.00,16.954,2.21,1.0,<Residue GLN het=  resseq=44 icode= >,2bsq_E_A,3.0
329,38.694,GLN, ,NE2,44.98,1000.00,30.681,1.22,1.0,<Residue GLN het=  resseq=44 icode= >,2bsq_E_A,3.0
330,2.024,THR, ,N,44.21,1000.00,0.0,2.19,1.0,<Residue THR het=  resseq=45 icode= >,2bsq_E_A,3.0
331,8.0,THR, ,CA,44.11,1000.00,0.0,2.82,1.0,<Residue THR het=  resseq=45 icode= >,2bsq_E_A,3.0
332,0.251,THR, ,C,43.81,1000.00,0.0,3.16,1.0,<Residue THR het=  resseq=45 icode= >,2bsq_E_A,3.0
333,20.111,THR, ,O,43.96,1000.00,0.0,2.05,1.0,<Residue THR het=  resseq=45 icode= >,2bsq_E_A,3.0
334,10.801,THR, ,CB,44.51,1000.00,10.581,1.87,1.0,<Residue THR het=  resseq=45 icode= >,2bsq_E_A,3.0
335,25.229,THR, ,OG1,44.72,1000.00,4.565,1.21,1.0,<Residue THR het=  resseq=45 icode= >,2bsq_E_A,3.0
336,52.633,THR, ,CG2,44.85,1000.00,1.354,0.24,1.0,<Residue THR het=  resseq=45 icode= >,2bsq_E_A,3.0
337,0.64,VAL, ,N,43.7,1000.00,0.339,1.41,1.0,<Residue VAL het=  resseq=46 icode= >,2bsq_E_A,3.0
338,5.211,VAL, ,CA,42.93,1000.00,0.0,2.31,1.0,<Residue VAL het=  resseq=46 icode= >,2bsq_E_A,3.0
339,0.0,VAL, ,C,42.27,1000.00,0.0,3.78,1.0,<Residue VAL het=  resseq=46 icode= >,2bsq_E_A,3.0
340,12.028,VAL, ,O,41.0,1000.00,10.7,2.66,1.0,<Residue VAL het=  resseq=46 icode= >,2bsq_E_A,3.0
341,1.602,VAL, ,CB,42.45,1000.00,1.27,1.99,1.0,<Residue VAL het=  resseq=46 icode= >,2bsq_E_A,3.0
342,44.276,VAL, ,CG1,42.27,1000.00,8.967,0.90,1.0,<Residue VAL het=  resseq=46 icode= >,2bsq_E_A,3.0
343,42.621,VAL, ,CG2,41.86,1000.00,41.965,0.78,1.0,<Residue VAL het=  resseq=46 icode= >,2bsq_E_A,3.0
344,5.494,ARG, ,N,42.12,1000.00,0.0,2.89,1.0,<Residue ARG het=  resseq=47 icode= >,2bsq_E_A,3.0
345,3.013,ARG, ,CA,43.2,1000.00,3.013,2.96,1.0,<Residue ARG het=  resseq=47 icode= >,2bsq_E_A,3.0
346,0.0,ARG, ,C,42.47,1000.00,0.0,3.14,1.0,<Residue ARG het=  resseq=47 icode= >,2bsq_E_A,3.0
347,1.077,ARG, ,O,42.7,1000.00,0.0,1.68,1.0,<Residue ARG het=  resseq=47 icode= >,2bsq_E_A,3.0
348,9.204,ARG, ,CB,45.23,1000.00,4.489,0.82,1.0,<Residue ARG het=  resseq=47 icode= >,2bsq_E_A,3.0
349,11.736,ARG, ,CG,47.57,1000.00,0.0,0.79,1.0,<Residue ARG het=  resseq=47 icode= >,2bsq_E_A,3.0
350,21.153,ARG, ,CD,49.33,1000.00,5.843,1.58,1.0,<Residue ARG het=  resseq=47 icode= >,2bsq_E_A,3.0
351,8.026,ARG, ,NE,51.95,1000.00,0.0,0.78,1.0,<Residue ARG het=  resseq=47 icode= >,2bsq_E_A,3.0
352,6.261,ARG, ,CZ,52.86,1000.00,1.825,1.10,1.0,<Residue ARG het=  resseq=47 icode= >,2bsq_E_A,3.0
353,49.972,ARG, ,NH1,52.67,1000.00,10.648,0.78,1.0,<Residue ARG het=  resseq=47 icode= >,2bsq_E_A,3.0
354,39.164,ARG, ,NH2,52.87,1000.00,1.989,0.90,1.0,<Residue ARG het=  resseq=47 icode= >,2bsq_E_A,3.0
355,4.478,LEU, ,N,41.39,1000.00,4.27,2.04,1.0,<Residue LEU het=  resseq=48 icode= >,2bsq_E_A,3.0
356,0.062,LEU, ,CA,40.22,1000.00,0.0,2.75,1.0,<Residue LEU het=  resseq=48 icode= >,2bsq_E_A,3.0
357,0.0,LEU, ,C,39.92,1000.00,0.0,3.76,1.0,<Residue LEU het=  resseq=48 icode= >,2bsq_E_A,3.0
358,0.0,LEU, ,O,39.68,1000.00,0.0,1.94,1.0,<Residue LEU het=  resseq=48 icode= >,2bsq_E_A,3.0
359,20.353,LEU, ,CB,39.8,1000.00,18.135,2.01,1.0,<Residue LEU het=  resseq=48 icode= >,2bsq_E_A,3.0
360,0.569,LEU, ,CG,40.74,1000.00,0.569,2.29,1.0,<Residue LEU het=  resseq=48 icode= >,2bsq_E_A,3.0
361,31.484,LEU, ,CD1,39.65,1000.00,31.484,1.33,1.0,<Residue LEU het=  resseq=48 icode= >,2bsq_E_A,3.0
362,61.675,LEU, ,CD2,40.57,1000.00,61.675,0.88,1.0,<Residue LEU het=  resseq=48 icode= >,2bsq_E_A,3.0
363,8.815,GLY, ,N,39.85,1000.00,8.815,2.17,1.0,<Residue GLY het=  resseq=49 icode= >,2bsq_E_A,3.0
364,38.845,GLY, ,CA,39.74,1000.00,38.845,2.32,1.0,<Residue GLY het=  resseq=49 icode= >,2bsq_E_A,3.0
365,3.751,GLY, ,C,39.8,1000.00,3.751,3.15,1.0,<Residue GLY het=  resseq=49 icode= >,2bsq_E_A,3.0
366,2.648,GLY, ,O,39.48,1000.00,2.648,1.64,1.0,<Residue GLY het=  resseq=49 icode= >,2bsq_E_A,3.0
367,4.632,SER, ,N,40.43,1000.00,4.632,2.72,1.0,<Residue SER het=  resseq=50 icode= >,2bsq_E_A,3.0
368,4.582,SER, ,CA,41.15,1000.00,2.814,3.05,1.0,<Residue SER het=  resseq=50 icode= >,2bsq_E_A,3.0
369,1.879,SER, ,C,41.52,1000.00,0.0,4.06,1.0,<Residue SER het=  resseq=50 icode= >,2bsq_E_A,3.0
370,1.618,SER, ,O,41.74,1000.00,0.0,2.06,1.0,<Residue SER het=  resseq=50 icode= >,2bsq_E_A,3.0
371,26.506,SER, ,CB,41.38,1000.00,0.0,2.14,1.0,<Residue SER het=  resseq=50 icode= >,2bsq_E_A,3.0
372,14.895,SER, ,OG,42.26,1000.00,8.403,1.48,1.0,<Residue SER het=  resseq=50 icode= >,2bsq_E_A,3.0
373,0.534,MET, ,N,42.11,1000.00,0.0,2.72,1.0,<Residue MET het=  resseq=51 icode= >,2bsq_E_A,3.0
374,5.606,MET, ,CA,42.36,1000.00,0.0,3.09,1.0,<Residue MET het=  resseq=51 icode= >,2bsq_E_A,3.0
375,0.0,MET, ,C,41.51,1000.00,0.0,3.80,1.0,<Residue MET het=  resseq=51 icode= >,2bsq_E_A,3.0
376,0.0,MET, ,O,41.15,1000.00,0.0,2.84,1.0,<Residue MET het=  resseq=51 icode= >,2bsq_E_A,3.0
377,0.07,MET, ,CB,44.34,1000.00,0.0,1.75,1.0,<Residue MET het=  resseq=51 icode= >,2bsq_E_A,3.0
378,22.057,MET, ,CG,47.55,1000.00,3.894,2.14,1.0,<Residue MET het=  resseq=51 icode= >,2bsq_E_A,3.0
379,28.348,MET, ,SD,52.87,1000.00,4.301,1.65,1.0,<Residue MET het=  resseq=51 icode= >,2bsq_E_A,3.0
380,34.153,MET, ,CE,50.95,1000.00,34.016,0.99,1.0,<Residue MET het=  resseq=51 icode= >,2bsq_E_A,3.0
381,0.0,LEU, ,N,40.46,1000.00,0.0,2.70,1.0,<Residue LEU het=  resseq=52 icode= >,2bsq_E_A,3.0
382,0.0,LEU, ,CA,39.86,1000.00,0.0,3.16,1.0,<Residue LEU het=  resseq=52 icode= >,2bsq_E_A,3.0
383,1.107,LEU, ,C,39.86,1000.00,1.107,4.16,1.0,<Residue LEU het=  resseq=52 icode= >,2bsq_E_A,3.0
384,5.248,LEU, ,O,39.24,1000.00,5.248,2.52,1.0,<Residue LEU het=  resseq=52 icode= >,2bsq_E_A,3.0
385,16.01,LEU, ,CB,39.02,1000.00,16.01,1.75,1.0,<Residue LEU het=  resseq=52 icode= >,2bsq_E_A,3.0
386,0.0,LEU, ,CG,38.58,1000.00,0.0,2.25,1.0,<Residue LEU het=  resseq=52 icode= >,2bsq_E_A,3.0
387,38.93,LEU, ,CD1,37.16,1000.00,38.93,1.43,1.0,<Residue LEU het=  resseq=52 icode= >,2bsq_E_A,3.0
388,40.742,LEU, ,CD2,37.81,1000.00,40.742,1.07,1.0,<Residue LEU het=  resseq=52 icode= >,2bsq_E_A,3.0
389,0.745,ALA, ,N,40.05,1000.00,0.745,2.72,1.0,<Residue ALA het=  resseq=53 icode= >,2bsq_E_A,3.0
390,11.7,ALA, ,CA,40.13,1000.00,11.46,3.14,1.0,<Residue ALA het=  resseq=53 icode= >,2bsq_E_A,3.0
391,0.0,ALA, ,C,40.33,1000.00,0.0,3.74,1.0,<Residue ALA het=  resseq=53 icode= >,2bsq_E_A,3.0
392,2.04,ALA, ,O,40.65,1000.00,0.405,1.65,1.0,<Residue ALA het=  resseq=53 icode= >,2bsq_E_A,3.0
393,37.919,ALA, ,CB,39.69,1000.00,21.778,1.21,1.0,<Residue ALA het=  resseq=53 icode= >,2bsq_E_A,3.0
394,0.0,SER, ,N,40.69,1000.00,0.0,2.81,1.0,<Residue SER het=  resseq=54 icode= >,2bsq_E_A,3.0
395,0.0,SER, ,CA,41.13,1000.00,0.0,3.53,1.0,<Residue SER het=  resseq=54 icode= >,2bsq_E_A,3.0
396,1.003,SER, ,C,41.07,1000.00,0.0,4.27,1.0,<Residue SER het=  resseq=54 icode= >,2bsq_E_A,3.0
397,0.047,SER, ,O,40.14,1000.00,0.0,2.53,1.0,<Residue SER het=  resseq=54 icode= >,2bsq_E_A,3.0
398,27.846,SER, ,CB,41.88,1000.00,0.0,1.66,1.0,<Residue SER het=  resseq=54 icode= >,2bsq_E_A,3.0
399,21.083,SER, ,OG,43.47,1000.00,0.0,0.86,1.0,<Residue SER het=  resseq=54 icode= >,2bsq_E_A,3.0
400,0.006,ILE, ,N,41.9,1000.00,0.0,2.61,1.0,<Residue ILE het=  resseq=55 icode= >,2bsq_E_A,3.0
401,0.787,ILE, ,CA,42.88,1000.00,0.0,3.04,1.0,<Residue ILE het=  resseq=55 icode= >,2bsq_E_A,3.0
402,0.0,ILE, ,C,43.48,1000.00,0.0,3.48,1.0,<Residue ILE het=  resseq=55 icode= >,2bsq_E_A,3.0
403,0.0,ILE, ,O,44.01,1000.00,0.0,1.41,1.0,<Residue ILE het=  resseq=55 icode= >,2bsq_E_A,3.0
404,0.672,ILE, ,CB,43.11,1000.00,0.672,1.60,1.0,<Residue ILE het=  resseq=55 icode= >,2bsq_E_A,3.0
405,2.511,ILE, ,CG1,43.41,1000.00,2.511,1.69,1.0,<Residue ILE het=  resseq=55 icode= >,2bsq_E_A,3.0
406,37.208,ILE, ,CG2,42.58,1000.00,37.208,0.59,1.0,<Residue ILE het=  resseq=55 icode= >,2bsq_E_A,3.0
407,45.542,ILE, ,CD1,44.65,1000.00,35.88,0.35,1.0,<Residue ILE het=  resseq=55 icode= >,2bsq_E_A,3.0
408,0.284,GLY, ,N,43.87,1000.00,0.284,2.59,1.0,<Residue GLY het=  resseq=56 icode= >,2bsq_E_A,3.0
409,19.433,GLY, ,CA,44.0,1000.00,19.065,2.84,1.0,<Residue GLY het=  resseq=56 icode= >,2bsq_E_A,3.0
410,2.299,GLY, ,C,44.2,1000.00,0.494,3.74,1.0,<Residue GLY het=  resseq=56 icode= >,2bsq_E_A,3.0
411,0.0,GLY, ,O,43.84,1000.00,0.0,1.88,1.0,<Residue GLY het=  resseq=56 icode= >,2bsq_E_A,3.0
412,1.949,GLN, ,N,45.06,1000.00,0.0,2.32,1.0,<Residue GLN het=  resseq=57 icode= >,2bsq_E_A,3.0
413,8.988,GLN, ,CA,45.78,1000.00,0.0,3.12,1.0,<Residue GLN het=  resseq=57 icode= >,2bsq_E_A,3.0
414,1.373,GLN, ,C,44.94,1000.00,0.0,3.76,1.0,<Residue GLN het=  resseq=57 icode= >,2bsq_E_A,3.0
415,17.262,GLN, ,O,44.59,1000.00,0.0,2.05,1.0,<Residue GLN het=  resseq=57 icode= >,2bsq_E_A,3.0
416,28.748,GLN, ,CB,47.5,1000.00,0.0,1.94,1.0,<Residue GLN het=  resseq=57 icode= >,2bsq_E_A,3.0
417,8.177,GLN, ,CG,51.79,1000.00,0.0,0.22,1.0,<Residue GLN het=  resseq=57 icode= >,2bsq_E_A,3.0
418,3.167,GLN, ,CD,53.86,1000.00,0.0,1.09,1.0,<Residue GLN het=  resseq=57 icode= >,2bsq_E_A,3.0
419,19.371,GLN, ,OE1,54.58,1000.00,0.0,1.09,1.0,<Residue GLN het=  resseq=57 icode= >,2bsq_E_A,3.0
420,45.818,GLN, ,NE2,53.57,1000.00,0.0,1.20,1.0,<Residue GLN het=  resseq=57 icode= >,2bsq_E_A,3.0
421,0.0,GLU, ,N,44.84,1000.00,0.0,2.96,1.0,<Residue GLU het=  resseq=58 icode= >,2bsq_E_A,3.0
422,12.268,GLU, ,CA,44.68,1000.00,0.0,3.17,1.0,<Residue GLU het=  resseq=58 icode= >,2bsq_E_A,3.0
423,0.0,GLU, ,C,43.96,1000.00,0.0,3.50,1.0,<Residue GLU het=  resseq=58 icode= >,2bsq_E_A,3.0
424,26.026,GLU, ,O,43.99,1000.00,0.0,1.68,1.0,<Residue GLU het=  resseq=58 icode= >,2bsq_E_A,3.0
425,11.305,GLU, ,CB,45.25,1000.00,0.0,1.87,1.0,<Residue GLU het=  resseq=58 icode= >,2bsq_E_A,3.0
426,13.513,GLU, ,CG,47.59,1000.00,3.858,1.30,1.0,<Residue GLU het=  resseq=58 icode= >,2bsq_E_A,3.0
427,14.513,GLU, ,CD,49.57,1000.00,8.294,2.52,1.0,<Residue GLU het=  resseq=58 icode= >,2bsq_E_A,3.0
428,26.497,GLU, ,OE1,49.29,1000.00,20.659,1.38,1.0,<Residue GLU het=  resseq=58 icode= >,2bsq_E_A,3.0
429,41.906,GLU, ,OE2,49.96,1000.00,14.452,1.86,1.0,<Residue GLU het=  resseq=58 icode= >,2bsq_E_A,3.0
430,0.0,ILE, ,N,43.28,1000.00,0.0,2.32,1.0,<Residue ILE het=  resseq=59 icode= >,2bsq_E_A,3.0
431,6.768,ILE, ,CA,42.26,1000.00,0.213,2.79,1.0,<Residue ILE het=  resseq=59 icode= >,2bsq_E_A,3.0
432,4.201,ILE, ,C,42.44,1000.00,0.0,3.47,1.0,<Residue ILE het=  resseq=59 icode= >,2bsq_E_A,3.0
433,21.133,ILE, ,O,42.97,1000.00,13.345,1.63,1.0,<Residue ILE het=  resseq=59 icode= >,2bsq_E_A,3.0
434,7.525,ILE, ,CB,41.33,1000.00,7.52,2.83,1.0,<Residue ILE het=  resseq=59 icode= >,2bsq_E_A,3.0
435,0.0,ILE, ,CG1,40.47,1000.00,0.0,2.30,1.0,<Residue ILE het=  resseq=59 icode= >,2bsq_E_A,3.0
436,36.728,ILE, ,CG2,40.98,1000.00,34.856,1.01,1.0,<Residue ILE het=  resseq=59 icode= >,2bsq_E_A,3.0
437,14.409,ILE, ,CD1,40.34,1000.00,14.409,1.41,1.0,<Residue ILE het=  resseq=59 icode= >,2bsq_E_A,3.0
438,1.361,GLY, ,N,42.23,1000.00,0.0,2.65,1.0,<Residue GLY het=  resseq=60 icode= >,2bsq_E_A,3.0
439,35.598,GLY, ,CA,42.28,1000.00,0.072,2.41,1.0,<Residue GLY het=  resseq=60 icode= >,2bsq_E_A,3.0
440,4.668,GLY, ,C,42.85,1000.00,0.688,3.22,1.0,<Residue GLY het=  resseq=60 icode= >,2bsq_E_A,3.0
441,29.708,GLY, ,O,42.9,1000.00,9.585,1.83,1.0,<Residue GLY het=  resseq=60 icode= >,2bsq_E_A,3.0
442,0.377,GLY, ,N,43.8,1000.00,0.0,2.24,1.0,<Residue GLY het=  resseq=61 icode= >,2bsq_E_A,3.0
443,22.685,GLY, ,CA,44.91,1000.00,21.558,1.79,1.0,<Residue GLY het=  resseq=61 icode= >,2bsq_E_A,3.0
444,3.781,GLY, ,C,45.27,1000.00,3.781,3.08,1.0,<Residue GLY het=  resseq=61 icode= >,2bsq_E_A,3.0
445,19.195,GLY, ,O,45.67,1000.00,15.11,1.78,1.0,<Residue GLY het=  resseq=61 icode= >,2bsq_E_A,3.0
446,1.781,VAL, ,N,45.42,1000.00,1.781,2.81,1.0,<Residue VAL het=  resseq=62 icode= >,2bsq_E_A,3.0
447,5.089,VAL, ,CA,45.85,1000.00,1.827,3.56,1.0,<Residue VAL het=  resseq=62 icode= >,2bsq_E_A,3.0
448,0.035,VAL, ,C,46.64,1000.00,0.035,3.63,1.0,<Residue VAL het=  resseq=62 icode= >,2bsq_E_A,3.0
449,19.024,VAL, ,O,46.63,1000.00,18.94,1.60,1.0,<Residue VAL het=  resseq=62 icode= >,2bsq_E_A,3.0
450,1.351,VAL, ,CB,45.7,1000.00,1.328,2.53,1.0,<Residue VAL het=  resseq=62 icode= >,2bsq_E_A,3.0
451,36.594,VAL, ,CG1,46.76,1000.00,35.821,0.30,1.0,<Residue VAL het=  resseq=62 icode= >,2bsq_E_A,3.0
452,28.841,VAL, ,CG2,44.99,1000.00,28.007,1.04,1.0,<Residue VAL het=  resseq=62 icode= >,2bsq_E_A,3.0
453,5.231,GLU, ,N,47.64,1000.00,1.331,2.58,1.0,<Residue GLU het=  resseq=63 icode= >,2bsq_E_A,3.0
454,2.66,GLU, ,CA,48.55,1000.00,1.992,2.59,1.0,<Residue GLU het=  resseq=63 icode= >,2bsq_E_A,3.0
455,0.599,GLU, ,C,48.76,1000.00,0.599,3.08,1.0,<Residue GLU het=  resseq=63 icode= >,2bsq_E_A,3.0
456,22.124,GLU, ,O,49.17,1000.00,6.711,1.70,1.0,<Residue GLU het=  resseq=63 icode= >,2bsq_E_A,3.0
457,23.551,GLU, ,CB,48.96,1000.00,0.0,1.32,1.0,<Residue GLU het=  resseq=63 icode= >,2bsq_E_A,3.0
458,30.706,GLU, ,CG,49.54,1000.00,10.771,1.56,1.0,<Residue GLU het=  resseq=63 icode= >,2bsq_E_A,3.0
459,11.548,GLU, ,CD,50.22,1000.00,4.564,2.65,1.0,<Residue GLU het=  resseq=63 icode= >,2bsq_E_A,3.0
460,30.657,GLU, ,OE1,50.0,1000.00,15.501,1.62,1.0,<Residue GLU het=  resseq=63 icode= >,2bsq_E_A,3.0
461,41.783,GLU, ,OE2,50.36,1000.00,30.526,1.02,1.0,<Residue GLU het=  resseq=63 icode= >,2bsq_E_A,3.0
462,4.535,LEU, ,N,49.01,1000.00,0.034,2.94,1.0,<Residue LEU het=  resseq=64 icode= >,2bsq_E_A,3.0
463,3.459,LEU, ,CA,50.21,1000.00,3.228,3.16,1.0,<Residue LEU het=  resseq=64 icode= >,2bsq_E_A,3.0
464,0.0,LEU, ,C,51.7,1000.00,0.0,2.75,1.0,<Residue LEU het=  resseq=64 icode= >,2bsq_E_A,3.0
465,19.796,LEU, ,O,51.73,1000.00,0.0,1.69,1.0,<Residue LEU het=  resseq=64 icode= >,2bsq_E_A,3.0
466,17.039,LEU, ,CB,49.59,1000.00,9.166,1.72,1.0,<Residue LEU het=  resseq=64 icode= >,2bsq_E_A,3.0
467,4.119,LEU, ,CG,49.24,1000.00,2.389,2.71,1.0,<Residue LEU het=  resseq=64 icode= >,2bsq_E_A,3.0
468,66.111,LEU, ,CD1,48.77,1000.00,63.64,1.32,1.0,<Residue LEU het=  resseq=64 icode= >,2bsq_E_A,3.0
469,37.622,LEU, ,CD2,48.59,1000.00,37.622,2.00,1.0,<Residue LEU het=  resseq=64 icode= >,2bsq_E_A,3.0
470,8.787,GLU, ,N,53.3,1000.00,4.891,2.35,1.0,<Residue GLU het=  resseq=65 icode= >,2bsq_E_A,3.0
471,10.292,GLU, ,CA,54.79,1000.00,0.0,2.76,1.0,<Residue GLU het=  resseq=65 icode= >,2bsq_E_A,3.0
472,0.0,GLU, ,C,55.66,1000.00,0.0,3.36,1.0,<Residue GLU het=  resseq=65 icode= >,2bsq_E_A,3.0
473,10.283,GLU, ,O,55.26,1000.00,2.03,1.70,1.0,<Residue GLU het=  resseq=65 icode= >,2bsq_E_A,3.0
474,18.963,GLU, ,CB,55.38,1000.00,8.51,1.60,1.0,<Residue GLU het=  resseq=65 icode= >,2bsq_E_A,3.0
475,16.024,GLU, ,CG,55.89,1000.00,0.0,1.19,1.0,<Residue GLU het=  resseq=65 icode= >,2bsq_E_A,3.0
476,9.928,GLU, ,CD,56.48,1000.00,1.76,2.42,1.0,<Residue GLU het=  resseq=65 icode= >,2bsq_E_A,3.0
477,35.227,GLU, ,OE1,56.84,1000.00,0.677,1.80,1.0,<Residue GLU het=  resseq=65 icode= >,2bsq_E_A,3.0
478,35.871,GLU, ,OE2,56.62,1000.00,14.616,1.86,1.0,<Residue GLU het=  resseq=65 icode= >,2bsq_E_A,3.0
479,5.097,ASP, ,N,57.17,1000.00,0.0,2.42,1.0,<Residue ASP het=  resseq=66 icode= >,2bsq_E_A,3.0
480,8.335,ASP, ,CA,58.93,1000.00,0.0,2.42,1.0,<Residue ASP het=  resseq=66 icode= >,2bsq_E_A,3.0
481,0.0,ASP, ,C,58.89,1000.00,0.0,2.01,1.0,<Residue ASP het=  resseq=66 icode= >,2bsq_E_A,3.0
482,15.751,ASP, ,O,59.41,1000.00,7.167,0.50,1.0,<Residue ASP het=  resseq=66 icode= >,2bsq_E_A,3.0
483,28.973,ASP, ,CB,60.61,1000.00,0.0,0.84,1.0,<Residue ASP het=  resseq=66 icode= >,2bsq_E_A,3.0
484,12.229,ASP, ,CG,62.26,1000.00,0.0,1.20,1.0,<Residue ASP het=  resseq=66 icode= >,2bsq_E_A,3.0
485,7.183,ASP, ,OD1,63.22,1000.00,0.0,0.64,1.0,<Residue ASP het=  resseq=66 icode= >,2bsq_E_A,3.0
486,42.076,ASP, ,OD2,61.94,1000.00,0.0,0.85,1.0,<Residue ASP het=  resseq=66 icode= >,2bsq_E_A,3.0
487,3.701,VAL, ,N,58.46,1000.00,0.0,1.80,1.0,<Residue VAL het=  resseq=67 icode= >,2bsq_E_A,3.0
488,9.353,VAL, ,CA,58.65,1000.00,0.0,1.44,1.0,<Residue VAL het=  resseq=67 icode= >,2bsq_E_A,3.0
489,0.0,VAL, ,C,58.39,1000.00,0.0,2.37,1.0,<Residue VAL het=  resseq=67 icode= >,2bsq_E_A,3.0
490,9.73,VAL, ,O,58.68,1000.00,8.724,1.12,1.0,<Residue VAL het=  resseq=67 icode= >,2bsq_E_A,3.0
491,4.699,VAL, ,CB,58.75,1000.00,4.283,1.51,1.0,<Residue VAL het=  resseq=67 icode= >,2bsq_E_A,3.0
492,59.033,VAL, ,CG1,58.92,1000.00,28.839,-0.01,1.0,<Residue VAL het=  resseq=67 icode= >,2bsq_E_A,3.0
493,26.323,VAL, ,CG2,58.64,1000.00,22.364,0.25,1.0,<Residue VAL het=  resseq=67 icode= >,2bsq_E_A,3.0
494,8.799,ARG, ,N,57.83,1000.00,0.0,1.93,1.0,<Residue ARG het=  resseq=68 icode= >,2bsq_E_A,3.0
495,8.688,ARG, ,CA,57.19,1000.00,1.292,2.36,1.0,<Residue ARG het=  resseq=68 icode= >,2bsq_E_A,3.0
496,1.664,ARG, ,C,57.96,1000.00,0.0,2.32,1.0,<Residue ARG het=  resseq=68 icode= >,2bsq_E_A,3.0
497,17.187,ARG, ,O,57.86,1000.00,0.0,1.36,1.0,<Residue ARG het=  resseq=68 icode= >,2bsq_E_A,3.0
498,3.583,ARG, ,CB,55.78,1000.00,0.0,1.71,1.0,<Residue ARG het=  resseq=68 icode= >,2bsq_E_A,3.0
499,24.401,ARG, ,CG,52.86,1000.00,16.653,1.86,1.0,<Residue ARG het=  resseq=68 icode= >,2bsq_E_A,3.0
500,21.994,ARG, ,CD,50.33,1000.00,15.311,1.77,1.0,<Residue ARG het=  resseq=68 icode= >,2bsq_E_A,3.0
501,16.82,ARG, ,NE,48.1,1000.00,14.688,2.56,1.0,<Residue ARG het=  resseq=68 icode= >,2bsq_E_A,3.0
502,8.687,ARG, ,CZ,46.85,1000.00,5.704,3.60,1.0,<Residue ARG het=  resseq=68 icode= >,2bsq_E_A,3.0
503,50.524,ARG, ,NH1,45.25,1000.00,49.315,2.24,1.0,<Residue ARG het=  resseq=68 icode= >,2bsq_E_A,3.0
504,59.572,ARG, ,NH2,45.86,1000.00,59.395,1.63,1.0,<Residue ARG het=  resseq=68 icode= >,2bsq_E_A,3.0
505,16.083,GLY, ,N,58.77,1000.00,3.281,1.65,1.0,<Residue GLY het=  resseq=69 icode= >,2bsq_E_A,3.0
506,44.621,GLY, ,CA,59.73,1000.00,0.968,1.11,1.0,<Residue GLY het=  resseq=69 icode= >,2bsq_E_A,3.0
507,32.281,GLY, ,C,60.16,1000.00,21.229,1.75,1.0,<Residue GLY het=  resseq=69 icode= >,2bsq_E_A,3.0
508,38.625,GLY, ,O,60.34,1000.00,0.0,1.25,1.0,<Residue GLY het=  resseq=69 icode= >,2bsq_E_A,3.0
