,ASA,aa,altloc,atom,bfac,d2r,dASA,dens,occ,residue,id,resolu
0,44.991,ASN, ,N,53.16,1000.00,0.0,0.36,1.0,<Residue ASN het=  resseq=66 icode= >,2c5r_D_A,2.9
1,7.059,ASN, ,CA,53.11,1000.00,0.0,1.39,1.0,<Residue ASN het=  resseq=66 icode= >,2c5r_D_A,2.9
2,1.856,ASN, ,C,52.99,1000.00,0.0,1.53,1.0,<Residue ASN het=  resseq=66 icode= >,2c5r_D_A,2.9
3,20.553,ASN, ,O,53.44,1000.00,0.0,0.99,1.0,<Residue ASN het=  resseq=66 icode= >,2c5r_D_A,2.9
4,29.331,ASN, ,CB,52.7,1000.00,0.0,1.11,1.0,<Residue ASN het=  resseq=66 icode= >,2c5r_D_A,2.9
5,8.82,ASN, ,CG,53.61,1000.00,0.0,0.93,1.0,<Residue ASN het=  resseq=66 icode= >,2c5r_D_A,2.9
6,29.125,ASN, ,OD1,53.75,1000.00,0.0,1.13,1.0,<Residue ASN het=  resseq=66 icode= >,2c5r_D_A,2.9
7,58.856,ASN, ,ND2,53.86,1000.00,0.0,-0.59,1.0,<Residue ASN het=  resseq=66 icode= >,2c5r_D_A,2.9
8,3.33,LEU, ,N,52.44,1000.00,0.0,1.56,1.0,<Residue LEU het=  resseq=67 icode= >,2c5r_D_A,2.9
9,6.56,LEU, ,CA,51.97,1000.00,0.0,1.77,1.0,<Residue LEU het=  resseq=67 icode= >,2c5r_D_A,2.9
10,4.847,LEU, ,C,51.75,1000.00,0.0,2.73,1.0,<Residue LEU het=  resseq=67 icode= >,2c5r_D_A,2.9
11,17.765,LEU, ,O,51.72,1000.00,0.0,1.80,1.0,<Residue LEU het=  resseq=67 icode= >,2c5r_D_A,2.9
12,0.0,LEU, ,CB,52.18,1000.00,0.0,0.35,1.0,<Residue LEU het=  resseq=67 icode= >,2c5r_D_A,2.9
13,0.271,LEU, ,CG,52.15,1000.00,0.0,0.03,1.0,<Residue LEU het=  resseq=67 icode= >,2c5r_D_A,2.9
14,20.658,LEU, ,CD1,51.17,1000.00,0.0,-0.27,1.0,<Residue LEU het=  resseq=67 icode= >,2c5r_D_A,2.9
15,6.652,LEU, ,CD2,51.63,1000.00,0.0,-0.65,1.0,<Residue LEU het=  resseq=67 icode= >,2c5r_D_A,2.9
16,4.65,SER, ,N,51.33,1000.00,0.0,2.81,1.0,<Residue SER het=  resseq=68 icode= >,2c5r_D_A,2.9
17,12.92,SER, ,CA,51.26,1000.00,0.0,2.35,1.0,<Residue SER het=  resseq=68 icode= >,2c5r_D_A,2.9
18,0.0,SER, ,C,51.03,1000.00,0.0,3.44,1.0,<Residue SER het=  resseq=68 icode= >,2c5r_D_A,2.9
19,0.0,SER, ,O,50.94,1000.00,0.0,2.03,1.0,<Residue SER het=  resseq=68 icode= >,2c5r_D_A,2.9
20,15.944,SER, ,CB,51.11,1000.00,0.0,1.05,1.0,<Residue SER het=  resseq=68 icode= >,2c5r_D_A,2.9
21,0.0,SER, ,OG,52.33,1000.00,0.0,1.06,1.0,<Residue SER het=  resseq=68 icode= >,2c5r_D_A,2.9
22,9.301,ALA, ,N,51.14,1000.00,0.0,2.64,1.0,<Residue ALA het=  resseq=69 icode= >,2c5r_D_A,2.9
23,4.699,ALA, ,CA,51.16,1000.00,0.0,2.20,1.0,<Residue ALA het=  resseq=69 icode= >,2c5r_D_A,2.9
24,0.851,ALA, ,C,51.57,1000.00,0.0,2.39,1.0,<Residue ALA het=  resseq=69 icode= >,2c5r_D_A,2.9
25,2.481,ALA, ,O,51.6,1000.00,0.0,0.53,1.0,<Residue ALA het=  resseq=69 icode= >,2c5r_D_A,2.9
26,68.156,ALA, ,CB,51.21,1000.00,0.0,-0.13,1.0,<Residue ALA het=  resseq=69 icode= >,2c5r_D_A,2.9
27,4.008,CYS, ,N,52.06,1000.00,0.0,2.49,1.0,<Residue CYS het=  resseq=70 icode= >,2c5r_D_A,2.9
28,1.877,CYS, ,CA,52.36,1000.00,0.0,2.27,1.0,<Residue CYS het=  resseq=70 icode= >,2c5r_D_A,2.9
29,0.0,CYS, ,C,51.87,1000.00,0.0,2.40,1.0,<Residue CYS het=  resseq=70 icode= >,2c5r_D_A,2.9
30,0.0,CYS, ,O,52.0,1000.00,0.0,1.55,1.0,<Residue CYS het=  resseq=70 icode= >,2c5r_D_A,2.9
31,10.268,CYS, ,CB,52.71,1000.00,0.0,1.12,1.0,<Residue CYS het=  resseq=70 icode= >,2c5r_D_A,2.9
32,10.083,CYS, ,SG,55.68,1000.00,0.0,1.28,1.0,<Residue CYS het=  resseq=70 icode= >,2c5r_D_A,2.9
33,0.0,GLU, ,N,51.61,1000.00,0.0,1.77,1.0,<Residue GLU het=  resseq=71 icode= >,2c5r_D_A,2.9
34,0.0,GLU, ,CA,51.22,1000.00,0.0,2.16,1.0,<Residue GLU het=  resseq=71 icode= >,2c5r_D_A,2.9
35,0.0,GLU, ,C,50.94,1000.00,0.0,2.94,1.0,<Residue GLU het=  resseq=71 icode= >,2c5r_D_A,2.9
36,0.0,GLU, ,O,50.93,1000.00,0.0,1.32,1.0,<Residue GLU het=  resseq=71 icode= >,2c5r_D_A,2.9
37,0.0,GLU, ,CB,51.28,1000.00,0.0,1.18,1.0,<Residue GLU het=  resseq=71 icode= >,2c5r_D_A,2.9
38,0.002,GLU, ,CG,51.25,1000.00,0.0,0.78,1.0,<Residue GLU het=  resseq=71 icode= >,2c5r_D_A,2.9
39,0.245,GLU, ,CD,52.21,1000.00,0.0,1.54,1.0,<Residue GLU het=  resseq=71 icode= >,2c5r_D_A,2.9
40,0.553,GLU, ,OE1,53.14,1000.00,0.0,1.37,1.0,<Residue GLU het=  resseq=71 icode= >,2c5r_D_A,2.9
41,5.039,GLU, ,OE2,52.58,1000.00,0.0,1.04,1.0,<Residue GLU het=  resseq=71 icode= >,2c5r_D_A,2.9
42,0.0,VAL, ,N,51.1,1000.00,0.0,2.46,1.0,<Residue VAL het=  resseq=72 icode= >,2c5r_D_A,2.9
43,0.351,VAL, ,CA,50.96,1000.00,0.0,2.73,1.0,<Residue VAL het=  resseq=72 icode= >,2c5r_D_A,2.9
44,0.0,VAL, ,C,51.41,1000.00,0.0,2.99,1.0,<Residue VAL het=  resseq=72 icode= >,2c5r_D_A,2.9
45,0.023,VAL, ,O,51.81,1000.00,0.0,1.60,1.0,<Residue VAL het=  resseq=72 icode= >,2c5r_D_A,2.9
46,0.219,VAL, ,CB,50.49,1000.00,0.0,1.54,1.0,<Residue VAL het=  resseq=72 icode= >,2c5r_D_A,2.9
47,42.707,VAL, ,CG1,50.49,1000.00,0.0,0.29,1.0,<Residue VAL het=  resseq=72 icode= >,2c5r_D_A,2.9
48,19.421,VAL, ,CG2,49.48,1000.00,0.0,0.47,1.0,<Residue VAL het=  resseq=72 icode= >,2c5r_D_A,2.9
49,0.327,ALA, ,N,51.62,1000.00,0.0,2.38,1.0,<Residue ALA het=  resseq=73 icode= >,2c5r_D_A,2.9
50,10.64,ALA, ,CA,51.66,1000.00,0.0,1.98,1.0,<Residue ALA het=  resseq=73 icode= >,2c5r_D_A,2.9
51,0.45,ALA, ,C,51.55,1000.00,0.0,2.63,1.0,<Residue ALA het=  resseq=73 icode= >,2c5r_D_A,2.9
52,6.989,ALA, ,O,52.0,1000.00,0.0,1.11,1.0,<Residue ALA het=  resseq=73 icode= >,2c5r_D_A,2.9
53,25.465,ALA, ,CB,52.45,1000.00,0.0,-0.28,1.0,<Residue ALA het=  resseq=73 icode= >,2c5r_D_A,2.9
54,0.0,VAL, ,N,51.44,1000.00,0.0,2.37,1.0,<Residue VAL het=  resseq=74 icode= >,2c5r_D_A,2.9
55,0.0,VAL, ,CA,51.38,1000.00,0.0,2.40,1.0,<Residue VAL het=  resseq=74 icode= >,2c5r_D_A,2.9
56,0.0,VAL, ,C,51.53,1000.00,0.0,2.63,1.0,<Residue VAL het=  resseq=74 icode= >,2c5r_D_A,2.9
57,0.0,VAL, ,O,51.08,1000.00,0.0,1.52,1.0,<Residue VAL het=  resseq=74 icode= >,2c5r_D_A,2.9
58,0.0,VAL, ,CB,51.58,1000.00,0.0,1.96,1.0,<Residue VAL het=  resseq=74 icode= >,2c5r_D_A,2.9
59,0.108,VAL, ,CG1,50.87,1000.00,0.108,0.10,1.0,<Residue VAL het=  resseq=74 icode= >,2c5r_D_A,2.9
60,0.834,VAL, ,CG2,51.6,1000.00,0.0,0.25,1.0,<Residue VAL het=  resseq=74 icode= >,2c5r_D_A,2.9
61,0.0,LEU, ,N,51.19,1000.00,0.0,3.05,1.0,<Residue LEU het=  resseq=75 icode= >,2c5r_D_A,2.9
62,0.0,LEU, ,CA,51.19,1000.00,0.0,3.88,1.0,<Residue LEU het=  resseq=75 icode= >,2c5r_D_A,2.9
63,0.384,LEU, ,C,51.39,1000.00,0.0,4.24,1.0,<Residue LEU het=  resseq=75 icode= >,2c5r_D_A,2.9
64,2.619,LEU, ,O,52.03,1000.00,0.0,2.21,1.0,<Residue LEU het=  resseq=75 icode= >,2c5r_D_A,2.9
65,9.825,LEU, ,CB,51.06,1000.00,0.0,1.62,1.0,<Residue LEU het=  resseq=75 icode= >,2c5r_D_A,2.9
66,0.0,LEU, ,CG,51.18,1000.00,0.0,1.09,1.0,<Residue LEU het=  resseq=75 icode= >,2c5r_D_A,2.9
67,12.507,LEU, ,CD1,51.38,1000.00,0.0,-0.65,1.0,<Residue LEU het=  resseq=75 icode= >,2c5r_D_A,2.9
68,4.641,LEU, ,CD2,50.87,1000.00,0.0,0.16,1.0,<Residue LEU het=  resseq=75 icode= >,2c5r_D_A,2.9
69,0.0,ASP, ,N,51.39,1000.00,0.0,3.62,1.0,<Residue ASP het=  resseq=76 icode= >,2c5r_D_A,2.9
70,0.0,ASP, ,CA,51.99,1000.00,0.0,3.31,1.0,<Residue ASP het=  resseq=76 icode= >,2c5r_D_A,2.9
71,0.0,ASP, ,C,52.41,1000.00,0.0,3.59,1.0,<Residue ASP het=  resseq=76 icode= >,2c5r_D_A,2.9
72,0.0,ASP, ,O,52.36,1000.00,0.0,1.91,1.0,<Residue ASP het=  resseq=76 icode= >,2c5r_D_A,2.9
73,14.042,ASP, ,CB,51.93,1000.00,0.0,1.80,1.0,<Residue ASP het=  resseq=76 icode= >,2c5r_D_A,2.9
74,4.766,ASP, ,CG,53.51,1000.00,0.0,1.47,1.0,<Residue ASP het=  resseq=76 icode= >,2c5r_D_A,2.9
75,35.278,ASP, ,OD1,53.97,1000.00,0.0,0.84,1.0,<Residue ASP het=  resseq=76 icode= >,2c5r_D_A,2.9
76,14.672,ASP, ,OD2,55.26,1000.00,0.0,1.16,1.0,<Residue ASP het=  resseq=76 icode= >,2c5r_D_A,2.9
77,0.641,LEU, ,N,52.64,1000.00,0.0,2.79,1.0,<Residue LEU het=  resseq=77 icode= >,2c5r_D_A,2.9
78,0.449,LEU, ,CA,52.54,1000.00,0.0,2.35,1.0,<Residue LEU het=  resseq=77 icode= >,2c5r_D_A,2.9
79,0.0,LEU, ,C,52.63,1000.00,0.0,2.93,1.0,<Residue LEU het=  resseq=77 icode= >,2c5r_D_A,2.9
80,1.661,LEU, ,O,53.59,1000.00,0.509,1.56,1.0,<Residue LEU het=  resseq=77 icode= >,2c5r_D_A,2.9
81,0.82,LEU, ,CB,52.28,1000.00,0.82,1.30,1.0,<Residue LEU het=  resseq=77 icode= >,2c5r_D_A,2.9
82,8.898,LEU, ,CG,53.72,1000.00,0.0,0.19,1.0,<Residue LEU het=  resseq=77 icode= >,2c5r_D_A,2.9
83,32.455,LEU, ,CD1,54.11,1000.00,0.272,-0.59,1.0,<Residue LEU het=  resseq=77 icode= >,2c5r_D_A,2.9
84,56.127,LEU, ,CD2,53.49,1000.00,47.493,-0.40,1.0,<Residue LEU het=  resseq=77 icode= >,2c5r_D_A,2.9
85,0.0,TYR, ,N,52.39,1000.00,0.0,2.71,1.0,<Residue TYR het=  resseq=78 icode= >,2c5r_D_A,2.9
86,0.465,TYR, ,CA,50.96,1000.00,0.465,3.27,1.0,<Residue TYR het=  resseq=78 icode= >,2c5r_D_A,2.9
87,0.0,TYR, ,C,51.24,1000.00,0.0,3.36,1.0,<Residue TYR het=  resseq=78 icode= >,2c5r_D_A,2.9
88,0.0,TYR, ,O,51.79,1000.00,0.0,1.03,1.0,<Residue TYR het=  resseq=78 icode= >,2c5r_D_A,2.9
89,1.404,TYR, ,CB,50.22,1000.00,0.0,2.00,1.0,<Residue TYR het=  resseq=78 icode= >,2c5r_D_A,2.9
90,0.0,TYR, ,CG,48.8,1000.00,0.0,2.50,1.0,<Residue TYR het=  resseq=78 icode= >,2c5r_D_A,2.9
91,2.856,TYR, ,CD1,47.86,1000.00,2.856,2.00,1.0,<Residue TYR het=  resseq=78 icode= >,2c5r_D_A,2.9
92,0.0,TYR, ,CD2,50.24,1000.00,0.0,0.85,1.0,<Residue TYR het=  resseq=78 icode= >,2c5r_D_A,2.9
93,6.691,TYR, ,CE1,48.83,1000.00,6.691,1.28,1.0,<Residue TYR het=  resseq=78 icode= >,2c5r_D_A,2.9
94,0.567,TYR, ,CE2,49.54,1000.00,0.567,0.66,1.0,<Residue TYR het=  resseq=78 icode= >,2c5r_D_A,2.9
95,3.276,TYR, ,CZ,49.81,1000.00,3.276,1.97,1.0,<Residue TYR het=  resseq=78 icode= >,2c5r_D_A,2.9
96,0.059,TYR, ,OH,49.55,1000.00,0.059,1.59,1.0,<Residue TYR het=  resseq=78 icode= >,2c5r_D_A,2.9
97,0.037,GLU, ,N,51.12,1000.00,0.0,3.61,1.0,<Residue GLU het=  resseq=79 icode= >,2c5r_D_A,2.9
98,0.0,GLU, ,CA,51.94,1000.00,0.0,3.34,1.0,<Residue GLU het=  resseq=79 icode= >,2c5r_D_A,2.9
99,1.014,GLU, ,C,52.18,1000.00,0.0,3.09,1.0,<Residue GLU het=  resseq=79 icode= >,2c5r_D_A,2.9
100,6.515,GLU, ,O,51.89,1000.00,0.0,2.11,1.0,<Residue GLU het=  resseq=79 icode= >,2c5r_D_A,2.9
101,5.615,GLU, ,CB,52.24,1000.00,0.0,1.90,1.0,<Residue GLU het=  resseq=79 icode= >,2c5r_D_A,2.9
102,20.767,GLU, ,CG,52.65,1000.00,0.0,1.72,1.0,<Residue GLU het=  resseq=79 icode= >,2c5r_D_A,2.9
103,14.289,GLU, ,CD,53.91,1000.00,0.0,1.10,1.0,<Residue GLU het=  resseq=79 icode= >,2c5r_D_A,2.9
104,40.477,GLU, ,OE1,52.79,1000.00,0.0,0.45,1.0,<Residue GLU het=  resseq=79 icode= >,2c5r_D_A,2.9
105,36.02,GLU, ,OE2,55.61,1000.00,0.0,0.03,1.0,<Residue GLU het=  resseq=79 icode= >,2c5r_D_A,2.9
106,0.505,GLN, ,N,52.73,1000.00,0.0,2.08,1.0,<Residue GLN het=  resseq=80 icode= >,2c5r_D_A,2.9
107,10.502,GLN, ,CA,53.03,1000.00,0.009,1.61,1.0,<Residue GLN het=  resseq=80 icode= >,2c5r_D_A,2.9
108,0.82,GLN, ,C,52.65,1000.00,0.0,1.78,1.0,<Residue GLN het=  resseq=80 icode= >,2c5r_D_A,2.9
109,22.416,GLN, ,O,53.49,1000.00,15.637,0.01,1.0,<Residue GLN het=  resseq=80 icode= >,2c5r_D_A,2.9
110,17.408,GLN, ,CB,52.87,1000.00,9.834,0.86,1.0,<Residue GLN het=  resseq=80 icode= >,2c5r_D_A,2.9
111,27.031,GLN, ,CG,53.71,1000.00,0.349,1.07,1.0,<Residue GLN het=  resseq=80 icode= >,2c5r_D_A,2.9
112,5.9,GLN, ,CD,56.94,1000.00,0.0,0.91,1.0,<Residue GLN het=  resseq=80 icode= >,2c5r_D_A,2.9
113,36.471,GLN, ,OE1,57.96,1000.00,4.893,0.70,1.0,<Residue GLN het=  resseq=80 icode= >,2c5r_D_A,2.9
114,31.602,GLN, ,NE2,57.15,1000.00,0.0,0.02,1.0,<Residue GLN het=  resseq=80 icode= >,2c5r_D_A,2.9
115,0.088,SER, ,N,51.84,1000.00,0.0,2.45,1.0,<Residue SER het=  resseq=81 icode= >,2c5r_D_A,2.9
116,2.647,SER, ,CA,52.45,1000.00,2.647,2.47,1.0,<Residue SER het=  resseq=81 icode= >,2c5r_D_A,2.9
117,0.19,SER, ,C,52.14,1000.00,0.19,2.56,1.0,<Residue SER het=  resseq=81 icode= >,2c5r_D_A,2.9
118,15.093,SER, ,O,52.29,1000.00,14.739,1.40,1.0,<Residue SER het=  resseq=81 icode= >,2c5r_D_A,2.9
119,14.765,SER, ,CB,52.77,1000.00,13.843,1.08,1.0,<Residue SER het=  resseq=81 icode= >,2c5r_D_A,2.9
120,39.563,SER, ,OG,52.55,1000.00,36.32,0.99,1.0,<Residue SER het=  resseq=81 icode= >,2c5r_D_A,2.9
121,0.0,ASN, ,N,51.84,1000.00,0.0,2.68,1.0,<Residue ASN het=  resseq=82 icode= >,2c5r_D_A,2.9
122,6.352,ASN, ,CA,52.0,1000.00,0.0,2.34,1.0,<Residue ASN het=  resseq=82 icode= >,2c5r_D_A,2.9
123,3.593,ASN, ,C,51.6,1000.00,0.0,2.89,1.0,<Residue ASN het=  resseq=82 icode= >,2c5r_D_A,2.9
124,22.427,ASN, ,O,52.08,1000.00,19.444,1.55,1.0,<Residue ASN het=  resseq=82 icode= >,2c5r_D_A,2.9
125,20.7,ASN, ,CB,52.23,1000.00,18.451,1.69,1.0,<Residue ASN het=  resseq=82 icode= >,2c5r_D_A,2.9
126,5.337,ASN, ,CG,52.37,1000.00,4.986,2.39,1.0,<Residue ASN het=  resseq=82 icode= >,2c5r_D_A,2.9
127,33.301,ASN, ,OD1,48.57,1000.00,5.764,1.64,1.0,<Residue ASN het=  resseq=82 icode= >,2c5r_D_A,2.9
128,49.525,ASN, ,ND2,49.9,1000.00,46.763,2.04,1.0,<Residue ASN het=  resseq=82 icode= >,2c5r_D_A,2.9
129,0.557,ILE, ,N,50.34,1000.00,0.0,2.99,1.0,<Residue ILE het=  resseq=83 icode= >,2c5r_D_A,2.9
130,4.128,ILE, ,CA,49.78,1000.00,4.128,3.49,1.0,<Residue ILE het=  resseq=83 icode= >,2c5r_D_A,2.9
131,2.032,ILE, ,C,49.35,1000.00,0.0,3.07,1.0,<Residue ILE het=  resseq=83 icode= >,2c5r_D_A,2.9
132,4.848,ILE, ,O,50.57,1000.00,0.0,1.35,1.0,<Residue ILE het=  resseq=83 icode= >,2c5r_D_A,2.9
133,0.0,ILE, ,CB,49.84,1000.00,0.0,2.46,1.0,<Residue ILE het=  resseq=83 icode= >,2c5r_D_A,2.9
134,7.67,ILE, ,CG1,51.19,1000.00,7.622,1.44,1.0,<Residue ILE het=  resseq=83 icode= >,2c5r_D_A,2.9
135,7.247,ILE, ,CG2,50.31,1000.00,7.247,0.41,1.0,<Residue ILE het=  resseq=83 icode= >,2c5r_D_A,2.9
136,29.271,ILE, ,CD1,53.11,1000.00,28.367,-0.28,1.0,<Residue ILE het=  resseq=83 icode= >,2c5r_D_A,2.9
137,4.923,ARG, ,N,48.21,18.36,4.923,2.50,1.0,<Residue ARG het=  resseq=84 icode= >,2c5r_D_A,2.9
138,6.158,ARG, ,CA,47.49,18.81,0.0,3.42,1.0,<Residue ARG het=  resseq=84 icode= >,2c5r_D_A,2.9
139,0.056,ARG, ,C,47.7,18.12,0.056,3.46,1.0,<Residue ARG het=  resseq=84 icode= >,2c5r_D_A,2.9
140,10.713,ARG, ,O,48.28,16.94,10.713,2.09,1.0,<Residue ARG het=  resseq=84 icode= >,2c5r_D_A,2.9
141,15.608,ARG, ,CB,47.8,18.64,10.629,1.70,1.0,<Residue ARG het=  resseq=84 icode= >,2c5r_D_A,2.9
142,28.357,ARG, ,CG,47.98,18.76,5.535,1.37,1.0,<Residue ARG het=  resseq=84 icode= >,2c5r_D_A,2.9
143,31.778,ARG, ,CD,49.45,18.57,16.338,1.45,1.0,<Residue ARG het=  resseq=84 icode= >,2c5r_D_A,2.9
144,10.108,ARG, ,NE,52.57,19.36,1.733,1.56,1.0,<Residue ARG het=  resseq=84 icode= >,2c5r_D_A,2.9
145,9.095,ARG, ,CZ,52.5,19.44,4.817,2.15,1.0,<Residue ARG het=  resseq=84 icode= >,2c5r_D_A,2.9
146,50.607,ARG, ,NH1,52.21,18.76,49.826,0.73,1.0,<Residue ARG het=  resseq=84 icode= >,2c5r_D_A,2.9
147,59.738,ARG, ,NH2,50.73,19.99,29.723,1.57,1.0,<Residue ARG het=  resseq=84 icode= >,2c5r_D_A,2.9
148,5.04,ILE, ,N,48.03,18.96,0.0,2.16,1.0,<Residue ILE het=  resseq=85 icode= >,2c5r_D_A,2.9
149,0.0,ILE, ,CA,47.28,18.64,0.0,2.95,1.0,<Residue ILE het=  resseq=85 icode= >,2c5r_D_A,2.9
150,0.198,ILE, ,C,46.86,18.60,0.198,3.81,1.0,<Residue ILE het=  resseq=85 icode= >,2c5r_D_A,2.9
151,14.152,ILE, ,O,47.28,19.61,2.055,2.14,1.0,<Residue ILE het=  resseq=85 icode= >,2c5r_D_A,2.9
152,2.574,ILE, ,CB,47.34,19.83,0.0,1.95,1.0,<Residue ILE het=  resseq=85 icode= >,2c5r_D_A,2.9
153,4.223,ILE, ,CG1,47.48,20.16,0.0,1.20,1.0,<Residue ILE het=  resseq=85 icode= >,2c5r_D_A,2.9
154,0.0,ILE, ,CG2,47.73,19.71,0.0,0.90,1.0,<Residue ILE het=  resseq=85 icode= >,2c5r_D_A,2.9
155,0.0,ILE, ,CD1,49.32,19.18,0.0,0.81,1.0,<Residue ILE het=  resseq=85 icode= >,2c5r_D_A,2.9
156,0.356,PRO, ,N,46.42,17.56,0.356,4.54,1.0,<Residue PRO het=  resseq=86 icode= >,2c5r_D_A,2.9
157,14.441,PRO, ,CA,46.76,17.68,14.441,4.01,1.0,<Residue PRO het=  resseq=86 icode= >,2c5r_D_A,2.9
158,0.0,PRO, ,C,47.18,19.01,0.0,4.04,1.0,<Residue PRO het=  resseq=86 icode= >,2c5r_D_A,2.9
159,0.0,PRO, ,O,46.78,19.49,0.0,2.65,1.0,<Residue PRO het=  resseq=86 icode= >,2c5r_D_A,2.9
160,12.381,PRO, ,CB,46.52,16.59,11.787,2.18,1.0,<Residue PRO het=  resseq=86 icode= >,2c5r_D_A,2.9
161,14.149,PRO, ,CG,45.3,15.74,13.156,1.67,1.0,<Residue PRO het=  resseq=86 icode= >,2c5r_D_A,2.9
162,10.126,PRO, ,CD,45.85,16.31,10.126,2.53,1.0,<Residue PRO het=  resseq=86 icode= >,2c5r_D_A,2.9
163,6.637,SER, ,N,47.78,1000.00,6.637,3.12,1.0,<Residue SER het=  resseq=87 icode= >,2c5r_D_A,2.9
164,0.0,SER, ,CA,48.25,1000.00,0.0,3.09,1.0,<Residue SER het=  resseq=87 icode= >,2c5r_D_A,2.9
165,1.337,SER, ,C,48.33,1000.00,0.627,3.99,1.0,<Residue SER het=  resseq=87 icode= >,2c5r_D_A,2.9
166,0.0,SER, ,O,48.76,1000.00,0.0,1.89,1.0,<Residue SER het=  resseq=87 icode= >,2c5r_D_A,2.9
167,37.917,SER, ,CB,48.12,1000.00,3.42,1.29,1.0,<Residue SER het=  resseq=87 icode= >,2c5r_D_A,2.9
168,34.109,SER, ,OG,48.95,1000.00,21.403,0.76,1.0,<Residue SER het=  resseq=87 icode= >,2c5r_D_A,2.9
169,0.457,ASP, ,N,48.45,1000.00,0.457,3.61,1.0,<Residue ASP het=  resseq=88 icode= >,2c5r_D_A,2.9
170,4.439,ASP, ,CA,48.51,1000.00,0.768,2.97,1.0,<Residue ASP het=  resseq=88 icode= >,2c5r_D_A,2.9
171,0.131,ASP, ,C,48.64,1000.00,0.0,3.53,1.0,<Residue ASP het=  resseq=88 icode= >,2c5r_D_A,2.9
172,0.168,ASP, ,O,48.77,1000.00,0.0,2.09,1.0,<Residue ASP het=  resseq=88 icode= >,2c5r_D_A,2.9
173,8.161,ASP, ,CB,48.71,1000.00,4.519,1.57,1.0,<Residue ASP het=  resseq=88 icode= >,2c5r_D_A,2.9
174,3.221,ASP, ,CG,49.26,1000.00,3.221,1.92,1.0,<Residue ASP het=  resseq=88 icode= >,2c5r_D_A,2.9
175,21.537,ASP, ,OD1,49.05,1000.00,21.537,1.51,1.0,<Residue ASP het=  resseq=88 icode= >,2c5r_D_A,2.9
176,39.121,ASP, ,OD2,48.84,1000.00,26.647,1.01,1.0,<Residue ASP het=  resseq=88 icode= >,2c5r_D_A,2.9
177,0.0,ILE, ,N,48.67,1000.00,0.0,2.71,1.0,<Residue ILE het=  resseq=89 icode= >,2c5r_D_A,2.9
178,0.248,ILE, ,CA,48.24,1000.00,0.0,3.13,1.0,<Residue ILE het=  resseq=89 icode= >,2c5r_D_A,2.9
179,0.0,ILE, ,C,48.2,1000.00,0.0,4.02,1.0,<Residue ILE het=  resseq=89 icode= >,2c5r_D_A,2.9
180,0.0,ILE, ,O,48.38,1000.00,0.0,2.34,1.0,<Residue ILE het=  resseq=89 icode= >,2c5r_D_A,2.9
181,0.0,ILE, ,CB,47.83,1000.00,0.0,2.36,1.0,<Residue ILE het=  resseq=89 icode= >,2c5r_D_A,2.9
182,0.051,ILE, ,CG1,46.95,1000.00,0.0,0.98,1.0,<Residue ILE het=  resseq=89 icode= >,2c5r_D_A,2.9
183,0.0,ILE, ,CG2,47.88,1000.00,0.0,1.03,1.0,<Residue ILE het=  resseq=89 icode= >,2c5r_D_A,2.9
184,0.0,ILE, ,CD1,47.1,1000.00,0.0,0.10,1.0,<Residue ILE het=  resseq=89 icode= >,2c5r_D_A,2.9
185,0.0,ILE, ,N,48.1,1000.00,0.0,3.50,1.0,<Residue ILE het=  resseq=90 icode= >,2c5r_D_A,2.9
186,0.0,ILE, ,CA,48.9,1000.00,0.0,3.79,1.0,<Residue ILE het=  resseq=90 icode= >,2c5r_D_A,2.9
187,0.0,ILE, ,C,49.76,1000.00,0.0,3.49,1.0,<Residue ILE het=  resseq=90 icode= >,2c5r_D_A,2.9
188,0.0,ILE, ,O,50.04,1000.00,0.0,1.85,1.0,<Residue ILE het=  resseq=90 icode= >,2c5r_D_A,2.9
189,0.064,ILE, ,CB,49.14,1000.00,0.0,2.26,1.0,<Residue ILE het=  resseq=90 icode= >,2c5r_D_A,2.9
190,11.381,ILE, ,CG1,49.17,1000.00,0.0,0.87,1.0,<Residue ILE het=  resseq=90 icode= >,2c5r_D_A,2.9
191,28.504,ILE, ,CG2,49.54,1000.00,0.0,0.31,1.0,<Residue ILE het=  resseq=90 icode= >,2c5r_D_A,2.9
192,7.355,ILE, ,CD1,49.04,1000.00,0.0,0.23,1.0,<Residue ILE het=  resseq=90 icode= >,2c5r_D_A,2.9
193,0.0,GLU, ,N,50.29,1000.00,0.0,2.36,1.0,<Residue GLU het=  resseq=91 icode= >,2c5r_D_A,2.9
194,0.069,GLU, ,CA,50.6,1000.00,0.0,2.71,1.0,<Residue GLU het=  resseq=91 icode= >,2c5r_D_A,2.9
195,0.0,GLU, ,C,50.45,1000.00,0.0,3.85,1.0,<Residue GLU het=  resseq=91 icode= >,2c5r_D_A,2.9
196,0.0,GLU, ,O,51.03,1000.00,0.0,2.31,1.0,<Residue GLU het=  resseq=91 icode= >,2c5r_D_A,2.9
197,2.902,GLU, ,CB,50.67,1000.00,0.0,1.40,1.0,<Residue GLU het=  resseq=91 icode= >,2c5r_D_A,2.9
198,29.008,GLU, ,CG,51.89,1000.00,0.0,0.73,1.0,<Residue GLU het=  resseq=91 icode= >,2c5r_D_A,2.9
199,10.539,GLU, ,CD,53.11,1000.00,0.0,1.50,1.0,<Residue GLU het=  resseq=91 icode= >,2c5r_D_A,2.9
200,25.202,GLU, ,OE1,53.09,1000.00,0.0,0.70,1.0,<Residue GLU het=  resseq=91 icode= >,2c5r_D_A,2.9
201,38.773,GLU, ,OE2,53.13,1000.00,0.0,1.18,1.0,<Residue GLU het=  resseq=91 icode= >,2c5r_D_A,2.9
202,0.0,ASP, ,N,50.27,1000.00,0.0,2.85,1.0,<Residue ASP het=  resseq=92 icode= >,2c5r_D_A,2.9
203,0.528,ASP, ,CA,50.53,1000.00,0.0,2.84,1.0,<Residue ASP het=  resseq=92 icode= >,2c5r_D_A,2.9
204,0.0,ASP, ,C,50.72,1000.00,0.0,3.58,1.0,<Residue ASP het=  resseq=92 icode= >,2c5r_D_A,2.9
205,0.0,ASP, ,O,51.05,1000.00,0.0,1.95,1.0,<Residue ASP het=  resseq=92 icode= >,2c5r_D_A,2.9
206,2.558,ASP, ,CB,50.17,1000.00,0.0,1.57,1.0,<Residue ASP het=  resseq=92 icode= >,2c5r_D_A,2.9
207,8.111,ASP, ,CG,50.37,1000.00,0.0,2.30,1.0,<Residue ASP het=  resseq=92 icode= >,2c5r_D_A,2.9
208,19.014,ASP, ,OD1,50.34,1000.00,8.249,1.50,1.0,<Residue ASP het=  resseq=92 icode= >,2c5r_D_A,2.9
209,27.93,ASP, ,OD2,50.7,1000.00,0.601,2.24,1.0,<Residue ASP het=  resseq=92 icode= >,2c5r_D_A,2.9
210,0.0,LEU, ,N,50.53,1000.00,0.0,3.21,1.0,<Residue LEU het=  resseq=93 icode= >,2c5r_D_A,2.9
211,0.0,LEU, ,CA,50.67,1000.00,0.0,3.34,1.0,<Residue LEU het=  resseq=93 icode= >,2c5r_D_A,2.9
212,0.0,LEU, ,C,50.65,1000.00,0.0,3.07,1.0,<Residue LEU het=  resseq=93 icode= >,2c5r_D_A,2.9
213,0.013,LEU, ,O,50.47,1000.00,0.0,1.56,1.0,<Residue LEU het=  resseq=93 icode= >,2c5r_D_A,2.9
214,0.0,LEU, ,CB,50.57,1000.00,0.0,1.94,1.0,<Residue LEU het=  resseq=93 icode= >,2c5r_D_A,2.9
215,0.0,LEU, ,CG,50.44,1000.00,0.0,1.46,1.0,<Residue LEU het=  resseq=93 icode= >,2c5r_D_A,2.9
216,0.242,LEU, ,CD1,49.64,1000.00,0.0,-0.12,1.0,<Residue LEU het=  resseq=93 icode= >,2c5r_D_A,2.9
217,0.102,LEU, ,CD2,50.45,1000.00,0.0,0.26,1.0,<Residue LEU het=  resseq=93 icode= >,2c5r_D_A,2.9
218,0.0,VAL, ,N,50.99,1000.00,0.0,2.20,1.0,<Residue VAL het=  resseq=94 icode= >,2c5r_D_A,2.9
219,0.823,VAL, ,CA,51.61,1000.00,0.0,2.00,1.0,<Residue VAL het=  resseq=94 icode= >,2c5r_D_A,2.9
220,1.487,VAL, ,C,52.0,1000.00,0.0,2.76,1.0,<Residue VAL het=  resseq=94 icode= >,2c5r_D_A,2.9
221,4.555,VAL, ,O,51.8,1000.00,0.0,1.73,1.0,<Residue VAL het=  resseq=94 icode= >,2c5r_D_A,2.9
222,11.877,VAL, ,CB,51.9,1000.00,0.0,1.17,1.0,<Residue VAL het=  resseq=94 icode= >,2c5r_D_A,2.9
223,14.542,VAL, ,CG1,50.8,1000.00,0.0,0.23,1.0,<Residue VAL het=  resseq=94 icode= >,2c5r_D_A,2.9
224,19.41,VAL, ,CG2,52.04,1000.00,0.0,0.21,1.0,<Residue VAL het=  resseq=94 icode= >,2c5r_D_A,2.9
225,0.0,ASN, ,N,52.54,1000.00,0.0,2.67,1.0,<Residue ASN het=  resseq=95 icode= >,2c5r_D_A,2.9
226,10.72,ASN, ,CA,53.05,1000.00,0.0,2.03,1.0,<Residue ASN het=  resseq=95 icode= >,2c5r_D_A,2.9
227,3.552,ASN, ,C,53.11,1000.00,0.0,2.14,1.0,<Residue ASN het=  resseq=95 icode= >,2c5r_D_A,2.9
228,13.122,ASN, ,O,53.36,1000.00,0.0,1.35,1.0,<Residue ASN het=  resseq=95 icode= >,2c5r_D_A,2.9
229,26.369,ASN, ,CB,53.39,1000.00,0.0,1.34,1.0,<Residue ASN het=  resseq=95 icode= >,2c5r_D_A,2.9
230,5.571,ASN, ,CG,54.39,1000.00,0.0,1.52,1.0,<Residue ASN het=  resseq=95 icode= >,2c5r_D_A,2.9
231,18.786,ASN, ,OD1,54.15,1000.00,0.0,0.77,1.0,<Residue ASN het=  resseq=95 icode= >,2c5r_D_A,2.9
232,34.348,ASN, ,ND2,55.93,1000.00,0.0,1.08,1.0,<Residue ASN het=  resseq=95 icode= >,2c5r_D_A,2.9
233,0.03,GLN, ,N,53.0,1000.00,0.0,2.07,1.0,<Residue GLN het=  resseq=96 icode= >,2c5r_D_A,2.9
234,8.912,GLN, ,CA,53.28,1000.00,0.0,1.81,1.0,<Residue GLN het=  resseq=96 icode= >,2c5r_D_A,2.9
235,2.398,GLN, ,C,53.4,1000.00,0.0,1.86,1.0,<Residue GLN het=  resseq=96 icode= >,2c5r_D_A,2.9
236,16.019,GLN, ,O,54.01,1000.00,0.0,1.00,1.0,<Residue GLN het=  resseq=96 icode= >,2c5r_D_A,2.9
237,4.169,GLN, ,CB,52.95,1000.00,0.0,1.38,1.0,<Residue GLN het=  resseq=96 icode= >,2c5r_D_A,2.9
238,0.0,GLN, ,CG,54.1,1000.00,0.0,1.14,1.0,<Residue GLN het=  resseq=96 icode= >,2c5r_D_A,2.9
239,1.754,GLN, ,CD,54.87,1000.00,0.0,1.31,1.0,<Residue GLN het=  resseq=96 icode= >,2c5r_D_A,2.9
240,28.922,GLN, ,OE1,56.29,1000.00,0.0,0.82,1.0,<Residue GLN het=  resseq=96 icode= >,2c5r_D_A,2.9
241,21.965,GLN, ,NE2,54.67,1000.00,0.0,0.65,1.0,<Residue GLN het=  resseq=96 icode= >,2c5r_D_A,2.9
242,0.0,ARG, ,N,53.15,1000.00,0.0,1.32,1.0,<Residue ARG het=  resseq=97 icode= >,2c5r_D_A,2.9
243,0.865,ARG, ,CA,52.97,1000.00,0.0,1.72,1.0,<Residue ARG het=  resseq=97 icode= >,2c5r_D_A,2.9
244,0.417,ARG, ,C,52.64,1000.00,0.0,2.55,1.0,<Residue ARG het=  resseq=97 icode= >,2c5r_D_A,2.9
245,5.601,ARG, ,O,53.0,1000.00,0.0,1.02,1.0,<Residue ARG het=  resseq=97 icode= >,2c5r_D_A,2.9
246,18.295,ARG, ,CB,52.99,1000.00,0.0,0.17,1.0,<Residue ARG het=  resseq=97 icode= >,2c5r_D_A,2.9
247,31.065,ARG, ,CG,53.17,1000.00,0.0,0.03,1.0,<Residue ARG het=  resseq=97 icode= >,2c5r_D_A,2.9
248,11.927,ARG, ,CD,52.67,1000.00,0.0,0.53,1.0,<Residue ARG het=  resseq=97 icode= >,2c5r_D_A,2.9
249,19.138,ARG, ,NE,52.38,1000.00,0.0,0.67,1.0,<Residue ARG het=  resseq=97 icode= >,2c5r_D_A,2.9
250,8.002,ARG, ,CZ,50.42,1000.00,0.0,1.14,1.0,<Residue ARG het=  resseq=97 icode= >,2c5r_D_A,2.9
251,29.004,ARG, ,NH1,50.36,1000.00,0.0,0.88,1.0,<Residue ARG het=  resseq=97 icode= >,2c5r_D_A,2.9
252,59.026,ARG, ,NH2,48.17,1000.00,0.0,0.66,1.0,<Residue ARG het=  resseq=97 icode= >,2c5r_D_A,2.9
253,0.415,LEU, ,N,52.42,1000.00,0.0,2.01,1.0,<Residue LEU het=  resseq=98 icode= >,2c5r_D_A,2.9
254,3.555,LEU, ,CA,52.69,1000.00,0.0,2.08,1.0,<Residue LEU het=  resseq=98 icode= >,2c5r_D_A,2.9
255,0.0,LEU, ,C,52.8,1000.00,0.0,2.12,1.0,<Residue LEU het=  resseq=98 icode= >,2c5r_D_A,2.9
256,2.891,LEU, ,O,52.45,1000.00,0.0,1.07,1.0,<Residue LEU het=  resseq=98 icode= >,2c5r_D_A,2.9
257,0.073,LEU, ,CB,52.8,1000.00,0.0,1.10,1.0,<Residue LEU het=  resseq=98 icode= >,2c5r_D_A,2.9
258,0.214,LEU, ,CG,53.47,1000.00,0.0,0.14,1.0,<Residue LEU het=  resseq=98 icode= >,2c5r_D_A,2.9
259,4.096,LEU, ,CD1,51.85,1000.00,0.0,-0.33,1.0,<Residue LEU het=  resseq=98 icode= >,2c5r_D_A,2.9
260,26.278,LEU, ,CD2,54.66,1000.00,0.0,-0.52,1.0,<Residue LEU het=  resseq=98 icode= >,2c5r_D_A,2.9
261,0.311,GLN, ,N,53.35,1000.00,0.0,1.83,1.0,<Residue GLN het=  resseq=99 icode= >,2c5r_D_A,2.9
262,0.283,GLN, ,CA,53.43,1000.00,0.0,1.62,1.0,<Residue GLN het=  resseq=99 icode= >,2c5r_D_A,2.9
263,1.495,GLN, ,C,53.54,1000.00,0.0,2.09,1.0,<Residue GLN het=  resseq=99 icode= >,2c5r_D_A,2.9
264,12.731,GLN, ,O,54.18,1000.00,0.0,1.23,1.0,<Residue GLN het=  resseq=99 icode= >,2c5r_D_A,2.9
265,20.47,GLN, ,CB,53.02,1000.00,0.0,0.27,1.0,<Residue GLN het=  resseq=99 icode= >,2c5r_D_A,2.9
266,17.705,GLN, ,CG,53.68,1000.00,0.0,0.82,1.0,<Residue GLN het=  resseq=99 icode= >,2c5r_D_A,2.9
267,5.632,GLN, ,CD,54.21,1000.00,0.0,0.89,1.0,<Residue GLN het=  resseq=99 icode= >,2c5r_D_A,2.9
268,33.972,GLN, ,OE1,55.96,1000.00,0.0,0.20,1.0,<Residue GLN het=  resseq=99 icode= >,2c5r_D_A,2.9
269,59.08,GLN, ,NE2,53.79,1000.00,0.0,0.09,1.0,<Residue GLN het=  resseq=99 icode= >,2c5r_D_A,2.9
270,1.677,SER, ,N,52.98,1000.00,0.0,2.28,1.0,<Residue SER het=  resseq=100 icode= >,2c5r_D_A,2.9
271,9.364,SER, ,CA,52.72,1000.00,0.0,2.25,1.0,<Residue SER het=  resseq=100 icode= >,2c5r_D_A,2.9
272,0.0,SER, ,C,52.96,1000.00,0.0,2.58,1.0,<Residue SER het=  resseq=100 icode= >,2c5r_D_A,2.9
273,0.0,SER, ,O,53.04,1000.00,0.0,2.14,1.0,<Residue SER het=  resseq=100 icode= >,2c5r_D_A,2.9
274,35.388,SER, ,CB,52.79,1000.00,0.0,0.61,1.0,<Residue SER het=  resseq=100 icode= >,2c5r_D_A,2.9
275,7.738,SER, ,OG,53.01,1000.00,0.0,0.71,1.0,<Residue SER het=  resseq=100 icode= >,2c5r_D_A,2.9
276,3.824,GLU, ,N,52.91,1000.00,0.0,1.96,1.0,<Residue GLU het=  resseq=101 icode= >,2c5r_D_A,2.9
277,0.0,GLU, ,CA,52.35,1000.00,0.0,2.88,1.0,<Residue GLU het=  resseq=101 icode= >,2c5r_D_A,2.9
278,0.366,GLU, ,C,52.55,1000.00,0.0,3.44,1.0,<Residue GLU het=  resseq=101 icode= >,2c5r_D_A,2.9
279,0.0,GLU, ,O,52.76,1000.00,0.0,1.94,1.0,<Residue GLU het=  resseq=101 icode= >,2c5r_D_A,2.9
280,11.073,GLU, ,CB,52.02,1000.00,0.0,1.42,1.0,<Residue GLU het=  resseq=101 icode= >,2c5r_D_A,2.9
281,0.964,GLU, ,CG,52.19,1000.00,0.0,1.26,1.0,<Residue GLU het=  resseq=101 icode= >,2c5r_D_A,2.9
282,11.799,GLU, ,CD,52.83,1000.00,0.0,1.41,1.0,<Residue GLU het=  resseq=101 icode= >,2c5r_D_A,2.9
283,35.439,GLU, ,OE1,54.37,1000.00,0.0,0.85,1.0,<Residue GLU het=  resseq=101 icode= >,2c5r_D_A,2.9
284,23.403,GLU, ,OE2,51.77,1000.00,0.0,0.59,1.0,<Residue GLU het=  resseq=101 icode= >,2c5r_D_A,2.9
285,4.196,GLN, ,N,52.69,1000.00,0.39,2.85,1.0,<Residue GLN het=  resseq=102 icode= >,2c5r_D_A,2.9
286,0.0,GLN, ,CA,52.33,1000.00,0.0,2.46,1.0,<Residue GLN het=  resseq=102 icode= >,2c5r_D_A,2.9
287,0.0,GLN, ,C,51.88,1000.00,0.0,3.28,1.0,<Residue GLN het=  resseq=102 icode= >,2c5r_D_A,2.9
288,0.0,GLN, ,O,51.64,1000.00,0.0,1.78,1.0,<Residue GLN het=  resseq=102 icode= >,2c5r_D_A,2.9
289,14.118,GLN, ,CB,52.7,1000.00,0.181,0.24,1.0,<Residue GLN het=  resseq=102 icode= >,2c5r_D_A,2.9
290,37.259,GLN, ,CG,52.73,1000.00,1.901,0.25,1.0,<Residue GLN het=  resseq=102 icode= >,2c5r_D_A,2.9
291,5.929,GLN, ,CD,54.89,1000.00,5.122,1.33,1.0,<Residue GLN het=  resseq=102 icode= >,2c5r_D_A,2.9
292,17.948,GLN, ,OE1,56.15,1000.00,9.361,0.56,1.0,<Residue GLN het=  resseq=102 icode= >,2c5r_D_A,2.9
293,36.291,GLN, ,NE2,56.27,1000.00,35.193,0.66,1.0,<Residue GLN het=  resseq=102 icode= >,2c5r_D_A,2.9
294,0.129,GLU, ,N,51.03,1000.00,0.0,2.82,1.0,<Residue GLU het=  resseq=103 icode= >,2c5r_D_A,2.9
295,2.693,GLU, ,CA,50.76,1000.00,0.0,2.62,1.0,<Residue GLU het=  resseq=103 icode= >,2c5r_D_A,2.9
296,0.0,GLU, ,C,50.85,1000.00,0.0,2.99,1.0,<Residue GLU het=  resseq=103 icode= >,2c5r_D_A,2.9
297,2.379,GLU, ,O,50.77,1000.00,0.0,1.57,1.0,<Residue GLU het=  resseq=103 icode= >,2c5r_D_A,2.9
298,0.295,GLU, ,CB,50.66,1000.00,0.0,0.84,1.0,<Residue GLU het=  resseq=103 icode= >,2c5r_D_A,2.9
299,29.02,GLU, ,CG,50.67,1000.00,0.0,0.12,1.0,<Residue GLU het=  resseq=103 icode= >,2c5r_D_A,2.9
300,7.713,GLU, ,CD,49.5,1000.00,0.0,1.64,1.0,<Residue GLU het=  resseq=103 icode= >,2c5r_D_A,2.9
301,6.394,GLU, ,OE1,49.48,1000.00,0.0,1.38,1.0,<Residue GLU het=  resseq=103 icode= >,2c5r_D_A,2.9
302,37.606,GLU, ,OE2,48.17,1000.00,0.0,1.28,1.0,<Residue GLU het=  resseq=103 icode= >,2c5r_D_A,2.9
303,0.0,VAL, ,N,50.87,1000.00,0.0,2.24,1.0,<Residue VAL het=  resseq=104 icode= >,2c5r_D_A,2.9
304,0.0,VAL, ,CA,50.83,1000.00,0.0,2.02,1.0,<Residue VAL het=  resseq=104 icode= >,2c5r_D_A,2.9
305,0.0,VAL, ,C,50.68,1000.00,0.0,2.56,1.0,<Residue VAL het=  resseq=104 icode= >,2c5r_D_A,2.9
306,0.0,VAL, ,O,50.18,1000.00,0.0,1.61,1.0,<Residue VAL het=  resseq=104 icode= >,2c5r_D_A,2.9
307,0.0,VAL, ,CB,50.85,1000.00,0.0,0.93,1.0,<Residue VAL het=  resseq=104 icode= >,2c5r_D_A,2.9
308,0.0,VAL, ,CG1,50.53,1000.00,0.0,0.06,1.0,<Residue VAL het=  resseq=104 icode= >,2c5r_D_A,2.9
309,0.054,VAL, ,CG2,50.2,1000.00,0.0,-0.48,1.0,<Residue VAL het=  resseq=104 icode= >,2c5r_D_A,2.9
310,0.0,LEU, ,N,50.69,1000.00,0.0,2.59,1.0,<Residue LEU het=  resseq=105 icode= >,2c5r_D_A,2.9
311,0.0,LEU, ,CA,50.77,1000.00,0.0,3.07,1.0,<Residue LEU het=  resseq=105 icode= >,2c5r_D_A,2.9
312,0.0,LEU, ,C,50.58,1000.00,0.0,3.14,1.0,<Residue LEU het=  resseq=105 icode= >,2c5r_D_A,2.9
313,0.0,LEU, ,O,50.06,1000.00,0.0,1.81,1.0,<Residue LEU het=  resseq=105 icode= >,2c5r_D_A,2.9
314,0.0,LEU, ,CB,50.88,1000.00,0.0,1.75,1.0,<Residue LEU het=  resseq=105 icode= >,2c5r_D_A,2.9
315,2.214,LEU, ,CG,50.7,1000.00,2.214,0.98,1.0,<Residue LEU het=  resseq=105 icode= >,2c5r_D_A,2.9
316,31.055,LEU, ,CD1,51.58,1000.00,24.561,-0.36,1.0,<Residue LEU het=  resseq=105 icode= >,2c5r_D_A,2.9
317,18.303,LEU, ,CD2,52.69,1000.00,17.708,0.00,1.0,<Residue LEU het=  resseq=105 icode= >,2c5r_D_A,2.9
318,0.0,ASN, ,N,50.56,1000.00,0.0,2.54,1.0,<Residue ASN het=  resseq=106 icode= >,2c5r_D_A,2.9
319,1.63,ASN, ,CA,50.62,1000.00,0.0,2.33,1.0,<Residue ASN het=  resseq=106 icode= >,2c5r_D_A,2.9
320,0.587,ASN, ,C,50.42,1000.00,0.0,3.62,1.0,<Residue ASN het=  resseq=106 icode= >,2c5r_D_A,2.9
321,1.226,ASN, ,O,50.19,1000.00,0.0,1.86,1.0,<Residue ASN het=  resseq=106 icode= >,2c5r_D_A,2.9
322,21.268,ASN, ,CB,50.3,1000.00,0.0,1.18,1.0,<Residue ASN het=  resseq=106 icode= >,2c5r_D_A,2.9
323,5.577,ASN, ,CG,50.02,1000.00,0.0,1.09,1.0,<Residue ASN het=  resseq=106 icode= >,2c5r_D_A,2.9
324,22.879,ASN, ,OD1,51.4,1000.00,0.0,0.32,1.0,<Residue ASN het=  resseq=106 icode= >,2c5r_D_A,2.9
325,24.235,ASN, ,ND2,49.27,1000.00,1.64,0.44,1.0,<Residue ASN het=  resseq=106 icode= >,2c5r_D_A,2.9
326,0.033,TYR, ,N,50.42,1000.00,0.0,3.61,1.0,<Residue TYR het=  resseq=107 icode= >,2c5r_D_A,2.9
327,4.078,TYR, ,CA,50.4,1000.00,0.0,3.07,1.0,<Residue TYR het=  resseq=107 icode= >,2c5r_D_A,2.9
328,0.0,TYR, ,C,50.56,1000.00,0.0,3.07,1.0,<Residue TYR het=  resseq=107 icode= >,2c5r_D_A,2.9
329,0.0,TYR, ,O,50.73,1000.00,0.0,2.15,1.0,<Residue TYR het=  resseq=107 icode= >,2c5r_D_A,2.9
330,1.648,TYR, ,CB,50.04,1000.00,0.0,2.12,1.0,<Residue TYR het=  resseq=107 icode= >,2c5r_D_A,2.9
331,0.0,TYR, ,CG,50.16,1000.00,0.0,2.05,1.0,<Residue TYR het=  resseq=107 icode= >,2c5r_D_A,2.9
332,14.324,TYR, ,CD1,50.49,1000.00,0.0,1.36,1.0,<Residue TYR het=  resseq=107 icode= >,2c5r_D_A,2.9
333,0.0,TYR, ,CD2,51.23,1000.00,0.0,1.55,1.0,<Residue TYR het=  resseq=107 icode= >,2c5r_D_A,2.9
334,13.144,TYR, ,CE1,52.07,1000.00,0.0,1.37,1.0,<Residue TYR het=  resseq=107 icode= >,2c5r_D_A,2.9
335,0.0,TYR, ,CE2,52.4,1000.00,0.0,1.77,1.0,<Residue TYR het=  resseq=107 icode= >,2c5r_D_A,2.9
336,0.0,TYR, ,CZ,53.36,1000.00,0.0,2.42,1.0,<Residue TYR het=  resseq=107 icode= >,2c5r_D_A,2.9
337,4.7,TYR, ,OH,55.5,1000.00,0.0,1.45,1.0,<Residue TYR het=  resseq=107 icode= >,2c5r_D_A,2.9
338,0.0,ILE, ,N,50.33,1000.00,0.0,2.70,1.0,<Residue ILE het=  resseq=108 icode= >,2c5r_D_A,2.9
339,0.0,ILE, ,CA,49.85,1000.00,0.0,3.07,1.0,<Residue ILE het=  resseq=108 icode= >,2c5r_D_A,2.9
340,0.0,ILE, ,C,49.94,1000.00,0.0,3.81,1.0,<Residue ILE het=  resseq=108 icode= >,2c5r_D_A,2.9
341,0.0,ILE, ,O,50.42,1000.00,0.0,1.93,1.0,<Residue ILE het=  resseq=108 icode= >,2c5r_D_A,2.9
342,0.0,ILE, ,CB,49.98,1000.00,0.0,2.38,1.0,<Residue ILE het=  resseq=108 icode= >,2c5r_D_A,2.9
343,0.0,ILE, ,CG1,48.72,1000.00,0.0,1.52,1.0,<Residue ILE het=  resseq=108 icode= >,2c5r_D_A,2.9
344,0.0,ILE, ,CG2,49.16,1000.00,0.0,0.90,1.0,<Residue ILE het=  resseq=108 icode= >,2c5r_D_A,2.9
345,0.012,ILE, ,CD1,48.08,1000.00,0.0,0.57,1.0,<Residue ILE het=  resseq=108 icode= >,2c5r_D_A,2.9
346,0.0,GLU, ,N,49.68,18.35,0.0,3.86,1.0,<Residue GLU het=  resseq=109 icode= >,2c5r_D_A,2.9
347,0.0,GLU, ,CA,49.42,17.12,0.0,3.31,1.0,<Residue GLU het=  resseq=109 icode= >,2c5r_D_A,2.9
348,1.554,GLU, ,C,49.14,15.98,0.0,4.27,1.0,<Residue GLU het=  resseq=109 icode= >,2c5r_D_A,2.9
349,0.432,GLU, ,O,49.08,14.87,0.0,2.91,1.0,<Residue GLU het=  resseq=109 icode= >,2c5r_D_A,2.9
350,15.172,GLU, ,CB,49.57,17.44,0.669,0.96,1.0,<Residue GLU het=  resseq=109 icode= >,2c5r_D_A,2.9
351,7.481,GLU, ,CG,50.78,18.09,7.188,0.62,1.0,<Residue GLU het=  resseq=109 icode= >,2c5r_D_A,2.9
352,7.737,GLU, ,CD,52.0,16.98,5.694,1.77,1.0,<Residue GLU het=  resseq=109 icode= >,2c5r_D_A,2.9
353,10.494,GLU, ,OE1,52.49,17.35,10.494,1.16,1.0,<Residue GLU het=  resseq=109 icode= >,2c5r_D_A,2.9
354,22.295,GLU, ,OE2,52.21,15.80,0.119,0.58,1.0,<Residue GLU het=  resseq=109 icode= >,2c5r_D_A,2.9
355,0.832,THR, ,N,49.08,16.36,0.0,3.53,1.0,<Residue THR het=  resseq=110 icode= >,2c5r_D_A,2.9
356,6.067,THR, ,CA,49.76,15.57,0.0,3.29,1.0,<Residue THR het=  resseq=110 icode= >,2c5r_D_A,2.9
357,0.051,THR, ,C,49.78,15.08,0.0,3.42,1.0,<Residue THR het=  resseq=110 icode= >,2c5r_D_A,2.9
358,2.343,THR, ,O,50.27,13.95,0.0,1.77,1.0,<Residue THR het=  resseq=110 icode= >,2c5r_D_A,2.9
359,1.002,THR, ,CB,49.83,16.52,0.0,1.98,1.0,<Residue THR het=  resseq=110 icode= >,2c5r_D_A,2.9
360,17.803,THR, ,OG1,50.12,17.22,0.0,1.44,1.0,<Residue THR het=  resseq=110 icode= >,2c5r_D_A,2.9
361,59.701,THR, ,CG2,50.44,15.85,0.0,0.14,1.0,<Residue THR het=  resseq=110 icode= >,2c5r_D_A,2.9
362,0.0,GLN, ,N,49.74,16.03,0.0,2.90,1.0,<Residue GLN het=  resseq=111 icode= >,2c5r_D_A,2.9
363,0.0,GLN, ,CA,49.9,15.96,0.0,2.52,1.0,<Residue GLN het=  resseq=111 icode= >,2c5r_D_A,2.9
364,0.0,GLN, ,C,49.93,15.00,0.0,2.90,1.0,<Residue GLN het=  resseq=111 icode= >,2c5r_D_A,2.9
365,0.0,GLN, ,O,50.28,14.13,0.0,2.09,1.0,<Residue GLN het=  resseq=111 icode= >,2c5r_D_A,2.9
366,0.0,GLN, ,CB,50.36,17.40,0.0,0.98,1.0,<Residue GLN het=  resseq=111 icode= >,2c5r_D_A,2.9
367,0.102,GLN, ,CG,50.69,18.27,0.0,0.36,1.0,<Residue GLN het=  resseq=111 icode= >,2c5r_D_A,2.9
368,0.253,GLN, ,CD,51.53,17.70,0.0,1.63,1.0,<Residue GLN het=  resseq=111 icode= >,2c5r_D_A,2.9
369,10.664,GLN, ,OE1,53.4,17.83,0.0,0.52,1.0,<Residue GLN het=  resseq=111 icode= >,2c5r_D_A,2.9
370,18.877,GLN, ,NE2,51.85,17.20,0.0,1.06,1.0,<Residue GLN het=  resseq=111 icode= >,2c5r_D_A,2.9
371,0.0,ARG, ,N,49.63,14.94,0.0,2.48,1.0,<Residue ARG het=  resseq=112 icode= >,2c5r_D_A,2.9
372,2.522,ARG, ,CA,49.69,13.76,2.522,2.78,1.0,<Residue ARG het=  resseq=112 icode= >,2c5r_D_A,2.9
373,1.396,ARG, ,C,50.24,12.46,0.632,3.07,1.0,<Residue ARG het=  resseq=112 icode= >,2c5r_D_A,2.9
374,4.712,ARG, ,O,51.0,11.35,4.691,1.10,1.0,<Residue ARG het=  resseq=112 icode= >,2c5r_D_A,2.9
375,8.449,ARG, ,CB,49.22,14.13,5.82,1.94,1.0,<Residue ARG het=  resseq=112 icode= >,2c5r_D_A,2.9
376,0.0,ARG, ,CG,48.38,15.43,0.0,2.18,1.0,<Residue ARG het=  resseq=112 icode= >,2c5r_D_A,2.9
377,2.784,ARG, ,CD,47.67,15.49,2.784,1.62,1.0,<Residue ARG het=  resseq=112 icode= >,2c5r_D_A,2.9
378,0.0,ARG, ,NE,47.85,15.38,0.0,1.99,1.0,<Residue ARG het=  resseq=112 icode= >,2c5r_D_A,2.9
379,1.139,ARG, ,CZ,47.15,14.68,0.964,2.75,1.0,<Residue ARG het=  resseq=112 icode= >,2c5r_D_A,2.9
380,33.883,ARG, ,NH1,47.18,13.90,33.883,1.62,1.0,<Residue ARG het=  resseq=112 icode= >,2c5r_D_A,2.9
381,24.864,ARG, ,NH2,49.47,14.90,22.016,1.22,1.0,<Residue ARG het=  resseq=112 icode= >,2c5r_D_A,2.9
382,0.39,THR, ,N,50.06,12.52,0.0,2.66,1.0,<Residue THR het=  resseq=113 icode= >,2c5r_D_A,2.9
383,0.567,THR, ,CA,49.75,11.12,0.0,2.91,1.0,<Residue THR het=  resseq=113 icode= >,2c5r_D_A,2.9
384,0.0,THR, ,C,49.39,10.67,0.0,3.59,1.0,<Residue THR het=  resseq=113 icode= >,2c5r_D_A,2.9
385,0.0,THR, ,O,49.42,9.59,0.0,1.97,1.0,<Residue THR het=  resseq=113 icode= >,2c5r_D_A,2.9
386,3.829,THR, ,CB,49.82,11.11,0.0,2.13,1.0,<Residue THR het=  resseq=113 icode= >,2c5r_D_A,2.9
387,24.415,THR, ,OG1,49.99,11.57,0.0,1.45,1.0,<Residue THR het=  resseq=113 icode= >,2c5r_D_A,2.9
388,32.779,THR, ,CG2,49.6,9.77,0.0,-0.33,1.0,<Residue THR het=  resseq=113 icode= >,2c5r_D_A,2.9
389,0.242,TYR, ,N,48.71,11.65,0.0,3.18,1.0,<Residue TYR het=  resseq=114 icode= >,2c5r_D_A,2.9
390,4.708,TYR, ,CA,48.79,11.55,0.0,3.14,1.0,<Residue TYR het=  resseq=114 icode= >,2c5r_D_A,2.9
391,0.0,TYR, ,C,48.81,11.25,0.0,4.05,1.0,<Residue TYR het=  resseq=114 icode= >,2c5r_D_A,2.9
392,0.838,TYR, ,O,49.09,10.56,0.0,2.73,1.0,<Residue TYR het=  resseq=114 icode= >,2c5r_D_A,2.9
393,8.331,TYR, ,CB,49.08,12.94,0.0,2.02,1.0,<Residue TYR het=  resseq=114 icode= >,2c5r_D_A,2.9
394,0.109,TYR, ,CG,49.53,13.29,0.0,2.53,1.0,<Residue TYR het=  resseq=114 icode= >,2c5r_D_A,2.9
395,0.061,TYR, ,CD1,50.49,14.11,0.0,1.23,1.0,<Residue TYR het=  resseq=114 icode= >,2c5r_D_A,2.9
396,23.06,TYR, ,CD2,49.0,12.99,0.0,1.85,1.0,<Residue TYR het=  resseq=114 icode= >,2c5r_D_A,2.9
397,5.797,TYR, ,CE1,50.3,14.60,4.598,1.43,1.0,<Residue TYR het=  resseq=114 icode= >,2c5r_D_A,2.9
398,27.366,TYR, ,CE2,49.64,13.53,0.0,1.80,1.0,<Residue TYR het=  resseq=114 icode= >,2c5r_D_A,2.9
399,5.123,TYR, ,CZ,50.98,14.33,2.978,2.18,1.0,<Residue TYR het=  resseq=114 icode= >,2c5r_D_A,2.9
400,30.658,TYR, ,OH,51.27,14.88,22.487,0.68,1.0,<Residue TYR het=  resseq=114 icode= >,2c5r_D_A,2.9
401,0.0,TRP, ,N,48.5,11.53,0.0,3.08,1.0,<Residue TRP het=  resseq=115 icode= >,2c5r_D_A,2.9
402,0.0,TRP, ,CA,48.36,11.10,0.0,3.24,1.0,<Residue TRP het=  resseq=115 icode= >,2c5r_D_A,2.9
403,1.158,TRP, ,C,48.61,9.68,1.158,3.40,1.0,<Residue TRP het=  resseq=115 icode= >,2c5r_D_A,2.9
404,0.082,TRP, ,O,48.9,9.13,0.082,1.48,1.0,<Residue TRP het=  resseq=115 icode= >,2c5r_D_A,2.9
405,6.057,TRP, ,CB,48.25,12.20,5.725,2.09,1.0,<Residue TRP het=  resseq=115 icode= >,2c5r_D_A,2.9
406,0.066,TRP, ,CG,48.37,13.44,0.0,2.84,1.0,<Residue TRP het=  resseq=115 icode= >,2c5r_D_A,2.9
407,0.0,TRP, ,CD1,50.15,14.62,0.0,1.66,1.0,<Residue TRP het=  resseq=115 icode= >,2c5r_D_A,2.9
408,1.461,TRP, ,CD2,49.1,13.82,1.275,2.48,1.0,<Residue TRP het=  resseq=115 icode= >,2c5r_D_A,2.9
409,1.596,TRP, ,NE1,50.94,15.63,0.052,1.20,1.0,<Residue TRP het=  resseq=115 icode= >,2c5r_D_A,2.9
410,0.0,TRP, ,CE2,51.49,15.22,0.0,1.44,1.0,<Residue TRP het=  resseq=115 icode= >,2c5r_D_A,2.9
411,3.421,TRP, ,CE3,46.97,13.27,3.421,1.63,1.0,<Residue TRP het=  resseq=115 icode= >,2c5r_D_A,2.9
412,12.302,TRP, ,CZ2,51.21,16.04,11.757,1.19,1.0,<Residue TRP het=  resseq=115 icode= >,2c5r_D_A,2.9
413,18.959,TRP, ,CZ3,47.3,14.18,18.959,1.30,1.0,<Residue TRP het=  resseq=115 icode= >,2c5r_D_A,2.9
414,24.269,TRP, ,CH2,49.63,15.54,23.553,1.25,1.0,<Residue TRP het=  resseq=115 icode= >,2c5r_D_A,2.9
415,1.087,LYS, ,N,48.42,9.28,1.087,3.62,1.0,<Residue LYS het=  resseq=116 icode= >,2c5r_D_A,2.9
416,10.945,LYS, ,CA,48.97,7.95,10.945,3.67,1.0,<Residue LYS het=  resseq=116 icode= >,2c5r_D_A,2.9
417,0.0,LYS, ,C,49.14,7.12,0.0,4.89,1.0,<Residue LYS het=  resseq=116 icode= >,2c5r_D_A,2.9
418,2.219,LYS, ,O,49.09,6.16,2.219,2.55,1.0,<Residue LYS het=  resseq=116 icode= >,2c5r_D_A,2.9
419,8.488,LYS, ,CB,49.05,8.01,8.299,2.07,1.0,<Residue LYS het=  resseq=116 icode= >,2c5r_D_A,2.9
420,13.008,LYS, ,CG,49.95,6.77,13.008,0.67,1.0,<Residue LYS het=  resseq=116 icode= >,2c5r_D_A,2.9
421,36.549,LYS, ,CD,50.55,7.09,27.69,0.33,1.0,<Residue LYS het=  resseq=116 icode= >,2c5r_D_A,2.9
422,9.429,LYS, ,CE,52.21,8.05,0.079,-0.11,1.0,<Residue LYS het=  resseq=116 icode= >,2c5r_D_A,2.9
423,39.096,LYS, ,NZ,52.87,7.52,0.0,-0.29,1.0,<Residue LYS het=  resseq=116 icode= >,2c5r_D_A,2.9
424,0.0,LEU, ,N,49.14,7.75,0.0,4.26,1.0,<Residue LEU het=  resseq=117 icode= >,2c5r_D_A,2.9
425,0.0,LEU, ,CA,49.44,7.37,0.0,3.41,1.0,<Residue LEU het=  resseq=117 icode= >,2c5r_D_A,2.9
426,0.193,LEU, ,C,49.5,7.65,0.0,3.72,1.0,<Residue LEU het=  resseq=117 icode= >,2c5r_D_A,2.9
427,2.601,LEU, ,O,50.19,7.01,0.0,2.18,1.0,<Residue LEU het=  resseq=117 icode= >,2c5r_D_A,2.9
428,7.874,LEU, ,CB,49.56,7.30,0.0,1.37,1.0,<Residue LEU het=  resseq=117 icode= >,2c5r_D_A,2.9
429,13.955,LEU, ,CG,49.23,6.15,0.0,0.52,1.0,<Residue LEU het=  resseq=117 icode= >,2c5r_D_A,2.9
430,25.579,LEU, ,CD1,50.2,5.17,5.778,-0.02,1.0,<Residue LEU het=  resseq=117 icode= >,2c5r_D_A,2.9
431,40.154,LEU, ,CD2,47.74,6.95,0.0,-0.65,1.0,<Residue LEU het=  resseq=117 icode= >,2c5r_D_A,2.9
432,0.251,GLU, ,N,49.6,8.81,0.0,3.18,1.0,<Residue GLU het=  resseq=118 icode= >,2c5r_D_A,2.9
433,0.079,GLU, ,CA,49.68,9.44,0.0,3.31,1.0,<Residue GLU het=  resseq=118 icode= >,2c5r_D_A,2.9
434,0.005,GLU, ,C,49.65,8.72,0.005,3.77,1.0,<Residue GLU het=  resseq=118 icode= >,2c5r_D_A,2.9
435,5.902,GLU, ,O,49.68,8.77,5.902,2.36,1.0,<Residue GLU het=  resseq=118 icode= >,2c5r_D_A,2.9
436,0.0,GLU, ,CB,49.08,10.84,0.0,1.55,1.0,<Residue GLU het=  resseq=118 icode= >,2c5r_D_A,2.9
437,12.474,GLU, ,CG,49.41,11.73,12.474,0.81,1.0,<Residue GLU het=  resseq=118 icode= >,2c5r_D_A,2.9
438,0.552,GLU, ,CD,51.48,12.31,0.371,1.91,1.0,<Residue GLU het=  resseq=118 icode= >,2c5r_D_A,2.9
439,31.807,GLU, ,OE1,51.29,13.03,30.166,1.58,1.0,<Residue GLU het=  resseq=118 icode= >,2c5r_D_A,2.9
440,4.408,GLU, ,OE2,53.49,11.65,0.0,1.47,1.0,<Residue GLU het=  resseq=118 icode= >,2c5r_D_A,2.9
441,0.0,ASN, ,N,49.76,8.30,0.0,3.01,1.0,<Residue ASN het=  resseq=119 icode= >,2c5r_D_A,2.9
442,4.524,ASN, ,CA,49.9,8.06,4.524,3.20,1.0,<Residue ASN het=  resseq=119 icode= >,2c5r_D_A,2.9
443,2.481,ASN, ,C,50.29,6.78,2.481,2.88,1.0,<Residue ASN het=  resseq=119 icode= >,2c5r_D_A,2.9
444,30.065,ASN, ,O,50.11,6.78,24.648,1.60,1.0,<Residue ASN het=  resseq=119 icode= >,2c5r_D_A,2.9
445,18.683,ASN, ,CB,49.83,8.43,18.683,2.18,1.0,<Residue ASN het=  resseq=119 icode= >,2c5r_D_A,2.9
446,5.523,ASN, ,CG,49.27,9.92,5.523,2.98,1.0,<Residue ASN het=  resseq=119 icode= >,2c5r_D_A,2.9
447,28.763,ASN, ,OD1,47.83,10.60,28.763,1.16,1.0,<Residue ASN het=  resseq=119 icode= >,2c5r_D_A,2.9
448,36.433,ASN, ,ND2,48.25,10.58,36.016,1.36,1.0,<Residue ASN het=  resseq=119 icode= >,2c5r_D_A,2.9
449,0.0,GLN, ,N,50.78,5.97,0.0,2.20,1.0,<Residue GLN het=  resseq=120 icode= >,2c5r_D_A,2.9
450,4.66,GLN, ,CA,50.69,4.82,2.121,2.34,1.0,<Residue GLN het=  resseq=120 icode= >,2c5r_D_A,2.9
451,0.865,GLN, ,C,50.33,5.51,0.008,3.23,1.0,<Residue GLN het=  resseq=120 icode= >,2c5r_D_A,2.9
452,17.637,GLN, ,O,49.87,5.29,0.485,1.91,1.0,<Residue GLN het=  resseq=120 icode= >,2c5r_D_A,2.9
453,4.85,GLN, ,CB,51.1,4.03,0.0,1.91,1.0,<Residue GLN het=  resseq=120 icode= >,2c5r_D_A,2.9
454,31.276,GLN, ,CG,51.99,2.61,27.879,1.34,1.0,<Residue GLN het=  resseq=120 icode= >,2c5r_D_A,2.9
455,5.803,GLN, ,CD,52.58,2.71,5.803,2.02,1.0,<Residue GLN het=  resseq=120 icode= >,2c5r_D_A,2.9
456,15.262,GLN, ,OE1,52.44,3.27,11.093,0.76,1.0,<Residue GLN het=  resseq=120 icode= >,2c5r_D_A,2.9
457,39.861,GLN, ,NE2,52.95,3.10,30.287,0.91,1.0,<Residue GLN het=  resseq=120 icode= >,2c5r_D_A,2.9
458,0.201,LYS, ,N,50.54,6.64,0.0,2.95,1.0,<Residue LYS het=  resseq=121 icode= >,2c5r_D_A,2.9
459,9.013,LYS, ,CA,50.96,7.62,0.0,2.32,1.0,<Residue LYS het=  resseq=121 icode= >,2c5r_D_A,2.9
460,0.254,LYS, ,C,51.37,7.93,0.254,2.92,1.0,<Residue LYS het=  resseq=121 icode= >,2c5r_D_A,2.9
461,16.799,LYS, ,O,52.03,8.12,16.799,1.69,1.0,<Residue LYS het=  resseq=121 icode= >,2c5r_D_A,2.9
462,12.946,LYS, ,CB,50.89,8.71,11.096,0.64,1.0,<Residue LYS het=  resseq=121 icode= >,2c5r_D_A,2.9
463,22.513,LYS, ,CG,50.36,8.12,0.0,0.52,1.0,<Residue LYS het=  resseq=121 icode= >,2c5r_D_A,2.9
464,24.118,LYS, ,CD,50.95,9.38,16.1,1.05,1.0,<Residue LYS het=  resseq=121 icode= >,2c5r_D_A,2.9
465,27.204,LYS, ,CE,49.61,9.37,0.0,1.53,1.0,<Residue LYS het=  resseq=121 icode= >,2c5r_D_A,2.9
466,28.68,LYS, ,NZ,49.18,10.73,10.504,1.47,1.0,<Residue LYS het=  resseq=121 icode= >,2c5r_D_A,2.9
467,6.807,LYS, ,N,51.69,8.33,0.0,2.54,1.0,<Residue LYS het=  resseq=122 icode= >,2c5r_D_A,2.9
468,2.11,LYS, ,CA,52.24,7.88,1.374,3.11,1.0,<Residue LYS het=  resseq=122 icode= >,2c5r_D_A,2.9
469,1.685,LYS, ,C,52.47,8.13,1.685,2.90,1.0,<Residue LYS het=  resseq=122 icode= >,2c5r_D_A,2.9
470,22.157,LYS, ,O,52.44,8.56,8.12,1.12,1.0,<Residue LYS het=  resseq=122 icode= >,2c5r_D_A,2.9
471,24.849,LYS, ,CB,52.13,6.64,0.0,1.35,1.0,<Residue LYS het=  resseq=122 icode= >,2c5r_D_A,2.9
472,24.046,LYS, ,CG,53.48,5.47,0.0,0.69,1.0,<Residue LYS het=  resseq=122 icode= >,2c5r_D_A,2.9
473,22.078,LYS, ,CD,54.94,4.52,1.087,0.36,1.0,<Residue LYS het=  resseq=122 icode= >,2c5r_D_A,2.9
474,27.728,LYS, ,CE,56.04,3.57,14.052,0.17,1.0,<Residue LYS het=  resseq=122 icode= >,2c5r_D_A,2.9
475,38.091,LYS, ,NZ,57.01,3.07,12.837,-0.14,1.0,<Residue LYS het=  resseq=122 icode= >,2c5r_D_A,2.9
476,4.73,LEU, ,N,52.93,8.12,2.951,2.27,1.0,<Residue LEU het=  resseq=123 icode= >,2c5r_D_A,2.9
477,5.036,LEU, ,CA,53.32,8.76,5.036,2.09,1.0,<Residue LEU het=  resseq=123 icode= >,2c5r_D_A,2.9
478,0.189,LEU, ,C,53.67,8.06,0.0,1.97,1.0,<Residue LEU het=  resseq=123 icode= >,2c5r_D_A,2.9
479,0.742,LEU, ,O,54.17,6.97,0.0,1.11,1.0,<Residue LEU het=  resseq=123 icode= >,2c5r_D_A,2.9
480,16.649,LEU, ,CB,52.9,9.30,15.664,0.69,1.0,<Residue LEU het=  resseq=123 icode= >,2c5r_D_A,2.9
481,0.066,LEU, ,CG,53.57,10.29,0.066,0.43,1.0,<Residue LEU het=  resseq=123 icode= >,2c5r_D_A,2.9
482,47.643,LEU, ,CD1,54.37,11.43,47.643,-0.13,1.0,<Residue LEU het=  resseq=123 icode= >,2c5r_D_A,2.9
483,51.626,LEU, ,CD2,54.21,11.06,51.626,-0.72,1.0,<Residue LEU het=  resseq=123 icode= >,2c5r_D_A,2.9
484,3.735,TYR, ,N,53.9,8.88,3.708,1.08,1.0,<Residue TYR het=  resseq=124 icode= >,2c5r_D_A,2.9
485,1.762,TYR, ,CA,54.43,8.77,0.0,0.48,1.0,<Residue TYR het=  resseq=124 icode= >,2c5r_D_A,2.9
486,0.0,TYR, ,C,54.68,9.53,0.0,0.59,1.0,<Residue TYR het=  resseq=124 icode= >,2c5r_D_A,2.9
487,14.534,TYR, ,O,54.61,10.78,12.754,0.29,1.0,<Residue TYR het=  resseq=124 icode= >,2c5r_D_A,2.9
488,31.391,TYR, ,CB,54.6,9.49,9.563,-0.02,1.0,<Residue TYR het=  resseq=124 icode= >,2c5r_D_A,2.9
489,2.707,TYR, ,CG,54.64,9.50,0.0,0.03,1.0,<Residue TYR het=  resseq=124 icode= >,2c5r_D_A,2.9
490,18.823,TYR, ,CD1,53.82,10.71,0.0,0.17,1.0,<Residue TYR het=  resseq=124 icode= >,2c5r_D_A,2.9
491,24.505,TYR, ,CD2,53.71,8.47,0.0,0.24,1.0,<Residue TYR het=  resseq=124 icode= >,2c5r_D_A,2.9
492,24.083,TYR, ,CE1,53.98,11.02,0.0,0.48,1.0,<Residue TYR het=  resseq=124 icode= >,2c5r_D_A,2.9
493,33.154,TYR, ,CE2,53.79,8.83,0.0,0.30,1.0,<Residue TYR het=  resseq=124 icode= >,2c5r_D_A,2.9
494,6.008,TYR, ,CZ,54.43,10.14,0.0,0.44,1.0,<Residue TYR het=  resseq=124 icode= >,2c5r_D_A,2.9
495,43.309,TYR, ,OH,54.38,10.74,0.0,0.12,1.0,<Residue TYR het=  resseq=124 icode= >,2c5r_D_A,2.9
496,3.25,ARG, ,N,54.72,8.96,0.0,1.25,1.0,<Residue ARG het=  resseq=125 icode= >,2c5r_D_A,2.9
497,2.681,ARG, ,CA,54.73,9.94,2.681,1.18,1.0,<Residue ARG het=  resseq=125 icode= >,2c5r_D_A,2.9
498,0.0,ARG, ,C,54.48,10.60,0.0,1.17,1.0,<Residue ARG het=  resseq=125 icode= >,2c5r_D_A,2.9
499,15.304,ARG, ,O,54.13,10.08,0.0,1.02,1.0,<Residue ARG het=  resseq=125 icode= >,2c5r_D_A,2.9
500,2.978,ARG, ,CB,55.03,9.69,2.978,0.17,1.0,<Residue ARG het=  resseq=125 icode= >,2c5r_D_A,2.9
501,1.084,ARG, ,CG,54.76,8.48,0.208,0.20,1.0,<Residue ARG het=  resseq=125 icode= >,2c5r_D_A,2.9
502,6.431,ARG, ,CD,54.84,7.99,0.0,0.08,1.0,<Residue ARG het=  resseq=125 icode= >,2c5r_D_A,2.9
503,8.648,ARG, ,NE,56.6,8.02,8.313,0.08,1.0,<Residue ARG het=  resseq=125 icode= >,2c5r_D_A,2.9
504,2.529,ARG, ,CZ,56.16,6.94,0.169,0.98,1.0,<Residue ARG het=  resseq=125 icode= >,2c5r_D_A,2.9
505,27.875,ARG, ,NH1,56.08,6.44,0.996,0.77,1.0,<Residue ARG het=  resseq=125 icode= >,2c5r_D_A,2.9
506,57.498,ARG, ,NH2,55.18,6.65,36.444,0.60,1.0,<Residue ARG het=  resseq=125 icode= >,2c5r_D_A,2.9
507,8.611,GLY, ,N,54.54,11.92,6.126,0.81,1.0,<Residue GLY het=  resseq=126 icode= >,2c5r_D_A,2.9
508,37.546,GLY, ,CA,54.63,12.94,0.079,0.43,1.0,<Residue GLY het=  resseq=126 icode= >,2c5r_D_A,2.9
509,5.99,GLY, ,C,54.66,13.36,0.0,1.18,1.0,<Residue GLY het=  resseq=126 icode= >,2c5r_D_A,2.9
510,33.646,GLY, ,O,54.67,14.19,0.0,0.46,1.0,<Residue GLY het=  resseq=126 icode= >,2c5r_D_A,2.9
511,4.586,SER, ,N,55.05,12.99,1.962,1.02,1.0,<Residue SER het=  resseq=127 icode= >,2c5r_D_A,2.9
512,11.639,SER, ,CA,54.92,13.11,0.0,1.28,1.0,<Residue SER het=  resseq=127 icode= >,2c5r_D_A,2.9
513,4.151,SER, ,C,54.88,11.77,0.0,0.97,1.0,<Residue SER het=  resseq=127 icode= >,2c5r_D_A,2.9
514,19.476,SER, ,O,54.51,11.95,0.0,0.33,1.0,<Residue SER het=  resseq=127 icode= >,2c5r_D_A,2.9
515,30.355,SER, ,CB,54.82,13.05,20.118,0.92,1.0,<Residue SER het=  resseq=127 icode= >,2c5r_D_A,2.9
516,39.914,SER, ,OG,54.68,13.40,25.757,1.39,1.0,<Residue SER het=  resseq=127 icode= >,2c5r_D_A,2.9
517,1.275,LEU, ,N,54.92,10.60,1.062,1.18,1.0,<Residue LEU het=  resseq=128 icode= >,2c5r_D_A,2.9
518,0.0,LEU, ,CA,54.89,9.18,0.0,0.95,1.0,<Residue LEU het=  resseq=128 icode= >,2c5r_D_A,2.9
519,31.454,LEU, ,C,55.08,8.64,15.905,1.32,1.0,<Residue LEU het=  resseq=128 icode= >,2c5r_D_A,2.9
520,24.44,LEU, ,O,55.07,7.44,2.323,0.83,1.0,<Residue LEU het=  resseq=128 icode= >,2c5r_D_A,2.9
521,3.399,LEU, ,CB,54.6,9.12,0.0,0.16,1.0,<Residue LEU het=  resseq=128 icode= >,2c5r_D_A,2.9
522,7.89,LEU, ,CG,54.19,8.47,0.0,0.43,1.0,<Residue LEU het=  resseq=128 icode= >,2c5r_D_A,2.9
523,56.328,LEU, ,CD1,53.54,6.94,0.0,-0.22,1.0,<Residue LEU het=  resseq=128 icode= >,2c5r_D_A,2.9
524,66.46,LEU, ,CD2,53.45,9.48,0.0,0.04,1.0,<Residue LEU het=  resseq=128 icode= >,2c5r_D_A,2.9
