,ASA,aa,altloc,atom,bfac,d2r,dASA,dens,occ,residue,id,resolu
0,45.244,ASN, ,N,54.1,1000.00,0.0,0.72,1.0,<Residue ASN het=  resseq=66 icode= >,2c5r_B_A,2.9
1,11.597,ASN, ,CA,54.01,1000.00,0.0,1.41,1.0,<Residue ASN het=  resseq=66 icode= >,2c5r_B_A,2.9
2,0.743,ASN, ,C,53.26,1000.00,0.0,2.95,1.0,<Residue ASN het=  resseq=66 icode= >,2c5r_B_A,2.9
3,25.421,ASN, ,O,52.69,1000.00,0.0,1.71,1.0,<Residue ASN het=  resseq=66 icode= >,2c5r_B_A,2.9
4,29.088,ASN, ,CB,54.6,1000.00,0.0,1.00,1.0,<Residue ASN het=  resseq=66 icode= >,2c5r_B_A,2.9
5,8.575,ASN, ,CG,56.78,1000.00,0.0,1.12,1.0,<Residue ASN het=  resseq=66 icode= >,2c5r_B_A,2.9
6,27.558,ASN, ,OD1,58.77,1000.00,0.0,0.48,1.0,<Residue ASN het=  resseq=66 icode= >,2c5r_B_A,2.9
7,60.278,ASN, ,ND2,58.58,1000.00,0.0,0.87,1.0,<Residue ASN het=  resseq=66 icode= >,2c5r_B_A,2.9
8,4.901,LEU, ,N,53.0,1000.00,0.0,2.59,1.0,<Residue LEU het=  resseq=67 icode= >,2c5r_B_A,2.9
9,5.4,LEU, ,CA,52.69,1000.00,0.0,2.16,1.0,<Residue LEU het=  resseq=67 icode= >,2c5r_B_A,2.9
10,4.753,LEU, ,C,52.76,1000.00,0.0,2.52,1.0,<Residue LEU het=  resseq=67 icode= >,2c5r_B_A,2.9
11,19.029,LEU, ,O,52.74,1000.00,0.0,1.57,1.0,<Residue LEU het=  resseq=67 icode= >,2c5r_B_A,2.9
12,0.0,LEU, ,CB,52.63,1000.00,0.0,0.41,1.0,<Residue LEU het=  resseq=67 icode= >,2c5r_B_A,2.9
13,2.604,LEU, ,CG,52.4,1000.00,0.0,0.42,1.0,<Residue LEU het=  resseq=67 icode= >,2c5r_B_A,2.9
14,19.603,LEU, ,CD1,49.94,1000.00,0.0,-0.46,1.0,<Residue LEU het=  resseq=67 icode= >,2c5r_B_A,2.9
15,9.873,LEU, ,CD2,51.38,1000.00,0.0,-0.33,1.0,<Residue LEU het=  resseq=67 icode= >,2c5r_B_A,2.9
16,3.112,SER, ,N,52.65,1000.00,0.0,2.24,1.0,<Residue SER het=  resseq=68 icode= >,2c5r_B_A,2.9
17,10.705,SER, ,CA,52.27,1000.00,0.0,2.43,1.0,<Residue SER het=  resseq=68 icode= >,2c5r_B_A,2.9
18,0.0,SER, ,C,52.27,1000.00,0.0,3.72,1.0,<Residue SER het=  resseq=68 icode= >,2c5r_B_A,2.9
19,0.0,SER, ,O,52.44,1000.00,0.0,1.77,1.0,<Residue SER het=  resseq=68 icode= >,2c5r_B_A,2.9
20,10.828,SER, ,CB,51.96,1000.00,0.0,1.95,1.0,<Residue SER het=  resseq=68 icode= >,2c5r_B_A,2.9
21,0.008,SER, ,OG,52.2,1000.00,0.0,1.70,1.0,<Residue SER het=  resseq=68 icode= >,2c5r_B_A,2.9
22,10.469,ALA, ,N,52.26,1000.00,0.0,2.15,1.0,<Residue ALA het=  resseq=69 icode= >,2c5r_B_A,2.9
23,7.449,ALA, ,CA,52.3,1000.00,0.0,1.74,1.0,<Residue ALA het=  resseq=69 icode= >,2c5r_B_A,2.9
24,0.824,ALA, ,C,52.3,1000.00,0.0,2.62,1.0,<Residue ALA het=  resseq=69 icode= >,2c5r_B_A,2.9
25,3.829,ALA, ,O,52.28,1000.00,0.0,1.19,1.0,<Residue ALA het=  resseq=69 icode= >,2c5r_B_A,2.9
26,68.596,ALA, ,CB,52.29,1000.00,0.0,-0.70,1.0,<Residue ALA het=  resseq=69 icode= >,2c5r_B_A,2.9
27,2.196,CYS, ,N,52.45,1000.00,0.0,2.49,1.0,<Residue CYS het=  resseq=70 icode= >,2c5r_B_A,2.9
28,2.65,CYS, ,CA,52.19,1000.00,0.0,2.00,1.0,<Residue CYS het=  resseq=70 icode= >,2c5r_B_A,2.9
29,0.0,CYS, ,C,52.25,1000.00,0.0,1.89,1.0,<Residue CYS het=  resseq=70 icode= >,2c5r_B_A,2.9
30,0.0,CYS, ,O,53.04,1000.00,0.0,1.37,1.0,<Residue CYS het=  resseq=70 icode= >,2c5r_B_A,2.9
31,10.791,CYS, ,CB,52.49,1000.00,0.0,1.34,1.0,<Residue CYS het=  resseq=70 icode= >,2c5r_B_A,2.9
32,11.693,CYS, ,SG,52.3,1000.00,0.0,1.41,1.0,<Residue CYS het=  resseq=70 icode= >,2c5r_B_A,2.9
33,0.0,GLU, ,N,51.75,1000.00,0.0,1.90,1.0,<Residue GLU het=  resseq=71 icode= >,2c5r_B_A,2.9
34,0.0,GLU, ,CA,50.98,1000.00,0.0,2.92,1.0,<Residue GLU het=  resseq=71 icode= >,2c5r_B_A,2.9
35,0.0,GLU, ,C,50.31,1000.00,0.0,4.45,1.0,<Residue GLU het=  resseq=71 icode= >,2c5r_B_A,2.9
36,0.0,GLU, ,O,49.75,1000.00,0.0,2.25,1.0,<Residue GLU het=  resseq=71 icode= >,2c5r_B_A,2.9
37,0.0,GLU, ,CB,51.01,1000.00,0.0,1.26,1.0,<Residue GLU het=  resseq=71 icode= >,2c5r_B_A,2.9
38,0.099,GLU, ,CG,51.66,1000.00,0.0,0.53,1.0,<Residue GLU het=  resseq=71 icode= >,2c5r_B_A,2.9
39,0.0,GLU, ,CD,53.54,1000.00,0.0,1.43,1.0,<Residue GLU het=  resseq=71 icode= >,2c5r_B_A,2.9
40,0.585,GLU, ,OE1,53.05,1000.00,0.0,1.03,1.0,<Residue GLU het=  resseq=71 icode= >,2c5r_B_A,2.9
41,4.206,GLU, ,OE2,53.96,1000.00,0.0,1.41,1.0,<Residue GLU het=  resseq=71 icode= >,2c5r_B_A,2.9
42,0.0,VAL, ,N,50.19,1000.00,0.0,3.56,1.0,<Residue VAL het=  resseq=72 icode= >,2c5r_B_A,2.9
43,0.502,VAL, ,CA,50.06,1000.00,0.0,2.95,1.0,<Residue VAL het=  resseq=72 icode= >,2c5r_B_A,2.9
44,0.0,VAL, ,C,50.56,1000.00,0.0,3.26,1.0,<Residue VAL het=  resseq=72 icode= >,2c5r_B_A,2.9
45,0.025,VAL, ,O,50.52,1000.00,0.0,1.89,1.0,<Residue VAL het=  resseq=72 icode= >,2c5r_B_A,2.9
46,1.226,VAL, ,CB,49.53,1000.00,0.0,1.63,1.0,<Residue VAL het=  resseq=72 icode= >,2c5r_B_A,2.9
47,42.404,VAL, ,CG1,49.17,1000.00,0.0,0.59,1.0,<Residue VAL het=  resseq=72 icode= >,2c5r_B_A,2.9
48,20.021,VAL, ,CG2,49.22,1000.00,0.0,0.54,1.0,<Residue VAL het=  resseq=72 icode= >,2c5r_B_A,2.9
49,0.277,ALA, ,N,50.82,1000.00,0.0,2.93,1.0,<Residue ALA het=  resseq=73 icode= >,2c5r_B_A,2.9
50,11.732,ALA, ,CA,51.26,1000.00,0.0,2.50,1.0,<Residue ALA het=  resseq=73 icode= >,2c5r_B_A,2.9
51,0.488,ALA, ,C,51.68,1000.00,0.0,2.93,1.0,<Residue ALA het=  resseq=73 icode= >,2c5r_B_A,2.9
52,8.047,ALA, ,O,51.84,1000.00,0.0,1.68,1.0,<Residue ALA het=  resseq=73 icode= >,2c5r_B_A,2.9
53,19.166,ALA, ,CB,51.29,1000.00,0.0,0.13,1.0,<Residue ALA het=  resseq=73 icode= >,2c5r_B_A,2.9
54,0.0,VAL, ,N,51.72,1000.00,0.0,2.13,1.0,<Residue VAL het=  resseq=74 icode= >,2c5r_B_A,2.9
55,0.0,VAL, ,CA,51.16,1000.00,0.0,2.43,1.0,<Residue VAL het=  resseq=74 icode= >,2c5r_B_A,2.9
56,0.0,VAL, ,C,51.54,1000.00,0.0,3.21,1.0,<Residue VAL het=  resseq=74 icode= >,2c5r_B_A,2.9
57,0.0,VAL, ,O,52.47,1000.00,0.0,1.96,1.0,<Residue VAL het=  resseq=74 icode= >,2c5r_B_A,2.9
58,0.0,VAL, ,CB,51.15,1000.00,0.0,2.18,1.0,<Residue VAL het=  resseq=74 icode= >,2c5r_B_A,2.9
59,0.206,VAL, ,CG1,49.29,1000.00,0.206,0.95,1.0,<Residue VAL het=  resseq=74 icode= >,2c5r_B_A,2.9
60,0.566,VAL, ,CG2,50.08,1000.00,0.0,0.49,1.0,<Residue VAL het=  resseq=74 icode= >,2c5r_B_A,2.9
61,0.0,LEU, ,N,51.34,1000.00,0.0,3.27,1.0,<Residue LEU het=  resseq=75 icode= >,2c5r_B_A,2.9
62,0.0,LEU, ,CA,51.22,1000.00,0.0,3.30,1.0,<Residue LEU het=  resseq=75 icode= >,2c5r_B_A,2.9
63,0.0,LEU, ,C,51.2,1000.00,0.0,3.49,1.0,<Residue LEU het=  resseq=75 icode= >,2c5r_B_A,2.9
64,5.348,LEU, ,O,51.51,1000.00,0.0,1.48,1.0,<Residue LEU het=  resseq=75 icode= >,2c5r_B_A,2.9
65,11.206,LEU, ,CB,51.28,1000.00,0.0,1.55,1.0,<Residue LEU het=  resseq=75 icode= >,2c5r_B_A,2.9
66,0.0,LEU, ,CG,51.32,1000.00,0.0,1.27,1.0,<Residue LEU het=  resseq=75 icode= >,2c5r_B_A,2.9
67,9.26,LEU, ,CD1,51.51,1000.00,0.0,-0.25,1.0,<Residue LEU het=  resseq=75 icode= >,2c5r_B_A,2.9
68,3.269,LEU, ,CD2,50.2,1000.00,0.0,0.06,1.0,<Residue LEU het=  resseq=75 icode= >,2c5r_B_A,2.9
69,0.0,ASP, ,N,51.57,1000.00,0.0,2.82,1.0,<Residue ASP het=  resseq=76 icode= >,2c5r_B_A,2.9
70,0.0,ASP, ,CA,51.69,1000.00,0.0,2.96,1.0,<Residue ASP het=  resseq=76 icode= >,2c5r_B_A,2.9
71,0.0,ASP, ,C,51.44,1000.00,0.0,3.21,1.0,<Residue ASP het=  resseq=76 icode= >,2c5r_B_A,2.9
72,0.021,ASP, ,O,52.07,1000.00,0.0,1.08,1.0,<Residue ASP het=  resseq=76 icode= >,2c5r_B_A,2.9
73,16.392,ASP, ,CB,52.18,1000.00,0.0,1.37,1.0,<Residue ASP het=  resseq=76 icode= >,2c5r_B_A,2.9
74,5.612,ASP, ,CG,54.37,1000.00,0.0,0.96,1.0,<Residue ASP het=  resseq=76 icode= >,2c5r_B_A,2.9
75,29.943,ASP, ,OD1,54.63,1000.00,0.0,0.62,1.0,<Residue ASP het=  resseq=76 icode= >,2c5r_B_A,2.9
76,12.867,ASP, ,OD2,54.76,1000.00,0.0,0.70,1.0,<Residue ASP het=  resseq=76 icode= >,2c5r_B_A,2.9
77,0.06,LEU, ,N,51.05,1000.00,0.0,3.58,1.0,<Residue LEU het=  resseq=77 icode= >,2c5r_B_A,2.9
78,0.0,LEU, ,CA,51.35,1000.00,0.0,3.54,1.0,<Residue LEU het=  resseq=77 icode= >,2c5r_B_A,2.9
79,0.336,LEU, ,C,51.43,1000.00,0.336,3.53,1.0,<Residue LEU het=  resseq=77 icode= >,2c5r_B_A,2.9
80,0.104,LEU, ,O,51.9,1000.00,0.0,2.11,1.0,<Residue LEU het=  resseq=77 icode= >,2c5r_B_A,2.9
81,1.335,LEU, ,CB,51.35,1000.00,1.335,2.03,1.0,<Residue LEU het=  resseq=77 icode= >,2c5r_B_A,2.9
82,9.223,LEU, ,CG,51.99,1000.00,0.0,1.10,1.0,<Residue LEU het=  resseq=77 icode= >,2c5r_B_A,2.9
83,29.147,LEU, ,CD1,49.15,1000.00,2.78,-0.02,1.0,<Residue LEU het=  resseq=77 icode= >,2c5r_B_A,2.9
84,50.734,LEU, ,CD2,53.13,1000.00,32.392,-0.53,1.0,<Residue LEU het=  resseq=77 icode= >,2c5r_B_A,2.9
85,0.0,TYR, ,N,51.16,19.14,0.0,2.91,1.0,<Residue TYR het=  resseq=78 icode= >,2c5r_B_A,2.9
86,1.002,TYR, ,CA,50.46,18.85,1.002,3.64,1.0,<Residue TYR het=  resseq=78 icode= >,2c5r_B_A,2.9
87,0.0,TYR, ,C,50.54,19.83,0.0,4.15,1.0,<Residue TYR het=  resseq=78 icode= >,2c5r_B_A,2.9
88,0.0,TYR, ,O,50.91,19.57,0.0,1.71,1.0,<Residue TYR het=  resseq=78 icode= >,2c5r_B_A,2.9
89,1.269,TYR, ,CB,50.42,19.04,0.0,1.96,1.0,<Residue TYR het=  resseq=78 icode= >,2c5r_B_A,2.9
90,0.0,TYR, ,CG,49.61,17.92,0.0,3.02,1.0,<Residue TYR het=  resseq=78 icode= >,2c5r_B_A,2.9
91,2.906,TYR, ,CD1,47.61,16.74,2.906,1.83,1.0,<Residue TYR het=  resseq=78 icode= >,2c5r_B_A,2.9
92,0.0,TYR, ,CD2,47.47,18.12,0.0,1.40,1.0,<Residue TYR het=  resseq=78 icode= >,2c5r_B_A,2.9
93,9.452,TYR, ,CE1,47.8,15.72,9.452,1.18,1.0,<Residue TYR het=  resseq=78 icode= >,2c5r_B_A,2.9
94,0.817,TYR, ,CE2,45.56,17.20,0.817,0.99,1.0,<Residue TYR het=  resseq=78 icode= >,2c5r_B_A,2.9
95,3.39,TYR, ,CZ,46.19,15.99,3.39,2.33,1.0,<Residue TYR het=  resseq=78 icode= >,2c5r_B_A,2.9
96,0.802,TYR, ,OH,43.47,15.08,0.802,1.96,1.0,<Residue TYR het=  resseq=78 icode= >,2c5r_B_A,2.9
97,0.72,GLU, ,N,50.72,1000.00,0.0,3.49,1.0,<Residue GLU het=  resseq=79 icode= >,2c5r_B_A,2.9
98,2.603,GLU, ,CA,51.37,1000.00,0.0,3.20,1.0,<Residue GLU het=  resseq=79 icode= >,2c5r_B_A,2.9
99,0.074,GLU, ,C,51.75,1000.00,0.0,3.10,1.0,<Residue GLU het=  resseq=79 icode= >,2c5r_B_A,2.9
100,4.285,GLU, ,O,52.67,1000.00,0.0,1.49,1.0,<Residue GLU het=  resseq=79 icode= >,2c5r_B_A,2.9
101,2.878,GLU, ,CB,51.21,1000.00,0.0,2.01,1.0,<Residue GLU het=  resseq=79 icode= >,2c5r_B_A,2.9
102,24.86,GLU, ,CG,52.47,1000.00,0.0,0.87,1.0,<Residue GLU het=  resseq=79 icode= >,2c5r_B_A,2.9
103,11.099,GLU, ,CD,55.24,1000.00,0.0,0.45,1.0,<Residue GLU het=  resseq=79 icode= >,2c5r_B_A,2.9
104,40.349,GLU, ,OE1,55.51,1000.00,0.0,0.26,1.0,<Residue GLU het=  resseq=79 icode= >,2c5r_B_A,2.9
105,39.755,GLU, ,OE2,56.36,1000.00,0.0,-0.29,1.0,<Residue GLU het=  resseq=79 icode= >,2c5r_B_A,2.9
106,0.104,GLN, ,N,51.43,1000.00,0.0,2.91,1.0,<Residue GLN het=  resseq=80 icode= >,2c5r_B_A,2.9
107,9.665,GLN, ,CA,51.86,1000.00,0.0,2.18,1.0,<Residue GLN het=  resseq=80 icode= >,2c5r_B_A,2.9
108,0.048,GLN, ,C,51.66,1000.00,0.0,2.58,1.0,<Residue GLN het=  resseq=80 icode= >,2c5r_B_A,2.9
109,22.341,GLN, ,O,51.62,1000.00,0.0,0.95,1.0,<Residue GLN het=  resseq=80 icode= >,2c5r_B_A,2.9
110,11.149,GLN, ,CB,52.54,1000.00,0.0,0.12,1.0,<Residue GLN het=  resseq=80 icode= >,2c5r_B_A,2.9
111,29.521,GLN, ,CG,52.57,1000.00,0.0,0.06,1.0,<Residue GLN het=  resseq=80 icode= >,2c5r_B_A,2.9
112,5.889,GLN, ,CD,53.4,1000.00,0.0,1.05,1.0,<Residue GLN het=  resseq=80 icode= >,2c5r_B_A,2.9
113,29.604,GLN, ,OE1,54.43,1000.00,0.0,0.78,1.0,<Residue GLN het=  resseq=80 icode= >,2c5r_B_A,2.9
114,29.88,GLN, ,NE2,51.77,1000.00,0.0,0.66,1.0,<Residue GLN het=  resseq=80 icode= >,2c5r_B_A,2.9
115,0.0,SER, ,N,51.26,1000.00,0.0,3.13,1.0,<Residue SER het=  resseq=81 icode= >,2c5r_B_A,2.9
116,4.013,SER, ,CA,51.85,1000.00,0.0,3.09,1.0,<Residue SER het=  resseq=81 icode= >,2c5r_B_A,2.9
117,0.354,SER, ,C,52.28,1000.00,0.0,2.80,1.0,<Residue SER het=  resseq=81 icode= >,2c5r_B_A,2.9
118,14.978,SER, ,O,53.02,1000.00,14.15,1.28,1.0,<Residue SER het=  resseq=81 icode= >,2c5r_B_A,2.9
119,15.425,SER, ,CB,51.83,1000.00,9.071,1.78,1.0,<Residue SER het=  resseq=81 icode= >,2c5r_B_A,2.9
120,33.64,SER, ,OG,51.92,1000.00,16.608,1.25,1.0,<Residue SER het=  resseq=81 icode= >,2c5r_B_A,2.9
121,0.0,ASN, ,N,51.73,1000.00,0.0,2.73,1.0,<Residue ASN het=  resseq=82 icode= >,2c5r_B_A,2.9
122,6.812,ASN, ,CA,51.5,1000.00,0.0,2.52,1.0,<Residue ASN het=  resseq=82 icode= >,2c5r_B_A,2.9
123,2.872,ASN, ,C,50.68,1000.00,0.0,3.11,1.0,<Residue ASN het=  resseq=82 icode= >,2c5r_B_A,2.9
124,24.218,ASN, ,O,51.18,1000.00,19.704,1.56,1.0,<Residue ASN het=  resseq=82 icode= >,2c5r_B_A,2.9
125,23.258,ASN, ,CB,51.38,1000.00,18.683,1.15,1.0,<Residue ASN het=  resseq=82 icode= >,2c5r_B_A,2.9
126,4.993,ASN, ,CG,51.98,1000.00,4.933,2.13,1.0,<Residue ASN het=  resseq=82 icode= >,2c5r_B_A,2.9
127,31.993,ASN, ,OD1,54.62,1000.00,2.042,1.60,1.0,<Residue ASN het=  resseq=82 icode= >,2c5r_B_A,2.9
128,44.443,ASN, ,ND2,52.86,1000.00,26.993,1.36,1.0,<Residue ASN het=  resseq=82 icode= >,2c5r_B_A,2.9
129,0.553,ILE, ,N,49.86,18.61,0.0,2.07,1.0,<Residue ILE het=  resseq=83 icode= >,2c5r_B_A,2.9
130,3.531,ILE, ,CA,49.0,17.64,3.531,3.00,1.0,<Residue ILE het=  resseq=83 icode= >,2c5r_B_A,2.9
131,1.53,ILE, ,C,48.7,18.27,0.0,3.67,1.0,<Residue ILE het=  resseq=83 icode= >,2c5r_B_A,2.9
132,6.583,ILE, ,O,49.34,19.39,0.0,1.67,1.0,<Residue ILE het=  resseq=83 icode= >,2c5r_B_A,2.9
133,0.0,ILE, ,CB,48.71,17.47,0.0,2.14,1.0,<Residue ILE het=  resseq=83 icode= >,2c5r_B_A,2.9
134,6.438,ILE, ,CG1,47.61,17.32,6.438,1.41,1.0,<Residue ILE het=  resseq=83 icode= >,2c5r_B_A,2.9
135,10.44,ILE, ,CG2,48.36,16.45,10.44,-0.03,1.0,<Residue ILE het=  resseq=83 icode= >,2c5r_B_A,2.9
136,32.417,ILE, ,CD1,45.52,16.99,29.727,0.66,1.0,<Residue ILE het=  resseq=83 icode= >,2c5r_B_A,2.9
137,5.677,ARG, ,N,48.33,17.69,5.677,2.19,1.0,<Residue ARG het=  resseq=84 icode= >,2c5r_B_A,2.9
138,5.541,ARG, ,CA,48.2,18.40,0.0,2.72,1.0,<Residue ARG het=  resseq=84 icode= >,2c5r_B_A,2.9
139,0.0,ARG, ,C,48.13,18.20,0.0,2.88,1.0,<Residue ARG het=  resseq=84 icode= >,2c5r_B_A,2.9
140,7.939,ARG, ,O,48.13,17.13,7.939,1.87,1.0,<Residue ARG het=  resseq=84 icode= >,2c5r_B_A,2.9
141,17.111,ARG, ,CB,48.33,18.11,14.238,1.18,1.0,<Residue ARG het=  resseq=84 icode= >,2c5r_B_A,2.9
142,28.283,ARG, ,CG,49.33,18.45,3.983,1.47,1.0,<Residue ARG het=  resseq=84 icode= >,2c5r_B_A,2.9
143,31.676,ARG, ,CD,49.54,18.33,19.08,1.48,1.0,<Residue ARG het=  resseq=84 icode= >,2c5r_B_A,2.9
144,12.506,ARG, ,NE,50.42,19.24,0.76,1.83,1.0,<Residue ARG het=  resseq=84 icode= >,2c5r_B_A,2.9
145,8.401,ARG, ,CZ,50.91,19.27,6.665,2.42,1.0,<Residue ARG het=  resseq=84 icode= >,2c5r_B_A,2.9
146,50.706,ARG, ,NH1,51.15,18.45,49.577,0.86,1.0,<Residue ARG het=  resseq=84 icode= >,2c5r_B_A,2.9
147,60.115,ARG, ,NH2,49.54,20.19,29.546,1.51,1.0,<Residue ARG het=  resseq=84 icode= >,2c5r_B_A,2.9
148,5.673,ILE, ,N,48.11,1000.00,0.0,2.13,1.0,<Residue ILE het=  resseq=85 icode= >,2c5r_B_A,2.9
149,0.0,ILE, ,CA,47.5,1000.00,0.0,2.85,1.0,<Residue ILE het=  resseq=85 icode= >,2c5r_B_A,2.9
150,0.034,ILE, ,C,46.69,1000.00,0.034,3.76,1.0,<Residue ILE het=  resseq=85 icode= >,2c5r_B_A,2.9
151,15.135,ILE, ,O,47.12,1000.00,1.516,2.35,1.0,<Residue ILE het=  resseq=85 icode= >,2c5r_B_A,2.9
152,4.204,ILE, ,CB,47.6,1000.00,0.0,2.12,1.0,<Residue ILE het=  resseq=85 icode= >,2c5r_B_A,2.9
153,2.413,ILE, ,CG1,47.77,1000.00,0.0,1.67,1.0,<Residue ILE het=  resseq=85 icode= >,2c5r_B_A,2.9
154,0.0,ILE, ,CG2,46.94,1000.00,0.0,0.24,1.0,<Residue ILE het=  resseq=85 icode= >,2c5r_B_A,2.9
155,0.0,ILE, ,CD1,46.94,1000.00,0.0,0.69,1.0,<Residue ILE het=  resseq=85 icode= >,2c5r_B_A,2.9
156,0.0,PRO, ,N,45.84,1000.00,0.0,4.18,1.0,<Residue PRO het=  resseq=86 icode= >,2c5r_B_A,2.9
157,12.698,PRO, ,CA,46.59,1000.00,12.698,3.24,1.0,<Residue PRO het=  resseq=86 icode= >,2c5r_B_A,2.9
158,0.0,PRO, ,C,47.08,1000.00,0.0,3.99,1.0,<Residue PRO het=  resseq=86 icode= >,2c5r_B_A,2.9
159,0.0,PRO, ,O,47.41,1000.00,0.0,2.27,1.0,<Residue PRO het=  resseq=86 icode= >,2c5r_B_A,2.9
160,15.544,PRO, ,CB,47.25,1000.00,15.147,1.40,1.0,<Residue PRO het=  resseq=86 icode= >,2c5r_B_A,2.9
161,16.763,PRO, ,CG,46.23,1000.00,15.894,1.50,1.0,<Residue PRO het=  resseq=86 icode= >,2c5r_B_A,2.9
162,9.06,PRO, ,CD,44.96,1000.00,9.06,1.96,1.0,<Residue PRO het=  resseq=86 icode= >,2c5r_B_A,2.9
163,5.752,SER, ,N,47.82,1000.00,5.752,2.86,1.0,<Residue SER het=  resseq=87 icode= >,2c5r_B_A,2.9
164,0.0,SER, ,CA,48.29,1000.00,0.0,3.56,1.0,<Residue SER het=  resseq=87 icode= >,2c5r_B_A,2.9
165,0.863,SER, ,C,48.38,1000.00,0.217,4.14,1.0,<Residue SER het=  resseq=87 icode= >,2c5r_B_A,2.9
166,0.12,SER, ,O,48.53,1000.00,0.0,2.20,1.0,<Residue SER het=  resseq=87 icode= >,2c5r_B_A,2.9
167,38.044,SER, ,CB,48.87,1000.00,3.333,0.71,1.0,<Residue SER het=  resseq=87 icode= >,2c5r_B_A,2.9
168,33.987,SER, ,OG,50.06,1000.00,23.367,0.21,1.0,<Residue SER het=  resseq=87 icode= >,2c5r_B_A,2.9
169,1.24,ASP, ,N,48.61,1000.00,1.113,2.93,1.0,<Residue ASP het=  resseq=88 icode= >,2c5r_B_A,2.9
170,4.448,ASP, ,CA,49.17,1000.00,0.649,2.46,1.0,<Residue ASP het=  resseq=88 icode= >,2c5r_B_A,2.9
171,0.0,ASP, ,C,49.35,1000.00,0.0,3.50,1.0,<Residue ASP het=  resseq=88 icode= >,2c5r_B_A,2.9
172,0.011,ASP, ,O,50.08,1000.00,0.0,1.90,1.0,<Residue ASP het=  resseq=88 icode= >,2c5r_B_A,2.9
173,7.033,ASP, ,CB,49.34,1000.00,4.56,1.06,1.0,<Residue ASP het=  resseq=88 icode= >,2c5r_B_A,2.9
174,2.616,ASP, ,CG,51.42,1000.00,2.616,1.97,1.0,<Residue ASP het=  resseq=88 icode= >,2c5r_B_A,2.9
175,19.586,ASP, ,OD1,55.53,1000.00,19.586,1.05,1.0,<Residue ASP het=  resseq=88 icode= >,2c5r_B_A,2.9
176,37.026,ASP, ,OD2,50.49,1000.00,24.261,1.63,1.0,<Residue ASP het=  resseq=88 icode= >,2c5r_B_A,2.9
177,0.0,ILE, ,N,48.85,1000.00,0.0,3.13,1.0,<Residue ILE het=  resseq=89 icode= >,2c5r_B_A,2.9
178,0.072,ILE, ,CA,48.45,1000.00,0.0,3.98,1.0,<Residue ILE het=  resseq=89 icode= >,2c5r_B_A,2.9
179,0.0,ILE, ,C,48.68,1000.00,0.0,3.82,1.0,<Residue ILE het=  resseq=89 icode= >,2c5r_B_A,2.9
180,0.0,ILE, ,O,48.75,1000.00,0.0,1.66,1.0,<Residue ILE het=  resseq=89 icode= >,2c5r_B_A,2.9
181,0.0,ILE, ,CB,48.0,1000.00,0.0,2.92,1.0,<Residue ILE het=  resseq=89 icode= >,2c5r_B_A,2.9
182,0.0,ILE, ,CG1,46.89,1000.00,0.0,1.21,1.0,<Residue ILE het=  resseq=89 icode= >,2c5r_B_A,2.9
183,0.034,ILE, ,CG2,47.25,1000.00,0.0,0.75,1.0,<Residue ILE het=  resseq=89 icode= >,2c5r_B_A,2.9
184,0.0,ILE, ,CD1,46.26,1000.00,0.0,0.02,1.0,<Residue ILE het=  resseq=89 icode= >,2c5r_B_A,2.9
185,0.0,ILE, ,N,48.99,1000.00,0.0,2.88,1.0,<Residue ILE het=  resseq=90 icode= >,2c5r_B_A,2.9
186,0.0,ILE, ,CA,49.44,1000.00,0.0,2.60,1.0,<Residue ILE het=  resseq=90 icode= >,2c5r_B_A,2.9
187,0.0,ILE, ,C,50.23,1000.00,0.0,3.39,1.0,<Residue ILE het=  resseq=90 icode= >,2c5r_B_A,2.9
188,0.0,ILE, ,O,50.22,1000.00,0.0,1.91,1.0,<Residue ILE het=  resseq=90 icode= >,2c5r_B_A,2.9
189,0.84,ILE, ,CB,49.62,1000.00,0.0,1.53,1.0,<Residue ILE het=  resseq=90 icode= >,2c5r_B_A,2.9
190,10.171,ILE, ,CG1,47.28,1000.00,0.0,0.94,1.0,<Residue ILE het=  resseq=90 icode= >,2c5r_B_A,2.9
191,26.857,ILE, ,CG2,49.63,1000.00,0.0,-0.24,1.0,<Residue ILE het=  resseq=90 icode= >,2c5r_B_A,2.9
192,8.376,ILE, ,CD1,45.03,1000.00,0.0,0.10,1.0,<Residue ILE het=  resseq=90 icode= >,2c5r_B_A,2.9
193,0.058,GLU, ,N,50.84,1000.00,0.0,3.04,1.0,<Residue GLU het=  resseq=91 icode= >,2c5r_B_A,2.9
194,0.155,GLU, ,CA,51.42,1000.00,0.0,3.91,1.0,<Residue GLU het=  resseq=91 icode= >,2c5r_B_A,2.9
195,0.0,GLU, ,C,51.43,1000.00,0.0,4.13,1.0,<Residue GLU het=  resseq=91 icode= >,2c5r_B_A,2.9
196,0.406,GLU, ,O,52.49,1000.00,0.0,1.57,1.0,<Residue GLU het=  resseq=91 icode= >,2c5r_B_A,2.9
197,1.254,GLU, ,CB,52.05,1000.00,0.0,1.28,1.0,<Residue GLU het=  resseq=91 icode= >,2c5r_B_A,2.9
198,34.351,GLU, ,CG,53.88,1000.00,0.0,0.42,1.0,<Residue GLU het=  resseq=91 icode= >,2c5r_B_A,2.9
199,10.626,GLU, ,CD,55.59,1000.00,0.0,0.98,1.0,<Residue GLU het=  resseq=91 icode= >,2c5r_B_A,2.9
200,25.878,GLU, ,OE1,56.9,1000.00,0.0,0.22,1.0,<Residue GLU het=  resseq=91 icode= >,2c5r_B_A,2.9
201,32.162,GLU, ,OE2,55.84,1000.00,0.0,0.15,1.0,<Residue GLU het=  resseq=91 icode= >,2c5r_B_A,2.9
202,0.0,ASP, ,N,51.11,1000.00,0.0,2.86,1.0,<Residue ASP het=  resseq=92 icode= >,2c5r_B_A,2.9
203,0.366,ASP, ,CA,51.34,1000.00,0.0,2.38,1.0,<Residue ASP het=  resseq=92 icode= >,2c5r_B_A,2.9
204,0.0,ASP, ,C,51.46,1000.00,0.0,3.38,1.0,<Residue ASP het=  resseq=92 icode= >,2c5r_B_A,2.9
205,0.0,ASP, ,O,51.94,1000.00,0.0,1.59,1.0,<Residue ASP het=  resseq=92 icode= >,2c5r_B_A,2.9
206,1.383,ASP, ,CB,51.07,1000.00,0.167,1.82,1.0,<Residue ASP het=  resseq=92 icode= >,2c5r_B_A,2.9
207,7.842,ASP, ,CG,52.23,1000.00,2.65,2.16,1.0,<Residue ASP het=  resseq=92 icode= >,2c5r_B_A,2.9
208,20.603,ASP, ,OD1,54.6,1000.00,19.96,1.01,1.0,<Residue ASP het=  resseq=92 icode= >,2c5r_B_A,2.9
209,21.068,ASP, ,OD2,54.15,1000.00,0.528,1.15,1.0,<Residue ASP het=  resseq=92 icode= >,2c5r_B_A,2.9
210,0.0,LEU, ,N,51.43,1000.00,0.0,2.60,1.0,<Residue LEU het=  resseq=93 icode= >,2c5r_B_A,2.9
211,0.0,LEU, ,CA,51.71,1000.00,0.0,2.21,1.0,<Residue LEU het=  resseq=93 icode= >,2c5r_B_A,2.9
212,0.0,LEU, ,C,52.13,1000.00,0.0,2.18,1.0,<Residue LEU het=  resseq=93 icode= >,2c5r_B_A,2.9
213,0.0,LEU, ,O,53.1,1000.00,0.0,0.78,1.0,<Residue LEU het=  resseq=93 icode= >,2c5r_B_A,2.9
214,0.0,LEU, ,CB,51.64,1000.00,0.0,1.28,1.0,<Residue LEU het=  resseq=93 icode= >,2c5r_B_A,2.9
215,0.0,LEU, ,CG,51.37,1000.00,0.0,0.31,1.0,<Residue LEU het=  resseq=93 icode= >,2c5r_B_A,2.9
216,0.253,LEU, ,CD1,51.19,1000.00,0.0,-0.78,1.0,<Residue LEU het=  resseq=93 icode= >,2c5r_B_A,2.9
217,0.0,LEU, ,CD2,51.73,1000.00,0.0,-1.23,1.0,<Residue LEU het=  resseq=93 icode= >,2c5r_B_A,2.9
218,0.0,VAL, ,N,52.18,1000.00,0.0,1.90,1.0,<Residue VAL het=  resseq=94 icode= >,2c5r_B_A,2.9
219,1.015,VAL, ,CA,52.35,1000.00,0.0,2.50,1.0,<Residue VAL het=  resseq=94 icode= >,2c5r_B_A,2.9
220,1.059,VAL, ,C,52.91,1000.00,0.0,2.82,1.0,<Residue VAL het=  resseq=94 icode= >,2c5r_B_A,2.9
221,5.115,VAL, ,O,52.43,1000.00,0.0,1.35,1.0,<Residue VAL het=  resseq=94 icode= >,2c5r_B_A,2.9
222,13.374,VAL, ,CB,52.19,1000.00,0.0,1.96,1.0,<Residue VAL het=  resseq=94 icode= >,2c5r_B_A,2.9
223,16.405,VAL, ,CG1,50.32,1000.00,0.0,0.33,1.0,<Residue VAL het=  resseq=94 icode= >,2c5r_B_A,2.9
224,23.08,VAL, ,CG2,51.97,1000.00,0.0,0.69,1.0,<Residue VAL het=  resseq=94 icode= >,2c5r_B_A,2.9
225,0.0,ASN, ,N,53.68,1000.00,0.0,2.27,1.0,<Residue ASN het=  resseq=95 icode= >,2c5r_B_A,2.9
226,8.765,ASN, ,CA,55.2,1000.00,0.0,2.20,1.0,<Residue ASN het=  resseq=95 icode= >,2c5r_B_A,2.9
227,4.558,ASN, ,C,54.93,1000.00,0.0,2.41,1.0,<Residue ASN het=  resseq=95 icode= >,2c5r_B_A,2.9
228,17.381,ASN, ,O,54.69,1000.00,0.0,1.18,1.0,<Residue ASN het=  resseq=95 icode= >,2c5r_B_A,2.9
229,10.795,ASN, ,CB,55.62,1000.00,0.0,1.32,1.0,<Residue ASN het=  resseq=95 icode= >,2c5r_B_A,2.9
230,6.12,ASN, ,CG,57.17,1000.00,0.0,1.22,1.0,<Residue ASN het=  resseq=95 icode= >,2c5r_B_A,2.9
231,26.727,ASN, ,OD1,59.7,1000.00,0.0,0.68,1.0,<Residue ASN het=  resseq=95 icode= >,2c5r_B_A,2.9
232,37.751,ASN, ,ND2,56.12,1000.00,0.0,0.82,1.0,<Residue ASN het=  resseq=95 icode= >,2c5r_B_A,2.9
233,0.066,GLN, ,N,54.46,1000.00,0.0,2.28,1.0,<Residue GLN het=  resseq=96 icode= >,2c5r_B_A,2.9
234,9.588,GLN, ,CA,54.11,1000.00,0.0,2.08,1.0,<Residue GLN het=  resseq=96 icode= >,2c5r_B_A,2.9
235,2.232,GLN, ,C,54.21,1000.00,0.0,1.67,1.0,<Residue GLN het=  resseq=96 icode= >,2c5r_B_A,2.9
236,13.964,GLN, ,O,54.47,1000.00,0.0,1.08,1.0,<Residue GLN het=  resseq=96 icode= >,2c5r_B_A,2.9
237,3.768,GLN, ,CB,53.8,1000.00,0.0,1.96,1.0,<Residue GLN het=  resseq=96 icode= >,2c5r_B_A,2.9
238,0.0,GLN, ,CG,53.86,1000.00,0.0,1.03,1.0,<Residue GLN het=  resseq=96 icode= >,2c5r_B_A,2.9
239,1.405,GLN, ,CD,54.86,1000.00,0.054,0.96,1.0,<Residue GLN het=  resseq=96 icode= >,2c5r_B_A,2.9
240,28.829,GLN, ,OE1,54.98,1000.00,11.925,0.57,1.0,<Residue GLN het=  resseq=96 icode= >,2c5r_B_A,2.9
241,25.874,GLN, ,NE2,54.43,1000.00,16.3,0.19,1.0,<Residue GLN het=  resseq=96 icode= >,2c5r_B_A,2.9
242,0.0,ARG, ,N,54.11,1000.00,0.0,1.43,1.0,<Residue ARG het=  resseq=97 icode= >,2c5r_B_A,2.9
243,0.357,ARG, ,CA,53.81,1000.00,0.0,1.67,1.0,<Residue ARG het=  resseq=97 icode= >,2c5r_B_A,2.9
244,0.721,ARG, ,C,53.26,1000.00,0.0,2.15,1.0,<Residue ARG het=  resseq=97 icode= >,2c5r_B_A,2.9
245,5.612,ARG, ,O,53.83,1000.00,0.0,0.44,1.0,<Residue ARG het=  resseq=97 icode= >,2c5r_B_A,2.9
246,19.403,ARG, ,CB,54.6,1000.00,0.0,0.16,1.0,<Residue ARG het=  resseq=97 icode= >,2c5r_B_A,2.9
247,30.672,ARG, ,CG,56.12,1000.00,0.0,-0.41,1.0,<Residue ARG het=  resseq=97 icode= >,2c5r_B_A,2.9
248,13.451,ARG, ,CD,57.09,1000.00,0.0,-0.00,1.0,<Residue ARG het=  resseq=97 icode= >,2c5r_B_A,2.9
249,17.234,ARG, ,NE,57.26,1000.00,0.0,0.31,1.0,<Residue ARG het=  resseq=97 icode= >,2c5r_B_A,2.9
250,8.33,ARG, ,CZ,54.33,1000.00,0.0,1.61,1.0,<Residue ARG het=  resseq=97 icode= >,2c5r_B_A,2.9
251,21.054,ARG, ,NH1,52.79,1000.00,0.0,1.55,1.0,<Residue ARG het=  resseq=97 icode= >,2c5r_B_A,2.9
252,59.136,ARG, ,NH2,53.7,1000.00,0.0,0.49,1.0,<Residue ARG het=  resseq=97 icode= >,2c5r_B_A,2.9
253,0.343,LEU, ,N,52.1,1000.00,0.0,2.46,1.0,<Residue LEU het=  resseq=98 icode= >,2c5r_B_A,2.9
254,3.233,LEU, ,CA,51.5,1000.00,0.0,2.28,1.0,<Residue LEU het=  resseq=98 icode= >,2c5r_B_A,2.9
255,0.0,LEU, ,C,51.28,1000.00,0.0,2.58,1.0,<Residue LEU het=  resseq=98 icode= >,2c5r_B_A,2.9
256,3.971,LEU, ,O,50.8,1000.00,0.0,1.43,1.0,<Residue LEU het=  resseq=98 icode= >,2c5r_B_A,2.9
257,0.0,LEU, ,CB,51.78,1000.00,0.0,0.55,1.0,<Residue LEU het=  resseq=98 icode= >,2c5r_B_A,2.9
258,0.0,LEU, ,CG,51.45,1000.00,0.0,0.63,1.0,<Residue LEU het=  resseq=98 icode= >,2c5r_B_A,2.9
259,2.627,LEU, ,CD1,50.33,1000.00,2.627,-0.14,1.0,<Residue LEU het=  resseq=98 icode= >,2c5r_B_A,2.9
260,30.628,LEU, ,CD2,49.13,1000.00,13.62,0.13,1.0,<Residue LEU het=  resseq=98 icode= >,2c5r_B_A,2.9
261,0.712,GLN, ,N,51.42,1000.00,0.0,2.78,1.0,<Residue GLN het=  resseq=99 icode= >,2c5r_B_A,2.9
262,1.006,GLN, ,CA,51.83,1000.00,0.0,2.92,1.0,<Residue GLN het=  resseq=99 icode= >,2c5r_B_A,2.9
263,1.521,GLN, ,C,52.05,1000.00,0.0,1.92,1.0,<Residue GLN het=  resseq=99 icode= >,2c5r_B_A,2.9
264,22.848,GLN, ,O,52.56,1000.00,0.0,0.68,1.0,<Residue GLN het=  resseq=99 icode= >,2c5r_B_A,2.9
265,17.598,GLN, ,CB,51.69,1000.00,0.0,1.22,1.0,<Residue GLN het=  resseq=99 icode= >,2c5r_B_A,2.9
266,17.384,GLN, ,CG,52.16,1000.00,0.0,1.22,1.0,<Residue GLN het=  resseq=99 icode= >,2c5r_B_A,2.9
267,7.442,GLN, ,CD,53.16,1000.00,0.0,1.35,1.0,<Residue GLN het=  resseq=99 icode= >,2c5r_B_A,2.9
268,36.737,GLN, ,OE1,53.57,1000.00,0.0,0.66,1.0,<Residue GLN het=  resseq=99 icode= >,2c5r_B_A,2.9
269,59.276,GLN, ,NE2,53.1,1000.00,0.0,0.85,1.0,<Residue GLN het=  resseq=99 icode= >,2c5r_B_A,2.9
270,0.185,SER, ,N,51.81,1000.00,0.0,2.29,1.0,<Residue SER het=  resseq=100 icode= >,2c5r_B_A,2.9
271,6.048,SER, ,CA,51.81,1000.00,0.0,2.45,1.0,<Residue SER het=  resseq=100 icode= >,2c5r_B_A,2.9
272,0.0,SER, ,C,52.01,1000.00,0.0,2.42,1.0,<Residue SER het=  resseq=100 icode= >,2c5r_B_A,2.9
273,0.0,SER, ,O,51.91,1000.00,0.0,1.70,1.0,<Residue SER het=  resseq=100 icode= >,2c5r_B_A,2.9
274,33.345,SER, ,CB,51.89,1000.00,0.0,1.52,1.0,<Residue SER het=  resseq=100 icode= >,2c5r_B_A,2.9
275,7.264,SER, ,OG,52.44,1000.00,0.0,1.87,1.0,<Residue SER het=  resseq=100 icode= >,2c5r_B_A,2.9
276,4.377,GLU, ,N,52.02,1000.00,0.0,1.68,1.0,<Residue GLU het=  resseq=101 icode= >,2c5r_B_A,2.9
277,0.0,GLU, ,CA,51.48,1000.00,0.0,1.87,1.0,<Residue GLU het=  resseq=101 icode= >,2c5r_B_A,2.9
278,0.075,GLU, ,C,51.27,1000.00,0.0,3.02,1.0,<Residue GLU het=  resseq=101 icode= >,2c5r_B_A,2.9
279,0.0,GLU, ,O,51.69,1000.00,0.0,1.83,1.0,<Residue GLU het=  resseq=101 icode= >,2c5r_B_A,2.9
280,13.057,GLU, ,CB,51.32,1000.00,0.0,0.76,1.0,<Residue GLU het=  resseq=101 icode= >,2c5r_B_A,2.9
281,0.858,GLU, ,CG,52.54,1000.00,0.0,0.77,1.0,<Residue GLU het=  resseq=101 icode= >,2c5r_B_A,2.9
282,13.767,GLU, ,CD,54.42,1000.00,0.0,0.73,1.0,<Residue GLU het=  resseq=101 icode= >,2c5r_B_A,2.9
283,34.623,GLU, ,OE1,55.38,1000.00,0.0,-0.11,1.0,<Residue GLU het=  resseq=101 icode= >,2c5r_B_A,2.9
284,22.832,GLU, ,OE2,55.55,1000.00,0.0,0.17,1.0,<Residue GLU het=  resseq=101 icode= >,2c5r_B_A,2.9
285,2.396,GLN, ,N,51.24,19.26,0.0,2.48,1.0,<Residue GLN het=  resseq=102 icode= >,2c5r_B_A,2.9
286,0.0,GLN, ,CA,51.19,18.11,0.0,2.48,1.0,<Residue GLN het=  resseq=102 icode= >,2c5r_B_A,2.9
287,0.232,GLN, ,C,50.99,18.13,0.0,3.30,1.0,<Residue GLN het=  resseq=102 icode= >,2c5r_B_A,2.9
288,0.0,GLN, ,O,51.05,17.09,0.0,2.23,1.0,<Residue GLN het=  resseq=102 icode= >,2c5r_B_A,2.9
289,17.292,GLN, ,CB,51.64,18.16,0.0,0.78,1.0,<Residue GLN het=  resseq=102 icode= >,2c5r_B_A,2.9
290,37.273,GLN, ,CG,51.9,16.83,0.125,0.83,1.0,<Residue GLN het=  resseq=102 icode= >,2c5r_B_A,2.9
291,4.995,GLN, ,CD,54.11,15.58,2.967,1.20,1.0,<Residue GLN het=  resseq=102 icode= >,2c5r_B_A,2.9
292,16.897,GLN, ,OE1,56.72,14.59,7.903,0.57,1.0,<Residue GLN het=  resseq=102 icode= >,2c5r_B_A,2.9
293,32.373,GLN, ,NE2,52.8,15.74,18.735,0.36,1.0,<Residue GLN het=  resseq=102 icode= >,2c5r_B_A,2.9
294,0.0,GLU, ,N,50.86,19.33,0.0,2.40,1.0,<Residue GLU het=  resseq=103 icode= >,2c5r_B_A,2.9
295,1.997,GLU, ,CA,50.96,19.40,1.587,2.37,1.0,<Residue GLU het=  resseq=103 icode= >,2c5r_B_A,2.9
296,0.0,GLU, ,C,50.93,19.32,0.0,2.97,1.0,<Residue GLU het=  resseq=103 icode= >,2c5r_B_A,2.9
297,1.238,GLU, ,O,50.4,18.70,1.238,1.99,1.0,<Residue GLU het=  resseq=103 icode= >,2c5r_B_A,2.9
298,2.607,GLU, ,CB,50.67,20.74,2.607,1.21,1.0,<Residue GLU het=  resseq=103 icode= >,2c5r_B_A,2.9
299,28.586,GLU, ,CG,51.15,21.04,7.222,0.73,1.0,<Residue GLU het=  resseq=103 icode= >,2c5r_B_A,2.9
300,7.827,GLU, ,CD,52.52,22.59,0.0,1.05,1.0,<Residue GLU het=  resseq=103 icode= >,2c5r_B_A,2.9
301,5.022,GLU, ,OE1,51.96,23.26,0.0,1.23,1.0,<Residue GLU het=  resseq=103 icode= >,2c5r_B_A,2.9
302,34.204,GLU, ,OE2,50.83,23.19,0.822,0.69,1.0,<Residue GLU het=  resseq=103 icode= >,2c5r_B_A,2.9
303,0.0,VAL, ,N,51.14,1000.00,0.0,2.65,1.0,<Residue VAL het=  resseq=104 icode= >,2c5r_B_A,2.9
304,0.0,VAL, ,CA,51.16,1000.00,0.0,2.71,1.0,<Residue VAL het=  resseq=104 icode= >,2c5r_B_A,2.9
305,0.0,VAL, ,C,51.81,1000.00,0.0,2.91,1.0,<Residue VAL het=  resseq=104 icode= >,2c5r_B_A,2.9
306,0.0,VAL, ,O,52.83,1000.00,0.0,1.45,1.0,<Residue VAL het=  resseq=104 icode= >,2c5r_B_A,2.9
307,0.0,VAL, ,CB,51.18,1000.00,0.0,1.97,1.0,<Residue VAL het=  resseq=104 icode= >,2c5r_B_A,2.9
308,0.0,VAL, ,CG1,48.75,1000.00,0.0,0.41,1.0,<Residue VAL het=  resseq=104 icode= >,2c5r_B_A,2.9
309,0.004,VAL, ,CG2,51.35,1000.00,0.0,0.14,1.0,<Residue VAL het=  resseq=104 icode= >,2c5r_B_A,2.9
310,0.0,LEU, ,N,51.77,18.01,0.0,2.96,1.0,<Residue LEU het=  resseq=105 icode= >,2c5r_B_A,2.9
311,0.0,LEU, ,CA,51.52,16.73,0.0,3.20,1.0,<Residue LEU het=  resseq=105 icode= >,2c5r_B_A,2.9
312,0.0,LEU, ,C,51.26,15.81,0.0,4.05,1.0,<Residue LEU het=  resseq=105 icode= >,2c5r_B_A,2.9
313,0.0,LEU, ,O,51.22,15.29,0.0,1.85,1.0,<Residue LEU het=  resseq=105 icode= >,2c5r_B_A,2.9
314,0.466,LEU, ,CB,51.9,15.99,0.0,0.54,1.0,<Residue LEU het=  resseq=105 icode= >,2c5r_B_A,2.9
315,0.533,LEU, ,CG,51.73,14.66,0.533,0.01,1.0,<Residue LEU het=  resseq=105 icode= >,2c5r_B_A,2.9
316,38.731,LEU, ,CD1,51.43,14.46,27.144,-1.02,1.0,<Residue LEU het=  resseq=105 icode= >,2c5r_B_A,2.9
317,16.484,LEU, ,CD2,51.38,13.52,16.061,-0.57,1.0,<Residue LEU het=  resseq=105 icode= >,2c5r_B_A,2.9
318,0.0,ASN, ,N,50.69,15.78,0.0,3.45,1.0,<Residue ASN het=  resseq=106 icode= >,2c5r_B_A,2.9
319,0.952,ASN, ,CA,50.54,15.04,0.0,3.38,1.0,<Residue ASN het=  resseq=106 icode= >,2c5r_B_A,2.9
320,0.577,ASN, ,C,50.19,15.62,0.577,3.47,1.0,<Residue ASN het=  resseq=106 icode= >,2c5r_B_A,2.9
321,1.677,ASN, ,O,49.77,14.99,0.0,2.39,1.0,<Residue ASN het=  resseq=106 icode= >,2c5r_B_A,2.9
322,24.838,ASN, ,CB,50.23,15.21,11.605,1.85,1.0,<Residue ASN het=  resseq=106 icode= >,2c5r_B_A,2.9
323,5.999,ASN, ,CG,52.26,14.70,0.0,1.72,1.0,<Residue ASN het=  resseq=106 icode= >,2c5r_B_A,2.9
324,21.745,ASN, ,OD1,54.78,15.34,0.0,0.84,1.0,<Residue ASN het=  resseq=106 icode= >,2c5r_B_A,2.9
325,21.504,ASN, ,ND2,54.09,13.68,4.918,0.81,1.0,<Residue ASN het=  resseq=106 icode= >,2c5r_B_A,2.9
326,0.206,TYR, ,N,50.33,16.93,0.206,2.97,1.0,<Residue TYR het=  resseq=107 icode= >,2c5r_B_A,2.9
327,4.397,TYR, ,CA,49.91,17.70,4.397,3.41,1.0,<Residue TYR het=  resseq=107 icode= >,2c5r_B_A,2.9
328,0.0,TYR, ,C,50.06,17.38,0.0,3.16,1.0,<Residue TYR het=  resseq=107 icode= >,2c5r_B_A,2.9
329,0.0,TYR, ,O,50.22,17.18,0.0,1.82,1.0,<Residue TYR het=  resseq=107 icode= >,2c5r_B_A,2.9
330,2.87,TYR, ,CB,49.5,19.19,2.87,1.94,1.0,<Residue TYR het=  resseq=107 icode= >,2c5r_B_A,2.9
331,0.0,TYR, ,CG,49.75,19.96,0.0,2.43,1.0,<Residue TYR het=  resseq=107 icode= >,2c5r_B_A,2.9
332,14.381,TYR, ,CD1,50.29,20.11,14.381,1.55,1.0,<Residue TYR het=  resseq=107 icode= >,2c5r_B_A,2.9
333,0.0,TYR, ,CD2,50.59,20.55,0.0,1.69,1.0,<Residue TYR het=  resseq=107 icode= >,2c5r_B_A,2.9
334,14.201,TYR, ,CE1,51.44,20.86,12.149,1.78,1.0,<Residue TYR het=  resseq=107 icode= >,2c5r_B_A,2.9
335,0.0,TYR, ,CE2,50.67,21.30,0.0,1.60,1.0,<Residue TYR het=  resseq=107 icode= >,2c5r_B_A,2.9
336,0.0,TYR, ,CZ,51.97,21.44,0.0,2.15,1.0,<Residue TYR het=  resseq=107 icode= >,2c5r_B_A,2.9
337,6.205,TYR, ,OH,52.12,22.28,5.405,0.75,1.0,<Residue TYR het=  resseq=107 icode= >,2c5r_B_A,2.9
338,0.0,ILE, ,N,49.55,17.49,0.0,2.57,1.0,<Residue ILE het=  resseq=108 icode= >,2c5r_B_A,2.9
339,0.0,ILE, ,CA,49.03,17.29,0.0,3.47,1.0,<Residue ILE het=  resseq=108 icode= >,2c5r_B_A,2.9
340,0.0,ILE, ,C,48.86,15.91,0.0,4.34,1.0,<Residue ILE het=  resseq=108 icode= >,2c5r_B_A,2.9
341,0.0,ILE, ,O,48.68,15.91,0.0,2.29,1.0,<Residue ILE het=  resseq=108 icode= >,2c5r_B_A,2.9
342,0.0,ILE, ,CB,48.95,17.67,0.0,2.75,1.0,<Residue ILE het=  resseq=108 icode= >,2c5r_B_A,2.9
343,0.0,ILE, ,CG1,48.62,19.13,0.0,1.92,1.0,<Residue ILE het=  resseq=108 icode= >,2c5r_B_A,2.9
344,0.0,ILE, ,CG2,49.74,17.66,0.0,-0.13,1.0,<Residue ILE het=  resseq=108 icode= >,2c5r_B_A,2.9
345,0.0,ILE, ,CD1,49.28,19.72,0.0,-0.08,1.0,<Residue ILE het=  resseq=108 icode= >,2c5r_B_A,2.9
346,0.0,GLU, ,N,48.62,14.82,0.0,3.91,1.0,<Residue GLU het=  resseq=109 icode= >,2c5r_B_A,2.9
347,0.0,GLU, ,CA,48.64,13.55,0.0,4.02,1.0,<Residue GLU het=  resseq=109 icode= >,2c5r_B_A,2.9
348,1.042,GLU, ,C,48.78,13.60,0.0,4.43,1.0,<Residue GLU het=  resseq=109 icode= >,2c5r_B_A,2.9
349,0.557,GLU, ,O,49.06,13.20,0.0,2.28,1.0,<Residue GLU het=  resseq=109 icode= >,2c5r_B_A,2.9
350,15.687,GLU, ,CB,48.95,12.43,0.367,1.53,1.0,<Residue GLU het=  resseq=109 icode= >,2c5r_B_A,2.9
351,15.911,GLU, ,CG,49.29,12.03,12.464,1.47,1.0,<Residue GLU het=  resseq=109 icode= >,2c5r_B_A,2.9
352,8.148,GLU, ,CD,51.26,12.07,6.938,2.45,1.0,<Residue GLU het=  resseq=109 icode= >,2c5r_B_A,2.9
353,3.978,GLU, ,OE1,52.44,12.98,3.978,1.45,1.0,<Residue GLU het=  resseq=109 icode= >,2c5r_B_A,2.9
354,20.675,GLU, ,OE2,52.89,11.33,0.0,1.71,1.0,<Residue GLU het=  resseq=109 icode= >,2c5r_B_A,2.9
355,0.406,THR, ,N,49.12,14.24,0.0,3.64,1.0,<Residue THR het=  resseq=110 icode= >,2c5r_B_A,2.9
356,4.682,THR, ,CA,49.21,14.54,0.375,3.15,1.0,<Residue THR het=  resseq=110 icode= >,2c5r_B_A,2.9
357,0.0,THR, ,C,49.49,15.44,0.0,3.34,1.0,<Residue THR het=  resseq=110 icode= >,2c5r_B_A,2.9
358,3.471,THR, ,O,50.27,15.51,1.839,1.31,1.0,<Residue THR het=  resseq=110 icode= >,2c5r_B_A,2.9
359,1.231,THR, ,CB,49.14,15.41,1.231,2.50,1.0,<Residue THR het=  resseq=110 icode= >,2c5r_B_A,2.9
360,11.968,THR, ,OG1,50.86,15.04,5.656,1.69,1.0,<Residue THR het=  resseq=110 icode= >,2c5r_B_A,2.9
361,61.373,THR, ,CG2,48.86,15.25,59.107,0.41,1.0,<Residue THR het=  resseq=110 icode= >,2c5r_B_A,2.9
362,0.0,GLN, ,N,48.75,16.28,0.0,3.74,1.0,<Residue GLN het=  resseq=111 icode= >,2c5r_B_A,2.9
363,0.0,GLN, ,CA,48.76,17.19,0.0,3.42,1.0,<Residue GLN het=  resseq=111 icode= >,2c5r_B_A,2.9
364,0.0,GLN, ,C,48.55,16.06,0.0,3.31,1.0,<Residue GLN het=  resseq=111 icode= >,2c5r_B_A,2.9
365,0.0,GLN, ,O,49.0,15.54,0.0,2.43,1.0,<Residue GLN het=  resseq=111 icode= >,2c5r_B_A,2.9
366,0.0,GLN, ,CB,49.49,18.48,0.0,0.98,1.0,<Residue GLN het=  resseq=111 icode= >,2c5r_B_A,2.9
367,0.384,GLN, ,CG,50.76,19.39,0.0,0.83,1.0,<Residue GLN het=  resseq=111 icode= >,2c5r_B_A,2.9
368,0.554,GLN, ,CD,51.77,19.02,0.554,1.90,1.0,<Residue GLN het=  resseq=111 icode= >,2c5r_B_A,2.9
369,6.485,GLN, ,OE1,55.02,18.88,6.021,0.34,1.0,<Residue GLN het=  resseq=111 icode= >,2c5r_B_A,2.9
370,23.44,GLN, ,NE2,50.68,18.48,21.468,1.73,1.0,<Residue GLN het=  resseq=111 icode= >,2c5r_B_A,2.9
371,0.0,ARG, ,N,47.69,15.78,0.0,2.66,1.0,<Residue ARG het=  resseq=112 icode= >,2c5r_B_A,2.9
372,2.731,ARG, ,CA,46.81,14.67,2.731,4.05,1.0,<Residue ARG het=  resseq=112 icode= >,2c5r_B_A,2.9
373,1.278,ARG, ,C,46.75,13.33,1.278,4.41,1.0,<Residue ARG het=  resseq=112 icode= >,2c5r_B_A,2.9
374,3.159,ARG, ,O,47.29,12.52,3.159,2.14,1.0,<Residue ARG het=  resseq=112 icode= >,2c5r_B_A,2.9
375,9.892,ARG, ,CB,46.99,14.74,8.11,2.33,1.0,<Residue ARG het=  resseq=112 icode= >,2c5r_B_A,2.9
376,0.442,ARG, ,CG,47.88,15.72,0.442,1.14,1.0,<Residue ARG het=  resseq=112 icode= >,2c5r_B_A,2.9
377,1.763,ARG, ,CD,48.77,15.78,1.763,1.29,1.0,<Residue ARG het=  resseq=112 icode= >,2c5r_B_A,2.9
378,0.0,ARG, ,NE,48.65,14.50,0.0,2.24,1.0,<Residue ARG het=  resseq=112 icode= >,2c5r_B_A,2.9
379,1.694,ARG, ,CZ,47.55,14.20,1.694,2.48,1.0,<Residue ARG het=  resseq=112 icode= >,2c5r_B_A,2.9
380,26.288,ARG, ,NH1,45.99,14.71,26.288,1.33,1.0,<Residue ARG het=  resseq=112 icode= >,2c5r_B_A,2.9
381,34.844,ARG, ,NH2,49.19,13.06,30.933,1.00,1.0,<Residue ARG het=  resseq=112 icode= >,2c5r_B_A,2.9
382,0.575,THR, ,N,46.54,13.20,0.0,3.68,1.0,<Residue THR het=  resseq=113 icode= >,2c5r_B_A,2.9
383,1.163,THR, ,CA,47.34,12.07,0.0,3.72,1.0,<Residue THR het=  resseq=113 icode= >,2c5r_B_A,2.9
384,0.0,THR, ,C,47.57,12.11,0.0,4.13,1.0,<Residue THR het=  resseq=113 icode= >,2c5r_B_A,2.9
385,0.0,THR, ,O,47.52,11.00,0.0,2.12,1.0,<Residue THR het=  resseq=113 icode= >,2c5r_B_A,2.9
386,5.035,THR, ,CB,47.41,12.28,4.606,2.88,1.0,<Residue THR het=  resseq=113 icode= >,2c5r_B_A,2.9
387,21.024,THR, ,OG1,49.6,11.55,0.0,1.75,1.0,<Residue THR het=  resseq=113 icode= >,2c5r_B_A,2.9
388,31.142,THR, ,CG2,47.35,11.16,12.669,0.20,1.0,<Residue THR het=  resseq=113 icode= >,2c5r_B_A,2.9
389,0.078,TYR, ,N,47.8,13.24,0.01,3.53,1.0,<Residue TYR het=  resseq=114 icode= >,2c5r_B_A,2.9
390,6.077,TYR, ,CA,47.88,13.34,5.731,3.78,1.0,<Residue TYR het=  resseq=114 icode= >,2c5r_B_A,2.9
391,0.0,TYR, ,C,48.26,12.70,0.0,4.43,1.0,<Residue TYR het=  resseq=114 icode= >,2c5r_B_A,2.9
392,1.398,TYR, ,O,48.76,11.96,1.398,2.04,1.0,<Residue TYR het=  resseq=114 icode= >,2c5r_B_A,2.9
393,2.702,TYR, ,CB,48.32,14.82,0.528,2.30,1.0,<Residue TYR het=  resseq=114 icode= >,2c5r_B_A,2.9
394,0.0,TYR, ,CG,48.65,15.17,0.0,2.59,1.0,<Residue TYR het=  resseq=114 icode= >,2c5r_B_A,2.9
395,0.165,TYR, ,CD1,48.49,15.43,0.165,1.37,1.0,<Residue TYR het=  resseq=114 icode= >,2c5r_B_A,2.9
396,19.885,TYR, ,CD2,51.65,15.39,18.622,1.12,1.0,<Residue TYR het=  resseq=114 icode= >,2c5r_B_A,2.9
397,3.125,TYR, ,CE1,49.95,15.89,3.125,1.95,1.0,<Residue TYR het=  resseq=114 icode= >,2c5r_B_A,2.9
398,32.649,TYR, ,CE2,52.99,15.88,32.649,1.76,1.0,<Residue TYR het=  resseq=114 icode= >,2c5r_B_A,2.9
399,4.78,TYR, ,CZ,53.93,16.11,4.78,2.63,1.0,<Residue TYR het=  resseq=114 icode= >,2c5r_B_A,2.9
400,32.466,TYR, ,OH,55.1,16.76,29.265,0.79,1.0,<Residue TYR het=  resseq=114 icode= >,2c5r_B_A,2.9
401,0.0,TRP, ,N,48.08,13.15,0.0,4.00,1.0,<Residue TRP het=  resseq=115 icode= >,2c5r_B_A,2.9
402,0.0,TRP, ,CA,47.5,12.98,0.0,3.67,1.0,<Residue TRP het=  resseq=115 icode= >,2c5r_B_A,2.9
403,1.388,TRP, ,C,47.71,11.68,1.388,3.95,1.0,<Residue TRP het=  resseq=115 icode= >,2c5r_B_A,2.9
404,0.114,TRP, ,O,47.7,11.35,0.114,2.88,1.0,<Residue TRP het=  resseq=115 icode= >,2c5r_B_A,2.9
405,6.396,TRP, ,CB,47.28,14.23,6.056,2.26,1.0,<Residue TRP het=  resseq=115 icode= >,2c5r_B_A,2.9
406,0.07,TRP, ,CG,47.26,15.47,0.0,3.37,1.0,<Residue TRP het=  resseq=115 icode= >,2c5r_B_A,2.9
407,0.0,TRP, ,CD1,48.86,16.53,0.0,2.33,1.0,<Residue TRP het=  resseq=115 icode= >,2c5r_B_A,2.9
408,1.617,TRP, ,CD2,47.84,15.94,1.575,2.83,1.0,<Residue TRP het=  resseq=115 icode= >,2c5r_B_A,2.9
409,2.109,TRP, ,NE1,49.52,17.54,1.477,2.42,1.0,<Residue TRP het=  resseq=115 icode= >,2c5r_B_A,2.9
410,0.0,TRP, ,CE2,49.17,17.23,0.0,3.30,1.0,<Residue TRP het=  resseq=115 icode= >,2c5r_B_A,2.9
411,3.577,TRP, ,CE3,46.18,15.50,3.577,1.46,1.0,<Residue TRP het=  resseq=115 icode= >,2c5r_B_A,2.9
412,10.23,TRP, ,CZ2,49.49,18.07,9.973,1.85,1.0,<Residue TRP het=  resseq=115 icode= >,2c5r_B_A,2.9
413,18.816,TRP, ,CZ3,46.09,16.40,18.816,1.73,1.0,<Residue TRP het=  resseq=115 icode= >,2c5r_B_A,2.9
414,23.432,TRP, ,CH2,48.48,17.65,22.515,1.81,1.0,<Residue TRP het=  resseq=115 icode= >,2c5r_B_A,2.9
415,0.75,LYS, ,N,48.0,11.08,0.75,2.91,1.0,<Residue LYS het=  resseq=116 icode= >,2c5r_B_A,2.9
416,11.516,LYS, ,CA,48.32,9.89,11.516,4.32,1.0,<Residue LYS het=  resseq=116 icode= >,2c5r_B_A,2.9
417,0.0,LYS, ,C,48.61,8.95,0.0,4.26,1.0,<Residue LYS het=  resseq=116 icode= >,2c5r_B_A,2.9
418,3.474,LYS, ,O,49.17,8.33,3.474,1.18,1.0,<Residue LYS het=  resseq=116 icode= >,2c5r_B_A,2.9
419,11.567,LYS, ,CB,47.94,9.27,11.52,2.61,1.0,<Residue LYS het=  resseq=116 icode= >,2c5r_B_A,2.9
420,11.422,LYS, ,CG,48.08,7.77,11.357,1.58,1.0,<Residue LYS het=  resseq=116 icode= >,2c5r_B_A,2.9
421,33.462,LYS, ,CD,50.24,7.35,29.902,1.22,1.0,<Residue LYS het=  resseq=116 icode= >,2c5r_B_A,2.9
422,23.815,LYS, ,CE,51.3,7.20,0.507,0.56,1.0,<Residue LYS het=  resseq=116 icode= >,2c5r_B_A,2.9
423,32.01,LYS, ,NZ,51.68,8.35,1.758,0.69,1.0,<Residue LYS het=  resseq=116 icode= >,2c5r_B_A,2.9
424,0.0,LEU, ,N,48.44,9.07,0.0,3.58,1.0,<Residue LEU het=  resseq=117 icode= >,2c5r_B_A,2.9
425,0.098,LEU, ,CA,48.28,8.42,0.098,3.83,1.0,<Residue LEU het=  resseq=117 icode= >,2c5r_B_A,2.9
426,0.258,LEU, ,C,47.9,9.02,0.258,3.73,1.0,<Residue LEU het=  resseq=117 icode= >,2c5r_B_A,2.9
427,3.976,LEU, ,O,48.3,8.47,3.976,1.86,1.0,<Residue LEU het=  resseq=117 icode= >,2c5r_B_A,2.9
428,8.473,LEU, ,CB,48.42,8.94,8.473,2.27,1.0,<Residue LEU het=  resseq=117 icode= >,2c5r_B_A,2.9
429,14.371,LEU, ,CG,49.44,8.28,14.371,1.73,1.0,<Residue LEU het=  resseq=117 icode= >,2c5r_B_A,2.9
430,28.315,LEU, ,CD1,51.13,7.10,24.592,-0.33,1.0,<Residue LEU het=  resseq=117 icode= >,2c5r_B_A,2.9
431,36.998,LEU, ,CD2,48.75,9.40,36.705,-0.21,1.0,<Residue LEU het=  resseq=117 icode= >,2c5r_B_A,2.9
432,0.409,GLU, ,N,47.17,10.32,0.409,3.02,1.0,<Residue GLU het=  resseq=118 icode= >,2c5r_B_A,2.9
433,0.328,GLU, ,CA,47.41,11.13,0.328,3.80,1.0,<Residue GLU het=  resseq=118 icode= >,2c5r_B_A,2.9
434,0.494,GLU, ,C,47.9,10.74,0.494,3.25,1.0,<Residue GLU het=  resseq=118 icode= >,2c5r_B_A,2.9
435,4.452,GLU, ,O,48.59,10.66,4.452,1.30,1.0,<Residue GLU het=  resseq=118 icode= >,2c5r_B_A,2.9
436,0.0,GLU, ,CB,47.39,12.53,0.0,2.17,1.0,<Residue GLU het=  resseq=118 icode= >,2c5r_B_A,2.9
437,8.624,GLU, ,CG,49.09,13.72,8.624,2.02,1.0,<Residue GLU het=  resseq=118 icode= >,2c5r_B_A,2.9
438,4.557,GLU, ,CD,50.3,13.65,3.712,3.70,1.0,<Residue GLU het=  resseq=118 icode= >,2c5r_B_A,2.9
439,26.421,GLU, ,OE1,49.92,14.11,25.811,1.88,1.0,<Residue GLU het=  resseq=118 icode= >,2c5r_B_A,2.9
440,6.615,GLU, ,OE2,52.81,13.29,6.009,2.30,1.0,<Residue GLU het=  resseq=118 icode= >,2c5r_B_A,2.9
441,0.0,ASN, ,N,48.52,10.68,0.0,2.25,1.0,<Residue ASN het=  resseq=119 icode= >,2c5r_B_A,2.9
442,4.893,ASN, ,CA,47.76,10.68,4.893,3.28,1.0,<Residue ASN het=  resseq=119 icode= >,2c5r_B_A,2.9
443,2.134,ASN, ,C,47.26,9.51,2.134,4.10,1.0,<Residue ASN het=  resseq=119 icode= >,2c5r_B_A,2.9
444,25.909,ASN, ,O,46.84,9.75,19.831,1.39,1.0,<Residue ASN het=  resseq=119 icode= >,2c5r_B_A,2.9
445,18.628,ASN, ,CB,47.57,11.22,18.628,2.83,1.0,<Residue ASN het=  resseq=119 icode= >,2c5r_B_A,2.9
446,5.659,ASN, ,CG,47.25,12.66,5.659,4.11,1.0,<Residue ASN het=  resseq=119 icode= >,2c5r_B_A,2.9
447,27.601,ASN, ,OD1,48.93,13.37,27.601,2.26,1.0,<Residue ASN het=  resseq=119 icode= >,2c5r_B_A,2.9
448,33.716,ASN, ,ND2,46.71,12.96,33.475,2.22,1.0,<Residue ASN het=  resseq=119 icode= >,2c5r_B_A,2.9
449,0.201,GLN, ,N,47.61,8.38,0.201,3.48,1.0,<Residue GLN het=  resseq=120 icode= >,2c5r_B_A,2.9
450,7.669,GLN, ,CA,48.16,7.22,5.071,3.65,1.0,<Residue GLN het=  resseq=120 icode= >,2c5r_B_A,2.9
451,1.399,GLN, ,C,48.28,7.43,0.757,3.94,1.0,<Residue GLN het=  resseq=120 icode= >,2c5r_B_A,2.9
452,17.56,GLN, ,O,47.64,6.94,4.323,1.85,1.0,<Residue GLN het=  resseq=120 icode= >,2c5r_B_A,2.9
453,3.759,GLN, ,CB,47.85,6.10,3.759,2.72,1.0,<Residue GLN het=  resseq=120 icode= >,2c5r_B_A,2.9
454,25.546,GLN, ,CG,50.25,4.89,14.965,1.79,1.0,<Residue GLN het=  resseq=120 icode= >,2c5r_B_A,2.9
455,7.111,GLN, ,CD,54.01,3.97,6.104,1.65,1.0,<Residue GLN het=  resseq=120 icode= >,2c5r_B_A,2.9
456,5.563,GLN, ,OE1,53.4,4.71,1.525,0.81,1.0,<Residue GLN het=  resseq=120 icode= >,2c5r_B_A,2.9
457,58.076,GLN, ,NE2,54.87,2.65,45.405,-0.27,1.0,<Residue GLN het=  resseq=120 icode= >,2c5r_B_A,2.9
458,0.068,LYS, ,N,49.01,8.43,0.068,2.82,1.0,<Residue LYS het=  resseq=121 icode= >,2c5r_B_A,2.9
459,6.836,LYS, ,CA,49.42,9.01,6.836,3.29,1.0,<Residue LYS het=  resseq=121 icode= >,2c5r_B_A,2.9
460,0.077,LYS, ,C,49.38,9.55,0.077,3.66,1.0,<Residue LYS het=  resseq=121 icode= >,2c5r_B_A,2.9
461,17.401,LYS, ,O,49.22,10.22,16.968,2.22,1.0,<Residue LYS het=  resseq=121 icode= >,2c5r_B_A,2.9
462,14.144,LYS, ,CB,49.04,10.24,13.353,2.13,1.0,<Residue LYS het=  resseq=121 icode= >,2c5r_B_A,2.9
463,19.646,LYS, ,CG,50.38,10.13,19.646,0.71,1.0,<Residue LYS het=  resseq=121 icode= >,2c5r_B_A,2.9
464,19.009,LYS, ,CD,51.46,11.57,19.009,0.72,1.0,<Residue LYS het=  resseq=121 icode= >,2c5r_B_A,2.9
465,36.799,LYS, ,CE,50.97,11.78,36.799,1.05,1.0,<Residue LYS het=  resseq=121 icode= >,2c5r_B_A,2.9
466,25.77,LYS, ,NZ,51.84,13.17,23.716,1.56,1.0,<Residue LYS het=  resseq=121 icode= >,2c5r_B_A,2.9
467,6.908,LYS, ,N,49.59,9.46,5.767,1.98,1.0,<Residue LYS het=  resseq=122 icode= >,2c5r_B_A,2.9
468,5.93,LYS, ,CA,49.77,10.18,0.775,3.12,1.0,<Residue LYS het=  resseq=122 icode= >,2c5r_B_A,2.9
469,1.328,LYS, ,C,50.44,11.66,1.328,3.39,1.0,<Residue LYS het=  resseq=122 icode= >,2c5r_B_A,2.9
470,23.025,LYS, ,O,50.95,12.10,19.212,1.23,1.0,<Residue LYS het=  resseq=122 icode= >,2c5r_B_A,2.9
471,25.978,LYS, ,CB,49.03,9.71,14.85,1.66,1.0,<Residue LYS het=  resseq=122 icode= >,2c5r_B_A,2.9
472,4.441,LYS, ,CG,50.9,9.78,1.636,0.98,1.0,<Residue LYS het=  resseq=122 icode= >,2c5r_B_A,2.9
473,31.247,LYS, ,CD,53.37,8.37,11.026,0.28,1.0,<Residue LYS het=  resseq=122 icode= >,2c5r_B_A,2.9
474,34.748,LYS, ,CE,51.88,7.69,0.0,0.46,1.0,<Residue LYS het=  resseq=122 icode= >,2c5r_B_A,2.9
475,41.352,LYS, ,NZ,52.49,7.70,0.109,-0.01,1.0,<Residue LYS het=  resseq=122 icode= >,2c5r_B_A,2.9
476,4.198,LEU, ,N,51.14,12.19,3.199,2.53,1.0,<Residue LEU het=  resseq=123 icode= >,2c5r_B_A,2.9
477,5.487,LEU, ,CA,51.44,13.17,5.487,2.58,1.0,<Residue LEU het=  resseq=123 icode= >,2c5r_B_A,2.9
478,0.081,LEU, ,C,51.43,12.79,0.081,3.36,1.0,<Residue LEU het=  resseq=123 icode= >,2c5r_B_A,2.9
479,1.38,LEU, ,O,52.05,11.73,0.0,1.48,1.0,<Residue LEU het=  resseq=123 icode= >,2c5r_B_A,2.9
480,16.204,LEU, ,CB,51.37,13.66,16.204,1.26,1.0,<Residue LEU het=  resseq=123 icode= >,2c5r_B_A,2.9
481,0.05,LEU, ,CG,52.78,14.60,0.05,1.12,1.0,<Residue LEU het=  resseq=123 icode= >,2c5r_B_A,2.9
482,51.237,LEU, ,CD1,51.89,15.98,51.237,0.14,1.0,<Residue LEU het=  resseq=123 icode= >,2c5r_B_A,2.9
483,50.884,LEU, ,CD2,55.05,14.74,50.884,-0.19,1.0,<Residue LEU het=  resseq=123 icode= >,2c5r_B_A,2.9
484,4.012,TYR, ,N,51.46,13.63,4.012,3.22,1.0,<Residue TYR het=  resseq=124 icode= >,2c5r_B_A,2.9
485,4.508,TYR, ,CA,51.78,13.46,2.862,3.59,1.0,<Residue TYR het=  resseq=124 icode= >,2c5r_B_A,2.9
486,0.0,TYR, ,C,52.72,14.34,0.0,3.00,1.0,<Residue TYR het=  resseq=124 icode= >,2c5r_B_A,2.9
487,12.015,TYR, ,O,52.69,15.41,10.172,2.14,1.0,<Residue TYR het=  resseq=124 icode= >,2c5r_B_A,2.9
488,29.729,TYR, ,CB,51.84,14.10,29.018,1.91,1.0,<Residue TYR het=  resseq=124 icode= >,2c5r_B_A,2.9
489,2.476,TYR, ,CG,51.36,14.05,2.476,2.72,1.0,<Residue TYR het=  resseq=124 icode= >,2c5r_B_A,2.9
490,17.986,TYR, ,CD1,50.89,15.23,11.168,2.15,1.0,<Residue TYR het=  resseq=124 icode= >,2c5r_B_A,2.9
491,22.091,TYR, ,CD2,52.67,12.91,17.435,1.51,1.0,<Residue TYR het=  resseq=124 icode= >,2c5r_B_A,2.9
492,19.122,TYR, ,CE1,53.66,15.37,16.477,1.58,1.0,<Residue TYR het=  resseq=124 icode= >,2c5r_B_A,2.9
493,32.45,TYR, ,CE2,55.07,13.04,26.129,0.62,1.0,<Residue TYR het=  resseq=124 icode= >,2c5r_B_A,2.9
494,5.213,TYR, ,CZ,55.33,14.32,4.923,1.26,1.0,<Residue TYR het=  resseq=124 icode= >,2c5r_B_A,2.9
495,41.073,TYR, ,OH,55.1,14.67,35.895,0.28,1.0,<Residue TYR het=  resseq=124 icode= >,2c5r_B_A,2.9
496,3.067,ARG, ,N,53.96,13.71,0.0,1.66,1.0,<Residue ARG het=  resseq=125 icode= >,2c5r_B_A,2.9
497,4.913,ARG, ,CA,54.8,14.35,3.863,2.18,1.0,<Residue ARG het=  resseq=125 icode= >,2c5r_B_A,2.9
498,0.0,ARG, ,C,55.01,15.15,0.0,2.78,1.0,<Residue ARG het=  resseq=125 icode= >,2c5r_B_A,2.9
499,18.335,ARG, ,O,54.91,14.67,0.0,2.05,1.0,<Residue ARG het=  resseq=125 icode= >,2c5r_B_A,2.9
500,7.095,ARG, ,CB,54.71,13.42,0.93,1.20,1.0,<Residue ARG het=  resseq=125 icode= >,2c5r_B_A,2.9
501,7.111,ARG, ,CG,55.03,12.62,7.109,0.75,1.0,<Residue ARG het=  resseq=125 icode= >,2c5r_B_A,2.9
502,17.904,ARG, ,CD,57.98,11.27,0.0,-0.70,1.0,<Residue ARG het=  resseq=125 icode= >,2c5r_B_A,2.9
503,5.458,ARG, ,NE,59.81,10.97,3.056,-0.32,1.0,<Residue ARG het=  resseq=125 icode= >,2c5r_B_A,2.9
504,4.542,ARG, ,CZ,60.34,10.37,0.831,1.02,1.0,<Residue ARG het=  resseq=125 icode= >,2c5r_B_A,2.9
505,16.181,ARG, ,NH1,56.56,10.02,6.198,0.93,1.0,<Residue ARG het=  resseq=125 icode= >,2c5r_B_A,2.9
506,57.303,ARG, ,NH2,60.02,10.35,30.987,0.52,1.0,<Residue ARG het=  resseq=125 icode= >,2c5r_B_A,2.9
507,9.173,GLY, ,N,55.47,16.47,5.538,2.13,1.0,<Residue GLY het=  resseq=126 icode= >,2c5r_B_A,2.9
508,27.51,GLY, ,CA,55.87,17.34,0.182,1.24,1.0,<Residue GLY het=  resseq=126 icode= >,2c5r_B_A,2.9
509,6.706,GLY, ,C,56.8,17.79,0.0,0.94,1.0,<Residue GLY het=  resseq=126 icode= >,2c5r_B_A,2.9
510,34.388,GLY, ,O,57.35,18.51,0.0,0.41,1.0,<Residue GLY het=  resseq=126 icode= >,2c5r_B_A,2.9
511,0.925,SER, ,N,56.82,17.43,0.0,1.17,1.0,<Residue SER het=  resseq=127 icode= >,2c5r_B_A,2.9
512,4.455,SER, ,CA,57.05,18.05,0.0,1.43,1.0,<Residue SER het=  resseq=127 icode= >,2c5r_B_A,2.9
513,3.061,SER, ,C,57.5,17.16,0.0,1.15,1.0,<Residue SER het=  resseq=127 icode= >,2c5r_B_A,2.9
514,30.745,SER, ,O,57.3,17.41,0.0,1.25,1.0,<Residue SER het=  resseq=127 icode= >,2c5r_B_A,2.9
515,38.742,SER, ,CB,56.84,18.89,4.266,1.18,1.0,<Residue SER het=  resseq=127 icode= >,2c5r_B_A,2.9
516,40.177,SER, ,OG,56.59,20.27,0.0,1.06,1.0,<Residue SER het=  resseq=127 icode= >,2c5r_B_A,2.9
517,2.707,LEU, ,N,57.84,16.28,0.137,0.37,1.0,<Residue LEU het=  resseq=128 icode= >,2c5r_B_A,2.9
518,11.334,LEU, ,CA,58.04,15.52,8.374,0.66,1.0,<Residue LEU het=  resseq=128 icode= >,2c5r_B_A,2.9
519,27.259,LEU, ,C,58.26,16.32,1.141,0.73,1.0,<Residue LEU het=  resseq=128 icode= >,2c5r_B_A,2.9
520,32.058,LEU, ,O,58.71,16.14,12.782,0.55,1.0,<Residue LEU het=  resseq=128 icode= >,2c5r_B_A,2.9
521,11.022,LEU, ,CB,58.1,14.07,0.0,0.16,1.0,<Residue LEU het=  resseq=128 icode= >,2c5r_B_A,2.9
522,2.624,LEU, ,CG,58.84,13.24,1.951,0.24,1.0,<Residue LEU het=  resseq=128 icode= >,2c5r_B_A,2.9
523,34.707,LEU, ,CD1,57.39,12.39,18.08,0.47,1.0,<Residue LEU het=  resseq=128 icode= >,2c5r_B_A,2.9
524,67.566,LEU, ,CD2,58.7,12.53,0.0,-0.44,1.0,<Residue LEU het=  resseq=128 icode= >,2c5r_B_A,2.9
