,ASA,aa,altloc,atom,bfac,d2r,dASA,dens,occ,residue,id,resolu
0,35.472,ALA, ,N,36.9,9.12,0.0,2.32,1.0,<Residue ALA het=  resseq=62 icode= >,2c62_A_A,1.74
1,14.862,ALA, ,CA,36.29,10.01,0.0,3.11,1.0,<Residue ALA het=  resseq=62 icode= >,2c62_A_A,1.74
2,0.0,ALA, ,C,35.97,9.42,0.0,4.41,1.0,<Residue ALA het=  resseq=62 icode= >,2c62_A_A,1.74
3,0.176,ALA, ,O,35.97,8.73,0.0,3.83,1.0,<Residue ALA het=  resseq=62 icode= >,2c62_A_A,1.74
4,36.067,ALA, ,CB,35.49,11.19,10.18,2.13,1.0,<Residue ALA het=  resseq=62 icode= >,2c62_A_A,1.74
5,6.832,MET, ,N,35.82,9.92,0.0,3.94,1.0,<Residue MET het=  resseq=63 icode= >,2c62_A_A,1.74
6,0.0,MET, ,CA,34.07,9.77,0.0,3.99,1.0,<Residue MET het=  resseq=63 icode= >,2c62_A_A,1.74
7,0.04,MET, ,C,34.42,11.18,0.0,4.67,1.0,<Residue MET het=  resseq=63 icode= >,2c62_A_A,1.74
8,22.042,MET, ,O,35.31,12.13,0.0,3.61,1.0,<Residue MET het=  resseq=63 icode= >,2c62_A_A,1.74
9,10.957,MET, ,CB,36.66,9.16,0.0,2.98,1.0,<Residue MET het=  resseq=63 icode= >,2c62_A_A,1.74
10,8.793,MET, ,CG,37.83,7.66,0.0,3.48,1.0,<Residue MET het=  resseq=63 icode= >,2c62_A_A,1.74
11,43.272,MET, ,SD,42.14,7.34,0.0,5.72,1.0,<Residue MET het=  resseq=63 icode= >,2c62_A_A,1.74
12,0.997,MET, ,CE,37.51,7.55,0.0,2.12,1.0,<Residue MET het=  resseq=63 icode= >,2c62_A_A,1.74
13,0.0,PHE, ,N,30.9,11.29,0.0,5.34,1.0,<Residue PHE het=  resseq=64 icode= >,2c62_A_A,1.74
14,3.59,PHE, ,CA,31.6,12.57,1.782,4.21,1.0,<Residue PHE het=  resseq=64 icode= >,2c62_A_A,1.74
15,0.0,PHE, ,C,30.98,12.48,0.0,4.53,1.0,<Residue PHE het=  resseq=64 icode= >,2c62_A_A,1.74
16,0.0,PHE, ,O,29.96,11.77,0.0,4.75,1.0,<Residue PHE het=  resseq=64 icode= >,2c62_A_A,1.74
17,16.37,PHE, ,CB,31.43,13.00,16.364,3.21,1.0,<Residue PHE het=  resseq=64 icode= >,2c62_A_A,1.74
18,2.58,PHE, ,CG,33.91,13.25,2.58,3.65,1.0,<Residue PHE het=  resseq=64 icode= >,2c62_A_A,1.74
19,4.39,PHE, ,CD1,32.97,12.33,4.39,3.17,1.0,<Residue PHE het=  resseq=64 icode= >,2c62_A_A,1.74
20,23.732,PHE, ,CD2,34.05,14.42,16.813,3.24,1.0,<Residue PHE het=  resseq=64 icode= >,2c62_A_A,1.74
21,5.456,PHE, ,CE1,36.45,12.67,5.456,2.93,1.0,<Residue PHE het=  resseq=64 icode= >,2c62_A_A,1.74
22,34.404,PHE, ,CE2,33.99,14.69,17.147,2.88,1.0,<Residue PHE het=  resseq=64 icode= >,2c62_A_A,1.74
23,23.594,PHE, ,CZ,34.62,13.85,17.993,2.92,1.0,<Residue PHE het=  resseq=64 icode= >,2c62_A_A,1.74
24,7.432,GLN, ,N,30.78,13.28,1.914,3.75,1.0,<Residue GLN het=  resseq=65 icode= >,2c62_A_A,1.74
25,0.0,GLN, ,CA,28.58,11.97,0.0,4.01,1.0,<Residue GLN het=  resseq=65 icode= >,2c62_A_A,1.74
26,0.298,GLN, ,C,28.44,11.33,0.298,4.87,1.0,<Residue GLN het=  resseq=65 icode= >,2c62_A_A,1.74
27,24.317,GLN, ,O,30.29,12.10,20.74,4.43,1.0,<Residue GLN het=  resseq=65 icode= >,2c62_A_A,1.74
28,15.644,GLN, ,CB,30.07,12.22,0.034,3.08,1.0,<Residue GLN het=  resseq=65 icode= >,2c62_A_A,1.74
29,5.633,GLN, ,CG,29.42,11.05,1.466,3.33,1.0,<Residue GLN het=  resseq=65 icode= >,2c62_A_A,1.74
30,4.997,GLN, ,CD,31.01,11.65,0.0,4.36,1.0,<Residue GLN het=  resseq=65 icode= >,2c62_A_A,1.74
31,36.399,GLN, ,OE1,29.6,12.69,0.0,4.89,1.0,<Residue GLN het=  resseq=65 icode= >,2c62_A_A,1.74
32,14.917,GLN, ,NE2,31.17,11.16,0.0,3.51,1.0,<Residue GLN het=  resseq=65 icode= >,2c62_A_A,1.74
33,0.0,ILE, ,N,27.62,10.05,0.0,4.87,1.0,<Residue ILE het=  resseq=66 icode= >,2c62_A_A,1.74
34,8.052,ILE, ,CA,27.2,9.51,8.052,3.92,1.0,<Residue ILE het=  resseq=66 icode= >,2c62_A_A,1.74
35,4.704,ILE, ,C,28.19,8.25,4.704,4.99,1.0,<Residue ILE het=  resseq=66 icode= >,2c62_A_A,1.74
36,29.747,ILE, ,O,28.59,7.85,29.373,5.00,1.0,<Residue ILE het=  resseq=66 icode= >,2c62_A_A,1.74
37,8.213,ILE, ,CB,29.17,9.40,8.213,3.34,1.0,<Residue ILE het=  resseq=66 icode= >,2c62_A_A,1.74
38,1.359,ILE, ,CG1,28.02,8.45,1.359,3.60,1.0,<Residue ILE het=  resseq=66 icode= >,2c62_A_A,1.74
39,28.284,ILE, ,CG2,27.87,10.82,28.256,3.29,1.0,<Residue ILE het=  resseq=66 icode= >,2c62_A_A,1.74
40,27.811,ILE, ,CD1,29.92,8.49,27.765,3.01,1.0,<Residue ILE het=  resseq=66 icode= >,2c62_A_A,1.74
41,0.412,GLY, ,N,28.79,7.86,0.215,4.40,1.0,<Residue GLY het=  resseq=67 icode= >,2c62_A_A,1.74
42,22.343,GLY, ,CA,27.57,6.86,11.982,3.72,1.0,<Residue GLY het=  resseq=67 icode= >,2c62_A_A,1.74
43,2.96,GLY, ,C,25.47,7.25,0.0,5.50,1.0,<Residue GLY het=  resseq=67 icode= >,2c62_A_A,1.74
44,0.0,GLY, ,O,26.84,8.16,0.0,4.64,1.0,<Residue GLY het=  resseq=67 icode= >,2c62_A_A,1.74
45,11.368,LYS, ,N,27.6,6.83,1.738,4.39,1.0,<Residue LYS het=  resseq=68 icode= >,2c62_A_A,1.74
46,9.97,LYS, ,CA,28.55,7.55,0.0,4.14,1.0,<Residue LYS het=  resseq=68 icode= >,2c62_A_A,1.74
47,0.0,LYS, ,C,29.11,7.79,0.0,4.41,1.0,<Residue LYS het=  resseq=68 icode= >,2c62_A_A,1.74
48,14.727,LYS, ,O,28.56,8.97,0.0,4.03,1.0,<Residue LYS het=  resseq=68 icode= >,2c62_A_A,1.74
49,21.208,LYS, ,CB,29.82,7.14,0.0,3.09,1.0,<Residue LYS het=  resseq=68 icode= >,2c62_A_A,1.74
50,17.132,LYS, ,CG,31.26,8.25,0.0,3.14,1.0,<Residue LYS het=  resseq=68 icode= >,2c62_A_A,1.74
51,23.71,LYS, ,CD,34.64,8.16,0.0,2.92,1.0,<Residue LYS het=  resseq=68 icode= >,2c62_A_A,1.74
52,36.595,LYS, ,CE,38.22,9.34,0.0,2.11,1.0,<Residue LYS het=  resseq=68 icode= >,2c62_A_A,1.74
53,45.508,LYS, ,NZ,42.21,9.47,0.0,1.85,1.0,<Residue LYS het=  resseq=68 icode= >,2c62_A_A,1.74
54,1.387,MET, ,N,27.29,6.88,0.0,4.51,1.0,<Residue MET het=  resseq=69 icode= >,2c62_A_A,1.74
55,3.208,MET, ,CA,27.79,7.47,0.0,4.02,1.0,<Residue MET het=  resseq=69 icode= >,2c62_A_A,1.74
56,0.0,MET, ,C,27.44,7.25,0.0,4.79,1.0,<Residue MET het=  resseq=69 icode= >,2c62_A_A,1.74
57,0.0,MET, ,O,26.71,7.56,0.0,5.11,1.0,<Residue MET het=  resseq=69 icode= >,2c62_A_A,1.74
58,1.641,MET, ,CB,30.03,7.26,0.0,4.00,1.0,<Residue MET het=  resseq=69 icode= >,2c62_A_A,1.74
59,21.817,MET, ,CG,35.52,7.84,0.0,3.43,1.0,<Residue MET het=  resseq=69 icode= >,2c62_A_A,1.74
60,9.116,MET, ,SD,43.67,6.76,0.0,5.04,1.0,<Residue MET het=  resseq=69 icode= >,2c62_A_A,1.74
61,59.553,MET, ,CE,43.59,7.01,0.0,1.05,1.0,<Residue MET het=  resseq=69 icode= >,2c62_A_A,1.74
62,0.0,ARG, ,N,25.98,7.09,0.0,5.26,1.0,<Residue ARG het=  resseq=70 icode= >,2c62_A_A,1.74
63,0.0,ARG, ,CA,26.0,7.26,0.0,4.48,1.0,<Residue ARG het=  resseq=70 icode= >,2c62_A_A,1.74
64,0.0,ARG, ,C,26.34,8.50,0.0,5.36,1.0,<Residue ARG het=  resseq=70 icode= >,2c62_A_A,1.74
65,0.0,ARG, ,O,26.53,8.88,0.0,4.69,1.0,<Residue ARG het=  resseq=70 icode= >,2c62_A_A,1.74
66,0.722,ARG, ,CB,25.89,6.08,0.557,3.69,1.0,<Residue ARG het=  resseq=70 icode= >,2c62_A_A,1.74
67,1.668,ARG, ,CG,24.87,5.00,0.173,4.02,1.0,<Residue ARG het=  resseq=70 icode= >,2c62_A_A,1.74
68,22.012,ARG, ,CD,26.54,3.92,21.214,3.81,1.0,<Residue ARG het=  resseq=70 icode= >,2c62_A_A,1.74
69,2.506,ARG, ,NE,25.64,3.42,2.411,4.70,1.0,<Residue ARG het=  resseq=70 icode= >,2c62_A_A,1.74
70,8.564,ARG, ,CZ,26.73,3.25,8.564,5.47,1.0,<Residue ARG het=  resseq=70 icode= >,2c62_A_A,1.74
71,50.914,ARG, ,NH1,27.01,3.51,50.914,3.80,1.0,<Residue ARG het=  resseq=70 icode= >,2c62_A_A,1.74
72,22.826,ARG, ,NH2,27.22,3.55,22.736,4.14,1.0,<Residue ARG het=  resseq=70 icode= >,2c62_A_A,1.74
73,0.0,TYR, ,N,26.13,9.33,0.0,4.63,1.0,<Residue TYR het=  resseq=71 icode= >,2c62_A_A,1.74
74,0.0,TYR, ,CA,26.91,9.56,0.0,3.98,1.0,<Residue TYR het=  resseq=71 icode= >,2c62_A_A,1.74
75,0.006,TYR, ,C,28.65,8.75,0.0,5.16,1.0,<Residue TYR het=  resseq=71 icode= >,2c62_A_A,1.74
76,0.323,TYR, ,O,27.63,7.95,0.0,5.25,1.0,<Residue TYR het=  resseq=71 icode= >,2c62_A_A,1.74
77,0.0,TYR, ,CB,27.57,9.14,0.0,4.11,1.0,<Residue TYR het=  resseq=71 icode= >,2c62_A_A,1.74
78,0.0,TYR, ,CG,26.95,10.03,0.0,4.26,1.0,<Residue TYR het=  resseq=71 icode= >,2c62_A_A,1.74
79,0.0,TYR, ,CD1,27.68,9.99,0.0,3.66,1.0,<Residue TYR het=  resseq=71 icode= >,2c62_A_A,1.74
80,0.0,TYR, ,CD2,27.36,10.95,0.0,3.55,1.0,<Residue TYR het=  resseq=71 icode= >,2c62_A_A,1.74
81,0.886,TYR, ,CE1,28.82,10.86,0.0,3.68,1.0,<Residue TYR het=  resseq=71 icode= >,2c62_A_A,1.74
82,13.431,TYR, ,CE2,27.64,11.75,0.0,3.70,1.0,<Residue TYR het=  resseq=71 icode= >,2c62_A_A,1.74
83,0.831,TYR, ,CZ,28.0,11.71,0.0,4.77,1.0,<Residue TYR het=  resseq=71 icode= >,2c62_A_A,1.74
84,23.612,TYR, ,OH,30.44,12.53,0.0,4.18,1.0,<Residue TYR het=  resseq=71 icode= >,2c62_A_A,1.74
85,0.0,VAL, ,N,29.25,9.20,0.0,4.93,1.0,<Residue VAL het=  resseq=72 icode= >,2c62_A_A,1.74
86,0.0,VAL, ,CA,29.61,8.78,0.0,4.70,1.0,<Residue VAL het=  resseq=72 icode= >,2c62_A_A,1.74
87,0.0,VAL, ,C,31.43,8.46,0.0,5.28,1.0,<Residue VAL het=  resseq=72 icode= >,2c62_A_A,1.74
88,0.0,VAL, ,O,32.48,9.41,0.0,3.93,1.0,<Residue VAL het=  resseq=72 icode= >,2c62_A_A,1.74
89,1.24,VAL, ,CB,29.84,10.05,1.24,3.80,1.0,<Residue VAL het=  resseq=72 icode= >,2c62_A_A,1.74
90,7.603,VAL, ,CG1,32.06,9.88,7.603,2.33,1.0,<Residue VAL het=  resseq=72 icode= >,2c62_A_A,1.74
91,14.041,VAL, ,CG2,30.43,10.75,14.041,2.92,1.0,<Residue VAL het=  resseq=72 icode= >,2c62_A_A,1.74
92,0.182,SER, ,N,30.05,7.31,0.0,5.07,1.0,<Residue SER het=  resseq=73 icode= >,2c62_A_A,1.74
93,0.0,SER, ,CA,31.65,7.25,0.0,4.37,1.0,<Residue SER het=  resseq=73 icode= >,2c62_A_A,1.74
94,0.0,SER, ,C,32.52,7.49,0.0,4.43,1.0,<Residue SER het=  resseq=73 icode= >,2c62_A_A,1.74
95,0.0,SER, ,O,31.98,7.13,0.0,4.02,1.0,<Residue SER het=  resseq=73 icode= >,2c62_A_A,1.74
96,6.752,SER, ,CB,34.18,5.91,0.0,3.41,1.0,<Residue SER het=  resseq=73 icode= >,2c62_A_A,1.74
97,1.62,SER, ,OG,39.21,4.84,1.468,3.10,1.0,<Residue SER het=  resseq=73 icode= >,2c62_A_A,1.74
98,0.0,VAL, ,N,31.65,8.14,0.0,4.97,1.0,<Residue VAL het=  resseq=74 icode= >,2c62_A_A,1.74
99,0.0,VAL, ,CA,33.42,8.75,0.0,4.30,1.0,<Residue VAL het=  resseq=74 icode= >,2c62_A_A,1.74
100,0.0,VAL, ,C,34.99,8.33,0.0,4.71,1.0,<Residue VAL het=  resseq=74 icode= >,2c62_A_A,1.74
101,4.936,VAL, ,O,35.93,8.45,1.777,3.29,1.0,<Residue VAL het=  resseq=74 icode= >,2c62_A_A,1.74
102,1.14,VAL, ,CB,32.18,10.28,1.14,3.51,1.0,<Residue VAL het=  resseq=74 icode= >,2c62_A_A,1.74
103,35.801,VAL, ,CG1,34.47,11.04,35.493,2.09,1.0,<Residue VAL het=  resseq=74 icode= >,2c62_A_A,1.74
104,17.256,VAL, ,CG2,31.17,10.81,17.256,3.21,1.0,<Residue VAL het=  resseq=74 icode= >,2c62_A_A,1.74
105,0.0,ARG, ,N,37.08,7.93,0.0,4.47,1.0,<Residue ARG het=  resseq=75 icode= >,2c62_A_A,1.74
106,8.548,ARG, ,CA,41.13,7.61,5.447,3.73,1.0,<Residue ARG het=  resseq=75 icode= >,2c62_A_A,1.74
107,2.296,ARG, ,C,41.94,7.58,2.296,3.93,1.0,<Residue ARG het=  resseq=75 icode= >,2c62_A_A,1.74
108,0.0,ARG, ,O,41.57,7.62,0.0,3.01,1.0,<Residue ARG het=  resseq=75 icode= >,2c62_A_A,1.74
109,19.503,ARG, ,CB,43.68,6.14,0.0,2.15,1.0,<Residue ARG het=  resseq=75 icode= >,2c62_A_A,1.74
110,0.0,ARG, ,CG,49.39,5.37,0.0,0.84,1.0,<Residue ARG het=  resseq=75 icode= >,2c62_A_A,1.74
111,29.841,ARG, ,CD,53.51,3.89,11.38,0.66,1.0,<Residue ARG het=  resseq=75 icode= >,2c62_A_A,1.74
112,12.676,ARG, ,NE,57.0,3.36,12.676,1.40,1.0,<Residue ARG het=  resseq=75 icode= >,2c62_A_A,1.74
113,2.516,ARG, ,CZ,58.57,3.50,2.516,1.59,1.0,<Residue ARG het=  resseq=75 icode= >,2c62_A_A,1.74
114,0.0,ARG, ,NH1,59.68,4.31,0.0,0.80,1.0,<Residue ARG het=  resseq=75 icode= >,2c62_A_A,1.74
115,20.211,ARG, ,NH2,60.07,3.20,20.211,0.85,1.0,<Residue ARG het=  resseq=75 icode= >,2c62_A_A,1.74
116,6.566,ASP, ,N,43.71,7.70,2.977,2.99,1.0,<Residue ASP het=  resseq=76 icode= >,2c62_A_A,1.74
117,0.037,ASP, ,CA,46.52,7.87,0.037,2.81,1.0,<Residue ASP het=  resseq=76 icode= >,2c62_A_A,1.74
118,0.159,ASP, ,C,46.46,6.69,0.0,3.66,1.0,<Residue ASP het=  resseq=76 icode= >,2c62_A_A,1.74
119,21.59,ASP, ,O,45.76,6.32,0.0,2.88,1.0,<Residue ASP het=  resseq=76 icode= >,2c62_A_A,1.74
120,31.164,ASP, ,CB,49.79,9.13,12.029,2.10,1.0,<Residue ASP het=  resseq=76 icode= >,2c62_A_A,1.74
121,8.454,ASP, ,CG,54.08,9.83,0.145,1.76,1.0,<Residue ASP het=  resseq=76 icode= >,2c62_A_A,1.74
122,11.521,ASP, ,OD1,56.4,9.95,3.817,1.06,1.0,<Residue ASP het=  resseq=76 icode= >,2c62_A_A,1.74
123,16.905,ASP, ,OD2,56.93,9.92,0.0,1.34,1.0,<Residue ASP het=  resseq=76 icode= >,2c62_A_A,1.74
124,0.0,PHE, ,N,46.41,6.37,0.0,3.24,1.0,<Residue PHE het=  resseq=77 icode= >,2c62_A_A,1.74
125,1.102,PHE, ,CA,47.82,5.53,0.0,2.69,1.0,<Residue PHE het=  resseq=77 icode= >,2c62_A_A,1.74
126,0.0,PHE, ,C,48.03,6.56,0.0,3.44,1.0,<Residue PHE het=  resseq=77 icode= >,2c62_A_A,1.74
127,0.14,PHE, ,O,48.27,5.59,0.14,2.56,1.0,<Residue PHE het=  resseq=77 icode= >,2c62_A_A,1.74
128,0.016,PHE, ,CB,47.81,4.34,0.0,2.08,1.0,<Residue PHE het=  resseq=77 icode= >,2c62_A_A,1.74
129,0.644,PHE, ,CG,48.48,3.75,0.644,2.87,1.0,<Residue PHE het=  resseq=77 icode= >,2c62_A_A,1.74
130,17.663,PHE, ,CD1,48.77,3.34,5.684,2.14,1.0,<Residue PHE het=  resseq=77 icode= >,2c62_A_A,1.74
131,10.442,PHE, ,CD2,48.97,3.56,10.442,1.95,1.0,<Residue PHE het=  resseq=77 icode= >,2c62_A_A,1.74
132,24.943,PHE, ,CE1,49.05,3.42,14.827,2.21,1.0,<Residue PHE het=  resseq=77 icode= >,2c62_A_A,1.74
133,28.259,PHE, ,CE2,49.6,3.51,20.504,1.49,1.0,<Residue PHE het=  resseq=77 icode= >,2c62_A_A,1.74
134,24.019,PHE, ,CZ,49.14,3.74,14.816,2.25,1.0,<Residue PHE het=  resseq=77 icode= >,2c62_A_A,1.74
135,7.855,LYS, ,N,50.31,7.01,0.0,2.10,1.0,<Residue LYS het=  resseq=78 icode= >,2c62_A_A,1.74
136,11.278,LYS, ,CA,51.44,6.52,0.0,2.68,1.0,<Residue LYS het=  resseq=78 icode= >,2c62_A_A,1.74
137,4.641,LYS, ,C,51.1,6.47,0.0,3.53,1.0,<Residue LYS het=  resseq=78 icode= >,2c62_A_A,1.74
138,17.065,LYS, ,O,52.05,5.75,0.0,2.14,1.0,<Residue LYS het=  resseq=78 icode= >,2c62_A_A,1.74
139,20.176,LYS, ,CB,52.59,5.33,5.012,1.90,1.0,<Residue LYS het=  resseq=78 icode= >,2c62_A_A,1.74
140,9.933,LYS, ,CG,54.73,5.74,0.686,0.93,1.0,<Residue LYS het=  resseq=78 icode= >,2c62_A_A,1.74
141,23.949,LYS, ,CD,56.34,7.15,0.0,0.81,1.0,<Residue LYS het=  resseq=78 icode= >,2c62_A_A,1.74
142,23.738,LYS, ,CE,57.02,6.69,0.0,0.78,1.0,<Residue LYS het=  resseq=78 icode= >,2c62_A_A,1.74
143,49.106,LYS, ,NZ,57.69,7.16,0.0,0.85,1.0,<Residue LYS het=  resseq=78 icode= >,2c62_A_A,1.74
144,6.23,GLY, ,N,51.1,7.52,0.0,3.11,1.0,<Residue GLY het=  resseq=79 icode= >,2c62_A_A,1.74
145,30.111,GLY, ,CA,51.1,7.97,0.0,1.88,1.0,<Residue GLY het=  resseq=79 icode= >,2c62_A_A,1.74
146,0.371,GLY, ,C,51.46,7.14,0.0,2.48,1.0,<Residue GLY het=  resseq=79 icode= >,2c62_A_A,1.74
147,26.298,GLY, ,O,51.78,7.27,0.0,2.15,1.0,<Residue GLY het=  resseq=79 icode= >,2c62_A_A,1.74
148,0.0,LYS, ,N,50.17,6.48,0.0,2.21,1.0,<Residue LYS het=  resseq=80 icode= >,2c62_A_A,1.74
149,1.038,LYS, ,CA,49.46,5.82,0.0,2.39,1.0,<Residue LYS het=  resseq=80 icode= >,2c62_A_A,1.74
150,0.0,LYS, ,C,46.4,6.54,0.0,4.18,1.0,<Residue LYS het=  resseq=80 icode= >,2c62_A_A,1.74
151,0.0,LYS, ,O,46.1,7.08,0.0,3.53,1.0,<Residue LYS het=  resseq=80 icode= >,2c62_A_A,1.74
152,4.574,LYS, ,CB,52.02,4.36,3.754,1.10,1.0,<Residue LYS het=  resseq=80 icode= >,2c62_A_A,1.74
153,16.019,LYS, ,CG,55.44,3.50,15.178,0.53,1.0,<Residue LYS het=  resseq=80 icode= >,2c62_A_A,1.74
154,22.234,LYS, ,CD,57.91,3.60,7.918,0.57,1.0,<Residue LYS het=  resseq=80 icode= >,2c62_A_A,1.74
155,42.602,LYS, ,CE,59.83,3.65,14.126,0.26,1.0,<Residue LYS het=  resseq=80 icode= >,2c62_A_A,1.74
156,48.735,LYS, ,NZ,61.72,4.03,2.026,-0.22,1.0,<Residue LYS het=  resseq=80 icode= >,2c62_A_A,1.74
157,4.441,VAL, ,N,44.63,6.73,0.0,2.95,1.0,<Residue VAL het=  resseq=81 icode= >,2c62_A_A,1.74
158,0.0,VAL, ,CA,43.12,7.45,0.0,2.51,1.0,<Residue VAL het=  resseq=81 icode= >,2c62_A_A,1.74
159,0.0,VAL, ,C,39.99,6.30,0.0,3.46,1.0,<Residue VAL het=  resseq=81 icode= >,2c62_A_A,1.74
160,1.185,VAL, ,O,38.16,5.52,0.0,3.19,1.0,<Residue VAL het=  resseq=81 icode= >,2c62_A_A,1.74
161,0.677,VAL, ,CB,44.85,8.43,0.0,2.44,1.0,<Residue VAL het=  resseq=81 icode= >,2c62_A_A,1.74
162,15.798,VAL, ,CG1,47.19,9.04,15.798,1.62,1.0,<Residue VAL het=  resseq=81 icode= >,2c62_A_A,1.74
163,48.252,VAL, ,CG2,47.14,9.22,21.274,0.67,1.0,<Residue VAL het=  resseq=81 icode= >,2c62_A_A,1.74
164,0.0,LEU, ,N,37.42,6.49,0.0,3.00,1.0,<Residue LEU het=  resseq=82 icode= >,2c62_A_A,1.74
165,0.0,LEU, ,CA,35.29,5.82,0.0,3.74,1.0,<Residue LEU het=  resseq=82 icode= >,2c62_A_A,1.74
166,0.0,LEU, ,C,32.57,7.00,0.0,5.00,1.0,<Residue LEU het=  resseq=82 icode= >,2c62_A_A,1.74
167,0.0,LEU, ,O,33.24,7.87,0.0,4.30,1.0,<Residue LEU het=  resseq=82 icode= >,2c62_A_A,1.74
168,0.0,LEU, ,CB,35.85,5.38,0.0,3.25,1.0,<Residue LEU het=  resseq=82 icode= >,2c62_A_A,1.74
169,0.0,LEU, ,CG,37.91,4.40,0.0,2.91,1.0,<Residue LEU het=  resseq=82 icode= >,2c62_A_A,1.74
170,11.771,LEU, ,CD1,36.94,3.85,11.771,1.81,1.0,<Residue LEU het=  resseq=82 icode= >,2c62_A_A,1.74
171,19.545,LEU, ,CD2,39.23,2.99,19.478,1.56,1.0,<Residue LEU het=  resseq=82 icode= >,2c62_A_A,1.74
172,0.0,ILE, ,N,30.67,6.98,0.0,4.42,1.0,<Residue ILE het=  resseq=83 icode= >,2c62_A_A,1.74
173,0.0,ILE, ,CA,29.91,8.21,0.0,4.53,1.0,<Residue ILE het=  resseq=83 icode= >,2c62_A_A,1.74
174,0.0,ILE, ,C,28.96,7.18,0.0,5.78,1.0,<Residue ILE het=  resseq=83 icode= >,2c62_A_A,1.74
175,0.0,ILE, ,O,29.0,7.45,0.0,4.73,1.0,<Residue ILE het=  resseq=83 icode= >,2c62_A_A,1.74
176,0.0,ILE, ,CB,30.79,8.84,0.0,3.84,1.0,<Residue ILE het=  resseq=83 icode= >,2c62_A_A,1.74
177,5.466,ILE, ,CG1,32.95,9.33,5.466,3.13,1.0,<Residue ILE het=  resseq=83 icode= >,2c62_A_A,1.74
178,1.152,ILE, ,CG2,31.64,9.92,1.152,2.79,1.0,<Residue ILE het=  resseq=83 icode= >,2c62_A_A,1.74
179,5.552,ILE, ,CD1,34.57,8.41,5.405,1.90,1.0,<Residue ILE het=  resseq=83 icode= >,2c62_A_A,1.74
180,0.0,ASP, ,N,29.82,6.12,0.0,5.03,1.0,<Residue ASP het=  resseq=84 icode= >,2c62_A_A,1.74
181,0.0,ASP, ,CA,30.19,5.19,0.0,4.68,1.0,<Residue ASP het=  resseq=84 icode= >,2c62_A_A,1.74
182,0.0,ASP, ,C,30.19,5.82,0.0,5.41,1.0,<Residue ASP het=  resseq=84 icode= >,2c62_A_A,1.74
183,0.345,ASP, ,O,30.87,6.21,0.0,4.76,1.0,<Residue ASP het=  resseq=84 icode= >,2c62_A_A,1.74
184,0.0,ASP, ,CB,33.37,3.76,0.0,3.52,1.0,<Residue ASP het=  resseq=84 icode= >,2c62_A_A,1.74
185,0.15,ASP, ,CG,38.82,2.83,0.15,3.47,1.0,<Residue ASP het=  resseq=84 icode= >,2c62_A_A,1.74
186,0.0,ASP, ,OD1,41.94,3.15,0.0,2.17,1.0,<Residue ASP het=  resseq=84 icode= >,2c62_A_A,1.74
187,3.567,ASP, ,OD2,40.81,2.46,3.493,2.20,1.0,<Residue ASP het=  resseq=84 icode= >,2c62_A_A,1.74
188,0.0,ILE, ,N,28.55,6.35,0.0,4.63,1.0,<Residue ILE het=  resseq=85 icode= >,2c62_A_A,1.74
189,0.0,ILE, ,CA,26.96,7.29,0.0,4.27,1.0,<Residue ILE het=  resseq=85 icode= >,2c62_A_A,1.74
190,0.269,ILE, ,C,27.23,6.73,0.269,4.88,1.0,<Residue ILE het=  resseq=85 icode= >,2c62_A_A,1.74
191,2.095,ILE, ,O,26.25,6.82,2.095,5.76,1.0,<Residue ILE het=  resseq=85 icode= >,2c62_A_A,1.74
192,0.0,ILE, ,CB,28.34,8.60,0.0,4.63,1.0,<Residue ILE het=  resseq=85 icode= >,2c62_A_A,1.74
193,0.0,ILE, ,CG1,29.04,9.21,0.0,4.40,1.0,<Residue ILE het=  resseq=85 icode= >,2c62_A_A,1.74
194,29.627,ILE, ,CG2,28.91,9.70,29.536,2.70,1.0,<Residue ILE het=  resseq=85 icode= >,2c62_A_A,1.74
195,17.201,ILE, ,CD1,31.12,10.45,17.201,2.70,1.0,<Residue ILE het=  resseq=85 icode= >,2c62_A_A,1.74
196,0.368,ARG, ,N,26.06,6.55,0.277,4.93,1.0,<Residue ARG het=  resseq=86 icode= >,2c62_A_A,1.74
197,2.265,ARG, ,CA,25.8,6.32,2.265,4.72,1.0,<Residue ARG het=  resseq=86 icode= >,2c62_A_A,1.74
198,0.854,ARG, ,C,26.98,7.25,0.854,5.49,1.0,<Residue ARG het=  resseq=86 icode= >,2c62_A_A,1.74
199,0.0,ARG, ,O,25.21,7.75,0.0,5.56,1.0,<Residue ARG het=  resseq=86 icode= >,2c62_A_A,1.74
200,0.44,ARG, ,CB,29.56,4.87,0.0,3.68,1.0,<Residue ARG het=  resseq=86 icode= >,2c62_A_A,1.74
201,0.0,ARG, ,CG,31.96,4.94,0.0,2.37,1.0,<Residue ARG het=  resseq=86 icode= >,2c62_A_A,1.74
202,0.653,ARG, ,CD,33.43,3.55,0.653,2.55,1.0,<Residue ARG het=  resseq=86 icode= >,2c62_A_A,1.74
203,5.09,ARG, ,NE,34.18,2.99,5.09,3.32,1.0,<Residue ARG het=  resseq=86 icode= >,2c62_A_A,1.74
204,4.51,ARG, ,CZ,33.13,3.59,4.51,4.04,1.0,<Residue ARG het=  resseq=86 icode= >,2c62_A_A,1.74
205,9.706,ARG, ,NH1,29.99,3.93,7.621,3.32,1.0,<Residue ARG het=  resseq=86 icode= >,2c62_A_A,1.74
206,18.965,ARG, ,NH2,31.32,3.68,18.603,3.51,1.0,<Residue ARG het=  resseq=86 icode= >,2c62_A_A,1.74
207,0.632,GLU, ,N,26.91,7.49,0.632,4.88,1.0,<Residue GLU het=  resseq=87 icode= >,2c62_A_A,1.74
208,0.0,GLU, ,CA,26.76,7.03,0.0,4.83,1.0,<Residue GLU het=  resseq=87 icode= >,2c62_A_A,1.74
209,0.0,GLU, ,C,27.39,6.22,0.0,5.07,1.0,<Residue GLU het=  resseq=87 icode= >,2c62_A_A,1.74
210,0.0,GLU, ,O,28.05,5.49,0.0,5.67,1.0,<Residue GLU het=  resseq=87 icode= >,2c62_A_A,1.74
211,0.893,GLU, ,CB,26.66,6.44,0.436,3.33,1.0,<Residue GLU het=  resseq=87 icode= >,2c62_A_A,1.74
212,2.915,GLU, ,CG,31.53,6.29,0.0,3.42,1.0,<Residue GLU het=  resseq=87 icode= >,2c62_A_A,1.74
213,2.48,GLU, ,CD,35.25,5.49,0.0,3.82,1.0,<Residue GLU het=  resseq=87 icode= >,2c62_A_A,1.74
214,23.997,GLU, ,OE1,39.83,5.66,0.0,2.51,1.0,<Residue GLU het=  resseq=87 icode= >,2c62_A_A,1.74
215,11.987,GLU, ,OE2,34.22,4.26,4.222,3.24,1.0,<Residue GLU het=  resseq=87 icode= >,2c62_A_A,1.74
216,0.0,TYR, ,N,25.71,6.69,0.0,5.06,1.0,<Residue TYR het=  resseq=88 icode= >,2c62_A_A,1.74
217,0.0,TYR, ,CA,25.32,6.45,0.0,5.08,1.0,<Residue TYR het=  resseq=88 icode= >,2c62_A_A,1.74
218,1.616,TYR, ,C,25.61,6.03,0.0,5.54,1.0,<Residue TYR het=  resseq=88 icode= >,2c62_A_A,1.74
219,2.831,TYR, ,O,24.95,6.05,0.0,5.39,1.0,<Residue TYR het=  resseq=88 icode= >,2c62_A_A,1.74
220,2.104,TYR, ,CB,26.67,7.87,0.0,3.46,1.0,<Residue TYR het=  resseq=88 icode= >,2c62_A_A,1.74
221,0.0,TYR, ,CG,28.59,7.74,0.0,4.22,1.0,<Residue TYR het=  resseq=88 icode= >,2c62_A_A,1.74
222,0.0,TYR, ,CD1,29.98,7.43,0.0,3.78,1.0,<Residue TYR het=  resseq=88 icode= >,2c62_A_A,1.74
223,1.347,TYR, ,CD2,32.04,6.89,0.0,3.24,1.0,<Residue TYR het=  resseq=88 icode= >,2c62_A_A,1.74
224,0.196,TYR, ,CE1,33.28,6.39,0.0,3.43,1.0,<Residue TYR het=  resseq=88 icode= >,2c62_A_A,1.74
225,11.947,TYR, ,CE2,32.65,5.70,0.803,3.49,1.0,<Residue TYR het=  resseq=88 icode= >,2c62_A_A,1.74
226,0.0,TYR, ,CZ,34.65,5.48,0.0,3.81,1.0,<Residue TYR het=  resseq=88 icode= >,2c62_A_A,1.74
227,9.514,TYR, ,OH,39.42,4.57,6.029,2.35,1.0,<Residue TYR het=  resseq=88 icode= >,2c62_A_A,1.74
228,0.0,TRP, ,N,25.44,5.62,0.0,5.73,1.0,<Residue TRP het=  resseq=89 icode= >,2c62_A_A,1.74
229,8.525,TRP, ,CA,26.45,5.16,0.0,4.42,1.0,<Residue TRP het=  resseq=89 icode= >,2c62_A_A,1.74
230,0.145,TRP, ,C,25.88,5.88,0.0,5.80,1.0,<Residue TRP het=  resseq=89 icode= >,2c62_A_A,1.74
231,0.0,TRP, ,O,27.31,6.86,0.0,5.18,1.0,<Residue TRP het=  resseq=89 icode= >,2c62_A_A,1.74
232,26.263,TRP, ,CB,26.78,3.67,14.341,3.33,1.0,<Residue TRP het=  resseq=89 icode= >,2c62_A_A,1.74
233,2.096,TRP, ,CG,27.39,3.40,2.096,3.90,1.0,<Residue TRP het=  resseq=89 icode= >,2c62_A_A,1.74
234,1.52,TRP, ,CD1,28.77,3.69,1.52,3.55,1.0,<Residue TRP het=  resseq=89 icode= >,2c62_A_A,1.74
235,2.632,TRP, ,CD2,29.28,3.44,2.632,4.12,1.0,<Residue TRP het=  resseq=89 icode= >,2c62_A_A,1.74
236,3.95,TRP, ,NE1,29.4,3.78,3.95,4.57,1.0,<Residue TRP het=  resseq=89 icode= >,2c62_A_A,1.74
237,3.43,TRP, ,CE2,30.48,3.68,3.43,4.43,1.0,<Residue TRP het=  resseq=89 icode= >,2c62_A_A,1.74
238,12.139,TRP, ,CE3,29.89,3.33,10.995,3.13,1.0,<Residue TRP het=  resseq=89 icode= >,2c62_A_A,1.74
239,24.463,TRP, ,CZ2,31.75,3.61,24.463,2.79,1.0,<Residue TRP het=  resseq=89 icode= >,2c62_A_A,1.74
240,15.027,TRP, ,CZ3,31.73,3.28,12.997,3.24,1.0,<Residue TRP het=  resseq=89 icode= >,2c62_A_A,1.74
241,24.02,TRP, ,CH2,31.59,3.73,21.283,2.64,1.0,<Residue TRP het=  resseq=89 icode= >,2c62_A_A,1.74
242,4.524,MET, ,N,26.32,5.66,0.0,5.53,1.0,<Residue MET het=  resseq=90 icode= >,2c62_A_A,1.74
243,0.0,MET, ,CA,29.0,6.66,0.0,3.71,1.0,<Residue MET het=  resseq=90 icode= >,2c62_A_A,1.74
244,0.0,MET, ,C,29.62,6.20,0.0,4.95,1.0,<Residue MET het=  resseq=90 icode= >,2c62_A_A,1.74
245,19.344,MET, ,O,27.01,5.47,0.0,4.98,1.0,<Residue MET het=  resseq=90 icode= >,2c62_A_A,1.74
246,15.739,MET, ,CB,28.57,7.57,0.0,3.37,1.0,<Residue MET het=  resseq=90 icode= >,2c62_A_A,1.74
247,8.189,MET, ,CG,29.66,8.34,0.0,2.82,1.0,<Residue MET het=  resseq=90 icode= >,2c62_A_A,1.74
248,42.432,MET, ,SD,32.09,9.65,0.0,8.21,1.0,<Residue MET het=  resseq=90 icode= >,2c62_A_A,1.74
249,65.803,MET, ,CE,27.41,10.65,0.0,3.08,1.0,<Residue MET het=  resseq=90 icode= >,2c62_A_A,1.74
250,0.0,ASP, ,N,32.36,6.85,0.0,4.60,1.0,<Residue ASP het=  resseq=91 icode= >,2c62_A_A,1.74
251,0.154,ASP, ,CA,34.67,6.34,0.0,3.01,1.0,<Residue ASP het=  resseq=91 icode= >,2c62_A_A,1.74
252,1.846,ASP, ,C,36.18,7.21,0.0,3.73,1.0,<Residue ASP het=  resseq=91 icode= >,2c62_A_A,1.74
253,7.954,ASP, ,O,35.03,8.15,0.0,3.62,1.0,<Residue ASP het=  resseq=91 icode= >,2c62_A_A,1.74
254,3.516,ASP, ,CB,36.17,5.10,1.193,2.37,1.0,<Residue ASP het=  resseq=91 icode= >,2c62_A_A,1.74
255,1.237,ASP, ,CG,37.42,5.44,0.0,4.23,1.0,<Residue ASP het=  resseq=91 icode= >,2c62_A_A,1.74
256,0.0,ASP, ,OD1,36.4,6.67,0.0,3.83,1.0,<Residue ASP het=  resseq=91 icode= >,2c62_A_A,1.74
257,6.39,ASP, ,OD2,39.93,4.72,0.002,3.37,1.0,<Residue ASP het=  resseq=91 icode= >,2c62_A_A,1.74
258,0.259,PRO, ,N,37.47,7.14,0.0,3.88,1.0,<Residue PRO het=  resseq=92 icode= >,2c62_A_A,1.74
259,12.314,PRO, ,CA,38.43,8.23,0.0,3.60,1.0,<Residue PRO het=  resseq=92 icode= >,2c62_A_A,1.74
260,0.502,PRO, ,C,39.44,9.39,0.0,4.51,1.0,<Residue PRO het=  resseq=92 icode= >,2c62_A_A,1.74
261,28.854,PRO, ,O,41.74,10.58,0.0,3.07,1.0,<Residue PRO het=  resseq=92 icode= >,2c62_A_A,1.74
262,26.896,PRO, ,CB,38.34,8.15,0.0,2.40,1.0,<Residue PRO het=  resseq=92 icode= >,2c62_A_A,1.74
263,44.274,PRO, ,CG,36.02,6.72,0.0,2.64,1.0,<Residue PRO het=  resseq=92 icode= >,2c62_A_A,1.74
264,14.581,PRO, ,CD,36.68,6.30,0.0,3.17,1.0,<Residue PRO het=  resseq=92 icode= >,2c62_A_A,1.74
265,0.0,GLU, ,N,40.63,8.67,0.0,3.60,1.0,<Residue GLU het=  resseq=93 icode= >,2c62_A_A,1.74
266,2.879,GLU, ,CA,42.54,9.47,0.0,3.05,1.0,<Residue GLU het=  resseq=93 icode= >,2c62_A_A,1.74
267,4.003,GLU, ,C,41.21,9.98,0.0,4.18,1.0,<Residue GLU het=  resseq=93 icode= >,2c62_A_A,1.74
268,24.447,GLU, ,O,42.75,10.79,0.0,3.22,1.0,<Residue GLU het=  resseq=93 icode= >,2c62_A_A,1.74
269,12.987,GLU, ,CB,45.31,8.89,0.0,1.72,1.0,<Residue GLU het=  resseq=93 icode= >,2c62_A_A,1.74
270,28.753,GLU, ,CG,51.25,8.54,0.0,1.35,1.0,<Residue GLU het=  resseq=93 icode= >,2c62_A_A,1.74
271,8.944,GLU, ,CD,54.53,9.82,0.0,1.90,1.0,<Residue GLU het=  resseq=93 icode= >,2c62_A_A,1.74
272,33.574,GLU, ,OE1,56.8,9.77,0.0,1.30,1.0,<Residue GLU het=  resseq=93 icode= >,2c62_A_A,1.74
273,32.413,GLU, ,OE2,56.74,10.90,0.0,1.29,1.0,<Residue GLU het=  resseq=93 icode= >,2c62_A_A,1.74
274,1.137,GLY, ,N,40.12,9.73,0.0,3.56,1.0,<Residue GLY het=  resseq=94 icode= >,2c62_A_A,1.74
275,30.517,GLY, ,CA,39.62,10.46,0.0,2.94,1.0,<Residue GLY het=  resseq=94 icode= >,2c62_A_A,1.74
276,0.588,GLY, ,C,39.57,9.95,0.0,4.35,1.0,<Residue GLY het=  resseq=94 icode= >,2c62_A_A,1.74
277,27.798,GLY, ,O,39.41,10.82,0.0,3.61,1.0,<Residue GLY het=  resseq=94 icode= >,2c62_A_A,1.74
278,0.0,GLU, ,N,38.84,8.66,0.0,3.73,1.0,<Residue GLU het=  resseq=95 icode= >,2c62_A_A,1.74
279,0.599,GLU, ,CA,39.42,8.32,0.0,3.14,1.0,<Residue GLU het=  resseq=95 icode= >,2c62_A_A,1.74
280,0.0,GLU, ,C,37.67,7.88,0.0,4.28,1.0,<Residue GLU het=  resseq=95 icode= >,2c62_A_A,1.74
281,0.0,GLU, ,O,35.76,7.12,0.0,3.98,1.0,<Residue GLU het=  resseq=95 icode= >,2c62_A_A,1.74
282,0.0,GLU, ,CB,42.79,7.45,0.0,2.29,1.0,<Residue GLU het=  resseq=95 icode= >,2c62_A_A,1.74
283,18.766,GLU, ,CG,49.06,8.34,0.0,1.65,1.0,<Residue GLU het=  resseq=95 icode= >,2c62_A_A,1.74
284,10.824,GLU, ,CD,52.2,9.58,0.0,1.86,1.0,<Residue GLU het=  resseq=95 icode= >,2c62_A_A,1.74
285,36.149,GLU, ,OE1,54.79,9.58,0.0,0.89,1.0,<Residue GLU het=  resseq=95 icode= >,2c62_A_A,1.74
286,32.675,GLU, ,OE2,54.34,10.69,0.0,1.32,1.0,<Residue GLU het=  resseq=95 icode= >,2c62_A_A,1.74
287,6.16,MET, ,N,34.94,8.64,0.0,4.56,1.0,<Residue MET het=  resseq=96 icode= >,2c62_A_A,1.74
288,0.0,MET, ,CA,35.68,8.70,0.0,3.52,1.0,<Residue MET het=  resseq=96 icode= >,2c62_A_A,1.74
289,0.0,MET, ,C,36.19,7.73,0.0,3.59,1.0,<Residue MET het=  resseq=96 icode= >,2c62_A_A,1.74
290,18.813,MET, ,O,37.07,7.82,0.0,3.35,1.0,<Residue MET het=  resseq=96 icode= >,2c62_A_A,1.74
291,19.835,MET, ,CB,35.05,10.13,0.0,3.29,1.0,<Residue MET het=  resseq=96 icode= >,2c62_A_A,1.74
292,3.549,MET, ,CG,36.42,10.21,0.0,3.33,1.0,<Residue MET het=  resseq=96 icode= >,2c62_A_A,1.74
293,34.59,MET, ,SD,39.19,10.78,0.0,6.16,1.0,<Residue MET het=  resseq=96 icode= >,2c62_A_A,1.74
294,14.155,MET, ,CE,37.44,10.12,0.0,1.52,1.0,<Residue MET het=  resseq=96 icode= >,2c62_A_A,1.74
295,0.0,LYS, ,N,35.8,6.92,0.0,3.38,1.0,<Residue LYS het=  resseq=97 icode= >,2c62_A_A,1.74
296,0.317,LYS, ,CA,35.01,5.74,0.0,4.42,1.0,<Residue LYS het=  resseq=97 icode= >,2c62_A_A,1.74
297,0.0,LYS, ,C,33.31,5.60,0.0,4.64,1.0,<Residue LYS het=  resseq=97 icode= >,2c62_A_A,1.74
298,0.0,LYS, ,O,29.59,6.18,0.0,4.97,1.0,<Residue LYS het=  resseq=97 icode= >,2c62_A_A,1.74
299,3.172,LYS, ,CB,36.45,4.56,3.172,2.91,1.0,<Residue LYS het=  resseq=97 icode= >,2c62_A_A,1.74
300,0.349,LYS, ,CG,40.1,4.35,0.349,2.76,1.0,<Residue LYS het=  resseq=97 icode= >,2c62_A_A,1.74
301,19.297,LYS, ,CD,41.53,4.54,3.53,2.24,1.0,<Residue LYS het=  resseq=97 icode= >,2c62_A_A,1.74
302,28.195,LYS, ,CE,44.49,4.32,0.0,1.58,1.0,<Residue LYS het=  resseq=97 icode= >,2c62_A_A,1.74
303,29.169,LYS, ,NZ,46.0,3.01,14.955,1.38,1.0,<Residue LYS het=  resseq=97 icode= >,2c62_A_A,1.74
304,0.0,PRO, ,N,32.04,4.98,0.0,4.43,1.0,<Residue PRO het=  resseq=98 icode= >,2c62_A_A,1.74
305,0.0,PRO, ,CA,31.27,4.57,0.0,3.70,1.0,<Residue PRO het=  resseq=98 icode= >,2c62_A_A,1.74
306,0.12,PRO, ,C,29.44,4.29,0.12,5.16,1.0,<Residue PRO het=  resseq=98 icode= >,2c62_A_A,1.74
307,11.038,PRO, ,O,31.13,3.15,11.038,4.37,1.0,<Residue PRO het=  resseq=98 icode= >,2c62_A_A,1.74
308,9.669,PRO, ,CB,30.64,3.43,9.669,3.24,1.0,<Residue PRO het=  resseq=98 icode= >,2c62_A_A,1.74
309,38.813,PRO, ,CG,32.64,3.52,38.813,2.01,1.0,<Residue PRO het=  resseq=98 icode= >,2c62_A_A,1.74
310,20.189,PRO, ,CD,33.68,4.63,8.172,2.35,1.0,<Residue PRO het=  resseq=98 icode= >,2c62_A_A,1.74
311,0.0,GLY, ,N,28.07,4.50,0.0,5.22,1.0,<Residue GLY het=  resseq=99 icode= >,2c62_A_A,1.74
312,7.551,GLY, ,CA,29.86,3.15,6.21,3.43,1.0,<Residue GLY het=  resseq=99 icode= >,2c62_A_A,1.74
313,3.317,GLY, ,C,30.1,3.52,3.317,4.73,1.0,<Residue GLY het=  resseq=99 icode= >,2c62_A_A,1.74
314,5.602,GLY, ,O,30.45,4.05,5.602,4.26,1.0,<Residue GLY het=  resseq=99 icode= >,2c62_A_A,1.74
315,6.688,ARG, ,N,31.22,2.90,6.688,3.97,1.0,<Residue ARG het=  resseq=100 icode= >,2c62_A_A,1.74
316,10.21,ARG, ,CA,34.15,3.86,9.749,3.56,1.0,<Residue ARG het=  resseq=100 icode= >,2c62_A_A,1.74
317,0.0,ARG, ,C,31.67,4.94,0.0,5.43,1.0,<Residue ARG het=  resseq=100 icode= >,2c62_A_A,1.74
318,19.404,ARG, ,O,33.65,5.08,15.924,3.86,1.0,<Residue ARG het=  resseq=100 icode= >,2c62_A_A,1.74
319,28.897,ARG, ,CB,37.02,3.68,18.979,3.01,1.0,<Residue ARG het=  resseq=100 icode= >,2c62_A_A,1.74
320,10.339,ARG, ,CG,42.88,3.72,8.787,1.75,1.0,<Residue ARG het=  resseq=100 icode= >,2c62_A_A,1.74
321,35.193,ARG, ,CD,49.89,4.03,13.52,0.69,1.0,<Residue ARG het=  resseq=100 icode= >,2c62_A_A,1.74
322,19.962,ARG, ,NE,55.09,4.99,0.517,0.57,1.0,<Residue ARG het=  resseq=100 icode= >,2c62_A_A,1.74
323,4.943,ARG, ,CZ,56.13,4.95,0.0,1.66,1.0,<Residue ARG het=  resseq=100 icode= >,2c62_A_A,1.74
324,29.317,ARG, ,NH1,58.18,4.30,7.097,0.98,1.0,<Residue ARG het=  resseq=100 icode= >,2c62_A_A,1.74
325,42.015,ARG, ,NH2,57.03,4.61,4.69,1.05,1.0,<Residue ARG het=  resseq=100 icode= >,2c62_A_A,1.74
326,0.819,LYS, ,N,30.63,4.73,0.188,4.58,1.0,<Residue LYS het=  resseq=101 icode= >,2c62_A_A,1.74
327,5.609,LYS, ,CA,28.84,5.94,4.25,4.35,1.0,<Residue LYS het=  resseq=101 icode= >,2c62_A_A,1.74
328,1.791,LYS, ,C,28.13,6.80,1.791,5.30,1.0,<Residue LYS het=  resseq=101 icode= >,2c62_A_A,1.74
329,1.109,LYS, ,O,27.62,6.68,1.109,5.68,1.0,<Residue LYS het=  resseq=101 icode= >,2c62_A_A,1.74
330,7.087,LYS, ,CB,30.37,5.23,6.954,3.39,1.0,<Residue LYS het=  resseq=101 icode= >,2c62_A_A,1.74
331,7.464,LYS, ,CG,32.19,4.14,3.583,2.99,1.0,<Residue LYS het=  resseq=101 icode= >,2c62_A_A,1.74
332,7.264,LYS, ,CD,31.31,3.90,5.771,2.84,1.0,<Residue LYS het=  resseq=101 icode= >,2c62_A_A,1.74
333,22.353,LYS, ,CE,35.36,3.42,10.69,2.28,1.0,<Residue LYS het=  resseq=101 icode= >,2c62_A_A,1.74
334,44.016,LYS, ,NZ,33.08,3.05,25.048,2.90,1.0,<Residue LYS het=  resseq=101 icode= >,2c62_A_A,1.74
335,7.591,GLY, ,N,26.15,7.12,7.591,5.10,1.0,<Residue GLY het=  resseq=102 icode= >,2c62_A_A,1.74
336,7.572,GLY, ,CA,23.02,7.02,7.572,4.61,1.0,<Residue GLY het=  resseq=102 icode= >,2c62_A_A,1.74
337,1.891,GLY, ,C,25.07,6.15,1.891,5.04,1.0,<Residue GLY het=  resseq=102 icode= >,2c62_A_A,1.74
338,19.964,GLY, ,O,25.08,5.42,18.975,5.76,1.0,<Residue GLY het=  resseq=102 icode= >,2c62_A_A,1.74
339,0.0,ILE, ,N,24.6,6.55,0.0,5.29,1.0,<Residue ILE het=  resseq=103 icode= >,2c62_A_A,1.74
340,3.019,ILE, ,CA,24.87,6.09,1.853,4.30,1.0,<Residue ILE het=  resseq=103 icode= >,2c62_A_A,1.74
341,0.0,ILE, ,C,25.96,5.89,0.0,5.58,1.0,<Residue ILE het=  resseq=103 icode= >,2c62_A_A,1.74
342,0.0,ILE, ,O,26.17,6.42,0.0,5.10,1.0,<Residue ILE het=  resseq=103 icode= >,2c62_A_A,1.74
343,5.023,ILE, ,CB,23.95,7.25,5.023,4.53,1.0,<Residue ILE het=  resseq=103 icode= >,2c62_A_A,1.74
344,12.475,ILE, ,CG1,24.63,6.48,12.406,4.27,1.0,<Residue ILE het=  resseq=103 icode= >,2c62_A_A,1.74
345,22.519,ILE, ,CG2,24.43,8.40,22.519,4.15,1.0,<Residue ILE het=  resseq=103 icode= >,2c62_A_A,1.74
346,59.584,ILE, ,CD1,28.83,7.21,59.529,2.71,1.0,<Residue ILE het=  resseq=103 icode= >,2c62_A_A,1.74
347,3.624,SER, ,N,25.3,5.02,2.432,5.22,1.0,<Residue SER het=  resseq=104 icode= >,2c62_A_A,1.74
348,0.0,SER, ,CA,27.65,4.54,0.0,4.56,1.0,<Residue SER het=  resseq=104 icode= >,2c62_A_A,1.74
349,0.0,SER, ,C,26.86,4.07,0.0,5.73,1.0,<Residue SER het=  resseq=104 icode= >,2c62_A_A,1.74
350,17.259,SER, ,O,28.41,3.17,17.259,4.58,1.0,<Residue SER het=  resseq=104 icode= >,2c62_A_A,1.74
351,15.249,SER, ,CB,29.91,3.76,15.249,4.14,1.0,<Residue SER het=  resseq=104 icode= >,2c62_A_A,1.74
352,6.084,SER, ,OG,34.44,3.08,6.084,3.30,1.0,<Residue SER het=  resseq=104 icode= >,2c62_A_A,1.74
353,0.0,LEU, ,N,28.63,5.06,0.0,4.76,1.0,<Residue LEU het=  resseq=105 icode= >,2c62_A_A,1.74
354,0.0,LEU, ,CA,29.11,5.00,0.0,4.11,1.0,<Residue LEU het=  resseq=105 icode= >,2c62_A_A,1.74
355,0.0,LEU, ,C,31.12,4.80,0.0,4.69,1.0,<Residue LEU het=  resseq=105 icode= >,2c62_A_A,1.74
356,0.0,LEU, ,O,32.36,5.13,0.0,4.82,1.0,<Residue LEU het=  resseq=105 icode= >,2c62_A_A,1.74
357,0.0,LEU, ,CB,29.2,6.48,0.0,3.53,1.0,<Residue LEU het=  resseq=105 icode= >,2c62_A_A,1.74
358,0.0,LEU, ,CG,26.64,7.32,0.0,5.02,1.0,<Residue LEU het=  resseq=105 icode= >,2c62_A_A,1.74
359,3.083,LEU, ,CD1,28.63,8.74,3.083,3.25,1.0,<Residue LEU het=  resseq=105 icode= >,2c62_A_A,1.74
360,15.488,LEU, ,CD2,26.37,6.93,15.488,3.50,1.0,<Residue LEU het=  resseq=105 icode= >,2c62_A_A,1.74
361,1.247,ASN, ,N,31.08,4.58,1.247,4.50,1.0,<Residue ASN het=  resseq=106 icode= >,2c62_A_A,1.74
362,0.0,ASN, ,CA,33.74,4.76,0.0,3.24,1.0,<Residue ASN het=  resseq=106 icode= >,2c62_A_A,1.74
363,0.0,ASN, ,C,34.71,6.28,0.0,4.15,1.0,<Residue ASN het=  resseq=106 icode= >,2c62_A_A,1.74
364,0.0,ASN, ,O,33.0,7.00,0.0,3.72,1.0,<Residue ASN het=  resseq=106 icode= >,2c62_A_A,1.74
365,20.619,ASN, ,CB,34.47,4.11,10.961,2.35,1.0,<Residue ASN het=  resseq=106 icode= >,2c62_A_A,1.74
366,0.979,ASN, ,CG,35.1,4.48,0.0,4.01,1.0,<Residue ASN het=  resseq=106 icode= >,2c62_A_A,1.74
367,0.0,ASN, ,OD1,38.3,5.63,0.0,3.04,1.0,<Residue ASN het=  resseq=106 icode= >,2c62_A_A,1.74
368,37.316,ASN, ,ND2,40.52,3.70,23.66,2.54,1.0,<Residue ASN het=  resseq=106 icode= >,2c62_A_A,1.74
369,0.0,PRO, ,N,36.39,6.90,0.0,4.04,1.0,<Residue PRO het=  resseq=107 icode= >,2c62_A_A,1.74
370,0.328,PRO, ,CA,35.84,8.35,0.005,3.53,1.0,<Residue PRO het=  resseq=107 icode= >,2c62_A_A,1.74
371,1.546,PRO, ,C,35.91,8.92,0.0,5.06,1.0,<Residue PRO het=  resseq=107 icode= >,2c62_A_A,1.74
372,3.498,PRO, ,O,35.8,10.02,0.0,3.97,1.0,<Residue PRO het=  resseq=107 icode= >,2c62_A_A,1.74
373,35.139,PRO, ,CB,36.38,8.83,5.481,2.05,1.0,<Residue PRO het=  resseq=107 icode= >,2c62_A_A,1.74
374,14.403,PRO, ,CG,36.55,8.06,4.696,2.24,1.0,<Residue PRO het=  resseq=107 icode= >,2c62_A_A,1.74
375,11.604,PRO, ,CD,35.84,6.60,0.0,2.76,1.0,<Residue PRO het=  resseq=107 icode= >,2c62_A_A,1.74
376,2.403,GLU, ,N,36.42,8.37,0.0,5.12,1.0,<Residue GLU het=  resseq=108 icode= >,2c62_A_A,1.74
377,4.387,GLU, ,CA,36.91,8.86,0.0,3.88,1.0,<Residue GLU het=  resseq=108 icode= >,2c62_A_A,1.74
378,0.0,GLU, ,C,35.95,8.91,0.0,4.70,1.0,<Residue GLU het=  resseq=108 icode= >,2c62_A_A,1.74
379,0.0,GLU, ,O,34.53,9.89,0.0,4.62,1.0,<Residue GLU het=  resseq=108 icode= >,2c62_A_A,1.74
380,16.139,GLU, ,CB,42.05,7.92,0.0,2.75,1.0,<Residue GLU het=  resseq=108 icode= >,2c62_A_A,1.74
381,39.231,GLU, ,CG,48.96,8.73,0.0,1.75,1.0,<Residue GLU het=  resseq=108 icode= >,2c62_A_A,1.74
382,6.012,GLU, ,CD,53.11,9.36,0.0,2.21,1.0,<Residue GLU het=  resseq=108 icode= >,2c62_A_A,1.74
383,8.471,GLU, ,OE1,56.7,8.74,0.63,0.47,1.0,<Residue GLU het=  resseq=108 icode= >,2c62_A_A,1.74
384,22.904,GLU, ,OE2,56.53,10.61,0.0,1.55,1.0,<Residue GLU het=  resseq=108 icode= >,2c62_A_A,1.74
385,0.0,GLN, ,N,32.83,7.85,0.0,3.75,1.0,<Residue GLN het=  resseq=109 icode= >,2c62_A_A,1.74
386,1.187,GLN, ,CA,30.45,7.80,1.187,3.82,1.0,<Residue GLN het=  resseq=109 icode= >,2c62_A_A,1.74
387,0.0,GLN, ,C,28.52,8.98,0.0,5.98,1.0,<Residue GLN het=  resseq=109 icode= >,2c62_A_A,1.74
388,3.113,GLN, ,O,29.51,9.70,3.113,5.52,1.0,<Residue GLN het=  resseq=109 icode= >,2c62_A_A,1.74
389,3.073,GLN, ,CB,29.0,6.54,3.073,3.38,1.0,<Residue GLN het=  resseq=109 icode= >,2c62_A_A,1.74
390,24.533,GLN, ,CG,29.61,5.31,21.903,3.11,1.0,<Residue GLN het=  resseq=109 icode= >,2c62_A_A,1.74
391,4.036,GLN, ,CD,30.3,4.02,4.036,4.53,1.0,<Residue GLN het=  resseq=109 icode= >,2c62_A_A,1.74
392,5.206,GLN, ,OE1,27.65,4.02,5.206,4.93,1.0,<Residue GLN het=  resseq=109 icode= >,2c62_A_A,1.74
393,45.055,GLN, ,NE2,27.9,2.93,38.381,4.39,1.0,<Residue GLN het=  resseq=109 icode= >,2c62_A_A,1.74
394,0.0,TRP, ,N,29.8,9.13,0.0,4.88,1.0,<Residue TRP het=  resseq=110 icode= >,2c62_A_A,1.74
395,0.0,TRP, ,CA,31.14,10.23,0.0,4.12,1.0,<Residue TRP het=  resseq=110 icode= >,2c62_A_A,1.74
396,0.0,TRP, ,C,32.21,11.54,0.0,4.51,1.0,<Residue TRP het=  resseq=110 icode= >,2c62_A_A,1.74
397,0.0,TRP, ,O,29.88,12.52,0.0,4.55,1.0,<Residue TRP het=  resseq=110 icode= >,2c62_A_A,1.74
398,0.0,TRP, ,CB,32.0,10.09,0.0,3.79,1.0,<Residue TRP het=  resseq=110 icode= >,2c62_A_A,1.74
399,0.0,TRP, ,CG,34.34,11.34,0.0,3.88,1.0,<Residue TRP het=  resseq=110 icode= >,2c62_A_A,1.74
400,12.504,TRP, ,CD1,35.64,12.09,4.826,2.80,1.0,<Residue TRP het=  resseq=110 icode= >,2c62_A_A,1.74
401,0.0,TRP, ,CD2,34.1,11.99,0.0,4.51,1.0,<Residue TRP het=  resseq=110 icode= >,2c62_A_A,1.74
402,14.989,TRP, ,NE1,34.66,13.16,14.989,3.24,1.0,<Residue TRP het=  resseq=110 icode= >,2c62_A_A,1.74
403,0.516,TRP, ,CE2,35.13,13.17,0.516,3.87,1.0,<Residue TRP het=  resseq=110 icode= >,2c62_A_A,1.74
404,0.0,TRP, ,CE3,34.77,11.84,0.0,3.46,1.0,<Residue TRP het=  resseq=110 icode= >,2c62_A_A,1.74
405,24.159,TRP, ,CZ2,34.18,14.15,24.159,3.31,1.0,<Residue TRP het=  resseq=110 icode= >,2c62_A_A,1.74
406,3.978,TRP, ,CZ3,36.04,12.90,3.978,3.13,1.0,<Residue TRP het=  resseq=110 icode= >,2c62_A_A,1.74
407,22.508,TRP, ,CH2,34.42,14.00,22.508,3.22,1.0,<Residue TRP het=  resseq=110 icode= >,2c62_A_A,1.74
408,0.0,SER, ,N,33.12,11.59,0.0,4.63,1.0,<Residue SER het=  resseq=111 icode= >,2c62_A_A,1.74
409,0.2,SER, ,CA,34.14,12.82,0.0,4.68,1.0,<Residue SER het=  resseq=111 icode= >,2c62_A_A,1.74
410,0.0,SER, ,C,33.89,13.09,0.0,5.20,1.0,<Residue SER het=  resseq=111 icode= >,2c62_A_A,1.74
411,0.48,SER, ,O,32.74,14.21,0.0,4.41,1.0,<Residue SER het=  resseq=111 icode= >,2c62_A_A,1.74
412,18.41,SER, ,CB,36.15,12.90,0.0,2.99,1.0,<Residue SER het=  resseq=111 icode= >,2c62_A_A,1.74
413,18.831,SER, ,OG,41.54,13.97,0.0,1.80,1.0,<Residue SER het=  resseq=111 icode= >,2c62_A_A,1.74
414,0.0,GLN, ,N,32.62,12.03,0.0,4.26,1.0,<Residue GLN het=  resseq=112 icode= >,2c62_A_A,1.74
415,0.158,GLN, ,CA,33.74,12.29,0.0,3.57,1.0,<Residue GLN het=  resseq=112 icode= >,2c62_A_A,1.74
416,0.456,GLN, ,C,32.59,12.74,0.456,4.71,1.0,<Residue GLN het=  resseq=112 icode= >,2c62_A_A,1.74
417,0.0,GLN, ,O,32.8,13.62,0.0,4.62,1.0,<Residue GLN het=  resseq=112 icode= >,2c62_A_A,1.74
418,7.279,GLN, ,CB,34.59,11.19,7.204,2.86,1.0,<Residue GLN het=  resseq=112 icode= >,2c62_A_A,1.74
419,8.3,GLN, ,CG,37.62,11.35,0.0,2.44,1.0,<Residue GLN het=  resseq=112 icode= >,2c62_A_A,1.74
420,7.892,GLN, ,CD,39.1,10.63,2.678,3.10,1.0,<Residue GLN het=  resseq=112 icode= >,2c62_A_A,1.74
421,31.741,GLN, ,OE1,38.19,10.72,18.846,3.55,1.0,<Residue GLN het=  resseq=112 icode= >,2c62_A_A,1.74
422,31.97,GLN, ,NE2,41.89,10.15,5.359,1.58,1.0,<Residue GLN het=  resseq=112 icode= >,2c62_A_A,1.74
423,0.66,LEU, ,N,33.71,12.30,0.66,3.95,1.0,<Residue LEU het=  resseq=113 icode= >,2c62_A_A,1.74
424,7.233,LEU, ,CA,33.44,12.94,7.233,3.62,1.0,<Residue LEU het=  resseq=113 icode= >,2c62_A_A,1.74
425,0.0,LEU, ,C,33.52,14.42,0.0,4.59,1.0,<Residue LEU het=  resseq=113 icode= >,2c62_A_A,1.74
426,0.0,LEU, ,O,34.64,15.31,0.0,3.74,1.0,<Residue LEU het=  resseq=113 icode= >,2c62_A_A,1.74
427,3.923,LEU, ,CB,33.06,12.41,3.923,3.23,1.0,<Residue LEU het=  resseq=113 icode= >,2c62_A_A,1.74
428,4.726,LEU, ,CG,33.19,13.18,4.726,3.78,1.0,<Residue LEU het=  resseq=113 icode= >,2c62_A_A,1.74
429,29.08,LEU, ,CD1,32.08,12.47,29.08,2.58,1.0,<Residue LEU het=  resseq=113 icode= >,2c62_A_A,1.74
430,15.383,LEU, ,CD2,35.37,14.50,15.383,2.14,1.0,<Residue LEU het=  resseq=113 icode= >,2c62_A_A,1.74
431,0.0,LYS, ,N,35.39,14.77,0.0,4.48,1.0,<Residue LYS het=  resseq=114 icode= >,2c62_A_A,1.74
432,0.0,LYS, ,CA,37.1,16.19,0.0,3.66,1.0,<Residue LYS het=  resseq=114 icode= >,2c62_A_A,1.74
433,1.523,LYS, ,C,38.51,16.94,0.0,4.03,1.0,<Residue LYS het=  resseq=114 icode= >,2c62_A_A,1.74
434,10.663,LYS, ,O,37.02,18.05,0.0,3.74,1.0,<Residue LYS het=  resseq=114 icode= >,2c62_A_A,1.74
435,11.463,LYS, ,CB,38.3,16.32,0.409,2.77,1.0,<Residue LYS het=  resseq=114 icode= >,2c62_A_A,1.74
436,1.677,LYS, ,CG,38.01,15.57,1.677,3.37,1.0,<Residue LYS het=  resseq=114 icode= >,2c62_A_A,1.74
437,21.032,LYS, ,CD,40.86,15.93,17.896,2.70,1.0,<Residue LYS het=  resseq=114 icode= >,2c62_A_A,1.74
438,12.029,LYS, ,CE,41.61,15.55,0.0,2.46,1.0,<Residue LYS het=  resseq=114 icode= >,2c62_A_A,1.74
439,43.946,LYS, ,NZ,43.59,16.10,19.935,2.10,1.0,<Residue LYS het=  resseq=114 icode= >,2c62_A_A,1.74
440,0.104,GLU, ,N,39.01,16.42,0.0,3.89,1.0,<Residue GLU het=  resseq=115 icode= >,2c62_A_A,1.74
441,9.895,GLU, ,CA,41.05,17.22,0.0,3.61,1.0,<Residue GLU het=  resseq=115 icode= >,2c62_A_A,1.74
442,0.047,GLU, ,C,41.55,17.64,0.0,3.84,1.0,<Residue GLU het=  resseq=115 icode= >,2c62_A_A,1.74
443,24.971,GLU, ,O,40.98,18.73,0.0,2.96,1.0,<Residue GLU het=  resseq=115 icode= >,2c62_A_A,1.74
444,9.296,GLU, ,CB,43.72,16.59,0.0,2.22,1.0,<Residue GLU het=  resseq=115 icode= >,2c62_A_A,1.74
445,21.308,GLU, ,CG,49.74,16.55,0.0,1.28,1.0,<Residue GLU het=  resseq=115 icode= >,2c62_A_A,1.74
446,8.112,GLU, ,CD,53.36,16.05,0.0,1.64,1.0,<Residue GLU het=  resseq=115 icode= >,2c62_A_A,1.74
447,31.097,GLU, ,OE1,57.03,16.14,0.0,0.77,1.0,<Residue GLU het=  resseq=115 icode= >,2c62_A_A,1.74
448,23.927,GLU, ,OE2,55.92,15.65,0.0,1.23,1.0,<Residue GLU het=  resseq=115 icode= >,2c62_A_A,1.74
449,0.0,GLN, ,N,40.46,16.88,0.0,3.90,1.0,<Residue GLN het=  resseq=116 icode= >,2c62_A_A,1.74
450,0.172,GLN, ,CA,40.12,17.38,0.0,3.40,1.0,<Residue GLN het=  resseq=116 icode= >,2c62_A_A,1.74
451,0.0,GLN, ,C,39.48,18.05,0.0,4.05,1.0,<Residue GLN het=  resseq=116 icode= >,2c62_A_A,1.74
452,0.0,GLN, ,O,39.66,18.35,0.0,3.29,1.0,<Residue GLN het=  resseq=116 icode= >,2c62_A_A,1.74
453,2.32,GLN, ,CB,40.85,16.36,2.308,3.13,1.0,<Residue GLN het=  resseq=116 icode= >,2c62_A_A,1.74
454,12.47,GLN, ,CG,42.0,15.89,0.0,2.32,1.0,<Residue GLN het=  resseq=116 icode= >,2c62_A_A,1.74
455,7.483,GLN, ,CD,40.93,15.08,1.965,4.46,1.0,<Residue GLN het=  resseq=116 icode= >,2c62_A_A,1.74
456,33.687,GLN, ,OE1,44.13,15.69,20.192,2.76,1.0,<Residue GLN het=  resseq=116 icode= >,2c62_A_A,1.74
457,34.07,GLN, ,NE2,43.15,13.77,27.574,2.66,1.0,<Residue GLN het=  resseq=116 icode= >,2c62_A_A,1.74
458,0.0,ILE, ,N,39.91,18.41,0.0,3.97,1.0,<Residue ILE het=  resseq=117 icode= >,2c62_A_A,1.74
459,0.127,ILE, ,CA,40.84,19.20,0.127,3.67,1.0,<Residue ILE het=  resseq=117 icode= >,2c62_A_A,1.74
460,0.0,ILE, ,C,41.7,20.49,0.0,4.07,1.0,<Residue ILE het=  resseq=117 icode= >,2c62_A_A,1.74
461,0.0,ILE, ,O,41.36,20.95,0.0,3.46,1.0,<Residue ILE het=  resseq=117 icode= >,2c62_A_A,1.74
462,4.349,ILE, ,CB,40.67,19.61,0.0,3.29,1.0,<Residue ILE het=  resseq=117 icode= >,2c62_A_A,1.74
463,5.821,ILE, ,CG1,41.17,18.47,5.821,2.62,1.0,<Residue ILE het=  resseq=117 icode= >,2c62_A_A,1.74
464,31.951,ILE, ,CG2,42.4,20.81,15.765,1.88,1.0,<Residue ILE het=  resseq=117 icode= >,2c62_A_A,1.74
465,41.61,ILE, ,CD1,41.02,18.87,31.545,1.65,1.0,<Residue ILE het=  resseq=117 icode= >,2c62_A_A,1.74
466,1.935,SER, ,N,42.33,1000.00,0.0,3.74,1.0,<Residue SER het=  resseq=118 icode= >,2c62_A_A,1.74
467,7.487,SER, ,CA,43.43,1000.00,0.0,3.47,1.0,<Residue SER het=  resseq=118 icode= >,2c62_A_A,1.74
468,0.0,SER, ,C,42.35,1000.00,0.0,4.63,1.0,<Residue SER het=  resseq=118 icode= >,2c62_A_A,1.74
469,0.248,SER, ,O,43.14,1000.00,0.0,3.21,1.0,<Residue SER het=  resseq=118 icode= >,2c62_A_A,1.74
470,38.751,SER, ,CB,44.92,1000.00,0.0,1.94,1.0,<Residue SER het=  resseq=118 icode= >,2c62_A_A,1.74
471,26.732,SER, ,OG,47.99,1000.00,0.0,2.12,1.0,<Residue SER het=  resseq=118 icode= >,2c62_A_A,1.74
472,0.0,ASP, ,N,42.55,1000.00,0.0,3.66,1.0,<Residue ASP het=  resseq=119 icode= >,2c62_A_A,1.74
473,1.239,ASP, ,CA,41.22,1000.00,0.0,3.78,1.0,<Residue ASP het=  resseq=119 icode= >,2c62_A_A,1.74
474,1.087,ASP, ,C,39.83,1000.00,1.087,4.60,1.0,<Residue ASP het=  resseq=119 icode= >,2c62_A_A,1.74
475,5.824,ASP, ,O,38.45,1000.00,3.927,4.04,1.0,<Residue ASP het=  resseq=119 icode= >,2c62_A_A,1.74
476,17.388,ASP, ,CB,42.75,1000.00,14.836,2.30,1.0,<Residue ASP het=  resseq=119 icode= >,2c62_A_A,1.74
477,10.368,ASP, ,CG,46.32,1000.00,0.045,2.60,1.0,<Residue ASP het=  resseq=119 icode= >,2c62_A_A,1.74
478,32.47,ASP, ,OD1,48.74,1000.00,1.411,1.57,1.0,<Residue ASP het=  resseq=119 icode= >,2c62_A_A,1.74
479,22.935,ASP, ,OD2,46.19,1000.00,0.0,2.49,1.0,<Residue ASP het=  resseq=119 icode= >,2c62_A_A,1.74
480,0.0,ILE, ,N,39.93,18.18,0.0,3.14,1.0,<Residue ILE het=  resseq=120 icode= >,2c62_A_A,1.74
481,3.433,ILE, ,CA,38.57,16.77,3.433,3.45,1.0,<Residue ILE het=  resseq=120 icode= >,2c62_A_A,1.74
482,0.0,ILE, ,C,39.29,16.53,0.0,4.40,1.0,<Residue ILE het=  resseq=120 icode= >,2c62_A_A,1.74
483,0.347,ILE, ,O,39.38,16.03,0.347,3.00,1.0,<Residue ILE het=  resseq=120 icode= >,2c62_A_A,1.74
484,0.098,ILE, ,CB,38.61,15.90,0.098,2.80,1.0,<Residue ILE het=  resseq=120 icode= >,2c62_A_A,1.74
485,18.471,ILE, ,CG1,37.78,16.14,18.471,2.56,1.0,<Residue ILE het=  resseq=120 icode= >,2c62_A_A,1.74
486,37.139,ILE, ,CG2,38.7,14.44,37.139,1.56,1.0,<Residue ILE het=  resseq=120 icode= >,2c62_A_A,1.74
487,26.846,ILE, ,CD1,36.94,15.82,26.805,2.25,1.0,<Residue ILE het=  resseq=120 icode= >,2c62_A_A,1.74
488,0.0,ASP, ,N,41.14,17.04,0.0,3.65,1.0,<Residue ASP het=  resseq=121 icode= >,2c62_A_A,1.74
489,0.077,ASP, ,CA,43.65,16.45,0.0,3.21,1.0,<Residue ASP het=  resseq=121 icode= >,2c62_A_A,1.74
490,0.0,ASP, ,C,45.01,17.08,0.0,3.67,1.0,<Residue ASP het=  resseq=121 icode= >,2c62_A_A,1.74
491,0.348,ASP, ,O,45.42,16.52,0.0,2.61,1.0,<Residue ASP het=  resseq=121 icode= >,2c62_A_A,1.74
492,3.686,ASP, ,CB,43.75,16.70,0.0,2.87,1.0,<Residue ASP het=  resseq=121 icode= >,2c62_A_A,1.74
493,6.41,ASP, ,CG,44.51,15.99,3.796,4.22,1.0,<Residue ASP het=  resseq=121 icode= >,2c62_A_A,1.74
494,24.884,ASP, ,OD1,45.47,14.85,20.222,3.29,1.0,<Residue ASP het=  resseq=121 icode= >,2c62_A_A,1.74
495,19.254,ASP, ,OD2,45.92,16.64,10.072,3.00,1.0,<Residue ASP het=  resseq=121 icode= >,2c62_A_A,1.74
496,0.0,ASP, ,N,46.82,1000.00,0.0,2.86,1.0,<Residue ASP het=  resseq=122 icode= >,2c62_A_A,1.74
497,0.807,ASP, ,CA,47.24,1000.00,0.0,3.02,1.0,<Residue ASP het=  resseq=122 icode= >,2c62_A_A,1.74
498,0.0,ASP, ,C,46.38,1000.00,0.0,3.84,1.0,<Residue ASP het=  resseq=122 icode= >,2c62_A_A,1.74
499,0.097,ASP, ,O,46.59,1000.00,0.0,2.40,1.0,<Residue ASP het=  resseq=122 icode= >,2c62_A_A,1.74
500,6.491,ASP, ,CB,49.62,1000.00,0.0,1.71,1.0,<Residue ASP het=  resseq=122 icode= >,2c62_A_A,1.74
501,6.502,ASP, ,CG,52.22,1000.00,0.0,2.46,1.0,<Residue ASP het=  resseq=122 icode= >,2c62_A_A,1.74
502,28.627,ASP, ,OD1,54.75,1000.00,0.0,1.49,1.0,<Residue ASP het=  resseq=122 icode= >,2c62_A_A,1.74
503,11.523,ASP, ,OD2,54.05,1000.00,0.0,1.77,1.0,<Residue ASP het=  resseq=122 icode= >,2c62_A_A,1.74
504,0.405,ALA, ,N,45.09,18.35,0.0,3.65,1.0,<Residue ALA het=  resseq=123 icode= >,2c62_A_A,1.74
505,4.27,ALA, ,CA,44.82,17.80,0.0,3.48,1.0,<Residue ALA het=  resseq=123 icode= >,2c62_A_A,1.74
506,0.605,ALA, ,C,45.11,16.79,0.605,4.10,1.0,<Residue ALA het=  resseq=123 icode= >,2c62_A_A,1.74
507,2.055,ALA, ,O,45.6,16.75,0.0,2.93,1.0,<Residue ALA het=  resseq=123 icode= >,2c62_A_A,1.74
508,49.136,ALA, ,CB,44.71,17.19,44.157,1.43,1.0,<Residue ALA het=  resseq=123 icode= >,2c62_A_A,1.74
509,0.029,VAL, ,N,44.75,15.83,0.029,3.62,1.0,<Residue VAL het=  resseq=124 icode= >,2c62_A_A,1.74
510,0.751,VAL, ,CA,46.4,14.56,0.751,2.69,1.0,<Residue VAL het=  resseq=124 icode= >,2c62_A_A,1.74
511,0.0,VAL, ,C,48.1,14.94,0.0,3.56,1.0,<Residue VAL het=  resseq=124 icode= >,2c62_A_A,1.74
512,6.808,VAL, ,O,49.2,14.51,0.084,2.13,1.0,<Residue VAL het=  resseq=124 icode= >,2c62_A_A,1.74
513,1.555,VAL, ,CB,44.21,13.62,0.0,2.88,1.0,<Residue VAL het=  resseq=124 icode= >,2c62_A_A,1.74
514,47.884,VAL, ,CG1,44.2,12.40,16.1,1.73,1.0,<Residue VAL het=  resseq=124 icode= >,2c62_A_A,1.74
515,32.177,VAL, ,CG2,43.55,13.29,30.785,1.68,1.0,<Residue VAL het=  resseq=124 icode= >,2c62_A_A,1.74
516,0.0,ARG, ,N,50.53,15.90,0.0,2.89,1.0,<Residue ARG het=  resseq=125 icode= >,2c62_A_A,1.74
517,7.855,ARG, ,CA,53.87,16.51,0.0,2.84,1.0,<Residue ARG het=  resseq=125 icode= >,2c62_A_A,1.74
518,0.891,ARG, ,C,54.66,17.35,0.0,3.31,1.0,<Residue ARG het=  resseq=125 icode= >,2c62_A_A,1.74
519,25.89,ARG, ,O,55.42,17.50,0.0,1.99,1.0,<Residue ARG het=  resseq=125 icode= >,2c62_A_A,1.74
520,16.919,ARG, ,CB,55.01,17.47,0.0,2.52,1.0,<Residue ARG het=  resseq=125 icode= >,2c62_A_A,1.74
521,21.762,ARG, ,CG,58.95,16.86,0.0,1.00,1.0,<Residue ARG het=  resseq=125 icode= >,2c62_A_A,1.74
522,18.213,ARG, ,CD,61.52,17.83,0.0,0.54,1.0,<Residue ARG het=  resseq=125 icode= >,2c62_A_A,1.74
523,13.949,ARG, ,NE,63.98,17.29,0.0,0.29,1.0,<Residue ARG het=  resseq=125 icode= >,2c62_A_A,1.74
524,4.466,ARG, ,CZ,64.19,17.88,0.0,1.44,1.0,<Residue ARG het=  resseq=125 icode= >,2c62_A_A,1.74
525,22.237,ARG, ,NH1,63.73,18.99,0.0,1.77,1.0,<Residue ARG het=  resseq=125 icode= >,2c62_A_A,1.74
526,47.081,ARG, ,NH2,63.66,17.45,0.0,1.37,1.0,<Residue ARG het=  resseq=125 icode= >,2c62_A_A,1.74
527,0.0,LYS, ,N,55.49,1000.00,0.0,2.81,1.0,<Residue LYS het=  resseq=126 icode= >,2c62_A_A,1.74
528,8.258,LYS, ,CA,56.79,1000.00,0.0,2.36,1.0,<Residue LYS het=  resseq=126 icode= >,2c62_A_A,1.74
529,1.297,LYS, ,C,57.1,1000.00,0.0,2.50,1.0,<Residue LYS het=  resseq=126 icode= >,2c62_A_A,1.74
530,24.519,LYS, ,O,57.49,1000.00,0.0,2.13,1.0,<Residue LYS het=  resseq=126 icode= >,2c62_A_A,1.74
531,14.962,LYS, ,CB,57.61,1000.00,0.0,1.78,1.0,<Residue LYS het=  resseq=126 icode= >,2c62_A_A,1.74
532,15.514,LYS, ,CG,60.4,1000.00,0.0,1.13,1.0,<Residue LYS het=  resseq=126 icode= >,2c62_A_A,1.74
533,24.02,LYS, ,CD,62.32,1000.00,0.0,0.60,1.0,<Residue LYS het=  resseq=126 icode= >,2c62_A_A,1.74
534,31.651,LYS, ,CE,63.73,1000.00,0.0,0.42,1.0,<Residue LYS het=  resseq=126 icode= >,2c62_A_A,1.74
535,46.194,LYS, ,NZ,66.43,1000.00,0.0,-0.17,1.0,<Residue LYS het=  resseq=126 icode= >,2c62_A_A,1.74
536,0.0,LEU, ,N,56.91,17.13,0.0,2.36,1.0,<Residue LEU het=  resseq=127 icode= >,2c62_A_A,1.74
537,3.557,LEU, ,CA,57.25,16.66,0.0,1.99,1.0,<Residue LEU het=  resseq=127 icode= >,2c62_A_A,1.74
538,7.474,LEU, ,C,57.74,17.06,0.0,2.11,1.0,<Residue LEU het=  resseq=127 icode= >,2c62_A_A,1.74
539,28.758,LEU, ,O,58.21,17.57,0.0,1.32,1.0,<Residue LEU het=  resseq=127 icode= >,2c62_A_A,1.74
540,13.958,LEU, ,CB,56.08,15.14,3.633,1.77,1.0,<Residue LEU het=  resseq=127 icode= >,2c62_A_A,1.74
541,0.0,LEU, ,CG,55.97,14.61,0.0,1.85,1.0,<Residue LEU het=  resseq=127 icode= >,2c62_A_A,1.74
542,45.693,LEU, ,CD1,54.44,13.09,43.908,1.25,1.0,<Residue LEU het=  resseq=127 icode= >,2c62_A_A,1.74
543,54.522,LEU, ,CD2,55.45,14.86,33.528,1.07,1.0,<Residue LEU het=  resseq=127 icode= >,2c62_A_A,1.74
544,38.028,LEU, ,OXT,58.23,16.95,1.757,1.65,1.0,<Residue LEU het=  resseq=127 icode= >,2c62_A_A,1.74
