,ASA,aa,altloc,atom,bfac,d2r,dASA,dens,occ,residue,id,resolu
0,35.943,ALA, ,N,47.03,8.62,0.015,1.31,1.0,<Residue ALA het=  resseq=62 icode= >,2c62_B_A,1.74
1,15.087,ALA, ,CA,44.91,9.50,0.0,2.48,1.0,<Residue ALA het=  resseq=62 icode= >,2c62_B_A,1.74
2,0.0,ALA, ,C,43.98,8.91,0.0,3.41,1.0,<Residue ALA het=  resseq=62 icode= >,2c62_B_A,1.74
3,0.0,ALA, ,O,43.44,8.31,0.0,3.10,1.0,<Residue ALA het=  resseq=62 icode= >,2c62_B_A,1.74
4,36.331,ALA, ,CB,45.2,10.72,11.313,1.47,1.0,<Residue ALA het=  resseq=62 icode= >,2c62_B_A,1.74
5,7.11,MET, ,N,41.74,9.33,0.0,3.42,1.0,<Residue MET het=  resseq=63 icode= >,2c62_B_A,1.74
6,0.0,MET, ,CA,41.23,9.18,0.0,3.27,1.0,<Residue MET het=  resseq=63 icode= >,2c62_B_A,1.74
7,0.0,MET, ,C,39.79,10.59,0.0,4.39,1.0,<Residue MET het=  resseq=63 icode= >,2c62_B_A,1.74
8,22.362,MET, ,O,40.52,11.52,0.0,3.10,1.0,<Residue MET het=  resseq=63 icode= >,2c62_B_A,1.74
9,10.381,MET, ,CB,41.64,8.56,0.0,3.22,1.0,<Residue MET het=  resseq=63 icode= >,2c62_B_A,1.74
10,11.594,MET, ,CG,43.75,7.07,0.0,2.97,1.0,<Residue MET het=  resseq=63 icode= >,2c62_B_A,1.74
11,37.326,MET, ,SD,49.68,6.69,0.0,4.75,1.0,<Residue MET het=  resseq=63 icode= >,2c62_B_A,1.74
12,0.712,MET, ,CE,47.01,6.62,0.0,1.61,1.0,<Residue MET het=  resseq=63 icode= >,2c62_B_A,1.74
13,0.0,PHE, ,N,37.24,10.86,0.0,4.03,1.0,<Residue PHE het=  resseq=64 icode= >,2c62_B_A,1.74
14,3.495,PHE, ,CA,34.67,12.14,1.645,3.98,1.0,<Residue PHE het=  resseq=64 icode= >,2c62_B_A,1.74
15,0.0,PHE, ,C,32.94,12.18,0.0,4.50,1.0,<Residue PHE het=  resseq=64 icode= >,2c62_B_A,1.74
16,0.0,PHE, ,O,30.74,11.53,0.0,4.08,1.0,<Residue PHE het=  resseq=64 icode= >,2c62_B_A,1.74
17,17.483,PHE, ,CB,35.49,12.64,17.426,2.51,1.0,<Residue PHE het=  resseq=64 icode= >,2c62_B_A,1.74
18,2.761,PHE, ,CG,37.6,12.79,2.761,3.19,1.0,<Residue PHE het=  resseq=64 icode= >,2c62_B_A,1.74
19,22.028,PHE, ,CD1,37.01,13.86,15.492,3.54,1.0,<Residue PHE het=  resseq=64 icode= >,2c62_B_A,1.74
20,5.181,PHE, ,CD2,38.82,11.94,5.181,2.66,1.0,<Residue PHE het=  resseq=64 icode= >,2c62_B_A,1.74
21,34.949,PHE, ,CE1,39.35,14.05,15.584,2.63,1.0,<Residue PHE het=  resseq=64 icode= >,2c62_B_A,1.74
22,6.615,PHE, ,CE2,41.09,12.28,6.615,2.56,1.0,<Residue PHE het=  resseq=64 icode= >,2c62_B_A,1.74
23,22.617,PHE, ,CZ,40.26,13.30,18.299,2.18,1.0,<Residue PHE het=  resseq=64 icode= >,2c62_B_A,1.74
24,7.184,GLN, ,N,31.76,12.81,2.486,4.53,1.0,<Residue GLN het=  resseq=65 icode= >,2c62_B_A,1.74
25,0.0,GLN, ,CA,31.23,11.47,0.0,4.24,1.0,<Residue GLN het=  resseq=65 icode= >,2c62_B_A,1.74
26,0.322,GLN, ,C,30.77,10.88,0.322,4.77,1.0,<Residue GLN het=  resseq=65 icode= >,2c62_B_A,1.74
27,24.206,GLN, ,O,33.63,11.65,21.77,3.59,1.0,<Residue GLN het=  resseq=65 icode= >,2c62_B_A,1.74
28,15.347,GLN, ,CB,31.66,11.65,0.329,3.24,1.0,<Residue GLN het=  resseq=65 icode= >,2c62_B_A,1.74
29,6.79,GLN, ,CG,33.48,10.47,1.498,3.06,1.0,<Residue GLN het=  resseq=65 icode= >,2c62_B_A,1.74
30,5.465,GLN, ,CD,36.33,11.03,0.0,3.94,1.0,<Residue GLN het=  resseq=65 icode= >,2c62_B_A,1.74
31,36.597,GLN, ,OE1,34.89,12.07,0.0,3.78,1.0,<Residue GLN het=  resseq=65 icode= >,2c62_B_A,1.74
32,13.012,GLN, ,NE2,32.48,10.47,0.0,3.25,1.0,<Residue GLN het=  resseq=65 icode= >,2c62_B_A,1.74
33,0.0,ILE, ,N,27.54,9.63,0.0,5.12,1.0,<Residue ILE het=  resseq=66 icode= >,2c62_B_A,1.74
34,8.007,ILE, ,CA,29.91,9.14,8.007,3.94,1.0,<Residue ILE het=  resseq=66 icode= >,2c62_B_A,1.74
35,4.46,ILE, ,C,28.97,7.81,4.46,5.55,1.0,<Residue ILE het=  resseq=66 icode= >,2c62_B_A,1.74
36,30.163,ILE, ,O,30.55,7.45,30.119,4.92,1.0,<Residue ILE het=  resseq=66 icode= >,2c62_B_A,1.74
37,7.628,ILE, ,CB,30.24,9.23,7.628,3.37,1.0,<Residue ILE het=  resseq=66 icode= >,2c62_B_A,1.74
38,0.476,ILE, ,CG1,30.45,8.35,0.476,3.37,1.0,<Residue ILE het=  resseq=66 icode= >,2c62_B_A,1.74
39,26.666,ILE, ,CG2,28.81,10.69,26.576,2.70,1.0,<Residue ILE het=  resseq=66 icode= >,2c62_B_A,1.74
40,28.627,ILE, ,CD1,27.1,8.53,28.527,3.65,1.0,<Residue ILE het=  resseq=66 icode= >,2c62_B_A,1.74
41,0.437,GLY, ,N,29.98,7.33,0.386,4.41,1.0,<Residue GLY het=  resseq=67 icode= >,2c62_B_A,1.74
42,22.608,GLY, ,CA,30.29,6.22,12.883,3.99,1.0,<Residue GLY het=  resseq=67 icode= >,2c62_B_A,1.74
43,2.337,GLY, ,C,30.12,6.62,0.0,4.89,1.0,<Residue GLY het=  resseq=67 icode= >,2c62_B_A,1.74
44,0.0,GLY, ,O,30.17,7.55,0.0,4.66,1.0,<Residue GLY het=  resseq=67 icode= >,2c62_B_A,1.74
45,10.692,LYS, ,N,31.9,6.24,0.191,3.73,1.0,<Residue LYS het=  resseq=68 icode= >,2c62_B_A,1.74
46,5.863,LYS, ,CA,32.16,6.28,0.0,3.34,1.0,<Residue LYS het=  resseq=68 icode= >,2c62_B_A,1.74
47,0.0,LYS, ,C,30.93,6.89,0.0,4.40,1.0,<Residue LYS het=  resseq=68 icode= >,2c62_B_A,1.74
48,13.715,LYS, ,O,31.21,7.92,0.0,4.68,1.0,<Residue LYS het=  resseq=68 icode= >,2c62_B_A,1.74
49,8.584,LYS, ,CB,36.06,5.05,3.076,2.20,1.0,<Residue LYS het=  resseq=68 icode= >,2c62_B_A,1.74
50,33.529,LYS, ,CG,42.71,4.88,0.0,1.07,1.0,<Residue LYS het=  resseq=68 icode= >,2c62_B_A,1.74
51,37.892,LYS, ,CD,46.04,3.61,15.118,0.54,1.0,<Residue LYS het=  resseq=68 icode= >,2c62_B_A,1.74
52,24.53,LYS, ,CE,49.11,4.04,2.561,0.91,1.0,<Residue LYS het=  resseq=68 icode= >,2c62_B_A,1.74
53,47.967,LYS, ,NZ,52.15,3.39,34.257,0.87,1.0,<Residue LYS het=  resseq=68 icode= >,2c62_B_A,1.74
54,1.97,MET, ,N,26.9,6.36,0.0,5.21,1.0,<Residue MET het=  resseq=69 icode= >,2c62_B_A,1.74
55,2.19,MET, ,CA,26.69,6.94,0.0,4.02,1.0,<Residue MET het=  resseq=69 icode= >,2c62_B_A,1.74
56,0.0,MET, ,C,25.41,6.70,0.0,5.18,1.0,<Residue MET het=  resseq=69 icode= >,2c62_B_A,1.74
57,0.0,MET, ,O,26.62,6.97,0.0,5.42,1.0,<Residue MET het=  resseq=69 icode= >,2c62_B_A,1.74
58,6.29,MET, ,CB,27.36,6.81,0.0,3.77,1.0,<Residue MET het=  resseq=69 icode= >,2c62_B_A,1.74
59,9.131,MET, ,CG,31.76,6.65,0.0,3.51,1.0,<Residue MET het=  resseq=69 icode= >,2c62_B_A,1.74
60,33.967,MET, ,SD,40.21,5.81,1.806,5.81,1.0,<Residue MET het=  resseq=69 icode= >,2c62_B_A,1.74
61,18.108,MET, ,CE,34.99,6.74,0.0,2.48,1.0,<Residue MET het=  resseq=69 icode= >,2c62_B_A,1.74
62,0.0,ARG, ,N,24.29,6.60,0.0,5.59,1.0,<Residue ARG het=  resseq=70 icode= >,2c62_B_A,1.74
63,0.0,ARG, ,CA,25.43,6.82,0.0,5.33,1.0,<Residue ARG het=  resseq=70 icode= >,2c62_B_A,1.74
64,0.0,ARG, ,C,26.45,8.08,0.0,5.51,1.0,<Residue ARG het=  resseq=70 icode= >,2c62_B_A,1.74
65,0.0,ARG, ,O,26.45,8.36,0.0,4.98,1.0,<Residue ARG het=  resseq=70 icode= >,2c62_B_A,1.74
66,1.116,ARG, ,CB,25.01,5.72,0.906,4.48,1.0,<Residue ARG het=  resseq=70 icode= >,2c62_B_A,1.74
67,2.668,ARG, ,CG,26.25,4.69,0.549,3.87,1.0,<Residue ARG het=  resseq=70 icode= >,2c62_B_A,1.74
68,22.058,ARG, ,CD,26.26,3.73,21.809,4.00,1.0,<Residue ARG het=  resseq=70 icode= >,2c62_B_A,1.74
69,3.773,ARG, ,NE,25.25,3.42,3.621,5.45,1.0,<Residue ARG het=  resseq=70 icode= >,2c62_B_A,1.74
70,8.495,ARG, ,CZ,27.42,3.60,8.495,5.80,1.0,<Residue ARG het=  resseq=70 icode= >,2c62_B_A,1.74
71,51.237,ARG, ,NH1,25.89,3.62,51.237,5.17,1.0,<Residue ARG het=  resseq=70 icode= >,2c62_B_A,1.74
72,23.876,ARG, ,NH2,30.07,3.65,23.722,3.22,1.0,<Residue ARG het=  resseq=70 icode= >,2c62_B_A,1.74
73,0.0,TYR, ,N,26.23,9.04,0.0,4.97,1.0,<Residue TYR het=  resseq=71 icode= >,2c62_B_A,1.74
74,0.0,TYR, ,CA,27.52,9.32,0.0,4.54,1.0,<Residue TYR het=  resseq=71 icode= >,2c62_B_A,1.74
75,0.0,TYR, ,C,29.47,8.47,0.0,4.87,1.0,<Residue TYR het=  resseq=71 icode= >,2c62_B_A,1.74
76,0.36,TYR, ,O,28.59,7.59,0.0,4.53,1.0,<Residue TYR het=  resseq=71 icode= >,2c62_B_A,1.74
77,0.0,TYR, ,CB,30.35,8.92,0.0,3.18,1.0,<Residue TYR het=  resseq=71 icode= >,2c62_B_A,1.74
78,0.0,TYR, ,CG,31.21,9.71,0.0,3.41,1.0,<Residue TYR het=  resseq=71 icode= >,2c62_B_A,1.74
79,0.0,TYR, ,CD1,31.12,9.79,0.0,3.27,1.0,<Residue TYR het=  resseq=71 icode= >,2c62_B_A,1.74
80,0.0,TYR, ,CD2,31.1,10.57,0.0,3.18,1.0,<Residue TYR het=  resseq=71 icode= >,2c62_B_A,1.74
81,1.43,TYR, ,CE1,34.34,10.71,0.0,2.69,1.0,<Residue TYR het=  resseq=71 icode= >,2c62_B_A,1.74
82,13.979,TYR, ,CE2,33.86,11.26,0.0,2.96,1.0,<Residue TYR het=  resseq=71 icode= >,2c62_B_A,1.74
83,0.917,TYR, ,CZ,34.73,11.32,0.0,3.97,1.0,<Residue TYR het=  resseq=71 icode= >,2c62_B_A,1.74
84,26.387,TYR, ,OH,36.83,12.14,0.0,3.29,1.0,<Residue TYR het=  resseq=71 icode= >,2c62_B_A,1.74
85,0.0,VAL, ,N,29.09,8.98,0.0,4.70,1.0,<Residue VAL het=  resseq=72 icode= >,2c62_B_A,1.74
86,0.0,VAL, ,CA,32.2,8.55,0.0,4.20,1.0,<Residue VAL het=  resseq=72 icode= >,2c62_B_A,1.74
87,0.0,VAL, ,C,33.65,8.23,0.0,4.56,1.0,<Residue VAL het=  resseq=72 icode= >,2c62_B_A,1.74
88,0.0,VAL, ,O,34.46,9.12,0.0,3.72,1.0,<Residue VAL het=  resseq=72 icode= >,2c62_B_A,1.74
89,1.618,VAL, ,CB,34.19,9.82,1.618,3.33,1.0,<Residue VAL het=  resseq=72 icode= >,2c62_B_A,1.74
90,8.507,VAL, ,CG1,34.6,9.69,8.507,2.74,1.0,<Residue VAL het=  resseq=72 icode= >,2c62_B_A,1.74
91,14.734,VAL, ,CG2,34.03,10.47,14.734,2.40,1.0,<Residue VAL het=  resseq=72 icode= >,2c62_B_A,1.74
92,0.0,SER, ,N,34.42,7.15,0.0,3.30,1.0,<Residue SER het=  resseq=73 icode= >,2c62_B_A,1.74
93,0.0,SER, ,CA,35.51,7.00,0.0,3.21,1.0,<Residue SER het=  resseq=73 icode= >,2c62_B_A,1.74
94,0.0,SER, ,C,35.64,7.25,0.0,4.12,1.0,<Residue SER het=  resseq=73 icode= >,2c62_B_A,1.74
95,0.0,SER, ,O,33.95,6.99,0.0,4.08,1.0,<Residue SER het=  resseq=73 icode= >,2c62_B_A,1.74
96,8.446,SER, ,CB,36.51,5.67,0.401,3.24,1.0,<Residue SER het=  resseq=73 icode= >,2c62_B_A,1.74
97,1.875,SER, ,OG,41.54,4.62,1.591,2.60,1.0,<Residue SER het=  resseq=73 icode= >,2c62_B_A,1.74
98,0.0,VAL, ,N,36.96,7.84,0.0,3.90,1.0,<Residue VAL het=  resseq=74 icode= >,2c62_B_A,1.74
99,0.0,VAL, ,CA,38.2,8.47,0.0,3.71,1.0,<Residue VAL het=  resseq=74 icode= >,2c62_B_A,1.74
100,0.0,VAL, ,C,38.79,8.00,0.0,4.47,1.0,<Residue VAL het=  resseq=74 icode= >,2c62_B_A,1.74
101,6.225,VAL, ,O,39.24,7.86,3.55,3.18,1.0,<Residue VAL het=  resseq=74 icode= >,2c62_B_A,1.74
102,0.991,VAL, ,CB,38.27,9.99,0.991,3.25,1.0,<Residue VAL het=  resseq=74 icode= >,2c62_B_A,1.74
103,37.965,VAL, ,CG1,40.88,10.76,37.781,1.29,1.0,<Residue VAL het=  resseq=74 icode= >,2c62_B_A,1.74
104,20.472,VAL, ,CG2,38.76,10.62,20.472,1.94,1.0,<Residue VAL het=  resseq=74 icode= >,2c62_B_A,1.74
105,0.0,ARG, ,N,39.18,7.86,0.0,4.02,1.0,<Residue ARG het=  resseq=75 icode= >,2c62_B_A,1.74
106,7.707,ARG, ,CA,40.04,7.59,5.693,3.63,1.0,<Residue ARG het=  resseq=75 icode= >,2c62_B_A,1.74
107,2.5,ARG, ,C,40.67,8.43,2.5,3.34,1.0,<Residue ARG het=  resseq=75 icode= >,2c62_B_A,1.74
108,0.0,ARG, ,O,38.82,8.64,0.0,3.13,1.0,<Residue ARG het=  resseq=75 icode= >,2c62_B_A,1.74
109,19.765,ARG, ,CB,42.77,6.12,0.0,2.55,1.0,<Residue ARG het=  resseq=75 icode= >,2c62_B_A,1.74
110,0.0,ARG, ,CG,46.22,5.48,0.0,2.09,1.0,<Residue ARG het=  resseq=75 icode= >,2c62_B_A,1.74
111,20.058,ARG, ,CD,48.65,4.33,7.679,2.14,1.0,<Residue ARG het=  resseq=75 icode= >,2c62_B_A,1.74
112,1.074,ARG, ,NE,51.19,3.64,1.074,2.45,1.0,<Residue ARG het=  resseq=75 icode= >,2c62_B_A,1.74
113,4.368,ARG, ,CZ,50.8,3.17,4.368,3.32,1.0,<Residue ARG het=  resseq=75 icode= >,2c62_B_A,1.74
114,28.851,ARG, ,NH1,50.39,2.69,18.768,2.41,1.0,<Residue ARG het=  resseq=75 icode= >,2c62_B_A,1.74
115,27.281,ARG, ,NH2,51.88,2.85,27.281,1.41,1.0,<Residue ARG het=  resseq=75 icode= >,2c62_B_A,1.74
116,5.989,ASP, ,N,40.29,8.86,2.907,2.70,1.0,<Residue ASP het=  resseq=76 icode= >,2c62_B_A,1.74
117,0.026,ASP, ,CA,41.11,9.26,0.026,2.74,1.0,<Residue ASP het=  resseq=76 icode= >,2c62_B_A,1.74
118,0.0,ASP, ,C,40.59,8.19,0.0,3.77,1.0,<Residue ASP het=  resseq=76 icode= >,2c62_B_A,1.74
119,22.336,ASP, ,O,42.06,8.09,0.0,3.35,1.0,<Residue ASP het=  resseq=76 icode= >,2c62_B_A,1.74
120,30.011,ASP, ,CB,43.27,10.65,17.116,1.58,1.0,<Residue ASP het=  resseq=76 icode= >,2c62_B_A,1.74
121,7.536,ASP, ,CG,47.09,10.93,0.0,2.54,1.0,<Residue ASP het=  resseq=76 icode= >,2c62_B_A,1.74
122,36.294,ASP, ,OD1,49.45,11.81,1.686,2.33,1.0,<Residue ASP het=  resseq=76 icode= >,2c62_B_A,1.74
123,1.813,ASP, ,OD2,49.24,10.08,0.0,1.91,1.0,<Residue ASP het=  resseq=76 icode= >,2c62_B_A,1.74
124,0.0,PHE, ,N,40.34,7.20,0.0,3.30,1.0,<Residue PHE het=  resseq=77 icode= >,2c62_B_A,1.74
125,1.532,PHE, ,CA,39.07,6.28,0.0,3.64,1.0,<Residue PHE het=  resseq=77 icode= >,2c62_B_A,1.74
126,0.0,PHE, ,C,38.95,6.85,0.0,3.82,1.0,<Residue PHE het=  resseq=77 icode= >,2c62_B_A,1.74
127,0.278,PHE, ,O,37.51,6.54,0.0,3.77,1.0,<Residue PHE het=  resseq=77 icode= >,2c62_B_A,1.74
128,0.0,PHE, ,CB,39.77,4.82,0.0,1.99,1.0,<Residue PHE het=  resseq=77 icode= >,2c62_B_A,1.74
129,0.028,PHE, ,CG,39.12,3.94,0.028,3.70,1.0,<Residue PHE het=  resseq=77 icode= >,2c62_B_A,1.74
130,8.154,PHE, ,CD1,39.31,3.69,0.035,2.96,1.0,<Residue PHE het=  resseq=77 icode= >,2c62_B_A,1.74
131,10.283,PHE, ,CD2,40.5,3.53,3.682,1.91,1.0,<Residue PHE het=  resseq=77 icode= >,2c62_B_A,1.74
132,22.247,PHE, ,CE1,38.29,3.31,8.106,2.97,1.0,<Residue PHE het=  resseq=77 icode= >,2c62_B_A,1.74
133,26.808,PHE, ,CE2,38.42,3.40,13.874,2.22,1.0,<Residue PHE het=  resseq=77 icode= >,2c62_B_A,1.74
134,21.408,PHE, ,CZ,38.0,3.29,17.836,3.08,1.0,<Residue PHE het=  resseq=77 icode= >,2c62_B_A,1.74
135,6.851,LYS, ,N,39.83,7.79,0.0,2.58,1.0,<Residue LYS het=  resseq=78 icode= >,2c62_B_A,1.74
136,15.116,LYS, ,CA,38.63,8.56,0.0,3.43,1.0,<Residue LYS het=  resseq=78 icode= >,2c62_B_A,1.74
137,4.92,LYS, ,C,38.54,8.62,0.0,4.19,1.0,<Residue LYS het=  resseq=78 icode= >,2c62_B_A,1.74
138,18.725,LYS, ,O,39.59,7.78,0.0,3.41,1.0,<Residue LYS het=  resseq=78 icode= >,2c62_B_A,1.74
139,17.373,LYS, ,CB,40.04,7.92,0.0,3.05,1.0,<Residue LYS het=  resseq=78 icode= >,2c62_B_A,1.74
140,17.345,LYS, ,CG,41.28,7.73,0.0,2.92,1.0,<Residue LYS het=  resseq=78 icode= >,2c62_B_A,1.74
141,23.68,LYS, ,CD,46.42,7.28,0.0,1.49,1.0,<Residue LYS het=  resseq=78 icode= >,2c62_B_A,1.74
142,30.122,LYS, ,CE,47.04,6.91,0.0,1.60,1.0,<Residue LYS het=  resseq=78 icode= >,2c62_B_A,1.74
143,42.318,LYS, ,NZ,50.22,6.40,0.0,0.95,1.0,<Residue LYS het=  resseq=78 icode= >,2c62_B_A,1.74
144,4.628,GLY, ,N,37.7,8.94,0.0,3.66,1.0,<Residue GLY het=  resseq=79 icode= >,2c62_B_A,1.74
145,29.013,GLY, ,CA,37.5,8.39,0.0,2.39,1.0,<Residue GLY het=  resseq=79 icode= >,2c62_B_A,1.74
146,0.806,GLY, ,C,37.99,7.38,0.0,3.94,1.0,<Residue GLY het=  resseq=79 icode= >,2c62_B_A,1.74
147,27.647,GLY, ,O,38.33,7.17,0.0,3.54,1.0,<Residue GLY het=  resseq=79 icode= >,2c62_B_A,1.74
148,0.0,LYS, ,N,38.06,7.05,0.0,3.59,1.0,<Residue LYS het=  resseq=80 icode= >,2c62_B_A,1.74
149,1.909,LYS, ,CA,38.48,6.38,0.0,2.61,1.0,<Residue LYS het=  resseq=80 icode= >,2c62_B_A,1.74
150,0.0,LYS, ,C,37.28,7.49,0.0,3.83,1.0,<Residue LYS het=  resseq=80 icode= >,2c62_B_A,1.74
151,0.0,LYS, ,O,35.46,7.72,0.0,4.59,1.0,<Residue LYS het=  resseq=80 icode= >,2c62_B_A,1.74
152,9.715,LYS, ,CB,40.31,5.37,1.015,2.03,1.0,<Residue LYS het=  resseq=80 icode= >,2c62_B_A,1.74
153,19.132,LYS, ,CG,44.48,4.29,6.288,1.63,1.0,<Residue LYS het=  resseq=80 icode= >,2c62_B_A,1.74
154,21.387,LYS, ,CD,48.5,3.44,11.906,0.64,1.0,<Residue LYS het=  resseq=80 icode= >,2c62_B_A,1.74
155,40.359,LYS, ,CE,50.39,2.92,11.466,0.69,1.0,<Residue LYS het=  resseq=80 icode= >,2c62_B_A,1.74
156,48.577,LYS, ,NZ,52.16,2.85,10.422,0.87,1.0,<Residue LYS het=  resseq=80 icode= >,2c62_B_A,1.74
157,3.821,VAL, ,N,35.62,7.47,0.0,3.14,1.0,<Residue VAL het=  resseq=81 icode= >,2c62_B_A,1.74
158,0.0,VAL, ,CA,34.84,8.47,0.0,3.54,1.0,<Residue VAL het=  resseq=81 icode= >,2c62_B_A,1.74
159,0.0,VAL, ,C,34.74,7.66,0.0,4.16,1.0,<Residue VAL het=  resseq=81 icode= >,2c62_B_A,1.74
160,0.409,VAL, ,O,33.91,6.64,0.0,3.65,1.0,<Residue VAL het=  resseq=81 icode= >,2c62_B_A,1.74
161,0.094,VAL, ,CB,35.95,8.61,0.0,3.03,1.0,<Residue VAL het=  resseq=81 icode= >,2c62_B_A,1.74
162,19.92,VAL, ,CG1,35.72,9.56,17.832,2.42,1.0,<Residue VAL het=  resseq=81 icode= >,2c62_B_A,1.74
163,52.321,VAL, ,CG2,36.89,9.39,16.599,1.77,1.0,<Residue VAL het=  resseq=81 icode= >,2c62_B_A,1.74
164,0.0,LEU, ,N,34.36,7.87,0.0,3.63,1.0,<Residue LEU het=  resseq=82 icode= >,2c62_B_A,1.74
165,0.0,LEU, ,CA,33.83,6.96,0.0,3.31,1.0,<Residue LEU het=  resseq=82 icode= >,2c62_B_A,1.74
166,0.0,LEU, ,C,32.67,7.76,0.0,4.72,1.0,<Residue LEU het=  resseq=82 icode= >,2c62_B_A,1.74
167,0.0,LEU, ,O,31.69,7.81,0.0,4.36,1.0,<Residue LEU het=  resseq=82 icode= >,2c62_B_A,1.74
168,0.0,LEU, ,CB,32.27,5.94,0.0,3.78,1.0,<Residue LEU het=  resseq=82 icode= >,2c62_B_A,1.74
169,0.0,LEU, ,CG,32.06,4.96,0.0,3.64,1.0,<Residue LEU het=  resseq=82 icode= >,2c62_B_A,1.74
170,11.347,LEU, ,CD1,31.6,3.75,10.578,3.49,1.0,<Residue LEU het=  resseq=82 icode= >,2c62_B_A,1.74
171,17.203,LEU, ,CD2,33.41,4.16,11.779,2.31,1.0,<Residue LEU het=  resseq=82 icode= >,2c62_B_A,1.74
172,0.0,ILE, ,N,32.68,7.62,0.0,4.28,1.0,<Residue ILE het=  resseq=83 icode= >,2c62_B_A,1.74
173,0.0,ILE, ,CA,31.55,7.83,0.0,4.54,1.0,<Residue ILE het=  resseq=83 icode= >,2c62_B_A,1.74
174,0.0,ILE, ,C,32.16,6.85,0.0,4.48,1.0,<Residue ILE het=  resseq=83 icode= >,2c62_B_A,1.74
175,0.0,ILE, ,O,30.76,7.27,0.0,4.15,1.0,<Residue ILE het=  resseq=83 icode= >,2c62_B_A,1.74
176,0.0,ILE, ,CB,33.75,9.25,0.0,3.77,1.0,<Residue ILE het=  resseq=83 icode= >,2c62_B_A,1.74
177,0.263,ILE, ,CG1,35.01,9.99,0.0,3.05,1.0,<Residue ILE het=  resseq=83 icode= >,2c62_B_A,1.74
178,0.835,ILE, ,CG2,33.09,9.56,0.835,2.78,1.0,<Residue ILE het=  resseq=83 icode= >,2c62_B_A,1.74
179,15.36,ILE, ,CD1,38.47,10.89,12.865,1.31,1.0,<Residue ILE het=  resseq=83 icode= >,2c62_B_A,1.74
180,0.0,ASP, ,N,31.4,5.76,0.0,4.74,1.0,<Residue ASP het=  resseq=84 icode= >,2c62_B_A,1.74
181,0.0,ASP, ,CA,32.9,4.91,0.0,4.23,1.0,<Residue ASP het=  resseq=84 icode= >,2c62_B_A,1.74
182,0.044,ASP, ,C,31.83,5.64,0.0,4.98,1.0,<Residue ASP het=  resseq=84 icode= >,2c62_B_A,1.74
183,0.0,ASP, ,O,31.44,6.18,0.0,4.20,1.0,<Residue ASP het=  resseq=84 icode= >,2c62_B_A,1.74
184,1.07,ASP, ,CB,36.02,3.45,1.034,3.77,1.0,<Residue ASP het=  resseq=84 icode= >,2c62_B_A,1.74
185,1.314,ASP, ,CG,42.48,3.29,1.314,2.57,1.0,<Residue ASP het=  resseq=84 icode= >,2c62_B_A,1.74
186,0.0,ASP, ,OD1,44.94,3.60,0.0,1.52,1.0,<Residue ASP het=  resseq=84 icode= >,2c62_B_A,1.74
187,1.806,ASP, ,OD2,45.34,3.58,1.806,1.51,1.0,<Residue ASP het=  resseq=84 icode= >,2c62_B_A,1.74
188,0.0,ILE, ,N,30.22,6.06,0.0,4.66,1.0,<Residue ILE het=  resseq=85 icode= >,2c62_B_A,1.74
189,0.0,ILE, ,CA,29.92,7.05,0.0,3.89,1.0,<Residue ILE het=  resseq=85 icode= >,2c62_B_A,1.74
190,0.162,ILE, ,C,27.85,6.51,0.162,5.71,1.0,<Residue ILE het=  resseq=85 icode= >,2c62_B_A,1.74
191,1.335,ILE, ,O,25.96,6.55,1.335,6.28,1.0,<Residue ILE het=  resseq=85 icode= >,2c62_B_A,1.74
192,0.261,ILE, ,CB,30.34,8.34,0.261,3.47,1.0,<Residue ILE het=  resseq=85 icode= >,2c62_B_A,1.74
193,0.0,ILE, ,CG1,31.41,8.89,0.0,3.93,1.0,<Residue ILE het=  resseq=85 icode= >,2c62_B_A,1.74
194,28.46,ILE, ,CG2,31.31,9.47,28.346,2.87,1.0,<Residue ILE het=  resseq=85 icode= >,2c62_B_A,1.74
195,18.839,ILE, ,CD1,33.36,10.17,18.839,2.10,1.0,<Residue ILE het=  resseq=85 icode= >,2c62_B_A,1.74
196,0.828,ARG, ,N,27.11,6.37,0.54,5.26,1.0,<Residue ARG het=  resseq=86 icode= >,2c62_B_A,1.74
197,2.464,ARG, ,CA,27.43,6.20,2.464,4.75,1.0,<Residue ARG het=  resseq=86 icode= >,2c62_B_A,1.74
198,1.128,ARG, ,C,28.32,7.16,1.128,5.14,1.0,<Residue ARG het=  resseq=86 icode= >,2c62_B_A,1.74
199,0.0,ARG, ,O,28.26,7.66,0.0,4.74,1.0,<Residue ARG het=  resseq=86 icode= >,2c62_B_A,1.74
200,0.187,ARG, ,CB,31.22,4.77,0.0,3.01,1.0,<Residue ARG het=  resseq=86 icode= >,2c62_B_A,1.74
201,0.0,ARG, ,CG,35.5,4.82,0.0,2.00,1.0,<Residue ARG het=  resseq=86 icode= >,2c62_B_A,1.74
202,2.891,ARG, ,CD,34.8,3.34,2.891,2.74,1.0,<Residue ARG het=  resseq=86 icode= >,2c62_B_A,1.74
203,5.285,ARG, ,NE,32.99,3.00,5.285,3.75,1.0,<Residue ARG het=  resseq=86 icode= >,2c62_B_A,1.74
204,4.308,ARG, ,CZ,32.03,3.27,4.308,4.25,1.0,<Residue ARG het=  resseq=86 icode= >,2c62_B_A,1.74
205,13.164,ARG, ,NH1,31.6,3.53,9.363,3.41,1.0,<Residue ARG het=  resseq=86 icode= >,2c62_B_A,1.74
206,18.389,ARG, ,NH2,29.69,3.50,17.138,3.36,1.0,<Residue ARG het=  resseq=86 icode= >,2c62_B_A,1.74
207,1.289,GLU, ,N,25.79,7.51,1.289,5.73,1.0,<Residue GLU het=  resseq=87 icode= >,2c62_B_A,1.74
208,0.0,GLU, ,CA,27.99,6.95,0.0,4.79,1.0,<Residue GLU het=  resseq=87 icode= >,2c62_B_A,1.74
209,0.0,GLU, ,C,28.12,6.23,0.0,5.09,1.0,<Residue GLU het=  resseq=87 icode= >,2c62_B_A,1.74
210,0.0,GLU, ,O,27.63,5.69,0.0,5.26,1.0,<Residue GLU het=  resseq=87 icode= >,2c62_B_A,1.74
211,0.821,GLU, ,CB,28.45,6.24,0.821,3.57,1.0,<Residue GLU het=  resseq=87 icode= >,2c62_B_A,1.74
212,4.384,GLU, ,CG,33.19,6.04,0.0,2.74,1.0,<Residue GLU het=  resseq=87 icode= >,2c62_B_A,1.74
213,8.698,GLU, ,CD,35.36,5.10,0.0,4.35,1.0,<Residue GLU het=  resseq=87 icode= >,2c62_B_A,1.74
214,21.932,GLU, ,OE1,36.32,4.85,8.126,3.62,1.0,<Residue GLU het=  resseq=87 icode= >,2c62_B_A,1.74
215,13.184,GLU, ,OE2,38.35,3.91,7.551,3.11,1.0,<Residue GLU het=  resseq=87 icode= >,2c62_B_A,1.74
216,0.0,TYR, ,N,27.65,6.59,0.0,4.92,1.0,<Residue TYR het=  resseq=88 icode= >,2c62_B_A,1.74
217,0.0,TYR, ,CA,27.54,6.43,0.0,4.81,1.0,<Residue TYR het=  resseq=88 icode= >,2c62_B_A,1.74
218,0.539,TYR, ,C,27.36,5.79,0.0,5.69,1.0,<Residue TYR het=  resseq=88 icode= >,2c62_B_A,1.74
219,2.011,TYR, ,O,27.78,5.86,0.0,4.87,1.0,<Residue TYR het=  resseq=88 icode= >,2c62_B_A,1.74
220,2.716,TYR, ,CB,29.24,7.87,0.0,3.40,1.0,<Residue TYR het=  resseq=88 icode= >,2c62_B_A,1.74
221,0.0,TYR, ,CG,28.84,7.50,0.0,4.71,1.0,<Residue TYR het=  resseq=88 icode= >,2c62_B_A,1.74
222,1.356,TYR, ,CD1,32.36,6.52,0.0,3.60,1.0,<Residue TYR het=  resseq=88 icode= >,2c62_B_A,1.74
223,0.0,TYR, ,CD2,30.36,7.38,0.0,3.64,1.0,<Residue TYR het=  resseq=88 icode= >,2c62_B_A,1.74
224,13.086,TYR, ,CE1,32.38,5.25,3.231,3.41,1.0,<Residue TYR het=  resseq=88 icode= >,2c62_B_A,1.74
225,0.0,TYR, ,CE2,33.84,6.29,0.0,2.71,1.0,<Residue TYR het=  resseq=88 icode= >,2c62_B_A,1.74
226,0.0,TYR, ,CZ,33.56,5.12,0.0,4.24,1.0,<Residue TYR het=  resseq=88 icode= >,2c62_B_A,1.74
227,11.68,TYR, ,OH,37.06,4.14,9.853,2.72,1.0,<Residue TYR het=  resseq=88 icode= >,2c62_B_A,1.74
228,0.001,TRP, ,N,27.52,5.40,0.0,4.60,1.0,<Residue TRP het=  resseq=89 icode= >,2c62_B_A,1.74
229,0.075,TRP, ,CA,25.39,4.87,0.0,4.42,1.0,<Residue TRP het=  resseq=89 icode= >,2c62_B_A,1.74
230,0.436,TRP, ,C,25.58,5.66,0.0,5.64,1.0,<Residue TRP het=  resseq=89 icode= >,2c62_B_A,1.74
231,0.0,TRP, ,O,25.25,6.69,0.0,4.92,1.0,<Residue TRP het=  resseq=89 icode= >,2c62_B_A,1.74
232,24.96,TRP, ,CB,27.24,3.46,18.031,3.83,1.0,<Residue TRP het=  resseq=89 icode= >,2c62_B_A,1.74
233,1.976,TRP, ,CG,29.13,3.36,1.976,3.95,1.0,<Residue TRP het=  resseq=89 icode= >,2c62_B_A,1.74
234,2.627,TRP, ,CD1,30.61,3.67,2.627,3.43,1.0,<Residue TRP het=  resseq=89 icode= >,2c62_B_A,1.74
235,2.671,TRP, ,CD2,31.12,3.49,2.671,3.67,1.0,<Residue TRP het=  resseq=89 icode= >,2c62_B_A,1.74
236,4.536,TRP, ,NE1,31.22,3.78,4.536,4.11,1.0,<Residue TRP het=  resseq=89 icode= >,2c62_B_A,1.74
237,3.184,TRP, ,CE2,30.66,3.83,3.184,4.61,1.0,<Residue TRP het=  resseq=89 icode= >,2c62_B_A,1.74
238,12.5,TRP, ,CE3,31.09,3.44,12.5,3.23,1.0,<Residue TRP het=  resseq=89 icode= >,2c62_B_A,1.74
239,26.475,TRP, ,CZ2,32.21,3.75,26.475,3.82,1.0,<Residue TRP het=  resseq=89 icode= >,2c62_B_A,1.74
240,15.944,TRP, ,CZ3,33.27,3.55,12.807,2.97,1.0,<Residue TRP het=  resseq=89 icode= >,2c62_B_A,1.74
241,25.574,TRP, ,CH2,32.65,3.76,24.495,3.30,1.0,<Residue TRP het=  resseq=89 icode= >,2c62_B_A,1.74
242,2.252,MET, ,N,24.7,4.98,0.399,4.92,1.0,<Residue MET het=  resseq=90 icode= >,2c62_B_A,1.74
243,0.0,MET, ,CA,25.76,5.36,0.0,3.68,1.0,<Residue MET het=  resseq=90 icode= >,2c62_B_A,1.74
244,0.014,MET, ,C,25.47,4.53,0.0,5.66,1.0,<Residue MET het=  resseq=90 icode= >,2c62_B_A,1.74
245,19.981,MET, ,O,26.17,3.43,14.575,5.71,1.0,<Residue MET het=  resseq=90 icode= >,2c62_B_A,1.74
246,17.692,MET, ,CB,25.8,5.77,0.0,3.26,1.0,<Residue MET het=  resseq=90 icode= >,2c62_B_A,1.74
247,6.487,MET, ,CG,26.21,6.87,0.0,3.52,1.0,<Residue MET het=  resseq=90 icode= >,2c62_B_A,1.74
248,39.879,MET, ,SD,28.81,7.74,0.0,10.16,1.0,<Residue MET het=  resseq=90 icode= >,2c62_B_A,1.74
249,62.022,MET, ,CE,27.6,9.11,0.0,2.83,1.0,<Residue MET het=  resseq=90 icode= >,2c62_B_A,1.74
250,0.0,ASP, ,N,28.75,5.37,0.0,4.21,1.0,<Residue ASP het=  resseq=91 icode= >,2c62_B_A,1.74
251,0.259,ASP, ,CA,32.4,5.27,0.209,3.38,1.0,<Residue ASP het=  resseq=91 icode= >,2c62_B_A,1.74
252,2.065,ASP, ,C,34.6,5.81,0.0,4.07,1.0,<Residue ASP het=  resseq=91 icode= >,2c62_B_A,1.74
253,7.67,ASP, ,O,34.56,6.34,0.0,3.41,1.0,<Residue ASP het=  resseq=91 icode= >,2c62_B_A,1.74
254,3.276,ASP, ,CB,32.85,5.23,2.429,3.06,1.0,<Residue ASP het=  resseq=91 icode= >,2c62_B_A,1.74
255,0.6,ASP, ,CG,36.0,5.60,0.0,4.58,1.0,<Residue ASP het=  resseq=91 icode= >,2c62_B_A,1.74
256,0.0,ASP, ,OD1,34.67,6.79,0.0,4.07,1.0,<Residue ASP het=  resseq=91 icode= >,2c62_B_A,1.74
257,10.306,ASP, ,OD2,36.5,4.73,1.811,3.60,1.0,<Residue ASP het=  resseq=91 icode= >,2c62_B_A,1.74
258,0.372,PRO, ,N,36.21,6.10,0.0,3.84,1.0,<Residue PRO het=  resseq=92 icode= >,2c62_B_A,1.74
259,12.914,PRO, ,CA,36.71,6.74,0.0,3.51,1.0,<Residue PRO het=  resseq=92 icode= >,2c62_B_A,1.74
260,0.258,PRO, ,C,37.01,8.03,0.0,5.16,1.0,<Residue PRO het=  resseq=92 icode= >,2c62_B_A,1.74
261,28.169,PRO, ,O,37.81,8.40,0.0,4.06,1.0,<Residue PRO het=  resseq=92 icode= >,2c62_B_A,1.74
262,27.0,PRO, ,CB,37.26,7.14,0.0,2.17,1.0,<Residue PRO het=  resseq=92 icode= >,2c62_B_A,1.74
263,43.995,PRO, ,CG,37.42,6.32,1.27,2.54,1.0,<Residue PRO het=  resseq=92 icode= >,2c62_B_A,1.74
264,14.846,PRO, ,CD,35.98,5.76,2.126,2.97,1.0,<Residue PRO het=  resseq=92 icode= >,2c62_B_A,1.74
265,0.0,GLU, ,N,37.36,8.51,0.0,3.87,1.0,<Residue GLU het=  resseq=93 icode= >,2c62_B_A,1.74
266,3.205,GLU, ,CA,40.13,9.42,0.0,2.62,1.0,<Residue GLU het=  resseq=93 icode= >,2c62_B_A,1.74
267,3.575,GLU, ,C,38.7,10.07,0.0,3.72,1.0,<Residue GLU het=  resseq=93 icode= >,2c62_B_A,1.74
268,23.54,GLU, ,O,39.66,10.83,0.0,3.31,1.0,<Residue GLU het=  resseq=93 icode= >,2c62_B_A,1.74
269,9.559,GLU, ,CB,42.73,8.87,0.0,1.93,1.0,<Residue GLU het=  resseq=93 icode= >,2c62_B_A,1.74
270,30.983,GLU, ,CG,48.16,8.43,0.0,1.65,1.0,<Residue GLU het=  resseq=93 icode= >,2c62_B_A,1.74
271,9.862,GLU, ,CD,52.16,9.54,0.0,1.91,1.0,<Residue GLU het=  resseq=93 icode= >,2c62_B_A,1.74
272,37.632,GLU, ,OE1,55.01,10.71,0.0,1.14,1.0,<Residue GLU het=  resseq=93 icode= >,2c62_B_A,1.74
273,27.157,GLU, ,OE2,54.06,9.21,0.0,1.71,1.0,<Residue GLU het=  resseq=93 icode= >,2c62_B_A,1.74
274,0.986,GLY, ,N,36.51,9.23,0.0,3.96,1.0,<Residue GLY het=  resseq=94 icode= >,2c62_B_A,1.74
275,32.239,GLY, ,CA,35.62,9.61,0.0,3.32,1.0,<Residue GLY het=  resseq=94 icode= >,2c62_B_A,1.74
276,1.025,GLY, ,C,35.43,9.89,0.0,4.60,1.0,<Residue GLY het=  resseq=94 icode= >,2c62_B_A,1.74
277,29.315,GLY, ,O,36.55,10.69,0.0,3.39,1.0,<Residue GLY het=  resseq=94 icode= >,2c62_B_A,1.74
278,0.0,GLU, ,N,33.89,8.57,0.0,4.30,1.0,<Residue GLU het=  resseq=95 icode= >,2c62_B_A,1.74
279,0.936,GLU, ,CA,34.18,8.05,0.0,4.11,1.0,<Residue GLU het=  resseq=95 icode= >,2c62_B_A,1.74
280,0.652,GLU, ,C,32.76,7.62,0.0,4.74,1.0,<Residue GLU het=  resseq=95 icode= >,2c62_B_A,1.74
281,0.0,GLU, ,O,32.81,7.11,0.0,4.48,1.0,<Residue GLU het=  resseq=95 icode= >,2c62_B_A,1.74
282,1.339,GLU, ,CB,37.46,7.07,0.0,2.70,1.0,<Residue GLU het=  resseq=95 icode= >,2c62_B_A,1.74
283,15.747,GLU, ,CG,44.68,7.85,0.0,1.96,1.0,<Residue GLU het=  resseq=95 icode= >,2c62_B_A,1.74
284,8.874,GLU, ,CD,48.06,9.11,0.0,2.17,1.0,<Residue GLU het=  resseq=95 icode= >,2c62_B_A,1.74
285,34.711,GLU, ,OE1,51.52,9.16,0.0,1.88,1.0,<Residue GLU het=  resseq=95 icode= >,2c62_B_A,1.74
286,33.157,GLU, ,OE2,53.32,10.20,0.0,0.75,1.0,<Residue GLU het=  resseq=95 icode= >,2c62_B_A,1.74
287,6.495,MET, ,N,31.75,8.14,0.0,3.94,1.0,<Residue MET het=  resseq=96 icode= >,2c62_B_A,1.74
288,0.313,MET, ,CA,31.31,8.17,0.0,3.87,1.0,<Residue MET het=  resseq=96 icode= >,2c62_B_A,1.74
289,0.06,MET, ,C,32.34,7.00,0.0,4.50,1.0,<Residue MET het=  resseq=96 icode= >,2c62_B_A,1.74
290,19.078,MET, ,O,33.97,6.87,0.0,3.72,1.0,<Residue MET het=  resseq=96 icode= >,2c62_B_A,1.74
291,23.416,MET, ,CB,33.33,9.47,0.0,3.47,1.0,<Residue MET het=  resseq=96 icode= >,2c62_B_A,1.74
292,6.051,MET, ,CG,34.23,9.46,0.0,3.27,1.0,<Residue MET het=  resseq=96 icode= >,2c62_B_A,1.74
293,41.964,MET, ,SD,36.98,9.66,0.0,7.57,1.0,<Residue MET het=  resseq=96 icode= >,2c62_B_A,1.74
294,9.987,MET, ,CE,33.63,8.81,0.0,1.96,1.0,<Residue MET het=  resseq=96 icode= >,2c62_B_A,1.74
295,0.0,LYS, ,N,30.99,6.42,0.0,4.39,1.0,<Residue LYS het=  resseq=97 icode= >,2c62_B_A,1.74
296,0.154,LYS, ,CA,32.79,5.48,0.0,3.32,1.0,<Residue LYS het=  resseq=97 icode= >,2c62_B_A,1.74
297,0.0,LYS, ,C,32.62,5.28,0.0,4.32,1.0,<Residue LYS het=  resseq=97 icode= >,2c62_B_A,1.74
298,0.0,LYS, ,O,31.73,5.89,0.0,4.05,1.0,<Residue LYS het=  resseq=97 icode= >,2c62_B_A,1.74
299,1.967,LYS, ,CB,31.49,4.15,1.967,3.72,1.0,<Residue LYS het=  resseq=97 icode= >,2c62_B_A,1.74
300,1.503,LYS, ,CG,32.87,3.55,1.503,2.86,1.0,<Residue LYS het=  resseq=97 icode= >,2c62_B_A,1.74
301,16.03,LYS, ,CD,35.85,3.20,8.479,2.62,1.0,<Residue LYS het=  resseq=97 icode= >,2c62_B_A,1.74
302,17.044,LYS, ,CE,36.71,3.33,9.192,2.78,1.0,<Residue LYS het=  resseq=97 icode= >,2c62_B_A,1.74
303,46.949,LYS, ,NZ,41.51,3.98,0.704,1.59,1.0,<Residue LYS het=  resseq=97 icode= >,2c62_B_A,1.74
304,0.0,PRO, ,N,33.35,4.85,0.0,4.21,1.0,<Residue PRO het=  resseq=98 icode= >,2c62_B_A,1.74
305,0.0,PRO, ,CA,32.51,4.85,0.0,3.97,1.0,<Residue PRO het=  resseq=98 icode= >,2c62_B_A,1.74
306,0.046,PRO, ,C,32.43,4.07,0.046,4.13,1.0,<Residue PRO het=  resseq=98 icode= >,2c62_B_A,1.74
307,9.684,PRO, ,O,31.97,3.01,9.684,3.88,1.0,<Residue PRO het=  resseq=98 icode= >,2c62_B_A,1.74
308,11.697,PRO, ,CB,34.35,3.58,11.697,2.67,1.0,<Residue PRO het=  resseq=98 icode= >,2c62_B_A,1.74
309,38.439,PRO, ,CG,34.86,3.39,38.439,2.65,1.0,<Residue PRO het=  resseq=98 icode= >,2c62_B_A,1.74
310,20.261,PRO, ,CD,34.4,4.19,7.641,2.64,1.0,<Residue PRO het=  resseq=98 icode= >,2c62_B_A,1.74
311,0.0,GLY, ,N,30.17,4.53,0.0,4.36,1.0,<Residue GLY het=  resseq=99 icode= >,2c62_B_A,1.74
312,5.766,GLY, ,CA,29.75,3.20,5.278,2.91,1.0,<Residue GLY het=  resseq=99 icode= >,2c62_B_A,1.74
313,2.853,GLY, ,C,27.78,3.62,2.853,5.25,1.0,<Residue GLY het=  resseq=99 icode= >,2c62_B_A,1.74
314,4.677,GLY, ,O,29.2,4.29,4.677,4.41,1.0,<Residue GLY het=  resseq=99 icode= >,2c62_B_A,1.74
315,7.246,ARG, ,N,30.13,3.04,7.246,4.39,1.0,<Residue ARG het=  resseq=100 icode= >,2c62_B_A,1.74
316,10.521,ARG, ,CA,32.18,4.18,7.051,3.52,1.0,<Residue ARG het=  resseq=100 icode= >,2c62_B_A,1.74
317,0.0,ARG, ,C,31.75,5.03,0.0,4.12,1.0,<Residue ARG het=  resseq=100 icode= >,2c62_B_A,1.74
318,19.405,ARG, ,O,32.28,5.65,11.453,3.62,1.0,<Residue ARG het=  resseq=100 icode= >,2c62_B_A,1.74
319,29.097,ARG, ,CB,34.16,3.55,20.423,2.90,1.0,<Residue ARG het=  resseq=100 icode= >,2c62_B_A,1.74
320,9.423,ARG, ,CG,39.61,3.95,8.272,1.87,1.0,<Residue ARG het=  resseq=100 icode= >,2c62_B_A,1.74
321,35.162,ARG, ,CD,45.41,3.83,16.823,0.97,1.0,<Residue ARG het=  resseq=100 icode= >,2c62_B_A,1.74
322,18.874,ARG, ,NE,48.51,4.61,1.851,1.45,1.0,<Residue ARG het=  resseq=100 icode= >,2c62_B_A,1.74
323,4.436,ARG, ,CZ,49.56,4.29,0.0,2.02,1.0,<Residue ARG het=  resseq=100 icode= >,2c62_B_A,1.74
324,31.635,ARG, ,NH1,51.56,3.78,22.455,0.87,1.0,<Residue ARG het=  resseq=100 icode= >,2c62_B_A,1.74
325,40.79,ARG, ,NH2,51.13,3.81,13.402,1.07,1.0,<Residue ARG het=  resseq=100 icode= >,2c62_B_A,1.74
326,0.195,LYS, ,N,29.22,4.73,0.195,4.60,1.0,<Residue LYS het=  resseq=101 icode= >,2c62_B_A,1.74
327,5.057,LYS, ,CA,28.7,5.67,4.453,4.25,1.0,<Residue LYS het=  resseq=101 icode= >,2c62_B_A,1.74
328,1.541,LYS, ,C,28.08,6.74,1.541,4.63,1.0,<Residue LYS het=  resseq=101 icode= >,2c62_B_A,1.74
329,0.761,LYS, ,O,26.5,6.54,0.761,4.92,1.0,<Residue LYS het=  resseq=101 icode= >,2c62_B_A,1.74
330,8.214,LYS, ,CB,30.72,5.11,8.214,3.45,1.0,<Residue LYS het=  resseq=101 icode= >,2c62_B_A,1.74
331,7.406,LYS, ,CG,31.17,4.01,6.046,2.98,1.0,<Residue LYS het=  resseq=101 icode= >,2c62_B_A,1.74
332,6.062,LYS, ,CD,34.56,4.13,4.286,2.75,1.0,<Residue LYS het=  resseq=101 icode= >,2c62_B_A,1.74
333,23.324,LYS, ,CE,36.2,3.68,13.858,2.66,1.0,<Residue LYS het=  resseq=101 icode= >,2c62_B_A,1.74
334,43.906,LYS, ,NZ,39.91,3.41,33.92,2.05,1.0,<Residue LYS het=  resseq=101 icode= >,2c62_B_A,1.74
335,7.295,GLY, ,N,25.37,7.09,7.295,4.72,1.0,<Residue GLY het=  resseq=102 icode= >,2c62_B_A,1.74
336,8.256,GLY, ,CA,24.05,6.90,8.256,4.38,1.0,<Residue GLY het=  resseq=102 icode= >,2c62_B_A,1.74
337,1.831,GLY, ,C,25.53,6.57,1.831,5.36,1.0,<Residue GLY het=  resseq=102 icode= >,2c62_B_A,1.74
338,20.288,GLY, ,O,26.67,5.99,18.657,5.68,1.0,<Residue GLY het=  resseq=102 icode= >,2c62_B_A,1.74
339,0.0,ILE, ,N,24.61,6.47,0.0,5.98,1.0,<Residue ILE het=  resseq=103 icode= >,2c62_B_A,1.74
340,2.967,ILE, ,CA,25.58,6.14,2.152,4.19,1.0,<Residue ILE het=  resseq=103 icode= >,2c62_B_A,1.74
341,0.0,ILE, ,C,25.99,5.77,0.0,5.34,1.0,<Residue ILE het=  resseq=103 icode= >,2c62_B_A,1.74
342,0.0,ILE, ,O,25.89,5.84,0.0,5.17,1.0,<Residue ILE het=  resseq=103 icode= >,2c62_B_A,1.74
343,4.699,ILE, ,CB,25.55,7.11,4.699,3.94,1.0,<Residue ILE het=  resseq=103 icode= >,2c62_B_A,1.74
344,13.829,ILE, ,CG1,26.02,6.19,13.829,3.89,1.0,<Residue ILE het=  resseq=103 icode= >,2c62_B_A,1.74
345,20.147,ILE, ,CG2,25.69,8.28,20.147,3.16,1.0,<Residue ILE het=  resseq=103 icode= >,2c62_B_A,1.74
346,60.405,ILE, ,CD1,28.0,6.89,60.354,3.35,1.0,<Residue ILE het=  resseq=103 icode= >,2c62_B_A,1.74
347,3.526,SER, ,N,24.66,4.88,2.92,5.18,1.0,<Residue SER het=  resseq=104 icode= >,2c62_B_A,1.74
348,0.0,SER, ,CA,26.69,4.97,0.0,4.29,1.0,<Residue SER het=  resseq=104 icode= >,2c62_B_A,1.74
349,0.0,SER, ,C,27.05,4.22,0.0,5.54,1.0,<Residue SER het=  resseq=104 icode= >,2c62_B_A,1.74
350,16.301,SER, ,O,27.39,3.16,16.301,5.70,1.0,<Residue SER het=  resseq=104 icode= >,2c62_B_A,1.74
351,14.063,SER, ,CB,28.78,3.59,14.063,4.05,1.0,<Residue SER het=  resseq=104 icode= >,2c62_B_A,1.74
352,4.08,SER, ,OG,30.75,3.24,4.08,4.33,1.0,<Residue SER het=  resseq=104 icode= >,2c62_B_A,1.74
353,0.0,LEU, ,N,26.82,5.11,0.0,5.23,1.0,<Residue LEU het=  resseq=105 icode= >,2c62_B_A,1.74
354,0.0,LEU, ,CA,26.34,5.17,0.0,4.78,1.0,<Residue LEU het=  resseq=105 icode= >,2c62_B_A,1.74
355,0.0,LEU, ,C,27.39,5.02,0.0,5.58,1.0,<Residue LEU het=  resseq=105 icode= >,2c62_B_A,1.74
356,0.0,LEU, ,O,27.0,5.67,0.0,5.33,1.0,<Residue LEU het=  resseq=105 icode= >,2c62_B_A,1.74
357,0.0,LEU, ,CB,27.45,6.55,0.0,3.93,1.0,<Residue LEU het=  resseq=105 icode= >,2c62_B_A,1.74
358,0.0,LEU, ,CG,27.94,7.33,0.0,4.42,1.0,<Residue LEU het=  resseq=105 icode= >,2c62_B_A,1.74
359,1.117,LEU, ,CD1,28.83,8.70,1.117,3.01,1.0,<Residue LEU het=  resseq=105 icode= >,2c62_B_A,1.74
360,16.115,LEU, ,CD2,26.88,6.81,16.115,3.42,1.0,<Residue LEU het=  resseq=105 icode= >,2c62_B_A,1.74
361,0.601,ASN, ,N,28.3,4.46,0.601,5.15,1.0,<Residue ASN het=  resseq=106 icode= >,2c62_B_A,1.74
362,0.0,ASN, ,CA,31.1,4.54,0.0,4.38,1.0,<Residue ASN het=  resseq=106 icode= >,2c62_B_A,1.74
363,0.072,ASN, ,C,31.87,5.97,0.0,5.25,1.0,<Residue ASN het=  resseq=106 icode= >,2c62_B_A,1.74
364,0.0,ASN, ,O,31.34,6.65,0.0,4.60,1.0,<Residue ASN het=  resseq=106 icode= >,2c62_B_A,1.74
365,18.888,ASN, ,CB,30.13,3.67,17.3,3.87,1.0,<Residue ASN het=  resseq=106 icode= >,2c62_B_A,1.74
366,1.287,ASN, ,CG,30.46,3.88,1.264,4.41,1.0,<Residue ASN het=  resseq=106 icode= >,2c62_B_A,1.74
367,0.0,ASN, ,OD1,33.12,5.05,0.0,3.40,1.0,<Residue ASN het=  resseq=106 icode= >,2c62_B_A,1.74
368,39.206,ASN, ,ND2,29.92,3.08,26.25,3.56,1.0,<Residue ASN het=  resseq=106 icode= >,2c62_B_A,1.74
369,0.092,PRO, ,N,32.74,5.67,0.0,5.17,1.0,<Residue PRO het=  resseq=107 icode= >,2c62_B_A,1.74
370,3.253,PRO, ,CA,32.91,6.54,0.0,5.00,1.0,<Residue PRO het=  resseq=107 icode= >,2c62_B_A,1.74
371,1.592,PRO, ,C,33.22,6.89,0.0,4.70,1.0,<Residue PRO het=  resseq=107 icode= >,2c62_B_A,1.74
372,3.078,PRO, ,O,34.18,8.10,0.0,3.67,1.0,<Residue PRO het=  resseq=107 icode= >,2c62_B_A,1.74
373,35.521,PRO, ,CB,34.2,6.24,0.0,2.46,1.0,<Residue PRO het=  resseq=107 icode= >,2c62_B_A,1.74
374,19.494,PRO, ,CG,34.0,5.94,0.0,3.08,1.0,<Residue PRO het=  resseq=107 icode= >,2c62_B_A,1.74
375,13.072,PRO, ,CD,33.33,5.02,6.045,3.10,1.0,<Residue PRO het=  resseq=107 icode= >,2c62_B_A,1.74
376,2.125,GLU, ,N,32.28,6.06,0.0,4.08,1.0,<Residue GLU het=  resseq=108 icode= >,2c62_B_A,1.74
377,1.073,GLU, ,CA,33.29,6.82,0.0,3.13,1.0,<Residue GLU het=  resseq=108 icode= >,2c62_B_A,1.74
378,0.0,GLU, ,C,31.76,7.70,0.0,4.46,1.0,<Residue GLU het=  resseq=108 icode= >,2c62_B_A,1.74
379,0.0,GLU, ,O,31.64,8.86,0.0,3.83,1.0,<Residue GLU het=  resseq=108 icode= >,2c62_B_A,1.74
380,22.233,GLU, ,CB,34.62,6.17,0.0,2.46,1.0,<Residue GLU het=  resseq=108 icode= >,2c62_B_A,1.74
381,20.964,GLU, ,CG,39.27,7.36,0.746,1.43,1.0,<Residue GLU het=  resseq=108 icode= >,2c62_B_A,1.74
382,7.96,GLU, ,CD,41.44,8.44,0.0,3.13,1.0,<Residue GLU het=  resseq=108 icode= >,2c62_B_A,1.74
383,22.736,GLU, ,OE1,44.96,9.56,0.0,2.40,1.0,<Residue GLU het=  resseq=108 icode= >,2c62_B_A,1.74
384,24.506,GLU, ,OE2,44.68,8.33,0.0,2.70,1.0,<Residue GLU het=  resseq=108 icode= >,2c62_B_A,1.74
385,0.0,GLN, ,N,31.16,7.35,0.0,4.22,1.0,<Residue GLN het=  resseq=109 icode= >,2c62_B_A,1.74
386,3.574,GLN, ,CA,31.2,7.63,3.574,3.36,1.0,<Residue GLN het=  resseq=109 icode= >,2c62_B_A,1.74
387,0.0,GLN, ,C,31.06,8.79,0.0,5.23,1.0,<Residue GLN het=  resseq=109 icode= >,2c62_B_A,1.74
388,4.047,GLN, ,O,31.19,9.56,4.047,4.61,1.0,<Residue GLN het=  resseq=109 icode= >,2c62_B_A,1.74
389,3.224,GLN, ,CB,30.09,6.29,3.224,3.61,1.0,<Residue GLN het=  resseq=109 icode= >,2c62_B_A,1.74
390,25.49,GLN, ,CG,25.87,5.21,23.1,3.69,1.0,<Residue GLN het=  resseq=109 icode= >,2c62_B_A,1.74
391,4.524,GLN, ,CD,25.79,3.79,4.524,5.56,1.0,<Residue GLN het=  resseq=109 icode= >,2c62_B_A,1.74
392,3.992,GLN, ,OE1,27.1,3.85,3.992,4.86,1.0,<Residue GLN het=  resseq=109 icode= >,2c62_B_A,1.74
393,44.189,GLN, ,NE2,26.47,2.88,35.208,4.45,1.0,<Residue GLN het=  resseq=109 icode= >,2c62_B_A,1.74
394,0.0,TRP, ,N,30.09,8.85,0.0,5.52,1.0,<Residue TRP het=  resseq=110 icode= >,2c62_B_A,1.74
395,0.0,TRP, ,CA,32.28,9.96,0.0,4.26,1.0,<Residue TRP het=  resseq=110 icode= >,2c62_B_A,1.74
396,0.0,TRP, ,C,32.94,11.27,0.0,4.67,1.0,<Residue TRP het=  resseq=110 icode= >,2c62_B_A,1.74
397,0.0,TRP, ,O,29.52,12.26,0.0,4.60,1.0,<Residue TRP het=  resseq=110 icode= >,2c62_B_A,1.74
398,0.0,TRP, ,CB,34.45,9.96,0.0,3.70,1.0,<Residue TRP het=  resseq=110 icode= >,2c62_B_A,1.74
399,0.0,TRP, ,CG,35.53,11.28,0.0,3.72,1.0,<Residue TRP het=  resseq=110 icode= >,2c62_B_A,1.74
400,11.259,TRP, ,CD1,35.76,12.10,2.117,2.87,1.0,<Residue TRP het=  resseq=110 icode= >,2c62_B_A,1.74
401,0.0,TRP, ,CD2,36.62,11.93,0.0,3.30,1.0,<Residue TRP het=  resseq=110 icode= >,2c62_B_A,1.74
402,11.347,TRP, ,NE1,34.73,13.31,11.347,3.49,1.0,<Residue TRP het=  resseq=110 icode= >,2c62_B_A,1.74
403,0.0,TRP, ,CE2,36.25,13.17,0.0,3.55,1.0,<Residue TRP het=  resseq=110 icode= >,2c62_B_A,1.74
404,0.0,TRP, ,CE3,36.58,11.74,0.0,2.90,1.0,<Residue TRP het=  resseq=110 icode= >,2c62_B_A,1.74
405,22.741,TRP, ,CZ2,37.72,14.15,22.741,2.81,1.0,<Residue TRP het=  resseq=110 icode= >,2c62_B_A,1.74
406,3.782,TRP, ,CZ3,37.9,12.81,3.782,2.76,1.0,<Residue TRP het=  resseq=110 icode= >,2c62_B_A,1.74
407,20.85,TRP, ,CH2,36.62,13.97,20.85,3.10,1.0,<Residue TRP het=  resseq=110 icode= >,2c62_B_A,1.74
408,0.0,SER, ,N,33.69,10.61,0.0,3.99,1.0,<Residue SER het=  resseq=111 icode= >,2c62_B_A,1.74
409,0.174,SER, ,CA,35.02,11.45,0.0,3.99,1.0,<Residue SER het=  resseq=111 icode= >,2c62_B_A,1.74
410,0.0,SER, ,C,34.77,12.23,0.0,5.33,1.0,<Residue SER het=  resseq=111 icode= >,2c62_B_A,1.74
411,0.47,SER, ,O,36.34,13.43,0.0,3.47,1.0,<Residue SER het=  resseq=111 icode= >,2c62_B_A,1.74
412,16.92,SER, ,CB,37.73,10.77,0.0,2.46,1.0,<Residue SER het=  resseq=111 icode= >,2c62_B_A,1.74
413,20.835,SER, ,OG,39.44,11.81,0.0,2.59,1.0,<Residue SER het=  resseq=111 icode= >,2c62_B_A,1.74
414,0.0,GLN, ,N,33.54,11.69,0.0,4.37,1.0,<Residue GLN het=  resseq=112 icode= >,2c62_B_A,1.74
415,0.0,GLN, ,CA,33.52,12.52,0.0,3.74,1.0,<Residue GLN het=  resseq=112 icode= >,2c62_B_A,1.74
416,0.189,GLN, ,C,31.35,12.88,0.189,5.06,1.0,<Residue GLN het=  resseq=112 icode= >,2c62_B_A,1.74
417,0.0,GLN, ,O,31.41,13.82,0.0,3.91,1.0,<Residue GLN het=  resseq=112 icode= >,2c62_B_A,1.74
418,6.074,GLN, ,CB,34.01,11.61,6.03,3.06,1.0,<Residue GLN het=  resseq=112 icode= >,2c62_B_A,1.74
419,4.802,GLN, ,CG,36.6,11.57,0.0,2.82,1.0,<Residue GLN het=  resseq=112 icode= >,2c62_B_A,1.74
420,7.679,GLN, ,CD,39.38,11.26,2.326,3.42,1.0,<Residue GLN het=  resseq=112 icode= >,2c62_B_A,1.74
421,30.994,GLN, ,OE1,40.81,11.36,18.111,2.36,1.0,<Residue GLN het=  resseq=112 icode= >,2c62_B_A,1.74
422,31.001,GLN, ,NE2,39.79,10.34,4.746,1.94,1.0,<Residue GLN het=  resseq=112 icode= >,2c62_B_A,1.74
423,0.52,LEU, ,N,32.18,12.28,0.52,4.09,1.0,<Residue LEU het=  resseq=113 icode= >,2c62_B_A,1.74
424,6.942,LEU, ,CA,31.73,12.85,6.942,3.43,1.0,<Residue LEU het=  resseq=113 icode= >,2c62_B_A,1.74
425,0.0,LEU, ,C,32.46,14.31,0.0,4.34,1.0,<Residue LEU het=  resseq=113 icode= >,2c62_B_A,1.74
426,0.0,LEU, ,O,30.73,15.25,0.0,4.59,1.0,<Residue LEU het=  resseq=113 icode= >,2c62_B_A,1.74
427,4.596,LEU, ,CB,32.22,12.18,4.596,3.06,1.0,<Residue LEU het=  resseq=113 icode= >,2c62_B_A,1.74
428,3.879,LEU, ,CG,32.54,12.97,3.879,3.95,1.0,<Residue LEU het=  resseq=113 icode= >,2c62_B_A,1.74
429,28.768,LEU, ,CD1,32.76,12.20,28.768,2.89,1.0,<Residue LEU het=  resseq=113 icode= >,2c62_B_A,1.74
430,15.321,LEU, ,CD2,34.63,14.18,15.321,2.05,1.0,<Residue LEU het=  resseq=113 icode= >,2c62_B_A,1.74
431,0.0,LYS, ,N,33.66,14.57,0.0,4.83,1.0,<Residue LYS het=  resseq=114 icode= >,2c62_B_A,1.74
432,0.0,LYS, ,CA,35.61,15.96,0.0,4.67,1.0,<Residue LYS het=  resseq=114 icode= >,2c62_B_A,1.74
433,1.295,LYS, ,C,37.42,16.82,0.0,4.66,1.0,<Residue LYS het=  resseq=114 icode= >,2c62_B_A,1.74
434,10.497,LYS, ,O,36.77,17.95,0.0,3.32,1.0,<Residue LYS het=  resseq=114 icode= >,2c62_B_A,1.74
435,11.792,LYS, ,CB,36.62,15.93,0.253,3.43,1.0,<Residue LYS het=  resseq=114 icode= >,2c62_B_A,1.74
436,1.853,LYS, ,CG,38.28,15.36,1.853,2.91,1.0,<Residue LYS het=  resseq=114 icode= >,2c62_B_A,1.74
437,21.809,LYS, ,CD,40.2,15.63,17.501,2.82,1.0,<Residue LYS het=  resseq=114 icode= >,2c62_B_A,1.74
438,11.034,LYS, ,CE,41.08,14.53,0.0,2.66,1.0,<Residue LYS het=  resseq=114 icode= >,2c62_B_A,1.74
439,40.757,LYS, ,NZ,40.94,14.81,19.253,2.38,1.0,<Residue LYS het=  resseq=114 icode= >,2c62_B_A,1.74
440,0.061,GLU, ,N,37.41,16.36,0.0,4.05,1.0,<Residue GLU het=  resseq=115 icode= >,2c62_B_A,1.74
441,10.257,GLU, ,CA,39.03,17.13,0.0,4.48,1.0,<Residue GLU het=  resseq=115 icode= >,2c62_B_A,1.74
442,0.024,GLU, ,C,39.22,17.77,0.0,4.41,1.0,<Residue GLU het=  resseq=115 icode= >,2c62_B_A,1.74
443,24.554,GLU, ,O,40.73,18.90,0.0,2.92,1.0,<Residue GLU het=  resseq=115 icode= >,2c62_B_A,1.74
444,11.631,GLU, ,CB,42.15,16.29,0.0,2.24,1.0,<Residue GLU het=  resseq=115 icode= >,2c62_B_A,1.74
445,15.099,GLU, ,CG,46.93,15.35,0.0,1.25,1.0,<Residue GLU het=  resseq=115 icode= >,2c62_B_A,1.74
446,7.955,GLU, ,CD,50.8,14.80,0.0,1.49,1.0,<Residue GLU het=  resseq=115 icode= >,2c62_B_A,1.74
447,20.448,GLU, ,OE1,51.47,14.52,0.0,2.01,1.0,<Residue GLU het=  resseq=115 icode= >,2c62_B_A,1.74
448,37.043,GLU, ,OE2,53.77,14.80,0.0,0.78,1.0,<Residue GLU het=  resseq=115 icode= >,2c62_B_A,1.74
449,0.0,GLN, ,N,36.65,1000.00,0.0,4.73,1.0,<Residue GLN het=  resseq=116 icode= >,2c62_B_A,1.74
450,0.0,GLN, ,CA,36.96,1000.00,0.0,3.78,1.0,<Residue GLN het=  resseq=116 icode= >,2c62_B_A,1.74
451,0.0,GLN, ,C,35.89,1000.00,0.0,5.02,1.0,<Residue GLN het=  resseq=116 icode= >,2c62_B_A,1.74
452,0.0,GLN, ,O,35.29,1000.00,0.0,4.51,1.0,<Residue GLN het=  resseq=116 icode= >,2c62_B_A,1.74
453,2.512,GLN, ,CB,36.66,1000.00,2.476,3.25,1.0,<Residue GLN het=  resseq=116 icode= >,2c62_B_A,1.74
454,12.815,GLN, ,CG,37.2,1000.00,0.0,2.65,1.0,<Residue GLN het=  resseq=116 icode= >,2c62_B_A,1.74
455,7.194,GLN, ,CD,36.98,1000.00,1.776,4.37,1.0,<Residue GLN het=  resseq=116 icode= >,2c62_B_A,1.74
456,37.711,GLN, ,OE1,39.75,1000.00,23.176,3.71,1.0,<Residue GLN het=  resseq=116 icode= >,2c62_B_A,1.74
457,27.817,GLN, ,NE2,39.13,1000.00,23.558,2.66,1.0,<Residue GLN het=  resseq=116 icode= >,2c62_B_A,1.74
458,0.0,ILE, ,N,36.35,1000.00,0.0,3.82,1.0,<Residue ILE het=  resseq=117 icode= >,2c62_B_A,1.74
459,0.24,ILE, ,CA,37.05,1000.00,0.24,3.42,1.0,<Residue ILE het=  resseq=117 icode= >,2c62_B_A,1.74
460,0.0,ILE, ,C,36.86,1000.00,0.0,4.27,1.0,<Residue ILE het=  resseq=117 icode= >,2c62_B_A,1.74
461,0.0,ILE, ,O,36.52,1000.00,0.0,3.82,1.0,<Residue ILE het=  resseq=117 icode= >,2c62_B_A,1.74
462,4.255,ILE, ,CB,35.88,1000.00,0.0,3.77,1.0,<Residue ILE het=  resseq=117 icode= >,2c62_B_A,1.74
463,6.271,ILE, ,CG1,36.31,1000.00,6.271,3.37,1.0,<Residue ILE het=  resseq=117 icode= >,2c62_B_A,1.74
464,30.209,ILE, ,CG2,37.07,1000.00,13.946,2.40,1.0,<Residue ILE het=  resseq=117 icode= >,2c62_B_A,1.74
465,42.668,ILE, ,CD1,37.41,1000.00,31.71,2.29,1.0,<Residue ILE het=  resseq=117 icode= >,2c62_B_A,1.74
466,2.297,SER, ,N,37.7,1000.00,0.0,3.78,1.0,<Residue SER het=  resseq=118 icode= >,2c62_B_A,1.74
467,5.888,SER, ,CA,37.52,1000.00,0.0,4.12,1.0,<Residue SER het=  resseq=118 icode= >,2c62_B_A,1.74
468,0.0,SER, ,C,37.07,1000.00,0.0,4.99,1.0,<Residue SER het=  resseq=118 icode= >,2c62_B_A,1.74
469,0.241,SER, ,O,35.07,1000.00,0.0,4.39,1.0,<Residue SER het=  resseq=118 icode= >,2c62_B_A,1.74
470,37.825,SER, ,CB,40.58,1000.00,0.0,2.57,1.0,<Residue SER het=  resseq=118 icode= >,2c62_B_A,1.74
471,26.726,SER, ,OG,46.87,1000.00,0.0,1.32,1.0,<Residue SER het=  resseq=118 icode= >,2c62_B_A,1.74
472,0.0,ASP, ,N,36.4,1000.00,0.0,4.10,1.0,<Residue ASP het=  resseq=119 icode= >,2c62_B_A,1.74
473,1.158,ASP, ,CA,37.27,1000.00,0.0,3.26,1.0,<Residue ASP het=  resseq=119 icode= >,2c62_B_A,1.74
474,1.072,ASP, ,C,35.22,1000.00,1.072,4.67,1.0,<Residue ASP het=  resseq=119 icode= >,2c62_B_A,1.74
475,5.498,ASP, ,O,35.32,1000.00,3.646,3.35,1.0,<Residue ASP het=  resseq=119 icode= >,2c62_B_A,1.74
476,21.467,ASP, ,CB,40.6,1000.00,17.053,2.34,1.0,<Residue ASP het=  resseq=119 icode= >,2c62_B_A,1.74
477,9.361,ASP, ,CG,44.48,1000.00,0.007,3.48,1.0,<Residue ASP het=  resseq=119 icode= >,2c62_B_A,1.74
478,28.27,ASP, ,OD1,45.87,1000.00,0.0,2.51,1.0,<Residue ASP het=  resseq=119 icode= >,2c62_B_A,1.74
479,24.397,ASP, ,OD2,49.12,1000.00,0.29,1.88,1.0,<Residue ASP het=  resseq=119 icode= >,2c62_B_A,1.74
480,0.0,ILE, ,N,34.57,17.45,0.0,4.18,1.0,<Residue ILE het=  resseq=120 icode= >,2c62_B_A,1.74
481,3.289,ILE, ,CA,33.25,16.01,3.289,3.75,1.0,<Residue ILE het=  resseq=120 icode= >,2c62_B_A,1.74
482,0.0,ILE, ,C,32.64,15.60,0.0,4.86,1.0,<Residue ILE het=  resseq=120 icode= >,2c62_B_A,1.74
483,0.0,ILE, ,O,33.31,14.91,0.0,4.10,1.0,<Residue ILE het=  resseq=120 icode= >,2c62_B_A,1.74
484,0.11,ILE, ,CB,31.65,15.36,0.11,3.71,1.0,<Residue ILE het=  resseq=120 icode= >,2c62_B_A,1.74
485,17.349,ILE, ,CG1,33.37,15.81,17.349,2.94,1.0,<Residue ILE het=  resseq=120 icode= >,2c62_B_A,1.74
486,36.133,ILE, ,CG2,33.52,13.85,36.133,2.95,1.0,<Residue ILE het=  resseq=120 icode= >,2c62_B_A,1.74
487,27.535,ILE, ,CD1,31.47,15.66,27.535,2.78,1.0,<Residue ILE het=  resseq=120 icode= >,2c62_B_A,1.74
488,0.0,ASP, ,N,33.87,16.19,0.0,4.30,1.0,<Residue ASP het=  resseq=121 icode= >,2c62_B_A,1.74
489,0.325,ASP, ,CA,32.96,16.08,0.0,5.16,1.0,<Residue ASP het=  resseq=121 icode= >,2c62_B_A,1.74
490,0.0,ASP, ,C,33.42,16.71,0.0,5.16,1.0,<Residue ASP het=  resseq=121 icode= >,2c62_B_A,1.74
491,1.56,ASP, ,O,33.22,16.35,0.0,3.97,1.0,<Residue ASP het=  resseq=121 icode= >,2c62_B_A,1.74
492,8.025,ASP, ,CB,33.9,16.89,0.0,3.83,1.0,<Residue ASP het=  resseq=121 icode= >,2c62_B_A,1.74
493,7.951,ASP, ,CG,35.53,16.32,4.277,5.03,1.0,<Residue ASP het=  resseq=121 icode= >,2c62_B_A,1.74
494,23.733,ASP, ,OD1,36.23,15.09,20.347,4.94,1.0,<Residue ASP het=  resseq=121 icode= >,2c62_B_A,1.74
495,21.215,ASP, ,OD2,36.94,17.16,10.97,3.78,1.0,<Residue ASP het=  resseq=121 icode= >,2c62_B_A,1.74
496,0.0,ASP, ,N,34.77,1000.00,0.0,3.98,1.0,<Residue ASP het=  resseq=122 icode= >,2c62_B_A,1.74
497,0.0,ASP, ,CA,36.5,1000.00,0.0,3.69,1.0,<Residue ASP het=  resseq=122 icode= >,2c62_B_A,1.74
498,0.0,ASP, ,C,35.99,1000.00,0.0,4.82,1.0,<Residue ASP het=  resseq=122 icode= >,2c62_B_A,1.74
499,0.346,ASP, ,O,35.2,1000.00,0.0,3.92,1.0,<Residue ASP het=  resseq=122 icode= >,2c62_B_A,1.74
500,9.285,ASP, ,CB,39.8,1000.00,0.0,2.40,1.0,<Residue ASP het=  resseq=122 icode= >,2c62_B_A,1.74
501,7.571,ASP, ,CG,44.55,1000.00,0.0,3.06,1.0,<Residue ASP het=  resseq=122 icode= >,2c62_B_A,1.74
502,11.184,ASP, ,OD1,46.6,1000.00,0.0,2.25,1.0,<Residue ASP het=  resseq=122 icode= >,2c62_B_A,1.74
503,21.073,ASP, ,OD2,46.84,1000.00,0.0,2.40,1.0,<Residue ASP het=  resseq=122 icode= >,2c62_B_A,1.74
504,0.477,ALA, ,N,34.67,16.99,0.0,4.34,1.0,<Residue ALA het=  resseq=123 icode= >,2c62_B_A,1.74
505,5.429,ALA, ,CA,33.31,16.26,0.0,3.87,1.0,<Residue ALA het=  resseq=123 icode= >,2c62_B_A,1.74
506,0.0,ALA, ,C,33.25,15.14,0.0,4.75,1.0,<Residue ALA het=  resseq=123 icode= >,2c62_B_A,1.74
507,1.386,ALA, ,O,34.77,15.05,0.0,3.75,1.0,<Residue ALA het=  resseq=123 icode= >,2c62_B_A,1.74
508,47.213,ALA, ,CB,33.8,15.80,41.003,2.17,1.0,<Residue ALA het=  resseq=123 icode= >,2c62_B_A,1.74
509,0.062,VAL, ,N,33.79,14.42,0.062,3.96,1.0,<Residue VAL het=  resseq=124 icode= >,2c62_B_A,1.74
510,0.033,VAL, ,CA,34.43,13.41,0.033,3.46,1.0,<Residue VAL het=  resseq=124 icode= >,2c62_B_A,1.74
511,0.0,VAL, ,C,36.32,14.16,0.0,4.42,1.0,<Residue VAL het=  resseq=124 icode= >,2c62_B_A,1.74
512,3.856,VAL, ,O,35.29,13.81,1.421,4.04,1.0,<Residue VAL het=  resseq=124 icode= >,2c62_B_A,1.74
513,0.179,VAL, ,CB,34.1,12.87,0.0,3.17,1.0,<Residue VAL het=  resseq=124 icode= >,2c62_B_A,1.74
514,53.782,VAL, ,CG1,32.58,12.22,26.476,2.10,1.0,<Residue VAL het=  resseq=124 icode= >,2c62_B_A,1.74
515,33.496,VAL, ,CG2,33.3,12.02,33.485,2.67,1.0,<Residue VAL het=  resseq=124 icode= >,2c62_B_A,1.74
516,0.003,ARG, ,N,38.35,15.32,0.0,3.57,1.0,<Residue ARG het=  resseq=125 icode= >,2c62_B_A,1.74
517,8.348,ARG, ,CA,42.16,16.26,0.0,2.96,1.0,<Residue ARG het=  resseq=125 icode= >,2c62_B_A,1.74
518,0.408,ARG, ,C,44.62,16.66,0.0,3.66,1.0,<Residue ARG het=  resseq=125 icode= >,2c62_B_A,1.74
519,18.157,ARG, ,O,44.61,16.63,0.0,2.74,1.0,<Residue ARG het=  resseq=125 icode= >,2c62_B_A,1.74
520,2.173,ARG, ,CB,42.34,17.50,0.0,2.20,1.0,<Residue ARG het=  resseq=125 icode= >,2c62_B_A,1.74
521,28.617,ARG, ,CG,43.86,18.23,0.0,1.16,1.0,<Residue ARG het=  resseq=125 icode= >,2c62_B_A,1.74
522,34.002,ARG, ,CD,44.55,19.49,0.0,1.88,1.0,<Residue ARG het=  resseq=125 icode= >,2c62_B_A,1.74
523,14.795,ARG, ,NE,44.21,19.23,0.0,3.26,1.0,<Residue ARG het=  resseq=125 icode= >,2c62_B_A,1.74
524,4.355,ARG, ,CZ,44.34,19.64,0.0,3.60,1.0,<Residue ARG het=  resseq=125 icode= >,2c62_B_A,1.74
525,20.606,ARG, ,NH1,44.85,20.39,0.0,2.40,1.0,<Residue ARG het=  resseq=125 icode= >,2c62_B_A,1.74
526,35.121,ARG, ,NH2,43.16,19.41,0.0,2.88,1.0,<Residue ARG het=  resseq=125 icode= >,2c62_B_A,1.74
527,0.0,LYS, ,N,46.05,1000.00,0.0,3.45,1.0,<Residue LYS het=  resseq=126 icode= >,2c62_B_A,1.74
528,9.663,LYS, ,CA,48.93,1000.00,0.0,3.41,1.0,<Residue LYS het=  resseq=126 icode= >,2c62_B_A,1.74
529,0.763,LYS, ,C,50.69,1000.00,0.0,3.25,1.0,<Residue LYS het=  resseq=126 icode= >,2c62_B_A,1.74
530,28.776,LYS, ,O,51.95,1000.00,0.0,1.92,1.0,<Residue LYS het=  resseq=126 icode= >,2c62_B_A,1.74
531,16.224,LYS, ,CB,48.33,1000.00,0.0,3.48,1.0,<Residue LYS het=  resseq=126 icode= >,2c62_B_A,1.74
532,14.79,LYS, ,CG,51.46,1000.00,0.0,1.79,1.0,<Residue LYS het=  resseq=126 icode= >,2c62_B_A,1.74
533,25.229,LYS, ,CD,53.76,1000.00,0.0,1.10,1.0,<Residue LYS het=  resseq=126 icode= >,2c62_B_A,1.74
534,29.357,LYS, ,CE,54.82,1000.00,0.0,0.96,1.0,<Residue LYS het=  resseq=126 icode= >,2c62_B_A,1.74
535,48.478,LYS, ,NZ,56.34,1000.00,0.0,0.46,1.0,<Residue LYS het=  resseq=126 icode= >,2c62_B_A,1.74
536,0.0,LEU, ,N,52.28,15.51,0.0,2.80,1.0,<Residue LEU het=  resseq=127 icode= >,2c62_B_A,1.74
537,1.939,LEU, ,CA,54.33,14.51,0.0,2.64,1.0,<Residue LEU het=  resseq=127 icode= >,2c62_B_A,1.74
538,6.453,LEU, ,C,55.7,14.12,2.029,2.46,1.0,<Residue LEU het=  resseq=127 icode= >,2c62_B_A,1.74
539,39.938,LEU, ,O,56.39,14.11,1.857,1.94,1.0,<Residue LEU het=  resseq=127 icode= >,2c62_B_A,1.74
540,13.449,LEU, ,CB,54.12,13.31,13.286,1.96,1.0,<Residue LEU het=  resseq=127 icode= >,2c62_B_A,1.74
541,0.443,LEU, ,CG,54.42,13.31,0.149,2.34,1.0,<Residue LEU het=  resseq=127 icode= >,2c62_B_A,1.74
542,51.478,LEU, ,CD1,54.35,11.94,51.478,0.88,1.0,<Residue LEU het=  resseq=127 icode= >,2c62_B_A,1.74
543,57.353,LEU, ,CD2,54.16,14.02,15.907,1.63,1.0,<Residue LEU het=  resseq=127 icode= >,2c62_B_A,1.74
544,23.339,LEU, ,OXT,57.44,13.98,2.232,1.49,1.0,<Residue LEU het=  resseq=127 icode= >,2c62_B_A,1.74
