,ASA,aa,altloc,atom,bfac,d2r,dASA,dens,occ,residue,id,resolu
0,51.277,ILE, ,N,75.6,1000.00,0.0,1.16,1.0,<Residue ILE het=  resseq=7 icode= >,4hqu_A_B,2.2
1,15.632,ILE, ,CA,74.7,1000.00,0.0,1.56,1.0,<Residue ILE het=  resseq=7 icode= >,4hqu_A_B,2.2
2,3.716,ILE, ,C,77.78,1000.00,0.0,1.38,1.0,<Residue ILE het=  resseq=7 icode= >,4hqu_A_B,2.2
3,25.429,ILE, ,O,80.7,1000.00,0.0,1.37,1.0,<Residue ILE het=  resseq=7 icode= >,4hqu_A_B,2.2
4,51.827,ILE, ,CB,70.69,1000.00,0.0,1.13,1.0,<Residue ILE het=  resseq=7 icode= >,4hqu_A_B,2.2
5,8.07,ALA, ,N,72.04,1000.00,0.0,1.04,1.0,<Residue ALA het=  resseq=8 icode= >,4hqu_A_B,2.2
6,5.665,ALA, ,CA,64.81,1000.00,0.0,2.26,1.0,<Residue ALA het=  resseq=8 icode= >,4hqu_A_B,2.2
7,0.773,ALA, ,C,59.21,1000.00,0.0,3.28,1.0,<Residue ALA het=  resseq=8 icode= >,4hqu_A_B,2.2
8,24.023,ALA, ,O,59.48,1000.00,0.0,2.22,1.0,<Residue ALA het=  resseq=8 icode= >,4hqu_A_B,2.2
9,67.151,ALA, ,CB,62.5,1000.00,0.0,1.19,1.0,<Residue ALA het=  resseq=8 icode= >,4hqu_A_B,2.2
10,4.475,GLU, ,N,56.74,1000.00,0.0,2.78,1.0,<Residue GLU het=  resseq=9 icode= >,4hqu_A_B,2.2
11,1.626,GLU, ,CA,55.02,1000.00,0.0,3.08,1.0,<Residue GLU het=  resseq=9 icode= >,4hqu_A_B,2.2
12,0.183,GLU, ,C,51.32,1000.00,0.0,3.57,1.0,<Residue GLU het=  resseq=9 icode= >,4hqu_A_B,2.2
13,18.021,GLU, ,O,51.4,1000.00,0.0,2.27,1.0,<Residue GLU het=  resseq=9 icode= >,4hqu_A_B,2.2
14,20.754,GLU, ,CB,58.82,1000.00,0.0,1.85,1.0,<Residue GLU het=  resseq=9 icode= >,4hqu_A_B,2.2
15,32.05,GLU, ,CG,64.52,1000.00,0.0,1.08,1.0,<Residue GLU het=  resseq=9 icode= >,4hqu_A_B,2.2
16,9.778,GLU, ,CD,68.21,1000.00,0.0,1.98,1.0,<Residue GLU het=  resseq=9 icode= >,4hqu_A_B,2.2
17,24.786,GLU, ,OE1,70.11,1000.00,0.0,1.36,1.0,<Residue GLU het=  resseq=9 icode= >,4hqu_A_B,2.2
18,27.996,GLU, ,OE2,67.87,1000.00,0.0,1.48,1.0,<Residue GLU het=  resseq=9 icode= >,4hqu_A_B,2.2
19,0.053,PRO, ,N,48.63,1000.00,0.0,3.67,1.0,<Residue PRO het=  resseq=10 icode= >,4hqu_A_B,2.2
20,11.188,PRO, ,CA,46.36,1000.00,0.0,2.83,1.0,<Residue PRO het=  resseq=10 icode= >,4hqu_A_B,2.2
21,0.341,PRO, ,C,44.69,1000.00,0.0,3.80,1.0,<Residue PRO het=  resseq=10 icode= >,4hqu_A_B,2.2
22,6.532,PRO, ,O,44.41,1000.00,0.0,2.93,1.0,<Residue PRO het=  resseq=10 icode= >,4hqu_A_B,2.2
23,25.651,PRO, ,CB,44.37,1000.00,0.0,2.38,1.0,<Residue PRO het=  resseq=10 icode= >,4hqu_A_B,2.2
24,43.395,PRO, ,CG,47.63,1000.00,0.0,1.86,1.0,<Residue PRO het=  resseq=10 icode= >,4hqu_A_B,2.2
25,19.47,PRO, ,CD,48.16,1000.00,0.0,2.17,1.0,<Residue PRO het=  resseq=10 icode= >,4hqu_A_B,2.2
26,7.485,ALA, ,N,41.16,1000.00,0.0,3.22,1.0,<Residue ALA het=  resseq=11 icode= >,4hqu_A_B,2.2
27,11.434,ALA, ,CA,40.97,1000.00,0.0,3.14,1.0,<Residue ALA het=  resseq=11 icode= >,4hqu_A_B,2.2
28,0.674,ALA, ,C,40.19,1000.00,0.0,4.45,1.0,<Residue ALA het=  resseq=11 icode= >,4hqu_A_B,2.2
29,19.474,ALA, ,O,40.45,1000.00,0.0,3.12,1.0,<Residue ALA het=  resseq=11 icode= >,4hqu_A_B,2.2
30,67.368,ALA, ,CB,38.42,1000.00,0.0,1.87,1.0,<Residue ALA het=  resseq=11 icode= >,4hqu_A_B,2.2
31,5.886,MET, ,N,40.93,1000.00,0.0,3.21,1.0,<Residue MET het=  resseq=12 icode= >,4hqu_A_B,2.2
32,1.558,MET, ,CA,39.68,1000.00,0.0,3.27,1.0,<Residue MET het=  resseq=12 icode= >,4hqu_A_B,2.2
33,1.778,MET, ,C,38.0,1000.00,0.0,4.64,1.0,<Residue MET het=  resseq=12 icode= >,4hqu_A_B,2.2
34,21.091,MET, ,O,36.66,1000.00,0.0,3.87,1.0,<Residue MET het=  resseq=12 icode= >,4hqu_A_B,2.2
35,18.557,MET, ,CB,46.43,1000.00,0.0,1.72,1.0,<Residue MET het=  resseq=12 icode= >,4hqu_A_B,2.2
36,25.358,MET, ,CG,48.96,1000.00,0.0,1.91,1.0,<Residue MET het=  resseq=12 icode= >,4hqu_A_B,2.2
37,27.921,MET, ,SD,60.83,1000.00,0.0,3.25,1.0,<Residue MET het=  resseq=12 icode= >,4hqu_A_B,2.2
38,68.635,MET, ,CE,53.51,1000.00,0.0,1.19,1.0,<Residue MET het=  resseq=12 icode= >,4hqu_A_B,2.2
39,6.256,ILE, ,N,33.92,1000.00,0.0,4.16,1.0,<Residue ILE het=  resseq=13 icode= >,4hqu_A_B,2.2
40,7.812,ILE, ,CA,35.68,1000.00,0.0,3.30,1.0,<Residue ILE het=  resseq=13 icode= >,4hqu_A_B,2.2
41,0.033,ILE, ,C,36.08,1000.00,0.0,3.99,1.0,<Residue ILE het=  resseq=13 icode= >,4hqu_A_B,2.2
42,14.372,ILE, ,O,36.96,1000.00,0.0,2.71,1.0,<Residue ILE het=  resseq=13 icode= >,4hqu_A_B,2.2
43,9.631,ILE, ,CB,33.43,1000.00,0.0,3.49,1.0,<Residue ILE het=  resseq=13 icode= >,4hqu_A_B,2.2
44,8.249,ILE, ,CG1,33.54,1000.00,0.0,2.63,1.0,<Residue ILE het=  resseq=13 icode= >,4hqu_A_B,2.2
45,41.124,ILE, ,CG2,32.66,1000.00,0.0,2.53,1.0,<Residue ILE het=  resseq=13 icode= >,4hqu_A_B,2.2
46,34.382,ILE, ,CD1,35.23,1000.00,0.0,0.94,1.0,<Residue ILE het=  resseq=13 icode= >,4hqu_A_B,2.2
47,4.905,ALA, ,N,36.78,1000.00,0.0,3.27,1.0,<Residue ALA het=  resseq=14 icode= >,4hqu_A_B,2.2
48,6.609,ALA, ,CA,34.36,1000.00,0.0,3.81,1.0,<Residue ALA het=  resseq=14 icode= >,4hqu_A_B,2.2
49,0.0,ALA, ,C,35.01,1000.00,0.0,4.48,1.0,<Residue ALA het=  resseq=14 icode= >,4hqu_A_B,2.2
50,0.0,ALA, ,O,35.76,1000.00,0.0,3.21,1.0,<Residue ALA het=  resseq=14 icode= >,4hqu_A_B,2.2
51,43.44,ALA, ,CB,34.94,1000.00,0.0,1.75,1.0,<Residue ALA het=  resseq=14 icode= >,4hqu_A_B,2.2
52,1.51,GLU, ,N,35.4,1000.00,0.0,3.39,1.0,<Residue GLU het=  resseq=15 icode= >,4hqu_A_B,2.2
53,3.371,GLU, ,CA,35.19,1000.00,0.0,2.90,1.0,<Residue GLU het=  resseq=15 icode= >,4hqu_A_B,2.2
54,0.0,GLU, ,C,36.69,1000.00,0.0,4.07,1.0,<Residue GLU het=  resseq=15 icode= >,4hqu_A_B,2.2
55,0.0,GLU, ,O,36.11,1000.00,0.0,3.87,1.0,<Residue GLU het=  resseq=15 icode= >,4hqu_A_B,2.2
56,46.303,GLU, ,CB,34.4,1000.00,0.0,2.29,1.0,<Residue GLU het=  resseq=15 icode= >,4hqu_A_B,2.2
57,3.745,CYS, ,N,34.74,1000.00,0.0,3.81,1.0,<Residue CYS het=  resseq=16 icode= >,4hqu_A_B,2.2
58,0.0,CYS, ,CA,37.24,1000.00,0.0,3.25,1.0,<Residue CYS het=  resseq=16 icode= >,4hqu_A_B,2.2
59,0.0,CYS, ,C,37.87,1000.00,0.0,4.51,1.0,<Residue CYS het=  resseq=16 icode= >,4hqu_A_B,2.2
60,17.703,CYS, ,O,37.29,1000.00,0.0,3.06,1.0,<Residue CYS het=  resseq=16 icode= >,4hqu_A_B,2.2
61,5.515,CYS, ,CB,36.35,1000.00,0.0,2.74,1.0,<Residue CYS het=  resseq=16 icode= >,4hqu_A_B,2.2
62,0.483,CYS, ,SG,41.03,1000.00,0.0,5.12,1.0,<Residue CYS het=  resseq=16 icode= >,4hqu_A_B,2.2
63,0.0,LYS, ,N,35.86,1000.00,0.0,3.29,1.0,<Residue LYS het=  resseq=17 icode= >,4hqu_A_B,2.2
64,3.254,LYS, ,CA,36.29,1000.00,0.0,3.56,1.0,<Residue LYS het=  resseq=17 icode= >,4hqu_A_B,2.2
65,0.0,LYS, ,C,37.79,1000.00,0.0,4.18,1.0,<Residue LYS het=  resseq=17 icode= >,4hqu_A_B,2.2
66,0.0,LYS, ,O,36.45,1000.00,0.0,3.28,1.0,<Residue LYS het=  resseq=17 icode= >,4hqu_A_B,2.2
67,19.037,LYS, ,CB,35.16,1000.00,0.0,2.52,1.0,<Residue LYS het=  resseq=17 icode= >,4hqu_A_B,2.2
68,0.0,LYS, ,CG,35.52,1000.00,0.0,3.18,1.0,<Residue LYS het=  resseq=17 icode= >,4hqu_A_B,2.2
69,23.556,LYS, ,CD,36.88,1000.00,0.0,3.15,1.0,<Residue LYS het=  resseq=17 icode= >,4hqu_A_B,2.2
70,12.828,LYS, ,CE,39.77,1000.00,0.0,2.41,1.0,<Residue LYS het=  resseq=17 icode= >,4hqu_A_B,2.2
71,48.695,LYS, ,NZ,43.53,1000.00,0.0,1.15,1.0,<Residue LYS het=  resseq=17 icode= >,4hqu_A_B,2.2
72,2.109,THR, ,N,37.56,1000.00,0.0,3.36,1.0,<Residue THR het=  resseq=18 icode= >,4hqu_A_B,2.2
73,0.0,THR, ,CA,35.77,1000.00,0.0,3.17,1.0,<Residue THR het=  resseq=18 icode= >,4hqu_A_B,2.2
74,0.0,THR, ,C,35.41,1000.00,0.0,4.76,1.0,<Residue THR het=  resseq=18 icode= >,4hqu_A_B,2.2
75,12.167,THR, ,O,37.46,1000.00,0.0,3.24,1.0,<Residue THR het=  resseq=18 icode= >,4hqu_A_B,2.2
76,0.34,THR, ,CB,35.07,1000.00,0.0,3.75,1.0,<Residue THR het=  resseq=18 icode= >,4hqu_A_B,2.2
77,25.581,THR, ,OG1,34.75,1000.00,0.0,3.04,1.0,<Residue THR het=  resseq=18 icode= >,4hqu_A_B,2.2
78,2.042,THR, ,CG2,33.15,1000.00,0.0,1.90,1.0,<Residue THR het=  resseq=18 icode= >,4hqu_A_B,2.2
79,0.0,ARG, ,N,34.48,1000.00,0.0,3.36,1.0,<Residue ARG het=  resseq=19 icode= >,4hqu_A_B,2.2
80,5.345,ARG, ,CA,32.31,1000.00,0.0,3.50,1.0,<Residue ARG het=  resseq=19 icode= >,4hqu_A_B,2.2
81,0.0,ARG, ,C,32.79,1000.00,0.0,4.35,1.0,<Residue ARG het=  resseq=19 icode= >,4hqu_A_B,2.2
82,0.0,ARG, ,O,33.69,1000.00,0.0,3.25,1.0,<Residue ARG het=  resseq=19 icode= >,4hqu_A_B,2.2
83,9.308,ARG, ,CB,31.13,1000.00,0.0,2.32,1.0,<Residue ARG het=  resseq=19 icode= >,4hqu_A_B,2.2
84,8.568,ARG, ,CG,32.35,1000.00,0.0,2.46,1.0,<Residue ARG het=  resseq=19 icode= >,4hqu_A_B,2.2
85,27.426,ARG, ,CD,30.29,1000.00,0.0,3.31,1.0,<Residue ARG het=  resseq=19 icode= >,4hqu_A_B,2.2
86,13.659,ARG, ,NE,27.7,1000.00,0.0,4.07,1.0,<Residue ARG het=  resseq=19 icode= >,4hqu_A_B,2.2
87,1.239,ARG, ,CZ,28.71,1000.00,0.0,5.11,1.0,<Residue ARG het=  resseq=19 icode= >,4hqu_A_B,2.2
88,0.481,ARG, ,NH1,26.39,1000.00,0.0,3.00,1.0,<Residue ARG het=  resseq=19 icode= >,4hqu_A_B,2.2
89,5.726,ARG, ,NH2,29.58,1000.00,0.0,2.64,1.0,<Residue ARG het=  resseq=19 icode= >,4hqu_A_B,2.2
90,5.313,THR, ,N,35.09,1000.00,0.0,3.16,1.0,<Residue THR het=  resseq=20 icode= >,4hqu_A_B,2.2
91,0.0,THR, ,CA,34.65,1000.00,0.0,2.87,1.0,<Residue THR het=  resseq=20 icode= >,4hqu_A_B,2.2
92,0.0,THR, ,C,34.47,1000.00,0.0,3.95,1.0,<Residue THR het=  resseq=20 icode= >,4hqu_A_B,2.2
93,22.819,THR, ,O,35.58,1000.00,0.0,2.75,1.0,<Residue THR het=  resseq=20 icode= >,4hqu_A_B,2.2
94,15.494,THR, ,CB,34.62,1000.00,0.0,3.61,1.0,<Residue THR het=  resseq=20 icode= >,4hqu_A_B,2.2
95,17.402,THR, ,OG1,36.04,1000.00,0.0,2.80,1.0,<Residue THR het=  resseq=20 icode= >,4hqu_A_B,2.2
96,11.154,THR, ,CG2,36.15,1000.00,0.0,1.28,1.0,<Residue THR het=  resseq=20 icode= >,4hqu_A_B,2.2
97,0.0,GLU, ,N,33.51,1000.00,0.0,3.16,1.0,<Residue GLU het=  resseq=21 icode= >,4hqu_A_B,2.2
98,4.478,GLU, ,CA,34.85,1000.00,0.0,3.33,1.0,<Residue GLU het=  resseq=21 icode= >,4hqu_A_B,2.2
99,0.132,GLU, ,C,35.64,1000.00,0.0,4.62,1.0,<Residue GLU het=  resseq=21 icode= >,4hqu_A_B,2.2
100,0.0,GLU, ,O,34.57,1000.00,0.0,3.32,1.0,<Residue GLU het=  resseq=21 icode= >,4hqu_A_B,2.2
101,4.597,GLU, ,CB,34.92,1000.00,0.0,3.07,1.0,<Residue GLU het=  resseq=21 icode= >,4hqu_A_B,2.2
102,15.205,GLU, ,CG,36.91,1000.00,0.0,1.91,1.0,<Residue GLU het=  resseq=21 icode= >,4hqu_A_B,2.2
103,7.982,GLU, ,CD,36.67,1000.00,0.0,4.47,1.0,<Residue GLU het=  resseq=21 icode= >,4hqu_A_B,2.2
104,25.224,GLU, ,OE1,39.67,1000.00,0.0,3.20,1.0,<Residue GLU het=  resseq=21 icode= >,4hqu_A_B,2.2
105,16.688,GLU, ,OE2,40.06,1000.00,0.0,2.86,1.0,<Residue GLU het=  resseq=21 icode= >,4hqu_A_B,2.2
106,4.407,VAL, ,N,33.51,1000.00,0.0,4.04,1.0,<Residue VAL het=  resseq=22 icode= >,4hqu_A_B,2.2
107,0.0,VAL, ,CA,34.14,1000.00,0.0,3.64,1.0,<Residue VAL het=  resseq=22 icode= >,4hqu_A_B,2.2
108,0.029,VAL, ,C,34.71,1000.00,0.0,4.42,1.0,<Residue VAL het=  resseq=22 icode= >,4hqu_A_B,2.2
109,24.672,VAL, ,O,36.05,1000.00,0.0,3.22,1.0,<Residue VAL het=  resseq=22 icode= >,4hqu_A_B,2.2
110,10.608,VAL, ,CB,33.53,1000.00,0.0,3.31,1.0,<Residue VAL het=  resseq=22 icode= >,4hqu_A_B,2.2
111,26.556,VAL, ,CG1,32.15,1000.00,0.0,2.31,1.0,<Residue VAL het=  resseq=22 icode= >,4hqu_A_B,2.2
112,50.022,VAL, ,CG2,31.54,1000.00,0.0,2.46,1.0,<Residue VAL het=  resseq=22 icode= >,4hqu_A_B,2.2
113,0.0,PHE, ,N,34.06,1000.00,0.0,3.83,1.0,<Residue PHE het=  resseq=23 icode= >,4hqu_A_B,2.2
114,2.792,PHE, ,CA,33.33,1000.00,0.0,4.00,1.0,<Residue PHE het=  resseq=23 icode= >,4hqu_A_B,2.2
115,0.0,PHE, ,C,33.73,1000.00,0.0,5.15,1.0,<Residue PHE het=  resseq=23 icode= >,4hqu_A_B,2.2
116,0.0,PHE, ,O,33.85,1000.00,0.0,3.71,1.0,<Residue PHE het=  resseq=23 icode= >,4hqu_A_B,2.2
117,0.4,PHE, ,CB,35.02,1000.00,0.0,2.80,1.0,<Residue PHE het=  resseq=23 icode= >,4hqu_A_B,2.2
118,0.0,PHE, ,CG,36.56,1000.00,0.0,3.14,1.0,<Residue PHE het=  resseq=23 icode= >,4hqu_A_B,2.2
119,0.136,PHE, ,CD1,35.61,1000.00,0.0,3.24,1.0,<Residue PHE het=  resseq=23 icode= >,4hqu_A_B,2.2
120,9.773,PHE, ,CD2,38.33,1000.00,0.0,2.47,1.0,<Residue PHE het=  resseq=23 icode= >,4hqu_A_B,2.2
121,0.421,PHE, ,CE1,36.51,1000.00,0.0,2.94,1.0,<Residue PHE het=  resseq=23 icode= >,4hqu_A_B,2.2
122,26.377,PHE, ,CE2,37.73,1000.00,0.0,2.58,1.0,<Residue PHE het=  resseq=23 icode= >,4hqu_A_B,2.2
123,17.6,PHE, ,CZ,37.77,1000.00,0.0,2.60,1.0,<Residue PHE het=  resseq=23 icode= >,4hqu_A_B,2.2
124,4.637,GLU, ,N,33.93,1000.00,0.0,4.47,1.0,<Residue GLU het=  resseq=24 icode= >,4hqu_A_B,2.2
125,0.0,GLU, ,CA,36.52,1000.00,0.0,4.35,1.0,<Residue GLU het=  resseq=24 icode= >,4hqu_A_B,2.2
126,0.045,GLU, ,C,37.49,1000.00,0.0,4.22,1.0,<Residue GLU het=  resseq=24 icode= >,4hqu_A_B,2.2
127,7.298,GLU, ,O,36.4,1000.00,0.0,3.73,1.0,<Residue GLU het=  resseq=24 icode= >,4hqu_A_B,2.2
128,18.544,GLU, ,CB,39.38,1000.00,0.0,2.80,1.0,<Residue GLU het=  resseq=24 icode= >,4hqu_A_B,2.2
129,5.077,GLU, ,CG,44.54,1000.00,0.0,1.45,1.0,<Residue GLU het=  resseq=24 icode= >,4hqu_A_B,2.2
130,14.362,GLU, ,CD,47.65,1000.00,0.0,2.68,1.0,<Residue GLU het=  resseq=24 icode= >,4hqu_A_B,2.2
131,35.849,GLU, ,OE1,47.07,1000.00,0.0,2.31,1.0,<Residue GLU het=  resseq=24 icode= >,4hqu_A_B,2.2
132,41.766,GLU, ,OE2,46.03,1000.00,0.0,2.32,1.0,<Residue GLU het=  resseq=24 icode= >,4hqu_A_B,2.2
133,0.0,ILE, ,N,35.8,1000.00,0.0,4.36,1.0,<Residue ILE het=  resseq=25 icode= >,4hqu_A_B,2.2
134,0.0,ILE, ,CA,37.28,1000.00,0.0,3.99,1.0,<Residue ILE het=  resseq=25 icode= >,4hqu_A_B,2.2
135,0.13,ILE, ,C,38.09,1000.00,0.0,4.53,1.0,<Residue ILE het=  resseq=25 icode= >,4hqu_A_B,2.2
136,9.315,ILE, ,O,35.48,1000.00,0.0,4.05,1.0,<Residue ILE het=  resseq=25 icode= >,4hqu_A_B,2.2
137,0.0,ILE, ,CB,38.32,1000.00,0.0,3.30,1.0,<Residue ILE het=  resseq=25 icode= >,4hqu_A_B,2.2
138,0.0,ILE, ,CG1,37.33,1000.00,0.0,2.51,1.0,<Residue ILE het=  resseq=25 icode= >,4hqu_A_B,2.2
139,0.0,ILE, ,CG2,38.6,1000.00,0.0,1.81,1.0,<Residue ILE het=  resseq=25 icode= >,4hqu_A_B,2.2
140,0.0,ILE, ,CD1,39.66,1000.00,0.0,0.61,1.0,<Residue ILE het=  resseq=25 icode= >,4hqu_A_B,2.2
141,0.002,SER, ,N,39.87,1000.00,0.0,3.69,1.0,<Residue SER het=  resseq=26 icode= >,4hqu_A_B,2.2
142,9.009,SER, ,CA,41.9,1000.00,0.0,3.12,1.0,<Residue SER het=  resseq=26 icode= >,4hqu_A_B,2.2
143,0.0,SER, ,C,42.07,1000.00,0.0,3.59,1.0,<Residue SER het=  resseq=26 icode= >,4hqu_A_B,2.2
144,0.0,SER, ,O,44.04,1000.00,0.0,2.30,1.0,<Residue SER het=  resseq=26 icode= >,4hqu_A_B,2.2
145,20.913,SER, ,CB,41.8,1000.00,0.0,2.62,1.0,<Residue SER het=  resseq=26 icode= >,4hqu_A_B,2.2
146,7.803,SER, ,OG,43.6,1000.00,0.0,2.12,1.0,<Residue SER het=  resseq=26 icode= >,4hqu_A_B,2.2
147,5.247,ARG, ,N,42.84,1000.00,0.0,2.96,1.0,<Residue ARG het=  resseq=27 icode= >,4hqu_A_B,2.2
148,0.0,ARG, ,CA,44.55,1000.00,0.0,2.51,1.0,<Residue ARG het=  resseq=27 icode= >,4hqu_A_B,2.2
149,0.468,ARG, ,C,43.85,1000.00,0.0,4.61,1.0,<Residue ARG het=  resseq=27 icode= >,4hqu_A_B,2.2
150,0.0,ARG, ,O,42.08,1000.00,0.0,3.05,1.0,<Residue ARG het=  resseq=27 icode= >,4hqu_A_B,2.2
151,8.418,ARG, ,CB,47.93,1000.00,0.0,1.18,1.0,<Residue ARG het=  resseq=27 icode= >,4hqu_A_B,2.2
152,2.328,ARG, ,CG,47.61,1000.00,0.0,1.25,1.0,<Residue ARG het=  resseq=27 icode= >,4hqu_A_B,2.2
153,26.909,ARG, ,CD,48.53,1000.00,0.0,1.21,1.0,<Residue ARG het=  resseq=27 icode= >,4hqu_A_B,2.2
154,0.497,ARG, ,NE,46.89,1000.00,0.0,2.90,1.0,<Residue ARG het=  resseq=27 icode= >,4hqu_A_B,2.2
155,4.091,ARG, ,CZ,47.97,1000.00,0.0,3.27,1.0,<Residue ARG het=  resseq=27 icode= >,4hqu_A_B,2.2
156,44.791,ARG, ,NH1,47.39,1000.00,0.0,1.96,1.0,<Residue ARG het=  resseq=27 icode= >,4hqu_A_B,2.2
157,10.038,ARG, ,NH2,46.04,1000.00,0.0,2.01,1.0,<Residue ARG het=  resseq=27 icode= >,4hqu_A_B,2.2
158,3.182,ARG, ,N,44.81,1000.00,0.0,3.77,1.0,<Residue ARG het=  resseq=28 icode= >,4hqu_A_B,2.2
159,4.574,ARG, ,CA,49.54,1000.00,0.0,3.11,1.0,<Residue ARG het=  resseq=28 icode= >,4hqu_A_B,2.2
160,0.0,ARG, ,C,50.02,1000.00,0.0,3.84,1.0,<Residue ARG het=  resseq=28 icode= >,4hqu_A_B,2.2
161,1.568,ARG, ,O,56.39,1000.00,0.0,1.66,1.0,<Residue ARG het=  resseq=28 icode= >,4hqu_A_B,2.2
162,17.86,ARG, ,CB,52.82,1000.00,0.0,1.78,1.0,<Residue ARG het=  resseq=28 icode= >,4hqu_A_B,2.2
163,10.768,ARG, ,CG,59.12,1000.00,0.0,0.87,1.0,<Residue ARG het=  resseq=28 icode= >,4hqu_A_B,2.2
164,27.251,ARG, ,CD,62.18,1000.00,0.0,1.37,1.0,<Residue ARG het=  resseq=28 icode= >,4hqu_A_B,2.2
165,13.044,ARG, ,NE,66.16,1000.00,0.0,1.39,1.0,<Residue ARG het=  resseq=28 icode= >,4hqu_A_B,2.2
166,8.794,ARG, ,CZ,70.59,1000.00,0.0,1.12,1.0,<Residue ARG het=  resseq=28 icode= >,4hqu_A_B,2.2
167,59.806,ARG, ,NH1,65.65,1000.00,0.0,0.84,1.0,<Residue ARG het=  resseq=28 icode= >,4hqu_A_B,2.2
168,50.38,ARG, ,NH2,68.17,1000.00,0.0,0.64,1.0,<Residue ARG het=  resseq=28 icode= >,4hqu_A_B,2.2
169,0.021,LEU, ,N,48.04,1000.00,0.0,3.82,1.0,<Residue LEU het=  resseq=29 icode= >,4hqu_A_B,2.2
170,8.075,LEU, ,CA,50.44,1000.00,0.0,3.63,1.0,<Residue LEU het=  resseq=29 icode= >,4hqu_A_B,2.2
171,0.137,LEU, ,C,52.92,1000.00,0.0,3.47,1.0,<Residue LEU het=  resseq=29 icode= >,4hqu_A_B,2.2
172,27.171,LEU, ,O,56.49,1000.00,0.0,1.94,1.0,<Residue LEU het=  resseq=29 icode= >,4hqu_A_B,2.2
173,22.992,LEU, ,CB,52.15,1000.00,0.0,1.92,1.0,<Residue LEU het=  resseq=29 icode= >,4hqu_A_B,2.2
174,0.0,LEU, ,CG,57.93,1000.00,0.0,1.02,1.0,<Residue LEU het=  resseq=29 icode= >,4hqu_A_B,2.2
175,6.939,LEU, ,CD1,56.19,1000.00,0.0,1.18,1.0,<Residue LEU het=  resseq=29 icode= >,4hqu_A_B,2.2
176,43.772,LEU, ,CD2,56.59,1000.00,0.0,0.49,1.0,<Residue LEU het=  resseq=29 icode= >,4hqu_A_B,2.2
177,0.0,ILE, ,N,51.92,1000.00,0.0,3.06,1.0,<Residue ILE het=  resseq=30 icode= >,4hqu_A_B,2.2
178,5.563,ILE, ,CA,51.88,1000.00,0.0,2.49,1.0,<Residue ILE het=  resseq=30 icode= >,4hqu_A_B,2.2
179,0.0,ILE, ,C,52.55,1000.00,0.0,3.23,1.0,<Residue ILE het=  resseq=30 icode= >,4hqu_A_B,2.2
180,24.657,ILE, ,O,50.56,1000.00,0.0,2.43,1.0,<Residue ILE het=  resseq=30 icode= >,4hqu_A_B,2.2
181,0.0,ILE, ,CB,52.27,1000.00,0.0,2.36,1.0,<Residue ILE het=  resseq=30 icode= >,4hqu_A_B,2.2
182,1.65,ILE, ,CG1,50.37,1000.00,0.0,1.49,1.0,<Residue ILE het=  resseq=30 icode= >,4hqu_A_B,2.2
183,1.959,ILE, ,CG2,52.55,1000.00,0.0,1.26,1.0,<Residue ILE het=  resseq=30 icode= >,4hqu_A_B,2.2
184,0.0,ILE, ,CD1,45.43,1000.00,0.0,1.51,1.0,<Residue ILE het=  resseq=30 icode= >,4hqu_A_B,2.2
185,0.0,ASP, ,N,50.19,1000.00,0.0,3.21,1.0,<Residue ASP het=  resseq=31 icode= >,4hqu_A_B,2.2
186,4.611,ASP, ,CA,50.18,1000.00,0.0,3.06,1.0,<Residue ASP het=  resseq=31 icode= >,4hqu_A_B,2.2
187,0.0,ASP, ,C,50.67,1000.00,0.0,3.49,1.0,<Residue ASP het=  resseq=31 icode= >,4hqu_A_B,2.2
188,4.927,ASP, ,O,51.62,1000.00,0.0,2.25,1.0,<Residue ASP het=  resseq=31 icode= >,4hqu_A_B,2.2
189,0.572,ASP, ,CB,50.43,1000.00,0.0,1.82,1.0,<Residue ASP het=  resseq=31 icode= >,4hqu_A_B,2.2
190,6.407,ASP, ,CG,50.04,1000.00,0.0,3.47,1.0,<Residue ASP het=  resseq=31 icode= >,4hqu_A_B,2.2
191,14.041,ASP, ,OD1,52.49,1000.00,0.0,2.25,1.0,<Residue ASP het=  resseq=31 icode= >,4hqu_A_B,2.2
192,2.135,ASP, ,OD2,50.84,1000.00,0.0,2.02,1.0,<Residue ASP het=  resseq=31 icode= >,4hqu_A_B,2.2
193,5.538,ARG, ,N,50.19,1000.00,0.0,2.81,1.0,<Residue ARG het=  resseq=32 icode= >,4hqu_A_B,2.2
194,3.032,ARG, ,CA,51.77,1000.00,0.0,2.42,1.0,<Residue ARG het=  resseq=32 icode= >,4hqu_A_B,2.2
195,0.798,ARG, ,C,53.22,1000.00,0.0,2.90,1.0,<Residue ARG het=  resseq=32 icode= >,4hqu_A_B,2.2
196,30.87,ARG, ,O,52.14,1000.00,0.0,2.31,1.0,<Residue ARG het=  resseq=32 icode= >,4hqu_A_B,2.2
197,44.901,ARG, ,CB,52.61,1000.00,0.0,1.42,1.0,<Residue ARG het=  resseq=32 icode= >,4hqu_A_B,2.2
198,0.016,THR, ,N,52.02,18.40,0.0,2.32,1.0,<Residue THR het=  resseq=33 icode= >,4hqu_A_B,2.2
199,5.684,THR, ,CA,50.94,17.78,0.0,2.56,1.0,<Residue THR het=  resseq=33 icode= >,4hqu_A_B,2.2
200,3.518,THR, ,C,50.11,16.31,0.0,3.18,1.0,<Residue THR het=  resseq=33 icode= >,4hqu_A_B,2.2
201,23.131,THR, ,O,49.49,15.77,0.0,2.68,1.0,<Residue THR het=  resseq=33 icode= >,4hqu_A_B,2.2
202,14.25,THR, ,CB,50.97,18.70,0.0,2.53,1.0,<Residue THR het=  resseq=33 icode= >,4hqu_A_B,2.2
203,15.921,THR, ,OG1,50.34,18.80,0.0,1.99,1.0,<Residue THR het=  resseq=33 icode= >,4hqu_A_B,2.2
204,60.166,THR, ,CG2,49.79,20.12,0.0,0.87,1.0,<Residue THR het=  resseq=33 icode= >,4hqu_A_B,2.2
205,0.185,ASN, ,N,46.16,15.76,0.0,2.83,1.0,<Residue ASN het=  resseq=34 icode= >,4hqu_A_B,2.2
206,6.071,ASN, ,CA,45.69,14.37,0.0,2.74,1.0,<Residue ASN het=  resseq=34 icode= >,4hqu_A_B,2.2
207,2.939,ASN, ,C,44.92,13.84,0.0,3.73,1.0,<Residue ASN het=  resseq=34 icode= >,4hqu_A_B,2.2
208,3.46,ASN, ,O,48.87,14.67,0.0,2.25,1.0,<Residue ASN het=  resseq=34 icode= >,4hqu_A_B,2.2
209,3.625,ASN, ,CB,42.23,14.38,0.0,2.05,1.0,<Residue ASN het=  resseq=34 icode= >,4hqu_A_B,2.2
210,5.126,ASN, ,CG,42.75,15.05,0.0,3.70,1.0,<Residue ASN het=  resseq=34 icode= >,4hqu_A_B,2.2
211,33.609,ASN, ,OD1,41.27,14.56,0.0,2.91,1.0,<Residue ASN het=  resseq=34 icode= >,4hqu_A_B,2.2
212,29.038,ASN, ,ND2,41.45,16.30,0.0,2.44,1.0,<Residue ASN het=  resseq=34 icode= >,4hqu_A_B,2.2
213,6.704,ALA, ,N,43.95,12.57,0.0,3.07,1.0,<Residue ALA het=  resseq=35 icode= >,4hqu_A_B,2.2
214,3.334,ALA, ,CA,45.7,12.12,0.0,2.49,1.0,<Residue ALA het=  resseq=35 icode= >,4hqu_A_B,2.2
215,0.889,ALA, ,C,44.1,11.36,0.0,3.97,1.0,<Residue ALA het=  resseq=35 icode= >,4hqu_A_B,2.2
216,8.624,ALA, ,O,44.43,11.33,0.0,2.64,1.0,<Residue ALA het=  resseq=35 icode= >,4hqu_A_B,2.2
217,66.818,ALA, ,CB,44.86,11.45,0.0,1.35,1.0,<Residue ALA het=  resseq=35 icode= >,4hqu_A_B,2.2
218,0.914,ASN, ,N,42.87,10.97,0.0,2.62,1.0,<Residue ASN het=  resseq=36 icode= >,4hqu_A_B,2.2
219,11.24,ASN, ,CA,40.97,10.25,0.0,3.07,1.0,<Residue ASN het=  resseq=36 icode= >,4hqu_A_B,2.2
220,0.249,ASN, ,C,40.4,11.20,0.0,4.11,1.0,<Residue ASN het=  resseq=36 icode= >,4hqu_A_B,2.2
221,0.0,ASN, ,O,38.11,11.41,0.0,3.44,1.0,<Residue ASN het=  resseq=36 icode= >,4hqu_A_B,2.2
222,26.462,ASN, ,CB,39.82,9.78,0.0,2.57,1.0,<Residue ASN het=  resseq=36 icode= >,4hqu_A_B,2.2
223,5.295,ASN, ,CG,41.47,11.04,0.0,3.21,1.0,<Residue ASN het=  resseq=36 icode= >,4hqu_A_B,2.2
224,6.409,ASN, ,OD1,41.03,12.05,0.0,2.78,1.0,<Residue ASN het=  resseq=36 icode= >,4hqu_A_B,2.2
225,16.653,ASN, ,ND2,42.19,11.13,0.0,1.78,1.0,<Residue ASN het=  resseq=36 icode= >,4hqu_A_B,2.2
226,1.783,PHE, ,N,39.0,11.96,0.0,3.61,1.0,<Residue PHE het=  resseq=37 icode= >,4hqu_A_B,2.2
227,0.0,PHE, ,CA,38.49,13.06,0.0,2.94,1.0,<Residue PHE het=  resseq=37 icode= >,4hqu_A_B,2.2
228,0.391,PHE, ,C,38.46,13.21,0.0,4.12,1.0,<Residue PHE het=  resseq=37 icode= >,4hqu_A_B,2.2
229,1.627,PHE, ,O,38.47,12.77,0.0,3.37,1.0,<Residue PHE het=  resseq=37 icode= >,4hqu_A_B,2.2
230,0.717,PHE, ,CB,39.1,14.31,0.0,2.71,1.0,<Residue PHE het=  resseq=37 icode= >,4hqu_A_B,2.2
231,0.0,PHE, ,CG,41.78,15.06,0.0,3.07,1.0,<Residue PHE het=  resseq=37 icode= >,4hqu_A_B,2.2
232,0.985,PHE, ,CD1,42.82,14.87,0.0,2.08,1.0,<Residue PHE het=  resseq=37 icode= >,4hqu_A_B,2.2
233,0.0,PHE, ,CD2,40.89,16.11,0.0,2.74,1.0,<Residue PHE het=  resseq=37 icode= >,4hqu_A_B,2.2
234,1.437,PHE, ,CE1,43.74,15.72,0.0,1.84,1.0,<Residue PHE het=  resseq=37 icode= >,4hqu_A_B,2.2
235,0.0,PHE, ,CE2,45.15,16.87,0.0,1.68,1.0,<Residue PHE het=  resseq=37 icode= >,4hqu_A_B,2.2
236,0.765,PHE, ,CZ,44.52,16.72,0.0,1.85,1.0,<Residue PHE het=  resseq=37 icode= >,4hqu_A_B,2.2
237,0.0,LEU, ,N,37.87,12.22,0.0,3.34,1.0,<Residue LEU het=  resseq=38 icode= >,4hqu_A_B,2.2
238,0.0,LEU, ,CA,34.94,12.92,0.0,3.60,1.0,<Residue LEU het=  resseq=38 icode= >,4hqu_A_B,2.2
239,0.672,LEU, ,C,36.59,12.65,0.0,4.60,1.0,<Residue LEU het=  resseq=38 icode= >,4hqu_A_B,2.2
240,0.062,LEU, ,O,35.0,11.62,0.0,3.84,1.0,<Residue LEU het=  resseq=38 icode= >,4hqu_A_B,2.2
241,6.553,LEU, ,CB,34.14,11.91,0.0,2.95,1.0,<Residue LEU het=  resseq=38 icode= >,4hqu_A_B,2.2
242,0.735,LEU, ,CG,33.66,10.87,0.0,3.50,1.0,<Residue LEU het=  resseq=38 icode= >,4hqu_A_B,2.2
243,43.512,LEU, ,CD1,33.37,10.14,0.0,1.81,1.0,<Residue LEU het=  resseq=38 icode= >,4hqu_A_B,2.2
244,54.054,LEU, ,CD2,32.68,10.23,0.0,2.02,1.0,<Residue LEU het=  resseq=38 icode= >,4hqu_A_B,2.2
245,1.444,VAL, ,N,34.86,13.92,0.0,3.65,1.0,<Residue VAL het=  resseq=39 icode= >,4hqu_A_B,2.2
246,0.31,VAL,x,CA,33.87,14.31,0.0,4.01,0.5,<Residue VAL het=  resseq=39 icode= >,4hqu_A_B,2.2
247,2.224,VAL, ,C,33.51,13.80,0.0,4.78,1.0,<Residue VAL het=  resseq=39 icode= >,4hqu_A_B,2.2
248,11.673,VAL, ,O,33.71,13.61,0.0,4.00,1.0,<Residue VAL het=  resseq=39 icode= >,4hqu_A_B,2.2
249,0.0,VAL,x,CB,34.63,15.85,0.0,3.49,0.5,<Residue VAL het=  resseq=39 icode= >,4hqu_A_B,2.2
250,0.0,VAL,x,CG1,35.37,16.54,0.0,1.30,0.5,<Residue VAL het=  resseq=39 icode= >,4hqu_A_B,2.2
251,6.651,VAL,x,CG2,33.03,16.45,0.0,1.07,0.5,<Residue VAL het=  resseq=39 icode= >,4hqu_A_B,2.2
252,0.0,TRP, ,N,32.79,13.30,0.0,3.89,1.0,<Residue TRP het=  resseq=40 icode= >,4hqu_A_B,2.2
253,0.0,TRP, ,CA,32.12,12.36,0.0,4.08,1.0,<Residue TRP het=  resseq=40 icode= >,4hqu_A_B,2.2
254,0.0,TRP, ,C,32.97,12.65,0.0,4.46,1.0,<Residue TRP het=  resseq=40 icode= >,4hqu_A_B,2.2
255,0.115,TRP, ,O,33.19,12.73,0.0,4.13,1.0,<Residue TRP het=  resseq=40 icode= >,4hqu_A_B,2.2
256,15.462,TRP, ,CB,32.34,10.91,0.0,3.17,1.0,<Residue TRP het=  resseq=40 icode= >,4hqu_A_B,2.2
257,2.035,TRP, ,CG,31.8,10.04,0.0,3.56,1.0,<Residue TRP het=  resseq=40 icode= >,4hqu_A_B,2.2
258,10.888,TRP, ,CD1,30.88,9.49,0.0,3.71,1.0,<Residue TRP het=  resseq=40 icode= >,4hqu_A_B,2.2
259,3.209,TRP, ,CD2,30.61,9.93,0.0,4.16,1.0,<Residue TRP het=  resseq=40 icode= >,4hqu_A_B,2.2
260,23.024,TRP, ,NE1,31.26,9.02,0.0,3.85,1.0,<Residue TRP het=  resseq=40 icode= >,4hqu_A_B,2.2
261,3.773,TRP, ,CE2,31.02,9.27,0.0,4.02,1.0,<Residue TRP het=  resseq=40 icode= >,4hqu_A_B,2.2
262,15.751,TRP, ,CE3,32.94,10.53,0.0,3.06,1.0,<Residue TRP het=  resseq=40 icode= >,4hqu_A_B,2.2
263,30.263,TRP, ,CZ2,32.68,9.27,0.0,2.43,1.0,<Residue TRP het=  resseq=40 icode= >,4hqu_A_B,2.2
264,26.632,TRP, ,CZ3,34.42,10.50,0.0,2.70,1.0,<Residue TRP het=  resseq=40 icode= >,4hqu_A_B,2.2
265,30.708,TRP, ,CH2,34.03,9.91,0.0,2.42,1.0,<Residue TRP het=  resseq=40 icode= >,4hqu_A_B,2.2
266,0.0,PRO, ,N,31.9,12.86,0.0,3.96,1.0,<Residue PRO het=  resseq=41 icode= >,4hqu_A_B,2.2
267,0.0,PRO, ,CA,31.13,12.89,0.0,4.23,1.0,<Residue PRO het=  resseq=41 icode= >,4hqu_A_B,2.2
268,0.0,PRO, ,C,32.85,14.20,0.0,4.72,1.0,<Residue PRO het=  resseq=41 icode= >,4hqu_A_B,2.2
269,0.0,PRO, ,O,34.29,15.14,0.0,3.80,1.0,<Residue PRO het=  resseq=41 icode= >,4hqu_A_B,2.2
270,14.476,PRO, ,CB,31.44,13.00,0.0,2.76,1.0,<Residue PRO het=  resseq=41 icode= >,4hqu_A_B,2.2
271,15.324,PRO, ,CG,32.21,13.60,0.0,2.38,1.0,<Residue PRO het=  resseq=41 icode= >,4hqu_A_B,2.2
272,13.118,PRO, ,CD,32.15,13.18,0.0,2.23,1.0,<Residue PRO het=  resseq=41 icode= >,4hqu_A_B,2.2
273,0.0,PRO, ,N,30.61,14.38,0.0,4.65,1.0,<Residue PRO het=  resseq=42 icode= >,4hqu_A_B,2.2
274,1.05,PRO, ,CA,30.39,15.71,0.0,3.33,1.0,<Residue PRO het=  resseq=42 icode= >,4hqu_A_B,2.2
275,0.0,PRO, ,C,31.52,16.81,0.0,4.49,1.0,<Residue PRO het=  resseq=42 icode= >,4hqu_A_B,2.2
276,0.274,PRO, ,O,31.78,17.98,0.0,2.93,1.0,<Residue PRO het=  resseq=42 icode= >,4hqu_A_B,2.2
277,30.343,PRO, ,CB,30.05,15.60,0.0,2.98,1.0,<Residue PRO het=  resseq=42 icode= >,4hqu_A_B,2.2
278,27.419,PRO, ,CG,29.85,14.54,0.0,3.45,1.0,<Residue PRO het=  resseq=42 icode= >,4hqu_A_B,2.2
279,5.568,PRO, ,CD,29.8,13.53,0.0,3.38,1.0,<Residue PRO het=  resseq=42 icode= >,4hqu_A_B,2.2
280,0.103,CYS, ,N,30.91,16.53,0.0,4.08,1.0,<Residue CYS het=  resseq=43 icode= >,4hqu_A_B,2.2
281,0.0,CYS, ,CA,30.99,17.63,0.0,4.43,1.0,<Residue CYS het=  resseq=43 icode= >,4hqu_A_B,2.2
282,0.744,CYS, ,C,30.85,17.38,0.0,4.95,1.0,<Residue CYS het=  resseq=43 icode= >,4hqu_A_B,2.2
283,15.37,CYS, ,O,33.15,16.28,0.0,3.09,1.0,<Residue CYS het=  resseq=43 icode= >,4hqu_A_B,2.2
284,10.742,CYS, ,CB,32.36,18.08,0.0,3.10,1.0,<Residue CYS het=  resseq=43 icode= >,4hqu_A_B,2.2
285,25.722,CYS, ,SG,39.56,18.36,0.0,4.70,1.0,<Residue CYS het=  resseq=43 icode= >,4hqu_A_B,2.2
286,0.0,VAL, ,N,29.14,1000.00,0.0,4.07,1.0,<Residue VAL het=  resseq=44 icode= >,4hqu_A_B,2.2
287,7.182,VAL, ,CA,30.13,1000.00,0.0,3.51,1.0,<Residue VAL het=  resseq=44 icode= >,4hqu_A_B,2.2
288,1.636,VAL, ,C,31.52,1000.00,0.0,4.86,1.0,<Residue VAL het=  resseq=44 icode= >,4hqu_A_B,2.2
289,0.0,VAL, ,O,28.53,1000.00,0.0,4.64,1.0,<Residue VAL het=  resseq=44 icode= >,4hqu_A_B,2.2
290,4.988,VAL, ,CB,30.79,1000.00,0.0,3.57,1.0,<Residue VAL het=  resseq=44 icode= >,4hqu_A_B,2.2
291,17.554,VAL, ,CG1,32.18,1000.00,0.0,2.10,1.0,<Residue VAL het=  resseq=44 icode= >,4hqu_A_B,2.2
292,0.0,VAL, ,CG2,30.7,1000.00,0.0,2.17,1.0,<Residue VAL het=  resseq=44 icode= >,4hqu_A_B,2.2
293,5.378,GLU, ,N,31.16,1000.00,0.0,4.33,1.0,<Residue GLU het=  resseq=45 icode= >,4hqu_A_B,2.2
294,0.0,GLU, ,CA,34.28,1000.00,0.0,3.74,1.0,<Residue GLU het=  resseq=45 icode= >,4hqu_A_B,2.2
295,0.766,GLU, ,C,35.9,1000.00,0.0,5.28,1.0,<Residue GLU het=  resseq=45 icode= >,4hqu_A_B,2.2
296,3.664,GLU, ,O,37.54,1000.00,0.0,3.28,1.0,<Residue GLU het=  resseq=45 icode= >,4hqu_A_B,2.2
297,12.196,GLU, ,CB,32.97,1000.00,0.0,2.84,1.0,<Residue GLU het=  resseq=45 icode= >,4hqu_A_B,2.2
298,16.335,GLU, ,CG,33.55,1000.00,0.0,2.58,1.0,<Residue GLU het=  resseq=45 icode= >,4hqu_A_B,2.2
299,8.572,GLU, ,CD,34.47,1000.00,0.0,4.26,1.0,<Residue GLU het=  resseq=45 icode= >,4hqu_A_B,2.2
300,31.853,GLU, ,OE1,36.19,1000.00,0.0,2.96,1.0,<Residue GLU het=  resseq=45 icode= >,4hqu_A_B,2.2
301,37.753,GLU, ,OE2,35.16,1000.00,0.0,2.98,1.0,<Residue GLU het=  resseq=45 icode= >,4hqu_A_B,2.2
302,0.0,VAL, ,N,35.51,1000.00,0.0,3.52,1.0,<Residue VAL het=  resseq=46 icode= >,4hqu_A_B,2.2
303,0.885,VAL, ,CA,34.55,1000.00,0.0,4.01,1.0,<Residue VAL het=  resseq=46 icode= >,4hqu_A_B,2.2
304,0.0,VAL, ,C,36.44,1000.00,0.0,4.25,1.0,<Residue VAL het=  resseq=46 icode= >,4hqu_A_B,2.2
305,0.0,VAL, ,O,35.19,1000.00,0.0,3.25,1.0,<Residue VAL het=  resseq=46 icode= >,4hqu_A_B,2.2
306,0.0,VAL, ,CB,34.33,1000.00,0.0,3.61,1.0,<Residue VAL het=  resseq=46 icode= >,4hqu_A_B,2.2
307,0.147,VAL, ,CG1,35.62,1000.00,0.0,1.87,1.0,<Residue VAL het=  resseq=46 icode= >,4hqu_A_B,2.2
308,1.646,VAL, ,CG2,35.04,1000.00,0.0,1.72,1.0,<Residue VAL het=  resseq=46 icode= >,4hqu_A_B,2.2
309,0.0,GLN, ,N,37.03,1000.00,0.0,3.00,1.0,<Residue GLN het=  resseq=47 icode= >,4hqu_A_B,2.2
310,0.0,GLN, ,CA,38.42,1000.00,0.0,2.92,1.0,<Residue GLN het=  resseq=47 icode= >,4hqu_A_B,2.2
311,0.0,GLN, ,C,36.91,1000.00,0.0,4.74,1.0,<Residue GLN het=  resseq=47 icode= >,4hqu_A_B,2.2
312,0.0,GLN, ,O,38.62,1000.00,0.0,3.37,1.0,<Residue GLN het=  resseq=47 icode= >,4hqu_A_B,2.2
313,0.47,GLN, ,CB,40.71,1000.00,0.0,2.34,1.0,<Residue GLN het=  resseq=47 icode= >,4hqu_A_B,2.2
314,24.351,GLN, ,CG,41.37,1000.00,0.0,2.94,1.0,<Residue GLN het=  resseq=47 icode= >,4hqu_A_B,2.2
315,5.54,GLN, ,CD,45.72,1000.00,0.0,3.51,1.0,<Residue GLN het=  resseq=47 icode= >,4hqu_A_B,2.2
316,14.313,GLN, ,OE1,52.79,1000.00,0.0,2.02,1.0,<Residue GLN het=  resseq=47 icode= >,4hqu_A_B,2.2
317,20.922,GLN, ,NE2,46.33,1000.00,0.0,1.95,1.0,<Residue GLN het=  resseq=47 icode= >,4hqu_A_B,2.2
318,0.0,ARG, ,N,35.89,1000.00,0.0,3.98,1.0,<Residue ARG het=  resseq=48 icode= >,4hqu_A_B,2.2
319,0.0,ARG, ,CA,35.12,1000.00,0.0,3.43,1.0,<Residue ARG het=  resseq=48 icode= >,4hqu_A_B,2.2
320,0.0,ARG, ,C,35.76,1000.00,0.0,4.01,1.0,<Residue ARG het=  resseq=48 icode= >,4hqu_A_B,2.2
321,0.0,ARG, ,O,33.37,1000.00,0.0,3.21,1.0,<Residue ARG het=  resseq=48 icode= >,4hqu_A_B,2.2
322,2.983,ARG, ,CB,37.16,1000.00,0.0,2.56,1.0,<Residue ARG het=  resseq=48 icode= >,4hqu_A_B,2.2
323,0.97,ARG, ,CG,40.42,1000.00,0.0,2.38,1.0,<Residue ARG het=  resseq=48 icode= >,4hqu_A_B,2.2
324,2.523,ARG, ,CD,43.96,1000.00,0.0,1.96,1.0,<Residue ARG het=  resseq=48 icode= >,4hqu_A_B,2.2
325,0.0,ARG, ,NE,45.24,1000.00,0.0,3.72,1.0,<Residue ARG het=  resseq=48 icode= >,4hqu_A_B,2.2
326,1.28,ARG, ,CZ,46.89,1000.00,0.0,4.01,1.0,<Residue ARG het=  resseq=48 icode= >,4hqu_A_B,2.2
327,41.004,ARG, ,NH1,49.38,1000.00,0.0,1.54,1.0,<Residue ARG het=  resseq=48 icode= >,4hqu_A_B,2.2
328,8.152,ARG, ,NH2,45.58,1000.00,0.0,2.34,1.0,<Residue ARG het=  resseq=48 icode= >,4hqu_A_B,2.2
329,0.0,CYS, ,N,35.88,1000.00,0.0,3.44,1.0,<Residue CYS het=  resseq=49 icode= >,4hqu_A_B,2.2
330,0.0,CYS, ,CA,36.61,1000.00,0.0,3.04,1.0,<Residue CYS het=  resseq=49 icode= >,4hqu_A_B,2.2
331,0.0,CYS, ,C,35.23,1000.00,0.0,4.34,1.0,<Residue CYS het=  resseq=49 icode= >,4hqu_A_B,2.2
332,17.808,CYS, ,O,35.77,1000.00,0.0,3.05,1.0,<Residue CYS het=  resseq=49 icode= >,4hqu_A_B,2.2
333,1.109,CYS, ,CB,36.52,1000.00,0.0,2.38,1.0,<Residue CYS het=  resseq=49 icode= >,4hqu_A_B,2.2
334,0.0,CYS, ,SG,43.97,1000.00,0.0,5.12,1.0,<Residue CYS het=  resseq=49 icode= >,4hqu_A_B,2.2
335,0.0,SER, ,N,32.18,1000.00,0.0,3.79,1.0,<Residue SER het=  resseq=50 icode= >,4hqu_A_B,2.2
336,5.879,SER, ,CA,32.34,1000.00,0.0,3.16,1.0,<Residue SER het=  resseq=50 icode= >,4hqu_A_B,2.2
337,0.0,SER, ,C,32.24,1000.00,0.0,4.31,1.0,<Residue SER het=  resseq=50 icode= >,4hqu_A_B,2.2
338,0.0,SER, ,O,31.73,1000.00,0.0,3.79,1.0,<Residue SER het=  resseq=50 icode= >,4hqu_A_B,2.2
339,23.505,SER, ,CB,28.59,1000.00,0.0,3.82,1.0,<Residue SER het=  resseq=50 icode= >,4hqu_A_B,2.2
340,1.409,SER, ,OG,30.09,1000.00,0.0,3.69,1.0,<Residue SER het=  resseq=50 icode= >,4hqu_A_B,2.2
341,7.496,GLY, ,N,32.12,1000.00,0.0,3.77,1.0,<Residue GLY het=  resseq=51 icode= >,4hqu_A_B,2.2
342,5.594,GLY, ,CA,34.52,1000.00,0.0,3.13,1.0,<Residue GLY het=  resseq=51 icode= >,4hqu_A_B,2.2
343,0.238,GLY, ,C,36.33,1000.00,0.0,4.62,1.0,<Residue GLY het=  resseq=51 icode= >,4hqu_A_B,2.2
344,13.315,GLY, ,O,39.38,1000.00,0.0,3.09,1.0,<Residue GLY het=  resseq=51 icode= >,4hqu_A_B,2.2
345,0.0,CYS, ,N,37.04,1000.00,0.0,3.32,1.0,<Residue CYS het=  resseq=52 icode= >,4hqu_A_B,2.2
346,3.086,CYS, ,CA,39.22,1000.00,0.0,3.26,1.0,<Residue CYS het=  resseq=52 icode= >,4hqu_A_B,2.2
347,0.0,CYS, ,C,39.03,1000.00,0.0,4.58,1.0,<Residue CYS het=  resseq=52 icode= >,4hqu_A_B,2.2
348,4.134,CYS, ,O,40.59,1000.00,0.0,3.08,1.0,<Residue CYS het=  resseq=52 icode= >,4hqu_A_B,2.2
349,18.297,CYS, ,CB,39.72,1000.00,0.0,2.46,1.0,<Residue CYS het=  resseq=52 icode= >,4hqu_A_B,2.2
350,59.757,CYS, ,SG,42.36,1000.00,0.0,5.04,1.0,<Residue CYS het=  resseq=52 icode= >,4hqu_A_B,2.2
351,5.779,CYS, ,N,40.74,1000.00,0.0,3.40,1.0,<Residue CYS het=  resseq=53 icode= >,4hqu_A_B,2.2
352,3.084,CYS, ,CA,43.24,1000.00,0.0,3.14,1.0,<Residue CYS het=  resseq=53 icode= >,4hqu_A_B,2.2
353,0.327,CYS, ,C,46.13,1000.00,0.0,3.84,1.0,<Residue CYS het=  resseq=53 icode= >,4hqu_A_B,2.2
354,12.794,CYS, ,O,47.24,1000.00,0.0,2.54,1.0,<Residue CYS het=  resseq=53 icode= >,4hqu_A_B,2.2
355,0.965,CYS, ,CB,41.04,1000.00,0.0,2.23,1.0,<Residue CYS het=  resseq=53 icode= >,4hqu_A_B,2.2
356,0.392,CYS, ,SG,40.98,1000.00,0.0,5.40,1.0,<Residue CYS het=  resseq=53 icode= >,4hqu_A_B,2.2
357,2.962,ASN, ,N,48.3,1000.00,0.0,2.84,1.0,<Residue ASN het=  resseq=54 icode= >,4hqu_A_B,2.2
358,2.292,ASN, ,CA,52.56,1000.00,0.0,3.17,1.0,<Residue ASN het=  resseq=54 icode= >,4hqu_A_B,2.2
359,0.319,ASN, ,C,53.67,1000.00,0.0,3.67,1.0,<Residue ASN het=  resseq=54 icode= >,4hqu_A_B,2.2
360,30.766,ASN, ,O,52.86,1000.00,0.0,2.85,1.0,<Residue ASN het=  resseq=54 icode= >,4hqu_A_B,2.2
361,13.969,ASN, ,CB,57.65,1000.00,0.0,1.51,1.0,<Residue ASN het=  resseq=54 icode= >,4hqu_A_B,2.2
362,9.131,ASN, ,CG,62.75,1000.00,0.0,1.42,1.0,<Residue ASN het=  resseq=54 icode= >,4hqu_A_B,2.2
363,40.614,ASN, ,OD1,64.27,1000.00,0.0,1.22,1.0,<Residue ASN het=  resseq=54 icode= >,4hqu_A_B,2.2
364,42.592,ASN, ,ND2,63.78,1000.00,0.0,1.18,1.0,<Residue ASN het=  resseq=54 icode= >,4hqu_A_B,2.2
365,0.0,ASN, ,N,52.96,1000.00,0.0,2.90,1.0,<Residue ASN het=  resseq=55 icode= >,4hqu_A_B,2.2
366,8.873,ASN, ,CA,57.92,1000.00,0.0,1.84,1.0,<Residue ASN het=  resseq=55 icode= >,4hqu_A_B,2.2
367,2.159,ASN, ,C,56.84,1000.00,0.0,2.81,1.0,<Residue ASN het=  resseq=55 icode= >,4hqu_A_B,2.2
368,1.952,ASN, ,O,52.53,1000.00,0.0,2.05,1.0,<Residue ASN het=  resseq=55 icode= >,4hqu_A_B,2.2
369,29.781,ASN, ,CB,60.32,1000.00,0.0,1.79,1.0,<Residue ASN het=  resseq=55 icode= >,4hqu_A_B,2.2
370,5.583,ASN, ,CG,65.08,1000.00,0.0,2.01,1.0,<Residue ASN het=  resseq=55 icode= >,4hqu_A_B,2.2
371,6.778,ASN, ,OD1,72.19,1000.00,0.0,0.60,1.0,<Residue ASN het=  resseq=55 icode= >,4hqu_A_B,2.2
372,25.055,ASN, ,ND2,66.34,1000.00,0.0,0.78,1.0,<Residue ASN het=  resseq=55 icode= >,4hqu_A_B,2.2
373,4.712,ARG, ,N,57.37,1000.00,0.0,2.69,1.0,<Residue ARG het=  resseq=56 icode= >,4hqu_A_B,2.2
374,3.877,ARG, ,CA,59.31,1000.00,0.0,2.64,1.0,<Residue ARG het=  resseq=56 icode= >,4hqu_A_B,2.2
375,2.628,ARG, ,C,60.49,1000.00,0.0,2.48,1.0,<Residue ARG het=  resseq=56 icode= >,4hqu_A_B,2.2
376,25.748,ARG, ,O,61.98,1000.00,0.0,1.50,1.0,<Residue ARG het=  resseq=56 icode= >,4hqu_A_B,2.2
377,23.049,ARG, ,CB,59.63,1000.00,0.0,1.93,1.0,<Residue ARG het=  resseq=56 icode= >,4hqu_A_B,2.2
378,18.678,ARG, ,CG,62.64,1000.00,0.0,1.70,1.0,<Residue ARG het=  resseq=56 icode= >,4hqu_A_B,2.2
379,32.576,ARG, ,CD,66.5,1000.00,0.0,1.30,1.0,<Residue ARG het=  resseq=56 icode= >,4hqu_A_B,2.2
380,17.633,ARG, ,NE,71.71,1000.00,0.0,1.48,1.0,<Residue ARG het=  resseq=56 icode= >,4hqu_A_B,2.2
381,7.291,ARG, ,CZ,73.69,1000.00,0.0,1.89,1.0,<Residue ARG het=  resseq=56 icode= >,4hqu_A_B,2.2
382,48.308,ARG, ,NH1,76.5,1000.00,0.0,0.91,1.0,<Residue ARG het=  resseq=56 icode= >,4hqu_A_B,2.2
383,59.306,ARG, ,NH2,75.16,1000.00,0.0,0.72,1.0,<Residue ARG het=  resseq=56 icode= >,4hqu_A_B,2.2
384,2.379,ASN, ,N,60.02,1000.00,0.0,2.27,1.0,<Residue ASN het=  resseq=57 icode= >,4hqu_A_B,2.2
385,9.221,ASN, ,CA,60.94,1000.00,0.0,2.22,1.0,<Residue ASN het=  resseq=57 icode= >,4hqu_A_B,2.2
386,2.449,ASN, ,C,61.37,1000.00,0.0,2.55,1.0,<Residue ASN het=  resseq=57 icode= >,4hqu_A_B,2.2
387,8.551,ASN, ,O,64.74,1000.00,0.0,1.31,1.0,<Residue ASN het=  resseq=57 icode= >,4hqu_A_B,2.2
388,49.205,ASN, ,CB,64.39,1000.00,0.0,0.39,1.0,<Residue ASN het=  resseq=57 icode= >,4hqu_A_B,2.2
389,0.0,VAL, ,N,58.49,1000.00,0.0,2.02,1.0,<Residue VAL het=  resseq=58 icode= >,4hqu_A_B,2.2
390,0.697,VAL, ,CA,57.32,1000.00,0.0,2.04,1.0,<Residue VAL het=  resseq=58 icode= >,4hqu_A_B,2.2
391,0.444,VAL, ,C,54.94,1000.00,0.0,3.37,1.0,<Residue VAL het=  resseq=58 icode= >,4hqu_A_B,2.2
392,5.311,VAL, ,O,55.66,1000.00,0.0,1.96,1.0,<Residue VAL het=  resseq=58 icode= >,4hqu_A_B,2.2
393,0.0,VAL, ,CB,58.1,1000.00,0.0,1.67,1.0,<Residue VAL het=  resseq=58 icode= >,4hqu_A_B,2.2
394,23.516,VAL, ,CG1,59.13,1000.00,0.0,0.11,1.0,<Residue VAL het=  resseq=58 icode= >,4hqu_A_B,2.2
395,4.76,VAL, ,CG2,54.47,1000.00,0.0,0.66,1.0,<Residue VAL het=  resseq=58 icode= >,4hqu_A_B,2.2
396,0.403,GLN, ,N,50.73,1000.00,0.0,2.93,1.0,<Residue GLN het=  resseq=59 icode= >,4hqu_A_B,2.2
397,2.378,GLN, ,CA,50.14,1000.00,0.0,2.64,1.0,<Residue GLN het=  resseq=59 icode= >,4hqu_A_B,2.2
398,0.0,GLN, ,C,46.55,1000.00,0.0,3.49,1.0,<Residue GLN het=  resseq=59 icode= >,4hqu_A_B,2.2
399,0.0,GLN, ,O,47.12,1000.00,0.0,1.66,1.0,<Residue GLN het=  resseq=59 icode= >,4hqu_A_B,2.2
400,3.0,GLN, ,CB,54.78,1000.00,0.0,1.78,1.0,<Residue GLN het=  resseq=59 icode= >,4hqu_A_B,2.2
401,20.312,GLN, ,CG,59.72,1000.00,0.0,1.37,1.0,<Residue GLN het=  resseq=59 icode= >,4hqu_A_B,2.2
402,5.631,GLN, ,CD,67.02,1000.00,0.0,1.35,1.0,<Residue GLN het=  resseq=59 icode= >,4hqu_A_B,2.2
403,27.382,GLN, ,OE1,71.57,1000.00,0.0,0.67,1.0,<Residue GLN het=  resseq=59 icode= >,4hqu_A_B,2.2
404,49.043,GLN, ,NE2,68.42,1000.00,0.0,0.66,1.0,<Residue GLN het=  resseq=59 icode= >,4hqu_A_B,2.2
405,4.456,CYS, ,N,43.06,1000.00,0.0,3.43,1.0,<Residue CYS het=  resseq=60 icode= >,4hqu_A_B,2.2
406,0.0,CYS, ,CA,43.84,1000.00,0.0,2.96,1.0,<Residue CYS het=  resseq=60 icode= >,4hqu_A_B,2.2
407,0.0,CYS, ,C,46.14,1000.00,0.0,3.22,1.0,<Residue CYS het=  resseq=60 icode= >,4hqu_A_B,2.2
408,6.05,CYS, ,O,46.86,1000.00,0.0,1.93,1.0,<Residue CYS het=  resseq=60 icode= >,4hqu_A_B,2.2
409,4.861,CYS, ,CB,41.37,1000.00,0.0,2.57,1.0,<Residue CYS het=  resseq=60 icode= >,4hqu_A_B,2.2
410,0.0,CYS, ,SG,41.99,1000.00,0.0,5.58,1.0,<Residue CYS het=  resseq=60 icode= >,4hqu_A_B,2.2
411,0.0,ARG, ,N,46.43,1000.00,0.0,2.32,1.0,<Residue ARG het=  resseq=61 icode= >,4hqu_A_B,2.2
412,0.0,ARG, ,CA,44.6,1000.00,0.0,3.74,1.0,<Residue ARG het=  resseq=61 icode= >,4hqu_A_B,2.2
413,0.0,ARG, ,C,43.79,1000.00,0.0,4.71,1.0,<Residue ARG het=  resseq=61 icode= >,4hqu_A_B,2.2
414,0.0,ARG, ,O,42.73,1000.00,0.0,2.70,1.0,<Residue ARG het=  resseq=61 icode= >,4hqu_A_B,2.2
415,1.878,ARG, ,CB,48.95,1000.00,0.0,2.09,1.0,<Residue ARG het=  resseq=61 icode= >,4hqu_A_B,2.2
416,3.363,ARG, ,CG,52.78,1000.00,0.0,1.96,1.0,<Residue ARG het=  resseq=61 icode= >,4hqu_A_B,2.2
417,19.985,ARG, ,CD,60.39,1000.00,0.0,1.36,1.0,<Residue ARG het=  resseq=61 icode= >,4hqu_A_B,2.2
418,16.07,ARG, ,NE,65.72,1000.00,0.0,1.31,1.0,<Residue ARG het=  resseq=61 icode= >,4hqu_A_B,2.2
419,4.329,ARG, ,CZ,70.77,1000.00,0.0,0.95,1.0,<Residue ARG het=  resseq=61 icode= >,4hqu_A_B,2.2
420,28.38,ARG, ,NH1,71.8,1000.00,0.0,0.89,1.0,<Residue ARG het=  resseq=61 icode= >,4hqu_A_B,2.2
421,32.001,ARG, ,NH2,70.4,1000.00,0.0,0.82,1.0,<Residue ARG het=  resseq=61 icode= >,4hqu_A_B,2.2
422,0.0,PRO, ,N,43.46,1000.00,0.0,4.00,1.0,<Residue PRO het=  resseq=62 icode= >,4hqu_A_B,2.2
423,0.0,PRO, ,CA,42.83,1000.00,0.0,3.41,1.0,<Residue PRO het=  resseq=62 icode= >,4hqu_A_B,2.2
424,0.205,PRO, ,C,43.98,1000.00,0.0,3.47,1.0,<Residue PRO het=  resseq=62 icode= >,4hqu_A_B,2.2
425,14.185,PRO, ,O,40.14,1000.00,0.0,2.84,1.0,<Residue PRO het=  resseq=62 icode= >,4hqu_A_B,2.2
426,0.081,PRO, ,CB,43.98,1000.00,0.0,2.20,1.0,<Residue PRO het=  resseq=62 icode= >,4hqu_A_B,2.2
427,19.496,PRO, ,CG,42.91,1000.00,0.0,2.10,1.0,<Residue PRO het=  resseq=62 icode= >,4hqu_A_B,2.2
428,11.281,PRO, ,CD,43.67,1000.00,0.0,2.35,1.0,<Residue PRO het=  resseq=62 icode= >,4hqu_A_B,2.2
429,0.0,THR, ,N,46.89,1000.00,0.0,2.56,1.0,<Residue THR het=  resseq=63 icode= >,4hqu_A_B,2.2
430,5.319,THR, ,CA,50.89,1000.00,0.0,2.82,1.0,<Residue THR het=  resseq=63 icode= >,4hqu_A_B,2.2
431,2.71,THR, ,C,57.04,1000.00,0.0,2.90,1.0,<Residue THR het=  resseq=63 icode= >,4hqu_A_B,2.2
432,30.544,THR, ,O,62.22,1000.00,0.0,1.33,1.0,<Residue THR het=  resseq=63 icode= >,4hqu_A_B,2.2
433,15.84,THR, ,CB,50.48,1000.00,0.0,2.53,1.0,<Residue THR het=  resseq=63 icode= >,4hqu_A_B,2.2
434,6.451,THR, ,OG1,49.82,1000.00,0.0,2.05,1.0,<Residue THR het=  resseq=63 icode= >,4hqu_A_B,2.2
435,14.18,THR, ,CG2,48.06,1000.00,0.0,1.24,1.0,<Residue THR het=  resseq=63 icode= >,4hqu_A_B,2.2
436,0.0,GLN, ,N,60.3,1000.00,0.0,2.49,1.0,<Residue GLN het=  resseq=64 icode= >,4hqu_A_B,2.2
437,4.816,GLN, ,CA,63.88,1000.00,0.0,2.02,1.0,<Residue GLN het=  resseq=64 icode= >,4hqu_A_B,2.2
438,0.0,GLN, ,C,64.92,1000.00,0.0,2.57,1.0,<Residue GLN het=  resseq=64 icode= >,4hqu_A_B,2.2
439,0.0,GLN, ,O,63.97,1000.00,0.0,1.70,1.0,<Residue GLN het=  resseq=64 icode= >,4hqu_A_B,2.2
440,17.456,GLN, ,CB,65.38,1000.00,0.0,1.56,1.0,<Residue GLN het=  resseq=64 icode= >,4hqu_A_B,2.2
441,1.15,GLN, ,CG,69.63,1000.00,0.0,1.12,1.0,<Residue GLN het=  resseq=64 icode= >,4hqu_A_B,2.2
442,4.525,GLN, ,CD,72.88,1000.00,0.0,1.84,1.0,<Residue GLN het=  resseq=64 icode= >,4hqu_A_B,2.2
443,23.982,GLN, ,OE1,76.81,1000.00,0.0,1.20,1.0,<Residue GLN het=  resseq=64 icode= >,4hqu_A_B,2.2
444,53.061,GLN, ,NE2,74.53,1000.00,0.0,0.76,1.0,<Residue GLN het=  resseq=64 icode= >,4hqu_A_B,2.2
445,3.016,VAL, ,N,61.26,1000.00,0.0,2.60,1.0,<Residue VAL het=  resseq=65 icode= >,4hqu_A_B,2.2
446,0.0,VAL, ,CA,60.1,1000.00,0.0,2.47,1.0,<Residue VAL het=  resseq=65 icode= >,4hqu_A_B,2.2
447,0.0,VAL, ,C,62.36,1000.00,0.0,3.15,1.0,<Residue VAL het=  resseq=65 icode= >,4hqu_A_B,2.2
448,21.129,VAL, ,O,63.58,1000.00,0.0,1.91,1.0,<Residue VAL het=  resseq=65 icode= >,4hqu_A_B,2.2
449,0.0,VAL, ,CB,60.18,1000.00,0.0,1.64,1.0,<Residue VAL het=  resseq=65 icode= >,4hqu_A_B,2.2
450,9.428,VAL, ,CG1,58.3,1000.00,0.0,0.79,1.0,<Residue VAL het=  resseq=65 icode= >,4hqu_A_B,2.2
451,36.895,VAL, ,CG2,60.24,1000.00,0.0,0.25,1.0,<Residue VAL het=  resseq=65 icode= >,4hqu_A_B,2.2
452,0.0,GLN, ,N,60.12,1000.00,0.0,2.67,1.0,<Residue GLN het=  resseq=66 icode= >,4hqu_A_B,2.2
453,3.084,GLN, ,CA,60.85,1000.00,0.0,2.42,1.0,<Residue GLN het=  resseq=66 icode= >,4hqu_A_B,2.2
454,0.0,GLN, ,C,60.08,1000.00,0.0,2.75,1.0,<Residue GLN het=  resseq=66 icode= >,4hqu_A_B,2.2
455,0.0,GLN, ,O,60.97,1000.00,0.0,1.80,1.0,<Residue GLN het=  resseq=66 icode= >,4hqu_A_B,2.2
456,0.138,GLN, ,CB,60.63,1000.00,0.0,2.11,1.0,<Residue GLN het=  resseq=66 icode= >,4hqu_A_B,2.2
457,4.181,GLN, ,CG,63.67,1000.00,0.0,2.03,1.0,<Residue GLN het=  resseq=66 icode= >,4hqu_A_B,2.2
458,5.288,GLN, ,CD,68.74,1000.00,0.0,1.46,1.0,<Residue GLN het=  resseq=66 icode= >,4hqu_A_B,2.2
459,36.904,GLN, ,OE1,72.26,1000.00,0.0,0.90,1.0,<Residue GLN het=  resseq=66 icode= >,4hqu_A_B,2.2
460,48.334,GLN, ,NE2,65.71,1000.00,0.0,1.35,1.0,<Residue GLN het=  resseq=66 icode= >,4hqu_A_B,2.2
461,5.544,LEU, ,N,57.55,1000.00,0.0,2.42,1.0,<Residue LEU het=  resseq=67 icode= >,4hqu_A_B,2.2
462,0.0,LEU, ,CA,52.58,1000.00,0.0,2.86,1.0,<Residue LEU het=  resseq=67 icode= >,4hqu_A_B,2.2
463,0.0,LEU, ,C,50.73,1000.00,0.0,3.22,1.0,<Residue LEU het=  resseq=67 icode= >,4hqu_A_B,2.2
464,15.941,LEU, ,O,52.52,1000.00,0.0,2.57,1.0,<Residue LEU het=  resseq=67 icode= >,4hqu_A_B,2.2
465,13.833,LEU, ,CB,50.87,1000.00,0.0,2.97,1.0,<Residue LEU het=  resseq=67 icode= >,4hqu_A_B,2.2
466,5.577,LEU, ,CG,53.94,1000.00,0.0,2.32,1.0,<Residue LEU het=  resseq=67 icode= >,4hqu_A_B,2.2
467,62.338,LEU, ,CD1,54.08,1000.00,0.0,0.93,1.0,<Residue LEU het=  resseq=67 icode= >,4hqu_A_B,2.2
468,13.785,LEU, ,CD2,53.71,1000.00,0.0,0.84,1.0,<Residue LEU het=  resseq=67 icode= >,4hqu_A_B,2.2
469,0.0,ARG, ,N,46.1,1000.00,0.0,3.13,1.0,<Residue ARG het=  resseq=68 icode= >,4hqu_A_B,2.2
470,0.777,ARG, ,CA,44.1,1000.00,0.0,3.65,1.0,<Residue ARG het=  resseq=68 icode= >,4hqu_A_B,2.2
471,0.0,ARG, ,C,47.07,1000.00,0.0,3.57,1.0,<Residue ARG het=  resseq=68 icode= >,4hqu_A_B,2.2
472,0.0,ARG, ,O,46.29,1000.00,0.0,2.97,1.0,<Residue ARG het=  resseq=68 icode= >,4hqu_A_B,2.2
473,0.692,ARG, ,CB,41.68,1000.00,0.0,2.63,1.0,<Residue ARG het=  resseq=68 icode= >,4hqu_A_B,2.2
474,13.897,ARG, ,CG,39.78,1000.00,0.0,2.55,1.0,<Residue ARG het=  resseq=68 icode= >,4hqu_A_B,2.2
475,34.456,ARG, ,CD,40.99,1000.00,0.0,2.58,1.0,<Residue ARG het=  resseq=68 icode= >,4hqu_A_B,2.2
476,0.918,ARG, ,NE,40.48,1000.00,0.0,2.99,1.0,<Residue ARG het=  resseq=68 icode= >,4hqu_A_B,2.2
477,4.118,ARG, ,CZ,40.55,1000.00,0.0,4.33,1.0,<Residue ARG het=  resseq=68 icode= >,4hqu_A_B,2.2
478,23.527,ARG, ,NH1,39.8,1000.00,0.0,2.68,1.0,<Residue ARG het=  resseq=68 icode= >,4hqu_A_B,2.2
479,4.749,ARG, ,NH2,40.95,1000.00,0.0,2.18,1.0,<Residue ARG het=  resseq=68 icode= >,4hqu_A_B,2.2
480,0.0,PRO, ,N,47.07,1000.00,0.0,2.88,1.0,<Residue PRO het=  resseq=69 icode= >,4hqu_A_B,2.2
481,0.0,PRO, ,CA,42.35,1000.00,0.0,3.28,1.0,<Residue PRO het=  resseq=69 icode= >,4hqu_A_B,2.2
482,0.922,PRO, ,C,41.19,1000.00,0.0,4.13,1.0,<Residue PRO het=  resseq=69 icode= >,4hqu_A_B,2.2
483,16.857,PRO, ,O,40.31,1000.00,0.0,3.14,1.0,<Residue PRO het=  resseq=69 icode= >,4hqu_A_B,2.2
484,11.647,PRO, ,CB,45.34,1000.00,0.0,1.47,1.0,<Residue PRO het=  resseq=69 icode= >,4hqu_A_B,2.2
485,39.808,PRO, ,CG,47.5,1000.00,0.0,1.87,1.0,<Residue PRO het=  resseq=69 icode= >,4hqu_A_B,2.2
486,18.495,PRO, ,CD,46.64,1000.00,0.0,1.83,1.0,<Residue PRO het=  resseq=69 icode= >,4hqu_A_B,2.2
487,0.0,VAL, ,N,37.85,1000.00,0.0,3.29,1.0,<Residue VAL het=  resseq=70 icode= >,4hqu_A_B,2.2
488,5.075,VAL, ,CA,38.51,1000.00,0.0,3.30,1.0,<Residue VAL het=  resseq=70 icode= >,4hqu_A_B,2.2
489,0.925,VAL, ,C,39.48,1000.00,0.0,4.25,1.0,<Residue VAL het=  resseq=70 icode= >,4hqu_A_B,2.2
490,0.0,VAL, ,O,39.8,1000.00,0.0,2.73,1.0,<Residue VAL het=  resseq=70 icode= >,4hqu_A_B,2.2
491,8.401,VAL, ,CB,36.96,1000.00,0.0,2.56,1.0,<Residue VAL het=  resseq=70 icode= >,4hqu_A_B,2.2
492,21.958,VAL, ,CG1,38.0,1000.00,0.0,1.13,1.0,<Residue VAL het=  resseq=70 icode= >,4hqu_A_B,2.2
493,1.315,VAL, ,CG2,33.44,1000.00,0.0,1.99,1.0,<Residue VAL het=  resseq=70 icode= >,4hqu_A_B,2.2
494,6.004,GLN, ,N,39.05,1000.00,0.0,3.58,1.0,<Residue GLN het=  resseq=71 icode= >,4hqu_A_B,2.2
495,0.0,GLN, ,CA,41.31,1000.00,0.0,3.19,1.0,<Residue GLN het=  resseq=71 icode= >,4hqu_A_B,2.2
496,0.143,GLN, ,C,36.44,1000.00,0.0,4.45,1.0,<Residue GLN het=  resseq=71 icode= >,4hqu_A_B,2.2
497,22.201,GLN, ,O,35.74,1000.00,0.0,3.37,1.0,<Residue GLN het=  resseq=71 icode= >,4hqu_A_B,2.2
498,21.337,GLN, ,CB,46.91,1000.00,0.0,1.57,1.0,<Residue GLN het=  resseq=71 icode= >,4hqu_A_B,2.2
499,1.958,GLN, ,CG,55.4,1000.00,0.0,0.71,1.0,<Residue GLN het=  resseq=71 icode= >,4hqu_A_B,2.2
500,2.411,GLN, ,CD,64.56,1000.00,0.0,0.77,1.0,<Residue GLN het=  resseq=71 icode= >,4hqu_A_B,2.2
501,23.624,GLN, ,OE1,71.88,1000.00,0.0,0.57,1.0,<Residue GLN het=  resseq=71 icode= >,4hqu_A_B,2.2
502,45.03,GLN, ,NE2,64.32,1000.00,0.0,0.96,1.0,<Residue GLN het=  resseq=71 icode= >,4hqu_A_B,2.2
503,0.0,VAL, ,N,34.71,14.69,0.0,3.87,1.0,<Residue VAL het=  resseq=72 icode= >,4hqu_A_B,2.2
504,0.279,VAL, ,CA,35.55,14.41,0.0,4.16,1.0,<Residue VAL het=  resseq=72 icode= >,4hqu_A_B,2.2
505,0.972,VAL, ,C,37.63,12.93,0.0,4.62,1.0,<Residue VAL het=  resseq=72 icode= >,4hqu_A_B,2.2
506,0.0,VAL, ,O,38.98,12.07,0.0,2.92,1.0,<Residue VAL het=  resseq=72 icode= >,4hqu_A_B,2.2
507,0.0,VAL, ,CB,35.98,15.10,0.0,3.84,1.0,<Residue VAL het=  resseq=72 icode= >,4hqu_A_B,2.2
508,0.896,VAL, ,CG1,34.76,16.59,0.0,1.77,1.0,<Residue VAL het=  resseq=72 icode= >,4hqu_A_B,2.2
509,0.0,VAL, ,CG2,37.33,14.60,0.0,1.77,1.0,<Residue VAL het=  resseq=72 icode= >,4hqu_A_B,2.2
510,0.2,ARG, ,N,39.57,12.76,0.0,2.87,1.0,<Residue ARG het=  resseq=73 icode= >,4hqu_A_B,2.2
511,0.0,ARG, ,CA,38.78,11.46,0.0,3.43,1.0,<Residue ARG het=  resseq=73 icode= >,4hqu_A_B,2.2
512,0.882,ARG, ,C,38.4,11.15,0.0,4.30,1.0,<Residue ARG het=  resseq=73 icode= >,4hqu_A_B,2.2
513,0.305,ARG, ,O,35.79,12.05,0.0,3.72,1.0,<Residue ARG het=  resseq=73 icode= >,4hqu_A_B,2.2
514,10.917,ARG, ,CB,40.88,11.45,0.0,2.99,1.0,<Residue ARG het=  resseq=73 icode= >,4hqu_A_B,2.2
515,14.911,ARG, ,CG,45.19,10.86,0.0,2.80,1.0,<Residue ARG het=  resseq=73 icode= >,4hqu_A_B,2.2
516,14.325,ARG, ,CD,50.87,9.63,0.0,1.92,1.0,<Residue ARG het=  resseq=73 icode= >,4hqu_A_B,2.2
517,15.171,ARG, ,NE,59.35,8.89,0.0,1.72,1.0,<Residue ARG het=  resseq=73 icode= >,4hqu_A_B,2.2
518,8.65,ARG, ,CZ,61.14,7.66,0.0,2.07,1.0,<Residue ARG het=  resseq=73 icode= >,4hqu_A_B,2.2
519,58.925,ARG, ,NH1,61.59,7.32,0.0,0.82,1.0,<Residue ARG het=  resseq=73 icode= >,4hqu_A_B,2.2
520,46.775,ARG, ,NH2,62.43,6.97,0.0,1.21,1.0,<Residue ARG het=  resseq=73 icode= >,4hqu_A_B,2.2
521,0.265,LYS, ,N,35.01,10.01,0.0,3.86,1.0,<Residue LYS het=  resseq=74 icode= >,4hqu_A_B,2.2
522,0.051,LYS, ,CA,34.34,9.83,0.0,3.42,1.0,<Residue LYS het=  resseq=74 icode= >,4hqu_A_B,2.2
523,0.175,LYS, ,C,34.95,8.51,0.0,4.73,1.0,<Residue LYS het=  resseq=74 icode= >,4hqu_A_B,2.2
524,1.492,LYS, ,O,32.22,7.43,0.0,3.27,1.0,<Residue LYS het=  resseq=74 icode= >,4hqu_A_B,2.2
525,0.0,LYS, ,CB,36.39,9.93,0.0,2.42,1.0,<Residue LYS het=  resseq=74 icode= >,4hqu_A_B,2.2
526,0.0,LYS, ,CG,36.54,10.22,0.0,2.80,1.0,<Residue LYS het=  resseq=74 icode= >,4hqu_A_B,2.2
527,3.579,LYS, ,CD,38.1,10.30,0.0,2.46,1.0,<Residue LYS het=  resseq=74 icode= >,4hqu_A_B,2.2
528,0.407,LYS, ,CE,39.37,10.93,0.0,1.72,1.0,<Residue LYS het=  resseq=74 icode= >,4hqu_A_B,2.2
529,16.127,LYS, ,NZ,41.74,11.17,0.0,1.52,1.0,<Residue LYS het=  resseq=74 icode= >,4hqu_A_B,2.2
530,0.281,ILE, ,N,33.96,8.76,0.0,3.69,1.0,<Residue ILE het=  resseq=75 icode= >,4hqu_A_B,2.2
531,0.0,ILE, ,CA,34.01,7.84,0.0,3.97,1.0,<Residue ILE het=  resseq=75 icode= >,4hqu_A_B,2.2
532,0.0,ILE, ,C,35.68,8.30,0.0,5.29,1.0,<Residue ILE het=  resseq=75 icode= >,4hqu_A_B,2.2
533,0.0,ILE, ,O,32.54,9.50,0.0,4.90,1.0,<Residue ILE het=  resseq=75 icode= >,4hqu_A_B,2.2
534,0.0,ILE, ,CB,32.77,8.25,0.0,3.41,1.0,<Residue ILE het=  resseq=75 icode= >,4hqu_A_B,2.2
535,7.002,ILE, ,CG1,31.82,8.06,0.0,2.72,1.0,<Residue ILE het=  resseq=75 icode= >,4hqu_A_B,2.2
536,2.267,ILE, ,CG2,32.77,7.84,0.0,2.21,1.0,<Residue ILE het=  resseq=75 icode= >,4hqu_A_B,2.2
537,45.921,ILE, ,CD1,32.12,7.90,0.0,1.83,1.0,<Residue ILE het=  resseq=75 icode= >,4hqu_A_B,2.2
538,0.0,GLU, ,N,39.36,7.53,0.0,3.34,1.0,<Residue GLU het=  resseq=76 icode= >,4hqu_A_B,2.2
539,0.0,GLU, ,CA,42.98,8.22,0.0,2.84,1.0,<Residue GLU het=  resseq=76 icode= >,4hqu_A_B,2.2
540,0.0,GLU, ,C,42.85,8.08,0.0,3.49,1.0,<Residue GLU het=  resseq=76 icode= >,4hqu_A_B,2.2
541,0.0,GLU, ,O,42.79,7.05,0.0,2.55,1.0,<Residue GLU het=  resseq=76 icode= >,4hqu_A_B,2.2
542,0.0,GLU, ,CB,44.2,8.01,0.0,2.60,1.0,<Residue GLU het=  resseq=76 icode= >,4hqu_A_B,2.2
543,0.115,GLU, ,CG,50.5,8.15,0.0,1.87,1.0,<Residue GLU het=  resseq=76 icode= >,4hqu_A_B,2.2
544,3.287,GLU, ,CD,55.14,8.50,0.0,2.89,1.0,<Residue GLU het=  resseq=76 icode= >,4hqu_A_B,2.2
545,24.477,GLU, ,OE1,57.39,8.97,0.0,1.74,1.0,<Residue GLU het=  resseq=76 icode= >,4hqu_A_B,2.2
546,7.503,GLU, ,OE2,56.86,8.59,0.0,1.75,1.0,<Residue GLU het=  resseq=76 icode= >,4hqu_A_B,2.2
547,0.0,ILE, ,N,44.51,9.29,0.0,2.80,1.0,<Residue ILE het=  resseq=77 icode= >,4hqu_A_B,2.2
548,0.0,ILE, ,CA,44.18,9.61,0.0,3.10,1.0,<Residue ILE het=  resseq=77 icode= >,4hqu_A_B,2.2
549,0.0,ILE, ,C,45.03,9.77,0.0,3.98,1.0,<Residue ILE het=  resseq=77 icode= >,4hqu_A_B,2.2
550,5.763,ILE, ,O,45.82,9.50,0.0,2.59,1.0,<Residue ILE het=  resseq=77 icode= >,4hqu_A_B,2.2
551,2.792,ILE, ,CB,45.6,9.17,0.0,2.37,1.0,<Residue ILE het=  resseq=77 icode= >,4hqu_A_B,2.2
552,15.807,ILE, ,CG1,46.59,9.92,0.0,1.63,1.0,<Residue ILE het=  resseq=77 icode= >,4hqu_A_B,2.2
553,27.505,ILE, ,CG2,46.38,7.96,0.0,1.04,1.0,<Residue ILE het=  resseq=77 icode= >,4hqu_A_B,2.2
554,11.337,ILE, ,CD1,44.45,10.68,0.0,0.99,1.0,<Residue ILE het=  resseq=77 icode= >,4hqu_A_B,2.2
555,0.0,VAL, ,N,41.83,9.63,0.0,3.66,1.0,<Residue VAL het=  resseq=78 icode= >,4hqu_A_B,2.2
556,3.884,VAL, ,CA,42.65,9.71,0.0,3.43,1.0,<Residue VAL het=  resseq=78 icode= >,4hqu_A_B,2.2
557,0.0,VAL, ,C,45.04,8.92,0.0,3.70,1.0,<Residue VAL het=  resseq=78 icode= >,4hqu_A_B,2.2
558,2.487,VAL, ,O,43.54,9.47,0.0,2.74,1.0,<Residue VAL het=  resseq=78 icode= >,4hqu_A_B,2.2
559,1.676,VAL, ,CB,45.54,9.42,0.0,1.88,1.0,<Residue VAL het=  resseq=78 icode= >,4hqu_A_B,2.2
560,46.283,VAL, ,CG1,44.28,10.32,0.0,0.98,1.0,<Residue VAL het=  resseq=78 icode= >,4hqu_A_B,2.2
561,16.178,VAL, ,CG2,44.38,9.21,0.0,1.19,1.0,<Residue VAL het=  resseq=78 icode= >,4hqu_A_B,2.2
562,8.779,ARG, ,N,44.94,7.79,0.0,2.89,1.0,<Residue ARG het=  resseq=79 icode= >,4hqu_A_B,2.2
563,14.166,ARG, ,CA,48.12,7.02,0.0,3.55,1.0,<Residue ARG het=  resseq=79 icode= >,4hqu_A_B,2.2
564,2.158,ARG, ,C,47.63,6.92,0.0,3.85,1.0,<Residue ARG het=  resseq=79 icode= >,4hqu_A_B,2.2
565,16.354,ARG, ,O,50.53,7.45,0.0,2.37,1.0,<Residue ARG het=  resseq=79 icode= >,4hqu_A_B,2.2
566,11.67,ARG, ,CB,50.9,7.92,0.0,1.93,1.0,<Residue ARG het=  resseq=79 icode= >,4hqu_A_B,2.2
567,18.085,ARG, ,CG,57.29,8.48,0.0,1.22,1.0,<Residue ARG het=  resseq=79 icode= >,4hqu_A_B,2.2
568,33.174,ARG, ,CD,62.67,9.08,0.0,1.61,1.0,<Residue ARG het=  resseq=79 icode= >,4hqu_A_B,2.2
569,12.53,ARG, ,NE,66.16,9.95,0.0,2.17,1.0,<Residue ARG het=  resseq=79 icode= >,4hqu_A_B,2.2
570,6.477,ARG, ,CZ,71.06,10.25,0.0,1.69,1.0,<Residue ARG het=  resseq=79 icode= >,4hqu_A_B,2.2
571,49.886,ARG, ,NH1,73.59,9.77,0.0,0.74,1.0,<Residue ARG het=  resseq=79 icode= >,4hqu_A_B,2.2
572,59.113,ARG, ,NH2,74.1,11.22,0.0,1.04,1.0,<Residue ARG het=  resseq=79 icode= >,4hqu_A_B,2.2
573,4.445,LYS, ,N,48.16,6.63,0.0,2.33,1.0,<Residue LYS het=  resseq=80 icode= >,4hqu_A_B,2.2
574,4.6,LYS, ,CA,46.75,6.85,0.0,2.27,1.0,<Residue LYS het=  resseq=80 icode= >,4hqu_A_B,2.2
575,1.984,LYS, ,C,44.71,8.36,0.0,3.99,1.0,<Residue LYS het=  resseq=80 icode= >,4hqu_A_B,2.2
576,25.421,LYS, ,O,51.19,7.71,0.0,1.87,1.0,<Residue LYS het=  resseq=80 icode= >,4hqu_A_B,2.2
577,60.923,LYS, ,CB,48.39,6.13,0.0,1.48,1.0,<Residue LYS het=  resseq=80 icode= >,4hqu_A_B,2.2
578,0.0,LYS, ,N,40.16,8.82,0.0,3.83,1.0,<Residue LYS het=  resseq=81 icode= >,4hqu_A_B,2.2
579,1.267,LYS, ,CA,41.55,7.92,0.0,2.92,1.0,<Residue LYS het=  resseq=81 icode= >,4hqu_A_B,2.2
580,0.062,LYS, ,C,40.5,7.06,0.0,4.27,1.0,<Residue LYS het=  resseq=81 icode= >,4hqu_A_B,2.2
581,0.0,LYS, ,O,41.75,7.34,0.0,2.57,1.0,<Residue LYS het=  resseq=81 icode= >,4hqu_A_B,2.2
582,50.817,LYS, ,CB,40.84,7.63,0.0,1.93,1.0,<Residue LYS het=  resseq=81 icode= >,4hqu_A_B,2.2
583,0.067,PRO, ,N,40.85,6.26,0.0,3.86,1.0,<Residue PRO het=  resseq=82 icode= >,4hqu_A_B,2.2
584,0.0,PRO, ,CA,38.83,5.68,0.0,4.03,1.0,<Residue PRO het=  resseq=82 icode= >,4hqu_A_B,2.2
585,0.0,PRO, ,C,39.9,4.36,0.0,3.93,1.0,<Residue PRO het=  resseq=82 icode= >,4hqu_A_B,2.2
586,15.441,PRO, ,O,41.75,3.42,8.567,2.64,1.0,<Residue PRO het=  resseq=82 icode= >,4hqu_A_B,2.2
587,6.554,PRO, ,CB,39.24,5.81,0.0,2.71,1.0,<Residue PRO het=  resseq=82 icode= >,4hqu_A_B,2.2
588,23.44,PRO, ,CG,39.97,5.72,0.0,1.98,1.0,<Residue PRO het=  resseq=82 icode= >,4hqu_A_B,2.2
589,25.639,PRO, ,CD,39.09,6.41,0.0,2.63,1.0,<Residue PRO het=  resseq=82 icode= >,4hqu_A_B,2.2
590,0.0,ILE, ,N,39.62,4.43,0.0,2.84,1.0,<Residue ILE het=  resseq=83 icode= >,4hqu_A_B,2.2
591,2.953,ILE, ,CA,38.88,3.38,2.953,3.52,1.0,<Residue ILE het=  resseq=83 icode= >,4hqu_A_B,2.2
592,0.0,ILE, ,C,40.16,3.59,0.0,4.69,1.0,<Residue ILE het=  resseq=83 icode= >,4hqu_A_B,2.2
593,0.0,ILE, ,O,41.73,4.79,0.0,3.64,1.0,<Residue ILE het=  resseq=83 icode= >,4hqu_A_B,2.2
594,0.0,ILE, ,CB,39.89,4.16,0.0,2.88,1.0,<Residue ILE het=  resseq=83 icode= >,4hqu_A_B,2.2
595,13.672,ILE, ,CG1,41.41,4.77,1.503,1.76,1.0,<Residue ILE het=  resseq=83 icode= >,4hqu_A_B,2.2
596,23.749,ILE, ,CG2,38.33,3.55,14.645,1.43,1.0,<Residue ILE het=  resseq=83 icode= >,4hqu_A_B,2.2
597,33.726,ILE, ,CD1,44.14,5.99,0.0,-0.21,1.0,<Residue ILE het=  resseq=83 icode= >,4hqu_A_B,2.2
598,3.689,PHE, ,N,39.29,2.86,3.689,4.20,1.0,<Residue PHE het=  resseq=84 icode= >,4hqu_A_B,2.2
599,0.0,PHE, ,CA,41.76,3.89,0.0,3.69,1.0,<Residue PHE het=  resseq=84 icode= >,4hqu_A_B,2.2
600,1.45,PHE, ,C,43.96,4.14,0.0,3.70,1.0,<Residue PHE het=  resseq=84 icode= >,4hqu_A_B,2.2
601,21.453,PHE, ,O,45.29,3.22,9.917,2.54,1.0,<Residue PHE het=  resseq=84 icode= >,4hqu_A_B,2.2
602,27.392,PHE, ,CB,38.05,3.95,2.069,2.32,1.0,<Residue PHE het=  resseq=84 icode= >,4hqu_A_B,2.2
603,2.164,PHE, ,CG,37.76,3.99,0.0,3.40,1.0,<Residue PHE het=  resseq=84 icode= >,4hqu_A_B,2.2
604,9.211,PHE, ,CD1,36.31,5.06,0.0,2.59,1.0,<Residue PHE het=  resseq=84 icode= >,4hqu_A_B,2.2
605,24.689,PHE, ,CD2,36.87,3.23,11.796,2.40,1.0,<Residue PHE het=  resseq=84 icode= >,4hqu_A_B,2.2
606,12.208,PHE, ,CE1,36.51,5.32,0.0,2.30,1.0,<Residue PHE het=  resseq=84 icode= >,4hqu_A_B,2.2
607,30.59,PHE, ,CE2,34.88,3.63,7.046,2.60,1.0,<Residue PHE het=  resseq=84 icode= >,4hqu_A_B,2.2
608,21.267,PHE, ,CZ,34.43,4.70,2.23,2.32,1.0,<Residue PHE het=  resseq=84 icode= >,4hqu_A_B,2.2
609,0.077,LYS, ,N,45.48,5.35,0.0,3.24,1.0,<Residue LYS het=  resseq=85 icode= >,4hqu_A_B,2.2
610,7.3,LYS, ,CA,45.89,5.92,0.0,3.03,1.0,<Residue LYS het=  resseq=85 icode= >,4hqu_A_B,2.2
611,1.655,LYS, ,C,45.58,7.27,0.0,3.85,1.0,<Residue LYS het=  resseq=85 icode= >,4hqu_A_B,2.2
612,3.888,LYS, ,O,45.49,7.83,0.0,2.82,1.0,<Residue LYS het=  resseq=85 icode= >,4hqu_A_B,2.2
613,1.331,LYS, ,CB,49.02,6.37,0.0,2.27,1.0,<Residue LYS het=  resseq=85 icode= >,4hqu_A_B,2.2
614,5.322,LYS, ,CG,52.09,5.49,0.144,1.43,1.0,<Residue LYS het=  resseq=85 icode= >,4hqu_A_B,2.2
615,18.443,LYS, ,CD,55.63,6.54,0.0,0.67,1.0,<Residue LYS het=  resseq=85 icode= >,4hqu_A_B,2.2
616,45.165,LYS, ,CE,59.33,6.21,0.0,0.83,1.0,<Residue LYS het=  resseq=85 icode= >,4hqu_A_B,2.2
617,12.536,LYS, ,NZ,58.53,5.84,0.0,1.40,1.0,<Residue LYS het=  resseq=85 icode= >,4hqu_A_B,2.2
618,5.451,LYS, ,N,45.71,8.00,0.0,2.96,1.0,<Residue LYS het=  resseq=86 icode= >,4hqu_A_B,2.2
619,0.0,LYS, ,CA,45.24,9.39,0.0,3.40,1.0,<Residue LYS het=  resseq=86 icode= >,4hqu_A_B,2.2
620,1.004,LYS, ,C,47.12,10.29,0.0,3.47,1.0,<Residue LYS het=  resseq=86 icode= >,4hqu_A_B,2.2
621,25.027,LYS, ,O,48.46,10.07,0.0,2.14,1.0,<Residue LYS het=  resseq=86 icode= >,4hqu_A_B,2.2
622,12.191,LYS, ,CB,44.92,9.80,0.0,2.66,1.0,<Residue LYS het=  resseq=86 icode= >,4hqu_A_B,2.2
623,4.764,LYS, ,CG,46.43,9.60,0.0,1.59,1.0,<Residue LYS het=  resseq=86 icode= >,4hqu_A_B,2.2
624,16.878,LYS, ,CD,49.37,10.02,0.0,1.36,1.0,<Residue LYS het=  resseq=86 icode= >,4hqu_A_B,2.2
625,35.535,LYS, ,CE,51.41,10.20,0.0,1.02,1.0,<Residue LYS het=  resseq=86 icode= >,4hqu_A_B,2.2
626,42.431,LYS, ,NZ,57.36,10.98,0.0,1.28,1.0,<Residue LYS het=  resseq=86 icode= >,4hqu_A_B,2.2
627,0.0,ALA, ,N,43.51,11.43,0.0,2.77,1.0,<Residue ALA het=  resseq=87 icode= >,4hqu_A_B,2.2
628,6.22,ALA, ,CA,39.98,12.54,0.0,3.52,1.0,<Residue ALA het=  resseq=87 icode= >,4hqu_A_B,2.2
629,0.153,ALA, ,C,41.06,13.78,0.0,4.63,1.0,<Residue ALA het=  resseq=87 icode= >,4hqu_A_B,2.2
630,0.0,ALA, ,O,40.67,13.98,0.0,3.23,1.0,<Residue ALA het=  resseq=87 icode= >,4hqu_A_B,2.2
631,12.292,ALA, ,CB,39.86,12.90,0.0,1.86,1.0,<Residue ALA het=  resseq=87 icode= >,4hqu_A_B,2.2
632,5.858,THR, ,N,42.24,14.73,0.0,3.73,1.0,<Residue THR het=  resseq=88 icode= >,4hqu_A_B,2.2
633,0.0,THR, ,CA,43.37,15.96,0.0,3.33,1.0,<Residue THR het=  resseq=88 icode= >,4hqu_A_B,2.2
634,0.0,THR, ,C,43.73,17.07,0.0,4.49,1.0,<Residue THR het=  resseq=88 icode= >,4hqu_A_B,2.2
635,24.459,THR, ,O,44.24,17.32,0.0,3.09,1.0,<Residue THR het=  resseq=88 icode= >,4hqu_A_B,2.2
636,15.262,THR, ,CB,46.08,16.33,0.0,2.81,1.0,<Residue THR het=  resseq=88 icode= >,4hqu_A_B,2.2
637,22.644,THR, ,OG1,48.3,15.36,0.0,2.91,1.0,<Residue THR het=  resseq=88 icode= >,4hqu_A_B,2.2
638,24.382,THR, ,CG2,45.18,17.68,0.0,1.32,1.0,<Residue THR het=  resseq=88 icode= >,4hqu_A_B,2.2
639,0.0,VAL, ,N,42.48,1000.00,0.0,3.56,1.0,<Residue VAL het=  resseq=89 icode= >,4hqu_A_B,2.2
640,2.11,VAL, ,CA,41.58,1000.00,0.0,3.72,1.0,<Residue VAL het=  resseq=89 icode= >,4hqu_A_B,2.2
641,0.0,VAL, ,C,40.82,1000.00,0.0,4.42,1.0,<Residue VAL het=  resseq=89 icode= >,4hqu_A_B,2.2
642,0.0,VAL, ,O,41.05,1000.00,0.0,3.09,1.0,<Residue VAL het=  resseq=89 icode= >,4hqu_A_B,2.2
643,0.0,VAL, ,CB,42.64,1000.00,0.0,3.64,1.0,<Residue VAL het=  resseq=89 icode= >,4hqu_A_B,2.2
644,3.044,VAL, ,CG1,41.22,1000.00,0.0,1.99,1.0,<Residue VAL het=  resseq=89 icode= >,4hqu_A_B,2.2
645,0.291,VAL, ,CG2,41.8,1000.00,0.0,1.71,1.0,<Residue VAL het=  resseq=89 icode= >,4hqu_A_B,2.2
646,5.206,THR, ,N,41.76,1000.00,0.0,3.49,1.0,<Residue THR het=  resseq=90 icode= >,4hqu_A_B,2.2
647,0.0,THR, ,CA,42.82,1000.00,0.0,2.68,1.0,<Residue THR het=  resseq=90 icode= >,4hqu_A_B,2.2
648,0.0,THR, ,C,39.83,1000.00,0.0,4.30,1.0,<Residue THR het=  resseq=90 icode= >,4hqu_A_B,2.2
649,20.347,THR, ,O,37.64,1000.00,0.0,3.83,1.0,<Residue THR het=  resseq=90 icode= >,4hqu_A_B,2.2
650,14.647,THR, ,CB,45.8,1000.00,0.0,2.24,1.0,<Residue THR het=  resseq=90 icode= >,4hqu_A_B,2.2
651,23.756,THR, ,OG1,50.77,1000.00,0.0,2.21,1.0,<Residue THR het=  resseq=90 icode= >,4hqu_A_B,2.2
652,14.697,THR, ,CG2,44.29,1000.00,0.0,1.43,1.0,<Residue THR het=  resseq=90 icode= >,4hqu_A_B,2.2
653,0.0,LEU, ,N,39.87,1000.00,0.0,3.72,1.0,<Residue LEU het=  resseq=91 icode= >,4hqu_A_B,2.2
654,1.293,LEU, ,CA,40.31,1000.00,0.0,3.39,1.0,<Residue LEU het=  resseq=91 icode= >,4hqu_A_B,2.2
655,0.0,LEU, ,C,45.56,1000.00,0.0,3.13,1.0,<Residue LEU het=  resseq=91 icode= >,4hqu_A_B,2.2
656,0.0,LEU, ,O,45.04,1000.00,0.0,2.90,1.0,<Residue LEU het=  resseq=91 icode= >,4hqu_A_B,2.2
657,0.0,LEU, ,CB,38.18,1000.00,0.0,2.75,1.0,<Residue LEU het=  resseq=91 icode= >,4hqu_A_B,2.2
658,0.0,LEU, ,CG,37.25,1000.00,0.0,2.68,1.0,<Residue LEU het=  resseq=91 icode= >,4hqu_A_B,2.2
659,0.091,LEU, ,CD1,37.57,1000.00,0.0,1.48,1.0,<Residue LEU het=  resseq=91 icode= >,4hqu_A_B,2.2
660,0.203,LEU, ,CD2,36.55,1000.00,0.0,1.72,1.0,<Residue LEU het=  resseq=91 icode= >,4hqu_A_B,2.2
661,3.472,GLU, ,N,45.93,1000.00,0.0,2.90,1.0,<Residue GLU het=  resseq=92 icode= >,4hqu_A_B,2.2
662,0.0,GLU, ,CA,47.49,1000.00,0.0,3.28,1.0,<Residue GLU het=  resseq=92 icode= >,4hqu_A_B,2.2
663,0.0,GLU, ,C,45.93,1000.00,0.0,3.96,1.0,<Residue GLU het=  resseq=92 icode= >,4hqu_A_B,2.2
664,0.0,GLU, ,O,45.44,1000.00,0.0,2.23,1.0,<Residue GLU het=  resseq=92 icode= >,4hqu_A_B,2.2
665,11.281,GLU, ,CB,51.69,1000.00,0.0,1.96,1.0,<Residue GLU het=  resseq=92 icode= >,4hqu_A_B,2.2
666,0.0,GLU, ,CG,60.14,1000.00,0.0,1.62,1.0,<Residue GLU het=  resseq=92 icode= >,4hqu_A_B,2.2
667,6.052,GLU, ,CD,65.29,1000.00,0.0,1.93,1.0,<Residue GLU het=  resseq=92 icode= >,4hqu_A_B,2.2
668,31.737,GLU, ,OE1,68.59,1000.00,0.0,1.43,1.0,<Residue GLU het=  resseq=92 icode= >,4hqu_A_B,2.2
669,17.349,GLU, ,OE2,68.75,1000.00,0.0,1.40,1.0,<Residue GLU het=  resseq=92 icode= >,4hqu_A_B,2.2
670,0.0,ASP, ,N,45.96,1000.00,0.0,2.81,1.0,<Residue ASP het=  resseq=93 icode= >,4hqu_A_B,2.2
671,0.0,ASP, ,CA,46.02,1000.00,0.0,2.57,1.0,<Residue ASP het=  resseq=93 icode= >,4hqu_A_B,2.2
672,0.0,ASP, ,C,47.22,1000.00,0.0,3.08,1.0,<Residue ASP het=  resseq=93 icode= >,4hqu_A_B,2.2
673,0.0,ASP, ,O,48.02,1000.00,0.0,2.33,1.0,<Residue ASP het=  resseq=93 icode= >,4hqu_A_B,2.2
674,1.196,ASP, ,CB,44.57,1000.00,0.0,3.13,1.0,<Residue ASP het=  resseq=93 icode= >,4hqu_A_B,2.2
675,0.045,ASP, ,CG,45.39,1000.00,0.0,4.80,1.0,<Residue ASP het=  resseq=93 icode= >,4hqu_A_B,2.2
676,0.0,ASP, ,OD1,45.12,1000.00,0.0,3.28,1.0,<Residue ASP het=  resseq=93 icode= >,4hqu_A_B,2.2
677,13.481,ASP, ,OD2,44.51,1000.00,0.0,3.30,1.0,<Residue ASP het=  resseq=93 icode= >,4hqu_A_B,2.2
678,0.0,HIS, ,N,45.48,1000.00,0.0,1.89,1.0,<Residue HIS het=  resseq=94 icode= >,4hqu_A_B,2.2
679,0.0,HIS, ,CA,42.44,1000.00,0.0,3.07,1.0,<Residue HIS het=  resseq=94 icode= >,4hqu_A_B,2.2
680,0.0,HIS, ,C,42.69,1000.00,0.0,4.28,1.0,<Residue HIS het=  resseq=94 icode= >,4hqu_A_B,2.2
681,1.845,HIS, ,O,41.62,1000.00,0.0,3.03,1.0,<Residue HIS het=  resseq=94 icode= >,4hqu_A_B,2.2
682,0.0,HIS, ,CB,38.01,1000.00,0.0,2.91,1.0,<Residue HIS het=  resseq=94 icode= >,4hqu_A_B,2.2
683,0.0,HIS, ,CG,37.65,1000.00,0.0,3.86,1.0,<Residue HIS het=  resseq=94 icode= >,4hqu_A_B,2.2
684,0.0,HIS, ,ND1,37.78,1000.00,0.0,3.04,1.0,<Residue HIS het=  resseq=94 icode= >,4hqu_A_B,2.2
685,0.0,HIS, ,CD2,38.11,1000.00,0.0,2.65,1.0,<Residue HIS het=  resseq=94 icode= >,4hqu_A_B,2.2
686,16.075,HIS, ,CE1,37.73,1000.00,0.0,3.06,1.0,<Residue HIS het=  resseq=94 icode= >,4hqu_A_B,2.2
687,6.591,HIS, ,NE2,36.17,1000.00,0.0,4.00,1.0,<Residue HIS het=  resseq=94 icode= >,4hqu_A_B,2.2
688,0.0,LEU, ,N,45.98,1000.00,0.0,2.18,1.0,<Residue LEU het=  resseq=95 icode= >,4hqu_A_B,2.2
689,1.86,LEU, ,CA,45.86,1000.00,0.0,2.26,1.0,<Residue LEU het=  resseq=95 icode= >,4hqu_A_B,2.2
690,0.0,LEU, ,C,43.99,1000.00,0.0,4.01,1.0,<Residue LEU het=  resseq=95 icode= >,4hqu_A_B,2.2
691,23.868,LEU, ,O,43.73,1000.00,0.0,3.36,1.0,<Residue LEU het=  resseq=95 icode= >,4hqu_A_B,2.2
692,2.521,LEU, ,CB,46.7,1000.00,0.0,1.74,1.0,<Residue LEU het=  resseq=95 icode= >,4hqu_A_B,2.2
693,0.0,LEU, ,CG,47.32,1000.00,0.0,2.24,1.0,<Residue LEU het=  resseq=95 icode= >,4hqu_A_B,2.2
694,19.716,LEU, ,CD1,50.57,1000.00,0.0,0.42,1.0,<Residue LEU het=  resseq=95 icode= >,4hqu_A_B,2.2
695,37.573,LEU, ,CD2,45.62,1000.00,0.0,1.60,1.0,<Residue LEU het=  resseq=95 icode= >,4hqu_A_B,2.2
696,0.0,ALA, ,N,43.56,1000.00,0.0,3.13,1.0,<Residue ALA het=  resseq=96 icode= >,4hqu_A_B,2.2
697,4.067,ALA, ,CA,45.64,1000.00,0.0,2.32,1.0,<Residue ALA het=  resseq=96 icode= >,4hqu_A_B,2.2
698,0.0,ALA, ,C,43.07,1000.00,0.0,3.48,1.0,<Residue ALA het=  resseq=96 icode= >,4hqu_A_B,2.2
699,0.0,ALA, ,O,42.05,1000.00,0.0,3.15,1.0,<Residue ALA het=  resseq=96 icode= >,4hqu_A_B,2.2
700,33.449,ALA, ,CB,45.61,1000.00,0.0,1.08,1.0,<Residue ALA het=  resseq=96 icode= >,4hqu_A_B,2.2
701,3.433,CYS, ,N,41.49,1000.00,0.0,2.86,1.0,<Residue CYS het=  resseq=97 icode= >,4hqu_A_B,2.2
702,0.0,CYS, ,CA,42.12,1000.00,0.0,2.85,1.0,<Residue CYS het=  resseq=97 icode= >,4hqu_A_B,2.2
703,0.0,CYS, ,C,42.08,1000.00,0.0,3.69,1.0,<Residue CYS het=  resseq=97 icode= >,4hqu_A_B,2.2
704,24.148,CYS, ,O,40.9,1000.00,0.0,2.44,1.0,<Residue CYS het=  resseq=97 icode= >,4hqu_A_B,2.2
705,0.448,CYS, ,CB,41.14,1000.00,0.0,2.52,1.0,<Residue CYS het=  resseq=97 icode= >,4hqu_A_B,2.2
706,0.568,CYS, ,SG,45.3,1000.00,0.0,4.71,1.0,<Residue CYS het=  resseq=97 icode= >,4hqu_A_B,2.2
707,0.0,LYS, ,N,42.93,1000.00,0.0,2.63,1.0,<Residue LYS het=  resseq=98 icode= >,4hqu_A_B,2.2
708,6.172,LYS, ,CA,44.28,1000.00,0.0,2.66,1.0,<Residue LYS het=  resseq=98 icode= >,4hqu_A_B,2.2
709,0.0,LYS, ,C,43.19,1000.00,0.0,3.36,1.0,<Residue LYS het=  resseq=98 icode= >,4hqu_A_B,2.2
710,0.0,LYS, ,O,42.26,1000.00,0.0,2.34,1.0,<Residue LYS het=  resseq=98 icode= >,4hqu_A_B,2.2
711,14.305,LYS, ,CB,45.71,1000.00,0.0,1.72,1.0,<Residue LYS het=  resseq=98 icode= >,4hqu_A_B,2.2
712,0.0,LYS, ,CG,50.22,1000.00,0.0,1.49,1.0,<Residue LYS het=  resseq=98 icode= >,4hqu_A_B,2.2
713,4.313,LYS, ,CD,52.38,1000.00,0.0,1.14,1.0,<Residue LYS het=  resseq=98 icode= >,4hqu_A_B,2.2
714,33.487,LYS, ,CE,53.23,1000.00,0.0,1.14,1.0,<Residue LYS het=  resseq=98 icode= >,4hqu_A_B,2.2
715,49.072,LYS, ,NZ,54.39,1000.00,0.0,1.59,1.0,<Residue LYS het=  resseq=98 icode= >,4hqu_A_B,2.2
716,4.512,CYS, ,N,42.96,1000.00,0.0,2.71,1.0,<Residue CYS het=  resseq=99 icode= >,4hqu_A_B,2.2
717,0.0,CYS, ,CA,42.64,1000.00,0.0,3.21,1.0,<Residue CYS het=  resseq=99 icode= >,4hqu_A_B,2.2
718,0.0,CYS, ,C,44.86,1000.00,0.0,4.06,1.0,<Residue CYS het=  resseq=99 icode= >,4hqu_A_B,2.2
719,15.65,CYS, ,O,45.32,1000.00,0.0,3.01,1.0,<Residue CYS het=  resseq=99 icode= >,4hqu_A_B,2.2
720,15.968,CYS, ,CB,41.05,1000.00,0.0,2.47,1.0,<Residue CYS het=  resseq=99 icode= >,4hqu_A_B,2.2
721,18.91,CYS, ,SG,38.2,1000.00,0.0,6.02,1.0,<Residue CYS het=  resseq=99 icode= >,4hqu_A_B,2.2
722,0.0,GLU, ,N,49.58,1000.00,0.0,3.36,1.0,<Residue GLU het=  resseq=100 icode= >,4hqu_A_B,2.2
723,3.024,GLU, ,CA,56.69,1000.00,0.0,2.71,1.0,<Residue GLU het=  resseq=100 icode= >,4hqu_A_B,2.2
724,0.0,GLU, ,C,60.01,1000.00,0.0,2.93,1.0,<Residue GLU het=  resseq=100 icode= >,4hqu_A_B,2.2
725,1.448,GLU, ,O,62.98,1000.00,0.0,1.62,1.0,<Residue GLU het=  resseq=100 icode= >,4hqu_A_B,2.2
726,0.767,GLU, ,CB,63.44,1000.00,0.0,1.37,1.0,<Residue GLU het=  resseq=100 icode= >,4hqu_A_B,2.2
727,20.697,GLU, ,CG,68.76,1000.00,0.0,0.77,1.0,<Residue GLU het=  resseq=100 icode= >,4hqu_A_B,2.2
728,8.326,GLU, ,CD,72.99,1000.00,0.0,1.70,1.0,<Residue GLU het=  resseq=100 icode= >,4hqu_A_B,2.2
729,11.362,GLU, ,OE1,77.57,1000.00,0.0,0.83,1.0,<Residue GLU het=  resseq=100 icode= >,4hqu_A_B,2.2
730,29.24,GLU, ,OE2,74.55,1000.00,0.0,1.30,1.0,<Residue GLU het=  resseq=100 icode= >,4hqu_A_B,2.2
731,2.549,THR, ,N,63.84,1000.00,0.0,1.83,1.0,<Residue THR het=  resseq=101 icode= >,4hqu_A_B,2.2
732,0.0,THR, ,CA,66.14,1000.00,0.0,1.94,1.0,<Residue THR het=  resseq=101 icode= >,4hqu_A_B,2.2
733,22.568,THR, ,C,64.45,1000.00,0.0,2.20,1.0,<Residue THR het=  resseq=101 icode= >,4hqu_A_B,2.2
734,30.392,THR, ,O,63.58,1000.00,0.0,2.10,1.0,<Residue THR het=  resseq=101 icode= >,4hqu_A_B,2.2
735,11.002,THR, ,CB,71.42,1000.00,0.0,1.24,1.0,<Residue THR het=  resseq=101 icode= >,4hqu_A_B,2.2
736,22.077,THR, ,OG1,74.13,1000.00,0.0,1.12,1.0,<Residue THR het=  resseq=101 icode= >,4hqu_A_B,2.2
737,63.048,THR, ,CG2,70.08,1000.00,0.0,0.73,1.0,<Residue THR het=  resseq=101 icode= >,4hqu_A_B,2.2
