,ASA,aa,altloc,atom,bfac,dens,occ,residue,id,resolu
0,13.171,SER, ,N,13.75,4.37,1.0,<Residue SER het=  resseq=1 icode= >,4hua_A_A,1.1
1,0.586,SER, ,CA,14.99,3.98,1.0,<Residue SER het=  resseq=1 icode= >,4hua_A_A,1.1
2,0.665,SER, ,C,13.75,4.18,1.0,<Residue SER het=  resseq=1 icode= >,4hua_A_A,1.1
3,10.1,SER, ,O,15.42,4.88,1.0,<Residue SER het=  resseq=1 icode= >,4hua_A_A,1.1
4,42.637,SER, ,CB,19.48,2.15,1.0,<Residue SER het=  resseq=1 icode= >,4hua_A_A,1.1
5,33.433,SER, ,OG,22.58,2.18,1.0,<Residue SER het=  resseq=1 icode= >,4hua_A_A,1.1
6,0.436,ASP, ,N,11.93,5.67,1.0,<Residue ASP het=  resseq=2 icode= >,4hua_A_A,1.1
7,11.113,ASP, ,CA,11.75,4.55,1.0,<Residue ASP het=  resseq=2 icode= >,4hua_A_A,1.1
8,0.226,ASP, ,C,11.71,5.36,1.0,<Residue ASP het=  resseq=2 icode= >,4hua_A_A,1.1
9,29.848,ASP, ,O,12.65,6.81,1.0,<Residue ASP het=  resseq=2 icode= >,4hua_A_A,1.1
10,37.211,ASP, ,CB,12.25,4.80,1.0,<Residue ASP het=  resseq=2 icode= >,4hua_A_A,1.1
11,7.627,ASP, ,CG,12.23,5.37,1.0,<Residue ASP het=  resseq=2 icode= >,4hua_A_A,1.1
12,18.603,ASP, ,OD1,12.96,5.65,1.0,<Residue ASP het=  resseq=2 icode= >,4hua_A_A,1.1
13,17.632,ASP, ,OD2,11.81,7.92,1.0,<Residue ASP het=  resseq=2 icode= >,4hua_A_A,1.1
14,0.214,LYS, ,N,11.29,6.42,1.0,<Residue LYS het=  resseq=3 icode= >,4hua_A_A,1.1
15,7.088,LYS, ,CA,12.05,5.37,1.0,<Residue LYS het=  resseq=3 icode= >,4hua_A_A,1.1
16,2.016,LYS, ,C,12.57,5.37,1.0,<Residue LYS het=  resseq=3 icode= >,4hua_A_A,1.1
17,7.928,LYS, ,O,15.32,6.09,1.0,<Residue LYS het=  resseq=3 icode= >,4hua_A_A,1.1
18,7.175,LYS, ,CB,12.69,5.65,1.0,<Residue LYS het=  resseq=3 icode= >,4hua_A_A,1.1
19,9.38,LYS, ,CG,12.63,4.84,1.0,<Residue LYS het=  resseq=3 icode= >,4hua_A_A,1.1
20,1.458,LYS, ,CD,12.88,4.09,1.0,<Residue LYS het=  resseq=3 icode= >,4hua_A_A,1.1
21,14.236,LYS, ,CE,11.36,5.24,1.0,<Residue LYS het=  resseq=3 icode= >,4hua_A_A,1.1
22,24.385,LYS, ,NZ,11.71,6.50,1.0,<Residue LYS het=  resseq=3 icode= >,4hua_A_A,1.1
23,0.155,ILE, ,N,11.57,6.88,1.0,<Residue ILE het=  resseq=4 icode= >,4hua_A_A,1.1
24,0.0,ILE, ,CA,11.09,5.80,1.0,<Residue ILE het=  resseq=4 icode= >,4hua_A_A,1.1
25,0.571,ILE, ,C,9.16,6.94,1.0,<Residue ILE het=  resseq=4 icode= >,4hua_A_A,1.1
26,14.846,ILE, ,O,11.02,8.40,1.0,<Residue ILE het=  resseq=4 icode= >,4hua_A_A,1.1
27,3.241,ILE, ,CB,12.84,4.69,1.0,<Residue ILE het=  resseq=4 icode= >,4hua_A_A,1.1
28,0.025,ILE, ,CG1,14.56,3.21,1.0,<Residue ILE het=  resseq=4 icode= >,4hua_A_A,1.1
29,1.987,ILE, ,CG2,12.47,4.72,1.0,<Residue ILE het=  resseq=4 icode= >,4hua_A_A,1.1
30,0.0,ILE, ,CD1,15.35,4.06,1.0,<Residue ILE het=  resseq=4 icode= >,4hua_A_A,1.1
31,0.0,ILE, ,N,7.07,9.01,1.0,<Residue ILE het=  resseq=5 icode= >,4hua_A_A,1.1
32,1.672,ILE, ,CA,6.86,7.08,1.0,<Residue ILE het=  resseq=5 icode= >,4hua_A_A,1.1
33,0.0,ILE, ,C,6.97,6.48,1.0,<Residue ILE het=  resseq=5 icode= >,4hua_A_A,1.1
34,0.0,ILE, ,O,7.13,11.65,1.0,<Residue ILE het=  resseq=5 icode= >,4hua_A_A,1.1
35,0.0,ILE, ,CB,8.67,6.30,1.0,<Residue ILE het=  resseq=5 icode= >,4hua_A_A,1.1
36,3.712,ILE, ,CG1,12.51,4.32,1.0,<Residue ILE het=  resseq=5 icode= >,4hua_A_A,1.1
37,8.146,ILE, ,CG2,10.52,5.06,1.0,<Residue ILE het=  resseq=5 icode= >,4hua_A_A,1.1
38,55.168,ILE, ,CD1,16.15,1.80,1.0,<Residue ILE het=  resseq=5 icode= >,4hua_A_A,1.1
39,4.707,HIS, ,N,7.0,9.18,1.0,<Residue HIS het=  resseq=6 icode= >,4hua_A_A,1.1
40,1.281,HIS, ,CA,7.33,7.45,1.0,<Residue HIS het=  resseq=6 icode= >,4hua_A_A,1.1
41,0.0,HIS, ,C,6.95,7.24,1.0,<Residue HIS het=  resseq=6 icode= >,4hua_A_A,1.1
42,10.467,HIS, ,O,9.22,8.82,1.0,<Residue HIS het=  resseq=6 icode= >,4hua_A_A,1.1
43,29.411,HIS, ,CB,8.66,6.36,1.0,<Residue HIS het=  resseq=6 icode= >,4hua_A_A,1.1
44,2.511,HIS, ,CG,8.53,6.68,1.0,<Residue HIS het=  resseq=6 icode= >,4hua_A_A,1.1
45,17.918,HIS, ,ND1,8.85,7.92,1.0,<Residue HIS het=  resseq=6 icode= >,4hua_A_A,1.1
46,21.885,HIS, ,CD2,9.56,5.29,1.0,<Residue HIS het=  resseq=6 icode= >,4hua_A_A,1.1
47,24.313,HIS, ,CE1,9.46,6.04,1.0,<Residue HIS het=  resseq=6 icode= >,4hua_A_A,1.1
48,17.731,HIS, ,NE2,9.95,7.00,1.0,<Residue HIS het=  resseq=6 icode= >,4hua_A_A,1.1
49,0.0,LEU, ,N,6.35,9.52,1.0,<Residue LEU het=  resseq=7 icode= >,4hua_A_A,1.1
50,0.0,LEU, ,CA,6.2,8.37,1.0,<Residue LEU het=  resseq=7 icode= >,4hua_A_A,1.1
51,0.0,LEU, ,C,6.4,6.92,1.0,<Residue LEU het=  resseq=7 icode= >,4hua_A_A,1.1
52,0.1,LEU, ,O,7.89,10.11,1.0,<Residue LEU het=  resseq=7 icode= >,4hua_A_A,1.1
53,0.0,LEU, ,CB,6.25,7.80,1.0,<Residue LEU het=  resseq=7 icode= >,4hua_A_A,1.1
54,0.0,LEU, ,CG,6.53,7.90,1.0,<Residue LEU het=  resseq=7 icode= >,4hua_A_A,1.1
55,0.0,LEU, ,CD1,7.5,6.82,1.0,<Residue LEU het=  resseq=7 icode= >,4hua_A_A,1.1
56,0.0,LEU, ,CD2,8.01,6.89,1.0,<Residue LEU het=  resseq=7 icode= >,4hua_A_A,1.1
57,0.0,THR, ,N,6.56,9.05,1.0,<Residue THR het=  resseq=8 icode= >,4hua_A_A,1.1
58,0.0,THR, ,CA,6.46,7.51,1.0,<Residue THR het=  resseq=8 icode= >,4hua_A_A,1.1
59,0.0,THR, ,C,6.49,8.80,1.0,<Residue THR het=  resseq=8 icode= >,4hua_A_A,1.1
60,0.0,THR, ,O,6.82,11.11,1.0,<Residue THR het=  resseq=8 icode= >,4hua_A_A,1.1
61,5.448,THR, ,CB,7.34,6.97,1.0,<Residue THR het=  resseq=8 icode= >,4hua_A_A,1.1
62,3.982,THR, ,OG1,7.78,10.11,1.0,<Residue THR het=  resseq=8 icode= >,4hua_A_A,1.1
63,32.021,THR, ,CG2,9.55,5.61,1.0,<Residue THR het=  resseq=8 icode= >,4hua_A_A,1.1
64,0.0,ASP, ,N,6.95,8.55,1.0,<Residue ASP het=  resseq=9 icode= >,4hua_A_A,1.1
65,0.52,ASP, ,CA,7.29,7.17,1.0,<Residue ASP het=  resseq=9 icode= >,4hua_A_A,1.1
66,0.059,ASP, ,C,7.4,7.29,1.0,<Residue ASP het=  resseq=9 icode= >,4hua_A_A,1.1
67,19.966,ASP, ,O,9.07,8.91,1.0,<Residue ASP het=  resseq=9 icode= >,4hua_A_A,1.1
68,19.024,ASP, ,CB,9.54,5.27,1.0,<Residue ASP het=  resseq=9 icode= >,4hua_A_A,1.1
69,4.365,ASP, ,CG,11.47,4.83,1.0,<Residue ASP het=  resseq=9 icode= >,4hua_A_A,1.1
70,0.0,ASP, ,OD1,10.84,8.36,1.0,<Residue ASP het=  resseq=9 icode= >,4hua_A_A,1.1
71,25.631,ASP, ,OD2,13.49,5.69,1.0,<Residue ASP het=  resseq=9 icode= >,4hua_A_A,1.1
72,0.0,ASP, ,N,7.39,9.26,1.0,<Residue ASP het=  resseq=10 icode= >,4hua_A_A,1.1
73,4.697,ASP, ,CA,7.67,7.52,1.0,<Residue ASP het=  resseq=10 icode= >,4hua_A_A,1.1
74,1.841,ASP, ,C,8.67,5.63,1.0,<Residue ASP het=  resseq=10 icode= >,4hua_A_A,1.1
75,29.079,ASP, ,O,11.83,7.10,1.0,<Residue ASP het=  resseq=10 icode= >,4hua_A_A,1.1
76,26.298,ASP, ,CB,9.05,6.59,1.0,<Residue ASP het=  resseq=10 icode= >,4hua_A_A,1.1
77,9.03,ASP, ,CG,11.11,5.95,1.0,<Residue ASP het=  resseq=10 icode= >,4hua_A_A,1.1
78,31.805,ASP, ,OD1,12.94,7.35,1.0,<Residue ASP het=  resseq=10 icode= >,4hua_A_A,1.1
79,37.639,ASP, ,OD2,12.38,6.08,1.0,<Residue ASP het=  resseq=10 icode= >,4hua_A_A,1.1
80,0.0,SER, ,N,7.4,9.46,1.0,<Residue SER het=  resseq=11 icode= >,4hua_A_A,1.1
81,2.468,SER, ,CA,7.9,7.42,1.0,<Residue SER het=  resseq=11 icode= >,4hua_A_A,1.1
82,0.0,SER, ,C,7.09,7.68,1.0,<Residue SER het=  resseq=11 icode= >,4hua_A_A,1.1
83,0.0,SER, ,O,7.78,10.35,1.0,<Residue SER het=  resseq=11 icode= >,4hua_A_A,1.1
84,27.591,SER, ,CB,7.62,6.45,1.0,<Residue SER het=  resseq=11 icode= >,4hua_A_A,1.1
85,0.478,SER, ,OG,7.9,10.05,1.0,<Residue SER het=  resseq=11 icode= >,4hua_A_A,1.1
86,0.0,PHE, ,N,6.62,9.43,1.0,<Residue PHE het=  resseq=12 icode= >,4hua_A_A,1.1
87,0.0,PHE, ,CA,6.63,7.58,1.0,<Residue PHE het=  resseq=12 icode= >,4hua_A_A,1.1
88,0.0,PHE, ,C,8.27,6.26,1.0,<Residue PHE het=  resseq=12 icode= >,4hua_A_A,1.1
89,0.0,PHE, ,O,8.02,10.21,1.0,<Residue PHE het=  resseq=12 icode= >,4hua_A_A,1.1
90,5.829,PHE, ,CB,7.45,7.30,1.0,<Residue PHE het=  resseq=12 icode= >,4hua_A_A,1.1
91,0.0,PHE, ,CG,7.12,7.51,1.0,<Residue PHE het=  resseq=12 icode= >,4hua_A_A,1.1
92,3.073,PHE, ,CD1,8.04,6.93,1.0,<Residue PHE het=  resseq=12 icode= >,4hua_A_A,1.1
93,0.0,PHE, ,CD2,8.39,5.98,1.0,<Residue PHE het=  resseq=12 icode= >,4hua_A_A,1.1
94,0.0,PHE, ,CE1,7.77,6.74,1.0,<Residue PHE het=  resseq=12 icode= >,4hua_A_A,1.1
95,0.0,PHE, ,CE2,8.71,5.90,1.0,<Residue PHE het=  resseq=12 icode= >,4hua_A_A,1.1
96,0.0,PHE, ,CZ,8.5,6.13,1.0,<Residue PHE het=  resseq=12 icode= >,4hua_A_A,1.1
97,1.427,ASP,x,N,8.51,8.14,0.59,<Residue ASP het=  resseq=13 icode= >,4hua_A_A,1.1
98,0.181,ASP,x,CA,9.51,6.37,0.59,<Residue ASP het=  resseq=13 icode= >,4hua_A_A,1.1
99,0.0,ASP,x,C,9.61,6.03,0.59,<Residue ASP het=  resseq=13 icode= >,4hua_A_A,1.1
100,0.0,ASP,x,O,9.8,8.25,0.59,<Residue ASP het=  resseq=13 icode= >,4hua_A_A,1.1
101,28.574,ASP,x,CB,12.41,3.92,0.59,<Residue ASP het=  resseq=13 icode= >,4hua_A_A,1.1
102,8.173,ASP,x,CG,15.99,2.91,0.59,<Residue ASP het=  resseq=13 icode= >,4hua_A_A,1.1
103,18.433,ASP,x,OD1,17.88,2.16,0.59,<Residue ASP het=  resseq=13 icode= >,4hua_A_A,1.1
104,16.964,ASP,x,OD2,18.2,2.08,0.59,<Residue ASP het=  resseq=13 icode= >,4hua_A_A,1.1
105,0.499,THR, ,N,9.31,7.76,1.0,<Residue THR het=  resseq=14 icode= >,4hua_A_A,1.1
106,0.0,THR, ,CA,9.73,6.09,1.0,<Residue THR het=  resseq=14 icode= >,4hua_A_A,1.1
107,0.0,THR, ,C,8.83,5.66,1.0,<Residue THR het=  resseq=14 icode= >,4hua_A_A,1.1
108,6.426,THR, ,O,9.15,9.11,1.0,<Residue THR het=  resseq=14 icode= >,4hua_A_A,1.1
109,5.364,THR, ,CB,11.82,5.01,1.0,<Residue THR het=  resseq=14 icode= >,4hua_A_A,1.1
110,23.034,THR, ,OG1,13.8,6.23,1.0,<Residue THR het=  resseq=14 icode= >,4hua_A_A,1.1
111,46.795,THR, ,CG2,12.17,4.97,1.0,<Residue THR het=  resseq=14 icode= >,4hua_A_A,1.1
112,0.0,ASP, ,N,7.68,8.77,1.0,<Residue ASP het=  resseq=15 icode= >,4hua_A_A,1.1
113,5.929,ASP, ,CA,7.76,6.66,1.0,<Residue ASP het=  resseq=15 icode= >,4hua_A_A,1.1
114,0.0,ASP, ,C,7.15,6.90,1.0,<Residue ASP het=  resseq=15 icode= >,4hua_A_A,1.1
115,4.573,ASP, ,O,7.79,9.72,1.0,<Residue ASP het=  resseq=15 icode= >,4hua_A_A,1.1
116,1.851,ASP, ,CB,8.32,6.00,1.0,<Residue ASP het=  resseq=15 icode= >,4hua_A_A,1.1
117,5.841,ASP, ,CG,10.75,5.64,1.0,<Residue ASP het=  resseq=15 icode= >,4hua_A_A,1.1
118,18.327,ASP, ,OD1,12.62,6.71,1.0,<Residue ASP het=  resseq=15 icode= >,4hua_A_A,1.1
119,8.936,ASP, ,OD2,11.45,7.30,1.0,<Residue ASP het=  resseq=15 icode= >,4hua_A_A,1.1
120,0.0,VAL, ,N,7.61,8.12,1.0,<Residue VAL het=  resseq=16 icode= >,4hua_A_A,1.1
121,0.0,VAL, ,CA,7.24,7.33,1.0,<Residue VAL het=  resseq=16 icode= >,4hua_A_A,1.1
122,0.0,VAL, ,C,8.77,6.68,1.0,<Residue VAL het=  resseq=16 icode= >,4hua_A_A,1.1
123,0.13,VAL, ,O,9.63,8.99,1.0,<Residue VAL het=  resseq=16 icode= >,4hua_A_A,1.1
124,0.0,VAL, ,CB,7.64,7.54,1.0,<Residue VAL het=  resseq=16 icode= >,4hua_A_A,1.1
125,0.0,VAL, ,CG1,8.43,6.78,1.0,<Residue VAL het=  resseq=16 icode= >,4hua_A_A,1.1
126,0.0,VAL, ,CG2,8.94,6.21,1.0,<Residue VAL het=  resseq=16 icode= >,4hua_A_A,1.1
127,0.0,LEU, ,N,8.67,7.94,1.0,<Residue LEU het=  resseq=17 icode= >,4hua_A_A,1.1
128,0.0,LEU, ,CA,9.69,6.28,1.0,<Residue LEU het=  resseq=17 icode= >,4hua_A_A,1.1
129,0.0,LEU, ,C,10.62,4.84,1.0,<Residue LEU het=  resseq=17 icode= >,4hua_A_A,1.1
130,15.511,LEU, ,O,12.12,7.28,1.0,<Residue LEU het=  resseq=17 icode= >,4hua_A_A,1.1
131,7.729,LEU, ,CB,11.31,5.32,1.0,<Residue LEU het=  resseq=17 icode= >,4hua_A_A,1.1
132,0.0,LEU, ,CG,12.59,4.98,1.0,<Residue LEU het=  resseq=17 icode= >,4hua_A_A,1.1
133,22.612,LEU, ,CD1,14.52,3.79,1.0,<Residue LEU het=  resseq=17 icode= >,4hua_A_A,1.1
134,4.229,LEU, ,CD2,13.01,4.85,1.0,<Residue LEU het=  resseq=17 icode= >,4hua_A_A,1.1
135,0.0,LYS,x,N,9.65,7.63,0.49,<Residue LYS het=  resseq=18 icode= >,4hua_A_A,1.1
136,6.735,LYS,x,CA,10.0,5.98,0.49,<Residue LYS het=  resseq=18 icode= >,4hua_A_A,1.1
137,2.367,LYS,x,C,9.23,6.70,0.49,<Residue LYS het=  resseq=18 icode= >,4hua_A_A,1.1
138,26.215,LYS,x,O,10.08,8.50,0.49,<Residue LYS het=  resseq=18 icode= >,4hua_A_A,1.1
139,9.248,LYS,x,CB,10.76,5.56,0.49,<Residue LYS het=  resseq=18 icode= >,4hua_A_A,1.1
140,13.336,LYS,x,CG,12.31,5.45,0.49,<Residue LYS het=  resseq=18 icode= >,4hua_A_A,1.1
141,31.664,LYS,x,CD,14.65,2.82,0.49,<Residue LYS het=  resseq=18 icode= >,4hua_A_A,1.1
142,7.986,LYS,x,CE,15.85,1.55,0.49,<Residue LYS het=  resseq=18 icode= >,4hua_A_A,1.1
143,42.808,LYS,x,NZ,16.66,1.23,0.49,<Residue LYS het=  resseq=18 icode= >,4hua_A_A,1.1
144,0.0,ALA, ,N,9.94,7.76,1.0,<Residue ALA het=  resseq=19 icode= >,4hua_A_A,1.1
145,6.741,ALA, ,CA,10.1,6.38,1.0,<Residue ALA het=  resseq=19 icode= >,4hua_A_A,1.1
146,1.231,ALA, ,C,9.78,5.94,1.0,<Residue ALA het=  resseq=19 icode= >,4hua_A_A,1.1
147,1.581,ALA, ,O,11.94,7.35,1.0,<Residue ALA het=  resseq=19 icode= >,4hua_A_A,1.1
148,20.487,ALA, ,CB,10.41,6.03,1.0,<Residue ALA het=  resseq=19 icode= >,4hua_A_A,1.1
149,6.236,ASP, ,N,11.79,5.89,1.0,<Residue ASP het=  resseq=20 icode= >,4hua_A_A,1.1
150,3.545,ASP, ,CA,11.38,4.89,1.0,<Residue ASP het=  resseq=20 icode= >,4hua_A_A,1.1
151,0.415,ASP, ,C,12.22,5.19,1.0,<Residue ASP het=  resseq=20 icode= >,4hua_A_A,1.1
152,21.261,ASP, ,O,15.39,5.58,1.0,<Residue ASP het=  resseq=20 icode= >,4hua_A_A,1.1
153,33.028,ASP, ,CB,13.01,3.86,1.0,<Residue ASP het=  resseq=20 icode= >,4hua_A_A,1.1
154,9.639,ASP, ,CG,14.29,4.76,1.0,<Residue ASP het=  resseq=20 icode= >,4hua_A_A,1.1
155,21.954,ASP, ,OD1,16.17,5.17,1.0,<Residue ASP het=  resseq=20 icode= >,4hua_A_A,1.1
156,39.808,ASP, ,OD2,15.02,5.85,1.0,<Residue ASP het=  resseq=20 icode= >,4hua_A_A,1.1
157,0.075,GLY, ,N,11.5,5.85,1.0,<Residue GLY het=  resseq=21 icode= >,4hua_A_A,1.1
158,30.579,GLY, ,CA,12.05,4.48,1.0,<Residue GLY het=  resseq=21 icode= >,4hua_A_A,1.1
159,1.922,GLY, ,C,11.69,4.39,1.0,<Residue GLY het=  resseq=21 icode= >,4hua_A_A,1.1
160,0.725,GLY, ,O,12.09,7.47,1.0,<Residue GLY het=  resseq=21 icode= >,4hua_A_A,1.1
161,5.893,ALA, ,N,10.19,7.68,1.0,<Residue ALA het=  resseq=22 icode= >,4hua_A_A,1.1
162,0.0,ALA, ,CA,9.22,6.62,1.0,<Residue ALA het=  resseq=22 icode= >,4hua_A_A,1.1
163,0.556,ALA, ,C,8.16,7.00,1.0,<Residue ALA het=  resseq=22 icode= >,4hua_A_A,1.1
164,3.171,ALA, ,O,8.78,9.81,1.0,<Residue ALA het=  resseq=22 icode= >,4hua_A_A,1.1
165,17.882,ALA, ,CB,10.66,4.36,1.0,<Residue ALA het=  resseq=22 icode= >,4hua_A_A,1.1
166,0.0,ILE,x,N,7.47,8.27,0.43,<Residue ILE het=  resseq=23 icode= >,4hua_A_A,1.1
167,0.0,ILE,x,CA,7.58,6.83,0.43,<Residue ILE het=  resseq=23 icode= >,4hua_A_A,1.1
168,0.0,ILE,x,C,6.61,7.52,0.43,<Residue ILE het=  resseq=23 icode= >,4hua_A_A,1.1
169,0.0,ILE,x,O,7.24,9.95,0.43,<Residue ILE het=  resseq=23 icode= >,4hua_A_A,1.1
170,1.868,ILE,x,CB,8.21,4.81,0.43,<Residue ILE het=  resseq=23 icode= >,4hua_A_A,1.1
171,0.0,ILE,x,CG1,8.91,3.92,0.43,<Residue ILE het=  resseq=23 icode= >,4hua_A_A,1.1
172,1.462,ILE,x,CG2,9.73,2.11,0.43,<Residue ILE het=  resseq=23 icode= >,4hua_A_A,1.1
173,1.798,ILE,x,CD1,10.09,1.52,0.43,<Residue ILE het=  resseq=23 icode= >,4hua_A_A,1.1
174,0.0,LEU, ,N,5.87,9.86,1.0,<Residue LEU het=  resseq=24 icode= >,4hua_A_A,1.1
175,0.0,LEU, ,CA,5.88,8.17,1.0,<Residue LEU het=  resseq=24 icode= >,4hua_A_A,1.1
176,0.0,LEU, ,C,5.91,7.72,1.0,<Residue LEU het=  resseq=24 icode= >,4hua_A_A,1.1
177,0.0,LEU, ,O,6.86,10.59,1.0,<Residue LEU het=  resseq=24 icode= >,4hua_A_A,1.1
178,0.0,LEU, ,CB,6.43,7.85,1.0,<Residue LEU het=  resseq=24 icode= >,4hua_A_A,1.1
179,0.037,LEU, ,CG,6.88,7.85,1.0,<Residue LEU het=  resseq=24 icode= >,4hua_A_A,1.1
180,0.0,LEU, ,CD1,7.22,6.80,1.0,<Residue LEU het=  resseq=24 icode= >,4hua_A_A,1.1
181,0.0,LEU, ,CD2,8.43,6.64,1.0,<Residue LEU het=  resseq=24 icode= >,4hua_A_A,1.1
182,0.0,VAL, ,N,4.69,11.14,1.0,<Residue VAL het=  resseq=25 icode= >,4hua_A_A,1.1
183,0.0,VAL, ,CA,5.17,8.69,1.0,<Residue VAL het=  resseq=25 icode= >,4hua_A_A,1.1
184,0.0,VAL, ,C,5.65,7.17,1.0,<Residue VAL het=  resseq=25 icode= >,4hua_A_A,1.1
185,0.0,VAL, ,O,5.69,11.62,1.0,<Residue VAL het=  resseq=25 icode= >,4hua_A_A,1.1
186,0.0,VAL, ,CB,6.39,7.78,1.0,<Residue VAL het=  resseq=25 icode= >,4hua_A_A,1.1
187,0.0,VAL, ,CG1,7.41,7.23,1.0,<Residue VAL het=  resseq=25 icode= >,4hua_A_A,1.1
188,0.0,VAL, ,CG2,6.99,7.63,1.0,<Residue VAL het=  resseq=25 icode= >,4hua_A_A,1.1
189,0.0,ASP, ,N,5.32,11.54,1.0,<Residue ASP het=  resseq=26 icode= >,4hua_A_A,1.1
190,0.0,ASP, ,CA,5.14,8.32,1.0,<Residue ASP het=  resseq=26 icode= >,4hua_A_A,1.1
191,0.0,ASP, ,C,4.89,8.49,1.0,<Residue ASP het=  resseq=26 icode= >,4hua_A_A,1.1
192,0.0,ASP, ,O,6.19,11.59,1.0,<Residue ASP het=  resseq=26 icode= >,4hua_A_A,1.1
193,0.027,ASP, ,CB,6.4,7.46,1.0,<Residue ASP het=  resseq=26 icode= >,4hua_A_A,1.1
194,0.0,ASP, ,CG,7.94,6.83,1.0,<Residue ASP het=  resseq=26 icode= >,4hua_A_A,1.1
195,2.425,ASP, ,OD1,9.33,8.42,1.0,<Residue ASP het=  resseq=26 icode= >,4hua_A_A,1.1
196,1.029,ASP, ,OD2,8.76,8.95,1.0,<Residue ASP het=  resseq=26 icode= >,4hua_A_A,1.1
197,0.0,PHE, ,N,5.12,10.64,1.0,<Residue PHE het=  resseq=27 icode= >,4hua_A_A,1.1
198,0.0,PHE, ,CA,5.54,7.93,1.0,<Residue PHE het=  resseq=27 icode= >,4hua_A_A,1.1
199,0.0,PHE, ,C,6.32,7.39,1.0,<Residue PHE het=  resseq=27 icode= >,4hua_A_A,1.1
200,0.09,PHE, ,O,7.52,10.28,1.0,<Residue PHE het=  resseq=27 icode= >,4hua_A_A,1.1
201,0.0,PHE, ,CB,6.4,8.24,1.0,<Residue PHE het=  resseq=27 icode= >,4hua_A_A,1.1
202,0.0,PHE, ,CG,6.23,7.48,1.0,<Residue PHE het=  resseq=27 icode= >,4hua_A_A,1.1
203,0.0,PHE, ,CD1,7.14,7.33,1.0,<Residue PHE het=  resseq=27 icode= >,4hua_A_A,1.1
204,0.0,PHE, ,CD2,6.77,7.12,1.0,<Residue PHE het=  resseq=27 icode= >,4hua_A_A,1.1
205,0.0,PHE, ,CE1,8.29,6.23,1.0,<Residue PHE het=  resseq=27 icode= >,4hua_A_A,1.1
206,0.0,PHE, ,CE2,7.17,7.65,1.0,<Residue PHE het=  resseq=27 icode= >,4hua_A_A,1.1
207,0.0,PHE, ,CZ,8.02,6.38,1.0,<Residue PHE het=  resseq=27 icode= >,4hua_A_A,1.1
208,0.0,TRP, ,N,6.57,9.46,1.0,<Residue TRP het=  resseq=28 icode= >,4hua_A_A,1.1
209,0.0,TRP, ,CA,6.92,7.33,1.0,<Residue TRP het=  resseq=28 icode= >,4hua_A_A,1.1
210,0.0,TRP, ,C,6.73,7.74,1.0,<Residue TRP het=  resseq=28 icode= >,4hua_A_A,1.1
211,0.0,TRP, ,O,7.13,10.81,1.0,<Residue TRP het=  resseq=28 icode= >,4hua_A_A,1.1
212,1.015,TRP, ,CB,7.34,7.38,1.0,<Residue TRP het=  resseq=28 icode= >,4hua_A_A,1.1
213,0.34,TRP, ,CG,7.22,7.00,1.0,<Residue TRP het=  resseq=28 icode= >,4hua_A_A,1.1
214,0.0,TRP, ,CD1,7.34,6.68,1.0,<Residue TRP het=  resseq=28 icode= >,4hua_A_A,1.1
215,1.614,TRP, ,CD2,8.05,6.24,1.0,<Residue TRP het=  resseq=28 icode= >,4hua_A_A,1.1
216,1.906,TRP, ,NE1,7.03,9.11,1.0,<Residue TRP het=  resseq=28 icode= >,4hua_A_A,1.1
217,0.101,TRP, ,CE2,8.35,6.59,1.0,<Residue TRP het=  resseq=28 icode= >,4hua_A_A,1.1
218,6.963,TRP, ,CE3,9.09,5.63,1.0,<Residue TRP het=  resseq=28 icode= >,4hua_A_A,1.1
219,19.904,TRP, ,CZ2,9.47,5.58,1.0,<Residue TRP het=  resseq=28 icode= >,4hua_A_A,1.1
220,7.174,TRP, ,CZ3,10.67,5.06,1.0,<Residue TRP het=  resseq=28 icode= >,4hua_A_A,1.1
221,24.381,TRP, ,CH2,11.29,4.58,1.0,<Residue TRP het=  resseq=28 icode= >,4hua_A_A,1.1
222,0.0,ALA, ,N,7.46,9.65,1.0,<Residue ALA het=  resseq=29 icode= >,4hua_A_A,1.1
223,0.0,ALA, ,CA,8.3,6.87,1.0,<Residue ALA het=  resseq=29 icode= >,4hua_A_A,1.1
224,0.0,ALA, ,C,9.26,5.76,1.0,<Residue ALA het=  resseq=29 icode= >,4hua_A_A,1.1
225,0.431,ALA, ,O,9.38,9.31,1.0,<Residue ALA het=  resseq=29 icode= >,4hua_A_A,1.1
226,0.0,ALA, ,CB,9.48,6.14,1.0,<Residue ALA het=  resseq=29 icode= >,4hua_A_A,1.1
227,0.238,GLU,x,N,10.34,6.88,0.53,<Residue GLU het=  resseq=30 icode= >,4hua_A_A,1.1
228,0.1,GLU,x,CA,12.15,4.89,0.53,<Residue GLU het=  resseq=30 icode= >,4hua_A_A,1.1
229,0.0,GLU,x,C,11.94,5.22,0.53,<Residue GLU het=  resseq=30 icode= >,4hua_A_A,1.1
230,6.004,GLU,x,O,13.12,6.17,0.53,<Residue GLU het=  resseq=30 icode= >,4hua_A_A,1.1
231,23.48,GLU,x,CB,14.57,4.64,0.53,<Residue GLU het=  resseq=30 icode= >,4hua_A_A,1.1
232,33.972,GLU,x,CG,16.53,1.59,0.53,<Residue GLU het=  resseq=30 icode= >,4hua_A_A,1.1
233,8.122,GLU,x,CD,18.58,1.96,0.53,<Residue GLU het=  resseq=30 icode= >,4hua_A_A,1.1
234,15.974,GLU,x,OE1,19.94,3.21,0.53,<Residue GLU het=  resseq=30 icode= >,4hua_A_A,1.1
235,25.297,GLU,x,OE2,19.67,2.06,0.53,<Residue GLU het=  resseq=30 icode= >,4hua_A_A,1.1
236,0.485,TRP, ,N,11.56,6.76,1.0,<Residue TRP het=  resseq=31 icode= >,4hua_A_A,1.1
237,11.083,TRP, ,CA,11.92,5.18,1.0,<Residue TRP het=  resseq=31 icode= >,4hua_A_A,1.1
238,1.75,TRP, ,C,11.83,4.68,1.0,<Residue TRP het=  resseq=31 icode= >,4hua_A_A,1.1
239,21.72,TRP, ,O,12.83,6.60,1.0,<Residue TRP het=  resseq=31 icode= >,4hua_A_A,1.1
240,31.323,TRP, ,CB,12.15,4.86,1.0,<Residue TRP het=  resseq=31 icode= >,4hua_A_A,1.1
241,2.101,TRP, ,CG,10.83,5.31,1.0,<Residue TRP het=  resseq=31 icode= >,4hua_A_A,1.1
242,17.706,TRP, ,CD1,10.66,5.64,1.0,<Residue TRP het=  resseq=31 icode= >,4hua_A_A,1.1
243,2.711,TRP, ,CD2,11.22,5.62,1.0,<Residue TRP het=  resseq=31 icode= >,4hua_A_A,1.1
244,6.142,TRP, ,NE1,11.45,6.25,1.0,<Residue TRP het=  resseq=31 icode= >,4hua_A_A,1.1
245,3.173,TRP, ,CE2,11.49,6.15,1.0,<Residue TRP het=  resseq=31 icode= >,4hua_A_A,1.1
246,12.267,TRP, ,CE3,12.08,5.11,1.0,<Residue TRP het=  resseq=31 icode= >,4hua_A_A,1.1
247,12.685,TRP, ,CZ2,12.32,5.03,1.0,<Residue TRP het=  resseq=31 icode= >,4hua_A_A,1.1
248,24.494,TRP, ,CZ3,12.68,5.63,1.0,<Residue TRP het=  resseq=31 icode= >,4hua_A_A,1.1
249,18.775,TRP, ,CH2,13.25,4.51,1.0,<Residue TRP het=  resseq=31 icode= >,4hua_A_A,1.1
250,0.0,CYS, ,N,10.18,6.40,1.0,<Residue CYS het=  resseq=32 icode= >,4hua_A_A,1.1
251,3.987,CYS, ,CA,10.12,5.85,1.0,<Residue CYS het=  resseq=32 icode= >,4hua_A_A,1.1
252,0.055,CYS, ,C,10.45,5.06,1.0,<Residue CYS het=  resseq=32 icode= >,4hua_A_A,1.1
253,0.0,CYS, ,O,11.68,7.08,1.0,<Residue CYS het=  resseq=32 icode= >,4hua_A_A,1.1
254,0.056,CYS, ,CB,9.06,6.23,1.0,<Residue CYS het=  resseq=32 icode= >,4hua_A_A,1.1
255,3.777,CYS, ,SG,9.98,11.91,1.0,<Residue CYS het=  resseq=32 icode= >,4hua_A_A,1.1
256,10.296,GLY, ,N,11.19,6.88,1.0,<Residue GLY het=  resseq=33 icode= >,4hua_A_A,1.1
257,35.979,GLY, ,CA,12.04,4.65,1.0,<Residue GLY het=  resseq=33 icode= >,4hua_A_A,1.1
258,4.481,GLY, ,C,11.44,5.96,1.0,<Residue GLY het=  resseq=33 icode= >,4hua_A_A,1.1
259,7.982,GLY, ,O,12.51,8.09,1.0,<Residue GLY het=  resseq=33 icode= >,4hua_A_A,1.1
260,5.714,ALA, ,N,11.53,5.83,1.0,<Residue ALA het=  resseq=34 icode= >,4hua_A_A,1.1
261,10.761,ALA, ,CA,11.64,5.15,1.0,<Residue ALA het=  resseq=34 icode= >,4hua_A_A,1.1
262,0.146,ALA, ,C,11.04,5.31,1.0,<Residue ALA het=  resseq=34 icode= >,4hua_A_A,1.1
263,0.282,ALA, ,O,11.02,8.37,1.0,<Residue ALA het=  resseq=34 icode= >,4hua_A_A,1.1
264,33.878,ALA, ,CB,11.94,4.27,1.0,<Residue ALA het=  resseq=34 icode= >,4hua_A_A,1.1
265,0.07,CYS, ,N,11.11,6.53,1.0,<Residue CYS het=  resseq=35 icode= >,4hua_A_A,1.1
266,0.32,CYS, ,CA,10.92,5.72,1.0,<Residue CYS het=  resseq=35 icode= >,4hua_A_A,1.1
267,0.74,CYS, ,C,11.73,5.10,1.0,<Residue CYS het=  resseq=35 icode= >,4hua_A_A,1.1
268,1.776,CYS, ,O,11.15,7.58,1.0,<Residue CYS het=  resseq=35 icode= >,4hua_A_A,1.1
269,1.562,CYS, ,CB,10.61,5.03,1.0,<Residue CYS het=  resseq=35 icode= >,4hua_A_A,1.1
270,4.63,CYS, ,SG,10.08,11.91,1.0,<Residue CYS het=  resseq=35 icode= >,4hua_A_A,1.1
271,0.0,LYS, ,N,13.68,4.88,1.0,<Residue LYS het=  resseq=36 icode= >,4hua_A_A,1.1
272,0.76,LYS, ,CA,15.13,4.38,1.0,<Residue LYS het=  resseq=36 icode= >,4hua_A_A,1.1
273,1.734,LYS, ,C,15.69,4.34,1.0,<Residue LYS het=  resseq=36 icode= >,4hua_A_A,1.1
274,6.729,LYS, ,O,15.87,5.17,1.0,<Residue LYS het=  resseq=36 icode= >,4hua_A_A,1.1
275,24.02,LYS, ,CB,17.01,3.45,1.0,<Residue LYS het=  resseq=36 icode= >,4hua_A_A,1.1
276,11.74,LYS, ,CG,19.54,2.09,1.0,<Residue LYS het=  resseq=36 icode= >,4hua_A_A,1.1
277,20.766,LYS, ,CD,19.96,0.93,0.0,<Residue LYS het=  resseq=36 icode= >,4hua_A_A,1.1
278,30.68,LYS, ,CE,20.26,0.96,0.0,<Residue LYS het=  resseq=36 icode= >,4hua_A_A,1.1
279,6.803,LYS, ,NZ,20.42,1.44,0.0,<Residue LYS het=  resseq=36 icode= >,4hua_A_A,1.1
280,1.266,MET, ,N,16.46,4.22,1.0,<Residue MET het=  resseq=37 icode= >,4hua_A_A,1.1
281,1.599,MET, ,CA,16.48,3.34,1.0,<Residue MET het=  resseq=37 icode= >,4hua_A_A,1.1
282,0.0,MET, ,C,14.0,4.42,1.0,<Residue MET het=  resseq=37 icode= >,4hua_A_A,1.1
283,0.0,MET, ,O,14.46,5.37,1.0,<Residue MET het=  resseq=37 icode= >,4hua_A_A,1.1
284,17.434,MET, ,CB,20.12,2.82,1.0,<Residue MET het=  resseq=37 icode= >,4hua_A_A,1.1
285,19.633,MET, ,CG,23.49,1.79,1.0,<Residue MET het=  resseq=37 icode= >,4hua_A_A,1.1
286,17.473,MET, ,SD,26.58,4.90,1.0,<Residue MET het=  resseq=37 icode= >,4hua_A_A,1.1
287,66.123,MET, ,CE,26.86,1.02,1.0,<Residue MET het=  resseq=37 icode= >,4hua_A_A,1.1
288,0.0,ILE,x,N,12.24,5.52,0.48,<Residue ILE het=  resseq=38 icode= >,4hua_A_A,1.1
289,0.0,ILE,x,CA,10.97,4.42,0.48,<Residue ILE het=  resseq=38 icode= >,4hua_A_A,1.1
290,0.0,ILE,x,C,11.36,5.38,0.48,<Residue ILE het=  resseq=38 icode= >,4hua_A_A,1.1
291,0.0,ILE,x,O,11.26,7.77,0.48,<Residue ILE het=  resseq=38 icode= >,4hua_A_A,1.1
292,0.142,ILE,x,CB,9.91,5.07,0.48,<Residue ILE het=  resseq=38 icode= >,4hua_A_A,1.1
293,8.651,ILE,x,CG1,10.85,3.05,0.48,<Residue ILE het=  resseq=38 icode= >,4hua_A_A,1.1
294,2.324,ILE,x,CG2,10.97,2.24,0.48,<Residue ILE het=  resseq=38 icode= >,4hua_A_A,1.1
295,2.27,ILE,x,CD1,11.63,2.21,0.48,<Residue ILE het=  resseq=38 icode= >,4hua_A_A,1.1
296,0.0,ALA, ,N,11.75,6.02,1.0,<Residue ALA het=  resseq=39 icode= >,4hua_A_A,1.1
297,0.0,ALA, ,CA,12.61,4.56,1.0,<Residue ALA het=  resseq=39 icode= >,4hua_A_A,1.1
298,0.336,ALA, ,C,11.43,4.88,1.0,<Residue ALA het=  resseq=39 icode= >,4hua_A_A,1.1
299,0.093,ALA, ,O,10.84,8.10,1.0,<Residue ALA het=  resseq=39 icode= >,4hua_A_A,1.1
300,26.062,ALA, ,CB,14.67,3.52,1.0,<Residue ALA het=  resseq=39 icode= >,4hua_A_A,1.1
301,0.695,ALA, ,N,11.32,6.28,1.0,<Residue ALA het=  resseq=40 icode= >,4hua_A_A,1.1
302,5.97,ALA, ,CA,11.79,5.34,1.0,<Residue ALA het=  resseq=40 icode= >,4hua_A_A,1.1
303,1.324,ALA, ,C,10.31,6.40,1.0,<Residue ALA het=  resseq=40 icode= >,4hua_A_A,1.1
304,3.167,ALA, ,O,11.28,7.91,1.0,<Residue ALA het=  resseq=40 icode= >,4hua_A_A,1.1
305,42.804,ALA, ,CB,13.17,3.45,1.0,<Residue ALA het=  resseq=40 icode= >,4hua_A_A,1.1
306,0.077,ILE, ,N,10.78,6.21,1.0,<Residue ILE het=  resseq=41 icode= >,4hua_A_A,1.1
307,0.833,ILE, ,CA,9.92,5.03,1.0,<Residue ILE het=  resseq=41 icode= >,4hua_A_A,1.1
308,0.0,ILE, ,C,7.95,6.53,1.0,<Residue ILE het=  resseq=41 icode= >,4hua_A_A,1.1
309,0.0,ILE, ,O,8.53,10.33,1.0,<Residue ILE het=  resseq=41 icode= >,4hua_A_A,1.1
310,0.0,ILE, ,CB,10.78,5.08,1.0,<Residue ILE het=  resseq=41 icode= >,4hua_A_A,1.1
311,9.038,ILE, ,CG1,12.54,4.67,1.0,<Residue ILE het=  resseq=41 icode= >,4hua_A_A,1.1
312,0.513,ILE, ,CG2,10.61,5.58,1.0,<Residue ILE het=  resseq=41 icode= >,4hua_A_A,1.1
313,5.687,ILE, ,CD1,13.74,3.82,1.0,<Residue ILE het=  resseq=41 icode= >,4hua_A_A,1.1
314,0.0,LEU, ,N,7.9,9.25,1.0,<Residue LEU het=  resseq=42 icode= >,4hua_A_A,1.1
315,0.0,LEU, ,CA,8.28,6.33,1.0,<Residue LEU het=  resseq=42 icode= >,4hua_A_A,1.1
316,0.0,LEU, ,C,8.23,6.86,1.0,<Residue LEU het=  resseq=42 icode= >,4hua_A_A,1.1
317,0.0,LEU, ,O,7.8,10.01,1.0,<Residue LEU het=  resseq=42 icode= >,4hua_A_A,1.1
318,0.001,LEU, ,CB,10.01,5.43,1.0,<Residue LEU het=  resseq=42 icode= >,4hua_A_A,1.1
319,0.0,LEU, ,CG,11.83,5.59,1.0,<Residue LEU het=  resseq=42 icode= >,4hua_A_A,1.1
320,0.0,LEU, ,CD1,14.38,4.13,1.0,<Residue LEU het=  resseq=42 icode= >,4hua_A_A,1.1
321,0.0,LEU, ,CD2,12.92,4.55,1.0,<Residue LEU het=  resseq=42 icode= >,4hua_A_A,1.1
322,0.0,ASP, ,N,8.11,7.94,1.0,<Residue ASP het=  resseq=43 icode= >,4hua_A_A,1.1
323,1.18,ASP, ,CA,10.0,6.56,1.0,<Residue ASP het=  resseq=43 icode= >,4hua_A_A,1.1
324,1.165,ASP, ,C,9.64,6.34,1.0,<Residue ASP het=  resseq=43 icode= >,4hua_A_A,1.1
325,3.19,ASP, ,O,10.2,8.48,1.0,<Residue ASP het=  resseq=43 icode= >,4hua_A_A,1.1
326,20.353,ASP, ,CB,10.92,5.44,1.0,<Residue ASP het=  resseq=43 icode= >,4hua_A_A,1.1
327,2.438,ASP, ,CG,12.53,4.70,1.0,<Residue ASP het=  resseq=43 icode= >,4hua_A_A,1.1
328,1.704,ASP, ,OD1,14.04,6.25,1.0,<Residue ASP het=  resseq=43 icode= >,4hua_A_A,1.1
329,26.544,ASP, ,OD2,13.0,6.91,1.0,<Residue ASP het=  resseq=43 icode= >,4hua_A_A,1.1
330,0.0,GLU, ,N,8.47,8.27,1.0,<Residue GLU het=  resseq=44 icode= >,4hua_A_A,1.1
331,3.433,GLU, ,CA,8.62,6.50,1.0,<Residue GLU het=  resseq=44 icode= >,4hua_A_A,1.1
332,0.0,GLU, ,C,8.29,6.38,1.0,<Residue GLU het=  resseq=44 icode= >,4hua_A_A,1.1
333,0.0,GLU, ,O,8.43,9.67,1.0,<Residue GLU het=  resseq=44 icode= >,4hua_A_A,1.1
334,0.508,GLU, ,CB,10.12,6.41,1.0,<Residue GLU het=  resseq=44 icode= >,4hua_A_A,1.1
335,20.175,GLU, ,CG,12.5,5.12,1.0,<Residue GLU het=  resseq=44 icode= >,4hua_A_A,1.1
336,10.838,GLU, ,CD,15.55,3.77,1.0,<Residue GLU het=  resseq=44 icode= >,4hua_A_A,1.1
337,9.752,GLU, ,OE1,14.92,5.96,1.0,<Residue GLU het=  resseq=44 icode= >,4hua_A_A,1.1
338,41.876,GLU, ,OE2,19.15,3.24,1.0,<Residue GLU het=  resseq=44 icode= >,4hua_A_A,1.1
339,0.0,ILE, ,N,7.66,9.15,1.0,<Residue ILE het=  resseq=45 icode= >,4hua_A_A,1.1
340,0.0,ILE, ,CA,8.17,6.52,1.0,<Residue ILE het=  resseq=45 icode= >,4hua_A_A,1.1
341,0.0,ILE, ,C,6.84,7.07,1.0,<Residue ILE het=  resseq=45 icode= >,4hua_A_A,1.1
342,0.0,ILE, ,O,8.13,9.42,1.0,<Residue ILE het=  resseq=45 icode= >,4hua_A_A,1.1
343,0.0,ILE, ,CB,9.21,5.83,1.0,<Residue ILE het=  resseq=45 icode= >,4hua_A_A,1.1
344,0.0,ILE, ,CG1,11.46,4.45,1.0,<Residue ILE het=  resseq=45 icode= >,4hua_A_A,1.1
345,0.0,ILE, ,CG2,9.94,5.44,1.0,<Residue ILE het=  resseq=45 icode= >,4hua_A_A,1.1
346,0.0,ILE, ,CD1,13.65,3.93,1.0,<Residue ILE het=  resseq=45 icode= >,4hua_A_A,1.1
347,0.0,ALA, ,N,7.2,9.21,1.0,<Residue ALA het=  resseq=46 icode= >,4hua_A_A,1.1
348,0.555,ALA, ,CA,7.54,6.92,1.0,<Residue ALA het=  resseq=46 icode= >,4hua_A_A,1.1
349,0.0,ALA, ,C,7.41,7.17,1.0,<Residue ALA het=  resseq=46 icode= >,4hua_A_A,1.1
350,2.194,ALA, ,O,9.47,8.93,1.0,<Residue ALA het=  resseq=46 icode= >,4hua_A_A,1.1
351,1.738,ALA, ,CB,7.87,7.66,1.0,<Residue ALA het=  resseq=46 icode= >,4hua_A_A,1.1
352,0.0,ASP, ,N,7.6,9.25,1.0,<Residue ASP het=  resseq=47 icode= >,4hua_A_A,1.1
353,0.0,ASP, ,CA,7.96,7.34,1.0,<Residue ASP het=  resseq=47 icode= >,4hua_A_A,1.1
354,0.002,ASP, ,C,8.72,6.43,1.0,<Residue ASP het=  resseq=47 icode= >,4hua_A_A,1.1
355,5.812,ASP, ,O,9.41,8.66,1.0,<Residue ASP het=  resseq=47 icode= >,4hua_A_A,1.1
356,7.414,ASP, ,CB,8.25,6.24,1.0,<Residue ASP het=  resseq=47 icode= >,4hua_A_A,1.1
357,8.608,ASP, ,CG,8.81,6.82,1.0,<Residue ASP het=  resseq=47 icode= >,4hua_A_A,1.1
358,14.062,ASP, ,OD1,11.69,7.80,1.0,<Residue ASP het=  resseq=47 icode= >,4hua_A_A,1.1
359,33.217,ASP, ,OD2,10.1,7.74,1.0,<Residue ASP het=  resseq=47 icode= >,4hua_A_A,1.1
360,0.0,GLU, ,N,8.53,8.12,1.0,<Residue GLU het=  resseq=48 icode= >,4hua_A_A,1.1
361,7.851,GLU, ,CA,9.31,5.96,1.0,<Residue GLU het=  resseq=48 icode= >,4hua_A_A,1.1
362,0.0,GLU, ,C,10.11,5.27,1.0,<Residue GLU het=  resseq=48 icode= >,4hua_A_A,1.1
363,29.966,GLU, ,O,11.0,7.29,1.0,<Residue GLU het=  resseq=48 icode= >,4hua_A_A,1.1
364,8.057,GLU, ,CB,10.0,6.16,1.0,<Residue GLU het=  resseq=48 icode= >,4hua_A_A,1.1
365,20.344,GLU, ,CG,11.65,4.73,1.0,<Residue GLU het=  resseq=48 icode= >,4hua_A_A,1.1
366,7.794,GLU, ,CD,15.28,3.79,1.0,<Residue GLU het=  resseq=48 icode= >,4hua_A_A,1.1
367,6.82,GLU, ,OE1,18.42,3.87,1.0,<Residue GLU het=  resseq=48 icode= >,4hua_A_A,1.1
368,13.447,GLU, ,OE2,15.49,5.58,1.0,<Residue GLU het=  resseq=48 icode= >,4hua_A_A,1.1
369,0.0,TYR, ,N,9.14,7.62,1.0,<Residue TYR het=  resseq=49 icode= >,4hua_A_A,1.1
370,0.777,TYR, ,CA,9.82,5.93,1.0,<Residue TYR het=  resseq=49 icode= >,4hua_A_A,1.1
371,0.032,TYR, ,C,10.26,6.20,1.0,<Residue TYR het=  resseq=49 icode= >,4hua_A_A,1.1
372,0.0,TYR, ,O,10.04,8.48,1.0,<Residue TYR het=  resseq=49 icode= >,4hua_A_A,1.1
373,0.0,TYR, ,CB,10.78,4.98,1.0,<Residue TYR het=  resseq=49 icode= >,4hua_A_A,1.1
374,0.573,TYR, ,CG,11.59,4.55,1.0,<Residue TYR het=  resseq=49 icode= >,4hua_A_A,1.1
375,0.652,TYR, ,CD1,11.97,4.57,1.0,<Residue TYR het=  resseq=49 icode= >,4hua_A_A,1.1
376,5.955,TYR, ,CD2,13.45,3.46,1.0,<Residue TYR het=  resseq=49 icode= >,4hua_A_A,1.1
377,2.985,TYR, ,CE1,12.6,4.68,1.0,<Residue TYR het=  resseq=49 icode= >,4hua_A_A,1.1
378,17.206,TYR, ,CE2,14.55,3.36,1.0,<Residue TYR het=  resseq=49 icode= >,4hua_A_A,1.1
379,3.81,TYR, ,CZ,14.15,3.98,1.0,<Residue TYR het=  resseq=49 icode= >,4hua_A_A,1.1
380,7.289,TYR, ,OH,15.08,4.74,1.0,<Residue TYR het=  resseq=49 icode= >,4hua_A_A,1.1
381,0.091,GLN, ,N,11.2,6.88,1.0,<Residue GLN het=  resseq=50 icode= >,4hua_A_A,1.1
382,2.636,GLN, ,CA,15.05,3.76,1.0,<Residue GLN het=  resseq=50 icode= >,4hua_A_A,1.1
383,1.04,GLN, ,C,15.14,5.05,1.0,<Residue GLN het=  resseq=50 icode= >,4hua_A_A,1.1
384,18.899,GLN, ,O,16.18,5.10,1.0,<Residue GLN het=  resseq=50 icode= >,4hua_A_A,1.1
385,19.334,GLN, ,CB,18.41,2.60,1.0,<Residue GLN het=  resseq=50 icode= >,4hua_A_A,1.1
386,9.952,GLN, ,CG,20.26,2.14,1.0,<Residue GLN het=  resseq=50 icode= >,4hua_A_A,1.1
387,2.077,GLN, ,CD,20.65,1.17,1.0,<Residue GLN het=  resseq=50 icode= >,4hua_A_A,1.1
388,32.753,GLN, ,OE1,21.46,3.58,1.0,<Residue GLN het=  resseq=50 icode= >,4hua_A_A,1.1
389,20.259,GLN, ,NE2,19.12,3.84,1.0,<Residue GLN het=  resseq=50 icode= >,4hua_A_A,1.1
390,11.019,GLY, ,N,15.7,4.74,1.0,<Residue GLY het=  resseq=51 icode= >,4hua_A_A,1.1
391,40.707,GLY, ,CA,16.09,3.10,1.0,<Residue GLY het=  resseq=51 icode= >,4hua_A_A,1.1
392,4.692,GLY, ,C,15.44,4.41,1.0,<Residue GLY het=  resseq=51 icode= >,4hua_A_A,1.1
393,32.093,GLY, ,O,17.37,4.85,1.0,<Residue GLY het=  resseq=51 icode= >,4hua_A_A,1.1
394,0.0,LYS, ,N,14.03,5.82,1.0,<Residue LYS het=  resseq=52 icode= >,4hua_A_A,1.1
395,7.099,LYS, ,CA,14.6,4.34,1.0,<Residue LYS het=  resseq=52 icode= >,4hua_A_A,1.1
396,4.343,LYS, ,C,11.52,5.68,1.0,<Residue LYS het=  resseq=52 icode= >,4hua_A_A,1.1
397,16.236,LYS, ,O,12.75,6.75,1.0,<Residue LYS het=  resseq=52 icode= >,4hua_A_A,1.1
398,5.386,LYS, ,CB,16.97,3.59,1.0,<Residue LYS het=  resseq=52 icode= >,4hua_A_A,1.1
399,19.119,LYS, ,CG,19.61,2.02,1.0,<Residue LYS het=  resseq=52 icode= >,4hua_A_A,1.1
400,30.46,LYS, ,CD,19.44,0.56,0.0,<Residue LYS het=  resseq=52 icode= >,4hua_A_A,1.1
401,27.16,LYS, ,CE,19.32,-0.43,0.0,<Residue LYS het=  resseq=52 icode= >,4hua_A_A,1.1
402,44.051,LYS, ,NZ,19.27,-0.44,0.0,<Residue LYS het=  resseq=52 icode= >,4hua_A_A,1.1
403,1.063,LEU, ,N,9.92,7.81,1.0,<Residue LEU het=  resseq=53 icode= >,4hua_A_A,1.1
404,0.83,LEU, ,CA,9.4,6.20,1.0,<Residue LEU het=  resseq=53 icode= >,4hua_A_A,1.1
405,2.395,LEU, ,C,9.18,5.93,1.0,<Residue LEU het=  resseq=53 icode= >,4hua_A_A,1.1
406,5.974,LEU, ,O,12.09,6.89,1.0,<Residue LEU het=  resseq=53 icode= >,4hua_A_A,1.1
407,2.825,LEU, ,CB,9.99,5.98,1.0,<Residue LEU het=  resseq=53 icode= >,4hua_A_A,1.1
408,0.0,LEU, ,CG,10.3,5.70,1.0,<Residue LEU het=  resseq=53 icode= >,4hua_A_A,1.1
409,3.44,LEU, ,CD1,10.72,5.11,1.0,<Residue LEU het=  resseq=53 icode= >,4hua_A_A,1.1
410,0.649,LEU, ,CD2,11.61,4.91,1.0,<Residue LEU het=  resseq=53 icode= >,4hua_A_A,1.1
411,0.0,THR, ,N,8.14,8.49,1.0,<Residue THR het=  resseq=54 icode= >,4hua_A_A,1.1
412,4.189,THR, ,CA,9.06,6.09,1.0,<Residue THR het=  resseq=54 icode= >,4hua_A_A,1.1
413,0.0,THR, ,C,7.58,6.54,1.0,<Residue THR het=  resseq=54 icode= >,4hua_A_A,1.1
414,0.0,THR, ,O,9.2,9.59,1.0,<Residue THR het=  resseq=54 icode= >,4hua_A_A,1.1
415,3.34,THR, ,CB,11.5,5.19,1.0,<Residue THR het=  resseq=54 icode= >,4hua_A_A,1.1
416,33.26,THR, ,OG1,13.07,6.18,1.0,<Residue THR het=  resseq=54 icode= >,4hua_A_A,1.1
417,17.108,THR, ,CG2,13.04,4.28,1.0,<Residue THR het=  resseq=54 icode= >,4hua_A_A,1.1
418,0.931,VAL, ,N,7.51,8.04,1.0,<Residue VAL het=  resseq=55 icode= >,4hua_A_A,1.1
419,0.0,VAL, ,CA,6.8,7.02,1.0,<Residue VAL het=  resseq=55 icode= >,4hua_A_A,1.1
420,0.0,VAL, ,C,5.74,7.52,1.0,<Residue VAL het=  resseq=55 icode= >,4hua_A_A,1.1
421,0.0,VAL, ,O,7.43,10.15,1.0,<Residue VAL het=  resseq=55 icode= >,4hua_A_A,1.1
422,0.0,VAL, ,CB,8.04,6.23,1.0,<Residue VAL het=  resseq=55 icode= >,4hua_A_A,1.1
423,0.001,VAL, ,CG1,9.36,5.67,1.0,<Residue VAL het=  resseq=55 icode= >,4hua_A_A,1.1
424,0.0,VAL, ,CG2,9.2,5.74,1.0,<Residue VAL het=  resseq=55 icode= >,4hua_A_A,1.1
425,0.0,ALA, ,N,6.04,9.45,1.0,<Residue ALA het=  resseq=56 icode= >,4hua_A_A,1.1
426,0.0,ALA, ,CA,5.02,9.49,1.0,<Residue ALA het=  resseq=56 icode= >,4hua_A_A,1.1
427,0.0,ALA, ,C,5.26,8.11,1.0,<Residue ALA het=  resseq=56 icode= >,4hua_A_A,1.1
428,0.0,ALA, ,O,6.03,11.38,1.0,<Residue ALA het=  resseq=56 icode= >,4hua_A_A,1.1
429,0.0,ALA, ,CB,6.53,8.90,1.0,<Residue ALA het=  resseq=56 icode= >,4hua_A_A,1.1
430,0.0,LYS, ,N,5.49,10.62,1.0,<Residue LYS het=  resseq=57 icode= >,4hua_A_A,1.1
431,0.0,LYS, ,CA,5.71,9.15,1.0,<Residue LYS het=  resseq=57 icode= >,4hua_A_A,1.1
432,0.266,LYS, ,C,5.54,7.94,1.0,<Residue LYS het=  resseq=57 icode= >,4hua_A_A,1.1
433,0.625,LYS, ,O,6.16,11.06,1.0,<Residue LYS het=  resseq=57 icode= >,4hua_A_A,1.1
434,3.284,LYS, ,CB,6.84,6.73,1.0,<Residue LYS het=  resseq=57 icode= >,4hua_A_A,1.1
435,0.0,LYS, ,CG,8.52,6.51,1.0,<Residue LYS het=  resseq=57 icode= >,4hua_A_A,1.1
436,11.03,LYS, ,CD,11.66,4.94,1.0,<Residue LYS het=  resseq=57 icode= >,4hua_A_A,1.1
437,1.382,LYS, ,CE,14.29,3.08,1.0,<Residue LYS het=  resseq=57 icode= >,4hua_A_A,1.1
438,22.654,LYS, ,NZ,17.11,3.22,1.0,<Residue LYS het=  resseq=57 icode= >,4hua_A_A,1.1
439,0.0,LEU, ,N,4.97,10.86,1.0,<Residue LEU het=  resseq=58 icode= >,4hua_A_A,1.1
440,0.0,LEU, ,CA,5.82,8.16,1.0,<Residue LEU het=  resseq=58 icode= >,4hua_A_A,1.1
441,0.0,LEU, ,C,5.85,8.09,1.0,<Residue LEU het=  resseq=58 icode= >,4hua_A_A,1.1
442,0.0,LEU, ,O,5.98,11.31,1.0,<Residue LEU het=  resseq=58 icode= >,4hua_A_A,1.1
443,0.0,LEU, ,CB,6.4,7.49,1.0,<Residue LEU het=  resseq=58 icode= >,4hua_A_A,1.1
444,0.0,LEU, ,CG,7.61,6.86,1.0,<Residue LEU het=  resseq=58 icode= >,4hua_A_A,1.1
445,0.0,LEU, ,CD1,7.65,7.19,1.0,<Residue LEU het=  resseq=58 icode= >,4hua_A_A,1.1
446,0.0,LEU, ,CD2,7.82,7.62,1.0,<Residue LEU het=  resseq=58 icode= >,4hua_A_A,1.1
447,1.304,ASN, ,N,6.14,10.01,1.0,<Residue ASN het=  resseq=59 icode= >,4hua_A_A,1.1
448,0.0,ASN, ,CA,6.43,7.83,1.0,<Residue ASN het=  resseq=59 icode= >,4hua_A_A,1.1
449,0.0,ASN, ,C,6.79,7.28,1.0,<Residue ASN het=  resseq=59 icode= >,4hua_A_A,1.1
450,0.0,ASN, ,O,7.12,10.64,1.0,<Residue ASN het=  resseq=59 icode= >,4hua_A_A,1.1
451,1.243,ASN, ,CB,7.69,7.10,1.0,<Residue ASN het=  resseq=59 icode= >,4hua_A_A,1.1
452,0.0,ASN, ,CG,8.23,6.80,1.0,<Residue ASN het=  resseq=59 icode= >,4hua_A_A,1.1
453,0.0,ASN, ,OD1,9.4,8.55,1.0,<Residue ASN het=  resseq=59 icode= >,4hua_A_A,1.1
454,3.92,ASN, ,ND2,9.68,7.86,1.0,<Residue ASN het=  resseq=59 icode= >,4hua_A_A,1.1
455,0.0,ILE, ,N,7.41,8.12,1.0,<Residue ILE het=  resseq=60 icode= >,4hua_A_A,1.1
456,0.0,ILE, ,CA,7.56,7.02,1.0,<Residue ILE het=  resseq=60 icode= >,4hua_A_A,1.1
457,0.28,ILE, ,C,8.28,6.42,1.0,<Residue ILE het=  resseq=60 icode= >,4hua_A_A,1.1
458,4.877,ILE, ,O,9.29,8.52,1.0,<Residue ILE het=  resseq=60 icode= >,4hua_A_A,1.1
459,0.495,ILE, ,CB,7.84,7.23,1.0,<Residue ILE het=  resseq=60 icode= >,4hua_A_A,1.1
460,0.081,ILE, ,CG1,8.63,7.00,1.0,<Residue ILE het=  resseq=60 icode= >,4hua_A_A,1.1
461,0.0,ILE, ,CG2,7.88,6.42,1.0,<Residue ILE het=  resseq=60 icode= >,4hua_A_A,1.1
462,25.604,ILE, ,CD1,10.62,4.89,1.0,<Residue ILE het=  resseq=60 icode= >,4hua_A_A,1.1
463,0.0,ASP, ,N,8.4,8.18,1.0,<Residue ASP het=  resseq=61 icode= >,4hua_A_A,1.1
464,7.28,ASP, ,CA,9.54,6.23,1.0,<Residue ASP het=  resseq=61 icode= >,4hua_A_A,1.1
465,0.425,ASP, ,C,10.0,5.91,1.0,<Residue ASP het=  resseq=61 icode= >,4hua_A_A,1.1
466,25.384,ASP, ,O,11.14,7.35,1.0,<Residue ASP het=  resseq=61 icode= >,4hua_A_A,1.1
467,16.025,ASP, ,CB,10.67,5.85,1.0,<Residue ASP het=  resseq=61 icode= >,4hua_A_A,1.1
468,7.017,ASP, ,CG,12.56,5.27,1.0,<Residue ASP het=  resseq=61 icode= >,4hua_A_A,1.1
469,11.425,ASP, ,OD1,13.71,7.19,1.0,<Residue ASP het=  resseq=61 icode= >,4hua_A_A,1.1
470,14.337,ASP, ,OD2,14.05,6.33,1.0,<Residue ASP het=  resseq=61 icode= >,4hua_A_A,1.1
471,0.0,GLN, ,N,9.16,8.17,1.0,<Residue GLN het=  resseq=62 icode= >,4hua_A_A,1.1
472,6.935,GLN, ,CA,8.9,6.87,1.0,<Residue GLN het=  resseq=62 icode= >,4hua_A_A,1.1
473,1.949,GLN, ,C,8.42,6.37,1.0,<Residue GLN het=  resseq=62 icode= >,4hua_A_A,1.1
474,25.526,GLN, ,O,9.07,9.76,1.0,<Residue GLN het=  resseq=62 icode= >,4hua_A_A,1.1
475,10.359,GLN, ,CB,10.53,5.81,1.0,<Residue GLN het=  resseq=62 icode= >,4hua_A_A,1.1
476,22.282,GLN, ,CG,12.88,4.34,1.0,<Residue GLN het=  resseq=62 icode= >,4hua_A_A,1.1
477,5.584,GLN, ,CD,15.18,3.86,1.0,<Residue GLN het=  resseq=62 icode= >,4hua_A_A,1.1
478,15.122,GLN, ,OE1,14.57,6.24,1.0,<Residue GLN het=  resseq=62 icode= >,4hua_A_A,1.1
479,43.359,GLN, ,NE2,18.29,2.70,1.0,<Residue GLN het=  resseq=62 icode= >,4hua_A_A,1.1
480,0.0,ASN, ,N,8.35,8.19,1.0,<Residue ASN het=  resseq=63 icode= >,4hua_A_A,1.1
481,1.278,ASN, ,CA,8.07,6.85,1.0,<Residue ASN het=  resseq=63 icode= >,4hua_A_A,1.1
482,0.0,ASN, ,C,8.96,6.39,1.0,<Residue ASN het=  resseq=63 icode= >,4hua_A_A,1.1
483,0.0,ASN, ,O,8.44,9.72,1.0,<Residue ASN het=  resseq=63 icode= >,4hua_A_A,1.1
484,0.0,ASN, ,CB,7.84,7.34,1.0,<Residue ASN het=  resseq=63 icode= >,4hua_A_A,1.1
485,0.0,ASN, ,CG,6.73,7.82,1.0,<Residue ASN het=  resseq=63 icode= >,4hua_A_A,1.1
486,5.922,ASN, ,OD1,6.77,11.17,1.0,<Residue ASN het=  resseq=63 icode= >,4hua_A_A,1.1
487,2.43,ASN, ,ND2,7.5,9.14,1.0,<Residue ASN het=  resseq=63 icode= >,4hua_A_A,1.1
488,4.17,ALA, ,N,10.97,6.45,1.0,<Residue ALA het=  resseq=64 icode= >,4hua_A_A,1.1
489,0.394,ALA, ,CA,12.04,5.46,1.0,<Residue ALA het=  resseq=64 icode= >,4hua_A_A,1.1
490,1.122,ALA, ,C,11.58,5.23,1.0,<Residue ALA het=  resseq=64 icode= >,4hua_A_A,1.1
491,1.837,ALA, ,O,12.71,6.20,1.0,<Residue ALA het=  resseq=64 icode= >,4hua_A_A,1.1
492,57.439,ALA, ,CB,14.75,3.29,1.0,<Residue ALA het=  resseq=64 icode= >,4hua_A_A,1.1
493,5.271,GLY, ,N,11.31,6.72,1.0,<Residue GLY het=  resseq=65 icode= >,4hua_A_A,1.1
494,29.74,GLY, ,CA,11.95,4.58,1.0,<Residue GLY het=  resseq=65 icode= >,4hua_A_A,1.1
495,4.329,GLY, ,C,10.75,6.07,1.0,<Residue GLY het=  resseq=65 icode= >,4hua_A_A,1.1
496,4.912,GLY, ,O,11.04,8.72,1.0,<Residue GLY het=  resseq=65 icode= >,4hua_A_A,1.1
497,0.199,THR, ,N,11.09,6.19,1.0,<Residue THR het=  resseq=66 icode= >,4hua_A_A,1.1
498,2.074,THR, ,CA,10.3,5.85,1.0,<Residue THR het=  resseq=66 icode= >,4hua_A_A,1.1
499,0.0,THR, ,C,9.25,6.67,1.0,<Residue THR het=  resseq=66 icode= >,4hua_A_A,1.1
500,0.0,THR, ,O,8.99,9.54,1.0,<Residue THR het=  resseq=66 icode= >,4hua_A_A,1.1
501,0.0,THR, ,CB,10.78,5.17,1.0,<Residue THR het=  resseq=66 icode= >,4hua_A_A,1.1
502,5.408,THR, ,OG1,11.74,8.15,1.0,<Residue THR het=  resseq=66 icode= >,4hua_A_A,1.1
503,1.058,THR, ,CG2,10.73,4.92,1.0,<Residue THR het=  resseq=66 icode= >,4hua_A_A,1.1
504,0.0,ALA, ,N,8.93,7.97,1.0,<Residue ALA het=  resseq=67 icode= >,4hua_A_A,1.1
505,0.0,ALA, ,CA,9.24,5.36,1.0,<Residue ALA het=  resseq=67 icode= >,4hua_A_A,1.1
506,0.74,ALA, ,C,9.3,5.82,1.0,<Residue ALA het=  resseq=67 icode= >,4hua_A_A,1.1
507,0.0,ALA, ,O,10.39,9.67,1.0,<Residue ALA het=  resseq=67 icode= >,4hua_A_A,1.1
508,10.804,ALA, ,CB,10.59,5.15,1.0,<Residue ALA het=  resseq=67 icode= >,4hua_A_A,1.1
509,0.432,ALA, ,N,9.37,7.49,1.0,<Residue ALA het=  resseq=68 icode= >,4hua_A_A,1.1
510,9.772,ALA, ,CA,10.09,6.18,1.0,<Residue ALA het=  resseq=68 icode= >,4hua_A_A,1.1
511,0.956,ALA, ,C,9.71,6.20,1.0,<Residue ALA het=  resseq=68 icode= >,4hua_A_A,1.1
512,15.728,ALA, ,O,10.65,7.65,1.0,<Residue ALA het=  resseq=68 icode= >,4hua_A_A,1.1
513,50.506,ALA, ,CB,11.65,4.04,1.0,<Residue ALA het=  resseq=68 icode= >,4hua_A_A,1.1
514,0.49,LYS, ,N,9.48,7.73,1.0,<Residue LYS het=  resseq=69 icode= >,4hua_A_A,1.1
515,11.321,LYS, ,CA,10.36,6.80,1.0,<Residue LYS het=  resseq=69 icode= >,4hua_A_A,1.1
516,0.0,LYS, ,C,9.79,5.48,1.0,<Residue LYS het=  resseq=69 icode= >,4hua_A_A,1.1
517,24.555,LYS, ,O,11.38,7.59,1.0,<Residue LYS het=  resseq=69 icode= >,4hua_A_A,1.1
518,6.587,LYS, ,CB,11.29,6.11,1.0,<Residue LYS het=  resseq=69 icode= >,4hua_A_A,1.1
519,13.031,LYS, ,CG,14.26,4.18,1.0,<Residue LYS het=  resseq=69 icode= >,4hua_A_A,1.1
520,23.245,LYS, ,CD,16.22,3.39,1.0,<Residue LYS het=  resseq=69 icode= >,4hua_A_A,1.1
521,29.676,LYS, ,CE,18.58,2.75,1.0,<Residue LYS het=  resseq=69 icode= >,4hua_A_A,1.1
522,31.793,LYS, ,NZ,20.84,2.25,1.0,<Residue LYS het=  resseq=69 icode= >,4hua_A_A,1.1
523,0.0,TYR, ,N,8.62,7.97,1.0,<Residue TYR het=  resseq=70 icode= >,4hua_A_A,1.1
524,3.375,TYR, ,CA,8.78,6.18,1.0,<Residue TYR het=  resseq=70 icode= >,4hua_A_A,1.1
525,3.402,TYR, ,C,8.83,6.26,1.0,<Residue TYR het=  resseq=70 icode= >,4hua_A_A,1.1
526,17.689,TYR, ,O,10.41,7.55,1.0,<Residue TYR het=  resseq=70 icode= >,4hua_A_A,1.1
527,0.248,TYR, ,CB,10.01,6.06,1.0,<Residue TYR het=  resseq=70 icode= >,4hua_A_A,1.1
528,0.0,TYR, ,CG,10.47,5.99,1.0,<Residue TYR het=  resseq=70 icode= >,4hua_A_A,1.1
529,7.227,TYR, ,CD1,11.92,5.21,1.0,<Residue TYR het=  resseq=70 icode= >,4hua_A_A,1.1
530,0.0,TYR, ,CD2,11.51,5.76,1.0,<Residue TYR het=  resseq=70 icode= >,4hua_A_A,1.1
531,13.138,TYR, ,CE1,12.77,4.62,1.0,<Residue TYR het=  resseq=70 icode= >,4hua_A_A,1.1
532,0.546,TYR, ,CE2,13.5,4.07,1.0,<Residue TYR het=  resseq=70 icode= >,4hua_A_A,1.1
533,0.0,TYR, ,CZ,13.51,4.87,1.0,<Residue TYR het=  resseq=70 icode= >,4hua_A_A,1.1
534,2.142,TYR, ,OH,16.33,4.79,1.0,<Residue TYR het=  resseq=70 icode= >,4hua_A_A,1.1
535,0.735,GLY, ,N,8.77,7.87,1.0,<Residue GLY het=  resseq=71 icode= >,4hua_A_A,1.1
536,34.848,GLY, ,CA,9.27,5.42,1.0,<Residue GLY het=  resseq=71 icode= >,4hua_A_A,1.1
537,0.715,GLY, ,C,8.76,5.82,1.0,<Residue GLY het=  resseq=71 icode= >,4hua_A_A,1.1
538,15.734,GLY, ,O,10.39,8.31,1.0,<Residue GLY het=  resseq=71 icode= >,4hua_A_A,1.1
539,0.0,ILE, ,N,8.0,8.07,1.0,<Residue ILE het=  resseq=72 icode= >,4hua_A_A,1.1
540,1.855,ILE, ,CA,8.9,7.29,1.0,<Residue ILE het=  resseq=72 icode= >,4hua_A_A,1.1
541,0.0,ILE, ,C,10.4,5.78,1.0,<Residue ILE het=  resseq=72 icode= >,4hua_A_A,1.1
542,22.807,ILE, ,O,12.35,6.63,1.0,<Residue ILE het=  resseq=72 icode= >,4hua_A_A,1.1
543,0.071,ILE, ,CB,9.95,5.33,1.0,<Residue ILE het=  resseq=72 icode= >,4hua_A_A,1.1
544,0.0,ILE, ,CG1,10.79,5.90,1.0,<Residue ILE het=  resseq=72 icode= >,4hua_A_A,1.1
545,1.721,ILE, ,CG2,11.92,4.74,1.0,<Residue ILE het=  resseq=72 icode= >,4hua_A_A,1.1
546,2.375,ILE, ,CD1,11.75,5.27,1.0,<Residue ILE het=  resseq=72 icode= >,4hua_A_A,1.1
547,3.414,ARG, ,N,11.16,7.17,1.0,<Residue ARG het=  resseq=73 icode= >,4hua_A_A,1.1
548,4.838,ARG, ,CA,13.41,5.05,1.0,<Residue ARG het=  resseq=73 icode= >,4hua_A_A,1.1
549,4.506,ARG, ,C,14.81,4.04,1.0,<Residue ARG het=  resseq=73 icode= >,4hua_A_A,1.1
550,32.053,ARG, ,O,16.8,4.07,1.0,<Residue ARG het=  resseq=73 icode= >,4hua_A_A,1.1
551,17.182,ARG, ,CB,16.87,3.58,1.0,<Residue ARG het=  resseq=73 icode= >,4hua_A_A,1.1
552,17.234,ARG, ,CG,21.25,1.29,1.0,<Residue ARG het=  resseq=73 icode= >,4hua_A_A,1.1
553,32.27,ARG, ,CD,22.58,0.65,0.0,<Residue ARG het=  resseq=73 icode= >,4hua_A_A,1.1
554,10.184,ARG, ,NE,23.75,1.21,0.0,<Residue ARG het=  resseq=73 icode= >,4hua_A_A,1.1
555,8.961,ARG, ,CZ,24.69,-0.09,0.0,<Residue ARG het=  resseq=73 icode= >,4hua_A_A,1.1
556,59.103,ARG, ,NH1,25.01,0.19,0.0,<Residue ARG het=  resseq=73 icode= >,4hua_A_A,1.1
557,50.646,ARG, ,NH2,25.02,0.08,0.0,<Residue ARG het=  resseq=73 icode= >,4hua_A_A,1.1
558,0.867,GLY, ,N,14.05,5.27,1.0,<Residue GLY het=  resseq=74 icode= >,4hua_A_A,1.1
559,29.219,GLY, ,CA,13.47,3.81,1.0,<Residue GLY het=  resseq=74 icode= >,4hua_A_A,1.1
560,0.644,GLY, ,C,11.1,4.67,1.0,<Residue GLY het=  resseq=74 icode= >,4hua_A_A,1.1
561,0.0,GLY, ,O,11.12,8.43,1.0,<Residue GLY het=  resseq=74 icode= >,4hua_A_A,1.1
562,3.521,ILE, ,N,8.83,7.95,1.0,<Residue ILE het=  resseq=75 icode= >,4hua_A_A,1.1
563,0.0,ILE, ,CA,7.77,7.85,1.0,<Residue ILE het=  resseq=75 icode= >,4hua_A_A,1.1
564,6.627,ILE, ,C,6.87,6.46,1.0,<Residue ILE het=  resseq=75 icode= >,4hua_A_A,1.1
565,24.207,ILE, ,O,7.62,10.42,1.0,<Residue ILE het=  resseq=75 icode= >,4hua_A_A,1.1
566,0.0,ILE, ,CB,7.98,6.80,1.0,<Residue ILE het=  resseq=75 icode= >,4hua_A_A,1.1
567,1.039,ILE, ,CG1,8.79,6.18,1.0,<Residue ILE het=  resseq=75 icode= >,4hua_A_A,1.1
568,0.0,ILE, ,CG2,9.88,5.55,1.0,<Residue ILE het=  resseq=75 icode= >,4hua_A_A,1.1
569,0.0,ILE, ,CD1,10.34,5.12,1.0,<Residue ILE het=  resseq=75 icode= >,4hua_A_A,1.1
570,8.729,THR, ,N,6.42,8.65,1.0,<Residue THR het=  resseq=77 icode= >,4hua_A_A,1.1
571,0.779,THR, ,CA,6.28,7.19,1.0,<Residue THR het=  resseq=77 icode= >,4hua_A_A,1.1
572,0.0,THR, ,C,5.93,8.37,1.0,<Residue THR het=  resseq=77 icode= >,4hua_A_A,1.1
573,0.0,THR, ,O,6.38,11.32,1.0,<Residue THR het=  resseq=77 icode= >,4hua_A_A,1.1
574,0.0,THR, ,CB,6.9,6.92,1.0,<Residue THR het=  resseq=77 icode= >,4hua_A_A,1.1
575,0.909,THR, ,OG1,7.31,10.92,1.0,<Residue THR het=  resseq=77 icode= >,4hua_A_A,1.1
576,2.234,THR, ,CG2,7.39,6.67,1.0,<Residue THR het=  resseq=77 icode= >,4hua_A_A,1.1
577,0.0,LEU, ,N,5.45,10.22,1.0,<Residue LEU het=  resseq=78 icode= >,4hua_A_A,1.1
578,0.0,LEU, ,CA,5.49,9.08,1.0,<Residue LEU het=  resseq=78 icode= >,4hua_A_A,1.1
579,0.0,LEU, ,C,5.79,7.63,1.0,<Residue LEU het=  resseq=78 icode= >,4hua_A_A,1.1
580,0.0,LEU, ,O,6.67,11.53,1.0,<Residue LEU het=  resseq=78 icode= >,4hua_A_A,1.1
581,0.0,LEU, ,CB,6.6,7.92,1.0,<Residue LEU het=  resseq=78 icode= >,4hua_A_A,1.1
582,4.149,LEU, ,CG,8.24,6.66,1.0,<Residue LEU het=  resseq=78 icode= >,4hua_A_A,1.1
583,0.283,LEU, ,CD1,10.53,5.42,1.0,<Residue LEU het=  resseq=78 icode= >,4hua_A_A,1.1
584,0.654,LEU, ,CD2,10.94,5.30,1.0,<Residue LEU het=  resseq=78 icode= >,4hua_A_A,1.1
585,0.0,LEU, ,N,5.22,10.93,1.0,<Residue LEU het=  resseq=79 icode= >,4hua_A_A,1.1
586,0.0,LEU,x,CA,5.0,7.87,0.4,<Residue LEU het=  resseq=79 icode= >,4hua_A_A,1.1
587,0.0,LEU, ,C,5.26,9.52,1.0,<Residue LEU het=  resseq=79 icode= >,4hua_A_A,1.1
588,0.0,LEU, ,O,7.68,10.93,1.0,<Residue LEU het=  resseq=79 icode= >,4hua_A_A,1.1
589,0.0,LEU,x,CB,5.38,6.45,0.4,<Residue LEU het=  resseq=79 icode= >,4hua_A_A,1.1
590,0.32,LEU,x,CG,4.88,4.55,0.4,<Residue LEU het=  resseq=79 icode= >,4hua_A_A,1.1
591,2.7,LEU,x,CD1,3.53,4.11,0.4,<Residue LEU het=  resseq=79 icode= >,4hua_A_A,1.1
592,3.028,LEU,x,CD2,2.85,6.66,0.4,<Residue LEU het=  resseq=79 icode= >,4hua_A_A,1.1
593,0.0,LEU, ,N,5.37,10.76,1.0,<Residue LEU het=  resseq=80 icode= >,4hua_A_A,1.1
594,0.0,LEU, ,CA,6.24,8.37,1.0,<Residue LEU het=  resseq=80 icode= >,4hua_A_A,1.1
595,0.0,LEU, ,C,6.44,7.30,1.0,<Residue LEU het=  resseq=80 icode= >,4hua_A_A,1.1
596,0.0,LEU, ,O,7.91,10.37,1.0,<Residue LEU het=  resseq=80 icode= >,4hua_A_A,1.1
597,0.0,LEU, ,CB,7.03,7.40,1.0,<Residue LEU het=  resseq=80 icode= >,4hua_A_A,1.1
598,0.0,LEU, ,CG,6.85,7.39,1.0,<Residue LEU het=  resseq=80 icode= >,4hua_A_A,1.1
599,0.872,LEU, ,CD1,7.61,6.87,1.0,<Residue LEU het=  resseq=80 icode= >,4hua_A_A,1.1
600,4.149,LEU, ,CD2,8.83,6.57,1.0,<Residue LEU het=  resseq=80 icode= >,4hua_A_A,1.1
601,0.0,PHE, ,N,5.75,9.03,1.0,<Residue PHE het=  resseq=81 icode= >,4hua_A_A,1.1
602,0.0,PHE, ,CA,6.49,7.39,1.0,<Residue PHE het=  resseq=81 icode= >,4hua_A_A,1.1
603,0.015,PHE, ,C,8.2,7.43,1.0,<Residue PHE het=  resseq=81 icode= >,4hua_A_A,1.1
604,0.0,PHE, ,O,9.38,9.11,1.0,<Residue PHE het=  resseq=81 icode= >,4hua_A_A,1.1
605,0.231,PHE, ,CB,6.76,6.89,1.0,<Residue PHE het=  resseq=81 icode= >,4hua_A_A,1.1
606,0.0,PHE, ,CG,5.99,8.65,1.0,<Residue PHE het=  resseq=81 icode= >,4hua_A_A,1.1
607,0.0,PHE, ,CD1,6.16,8.02,1.0,<Residue PHE het=  resseq=81 icode= >,4hua_A_A,1.1
608,0.0,PHE, ,CD2,7.5,7.50,1.0,<Residue PHE het=  resseq=81 icode= >,4hua_A_A,1.1
609,0.0,PHE, ,CE1,6.83,7.43,1.0,<Residue PHE het=  resseq=81 icode= >,4hua_A_A,1.1
610,1.187,PHE, ,CE2,8.03,7.06,1.0,<Residue PHE het=  resseq=81 icode= >,4hua_A_A,1.1
611,0.0,PHE, ,CZ,7.82,6.67,1.0,<Residue PHE het=  resseq=81 icode= >,4hua_A_A,1.1
612,0.0,LYS, ,N,9.37,6.89,1.0,<Residue LYS het=  resseq=82 icode= >,4hua_A_A,1.1
613,0.0,LYS, ,CA,11.75,4.98,1.0,<Residue LYS het=  resseq=82 icode= >,4hua_A_A,1.1
614,0.0,LYS, ,C,12.08,4.84,1.0,<Residue LYS het=  resseq=82 icode= >,4hua_A_A,1.1
615,4.456,LYS, ,O,11.91,7.74,1.0,<Residue LYS het=  resseq=82 icode= >,4hua_A_A,1.1
616,12.348,LYS, ,CB,13.65,4.90,1.0,<Residue LYS het=  resseq=82 icode= >,4hua_A_A,1.1
617,0.549,LYS, ,CG,17.93,2.83,1.0,<Residue LYS het=  resseq=82 icode= >,4hua_A_A,1.1
618,4.606,LYS, ,CD,20.97,2.12,1.0,<Residue LYS het=  resseq=82 icode= >,4hua_A_A,1.1
619,36.467,LYS, ,CE,23.13,1.51,1.0,<Residue LYS het=  resseq=82 icode= >,4hua_A_A,1.1
620,11.928,LYS, ,NZ,23.26,2.15,1.0,<Residue LYS het=  resseq=82 icode= >,4hua_A_A,1.1
621,0.046,ASN, ,N,12.81,4.99,1.0,<Residue ASN het=  resseq=83 icode= >,4hua_A_A,1.1
622,1.369,ASN, ,CA,15.01,3.35,1.0,<Residue ASN het=  resseq=83 icode= >,4hua_A_A,1.1
623,1.994,ASN, ,C,15.33,3.13,1.0,<Residue ASN het=  resseq=83 icode= >,4hua_A_A,1.1
624,15.857,ASN, ,O,15.3,6.10,1.0,<Residue ASN het=  resseq=83 icode= >,4hua_A_A,1.1
625,22.46,ASN, ,CB,16.61,3.47,1.0,<Residue ASN het=  resseq=83 icode= >,4hua_A_A,1.1
626,1.842,ASN, ,CG,18.62,3.67,1.0,<Residue ASN het=  resseq=83 icode= >,4hua_A_A,1.1
627,3.288,ASN, ,OD1,18.68,5.01,1.0,<Residue ASN het=  resseq=83 icode= >,4hua_A_A,1.1
628,54.836,ASN, ,ND2,21.68,2.42,1.0,<Residue ASN het=  resseq=83 icode= >,4hua_A_A,1.1
629,0.666,GLY, ,N,14.71,4.85,1.0,<Residue GLY het=  resseq=84 icode= >,4hua_A_A,1.1
630,1.6,GLY, ,CA,15.75,3.12,1.0,<Residue GLY het=  resseq=84 icode= >,4hua_A_A,1.1
631,0.698,GLY, ,C,15.13,4.46,1.0,<Residue GLY het=  resseq=84 icode= >,4hua_A_A,1.1
632,10.102,GLY, ,O,17.23,4.61,1.0,<Residue GLY het=  resseq=84 icode= >,4hua_A_A,1.1
633,0.0,GLU,x,N,13.26,5.68,0.58,<Residue GLU het=  resseq=85 icode= >,4hua_A_A,1.1
634,1.11,GLU,x,CA,12.58,4.31,0.58,<Residue GLU het=  resseq=85 icode= >,4hua_A_A,1.1
635,0.0,GLU,x,C,9.44,7.28,0.58,<Residue GLU het=  resseq=85 icode= >,4hua_A_A,1.1
636,0.363,GLU,x,O,10.15,8.78,0.58,<Residue GLU het=  resseq=85 icode= >,4hua_A_A,1.1
637,17.45,GLU,x,CB,13.94,3.47,0.58,<Residue GLU het=  resseq=85 icode= >,4hua_A_A,1.1
638,23.094,GLU,x,CG,16.13,2.64,0.58,<Residue GLU het=  resseq=85 icode= >,4hua_A_A,1.1
639,9.779,GLU,x,CD,18.27,2.06,0.58,<Residue GLU het=  resseq=85 icode= >,4hua_A_A,1.1
640,30.385,GLU,x,OE1,19.76,3.08,0.58,<Residue GLU het=  resseq=85 icode= >,4hua_A_A,1.1
641,42.022,GLU,x,OE2,19.25,1.92,0.58,<Residue GLU het=  resseq=85 icode= >,4hua_A_A,1.1
642,4.47,VAL, ,N,9.53,7.38,1.0,<Residue VAL het=  resseq=86 icode= >,4hua_A_A,1.1
643,0.0,VAL, ,CA,8.24,6.93,1.0,<Residue VAL het=  resseq=86 icode= >,4hua_A_A,1.1
644,0.513,VAL, ,C,7.28,7.68,1.0,<Residue VAL het=  resseq=86 icode= >,4hua_A_A,1.1
645,24.025,VAL, ,O,9.66,8.93,1.0,<Residue VAL het=  resseq=86 icode= >,4hua_A_A,1.1
646,10.89,VAL, ,CB,9.12,5.86,1.0,<Residue VAL het=  resseq=86 icode= >,4hua_A_A,1.1
647,18.747,VAL, ,CG1,10.1,5.76,1.0,<Residue VAL het=  resseq=86 icode= >,4hua_A_A,1.1
648,15.139,VAL, ,CG2,10.97,4.66,1.0,<Residue VAL het=  resseq=86 icode= >,4hua_A_A,1.1
649,0.0,ALA, ,N,6.61,10.02,1.0,<Residue ALA het=  resseq=87 icode= >,4hua_A_A,1.1
650,8.458,ALA, ,CA,6.87,6.47,1.0,<Residue ALA het=  resseq=87 icode= >,4hua_A_A,1.1
651,2.695,ALA, ,C,5.76,7.95,1.0,<Residue ALA het=  resseq=87 icode= >,4hua_A_A,1.1
652,23.487,ALA, ,O,6.38,11.35,1.0,<Residue ALA het=  resseq=87 icode= >,4hua_A_A,1.1
653,11.067,ALA, ,CB,8.77,5.84,1.0,<Residue ALA het=  resseq=87 icode= >,4hua_A_A,1.1
654,0.0,ALA, ,N,5.56,10.42,1.0,<Residue ALA het=  resseq=88 icode= >,4hua_A_A,1.1
655,9.562,ALA, ,CA,5.31,8.75,1.0,<Residue ALA het=  resseq=88 icode= >,4hua_A_A,1.1
656,0.0,ALA, ,C,5.28,7.94,1.0,<Residue ALA het=  resseq=88 icode= >,4hua_A_A,1.1
657,0.0,ALA, ,O,5.99,11.32,1.0,<Residue ALA het=  resseq=88 icode= >,4hua_A_A,1.1
658,10.109,ALA, ,CB,6.6,6.86,1.0,<Residue ALA het=  resseq=88 icode= >,4hua_A_A,1.1
659,4.32,THR, ,N,5.24,10.10,1.0,<Residue THR het=  resseq=89 icode= >,4hua_A_A,1.1
660,0.0,THR,x,CA,5.5,8.68,0.4,<Residue THR het=  resseq=89 icode= >,4hua_A_A,1.1
661,0.272,THR, ,C,5.02,9.67,1.0,<Residue THR het=  resseq=89 icode= >,4hua_A_A,1.1
662,19.246,THR, ,O,5.28,11.73,1.0,<Residue THR het=  resseq=89 icode= >,4hua_A_A,1.1
663,14.567,THR,x,CB,6.03,7.02,0.4,<Residue THR het=  resseq=89 icode= >,4hua_A_A,1.1
664,15.438,THR,x,OG1,7.94,6.69,0.4,<Residue THR het=  resseq=89 icode= >,4hua_A_A,1.1
665,12.854,THR,x,CG2,5.76,3.35,0.4,<Residue THR het=  resseq=89 icode= >,4hua_A_A,1.1
666,0.0,LYS, ,N,5.85,9.85,1.0,<Residue LYS het=  resseq=90 icode= >,4hua_A_A,1.1
667,3.22,LYS, ,CA,5.91,7.49,1.0,<Residue LYS het=  resseq=90 icode= >,4hua_A_A,1.1
668,0.0,LYS, ,C,5.72,7.59,0.95,<Residue LYS het=  resseq=90 icode= >,4hua_A_A,1.1
669,0.299,LYS, ,O,6.12,11.56,0.97,<Residue LYS het=  resseq=90 icode= >,4hua_A_A,1.1
670,0.0,LYS, ,CB,7.41,7.10,1.0,<Residue LYS het=  resseq=90 icode= >,4hua_A_A,1.1
671,12.697,LYS, ,CG,9.45,6.16,1.0,<Residue LYS het=  resseq=90 icode= >,4hua_A_A,1.1
672,0.252,LYS, ,CD,9.15,6.49,1.0,<Residue LYS het=  resseq=90 icode= >,4hua_A_A,1.1
673,26.037,LYS, ,CE,10.31,5.50,1.0,<Residue LYS het=  resseq=90 icode= >,4hua_A_A,1.1
674,13.216,LYS, ,NZ,10.51,4.94,0.79,<Residue LYS het=  resseq=90 icode= >,4hua_A_A,1.1
675,4.525,VAL, ,N,5.68,10.25,1.0,<Residue VAL het=  resseq=91 icode= >,4hua_A_A,1.1
676,0.0,VAL, ,CA,6.8,7.75,1.0,<Residue VAL het=  resseq=91 icode= >,4hua_A_A,1.1
677,0.104,VAL, ,C,6.49,7.83,1.0,<Residue VAL het=  resseq=91 icode= >,4hua_A_A,1.1
678,16.227,VAL, ,O,7.84,10.15,1.0,<Residue VAL het=  resseq=91 icode= >,4hua_A_A,1.1
679,10.021,VAL, ,CB,8.2,6.47,1.0,<Residue VAL het=  resseq=91 icode= >,4hua_A_A,1.1
680,31.847,VAL, ,CG1,9.13,5.62,1.0,<Residue VAL het=  resseq=91 icode= >,4hua_A_A,1.1
681,34.898,VAL, ,CG2,8.72,6.32,1.0,<Residue VAL het=  resseq=91 icode= >,4hua_A_A,1.1
682,0.278,GLY, ,N,6.98,9.43,1.0,<Residue GLY het=  resseq=92 icode= >,4hua_A_A,1.1
683,24.98,GLY, ,CA,7.97,6.60,1.0,<Residue GLY het=  resseq=92 icode= >,4hua_A_A,1.1
684,4.045,GLY, ,C,8.33,6.84,1.0,<Residue GLY het=  resseq=92 icode= >,4hua_A_A,1.1
685,3.204,GLY, ,O,9.13,8.69,1.0,<Residue GLY het=  resseq=92 icode= >,4hua_A_A,1.1
686,9.025,ALA, ,N,9.51,7.14,1.0,<Residue ALA het=  resseq=93 icode= >,4hua_A_A,1.1
687,0.357,ALA, ,CA,10.76,5.33,1.0,<Residue ALA het=  resseq=93 icode= >,4hua_A_A,1.1
688,1.004,ALA, ,C,9.55,6.59,1.0,<Residue ALA het=  resseq=93 icode= >,4hua_A_A,1.1
689,15.646,ALA, ,O,9.47,8.33,1.0,<Residue ALA het=  resseq=93 icode= >,4hua_A_A,1.1
690,37.481,ALA, ,CB,12.7,3.54,1.0,<Residue ALA het=  resseq=93 icode= >,4hua_A_A,1.1
691,0.022,LEU, ,N,9.52,7.24,1.0,<Residue LEU het=  resseq=94 icode= >,4hua_A_A,1.1
692,6.17,LEU, ,CA,9.04,6.10,1.0,<Residue LEU het=  resseq=94 icode= >,4hua_A_A,1.1
693,3.91,LEU, ,C,8.87,6.39,1.0,<Residue LEU het=  resseq=94 icode= >,4hua_A_A,1.1
694,3.67,LEU, ,O,9.72,8.38,1.0,<Residue LEU het=  resseq=94 icode= >,4hua_A_A,1.1
695,0.829,LEU, ,CB,9.32,5.45,1.0,<Residue LEU het=  resseq=94 icode= >,4hua_A_A,1.1
696,0.0,LEU, ,CG,10.29,6.04,1.0,<Residue LEU het=  resseq=94 icode= >,4hua_A_A,1.1
697,2.564,LEU, ,CD1,11.11,4.36,1.0,<Residue LEU het=  resseq=94 icode= >,4hua_A_A,1.1
698,0.192,LEU, ,CD2,10.99,5.68,1.0,<Residue LEU het=  resseq=94 icode= >,4hua_A_A,1.1
699,1.504,SER, ,N,8.65,8.45,1.0,<Residue SER het=  resseq=95 icode= >,4hua_A_A,1.1
700,6.923,SER, ,CA,9.03,5.70,1.0,<Residue SER het=  resseq=95 icode= >,4hua_A_A,1.1
701,0.02,SER, ,C,8.97,6.00,1.0,<Residue SER het=  resseq=95 icode= >,4hua_A_A,1.1
702,0.0,SER, ,O,8.8,9.98,1.0,<Residue SER het=  resseq=95 icode= >,4hua_A_A,1.1
703,40.443,SER, ,CB,9.53,6.29,1.0,<Residue SER het=  resseq=95 icode= >,4hua_A_A,1.1
704,6.663,SER, ,OG,9.46,8.57,1.0,<Residue SER het=  resseq=95 icode= >,4hua_A_A,1.1
705,2.937,LYS, ,N,9.1,7.69,1.0,<Residue LYS het=  resseq=96 icode= >,4hua_A_A,1.1
706,0.0,LYS, ,CA,9.27,6.70,1.0,<Residue LYS het=  resseq=96 icode= >,4hua_A_A,1.1
707,0.0,LYS, ,C,8.71,6.80,1.0,<Residue LYS het=  resseq=96 icode= >,4hua_A_A,1.1
708,0.0,LYS, ,O,8.77,9.46,1.0,<Residue LYS het=  resseq=96 icode= >,4hua_A_A,1.1
709,15.032,LYS, ,CB,10.7,4.99,1.0,<Residue LYS het=  resseq=96 icode= >,4hua_A_A,1.1
710,1.391,LYS, ,CG,11.63,4.56,1.0,<Residue LYS het=  resseq=96 icode= >,4hua_A_A,1.1
711,17.659,LYS, ,CD,12.85,4.74,1.0,<Residue LYS het=  resseq=96 icode= >,4hua_A_A,1.1
712,4.522,LYS, ,CE,14.33,3.62,1.0,<Residue LYS het=  resseq=96 icode= >,4hua_A_A,1.1
713,16.213,LYS, ,NZ,15.32,4.39,1.0,<Residue LYS het=  resseq=96 icode= >,4hua_A_A,1.1
714,6.035,GLY, ,N,8.71,8.05,1.0,<Residue GLY het=  resseq=97 icode= >,4hua_A_A,1.1
715,32.374,GLY, ,CA,8.94,5.99,1.0,<Residue GLY het=  resseq=97 icode= >,4hua_A_A,1.1
716,3.017,GLY, ,C,7.9,7.14,1.0,<Residue GLY het=  resseq=97 icode= >,4hua_A_A,1.1
717,1.996,GLY, ,O,8.29,9.80,1.0,<Residue GLY het=  resseq=97 icode= >,4hua_A_A,1.1
718,0.561,GLN, ,N,7.69,8.96,1.0,<Residue GLN het=  resseq=98 icode= >,4hua_A_A,1.1
719,0.138,GLN, ,CA,7.39,6.87,1.0,<Residue GLN het=  resseq=98 icode= >,4hua_A_A,1.1
720,0.0,GLN, ,C,6.74,7.30,1.0,<Residue GLN het=  resseq=98 icode= >,4hua_A_A,1.1
721,2.544,GLN, ,O,7.29,11.14,1.0,<Residue GLN het=  resseq=98 icode= >,4hua_A_A,1.1
722,4.964,GLN, ,CB,7.98,6.22,1.0,<Residue GLN het=  resseq=98 icode= >,4hua_A_A,1.1
723,14.393,GLN, ,CG,8.58,6.62,1.0,<Residue GLN het=  resseq=98 icode= >,4hua_A_A,1.1
724,5.338,GLN, ,CD,9.65,5.82,1.0,<Residue GLN het=  resseq=98 icode= >,4hua_A_A,1.1
725,9.492,GLN, ,OE1,9.39,8.88,1.0,<Residue GLN het=  resseq=98 icode= >,4hua_A_A,1.1
726,59.175,GLN, ,NE2,10.98,6.01,1.0,<Residue GLN het=  resseq=98 icode= >,4hua_A_A,1.1
727,0.0,LEU, ,N,7.59,8.69,1.0,<Residue LEU het=  resseq=99 icode= >,4hua_A_A,1.1
728,0.0,LEU, ,CA,6.79,6.80,1.0,<Residue LEU het=  resseq=99 icode= >,4hua_A_A,1.1
729,0.0,LEU, ,C,6.8,6.88,1.0,<Residue LEU het=  resseq=99 icode= >,4hua_A_A,1.1
730,0.0,LEU, ,O,7.36,10.60,1.0,<Residue LEU het=  resseq=99 icode= >,4hua_A_A,1.1
731,0.0,LEU, ,CB,8.07,6.37,1.0,<Residue LEU het=  resseq=99 icode= >,4hua_A_A,1.1
732,0.0,LEU, ,CG,9.16,6.60,1.0,<Residue LEU het=  resseq=99 icode= >,4hua_A_A,1.1
733,0.0,LEU, ,CD1,9.51,5.96,1.0,<Residue LEU het=  resseq=99 icode= >,4hua_A_A,1.1
734,0.358,LEU, ,CD2,10.51,4.97,1.0,<Residue LEU het=  resseq=99 icode= >,4hua_A_A,1.1
735,0.0,LYS,x,N,7.18,8.28,0.54,<Residue LYS het=  resseq=100 icode= >,4hua_A_A,1.1
736,0.0,LYS,x,CA,7.98,6.84,0.54,<Residue LYS het=  resseq=100 icode= >,4hua_A_A,1.1
737,1.596,LYS,x,C,7.54,7.05,0.54,<Residue LYS het=  resseq=100 icode= >,4hua_A_A,1.1
738,3.022,LYS,x,O,7.33,9.21,0.54,<Residue LYS het=  resseq=100 icode= >,4hua_A_A,1.1
739,7.966,LYS,x,CB,9.24,6.87,0.54,<Residue LYS het=  resseq=100 icode= >,4hua_A_A,1.1
740,0.0,LYS,x,CG,10.55,5.96,0.54,<Residue LYS het=  resseq=100 icode= >,4hua_A_A,1.1
741,7.686,LYS,x,CD,13.52,3.91,0.54,<Residue LYS het=  resseq=100 icode= >,4hua_A_A,1.1
742,40.15,LYS,x,CE,15.73,1.78,0.54,<Residue LYS het=  resseq=100 icode= >,4hua_A_A,1.1
743,21.233,LYS,x,NZ,17.51,1.18,0.54,<Residue LYS het=  resseq=100 icode= >,4hua_A_A,1.1
744,0.21,GLU,x,N,7.63,8.65,0.54,<Residue GLU het=  resseq=101 icode= >,4hua_A_A,1.1
745,4.05,GLU,x,CA,7.74,5.43,0.54,<Residue GLU het=  resseq=101 icode= >,4hua_A_A,1.1
746,1.19,GLU,x,C,7.47,6.49,0.54,<Residue GLU het=  resseq=101 icode= >,4hua_A_A,1.1
747,2.82,GLU,x,O,7.78,9.47,0.54,<Residue GLU het=  resseq=101 icode= >,4hua_A_A,1.1
748,13.47,GLU,x,CB,9.43,3.90,0.54,<Residue GLU het=  resseq=101 icode= >,4hua_A_A,1.1
749,24.973,GLU,x,CG,11.11,2.36,0.54,<Residue GLU het=  resseq=101 icode= >,4hua_A_A,1.1
750,13.069,GLU,x,CD,12.33,3.80,0.54,<Residue GLU het=  resseq=101 icode= >,4hua_A_A,1.1
751,18.386,GLU,x,OE1,12.87,5.74,0.54,<Residue GLU het=  resseq=101 icode= >,4hua_A_A,1.1
752,42.5,GLU,x,OE2,13.41,3.96,0.54,<Residue GLU het=  resseq=101 icode= >,4hua_A_A,1.1
753,0.646,PHE,x,N,6.8,7.55,0.54,<Residue PHE het=  resseq=102 icode= >,4hua_A_A,1.1
754,5.708,PHE,x,CA,6.8,6.73,0.54,<Residue PHE het=  resseq=102 icode= >,4hua_A_A,1.1
755,0.0,PHE,x,C,7.42,6.82,0.54,<Residue PHE het=  resseq=102 icode= >,4hua_A_A,1.1
756,0.0,PHE,x,O,7.36,9.34,0.54,<Residue PHE het=  resseq=102 icode= >,4hua_A_A,1.1
757,4.662,PHE,x,CB,6.77,6.22,0.54,<Residue PHE het=  resseq=102 icode= >,4hua_A_A,1.1
758,0.0,PHE,x,CG,6.53,5.80,0.54,<Residue PHE het=  resseq=102 icode= >,4hua_A_A,1.1
759,14.218,PHE,x,CD1,5.79,5.54,0.54,<Residue PHE het=  resseq=102 icode= >,4hua_A_A,1.1
760,0.0,PHE,x,CD2,7.0,5.49,0.54,<Residue PHE het=  resseq=102 icode= >,4hua_A_A,1.1
761,6.008,PHE,x,CE1,5.74,5.96,0.54,<Residue PHE het=  resseq=102 icode= >,4hua_A_A,1.1
762,0.0,PHE,x,CE2,6.25,5.80,0.54,<Residue PHE het=  resseq=102 icode= >,4hua_A_A,1.1
763,0.0,PHE,x,CZ,5.55,5.44,0.54,<Residue PHE het=  resseq=102 icode= >,4hua_A_A,1.1
764,0.0,LEU, ,N,7.44,8.58,1.0,<Residue LEU het=  resseq=103 icode= >,4hua_A_A,1.1
765,0.0,LEU, ,CA,7.12,7.20,1.0,<Residue LEU het=  resseq=103 icode= >,4hua_A_A,1.1
766,0.982,LEU, ,C,7.63,7.24,1.0,<Residue LEU het=  resseq=103 icode= >,4hua_A_A,1.1
767,3.215,LEU, ,O,8.35,10.46,1.0,<Residue LEU het=  resseq=103 icode= >,4hua_A_A,1.1
768,6.319,LEU, ,CB,8.45,6.15,1.0,<Residue LEU het=  resseq=103 icode= >,4hua_A_A,1.1
769,0.0,LEU, ,CG,8.82,6.80,1.0,<Residue LEU het=  resseq=103 icode= >,4hua_A_A,1.1
770,0.0,LEU, ,CD1,9.84,5.40,1.0,<Residue LEU het=  resseq=103 icode= >,4hua_A_A,1.1
771,3.454,LEU, ,CD2,10.69,5.17,1.0,<Residue LEU het=  resseq=103 icode= >,4hua_A_A,1.1
772,0.784,ASP, ,N,8.11,8.37,1.0,<Residue ASP het=  resseq=104 icode= >,4hua_A_A,1.1
773,2.287,ASP, ,CA,8.67,6.07,1.0,<Residue ASP het=  resseq=104 icode= >,4hua_A_A,1.1
774,0.0,ASP, ,C,8.39,6.48,1.0,<Residue ASP het=  resseq=104 icode= >,4hua_A_A,1.1
775,5.706,ASP, ,O,9.15,9.79,1.0,<Residue ASP het=  resseq=104 icode= >,4hua_A_A,1.1
776,13.796,ASP, ,CB,9.98,5.47,1.0,<Residue ASP het=  resseq=104 icode= >,4hua_A_A,1.1
777,8.199,ASP, ,CG,11.29,5.13,1.0,<Residue ASP het=  resseq=104 icode= >,4hua_A_A,1.1
778,25.266,ASP, ,OD1,13.35,6.96,1.0,<Residue ASP het=  resseq=104 icode= >,4hua_A_A,1.1
779,34.776,ASP, ,OD2,11.79,7.62,1.0,<Residue ASP het=  resseq=104 icode= >,4hua_A_A,1.1
780,0.341,ALA, ,N,8.05,8.58,1.0,<Residue ALA het=  resseq=105 icode= >,4hua_A_A,1.1
781,11.939,ALA, ,CA,7.51,7.26,1.0,<Residue ALA het=  resseq=105 icode= >,4hua_A_A,1.1
782,0.514,ALA, ,C,8.24,6.45,1.0,<Residue ALA het=  resseq=105 icode= >,4hua_A_A,1.1
783,28.592,ALA, ,O,9.15,8.96,1.0,<Residue ALA het=  resseq=105 icode= >,4hua_A_A,1.1
784,44.102,ALA, ,CB,8.82,6.53,1.0,<Residue ALA het=  resseq=105 icode= >,4hua_A_A,1.1
785,0.0,ASN, ,N,8.57,7.65,1.0,<Residue ASN het=  resseq=106 icode= >,4hua_A_A,1.1
786,4.737,ASN, ,CA,10.07,5.94,1.0,<Residue ASN het=  resseq=106 icode= >,4hua_A_A,1.1
787,2.329,ASN, ,C,13.07,4.32,1.0,<Residue ASN het=  resseq=106 icode= >,4hua_A_A,1.1
788,4.149,ASN, ,O,15.01,5.41,1.0,<Residue ASN het=  resseq=106 icode= >,4hua_A_A,1.1
789,1.782,ASN, ,CB,10.37,5.40,1.0,<Residue ASN het=  resseq=106 icode= >,4hua_A_A,1.1
790,0.691,ASN, ,CG,10.03,5.43,1.0,<Residue ASN het=  resseq=106 icode= >,4hua_A_A,1.1
791,13.668,ASN, ,OD1,10.4,8.40,1.0,<Residue ASN het=  resseq=106 icode= >,4hua_A_A,1.1
792,3.468,ASN, ,ND2,9.72,7.24,1.0,<Residue ASN het=  resseq=106 icode= >,4hua_A_A,1.1
793,0.0,LEU, ,N,14.09,5.35,1.0,<Residue LEU het=  resseq=107 icode= >,4hua_A_A,1.1
794,0.655,LEU, ,CA,16.56,3.51,1.0,<Residue LEU het=  resseq=107 icode= >,4hua_A_A,1.1
795,0.313,LEU, ,C,18.38,3.94,1.0,<Residue LEU het=  resseq=107 icode= >,4hua_A_A,1.1
796,20.916,LEU, ,O,18.57,4.57,1.0,<Residue LEU het=  resseq=107 icode= >,4hua_A_A,1.1
797,12.605,LEU, ,CB,18.35,3.42,1.0,<Residue LEU het=  resseq=107 icode= >,4hua_A_A,1.1
798,0.223,LEU, ,CG,20.55,2.79,1.0,<Residue LEU het=  resseq=107 icode= >,4hua_A_A,1.1
799,39.452,LEU, ,CD1,21.76,1.71,1.0,<Residue LEU het=  resseq=107 icode= >,4hua_A_A,1.1
800,49.976,LEU, ,CD2,21.54,1.93,1.0,<Residue LEU het=  resseq=107 icode= >,4hua_A_A,1.1
801,5.613,ALA, ,N,21.94,3.44,1.0,<Residue ALA het=  resseq=108 icode= >,4hua_A_A,1.1
802,10.959,ALA, ,CA,26.05,2.29,1.0,<Residue ALA het=  resseq=108 icode= >,4hua_A_A,1.1
803,7.785,ALA, ,C,30.23,0.93,1.0,<Residue ALA het=  resseq=108 icode= >,4hua_A_A,1.1
804,30.165,ALA, ,O,31.67,1.12,1.0,<Residue ALA het=  resseq=108 icode= >,4hua_A_A,1.1
805,57.294,ALA, ,CB,27.83,0.35,1.0,<Residue ALA het=  resseq=108 icode= >,4hua_A_A,1.1
806,38.919,ALA, ,OXT,31.83,0.55,1.0,<Residue ALA het=  resseq=108 icode= >,4hua_A_A,1.1
