,ASA,aa,altloc,atom,bfac,d2r,dASA,dens,occ,residue,id,resolu
0,37.813,ASP, ,N,54.76,1000.00,0.0,0.80,1.0,<Residue ASP het=  resseq=251 icode= >,4ix7_B_A,1.581
1,14.427,ASP, ,CA,54.38,1000.00,0.0,1.05,1.0,<Residue ASP het=  resseq=251 icode= >,4ix7_B_A,1.581
2,6.683,ASP, ,C,54.85,1000.00,0.0,0.98,1.0,<Residue ASP het=  resseq=251 icode= >,4ix7_B_A,1.581
3,27.735,ASP, ,O,61.42,1000.00,0.0,0.18,1.0,<Residue ASP het=  resseq=251 icode= >,4ix7_B_A,1.581
4,29.352,ASP, ,CB,61.62,1000.00,0.0,0.50,1.0,<Residue ASP het=  resseq=251 icode= >,4ix7_B_A,1.581
5,12.132,ASP, ,CG,67.57,1000.00,0.0,1.37,1.0,<Residue ASP het=  resseq=251 icode= >,4ix7_B_A,1.581
6,36.157,ASP, ,OD1,62.43,1000.00,0.0,1.11,1.0,<Residue ASP het=  resseq=251 icode= >,4ix7_B_A,1.581
7,41.465,ASP, ,OD2,68.71,1000.00,0.0,1.05,1.0,<Residue ASP het=  resseq=251 icode= >,4ix7_B_A,1.581
8,1.039,ASN, ,N,49.66,1000.00,0.0,1.09,1.0,<Residue ASN het=  resseq=252 icode= >,4ix7_B_A,1.581
9,5.238,ASN, ,CA,44.37,1000.00,0.0,1.30,1.0,<Residue ASN het=  resseq=252 icode= >,4ix7_B_A,1.581
10,2.985,ASN, ,C,39.54,1000.00,0.0,1.60,1.0,<Residue ASN het=  resseq=252 icode= >,4ix7_B_A,1.581
11,16.861,ASN, ,O,35.64,1000.00,0.0,1.55,1.0,<Residue ASN het=  resseq=252 icode= >,4ix7_B_A,1.581
12,27.034,ASN, ,CB,51.4,1000.00,0.0,0.79,1.0,<Residue ASN het=  resseq=252 icode= >,4ix7_B_A,1.581
13,1.701,ASN, ,CG,55.62,1000.00,0.0,0.79,1.0,<Residue ASN het=  resseq=252 icode= >,4ix7_B_A,1.581
14,11.594,ASN, ,OD1,58.71,1000.00,0.0,-0.37,1.0,<Residue ASN het=  resseq=252 icode= >,4ix7_B_A,1.581
15,35.01,ASN, ,ND2,49.41,1000.00,0.0,1.17,1.0,<Residue ASN het=  resseq=252 icode= >,4ix7_B_A,1.581
16,3.424,VAL, ,N,31.23,1000.00,0.0,2.37,1.0,<Residue VAL het=  resseq=253 icode= >,4ix7_B_A,1.581
17,3.613,VAL, ,CA,30.97,1000.00,0.0,2.25,1.0,<Residue VAL het=  resseq=253 icode= >,4ix7_B_A,1.581
18,0.0,VAL, ,C,28.4,1000.00,0.0,2.56,1.0,<Residue VAL het=  resseq=253 icode= >,4ix7_B_A,1.581
19,0.0,VAL, ,O,29.81,1000.00,0.0,2.51,1.0,<Residue VAL het=  resseq=253 icode= >,4ix7_B_A,1.581
20,1.245,VAL, ,CB,29.07,1000.00,0.0,2.80,1.0,<Residue VAL het=  resseq=253 icode= >,4ix7_B_A,1.581
21,32.567,VAL, ,CG1,28.22,1000.00,0.0,1.83,1.0,<Residue VAL het=  resseq=253 icode= >,4ix7_B_A,1.581
22,62.005,VAL, ,CG2,36.08,1000.00,0.0,0.51,1.0,<Residue VAL het=  resseq=253 icode= >,4ix7_B_A,1.581
23,5.864,MET, ,N,25.54,1000.00,0.0,2.50,1.0,<Residue MET het=  resseq=254 icode= >,4ix7_B_A,1.581
24,0.0,MET, ,CA,26.12,1000.00,0.0,2.10,1.0,<Residue MET het=  resseq=254 icode= >,4ix7_B_A,1.581
25,0.0,MET, ,C,26.25,1000.00,0.0,2.87,1.0,<Residue MET het=  resseq=254 icode= >,4ix7_B_A,1.581
26,18.079,MET, ,O,27.35,1000.00,0.0,2.78,1.0,<Residue MET het=  resseq=254 icode= >,4ix7_B_A,1.581
27,10.26,MET, ,CB,27.98,1000.00,0.0,2.48,1.0,<Residue MET het=  resseq=254 icode= >,4ix7_B_A,1.581
28,23.089,MET, ,CG,26.53,1000.00,0.0,1.49,1.0,<Residue MET het=  resseq=254 icode= >,4ix7_B_A,1.581
29,5.659,MET, ,S,29.35,1000.00,0.0,6.80,1.0,<Residue MET het=  resseq=254 icode= >,4ix7_B_A,1.581
30,34.213,MET, ,CE,32.02,1000.00,0.0,2.01,1.0,<Residue MET het=  resseq=254 icode= >,4ix7_B_A,1.581
31,0.0,VAL, ,N,22.45,1000.00,0.0,3.76,1.0,<Residue VAL het=  resseq=255 icode= >,4ix7_B_A,1.581
32,4.474,VAL, ,CA,23.9,1000.00,0.0,2.74,1.0,<Residue VAL het=  resseq=255 icode= >,4ix7_B_A,1.581
33,0.0,VAL, ,C,22.74,1000.00,0.0,3.27,1.0,<Residue VAL het=  resseq=255 icode= >,4ix7_B_A,1.581
34,0.0,VAL, ,O,22.72,1000.00,0.0,4.12,1.0,<Residue VAL het=  resseq=255 icode= >,4ix7_B_A,1.581
35,0.0,VAL, ,CB,26.15,1000.00,0.0,3.12,1.0,<Residue VAL het=  resseq=255 icode= >,4ix7_B_A,1.581
36,22.18,VAL, ,CG1,31.65,1000.00,0.0,1.51,1.0,<Residue VAL het=  resseq=255 icode= >,4ix7_B_A,1.581
37,15.876,VAL, ,CG2,30.81,1000.00,0.0,1.93,1.0,<Residue VAL het=  resseq=255 icode= >,4ix7_B_A,1.581
38,5.305,SER, ,N,19.42,1000.00,0.0,3.85,1.0,<Residue SER het=  resseq=256 icode= >,4ix7_B_A,1.581
39,0.0,SER, ,CA,21.51,1000.00,0.0,3.55,1.0,<Residue SER het=  resseq=256 icode= >,4ix7_B_A,1.581
40,0.0,SER, ,C,21.88,1000.00,0.0,3.30,1.0,<Residue SER het=  resseq=256 icode= >,4ix7_B_A,1.581
41,18.347,SER, ,O,21.08,1000.00,0.0,3.87,1.0,<Residue SER het=  resseq=256 icode= >,4ix7_B_A,1.581
42,24.874,SER, ,CB,18.86,1000.00,0.0,3.37,1.0,<Residue SER het=  resseq=256 icode= >,4ix7_B_A,1.581
43,5.989,SER, ,OG,21.72,1000.00,0.0,3.32,1.0,<Residue SER het=  resseq=256 icode= >,4ix7_B_A,1.581
44,0.0,ILE, ,N,19.03,15.79,0.0,3.94,1.0,<Residue ILE het=  resseq=257 icode= >,4ix7_B_A,1.581
45,1.094,ILE, ,CA,20.45,15.69,0.0,3.09,1.0,<Residue ILE het=  resseq=257 icode= >,4ix7_B_A,1.581
46,2.136,ILE, ,C,16.3,16.87,0.0,4.61,1.0,<Residue ILE het=  resseq=257 icode= >,4ix7_B_A,1.581
47,5.103,ILE, ,O,17.79,17.24,0.0,4.96,1.0,<Residue ILE het=  resseq=257 icode= >,4ix7_B_A,1.581
48,0.0,ILE, ,CB,17.64,14.36,0.0,3.63,1.0,<Residue ILE het=  resseq=257 icode= >,4ix7_B_A,1.581
49,0.0,ILE, ,CG1,17.55,14.39,0.0,3.70,1.0,<Residue ILE het=  resseq=257 icode= >,4ix7_B_A,1.581
50,0.0,ILE, ,CG2,20.17,13.18,0.0,2.70,1.0,<Residue ILE het=  resseq=257 icode= >,4ix7_B_A,1.581
51,0.0,ILE, ,CD1,19.32,13.27,0.0,2.98,1.0,<Residue ILE het=  resseq=257 icode= >,4ix7_B_A,1.581
52,0.019,GLY, ,N,17.25,1000.00,0.0,5.00,1.0,<Residue GLY het=  resseq=258 icode= >,4ix7_B_A,1.581
53,2.683,GLY, ,CA,18.55,1000.00,0.0,3.36,1.0,<Residue GLY het=  resseq=258 icode= >,4ix7_B_A,1.581
54,3.866,GLY, ,C,17.11,1000.00,0.0,3.54,1.0,<Residue GLY het=  resseq=258 icode= >,4ix7_B_A,1.581
55,0.714,GLY, ,O,16.85,1000.00,0.0,5.09,1.0,<Residue GLY het=  resseq=258 icode= >,4ix7_B_A,1.581
56,0.314,PRO, ,N,18.36,1000.00,0.0,4.13,1.0,<Residue PRO het=  resseq=259 icode= >,4ix7_B_A,1.581
57,13.396,PRO, ,CA,18.26,1000.00,0.0,3.12,1.0,<Residue PRO het=  resseq=259 icode= >,4ix7_B_A,1.581
58,0.313,PRO, ,C,20.13,1000.00,0.0,3.30,1.0,<Residue PRO het=  resseq=259 icode= >,4ix7_B_A,1.581
59,26.539,PRO, ,O,20.68,1000.00,0.0,4.63,1.0,<Residue PRO het=  resseq=259 icode= >,4ix7_B_A,1.581
60,32.584,PRO, ,CB,23.36,1000.00,0.0,2.74,1.0,<Residue PRO het=  resseq=259 icode= >,4ix7_B_A,1.581
61,24.912,PRO, ,CG,30.49,1000.00,0.0,1.43,1.0,<Residue PRO het=  resseq=259 icode= >,4ix7_B_A,1.581
62,3.648,PRO, ,CD,22.21,1000.00,0.0,2.14,1.0,<Residue PRO het=  resseq=259 icode= >,4ix7_B_A,1.581
63,0.0,ASN, ,N,19.87,1000.00,0.0,3.70,1.0,<Residue ASN het=  resseq=260 icode= >,4ix7_B_A,1.581
64,5.004,ASN, ,CA,19.82,1000.00,0.0,3.08,1.0,<Residue ASN het=  resseq=260 icode= >,4ix7_B_A,1.581
65,1.78,ASN, ,C,17.95,1000.00,0.0,4.29,1.0,<Residue ASN het=  resseq=260 icode= >,4ix7_B_A,1.581
66,21.318,ASN, ,O,22.2,1000.00,0.0,4.68,1.0,<Residue ASN het=  resseq=260 icode= >,4ix7_B_A,1.581
67,8.24,ASN, ,CB,22.78,1000.00,0.0,2.62,1.0,<Residue ASN het=  resseq=260 icode= >,4ix7_B_A,1.581
68,4.399,ASN, ,CG,23.76,1000.00,0.0,3.48,1.0,<Residue ASN het=  resseq=260 icode= >,4ix7_B_A,1.581
69,29.969,ASN, ,OD1,27.4,1000.00,0.0,3.19,1.0,<Residue ASN het=  resseq=260 icode= >,4ix7_B_A,1.581
70,3.713,ASN, ,ND2,23.33,1000.00,0.0,3.72,1.0,<Residue ASN het=  resseq=260 icode= >,4ix7_B_A,1.581
71,0.0,ASN, ,N,17.18,1000.00,0.0,3.62,1.0,<Residue ASN het=  resseq=261 icode= >,4ix7_B_A,1.581
72,0.283,ASN, ,CA,18.78,1000.00,0.0,2.99,1.0,<Residue ASN het=  resseq=261 icode= >,4ix7_B_A,1.581
73,1.036,ASN, ,C,18.9,1000.00,0.0,3.43,1.0,<Residue ASN het=  resseq=261 icode= >,4ix7_B_A,1.581
74,12.064,ASN, ,O,20.08,1000.00,0.0,4.03,1.0,<Residue ASN het=  resseq=261 icode= >,4ix7_B_A,1.581
75,18.39,ASN, ,CB,18.85,1000.00,0.0,2.64,1.0,<Residue ASN het=  resseq=261 icode= >,4ix7_B_A,1.581
76,5.378,ASN, ,CG,25.49,1000.00,0.0,2.18,1.0,<Residue ASN het=  resseq=261 icode= >,4ix7_B_A,1.581
77,10.986,ASN, ,OD1,27.68,1000.00,0.0,2.69,1.0,<Residue ASN het=  resseq=261 icode= >,4ix7_B_A,1.581
78,55.199,ASN, ,ND2,22.85,1000.00,0.0,2.93,1.0,<Residue ASN het=  resseq=261 icode= >,4ix7_B_A,1.581
79,0.0,THR, ,N,18.78,1000.00,0.0,3.76,1.0,<Residue THR het=  resseq=262 icode= >,4ix7_B_A,1.581
80,7.305,THR, ,CA,19.59,1000.00,0.0,3.39,1.0,<Residue THR het=  resseq=262 icode= >,4ix7_B_A,1.581
81,0.0,THR, ,C,19.62,1000.00,0.0,4.43,1.0,<Residue THR het=  resseq=262 icode= >,4ix7_B_A,1.581
82,0.0,THR, ,O,21.87,1000.00,0.0,4.64,1.0,<Residue THR het=  resseq=262 icode= >,4ix7_B_A,1.581
83,0.0,THR, ,CB,19.86,1000.00,0.0,2.63,1.0,<Residue THR het=  resseq=262 icode= >,4ix7_B_A,1.581
84,2.349,THR, ,OG1,21.27,1000.00,0.0,4.25,1.0,<Residue THR het=  resseq=262 icode= >,4ix7_B_A,1.581
85,3.618,THR, ,CG2,20.95,1000.00,0.0,2.25,1.0,<Residue THR het=  resseq=262 icode= >,4ix7_B_A,1.581
86,5.444,CYS, ,N,20.34,13.99,0.0,3.99,1.0,<Residue CYS het=  resseq=263 icode= >,4ix7_B_A,1.581
87,0.0,CYS, ,CA,22.98,13.42,0.0,3.08,1.0,<Residue CYS het=  resseq=263 icode= >,4ix7_B_A,1.581
88,0.0,CYS, ,C,22.36,11.90,0.0,3.06,1.0,<Residue CYS het=  resseq=263 icode= >,4ix7_B_A,1.581
89,14.28,CYS, ,O,23.38,11.26,0.0,3.95,1.0,<Residue CYS het=  resseq=263 icode= >,4ix7_B_A,1.581
90,9.752,CYS, ,CB,26.04,14.12,0.0,1.53,1.0,<Residue CYS het=  resseq=263 icode= >,4ix7_B_A,1.581
91,18.133,CYS, ,SG,28.76,15.89,0.0,5.84,1.0,<Residue CYS het=  resseq=263 icode= >,4ix7_B_A,1.581
92,0.0,VAL, ,N,23.01,11.46,0.0,3.18,1.0,<Residue VAL het=  resseq=264 icode= >,4ix7_B_A,1.581
93,0.191,VAL, ,CA,23.81,10.12,0.0,2.85,1.0,<Residue VAL het=  resseq=264 icode= >,4ix7_B_A,1.581
94,0.0,VAL, ,C,22.44,10.42,0.0,3.40,1.0,<Residue VAL het=  resseq=264 icode= >,4ix7_B_A,1.581
95,0.0,VAL, ,O,22.38,11.56,0.0,4.06,1.0,<Residue VAL het=  resseq=264 icode= >,4ix7_B_A,1.581
96,0.0,VAL, ,CB,24.29,9.39,0.0,2.61,1.0,<Residue VAL het=  resseq=264 icode= >,4ix7_B_A,1.581
97,0.0,VAL, ,CG1,22.56,9.48,0.0,2.63,1.0,<Residue VAL het=  resseq=264 icode= >,4ix7_B_A,1.581
98,0.0,VAL, ,CG2,20.18,10.21,0.0,2.57,1.0,<Residue VAL het=  resseq=264 icode= >,4ix7_B_A,1.581
99,0.0,PRO, ,N,22.29,9.57,0.0,3.27,1.0,<Residue PRO het=  resseq=265 icode= >,4ix7_B_A,1.581
100,0.0,PRO, ,CA,25.51,10.12,0.0,2.45,1.0,<Residue PRO het=  resseq=265 icode= >,4ix7_B_A,1.581
101,0.0,PRO, ,C,25.93,10.54,0.0,3.18,1.0,<Residue PRO het=  resseq=265 icode= >,4ix7_B_A,1.581
102,0.0,PRO, ,O,24.38,9.93,0.0,3.58,1.0,<Residue PRO het=  resseq=265 icode= >,4ix7_B_A,1.581
103,3.313,PRO, ,CB,23.26,9.11,0.0,2.78,1.0,<Residue PRO het=  resseq=265 icode= >,4ix7_B_A,1.581
104,23.022,PRO, ,CG,24.3,8.38,0.0,2.77,1.0,<Residue PRO het=  resseq=265 icode= >,4ix7_B_A,1.581
105,4.562,PRO, ,CD,24.41,8.34,0.0,2.49,1.0,<Residue PRO het=  resseq=265 icode= >,4ix7_B_A,1.581
106,0.647,ALA, ,N,23.02,11.74,0.0,3.81,1.0,<Residue ALA het=  resseq=266 icode= >,4ix7_B_A,1.581
107,0.081,ALA, ,CA,24.42,12.43,0.0,2.48,1.0,<Residue ALA het=  resseq=266 icode= >,4ix7_B_A,1.581
108,0.0,ALA, ,C,26.67,11.78,0.0,2.84,1.0,<Residue ALA het=  resseq=266 icode= >,4ix7_B_A,1.581
109,0.003,ALA, ,O,28.86,12.00,0.0,2.10,1.0,<Residue ALA het=  resseq=266 icode= >,4ix7_B_A,1.581
110,21.278,ALA, ,CB,28.57,13.83,0.0,1.90,1.0,<Residue ALA het=  resseq=266 icode= >,4ix7_B_A,1.581
111,3.104,SER, ,N,28.69,11.16,0.0,2.66,1.0,<Residue SER het=  resseq=267 icode= >,4ix7_B_A,1.581
112,3.567,SER, ,CA,32.06,10.69,0.0,1.87,1.0,<Residue SER het=  resseq=267 icode= >,4ix7_B_A,1.581
113,1.461,SER, ,C,32.59,9.59,0.0,2.38,1.0,<Residue SER het=  resseq=267 icode= >,4ix7_B_A,1.581
114,1.284,SER, ,O,34.96,9.75,0.0,2.21,1.0,<Residue SER het=  resseq=267 icode= >,4ix7_B_A,1.581
115,45.92,SER, ,CB,32.29,10.42,0.0,1.71,1.0,<Residue SER het=  resseq=267 icode= >,4ix7_B_A,1.581
116,18.256,SER, ,OG,33.5,9.35,0.0,2.38,1.0,<Residue SER het=  resseq=267 icode= >,4ix7_B_A,1.581
117,0.0,VAL, ,N,28.6,8.68,0.0,2.47,1.0,<Residue VAL het=  resseq=268 icode= >,4ix7_B_A,1.581
118,4.424,VAL, ,CA,23.38,7.82,0.0,2.76,1.0,<Residue VAL het=  resseq=268 icode= >,4ix7_B_A,1.581
119,0.0,VAL, ,C,28.64,8.83,0.0,2.31,1.0,<Residue VAL het=  resseq=268 icode= >,4ix7_B_A,1.581
120,0.719,VAL, ,O,24.33,8.93,0.0,3.19,1.0,<Residue VAL het=  resseq=268 icode= >,4ix7_B_A,1.581
121,0.0,VAL, ,CB,28.83,6.87,0.0,2.03,1.0,<Residue VAL het=  resseq=268 icode= >,4ix7_B_A,1.581
122,0.0,VAL, ,CG1,26.03,6.26,0.0,1.91,1.0,<Residue VAL het=  resseq=268 icode= >,4ix7_B_A,1.581
123,27.547,VAL, ,CG2,32.88,6.01,0.625,1.57,1.0,<Residue VAL het=  resseq=268 icode= >,4ix7_B_A,1.581
124,0.0,PHE, ,N,21.29,9.78,0.0,3.61,1.0,<Residue PHE het=  resseq=269 icode= >,4ix7_B_A,1.581
125,0.0,PHE, ,CA,23.37,10.88,0.0,2.80,1.0,<Residue PHE het=  resseq=269 icode= >,4ix7_B_A,1.581
126,0.0,PHE, ,C,26.71,11.69,0.0,2.88,1.0,<Residue PHE het=  resseq=269 icode= >,4ix7_B_A,1.581
127,0.14,PHE, ,O,26.28,12.11,0.0,3.62,1.0,<Residue PHE het=  resseq=269 icode= >,4ix7_B_A,1.581
128,0.101,PHE, ,CB,25.46,11.90,0.0,2.41,1.0,<Residue PHE het=  resseq=269 icode= >,4ix7_B_A,1.581
129,0.0,PHE, ,CG,28.52,12.92,0.0,2.37,1.0,<Residue PHE het=  resseq=269 icode= >,4ix7_B_A,1.581
130,0.0,PHE, ,CD1,25.67,12.78,0.0,2.69,1.0,<Residue PHE het=  resseq=269 icode= >,4ix7_B_A,1.581
131,8.532,PHE, ,CD2,28.66,14.17,0.0,2.50,1.0,<Residue PHE het=  resseq=269 icode= >,4ix7_B_A,1.581
132,0.0,PHE, ,CE1,27.8,13.88,0.0,2.67,1.0,<Residue PHE het=  resseq=269 icode= >,4ix7_B_A,1.581
133,15.879,PHE, ,CE2,29.35,15.17,0.0,2.58,1.0,<Residue PHE het=  resseq=269 icode= >,4ix7_B_A,1.581
134,8.823,PHE, ,CZ,25.95,15.04,0.0,3.02,1.0,<Residue PHE het=  resseq=269 icode= >,4ix7_B_A,1.581
135,0.0,GLU, ,N,30.02,12.09,0.0,2.23,1.0,<Residue GLU het=  resseq=270 icode= >,4ix7_B_A,1.581
136,5.107,GLU, ,CA,30.88,13.07,0.0,2.38,1.0,<Residue GLU het=  resseq=270 icode= >,4ix7_B_A,1.581
137,0.027,GLU, ,C,32.14,12.67,0.0,2.95,1.0,<Residue GLU het=  resseq=270 icode= >,4ix7_B_A,1.581
138,26.634,GLU, ,O,38.06,13.60,0.0,2.26,1.0,<Residue GLU het=  resseq=270 icode= >,4ix7_B_A,1.581
139,8.633,GLU, ,CB,30.84,13.74,0.0,2.12,1.0,<Residue GLU het=  resseq=270 icode= >,4ix7_B_A,1.581
140,26.023,GLU, ,CG,45.36,14.96,0.0,1.28,1.0,<Residue GLU het=  resseq=270 icode= >,4ix7_B_A,1.581
141,8.946,GLU, ,CD,59.94,15.54,0.0,0.55,1.0,<Residue GLU het=  resseq=270 icode= >,4ix7_B_A,1.581
142,23.984,GLU, ,OE1,55.26,14.93,0.0,0.61,1.0,<Residue GLU het=  resseq=270 icode= >,4ix7_B_A,1.581
143,41.903,GLU, ,OE2,65.25,16.71,0.0,0.44,1.0,<Residue GLU het=  resseq=270 icode= >,4ix7_B_A,1.581
144,0.0,ASN, ,N,27.07,11.39,0.0,2.87,1.0,<Residue ASN het=  resseq=271 icode= >,4ix7_B_A,1.581
145,4.357,ASN, ,CA,24.72,11.14,0.0,2.26,1.0,<Residue ASN het=  resseq=271 icode= >,4ix7_B_A,1.581
146,2.3,ASN, ,C,28.12,10.45,0.0,2.47,1.0,<Residue ASN het=  resseq=271 icode= >,4ix7_B_A,1.581
147,23.989,ASN, ,O,28.24,10.06,0.0,3.41,1.0,<Residue ASN het=  resseq=271 icode= >,4ix7_B_A,1.581
148,21.255,ASN, ,CB,31.44,10.36,0.0,1.43,1.0,<Residue ASN het=  resseq=271 icode= >,4ix7_B_A,1.581
149,5.873,ASN, ,CG,42.65,11.32,0.0,1.25,1.0,<Residue ASN het=  resseq=271 icode= >,4ix7_B_A,1.581
150,38.146,ASN, ,OD1,49.08,12.22,0.0,0.74,1.0,<Residue ASN het=  resseq=271 icode= >,4ix7_B_A,1.581
151,28.22,ASN, ,ND2,38.73,11.23,0.0,0.97,1.0,<Residue ASN het=  resseq=271 icode= >,4ix7_B_A,1.581
152,0.0,ILE, ,N,22.85,10.49,0.0,2.84,1.0,<Residue ILE het=  resseq=272 icode= >,4ix7_B_A,1.581
153,2.535,ILE, ,CA,24.05,10.15,0.0,2.74,1.0,<Residue ILE het=  resseq=272 icode= >,4ix7_B_A,1.581
154,0.095,ILE, ,C,25.82,11.16,0.0,3.57,1.0,<Residue ILE het=  resseq=272 icode= >,4ix7_B_A,1.581
155,8.545,ILE, ,O,27.42,12.30,0.0,2.99,1.0,<Residue ILE het=  resseq=272 icode= >,4ix7_B_A,1.581
156,0.0,ILE, ,CB,21.07,10.42,0.0,2.30,1.0,<Residue ILE het=  resseq=272 icode= >,4ix7_B_A,1.581
157,0.222,ILE, ,CG1,26.36,9.11,0.0,2.17,1.0,<Residue ILE het=  resseq=272 icode= >,4ix7_B_A,1.581
158,0.0,ILE, ,CG2,23.05,10.93,0.0,1.85,1.0,<Residue ILE het=  resseq=272 icode= >,4ix7_B_A,1.581
159,0.0,ILE, ,CD1,28.41,9.35,0.0,1.73,1.0,<Residue ILE het=  resseq=272 icode= >,4ix7_B_A,1.581
160,4.181,ASN, ,N,21.07,10.48,0.0,4.03,1.0,<Residue ASN het=  resseq=273 icode= >,4ix7_B_A,1.581
161,7.279,ASN, ,CA,22.3,10.00,0.0,3.34,1.0,<Residue ASN het=  resseq=273 icode= >,4ix7_B_A,1.581
162,0.0,ASN, ,C,23.78,9.77,0.0,3.05,1.0,<Residue ASN het=  resseq=273 icode= >,4ix7_B_A,1.581
163,0.0,ASN, ,O,24.51,8.74,0.0,3.64,1.0,<Residue ASN het=  resseq=273 icode= >,4ix7_B_A,1.581
164,17.942,ASN, ,CB,23.19,8.80,0.0,2.71,1.0,<Residue ASN het=  resseq=273 icode= >,4ix7_B_A,1.581
165,4.955,ASN, ,CG,27.74,8.43,0.0,3.63,1.0,<Residue ASN het=  resseq=273 icode= >,4ix7_B_A,1.581
166,3.728,ASN, ,OD1,26.87,8.96,0.0,3.88,1.0,<Residue ASN het=  resseq=273 icode= >,4ix7_B_A,1.581
167,27.457,ASN, ,ND2,27.62,7.78,0.0,3.35,1.0,<Residue ASN het=  resseq=273 icode= >,4ix7_B_A,1.581
168,3.854,TRP, ,N,24.14,10.89,0.0,2.82,1.0,<Residue TRP het=  resseq=274 icode= >,4ix7_B_A,1.581
169,0.0,TRP, ,CA,24.48,11.11,0.0,2.81,1.0,<Residue TRP het=  resseq=274 icode= >,4ix7_B_A,1.581
170,1.527,TRP, ,C,23.98,10.70,0.0,3.34,1.0,<Residue TRP het=  resseq=274 icode= >,4ix7_B_A,1.581
171,3.503,TRP, ,O,26.94,11.07,0.0,3.10,1.0,<Residue TRP het=  resseq=274 icode= >,4ix7_B_A,1.581
172,14.393,TRP, ,CB,25.09,12.62,0.0,2.19,1.0,<Residue TRP het=  resseq=274 icode= >,4ix7_B_A,1.581
173,0.0,TRP, ,CG,25.39,13.27,0.0,2.58,1.0,<Residue TRP het=  resseq=274 icode= >,4ix7_B_A,1.581
174,16.268,TRP, ,CD1,27.22,14.11,0.0,2.53,1.0,<Residue TRP het=  resseq=274 icode= >,4ix7_B_A,1.581
175,0.0,TRP, ,CD2,24.75,13.34,0.0,2.73,1.0,<Residue TRP het=  resseq=274 icode= >,4ix7_B_A,1.581
176,2.226,TRP, ,NE1,28.02,13.87,0.0,2.87,1.0,<Residue TRP het=  resseq=274 icode= >,4ix7_B_A,1.581
177,0.0,TRP, ,CE2,27.14,13.74,0.0,2.69,1.0,<Residue TRP het=  resseq=274 icode= >,4ix7_B_A,1.581
178,0.0,TRP, ,CE3,21.96,12.88,0.0,2.96,1.0,<Residue TRP het=  resseq=274 icode= >,4ix7_B_A,1.581
179,0.0,TRP, ,CZ2,31.12,13.17,0.0,1.70,1.0,<Residue TRP het=  resseq=274 icode= >,4ix7_B_A,1.581
180,0.0,TRP, ,CZ3,23.79,13.36,0.0,2.73,1.0,<Residue TRP het=  resseq=274 icode= >,4ix7_B_A,1.581
181,0.0,TRP, ,CH2,21.82,13.41,0.0,2.97,1.0,<Residue TRP het=  resseq=274 icode= >,4ix7_B_A,1.581
182,1.821,SER, ,N,22.07,10.16,0.0,3.46,1.0,<Residue SER het=  resseq=275 icode= >,4ix7_B_A,1.581
183,9.752,SER,x,CA,25.32,10.02,0.0,3.02,0.42,<Residue SER het=  resseq=275 icode= >,4ix7_B_A,1.581
184,1.041,SER, ,C,27.28,8.68,0.0,3.28,1.0,<Residue SER het=  resseq=275 icode= >,4ix7_B_A,1.581
185,27.617,SER, ,O,28.47,8.70,0.0,3.36,1.0,<Residue SER het=  resseq=275 icode= >,4ix7_B_A,1.581
186,46.313,SER,x,CB,25.74,10.48,0.0,2.46,0.42,<Residue SER het=  resseq=275 icode= >,4ix7_B_A,1.581
187,14.191,SER,x,OG,29.01,9.55,0.0,1.34,0.42,<Residue SER het=  resseq=275 icode= >,4ix7_B_A,1.581
188,0.0,VAL, ,N,23.21,7.68,0.0,4.10,1.0,<Residue VAL het=  resseq=276 icode= >,4ix7_B_A,1.581
189,2.768,VAL, ,CA,21.24,6.37,0.0,3.69,1.0,<Residue VAL het=  resseq=276 icode= >,4ix7_B_A,1.581
190,0.0,VAL, ,C,17.71,6.25,0.0,4.35,1.0,<Residue VAL het=  resseq=276 icode= >,4ix7_B_A,1.581
191,0.0,VAL, ,O,21.59,6.15,0.0,3.89,1.0,<Residue VAL het=  resseq=276 icode= >,4ix7_B_A,1.581
192,0.0,VAL, ,CB,22.59,5.31,0.0,3.66,1.0,<Residue VAL het=  resseq=276 icode= >,4ix7_B_A,1.581
193,30.595,VAL, ,CG1,22.54,3.95,6.991,3.31,1.0,<Residue VAL het=  resseq=276 icode= >,4ix7_B_A,1.581
194,32.831,VAL, ,CG2,24.86,6.04,0.0,2.69,1.0,<Residue VAL het=  resseq=276 icode= >,4ix7_B_A,1.581
195,5.56,CYS, ,N,20.3,6.70,0.0,4.57,1.0,<Residue CYS het=  resseq=277 icode= >,4ix7_B_A,1.581
196,0.0,CYS, ,CA,21.56,7.22,0.0,3.71,1.0,<Residue CYS het=  resseq=277 icode= >,4ix7_B_A,1.581
197,0.0,CYS, ,C,19.26,6.46,0.0,3.89,1.0,<Residue CYS het=  resseq=277 icode= >,4ix7_B_A,1.581
198,0.0,CYS, ,O,17.49,6.92,0.0,4.74,1.0,<Residue CYS het=  resseq=277 icode= >,4ix7_B_A,1.581
199,16.564,CYS, ,CB,25.31,7.82,0.0,2.54,1.0,<Residue CYS het=  resseq=277 icode= >,4ix7_B_A,1.581
200,2.946,CYS, ,SG,31.62,8.52,0.0,4.19,1.0,<Residue CYS het=  resseq=277 icode= >,4ix7_B_A,1.581
201,1.366,SER, ,N,17.61,5.27,0.0,4.43,1.0,<Residue SER het=  resseq=278 icode= >,4ix7_B_A,1.581
202,0.0,SER, ,CA,14.33,4.33,0.0,3.34,1.0,<Residue SER het=  resseq=278 icode= >,4ix7_B_A,1.581
203,0.0,SER, ,C,15.34,4.16,0.0,3.80,1.0,<Residue SER het=  resseq=278 icode= >,4ix7_B_A,1.581
204,0.0,SER, ,O,16.02,4.44,0.0,5.35,1.0,<Residue SER het=  resseq=278 icode= >,4ix7_B_A,1.581
205,31.292,SER, ,CB,15.75,3.27,10.327,3.79,1.0,<Residue SER het=  resseq=278 icode= >,4ix7_B_A,1.581
206,8.586,SER, ,OG,21.22,2.57,4.377,3.38,1.0,<Residue SER het=  resseq=278 icode= >,4ix7_B_A,1.581
207,0.0,LEU, ,N,17.36,4.37,0.0,3.88,1.0,<Residue LEU het=  resseq=279 icode= >,4ix7_B_A,1.581
208,0.0,LEU, ,CA,15.36,4.94,0.0,3.91,1.0,<Residue LEU het=  resseq=279 icode= >,4ix7_B_A,1.581
209,0.098,LEU, ,C,18.02,6.28,0.0,3.86,1.0,<Residue LEU het=  resseq=279 icode= >,4ix7_B_A,1.581
210,4.142,LEU, ,O,16.44,6.81,0.0,5.24,1.0,<Residue LEU het=  resseq=279 icode= >,4ix7_B_A,1.581
211,4.641,LEU, ,CB,16.85,4.90,0.0,3.51,1.0,<Residue LEU het=  resseq=279 icode= >,4ix7_B_A,1.581
212,1.877,LEU, ,CG,18.11,3.69,1.877,3.65,1.0,<Residue LEU het=  resseq=279 icode= >,4ix7_B_A,1.581
213,36.024,LEU, ,CD1,22.61,4.37,1.696,3.02,1.0,<Residue LEU het=  resseq=279 icode= >,4ix7_B_A,1.581
214,41.631,LEU, ,CD2,16.13,3.57,31.89,3.47,1.0,<Residue LEU het=  resseq=279 icode= >,4ix7_B_A,1.581
215,0.0,ALA, ,N,16.43,7.05,0.0,4.40,1.0,<Residue ALA het=  resseq=280 icode= >,4ix7_B_A,1.581
216,0.0,ALA, ,CA,18.28,8.36,0.0,3.16,1.0,<Residue ALA het=  resseq=280 icode= >,4ix7_B_A,1.581
217,0.0,ALA, ,C,15.95,8.41,0.0,4.12,1.0,<Residue ALA het=  resseq=280 icode= >,4ix7_B_A,1.581
218,0.0,ALA, ,O,16.75,9.26,0.0,4.93,1.0,<Residue ALA het=  resseq=280 icode= >,4ix7_B_A,1.581
219,0.0,ALA, ,CB,17.45,9.25,0.0,3.39,1.0,<Residue ALA het=  resseq=280 icode= >,4ix7_B_A,1.581
220,0.0,THR, ,N,14.57,7.72,0.0,4.69,1.0,<Residue THR het=  resseq=281 icode= >,4ix7_B_A,1.581
221,0.0,THR, ,CA,13.1,8.07,0.0,4.70,1.0,<Residue THR het=  resseq=281 icode= >,4ix7_B_A,1.581
222,0.0,THR, ,C,16.54,7.89,0.0,3.59,1.0,<Residue THR het=  resseq=281 icode= >,4ix7_B_A,1.581
223,0.0,THR, ,O,16.04,8.92,0.0,4.35,1.0,<Residue THR het=  resseq=281 icode= >,4ix7_B_A,1.581
224,0.0,THR, ,CB,15.89,7.59,0.0,3.48,1.0,<Residue THR het=  resseq=281 icode= >,4ix7_B_A,1.581
225,0.0,THR, ,OG1,15.67,8.15,0.0,5.70,1.0,<Residue THR het=  resseq=281 icode= >,4ix7_B_A,1.581
226,0.0,THR, ,CG2,15.6,8.40,0.0,3.19,1.0,<Residue THR het=  resseq=281 icode= >,4ix7_B_A,1.581
227,0.0,ARG, ,N,15.49,6.78,0.0,4.74,1.0,<Residue ARG het=  resseq=282 icode= >,4ix7_B_A,1.581
228,0.0,ARG,x,CA,14.65,6.40,0.0,3.97,0.32,<Residue ARG het=  resseq=282 icode= >,4ix7_B_A,1.581
229,0.529,ARG, ,C,16.06,6.71,0.0,4.08,1.0,<Residue ARG het=  resseq=282 icode= >,4ix7_B_A,1.581
230,0.0,ARG, ,O,16.19,6.50,0.0,5.53,1.0,<Residue ARG het=  resseq=282 icode= >,4ix7_B_A,1.581
231,9.91,ARG,x,CB,14.19,5.07,2.854,3.87,0.32,<Residue ARG het=  resseq=282 icode= >,4ix7_B_A,1.581
232,0.0,ARG,x,CG,14.81,4.63,0.0,2.90,0.32,<Residue ARG het=  resseq=282 icode= >,4ix7_B_A,1.581
233,9.108,ARG,x,CD,16.55,3.52,9.108,2.99,0.32,<Residue ARG het=  resseq=282 icode= >,4ix7_B_A,1.581
234,5.554,ARG,x,NE,16.76,2.95,5.544,1.04,0.32,<Residue ARG het=  resseq=282 icode= >,4ix7_B_A,1.581
235,3.904,ARG,x,CZ,17.63,3.60,3.904,3.02,0.32,<Residue ARG het=  resseq=282 icode= >,4ix7_B_A,1.581
236,16.041,ARG,x,NH1,15.03,3.52,15.482,1.51,0.32,<Residue ARG het=  resseq=282 icode= >,4ix7_B_A,1.581
237,17.705,ARG,x,NH2,16.7,3.31,17.373,3.65,0.32,<Residue ARG het=  resseq=282 icode= >,4ix7_B_A,1.581
238,0.564,LYS, ,N,16.55,6.77,0.0,4.42,1.0,<Residue LYS het=  resseq=283 icode= >,4ix7_B_A,1.581
239,2.227,LYS, ,CA,15.57,6.25,0.0,3.50,1.0,<Residue LYS het=  resseq=283 icode= >,4ix7_B_A,1.581
240,0.0,LYS, ,C,17.69,6.73,0.0,3.90,1.0,<Residue LYS het=  resseq=283 icode= >,4ix7_B_A,1.581
241,0.0,LYS, ,O,16.42,5.74,0.0,5.24,1.0,<Residue LYS het=  resseq=283 icode= >,4ix7_B_A,1.581
242,9.125,LYS, ,CB,16.81,6.35,0.0,3.02,1.0,<Residue LYS het=  resseq=283 icode= >,4ix7_B_A,1.581
243,3.509,LYS, ,CG,18.32,5.66,0.0,2.70,1.0,<Residue LYS het=  resseq=283 icode= >,4ix7_B_A,1.581
244,13.058,LYS, ,CD,23.75,4.13,3.514,3.03,1.0,<Residue LYS het=  resseq=283 icode= >,4ix7_B_A,1.581
245,25.368,LYS, ,CE,29.51,4.01,0.385,2.23,1.0,<Residue LYS het=  resseq=283 icode= >,4ix7_B_A,1.581
246,45.861,LYS, ,NZ,32.2,2.82,27.654,1.93,1.0,<Residue LYS het=  resseq=283 icode= >,4ix7_B_A,1.581
247,0.0,LEU, ,N,16.45,7.94,0.0,3.92,1.0,<Residue LEU het=  resseq=284 icode= >,4ix7_B_A,1.581
248,0.0,LEU, ,CA,15.33,8.30,0.0,3.52,1.0,<Residue LEU het=  resseq=284 icode= >,4ix7_B_A,1.581
249,0.0,LEU, ,C,17.18,8.16,0.0,3.38,1.0,<Residue LEU het=  resseq=284 icode= >,4ix7_B_A,1.581
250,0.0,LEU, ,O,16.64,7.92,0.0,4.70,1.0,<Residue LEU het=  resseq=284 icode= >,4ix7_B_A,1.581
251,0.0,LEU, ,CB,14.35,9.81,0.0,3.58,1.0,<Residue LEU het=  resseq=284 icode= >,4ix7_B_A,1.581
252,0.0,LEU, ,CG,15.37,10.33,0.0,3.74,1.0,<Residue LEU het=  resseq=284 icode= >,4ix7_B_A,1.581
253,0.0,LEU, ,CD1,18.82,11.85,0.0,3.28,1.0,<Residue LEU het=  resseq=284 icode= >,4ix7_B_A,1.581
254,0.0,LEU, ,CD2,18.58,10.07,0.0,2.74,1.0,<Residue LEU het=  resseq=284 icode= >,4ix7_B_A,1.581
255,0.0,LEU, ,N,14.71,8.56,0.0,4.22,1.0,<Residue LEU het=  resseq=285 icode= >,4ix7_B_A,1.581
256,0.0,LEU, ,CA,14.77,8.60,0.0,3.82,1.0,<Residue LEU het=  resseq=285 icode= >,4ix7_B_A,1.581
257,0.0,LEU, ,C,14.47,7.25,0.0,4.69,1.0,<Residue LEU het=  resseq=285 icode= >,4ix7_B_A,1.581
258,0.0,LEU, ,O,16.81,7.24,0.0,5.02,1.0,<Residue LEU het=  resseq=285 icode= >,4ix7_B_A,1.581
259,0.0,LEU, ,CB,15.53,8.88,0.0,2.84,1.0,<Residue LEU het=  resseq=285 icode= >,4ix7_B_A,1.581
260,0.0,LEU, ,CG,13.89,9.90,0.0,3.57,1.0,<Residue LEU het=  resseq=285 icode= >,4ix7_B_A,1.581
261,0.0,LEU, ,CD1,15.65,9.14,0.0,4.02,1.0,<Residue LEU het=  resseq=285 icode= >,4ix7_B_A,1.581
262,0.0,LEU, ,CD2,15.08,10.93,0.0,3.25,1.0,<Residue LEU het=  resseq=285 icode= >,4ix7_B_A,1.581
263,0.0,VAL, ,N,16.53,6.22,0.0,4.26,1.0,<Residue VAL het=  resseq=286 icode= >,4ix7_B_A,1.581
264,0.39,VAL, ,CA,16.34,4.91,0.0,3.18,1.0,<Residue VAL het=  resseq=286 icode= >,4ix7_B_A,1.581
265,0.23,VAL, ,C,17.21,4.30,0.23,3.56,1.0,<Residue VAL het=  resseq=286 icode= >,4ix7_B_A,1.581
266,21.781,VAL, ,O,18.15,3.63,15.427,4.77,1.0,<Residue VAL het=  resseq=286 icode= >,4ix7_B_A,1.581
267,11.116,VAL, ,CB,17.77,4.02,10.065,3.26,1.0,<Residue VAL het=  resseq=286 icode= >,4ix7_B_A,1.581
268,14.282,VAL, ,CG1,20.15,4.11,10.447,3.02,1.0,<Residue VAL het=  resseq=286 icode= >,4ix7_B_A,1.581
269,21.68,VAL, ,CG2,18.82,3.66,19.524,3.23,1.0,<Residue VAL het=  resseq=286 icode= >,4ix7_B_A,1.581
270,0.0,THR, ,N,16.65,4.99,0.0,4.58,1.0,<Residue THR het=  resseq=287 icode= >,4ix7_B_A,1.581
271,7.215,THR, ,CA,16.6,4.98,3.422,4.13,1.0,<Residue THR het=  resseq=287 icode= >,4ix7_B_A,1.581
272,0.0,THR, ,C,21.33,6.24,0.0,3.69,1.0,<Residue THR het=  resseq=287 icode= >,4ix7_B_A,1.581
273,25.71,THR, ,O,21.59,6.43,0.0,4.14,1.0,<Residue THR het=  resseq=287 icode= >,4ix7_B_A,1.581
274,0.0,THR, ,CB,16.98,5.28,0.0,4.02,1.0,<Residue THR het=  resseq=287 icode= >,4ix7_B_A,1.581
275,3.773,THR, ,OG1,18.86,4.40,3.432,4.35,1.0,<Residue THR het=  resseq=287 icode= >,4ix7_B_A,1.581
276,13.266,THR, ,CG2,20.54,5.79,0.0,2.52,1.0,<Residue THR het=  resseq=287 icode= >,4ix7_B_A,1.581
277,0.0,ILE, ,N,16.32,7.19,0.0,5.15,1.0,<Residue ILE het=  resseq=288 icode= >,4ix7_B_A,1.581
278,4.6,ILE, ,CA,16.02,8.45,0.0,4.42,1.0,<Residue ILE het=  resseq=288 icode= >,4ix7_B_A,1.581
279,1.052,ILE, ,C,21.71,8.51,0.0,4.13,1.0,<Residue ILE het=  resseq=288 icode= >,4ix7_B_A,1.581
280,19.387,ILE, ,O,23.43,9.20,0.0,4.75,1.0,<Residue ILE het=  resseq=288 icode= >,4ix7_B_A,1.581
281,0.0,ILE, ,CB,17.85,9.63,0.0,4.03,1.0,<Residue ILE het=  resseq=288 icode= >,4ix7_B_A,1.581
282,1.532,ILE, ,CG1,17.91,9.69,0.0,3.33,1.0,<Residue ILE het=  resseq=288 icode= >,4ix7_B_A,1.581
283,2.391,ILE, ,CG2,19.18,10.93,0.0,3.33,1.0,<Residue ILE het=  resseq=288 icode= >,4ix7_B_A,1.581
284,0.0,ILE, ,CD1,21.48,10.62,0.0,2.74,1.0,<Residue ILE het=  resseq=288 icode= >,4ix7_B_A,1.581
285,0.0,PHE, ,N,19.36,7.81,0.0,4.92,1.0,<Residue PHE het=  resseq=289 icode= >,4ix7_B_A,1.581
286,3.078,PHE, ,CA,17.44,7.91,0.0,4.24,1.0,<Residue PHE het=  resseq=289 icode= >,4ix7_B_A,1.581
287,3.065,PHE, ,C,20.41,6.63,0.0,4.02,1.0,<Residue PHE het=  resseq=289 icode= >,4ix7_B_A,1.581
288,1.096,PHE, ,O,20.37,5.62,0.118,4.07,1.0,<Residue PHE het=  resseq=289 icode= >,4ix7_B_A,1.581
289,0.0,PHE, ,CB,15.96,8.75,0.0,4.03,1.0,<Residue PHE het=  resseq=289 icode= >,4ix7_B_A,1.581
290,0.0,PHE, ,CG,15.95,10.07,0.0,4.64,1.0,<Residue PHE het=  resseq=289 icode= >,4ix7_B_A,1.581
291,7.963,PHE, ,CD1,18.07,11.12,0.0,3.97,1.0,<Residue PHE het=  resseq=289 icode= >,4ix7_B_A,1.581
292,0.0,PHE, ,CD2,17.87,10.41,0.0,3.99,1.0,<Residue PHE het=  resseq=289 icode= >,4ix7_B_A,1.581
293,3.546,PHE, ,CE1,17.42,12.35,0.0,4.17,1.0,<Residue PHE het=  resseq=289 icode= >,4ix7_B_A,1.581
294,0.0,PHE, ,CE2,17.16,11.72,0.0,3.86,1.0,<Residue PHE het=  resseq=289 icode= >,4ix7_B_A,1.581
295,0.0,PHE, ,CZ,17.86,12.49,0.0,3.74,1.0,<Residue PHE het=  resseq=289 icode= >,4ix7_B_A,1.581
296,5.695,ASP, ,N,20.85,6.87,0.0,3.71,1.0,<Residue ASP het=  resseq=290 icode= >,4ix7_B_A,1.581
297,7.739,ASP, ,CA,21.93,6.04,1.911,3.03,1.0,<Residue ASP het=  resseq=290 icode= >,4ix7_B_A,1.581
298,0.0,ASP, ,C,22.18,6.31,0.0,3.15,1.0,<Residue ASP het=  resseq=290 icode= >,4ix7_B_A,1.581
299,0.0,ASP, ,O,21.92,7.30,0.0,4.13,1.0,<Residue ASP het=  resseq=290 icode= >,4ix7_B_A,1.581
300,34.444,ASP, ,CB,26.02,6.62,0.0,2.72,1.0,<Residue ASP het=  resseq=290 icode= >,4ix7_B_A,1.581
301,3.533,ASP, ,CG,30.13,8.12,0.0,2.79,1.0,<Residue ASP het=  resseq=290 icode= >,4ix7_B_A,1.581
302,0.077,ASP, ,OD1,27.13,8.65,0.0,2.69,1.0,<Residue ASP het=  resseq=290 icode= >,4ix7_B_A,1.581
303,39.972,ASP, ,OD2,36.66,8.91,0.0,2.59,1.0,<Residue ASP het=  resseq=290 icode= >,4ix7_B_A,1.581
304,5.656,ARG, ,N,23.86,5.76,1.333,3.06,1.0,<Residue ARG het=  resseq=291 icode= >,4ix7_B_A,1.581
305,0.01,ARG, ,CA,22.61,6.43,0.0,3.06,1.0,<Residue ARG het=  resseq=291 icode= >,4ix7_B_A,1.581
306,0.533,ARG, ,C,23.29,7.92,0.0,3.45,1.0,<Residue ARG het=  resseq=291 icode= >,4ix7_B_A,1.581
307,0.0,ARG, ,O,23.11,8.76,0.0,3.71,1.0,<Residue ARG het=  resseq=291 icode= >,4ix7_B_A,1.581
308,16.236,ARG, ,CB,29.57,6.17,0.0,2.06,1.0,<Residue ARG het=  resseq=291 icode= >,4ix7_B_A,1.581
309,13.762,ARG, ,CG,35.18,5.26,7.532,1.77,1.0,<Residue ARG het=  resseq=291 icode= >,4ix7_B_A,1.581
310,24.094,ARG, ,CD,34.31,5.57,0.0,2.16,1.0,<Residue ARG het=  resseq=291 icode= >,4ix7_B_A,1.581
311,17.63,ARG, ,NE,35.53,4.77,3.552,2.74,1.0,<Residue ARG het=  resseq=291 icode= >,4ix7_B_A,1.581
312,7.532,ARG, ,CZ,28.77,3.48,2.85,2.97,1.0,<Residue ARG het=  resseq=291 icode= >,4ix7_B_A,1.581
313,13.48,ARG, ,NH1,30.03,2.83,11.498,2.66,1.0,<Residue ARG het=  resseq=291 icode= >,4ix7_B_A,1.581
314,59.313,ARG, ,NH2,32.07,3.14,32.975,2.00,1.0,<Residue ARG het=  resseq=291 icode= >,4ix7_B_A,1.581
315,2.081,GLU, ,N,23.26,8.40,0.0,3.95,1.0,<Residue GLU het=  resseq=292 icode= >,4ix7_B_A,1.581
316,4.6,GLU, ,CA,28.57,9.85,0.0,2.61,1.0,<Residue GLU het=  resseq=292 icode= >,4ix7_B_A,1.581
317,0.0,GLU, ,C,22.89,10.52,0.0,3.97,1.0,<Residue GLU het=  resseq=292 icode= >,4ix7_B_A,1.581
318,0.0,GLU, ,O,24.45,11.57,0.0,3.98,1.0,<Residue GLU het=  resseq=292 icode= >,4ix7_B_A,1.581
319,20.022,GLU, ,CB,32.47,10.37,0.0,2.09,1.0,<Residue GLU het=  resseq=292 icode= >,4ix7_B_A,1.581
320,32.823,GLU, ,CG,41.2,11.85,0.0,1.24,1.0,<Residue GLU het=  resseq=292 icode= >,4ix7_B_A,1.581
321,8.164,GLU, ,CD,49.13,12.79,0.0,1.18,1.0,<Residue GLU het=  resseq=292 icode= >,4ix7_B_A,1.581
322,15.811,GLU, ,OE1,52.55,12.51,0.0,0.40,1.0,<Residue GLU het=  resseq=292 icode= >,4ix7_B_A,1.581
323,22.064,GLU, ,OE2,54.48,13.63,0.0,0.94,1.0,<Residue GLU het=  resseq=292 icode= >,4ix7_B_A,1.581
324,0.0,THR, ,N,19.3,10.06,0.0,4.52,1.0,<Residue THR het=  resseq=293 icode= >,4ix7_B_A,1.581
325,0.0,THR, ,CA,18.82,10.88,0.0,3.14,1.0,<Residue THR het=  resseq=293 icode= >,4ix7_B_A,1.581
326,0.0,THR, ,C,19.35,10.99,0.0,3.30,1.0,<Residue THR het=  resseq=293 icode= >,4ix7_B_A,1.581
327,0.0,THR, ,O,18.11,9.97,0.0,5.06,1.0,<Residue THR het=  resseq=293 icode= >,4ix7_B_A,1.581
328,0.324,THR, ,CB,21.55,10.58,0.0,2.58,1.0,<Residue THR het=  resseq=293 icode= >,4ix7_B_A,1.581
329,17.798,THR, ,OG1,23.27,10.84,0.0,3.15,1.0,<Residue THR het=  resseq=293 icode= >,4ix7_B_A,1.581
330,10.334,THR, ,CG2,17.64,11.64,0.0,2.25,1.0,<Residue THR het=  resseq=293 icode= >,4ix7_B_A,1.581
331,0.0,LEU, ,N,19.89,9.93,0.0,3.78,1.0,<Residue LEU het=  resseq=294 icode= >,4ix7_B_A,1.581
332,0.0,LEU, ,CA,17.86,10.26,0.0,3.77,1.0,<Residue LEU het=  resseq=294 icode= >,4ix7_B_A,1.581
333,0.0,LEU, ,C,23.91,9.16,0.0,3.33,1.0,<Residue LEU het=  resseq=294 icode= >,4ix7_B_A,1.581
334,0.201,LEU, ,O,23.46,8.02,0.0,4.24,1.0,<Residue LEU het=  resseq=294 icode= >,4ix7_B_A,1.581
335,0.0,LEU, ,CB,19.16,9.01,0.0,3.03,1.0,<Residue LEU het=  resseq=294 icode= >,4ix7_B_A,1.581
336,0.0,LEU, ,CG,20.67,8.42,0.0,2.45,1.0,<Residue LEU het=  resseq=294 icode= >,4ix7_B_A,1.581
337,0.692,LEU, ,CD1,21.15,7.32,0.0,2.93,1.0,<Residue LEU het=  resseq=294 icode= >,4ix7_B_A,1.581
338,0.0,LEU, ,CD2,21.17,9.57,0.0,2.94,1.0,<Residue LEU het=  resseq=294 icode= >,4ix7_B_A,1.581
339,0.0,ALA, ,N,23.94,9.62,0.0,3.21,1.0,<Residue ALA het=  resseq=295 icode= >,4ix7_B_A,1.581
340,0.0,ALA, ,CA,25.26,8.93,0.0,2.62,1.0,<Residue ALA het=  resseq=295 icode= >,4ix7_B_A,1.581
341,0.251,ALA, ,C,27.43,8.06,0.0,3.11,1.0,<Residue ALA het=  resseq=295 icode= >,4ix7_B_A,1.581
342,0.278,ALA, ,O,29.93,7.37,0.0,3.25,1.0,<Residue ALA het=  resseq=295 icode= >,4ix7_B_A,1.581
343,1.233,ALA, ,CB,24.54,10.07,0.0,2.66,1.0,<Residue ALA het=  resseq=295 icode= >,4ix7_B_A,1.581
344,0.0,THR, ,N,20.8,8.35,0.0,3.84,1.0,<Residue THR het=  resseq=296 icode= >,4ix7_B_A,1.581
345,2.266,THR, ,CA,21.33,8.07,0.0,3.05,1.0,<Residue THR het=  resseq=296 icode= >,4ix7_B_A,1.581
346,0.0,THR, ,C,20.24,7.59,0.0,3.84,1.0,<Residue THR het=  resseq=296 icode= >,4ix7_B_A,1.581
347,2.244,THR, ,O,23.22,7.69,0.0,3.50,1.0,<Residue THR het=  resseq=296 icode= >,4ix7_B_A,1.581
348,10.603,THR, ,CB,24.53,9.45,0.0,1.91,1.0,<Residue THR het=  resseq=296 icode= >,4ix7_B_A,1.581
349,0.045,THR, ,OG1,25.46,10.39,0.0,3.49,1.0,<Residue THR het=  resseq=296 icode= >,4ix7_B_A,1.581
350,21.846,THR, ,CG2,25.45,10.10,0.0,2.45,1.0,<Residue THR het=  resseq=296 icode= >,4ix7_B_A,1.581
351,0.0,HIS, ,N,18.18,7.44,0.0,4.45,1.0,<Residue HIS het=  resseq=297 icode= >,4ix7_B_A,1.581
352,0.0,HIS, ,CA,19.43,7.38,0.0,3.08,1.0,<Residue HIS het=  resseq=297 icode= >,4ix7_B_A,1.581
353,0.0,HIS, ,C,19.33,6.36,0.0,3.65,1.0,<Residue HIS het=  resseq=297 icode= >,4ix7_B_A,1.581
354,0.558,HIS, ,O,19.97,5.80,0.0,4.47,1.0,<Residue HIS het=  resseq=297 icode= >,4ix7_B_A,1.581
355,0.0,HIS, ,CB,18.09,8.76,0.0,2.86,1.0,<Residue HIS het=  resseq=297 icode= >,4ix7_B_A,1.581
356,0.0,HIS, ,CG,18.07,9.91,0.0,3.32,1.0,<Residue HIS het=  resseq=297 icode= >,4ix7_B_A,1.581
357,0.0,HIS, ,ND1,20.51,10.35,0.0,3.35,1.0,<Residue HIS het=  resseq=297 icode= >,4ix7_B_A,1.581
358,2.601,HIS, ,CD2,23.86,10.38,0.0,3.24,1.0,<Residue HIS het=  resseq=297 icode= >,4ix7_B_A,1.581
359,3.069,HIS, ,CE1,27.92,11.47,0.0,2.72,1.0,<Residue HIS het=  resseq=297 icode= >,4ix7_B_A,1.581
360,11.074,HIS, ,NE2,24.69,11.68,0.0,3.62,1.0,<Residue HIS het=  resseq=297 icode= >,4ix7_B_A,1.581
361,0.0,SER, ,N,19.31,5.85,0.0,3.52,1.0,<Residue SER het=  resseq=298 icode= >,4ix7_B_A,1.581
362,0.228,SER, ,CA,17.07,4.57,0.0,3.81,1.0,<Residue SER het=  resseq=298 icode= >,4ix7_B_A,1.581
363,0.0,SER, ,C,19.4,4.20,0.0,4.30,1.0,<Residue SER het=  resseq=298 icode= >,4ix7_B_A,1.581
364,0.0,SER, ,O,20.01,5.00,0.0,4.53,1.0,<Residue SER het=  resseq=298 icode= >,4ix7_B_A,1.581
365,24.655,SER, ,CB,18.99,3.75,19.437,3.70,1.0,<Residue SER het=  resseq=298 icode= >,4ix7_B_A,1.581
366,0.655,SER, ,OG,19.23,3.79,0.0,4.53,1.0,<Residue SER het=  resseq=298 icode= >,4ix7_B_A,1.581
367,1.431,VAL, ,N,15.29,3.48,1.257,4.77,1.0,<Residue VAL het=  resseq=299 icode= >,4ix7_B_A,1.581
368,0.0,VAL, ,CA,18.48,3.83,0.0,3.72,1.0,<Residue VAL het=  resseq=299 icode= >,4ix7_B_A,1.581
369,0.0,VAL, ,C,18.16,3.78,0.0,3.08,1.0,<Residue VAL het=  resseq=299 icode= >,4ix7_B_A,1.581
370,7.919,VAL, ,O,20.51,4.94,0.0,4.05,1.0,<Residue VAL het=  resseq=299 icode= >,4ix7_B_A,1.581
371,5.607,VAL, ,CB,19.48,3.72,5.607,3.77,1.0,<Residue VAL het=  resseq=299 icode= >,4ix7_B_A,1.581
372,11.845,VAL, ,CG1,20.97,4.70,3.267,3.72,1.0,<Residue VAL het=  resseq=299 icode= >,4ix7_B_A,1.581
373,0.62,VAL, ,CG2,20.63,3.98,0.522,3.26,1.0,<Residue VAL het=  resseq=299 icode= >,4ix7_B_A,1.581
374,0.0,THR, ,N,17.02,2.86,0.0,4.97,1.0,<Residue THR het=  resseq=300 icode= >,4ix7_B_A,1.581
375,3.264,THR, ,CA,17.18,3.63,0.0,3.32,1.0,<Residue THR het=  resseq=300 icode= >,4ix7_B_A,1.581
376,0.0,THR, ,C,18.86,4.35,0.0,3.57,1.0,<Residue THR het=  resseq=300 icode= >,4ix7_B_A,1.581
377,12.531,THR, ,O,22.79,5.43,0.0,3.80,1.0,<Residue THR het=  resseq=300 icode= >,4ix7_B_A,1.581
378,4.211,THR, ,CB,19.09,3.39,0.0,2.79,1.0,<Residue THR het=  resseq=300 icode= >,4ix7_B_A,1.581
379,10.808,THR, ,OG1,16.15,2.64,9.806,5.10,1.0,<Residue THR het=  resseq=300 icode= >,4ix7_B_A,1.581
380,52.979,THR, ,CG2,16.43,3.52,28.08,3.41,1.0,<Residue THR het=  resseq=300 icode= >,4ix7_B_A,1.581
381,0.0,GLY, ,N,19.64,4.17,0.0,3.88,1.0,<Residue GLY het=  resseq=301 icode= >,4ix7_B_A,1.581
382,3.569,GLY, ,CA,20.78,5.30,0.0,2.59,1.0,<Residue GLY het=  resseq=301 icode= >,4ix7_B_A,1.581
383,1.902,GLY, ,C,24.05,5.65,0.0,2.96,1.0,<Residue GLY het=  resseq=301 icode= >,4ix7_B_A,1.581
384,24.008,GLY, ,O,27.29,6.85,0.0,2.95,1.0,<Residue GLY het=  resseq=301 icode= >,4ix7_B_A,1.581
385,0.0,LYS, ,N,18.15,4.89,0.0,4.32,1.0,<Residue LYS het=  resseq=302 icode= >,4ix7_B_A,1.581
386,0.565,LYS, ,CA,22.13,5.05,0.0,3.34,1.0,<Residue LYS het=  resseq=302 icode= >,4ix7_B_A,1.581
387,2.05,LYS, ,C,20.45,4.29,0.0,3.84,1.0,<Residue LYS het=  resseq=302 icode= >,4ix7_B_A,1.581
388,16.393,LYS, ,O,19.45,3.13,14.42,4.89,1.0,<Residue LYS het=  resseq=302 icode= >,4ix7_B_A,1.581
389,8.212,LYS, ,CB,19.0,5.20,0.724,2.92,1.0,<Residue LYS het=  resseq=302 icode= >,4ix7_B_A,1.581
390,12.148,LYS, ,CG,25.79,6.49,0.0,1.62,1.0,<Residue LYS het=  resseq=302 icode= >,4ix7_B_A,1.581
391,25.935,LYS, ,CD,29.43,7.08,0.0,1.10,1.0,<Residue LYS het=  resseq=302 icode= >,4ix7_B_A,1.581
392,45.462,LYS, ,CE,42.36,8.02,0.0,0.30,1.0,<Residue LYS het=  resseq=302 icode= >,4ix7_B_A,1.581
393,49.178,LYS, ,NZ,48.2,6.54,0.0,0.48,1.0,<Residue LYS het=  resseq=302 icode= >,4ix7_B_A,1.581
394,0.565,PRO, ,N,18.38,4.99,0.0,4.03,1.0,<Residue PRO het=  resseq=303 icode= >,4ix7_B_A,1.581
395,12.316,PRO, ,CA,17.37,4.56,6.252,3.52,1.0,<Residue PRO het=  resseq=303 icode= >,4ix7_B_A,1.581
396,0.221,PRO, ,C,17.96,3.99,0.221,3.94,1.0,<Residue PRO het=  resseq=303 icode= >,4ix7_B_A,1.581
397,9.514,PRO, ,O,19.37,4.29,1.353,4.37,1.0,<Residue PRO het=  resseq=303 icode= >,4ix7_B_A,1.581
398,23.388,PRO, ,CB,22.52,5.84,0.0,3.30,1.0,<Residue PRO het=  resseq=303 icode= >,4ix7_B_A,1.581
399,13.91,PRO, ,CG,29.92,6.81,0.0,2.16,1.0,<Residue PRO het=  resseq=303 icode= >,4ix7_B_A,1.581
400,21.637,PRO, ,CD,22.76,6.44,0.0,2.54,1.0,<Residue PRO het=  resseq=303 icode= >,4ix7_B_A,1.581
401,8.348,SER, ,N,15.33,3.71,6.245,5.41,1.0,<Residue SER het=  resseq=304 icode= >,4ix7_B_A,1.581
402,4.618,SER, ,CA,15.06,3.39,4.618,3.78,1.0,<Residue SER het=  resseq=304 icode= >,4ix7_B_A,1.581
403,0.0,SER, ,C,17.17,4.78,0.0,5.00,1.0,<Residue SER het=  resseq=304 icode= >,4ix7_B_A,1.581
404,0.203,SER, ,O,17.82,5.78,0.0,5.38,1.0,<Residue SER het=  resseq=304 icode= >,4ix7_B_A,1.581
405,27.503,SER, ,CB,17.49,3.37,27.5,2.75,1.0,<Residue SER het=  resseq=304 icode= >,4ix7_B_A,1.581
406,8.979,SER, ,OG,17.35,2.77,8.979,4.26,1.0,<Residue SER het=  resseq=304 icode= >,4ix7_B_A,1.581
407,0.0,PRO, ,N,16.41,4.16,0.0,4.23,1.0,<Residue PRO het=  resseq=305 icode= >,4ix7_B_A,1.581
408,1.213,PRO, ,CA,15.43,4.02,0.217,3.52,1.0,<Residue PRO het=  resseq=305 icode= >,4ix7_B_A,1.581
409,0.792,PRO, ,C,18.3,3.80,0.792,3.47,1.0,<Residue PRO het=  resseq=305 icode= >,4ix7_B_A,1.581
410,17.961,PRO, ,O,20.4,3.44,16.548,4.76,1.0,<Residue PRO het=  resseq=305 icode= >,4ix7_B_A,1.581
411,36.276,PRO, ,CB,16.67,3.34,35.101,3.30,1.0,<Residue PRO het=  resseq=305 icode= >,4ix7_B_A,1.581
412,42.757,PRO, ,CG,17.03,3.69,28.936,3.18,1.0,<Residue PRO het=  resseq=305 icode= >,4ix7_B_A,1.581
413,23.052,PRO, ,CD,16.88,3.75,18.919,3.23,1.0,<Residue PRO het=  resseq=305 icode= >,4ix7_B_A,1.581
414,0.4,ALA, ,N,18.71,3.43,0.4,4.14,1.0,<Residue ALA het=  resseq=306 icode= >,4ix7_B_A,1.581
415,10.721,ALA, ,CA,17.24,3.46,10.721,3.94,1.0,<Residue ALA het=  resseq=306 icode= >,4ix7_B_A,1.581
416,2.157,ALA, ,C,19.03,4.61,0.528,4.11,1.0,<Residue ALA het=  resseq=306 icode= >,4ix7_B_A,1.581
417,18.064,ALA, ,O,22.44,4.60,3.811,4.45,1.0,<Residue ALA het=  resseq=306 icode= >,4ix7_B_A,1.581
418,44.896,ALA, ,CB,19.68,3.32,39.598,3.56,1.0,<Residue ALA het=  resseq=306 icode= >,4ix7_B_A,1.581
419,0.0,PHE, ,N,18.11,5.70,0.0,4.75,1.0,<Residue PHE het=  resseq=307 icode= >,4ix7_B_A,1.581
420,0.0,PHE, ,CA,24.28,6.52,0.0,2.64,1.0,<Residue PHE het=  resseq=307 icode= >,4ix7_B_A,1.581
421,0.913,PHE, ,C,25.0,7.28,0.0,3.59,1.0,<Residue PHE het=  resseq=307 icode= >,4ix7_B_A,1.581
422,3.557,PHE, ,O,22.71,7.37,0.0,4.18,1.0,<Residue PHE het=  resseq=307 icode= >,4ix7_B_A,1.581
423,2.051,PHE, ,CB,19.78,5.16,0.254,3.12,1.0,<Residue PHE het=  resseq=307 icode= >,4ix7_B_A,1.581
424,0.0,PHE, ,CG,21.0,4.37,0.0,3.00,1.0,<Residue PHE het=  resseq=307 icode= >,4ix7_B_A,1.581
425,0.0,PHE, ,CD1,28.69,4.86,0.0,2.07,1.0,<Residue PHE het=  resseq=307 icode= >,4ix7_B_A,1.581
426,3.018,PHE, ,CD2,19.98,3.71,3.018,3.40,1.0,<Residue PHE het=  resseq=307 icode= >,4ix7_B_A,1.581
427,17.47,PHE, ,CE1,27.16,4.47,4.282,2.51,1.0,<Residue PHE het=  resseq=307 icode= >,4ix7_B_A,1.581
428,21.713,PHE, ,CE2,19.99,3.39,21.433,3.47,1.0,<Residue PHE het=  resseq=307 icode= >,4ix7_B_A,1.581
429,34.24,PHE, ,CZ,23.2,3.89,21.568,3.59,1.0,<Residue PHE het=  resseq=307 icode= >,4ix7_B_A,1.581
430,1.239,LYS, ,N,26.02,6.07,0.0,2.68,1.0,<Residue LYS het=  resseq=308 icode= >,4ix7_B_A,1.581
431,2.779,LYS, ,CA,29.26,6.15,0.0,2.17,1.0,<Residue LYS het=  resseq=308 icode= >,4ix7_B_A,1.581
432,0.978,LYS, ,C,29.51,7.05,0.0,2.56,1.0,<Residue LYS het=  resseq=308 icode= >,4ix7_B_A,1.581
433,23.942,LYS, ,O,29.5,7.85,0.0,3.05,1.0,<Residue LYS het=  resseq=308 icode= >,4ix7_B_A,1.581
434,24.256,LYS, ,CB,29.11,4.90,3.885,1.83,1.0,<Residue LYS het=  resseq=308 icode= >,4ix7_B_A,1.581
435,14.463,LYS, ,CG,24.15,4.27,13.222,2.23,1.0,<Residue LYS het=  resseq=308 icode= >,4ix7_B_A,1.581
436,3.561,LYS, ,CD,30.14,5.28,0.0,2.25,1.0,<Residue LYS het=  resseq=308 icode= >,4ix7_B_A,1.581
437,37.327,LYS, ,CE,33.55,5.70,1.077,2.14,1.0,<Residue LYS het=  resseq=308 icode= >,4ix7_B_A,1.581
438,26.557,LYS, ,NZ,31.09,6.66,0.0,2.74,1.0,<Residue LYS het=  resseq=308 icode= >,4ix7_B_A,1.581
439,1.072,ASP, ,N,30.27,7.19,0.0,2.48,1.0,<Residue ASP het=  resseq=309 icode= >,4ix7_B_A,1.581
440,9.834,ASP, ,CA,32.12,8.16,0.0,1.92,1.0,<Residue ASP het=  resseq=309 icode= >,4ix7_B_A,1.581
441,1.85,ASP, ,C,44.11,9.56,0.0,0.99,1.0,<Residue ASP het=  resseq=309 icode= >,4ix7_B_A,1.581
442,26.473,ASP, ,O,44.67,10.44,0.0,1.60,1.0,<Residue ASP het=  resseq=309 icode= >,4ix7_B_A,1.581
443,36.293,ASP, ,CB,39.05,7.57,0.0,1.18,1.0,<Residue ASP het=  resseq=309 icode= >,4ix7_B_A,1.581
444,8.547,ASP, ,CG,47.4,7.36,0.0,1.21,1.0,<Residue ASP het=  resseq=309 icode= >,4ix7_B_A,1.581
445,6.515,ASP, ,OD1,38.98,7.13,0.0,1.57,1.0,<Residue ASP het=  resseq=309 icode= >,4ix7_B_A,1.581
446,39.712,ASP, ,OD2,54.43,7.68,0.0,0.49,1.0,<Residue ASP het=  resseq=309 icode= >,4ix7_B_A,1.581
447,0.0,GLN, ,N,37.3,9.71,0.0,1.31,1.0,<Residue GLN het=  resseq=310 icode= >,4ix7_B_A,1.581
448,3.406,GLN, ,CA,38.01,9.49,0.0,1.36,1.0,<Residue GLN het=  resseq=310 icode= >,4ix7_B_A,1.581
449,0.275,GLN, ,C,39.13,9.13,0.0,1.83,1.0,<Residue GLN het=  resseq=310 icode= >,4ix7_B_A,1.581
450,11.298,GLN, ,O,40.6,8.91,0.0,1.69,1.0,<Residue GLN het=  resseq=310 icode= >,4ix7_B_A,1.581
451,6.6,GLN, ,CB,33.18,8.16,0.0,1.56,1.0,<Residue GLN het=  resseq=310 icode= >,4ix7_B_A,1.581
452,13.404,GLN, ,CG,38.89,8.46,0.0,1.28,1.0,<Residue GLN het=  resseq=310 icode= >,4ix7_B_A,1.581
453,5.224,GLN, ,CD,47.23,7.36,0.0,1.28,1.0,<Residue GLN het=  resseq=310 icode= >,4ix7_B_A,1.581
454,18.46,GLN, ,OE1,45.65,6.40,0.0,1.28,1.0,<Residue GLN het=  resseq=310 icode= >,4ix7_B_A,1.581
455,30.139,GLN, ,NE2,51.72,7.34,0.0,0.65,1.0,<Residue GLN het=  resseq=310 icode= >,4ix7_B_A,1.581
456,4.837,ASP, ,N,30.9,9.26,0.0,2.30,1.0,<Residue ASP het=  resseq=311 icode= >,4ix7_B_A,1.581
457,7.197,ASP, ,CA,34.42,9.37,0.0,1.77,1.0,<Residue ASP het=  resseq=311 icode= >,4ix7_B_A,1.581
458,5.085,ASP, ,C,34.82,8.26,0.0,1.88,1.0,<Residue ASP het=  resseq=311 icode= >,4ix7_B_A,1.581
459,20.174,ASP, ,O,29.88,8.66,0.0,1.89,1.0,<Residue ASP het=  resseq=311 icode= >,4ix7_B_A,1.581
460,30.077,ASP, ,CB,34.29,10.68,0.0,1.32,1.0,<Residue ASP het=  resseq=311 icode= >,4ix7_B_A,1.581
461,9.218,ASP, ,CG,44.95,11.82,0.0,1.09,1.0,<Residue ASP het=  resseq=311 icode= >,4ix7_B_A,1.581
462,41.068,ASP, ,OD1,53.57,12.42,0.0,1.00,1.0,<Residue ASP het=  resseq=311 icode= >,4ix7_B_A,1.581
463,28.089,ASP, ,OD2,52.01,11.72,0.0,0.87,1.0,<Residue ASP het=  resseq=311 icode= >,4ix7_B_A,1.581
464,2.618,LYS, ,N,22.46,7.05,0.0,3.23,1.0,<Residue LYS het=  resseq=312 icode= >,4ix7_B_A,1.581
465,1.931,LYS, ,CA,22.26,6.02,0.0,2.77,1.0,<Residue LYS het=  resseq=312 icode= >,4ix7_B_A,1.581
466,0.0,LYS, ,C,20.2,5.90,0.0,3.77,1.0,<Residue LYS het=  resseq=312 icode= >,4ix7_B_A,1.581
467,11.878,LYS, ,O,23.0,6.21,0.0,3.99,1.0,<Residue LYS het=  resseq=312 icode= >,4ix7_B_A,1.581
468,20.122,LYS, ,CB,21.35,4.79,9.75,2.07,1.0,<Residue LYS het=  resseq=312 icode= >,4ix7_B_A,1.581
469,4.441,LYS, ,CG,26.71,4.64,4.244,2.33,1.0,<Residue LYS het=  resseq=312 icode= >,4ix7_B_A,1.581
470,20.537,LYS, ,CD,26.86,3.87,10.928,2.22,1.0,<Residue LYS het=  resseq=312 icode= >,4ix7_B_A,1.581
471,5.911,LYS, ,CE,24.15,3.57,4.321,2.75,1.0,<Residue LYS het=  resseq=312 icode= >,4ix7_B_A,1.581
472,42.344,LYS, ,NZ,30.29,2.65,21.302,2.84,1.0,<Residue LYS het=  resseq=312 icode= >,4ix7_B_A,1.581
473,0.045,PRO, ,N,22.89,5.89,0.0,4.20,1.0,<Residue PRO het=  resseq=313 icode= >,4ix7_B_A,1.581
474,11.903,PRO, ,CA,23.4,6.25,0.0,2.97,1.0,<Residue PRO het=  resseq=313 icode= >,4ix7_B_A,1.581
475,0.0,PRO, ,C,23.39,5.47,0.0,3.43,1.0,<Residue PRO het=  resseq=313 icode= >,4ix7_B_A,1.581
476,10.676,PRO, ,O,23.68,4.25,6.298,4.00,1.0,<Residue PRO het=  resseq=313 icode= >,4ix7_B_A,1.581
477,25.595,PRO, ,CB,23.36,6.43,0.0,2.93,1.0,<Residue PRO het=  resseq=313 icode= >,4ix7_B_A,1.581
478,38.891,PRO, ,CG,25.74,6.79,0.0,2.73,1.0,<Residue PRO het=  resseq=313 icode= >,4ix7_B_A,1.581
479,20.973,PRO, ,CD,20.89,6.08,0.0,3.24,1.0,<Residue PRO het=  resseq=313 icode= >,4ix7_B_A,1.581
480,6.415,LEU, ,N,24.06,6.40,0.0,3.84,1.0,<Residue LEU het=  resseq=314 icode= >,4ix7_B_A,1.581
481,0.765,LEU, ,CA,24.46,6.28,0.0,3.19,1.0,<Residue LEU het=  resseq=314 icode= >,4ix7_B_A,1.581
482,0.609,LEU, ,C,23.1,6.17,0.0,3.24,1.0,<Residue LEU het=  resseq=314 icode= >,4ix7_B_A,1.581
483,19.838,LEU, ,O,27.14,6.84,0.0,3.20,1.0,<Residue LEU het=  resseq=314 icode= >,4ix7_B_A,1.581
484,19.079,LEU, ,CB,30.53,7.68,0.0,2.15,1.0,<Residue LEU het=  resseq=314 icode= >,4ix7_B_A,1.581
485,8.053,LEU, ,CG,31.37,8.18,0.0,1.76,1.0,<Residue LEU het=  resseq=314 icode= >,4ix7_B_A,1.581
486,67.558,LEU, ,CD1,42.49,9.67,0.0,0.68,1.0,<Residue LEU het=  resseq=314 icode= >,4ix7_B_A,1.581
487,41.543,LEU, ,CD2,36.88,7.57,0.0,0.91,1.0,<Residue LEU het=  resseq=314 icode= >,4ix7_B_A,1.581
488,4.978,LYS, ,N,24.26,5.67,0.091,3.26,1.0,<Residue LYS het=  resseq=315 icode= >,4ix7_B_A,1.581
489,0.12,LYS, ,CA,22.82,6.13,0.0,2.65,1.0,<Residue LYS het=  resseq=315 icode= >,4ix7_B_A,1.581
490,0.888,LYS, ,C,22.95,7.14,0.0,3.26,1.0,<Residue LYS het=  resseq=315 icode= >,4ix7_B_A,1.581
491,4.719,LYS, ,O,28.84,7.05,0.0,3.20,1.0,<Residue LYS het=  resseq=315 icode= >,4ix7_B_A,1.581
492,4.671,LYS, ,CB,22.39,5.18,0.703,2.66,1.0,<Residue LYS het=  resseq=315 icode= >,4ix7_B_A,1.581
493,2.908,LYS, ,CG,22.56,4.59,1.183,2.71,1.0,<Residue LYS het=  resseq=315 icode= >,4ix7_B_A,1.581
494,9.116,LYS, ,CD,22.28,3.43,8.687,3.40,1.0,<Residue LYS het=  resseq=315 icode= >,4ix7_B_A,1.581
495,14.311,LYS, ,CE,24.38,3.48,5.838,2.87,1.0,<Residue LYS het=  resseq=315 icode= >,4ix7_B_A,1.581
496,25.46,LYS, ,NZ,28.73,2.80,17.38,2.62,1.0,<Residue LYS het=  resseq=315 icode= >,4ix7_B_A,1.581
497,0.526,ARG, ,N,20.33,8.33,0.0,3.68,1.0,<Residue ARG het=  resseq=316 icode= >,4ix7_B_A,1.581
498,5.399,ARG, ,CA,21.2,8.96,0.0,2.91,1.0,<Residue ARG het=  resseq=316 icode= >,4ix7_B_A,1.581
499,0.0,ARG, ,C,20.18,7.91,0.0,3.55,1.0,<Residue ARG het=  resseq=316 icode= >,4ix7_B_A,1.581
500,0.0,ARG, ,O,21.9,7.34,0.0,4.04,1.0,<Residue ARG het=  resseq=316 icode= >,4ix7_B_A,1.581
501,6.546,ARG, ,CB,23.87,10.34,0.0,2.29,1.0,<Residue ARG het=  resseq=316 icode= >,4ix7_B_A,1.581
502,28.19,ARG, ,CG,31.11,11.16,0.0,1.67,1.0,<Residue ARG het=  resseq=316 icode= >,4ix7_B_A,1.581
503,29.822,ARG, ,CD,39.94,12.49,0.0,1.05,1.0,<Residue ARG het=  resseq=316 icode= >,4ix7_B_A,1.581
504,10.061,ARG, ,NE,41.97,12.48,0.0,1.28,1.0,<Residue ARG het=  resseq=316 icode= >,4ix7_B_A,1.581
505,4.267,ARG, ,CZ,51.79,13.61,0.0,1.02,1.0,<Residue ARG het=  resseq=316 icode= >,4ix7_B_A,1.581
506,36.917,ARG, ,NH1,50.74,13.67,0.0,0.90,1.0,<Residue ARG het=  resseq=316 icode= >,4ix7_B_A,1.581
507,47.292,ARG, ,NH2,50.25,14.73,0.0,1.13,1.0,<Residue ARG het=  resseq=316 icode= >,4ix7_B_A,1.581
508,4.954,MET, ,N,21.26,7.92,0.0,3.94,1.0,<Residue MET het=  resseq=317 icode= >,4ix7_B_A,1.581
509,0.0,MET, ,CA,18.99,7.27,0.0,3.69,1.0,<Residue MET het=  resseq=317 icode= >,4ix7_B_A,1.581
510,0.0,MET, ,C,20.0,8.17,0.0,4.01,1.0,<Residue MET het=  resseq=317 icode= >,4ix7_B_A,1.581
511,12.016,MET, ,O,21.17,9.39,0.0,4.23,1.0,<Residue MET het=  resseq=317 icode= >,4ix7_B_A,1.581
512,4.044,MET, ,CB,23.01,7.51,0.0,2.35,1.0,<Residue MET het=  resseq=317 icode= >,4ix7_B_A,1.581
513,0.693,MET, ,CG,23.96,7.49,0.0,1.71,1.0,<Residue MET het=  resseq=317 icode= >,4ix7_B_A,1.581
514,26.925,MET, ,S,35.61,8.52,0.0,7.72,0.61,<Residue MET het=  resseq=317 icode= >,4ix7_B_A,1.581
515,54.819,MET, ,CE,43.77,9.96,0.0,0.84,1.0,<Residue MET het=  resseq=317 icode= >,4ix7_B_A,1.581
516,0.0,LEU, ,N,18.38,7.76,0.0,4.25,1.0,<Residue LEU het=  resseq=318 icode= >,4ix7_B_A,1.581
517,0.516,LEU, ,CA,16.73,8.85,0.0,3.46,1.0,<Residue LEU het=  resseq=318 icode= >,4ix7_B_A,1.581
518,0.0,LEU, ,C,17.63,9.62,0.0,3.97,1.0,<Residue LEU het=  resseq=318 icode= >,4ix7_B_A,1.581
519,0.46,LEU, ,O,19.18,9.16,0.0,4.85,1.0,<Residue LEU het=  resseq=318 icode= >,4ix7_B_A,1.581
520,0.0,LEU, ,CB,17.61,8.55,0.0,3.04,1.0,<Residue LEU het=  resseq=318 icode= >,4ix7_B_A,1.581
521,0.0,LEU, ,CG,20.07,8.29,0.0,3.00,1.0,<Residue LEU het=  resseq=318 icode= >,4ix7_B_A,1.581
522,0.0,LEU, ,CD1,21.92,8.12,0.0,2.68,1.0,<Residue LEU het=  resseq=318 icode= >,4ix7_B_A,1.581
523,0.238,LEU, ,CD2,17.99,9.64,0.0,3.12,1.0,<Residue LEU het=  resseq=318 icode= >,4ix7_B_A,1.581
524,4.821,ASP, ,N,18.0,10.94,0.0,3.78,1.0,<Residue ASP het=  resseq=319 icode= >,4ix7_B_A,1.581
525,4.973,ASP, ,CA,20.25,11.95,0.0,2.75,1.0,<Residue ASP het=  resseq=319 icode= >,4ix7_B_A,1.581
526,0.0,ASP, ,C,19.77,11.65,0.0,3.67,1.0,<Residue ASP het=  resseq=319 icode= >,4ix7_B_A,1.581
527,0.0,ASP, ,O,19.36,11.66,0.0,4.18,1.0,<Residue ASP het=  resseq=319 icode= >,4ix7_B_A,1.581
528,10.753,ASP, ,CB,20.77,13.28,0.0,3.00,1.0,<Residue ASP het=  resseq=319 icode= >,4ix7_B_A,1.581
529,1.503,ASP, ,CG,27.57,14.45,0.0,3.15,1.0,<Residue ASP het=  resseq=319 icode= >,4ix7_B_A,1.581
530,37.209,ASP, ,OD1,42.65,15.30,0.0,1.28,1.0,<Residue ASP het=  resseq=319 icode= >,4ix7_B_A,1.581
531,6.197,ASP, ,OD2,27.23,14.62,0.0,3.18,1.0,<Residue ASP het=  resseq=319 icode= >,4ix7_B_A,1.581
532,0.0,PRO, ,N,17.71,11.60,0.0,3.94,1.0,<Residue PRO het=  resseq=320 icode= >,4ix7_B_A,1.581
533,3.909,PRO, ,CA,19.24,11.43,0.0,3.83,1.0,<Residue PRO het=  resseq=320 icode= >,4ix7_B_A,1.581
534,0.0,PRO, ,C,18.1,12.60,0.0,4.04,1.0,<Residue PRO het=  resseq=320 icode= >,4ix7_B_A,1.581
535,0.227,PRO, ,O,21.97,12.34,0.0,3.98,1.0,<Residue PRO het=  resseq=320 icode= >,4ix7_B_A,1.581
536,22.632,PRO, ,CB,25.91,11.59,0.0,2.79,1.0,<Residue PRO het=  resseq=320 icode= >,4ix7_B_A,1.581
537,14.583,PRO, ,CG,27.5,11.31,0.0,2.55,1.0,<Residue PRO het=  resseq=320 icode= >,4ix7_B_A,1.581
538,18.508,PRO, ,CD,24.53,11.75,0.0,2.53,1.0,<Residue PRO het=  resseq=320 icode= >,4ix7_B_A,1.581
539,3.968,GLY, ,N,21.52,13.78,0.0,3.68,1.0,<Residue GLY het=  resseq=321 icode= >,4ix7_B_A,1.581
540,17.693,GLY, ,CA,25.28,14.97,0.0,2.51,1.0,<Residue GLY het=  resseq=321 icode= >,4ix7_B_A,1.581
541,0.815,GLY, ,C,21.91,14.95,0.0,3.65,1.0,<Residue GLY het=  resseq=321 icode= >,4ix7_B_A,1.581
542,0.0,GLY, ,O,20.3,14.92,0.0,3.53,1.0,<Residue GLY het=  resseq=321 icode= >,4ix7_B_A,1.581
543,0.298,LYS, ,N,21.05,14.56,0.0,3.80,1.0,<Residue LYS het=  resseq=322 icode= >,4ix7_B_A,1.581
544,0.0,LYS, ,CA,17.95,14.66,0.0,3.19,1.0,<Residue LYS het=  resseq=322 icode= >,4ix7_B_A,1.581
545,0.0,LYS, ,C,17.14,13.70,0.0,4.15,1.0,<Residue LYS het=  resseq=322 icode= >,4ix7_B_A,1.581
546,0.0,LYS, ,O,19.32,14.17,0.0,4.41,1.0,<Residue LYS het=  resseq=322 icode= >,4ix7_B_A,1.581
547,0.0,LYS, ,CB,20.62,14.65,0.0,2.72,1.0,<Residue LYS het=  resseq=322 icode= >,4ix7_B_A,1.581
548,4.36,LYS, ,CG,21.67,15.86,0.0,2.44,1.0,<Residue LYS het=  resseq=322 icode= >,4ix7_B_A,1.581
549,0.146,LYS, ,CD,21.57,16.06,0.0,2.56,1.0,<Residue LYS het=  resseq=322 icode= >,4ix7_B_A,1.581
550,31.132,LYS, ,CE,29.31,17.36,0.0,1.76,1.0,<Residue LYS het=  resseq=322 icode= >,4ix7_B_A,1.581
551,41.461,LYS, ,NZ,31.15,17.79,0.0,1.59,1.0,<Residue LYS het=  resseq=322 icode= >,4ix7_B_A,1.581
552,0.0,ILE, ,N,16.54,12.44,0.0,4.66,1.0,<Residue ILE het=  resseq=323 icode= >,4ix7_B_A,1.581
553,0.0,ILE, ,CA,17.79,11.58,0.0,3.73,1.0,<Residue ILE het=  resseq=323 icode= >,4ix7_B_A,1.581
554,0.0,ILE, ,C,20.1,11.38,0.0,3.41,1.0,<Residue ILE het=  resseq=323 icode= >,4ix7_B_A,1.581
555,0.0,ILE, ,O,19.59,11.12,0.0,4.18,1.0,<Residue ILE het=  resseq=323 icode= >,4ix7_B_A,1.581
556,1.025,ILE, ,CB,19.24,10.10,0.0,3.50,1.0,<Residue ILE het=  resseq=323 icode= >,4ix7_B_A,1.581
557,0.338,ILE, ,CG1,17.83,9.56,0.0,3.27,1.0,<Residue ILE het=  resseq=323 icode= >,4ix7_B_A,1.581
558,8.685,ILE, ,CG2,19.41,9.26,0.0,3.37,1.0,<Residue ILE het=  resseq=323 icode= >,4ix7_B_A,1.581
559,0.0,ILE, ,CD1,20.11,9.88,0.0,2.89,1.0,<Residue ILE het=  resseq=323 icode= >,4ix7_B_A,1.581
560,0.0,GLN, ,N,17.43,11.63,0.0,3.98,1.0,<Residue GLN het=  resseq=324 icode= >,4ix7_B_A,1.581
561,1.52,GLN, ,CA,22.49,11.70,0.0,2.74,1.0,<Residue GLN het=  resseq=324 icode= >,4ix7_B_A,1.581
562,0.705,GLN, ,C,19.83,12.71,0.0,3.58,1.0,<Residue GLN het=  resseq=324 icode= >,4ix7_B_A,1.581
563,4.7,GLN, ,O,19.15,12.61,0.0,4.69,1.0,<Residue GLN het=  resseq=324 icode= >,4ix7_B_A,1.581
564,7.541,GLN, ,CB,19.8,12.30,0.0,2.75,1.0,<Residue GLN het=  resseq=324 icode= >,4ix7_B_A,1.581
565,18.576,GLN, ,CG,31.93,11.45,0.0,1.00,1.0,<Residue GLN het=  resseq=324 icode= >,4ix7_B_A,1.581
566,5.558,GLN, ,CD,38.09,12.41,0.0,1.05,1.0,<Residue GLN het=  resseq=324 icode= >,4ix7_B_A,1.581
567,19.215,GLN, ,OE1,34.33,13.56,0.0,1.81,1.0,<Residue GLN het=  resseq=324 icode= >,4ix7_B_A,1.581
568,42.757,GLN, ,NE2,38.31,12.08,0.0,0.95,1.0,<Residue GLN het=  resseq=324 icode= >,4ix7_B_A,1.581
569,0.0,ASP, ,N,18.29,13.81,0.0,3.91,1.0,<Residue ASP het=  resseq=325 icode= >,4ix7_B_A,1.581
570,0.0,ASP, ,CA,18.47,14.89,0.0,3.36,1.0,<Residue ASP het=  resseq=325 icode= >,4ix7_B_A,1.581
571,0.0,ASP, ,C,20.11,14.62,0.0,3.70,1.0,<Residue ASP het=  resseq=325 icode= >,4ix7_B_A,1.581
572,0.0,ASP, ,O,17.97,15.16,0.0,5.42,1.0,<Residue ASP het=  resseq=325 icode= >,4ix7_B_A,1.581
573,0.0,ASP, ,CB,16.88,16.16,0.0,2.70,1.0,<Residue ASP het=  resseq=325 icode= >,4ix7_B_A,1.581
574,0.0,ASP, ,CG,20.03,16.92,0.0,2.82,1.0,<Residue ASP het=  resseq=325 icode= >,4ix7_B_A,1.581
575,0.363,ASP, ,OD1,21.18,16.63,0.0,3.80,1.0,<Residue ASP het=  resseq=325 icode= >,4ix7_B_A,1.581
576,0.0,ASP, ,OD2,19.67,17.91,0.0,3.28,1.0,<Residue ASP het=  resseq=325 icode= >,4ix7_B_A,1.581
577,0.0,ILE, ,N,17.05,13.95,0.0,4.75,1.0,<Residue ILE het=  resseq=326 icode= >,4ix7_B_A,1.581
578,0.0,ILE, ,CA,17.64,13.79,0.0,4.04,1.0,<Residue ILE het=  resseq=326 icode= >,4ix7_B_A,1.581
579,0.0,ILE, ,C,19.39,12.99,0.0,4.66,1.0,<Residue ILE het=  resseq=326 icode= >,4ix7_B_A,1.581
580,0.0,ILE, ,O,19.02,13.49,0.0,5.10,1.0,<Residue ILE het=  resseq=326 icode= >,4ix7_B_A,1.581
581,0.0,ILE, ,CB,16.9,13.37,0.0,3.20,1.0,<Residue ILE het=  resseq=326 icode= >,4ix7_B_A,1.581
582,0.0,ILE, ,CG1,16.92,13.10,0.0,3.61,1.0,<Residue ILE het=  resseq=326 icode= >,4ix7_B_A,1.581
583,0.0,ILE, ,CG2,17.34,12.42,0.0,3.32,1.0,<Residue ILE het=  resseq=326 icode= >,4ix7_B_A,1.581
584,0.0,ILE, ,CD1,18.09,12.42,0.0,3.34,1.0,<Residue ILE het=  resseq=326 icode= >,4ix7_B_A,1.581
585,0.0,ILE, ,N,16.31,11.88,0.0,5.09,1.0,<Residue ILE het=  resseq=327 icode= >,4ix7_B_A,1.581
586,0.0,ILE, ,CA,18.19,11.20,0.0,3.12,1.0,<Residue ILE het=  resseq=327 icode= >,4ix7_B_A,1.581
587,0.0,ILE, ,C,19.46,12.25,0.0,3.93,1.0,<Residue ILE het=  resseq=327 icode= >,4ix7_B_A,1.581
588,0.0,ILE, ,O,21.07,12.50,0.0,4.51,1.0,<Residue ILE het=  resseq=327 icode= >,4ix7_B_A,1.581
589,0.574,ILE, ,CB,20.41,9.93,0.0,2.69,1.0,<Residue ILE het=  resseq=327 icode= >,4ix7_B_A,1.581
590,0.0,ILE, ,CG1,20.68,8.89,0.0,2.97,1.0,<Residue ILE het=  resseq=327 icode= >,4ix7_B_A,1.581
591,5.576,ILE, ,CG2,19.13,9.53,0.0,2.75,1.0,<Residue ILE het=  resseq=327 icode= >,4ix7_B_A,1.581
592,1.449,ILE, ,CD1,21.73,7.78,0.0,2.62,1.0,<Residue ILE het=  resseq=327 icode= >,4ix7_B_A,1.581
593,0.301,PHE, ,N,18.82,13.04,0.0,4.26,1.0,<Residue PHE het=  resseq=328 icode= >,4ix7_B_A,1.581
594,3.906,PHE, ,CA,21.17,14.20,0.0,3.23,1.0,<Residue PHE het=  resseq=328 icode= >,4ix7_B_A,1.581
595,0.0,PHE, ,C,19.7,15.16,0.0,3.84,1.0,<Residue PHE het=  resseq=328 icode= >,4ix7_B_A,1.581
596,0.0,PHE, ,O,19.89,15.63,0.0,4.55,1.0,<Residue PHE het=  resseq=328 icode= >,4ix7_B_A,1.581
597,3.207,PHE, ,CB,20.98,15.03,0.0,3.26,1.0,<Residue PHE het=  resseq=328 icode= >,4ix7_B_A,1.581
598,0.0,PHE, ,CG,20.56,16.21,0.0,4.28,1.0,<Residue PHE het=  resseq=328 icode= >,4ix7_B_A,1.581
599,14.235,PHE, ,CD1,24.09,16.22,0.0,3.56,1.0,<Residue PHE het=  resseq=328 icode= >,4ix7_B_A,1.581
600,0.294,PHE, ,CD2,20.4,17.40,0.0,3.51,1.0,<Residue PHE het=  resseq=328 icode= >,4ix7_B_A,1.581
601,17.496,PHE, ,CE1,25.24,17.41,0.0,2.99,1.0,<Residue PHE het=  resseq=328 icode= >,4ix7_B_A,1.581
602,21.134,PHE, ,CE2,22.33,18.51,0.0,3.52,1.0,<Residue PHE het=  resseq=328 icode= >,4ix7_B_A,1.581
603,21.413,PHE, ,CZ,19.47,18.51,0.0,3.59,1.0,<Residue PHE het=  resseq=328 icode= >,4ix7_B_A,1.581
604,0.0,ALA, ,N,19.47,15.58,0.0,4.13,1.0,<Residue ALA het=  resseq=329 icode= >,4ix7_B_A,1.581
605,2.913,ALA, ,CA,18.47,16.24,0.0,4.17,1.0,<Residue ALA het=  resseq=329 icode= >,4ix7_B_A,1.581
606,0.0,ALA, ,C,22.99,15.21,0.0,3.60,1.0,<Residue ALA het=  resseq=329 icode= >,4ix7_B_A,1.581
607,0.0,ALA, ,O,21.19,15.49,0.0,4.12,1.0,<Residue ALA het=  resseq=329 icode= >,4ix7_B_A,1.581
608,0.334,ALA, ,CB,19.94,15.60,0.0,3.77,1.0,<Residue ALA het=  resseq=329 icode= >,4ix7_B_A,1.581
609,0.0,VAL, ,N,19.86,14.12,0.0,3.61,1.0,<Residue VAL het=  resseq=330 icode= >,4ix7_B_A,1.581
610,0.0,VAL, ,CA,19.54,13.08,0.0,2.71,1.0,<Residue VAL het=  resseq=330 icode= >,4ix7_B_A,1.581
611,0.0,VAL, ,C,25.33,13.65,0.0,2.78,1.0,<Residue VAL het=  resseq=330 icode= >,4ix7_B_A,1.581
612,0.0,VAL, ,O,25.99,13.37,0.0,3.15,1.0,<Residue VAL het=  resseq=330 icode= >,4ix7_B_A,1.581
613,0.0,VAL, ,CB,19.01,11.78,0.0,2.86,1.0,<Residue VAL het=  resseq=330 icode= >,4ix7_B_A,1.581
614,0.0,VAL, ,CG1,20.19,10.78,0.0,3.00,1.0,<Residue VAL het=  resseq=330 icode= >,4ix7_B_A,1.581
615,0.0,VAL, ,CG2,20.09,11.31,0.0,2.94,1.0,<Residue VAL het=  resseq=330 icode= >,4ix7_B_A,1.581
616,0.0,THR, ,N,24.92,14.11,0.0,2.23,1.0,<Residue THR het=  resseq=331 icode= >,4ix7_B_A,1.581
617,0.0,THR, ,CA,24.35,14.11,0.0,2.05,1.0,<Residue THR het=  resseq=331 icode= >,4ix7_B_A,1.581
618,0.724,THR, ,C,28.04,15.53,0.0,2.63,1.0,<Residue THR het=  resseq=331 icode= >,4ix7_B_A,1.581
619,8.152,THR, ,O,33.0,15.60,0.0,2.58,1.0,<Residue THR het=  resseq=331 icode= >,4ix7_B_A,1.581
620,10.894,THR, ,CB,21.81,13.13,0.0,2.91,1.0,<Residue THR het=  resseq=331 icode= >,4ix7_B_A,1.581
621,5.023,THR, ,OG1,25.38,13.44,0.0,2.88,1.0,<Residue THR het=  resseq=331 icode= >,4ix7_B_A,1.581
622,0.541,THR, ,CG2,25.09,11.67,0.0,1.89,1.0,<Residue THR het=  resseq=331 icode= >,4ix7_B_A,1.581
623,0.0,HIS, ,N,24.02,16.28,0.0,3.56,1.0,<Residue HIS het=  resseq=332 icode= >,4ix7_B_A,1.581
624,4.119,HIS, ,CA,25.72,17.53,0.0,3.12,1.0,<Residue HIS het=  resseq=332 icode= >,4ix7_B_A,1.581
625,0.0,HIS, ,C,34.1,16.97,0.0,2.87,1.0,<Residue HIS het=  resseq=332 icode= >,4ix7_B_A,1.581
626,20.558,HIS, ,O,38.96,17.60,0.0,2.50,1.0,<Residue HIS het=  resseq=332 icode= >,4ix7_B_A,1.581
627,12.044,HIS, ,CB,30.92,18.18,0.0,2.67,1.0,<Residue HIS het=  resseq=332 icode= >,4ix7_B_A,1.581
628,0.337,HIS, ,CG,28.48,17.80,0.0,3.26,1.0,<Residue HIS het=  resseq=332 icode= >,4ix7_B_A,1.581
629,0.0,HIS, ,ND1,26.75,16.63,0.0,3.56,1.0,<Residue HIS het=  resseq=332 icode= >,4ix7_B_A,1.581
630,34.664,HIS, ,CD2,37.84,18.54,0.0,2.18,1.0,<Residue HIS het=  resseq=332 icode= >,4ix7_B_A,1.581
631,18.342,HIS, ,CE1,32.26,16.71,0.0,3.11,1.0,<Residue HIS het=  resseq=332 icode= >,4ix7_B_A,1.581
632,26.13,HIS, ,NE2,34.1,17.87,0.0,2.70,1.0,<Residue HIS het=  resseq=332 icode= >,4ix7_B_A,1.581
633,0.0,LYS, ,N,26.25,15.90,0.0,3.01,1.0,<Residue LYS het=  resseq=333 icode= >,4ix7_B_A,1.581
634,5.392,LYS, ,CA,29.18,15.52,0.0,2.48,1.0,<Residue LYS het=  resseq=333 icode= >,4ix7_B_A,1.581
635,1.428,LYS, ,C,29.83,14.33,0.0,2.98,1.0,<Residue LYS het=  resseq=333 icode= >,4ix7_B_A,1.581
636,17.405,LYS, ,O,36.6,14.17,0.0,2.13,1.0,<Residue LYS het=  resseq=333 icode= >,4ix7_B_A,1.581
637,1.331,LYS, ,CB,24.11,15.43,0.0,2.44,1.0,<Residue LYS het=  resseq=333 icode= >,4ix7_B_A,1.581
638,13.112,LYS, ,CG,33.94,16.81,0.0,1.33,1.0,<Residue LYS het=  resseq=333 icode= >,4ix7_B_A,1.581
639,7.559,LYS, ,CD,30.76,16.88,0.0,1.73,1.0,<Residue LYS het=  resseq=333 icode= >,4ix7_B_A,1.581
640,3.947,LYS, ,CE,39.75,16.75,0.0,1.32,1.0,<Residue LYS het=  resseq=333 icode= >,4ix7_B_A,1.581
641,41.385,LYS, ,NZ,41.65,18.03,0.0,1.31,1.0,<Residue LYS het=  resseq=333 icode= >,4ix7_B_A,1.581
642,0.0,CYS, ,N,30.0,13.64,0.0,3.19,1.0,<Residue CYS het=  resseq=334 icode= >,4ix7_B_A,1.581
643,3.261,CYS,x,CA,30.92,12.59,0.0,2.43,0.49,<Residue CYS het=  resseq=334 icode= >,4ix7_B_A,1.581
644,1.553,CYS, ,C,30.86,13.09,0.0,3.36,1.0,<Residue CYS het=  resseq=334 icode= >,4ix7_B_A,1.581
645,21.916,CYS, ,O,36.79,12.63,0.0,2.58,1.0,<Residue CYS het=  resseq=334 icode= >,4ix7_B_A,1.581
646,1.486,CYS,x,CB,29.24,11.27,0.0,2.44,0.49,<Residue CYS het=  resseq=334 icode= >,4ix7_B_A,1.581
647,0.0,CYS,x,SG,25.54,10.88,0.0,3.02,0.49,<Residue CYS het=  resseq=334 icode= >,4ix7_B_A,1.581
648,0.0,ASN, ,N,37.15,14.16,0.0,1.91,1.0,<Residue ASN het=  resseq=335 icode= >,4ix7_B_A,1.581
649,3.926,ASN, ,CA,43.8,14.87,0.0,0.59,1.0,<Residue ASN het=  resseq=335 icode= >,4ix7_B_A,1.581
650,1.846,ASN, ,C,42.0,14.05,0.0,1.59,1.0,<Residue ASN het=  resseq=335 icode= >,4ix7_B_A,1.581
651,26.918,ASN, ,O,47.22,14.01,0.0,1.14,1.0,<Residue ASN het=  resseq=335 icode= >,4ix7_B_A,1.581
652,21.902,ASN, ,CB,50.3,15.58,0.0,0.10,1.0,<Residue ASN het=  resseq=335 icode= >,4ix7_B_A,1.581
653,6.369,ASN, ,CG,56.02,16.61,0.0,0.52,1.0,<Residue ASN het=  resseq=335 icode= >,4ix7_B_A,1.581
654,12.875,ASN, ,OD1,55.61,16.99,0.0,0.58,1.0,<Residue ASN het=  resseq=335 icode= >,4ix7_B_A,1.581
655,59.076,ASN, ,ND2,55.11,17.21,0.0,0.82,1.0,<Residue ASN het=  resseq=335 icode= >,4ix7_B_A,1.581
656,0.0,ALA, ,N,40.48,13.29,0.0,1.51,1.0,<Residue ALA het=  resseq=336 icode= >,4ix7_B_A,1.581
657,3.575,ALA, ,CA,34.35,12.45,0.0,1.95,1.0,<Residue ALA het=  resseq=336 icode= >,4ix7_B_A,1.581
658,2.223,ALA, ,C,27.01,11.69,0.0,3.20,1.0,<Residue ALA het=  resseq=336 icode= >,4ix7_B_A,1.581
659,7.56,ALA, ,O,31.86,11.97,0.0,2.79,1.0,<Residue ALA het=  resseq=336 icode= >,4ix7_B_A,1.581
660,2.02,ALA, ,CB,31.99,11.45,0.0,1.33,1.0,<Residue ALA het=  resseq=336 icode= >,4ix7_B_A,1.581
661,2.567,SER, ,N,27.92,10.48,0.0,2.85,1.0,<Residue SER het=  resseq=337 icode= >,4ix7_B_A,1.581
662,8.711,SER, ,CA,28.74,9.31,0.0,2.35,1.0,<Residue SER het=  resseq=337 icode= >,4ix7_B_A,1.581
663,0.0,SER, ,C,26.33,9.07,0.0,3.19,1.0,<Residue SER het=  resseq=337 icode= >,4ix7_B_A,1.581
664,0.0,SER, ,O,23.62,9.27,0.0,3.64,1.0,<Residue SER het=  resseq=337 icode= >,4ix7_B_A,1.581
665,38.181,SER, ,CB,29.42,8.16,0.0,2.60,1.0,<Residue SER het=  resseq=337 icode= >,4ix7_B_A,1.581
666,2.749,SER, ,OG,27.17,7.70,0.0,2.72,1.0,<Residue SER het=  resseq=337 icode= >,4ix7_B_A,1.581
667,4.089,GLU, ,N,24.65,8.53,0.0,3.82,1.0,<Residue GLU het=  resseq=338 icode= >,4ix7_B_A,1.581
668,0.0,GLU, ,CA,23.43,8.03,0.0,3.41,1.0,<Residue GLU het=  resseq=338 icode= >,4ix7_B_A,1.581
669,0.0,GLU, ,C,22.94,6.90,0.0,3.47,1.0,<Residue GLU het=  resseq=338 icode= >,4ix7_B_A,1.581
670,0.0,GLU, ,O,20.17,6.58,0.0,3.97,1.0,<Residue GLU het=  resseq=338 icode= >,4ix7_B_A,1.581
671,11.066,GLU, ,CB,23.16,7.71,0.0,2.76,1.0,<Residue GLU het=  resseq=338 icode= >,4ix7_B_A,1.581
672,14.942,GLU, ,CG,32.31,9.04,0.0,1.94,1.0,<Residue GLU het=  resseq=338 icode= >,4ix7_B_A,1.581
673,9.377,GLU, ,CD,46.58,9.08,0.0,1.94,1.0,<Residue GLU het=  resseq=338 icode= >,4ix7_B_A,1.581
674,18.48,GLU, ,OE1,44.08,8.08,0.0,2.02,1.0,<Residue GLU het=  resseq=338 icode= >,4ix7_B_A,1.581
675,38.689,GLU, ,OE2,48.32,10.25,0.0,1.95,1.0,<Residue GLU het=  resseq=338 icode= >,4ix7_B_A,1.581
676,3.356,LYS, ,N,21.48,6.32,0.0,4.05,1.0,<Residue LYS het=  resseq=339 icode= >,4ix7_B_A,1.581
677,1.557,LYS, ,CA,19.92,5.13,0.0,2.27,1.0,<Residue LYS het=  resseq=339 icode= >,4ix7_B_A,1.581
678,0.0,LYS, ,C,20.36,5.63,0.0,3.14,1.0,<Residue LYS het=  resseq=339 icode= >,4ix7_B_A,1.581
679,0.276,LYS, ,O,22.23,5.14,0.128,3.64,1.0,<Residue LYS het=  resseq=339 icode= >,4ix7_B_A,1.581
680,12.663,LYS, ,CB,21.84,4.88,2.088,1.95,1.0,<Residue LYS het=  resseq=339 icode= >,4ix7_B_A,1.581
681,27.935,LYS, ,CG,30.59,3.74,24.74,1.29,1.0,<Residue LYS het=  resseq=339 icode= >,4ix7_B_A,1.581
682,28.032,LYS, ,CD,35.49,4.23,5.199,1.76,1.0,<Residue LYS het=  resseq=339 icode= >,4ix7_B_A,1.581
683,37.204,LYS, ,CE,40.13,3.45,12.095,0.86,1.0,<Residue LYS het=  resseq=339 icode= >,4ix7_B_A,1.581
684,48.646,LYS, ,NZ,35.19,2.91,14.09,1.02,1.0,<Residue LYS het=  resseq=339 icode= >,4ix7_B_A,1.581
685,0.0,GLU, ,N,21.72,6.91,0.0,2.88,1.0,<Residue GLU het=  resseq=340 icode= >,4ix7_B_A,1.581
686,3.308,GLU, ,CA,24.48,7.80,0.0,2.11,1.0,<Residue GLU het=  resseq=340 icode= >,4ix7_B_A,1.581
687,0.0,GLU, ,C,19.4,8.08,0.0,3.44,1.0,<Residue GLU het=  resseq=340 icode= >,4ix7_B_A,1.581
688,3.511,GLU, ,O,20.35,8.36,0.0,4.38,1.0,<Residue GLU het=  resseq=340 icode= >,4ix7_B_A,1.581
689,2.853,GLU, ,CB,24.62,9.03,0.0,2.60,1.0,<Residue GLU het=  resseq=340 icode= >,4ix7_B_A,1.581
690,27.098,GLU, ,CG,36.75,8.61,0.0,0.68,1.0,<Residue GLU het=  resseq=340 icode= >,4ix7_B_A,1.581
691,8.704,GLU, ,CD,40.75,9.25,0.0,1.57,1.0,<Residue GLU het=  resseq=340 icode= >,4ix7_B_A,1.581
692,10.444,GLU, ,OE1,37.85,9.67,0.0,2.01,1.0,<Residue GLU het=  resseq=340 icode= >,4ix7_B_A,1.581
693,37.261,GLU, ,OE2,48.7,9.57,0.0,1.15,1.0,<Residue GLU het=  resseq=340 icode= >,4ix7_B_A,1.581
694,0.0,VAL, ,N,18.36,8.35,0.0,3.79,1.0,<Residue VAL het=  resseq=341 icode= >,4ix7_B_A,1.581
695,0.0,VAL, ,CA,14.67,8.94,0.0,4.00,1.0,<Residue VAL het=  resseq=341 icode= >,4ix7_B_A,1.581
696,0.0,VAL, ,C,17.09,8.05,0.0,3.77,1.0,<Residue VAL het=  resseq=341 icode= >,4ix7_B_A,1.581
697,0.0,VAL, ,O,15.99,8.60,0.0,5.08,1.0,<Residue VAL het=  resseq=341 icode= >,4ix7_B_A,1.581
698,0.0,VAL, ,CB,17.21,9.64,0.0,3.11,1.0,<Residue VAL het=  resseq=341 icode= >,4ix7_B_A,1.581
699,0.0,VAL, ,CG1,16.9,10.28,0.0,3.70,1.0,<Residue VAL het=  resseq=341 icode= >,4ix7_B_A,1.581
700,0.0,VAL, ,CG2,21.46,10.76,0.0,2.56,1.0,<Residue VAL het=  resseq=341 icode= >,4ix7_B_A,1.581
701,0.0,ARG, ,N,16.94,6.87,0.0,3.67,1.0,<Residue ARG het=  resseq=342 icode= >,4ix7_B_A,1.581
702,0.0,ARG,x,CA,15.95,6.07,0.0,3.58,0.44,<Residue ARG het=  resseq=342 icode= >,4ix7_B_A,1.581
703,0.526,ARG, ,C,15.41,6.03,0.0,4.40,1.0,<Residue ARG het=  resseq=342 icode= >,4ix7_B_A,1.581
704,0.0,ARG, ,O,17.24,5.57,0.0,5.48,1.0,<Residue ARG het=  resseq=342 icode= >,4ix7_B_A,1.581
705,9.831,ARG,x,CB,18.09,4.60,6.539,3.07,0.44,<Residue ARG het=  resseq=342 icode= >,4ix7_B_A,1.581
706,0.0,ARG,x,CG,21.79,4.65,0.0,2.14,0.44,<Residue ARG het=  resseq=342 icode= >,4ix7_B_A,1.581
707,22.3,ARG,x,CD,23.34,3.52,18.031,2.68,0.44,<Residue ARG het=  resseq=342 icode= >,4ix7_B_A,1.581
708,10.757,ARG,x,NE,25.73,4.19,1.225,2.23,0.44,<Residue ARG het=  resseq=342 icode= >,4ix7_B_A,1.581
709,4.417,ARG,x,CZ,30.2,5.18,0.0,1.15,0.44,<Residue ARG het=  resseq=342 icode= >,4ix7_B_A,1.581
710,41.576,ARG,x,NH1,25.94,6.06,0.0,1.09,0.44,<Residue ARG het=  resseq=342 icode= >,4ix7_B_A,1.581
711,7.241,ARG,x,NH2,32.52,5.61,0.0,0.77,0.44,<Residue ARG het=  resseq=342 icode= >,4ix7_B_A,1.581
712,0.592,ASN, ,N,16.96,5.81,0.0,4.22,1.0,<Residue ASN het=  resseq=343 icode= >,4ix7_B_A,1.581
713,3.985,ASN, ,CA,17.32,6.22,0.0,3.22,1.0,<Residue ASN het=  resseq=343 icode= >,4ix7_B_A,1.581
714,0.0,ASN, ,C,14.78,7.30,0.0,4.35,1.0,<Residue ASN het=  resseq=343 icode= >,4ix7_B_A,1.581
715,0.0,ASN, ,O,15.7,6.93,0.0,4.97,1.0,<Residue ASN het=  resseq=343 icode= >,4ix7_B_A,1.581
716,9.817,ASN, ,CB,17.96,6.26,0.0,2.80,1.0,<Residue ASN het=  resseq=343 icode= >,4ix7_B_A,1.581
717,5.354,ASN, ,CG,29.75,7.04,0.0,1.80,1.0,<Residue ASN het=  resseq=343 icode= >,4ix7_B_A,1.581
718,35.008,ASN, ,OD1,36.21,6.30,0.0,2.58,1.0,<Residue ASN het=  resseq=343 icode= >,4ix7_B_A,1.581
719,38.357,ASN, ,ND2,26.56,5.82,0.251,1.81,1.0,<Residue ASN het=  resseq=343 icode= >,4ix7_B_A,1.581
720,0.059,ALA, ,N,15.84,7.83,0.0,4.38,1.0,<Residue ALA het=  resseq=344 icode= >,4ix7_B_A,1.581
721,2.557,ALA, ,CA,14.49,6.65,0.0,3.63,1.0,<Residue ALA het=  resseq=344 icode= >,4ix7_B_A,1.581
722,0.0,ALA, ,C,13.03,7.20,0.0,4.74,1.0,<Residue ALA het=  resseq=344 icode= >,4ix7_B_A,1.581
723,0.0,ALA, ,O,14.64,6.68,0.0,5.47,1.0,<Residue ALA het=  resseq=344 icode= >,4ix7_B_A,1.581
724,2.102,ALA, ,CB,15.0,6.23,0.0,3.25,1.0,<Residue ALA het=  resseq=344 icode= >,4ix7_B_A,1.581
725,0.0,ILE, ,N,15.25,7.59,0.0,5.60,1.0,<Residue ILE het=  resseq=345 icode= >,4ix7_B_A,1.581
726,0.0,ILE, ,CA,14.5,7.17,0.0,4.65,1.0,<Residue ILE het=  resseq=345 icode= >,4ix7_B_A,1.581
727,0.0,ILE, ,C,13.95,6.11,0.0,5.14,1.0,<Residue ILE het=  resseq=345 icode= >,4ix7_B_A,1.581
728,0.0,ILE, ,O,14.42,6.50,0.0,6.02,1.0,<Residue ILE het=  resseq=345 icode= >,4ix7_B_A,1.581
729,0.0,ILE, ,CB,13.81,7.01,0.0,4.80,1.0,<Residue ILE het=  resseq=345 icode= >,4ix7_B_A,1.581
730,0.0,ILE, ,CG1,14.98,8.34,0.0,4.31,1.0,<Residue ILE het=  resseq=345 icode= >,4ix7_B_A,1.581
731,0.0,ILE, ,CG2,13.26,7.01,0.0,3.99,1.0,<Residue ILE het=  resseq=345 icode= >,4ix7_B_A,1.581
732,0.0,ILE, ,CD1,16.16,8.61,0.0,3.68,1.0,<Residue ILE het=  resseq=345 icode= >,4ix7_B_A,1.581
733,0.0,THR, ,N,13.33,5.06,0.0,6.04,1.0,<Residue THR het=  resseq=346 icode= >,4ix7_B_A,1.581
734,1.904,THR, ,CA,13.45,4.24,0.487,4.31,1.0,<Residue THR het=  resseq=346 icode= >,4ix7_B_A,1.581
735,0.0,THR, ,C,14.24,5.41,0.0,4.10,1.0,<Residue THR het=  resseq=346 icode= >,4ix7_B_A,1.581
736,1.242,THR, ,O,13.78,5.06,0.0,6.16,1.0,<Residue THR het=  resseq=346 icode= >,4ix7_B_A,1.581
737,1.175,THR, ,CB,12.46,3.54,0.241,4.17,1.0,<Residue THR het=  resseq=346 icode= >,4ix7_B_A,1.581
738,14.969,THR, ,OG1,14.24,2.64,13.449,5.50,1.0,<Residue THR het=  resseq=346 icode= >,4ix7_B_A,1.581
739,56.672,THR, ,CG2,16.76,3.40,48.066,3.11,1.0,<Residue THR het=  resseq=346 icode= >,4ix7_B_A,1.581
740,0.0,THR, ,N,14.0,5.89,0.0,4.27,1.0,<Residue THR het=  resseq=347 icode= >,4ix7_B_A,1.581
741,2.789,THR, ,CA,13.4,5.95,0.837,4.06,1.0,<Residue THR het=  resseq=347 icode= >,4ix7_B_A,1.581
742,0.0,THR, ,C,12.56,5.92,0.0,4.69,1.0,<Residue THR het=  resseq=347 icode= >,4ix7_B_A,1.581
743,0.0,THR, ,O,14.54,5.59,0.0,5.17,1.0,<Residue THR het=  resseq=347 icode= >,4ix7_B_A,1.581
744,2.138,THR, ,CB,12.04,5.07,0.0,3.49,1.0,<Residue THR het=  resseq=347 icode= >,4ix7_B_A,1.581
745,12.602,THR, ,OG1,14.5,5.06,2.78,5.52,1.0,<Residue THR het=  resseq=347 icode= >,4ix7_B_A,1.581
746,35.323,THR, ,CG2,14.27,3.57,30.812,3.52,1.0,<Residue THR het=  resseq=347 icode= >,4ix7_B_A,1.581
747,0.0,LYS, ,N,12.49,6.68,0.0,4.98,1.0,<Residue LYS het=  resseq=348 icode= >,4ix7_B_A,1.581
748,0.0,LYS, ,CA,14.98,6.93,0.0,3.37,1.0,<Residue LYS het=  resseq=348 icode= >,4ix7_B_A,1.581
749,0.0,LYS, ,C,13.25,7.71,0.0,4.46,1.0,<Residue LYS het=  resseq=348 icode= >,4ix7_B_A,1.581
750,0.0,LYS, ,O,14.07,7.16,0.0,5.55,1.0,<Residue LYS het=  resseq=348 icode= >,4ix7_B_A,1.581
751,0.0,LYS, ,CB,16.34,6.73,0.0,2.87,1.0,<Residue LYS het=  resseq=348 icode= >,4ix7_B_A,1.581
752,0.0,LYS, ,CG,14.06,6.21,0.0,3.31,1.0,<Residue LYS het=  resseq=348 icode= >,4ix7_B_A,1.581
753,0.008,LYS, ,CD,15.01,4.79,0.008,4.06,1.0,<Residue LYS het=  resseq=348 icode= >,4ix7_B_A,1.581
754,0.113,LYS, ,CE,22.51,4.97,0.0,2.86,1.0,<Residue LYS het=  resseq=348 icode= >,4ix7_B_A,1.581
755,25.792,LYS, ,NZ,22.81,3.67,23.751,2.95,1.0,<Residue LYS het=  resseq=348 icode= >,4ix7_B_A,1.581
756,0.0,CYS, ,N,14.42,8.19,0.0,5.22,1.0,<Residue CYS het=  resseq=349 icode= >,4ix7_B_A,1.581
757,0.0,CYS, ,CA,15.73,7.52,0.0,3.64,1.0,<Residue CYS het=  resseq=349 icode= >,4ix7_B_A,1.581
758,0.154,CYS, ,C,16.35,6.83,0.0,3.88,1.0,<Residue CYS het=  resseq=349 icode= >,4ix7_B_A,1.581
759,0.296,CYS, ,O,19.66,6.92,0.0,4.67,1.0,<Residue CYS het=  resseq=349 icode= >,4ix7_B_A,1.581
760,5.568,CYS, ,CB,16.02,6.71,0.0,3.39,1.0,<Residue CYS het=  resseq=349 icode= >,4ix7_B_A,1.581
761,0.0,CYS, ,SG,19.82,7.25,0.0,8.11,1.0,<Residue CYS het=  resseq=349 icode= >,4ix7_B_A,1.581
762,0.703,ALA, ,N,15.52,6.06,0.0,4.36,1.0,<Residue ALA het=  resseq=350 icode= >,4ix7_B_A,1.581
763,2.749,ALA, ,CA,15.21,4.82,0.0,3.76,1.0,<Residue ALA het=  resseq=350 icode= >,4ix7_B_A,1.581
764,0.0,ALA, ,C,16.36,5.17,0.0,3.97,1.0,<Residue ALA het=  resseq=350 icode= >,4ix7_B_A,1.581
765,0.78,ALA, ,O,16.14,5.16,0.059,4.89,1.0,<Residue ALA het=  resseq=350 icode= >,4ix7_B_A,1.581
766,37.591,ALA, ,CB,14.0,3.66,27.888,3.21,1.0,<Residue ALA het=  resseq=350 icode= >,4ix7_B_A,1.581
767,0.0,ASP, ,N,15.43,5.85,0.0,4.75,1.0,<Residue ASP het=  resseq=351 icode= >,4ix7_B_A,1.581
768,1.225,ASP, ,CA,13.83,4.71,1.101,4.22,1.0,<Residue ASP het=  resseq=351 icode= >,4ix7_B_A,1.581
769,1.175,ASP, ,C,16.87,5.40,0.0,3.77,1.0,<Residue ASP het=  resseq=351 icode= >,4ix7_B_A,1.581
770,4.967,ASP, ,O,18.22,5.32,0.824,5.54,1.0,<Residue ASP het=  resseq=351 icode= >,4ix7_B_A,1.581
771,12.473,ASP, ,CB,13.42,3.87,8.162,3.79,1.0,<Residue ASP het=  resseq=351 icode= >,4ix7_B_A,1.581
772,8.092,ASP, ,CG,16.31,3.37,8.092,4.78,1.0,<Residue ASP het=  resseq=351 icode= >,4ix7_B_A,1.581
773,14.141,ASP, ,OD1,16.15,2.86,13.621,5.78,1.0,<Residue ASP het=  resseq=351 icode= >,4ix7_B_A,1.581
774,5.925,ASP, ,OD2,17.95,3.45,5.925,5.12,1.0,<Residue ASP het=  resseq=351 icode= >,4ix7_B_A,1.581
775,0.036,GLU, ,N,17.78,6.25,0.0,3.39,1.0,<Residue GLU het=  resseq=352 icode= >,4ix7_B_A,1.581
776,0.775,GLU, ,CA,18.47,6.09,0.0,3.20,1.0,<Residue GLU het=  resseq=352 icode= >,4ix7_B_A,1.581
777,0.0,GLU, ,C,19.88,7.32,0.0,3.75,1.0,<Residue GLU het=  resseq=352 icode= >,4ix7_B_A,1.581
778,0.0,GLU, ,O,20.64,7.45,0.0,3.98,1.0,<Residue GLU het=  resseq=352 icode= >,4ix7_B_A,1.581
779,0.0,GLU, ,CB,18.81,6.29,0.0,2.61,1.0,<Residue GLU het=  resseq=352 icode= >,4ix7_B_A,1.581
780,0.0,GLU, ,CG,22.21,6.49,0.0,2.24,1.0,<Residue GLU het=  resseq=352 icode= >,4ix7_B_A,1.581
781,0.0,GLU, ,CD,40.5,5.41,0.0,1.64,1.0,<Residue GLU het=  resseq=352 icode= >,4ix7_B_A,1.581
782,4.099,GLU, ,OE1,36.47,4.24,2.936,2.24,1.0,<Residue GLU het=  resseq=352 icode= >,4ix7_B_A,1.581
783,4.966,GLU, ,OE2,36.08,5.62,0.0,2.33,1.0,<Residue GLU het=  resseq=352 icode= >,4ix7_B_A,1.581
784,0.0,ASN, ,N,17.21,8.34,0.0,4.21,1.0,<Residue ASN het=  resseq=353 icode= >,4ix7_B_A,1.581
785,0.0,ASN, ,CA,16.03,7.46,0.0,2.80,1.0,<Residue ASN het=  resseq=353 icode= >,4ix7_B_A,1.581
786,0.0,ASN, ,C,19.94,7.15,0.0,2.89,1.0,<Residue ASN het=  resseq=353 icode= >,4ix7_B_A,1.581
787,0.0,ASN, ,O,20.04,7.41,0.0,3.49,1.0,<Residue ASN het=  resseq=353 icode= >,4ix7_B_A,1.581
788,0.798,ASN, ,CB,15.73,6.34,0.0,3.64,1.0,<Residue ASN het=  resseq=353 icode= >,4ix7_B_A,1.581
789,0.433,ASN, ,CG,22.36,5.49,0.0,3.64,1.0,<Residue ASN het=  resseq=353 icode= >,4ix7_B_A,1.581
790,10.057,ASN, ,OD1,25.51,4.52,5.595,3.51,1.0,<Residue ASN het=  resseq=353 icode= >,4ix7_B_A,1.581
791,9.309,ASN, ,ND2,21.9,6.15,0.0,3.53,1.0,<Residue ASN het=  resseq=353 icode= >,4ix7_B_A,1.581
792,0.0,LYS, ,N,18.18,7.00,0.0,4.00,1.0,<Residue LYS het=  resseq=354 icode= >,4ix7_B_A,1.581
793,1.461,LYS, ,CA,18.84,7.17,0.0,3.24,1.0,<Residue LYS het=  resseq=354 icode= >,4ix7_B_A,1.581
794,0.0,LYS, ,C,23.33,7.06,0.0,2.77,1.0,<Residue LYS het=  resseq=354 icode= >,4ix7_B_A,1.581
795,0.358,LYS, ,O,25.74,7.27,0.0,2.97,1.0,<Residue LYS het=  resseq=354 icode= >,4ix7_B_A,1.581
796,6.576,LYS, ,CB,22.26,6.61,0.0,2.45,1.0,<Residue LYS het=  resseq=354 icode= >,4ix7_B_A,1.581
797,18.32,LYS, ,CG,21.84,5.32,0.183,2.89,1.0,<Residue LYS het=  resseq=354 icode= >,4ix7_B_A,1.581
798,19.625,LYS, ,CD,23.26,4.42,6.224,3.10,1.0,<Residue LYS het=  resseq=354 icode= >,4ix7_B_A,1.581
799,35.216,LYS, ,CE,24.12,3.50,31.142,2.39,1.0,<Residue LYS het=  resseq=354 icode= >,4ix7_B_A,1.581
800,41.243,LYS, ,NZ,19.38,2.55,41.012,3.61,1.0,<Residue LYS het=  resseq=354 icode= >,4ix7_B_A,1.581
801,0.145,MET, ,N,20.51,6.68,0.0,2.94,1.0,<Residue MET het=  resseq=355 icode= >,4ix7_B_A,1.581
802,0.178,MET, ,CA,23.94,6.43,0.0,2.32,1.0,<Residue MET het=  resseq=355 icode= >,4ix7_B_A,1.581
803,0.081,MET, ,C,28.36,7.24,0.0,2.12,1.0,<Residue MET het=  resseq=355 icode= >,4ix7_B_A,1.581
804,0.0,MET, ,O,28.44,7.50,0.0,2.22,1.0,<Residue MET het=  resseq=355 icode= >,4ix7_B_A,1.581
805,3.661,MET, ,CB,28.78,5.10,1.135,2.52,1.0,<Residue MET het=  resseq=355 icode= >,4ix7_B_A,1.581
806,8.072,MET, ,CG,28.83,4.28,0.9,1.36,1.0,<Residue MET het=  resseq=355 icode= >,4ix7_B_A,1.581
807,11.547,MET, ,S,26.38,4.81,0.195,5.80,0.36,<Residue MET het=  resseq=355 icode= >,4ix7_B_A,1.581
808,74.083,MET, ,CE,36.83,3.72,53.405,1.15,1.0,<Residue MET het=  resseq=355 icode= >,4ix7_B_A,1.581
809,0.0,MET, ,N,26.44,7.87,0.0,2.43,1.0,<Residue MET het=  resseq=356 icode= >,4ix7_B_A,1.581
810,5.815,MET, ,CA,23.95,8.86,0.0,2.67,1.0,<Residue MET het=  resseq=356 icode= >,4ix7_B_A,1.581
811,0.0,MET, ,C,28.73,9.97,0.0,3.00,1.0,<Residue MET het=  resseq=356 icode= >,4ix7_B_A,1.581
812,0.223,MET, ,O,31.15,10.53,0.0,2.52,1.0,<Residue MET het=  resseq=356 icode= >,4ix7_B_A,1.581
813,2.081,MET, ,CB,29.62,9.62,0.0,1.88,1.0,<Residue MET het=  resseq=356 icode= >,4ix7_B_A,1.581
814,17.172,MET, ,CG,32.86,10.77,0.0,1.58,1.0,<Residue MET het=  resseq=356 icode= >,4ix7_B_A,1.581
815,19.48,MET, ,S,40.9,11.20,0.0,3.14,0.27,<Residue MET het=  resseq=356 icode= >,4ix7_B_A,1.581
816,24.206,MET, ,CE,37.31,9.43,0.0,2.07,1.0,<Residue MET het=  resseq=356 icode= >,4ix7_B_A,1.581
817,0.0,LYS, ,N,26.78,9.52,0.0,3.16,1.0,<Residue LYS het=  resseq=357 icode= >,4ix7_B_A,1.581
818,0.603,LYS, ,CA,27.95,9.34,0.0,1.92,1.0,<Residue LYS het=  resseq=357 icode= >,4ix7_B_A,1.581
819,0.844,LYS, ,C,33.15,9.93,0.0,2.02,1.0,<Residue LYS het=  resseq=357 icode= >,4ix7_B_A,1.581
820,1.049,LYS, ,O,34.67,10.35,0.0,2.07,1.0,<Residue LYS het=  resseq=357 icode= >,4ix7_B_A,1.581
821,14.581,LYS, ,CB,35.53,7.92,0.0,1.40,1.0,<Residue LYS het=  resseq=357 icode= >,4ix7_B_A,1.581
822,11.35,LYS, ,CG,39.12,7.10,0.0,0.91,1.0,<Residue LYS het=  resseq=357 icode= >,4ix7_B_A,1.581
823,10.534,LYS, ,CD,43.01,5.61,0.0,0.81,1.0,<Residue LYS het=  resseq=357 icode= >,4ix7_B_A,1.581
824,29.71,LYS, ,CE,45.94,5.07,0.0,1.09,1.0,<Residue LYS het=  resseq=357 icode= >,4ix7_B_A,1.581
825,44.539,LYS, ,NZ,47.83,3.76,22.142,0.41,1.0,<Residue LYS het=  resseq=357 icode= >,4ix7_B_A,1.581
826,0.0,ILE, ,N,28.34,8.89,0.0,2.00,1.0,<Residue ILE het=  resseq=358 icode= >,4ix7_B_A,1.581
827,2.775,ILE, ,CA,28.77,8.50,0.0,1.77,1.0,<Residue ILE het=  resseq=358 icode= >,4ix7_B_A,1.581
828,0.0,ILE, ,C,33.67,9.33,0.0,2.27,1.0,<Residue ILE het=  resseq=358 icode= >,4ix7_B_A,1.581
829,0.435,ILE, ,O,34.81,10.05,0.0,2.22,1.0,<Residue ILE het=  resseq=358 icode= >,4ix7_B_A,1.581
830,0.0,ILE, ,CB,29.36,7.00,0.0,1.92,1.0,<Residue ILE het=  resseq=358 icode= >,4ix7_B_A,1.581
831,21.862,ILE, ,CG1,35.79,6.39,0.0,0.78,1.0,<Residue ILE het=  resseq=358 icode= >,4ix7_B_A,1.581
832,33.458,ILE, ,CG2,37.02,6.99,0.0,1.03,1.0,<Residue ILE het=  resseq=358 icode= >,4ix7_B_A,1.581
833,40.291,ILE, ,CD1,38.01,4.89,12.184,0.05,1.0,<Residue ILE het=  resseq=358 icode= >,4ix7_B_A,1.581
834,0.0,GLN, ,N,31.0,9.44,0.0,2.61,1.0,<Residue GLN het=  resseq=359 icode= >,4ix7_B_A,1.581
835,0.0,GLN, ,CA,32.74,9.92,0.0,1.75,1.0,<Residue GLN het=  resseq=359 icode= >,4ix7_B_A,1.581
836,0.721,GLN, ,C,39.35,11.34,0.0,2.20,1.0,<Residue GLN het=  resseq=359 icode= >,4ix7_B_A,1.581
837,4.803,GLN, ,O,41.99,11.99,0.0,1.65,1.0,<Residue GLN het=  resseq=359 icode= >,4ix7_B_A,1.581
838,15.512,GLN, ,CB,29.73,8.93,0.0,2.15,1.0,<Residue GLN het=  resseq=359 icode= >,4ix7_B_A,1.581
839,7.645,GLN, ,CG,38.12,7.50,0.0,1.48,1.0,<Residue GLN het=  resseq=359 icode= >,4ix7_B_A,1.581
840,3.066,GLN, ,CD,59.33,7.54,0.0,0.48,1.0,<Residue GLN het=  resseq=359 icode= >,4ix7_B_A,1.581
841,8.074,GLN, ,OE1,63.08,7.74,0.0,0.30,1.0,<Residue GLN het=  resseq=359 icode= >,4ix7_B_A,1.581
842,43.158,GLN, ,NE2,62.33,7.69,0.0,-0.03,1.0,<Residue GLN het=  resseq=359 icode= >,4ix7_B_A,1.581
843,0.0,ASN, ,N,33.89,11.94,0.0,2.94,1.0,<Residue ASN het=  resseq=360 icode= >,4ix7_B_A,1.581
844,0.108,ASN, ,CA,43.01,13.36,0.0,1.68,1.0,<Residue ASN het=  resseq=360 icode= >,4ix7_B_A,1.581
845,0.069,ASN, ,C,41.61,13.83,0.0,2.38,1.0,<Residue ASN het=  resseq=360 icode= >,4ix7_B_A,1.581
846,0.0,ASN, ,O,43.48,14.92,0.0,1.95,1.0,<Residue ASN het=  resseq=360 icode= >,4ix7_B_A,1.581
847,6.599,ASN, ,CB,45.42,13.15,0.0,1.00,1.0,<Residue ASN het=  resseq=360 icode= >,4ix7_B_A,1.581
848,1.937,ASN, ,CG,48.72,12.98,0.0,1.09,1.0,<Residue ASN het=  resseq=360 icode= >,4ix7_B_A,1.581
849,16.38,ASN, ,OD1,51.6,12.85,0.0,1.09,1.0,<Residue ASN het=  resseq=360 icode= >,4ix7_B_A,1.581
850,33.014,ASN, ,ND2,60.67,12.14,0.0,-0.28,1.0,<Residue ASN het=  resseq=360 icode= >,4ix7_B_A,1.581
851,0.075,VAL, ,N,37.35,12.95,0.0,2.67,1.0,<Residue VAL het=  resseq=361 icode= >,4ix7_B_A,1.581
852,2.589,VAL, ,CA,41.77,13.05,0.0,1.78,1.0,<Residue VAL het=  resseq=361 icode= >,4ix7_B_A,1.581
853,0.0,VAL, ,C,45.12,13.61,0.0,1.88,1.0,<Residue VAL het=  resseq=361 icode= >,4ix7_B_A,1.581
854,6.244,VAL, ,O,44.49,14.64,0.0,1.94,1.0,<Residue VAL het=  resseq=361 icode= >,4ix7_B_A,1.581
855,3.413,VAL, ,CB,40.35,11.77,0.0,1.44,1.0,<Residue VAL het=  resseq=361 icode= >,4ix7_B_A,1.581
856,56.935,VAL, ,CG1,37.5,12.16,0.0,1.08,1.0,<Residue VAL het=  resseq=361 icode= >,4ix7_B_A,1.581
857,44.554,VAL, ,CG2,42.48,10.63,0.0,0.90,1.0,<Residue VAL het=  resseq=361 icode= >,4ix7_B_A,1.581
858,0.486,LYS, ,N,43.89,12.65,0.0,1.62,1.0,<Residue LYS het=  resseq=362 icode= >,4ix7_B_A,1.581
859,10.611,LYS, ,CA,44.88,12.91,0.0,1.34,1.0,<Residue LYS het=  resseq=362 icode= >,4ix7_B_A,1.581
860,0.0,LYS, ,C,51.58,14.25,0.0,0.54,1.0,<Residue LYS het=  resseq=362 icode= >,4ix7_B_A,1.581
861,21.262,LYS, ,O,53.37,15.08,0.0,0.36,1.0,<Residue LYS het=  resseq=362 icode= >,4ix7_B_A,1.581
862,4.221,LYS, ,CB,20.0,11.84,0.0,1.42,1.0,<Residue LYS het=  resseq=362 icode= >,4ix7_B_A,1.581
863,24.589,LYS, ,CG,20.0,12.27,0.0,0.72,1.0,<Residue LYS het=  resseq=362 icode= >,4ix7_B_A,1.581
864,32.85,LYS, ,CD,20.0,11.26,0.0,0.73,1.0,<Residue LYS het=  resseq=362 icode= >,4ix7_B_A,1.581
865,15.886,LYS, ,CE,20.0,10.36,0.0,0.67,1.0,<Residue LYS het=  resseq=362 icode= >,4ix7_B_A,1.581
866,27.206,LYS, ,NZ,20.0,9.28,0.0,1.05,1.0,<Residue LYS het=  resseq=362 icode= >,4ix7_B_A,1.581
867,0.0,ARG, ,N,43.81,14.52,0.0,1.11,0.85,<Residue ARG het=  resseq=363 icode= >,4ix7_B_A,1.581
868,8.689,ARG, ,CA,42.57,15.36,0.0,1.19,0.85,<Residue ARG het=  resseq=363 icode= >,4ix7_B_A,1.581
869,0.34,ARG, ,C,47.31,16.85,0.0,1.26,0.85,<Residue ARG het=  resseq=363 icode= >,4ix7_B_A,1.581
870,28.558,ARG, ,O,44.77,17.69,0.0,1.38,0.85,<Residue ARG het=  resseq=363 icode= >,4ix7_B_A,1.581
871,2.434,ARG, ,CB,20.0,15.06,0.0,0.53,1.0,<Residue ARG het=  resseq=363 icode= >,4ix7_B_A,1.581
872,27.778,ARG, ,CG,20.0,15.77,0.0,0.93,1.0,<Residue ARG het=  resseq=363 icode= >,4ix7_B_A,1.581
873,28.778,ARG, ,CD,20.0,15.76,0.0,0.91,1.0,<Residue ARG het=  resseq=363 icode= >,4ix7_B_A,1.581
874,5.031,ARG, ,NE,20.0,16.59,0.0,0.74,1.0,<Residue ARG het=  resseq=363 icode= >,4ix7_B_A,1.581
875,4.544,ARG, ,CZ,20.0,16.94,0.0,1.42,1.0,<Residue ARG het=  resseq=363 icode= >,4ix7_B_A,1.581
876,48.391,ARG, ,NH1,20.0,16.55,0.0,0.96,1.0,<Residue ARG het=  resseq=363 icode= >,4ix7_B_A,1.581
877,28.213,ARG, ,NH2,20.0,17.82,0.0,1.37,1.0,<Residue ARG het=  resseq=363 icode= >,4ix7_B_A,1.581
878,0.0,ARG, ,N,50.39,17.02,0.0,0.77,0.76,<Residue ARG het=  resseq=364 icode= >,4ix7_B_A,1.581
879,6.999,ARG, ,CA,46.86,18.04,0.0,1.27,0.76,<Residue ARG het=  resseq=364 icode= >,4ix7_B_A,1.581
880,11.882,ARG, ,C,51.47,17.34,0.0,0.87,0.76,<Residue ARG het=  resseq=364 icode= >,4ix7_B_A,1.581
881,41.408,ARG, ,O,54.99,18.04,0.0,0.66,0.76,<Residue ARG het=  resseq=364 icode= >,4ix7_B_A,1.581
882,30.363,ARG, ,CB,46.59,18.04,0.0,1.03,0.76,<Residue ARG het=  resseq=364 icode= >,4ix7_B_A,1.581
883,17.884,ARG, ,CG,44.91,16.73,0.0,1.32,0.76,<Residue ARG het=  resseq=364 icode= >,4ix7_B_A,1.581
884,2.111,ARG, ,CD,47.21,16.94,0.0,1.02,0.76,<Residue ARG het=  resseq=364 icode= >,4ix7_B_A,1.581
885,6.239,ARG, ,NE,42.68,15.85,0.0,1.34,0.76,<Residue ARG het=  resseq=364 icode= >,4ix7_B_A,1.581
886,4.429,ARG, ,CZ,42.47,15.89,0.0,0.88,0.76,<Residue ARG het=  resseq=364 icode= >,4ix7_B_A,1.581
887,36.278,ARG, ,NH1,45.47,17.09,0.0,0.56,0.76,<Residue ARG het=  resseq=364 icode= >,4ix7_B_A,1.581
888,53.215,ARG, ,NH2,48.55,14.82,0.0,0.19,0.76,<Residue ARG het=  resseq=364 icode= >,4ix7_B_A,1.581
