,ASA,aa,altloc,atom,bfac,d2r,dASA,dens,occ,residue,id,resolu
0,45.438,ASP, ,N,34.24,1000.00,0.0,1.45,1.0,<Residue ASP het=  resseq=251 icode= >,4ix7_A_A,1.581
1,9.281,ASP, ,CA,32.76,1000.00,0.0,1.29,1.0,<Residue ASP het=  resseq=251 icode= >,4ix7_A_A,1.581
2,4.234,ASP, ,C,35.75,1000.00,0.0,1.78,1.0,<Residue ASP het=  resseq=251 icode= >,4ix7_A_A,1.581
3,23.621,ASP, ,O,35.32,1000.00,0.0,1.98,1.0,<Residue ASP het=  resseq=251 icode= >,4ix7_A_A,1.581
4,14.507,ASP, ,CB,36.04,1000.00,0.0,0.95,1.0,<Residue ASP het=  resseq=251 icode= >,4ix7_A_A,1.581
5,14.3,ASP, ,CG,41.67,1000.00,0.0,1.54,1.0,<Residue ASP het=  resseq=251 icode= >,4ix7_A_A,1.581
6,32.61,ASP, ,OD1,45.45,1000.00,0.0,1.16,1.0,<Residue ASP het=  resseq=251 icode= >,4ix7_A_A,1.581
7,41.872,ASP, ,OD2,38.46,1000.00,0.0,2.01,1.0,<Residue ASP het=  resseq=251 icode= >,4ix7_A_A,1.581
8,8.143,ASN, ,N,31.66,1000.00,0.0,1.85,1.0,<Residue ASN het=  resseq=252 icode= >,4ix7_A_A,1.581
9,4.78,ASN, ,CA,29.52,1000.00,0.0,1.14,1.0,<Residue ASN het=  resseq=252 icode= >,4ix7_A_A,1.581
10,0.345,ASN, ,C,31.41,1000.00,0.0,1.39,1.0,<Residue ASN het=  resseq=252 icode= >,4ix7_A_A,1.581
11,18.399,ASN, ,O,29.28,1000.00,0.0,2.37,1.0,<Residue ASN het=  resseq=252 icode= >,4ix7_A_A,1.581
12,30.061,ASN, ,CB,31.3,1000.00,0.0,1.86,1.0,<Residue ASN het=  resseq=252 icode= >,4ix7_A_A,1.581
13,5.661,ASN, ,CG,38.0,1000.00,0.0,1.86,1.0,<Residue ASN het=  resseq=252 icode= >,4ix7_A_A,1.581
14,2.95,ASN, ,OD1,35.73,1000.00,0.0,1.84,1.0,<Residue ASN het=  resseq=252 icode= >,4ix7_A_A,1.581
15,45.044,ASN, ,ND2,39.74,1000.00,0.0,1.38,1.0,<Residue ASN het=  resseq=252 icode= >,4ix7_A_A,1.581
16,2.947,VAL, ,N,25.21,1000.00,0.0,2.59,1.0,<Residue VAL het=  resseq=253 icode= >,4ix7_A_A,1.581
17,3.195,VAL, ,CA,25.22,1000.00,0.0,2.48,1.0,<Residue VAL het=  resseq=253 icode= >,4ix7_A_A,1.581
18,0.0,VAL, ,C,29.42,1000.00,0.0,2.34,1.0,<Residue VAL het=  resseq=253 icode= >,4ix7_A_A,1.581
19,0.0,VAL, ,O,27.16,1000.00,0.0,2.97,1.0,<Residue VAL het=  resseq=253 icode= >,4ix7_A_A,1.581
20,2.786,VAL, ,CB,25.15,1000.00,0.0,2.88,1.0,<Residue VAL het=  resseq=253 icode= >,4ix7_A_A,1.581
21,40.849,VAL, ,CG1,28.88,1000.00,0.0,1.60,1.0,<Residue VAL het=  resseq=253 icode= >,4ix7_A_A,1.581
22,39.589,VAL, ,CG2,26.3,1000.00,0.0,2.00,1.0,<Residue VAL het=  resseq=253 icode= >,4ix7_A_A,1.581
23,4.679,MET, ,N,24.94,1000.00,0.0,2.70,1.0,<Residue MET het=  resseq=254 icode= >,4ix7_A_A,1.581
24,0.0,MET, ,CA,26.37,1000.00,0.0,2.40,1.0,<Residue MET het=  resseq=254 icode= >,4ix7_A_A,1.581
25,0.0,MET, ,C,28.27,1000.00,0.0,2.74,1.0,<Residue MET het=  resseq=254 icode= >,4ix7_A_A,1.581
26,17.677,MET, ,O,27.2,1000.00,0.0,3.19,1.0,<Residue MET het=  resseq=254 icode= >,4ix7_A_A,1.581
27,12.494,MET, ,CB,23.42,1000.00,0.0,2.77,1.0,<Residue MET het=  resseq=254 icode= >,4ix7_A_A,1.581
28,30.711,MET, ,CG,24.0,1000.00,0.0,2.28,1.0,<Residue MET het=  resseq=254 icode= >,4ix7_A_A,1.581
29,11.722,MET, ,S,26.61,1000.00,0.0,8.84,0.51,<Residue MET het=  resseq=254 icode= >,4ix7_A_A,1.581
30,28.541,MET, ,CE,29.78,1000.00,0.0,1.87,1.0,<Residue MET het=  resseq=254 icode= >,4ix7_A_A,1.581
31,0.0,VAL, ,N,21.28,1000.00,0.0,3.95,1.0,<Residue VAL het=  resseq=255 icode= >,4ix7_A_A,1.581
32,3.173,VAL, ,CA,22.9,1000.00,0.0,3.02,1.0,<Residue VAL het=  resseq=255 icode= >,4ix7_A_A,1.581
33,0.0,VAL, ,C,23.54,1000.00,0.0,3.39,1.0,<Residue VAL het=  resseq=255 icode= >,4ix7_A_A,1.581
34,0.0,VAL, ,O,21.06,1000.00,0.0,4.99,1.0,<Residue VAL het=  resseq=255 icode= >,4ix7_A_A,1.581
35,0.0,VAL, ,CB,21.61,1000.00,0.0,3.18,1.0,<Residue VAL het=  resseq=255 icode= >,4ix7_A_A,1.581
36,18.09,VAL, ,CG1,24.78,1000.00,0.0,2.55,1.0,<Residue VAL het=  resseq=255 icode= >,4ix7_A_A,1.581
37,15.312,VAL, ,CG2,26.62,1000.00,0.0,1.85,1.0,<Residue VAL het=  resseq=255 icode= >,4ix7_A_A,1.581
38,5.871,SER, ,N,19.71,1000.00,0.0,3.80,1.0,<Residue SER het=  resseq=256 icode= >,4ix7_A_A,1.581
39,0.0,SER, ,CA,20.53,1000.00,0.0,3.71,1.0,<Residue SER het=  resseq=256 icode= >,4ix7_A_A,1.581
40,0.003,SER, ,C,22.66,1000.00,0.0,3.45,1.0,<Residue SER het=  resseq=256 icode= >,4ix7_A_A,1.581
41,18.352,SER, ,O,22.59,1000.00,0.0,3.62,1.0,<Residue SER het=  resseq=256 icode= >,4ix7_A_A,1.581
42,28.197,SER, ,CB,19.52,1000.00,0.0,3.03,1.0,<Residue SER het=  resseq=256 icode= >,4ix7_A_A,1.581
43,6.493,SER, ,OG,22.09,1000.00,0.0,3.58,1.0,<Residue SER het=  resseq=256 icode= >,4ix7_A_A,1.581
44,0.0,ILE, ,N,16.89,1000.00,0.0,4.67,1.0,<Residue ILE het=  resseq=257 icode= >,4ix7_A_A,1.581
45,1.307,ILE, ,CA,16.8,1000.00,0.0,3.57,1.0,<Residue ILE het=  resseq=257 icode= >,4ix7_A_A,1.581
46,2.66,ILE, ,C,18.94,1000.00,0.0,3.85,1.0,<Residue ILE het=  resseq=257 icode= >,4ix7_A_A,1.581
47,3.824,ILE, ,O,19.12,1000.00,0.0,4.44,1.0,<Residue ILE het=  resseq=257 icode= >,4ix7_A_A,1.581
48,0.0,ILE, ,CB,17.73,1000.00,0.0,3.47,1.0,<Residue ILE het=  resseq=257 icode= >,4ix7_A_A,1.581
49,0.0,ILE, ,CG1,19.18,1000.00,0.0,3.50,1.0,<Residue ILE het=  resseq=257 icode= >,4ix7_A_A,1.581
50,0.0,ILE, ,CG2,18.24,1000.00,0.0,3.83,1.0,<Residue ILE het=  resseq=257 icode= >,4ix7_A_A,1.581
51,0.0,ILE, ,CD1,16.83,1000.00,0.0,4.34,1.0,<Residue ILE het=  resseq=257 icode= >,4ix7_A_A,1.581
52,0.703,GLY, ,N,17.97,1000.00,0.0,4.09,1.0,<Residue GLY het=  resseq=258 icode= >,4ix7_A_A,1.581
53,2.782,GLY, ,CA,17.18,1000.00,0.0,2.71,1.0,<Residue GLY het=  resseq=258 icode= >,4ix7_A_A,1.581
54,4.374,GLY, ,C,18.72,1000.00,0.0,3.22,1.0,<Residue GLY het=  resseq=258 icode= >,4ix7_A_A,1.581
55,3.562,GLY, ,O,19.61,1000.00,0.0,4.07,1.0,<Residue GLY het=  resseq=258 icode= >,4ix7_A_A,1.581
56,0.291,PRO, ,N,18.8,1000.00,0.0,3.48,1.0,<Residue PRO het=  resseq=259 icode= >,4ix7_A_A,1.581
57,13.742,PRO, ,CA,20.6,1000.00,0.0,2.39,1.0,<Residue PRO het=  resseq=259 icode= >,4ix7_A_A,1.581
58,0.446,PRO, ,C,20.87,1000.00,0.0,3.30,1.0,<Residue PRO het=  resseq=259 icode= >,4ix7_A_A,1.581
59,27.891,PRO, ,O,22.27,1000.00,0.0,4.31,1.0,<Residue PRO het=  resseq=259 icode= >,4ix7_A_A,1.581
60,34.669,PRO, ,CB,20.52,1000.00,0.0,2.63,1.0,<Residue PRO het=  resseq=259 icode= >,4ix7_A_A,1.581
61,13.21,PRO, ,CG,32.7,1000.00,0.0,0.87,1.0,<Residue PRO het=  resseq=259 icode= >,4ix7_A_A,1.581
62,1.786,PRO, ,CD,20.29,1000.00,0.0,2.50,1.0,<Residue PRO het=  resseq=259 icode= >,4ix7_A_A,1.581
63,0.0,ASN, ,N,19.87,1000.00,0.0,3.71,1.0,<Residue ASN het=  resseq=260 icode= >,4ix7_A_A,1.581
64,5.459,ASN, ,CA,20.25,1000.00,0.0,2.96,1.0,<Residue ASN het=  resseq=260 icode= >,4ix7_A_A,1.581
65,2.107,ASN, ,C,17.89,1000.00,0.0,3.90,1.0,<Residue ASN het=  resseq=260 icode= >,4ix7_A_A,1.581
66,20.903,ASN, ,O,20.88,1000.00,0.0,4.33,1.0,<Residue ASN het=  resseq=260 icode= >,4ix7_A_A,1.581
67,10.292,ASN, ,CB,17.8,1000.00,0.0,3.15,1.0,<Residue ASN het=  resseq=260 icode= >,4ix7_A_A,1.581
68,4.504,ASN, ,CG,23.08,1000.00,0.0,3.01,1.0,<Residue ASN het=  resseq=260 icode= >,4ix7_A_A,1.581
69,27.441,ASN, ,OD1,29.09,1000.00,0.0,2.67,1.0,<Residue ASN het=  resseq=260 icode= >,4ix7_A_A,1.581
70,0.992,ASN, ,ND2,22.32,1000.00,0.0,3.02,1.0,<Residue ASN het=  resseq=260 icode= >,4ix7_A_A,1.581
71,0.157,ASN, ,N,19.41,1000.00,0.0,3.62,1.0,<Residue ASN het=  resseq=261 icode= >,4ix7_A_A,1.581
72,0.21,ASN, ,CA,17.02,1000.00,0.0,2.80,1.0,<Residue ASN het=  resseq=261 icode= >,4ix7_A_A,1.581
73,0.607,ASN, ,C,17.97,1000.00,0.0,3.93,1.0,<Residue ASN het=  resseq=261 icode= >,4ix7_A_A,1.581
74,11.225,ASN, ,O,21.0,1000.00,0.0,4.47,1.0,<Residue ASN het=  resseq=261 icode= >,4ix7_A_A,1.581
75,24.537,ASN, ,CB,18.88,1000.00,0.0,2.57,1.0,<Residue ASN het=  resseq=261 icode= >,4ix7_A_A,1.581
76,5.576,ASN, ,CG,20.54,1000.00,0.0,3.76,1.0,<Residue ASN het=  resseq=261 icode= >,4ix7_A_A,1.581
77,35.16,ASN, ,OD1,24.61,1000.00,0.0,3.74,1.0,<Residue ASN het=  resseq=261 icode= >,4ix7_A_A,1.581
78,18.217,ASN, ,ND2,20.03,1000.00,0.0,3.76,1.0,<Residue ASN het=  resseq=261 icode= >,4ix7_A_A,1.581
79,0.0,THR, ,N,18.12,1000.00,0.0,3.86,1.0,<Residue THR het=  resseq=262 icode= >,4ix7_A_A,1.581
80,7.385,THR, ,CA,15.15,1000.00,0.0,4.07,1.0,<Residue THR het=  resseq=262 icode= >,4ix7_A_A,1.581
81,0.0,THR, ,C,15.05,1000.00,0.0,4.39,1.0,<Residue THR het=  resseq=262 icode= >,4ix7_A_A,1.581
82,0.0,THR, ,O,18.14,1000.00,0.0,5.84,1.0,<Residue THR het=  resseq=262 icode= >,4ix7_A_A,1.581
83,0.0,THR, ,CB,17.91,1000.00,0.0,3.47,1.0,<Residue THR het=  resseq=262 icode= >,4ix7_A_A,1.581
84,2.704,THR, ,OG1,18.71,1000.00,0.0,4.69,1.0,<Residue THR het=  resseq=262 icode= >,4ix7_A_A,1.581
85,3.871,THR, ,CG2,18.98,1000.00,0.0,2.71,1.0,<Residue THR het=  resseq=262 icode= >,4ix7_A_A,1.581
86,5.491,CYS, ,N,18.27,1000.00,0.0,3.73,1.0,<Residue CYS het=  resseq=263 icode= >,4ix7_A_A,1.581
87,0.0,CYS, ,CA,18.65,1000.00,0.0,2.64,1.0,<Residue CYS het=  resseq=263 icode= >,4ix7_A_A,1.581
88,0.0,CYS, ,C,20.34,1000.00,0.0,3.57,1.0,<Residue CYS het=  resseq=263 icode= >,4ix7_A_A,1.581
89,12.971,CYS, ,O,20.93,1000.00,0.0,4.32,1.0,<Residue CYS het=  resseq=263 icode= >,4ix7_A_A,1.581
90,8.434,CYS, ,CB,21.27,1000.00,0.0,2.07,1.0,<Residue CYS het=  resseq=263 icode= >,4ix7_A_A,1.581
91,16.929,CYS, ,SG,24.66,1000.00,0.0,6.81,1.0,<Residue CYS het=  resseq=263 icode= >,4ix7_A_A,1.581
92,0.0,VAL, ,N,19.09,17.06,0.0,4.17,1.0,<Residue VAL het=  resseq=264 icode= >,4ix7_A_A,1.581
93,0.175,VAL, ,CA,18.46,16.02,0.0,3.33,1.0,<Residue VAL het=  resseq=264 icode= >,4ix7_A_A,1.581
94,0.0,VAL, ,C,19.66,16.63,0.0,3.78,1.0,<Residue VAL het=  resseq=264 icode= >,4ix7_A_A,1.581
95,0.0,VAL, ,O,21.62,17.85,0.0,3.82,1.0,<Residue VAL het=  resseq=264 icode= >,4ix7_A_A,1.581
96,0.0,VAL, ,CB,18.97,15.55,0.0,2.95,1.0,<Residue VAL het=  resseq=264 icode= >,4ix7_A_A,1.581
97,0.0,VAL, ,CG1,19.6,15.09,0.0,3.07,1.0,<Residue VAL het=  resseq=264 icode= >,4ix7_A_A,1.581
98,0.0,VAL, ,CG2,18.03,15.89,0.0,3.39,1.0,<Residue VAL het=  resseq=264 icode= >,4ix7_A_A,1.581
99,0.0,PRO, ,N,18.28,15.88,0.0,3.77,1.0,<Residue PRO het=  resseq=265 icode= >,4ix7_A_A,1.581
100,0.0,PRO, ,CA,16.7,16.66,0.0,3.76,1.0,<Residue PRO het=  resseq=265 icode= >,4ix7_A_A,1.581
101,0.0,PRO, ,C,20.97,17.35,0.0,3.35,1.0,<Residue PRO het=  resseq=265 icode= >,4ix7_A_A,1.581
102,0.0,PRO, ,O,19.89,16.54,0.0,3.67,1.0,<Residue PRO het=  resseq=265 icode= >,4ix7_A_A,1.581
103,1.545,PRO, ,CB,19.17,15.69,0.0,3.10,1.0,<Residue PRO het=  resseq=265 icode= >,4ix7_A_A,1.581
104,24.917,PRO, ,CG,19.11,14.53,0.0,3.25,1.0,<Residue PRO het=  resseq=265 icode= >,4ix7_A_A,1.581
105,3.597,PRO, ,CD,20.49,14.45,0.0,3.13,1.0,<Residue PRO het=  resseq=265 icode= >,4ix7_A_A,1.581
106,0.0,ALA, ,N,19.76,18.49,0.0,4.09,1.0,<Residue ALA het=  resseq=266 icode= >,4ix7_A_A,1.581
107,0.0,ALA, ,CA,21.46,18.85,0.0,2.85,1.0,<Residue ALA het=  resseq=266 icode= >,4ix7_A_A,1.581
108,0.0,ALA, ,C,19.88,17.86,0.0,3.38,1.0,<Residue ALA het=  resseq=266 icode= >,4ix7_A_A,1.581
109,0.0,ALA, ,O,21.37,17.35,0.0,3.34,1.0,<Residue ALA het=  resseq=266 icode= >,4ix7_A_A,1.581
110,18.369,ALA, ,CB,24.18,20.23,0.0,2.24,1.0,<Residue ALA het=  resseq=266 icode= >,4ix7_A_A,1.581
111,2.621,SER, ,N,21.66,17.35,0.0,3.25,1.0,<Residue SER het=  resseq=267 icode= >,4ix7_A_A,1.581
112,8.577,SER, ,CA,21.18,16.51,0.0,2.15,1.0,<Residue SER het=  resseq=267 icode= >,4ix7_A_A,1.581
113,1.259,SER, ,C,19.68,15.27,0.0,3.13,1.0,<Residue SER het=  resseq=267 icode= >,4ix7_A_A,1.581
114,8.402,SER, ,O,25.76,14.86,0.0,3.22,1.0,<Residue SER het=  resseq=267 icode= >,4ix7_A_A,1.581
115,46.871,SER, ,CB,22.8,15.91,0.0,2.98,1.0,<Residue SER het=  resseq=267 icode= >,4ix7_A_A,1.581
116,15.352,SER, ,OG,25.69,15.07,0.0,3.45,1.0,<Residue SER het=  resseq=267 icode= >,4ix7_A_A,1.581
117,0.0,VAL, ,N,17.6,14.76,0.0,3.86,1.0,<Residue VAL het=  resseq=268 icode= >,4ix7_A_A,1.581
118,2.71,VAL, ,CA,19.19,13.65,0.0,2.96,1.0,<Residue VAL het=  resseq=268 icode= >,4ix7_A_A,1.581
119,0.0,VAL, ,C,18.53,13.72,0.0,3.22,1.0,<Residue VAL het=  resseq=268 icode= >,4ix7_A_A,1.581
120,0.634,VAL, ,O,19.71,12.96,0.0,4.28,1.0,<Residue VAL het=  resseq=268 icode= >,4ix7_A_A,1.581
121,0.0,VAL, ,CB,18.34,13.08,0.0,2.99,1.0,<Residue VAL het=  resseq=268 icode= >,4ix7_A_A,1.581
122,0.0,VAL, ,CG1,20.47,12.04,0.0,2.51,1.0,<Residue VAL het=  resseq=268 icode= >,4ix7_A_A,1.581
123,24.887,VAL, ,CG2,21.09,12.46,0.0,2.63,1.0,<Residue VAL het=  resseq=268 icode= >,4ix7_A_A,1.581
124,0.0,PHE, ,N,17.77,14.79,0.0,4.40,1.0,<Residue PHE het=  resseq=269 icode= >,4ix7_A_A,1.581
125,0.0,PHE, ,CA,20.38,15.12,0.0,2.49,1.0,<Residue PHE het=  resseq=269 icode= >,4ix7_A_A,1.581
126,0.0,PHE, ,C,17.37,15.30,0.0,3.53,1.0,<Residue PHE het=  resseq=269 icode= >,4ix7_A_A,1.581
127,0.12,PHE, ,O,21.11,14.94,0.0,3.84,1.0,<Residue PHE het=  resseq=269 icode= >,4ix7_A_A,1.581
128,0.0,PHE, ,CB,19.21,16.47,0.0,1.82,1.0,<Residue PHE het=  resseq=269 icode= >,4ix7_A_A,1.581
129,0.0,PHE, ,CG,22.58,16.88,0.0,2.25,1.0,<Residue PHE het=  resseq=269 icode= >,4ix7_A_A,1.581
130,0.0,PHE, ,CD1,21.48,16.47,0.0,3.06,1.0,<Residue PHE het=  resseq=269 icode= >,4ix7_A_A,1.581
131,7.231,PHE, ,CD2,24.7,17.81,0.0,2.40,1.0,<Residue PHE het=  resseq=269 icode= >,4ix7_A_A,1.581
132,0.0,PHE, ,CE1,22.75,17.02,0.0,3.50,1.0,<Residue PHE het=  resseq=269 icode= >,4ix7_A_A,1.581
133,14.312,PHE, ,CE2,27.38,18.32,0.0,2.74,1.0,<Residue PHE het=  resseq=269 icode= >,4ix7_A_A,1.581
134,9.3,PHE, ,CZ,25.81,17.94,0.0,2.93,1.0,<Residue PHE het=  resseq=269 icode= >,4ix7_A_A,1.581
135,0.0,GLU, ,N,21.64,16.02,0.0,2.94,1.0,<Residue GLU het=  resseq=270 icode= >,4ix7_A_A,1.581
136,6.238,GLU, ,CA,19.93,16.49,0.0,3.00,1.0,<Residue GLU het=  resseq=270 icode= >,4ix7_A_A,1.581
137,0.973,GLU, ,C,19.6,15.50,0.0,3.41,1.0,<Residue GLU het=  resseq=270 icode= >,4ix7_A_A,1.581
138,26.945,GLU, ,O,21.52,15.84,0.0,4.32,1.0,<Residue GLU het=  resseq=270 icode= >,4ix7_A_A,1.581
139,15.668,GLU, ,CB,23.46,17.70,0.0,2.13,1.0,<Residue GLU het=  resseq=270 icode= >,4ix7_A_A,1.581
140,17.984,GLU, ,CG,24.9,18.89,0.0,1.78,1.0,<Residue GLU het=  resseq=270 icode= >,4ix7_A_A,1.581
141,7.927,GLU, ,CD,36.49,20.00,0.0,1.34,1.0,<Residue GLU het=  resseq=270 icode= >,4ix7_A_A,1.581
142,28.52,GLU, ,OE1,43.86,19.84,0.0,0.67,1.0,<Residue GLU het=  resseq=270 icode= >,4ix7_A_A,1.581
143,33.879,GLU, ,OE2,46.98,21.09,0.0,1.19,1.0,<Residue GLU het=  resseq=270 icode= >,4ix7_A_A,1.581
144,0.0,ASN, ,N,19.3,14.36,0.0,3.53,1.0,<Residue ASN het=  resseq=271 icode= >,4ix7_A_A,1.581
145,3.704,ASN, ,CA,17.84,13.47,0.0,3.80,1.0,<Residue ASN het=  resseq=271 icode= >,4ix7_A_A,1.581
146,2.713,ASN, ,C,21.51,12.24,0.0,3.91,1.0,<Residue ASN het=  resseq=271 icode= >,4ix7_A_A,1.581
147,15.34,ASN, ,O,23.65,11.42,0.0,4.35,1.0,<Residue ASN het=  resseq=271 icode= >,4ix7_A_A,1.581
148,11.264,ASN, ,CB,19.76,13.17,0.0,3.34,1.0,<Residue ASN het=  resseq=271 icode= >,4ix7_A_A,1.581
149,5.816,ASN, ,CG,34.97,12.67,0.0,1.11,1.0,<Residue ASN het=  resseq=271 icode= >,4ix7_A_A,1.581
150,33.68,ASN, ,OD1,28.79,13.20,0.0,2.09,1.0,<Residue ASN het=  resseq=271 icode= >,4ix7_A_A,1.581
151,54.324,ASN, ,ND2,31.02,11.80,0.0,1.30,1.0,<Residue ASN het=  resseq=271 icode= >,4ix7_A_A,1.581
152,0.0,ILE, ,N,24.06,12.27,0.0,3.81,1.0,<Residue ILE het=  resseq=272 icode= >,4ix7_A_A,1.581
153,4.194,ILE, ,CA,22.8,11.37,0.0,3.27,1.0,<Residue ILE het=  resseq=272 icode= >,4ix7_A_A,1.581
154,0.53,ILE, ,C,24.38,11.83,0.0,3.36,1.0,<Residue ILE het=  resseq=272 icode= >,4ix7_A_A,1.581
155,8.875,ILE, ,O,26.67,13.05,0.0,3.38,1.0,<Residue ILE het=  resseq=272 icode= >,4ix7_A_A,1.581
156,0.0,ILE, ,CB,25.21,11.61,0.0,3.07,1.0,<Residue ILE het=  resseq=272 icode= >,4ix7_A_A,1.581
157,0.33,ILE, ,CG1,24.91,11.13,0.0,2.55,1.0,<Residue ILE het=  resseq=272 icode= >,4ix7_A_A,1.581
158,0.771,ILE, ,CG2,21.98,11.14,0.0,2.63,1.0,<Residue ILE het=  resseq=272 icode= >,4ix7_A_A,1.581
159,0.0,ILE, ,CD1,24.0,11.77,0.0,2.76,1.0,<Residue ILE het=  resseq=272 icode= >,4ix7_A_A,1.581
160,5.9,ASN, ,N,25.25,10.98,0.0,3.11,1.0,<Residue ASN het=  resseq=273 icode= >,4ix7_A_A,1.581
161,6.076,ASN, ,CA,25.46,10.92,0.0,2.83,1.0,<Residue ASN het=  resseq=273 icode= >,4ix7_A_A,1.581
162,0.0,ASN, ,C,24.8,10.46,0.0,3.06,1.0,<Residue ASN het=  resseq=273 icode= >,4ix7_A_A,1.581
163,0.156,ASN, ,O,27.12,9.31,0.0,2.78,1.0,<Residue ASN het=  resseq=273 icode= >,4ix7_A_A,1.581
164,24.31,ASN, ,CB,25.94,10.07,0.0,2.03,1.0,<Residue ASN het=  resseq=273 icode= >,4ix7_A_A,1.581
165,5.356,ASN, ,CG,26.13,10.11,0.0,2.80,1.0,<Residue ASN het=  resseq=273 icode= >,4ix7_A_A,1.581
166,10.261,ASN, ,OD1,27.24,10.86,0.0,2.70,1.0,<Residue ASN het=  resseq=273 icode= >,4ix7_A_A,1.581
167,36.205,ASN, ,ND2,30.81,9.53,0.0,2.12,1.0,<Residue ASN het=  resseq=273 icode= >,4ix7_A_A,1.581
168,3.526,TRP, ,N,26.75,11.50,0.0,2.74,1.0,<Residue TRP het=  resseq=274 icode= >,4ix7_A_A,1.581
169,0.0,TRP, ,CA,25.59,11.51,0.0,2.23,1.0,<Residue TRP het=  resseq=274 icode= >,4ix7_A_A,1.581
170,1.739,TRP, ,C,27.07,11.07,0.0,3.01,1.0,<Residue TRP het=  resseq=274 icode= >,4ix7_A_A,1.581
171,2.228,TRP, ,O,34.33,11.34,0.0,2.09,1.0,<Residue TRP het=  resseq=274 icode= >,4ix7_A_A,1.581
172,10.541,TRP, ,CB,27.42,12.97,0.0,1.96,1.0,<Residue TRP het=  resseq=274 icode= >,4ix7_A_A,1.581
173,0.0,TRP, ,CG,28.34,13.60,0.0,2.16,1.0,<Residue TRP het=  resseq=274 icode= >,4ix7_A_A,1.581
174,17.135,TRP, ,CD1,30.17,14.49,0.0,2.14,1.0,<Residue TRP het=  resseq=274 icode= >,4ix7_A_A,1.581
175,0.0,TRP, ,CD2,24.31,13.58,0.0,2.75,1.0,<Residue TRP het=  resseq=274 icode= >,4ix7_A_A,1.581
176,4.473,TRP, ,NE1,30.36,15.00,0.0,3.30,1.0,<Residue TRP het=  resseq=274 icode= >,4ix7_A_A,1.581
177,0.0,TRP, ,CE2,30.71,14.49,0.0,3.03,1.0,<Residue TRP het=  resseq=274 icode= >,4ix7_A_A,1.581
178,0.0,TRP, ,CE3,26.4,13.05,0.0,2.66,1.0,<Residue TRP het=  resseq=274 icode= >,4ix7_A_A,1.581
179,0.0,TRP, ,CZ2,26.94,14.59,0.0,3.10,1.0,<Residue TRP het=  resseq=274 icode= >,4ix7_A_A,1.581
180,0.0,TRP, ,CZ3,20.74,13.36,0.0,3.00,1.0,<Residue TRP het=  resseq=274 icode= >,4ix7_A_A,1.581
181,0.0,TRP, ,CH2,24.12,14.21,0.0,2.99,1.0,<Residue TRP het=  resseq=274 icode= >,4ix7_A_A,1.581
182,0.461,SER, ,N,30.11,10.61,0.0,2.46,1.0,<Residue SER het=  resseq=275 icode= >,4ix7_A_A,1.581
183,7.099,SER,x,CA,29.22,10.39,0.0,1.81,0.46,<Residue SER het=  resseq=275 icode= >,4ix7_A_A,1.581
184,0.0,SER, ,C,32.26,8.99,0.0,2.73,1.0,<Residue SER het=  resseq=275 icode= >,4ix7_A_A,1.581
185,25.422,SER, ,O,29.3,8.92,0.0,3.06,1.0,<Residue SER het=  resseq=275 icode= >,4ix7_A_A,1.581
186,27.004,SER,x,CB,28.66,10.92,0.0,1.90,0.46,<Residue SER het=  resseq=275 icode= >,4ix7_A_A,1.581
187,37.37,SER,x,OG,31.26,12.32,0.0,1.08,0.46,<Residue SER het=  resseq=275 icode= >,4ix7_A_A,1.581
188,0.0,VAL, ,N,28.08,8.04,0.0,2.46,1.0,<Residue VAL het=  resseq=276 icode= >,4ix7_A_A,1.581
189,2.892,VAL, ,CA,21.52,6.65,0.0,2.90,1.0,<Residue VAL het=  resseq=276 icode= >,4ix7_A_A,1.581
190,0.0,VAL, ,C,16.83,6.51,0.0,3.72,1.0,<Residue VAL het=  resseq=276 icode= >,4ix7_A_A,1.581
191,0.0,VAL, ,O,20.6,6.41,0.0,4.19,1.0,<Residue VAL het=  resseq=276 icode= >,4ix7_A_A,1.581
192,0.0,VAL, ,CB,20.99,5.71,0.0,3.09,1.0,<Residue VAL het=  resseq=276 icode= >,4ix7_A_A,1.581
193,27.59,VAL, ,CG1,21.33,4.25,6.077,2.92,1.0,<Residue VAL het=  resseq=276 icode= >,4ix7_A_A,1.581
194,33.022,VAL, ,CG2,24.41,6.43,0.0,2.33,1.0,<Residue VAL het=  resseq=276 icode= >,4ix7_A_A,1.581
195,4.313,CYS, ,N,20.27,6.89,0.0,3.91,1.0,<Residue CYS het=  resseq=277 icode= >,4ix7_A_A,1.581
196,0.0,CYS, ,CA,19.87,7.41,0.0,3.91,1.0,<Residue CYS het=  resseq=277 icode= >,4ix7_A_A,1.581
197,0.0,CYS, ,C,20.34,6.63,0.0,3.73,1.0,<Residue CYS het=  resseq=277 icode= >,4ix7_A_A,1.581
198,0.0,CYS, ,O,17.54,6.99,0.0,5.25,1.0,<Residue CYS het=  resseq=277 icode= >,4ix7_A_A,1.581
199,5.944,CYS, ,CB,25.05,8.01,0.0,3.17,1.0,<Residue CYS het=  resseq=277 icode= >,4ix7_A_A,1.581
200,0.767,CYS, ,SG,27.12,8.73,0.0,5.63,1.0,<Residue CYS het=  resseq=277 icode= >,4ix7_A_A,1.581
201,1.801,SER, ,N,16.75,5.42,0.0,4.52,1.0,<Residue SER het=  resseq=278 icode= >,4ix7_A_A,1.581
202,0.0,SER, ,CA,14.0,4.39,0.0,4.33,1.0,<Residue SER het=  resseq=278 icode= >,4ix7_A_A,1.581
203,0.0,SER, ,C,15.06,4.23,0.0,3.86,1.0,<Residue SER het=  resseq=278 icode= >,4ix7_A_A,1.581
204,0.0,SER, ,O,15.36,4.49,0.0,5.37,1.0,<Residue SER het=  resseq=278 icode= >,4ix7_A_A,1.581
205,32.632,SER, ,CB,18.82,3.31,10.416,4.26,1.0,<Residue SER het=  resseq=278 icode= >,4ix7_A_A,1.581
206,9.576,SER, ,OG,20.95,2.67,4.062,4.10,1.0,<Residue SER het=  resseq=278 icode= >,4ix7_A_A,1.581
207,0.0,LEU, ,N,15.44,4.45,0.0,4.27,1.0,<Residue LEU het=  resseq=279 icode= >,4ix7_A_A,1.581
208,0.108,LEU, ,CA,14.24,4.94,0.0,4.01,1.0,<Residue LEU het=  resseq=279 icode= >,4ix7_A_A,1.581
209,1.363,LEU, ,C,14.6,6.30,0.0,4.41,1.0,<Residue LEU het=  resseq=279 icode= >,4ix7_A_A,1.581
210,3.859,LEU, ,O,15.96,6.27,0.0,5.13,1.0,<Residue LEU het=  resseq=279 icode= >,4ix7_A_A,1.581
211,10.664,LEU, ,CB,14.05,4.99,0.0,4.42,1.0,<Residue LEU het=  resseq=279 icode= >,4ix7_A_A,1.581
212,2.059,LEU, ,CG,16.86,3.78,2.059,3.28,1.0,<Residue LEU het=  resseq=279 icode= >,4ix7_A_A,1.581
213,45.171,LEU, ,CD1,16.93,4.47,1.366,3.28,1.0,<Residue LEU het=  resseq=279 icode= >,4ix7_A_A,1.581
214,43.128,LEU, ,CD2,17.08,3.54,34.025,3.33,1.0,<Residue LEU het=  resseq=279 icode= >,4ix7_A_A,1.581
215,0.146,ALA, ,N,14.18,7.07,0.0,4.38,1.0,<Residue ALA het=  resseq=280 icode= >,4ix7_A_A,1.581
216,0.817,ALA, ,CA,14.55,8.41,0.0,3.43,1.0,<Residue ALA het=  resseq=280 icode= >,4ix7_A_A,1.581
217,0.0,ALA, ,C,15.29,8.51,0.0,3.08,1.0,<Residue ALA het=  resseq=280 icode= >,4ix7_A_A,1.581
218,0.0,ALA, ,O,16.21,9.21,0.0,5.03,1.0,<Residue ALA het=  resseq=280 icode= >,4ix7_A_A,1.581
219,0.0,ALA, ,CB,17.67,9.29,0.0,2.42,1.0,<Residue ALA het=  resseq=280 icode= >,4ix7_A_A,1.581
220,0.0,THR, ,N,13.27,7.82,0.0,5.31,1.0,<Residue THR het=  resseq=281 icode= >,4ix7_A_A,1.581
221,0.0,THR, ,CA,15.0,8.18,0.0,3.73,1.0,<Residue THR het=  resseq=281 icode= >,4ix7_A_A,1.581
222,0.0,THR, ,C,14.87,7.98,0.0,3.57,1.0,<Residue THR het=  resseq=281 icode= >,4ix7_A_A,1.581
223,0.0,THR, ,O,13.6,8.79,0.0,6.04,1.0,<Residue THR het=  resseq=281 icode= >,4ix7_A_A,1.581
224,0.0,THR, ,CB,14.23,7.71,0.0,3.57,1.0,<Residue THR het=  resseq=281 icode= >,4ix7_A_A,1.581
225,0.0,THR, ,OG1,14.18,8.32,0.0,5.91,1.0,<Residue THR het=  resseq=281 icode= >,4ix7_A_A,1.581
226,0.0,THR, ,CG2,15.72,8.48,0.0,3.36,1.0,<Residue THR het=  resseq=281 icode= >,4ix7_A_A,1.581
227,0.0,ARG, ,N,12.1,6.86,0.0,4.95,1.0,<Residue ARG het=  resseq=282 icode= >,4ix7_A_A,1.581
228,0.0,ARG,x,CA,13.93,6.09,0.0,3.49,0.58,<Residue ARG het=  resseq=282 icode= >,4ix7_A_A,1.581
229,0.556,ARG, ,C,13.36,6.43,0.0,4.22,1.0,<Residue ARG het=  resseq=282 icode= >,4ix7_A_A,1.581
230,0.0,ARG, ,O,14.61,6.55,0.0,5.49,1.0,<Residue ARG het=  resseq=282 icode= >,4ix7_A_A,1.581
231,9.611,ARG,x,CB,14.48,4.76,4.503,3.51,0.58,<Residue ARG het=  resseq=282 icode= >,4ix7_A_A,1.581
232,0.0,ARG,x,CG,16.13,4.70,0.0,3.63,0.58,<Residue ARG het=  resseq=282 icode= >,4ix7_A_A,1.581
233,10.429,ARG,x,CD,16.27,3.67,10.429,4.29,0.58,<Residue ARG het=  resseq=282 icode= >,4ix7_A_A,1.581
234,5.064,ARG,x,NE,15.82,2.97,5.046,3.11,0.58,<Residue ARG het=  resseq=282 icode= >,4ix7_A_A,1.581
235,4.294,ARG,x,CZ,16.51,3.61,4.294,4.06,0.58,<Residue ARG het=  resseq=282 icode= >,4ix7_A_A,1.581
236,16.394,ARG,x,NH1,13.92,3.50,15.384,2.80,0.58,<Residue ARG het=  resseq=282 icode= >,4ix7_A_A,1.581
237,12.465,ARG,x,NH2,18.1,3.39,12.425,4.20,0.58,<Residue ARG het=  resseq=282 icode= >,4ix7_A_A,1.581
238,0.578,LYS, ,N,13.29,6.58,0.0,5.15,1.0,<Residue LYS het=  resseq=283 icode= >,4ix7_A_A,1.581
239,2.484,LYS, ,CA,16.99,7.08,0.0,3.75,1.0,<Residue LYS het=  resseq=283 icode= >,4ix7_A_A,1.581
240,0.0,LYS, ,C,14.1,8.48,0.0,4.37,1.0,<Residue LYS het=  resseq=283 icode= >,4ix7_A_A,1.581
241,0.0,LYS, ,O,15.91,8.96,0.0,5.46,1.0,<Residue LYS het=  resseq=283 icode= >,4ix7_A_A,1.581
242,9.549,LYS, ,CB,17.48,7.36,0.0,3.20,1.0,<Residue LYS het=  resseq=283 icode= >,4ix7_A_A,1.581
243,4.475,LYS, ,CG,20.82,8.16,0.0,2.61,1.0,<Residue LYS het=  resseq=283 icode= >,4ix7_A_A,1.581
244,11.654,LYS, ,CD,20.52,7.60,0.0,2.89,1.0,<Residue LYS het=  resseq=283 icode= >,4ix7_A_A,1.581
245,18.823,LYS, ,CE,32.64,8.48,0.0,2.12,1.0,<Residue LYS het=  resseq=283 icode= >,4ix7_A_A,1.581
246,45.293,LYS, ,NZ,43.84,7.49,0.0,1.45,1.0,<Residue LYS het=  resseq=283 icode= >,4ix7_A_A,1.581
247,0.0,LEU, ,N,14.13,9.30,0.0,4.41,1.0,<Residue LEU het=  resseq=284 icode= >,4ix7_A_A,1.581
248,0.0,LEU, ,CA,13.51,10.66,0.0,4.46,1.0,<Residue LEU het=  resseq=284 icode= >,4ix7_A_A,1.581
249,0.0,LEU, ,C,13.53,10.55,0.0,4.86,1.0,<Residue LEU het=  resseq=284 icode= >,4ix7_A_A,1.581
250,0.0,LEU, ,O,13.79,11.32,0.0,5.62,1.0,<Residue LEU het=  resseq=284 icode= >,4ix7_A_A,1.581
251,0.0,LEU, ,CB,13.73,11.57,0.0,4.27,1.0,<Residue LEU het=  resseq=284 icode= >,4ix7_A_A,1.581
252,0.0,LEU, ,CG,14.26,12.02,0.0,4.02,1.0,<Residue LEU het=  resseq=284 icode= >,4ix7_A_A,1.581
253,0.0,LEU, ,CD1,18.58,12.79,0.0,3.59,1.0,<Residue LEU het=  resseq=284 icode= >,4ix7_A_A,1.581
254,0.0,LEU, ,CD2,17.35,12.94,0.0,3.78,1.0,<Residue LEU het=  resseq=284 icode= >,4ix7_A_A,1.581
255,0.0,LEU, ,N,12.59,9.67,0.0,5.74,1.0,<Residue LEU het=  resseq=285 icode= >,4ix7_A_A,1.581
256,0.0,LEU, ,CA,13.37,9.69,0.0,4.88,1.0,<Residue LEU het=  resseq=285 icode= >,4ix7_A_A,1.581
257,0.0,LEU, ,C,13.65,9.51,0.0,5.15,1.0,<Residue LEU het=  resseq=285 icode= >,4ix7_A_A,1.581
258,0.0,LEU, ,O,13.12,9.89,0.0,6.63,1.0,<Residue LEU het=  resseq=285 icode= >,4ix7_A_A,1.581
259,0.0,LEU, ,CB,13.29,8.87,0.0,4.02,1.0,<Residue LEU het=  resseq=285 icode= >,4ix7_A_A,1.581
260,0.0,LEU, ,CG,13.27,9.60,0.0,3.58,1.0,<Residue LEU het=  resseq=285 icode= >,4ix7_A_A,1.581
261,0.0,LEU, ,CD1,12.86,8.85,0.0,4.63,1.0,<Residue LEU het=  resseq=285 icode= >,4ix7_A_A,1.581
262,0.0,LEU, ,CD2,13.68,10.97,0.0,4.36,1.0,<Residue LEU het=  resseq=285 icode= >,4ix7_A_A,1.581
263,0.0,VAL, ,N,13.88,8.55,0.0,4.46,1.0,<Residue VAL het=  resseq=286 icode= >,4ix7_A_A,1.581
264,0.0,VAL, ,CA,13.99,8.10,0.0,3.58,1.0,<Residue VAL het=  resseq=286 icode= >,4ix7_A_A,1.581
265,0.109,VAL, ,C,14.22,8.15,0.0,4.57,1.0,<Residue VAL het=  resseq=286 icode= >,4ix7_A_A,1.581
266,21.045,VAL, ,O,17.43,7.27,0.0,5.38,1.0,<Residue VAL het=  resseq=286 icode= >,4ix7_A_A,1.581
267,0.356,VAL, ,CB,15.0,6.83,0.0,3.86,1.0,<Residue VAL het=  resseq=286 icode= >,4ix7_A_A,1.581
268,2.939,VAL, ,CG1,15.53,6.26,0.0,4.15,1.0,<Residue VAL het=  resseq=286 icode= >,4ix7_A_A,1.581
269,15.383,VAL, ,CG2,15.44,6.53,0.0,3.25,1.0,<Residue VAL het=  resseq=286 icode= >,4ix7_A_A,1.581
270,0.0,THR, ,N,14.71,9.36,0.0,4.96,1.0,<Residue THR het=  resseq=287 icode= >,4ix7_A_A,1.581
271,6.263,THR, ,CA,13.13,9.86,0.0,4.52,1.0,<Residue THR het=  resseq=287 icode= >,4ix7_A_A,1.581
272,0.039,THR, ,C,13.59,10.23,0.0,3.80,1.0,<Residue THR het=  resseq=287 icode= >,4ix7_A_A,1.581
273,26.189,THR, ,O,18.01,10.10,0.0,4.53,1.0,<Residue THR het=  resseq=287 icode= >,4ix7_A_A,1.581
274,0.0,THR, ,CB,17.08,11.05,0.0,3.11,1.0,<Residue THR het=  resseq=287 icode= >,4ix7_A_A,1.581
275,3.143,THR, ,OG1,17.72,10.38,0.0,4.73,1.0,<Residue THR het=  resseq=287 icode= >,4ix7_A_A,1.581
276,12.312,THR, ,CG2,16.93,11.69,0.0,3.10,1.0,<Residue THR het=  resseq=287 icode= >,4ix7_A_A,1.581
277,0.0,ILE, ,N,13.51,10.73,0.0,4.97,1.0,<Residue ILE het=  resseq=288 icode= >,4ix7_A_A,1.581
278,4.544,ILE, ,CA,13.44,11.40,0.0,4.52,1.0,<Residue ILE het=  resseq=288 icode= >,4ix7_A_A,1.581
279,1.218,ILE, ,C,17.45,10.63,0.0,3.63,1.0,<Residue ILE het=  resseq=288 icode= >,4ix7_A_A,1.581
280,19.53,ILE, ,O,18.88,10.97,0.0,5.02,1.0,<Residue ILE het=  resseq=288 icode= >,4ix7_A_A,1.581
281,0.0,ILE, ,CB,15.3,12.71,0.0,4.10,1.0,<Residue ILE het=  resseq=288 icode= >,4ix7_A_A,1.581
282,0.457,ILE, ,CG1,14.36,13.72,0.0,4.01,1.0,<Residue ILE het=  resseq=288 icode= >,4ix7_A_A,1.581
283,2.021,ILE, ,CG2,16.88,13.41,0.0,3.52,1.0,<Residue ILE het=  resseq=288 icode= >,4ix7_A_A,1.581
284,0.0,ILE, ,CD1,14.75,14.58,0.0,4.15,1.0,<Residue ILE het=  resseq=288 icode= >,4ix7_A_A,1.581
285,0.0,PHE, ,N,14.51,9.76,0.0,5.31,1.0,<Residue PHE het=  resseq=289 icode= >,4ix7_A_A,1.581
286,3.209,PHE, ,CA,15.54,9.18,0.0,3.21,1.0,<Residue PHE het=  resseq=289 icode= >,4ix7_A_A,1.581
287,3.127,PHE, ,C,17.11,7.66,0.0,3.88,1.0,<Residue PHE het=  resseq=289 icode= >,4ix7_A_A,1.581
288,0.805,PHE, ,O,17.12,7.14,0.0,5.06,1.0,<Residue PHE het=  resseq=289 icode= >,4ix7_A_A,1.581
289,0.0,PHE, ,CB,13.58,9.80,0.0,3.91,1.0,<Residue PHE het=  resseq=289 icode= >,4ix7_A_A,1.581
290,0.0,PHE, ,CG,13.92,11.30,0.0,4.21,1.0,<Residue PHE het=  resseq=289 icode= >,4ix7_A_A,1.581
291,6.628,PHE, ,CD1,15.65,12.01,0.0,3.57,1.0,<Residue PHE het=  resseq=289 icode= >,4ix7_A_A,1.581
292,0.0,PHE, ,CD2,16.62,12.11,0.0,4.07,1.0,<Residue PHE het=  resseq=289 icode= >,4ix7_A_A,1.581
293,3.456,PHE, ,CE1,16.53,13.00,0.0,3.50,1.0,<Residue PHE het=  resseq=289 icode= >,4ix7_A_A,1.581
294,0.0,PHE, ,CE2,14.13,12.63,0.0,3.82,1.0,<Residue PHE het=  resseq=289 icode= >,4ix7_A_A,1.581
295,0.0,PHE, ,CZ,17.4,12.54,0.0,3.54,1.0,<Residue PHE het=  resseq=289 icode= >,4ix7_A_A,1.581
296,7.139,ASP, ,N,18.51,7.12,0.0,4.24,1.0,<Residue ASP het=  resseq=290 icode= >,4ix7_A_A,1.581
297,8.216,ASP, ,CA,16.37,5.71,0.088,3.94,1.0,<Residue ASP het=  resseq=290 icode= >,4ix7_A_A,1.581
298,0.0,ASP, ,C,17.08,5.68,0.0,4.22,1.0,<Residue ASP het=  resseq=290 icode= >,4ix7_A_A,1.581
299,0.0,ASP, ,O,16.73,6.83,0.0,5.04,1.0,<Residue ASP het=  resseq=290 icode= >,4ix7_A_A,1.581
300,33.983,ASP, ,CB,22.94,5.47,3.265,2.43,1.0,<Residue ASP het=  resseq=290 icode= >,4ix7_A_A,1.581
301,3.774,ASP, ,CG,26.81,6.61,0.0,2.12,1.0,<Residue ASP het=  resseq=290 icode= >,4ix7_A_A,1.581
302,0.0,ASP, ,OD1,32.88,7.04,0.0,1.40,1.0,<Residue ASP het=  resseq=290 icode= >,4ix7_A_A,1.581
303,39.666,ASP, ,OD2,35.74,7.31,0.0,1.52,1.0,<Residue ASP het=  resseq=290 icode= >,4ix7_A_A,1.581
304,2.927,ARG, ,N,18.99,4.63,2.204,3.67,1.0,<Residue ARG het=  resseq=291 icode= >,4ix7_A_A,1.581
305,0.0,ARG, ,CA,19.25,5.05,0.0,2.49,1.0,<Residue ARG het=  resseq=291 icode= >,4ix7_A_A,1.581
306,0.76,ARG, ,C,16.17,5.64,0.0,4.12,1.0,<Residue ARG het=  resseq=291 icode= >,4ix7_A_A,1.581
307,0.009,ARG, ,O,18.41,6.52,0.0,3.60,1.0,<Residue ARG het=  resseq=291 icode= >,4ix7_A_A,1.581
308,19.532,ARG, ,CB,17.63,3.84,15.615,2.78,1.0,<Residue ARG het=  resseq=291 icode= >,4ix7_A_A,1.581
309,26.401,ARG, ,CG,22.72,3.46,25.074,2.45,1.0,<Residue ARG het=  resseq=291 icode= >,4ix7_A_A,1.581
310,0.356,ARG, ,CD,18.86,4.65,0.0,2.74,1.0,<Residue ARG het=  resseq=291 icode= >,4ix7_A_A,1.581
311,6.591,ARG, ,NE,23.83,4.14,2.483,2.84,1.0,<Residue ARG het=  resseq=291 icode= >,4ix7_A_A,1.581
312,3.296,ARG, ,CZ,21.67,4.07,3.296,3.76,1.0,<Residue ARG het=  resseq=291 icode= >,4ix7_A_A,1.581
313,24.881,ARG, ,NH1,22.9,3.19,23.925,3.00,1.0,<Residue ARG het=  resseq=291 icode= >,4ix7_A_A,1.581
314,44.904,ARG, ,NH2,22.0,3.87,27.75,3.46,1.0,<Residue ARG het=  resseq=291 icode= >,4ix7_A_A,1.581
315,3.223,GLU, ,N,17.77,5.52,0.173,4.50,1.0,<Residue GLU het=  resseq=292 icode= >,4ix7_A_A,1.581
316,4.564,GLU, ,CA,21.35,6.50,0.0,2.90,1.0,<Residue GLU het=  resseq=292 icode= >,4ix7_A_A,1.581
317,0.0,GLU, ,C,18.87,7.91,0.0,3.48,1.0,<Residue GLU het=  resseq=292 icode= >,4ix7_A_A,1.581
318,0.0,GLU, ,O,18.74,8.64,0.0,4.18,1.0,<Residue GLU het=  resseq=292 icode= >,4ix7_A_A,1.581
319,21.329,GLU, ,CB,22.06,6.61,0.0,2.33,1.0,<Residue GLU het=  resseq=292 icode= >,4ix7_A_A,1.581
320,25.615,GLU, ,CG,23.07,7.50,0.0,1.90,1.0,<Residue GLU het=  resseq=292 icode= >,4ix7_A_A,1.581
321,7.5,GLU, ,CD,44.1,9.00,0.0,0.67,1.0,<Residue GLU het=  resseq=292 icode= >,4ix7_A_A,1.581
322,29.12,GLU, ,OE1,51.33,9.82,0.0,0.68,1.0,<Residue GLU het=  resseq=292 icode= >,4ix7_A_A,1.581
323,19.29,GLU, ,OE2,48.16,9.30,0.0,0.43,1.0,<Residue GLU het=  resseq=292 icode= >,4ix7_A_A,1.581
324,0.0,THR, ,N,16.45,8.28,0.0,4.37,1.0,<Residue THR het=  resseq=293 icode= >,4ix7_A_A,1.581
325,0.387,THR, ,CA,14.85,9.63,0.0,3.99,1.0,<Residue THR het=  resseq=293 icode= >,4ix7_A_A,1.581
326,0.0,THR, ,C,13.8,10.05,0.0,4.45,1.0,<Residue THR het=  resseq=293 icode= >,4ix7_A_A,1.581
327,0.0,THR, ,O,15.08,9.68,0.0,5.03,1.0,<Residue THR het=  resseq=293 icode= >,4ix7_A_A,1.581
328,0.187,THR, ,CB,18.86,9.75,0.0,3.22,1.0,<Residue THR het=  resseq=293 icode= >,4ix7_A_A,1.581
329,17.2,THR, ,OG1,21.08,9.62,0.0,4.86,1.0,<Residue THR het=  resseq=293 icode= >,4ix7_A_A,1.581
330,12.876,THR, ,CG2,14.96,11.18,0.0,3.36,1.0,<Residue THR het=  resseq=293 icode= >,4ix7_A_A,1.581
331,0.0,LEU, ,N,14.47,9.34,0.0,4.90,1.0,<Residue LEU het=  resseq=294 icode= >,4ix7_A_A,1.581
332,0.0,LEU, ,CA,14.36,9.89,0.0,4.24,1.0,<Residue LEU het=  resseq=294 icode= >,4ix7_A_A,1.581
333,0.0,LEU, ,C,14.26,8.73,0.0,4.13,1.0,<Residue LEU het=  resseq=294 icode= >,4ix7_A_A,1.581
334,0.06,LEU, ,O,17.02,7.59,0.0,5.07,1.0,<Residue LEU het=  resseq=294 icode= >,4ix7_A_A,1.581
335,0.0,LEU, ,CB,15.06,9.30,0.0,3.70,1.0,<Residue LEU het=  resseq=294 icode= >,4ix7_A_A,1.581
336,0.0,LEU, ,CG,14.78,9.29,0.0,3.34,1.0,<Residue LEU het=  resseq=294 icode= >,4ix7_A_A,1.581
337,0.0,LEU, ,CD1,15.81,8.80,0.0,3.81,1.0,<Residue LEU het=  resseq=294 icode= >,4ix7_A_A,1.581
338,0.0,LEU, ,CD2,14.89,10.67,0.0,3.99,1.0,<Residue LEU het=  resseq=294 icode= >,4ix7_A_A,1.581
339,0.0,ALA, ,N,15.41,8.99,0.0,4.30,1.0,<Residue ALA het=  resseq=295 icode= >,4ix7_A_A,1.581
340,0.0,ALA, ,CA,16.56,8.46,0.0,3.57,1.0,<Residue ALA het=  resseq=295 icode= >,4ix7_A_A,1.581
341,0.089,ALA, ,C,21.53,7.62,0.0,2.87,1.0,<Residue ALA het=  resseq=295 icode= >,4ix7_A_A,1.581
342,0.083,ALA, ,O,22.86,6.82,0.0,3.79,1.0,<Residue ALA het=  resseq=295 icode= >,4ix7_A_A,1.581
343,1.907,ALA, ,CB,16.04,7.73,0.0,2.79,1.0,<Residue ALA het=  resseq=295 icode= >,4ix7_A_A,1.581
344,0.0,THR, ,N,16.17,8.05,0.0,4.57,1.0,<Residue THR het=  resseq=296 icode= >,4ix7_A_A,1.581
345,2.274,THR, ,CA,14.05,7.78,0.0,3.52,1.0,<Residue THR het=  resseq=296 icode= >,4ix7_A_A,1.581
346,0.0,THR, ,C,15.85,7.25,0.0,4.47,1.0,<Residue THR het=  resseq=296 icode= >,4ix7_A_A,1.581
347,5.892,THR, ,O,17.5,7.27,0.0,4.81,1.0,<Residue THR het=  resseq=296 icode= >,4ix7_A_A,1.581
348,12.266,THR, ,CB,16.74,9.19,0.0,2.80,1.0,<Residue THR het=  resseq=296 icode= >,4ix7_A_A,1.581
349,1.954,THR, ,OG1,16.82,10.07,0.0,5.13,1.0,<Residue THR het=  resseq=296 icode= >,4ix7_A_A,1.581
350,17.103,THR, ,CG2,18.66,9.91,0.0,2.77,1.0,<Residue THR het=  resseq=296 icode= >,4ix7_A_A,1.581
351,0.0,HIS, ,N,14.07,7.14,0.0,4.65,1.0,<Residue HIS het=  resseq=297 icode= >,4ix7_A_A,1.581
352,0.0,HIS, ,CA,14.48,7.07,0.0,3.28,1.0,<Residue HIS het=  resseq=297 icode= >,4ix7_A_A,1.581
353,0.0,HIS, ,C,14.03,6.02,0.0,3.82,1.0,<Residue HIS het=  resseq=297 icode= >,4ix7_A_A,1.581
354,1.411,HIS, ,O,16.24,5.46,0.0,5.33,1.0,<Residue HIS het=  resseq=297 icode= >,4ix7_A_A,1.581
355,0.0,HIS, ,CB,13.97,8.44,0.0,3.81,1.0,<Residue HIS het=  resseq=297 icode= >,4ix7_A_A,1.581
356,0.0,HIS, ,CG,13.48,9.57,0.0,4.28,1.0,<Residue HIS het=  resseq=297 icode= >,4ix7_A_A,1.581
357,0.0,HIS, ,ND1,17.41,10.01,0.0,4.55,1.0,<Residue HIS het=  resseq=297 icode= >,4ix7_A_A,1.581
358,2.502,HIS, ,CD2,17.49,10.28,0.0,3.39,1.0,<Residue HIS het=  resseq=297 icode= >,4ix7_A_A,1.581
359,24.009,HIS, ,CE1,19.55,11.13,0.0,3.30,1.0,<Residue HIS het=  resseq=297 icode= >,4ix7_A_A,1.581
360,20.822,HIS, ,NE2,17.85,11.44,0.0,4.33,1.0,<Residue HIS het=  resseq=297 icode= >,4ix7_A_A,1.581
361,0.0,SER, ,N,15.4,5.80,0.0,5.02,1.0,<Residue SER het=  resseq=298 icode= >,4ix7_A_A,1.581
362,0.0,SER, ,CA,15.08,4.52,0.0,4.41,1.0,<Residue SER het=  resseq=298 icode= >,4ix7_A_A,1.581
363,0.0,SER, ,C,14.61,4.21,0.0,4.51,1.0,<Residue SER het=  resseq=298 icode= >,4ix7_A_A,1.581
364,0.0,SER, ,O,15.98,5.06,0.0,5.60,1.0,<Residue SER het=  resseq=298 icode= >,4ix7_A_A,1.581
365,25.341,SER, ,CB,17.29,3.66,21.4,3.64,1.0,<Residue SER het=  resseq=298 icode= >,4ix7_A_A,1.581
366,0.221,SER, ,OG,16.52,3.71,0.0,5.46,1.0,<Residue SER het=  resseq=298 icode= >,4ix7_A_A,1.581
367,2.332,VAL, ,N,13.47,3.44,1.675,5.53,1.0,<Residue VAL het=  resseq=299 icode= >,4ix7_A_A,1.581
368,0.0,VAL, ,CA,13.33,3.83,0.0,4.80,1.0,<Residue VAL het=  resseq=299 icode= >,4ix7_A_A,1.581
369,0.0,VAL, ,C,15.42,3.77,0.0,4.66,1.0,<Residue VAL het=  resseq=299 icode= >,4ix7_A_A,1.581
370,3.597,VAL, ,O,17.97,4.93,0.0,4.98,1.0,<Residue VAL het=  resseq=299 icode= >,4ix7_A_A,1.581
371,3.902,VAL, ,CB,18.08,3.79,3.902,3.46,1.0,<Residue VAL het=  resseq=299 icode= >,4ix7_A_A,1.581
372,3.796,VAL, ,CG1,23.71,4.73,1.923,3.20,1.0,<Residue VAL het=  resseq=299 icode= >,4ix7_A_A,1.581
373,0.187,VAL, ,CG2,18.82,4.17,0.187,3.18,1.0,<Residue VAL het=  resseq=299 icode= >,4ix7_A_A,1.581
374,0.528,THR, ,N,14.87,2.82,0.528,5.18,1.0,<Residue THR het=  resseq=300 icode= >,4ix7_A_A,1.581
375,1.077,THR, ,CA,14.11,3.57,0.0,4.19,1.0,<Residue THR het=  resseq=300 icode= >,4ix7_A_A,1.581
376,0.0,THR, ,C,15.94,4.33,0.0,4.12,1.0,<Residue THR het=  resseq=300 icode= >,4ix7_A_A,1.581
377,11.614,THR, ,O,19.23,5.43,0.0,4.20,1.0,<Residue THR het=  resseq=300 icode= >,4ix7_A_A,1.581
378,4.66,THR, ,CB,16.91,3.32,0.0,3.55,1.0,<Residue THR het=  resseq=300 icode= >,4ix7_A_A,1.581
379,10.94,THR, ,OG1,18.05,2.65,10.158,4.68,1.0,<Residue THR het=  resseq=300 icode= >,4ix7_A_A,1.581
380,44.384,THR, ,CG2,18.88,3.39,28.814,3.69,1.0,<Residue THR het=  resseq=300 icode= >,4ix7_A_A,1.581
381,0.0,GLY, ,N,16.64,4.15,0.0,4.26,1.0,<Residue GLY het=  resseq=301 icode= >,4ix7_A_A,1.581
382,3.723,GLY, ,CA,17.51,5.32,0.0,2.95,1.0,<Residue GLY het=  resseq=301 icode= >,4ix7_A_A,1.581
383,1.475,GLY, ,C,16.64,5.64,0.0,3.35,1.0,<Residue GLY het=  resseq=301 icode= >,4ix7_A_A,1.581
384,13.088,GLY, ,O,21.85,6.71,0.0,3.49,1.0,<Residue GLY het=  resseq=301 icode= >,4ix7_A_A,1.581
385,0.0,LYS, ,N,18.08,4.87,0.0,3.72,1.0,<Residue LYS het=  resseq=302 icode= >,4ix7_A_A,1.581
386,0.98,LYS, ,CA,19.54,5.04,0.0,3.60,1.0,<Residue LYS het=  resseq=302 icode= >,4ix7_A_A,1.581
387,0.0,LYS, ,C,17.91,4.33,0.0,3.78,1.0,<Residue LYS het=  resseq=302 icode= >,4ix7_A_A,1.581
388,15.672,LYS, ,O,16.9,3.25,13.41,5.00,1.0,<Residue LYS het=  resseq=302 icode= >,4ix7_A_A,1.581
389,9.476,LYS, ,CB,22.55,5.16,0.844,2.53,1.0,<Residue LYS het=  resseq=302 icode= >,4ix7_A_A,1.581
390,9.403,LYS, ,CG,27.68,6.36,0.0,1.24,1.0,<Residue LYS het=  resseq=302 icode= >,4ix7_A_A,1.581
391,25.023,LYS, ,CD,42.02,6.82,0.0,0.21,1.0,<Residue LYS het=  resseq=302 icode= >,4ix7_A_A,1.581
392,44.673,LYS, ,CE,51.15,6.72,0.0,0.38,1.0,<Residue LYS het=  resseq=302 icode= >,4ix7_A_A,1.581
393,49.022,LYS, ,NZ,59.79,5.24,9.092,-0.22,1.0,<Residue LYS het=  resseq=302 icode= >,4ix7_A_A,1.581
394,0.0,PRO, ,N,17.79,5.10,0.0,4.11,1.0,<Residue PRO het=  resseq=303 icode= >,4ix7_A_A,1.581
395,6.151,PRO, ,CA,17.09,4.73,1.708,3.85,1.0,<Residue PRO het=  resseq=303 icode= >,4ix7_A_A,1.581
396,0.145,PRO, ,C,16.09,4.12,0.145,4.23,1.0,<Residue PRO het=  resseq=303 icode= >,4ix7_A_A,1.581
397,9.616,PRO, ,O,20.08,4.42,1.343,4.73,1.0,<Residue PRO het=  resseq=303 icode= >,4ix7_A_A,1.581
398,22.799,PRO, ,CB,22.44,6.19,0.0,3.35,1.0,<Residue PRO het=  resseq=303 icode= >,4ix7_A_A,1.581
399,34.979,PRO, ,CG,25.02,6.98,0.0,2.37,1.0,<Residue PRO het=  resseq=303 icode= >,4ix7_A_A,1.581
400,17.355,PRO, ,CD,21.85,6.55,0.0,2.68,1.0,<Residue PRO het=  resseq=303 icode= >,4ix7_A_A,1.581
401,9.074,SER, ,N,18.78,3.71,5.49,4.64,1.0,<Residue SER het=  resseq=304 icode= >,4ix7_A_A,1.581
402,5.691,SER, ,CA,21.74,3.37,5.691,3.28,1.0,<Residue SER het=  resseq=304 icode= >,4ix7_A_A,1.581
403,0.0,SER, ,C,21.42,4.76,0.0,4.38,1.0,<Residue SER het=  resseq=304 icode= >,4ix7_A_A,1.581
404,1.304,SER, ,O,20.34,5.76,0.0,4.82,1.0,<Residue SER het=  resseq=304 icode= >,4ix7_A_A,1.581
405,27.419,SER, ,CB,18.07,3.46,26.517,3.30,1.0,<Residue SER het=  resseq=304 icode= >,4ix7_A_A,1.581
406,8.738,SER, ,OG,20.51,2.82,8.738,4.22,1.0,<Residue SER het=  resseq=304 icode= >,4ix7_A_A,1.581
407,0.0,PRO, ,N,19.21,4.20,0.0,4.88,1.0,<Residue PRO het=  resseq=305 icode= >,4ix7_A_A,1.581
408,6.381,PRO, ,CA,19.55,3.92,1.49,3.64,1.0,<Residue PRO het=  resseq=305 icode= >,4ix7_A_A,1.581
409,0.668,PRO, ,C,25.42,3.98,0.668,3.91,1.0,<Residue PRO het=  resseq=305 icode= >,4ix7_A_A,1.581
410,15.555,PRO, ,O,30.28,3.39,14.255,3.67,1.0,<Residue PRO het=  resseq=305 icode= >,4ix7_A_A,1.581
411,35.75,PRO, ,CB,22.91,3.27,34.192,2.38,1.0,<Residue PRO het=  resseq=305 icode= >,4ix7_A_A,1.581
412,41.586,PRO, ,CG,22.49,3.54,31.22,2.00,1.0,<Residue PRO het=  resseq=305 icode= >,4ix7_A_A,1.581
413,21.094,PRO, ,CD,22.36,3.62,18.028,2.22,1.0,<Residue PRO het=  resseq=305 icode= >,4ix7_A_A,1.581
414,0.0,ALA, ,N,24.32,3.58,0.0,3.33,1.0,<Residue ALA het=  resseq=306 icode= >,4ix7_A_A,1.581
415,11.232,ALA, ,CA,25.74,3.54,11.232,2.94,1.0,<Residue ALA het=  resseq=306 icode= >,4ix7_A_A,1.581
416,2.376,ALA, ,C,34.14,4.68,0.349,2.89,1.0,<Residue ALA het=  resseq=306 icode= >,4ix7_A_A,1.581
417,20.413,ALA, ,O,35.88,4.66,11.841,2.84,1.0,<Residue ALA het=  resseq=306 icode= >,4ix7_A_A,1.581
418,43.972,ALA, ,CB,26.7,3.32,43.972,1.69,1.0,<Residue ALA het=  resseq=306 icode= >,4ix7_A_A,1.581
419,0.0,PHE, ,N,30.09,5.82,0.0,2.97,1.0,<Residue PHE het=  resseq=307 icode= >,4ix7_A_A,1.581
420,1.149,PHE, ,CA,43.34,6.62,0.0,1.34,1.0,<Residue PHE het=  resseq=307 icode= >,4ix7_A_A,1.581
421,0.197,PHE, ,C,49.2,7.21,0.0,0.66,1.0,<Residue PHE het=  resseq=307 icode= >,4ix7_A_A,1.581
422,8.68,PHE, ,O,50.3,7.33,0.0,0.81,1.0,<Residue PHE het=  resseq=307 icode= >,4ix7_A_A,1.581
423,2.373,PHE, ,CB,35.27,5.31,0.061,1.46,1.0,<Residue PHE het=  resseq=307 icode= >,4ix7_A_A,1.581
424,0.0,PHE, ,CG,38.92,4.58,0.0,1.57,1.0,<Residue PHE het=  resseq=307 icode= >,4ix7_A_A,1.581
425,0.66,PHE, ,CD1,40.98,5.25,0.408,1.56,1.0,<Residue PHE het=  resseq=307 icode= >,4ix7_A_A,1.581
426,1.859,PHE, ,CD2,27.33,3.73,1.859,2.84,1.0,<Residue PHE het=  resseq=307 icode= >,4ix7_A_A,1.581
427,28.169,PHE, ,CE1,43.34,4.83,21.901,1.69,1.0,<Residue PHE het=  resseq=307 icode= >,4ix7_A_A,1.581
428,21.39,PHE, ,CE2,34.91,3.52,21.39,2.17,1.0,<Residue PHE het=  resseq=307 icode= >,4ix7_A_A,1.581
429,32.355,PHE, ,CZ,37.78,4.03,32.355,1.70,1.0,<Residue PHE het=  resseq=307 icode= >,4ix7_A_A,1.581
430,1.668,LYS, ,N,54.12,5.99,0.0,0.54,1.0,<Residue LYS het=  resseq=308 icode= >,4ix7_A_A,1.581
431,3.825,LYS, ,CA,59.18,6.01,0.0,0.67,1.0,<Residue LYS het=  resseq=308 icode= >,4ix7_A_A,1.581
432,0.085,LYS, ,C,66.08,6.79,0.0,0.43,1.0,<Residue LYS het=  resseq=308 icode= >,4ix7_A_A,1.581
433,14.19,LYS, ,O,63.61,6.88,0.0,0.68,1.0,<Residue LYS het=  resseq=308 icode= >,4ix7_A_A,1.581
434,3.582,LYS, ,CB,55.66,4.73,0.508,1.23,1.0,<Residue LYS het=  resseq=308 icode= >,4ix7_A_A,1.581
435,17.689,LYS, ,CG,56.66,5.15,0.0,1.09,1.0,<Residue LYS het=  resseq=308 icode= >,4ix7_A_A,1.581
436,33.733,LYS, ,CD,53.08,3.92,14.937,0.99,1.0,<Residue LYS het=  resseq=308 icode= >,4ix7_A_A,1.581
437,34.34,LYS, ,CE,53.08,3.96,11.447,0.66,1.0,<Residue LYS het=  resseq=308 icode= >,4ix7_A_A,1.581
438,38.16,LYS, ,NZ,53.81,3.33,21.757,0.65,1.0,<Residue LYS het=  resseq=308 icode= >,4ix7_A_A,1.581
439,7.184,ASP, ,N,69.97,7.67,0.0,0.04,1.0,<Residue ASP het=  resseq=309 icode= >,4ix7_A_A,1.581
440,10.196,ASP, ,CA,69.64,8.74,0.0,0.29,1.0,<Residue ASP het=  resseq=309 icode= >,4ix7_A_A,1.581
441,4.337,ASP, ,C,66.59,9.64,0.0,0.91,1.0,<Residue ASP het=  resseq=309 icode= >,4ix7_A_A,1.581
442,23.499,ASP, ,O,69.85,10.22,0.0,0.42,1.0,<Residue ASP het=  resseq=309 icode= >,4ix7_A_A,1.581
443,22.49,ASP, ,CB,73.45,8.42,0.0,0.07,1.0,<Residue ASP het=  resseq=309 icode= >,4ix7_A_A,1.581
444,10.52,ASP, ,CG,74.65,8.37,0.0,1.12,1.0,<Residue ASP het=  resseq=309 icode= >,4ix7_A_A,1.581
445,24.716,ASP, ,OD1,71.94,7.48,0.0,1.43,1.0,<Residue ASP het=  resseq=309 icode= >,4ix7_A_A,1.581
446,38.549,ASP, ,OD2,74.11,9.36,0.0,0.76,1.0,<Residue ASP het=  resseq=309 icode= >,4ix7_A_A,1.581
447,1.001,GLN, ,N,61.33,9.97,0.0,0.97,1.0,<Residue GLN het=  resseq=310 icode= >,4ix7_A_A,1.581
448,5.422,GLN, ,CA,56.98,10.09,0.0,0.92,1.0,<Residue GLN het=  resseq=310 icode= >,4ix7_A_A,1.581
449,4.26,GLN, ,C,60.18,10.03,0.0,0.94,1.0,<Residue GLN het=  resseq=310 icode= >,4ix7_A_A,1.581
450,26.454,GLN, ,O,57.67,10.26,0.0,0.66,1.0,<Residue GLN het=  resseq=310 icode= >,4ix7_A_A,1.581
451,0.0,GLN, ,CB,53.57,8.90,0.0,0.99,1.0,<Residue GLN het=  resseq=310 icode= >,4ix7_A_A,1.581
452,21.166,GLN, ,CG,55.16,9.04,0.0,0.66,1.0,<Residue GLN het=  resseq=310 icode= >,4ix7_A_A,1.581
453,5.571,GLN, ,CD,56.79,7.84,0.0,0.68,1.0,<Residue GLN het=  resseq=310 icode= >,4ix7_A_A,1.581
454,17.42,GLN, ,OE1,59.7,6.82,0.0,0.32,1.0,<Residue GLN het=  resseq=310 icode= >,4ix7_A_A,1.581
455,32.733,GLN, ,NE2,57.11,8.13,10.193,0.20,1.0,<Residue GLN het=  resseq=310 icode= >,4ix7_A_A,1.581
456,4.409,ASP, ,N,57.37,9.46,0.0,1.13,1.0,<Residue ASP het=  resseq=311 icode= >,4ix7_A_A,1.581
457,7.946,ASP, ,CA,53.95,9.68,0.0,1.53,1.0,<Residue ASP het=  resseq=311 icode= >,4ix7_A_A,1.581
458,5.093,ASP, ,C,51.96,8.52,0.0,1.94,1.0,<Residue ASP het=  resseq=311 icode= >,4ix7_A_A,1.581
459,20.963,ASP, ,O,52.96,8.53,0.0,1.30,1.0,<Residue ASP het=  resseq=311 icode= >,4ix7_A_A,1.581
460,67.13,ASP, ,CB,54.53,10.34,0.0,0.93,1.0,<Residue ASP het=  resseq=311 icode= >,4ix7_A_A,1.581
461,0.468,LYS, ,N,49.78,7.74,0.0,1.77,1.0,<Residue LYS het=  resseq=312 icode= >,4ix7_A_A,1.581
462,1.952,LYS, ,CA,43.66,6.54,0.0,1.30,1.0,<Residue LYS het=  resseq=312 icode= >,4ix7_A_A,1.581
463,0.39,LYS, ,C,32.65,6.27,0.0,2.95,1.0,<Residue LYS het=  resseq=312 icode= >,4ix7_A_A,1.581
464,18.199,LYS, ,O,37.76,6.64,0.0,2.13,1.0,<Residue LYS het=  resseq=312 icode= >,4ix7_A_A,1.581
465,13.656,LYS, ,CB,42.89,5.49,3.239,0.49,1.0,<Residue LYS het=  resseq=312 icode= >,4ix7_A_A,1.581
466,4.987,LYS, ,CG,45.38,5.10,0.0,0.61,1.0,<Residue LYS het=  resseq=312 icode= >,4ix7_A_A,1.581
467,24.053,LYS, ,CD,37.08,3.76,19.095,1.17,1.0,<Residue LYS het=  resseq=312 icode= >,4ix7_A_A,1.581
468,9.912,LYS, ,CE,36.96,3.41,9.072,1.09,1.0,<Residue LYS het=  resseq=312 icode= >,4ix7_A_A,1.581
469,43.308,LYS, ,NZ,33.23,2.72,17.134,2.00,1.0,<Residue LYS het=  resseq=312 icode= >,4ix7_A_A,1.581
470,0.077,PRO, ,N,30.64,6.06,0.0,2.80,1.0,<Residue PRO het=  resseq=313 icode= >,4ix7_A_A,1.581
471,12.554,PRO, ,CA,34.76,6.22,0.0,1.83,1.0,<Residue PRO het=  resseq=313 icode= >,4ix7_A_A,1.581
472,0.032,PRO, ,C,31.8,5.30,0.0,2.79,1.0,<Residue PRO het=  resseq=313 icode= >,4ix7_A_A,1.581
473,10.213,PRO, ,O,28.71,4.08,6.835,2.83,1.0,<Residue PRO het=  resseq=313 icode= >,4ix7_A_A,1.581
474,26.667,PRO, ,CB,33.07,6.34,0.0,1.91,1.0,<Residue PRO het=  resseq=313 icode= >,4ix7_A_A,1.581
475,42.801,PRO, ,CG,34.1,6.74,0.0,2.11,1.0,<Residue PRO het=  resseq=313 icode= >,4ix7_A_A,1.581
476,22.806,PRO, ,CD,34.21,6.14,0.0,2.26,1.0,<Residue PRO het=  resseq=313 icode= >,4ix7_A_A,1.581
477,9.024,LEU, ,N,31.84,6.08,0.0,2.69,1.0,<Residue LEU het=  resseq=314 icode= >,4ix7_A_A,1.581
478,2.136,LEU, ,CA,28.16,5.77,0.0,2.13,1.0,<Residue LEU het=  resseq=314 icode= >,4ix7_A_A,1.581
479,0.244,LEU, ,C,28.23,5.88,0.0,3.15,1.0,<Residue LEU het=  resseq=314 icode= >,4ix7_A_A,1.581
480,16.933,LEU, ,O,31.19,7.00,0.0,2.99,1.0,<Residue LEU het=  resseq=314 icode= >,4ix7_A_A,1.581
481,23.08,LEU, ,CB,27.07,6.99,0.0,2.02,1.0,<Residue LEU het=  resseq=314 icode= >,4ix7_A_A,1.581
482,0.242,LEU, ,CG,31.06,7.33,0.0,1.72,1.0,<Residue LEU het=  resseq=314 icode= >,4ix7_A_A,1.581
483,0.949,LEU, ,CD1,26.89,6.48,0.0,2.25,1.0,<Residue LEU het=  resseq=314 icode= >,4ix7_A_A,1.581
484,45.361,LEU, ,CD2,31.06,8.76,0.0,1.69,1.0,<Residue LEU het=  resseq=314 icode= >,4ix7_A_A,1.581
485,2.151,LYS, ,N,21.36,5.00,0.713,4.04,1.0,<Residue LYS het=  resseq=315 icode= >,4ix7_A_A,1.581
486,1.957,LYS, ,CA,16.69,5.57,0.0,4.15,1.0,<Residue LYS het=  resseq=315 icode= >,4ix7_A_A,1.581
487,0.0,LYS, ,C,19.05,6.62,0.0,4.33,1.0,<Residue LYS het=  resseq=315 icode= >,4ix7_A_A,1.581
488,0.328,LYS, ,O,19.49,6.55,0.0,4.63,1.0,<Residue LYS het=  resseq=315 icode= >,4ix7_A_A,1.581
489,2.837,LYS, ,CB,14.18,4.73,1.207,4.10,1.0,<Residue LYS het=  resseq=315 icode= >,4ix7_A_A,1.581
490,5.171,LYS, ,CG,18.16,3.98,2.277,3.15,1.0,<Residue LYS het=  resseq=315 icode= >,4ix7_A_A,1.581
491,7.414,LYS, ,CD,19.14,3.39,7.106,3.40,1.0,<Residue LYS het=  resseq=315 icode= >,4ix7_A_A,1.581
492,17.344,LYS, ,CE,22.28,3.44,7.461,2.72,1.0,<Residue LYS het=  resseq=315 icode= >,4ix7_A_A,1.581
493,24.82,LYS, ,NZ,27.21,2.77,18.262,2.92,1.0,<Residue LYS het=  resseq=315 icode= >,4ix7_A_A,1.581
494,0.388,ARG, ,N,15.56,7.81,0.0,5.41,1.0,<Residue ARG het=  resseq=316 icode= >,4ix7_A_A,1.581
495,1.033,ARG, ,CA,15.87,8.62,0.0,3.70,1.0,<Residue ARG het=  resseq=316 icode= >,4ix7_A_A,1.581
496,0.0,ARG, ,C,17.86,7.66,0.0,4.15,1.0,<Residue ARG het=  resseq=316 icode= >,4ix7_A_A,1.581
497,0.0,ARG, ,O,16.05,7.28,0.0,5.59,1.0,<Residue ARG het=  resseq=316 icode= >,4ix7_A_A,1.581
498,8.677,ARG, ,CB,22.67,10.03,0.0,2.35,1.0,<Residue ARG het=  resseq=316 icode= >,4ix7_A_A,1.581
499,29.288,ARG, ,CG,28.96,10.52,0.0,1.67,1.0,<Residue ARG het=  resseq=316 icode= >,4ix7_A_A,1.581
500,12.267,ARG, ,CD,31.73,10.47,0.0,1.28,1.0,<Residue ARG het=  resseq=316 icode= >,4ix7_A_A,1.581
501,11.2,ARG, ,NE,37.55,11.53,0.0,0.71,1.0,<Residue ARG het=  resseq=316 icode= >,4ix7_A_A,1.581
502,8.501,ARG, ,CZ,34.13,11.98,0.0,1.90,1.0,<Residue ARG het=  resseq=316 icode= >,4ix7_A_A,1.581
503,32.088,ARG, ,NH1,34.24,11.52,0.0,1.80,1.0,<Residue ARG het=  resseq=316 icode= >,4ix7_A_A,1.581
504,59.647,ARG, ,NH2,32.43,12.52,0.0,1.33,1.0,<Residue ARG het=  resseq=316 icode= >,4ix7_A_A,1.581
505,3.026,MET, ,N,16.81,7.60,0.0,4.56,1.0,<Residue MET het=  resseq=317 icode= >,4ix7_A_A,1.581
506,0.0,MET, ,CA,15.54,7.03,0.0,3.01,1.0,<Residue MET het=  resseq=317 icode= >,4ix7_A_A,1.581
507,0.0,MET, ,C,17.1,8.04,0.0,4.07,1.0,<Residue MET het=  resseq=317 icode= >,4ix7_A_A,1.581
508,9.691,MET, ,O,18.24,9.24,0.0,5.40,1.0,<Residue MET het=  resseq=317 icode= >,4ix7_A_A,1.581
509,1.294,MET, ,CB,20.38,7.06,0.0,2.54,1.0,<Residue MET het=  resseq=317 icode= >,4ix7_A_A,1.581
510,13.937,MET, ,CG,21.86,8.49,0.0,1.52,1.0,<Residue MET het=  resseq=317 icode= >,4ix7_A_A,1.581
511,32.289,MET, ,S,30.27,8.98,0.0,9.14,0.58,<Residue MET het=  resseq=317 icode= >,4ix7_A_A,1.581
512,31.653,MET, ,CE,25.32,7.62,0.0,2.60,1.0,<Residue MET het=  resseq=317 icode= >,4ix7_A_A,1.581
513,0.0,LEU, ,N,14.36,7.72,0.0,4.93,1.0,<Residue LEU het=  resseq=318 icode= >,4ix7_A_A,1.581
514,0.287,LEU, ,CA,14.24,8.87,0.0,3.75,1.0,<Residue LEU het=  resseq=318 icode= >,4ix7_A_A,1.581
515,0.0,LEU, ,C,14.4,9.68,0.0,4.35,1.0,<Residue LEU het=  resseq=318 icode= >,4ix7_A_A,1.581
516,0.422,LEU, ,O,15.78,9.26,0.0,5.44,1.0,<Residue LEU het=  resseq=318 icode= >,4ix7_A_A,1.581
517,0.0,LEU, ,CB,15.64,8.62,0.0,3.75,1.0,<Residue LEU het=  resseq=318 icode= >,4ix7_A_A,1.581
518,0.0,LEU, ,CG,16.08,8.36,0.0,3.72,1.0,<Residue LEU het=  resseq=318 icode= >,4ix7_A_A,1.581
519,0.0,LEU, ,CD1,17.53,8.21,0.0,3.29,1.0,<Residue LEU het=  resseq=318 icode= >,4ix7_A_A,1.581
520,0.0,LEU, ,CD2,17.66,9.67,0.0,3.75,1.0,<Residue LEU het=  resseq=318 icode= >,4ix7_A_A,1.581
521,5.225,ASP, ,N,15.39,11.00,0.0,4.67,1.0,<Residue ASP het=  resseq=319 icode= >,4ix7_A_A,1.581
522,5.722,ASP, ,CA,16.62,12.04,0.0,3.40,1.0,<Residue ASP het=  resseq=319 icode= >,4ix7_A_A,1.581
523,0.0,ASP, ,C,15.37,11.74,0.0,4.03,1.0,<Residue ASP het=  resseq=319 icode= >,4ix7_A_A,1.581
524,0.0,ASP, ,O,17.51,11.74,0.0,4.73,1.0,<Residue ASP het=  resseq=319 icode= >,4ix7_A_A,1.581
525,11.352,ASP, ,CB,18.1,13.32,0.0,3.24,1.0,<Residue ASP het=  resseq=319 icode= >,4ix7_A_A,1.581
526,5.99,ASP, ,CG,25.51,14.55,0.0,3.05,1.0,<Residue ASP het=  resseq=319 icode= >,4ix7_A_A,1.581
527,8.225,ASP, ,OD1,25.22,14.54,0.0,3.20,1.0,<Residue ASP het=  resseq=319 icode= >,4ix7_A_A,1.581
528,25.551,ASP, ,OD2,25.85,15.64,0.0,2.87,1.0,<Residue ASP het=  resseq=319 icode= >,4ix7_A_A,1.581
529,0.0,PRO, ,N,14.17,11.69,0.0,5.65,1.0,<Residue PRO het=  resseq=320 icode= >,4ix7_A_A,1.581
530,4.072,PRO, ,CA,16.68,11.52,0.0,3.91,1.0,<Residue PRO het=  resseq=320 icode= >,4ix7_A_A,1.581
531,0.938,PRO, ,C,16.11,12.67,0.0,4.12,1.0,<Residue PRO het=  resseq=320 icode= >,4ix7_A_A,1.581
532,3.654,PRO, ,O,17.23,12.57,0.0,5.08,1.0,<Residue PRO het=  resseq=320 icode= >,4ix7_A_A,1.581
533,29.58,PRO, ,CB,22.66,11.76,0.0,3.06,1.0,<Residue PRO het=  resseq=320 icode= >,4ix7_A_A,1.581
534,20.007,PRO, ,CG,25.5,11.61,0.0,2.58,1.0,<Residue PRO het=  resseq=320 icode= >,4ix7_A_A,1.581
535,20.26,PRO, ,CD,20.8,11.95,0.0,3.24,1.0,<Residue PRO het=  resseq=320 icode= >,4ix7_A_A,1.581
536,3.425,GLY, ,N,17.13,13.86,0.0,4.44,1.0,<Residue GLY het=  resseq=321 icode= >,4ix7_A_A,1.581
537,19.388,GLY, ,CA,19.12,15.04,0.0,3.43,1.0,<Residue GLY het=  resseq=321 icode= >,4ix7_A_A,1.581
538,0.724,GLY, ,C,16.53,15.06,0.0,4.34,1.0,<Residue GLY het=  resseq=321 icode= >,4ix7_A_A,1.581
539,0.0,GLY, ,O,17.6,15.49,0.0,5.31,1.0,<Residue GLY het=  resseq=321 icode= >,4ix7_A_A,1.581
540,0.058,LYS, ,N,16.59,14.63,0.0,4.43,1.0,<Residue LYS het=  resseq=322 icode= >,4ix7_A_A,1.581
541,0.0,LYS, ,CA,15.68,14.75,0.0,3.47,1.0,<Residue LYS het=  resseq=322 icode= >,4ix7_A_A,1.581
542,0.0,LYS, ,C,15.53,13.83,0.0,4.04,1.0,<Residue LYS het=  resseq=322 icode= >,4ix7_A_A,1.581
543,0.0,LYS, ,O,15.14,14.35,0.0,5.90,1.0,<Residue LYS het=  resseq=322 icode= >,4ix7_A_A,1.581
544,0.0,LYS, ,CB,16.17,14.71,0.0,2.82,1.0,<Residue LYS het=  resseq=322 icode= >,4ix7_A_A,1.581
545,5.129,LYS, ,CG,17.86,15.95,0.0,2.77,1.0,<Residue LYS het=  resseq=322 icode= >,4ix7_A_A,1.581
546,0.058,LYS, ,CD,19.29,16.10,0.0,2.93,1.0,<Residue LYS het=  resseq=322 icode= >,4ix7_A_A,1.581
547,30.142,LYS, ,CE,27.07,17.45,0.0,2.24,1.0,<Residue LYS het=  resseq=322 icode= >,4ix7_A_A,1.581
548,40.244,LYS, ,NZ,31.01,17.76,0.0,1.81,1.0,<Residue LYS het=  resseq=322 icode= >,4ix7_A_A,1.581
549,0.0,ILE, ,N,14.99,12.57,0.0,4.34,1.0,<Residue ILE het=  resseq=323 icode= >,4ix7_A_A,1.581
550,0.0,ILE, ,CA,14.22,11.72,0.0,4.01,1.0,<Residue ILE het=  resseq=323 icode= >,4ix7_A_A,1.581
551,0.0,ILE, ,C,16.22,11.83,0.0,4.19,1.0,<Residue ILE het=  resseq=323 icode= >,4ix7_A_A,1.581
552,0.0,ILE, ,O,16.13,11.57,0.0,5.72,1.0,<Residue ILE het=  resseq=323 icode= >,4ix7_A_A,1.581
553,0.671,ILE, ,CB,15.09,10.26,0.0,2.81,1.0,<Residue ILE het=  resseq=323 icode= >,4ix7_A_A,1.581
554,0.453,ILE, ,CG1,16.53,9.69,0.0,2.99,1.0,<Residue ILE het=  resseq=323 icode= >,4ix7_A_A,1.581
555,5.951,ILE, ,CG2,15.97,9.56,0.0,2.90,1.0,<Residue ILE het=  resseq=323 icode= >,4ix7_A_A,1.581
556,0.0,ILE, ,CD1,16.07,10.01,0.0,3.26,1.0,<Residue ILE het=  resseq=323 icode= >,4ix7_A_A,1.581
557,0.26,GLN, ,N,13.34,12.16,0.0,4.60,1.0,<Residue GLN het=  resseq=324 icode= >,4ix7_A_A,1.581
558,2.279,GLN, ,CA,15.71,12.27,0.0,3.58,1.0,<Residue GLN het=  resseq=324 icode= >,4ix7_A_A,1.581
559,0.0,GLN, ,C,17.58,13.26,0.0,4.10,1.0,<Residue GLN het=  resseq=324 icode= >,4ix7_A_A,1.581
560,0.963,GLN, ,O,17.26,13.17,0.0,5.11,1.0,<Residue GLN het=  resseq=324 icode= >,4ix7_A_A,1.581
561,5.27,GLN, ,CB,20.77,12.92,0.0,2.60,1.0,<Residue GLN het=  resseq=324 icode= >,4ix7_A_A,1.581
562,20.772,GLN, ,CG,27.83,13.05,0.0,1.35,1.0,<Residue GLN het=  resseq=324 icode= >,4ix7_A_A,1.581
563,5.276,GLN, ,CD,36.73,14.01,0.0,0.76,1.0,<Residue GLN het=  resseq=324 icode= >,4ix7_A_A,1.581
564,16.237,GLN, ,OE1,35.38,14.60,0.0,1.32,1.0,<Residue GLN het=  resseq=324 icode= >,4ix7_A_A,1.581
565,51.118,GLN, ,NE2,44.86,14.33,0.0,0.30,1.0,<Residue GLN het=  resseq=324 icode= >,4ix7_A_A,1.581
566,0.0,ASP, ,N,17.18,14.32,0.0,4.52,1.0,<Residue ASP het=  resseq=325 icode= >,4ix7_A_A,1.581
567,0.0,ASP, ,CA,17.02,15.39,0.0,3.13,1.0,<Residue ASP het=  resseq=325 icode= >,4ix7_A_A,1.581
568,0.0,ASP, ,C,16.41,15.06,0.0,3.79,1.0,<Residue ASP het=  resseq=325 icode= >,4ix7_A_A,1.581
569,0.0,ASP, ,O,17.15,15.57,0.0,5.12,1.0,<Residue ASP het=  resseq=325 icode= >,4ix7_A_A,1.581
570,0.0,ASP, ,CB,17.16,16.64,0.0,3.20,1.0,<Residue ASP het=  resseq=325 icode= >,4ix7_A_A,1.581
571,0.0,ASP, ,CG,20.31,17.49,0.0,3.44,1.0,<Residue ASP het=  resseq=325 icode= >,4ix7_A_A,1.581
572,0.0,ASP, ,OD1,21.36,17.27,0.0,3.57,1.0,<Residue ASP het=  resseq=325 icode= >,4ix7_A_A,1.581
573,0.0,ASP, ,OD2,18.16,18.48,0.0,4.61,1.0,<Residue ASP het=  resseq=325 icode= >,4ix7_A_A,1.581
574,0.0,ILE, ,N,15.52,14.37,0.0,5.49,1.0,<Residue ILE het=  resseq=326 icode= >,4ix7_A_A,1.581
575,0.0,ILE, ,CA,16.99,14.17,0.0,4.44,1.0,<Residue ILE het=  resseq=326 icode= >,4ix7_A_A,1.581
576,0.0,ILE, ,C,16.49,13.36,0.0,4.56,1.0,<Residue ILE het=  resseq=326 icode= >,4ix7_A_A,1.581
577,0.0,ILE, ,O,17.85,13.84,0.0,6.19,1.0,<Residue ILE het=  resseq=326 icode= >,4ix7_A_A,1.581
578,0.0,ILE, ,CB,13.22,13.67,0.0,4.45,1.0,<Residue ILE het=  resseq=326 icode= >,4ix7_A_A,1.581
579,0.0,ILE, ,CG1,14.72,14.35,0.0,3.64,1.0,<Residue ILE het=  resseq=326 icode= >,4ix7_A_A,1.581
580,0.0,ILE, ,CG2,16.02,12.62,0.0,3.99,1.0,<Residue ILE het=  resseq=326 icode= >,4ix7_A_A,1.581
581,0.0,ILE, ,CD1,15.98,13.44,0.0,3.68,1.0,<Residue ILE het=  resseq=326 icode= >,4ix7_A_A,1.581
582,0.0,ILE, ,N,14.5,12.28,0.0,4.47,1.0,<Residue ILE het=  resseq=327 icode= >,4ix7_A_A,1.581
583,0.0,ILE, ,CA,16.25,11.58,0.0,3.47,1.0,<Residue ILE het=  resseq=327 icode= >,4ix7_A_A,1.581
584,0.0,ILE, ,C,16.11,12.64,0.0,3.94,1.0,<Residue ILE het=  resseq=327 icode= >,4ix7_A_A,1.581
585,0.0,ILE, ,O,18.03,12.87,0.0,4.76,1.0,<Residue ILE het=  resseq=327 icode= >,4ix7_A_A,1.581
586,0.701,ILE, ,CB,14.9,10.35,0.0,3.48,1.0,<Residue ILE het=  resseq=327 icode= >,4ix7_A_A,1.581
587,0.0,ILE, ,CG1,16.3,9.28,0.0,3.25,1.0,<Residue ILE het=  resseq=327 icode= >,4ix7_A_A,1.581
588,9.969,ILE, ,CG2,18.97,9.97,0.0,2.90,1.0,<Residue ILE het=  resseq=327 icode= >,4ix7_A_A,1.581
589,2.323,ILE, ,CD1,18.58,8.21,0.0,2.83,1.0,<Residue ILE het=  resseq=327 icode= >,4ix7_A_A,1.581
590,0.289,PHE, ,N,16.66,13.44,0.0,3.62,1.0,<Residue PHE het=  resseq=328 icode= >,4ix7_A_A,1.581
591,4.096,PHE, ,CA,18.09,14.60,0.0,3.02,1.0,<Residue PHE het=  resseq=328 icode= >,4ix7_A_A,1.581
592,0.0,PHE, ,C,21.18,15.51,0.0,3.48,1.0,<Residue PHE het=  resseq=328 icode= >,4ix7_A_A,1.581
593,0.0,PHE, ,O,21.4,15.95,0.0,4.10,1.0,<Residue PHE het=  resseq=328 icode= >,4ix7_A_A,1.581
594,2.69,PHE, ,CB,21.82,15.48,0.0,2.24,1.0,<Residue PHE het=  resseq=328 icode= >,4ix7_A_A,1.581
595,0.0,PHE, ,CG,22.01,16.72,0.0,3.05,1.0,<Residue PHE het=  resseq=328 icode= >,4ix7_A_A,1.581
596,11.733,PHE, ,CD1,26.59,16.84,0.0,2.80,1.0,<Residue PHE het=  resseq=328 icode= >,4ix7_A_A,1.581
597,0.0,PHE, ,CD2,20.14,17.87,0.0,2.88,1.0,<Residue PHE het=  resseq=328 icode= >,4ix7_A_A,1.581
598,18.807,PHE, ,CE1,29.3,18.06,0.0,2.28,1.0,<Residue PHE het=  resseq=328 icode= >,4ix7_A_A,1.581
599,19.806,PHE, ,CE2,26.74,19.03,0.0,1.83,1.0,<Residue PHE het=  resseq=328 icode= >,4ix7_A_A,1.581
600,23.977,PHE, ,CZ,29.62,19.12,0.0,2.44,1.0,<Residue PHE het=  resseq=328 icode= >,4ix7_A_A,1.581
601,0.0,ALA, ,N,16.82,15.92,0.0,4.40,1.0,<Residue ALA het=  resseq=329 icode= >,4ix7_A_A,1.581
602,2.93,ALA, ,CA,18.14,16.59,0.0,3.26,1.0,<Residue ALA het=  resseq=329 icode= >,4ix7_A_A,1.581
603,0.0,ALA, ,C,18.96,15.52,0.0,3.95,1.0,<Residue ALA het=  resseq=329 icode= >,4ix7_A_A,1.581
604,0.0,ALA, ,O,19.91,15.77,0.0,4.56,1.0,<Residue ALA het=  resseq=329 icode= >,4ix7_A_A,1.581
605,0.707,ALA, ,CB,17.32,16.28,0.0,2.80,1.0,<Residue ALA het=  resseq=329 icode= >,4ix7_A_A,1.581
606,0.0,VAL, ,N,17.24,14.42,0.0,4.00,1.0,<Residue VAL het=  resseq=330 icode= >,4ix7_A_A,1.581
607,0.0,VAL, ,CA,16.79,13.35,0.0,3.22,1.0,<Residue VAL het=  resseq=330 icode= >,4ix7_A_A,1.581
608,0.0,VAL, ,C,21.17,13.92,0.0,3.45,1.0,<Residue VAL het=  resseq=330 icode= >,4ix7_A_A,1.581
609,0.0,VAL, ,O,23.48,13.80,0.0,4.17,1.0,<Residue VAL het=  resseq=330 icode= >,4ix7_A_A,1.581
610,0.0,VAL, ,CB,16.8,12.03,0.0,3.95,1.0,<Residue VAL het=  resseq=330 icode= >,4ix7_A_A,1.581
611,0.0,VAL, ,CG1,17.47,11.03,0.0,3.21,1.0,<Residue VAL het=  resseq=330 icode= >,4ix7_A_A,1.581
612,0.0,VAL, ,CG2,15.51,11.56,0.0,3.80,1.0,<Residue VAL het=  resseq=330 icode= >,4ix7_A_A,1.581
613,0.0,THR, ,N,17.98,14.32,0.0,3.76,1.0,<Residue THR het=  resseq=331 icode= >,4ix7_A_A,1.581
614,0.0,THR, ,CA,21.47,14.32,0.0,2.81,1.0,<Residue THR het=  resseq=331 icode= >,4ix7_A_A,1.581
615,0.753,THR, ,C,23.0,15.73,0.0,3.28,1.0,<Residue THR het=  resseq=331 icode= >,4ix7_A_A,1.581
616,8.212,THR, ,O,31.42,16.12,0.0,2.56,1.0,<Residue THR het=  resseq=331 icode= >,4ix7_A_A,1.581
617,11.589,THR, ,CB,20.18,13.32,0.0,3.38,1.0,<Residue THR het=  resseq=331 icode= >,4ix7_A_A,1.581
618,6.105,THR, ,OG1,20.09,13.68,0.0,4.37,1.0,<Residue THR het=  resseq=331 icode= >,4ix7_A_A,1.581
619,2.688,THR, ,CG2,20.91,11.88,0.0,3.52,1.0,<Residue THR het=  resseq=331 icode= >,4ix7_A_A,1.581
620,0.0,HIS, ,N,19.07,16.51,0.0,4.49,1.0,<Residue HIS het=  resseq=332 icode= >,4ix7_A_A,1.581
621,5.239,HIS, ,CA,25.51,17.88,0.0,2.75,1.0,<Residue HIS het=  resseq=332 icode= >,4ix7_A_A,1.581
622,0.0,HIS, ,C,28.14,17.52,0.0,3.21,1.0,<Residue HIS het=  resseq=332 icode= >,4ix7_A_A,1.581
623,22.79,HIS, ,O,35.86,18.25,0.0,2.63,1.0,<Residue HIS het=  resseq=332 icode= >,4ix7_A_A,1.581
624,12.407,HIS, ,CB,26.45,18.45,0.0,2.55,1.0,<Residue HIS het=  resseq=332 icode= >,4ix7_A_A,1.581
625,0.356,HIS, ,CG,31.21,18.05,0.0,1.77,1.0,<Residue HIS het=  resseq=332 icode= >,4ix7_A_A,1.581
626,0.337,HIS, ,ND1,27.31,16.82,0.0,2.07,1.0,<Residue HIS het=  resseq=332 icode= >,4ix7_A_A,1.581
627,32.339,HIS, ,CD2,36.94,18.81,0.0,1.48,1.0,<Residue HIS het=  resseq=332 icode= >,4ix7_A_A,1.581
628,20.308,HIS, ,CE1,29.08,16.89,0.0,2.16,1.0,<Residue HIS het=  resseq=332 icode= >,4ix7_A_A,1.581
629,23.981,HIS, ,NE2,36.6,18.11,0.0,1.78,1.0,<Residue HIS het=  resseq=332 icode= >,4ix7_A_A,1.581
630,0.0,LYS, ,N,20.92,16.35,0.0,4.25,1.0,<Residue LYS het=  resseq=333 icode= >,4ix7_A_A,1.581
631,5.132,LYS, ,CA,24.5,15.95,0.0,2.81,1.0,<Residue LYS het=  resseq=333 icode= >,4ix7_A_A,1.581
632,0.463,LYS, ,C,27.78,14.82,0.0,3.40,1.0,<Residue LYS het=  resseq=333 icode= >,4ix7_A_A,1.581
633,18.059,LYS, ,O,27.56,14.78,0.0,4.77,1.0,<Residue LYS het=  resseq=333 icode= >,4ix7_A_A,1.581
634,0.938,LYS, ,CB,23.32,15.73,0.0,2.58,1.0,<Residue LYS het=  resseq=333 icode= >,4ix7_A_A,1.581
635,10.304,LYS, ,CG,30.02,17.03,0.0,2.21,1.0,<Residue LYS het=  resseq=333 icode= >,4ix7_A_A,1.581
636,3.098,LYS, ,CD,36.28,17.04,0.0,1.63,1.0,<Residue LYS het=  resseq=333 icode= >,4ix7_A_A,1.581
637,14.653,LYS, ,CE,37.99,17.55,0.0,1.65,1.0,<Residue LYS het=  resseq=333 icode= >,4ix7_A_A,1.581
638,39.932,LYS, ,NZ,41.32,19.00,0.0,1.39,1.0,<Residue LYS het=  resseq=333 icode= >,4ix7_A_A,1.581
639,0.0,CYS, ,N,27.65,14.02,0.0,2.87,1.0,<Residue CYS het=  resseq=334 icode= >,4ix7_A_A,1.581
640,1.185,CYS,x,CA,31.85,12.99,0.0,2.32,0.54,<Residue CYS het=  resseq=334 icode= >,4ix7_A_A,1.581
641,0.887,CYS, ,C,33.73,13.53,0.0,2.89,1.0,<Residue CYS het=  resseq=334 icode= >,4ix7_A_A,1.581
642,16.698,CYS, ,O,38.78,13.12,0.0,2.23,1.0,<Residue CYS het=  resseq=334 icode= >,4ix7_A_A,1.581
643,0.0,CYS,x,CB,30.54,11.68,0.0,2.41,0.54,<Residue CYS het=  resseq=334 icode= >,4ix7_A_A,1.581
644,8.085,CYS,x,SG,37.57,10.27,0.0,2.04,0.54,<Residue CYS het=  resseq=334 icode= >,4ix7_A_A,1.581
645,0.0,ASN, ,N,32.85,14.59,0.0,2.99,1.0,<Residue ASN het=  resseq=335 icode= >,4ix7_A_A,1.581
646,4.244,ASN, ,CA,41.87,15.31,0.0,1.61,1.0,<Residue ASN het=  resseq=335 icode= >,4ix7_A_A,1.581
647,2.36,ASN, ,C,38.98,14.53,0.0,2.06,1.0,<Residue ASN het=  resseq=335 icode= >,4ix7_A_A,1.581
648,27.172,ASN, ,O,45.28,14.70,0.0,1.43,1.0,<Residue ASN het=  resseq=335 icode= >,4ix7_A_A,1.581
649,21.997,ASN, ,CB,46.09,16.02,0.0,0.53,1.0,<Residue ASN het=  resseq=335 icode= >,4ix7_A_A,1.581
650,5.66,ASN, ,CG,44.71,17.03,0.0,2.21,1.0,<Residue ASN het=  resseq=335 icode= >,4ix7_A_A,1.581
651,16.578,ASN, ,OD1,47.58,17.58,0.0,1.66,1.0,<Residue ASN het=  resseq=335 icode= >,4ix7_A_A,1.581
652,55.707,ASN, ,ND2,52.65,17.40,0.0,1.29,1.0,<Residue ASN het=  resseq=335 icode= >,4ix7_A_A,1.581
653,0.0,ALA, ,N,35.16,13.79,0.0,2.20,1.0,<Residue ALA het=  resseq=336 icode= >,4ix7_A_A,1.581
654,4.083,ALA, ,CA,31.59,13.10,0.0,2.67,1.0,<Residue ALA het=  resseq=336 icode= >,4ix7_A_A,1.581
655,2.5,ALA, ,C,23.8,12.00,0.0,4.01,1.0,<Residue ALA het=  resseq=336 icode= >,4ix7_A_A,1.581
656,6.804,ALA, ,O,26.03,12.32,0.0,3.32,1.0,<Residue ALA het=  resseq=336 icode= >,4ix7_A_A,1.581
657,1.203,ALA, ,CB,29.91,11.87,0.0,2.23,1.0,<Residue ALA het=  resseq=336 icode= >,4ix7_A_A,1.581
658,3.806,SER, ,N,23.29,10.76,0.0,3.51,1.0,<Residue SER het=  resseq=337 icode= >,4ix7_A_A,1.581
659,9.194,SER, ,CA,25.97,9.65,0.0,2.50,1.0,<Residue SER het=  resseq=337 icode= >,4ix7_A_A,1.581
660,0.0,SER, ,C,21.17,9.48,0.0,3.43,1.0,<Residue SER het=  resseq=337 icode= >,4ix7_A_A,1.581
661,0.0,SER, ,O,21.76,9.42,0.0,4.00,1.0,<Residue SER het=  resseq=337 icode= >,4ix7_A_A,1.581
662,41.696,SER, ,CB,26.86,8.42,0.0,2.02,1.0,<Residue SER het=  resseq=337 icode= >,4ix7_A_A,1.581
663,7.727,SER, ,OG,24.71,7.93,0.0,3.39,1.0,<Residue SER het=  resseq=337 icode= >,4ix7_A_A,1.581
664,6.7,GLU, ,N,20.59,9.03,0.0,3.45,1.0,<Residue GLU het=  resseq=338 icode= >,4ix7_A_A,1.581
665,0.0,GLU, ,CA,20.35,8.18,0.0,2.65,1.0,<Residue GLU het=  resseq=338 icode= >,4ix7_A_A,1.581
666,0.0,GLU, ,C,19.25,6.97,0.0,3.37,1.0,<Residue GLU het=  resseq=338 icode= >,4ix7_A_A,1.581
667,0.0,GLU, ,O,18.08,6.67,0.0,4.14,1.0,<Residue GLU het=  resseq=338 icode= >,4ix7_A_A,1.581
668,19.472,GLU, ,CB,21.63,7.94,0.0,2.73,1.0,<Residue GLU het=  resseq=338 icode= >,4ix7_A_A,1.581
669,4.354,GLU, ,CG,28.06,6.97,0.0,1.31,1.0,<Residue GLU het=  resseq=338 icode= >,4ix7_A_A,1.581
670,9.32,GLU, ,CD,36.46,7.46,0.0,1.33,1.0,<Residue GLU het=  resseq=338 icode= >,4ix7_A_A,1.581
671,31.19,GLU, ,OE1,34.49,8.57,0.0,1.75,1.0,<Residue GLU het=  resseq=338 icode= >,4ix7_A_A,1.581
672,13.981,GLU, ,OE2,30.3,6.94,0.0,2.60,1.0,<Residue GLU het=  resseq=338 icode= >,4ix7_A_A,1.581
673,2.864,LYS, ,N,19.4,6.53,0.0,4.02,1.0,<Residue LYS het=  resseq=339 icode= >,4ix7_A_A,1.581
674,2.169,LYS, ,CA,16.91,5.26,0.469,3.57,1.0,<Residue LYS het=  resseq=339 icode= >,4ix7_A_A,1.581
675,0.0,LYS, ,C,17.41,5.64,0.0,3.28,1.0,<Residue LYS het=  resseq=339 icode= >,4ix7_A_A,1.581
676,0.0,LYS, ,O,17.66,5.11,0.0,4.61,1.0,<Residue LYS het=  resseq=339 icode= >,4ix7_A_A,1.581
677,18.326,LYS, ,CB,19.79,4.97,0.951,2.50,1.0,<Residue LYS het=  resseq=339 icode= >,4ix7_A_A,1.581
678,10.421,LYS, ,CG,21.08,3.91,8.628,2.52,1.0,<Residue LYS het=  resseq=339 icode= >,4ix7_A_A,1.581
679,32.577,LYS, ,CD,23.26,3.73,14.906,2.30,1.0,<Residue LYS het=  resseq=339 icode= >,4ix7_A_A,1.581
680,31.498,LYS, ,CE,34.57,3.46,16.179,1.38,1.0,<Residue LYS het=  resseq=339 icode= >,4ix7_A_A,1.581
681,48.964,LYS, ,NZ,34.14,2.33,36.315,1.70,1.0,<Residue LYS het=  resseq=339 icode= >,4ix7_A_A,1.581
682,0.55,GLU, ,N,17.3,6.88,0.0,4.16,1.0,<Residue GLU het=  resseq=340 icode= >,4ix7_A_A,1.581
683,2.15,GLU, ,CA,21.63,7.71,0.0,2.54,1.0,<Residue GLU het=  resseq=340 icode= >,4ix7_A_A,1.581
684,0.0,GLU, ,C,17.58,8.06,0.0,3.74,1.0,<Residue GLU het=  resseq=340 icode= >,4ix7_A_A,1.581
685,1.884,GLU, ,O,17.06,8.30,0.0,4.97,1.0,<Residue GLU het=  resseq=340 icode= >,4ix7_A_A,1.581
686,3.378,GLU, ,CB,21.98,9.08,0.174,2.96,1.0,<Residue GLU het=  resseq=340 icode= >,4ix7_A_A,1.581
687,21.33,GLU, ,CG,35.7,8.35,0.343,0.93,1.0,<Residue GLU het=  resseq=340 icode= >,4ix7_A_A,1.581
688,8.526,GLU, ,CD,31.75,8.85,2.168,2.71,1.0,<Residue GLU het=  resseq=340 icode= >,4ix7_A_A,1.581
689,20.612,GLU, ,OE1,34.25,9.83,8.821,3.11,1.0,<Residue GLU het=  resseq=340 icode= >,4ix7_A_A,1.581
690,25.925,GLU, ,OE2,36.88,8.48,0.0,3.09,1.0,<Residue GLU het=  resseq=340 icode= >,4ix7_A_A,1.581
691,0.0,VAL, ,N,16.09,8.40,0.0,4.76,1.0,<Residue VAL het=  resseq=341 icode= >,4ix7_A_A,1.581
692,0.0,VAL, ,CA,14.33,9.03,0.0,4.11,1.0,<Residue VAL het=  resseq=341 icode= >,4ix7_A_A,1.581
693,0.0,VAL, ,C,13.04,8.18,0.0,4.34,1.0,<Residue VAL het=  resseq=341 icode= >,4ix7_A_A,1.581
694,0.0,VAL, ,O,15.14,8.72,0.0,5.33,1.0,<Residue VAL het=  resseq=341 icode= >,4ix7_A_A,1.581
695,0.0,VAL, ,CB,15.86,9.65,0.0,4.09,1.0,<Residue VAL het=  resseq=341 icode= >,4ix7_A_A,1.581
696,0.0,VAL, ,CG1,14.95,10.36,0.0,4.00,1.0,<Residue VAL het=  resseq=341 icode= >,4ix7_A_A,1.581
697,0.0,VAL, ,CG2,20.56,10.76,0.0,3.20,1.0,<Residue VAL het=  resseq=341 icode= >,4ix7_A_A,1.581
698,0.0,ARG, ,N,15.11,6.94,0.0,3.90,1.0,<Residue ARG het=  resseq=342 icode= >,4ix7_A_A,1.581
699,0.0,ARG,x,CA,13.52,6.11,0.0,3.93,0.52,<Residue ARG het=  resseq=342 icode= >,4ix7_A_A,1.581
700,0.477,ARG, ,C,14.18,6.14,0.0,4.15,1.0,<Residue ARG het=  resseq=342 icode= >,4ix7_A_A,1.581
701,0.0,ARG, ,O,15.01,5.73,0.0,5.26,1.0,<Residue ARG het=  resseq=342 icode= >,4ix7_A_A,1.581
702,8.603,ARG,x,CB,16.36,4.69,5.892,3.34,0.52,<Residue ARG het=  resseq=342 icode= >,4ix7_A_A,1.581
703,0.0,ARG,x,CG,16.92,4.98,0.0,3.53,0.52,<Residue ARG het=  resseq=342 icode= >,4ix7_A_A,1.581
704,17.18,ARG,x,CD,21.52,4.02,11.46,2.80,0.52,<Residue ARG het=  resseq=342 icode= >,4ix7_A_A,1.581
705,1.343,ARG,x,NE,19.65,4.94,0.0,2.58,0.52,<Residue ARG het=  resseq=342 icode= >,4ix7_A_A,1.581
706,4.329,ARG,x,CZ,27.45,5.17,0.0,1.74,0.52,<Residue ARG het=  resseq=342 icode= >,4ix7_A_A,1.581
707,18.999,ARG,x,NH1,23.7,4.57,4.633,2.04,0.52,<Residue ARG het=  resseq=342 icode= >,4ix7_A_A,1.581
708,39.711,ARG,x,NH2,30.52,6.33,0.0,1.47,0.52,<Residue ARG het=  resseq=342 icode= >,4ix7_A_A,1.581
709,0.0,ASN, ,N,17.05,5.81,0.0,3.96,1.0,<Residue ASN het=  resseq=343 icode= >,4ix7_A_A,1.581
710,1.513,ASN,x,CA,17.09,6.11,0.0,3.10,0.4,<Residue ASN het=  resseq=343 icode= >,4ix7_A_A,1.581
711,1.075,ASN, ,C,15.12,7.37,0.0,4.14,1.0,<Residue ASN het=  resseq=343 icode= >,4ix7_A_A,1.581
712,0.739,ASN, ,O,14.67,6.95,0.0,5.37,1.0,<Residue ASN het=  resseq=343 icode= >,4ix7_A_A,1.581
713,19.997,ASN,x,CB,17.98,6.11,2.966,2.71,0.4,<Residue ASN het=  resseq=343 icode= >,4ix7_A_A,1.581
714,5.313,ASN,x,CG,20.15,4.84,0.0,0.77,0.4,<Residue ASN het=  resseq=343 icode= >,4ix7_A_A,1.581
715,20.92,ASN,x,OD1,23.23,3.73,13.131,0.57,0.4,<Residue ASN het=  resseq=343 icode= >,4ix7_A_A,1.581
716,29.556,ASN,x,ND2,26.85,5.29,1.688,0.65,0.4,<Residue ASN het=  resseq=343 icode= >,4ix7_A_A,1.581
717,0.601,ALA, ,N,13.26,7.85,0.0,4.41,1.0,<Residue ALA het=  resseq=344 icode= >,4ix7_A_A,1.581
718,3.624,ALA, ,CA,14.41,6.70,0.0,3.77,1.0,<Residue ALA het=  resseq=344 icode= >,4ix7_A_A,1.581
719,0.0,ALA, ,C,14.3,7.28,0.0,4.31,1.0,<Residue ALA het=  resseq=344 icode= >,4ix7_A_A,1.581
720,0.0,ALA, ,O,15.85,6.78,0.0,4.73,1.0,<Residue ALA het=  resseq=344 icode= >,4ix7_A_A,1.581
721,1.486,ALA, ,CB,14.6,6.29,0.0,3.40,1.0,<Residue ALA het=  resseq=344 icode= >,4ix7_A_A,1.581
722,0.0,ILE, ,N,12.0,7.75,0.0,5.66,1.0,<Residue ILE het=  resseq=345 icode= >,4ix7_A_A,1.581
723,0.0,ILE, ,CA,13.12,7.30,0.0,3.92,1.0,<Residue ILE het=  resseq=345 icode= >,4ix7_A_A,1.581
724,0.0,ILE, ,C,12.14,6.19,0.0,4.73,1.0,<Residue ILE het=  resseq=345 icode= >,4ix7_A_A,1.581
725,0.0,ILE, ,O,13.96,6.51,0.0,5.27,1.0,<Residue ILE het=  resseq=345 icode= >,4ix7_A_A,1.581
726,0.0,ILE, ,CB,12.25,7.16,0.0,4.06,1.0,<Residue ILE het=  resseq=345 icode= >,4ix7_A_A,1.581
727,0.0,ILE, ,CG1,12.79,8.52,0.0,4.19,1.0,<Residue ILE het=  resseq=345 icode= >,4ix7_A_A,1.581
728,0.0,ILE, ,CG2,13.26,7.16,0.0,3.81,1.0,<Residue ILE het=  resseq=345 icode= >,4ix7_A_A,1.581
729,0.0,ILE, ,CD1,15.48,8.79,0.0,3.57,1.0,<Residue ILE het=  resseq=345 icode= >,4ix7_A_A,1.581
730,0.0,THR, ,N,13.61,5.15,0.0,4.49,1.0,<Residue THR het=  resseq=346 icode= >,4ix7_A_A,1.581
731,1.62,THR, ,CA,13.0,4.27,0.374,3.45,1.0,<Residue THR het=  resseq=346 icode= >,4ix7_A_A,1.581
732,0.0,THR, ,C,13.52,5.33,0.0,3.98,1.0,<Residue THR het=  resseq=346 icode= >,4ix7_A_A,1.581
733,1.332,THR, ,O,13.65,4.92,0.0,5.65,1.0,<Residue THR het=  resseq=346 icode= >,4ix7_A_A,1.581
734,2.535,THR, ,CB,12.48,3.52,0.417,3.45,1.0,<Residue THR het=  resseq=346 icode= >,4ix7_A_A,1.581
735,14.832,THR, ,OG1,14.36,2.69,12.91,5.52,1.0,<Residue THR het=  resseq=346 icode= >,4ix7_A_A,1.581
736,57.603,THR, ,CG2,15.61,3.32,47.428,3.22,1.0,<Residue THR het=  resseq=346 icode= >,4ix7_A_A,1.581
737,0.0,THR, ,N,13.63,5.78,0.0,4.12,1.0,<Residue THR het=  resseq=347 icode= >,4ix7_A_A,1.581
738,3.229,THR, ,CA,12.56,5.83,1.045,4.08,1.0,<Residue THR het=  resseq=347 icode= >,4ix7_A_A,1.581
739,0.0,THR, ,C,13.57,5.94,0.0,3.58,1.0,<Residue THR het=  resseq=347 icode= >,4ix7_A_A,1.581
740,0.0,THR, ,O,13.17,5.62,0.0,5.18,1.0,<Residue THR het=  resseq=347 icode= >,4ix7_A_A,1.581
741,2.155,THR, ,CB,13.71,5.13,0.0,4.27,1.0,<Residue THR het=  resseq=347 icode= >,4ix7_A_A,1.581
742,22.592,THR, ,OG1,14.95,5.36,1.232,5.99,1.0,<Residue THR het=  resseq=347 icode= >,4ix7_A_A,1.581
743,35.395,THR, ,CG2,13.45,3.63,30.023,3.47,1.0,<Residue THR het=  resseq=347 icode= >,4ix7_A_A,1.581
744,0.0,LYS, ,N,11.52,6.69,0.0,5.05,1.0,<Residue LYS het=  resseq=348 icode= >,4ix7_A_A,1.581
745,0.0,LYS, ,CA,13.97,6.85,0.0,3.39,1.0,<Residue LYS het=  resseq=348 icode= >,4ix7_A_A,1.581
746,0.0,LYS, ,C,12.6,7.64,0.0,4.06,1.0,<Residue LYS het=  resseq=348 icode= >,4ix7_A_A,1.581
747,0.0,LYS, ,O,13.93,7.10,0.0,5.52,1.0,<Residue LYS het=  resseq=348 icode= >,4ix7_A_A,1.581
748,0.0,LYS, ,CB,13.2,6.60,0.0,3.69,1.0,<Residue LYS het=  resseq=348 icode= >,4ix7_A_A,1.581
749,0.0,LYS, ,CG,14.95,6.04,0.0,4.05,1.0,<Residue LYS het=  resseq=348 icode= >,4ix7_A_A,1.581
750,0.0,LYS, ,CD,14.67,4.71,0.0,4.37,1.0,<Residue LYS het=  resseq=348 icode= >,4ix7_A_A,1.581
751,0.391,LYS, ,CE,18.92,4.43,0.041,3.46,1.0,<Residue LYS het=  resseq=348 icode= >,4ix7_A_A,1.581
752,19.841,LYS, ,NZ,18.27,3.51,15.197,4.18,1.0,<Residue LYS het=  resseq=348 icode= >,4ix7_A_A,1.581
753,0.0,CYS, ,N,13.4,8.12,0.0,4.31,1.0,<Residue CYS het=  resseq=349 icode= >,4ix7_A_A,1.581
754,0.0,CYS, ,CA,14.84,7.27,0.0,3.48,1.0,<Residue CYS het=  resseq=349 icode= >,4ix7_A_A,1.581
755,0.46,CYS, ,C,13.93,6.58,0.0,4.94,1.0,<Residue CYS het=  resseq=349 icode= >,4ix7_A_A,1.581
756,0.345,CYS, ,O,15.71,6.63,0.0,5.33,1.0,<Residue CYS het=  resseq=349 icode= >,4ix7_A_A,1.581
757,6.456,CYS, ,CB,15.12,6.44,0.0,3.45,1.0,<Residue CYS het=  resseq=349 icode= >,4ix7_A_A,1.581
758,0.0,CYS, ,SG,17.12,7.11,0.0,11.43,1.0,<Residue CYS het=  resseq=349 icode= >,4ix7_A_A,1.581
759,0.666,ALA, ,N,12.96,6.00,0.0,4.65,1.0,<Residue ALA het=  resseq=350 icode= >,4ix7_A_A,1.581
760,3.315,ALA, ,CA,14.35,4.75,0.0,4.10,1.0,<Residue ALA het=  resseq=350 icode= >,4ix7_A_A,1.581
761,0.0,ALA, ,C,13.65,5.12,0.0,4.54,1.0,<Residue ALA het=  resseq=350 icode= >,4ix7_A_A,1.581
762,0.843,ALA, ,O,15.2,5.09,0.145,5.49,1.0,<Residue ALA het=  resseq=350 icode= >,4ix7_A_A,1.581
763,37.704,ALA, ,CB,13.53,3.61,28.536,3.44,1.0,<Residue ALA het=  resseq=350 icode= >,4ix7_A_A,1.581
764,0.0,ASP, ,N,13.38,5.79,0.0,4.35,1.0,<Residue ASP het=  resseq=351 icode= >,4ix7_A_A,1.581
765,1.279,ASP, ,CA,14.04,4.64,1.057,3.76,1.0,<Residue ASP het=  resseq=351 icode= >,4ix7_A_A,1.581
766,0.282,ASP, ,C,14.09,5.38,0.0,4.28,1.0,<Residue ASP het=  resseq=351 icode= >,4ix7_A_A,1.581
767,1.294,ASP, ,O,14.59,5.37,0.382,5.63,1.0,<Residue ASP het=  resseq=351 icode= >,4ix7_A_A,1.581
768,12.738,ASP, ,CB,13.89,3.75,9.564,3.38,1.0,<Residue ASP het=  resseq=351 icode= >,4ix7_A_A,1.581
769,7.261,ASP, ,CG,18.03,3.30,7.261,3.03,1.0,<Residue ASP het=  resseq=351 icode= >,4ix7_A_A,1.581
770,15.395,ASP, ,OD1,16.96,2.86,14.874,4.74,1.0,<Residue ASP het=  resseq=351 icode= >,4ix7_A_A,1.581
771,4.311,ASP, ,OD2,17.92,3.46,4.311,4.29,1.0,<Residue ASP het=  resseq=351 icode= >,4ix7_A_A,1.581
772,0.0,GLU, ,N,15.43,6.41,0.0,4.13,1.0,<Residue GLU het=  resseq=352 icode= >,4ix7_A_A,1.581
773,0.0,GLU, ,CA,14.93,7.41,0.0,3.68,1.0,<Residue GLU het=  resseq=352 icode= >,4ix7_A_A,1.581
774,0.0,GLU, ,C,15.17,8.14,0.0,4.07,1.0,<Residue GLU het=  resseq=352 icode= >,4ix7_A_A,1.581
775,1.259,GLU, ,O,16.86,7.20,0.0,4.32,1.0,<Residue GLU het=  resseq=352 icode= >,4ix7_A_A,1.581
776,0.0,GLU, ,CB,16.72,7.91,0.0,2.74,1.0,<Residue GLU het=  resseq=352 icode= >,4ix7_A_A,1.581
777,0.0,GLU, ,CG,16.84,6.86,0.0,3.35,1.0,<Residue GLU het=  resseq=352 icode= >,4ix7_A_A,1.581
778,2.252,GLU, ,CD,21.71,5.55,0.0,3.79,1.0,<Residue GLU het=  resseq=352 icode= >,4ix7_A_A,1.581
779,6.614,GLU, ,OE1,21.5,5.66,0.203,3.60,1.0,<Residue GLU het=  resseq=352 icode= >,4ix7_A_A,1.581
780,1.699,GLU, ,OE2,26.2,4.61,0.349,3.70,1.0,<Residue GLU het=  resseq=352 icode= >,4ix7_A_A,1.581
781,0.0,ASN, ,N,16.92,8.18,0.0,3.61,1.0,<Residue ASN het=  resseq=353 icode= >,4ix7_A_A,1.581
782,0.0,ASN, ,CA,15.19,7.28,0.0,3.13,1.0,<Residue ASN het=  resseq=353 icode= >,4ix7_A_A,1.581
783,0.0,ASN, ,C,15.97,7.00,0.0,4.29,1.0,<Residue ASN het=  resseq=353 icode= >,4ix7_A_A,1.581
784,0.0,ASN, ,O,18.55,7.18,0.0,4.50,1.0,<Residue ASN het=  resseq=353 icode= >,4ix7_A_A,1.581
785,1.078,ASN, ,CB,14.74,6.14,0.0,3.24,1.0,<Residue ASN het=  resseq=353 icode= >,4ix7_A_A,1.581
786,0.223,ASN, ,CG,17.23,5.28,0.0,4.74,1.0,<Residue ASN het=  resseq=353 icode= >,4ix7_A_A,1.581
787,6.704,ASN, ,OD1,25.25,4.29,3.535,3.83,1.0,<Residue ASN het=  resseq=353 icode= >,4ix7_A_A,1.581
788,5.182,ASN, ,ND2,21.09,5.96,0.0,4.23,1.0,<Residue ASN het=  resseq=353 icode= >,4ix7_A_A,1.581
789,0.0,LYS, ,N,14.93,6.95,0.0,4.77,1.0,<Residue LYS het=  resseq=354 icode= >,4ix7_A_A,1.581
790,1.35,LYS, ,CA,17.31,7.12,0.0,3.20,1.0,<Residue LYS het=  resseq=354 icode= >,4ix7_A_A,1.581
791,0.0,LYS, ,C,23.81,7.19,0.0,2.62,1.0,<Residue LYS het=  resseq=354 icode= >,4ix7_A_A,1.581
792,1.661,LYS, ,O,22.42,7.50,0.0,3.33,1.0,<Residue LYS het=  resseq=354 icode= >,4ix7_A_A,1.581
793,11.151,LYS, ,CB,20.54,6.52,0.0,2.84,1.0,<Residue LYS het=  resseq=354 icode= >,4ix7_A_A,1.581
794,16.789,LYS, ,CG,18.47,5.47,0.0,3.76,1.0,<Residue LYS het=  resseq=354 icode= >,4ix7_A_A,1.581
795,18.459,LYS, ,CD,18.12,4.34,7.222,4.12,1.0,<Residue LYS het=  resseq=354 icode= >,4ix7_A_A,1.581
796,34.967,LYS, ,CE,21.13,3.59,30.093,3.16,1.0,<Residue LYS het=  resseq=354 icode= >,4ix7_A_A,1.581
797,41.369,LYS, ,NZ,20.63,2.71,41.05,3.56,1.0,<Residue LYS het=  resseq=354 icode= >,4ix7_A_A,1.581
798,0.0,MET, ,N,19.53,6.81,0.0,3.45,1.0,<Residue MET het=  resseq=355 icode= >,4ix7_A_A,1.581
799,0.0,MET, ,CA,21.88,6.79,0.0,2.49,1.0,<Residue MET het=  resseq=355 icode= >,4ix7_A_A,1.581
800,0.097,MET, ,C,26.64,6.55,0.0,2.50,1.0,<Residue MET het=  resseq=355 icode= >,4ix7_A_A,1.581
801,0.0,MET, ,O,22.86,6.42,0.0,3.25,1.0,<Residue MET het=  resseq=355 icode= >,4ix7_A_A,1.581
802,5.088,MET, ,CB,22.86,6.45,0.0,3.02,1.0,<Residue MET het=  resseq=355 icode= >,4ix7_A_A,1.581
803,15.209,MET, ,CG,27.53,5.06,4.453,1.84,1.0,<Residue MET het=  resseq=355 icode= >,4ix7_A_A,1.581
804,28.821,MET, ,S,28.7,4.07,21.582,4.96,0.36,<Residue MET het=  resseq=355 icode= >,4ix7_A_A,1.581
805,50.144,MET, ,CE,11.33,5.11,17.773,3.44,1.0,<Residue MET het=  resseq=355 icode= >,4ix7_A_A,1.581
806,0.967,MET, ,N,20.68,6.56,0.0,3.04,1.0,<Residue MET het=  resseq=356 icode= >,4ix7_A_A,1.581
807,2.53,MET, ,CA,21.97,6.48,0.0,3.05,1.0,<Residue MET het=  resseq=356 icode= >,4ix7_A_A,1.581
808,0.0,MET, ,C,24.4,7.66,0.0,3.12,1.0,<Residue MET het=  resseq=356 icode= >,4ix7_A_A,1.581
809,0.0,MET, ,O,30.52,7.75,0.0,1.86,1.0,<Residue MET het=  resseq=356 icode= >,4ix7_A_A,1.581
810,5.482,MET, ,CB,25.08,6.86,0.0,1.98,1.0,<Residue MET het=  resseq=356 icode= >,4ix7_A_A,1.581
811,10.723,MET, ,CG,25.45,7.47,0.0,1.45,1.0,<Residue MET het=  resseq=356 icode= >,4ix7_A_A,1.581
812,13.926,MET, ,S,30.96,8.61,0.0,4.66,0.32,<Residue MET het=  resseq=356 icode= >,4ix7_A_A,1.581
813,22.172,MET, ,CE,35.18,8.78,0.0,1.48,1.0,<Residue MET het=  resseq=356 icode= >,4ix7_A_A,1.581
814,0.0,LYS, ,N,25.06,8.77,0.0,2.31,1.0,<Residue LYS het=  resseq=357 icode= >,4ix7_A_A,1.581
815,1.389,LYS, ,CA,25.97,8.95,0.0,2.36,1.0,<Residue LYS het=  resseq=357 icode= >,4ix7_A_A,1.581
816,0.75,LYS, ,C,29.07,9.95,0.0,2.68,1.0,<Residue LYS het=  resseq=357 icode= >,4ix7_A_A,1.581
817,1.607,LYS, ,O,28.78,10.35,0.0,3.18,1.0,<Residue LYS het=  resseq=357 icode= >,4ix7_A_A,1.581
818,13.001,LYS, ,CB,26.44,7.60,0.0,2.56,1.0,<Residue LYS het=  resseq=357 icode= >,4ix7_A_A,1.581
819,9.358,LYS, ,CG,33.08,6.53,0.0,1.50,1.0,<Residue LYS het=  resseq=357 icode= >,4ix7_A_A,1.581
820,26.288,LYS, ,CD,40.23,5.35,0.0,0.68,1.0,<Residue LYS het=  resseq=357 icode= >,4ix7_A_A,1.581
821,32.006,LYS, ,CE,42.82,4.33,0.652,0.55,1.0,<Residue LYS het=  resseq=357 icode= >,4ix7_A_A,1.581
822,37.814,LYS, ,NZ,35.56,2.93,28.228,1.75,1.0,<Residue LYS het=  resseq=357 icode= >,4ix7_A_A,1.581
823,0.153,ILE, ,N,21.7,9.45,0.0,3.59,1.0,<Residue ILE het=  resseq=358 icode= >,4ix7_A_A,1.581
824,1.758,ILE, ,CA,24.17,9.58,0.0,2.18,1.0,<Residue ILE het=  resseq=358 icode= >,4ix7_A_A,1.581
825,0.0,ILE, ,C,36.21,9.06,0.0,1.62,1.0,<Residue ILE het=  resseq=358 icode= >,4ix7_A_A,1.581
826,0.375,ILE, ,O,36.77,9.88,0.0,1.22,1.0,<Residue ILE het=  resseq=358 icode= >,4ix7_A_A,1.581
827,0.0,ILE, ,CB,24.83,8.17,0.0,2.16,1.0,<Residue ILE het=  resseq=358 icode= >,4ix7_A_A,1.581
828,23.487,ILE, ,CG1,26.17,7.39,0.0,2.55,1.0,<Residue ILE het=  resseq=358 icode= >,4ix7_A_A,1.581
829,30.127,ILE, ,CG2,33.28,8.44,0.0,1.05,1.0,<Residue ILE het=  resseq=358 icode= >,4ix7_A_A,1.581
830,37.507,ILE, ,CD1,36.87,5.88,1.782,0.88,1.0,<Residue ILE het=  resseq=358 icode= >,4ix7_A_A,1.581
831,0.0,GLN, ,N,28.9,7.81,0.0,2.22,1.0,<Residue GLN het=  resseq=359 icode= >,4ix7_A_A,1.581
832,0.0,GLN, ,CA,30.61,7.40,0.0,1.83,1.0,<Residue GLN het=  resseq=359 icode= >,4ix7_A_A,1.581
833,0.0,GLN, ,C,35.71,8.33,0.0,2.15,1.0,<Residue GLN het=  resseq=359 icode= >,4ix7_A_A,1.581
834,1.283,GLN, ,O,42.57,8.78,0.0,1.55,1.0,<Residue GLN het=  resseq=359 icode= >,4ix7_A_A,1.581
835,4.787,GLN, ,CB,39.53,5.90,0.0,0.73,1.0,<Residue GLN het=  resseq=359 icode= >,4ix7_A_A,1.581
836,13.263,GLN, ,CG,42.22,5.26,0.0,0.98,1.0,<Residue GLN het=  resseq=359 icode= >,4ix7_A_A,1.581
837,5.412,GLN, ,CD,44.61,4.06,1.093,0.57,1.0,<Residue GLN het=  resseq=359 icode= >,4ix7_A_A,1.581
838,32.871,GLN, ,OE1,47.16,3.01,23.626,0.86,1.0,<Residue GLN het=  resseq=359 icode= >,4ix7_A_A,1.581
839,17.753,GLN, ,NE2,29.53,4.55,4.767,2.16,1.0,<Residue GLN het=  resseq=359 icode= >,4ix7_A_A,1.581
840,0.0,ASN, ,N,32.01,8.89,0.0,2.75,1.0,<Residue ASN het=  resseq=360 icode= >,4ix7_A_A,1.581
841,0.0,ASN, ,CA,37.68,10.03,0.0,2.23,1.0,<Residue ASN het=  resseq=360 icode= >,4ix7_A_A,1.581
842,1.164,ASN, ,C,44.78,11.28,0.0,1.44,1.0,<Residue ASN het=  resseq=360 icode= >,4ix7_A_A,1.581
843,7.429,ASN, ,O,52.06,12.14,0.0,0.86,1.0,<Residue ASN het=  resseq=360 icode= >,4ix7_A_A,1.581
844,18.847,ASN, ,CB,41.72,10.48,0.0,1.21,1.0,<Residue ASN het=  resseq=360 icode= >,4ix7_A_A,1.581
845,4.971,ASN, ,CG,41.79,9.74,0.0,1.67,1.0,<Residue ASN het=  resseq=360 icode= >,4ix7_A_A,1.581
846,2.885,ASN, ,OD1,44.37,8.97,0.0,1.36,1.0,<Residue ASN het=  resseq=360 icode= >,4ix7_A_A,1.581
847,31.902,ASN, ,ND2,43.74,10.18,0.0,1.02,1.0,<Residue ASN het=  resseq=360 icode= >,4ix7_A_A,1.581
848,0.0,VAL, ,N,38.29,11.53,0.0,2.04,1.0,<Residue VAL het=  resseq=361 icode= >,4ix7_A_A,1.581
849,6.616,VAL, ,CA,40.53,12.78,0.0,1.89,1.0,<Residue VAL het=  resseq=361 icode= >,4ix7_A_A,1.581
850,0.0,VAL, ,C,47.04,12.92,0.0,1.62,1.0,<Residue VAL het=  resseq=361 icode= >,4ix7_A_A,1.581
851,4.329,VAL, ,O,49.85,14.01,0.0,1.17,1.0,<Residue VAL het=  resseq=361 icode= >,4ix7_A_A,1.581
852,1.629,VAL, ,CB,33.55,12.16,0.0,2.84,1.0,<Residue VAL het=  resseq=361 icode= >,4ix7_A_A,1.581
853,54.764,VAL, ,CG1,41.28,12.67,0.0,1.29,1.0,<Residue VAL het=  resseq=361 icode= >,4ix7_A_A,1.581
854,45.111,VAL, ,CG2,37.79,10.85,0.0,1.11,1.0,<Residue VAL het=  resseq=361 icode= >,4ix7_A_A,1.581
855,0.0,LYS, ,N,45.45,11.91,0.0,1.28,1.0,<Residue LYS het=  resseq=362 icode= >,4ix7_A_A,1.581
856,8.913,LYS, ,CA,53.86,12.12,0.0,0.77,1.0,<Residue LYS het=  resseq=362 icode= >,4ix7_A_A,1.581
857,1.051,LYS, ,C,57.13,12.49,0.0,1.02,1.0,<Residue LYS het=  resseq=362 icode= >,4ix7_A_A,1.581
858,21.78,LYS, ,O,57.59,13.39,0.0,0.70,1.0,<Residue LYS het=  resseq=362 icode= >,4ix7_A_A,1.581
859,10.413,LYS, ,CB,51.17,10.99,0.0,1.09,1.0,<Residue LYS het=  resseq=362 icode= >,4ix7_A_A,1.581
860,22.707,LYS, ,CG,47.65,10.86,0.0,1.10,1.0,<Residue LYS het=  resseq=362 icode= >,4ix7_A_A,1.581
861,8.632,LYS, ,CD,40.64,9.56,0.0,1.38,1.0,<Residue LYS het=  resseq=362 icode= >,4ix7_A_A,1.581
862,33.554,LYS, ,CE,50.06,9.35,0.0,0.86,1.0,<Residue LYS het=  resseq=362 icode= >,4ix7_A_A,1.581
863,39.273,LYS, ,NZ,43.94,8.42,0.0,1.04,1.0,<Residue LYS het=  resseq=362 icode= >,4ix7_A_A,1.581
864,0.0,ARG, ,N,54.23,11.95,0.0,1.14,1.0,<Residue ARG het=  resseq=363 icode= >,4ix7_A_A,1.581
865,7.9,ARG, ,CA,59.23,12.44,0.0,1.01,1.0,<Residue ARG het=  resseq=363 icode= >,4ix7_A_A,1.581
866,3.356,ARG, ,C,62.55,13.91,0.0,0.92,1.0,<Residue ARG het=  resseq=363 icode= >,4ix7_A_A,1.581
867,27.224,ARG, ,O,67.26,14.53,0.0,0.58,1.0,<Residue ARG het=  resseq=363 icode= >,4ix7_A_A,1.581
868,12.715,ARG, ,CB,61.27,11.64,0.0,0.28,1.0,<Residue ARG het=  resseq=363 icode= >,4ix7_A_A,1.581
869,21.357,ARG, ,CG,50.92,10.39,0.0,1.91,1.0,<Residue ARG het=  resseq=363 icode= >,4ix7_A_A,1.581
870,17.865,ARG, ,CD,46.77,9.74,0.0,1.73,1.0,<Residue ARG het=  resseq=363 icode= >,4ix7_A_A,1.581
871,13.845,ARG, ,NE,54.95,8.50,0.0,1.26,1.0,<Residue ARG het=  resseq=363 icode= >,4ix7_A_A,1.581
872,4.214,ARG, ,CZ,56.08,7.71,0.0,1.33,1.0,<Residue ARG het=  resseq=363 icode= >,4ix7_A_A,1.581
873,31.164,ARG, ,NH1,53.71,8.17,0.0,1.05,1.0,<Residue ARG het=  resseq=363 icode= >,4ix7_A_A,1.581
874,53.324,ARG, ,NH2,55.7,6.68,0.0,0.77,1.0,<Residue ARG het=  resseq=363 icode= >,4ix7_A_A,1.581
875,0.0,ARG, ,N,60.02,18.00,0.0,0.94,1.0,<Residue ARG het=  resseq=364 icode= >,4ix7_A_A,1.581
876,11.703,ARG, ,CA,62.17,18.50,0.0,0.89,1.0,<Residue ARG het=  resseq=364 icode= >,4ix7_A_A,1.581
877,32.473,ARG, ,C,58.44,18.29,0.0,0.91,1.0,<Residue ARG het=  resseq=364 icode= >,4ix7_A_A,1.581
878,23.902,ARG, ,O,64.67,18.33,0.0,0.28,1.0,<Residue ARG het=  resseq=364 icode= >,4ix7_A_A,1.581
879,58.996,ARG, ,CB,65.65,17.99,0.0,-0.12,1.0,<Residue ARG het=  resseq=364 icode= >,4ix7_A_A,1.581
