,ASA,aa,altloc,atom,bfac,d2r,dASA,dens,occ,residue,id,resolu
0,33.58,MET, ,N,24.42,8.78,29.76,2.44,1.0,<Residue MET het=  resseq=1 icode= >,4jcy_B_A,1.8
1,0.0,MET, ,CA,23.96,9.35,0.0,2.33,1.0,<Residue MET het=  resseq=1 icode= >,4jcy_B_A,1.8
2,0.109,MET, ,C,22.96,9.78,0.109,3.58,1.0,<Residue MET het=  resseq=1 icode= >,4jcy_B_A,1.8
3,16.395,MET, ,O,23.35,9.08,1.539,3.72,1.0,<Residue MET het=  resseq=1 icode= >,4jcy_B_A,1.8
4,1.404,MET, ,CB,25.47,8.57,0.0,1.81,1.0,<Residue MET het=  resseq=1 icode= >,4jcy_B_A,1.8
5,0.0,MET, ,CG,26.97,9.60,0.0,1.62,1.0,<Residue MET het=  resseq=1 icode= >,4jcy_B_A,1.8
6,0.0,MET, ,SD,28.45,10.42,0.0,5.92,1.0,<Residue MET het=  resseq=1 icode= >,4jcy_B_A,1.8
7,1.917,MET, ,CE,28.17,9.17,0.0,1.43,1.0,<Residue MET het=  resseq=1 icode= >,4jcy_B_A,1.8
8,0.0,LEU, ,N,21.75,11.09,0.0,3.66,1.0,<Residue LEU het=  resseq=2 icode= >,4jcy_B_A,1.8
9,1.053,LEU, ,CA,21.13,11.85,0.0,3.07,1.0,<Residue LEU het=  resseq=2 icode= >,4jcy_B_A,1.8
10,0.0,LEU, ,C,20.27,12.05,0.0,4.53,1.0,<Residue LEU het=  resseq=2 icode= >,4jcy_B_A,1.8
11,0.0,LEU, ,O,19.94,12.59,0.0,4.84,1.0,<Residue LEU het=  resseq=2 icode= >,4jcy_B_A,1.8
12,1.642,LEU, ,CB,21.85,13.25,0.0,2.81,1.0,<Residue LEU het=  resseq=2 icode= >,4jcy_B_A,1.8
13,3.425,LEU, ,CG,22.53,13.41,3.425,2.67,1.0,<Residue LEU het=  resseq=2 icode= >,4jcy_B_A,1.8
14,1.846,LEU, ,CD1,23.44,14.81,0.445,2.34,1.0,<Residue LEU het=  resseq=2 icode= >,4jcy_B_A,1.8
15,51.897,LEU, ,CD2,23.05,13.34,12.819,2.59,1.0,<Residue LEU het=  resseq=2 icode= >,4jcy_B_A,1.8
16,2.344,ILE, ,N,19.85,11.68,0.0,4.64,1.0,<Residue ILE het=  resseq=3 icode= >,4jcy_B_A,1.8
17,0.0,ILE, ,CA,19.9,10.40,0.0,3.68,1.0,<Residue ILE het=  resseq=3 icode= >,4jcy_B_A,1.8
18,0.71,ILE, ,C,19.86,10.14,0.0,4.64,1.0,<Residue ILE het=  resseq=3 icode= >,4jcy_B_A,1.8
19,0.304,ILE, ,O,19.65,9.36,0.0,5.35,1.0,<Residue ILE het=  resseq=3 icode= >,4jcy_B_A,1.8
20,0.0,ILE, ,CB,20.26,9.58,0.0,3.14,1.0,<Residue ILE het=  resseq=3 icode= >,4jcy_B_A,1.8
21,17.858,ILE, ,CG1,21.17,9.95,0.0,2.75,1.0,<Residue ILE het=  resseq=3 icode= >,4jcy_B_A,1.8
22,9.331,ILE, ,CG2,20.4,9.91,0.0,2.59,1.0,<Residue ILE het=  resseq=3 icode= >,4jcy_B_A,1.8
23,46.757,ILE, ,CD1,21.66,9.26,0.0,2.35,1.0,<Residue ILE het=  resseq=3 icode= >,4jcy_B_A,1.8
24,0.773,ARG, ,N,20.55,11.01,0.0,3.66,1.0,<Residue ARG het=  resseq=4 icode= >,4jcy_B_A,1.8
25,4.706,ARG, ,CA,21.01,11.17,0.0,3.51,1.0,<Residue ARG het=  resseq=4 icode= >,4jcy_B_A,1.8
26,0.0,ARG, ,C,20.57,11.72,0.0,4.32,1.0,<Residue ARG het=  resseq=4 icode= >,4jcy_B_A,1.8
27,0.0,ARG, ,O,20.32,11.50,0.0,4.72,1.0,<Residue ARG het=  resseq=4 icode= >,4jcy_B_A,1.8
28,17.265,ARG, ,CB,22.7,12.26,0.0,2.70,1.0,<Residue ARG het=  resseq=4 icode= >,4jcy_B_A,1.8
29,8.4,ARG, ,CG,24.42,12.71,0.0,1.86,1.0,<Residue ARG het=  resseq=4 icode= >,4jcy_B_A,1.8
30,13.323,ARG, ,CD,26.27,13.97,0.0,1.85,1.0,<Residue ARG het=  resseq=4 icode= >,4jcy_B_A,1.8
31,11.209,ARG, ,NE,27.15,13.71,0.0,2.53,1.0,<Residue ARG het=  resseq=4 icode= >,4jcy_B_A,1.8
32,8.885,ARG, ,CZ,28.43,14.62,0.0,2.81,1.0,<Residue ARG het=  resseq=4 icode= >,4jcy_B_A,1.8
33,36.161,ARG, ,NH1,29.23,15.87,0.0,2.43,1.0,<Residue ARG het=  resseq=4 icode= >,4jcy_B_A,1.8
34,59.175,ARG, ,NH2,29.13,14.37,0.0,2.50,1.0,<Residue ARG het=  resseq=4 icode= >,4jcy_B_A,1.8
35,0.0,ARG, ,N,19.84,12.62,0.0,4.21,1.0,<Residue ARG het=  resseq=5 icode= >,4jcy_B_A,1.8
36,0.0,ARG, ,CA,19.68,13.39,0.0,3.70,1.0,<Residue ARG het=  resseq=5 icode= >,4jcy_B_A,1.8
37,0.0,ARG, ,C,19.2,12.62,0.0,4.52,1.0,<Residue ARG het=  resseq=5 icode= >,4jcy_B_A,1.8
38,0.0,ARG, ,O,19.74,12.88,0.0,4.66,1.0,<Residue ARG het=  resseq=5 icode= >,4jcy_B_A,1.8
39,0.0,ARG, ,CB,19.31,14.56,0.0,2.77,1.0,<Residue ARG het=  resseq=5 icode= >,4jcy_B_A,1.8
40,0.402,ARG, ,CG,19.91,15.55,0.0,2.92,1.0,<Residue ARG het=  resseq=5 icode= >,4jcy_B_A,1.8
41,0.0,ARG, ,CD,20.59,16.53,0.0,3.03,1.0,<Residue ARG het=  resseq=5 icode= >,4jcy_B_A,1.8
42,0.0,ARG, ,NE,21.14,17.56,0.0,4.56,1.0,<Residue ARG het=  resseq=5 icode= >,4jcy_B_A,1.8
43,2.227,ARG, ,CZ,21.68,17.73,0.0,4.22,1.0,<Residue ARG het=  resseq=5 icode= >,4jcy_B_A,1.8
44,12.051,ARG, ,NH1,21.94,16.98,0.0,3.09,1.0,<Residue ARG het=  resseq=5 icode= >,4jcy_B_A,1.8
45,2.182,ARG, ,NH2,22.6,18.79,0.0,3.38,1.0,<Residue ARG het=  resseq=5 icode= >,4jcy_B_A,1.8
46,0.0,LEU, ,N,18.72,11.81,0.0,4.04,1.0,<Residue LEU het=  resseq=6 icode= >,4jcy_B_A,1.8
47,0.0,LEU, ,CA,18.65,11.13,0.0,3.79,1.0,<Residue LEU het=  resseq=6 icode= >,4jcy_B_A,1.8
48,0.0,LEU, ,C,19.12,10.23,0.0,4.23,1.0,<Residue LEU het=  resseq=6 icode= >,4jcy_B_A,1.8
49,0.0,LEU, ,O,19.75,10.06,0.0,4.21,1.0,<Residue LEU het=  resseq=6 icode= >,4jcy_B_A,1.8
50,0.0,LEU, ,CB,18.02,10.52,0.0,3.27,1.0,<Residue LEU het=  resseq=6 icode= >,4jcy_B_A,1.8
51,0.053,LEU, ,CG,18.27,9.94,0.0,3.07,1.0,<Residue LEU het=  resseq=6 icode= >,4jcy_B_A,1.8
52,0.0,LEU, ,CD1,18.24,11.07,0.0,3.00,1.0,<Residue LEU het=  resseq=6 icode= >,4jcy_B_A,1.8
53,0.052,LEU, ,CD2,17.97,9.60,0.0,2.89,1.0,<Residue LEU het=  resseq=6 icode= >,4jcy_B_A,1.8
54,0.0,LYS, ,N,19.82,9.40,0.0,3.96,1.0,<Residue LYS het=  resseq=7 icode= >,4jcy_B_A,1.8
55,0.0,LYS, ,CA,20.66,8.63,0.0,2.98,1.0,<Residue LYS het=  resseq=7 icode= >,4jcy_B_A,1.8
56,0.0,LYS, ,C,21.34,9.20,0.0,4.38,1.0,<Residue LYS het=  resseq=7 icode= >,4jcy_B_A,1.8
57,0.0,LYS, ,O,21.43,8.43,0.0,4.57,1.0,<Residue LYS het=  resseq=7 icode= >,4jcy_B_A,1.8
58,0.722,LYS, ,CB,21.66,7.85,0.0,2.43,1.0,<Residue LYS het=  resseq=7 icode= >,4jcy_B_A,1.8
59,0.167,LYS, ,CG,22.99,7.16,0.0,2.38,1.0,<Residue LYS het=  resseq=7 icode= >,4jcy_B_A,1.8
60,24.975,LYS, ,CD,24.24,6.51,0.0,2.35,1.0,<Residue LYS het=  resseq=7 icode= >,4jcy_B_A,1.8
61,19.786,LYS, ,CE,25.29,5.86,1.282,2.08,1.0,<Residue LYS het=  resseq=7 icode= >,4jcy_B_A,1.8
62,48.652,LYS, ,NZ,26.72,5.38,3.271,1.83,1.0,<Residue LYS het=  resseq=7 icode= >,4jcy_B_A,1.8
63,0.0,ASP, ,N,21.61,10.45,0.0,4.39,1.0,<Residue ASP het=  resseq=8 icode= >,4jcy_B_A,1.8
64,2.395,ASP, ,CA,22.96,11.04,0.0,3.53,1.0,<Residue ASP het=  resseq=8 icode= >,4jcy_B_A,1.8
65,0.0,ASP, ,C,22.44,11.11,0.0,4.79,1.0,<Residue ASP het=  resseq=8 icode= >,4jcy_B_A,1.8
66,0.881,ASP, ,O,23.17,10.97,0.0,4.20,1.0,<Residue ASP het=  resseq=8 icode= >,4jcy_B_A,1.8
67,0.696,ASP, ,CB,24.45,12.50,0.0,2.64,1.0,<Residue ASP het=  resseq=8 icode= >,4jcy_B_A,1.8
68,6.814,ASP, ,CG,26.19,12.73,0.0,3.88,1.0,<Residue ASP het=  resseq=8 icode= >,4jcy_B_A,1.8
69,21.059,ASP, ,OD1,27.3,11.85,0.0,3.04,1.0,<Residue ASP het=  resseq=8 icode= >,4jcy_B_A,1.8
70,18.052,ASP, ,OD2,27.11,13.73,0.0,3.64,1.0,<Residue ASP het=  resseq=8 icode= >,4jcy_B_A,1.8
71,0.0,ALA, ,N,21.4,11.56,0.0,4.34,1.0,<Residue ALA het=  resseq=9 icode= >,4jcy_B_A,1.8
72,1.104,ALA, ,CA,21.24,11.90,0.0,3.57,1.0,<Residue ALA het=  resseq=9 icode= >,4jcy_B_A,1.8
73,0.0,ALA, ,C,21.15,10.76,0.0,3.84,1.0,<Residue ALA het=  resseq=9 icode= >,4jcy_B_A,1.8
74,1.868,ALA, ,O,21.74,11.01,0.0,3.65,1.0,<Residue ALA het=  resseq=9 icode= >,4jcy_B_A,1.8
75,0.081,ALA, ,CB,20.43,12.77,0.0,2.62,1.0,<Residue ALA het=  resseq=9 icode= >,4jcy_B_A,1.8
76,0.0,ARG, ,N,20.57,9.66,0.0,4.11,1.0,<Residue ARG het=  resseq=10 icode= >,4jcy_B_A,1.8
77,0.0,ARG, ,CA,20.44,8.56,0.0,3.53,1.0,<Residue ARG het=  resseq=10 icode= >,4jcy_B_A,1.8
78,0.0,ARG, ,C,21.46,8.00,0.0,4.60,1.0,<Residue ARG het=  resseq=10 icode= >,4jcy_B_A,1.8
79,0.0,ARG, ,O,21.7,7.94,0.0,4.67,1.0,<Residue ARG het=  resseq=10 icode= >,4jcy_B_A,1.8
80,0.0,ARG, ,CB,19.64,7.58,0.0,2.60,1.0,<Residue ARG het=  resseq=10 icode= >,4jcy_B_A,1.8
81,0.0,ARG, ,CG,19.68,6.63,0.0,2.50,1.0,<Residue ARG het=  resseq=10 icode= >,4jcy_B_A,1.8
82,0.358,ARG, ,CD,18.81,5.73,0.0,3.47,1.0,<Residue ARG het=  resseq=10 icode= >,4jcy_B_A,1.8
83,0.0,ARG, ,NE,18.57,5.05,0.0,4.67,1.0,<Residue ARG het=  resseq=10 icode= >,4jcy_B_A,1.8
84,0.0,ARG, ,CZ,19.36,3.84,0.0,4.40,1.0,<Residue ARG het=  resseq=10 icode= >,4jcy_B_A,1.8
85,10.909,ARG, ,NH1,19.78,3.23,9.002,3.41,1.0,<Residue ARG het=  resseq=10 icode= >,4jcy_B_A,1.8
86,10.498,ARG, ,NH2,19.17,3.69,6.273,3.70,1.0,<Residue ARG het=  resseq=10 icode= >,4jcy_B_A,1.8
87,0.0,LEU, ,N,22.05,7.89,0.0,4.02,1.0,<Residue LEU het=  resseq=11 icode= >,4jcy_B_A,1.8
88,0.342,LEU, ,CA,23.4,7.71,0.0,3.50,1.0,<Residue LEU het=  resseq=11 icode= >,4jcy_B_A,1.8
89,1.681,LEU, ,C,24.63,8.96,0.0,3.88,1.0,<Residue LEU het=  resseq=11 icode= >,4jcy_B_A,1.8
90,15.151,LEU, ,O,25.87,9.04,0.0,3.42,1.0,<Residue LEU het=  resseq=11 icode= >,4jcy_B_A,1.8
91,14.849,LEU, ,CB,23.91,7.69,0.0,2.57,1.0,<Residue LEU het=  resseq=11 icode= >,4jcy_B_A,1.8
92,0.0,LEU, ,CG,23.65,6.55,0.0,3.03,1.0,<Residue LEU het=  resseq=11 icode= >,4jcy_B_A,1.8
93,37.323,LEU, ,CD1,24.35,7.16,0.0,2.17,1.0,<Residue LEU het=  resseq=11 icode= >,4jcy_B_A,1.8
94,34.126,LEU, ,CD2,24.05,5.24,1.774,2.11,1.0,<Residue LEU het=  resseq=11 icode= >,4jcy_B_A,1.8
95,0.047,ARG, ,N,24.61,10.10,0.0,3.94,1.0,<Residue ARG het=  resseq=12 icode= >,4jcy_B_A,1.8
96,7.378,ARG, ,CA,26.05,11.35,0.0,3.12,1.0,<Residue ARG het=  resseq=12 icode= >,4jcy_B_A,1.8
97,1.39,ARG, ,C,26.03,11.44,0.0,3.58,1.0,<Residue ARG het=  resseq=12 icode= >,4jcy_B_A,1.8
98,29.175,ARG, ,O,27.38,12.18,0.0,3.53,1.0,<Residue ARG het=  resseq=12 icode= >,4jcy_B_A,1.8
99,13.576,ARG, ,CB,26.15,12.57,0.0,3.07,1.0,<Residue ARG het=  resseq=12 icode= >,4jcy_B_A,1.8
100,23.039,ARG, ,CG,27.18,13.06,0.0,2.67,1.0,<Residue ARG het=  resseq=12 icode= >,4jcy_B_A,1.8
101,34.625,ARG, ,CD,27.8,14.45,0.0,2.20,1.0,<Residue ARG het=  resseq=12 icode= >,4jcy_B_A,1.8
102,7.585,ARG, ,NE,26.74,14.55,0.0,3.42,1.0,<Residue ARG het=  resseq=12 icode= >,4jcy_B_A,1.8
103,0.129,ARG, ,CZ,26.33,14.68,0.0,3.66,1.0,<Residue ARG het=  resseq=12 icode= >,4jcy_B_A,1.8
104,27.52,ARG, ,NH1,27.16,14.71,0.0,2.98,1.0,<Residue ARG het=  resseq=12 icode= >,4jcy_B_A,1.8
105,0.0,ARG, ,NH2,25.26,14.94,0.0,3.06,1.0,<Residue ARG het=  resseq=12 icode= >,4jcy_B_A,1.8
106,0.554,ALA, ,N,24.9,10.88,0.0,3.91,1.0,<Residue ALA het=  resseq=13 icode= >,4jcy_B_A,1.8
107,11.167,ALA, ,CA,25.28,11.12,0.0,3.33,1.0,<Residue ALA het=  resseq=13 icode= >,4jcy_B_A,1.8
108,1.252,ALA, ,C,25.73,10.36,0.0,3.67,1.0,<Residue ALA het=  resseq=13 icode= >,4jcy_B_A,1.8
109,21.577,ALA, ,O,26.42,10.91,0.0,3.56,1.0,<Residue ALA het=  resseq=13 icode= >,4jcy_B_A,1.8
110,10.941,ALA, ,CB,24.14,11.08,0.0,2.40,1.0,<Residue ALA het=  resseq=13 icode= >,4jcy_B_A,1.8
111,0.0,GLY, ,N,25.18,9.27,0.0,3.81,1.0,<Residue GLY het=  resseq=14 icode= >,4jcy_B_A,1.8
112,29.597,GLY, ,CA,25.56,8.73,0.0,2.78,1.0,<Residue GLY het=  resseq=14 icode= >,4jcy_B_A,1.8
113,4.201,GLY, ,C,24.67,8.03,0.0,4.07,1.0,<Residue GLY het=  resseq=14 icode= >,4jcy_B_A,1.8
114,31.886,GLY, ,O,25.63,7.20,0.0,3.56,1.0,<Residue GLY het=  resseq=14 icode= >,4jcy_B_A,1.8
115,0.085,ILE, ,N,23.22,7.53,0.0,4.59,1.0,<Residue ILE het=  resseq=15 icode= >,4jcy_B_A,1.8
116,2.325,ILE, ,CA,22.71,7.01,0.0,3.22,1.0,<Residue ILE het=  resseq=15 icode= >,4jcy_B_A,1.8
117,3.686,ILE, ,C,21.73,5.54,0.0,4.79,1.0,<Residue ILE het=  resseq=15 icode= >,4jcy_B_A,1.8
118,1.474,ILE, ,O,21.47,5.24,0.0,4.68,1.0,<Residue ILE het=  resseq=15 icode= >,4jcy_B_A,1.8
119,0.0,ILE, ,CB,22.18,7.79,0.0,3.04,1.0,<Residue ILE het=  resseq=15 icode= >,4jcy_B_A,1.8
120,0.0,ILE, ,CG1,21.02,8.05,0.0,3.29,1.0,<Residue ILE het=  resseq=15 icode= >,4jcy_B_A,1.8
121,15.814,ILE, ,CG2,23.2,8.65,0.0,2.59,1.0,<Residue ILE het=  resseq=15 icode= >,4jcy_B_A,1.8
122,2.375,ILE, ,CD1,21.02,9.19,0.0,2.36,1.0,<Residue ILE het=  resseq=15 icode= >,4jcy_B_A,1.8
123,5.11,SER, ,N,21.89,4.81,0.0,4.06,1.0,<Residue SER het=  resseq=16 icode= >,4jcy_B_A,1.8
124,5.496,SER, ,CA,21.18,3.42,3.024,3.00,1.0,<Residue SER het=  resseq=16 icode= >,4jcy_B_A,1.8
125,0.0,SER, ,C,20.27,3.67,0.0,4.76,1.0,<Residue SER het=  resseq=16 icode= >,4jcy_B_A,1.8
126,0.0,SER, ,O,20.22,4.89,0.0,4.78,1.0,<Residue SER het=  resseq=16 icode= >,4jcy_B_A,1.8
127,43.005,SER, ,CB,21.94,3.31,35.942,3.37,1.0,<Residue SER het=  resseq=16 icode= >,4jcy_B_A,1.8
128,6.535,SER, ,OG,22.04,4.36,1.886,5.05,1.0,<Residue SER het=  resseq=16 icode= >,4jcy_B_A,1.8
129,2.055,GLN, ,N,19.64,2.94,2.055,4.31,1.0,<Residue GLN het=  resseq=17 icode= >,4jcy_B_A,1.8
130,0.0,GLN, ,CA,19.23,3.93,0.0,3.79,1.0,<Residue GLN het=  resseq=17 icode= >,4jcy_B_A,1.8
131,0.0,GLN, ,C,19.55,4.88,0.0,4.74,1.0,<Residue GLN het=  resseq=17 icode= >,4jcy_B_A,1.8
132,0.0,GLN, ,O,19.46,6.08,0.0,5.02,1.0,<Residue GLN het=  resseq=17 icode= >,4jcy_B_A,1.8
133,5.31,GLN, ,CB,19.18,3.75,3.363,3.03,1.0,<Residue GLN het=  resseq=17 icode= >,4jcy_B_A,1.8
134,3.281,GLN, ,CG,19.22,3.75,2.661,3.26,1.0,<Residue GLN het=  resseq=17 icode= >,4jcy_B_A,1.8
135,5.507,GLN, ,CD,19.64,3.79,5.507,4.28,1.0,<Residue GLN het=  resseq=17 icode= >,4jcy_B_A,1.8
136,10.814,GLN, ,OE1,19.43,3.56,10.493,4.69,1.0,<Residue GLN het=  resseq=17 icode= >,4jcy_B_A,1.8
137,15.879,GLN, ,NE2,19.94,2.85,15.262,3.88,1.0,<Residue GLN het=  resseq=17 icode= >,4jcy_B_A,1.8
138,1.444,GLU, ,N,20.6,4.63,0.375,4.42,1.0,<Residue GLU het=  resseq=18 icode= >,4jcy_B_A,1.8
139,0.0,GLU, ,CA,21.33,5.89,0.0,3.64,1.0,<Residue GLU het=  resseq=18 icode= >,4jcy_B_A,1.8
140,0.0,GLU, ,C,21.8,6.76,0.0,4.96,1.0,<Residue GLU het=  resseq=18 icode= >,4jcy_B_A,1.8
141,0.0,GLU, ,O,21.82,7.95,0.0,4.83,1.0,<Residue GLU het=  resseq=18 icode= >,4jcy_B_A,1.8
142,7.284,GLU, ,CB,22.64,5.93,0.0,2.63,1.0,<Residue GLU het=  resseq=18 icode= >,4jcy_B_A,1.8
143,1.717,GLU, ,CG,24.03,7.15,0.0,2.71,1.0,<Residue GLU het=  resseq=18 icode= >,4jcy_B_A,1.8
144,10.673,GLU, ,CD,25.36,6.05,1.064,3.06,1.0,<Residue GLU het=  resseq=18 icode= >,4jcy_B_A,1.8
145,36.304,GLU, ,OE1,25.67,5.23,7.988,3.57,1.0,<Residue GLU het=  resseq=18 icode= >,4jcy_B_A,1.8
146,27.316,GLU, ,OE2,26.2,6.02,0.0,3.08,1.0,<Residue GLU het=  resseq=18 icode= >,4jcy_B_A,1.8
147,0.294,LYS, ,N,22.12,6.40,0.0,4.45,1.0,<Residue LYS het=  resseq=19 icode= >,4jcy_B_A,1.8
148,3.731,LYS, ,CA,22.99,7.54,0.0,3.16,1.0,<Residue LYS het=  resseq=19 icode= >,4jcy_B_A,1.8
149,0.0,LYS, ,C,22.09,8.23,0.0,4.70,1.0,<Residue LYS het=  resseq=19 icode= >,4jcy_B_A,1.8
150,0.0,LYS, ,O,22.39,9.46,0.0,4.87,1.0,<Residue LYS het=  resseq=19 icode= >,4jcy_B_A,1.8
151,5.708,LYS, ,CB,24.49,6.86,0.0,2.62,1.0,<Residue LYS het=  resseq=19 icode= >,4jcy_B_A,1.8
152,8.714,LYS, ,CG,26.57,7.59,0.0,2.55,1.0,<Residue LYS het=  resseq=19 icode= >,4jcy_B_A,1.8
153,18.961,LYS, ,CD,28.31,7.12,0.0,1.96,1.0,<Residue LYS het=  resseq=19 icode= >,4jcy_B_A,1.8
154,28.77,LYS, ,CE,30.03,8.13,0.0,1.94,1.0,<Residue LYS het=  resseq=19 icode= >,4jcy_B_A,1.8
155,40.681,LYS, ,NZ,31.75,7.93,0.0,1.78,1.0,<Residue LYS het=  resseq=19 icode= >,4jcy_B_A,1.8
156,0.0,LEU, ,N,20.69,7.60,0.0,4.51,1.0,<Residue LEU het=  resseq=20 icode= >,4jcy_B_A,1.8
157,0.0,LEU, ,CA,20.01,8.51,0.0,3.97,1.0,<Residue LEU het=  resseq=20 icode= >,4jcy_B_A,1.8
158,0.0,LEU, ,C,19.94,9.39,0.0,5.21,1.0,<Residue LEU het=  resseq=20 icode= >,4jcy_B_A,1.8
159,0.0,LEU, ,O,20.28,10.61,0.0,4.74,1.0,<Residue LEU het=  resseq=20 icode= >,4jcy_B_A,1.8
160,0.0,LEU, ,CB,19.24,7.98,0.0,2.87,1.0,<Residue LEU het=  resseq=20 icode= >,4jcy_B_A,1.8
161,0.0,LEU, ,CG,18.45,9.11,0.0,3.59,1.0,<Residue LEU het=  resseq=20 icode= >,4jcy_B_A,1.8
162,0.0,LEU, ,CD1,19.24,10.36,0.0,2.90,1.0,<Residue LEU het=  resseq=20 icode= >,4jcy_B_A,1.8
163,0.087,LEU, ,CD2,18.04,8.82,0.0,2.75,1.0,<Residue LEU het=  resseq=20 icode= >,4jcy_B_A,1.8
164,0.0,GLY, ,N,19.75,8.91,0.0,4.16,1.0,<Residue GLY het=  resseq=21 icode= >,4jcy_B_A,1.8
165,0.0,GLY, ,CA,19.9,9.75,0.0,3.45,1.0,<Residue GLY het=  resseq=21 icode= >,4jcy_B_A,1.8
166,0.0,GLY, ,C,21.01,9.73,0.0,4.75,1.0,<Residue GLY het=  resseq=21 icode= >,4jcy_B_A,1.8
167,0.0,GLY, ,O,21.32,9.36,0.0,5.16,1.0,<Residue GLY het=  resseq=21 icode= >,4jcy_B_A,1.8
168,0.0,VAL, ,N,22.08,10.40,0.0,4.36,1.0,<Residue VAL het=  resseq=22 icode= >,4jcy_B_A,1.8
169,0.0,VAL, ,CA,23.64,10.74,0.0,3.37,1.0,<Residue VAL het=  resseq=22 icode= >,4jcy_B_A,1.8
170,0.0,VAL, ,C,24.34,11.61,0.0,4.47,1.0,<Residue VAL het=  resseq=22 icode= >,4jcy_B_A,1.8
171,9.773,VAL, ,O,24.96,11.52,0.0,4.54,1.0,<Residue VAL het=  resseq=22 icode= >,4jcy_B_A,1.8
172,1.175,VAL, ,CB,24.54,10.66,0.0,2.62,1.0,<Residue VAL het=  resseq=22 icode= >,4jcy_B_A,1.8
173,48.212,VAL, ,CG1,26.4,11.33,0.0,1.58,1.0,<Residue VAL het=  resseq=22 icode= >,4jcy_B_A,1.8
174,10.646,VAL, ,CG2,24.78,10.07,0.0,2.78,1.0,<Residue VAL het=  resseq=22 icode= >,4jcy_B_A,1.8
175,0.0,LEU, ,N,24.25,12.22,0.0,3.89,1.0,<Residue LEU het=  resseq=23 icode= >,4jcy_B_A,1.8
176,3.511,LEU, ,CA,25.19,13.21,0.0,3.43,1.0,<Residue LEU het=  resseq=23 icode= >,4jcy_B_A,1.8
177,0.019,LEU, ,C,24.93,13.16,0.0,3.81,1.0,<Residue LEU het=  resseq=23 icode= >,4jcy_B_A,1.8
178,21.373,LEU, ,O,25.63,13.85,0.0,3.86,1.0,<Residue LEU het=  resseq=23 icode= >,4jcy_B_A,1.8
179,1.025,LEU, ,CB,25.05,12.71,0.0,3.11,1.0,<Residue LEU het=  resseq=23 icode= >,4jcy_B_A,1.8
180,0.841,LEU, ,CG,26.03,11.99,0.0,2.69,1.0,<Residue LEU het=  resseq=23 icode= >,4jcy_B_A,1.8
181,16.517,LEU, ,CD1,25.83,11.68,0.0,2.37,1.0,<Residue LEU het=  resseq=23 icode= >,4jcy_B_A,1.8
182,57.495,LEU, ,CD2,27.55,12.76,0.0,1.81,1.0,<Residue LEU het=  resseq=23 icode= >,4jcy_B_A,1.8
183,0.0,ALA, ,N,24.04,12.13,0.0,3.77,1.0,<Residue ALA het=  resseq=24 icode= >,4jcy_B_A,1.8
184,1.294,ALA, ,CA,24.07,11.76,0.0,3.47,1.0,<Residue ALA het=  resseq=24 icode= >,4jcy_B_A,1.8
185,0.0,ALA, ,C,24.94,10.76,0.0,3.88,1.0,<Residue ALA het=  resseq=24 icode= >,4jcy_B_A,1.8
186,0.212,ALA, ,O,25.08,10.43,0.0,4.24,1.0,<Residue ALA het=  resseq=24 icode= >,4jcy_B_A,1.8
187,0.0,ALA, ,CB,23.11,11.33,0.0,2.42,1.0,<Residue ALA het=  resseq=24 icode= >,4jcy_B_A,1.8
188,0.0,GLY, ,N,25.47,10.47,0.0,3.49,1.0,<Residue GLY het=  resseq=25 icode= >,4jcy_B_A,1.8
189,19.605,GLY, ,CA,26.71,9.91,0.0,2.70,1.0,<Residue GLY het=  resseq=25 icode= >,4jcy_B_A,1.8
190,4.14,GLY, ,C,26.36,8.44,0.0,3.39,1.0,<Residue GLY het=  resseq=25 icode= >,4jcy_B_A,1.8
191,28.37,GLY, ,O,27.5,7.85,0.0,4.12,1.0,<Residue GLY het=  resseq=25 icode= >,4jcy_B_A,1.8
192,0.0,ILE, ,N,25.32,7.76,0.0,3.55,1.0,<Residue ILE het=  resseq=26 icode= >,4jcy_B_A,1.8
193,3.492,ILE, ,CA,25.3,6.38,0.0,3.19,1.0,<Residue ILE het=  resseq=26 icode= >,4jcy_B_A,1.8
194,0.478,ILE, ,C,26.65,6.55,0.0,4.25,1.0,<Residue ILE het=  resseq=26 icode= >,4jcy_B_A,1.8
195,3.667,ILE, ,O,27.11,7.59,0.0,4.24,1.0,<Residue ILE het=  resseq=26 icode= >,4jcy_B_A,1.8
196,0.0,ILE, ,CB,23.95,5.93,0.0,2.59,1.0,<Residue ILE het=  resseq=26 icode= >,4jcy_B_A,1.8
197,0.097,ILE, ,CG1,22.78,6.20,0.0,2.87,1.0,<Residue ILE het=  resseq=26 icode= >,4jcy_B_A,1.8
198,0.112,ILE, ,CG2,23.99,4.61,0.0,2.65,1.0,<Residue ILE het=  resseq=26 icode= >,4jcy_B_A,1.8
199,0.0,ILE, ,CD1,22.09,6.51,0.0,2.29,1.0,<Residue ILE het=  resseq=26 icode= >,4jcy_B_A,1.8
200,5.104,ASP, ,N,27.42,5.82,0.0,3.47,1.0,<Residue ASP het=  resseq=27 icode= >,4jcy_B_A,1.8
201,10.209,ASP, ,CA,28.71,6.29,0.0,2.50,1.0,<Residue ASP het=  resseq=27 icode= >,4jcy_B_A,1.8
202,0.0,ASP, ,C,28.21,6.74,0.0,3.89,1.0,<Residue ASP het=  resseq=27 icode= >,4jcy_B_A,1.8
203,0.0,ASP, ,O,26.69,6.13,0.0,3.77,1.0,<Residue ASP het=  resseq=27 icode= >,4jcy_B_A,1.8
204,20.244,ASP, ,CB,29.48,5.21,6.143,1.79,1.0,<Residue ASP het=  resseq=27 icode= >,4jcy_B_A,1.8
205,9.909,ASP, ,CG,31.1,5.78,0.569,2.72,1.0,<Residue ASP het=  resseq=27 icode= >,4jcy_B_A,1.8
206,5.138,ASP, ,OD1,31.55,5.41,0.0,3.03,1.0,<Residue ASP het=  resseq=27 icode= >,4jcy_B_A,1.8
207,41.611,ASP, ,OD2,32.15,6.12,0.0,2.59,1.0,<Residue ASP het=  resseq=27 icode= >,4jcy_B_A,1.8
208,4.471,GLU, ,N,29.43,8.03,0.0,3.60,1.0,<Residue GLU het=  resseq=28 icode= >,4jcy_B_A,1.8
209,0.075,GLU, ,CA,29.46,8.46,0.0,3.13,1.0,<Residue GLU het=  resseq=28 icode= >,4jcy_B_A,1.8
210,0.521,GLU, ,C,29.4,7.44,0.0,4.30,1.0,<Residue GLU het=  resseq=28 icode= >,4jcy_B_A,1.8
211,12.149,GLU, ,O,29.3,7.39,0.0,3.85,1.0,<Residue GLU het=  resseq=28 icode= >,4jcy_B_A,1.8
212,17.146,GLU, ,CB,31.42,9.28,0.0,1.93,1.0,<Residue GLU het=  resseq=28 icode= >,4jcy_B_A,1.8
213,15.616,GLU, ,CG,33.21,8.69,0.0,2.54,1.0,<Residue GLU het=  resseq=28 icode= >,4jcy_B_A,1.8
214,13.474,GLU, ,CD,35.3,9.88,0.0,3.45,1.0,<Residue GLU het=  resseq=28 icode= >,4jcy_B_A,1.8
215,41.505,GLU, ,OE1,36.63,10.16,0.0,2.79,1.0,<Residue GLU het=  resseq=28 icode= >,4jcy_B_A,1.8
216,37.962,GLU, ,OE2,35.65,10.68,0.0,2.50,1.0,<Residue GLU het=  resseq=28 icode= >,4jcy_B_A,1.8
217,0.0,ALA, ,N,29.95,6.16,0.0,3.97,1.0,<Residue ALA het=  resseq=29 icode= >,4jcy_B_A,1.8
218,10.138,ALA, ,CA,29.76,5.25,0.0,2.87,1.0,<Residue ALA het=  resseq=29 icode= >,4jcy_B_A,1.8
219,2.09,ALA, ,C,28.51,4.55,0.338,3.14,1.0,<Residue ALA het=  resseq=29 icode= >,4jcy_B_A,1.8
220,31.568,ALA, ,O,28.53,3.65,13.922,3.14,1.0,<Residue ALA het=  resseq=29 icode= >,4jcy_B_A,1.8
221,52.9,ALA, ,CB,31.55,4.08,16.47,1.32,1.0,<Residue ALA het=  resseq=29 icode= >,4jcy_B_A,1.8
222,0.0,SER, ,N,27.28,4.70,0.0,3.34,1.0,<Residue SER het=  resseq=30 icode= >,4jcy_B_A,1.8
223,2.552,SER, ,CA,26.02,3.87,1.484,3.01,1.0,<Residue SER het=  resseq=30 icode= >,4jcy_B_A,1.8
224,0.086,SER, ,C,24.45,4.82,0.0,3.67,1.0,<Residue SER het=  resseq=30 icode= >,4jcy_B_A,1.8
225,0.0,SER, ,O,23.82,4.73,0.0,3.78,1.0,<Residue SER het=  resseq=30 icode= >,4jcy_B_A,1.8
226,31.526,SER, ,CB,26.34,3.55,30.641,3.20,1.0,<Residue SER het=  resseq=30 icode= >,4jcy_B_A,1.8
227,5.339,SER, ,OG,27.08,2.89,5.248,3.48,1.0,<Residue SER het=  resseq=30 icode= >,4jcy_B_A,1.8
228,0.052,ALA, ,N,23.93,5.99,0.0,3.64,1.0,<Residue ALA het=  resseq=31 icode= >,4jcy_B_A,1.8
229,0.0,ALA, ,CA,22.38,6.81,0.0,3.43,1.0,<Residue ALA het=  resseq=31 icode= >,4jcy_B_A,1.8
230,0.0,ALA, ,C,21.43,6.79,0.0,4.45,1.0,<Residue ALA het=  resseq=31 icode= >,4jcy_B_A,1.8
231,0.0,ALA, ,O,20.8,7.03,0.0,4.98,1.0,<Residue ALA het=  resseq=31 icode= >,4jcy_B_A,1.8
232,0.0,ALA, ,CB,22.84,7.86,0.0,3.00,1.0,<Residue ALA het=  resseq=31 icode= >,4jcy_B_A,1.8
233,1.065,SER, ,N,21.63,5.73,0.0,3.94,1.0,<Residue SER het=  resseq=32 icode= >,4jcy_B_A,1.8
234,0.0,SER, ,CA,21.05,4.68,0.0,3.63,1.0,<Residue SER het=  resseq=32 icode= >,4jcy_B_A,1.8
235,0.118,SER, ,C,20.4,4.19,0.118,4.24,1.0,<Residue SER het=  resseq=32 icode= >,4jcy_B_A,1.8
236,0.011,SER, ,O,19.58,4.14,0.008,4.63,1.0,<Residue SER het=  resseq=32 icode= >,4jcy_B_A,1.8
237,22.258,SER, ,CB,22.02,3.81,4.339,3.34,1.0,<Residue SER het=  resseq=32 icode= >,4jcy_B_A,1.8
238,33.134,SER, ,OG,21.87,2.86,29.853,4.23,1.0,<Residue SER het=  resseq=32 icode= >,4jcy_B_A,1.8
239,1.558,ALA, ,N,20.37,4.05,0.515,4.72,1.0,<Residue ALA het=  resseq=33 icode= >,4jcy_B_A,1.8
240,8.719,ALA, ,CA,20.17,3.70,8.719,3.31,1.0,<Residue ALA het=  resseq=33 icode= >,4jcy_B_A,1.8
241,0.0,ALA, ,C,19.35,4.35,0.0,4.79,1.0,<Residue ALA het=  resseq=33 icode= >,4jcy_B_A,1.8
242,0.155,ALA, ,O,18.82,3.78,0.155,4.58,1.0,<Residue ALA het=  resseq=33 icode= >,4jcy_B_A,1.8
243,44.845,ALA, ,CB,20.91,3.17,43.037,2.62,1.0,<Residue ALA het=  resseq=33 icode= >,4jcy_B_A,1.8
244,0.0,ARG, ,N,19.41,4.38,0.0,4.35,1.0,<Residue ARG het=  resseq=34 icode= >,4jcy_B_A,1.8
245,0.0,ARG, ,CA,19.17,4.49,0.0,3.31,1.0,<Residue ARG het=  resseq=34 icode= >,4jcy_B_A,1.8
246,0.0,ARG, ,C,18.17,5.95,0.0,4.83,1.0,<Residue ARG het=  resseq=34 icode= >,4jcy_B_A,1.8
247,0.0,ARG, ,O,17.22,6.02,0.0,5.62,1.0,<Residue ARG het=  resseq=34 icode= >,4jcy_B_A,1.8
248,0.0,ARG, ,CB,20.0,4.47,0.0,3.73,1.0,<Residue ARG het=  resseq=34 icode= >,4jcy_B_A,1.8
249,13.694,ARG, ,CG,21.76,3.31,13.694,2.57,1.0,<Residue ARG het=  resseq=34 icode= >,4jcy_B_A,1.8
250,12.488,ARG, ,CD,22.96,2.81,12.488,2.25,1.0,<Residue ARG het=  resseq=34 icode= >,4jcy_B_A,1.8
251,2.846,ARG, ,NE,23.13,3.65,2.846,3.81,1.0,<Residue ARG het=  resseq=34 icode= >,4jcy_B_A,1.8
252,4.096,ARG, ,CZ,23.96,3.70,4.096,4.03,1.0,<Residue ARG het=  resseq=34 icode= >,4jcy_B_A,1.8
253,15.877,ARG, ,NH1,24.22,3.60,10.173,3.31,1.0,<Residue ARG het=  resseq=34 icode= >,4jcy_B_A,1.8
254,34.573,ARG, ,NH2,25.18,2.92,18.589,3.06,1.0,<Residue ARG het=  resseq=34 icode= >,4jcy_B_A,1.8
255,0.0,MET, ,N,18.2,6.88,0.0,4.83,1.0,<Residue MET het=  resseq=35 icode= >,4jcy_B_A,1.8
256,0.0,MET, ,CA,18.09,7.66,0.0,4.01,1.0,<Residue MET het=  resseq=35 icode= >,4jcy_B_A,1.8
257,0.0,MET, ,C,17.99,6.88,0.0,4.44,1.0,<Residue MET het=  resseq=35 icode= >,4jcy_B_A,1.8
258,0.205,MET, ,O,18.15,6.91,0.0,4.84,1.0,<Residue MET het=  resseq=35 icode= >,4jcy_B_A,1.8
259,0.0,MET, ,CB,17.83,7.69,0.0,3.94,1.0,<Residue MET het=  resseq=35 icode= >,4jcy_B_A,1.8
260,0.0,MET, ,CG,18.46,8.59,0.0,2.66,1.0,<Residue MET het=  resseq=35 icode= >,4jcy_B_A,1.8
261,0.0,MET, ,SD,18.71,8.47,0.0,9.48,1.0,<Residue MET het=  resseq=35 icode= >,4jcy_B_A,1.8
262,1.592,MET, ,CE,18.31,9.43,0.0,3.03,1.0,<Residue MET het=  resseq=35 icode= >,4jcy_B_A,1.8
263,0.0,ASN, ,N,18.32,5.65,0.0,4.16,1.0,<Residue ASN het=  resseq=36 icode= >,4jcy_B_A,1.8
264,0.0,ASN, ,CA,17.91,5.06,0.0,3.96,1.0,<Residue ASN het=  resseq=36 icode= >,4jcy_B_A,1.8
265,0.0,ASN, ,C,17.76,5.02,0.0,4.96,1.0,<Residue ASN het=  resseq=36 icode= >,4jcy_B_A,1.8
266,0.0,ASN, ,O,17.97,5.55,0.0,4.91,1.0,<Residue ASN het=  resseq=36 icode= >,4jcy_B_A,1.8
267,7.897,ASN, ,CB,18.24,3.76,7.897,3.02,1.0,<Residue ASN het=  resseq=36 icode= >,4jcy_B_A,1.8
268,5.967,ASN, ,CG,18.3,3.38,5.967,4.74,1.0,<Residue ASN het=  resseq=36 icode= >,4jcy_B_A,1.8
269,24.096,ASN, ,OD1,18.16,3.20,22.712,5.01,1.0,<Residue ASN het=  resseq=36 icode= >,4jcy_B_A,1.8
270,20.994,ASN, ,ND2,18.69,3.04,20.994,3.47,1.0,<Residue ASN het=  resseq=36 icode= >,4jcy_B_A,1.8
271,0.0,GLN, ,N,17.8,4.66,0.0,4.90,1.0,<Residue GLN het=  resseq=37 icode= >,4jcy_B_A,1.8
272,0.669,GLN, ,CA,17.88,5.26,0.0,3.55,1.0,<Residue GLN het=  resseq=37 icode= >,4jcy_B_A,1.8
273,0.0,GLN, ,C,17.38,6.74,0.0,4.25,1.0,<Residue GLN het=  resseq=37 icode= >,4jcy_B_A,1.8
274,0.0,GLN, ,O,17.23,7.22,0.0,5.44,1.0,<Residue GLN het=  resseq=37 icode= >,4jcy_B_A,1.8
275,0.0,GLN, ,CB,18.3,5.31,0.0,3.20,1.0,<Residue GLN het=  resseq=37 icode= >,4jcy_B_A,1.8
276,10.131,GLN, ,CG,19.35,4.16,7.425,2.94,1.0,<Residue GLN het=  resseq=37 icode= >,4jcy_B_A,1.8
277,0.0,GLN, ,CD,20.06,3.91,0.0,4.02,1.0,<Residue GLN het=  resseq=37 icode= >,4jcy_B_A,1.8
278,7.999,GLN, ,OE1,20.17,3.53,7.453,4.79,1.0,<Residue GLN het=  resseq=37 icode= >,4jcy_B_A,1.8
279,39.64,GLN, ,NE2,20.96,2.89,37.651,3.87,1.0,<Residue GLN het=  resseq=37 icode= >,4jcy_B_A,1.8
280,0.0,TYR, ,N,17.13,7.08,0.0,4.42,1.0,<Residue TYR het=  resseq=38 icode= >,4jcy_B_A,1.8
281,0.0,TYR, ,CA,17.1,7.31,0.0,3.35,1.0,<Residue TYR het=  resseq=38 icode= >,4jcy_B_A,1.8
282,0.0,TYR, ,C,17.17,8.29,0.0,4.37,1.0,<Residue TYR het=  resseq=38 icode= >,4jcy_B_A,1.8
283,0.445,TYR, ,O,17.56,8.86,0.0,4.81,1.0,<Residue TYR het=  resseq=38 icode= >,4jcy_B_A,1.8
284,0.0,TYR, ,CB,16.8,6.96,0.0,3.21,1.0,<Residue TYR het=  resseq=38 icode= >,4jcy_B_A,1.8
285,0.0,TYR, ,CG,16.9,5.57,0.0,3.95,1.0,<Residue TYR het=  resseq=38 icode= >,4jcy_B_A,1.8
286,0.0,TYR, ,CD1,17.24,4.47,0.0,3.58,1.0,<Residue TYR het=  resseq=38 icode= >,4jcy_B_A,1.8
287,0.0,TYR, ,CD2,17.52,5.62,0.0,3.57,1.0,<Residue TYR het=  resseq=38 icode= >,4jcy_B_A,1.8
288,5.835,TYR, ,CE1,17.77,3.17,5.81,3.67,1.0,<Residue TYR het=  resseq=38 icode= >,4jcy_B_A,1.8
289,0.0,TYR, ,CE2,17.72,4.67,0.0,4.38,1.0,<Residue TYR het=  resseq=38 icode= >,4jcy_B_A,1.8
290,0.0,TYR, ,CZ,18.24,3.33,0.0,4.24,1.0,<Residue TYR het=  resseq=38 icode= >,4jcy_B_A,1.8
291,8.501,TYR, ,OH,19.31,2.66,8.495,4.98,1.0,<Residue TYR het=  resseq=38 icode= >,4jcy_B_A,1.8
292,0.0,GLU, ,N,17.82,7.06,0.0,4.40,1.0,<Residue GLU het=  resseq=39 icode= >,4jcy_B_A,1.8
293,0.0,GLU, ,CA,18.56,6.39,0.0,3.29,1.0,<Residue GLU het=  resseq=39 icode= >,4jcy_B_A,1.8
294,0.0,GLU, ,C,19.16,6.05,0.0,4.03,1.0,<Residue GLU het=  resseq=39 icode= >,4jcy_B_A,1.8
295,5.413,GLU, ,O,19.45,6.32,0.0,4.25,1.0,<Residue GLU het=  resseq=39 icode= >,4jcy_B_A,1.8
296,0.242,GLU, ,CB,18.84,5.41,0.0,2.93,1.0,<Residue GLU het=  resseq=39 icode= >,4jcy_B_A,1.8
297,2.774,GLU, ,CG,19.46,5.35,0.508,2.88,1.0,<Residue GLU het=  resseq=39 icode= >,4jcy_B_A,1.8
298,0.0,GLU, ,CD,19.54,5.20,0.0,4.13,1.0,<Residue GLU het=  resseq=39 icode= >,4jcy_B_A,1.8
299,1.581,GLU, ,OE1,20.55,4.42,1.169,3.89,1.0,<Residue GLU het=  resseq=39 icode= >,4jcy_B_A,1.8
300,1.069,GLU, ,OE2,19.71,6.17,0.0,4.13,1.0,<Residue GLU het=  resseq=39 icode= >,4jcy_B_A,1.8
301,0.0,LYS, ,N,19.55,5.91,0.0,4.33,1.0,<Residue LYS het=  resseq=40 icode= >,4jcy_B_A,1.8
302,1.429,LYS, ,CA,20.61,5.55,0.0,3.36,1.0,<Residue LYS het=  resseq=40 icode= >,4jcy_B_A,1.8
303,0.0,LYS, ,C,20.96,6.18,0.0,3.76,1.0,<Residue LYS het=  resseq=40 icode= >,4jcy_B_A,1.8
304,21.734,LYS, ,O,21.99,6.08,0.0,3.90,1.0,<Residue LYS het=  resseq=40 icode= >,4jcy_B_A,1.8
305,8.363,LYS, ,CB,21.28,4.05,4.507,3.34,1.0,<Residue LYS het=  resseq=40 icode= >,4jcy_B_A,1.8
306,1.714,LYS, ,CG,21.8,3.74,1.714,3.13,1.0,<Residue LYS het=  resseq=40 icode= >,4jcy_B_A,1.8
307,24.821,LYS, ,CD,22.82,3.94,14.273,2.87,1.0,<Residue LYS het=  resseq=40 icode= >,4jcy_B_A,1.8
308,39.415,LYS, ,CE,24.09,3.28,29.94,2.55,1.0,<Residue LYS het=  resseq=40 icode= >,4jcy_B_A,1.8
309,48.806,LYS, ,NZ,24.59,4.35,3.939,2.82,1.0,<Residue LYS het=  resseq=40 icode= >,4jcy_B_A,1.8
310,0.0,GLY, ,N,20.07,7.16,0.0,4.11,1.0,<Residue GLY het=  resseq=41 icode= >,4jcy_B_A,1.8
311,13.687,GLY, ,CA,20.26,7.91,0.0,2.97,1.0,<Residue GLY het=  resseq=41 icode= >,4jcy_B_A,1.8
312,1.992,GLY, ,C,20.27,7.06,0.0,4.72,1.0,<Residue GLY het=  resseq=41 icode= >,4jcy_B_A,1.8
313,29.881,GLY, ,O,21.5,6.55,0.0,4.56,1.0,<Residue GLY het=  resseq=41 icode= >,4jcy_B_A,1.8
314,0.046,LYS, ,N,19.6,6.90,0.0,4.04,1.0,<Residue LYS het=  resseq=42 icode= >,4jcy_B_A,1.8
315,5.685,LYS, ,CA,19.6,6.01,0.0,3.40,1.0,<Residue LYS het=  resseq=42 icode= >,4jcy_B_A,1.8
316,0.152,LYS, ,C,18.8,4.54,0.0,4.29,1.0,<Residue LYS het=  resseq=42 icode= >,4jcy_B_A,1.8
317,18.663,LYS, ,O,18.89,3.70,3.854,5.32,1.0,<Residue LYS het=  resseq=42 icode= >,4jcy_B_A,1.8
318,7.106,LYS, ,CB,20.03,6.13,0.0,3.00,1.0,<Residue LYS het=  resseq=42 icode= >,4jcy_B_A,1.8
319,5.673,LYS, ,CG,21.69,6.24,0.0,2.80,1.0,<Residue LYS het=  resseq=42 icode= >,4jcy_B_A,1.8
320,22.314,LYS, ,CD,23.42,5.44,0.0,2.21,1.0,<Residue LYS het=  resseq=42 icode= >,4jcy_B_A,1.8
321,36.053,LYS, ,CE,25.29,4.59,12.991,1.93,1.0,<Residue LYS het=  resseq=42 icode= >,4jcy_B_A,1.8
322,48.615,LYS, ,NZ,27.0,4.13,8.308,1.97,1.0,<Residue LYS het=  resseq=42 icode= >,4jcy_B_A,1.8
323,0.0,HIS, ,N,17.69,4.57,0.0,4.86,1.0,<Residue HIS het=  resseq=43 icode= >,4jcy_B_A,1.8
324,6.52,HIS, ,CA,17.76,3.54,4.852,3.78,1.0,<Residue HIS het=  resseq=43 icode= >,4jcy_B_A,1.8
325,2.344,HIS, ,C,17.0,3.57,0.0,4.98,1.0,<Residue HIS het=  resseq=43 icode= >,4jcy_B_A,1.8
326,1.35,HIS, ,O,16.99,4.75,0.0,5.64,1.0,<Residue HIS het=  resseq=43 icode= >,4jcy_B_A,1.8
327,13.497,HIS, ,CB,17.46,3.78,13.418,3.11,1.0,<Residue HIS het=  resseq=43 icode= >,4jcy_B_A,1.8
328,2.582,HIS, ,CG,17.88,3.80,2.582,4.09,1.0,<Residue HIS het=  resseq=43 icode= >,4jcy_B_A,1.8
329,17.147,HIS, ,ND1,18.52,2.92,17.147,4.29,1.0,<Residue HIS het=  resseq=43 icode= >,4jcy_B_A,1.8
330,6.638,HIS, ,CD2,18.03,3.76,6.638,3.13,1.0,<Residue HIS het=  resseq=43 icode= >,4jcy_B_A,1.8
331,32.513,HIS, ,CE1,19.26,3.48,27.433,3.66,1.0,<Residue HIS het=  resseq=43 icode= >,4jcy_B_A,1.8
332,15.235,HIS, ,NE2,18.78,3.35,13.754,4.54,1.0,<Residue HIS het=  resseq=43 icode= >,4jcy_B_A,1.8
333,8.098,ALA, ,N,17.8,2.70,7.091,4.00,1.0,<Residue ALA het=  resseq=44 icode= >,4jcy_B_A,1.8
334,1.6,ALA, ,CA,17.45,3.62,0.0,3.80,1.0,<Residue ALA het=  resseq=44 icode= >,4jcy_B_A,1.8
335,0.0,ALA, ,C,17.72,4.24,0.0,4.41,1.0,<Residue ALA het=  resseq=44 icode= >,4jcy_B_A,1.8
336,21.616,ALA, ,O,17.92,3.75,18.052,5.16,1.0,<Residue ALA het=  resseq=44 icode= >,4jcy_B_A,1.8
337,49.51,ALA, ,CB,17.84,3.61,10.188,2.98,1.0,<Residue ALA het=  resseq=44 icode= >,4jcy_B_A,1.8
338,0.0,PRO, ,N,17.72,5.19,0.0,4.41,1.0,<Residue PRO het=  resseq=45 icode= >,4jcy_B_A,1.8
339,1.586,PRO, ,CA,18.13,4.84,1.586,2.95,1.0,<Residue PRO het=  resseq=45 icode= >,4jcy_B_A,1.8
340,0.413,PRO, ,C,18.58,5.66,0.0,4.54,1.0,<Residue PRO het=  resseq=45 icode= >,4jcy_B_A,1.8
341,9.565,PRO, ,O,18.85,6.65,0.0,4.34,1.0,<Residue PRO het=  resseq=45 icode= >,4jcy_B_A,1.8
342,0.0,PRO, ,CB,17.99,5.64,0.0,2.82,1.0,<Residue PRO het=  resseq=45 icode= >,4jcy_B_A,1.8
343,0.0,PRO, ,CG,17.49,6.70,0.0,3.40,1.0,<Residue PRO het=  resseq=45 icode= >,4jcy_B_A,1.8
344,0.0,PRO, ,CD,17.45,6.29,0.0,2.91,1.0,<Residue PRO het=  resseq=45 icode= >,4jcy_B_A,1.8
345,5.797,ASP, ,N,19.16,5.05,4.115,4.21,1.0,<Residue ASP het=  resseq=46 icode= >,4jcy_B_A,1.8
346,8.562,ASP, ,CA,19.65,6.02,0.0,3.09,1.0,<Residue ASP het=  resseq=46 icode= >,4jcy_B_A,1.8
347,0.0,ASP, ,C,19.2,7.11,0.0,4.50,1.0,<Residue ASP het=  resseq=46 icode= >,4jcy_B_A,1.8
348,0.0,ASP, ,O,19.06,7.13,0.0,4.92,1.0,<Residue ASP het=  resseq=46 icode= >,4jcy_B_A,1.8
349,34.932,ASP, ,CB,20.99,5.69,0.974,3.16,1.0,<Residue ASP het=  resseq=46 icode= >,4jcy_B_A,1.8
350,7.62,ASP, ,CG,21.74,5.39,3.769,4.02,1.0,<Residue ASP het=  resseq=46 icode= >,4jcy_B_A,1.8
351,2.764,ASP, ,OD1,21.5,5.54,0.0,4.44,1.0,<Residue ASP het=  resseq=46 icode= >,4jcy_B_A,1.8
352,36.731,ASP, ,OD2,23.1,5.48,0.0,3.36,1.0,<Residue ASP het=  resseq=46 icode= >,4jcy_B_A,1.8
353,6.569,PHE, ,N,19.3,7.98,0.0,4.57,1.0,<Residue PHE het=  resseq=47 icode= >,4jcy_B_A,1.8
354,0.031,PHE, ,CA,19.23,9.07,0.0,3.48,1.0,<Residue PHE het=  resseq=47 icode= >,4jcy_B_A,1.8
355,0.0,PHE, ,C,19.86,9.50,0.0,4.88,1.0,<Residue PHE het=  resseq=47 icode= >,4jcy_B_A,1.8
356,0.0,PHE, ,O,19.44,10.22,0.0,5.55,1.0,<Residue PHE het=  resseq=47 icode= >,4jcy_B_A,1.8
357,27.881,PHE, ,CB,19.46,8.74,14.703,2.99,1.0,<Residue PHE het=  resseq=47 icode= >,4jcy_B_A,1.8
358,1.732,PHE, ,CG,19.14,10.04,1.732,3.65,1.0,<Residue PHE het=  resseq=47 icode= >,4jcy_B_A,1.8
359,3.807,PHE, ,CD1,18.62,10.98,3.807,3.81,1.0,<Residue PHE het=  resseq=47 icode= >,4jcy_B_A,1.8
360,22.844,PHE, ,CD2,20.09,10.49,10.556,3.35,1.0,<Residue PHE het=  resseq=47 icode= >,4jcy_B_A,1.8
361,6.62,PHE, ,CE1,18.6,12.21,6.62,3.75,1.0,<Residue PHE het=  resseq=47 icode= >,4jcy_B_A,1.8
362,29.466,PHE, ,CE2,20.12,11.77,26.176,3.35,1.0,<Residue PHE het=  resseq=47 icode= >,4jcy_B_A,1.8
363,19.345,PHE, ,CZ,19.42,12.57,19.345,4.08,1.0,<Residue PHE het=  resseq=47 icode= >,4jcy_B_A,1.8
364,3.743,GLU, ,N,21.06,8.98,0.0,4.64,1.0,<Residue GLU het=  resseq=48 icode= >,4jcy_B_A,1.8
365,4.037,GLU, ,CA,22.66,9.25,0.0,3.66,1.0,<Residue GLU het=  resseq=48 icode= >,4jcy_B_A,1.8
366,0.0,GLU, ,C,21.85,8.79,0.0,5.16,1.0,<Residue GLU het=  resseq=48 icode= >,4jcy_B_A,1.8
367,0.073,GLU, ,O,21.82,9.69,0.0,4.95,1.0,<Residue GLU het=  resseq=48 icode= >,4jcy_B_A,1.8
368,14.353,GLU, ,CB,24.76,8.97,0.0,2.55,1.0,<Residue GLU het=  resseq=48 icode= >,4jcy_B_A,1.8
369,19.337,GLU, ,CG,27.59,9.87,0.0,1.55,1.0,<Residue GLU het=  resseq=48 icode= >,4jcy_B_A,1.8
370,12.023,GLU, ,CD,29.58,9.19,0.0,2.81,1.0,<Residue GLU het=  resseq=48 icode= >,4jcy_B_A,1.8
371,39.656,GLU, ,OE1,30.79,8.81,0.0,2.86,1.0,<Residue GLU het=  resseq=48 icode= >,4jcy_B_A,1.8
372,35.305,GLU, ,OE2,31.2,9.16,0.0,1.99,1.0,<Residue GLU het=  resseq=48 icode= >,4jcy_B_A,1.8
373,0.717,MET, ,N,21.5,7.56,0.0,4.88,1.0,<Residue MET het=  resseq=49 icode= >,4jcy_B_A,1.8
374,0.57,MET, ,CA,21.43,7.36,0.0,3.98,1.0,<Residue MET het=  resseq=49 icode= >,4jcy_B_A,1.8
375,0.0,MET, ,C,19.81,8.43,0.0,4.44,1.0,<Residue MET het=  resseq=49 icode= >,4jcy_B_A,1.8
376,0.0,MET, ,O,18.88,9.19,0.0,5.19,1.0,<Residue MET het=  resseq=49 icode= >,4jcy_B_A,1.8
377,2.692,MET, ,CB,22.66,5.97,0.517,3.25,1.0,<Residue MET het=  resseq=49 icode= >,4jcy_B_A,1.8
378,0.0,MET, ,CG,24.66,6.16,0.0,2.55,1.0,<Residue MET het=  resseq=49 icode= >,4jcy_B_A,1.8
379,0.0,MET, ,SD,29.31,7.04,0.0,6.05,1.0,<Residue MET het=  resseq=49 icode= >,4jcy_B_A,1.8
380,21.033,MET, ,CE,28.2,6.10,0.0,1.81,1.0,<Residue MET het=  resseq=49 icode= >,4jcy_B_A,1.8
381,0.0,ALA, ,N,18.57,8.72,0.0,4.46,1.0,<Residue ALA het=  resseq=50 icode= >,4jcy_B_A,1.8
382,0.0,ALA, ,CA,17.87,9.92,0.0,3.81,1.0,<Residue ALA het=  resseq=50 icode= >,4jcy_B_A,1.8
383,0.0,ALA, ,C,18.27,11.15,0.0,5.05,1.0,<Residue ALA het=  resseq=50 icode= >,4jcy_B_A,1.8
384,0.0,ALA, ,O,18.45,12.01,0.0,4.75,1.0,<Residue ALA het=  resseq=50 icode= >,4jcy_B_A,1.8
385,0.0,ALA, ,CB,17.21,10.29,0.0,3.16,1.0,<Residue ALA het=  resseq=50 icode= >,4jcy_B_A,1.8
386,0.0,ASN, ,N,18.77,11.37,0.0,4.63,1.0,<Residue ASN het=  resseq=51 icode= >,4jcy_B_A,1.8
387,0.222,ASN, ,CA,19.81,12.59,0.0,3.50,1.0,<Residue ASN het=  resseq=51 icode= >,4jcy_B_A,1.8
388,1.239,ASN, ,C,20.24,12.77,0.0,4.47,1.0,<Residue ASN het=  resseq=51 icode= >,4jcy_B_A,1.8
389,5.896,ASN, ,O,20.55,13.90,0.0,4.42,1.0,<Residue ASN het=  resseq=51 icode= >,4jcy_B_A,1.8
390,18.32,ASN, ,CB,20.67,12.89,0.0,3.15,1.0,<Residue ASN het=  resseq=51 icode= >,4jcy_B_A,1.8
391,5.449,ASN, ,CG,21.06,13.60,0.0,4.03,1.0,<Residue ASN het=  resseq=51 icode= >,4jcy_B_A,1.8
392,21.095,ASN, ,OD1,21.45,14.80,6.994,4.14,1.0,<Residue ASN het=  resseq=51 icode= >,4jcy_B_A,1.8
393,6.684,ASN, ,ND2,21.09,12.96,0.0,3.40,1.0,<Residue ASN het=  resseq=51 icode= >,4jcy_B_A,1.8
394,0.0,ARG, ,N,20.31,11.77,0.0,5.09,1.0,<Residue ARG het=  resseq=52 icode= >,4jcy_B_A,1.8
395,1.782,ARG, ,CA,21.18,12.08,0.0,3.74,1.0,<Residue ARG het=  resseq=52 icode= >,4jcy_B_A,1.8
396,0.0,ARG, ,C,20.38,12.42,0.0,4.37,1.0,<Residue ARG het=  resseq=52 icode= >,4jcy_B_A,1.8
397,1.207,ARG, ,O,20.68,13.43,0.0,4.82,1.0,<Residue ARG het=  resseq=52 icode= >,4jcy_B_A,1.8
398,1.242,ARG, ,CB,22.03,11.10,0.0,3.73,1.0,<Residue ARG het=  resseq=52 icode= >,4jcy_B_A,1.8
399,11.185,ARG, ,CG,23.71,11.19,0.0,2.89,1.0,<Residue ARG het=  resseq=52 icode= >,4jcy_B_A,1.8
400,8.771,ARG, ,CD,25.01,10.47,0.0,2.73,1.0,<Residue ARG het=  resseq=52 icode= >,4jcy_B_A,1.8
401,4.164,ARG, ,NE,26.25,11.09,0.0,2.87,1.0,<Residue ARG het=  resseq=52 icode= >,4jcy_B_A,1.8
402,6.477,ARG, ,CZ,27.41,12.30,0.0,3.11,1.0,<Residue ARG het=  resseq=52 icode= >,4jcy_B_A,1.8
403,47.12,ARG, ,NH1,28.48,13.04,0.0,2.70,1.0,<Residue ARG het=  resseq=52 icode= >,4jcy_B_A,1.8
404,33.33,ARG, ,NH2,28.11,12.53,0.0,2.86,1.0,<Residue ARG het=  resseq=52 icode= >,4jcy_B_A,1.8
405,0.0,LEU, ,N,19.05,11.74,0.0,4.72,1.0,<Residue LEU het=  resseq=53 icode= >,4jcy_B_A,1.8
406,0.0,LEU, ,CA,19.13,12.30,0.0,3.76,1.0,<Residue LEU het=  resseq=53 icode= >,4jcy_B_A,1.8
407,0.0,LEU, ,C,19.63,13.71,0.0,4.40,1.0,<Residue LEU het=  resseq=53 icode= >,4jcy_B_A,1.8
408,0.0,LEU, ,O,19.93,14.42,0.0,4.74,1.0,<Residue LEU het=  resseq=53 icode= >,4jcy_B_A,1.8
409,0.0,LEU, ,CB,18.58,11.37,0.0,3.19,1.0,<Residue LEU het=  resseq=53 icode= >,4jcy_B_A,1.8
410,0.0,LEU, ,CG,18.76,9.96,0.0,3.52,1.0,<Residue LEU het=  resseq=53 icode= >,4jcy_B_A,1.8
411,0.0,LEU, ,CD1,18.63,9.09,0.0,3.33,1.0,<Residue LEU het=  resseq=53 icode= >,4jcy_B_A,1.8
412,0.0,LEU, ,CD2,19.36,10.19,0.0,2.84,1.0,<Residue LEU het=  resseq=53 icode= >,4jcy_B_A,1.8
413,0.0,ALA, ,N,19.65,13.92,0.0,4.22,1.0,<Residue ALA het=  resseq=54 icode= >,4jcy_B_A,1.8
414,0.0,ALA, ,CA,20.59,15.28,0.0,3.74,1.0,<Residue ALA het=  resseq=54 icode= >,4jcy_B_A,1.8
415,0.185,ALA, ,C,21.9,16.25,0.0,4.21,1.0,<Residue ALA het=  resseq=54 icode= >,4jcy_B_A,1.8
416,0.103,ALA, ,O,22.29,17.23,0.0,4.72,1.0,<Residue ALA het=  resseq=54 icode= >,4jcy_B_A,1.8
417,3.576,ALA, ,CB,20.58,15.42,0.0,3.21,1.0,<Residue ALA het=  resseq=54 icode= >,4jcy_B_A,1.8
418,0.482,LYS, ,N,22.36,15.90,0.0,4.19,1.0,<Residue LYS het=  resseq=55 icode= >,4jcy_B_A,1.8
419,9.17,LYS, ,CA,24.21,16.88,0.0,3.40,1.0,<Residue LYS het=  resseq=55 icode= >,4jcy_B_A,1.8
420,0.0,LYS, ,C,24.28,17.08,0.0,4.19,1.0,<Residue LYS het=  resseq=55 icode= >,4jcy_B_A,1.8
421,8.606,LYS, ,O,24.7,17.42,0.0,4.14,1.0,<Residue LYS het=  resseq=55 icode= >,4jcy_B_A,1.8
422,3.952,LYS, ,CB,25.3,16.45,0.0,2.49,1.0,<Residue LYS het=  resseq=55 icode= >,4jcy_B_A,1.8
423,21.904,LYS, ,CG,28.13,17.65,0.0,1.67,1.0,<Residue LYS het=  resseq=55 icode= >,4jcy_B_A,1.8
424,30.596,LYS, ,CD,29.6,17.52,0.0,1.30,1.0,<Residue LYS het=  resseq=55 icode= >,4jcy_B_A,1.8
425,44.743,LYS, ,CE,31.84,18.92,0.0,1.05,1.0,<Residue LYS het=  resseq=55 icode= >,4jcy_B_A,1.8
426,48.58,LYS, ,NZ,33.28,19.00,0.0,2.03,1.0,<Residue LYS het=  resseq=55 icode= >,4jcy_B_A,1.8
427,0.0,VAL, ,N,23.79,15.90,0.0,3.77,1.0,<Residue VAL het=  resseq=56 icode= >,4jcy_B_A,1.8
428,6.958,VAL, ,CA,24.31,14.88,0.0,3.48,1.0,<Residue VAL het=  resseq=56 icode= >,4jcy_B_A,1.8
429,0.0,VAL, ,C,24.38,14.51,0.0,3.97,1.0,<Residue VAL het=  resseq=56 icode= >,4jcy_B_A,1.8
430,10.814,VAL, ,O,25.48,14.53,0.0,4.12,1.0,<Residue VAL het=  resseq=56 icode= >,4jcy_B_A,1.8
431,0.0,VAL, ,CB,23.84,13.68,0.0,2.90,1.0,<Residue VAL het=  resseq=56 icode= >,4jcy_B_A,1.8
432,5.217,VAL, ,CG1,24.1,12.58,0.0,2.40,1.0,<Residue VAL het=  resseq=56 icode= >,4jcy_B_A,1.8
433,11.376,VAL, ,CG2,24.4,14.25,0.0,2.67,1.0,<Residue VAL het=  resseq=56 icode= >,4jcy_B_A,1.8
434,0.0,LEU, ,N,23.49,14.41,0.0,4.58,1.0,<Residue LEU het=  resseq=57 icode= >,4jcy_B_A,1.8
435,0.009,LEU, ,CA,23.75,14.20,0.0,3.39,1.0,<Residue LEU het=  resseq=57 icode= >,4jcy_B_A,1.8
436,0.521,LEU, ,C,24.61,15.49,0.0,4.35,1.0,<Residue LEU het=  resseq=57 icode= >,4jcy_B_A,1.8
437,10.449,LEU, ,O,25.07,15.38,0.0,4.14,1.0,<Residue LEU het=  resseq=57 icode= >,4jcy_B_A,1.8
438,0.0,LEU, ,CB,22.74,13.80,0.0,2.61,1.0,<Residue LEU het=  resseq=57 icode= >,4jcy_B_A,1.8
439,0.0,LEU, ,CG,21.87,12.49,0.0,3.32,1.0,<Residue LEU het=  resseq=57 icode= >,4jcy_B_A,1.8
440,0.0,LEU, ,CD1,21.22,12.58,0.0,2.81,1.0,<Residue LEU het=  resseq=57 icode= >,4jcy_B_A,1.8
441,0.0,LEU, ,CD2,22.53,11.28,0.0,2.50,1.0,<Residue LEU het=  resseq=57 icode= >,4jcy_B_A,1.8
442,0.0,LYS, ,N,25.21,16.59,0.0,4.07,1.0,<Residue LYS het=  resseq=58 icode= >,4jcy_B_A,1.8
443,8.418,LYS, ,CA,26.05,17.92,0.0,2.95,1.0,<Residue LYS het=  resseq=58 icode= >,4jcy_B_A,1.8
444,2.204,LYS, ,C,25.18,18.25,0.0,3.65,1.0,<Residue LYS het=  resseq=58 icode= >,4jcy_B_A,1.8
445,8.296,LYS, ,O,26.12,18.64,0.0,3.77,1.0,<Residue LYS het=  resseq=58 icode= >,4jcy_B_A,1.8
446,18.537,LYS, ,CB,28.17,17.99,0.0,2.24,1.0,<Residue LYS het=  resseq=58 icode= >,4jcy_B_A,1.8
447,4.9,LYS, ,CG,29.14,17.74,0.0,2.19,1.0,<Residue LYS het=  resseq=58 icode= >,4jcy_B_A,1.8
448,34.786,LYS, ,CD,31.07,18.08,0.0,1.81,1.0,<Residue LYS het=  resseq=58 icode= >,4jcy_B_A,1.8
449,46.114,LYS, ,CE,32.48,17.98,0.0,1.49,1.0,<Residue LYS het=  resseq=58 icode= >,4jcy_B_A,1.8
450,43.059,LYS, ,NZ,32.75,18.96,0.0,2.00,1.0,<Residue LYS het=  resseq=58 icode= >,4jcy_B_A,1.8
451,0.684,ILE, ,N,23.25,18.22,0.0,3.21,1.0,<Residue ILE het=  resseq=59 icode= >,4jcy_B_A,1.8
452,0.0,ILE, ,CA,22.46,18.74,0.0,3.46,1.0,<Residue ILE het=  resseq=59 icode= >,4jcy_B_A,1.8
453,1.689,ILE, ,C,21.89,19.76,0.0,4.62,1.0,<Residue ILE het=  resseq=59 icode= >,4jcy_B_A,1.8
454,8.913,ILE, ,O,21.84,19.72,0.0,4.43,1.0,<Residue ILE het=  resseq=59 icode= >,4jcy_B_A,1.8
455,0.0,ILE, ,CB,21.29,17.68,0.0,3.22,1.0,<Residue ILE het=  resseq=59 icode= >,4jcy_B_A,1.8
456,0.0,ILE, ,CG1,20.07,16.93,0.0,3.35,1.0,<Residue ILE het=  resseq=59 icode= >,4jcy_B_A,1.8
457,9.351,ILE, ,CG2,21.66,16.82,0.0,2.00,1.0,<Residue ILE het=  resseq=59 icode= >,4jcy_B_A,1.8
458,0.0,ILE, ,CD1,19.4,16.24,0.0,2.88,1.0,<Residue ILE het=  resseq=59 icode= >,4jcy_B_A,1.8
459,0.0,PRO, ,N,21.81,1000.00,0.0,4.28,1.0,<Residue PRO het=  resseq=60 icode= >,4jcy_B_A,1.8
460,10.628,PRO, ,CA,21.18,1000.00,5.948,3.47,1.0,<Residue PRO het=  resseq=60 icode= >,4jcy_B_A,1.8
461,0.0,PRO, ,C,19.86,1000.00,0.0,4.58,1.0,<Residue PRO het=  resseq=60 icode= >,4jcy_B_A,1.8
462,0.0,PRO, ,O,19.15,1000.00,0.0,4.67,1.0,<Residue PRO het=  resseq=60 icode= >,4jcy_B_A,1.8
463,16.318,PRO, ,CB,21.94,1000.00,16.158,2.95,1.0,<Residue PRO het=  resseq=60 icode= >,4jcy_B_A,1.8
464,0.228,PRO, ,CG,22.95,1000.00,0.057,3.00,1.0,<Residue PRO het=  resseq=60 icode= >,4jcy_B_A,1.8
465,0.0,PRO, ,CD,22.42,1000.00,0.0,2.69,1.0,<Residue PRO het=  resseq=60 icode= >,4jcy_B_A,1.8
466,4.813,VAL, ,N,19.18,17.79,2.047,4.74,1.0,<Residue VAL het=  resseq=61 icode= >,4jcy_B_A,1.8
467,0.0,VAL, ,CA,18.62,16.50,0.0,3.20,1.0,<Residue VAL het=  resseq=61 icode= >,4jcy_B_A,1.8
468,0.0,VAL, ,C,18.39,16.73,0.0,4.34,1.0,<Residue VAL het=  resseq=61 icode= >,4jcy_B_A,1.8
469,0.0,VAL, ,O,18.01,16.03,0.0,4.95,1.0,<Residue VAL het=  resseq=61 icode= >,4jcy_B_A,1.8
470,1.851,VAL, ,CB,18.4,15.62,0.0,3.61,1.0,<Residue VAL het=  resseq=61 icode= >,4jcy_B_A,1.8
471,25.924,VAL, ,CG1,19.16,16.36,24.248,2.68,1.0,<Residue VAL het=  resseq=61 icode= >,4jcy_B_A,1.8
472,0.0,VAL, ,CG2,18.07,14.20,0.0,2.48,1.0,<Residue VAL het=  resseq=61 icode= >,4jcy_B_A,1.8
473,0.406,SER, ,N,19.0,17.83,0.406,4.62,1.0,<Residue SER het=  resseq=62 icode= >,4jcy_B_A,1.8
474,0.796,SER, ,CA,19.14,17.59,0.796,3.39,1.0,<Residue SER het=  resseq=62 icode= >,4jcy_B_A,1.8
475,0.0,SER, ,C,19.12,17.68,0.0,4.21,1.0,<Residue SER het=  resseq=62 icode= >,4jcy_B_A,1.8
476,0.084,SER, ,O,18.85,17.33,0.084,4.70,1.0,<Residue SER het=  resseq=62 icode= >,4jcy_B_A,1.8
477,37.866,SER, ,CB,20.09,18.24,37.866,2.72,1.0,<Residue SER het=  resseq=62 icode= >,4jcy_B_A,1.8
478,15.933,SER, ,OG,20.97,19.57,15.933,3.75,1.0,<Residue SER het=  resseq=62 icode= >,4jcy_B_A,1.8
479,0.0,TYR, ,N,19.45,18.26,0.0,4.29,1.0,<Residue TYR het=  resseq=63 icode= >,4jcy_B_A,1.8
480,0.0,TYR, ,CA,20.08,18.39,0.0,3.48,1.0,<Residue TYR het=  resseq=63 icode= >,4jcy_B_A,1.8
481,0.0,TYR, ,C,19.55,17.05,0.0,4.45,1.0,<Residue TYR het=  resseq=63 icode= >,4jcy_B_A,1.8
482,0.0,TYR, ,O,19.88,17.02,0.0,5.15,1.0,<Residue TYR het=  resseq=63 icode= >,4jcy_B_A,1.8
483,0.0,TYR, ,CB,20.32,19.15,0.0,3.12,1.0,<Residue TYR het=  resseq=63 icode= >,4jcy_B_A,1.8
484,0.0,TYR, ,CG,20.63,19.45,0.0,3.63,1.0,<Residue TYR het=  resseq=63 icode= >,4jcy_B_A,1.8
485,0.0,TYR, ,CD1,21.71,20.50,0.0,3.52,1.0,<Residue TYR het=  resseq=63 icode= >,4jcy_B_A,1.8
486,0.0,TYR, ,CD2,20.14,18.81,0.0,3.48,1.0,<Residue TYR het=  resseq=63 icode= >,4jcy_B_A,1.8
487,1.208,TYR, ,CE1,22.29,20.92,0.0,2.78,1.0,<Residue TYR het=  resseq=63 icode= >,4jcy_B_A,1.8
488,0.0,TYR, ,CE2,20.49,19.26,0.0,3.31,1.0,<Residue TYR het=  resseq=63 icode= >,4jcy_B_A,1.8
489,0.0,TYR, ,CZ,21.85,20.32,0.0,3.70,1.0,<Residue TYR het=  resseq=63 icode= >,4jcy_B_A,1.8
490,7.809,TYR, ,OH,22.71,20.88,0.0,3.97,1.0,<Residue TYR het=  resseq=63 icode= >,4jcy_B_A,1.8
491,0.0,LEU, ,N,19.44,16.04,0.0,3.67,1.0,<Residue LEU het=  resseq=64 icode= >,4jcy_B_A,1.8
492,0.0,LEU, ,CA,19.07,14.72,0.0,3.95,1.0,<Residue LEU het=  resseq=64 icode= >,4jcy_B_A,1.8
493,0.0,LEU, ,C,19.24,13.98,0.0,4.43,1.0,<Residue LEU het=  resseq=64 icode= >,4jcy_B_A,1.8
494,0.0,LEU, ,O,19.14,12.99,0.0,4.56,1.0,<Residue LEU het=  resseq=64 icode= >,4jcy_B_A,1.8
495,0.0,LEU, ,CB,18.87,13.96,0.0,3.20,1.0,<Residue LEU het=  resseq=64 icode= >,4jcy_B_A,1.8
496,0.0,LEU, ,CG,19.15,14.38,0.0,2.88,1.0,<Residue LEU het=  resseq=64 icode= >,4jcy_B_A,1.8
497,0.0,LEU, ,CD1,19.5,13.29,0.0,2.67,1.0,<Residue LEU het=  resseq=64 icode= >,4jcy_B_A,1.8
498,0.0,LEU, ,CD2,19.55,14.56,0.0,2.53,1.0,<Residue LEU het=  resseq=64 icode= >,4jcy_B_A,1.8
499,0.0,TYR, ,N,19.32,14.61,0.0,4.53,1.0,<Residue TYR het=  resseq=65 icode= >,4jcy_B_A,1.8
500,1.847,TYR, ,CA,19.25,14.22,1.847,3.23,1.0,<Residue TYR het=  resseq=65 icode= >,4jcy_B_A,1.8
501,0.666,TYR, ,C,19.83,15.37,0.666,4.48,1.0,<Residue TYR het=  resseq=65 icode= >,4jcy_B_A,1.8
502,18.981,TYR, ,O,19.68,15.46,18.981,4.39,1.0,<Residue TYR het=  resseq=65 icode= >,4jcy_B_A,1.8
503,16.951,TYR, ,CB,19.21,14.03,16.951,2.98,1.0,<Residue TYR het=  resseq=65 icode= >,4jcy_B_A,1.8
504,2.03,TYR, ,CG,18.76,12.92,2.03,3.39,1.0,<Residue TYR het=  resseq=65 icode= >,4jcy_B_A,1.8
505,16.21,TYR, ,CD1,18.53,11.65,16.21,3.42,1.0,<Residue TYR het=  resseq=65 icode= >,4jcy_B_A,1.8
506,2.602,TYR, ,CD2,18.71,13.26,2.602,3.29,1.0,<Residue TYR het=  resseq=65 icode= >,4jcy_B_A,1.8
507,18.067,TYR, ,CE1,18.47,10.69,12.799,3.25,1.0,<Residue TYR het=  resseq=65 icode= >,4jcy_B_A,1.8
508,0.0,TYR, ,CE2,18.5,12.44,0.0,3.14,1.0,<Residue TYR het=  resseq=65 icode= >,4jcy_B_A,1.8
509,0.454,TYR, ,CZ,18.32,11.13,0.454,3.53,1.0,<Residue TYR het=  resseq=65 icode= >,4jcy_B_A,1.8
510,2.897,TYR, ,OH,18.24,10.42,0.401,4.73,1.0,<Residue TYR het=  resseq=65 icode= >,4jcy_B_A,1.8
511,0.0,THR, ,N,20.03,16.33,0.0,3.95,1.0,<Residue THR het=  resseq=66 icode= >,4jcy_B_A,1.8
512,1.841,THR, ,CA,21.03,17.55,1.841,3.51,1.0,<Residue THR het=  resseq=66 icode= >,4jcy_B_A,1.8
513,0.0,THR, ,C,21.43,17.65,0.0,4.83,1.0,<Residue THR het=  resseq=66 icode= >,4jcy_B_A,1.8
514,0.0,THR, ,O,21.85,17.99,0.0,4.51,1.0,<Residue THR het=  resseq=66 icode= >,4jcy_B_A,1.8
515,0.0,THR, ,CB,21.56,18.83,0.0,3.43,1.0,<Residue THR het=  resseq=66 icode= >,4jcy_B_A,1.8
516,5.682,THR, ,OG1,21.17,18.91,5.682,4.28,1.0,<Residue THR het=  resseq=66 icode= >,4jcy_B_A,1.8
517,1.247,THR, ,CG2,22.92,20.10,1.247,2.12,1.0,<Residue THR het=  resseq=66 icode= >,4jcy_B_A,1.8
518,0.0,PRO, ,N,21.78,17.50,0.0,4.43,1.0,<Residue PRO het=  resseq=67 icode= >,4jcy_B_A,1.8
519,2.261,PRO, ,CA,22.52,17.73,0.0,3.24,1.0,<Residue PRO het=  resseq=67 icode= >,4jcy_B_A,1.8
520,0.0,PRO, ,C,23.66,19.22,0.0,4.04,1.0,<Residue PRO het=  resseq=67 icode= >,4jcy_B_A,1.8
521,16.714,PRO, ,O,23.95,19.61,0.0,4.51,1.0,<Residue PRO het=  resseq=67 icode= >,4jcy_B_A,1.8
522,26.317,PRO, ,CB,22.79,17.31,0.003,2.79,1.0,<Residue PRO het=  resseq=67 icode= >,4jcy_B_A,1.8
523,31.497,PRO, ,CG,22.79,17.28,19.449,3.09,1.0,<Residue PRO het=  resseq=67 icode= >,4jcy_B_A,1.8
524,10.465,PRO, ,CD,21.99,17.24,10.465,2.79,1.0,<Residue PRO het=  resseq=67 icode= >,4jcy_B_A,1.8
525,0.0,GLU, ,N,24.48,1000.00,0.0,3.67,1.0,<Residue GLU het=  resseq=68 icode= >,4jcy_B_A,1.8
526,7.131,GLU, ,CA,26.53,1000.00,0.0,3.12,1.0,<Residue GLU het=  resseq=68 icode= >,4jcy_B_A,1.8
527,0.0,GLU, ,C,26.59,1000.00,0.0,4.58,1.0,<Residue GLU het=  resseq=68 icode= >,4jcy_B_A,1.8
528,0.0,GLU, ,O,25.81,1000.00,0.0,4.17,1.0,<Residue GLU het=  resseq=68 icode= >,4jcy_B_A,1.8
529,3.255,GLU, ,CB,27.5,1000.00,1.838,2.77,1.0,<Residue GLU het=  resseq=68 icode= >,4jcy_B_A,1.8
530,33.345,GLU, ,CG,28.35,1000.00,8.113,2.07,1.0,<Residue GLU het=  resseq=68 icode= >,4jcy_B_A,1.8
531,2.243,GLU, ,CD,27.65,1000.00,2.203,3.10,1.0,<Residue GLU het=  resseq=68 icode= >,4jcy_B_A,1.8
532,4.876,GLU, ,OE1,26.62,1000.00,4.876,4.22,1.0,<Residue GLU het=  resseq=68 icode= >,4jcy_B_A,1.8
533,39.412,GLU, ,OE2,28.72,1000.00,18.308,2.51,1.0,<Residue GLU het=  resseq=68 icode= >,4jcy_B_A,1.8
534,4.743,ASP, ,N,27.95,1000.00,0.0,4.00,1.0,<Residue ASP het=  resseq=69 icode= >,4jcy_B_A,1.8
535,0.589,ASP, ,CA,28.58,1000.00,0.0,3.47,1.0,<Residue ASP het=  resseq=69 icode= >,4jcy_B_A,1.8
536,0.923,ASP, ,C,29.6,1000.00,0.0,3.56,1.0,<Residue ASP het=  resseq=69 icode= >,4jcy_B_A,1.8
537,4.988,ASP, ,O,29.42,1000.00,0.0,3.62,1.0,<Residue ASP het=  resseq=69 icode= >,4jcy_B_A,1.8
538,30.021,ASP, ,CB,30.09,1000.00,0.0,2.09,1.0,<Residue ASP het=  resseq=69 icode= >,4jcy_B_A,1.8
539,11.848,ASP, ,CG,29.62,1000.00,0.0,2.72,1.0,<Residue ASP het=  resseq=69 icode= >,4jcy_B_A,1.8
540,3.7,ASP, ,OD1,28.93,1000.00,0.0,2.76,1.0,<Residue ASP het=  resseq=69 icode= >,4jcy_B_A,1.8
541,34.477,ASP, ,OD2,31.37,1000.00,0.0,2.68,1.0,<Residue ASP het=  resseq=69 icode= >,4jcy_B_A,1.8
542,1.053,ASP, ,N,30.89,1000.00,0.0,3.08,1.0,<Residue ASP het=  resseq=70 icode= >,4jcy_B_A,1.8
543,6.711,ASP, ,CA,31.83,1000.00,0.21,2.88,1.0,<Residue ASP het=  resseq=70 icode= >,4jcy_B_A,1.8
544,0.0,ASP, ,C,30.44,1000.00,0.0,3.64,1.0,<Residue ASP het=  resseq=70 icode= >,4jcy_B_A,1.8
545,1.868,ASP, ,O,30.68,1000.00,1.764,3.77,1.0,<Residue ASP het=  resseq=70 icode= >,4jcy_B_A,1.8
546,34.98,ASP, ,CB,34.93,1000.00,17.607,1.74,1.0,<Residue ASP het=  resseq=70 icode= >,4jcy_B_A,1.8
547,11.783,ASP, ,CG,35.42,1000.00,3.53,2.44,1.0,<Residue ASP het=  resseq=70 icode= >,4jcy_B_A,1.8
548,10.571,ASP, ,OD1,34.77,1000.00,1.927,2.15,1.0,<Residue ASP het=  resseq=70 icode= >,4jcy_B_A,1.8
549,41.741,ASP, ,OD2,37.75,1000.00,27.215,1.87,1.0,<Residue ASP het=  resseq=70 icode= >,4jcy_B_A,1.8
550,0.128,LEU, ,N,28.51,1000.00,0.128,3.51,1.0,<Residue LEU het=  resseq=71 icode= >,4jcy_B_A,1.8
551,0.578,LEU, ,CA,27.15,1000.00,0.578,3.48,1.0,<Residue LEU het=  resseq=71 icode= >,4jcy_B_A,1.8
552,0.0,LEU, ,C,25.94,1000.00,0.0,3.79,1.0,<Residue LEU het=  resseq=71 icode= >,4jcy_B_A,1.8
553,0.0,LEU, ,O,25.83,1000.00,0.0,4.00,1.0,<Residue LEU het=  resseq=71 icode= >,4jcy_B_A,1.8
554,7.612,LEU, ,CB,26.13,1000.00,7.612,2.72,1.0,<Residue LEU het=  resseq=71 icode= >,4jcy_B_A,1.8
555,0.0,LEU, ,CG,25.18,1000.00,0.0,3.24,1.0,<Residue LEU het=  resseq=71 icode= >,4jcy_B_A,1.8
556,31.791,LEU, ,CD1,26.34,1000.00,31.691,2.44,1.0,<Residue LEU het=  resseq=71 icode= >,4jcy_B_A,1.8
557,40.601,LEU, ,CD2,24.7,1000.00,40.601,2.42,1.0,<Residue LEU het=  resseq=71 icode= >,4jcy_B_A,1.8
558,0.0,ALA, ,N,24.93,1000.00,0.0,3.95,1.0,<Residue ALA het=  resseq=72 icode= >,4jcy_B_A,1.8
559,0.0,ALA, ,CA,24.28,1000.00,0.0,3.03,1.0,<Residue ALA het=  resseq=72 icode= >,4jcy_B_A,1.8
560,0.0,ALA, ,C,25.38,1000.00,0.0,3.85,1.0,<Residue ALA het=  resseq=72 icode= >,4jcy_B_A,1.8
561,0.0,ALA, ,O,25.16,1000.00,0.0,4.28,1.0,<Residue ALA het=  resseq=72 icode= >,4jcy_B_A,1.8
562,2.39,ALA, ,CB,23.27,1000.00,0.0,2.15,1.0,<Residue ALA het=  resseq=72 icode= >,4jcy_B_A,1.8
563,0.983,GLN, ,N,27.12,1000.00,0.0,3.73,1.0,<Residue GLN het=  resseq=73 icode= >,4jcy_B_A,1.8
564,1.508,GLN, ,CA,28.81,1000.00,0.0,2.66,1.0,<Residue GLN het=  resseq=73 icode= >,4jcy_B_A,1.8
565,0.0,GLN, ,C,29.41,1000.00,0.0,3.71,1.0,<Residue GLN het=  resseq=73 icode= >,4jcy_B_A,1.8
566,0.0,GLN, ,O,29.82,1000.00,0.0,3.44,1.0,<Residue GLN het=  resseq=73 icode= >,4jcy_B_A,1.8
567,11.891,GLN, ,CB,31.08,1000.00,0.031,1.83,1.0,<Residue GLN het=  resseq=73 icode= >,4jcy_B_A,1.8
568,29.693,GLN, ,CG,33.46,1000.00,0.0,1.52,1.0,<Residue GLN het=  resseq=73 icode= >,4jcy_B_A,1.8
569,5.391,GLN, ,CD,33.68,1000.00,0.0,2.48,1.0,<Residue GLN het=  resseq=73 icode= >,4jcy_B_A,1.8
570,35.442,GLN, ,OE1,34.21,1000.00,0.0,2.32,1.0,<Residue GLN het=  resseq=73 icode= >,4jcy_B_A,1.8
571,19.9,GLN, ,NE2,33.74,1000.00,0.0,2.09,1.0,<Residue GLN het=  resseq=73 icode= >,4jcy_B_A,1.8
572,0.0,ILE, ,N,29.56,1000.00,0.0,3.75,1.0,<Residue ILE het=  resseq=74 icode= >,4jcy_B_A,1.8
573,1.799,ILE, ,CA,30.25,1000.00,0.0,2.60,1.0,<Residue ILE het=  resseq=74 icode= >,4jcy_B_A,1.8
574,0.0,ILE, ,C,29.06,1000.00,0.0,3.77,1.0,<Residue ILE het=  resseq=74 icode= >,4jcy_B_A,1.8
575,0.157,ILE, ,O,29.64,1000.00,0.0,3.63,1.0,<Residue ILE het=  resseq=74 icode= >,4jcy_B_A,1.8
576,0.0,ILE, ,CB,30.9,1000.00,0.0,2.28,1.0,<Residue ILE het=  resseq=74 icode= >,4jcy_B_A,1.8
577,21.28,ILE, ,CG1,32.6,1000.00,14.147,2.33,1.0,<Residue ILE het=  resseq=74 icode= >,4jcy_B_A,1.8
578,34.411,ILE, ,CG2,31.42,1000.00,23.684,1.46,1.0,<Residue ILE het=  resseq=74 icode= >,4jcy_B_A,1.8
579,48.895,ILE, ,CD1,33.33,1000.00,48.135,1.68,1.0,<Residue ILE het=  resseq=74 icode= >,4jcy_B_A,1.8
580,0.0,ILE, ,N,27.17,1000.00,0.0,3.34,1.0,<Residue ILE het=  resseq=75 icode= >,4jcy_B_A,1.8
581,1.293,ILE, ,CA,26.24,1000.00,1.293,3.22,1.0,<Residue ILE het=  resseq=75 icode= >,4jcy_B_A,1.8
582,0.0,ILE, ,C,26.62,1000.00,0.0,4.19,1.0,<Residue ILE het=  resseq=75 icode= >,4jcy_B_A,1.8
583,0.0,ILE, ,O,26.73,1000.00,0.0,4.16,1.0,<Residue ILE het=  resseq=75 icode= >,4jcy_B_A,1.8
584,0.0,ILE, ,CB,24.4,1000.00,0.0,2.28,1.0,<Residue ILE het=  resseq=75 icode= >,4jcy_B_A,1.8
585,14.387,ILE, ,CG1,24.39,1000.00,14.376,2.56,1.0,<Residue ILE het=  resseq=75 icode= >,4jcy_B_A,1.8
586,2.434,ILE, ,CG2,23.55,1000.00,2.434,2.14,1.0,<Residue ILE het=  resseq=75 icode= >,4jcy_B_A,1.8
587,8.344,ILE, ,CD1,23.2,1000.00,8.344,2.57,1.0,<Residue ILE het=  resseq=75 icode= >,4jcy_B_A,1.8
588,0.0,LEU, ,N,26.85,1000.00,0.0,3.53,1.0,<Residue LEU het=  resseq=76 icode= >,4jcy_B_A,1.8
589,0.0,LEU, ,CA,27.92,1000.00,0.0,2.97,1.0,<Residue LEU het=  resseq=76 icode= >,4jcy_B_A,1.8
590,0.293,LEU, ,C,30.16,1000.00,0.0,3.49,1.0,<Residue LEU het=  resseq=76 icode= >,4jcy_B_A,1.8
591,0.641,LEU, ,O,30.93,1000.00,0.0,2.93,1.0,<Residue LEU het=  resseq=76 icode= >,4jcy_B_A,1.8
592,5.499,LEU, ,CB,27.48,1000.00,0.0,2.72,1.0,<Residue LEU het=  resseq=76 icode= >,4jcy_B_A,1.8
593,0.0,LEU, ,CG,26.24,1000.00,0.0,2.55,1.0,<Residue LEU het=  resseq=76 icode= >,4jcy_B_A,1.8
594,16.192,LEU, ,CD1,26.28,1000.00,0.0,1.94,1.0,<Residue LEU het=  resseq=76 icode= >,4jcy_B_A,1.8
595,7.066,LEU, ,CD2,25.14,1000.00,0.0,2.08,1.0,<Residue LEU het=  resseq=76 icode= >,4jcy_B_A,1.8
596,0.0,THR, ,N,31.73,1000.00,0.0,3.20,1.0,<Residue THR het=  resseq=77 icode= >,4jcy_B_A,1.8
597,1.671,THR, ,CA,34.46,1000.00,0.0,2.55,1.0,<Residue THR het=  resseq=77 icode= >,4jcy_B_A,1.8
598,0.0,THR, ,C,35.21,1000.00,0.0,3.44,1.0,<Residue THR het=  resseq=77 icode= >,4jcy_B_A,1.8
599,0.165,THR, ,O,36.48,1000.00,0.0,3.05,1.0,<Residue THR het=  resseq=77 icode= >,4jcy_B_A,1.8
600,3.931,THR, ,CB,35.87,1000.00,0.0,2.43,1.0,<Residue THR het=  resseq=77 icode= >,4jcy_B_A,1.8
601,11.761,THR, ,OG1,36.28,1000.00,0.0,2.80,1.0,<Residue THR het=  resseq=77 icode= >,4jcy_B_A,1.8
602,47.653,THR, ,CG2,38.31,1000.00,1.292,0.81,1.0,<Residue THR het=  resseq=77 icode= >,4jcy_B_A,1.8
603,0.689,TRP, ,N,34.93,1000.00,0.0,3.42,1.0,<Residue TRP het=  resseq=78 icode= >,4jcy_B_A,1.8
604,0.419,TRP, ,CA,35.7,1000.00,0.0,3.07,1.0,<Residue TRP het=  resseq=78 icode= >,4jcy_B_A,1.8
605,0.0,TRP, ,C,35.35,1000.00,0.0,3.83,1.0,<Residue TRP het=  resseq=78 icode= >,4jcy_B_A,1.8
606,0.0,TRP, ,O,36.08,1000.00,0.0,3.44,1.0,<Residue TRP het=  resseq=78 icode= >,4jcy_B_A,1.8
607,5.525,TRP, ,CB,35.38,1000.00,2.727,2.37,1.0,<Residue TRP het=  resseq=78 icode= >,4jcy_B_A,1.8
608,2.083,TRP, ,CG,36.06,1000.00,2.083,2.98,1.0,<Residue TRP het=  resseq=78 icode= >,4jcy_B_A,1.8
609,13.037,TRP, ,CD1,37.61,1000.00,12.15,2.51,1.0,<Residue TRP het=  resseq=78 icode= >,4jcy_B_A,1.8
610,2.392,TRP, ,CD2,35.5,1000.00,2.392,2.71,1.0,<Residue TRP het=  resseq=78 icode= >,4jcy_B_A,1.8
611,11.216,TRP, ,NE1,37.89,1000.00,11.049,3.15,1.0,<Residue TRP het=  resseq=78 icode= >,4jcy_B_A,1.8
612,3.474,TRP, ,CE2,36.41,1000.00,3.474,3.22,1.0,<Residue TRP het=  resseq=78 icode= >,4jcy_B_A,1.8
613,4.087,TRP, ,CE3,34.51,1000.00,4.087,1.88,1.0,<Residue TRP het=  resseq=78 icode= >,4jcy_B_A,1.8
614,22.512,TRP, ,CZ2,36.32,1000.00,22.512,1.89,1.0,<Residue TRP het=  resseq=78 icode= >,4jcy_B_A,1.8
615,11.694,TRP, ,CZ3,34.37,1000.00,8.182,2.24,1.0,<Residue TRP het=  resseq=78 icode= >,4jcy_B_A,1.8
616,25.18,TRP, ,CH2,35.04,1000.00,21.518,1.78,1.0,<Residue TRP het=  resseq=78 icode= >,4jcy_B_A,1.8
617,0.0,ASN, ,N,33.82,1000.00,0.0,3.01,1.0,<Residue ASN het=  resseq=79 icode= >,4jcy_B_A,1.8
618,0.0,ASN, ,CA,33.76,1000.00,0.0,2.76,1.0,<Residue ASN het=  resseq=79 icode= >,4jcy_B_A,1.8
619,0.0,ASN, ,C,35.74,1000.00,0.0,3.43,1.0,<Residue ASN het=  resseq=79 icode= >,4jcy_B_A,1.8
620,13.949,ASN, ,O,36.36,1000.00,0.0,3.09,1.0,<Residue ASN het=  resseq=79 icode= >,4jcy_B_A,1.8
621,0.0,ASN, ,CB,32.03,1000.00,0.0,2.14,1.0,<Residue ASN het=  resseq=79 icode= >,4jcy_B_A,1.8
622,0.436,ASN, ,CG,31.67,1000.00,0.0,3.82,1.0,<Residue ASN het=  resseq=79 icode= >,4jcy_B_A,1.8
623,8.539,ASN, ,OD1,31.58,1000.00,0.0,3.14,1.0,<Residue ASN het=  resseq=79 icode= >,4jcy_B_A,1.8
624,23.754,ASN, ,ND2,31.66,1000.00,0.0,3.31,1.0,<Residue ASN het=  resseq=79 icode= >,4jcy_B_A,1.8
625,0.0,GLU, ,N,37.38,1000.00,0.0,2.57,1.0,<Residue GLU het=  resseq=80 icode= >,4jcy_B_A,1.8
626,5.807,GLU, ,CA,39.56,1000.00,0.0,2.14,1.0,<Residue GLU het=  resseq=80 icode= >,4jcy_B_A,1.8
627,1.718,GLU, ,C,41.48,1000.00,0.0,2.76,1.0,<Residue GLU het=  resseq=80 icode= >,4jcy_B_A,1.8
628,25.414,GLU, ,O,42.87,1000.00,0.0,2.35,1.0,<Residue GLU het=  resseq=80 icode= >,4jcy_B_A,1.8
629,15.263,GLU, ,CB,40.67,1000.00,0.0,1.76,1.0,<Residue GLU het=  resseq=80 icode= >,4jcy_B_A,1.8
630,23.523,GLU, ,CG,40.7,1000.00,0.0,1.53,1.0,<Residue GLU het=  resseq=80 icode= >,4jcy_B_A,1.8
631,8.603,GLU, ,CD,41.26,1000.00,0.0,1.77,1.0,<Residue GLU het=  resseq=80 icode= >,4jcy_B_A,1.8
632,23.239,GLU, ,OE1,42.57,1000.00,0.0,1.76,1.0,<Residue GLU het=  resseq=80 icode= >,4jcy_B_A,1.8
633,41.348,GLU, ,OE2,40.99,1000.00,0.0,1.04,1.0,<Residue GLU het=  resseq=80 icode= >,4jcy_B_A,1.8
634,0.0,LEU, ,N,41.51,1000.00,0.0,2.19,1.0,<Residue LEU het=  resseq=81 icode= >,4jcy_B_A,1.8
635,0.005,LEU, ,CA,43.56,1000.00,0.0,2.81,1.0,<Residue LEU het=  resseq=81 icode= >,4jcy_B_A,1.8
636,0.861,LEU, ,C,44.43,1000.00,0.0,3.20,1.0,<Residue LEU het=  resseq=81 icode= >,4jcy_B_A,1.8
637,5.352,LEU, ,O,43.18,1000.00,0.0,2.79,1.0,<Residue LEU het=  resseq=81 icode= >,4jcy_B_A,1.8
638,0.0,LEU, ,CB,43.4,1000.00,0.0,2.89,1.0,<Residue LEU het=  resseq=81 icode= >,4jcy_B_A,1.8
639,0.0,LEU, ,CG,43.21,1000.00,0.0,2.66,1.0,<Residue LEU het=  resseq=81 icode= >,4jcy_B_A,1.8
640,9.216,LEU, ,CD1,43.63,1000.00,0.0,1.39,1.0,<Residue LEU het=  resseq=81 icode= >,4jcy_B_A,1.8
641,26.889,LEU, ,CD2,45.05,1000.00,0.0,1.71,1.0,<Residue LEU het=  resseq=81 icode= >,4jcy_B_A,1.8
642,0.765,ASN, ,N,47.02,1000.00,0.0,2.18,1.0,<Residue ASN het=  resseq=82 icode= >,4jcy_B_A,1.8
643,9.506,ASN, ,CA,48.65,1000.00,0.0,1.70,1.0,<Residue ASN het=  resseq=82 icode= >,4jcy_B_A,1.8
644,0.0,ASN, ,C,49.47,1000.00,0.0,2.71,1.0,<Residue ASN het=  resseq=82 icode= >,4jcy_B_A,1.8
645,0.0,ASN, ,O,49.02,1000.00,0.0,2.50,1.0,<Residue ASN het=  resseq=82 icode= >,4jcy_B_A,1.8
646,31.649,ASN, ,CB,51.05,1000.00,0.0,1.44,1.0,<Residue ASN het=  resseq=82 icode= >,4jcy_B_A,1.8
647,1.22,ASN, ,CG,52.96,1000.00,0.0,2.06,1.0,<Residue ASN het=  resseq=82 icode= >,4jcy_B_A,1.8
648,0.027,ASN, ,OD1,52.86,1000.00,0.0,2.22,1.0,<Residue ASN het=  resseq=82 icode= >,4jcy_B_A,1.8
649,45.75,ASN, ,ND2,54.78,1000.00,0.0,1.30,1.0,<Residue ASN het=  resseq=82 icode= >,4jcy_B_A,1.8
650,2.275,GLU, ,N,50.93,1000.00,0.0,2.44,1.0,<Residue GLU het=  resseq=83 icode= >,4jcy_B_A,1.8
651,0.0,GLU, ,CA,51.71,1000.00,0.0,1.93,1.0,<Residue GLU het=  resseq=83 icode= >,4jcy_B_A,1.8
652,0.0,GLU, ,C,53.22,1000.00,0.0,2.86,1.0,<Residue GLU het=  resseq=83 icode= >,4jcy_B_A,1.8
653,1.283,GLU, ,O,52.98,1000.00,0.0,2.56,1.0,<Residue GLU het=  resseq=83 icode= >,4jcy_B_A,1.8
654,18.179,GLU, ,CB,53.19,1000.00,0.0,1.19,1.0,<Residue GLU het=  resseq=83 icode= >,4jcy_B_A,1.8
655,37.06,GLU, ,CG,51.96,1000.00,0.0,0.92,1.0,<Residue GLU het=  resseq=83 icode= >,4jcy_B_A,1.8
656,8.034,GLU, ,CD,50.07,1000.00,0.0,1.66,1.0,<Residue GLU het=  resseq=83 icode= >,4jcy_B_A,1.8
657,24.287,GLU, ,OE1,50.56,1000.00,3.175,1.36,1.0,<Residue GLU het=  resseq=83 icode= >,4jcy_B_A,1.8
658,18.951,GLU, ,OE2,48.8,1000.00,0.0,1.53,1.0,<Residue GLU het=  resseq=83 icode= >,4jcy_B_A,1.8
659,0.452,GLN, ,N,55.03,1000.00,0.0,2.42,1.0,<Residue GLN het=  resseq=84 icode= >,4jcy_B_A,1.8
660,0.0,GLN, ,CA,56.8,1000.00,0.0,2.29,1.0,<Residue GLN het=  resseq=84 icode= >,4jcy_B_A,1.8
661,0.0,GLN, ,C,56.17,1000.00,0.0,2.79,1.0,<Residue GLN het=  resseq=84 icode= >,4jcy_B_A,1.8
662,1.675,GLN, ,O,57.05,1000.00,0.0,2.07,1.0,<Residue GLN het=  resseq=84 icode= >,4jcy_B_A,1.8
663,6.169,GLN, ,CB,59.05,1000.00,0.0,1.44,1.0,<Residue GLN het=  resseq=84 icode= >,4jcy_B_A,1.8
664,34.818,GLN, ,CG,60.38,1000.00,0.0,1.17,1.0,<Residue GLN het=  resseq=84 icode= >,4jcy_B_A,1.8
665,5.49,GLN, ,CD,61.06,1000.00,0.0,2.59,1.0,<Residue GLN het=  resseq=84 icode= >,4jcy_B_A,1.8
666,32.651,GLN, ,OE1,62.41,1000.00,0.0,2.37,1.0,<Residue GLN het=  resseq=84 icode= >,4jcy_B_A,1.8
667,25.256,GLN, ,NE2,59.76,1000.00,0.0,2.01,1.0,<Residue GLN het=  resseq=84 icode= >,4jcy_B_A,1.8
668,0.0,GLU, ,N,55.05,1000.00,0.0,2.32,1.0,<Residue GLU het=  resseq=85 icode= >,4jcy_B_A,1.8
669,0.0,GLU, ,CA,54.38,1000.00,0.0,2.33,1.0,<Residue GLU het=  resseq=85 icode= >,4jcy_B_A,1.8
670,0.0,GLU, ,C,52.8,1000.00,0.0,3.38,1.0,<Residue GLU het=  resseq=85 icode= >,4jcy_B_A,1.8
671,1.135,GLU, ,O,53.06,1000.00,0.024,2.57,1.0,<Residue GLU het=  resseq=85 icode= >,4jcy_B_A,1.8
672,2.203,GLU, ,CB,53.43,1000.00,0.0,1.27,1.0,<Residue GLU het=  resseq=85 icode= >,4jcy_B_A,1.8
673,14.731,GLU, ,CG,55.69,1000.00,0.0,0.94,1.0,<Residue GLU het=  resseq=85 icode= >,4jcy_B_A,1.8
674,1.77,GLU, ,CD,54.96,1000.00,0.0,1.68,1.0,<Residue GLU het=  resseq=85 icode= >,4jcy_B_A,1.8
675,38.925,GLU, ,OE1,56.4,1000.00,0.0,1.41,1.0,<Residue GLU het=  resseq=85 icode= >,4jcy_B_A,1.8
676,6.019,GLU, ,OE2,53.1,1000.00,0.0,1.65,1.0,<Residue GLU het=  resseq=85 icode= >,4jcy_B_A,1.8
677,0.0,ARG, ,N,51.62,1000.00,0.0,2.64,1.0,<Residue ARG het=  resseq=86 icode= >,4jcy_B_A,1.8
678,0.0,ARG, ,CA,50.56,1000.00,0.0,2.09,1.0,<Residue ARG het=  resseq=86 icode= >,4jcy_B_A,1.8
679,0.0,ARG, ,C,52.4,1000.00,0.0,2.48,1.0,<Residue ARG het=  resseq=86 icode= >,4jcy_B_A,1.8
680,0.067,ARG, ,O,52.12,1000.00,0.0,2.00,1.0,<Residue ARG het=  resseq=86 icode= >,4jcy_B_A,1.8
681,5.865,ARG, ,CB,48.59,1000.00,2.714,1.76,1.0,<Residue ARG het=  resseq=86 icode= >,4jcy_B_A,1.8
682,0.0,ARG, ,CG,46.88,1000.00,0.0,1.73,1.0,<Residue ARG het=  resseq=86 icode= >,4jcy_B_A,1.8
683,3.639,ARG, ,CD,45.52,1000.00,3.639,2.08,1.0,<Residue ARG het=  resseq=86 icode= >,4jcy_B_A,1.8
684,0.0,ARG, ,NE,43.94,1000.00,0.0,2.61,1.0,<Residue ARG het=  resseq=86 icode= >,4jcy_B_A,1.8
685,1.028,ARG, ,CZ,42.85,1000.00,0.0,2.90,1.0,<Residue ARG het=  resseq=86 icode= >,4jcy_B_A,1.8
686,22.655,ARG, ,NH1,43.38,1000.00,1.735,1.76,1.0,<Residue ARG het=  resseq=86 icode= >,4jcy_B_A,1.8
687,9.743,ARG, ,NH2,41.44,1000.00,0.0,2.24,1.0,<Residue ARG het=  resseq=86 icode= >,4jcy_B_A,1.8
688,0.148,LYS, ,N,55.06,1000.00,0.0,1.79,1.0,<Residue LYS het=  resseq=87 icode= >,4jcy_B_A,1.8
689,0.169,LYS, ,CA,57.61,1000.00,0.0,1.45,1.0,<Residue LYS het=  resseq=87 icode= >,4jcy_B_A,1.8
690,0.181,LYS, ,C,59.12,1000.00,0.0,2.94,1.0,<Residue LYS het=  resseq=87 icode= >,4jcy_B_A,1.8
691,0.023,LYS, ,O,59.73,1000.00,0.0,2.41,1.0,<Residue LYS het=  resseq=87 icode= >,4jcy_B_A,1.8
692,5.754,LYS, ,CB,59.8,1000.00,0.0,1.03,1.0,<Residue LYS het=  resseq=87 icode= >,4jcy_B_A,1.8
693,12.706,LYS, ,CG,59.45,1000.00,0.0,1.44,1.0,<Residue LYS het=  resseq=87 icode= >,4jcy_B_A,1.8
694,12.825,LYS, ,CD,62.02,1000.00,0.0,1.32,1.0,<Residue LYS het=  resseq=87 icode= >,4jcy_B_A,1.8
695,44.646,LYS, ,CE,62.08,1000.00,0.0,1.41,1.0,<Residue LYS het=  resseq=87 icode= >,4jcy_B_A,1.8
696,29.214,LYS, ,NZ,60.54,1000.00,0.0,1.15,1.0,<Residue LYS het=  resseq=87 icode= >,4jcy_B_A,1.8
697,0.062,ARG, ,N,60.53,1000.00,0.0,2.40,1.0,<Residue ARG het=  resseq=88 icode= >,4jcy_B_A,1.8
698,5.649,ARG, ,CA,62.69,1000.00,0.0,1.71,1.0,<Residue ARG het=  resseq=88 icode= >,4jcy_B_A,1.8
699,0.338,ARG, ,C,61.28,1000.00,0.338,2.48,1.0,<Residue ARG het=  resseq=88 icode= >,4jcy_B_A,1.8
700,6.04,ARG, ,O,62.35,1000.00,1.015,1.71,1.0,<Residue ARG het=  resseq=88 icode= >,4jcy_B_A,1.8
701,14.575,ARG, ,CB,63.93,1000.00,12.248,0.94,1.0,<Residue ARG het=  resseq=88 icode= >,4jcy_B_A,1.8
702,15.985,ARG, ,CG,66.49,1000.00,0.411,1.05,1.0,<Residue ARG het=  resseq=88 icode= >,4jcy_B_A,1.8
703,21.247,ARG, ,CD,67.32,1000.00,10.112,0.98,1.0,<Residue ARG het=  resseq=88 icode= >,4jcy_B_A,1.8
704,1.002,ARG, ,NE,68.66,1000.00,0.0,1.59,1.0,<Residue ARG het=  resseq=88 icode= >,4jcy_B_A,1.8
705,7.345,ARG, ,CZ,71.8,1000.00,0.0,1.43,1.0,<Residue ARG het=  resseq=88 icode= >,4jcy_B_A,1.8
706,48.326,ARG, ,NH1,73.66,1000.00,0.0,1.22,1.0,<Residue ARG het=  resseq=88 icode= >,4jcy_B_A,1.8
707,45.034,ARG, ,NH2,73.12,1000.00,0.0,0.94,1.0,<Residue ARG het=  resseq=88 icode= >,4jcy_B_A,1.8
708,0.0,ILE, ,N,59.52,1000.00,0.0,1.99,1.0,<Residue ILE het=  resseq=89 icode= >,4jcy_B_A,1.8
709,0.0,ILE, ,CA,58.39,1000.00,0.0,2.30,1.0,<Residue ILE het=  resseq=89 icode= >,4jcy_B_A,1.8
710,0.017,ILE, ,C,58.69,1000.00,0.017,2.65,1.0,<Residue ILE het=  resseq=89 icode= >,4jcy_B_A,1.8
711,4.568,ILE, ,O,59.26,1000.00,0.148,1.84,1.0,<Residue ILE het=  resseq=89 icode= >,4jcy_B_A,1.8
712,0.38,ILE, ,CB,56.2,1000.00,0.321,1.23,1.0,<Residue ILE het=  resseq=89 icode= >,4jcy_B_A,1.8
713,2.027,ILE, ,CG1,56.63,1000.00,0.0,1.09,1.0,<Residue ILE het=  resseq=89 icode= >,4jcy_B_A,1.8
714,43.509,ILE, ,CG2,54.55,1000.00,28.582,0.61,1.0,<Residue ILE het=  resseq=89 icode= >,4jcy_B_A,1.8
715,48.388,ILE, ,CD1,58.04,1000.00,35.992,0.60,1.0,<Residue ILE het=  resseq=89 icode= >,4jcy_B_A,1.8
716,0.0,ASN, ,N,58.87,1000.00,0.0,2.14,1.0,<Residue ASN het=  resseq=90 icode= >,4jcy_B_A,1.8
717,4.207,ASN, ,CA,59.28,1000.00,0.68,1.84,1.0,<Residue ASN het=  resseq=90 icode= >,4jcy_B_A,1.8
718,1.647,ASN, ,C,61.8,1000.00,0.0,1.67,1.0,<Residue ASN het=  resseq=90 icode= >,4jcy_B_A,1.8
719,25.353,ASN, ,O,61.88,1000.00,0.0,0.95,1.0,<Residue ASN het=  resseq=90 icode= >,4jcy_B_A,1.8
720,16.526,ASN, ,CB,59.3,1000.00,0.0,0.97,1.0,<Residue ASN het=  resseq=90 icode= >,4jcy_B_A,1.8
721,5.523,ASN, ,CG,57.18,1000.00,0.585,1.83,1.0,<Residue ASN het=  resseq=90 icode= >,4jcy_B_A,1.8
722,30.366,ASN, ,OD1,57.52,1000.00,9.895,1.55,1.0,<Residue ASN het=  resseq=90 icode= >,4jcy_B_A,1.8
723,32.678,ASN, ,ND2,55.1,1000.00,26.24,1.13,1.0,<Residue ASN het=  resseq=90 icode= >,4jcy_B_A,1.8
724,0.383,PHE, ,N,64.48,1000.00,0.0,1.36,1.0,<Residue PHE het=  resseq=91 icode= >,4jcy_B_A,1.8
725,5.086,PHE, ,CA,67.32,1000.00,0.0,1.54,1.0,<Residue PHE het=  resseq=91 icode= >,4jcy_B_A,1.8
726,1.199,PHE, ,C,67.61,1000.00,0.0,2.03,1.0,<Residue PHE het=  resseq=91 icode= >,4jcy_B_A,1.8
727,25.738,PHE, ,O,68.33,1000.00,0.0,1.16,1.0,<Residue PHE het=  resseq=91 icode= >,4jcy_B_A,1.8
728,17.034,PHE, ,CB,69.69,1000.00,0.0,0.88,1.0,<Residue PHE het=  resseq=91 icode= >,4jcy_B_A,1.8
729,2.397,PHE, ,CG,71.1,1000.00,0.0,1.28,1.0,<Residue PHE het=  resseq=91 icode= >,4jcy_B_A,1.8
730,24.471,PHE, ,CD1,72.15,1000.00,0.0,0.86,1.0,<Residue PHE het=  resseq=91 icode= >,4jcy_B_A,1.8
731,11.609,PHE, ,CD2,71.47,1000.00,0.0,1.38,1.0,<Residue PHE het=  resseq=91 icode= >,4jcy_B_A,1.8
732,36.653,PHE, ,CE1,73.51,1000.00,0.0,0.54,1.0,<Residue PHE het=  resseq=91 icode= >,4jcy_B_A,1.8
733,24.824,PHE, ,CE2,72.89,1000.00,0.0,1.10,1.0,<Residue PHE het=  resseq=91 icode= >,4jcy_B_A,1.8
734,36.837,PHE, ,CZ,73.9,1000.00,0.0,0.77,1.0,<Residue PHE het=  resseq=91 icode= >,4jcy_B_A,1.8
735,0.057,TYR, ,N,67.35,1000.00,0.0,1.95,1.0,<Residue TYR het=  resseq=92 icode= >,4jcy_B_A,1.8
736,11.434,TYR, ,CA,68.46,1000.00,0.0,1.65,1.0,<Residue TYR het=  resseq=92 icode= >,4jcy_B_A,1.8
737,20.75,TYR, ,C,67.65,1000.00,0.0,1.51,1.0,<Residue TYR het=  resseq=92 icode= >,4jcy_B_A,1.8
738,26.369,TYR, ,O,65.48,1000.00,5.456,1.75,1.0,<Residue TYR het=  resseq=92 icode= >,4jcy_B_A,1.8
739,1.413,TYR, ,CB,67.95,1000.00,0.0,1.53,1.0,<Residue TYR het=  resseq=92 icode= >,4jcy_B_A,1.8
740,2.472,TYR, ,CG,70.07,1000.00,1.117,1.59,1.0,<Residue TYR het=  resseq=92 icode= >,4jcy_B_A,1.8
741,15.581,TYR, ,CD1,70.25,1000.00,6.478,0.94,1.0,<Residue TYR het=  resseq=92 icode= >,4jcy_B_A,1.8
742,20.194,TYR, ,CD2,71.78,1000.00,10.254,1.30,1.0,<Residue TYR het=  resseq=92 icode= >,4jcy_B_A,1.8
743,34.513,TYR, ,CE1,71.84,1000.00,16.766,0.49,1.0,<Residue TYR het=  resseq=92 icode= >,4jcy_B_A,1.8
744,34.378,TYR, ,CE2,73.4,1000.00,21.4,1.20,1.0,<Residue TYR het=  resseq=92 icode= >,4jcy_B_A,1.8
745,10.042,TYR, ,CZ,73.44,1000.00,5.068,0.94,1.0,<Residue TYR het=  resseq=92 icode= >,4jcy_B_A,1.8
746,43.221,TYR, ,OH,75.38,1000.00,37.125,0.69,1.0,<Residue TYR het=  resseq=92 icode= >,4jcy_B_A,1.8
