,ASA,aa,altloc,atom,bfac,d2r,dASA,dens,occ,residue,id,resolu
0,33.698,MET, ,N,43.12,8.13,26.683,0.58,1.0,<Residue MET het=  resseq=1 icode= >,4jqd_A_A,2.75
1,0.749,MET, ,CA,40.02,9.08,0.749,3.02,1.0,<Residue MET het=  resseq=1 icode= >,4jqd_A_A,2.75
2,2.087,MET, ,C,40.48,9.65,2.087,3.17,1.0,<Residue MET het=  resseq=1 icode= >,4jqd_A_A,2.75
3,17.233,MET, ,O,42.32,9.03,1.422,1.67,1.0,<Residue MET het=  resseq=1 icode= >,4jqd_A_A,2.75
4,1.853,MET, ,CB,39.74,8.67,0.0,1.83,1.0,<Residue MET het=  resseq=1 icode= >,4jqd_A_A,2.75
5,0.0,MET, ,CG,42.95,9.95,0.0,2.14,1.0,<Residue MET het=  resseq=1 icode= >,4jqd_A_A,2.75
6,0.0,MET, ,SD,48.29,10.00,0.0,3.36,1.0,<Residue MET het=  resseq=1 icode= >,4jqd_A_A,2.75
7,1.846,MET, ,CE,44.71,9.67,0.0,0.72,1.0,<Residue MET het=  resseq=1 icode= >,4jqd_A_A,2.75
8,0.0,LEU, ,N,38.17,10.97,0.0,2.45,1.0,<Residue LEU het=  resseq=2 icode= >,4jqd_A_A,2.75
9,1.502,LEU, ,CA,37.04,11.79,0.0,2.93,1.0,<Residue LEU het=  resseq=2 icode= >,4jqd_A_A,2.75
10,0.0,LEU, ,C,35.75,12.00,0.0,4.62,1.0,<Residue LEU het=  resseq=2 icode= >,4jqd_A_A,2.75
11,0.0,LEU, ,O,33.87,12.52,0.0,2.58,1.0,<Residue LEU het=  resseq=2 icode= >,4jqd_A_A,2.75
12,0.0,LEU, ,CB,37.72,13.17,0.0,1.78,1.0,<Residue LEU het=  resseq=2 icode= >,4jqd_A_A,2.75
13,6.189,LEU, ,CG,38.43,13.42,6.189,2.59,1.0,<Residue LEU het=  resseq=2 icode= >,4jqd_A_A,2.75
14,0.649,LEU, ,CD1,38.99,14.67,0.649,1.02,1.0,<Residue LEU het=  resseq=2 icode= >,4jqd_A_A,2.75
15,39.538,LEU, ,CD2,40.2,13.72,6.741,0.32,1.0,<Residue LEU het=  resseq=2 icode= >,4jqd_A_A,2.75
16,2.434,ILE, ,N,35.79,11.48,0.0,2.79,1.0,<Residue ILE het=  resseq=3 icode= >,4jqd_A_A,2.75
17,0.0,ILE, ,CA,35.31,10.22,0.0,3.00,1.0,<Residue ILE het=  resseq=3 icode= >,4jqd_A_A,2.75
18,0.561,ILE, ,C,36.04,9.98,0.0,4.24,1.0,<Residue ILE het=  resseq=3 icode= >,4jqd_A_A,2.75
19,0.081,ILE, ,O,35.87,9.31,0.0,2.49,1.0,<Residue ILE het=  resseq=3 icode= >,4jqd_A_A,2.75
20,0.0,ILE, ,CB,36.83,9.33,0.0,2.08,1.0,<Residue ILE het=  resseq=3 icode= >,4jqd_A_A,2.75
21,15.085,ILE, ,CG1,38.86,9.73,0.0,1.01,1.0,<Residue ILE het=  resseq=3 icode= >,4jqd_A_A,2.75
22,7.359,ILE, ,CG2,35.33,9.69,0.0,1.17,1.0,<Residue ILE het=  resseq=3 icode= >,4jqd_A_A,2.75
23,48.589,ILE, ,CD1,38.51,9.12,0.0,0.96,1.0,<Residue ILE het=  resseq=3 icode= >,4jqd_A_A,2.75
24,0.725,ARG, ,N,37.31,10.78,0.0,3.41,1.0,<Residue ARG het=  resseq=4 icode= >,4jqd_A_A,2.75
25,2.638,ARG, ,CA,39.42,10.83,0.0,3.22,1.0,<Residue ARG het=  resseq=4 icode= >,4jqd_A_A,2.75
26,0.0,ARG, ,C,38.29,11.48,0.0,3.66,1.0,<Residue ARG het=  resseq=4 icode= >,4jqd_A_A,2.75
27,0.0,ARG, ,O,40.1,11.25,0.0,1.94,1.0,<Residue ARG het=  resseq=4 icode= >,4jqd_A_A,2.75
28,22.747,ARG, ,CB,42.58,11.66,0.0,1.67,1.0,<Residue ARG het=  resseq=4 icode= >,4jqd_A_A,2.75
29,0.675,ARG, ,CG,44.82,13.14,0.0,1.40,1.0,<Residue ARG het=  resseq=4 icode= >,4jqd_A_A,2.75
30,30.003,ARG, ,CD,50.46,13.92,0.0,1.13,1.0,<Residue ARG het=  resseq=4 icode= >,4jqd_A_A,2.75
31,11.388,ARG, ,NE,53.27,15.34,0.0,2.00,1.0,<Residue ARG het=  resseq=4 icode= >,4jqd_A_A,2.75
32,4.216,ARG, ,CZ,54.38,16.23,0.0,2.30,1.0,<Residue ARG het=  resseq=4 icode= >,4jqd_A_A,2.75
33,24.469,ARG, ,NH1,51.9,15.92,0.0,1.20,1.0,<Residue ARG het=  resseq=4 icode= >,4jqd_A_A,2.75
34,8.747,ARG, ,NH2,56.14,17.51,0.0,0.93,1.0,<Residue ARG het=  resseq=4 icode= >,4jqd_A_A,2.75
35,0.0,ARG, ,N,35.31,12.42,0.0,2.78,1.0,<Residue ARG het=  resseq=5 icode= >,4jqd_A_A,2.75
36,0.0,ARG, ,CA,32.84,13.21,0.0,3.54,1.0,<Residue ARG het=  resseq=5 icode= >,4jqd_A_A,2.75
37,0.0,ARG, ,C,32.95,12.46,0.0,4.67,1.0,<Residue ARG het=  resseq=5 icode= >,4jqd_A_A,2.75
38,0.0,ARG, ,O,33.49,12.83,0.0,2.82,1.0,<Residue ARG het=  resseq=5 icode= >,4jqd_A_A,2.75
39,0.0,ARG, ,CB,30.87,14.42,0.0,2.21,1.0,<Residue ARG het=  resseq=5 icode= >,4jqd_A_A,2.75
40,0.0,ARG, ,CG,30.58,15.41,0.0,2.68,1.0,<Residue ARG het=  resseq=5 icode= >,4jqd_A_A,2.75
41,0.0,ARG, ,CD,30.56,16.49,0.0,2.55,1.0,<Residue ARG het=  resseq=5 icode= >,4jqd_A_A,2.75
42,0.0,ARG, ,NE,31.19,17.49,0.0,3.63,1.0,<Residue ARG het=  resseq=5 icode= >,4jqd_A_A,2.75
43,0.044,ARG, ,CZ,32.93,17.55,0.0,4.09,1.0,<Residue ARG het=  resseq=5 icode= >,4jqd_A_A,2.75
44,10.014,ARG, ,NH1,33.54,16.68,0.0,2.10,1.0,<Residue ARG het=  resseq=5 icode= >,4jqd_A_A,2.75
45,0.001,ARG, ,NH2,34.52,18.59,0.0,2.54,1.0,<Residue ARG het=  resseq=5 icode= >,4jqd_A_A,2.75
46,0.0,LEU, ,N,32.79,11.55,0.0,3.20,1.0,<Residue LEU het=  resseq=6 icode= >,4jqd_A_A,2.75
47,0.0,LEU, ,CA,32.61,10.91,0.0,3.46,1.0,<Residue LEU het=  resseq=6 icode= >,4jqd_A_A,2.75
48,0.0,LEU, ,C,34.74,9.98,0.0,3.78,1.0,<Residue LEU het=  resseq=6 icode= >,4jqd_A_A,2.75
49,0.0,LEU, ,O,35.62,9.66,0.0,1.83,1.0,<Residue LEU het=  resseq=6 icode= >,4jqd_A_A,2.75
50,0.0,LEU, ,CB,31.18,10.33,0.0,1.98,1.0,<Residue LEU het=  resseq=6 icode= >,4jqd_A_A,2.75
51,0.0,LEU, ,CG,30.49,10.00,0.0,2.25,1.0,<Residue LEU het=  resseq=6 icode= >,4jqd_A_A,2.75
52,0.0,LEU, ,CD1,30.42,11.31,0.0,0.25,1.0,<Residue LEU het=  resseq=6 icode= >,4jqd_A_A,2.75
53,0.0,LEU, ,CD2,28.76,9.59,0.0,1.47,1.0,<Residue LEU het=  resseq=6 icode= >,4jqd_A_A,2.75
54,0.0,LYS, ,N,36.76,9.33,0.0,3.16,1.0,<Residue LYS het=  resseq=7 icode= >,4jqd_A_A,2.75
55,0.0,LYS, ,CA,40.26,8.61,0.0,3.15,1.0,<Residue LYS het=  resseq=7 icode= >,4jqd_A_A,2.75
56,0.0,LYS, ,C,42.03,9.12,0.0,3.78,1.0,<Residue LYS het=  resseq=7 icode= >,4jqd_A_A,2.75
57,0.0,LYS, ,O,42.93,8.33,0.0,2.12,1.0,<Residue LYS het=  resseq=7 icode= >,4jqd_A_A,2.75
58,1.358,LYS, ,CB,43.48,7.87,0.0,1.47,1.0,<Residue LYS het=  resseq=7 icode= >,4jqd_A_A,2.75
59,0.0,LYS, ,CG,48.04,7.09,0.0,1.39,1.0,<Residue LYS het=  resseq=7 icode= >,4jqd_A_A,2.75
60,25.222,LYS, ,CD,50.51,6.65,0.0,1.17,1.0,<Residue LYS het=  resseq=7 icode= >,4jqd_A_A,2.75
61,23.077,LYS, ,CE,55.77,6.04,0.257,0.94,1.0,<Residue LYS het=  resseq=7 icode= >,4jqd_A_A,2.75
62,49.377,LYS, ,NZ,58.3,5.67,0.205,0.71,1.0,<Residue LYS het=  resseq=7 icode= >,4jqd_A_A,2.75
63,0.0,ASP, ,N,42.76,10.41,0.0,2.65,1.0,<Residue ASP het=  resseq=8 icode= >,4jqd_A_A,2.75
64,3.087,ASP, ,CA,43.48,11.02,0.0,3.63,1.0,<Residue ASP het=  resseq=8 icode= >,4jqd_A_A,2.75
65,0.0,ASP, ,C,41.41,11.16,0.0,3.97,1.0,<Residue ASP het=  resseq=8 icode= >,4jqd_A_A,2.75
66,0.288,ASP, ,O,43.57,11.19,0.0,1.65,1.0,<Residue ASP het=  resseq=8 icode= >,4jqd_A_A,2.75
67,3.143,ASP, ,CB,47.03,12.45,0.0,2.15,1.0,<Residue ASP het=  resseq=8 icode= >,4jqd_A_A,2.75
68,8.456,ASP, ,CG,52.72,12.64,0.0,2.36,1.0,<Residue ASP het=  resseq=8 icode= >,4jqd_A_A,2.75
69,15.756,ASP, ,OD1,56.9,11.55,0.0,0.80,1.0,<Residue ASP het=  resseq=8 icode= >,4jqd_A_A,2.75
70,21.947,ASP, ,OD2,53.57,13.62,0.0,1.88,1.0,<Residue ASP het=  resseq=8 icode= >,4jqd_A_A,2.75
71,0.0,ALA, ,N,38.03,11.45,0.0,2.82,1.0,<Residue ALA het=  resseq=9 icode= >,4jqd_A_A,2.75
72,0.714,ALA, ,CA,37.04,11.85,0.0,3.22,1.0,<Residue ALA het=  resseq=9 icode= >,4jqd_A_A,2.75
73,0.0,ALA, ,C,38.84,10.75,0.0,3.80,1.0,<Residue ALA het=  resseq=9 icode= >,4jqd_A_A,2.75
74,1.876,ALA, ,O,42.63,11.06,0.0,1.99,1.0,<Residue ALA het=  resseq=9 icode= >,4jqd_A_A,2.75
75,0.006,ALA, ,CB,35.53,12.69,0.0,1.57,1.0,<Residue ALA het=  resseq=9 icode= >,4jqd_A_A,2.75
76,0.0,ARG, ,N,36.73,9.60,0.0,3.63,1.0,<Residue ARG het=  resseq=10 icode= >,4jqd_A_A,2.75
77,0.0,ARG, ,CA,35.83,8.57,0.0,4.13,1.0,<Residue ARG het=  resseq=10 icode= >,4jqd_A_A,2.75
78,0.0,ARG, ,C,39.47,8.03,0.0,3.23,1.0,<Residue ARG het=  resseq=10 icode= >,4jqd_A_A,2.75
79,0.0,ARG, ,O,41.98,7.97,0.0,1.77,1.0,<Residue ARG het=  resseq=10 icode= >,4jqd_A_A,2.75
80,0.0,ARG, ,CB,34.15,7.61,0.0,2.56,1.0,<Residue ARG het=  resseq=10 icode= >,4jqd_A_A,2.75
81,0.0,ARG, ,CG,35.22,6.74,0.0,2.22,1.0,<Residue ARG het=  resseq=10 icode= >,4jqd_A_A,2.75
82,0.095,ARG, ,CD,35.06,5.87,0.0,1.85,1.0,<Residue ARG het=  resseq=10 icode= >,4jqd_A_A,2.75
83,0.0,ARG, ,NE,36.17,5.10,0.0,2.02,1.0,<Residue ARG het=  resseq=10 icode= >,4jqd_A_A,2.75
84,0.0,ARG, ,CZ,38.22,3.81,0.0,2.73,1.0,<Residue ARG het=  resseq=10 icode= >,4jqd_A_A,2.75
85,9.491,ARG, ,NH1,39.45,3.21,7.848,1.12,1.0,<Residue ARG het=  resseq=10 icode= >,4jqd_A_A,2.75
86,12.235,ARG, ,NH2,38.06,3.56,7.89,1.47,1.0,<Residue ARG het=  resseq=10 icode= >,4jqd_A_A,2.75
87,0.0,LEU, ,N,39.51,7.97,0.0,2.44,1.0,<Residue LEU het=  resseq=11 icode= >,4jqd_A_A,2.75
88,0.062,LEU, ,CA,41.73,7.82,0.0,3.21,1.0,<Residue LEU het=  resseq=11 icode= >,4jqd_A_A,2.75
89,1.637,LEU, ,C,43.57,9.04,0.0,3.28,1.0,<Residue LEU het=  resseq=11 icode= >,4jqd_A_A,2.75
90,14.71,LEU, ,O,46.73,9.08,0.0,1.84,1.0,<Residue LEU het=  resseq=11 icode= >,4jqd_A_A,2.75
91,13.597,LEU, ,CB,42.22,7.88,0.0,2.17,1.0,<Residue LEU het=  resseq=11 icode= >,4jqd_A_A,2.75
92,0.0,LEU, ,CG,41.55,6.72,0.0,2.19,1.0,<Residue LEU het=  resseq=11 icode= >,4jqd_A_A,2.75
93,41.55,LEU, ,CD1,43.74,7.21,0.0,0.38,1.0,<Residue LEU het=  resseq=11 icode= >,4jqd_A_A,2.75
94,30.153,LEU, ,CD2,41.28,5.38,1.324,1.43,1.0,<Residue LEU het=  resseq=11 icode= >,4jqd_A_A,2.75
95,0.0,ARG, ,N,42.75,10.20,0.0,2.29,1.0,<Residue ARG het=  resseq=12 icode= >,4jqd_A_A,2.75
96,9.224,ARG, ,CA,43.01,11.46,0.0,3.20,1.0,<Residue ARG het=  resseq=12 icode= >,4jqd_A_A,2.75
97,1.838,ARG, ,C,43.19,11.49,0.0,3.14,1.0,<Residue ARG het=  resseq=12 icode= >,4jqd_A_A,2.75
98,29.561,ARG, ,O,45.39,12.12,0.0,2.05,1.0,<Residue ARG het=  resseq=12 icode= >,4jqd_A_A,2.75
99,14.377,ARG, ,CB,40.4,12.65,0.0,2.28,1.0,<Residue ARG het=  resseq=12 icode= >,4jqd_A_A,2.75
100,25.239,ARG, ,CG,41.51,13.22,0.0,2.33,1.0,<Residue ARG het=  resseq=12 icode= >,4jqd_A_A,2.75
101,31.986,ARG, ,CD,41.08,14.52,0.0,2.17,1.0,<Residue ARG het=  resseq=12 icode= >,4jqd_A_A,2.75
102,5.536,ARG, ,NE,40.73,14.45,0.0,1.87,1.0,<Residue ARG het=  resseq=12 icode= >,4jqd_A_A,2.75
103,0.0,ARG, ,CZ,40.88,14.65,0.0,2.96,1.0,<Residue ARG het=  resseq=12 icode= >,4jqd_A_A,2.75
104,24.231,ARG, ,NH1,42.54,14.93,0.0,1.84,1.0,<Residue ARG het=  resseq=12 icode= >,4jqd_A_A,2.75
105,0.0,ARG, ,NH2,39.92,14.76,0.0,1.46,1.0,<Residue ARG het=  resseq=12 icode= >,4jqd_A_A,2.75
106,0.388,ALA, ,N,41.29,10.92,0.0,2.54,1.0,<Residue ALA het=  resseq=13 icode= >,4jqd_A_A,2.75
107,11.984,ALA, ,CA,41.95,11.14,0.0,3.09,1.0,<Residue ALA het=  resseq=13 icode= >,4jqd_A_A,2.75
108,0.657,ALA, ,C,45.04,10.44,0.0,3.73,1.0,<Residue ALA het=  resseq=13 icode= >,4jqd_A_A,2.75
109,24.389,ALA, ,O,45.75,11.07,0.0,2.51,1.0,<Residue ALA het=  resseq=13 icode= >,4jqd_A_A,2.75
110,10.917,ALA, ,CB,39.42,10.97,0.0,1.19,1.0,<Residue ALA het=  resseq=13 icode= >,4jqd_A_A,2.75
111,0.0,GLY, ,N,47.0,9.25,0.0,2.30,1.0,<Residue GLY het=  resseq=14 icode= >,4jqd_A_A,2.75
112,27.968,GLY, ,CA,49.7,8.76,0.0,1.86,1.0,<Residue GLY het=  resseq=14 icode= >,4jqd_A_A,2.75
113,4.307,GLY, ,C,48.66,8.06,0.0,2.86,1.0,<Residue GLY het=  resseq=14 icode= >,4jqd_A_A,2.75
114,31.412,GLY, ,O,52.22,7.21,0.0,1.66,1.0,<Residue GLY het=  resseq=14 icode= >,4jqd_A_A,2.75
115,0.68,ILE, ,N,44.15,7.45,0.0,2.48,1.0,<Residue ILE het=  resseq=15 icode= >,4jqd_A_A,2.75
116,4.328,ILE, ,CA,42.68,7.06,0.0,3.17,1.0,<Residue ILE het=  resseq=15 icode= >,4jqd_A_A,2.75
117,3.765,ILE, ,C,41.28,5.59,0.0,4.02,1.0,<Residue ILE het=  resseq=15 icode= >,4jqd_A_A,2.75
118,0.693,ILE, ,O,39.56,5.28,0.0,2.52,1.0,<Residue ILE het=  resseq=15 icode= >,4jqd_A_A,2.75
119,0.0,ILE, ,CB,41.13,7.87,0.0,2.31,1.0,<Residue ILE het=  resseq=15 icode= >,4jqd_A_A,2.75
120,0.0,ILE, ,CG1,38.06,8.16,0.0,1.69,1.0,<Residue ILE het=  resseq=15 icode= >,4jqd_A_A,2.75
121,26.458,ILE, ,CG2,42.89,8.56,0.0,0.30,1.0,<Residue ILE het=  resseq=15 icode= >,4jqd_A_A,2.75
122,2.669,ILE, ,CD1,35.45,9.20,0.0,1.67,1.0,<Residue ILE het=  resseq=15 icode= >,4jqd_A_A,2.75
123,6.298,SER, ,N,41.89,4.82,0.0,2.49,1.0,<Residue SER het=  resseq=16 icode= >,4jqd_A_A,2.75
124,5.11,SER, ,CA,40.83,3.42,2.907,2.99,1.0,<Residue SER het=  resseq=16 icode= >,4jqd_A_A,2.75
125,0.0,SER, ,C,39.42,3.63,0.0,3.16,1.0,<Residue SER het=  resseq=16 icode= >,4jqd_A_A,2.75
126,0.0,SER, ,O,37.85,4.84,0.0,1.77,1.0,<Residue SER het=  resseq=16 icode= >,4jqd_A_A,2.75
127,41.141,SER, ,CB,42.16,3.27,35.902,2.55,1.0,<Residue SER het=  resseq=16 icode= >,4jqd_A_A,2.75
128,7.268,SER, ,OG,41.45,4.39,2.732,3.12,1.0,<Residue SER het=  resseq=16 icode= >,4jqd_A_A,2.75
129,1.315,GLN, ,N,39.65,2.87,1.315,2.12,1.0,<Residue GLN het=  resseq=17 icode= >,4jqd_A_A,2.75
130,0.029,GLN, ,CA,37.33,3.83,0.0,2.37,1.0,<Residue GLN het=  resseq=17 icode= >,4jqd_A_A,2.75
131,0.0,GLN, ,C,37.85,4.74,0.0,3.48,1.0,<Residue GLN het=  resseq=17 icode= >,4jqd_A_A,2.75
132,0.0,GLN, ,O,37.36,5.95,0.0,1.98,1.0,<Residue GLN het=  resseq=17 icode= >,4jqd_A_A,2.75
133,5.25,GLN, ,CB,36.82,3.65,2.634,2.30,1.0,<Residue GLN het=  resseq=17 icode= >,4jqd_A_A,2.75
134,5.795,GLN, ,CG,38.87,3.43,5.529,2.33,1.0,<Residue GLN het=  resseq=17 icode= >,4jqd_A_A,2.75
135,5.281,GLN, ,CD,41.28,3.93,5.281,3.52,1.0,<Residue GLN het=  resseq=17 icode= >,4jqd_A_A,2.75
136,10.643,GLN, ,OE1,43.31,4.02,10.141,1.84,1.0,<Residue GLN het=  resseq=17 icode= >,4jqd_A_A,2.75
137,14.036,GLN, ,NE2,41.62,3.03,13.496,2.01,1.0,<Residue GLN het=  resseq=17 icode= >,4jqd_A_A,2.75
138,1.826,GLU, ,N,39.18,4.48,0.534,2.80,1.0,<Residue GLU het=  resseq=18 icode= >,4jqd_A_A,2.75
139,0.0,GLU, ,CA,39.72,5.76,0.0,2.87,1.0,<Residue GLU het=  resseq=18 icode= >,4jqd_A_A,2.75
140,0.0,GLU, ,C,39.33,6.65,0.0,3.45,1.0,<Residue GLU het=  resseq=18 icode= >,4jqd_A_A,2.75
141,0.0,GLU, ,O,38.24,7.85,0.0,2.32,1.0,<Residue GLU het=  resseq=18 icode= >,4jqd_A_A,2.75
142,8.123,GLU, ,CB,42.59,5.85,0.418,1.15,1.0,<Residue GLU het=  resseq=18 icode= >,4jqd_A_A,2.75
143,4.837,GLU, ,CG,44.24,6.76,0.0,1.29,1.0,<Residue GLU het=  resseq=18 icode= >,4jqd_A_A,2.75
144,9.923,GLU, ,CD,47.74,5.93,0.0,2.49,1.0,<Residue GLU het=  resseq=18 icode= >,4jqd_A_A,2.75
145,32.645,GLU, ,OE1,48.78,6.37,0.0,1.52,1.0,<Residue GLU het=  resseq=18 icode= >,4jqd_A_A,2.75
146,33.445,GLU, ,OE2,50.51,4.78,14.204,1.07,1.0,<Residue GLU het=  resseq=18 icode= >,4jqd_A_A,2.75
147,0.402,LYS, ,N,39.76,6.31,0.0,2.61,1.0,<Residue LYS het=  resseq=19 icode= >,4jqd_A_A,2.75
148,1.091,LYS, ,CA,40.1,7.29,0.0,3.17,1.0,<Residue LYS het=  resseq=19 icode= >,4jqd_A_A,2.75
149,0.0,LYS, ,C,37.74,8.15,0.0,4.17,1.0,<Residue LYS het=  resseq=19 icode= >,4jqd_A_A,2.75
150,0.0,LYS, ,O,37.84,9.35,0.0,2.38,1.0,<Residue LYS het=  resseq=19 icode= >,4jqd_A_A,2.75
151,4.107,LYS, ,CB,41.77,6.72,0.0,1.96,1.0,<Residue LYS het=  resseq=19 icode= >,4jqd_A_A,2.75
152,2.729,LYS, ,CG,44.79,7.41,0.0,1.50,1.0,<Residue LYS het=  resseq=19 icode= >,4jqd_A_A,2.75
153,22.638,LYS, ,CD,48.29,7.13,0.0,0.86,1.0,<Residue LYS het=  resseq=19 icode= >,4jqd_A_A,2.75
154,31.903,LYS, ,CE,50.44,8.14,0.0,1.17,1.0,<Residue LYS het=  resseq=19 icode= >,4jqd_A_A,2.75
155,32.95,LYS, ,NZ,51.27,8.34,0.0,0.65,1.0,<Residue LYS het=  resseq=19 icode= >,4jqd_A_A,2.75
156,0.0,LEU, ,N,35.47,7.57,0.0,2.84,1.0,<Residue LEU het=  resseq=20 icode= >,4jqd_A_A,2.75
157,0.0,LEU, ,CA,33.51,8.48,0.0,4.06,1.0,<Residue LEU het=  resseq=20 icode= >,4jqd_A_A,2.75
158,0.0,LEU, ,C,33.07,9.42,0.0,4.68,1.0,<Residue LEU het=  resseq=20 icode= >,4jqd_A_A,2.75
159,0.0,LEU, ,O,32.58,10.63,0.0,2.53,1.0,<Residue LEU het=  resseq=20 icode= >,4jqd_A_A,2.75
160,0.0,LEU, ,CB,33.26,7.93,0.0,2.23,1.0,<Residue LEU het=  resseq=20 icode= >,4jqd_A_A,2.75
161,0.0,LEU, ,CG,32.64,9.12,0.0,2.76,1.0,<Residue LEU het=  resseq=20 icode= >,4jqd_A_A,2.75
162,0.0,LEU, ,CD1,32.97,10.28,0.0,1.36,1.0,<Residue LEU het=  resseq=20 icode= >,4jqd_A_A,2.75
163,0.04,LEU, ,CD2,31.64,8.91,0.0,1.15,1.0,<Residue LEU het=  resseq=20 icode= >,4jqd_A_A,2.75
164,0.0,GLY, ,N,33.18,9.01,0.0,2.90,1.0,<Residue GLY het=  resseq=21 icode= >,4jqd_A_A,2.75
165,0.0,GLY, ,CA,32.41,10.00,0.0,2.95,1.0,<Residue GLY het=  resseq=21 icode= >,4jqd_A_A,2.75
166,0.0,GLY, ,C,34.07,10.02,0.0,3.50,1.0,<Residue GLY het=  resseq=21 icode= >,4jqd_A_A,2.75
167,0.0,GLY, ,O,35.15,9.74,0.0,1.89,1.0,<Residue GLY het=  resseq=21 icode= >,4jqd_A_A,2.75
168,0.0,VAL, ,N,34.97,10.58,0.0,2.53,1.0,<Residue VAL het=  resseq=22 icode= >,4jqd_A_A,2.75
169,0.0,VAL, ,CA,36.07,10.91,0.0,3.23,1.0,<Residue VAL het=  resseq=22 icode= >,4jqd_A_A,2.75
170,0.0,VAL, ,C,35.99,11.79,0.0,4.12,1.0,<Residue VAL het=  resseq=22 icode= >,4jqd_A_A,2.75
171,9.385,VAL, ,O,36.75,11.66,0.0,2.83,1.0,<Residue VAL het=  resseq=22 icode= >,4jqd_A_A,2.75
172,0.042,VAL, ,CB,37.13,10.59,0.0,2.96,1.0,<Residue VAL het=  resseq=22 icode= >,4jqd_A_A,2.75
173,36.764,VAL, ,CG1,38.94,11.25,0.0,0.95,1.0,<Residue VAL het=  resseq=22 icode= >,4jqd_A_A,2.75
174,9.419,VAL, ,CG2,37.46,10.04,0.0,0.82,1.0,<Residue VAL het=  resseq=22 icode= >,4jqd_A_A,2.75
175,0.0,LEU, ,N,35.64,12.28,0.0,3.39,1.0,<Residue LEU het=  resseq=23 icode= >,4jqd_A_A,2.75
176,4.416,LEU, ,CA,35.71,13.24,0.0,3.59,1.0,<Residue LEU het=  resseq=23 icode= >,4jqd_A_A,2.75
177,0.0,LEU, ,C,33.95,13.37,0.0,4.12,1.0,<Residue LEU het=  resseq=23 icode= >,4jqd_A_A,2.75
178,20.773,LEU, ,O,35.12,13.99,0.0,2.21,1.0,<Residue LEU het=  resseq=23 icode= >,4jqd_A_A,2.75
179,2.278,LEU, ,CB,35.47,12.77,0.0,1.96,1.0,<Residue LEU het=  resseq=23 icode= >,4jqd_A_A,2.75
180,0.0,LEU, ,CG,38.3,11.79,0.0,2.40,1.0,<Residue LEU het=  resseq=23 icode= >,4jqd_A_A,2.75
181,20.964,LEU, ,CD1,37.98,11.69,0.0,1.34,1.0,<Residue LEU het=  resseq=23 icode= >,4jqd_A_A,2.75
182,48.015,LEU, ,CD2,40.04,12.40,0.0,1.19,1.0,<Residue LEU het=  resseq=23 icode= >,4jqd_A_A,2.75
183,0.0,ALA, ,N,31.39,12.41,0.0,3.13,1.0,<Residue ALA het=  resseq=24 icode= >,4jqd_A_A,2.75
184,0.847,ALA, ,CA,30.14,12.06,0.0,3.85,1.0,<Residue ALA het=  resseq=24 icode= >,4jqd_A_A,2.75
185,0.0,ALA, ,C,31.36,11.12,0.0,4.27,1.0,<Residue ALA het=  resseq=24 icode= >,4jqd_A_A,2.75
186,0.0,ALA, ,O,31.84,10.61,0.0,2.13,1.0,<Residue ALA het=  resseq=24 icode= >,4jqd_A_A,2.75
187,0.0,ALA, ,CB,28.38,11.24,0.0,1.58,1.0,<Residue ALA het=  resseq=24 icode= >,4jqd_A_A,2.75
188,0.0,GLY, ,N,32.82,10.80,0.0,3.00,1.0,<Residue GLY het=  resseq=25 icode= >,4jqd_A_A,2.75
189,18.264,GLY, ,CA,34.3,10.25,0.0,2.98,1.0,<Residue GLY het=  resseq=25 icode= >,4jqd_A_A,2.75
190,2.164,GLY, ,C,35.06,8.77,0.0,4.00,1.0,<Residue GLY het=  resseq=25 icode= >,4jqd_A_A,2.75
191,29.427,GLY, ,O,36.39,8.40,0.0,2.26,1.0,<Residue GLY het=  resseq=25 icode= >,4jqd_A_A,2.75
192,0.0,ILE, ,N,34.28,8.08,0.0,2.52,1.0,<Residue ILE het=  resseq=26 icode= >,4jqd_A_A,2.75
193,3.42,ILE, ,CA,34.92,6.65,0.0,3.25,1.0,<Residue ILE het=  resseq=26 icode= >,4jqd_A_A,2.75
194,0.252,ILE, ,C,38.69,6.73,0.0,3.79,1.0,<Residue ILE het=  resseq=26 icode= >,4jqd_A_A,2.75
195,4.57,ILE, ,O,40.77,7.81,0.0,2.36,1.0,<Residue ILE het=  resseq=26 icode= >,4jqd_A_A,2.75
196,0.0,ILE, ,CB,32.61,6.20,0.0,2.91,1.0,<Residue ILE het=  resseq=26 icode= >,4jqd_A_A,2.75
197,0.0,ILE, ,CG1,30.33,6.48,0.0,2.58,1.0,<Residue ILE het=  resseq=26 icode= >,4jqd_A_A,2.75
198,0.059,ILE, ,CG2,33.82,4.86,0.0,1.43,1.0,<Residue ILE het=  resseq=26 icode= >,4jqd_A_A,2.75
199,0.0,ILE, ,CD1,28.59,6.75,0.0,1.67,1.0,<Residue ILE het=  resseq=26 icode= >,4jqd_A_A,2.75
200,4.225,ASP, ,N,40.94,5.89,0.0,3.40,1.0,<Residue ASP het=  resseq=27 icode= >,4jqd_A_A,2.75
201,8.893,ASP, ,CA,46.11,6.37,0.0,2.99,1.0,<Residue ASP het=  resseq=27 icode= >,4jqd_A_A,2.75
202,0.0,ASP, ,C,46.13,6.80,0.0,3.53,1.0,<Residue ASP het=  resseq=27 icode= >,4jqd_A_A,2.75
203,0.0,ASP, ,O,44.95,6.21,0.0,1.96,1.0,<Residue ASP het=  resseq=27 icode= >,4jqd_A_A,2.75
204,26.84,ASP, ,CB,49.74,5.38,5.176,1.48,1.0,<Residue ASP het=  resseq=27 icode= >,4jqd_A_A,2.75
205,8.63,ASP, ,CG,56.69,6.03,0.0,2.15,1.0,<Residue ASP het=  resseq=27 icode= >,4jqd_A_A,2.75
206,28.273,ASP, ,OD1,61.36,6.97,0.0,1.29,1.0,<Residue ASP het=  resseq=27 icode= >,4jqd_A_A,2.75
207,16.617,ASP, ,OD2,60.34,4.91,1.67,0.72,1.0,<Residue ASP het=  resseq=27 icode= >,4jqd_A_A,2.75
208,1.416,GLU, ,N,47.51,8.06,0.0,2.31,1.0,<Residue GLU het=  resseq=28 icode= >,4jqd_A_A,2.75
209,0.438,GLU, ,CA,48.37,8.54,0.0,2.63,1.0,<Residue GLU het=  resseq=28 icode= >,4jqd_A_A,2.75
210,1.322,GLU, ,C,46.91,7.43,0.0,3.86,1.0,<Residue GLU het=  resseq=28 icode= >,4jqd_A_A,2.75
211,7.389,GLU, ,O,45.12,7.29,0.0,2.35,1.0,<Residue GLU het=  resseq=28 icode= >,4jqd_A_A,2.75
212,18.899,GLU, ,CB,51.58,9.17,0.0,0.77,1.0,<Residue GLU het=  resseq=28 icode= >,4jqd_A_A,2.75
213,14.448,GLU, ,CG,52.51,10.51,0.0,0.16,0.01,<Residue GLU het=  resseq=28 icode= >,4jqd_A_A,2.75
214,16.221,GLU, ,CD,56.17,11.29,0.0,-0.39,0.01,<Residue GLU het=  resseq=28 icode= >,4jqd_A_A,2.75
215,35.23,GLU, ,OE1,57.95,10.87,0.0,-0.75,0.01,<Residue GLU het=  resseq=28 icode= >,4jqd_A_A,2.75
216,40.506,GLU, ,OE2,57.53,12.45,0.0,-0.37,0.01,<Residue GLU het=  resseq=28 icode= >,4jqd_A_A,2.75
217,1.704,ALA, ,N,47.64,6.22,0.0,2.72,1.0,<Residue ALA het=  resseq=29 icode= >,4jqd_A_A,2.75
218,12.671,ALA, ,CA,48.62,5.23,0.0,2.71,1.0,<Residue ALA het=  resseq=29 icode= >,4jqd_A_A,2.75
219,1.745,ALA, ,C,47.14,4.80,1.552,3.05,1.0,<Residue ALA het=  resseq=29 icode= >,4jqd_A_A,2.75
220,23.61,ALA, ,O,51.58,4.31,5.531,1.08,1.0,<Residue ALA het=  resseq=29 icode= >,4jqd_A_A,2.75
221,52.01,ALA, ,CB,50.02,3.95,16.993,0.49,1.0,<Residue ALA het=  resseq=29 icode= >,4jqd_A_A,2.75
222,0.0,SER, ,N,43.51,4.73,0.0,2.21,1.0,<Residue SER het=  resseq=30 icode= >,4jqd_A_A,2.75
223,3.837,SER, ,CA,39.87,3.94,3.837,2.83,1.0,<Residue SER het=  resseq=30 icode= >,4jqd_A_A,2.75
224,0.0,SER, ,C,36.73,4.87,0.0,4.21,1.0,<Residue SER het=  resseq=30 icode= >,4jqd_A_A,2.75
225,0.0,SER, ,O,35.01,4.85,0.0,2.65,1.0,<Residue SER het=  resseq=30 icode= >,4jqd_A_A,2.75
226,31.205,SER, ,CB,40.26,3.43,31.051,1.49,1.0,<Residue SER het=  resseq=30 icode= >,4jqd_A_A,2.75
227,8.469,SER, ,OG,40.46,2.62,8.422,1.29,1.0,<Residue SER het=  resseq=30 icode= >,4jqd_A_A,2.75
228,0.0,ALA, ,N,35.98,6.00,0.0,2.96,1.0,<Residue ALA het=  resseq=31 icode= >,4jqd_A_A,2.75
229,0.0,ALA, ,CA,34.35,6.84,0.0,3.27,1.0,<Residue ALA het=  resseq=31 icode= >,4jqd_A_A,2.75
230,0.0,ALA, ,C,33.91,7.14,0.0,4.48,1.0,<Residue ALA het=  resseq=31 icode= >,4jqd_A_A,2.75
231,0.0,ALA, ,O,33.6,7.34,0.0,2.40,1.0,<Residue ALA het=  resseq=31 icode= >,4jqd_A_A,2.75
232,0.0,ALA, ,CB,36.08,7.89,0.0,0.83,1.0,<Residue ALA het=  resseq=31 icode= >,4jqd_A_A,2.75
233,0.0,SER, ,N,36.43,6.08,0.0,1.88,1.0,<Residue SER het=  resseq=32 icode= >,4jqd_A_A,2.75
234,0.0,SER, ,CA,35.1,4.93,0.0,2.48,1.0,<Residue SER het=  resseq=32 icode= >,4jqd_A_A,2.75
235,0.0,SER, ,C,33.28,4.41,0.0,3.77,1.0,<Residue SER het=  resseq=32 icode= >,4jqd_A_A,2.75
236,0.718,SER, ,O,32.43,4.48,0.396,2.56,1.0,<Residue SER het=  resseq=32 icode= >,4jqd_A_A,2.75
237,20.613,SER, ,CB,36.51,4.09,2.514,1.35,1.0,<Residue SER het=  resseq=32 icode= >,4jqd_A_A,2.75
238,32.418,SER, ,OG,36.11,2.98,27.55,1.27,1.0,<Residue SER het=  resseq=32 icode= >,4jqd_A_A,2.75
239,1.603,ALA, ,N,33.19,4.38,0.531,2.82,1.0,<Residue ALA het=  resseq=33 icode= >,4jqd_A_A,2.75
240,9.148,ALA, ,CA,32.8,3.86,9.148,2.82,1.0,<Residue ALA het=  resseq=33 icode= >,4jqd_A_A,2.75
241,0.0,ALA, ,C,30.89,4.51,0.0,4.14,1.0,<Residue ALA het=  resseq=33 icode= >,4jqd_A_A,2.75
242,0.633,ALA, ,O,29.77,3.96,0.633,2.39,1.0,<Residue ALA het=  resseq=33 icode= >,4jqd_A_A,2.75
243,45.961,ALA, ,CB,33.39,3.40,45.2,0.94,1.0,<Residue ALA het=  resseq=33 icode= >,4jqd_A_A,2.75
244,0.0,ARG, ,N,30.83,4.53,0.0,2.99,1.0,<Residue ARG het=  resseq=34 icode= >,4jqd_A_A,2.75
245,0.0,ARG, ,CA,31.01,4.63,0.0,3.69,1.0,<Residue ARG het=  resseq=34 icode= >,4jqd_A_A,2.75
246,0.0,ARG, ,C,32.09,6.05,0.0,3.88,1.0,<Residue ARG het=  resseq=34 icode= >,4jqd_A_A,2.75
247,0.0,ARG, ,O,33.65,6.20,0.0,2.21,1.0,<Residue ARG het=  resseq=34 icode= >,4jqd_A_A,2.75
248,0.0,ARG, ,CB,30.17,4.67,0.0,2.90,1.0,<Residue ARG het=  resseq=34 icode= >,4jqd_A_A,2.75
249,12.393,ARG, ,CG,31.15,3.50,11.992,1.86,1.0,<Residue ARG het=  resseq=34 icode= >,4jqd_A_A,2.75
250,9.704,ARG, ,CD,31.45,3.09,9.704,1.99,1.0,<Residue ARG het=  resseq=34 icode= >,4jqd_A_A,2.75
251,4.181,ARG, ,NE,29.5,3.81,4.181,3.07,1.0,<Residue ARG het=  resseq=34 icode= >,4jqd_A_A,2.75
252,4.834,ARG, ,CZ,29.86,3.80,4.834,4.34,1.0,<Residue ARG het=  resseq=34 icode= >,4jqd_A_A,2.75
253,30.245,ARG, ,NH1,30.37,3.03,14.316,2.23,1.0,<Residue ARG het=  resseq=34 icode= >,4jqd_A_A,2.75
254,21.595,ARG, ,NH2,29.65,3.25,15.343,2.07,1.0,<Residue ARG het=  resseq=34 icode= >,4jqd_A_A,2.75
255,0.0,MET, ,N,32.56,7.02,0.0,2.89,1.0,<Residue MET het=  resseq=35 icode= >,4jqd_A_A,2.75
256,0.0,MET, ,CA,33.15,7.76,0.0,3.48,1.0,<Residue MET het=  resseq=35 icode= >,4jqd_A_A,2.75
257,0.0,MET, ,C,35.22,6.99,0.0,3.89,1.0,<Residue MET het=  resseq=35 icode= >,4jqd_A_A,2.75
258,0.05,MET, ,O,38.36,6.95,0.0,2.69,1.0,<Residue MET het=  resseq=35 icode= >,4jqd_A_A,2.75
259,0.0,MET, ,CB,33.66,7.53,0.0,1.61,1.0,<Residue MET het=  resseq=35 icode= >,4jqd_A_A,2.75
260,0.0,MET, ,CG,33.62,8.42,0.0,2.24,1.0,<Residue MET het=  resseq=35 icode= >,4jqd_A_A,2.75
261,0.0,MET, ,SD,33.85,8.51,0.0,5.10,1.0,<Residue MET het=  resseq=35 icode= >,4jqd_A_A,2.75
262,0.376,MET, ,CE,33.58,9.19,0.0,1.86,1.0,<Residue MET het=  resseq=35 icode= >,4jqd_A_A,2.75
263,0.0,ASN, ,N,34.63,5.72,0.0,2.89,1.0,<Residue ASN het=  resseq=36 icode= >,4jqd_A_A,2.75
264,0.0,ASN, ,CA,35.08,5.15,0.0,3.26,1.0,<Residue ASN het=  resseq=36 icode= >,4jqd_A_A,2.75
265,0.0,ASN, ,C,34.87,5.16,0.0,3.54,1.0,<Residue ASN het=  resseq=36 icode= >,4jqd_A_A,2.75
266,0.0,ASN, ,O,35.05,5.60,0.0,2.11,1.0,<Residue ASN het=  resseq=36 icode= >,4jqd_A_A,2.75
267,6.953,ASN, ,CB,36.74,4.01,6.953,1.58,1.0,<Residue ASN het=  resseq=36 icode= >,4jqd_A_A,2.75
268,5.602,ASN, ,CG,37.96,3.60,5.602,3.85,1.0,<Residue ASN het=  resseq=36 icode= >,4jqd_A_A,2.75
269,12.015,ASN, ,OD1,39.8,3.20,12.015,2.56,1.0,<Residue ASN het=  resseq=36 icode= >,4jqd_A_A,2.75
270,35.76,ASN, ,ND2,39.18,3.25,34.175,1.99,1.0,<Residue ASN het=  resseq=36 icode= >,4jqd_A_A,2.75
271,0.0,GLN, ,N,34.01,4.88,0.0,2.80,1.0,<Residue GLN het=  resseq=37 icode= >,4jqd_A_A,2.75
272,0.453,GLN, ,CA,34.25,5.49,0.0,3.06,1.0,<Residue GLN het=  resseq=37 icode= >,4jqd_A_A,2.75
273,0.0,GLN, ,C,34.54,6.94,0.0,3.72,1.0,<Residue GLN het=  resseq=37 icode= >,4jqd_A_A,2.75
274,0.0,GLN, ,O,36.11,7.13,0.0,1.73,1.0,<Residue GLN het=  resseq=37 icode= >,4jqd_A_A,2.75
275,0.0,GLN, ,CB,33.01,5.62,0.0,2.16,1.0,<Residue GLN het=  resseq=37 icode= >,4jqd_A_A,2.75
276,9.307,GLN, ,CG,32.4,4.67,5.483,2.33,1.0,<Residue GLN het=  resseq=37 icode= >,4jqd_A_A,2.75
277,0.0,GLN, ,CD,32.21,3.96,0.0,3.14,1.0,<Residue GLN het=  resseq=37 icode= >,4jqd_A_A,2.75
278,6.175,GLN, ,OE1,31.55,3.44,4.727,2.12,1.0,<Residue GLN het=  resseq=37 icode= >,4jqd_A_A,2.75
279,39.617,GLN, ,NE2,32.97,2.89,36.782,1.33,1.0,<Residue GLN het=  resseq=37 icode= >,4jqd_A_A,2.75
280,0.0,TYR, ,N,33.55,7.09,0.0,2.19,1.0,<Residue TYR het=  resseq=38 icode= >,4jqd_A_A,2.75
281,0.0,TYR, ,CA,32.46,7.33,0.0,3.11,1.0,<Residue TYR het=  resseq=38 icode= >,4jqd_A_A,2.75
282,0.0,TYR, ,C,33.35,8.29,0.0,4.29,1.0,<Residue TYR het=  resseq=38 icode= >,4jqd_A_A,2.75
283,0.476,TYR, ,O,34.26,8.81,0.0,1.96,1.0,<Residue TYR het=  resseq=38 icode= >,4jqd_A_A,2.75
284,0.0,TYR, ,CB,31.25,6.95,0.0,1.99,1.0,<Residue TYR het=  resseq=38 icode= >,4jqd_A_A,2.75
285,0.0,TYR, ,CG,31.62,5.60,0.0,3.57,1.0,<Residue TYR het=  resseq=38 icode= >,4jqd_A_A,2.75
286,0.0,TYR, ,CD1,31.77,4.47,0.0,2.45,1.0,<Residue TYR het=  resseq=38 icode= >,4jqd_A_A,2.75
287,0.0,TYR, ,CD2,31.92,5.70,0.0,2.81,1.0,<Residue TYR het=  resseq=38 icode= >,4jqd_A_A,2.75
288,6.092,TYR, ,CE1,31.82,3.18,5.646,2.02,1.0,<Residue TYR het=  resseq=38 icode= >,4jqd_A_A,2.75
289,0.0,TYR, ,CE2,32.76,4.77,0.0,2.08,1.0,<Residue TYR het=  resseq=38 icode= >,4jqd_A_A,2.75
290,0.0,TYR, ,CZ,33.07,3.39,0.0,3.11,1.0,<Residue TYR het=  resseq=38 icode= >,4jqd_A_A,2.75
291,5.318,TYR, ,OH,34.38,2.73,5.318,1.62,1.0,<Residue TYR het=  resseq=38 icode= >,4jqd_A_A,2.75
292,0.0,GLU, ,N,33.85,7.07,0.0,2.80,1.0,<Residue GLU het=  resseq=39 icode= >,4jqd_A_A,2.75
293,0.0,GLU, ,CA,35.93,6.32,0.0,3.18,1.0,<Residue GLU het=  resseq=39 icode= >,4jqd_A_A,2.75
294,0.0,GLU, ,C,37.52,5.89,0.0,3.32,1.0,<Residue GLU het=  resseq=39 icode= >,4jqd_A_A,2.75
295,5.503,GLU, ,O,39.1,6.01,0.0,2.39,1.0,<Residue GLU het=  resseq=39 icode= >,4jqd_A_A,2.75
296,0.0,GLU, ,CB,36.64,5.42,0.0,2.45,1.0,<Residue GLU het=  resseq=39 icode= >,4jqd_A_A,2.75
297,3.513,GLU, ,CG,38.9,5.22,0.435,2.05,1.0,<Residue GLU het=  resseq=39 icode= >,4jqd_A_A,2.75
298,0.0,GLU, ,CD,40.22,5.21,0.0,3.84,1.0,<Residue GLU het=  resseq=39 icode= >,4jqd_A_A,2.75
299,2.095,GLU, ,OE1,40.85,4.68,1.115,2.01,1.0,<Residue GLU het=  resseq=39 icode= >,4jqd_A_A,2.75
300,0.115,GLU, ,OE2,40.06,6.10,0.0,2.12,1.0,<Residue GLU het=  resseq=39 icode= >,4jqd_A_A,2.75
301,0.0,LYS, ,N,37.38,5.87,0.0,2.38,1.0,<Residue LYS het=  resseq=40 icode= >,4jqd_A_A,2.75
302,2.683,LYS, ,CA,38.92,5.53,0.0,3.11,1.0,<Residue LYS het=  resseq=40 icode= >,4jqd_A_A,2.75
303,0.0,LYS, ,C,39.0,6.16,0.0,3.29,1.0,<Residue LYS het=  resseq=40 icode= >,4jqd_A_A,2.75
304,22.274,LYS, ,O,41.46,5.96,0.0,1.55,1.0,<Residue LYS het=  resseq=40 icode= >,4jqd_A_A,2.75
305,9.247,LYS, ,CB,39.31,4.02,5.609,1.93,1.0,<Residue LYS het=  resseq=40 icode= >,4jqd_A_A,2.75
306,3.236,LYS, ,CG,40.29,3.73,3.236,2.00,1.0,<Residue LYS het=  resseq=40 icode= >,4jqd_A_A,2.75
307,15.586,LYS, ,CD,42.47,3.59,9.848,2.39,1.0,<Residue LYS het=  resseq=40 icode= >,4jqd_A_A,2.75
308,38.704,LYS, ,CE,44.39,3.82,22.211,2.17,1.0,<Residue LYS het=  resseq=40 icode= >,4jqd_A_A,2.75
309,48.294,LYS, ,NZ,47.02,3.27,14.067,1.22,1.0,<Residue LYS het=  resseq=40 icode= >,4jqd_A_A,2.75
310,0.0,GLY, ,N,36.31,7.21,0.0,3.28,1.0,<Residue GLY het=  resseq=41 icode= >,4jqd_A_A,2.75
311,14.624,GLY, ,CA,35.81,8.14,0.0,3.19,1.0,<Residue GLY het=  resseq=41 icode= >,4jqd_A_A,2.75
312,1.56,GLY, ,C,37.2,7.11,0.0,4.37,1.0,<Residue GLY het=  resseq=41 icode= >,4jqd_A_A,2.75
313,29.814,GLY, ,O,38.37,6.63,0.0,2.44,1.0,<Residue GLY het=  resseq=41 icode= >,4jqd_A_A,2.75
314,0.0,LYS, ,N,37.84,6.94,0.0,2.77,1.0,<Residue LYS het=  resseq=42 icode= >,4jqd_A_A,2.75
315,3.872,LYS, ,CA,38.05,6.13,0.0,2.63,1.0,<Residue LYS het=  resseq=42 icode= >,4jqd_A_A,2.75
316,0.201,LYS, ,C,36.42,4.66,0.0,3.85,1.0,<Residue LYS het=  resseq=42 icode= >,4jqd_A_A,2.75
317,17.669,LYS, ,O,37.19,3.79,3.704,1.92,1.0,<Residue LYS het=  resseq=42 icode= >,4jqd_A_A,2.75
318,6.286,LYS, ,CB,39.21,5.96,0.573,1.13,1.0,<Residue LYS het=  resseq=42 icode= >,4jqd_A_A,2.75
319,8.839,LYS, ,CG,41.27,6.00,0.0,1.07,1.0,<Residue LYS het=  resseq=42 icode= >,4jqd_A_A,2.75
320,23.641,LYS, ,CD,44.62,5.49,0.0,0.63,1.0,<Residue LYS het=  resseq=42 icode= >,4jqd_A_A,2.75
321,39.91,LYS, ,CE,45.81,4.70,11.396,0.44,1.0,<Residue LYS het=  resseq=42 icode= >,4jqd_A_A,2.75
322,48.69,LYS, ,NZ,48.21,4.77,2.179,-0.79,0.01,<Residue LYS het=  resseq=42 icode= >,4jqd_A_A,2.75
323,0.0,HIS, ,N,33.54,4.71,0.0,2.09,1.0,<Residue HIS het=  resseq=43 icode= >,4jqd_A_A,2.75
324,6.198,HIS, ,CA,31.65,3.75,4.147,3.37,1.0,<Residue HIS het=  resseq=43 icode= >,4jqd_A_A,2.75
325,3.398,HIS, ,C,30.26,3.86,0.0,5.10,1.0,<Residue HIS het=  resseq=43 icode= >,4jqd_A_A,2.75
326,2.251,HIS, ,O,28.93,5.03,0.0,2.68,1.0,<Residue HIS het=  resseq=43 icode= >,4jqd_A_A,2.75
327,12.088,HIS, ,CB,31.15,3.88,11.89,1.67,1.0,<Residue HIS het=  resseq=43 icode= >,4jqd_A_A,2.75
328,1.573,HIS, ,CG,32.01,3.88,1.573,3.62,1.0,<Residue HIS het=  resseq=43 icode= >,4jqd_A_A,2.75
329,15.087,HIS, ,ND1,33.32,3.05,14.881,2.66,1.0,<Residue HIS het=  resseq=43 icode= >,4jqd_A_A,2.75
330,9.232,HIS, ,CD2,32.4,3.91,8.819,2.18,1.0,<Residue HIS het=  resseq=43 icode= >,4jqd_A_A,2.75
331,32.551,HIS, ,CE1,34.48,3.82,18.255,2.07,1.0,<Residue HIS het=  resseq=43 icode= >,4jqd_A_A,2.75
332,17.888,HIS, ,NE2,33.84,3.70,14.992,2.72,1.0,<Residue HIS het=  resseq=43 icode= >,4jqd_A_A,2.75
333,6.797,ALA, ,N,29.86,2.89,6.079,3.13,1.0,<Residue ALA het=  resseq=44 icode= >,4jqd_A_A,2.75
334,2.776,ALA, ,CA,29.54,3.62,0.0,3.50,1.0,<Residue ALA het=  resseq=44 icode= >,4jqd_A_A,2.75
335,0.0,ALA, ,C,29.01,4.25,0.0,4.00,1.0,<Residue ALA het=  resseq=44 icode= >,4jqd_A_A,2.75
336,19.94,ALA, ,O,31.93,3.75,17.913,2.47,1.0,<Residue ALA het=  resseq=44 icode= >,4jqd_A_A,2.75
337,48.688,ALA, ,CB,29.88,3.34,12.733,1.01,1.0,<Residue ALA het=  resseq=44 icode= >,4jqd_A_A,2.75
338,0.0,PRO, ,N,27.04,5.12,0.0,4.21,1.0,<Residue PRO het=  resseq=45 icode= >,4jqd_A_A,2.75
339,1.884,PRO, ,CA,27.47,4.68,1.884,3.35,1.0,<Residue PRO het=  resseq=45 icode= >,4jqd_A_A,2.75
340,0.362,PRO, ,C,29.26,5.30,0.0,3.69,1.0,<Residue PRO het=  resseq=45 icode= >,4jqd_A_A,2.75
341,9.706,PRO, ,O,29.1,6.29,0.0,2.54,1.0,<Residue PRO het=  resseq=45 icode= >,4jqd_A_A,2.75
342,0.0,PRO, ,CB,26.4,5.51,0.0,2.45,1.0,<Residue PRO het=  resseq=45 icode= >,4jqd_A_A,2.75
343,0.0,PRO, ,CG,26.1,6.59,0.0,2.24,1.0,<Residue PRO het=  resseq=45 icode= >,4jqd_A_A,2.75
344,0.143,PRO, ,CD,26.55,6.35,0.0,2.89,1.0,<Residue PRO het=  resseq=45 icode= >,4jqd_A_A,2.75
345,5.196,ASP, ,N,31.75,4.68,4.569,3.07,1.0,<Residue ASP het=  resseq=46 icode= >,4jqd_A_A,2.75
346,8.313,ASP, ,CA,33.35,5.57,0.0,3.45,1.0,<Residue ASP het=  resseq=46 icode= >,4jqd_A_A,2.75
347,0.0,ASP, ,C,33.54,6.64,0.0,3.59,1.0,<Residue ASP het=  resseq=46 icode= >,4jqd_A_A,2.75
348,0.0,ASP, ,O,32.44,6.68,0.0,2.28,1.0,<Residue ASP het=  resseq=46 icode= >,4jqd_A_A,2.75
349,35.647,ASP, ,CB,38.29,5.14,2.512,1.64,1.0,<Residue ASP het=  resseq=46 icode= >,4jqd_A_A,2.75
350,6.044,ASP, ,CG,44.19,5.01,2.628,2.09,1.0,<Residue ASP het=  resseq=46 icode= >,4jqd_A_A,2.75
351,0.218,ASP, ,OD1,48.62,5.63,0.0,1.25,1.0,<Residue ASP het=  resseq=46 icode= >,4jqd_A_A,2.75
352,35.858,ASP, ,OD2,46.88,4.81,2.932,1.14,1.0,<Residue ASP het=  resseq=46 icode= >,4jqd_A_A,2.75
353,7.809,PHE, ,N,33.55,7.77,0.0,2.12,1.0,<Residue PHE het=  resseq=47 icode= >,4jqd_A_A,2.75
354,0.149,PHE, ,CA,31.94,8.96,0.0,3.41,1.0,<Residue PHE het=  resseq=47 icode= >,4jqd_A_A,2.75
355,0.0,PHE, ,C,32.49,9.00,0.0,3.92,1.0,<Residue PHE het=  resseq=47 icode= >,4jqd_A_A,2.75
356,0.0,PHE, ,O,31.9,9.60,0.0,2.31,1.0,<Residue PHE het=  resseq=47 icode= >,4jqd_A_A,2.75
357,28.779,PHE, ,CB,31.26,9.19,13.652,2.54,1.0,<Residue PHE het=  resseq=47 icode= >,4jqd_A_A,2.75
358,2.071,PHE, ,CG,30.03,10.47,2.071,3.64,1.0,<Residue PHE het=  resseq=47 icode= >,4jqd_A_A,2.75
359,7.443,PHE, ,CD1,28.81,11.23,7.443,2.56,1.0,<Residue PHE het=  resseq=47 icode= >,4jqd_A_A,2.75
360,21.947,PHE, ,CD2,30.92,11.07,8.671,2.30,1.0,<Residue PHE het=  resseq=47 icode= >,4jqd_A_A,2.75
361,9.8,PHE, ,CE1,28.24,12.47,9.8,2.67,1.0,<Residue PHE het=  resseq=47 icode= >,4jqd_A_A,2.75
362,28.097,PHE, ,CE2,30.41,12.31,24.092,2.38,1.0,<Residue PHE het=  resseq=47 icode= >,4jqd_A_A,2.75
363,17.82,PHE, ,CZ,29.01,12.96,17.82,2.44,1.0,<Residue PHE het=  resseq=47 icode= >,4jqd_A_A,2.75
364,1.298,GLU, ,N,33.73,8.54,0.0,3.63,1.0,<Residue GLU het=  resseq=48 icode= >,4jqd_A_A,2.75
365,4.526,GLU, ,CA,34.44,8.90,0.0,4.33,1.0,<Residue GLU het=  resseq=48 icode= >,4jqd_A_A,2.75
366,0.0,GLU, ,C,33.6,8.54,0.0,5.17,1.0,<Residue GLU het=  resseq=48 icode= >,4jqd_A_A,2.75
367,1.25,GLU, ,O,33.62,9.52,0.0,2.61,1.0,<Residue GLU het=  resseq=48 icode= >,4jqd_A_A,2.75
368,9.866,GLU, ,CB,36.92,8.57,0.0,2.31,1.0,<Residue GLU het=  resseq=48 icode= >,4jqd_A_A,2.75
369,32.164,GLU, ,CG,39.47,9.21,0.0,0.81,1.0,<Residue GLU het=  resseq=48 icode= >,4jqd_A_A,2.75
370,15.141,GLU, ,CD,41.47,8.32,0.0,0.06,0.01,<Residue GLU het=  resseq=48 icode= >,4jqd_A_A,2.75
371,32.678,GLU, ,OE1,41.17,7.79,0.0,-0.26,0.01,<Residue GLU het=  resseq=48 icode= >,4jqd_A_A,2.75
372,42.205,GLU, ,OE2,43.79,8.40,0.0,-0.46,0.01,<Residue GLU het=  resseq=48 icode= >,4jqd_A_A,2.75
373,0.627,MET, ,N,32.59,7.30,0.0,3.64,1.0,<Residue MET het=  resseq=49 icode= >,4jqd_A_A,2.75
374,0.0,MET, ,CA,31.2,7.19,0.0,3.31,1.0,<Residue MET het=  resseq=49 icode= >,4jqd_A_A,2.75
375,0.0,MET, ,C,30.51,8.24,0.0,4.72,1.0,<Residue MET het=  resseq=49 icode= >,4jqd_A_A,2.75
376,0.0,MET, ,O,31.04,9.09,0.0,2.78,1.0,<Residue MET het=  resseq=49 icode= >,4jqd_A_A,2.75
377,2.284,MET, ,CB,29.99,5.82,0.64,2.01,1.0,<Residue MET het=  resseq=49 icode= >,4jqd_A_A,2.75
378,0.0,MET, ,CG,29.54,6.07,0.0,2.47,1.0,<Residue MET het=  resseq=49 icode= >,4jqd_A_A,2.75
379,0.0,MET, ,SD,32.2,7.15,0.0,5.66,1.0,<Residue MET het=  resseq=49 icode= >,4jqd_A_A,2.75
380,23.555,MET, ,CE,32.79,6.40,0.0,2.09,1.0,<Residue MET het=  resseq=49 icode= >,4jqd_A_A,2.75
381,0.0,ALA, ,N,31.25,8.41,0.0,3.33,1.0,<Residue ALA het=  resseq=50 icode= >,4jqd_A_A,2.75
382,0.0,ALA, ,CA,30.82,9.56,0.0,3.65,1.0,<Residue ALA het=  resseq=50 icode= >,4jqd_A_A,2.75
383,0.0,ALA, ,C,32.09,10.82,0.0,4.21,1.0,<Residue ALA het=  resseq=50 icode= >,4jqd_A_A,2.75
384,0.0,ALA, ,O,32.45,11.65,0.0,2.57,1.0,<Residue ALA het=  resseq=50 icode= >,4jqd_A_A,2.75
385,0.0,ALA, ,CB,31.28,9.87,0.0,1.36,1.0,<Residue ALA het=  resseq=50 icode= >,4jqd_A_A,2.75
386,0.0,ASN, ,N,32.59,11.08,0.0,2.66,1.0,<Residue ASN het=  resseq=51 icode= >,4jqd_A_A,2.75
387,0.351,ASN, ,CA,33.96,12.33,0.0,3.50,1.0,<Residue ASN het=  resseq=51 icode= >,4jqd_A_A,2.75
388,1.578,ASN, ,C,35.0,12.52,0.0,4.73,1.0,<Residue ASN het=  resseq=51 icode= >,4jqd_A_A,2.75
389,2.645,ASN, ,O,35.96,13.58,0.0,2.35,1.0,<Residue ASN het=  resseq=51 icode= >,4jqd_A_A,2.75
390,19.499,ASN, ,CB,34.6,12.69,0.0,2.50,1.0,<Residue ASN het=  resseq=51 icode= >,4jqd_A_A,2.75
391,6.967,ASN, ,CG,36.09,13.41,0.0,3.44,1.0,<Residue ASN het=  resseq=51 icode= >,4jqd_A_A,2.75
392,27.974,ASN, ,OD1,38.52,14.63,9.924,1.73,1.0,<Residue ASN het=  resseq=51 icode= >,4jqd_A_A,2.75
393,1.732,ASN, ,ND2,36.14,12.76,0.0,1.53,1.0,<Residue ASN het=  resseq=51 icode= >,4jqd_A_A,2.75
394,0.204,ARG, ,N,35.82,11.60,0.0,2.79,1.0,<Residue ARG het=  resseq=52 icode= >,4jqd_A_A,2.75
395,3.433,ARG, ,CA,35.19,11.87,0.0,3.73,1.0,<Residue ARG het=  resseq=52 icode= >,4jqd_A_A,2.75
396,0.0,ARG, ,C,33.79,12.24,0.0,4.55,1.0,<Residue ARG het=  resseq=52 icode= >,4jqd_A_A,2.75
397,1.491,ARG, ,O,34.87,13.22,0.0,2.29,1.0,<Residue ARG het=  resseq=52 icode= >,4jqd_A_A,2.75
398,0.441,ARG, ,CB,37.52,10.81,0.0,2.33,1.0,<Residue ARG het=  resseq=52 icode= >,4jqd_A_A,2.75
399,17.327,ARG, ,CG,41.6,10.93,0.0,2.36,1.0,<Residue ARG het=  resseq=52 icode= >,4jqd_A_A,2.75
400,2.431,ARG, ,CD,47.36,10.08,0.0,1.25,1.0,<Residue ARG het=  resseq=52 icode= >,4jqd_A_A,2.75
401,18.461,ARG, ,NE,53.48,10.77,0.0,1.87,1.0,<Residue ARG het=  resseq=52 icode= >,4jqd_A_A,2.75
402,4.708,ARG, ,CZ,56.7,11.79,0.0,2.62,1.0,<Residue ARG het=  resseq=52 icode= >,4jqd_A_A,2.75
403,20.488,ARG, ,NH1,55.95,12.28,0.0,1.08,1.0,<Residue ARG het=  resseq=52 icode= >,4jqd_A_A,2.75
404,58.551,ARG, ,NH2,59.83,12.49,0.0,1.31,1.0,<Residue ARG het=  resseq=52 icode= >,4jqd_A_A,2.75
405,0.0,LEU, ,N,30.66,11.60,0.0,3.18,1.0,<Residue LEU het=  resseq=53 icode= >,4jqd_A_A,2.75
406,0.0,LEU, ,CA,30.22,12.15,0.0,3.58,1.0,<Residue LEU het=  resseq=53 icode= >,4jqd_A_A,2.75
407,0.0,LEU, ,C,30.72,13.54,0.0,4.77,1.0,<Residue LEU het=  resseq=53 icode= >,4jqd_A_A,2.75
408,0.0,LEU, ,O,30.9,14.29,0.0,2.84,1.0,<Residue LEU het=  resseq=53 icode= >,4jqd_A_A,2.75
409,0.0,LEU, ,CB,28.62,11.32,0.0,1.67,1.0,<Residue LEU het=  resseq=53 icode= >,4jqd_A_A,2.75
410,0.0,LEU, ,CG,28.48,9.97,0.0,2.83,1.0,<Residue LEU het=  resseq=53 icode= >,4jqd_A_A,2.75
411,0.0,LEU, ,CD1,26.72,9.16,0.0,1.18,1.0,<Residue LEU het=  resseq=53 icode= >,4jqd_A_A,2.75
412,0.0,LEU, ,CD2,28.55,10.19,0.0,1.50,1.0,<Residue LEU het=  resseq=53 icode= >,4jqd_A_A,2.75
413,0.0,ALA, ,N,30.58,13.72,0.0,4.04,1.0,<Residue ALA het=  resseq=54 icode= >,4jqd_A_A,2.75
414,0.0,ALA, ,CA,31.09,15.02,0.0,4.47,1.0,<Residue ALA het=  resseq=54 icode= >,4jqd_A_A,2.75
415,0.089,ALA, ,C,33.12,16.00,0.0,4.11,1.0,<Residue ALA het=  resseq=54 icode= >,4jqd_A_A,2.75
416,0.097,ALA, ,O,34.17,17.07,0.0,2.04,1.0,<Residue ALA het=  resseq=54 icode= >,4jqd_A_A,2.75
417,3.745,ALA, ,CB,32.19,15.09,0.0,0.99,1.0,<Residue ALA het=  resseq=54 icode= >,4jqd_A_A,2.75
418,0.292,LYS, ,N,33.64,15.66,0.0,2.95,1.0,<Residue LYS het=  resseq=55 icode= >,4jqd_A_A,2.75
419,7.893,LYS, ,CA,36.51,16.70,0.0,3.35,1.0,<Residue LYS het=  resseq=55 icode= >,4jqd_A_A,2.75
420,0.865,LYS, ,C,36.98,17.11,0.0,3.91,1.0,<Residue LYS het=  resseq=55 icode= >,4jqd_A_A,2.75
421,10.677,LYS, ,O,39.78,17.53,0.0,2.30,1.0,<Residue LYS het=  resseq=55 icode= >,4jqd_A_A,2.75
422,4.868,LYS, ,CB,39.99,16.32,0.0,1.33,1.0,<Residue LYS het=  resseq=55 icode= >,4jqd_A_A,2.75
423,22.963,LYS, ,CG,45.39,17.57,0.0,1.20,1.0,<Residue LYS het=  resseq=55 icode= >,4jqd_A_A,2.75
424,31.328,LYS, ,CD,50.33,17.34,0.0,1.14,1.0,<Residue LYS het=  resseq=55 icode= >,4jqd_A_A,2.75
425,44.311,LYS, ,CE,57.08,18.68,0.0,0.52,1.0,<Residue LYS het=  resseq=55 icode= >,4jqd_A_A,2.75
426,49.21,LYS, ,NZ,61.31,18.89,0.0,0.41,1.0,<Residue LYS het=  resseq=55 icode= >,4jqd_A_A,2.75
427,0.0,VAL, ,N,35.72,15.89,0.0,2.57,1.0,<Residue VAL het=  resseq=56 icode= >,4jqd_A_A,2.75
428,7.698,VAL, ,CA,34.2,14.93,0.0,3.85,1.0,<Residue VAL het=  resseq=56 icode= >,4jqd_A_A,2.75
429,0.0,VAL, ,C,33.77,14.56,0.0,4.29,1.0,<Residue VAL het=  resseq=56 icode= >,4jqd_A_A,2.75
430,10.577,VAL, ,O,35.84,14.55,0.0,2.18,1.0,<Residue VAL het=  resseq=56 icode= >,4jqd_A_A,2.75
431,0.0,VAL, ,CB,33.13,13.70,0.0,3.18,1.0,<Residue VAL het=  resseq=56 icode= >,4jqd_A_A,2.75
432,6.12,VAL, ,CG1,34.02,12.74,0.0,1.56,1.0,<Residue VAL het=  resseq=56 icode= >,4jqd_A_A,2.75
433,10.992,VAL, ,CG2,33.18,14.24,0.0,1.75,1.0,<Residue VAL het=  resseq=56 icode= >,4jqd_A_A,2.75
434,0.0,LEU, ,N,31.77,14.44,0.0,3.07,1.0,<Residue LEU het=  resseq=57 icode= >,4jqd_A_A,2.75
435,0.042,LEU, ,CA,32.59,14.17,0.0,3.49,1.0,<Residue LEU het=  resseq=57 icode= >,4jqd_A_A,2.75
436,0.699,LEU, ,C,34.56,15.38,0.0,4.09,1.0,<Residue LEU het=  resseq=57 icode= >,4jqd_A_A,2.75
437,10.126,LEU, ,O,35.45,15.26,0.0,2.23,1.0,<Residue LEU het=  resseq=57 icode= >,4jqd_A_A,2.75
438,0.0,LEU, ,CB,30.56,13.71,0.0,2.39,1.0,<Residue LEU het=  resseq=57 icode= >,4jqd_A_A,2.75
439,0.0,LEU, ,CG,30.47,12.37,0.0,3.00,1.0,<Residue LEU het=  resseq=57 icode= >,4jqd_A_A,2.75
440,0.0,LEU, ,CD1,28.92,12.25,0.0,1.37,1.0,<Residue LEU het=  resseq=57 icode= >,4jqd_A_A,2.75
441,0.0,LEU, ,CD2,32.65,11.28,0.0,1.07,1.0,<Residue LEU het=  resseq=57 icode= >,4jqd_A_A,2.75
442,0.0,LYS, ,N,35.62,16.56,0.0,2.90,1.0,<Residue LYS het=  resseq=58 icode= >,4jqd_A_A,2.75
443,7.69,LYS, ,CA,37.91,17.81,0.0,2.85,1.0,<Residue LYS het=  resseq=58 icode= >,4jqd_A_A,2.75
444,2.723,LYS, ,C,36.16,18.12,0.0,4.14,1.0,<Residue LYS het=  resseq=58 icode= >,4jqd_A_A,2.75
445,10.568,LYS, ,O,36.87,18.53,0.0,2.46,1.0,<Residue LYS het=  resseq=58 icode= >,4jqd_A_A,2.75
446,17.014,LYS, ,CB,41.35,17.89,0.0,1.34,1.0,<Residue LYS het=  resseq=58 icode= >,4jqd_A_A,2.75
447,15.209,LYS, ,CG,46.43,18.17,0.0,1.56,1.0,<Residue LYS het=  resseq=58 icode= >,4jqd_A_A,2.75
448,28.856,LYS, ,CD,51.5,17.87,0.0,1.31,1.0,<Residue LYS het=  resseq=58 icode= >,4jqd_A_A,2.75
449,40.692,LYS, ,CE,55.97,18.09,0.0,1.21,1.0,<Residue LYS het=  resseq=58 icode= >,4jqd_A_A,2.75
450,47.835,LYS, ,NZ,65.04,16.99,0.0,0.24,1.0,<Residue LYS het=  resseq=58 icode= >,4jqd_A_A,2.75
451,0.561,ILE, ,N,34.27,18.07,0.0,2.44,1.0,<Residue ILE het=  resseq=59 icode= >,4jqd_A_A,2.75
452,0.0,ILE, ,CA,33.37,18.61,0.0,3.63,1.0,<Residue ILE het=  resseq=59 icode= >,4jqd_A_A,2.75
453,2.53,ILE, ,C,32.89,19.56,0.0,4.55,1.0,<Residue ILE het=  resseq=59 icode= >,4jqd_A_A,2.75
454,7.86,ILE, ,O,31.9,19.49,0.0,3.09,1.0,<Residue ILE het=  resseq=59 icode= >,4jqd_A_A,2.75
455,0.0,ILE, ,CB,32.34,17.56,0.0,3.08,1.0,<Residue ILE het=  resseq=59 icode= >,4jqd_A_A,2.75
456,0.0,ILE, ,CG1,30.9,16.78,0.0,2.08,1.0,<Residue ILE het=  resseq=59 icode= >,4jqd_A_A,2.75
457,9.356,ILE, ,CG2,32.18,16.73,0.0,1.20,1.0,<Residue ILE het=  resseq=59 icode= >,4jqd_A_A,2.75
458,0.0,ILE, ,CD1,31.52,15.83,0.0,0.76,1.0,<Residue ILE het=  resseq=59 icode= >,4jqd_A_A,2.75
459,0.0,PRO, ,N,33.48,1000.00,0.0,4.15,1.0,<Residue PRO het=  resseq=60 icode= >,4jqd_A_A,2.75
460,10.923,PRO, ,CA,33.08,1000.00,5.606,3.61,1.0,<Residue PRO het=  resseq=60 icode= >,4jqd_A_A,2.75
461,0.0,PRO, ,C,31.8,1000.00,0.0,4.69,1.0,<Residue PRO het=  resseq=60 icode= >,4jqd_A_A,2.75
462,0.0,PRO, ,O,30.95,1000.00,0.0,2.87,1.0,<Residue PRO het=  resseq=60 icode= >,4jqd_A_A,2.75
463,14.284,PRO, ,CB,33.66,1000.00,14.096,2.74,1.0,<Residue PRO het=  resseq=60 icode= >,4jqd_A_A,2.75
464,0.459,PRO, ,CG,34.54,1000.00,0.0,2.32,1.0,<Residue PRO het=  resseq=60 icode= >,4jqd_A_A,2.75
465,0.0,PRO, ,CD,34.41,1000.00,0.0,2.59,1.0,<Residue PRO het=  resseq=60 icode= >,4jqd_A_A,2.75
466,4.494,VAL, ,N,31.66,17.34,1.897,2.53,1.0,<Residue VAL het=  resseq=61 icode= >,4jqd_A_A,2.75
467,0.0,VAL, ,CA,29.73,16.06,0.0,3.40,1.0,<Residue VAL het=  resseq=61 icode= >,4jqd_A_A,2.75
468,0.0,VAL, ,C,30.59,16.28,0.0,4.07,1.0,<Residue VAL het=  resseq=61 icode= >,4jqd_A_A,2.75
469,0.0,VAL, ,O,30.97,15.66,0.0,1.89,1.0,<Residue VAL het=  resseq=61 icode= >,4jqd_A_A,2.75
470,2.154,VAL, ,CB,29.55,15.22,0.0,3.11,1.0,<Residue VAL het=  resseq=61 icode= >,4jqd_A_A,2.75
471,22.727,VAL, ,CG1,31.38,15.87,22.172,1.13,1.0,<Residue VAL het=  resseq=61 icode= >,4jqd_A_A,2.75
472,0.0,VAL, ,CG2,29.37,13.77,0.0,1.20,1.0,<Residue VAL het=  resseq=61 icode= >,4jqd_A_A,2.75
473,0.0,SER, ,N,30.38,17.35,0.0,2.61,1.0,<Residue SER het=  resseq=62 icode= >,4jqd_A_A,2.75
474,0.739,SER, ,CA,30.19,17.26,0.739,3.97,1.0,<Residue SER het=  resseq=62 icode= >,4jqd_A_A,2.75
475,0.0,SER, ,C,29.61,17.38,0.0,4.39,1.0,<Residue SER het=  resseq=62 icode= >,4jqd_A_A,2.75
476,0.13,SER, ,O,30.83,16.99,0.13,2.10,1.0,<Residue SER het=  resseq=62 icode= >,4jqd_A_A,2.75
477,35.607,SER, ,CB,32.14,18.24,35.607,2.44,1.0,<Residue SER het=  resseq=62 icode= >,4jqd_A_A,2.75
478,17.936,SER, ,OG,33.63,19.53,17.936,2.50,1.0,<Residue SER het=  resseq=62 icode= >,4jqd_A_A,2.75
479,0.0,TYR, ,N,28.58,18.05,0.0,3.65,1.0,<Residue TYR het=  resseq=63 icode= >,4jqd_A_A,2.75
480,0.0,TYR, ,CA,28.39,18.26,0.0,3.77,1.0,<Residue TYR het=  resseq=63 icode= >,4jqd_A_A,2.75
481,0.0,TYR, ,C,27.71,16.93,0.0,4.00,1.0,<Residue TYR het=  resseq=63 icode= >,4jqd_A_A,2.75
482,0.0,TYR, ,O,27.76,16.82,0.0,2.52,1.0,<Residue TYR het=  resseq=63 icode= >,4jqd_A_A,2.75
483,0.0,TYR, ,CB,28.74,19.12,0.0,1.95,1.0,<Residue TYR het=  resseq=63 icode= >,4jqd_A_A,2.75
484,0.0,TYR, ,CG,30.01,19.49,0.0,2.32,1.0,<Residue TYR het=  resseq=63 icode= >,4jqd_A_A,2.75
485,0.0,TYR, ,CD1,31.55,20.60,0.0,1.65,1.0,<Residue TYR het=  resseq=63 icode= >,4jqd_A_A,2.75
486,0.0,TYR, ,CD2,29.14,18.92,0.0,2.31,1.0,<Residue TYR het=  resseq=63 icode= >,4jqd_A_A,2.75
487,1.2,TYR, ,CE1,32.16,21.07,0.0,2.42,1.0,<Residue TYR het=  resseq=63 icode= >,4jqd_A_A,2.75
488,0.0,TYR, ,CE2,29.98,19.44,0.0,2.56,1.0,<Residue TYR het=  resseq=63 icode= >,4jqd_A_A,2.75
489,0.0,TYR, ,CZ,31.47,20.50,0.0,4.04,1.0,<Residue TYR het=  resseq=63 icode= >,4jqd_A_A,2.75
490,7.685,TYR, ,OH,33.34,21.11,0.0,2.41,1.0,<Residue TYR het=  resseq=63 icode= >,4jqd_A_A,2.75
491,0.0,LEU, ,N,27.02,15.95,0.0,2.53,1.0,<Residue LEU het=  resseq=64 icode= >,4jqd_A_A,2.75
492,0.0,LEU, ,CA,27.75,14.64,0.0,2.38,1.0,<Residue LEU het=  resseq=64 icode= >,4jqd_A_A,2.75
493,0.0,LEU, ,C,29.47,13.93,0.0,3.45,1.0,<Residue LEU het=  resseq=64 icode= >,4jqd_A_A,2.75
494,0.0,LEU, ,O,30.76,13.03,0.0,1.96,1.0,<Residue LEU het=  resseq=64 icode= >,4jqd_A_A,2.75
495,0.0,LEU, ,CB,26.79,13.80,0.0,1.66,1.0,<Residue LEU het=  resseq=64 icode= >,4jqd_A_A,2.75
496,0.0,LEU, ,CG,26.07,14.17,0.0,2.85,1.0,<Residue LEU het=  resseq=64 icode= >,4jqd_A_A,2.75
497,0.0,LEU, ,CD1,24.95,12.94,0.0,1.45,1.0,<Residue LEU het=  resseq=64 icode= >,4jqd_A_A,2.75
498,0.0,LEU, ,CD2,27.56,14.42,0.0,1.30,1.0,<Residue LEU het=  resseq=64 icode= >,4jqd_A_A,2.75
499,0.0,TYR, ,N,30.16,14.43,0.0,2.55,1.0,<Residue TYR het=  resseq=65 icode= >,4jqd_A_A,2.75
500,2.033,TYR, ,CA,30.89,14.01,2.033,3.25,1.0,<Residue TYR het=  resseq=65 icode= >,4jqd_A_A,2.75
501,0.364,TYR, ,C,33.0,15.21,0.364,4.34,1.0,<Residue TYR het=  resseq=65 icode= >,4jqd_A_A,2.75
502,17.719,TYR, ,O,35.08,15.39,17.719,2.79,1.0,<Residue TYR het=  resseq=65 icode= >,4jqd_A_A,2.75
503,19.735,TYR, ,CB,31.68,13.63,19.735,2.16,1.0,<Residue TYR het=  resseq=65 icode= >,4jqd_A_A,2.75
504,1.945,TYR, ,CG,30.75,12.54,1.945,3.25,1.0,<Residue TYR het=  resseq=65 icode= >,4jqd_A_A,2.75
505,3.038,TYR, ,CD1,30.13,12.96,3.038,2.37,1.0,<Residue TYR het=  resseq=65 icode= >,4jqd_A_A,2.75
506,16.476,TYR, ,CD2,30.56,11.23,16.476,2.79,1.0,<Residue TYR het=  resseq=65 icode= >,4jqd_A_A,2.75
507,0.061,TYR, ,CE1,29.32,12.17,0.061,2.34,1.0,<Residue TYR het=  resseq=65 icode= >,4jqd_A_A,2.75
508,17.302,TYR, ,CE2,30.0,10.29,11.794,2.35,1.0,<Residue TYR het=  resseq=65 icode= >,4jqd_A_A,2.75
509,0.211,TYR, ,CZ,29.25,10.83,0.211,3.50,1.0,<Residue TYR het=  resseq=65 icode= >,4jqd_A_A,2.75
510,2.874,TYR, ,OH,28.46,10.18,0.328,2.58,1.0,<Residue TYR het=  resseq=65 icode= >,4jqd_A_A,2.75
511,0.0,THR, ,N,33.16,16.16,0.0,2.88,1.0,<Residue THR het=  resseq=66 icode= >,4jqd_A_A,2.75
512,0.856,THR, ,CA,34.73,17.37,0.856,3.46,1.0,<Residue THR het=  resseq=66 icode= >,4jqd_A_A,2.75
513,0.0,THR, ,C,36.57,17.52,0.0,3.89,1.0,<Residue THR het=  resseq=66 icode= >,4jqd_A_A,2.75
514,0.0,THR, ,O,37.1,17.78,0.0,2.31,1.0,<Residue THR het=  resseq=66 icode= >,4jqd_A_A,2.75
515,0.0,THR, ,CB,34.51,18.62,0.0,3.14,1.0,<Residue THR het=  resseq=66 icode= >,4jqd_A_A,2.75
516,6.506,THR, ,OG1,34.04,18.68,6.506,2.35,1.0,<Residue THR het=  resseq=66 icode= >,4jqd_A_A,2.75
517,0.431,THR, ,CG2,36.74,19.87,0.431,1.83,1.0,<Residue THR het=  resseq=66 icode= >,4jqd_A_A,2.75
518,0.0,PRO, ,N,38.34,17.45,0.0,3.86,1.0,<Residue PRO het=  resseq=67 icode= >,4jqd_A_A,2.75
519,0.408,PRO, ,CA,40.34,17.77,0.0,3.13,1.0,<Residue PRO het=  resseq=67 icode= >,4jqd_A_A,2.75
520,0.848,PRO, ,C,42.16,19.26,0.0,3.72,1.0,<Residue PRO het=  resseq=67 icode= >,4jqd_A_A,2.75
521,10.765,PRO, ,O,43.8,19.71,0.0,2.34,1.0,<Residue PRO het=  resseq=67 icode= >,4jqd_A_A,2.75
522,28.533,PRO, ,CB,41.64,17.45,0.0,1.80,1.0,<Residue PRO het=  resseq=67 icode= >,4jqd_A_A,2.75
523,32.891,PRO, ,CG,40.58,16.69,26.991,2.15,1.0,<Residue PRO het=  resseq=67 icode= >,4jqd_A_A,2.75
524,7.438,PRO, ,CD,39.36,17.12,7.438,2.38,1.0,<Residue PRO het=  resseq=67 icode= >,4jqd_A_A,2.75
525,0.0,GLU, ,N,42.14,1000.00,0.0,3.04,1.0,<Residue GLU het=  resseq=68 icode= >,4jqd_A_A,2.75
526,6.645,GLU, ,CA,44.05,1000.00,0.0,3.62,1.0,<Residue GLU het=  resseq=68 icode= >,4jqd_A_A,2.75
527,0.0,GLU, ,C,43.15,1000.00,0.0,3.64,1.0,<Residue GLU het=  resseq=68 icode= >,4jqd_A_A,2.75
528,0.0,GLU, ,O,42.14,1000.00,0.0,2.10,1.0,<Residue GLU het=  resseq=68 icode= >,4jqd_A_A,2.75
529,1.435,GLU, ,CB,45.28,1000.00,0.366,2.33,1.0,<Residue GLU het=  resseq=68 icode= >,4jqd_A_A,2.75
530,36.121,GLU, ,CG,47.97,1000.00,9.308,1.76,1.0,<Residue GLU het=  resseq=68 icode= >,4jqd_A_A,2.75
531,2.632,GLU, ,CD,47.35,1000.00,1.653,3.17,1.0,<Residue GLU het=  resseq=68 icode= >,4jqd_A_A,2.75
532,3.034,GLU, ,OE1,44.78,1000.00,3.034,2.39,1.0,<Residue GLU het=  resseq=68 icode= >,4jqd_A_A,2.75
533,41.169,GLU, ,OE2,49.55,1000.00,18.499,1.63,1.0,<Residue GLU het=  resseq=68 icode= >,4jqd_A_A,2.75
534,5.468,ASP, ,N,44.29,17.13,0.0,2.33,1.0,<Residue ASP het=  resseq=69 icode= >,4jqd_A_A,2.75
535,0.643,ASP, ,CA,43.41,16.80,0.0,2.97,1.0,<Residue ASP het=  resseq=69 icode= >,4jqd_A_A,2.75
536,1.343,ASP, ,C,43.04,16.06,0.0,4.33,1.0,<Residue ASP het=  resseq=69 icode= >,4jqd_A_A,2.75
537,5.867,ASP, ,O,41.57,16.50,0.0,2.74,1.0,<Residue ASP het=  resseq=69 icode= >,4jqd_A_A,2.75
538,30.001,ASP, ,CB,46.05,16.19,0.0,1.66,1.0,<Residue ASP het=  resseq=69 icode= >,4jqd_A_A,2.75
539,9.979,ASP, ,CG,45.84,17.32,0.0,3.46,1.0,<Residue ASP het=  resseq=69 icode= >,4jqd_A_A,2.75
540,1.988,ASP, ,OD1,42.47,18.52,0.0,2.15,1.0,<Residue ASP het=  resseq=69 icode= >,4jqd_A_A,2.75
541,36.631,ASP, ,OD2,48.97,17.08,0.0,1.55,1.0,<Residue ASP het=  resseq=69 icode= >,4jqd_A_A,2.75
542,2.736,ASP, ,N,44.37,15.06,0.0,3.25,1.0,<Residue ASP het=  resseq=70 icode= >,4jqd_A_A,2.75
543,7.516,ASP, ,CA,45.06,14.45,1.226,2.96,1.0,<Residue ASP het=  resseq=70 icode= >,4jqd_A_A,2.75
544,0.0,ASP, ,C,43.12,15.54,0.0,3.48,1.0,<Residue ASP het=  resseq=70 icode= >,4jqd_A_A,2.75
545,1.92,ASP, ,O,43.05,15.75,1.92,1.96,1.0,<Residue ASP het=  resseq=70 icode= >,4jqd_A_A,2.75
546,35.513,ASP, ,CB,47.9,13.20,23.721,2.21,1.0,<Residue ASP het=  resseq=70 icode= >,4jqd_A_A,2.75
547,12.145,ASP, ,CG,48.5,13.57,5.249,3.56,1.0,<Residue ASP het=  resseq=70 icode= >,4jqd_A_A,2.75
548,6.349,ASP, ,OD1,46.71,14.73,3.083,2.24,1.0,<Residue ASP het=  resseq=70 icode= >,4jqd_A_A,2.75
549,42.105,ASP, ,OD2,50.9,12.79,26.271,2.18,1.0,<Residue ASP het=  resseq=70 icode= >,4jqd_A_A,2.75
550,0.0,LEU, ,N,42.29,16.39,0.0,2.42,1.0,<Residue LEU het=  resseq=71 icode= >,4jqd_A_A,2.75
551,0.477,LEU, ,CA,39.79,17.54,0.477,3.37,1.0,<Residue LEU het=  resseq=71 icode= >,4jqd_A_A,2.75
552,0.0,LEU, ,C,37.28,18.55,0.0,4.14,1.0,<Residue LEU het=  resseq=71 icode= >,4jqd_A_A,2.75
553,0.0,LEU, ,O,36.83,19.16,0.0,2.76,1.0,<Residue LEU het=  resseq=71 icode= >,4jqd_A_A,2.75
554,5.06,LEU, ,CB,39.36,18.30,5.06,2.22,1.0,<Residue LEU het=  resseq=71 icode= >,4jqd_A_A,2.75
555,0.0,LEU, ,CG,37.43,19.59,0.0,2.92,1.0,<Residue LEU het=  resseq=71 icode= >,4jqd_A_A,2.75
556,34.638,LEU, ,CD1,38.32,19.39,34.36,1.40,1.0,<Residue LEU het=  resseq=71 icode= >,4jqd_A_A,2.75
557,37.031,LEU, ,CD2,37.56,20.10,37.031,1.50,1.0,<Residue LEU het=  resseq=71 icode= >,4jqd_A_A,2.75
558,0.0,ALA, ,N,35.96,1000.00,0.0,2.93,1.0,<Residue ALA het=  resseq=72 icode= >,4jqd_A_A,2.75
559,0.0,ALA, ,CA,34.01,1000.00,0.0,3.51,1.0,<Residue ALA het=  resseq=72 icode= >,4jqd_A_A,2.75
560,0.0,ALA, ,C,34.11,1000.00,0.0,4.25,1.0,<Residue ALA het=  resseq=72 icode= >,4jqd_A_A,2.75
561,0.0,ALA, ,O,32.83,1000.00,0.0,2.03,1.0,<Residue ALA het=  resseq=72 icode= >,4jqd_A_A,2.75
562,2.669,ALA, ,CB,33.45,1000.00,0.0,1.64,1.0,<Residue ALA het=  resseq=72 icode= >,4jqd_A_A,2.75
563,0.633,GLN, ,N,36.24,18.41,0.0,3.20,1.0,<Residue GLN het=  resseq=73 icode= >,4jqd_A_A,2.75
564,0.081,GLN, ,CA,37.78,18.18,0.0,3.37,1.0,<Residue GLN het=  resseq=73 icode= >,4jqd_A_A,2.75
565,0.058,GLN, ,C,37.7,18.49,0.058,4.36,1.0,<Residue GLN het=  resseq=73 icode= >,4jqd_A_A,2.75
566,0.0,GLN, ,O,37.28,19.35,0.0,2.34,1.0,<Residue GLN het=  resseq=73 icode= >,4jqd_A_A,2.75
567,8.912,GLN, ,CB,40.99,16.80,1.437,1.50,1.0,<Residue GLN het=  resseq=73 icode= >,4jqd_A_A,2.75
568,31.829,GLN, ,CG,43.13,16.75,18.404,1.53,1.0,<Residue GLN het=  resseq=73 icode= >,4jqd_A_A,2.75
569,5.713,GLN, ,CD,42.3,17.95,0.0,3.23,1.0,<Residue GLN het=  resseq=73 icode= >,4jqd_A_A,2.75
570,17.501,GLN, ,OE1,41.72,18.82,0.144,1.91,1.0,<Residue GLN het=  resseq=73 icode= >,4jqd_A_A,2.75
571,42.908,GLN, ,NE2,41.86,18.10,0.0,2.08,1.0,<Residue GLN het=  resseq=73 icode= >,4jqd_A_A,2.75
572,0.297,ILE, ,N,38.67,17.93,0.297,2.86,1.0,<Residue ILE het=  resseq=74 icode= >,4jqd_A_A,2.75
573,4.529,ILE, ,CA,38.49,18.41,4.529,3.72,1.0,<Residue ILE het=  resseq=74 icode= >,4jqd_A_A,2.75
574,0.0,ILE, ,C,36.61,19.96,0.0,4.14,1.0,<Residue ILE het=  resseq=74 icode= >,4jqd_A_A,2.75
575,0.558,ILE, ,O,36.31,20.58,0.268,2.28,1.0,<Residue ILE het=  resseq=74 icode= >,4jqd_A_A,2.75
576,0.0,ILE, ,CB,39.32,18.00,0.0,2.84,1.0,<Residue ILE het=  resseq=74 icode= >,4jqd_A_A,2.75
577,19.38,ILE, ,CG1,42.14,16.50,19.369,1.87,1.0,<Residue ILE het=  resseq=74 icode= >,4jqd_A_A,2.75
578,34.346,ILE, ,CG2,38.82,18.83,25.858,0.84,1.0,<Residue ILE het=  resseq=74 icode= >,4jqd_A_A,2.75
579,48.485,ILE, ,CD1,43.83,16.14,47.025,0.62,1.0,<Residue ILE het=  resseq=74 icode= >,4jqd_A_A,2.75
580,0.0,ILE, ,N,35.18,1000.00,0.0,2.47,1.0,<Residue ILE het=  resseq=75 icode= >,4jqd_A_A,2.75
581,0.692,ILE, ,CA,33.45,1000.00,0.692,3.60,1.0,<Residue ILE het=  resseq=75 icode= >,4jqd_A_A,2.75
582,0.0,ILE, ,C,33.21,1000.00,0.0,5.08,1.0,<Residue ILE het=  resseq=75 icode= >,4jqd_A_A,2.75
583,0.0,ILE, ,O,32.74,1000.00,0.0,2.65,1.0,<Residue ILE het=  resseq=75 icode= >,4jqd_A_A,2.75
584,0.0,ILE, ,CB,31.74,1000.00,0.0,3.64,1.0,<Residue ILE het=  resseq=75 icode= >,4jqd_A_A,2.75
585,15.25,ILE, ,CG1,33.26,1000.00,15.047,2.52,1.0,<Residue ILE het=  resseq=75 icode= >,4jqd_A_A,2.75
586,2.001,ILE, ,CG2,30.31,1000.00,2.001,1.37,1.0,<Residue ILE het=  resseq=75 icode= >,4jqd_A_A,2.75
587,11.968,ILE, ,CD1,33.27,1000.00,11.968,1.25,1.0,<Residue ILE het=  resseq=75 icode= >,4jqd_A_A,2.75
588,0.0,LEU, ,N,34.07,1000.00,0.0,3.28,1.0,<Residue LEU het=  resseq=76 icode= >,4jqd_A_A,2.75
589,0.0,LEU, ,CA,34.93,1000.00,0.0,3.71,1.0,<Residue LEU het=  resseq=76 icode= >,4jqd_A_A,2.75
590,1.154,LEU, ,C,36.63,1000.00,0.0,3.85,1.0,<Residue LEU het=  resseq=76 icode= >,4jqd_A_A,2.75
591,0.933,LEU, ,O,37.26,1000.00,0.0,2.68,1.0,<Residue LEU het=  resseq=76 icode= >,4jqd_A_A,2.75
592,0.756,LEU, ,CB,35.96,1000.00,0.0,2.57,1.0,<Residue LEU het=  resseq=76 icode= >,4jqd_A_A,2.75
593,9.888,LEU, ,CG,36.42,1000.00,0.0,2.97,1.0,<Residue LEU het=  resseq=76 icode= >,4jqd_A_A,2.75
594,2.288,LEU, ,CD1,34.35,1000.00,0.0,1.48,1.0,<Residue LEU het=  resseq=76 icode= >,4jqd_A_A,2.75
595,9.169,LEU, ,CD2,37.84,1000.00,0.0,0.97,1.0,<Residue LEU het=  resseq=76 icode= >,4jqd_A_A,2.75
596,0.0,THR, ,N,37.64,1000.00,0.0,2.97,1.0,<Residue THR het=  resseq=77 icode= >,4jqd_A_A,2.75
597,1.336,THR, ,CA,38.92,1000.00,0.0,3.57,1.0,<Residue THR het=  resseq=77 icode= >,4jqd_A_A,2.75
598,0.0,THR, ,C,39.44,1000.00,0.0,3.40,1.0,<Residue THR het=  resseq=77 icode= >,4jqd_A_A,2.75
599,0.0,THR, ,O,40.49,1000.00,0.0,1.80,1.0,<Residue THR het=  resseq=77 icode= >,4jqd_A_A,2.75
600,4.927,THR, ,CB,41.1,1000.00,4.548,2.98,1.0,<Residue THR het=  resseq=77 icode= >,4jqd_A_A,2.75
601,9.262,THR, ,OG1,42.1,1000.00,3.856,2.10,1.0,<Residue THR het=  resseq=77 icode= >,4jqd_A_A,2.75
602,46.916,THR, ,CG2,43.49,1000.00,20.022,0.87,1.0,<Residue THR het=  resseq=77 icode= >,4jqd_A_A,2.75
603,0.564,TRP, ,N,38.73,1000.00,0.0,2.61,1.0,<Residue TRP het=  resseq=78 icode= >,4jqd_A_A,2.75
604,0.934,TRP, ,CA,38.64,1000.00,0.0,2.99,1.0,<Residue TRP het=  resseq=78 icode= >,4jqd_A_A,2.75
605,0.0,TRP, ,C,38.1,1000.00,0.0,4.34,1.0,<Residue TRP het=  resseq=78 icode= >,4jqd_A_A,2.75
606,0.0,TRP, ,O,39.11,1000.00,0.0,2.12,1.0,<Residue TRP het=  resseq=78 icode= >,4jqd_A_A,2.75
607,5.418,TRP, ,CB,38.09,1000.00,3.864,1.60,1.0,<Residue TRP het=  resseq=78 icode= >,4jqd_A_A,2.75
608,2.758,TRP, ,CG,38.16,1000.00,2.758,3.29,1.0,<Residue TRP het=  resseq=78 icode= >,4jqd_A_A,2.75
609,8.458,TRP, ,CD1,39.98,1000.00,8.168,2.37,1.0,<Residue TRP het=  resseq=78 icode= >,4jqd_A_A,2.75
610,3.012,TRP, ,CD2,37.08,1000.00,3.012,3.86,1.0,<Residue TRP het=  resseq=78 icode= >,4jqd_A_A,2.75
611,11.184,TRP, ,NE1,40.59,1000.00,10.512,2.97,1.0,<Residue TRP het=  resseq=78 icode= >,4jqd_A_A,2.75
612,3.283,TRP, ,CE2,38.54,1000.00,3.283,3.85,1.0,<Residue TRP het=  resseq=78 icode= >,4jqd_A_A,2.75
613,4.878,TRP, ,CE3,36.0,1000.00,4.878,1.85,1.0,<Residue TRP het=  resseq=78 icode= >,4jqd_A_A,2.75
614,22.358,TRP, ,CZ2,38.61,1000.00,22.124,2.20,1.0,<Residue TRP het=  resseq=78 icode= >,4jqd_A_A,2.75
615,14.68,TRP, ,CZ3,35.96,1000.00,11.683,2.41,1.0,<Residue TRP het=  resseq=78 icode= >,4jqd_A_A,2.75
616,27.342,TRP, ,CH2,36.87,1000.00,21.426,2.10,1.0,<Residue TRP het=  resseq=78 icode= >,4jqd_A_A,2.75
617,0.0,ASN, ,N,36.61,1000.00,0.0,3.34,1.0,<Residue ASN het=  resseq=79 icode= >,4jqd_A_A,2.75
618,0.0,ASN, ,CA,37.23,1000.00,0.0,3.99,1.0,<Residue ASN het=  resseq=79 icode= >,4jqd_A_A,2.75
619,0.0,ASN, ,C,40.66,1000.00,0.0,3.55,1.0,<Residue ASN het=  resseq=79 icode= >,4jqd_A_A,2.75
620,13.624,ASN, ,O,42.72,1000.00,0.0,1.97,1.0,<Residue ASN het=  resseq=79 icode= >,4jqd_A_A,2.75
621,0.0,ASN, ,CB,35.66,1000.00,0.0,2.52,1.0,<Residue ASN het=  resseq=79 icode= >,4jqd_A_A,2.75
622,1.246,ASN, ,CG,35.46,1000.00,0.0,4.04,1.0,<Residue ASN het=  resseq=79 icode= >,4jqd_A_A,2.75
623,5.593,ASN, ,OD1,35.76,1000.00,0.0,2.26,1.0,<Residue ASN het=  resseq=79 icode= >,4jqd_A_A,2.75
624,26.643,ASN, ,ND2,35.73,1000.00,0.0,2.51,1.0,<Residue ASN het=  resseq=79 icode= >,4jqd_A_A,2.75
625,0.0,GLU, ,N,43.43,1000.00,0.0,2.75,1.0,<Residue GLU het=  resseq=80 icode= >,4jqd_A_A,2.75
626,4.554,GLU, ,CA,46.09,1000.00,0.0,3.40,1.0,<Residue GLU het=  resseq=80 icode= >,4jqd_A_A,2.75
627,1.26,GLU, ,C,47.24,1000.00,0.0,3.36,1.0,<Residue GLU het=  resseq=80 icode= >,4jqd_A_A,2.75
628,23.918,GLU, ,O,49.12,1000.00,0.0,1.53,1.0,<Residue GLU het=  resseq=80 icode= >,4jqd_A_A,2.75
629,11.738,GLU, ,CB,50.27,1000.00,0.0,2.15,1.0,<Residue GLU het=  resseq=80 icode= >,4jqd_A_A,2.75
630,25.815,GLU, ,CG,56.02,1000.00,0.0,2.48,1.0,<Residue GLU het=  resseq=80 icode= >,4jqd_A_A,2.75
631,9.247,GLU, ,CD,64.38,1000.00,0.0,2.07,1.0,<Residue GLU het=  resseq=80 icode= >,4jqd_A_A,2.75
632,28.996,GLU, ,OE1,71.95,1000.00,0.0,1.27,1.0,<Residue GLU het=  resseq=80 icode= >,4jqd_A_A,2.75
633,35.011,GLU, ,OE2,63.89,1000.00,0.0,1.27,1.0,<Residue GLU het=  resseq=80 icode= >,4jqd_A_A,2.75
634,0.0,LEU, ,N,46.1,1000.00,0.0,2.69,1.0,<Residue LEU het=  resseq=81 icode= >,4jqd_A_A,2.75
635,0.318,LEU, ,CA,46.77,1000.00,0.0,3.01,1.0,<Residue LEU het=  resseq=81 icode= >,4jqd_A_A,2.75
636,0.0,LEU, ,C,47.01,1000.00,0.0,3.76,1.0,<Residue LEU het=  resseq=81 icode= >,4jqd_A_A,2.75
637,11.511,LEU, ,O,46.17,1000.00,0.0,2.28,1.0,<Residue LEU het=  resseq=81 icode= >,4jqd_A_A,2.75
638,0.0,LEU, ,CB,47.04,1000.00,0.0,1.34,1.0,<Residue LEU het=  resseq=81 icode= >,4jqd_A_A,2.75
639,0.0,LEU, ,CG,46.51,1000.00,0.0,1.87,1.0,<Residue LEU het=  resseq=81 icode= >,4jqd_A_A,2.75
640,4.857,LEU, ,CD1,46.5,1000.00,2.779,0.52,1.0,<Residue LEU het=  resseq=81 icode= >,4jqd_A_A,2.75
641,23.089,LEU, ,CD2,48.24,1000.00,7.818,0.85,1.0,<Residue LEU het=  resseq=81 icode= >,4jqd_A_A,2.75
642,0.122,ASN, ,N,49.06,1000.00,0.0,2.50,1.0,<Residue ASN het=  resseq=82 icode= >,4jqd_A_A,2.75
643,8.242,ASN, ,CA,49.78,1000.00,0.0,2.93,1.0,<Residue ASN het=  resseq=82 icode= >,4jqd_A_A,2.75
644,2.202,ASN, ,C,49.96,1000.00,0.0,4.06,1.0,<Residue ASN het=  resseq=82 icode= >,4jqd_A_A,2.75
645,0.0,ASN, ,O,48.32,1000.00,0.0,2.70,1.0,<Residue ASN het=  resseq=82 icode= >,4jqd_A_A,2.75
646,30.565,ASN, ,CB,52.67,1000.00,0.0,1.82,1.0,<Residue ASN het=  resseq=82 icode= >,4jqd_A_A,2.75
647,3.636,ASN, ,CG,54.47,1000.00,0.0,2.68,1.0,<Residue ASN het=  resseq=82 icode= >,4jqd_A_A,2.75
648,0.391,ASN, ,OD1,55.22,1000.00,0.0,1.82,1.0,<Residue ASN het=  resseq=82 icode= >,4jqd_A_A,2.75
649,43.18,ASN, ,ND2,56.29,1000.00,0.0,1.04,1.0,<Residue ASN het=  resseq=82 icode= >,4jqd_A_A,2.75
650,7.185,GLU, ,N,52.11,1000.00,0.0,2.66,1.0,<Residue GLU het=  resseq=83 icode= >,4jqd_A_A,2.75
651,8.502,GLU, ,CA,53.83,1000.00,0.0,2.83,1.0,<Residue GLU het=  resseq=83 icode= >,4jqd_A_A,2.75
652,0.0,GLU, ,C,55.92,1000.00,0.0,2.78,1.0,<Residue GLU het=  resseq=83 icode= >,4jqd_A_A,2.75
653,0.891,GLU, ,O,56.32,1000.00,0.0,1.29,1.0,<Residue GLU het=  resseq=83 icode= >,4jqd_A_A,2.75
654,22.462,GLU, ,CB,55.75,1000.00,0.0,1.61,1.0,<Residue GLU het=  resseq=83 icode= >,4jqd_A_A,2.75
655,16.007,GLU, ,CG,56.89,1000.00,0.0,1.28,1.0,<Residue GLU het=  resseq=83 icode= >,4jqd_A_A,2.75
656,8.523,GLU, ,CD,60.74,1000.00,0.0,2.32,1.0,<Residue GLU het=  resseq=83 icode= >,4jqd_A_A,2.75
657,31.581,GLU, ,OE1,63.43,1000.00,0.0,1.02,1.0,<Residue GLU het=  resseq=83 icode= >,4jqd_A_A,2.75
658,32.399,GLU, ,OE2,61.92,1000.00,0.0,1.67,1.0,<Residue GLU het=  resseq=83 icode= >,4jqd_A_A,2.75
659,0.875,GLN, ,N,58.23,1000.00,0.0,2.45,1.0,<Residue GLN het=  resseq=84 icode= >,4jqd_A_A,2.75
660,0.586,GLN, ,CA,60.43,1000.00,0.0,2.73,1.0,<Residue GLN het=  resseq=84 icode= >,4jqd_A_A,2.75
661,0.0,GLN, ,C,59.24,1000.00,0.0,2.90,1.0,<Residue GLN het=  resseq=84 icode= >,4jqd_A_A,2.75
662,0.333,GLN, ,O,60.09,1000.00,0.0,1.71,1.0,<Residue GLN het=  resseq=84 icode= >,4jqd_A_A,2.75
663,6.598,GLN, ,CB,63.18,1000.00,0.0,0.85,1.0,<Residue GLN het=  resseq=84 icode= >,4jqd_A_A,2.75
664,22.044,GLN, ,CG,66.59,1000.00,0.0,0.82,1.0,<Residue GLN het=  resseq=84 icode= >,4jqd_A_A,2.75
665,9.674,GLN, ,CD,69.47,1000.00,0.0,0.49,1.0,<Residue GLN het=  resseq=84 icode= >,4jqd_A_A,2.75
666,29.451,GLN, ,OE1,69.4,1000.00,0.0,0.08,0.01,<Residue GLN het=  resseq=84 icode= >,4jqd_A_A,2.75
667,58.92,GLN, ,NE2,72.29,1000.00,0.0,-0.41,0.01,<Residue GLN het=  resseq=84 icode= >,4jqd_A_A,2.75
668,0.0,GLU, ,N,58.01,1000.00,0.0,2.13,1.0,<Residue GLU het=  resseq=85 icode= >,4jqd_A_A,2.75
669,0.988,GLU, ,CA,57.65,1000.00,0.988,2.85,1.0,<Residue GLU het=  resseq=85 icode= >,4jqd_A_A,2.75
670,0.0,GLU, ,C,56.63,1000.00,0.0,3.14,1.0,<Residue GLU het=  resseq=85 icode= >,4jqd_A_A,2.75
671,1.725,GLU, ,O,57.28,1000.00,1.725,1.83,1.0,<Residue GLU het=  resseq=85 icode= >,4jqd_A_A,2.75
672,2.041,GLU, ,CB,56.53,1000.00,2.041,2.26,1.0,<Residue GLU het=  resseq=85 icode= >,4jqd_A_A,2.75
673,23.201,GLU, ,CG,60.18,1000.00,3.857,1.65,1.0,<Residue GLU het=  resseq=85 icode= >,4jqd_A_A,2.75
674,0.736,GLU, ,CD,60.67,1000.00,0.0,2.67,1.0,<Residue GLU het=  resseq=85 icode= >,4jqd_A_A,2.75
675,5.058,GLU, ,OE1,60.25,1000.00,0.0,0.97,1.0,<Residue GLU het=  resseq=85 icode= >,4jqd_A_A,2.75
676,38.753,GLU, ,OE2,62.61,1000.00,0.0,1.80,1.0,<Residue GLU het=  resseq=85 icode= >,4jqd_A_A,2.75
677,0.0,ARG, ,N,55.65,1000.00,0.0,2.22,1.0,<Residue ARG het=  resseq=86 icode= >,4jqd_A_A,2.75
678,0.247,ARG, ,CA,54.95,1000.00,0.0,2.57,1.0,<Residue ARG het=  resseq=86 icode= >,4jqd_A_A,2.75
679,0.0,ARG, ,C,58.17,1000.00,0.0,3.02,1.0,<Residue ARG het=  resseq=86 icode= >,4jqd_A_A,2.75
680,0.085,ARG, ,O,58.64,1000.00,0.0,1.54,1.0,<Residue ARG het=  resseq=86 icode= >,4jqd_A_A,2.75
681,6.022,ARG, ,CB,52.41,1000.00,0.046,1.84,1.0,<Residue ARG het=  resseq=86 icode= >,4jqd_A_A,2.75
682,0.0,ARG, ,CG,48.82,1000.00,0.0,1.76,1.0,<Residue ARG het=  resseq=86 icode= >,4jqd_A_A,2.75
683,13.794,ARG, ,CD,46.74,1000.00,5.148,2.07,1.0,<Residue ARG het=  resseq=86 icode= >,4jqd_A_A,2.75
684,0.0,ARG, ,NE,44.95,1000.00,0.0,2.57,1.0,<Residue ARG het=  resseq=86 icode= >,4jqd_A_A,2.75
685,0.894,ARG, ,CZ,44.37,1000.00,0.0,3.39,1.0,<Residue ARG het=  resseq=86 icode= >,4jqd_A_A,2.75
686,42.09,ARG, ,NH1,44.24,1000.00,1.793,1.96,1.0,<Residue ARG het=  resseq=86 icode= >,4jqd_A_A,2.75
687,9.386,ARG, ,NH2,43.32,1000.00,0.0,1.77,1.0,<Residue ARG het=  resseq=86 icode= >,4jqd_A_A,2.75
688,0.068,LYS, ,N,60.86,1000.00,0.0,1.67,1.0,<Residue LYS het=  resseq=87 icode= >,4jqd_A_A,2.75
689,0.896,LYS, ,CA,64.38,1000.00,0.0,1.83,1.0,<Residue LYS het=  resseq=87 icode= >,4jqd_A_A,2.75
690,1.418,LYS, ,C,67.67,1000.00,0.0,2.03,1.0,<Residue LYS het=  resseq=87 icode= >,4jqd_A_A,2.75
691,7.442,LYS, ,O,70.94,1000.00,0.0,0.89,1.0,<Residue LYS het=  resseq=87 icode= >,4jqd_A_A,2.75
692,13.921,LYS, ,CB,65.7,1000.00,0.0,0.97,1.0,<Residue LYS het=  resseq=87 icode= >,4jqd_A_A,2.75
693,14.394,LYS, ,CG,65.73,1000.00,0.0,0.09,0.01,<Residue LYS het=  resseq=87 icode= >,4jqd_A_A,2.75
694,22.401,LYS, ,CD,68.62,1000.00,0.0,0.08,0.01,<Residue LYS het=  resseq=87 icode= >,4jqd_A_A,2.75
695,28.414,LYS, ,CE,69.11,1000.00,0.0,0.17,0.01,<Residue LYS het=  resseq=87 icode= >,4jqd_A_A,2.75
696,39.749,LYS, ,NZ,72.52,1000.00,0.0,-0.61,0.01,<Residue LYS het=  resseq=87 icode= >,4jqd_A_A,2.75
697,0.0,ARG, ,N,68.12,1000.00,0.0,2.06,1.0,<Residue ARG het=  resseq=88 icode= >,4jqd_A_A,2.75
698,6.746,ARG, ,CA,70.47,1000.00,0.0,1.84,1.0,<Residue ARG het=  resseq=88 icode= >,4jqd_A_A,2.75
699,1.133,ARG, ,C,69.55,1000.00,0.0,2.50,1.0,<Residue ARG het=  resseq=88 icode= >,4jqd_A_A,2.75
700,5.231,ARG, ,O,70.62,1000.00,0.0,1.62,1.0,<Residue ARG het=  resseq=88 icode= >,4jqd_A_A,2.75
701,12.9,ARG, ,CB,69.43,1000.00,1.118,1.26,1.0,<Residue ARG het=  resseq=88 icode= >,4jqd_A_A,2.75
702,12.85,ARG, ,CG,71.74,1000.00,0.0,-0.23,0.01,<Residue ARG het=  resseq=88 icode= >,4jqd_A_A,2.75
703,21.068,ARG, ,CD,72.3,1000.00,2.62,-0.37,0.01,<Residue ARG het=  resseq=88 icode= >,4jqd_A_A,2.75
704,9.615,ARG, ,NE,74.63,1000.00,0.0,-0.37,0.01,<Residue ARG het=  resseq=88 icode= >,4jqd_A_A,2.75
705,7.441,ARG, ,CZ,77.58,1000.00,0.0,-0.55,0.01,<Residue ARG het=  resseq=88 icode= >,4jqd_A_A,2.75
706,47.585,ARG, ,NH1,78.55,1000.00,0.0,-0.28,0.01,<Residue ARG het=  resseq=88 icode= >,4jqd_A_A,2.75
707,53.217,ARG, ,NH2,79.83,1000.00,0.0,-0.93,0.01,<Residue ARG het=  resseq=88 icode= >,4jqd_A_A,2.75
708,0.0,ILE, ,N,67.53,1000.00,0.0,1.72,1.0,<Residue ILE het=  resseq=89 icode= >,4jqd_A_A,2.75
709,0.876,ILE, ,CA,68.54,1000.00,0.0,1.85,1.0,<Residue ILE het=  resseq=89 icode= >,4jqd_A_A,2.75
710,0.0,ILE, ,C,68.78,1000.00,0.0,2.51,1.0,<Residue ILE het=  resseq=89 icode= >,4jqd_A_A,2.75
711,0.0,ILE, ,O,67.56,1000.00,0.0,1.76,1.0,<Residue ILE het=  resseq=89 icode= >,4jqd_A_A,2.75
712,0.0,ILE, ,CB,65.07,1000.00,0.0,1.36,1.0,<Residue ILE het=  resseq=89 icode= >,4jqd_A_A,2.75
713,17.622,ILE, ,CG1,64.96,1000.00,7.765,1.49,1.0,<Residue ILE het=  resseq=89 icode= >,4jqd_A_A,2.75
714,20.584,ILE, ,CG2,64.31,1000.00,13.872,0.27,1.0,<Residue ILE het=  resseq=89 icode= >,4jqd_A_A,2.75
715,35.384,ILE, ,CD1,66.39,1000.00,19.076,-0.17,1.0,<Residue ILE het=  resseq=89 icode= >,4jqd_A_A,2.75
716,0.0,ASN, ,N,69.42,1000.00,0.0,2.21,1.0,<Residue ASN het=  resseq=90 icode= >,4jqd_A_A,2.75
717,1.363,ASN, ,CA,72.18,1000.00,0.0,1.90,1.0,<Residue ASN het=  resseq=90 icode= >,4jqd_A_A,2.75
718,0.851,ASN, ,C,77.47,1000.00,0.0,1.79,1.0,<Residue ASN het=  resseq=90 icode= >,4jqd_A_A,2.75
719,0.126,ASN, ,O,79.08,1000.00,0.0,1.04,1.0,<Residue ASN het=  resseq=90 icode= >,4jqd_A_A,2.75
720,15.93,ASN, ,CB,72.24,1000.00,0.0,1.15,1.0,<Residue ASN het=  resseq=90 icode= >,4jqd_A_A,2.75
721,5.22,ASN, ,CG,69.76,1000.00,0.981,2.00,1.0,<Residue ASN het=  resseq=90 icode= >,4jqd_A_A,2.75
722,21.612,ASN, ,OD1,67.0,1000.00,17.603,1.36,1.0,<Residue ASN het=  resseq=90 icode= >,4jqd_A_A,2.75
723,42.678,ASN, ,ND2,71.9,1000.00,13.379,1.11,1.0,<Residue ASN het=  resseq=90 icode= >,4jqd_A_A,2.75
724,1.832,PHE, ,N,79.22,1000.00,0.0,1.61,1.0,<Residue PHE het=  resseq=91 icode= >,4jqd_A_A,2.75
725,5.498,PHE, ,CA,83.48,1000.00,0.0,2.47,1.0,<Residue PHE het=  resseq=91 icode= >,4jqd_A_A,2.75
726,0.0,PHE, ,C,87.47,1000.00,0.0,2.14,1.0,<Residue PHE het=  resseq=91 icode= >,4jqd_A_A,2.75
727,4.198,PHE, ,O,91.41,1000.00,0.0,0.87,1.0,<Residue PHE het=  resseq=91 icode= >,4jqd_A_A,2.75
728,15.017,PHE, ,CB,84.84,1000.00,0.0,1.30,1.0,<Residue PHE het=  resseq=91 icode= >,4jqd_A_A,2.75
729,1.949,PHE, ,CG,88.21,1000.00,0.0,0.73,1.0,<Residue PHE het=  resseq=91 icode= >,4jqd_A_A,2.75
730,23.039,PHE, ,CD1,90.6,1000.00,0.0,0.29,0.01,<Residue PHE het=  resseq=91 icode= >,4jqd_A_A,2.75
731,19.276,PHE, ,CD2,89.61,1000.00,0.0,0.27,0.01,<Residue PHE het=  resseq=91 icode= >,4jqd_A_A,2.75
732,34.971,PHE, ,CE1,94.15,1000.00,0.0,0.16,0.01,<Residue PHE het=  resseq=91 icode= >,4jqd_A_A,2.75
733,35.277,PHE, ,CE2,93.14,1000.00,0.0,0.52,0.01,<Residue PHE het=  resseq=91 icode= >,4jqd_A_A,2.75
734,36.405,PHE, ,CZ,95.39,1000.00,0.0,0.06,0.01,<Residue PHE het=  resseq=91 icode= >,4jqd_A_A,2.75
735,0.209,TYR, ,N,90.48,1000.00,0.0,0.99,1.0,<Residue TYR het=  resseq=92 icode= >,4jqd_A_A,2.75
736,5.733,TYR, ,CA,93.79,1000.00,0.0,1.64,1.0,<Residue TYR het=  resseq=92 icode= >,4jqd_A_A,2.75
737,0.0,TYR, ,C,93.47,1000.00,0.0,1.58,1.0,<Residue TYR het=  resseq=92 icode= >,4jqd_A_A,2.75
738,20.924,TYR, ,O,96.17,1000.00,0.0,0.65,1.0,<Residue TYR het=  resseq=92 icode= >,4jqd_A_A,2.75
739,0.209,TYR, ,CB,92.7,1000.00,0.0,1.53,1.0,<Residue TYR het=  resseq=92 icode= >,4jqd_A_A,2.75
740,1.173,TYR, ,CG,98.2,1000.00,0.0,0.85,1.0,<Residue TYR het=  resseq=92 icode= >,4jqd_A_A,2.75
741,26.578,TYR, ,CD1,100.25,1000.00,0.0,-0.07,1.0,<Residue TYR het=  resseq=92 icode= >,4jqd_A_A,2.75
742,9.581,TYR, ,CD2,97.92,1000.00,1.422,0.16,1.0,<Residue TYR het=  resseq=92 icode= >,4jqd_A_A,2.75
743,34.601,TYR, ,CE1,101.99,1000.00,0.0,-0.51,0.01,<Residue TYR het=  resseq=92 icode= >,4jqd_A_A,2.75
744,34.417,TYR, ,CE2,99.12,1000.00,16.915,-0.00,0.01,<Residue TYR het=  resseq=92 icode= >,4jqd_A_A,2.75
745,10.05,TYR, ,CZ,101.36,1000.00,0.656,-0.56,0.01,<Residue TYR het=  resseq=92 icode= >,4jqd_A_A,2.75
746,43.167,TYR, ,OH,103.3,1000.00,14.297,-1.13,0.01,<Residue TYR het=  resseq=92 icode= >,4jqd_A_A,2.75
747,0.0,ILE, ,N,88.5,1000.00,0.0,1.33,1.0,<Residue ILE het=  resseq=93 icode= >,4jqd_A_A,2.75
748,2.632,ILE, ,CA,86.28,1000.00,2.239,1.56,1.0,<Residue ILE het=  resseq=93 icode= >,4jqd_A_A,2.75
749,0.0,ILE, ,C,89.1,1000.00,0.0,1.98,1.0,<Residue ILE het=  resseq=93 icode= >,4jqd_A_A,2.75
750,23.808,ILE, ,O,93.31,1000.00,4.891,1.20,1.0,<Residue ILE het=  resseq=93 icode= >,4jqd_A_A,2.75
751,3.046,ILE, ,CB,81.48,1000.00,0.0,0.55,1.0,<Residue ILE het=  resseq=93 icode= >,4jqd_A_A,2.75
752,12.361,ILE, ,CG1,76.46,1000.00,11.977,1.23,1.0,<Residue ILE het=  resseq=93 icode= >,4jqd_A_A,2.75
753,47.763,ILE, ,CG2,81.22,1000.00,43.576,-0.85,0.01,<Residue ILE het=  resseq=93 icode= >,4jqd_A_A,2.75
754,45.12,ILE, ,CD1,75.65,1000.00,32.957,0.78,1.0,<Residue ILE het=  resseq=93 icode= >,4jqd_A_A,2.75
755,0.0,ARG, ,N,90.07,1000.00,0.0,1.47,1.0,<Residue ARG het=  resseq=94 icode= >,4jqd_A_A,2.75
756,7.466,ARG, ,CA,92.39,1000.00,0.0,1.37,1.0,<Residue ARG het=  resseq=94 icode= >,4jqd_A_A,2.75
757,19.108,ARG, ,C,92.4,1000.00,0.0,1.18,1.0,<Residue ARG het=  resseq=94 icode= >,4jqd_A_A,2.75
758,34.618,ARG, ,O,91.73,1000.00,0.0,1.33,1.0,<Residue ARG het=  resseq=94 icode= >,4jqd_A_A,2.75
759,17.928,ARG, ,CB,92.01,1000.00,0.0,0.57,1.0,<Residue ARG het=  resseq=94 icode= >,4jqd_A_A,2.75
760,15.702,ARG, ,CG,89.65,1000.00,2.528,-0.21,0.01,<Residue ARG het=  resseq=94 icode= >,4jqd_A_A,2.75
761,23.769,ARG, ,CD,90.19,1000.00,0.0,-0.38,0.01,<Residue ARG het=  resseq=94 icode= >,4jqd_A_A,2.75
762,15.41,ARG, ,NE,88.26,1000.00,5.011,-0.25,0.01,<Residue ARG het=  resseq=94 icode= >,4jqd_A_A,2.75
763,8.844,ARG, ,CZ,88.76,1000.00,0.0,-0.14,0.01,<Residue ARG het=  resseq=94 icode= >,4jqd_A_A,2.75
764,50.134,ARG, ,NH1,91.12,1000.00,0.0,-0.24,0.01,<Residue ARG het=  resseq=94 icode= >,4jqd_A_A,2.75
765,59.298,ARG, ,NH2,87.19,1000.00,2.487,0.15,0.01,<Residue ARG het=  resseq=94 icode= >,4jqd_A_A,2.75
