,ASA,aa,altloc,atom,bfac,d2r,dASA,dens,occ,residue,id,resolu
0,30.391,MET, ,N,40.25,8.13,24.661,0.93,1.0,<Residue MET het=  resseq=1 icode= >,4jqd_E_B,2.75
1,1.412,MET, ,CA,37.82,9.15,1.412,3.41,1.0,<Residue MET het=  resseq=1 icode= >,4jqd_E_B,2.75
2,3.055,MET, ,C,37.67,9.73,3.055,3.59,1.0,<Residue MET het=  resseq=1 icode= >,4jqd_E_B,2.75
3,16.795,MET, ,O,40.36,9.13,1.319,1.35,1.0,<Residue MET het=  resseq=1 icode= >,4jqd_E_B,2.75
4,2.16,MET, ,CB,38.44,8.79,0.0,2.19,1.0,<Residue MET het=  resseq=1 icode= >,4jqd_E_B,2.75
5,0.0,MET, ,CG,41.77,9.98,0.0,2.25,1.0,<Residue MET het=  resseq=1 icode= >,4jqd_E_B,2.75
6,0.848,MET, ,SD,47.39,9.84,0.0,4.22,1.0,<Residue MET het=  resseq=1 icode= >,4jqd_E_B,2.75
7,0.0,MET, ,CE,46.65,9.55,0.0,0.61,1.0,<Residue MET het=  resseq=1 icode= >,4jqd_E_B,2.75
8,0.0,LEU, ,N,35.2,11.05,0.0,2.52,1.0,<Residue LEU het=  resseq=2 icode= >,4jqd_E_B,2.75
9,2.198,LEU, ,CA,35.56,11.89,0.0,2.84,1.0,<Residue LEU het=  resseq=2 icode= >,4jqd_E_B,2.75
10,0.0,LEU, ,C,35.27,12.03,0.0,4.04,1.0,<Residue LEU het=  resseq=2 icode= >,4jqd_E_B,2.75
11,0.0,LEU, ,O,34.53,12.47,0.0,2.72,1.0,<Residue LEU het=  resseq=2 icode= >,4jqd_E_B,2.75
12,0.082,LEU, ,CB,34.71,13.28,0.0,2.06,1.0,<Residue LEU het=  resseq=2 icode= >,4jqd_E_B,2.75
13,5.212,LEU, ,CG,34.63,13.51,5.212,3.24,1.0,<Residue LEU het=  resseq=2 icode= >,4jqd_E_B,2.75
14,0.892,LEU, ,CD1,34.25,14.70,0.892,1.25,1.0,<Residue LEU het=  resseq=2 icode= >,4jqd_E_B,2.75
15,35.912,LEU, ,CD2,36.56,13.86,9.399,1.07,1.0,<Residue LEU het=  resseq=2 icode= >,4jqd_E_B,2.75
16,3.649,ILE, ,N,35.43,11.67,0.0,2.92,1.0,<Residue ILE het=  resseq=3 icode= >,4jqd_E_B,2.75
17,0.0,ILE, ,CA,35.66,10.26,0.0,3.44,1.0,<Residue ILE het=  resseq=3 icode= >,4jqd_E_B,2.75
18,0.345,ILE, ,C,36.65,10.01,0.0,4.40,1.0,<Residue ILE het=  resseq=3 icode= >,4jqd_E_B,2.75
19,0.079,ILE, ,O,36.67,9.33,0.0,2.49,1.0,<Residue ILE het=  resseq=3 icode= >,4jqd_E_B,2.75
20,0.0,ILE, ,CB,37.78,9.38,0.0,2.27,1.0,<Residue ILE het=  resseq=3 icode= >,4jqd_E_B,2.75
21,15.325,ILE, ,CG1,39.47,9.62,0.0,1.62,1.0,<Residue ILE het=  resseq=3 icode= >,4jqd_E_B,2.75
22,9.996,ILE, ,CG2,37.47,9.90,0.0,0.78,1.0,<Residue ILE het=  resseq=3 icode= >,4jqd_E_B,2.75
23,48.626,ILE, ,CD1,40.25,9.24,0.0,0.91,1.0,<Residue ILE het=  resseq=3 icode= >,4jqd_E_B,2.75
24,0.743,ARG, ,N,38.34,10.82,0.0,3.21,1.0,<Residue ARG het=  resseq=4 icode= >,4jqd_E_B,2.75
25,1.69,ARG, ,CA,40.92,10.92,0.0,2.88,1.0,<Residue ARG het=  resseq=4 icode= >,4jqd_E_B,2.75
26,0.0,ARG, ,C,40.11,11.63,0.0,3.58,1.0,<Residue ARG het=  resseq=4 icode= >,4jqd_E_B,2.75
27,0.0,ARG, ,O,42.16,11.62,0.0,2.02,1.0,<Residue ARG het=  resseq=4 icode= >,4jqd_E_B,2.75
28,22.369,ARG, ,CB,44.37,11.77,0.0,1.87,1.0,<Residue ARG het=  resseq=4 icode= >,4jqd_E_B,2.75
29,0.97,ARG, ,CG,45.49,13.25,0.0,1.79,1.0,<Residue ARG het=  resseq=4 icode= >,4jqd_E_B,2.75
30,30.949,ARG, ,CD,50.61,14.07,0.0,1.57,1.0,<Residue ARG het=  resseq=4 icode= >,4jqd_E_B,2.75
31,11.092,ARG, ,NE,53.89,15.48,0.0,2.23,1.0,<Residue ARG het=  resseq=4 icode= >,4jqd_E_B,2.75
32,4.895,ARG, ,CZ,56.19,16.32,0.0,2.25,1.0,<Residue ARG het=  resseq=4 icode= >,4jqd_E_B,2.75
33,23.974,ARG, ,NH1,54.26,15.97,0.0,1.22,1.0,<Residue ARG het=  resseq=4 icode= >,4jqd_E_B,2.75
34,9.366,ARG, ,NH2,58.33,17.60,0.0,0.66,1.0,<Residue ARG het=  resseq=4 icode= >,4jqd_E_B,2.75
35,0.0,ARG, ,N,36.93,12.46,0.0,2.43,1.0,<Residue ARG het=  resseq=5 icode= >,4jqd_E_B,2.75
36,0.0,ARG, ,CA,34.98,13.27,0.0,3.31,1.0,<Residue ARG het=  resseq=5 icode= >,4jqd_E_B,2.75
37,0.0,ARG, ,C,35.75,12.50,0.0,4.34,1.0,<Residue ARG het=  resseq=5 icode= >,4jqd_E_B,2.75
38,0.0,ARG, ,O,37.51,12.75,0.0,2.65,1.0,<Residue ARG het=  resseq=5 icode= >,4jqd_E_B,2.75
39,0.0,ARG, ,CB,32.21,14.46,0.0,2.44,1.0,<Residue ARG het=  resseq=5 icode= >,4jqd_E_B,2.75
40,0.0,ARG, ,CG,31.26,15.48,0.0,2.38,1.0,<Residue ARG het=  resseq=5 icode= >,4jqd_E_B,2.75
41,0.0,ARG, ,CD,30.69,16.53,0.0,2.82,1.0,<Residue ARG het=  resseq=5 icode= >,4jqd_E_B,2.75
42,0.0,ARG, ,NE,30.78,17.57,0.0,3.84,1.0,<Residue ARG het=  resseq=5 icode= >,4jqd_E_B,2.75
43,0.0,ARG, ,CZ,32.9,17.76,0.0,4.21,1.0,<Residue ARG het=  resseq=5 icode= >,4jqd_E_B,2.75
44,12.606,ARG, ,NH1,33.96,17.02,0.0,2.13,1.0,<Residue ARG het=  resseq=5 icode= >,4jqd_E_B,2.75
45,0.0,ARG, ,NH2,34.09,18.80,0.0,2.64,1.0,<Residue ARG het=  resseq=5 icode= >,4jqd_E_B,2.75
46,0.0,LEU, ,N,35.5,11.68,0.0,3.29,1.0,<Residue LEU het=  resseq=6 icode= >,4jqd_E_B,2.75
47,0.0,LEU, ,CA,36.17,11.02,0.0,3.50,1.0,<Residue LEU het=  resseq=6 icode= >,4jqd_E_B,2.75
48,0.0,LEU, ,C,39.1,10.12,0.0,3.34,1.0,<Residue LEU het=  resseq=6 icode= >,4jqd_E_B,2.75
49,0.0,LEU, ,O,40.61,9.86,0.0,1.76,1.0,<Residue LEU het=  resseq=6 icode= >,4jqd_E_B,2.75
50,0.0,LEU, ,CB,35.79,10.37,0.0,1.77,1.0,<Residue LEU het=  resseq=6 icode= >,4jqd_E_B,2.75
51,0.0,LEU, ,CG,35.83,9.80,0.0,2.16,1.0,<Residue LEU het=  resseq=6 icode= >,4jqd_E_B,2.75
52,0.0,LEU, ,CD1,35.22,10.97,0.0,0.84,1.0,<Residue LEU het=  resseq=6 icode= >,4jqd_E_B,2.75
53,0.0,LEU, ,CD2,34.59,9.46,0.0,1.42,1.0,<Residue LEU het=  resseq=6 icode= >,4jqd_E_B,2.75
54,0.0,LYS, ,N,40.23,9.38,0.0,2.54,1.0,<Residue LYS het=  resseq=7 icode= >,4jqd_E_B,2.75
55,0.0,LYS, ,CA,42.37,8.59,0.0,3.04,1.0,<Residue LYS het=  resseq=7 icode= >,4jqd_E_B,2.75
56,0.0,LYS, ,C,43.42,9.06,0.0,4.01,1.0,<Residue LYS het=  resseq=7 icode= >,4jqd_E_B,2.75
57,0.0,LYS, ,O,43.75,8.28,0.0,2.75,1.0,<Residue LYS het=  resseq=7 icode= >,4jqd_E_B,2.75
58,0.318,LYS, ,CB,43.36,7.85,0.0,1.82,1.0,<Residue LYS het=  resseq=7 icode= >,4jqd_E_B,2.75
59,0.167,LYS, ,CG,45.17,7.09,0.0,2.16,1.0,<Residue LYS het=  resseq=7 icode= >,4jqd_E_B,2.75
60,21.148,LYS, ,CD,47.25,6.59,0.0,1.77,1.0,<Residue LYS het=  resseq=7 icode= >,4jqd_E_B,2.75
61,26.768,LYS, ,CE,51.03,6.32,0.0,1.61,1.0,<Residue LYS het=  resseq=7 icode= >,4jqd_E_B,2.75
62,48.549,LYS, ,NZ,53.93,5.52,1.658,0.77,1.0,<Residue LYS het=  resseq=7 icode= >,4jqd_E_B,2.75
63,0.0,ASP, ,N,43.28,10.31,0.0,3.10,1.0,<Residue ASP het=  resseq=8 icode= >,4jqd_E_B,2.75
64,2.821,ASP, ,CA,45.26,10.88,0.0,3.61,1.0,<Residue ASP het=  resseq=8 icode= >,4jqd_E_B,2.75
65,0.0,ASP, ,C,44.46,10.94,0.0,3.47,1.0,<Residue ASP het=  resseq=8 icode= >,4jqd_E_B,2.75
66,0.228,ASP, ,O,48.55,10.75,0.0,1.63,1.0,<Residue ASP het=  resseq=8 icode= >,4jqd_E_B,2.75
67,1.855,ASP, ,CB,47.22,12.33,0.0,1.77,1.0,<Residue ASP het=  resseq=8 icode= >,4jqd_E_B,2.75
68,7.977,ASP, ,CG,50.75,12.59,0.0,3.16,1.0,<Residue ASP het=  resseq=8 icode= >,4jqd_E_B,2.75
69,19.717,ASP, ,OD1,55.14,11.64,0.0,1.44,1.0,<Residue ASP het=  resseq=8 icode= >,4jqd_E_B,2.75
70,24.132,ASP, ,OD2,52.59,13.69,0.0,2.04,1.0,<Residue ASP het=  resseq=8 icode= >,4jqd_E_B,2.75
71,0.0,ALA, ,N,39.82,11.38,0.0,2.85,1.0,<Residue ALA het=  resseq=9 icode= >,4jqd_E_B,2.75
72,0.889,ALA, ,CA,37.25,11.74,0.0,3.59,1.0,<Residue ALA het=  resseq=9 icode= >,4jqd_E_B,2.75
73,0.0,ALA, ,C,38.39,10.61,0.0,4.53,1.0,<Residue ALA het=  resseq=9 icode= >,4jqd_E_B,2.75
74,1.719,ALA, ,O,40.59,10.85,0.0,1.96,1.0,<Residue ALA het=  resseq=9 icode= >,4jqd_E_B,2.75
75,0.091,ALA, ,CB,34.65,12.54,0.0,1.96,1.0,<Residue ALA het=  resseq=9 icode= >,4jqd_E_B,2.75
76,0.0,ARG, ,N,36.93,9.53,0.0,3.85,1.0,<Residue ARG het=  resseq=10 icode= >,4jqd_E_B,2.75
77,0.0,ARG, ,CA,36.65,8.49,0.0,4.35,1.0,<Residue ARG het=  resseq=10 icode= >,4jqd_E_B,2.75
78,0.0,ARG, ,C,39.53,8.01,0.0,3.99,1.0,<Residue ARG het=  resseq=10 icode= >,4jqd_E_B,2.75
79,0.0,ARG, ,O,40.86,8.09,0.0,2.46,1.0,<Residue ARG het=  resseq=10 icode= >,4jqd_E_B,2.75
80,0.0,ARG, ,CB,36.28,7.48,0.0,2.15,1.0,<Residue ARG het=  resseq=10 icode= >,4jqd_E_B,2.75
81,0.0,ARG, ,CG,37.61,6.64,0.0,2.16,1.0,<Residue ARG het=  resseq=10 icode= >,4jqd_E_B,2.75
82,0.0,ARG, ,CD,37.44,5.69,0.0,1.82,1.0,<Residue ARG het=  resseq=10 icode= >,4jqd_E_B,2.75
83,0.0,ARG, ,NE,38.87,4.95,0.0,1.92,1.0,<Residue ARG het=  resseq=10 icode= >,4jqd_E_B,2.75
84,0.0,ARG, ,CZ,41.57,3.66,0.0,2.85,1.0,<Residue ARG het=  resseq=10 icode= >,4jqd_E_B,2.75
85,8.89,ARG, ,NH1,43.48,3.22,6.874,1.02,1.0,<Residue ARG het=  resseq=10 icode= >,4jqd_E_B,2.75
86,15.15,ARG, ,NH2,42.38,3.27,9.333,1.63,1.0,<Residue ARG het=  resseq=10 icode= >,4jqd_E_B,2.75
87,0.0,LEU, ,N,40.09,7.87,0.0,3.09,1.0,<Residue LEU het=  resseq=11 icode= >,4jqd_E_B,2.75
88,0.11,LEU, ,CA,43.15,7.76,0.0,3.90,1.0,<Residue LEU het=  resseq=11 icode= >,4jqd_E_B,2.75
89,1.94,LEU, ,C,44.75,8.98,0.0,3.13,1.0,<Residue LEU het=  resseq=11 icode= >,4jqd_E_B,2.75
90,10.751,LEU, ,O,48.27,9.02,0.0,1.19,1.0,<Residue LEU het=  resseq=11 icode= >,4jqd_E_B,2.75
91,12.599,LEU, ,CB,43.95,7.88,0.0,2.35,1.0,<Residue LEU het=  resseq=11 icode= >,4jqd_E_B,2.75
92,0.0,LEU, ,CG,44.46,6.73,0.0,2.16,1.0,<Residue LEU het=  resseq=11 icode= >,4jqd_E_B,2.75
93,49.622,LEU, ,CD1,47.19,7.25,0.0,0.43,1.0,<Residue LEU het=  resseq=11 icode= >,4jqd_E_B,2.75
94,28.553,LEU, ,CD2,44.64,5.38,1.134,1.42,1.0,<Residue LEU het=  resseq=11 icode= >,4jqd_E_B,2.75
95,0.115,ARG, ,N,42.93,10.13,0.0,2.74,1.0,<Residue ARG het=  resseq=12 icode= >,4jqd_E_B,2.75
96,8.217,ARG, ,CA,43.32,11.38,0.0,3.83,1.0,<Residue ARG het=  resseq=12 icode= >,4jqd_E_B,2.75
97,1.764,ARG, ,C,43.44,11.44,0.0,4.04,1.0,<Residue ARG het=  resseq=12 icode= >,4jqd_E_B,2.75
98,30.015,ARG, ,O,45.64,12.18,0.0,2.18,1.0,<Residue ARG het=  resseq=12 icode= >,4jqd_E_B,2.75
99,13.139,ARG, ,CB,41.27,12.58,0.0,2.14,1.0,<Residue ARG het=  resseq=12 icode= >,4jqd_E_B,2.75
100,24.016,ARG, ,CG,43.14,13.10,0.0,1.91,1.0,<Residue ARG het=  resseq=12 icode= >,4jqd_E_B,2.75
101,34.266,ARG, ,CD,42.84,14.47,0.0,1.99,1.0,<Residue ARG het=  resseq=12 icode= >,4jqd_E_B,2.75
102,7.2,ARG, ,NE,42.64,14.52,0.0,2.26,1.0,<Residue ARG het=  resseq=12 icode= >,4jqd_E_B,2.75
103,0.0,ARG, ,CZ,42.25,14.56,0.0,3.09,1.0,<Residue ARG het=  resseq=12 icode= >,4jqd_E_B,2.75
104,20.855,ARG, ,NH1,43.79,14.59,0.0,1.73,1.0,<Residue ARG het=  resseq=12 icode= >,4jqd_E_B,2.75
105,0.0,ARG, ,NH2,42.46,14.77,0.0,1.36,1.0,<Residue ARG het=  resseq=12 icode= >,4jqd_E_B,2.75
106,0.244,ALA, ,N,41.87,10.76,0.0,3.19,1.0,<Residue ALA het=  resseq=13 icode= >,4jqd_E_B,2.75
107,10.695,ALA, ,CA,43.0,11.02,0.0,3.14,1.0,<Residue ALA het=  resseq=13 icode= >,4jqd_E_B,2.75
108,2.332,ALA, ,C,46.82,10.27,0.0,3.77,1.0,<Residue ALA het=  resseq=13 icode= >,4jqd_E_B,2.75
109,19.909,ALA, ,O,48.45,10.79,0.0,2.54,1.0,<Residue ALA het=  resseq=13 icode= >,4jqd_E_B,2.75
110,11.669,ALA, ,CB,40.38,10.99,0.0,1.11,1.0,<Residue ALA het=  resseq=13 icode= >,4jqd_E_B,2.75
111,0.0,GLY, ,N,48.92,9.20,0.0,2.22,1.0,<Residue GLY het=  resseq=14 icode= >,4jqd_E_B,2.75
112,32.477,GLY, ,CA,52.13,8.71,0.0,2.13,1.0,<Residue GLY het=  resseq=14 icode= >,4jqd_E_B,2.75
113,4.164,GLY, ,C,52.4,8.09,0.0,2.66,1.0,<Residue GLY het=  resseq=14 icode= >,4jqd_E_B,2.75
114,31.084,GLY, ,O,56.07,7.26,0.0,1.70,1.0,<Residue GLY het=  resseq=14 icode= >,4jqd_E_B,2.75
115,0.463,ILE, ,N,48.51,7.49,0.0,2.69,1.0,<Residue ILE het=  resseq=15 icode= >,4jqd_E_B,2.75
116,4.819,ILE, ,CA,48.08,6.88,0.0,3.67,1.0,<Residue ILE het=  resseq=15 icode= >,4jqd_E_B,2.75
117,3.749,ILE, ,C,46.71,5.41,0.0,3.60,1.0,<Residue ILE het=  resseq=15 icode= >,4jqd_E_B,2.75
118,0.892,ILE, ,O,45.01,5.23,0.0,2.24,1.0,<Residue ILE het=  resseq=15 icode= >,4jqd_E_B,2.75
119,0.105,ILE, ,CB,46.42,7.67,0.0,2.89,1.0,<Residue ILE het=  resseq=15 icode= >,4jqd_E_B,2.75
120,0.0,ILE, ,CG1,43.43,7.85,0.0,1.53,1.0,<Residue ILE het=  resseq=15 icode= >,4jqd_E_B,2.75
121,25.96,ILE, ,CG2,48.34,8.50,0.0,0.68,1.0,<Residue ILE het=  resseq=15 icode= >,4jqd_E_B,2.75
122,2.551,ILE, ,CD1,42.07,8.95,0.0,1.07,1.0,<Residue ILE het=  resseq=15 icode= >,4jqd_E_B,2.75
123,5.996,SER, ,N,47.58,4.65,0.0,2.44,1.0,<Residue SER het=  resseq=16 icode= >,4jqd_E_B,2.75
124,4.912,SER, ,CA,46.46,3.24,2.606,3.11,1.0,<Residue SER het=  resseq=16 icode= >,4jqd_E_B,2.75
125,0.0,SER, ,C,44.45,3.45,0.0,2.73,1.0,<Residue SER het=  resseq=16 icode= >,4jqd_E_B,2.75
126,0.0,SER, ,O,43.78,4.67,0.0,1.67,1.0,<Residue SER het=  resseq=16 icode= >,4jqd_E_B,2.75
127,41.654,SER, ,CB,48.27,3.13,36.697,2.04,1.0,<Residue SER het=  resseq=16 icode= >,4jqd_E_B,2.75
128,7.765,SER, ,OG,47.46,4.24,3.614,2.21,1.0,<Residue SER het=  resseq=16 icode= >,4jqd_E_B,2.75
129,1.557,GLN, ,N,44.12,2.72,1.557,1.63,1.0,<Residue GLN het=  resseq=17 icode= >,4jqd_E_B,2.75
130,0.0,GLN, ,CA,41.17,3.73,0.0,2.37,1.0,<Residue GLN het=  resseq=17 icode= >,4jqd_E_B,2.75
131,0.0,GLN, ,C,41.33,4.64,0.0,3.39,1.0,<Residue GLN het=  resseq=17 icode= >,4jqd_E_B,2.75
132,0.0,GLN, ,O,40.59,5.80,0.0,1.43,1.0,<Residue GLN het=  resseq=17 icode= >,4jqd_E_B,2.75
133,5.724,GLN, ,CB,40.55,3.64,2.944,1.70,1.0,<Residue GLN het=  resseq=17 icode= >,4jqd_E_B,2.75
134,4.514,GLN, ,CG,41.34,3.51,4.47,2.11,1.0,<Residue GLN het=  resseq=17 icode= >,4jqd_E_B,2.75
135,5.244,GLN, ,CD,42.61,3.75,5.244,3.44,1.0,<Residue GLN het=  resseq=17 icode= >,4jqd_E_B,2.75
136,8.304,GLN, ,OE1,43.59,3.97,7.823,1.71,1.0,<Residue GLN het=  resseq=17 icode= >,4jqd_E_B,2.75
137,18.162,GLN, ,NE2,43.1,2.74,17.395,1.85,1.0,<Residue GLN het=  resseq=17 icode= >,4jqd_E_B,2.75
138,2.049,GLU, ,N,43.96,4.41,0.487,2.44,1.0,<Residue GLU het=  resseq=18 icode= >,4jqd_E_B,2.75
139,0.0,GLU, ,CA,44.95,5.73,0.0,2.77,1.0,<Residue GLU het=  resseq=18 icode= >,4jqd_E_B,2.75
140,0.0,GLU, ,C,45.1,6.65,0.0,2.98,1.0,<Residue GLU het=  resseq=18 icode= >,4jqd_E_B,2.75
141,0.0,GLU, ,O,44.78,7.85,0.0,1.71,1.0,<Residue GLU het=  resseq=18 icode= >,4jqd_E_B,2.75
142,8.48,GLU, ,CB,47.9,5.89,0.0,1.06,1.0,<Residue GLU het=  resseq=18 icode= >,4jqd_E_B,2.75
143,1.062,GLU, ,CG,49.35,6.78,0.0,1.20,1.0,<Residue GLU het=  resseq=18 icode= >,4jqd_E_B,2.75
144,10.765,GLU, ,CD,53.32,6.12,0.0,2.34,1.0,<Residue GLU het=  resseq=18 icode= >,4jqd_E_B,2.75
145,27.714,GLU, ,OE1,54.0,6.47,0.0,1.21,1.0,<Residue GLU het=  resseq=18 icode= >,4jqd_E_B,2.75
146,35.975,GLU, ,OE2,56.37,4.92,12.643,0.94,1.0,<Residue GLU het=  resseq=18 icode= >,4jqd_E_B,2.75
147,0.456,LYS, ,N,45.46,6.36,0.0,1.97,1.0,<Residue LYS het=  resseq=19 icode= >,4jqd_E_B,2.75
148,2.312,LYS, ,CA,44.69,7.32,0.0,2.46,1.0,<Residue LYS het=  resseq=19 icode= >,4jqd_E_B,2.75
149,0.0,LYS, ,C,41.52,8.19,0.0,3.73,1.0,<Residue LYS het=  resseq=19 icode= >,4jqd_E_B,2.75
150,0.0,LYS, ,O,41.32,9.41,0.0,2.43,1.0,<Residue LYS het=  resseq=19 icode= >,4jqd_E_B,2.75
151,6.031,LYS, ,CB,46.38,6.71,0.0,1.46,1.0,<Residue LYS het=  resseq=19 icode= >,4jqd_E_B,2.75
152,4.769,LYS, ,CG,48.57,7.47,0.0,1.09,1.0,<Residue LYS het=  resseq=19 icode= >,4jqd_E_B,2.75
153,24.746,LYS, ,CD,52.39,7.09,0.0,0.64,1.0,<Residue LYS het=  resseq=19 icode= >,4jqd_E_B,2.75
154,47.515,LYS, ,CE,54.43,8.09,0.0,0.67,1.0,<Residue LYS het=  resseq=19 icode= >,4jqd_E_B,2.75
155,20.487,LYS, ,NZ,52.8,9.49,0.0,-0.65,0.01,<Residue LYS het=  resseq=19 icode= >,4jqd_E_B,2.75
156,0.0,LEU, ,N,38.84,7.54,0.0,2.87,1.0,<Residue LEU het=  resseq=20 icode= >,4jqd_E_B,2.75
157,0.0,LEU, ,CA,36.89,8.42,0.0,3.13,1.0,<Residue LEU het=  resseq=20 icode= >,4jqd_E_B,2.75
158,0.0,LEU, ,C,36.44,9.36,0.0,3.93,1.0,<Residue LEU het=  resseq=20 icode= >,4jqd_E_B,2.75
159,0.0,LEU, ,O,35.65,10.58,0.0,2.36,1.0,<Residue LEU het=  resseq=20 icode= >,4jqd_E_B,2.75
160,0.0,LEU, ,CB,35.57,7.84,0.0,1.90,1.0,<Residue LEU het=  resseq=20 icode= >,4jqd_E_B,2.75
161,0.0,LEU, ,CG,32.96,8.99,0.0,2.29,1.0,<Residue LEU het=  resseq=20 icode= >,4jqd_E_B,2.75
162,0.0,LEU, ,CD1,32.27,10.20,0.0,1.57,1.0,<Residue LEU het=  resseq=20 icode= >,4jqd_E_B,2.75
163,0.0,LEU, ,CD2,32.13,8.70,0.0,0.78,1.0,<Residue LEU het=  resseq=20 icode= >,4jqd_E_B,2.75
164,0.0,GLY, ,N,36.38,8.92,0.0,2.70,1.0,<Residue GLY het=  resseq=21 icode= >,4jqd_E_B,2.75
165,0.0,GLY, ,CA,35.85,9.97,0.0,2.41,1.0,<Residue GLY het=  resseq=21 icode= >,4jqd_E_B,2.75
166,0.0,GLY, ,C,37.94,9.91,0.0,3.18,1.0,<Residue GLY het=  resseq=21 icode= >,4jqd_E_B,2.75
167,0.0,GLY, ,O,38.75,9.49,0.0,1.71,1.0,<Residue GLY het=  resseq=21 icode= >,4jqd_E_B,2.75
168,0.0,VAL, ,N,39.65,10.53,0.0,1.99,1.0,<Residue VAL het=  resseq=22 icode= >,4jqd_E_B,2.75
169,0.0,VAL, ,CA,41.14,10.78,0.0,3.19,1.0,<Residue VAL het=  resseq=22 icode= >,4jqd_E_B,2.75
170,0.0,VAL, ,C,41.36,11.67,0.0,4.41,1.0,<Residue VAL het=  resseq=22 icode= >,4jqd_E_B,2.75
171,9.085,VAL, ,O,41.6,11.56,0.0,2.61,1.0,<Residue VAL het=  resseq=22 icode= >,4jqd_E_B,2.75
172,0.575,VAL, ,CB,43.45,10.38,0.0,2.68,1.0,<Residue VAL het=  resseq=22 icode= >,4jqd_E_B,2.75
173,45.42,VAL, ,CG1,45.45,11.04,0.0,0.99,1.0,<Residue VAL het=  resseq=22 icode= >,4jqd_E_B,2.75
174,8.91,VAL, ,CG2,43.98,9.73,0.0,0.75,1.0,<Residue VAL het=  resseq=22 icode= >,4jqd_E_B,2.75
175,0.0,LEU, ,N,41.43,12.12,0.0,2.88,1.0,<Residue LEU het=  resseq=23 icode= >,4jqd_E_B,2.75
176,4.191,LEU, ,CA,41.83,13.07,0.0,3.62,1.0,<Residue LEU het=  resseq=23 icode= >,4jqd_E_B,2.75
177,0.0,LEU, ,C,39.73,13.28,0.0,3.44,1.0,<Residue LEU het=  resseq=23 icode= >,4jqd_E_B,2.75
178,22.041,LEU, ,O,41.08,13.84,0.0,1.94,1.0,<Residue LEU het=  resseq=23 icode= >,4jqd_E_B,2.75
179,2.816,LEU, ,CB,41.91,12.63,0.0,1.71,1.0,<Residue LEU het=  resseq=23 icode= >,4jqd_E_B,2.75
180,0.0,LEU, ,CG,44.89,11.60,0.0,1.88,1.0,<Residue LEU het=  resseq=23 icode= >,4jqd_E_B,2.75
181,18.636,LEU, ,CD1,44.38,11.46,0.0,1.43,1.0,<Residue LEU het=  resseq=23 icode= >,4jqd_E_B,2.75
182,45.376,LEU, ,CD2,47.23,12.17,0.0,0.72,1.0,<Residue LEU het=  resseq=23 icode= >,4jqd_E_B,2.75
183,0.0,ALA, ,N,37.24,12.40,0.0,2.78,1.0,<Residue ALA het=  resseq=24 icode= >,4jqd_E_B,2.75
184,1.474,ALA, ,CA,35.16,12.04,0.0,3.79,1.0,<Residue ALA het=  resseq=24 icode= >,4jqd_E_B,2.75
185,0.0,ALA, ,C,35.99,11.06,0.0,4.25,1.0,<Residue ALA het=  resseq=24 icode= >,4jqd_E_B,2.75
186,0.0,ALA, ,O,37.15,10.69,0.0,1.99,1.0,<Residue ALA het=  resseq=24 icode= >,4jqd_E_B,2.75
187,0.0,ALA, ,CB,32.79,11.37,0.0,1.55,1.0,<Residue ALA het=  resseq=24 icode= >,4jqd_E_B,2.75
188,0.0,GLY, ,N,37.4,10.78,0.0,3.36,1.0,<Residue GLY het=  resseq=25 icode= >,4jqd_E_B,2.75
189,15.578,GLY, ,CA,38.37,10.22,0.0,2.73,1.0,<Residue GLY het=  resseq=25 icode= >,4jqd_E_B,2.75
190,2.81,GLY, ,C,38.65,8.74,0.0,3.75,1.0,<Residue GLY het=  resseq=25 icode= >,4jqd_E_B,2.75
191,27.892,GLY, ,O,40.23,8.41,0.0,2.58,1.0,<Residue GLY het=  resseq=25 icode= >,4jqd_E_B,2.75
192,0.0,ILE, ,N,37.71,8.01,0.0,2.38,1.0,<Residue ILE het=  resseq=26 icode= >,4jqd_E_B,2.75
193,3.212,ILE, ,CA,38.35,6.62,0.0,3.14,1.0,<Residue ILE het=  resseq=26 icode= >,4jqd_E_B,2.75
194,0.309,ILE, ,C,42.11,6.77,0.0,3.27,1.0,<Residue ILE het=  resseq=26 icode= >,4jqd_E_B,2.75
195,3.013,ILE, ,O,43.19,7.78,0.0,2.13,1.0,<Residue ILE het=  resseq=26 icode= >,4jqd_E_B,2.75
196,0.0,ILE, ,CB,35.87,6.15,0.0,2.74,1.0,<Residue ILE het=  resseq=26 icode= >,4jqd_E_B,2.75
197,0.0,ILE, ,CG1,33.16,6.44,0.0,1.85,1.0,<Residue ILE het=  resseq=26 icode= >,4jqd_E_B,2.75
198,0.003,ILE, ,CG2,36.73,4.80,0.0,1.45,1.0,<Residue ILE het=  resseq=26 icode= >,4jqd_E_B,2.75
199,0.0,ILE, ,CD1,31.39,6.82,0.0,1.47,1.0,<Residue ILE het=  resseq=26 icode= >,4jqd_E_B,2.75
200,4.172,ASP, ,N,44.62,6.08,0.0,2.55,1.0,<Residue ASP het=  resseq=27 icode= >,4jqd_E_B,2.75
201,9.636,ASP, ,CA,48.95,6.54,0.0,2.54,1.0,<Residue ASP het=  resseq=27 icode= >,4jqd_E_B,2.75
202,0.0,ASP, ,C,49.16,6.86,0.0,3.14,1.0,<Residue ASP het=  resseq=27 icode= >,4jqd_E_B,2.75
203,0.0,ASP, ,O,47.48,6.25,0.0,1.94,1.0,<Residue ASP het=  resseq=27 icode= >,4jqd_E_B,2.75
204,25.432,ASP, ,CB,51.25,5.53,4.09,1.49,1.0,<Residue ASP het=  resseq=27 icode= >,4jqd_E_B,2.75
205,7.48,ASP, ,CG,56.81,6.18,0.0,2.50,1.0,<Residue ASP het=  resseq=27 icode= >,4jqd_E_B,2.75
206,24.85,ASP, ,OD1,60.88,7.24,0.0,1.44,1.0,<Residue ASP het=  resseq=27 icode= >,4jqd_E_B,2.75
207,19.087,ASP, ,OD2,58.81,5.13,0.396,1.23,1.0,<Residue ASP het=  resseq=27 icode= >,4jqd_E_B,2.75
208,3.416,GLU, ,N,51.06,8.06,0.0,2.74,1.0,<Residue GLU het=  resseq=28 icode= >,4jqd_E_B,2.75
209,0.0,GLU, ,CA,51.49,8.46,0.0,2.62,1.0,<Residue GLU het=  resseq=28 icode= >,4jqd_E_B,2.75
210,1.052,GLU, ,C,50.99,7.32,0.0,2.83,1.0,<Residue GLU het=  resseq=28 icode= >,4jqd_E_B,2.75
211,9.305,GLU, ,O,50.14,7.42,0.0,2.24,1.0,<Residue GLU het=  resseq=28 icode= >,4jqd_E_B,2.75
212,13.08,GLU, ,CB,55.19,9.37,0.0,0.87,1.0,<Residue GLU het=  resseq=28 icode= >,4jqd_E_B,2.75
213,17.336,GLU, ,CG,58.0,9.00,0.0,-0.75,0.01,<Residue GLU het=  resseq=28 icode= >,4jqd_E_B,2.75
214,16.072,GLU, ,CD,61.98,10.19,0.0,-0.33,0.01,<Residue GLU het=  resseq=28 icode= >,4jqd_E_B,2.75
215,35.549,GLU, ,OE1,62.55,11.16,0.0,-0.54,0.01,<Residue GLU het=  resseq=28 icode= >,4jqd_E_B,2.75
216,41.516,GLU, ,OE2,64.85,10.29,0.0,-0.21,0.01,<Residue GLU het=  resseq=28 icode= >,4jqd_E_B,2.75
217,0.0,ALA, ,N,51.29,6.11,0.0,1.87,1.0,<Residue ALA het=  resseq=29 icode= >,4jqd_E_B,2.75
218,12.045,ALA, ,CA,51.12,5.03,0.0,2.23,1.0,<Residue ALA het=  resseq=29 icode= >,4jqd_E_B,2.75
219,1.919,ALA, ,C,48.46,4.98,1.268,2.85,1.0,<Residue ALA het=  resseq=29 icode= >,4jqd_E_B,2.75
220,26.935,ALA, ,O,49.19,4.33,7.18,0.96,1.0,<Residue ALA het=  resseq=29 icode= >,4jqd_E_B,2.75
221,50.508,ALA, ,CB,51.92,3.80,18.316,0.23,1.0,<Residue ALA het=  resseq=29 icode= >,4jqd_E_B,2.75
222,0.0,SER, ,N,45.76,5.02,0.0,1.93,1.0,<Residue SER het=  resseq=30 icode= >,4jqd_E_B,2.75
223,3.557,SER, ,CA,43.27,4.18,3.557,2.23,1.0,<Residue SER het=  resseq=30 icode= >,4jqd_E_B,2.75
224,0.0,SER, ,C,41.67,5.02,0.0,3.24,1.0,<Residue SER het=  resseq=30 icode= >,4jqd_E_B,2.75
225,0.0,SER, ,O,40.57,4.89,0.0,1.60,1.0,<Residue SER het=  resseq=30 icode= >,4jqd_E_B,2.75
226,33.527,SER, ,CB,42.55,3.32,32.47,1.47,1.0,<Residue SER het=  resseq=30 icode= >,4jqd_E_B,2.75
227,6.163,SER, ,OG,42.65,2.60,6.13,1.12,1.0,<Residue SER het=  resseq=30 icode= >,4jqd_E_B,2.75
228,0.0,ALA, ,N,41.63,5.98,0.0,2.09,1.0,<Residue ALA het=  resseq=31 icode= >,4jqd_E_B,2.75
229,0.0,ALA, ,CA,39.82,6.79,0.0,2.99,1.0,<Residue ALA het=  resseq=31 icode= >,4jqd_E_B,2.75
230,0.0,ALA, ,C,39.64,7.14,0.0,4.20,1.0,<Residue ALA het=  resseq=31 icode= >,4jqd_E_B,2.75
231,0.0,ALA, ,O,39.17,7.37,0.0,2.06,1.0,<Residue ALA het=  resseq=31 icode= >,4jqd_E_B,2.75
232,0.0,ALA, ,CB,41.34,7.86,0.0,0.90,1.0,<Residue ALA het=  resseq=31 icode= >,4jqd_E_B,2.75
233,0.0,SER, ,N,41.99,6.01,0.0,2.17,1.0,<Residue SER het=  resseq=32 icode= >,4jqd_E_B,2.75
234,0.0,SER, ,CA,41.52,4.88,0.0,2.70,1.0,<Residue SER het=  resseq=32 icode= >,4jqd_E_B,2.75
235,0.041,SER, ,C,40.11,4.31,0.041,3.98,1.0,<Residue SER het=  resseq=32 icode= >,4jqd_E_B,2.75
236,0.738,SER, ,O,39.3,4.37,0.492,2.23,1.0,<Residue SER het=  resseq=32 icode= >,4jqd_E_B,2.75
237,22.666,SER, ,CB,43.69,4.10,3.381,1.45,1.0,<Residue SER het=  resseq=32 icode= >,4jqd_E_B,2.75
238,31.267,SER, ,OG,43.32,3.11,25.525,1.31,1.0,<Residue SER het=  resseq=32 icode= >,4jqd_E_B,2.75
239,2.52,ALA, ,N,40.2,4.25,1.32,2.79,1.0,<Residue ALA het=  resseq=33 icode= >,4jqd_E_B,2.75
240,9.568,ALA, ,CA,38.92,3.68,9.568,2.98,1.0,<Residue ALA het=  resseq=33 icode= >,4jqd_E_B,2.75
241,0.0,ALA, ,C,36.31,4.36,0.0,3.72,1.0,<Residue ALA het=  resseq=33 icode= >,4jqd_E_B,2.75
242,0.436,ALA, ,O,35.62,3.81,0.436,2.25,1.0,<Residue ALA het=  resseq=33 icode= >,4jqd_E_B,2.75
243,48.215,ALA, ,CB,39.42,3.26,47.955,0.83,1.0,<Residue ALA het=  resseq=33 icode= >,4jqd_E_B,2.75
244,0.0,ARG, ,N,35.76,4.54,0.0,2.61,1.0,<Residue ARG het=  resseq=34 icode= >,4jqd_E_B,2.75
245,0.0,ARG, ,CA,35.62,4.69,0.0,2.98,1.0,<Residue ARG het=  resseq=34 icode= >,4jqd_E_B,2.75
246,0.0,ARG, ,C,35.65,6.10,0.0,4.52,1.0,<Residue ARG het=  resseq=34 icode= >,4jqd_E_B,2.75
247,0.0,ARG, ,O,35.41,6.20,0.0,2.31,1.0,<Residue ARG het=  resseq=34 icode= >,4jqd_E_B,2.75
248,0.0,ARG, ,CB,35.37,4.88,0.0,1.33,1.0,<Residue ARG het=  resseq=34 icode= >,4jqd_E_B,2.75
249,5.766,ARG, ,CG,35.21,3.91,5.766,1.92,1.0,<Residue ARG het=  resseq=34 icode= >,4jqd_E_B,2.75
250,11.578,ARG, ,CD,35.47,3.92,11.578,2.20,1.0,<Residue ARG het=  resseq=34 icode= >,4jqd_E_B,2.75
251,6.195,ARG, ,NE,36.12,2.82,6.195,2.65,1.0,<Residue ARG het=  resseq=34 icode= >,4jqd_E_B,2.75
252,4.55,ARG, ,CZ,34.91,3.33,4.55,3.74,1.0,<Residue ARG het=  resseq=34 icode= >,4jqd_E_B,2.75
253,13.299,ARG, ,NH1,32.21,3.77,9.897,2.78,1.0,<Residue ARG het=  resseq=34 icode= >,4jqd_E_B,2.75
254,39.97,ARG, ,NH2,36.53,3.06,16.207,1.43,1.0,<Residue ARG het=  resseq=34 icode= >,4jqd_E_B,2.75
255,0.0,MET, ,N,35.72,7.03,0.0,3.66,1.0,<Residue MET het=  resseq=35 icode= >,4jqd_E_B,2.75
256,0.0,MET, ,CA,36.23,7.64,0.0,3.37,1.0,<Residue MET het=  resseq=35 icode= >,4jqd_E_B,2.75
257,0.0,MET, ,C,36.91,6.82,0.0,3.44,1.0,<Residue MET het=  resseq=35 icode= >,4jqd_E_B,2.75
258,0.0,MET, ,O,36.7,6.77,0.0,2.26,1.0,<Residue MET het=  resseq=35 icode= >,4jqd_E_B,2.75
259,0.073,MET, ,CB,37.99,7.53,0.0,1.32,1.0,<Residue MET het=  resseq=35 icode= >,4jqd_E_B,2.75
260,0.0,MET, ,CG,38.72,8.41,0.0,1.82,1.0,<Residue MET het=  resseq=35 icode= >,4jqd_E_B,2.75
261,0.0,MET, ,SD,41.09,8.59,0.0,3.90,1.0,<Residue MET het=  resseq=35 icode= >,4jqd_E_B,2.75
262,0.41,MET, ,CE,38.62,9.20,0.0,1.69,1.0,<Residue MET het=  resseq=35 icode= >,4jqd_E_B,2.75
263,0.0,ASN, ,N,37.31,5.57,0.0,2.37,1.0,<Residue ASN het=  resseq=36 icode= >,4jqd_E_B,2.75
264,0.0,ASN, ,CA,38.2,5.00,0.0,2.95,1.0,<Residue ASN het=  resseq=36 icode= >,4jqd_E_B,2.75
265,0.0,ASN, ,C,37.18,5.04,0.0,3.83,1.0,<Residue ASN het=  resseq=36 icode= >,4jqd_E_B,2.75
266,0.0,ASN, ,O,37.35,5.69,0.0,1.75,1.0,<Residue ASN het=  resseq=36 icode= >,4jqd_E_B,2.75
267,7.607,ASN, ,CB,41.08,3.83,7.607,1.63,1.0,<Residue ASN het=  resseq=36 icode= >,4jqd_E_B,2.75
268,5.585,ASN, ,CG,43.84,3.40,5.585,3.16,1.0,<Residue ASN het=  resseq=36 icode= >,4jqd_E_B,2.75
269,11.257,ASN, ,OD1,45.56,3.04,11.257,1.86,1.0,<Residue ASN het=  resseq=36 icode= >,4jqd_E_B,2.75
270,38.622,ASN, ,ND2,45.14,3.16,37.026,1.53,1.0,<Residue ASN het=  resseq=36 icode= >,4jqd_E_B,2.75
271,0.0,GLN, ,N,35.63,4.71,0.0,2.72,1.0,<Residue GLN het=  resseq=37 icode= >,4jqd_E_B,2.75
272,0.327,GLN, ,CA,35.01,5.38,0.0,2.59,1.0,<Residue GLN het=  resseq=37 icode= >,4jqd_E_B,2.75
273,0.0,GLN, ,C,34.58,6.89,0.0,3.59,1.0,<Residue GLN het=  resseq=37 icode= >,4jqd_E_B,2.75
274,0.0,GLN, ,O,35.07,7.29,0.0,2.22,1.0,<Residue GLN het=  resseq=37 icode= >,4jqd_E_B,2.75
275,0.0,GLN, ,CB,33.8,5.52,0.0,1.91,1.0,<Residue GLN het=  resseq=37 icode= >,4jqd_E_B,2.75
276,11.351,GLN, ,CG,34.03,4.56,7.099,2.49,1.0,<Residue GLN het=  resseq=37 icode= >,4jqd_E_B,2.75
277,0.104,GLN, ,CD,33.66,3.78,0.104,3.66,1.0,<Residue GLN het=  resseq=37 icode= >,4jqd_E_B,2.75
278,28.567,GLN, ,OE1,34.46,2.83,26.644,2.03,1.0,<Residue GLN het=  resseq=37 icode= >,4jqd_E_B,2.75
279,9.542,GLN, ,NE2,32.76,3.34,9.509,1.17,1.0,<Residue GLN het=  resseq=37 icode= >,4jqd_E_B,2.75
280,0.0,TYR, ,N,33.37,7.13,0.0,2.42,1.0,<Residue TYR het=  resseq=38 icode= >,4jqd_E_B,2.75
281,0.0,TYR, ,CA,32.5,7.34,0.0,3.47,1.0,<Residue TYR het=  resseq=38 icode= >,4jqd_E_B,2.75
282,0.0,TYR, ,C,33.9,8.34,0.0,4.44,1.0,<Residue TYR het=  resseq=38 icode= >,4jqd_E_B,2.75
283,2.087,TYR, ,O,34.88,8.87,0.0,2.42,1.0,<Residue TYR het=  resseq=38 icode= >,4jqd_E_B,2.75
284,0.0,TYR, ,CB,30.9,7.03,0.0,2.48,1.0,<Residue TYR het=  resseq=38 icode= >,4jqd_E_B,2.75
285,0.0,TYR, ,CG,30.74,5.66,0.0,4.14,1.0,<Residue TYR het=  resseq=38 icode= >,4jqd_E_B,2.75
286,0.0,TYR, ,CD1,30.58,4.55,0.0,2.77,1.0,<Residue TYR het=  resseq=38 icode= >,4jqd_E_B,2.75
287,0.0,TYR, ,CD2,30.47,5.72,0.0,3.78,1.0,<Residue TYR het=  resseq=38 icode= >,4jqd_E_B,2.75
288,4.361,TYR, ,CE1,30.4,3.26,4.361,2.72,1.0,<Residue TYR het=  resseq=38 icode= >,4jqd_E_B,2.75
289,0.0,TYR, ,CE2,30.74,4.76,0.0,2.99,1.0,<Residue TYR het=  resseq=38 icode= >,4jqd_E_B,2.75
290,0.0,TYR, ,CZ,30.61,3.40,0.0,3.92,1.0,<Residue TYR het=  resseq=38 icode= >,4jqd_E_B,2.75
291,7.91,TYR, ,OH,31.08,2.67,7.872,2.17,1.0,<Residue TYR het=  resseq=38 icode= >,4jqd_E_B,2.75
292,0.0,GLU, ,N,35.62,7.13,0.0,2.92,1.0,<Residue GLU het=  resseq=39 icode= >,4jqd_E_B,2.75
293,0.0,GLU, ,CA,37.82,6.41,0.0,3.19,1.0,<Residue GLU het=  resseq=39 icode= >,4jqd_E_B,2.75
294,0.001,GLU, ,C,39.4,6.04,0.0,3.07,1.0,<Residue GLU het=  resseq=39 icode= >,4jqd_E_B,2.75
295,6.006,GLU, ,O,40.66,6.21,0.0,1.75,1.0,<Residue GLU het=  resseq=39 icode= >,4jqd_E_B,2.75
296,0.0,GLU, ,CB,40.1,5.41,0.0,2.02,1.0,<Residue GLU het=  resseq=39 icode= >,4jqd_E_B,2.75
297,4.295,GLU, ,CG,43.93,5.18,0.98,2.03,1.0,<Residue GLU het=  resseq=39 icode= >,4jqd_E_B,2.75
298,0.0,GLU, ,CD,47.0,5.24,0.0,2.78,1.0,<Residue GLU het=  resseq=39 icode= >,4jqd_E_B,2.75
299,1.865,GLU, ,OE1,47.92,4.62,0.481,1.36,1.0,<Residue GLU het=  resseq=39 icode= >,4jqd_E_B,2.75
300,0.0,GLU, ,OE2,45.77,6.23,0.0,1.84,1.0,<Residue GLU het=  resseq=39 icode= >,4jqd_E_B,2.75
301,0.0,LYS, ,N,40.16,6.03,0.0,1.98,1.0,<Residue LYS het=  resseq=40 icode= >,4jqd_E_B,2.75
302,1.203,LYS, ,CA,41.86,5.64,0.0,2.59,1.0,<Residue LYS het=  resseq=40 icode= >,4jqd_E_B,2.75
303,0.0,LYS, ,C,41.3,6.27,0.0,3.51,1.0,<Residue LYS het=  resseq=40 icode= >,4jqd_E_B,2.75
304,20.777,LYS, ,O,43.72,6.07,0.0,1.48,1.0,<Residue LYS het=  resseq=40 icode= >,4jqd_E_B,2.75
305,6.665,LYS, ,CB,43.35,4.18,3.896,1.62,1.0,<Residue LYS het=  resseq=40 icode= >,4jqd_E_B,2.75
306,2.242,LYS, ,CG,46.07,3.69,2.242,1.82,1.0,<Residue LYS het=  resseq=40 icode= >,4jqd_E_B,2.75
307,25.965,LYS, ,CD,49.19,3.69,9.797,1.75,1.0,<Residue LYS het=  resseq=40 icode= >,4jqd_E_B,2.75
308,36.274,LYS, ,CE,51.26,3.11,27.071,1.30,1.0,<Residue LYS het=  resseq=40 icode= >,4jqd_E_B,2.75
309,48.557,LYS, ,NZ,54.46,3.16,13.042,1.02,1.0,<Residue LYS het=  resseq=40 icode= >,4jqd_E_B,2.75
310,0.0,GLY, ,N,38.61,7.31,0.0,2.63,1.0,<Residue GLY het=  resseq=41 icode= >,4jqd_E_B,2.75
311,15.858,GLY, ,CA,38.89,8.05,0.0,2.14,1.0,<Residue GLY het=  resseq=41 icode= >,4jqd_E_B,2.75
312,2.495,GLY, ,C,39.4,6.90,0.0,3.80,1.0,<Residue GLY het=  resseq=41 icode= >,4jqd_E_B,2.75
313,27.947,GLY, ,O,39.08,6.32,0.0,2.83,1.0,<Residue GLY het=  resseq=41 icode= >,4jqd_E_B,2.75
314,0.022,LYS, ,N,40.84,6.89,0.0,2.69,1.0,<Residue LYS het=  resseq=42 icode= >,4jqd_E_B,2.75
315,5.835,LYS, ,CA,41.53,6.08,0.0,2.72,1.0,<Residue LYS het=  resseq=42 icode= >,4jqd_E_B,2.75
316,0.0,LYS, ,C,39.34,4.62,0.0,3.32,1.0,<Residue LYS het=  resseq=42 icode= >,4jqd_E_B,2.75
317,16.969,LYS, ,O,40.61,3.78,3.579,1.51,1.0,<Residue LYS het=  resseq=42 icode= >,4jqd_E_B,2.75
318,7.27,LYS, ,CB,42.91,5.93,0.657,1.51,1.0,<Residue LYS het=  resseq=42 icode= >,4jqd_E_B,2.75
319,8.052,LYS, ,CG,45.07,6.33,0.0,1.49,1.0,<Residue LYS het=  resseq=42 icode= >,4jqd_E_B,2.75
320,21.573,LYS, ,CD,47.88,5.74,0.0,1.51,1.0,<Residue LYS het=  resseq=42 icode= >,4jqd_E_B,2.75
321,32.949,LYS, ,CE,49.82,5.00,12.765,1.37,1.0,<Residue LYS het=  resseq=42 icode= >,4jqd_E_B,2.75
322,48.642,LYS, ,NZ,52.5,4.98,2.013,0.94,1.0,<Residue LYS het=  resseq=42 icode= >,4jqd_E_B,2.75
323,0.0,HIS, ,N,36.99,4.64,0.0,1.77,1.0,<Residue HIS het=  resseq=43 icode= >,4jqd_E_B,2.75
324,5.564,HIS, ,CA,36.0,3.68,3.836,3.43,1.0,<Residue HIS het=  resseq=43 icode= >,4jqd_E_B,2.75
325,2.934,HIS, ,C,33.77,3.91,0.0,4.30,1.0,<Residue HIS het=  resseq=43 icode= >,4jqd_E_B,2.75
326,1.516,HIS, ,O,33.64,5.08,0.0,2.56,1.0,<Residue HIS het=  resseq=43 icode= >,4jqd_E_B,2.75
327,11.987,HIS, ,CB,37.22,3.74,11.987,1.90,1.0,<Residue HIS het=  resseq=43 icode= >,4jqd_E_B,2.75
328,2.333,HIS, ,CG,41.53,3.73,2.333,2.66,1.0,<Residue HIS het=  resseq=43 icode= >,4jqd_E_B,2.75
329,17.821,HIS, ,ND1,44.44,2.89,17.721,1.76,1.0,<Residue HIS het=  resseq=43 icode= >,4jqd_E_B,2.75
330,5.677,HIS, ,CD2,44.01,4.01,5.655,1.40,1.0,<Residue HIS het=  resseq=43 icode= >,4jqd_E_B,2.75
331,31.596,HIS, ,CE1,47.01,3.83,19.769,1.66,1.0,<Residue HIS het=  resseq=43 icode= >,4jqd_E_B,2.75
332,15.698,HIS, ,NE2,46.61,3.68,13.955,1.62,1.0,<Residue HIS het=  resseq=43 icode= >,4jqd_E_B,2.75
333,8.417,ALA, ,N,33.0,2.96,6.675,2.67,1.0,<Residue ALA het=  resseq=44 icode= >,4jqd_E_B,2.75
334,2.157,ALA, ,CA,31.38,3.75,0.0,2.69,1.0,<Residue ALA het=  resseq=44 icode= >,4jqd_E_B,2.75
335,0.054,ALA, ,C,30.34,4.19,0.0,3.98,1.0,<Residue ALA het=  resseq=44 icode= >,4jqd_E_B,2.75
336,20.829,ALA, ,O,30.94,3.70,17.857,2.45,1.0,<Residue ALA het=  resseq=44 icode= >,4jqd_E_B,2.75
337,46.0,ALA, ,CB,29.95,3.68,8.744,1.36,1.0,<Residue ALA het=  resseq=44 icode= >,4jqd_E_B,2.75
338,0.0,PRO, ,N,29.04,5.08,0.0,3.91,1.0,<Residue PRO het=  resseq=45 icode= >,4jqd_E_B,2.75
339,2.235,PRO, ,CA,29.35,4.65,2.045,3.08,1.0,<Residue PRO het=  resseq=45 icode= >,4jqd_E_B,2.75
340,0.578,PRO, ,C,29.69,5.30,0.0,3.64,1.0,<Residue PRO het=  resseq=45 icode= >,4jqd_E_B,2.75
341,7.858,PRO, ,O,29.87,6.44,0.0,1.73,1.0,<Residue PRO het=  resseq=45 icode= >,4jqd_E_B,2.75
342,0.0,PRO, ,CB,28.71,5.38,0.0,2.23,1.0,<Residue PRO het=  resseq=45 icode= >,4jqd_E_B,2.75
343,0.0,PRO, ,CG,27.97,6.52,0.0,2.40,1.0,<Residue PRO het=  resseq=45 icode= >,4jqd_E_B,2.75
344,0.441,PRO, ,CD,28.38,6.24,0.0,2.33,1.0,<Residue PRO het=  resseq=45 icode= >,4jqd_E_B,2.75
345,5.606,ASP, ,N,31.45,4.70,4.492,3.41,1.0,<Residue ASP het=  resseq=46 icode= >,4jqd_E_B,2.75
346,8.796,ASP, ,CA,32.38,5.62,0.0,3.37,1.0,<Residue ASP het=  resseq=46 icode= >,4jqd_E_B,2.75
347,0.0,ASP, ,C,31.65,6.72,0.0,3.79,1.0,<Residue ASP het=  resseq=46 icode= >,4jqd_E_B,2.75
348,0.0,ASP, ,O,29.77,6.76,0.0,2.54,1.0,<Residue ASP het=  resseq=46 icode= >,4jqd_E_B,2.75
349,35.214,ASP, ,CB,37.17,5.27,1.897,1.78,1.0,<Residue ASP het=  resseq=46 icode= >,4jqd_E_B,2.75
350,5.911,ASP, ,CG,43.33,5.19,0.884,2.63,1.0,<Residue ASP het=  resseq=46 icode= >,4jqd_E_B,2.75
351,0.448,ASP, ,OD1,47.44,6.01,0.0,1.36,1.0,<Residue ASP het=  resseq=46 icode= >,4jqd_E_B,2.75
352,41.024,ASP, ,OD2,50.0,4.77,4.501,1.37,1.0,<Residue ASP het=  resseq=46 icode= >,4jqd_E_B,2.75
353,7.124,PHE, ,N,31.45,7.85,0.0,2.37,1.0,<Residue PHE het=  resseq=47 icode= >,4jqd_E_B,2.75
354,0.021,PHE, ,CA,29.78,9.04,0.0,2.84,1.0,<Residue PHE het=  resseq=47 icode= >,4jqd_E_B,2.75
355,0.0,PHE, ,C,30.43,9.14,0.0,3.62,1.0,<Residue PHE het=  resseq=47 icode= >,4jqd_E_B,2.75
356,0.0,PHE, ,O,29.13,9.77,0.0,2.31,1.0,<Residue PHE het=  resseq=47 icode= >,4jqd_E_B,2.75
357,28.234,PHE, ,CB,28.02,9.18,16.736,2.40,1.0,<Residue PHE het=  resseq=47 icode= >,4jqd_E_B,2.75
358,2.042,PHE, ,CG,26.27,10.48,2.042,3.53,1.0,<Residue PHE het=  resseq=47 icode= >,4jqd_E_B,2.75
359,5.827,PHE, ,CD1,24.6,11.32,5.827,3.35,1.0,<Residue PHE het=  resseq=47 icode= >,4jqd_E_B,2.75
360,13.718,PHE, ,CD2,26.46,11.04,10.331,2.27,1.0,<Residue PHE het=  resseq=47 icode= >,4jqd_E_B,2.75
361,9.448,PHE, ,CE1,23.89,12.55,9.448,3.30,1.0,<Residue PHE het=  resseq=47 icode= >,4jqd_E_B,2.75
362,27.219,PHE, ,CE2,25.37,12.30,24.658,2.57,1.0,<Residue PHE het=  resseq=47 icode= >,4jqd_E_B,2.75
363,18.201,PHE, ,CZ,24.17,13.00,18.201,2.65,1.0,<Residue PHE het=  resseq=47 icode= >,4jqd_E_B,2.75
364,0.747,GLU,x,N,31.87,8.79,0.0,3.15,0.5,<Residue GLU het=  resseq=48 icode= >,4jqd_E_B,2.75
365,0.0,GLU,x,CA,32.85,9.26,0.0,3.59,0.5,<Residue GLU het=  resseq=48 icode= >,4jqd_E_B,2.75
366,0.0,GLU,x,C,32.33,8.81,0.0,4.11,0.5,<Residue GLU het=  resseq=48 icode= >,4jqd_E_B,2.75
367,0.555,GLU,x,O,32.26,9.75,0.0,2.17,0.5,<Residue GLU het=  resseq=48 icode= >,4jqd_E_B,2.75
368,21.536,GLU,x,CB,34.94,9.27,0.0,1.83,0.5,<Residue GLU het=  resseq=48 icode= >,4jqd_E_B,2.75
369,37.028,GLU,x,CG,36.71,9.87,0.0,0.10,0.5,<Residue GLU het=  resseq=48 icode= >,4jqd_E_B,2.75
370,8.148,GLU,x,CD,36.79,11.37,0.0,1.10,0.5,<Residue GLU het=  resseq=48 icode= >,4jqd_E_B,2.75
371,28.511,GLU,x,OE1,36.35,12.20,0.0,1.11,0.5,<Residue GLU het=  resseq=48 icode= >,4jqd_E_B,2.75
372,27.804,GLU,x,OE2,37.04,11.58,0.945,0.82,0.5,<Residue GLU het=  resseq=48 icode= >,4jqd_E_B,2.75
373,1.241,MET, ,N,32.13,7.57,0.0,2.68,1.0,<Residue MET het=  resseq=49 icode= >,4jqd_E_B,2.75
374,0.061,MET, ,CA,31.45,7.40,0.0,3.72,1.0,<Residue MET het=  resseq=49 icode= >,4jqd_E_B,2.75
375,0.0,MET, ,C,31.02,8.42,0.0,3.94,1.0,<Residue MET het=  resseq=49 icode= >,4jqd_E_B,2.75
376,0.0,MET, ,O,32.83,9.34,0.0,1.75,1.0,<Residue MET het=  resseq=49 icode= >,4jqd_E_B,2.75
377,4.313,MET, ,CB,31.14,6.01,0.531,2.20,1.0,<Residue MET het=  resseq=49 icode= >,4jqd_E_B,2.75
378,0.0,MET, ,CG,32.08,6.21,0.0,2.23,1.0,<Residue MET het=  resseq=49 icode= >,4jqd_E_B,2.75
379,0.0,MET, ,SD,35.24,7.32,0.0,4.87,1.0,<Residue MET het=  resseq=49 icode= >,4jqd_E_B,2.75
380,22.288,MET, ,CE,35.3,6.60,0.0,1.76,1.0,<Residue MET het=  resseq=49 icode= >,4jqd_E_B,2.75
381,0.0,ALA, ,N,29.78,8.52,0.0,2.90,1.0,<Residue ALA het=  resseq=50 icode= >,4jqd_E_B,2.75
382,0.0,ALA, ,CA,27.87,9.70,0.0,4.12,1.0,<Residue ALA het=  resseq=50 icode= >,4jqd_E_B,2.75
383,0.0,ALA, ,C,28.66,10.98,0.0,4.34,1.0,<Residue ALA het=  resseq=50 icode= >,4jqd_E_B,2.75
384,0.0,ALA, ,O,28.8,11.91,0.0,2.78,1.0,<Residue ALA het=  resseq=50 icode= >,4jqd_E_B,2.75
385,0.0,ALA, ,CB,26.94,9.99,0.0,1.63,1.0,<Residue ALA het=  resseq=50 icode= >,4jqd_E_B,2.75
386,0.0,ASN, ,N,29.12,11.16,0.0,2.44,1.0,<Residue ASN het=  resseq=51 icode= >,4jqd_E_B,2.75
387,0.194,ASN, ,CA,30.1,12.42,0.0,3.77,1.0,<Residue ASN het=  resseq=51 icode= >,4jqd_E_B,2.75
388,1.6,ASN, ,C,31.93,12.67,0.0,4.53,1.0,<Residue ASN het=  resseq=51 icode= >,4jqd_E_B,2.75
389,3.698,ASN, ,O,32.82,13.76,0.0,3.04,1.0,<Residue ASN het=  resseq=51 icode= >,4jqd_E_B,2.75
390,13.022,ASN, ,CB,30.37,12.76,0.0,2.79,1.0,<Residue ASN het=  resseq=51 icode= >,4jqd_E_B,2.75
391,4.35,ASN, ,CG,30.44,13.59,0.043,4.53,1.0,<Residue ASN het=  resseq=51 icode= >,4jqd_E_B,2.75
392,29.765,ASN, ,OD1,32.04,14.80,9.812,2.38,1.0,<Residue ASN het=  resseq=51 icode= >,4jqd_E_B,2.75
393,0.222,ASN, ,ND2,29.93,13.05,0.002,1.86,1.0,<Residue ASN het=  resseq=51 icode= >,4jqd_E_B,2.75
394,0.0,ARG, ,N,33.39,11.76,0.0,3.14,1.0,<Residue ARG het=  resseq=52 icode= >,4jqd_E_B,2.75
395,3.829,ARG, ,CA,34.29,12.09,0.0,3.56,1.0,<Residue ARG het=  resseq=52 icode= >,4jqd_E_B,2.75
396,0.0,ARG, ,C,33.26,12.45,0.0,3.74,1.0,<Residue ARG het=  resseq=52 icode= >,4jqd_E_B,2.75
397,0.836,ARG, ,O,33.27,13.54,0.0,2.09,1.0,<Residue ARG het=  resseq=52 icode= >,4jqd_E_B,2.75
398,1.466,ARG, ,CB,36.83,11.11,0.0,2.42,1.0,<Residue ARG het=  resseq=52 icode= >,4jqd_E_B,2.75
399,14.654,ARG, ,CG,40.46,11.00,0.0,2.82,1.0,<Residue ARG het=  resseq=52 icode= >,4jqd_E_B,2.75
400,11.332,ARG, ,CD,46.62,10.53,0.0,1.17,1.0,<Residue ARG het=  resseq=52 icode= >,4jqd_E_B,2.75
401,4.737,ARG, ,NE,53.29,11.58,0.0,1.08,1.0,<Residue ARG het=  resseq=52 icode= >,4jqd_E_B,2.75
402,4.03,ARG, ,CZ,58.24,12.07,0.0,2.85,1.0,<Residue ARG het=  resseq=52 icode= >,4jqd_E_B,2.75
403,49.986,ARG, ,NH1,61.61,11.68,0.0,1.29,1.0,<Residue ARG het=  resseq=52 icode= >,4jqd_E_B,2.75
404,42.239,ARG, ,NH2,58.54,13.07,0.0,1.52,1.0,<Residue ARG het=  resseq=52 icode= >,4jqd_E_B,2.75
405,0.0,LEU, ,N,30.7,11.71,0.0,3.18,1.0,<Residue LEU het=  resseq=53 icode= >,4jqd_E_B,2.75
406,0.0,LEU, ,CA,30.11,12.24,0.0,3.55,1.0,<Residue LEU het=  resseq=53 icode= >,4jqd_E_B,2.75
407,0.0,LEU, ,C,30.68,13.64,0.0,4.04,1.0,<Residue LEU het=  resseq=53 icode= >,4jqd_E_B,2.75
408,0.0,LEU, ,O,31.94,14.18,0.0,2.26,1.0,<Residue LEU het=  resseq=53 icode= >,4jqd_E_B,2.75
409,0.0,LEU, ,CB,28.47,11.44,0.0,2.24,1.0,<Residue LEU het=  resseq=53 icode= >,4jqd_E_B,2.75
410,0.0,LEU, ,CG,28.5,10.04,0.0,2.89,1.0,<Residue LEU het=  resseq=53 icode= >,4jqd_E_B,2.75
411,0.0,LEU, ,CD1,27.48,9.34,0.0,1.31,1.0,<Residue LEU het=  resseq=53 icode= >,4jqd_E_B,2.75
412,0.0,LEU, ,CD2,29.77,10.25,0.0,1.59,1.0,<Residue LEU het=  resseq=53 icode= >,4jqd_E_B,2.75
413,0.0,ALA, ,N,29.71,13.81,0.0,3.29,1.0,<Residue ALA het=  resseq=54 icode= >,4jqd_E_B,2.75
414,0.0,ALA, ,CA,29.32,15.16,0.0,3.72,1.0,<Residue ALA het=  resseq=54 icode= >,4jqd_E_B,2.75
415,0.121,ALA, ,C,30.21,16.15,0.0,4.82,1.0,<Residue ALA het=  resseq=54 icode= >,4jqd_E_B,2.75
416,0.008,ALA, ,O,30.51,16.93,0.0,2.69,1.0,<Residue ALA het=  resseq=54 icode= >,4jqd_E_B,2.75
417,2.841,ALA, ,CB,29.33,15.26,0.0,1.17,1.0,<Residue ALA het=  resseq=54 icode= >,4jqd_E_B,2.75
418,0.422,LYS, ,N,30.93,15.81,0.0,3.58,1.0,<Residue LYS het=  resseq=55 icode= >,4jqd_E_B,2.75
419,7.434,LYS, ,CA,34.53,16.86,0.0,3.53,1.0,<Residue LYS het=  resseq=55 icode= >,4jqd_E_B,2.75
420,0.738,LYS, ,C,37.34,16.86,0.0,3.51,1.0,<Residue LYS het=  resseq=55 icode= >,4jqd_E_B,2.75
421,7.755,LYS, ,O,40.06,17.22,0.0,1.99,1.0,<Residue LYS het=  resseq=55 icode= >,4jqd_E_B,2.75
422,4.45,LYS, ,CB,37.2,16.50,0.0,1.80,1.0,<Residue LYS het=  resseq=55 icode= >,4jqd_E_B,2.75
423,23.409,LYS, ,CG,41.36,17.75,0.0,1.14,1.0,<Residue LYS het=  resseq=55 icode= >,4jqd_E_B,2.75
424,31.01,LYS, ,CD,46.0,17.55,0.0,1.50,1.0,<Residue LYS het=  resseq=55 icode= >,4jqd_E_B,2.75
425,44.662,LYS, ,CE,51.81,18.80,0.0,0.59,1.0,<Residue LYS het=  resseq=55 icode= >,4jqd_E_B,2.75
426,49.078,LYS, ,NZ,55.97,19.05,0.0,0.82,1.0,<Residue LYS het=  resseq=55 icode= >,4jqd_E_B,2.75
427,0.125,VAL, ,N,37.52,15.69,0.0,2.18,1.0,<Residue VAL het=  resseq=56 icode= >,4jqd_E_B,2.75
428,8.595,VAL, ,CA,37.24,14.69,0.0,3.37,1.0,<Residue VAL het=  resseq=56 icode= >,4jqd_E_B,2.75
429,0.0,VAL, ,C,36.99,14.31,0.0,4.24,1.0,<Residue VAL het=  resseq=56 icode= >,4jqd_E_B,2.75
430,10.273,VAL, ,O,39.21,14.30,0.0,2.26,1.0,<Residue VAL het=  resseq=56 icode= >,4jqd_E_B,2.75
431,0.0,VAL, ,CB,36.5,13.48,0.0,3.01,1.0,<Residue VAL het=  resseq=56 icode= >,4jqd_E_B,2.75
432,6.086,VAL, ,CG1,37.47,12.48,0.0,1.26,1.0,<Residue VAL het=  resseq=56 icode= >,4jqd_E_B,2.75
433,11.26,VAL, ,CG2,36.62,14.02,0.0,1.40,1.0,<Residue VAL het=  resseq=56 icode= >,4jqd_E_B,2.75
434,0.0,LEU, ,N,34.79,14.19,0.0,3.08,1.0,<Residue LEU het=  resseq=57 icode= >,4jqd_E_B,2.75
435,0.0,LEU, ,CA,35.39,13.95,0.0,3.18,1.0,<Residue LEU het=  resseq=57 icode= >,4jqd_E_B,2.75
436,0.632,LEU, ,C,36.42,15.24,0.0,4.02,1.0,<Residue LEU het=  resseq=57 icode= >,4jqd_E_B,2.75
437,11.39,LEU, ,O,36.56,15.19,0.0,2.54,1.0,<Residue LEU het=  resseq=57 icode= >,4jqd_E_B,2.75
438,0.0,LEU, ,CB,33.15,13.56,0.0,2.29,1.0,<Residue LEU het=  resseq=57 icode= >,4jqd_E_B,2.75
439,0.0,LEU, ,CG,33.21,12.29,0.0,2.93,1.0,<Residue LEU het=  resseq=57 icode= >,4jqd_E_B,2.75
440,0.0,LEU, ,CD1,31.34,12.24,0.0,1.66,1.0,<Residue LEU het=  resseq=57 icode= >,4jqd_E_B,2.75
441,0.0,LEU, ,CD2,35.61,11.09,0.0,1.16,1.0,<Residue LEU het=  resseq=57 icode= >,4jqd_E_B,2.75
442,0.0,LYS, ,N,36.72,16.34,0.0,3.32,1.0,<Residue LYS het=  resseq=58 icode= >,4jqd_E_B,2.75
443,7.224,LYS, ,CA,37.88,17.65,0.0,3.30,1.0,<Residue LYS het=  resseq=58 icode= >,4jqd_E_B,2.75
444,2.291,LYS, ,C,36.85,18.10,0.0,4.14,1.0,<Residue LYS het=  resseq=58 icode= >,4jqd_E_B,2.75
445,12.457,LYS, ,O,38.88,18.68,0.0,2.29,1.0,<Residue LYS het=  resseq=58 icode= >,4jqd_E_B,2.75
446,18.107,LYS, ,CB,40.72,17.78,0.0,2.15,1.0,<Residue LYS het=  resseq=58 icode= >,4jqd_E_B,2.75
447,10.527,LYS, ,CG,45.06,17.80,0.0,1.61,1.0,<Residue LYS het=  resseq=58 icode= >,4jqd_E_B,2.75
448,32.73,LYS, ,CD,49.83,17.92,0.0,1.30,1.0,<Residue LYS het=  resseq=58 icode= >,4jqd_E_B,2.75
449,37.935,LYS, ,CE,54.02,17.96,0.0,0.76,1.0,<Residue LYS het=  resseq=58 icode= >,4jqd_E_B,2.75
450,49.079,LYS, ,NZ,62.63,17.72,0.0,0.21,1.0,<Residue LYS het=  resseq=58 icode= >,4jqd_E_B,2.75
451,0.0,ILE, ,N,34.62,17.93,0.0,2.92,1.0,<Residue ILE het=  resseq=59 icode= >,4jqd_E_B,2.75
452,0.089,ILE, ,CA,33.15,18.47,0.0,3.84,1.0,<Residue ILE het=  resseq=59 icode= >,4jqd_E_B,2.75
453,1.458,ILE, ,C,31.24,19.46,0.0,4.71,1.0,<Residue ILE het=  resseq=59 icode= >,4jqd_E_B,2.75
454,9.482,ILE, ,O,31.56,19.40,0.0,2.44,1.0,<Residue ILE het=  resseq=59 icode= >,4jqd_E_B,2.75
455,0.0,ILE, ,CB,33.13,17.43,0.0,3.27,1.0,<Residue ILE het=  resseq=59 icode= >,4jqd_E_B,2.75
456,0.0,ILE, ,CG1,32.96,16.71,0.0,2.43,1.0,<Residue ILE het=  resseq=59 icode= >,4jqd_E_B,2.75
457,9.413,ILE, ,CG2,32.67,16.55,0.0,1.38,1.0,<Residue ILE het=  resseq=59 icode= >,4jqd_E_B,2.75
458,0.0,ILE, ,CD1,34.23,15.73,0.0,0.98,1.0,<Residue ILE het=  resseq=59 icode= >,4jqd_E_B,2.75
459,0.0,PRO, ,N,30.32,1000.00,0.0,4.69,1.0,<Residue PRO het=  resseq=60 icode= >,4jqd_E_B,2.75
460,9.185,PRO, ,CA,29.28,1000.00,4.305,3.90,1.0,<Residue PRO het=  resseq=60 icode= >,4jqd_E_B,2.75
461,0.0,PRO, ,C,28.54,1000.00,0.0,4.63,1.0,<Residue PRO het=  resseq=60 icode= >,4jqd_E_B,2.75
462,0.0,PRO, ,O,28.09,1000.00,0.0,2.95,1.0,<Residue PRO het=  resseq=60 icode= >,4jqd_E_B,2.75
463,14.191,PRO, ,CB,29.16,1000.00,13.836,2.83,1.0,<Residue PRO het=  resseq=60 icode= >,4jqd_E_B,2.75
464,0.191,PRO, ,CG,30.13,1000.00,0.0,2.89,1.0,<Residue PRO het=  resseq=60 icode= >,4jqd_E_B,2.75
465,0.0,PRO, ,CD,30.81,1000.00,0.0,2.92,1.0,<Residue PRO het=  resseq=60 icode= >,4jqd_E_B,2.75
466,5.299,VAL, ,N,28.59,17.48,2.164,2.83,1.0,<Residue VAL het=  resseq=61 icode= >,4jqd_E_B,2.75
467,0.0,VAL, ,CA,28.43,16.19,0.0,3.34,1.0,<Residue VAL het=  resseq=61 icode= >,4jqd_E_B,2.75
468,0.0,VAL, ,C,28.9,16.39,0.0,4.02,1.0,<Residue VAL het=  resseq=61 icode= >,4jqd_E_B,2.75
469,0.0,VAL, ,O,29.85,15.72,0.0,2.00,1.0,<Residue VAL het=  resseq=61 icode= >,4jqd_E_B,2.75
470,1.919,VAL, ,CB,28.95,15.31,0.0,2.73,1.0,<Residue VAL het=  resseq=61 icode= >,4jqd_E_B,2.75
471,24.597,VAL, ,CG1,29.79,16.01,23.24,1.24,1.0,<Residue VAL het=  resseq=61 icode= >,4jqd_E_B,2.75
472,0.0,VAL, ,CG2,28.62,13.90,0.0,2.15,1.0,<Residue VAL het=  resseq=61 icode= >,4jqd_E_B,2.75
473,0.186,SER, ,N,28.14,17.47,0.084,2.66,1.0,<Residue SER het=  resseq=62 icode= >,4jqd_E_B,2.75
474,1.236,SER, ,CA,28.01,17.23,1.236,3.62,1.0,<Residue SER het=  resseq=62 icode= >,4jqd_E_B,2.75
475,0.0,SER, ,C,27.17,17.35,0.0,3.99,1.0,<Residue SER het=  resseq=62 icode= >,4jqd_E_B,2.75
476,0.37,SER, ,O,27.48,17.01,0.37,2.18,1.0,<Residue SER het=  resseq=62 icode= >,4jqd_E_B,2.75
477,38.167,SER, ,CB,29.31,18.23,38.167,2.31,1.0,<Residue SER het=  resseq=62 icode= >,4jqd_E_B,2.75
478,15.316,SER, ,OG,30.33,19.55,15.316,2.26,1.0,<Residue SER het=  resseq=62 icode= >,4jqd_E_B,2.75
479,0.0,TYR, ,N,26.64,17.92,0.0,3.15,1.0,<Residue TYR het=  resseq=63 icode= >,4jqd_E_B,2.75
480,0.0,TYR, ,CA,26.59,18.18,0.0,3.92,1.0,<Residue TYR het=  resseq=63 icode= >,4jqd_E_B,2.75
481,0.0,TYR, ,C,26.87,16.88,0.0,3.87,1.0,<Residue TYR het=  resseq=63 icode= >,4jqd_E_B,2.75
482,0.0,TYR, ,O,27.71,16.78,0.0,2.04,1.0,<Residue TYR het=  resseq=63 icode= >,4jqd_E_B,2.75
483,0.0,TYR, ,CB,26.78,19.02,0.0,2.19,1.0,<Residue TYR het=  resseq=63 icode= >,4jqd_E_B,2.75
484,0.0,TYR, ,CG,28.62,19.32,0.0,2.51,1.0,<Residue TYR het=  resseq=63 icode= >,4jqd_E_B,2.75
485,0.0,TYR, ,CD1,30.14,20.40,0.0,1.74,1.0,<Residue TYR het=  resseq=63 icode= >,4jqd_E_B,2.75
486,0.0,TYR, ,CD2,28.48,18.71,0.0,2.44,1.0,<Residue TYR het=  resseq=63 icode= >,4jqd_E_B,2.75
487,1.726,TYR, ,CE1,31.27,20.82,0.0,2.33,1.0,<Residue TYR het=  resseq=63 icode= >,4jqd_E_B,2.75
488,0.0,TYR, ,CE2,30.01,19.16,0.0,2.59,1.0,<Residue TYR het=  resseq=63 icode= >,4jqd_E_B,2.75
489,0.0,TYR, ,CZ,31.21,20.22,0.0,3.71,1.0,<Residue TYR het=  resseq=63 icode= >,4jqd_E_B,2.75
490,6.246,TYR, ,OH,33.05,20.78,0.0,2.38,1.0,<Residue TYR het=  resseq=63 icode= >,4jqd_E_B,2.75
491,0.0,LEU, ,N,25.75,15.92,0.0,2.98,1.0,<Residue LEU het=  resseq=64 icode= >,4jqd_E_B,2.75
492,0.0,LEU, ,CA,25.75,14.61,0.0,3.42,1.0,<Residue LEU het=  resseq=64 icode= >,4jqd_E_B,2.75
493,0.0,LEU, ,C,26.82,13.92,0.0,4.16,1.0,<Residue LEU het=  resseq=64 icode= >,4jqd_E_B,2.75
494,0.0,LEU, ,O,27.71,13.11,0.0,2.52,1.0,<Residue LEU het=  resseq=64 icode= >,4jqd_E_B,2.75
495,0.0,LEU, ,CB,24.65,13.80,0.0,2.37,1.0,<Residue LEU het=  resseq=64 icode= >,4jqd_E_B,2.75
496,0.0,LEU, ,CG,24.16,14.31,0.0,3.27,1.0,<Residue LEU het=  resseq=64 icode= >,4jqd_E_B,2.75
497,0.0,LEU, ,CD1,23.43,13.11,0.0,2.01,1.0,<Residue LEU het=  resseq=64 icode= >,4jqd_E_B,2.75
498,0.0,LEU, ,CD2,25.55,14.65,0.0,1.39,1.0,<Residue LEU het=  resseq=64 icode= >,4jqd_E_B,2.75
499,0.0,TYR, ,N,27.11,14.38,0.0,3.03,1.0,<Residue TYR het=  resseq=65 icode= >,4jqd_E_B,2.75
500,2.026,TYR, ,CA,28.5,13.96,2.026,3.89,1.0,<Residue TYR het=  resseq=65 icode= >,4jqd_E_B,2.75
501,0.53,TYR, ,C,31.11,15.13,0.53,4.44,1.0,<Residue TYR het=  resseq=65 icode= >,4jqd_E_B,2.75
502,17.599,TYR, ,O,34.49,15.25,17.599,2.75,1.0,<Residue TYR het=  resseq=65 icode= >,4jqd_E_B,2.75
503,19.147,TYR, ,CB,28.02,13.59,19.147,2.97,1.0,<Residue TYR het=  resseq=65 icode= >,4jqd_E_B,2.75
504,1.979,TYR, ,CG,27.55,12.45,1.979,3.95,1.0,<Residue TYR het=  resseq=65 icode= >,4jqd_E_B,2.75
505,1.741,TYR, ,CD1,26.64,12.79,1.741,2.94,1.0,<Residue TYR het=  resseq=65 icode= >,4jqd_E_B,2.75
506,18.545,TYR, ,CD2,28.35,11.20,18.545,2.44,1.0,<Residue TYR het=  resseq=65 icode= >,4jqd_E_B,2.75
507,0.0,TYR, ,CE1,25.88,11.94,0.0,2.97,1.0,<Residue TYR het=  resseq=65 icode= >,4jqd_E_B,2.75
508,19.39,TYR, ,CE2,27.75,10.23,13.253,2.60,1.0,<Residue TYR het=  resseq=65 icode= >,4jqd_E_B,2.75
509,0.0,TYR, ,CZ,26.68,10.66,0.0,4.04,1.0,<Residue TYR het=  resseq=65 icode= >,4jqd_E_B,2.75
510,2.842,TYR, ,OH,27.46,9.95,0.282,3.24,1.0,<Residue TYR het=  resseq=65 icode= >,4jqd_E_B,2.75
511,0.0,THR, ,N,31.37,16.11,0.0,2.84,1.0,<Residue THR het=  resseq=66 icode= >,4jqd_E_B,2.75
512,1.408,THR, ,CA,32.36,17.32,1.408,4.10,1.0,<Residue THR het=  resseq=66 icode= >,4jqd_E_B,2.75
513,0.0,THR, ,C,33.86,17.42,0.0,4.22,1.0,<Residue THR het=  resseq=66 icode= >,4jqd_E_B,2.75
514,0.0,THR, ,O,33.93,17.71,0.0,2.54,1.0,<Residue THR het=  resseq=66 icode= >,4jqd_E_B,2.75
515,0.0,THR, ,CB,31.99,18.59,0.0,3.42,1.0,<Residue THR het=  resseq=66 icode= >,4jqd_E_B,2.75
516,6.946,THR, ,OG1,32.01,18.80,6.946,2.19,1.0,<Residue THR het=  resseq=66 icode= >,4jqd_E_B,2.75
517,0.345,THR, ,CG2,33.71,19.80,0.345,1.79,1.0,<Residue THR het=  resseq=66 icode= >,4jqd_E_B,2.75
518,0.0,PRO, ,N,36.12,17.39,0.0,3.76,1.0,<Residue PRO het=  resseq=67 icode= >,4jqd_E_B,2.75
519,0.027,PRO, ,CA,37.97,16.78,0.0,3.69,1.0,<Residue PRO het=  resseq=67 icode= >,4jqd_E_B,2.75
520,1.386,PRO, ,C,39.76,15.30,0.0,3.88,1.0,<Residue PRO het=  resseq=67 icode= >,4jqd_E_B,2.75
521,8.287,PRO, ,O,41.89,14.51,0.0,2.24,1.0,<Residue PRO het=  resseq=67 icode= >,4jqd_E_B,2.75
522,28.19,PRO, ,CB,38.89,17.24,1.381,2.11,1.0,<Residue PRO het=  resseq=67 icode= >,4jqd_E_B,2.75
523,27.251,PRO, ,CG,38.18,17.37,18.557,2.11,1.0,<Residue PRO het=  resseq=67 icode= >,4jqd_E_B,2.75
524,13.275,PRO, ,CD,36.29,17.04,13.275,1.97,1.0,<Residue PRO het=  resseq=67 icode= >,4jqd_E_B,2.75
525,0.0,GLU, ,N,40.33,15.02,0.0,2.67,1.0,<Residue GLU het=  resseq=68 icode= >,4jqd_E_B,2.75
526,6.947,GLU, ,CA,42.97,13.65,0.0,3.23,1.0,<Residue GLU het=  resseq=68 icode= >,4jqd_E_B,2.75
527,0.0,GLU, ,C,42.6,12.90,0.0,3.37,1.0,<Residue GLU het=  resseq=68 icode= >,4jqd_E_B,2.75
528,0.0,GLU, ,O,42.18,13.37,0.0,1.64,1.0,<Residue GLU het=  resseq=68 icode= >,4jqd_E_B,2.75
529,2.091,GLU, ,CB,43.98,13.81,0.638,2.28,1.0,<Residue GLU het=  resseq=68 icode= >,4jqd_E_B,2.75
530,36.431,GLU, ,CG,46.47,14.64,8.425,1.76,1.0,<Residue GLU het=  resseq=68 icode= >,4jqd_E_B,2.75
531,4.144,GLU, ,CD,45.57,16.16,3.837,2.93,1.0,<Residue GLU het=  resseq=68 icode= >,4jqd_E_B,2.75
532,3.849,GLU, ,OE1,41.42,16.62,3.849,2.30,1.0,<Residue GLU het=  resseq=68 icode= >,4jqd_E_B,2.75
533,38.2,GLU, ,OE2,49.12,16.96,14.121,1.72,1.0,<Residue GLU het=  resseq=68 icode= >,4jqd_E_B,2.75
534,5.37,ASP, ,N,43.67,11.87,0.0,2.57,1.0,<Residue ASP het=  resseq=69 icode= >,4jqd_E_B,2.75
535,0.563,ASP, ,CA,42.76,11.25,0.0,3.28,1.0,<Residue ASP het=  resseq=69 icode= >,4jqd_E_B,2.75
536,1.292,ASP, ,C,42.56,10.77,0.0,4.82,1.0,<Residue ASP het=  resseq=69 icode= >,4jqd_E_B,2.75
537,4.415,ASP, ,O,40.94,11.21,0.0,2.61,1.0,<Residue ASP het=  resseq=69 icode= >,4jqd_E_B,2.75
538,30.332,ASP, ,CB,45.26,10.28,0.0,1.79,1.0,<Residue ASP het=  resseq=69 icode= >,4jqd_E_B,2.75
539,9.495,ASP, ,CG,45.4,11.13,0.0,3.20,1.0,<Residue ASP het=  resseq=69 icode= >,4jqd_E_B,2.75
540,0.316,ASP, ,OD1,42.49,12.36,0.0,1.88,1.0,<Residue ASP het=  resseq=69 icode= >,4jqd_E_B,2.75
541,36.768,ASP, ,OD2,47.95,10.70,0.0,1.91,1.0,<Residue ASP het=  resseq=69 icode= >,4jqd_E_B,2.75
542,3.267,ASP, ,N,44.51,10.09,0.0,3.11,1.0,<Residue ASP het=  resseq=70 icode= >,4jqd_E_B,2.75
543,8.403,ASP, ,CA,45.66,9.89,0.0,2.93,1.0,<Residue ASP het=  resseq=70 icode= >,4jqd_E_B,2.75
544,0.0,ASP, ,C,43.25,11.29,0.0,3.05,1.0,<Residue ASP het=  resseq=70 icode= >,4jqd_E_B,2.75
545,2.643,ASP, ,O,43.77,11.58,1.071,2.13,1.0,<Residue ASP het=  resseq=70 icode= >,4jqd_E_B,2.75
546,36.497,ASP, ,CB,49.76,9.17,2.674,1.95,1.0,<Residue ASP het=  resseq=70 icode= >,4jqd_E_B,2.75
547,12.945,ASP, ,CG,51.83,10.00,5.657,2.74,1.0,<Residue ASP het=  resseq=70 icode= >,4jqd_E_B,2.75
548,6.642,ASP, ,OD1,50.96,10.98,3.63,1.70,1.0,<Residue ASP het=  resseq=70 icode= >,4jqd_E_B,2.75
549,42.208,ASP, ,OD2,54.72,9.82,20.714,1.31,1.0,<Residue ASP het=  resseq=70 icode= >,4jqd_E_B,2.75
550,0.0,LEU, ,N,40.97,12.30,0.0,2.41,1.0,<Residue LEU het=  resseq=71 icode= >,4jqd_E_B,2.75
551,0.422,LEU, ,CA,37.58,13.66,0.422,3.75,1.0,<Residue LEU het=  resseq=71 icode= >,4jqd_E_B,2.75
552,0.0,LEU, ,C,35.38,14.36,0.0,4.83,1.0,<Residue LEU het=  resseq=71 icode= >,4jqd_E_B,2.75
553,0.0,LEU, ,O,35.0,15.23,0.0,2.78,1.0,<Residue LEU het=  resseq=71 icode= >,4jqd_E_B,2.75
554,6.945,LEU, ,CB,36.66,14.59,6.945,2.40,1.0,<Residue LEU het=  resseq=71 icode= >,4jqd_E_B,2.75
555,0.0,LEU, ,CG,34.14,16.07,0.0,2.82,1.0,<Residue LEU het=  resseq=71 icode= >,4jqd_E_B,2.75
556,28.84,LEU, ,CD1,33.9,16.02,28.832,1.24,1.0,<Residue LEU het=  resseq=71 icode= >,4jqd_E_B,2.75
557,38.554,LEU, ,CD2,33.89,16.97,38.554,1.64,1.0,<Residue LEU het=  resseq=71 icode= >,4jqd_E_B,2.75
558,0.0,ALA, ,N,34.57,14.15,0.0,3.09,1.0,<Residue ALA het=  resseq=72 icode= >,4jqd_E_B,2.75
559,0.0,ALA, ,CA,32.62,14.95,0.0,3.64,1.0,<Residue ALA het=  resseq=72 icode= >,4jqd_E_B,2.75
560,0.0,ALA, ,C,32.96,14.70,0.0,4.50,1.0,<Residue ALA het=  resseq=72 icode= >,4jqd_E_B,2.75
561,0.0,ALA, ,O,31.47,15.68,0.0,2.44,1.0,<Residue ALA het=  resseq=72 icode= >,4jqd_E_B,2.75
562,3.144,ALA, ,CB,32.58,14.84,0.0,1.42,1.0,<Residue ALA het=  resseq=72 icode= >,4jqd_E_B,2.75
563,0.885,GLN, ,N,35.45,13.46,0.0,3.15,1.0,<Residue GLN het=  resseq=73 icode= >,4jqd_E_B,2.75
564,1.275,GLN, ,CA,37.05,13.32,0.0,2.91,1.0,<Residue GLN het=  resseq=73 icode= >,4jqd_E_B,2.75
565,0.0,GLN, ,C,35.79,14.16,0.0,4.63,1.0,<Residue GLN het=  resseq=73 icode= >,4jqd_E_B,2.75
566,0.0,GLN, ,O,35.35,15.10,0.0,2.63,1.0,<Residue GLN het=  resseq=73 icode= >,4jqd_E_B,2.75
567,12.173,GLN, ,CB,40.46,11.86,0.0,1.48,1.0,<Residue GLN het=  resseq=73 icode= >,4jqd_E_B,2.75
568,34.08,GLN, ,CG,42.45,11.86,1.494,1.39,1.0,<Residue GLN het=  resseq=73 icode= >,4jqd_E_B,2.75
569,5.785,GLN, ,CD,42.27,12.68,0.0,3.07,1.0,<Residue GLN het=  resseq=73 icode= >,4jqd_E_B,2.75
570,30.652,GLN, ,OE1,41.93,12.52,0.0,2.36,1.0,<Residue GLN het=  resseq=73 icode= >,4jqd_E_B,2.75
571,21.695,GLN, ,NE2,41.73,13.14,0.0,1.40,1.0,<Residue GLN het=  resseq=73 icode= >,4jqd_E_B,2.75
572,0.004,ILE, ,N,35.94,13.98,0.0,3.55,1.0,<Residue ILE het=  resseq=74 icode= >,4jqd_E_B,2.75
573,4.16,ILE, ,CA,35.42,14.83,3.98,3.76,1.0,<Residue ILE het=  resseq=74 icode= >,4jqd_E_B,2.75
574,0.0,ILE, ,C,33.95,16.36,0.0,4.04,1.0,<Residue ILE het=  resseq=74 icode= >,4jqd_E_B,2.75
575,0.792,ILE, ,O,33.97,16.94,0.792,2.55,1.0,<Residue ILE het=  resseq=74 icode= >,4jqd_E_B,2.75
576,0.0,ILE, ,CB,35.64,14.35,0.0,2.63,1.0,<Residue ILE het=  resseq=74 icode= >,4jqd_E_B,2.75
577,23.486,ILE, ,CG1,38.33,12.87,21.435,1.44,1.0,<Residue ILE het=  resseq=74 icode= >,4jqd_E_B,2.75
578,32.75,ILE, ,CG2,34.07,15.29,30.995,1.06,1.0,<Residue ILE het=  resseq=74 icode= >,4jqd_E_B,2.75
579,48.95,ILE, ,CD1,39.48,12.34,48.114,0.88,1.0,<Residue ILE het=  resseq=74 icode= >,4jqd_E_B,2.75
580,0.0,ILE, ,N,32.79,16.78,0.0,2.53,1.0,<Residue ILE het=  resseq=75 icode= >,4jqd_E_B,2.75
581,0.524,ILE, ,CA,30.72,18.16,0.524,3.84,1.0,<Residue ILE het=  resseq=75 icode= >,4jqd_E_B,2.75
582,0.0,ILE, ,C,30.41,18.52,0.0,5.10,1.0,<Residue ILE het=  resseq=75 icode= >,4jqd_E_B,2.75
583,0.0,ILE, ,O,30.47,19.57,0.0,2.85,1.0,<Residue ILE het=  resseq=75 icode= >,4jqd_E_B,2.75
584,0.0,ILE, ,CB,29.58,18.56,0.0,3.04,1.0,<Residue ILE het=  resseq=75 icode= >,4jqd_E_B,2.75
585,14.049,ILE, ,CG1,31.08,18.70,14.049,1.98,1.0,<Residue ILE het=  resseq=75 icode= >,4jqd_E_B,2.75
586,2.824,ILE, ,CG2,27.84,19.93,2.824,1.40,1.0,<Residue ILE het=  resseq=75 icode= >,4jqd_E_B,2.75
587,10.561,ILE, ,CD1,31.43,19.05,10.561,1.16,1.0,<Residue ILE het=  resseq=75 icode= >,4jqd_E_B,2.75
588,0.0,LEU, ,N,31.3,17.70,0.0,3.59,1.0,<Residue LEU het=  resseq=76 icode= >,4jqd_E_B,2.75
589,0.0,LEU, ,CA,32.64,18.14,0.0,3.52,1.0,<Residue LEU het=  resseq=76 icode= >,4jqd_E_B,2.75
590,1.452,LEU, ,C,34.02,18.44,0.0,4.38,1.0,<Residue LEU het=  resseq=76 icode= >,4jqd_E_B,2.75
591,1.159,LEU, ,O,34.5,19.48,0.0,3.10,1.0,<Residue LEU het=  resseq=76 icode= >,4jqd_E_B,2.75
592,0.728,LEU, ,CB,34.04,17.19,0.0,2.25,1.0,<Residue LEU het=  resseq=76 icode= >,4jqd_E_B,2.75
593,10.05,LEU, ,CG,34.47,17.93,0.0,3.06,1.0,<Residue LEU het=  resseq=76 icode= >,4jqd_E_B,2.75
594,2.488,LEU, ,CD1,32.02,19.00,0.0,1.19,1.0,<Residue LEU het=  resseq=76 icode= >,4jqd_E_B,2.75
595,13.041,LEU, ,CD2,35.96,17.04,0.0,0.84,1.0,<Residue LEU het=  resseq=76 icode= >,4jqd_E_B,2.75
596,0.0,THR, ,N,34.5,17.10,0.0,3.65,1.0,<Residue THR het=  resseq=77 icode= >,4jqd_E_B,2.75
597,4.102,THR, ,CA,36.11,16.80,0.0,4.17,1.0,<Residue THR het=  resseq=77 icode= >,4jqd_E_B,2.75
598,0.0,THR, ,C,36.51,17.68,0.0,3.93,1.0,<Residue THR het=  resseq=77 icode= >,4jqd_E_B,2.75
599,0.0,THR, ,O,38.06,17.82,0.0,2.14,1.0,<Residue THR het=  resseq=77 icode= >,4jqd_E_B,2.75
600,5.053,THR, ,CB,37.83,15.44,5.053,3.55,1.0,<Residue THR het=  resseq=77 icode= >,4jqd_E_B,2.75
601,6.041,THR, ,OG1,39.99,14.64,2.038,2.09,1.0,<Residue THR het=  resseq=77 icode= >,4jqd_E_B,2.75
602,48.464,THR, ,CG2,39.89,14.77,23.008,1.22,1.0,<Residue THR het=  resseq=77 icode= >,4jqd_E_B,2.75
603,0.318,TRP, ,N,35.76,18.30,0.318,3.16,1.0,<Residue TRP het=  resseq=78 icode= >,4jqd_E_B,2.75
604,1.192,TRP, ,CA,36.2,19.25,1.192,2.91,1.0,<Residue TRP het=  resseq=78 icode= >,4jqd_E_B,2.75
605,0.0,TRP, ,C,35.89,20.30,0.0,5.02,1.0,<Residue TRP het=  resseq=78 icode= >,4jqd_E_B,2.75
606,0.0,TRP, ,O,36.02,20.91,0.0,2.83,1.0,<Residue TRP het=  resseq=78 icode= >,4jqd_E_B,2.75
607,5.422,TRP, ,CB,35.94,19.98,4.811,1.38,1.0,<Residue TRP het=  resseq=78 icode= >,4jqd_E_B,2.75
608,2.36,TRP, ,CG,34.77,21.18,2.36,3.71,1.0,<Residue TRP het=  resseq=78 icode= >,4jqd_E_B,2.75
609,9.89,TRP, ,CD1,35.43,21.35,8.972,3.14,1.0,<Residue TRP het=  resseq=78 icode= >,4jqd_E_B,2.75
610,2.624,TRP, ,CD2,33.93,22.46,2.624,4.30,1.0,<Residue TRP het=  resseq=78 icode= >,4jqd_E_B,2.75
611,6.552,TRP, ,NE1,35.4,22.66,6.324,3.35,1.0,<Residue TRP het=  resseq=78 icode= >,4jqd_E_B,2.75
612,3.331,TRP, ,CE2,33.72,23.33,3.331,4.88,1.0,<Residue TRP het=  resseq=78 icode= >,4jqd_E_B,2.75
613,3.925,TRP, ,CE3,34.36,23.02,3.925,2.17,1.0,<Residue TRP het=  resseq=78 icode= >,4jqd_E_B,2.75
614,22.365,TRP, ,CZ2,33.91,24.67,22.146,2.31,1.0,<Residue TRP het=  resseq=78 icode= >,4jqd_E_B,2.75
615,11.904,TRP, ,CZ3,35.15,24.39,9.749,2.31,1.0,<Residue TRP het=  resseq=78 icode= >,4jqd_E_B,2.75
616,26.241,TRP, ,CH2,33.97,25.16,20.297,2.30,1.0,<Residue TRP het=  resseq=78 icode= >,4jqd_E_B,2.75
617,0.0,ASN, ,N,36.52,1000.00,0.0,3.59,1.0,<Residue ASN het=  resseq=79 icode= >,4jqd_E_B,2.75
618,0.0,ASN, ,CA,38.16,1000.00,0.0,3.43,1.0,<Residue ASN het=  resseq=79 icode= >,4jqd_E_B,2.75
619,0.0,ASN, ,C,41.75,1000.00,0.0,3.37,1.0,<Residue ASN het=  resseq=79 icode= >,4jqd_E_B,2.75
620,14.733,ASN, ,O,44.33,1000.00,0.0,1.92,1.0,<Residue ASN het=  resseq=79 icode= >,4jqd_E_B,2.75
621,0.585,ASN, ,CB,36.68,1000.00,0.0,2.78,1.0,<Residue ASN het=  resseq=79 icode= >,4jqd_E_B,2.75
622,1.003,ASN, ,CG,36.66,1000.00,0.0,3.85,1.0,<Residue ASN het=  resseq=79 icode= >,4jqd_E_B,2.75
623,8.834,ASN, ,OD1,37.71,1000.00,0.0,2.37,1.0,<Residue ASN het=  resseq=79 icode= >,4jqd_E_B,2.75
624,22.284,ASN, ,ND2,37.53,1000.00,0.0,2.15,1.0,<Residue ASN het=  resseq=79 icode= >,4jqd_E_B,2.75
625,0.0,GLU, ,N,43.83,1000.00,0.0,2.96,1.0,<Residue GLU het=  resseq=80 icode= >,4jqd_E_B,2.75
626,6.761,GLU, ,CA,46.86,1000.00,0.0,2.96,1.0,<Residue GLU het=  resseq=80 icode= >,4jqd_E_B,2.75
627,3.224,GLU, ,C,45.37,1000.00,0.0,3.46,1.0,<Residue GLU het=  resseq=80 icode= >,4jqd_E_B,2.75
628,24.779,GLU, ,O,46.68,1000.00,0.0,2.22,1.0,<Residue GLU het=  resseq=80 icode= >,4jqd_E_B,2.75
629,16.472,GLU, ,CB,52.64,1000.00,0.0,1.29,1.0,<Residue GLU het=  resseq=80 icode= >,4jqd_E_B,2.75
630,8.751,GLU, ,CG,56.02,1000.00,0.0,1.95,1.0,<Residue GLU het=  resseq=80 icode= >,4jqd_E_B,2.75
631,13.782,GLU, ,CD,64.3,1000.00,0.0,1.34,1.0,<Residue GLU het=  resseq=80 icode= >,4jqd_E_B,2.75
632,37.557,GLU, ,OE1,70.85,1000.00,0.0,0.98,1.0,<Residue GLU het=  resseq=80 icode= >,4jqd_E_B,2.75
633,33.9,GLU, ,OE2,67.51,1000.00,0.0,0.33,1.0,<Residue GLU het=  resseq=80 icode= >,4jqd_E_B,2.75
634,0.0,LEU, ,N,41.71,1000.00,0.0,3.24,1.0,<Residue LEU het=  resseq=81 icode= >,4jqd_E_B,2.75
635,0.353,LEU, ,CA,41.45,1000.00,0.0,3.53,1.0,<Residue LEU het=  resseq=81 icode= >,4jqd_E_B,2.75
636,0.408,LEU, ,C,42.14,1000.00,0.0,3.72,1.0,<Residue LEU het=  resseq=81 icode= >,4jqd_E_B,2.75
637,12.247,LEU, ,O,41.35,1000.00,0.0,2.00,1.0,<Residue LEU het=  resseq=81 icode= >,4jqd_E_B,2.75
638,0.0,LEU, ,CB,40.55,1000.00,0.0,1.74,1.0,<Residue LEU het=  resseq=81 icode= >,4jqd_E_B,2.75
639,0.0,LEU, ,CG,39.77,1000.00,0.0,2.26,1.0,<Residue LEU het=  resseq=81 icode= >,4jqd_E_B,2.75
640,1.328,LEU, ,CD1,38.96,1000.00,1.328,1.23,1.0,<Residue LEU het=  resseq=81 icode= >,4jqd_E_B,2.75
641,22.833,LEU, ,CD2,41.7,1000.00,13.607,1.10,1.0,<Residue LEU het=  resseq=81 icode= >,4jqd_E_B,2.75
642,0.396,ASN, ,N,43.84,1000.00,0.0,2.45,1.0,<Residue ASN het=  resseq=82 icode= >,4jqd_E_B,2.75
643,8.863,ASN, ,CA,44.88,1000.00,0.0,3.10,1.0,<Residue ASN het=  resseq=82 icode= >,4jqd_E_B,2.75
644,1.079,ASN, ,C,44.2,1000.00,0.0,4.27,1.0,<Residue ASN het=  resseq=82 icode= >,4jqd_E_B,2.75
645,0.0,ASN, ,O,41.9,1000.00,0.0,2.87,1.0,<Residue ASN het=  resseq=82 icode= >,4jqd_E_B,2.75
646,30.62,ASN, ,CB,48.29,1000.00,0.0,1.98,1.0,<Residue ASN het=  resseq=82 icode= >,4jqd_E_B,2.75
647,2.881,ASN, ,CG,49.82,1000.00,0.0,3.08,1.0,<Residue ASN het=  resseq=82 icode= >,4jqd_E_B,2.75
648,0.533,ASN, ,OD1,49.95,1000.00,0.0,1.42,1.0,<Residue ASN het=  resseq=82 icode= >,4jqd_E_B,2.75
649,45.395,ASN, ,ND2,52.61,1000.00,0.0,1.42,1.0,<Residue ASN het=  resseq=82 icode= >,4jqd_E_B,2.75
650,7.213,GLU, ,N,46.14,1000.00,0.0,3.16,1.0,<Residue GLU het=  resseq=83 icode= >,4jqd_E_B,2.75
651,7.523,GLU, ,CA,46.99,1000.00,0.0,2.97,1.0,<Residue GLU het=  resseq=83 icode= >,4jqd_E_B,2.75
652,0.0,GLU, ,C,47.95,1000.00,0.0,3.37,1.0,<Residue GLU het=  resseq=83 icode= >,4jqd_E_B,2.75
653,0.688,GLU, ,O,46.47,1000.00,0.0,1.72,1.0,<Residue GLU het=  resseq=83 icode= >,4jqd_E_B,2.75
654,22.472,GLU, ,CB,49.1,1000.00,0.0,1.91,1.0,<Residue GLU het=  resseq=83 icode= >,4jqd_E_B,2.75
655,19.818,GLU, ,CG,49.61,1000.00,0.0,1.31,1.0,<Residue GLU het=  resseq=83 icode= >,4jqd_E_B,2.75
656,7.304,GLU, ,CD,53.6,1000.00,0.0,2.37,1.0,<Residue GLU het=  resseq=83 icode= >,4jqd_E_B,2.75
657,35.169,GLU, ,OE1,55.2,1000.00,0.0,1.40,1.0,<Residue GLU het=  resseq=83 icode= >,4jqd_E_B,2.75
658,26.481,GLU, ,OE2,56.29,1000.00,0.0,0.89,1.0,<Residue GLU het=  resseq=83 icode= >,4jqd_E_B,2.75
659,0.729,GLN, ,N,50.87,1000.00,0.0,2.16,1.0,<Residue GLN het=  resseq=84 icode= >,4jqd_E_B,2.75
660,1.134,GLN, ,CA,52.66,1000.00,0.0,2.91,1.0,<Residue GLN het=  resseq=84 icode= >,4jqd_E_B,2.75
661,0.004,GLN, ,C,50.58,1000.00,0.0,3.10,1.0,<Residue GLN het=  resseq=84 icode= >,4jqd_E_B,2.75
662,1.862,GLN, ,O,50.5,1000.00,0.0,1.42,1.0,<Residue GLN het=  resseq=84 icode= >,4jqd_E_B,2.75
663,6.441,GLN, ,CB,57.21,1000.00,0.0,1.16,1.0,<Residue GLN het=  resseq=84 icode= >,4jqd_E_B,2.75
664,24.287,GLN, ,CG,63.88,1000.00,0.0,0.67,1.0,<Residue GLN het=  resseq=84 icode= >,4jqd_E_B,2.75
665,10.714,GLN, ,CD,70.3,1000.00,0.0,0.98,1.0,<Residue GLN het=  resseq=84 icode= >,4jqd_E_B,2.75
666,23.678,GLN, ,OE1,73.82,1000.00,0.0,0.61,1.0,<Residue GLN het=  resseq=84 icode= >,4jqd_E_B,2.75
667,59.654,GLN, ,NE2,71.36,1000.00,0.0,0.51,1.0,<Residue GLN het=  resseq=84 icode= >,4jqd_E_B,2.75
668,0.0,GLU, ,N,49.53,1000.00,0.0,2.49,1.0,<Residue GLU het=  resseq=85 icode= >,4jqd_E_B,2.75
669,0.977,GLU, ,CA,48.21,1000.00,0.111,2.54,1.0,<Residue GLU het=  resseq=85 icode= >,4jqd_E_B,2.75
670,0.0,GLU, ,C,46.67,1000.00,0.0,2.97,1.0,<Residue GLU het=  resseq=85 icode= >,4jqd_E_B,2.75
671,1.122,GLU, ,O,46.22,1000.00,0.432,1.58,1.0,<Residue GLU het=  resseq=85 icode= >,4jqd_E_B,2.75
672,2.028,GLU, ,CB,47.69,1000.00,2.028,1.68,1.0,<Residue GLU het=  resseq=85 icode= >,4jqd_E_B,2.75
673,18.566,GLU, ,CG,50.45,1000.00,3.882,1.29,1.0,<Residue GLU het=  resseq=85 icode= >,4jqd_E_B,2.75
674,1.755,GLU, ,CD,51.33,1000.00,0.0,2.92,1.0,<Residue GLU het=  resseq=85 icode= >,4jqd_E_B,2.75
675,3.791,GLU, ,OE1,49.98,1000.00,0.0,2.01,1.0,<Residue GLU het=  resseq=85 icode= >,4jqd_E_B,2.75
676,37.965,GLU, ,OE2,52.87,1000.00,0.0,2.02,1.0,<Residue GLU het=  resseq=85 icode= >,4jqd_E_B,2.75
677,0.0,ARG, ,N,46.21,1000.00,0.0,2.17,1.0,<Residue ARG het=  resseq=86 icode= >,4jqd_E_B,2.75
678,0.211,ARG, ,CA,45.05,1000.00,0.0,2.87,1.0,<Residue ARG het=  resseq=86 icode= >,4jqd_E_B,2.75
679,0.0,ARG, ,C,45.39,1000.00,0.0,2.96,1.0,<Residue ARG het=  resseq=86 icode= >,4jqd_E_B,2.75
680,0.0,ARG, ,O,44.37,1000.00,0.0,2.04,1.0,<Residue ARG het=  resseq=86 icode= >,4jqd_E_B,2.75
681,8.231,ARG, ,CB,44.35,1000.00,0.0,2.53,1.0,<Residue ARG het=  resseq=86 icode= >,4jqd_E_B,2.75
682,0.0,ARG, ,CG,45.68,1000.00,0.0,2.18,1.0,<Residue ARG het=  resseq=86 icode= >,4jqd_E_B,2.75
683,14.632,ARG, ,CD,47.07,1000.00,4.739,1.65,1.0,<Residue ARG het=  resseq=86 icode= >,4jqd_E_B,2.75
684,0.0,ARG, ,NE,46.25,1000.00,0.0,2.31,1.0,<Residue ARG het=  resseq=86 icode= >,4jqd_E_B,2.75
685,1.296,ARG, ,CZ,46.97,1000.00,0.0,3.51,1.0,<Residue ARG het=  resseq=86 icode= >,4jqd_E_B,2.75
686,41.976,ARG, ,NH1,46.58,1000.00,1.33,1.42,1.0,<Residue ARG het=  resseq=86 icode= >,4jqd_E_B,2.75
687,7.424,ARG, ,NH2,45.42,1000.00,0.0,1.65,1.0,<Residue ARG het=  resseq=86 icode= >,4jqd_E_B,2.75
688,0.405,LYS, ,N,46.62,1000.00,0.0,1.94,1.0,<Residue LYS het=  resseq=87 icode= >,4jqd_E_B,2.75
689,3.609,LYS, ,CA,47.94,1000.00,0.0,2.55,1.0,<Residue LYS het=  resseq=87 icode= >,4jqd_E_B,2.75
690,1.097,LYS, ,C,48.29,1000.00,0.0,3.07,1.0,<Residue LYS het=  resseq=87 icode= >,4jqd_E_B,2.75
691,5.731,LYS, ,O,49.96,1000.00,0.0,1.12,1.0,<Residue LYS het=  resseq=87 icode= >,4jqd_E_B,2.75
692,13.024,LYS, ,CB,51.27,1000.00,0.0,1.35,1.0,<Residue LYS het=  resseq=87 icode= >,4jqd_E_B,2.75
693,11.597,LYS, ,CG,53.76,1000.00,0.0,0.91,1.0,<Residue LYS het=  resseq=87 icode= >,4jqd_E_B,2.75
694,30.604,LYS, ,CD,58.75,1000.00,0.0,0.86,1.0,<Residue LYS het=  resseq=87 icode= >,4jqd_E_B,2.75
695,26.48,LYS, ,CE,61.5,1000.00,0.0,0.30,1.0,<Residue LYS het=  resseq=87 icode= >,4jqd_E_B,2.75
696,36.569,LYS, ,NZ,61.59,1000.00,0.0,0.27,1.0,<Residue LYS het=  resseq=87 icode= >,4jqd_E_B,2.75
697,0.312,ARG, ,N,47.36,1000.00,0.0,2.48,1.0,<Residue ARG het=  resseq=88 icode= >,4jqd_E_B,2.75
698,6.046,ARG, ,CA,47.5,1000.00,0.0,2.67,1.0,<Residue ARG het=  resseq=88 icode= >,4jqd_E_B,2.75
699,0.497,ARG, ,C,46.52,1000.00,0.497,3.44,1.0,<Residue ARG het=  resseq=88 icode= >,4jqd_E_B,2.75
700,2.194,ARG, ,O,48.01,1000.00,0.123,1.60,1.0,<Residue ARG het=  resseq=88 icode= >,4jqd_E_B,2.75
701,2.111,ARG, ,CB,47.7,1000.00,0.079,1.66,1.0,<Residue ARG het=  resseq=88 icode= >,4jqd_E_B,2.75
702,28.229,ARG, ,CG,49.22,1000.00,7.482,1.40,1.0,<Residue ARG het=  resseq=88 icode= >,4jqd_E_B,2.75
703,29.586,ARG, ,CD,50.67,1000.00,19.213,-0.41,0.01,<Residue ARG het=  resseq=88 icode= >,4jqd_E_B,2.75
704,8.697,ARG, ,NE,51.71,1000.00,0.0,-0.87,0.01,<Residue ARG het=  resseq=88 icode= >,4jqd_E_B,2.75
705,4.461,ARG, ,CZ,53.3,1000.00,0.0,-0.96,0.01,<Residue ARG het=  resseq=88 icode= >,4jqd_E_B,2.75
706,48.915,ARG, ,NH1,53.98,1000.00,3.583,-0.67,0.01,<Residue ARG het=  resseq=88 icode= >,4jqd_E_B,2.75
707,35.537,ARG, ,NH2,54.59,1000.00,0.0,-0.40,0.01,<Residue ARG het=  resseq=88 icode= >,4jqd_E_B,2.75
708,0.0,ILE, ,N,44.89,1000.00,0.0,2.33,1.0,<Residue ILE het=  resseq=89 icode= >,4jqd_E_B,2.75
709,0.879,ILE, ,CA,44.24,1000.00,0.879,3.01,1.0,<Residue ILE het=  resseq=89 icode= >,4jqd_E_B,2.75
710,0.0,ILE, ,C,44.43,1000.00,0.0,3.86,1.0,<Residue ILE het=  resseq=89 icode= >,4jqd_E_B,2.75
711,0.0,ILE, ,O,44.58,1000.00,0.0,1.78,1.0,<Residue ILE het=  resseq=89 icode= >,4jqd_E_B,2.75
712,0.07,ILE, ,CB,42.14,1000.00,0.0,2.14,1.0,<Residue ILE het=  resseq=89 icode= >,4jqd_E_B,2.75
713,21.021,ILE, ,CG1,43.35,1000.00,20.281,0.82,1.0,<Residue ILE het=  resseq=89 icode= >,4jqd_E_B,2.75
714,18.414,ILE, ,CG2,40.67,1000.00,15.568,1.14,1.0,<Residue ILE het=  resseq=89 icode= >,4jqd_E_B,2.75
715,36.499,ILE, ,CD1,42.07,1000.00,36.318,-0.47,0.01,<Residue ILE het=  resseq=89 icode= >,4jqd_E_B,2.75
716,0.0,ASN, ,N,44.93,1000.00,0.0,2.89,1.0,<Residue ASN het=  resseq=90 icode= >,4jqd_E_B,2.75
717,0.459,ASN, ,CA,45.97,1000.00,0.0,3.70,1.0,<Residue ASN het=  resseq=90 icode= >,4jqd_E_B,2.75
718,0.0,ASN, ,C,49.18,1000.00,0.0,3.23,1.0,<Residue ASN het=  resseq=90 icode= >,4jqd_E_B,2.75
719,0.0,ASN, ,O,51.4,1000.00,0.0,1.88,1.0,<Residue ASN het=  resseq=90 icode= >,4jqd_E_B,2.75
720,6.315,ASN, ,CB,46.28,1000.00,0.0,1.64,1.0,<Residue ASN het=  resseq=90 icode= >,4jqd_E_B,2.75
721,2.912,ASN, ,CG,46.19,1000.00,2.507,2.77,1.0,<Residue ASN het=  resseq=90 icode= >,4jqd_E_B,2.75
722,24.841,ASN, ,OD1,48.92,1000.00,10.989,1.46,1.0,<Residue ASN het=  resseq=90 icode= >,4jqd_E_B,2.75
723,28.411,ASN, ,ND2,44.96,1000.00,24.424,1.48,1.0,<Residue ASN het=  resseq=90 icode= >,4jqd_E_B,2.75
724,0.354,PHE, ,N,50.83,1000.00,0.0,2.10,1.0,<Residue PHE het=  resseq=91 icode= >,4jqd_E_B,2.75
725,2.864,PHE, ,CA,53.55,1000.00,0.0,2.61,1.0,<Residue PHE het=  resseq=91 icode= >,4jqd_E_B,2.75
726,0.0,PHE, ,C,56.27,1000.00,0.0,2.79,1.0,<Residue PHE het=  resseq=91 icode= >,4jqd_E_B,2.75
727,1.48,PHE, ,O,59.54,1000.00,0.0,1.72,1.0,<Residue PHE het=  resseq=91 icode= >,4jqd_E_B,2.75
728,6.006,PHE, ,CB,53.29,1000.00,0.0,1.87,1.0,<Residue PHE het=  resseq=91 icode= >,4jqd_E_B,2.75
729,1.895,PHE, ,CG,55.92,1000.00,0.0,1.96,1.0,<Residue PHE het=  resseq=91 icode= >,4jqd_E_B,2.75
730,13.034,PHE, ,CD1,57.53,1000.00,0.0,1.14,1.0,<Residue PHE het=  resseq=91 icode= >,4jqd_E_B,2.75
731,28.297,PHE, ,CD2,58.4,1000.00,0.0,0.61,1.0,<Residue PHE het=  resseq=91 icode= >,4jqd_E_B,2.75
732,27.124,PHE, ,CE1,60.51,1000.00,0.0,1.32,1.0,<Residue PHE het=  resseq=91 icode= >,4jqd_E_B,2.75
733,37.073,PHE, ,CE2,60.17,1000.00,0.0,0.97,1.0,<Residue PHE het=  resseq=91 icode= >,4jqd_E_B,2.75
734,36.134,PHE, ,CZ,61.64,1000.00,0.0,1.14,1.0,<Residue PHE het=  resseq=91 icode= >,4jqd_E_B,2.75
735,0.117,TYR, ,N,57.31,1000.00,0.0,2.21,1.0,<Residue TYR het=  resseq=92 icode= >,4jqd_E_B,2.75
736,3.017,TYR, ,CA,60.67,1000.00,0.0,2.51,1.0,<Residue TYR het=  resseq=92 icode= >,4jqd_E_B,2.75
737,0.0,TYR, ,C,60.0,1000.00,0.0,2.94,1.0,<Residue TYR het=  resseq=92 icode= >,4jqd_E_B,2.75
738,0.0,TYR, ,O,63.17,1000.00,0.0,1.70,1.0,<Residue TYR het=  resseq=92 icode= >,4jqd_E_B,2.75
739,13.366,TYR, ,CB,61.58,1000.00,10.376,1.67,1.0,<Residue TYR het=  resseq=92 icode= >,4jqd_E_B,2.75
740,2.212,TYR, ,CG,66.11,1000.00,2.212,1.14,1.0,<Residue TYR het=  resseq=92 icode= >,4jqd_E_B,2.75
741,23.32,TYR, ,CD1,70.89,1000.00,12.697,0.27,1.0,<Residue TYR het=  resseq=92 icode= >,4jqd_E_B,2.75
742,9.336,TYR, ,CD2,66.14,1000.00,9.105,0.40,1.0,<Residue TYR het=  resseq=92 icode= >,4jqd_E_B,2.75
743,27.281,TYR, ,CE1,72.06,1000.00,10.843,0.77,1.0,<Residue TYR het=  resseq=92 icode= >,4jqd_E_B,2.75
744,22.639,TYR, ,CE2,68.31,1000.00,22.622,0.79,1.0,<Residue TYR het=  resseq=92 icode= >,4jqd_E_B,2.75
745,5.068,TYR, ,CZ,70.93,1000.00,5.068,0.99,1.0,<Residue TYR het=  resseq=92 icode= >,4jqd_E_B,2.75
746,35.75,TYR, ,OH,73.18,1000.00,29.263,-0.39,0.01,<Residue TYR het=  resseq=92 icode= >,4jqd_E_B,2.75
747,0.0,ILE, ,N,57.23,1000.00,0.0,2.49,1.0,<Residue ILE het=  resseq=93 icode= >,4jqd_E_B,2.75
748,0.003,ILE, ,CA,57.9,1000.00,0.003,3.08,1.0,<Residue ILE het=  resseq=93 icode= >,4jqd_E_B,2.75
749,0.0,ILE, ,C,61.09,1000.00,0.0,3.23,1.0,<Residue ILE het=  resseq=93 icode= >,4jqd_E_B,2.75
750,3.266,ILE, ,O,62.24,1000.00,1.442,1.86,1.0,<Residue ILE het=  resseq=93 icode= >,4jqd_E_B,2.75
751,0.0,ILE, ,CB,55.28,1000.00,0.0,1.83,1.0,<Residue ILE het=  resseq=93 icode= >,4jqd_E_B,2.75
752,9.347,ILE, ,CG1,53.8,1000.00,9.347,1.97,1.0,<Residue ILE het=  resseq=93 icode= >,4jqd_E_B,2.75
753,48.345,ILE, ,CG2,56.33,1000.00,46.776,0.24,1.0,<Residue ILE het=  resseq=93 icode= >,4jqd_E_B,2.75
754,40.021,ILE, ,CD1,54.03,1000.00,39.966,1.03,1.0,<Residue ILE het=  resseq=93 icode= >,4jqd_E_B,2.75
755,0.0,ARG, ,N,64.24,1000.00,0.0,2.66,1.0,<Residue ARG het=  resseq=94 icode= >,4jqd_E_B,2.75
756,6.056,ARG, ,CA,70.93,1000.00,1.046,2.22,1.0,<Residue ARG het=  resseq=94 icode= >,4jqd_E_B,2.75
757,1.265,ARG, ,C,79.47,1000.00,0.0,2.35,1.0,<Residue ARG het=  resseq=94 icode= >,4jqd_E_B,2.75
758,12.529,ARG, ,O,79.06,1000.00,0.0,1.09,1.0,<Residue ARG het=  resseq=94 icode= >,4jqd_E_B,2.75
759,15.964,ARG, ,CB,69.94,1000.00,0.0,0.55,1.0,<Residue ARG het=  resseq=94 icode= >,4jqd_E_B,2.75
760,17.975,ARG, ,CG,67.51,1000.00,4.852,0.01,0.01,<Residue ARG het=  resseq=94 icode= >,4jqd_E_B,2.75
761,18.883,ARG, ,CD,68.02,1000.00,0.0,0.07,0.01,<Residue ARG het=  resseq=94 icode= >,4jqd_E_B,2.75
762,10.913,ARG, ,NE,66.26,1000.00,0.0,0.00,0.01,<Residue ARG het=  resseq=94 icode= >,4jqd_E_B,2.75
763,4.896,ARG, ,CZ,66.77,1000.00,0.0,-0.81,0.01,<Residue ARG het=  resseq=94 icode= >,4jqd_E_B,2.75
764,50.664,ARG, ,NH1,68.83,1000.00,0.0,-1.11,0.01,<Residue ARG het=  resseq=94 icode= >,4jqd_E_B,2.75
765,52.23,ARG, ,NH2,65.49,1000.00,5.651,-0.62,0.01,<Residue ARG het=  resseq=94 icode= >,4jqd_E_B,2.75
766,0.528,LYS, ,N,52.47,1000.00,0.0,2.21,1.0,<Residue LYS het=  resseq=95 icode= >,4jqd_E_B,2.75
767,6.486,LYS, ,CA,63.36,1000.00,0.0,2.16,1.0,<Residue LYS het=  resseq=95 icode= >,4jqd_E_B,2.75
768,0.01,LYS, ,C,70.27,1000.00,0.0,2.68,1.0,<Residue LYS het=  resseq=95 icode= >,4jqd_E_B,2.75
769,16.947,LYS, ,O,73.59,1000.00,0.0,1.24,1.0,<Residue LYS het=  resseq=95 icode= >,4jqd_E_B,2.75
770,2.173,LYS, ,CB,62.07,1000.00,0.0,0.84,1.0,<Residue LYS het=  resseq=95 icode= >,4jqd_E_B,2.75
771,18.301,LYS, ,CG,62.32,1000.00,0.0,-0.20,0.01,<Residue LYS het=  resseq=95 icode= >,4jqd_E_B,2.75
772,19.425,LYS, ,CD,62.16,1000.00,0.0,-1.01,0.01,<Residue LYS het=  resseq=95 icode= >,4jqd_E_B,2.75
773,42.863,LYS, ,CE,61.87,1000.00,0.0,-0.32,0.01,<Residue LYS het=  resseq=95 icode= >,4jqd_E_B,2.75
774,49.313,LYS, ,NZ,61.53,1000.00,0.0,0.41,0.01,<Residue LYS het=  resseq=95 icode= >,4jqd_E_B,2.75
775,0.0,LYS, ,N,74.92,1000.00,0.0,2.06,1.0,<Residue LYS het=  resseq=96 icode= >,4jqd_E_B,2.75
776,6.212,LYS, ,CA,80.8,1000.00,0.0,1.75,1.0,<Residue LYS het=  resseq=96 icode= >,4jqd_E_B,2.75
777,3.798,LYS, ,C,95.04,1000.00,0.237,0.96,1.0,<Residue LYS het=  resseq=96 icode= >,4jqd_E_B,2.75
778,21.104,LYS, ,O,84.57,1000.00,0.986,1.15,1.0,<Residue LYS het=  resseq=96 icode= >,4jqd_E_B,2.75
779,19.003,LYS, ,CB,68.94,1000.00,13.481,1.66,1.0,<Residue LYS het=  resseq=96 icode= >,4jqd_E_B,2.75
780,28.131,LYS, ,CG,66.5,1000.00,12.72,1.04,1.0,<Residue LYS het=  resseq=96 icode= >,4jqd_E_B,2.75
781,1.595,LYS, ,CD,61.88,1000.00,1.57,1.73,1.0,<Residue LYS het=  resseq=96 icode= >,4jqd_E_B,2.75
782,14.426,LYS, ,CE,59.1,1000.00,13.501,1.27,1.0,<Residue LYS het=  resseq=96 icode= >,4jqd_E_B,2.75
783,39.834,LYS, ,NZ,52.8,1000.00,7.433,1.03,1.0,<Residue LYS het=  resseq=96 icode= >,4jqd_E_B,2.75
784,0.0,ALA, ,N,110.03,1000.00,0.0,0.48,1.0,<Residue ALA het=  resseq=97 icode= >,4jqd_E_B,2.75
785,6.667,ALA, ,CA,106.9,1000.00,0.0,0.81,1.0,<Residue ALA het=  resseq=97 icode= >,4jqd_E_B,2.75
786,22.614,ALA, ,C,98.19,1000.00,0.0,0.76,1.0,<Residue ALA het=  resseq=97 icode= >,4jqd_E_B,2.75
787,40.469,ALA, ,O,85.21,1000.00,11.362,0.56,1.0,<Residue ALA het=  resseq=97 icode= >,4jqd_E_B,2.75
788,64.856,ALA, ,CB,95.69,1000.00,0.0,0.88,1.0,<Residue ALA het=  resseq=97 icode= >,4jqd_E_B,2.75
