,ASA,aa,altloc,atom,bfac,d2r,dASA,dens,occ,residue,id,resolu
0,37.331,GLU, ,N,58.99,15.19,0.0,2.87,1.0,<Residue GLU het=  resseq=9 icode= >,4lb5_A_A,2.0
1,0.541,GLU, ,CA,64.48,15.82,0.0,1.80,1.0,<Residue GLU het=  resseq=9 icode= >,4lb5_A_A,2.0
2,0.0,GLU, ,C,64.99,15.15,0.0,1.91,1.0,<Residue GLU het=  resseq=9 icode= >,4lb5_A_A,2.0
3,0.0,GLU, ,O,55.77,15.85,0.0,2.41,1.0,<Residue GLU het=  resseq=9 icode= >,4lb5_A_A,2.0
4,23.698,GLU, ,CB,66.41,15.97,0.0,1.62,1.0,<Residue GLU het=  resseq=9 icode= >,4lb5_A_A,2.0
5,31.655,GLU, ,CG,82.46,17.37,0.0,0.42,1.0,<Residue GLU het=  resseq=9 icode= >,4lb5_A_A,2.0
6,8.173,GLU, ,CD,87.75,17.62,0.0,1.38,1.0,<Residue GLU het=  resseq=9 icode= >,4lb5_A_A,2.0
7,7.779,GLU, ,OE1,84.47,16.70,0.0,1.17,1.0,<Residue GLU het=  resseq=9 icode= >,4lb5_A_A,2.0
8,34.268,GLU, ,OE2,93.38,18.83,0.0,1.25,1.0,<Residue GLU het=  resseq=9 icode= >,4lb5_A_A,2.0
9,1.563,ILE, ,N,58.49,13.87,0.0,1.39,1.0,<Residue ILE het=  resseq=10 icode= >,4lb5_A_A,2.0
10,0.0,ILE, ,CA,52.16,13.22,0.0,1.93,1.0,<Residue ILE het=  resseq=10 icode= >,4lb5_A_A,2.0
11,0.0,ILE, ,C,49.28,13.40,0.0,3.84,1.0,<Residue ILE het=  resseq=10 icode= >,4lb5_A_A,2.0
12,0.0,ILE, ,O,48.76,13.82,0.0,3.04,1.0,<Residue ILE het=  resseq=10 icode= >,4lb5_A_A,2.0
13,1.355,ILE, ,CB,62.28,11.77,0.0,1.30,1.0,<Residue ILE het=  resseq=10 icode= >,4lb5_A_A,2.0
14,15.223,ILE, ,CG1,54.77,11.90,0.0,0.91,1.0,<Residue ILE het=  resseq=10 icode= >,4lb5_A_A,2.0
15,0.0,ILE, ,CG2,59.01,11.16,0.0,0.41,1.0,<Residue ILE het=  resseq=10 icode= >,4lb5_A_A,2.0
16,30.603,ILE, ,CD1,57.99,10.68,0.0,0.10,1.0,<Residue ILE het=  resseq=10 icode= >,4lb5_A_A,2.0
17,0.519,GLU, ,N,55.82,13.30,0.0,3.02,1.0,<Residue GLU het=  resseq=11 icode= >,4lb5_A_A,2.0
18,0.0,GLU, ,CA,53.6,13.65,0.0,2.60,1.0,<Residue GLU het=  resseq=11 icode= >,4lb5_A_A,2.0
19,0.92,GLU, ,C,52.63,15.05,0.0,2.32,1.0,<Residue GLU het=  resseq=11 icode= >,4lb5_A_A,2.0
20,0.0,GLU, ,O,52.08,15.28,0.0,2.38,1.0,<Residue GLU het=  resseq=11 icode= >,4lb5_A_A,2.0
21,10.839,GLU, ,CB,55.96,13.45,0.0,2.36,1.0,<Residue GLU het=  resseq=11 icode= >,4lb5_A_A,2.0
22,2.209,GLU, ,CG,55.23,12.01,0.0,1.91,1.0,<Residue GLU het=  resseq=11 icode= >,4lb5_A_A,2.0
23,6.717,GLU, ,CD,57.38,11.69,0.0,2.19,1.0,<Residue GLU het=  resseq=11 icode= >,4lb5_A_A,2.0
24,25.002,GLU, ,OE1,60.13,12.69,0.0,1.68,1.0,<Residue GLU het=  resseq=11 icode= >,4lb5_A_A,2.0
25,7.74,GLU, ,OE2,60.36,10.51,0.0,1.33,1.0,<Residue GLU het=  resseq=11 icode= >,4lb5_A_A,2.0
26,1.741,MET, ,N,51.99,15.95,0.0,1.96,1.0,<Residue MET het=  resseq=12 icode= >,4lb5_A_A,2.0
27,7.244,MET, ,CA,52.29,17.35,0.0,2.59,1.0,<Residue MET het=  resseq=12 icode= >,4lb5_A_A,2.0
28,0.018,MET, ,C,53.06,17.49,0.0,4.57,1.0,<Residue MET het=  resseq=12 icode= >,4lb5_A_A,2.0
29,0.79,MET, ,O,53.39,18.05,0.0,2.89,1.0,<Residue MET het=  resseq=12 icode= >,4lb5_A_A,2.0
30,3.739,MET, ,CB,55.7,18.12,0.0,0.95,1.0,<Residue MET het=  resseq=12 icode= >,4lb5_A_A,2.0
31,27.767,MET, ,CG,68.82,19.61,0.0,0.46,1.0,<Residue MET het=  resseq=12 icode= >,4lb5_A_A,2.0
32,39.599,MET, ,SD,66.78,20.44,0.0,2.78,1.0,<Residue MET het=  resseq=12 icode= >,4lb5_A_A,2.0
33,48.164,MET, ,CE,66.0,19.74,0.0,1.45,1.0,<Residue MET het=  resseq=12 icode= >,4lb5_A_A,2.0
34,0.0,ARG, ,N,53.84,16.93,0.0,3.61,1.0,<Residue ARG het=  resseq=13 icode= >,4lb5_A_A,2.0
35,3.633,ARG, ,CA,55.48,17.15,0.0,3.03,1.0,<Residue ARG het=  resseq=13 icode= >,4lb5_A_A,2.0
36,0.0,ARG, ,C,52.7,16.34,0.0,3.58,1.0,<Residue ARG het=  resseq=13 icode= >,4lb5_A_A,2.0
37,0.821,ARG, ,O,54.2,16.66,0.0,3.07,1.0,<Residue ARG het=  resseq=13 icode= >,4lb5_A_A,2.0
38,1.223,ARG, ,CB,57.39,16.77,0.0,2.09,1.0,<Residue ARG het=  resseq=13 icode= >,4lb5_A_A,2.0
39,13.176,ARG, ,CG,62.17,17.37,0.0,1.82,1.0,<Residue ARG het=  resseq=13 icode= >,4lb5_A_A,2.0
40,11.148,ARG, ,CD,63.74,17.09,0.0,2.29,1.0,<Residue ARG het=  resseq=13 icode= >,4lb5_A_A,2.0
41,10.807,ARG, ,NE,73.79,17.61,0.0,2.41,1.0,<Residue ARG het=  resseq=13 icode= >,4lb5_A_A,2.0
42,4.356,ARG, ,CZ,73.26,17.00,0.0,2.49,1.0,<Residue ARG het=  resseq=13 icode= >,4lb5_A_A,2.0
43,18.375,ARG, ,NH1,66.22,16.32,0.0,1.22,1.0,<Residue ARG het=  resseq=13 icode= >,4lb5_A_A,2.0
44,24.899,ARG, ,NH2,80.15,17.15,0.0,0.94,1.0,<Residue ARG het=  resseq=13 icode= >,4lb5_A_A,2.0
45,0.0,ILE, ,N,49.22,15.21,0.0,2.54,1.0,<Residue ILE het=  resseq=14 icode= >,4lb5_A_A,2.0
46,0.0,ILE, ,CA,46.73,14.44,0.0,2.10,1.0,<Residue ILE het=  resseq=14 icode= >,4lb5_A_A,2.0
47,0.0,ILE, ,C,53.6,14.99,0.0,3.41,1.0,<Residue ILE het=  resseq=14 icode= >,4lb5_A_A,2.0
48,0.0,ILE, ,O,53.37,14.88,0.0,2.34,1.0,<Residue ILE het=  resseq=14 icode= >,4lb5_A_A,2.0
49,0.0,ILE, ,CB,43.73,13.02,0.0,2.03,1.0,<Residue ILE het=  resseq=14 icode= >,4lb5_A_A,2.0
50,0.0,ILE, ,CG1,44.15,12.25,0.0,1.26,1.0,<Residue ILE het=  resseq=14 icode= >,4lb5_A_A,2.0
51,0.0,ILE, ,CG2,41.59,12.27,0.0,1.07,1.0,<Residue ILE het=  resseq=14 icode= >,4lb5_A_A,2.0
52,0.0,ILE, ,CD1,42.11,10.89,0.0,1.36,1.0,<Residue ILE het=  resseq=14 icode= >,4lb5_A_A,2.0
53,0.0,CYS, ,N,46.57,15.62,0.0,3.86,1.0,<Residue CYS het=  resseq=15 icode= >,4lb5_A_A,2.0
54,0.0,CYS, ,CA,48.72,16.23,0.0,3.50,1.0,<Residue CYS het=  resseq=15 icode= >,4lb5_A_A,2.0
55,0.0,CYS, ,C,51.88,17.27,0.0,3.33,1.0,<Residue CYS het=  resseq=15 icode= >,4lb5_A_A,2.0
56,0.0,CYS, ,O,53.32,17.54,0.0,2.04,1.0,<Residue CYS het=  resseq=15 icode= >,4lb5_A_A,2.0
57,5.298,CYS, ,CB,47.76,16.97,0.0,2.36,1.0,<Residue CYS het=  resseq=15 icode= >,4lb5_A_A,2.0
58,5.957,CYS, ,SG,48.86,15.74,0.0,5.37,1.0,<Residue CYS het=  resseq=15 icode= >,4lb5_A_A,2.0
59,0.0,ASP, ,N,53.04,17.96,0.0,2.35,1.0,<Residue ASP het=  resseq=16 icode= >,4lb5_A_A,2.0
60,0.0,ASP, ,CA,58.85,19.04,0.0,2.45,1.0,<Residue ASP het=  resseq=16 icode= >,4lb5_A_A,2.0
61,0.0,ASP, ,C,58.36,18.59,0.0,3.61,1.0,<Residue ASP het=  resseq=16 icode= >,4lb5_A_A,2.0
62,0.0,ASP, ,O,65.04,19.30,0.0,2.14,1.0,<Residue ASP het=  resseq=16 icode= >,4lb5_A_A,2.0
63,8.087,ASP, ,CB,60.29,19.95,0.0,1.64,1.0,<Residue ASP het=  resseq=16 icode= >,4lb5_A_A,2.0
64,7.996,ASP, ,CG,77.13,21.06,0.0,1.64,1.0,<Residue ASP het=  resseq=16 icode= >,4lb5_A_A,2.0
65,29.466,ASP, ,OD1,83.12,22.13,0.0,0.49,1.0,<Residue ASP het=  resseq=16 icode= >,4lb5_A_A,2.0
66,11.732,ASP, ,OD2,75.47,20.86,0.0,1.45,1.0,<Residue ASP het=  resseq=16 icode= >,4lb5_A_A,2.0
67,0.0,TYR, ,N,56.23,17.52,0.0,3.11,1.0,<Residue TYR het=  resseq=17 icode= >,4lb5_A_A,2.0
68,0.0,TYR, ,CA,57.23,17.12,0.0,3.00,1.0,<Residue TYR het=  resseq=17 icode= >,4lb5_A_A,2.0
69,0.0,TYR, ,C,55.83,16.75,0.0,3.34,1.0,<Residue TYR het=  resseq=17 icode= >,4lb5_A_A,2.0
70,0.0,TYR, ,O,58.75,17.31,0.0,2.14,1.0,<Residue TYR het=  resseq=17 icode= >,4lb5_A_A,2.0
71,0.0,TYR, ,CB,55.23,16.03,0.0,2.34,1.0,<Residue TYR het=  resseq=17 icode= >,4lb5_A_A,2.0
72,0.0,TYR, ,CG,65.98,15.83,0.0,2.83,1.0,<Residue TYR het=  resseq=17 icode= >,4lb5_A_A,2.0
73,0.0,TYR, ,CD1,73.33,16.56,0.0,1.59,1.0,<Residue TYR het=  resseq=17 icode= >,4lb5_A_A,2.0
74,0.0,TYR, ,CD2,58.39,14.88,0.0,2.13,1.0,<Residue TYR het=  resseq=17 icode= >,4lb5_A_A,2.0
75,0.474,TYR, ,CE1,72.74,16.57,0.0,1.45,1.0,<Residue TYR het=  resseq=17 icode= >,4lb5_A_A,2.0
76,0.0,TYR, ,CE2,62.05,14.89,0.0,2.08,1.0,<Residue TYR het=  resseq=17 icode= >,4lb5_A_A,2.0
77,0.0,TYR, ,CZ,67.36,15.85,0.0,2.60,1.0,<Residue TYR het=  resseq=17 icode= >,4lb5_A_A,2.0
78,17.434,TYR, ,OH,65.76,16.04,0.0,1.77,1.0,<Residue TYR het=  resseq=17 icode= >,4lb5_A_A,2.0
79,0.0,LEU, ,N,52.0,15.94,0.0,2.72,1.0,<Residue LEU het=  resseq=18 icode= >,4lb5_A_A,2.0
80,0.0,LEU, ,CA,50.96,15.71,0.0,1.95,1.0,<Residue LEU het=  resseq=18 icode= >,4lb5_A_A,2.0
81,0.0,LEU, ,C,54.11,17.05,0.0,2.61,1.0,<Residue LEU het=  resseq=18 icode= >,4lb5_A_A,2.0
82,2.489,LEU, ,O,56.83,17.38,0.0,2.01,1.0,<Residue LEU het=  resseq=18 icode= >,4lb5_A_A,2.0
83,0.0,LEU, ,CB,50.15,14.79,0.0,1.58,1.0,<Residue LEU het=  resseq=18 icode= >,4lb5_A_A,2.0
84,0.0,LEU, ,CG,51.22,13.34,0.0,2.22,1.0,<Residue LEU het=  resseq=18 icode= >,4lb5_A_A,2.0
85,0.0,LEU, ,CD1,43.84,12.54,0.0,1.66,1.0,<Residue LEU het=  resseq=18 icode= >,4lb5_A_A,2.0
86,0.0,LEU, ,CD2,44.93,12.85,0.0,1.43,1.0,<Residue LEU het=  resseq=18 icode= >,4lb5_A_A,2.0
87,0.0,ARG, ,N,55.27,17.92,0.0,2.49,1.0,<Residue ARG het=  resseq=19 icode= >,4lb5_A_A,2.0
88,3.245,ARG, ,CA,58.64,19.24,0.0,2.45,1.0,<Residue ARG het=  resseq=19 icode= >,4lb5_A_A,2.0
89,0.009,ARG, ,C,67.99,20.05,0.0,2.77,1.0,<Residue ARG het=  resseq=19 icode= >,4lb5_A_A,2.0
90,25.198,ARG, ,O,67.31,20.87,0.0,2.20,1.0,<Residue ARG het=  resseq=19 icode= >,4lb5_A_A,2.0
91,0.128,ARG, ,CB,61.97,20.07,0.0,1.82,1.0,<Residue ARG het=  resseq=19 icode= >,4lb5_A_A,2.0
92,21.98,ARG, ,CG,65.88,21.41,0.0,1.47,1.0,<Residue ARG het=  resseq=19 icode= >,4lb5_A_A,2.0
93,34.676,ARG, ,CD,70.51,22.12,0.0,1.43,1.0,<Residue ARG het=  resseq=19 icode= >,4lb5_A_A,2.0
94,12.481,ARG, ,NE,65.26,21.49,0.0,2.11,1.0,<Residue ARG het=  resseq=19 icode= >,4lb5_A_A,2.0
95,4.468,ARG, ,CZ,64.66,21.01,0.0,2.20,1.0,<Residue ARG het=  resseq=19 icode= >,4lb5_A_A,2.0
96,20.908,ARG, ,NH1,63.63,21.07,0.0,1.83,1.0,<Residue ARG het=  resseq=19 icode= >,4lb5_A_A,2.0
97,36.17,ARG, ,NH2,65.43,20.56,0.0,1.82,1.0,<Residue ARG het=  resseq=19 icode= >,4lb5_A_A,2.0
98,0.0,ARG, ,N,68.11,1000.00,0.0,2.48,1.0,<Residue ARG het=  resseq=20 icode= >,4lb5_A_A,2.0
99,5.444,ARG, ,CA,69.93,1000.00,0.0,3.28,1.0,<Residue ARG het=  resseq=20 icode= >,4lb5_A_A,2.0
100,0.456,ARG, ,C,70.28,1000.00,0.0,3.15,1.0,<Residue ARG het=  resseq=20 icode= >,4lb5_A_A,2.0
101,31.574,ARG, ,O,74.67,1000.00,0.0,2.00,1.0,<Residue ARG het=  resseq=20 icode= >,4lb5_A_A,2.0
102,5.155,ARG, ,CB,76.99,1000.00,0.0,1.42,1.0,<Residue ARG het=  resseq=20 icode= >,4lb5_A_A,2.0
103,20.053,ARG, ,CG,82.8,1000.00,0.0,0.72,1.0,<Residue ARG het=  resseq=20 icode= >,4lb5_A_A,2.0
104,32.684,ARG, ,CD,89.86,1000.00,0.0,0.88,1.0,<Residue ARG het=  resseq=20 icode= >,4lb5_A_A,2.0
105,2.629,ARG, ,NE,94.76,1000.00,0.0,0.76,1.0,<Residue ARG het=  resseq=20 icode= >,4lb5_A_A,2.0
106,4.441,ARG, ,CZ,101.67,1000.00,0.0,0.71,1.0,<Residue ARG het=  resseq=20 icode= >,4lb5_A_A,2.0
107,24.666,ARG, ,NH1,107.4,1000.00,0.0,0.27,1.0,<Residue ARG het=  resseq=20 icode= >,4lb5_A_A,2.0
108,17.823,ARG, ,NH2,99.71,1000.00,0.0,0.29,1.0,<Residue ARG het=  resseq=20 icode= >,4lb5_A_A,2.0
109,0.0,HIS, ,N,66.11,1000.00,0.0,2.77,1.0,<Residue HIS het=  resseq=21 icode= >,4lb5_A_A,2.0
110,5.087,HIS, ,CA,70.28,1000.00,0.0,2.94,1.0,<Residue HIS het=  resseq=21 icode= >,4lb5_A_A,2.0
111,3.247,HIS, ,C,66.22,1000.00,0.0,3.53,1.0,<Residue HIS het=  resseq=21 icode= >,4lb5_A_A,2.0
112,23.291,HIS, ,O,64.88,1000.00,0.0,2.26,1.0,<Residue HIS het=  resseq=21 icode= >,4lb5_A_A,2.0
113,5.768,HIS, ,CB,72.08,1000.00,0.0,1.77,1.0,<Residue HIS het=  resseq=21 icode= >,4lb5_A_A,2.0
114,0.0,HIS, ,CG,83.38,1000.00,0.0,1.46,1.0,<Residue HIS het=  resseq=21 icode= >,4lb5_A_A,2.0
115,21.01,HIS, ,ND1,92.77,1000.00,0.0,1.11,1.0,<Residue HIS het=  resseq=21 icode= >,4lb5_A_A,2.0
116,0.0,HIS, ,CD2,83.93,1000.00,0.0,1.10,1.0,<Residue HIS het=  resseq=21 icode= >,4lb5_A_A,2.0
117,41.236,HIS, ,CE1,95.21,1000.00,0.0,1.30,1.0,<Residue HIS het=  resseq=21 icode= >,4lb5_A_A,2.0
118,2.686,HIS, ,NE2,87.77,1000.00,0.0,1.28,1.0,<Residue HIS het=  resseq=21 icode= >,4lb5_A_A,2.0
119,1.522,GLY, ,N,64.41,17.50,0.0,2.50,1.0,<Residue GLY het=  resseq=22 icode= >,4lb5_A_A,2.0
120,20.194,GLY, ,CA,61.77,16.95,0.0,1.78,1.0,<Residue GLY het=  resseq=22 icode= >,4lb5_A_A,2.0
121,0.0,GLY, ,C,59.27,15.55,0.0,3.17,1.0,<Residue GLY het=  resseq=22 icode= >,4lb5_A_A,2.0
122,0.0,GLY, ,O,54.28,14.76,0.0,2.47,1.0,<Residue GLY het=  resseq=22 icode= >,4lb5_A_A,2.0
123,5.074,ARG, ,N,53.91,15.33,0.0,2.22,1.0,<Residue ARG het=  resseq=23 icode= >,4lb5_A_A,2.0
124,0.0,ARG, ,CA,50.79,14.07,0.0,3.22,1.0,<Residue ARG het=  resseq=23 icode= >,4lb5_A_A,2.0
125,0.318,ARG, ,C,57.02,13.53,0.0,2.69,1.0,<Residue ARG het=  resseq=23 icode= >,4lb5_A_A,2.0
126,19.01,ARG, ,O,53.97,13.95,0.0,2.92,1.0,<Residue ARG het=  resseq=23 icode= >,4lb5_A_A,2.0
127,11.885,ARG, ,CB,59.23,14.38,0.0,2.22,1.0,<Residue ARG het=  resseq=23 icode= >,4lb5_A_A,2.0
128,3.388,ARG, ,CG,62.22,14.66,0.0,1.37,1.0,<Residue ARG het=  resseq=23 icode= >,4lb5_A_A,2.0
129,38.697,ARG, ,CD,57.33,15.38,0.0,1.64,1.0,<Residue ARG het=  resseq=23 icode= >,4lb5_A_A,2.0
130,15.368,ARG, ,NE,56.28,14.57,0.0,1.90,1.0,<Residue ARG het=  resseq=23 icode= >,4lb5_A_A,2.0
131,4.52,ARG, ,CZ,49.94,13.59,0.0,2.98,1.0,<Residue ARG het=  resseq=23 icode= >,4lb5_A_A,2.0
132,8.614,ARG, ,NH1,52.18,13.19,0.0,2.74,1.0,<Residue ARG het=  resseq=23 icode= >,4lb5_A_A,2.0
133,34.97,ARG, ,NH2,50.83,12.57,0.0,2.50,1.0,<Residue ARG het=  resseq=23 icode= >,4lb5_A_A,2.0
134,0.0,SER, ,N,47.18,12.32,0.0,2.17,1.0,<Residue SER het=  resseq=24 icode= >,4lb5_A_A,2.0
135,1.475,SER, ,CA,49.03,11.91,0.0,2.62,1.0,<Residue SER het=  resseq=24 icode= >,4lb5_A_A,2.0
136,0.0,SER, ,C,48.76,10.44,0.0,3.72,1.0,<Residue SER het=  resseq=24 icode= >,4lb5_A_A,2.0
137,0.0,SER, ,O,51.49,9.60,0.0,2.75,1.0,<Residue SER het=  resseq=24 icode= >,4lb5_A_A,2.0
138,0.0,SER, ,CB,48.2,12.38,0.0,2.20,1.0,<Residue SER het=  resseq=24 icode= >,4lb5_A_A,2.0
139,1.741,SER, ,OG,51.8,13.77,0.0,2.16,1.0,<Residue SER het=  resseq=24 icode= >,4lb5_A_A,2.0
140,0.16,THR, ,N,50.12,9.63,0.0,3.37,1.0,<Residue THR het=  resseq=25 icode= >,4lb5_A_A,2.0
141,0.0,THR, ,CA,50.39,8.28,0.0,2.39,1.0,<Residue THR het=  resseq=25 icode= >,4lb5_A_A,2.0
142,0.0,THR, ,C,50.53,8.51,0.0,2.76,1.0,<Residue THR het=  resseq=25 icode= >,4lb5_A_A,2.0
143,0.0,THR, ,O,46.15,9.57,0.0,2.80,1.0,<Residue THR het=  resseq=25 icode= >,4lb5_A_A,2.0
144,0.0,THR, ,CB,49.63,7.35,0.0,2.59,1.0,<Residue THR het=  resseq=25 icode= >,4lb5_A_A,2.0
145,2.783,THR, ,OG1,56.21,8.04,0.0,2.21,1.0,<Residue THR het=  resseq=25 icode= >,4lb5_A_A,2.0
146,21.877,THR, ,CG2,45.69,7.48,0.0,0.83,1.0,<Residue THR het=  resseq=25 icode= >,4lb5_A_A,2.0
147,0.228,VAL, ,N,42.53,7.54,0.0,2.74,1.0,<Residue VAL het=  resseq=26 icode= >,4lb5_A_A,2.0
148,0.0,VAL, ,CA,47.33,7.56,0.0,2.83,1.0,<Residue VAL het=  resseq=26 icode= >,4lb5_A_A,2.0
149,0.0,VAL, ,C,51.0,8.19,0.0,3.42,1.0,<Residue VAL het=  resseq=26 icode= >,4lb5_A_A,2.0
150,0.0,VAL, ,O,49.79,8.46,0.0,2.64,1.0,<Residue VAL het=  resseq=26 icode= >,4lb5_A_A,2.0
151,0.121,VAL, ,CB,40.78,6.22,0.0,2.87,1.0,<Residue VAL het=  resseq=26 icode= >,4lb5_A_A,2.0
152,8.119,VAL, ,CG1,44.68,5.43,2.858,1.28,1.0,<Residue VAL het=  resseq=26 icode= >,4lb5_A_A,2.0
153,0.0,VAL, ,CG2,46.09,5.80,0.0,1.59,1.0,<Residue VAL het=  resseq=26 icode= >,4lb5_A_A,2.0
154,0.0,GLN, ,N,50.7,7.76,0.0,3.29,1.0,<Residue GLN het=  resseq=27 icode= >,4lb5_A_A,2.0
155,0.0,GLN, ,CA,58.3,8.30,0.0,1.91,1.0,<Residue GLN het=  resseq=27 icode= >,4lb5_A_A,2.0
156,0.621,GLN, ,C,56.65,9.71,0.0,2.71,1.0,<Residue GLN het=  resseq=27 icode= >,4lb5_A_A,2.0
157,0.0,GLN, ,O,57.0,10.66,0.0,1.55,1.0,<Residue GLN het=  resseq=27 icode= >,4lb5_A_A,2.0
158,14.175,GLN, ,CB,62.24,7.54,0.0,1.42,1.0,<Residue GLN het=  resseq=27 icode= >,4lb5_A_A,2.0
159,18.168,GLN, ,CG,62.3,6.43,0.0,1.39,1.0,<Residue GLN het=  resseq=27 icode= >,4lb5_A_A,2.0
160,0.0,GLN, ,CD,62.12,5.15,0.0,2.11,1.0,<Residue GLN het=  resseq=27 icode= >,4lb5_A_A,2.0
161,0.0,GLN, ,OE1,63.43,5.12,0.0,1.92,1.0,<Residue GLN het=  resseq=27 icode= >,4lb5_A_A,2.0
162,16.382,GLN, ,NE2,62.72,4.41,4.485,1.35,1.0,<Residue GLN het=  resseq=27 icode= >,4lb5_A_A,2.0
163,0.17,ASP, ,N,51.03,9.98,0.0,3.06,1.0,<Residue ASP het=  resseq=28 icode= >,4lb5_A_A,2.0
164,5.86,ASP, ,CA,58.89,11.38,0.0,2.20,1.0,<Residue ASP het=  resseq=28 icode= >,4lb5_A_A,2.0
165,0.0,ASP, ,C,61.18,12.24,0.0,3.09,1.0,<Residue ASP het=  resseq=28 icode= >,4lb5_A_A,2.0
166,1.973,ASP, ,O,60.95,13.21,0.0,2.26,1.0,<Residue ASP het=  resseq=28 icode= >,4lb5_A_A,2.0
167,0.48,ASP, ,CB,58.04,11.68,0.0,2.33,1.0,<Residue ASP het=  resseq=28 icode= >,4lb5_A_A,2.0
168,7.401,ASP, ,CG,60.8,11.37,0.0,2.94,1.0,<Residue ASP het=  resseq=28 icode= >,4lb5_A_A,2.0
169,33.67,ASP, ,OD1,66.27,11.45,0.0,1.95,1.0,<Residue ASP het=  resseq=28 icode= >,4lb5_A_A,2.0
170,15.616,ASP, ,OD2,57.45,11.26,0.0,2.22,1.0,<Residue ASP het=  resseq=28 icode= >,4lb5_A_A,2.0
171,0.0,ILE, ,N,55.66,11.62,0.0,2.41,1.0,<Residue ILE het=  resseq=29 icode= >,4lb5_A_A,2.0
172,0.0,ILE, ,CA,54.62,11.71,0.0,3.14,1.0,<Residue ILE het=  resseq=29 icode= >,4lb5_A_A,2.0
173,0.0,ILE, ,C,55.72,11.39,0.0,2.99,1.0,<Residue ILE het=  resseq=29 icode= >,4lb5_A_A,2.0
174,0.0,ILE, ,O,55.16,12.30,0.0,1.83,1.0,<Residue ILE het=  resseq=29 icode= >,4lb5_A_A,2.0
175,0.0,ILE, ,CB,52.87,11.03,0.0,2.79,1.0,<Residue ILE het=  resseq=29 icode= >,4lb5_A_A,2.0
176,0.0,ILE, ,CG1,45.21,11.33,0.0,2.85,1.0,<Residue ILE het=  resseq=29 icode= >,4lb5_A_A,2.0
177,0.0,ILE, ,CG2,46.5,11.36,0.0,1.51,1.0,<Residue ILE het=  resseq=29 icode= >,4lb5_A_A,2.0
178,0.0,ILE, ,CD1,43.23,10.21,0.0,1.59,1.0,<Residue ILE het=  resseq=29 icode= >,4lb5_A_A,2.0
179,0.0,PHE, ,N,57.47,10.23,0.0,2.28,1.0,<Residue PHE het=  resseq=30 icode= >,4lb5_A_A,2.0
180,0.0,PHE, ,CA,60.07,10.11,0.0,1.63,1.0,<Residue PHE het=  resseq=30 icode= >,4lb5_A_A,2.0
181,0.0,PHE, ,C,57.71,11.22,0.0,2.57,1.0,<Residue PHE het=  resseq=30 icode= >,4lb5_A_A,2.0
182,1.115,PHE, ,O,60.9,11.88,0.0,2.12,1.0,<Residue PHE het=  resseq=30 icode= >,4lb5_A_A,2.0
183,0.0,PHE, ,CB,50.16,8.72,0.0,1.81,1.0,<Residue PHE het=  resseq=30 icode= >,4lb5_A_A,2.0
184,0.0,PHE, ,CG,55.52,8.37,0.0,2.29,1.0,<Residue PHE het=  resseq=30 icode= >,4lb5_A_A,2.0
185,4.64,PHE, ,CD1,65.31,9.18,0.0,0.86,1.0,<Residue PHE het=  resseq=30 icode= >,4lb5_A_A,2.0
186,0.0,PHE, ,CD2,51.32,7.44,0.0,1.51,1.0,<Residue PHE het=  resseq=30 icode= >,4lb5_A_A,2.0
187,23.59,PHE, ,CE1,65.77,9.19,0.0,0.57,1.0,<Residue PHE het=  resseq=30 icode= >,4lb5_A_A,2.0
188,0.0,PHE, ,CE2,53.73,7.45,0.0,1.56,1.0,<Residue PHE het=  resseq=30 icode= >,4lb5_A_A,2.0
189,20.826,PHE, ,CZ,58.39,8.37,0.0,1.09,1.0,<Residue PHE het=  resseq=30 icode= >,4lb5_A_A,2.0
190,0.0,LYS, ,N,59.13,11.62,0.0,2.68,1.0,<Residue LYS het=  resseq=31 icode= >,4lb5_A_A,2.0
191,6.195,LYS, ,CA,64.85,12.80,0.0,2.29,1.0,<Residue LYS het=  resseq=31 icode= >,4lb5_A_A,2.0
192,1.222,LYS, ,C,73.44,14.02,0.0,1.53,1.0,<Residue LYS het=  resseq=31 icode= >,4lb5_A_A,2.0
193,21.43,LYS, ,O,73.53,14.83,0.0,1.17,1.0,<Residue LYS het=  resseq=31 icode= >,4lb5_A_A,2.0
194,19.718,LYS, ,CB,65.94,13.19,0.0,1.42,1.0,<Residue LYS het=  resseq=31 icode= >,4lb5_A_A,2.0
195,43.258,LYS, ,CG,64.52,12.42,0.0,0.69,1.0,<Residue LYS het=  resseq=31 icode= >,4lb5_A_A,2.0
196,0.089,GLU, ,N,66.91,14.26,0.0,1.83,1.0,<Residue GLU het=  resseq=32 icode= >,4lb5_A_A,2.0
197,5.486,GLU, ,CA,72.31,15.49,0.0,2.17,1.0,<Residue GLU het=  resseq=32 icode= >,4lb5_A_A,2.0
198,0.0,GLU, ,C,73.86,15.55,0.0,2.76,1.0,<Residue GLU het=  resseq=32 icode= >,4lb5_A_A,2.0
199,17.972,GLU, ,O,75.24,16.58,0.0,1.71,1.0,<Residue GLU het=  resseq=32 icode= >,4lb5_A_A,2.0
200,2.778,GLU, ,CB,68.88,15.86,0.0,1.07,1.0,<Residue GLU het=  resseq=32 icode= >,4lb5_A_A,2.0
201,2.547,GLU, ,CG,78.36,17.17,0.0,0.18,1.0,<Residue GLU het=  resseq=32 icode= >,4lb5_A_A,2.0
202,7.959,GLU, ,CD,87.2,18.37,0.0,0.92,1.0,<Residue GLU het=  resseq=32 icode= >,4lb5_A_A,2.0
203,34.471,GLU, ,OE1,89.98,18.45,0.0,0.66,1.0,<Residue GLU het=  resseq=32 icode= >,4lb5_A_A,2.0
204,38.521,GLU, ,OE2,84.4,19.31,0.0,0.55,1.0,<Residue GLU het=  resseq=32 icode= >,4lb5_A_A,2.0
205,0.0,LEU, ,N,65.22,14.53,0.0,2.54,1.0,<Residue LEU het=  resseq=33 icode= >,4lb5_A_A,2.0
206,0.0,LEU, ,CA,65.05,14.74,0.0,2.24,1.0,<Residue LEU het=  resseq=33 icode= >,4lb5_A_A,2.0
207,0.747,LEU, ,C,67.51,14.67,0.0,2.55,1.0,<Residue LEU het=  resseq=33 icode= >,4lb5_A_A,2.0
208,3.076,LEU, ,O,68.78,15.16,0.0,2.15,1.0,<Residue LEU het=  resseq=33 icode= >,4lb5_A_A,2.0
209,0.0,LEU, ,CB,59.62,13.91,0.0,1.58,1.0,<Residue LEU het=  resseq=33 icode= >,4lb5_A_A,2.0
210,0.0,LEU, ,CG,57.63,14.28,0.0,2.20,1.0,<Residue LEU het=  resseq=33 icode= >,4lb5_A_A,2.0
211,0.0,LEU, ,CD1,56.99,13.73,0.0,1.40,1.0,<Residue LEU het=  resseq=33 icode= >,4lb5_A_A,2.0
212,10.529,LEU, ,CD2,61.62,15.79,0.0,1.04,1.0,<Residue LEU het=  resseq=33 icode= >,4lb5_A_A,2.0
213,0.0,LYS, ,N,68.6,14.25,0.0,2.09,1.0,<Residue LYS het=  resseq=34 icode= >,4lb5_A_A,2.0
214,8.787,LYS, ,CA,71.17,14.25,0.0,1.71,1.0,<Residue LYS het=  resseq=34 icode= >,4lb5_A_A,2.0
215,4.54,LYS, ,C,67.48,13.39,0.0,2.06,1.0,<Residue LYS het=  resseq=34 icode= >,4lb5_A_A,2.0
216,18.21,LYS, ,O,69.72,13.98,0.0,1.60,1.0,<Residue LYS het=  resseq=34 icode= >,4lb5_A_A,2.0
217,58.093,LYS, ,CB,77.76,15.71,0.0,0.88,1.0,<Residue LYS het=  resseq=34 icode= >,4lb5_A_A,2.0
218,0.85,LEU, ,N,62.9,12.09,0.0,1.60,1.0,<Residue LEU het=  resseq=35 icode= >,4lb5_A_A,2.0
219,4.153,LEU, ,CA,64.54,11.25,0.0,1.77,1.0,<Residue LEU het=  resseq=35 icode= >,4lb5_A_A,2.0
220,4.245,LEU, ,C,56.94,9.97,0.0,3.10,1.0,<Residue LEU het=  resseq=35 icode= >,4lb5_A_A,2.0
221,4.833,LEU, ,O,56.44,9.62,0.0,2.48,1.0,<Residue LEU het=  resseq=35 icode= >,4lb5_A_A,2.0
222,0.0,LEU, ,CB,61.5,11.07,0.0,1.67,1.0,<Residue LEU het=  resseq=35 icode= >,4lb5_A_A,2.0
223,0.0,LEU, ,CG,66.26,12.41,0.0,1.58,1.0,<Residue LEU het=  resseq=35 icode= >,4lb5_A_A,2.0
224,0.0,LEU, ,CD1,62.08,12.33,0.0,1.36,1.0,<Residue LEU het=  resseq=35 icode= >,4lb5_A_A,2.0
225,28.031,LEU, ,CD2,61.84,12.99,0.0,0.58,1.0,<Residue LEU het=  resseq=35 icode= >,4lb5_A_A,2.0
226,1.906,GLU, ,N,55.97,9.45,0.0,2.42,1.0,<Residue GLU het=  resseq=36 icode= >,4lb5_A_A,2.0
227,4.429,GLU, ,CA,58.02,8.28,0.0,2.12,1.0,<Residue GLU het=  resseq=36 icode= >,4lb5_A_A,2.0
228,0.0,GLU, ,C,53.6,7.01,0.0,2.81,1.0,<Residue GLU het=  resseq=36 icode= >,4lb5_A_A,2.0
229,0.0,GLU, ,O,50.76,7.03,0.0,2.96,1.0,<Residue GLU het=  resseq=36 icode= >,4lb5_A_A,2.0
230,0.343,GLU, ,CB,70.37,7.90,0.0,1.20,1.0,<Residue GLU het=  resseq=36 icode= >,4lb5_A_A,2.0
231,29.021,GLU, ,CG,86.8,9.03,6.742,1.00,1.0,<Residue GLU het=  resseq=36 icode= >,4lb5_A_A,2.0
232,11.181,GLU, ,CD,99.18,9.10,4.404,1.27,1.0,<Residue GLU het=  resseq=36 icode= >,4lb5_A_A,2.0
233,35.96,GLU, ,OE1,103.41,8.25,5.707,-0.25,1.0,<Residue GLU het=  resseq=36 icode= >,4lb5_A_A,2.0
234,39.988,GLU, ,OE2,107.95,10.18,0.0,0.17,1.0,<Residue GLU het=  resseq=36 icode= >,4lb5_A_A,2.0
235,5.815,LYS, ,N,46.47,6.15,0.0,2.81,1.0,<Residue LYS het=  resseq=37 icode= >,4lb5_A_A,2.0
236,0.0,LYS, ,CA,46.93,4.97,0.0,2.76,1.0,<Residue LYS het=  resseq=37 icode= >,4lb5_A_A,2.0
237,0.0,LYS, ,C,36.48,4.17,0.0,3.54,1.0,<Residue LYS het=  resseq=37 icode= >,4lb5_A_A,2.0
238,0.0,LYS, ,O,36.88,4.12,0.0,3.26,1.0,<Residue LYS het=  resseq=37 icode= >,4lb5_A_A,2.0
239,12.635,LYS, ,CB,44.73,4.42,0.0,1.83,1.0,<Residue LYS het=  resseq=37 icode= >,4lb5_A_A,2.0
240,0.0,LYS, ,CG,46.97,3.48,0.0,1.49,1.0,<Residue LYS het=  resseq=37 icode= >,4lb5_A_A,2.0
241,4.296,LYS, ,CD,50.88,3.95,0.0,1.85,1.0,<Residue LYS het=  resseq=37 icode= >,4lb5_A_A,2.0
242,41.86,LYS, ,CE,50.89,3.45,2.622,1.33,1.0,<Residue LYS het=  resseq=37 icode= >,4lb5_A_A,2.0
243,34.96,LYS, ,NZ,39.63,2.52,26.073,2.50,1.0,<Residue LYS het=  resseq=37 icode= >,4lb5_A_A,2.0
244,2.571,SER, ,N,36.85,4.16,0.383,3.66,1.0,<Residue SER het=  resseq=38 icode= >,4lb5_A_A,2.0
245,6.56,SER, ,CA,40.64,3.65,6.56,2.84,1.0,<Residue SER het=  resseq=38 icode= >,4lb5_A_A,2.0
246,0.0,SER, ,C,37.48,4.36,0.0,4.39,1.0,<Residue SER het=  resseq=38 icode= >,4lb5_A_A,2.0
247,2.362,SER, ,O,38.09,4.04,2.362,3.35,1.0,<Residue SER het=  resseq=38 icode= >,4lb5_A_A,2.0
248,45.699,SER, ,CB,36.82,3.43,21.742,1.81,1.0,<Residue SER het=  resseq=38 icode= >,4lb5_A_A,2.0
249,17.786,SER, ,OG,51.94,4.73,0.0,1.29,1.0,<Residue SER het=  resseq=38 icode= >,4lb5_A_A,2.0
250,0.0,THR, ,N,37.07,5.66,0.0,2.69,1.0,<Residue THR het=  resseq=39 icode= >,4lb5_A_A,2.0
251,0.0,THR, ,CA,40.89,6.32,0.0,2.39,1.0,<Residue THR het=  resseq=39 icode= >,4lb5_A_A,2.0
252,0.0,THR, ,C,41.71,6.71,0.0,4.16,1.0,<Residue THR het=  resseq=39 icode= >,4lb5_A_A,2.0
253,0.0,THR, ,O,36.97,6.53,0.0,3.64,1.0,<Residue THR het=  resseq=39 icode= >,4lb5_A_A,2.0
254,0.355,THR, ,CB,40.69,7.44,0.0,2.50,1.0,<Residue THR het=  resseq=39 icode= >,4lb5_A_A,2.0
255,15.062,THR, ,OG1,45.21,7.23,0.0,2.12,1.0,<Residue THR het=  resseq=39 icode= >,4lb5_A_A,2.0
256,5.644,THR, ,CG2,41.81,7.97,0.0,1.21,1.0,<Residue THR het=  resseq=39 icode= >,4lb5_A_A,2.0
257,0.0,VAL, ,N,41.71,6.78,0.0,3.56,1.0,<Residue VAL het=  resseq=40 icode= >,4lb5_A_A,2.0
258,0.0,VAL, ,CA,35.71,7.25,0.0,3.09,1.0,<Residue VAL het=  resseq=40 icode= >,4lb5_A_A,2.0
259,0.0,VAL, ,C,40.59,6.42,0.0,4.42,1.0,<Residue VAL het=  resseq=40 icode= >,4lb5_A_A,2.0
260,0.0,VAL, ,O,33.61,6.95,0.0,4.64,1.0,<Residue VAL het=  resseq=40 icode= >,4lb5_A_A,2.0
261,0.0,VAL, ,CB,40.56,7.54,0.0,2.74,1.0,<Residue VAL het=  resseq=40 icode= >,4lb5_A_A,2.0
262,0.0,VAL, ,CG1,37.49,8.20,0.0,1.59,1.0,<Residue VAL het=  resseq=40 icode= >,4lb5_A_A,2.0
263,0.0,VAL, ,CG2,40.11,8.61,0.0,1.77,1.0,<Residue VAL het=  resseq=40 icode= >,4lb5_A_A,2.0
264,0.0,ASN, ,N,33.08,5.14,0.0,2.96,1.0,<Residue ASN het=  resseq=41 icode= >,4lb5_A_A,2.0
265,0.0,ASN, ,CA,33.79,4.51,0.0,3.01,1.0,<Residue ASN het=  resseq=41 icode= >,4lb5_A_A,2.0
266,0.518,ASN, ,C,34.83,4.05,0.518,4.44,1.0,<Residue ASN het=  resseq=41 icode= >,4lb5_A_A,2.0
267,0.0,ASN, ,O,35.89,4.17,0.0,4.13,1.0,<Residue ASN het=  resseq=41 icode= >,4lb5_A_A,2.0
268,11.145,ASN, ,CB,31.7,3.27,11.145,2.51,1.0,<Residue ASN het=  resseq=41 icode= >,4lb5_A_A,2.0
269,0.119,ASN, ,CG,32.62,3.75,0.119,3.99,1.0,<Residue ASN het=  resseq=41 icode= >,4lb5_A_A,2.0
270,1.289,ASN, ,OD1,35.18,3.94,0.752,3.70,1.0,<Residue ASN het=  resseq=41 icode= >,4lb5_A_A,2.0
271,23.407,ASN, ,ND2,33.21,2.77,23.314,2.39,1.0,<Residue ASN het=  resseq=41 icode= >,4lb5_A_A,2.0
272,0.641,ARG, ,N,34.53,3.96,0.641,4.00,1.0,<Residue ARG het=  resseq=42 icode= >,4lb5_A_A,2.0
273,9.14,ARG, ,CA,36.36,3.96,9.05,3.84,1.0,<Residue ARG het=  resseq=42 icode= >,4lb5_A_A,2.0
274,0.0,ARG, ,C,33.9,5.38,0.0,4.82,1.0,<Residue ARG het=  resseq=42 icode= >,4lb5_A_A,2.0
275,2.593,ARG, ,O,36.31,5.42,0.0,4.27,1.0,<Residue ARG het=  resseq=42 icode= >,4lb5_A_A,2.0
276,6.502,ARG, ,CB,39.92,3.53,6.502,2.87,1.0,<Residue ARG het=  resseq=42 icode= >,4lb5_A_A,2.0
277,20.799,ARG, ,CG,42.89,3.82,7.674,2.27,1.0,<Residue ARG het=  resseq=42 icode= >,4lb5_A_A,2.0
278,37.533,ARG, ,CD,44.71,3.27,20.342,1.61,1.0,<Residue ARG het=  resseq=42 icode= >,4lb5_A_A,2.0
279,9.099,ARG, ,NE,40.46,4.06,6.012,3.27,1.0,<Residue ARG het=  resseq=42 icode= >,4lb5_A_A,2.0
280,3.969,ARG, ,CZ,48.28,3.98,3.969,3.45,1.0,<Residue ARG het=  resseq=42 icode= >,4lb5_A_A,2.0
281,27.615,ARG, ,NH1,46.35,3.03,25.252,1.96,1.0,<Residue ARG het=  resseq=42 icode= >,4lb5_A_A,2.0
282,25.862,ARG, ,NH2,47.24,5.22,18.99,2.13,1.0,<Residue ARG het=  resseq=42 icode= >,4lb5_A_A,2.0
283,0.0,HIS, ,N,33.86,6.35,0.0,3.43,1.0,<Residue HIS het=  resseq=43 icode= >,4lb5_A_A,2.0
284,0.049,HIS, ,CA,36.24,7.71,0.0,2.86,1.0,<Residue HIS het=  resseq=43 icode= >,4lb5_A_A,2.0
285,0.0,HIS, ,C,40.81,7.86,0.0,4.30,1.0,<Residue HIS het=  resseq=43 icode= >,4lb5_A_A,2.0
286,0.0,HIS, ,O,39.15,8.58,0.0,3.27,1.0,<Residue HIS het=  resseq=43 icode= >,4lb5_A_A,2.0
287,0.0,HIS, ,CB,38.7,8.67,0.0,2.44,1.0,<Residue HIS het=  resseq=43 icode= >,4lb5_A_A,2.0
288,0.0,HIS, ,CG,44.34,8.60,0.0,3.75,1.0,<Residue HIS het=  resseq=43 icode= >,4lb5_A_A,2.0
289,1.88,HIS, ,ND1,49.61,8.90,0.0,3.55,1.0,<Residue HIS het=  resseq=43 icode= >,4lb5_A_A,2.0
290,0.0,HIS, ,CD2,48.24,8.17,0.0,3.06,1.0,<Residue HIS het=  resseq=43 icode= >,4lb5_A_A,2.0
291,30.937,HIS, ,CE1,52.84,8.71,0.0,2.56,1.0,<Residue HIS het=  resseq=43 icode= >,4lb5_A_A,2.0
292,3.875,HIS, ,NE2,50.11,8.25,0.019,2.48,1.0,<Residue HIS het=  resseq=43 icode= >,4lb5_A_A,2.0
293,0.0,LEU, ,N,36.65,7.43,0.0,3.73,1.0,<Residue LEU het=  resseq=44 icode= >,4lb5_A_A,2.0
294,0.0,LEU, ,CA,34.1,7.85,0.0,3.52,1.0,<Residue LEU het=  resseq=44 icode= >,4lb5_A_A,2.0
295,0.0,LEU, ,C,34.33,7.35,0.0,4.40,1.0,<Residue LEU het=  resseq=44 icode= >,4lb5_A_A,2.0
296,0.0,LEU, ,O,36.47,8.26,0.0,3.64,1.0,<Residue LEU het=  resseq=44 icode= >,4lb5_A_A,2.0
297,0.0,LEU, ,CB,33.79,7.30,0.0,2.80,1.0,<Residue LEU het=  resseq=44 icode= >,4lb5_A_A,2.0
298,0.0,LEU, ,CG,39.2,7.84,0.0,2.70,1.0,<Residue LEU het=  resseq=44 icode= >,4lb5_A_A,2.0
299,0.0,LEU, ,CD1,33.6,6.88,0.0,2.97,1.0,<Residue LEU het=  resseq=44 icode= >,4lb5_A_A,2.0
300,0.0,LEU, ,CD2,40.8,8.90,0.0,1.36,1.0,<Residue LEU het=  resseq=44 icode= >,4lb5_A_A,2.0
301,0.0,TYR, ,N,31.53,6.08,0.0,3.89,1.0,<Residue TYR het=  resseq=45 icode= >,4lb5_A_A,2.0
302,0.0,TYR, ,CA,35.48,5.90,0.0,2.97,1.0,<Residue TYR het=  resseq=45 icode= >,4lb5_A_A,2.0
303,1.315,TYR, ,C,41.49,6.81,0.0,4.17,1.0,<Residue TYR het=  resseq=45 icode= >,4lb5_A_A,2.0
304,4.975,TYR, ,O,43.39,7.28,0.0,3.15,1.0,<Residue TYR het=  resseq=45 icode= >,4lb5_A_A,2.0
305,19.899,TYR, ,CB,36.2,4.45,7.183,2.21,1.0,<Residue TYR het=  resseq=45 icode= >,4lb5_A_A,2.0
306,2.63,TYR, ,CG,31.47,3.70,2.63,3.64,1.0,<Residue TYR het=  resseq=45 icode= >,4lb5_A_A,2.0
307,6.058,TYR, ,CD1,35.15,3.69,6.058,3.10,1.0,<Residue TYR het=  resseq=45 icode= >,4lb5_A_A,2.0
308,12.561,TYR, ,CD2,33.52,3.80,4.886,3.11,1.0,<Residue TYR het=  resseq=45 icode= >,4lb5_A_A,2.0
309,9.662,TYR, ,CE1,29.66,3.39,9.662,3.41,1.0,<Residue TYR het=  resseq=45 icode= >,4lb5_A_A,2.0
310,14.298,TYR, ,CE2,41.96,3.87,6.091,3.04,1.0,<Residue TYR het=  resseq=45 icode= >,4lb5_A_A,2.0
311,4.831,TYR, ,CZ,39.17,3.43,4.831,4.32,1.0,<Residue TYR het=  resseq=45 icode= >,4lb5_A_A,2.0
312,17.386,TYR, ,OH,32.78,2.59,13.592,3.84,1.0,<Residue TYR het=  resseq=45 icode= >,4lb5_A_A,2.0
313,0.793,SER, ,N,39.67,7.08,0.0,3.32,1.0,<Residue SER het=  resseq=46 icode= >,4lb5_A_A,2.0
314,6.335,SER, ,CA,43.54,8.23,0.0,2.33,1.0,<Residue SER het=  resseq=46 icode= >,4lb5_A_A,2.0
315,0.16,SER, ,C,43.69,9.53,0.0,4.06,1.0,<Residue SER het=  resseq=46 icode= >,4lb5_A_A,2.0
316,0.95,SER, ,O,44.43,10.46,0.0,3.21,1.0,<Residue SER het=  resseq=46 icode= >,4lb5_A_A,2.0
317,19.3,SER, ,CB,43.56,8.27,0.0,2.71,1.0,<Residue SER het=  resseq=46 icode= >,4lb5_A_A,2.0
318,25.827,SER, ,OG,49.91,9.24,0.0,1.46,1.0,<Residue SER het=  resseq=46 icode= >,4lb5_A_A,2.0
319,0.0,LEU, ,N,40.66,9.72,0.0,3.30,1.0,<Residue LEU het=  resseq=47 icode= >,4lb5_A_A,2.0
320,0.0,LEU, ,CA,43.03,10.97,0.0,3.17,1.0,<Residue LEU het=  resseq=47 icode= >,4lb5_A_A,2.0
321,0.0,LEU, ,C,51.19,11.17,0.0,2.71,1.0,<Residue LEU het=  resseq=47 icode= >,4lb5_A_A,2.0
322,0.0,LEU, ,O,52.97,12.22,0.0,2.01,1.0,<Residue LEU het=  resseq=47 icode= >,4lb5_A_A,2.0
323,0.0,LEU, ,CB,42.88,11.26,0.0,2.47,1.0,<Residue LEU het=  resseq=47 icode= >,4lb5_A_A,2.0
324,0.0,LEU, ,CG,43.64,11.74,0.0,2.82,1.0,<Residue LEU het=  resseq=47 icode= >,4lb5_A_A,2.0
325,0.0,LEU, ,CD1,42.17,11.90,0.0,1.79,1.0,<Residue LEU het=  resseq=47 icode= >,4lb5_A_A,2.0
326,1.894,LEU, ,CD2,43.56,13.15,0.0,1.75,1.0,<Residue LEU het=  resseq=47 icode= >,4lb5_A_A,2.0
327,0.0,GLN, ,N,43.24,10.01,0.0,2.81,1.0,<Residue GLN het=  resseq=48 icode= >,4lb5_A_A,2.0
328,0.0,GLN, ,CA,44.98,10.05,0.0,2.29,1.0,<Residue GLN het=  resseq=48 icode= >,4lb5_A_A,2.0
329,0.005,GLN, ,C,48.62,10.53,0.0,3.00,1.0,<Residue GLN het=  resseq=48 icode= >,4lb5_A_A,2.0
330,7.774,GLN, ,O,49.95,11.54,0.0,2.11,1.0,<Residue GLN het=  resseq=48 icode= >,4lb5_A_A,2.0
331,0.0,GLN, ,CB,40.69,8.81,0.0,1.95,1.0,<Residue GLN het=  resseq=48 icode= >,4lb5_A_A,2.0
332,14.402,GLN, ,CG,43.71,9.22,0.0,2.11,1.0,<Residue GLN het=  resseq=48 icode= >,4lb5_A_A,2.0
333,5.417,GLN, ,CD,40.52,8.20,0.0,3.53,1.0,<Residue GLN het=  resseq=48 icode= >,4lb5_A_A,2.0
334,10.768,GLN, ,OE1,44.1,8.42,0.0,2.90,1.0,<Residue GLN het=  resseq=48 icode= >,4lb5_A_A,2.0
335,23.625,GLN, ,NE2,38.92,7.08,0.0,2.44,1.0,<Residue GLN het=  resseq=48 icode= >,4lb5_A_A,2.0
336,0.033,ALA, ,N,48.36,9.99,0.0,2.54,1.0,<Residue ALA het=  resseq=49 icode= >,4lb5_A_A,2.0
337,12.325,ALA, ,CA,52.04,10.68,0.0,2.49,1.0,<Residue ALA het=  resseq=49 icode= >,4lb5_A_A,2.0
338,0.408,ALA, ,C,57.33,12.14,0.0,2.78,1.0,<Residue ALA het=  resseq=49 icode= >,4lb5_A_A,2.0
339,16.717,ALA, ,O,60.25,13.05,0.0,1.86,1.0,<Residue ALA het=  resseq=49 icode= >,4lb5_A_A,2.0
340,49.415,ALA, ,CB,52.43,10.11,0.0,0.90,1.0,<Residue ALA het=  resseq=49 icode= >,4lb5_A_A,2.0
341,0.0,SER, ,N,55.64,12.47,0.0,2.06,1.0,<Residue SER het=  resseq=50 icode= >,4lb5_A_A,2.0
342,10.167,SER, ,CA,60.07,13.89,0.0,2.12,1.0,<Residue SER het=  resseq=50 icode= >,4lb5_A_A,2.0
343,0.045,SER, ,C,63.64,14.70,0.0,2.45,1.0,<Residue SER het=  resseq=50 icode= >,4lb5_A_A,2.0
344,17.093,SER, ,O,66.42,15.91,0.0,1.50,1.0,<Residue SER het=  resseq=50 icode= >,4lb5_A_A,2.0
345,9.115,SER, ,CB,57.86,14.04,0.0,2.16,1.0,<Residue SER het=  resseq=50 icode= >,4lb5_A_A,2.0
346,24.091,SER, ,OG,67.4,13.41,0.0,0.66,1.0,<Residue SER het=  resseq=50 icode= >,4lb5_A_A,2.0
347,0.0,LYS, ,N,60.08,14.12,0.0,1.94,1.0,<Residue LYS het=  resseq=51 icode= >,4lb5_A_A,2.0
348,4.551,LYS, ,CA,58.9,14.94,0.0,2.14,1.0,<Residue LYS het=  resseq=51 icode= >,4lb5_A_A,2.0
349,0.106,LYS, ,C,56.7,15.53,0.0,3.31,1.0,<Residue LYS het=  resseq=51 icode= >,4lb5_A_A,2.0
350,16.039,LYS, ,O,55.04,16.66,0.0,2.11,1.0,<Residue LYS het=  resseq=51 icode= >,4lb5_A_A,2.0
351,20.992,LYS, ,CB,65.22,16.14,0.0,1.14,1.0,<Residue LYS het=  resseq=51 icode= >,4lb5_A_A,2.0
352,36.571,LYS, ,CG,68.2,15.90,0.0,1.19,1.0,<Residue LYS het=  resseq=51 icode= >,4lb5_A_A,2.0
353,46.665,LYS, ,CD,69.09,15.72,0.0,0.57,1.0,<Residue LYS het=  resseq=51 icode= >,4lb5_A_A,2.0
354,0.0,GLN, ,N,52.43,14.87,0.0,2.35,1.0,<Residue GLN het=  resseq=52 icode= >,4lb5_A_A,2.0
355,4.673,GLN, ,CA,56.6,15.56,0.0,2.41,1.0,<Residue GLN het=  resseq=52 icode= >,4lb5_A_A,2.0
356,0.0,GLN, ,C,50.74,14.87,0.0,3.50,1.0,<Residue GLN het=  resseq=52 icode= >,4lb5_A_A,2.0
357,1.433,GLN, ,O,48.9,15.42,0.0,3.07,1.0,<Residue GLN het=  resseq=52 icode= >,4lb5_A_A,2.0
358,1.782,GLN, ,CB,57.54,15.30,0.0,1.45,1.0,<Residue GLN het=  resseq=52 icode= >,4lb5_A_A,2.0
359,15.457,GLN, ,CG,70.15,16.00,0.0,0.86,1.0,<Residue GLN het=  resseq=52 icode= >,4lb5_A_A,2.0
360,5.617,GLN, ,CD,75.67,16.04,0.0,1.59,1.0,<Residue GLN het=  resseq=52 icode= >,4lb5_A_A,2.0
361,18.953,GLN, ,OE1,84.05,15.60,0.0,0.92,1.0,<Residue GLN het=  resseq=52 icode= >,4lb5_A_A,2.0
362,35.667,GLN, ,NE2,68.26,16.71,0.0,0.76,1.0,<Residue GLN het=  resseq=52 icode= >,4lb5_A_A,2.0
363,0.0,VAL, ,N,50.36,13.60,0.0,2.74,1.0,<Residue VAL het=  resseq=53 icode= >,4lb5_A_A,2.0
364,0.0,VAL, ,CA,49.82,12.78,0.0,3.09,1.0,<Residue VAL het=  resseq=53 icode= >,4lb5_A_A,2.0
365,0.0,VAL, ,C,49.23,12.09,0.0,3.88,1.0,<Residue VAL het=  resseq=53 icode= >,4lb5_A_A,2.0
366,3.049,VAL, ,O,46.86,12.11,0.0,2.74,1.0,<Residue VAL het=  resseq=53 icode= >,4lb5_A_A,2.0
367,0.0,VAL, ,CB,43.92,11.80,0.0,2.64,1.0,<Residue VAL het=  resseq=53 icode= >,4lb5_A_A,2.0
368,0.0,VAL, ,CG1,48.6,12.67,0.0,0.87,1.0,<Residue VAL het=  resseq=53 icode= >,4lb5_A_A,2.0
369,0.0,VAL, ,CG2,48.33,10.77,0.0,0.84,1.0,<Residue VAL het=  resseq=53 icode= >,4lb5_A_A,2.0
370,0.0,PHE, ,N,48.55,11.69,0.0,3.71,1.0,<Residue PHE het=  resseq=54 icode= >,4lb5_A_A,2.0
371,0.0,PHE, ,CA,53.01,11.10,0.0,2.68,1.0,<Residue PHE het=  resseq=54 icode= >,4lb5_A_A,2.0
372,0.0,PHE, ,C,49.36,10.16,0.0,4.07,1.0,<Residue PHE het=  resseq=54 icode= >,4lb5_A_A,2.0
373,0.0,PHE, ,O,45.24,10.28,0.0,3.74,1.0,<Residue PHE het=  resseq=54 icode= >,4lb5_A_A,2.0
374,22.933,PHE, ,CB,53.78,12.28,0.0,1.32,1.0,<Residue PHE het=  resseq=54 icode= >,4lb5_A_A,2.0
375,2.124,PHE, ,CG,47.01,13.00,0.0,2.41,1.0,<Residue PHE het=  resseq=54 icode= >,4lb5_A_A,2.0
376,1.404,PHE, ,CD1,48.89,13.86,0.0,2.24,1.0,<Residue PHE het=  resseq=54 icode= >,4lb5_A_A,2.0
377,12.251,PHE, ,CD2,48.06,12.99,0.0,1.90,1.0,<Residue PHE het=  resseq=54 icode= >,4lb5_A_A,2.0
378,8.307,PHE, ,CE1,55.04,14.64,0.0,1.96,1.0,<Residue PHE het=  resseq=54 icode= >,4lb5_A_A,2.0
379,15.701,PHE, ,CE2,50.95,13.83,0.0,1.98,1.0,<Residue PHE het=  resseq=54 icode= >,4lb5_A_A,2.0
380,27.305,PHE, ,CZ,54.13,14.64,0.0,2.08,1.0,<Residue PHE het=  resseq=54 icode= >,4lb5_A_A,2.0
381,0.947,LYS, ,N,42.22,9.41,0.0,3.46,1.0,<Residue LYS het=  resseq=55 icode= >,4lb5_A_A,2.0
382,0.0,LYS, ,CA,44.85,8.63,0.0,2.44,1.0,<Residue LYS het=  resseq=55 icode= >,4lb5_A_A,2.0
383,0.0,LYS, ,C,46.94,9.37,0.0,4.06,1.0,<Residue LYS het=  resseq=55 icode= >,4lb5_A_A,2.0
384,17.19,LYS, ,O,45.6,10.07,0.0,3.72,1.0,<Residue LYS het=  resseq=55 icode= >,4lb5_A_A,2.0
385,0.0,LYS, ,CB,38.17,7.16,0.0,2.02,1.0,<Residue LYS het=  resseq=55 icode= >,4lb5_A_A,2.0
386,5.206,LYS, ,CG,43.98,7.11,0.0,1.63,1.0,<Residue LYS het=  resseq=55 icode= >,4lb5_A_A,2.0
387,0.0,LYS, ,CD,45.24,5.76,0.0,1.90,1.0,<Residue LYS het=  resseq=55 icode= >,4lb5_A_A,2.0
388,23.097,LYS, ,CE,49.41,6.19,0.0,1.42,1.0,<Residue LYS het=  resseq=55 icode= >,4lb5_A_A,2.0
389,16.969,LYS, ,NZ,52.72,5.23,0.0,1.01,1.0,<Residue LYS het=  resseq=55 icode= >,4lb5_A_A,2.0
390,0.0,THR, ,N,45.4,9.47,0.0,3.41,1.0,<Residue THR het=  resseq=56 icode= >,4lb5_A_A,2.0
391,4.719,THR, ,CA,44.86,10.21,0.0,2.67,1.0,<Residue THR het=  resseq=56 icode= >,4lb5_A_A,2.0
392,0.753,THR, ,C,50.64,9.35,0.0,3.17,1.0,<Residue THR het=  resseq=56 icode= >,4lb5_A_A,2.0
393,0.321,THR, ,O,43.22,8.59,0.0,2.59,1.0,<Residue THR het=  resseq=56 icode= >,4lb5_A_A,2.0
394,15.044,THR, ,CB,48.28,11.48,0.0,3.05,1.0,<Residue THR het=  resseq=56 icode= >,4lb5_A_A,2.0
395,1.895,THR, ,OG1,57.34,11.26,0.0,2.71,1.0,<Residue THR het=  resseq=56 icode= >,4lb5_A_A,2.0
396,29.927,THR, ,CG2,51.57,12.41,0.0,1.38,1.0,<Residue THR het=  resseq=56 icode= >,4lb5_A_A,2.0
397,2.343,VAL, ,N,56.75,9.43,0.0,2.19,1.0,<Residue VAL het=  resseq=57 icode= >,4lb5_A_A,2.0
398,0.883,VAL, ,CA,49.75,8.39,0.0,2.59,1.0,<Residue VAL het=  resseq=57 icode= >,4lb5_A_A,2.0
399,29.775,VAL, ,C,53.75,9.13,0.0,2.29,1.0,<Residue VAL het=  resseq=57 icode= >,4lb5_A_A,2.0
400,32.018,VAL, ,O,51.42,10.26,0.0,2.81,1.0,<Residue VAL het=  resseq=57 icode= >,4lb5_A_A,2.0
401,1.736,VAL, ,CB,54.76,7.62,0.0,1.88,1.0,<Residue VAL het=  resseq=57 icode= >,4lb5_A_A,2.0
402,1.225,VAL, ,CG1,53.55,6.60,0.0,0.83,1.0,<Residue VAL het=  resseq=57 icode= >,4lb5_A_A,2.0
403,53.561,VAL, ,CG2,62.87,8.75,0.0,0.49,1.0,<Residue VAL het=  resseq=57 icode= >,4lb5_A_A,2.0
404,46.208,LYS, ,N,72.84,3.70,24.755,1.34,1.0,<Residue LYS het=  resseq=61 icode= >,4lb5_A_A,2.0
405,11.132,LYS, ,CA,76.18,4.13,0.0,1.38,1.0,<Residue LYS het=  resseq=61 icode= >,4lb5_A_A,2.0
406,2.557,LYS, ,C,75.95,3.92,0.484,1.95,1.0,<Residue LYS het=  resseq=61 icode= >,4lb5_A_A,2.0
407,18.409,LYS, ,O,84.86,4.79,0.0,0.28,1.0,<Residue LYS het=  resseq=61 icode= >,4lb5_A_A,2.0
408,2.944,LYS, ,CB,67.94,3.67,2.944,1.50,1.0,<Residue LYS het=  resseq=61 icode= >,4lb5_A_A,2.0
409,26.09,LYS, ,CG,67.04,3.69,6.111,0.57,1.0,<Residue LYS het=  resseq=61 icode= >,4lb5_A_A,2.0
410,46.035,LYS, ,CD,50.55,3.63,22.234,1.06,1.0,<Residue LYS het=  resseq=61 icode= >,4lb5_A_A,2.0
411,8.147,ARG, ,N,70.83,2.89,8.147,1.23,1.0,<Residue ARG het=  resseq=62 icode= >,4lb5_A_A,2.0
412,2.849,ARG, ,CA,60.93,3.53,2.849,1.74,1.0,<Residue ARG het=  resseq=62 icode= >,4lb5_A_A,2.0
413,0.0,ARG, ,C,46.41,4.75,0.0,3.72,1.0,<Residue ARG het=  resseq=62 icode= >,4lb5_A_A,2.0
414,4.57,ARG, ,O,47.77,5.81,0.0,2.37,1.0,<Residue ARG het=  resseq=62 icode= >,4lb5_A_A,2.0
415,20.294,ARG, ,CB,69.49,3.55,6.281,0.66,1.0,<Residue ARG het=  resseq=62 icode= >,4lb5_A_A,2.0
416,16.131,ARG, ,CG,69.08,4.59,0.0,0.30,1.0,<Residue ARG het=  resseq=62 icode= >,4lb5_A_A,2.0
417,1.714,ARG, ,CD,61.18,3.79,0.816,1.19,1.0,<Residue ARG het=  resseq=62 icode= >,4lb5_A_A,2.0
418,7.969,ARG, ,NE,65.97,2.84,7.961,1.85,1.0,<Residue ARG het=  resseq=62 icode= >,4lb5_A_A,2.0
419,3.879,ARG, ,CZ,63.91,3.57,0.022,2.45,1.0,<Residue ARG het=  resseq=62 icode= >,4lb5_A_A,2.0
420,24.232,ARG, ,NH1,65.22,4.83,0.0,0.92,1.0,<Residue ARG het=  resseq=62 icode= >,4lb5_A_A,2.0
421,49.131,ARG, ,NH2,61.6,3.46,10.336,1.42,1.0,<Residue ARG het=  resseq=62 icode= >,4lb5_A_A,2.0
422,0.0,PRO, ,N,45.72,4.90,0.0,3.58,1.0,<Residue PRO het=  resseq=63 icode= >,4lb5_A_A,2.0
423,0.0,PRO, ,CA,43.82,5.87,0.0,3.27,1.0,<Residue PRO het=  resseq=63 icode= >,4lb5_A_A,2.0
424,0.0,PRO, ,C,45.34,6.65,0.0,3.48,1.0,<Residue PRO het=  resseq=63 icode= >,4lb5_A_A,2.0
425,0.468,PRO, ,O,44.22,6.59,0.0,2.49,1.0,<Residue PRO het=  resseq=63 icode= >,4lb5_A_A,2.0
426,0.0,PRO, ,CB,43.14,4.61,0.0,2.56,1.0,<Residue PRO het=  resseq=63 icode= >,4lb5_A_A,2.0
427,12.466,PRO, ,CG,45.61,3.49,11.01,1.69,1.0,<Residue PRO het=  resseq=63 icode= >,4lb5_A_A,2.0
428,14.418,PRO, ,CD,41.81,3.82,12.45,1.78,1.0,<Residue PRO het=  resseq=63 icode= >,4lb5_A_A,2.0
429,0.0,VAL, ,N,44.63,7.68,0.0,2.42,1.0,<Residue VAL het=  resseq=64 icode= >,4lb5_A_A,2.0
430,0.0,VAL, ,CA,43.22,8.66,0.0,2.68,1.0,<Residue VAL het=  resseq=64 icode= >,4lb5_A_A,2.0
431,0.0,VAL, ,C,47.92,8.84,0.0,4.39,1.0,<Residue VAL het=  resseq=64 icode= >,4lb5_A_A,2.0
432,0.904,VAL, ,O,45.08,9.03,0.0,3.49,1.0,<Residue VAL het=  resseq=64 icode= >,4lb5_A_A,2.0
433,0.0,VAL, ,CB,49.87,10.05,0.0,2.65,1.0,<Residue VAL het=  resseq=64 icode= >,4lb5_A_A,2.0
434,4.019,VAL, ,CG1,51.21,11.12,0.0,1.47,1.0,<Residue VAL het=  resseq=64 icode= >,4lb5_A_A,2.0
435,21.555,VAL, ,CG2,47.05,9.35,0.0,1.83,1.0,<Residue VAL het=  resseq=64 icode= >,4lb5_A_A,2.0
436,0.0,TRP, ,N,40.7,9.07,0.0,4.17,1.0,<Residue TRP het=  resseq=65 icode= >,4lb5_A_A,2.0
437,0.0,TRP, ,CA,48.06,9.41,0.0,2.37,1.0,<Residue TRP het=  resseq=65 icode= >,4lb5_A_A,2.0
438,0.279,TRP, ,C,47.22,10.90,0.0,3.73,1.0,<Residue TRP het=  resseq=65 icode= >,4lb5_A_A,2.0
439,0.0,TRP, ,O,46.87,11.56,0.0,3.54,1.0,<Residue TRP het=  resseq=65 icode= >,4lb5_A_A,2.0
440,0.0,TRP, ,CB,44.57,8.77,0.0,1.69,1.0,<Residue TRP het=  resseq=65 icode= >,4lb5_A_A,2.0
441,0.0,TRP, ,CG,42.48,7.29,0.0,3.15,1.0,<Residue TRP het=  resseq=65 icode= >,4lb5_A_A,2.0
442,0.0,TRP, ,CD1,40.68,6.41,0.0,2.98,1.0,<Residue TRP het=  resseq=65 icode= >,4lb5_A_A,2.0
443,0.0,TRP, ,CD2,37.45,6.72,0.0,3.63,1.0,<Residue TRP het=  resseq=65 icode= >,4lb5_A_A,2.0
444,0.072,TRP, ,NE1,35.18,5.11,0.0,3.42,1.0,<Residue TRP het=  resseq=65 icode= >,4lb5_A_A,2.0
445,0.0,TRP, ,CE2,36.56,5.32,0.0,3.72,1.0,<Residue TRP het=  resseq=65 icode= >,4lb5_A_A,2.0
446,0.0,TRP, ,CE3,38.56,7.48,0.0,3.20,1.0,<Residue TRP het=  resseq=65 icode= >,4lb5_A_A,2.0
447,0.033,TRP, ,CZ2,38.42,4.70,0.033,2.50,1.0,<Residue TRP het=  resseq=65 icode= >,4lb5_A_A,2.0
448,0.0,TRP, ,CZ3,33.5,7.04,0.0,3.09,1.0,<Residue TRP het=  resseq=65 icode= >,4lb5_A_A,2.0
449,0.0,TRP, ,CH2,34.03,5.73,0.0,2.80,1.0,<Residue TRP het=  resseq=65 icode= >,4lb5_A_A,2.0
450,0.0,ASN, ,N,43.67,11.54,0.0,3.27,1.0,<Residue ASN het=  resseq=66 icode= >,4lb5_A_A,2.0
451,0.0,ASN, ,CA,46.93,12.98,0.0,3.07,1.0,<Residue ASN het=  resseq=66 icode= >,4lb5_A_A,2.0
452,0.0,ASN, ,C,47.08,13.48,0.0,3.51,1.0,<Residue ASN het=  resseq=66 icode= >,4lb5_A_A,2.0
453,0.0,ASN, ,O,46.18,12.86,0.0,2.88,1.0,<Residue ASN het=  resseq=66 icode= >,4lb5_A_A,2.0
454,2.097,ASN, ,CB,50.1,13.81,0.0,1.64,1.0,<Residue ASN het=  resseq=66 icode= >,4lb5_A_A,2.0
455,0.887,ASN, ,CG,59.16,15.21,0.0,1.91,1.0,<Residue ASN het=  resseq=66 icode= >,4lb5_A_A,2.0
456,5.372,ASN, ,OD1,55.96,15.62,0.0,2.18,1.0,<Residue ASN het=  resseq=66 icode= >,4lb5_A_A,2.0
457,32.794,ASN, ,ND2,60.47,16.04,0.0,1.12,1.0,<Residue ASN het=  resseq=66 icode= >,4lb5_A_A,2.0
458,0.0,LEU, ,N,50.08,14.72,0.0,2.65,1.0,<Residue LEU het=  resseq=67 icode= >,4lb5_A_A,2.0
459,0.0,LEU, ,CA,52.05,15.46,0.0,2.44,1.0,<Residue LEU het=  resseq=67 icode= >,4lb5_A_A,2.0
460,0.0,LEU, ,C,56.45,15.98,0.0,3.28,1.0,<Residue LEU het=  resseq=67 icode= >,4lb5_A_A,2.0
461,4.312,LEU, ,O,56.13,16.23,0.0,3.23,1.0,<Residue LEU het=  resseq=67 icode= >,4lb5_A_A,2.0
462,8.447,LEU, ,CB,54.89,16.75,0.0,1.58,1.0,<Residue LEU het=  resseq=67 icode= >,4lb5_A_A,2.0
463,0.0,LEU, ,CG,54.33,16.73,0.0,2.08,1.0,<Residue LEU het=  resseq=67 icode= >,4lb5_A_A,2.0
464,12.948,LEU, ,CD1,62.39,18.14,0.0,0.13,1.0,<Residue LEU het=  resseq=67 icode= >,4lb5_A_A,2.0
465,5.833,LEU, ,CD2,59.97,16.27,0.0,1.21,1.0,<Residue LEU het=  resseq=67 icode= >,4lb5_A_A,2.0
466,0.0,VAL, ,N,65.78,16.32,0.0,2.08,1.0,<Residue VAL het=  resseq=68 icode= >,4lb5_A_A,2.0
467,1.688,VAL, ,CA,70.16,17.12,0.0,2.50,1.0,<Residue VAL het=  resseq=68 icode= >,4lb5_A_A,2.0
468,9.278,VAL, ,C,78.14,16.60,0.0,1.79,1.0,<Residue VAL het=  resseq=68 icode= >,4lb5_A_A,2.0
469,17.855,VAL, ,O,86.53,16.14,0.0,0.74,1.0,<Residue VAL het=  resseq=68 icode= >,4lb5_A_A,2.0
470,14.082,VAL, ,CB,70.55,18.60,0.0,1.37,1.0,<Residue VAL het=  resseq=68 icode= >,4lb5_A_A,2.0
471,46.565,VAL, ,CG1,76.54,19.13,0.0,0.49,1.0,<Residue VAL het=  resseq=68 icode= >,4lb5_A_A,2.0
472,49.379,VAL, ,CG2,69.49,18.84,0.0,1.46,1.0,<Residue VAL het=  resseq=68 icode= >,4lb5_A_A,2.0
