,ASA,aa,altloc,atom,bfac,d2r,dASA,dens,occ,residue,id,resolu
0,34.17,ARG, ,N,120.02,11.31,0.0,0.92,1.0,<Residue ARG het=  resseq=156 icode= >,4lg0_A_B,2.19
1,0.0,ARG, ,CA,117.2,10.51,0.0,2.16,1.0,<Residue ARG het=  resseq=156 icode= >,4lg0_A_B,2.19
2,2.051,ARG, ,C,107.39,9.51,0.0,2.18,1.0,<Residue ARG het=  resseq=156 icode= >,4lg0_A_B,2.19
3,21.598,ARG, ,O,98.61,9.44,0.0,1.41,1.0,<Residue ARG het=  resseq=156 icode= >,4lg0_A_B,2.19
4,18.996,ARG, ,CB,127.22,11.55,0.0,1.54,1.0,<Residue ARG het=  resseq=156 icode= >,4lg0_A_B,2.19
5,32.804,ARG, ,CG,138.64,12.68,0.0,1.00,1.0,<Residue ARG het=  resseq=156 icode= >,4lg0_A_B,2.19
6,19.35,ARG, ,CD,144.49,12.42,0.0,0.90,1.0,<Residue ARG het=  resseq=156 icode= >,4lg0_A_B,2.19
7,9.844,ARG, ,NE,149.31,12.30,0.0,0.33,1.0,<Residue ARG het=  resseq=156 icode= >,4lg0_A_B,2.19
8,4.33,ARG, ,CZ,142.24,12.22,0.0,0.31,1.0,<Residue ARG het=  resseq=156 icode= >,4lg0_A_B,2.19
9,33.512,ARG, ,NH1,136.81,12.23,0.0,-0.14,1.0,<Residue ARG het=  resseq=156 icode= >,4lg0_A_B,2.19
10,32.644,ARG, ,NH2,138.09,12.35,0.0,0.28,1.0,<Residue ARG het=  resseq=156 icode= >,4lg0_A_B,2.19
11,1.028,ARG, ,N,99.67,8.41,0.0,2.49,1.0,<Residue ARG het=  resseq=157 icode= >,4lg0_A_B,2.19
12,10.009,ARG, ,CA,98.94,7.55,0.0,2.26,1.0,<Residue ARG het=  resseq=157 icode= >,4lg0_A_B,2.19
13,0.342,ARG, ,C,88.2,6.82,0.0,3.13,1.0,<Residue ARG het=  resseq=157 icode= >,4lg0_A_B,2.19
14,26.925,ARG, ,O,82.22,6.36,0.0,1.04,1.0,<Residue ARG het=  resseq=157 icode= >,4lg0_A_B,2.19
15,22.211,ARG, ,CB,110.42,6.79,0.0,1.02,1.0,<Residue ARG het=  resseq=157 icode= >,4lg0_A_B,2.19
16,0.0,ARG, ,CG,116.66,6.20,0.0,0.77,1.0,<Residue ARG het=  resseq=157 icode= >,4lg0_A_B,2.19
17,25.768,ARG, ,CD,123.55,6.11,0.0,-0.06,1.0,<Residue ARG het=  resseq=157 icode= >,4lg0_A_B,2.19
18,12.948,ARG, ,NE,132.11,7.35,0.0,0.72,1.0,<Residue ARG het=  resseq=157 icode= >,4lg0_A_B,2.19
19,4.456,ARG, ,CZ,133.64,7.78,0.0,0.99,1.0,<Residue ARG het=  resseq=157 icode= >,4lg0_A_B,2.19
20,30.868,ARG, ,NH1,122.97,7.50,0.0,0.48,1.0,<Residue ARG het=  resseq=157 icode= >,4lg0_A_B,2.19
21,54.986,ARG, ,NH2,140.9,8.66,0.0,0.81,1.0,<Residue ARG het=  resseq=157 icode= >,4lg0_A_B,2.19
22,0.0,ASN, ,N,80.09,6.59,0.0,3.84,1.0,<Residue ASN het=  resseq=158 icode= >,4lg0_A_B,2.19
23,4.705,ASN, ,CA,75.33,6.45,0.0,4.01,1.0,<Residue ASN het=  resseq=158 icode= >,4lg0_A_B,2.19
24,2.379,ASN, ,C,76.96,7.13,0.0,4.50,1.0,<Residue ASN het=  resseq=158 icode= >,4lg0_A_B,2.19
25,1.071,ASN, ,O,78.94,8.29,0.0,2.66,1.0,<Residue ASN het=  resseq=158 icode= >,4lg0_A_B,2.19
26,0.839,ASN, ,CB,74.78,5.22,0.0,2.51,1.0,<Residue ASN het=  resseq=158 icode= >,4lg0_A_B,2.19
27,0.565,ASN, ,CG,71.16,3.92,0.565,3.81,1.0,<Residue ASN het=  resseq=158 icode= >,4lg0_A_B,2.19
28,25.504,ASN, ,OD1,70.2,3.93,19.133,2.16,1.0,<Residue ASN het=  resseq=158 icode= >,4lg0_A_B,2.19
29,8.413,ASN, ,ND2,75.63,3.13,7.365,1.42,1.0,<Residue ASN het=  resseq=158 icode= >,4lg0_A_B,2.19
30,5.205,ALA, ,N,74.2,6.50,0.0,4.33,1.0,<Residue ALA het=  resseq=159 icode= >,4lg0_A_B,2.19
31,14.143,ALA, ,CA,75.81,7.32,0.0,4.28,1.0,<Residue ALA het=  resseq=159 icode= >,4lg0_A_B,2.19
32,0.0,ALA, ,C,75.95,8.45,0.0,4.64,1.0,<Residue ALA het=  resseq=159 icode= >,4lg0_A_B,2.19
33,13.068,ALA, ,O,79.49,9.50,0.0,2.47,1.0,<Residue ALA het=  resseq=159 icode= >,4lg0_A_B,2.19
34,25.15,ALA, ,CB,79.64,6.65,0.0,1.07,1.0,<Residue ALA het=  resseq=159 icode= >,4lg0_A_B,2.19
35,0.0,TRP, ,N,77.78,8.42,0.0,3.72,1.0,<Residue TRP het=  resseq=160 icode= >,4lg0_A_B,2.19
36,2.967,TRP, ,CA,79.43,9.24,0.0,3.44,1.0,<Residue TRP het=  resseq=160 icode= >,4lg0_A_B,2.19
37,0.036,TRP, ,C,84.26,9.15,0.0,4.10,1.0,<Residue TRP het=  resseq=160 icode= >,4lg0_A_B,2.19
38,22.324,TRP, ,O,87.0,9.87,0.0,1.50,1.0,<Residue TRP het=  resseq=160 icode= >,4lg0_A_B,2.19
39,0.108,TRP, ,CB,85.12,8.75,0.0,2.03,1.0,<Residue TRP het=  resseq=160 icode= >,4lg0_A_B,2.19
40,0.0,TRP, ,CG,77.1,7.26,0.0,3.07,1.0,<Residue TRP het=  resseq=160 icode= >,4lg0_A_B,2.19
41,1.077,TRP, ,CD1,79.41,6.60,0.0,1.57,1.0,<Residue TRP het=  resseq=160 icode= >,4lg0_A_B,2.19
42,0.0,TRP, ,CD2,75.48,6.46,0.0,3.81,1.0,<Residue TRP het=  resseq=160 icode= >,4lg0_A_B,2.19
43,0.0,TRP, ,NE1,74.92,5.26,0.0,2.35,1.0,<Residue TRP het=  resseq=160 icode= >,4lg0_A_B,2.19
44,0.0,TRP, ,CE2,73.84,5.13,0.0,3.56,1.0,<Residue TRP het=  resseq=160 icode= >,4lg0_A_B,2.19
45,0.0,TRP, ,CE3,74.13,5.90,0.0,2.19,1.0,<Residue TRP het=  resseq=160 icode= >,4lg0_A_B,2.19
46,0.903,TRP, ,CZ2,72.64,4.24,0.903,1.73,1.0,<Residue TRP het=  resseq=160 icode= >,4lg0_A_B,2.19
47,10.283,TRP, ,CZ3,73.07,4.52,4.113,1.46,1.0,<Residue TRP het=  resseq=160 icode= >,4lg0_A_B,2.19
48,6.812,TRP, ,CH2,73.76,4.05,6.616,1.54,1.0,<Residue TRP het=  resseq=160 icode= >,4lg0_A_B,2.19
49,0.0,GLY, ,N,81.17,8.53,0.0,4.21,1.0,<Residue GLY het=  resseq=161 icode= >,4lg0_A_B,2.19
50,5.185,GLY, ,CA,79.59,8.70,0.0,2.82,1.0,<Residue GLY het=  resseq=161 icode= >,4lg0_A_B,2.19
51,0.0,GLY, ,C,86.91,7.56,0.0,3.24,1.0,<Residue GLY het=  resseq=161 icode= >,4lg0_A_B,2.19
52,0.0,GLY, ,O,86.89,6.60,0.0,1.99,1.0,<Residue GLY het=  resseq=161 icode= >,4lg0_A_B,2.19
53,5.532,ASN, ,N,90.75,7.86,0.0,2.63,1.0,<Residue ASN het=  resseq=162 icode= >,4lg0_A_B,2.19
54,0.0,ASN, ,CA,93.59,7.20,0.0,2.70,1.0,<Residue ASN het=  resseq=162 icode= >,4lg0_A_B,2.19
55,1.375,ASN, ,C,88.07,6.27,0.0,3.01,1.0,<Residue ASN het=  resseq=162 icode= >,4lg0_A_B,2.19
56,9.5,ASN, ,O,81.66,5.74,0.0,2.50,1.0,<Residue ASN het=  resseq=162 icode= >,4lg0_A_B,2.19
57,23.222,ASN, ,CB,100.29,8.39,0.0,1.88,1.0,<Residue ASN het=  resseq=162 icode= >,4lg0_A_B,2.19
58,5.482,ASN, ,CG,110.78,9.19,0.0,1.53,1.0,<Residue ASN het=  resseq=162 icode= >,4lg0_A_B,2.19
59,8.412,ASN, ,OD1,114.56,9.14,0.0,1.47,1.0,<Residue ASN het=  resseq=162 icode= >,4lg0_A_B,2.19
60,25.792,ASN, ,ND2,114.04,10.15,0.0,0.59,1.0,<Residue ASN het=  resseq=162 icode= >,4lg0_A_B,2.19
61,0.09,LEU, ,N,77.77,6.40,0.0,2.74,1.0,<Residue LEU het=  resseq=163 icode= >,4lg0_A_B,2.19
62,0.44,LEU, ,CA,79.82,5.94,0.0,2.05,1.0,<Residue LEU het=  resseq=163 icode= >,4lg0_A_B,2.19
63,0.0,LEU, ,C,75.24,4.43,0.0,2.81,1.0,<Residue LEU het=  resseq=163 icode= >,4lg0_A_B,2.19
64,0.0,LEU, ,O,66.41,3.92,0.0,2.02,1.0,<Residue LEU het=  resseq=163 icode= >,4lg0_A_B,2.19
65,0.0,LEU, ,CB,80.14,6.93,0.0,2.14,1.0,<Residue LEU het=  resseq=163 icode= >,4lg0_A_B,2.19
66,5.984,LEU, ,CG,88.04,8.35,0.0,1.46,1.0,<Residue LEU het=  resseq=163 icode= >,4lg0_A_B,2.19
67,39.591,LEU, ,CD1,85.7,9.50,0.0,0.45,1.0,<Residue LEU het=  resseq=163 icode= >,4lg0_A_B,2.19
68,28.009,LEU, ,CD2,86.64,8.71,0.0,0.14,1.0,<Residue LEU het=  resseq=163 icode= >,4lg0_A_B,2.19
69,0.587,SER, ,N,71.4,4.08,0.0,3.11,1.0,<Residue SER het=  resseq=164 icode= >,4lg0_A_B,2.19
70,2.598,SER, ,CA,67.05,3.03,2.15,4.19,1.0,<Residue SER het=  resseq=164 icode= >,4lg0_A_B,2.19
71,0.0,SER, ,C,64.62,3.81,0.0,4.99,1.0,<Residue SER het=  resseq=164 icode= >,4lg0_A_B,2.19
72,0.0,SER, ,O,68.14,5.03,0.0,3.28,1.0,<Residue SER het=  resseq=164 icode= >,4lg0_A_B,2.19
73,40.219,SER, ,CB,61.63,3.34,32.167,3.16,1.0,<Residue SER het=  resseq=164 icode= >,4lg0_A_B,2.19
74,4.612,SER, ,OG,65.35,4.63,1.9,2.00,1.0,<Residue SER het=  resseq=164 icode= >,4lg0_A_B,2.19
75,1.077,TYR, ,N,65.38,3.51,1.077,3.38,1.0,<Residue TYR het=  resseq=165 icode= >,4lg0_A_B,2.19
76,0.0,TYR, ,CA,54.0,4.29,0.0,3.33,1.0,<Residue TYR het=  resseq=165 icode= >,4lg0_A_B,2.19
77,0.0,TYR, ,C,51.79,5.04,0.0,5.37,1.0,<Residue TYR het=  resseq=165 icode= >,4lg0_A_B,2.19
78,0.0,TYR, ,O,53.8,6.29,0.0,3.97,1.0,<Residue TYR het=  resseq=165 icode= >,4lg0_A_B,2.19
79,1.675,TYR, ,CB,53.6,3.89,1.675,2.06,1.0,<Residue TYR het=  resseq=165 icode= >,4lg0_A_B,2.19
80,0.0,TYR, ,CG,49.21,4.27,0.0,3.40,1.0,<Residue TYR het=  resseq=165 icode= >,4lg0_A_B,2.19
81,0.0,TYR, ,CD1,49.16,5.59,0.0,3.08,1.0,<Residue TYR het=  resseq=165 icode= >,4lg0_A_B,2.19
82,13.597,TYR, ,CD2,52.36,3.74,12.957,3.28,1.0,<Residue TYR het=  resseq=165 icode= >,4lg0_A_B,2.19
83,0.032,TYR, ,CE1,47.68,4.81,0.0,3.57,1.0,<Residue TYR het=  resseq=165 icode= >,4lg0_A_B,2.19
84,13.671,TYR, ,CE2,46.48,3.22,13.671,3.70,1.0,<Residue TYR het=  resseq=165 icode= >,4lg0_A_B,2.19
85,0.0,TYR, ,CZ,47.56,3.50,0.0,5.12,1.0,<Residue TYR het=  resseq=165 icode= >,4lg0_A_B,2.19
86,15.821,TYR, ,OH,52.97,2.88,9.567,2.10,1.0,<Residue TYR het=  resseq=165 icode= >,4lg0_A_B,2.19
87,0.075,ALA, ,N,51.63,4.62,0.075,4.89,1.0,<Residue ALA het=  resseq=166 icode= >,4lg0_A_B,2.19
88,0.0,ALA, ,CA,56.91,5.79,0.0,4.16,1.0,<Residue ALA het=  resseq=166 icode= >,4lg0_A_B,2.19
89,0.0,ALA, ,C,64.45,6.84,0.0,5.75,1.0,<Residue ALA het=  resseq=166 icode= >,4lg0_A_B,2.19
90,0.0,ALA, ,O,63.19,8.04,0.0,4.25,1.0,<Residue ALA het=  resseq=166 icode= >,4lg0_A_B,2.19
91,13.458,ALA, ,CB,59.88,5.73,0.0,2.07,1.0,<Residue ALA het=  resseq=166 icode= >,4lg0_A_B,2.19
92,0.0,ASP, ,N,61.79,6.59,0.0,4.83,1.0,<Residue ASP het=  resseq=167 icode= >,4lg0_A_B,2.19
93,1.871,ASP, ,CA,67.01,7.87,0.0,4.68,1.0,<Residue ASP het=  resseq=167 icode= >,4lg0_A_B,2.19
94,0.0,ASP, ,C,64.9,8.50,0.0,5.63,1.0,<Residue ASP het=  resseq=167 icode= >,4lg0_A_B,2.19
95,0.461,ASP, ,O,63.33,9.66,0.0,3.54,1.0,<Residue ASP het=  resseq=167 icode= >,4lg0_A_B,2.19
96,3.907,ASP, ,CB,68.65,7.47,0.0,2.34,1.0,<Residue ASP het=  resseq=167 icode= >,4lg0_A_B,2.19
97,5.614,ASP, ,CG,70.88,6.50,0.0,3.11,1.0,<Residue ASP het=  resseq=167 icode= >,4lg0_A_B,2.19
98,27.141,ASP, ,OD1,71.8,6.05,0.0,2.11,1.0,<Residue ASP het=  resseq=167 icode= >,4lg0_A_B,2.19
99,16.836,ASP, ,OD2,73.34,6.18,0.0,1.97,1.0,<Residue ASP het=  resseq=167 icode= >,4lg0_A_B,2.19
100,0.0,LEU, ,N,63.56,7.86,0.0,4.55,1.0,<Residue LEU het=  resseq=168 icode= >,4lg0_A_B,2.19
101,0.0,LEU, ,CA,63.0,8.79,0.0,4.39,1.0,<Residue LEU het=  resseq=168 icode= >,4lg0_A_B,2.19
102,0.0,LEU, ,C,68.12,9.70,0.0,5.25,1.0,<Residue LEU het=  resseq=168 icode= >,4lg0_A_B,2.19
103,0.0,LEU, ,O,69.68,10.93,0.0,3.05,1.0,<Residue LEU het=  resseq=168 icode= >,4lg0_A_B,2.19
104,0.0,LEU, ,CB,64.44,8.22,0.0,2.76,1.0,<Residue LEU het=  resseq=168 icode= >,4lg0_A_B,2.19
105,0.0,LEU, ,CG,69.34,7.29,0.0,2.64,1.0,<Residue LEU het=  resseq=168 icode= >,4lg0_A_B,2.19
106,0.0,LEU, ,CD1,71.01,7.30,0.0,0.59,1.0,<Residue LEU het=  resseq=168 icode= >,4lg0_A_B,2.19
107,5.912,LEU, ,CD2,73.99,8.12,0.0,-0.23,1.0,<Residue LEU het=  resseq=168 icode= >,4lg0_A_B,2.19
108,0.0,ILE, ,N,66.27,9.15,0.0,4.41,1.0,<Residue ILE het=  resseq=169 icode= >,4lg0_A_B,2.19
109,0.0,ILE, ,CA,62.75,10.12,0.0,4.05,1.0,<Residue ILE het=  resseq=169 icode= >,4lg0_A_B,2.19
110,0.0,ILE, ,C,62.61,11.08,0.0,4.97,1.0,<Residue ILE het=  resseq=169 icode= >,4lg0_A_B,2.19
111,0.0,ILE, ,O,62.29,12.29,0.0,3.46,1.0,<Residue ILE het=  resseq=169 icode= >,4lg0_A_B,2.19
112,0.0,ILE, ,CB,58.22,9.61,0.0,2.92,1.0,<Residue ILE het=  resseq=169 icode= >,4lg0_A_B,2.19
113,0.0,ILE, ,CG1,59.89,9.00,0.0,1.88,1.0,<Residue ILE het=  resseq=169 icode= >,4lg0_A_B,2.19
114,0.0,ILE, ,CG2,62.16,10.64,0.0,0.47,1.0,<Residue ILE het=  resseq=169 icode= >,4lg0_A_B,2.19
115,0.0,ILE, ,CD1,60.25,7.96,0.0,1.31,1.0,<Residue ILE het=  resseq=169 icode= >,4lg0_A_B,2.19
116,0.0,THR, ,N,64.2,10.65,0.0,4.49,1.0,<Residue THR het=  resseq=170 icode= >,4lg0_A_B,2.19
117,0.0,THR, ,CA,69.31,11.72,0.0,4.82,1.0,<Residue THR het=  resseq=170 icode= >,4lg0_A_B,2.19
118,0.0,THR, ,C,67.68,12.73,0.0,5.94,1.0,<Residue THR het=  resseq=170 icode= >,4lg0_A_B,2.19
119,0.0,THR, ,O,66.27,13.91,0.0,3.76,1.0,<Residue THR het=  resseq=170 icode= >,4lg0_A_B,2.19
120,0.908,THR, ,CB,72.23,10.90,0.0,4.80,1.0,<Residue THR het=  resseq=170 icode= >,4lg0_A_B,2.19
121,0.0,THR, ,OG1,68.73,10.04,0.0,2.96,1.0,<Residue THR het=  resseq=170 icode= >,4lg0_A_B,2.19
122,18.36,THR, ,CG2,73.31,11.62,0.0,1.17,1.0,<Residue THR het=  resseq=170 icode= >,4lg0_A_B,2.19
123,0.0,LYS, ,N,73.8,12.38,0.0,4.24,1.0,<Residue LYS het=  resseq=171 icode= >,4lg0_A_B,2.19
124,1.148,LYS, ,CA,75.43,13.49,0.0,4.36,1.0,<Residue LYS het=  resseq=171 icode= >,4lg0_A_B,2.19
125,0.0,LYS, ,C,76.83,14.23,0.0,5.13,1.0,<Residue LYS het=  resseq=171 icode= >,4lg0_A_B,2.19
126,2.565,LYS, ,O,75.48,15.44,0.0,2.49,1.0,<Residue LYS het=  resseq=171 icode= >,4lg0_A_B,2.19
127,4.187,LYS, ,CB,74.47,12.93,0.0,2.53,1.0,<Residue LYS het=  resseq=171 icode= >,4lg0_A_B,2.19
128,5.559,LYS, ,CG,78.78,12.59,0.0,2.17,1.0,<Residue LYS het=  resseq=171 icode= >,4lg0_A_B,2.19
129,17.617,LYS, ,CD,84.68,12.47,0.0,1.37,1.0,<Residue LYS het=  resseq=171 icode= >,4lg0_A_B,2.19
130,27.885,LYS, ,CE,91.06,12.69,0.0,1.29,1.0,<Residue LYS het=  resseq=171 icode= >,4lg0_A_B,2.19
131,41.31,LYS, ,NZ,94.59,13.83,0.0,1.21,1.0,<Residue LYS het=  resseq=171 icode= >,4lg0_A_B,2.19
132,0.0,ALA, ,N,73.35,13.65,0.0,4.22,1.0,<Residue ALA het=  resseq=172 icode= >,4lg0_A_B,2.19
133,0.0,ALA, ,CA,73.57,14.41,0.0,3.36,1.0,<Residue ALA het=  resseq=172 icode= >,4lg0_A_B,2.19
134,0.0,ALA, ,C,77.22,14.05,0.0,4.01,1.0,<Residue ALA het=  resseq=172 icode= >,4lg0_A_B,2.19
135,0.0,ALA, ,O,78.49,14.46,0.0,2.73,1.0,<Residue ALA het=  resseq=172 icode= >,4lg0_A_B,2.19
136,0.0,ALA, ,CB,76.85,13.31,0.0,0.93,1.0,<Residue ALA het=  resseq=172 icode= >,4lg0_A_B,2.19
137,0.0,ILE, ,N,74.56,13.50,0.0,3.46,1.0,<Residue ILE het=  resseq=173 icode= >,4lg0_A_B,2.19
138,0.0,ILE, ,CA,71.59,13.29,0.0,3.20,1.0,<Residue ILE het=  resseq=173 icode= >,4lg0_A_B,2.19
139,0.0,ILE, ,C,75.78,14.71,0.0,3.70,1.0,<Residue ILE het=  resseq=173 icode= >,4lg0_A_B,2.19
140,0.0,ILE, ,O,70.99,14.98,0.0,3.38,1.0,<Residue ILE het=  resseq=173 icode= >,4lg0_A_B,2.19
141,0.0,ILE, ,CB,64.65,12.63,0.0,2.68,1.0,<Residue ILE het=  resseq=173 icode= >,4lg0_A_B,2.19
142,0.0,ILE, ,CG1,68.84,11.15,0.0,1.21,1.0,<Residue ILE het=  resseq=173 icode= >,4lg0_A_B,2.19
143,0.0,ILE, ,CG2,66.64,12.81,0.0,0.87,1.0,<Residue ILE het=  resseq=173 icode= >,4lg0_A_B,2.19
144,0.0,ILE, ,CD1,65.26,10.56,0.0,0.62,1.0,<Residue ILE het=  resseq=173 icode= >,4lg0_A_B,2.19
145,0.0,GLU, ,N,79.84,15.67,0.0,3.23,1.0,<Residue GLU het=  resseq=174 icode= >,4lg0_A_B,2.19
146,0.0,GLU, ,CA,85.59,17.06,0.0,3.96,1.0,<Residue GLU het=  resseq=174 icode= >,4lg0_A_B,2.19
147,1.757,GLU, ,C,82.17,17.67,0.0,4.77,1.0,<Residue GLU het=  resseq=174 icode= >,4lg0_A_B,2.19
148,6.154,GLU, ,O,89.24,18.36,0.0,2.47,1.0,<Residue GLU het=  resseq=174 icode= >,4lg0_A_B,2.19
149,11.902,GLU, ,CB,87.33,16.75,0.0,3.47,1.0,<Residue GLU het=  resseq=174 icode= >,4lg0_A_B,2.19
150,10.965,GLU, ,CG,88.99,16.00,0.0,2.83,1.0,<Residue GLU het=  resseq=174 icode= >,4lg0_A_B,2.19
151,8.09,GLU, ,CD,91.45,14.92,0.0,2.44,1.0,<Residue GLU het=  resseq=174 icode= >,4lg0_A_B,2.19
152,20.034,GLU, ,OE1,91.05,14.69,0.0,1.41,1.0,<Residue GLU het=  resseq=174 icode= >,4lg0_A_B,2.19
153,29.551,GLU, ,OE2,95.48,14.40,0.0,1.26,1.0,<Residue GLU het=  resseq=174 icode= >,4lg0_A_B,2.19
154,1.279,SER, ,N,81.74,17.45,0.0,4.30,1.0,<Residue SER het=  resseq=175 icode= >,4lg0_A_B,2.19
155,12.487,SER, ,CA,86.06,18.06,0.0,3.91,1.0,<Residue SER het=  resseq=175 icode= >,4lg0_A_B,2.19
156,1.335,SER, ,C,87.78,17.70,0.0,3.84,1.0,<Residue SER het=  resseq=175 icode= >,4lg0_A_B,2.19
157,25.245,SER, ,O,92.25,18.44,0.0,2.09,1.0,<Residue SER het=  resseq=175 icode= >,4lg0_A_B,2.19
158,25.276,SER, ,CB,86.14,17.91,0.0,2.36,1.0,<Residue SER het=  resseq=175 icode= >,4lg0_A_B,2.19
159,8.052,SER, ,OG,86.84,16.84,0.0,1.73,1.0,<Residue SER het=  resseq=175 icode= >,4lg0_A_B,2.19
160,0.0,SER, ,N,85.17,16.69,0.0,3.37,1.0,<Residue SER het=  resseq=176 icode= >,4lg0_A_B,2.19
161,6.261,SER, ,CA,80.78,16.42,0.0,3.17,1.0,<Residue SER het=  resseq=176 icode= >,4lg0_A_B,2.19
162,0.874,SER, ,C,87.99,17.37,0.0,3.57,1.0,<Residue SER het=  resseq=176 icode= >,4lg0_A_B,2.19
163,2.215,SER, ,O,82.62,17.69,0.0,2.71,1.0,<Residue SER het=  resseq=176 icode= >,4lg0_A_B,2.19
164,7.937,SER, ,CB,76.24,14.95,0.0,2.83,1.0,<Residue SER het=  resseq=176 icode= >,4lg0_A_B,2.19
165,0.0,SER, ,OG,73.25,14.60,0.0,2.58,1.0,<Residue SER het=  resseq=176 icode= >,4lg0_A_B,2.19
166,8.043,ALA, ,N,92.05,17.91,0.0,3.00,1.0,<Residue ALA het=  resseq=177 icode= >,4lg0_A_B,2.19
167,13.315,ALA, ,CA,102.54,18.92,0.0,2.28,1.0,<Residue ALA het=  resseq=177 icode= >,4lg0_A_B,2.19
168,0.55,ALA, ,C,102.29,18.46,0.0,3.17,1.0,<Residue ALA het=  resseq=177 icode= >,4lg0_A_B,2.19
169,23.057,ALA, ,O,97.67,19.25,0.0,1.73,1.0,<Residue ALA het=  resseq=177 icode= >,4lg0_A_B,2.19
170,61.475,ALA, ,CB,107.09,19.46,0.0,0.97,1.0,<Residue ALA het=  resseq=177 icode= >,4lg0_A_B,2.19
171,0.746,GLU, ,N,102.54,17.25,0.0,3.40,1.0,<Residue GLU het=  resseq=178 icode= >,4lg0_A_B,2.19
172,6.924,GLU, ,CA,98.27,16.92,0.0,3.53,1.0,<Residue GLU het=  resseq=178 icode= >,4lg0_A_B,2.19
173,0.527,GLU, ,C,91.84,16.13,0.0,4.33,1.0,<Residue GLU het=  resseq=178 icode= >,4lg0_A_B,2.19
174,10.087,GLU, ,O,86.4,15.83,0.0,2.79,1.0,<Residue GLU het=  resseq=178 icode= >,4lg0_A_B,2.19
175,7.282,GLU, ,CB,100.25,16.24,0.0,2.37,1.0,<Residue GLU het=  resseq=178 icode= >,4lg0_A_B,2.19
176,20.674,GLU, ,CG,107.59,17.07,0.0,1.86,1.0,<Residue GLU het=  resseq=178 icode= >,4lg0_A_B,2.19
177,9.191,GLU, ,CD,117.91,16.39,0.0,1.50,1.0,<Residue GLU het=  resseq=178 icode= >,4lg0_A_B,2.19
178,16.014,GLU, ,OE1,128.38,15.27,0.0,0.83,1.0,<Residue GLU het=  resseq=178 icode= >,4lg0_A_B,2.19
179,34.306,GLU, ,OE2,123.98,17.06,0.0,0.80,1.0,<Residue GLU het=  resseq=178 icode= >,4lg0_A_B,2.19
180,0.0,LYS, ,N,89.01,15.96,0.0,3.28,1.0,<Residue LYS het=  resseq=179 icode= >,4lg0_A_B,2.19
181,0.0,LYS, ,CA,86.92,15.38,0.0,3.00,1.0,<Residue LYS het=  resseq=179 icode= >,4lg0_A_B,2.19
182,0.0,LYS, ,C,80.41,13.90,0.0,3.69,1.0,<Residue LYS het=  resseq=179 icode= >,4lg0_A_B,2.19
183,1.09,LYS, ,O,64.97,13.62,0.0,2.63,1.0,<Residue LYS het=  resseq=179 icode= >,4lg0_A_B,2.19
184,14.779,LYS, ,CB,82.61,16.30,0.0,2.25,1.0,<Residue LYS het=  resseq=179 icode= >,4lg0_A_B,2.19
185,23.891,LYS, ,CG,91.77,17.79,0.0,0.95,1.0,<Residue LYS het=  resseq=179 icode= >,4lg0_A_B,2.19
186,7.314,LYS, ,CD,91.4,18.09,0.0,1.42,1.0,<Residue LYS het=  resseq=179 icode= >,4lg0_A_B,2.19
187,36.673,LYS, ,CE,93.94,19.53,0.0,0.91,1.0,<Residue LYS het=  resseq=179 icode= >,4lg0_A_B,2.19
188,24.591,LYS, ,NZ,92.14,19.87,0.0,0.27,1.0,<Residue LYS het=  resseq=179 icode= >,4lg0_A_B,2.19
189,0.0,ARG, ,N,78.53,13.14,0.0,3.24,1.0,<Residue ARG het=  resseq=180 icode= >,4lg0_A_B,2.19
190,0.0,ARG, ,CA,77.43,11.71,0.0,3.78,1.0,<Residue ARG het=  resseq=180 icode= >,4lg0_A_B,2.19
191,0.0,ARG, ,C,78.23,11.11,0.0,4.06,1.0,<Residue ARG het=  resseq=180 icode= >,4lg0_A_B,2.19
192,4.257,ARG, ,O,82.75,11.87,0.0,2.96,1.0,<Residue ARG het=  resseq=180 icode= >,4lg0_A_B,2.19
193,0.0,ARG, ,CB,79.07,11.68,0.0,2.86,1.0,<Residue ARG het=  resseq=180 icode= >,4lg0_A_B,2.19
194,0.03,ARG, ,CG,85.23,12.09,0.0,2.61,1.0,<Residue ARG het=  resseq=180 icode= >,4lg0_A_B,2.19
195,1.209,ARG, ,CD,92.57,12.28,0.0,1.73,1.0,<Residue ARG het=  resseq=180 icode= >,4lg0_A_B,2.19
196,0.0,ARG, ,NE,100.82,12.95,0.0,2.37,1.0,<Residue ARG het=  resseq=180 icode= >,4lg0_A_B,2.19
197,2.411,ARG, ,CZ,99.63,13.34,0.0,2.66,1.0,<Residue ARG het=  resseq=180 icode= >,4lg0_A_B,2.19
198,37.165,ARG, ,NH1,94.83,13.16,0.0,1.54,1.0,<Residue ARG het=  resseq=180 icode= >,4lg0_A_B,2.19
199,28.913,ARG, ,NH2,100.87,14.09,0.0,1.68,1.0,<Residue ARG het=  resseq=180 icode= >,4lg0_A_B,2.19
200,0.0,LEU, ,N,76.5,9.87,0.0,2.89,1.0,<Residue LEU het=  resseq=181 icode= >,4lg0_A_B,2.19
201,0.0,LEU, ,CA,73.07,9.35,0.0,2.82,1.0,<Residue LEU het=  resseq=181 icode= >,4lg0_A_B,2.19
202,0.0,LEU, ,C,74.79,7.83,0.0,4.16,1.0,<Residue LEU het=  resseq=181 icode= >,4lg0_A_B,2.19
203,0.0,LEU, ,O,64.8,7.11,0.0,3.05,1.0,<Residue LEU het=  resseq=181 icode= >,4lg0_A_B,2.19
204,0.0,LEU, ,CB,74.41,9.76,0.0,1.46,1.0,<Residue LEU het=  resseq=181 icode= >,4lg0_A_B,2.19
205,0.0,LEU, ,CG,79.08,11.28,0.0,2.16,1.0,<Residue LEU het=  resseq=181 icode= >,4lg0_A_B,2.19
206,1.363,LEU, ,CD1,73.77,11.61,0.0,0.97,1.0,<Residue LEU het=  resseq=181 icode= >,4lg0_A_B,2.19
207,22.256,LEU, ,CD2,78.08,11.99,0.0,0.99,1.0,<Residue LEU het=  resseq=181 icode= >,4lg0_A_B,2.19
208,0.0,THR, ,N,74.89,7.55,0.0,3.83,1.0,<Residue THR het=  resseq=182 icode= >,4lg0_A_B,2.19
209,0.0,THR, ,CA,71.89,6.29,0.0,4.41,1.0,<Residue THR het=  resseq=182 icode= >,4lg0_A_B,2.19
210,0.0,THR, ,C,70.95,5.97,0.0,4.67,1.0,<Residue THR het=  resseq=182 icode= >,4lg0_A_B,2.19
211,0.0,THR, ,O,65.28,6.96,0.0,3.42,1.0,<Residue THR het=  resseq=182 icode= >,4lg0_A_B,2.19
212,1.845,THR, ,CB,72.99,6.61,0.0,4.22,1.0,<Residue THR het=  resseq=182 icode= >,4lg0_A_B,2.19
213,3.01,THR, ,OG1,77.32,6.91,0.0,2.88,1.0,<Residue THR het=  resseq=182 icode= >,4lg0_A_B,2.19
214,13.473,THR, ,CG2,74.58,7.28,0.0,1.66,1.0,<Residue THR het=  resseq=182 icode= >,4lg0_A_B,2.19
215,0.105,LEU, ,N,64.89,4.81,0.105,3.91,1.0,<Residue LEU het=  resseq=183 icode= >,4lg0_A_B,2.19
216,0.0,LEU, ,CA,65.81,4.87,0.0,3.91,1.0,<Residue LEU het=  resseq=183 icode= >,4lg0_A_B,2.19
217,0.0,LEU, ,C,62.82,5.15,0.0,5.85,1.0,<Residue LEU het=  resseq=183 icode= >,4lg0_A_B,2.19
218,0.0,LEU, ,O,62.87,5.75,0.0,3.70,1.0,<Residue LEU het=  resseq=183 icode= >,4lg0_A_B,2.19
219,7.333,LEU, ,CB,58.55,3.84,7.261,2.20,1.0,<Residue LEU het=  resseq=183 icode= >,4lg0_A_B,2.19
220,0.311,LEU, ,CG,56.84,4.42,0.311,2.61,1.0,<Residue LEU het=  resseq=183 icode= >,4lg0_A_B,2.19
221,0.509,LEU, ,CD1,55.05,5.03,0.0,1.25,1.0,<Residue LEU het=  resseq=183 icode= >,4lg0_A_B,2.19
222,31.264,LEU, ,CD2,57.55,3.52,30.197,1.18,1.0,<Residue LEU het=  resseq=183 icode= >,4lg0_A_B,2.19
223,0.533,SER, ,N,69.86,4.50,0.533,5.27,1.0,<Residue SER het=  resseq=184 icode= >,4lg0_A_B,2.19
224,0.857,SER, ,CA,75.68,4.56,0.741,4.72,1.0,<Residue SER het=  resseq=184 icode= >,4lg0_A_B,2.19
225,0.0,SER, ,C,76.37,6.07,0.0,5.02,1.0,<Residue SER het=  resseq=184 icode= >,4lg0_A_B,2.19
226,0.509,SER, ,O,78.86,6.67,0.0,2.99,1.0,<Residue SER het=  resseq=184 icode= >,4lg0_A_B,2.19
227,30.603,SER, ,CB,82.61,4.32,10.435,3.10,1.0,<Residue SER het=  resseq=184 icode= >,4lg0_A_B,2.19
228,27.583,SER, ,OG,89.29,4.81,0.0,1.95,1.0,<Residue SER het=  resseq=184 icode= >,4lg0_A_B,2.19
229,0.0,GLN, ,N,73.12,6.86,0.0,4.36,1.0,<Residue GLN het=  resseq=185 icode= >,4lg0_A_B,2.19
230,0.373,GLN, ,CA,76.29,8.32,0.0,3.89,1.0,<Residue GLN het=  resseq=185 icode= >,4lg0_A_B,2.19
231,0.0,GLN, ,C,75.65,8.90,0.0,4.79,1.0,<Residue GLN het=  resseq=185 icode= >,4lg0_A_B,2.19
232,2.641,GLN, ,O,73.83,9.91,0.0,2.77,1.0,<Residue GLN het=  resseq=185 icode= >,4lg0_A_B,2.19
233,3.075,GLN, ,CB,75.21,9.16,0.0,2.58,1.0,<Residue GLN het=  resseq=185 icode= >,4lg0_A_B,2.19
234,12.557,GLN, ,CG,79.74,9.15,0.0,2.37,1.0,<Residue GLN het=  resseq=185 icode= >,4lg0_A_B,2.19
235,0.42,GLN, ,CD,85.06,10.07,0.0,3.09,1.0,<Residue GLN het=  resseq=185 icode= >,4lg0_A_B,2.19
236,0.198,GLN, ,OE1,83.11,10.16,0.0,2.54,1.0,<Residue GLN het=  resseq=185 icode= >,4lg0_A_B,2.19
237,50.163,GLN, ,NE2,91.81,10.90,0.0,1.31,1.0,<Residue GLN het=  resseq=185 icode= >,4lg0_A_B,2.19
238,0.0,ILE, ,N,71.51,8.45,0.0,4.72,1.0,<Residue ILE het=  resseq=186 icode= >,4lg0_A_B,2.19
239,0.0,ILE, ,CA,66.97,9.24,0.0,4.68,1.0,<Residue ILE het=  resseq=186 icode= >,4lg0_A_B,2.19
240,0.0,ILE, ,C,69.75,9.16,0.0,4.82,1.0,<Residue ILE het=  resseq=186 icode= >,4lg0_A_B,2.19
241,0.0,ILE, ,O,66.52,10.28,0.0,2.85,1.0,<Residue ILE het=  resseq=186 icode= >,4lg0_A_B,2.19
242,0.0,ILE, ,CB,63.47,8.74,0.0,4.08,1.0,<Residue ILE het=  resseq=186 icode= >,4lg0_A_B,2.19
243,0.0,ILE, ,CG1,63.16,8.54,0.0,2.50,1.0,<Residue ILE het=  resseq=186 icode= >,4lg0_A_B,2.19
244,0.0,ILE, ,CG2,61.66,9.52,0.0,2.23,1.0,<Residue ILE het=  resseq=186 icode= >,4lg0_A_B,2.19
245,0.0,ILE, ,CD1,61.85,7.50,0.0,1.36,1.0,<Residue ILE het=  resseq=186 icode= >,4lg0_A_B,2.19
246,0.0,TYR, ,N,66.85,8.01,0.0,4.42,1.0,<Residue TYR het=  resseq=187 icode= >,4lg0_A_B,2.19
247,0.0,TYR, ,CA,68.42,8.23,0.0,3.62,1.0,<Residue TYR het=  resseq=187 icode= >,4lg0_A_B,2.19
248,0.554,TYR, ,C,74.16,9.29,0.0,3.89,1.0,<Residue TYR het=  resseq=187 icode= >,4lg0_A_B,2.19
249,0.0,TYR, ,O,68.0,10.28,0.0,2.64,1.0,<Residue TYR het=  resseq=187 icode= >,4lg0_A_B,2.19
250,7.365,TYR, ,CB,68.41,7.05,0.0,2.16,1.0,<Residue TYR het=  resseq=187 icode= >,4lg0_A_B,2.19
251,0.0,TYR, ,CG,66.59,5.87,0.0,4.21,1.0,<Residue TYR het=  resseq=187 icode= >,4lg0_A_B,2.19
252,0.0,TYR, ,CD1,63.4,6.12,0.0,2.62,1.0,<Residue TYR het=  resseq=187 icode= >,4lg0_A_B,2.19
253,7.989,TYR, ,CD2,62.5,4.63,0.406,3.28,1.0,<Residue TYR het=  resseq=187 icode= >,4lg0_A_B,2.19
254,0.0,TYR, ,CE1,64.52,5.31,0.0,2.66,1.0,<Residue TYR het=  resseq=187 icode= >,4lg0_A_B,2.19
255,17.804,TYR, ,CE2,58.45,3.48,12.893,2.99,1.0,<Residue TYR het=  resseq=187 icode= >,4lg0_A_B,2.19
256,0.0,TYR, ,CZ,59.12,3.94,0.0,4.85,1.0,<Residue TYR het=  resseq=187 icode= >,4lg0_A_B,2.19
257,1.192,TYR, ,OH,62.55,3.54,1.192,3.00,1.0,<Residue TYR het=  resseq=187 icode= >,4lg0_A_B,2.19
258,0.0,GLU, ,N,83.16,9.23,0.0,3.57,1.0,<Residue GLU het=  resseq=188 icode= >,4lg0_A_B,2.19
259,3.868,GLU, ,CA,87.81,10.31,0.0,4.09,1.0,<Residue GLU het=  resseq=188 icode= >,4lg0_A_B,2.19
260,0.0,GLU, ,C,81.79,11.60,0.0,4.71,1.0,<Residue GLU het=  resseq=188 icode= >,4lg0_A_B,2.19
261,0.957,GLU, ,O,82.68,12.60,0.0,2.39,1.0,<Residue GLU het=  resseq=188 icode= >,4lg0_A_B,2.19
262,8.342,GLU, ,CB,98.18,10.22,0.0,2.57,1.0,<Residue GLU het=  resseq=188 icode= >,4lg0_A_B,2.19
263,26.394,GLU, ,CG,109.2,9.35,0.0,1.94,1.0,<Residue GLU het=  resseq=188 icode= >,4lg0_A_B,2.19
264,8.052,GLU, ,CD,122.78,9.37,0.0,1.34,1.0,<Residue GLU het=  resseq=188 icode= >,4lg0_A_B,2.19
265,34.007,GLU, ,OE1,123.31,10.48,0.0,1.22,1.0,<Residue GLU het=  resseq=188 icode= >,4lg0_A_B,2.19
266,21.859,GLU, ,OE2,122.27,8.42,0.0,0.98,1.0,<Residue GLU het=  resseq=188 icode= >,4lg0_A_B,2.19
267,1.036,TRP, ,N,76.87,11.68,0.0,4.37,1.0,<Residue TRP het=  resseq=189 icode= >,4lg0_A_B,2.19
268,0.513,TRP, ,CA,78.02,12.96,0.0,4.03,1.0,<Residue TRP het=  resseq=189 icode= >,4lg0_A_B,2.19
269,0.0,TRP, ,C,81.7,13.52,0.0,4.08,1.0,<Residue TRP het=  resseq=189 icode= >,4lg0_A_B,2.19
270,0.0,TRP, ,O,79.11,14.75,0.0,2.23,1.0,<Residue TRP het=  resseq=189 icode= >,4lg0_A_B,2.19
271,2.971,TRP, ,CB,74.32,13.04,0.0,3.16,1.0,<Residue TRP het=  resseq=189 icode= >,4lg0_A_B,2.19
272,0.0,TRP, ,CG,80.27,14.45,0.0,3.36,1.0,<Residue TRP het=  resseq=189 icode= >,4lg0_A_B,2.19
273,9.472,TRP, ,CD1,86.28,15.39,0.0,2.43,1.0,<Residue TRP het=  resseq=189 icode= >,4lg0_A_B,2.19
274,0.0,TRP, ,CD2,76.41,14.83,0.0,3.68,1.0,<Residue TRP het=  resseq=189 icode= >,4lg0_A_B,2.19
275,6.951,TRP, ,NE1,84.14,16.52,0.0,2.61,1.0,<Residue TRP het=  resseq=189 icode= >,4lg0_A_B,2.19
276,0.0,TRP, ,CE2,82.02,15.19,0.0,3.31,1.0,<Residue TRP het=  resseq=189 icode= >,4lg0_A_B,2.19
277,0.0,TRP, ,CE3,78.18,13.54,0.0,2.24,1.0,<Residue TRP het=  resseq=189 icode= >,4lg0_A_B,2.19
278,13.015,TRP, ,CZ2,80.53,14.38,0.0,1.64,1.0,<Residue TRP het=  resseq=189 icode= >,4lg0_A_B,2.19
279,0.0,TRP, ,CZ3,78.94,12.61,0.0,1.88,1.0,<Residue TRP het=  resseq=189 icode= >,4lg0_A_B,2.19
280,6.051,TRP, ,CH2,80.2,13.07,0.0,1.63,1.0,<Residue TRP het=  resseq=189 icode= >,4lg0_A_B,2.19
281,0.0,MET, ,N,73.93,12.78,0.0,3.65,1.0,<Residue MET het=  resseq=190 icode= >,4lg0_A_B,2.19
282,0.0,MET, ,CA,71.2,13.32,0.0,4.40,1.0,<Residue MET het=  resseq=190 icode= >,4lg0_A_B,2.19
283,0.0,MET, ,C,77.58,13.72,0.0,4.66,1.0,<Residue MET het=  resseq=190 icode= >,4lg0_A_B,2.19
284,0.0,MET, ,O,76.86,13.50,0.0,2.59,1.0,<Residue MET het=  resseq=190 icode= >,4lg0_A_B,2.19
285,0.0,MET, ,CB,74.27,12.06,0.0,2.42,1.0,<Residue MET het=  resseq=190 icode= >,4lg0_A_B,2.19
286,0.0,MET, ,CG,75.59,11.67,0.0,2.61,1.0,<Residue MET het=  resseq=190 icode= >,4lg0_A_B,2.19
287,0.0,MET, ,SD,78.39,10.75,0.0,4.57,1.0,<Residue MET het=  resseq=190 icode= >,4lg0_A_B,2.19
288,0.0,MET, ,CE,75.55,10.68,0.0,1.19,1.0,<Residue MET het=  resseq=190 icode= >,4lg0_A_B,2.19
289,0.0,VAL, ,N,80.38,13.45,0.0,4.06,1.0,<Residue VAL het=  resseq=191 icode= >,4lg0_A_B,2.19
290,0.0,VAL, ,CA,84.66,14.09,0.0,3.79,1.0,<Residue VAL het=  resseq=191 icode= >,4lg0_A_B,2.19
291,0.0,VAL, ,C,88.27,15.26,0.0,3.33,1.0,<Residue VAL het=  resseq=191 icode= >,4lg0_A_B,2.19
292,0.041,VAL, ,O,100.84,16.31,0.0,1.26,1.0,<Residue VAL het=  resseq=191 icode= >,4lg0_A_B,2.19
293,0.695,VAL, ,CB,83.07,13.14,0.0,2.60,1.0,<Residue VAL het=  resseq=191 icode= >,4lg0_A_B,2.19
294,33.828,VAL, ,CG1,85.99,13.87,0.0,1.07,1.0,<Residue VAL het=  resseq=191 icode= >,4lg0_A_B,2.19
295,4.376,VAL, ,CG2,81.46,12.38,0.0,0.34,1.0,<Residue VAL het=  resseq=191 icode= >,4lg0_A_B,2.19
296,0.0,LYS, ,N,90.25,15.17,0.0,2.91,1.0,<Residue LYS het=  resseq=192 icode= >,4lg0_A_B,2.19
297,2.329,LYS, ,CA,102.16,16.31,0.0,3.00,1.0,<Residue LYS het=  resseq=192 icode= >,4lg0_A_B,2.19
298,0.561,LYS, ,C,99.66,17.40,0.0,3.80,1.0,<Residue LYS het=  resseq=192 icode= >,4lg0_A_B,2.19
299,18.161,LYS, ,O,104.34,18.55,0.0,1.76,1.0,<Residue LYS het=  resseq=192 icode= >,4lg0_A_B,2.19
300,7.054,LYS, ,CB,111.32,15.90,0.0,1.58,1.0,<Residue LYS het=  resseq=192 icode= >,4lg0_A_B,2.19
301,19.197,LYS, ,CG,124.61,17.10,0.0,0.92,1.0,<Residue LYS het=  resseq=192 icode= >,4lg0_A_B,2.19
302,40.056,LYS, ,CD,131.19,16.88,0.0,0.76,1.0,<Residue LYS het=  resseq=192 icode= >,4lg0_A_B,2.19
303,33.56,LYS, ,CE,135.4,15.67,0.0,0.47,1.0,<Residue LYS het=  resseq=192 icode= >,4lg0_A_B,2.19
304,24.11,LYS, ,NZ,136.52,15.75,0.0,0.54,1.0,<Residue LYS het=  resseq=192 icode= >,4lg0_A_B,2.19
305,0.0,SER, ,N,96.05,16.81,0.0,3.79,1.0,<Residue SER het=  resseq=193 icode= >,4lg0_A_B,2.19
306,7.296,SER, ,CA,95.14,16.36,0.0,3.72,1.0,<Residue SER het=  resseq=193 icode= >,4lg0_A_B,2.19
307,3.089,SER, ,C,99.2,15.26,0.0,2.90,1.0,<Residue SER het=  resseq=193 icode= >,4lg0_A_B,2.19
308,23.917,SER, ,O,97.34,15.22,0.0,1.18,1.0,<Residue SER het=  resseq=193 icode= >,4lg0_A_B,2.19
309,10.024,SER, ,CB,90.16,15.98,0.0,2.16,1.0,<Residue SER het=  resseq=193 icode= >,4lg0_A_B,2.19
310,7.021,SER, ,OG,97.9,17.06,0.0,1.17,1.0,<Residue SER het=  resseq=193 icode= >,4lg0_A_B,2.19
311,0.0,VAL, ,N,90.55,14.47,0.0,3.26,1.0,<Residue VAL het=  resseq=194 icode= >,4lg0_A_B,2.19
312,0.777,VAL, ,CA,86.58,13.44,0.0,3.70,1.0,<Residue VAL het=  resseq=194 icode= >,4lg0_A_B,2.19
313,0.743,VAL, ,C,93.73,13.78,0.0,3.15,1.0,<Residue VAL het=  resseq=194 icode= >,4lg0_A_B,2.19
314,0.0,VAL, ,O,89.07,13.44,0.0,2.07,1.0,<Residue VAL het=  resseq=194 icode= >,4lg0_A_B,2.19
315,0.0,VAL, ,CB,91.32,12.09,0.0,2.10,1.0,<Residue VAL het=  resseq=194 icode= >,4lg0_A_B,2.19
316,4.086,VAL, ,CG1,86.43,11.14,0.0,0.23,1.0,<Residue VAL het=  resseq=194 icode= >,4lg0_A_B,2.19
317,4.705,VAL, ,CG2,92.92,11.61,0.0,-0.39,1.0,<Residue VAL het=  resseq=194 icode= >,4lg0_A_B,2.19
318,0.125,PRO, ,N,95.65,14.37,0.0,2.02,1.0,<Residue PRO het=  resseq=195 icode= >,4lg0_A_B,2.19
319,8.216,PRO, ,CA,91.38,14.87,0.0,2.56,1.0,<Residue PRO het=  resseq=195 icode= >,4lg0_A_B,2.19
320,1.901,PRO, ,C,81.87,13.88,0.0,3.82,1.0,<Residue PRO het=  resseq=195 icode= >,4lg0_A_B,2.19
321,8.208,PRO, ,O,83.56,14.29,0.0,3.24,1.0,<Residue PRO het=  resseq=195 icode= >,4lg0_A_B,2.19
322,35.772,PRO, ,CB,95.12,15.41,0.0,0.87,1.0,<Residue PRO het=  resseq=195 icode= >,4lg0_A_B,2.19
323,44.316,PRO, ,CG,98.51,15.36,0.0,0.43,1.0,<Residue PRO het=  resseq=195 icode= >,4lg0_A_B,2.19
324,16.164,PRO, ,CD,95.79,14.22,0.0,1.01,1.0,<Residue PRO het=  resseq=195 icode= >,4lg0_A_B,2.19
325,1.734,TYR, ,N,79.66,12.68,0.0,3.54,1.0,<Residue TYR het=  resseq=196 icode= >,4lg0_A_B,2.19
326,8.656,TYR, ,CA,82.9,11.74,0.0,4.27,1.0,<Residue TYR het=  resseq=196 icode= >,4lg0_A_B,2.19
327,0.0,TYR, ,C,84.41,11.66,0.0,4.90,1.0,<Residue TYR het=  resseq=196 icode= >,4lg0_A_B,2.19
328,1.009,TYR, ,O,80.11,11.84,0.0,3.18,1.0,<Residue TYR het=  resseq=196 icode= >,4lg0_A_B,2.19
329,2.103,TYR, ,CB,89.12,10.37,0.0,2.10,1.0,<Residue TYR het=  resseq=196 icode= >,4lg0_A_B,2.19
330,0.0,TYR, ,CG,87.32,9.25,0.0,2.94,1.0,<Residue TYR het=  resseq=196 icode= >,4lg0_A_B,2.19
331,12.793,TYR, ,CD1,87.61,9.48,0.0,1.73,1.0,<Residue TYR het=  resseq=196 icode= >,4lg0_A_B,2.19
332,0.0,TYR, ,CD2,85.92,8.13,0.0,2.22,1.0,<Residue TYR het=  resseq=196 icode= >,4lg0_A_B,2.19
333,17.958,TYR, ,CE1,86.88,8.71,0.0,2.14,1.0,<Residue TYR het=  resseq=196 icode= >,4lg0_A_B,2.19
334,7.834,TYR, ,CE2,84.31,7.21,0.0,2.48,1.0,<Residue TYR het=  resseq=196 icode= >,4lg0_A_B,2.19
335,0.0,TYR, ,CZ,89.09,7.55,0.0,2.92,1.0,<Residue TYR het=  resseq=196 icode= >,4lg0_A_B,2.19
336,37.012,TYR, ,OH,91.53,6.96,0.0,1.27,1.0,<Residue TYR het=  resseq=196 icode= >,4lg0_A_B,2.19
337,0.0,PHE, ,N,90.84,11.60,0.0,3.11,1.0,<Residue PHE het=  resseq=197 icode= >,4lg0_A_B,2.19
338,0.0,PHE, ,CA,92.07,11.60,0.0,3.47,1.0,<Residue PHE het=  resseq=197 icode= >,4lg0_A_B,2.19
339,0.0,PHE, ,C,96.89,13.04,0.0,3.77,1.0,<Residue PHE het=  resseq=197 icode= >,4lg0_A_B,2.19
340,0.0,PHE, ,O,82.93,13.36,0.0,2.20,1.0,<Residue PHE het=  resseq=197 icode= >,4lg0_A_B,2.19
341,0.0,PHE, ,CB,85.82,11.08,0.0,2.17,1.0,<Residue PHE het=  resseq=197 icode= >,4lg0_A_B,2.19
342,0.0,PHE, ,CG,82.01,9.60,0.0,2.99,1.0,<Residue PHE het=  resseq=197 icode= >,4lg0_A_B,2.19
343,0.0,PHE, ,CD1,76.8,8.75,0.0,2.31,1.0,<Residue PHE het=  resseq=197 icode= >,4lg0_A_B,2.19
344,0.0,PHE, ,CD2,81.12,9.20,0.0,1.98,1.0,<Residue PHE het=  resseq=197 icode= >,4lg0_A_B,2.19
345,3.372,PHE, ,CE1,74.05,7.37,0.0,1.85,1.0,<Residue PHE het=  resseq=197 icode= >,4lg0_A_B,2.19
346,0.198,PHE, ,CE2,76.8,7.90,0.0,2.09,1.0,<Residue PHE het=  resseq=197 icode= >,4lg0_A_B,2.19
347,0.047,PHE, ,CZ,74.28,6.88,0.0,2.33,1.0,<Residue PHE het=  resseq=197 icode= >,4lg0_A_B,2.19
348,0.0,LYS, ,N,103.92,14.01,0.0,3.24,1.0,<Residue LYS het=  resseq=198 icode= >,4lg0_A_B,2.19
349,0.0,LYS, ,CA,107.39,15.44,0.0,2.48,1.0,<Residue LYS het=  resseq=198 icode= >,4lg0_A_B,2.19
350,0.11,LYS, ,C,93.82,15.91,0.0,3.80,1.0,<Residue LYS het=  resseq=198 icode= >,4lg0_A_B,2.19
351,14.507,LYS, ,O,85.76,16.46,0.0,2.71,1.0,<Residue LYS het=  resseq=198 icode= >,4lg0_A_B,2.19
352,7.583,LYS, ,CB,120.28,16.34,0.0,0.63,1.0,<Residue LYS het=  resseq=198 icode= >,4lg0_A_B,2.19
353,24.138,LYS, ,CG,131.2,17.84,0.0,0.22,1.0,<Residue LYS het=  resseq=198 icode= >,4lg0_A_B,2.19
354,5.252,LYS, ,CD,139.78,18.23,0.0,-0.11,1.0,<Residue LYS het=  resseq=198 icode= >,4lg0_A_B,2.19
355,36.741,LYS, ,CE,144.54,19.69,0.0,-0.18,1.0,<Residue LYS het=  resseq=198 icode= >,4lg0_A_B,2.19
356,44.269,LYS, ,NZ,144.85,20.24,0.0,0.13,1.0,<Residue LYS het=  resseq=198 icode= >,4lg0_A_B,2.19
357,0.0,ASP, ,N,89.58,15.33,0.0,3.26,1.0,<Residue ASP het=  resseq=199 icode= >,4lg0_A_B,2.19
358,7.337,ASP, ,CA,101.41,15.91,0.0,2.55,1.0,<Residue ASP het=  resseq=199 icode= >,4lg0_A_B,2.19
359,2.482,ASP, ,C,95.2,15.09,0.0,3.12,1.0,<Residue ASP het=  resseq=199 icode= >,4lg0_A_B,2.19
360,12.154,ASP, ,O,94.13,14.97,0.0,2.24,1.0,<Residue ASP het=  resseq=199 icode= >,4lg0_A_B,2.19
361,34.521,ASP, ,CB,104.09,16.45,0.0,1.57,1.0,<Residue ASP het=  resseq=199 icode= >,4lg0_A_B,2.19
362,9.178,ASP, ,CG,108.9,15.28,0.0,1.99,1.0,<Residue ASP het=  resseq=199 icode= >,4lg0_A_B,2.19
363,1.828,ASP, ,OD1,107.88,14.16,0.0,2.17,1.0,<Residue ASP het=  resseq=199 icode= >,4lg0_A_B,2.19
364,39.512,ASP, ,OD2,108.62,15.58,0.0,1.06,1.0,<Residue ASP het=  resseq=199 icode= >,4lg0_A_B,2.19
365,0.0,LYS,x,N,96.78,14.15,0.0,2.69,0.5,<Residue LYS het=  resseq=200 icode= >,4lg0_A_B,2.19
366,0.0,LYS,x,CA,92.74,13.24,0.0,2.92,0.5,<Residue LYS het=  resseq=200 icode= >,4lg0_A_B,2.19
367,0.0,LYS,x,C,91.91,12.09,0.0,2.71,0.5,<Residue LYS het=  resseq=200 icode= >,4lg0_A_B,2.19
368,0.0,LYS,x,O,89.5,11.55,0.0,0.55,0.5,<Residue LYS het=  resseq=200 icode= >,4lg0_A_B,2.19
369,0.0,LYS,x,CB,88.62,11.81,0.0,2.27,0.5,<Residue LYS het=  resseq=200 icode= >,4lg0_A_B,2.19
370,2.615,LYS,x,CG,89.61,11.81,0.0,1.63,0.5,<Residue LYS het=  resseq=200 icode= >,4lg0_A_B,2.19
371,7.005,LYS,x,CD,85.42,10.63,0.0,1.80,0.5,<Residue LYS het=  resseq=200 icode= >,4lg0_A_B,2.19
372,24.313,LYS,x,CE,85.79,10.79,0.0,0.41,0.5,<Residue LYS het=  resseq=200 icode= >,4lg0_A_B,2.19
373,10.062,LYS,x,NZ,80.68,11.80,0.0,0.81,0.5,<Residue LYS het=  resseq=200 icode= >,4lg0_A_B,2.19
374,3.316,GLY,x,N,96.03,11.62,0.0,3.05,0.5,<Residue GLY het=  resseq=201 icode= >,4lg0_A_B,2.19
375,9.863,GLY,x,CA,100.63,10.32,0.0,2.18,0.5,<Residue GLY het=  resseq=201 icode= >,4lg0_A_B,2.19
376,3.356,GLY,x,C,105.72,9.39,0.0,2.12,0.5,<Residue GLY het=  resseq=201 icode= >,4lg0_A_B,2.19
377,29.496,GLY,x,O,108.91,8.64,0.0,1.38,0.5,<Residue GLY het=  resseq=201 icode= >,4lg0_A_B,2.19
378,0.0,ASP,x,N,108.03,9.65,0.0,2.02,0.5,<Residue ASP het=  resseq=202 icode= >,4lg0_A_B,2.19
379,5.789,ASP,x,CA,110.37,9.24,0.0,2.75,0.5,<Residue ASP het=  resseq=202 icode= >,4lg0_A_B,2.19
380,0.0,ASP,x,C,113.58,8.58,0.0,2.32,0.5,<Residue ASP het=  resseq=202 icode= >,4lg0_A_B,2.19
381,0.0,ASP,x,O,120.68,9.08,0.0,1.31,0.5,<Residue ASP het=  resseq=202 icode= >,4lg0_A_B,2.19
382,34.148,ASP,x,CB,108.62,10.57,0.0,2.01,0.5,<Residue ASP het=  resseq=202 icode= >,4lg0_A_B,2.19
383,8.31,ASP,x,CG,106.76,11.67,0.0,1.75,0.5,<Residue ASP het=  resseq=202 icode= >,4lg0_A_B,2.19
384,4.748,ASP,x,OD1,107.92,12.20,0.0,1.16,0.5,<Residue ASP het=  resseq=202 icode= >,4lg0_A_B,2.19
385,6.451,ASP,x,OD2,102.48,12.07,0.0,1.12,0.5,<Residue ASP het=  resseq=202 icode= >,4lg0_A_B,2.19
386,5.651,SER,x,N,110.34,7.37,0.0,1.28,0.5,<Residue SER het=  resseq=203 icode= >,4lg0_A_B,2.19
387,9.275,SER,x,CA,103.53,6.69,0.0,0.67,0.5,<Residue SER het=  resseq=203 icode= >,4lg0_A_B,2.19
388,1.612,SER,x,C,99.73,7.82,0.0,1.64,0.5,<Residue SER het=  resseq=203 icode= >,4lg0_A_B,2.19
389,11.203,SER,x,O,103.94,8.81,0.0,1.11,0.5,<Residue SER het=  resseq=203 icode= >,4lg0_A_B,2.19
390,47.329,SER,x,CB,101.84,6.12,0.0,0.42,0.5,<Residue SER het=  resseq=203 icode= >,4lg0_A_B,2.19
391,35.151,SER,x,OG,101.17,6.42,0.0,0.46,0.5,<Residue SER het=  resseq=203 icode= >,4lg0_A_B,2.19
392,9.264,ASN,x,N,94.6,7.92,0.0,1.60,0.5,<Residue ASN het=  resseq=204 icode= >,4lg0_A_B,2.19
393,15.307,ASN,x,CA,96.83,9.24,0.0,1.30,0.5,<Residue ASN het=  resseq=204 icode= >,4lg0_A_B,2.19
394,0.807,ASN,x,C,95.28,9.94,0.0,1.64,0.5,<Residue ASN het=  resseq=204 icode= >,4lg0_A_B,2.19
395,13.968,ASN,x,O,92.85,9.39,0.0,0.89,0.5,<Residue ASN het=  resseq=204 icode= >,4lg0_A_B,2.19
396,15.8,ASN,x,CB,99.22,10.17,0.0,1.40,0.5,<Residue ASN het=  resseq=204 icode= >,4lg0_A_B,2.19
397,5.163,ASN,x,CG,101.61,11.62,0.0,0.82,0.5,<Residue ASN het=  resseq=204 icode= >,4lg0_A_B,2.19
398,34.604,ASN,x,OD1,107.33,12.04,0.0,0.40,0.5,<Residue ASN het=  resseq=204 icode= >,4lg0_A_B,2.19
399,29.883,ASN,x,ND2,97.65,12.37,0.0,0.47,0.5,<Residue ASN het=  resseq=204 icode= >,4lg0_A_B,2.19
400,0.0,SER,x,N,90.95,10.78,0.0,1.81,0.5,<Residue SER het=  resseq=205 icode= >,4lg0_A_B,2.19
401,11.86,SER,x,CA,88.44,10.16,0.0,0.98,0.5,<Residue SER het=  resseq=205 icode= >,4lg0_A_B,2.19
402,1.921,SER,x,C,80.76,9.52,0.0,1.76,0.5,<Residue SER het=  resseq=205 icode= >,4lg0_A_B,2.19
403,13.814,SER,x,O,79.22,8.92,0.0,0.66,0.5,<Residue SER het=  resseq=205 icode= >,4lg0_A_B,2.19
404,24.384,SER,x,CB,88.35,11.18,0.0,0.39,0.5,<Residue SER het=  resseq=205 icode= >,4lg0_A_B,2.19
405,0.0,SER,x,OG,83.89,12.12,0.0,1.16,0.5,<Residue SER het=  resseq=205 icode= >,4lg0_A_B,2.19
406,0.0,SER,x,N,76.95,9.86,0.0,1.96,0.5,<Residue SER het=  resseq=206 icode= >,4lg0_A_B,2.19
407,0.0,SER,x,CA,71.81,9.55,0.0,2.09,0.5,<Residue SER het=  resseq=206 icode= >,4lg0_A_B,2.19
408,0.0,SER,x,C,69.52,8.86,0.0,2.82,0.5,<Residue SER het=  resseq=206 icode= >,4lg0_A_B,2.19
409,0.0,SER,x,O,70.91,8.82,0.0,0.72,0.5,<Residue SER het=  resseq=206 icode= >,4lg0_A_B,2.19
410,0.0,SER,x,CB,71.48,9.02,0.0,2.11,0.5,<Residue SER het=  resseq=206 icode= >,4lg0_A_B,2.19
411,3.37,SER,x,OG,68.47,7.62,0.0,1.19,0.5,<Residue SER het=  resseq=206 icode= >,4lg0_A_B,2.19
412,0.556,ALA,x,N,67.49,8.48,0.0,3.23,0.5,<Residue ALA het=  resseq=207 icode= >,4lg0_A_B,2.19
413,5.352,ALA,x,CA,65.53,8.16,0.0,4.42,0.5,<Residue ALA het=  resseq=207 icode= >,4lg0_A_B,2.19
414,0.957,ALA,x,C,63.3,7.01,0.0,5.23,0.5,<Residue ALA het=  resseq=207 icode= >,4lg0_A_B,2.19
415,3.242,ALA,x,O,64.2,6.78,0.0,2.08,0.5,<Residue ALA het=  resseq=207 icode= >,4lg0_A_B,2.19
416,58.078,ALA,x,CB,62.97,7.74,0.0,1.96,0.5,<Residue ALA het=  resseq=207 icode= >,4lg0_A_B,2.19
417,8.119,GLY,x,N,60.6,5.94,0.0,4.21,0.5,<Residue GLY het=  resseq=208 icode= >,4lg0_A_B,2.19
418,38.881,GLY,x,CA,57.52,4.90,11.301,3.62,0.5,<Residue GLY het=  resseq=208 icode= >,4lg0_A_B,2.19
419,3.98,GLY,x,C,56.78,5.77,0.0,5.13,0.5,<Residue GLY het=  resseq=208 icode= >,4lg0_A_B,2.19
420,2.958,GLY,x,O,56.11,4.94,1.55,2.73,0.5,<Residue GLY het=  resseq=208 icode= >,4lg0_A_B,2.19
421,5.618,TRP,x,N,57.09,6.55,0.0,3.84,0.5,<Residue TRP het=  resseq=209 icode= >,4lg0_A_B,2.19
422,0.47,TRP,x,CA,57.24,6.33,0.0,4.40,0.5,<Residue TRP het=  resseq=209 icode= >,4lg0_A_B,2.19
423,0.0,TRP,x,C,56.97,7.12,0.0,4.93,0.5,<Residue TRP het=  resseq=209 icode= >,4lg0_A_B,2.19
424,0.0,TRP,x,O,55.87,6.96,0.0,3.56,0.5,<Residue TRP het=  resseq=209 icode= >,4lg0_A_B,2.19
425,4.51,TRP,x,CB,55.8,6.72,0.0,3.72,0.5,<Residue TRP het=  resseq=209 icode= >,4lg0_A_B,2.19
426,0.0,TRP,x,CG,55.12,8.19,0.0,4.63,0.5,<Residue TRP het=  resseq=209 icode= >,4lg0_A_B,2.19
427,2.848,TRP,x,CD1,57.42,8.87,0.0,3.84,0.5,<Residue TRP het=  resseq=209 icode= >,4lg0_A_B,2.19
428,0.0,TRP,x,CD2,57.91,9.28,0.0,4.06,0.5,<Residue TRP het=  resseq=209 icode= >,4lg0_A_B,2.19
429,0.0,TRP,x,NE1,57.92,10.20,0.0,3.41,0.5,<Residue TRP het=  resseq=209 icode= >,4lg0_A_B,2.19
430,0.0,TRP,x,CE2,60.11,10.39,0.0,3.86,0.5,<Residue TRP het=  resseq=209 icode= >,4lg0_A_B,2.19
431,0.136,TRP,x,CE3,59.23,9.57,0.0,1.96,0.5,<Residue TRP het=  resseq=209 icode= >,4lg0_A_B,2.19
432,0.178,TRP,x,CZ2,61.0,9.83,0.0,1.55,0.5,<Residue TRP het=  resseq=209 icode= >,4lg0_A_B,2.19
433,0.0,TRP,x,CZ3,59.09,9.23,0.0,1.41,0.5,<Residue TRP het=  resseq=209 icode= >,4lg0_A_B,2.19
434,0.161,TRP,x,CH2,60.26,9.24,0.0,0.65,0.5,<Residue TRP het=  resseq=209 icode= >,4lg0_A_B,2.19
435,0.0,LYS, ,N,59.5,7.52,0.0,4.26,1.0,<Residue LYS het=  resseq=210 icode= >,4lg0_A_B,2.19
436,0.0,LYS, ,CA,56.69,7.58,0.0,5.29,1.0,<Residue LYS het=  resseq=210 icode= >,4lg0_A_B,2.19
437,0.0,LYS, ,C,52.59,6.79,0.0,5.72,1.0,<Residue LYS het=  resseq=210 icode= >,4lg0_A_B,2.19
438,0.0,LYS, ,O,57.21,7.01,0.0,3.29,1.0,<Residue LYS het=  resseq=210 icode= >,4lg0_A_B,2.19
439,1.547,LYS, ,CB,58.25,6.65,0.0,3.94,1.0,<Residue LYS het=  resseq=210 icode= >,4lg0_A_B,2.19
440,0.0,LYS, ,CG,61.84,6.83,0.0,3.92,1.0,<Residue LYS het=  resseq=210 icode= >,4lg0_A_B,2.19
441,13.275,LYS, ,CD,66.04,6.23,0.0,2.75,1.0,<Residue LYS het=  resseq=210 icode= >,4lg0_A_B,2.19
442,0.984,LYS, ,CE,68.64,6.67,0.0,2.18,1.0,<Residue LYS het=  resseq=210 icode= >,4lg0_A_B,2.19
443,31.698,LYS, ,NZ,72.66,6.25,0.0,2.02,1.0,<Residue LYS het=  resseq=210 icode= >,4lg0_A_B,2.19
444,0.0,ASN, ,N,51.28,5.81,0.0,5.05,1.0,<Residue ASN het=  resseq=211 icode= >,4lg0_A_B,2.19
445,0.0,ASN, ,CA,47.28,4.76,0.0,5.23,1.0,<Residue ASN het=  resseq=211 icode= >,4lg0_A_B,2.19
446,0.046,ASN, ,C,49.7,4.04,0.046,4.59,1.0,<Residue ASN het=  resseq=211 icode= >,4lg0_A_B,2.19
447,0.0,ASN, ,O,52.54,4.22,0.0,2.25,1.0,<Residue ASN het=  resseq=211 icode= >,4lg0_A_B,2.19
448,3.407,ASN, ,CB,45.62,4.20,0.62,3.82,1.0,<Residue ASN het=  resseq=211 icode= >,4lg0_A_B,2.19
449,5.516,ASN, ,CG,45.0,3.58,2.857,4.93,1.0,<Residue ASN het=  resseq=211 icode= >,4lg0_A_B,2.19
450,20.127,ASN, ,OD1,46.59,3.06,18.368,3.49,1.0,<Residue ASN het=  resseq=211 icode= >,4lg0_A_B,2.19
451,57.655,ASN, ,ND2,48.98,2.98,45.158,2.04,1.0,<Residue ASN het=  resseq=211 icode= >,4lg0_A_B,2.19
452,0.433,SER, ,N,52.13,3.98,0.433,4.02,1.0,<Residue SER het=  resseq=212 icode= >,4lg0_A_B,2.19
453,2.199,SER, ,CA,48.21,3.99,2.199,4.45,1.0,<Residue SER het=  resseq=212 icode= >,4lg0_A_B,2.19
454,0.0,SER, ,C,45.89,5.29,0.0,5.83,1.0,<Residue SER het=  resseq=212 icode= >,4lg0_A_B,2.19
455,0.0,SER, ,O,46.39,5.64,0.0,4.30,1.0,<Residue SER het=  resseq=212 icode= >,4lg0_A_B,2.19
456,0.328,SER, ,CB,58.27,4.39,0.061,2.18,1.0,<Residue SER het=  resseq=212 icode= >,4lg0_A_B,2.19
457,27.493,SER, ,OG,59.98,3.71,25.553,2.87,1.0,<Residue SER het=  resseq=212 icode= >,4lg0_A_B,2.19
458,0.0,ILE, ,N,48.14,6.28,0.0,5.61,1.0,<Residue ILE het=  resseq=213 icode= >,4lg0_A_B,2.19
459,0.0,ILE, ,CA,48.72,7.56,0.0,5.18,1.0,<Residue ILE het=  resseq=213 icode= >,4lg0_A_B,2.19
460,0.0,ILE, ,C,54.2,6.50,0.0,4.86,1.0,<Residue ILE het=  resseq=213 icode= >,4lg0_A_B,2.19
461,0.0,ILE, ,O,49.93,6.40,0.0,3.88,1.0,<Residue ILE het=  resseq=213 icode= >,4lg0_A_B,2.19
462,0.0,ILE, ,CB,53.32,8.66,0.0,3.85,1.0,<Residue ILE het=  resseq=213 icode= >,4lg0_A_B,2.19
463,0.0,ILE, ,CG1,62.04,9.06,0.0,1.52,1.0,<Residue ILE het=  resseq=213 icode= >,4lg0_A_B,2.19
464,0.0,ILE, ,CG2,56.76,8.58,0.0,1.74,1.0,<Residue ILE het=  resseq=213 icode= >,4lg0_A_B,2.19
465,0.046,ILE, ,CD1,64.06,8.86,0.0,0.03,1.0,<Residue ILE het=  resseq=213 icode= >,4lg0_A_B,2.19
466,0.0,ARG, ,N,47.61,5.66,0.0,3.92,1.0,<Residue ARG het=  resseq=214 icode= >,4lg0_A_B,2.19
467,1.662,ARG, ,CA,47.56,4.34,0.0,3.81,1.0,<Residue ARG het=  resseq=214 icode= >,4lg0_A_B,2.19
468,1.377,ARG, ,C,42.29,3.66,1.377,6.30,1.0,<Residue ARG het=  resseq=214 icode= >,4lg0_A_B,2.19
469,0.36,ARG, ,O,46.91,3.56,0.01,4.13,1.0,<Residue ARG het=  resseq=214 icode= >,4lg0_A_B,2.19
470,14.435,ARG, ,CB,48.98,3.85,13.553,3.02,1.0,<Residue ARG het=  resseq=214 icode= >,4lg0_A_B,2.19
471,1.752,ARG, ,CG,51.24,4.56,1.186,2.04,1.0,<Residue ARG het=  resseq=214 icode= >,4lg0_A_B,2.19
472,24.26,ARG, ,CD,50.0,3.57,24.26,2.32,1.0,<Residue ARG het=  resseq=214 icode= >,4lg0_A_B,2.19
473,13.338,ARG, ,NE,48.71,3.46,12.904,3.78,1.0,<Residue ARG het=  resseq=214 icode= >,4lg0_A_B,2.19
474,4.337,ARG, ,CZ,49.88,3.55,4.337,4.11,1.0,<Residue ARG het=  resseq=214 icode= >,4lg0_A_B,2.19
475,12.269,ARG, ,NH1,53.79,4.05,5.406,2.12,1.0,<Residue ARG het=  resseq=214 icode= >,4lg0_A_B,2.19
476,33.982,ARG, ,NH2,47.87,3.86,9.637,2.52,1.0,<Residue ARG het=  resseq=214 icode= >,4lg0_A_B,2.19
477,0.367,HIS, ,N,43.42,3.99,0.222,6.30,1.0,<Residue HIS het=  resseq=215 icode= >,4lg0_A_B,2.19
478,9.125,HIS, ,CA,44.77,3.88,9.125,4.88,1.0,<Residue HIS het=  resseq=215 icode= >,4lg0_A_B,2.19
479,0.0,HIS, ,C,51.03,4.60,0.0,5.13,1.0,<Residue HIS het=  resseq=215 icode= >,4lg0_A_B,2.19
480,0.483,HIS, ,O,52.21,3.86,0.483,3.72,1.0,<Residue HIS het=  resseq=215 icode= >,4lg0_A_B,2.19
481,8.685,HIS, ,CB,44.58,3.71,8.677,3.49,1.0,<Residue HIS het=  resseq=215 icode= >,4lg0_A_B,2.19
482,2.778,HIS, ,CG,50.06,3.59,2.778,5.01,1.0,<Residue HIS het=  resseq=215 icode= >,4lg0_A_B,2.19
483,17.752,HIS, ,ND1,53.31,2.85,17.752,4.13,1.0,<Residue HIS het=  resseq=215 icode= >,4lg0_A_B,2.19
484,13.396,HIS, ,CD2,56.12,3.85,12.112,3.33,1.0,<Residue HIS het=  resseq=215 icode= >,4lg0_A_B,2.19
485,25.961,HIS, ,CE1,56.34,3.27,22.934,3.73,1.0,<Residue HIS het=  resseq=215 icode= >,4lg0_A_B,2.19
486,21.573,HIS, ,NE2,59.13,3.36,18.161,3.61,1.0,<Residue HIS het=  resseq=215 icode= >,4lg0_A_B,2.19
487,0.0,ASN, ,N,50.91,5.92,0.0,3.40,1.0,<Residue ASN het=  resseq=216 icode= >,4lg0_A_B,2.19
488,0.0,ASN, ,CA,53.59,6.57,0.0,3.90,1.0,<Residue ASN het=  resseq=216 icode= >,4lg0_A_B,2.19
489,0.0,ASN, ,C,51.27,6.68,0.0,5.57,1.0,<Residue ASN het=  resseq=216 icode= >,4lg0_A_B,2.19
490,0.0,ASN, ,O,50.02,6.97,0.0,3.97,1.0,<Residue ASN het=  resseq=216 icode= >,4lg0_A_B,2.19
491,0.0,ASN, ,CB,50.33,6.45,0.0,3.28,1.0,<Residue ASN het=  resseq=216 icode= >,4lg0_A_B,2.19
492,0.298,ASN, ,CG,53.86,5.03,0.0,4.19,1.0,<Residue ASN het=  resseq=216 icode= >,4lg0_A_B,2.19
493,7.252,ASN, ,OD1,57.64,4.43,5.032,3.05,1.0,<Residue ASN het=  resseq=216 icode= >,4lg0_A_B,2.19
494,6.52,ASN, ,ND2,57.08,4.80,1.586,1.63,1.0,<Residue ASN het=  resseq=216 icode= >,4lg0_A_B,2.19
495,0.0,LEU, ,N,49.32,6.56,0.0,5.22,1.0,<Residue LEU het=  resseq=217 icode= >,4lg0_A_B,2.19
496,0.0,LEU, ,CA,49.81,6.26,0.0,5.82,1.0,<Residue LEU het=  resseq=217 icode= >,4lg0_A_B,2.19
497,0.0,LEU, ,C,49.94,5.08,0.0,4.91,1.0,<Residue LEU het=  resseq=217 icode= >,4lg0_A_B,2.19
498,0.849,LEU, ,O,51.42,5.10,0.0,3.30,1.0,<Residue LEU het=  resseq=217 icode= >,4lg0_A_B,2.19
499,0.584,LEU, ,CB,48.55,6.09,0.0,4.25,1.0,<Residue LEU het=  resseq=217 icode= >,4lg0_A_B,2.19
500,0.0,LEU, ,CG,47.99,6.94,0.0,3.65,1.0,<Residue LEU het=  resseq=217 icode= >,4lg0_A_B,2.19
501,1.001,LEU, ,CD1,49.0,5.80,0.0,1.11,1.0,<Residue LEU het=  resseq=217 icode= >,4lg0_A_B,2.19
502,0.0,LEU, ,CD2,47.18,7.38,0.0,1.51,1.0,<Residue LEU het=  resseq=217 icode= >,4lg0_A_B,2.19
503,0.0,SER, ,N,53.15,4.53,0.0,4.03,1.0,<Residue SER het=  resseq=218 icode= >,4lg0_A_B,2.19
504,5.113,SER, ,CA,52.9,3.75,2.432,4.20,1.0,<Residue SER het=  resseq=218 icode= >,4lg0_A_B,2.19
505,0.514,SER, ,C,52.14,4.48,0.198,6.47,1.0,<Residue SER het=  resseq=218 icode= >,4lg0_A_B,2.19
506,22.944,SER, ,O,50.31,5.10,2.345,3.89,1.0,<Residue SER het=  resseq=218 icode= >,4lg0_A_B,2.19
507,39.392,SER, ,CB,51.31,3.33,38.275,3.31,1.0,<Residue SER het=  resseq=218 icode= >,4lg0_A_B,2.19
508,23.76,SER, ,OG,58.07,2.90,23.366,2.64,1.0,<Residue SER het=  resseq=218 icode= >,4lg0_A_B,2.19
509,0.414,LEU, ,N,51.42,4.03,0.414,5.84,1.0,<Residue LEU het=  resseq=219 icode= >,4lg0_A_B,2.19
510,6.817,LEU, ,CA,56.26,4.40,3.202,4.84,1.0,<Residue LEU het=  resseq=219 icode= >,4lg0_A_B,2.19
511,0.0,LEU, ,C,62.12,5.92,0.0,4.63,1.0,<Residue LEU het=  resseq=219 icode= >,4lg0_A_B,2.19
512,19.375,LEU, ,O,64.34,6.57,0.0,3.27,1.0,<Residue LEU het=  resseq=219 icode= >,4lg0_A_B,2.19
513,1.73,LEU, ,CB,58.29,4.38,1.73,3.66,1.0,<Residue LEU het=  resseq=219 icode= >,4lg0_A_B,2.19
514,2.524,LEU, ,CG,59.12,5.40,0.0,3.99,1.0,<Residue LEU het=  resseq=219 icode= >,4lg0_A_B,2.19
515,57.079,LEU, ,CD1,59.71,5.20,3.57,2.03,1.0,<Residue LEU het=  resseq=219 icode= >,4lg0_A_B,2.19
516,23.779,LEU, ,CD2,60.84,6.01,0.0,1.56,1.0,<Residue LEU het=  resseq=219 icode= >,4lg0_A_B,2.19
517,0.0,HIS, ,N,62.29,6.70,0.0,3.63,1.0,<Residue HIS het=  resseq=220 icode= >,4lg0_A_B,2.19
518,1.363,HIS, ,CA,64.82,8.13,0.0,4.41,1.0,<Residue HIS het=  resseq=220 icode= >,4lg0_A_B,2.19
519,0.551,HIS, ,C,63.02,8.62,0.0,5.34,1.0,<Residue HIS het=  resseq=220 icode= >,4lg0_A_B,2.19
520,1.176,HIS, ,O,60.49,7.83,0.0,4.18,1.0,<Residue HIS het=  resseq=220 icode= >,4lg0_A_B,2.19
521,2.479,HIS, ,CB,63.81,7.29,0.0,3.55,1.0,<Residue HIS het=  resseq=220 icode= >,4lg0_A_B,2.19
522,0.832,HIS, ,CG,65.7,6.13,0.0,4.78,1.0,<Residue HIS het=  resseq=220 icode= >,4lg0_A_B,2.19
523,18.441,HIS, ,ND1,72.62,5.14,0.0,3.38,1.0,<Residue HIS het=  resseq=220 icode= >,4lg0_A_B,2.19
524,0.0,HIS, ,CD2,63.56,6.12,0.0,3.13,1.0,<Residue HIS het=  resseq=220 icode= >,4lg0_A_B,2.19
525,29.994,HIS, ,CE1,65.85,4.46,14.644,2.94,1.0,<Residue HIS het=  resseq=220 icode= >,4lg0_A_B,2.19
526,8.738,HIS, ,NE2,68.44,5.12,3.457,2.65,1.0,<Residue HIS het=  resseq=220 icode= >,4lg0_A_B,2.19
527,3.855,SER, ,N,63.3,9.31,0.0,4.16,1.0,<Residue SER het=  resseq=221 icode= >,4lg0_A_B,2.19
528,10.043,SER, ,CA,69.84,9.65,0.0,3.59,1.0,<Residue SER het=  resseq=221 icode= >,4lg0_A_B,2.19
529,0.0,SER, ,C,65.5,10.18,0.0,5.09,1.0,<Residue SER het=  resseq=221 icode= >,4lg0_A_B,2.19
530,0.75,SER, ,O,71.82,10.23,0.0,2.72,1.0,<Residue SER het=  resseq=221 icode= >,4lg0_A_B,2.19
531,39.272,SER, ,CB,66.9,10.14,0.0,3.21,1.0,<Residue SER het=  resseq=221 icode= >,4lg0_A_B,2.19
532,14.955,SER, ,OG,76.25,9.58,0.0,3.11,1.0,<Residue SER het=  resseq=221 icode= >,4lg0_A_B,2.19
533,0.585,LYS, ,N,67.54,9.84,0.0,5.03,1.0,<Residue LYS het=  resseq=222 icode= >,4lg0_A_B,2.19
534,0.0,LYS, ,CA,68.78,10.41,0.0,4.99,1.0,<Residue LYS het=  resseq=222 icode= >,4lg0_A_B,2.19
535,0.0,LYS, ,C,68.94,10.63,0.0,6.10,1.0,<Residue LYS het=  resseq=222 icode= >,4lg0_A_B,2.19
536,0.101,LYS, ,O,60.04,11.29,0.0,3.94,1.0,<Residue LYS het=  resseq=222 icode= >,4lg0_A_B,2.19
537,1.82,LYS, ,CB,75.5,9.46,0.0,2.27,1.0,<Residue LYS het=  resseq=222 icode= >,4lg0_A_B,2.19
538,0.65,LYS, ,CG,81.52,8.72,0.0,1.20,1.0,<Residue LYS het=  resseq=222 icode= >,4lg0_A_B,2.19
539,15.964,LYS, ,CD,83.29,8.01,0.0,1.26,1.0,<Residue LYS het=  resseq=222 icode= >,4lg0_A_B,2.19
540,17.058,LYS, ,CE,87.79,8.92,0.0,0.78,1.0,<Residue LYS het=  resseq=222 icode= >,4lg0_A_B,2.19
541,19.324,LYS, ,NZ,85.93,8.51,0.0,1.21,1.0,<Residue LYS het=  resseq=222 icode= >,4lg0_A_B,2.19
542,0.0,PHE, ,N,65.12,9.33,0.0,3.97,1.0,<Residue PHE het=  resseq=223 icode= >,4lg0_A_B,2.19
543,0.0,PHE, ,CA,63.8,8.57,0.0,4.25,1.0,<Residue PHE het=  resseq=223 icode= >,4lg0_A_B,2.19
544,0.0,PHE, ,C,64.03,7.65,0.0,5.55,1.0,<Residue PHE het=  resseq=223 icode= >,4lg0_A_B,2.19
545,9.656,PHE, ,O,64.85,7.03,0.0,3.16,1.0,<Residue PHE het=  resseq=223 icode= >,4lg0_A_B,2.19
546,0.0,PHE, ,CB,62.51,7.97,0.0,2.47,1.0,<Residue PHE het=  resseq=223 icode= >,4lg0_A_B,2.19
547,0.0,PHE, ,CG,66.0,9.07,0.0,2.52,1.0,<Residue PHE het=  resseq=223 icode= >,4lg0_A_B,2.19
548,0.0,PHE, ,CD1,66.98,10.30,0.0,2.06,1.0,<Residue PHE het=  resseq=223 icode= >,4lg0_A_B,2.19
549,0.0,PHE, ,CD2,63.18,9.07,0.0,2.32,1.0,<Residue PHE het=  resseq=223 icode= >,4lg0_A_B,2.19
550,0.0,PHE, ,CE1,65.22,10.70,0.0,2.18,1.0,<Residue PHE het=  resseq=223 icode= >,4lg0_A_B,2.19
551,0.0,PHE, ,CE2,66.52,9.05,0.0,1.91,1.0,<Residue PHE het=  resseq=223 icode= >,4lg0_A_B,2.19
552,0.0,PHE, ,CZ,66.63,9.35,0.0,2.31,1.0,<Residue PHE het=  resseq=223 icode= >,4lg0_A_B,2.19
553,0.0,ILE, ,N,62.47,7.90,0.0,5.08,1.0,<Residue ILE het=  resseq=224 icode= >,4lg0_A_B,2.19
554,4.614,ILE, ,CA,64.41,7.50,0.0,4.81,1.0,<Residue ILE het=  resseq=224 icode= >,4lg0_A_B,2.19
555,0.0,ILE, ,C,64.7,7.28,0.0,5.38,1.0,<Residue ILE het=  resseq=224 icode= >,4lg0_A_B,2.19
556,0.0,ILE, ,O,61.27,8.00,0.0,3.77,1.0,<Residue ILE het=  resseq=224 icode= >,4lg0_A_B,2.19
557,8.074,ILE, ,CB,72.39,8.75,0.0,3.38,1.0,<Residue ILE het=  resseq=224 icode= >,4lg0_A_B,2.19
558,0.055,ILE, ,CG1,76.79,9.84,0.0,1.36,1.0,<Residue ILE het=  resseq=224 icode= >,4lg0_A_B,2.19
559,21.397,ILE, ,CG2,73.54,9.36,0.0,2.12,1.0,<Residue ILE het=  resseq=224 icode= >,4lg0_A_B,2.19
560,23.116,ILE, ,CD1,84.25,11.23,0.0,-0.58,1.0,<Residue ILE het=  resseq=224 icode= >,4lg0_A_B,2.19
561,3.941,ARG, ,N,65.58,6.49,0.0,3.44,1.0,<Residue ARG het=  resseq=225 icode= >,4lg0_A_B,2.19
562,0.0,ARG, ,CA,68.78,6.52,0.0,3.74,1.0,<Residue ARG het=  resseq=225 icode= >,4lg0_A_B,2.19
563,0.0,ARG, ,C,67.68,7.28,0.0,4.96,1.0,<Residue ARG het=  resseq=225 icode= >,4lg0_A_B,2.19
564,21.639,ARG, ,O,65.2,7.17,0.0,3.45,1.0,<Residue ARG het=  resseq=225 icode= >,4lg0_A_B,2.19
565,9.035,ARG, ,CB,71.51,5.14,1.112,2.59,1.0,<Residue ARG het=  resseq=225 icode= >,4lg0_A_B,2.19
566,0.0,ARG, ,CG,73.05,4.53,0.0,2.41,1.0,<Residue ARG het=  resseq=225 icode= >,4lg0_A_B,2.19
567,13.491,ARG, ,CD,69.35,3.65,13.491,2.34,1.0,<Residue ARG het=  resseq=225 icode= >,4lg0_A_B,2.19
568,13.927,ARG, ,NE,69.82,3.49,13.463,3.93,1.0,<Residue ARG het=  resseq=225 icode= >,4lg0_A_B,2.19
569,4.374,ARG, ,CZ,84.73,4.13,3.629,3.93,1.0,<Residue ARG het=  resseq=225 icode= >,4lg0_A_B,2.19
570,16.176,ARG, ,NH1,88.15,4.22,5.65,2.45,1.0,<Residue ARG het=  resseq=225 icode= >,4lg0_A_B,2.19
571,54.018,ARG, ,NH2,88.12,3.90,9.409,2.15,1.0,<Residue ARG het=  resseq=225 icode= >,4lg0_A_B,2.19
572,0.0,VAL, ,N,73.04,7.04,0.0,4.16,1.0,<Residue VAL het=  resseq=226 icode= >,4lg0_A_B,2.19
573,2.772,VAL, ,CA,81.0,7.78,0.0,3.70,1.0,<Residue VAL het=  resseq=226 icode= >,4lg0_A_B,2.19
574,0.0,VAL, ,C,86.98,7.11,0.0,3.83,1.0,<Residue VAL het=  resseq=226 icode= >,4lg0_A_B,2.19
575,0.0,VAL, ,O,81.14,6.47,0.0,2.22,1.0,<Residue VAL het=  resseq=226 icode= >,4lg0_A_B,2.19
576,0.0,VAL, ,CB,85.98,8.99,0.0,2.48,1.0,<Residue VAL het=  resseq=226 icode= >,4lg0_A_B,2.19
577,42.056,VAL, ,CG1,90.23,9.94,0.0,0.06,1.0,<Residue VAL het=  resseq=226 icode= >,4lg0_A_B,2.19
578,14.423,VAL, ,CG2,85.47,9.84,0.0,0.56,1.0,<Residue VAL het=  resseq=226 icode= >,4lg0_A_B,2.19
579,2.532,GLN, ,N,102.75,7.56,0.0,2.66,1.0,<Residue GLN het=  resseq=227 icode= >,4lg0_A_B,2.19
580,0.0,GLN, ,CA,111.73,7.36,0.0,2.35,1.0,<Residue GLN het=  resseq=227 icode= >,4lg0_A_B,2.19
581,0.931,GLN, ,C,117.63,8.06,0.0,2.53,1.0,<Residue GLN het=  resseq=227 icode= >,4lg0_A_B,2.19
582,15.57,GLN, ,O,100.79,9.07,0.0,1.98,1.0,<Residue GLN het=  resseq=227 icode= >,4lg0_A_B,2.19
583,27.104,GLN, ,CB,122.9,8.14,0.0,0.98,1.0,<Residue GLN het=  resseq=227 icode= >,4lg0_A_B,2.19
584,34.623,GLN, ,CG,132.79,7.49,0.0,0.40,1.0,<Residue GLN het=  resseq=227 icode= >,4lg0_A_B,2.19
585,6.798,GLN, ,CD,132.86,7.04,0.0,0.96,1.0,<Residue GLN het=  resseq=227 icode= >,4lg0_A_B,2.19
586,34.706,GLN, ,OE1,136.62,7.52,0.0,0.63,1.0,<Residue GLN het=  resseq=227 icode= >,4lg0_A_B,2.19
587,8.566,GLN, ,NE2,134.15,6.45,0.0,0.54,1.0,<Residue GLN het=  resseq=227 icode= >,4lg0_A_B,2.19
588,1.457,ASN, ,N,127.34,7.73,0.0,1.99,1.0,<Residue ASN het=  resseq=228 icode= >,4lg0_A_B,2.19
589,0.634,ASN, ,CA,130.39,8.57,0.0,2.75,1.0,<Residue ASN het=  resseq=228 icode= >,4lg0_A_B,2.19
590,1.806,ASN, ,C,143.86,9.46,0.0,2.06,1.0,<Residue ASN het=  resseq=228 icode= >,4lg0_A_B,2.19
591,8.319,ASN, ,O,150.91,9.16,0.0,0.97,1.0,<Residue ASN het=  resseq=228 icode= >,4lg0_A_B,2.19
592,0.0,ASN, ,CB,126.09,7.90,0.0,2.14,1.0,<Residue ASN het=  resseq=228 icode= >,4lg0_A_B,2.19
593,0.0,ASN, ,CG,128.34,9.05,0.0,2.23,1.0,<Residue ASN het=  resseq=228 icode= >,4lg0_A_B,2.19
594,5.931,ASN, ,OD1,124.83,10.21,0.0,2.21,1.0,<Residue ASN het=  resseq=228 icode= >,4lg0_A_B,2.19
595,8.122,ASN, ,ND2,125.73,8.87,0.0,0.80,1.0,<Residue ASN het=  resseq=228 icode= >,4lg0_A_B,2.19
596,0.13,GLU, ,N,158.5,10.71,0.0,1.69,1.0,<Residue GLU het=  resseq=229 icode= >,4lg0_A_B,2.19
597,2.451,GLU, ,CA,169.26,11.84,0.0,1.03,1.0,<Residue GLU het=  resseq=229 icode= >,4lg0_A_B,2.19
598,2.577,GLU, ,C,178.04,10.59,0.0,0.53,1.0,<Residue GLU het=  resseq=229 icode= >,4lg0_A_B,2.19
599,24.065,GLU, ,O,168.68,9.82,0.0,0.52,1.0,<Residue GLU het=  resseq=229 icode= >,4lg0_A_B,2.19
600,18.73,GLU, ,CB,164.75,13.09,0.0,0.99,1.0,<Residue GLU het=  resseq=229 icode= >,4lg0_A_B,2.19
601,32.985,GLU, ,CG,163.85,13.66,0.0,0.42,1.0,<Residue GLU het=  resseq=229 icode= >,4lg0_A_B,2.19
602,14.339,GLU, ,CD,162.52,14.45,0.0,0.29,1.0,<Residue GLU het=  resseq=229 icode= >,4lg0_A_B,2.19
603,42.065,GLU, ,OE1,155.91,15.55,0.0,0.28,1.0,<Residue GLU het=  resseq=229 icode= >,4lg0_A_B,2.19
604,30.597,GLU, ,OE2,153.36,13.97,0.0,0.32,1.0,<Residue GLU het=  resseq=229 icode= >,4lg0_A_B,2.19
605,1.888,GLY, ,N,179.85,10.54,0.0,0.93,1.0,<Residue GLY het=  resseq=230 icode= >,4lg0_A_B,2.19
606,33.752,GLY, ,CA,176.68,9.66,0.0,1.03,1.0,<Residue GLY het=  resseq=230 icode= >,4lg0_A_B,2.19
607,2.7,GLY, ,C,177.18,8.23,0.0,0.98,1.0,<Residue GLY het=  resseq=230 icode= >,4lg0_A_B,2.19
608,8.584,GLY, ,O,166.2,7.80,0.0,1.39,1.0,<Residue GLY het=  resseq=230 icode= >,4lg0_A_B,2.19
609,4.129,THR, ,N,181.63,7.68,0.0,0.48,1.0,<Residue THR het=  resseq=231 icode= >,4lg0_A_B,2.19
610,3.043,THR, ,CA,179.05,6.43,0.0,0.72,1.0,<Residue THR het=  resseq=231 icode= >,4lg0_A_B,2.19
611,1.435,THR, ,C,176.99,6.90,0.0,0.80,1.0,<Residue THR het=  resseq=231 icode= >,4lg0_A_B,2.19
612,17.181,THR, ,O,174.09,7.41,0.0,0.80,1.0,<Residue THR het=  resseq=231 icode= >,4lg0_A_B,2.19
613,14.046,THR, ,CB,180.0,5.99,0.0,0.21,1.0,<Residue THR het=  resseq=231 icode= >,4lg0_A_B,2.19
614,31.593,THR, ,OG1,176.12,7.27,0.0,0.29,1.0,<Residue THR het=  resseq=231 icode= >,4lg0_A_B,2.19
615,69.793,THR, ,CG2,175.81,5.19,8.293,-0.30,1.0,<Residue THR het=  resseq=231 icode= >,4lg0_A_B,2.19
616,8.627,GLY, ,N,168.49,6.16,0.0,0.62,1.0,<Residue GLY het=  resseq=232 icode= >,4lg0_A_B,2.19
617,29.736,GLY, ,CA,159.4,6.09,0.0,1.11,1.0,<Residue GLY het=  resseq=232 icode= >,4lg0_A_B,2.19
618,8.061,GLY, ,C,152.57,5.78,0.0,1.27,1.0,<Residue GLY het=  resseq=232 icode= >,4lg0_A_B,2.19
619,39.154,GLY, ,O,143.45,4.63,16.097,0.92,1.0,<Residue GLY het=  resseq=232 icode= >,4lg0_A_B,2.19
620,11.895,LYS, ,N,143.77,6.71,0.0,1.45,1.0,<Residue LYS het=  resseq=233 icode= >,4lg0_A_B,2.19
621,12.918,LYS, ,CA,131.35,7.96,0.0,2.41,1.0,<Residue LYS het=  resseq=233 icode= >,4lg0_A_B,2.19
622,0.718,LYS, ,C,115.16,6.68,0.0,2.85,1.0,<Residue LYS het=  resseq=233 icode= >,4lg0_A_B,2.19
623,11.85,LYS, ,O,108.13,6.68,0.0,2.11,1.0,<Residue LYS het=  resseq=233 icode= >,4lg0_A_B,2.19
624,2.267,LYS, ,CB,135.49,8.46,0.0,1.22,1.0,<Residue LYS het=  resseq=233 icode= >,4lg0_A_B,2.19
625,7.231,LYS, ,CG,133.51,9.50,0.0,1.22,1.0,<Residue LYS het=  resseq=233 icode= >,4lg0_A_B,2.19
626,0.0,LYS, ,CD,136.62,10.00,0.0,1.34,1.0,<Residue LYS het=  resseq=233 icode= >,4lg0_A_B,2.19
627,18.118,LYS, ,CE,136.76,11.49,0.0,1.34,1.0,<Residue LYS het=  resseq=233 icode= >,4lg0_A_B,2.19
628,44.038,LYS, ,NZ,134.36,11.28,0.0,1.28,1.0,<Residue LYS het=  resseq=233 icode= >,4lg0_A_B,2.19
629,5.606,SER, ,N,101.06,5.75,0.0,2.35,1.0,<Residue SER het=  resseq=234 icode= >,4lg0_A_B,2.19
630,9.629,SER, ,CA,90.45,4.29,0.133,3.01,1.0,<Residue SER het=  resseq=234 icode= >,4lg0_A_B,2.19
631,1.61,SER, ,C,85.7,4.06,0.0,4.11,1.0,<Residue SER het=  resseq=234 icode= >,4lg0_A_B,2.19
632,0.0,SER, ,O,79.56,5.17,0.0,2.72,1.0,<Residue SER het=  resseq=234 icode= >,4lg0_A_B,2.19
633,42.546,SER, ,CB,91.34,3.76,30.126,2.28,1.0,<Residue SER het=  resseq=234 icode= >,4lg0_A_B,2.19
634,7.708,SER, ,OG,93.61,4.20,2.967,1.47,1.0,<Residue SER het=  resseq=234 icode= >,4lg0_A_B,2.19
635,4.088,SER, ,N,78.95,2.99,2.51,3.55,1.0,<Residue SER het=  resseq=235 icode= >,4lg0_A_B,2.19
636,0.553,SER, ,CA,74.94,3.60,0.0,3.58,1.0,<Residue SER het=  resseq=235 icode= >,4lg0_A_B,2.19
637,0.0,SER, ,C,71.4,4.54,0.0,4.41,1.0,<Residue SER het=  resseq=235 icode= >,4lg0_A_B,2.19
638,0.168,SER, ,O,71.76,4.58,0.168,2.36,1.0,<Residue SER het=  resseq=235 icode= >,4lg0_A_B,2.19
639,2.16,SER, ,CB,77.0,3.05,2.16,2.30,1.0,<Residue SER het=  resseq=235 icode= >,4lg0_A_B,2.19
640,7.334,SER, ,OG,83.46,2.75,3.581,1.72,1.0,<Residue SER het=  resseq=235 icode= >,4lg0_A_B,2.19
641,0.0,TRP, ,N,70.46,5.69,0.0,3.22,1.0,<Residue TRP het=  resseq=236 icode= >,4lg0_A_B,2.19
642,0.0,TRP, ,CA,70.34,6.72,0.0,3.82,1.0,<Residue TRP het=  resseq=236 icode= >,4lg0_A_B,2.19
643,0.0,TRP, ,C,66.43,6.63,0.0,5.86,1.0,<Residue TRP het=  resseq=236 icode= >,4lg0_A_B,2.19
644,0.0,TRP, ,O,62.46,6.55,0.0,4.28,1.0,<Residue TRP het=  resseq=236 icode= >,4lg0_A_B,2.19
645,0.0,TRP, ,CB,74.4,8.10,0.0,1.68,1.0,<Residue TRP het=  resseq=236 icode= >,4lg0_A_B,2.19
646,0.0,TRP, ,CG,78.37,8.72,0.0,4.35,1.0,<Residue TRP het=  resseq=236 icode= >,4lg0_A_B,2.19
647,2.278,TRP, ,CD1,79.2,9.17,0.0,2.74,1.0,<Residue TRP het=  resseq=236 icode= >,4lg0_A_B,2.19
648,0.0,TRP, ,CD2,80.53,9.26,0.0,4.34,1.0,<Residue TRP het=  resseq=236 icode= >,4lg0_A_B,2.19
649,5.943,TRP, ,NE1,82.41,9.92,0.0,2.95,1.0,<Residue TRP het=  resseq=236 icode= >,4lg0_A_B,2.19
650,0.0,TRP, ,CE2,81.87,9.99,0.0,3.87,1.0,<Residue TRP het=  resseq=236 icode= >,4lg0_A_B,2.19
651,0.0,TRP, ,CE3,78.62,9.43,0.0,1.95,1.0,<Residue TRP het=  resseq=236 icode= >,4lg0_A_B,2.19
652,10.704,TRP, ,CZ2,84.33,10.85,0.0,2.17,1.0,<Residue TRP het=  resseq=236 icode= >,4lg0_A_B,2.19
653,2.974,TRP, ,CZ3,87.04,10.32,0.0,1.52,1.0,<Residue TRP het=  resseq=236 icode= >,4lg0_A_B,2.19
654,20.632,TRP, ,CH2,88.64,10.99,0.0,2.08,1.0,<Residue TRP het=  resseq=236 icode= >,4lg0_A_B,2.19
655,0.0,TRP, ,N,62.25,6.76,0.0,4.33,1.0,<Residue TRP het=  resseq=237 icode= >,4lg0_A_B,2.19
656,0.0,TRP, ,CA,61.71,7.19,0.0,3.40,1.0,<Residue TRP het=  resseq=237 icode= >,4lg0_A_B,2.19
657,0.0,TRP, ,C,63.64,8.71,0.0,4.36,1.0,<Residue TRP het=  resseq=237 icode= >,4lg0_A_B,2.19
658,0.0,TRP, ,O,63.91,9.21,0.0,2.70,1.0,<Residue TRP het=  resseq=237 icode= >,4lg0_A_B,2.19
659,0.0,TRP, ,CB,60.27,6.59,0.0,1.74,1.0,<Residue TRP het=  resseq=237 icode= >,4lg0_A_B,2.19
660,0.0,TRP, ,CG,57.51,5.14,0.0,3.88,1.0,<Residue TRP het=  resseq=237 icode= >,4lg0_A_B,2.19
661,0.004,TRP, ,CD1,55.83,4.00,0.004,4.17,1.0,<Residue TRP het=  resseq=237 icode= >,4lg0_A_B,2.19
662,0.0,TRP, ,CD2,50.96,5.07,0.0,4.97,1.0,<Residue TRP het=  resseq=237 icode= >,4lg0_A_B,2.19
663,7.789,TRP, ,NE1,57.1,2.98,7.627,4.19,1.0,<Residue TRP het=  resseq=237 icode= >,4lg0_A_B,2.19
664,0.0,TRP, ,CE2,54.27,3.83,0.0,5.42,1.0,<Residue TRP het=  resseq=237 icode= >,4lg0_A_B,2.19
665,0.0,TRP, ,CE3,51.21,5.90,0.0,3.20,1.0,<Residue TRP het=  resseq=237 icode= >,4lg0_A_B,2.19
666,13.795,TRP, ,CZ2,48.84,4.01,10.354,3.63,1.0,<Residue TRP het=  resseq=237 icode= >,4lg0_A_B,2.19
667,2.266,TRP, ,CZ3,50.82,4.67,0.0,3.52,1.0,<Residue TRP het=  resseq=237 icode= >,4lg0_A_B,2.19
668,6.595,TRP, ,CH2,51.82,3.59,5.662,3.99,1.0,<Residue TRP het=  resseq=237 icode= >,4lg0_A_B,2.19
669,0.0,MET, ,N,60.83,9.50,0.0,4.52,1.0,<Residue MET het=  resseq=238 icode= >,4lg0_A_B,2.19
670,0.0,MET, ,CA,73.96,10.95,0.0,3.78,1.0,<Residue MET het=  resseq=238 icode= >,4lg0_A_B,2.19
671,0.0,MET, ,C,72.93,11.36,0.0,5.31,1.0,<Residue MET het=  resseq=238 icode= >,4lg0_A_B,2.19
672,0.0,MET, ,O,60.73,10.25,0.0,3.72,1.0,<Residue MET het=  resseq=238 icode= >,4lg0_A_B,2.19
673,0.991,MET, ,CB,76.4,11.64,0.0,1.77,1.0,<Residue MET het=  resseq=238 icode= >,4lg0_A_B,2.19
674,0.0,MET, ,CG,82.4,11.12,0.0,0.94,1.0,<Residue MET het=  resseq=238 icode= >,4lg0_A_B,2.19
675,11.863,MET, ,SD,95.21,11.96,0.0,1.54,1.0,<Residue MET het=  resseq=238 icode= >,4lg0_A_B,2.19
676,43.051,MET, ,CE,96.7,13.58,0.0,0.17,1.0,<Residue MET het=  resseq=238 icode= >,4lg0_A_B,2.19
677,0.995,LEU, ,N,68.05,12.50,0.0,3.89,1.0,<Residue LEU het=  resseq=239 icode= >,4lg0_A_B,2.19
678,0.0,LEU, ,CA,73.29,12.74,0.0,3.85,1.0,<Residue LEU het=  resseq=239 icode= >,4lg0_A_B,2.19
679,0.0,LEU, ,C,70.9,12.90,0.0,4.87,1.0,<Residue LEU het=  resseq=239 icode= >,4lg0_A_B,2.19
680,8.337,LEU, ,O,78.67,13.56,0.0,2.63,1.0,<Residue LEU het=  resseq=239 icode= >,4lg0_A_B,2.19
681,19.105,LEU, ,CB,72.29,14.13,0.0,2.09,1.0,<Residue LEU het=  resseq=239 icode= >,4lg0_A_B,2.19
682,7.595,LEU, ,CG,81.51,14.23,0.0,2.30,1.0,<Residue LEU het=  resseq=239 icode= >,4lg0_A_B,2.19
683,0.988,LEU, ,CD1,73.98,13.01,0.0,0.64,1.0,<Residue LEU het=  resseq=239 icode= >,4lg0_A_B,2.19
684,5.034,LEU, ,CD2,86.8,14.37,0.0,1.04,1.0,<Residue LEU het=  resseq=239 icode= >,4lg0_A_B,2.19
685,0.0,ASN, ,N,73.73,12.58,0.0,4.19,1.0,<Residue ASN het=  resseq=240 icode= >,4lg0_A_B,2.19
686,0.0,ASN, ,CA,73.24,12.97,0.0,4.00,1.0,<Residue ASN het=  resseq=240 icode= >,4lg0_A_B,2.19
687,0.038,ASN, ,C,74.14,14.48,0.0,4.43,1.0,<Residue ASN het=  resseq=240 icode= >,4lg0_A_B,2.19
688,4.77,ASN, ,O,77.57,14.89,0.0,3.55,1.0,<Residue ASN het=  resseq=240 icode= >,4lg0_A_B,2.19
689,0.0,ASN, ,CB,71.35,12.51,0.0,3.10,1.0,<Residue ASN het=  resseq=240 icode= >,4lg0_A_B,2.19
690,0.306,ASN, ,CG,79.95,12.75,0.0,3.14,1.0,<Residue ASN het=  resseq=240 icode= >,4lg0_A_B,2.19
691,6.921,ASN, ,OD1,79.16,13.69,0.0,1.52,1.0,<Residue ASN het=  resseq=240 icode= >,4lg0_A_B,2.19
692,24.568,ASN, ,ND2,88.03,12.03,0.0,0.57,1.0,<Residue ASN het=  resseq=240 icode= >,4lg0_A_B,2.19
693,0.0,PRO, ,N,85.2,15.22,0.0,4.02,1.0,<Residue PRO het=  resseq=241 icode= >,4lg0_A_B,2.19
694,14.56,PRO, ,CA,88.37,16.71,0.0,3.98,1.0,<Residue PRO het=  resseq=241 icode= >,4lg0_A_B,2.19
695,0.074,PRO, ,C,96.13,17.03,0.0,4.07,1.0,<Residue PRO het=  resseq=241 icode= >,4lg0_A_B,2.19
696,30.771,PRO, ,O,106.42,17.12,0.0,1.76,1.0,<Residue PRO het=  resseq=241 icode= >,4lg0_A_B,2.19
697,26.448,PRO, ,CB,86.28,17.17,0.0,1.91,1.0,<Residue PRO het=  resseq=241 icode= >,4lg0_A_B,2.19
698,43.286,PRO, ,CG,85.91,16.22,0.0,1.75,1.0,<Residue PRO het=  resseq=241 icode= >,4lg0_A_B,2.19
699,6.513,PRO, ,CD,85.8,14.84,0.0,1.88,1.0,<Residue PRO het=  resseq=241 icode= >,4lg0_A_B,2.19
700,0.0,GLU, ,N,102.81,16.52,0.0,3.81,1.0,<Residue GLU het=  resseq=242 icode= >,4lg0_A_B,2.19
701,3.162,GLU, ,CA,104.21,15.93,0.0,3.74,1.0,<Residue GLU het=  resseq=242 icode= >,4lg0_A_B,2.19
702,2.273,GLU, ,C,110.1,14.47,0.0,2.99,1.0,<Residue GLU het=  resseq=242 icode= >,4lg0_A_B,2.19
703,27.552,GLU, ,O,101.58,14.08,0.0,2.16,1.0,<Residue GLU het=  resseq=242 icode= >,4lg0_A_B,2.19
704,15.982,GLU, ,CB,103.29,16.14,0.0,2.24,1.0,<Residue GLU het=  resseq=242 icode= >,4lg0_A_B,2.19
705,27.101,GLU, ,CG,100.12,16.93,0.0,0.56,1.0,<Residue GLU het=  resseq=242 icode= >,4lg0_A_B,2.19
706,10.065,GLU, ,CD,104.75,18.37,0.0,1.14,1.0,<Residue GLU het=  resseq=242 icode= >,4lg0_A_B,2.19
707,35.391,GLU, ,OE1,98.83,18.80,0.0,0.83,1.0,<Residue GLU het=  resseq=242 icode= >,4lg0_A_B,2.19
708,34.61,GLU, ,OE2,99.43,17.84,0.0,1.25,1.0,<Residue GLU het=  resseq=242 icode= >,4lg0_A_B,2.19
709,0.062,GLY, ,N,118.59,13.78,0.0,2.63,1.0,<Residue GLY het=  resseq=243 icode= >,4lg0_A_B,2.19
710,23.128,GLY, ,CA,120.81,12.41,0.0,1.72,1.0,<Residue GLY het=  resseq=243 icode= >,4lg0_A_B,2.19
711,2.617,GLY, ,C,124.12,11.24,0.0,1.80,1.0,<Residue GLY het=  resseq=243 icode= >,4lg0_A_B,2.19
712,13.543,GLY, ,O,116.88,10.08,0.0,1.35,1.0,<Residue GLY het=  resseq=243 icode= >,4lg0_A_B,2.19
713,0.0,GLY, ,N,128.84,11.65,0.0,1.12,1.0,<Residue GLY het=  resseq=244 icode= >,4lg0_A_B,2.19
714,27.126,GLY, ,CA,129.77,10.93,0.0,1.59,1.0,<Residue GLY het=  resseq=244 icode= >,4lg0_A_B,2.19
715,10.834,GLY, ,C,128.02,9.42,0.0,1.84,1.0,<Residue GLY het=  resseq=244 icode= >,4lg0_A_B,2.19
716,41.169,GLY, ,O,119.3,8.84,0.0,2.55,1.0,<Residue GLY het=  resseq=244 icode= >,4lg0_A_B,2.19
