,ASA,aa,altloc,atom,bfac,d2r,dASA,dens,occ,residue,id,resolu
0,36.532,LEU, ,N,63.69,15.67,0.0,1.59,1.0,<Residue LEU het=  resseq=42 icode= >,4lmg_B_A,2.2
1,0.362,LEU, ,CA,63.73,14.87,0.0,2.23,1.0,<Residue LEU het=  resseq=42 icode= >,4lmg_B_A,2.2
2,0.0,LEU, ,C,62.58,15.80,0.0,2.48,1.0,<Residue LEU het=  resseq=42 icode= >,4lmg_B_A,2.2
3,23.508,LEU, ,O,67.66,16.88,0.0,0.92,1.0,<Residue LEU het=  resseq=42 icode= >,4lmg_B_A,2.2
4,20.765,LEU, ,CB,66.03,14.37,0.0,1.26,1.0,<Residue LEU het=  resseq=42 icode= >,4lmg_B_A,2.2
5,0.129,LEU, ,CG,65.36,13.32,0.0,1.81,1.0,<Residue LEU het=  resseq=42 icode= >,4lmg_B_A,2.2
6,6.364,LEU, ,CD1,65.92,12.06,0.0,0.37,1.0,<Residue LEU het=  resseq=42 icode= >,4lmg_B_A,2.2
7,54.004,LEU, ,CD2,65.64,13.12,0.0,0.72,1.0,<Residue LEU het=  resseq=42 icode= >,4lmg_B_A,2.2
8,0.0,ILE, ,N,59.61,15.49,0.0,1.71,1.0,<Residue ILE het=  resseq=43 icode= >,4lmg_B_A,2.2
9,2.614,ILE, ,CA,58.92,16.51,0.0,2.14,1.0,<Residue ILE het=  resseq=43 icode= >,4lmg_B_A,2.2
10,0.0,ILE, ,C,61.79,16.06,0.0,2.58,1.0,<Residue ILE het=  resseq=43 icode= >,4lmg_B_A,2.2
11,0.0,ILE, ,O,58.39,15.17,0.0,1.71,1.0,<Residue ILE het=  resseq=43 icode= >,4lmg_B_A,2.2
12,0.0,ILE, ,CB,53.67,17.21,0.0,2.27,1.0,<Residue ILE het=  resseq=43 icode= >,4lmg_B_A,2.2
13,12.941,ILE, ,CG1,55.89,17.82,0.0,1.58,1.0,<Residue ILE het=  resseq=43 icode= >,4lmg_B_A,2.2
14,29.927,ILE, ,CG2,52.4,18.35,0.0,0.97,1.0,<Residue ILE het=  resseq=43 icode= >,4lmg_B_A,2.2
15,35.619,ILE, ,CD1,59.45,18.53,0.0,0.34,1.0,<Residue ILE het=  resseq=43 icode= >,4lmg_B_A,2.2
16,4.104,HIS, ,N,63.29,16.82,0.0,2.06,1.0,<Residue HIS het=  resseq=44 icode= >,4lmg_B_A,2.2
17,0.0,HIS, ,CA,53.66,16.74,0.0,2.50,1.0,<Residue HIS het=  resseq=44 icode= >,4lmg_B_A,2.2
18,0.0,HIS, ,C,46.43,17.82,0.0,3.80,1.0,<Residue HIS het=  resseq=44 icode= >,4lmg_B_A,2.2
19,14.757,HIS, ,O,51.6,19.01,0.0,2.57,1.0,<Residue HIS het=  resseq=44 icode= >,4lmg_B_A,2.2
20,25.622,HIS, ,CB,57.31,17.08,0.0,1.79,1.0,<Residue HIS het=  resseq=44 icode= >,4lmg_B_A,2.2
21,2.698,HIS, ,CG,65.8,16.17,0.0,2.35,1.0,<Residue HIS het=  resseq=44 icode= >,4lmg_B_A,2.2
22,15.934,HIS, ,ND1,68.41,15.15,0.0,1.93,1.0,<Residue HIS het=  resseq=44 icode= >,4lmg_B_A,2.2
23,23.699,HIS, ,CD2,69.35,16.26,0.0,0.98,1.0,<Residue HIS het=  resseq=44 icode= >,4lmg_B_A,2.2
24,31.305,HIS, ,CE1,70.0,14.62,0.0,1.75,1.0,<Residue HIS het=  resseq=44 icode= >,4lmg_B_A,2.2
25,17.391,HIS, ,NE2,69.96,15.31,0.0,1.13,1.0,<Residue HIS het=  resseq=44 icode= >,4lmg_B_A,2.2
26,0.0,LEU, ,N,46.59,17.48,0.0,2.96,1.0,<Residue LEU het=  resseq=45 icode= >,4lmg_B_A,2.2
27,3.511,LEU, ,CA,51.25,18.56,0.0,2.79,1.0,<Residue LEU het=  resseq=45 icode= >,4lmg_B_A,2.2
28,0.0,LEU, ,C,63.1,19.41,0.0,2.37,1.0,<Residue LEU het=  resseq=45 icode= >,4lmg_B_A,2.2
29,10.289,LEU, ,O,70.23,18.97,0.0,1.46,1.0,<Residue LEU het=  resseq=45 icode= >,4lmg_B_A,2.2
30,0.839,LEU, ,CB,46.46,18.10,0.0,1.92,1.0,<Residue LEU het=  resseq=45 icode= >,4lmg_B_A,2.2
31,12.022,LEU, ,CG,41.06,18.08,0.0,2.62,1.0,<Residue LEU het=  resseq=45 icode= >,4lmg_B_A,2.2
32,10.874,LEU, ,CD1,44.26,17.43,0.0,1.20,1.0,<Residue LEU het=  resseq=45 icode= >,4lmg_B_A,2.2
33,0.555,LEU, ,CD2,35.0,17.52,0.0,1.79,1.0,<Residue LEU het=  resseq=45 icode= >,4lmg_B_A,2.2
34,6.433,ASP, ,N,61.29,1000.00,0.0,2.05,1.0,<Residue ASP het=  resseq=46 icode= >,4lmg_B_A,2.2
35,0.071,ASP, ,CA,68.75,1000.00,0.0,2.31,1.0,<Residue ASP het=  resseq=46 icode= >,4lmg_B_A,2.2
36,1.83,ASP, ,C,70.79,1000.00,0.0,2.48,1.0,<Residue ASP het=  resseq=46 icode= >,4lmg_B_A,2.2
37,28.738,ASP, ,O,73.96,1000.00,0.0,1.05,1.0,<Residue ASP het=  resseq=46 icode= >,4lmg_B_A,2.2
38,18.628,ASP, ,CB,74.19,1000.00,0.0,1.78,1.0,<Residue ASP het=  resseq=46 icode= >,4lmg_B_A,2.2
39,8.797,ASP, ,CG,86.9,1000.00,0.0,1.34,1.0,<Residue ASP het=  resseq=46 icode= >,4lmg_B_A,2.2
40,17.176,ASP, ,OD1,92.61,1000.00,0.0,0.30,1.0,<Residue ASP het=  resseq=46 icode= >,4lmg_B_A,2.2
41,41.115,ASP, ,OD2,90.75,1000.00,0.0,0.89,1.0,<Residue ASP het=  resseq=46 icode= >,4lmg_B_A,2.2
42,0.0,PRO, ,N,71.1,1000.00,0.0,2.01,1.0,<Residue PRO het=  resseq=47 icode= >,4lmg_B_A,2.2
43,0.294,PRO, ,CA,70.2,1000.00,0.0,1.39,1.0,<Residue PRO het=  resseq=47 icode= >,4lmg_B_A,2.2
44,0.528,PRO, ,C,59.35,1000.00,0.0,2.48,1.0,<Residue PRO het=  resseq=47 icode= >,4lmg_B_A,2.2
45,10.115,PRO, ,O,51.03,1000.00,0.0,2.09,1.0,<Residue PRO het=  resseq=47 icode= >,4lmg_B_A,2.2
46,29.813,PRO, ,CB,72.3,1000.00,0.0,0.93,1.0,<Residue PRO het=  resseq=47 icode= >,4lmg_B_A,2.2
47,42.556,PRO, ,CG,74.32,1000.00,0.0,0.60,1.0,<Residue PRO het=  resseq=47 icode= >,4lmg_B_A,2.2
48,33.37,PRO, ,CD,71.09,1000.00,0.0,1.13,1.0,<Residue PRO het=  resseq=47 icode= >,4lmg_B_A,2.2
49,4.969,VAL, ,N,48.08,1000.00,0.0,2.52,1.0,<Residue VAL het=  resseq=48 icode= >,4lmg_B_A,2.2
50,0.0,VAL, ,CA,49.18,1000.00,0.0,2.73,1.0,<Residue VAL het=  resseq=48 icode= >,4lmg_B_A,2.2
51,1.629,VAL, ,C,52.43,1000.00,0.0,3.07,1.0,<Residue VAL het=  resseq=48 icode= >,4lmg_B_A,2.2
52,18.094,VAL, ,O,63.28,1000.00,0.0,1.49,1.0,<Residue VAL het=  resseq=48 icode= >,4lmg_B_A,2.2
53,1.67,VAL, ,CB,49.84,1000.00,0.0,1.82,1.0,<Residue VAL het=  resseq=48 icode= >,4lmg_B_A,2.2
54,0.156,VAL, ,CG1,44.84,1000.00,0.0,1.44,1.0,<Residue VAL het=  resseq=48 icode= >,4lmg_B_A,2.2
55,4.688,VAL, ,CG2,48.1,1000.00,0.0,0.86,1.0,<Residue VAL het=  resseq=48 icode= >,4lmg_B_A,2.2
56,0.592,PRO, ,N,48.15,18.51,0.0,3.29,1.0,<Residue PRO het=  resseq=49 icode= >,4lmg_B_A,2.2
57,13.169,PRO, ,CA,46.02,18.54,0.0,2.41,1.0,<Residue PRO het=  resseq=49 icode= >,4lmg_B_A,2.2
58,0.0,PRO, ,C,50.83,17.92,0.0,2.77,1.0,<Residue PRO het=  resseq=49 icode= >,4lmg_B_A,2.2
59,0.592,PRO, ,O,46.26,17.14,0.0,2.28,1.0,<Residue PRO het=  resseq=49 icode= >,4lmg_B_A,2.2
60,20.188,PRO, ,CB,40.77,17.79,0.0,2.32,1.0,<Residue PRO het=  resseq=49 icode= >,4lmg_B_A,2.2
61,16.479,PRO, ,CG,41.6,17.98,0.0,1.95,1.0,<Residue PRO het=  resseq=49 icode= >,4lmg_B_A,2.2
62,2.468,PRO, ,CD,41.65,18.00,0.0,2.24,1.0,<Residue PRO het=  resseq=49 icode= >,4lmg_B_A,2.2
63,6.653,SER, ,N,53.78,18.39,0.0,2.08,1.0,<Residue SER het=  resseq=50 icode= >,4lmg_B_A,2.2
64,2.977,SER, ,CA,65.52,18.01,0.0,1.89,1.0,<Residue SER het=  resseq=50 icode= >,4lmg_B_A,2.2
65,2.325,SER, ,C,68.88,16.98,0.0,2.66,1.0,<Residue SER het=  resseq=50 icode= >,4lmg_B_A,2.2
66,8.044,SER, ,O,79.69,17.39,0.0,0.68,1.0,<Residue SER het=  resseq=50 icode= >,4lmg_B_A,2.2
67,43.244,SER, ,CB,70.81,19.29,0.0,1.13,1.0,<Residue SER het=  resseq=50 icode= >,4lmg_B_A,2.2
68,33.141,SER, ,OG,72.54,20.00,0.0,0.66,1.0,<Residue SER het=  resseq=50 icode= >,4lmg_B_A,2.2
69,0.006,PHE, ,N,62.84,15.72,0.0,2.40,1.0,<Residue PHE het=  resseq=51 icode= >,4lmg_B_A,2.2
70,1.474,PHE, ,CA,63.99,14.69,0.0,1.83,1.0,<Residue PHE het=  resseq=51 icode= >,4lmg_B_A,2.2
71,0.0,PHE, ,C,66.65,14.72,0.0,3.02,1.0,<Residue PHE het=  resseq=51 icode= >,4lmg_B_A,2.2
72,14.919,PHE, ,O,69.37,14.94,0.0,1.38,1.0,<Residue PHE het=  resseq=51 icode= >,4lmg_B_A,2.2
73,0.0,PHE, ,CB,60.73,13.32,0.0,1.11,1.0,<Residue PHE het=  resseq=51 icode= >,4lmg_B_A,2.2
74,0.0,PHE, ,CG,58.83,13.47,0.0,1.57,1.0,<Residue PHE het=  resseq=51 icode= >,4lmg_B_A,2.2
75,3.395,PHE, ,CD1,59.86,13.65,0.0,1.02,1.0,<Residue PHE het=  resseq=51 icode= >,4lmg_B_A,2.2
76,0.0,PHE, ,CD2,56.95,13.64,0.0,1.47,1.0,<Residue PHE het=  resseq=51 icode= >,4lmg_B_A,2.2
77,3.148,PHE, ,CE1,57.68,14.00,0.0,0.83,1.0,<Residue PHE het=  resseq=51 icode= >,4lmg_B_A,2.2
78,0.0,PHE, ,CE2,56.92,13.98,0.0,1.65,1.0,<Residue PHE het=  resseq=51 icode= >,4lmg_B_A,2.2
79,0.0,PHE, ,CZ,55.58,14.16,0.0,1.61,1.0,<Residue PHE het=  resseq=51 icode= >,4lmg_B_A,2.2
80,0.0,GLU, ,N,71.18,14.67,0.0,2.54,1.0,<Residue GLU het=  resseq=52 icode= >,4lmg_B_A,2.2
81,8.496,GLU, ,CA,84.6,14.79,0.0,1.42,1.0,<Residue GLU het=  resseq=52 icode= >,4lmg_B_A,2.2
82,3.478,GLU, ,C,79.5,13.46,0.0,2.05,1.0,<Residue GLU het=  resseq=52 icode= >,4lmg_B_A,2.2
83,30.085,GLU, ,O,84.33,13.48,0.0,0.82,1.0,<Residue GLU het=  resseq=52 icode= >,4lmg_B_A,2.2
84,30.366,GLU, ,CB,101.58,15.81,0.0,0.70,1.0,<Residue GLU het=  resseq=52 icode= >,4lmg_B_A,2.2
85,24.035,GLU, ,CG,114.65,15.78,0.0,0.76,1.0,<Residue GLU het=  resseq=52 icode= >,4lmg_B_A,2.2
86,8.761,GLU, ,CD,126.93,16.47,0.0,0.02,1.0,<Residue GLU het=  resseq=52 icode= >,4lmg_B_A,2.2
87,16.287,GLU, ,OE1,131.92,17.08,0.0,-0.35,1.0,<Residue GLU het=  resseq=52 icode= >,4lmg_B_A,2.2
88,25.834,GLU, ,OE2,130.52,16.54,0.0,-0.11,1.0,<Residue GLU het=  resseq=52 icode= >,4lmg_B_A,2.2
89,0.0,ASP, ,N,69.88,12.42,0.0,2.14,1.0,<Residue ASP het=  resseq=53 icode= >,4lmg_B_A,2.2
90,5.503,ASP, ,CA,67.0,11.07,0.0,1.94,1.0,<Residue ASP het=  resseq=53 icode= >,4lmg_B_A,2.2
91,0.011,ASP, ,C,56.46,10.12,0.0,2.53,1.0,<Residue ASP het=  resseq=53 icode= >,4lmg_B_A,2.2
92,0.0,ASP, ,O,50.96,10.39,0.0,1.88,1.0,<Residue ASP het=  resseq=53 icode= >,4lmg_B_A,2.2
93,13.852,ASP, ,CB,71.66,10.87,0.0,1.97,1.0,<Residue ASP het=  resseq=53 icode= >,4lmg_B_A,2.2
94,7.295,ASP, ,CG,77.38,9.64,0.0,2.29,1.0,<Residue ASP het=  resseq=53 icode= >,4lmg_B_A,2.2
95,3.854,ASP, ,OD1,83.19,8.66,0.0,0.94,1.0,<Residue ASP het=  resseq=53 icode= >,4lmg_B_A,2.2
96,30.826,ASP, ,OD2,76.18,9.80,0.0,2.01,1.0,<Residue ASP het=  resseq=53 icode= >,4lmg_B_A,2.2
97,4.876,ARG, ,N,47.14,9.19,0.0,1.98,1.0,<Residue ARG het=  resseq=54 icode= >,4lmg_B_A,2.2
98,0.0,ARG, ,CA,49.84,8.38,0.0,1.97,1.0,<Residue ARG het=  resseq=54 icode= >,4lmg_B_A,2.2
99,0.0,ARG, ,C,50.97,7.52,0.0,2.57,1.0,<Residue ARG het=  resseq=54 icode= >,4lmg_B_A,2.2
100,3.995,ARG, ,O,46.16,7.04,0.0,1.71,1.0,<Residue ARG het=  resseq=54 icode= >,4lmg_B_A,2.2
101,2.97,ARG, ,CB,55.43,7.71,0.0,1.03,1.0,<Residue ARG het=  resseq=54 icode= >,4lmg_B_A,2.2
102,2.332,ARG, ,CG,60.54,6.48,0.0,1.54,1.0,<Residue ARG het=  resseq=54 icode= >,4lmg_B_A,2.2
103,0.907,ARG, ,CD,72.88,6.10,0.0,1.50,1.0,<Residue ARG het=  resseq=54 icode= >,4lmg_B_A,2.2
104,0.98,ARG, ,NE,84.55,5.01,0.261,1.12,1.0,<Residue ARG het=  resseq=54 icode= >,4lmg_B_A,2.2
105,0.0,ARG, ,CZ,96.04,5.43,0.0,0.87,1.0,<Residue ARG het=  resseq=54 icode= >,4lmg_B_A,2.2
106,32.072,ARG, ,NH1,98.12,5.92,0.0,0.33,1.0,<Residue ARG het=  resseq=54 icode= >,4lmg_B_A,2.2
107,31.769,ARG, ,NH2,99.47,4.46,20.986,0.20,1.0,<Residue ARG het=  resseq=54 icode= >,4lmg_B_A,2.2
108,0.0,HIS, ,N,54.03,7.64,0.0,2.28,1.0,<Residue HIS het=  resseq=55 icode= >,4lmg_B_A,2.2
109,3.645,HIS, ,CA,57.06,7.24,0.0,2.22,1.0,<Residue HIS het=  resseq=55 icode= >,4lmg_B_A,2.2
110,0.695,HIS, ,C,47.37,8.43,0.0,3.86,1.0,<Residue HIS het=  resseq=55 icode= >,4lmg_B_A,2.2
111,11.162,HIS, ,O,53.15,8.58,0.0,2.45,1.0,<Residue HIS het=  resseq=55 icode= >,4lmg_B_A,2.2
112,21.038,HIS, ,CB,62.92,7.16,0.0,1.26,1.0,<Residue HIS het=  resseq=55 icode= >,4lmg_B_A,2.2
113,2.617,HIS, ,CG,68.4,6.10,0.0,2.42,1.0,<Residue HIS het=  resseq=55 icode= >,4lmg_B_A,2.2
114,4.993,HIS, ,ND1,73.15,6.59,0.0,2.18,1.0,<Residue HIS het=  resseq=55 icode= >,4lmg_B_A,2.2
115,27.264,HIS, ,CD2,70.9,4.79,6.791,1.33,1.0,<Residue HIS het=  resseq=55 icode= >,4lmg_B_A,2.2
116,26.763,HIS, ,CE1,76.93,5.79,0.0,0.96,1.0,<Residue HIS het=  resseq=55 icode= >,4lmg_B_A,2.2
117,19.094,HIS, ,NE2,73.19,4.58,9.981,1.74,1.0,<Residue HIS het=  resseq=55 icode= >,4lmg_B_A,2.2
118,0.0,GLU, ,N,39.18,9.48,0.0,3.68,1.0,<Residue GLU het=  resseq=56 icode= >,4lmg_B_A,2.2
119,1.71,GLU, ,CA,45.92,10.70,0.0,2.60,1.0,<Residue GLU het=  resseq=56 icode= >,4lmg_B_A,2.2
120,0.0,GLU, ,C,46.09,10.80,0.0,2.85,1.0,<Residue GLU het=  resseq=56 icode= >,4lmg_B_A,2.2
121,2.985,GLU, ,O,47.71,11.78,0.0,2.04,1.0,<Residue GLU het=  resseq=56 icode= >,4lmg_B_A,2.2
122,4.339,GLU, ,CB,54.46,11.92,0.0,1.64,1.0,<Residue GLU het=  resseq=56 icode= >,4lmg_B_A,2.2
123,15.668,GLU, ,CG,69.16,12.19,0.0,0.73,1.0,<Residue GLU het=  resseq=56 icode= >,4lmg_B_A,2.2
124,6.568,GLU, ,CD,79.1,13.53,0.0,1.73,1.0,<Residue GLU het=  resseq=56 icode= >,4lmg_B_A,2.2
125,11.738,GLU, ,OE1,79.04,14.31,0.0,1.32,1.0,<Residue GLU het=  resseq=56 icode= >,4lmg_B_A,2.2
126,11.261,GLU, ,OE2,82.85,13.91,0.0,0.63,1.0,<Residue GLU het=  resseq=56 icode= >,4lmg_B_A,2.2
127,0.0,ILE, ,N,37.08,9.92,0.0,3.09,1.0,<Residue ILE het=  resseq=57 icode= >,4lmg_B_A,2.2
128,0.0,ILE, ,CA,37.21,10.25,0.0,2.55,1.0,<Residue ILE het=  resseq=57 icode= >,4lmg_B_A,2.2
129,0.0,ILE, ,C,29.9,10.19,0.0,4.18,1.0,<Residue ILE het=  resseq=57 icode= >,4lmg_B_A,2.2
130,0.0,ILE, ,O,27.82,11.02,0.0,3.67,1.0,<Residue ILE het=  resseq=57 icode= >,4lmg_B_A,2.2
131,0.0,ILE, ,CB,36.35,9.61,0.0,2.68,1.0,<Residue ILE het=  resseq=57 icode= >,4lmg_B_A,2.2
132,0.0,ILE, ,CG1,39.81,9.94,0.0,1.77,1.0,<Residue ILE het=  resseq=57 icode= >,4lmg_B_A,2.2
133,0.0,ILE, ,CG2,31.57,10.36,0.0,1.68,1.0,<Residue ILE het=  resseq=57 icode= >,4lmg_B_A,2.2
134,0.0,ILE, ,CD1,37.45,9.68,0.0,1.24,1.0,<Residue ILE het=  resseq=57 icode= >,4lmg_B_A,2.2
135,0.272,LYS, ,N,35.49,9.15,0.0,3.12,1.0,<Residue LYS het=  resseq=58 icode= >,4lmg_B_A,2.2
136,0.0,LYS, ,CA,32.44,8.45,0.0,2.85,1.0,<Residue LYS het=  resseq=58 icode= >,4lmg_B_A,2.2
137,0.0,LYS, ,C,25.07,9.27,0.0,4.16,1.0,<Residue LYS het=  resseq=58 icode= >,4lmg_B_A,2.2
138,0.0,LYS, ,O,29.2,9.54,0.0,3.37,1.0,<Residue LYS het=  resseq=58 icode= >,4lmg_B_A,2.2
139,6.132,LYS, ,CB,34.26,7.16,0.0,2.79,1.0,<Residue LYS het=  resseq=58 icode= >,4lmg_B_A,2.2
140,0.3,LYS, ,CG,39.49,6.23,0.0,2.47,1.0,<Residue LYS het=  resseq=58 icode= >,4lmg_B_A,2.2
141,14.582,LYS, ,CD,44.11,4.93,0.0,1.90,1.0,<Residue LYS het=  resseq=58 icode= >,4lmg_B_A,2.2
142,2.931,LYS, ,CE,51.33,4.23,0.0,1.12,1.0,<Residue LYS het=  resseq=58 icode= >,4lmg_B_A,2.2
143,18.821,LYS, ,NZ,37.49,3.05,14.757,2.24,1.0,<Residue LYS het=  resseq=58 icode= >,4lmg_B_A,2.2
144,0.0,PRO, ,N,29.19,9.90,0.0,4.17,1.0,<Residue PRO het=  resseq=59 icode= >,4lmg_B_A,2.2
145,0.0,PRO, ,CA,30.59,10.88,0.0,2.53,1.0,<Residue PRO het=  resseq=59 icode= >,4lmg_B_A,2.2
146,0.863,PRO, ,C,29.25,11.94,0.0,3.99,1.0,<Residue PRO het=  resseq=59 icode= >,4lmg_B_A,2.2
147,0.214,PRO, ,O,37.48,12.45,0.0,2.46,1.0,<Residue PRO het=  resseq=59 icode= >,4lmg_B_A,2.2
148,5.914,PRO, ,CB,31.85,11.45,0.0,2.37,1.0,<Residue PRO het=  resseq=59 icode= >,4lmg_B_A,2.2
149,21.592,PRO, ,CG,31.53,10.43,0.0,2.29,1.0,<Residue PRO het=  resseq=59 icode= >,4lmg_B_A,2.2
150,1.545,PRO, ,CD,35.04,9.91,0.0,2.20,1.0,<Residue PRO het=  resseq=59 icode= >,4lmg_B_A,2.2
151,0.312,TRP, ,N,33.36,12.42,0.0,3.77,1.0,<Residue TRP het=  resseq=60 icode= >,4lmg_B_A,2.2
152,2.955,TRP, ,CA,35.7,13.54,0.0,3.20,1.0,<Residue TRP het=  resseq=60 icode= >,4lmg_B_A,2.2
153,0.0,TRP, ,C,35.51,13.26,0.0,3.84,1.0,<Residue TRP het=  resseq=60 icode= >,4lmg_B_A,2.2
154,0.0,TRP, ,O,30.2,14.13,0.0,3.28,1.0,<Residue TRP het=  resseq=60 icode= >,4lmg_B_A,2.2
155,4.195,TRP, ,CB,36.45,14.15,0.0,2.44,1.0,<Residue TRP het=  resseq=60 icode= >,4lmg_B_A,2.2
156,0.0,TRP, ,CG,43.42,15.37,0.0,2.33,1.0,<Residue TRP het=  resseq=60 icode= >,4lmg_B_A,2.2
157,17.415,TRP, ,CD1,40.39,16.60,0.0,2.66,1.0,<Residue TRP het=  resseq=60 icode= >,4lmg_B_A,2.2
158,0.0,TRP, ,CD2,47.06,15.61,0.0,2.92,1.0,<Residue TRP het=  resseq=60 icode= >,4lmg_B_A,2.2
159,16.585,TRP, ,NE1,40.05,17.51,0.0,2.98,1.0,<Residue TRP het=  resseq=60 icode= >,4lmg_B_A,2.2
160,0.0,TRP, ,CE2,44.15,16.97,0.0,3.24,1.0,<Residue TRP het=  resseq=60 icode= >,4lmg_B_A,2.2
161,0.0,TRP, ,CE3,53.82,14.90,0.0,1.64,1.0,<Residue TRP het=  resseq=60 icode= >,4lmg_B_A,2.2
162,9.922,TRP, ,CZ2,48.25,17.64,0.0,2.22,1.0,<Residue TRP het=  resseq=60 icode= >,4lmg_B_A,2.2
163,0.0,TRP, ,CZ3,55.92,15.65,0.0,1.76,1.0,<Residue TRP het=  resseq=60 icode= >,4lmg_B_A,2.2
164,0.852,TRP, ,CH2,53.47,17.01,0.0,2.06,1.0,<Residue TRP het=  resseq=60 icode= >,4lmg_B_A,2.2
165,0.0,LEU, ,N,26.19,12.16,0.0,4.23,1.0,<Residue LEU het=  resseq=61 icode= >,4lmg_B_A,2.2
166,0.0,LEU, ,CA,24.59,11.98,0.0,3.58,1.0,<Residue LEU het=  resseq=61 icode= >,4lmg_B_A,2.2
167,0.0,LEU, ,C,23.72,11.77,0.0,4.42,1.0,<Residue LEU het=  resseq=61 icode= >,4lmg_B_A,2.2
168,0.0,LEU, ,O,24.42,12.32,0.0,4.20,1.0,<Residue LEU het=  resseq=61 icode= >,4lmg_B_A,2.2
169,0.0,LEU, ,CB,31.37,10.97,0.0,2.26,1.0,<Residue LEU het=  resseq=61 icode= >,4lmg_B_A,2.2
170,0.0,LEU, ,CG,32.74,11.49,0.0,2.60,1.0,<Residue LEU het=  resseq=61 icode= >,4lmg_B_A,2.2
171,0.0,LEU, ,CD1,31.83,10.53,0.0,1.48,1.0,<Residue LEU het=  resseq=61 icode= >,4lmg_B_A,2.2
172,0.0,LEU, ,CD2,27.69,12.76,0.0,1.93,1.0,<Residue LEU het=  resseq=61 icode= >,4lmg_B_A,2.2
173,0.0,GLN, ,N,28.27,11.18,0.0,4.04,1.0,<Residue GLN het=  resseq=62 icode= >,4lmg_B_A,2.2
174,0.72,GLN, ,CA,27.69,11.20,0.0,3.71,1.0,<Residue GLN het=  resseq=62 icode= >,4lmg_B_A,2.2
175,0.0,GLN, ,C,35.17,12.67,0.0,4.07,1.0,<Residue GLN het=  resseq=62 icode= >,4lmg_B_A,2.2
176,0.0,GLN, ,O,38.74,13.16,0.0,3.35,1.0,<Residue GLN het=  resseq=62 icode= >,4lmg_B_A,2.2
177,0.0,GLN, ,CB,27.75,10.53,0.0,2.57,1.0,<Residue GLN het=  resseq=62 icode= >,4lmg_B_A,2.2
178,0.084,GLN, ,CG,24.74,9.01,0.0,2.08,1.0,<Residue GLN het=  resseq=62 icode= >,4lmg_B_A,2.2
179,0.0,GLN, ,CD,32.51,8.57,0.0,4.05,1.0,<Residue GLN het=  resseq=62 icode= >,4lmg_B_A,2.2
180,4.179,GLN, ,OE1,36.19,9.20,0.0,2.63,1.0,<Residue GLN het=  resseq=62 icode= >,4lmg_B_A,2.2
181,4.621,GLN, ,NE2,21.54,7.73,0.0,3.41,1.0,<Residue GLN het=  resseq=62 icode= >,4lmg_B_A,2.2
182,0.0,LYS, ,N,27.57,13.48,0.0,3.97,1.0,<Residue LYS het=  resseq=63 icode= >,4lmg_B_A,2.2
183,0.0,LYS, ,CA,33.37,14.91,0.0,3.22,1.0,<Residue LYS het=  resseq=63 icode= >,4lmg_B_A,2.2
184,1.002,LYS, ,C,35.01,15.51,0.0,4.59,1.0,<Residue LYS het=  resseq=63 icode= >,4lmg_B_A,2.2
185,7.722,LYS, ,O,42.23,16.39,0.0,2.35,1.0,<Residue LYS het=  resseq=63 icode= >,4lmg_B_A,2.2
186,3.417,LYS, ,CB,31.94,15.71,0.0,2.18,1.0,<Residue LYS het=  resseq=63 icode= >,4lmg_B_A,2.2
187,0.378,LYS, ,CG,34.27,15.74,0.0,1.33,1.0,<Residue LYS het=  resseq=63 icode= >,4lmg_B_A,2.2
188,12.471,LYS, ,CD,41.24,16.80,0.0,1.09,1.0,<Residue LYS het=  resseq=63 icode= >,4lmg_B_A,2.2
189,20.467,LYS, ,CE,43.6,18.15,0.0,1.59,1.0,<Residue LYS het=  resseq=63 icode= >,4lmg_B_A,2.2
190,33.216,LYS, ,NZ,45.29,19.23,0.0,1.34,1.0,<Residue LYS het=  resseq=63 icode= >,4lmg_B_A,2.2
191,0.0,ILE, ,N,29.58,15.15,0.0,3.90,1.0,<Residue ILE het=  resseq=64 icode= >,4lmg_B_A,2.2
192,6.111,ILE, ,CA,27.2,15.89,0.0,3.03,1.0,<Residue ILE het=  resseq=64 icode= >,4lmg_B_A,2.2
193,0.0,ILE, ,C,27.86,15.57,0.0,4.16,1.0,<Residue ILE het=  resseq=64 icode= >,4lmg_B_A,2.2
194,5.319,ILE, ,O,28.73,16.53,0.0,2.76,1.0,<Residue ILE het=  resseq=64 icode= >,4lmg_B_A,2.2
195,0.0,ILE, ,CB,31.73,15.83,0.0,2.66,1.0,<Residue ILE het=  resseq=64 icode= >,4lmg_B_A,2.2
196,17.245,ILE, ,CG1,33.2,16.49,0.0,2.26,1.0,<Residue ILE het=  resseq=64 icode= >,4lmg_B_A,2.2
197,24.675,ILE, ,CG2,32.75,16.64,0.0,1.21,1.0,<Residue ILE het=  resseq=64 icode= >,4lmg_B_A,2.2
198,12.907,ILE, ,CD1,41.29,16.52,0.0,0.93,1.0,<Residue ILE het=  resseq=64 icode= >,4lmg_B_A,2.2
199,0.0,PHE, ,N,26.98,14.31,0.0,3.60,1.0,<Residue PHE het=  resseq=65 icode= >,4lmg_B_A,2.2
200,0.0,PHE, ,CA,28.82,14.07,0.0,3.02,1.0,<Residue PHE het=  resseq=65 icode= >,4lmg_B_A,2.2
201,0.0,PHE, ,C,23.16,13.98,0.0,4.50,1.0,<Residue PHE het=  resseq=65 icode= >,4lmg_B_A,2.2
202,0.0,PHE, ,O,27.7,14.47,0.0,3.74,1.0,<Residue PHE het=  resseq=65 icode= >,4lmg_B_A,2.2
203,0.104,PHE, ,CB,24.43,12.97,0.0,2.66,1.0,<Residue PHE het=  resseq=65 icode= >,4lmg_B_A,2.2
204,0.0,PHE, ,CG,26.26,13.44,0.0,3.18,1.0,<Residue PHE het=  resseq=65 icode= >,4lmg_B_A,2.2
205,0.0,PHE, ,CD1,23.36,14.29,0.0,3.09,1.0,<Residue PHE het=  resseq=65 icode= >,4lmg_B_A,2.2
206,0.0,PHE, ,CD2,21.62,13.26,0.0,2.96,1.0,<Residue PHE het=  resseq=65 icode= >,4lmg_B_A,2.2
207,8.269,PHE, ,CE1,26.39,14.90,0.0,3.13,1.0,<Residue PHE het=  resseq=65 icode= >,4lmg_B_A,2.2
208,0.0,PHE, ,CE2,29.28,13.91,0.0,1.83,1.0,<Residue PHE het=  resseq=65 icode= >,4lmg_B_A,2.2
209,4.128,PHE, ,CZ,27.18,14.72,0.0,2.75,1.0,<Residue PHE het=  resseq=65 icode= >,4lmg_B_A,2.2
210,0.024,TYR, ,N,22.64,13.54,0.0,4.37,1.0,<Residue TYR het=  resseq=66 icode= >,4lmg_B_A,2.2
211,0.0,TYR, ,CA,24.46,13.76,0.0,3.53,1.0,<Residue TYR het=  resseq=66 icode= >,4lmg_B_A,2.2
212,0.0,TYR, ,C,32.71,15.21,0.0,4.16,1.0,<Residue TYR het=  resseq=66 icode= >,4lmg_B_A,2.2
213,0.0,TYR, ,O,32.58,15.55,0.0,3.52,1.0,<Residue TYR het=  resseq=66 icode= >,4lmg_B_A,2.2
214,0.0,TYR, ,CB,28.98,13.55,0.0,2.05,1.0,<Residue TYR het=  resseq=66 icode= >,4lmg_B_A,2.2
215,0.0,TYR, ,CG,24.77,12.27,0.0,3.31,1.0,<Residue TYR het=  resseq=66 icode= >,4lmg_B_A,2.2
216,0.226,TYR, ,CD1,26.64,11.62,0.0,3.14,1.0,<Residue TYR het=  resseq=66 icode= >,4lmg_B_A,2.2
217,0.0,TYR, ,CD2,27.48,11.86,0.0,2.40,1.0,<Residue TYR het=  resseq=66 icode= >,4lmg_B_A,2.2
218,0.093,TYR, ,CE1,30.37,10.52,0.0,2.79,1.0,<Residue TYR het=  resseq=66 icode= >,4lmg_B_A,2.2
219,0.0,TYR, ,CE2,35.22,10.79,0.0,2.58,1.0,<Residue TYR het=  resseq=66 icode= >,4lmg_B_A,2.2
220,0.143,TYR, ,CZ,32.88,10.08,0.0,3.38,1.0,<Residue TYR het=  resseq=66 icode= >,4lmg_B_A,2.2
221,0.035,TYR, ,OH,35.13,9.12,0.0,2.37,1.0,<Residue TYR het=  resseq=66 icode= >,4lmg_B_A,2.2
222,0.0,PRO, ,N,31.58,16.17,0.0,3.70,1.0,<Residue PRO het=  resseq=67 icode= >,4lmg_B_A,2.2
223,0.0,PRO, ,CA,27.23,17.58,0.0,3.60,1.0,<Residue PRO het=  resseq=67 icode= >,4lmg_B_A,2.2
224,0.703,PRO, ,C,30.68,17.95,0.0,3.96,1.0,<Residue PRO het=  resseq=67 icode= >,4lmg_B_A,2.2
225,4.718,PRO, ,O,30.0,18.96,0.0,3.03,1.0,<Residue PRO het=  resseq=67 icode= >,4lmg_B_A,2.2
226,20.362,PRO, ,CB,31.46,18.37,0.0,2.03,1.0,<Residue PRO het=  resseq=67 icode= >,4lmg_B_A,2.2
227,7.205,PRO, ,CG,35.28,17.55,0.0,1.87,1.0,<Residue PRO het=  resseq=67 icode= >,4lmg_B_A,2.2
228,0.0,PRO, ,CD,28.08,16.13,0.0,2.38,1.0,<Residue PRO het=  resseq=67 icode= >,4lmg_B_A,2.2
229,0.0,GLN, ,N,27.38,17.24,0.0,3.47,1.0,<Residue GLN het=  resseq=68 icode= >,4lmg_B_A,2.2
230,7.105,GLN, ,CA,25.64,17.62,0.0,3.56,1.0,<Residue GLN het=  resseq=68 icode= >,4lmg_B_A,2.2
231,0.0,GLN, ,C,25.68,16.63,0.0,4.45,1.0,<Residue GLN het=  resseq=68 icode= >,4lmg_B_A,2.2
232,4.377,GLN, ,O,27.43,16.62,0.0,2.98,1.0,<Residue GLN het=  resseq=68 icode= >,4lmg_B_A,2.2
233,3.056,GLN, ,CB,31.89,17.36,0.0,3.20,1.0,<Residue GLN het=  resseq=68 icode= >,4lmg_B_A,2.2
234,20.791,GLN, ,CG,33.23,18.04,0.0,2.88,1.0,<Residue GLN het=  resseq=68 icode= >,4lmg_B_A,2.2
235,5.529,GLN, ,CD,42.45,17.81,0.0,2.94,1.0,<Residue GLN het=  resseq=68 icode= >,4lmg_B_A,2.2
236,8.667,GLN, ,OE1,42.8,17.46,0.0,1.79,1.0,<Residue GLN het=  resseq=68 icode= >,4lmg_B_A,2.2
237,36.604,GLN, ,NE2,43.17,18.16,0.0,1.97,1.0,<Residue GLN het=  resseq=68 icode= >,4lmg_B_A,2.2
238,0.0,GLY, ,N,22.15,15.91,0.0,3.57,1.0,<Residue GLY het=  resseq=69 icode= >,4lmg_B_A,2.2
239,0.0,GLY, ,CA,30.25,14.98,0.0,2.32,1.0,<Residue GLY het=  resseq=69 icode= >,4lmg_B_A,2.2
240,0.0,GLY, ,C,31.64,13.64,0.0,3.36,1.0,<Residue GLY het=  resseq=69 icode= >,4lmg_B_A,2.2
241,5.392,GLY, ,O,30.33,12.96,0.0,2.76,1.0,<Residue GLY het=  resseq=69 icode= >,4lmg_B_A,2.2
242,0.0,ILE, ,N,29.23,13.39,0.0,3.05,1.0,<Residue ILE het=  resseq=70 icode= >,4lmg_B_A,2.2
243,0.032,ILE, ,CA,25.26,12.24,0.0,3.05,1.0,<Residue ILE het=  resseq=70 icode= >,4lmg_B_A,2.2
244,0.0,ILE, ,C,23.3,11.36,0.0,4.00,1.0,<Residue ILE het=  resseq=70 icode= >,4lmg_B_A,2.2
245,0.429,ILE, ,O,32.89,11.47,0.0,3.68,1.0,<Residue ILE het=  resseq=70 icode= >,4lmg_B_A,2.2
246,0.0,ILE, ,CB,24.87,12.82,0.0,3.33,1.0,<Residue ILE het=  resseq=70 icode= >,4lmg_B_A,2.2
247,0.0,ILE, ,CG1,24.91,13.64,0.0,2.11,1.0,<Residue ILE het=  resseq=70 icode= >,4lmg_B_A,2.2
248,0.0,ILE, ,CG2,20.58,11.82,0.0,1.73,1.0,<Residue ILE het=  resseq=70 icode= >,4lmg_B_A,2.2
249,4.185,ILE, ,CD1,31.08,14.58,0.0,1.46,1.0,<Residue ILE het=  resseq=70 icode= >,4lmg_B_A,2.2
250,3.105,ASP, ,N,22.17,10.10,0.0,3.40,1.0,<Residue ASP het=  resseq=71 icode= >,4lmg_B_A,2.2
251,0.0,ASP, ,CA,18.01,9.27,0.0,3.67,1.0,<Residue ASP het=  resseq=71 icode= >,4lmg_B_A,2.2
252,0.0,ASP, ,C,24.14,8.33,0.0,4.55,1.0,<Residue ASP het=  resseq=71 icode= >,4lmg_B_A,2.2
253,0.262,ASP, ,O,25.88,7.33,0.0,3.68,1.0,<Residue ASP het=  resseq=71 icode= >,4lmg_B_A,2.2
254,12.054,ASP, ,CB,21.13,8.67,0.0,2.19,1.0,<Residue ASP het=  resseq=71 icode= >,4lmg_B_A,2.2
255,0.0,ASP, ,CG,25.03,8.30,0.0,3.84,1.0,<Residue ASP het=  resseq=71 icode= >,4lmg_B_A,2.2
256,0.062,ASP, ,OD1,29.78,7.76,0.0,3.35,1.0,<Residue ASP het=  resseq=71 icode= >,4lmg_B_A,2.2
257,1.845,ASP, ,OD2,38.1,8.37,0.0,1.97,1.0,<Residue ASP het=  resseq=71 icode= >,4lmg_B_A,2.2
258,0.156,ILE, ,N,29.25,7.85,0.0,2.74,1.0,<Residue ILE het=  resseq=72 icode= >,4lmg_B_A,2.2
259,0.0,ILE, ,CA,22.31,7.00,0.0,2.78,1.0,<Residue ILE het=  resseq=72 icode= >,4lmg_B_A,2.2
260,0.0,ILE, ,C,21.74,5.49,0.0,4.51,1.0,<Residue ILE het=  resseq=72 icode= >,4lmg_B_A,2.2
261,0.243,ILE, ,O,21.94,5.10,0.0,3.83,1.0,<Residue ILE het=  resseq=72 icode= >,4lmg_B_A,2.2
262,0.0,ILE, ,CB,26.52,7.49,0.0,3.13,1.0,<Residue ILE het=  resseq=72 icode= >,4lmg_B_A,2.2
263,0.745,ILE, ,CG1,34.55,7.39,0.0,2.64,1.0,<Residue ILE het=  resseq=72 icode= >,4lmg_B_A,2.2
264,0.0,ILE, ,CG2,23.6,8.98,0.0,1.99,1.0,<Residue ILE het=  resseq=72 icode= >,4lmg_B_A,2.2
265,0.0,ILE, ,CD1,39.12,8.08,0.0,1.15,1.0,<Residue ILE het=  resseq=72 icode= >,4lmg_B_A,2.2
266,0.0,VAL, ,N,22.16,4.93,0.0,2.95,1.0,<Residue VAL het=  resseq=73 icode= >,4lmg_B_A,2.2
267,0.0,VAL, ,CA,22.97,3.54,0.0,3.03,1.0,<Residue VAL het=  resseq=73 icode= >,4lmg_B_A,2.2
268,0.0,VAL, ,C,22.58,3.69,0.0,3.65,1.0,<Residue VAL het=  resseq=73 icode= >,4lmg_B_A,2.2
269,0.0,VAL, ,O,21.89,4.90,0.0,3.37,1.0,<Residue VAL het=  resseq=73 icode= >,4lmg_B_A,2.2
270,8.628,VAL, ,CB,29.65,3.56,8.628,2.50,1.0,<Residue VAL het=  resseq=73 icode= >,4lmg_B_A,2.2
271,9.545,VAL, ,CG1,26.42,3.88,9.545,1.67,1.0,<Residue VAL het=  resseq=73 icode= >,4lmg_B_A,2.2
272,10.573,VAL, ,CG2,28.2,3.71,10.573,1.81,1.0,<Residue VAL het=  resseq=73 icode= >,4lmg_B_A,2.2
273,2.686,ILE, ,N,24.69,2.90,2.686,2.66,1.0,<Residue ILE het=  resseq=74 icode= >,4lmg_B_A,2.2
274,0.0,ILE, ,CA,27.44,3.86,0.0,2.74,1.0,<Residue ILE het=  resseq=74 icode= >,4lmg_B_A,2.2
275,0.0,ILE, ,C,29.37,4.31,0.0,4.02,1.0,<Residue ILE het=  resseq=74 icode= >,4lmg_B_A,2.2
276,22.121,ILE, ,O,25.05,3.46,21.805,3.42,1.0,<Residue ILE het=  resseq=74 icode= >,4lmg_B_A,2.2
277,6.028,ILE, ,CB,27.39,3.80,6.028,2.96,1.0,<Residue ILE het=  resseq=74 icode= >,4lmg_B_A,2.2
278,0.0,ILE, ,CG1,17.35,3.89,0.0,2.52,1.0,<Residue ILE het=  resseq=74 icode= >,4lmg_B_A,2.2
279,7.961,ILE, ,CG2,16.3,3.54,7.961,2.65,1.0,<Residue ILE het=  resseq=74 icode= >,4lmg_B_A,2.2
280,39.873,ILE, ,CD1,17.83,3.80,26.004,2.30,1.0,<Residue ILE het=  resseq=74 icode= >,4lmg_B_A,2.2
281,0.0,GLU, ,N,32.54,4.99,0.0,3.10,1.0,<Residue GLU het=  resseq=75 icode= >,4lmg_B_A,2.2
282,3.132,GLU, ,CA,31.84,4.56,2.449,2.80,1.0,<Residue GLU het=  resseq=75 icode= >,4lmg_B_A,2.2
283,0.325,GLU, ,C,28.4,4.03,0.325,4.25,1.0,<Residue GLU het=  resseq=75 icode= >,4lmg_B_A,2.2
284,26.321,GLU, ,O,25.92,3.20,25.254,3.51,1.0,<Residue GLU het=  resseq=75 icode= >,4lmg_B_A,2.2
285,0.0,GLU, ,CB,32.54,5.75,0.0,2.40,1.0,<Residue GLU het=  resseq=75 icode= >,4lmg_B_A,2.2
286,9.448,GLU, ,CG,32.46,5.70,0.194,2.29,1.0,<Residue GLU het=  resseq=75 icode= >,4lmg_B_A,2.2
287,1.299,GLU, ,CD,43.41,5.08,1.256,2.44,1.0,<Residue GLU het=  resseq=75 icode= >,4lmg_B_A,2.2
288,4.242,GLU, ,OE1,44.9,4.96,1.63,1.53,1.0,<Residue GLU het=  resseq=75 icode= >,4lmg_B_A,2.2
289,22.831,GLU, ,OE2,52.2,4.65,5.348,1.74,1.0,<Residue GLU het=  resseq=75 icode= >,4lmg_B_A,2.2
290,0.0,ARG, ,N,28.63,4.55,0.0,3.17,1.0,<Residue ARG het=  resseq=76 icode= >,4lmg_B_A,2.2
291,5.984,ARG, ,CA,34.94,3.61,5.984,2.81,1.0,<Residue ARG het=  resseq=76 icode= >,4lmg_B_A,2.2
292,0.0,ARG, ,C,33.43,3.91,0.0,3.65,1.0,<Residue ARG het=  resseq=76 icode= >,4lmg_B_A,2.2
293,0.652,ARG, ,O,32.91,5.11,0.0,2.37,1.0,<Residue ARG het=  resseq=76 icode= >,4lmg_B_A,2.2
294,1.477,ARG, ,CB,29.56,3.99,1.403,2.45,1.0,<Residue ARG het=  resseq=76 icode= >,4lmg_B_A,2.2
295,13.004,ARG, ,CG,34.79,3.65,11.716,1.51,1.0,<Residue ARG het=  resseq=76 icode= >,4lmg_B_A,2.2
296,28.189,ARG, ,CD,38.46,3.43,22.295,1.61,1.0,<Residue ARG het=  resseq=76 icode= >,4lmg_B_A,2.2
297,17.566,ARG, ,NE,40.44,3.17,17.566,2.77,1.0,<Residue ARG het=  resseq=76 icode= >,4lmg_B_A,2.2
298,4.412,ARG, ,CZ,45.55,3.66,4.412,3.52,1.0,<Residue ARG het=  resseq=76 icode= >,4lmg_B_A,2.2
299,24.237,ARG, ,NH1,45.42,4.15,20.035,1.75,1.0,<Residue ARG het=  resseq=76 icode= >,4lmg_B_A,2.2
300,54.291,ARG, ,NH2,46.59,3.00,43.759,1.44,1.0,<Residue ARG het=  resseq=76 icode= >,4lmg_B_A,2.2
301,4.528,SER, ,N,29.52,3.23,4.528,3.42,1.0,<Residue SER het=  resseq=77 icode= >,4lmg_B_A,2.2
302,0.0,SER, ,CA,25.59,4.21,0.0,3.31,1.0,<Residue SER het=  resseq=77 icode= >,4lmg_B_A,2.2
303,0.0,SER, ,C,33.24,4.19,0.0,3.50,1.0,<Residue SER het=  resseq=77 icode= >,4lmg_B_A,2.2
304,19.709,SER, ,O,22.91,3.09,19.709,2.91,1.0,<Residue SER het=  resseq=77 icode= >,4lmg_B_A,2.2
305,4.032,SER, ,CB,29.94,3.34,3.107,2.79,1.0,<Residue SER het=  resseq=77 icode= >,4lmg_B_A,2.2
306,22.795,SER, ,OG,24.07,2.63,22.795,3.67,1.0,<Residue SER het=  resseq=77 icode= >,4lmg_B_A,2.2
307,0.0,ASP, ,N,34.26,4.98,0.0,2.42,1.0,<Residue ASP het=  resseq=78 icode= >,4lmg_B_A,2.2
308,7.768,ASP, ,CA,47.2,4.85,3.688,1.89,1.0,<Residue ASP het=  resseq=78 icode= >,4lmg_B_A,2.2
309,0.82,ASP, ,C,56.0,5.97,0.0,2.40,1.0,<Residue ASP het=  resseq=78 icode= >,4lmg_B_A,2.2
310,0.0,ASP, ,O,54.46,7.00,0.0,2.15,1.0,<Residue ASP het=  resseq=78 icode= >,4lmg_B_A,2.2
311,25.868,ASP, ,CB,48.45,3.81,22.281,1.50,1.0,<Residue ASP het=  resseq=78 icode= >,4lmg_B_A,2.2
312,3.727,ASP, ,CG,51.51,4.12,0.0,2.56,1.0,<Residue ASP het=  resseq=78 icode= >,4lmg_B_A,2.2
313,0.0,ASP, ,OD1,63.72,5.31,0.0,0.80,1.0,<Residue ASP het=  resseq=78 icode= >,4lmg_B_A,2.2
314,19.085,ASP, ,OD2,35.01,3.23,10.988,2.30,1.0,<Residue ASP het=  resseq=78 icode= >,4lmg_B_A,2.2
315,4.719,SER, ,N,64.44,5.79,0.002,1.04,1.0,<Residue SER het=  resseq=79 icode= >,4lmg_B_A,2.2
316,7.196,SER, ,CA,68.3,7.05,0.0,1.08,1.0,<Residue SER het=  resseq=79 icode= >,4lmg_B_A,2.2
317,0.821,SER, ,C,64.39,8.09,0.0,2.59,1.0,<Residue SER het=  resseq=79 icode= >,4lmg_B_A,2.2
318,18.514,SER, ,O,61.41,9.24,0.0,1.98,1.0,<Residue SER het=  resseq=79 icode= >,4lmg_B_A,2.2
319,47.524,SER, ,CB,66.24,6.94,0.0,1.27,1.0,<Residue SER het=  resseq=79 icode= >,4lmg_B_A,2.2
320,24.497,SER, ,OG,64.63,6.50,0.0,1.48,1.0,<Residue SER het=  resseq=79 icode= >,4lmg_B_A,2.2
321,0.0,SER, ,N,63.0,7.86,0.0,2.35,1.0,<Residue SER het=  resseq=80 icode= >,4lmg_B_A,2.2
322,0.685,SER, ,CA,70.22,8.72,0.0,1.37,1.0,<Residue SER het=  resseq=80 icode= >,4lmg_B_A,2.2
323,0.0,SER, ,C,66.12,8.60,0.0,1.50,1.0,<Residue SER het=  resseq=80 icode= >,4lmg_B_A,2.2
324,0.0,SER, ,O,63.41,9.63,0.0,1.35,1.0,<Residue SER het=  resseq=80 icode= >,4lmg_B_A,2.2
325,27.475,SER, ,CB,76.38,8.78,0.0,0.65,1.0,<Residue SER het=  resseq=80 icode= >,4lmg_B_A,2.2
326,11.949,SER, ,OG,76.38,7.59,0.0,0.83,1.0,<Residue SER het=  resseq=80 icode= >,4lmg_B_A,2.2
327,0.0,LYS, ,N,57.05,7.54,0.0,1.27,1.0,<Residue LYS het=  resseq=81 icode= >,4lmg_B_A,2.2
328,0.0,LYS, ,CA,40.09,7.64,0.0,2.87,1.0,<Residue LYS het=  resseq=81 icode= >,4lmg_B_A,2.2
329,0.371,LYS, ,C,38.37,7.54,0.0,3.42,1.0,<Residue LYS het=  resseq=81 icode= >,4lmg_B_A,2.2
330,0.498,LYS, ,O,43.28,6.76,0.0,1.89,1.0,<Residue LYS het=  resseq=81 icode= >,4lmg_B_A,2.2
331,6.004,LYS, ,CB,50.0,6.88,0.0,1.94,1.0,<Residue LYS het=  resseq=81 icode= >,4lmg_B_A,2.2
332,0.059,LYS, ,CG,76.46,7.21,0.0,-0.71,1.0,<Residue LYS het=  resseq=81 icode= >,4lmg_B_A,2.2
333,12.309,LYS, ,CD,85.83,6.16,1.065,0.45,1.0,<Residue LYS het=  resseq=81 icode= >,4lmg_B_A,2.2
334,22.673,LYS, ,CE,94.56,6.95,0.0,0.16,1.0,<Residue LYS het=  resseq=81 icode= >,4lmg_B_A,2.2
335,42.151,LYS, ,NZ,99.04,6.34,0.0,-0.07,1.0,<Residue LYS het=  resseq=81 icode= >,4lmg_B_A,2.2
336,0.0,VAL, ,N,37.01,8.28,0.0,2.50,1.0,<Residue VAL het=  resseq=82 icode= >,4lmg_B_A,2.2
337,0.0,VAL, ,CA,36.5,7.27,0.0,2.67,1.0,<Residue VAL het=  resseq=82 icode= >,4lmg_B_A,2.2
338,0.0,VAL, ,C,36.06,8.14,0.0,3.47,1.0,<Residue VAL het=  resseq=82 icode= >,4lmg_B_A,2.2
339,0.0,VAL, ,O,32.29,9.15,0.0,2.84,1.0,<Residue VAL het=  resseq=82 icode= >,4lmg_B_A,2.2
340,0.0,VAL, ,CB,32.72,6.71,0.0,3.12,1.0,<Residue VAL het=  resseq=82 icode= >,4lmg_B_A,2.2
341,3.53,VAL, ,CG1,28.62,5.82,0.0,1.94,1.0,<Residue VAL het=  resseq=82 icode= >,4lmg_B_A,2.2
342,0.695,VAL, ,CG2,42.96,6.30,0.0,1.37,1.0,<Residue VAL het=  resseq=82 icode= >,4lmg_B_A,2.2
343,0.15,THR, ,N,28.69,7.83,0.0,3.15,1.0,<Residue THR het=  resseq=83 icode= >,4lmg_B_A,2.2
344,0.0,THR, ,CA,34.08,7.93,0.0,3.44,1.0,<Residue THR het=  resseq=83 icode= >,4lmg_B_A,2.2
345,0.0,THR, ,C,29.18,8.08,0.0,3.99,1.0,<Residue THR het=  resseq=83 icode= >,4lmg_B_A,2.2
346,0.0,THR, ,O,34.02,6.88,0.0,2.47,1.0,<Residue THR het=  resseq=83 icode= >,4lmg_B_A,2.2
347,0.032,THR, ,CB,43.63,6.45,0.0,3.07,1.0,<Residue THR het=  resseq=83 icode= >,4lmg_B_A,2.2
348,11.499,THR, ,OG1,51.08,5.74,0.0,2.15,1.0,<Residue THR het=  resseq=83 icode= >,4lmg_B_A,2.2
349,9.914,THR, ,CG2,50.15,6.18,0.0,0.94,1.0,<Residue THR het=  resseq=83 icode= >,4lmg_B_A,2.2
350,0.0,PHE, ,N,28.13,8.68,0.0,3.25,1.0,<Residue PHE het=  resseq=84 icode= >,4lmg_B_A,2.2
351,0.0,PHE, ,CA,21.21,7.77,0.0,3.57,1.0,<Residue PHE het=  resseq=84 icode= >,4lmg_B_A,2.2
352,0.0,PHE, ,C,24.61,8.42,0.0,3.93,1.0,<Residue PHE het=  resseq=84 icode= >,4lmg_B_A,2.2
353,0.0,PHE, ,O,24.91,9.30,0.0,3.06,1.0,<Residue PHE het=  resseq=84 icode= >,4lmg_B_A,2.2
354,0.0,PHE, ,CB,27.75,7.90,0.0,2.16,1.0,<Residue PHE het=  resseq=84 icode= >,4lmg_B_A,2.2
355,0.0,PHE, ,CG,23.76,7.57,0.0,3.64,1.0,<Residue PHE het=  resseq=84 icode= >,4lmg_B_A,2.2
356,0.0,PHE, ,CD1,19.75,8.63,0.0,2.92,1.0,<Residue PHE het=  resseq=84 icode= >,4lmg_B_A,2.2
357,0.0,PHE, ,CD2,25.62,6.44,0.0,2.57,1.0,<Residue PHE het=  resseq=84 icode= >,4lmg_B_A,2.2
358,0.0,PHE, ,CE1,23.59,8.51,0.0,2.76,1.0,<Residue PHE het=  resseq=84 icode= >,4lmg_B_A,2.2
359,0.0,PHE, ,CE2,25.23,6.53,0.0,2.68,1.0,<Residue PHE het=  resseq=84 icode= >,4lmg_B_A,2.2
360,1.165,PHE, ,CZ,27.26,7.66,0.0,2.96,1.0,<Residue PHE het=  resseq=84 icode= >,4lmg_B_A,2.2
361,0.0,LYS, ,N,24.75,7.45,0.0,3.09,1.0,<Residue LYS het=  resseq=85 icode= >,4lmg_B_A,2.2
362,0.0,LYS, ,CA,28.8,7.31,0.0,3.08,1.0,<Residue LYS het=  resseq=85 icode= >,4lmg_B_A,2.2
363,0.0,LYS, ,C,22.1,6.83,0.0,3.94,1.0,<Residue LYS het=  resseq=85 icode= >,4lmg_B_A,2.2
364,0.0,LYS, ,O,20.87,6.57,0.0,3.60,1.0,<Residue LYS het=  resseq=85 icode= >,4lmg_B_A,2.2
365,0.09,LYS, ,CB,26.66,6.67,0.0,2.36,1.0,<Residue LYS het=  resseq=85 icode= >,4lmg_B_A,2.2
366,0.0,LYS, ,CG,28.8,5.20,0.0,2.27,1.0,<Residue LYS het=  resseq=85 icode= >,4lmg_B_A,2.2
367,4.542,LYS, ,CD,41.68,5.06,0.0,1.23,1.0,<Residue LYS het=  resseq=85 icode= >,4lmg_B_A,2.2
368,16.58,LYS, ,CE,46.5,3.82,11.418,1.35,1.0,<Residue LYS het=  resseq=85 icode= >,4lmg_B_A,2.2
369,36.638,LYS, ,NZ,54.94,4.39,0.497,0.23,1.0,<Residue LYS het=  resseq=85 icode= >,4lmg_B_A,2.2
370,0.276,CYS, ,N,22.52,7.10,0.0,4.13,1.0,<Residue CYS het=  resseq=86 icode= >,4lmg_B_A,2.2
371,0.0,CYS, ,CA,31.16,6.96,0.0,3.06,1.0,<Residue CYS het=  resseq=86 icode= >,4lmg_B_A,2.2
372,0.0,CYS, ,C,28.33,5.46,0.0,4.46,1.0,<Residue CYS het=  resseq=86 icode= >,4lmg_B_A,2.2
373,7.13,CYS, ,O,38.62,4.96,0.174,3.04,1.0,<Residue CYS het=  resseq=86 icode= >,4lmg_B_A,2.2
374,3.477,CYS, ,CB,25.97,7.80,0.0,2.99,1.0,<Residue CYS het=  resseq=86 icode= >,4lmg_B_A,2.2
375,0.053,CYS, ,SG,23.73,9.51,0.0,8.02,1.0,<Residue CYS het=  resseq=86 icode= >,4lmg_B_A,2.2
376,0.426,ARG, ,N,29.32,5.04,0.0,3.89,1.0,<Residue ARG het=  resseq=87 icode= >,4lmg_B_A,2.2
377,0.294,ARG, ,CA,35.35,3.80,0.294,2.75,1.0,<Residue ARG het=  resseq=87 icode= >,4lmg_B_A,2.2
378,0.0,ARG, ,C,31.77,3.84,0.0,3.90,1.0,<Residue ARG het=  resseq=87 icode= >,4lmg_B_A,2.2
379,10.499,ARG, ,O,25.6,5.03,0.0,3.34,1.0,<Residue ARG het=  resseq=87 icode= >,4lmg_B_A,2.2
380,0.61,ARG, ,CB,34.2,4.29,0.0,2.21,1.0,<Residue ARG het=  resseq=87 icode= >,4lmg_B_A,2.2
381,4.517,ARG, ,CG,36.57,3.97,3.549,1.84,1.0,<Residue ARG het=  resseq=87 icode= >,4lmg_B_A,2.2
382,12.158,ARG, ,CD,36.65,5.04,0.0,2.77,1.0,<Residue ARG het=  resseq=87 icode= >,4lmg_B_A,2.2
383,15.498,ARG, ,NE,47.42,4.75,3.669,2.37,1.0,<Residue ARG het=  resseq=87 icode= >,4lmg_B_A,2.2
384,0.359,ARG, ,CZ,41.74,4.95,0.0,3.91,1.0,<Residue ARG het=  resseq=87 icode= >,4lmg_B_A,2.2
385,0.0,ARG, ,NH1,32.45,5.98,0.0,2.72,1.0,<Residue ARG het=  resseq=87 icode= >,4lmg_B_A,2.2
386,28.755,ARG, ,NH2,51.75,4.54,10.765,1.33,1.0,<Residue ARG het=  resseq=87 icode= >,4lmg_B_A,2.2
387,4.833,SER, ,N,33.44,2.95,4.833,2.84,1.0,<Residue SER het=  resseq=88 icode= >,4lmg_B_A,2.2
388,5.636,SER, ,CA,42.5,3.81,0.0,2.73,1.0,<Residue SER het=  resseq=88 icode= >,4lmg_B_A,2.2
389,0.826,SER, ,C,47.05,4.41,0.742,2.67,1.0,<Residue SER het=  resseq=88 icode= >,4lmg_B_A,2.2
390,18.064,SER, ,O,48.22,4.18,4.521,1.93,1.0,<Residue SER het=  resseq=88 icode= >,4lmg_B_A,2.2
391,41.836,SER, ,CB,41.73,3.24,36.831,2.31,1.0,<Residue SER het=  resseq=88 icode= >,4lmg_B_A,2.2
392,26.576,SER, ,OG,49.09,3.77,9.173,1.45,1.0,<Residue SER het=  resseq=88 icode= >,4lmg_B_A,2.2
393,6.474,VAL, ,N,59.43,4.75,0.0,1.73,1.0,<Residue VAL het=  resseq=89 icode= >,4lmg_B_A,2.2
394,5.907,VAL, ,CA,69.04,5.38,0.0,1.24,1.0,<Residue VAL het=  resseq=89 icode= >,4lmg_B_A,2.2
395,29.777,VAL, ,C,70.75,5.09,3.223,1.67,1.0,<Residue VAL het=  resseq=89 icode= >,4lmg_B_A,2.2
396,37.079,VAL, ,O,73.1,4.97,1.62,1.39,1.0,<Residue VAL het=  resseq=89 icode= >,4lmg_B_A,2.2
397,10.799,VAL, ,CB,76.6,6.88,0.0,0.50,1.0,<Residue VAL het=  resseq=89 icode= >,4lmg_B_A,2.2
398,51.423,VAL, ,CG1,84.4,7.72,0.0,-0.65,1.0,<Residue VAL het=  resseq=89 icode= >,4lmg_B_A,2.2
399,36.044,VAL, ,CG2,74.63,7.26,0.0,0.64,1.0,<Residue VAL het=  resseq=89 icode= >,4lmg_B_A,2.2
400,42.063,ALA, ,N,53.35,7.01,0.0,1.28,1.0,<Residue ALA het=  resseq=108 icode= >,4lmg_B_A,2.2
401,17.742,ALA, ,CA,52.7,7.98,0.0,2.79,1.0,<Residue ALA het=  resseq=108 icode= >,4lmg_B_A,2.2
402,2.935,ALA, ,C,52.04,9.36,0.0,3.11,1.0,<Residue ALA het=  resseq=108 icode= >,4lmg_B_A,2.2
403,12.468,ALA, ,O,56.08,10.36,0.0,1.72,1.0,<Residue ALA het=  resseq=108 icode= >,4lmg_B_A,2.2
404,66.399,ALA, ,CB,57.31,8.24,0.0,1.30,1.0,<Residue ALA het=  resseq=108 icode= >,4lmg_B_A,2.2
405,4.336,CYS, ,N,44.8,9.34,0.0,2.41,1.0,<Residue CYS het=  resseq=109 icode= >,4lmg_B_A,2.2
406,0.0,CYS, ,CA,40.23,10.12,0.0,2.95,1.0,<Residue CYS het=  resseq=109 icode= >,4lmg_B_A,2.2
407,1.362,CYS, ,C,36.14,10.16,0.0,3.72,1.0,<Residue CYS het=  resseq=109 icode= >,4lmg_B_A,2.2
408,3.949,CYS, ,O,38.08,9.20,0.0,2.67,1.0,<Residue CYS het=  resseq=109 icode= >,4lmg_B_A,2.2
409,6.68,CYS, ,CB,31.79,9.83,0.0,2.74,1.0,<Residue CYS het=  resseq=109 icode= >,4lmg_B_A,2.2
410,0.0,CYS, ,SG,36.84,11.04,0.0,5.17,1.0,<Residue CYS het=  resseq=109 icode= >,4lmg_B_A,2.2
411,0.257,PRO, ,N,32.96,11.41,0.0,3.85,1.0,<Residue PRO het=  resseq=110 icode= >,4lmg_B_A,2.2
412,8.927,PRO, ,CA,39.7,10.39,0.0,2.86,1.0,<Residue PRO het=  resseq=110 icode= >,4lmg_B_A,2.2
413,0.0,PRO, ,C,47.04,10.34,0.0,3.16,1.0,<Residue PRO het=  resseq=110 icode= >,4lmg_B_A,2.2
414,2.246,PRO, ,O,47.0,9.53,0.0,2.13,1.0,<Residue PRO het=  resseq=110 icode= >,4lmg_B_A,2.2
415,24.968,PRO, ,CB,38.66,11.11,0.0,2.15,1.0,<Residue PRO het=  resseq=110 icode= >,4lmg_B_A,2.2
416,15.449,PRO, ,CG,40.1,12.53,0.0,1.46,1.0,<Residue PRO het=  resseq=110 icode= >,4lmg_B_A,2.2
417,6.214,PRO, ,CD,35.12,12.62,0.0,2.11,1.0,<Residue PRO het=  resseq=110 icode= >,4lmg_B_A,2.2
418,0.0,PHE, ,N,47.38,11.36,0.0,2.57,1.0,<Residue PHE het=  resseq=111 icode= >,4lmg_B_A,2.2
419,0.0,PHE, ,CA,38.1,11.65,0.0,3.00,1.0,<Residue PHE het=  resseq=111 icode= >,4lmg_B_A,2.2
420,0.0,PHE, ,C,32.48,10.56,0.0,4.78,1.0,<Residue PHE het=  resseq=111 icode= >,4lmg_B_A,2.2
421,0.0,PHE, ,O,29.78,9.99,0.0,3.48,1.0,<Residue PHE het=  resseq=111 icode= >,4lmg_B_A,2.2
422,0.0,PHE, ,CB,35.38,11.92,0.0,2.32,1.0,<Residue PHE het=  resseq=111 icode= >,4lmg_B_A,2.2
423,0.0,PHE, ,CG,32.17,12.37,0.0,2.87,1.0,<Residue PHE het=  resseq=111 icode= >,4lmg_B_A,2.2
424,0.0,PHE, ,CD1,29.25,11.56,0.0,2.73,1.0,<Residue PHE het=  resseq=111 icode= >,4lmg_B_A,2.2
425,0.0,PHE, ,CD2,28.82,13.73,0.0,2.97,1.0,<Residue PHE het=  resseq=111 icode= >,4lmg_B_A,2.2
426,0.0,PHE, ,CE1,22.18,12.23,0.0,3.19,1.0,<Residue PHE het=  resseq=111 icode= >,4lmg_B_A,2.2
427,1.082,PHE, ,CE2,28.64,14.31,0.0,3.18,1.0,<Residue PHE het=  resseq=111 icode= >,4lmg_B_A,2.2
428,0.0,PHE, ,CZ,24.69,13.60,0.0,3.11,1.0,<Residue PHE het=  resseq=111 icode= >,4lmg_B_A,2.2
429,0.0,ARG, ,N,35.23,10.39,0.0,3.05,1.0,<Residue ARG het=  resseq=112 icode= >,4lmg_B_A,2.2
430,0.0,ARG, ,CA,29.81,9.54,0.0,3.49,1.0,<Residue ARG het=  resseq=112 icode= >,4lmg_B_A,2.2
431,0.0,ARG, ,C,31.86,10.05,0.0,4.28,1.0,<Residue ARG het=  resseq=112 icode= >,4lmg_B_A,2.2
432,0.0,ARG, ,O,26.94,10.62,0.0,3.15,1.0,<Residue ARG het=  resseq=112 icode= >,4lmg_B_A,2.2
433,0.155,ARG, ,CB,39.02,8.21,0.0,1.66,1.0,<Residue ARG het=  resseq=112 icode= >,4lmg_B_A,2.2
434,16.578,ARG, ,CG,31.37,7.28,0.0,1.70,1.0,<Residue ARG het=  resseq=112 icode= >,4lmg_B_A,2.2
435,0.743,ARG, ,CD,26.57,6.99,0.0,3.09,1.0,<Residue ARG het=  resseq=112 icode= >,4lmg_B_A,2.2
436,4.898,ARG, ,NE,31.19,6.26,0.0,3.12,1.0,<Residue ARG het=  resseq=112 icode= >,4lmg_B_A,2.2
437,2.46,ARG, ,CZ,38.93,6.95,0.0,3.50,1.0,<Residue ARG het=  resseq=112 icode= >,4lmg_B_A,2.2
438,0.0,ARG, ,NH1,36.57,8.19,0.0,3.00,1.0,<Residue ARG het=  resseq=112 icode= >,4lmg_B_A,2.2
439,32.202,ARG, ,NH2,34.84,6.65,0.0,2.30,1.0,<Residue ARG het=  resseq=112 icode= >,4lmg_B_A,2.2
440,0.0,ILE, ,N,30.49,10.06,0.0,3.40,1.0,<Residue ILE het=  resseq=113 icode= >,4lmg_B_A,2.2
441,0.0,ILE, ,CA,32.07,10.55,0.0,3.00,1.0,<Residue ILE het=  resseq=113 icode= >,4lmg_B_A,2.2
442,0.0,ILE, ,C,29.17,9.60,0.0,4.04,1.0,<Residue ILE het=  resseq=113 icode= >,4lmg_B_A,2.2
443,0.0,ILE, ,O,28.47,9.08,0.0,3.10,1.0,<Residue ILE het=  resseq=113 icode= >,4lmg_B_A,2.2
444,0.0,ILE, ,CB,32.04,11.82,0.0,2.47,1.0,<Residue ILE het=  resseq=113 icode= >,4lmg_B_A,2.2
445,0.0,ILE, ,CG1,28.25,12.25,0.0,2.23,1.0,<Residue ILE het=  resseq=113 icode= >,4lmg_B_A,2.2
446,0.0,ILE, ,CG2,34.33,12.46,0.0,1.96,1.0,<Residue ILE het=  resseq=113 icode= >,4lmg_B_A,2.2
447,0.0,ILE, ,CD1,25.6,11.89,0.0,2.24,1.0,<Residue ILE het=  resseq=113 icode= >,4lmg_B_A,2.2
448,0.0,ARG, ,N,27.55,9.57,0.0,3.49,1.0,<Residue ARG het=  resseq=114 icode= >,4lmg_B_A,2.2
449,0.0,ARG, ,CA,37.07,8.91,0.0,3.24,1.0,<Residue ARG het=  resseq=114 icode= >,4lmg_B_A,2.2
450,0.0,ARG, ,C,32.65,10.02,0.0,4.10,1.0,<Residue ARG het=  resseq=114 icode= >,4lmg_B_A,2.2
451,0.654,ARG, ,O,30.01,10.73,0.0,3.07,1.0,<Residue ARG het=  resseq=114 icode= >,4lmg_B_A,2.2
452,0.25,ARG, ,CB,55.7,7.87,0.0,1.98,1.0,<Residue ARG het=  resseq=114 icode= >,4lmg_B_A,2.2
453,0.73,ARG, ,CG,76.18,7.42,0.0,0.61,1.0,<Residue ARG het=  resseq=114 icode= >,4lmg_B_A,2.2
454,14.582,ARG, ,CD,90.97,6.48,0.0,0.10,1.0,<Residue ARG het=  resseq=114 icode= >,4lmg_B_A,2.2
455,1.993,ARG, ,NE,102.77,6.34,0.0,1.02,1.0,<Residue ARG het=  resseq=114 icode= >,4lmg_B_A,2.2
456,8.837,ARG, ,CZ,117.29,5.85,0.0,0.26,1.0,<Residue ARG het=  resseq=114 icode= >,4lmg_B_A,2.2
457,50.929,ARG, ,NH1,122.39,5.38,4.399,0.24,1.0,<Residue ARG het=  resseq=114 icode= >,4lmg_B_A,2.2
458,23.559,ARG, ,NH2,122.15,6.22,0.0,-0.43,1.0,<Residue ARG het=  resseq=114 icode= >,4lmg_B_A,2.2
459,0.0,ALA, ,N,32.45,10.35,0.0,3.08,1.0,<Residue ALA het=  resseq=115 icode= >,4lmg_B_A,2.2
460,0.0,ALA, ,CA,33.46,11.46,0.0,2.90,1.0,<Residue ALA het=  resseq=115 icode= >,4lmg_B_A,2.2
461,0.0,ALA, ,C,36.13,11.06,0.0,3.25,1.0,<Residue ALA het=  resseq=115 icode= >,4lmg_B_A,2.2
462,0.0,ALA, ,O,26.4,10.35,0.0,3.00,1.0,<Residue ALA het=  resseq=115 icode= >,4lmg_B_A,2.2
463,0.0,ALA, ,CB,30.88,10.98,0.0,1.51,1.0,<Residue ALA het=  resseq=115 icode= >,4lmg_B_A,2.2
464,0.0,ALA, ,N,33.31,11.63,0.0,2.74,1.0,<Residue ALA het=  resseq=116 icode= >,4lmg_B_A,2.2
465,0.0,ALA, ,CA,40.45,11.41,0.0,3.20,1.0,<Residue ALA het=  resseq=116 icode= >,4lmg_B_A,2.2
466,0.135,ALA, ,C,42.82,12.60,0.0,3.14,1.0,<Residue ALA het=  resseq=116 icode= >,4lmg_B_A,2.2
467,0.203,ALA, ,O,37.26,13.70,0.0,2.88,1.0,<Residue ALA het=  resseq=116 icode= >,4lmg_B_A,2.2
468,28.408,ALA, ,CB,37.62,10.86,0.0,2.09,1.0,<Residue ALA het=  resseq=116 icode= >,4lmg_B_A,2.2
469,0.0,TYR, ,N,44.65,12.28,0.0,2.36,1.0,<Residue TYR het=  resseq=117 icode= >,4lmg_B_A,2.2
470,0.0,TYR, ,CA,51.94,13.34,0.0,2.23,1.0,<Residue TYR het=  resseq=117 icode= >,4lmg_B_A,2.2
471,0.683,TYR, ,C,53.29,13.67,0.0,2.39,1.0,<Residue TYR het=  resseq=117 icode= >,4lmg_B_A,2.2
472,11.394,TYR, ,O,48.92,12.90,0.0,1.50,1.0,<Residue TYR het=  resseq=117 icode= >,4lmg_B_A,2.2
473,0.201,TYR, ,CB,56.69,13.12,0.0,1.67,1.0,<Residue TYR het=  resseq=117 icode= >,4lmg_B_A,2.2
474,0.522,TYR, ,CG,67.83,14.35,0.0,1.67,1.0,<Residue TYR het=  resseq=117 icode= >,4lmg_B_A,2.2
475,0.15,TYR, ,CD1,71.73,15.09,0.0,0.97,1.0,<Residue TYR het=  resseq=117 icode= >,4lmg_B_A,2.2
476,13.486,TYR, ,CD2,75.73,14.42,0.0,0.69,1.0,<Residue TYR het=  resseq=117 icode= >,4lmg_B_A,2.2
477,6.57,TYR, ,CE1,77.05,16.08,0.0,0.88,1.0,<Residue TYR het=  resseq=117 icode= >,4lmg_B_A,2.2
478,17.726,TYR, ,CE2,82.76,15.65,0.0,0.41,1.0,<Residue TYR het=  resseq=117 icode= >,4lmg_B_A,2.2
479,4.781,TYR, ,CZ,84.04,16.56,0.0,0.77,1.0,<Residue TYR het=  resseq=117 icode= >,4lmg_B_A,2.2
480,16.281,TYR, ,OH,89.29,17.53,0.0,0.70,1.0,<Residue TYR het=  resseq=117 icode= >,4lmg_B_A,2.2
481,0.0,SER, ,N,54.83,14.93,0.0,2.00,1.0,<Residue SER het=  resseq=118 icode= >,4lmg_B_A,2.2
482,7.118,SER, ,CA,60.6,15.53,0.0,2.28,1.0,<Residue SER het=  resseq=118 icode= >,4lmg_B_A,2.2
483,0.0,SER, ,C,62.48,16.37,0.0,2.49,1.0,<Residue SER het=  resseq=118 icode= >,4lmg_B_A,2.2
484,0.0,SER, ,O,60.64,17.34,0.0,1.75,1.0,<Residue SER het=  resseq=118 icode= >,4lmg_B_A,2.2
485,21.336,SER, ,CB,67.54,16.33,0.0,1.78,1.0,<Residue SER het=  resseq=118 icode= >,4lmg_B_A,2.2
486,0.0,SER, ,OG,76.08,17.47,0.0,0.73,1.0,<Residue SER het=  resseq=118 icode= >,4lmg_B_A,2.2
487,3.75,VAL, ,N,73.81,16.09,0.0,1.37,1.0,<Residue VAL het=  resseq=119 icode= >,4lmg_B_A,2.2
488,0.0,VAL, ,CA,88.82,16.99,0.0,1.13,1.0,<Residue VAL het=  resseq=119 icode= >,4lmg_B_A,2.2
489,0.004,VAL, ,C,96.98,18.40,0.0,1.55,1.0,<Residue VAL het=  resseq=119 icode= >,4lmg_B_A,2.2
490,1.733,VAL, ,O,101.98,19.38,0.0,0.97,1.0,<Residue VAL het=  resseq=119 icode= >,4lmg_B_A,2.2
491,9.843,VAL, ,CB,91.87,16.60,0.0,1.16,1.0,<Residue VAL het=  resseq=119 icode= >,4lmg_B_A,2.2
492,48.37,VAL, ,CG1,95.41,17.65,0.0,-0.06,1.0,<Residue VAL het=  resseq=119 icode= >,4lmg_B_A,2.2
493,47.049,VAL, ,CG2,90.35,15.20,0.0,0.66,1.0,<Residue VAL het=  resseq=119 icode= >,4lmg_B_A,2.2
494,0.757,ARG, ,N,100.17,1000.00,0.0,1.74,1.0,<Residue ARG het=  resseq=120 icode= >,4lmg_B_A,2.2
495,8.272,ARG, ,CA,109.86,1000.00,0.0,0.83,1.0,<Residue ARG het=  resseq=120 icode= >,4lmg_B_A,2.2
496,0.0,ARG, ,C,107.46,1000.00,0.0,0.61,1.0,<Residue ARG het=  resseq=120 icode= >,4lmg_B_A,2.2
497,24.343,ARG, ,O,113.65,1000.00,0.0,-0.26,1.0,<Residue ARG het=  resseq=120 icode= >,4lmg_B_A,2.2
498,7.525,ARG, ,CB,116.25,1000.00,0.0,0.19,1.0,<Residue ARG het=  resseq=120 icode= >,4lmg_B_A,2.2
499,27.933,ARG, ,CG,121.61,1000.00,0.0,0.14,1.0,<Residue ARG het=  resseq=120 icode= >,4lmg_B_A,2.2
500,27.009,ARG, ,CD,123.52,1000.00,0.0,0.59,1.0,<Residue ARG het=  resseq=120 icode= >,4lmg_B_A,2.2
501,16.528,ARG, ,NE,128.17,1000.00,0.0,0.63,1.0,<Residue ARG het=  resseq=120 icode= >,4lmg_B_A,2.2
502,8.744,ARG, ,CZ,130.98,1000.00,0.0,0.83,1.0,<Residue ARG het=  resseq=120 icode= >,4lmg_B_A,2.2
503,50.358,ARG, ,NH1,131.5,1000.00,0.0,-0.13,1.0,<Residue ARG het=  resseq=120 icode= >,4lmg_B_A,2.2
504,59.571,ARG, ,NH2,131.96,1000.00,0.0,0.51,1.0,<Residue ARG het=  resseq=120 icode= >,4lmg_B_A,2.2
505,0.0,LEU, ,N,97.79,1000.00,0.0,0.46,1.0,<Residue LEU het=  resseq=121 icode= >,4lmg_B_A,2.2
506,4.734,LEU, ,CA,82.84,1000.00,0.0,1.95,1.0,<Residue LEU het=  resseq=121 icode= >,4lmg_B_A,2.2
507,0.492,LEU, ,C,80.72,1000.00,0.0,2.00,1.0,<Residue LEU het=  resseq=121 icode= >,4lmg_B_A,2.2
508,15.793,LEU, ,O,83.46,1000.00,0.0,0.70,1.0,<Residue LEU het=  resseq=121 icode= >,4lmg_B_A,2.2
509,3.554,LEU, ,CB,75.73,1000.00,0.0,1.84,1.0,<Residue LEU het=  resseq=121 icode= >,4lmg_B_A,2.2
510,1.765,LEU, ,CG,73.28,1000.00,0.0,1.85,1.0,<Residue LEU het=  resseq=121 icode= >,4lmg_B_A,2.2
511,32.154,LEU, ,CD1,69.28,1000.00,0.0,0.98,1.0,<Residue LEU het=  resseq=121 icode= >,4lmg_B_A,2.2
512,48.396,LEU, ,CD2,82.98,1000.00,0.0,-0.40,1.0,<Residue LEU het=  resseq=121 icode= >,4lmg_B_A,2.2
513,0.0,GLN, ,N,83.96,1000.00,0.0,1.55,1.0,<Residue GLN het=  resseq=122 icode= >,4lmg_B_A,2.2
514,0.0,GLN, ,CA,91.11,1000.00,0.0,1.61,1.0,<Residue GLN het=  resseq=122 icode= >,4lmg_B_A,2.2
515,0.672,GLN, ,C,88.3,1000.00,0.0,1.09,1.0,<Residue GLN het=  resseq=122 icode= >,4lmg_B_A,2.2
516,17.334,GLN, ,O,87.87,1000.00,0.0,1.39,1.0,<Residue GLN het=  resseq=122 icode= >,4lmg_B_A,2.2
517,20.286,GLN, ,CB,98.86,1000.00,0.0,0.21,1.0,<Residue GLN het=  resseq=122 icode= >,4lmg_B_A,2.2
518,24.83,GLN, ,CG,105.92,1000.00,0.0,0.55,1.0,<Residue GLN het=  resseq=122 icode= >,4lmg_B_A,2.2
519,4.693,GLN, ,CD,111.47,1000.00,0.0,0.75,1.0,<Residue GLN het=  resseq=122 icode= >,4lmg_B_A,2.2
520,14.353,GLN, ,OE1,110.21,1000.00,0.0,0.78,1.0,<Residue GLN het=  resseq=122 icode= >,4lmg_B_A,2.2
521,42.536,GLN, ,NE2,118.49,1000.00,0.0,-0.14,1.0,<Residue GLN het=  resseq=122 icode= >,4lmg_B_A,2.2
522,0.0,LYS, ,N,81.43,1000.00,0.0,1.16,1.0,<Residue LYS het=  resseq=123 icode= >,4lmg_B_A,2.2
523,2.635,LYS, ,CA,70.94,1000.00,0.0,1.33,1.0,<Residue LYS het=  resseq=123 icode= >,4lmg_B_A,2.2
524,0.0,LYS, ,C,62.21,1000.00,0.0,2.03,1.0,<Residue LYS het=  resseq=123 icode= >,4lmg_B_A,2.2
525,0.0,LYS, ,O,55.27,1000.00,0.0,1.64,1.0,<Residue LYS het=  resseq=123 icode= >,4lmg_B_A,2.2
526,16.304,LYS, ,CB,66.12,1000.00,0.0,1.16,1.0,<Residue LYS het=  resseq=123 icode= >,4lmg_B_A,2.2
527,0.0,LYS, ,CG,65.72,1000.00,0.0,1.01,1.0,<Residue LYS het=  resseq=123 icode= >,4lmg_B_A,2.2
528,20.845,LYS, ,CD,73.78,1000.00,0.0,0.69,1.0,<Residue LYS het=  resseq=123 icode= >,4lmg_B_A,2.2
529,5.264,LYS, ,CE,75.29,1000.00,0.0,0.58,1.0,<Residue LYS het=  resseq=123 icode= >,4lmg_B_A,2.2
530,43.729,LYS, ,NZ,75.74,1000.00,0.0,0.29,1.0,<Residue LYS het=  resseq=123 icode= >,4lmg_B_A,2.2
531,0.176,TRP, ,N,55.76,16.50,0.0,1.71,1.0,<Residue TRP het=  resseq=124 icode= >,4lmg_B_A,2.2
532,0.0,TRP, ,CA,38.51,15.51,0.0,3.39,1.0,<Residue TRP het=  resseq=124 icode= >,4lmg_B_A,2.2
533,0.0,TRP, ,C,37.56,16.22,0.0,4.27,1.0,<Residue TRP het=  resseq=124 icode= >,4lmg_B_A,2.2
534,0.318,TRP, ,O,40.96,16.96,0.0,2.50,1.0,<Residue TRP het=  resseq=124 icode= >,4lmg_B_A,2.2
535,0.0,TRP, ,CB,34.97,14.34,0.0,2.89,1.0,<Residue TRP het=  resseq=124 icode= >,4lmg_B_A,2.2
536,0.0,TRP, ,CG,39.29,13.38,0.0,2.84,1.0,<Residue TRP het=  resseq=124 icode= >,4lmg_B_A,2.2
537,1.963,TRP, ,CD1,45.73,13.59,0.0,1.57,1.0,<Residue TRP het=  resseq=124 icode= >,4lmg_B_A,2.2
538,0.0,TRP, ,CD2,37.8,12.19,0.0,3.21,1.0,<Residue TRP het=  resseq=124 icode= >,4lmg_B_A,2.2
539,7.698,TRP, ,NE1,48.38,12.65,0.0,1.66,1.0,<Residue TRP het=  resseq=124 icode= >,4lmg_B_A,2.2
540,0.0,TRP, ,CE2,40.69,11.72,0.0,3.05,1.0,<Residue TRP het=  resseq=124 icode= >,4lmg_B_A,2.2
541,0.0,TRP, ,CE3,39.13,11.62,0.0,2.19,1.0,<Residue TRP het=  resseq=124 icode= >,4lmg_B_A,2.2
542,7.793,TRP, ,CZ2,38.16,10.66,0.0,2.57,1.0,<Residue TRP het=  resseq=124 icode= >,4lmg_B_A,2.2
543,0.0,TRP, ,CZ3,31.39,10.54,0.0,2.21,1.0,<Residue TRP het=  resseq=124 icode= >,4lmg_B_A,2.2
544,0.0,TRP, ,CH2,38.86,10.03,0.0,2.34,1.0,<Residue TRP het=  resseq=124 icode= >,4lmg_B_A,2.2
545,0.0,ASN, ,N,34.95,15.63,0.0,3.17,1.0,<Residue ASN het=  resseq=125 icode= >,4lmg_B_A,2.2
546,1.452,ASN, ,CA,39.53,15.32,0.0,3.04,1.0,<Residue ASN het=  resseq=125 icode= >,4lmg_B_A,2.2
547,0.448,ASN, ,C,40.91,14.35,0.0,3.09,1.0,<Residue ASN het=  resseq=125 icode= >,4lmg_B_A,2.2
548,0.675,ASN, ,O,37.1,13.35,0.0,2.14,1.0,<Residue ASN het=  resseq=125 icode= >,4lmg_B_A,2.2
549,20.755,ASN, ,CB,46.09,14.91,0.0,1.76,1.0,<Residue ASN het=  resseq=125 icode= >,4lmg_B_A,2.2
550,5.502,ASN, ,CG,66.13,16.11,0.0,0.94,1.0,<Residue ASN het=  resseq=125 icode= >,4lmg_B_A,2.2
551,8.326,ASN, ,OD1,69.03,17.25,0.0,1.02,1.0,<Residue ASN het=  resseq=125 icode= >,4lmg_B_A,2.2
552,27.925,ASN, ,ND2,68.43,15.94,0.0,0.66,1.0,<Residue ASN het=  resseq=125 icode= >,4lmg_B_A,2.2
553,2.086,VAL, ,N,32.23,14.76,0.0,3.50,1.0,<Residue VAL het=  resseq=126 icode= >,4lmg_B_A,2.2
554,0.0,VAL, ,CA,33.21,14.12,0.0,3.93,1.0,<Residue VAL het=  resseq=126 icode= >,4lmg_B_A,2.2
555,0.918,VAL, ,C,37.65,13.99,0.0,4.03,1.0,<Residue VAL het=  resseq=126 icode= >,4lmg_B_A,2.2
556,0.794,VAL, ,O,45.13,15.03,0.0,1.96,1.0,<Residue VAL het=  resseq=126 icode= >,4lmg_B_A,2.2
557,0.0,VAL, ,CB,35.93,15.06,0.0,2.65,1.0,<Residue VAL het=  resseq=126 icode= >,4lmg_B_A,2.2
558,0.0,VAL, ,CG1,30.58,14.59,0.0,1.92,1.0,<Residue VAL het=  resseq=126 icode= >,4lmg_B_A,2.2
559,0.0,VAL, ,CG2,31.01,14.55,0.0,2.16,1.0,<Residue VAL het=  resseq=126 icode= >,4lmg_B_A,2.2
560,0.102,VAL, ,N,36.1,12.79,0.0,3.40,1.0,<Residue VAL het=  resseq=127 icode= >,4lmg_B_A,2.2
561,0.0,VAL, ,CA,37.69,12.75,0.0,3.40,1.0,<Residue VAL het=  resseq=127 icode= >,4lmg_B_A,2.2
562,0.0,VAL, ,C,41.43,12.30,0.0,3.56,1.0,<Residue VAL het=  resseq=127 icode= >,4lmg_B_A,2.2
563,0.0,VAL, ,O,34.35,11.35,0.0,2.75,1.0,<Residue VAL het=  resseq=127 icode= >,4lmg_B_A,2.2
564,2.642,VAL, ,CB,43.71,12.00,0.0,2.57,1.0,<Residue VAL het=  resseq=127 icode= >,4lmg_B_A,2.2
565,19.819,VAL, ,CG1,47.36,10.57,0.0,0.76,1.0,<Residue VAL het=  resseq=127 icode= >,4lmg_B_A,2.2
566,2.621,VAL, ,CG2,39.54,12.16,0.0,1.26,1.0,<Residue VAL het=  resseq=127 icode= >,4lmg_B_A,2.2
567,0.0,VAL, ,N,41.49,13.14,0.0,3.33,1.0,<Residue VAL het=  resseq=128 icode= >,4lmg_B_A,2.2
568,0.0,VAL, ,CA,41.08,13.07,0.0,3.24,1.0,<Residue VAL het=  resseq=128 icode= >,4lmg_B_A,2.2
569,0.0,VAL, ,C,49.43,12.76,0.0,3.33,1.0,<Residue VAL het=  resseq=128 icode= >,4lmg_B_A,2.2
570,0.0,VAL, ,O,57.78,13.60,0.0,1.71,1.0,<Residue VAL het=  resseq=128 icode= >,4lmg_B_A,2.2
571,0.095,VAL, ,CB,40.37,14.49,0.0,3.15,1.0,<Residue VAL het=  resseq=128 icode= >,4lmg_B_A,2.2
572,3.316,VAL, ,CG1,33.27,14.64,0.0,1.94,1.0,<Residue VAL het=  resseq=128 icode= >,4lmg_B_A,2.2
573,1.933,VAL, ,CG2,37.24,14.98,0.0,1.51,1.0,<Residue VAL het=  resseq=128 icode= >,4lmg_B_A,2.2
574,0.0,MET, ,N,53.52,11.67,0.0,2.11,1.0,<Residue MET het=  resseq=129 icode= >,4lmg_B_A,2.2
575,1.197,MET, ,CA,52.86,11.63,0.0,2.65,1.0,<Residue MET het=  resseq=129 icode= >,4lmg_B_A,2.2
576,0.0,MET, ,C,54.66,12.69,0.0,2.63,1.0,<Residue MET het=  resseq=129 icode= >,4lmg_B_A,2.2
577,0.0,MET, ,O,53.92,12.49,0.0,1.91,1.0,<Residue MET het=  resseq=129 icode= >,4lmg_B_A,2.2
578,0.044,MET, ,CB,51.24,10.29,0.0,1.98,1.0,<Residue MET het=  resseq=129 icode= >,4lmg_B_A,2.2
579,24.427,MET, ,CG,56.2,9.49,0.0,1.64,1.0,<Residue MET het=  resseq=129 icode= >,4lmg_B_A,2.2
580,12.028,MET, ,SD,92.97,8.95,0.0,2.06,1.0,<Residue MET het=  resseq=129 icode= >,4lmg_B_A,2.2
581,17.883,MET, ,CE,88.35,7.65,0.0,0.27,1.0,<Residue MET het=  resseq=129 icode= >,4lmg_B_A,2.2
582,0.371,ASN, ,N,60.51,13.94,0.0,1.35,1.0,<Residue ASN het=  resseq=130 icode= >,4lmg_B_A,2.2
583,0.0,ASN, ,CA,63.02,15.11,0.0,1.40,1.0,<Residue ASN het=  resseq=130 icode= >,4lmg_B_A,2.2
584,2.0,ASN, ,C,63.37,15.32,0.0,2.26,1.0,<Residue ASN het=  resseq=130 icode= >,4lmg_B_A,2.2
585,16.473,ASN, ,O,70.69,16.39,0.0,1.02,1.0,<Residue ASN het=  resseq=130 icode= >,4lmg_B_A,2.2
586,2.081,ASN, ,CB,61.28,16.38,0.0,1.74,1.0,<Residue ASN het=  resseq=130 icode= >,4lmg_B_A,2.2
587,3.557,ASN, ,CG,66.62,17.59,0.0,1.78,1.0,<Residue ASN het=  resseq=130 icode= >,4lmg_B_A,2.2
588,16.992,ASN, ,OD1,64.82,17.53,0.0,1.18,1.0,<Residue ASN het=  resseq=130 icode= >,4lmg_B_A,2.2
589,43.507,ASN, ,ND2,72.58,18.77,0.0,0.62,1.0,<Residue ASN het=  resseq=130 icode= >,4lmg_B_A,2.2
590,0.0,ASN, ,N,56.86,14.31,0.0,2.28,1.0,<Residue ASN het=  resseq=131 icode= >,4lmg_B_A,2.2
591,8.895,ASN, ,CA,60.43,14.44,0.0,2.38,1.0,<Residue ASN het=  resseq=131 icode= >,4lmg_B_A,2.2
592,0.164,ASN, ,C,61.41,15.47,0.0,2.50,1.0,<Residue ASN het=  resseq=131 icode= >,4lmg_B_A,2.2
593,1.392,ASN, ,O,58.64,15.72,0.0,2.11,1.0,<Residue ASN het=  resseq=131 icode= >,4lmg_B_A,2.2
594,4.334,ASN, ,CB,61.96,13.13,0.0,1.39,1.0,<Residue ASN het=  resseq=131 icode= >,4lmg_B_A,2.2
595,5.029,ASN, ,CG,64.61,12.07,0.0,2.32,1.0,<Residue ASN het=  resseq=131 icode= >,4lmg_B_A,2.2
596,11.114,ASN, ,OD1,67.11,12.32,0.0,1.59,1.0,<Residue ASN het=  resseq=131 icode= >,4lmg_B_A,2.2
597,25.651,ASN, ,ND2,67.46,11.01,0.0,1.03,1.0,<Residue ASN het=  resseq=131 icode= >,4lmg_B_A,2.2
598,4.339,ILE, ,N,65.67,16.21,0.0,1.83,1.0,<Residue ILE het=  resseq=132 icode= >,4lmg_B_A,2.2
599,5.253,ILE, ,CA,65.4,17.23,0.0,1.79,1.0,<Residue ILE het=  resseq=132 icode= >,4lmg_B_A,2.2
600,0.0,ILE, ,C,58.01,16.21,0.0,2.45,1.0,<Residue ILE het=  resseq=132 icode= >,4lmg_B_A,2.2
601,6.628,ILE, ,O,63.03,15.76,0.0,1.32,1.0,<Residue ILE het=  resseq=132 icode= >,4lmg_B_A,2.2
602,7.454,ILE, ,CB,69.84,18.20,0.0,1.30,1.0,<Residue ILE het=  resseq=132 icode= >,4lmg_B_A,2.2
603,24.859,ILE, ,CG1,78.68,18.94,0.0,0.60,1.0,<Residue ILE het=  resseq=132 icode= >,4lmg_B_A,2.2
604,42.35,ILE, ,CG2,66.17,18.85,0.0,0.91,1.0,<Residue ILE het=  resseq=132 icode= >,4lmg_B_A,2.2
605,69.519,ILE, ,CD1,85.51,19.89,0.0,-0.28,1.0,<Residue ILE het=  resseq=132 icode= >,4lmg_B_A,2.2
606,2.068,HIS, ,N,48.61,15.72,0.0,2.49,1.0,<Residue HIS het=  resseq=133 icode= >,4lmg_B_A,2.2
607,0.0,HIS, ,CA,45.72,14.45,0.0,2.31,1.0,<Residue HIS het=  resseq=133 icode= >,4lmg_B_A,2.2
608,0.0,HIS, ,C,46.96,14.62,0.0,3.09,1.0,<Residue HIS het=  resseq=133 icode= >,4lmg_B_A,2.2
609,12.792,HIS, ,O,47.96,15.48,0.0,2.11,1.0,<Residue HIS het=  resseq=133 icode= >,4lmg_B_A,2.2
610,3.924,HIS, ,CB,42.72,14.00,0.0,2.19,1.0,<Residue HIS het=  resseq=133 icode= >,4lmg_B_A,2.2
611,0.0,HIS, ,CG,38.33,13.78,0.0,2.57,1.0,<Residue HIS het=  resseq=133 icode= >,4lmg_B_A,2.2
612,0.0,HIS, ,ND1,28.29,12.57,0.0,3.25,1.0,<Residue HIS het=  resseq=133 icode= >,4lmg_B_A,2.2
613,11.121,HIS, ,CD2,31.5,14.75,0.0,2.43,1.0,<Residue HIS het=  resseq=133 icode= >,4lmg_B_A,2.2
614,0.0,HIS, ,CE1,28.26,12.89,0.0,3.12,1.0,<Residue HIS het=  resseq=133 icode= >,4lmg_B_A,2.2
615,1.166,HIS, ,NE2,32.01,14.21,0.0,2.85,1.0,<Residue HIS het=  resseq=133 icode= >,4lmg_B_A,2.2
616,0.0,SER, ,N,46.72,13.42,0.0,2.22,1.0,<Residue SER het=  resseq=134 icode= >,4lmg_B_A,2.2
617,11.098,SER, ,CA,44.66,13.09,0.0,2.37,1.0,<Residue SER het=  resseq=134 icode= >,4lmg_B_A,2.2
618,4.736,SER, ,C,46.93,12.58,0.0,3.63,1.0,<Residue SER het=  resseq=134 icode= >,4lmg_B_A,2.2
619,26.414,SER, ,O,48.82,12.08,0.0,2.16,1.0,<Residue SER het=  resseq=134 icode= >,4lmg_B_A,2.2
620,27.066,SER, ,CB,37.63,12.18,0.0,1.94,1.0,<Residue SER het=  resseq=134 icode= >,4lmg_B_A,2.2
621,5.159,SER, ,OG,39.99,10.95,0.0,2.41,1.0,<Residue SER het=  resseq=134 icode= >,4lmg_B_A,2.2
622,0.932,HIS, ,N,41.33,12.92,0.0,3.39,1.0,<Residue HIS het=  resseq=135 icode= >,4lmg_B_A,2.2
623,10.27,HIS, ,CA,41.23,12.65,0.0,2.86,1.0,<Residue HIS het=  resseq=135 icode= >,4lmg_B_A,2.2
624,4.269,HIS, ,C,46.35,13.81,0.0,3.89,1.0,<Residue HIS het=  resseq=135 icode= >,4lmg_B_A,2.2
625,7.753,HIS, ,O,47.18,14.57,0.0,2.55,1.0,<Residue HIS het=  resseq=135 icode= >,4lmg_B_A,2.2
626,28.446,HIS, ,CB,36.53,11.33,0.0,1.69,1.0,<Residue HIS het=  resseq=135 icode= >,4lmg_B_A,2.2
627,2.711,HIS, ,CG,43.09,11.31,0.0,2.98,1.0,<Residue HIS het=  resseq=135 icode= >,4lmg_B_A,2.2
628,9.203,HIS, ,ND1,38.86,11.19,0.0,3.03,1.0,<Residue HIS het=  resseq=135 icode= >,4lmg_B_A,2.2
629,5.017,HIS, ,CD2,42.35,10.93,0.0,2.64,1.0,<Residue HIS het=  resseq=135 icode= >,4lmg_B_A,2.2
630,10.816,HIS, ,CE1,31.9,10.71,0.0,2.87,1.0,<Residue HIS het=  resseq=135 icode= >,4lmg_B_A,2.2
631,0.311,HIS, ,NE2,41.58,10.53,0.0,2.86,1.0,<Residue HIS het=  resseq=135 icode= >,4lmg_B_A,2.2
632,7.912,GLU, ,N,46.48,14.06,0.0,3.16,1.0,<Residue GLU het=  resseq=136 icode= >,4lmg_B_A,2.2
633,6.601,GLU, ,CA,52.02,15.21,0.0,1.64,1.0,<Residue GLU het=  resseq=136 icode= >,4lmg_B_A,2.2
634,0.0,GLU, ,C,44.05,14.72,0.0,3.11,1.0,<Residue GLU het=  resseq=136 icode= >,4lmg_B_A,2.2
635,10.979,GLU, ,O,45.85,13.65,0.0,2.44,1.0,<Residue GLU het=  resseq=136 icode= >,4lmg_B_A,2.2
636,19.773,GLU, ,CB,61.24,15.81,0.0,1.13,1.0,<Residue GLU het=  resseq=136 icode= >,4lmg_B_A,2.2
637,16.292,GLU, ,CG,78.08,17.17,0.0,-0.14,1.0,<Residue GLU het=  resseq=136 icode= >,4lmg_B_A,2.2
638,7.861,GLU, ,CD,88.25,17.87,0.0,0.75,1.0,<Residue GLU het=  resseq=136 icode= >,4lmg_B_A,2.2
639,29.272,GLU, ,OE1,93.72,17.32,0.0,0.46,1.0,<Residue GLU het=  resseq=136 icode= >,4lmg_B_A,2.2
640,39.175,GLU, ,OE2,86.42,19.04,0.0,0.76,1.0,<Residue GLU het=  resseq=136 icode= >,4lmg_B_A,2.2
641,2.99,LEU, ,N,38.97,15.37,0.0,2.76,1.0,<Residue LEU het=  resseq=137 icode= >,4lmg_B_A,2.2
642,0.289,LEU, ,CA,39.53,14.96,0.0,3.02,1.0,<Residue LEU het=  resseq=137 icode= >,4lmg_B_A,2.2
643,0.0,LEU, ,C,40.62,15.64,0.0,3.65,1.0,<Residue LEU het=  resseq=137 icode= >,4lmg_B_A,2.2
644,13.274,LEU, ,O,53.69,16.86,0.0,1.32,1.0,<Residue LEU het=  resseq=137 icode= >,4lmg_B_A,2.2
645,6.715,LEU, ,CB,43.29,15.53,0.0,1.37,1.0,<Residue LEU het=  resseq=137 icode= >,4lmg_B_A,2.2
646,5.91,LEU, ,CG,36.22,15.29,0.0,2.18,1.0,<Residue LEU het=  resseq=137 icode= >,4lmg_B_A,2.2
647,30.979,LEU, ,CD1,32.31,16.09,0.0,1.13,1.0,<Residue LEU het=  resseq=137 icode= >,4lmg_B_A,2.2
648,0.0,LEU, ,CD2,35.36,13.82,0.0,1.00,1.0,<Residue LEU het=  resseq=137 icode= >,4lmg_B_A,2.2
649,2.43,ARG, ,N,48.07,14.92,0.0,2.41,1.0,<Residue ARG het=  resseq=138 icode= >,4lmg_B_A,2.2
650,3.355,ARG, ,CA,52.96,15.63,0.0,2.28,1.0,<Residue ARG het=  resseq=138 icode= >,4lmg_B_A,2.2
651,0.0,ARG, ,C,50.7,15.24,0.0,2.70,1.0,<Residue ARG het=  resseq=138 icode= >,4lmg_B_A,2.2
652,2.424,ARG, ,O,57.56,14.10,0.0,1.41,1.0,<Residue ARG het=  resseq=138 icode= >,4lmg_B_A,2.2
653,1.081,ARG, ,CB,59.57,15.55,0.0,1.13,1.0,<Residue ARG het=  resseq=138 icode= >,4lmg_B_A,2.2
654,6.998,ARG, ,CG,69.68,16.22,0.0,1.26,1.0,<Residue ARG het=  resseq=138 icode= >,4lmg_B_A,2.2
655,10.264,ARG, ,CD,80.0,16.09,0.0,1.05,1.0,<Residue ARG het=  resseq=138 icode= >,4lmg_B_A,2.2
656,4.747,ARG, ,NE,87.58,16.59,0.0,1.46,1.0,<Residue ARG het=  resseq=138 icode= >,4lmg_B_A,2.2
657,4.71,ARG, ,CZ,95.09,15.74,0.0,1.09,1.0,<Residue ARG het=  resseq=138 icode= >,4lmg_B_A,2.2
658,38.502,ARG, ,NH1,99.09,14.83,0.0,0.29,1.0,<Residue ARG het=  resseq=138 icode= >,4lmg_B_A,2.2
659,30.11,ARG, ,NH2,94.77,15.91,0.0,0.98,1.0,<Residue ARG het=  resseq=138 icode= >,4lmg_B_A,2.2
660,2.588,PHE, ,N,39.9,16.28,0.0,2.91,1.0,<Residue PHE het=  resseq=139 icode= >,4lmg_B_A,2.2
661,0.0,PHE, ,CA,40.36,16.22,0.0,2.71,1.0,<Residue PHE het=  resseq=139 icode= >,4lmg_B_A,2.2
662,0.0,PHE, ,C,40.15,16.21,0.0,3.38,1.0,<Residue PHE het=  resseq=139 icode= >,4lmg_B_A,2.2
663,0.0,PHE, ,O,39.57,15.67,0.0,2.01,1.0,<Residue PHE het=  resseq=139 icode= >,4lmg_B_A,2.2
664,3.943,PHE, ,CB,31.36,17.46,0.0,2.24,1.0,<Residue PHE het=  resseq=139 icode= >,4lmg_B_A,2.2
665,0.0,PHE, ,CG,26.99,17.66,0.0,3.18,1.0,<Residue PHE het=  resseq=139 icode= >,4lmg_B_A,2.2
666,1.278,PHE, ,CD1,28.63,18.66,0.0,2.42,1.0,<Residue PHE het=  resseq=139 icode= >,4lmg_B_A,2.2
667,0.0,PHE, ,CD2,27.58,16.93,0.0,2.71,1.0,<Residue PHE het=  resseq=139 icode= >,4lmg_B_A,2.2
668,0.0,PHE, ,CE1,29.83,18.89,0.0,2.60,1.0,<Residue PHE het=  resseq=139 icode= >,4lmg_B_A,2.2
669,0.0,PHE, ,CE2,29.04,16.80,0.0,2.92,1.0,<Residue PHE het=  resseq=139 icode= >,4lmg_B_A,2.2
670,0.0,PHE, ,CZ,28.8,17.81,0.0,2.82,1.0,<Residue PHE het=  resseq=139 icode= >,4lmg_B_A,2.2
671,1.696,ASP, ,N,45.3,16.96,0.0,2.62,1.0,<Residue ASP het=  resseq=140 icode= >,4lmg_B_A,2.2
672,1.008,ASP, ,CA,56.19,17.25,0.0,2.01,1.0,<Residue ASP het=  resseq=140 icode= >,4lmg_B_A,2.2
673,0.607,ASP, ,C,57.17,16.06,0.0,2.29,1.0,<Residue ASP het=  resseq=140 icode= >,4lmg_B_A,2.2
674,1.747,ASP, ,O,58.96,16.14,0.0,1.91,1.0,<Residue ASP het=  resseq=140 icode= >,4lmg_B_A,2.2
675,23.613,ASP, ,CB,62.52,18.12,0.0,1.53,1.0,<Residue ASP het=  resseq=140 icode= >,4lmg_B_A,2.2
676,2.904,ASP, ,CG,69.1,17.69,0.0,2.00,1.0,<Residue ASP het=  resseq=140 icode= >,4lmg_B_A,2.2
677,0.0,ASP, ,OD1,67.99,16.61,0.0,1.16,1.0,<Residue ASP het=  resseq=140 icode= >,4lmg_B_A,2.2
678,21.801,ASP, ,OD2,74.37,18.11,0.0,0.92,1.0,<Residue ASP het=  resseq=140 icode= >,4lmg_B_A,2.2
679,0.0,LEU, ,N,54.22,15.06,0.0,2.46,1.0,<Residue LEU het=  resseq=141 icode= >,4lmg_B_A,2.2
680,0.631,LEU, ,CA,49.73,13.94,0.0,2.91,1.0,<Residue LEU het=  resseq=141 icode= >,4lmg_B_A,2.2
681,0.796,LEU, ,C,50.32,13.17,0.0,2.91,1.0,<Residue LEU het=  resseq=141 icode= >,4lmg_B_A,2.2
682,4.155,LEU, ,O,54.46,12.86,0.0,1.82,1.0,<Residue LEU het=  resseq=141 icode= >,4lmg_B_A,2.2
683,16.44,LEU, ,CB,51.33,13.10,0.0,1.74,1.0,<Residue LEU het=  resseq=141 icode= >,4lmg_B_A,2.2
684,0.0,LEU, ,CG,59.43,13.99,0.0,1.21,1.0,<Residue LEU het=  resseq=141 icode= >,4lmg_B_A,2.2
685,29.762,LEU, ,CD1,59.33,13.30,0.0,0.68,1.0,<Residue LEU het=  resseq=141 icode= >,4lmg_B_A,2.2
686,33.176,LEU, ,CD2,62.67,13.34,0.0,0.03,1.0,<Residue LEU het=  resseq=141 icode= >,4lmg_B_A,2.2
687,0.023,ILE, ,N,47.24,13.07,0.0,2.43,1.0,<Residue ILE het=  resseq=142 icode= >,4lmg_B_A,2.2
688,1.163,ILE, ,CA,39.62,12.52,0.0,3.28,1.0,<Residue ILE het=  resseq=142 icode= >,4lmg_B_A,2.2
689,0.0,ILE, ,C,37.75,13.27,0.0,3.06,1.0,<Residue ILE het=  resseq=142 icode= >,4lmg_B_A,2.2
690,0.0,ILE, ,O,38.42,12.75,0.0,2.60,1.0,<Residue ILE het=  resseq=142 icode= >,4lmg_B_A,2.2
691,0.0,ILE, ,CB,44.24,12.84,0.0,2.33,1.0,<Residue ILE het=  resseq=142 icode= >,4lmg_B_A,2.2
692,6.863,ILE, ,CG1,43.45,12.10,0.0,2.46,1.0,<Residue ILE het=  resseq=142 icode= >,4lmg_B_A,2.2
693,0.0,ILE, ,CG2,50.14,12.75,0.0,0.96,1.0,<Residue ILE het=  resseq=142 icode= >,4lmg_B_A,2.2
694,0.091,ILE, ,CD1,38.82,12.56,0.0,1.26,1.0,<Residue ILE het=  resseq=142 icode= >,4lmg_B_A,2.2
695,0.0,THR, ,N,34.05,14.55,0.0,3.02,1.0,<Residue THR het=  resseq=143 icode= >,4lmg_B_A,2.2
696,0.0,THR, ,CA,43.15,15.48,0.0,2.33,1.0,<Residue THR het=  resseq=143 icode= >,4lmg_B_A,2.2
697,0.103,THR, ,C,54.1,14.34,0.0,2.78,1.0,<Residue THR het=  resseq=143 icode= >,4lmg_B_A,2.2
698,9.684,THR, ,O,56.0,14.43,0.0,1.77,1.0,<Residue THR het=  resseq=143 icode= >,4lmg_B_A,2.2
699,10.342,THR, ,CB,46.61,16.63,0.0,1.94,1.0,<Residue THR het=  resseq=143 icode= >,4lmg_B_A,2.2
700,12.32,THR, ,OG1,46.78,16.20,0.0,2.02,1.0,<Residue THR het=  resseq=143 icode= >,4lmg_B_A,2.2
701,2.322,THR, ,CG2,42.77,17.32,0.0,1.33,1.0,<Residue THR het=  resseq=143 icode= >,4lmg_B_A,2.2
702,0.0,LYS, ,N,58.28,13.26,0.0,2.12,1.0,<Residue LYS het=  resseq=144 icode= >,4lmg_B_A,2.2
703,3.012,LYS, ,CA,61.66,12.06,0.0,1.86,1.0,<Residue LYS het=  resseq=144 icode= >,4lmg_B_A,2.2
704,0.988,LYS, ,C,60.3,11.07,0.0,2.36,1.0,<Residue LYS het=  resseq=144 icode= >,4lmg_B_A,2.2
705,16.755,LYS, ,O,72.05,10.24,0.0,0.63,1.0,<Residue LYS het=  resseq=144 icode= >,4lmg_B_A,2.2
706,17.69,LYS, ,CB,66.91,11.52,0.0,1.19,1.0,<Residue LYS het=  resseq=144 icode= >,4lmg_B_A,2.2
707,8.716,LYS, ,CG,75.96,12.62,0.0,1.06,1.0,<Residue LYS het=  resseq=144 icode= >,4lmg_B_A,2.2
708,27.476,LYS, ,CD,84.85,12.31,0.0,0.08,1.0,<Residue LYS het=  resseq=144 icode= >,4lmg_B_A,2.2
709,39.9,LYS, ,CE,90.87,13.54,0.0,-0.15,1.0,<Residue LYS het=  resseq=144 icode= >,4lmg_B_A,2.2
710,44.248,LYS, ,NZ,91.65,13.92,0.0,0.48,1.0,<Residue LYS het=  resseq=144 icode= >,4lmg_B_A,2.2
711,0.0,THR, ,N,49.54,11.33,0.0,2.42,1.0,<Residue THR het=  resseq=145 icode= >,4lmg_B_A,2.2
712,7.7,THR, ,CA,48.3,10.64,0.0,2.25,1.0,<Residue THR het=  resseq=145 icode= >,4lmg_B_A,2.2
713,0.064,THR, ,C,46.83,11.00,0.0,3.25,1.0,<Residue THR het=  resseq=145 icode= >,4lmg_B_A,2.2
714,0.0,THR, ,O,46.91,11.72,0.0,2.01,1.0,<Residue THR het=  resseq=145 icode= >,4lmg_B_A,2.2
715,3.337,THR, ,CB,47.25,9.73,0.0,2.25,1.0,<Residue THR het=  resseq=145 icode= >,4lmg_B_A,2.2
716,0.0,THR, ,OG1,42.52,10.23,0.0,2.06,1.0,<Residue THR het=  resseq=145 icode= >,4lmg_B_A,2.2
717,25.005,THR, ,CG2,46.28,9.68,0.0,1.11,1.0,<Residue THR het=  resseq=145 icode= >,4lmg_B_A,2.2
718,6.912,ASP, ,N,45.41,10.11,0.0,2.65,1.0,<Residue ASP het=  resseq=146 icode= >,4lmg_B_A,2.2
719,2.176,ASP, ,CA,48.57,9.83,0.0,3.14,1.0,<Residue ASP het=  resseq=146 icode= >,4lmg_B_A,2.2
720,0.0,ASP, ,C,48.65,9.08,0.0,3.02,1.0,<Residue ASP het=  resseq=146 icode= >,4lmg_B_A,2.2
721,0.0,ASP, ,O,39.73,9.55,0.0,3.37,1.0,<Residue ASP het=  resseq=146 icode= >,4lmg_B_A,2.2
722,28.817,ASP, ,CB,53.98,8.37,0.0,1.93,1.0,<Residue ASP het=  resseq=146 icode= >,4lmg_B_A,2.2
723,7.64,ASP, ,CG,65.98,7.93,0.0,2.40,1.0,<Residue ASP het=  resseq=146 icode= >,4lmg_B_A,2.2
724,5.071,ASP, ,OD1,70.1,8.89,0.0,1.10,1.0,<Residue ASP het=  resseq=146 icode= >,4lmg_B_A,2.2
725,36.923,ASP, ,OD2,77.77,6.78,0.0,0.43,1.0,<Residue ASP het=  resseq=146 icode= >,4lmg_B_A,2.2
726,0.462,ASP, ,N,40.96,8.12,0.0,2.60,1.0,<Residue ASP het=  resseq=147 icode= >,4lmg_B_A,2.2
727,1.648,ASP, ,CA,35.05,7.63,0.0,3.12,1.0,<Residue ASP het=  resseq=147 icode= >,4lmg_B_A,2.2
728,0.0,ASP, ,C,37.41,8.89,0.0,3.90,1.0,<Residue ASP het=  resseq=147 icode= >,4lmg_B_A,2.2
729,1.201,ASP, ,O,32.79,9.16,0.0,3.41,1.0,<Residue ASP het=  resseq=147 icode= >,4lmg_B_A,2.2
730,0.558,ASP, ,CB,34.2,6.76,0.0,2.19,1.0,<Residue ASP het=  resseq=147 icode= >,4lmg_B_A,2.2
731,3.713,ASP, ,CG,40.6,5.30,0.118,2.47,1.0,<Residue ASP het=  resseq=147 icode= >,4lmg_B_A,2.2
732,23.191,ASP, ,OD1,35.43,5.10,1.873,2.54,1.0,<Residue ASP het=  resseq=147 icode= >,4lmg_B_A,2.2
733,2.515,ASP, ,OD2,32.51,4.61,2.31,2.42,1.0,<Residue ASP het=  resseq=147 icode= >,4lmg_B_A,2.2
734,0.0,TYR, ,N,32.27,9.86,0.0,2.69,1.0,<Residue TYR het=  resseq=148 icode= >,4lmg_B_A,2.2
735,0.0,TYR, ,CA,36.04,11.13,0.0,2.31,1.0,<Residue TYR het=  resseq=148 icode= >,4lmg_B_A,2.2
736,0.0,TYR, ,C,31.86,11.85,0.0,3.78,1.0,<Residue TYR het=  resseq=148 icode= >,4lmg_B_A,2.2
737,0.0,TYR, ,O,37.52,12.43,0.0,2.65,1.0,<Residue TYR het=  resseq=148 icode= >,4lmg_B_A,2.2
738,0.0,TYR, ,CB,36.44,12.14,0.0,2.17,1.0,<Residue TYR het=  resseq=148 icode= >,4lmg_B_A,2.2
739,0.0,TYR, ,CG,41.34,13.45,0.0,2.48,1.0,<Residue TYR het=  resseq=148 icode= >,4lmg_B_A,2.2
740,0.0,TYR, ,CD1,37.73,13.63,0.0,2.27,1.0,<Residue TYR het=  resseq=148 icode= >,4lmg_B_A,2.2
741,1.453,TYR, ,CD2,40.17,14.56,0.0,2.15,1.0,<Residue TYR het=  resseq=148 icode= >,4lmg_B_A,2.2
742,0.0,TYR, ,CE1,41.62,14.86,0.0,1.96,1.0,<Residue TYR het=  resseq=148 icode= >,4lmg_B_A,2.2
743,4.72,TYR, ,CE2,45.22,15.76,0.0,2.10,1.0,<Residue TYR het=  resseq=148 icode= >,4lmg_B_A,2.2
744,0.0,TYR, ,CZ,43.76,15.94,0.0,3.22,1.0,<Residue TYR het=  resseq=148 icode= >,4lmg_B_A,2.2
745,0.0,TYR, ,OH,40.95,17.20,0.0,2.64,1.0,<Residue TYR het=  resseq=148 icode= >,4lmg_B_A,2.2
746,0.0,LYS, ,N,31.1,12.01,0.0,3.68,1.0,<Residue LYS het=  resseq=149 icode= >,4lmg_B_A,2.2
747,3.017,LYS, ,CA,41.45,12.89,0.0,2.02,1.0,<Residue LYS het=  resseq=149 icode= >,4lmg_B_A,2.2
748,0.0,LYS, ,C,40.39,12.49,0.0,3.75,1.0,<Residue LYS het=  resseq=149 icode= >,4lmg_B_A,2.2
749,0.113,LYS, ,O,38.49,13.39,0.0,2.58,1.0,<Residue LYS het=  resseq=149 icode= >,4lmg_B_A,2.2
750,9.478,LYS, ,CB,51.92,13.21,0.0,1.34,1.0,<Residue LYS het=  resseq=149 icode= >,4lmg_B_A,2.2
751,9.369,LYS, ,CG,65.61,13.50,0.0,0.87,1.0,<Residue LYS het=  resseq=149 icode= >,4lmg_B_A,2.2
752,23.752,LYS, ,CD,76.88,12.62,0.0,0.64,1.0,<Residue LYS het=  resseq=149 icode= >,4lmg_B_A,2.2
753,18.788,LYS, ,CE,84.59,12.63,0.0,0.62,1.0,<Residue LYS het=  resseq=149 icode= >,4lmg_B_A,2.2
754,45.937,LYS, ,NZ,93.45,11.82,0.0,-0.43,1.0,<Residue LYS het=  resseq=149 icode= >,4lmg_B_A,2.2
755,0.0,LYS, ,N,34.69,11.25,0.0,3.25,1.0,<Residue LYS het=  resseq=150 icode= >,4lmg_B_A,2.2
756,1.04,LYS, ,CA,37.42,10.96,0.0,2.75,1.0,<Residue LYS het=  resseq=150 icode= >,4lmg_B_A,2.2
757,1.412,LYS, ,C,33.43,11.17,0.0,3.06,1.0,<Residue LYS het=  resseq=150 icode= >,4lmg_B_A,2.2
758,4.819,LYS, ,O,35.09,11.85,0.0,2.69,1.0,<Residue LYS het=  resseq=150 icode= >,4lmg_B_A,2.2
759,16.929,LYS, ,CB,44.0,9.63,0.0,1.62,1.0,<Residue LYS het=  resseq=150 icode= >,4lmg_B_A,2.2
760,10.488,LYS, ,CG,55.1,9.74,0.0,0.87,1.0,<Residue LYS het=  resseq=150 icode= >,4lmg_B_A,2.2
761,20.564,LYS, ,CD,60.97,8.55,0.0,0.85,1.0,<Residue LYS het=  resseq=150 icode= >,4lmg_B_A,2.2
762,28.925,LYS, ,CE,62.07,9.08,0.0,1.25,1.0,<Residue LYS het=  resseq=150 icode= >,4lmg_B_A,2.2
763,42.473,LYS, ,NZ,63.81,8.17,0.0,0.80,1.0,<Residue LYS het=  resseq=150 icode= >,4lmg_B_A,2.2
764,0.915,PHE, ,N,25.77,10.81,0.0,2.93,1.0,<Residue PHE het=  resseq=151 icode= >,4lmg_B_A,2.2
765,5.437,PHE, ,CA,35.66,11.31,0.0,2.86,1.0,<Residue PHE het=  resseq=151 icode= >,4lmg_B_A,2.2
766,0.0,PHE, ,C,42.14,12.83,0.0,3.86,1.0,<Residue PHE het=  resseq=151 icode= >,4lmg_B_A,2.2
767,0.0,PHE, ,O,35.44,13.51,0.0,3.91,1.0,<Residue PHE het=  resseq=151 icode= >,4lmg_B_A,2.2
768,0.32,PHE, ,CB,36.46,10.98,0.0,1.76,1.0,<Residue PHE het=  resseq=151 icode= >,4lmg_B_A,2.2
769,0.0,PHE, ,CG,35.91,12.04,0.0,2.91,1.0,<Residue PHE het=  resseq=151 icode= >,4lmg_B_A,2.2
770,0.055,PHE, ,CD1,35.66,12.06,0.0,2.70,1.0,<Residue PHE het=  resseq=151 icode= >,4lmg_B_A,2.2
771,0.0,PHE, ,CD2,36.43,13.17,0.0,2.33,1.0,<Residue PHE het=  resseq=151 icode= >,4lmg_B_A,2.2
772,0.321,PHE, ,CE1,37.04,13.12,0.0,2.08,1.0,<Residue PHE het=  resseq=151 icode= >,4lmg_B_A,2.2
773,0.0,PHE, ,CE2,36.0,14.20,0.0,2.67,1.0,<Residue PHE het=  resseq=151 icode= >,4lmg_B_A,2.2
774,0.0,PHE, ,CZ,43.76,14.11,0.0,1.64,1.0,<Residue PHE het=  resseq=151 icode= >,4lmg_B_A,2.2
775,0.0,LYS, ,N,37.26,13.44,0.0,2.96,1.0,<Residue LYS het=  resseq=152 icode= >,4lmg_B_A,2.2
776,0.0,LYS, ,CA,28.99,14.89,0.0,3.25,1.0,<Residue LYS het=  resseq=152 icode= >,4lmg_B_A,2.2
777,0.0,LYS, ,C,36.59,15.47,0.0,3.30,1.0,<Residue LYS het=  resseq=152 icode= >,4lmg_B_A,2.2
778,0.0,LYS, ,O,39.51,16.44,0.0,2.47,1.0,<Residue LYS het=  resseq=152 icode= >,4lmg_B_A,2.2
779,2.378,LYS, ,CB,36.4,15.43,0.0,1.92,1.0,<Residue LYS het=  resseq=152 icode= >,4lmg_B_A,2.2
780,9.38,LYS, ,CG,45.89,16.93,0.0,1.38,1.0,<Residue LYS het=  resseq=152 icode= >,4lmg_B_A,2.2
781,0.0,LYS, ,CD,54.03,17.41,0.0,1.03,1.0,<Residue LYS het=  resseq=152 icode= >,4lmg_B_A,2.2
782,0.0,LYS, ,CE,60.33,18.93,0.0,0.73,1.0,<Residue LYS het=  resseq=152 icode= >,4lmg_B_A,2.2
783,4.603,LYS, ,NZ,60.89,19.44,0.0,0.67,1.0,<Residue LYS het=  resseq=152 icode= >,4lmg_B_A,2.2
784,0.0,GLU, ,N,41.04,14.98,0.0,2.57,1.0,<Residue GLU het=  resseq=153 icode= >,4lmg_B_A,2.2
785,0.348,GLU, ,CA,46.67,15.61,0.0,2.44,1.0,<Residue GLU het=  resseq=153 icode= >,4lmg_B_A,2.2
786,0.0,GLU, ,C,50.68,15.57,0.0,3.40,1.0,<Residue GLU het=  resseq=153 icode= >,4lmg_B_A,2.2
787,0.838,GLU, ,O,56.51,16.57,0.0,1.73,1.0,<Residue GLU het=  resseq=153 icode= >,4lmg_B_A,2.2
788,6.287,GLU, ,CB,55.4,15.09,0.0,1.95,1.0,<Residue GLU het=  resseq=153 icode= >,4lmg_B_A,2.2
789,19.305,GLU, ,CG,68.17,15.43,0.0,1.07,1.0,<Residue GLU het=  resseq=153 icode= >,4lmg_B_A,2.2
790,8.568,GLU, ,CD,79.83,15.03,0.0,0.84,1.0,<Residue GLU het=  resseq=153 icode= >,4lmg_B_A,2.2
791,25.538,GLU, ,OE1,81.36,14.55,0.0,0.59,1.0,<Residue GLU het=  resseq=153 icode= >,4lmg_B_A,2.2
792,34.758,GLU, ,OE2,83.94,14.73,0.0,0.68,1.0,<Residue GLU het=  resseq=153 icode= >,4lmg_B_A,2.2
793,0.143,ASN, ,N,51.17,14.50,0.0,2.20,1.0,<Residue ASN het=  resseq=154 icode= >,4lmg_B_A,2.2
794,0.226,ASN, ,CA,50.72,14.55,0.0,2.48,1.0,<Residue ASN het=  resseq=154 icode= >,4lmg_B_A,2.2
795,0.0,ASN, ,C,42.27,15.70,0.0,3.31,1.0,<Residue ASN het=  resseq=154 icode= >,4lmg_B_A,2.2
796,0.0,ASN, ,O,40.99,16.49,0.0,2.51,1.0,<Residue ASN het=  resseq=154 icode= >,4lmg_B_A,2.2
797,9.191,ASN, ,CB,57.13,13.24,0.0,1.55,1.0,<Residue ASN het=  resseq=154 icode= >,4lmg_B_A,2.2
798,2.368,ASN, ,CG,69.1,13.44,0.0,1.62,1.0,<Residue ASN het=  resseq=154 icode= >,4lmg_B_A,2.2
799,20.318,ASN, ,OD1,74.23,13.43,0.0,0.89,1.0,<Residue ASN het=  resseq=154 icode= >,4lmg_B_A,2.2
800,1.306,ASN, ,ND2,72.49,13.83,0.0,0.65,1.0,<Residue ASN het=  resseq=154 icode= >,4lmg_B_A,2.2
801,0.0,LEU, ,N,32.16,15.90,0.0,2.81,1.0,<Residue LEU het=  resseq=155 icode= >,4lmg_B_A,2.2
802,0.0,LEU, ,CA,37.8,17.09,0.0,2.12,1.0,<Residue LEU het=  resseq=155 icode= >,4lmg_B_A,2.2
803,0.0,LEU, ,C,40.81,18.35,0.0,3.05,1.0,<Residue LEU het=  resseq=155 icode= >,4lmg_B_A,2.2
804,0.0,LEU, ,O,38.13,19.34,0.0,2.64,1.0,<Residue LEU het=  resseq=155 icode= >,4lmg_B_A,2.2
805,0.0,LEU, ,CB,33.76,17.28,0.0,1.49,1.0,<Residue LEU het=  resseq=155 icode= >,4lmg_B_A,2.2
806,0.0,LEU, ,CG,31.71,16.38,0.0,2.18,1.0,<Residue LEU het=  resseq=155 icode= >,4lmg_B_A,2.2
807,0.0,LEU, ,CD1,30.88,17.06,0.0,1.35,1.0,<Residue LEU het=  resseq=155 icode= >,4lmg_B_A,2.2
808,4.174,LEU, ,CD2,31.52,16.30,0.0,1.67,1.0,<Residue LEU het=  resseq=155 icode= >,4lmg_B_A,2.2
809,0.0,ARG, ,N,38.07,18.38,0.0,2.62,1.0,<Residue ARG het=  resseq=156 icode= >,4lmg_B_A,2.2
810,0.699,ARG, ,CA,40.04,19.62,0.0,3.03,1.0,<Residue ARG het=  resseq=156 icode= >,4lmg_B_A,2.2
811,1.447,ARG, ,C,39.65,19.84,0.0,3.69,1.0,<Residue ARG het=  resseq=156 icode= >,4lmg_B_A,2.2
812,13.654,ARG, ,O,36.65,20.97,0.0,2.87,1.0,<Residue ARG het=  resseq=156 icode= >,4lmg_B_A,2.2
813,17.954,ARG, ,CB,50.09,19.73,0.0,2.14,1.0,<Residue ARG het=  resseq=156 icode= >,4lmg_B_A,2.2
814,0.431,ARG, ,CG,60.38,19.59,0.0,1.03,1.0,<Residue ARG het=  resseq=156 icode= >,4lmg_B_A,2.2
815,25.161,ARG, ,CD,70.94,19.97,0.0,0.80,1.0,<Residue ARG het=  resseq=156 icode= >,4lmg_B_A,2.2
816,8.21,ARG, ,NE,78.21,19.82,0.0,0.65,1.0,<Residue ARG het=  resseq=156 icode= >,4lmg_B_A,2.2
817,4.276,ARG, ,CZ,84.98,20.77,0.0,0.91,1.0,<Residue ARG het=  resseq=156 icode= >,4lmg_B_A,2.2
818,28.994,ARG, ,NH1,84.48,21.87,0.0,0.46,1.0,<Residue ARG het=  resseq=156 icode= >,4lmg_B_A,2.2
819,25.725,ARG, ,NH2,88.44,20.69,0.0,0.14,1.0,<Residue ARG het=  resseq=156 icode= >,4lmg_B_A,2.2
820,0.115,GLN, ,N,43.94,1000.00,0.0,2.61,1.0,<Residue GLN het=  resseq=157 icode= >,4lmg_B_A,2.2
821,9.937,GLN, ,CA,51.71,1000.00,0.0,1.98,1.0,<Residue GLN het=  resseq=157 icode= >,4lmg_B_A,2.2
822,0.763,GLN, ,C,41.33,1000.00,0.0,3.25,1.0,<Residue GLN het=  resseq=157 icode= >,4lmg_B_A,2.2
823,28.598,GLN, ,O,32.75,1000.00,0.0,3.27,1.0,<Residue GLN het=  resseq=157 icode= >,4lmg_B_A,2.2
824,13.278,GLN, ,CB,61.55,1000.00,0.0,1.31,1.0,<Residue GLN het=  resseq=157 icode= >,4lmg_B_A,2.2
825,19.914,GLN, ,CG,73.32,1000.00,0.0,1.06,1.0,<Residue GLN het=  resseq=157 icode= >,4lmg_B_A,2.2
826,5.19,GLN, ,CD,80.93,1000.00,0.0,1.71,1.0,<Residue GLN het=  resseq=157 icode= >,4lmg_B_A,2.2
827,20.677,GLN, ,OE1,82.2,1000.00,0.0,0.75,1.0,<Residue GLN het=  resseq=157 icode= >,4lmg_B_A,2.2
828,42.899,GLN, ,NE2,85.06,1000.00,0.0,0.54,1.0,<Residue GLN het=  resseq=157 icode= >,4lmg_B_A,2.2
829,0.0,LYS, ,N,37.93,1000.00,0.0,2.59,1.0,<Residue LYS het=  resseq=158 icode= >,4lmg_B_A,2.2
830,7.731,LYS, ,CA,39.5,1000.00,0.0,2.94,1.0,<Residue LYS het=  resseq=158 icode= >,4lmg_B_A,2.2
831,1.612,LYS, ,C,43.52,1000.00,0.0,3.08,1.0,<Residue LYS het=  resseq=158 icode= >,4lmg_B_A,2.2
832,19.846,LYS, ,O,41.69,1000.00,0.0,2.32,1.0,<Residue LYS het=  resseq=158 icode= >,4lmg_B_A,2.2
833,8.488,LYS, ,CB,36.39,1000.00,0.0,2.33,1.0,<Residue LYS het=  resseq=158 icode= >,4lmg_B_A,2.2
834,15.446,LYS, ,CG,52.06,1000.00,0.0,1.17,1.0,<Residue LYS het=  resseq=158 icode= >,4lmg_B_A,2.2
835,19.229,LYS, ,CD,63.91,1000.00,0.0,-0.01,1.0,<Residue LYS het=  resseq=158 icode= >,4lmg_B_A,2.2
836,29.31,LYS, ,CE,70.29,1000.00,0.0,0.27,1.0,<Residue LYS het=  resseq=158 icode= >,4lmg_B_A,2.2
837,18.373,LYS, ,NZ,66.48,1000.00,0.0,0.76,1.0,<Residue LYS het=  resseq=158 icode= >,4lmg_B_A,2.2
838,0.0,ASN, ,N,43.32,1000.00,0.0,2.53,1.0,<Residue ASN het=  resseq=159 icode= >,4lmg_B_A,2.2
839,1.102,ASN, ,CA,39.01,1000.00,0.0,2.22,1.0,<Residue ASN het=  resseq=159 icode= >,4lmg_B_A,2.2
840,0.016,ASN, ,C,42.2,1000.00,0.0,2.88,1.0,<Residue ASN het=  resseq=159 icode= >,4lmg_B_A,2.2
841,13.86,ASN, ,O,43.06,1000.00,0.0,2.40,1.0,<Residue ASN het=  resseq=159 icode= >,4lmg_B_A,2.2
842,19.445,ASN, ,CB,43.54,1000.00,0.0,1.84,1.0,<Residue ASN het=  resseq=159 icode= >,4lmg_B_A,2.2
843,8.5,ASN, ,CG,55.87,1000.00,0.0,2.35,1.0,<Residue ASN het=  resseq=159 icode= >,4lmg_B_A,2.2
844,4.344,ASN, ,OD1,62.23,1000.00,0.0,0.97,1.0,<Residue ASN het=  resseq=159 icode= >,4lmg_B_A,2.2
845,56.008,ASN, ,ND2,66.01,1000.00,0.0,0.05,1.0,<Residue ASN het=  resseq=159 icode= >,4lmg_B_A,2.2
846,0.0,ASP, ,N,42.99,1000.00,0.0,1.90,1.0,<Residue ASP het=  resseq=160 icode= >,4lmg_B_A,2.2
847,7.123,ASP, ,CA,41.97,1000.00,0.0,2.22,1.0,<Residue ASP het=  resseq=160 icode= >,4lmg_B_A,2.2
848,0.0,ASP, ,C,45.76,1000.00,0.0,2.48,1.0,<Residue ASP het=  resseq=160 icode= >,4lmg_B_A,2.2
849,0.0,ASP, ,O,39.67,1000.00,0.0,2.10,1.0,<Residue ASP het=  resseq=160 icode= >,4lmg_B_A,2.2
850,4.831,ASP, ,CB,36.94,1000.00,0.0,1.91,1.0,<Residue ASP het=  resseq=160 icode= >,4lmg_B_A,2.2
851,7.228,ASP, ,CG,46.92,1000.00,0.0,2.65,1.0,<Residue ASP het=  resseq=160 icode= >,4lmg_B_A,2.2
852,6.849,ASP, ,OD1,43.77,1000.00,0.0,1.99,1.0,<Residue ASP het=  resseq=160 icode= >,4lmg_B_A,2.2
853,7.632,ASP, ,OD2,50.12,1000.00,0.0,1.49,1.0,<Residue ASP het=  resseq=160 icode= >,4lmg_B_A,2.2
854,2.314,GLU, ,N,51.72,1000.00,0.0,2.16,1.0,<Residue GLU het=  resseq=161 icode= >,4lmg_B_A,2.2
855,1.103,GLU, ,CA,57.91,1000.00,0.0,1.87,1.0,<Residue GLU het=  resseq=161 icode= >,4lmg_B_A,2.2
856,1.177,GLU, ,C,51.73,1000.00,0.0,3.03,1.0,<Residue GLU het=  resseq=161 icode= >,4lmg_B_A,2.2
857,3.585,GLU, ,O,53.43,1000.00,0.0,1.88,1.0,<Residue GLU het=  resseq=161 icode= >,4lmg_B_A,2.2
858,18.789,GLU, ,CB,69.38,1000.00,0.0,0.73,1.0,<Residue GLU het=  resseq=161 icode= >,4lmg_B_A,2.2
859,11.953,GLU, ,CG,81.69,1000.00,0.0,0.80,1.0,<Residue GLU het=  resseq=161 icode= >,4lmg_B_A,2.2
860,15.076,GLU, ,CD,94.77,1000.00,0.0,0.47,1.0,<Residue GLU het=  resseq=161 icode= >,4lmg_B_A,2.2
861,35.265,GLU, ,OE1,96.69,1000.00,0.0,0.75,1.0,<Residue GLU het=  resseq=161 icode= >,4lmg_B_A,2.2
862,33.817,GLU, ,OE2,101.05,1000.00,0.0,0.25,1.0,<Residue GLU het=  resseq=161 icode= >,4lmg_B_A,2.2
863,0.103,LYS, ,N,52.79,1000.00,0.0,2.82,1.0,<Residue LYS het=  resseq=162 icode= >,4lmg_B_A,2.2
864,8.682,LYS, ,CA,55.88,1000.00,0.0,2.32,1.0,<Residue LYS het=  resseq=162 icode= >,4lmg_B_A,2.2
865,1.014,LYS, ,C,48.77,1000.00,0.0,2.91,1.0,<Residue LYS het=  resseq=162 icode= >,4lmg_B_A,2.2
866,2.302,LYS, ,O,49.75,1000.00,0.0,2.25,1.0,<Residue LYS het=  resseq=162 icode= >,4lmg_B_A,2.2
867,18.025,LYS, ,CB,64.67,1000.00,0.0,1.43,1.0,<Residue LYS het=  resseq=162 icode= >,4lmg_B_A,2.2
868,20.522,LYS, ,CG,81.19,1000.00,0.0,0.73,1.0,<Residue LYS het=  resseq=162 icode= >,4lmg_B_A,2.2
869,29.612,LYS, ,CD,93.98,1000.00,0.0,-0.29,1.0,<Residue LYS het=  resseq=162 icode= >,4lmg_B_A,2.2
870,45.104,LYS, ,CE,101.01,1000.00,0.0,-0.32,1.0,<Residue LYS het=  resseq=162 icode= >,4lmg_B_A,2.2
871,48.903,LYS, ,NZ,101.51,1000.00,0.0,-0.03,1.0,<Residue LYS het=  resseq=162 icode= >,4lmg_B_A,2.2
872,0.409,ALA, ,N,40.5,1000.00,0.0,2.54,1.0,<Residue ALA het=  resseq=163 icode= >,4lmg_B_A,2.2
873,4.818,ALA, ,CA,33.48,1000.00,0.0,2.60,1.0,<Residue ALA het=  resseq=163 icode= >,4lmg_B_A,2.2
874,0.0,ALA, ,C,37.88,1000.00,0.0,3.38,1.0,<Residue ALA het=  resseq=163 icode= >,4lmg_B_A,2.2
875,0.0,ALA, ,O,39.13,1000.00,0.0,2.40,1.0,<Residue ALA het=  resseq=163 icode= >,4lmg_B_A,2.2
876,1.237,ALA, ,CB,41.06,1000.00,0.0,1.06,1.0,<Residue ALA het=  resseq=163 icode= >,4lmg_B_A,2.2
877,0.0,ILE, ,N,37.34,1000.00,0.0,3.00,1.0,<Residue ILE het=  resseq=164 icode= >,4lmg_B_A,2.2
878,0.0,ILE, ,CA,42.87,1000.00,0.0,2.26,1.0,<Residue ILE het=  resseq=164 icode= >,4lmg_B_A,2.2
879,0.0,ILE, ,C,45.19,1000.00,0.0,3.26,1.0,<Residue ILE het=  resseq=164 icode= >,4lmg_B_A,2.2
880,0.0,ILE, ,O,38.33,1000.00,0.0,2.79,1.0,<Residue ILE het=  resseq=164 icode= >,4lmg_B_A,2.2
881,1.055,ILE, ,CB,50.41,1000.00,0.0,1.53,1.0,<Residue ILE het=  resseq=164 icode= >,4lmg_B_A,2.2
882,0.0,ILE, ,CG1,46.26,1000.00,0.0,1.15,1.0,<Residue ILE het=  resseq=164 icode= >,4lmg_B_A,2.2
883,14.067,ILE, ,CG2,56.12,1000.00,0.0,0.56,1.0,<Residue ILE het=  resseq=164 icode= >,4lmg_B_A,2.2
884,12.838,ILE, ,CD1,44.46,1000.00,0.0,0.47,1.0,<Residue ILE het=  resseq=164 icode= >,4lmg_B_A,2.2
885,0.471,LYS, ,N,46.09,1000.00,0.0,2.63,1.0,<Residue LYS het=  resseq=165 icode= >,4lmg_B_A,2.2
886,4.024,LYS, ,CA,53.56,1000.00,0.0,2.24,1.0,<Residue LYS het=  resseq=165 icode= >,4lmg_B_A,2.2
887,0.0,LYS, ,C,48.85,1000.00,0.0,3.34,1.0,<Residue LYS het=  resseq=165 icode= >,4lmg_B_A,2.2
888,0.0,LYS, ,O,48.28,1000.00,0.0,1.83,1.0,<Residue LYS het=  resseq=165 icode= >,4lmg_B_A,2.2
889,10.294,LYS, ,CB,62.3,1000.00,0.0,1.46,1.0,<Residue LYS het=  resseq=165 icode= >,4lmg_B_A,2.2
890,10.957,LYS, ,CG,78.24,1000.00,0.0,-0.13,1.0,<Residue LYS het=  resseq=165 icode= >,4lmg_B_A,2.2
891,32.302,LYS, ,CD,90.55,1000.00,0.0,-0.22,1.0,<Residue LYS het=  resseq=165 icode= >,4lmg_B_A,2.2
892,28.395,LYS, ,CE,98.49,1000.00,0.0,0.03,1.0,<Residue LYS het=  resseq=165 icode= >,4lmg_B_A,2.2
893,48.848,LYS, ,NZ,101.99,1000.00,0.0,0.13,1.0,<Residue LYS het=  resseq=165 icode= >,4lmg_B_A,2.2
894,0.241,THR, ,N,43.85,1000.00,0.0,3.33,1.0,<Residue THR het=  resseq=166 icode= >,4lmg_B_A,2.2
895,5.981,THR, ,CA,43.66,1000.00,0.0,2.85,1.0,<Residue THR het=  resseq=166 icode= >,4lmg_B_A,2.2
896,0.0,THR, ,C,35.58,1000.00,0.0,3.41,1.0,<Residue THR het=  resseq=166 icode= >,4lmg_B_A,2.2
897,1.209,THR, ,O,40.68,1000.00,0.0,2.29,1.0,<Residue THR het=  resseq=166 icode= >,4lmg_B_A,2.2
898,1.26,THR, ,CB,40.49,1000.00,0.0,2.73,1.0,<Residue THR het=  resseq=166 icode= >,4lmg_B_A,2.2
899,22.578,THR, ,OG1,52.73,1000.00,0.0,1.54,1.0,<Residue THR het=  resseq=166 icode= >,4lmg_B_A,2.2
900,34.482,THR, ,CG2,40.56,1000.00,0.0,1.18,1.0,<Residue THR het=  resseq=166 icode= >,4lmg_B_A,2.2
901,0.0,PHE, ,N,29.84,1000.00,0.0,3.05,1.0,<Residue PHE het=  resseq=167 icode= >,4lmg_B_A,2.2
902,0.0,PHE, ,CA,36.02,1000.00,0.0,2.95,1.0,<Residue PHE het=  resseq=167 icode= >,4lmg_B_A,2.2
903,0.0,PHE, ,C,39.48,1000.00,0.0,3.76,1.0,<Residue PHE het=  resseq=167 icode= >,4lmg_B_A,2.2
904,0.0,PHE, ,O,34.92,1000.00,0.0,3.23,1.0,<Residue PHE het=  resseq=167 icode= >,4lmg_B_A,2.2
905,0.0,PHE, ,CB,35.44,1000.00,0.0,2.06,1.0,<Residue PHE het=  resseq=167 icode= >,4lmg_B_A,2.2
906,0.0,PHE, ,CG,29.43,1000.00,0.0,3.21,1.0,<Residue PHE het=  resseq=167 icode= >,4lmg_B_A,2.2
907,0.0,PHE, ,CD1,29.22,1000.00,0.0,2.45,1.0,<Residue PHE het=  resseq=167 icode= >,4lmg_B_A,2.2
908,0.0,PHE, ,CD2,37.55,1000.00,0.0,2.38,1.0,<Residue PHE het=  resseq=167 icode= >,4lmg_B_A,2.2
909,0.0,PHE, ,CE1,31.54,1000.00,0.0,2.44,1.0,<Residue PHE het=  resseq=167 icode= >,4lmg_B_A,2.2
910,2.946,PHE, ,CE2,26.49,1000.00,0.0,2.55,1.0,<Residue PHE het=  resseq=167 icode= >,4lmg_B_A,2.2
911,0.0,PHE, ,CZ,30.02,1000.00,0.0,2.88,1.0,<Residue PHE het=  resseq=167 icode= >,4lmg_B_A,2.2
912,0.0,ASP, ,N,43.67,1000.00,0.0,2.03,1.0,<Residue ASP het=  resseq=168 icode= >,4lmg_B_A,2.2
913,1.098,ASP, ,CA,46.04,1000.00,0.0,1.91,1.0,<Residue ASP het=  resseq=168 icode= >,4lmg_B_A,2.2
914,1.19,ASP, ,C,39.96,1000.00,0.0,3.37,1.0,<Residue ASP het=  resseq=168 icode= >,4lmg_B_A,2.2
915,7.339,ASP, ,O,43.81,1000.00,0.0,2.69,1.0,<Residue ASP het=  resseq=168 icode= >,4lmg_B_A,2.2
916,16.772,ASP, ,CB,43.71,1000.00,0.0,1.95,1.0,<Residue ASP het=  resseq=168 icode= >,4lmg_B_A,2.2
917,7.423,ASP, ,CG,53.5,1000.00,0.0,2.29,1.0,<Residue ASP het=  resseq=168 icode= >,4lmg_B_A,2.2
918,1.518,ASP, ,OD1,57.83,1000.00,0.0,1.16,1.0,<Residue ASP het=  resseq=168 icode= >,4lmg_B_A,2.2
919,28.187,ASP, ,OD2,54.17,1000.00,0.0,0.99,1.0,<Residue ASP het=  resseq=168 icode= >,4lmg_B_A,2.2
920,0.0,GLU, ,N,34.04,1000.00,0.0,3.14,1.0,<Residue GLU het=  resseq=169 icode= >,4lmg_B_A,2.2
921,2.997,GLU, ,CA,38.7,1000.00,0.0,2.24,1.0,<Residue GLU het=  resseq=169 icode= >,4lmg_B_A,2.2
922,0.0,GLU, ,C,29.21,1000.00,0.0,4.00,1.0,<Residue GLU het=  resseq=169 icode= >,4lmg_B_A,2.2
923,0.056,GLU, ,O,32.69,1000.00,0.0,3.13,1.0,<Residue GLU het=  resseq=169 icode= >,4lmg_B_A,2.2
924,5.547,GLU, ,CB,44.54,1000.00,0.0,1.79,1.0,<Residue GLU het=  resseq=169 icode= >,4lmg_B_A,2.2
925,16.972,GLU, ,CG,48.79,1000.00,0.0,1.80,1.0,<Residue GLU het=  resseq=169 icode= >,4lmg_B_A,2.2
926,12.916,GLU, ,CD,63.99,1000.00,0.0,2.07,1.0,<Residue GLU het=  resseq=169 icode= >,4lmg_B_A,2.2
927,24.987,GLU, ,OE1,64.47,1000.00,0.0,1.83,1.0,<Residue GLU het=  resseq=169 icode= >,4lmg_B_A,2.2
928,17.296,GLU, ,OE2,73.85,1000.00,0.0,0.84,1.0,<Residue GLU het=  resseq=169 icode= >,4lmg_B_A,2.2
929,0.102,LEU, ,N,33.66,1000.00,0.0,3.17,1.0,<Residue LEU het=  resseq=170 icode= >,4lmg_B_A,2.2
930,0.0,LEU, ,CA,35.01,1000.00,0.0,2.77,1.0,<Residue LEU het=  resseq=170 icode= >,4lmg_B_A,2.2
931,0.0,LEU, ,C,33.33,1000.00,0.0,4.17,1.0,<Residue LEU het=  resseq=170 icode= >,4lmg_B_A,2.2
932,1.581,LEU, ,O,36.08,1000.00,0.0,3.19,1.0,<Residue LEU het=  resseq=170 icode= >,4lmg_B_A,2.2
933,0.0,LEU, ,CB,33.81,1000.00,0.0,2.05,1.0,<Residue LEU het=  resseq=170 icode= >,4lmg_B_A,2.2
934,2.47,LEU, ,CG,39.88,1000.00,0.0,2.47,1.0,<Residue LEU het=  resseq=170 icode= >,4lmg_B_A,2.2
935,0.488,LEU, ,CD1,34.94,1000.00,0.0,1.65,1.0,<Residue LEU het=  resseq=170 icode= >,4lmg_B_A,2.2
936,20.26,LEU, ,CD2,46.26,1000.00,0.0,0.72,1.0,<Residue LEU het=  resseq=170 icode= >,4lmg_B_A,2.2
937,0.0,GLU, ,N,30.17,1000.00,0.0,3.64,1.0,<Residue GLU het=  resseq=171 icode= >,4lmg_B_A,2.2
938,0.69,GLU, ,CA,34.59,1000.00,0.0,3.02,1.0,<Residue GLU het=  resseq=171 icode= >,4lmg_B_A,2.2
939,1.151,GLU, ,C,38.13,1000.00,0.0,3.38,1.0,<Residue GLU het=  resseq=171 icode= >,4lmg_B_A,2.2
940,3.77,GLU, ,O,42.33,1000.00,0.0,2.64,1.0,<Residue GLU het=  resseq=171 icode= >,4lmg_B_A,2.2
941,13.255,GLU, ,CB,40.9,1000.00,0.0,1.78,1.0,<Residue GLU het=  resseq=171 icode= >,4lmg_B_A,2.2
942,0.627,GLU, ,CG,47.54,1000.00,0.0,1.36,1.0,<Residue GLU het=  resseq=171 icode= >,4lmg_B_A,2.2
943,5.124,GLU, ,CD,58.37,1000.00,0.0,2.27,1.0,<Residue GLU het=  resseq=171 icode= >,4lmg_B_A,2.2
944,29.408,GLU, ,OE1,62.23,1000.00,0.0,1.35,1.0,<Residue GLU het=  resseq=171 icode= >,4lmg_B_A,2.2
945,2.499,GLU, ,OE2,61.77,1000.00,0.0,1.62,1.0,<Residue GLU het=  resseq=171 icode= >,4lmg_B_A,2.2
946,0.721,TYR, ,N,39.97,1000.00,0.0,2.44,1.0,<Residue TYR het=  resseq=172 icode= >,4lmg_B_A,2.2
947,4.247,TYR, ,CA,43.22,1000.00,0.0,2.43,1.0,<Residue TYR het=  resseq=172 icode= >,4lmg_B_A,2.2
948,0.0,TYR, ,C,39.41,1000.00,0.0,3.94,1.0,<Residue TYR het=  resseq=172 icode= >,4lmg_B_A,2.2
949,0.0,TYR, ,O,35.19,1000.00,0.0,3.24,1.0,<Residue TYR het=  resseq=172 icode= >,4lmg_B_A,2.2
950,8.334,TYR, ,CB,39.2,1000.00,0.0,2.25,1.0,<Residue TYR het=  resseq=172 icode= >,4lmg_B_A,2.2
951,2.143,TYR, ,CG,44.12,1000.00,0.0,2.36,1.0,<Residue TYR het=  resseq=172 icode= >,4lmg_B_A,2.2
952,21.245,TYR, ,CD1,42.87,1000.00,0.0,1.97,1.0,<Residue TYR het=  resseq=172 icode= >,4lmg_B_A,2.2
953,13.699,TYR, ,CD2,38.65,1000.00,0.0,2.91,1.0,<Residue TYR het=  resseq=172 icode= >,4lmg_B_A,2.2
954,29.117,TYR, ,CE1,39.71,1000.00,0.0,1.97,1.0,<Residue TYR het=  resseq=172 icode= >,4lmg_B_A,2.2
955,19.164,TYR, ,CE2,41.99,1000.00,0.0,2.64,1.0,<Residue TYR het=  resseq=172 icode= >,4lmg_B_A,2.2
956,5.135,TYR, ,CZ,45.01,1000.00,0.0,2.76,1.0,<Residue TYR het=  resseq=172 icode= >,4lmg_B_A,2.2
957,36.998,TYR, ,OH,43.52,1000.00,0.0,1.94,1.0,<Residue TYR het=  resseq=172 icode= >,4lmg_B_A,2.2
958,0.0,LYS, ,N,34.19,1000.00,0.0,3.63,1.0,<Residue LYS het=  resseq=173 icode= >,4lmg_B_A,2.2
959,0.0,LYS, ,CA,33.55,1000.00,0.0,3.45,1.0,<Residue LYS het=  resseq=173 icode= >,4lmg_B_A,2.2
960,0.0,LYS, ,C,36.68,1000.00,0.0,3.55,1.0,<Residue LYS het=  resseq=173 icode= >,4lmg_B_A,2.2
961,0.0,LYS, ,O,42.87,1000.00,0.0,2.57,1.0,<Residue LYS het=  resseq=173 icode= >,4lmg_B_A,2.2
962,5.119,LYS, ,CB,35.43,1000.00,0.0,2.61,1.0,<Residue LYS het=  resseq=173 icode= >,4lmg_B_A,2.2
963,5.231,LYS, ,CG,53.08,1000.00,0.0,2.02,1.0,<Residue LYS het=  resseq=173 icode= >,4lmg_B_A,2.2
964,12.373,LYS, ,CD,66.81,1000.00,0.0,1.81,1.0,<Residue LYS het=  resseq=173 icode= >,4lmg_B_A,2.2
965,25.945,LYS, ,CE,84.05,1000.00,0.0,0.57,1.0,<Residue LYS het=  resseq=173 icode= >,4lmg_B_A,2.2
966,46.177,LYS, ,NZ,94.15,1000.00,0.0,-0.17,1.0,<Residue LYS het=  resseq=173 icode= >,4lmg_B_A,2.2
967,0.596,ALA, ,N,29.9,1000.00,0.0,3.67,1.0,<Residue ALA het=  resseq=174 icode= >,4lmg_B_A,2.2
968,6.124,ALA, ,CA,32.4,1000.00,0.0,2.90,1.0,<Residue ALA het=  resseq=174 icode= >,4lmg_B_A,2.2
969,1.311,ALA, ,C,39.17,1000.00,0.0,3.43,1.0,<Residue ALA het=  resseq=174 icode= >,4lmg_B_A,2.2
970,5.699,ALA, ,O,41.04,1000.00,0.0,2.96,1.0,<Residue ALA het=  resseq=174 icode= >,4lmg_B_A,2.2
971,9.363,ALA, ,CB,35.61,1000.00,0.0,1.00,1.0,<Residue ALA het=  resseq=174 icode= >,4lmg_B_A,2.2
972,0.644,SER, ,N,39.98,1000.00,0.0,3.24,1.0,<Residue SER het=  resseq=175 icode= >,4lmg_B_A,2.2
973,13.188,SER, ,CA,43.02,1000.00,0.0,2.50,1.0,<Residue SER het=  resseq=175 icode= >,4lmg_B_A,2.2
974,0.108,SER, ,C,42.93,1000.00,0.0,3.30,1.0,<Residue SER het=  resseq=175 icode= >,4lmg_B_A,2.2
975,20.191,SER, ,O,52.34,1000.00,0.0,1.72,1.0,<Residue SER het=  resseq=175 icode= >,4lmg_B_A,2.2
976,38.991,SER, ,CB,46.06,1000.00,0.0,2.15,1.0,<Residue SER het=  resseq=175 icode= >,4lmg_B_A,2.2
977,6.174,SER, ,OG,46.48,1000.00,0.0,1.71,1.0,<Residue SER het=  resseq=175 icode= >,4lmg_B_A,2.2
978,0.0,LEU, ,N,36.68,1000.00,0.0,3.30,1.0,<Residue LEU het=  resseq=176 icode= >,4lmg_B_A,2.2
979,3.447,LEU, ,CA,41.61,1000.00,0.0,2.89,1.0,<Residue LEU het=  resseq=176 icode= >,4lmg_B_A,2.2
980,0.277,LEU, ,C,43.36,1000.00,0.0,3.33,1.0,<Residue LEU het=  resseq=176 icode= >,4lmg_B_A,2.2
981,17.734,LEU, ,O,44.1,1000.00,0.0,2.77,1.0,<Residue LEU het=  resseq=176 icode= >,4lmg_B_A,2.2
982,3.38,LEU, ,CB,36.6,1000.00,0.0,2.07,1.0,<Residue LEU het=  resseq=176 icode= >,4lmg_B_A,2.2
983,0.0,LEU, ,CG,40.79,1000.00,0.0,2.33,1.0,<Residue LEU het=  resseq=176 icode= >,4lmg_B_A,2.2
984,23.728,LEU, ,CD1,35.12,1000.00,0.0,1.65,1.0,<Residue LEU het=  resseq=176 icode= >,4lmg_B_A,2.2
985,46.128,LEU, ,CD2,42.79,1000.00,0.0,1.35,1.0,<Residue LEU het=  resseq=176 icode= >,4lmg_B_A,2.2
986,0.0,ASN, ,N,48.66,1000.00,0.0,2.28,1.0,<Residue ASN het=  resseq=177 icode= >,4lmg_B_A,2.2
987,5.863,ASN, ,CA,52.75,1000.00,0.0,2.51,1.0,<Residue ASN het=  resseq=177 icode= >,4lmg_B_A,2.2
988,2.035,ASN, ,C,46.28,1000.00,0.0,3.68,1.0,<Residue ASN het=  resseq=177 icode= >,4lmg_B_A,2.2
989,20.755,ASN, ,O,43.93,1000.00,0.0,2.61,1.0,<Residue ASN het=  resseq=177 icode= >,4lmg_B_A,2.2
990,22.022,ASN, ,CB,58.78,1000.00,0.0,2.37,1.0,<Residue ASN het=  resseq=177 icode= >,4lmg_B_A,2.2
991,5.902,ASN, ,CG,60.77,1000.00,0.0,2.28,1.0,<Residue ASN het=  resseq=177 icode= >,4lmg_B_A,2.2
992,34.42,ASN, ,OD1,67.22,1000.00,0.0,1.18,1.0,<Residue ASN het=  resseq=177 icode= >,4lmg_B_A,2.2
993,41.673,ASN, ,ND2,57.25,1000.00,0.0,1.18,1.0,<Residue ASN het=  resseq=177 icode= >,4lmg_B_A,2.2
994,0.0,LEU, ,N,49.4,1000.00,0.0,2.70,1.0,<Residue LEU het=  resseq=178 icode= >,4lmg_B_A,2.2
995,0.0,LEU, ,CA,55.18,1000.00,0.0,2.28,1.0,<Residue LEU het=  resseq=178 icode= >,4lmg_B_A,2.2
996,0.862,LEU, ,C,51.94,1000.00,0.0,2.49,1.0,<Residue LEU het=  resseq=178 icode= >,4lmg_B_A,2.2
997,12.8,LEU, ,O,38.68,1000.00,0.0,1.99,1.0,<Residue LEU het=  resseq=178 icode= >,4lmg_B_A,2.2
998,3.476,LEU, ,CB,45.24,1000.00,0.0,1.66,1.0,<Residue LEU het=  resseq=178 icode= >,4lmg_B_A,2.2
999,0.0,LEU, ,CG,38.99,1000.00,0.0,1.98,1.0,<Residue LEU het=  resseq=178 icode= >,4lmg_B_A,2.2
1000,28.231,LEU, ,CD1,36.86,1000.00,0.0,1.13,1.0,<Residue LEU het=  resseq=178 icode= >,4lmg_B_A,2.2
1001,48.19,LEU, ,CD2,36.82,1000.00,0.0,1.19,1.0,<Residue LEU het=  resseq=178 icode= >,4lmg_B_A,2.2
1002,0.139,PRO, ,N,66.75,1000.00,0.0,2.18,1.0,<Residue PRO het=  resseq=179 icode= >,4lmg_B_A,2.2
1003,11.957,PRO, ,CA,67.53,1000.00,0.0,2.01,1.0,<Residue PRO het=  resseq=179 icode= >,4lmg_B_A,2.2
1004,0.035,PRO, ,C,60.75,1000.00,0.0,2.57,1.0,<Residue PRO het=  resseq=179 icode= >,4lmg_B_A,2.2
1005,17.102,PRO, ,O,47.17,1000.00,0.0,2.33,1.0,<Residue PRO het=  resseq=179 icode= >,4lmg_B_A,2.2
1006,34.523,PRO, ,CB,77.62,1000.00,0.0,0.54,1.0,<Residue PRO het=  resseq=179 icode= >,4lmg_B_A,2.2
1007,43.525,PRO, ,CG,80.49,1000.00,0.0,0.52,1.0,<Residue PRO het=  resseq=179 icode= >,4lmg_B_A,2.2
1008,17.141,PRO, ,CD,76.2,1000.00,0.0,1.05,1.0,<Residue PRO het=  resseq=179 icode= >,4lmg_B_A,2.2
1009,9.353,LEU, ,N,64.72,1000.00,0.0,1.28,1.0,<Residue LEU het=  resseq=180 icode= >,4lmg_B_A,2.2
1010,3.659,LEU, ,CA,68.36,1000.00,0.0,1.58,1.0,<Residue LEU het=  resseq=180 icode= >,4lmg_B_A,2.2
1011,25.67,LEU, ,C,67.7,1000.00,0.0,1.68,1.0,<Residue LEU het=  resseq=180 icode= >,4lmg_B_A,2.2
1012,35.699,LEU, ,O,67.42,1000.00,0.0,1.55,1.0,<Residue LEU het=  resseq=180 icode= >,4lmg_B_A,2.2
1013,17.678,LEU, ,CB,69.73,1000.00,0.0,0.99,1.0,<Residue LEU het=  resseq=180 icode= >,4lmg_B_A,2.2
1014,6.39,LEU, ,CG,69.76,1000.00,0.0,0.89,1.0,<Residue LEU het=  resseq=180 icode= >,4lmg_B_A,2.2
1015,16.081,LEU, ,CD1,70.88,1000.00,0.0,0.91,1.0,<Residue LEU het=  resseq=180 icode= >,4lmg_B_A,2.2
1016,3.185,LEU, ,CD2,59.38,1000.00,0.0,0.86,1.0,<Residue LEU het=  resseq=180 icode= >,4lmg_B_A,2.2
