,ASA,aa,altloc,atom,bfac,d2r,dASA,dens,occ,residue,id,resolu
0,45.857,LEU, ,N,31.59,17.36,0.0,1.51,1.0,<Residue LEU het=  resseq=5 icode= >,4lup_A_B,1.2
1,2.342,LEU, ,CA,29.22,16.85,0.0,1.87,1.0,<Residue LEU het=  resseq=5 icode= >,4lup_A_B,1.2
2,1.448,LEU, ,C,26.02,15.33,0.0,2.79,1.0,<Residue LEU het=  resseq=5 icode= >,4lup_A_B,1.2
3,5.519,LEU, ,O,28.85,14.63,0.0,2.13,1.0,<Residue LEU het=  resseq=5 icode= >,4lup_A_B,1.2
4,1.638,LEU, ,CB,28.61,17.35,0.0,2.06,1.0,<Residue LEU het=  resseq=5 icode= >,4lup_A_B,1.2
5,9.428,LEU, ,CG,29.27,18.87,0.0,2.21,1.0,<Residue LEU het=  resseq=5 icode= >,4lup_A_B,1.2
6,36.422,LEU, ,CD1,30.84,19.33,0.0,1.14,1.0,<Residue LEU het=  resseq=5 icode= >,4lup_A_B,1.2
7,22.624,LEU, ,CD2,29.38,19.49,0.0,1.21,1.0,<Residue LEU het=  resseq=5 icode= >,4lup_A_B,1.2
8,0.58,THR, ,N,20.28,14.70,0.0,3.93,1.0,<Residue THR het=  resseq=6 icode= >,4lup_A_B,1.2
9,5.354,THR, ,CA,18.66,13.28,0.0,3.55,1.0,<Residue THR het=  resseq=6 icode= >,4lup_A_B,1.2
10,0.0,THR, ,C,16.51,13.03,0.0,3.49,1.0,<Residue THR het=  resseq=6 icode= >,4lup_A_B,1.2
11,0.0,THR, ,O,15.58,13.81,0.0,5.39,1.0,<Residue THR het=  resseq=6 icode= >,4lup_A_B,1.2
12,10.195,THR, ,CB,22.0,12.48,0.0,3.04,1.0,<Residue THR het=  resseq=6 icode= >,4lup_A_B,1.2
13,2.755,THR, ,OG1,23.07,12.89,0.0,3.34,1.0,<Residue THR het=  resseq=6 icode= >,4lup_A_B,1.2
14,64.777,THR, ,CG2,24.55,12.94,0.0,1.78,1.0,<Residue THR het=  resseq=6 icode= >,4lup_A_B,1.2
15,3.563,ASP, ,N,16.76,11.89,0.0,4.12,1.0,<Residue ASP het=  resseq=7 icode= >,4lup_A_B,1.2
16,0.0,ASP, ,CA,17.37,11.42,0.0,2.91,1.0,<Residue ASP het=  resseq=7 icode= >,4lup_A_B,1.2
17,0.0,ASP, ,C,17.21,11.44,0.0,3.84,1.0,<Residue ASP het=  resseq=7 icode= >,4lup_A_B,1.2
18,0.0,ASP, ,O,16.67,11.92,0.0,4.92,1.0,<Residue ASP het=  resseq=7 icode= >,4lup_A_B,1.2
19,10.1,ASP, ,CB,19.23,10.09,0.0,2.61,1.0,<Residue ASP het=  resseq=7 icode= >,4lup_A_B,1.2
20,5.978,ASP, ,CG,21.28,9.83,0.0,2.95,1.0,<Residue ASP het=  resseq=7 icode= >,4lup_A_B,1.2
21,1.564,ASP, ,OD1,22.45,10.59,0.0,3.63,1.0,<Residue ASP het=  resseq=7 icode= >,4lup_A_B,1.2
22,9.102,ASP, ,OD2,22.27,8.62,0.0,3.33,1.0,<Residue ASP het=  resseq=7 icode= >,4lup_A_B,1.2
23,2.328,GLN, ,N,18.47,11.04,0.0,4.59,1.0,<Residue GLN het=  resseq=8 icode= >,4lup_A_B,1.2
24,2.818,GLN, ,CA,20.44,11.26,0.0,3.22,1.0,<Residue GLN het=  resseq=8 icode= >,4lup_A_B,1.2
25,0.0,GLN, ,C,17.95,12.19,0.0,3.50,1.0,<Residue GLN het=  resseq=8 icode= >,4lup_A_B,1.2
26,0.0,GLN, ,O,17.87,11.85,0.0,4.65,1.0,<Residue GLN het=  resseq=8 icode= >,4lup_A_B,1.2
27,24.418,GLN, ,CB,25.83,10.80,0.0,2.35,1.0,<Residue GLN het=  resseq=8 icode= >,4lup_A_B,1.2
28,23.568,GLN, ,CG,33.34,11.11,0.0,0.78,1.0,<Residue GLN het=  resseq=8 icode= >,4lup_A_B,1.2
29,2.928,GLN, ,CD,39.06,9.81,0.0,0.69,1.0,<Residue GLN het=  resseq=8 icode= >,4lup_A_B,1.2
30,3.404,GLN, ,OE1,41.02,9.38,0.0,1.01,1.0,<Residue GLN het=  resseq=8 icode= >,4lup_A_B,1.2
31,44.206,GLN, ,NE2,41.14,9.37,0.0,0.31,1.0,<Residue GLN het=  resseq=8 icode= >,4lup_A_B,1.2
32,0.0,VAL, ,N,17.91,13.48,0.0,4.14,1.0,<Residue VAL het=  resseq=9 icode= >,4lup_A_B,1.2
33,0.867,VAL, ,CA,18.7,14.51,0.0,2.69,1.0,<Residue VAL het=  resseq=9 icode= >,4lup_A_B,1.2
34,0.0,VAL, ,C,16.38,14.57,0.0,4.24,1.0,<Residue VAL het=  resseq=9 icode= >,4lup_A_B,1.2
35,0.061,VAL, ,O,16.99,14.84,0.0,4.86,1.0,<Residue VAL het=  resseq=9 icode= >,4lup_A_B,1.2
36,0.0,VAL, ,CB,21.38,15.79,0.0,3.11,1.0,<Residue VAL het=  resseq=9 icode= >,4lup_A_B,1.2
37,20.421,VAL, ,CG1,24.65,17.03,0.0,1.53,1.0,<Residue VAL het=  resseq=9 icode= >,4lup_A_B,1.2
38,45.624,VAL, ,CG2,23.49,15.60,0.0,1.61,1.0,<Residue VAL het=  resseq=9 icode= >,4lup_A_B,1.2
39,0.0,LEU, ,N,14.91,15.04,0.0,5.15,1.0,<Residue LEU het=  resseq=10 icode= >,4lup_A_B,1.2
40,0.0,LEU, ,CA,13.99,15.60,0.0,3.97,1.0,<Residue LEU het=  resseq=10 icode= >,4lup_A_B,1.2
41,0.0,LEU, ,C,13.35,15.31,0.0,4.63,1.0,<Residue LEU het=  resseq=10 icode= >,4lup_A_B,1.2
42,0.0,LEU, ,O,14.57,16.26,0.0,5.66,1.0,<Residue LEU het=  resseq=10 icode= >,4lup_A_B,1.2
43,0.0,LEU, ,CB,13.69,15.28,0.0,3.62,1.0,<Residue LEU het=  resseq=10 icode= >,4lup_A_B,1.2
44,0.0,LEU, ,CG,14.97,16.00,0.0,3.71,1.0,<Residue LEU het=  resseq=10 icode= >,4lup_A_B,1.2
45,0.0,LEU, ,CD1,15.21,15.30,0.0,3.04,1.0,<Residue LEU het=  resseq=10 icode= >,4lup_A_B,1.2
46,0.0,LEU, ,CD2,15.85,17.50,0.0,3.18,1.0,<Residue LEU het=  resseq=10 icode= >,4lup_A_B,1.2
47,0.0,VAL, ,N,13.44,12.39,0.0,4.59,1.0,<Residue VAL het=  resseq=11 icode= >,4lup_A_B,1.2
48,0.0,VAL, ,CA,14.05,11.39,0.0,3.74,1.0,<Residue VAL het=  resseq=11 icode= >,4lup_A_B,1.2
49,0.0,VAL, ,C,15.37,11.77,0.0,3.73,1.0,<Residue VAL het=  resseq=11 icode= >,4lup_A_B,1.2
50,0.0,VAL, ,O,14.88,11.96,0.0,5.31,1.0,<Residue VAL het=  resseq=11 icode= >,4lup_A_B,1.2
51,0.0,VAL, ,CB,14.44,9.95,0.0,3.54,1.0,<Residue VAL het=  resseq=11 icode= >,4lup_A_B,1.2
52,1.487,VAL, ,CG1,15.53,8.99,0.0,3.25,1.0,<Residue VAL het=  resseq=11 icode= >,4lup_A_B,1.2
53,0.178,VAL, ,CG2,14.63,9.70,0.0,3.37,1.0,<Residue VAL het=  resseq=11 icode= >,4lup_A_B,1.2
54,0.0,GLU, ,N,17.23,12.10,0.0,4.17,1.0,<Residue GLU het=  resseq=12 icode= >,4lup_A_B,1.2
55,0.618,GLU, ,CA,18.69,12.69,0.0,3.10,1.0,<Residue GLU het=  resseq=12 icode= >,4lup_A_B,1.2
56,0.0,GLU, ,C,18.51,13.96,0.0,3.77,1.0,<Residue GLU het=  resseq=12 icode= >,4lup_A_B,1.2
57,0.289,GLU, ,O,19.09,14.31,0.0,3.77,1.0,<Residue GLU het=  resseq=12 icode= >,4lup_A_B,1.2
58,10.353,GLU, ,CB,23.82,13.16,0.0,2.77,1.0,<Residue GLU het=  resseq=12 icode= >,4lup_A_B,1.2
59,9.836,GLU, ,CG,32.41,12.15,0.0,0.81,1.0,<Residue GLU het=  resseq=12 icode= >,4lup_A_B,1.2
60,3.212,GLU, ,CD,39.9,11.25,0.0,-0.12,1.0,<Residue GLU het=  resseq=12 icode= >,4lup_A_B,1.2
61,40.091,GLU, ,OE1,41.81,11.71,0.0,0.22,1.0,<Residue GLU het=  resseq=12 icode= >,4lup_A_B,1.2
62,8.703,GLU, ,OE2,43.73,10.20,0.0,-0.22,1.0,<Residue GLU het=  resseq=12 icode= >,4lup_A_B,1.2
63,0.0,ARG, ,N,17.1,17.70,0.0,4.21,1.0,<Residue ARG het=  resseq=13 icode= >,4lup_A_B,1.2
64,0.94,ARG, ,CA,17.1,19.01,0.0,3.57,1.0,<Residue ARG het=  resseq=13 icode= >,4lup_A_B,1.2
65,0.0,ARG, ,C,17.28,19.31,0.0,3.18,1.0,<Residue ARG het=  resseq=13 icode= >,4lup_A_B,1.2
66,0.025,ARG, ,O,18.27,20.43,0.0,4.53,1.0,<Residue ARG het=  resseq=13 icode= >,4lup_A_B,1.2
67,0.061,ARG, ,CB,17.76,19.30,0.0,3.11,1.0,<Residue ARG het=  resseq=13 icode= >,4lup_A_B,1.2
68,17.571,ARG, ,CG,20.06,19.61,0.0,2.66,1.0,<Residue ARG het=  resseq=13 icode= >,4lup_A_B,1.2
69,8.987,ARG, ,CD,22.03,19.85,0.0,2.27,1.0,<Residue ARG het=  resseq=13 icode= >,4lup_A_B,1.2
70,3.807,ARG, ,NE,21.52,20.88,0.0,3.47,1.0,<Residue ARG het=  resseq=13 icode= >,4lup_A_B,1.2
71,4.47,ARG, ,CZ,22.73,21.42,0.0,3.71,1.0,<Residue ARG het=  resseq=13 icode= >,4lup_A_B,1.2
72,31.418,ARG, ,NH1,25.01,22.40,0.0,2.90,1.0,<Residue ARG het=  resseq=13 icode= >,4lup_A_B,1.2
73,16.488,ARG, ,NH2,24.32,21.07,0.0,3.11,1.0,<Residue ARG het=  resseq=13 icode= >,4lup_A_B,1.2
74,0.0,VAL, ,N,15.57,16.05,0.0,3.98,1.0,<Residue VAL het=  resseq=14 icode= >,4lup_A_B,1.2
75,0.0,VAL, ,CA,15.8,15.18,0.0,3.04,1.0,<Residue VAL het=  resseq=14 icode= >,4lup_A_B,1.2
76,0.0,VAL, ,C,17.32,14.76,0.0,3.08,1.0,<Residue VAL het=  resseq=14 icode= >,4lup_A_B,1.2
77,8.997,VAL, ,O,19.1,14.86,0.0,3.72,1.0,<Residue VAL het=  resseq=14 icode= >,4lup_A_B,1.2
78,0.0,VAL, ,CB,16.35,14.02,0.0,3.53,1.0,<Residue VAL het=  resseq=14 icode= >,4lup_A_B,1.2
79,6.651,VAL, ,CG1,18.81,13.15,0.0,2.87,1.0,<Residue VAL het=  resseq=14 icode= >,4lup_A_B,1.2
80,0.0,VAL, ,CG2,15.86,14.69,0.0,3.80,1.0,<Residue VAL het=  resseq=14 icode= >,4lup_A_B,1.2
81,0.0,GLN, ,N,18.28,13.70,0.0,3.71,1.0,<Residue GLN het=  resseq=15 icode= >,4lup_A_B,1.2
82,7.429,GLN, ,CA,20.27,13.34,0.0,2.84,1.0,<Residue GLN het=  resseq=15 icode= >,4lup_A_B,1.2
83,0.9,GLN, ,C,23.74,14.59,0.0,2.70,1.0,<Residue GLN het=  resseq=15 icode= >,4lup_A_B,1.2
84,30.453,GLN, ,O,26.95,14.73,0.0,2.47,1.0,<Residue GLN het=  resseq=15 icode= >,4lup_A_B,1.2
85,14.32,GLN, ,CB,19.79,12.20,0.0,3.18,1.0,<Residue GLN het=  resseq=15 icode= >,4lup_A_B,1.2
86,1.088,GLN, ,CG,19.1,10.85,0.0,3.18,1.0,<Residue GLN het=  resseq=15 icode= >,4lup_A_B,1.2
87,4.065,GLN, ,CD,20.08,9.77,0.0,3.01,1.0,<Residue GLN het=  resseq=15 icode= >,4lup_A_B,1.2
88,10.276,GLN, ,OE1,21.82,10.06,0.0,3.20,1.0,<Residue GLN het=  resseq=15 icode= >,4lup_A_B,1.2
89,10.087,GLN, ,NE2,19.48,8.56,0.0,2.92,1.0,<Residue GLN het=  resseq=15 icode= >,4lup_A_B,1.2
90,0.0,LYS, ,N,22.14,16.67,0.0,3.95,1.0,<Residue LYS het=  resseq=16 icode= >,4lup_A_B,1.2
91,6.389,LYS, ,CA,24.17,17.97,0.0,2.64,1.0,<Residue LYS het=  resseq=16 icode= >,4lup_A_B,1.2
92,3.877,LYS, ,C,25.04,18.43,0.0,2.02,1.0,<Residue LYS het=  resseq=16 icode= >,4lup_A_B,1.2
93,28.31,LYS, ,O,28.48,19.61,0.0,1.53,1.0,<Residue LYS het=  resseq=16 icode= >,4lup_A_B,1.2
94,13.489,LYS, ,CB,26.47,19.07,0.0,2.24,1.0,<Residue LYS het=  resseq=16 icode= >,4lup_A_B,1.2
95,20.312,LYS, ,CG,30.1,19.00,0.0,1.26,1.0,<Residue LYS het=  resseq=16 icode= >,4lup_A_B,1.2
96,36.088,LYS, ,CD,34.05,20.27,0.0,1.07,1.0,<Residue LYS het=  resseq=16 icode= >,4lup_A_B,1.2
97,11.914,LYS, ,CE,36.59,20.34,0.0,0.97,1.0,<Residue LYS het=  resseq=16 icode= >,4lup_A_B,1.2
98,46.487,LYS, ,NZ,37.99,21.45,0.0,0.53,1.0,<Residue LYS het=  resseq=16 icode= >,4lup_A_B,1.2
99,1.027,GLY, ,N,25.04,1000.00,0.0,2.92,1.0,<Residue GLY het=  resseq=17 icode= >,4lup_A_B,1.2
100,32.686,GLY, ,CA,24.8,1000.00,0.0,2.06,1.0,<Residue GLY het=  resseq=17 icode= >,4lup_A_B,1.2
101,3.992,GLY, ,C,24.39,1000.00,0.0,2.48,1.0,<Residue GLY het=  resseq=17 icode= >,4lup_A_B,1.2
102,11.528,GLY, ,O,25.06,1000.00,0.0,2.73,1.0,<Residue GLY het=  resseq=17 icode= >,4lup_A_B,1.2
103,0.412,ASP, ,N,22.46,1000.00,0.0,2.99,1.0,<Residue ASP het=  resseq=18 icode= >,4lup_A_B,1.2
104,5.929,ASP, ,CA,21.73,1000.00,0.0,2.95,1.0,<Residue ASP het=  resseq=18 icode= >,4lup_A_B,1.2
105,0.0,ASP, ,C,19.55,1000.00,0.0,2.73,1.0,<Residue ASP het=  resseq=18 icode= >,4lup_A_B,1.2
106,0.0,ASP, ,O,20.33,1000.00,0.0,3.85,1.0,<Residue ASP het=  resseq=18 icode= >,4lup_A_B,1.2
107,12.933,ASP, ,CB,23.38,1000.00,0.0,2.55,1.0,<Residue ASP het=  resseq=18 icode= >,4lup_A_B,1.2
108,7.879,ASP, ,CG,25.91,1000.00,0.0,3.00,1.0,<Residue ASP het=  resseq=18 icode= >,4lup_A_B,1.2
109,8.826,ASP, ,OD1,30.87,1000.00,0.0,1.85,1.0,<Residue ASP het=  resseq=18 icode= >,4lup_A_B,1.2
110,3.659,ASP, ,OD2,25.6,1000.00,0.0,3.41,1.0,<Residue ASP het=  resseq=18 icode= >,4lup_A_B,1.2
111,0.214,GLN, ,N,17.57,1000.00,0.0,3.08,1.0,<Residue GLN het=  resseq=19 icode= >,4lup_A_B,1.2
112,0.335,GLN, ,CA,17.52,1000.00,0.0,3.20,1.0,<Residue GLN het=  resseq=19 icode= >,4lup_A_B,1.2
113,1.266,GLN, ,C,18.04,1000.00,0.0,3.37,1.0,<Residue GLN het=  resseq=19 icode= >,4lup_A_B,1.2
114,5.084,GLN, ,O,18.39,1000.00,0.0,4.43,1.0,<Residue GLN het=  resseq=19 icode= >,4lup_A_B,1.2
115,20.294,GLN, ,CB,18.84,1000.00,9.26,2.55,1.0,<Residue GLN het=  resseq=19 icode= >,4lup_A_B,1.2
116,14.335,GLN, ,CG,20.12,1000.00,9.874,2.66,1.0,<Residue GLN het=  resseq=19 icode= >,4lup_A_B,1.2
117,4.549,GLN, ,CD,19.5,1000.00,4.549,3.43,1.0,<Residue GLN het=  resseq=19 icode= >,4lup_A_B,1.2
118,21.469,GLN, ,OE1,20.5,1000.00,7.503,3.69,1.0,<Residue GLN het=  resseq=19 icode= >,4lup_A_B,1.2
119,54.533,GLN, ,NE2,20.41,1000.00,36.052,2.65,1.0,<Residue GLN het=  resseq=19 icode= >,4lup_A_B,1.2
120,1.201,LYS, ,N,18.72,1000.00,0.0,4.09,1.0,<Residue LYS het=  resseq=20 icode= >,4lup_A_B,1.2
121,5.474,LYS, ,CA,20.0,1000.00,0.0,3.06,1.0,<Residue LYS het=  resseq=20 icode= >,4lup_A_B,1.2
122,0.64,LYS, ,C,17.83,1000.00,0.0,4.06,1.0,<Residue LYS het=  resseq=20 icode= >,4lup_A_B,1.2
123,2.342,LYS, ,O,19.06,1000.00,0.0,4.31,1.0,<Residue LYS het=  resseq=20 icode= >,4lup_A_B,1.2
124,18.149,LYS, ,CB,25.97,1000.00,0.0,2.29,1.0,<Residue LYS het=  resseq=20 icode= >,4lup_A_B,1.2
125,4.675,LYS, ,CG,31.27,1000.00,0.0,0.85,1.0,<Residue LYS het=  resseq=20 icode= >,4lup_A_B,1.2
126,36.216,LYS, ,CD,34.95,1000.00,0.0,0.83,1.0,<Residue LYS het=  resseq=20 icode= >,4lup_A_B,1.2
127,36.705,LYS, ,CE,38.04,1000.00,0.0,0.65,1.0,<Residue LYS het=  resseq=20 icode= >,4lup_A_B,1.2
128,48.526,LYS, ,NZ,40.11,1000.00,0.0,0.41,1.0,<Residue LYS het=  resseq=20 icode= >,4lup_A_B,1.2
129,0.0,ALA, ,N,16.39,1000.00,0.0,4.06,1.0,<Residue ALA het=  resseq=21 icode= >,4lup_A_B,1.2
130,0.422,ALA, ,CA,15.1,1000.00,0.0,3.01,1.0,<Residue ALA het=  resseq=21 icode= >,4lup_A_B,1.2
131,0.0,ALA, ,C,14.49,1000.00,0.0,3.51,1.0,<Residue ALA het=  resseq=21 icode= >,4lup_A_B,1.2
132,0.0,ALA, ,O,15.29,1000.00,0.0,4.88,1.0,<Residue ALA het=  resseq=21 icode= >,4lup_A_B,1.2
133,0.0,ALA, ,CB,16.99,1000.00,0.0,3.39,1.0,<Residue ALA het=  resseq=21 icode= >,4lup_A_B,1.2
134,0.0,PHE, ,N,12.85,1000.00,0.0,5.05,1.0,<Residue PHE het=  resseq=22 icode= >,4lup_A_B,1.2
135,0.0,PHE, ,CA,13.24,1000.00,0.0,3.90,1.0,<Residue PHE het=  resseq=22 icode= >,4lup_A_B,1.2
136,0.0,PHE, ,C,13.54,1000.00,0.0,3.90,1.0,<Residue PHE het=  resseq=22 icode= >,4lup_A_B,1.2
137,0.0,PHE, ,O,12.86,1000.00,0.0,5.88,1.0,<Residue PHE het=  resseq=22 icode= >,4lup_A_B,1.2
138,2.696,PHE, ,CB,13.44,1000.00,0.0,3.61,1.0,<Residue PHE het=  resseq=22 icode= >,4lup_A_B,1.2
139,0.0,PHE, ,CG,13.63,1000.00,0.0,3.89,1.0,<Residue PHE het=  resseq=22 icode= >,4lup_A_B,1.2
140,0.0,PHE, ,CD1,14.76,1000.00,0.0,3.32,1.0,<Residue PHE het=  resseq=22 icode= >,4lup_A_B,1.2
141,8.816,PHE, ,CD2,14.32,1000.00,0.0,3.93,1.0,<Residue PHE het=  resseq=22 icode= >,4lup_A_B,1.2
142,0.0,PHE, ,CE1,15.6,1000.00,0.0,3.38,1.0,<Residue PHE het=  resseq=22 icode= >,4lup_A_B,1.2
143,2.085,PHE, ,CE2,15.41,1000.00,0.0,3.55,1.0,<Residue PHE het=  resseq=22 icode= >,4lup_A_B,1.2
144,0.0,PHE, ,CZ,15.65,1000.00,0.0,3.71,1.0,<Residue PHE het=  resseq=22 icode= >,4lup_A_B,1.2
145,1.243,ASN,x,N,14.94,1000.00,0.0,4.85,0.52,<Residue ASN het=  resseq=23 icode= >,4lup_A_B,1.2
146,2.263,ASN,x,CA,16.7,1000.00,0.0,3.78,0.52,<Residue ASN het=  resseq=23 icode= >,4lup_A_B,1.2
147,0.0,ASN,x,C,14.97,1000.00,0.0,4.42,0.52,<Residue ASN het=  resseq=23 icode= >,4lup_A_B,1.2
148,0.0,ASN,x,O,14.72,1000.00,0.0,5.77,0.52,<Residue ASN het=  resseq=23 icode= >,4lup_A_B,1.2
149,15.194,ASN,x,CB,20.92,1000.00,0.0,2.51,0.52,<Residue ASN het=  resseq=23 icode= >,4lup_A_B,1.2
150,5.385,ASN,x,CG,24.83,1000.00,0.0,1.25,0.52,<Residue ASN het=  resseq=23 icode= >,4lup_A_B,1.2
151,29.096,ASN,x,OD1,26.48,1000.00,0.0,1.05,0.52,<Residue ASN het=  resseq=23 icode= >,4lup_A_B,1.2
152,34.548,ASN,x,ND2,26.97,1000.00,0.0,0.60,0.52,<Residue ASN het=  resseq=23 icode= >,4lup_A_B,1.2
153,0.0,LEU, ,N,14.28,18.39,0.0,5.16,1.0,<Residue LEU het=  resseq=24 icode= >,4lup_A_B,1.2
154,0.122,LEU, ,CA,15.16,17.49,0.0,3.76,1.0,<Residue LEU het=  resseq=24 icode= >,4lup_A_B,1.2
155,0.0,LEU, ,C,13.43,16.04,0.0,4.04,1.0,<Residue LEU het=  resseq=24 icode= >,4lup_A_B,1.2
156,0.414,LEU, ,O,13.42,15.34,0.0,5.80,1.0,<Residue LEU het=  resseq=24 icode= >,4lup_A_B,1.2
157,1.561,LEU, ,CB,18.29,17.73,0.0,3.03,1.0,<Residue LEU het=  resseq=24 icode= >,4lup_A_B,1.2
158,1.877,LEU, ,CG,24.97,19.18,0.0,1.47,1.0,<Residue LEU het=  resseq=24 icode= >,4lup_A_B,1.2
159,17.527,LEU, ,CD1,26.04,19.52,0.0,1.10,1.0,<Residue LEU het=  resseq=24 icode= >,4lup_A_B,1.2
160,46.863,LEU, ,CD2,27.9,19.59,0.0,0.88,1.0,<Residue LEU het=  resseq=24 icode= >,4lup_A_B,1.2
161,0.0,LEU, ,N,11.73,15.68,0.0,5.60,1.0,<Residue LEU het=  resseq=25 icode= >,4lup_A_B,1.2
162,0.0,LEU, ,CA,11.09,14.40,0.0,4.26,1.0,<Residue LEU het=  resseq=25 icode= >,4lup_A_B,1.2
163,0.0,LEU, ,C,10.68,14.39,0.0,4.18,1.0,<Residue LEU het=  resseq=25 icode= >,4lup_A_B,1.2
164,0.0,LEU, ,O,10.83,13.41,0.0,6.10,1.0,<Residue LEU het=  resseq=25 icode= >,4lup_A_B,1.2
165,0.0,LEU, ,CB,10.77,14.32,0.0,4.40,1.0,<Residue LEU het=  resseq=25 icode= >,4lup_A_B,1.2
166,0.0,LEU, ,CG,12.02,14.15,0.0,4.22,1.0,<Residue LEU het=  resseq=25 icode= >,4lup_A_B,1.2
167,0.0,LEU, ,CD1,13.06,13.85,0.0,3.72,1.0,<Residue LEU het=  resseq=25 icode= >,4lup_A_B,1.2
168,0.0,LEU, ,CD2,13.45,12.91,0.0,4.03,1.0,<Residue LEU het=  resseq=25 icode= >,4lup_A_B,1.2
169,0.0,VAL, ,N,11.92,15.48,0.0,4.88,1.0,<Residue VAL het=  resseq=26 icode= >,4lup_A_B,1.2
170,0.0,VAL, ,CA,12.0,15.52,0.0,4.66,1.0,<Residue VAL het=  resseq=26 icode= >,4lup_A_B,1.2
171,0.0,VAL, ,C,12.3,15.74,0.0,4.68,1.0,<Residue VAL het=  resseq=26 icode= >,4lup_A_B,1.2
172,0.0,VAL, ,O,12.75,15.15,0.0,5.84,1.0,<Residue VAL het=  resseq=26 icode= >,4lup_A_B,1.2
173,0.0,VAL, ,CB,12.88,16.71,0.0,3.75,1.0,<Residue VAL het=  resseq=26 icode= >,4lup_A_B,1.2
174,23.096,VAL, ,CG1,14.76,16.99,0.0,3.37,1.0,<Residue VAL het=  resseq=26 icode= >,4lup_A_B,1.2
175,11.162,VAL, ,CG2,13.74,16.58,0.0,4.43,1.0,<Residue VAL het=  resseq=26 icode= >,4lup_A_B,1.2
176,0.0,VAL, ,N,13.3,16.35,0.0,4.77,1.0,<Residue VAL het=  resseq=27 icode= >,4lup_A_B,1.2
177,0.0,VAL, ,CA,14.67,16.44,0.0,3.55,1.0,<Residue VAL het=  resseq=27 icode= >,4lup_A_B,1.2
178,0.0,VAL, ,C,13.56,15.11,0.0,4.00,1.0,<Residue VAL het=  resseq=27 icode= >,4lup_A_B,1.2
179,8.615,VAL, ,O,14.47,14.97,0.0,5.25,1.0,<Residue VAL het=  resseq=27 icode= >,4lup_A_B,1.2
180,0.441,VAL, ,CB,18.36,17.41,0.0,2.70,1.0,<Residue VAL het=  resseq=27 icode= >,4lup_A_B,1.2
181,52.146,VAL, ,CG1,21.16,17.57,0.0,1.89,1.0,<Residue VAL het=  resseq=27 icode= >,4lup_A_B,1.2
182,25.141,VAL, ,CG2,20.72,18.79,0.0,2.19,1.0,<Residue VAL het=  resseq=27 icode= >,4lup_A_B,1.2
183,0.0,ARG, ,N,12.13,14.21,0.0,5.13,1.0,<Residue ARG het=  resseq=28 icode= >,4lup_A_B,1.2
184,6.419,ARG, ,CA,12.13,12.93,0.0,4.22,1.0,<Residue ARG het=  resseq=28 icode= >,4lup_A_B,1.2
185,0.035,ARG, ,C,10.48,12.04,0.0,4.50,1.0,<Residue ARG het=  resseq=28 icode= >,4lup_A_B,1.2
186,20.96,ARG, ,O,11.48,11.38,0.0,6.70,1.0,<Residue ARG het=  resseq=28 icode= >,4lup_A_B,1.2
187,2.862,ARG, ,CB,14.07,12.30,0.0,4.07,1.0,<Residue ARG het=  resseq=28 icode= >,4lup_A_B,1.2
188,19.671,ARG, ,CG,17.82,13.02,0.0,1.88,1.0,<Residue ARG het=  resseq=28 icode= >,4lup_A_B,1.2
189,7.819,ARG, ,CD,19.06,12.65,0.0,2.49,1.0,<Residue ARG het=  resseq=28 icode= >,4lup_A_B,1.2
190,11.056,ARG, ,NE,22.75,13.65,0.0,2.25,1.0,<Residue ARG het=  resseq=28 icode= >,4lup_A_B,1.2
191,4.304,ARG, ,CZ,20.88,13.75,0.0,3.37,1.0,<Residue ARG het=  resseq=28 icode= >,4lup_A_B,1.2
192,6.905,ARG, ,NH1,21.7,12.89,0.0,3.34,1.0,<Residue ARG het=  resseq=28 icode= >,4lup_A_B,1.2
193,23.268,ARG, ,NH2,24.67,14.82,0.0,1.35,1.0,<Residue ARG het=  resseq=28 icode= >,4lup_A_B,1.2
194,0.0,TYR, ,N,10.31,12.20,0.0,6.25,1.0,<Residue TYR het=  resseq=29 icode= >,4lup_A_B,1.2
195,0.0,TYR, ,CA,9.98,11.41,0.0,4.98,1.0,<Residue TYR het=  resseq=29 icode= >,4lup_A_B,1.2
196,0.0,TYR, ,C,9.9,11.81,0.0,4.96,1.0,<Residue TYR het=  resseq=29 icode= >,4lup_A_B,1.2
197,0.0,TYR, ,O,10.12,10.99,0.0,6.76,1.0,<Residue TYR het=  resseq=29 icode= >,4lup_A_B,1.2
198,0.0,TYR, ,CB,10.65,10.59,0.0,4.92,1.0,<Residue TYR het=  resseq=29 icode= >,4lup_A_B,1.2
199,0.0,TYR, ,CG,10.41,9.71,0.0,4.37,1.0,<Residue TYR het=  resseq=29 icode= >,4lup_A_B,1.2
200,0.0,TYR, ,CD1,12.66,8.53,0.0,3.73,1.0,<Residue TYR het=  resseq=29 icode= >,4lup_A_B,1.2
201,0.0,TYR, ,CD2,11.38,10.06,0.0,4.33,1.0,<Residue TYR het=  resseq=29 icode= >,4lup_A_B,1.2
202,10.114,TYR, ,CE1,14.75,7.63,0.0,3.64,1.0,<Residue TYR het=  resseq=29 icode= >,4lup_A_B,1.2
203,0.0,TYR, ,CE2,13.23,9.31,0.0,3.86,1.0,<Residue TYR het=  resseq=29 icode= >,4lup_A_B,1.2
204,1.644,TYR, ,CZ,14.63,8.08,0.0,4.25,1.0,<Residue TYR het=  resseq=29 icode= >,4lup_A_B,1.2
205,18.285,TYR, ,OH,19.61,7.51,0.0,4.28,1.0,<Residue TYR het=  resseq=29 icode= >,4lup_A_B,1.2
206,0.0,GLN, ,N,10.21,13.08,0.0,6.31,1.0,<Residue GLN het=  resseq=30 icode= >,4lup_A_B,1.2
207,0.0,GLN, ,CA,11.01,13.57,0.0,4.02,1.0,<Residue GLN het=  resseq=30 icode= >,4lup_A_B,1.2
208,0.846,GLN, ,C,10.14,13.10,0.0,4.92,1.0,<Residue GLN het=  resseq=30 icode= >,4lup_A_B,1.2
209,1.497,GLN, ,O,10.72,13.07,0.0,6.93,1.0,<Residue GLN het=  resseq=30 icode= >,4lup_A_B,1.2
210,5.251,GLN, ,CB,14.13,15.09,0.0,3.16,1.0,<Residue GLN het=  resseq=30 icode= >,4lup_A_B,1.2
211,3.583,GLN, ,CG,17.67,15.76,0.0,2.84,1.0,<Residue GLN het=  resseq=30 icode= >,4lup_A_B,1.2
212,5.031,GLN, ,CD,23.54,17.25,0.0,1.91,1.0,<Residue GLN het=  resseq=30 icode= >,4lup_A_B,1.2
213,25.535,GLN, ,OE1,26.53,17.81,0.0,2.86,1.0,<Residue GLN het=  resseq=30 icode= >,4lup_A_B,1.2
214,30.527,GLN, ,NE2,25.09,17.98,0.0,2.05,1.0,<Residue GLN het=  resseq=30 icode= >,4lup_A_B,1.2
215,0.064,HIS, ,N,10.11,12.90,0.0,5.88,1.0,<Residue HIS het=  resseq=31 icode= >,4lup_A_B,1.2
216,2.03,HIS, ,CA,10.44,12.65,0.0,4.73,1.0,<Residue HIS het=  resseq=31 icode= >,4lup_A_B,1.2
217,1.308,HIS, ,C,9.92,11.27,0.0,4.56,1.0,<Residue HIS het=  resseq=31 icode= >,4lup_A_B,1.2
218,4.909,HIS, ,O,10.32,11.23,0.0,7.69,1.0,<Residue HIS het=  resseq=31 icode= >,4lup_A_B,1.2
219,26.529,HIS, ,CB,12.27,13.05,0.0,4.20,1.0,<Residue HIS het=  resseq=31 icode= >,4lup_A_B,1.2
220,2.941,HIS, ,CG,15.95,14.52,0.0,3.45,1.0,<Residue HIS het=  resseq=31 icode= >,4lup_A_B,1.2
221,24.617,HIS, ,ND1,23.27,15.46,0.0,2.41,1.0,<Residue HIS het=  resseq=31 icode= >,4lup_A_B,1.2
222,14.569,HIS, ,CD2,16.39,15.30,0.0,3.67,1.0,<Residue HIS het=  resseq=31 icode= >,4lup_A_B,1.2
223,45.416,HIS, ,CE1,23.02,16.65,0.0,2.12,1.0,<Residue HIS het=  resseq=31 icode= >,4lup_A_B,1.2
224,22.979,HIS, ,NE2,21.07,16.59,0.0,2.78,1.0,<Residue HIS het=  resseq=31 icode= >,4lup_A_B,1.2
225,0.446,LYS, ,N,9.49,10.25,0.0,5.99,1.0,<Residue LYS het=  resseq=32 icode= >,4lup_A_B,1.2
226,3.88,LYS, ,CA,9.04,8.88,0.0,5.19,1.0,<Residue LYS het=  resseq=32 icode= >,4lup_A_B,1.2
227,0.0,LYS, ,C,8.81,8.91,0.0,5.14,1.0,<Residue LYS het=  resseq=32 icode= >,4lup_A_B,1.2
228,2.13,LYS, ,O,9.73,8.50,0.0,7.67,1.0,<Residue LYS het=  resseq=32 icode= >,4lup_A_B,1.2
229,1.08,LYS, ,CB,9.41,7.95,0.0,4.67,1.0,<Residue LYS het=  resseq=32 icode= >,4lup_A_B,1.2
230,18.474,LYS, ,CG,10.09,7.84,0.0,4.99,1.0,<Residue LYS het=  resseq=32 icode= >,4lup_A_B,1.2
231,0.794,LYS, ,CD,11.21,7.11,0.0,4.57,1.0,<Residue LYS het=  resseq=32 icode= >,4lup_A_B,1.2
232,44.947,LYS, ,CE,11.7,7.13,0.0,4.00,1.0,<Residue LYS het=  resseq=32 icode= >,4lup_A_B,1.2
233,44.482,LYS, ,NZ,11.45,6.58,0.0,5.28,1.0,<Residue LYS het=  resseq=32 icode= >,4lup_A_B,1.2
234,0.0,VAL, ,N,8.98,9.67,0.0,6.39,1.0,<Residue VAL het=  resseq=33 icode= >,4lup_A_B,1.2
235,0.0,VAL, ,CA,8.66,10.03,0.0,4.93,1.0,<Residue VAL het=  resseq=33 icode= >,4lup_A_B,1.2
236,0.0,VAL, ,C,9.02,10.92,0.0,5.27,1.0,<Residue VAL het=  resseq=33 icode= >,4lup_A_B,1.2
237,0.0,VAL, ,O,9.39,10.94,0.0,8.42,1.0,<Residue VAL het=  resseq=33 icode= >,4lup_A_B,1.2
238,0.0,VAL, ,CB,9.27,10.59,0.0,5.45,1.0,<Residue VAL het=  resseq=33 icode= >,4lup_A_B,1.2
239,0.0,VAL, ,CG1,9.25,10.98,0.0,5.08,1.0,<Residue VAL het=  resseq=33 icode= >,4lup_A_B,1.2
240,0.0,VAL, ,CG2,10.2,9.55,0.0,4.35,1.0,<Residue VAL het=  resseq=33 icode= >,4lup_A_B,1.2
241,0.0,ALA, ,N,8.67,11.81,0.0,6.67,1.0,<Residue ALA het=  resseq=34 icode= >,4lup_A_B,1.2
242,0.0,ALA, ,CA,9.5,12.76,0.0,4.70,1.0,<Residue ALA het=  resseq=34 icode= >,4lup_A_B,1.2
243,1.25,ALA, ,C,9.63,12.18,0.0,5.27,1.0,<Residue ALA het=  resseq=34 icode= >,4lup_A_B,1.2
244,0.21,ALA, ,O,10.2,12.70,0.0,7.34,1.0,<Residue ALA het=  resseq=34 icode= >,4lup_A_B,1.2
245,31.819,ALA, ,CB,11.01,13.82,0.0,4.30,1.0,<Residue ALA het=  resseq=34 icode= >,4lup_A_B,1.2
246,0.678,SER, ,N,10.09,11.27,0.0,5.67,1.0,<Residue SER het=  resseq=35 icode= >,4lup_A_B,1.2
247,6.547,SER,x,CA,10.28,10.64,0.0,4.35,0.8,<Residue SER het=  resseq=35 icode= >,4lup_A_B,1.2
248,0.0,SER, ,C,10.12,10.02,0.0,4.57,1.0,<Residue SER het=  resseq=35 icode= >,4lup_A_B,1.2
249,0.91,SER, ,O,10.78,10.32,0.0,6.53,1.0,<Residue SER het=  resseq=35 icode= >,4lup_A_B,1.2
250,25.635,SER,x,CB,11.57,9.75,0.0,3.96,0.8,<Residue SER het=  resseq=35 icode= >,4lup_A_B,1.2
251,25.912,SER,x,OG,13.64,9.16,0.0,3.88,0.8,<Residue SER het=  resseq=35 icode= >,4lup_A_B,1.2
252,0.619,LEU, ,N,9.54,9.37,0.0,5.93,1.0,<Residue LEU het=  resseq=36 icode= >,4lup_A_B,1.2
253,0.0,LEU, ,CA,9.68,8.97,0.0,4.41,1.0,<Residue LEU het=  resseq=36 icode= >,4lup_A_B,1.2
254,0.0,LEU, ,C,9.43,10.28,0.0,5.00,1.0,<Residue LEU het=  resseq=36 icode= >,4lup_A_B,1.2
255,0.0,LEU, ,O,10.08,10.54,0.0,7.46,1.0,<Residue LEU het=  resseq=36 icode= >,4lup_A_B,1.2
256,1.762,LEU, ,CB,11.55,8.12,0.0,3.86,1.0,<Residue LEU het=  resseq=36 icode= >,4lup_A_B,1.2
257,0.0,LEU, ,CG,11.41,7.83,0.0,4.22,1.0,<Residue LEU het=  resseq=36 icode= >,4lup_A_B,1.2
258,0.656,LEU, ,CD1,13.34,7.09,0.0,3.73,1.0,<Residue LEU het=  resseq=36 icode= >,4lup_A_B,1.2
259,0.0,LEU, ,CD2,12.93,6.94,0.0,3.38,1.0,<Residue LEU het=  resseq=36 icode= >,4lup_A_B,1.2
260,0.0,VAL, ,N,8.88,11.14,0.0,6.22,1.0,<Residue VAL het=  resseq=37 icode= >,4lup_A_B,1.2
261,0.235,VAL, ,CA,9.22,12.44,0.0,4.72,1.0,<Residue VAL het=  resseq=37 icode= >,4lup_A_B,1.2
262,0.0,VAL, ,C,9.23,13.31,0.0,5.02,1.0,<Residue VAL het=  resseq=37 icode= >,4lup_A_B,1.2
263,0.0,VAL, ,O,9.37,13.96,0.0,8.11,1.0,<Residue VAL het=  resseq=37 icode= >,4lup_A_B,1.2
264,0.0,VAL, ,CB,10.22,13.18,0.0,5.31,1.0,<Residue VAL het=  resseq=37 icode= >,4lup_A_B,1.2
265,0.0,VAL, ,CG1,11.04,14.49,0.0,3.94,1.0,<Residue VAL het=  resseq=37 icode= >,4lup_A_B,1.2
266,0.046,VAL, ,CG2,10.25,12.29,0.0,4.88,1.0,<Residue VAL het=  resseq=37 icode= >,4lup_A_B,1.2
267,0.0,SER, ,N,8.62,13.10,0.0,6.62,1.0,<Residue SER het=  resseq=38 icode= >,4lup_A_B,1.2
268,0.049,SER, ,CA,9.81,13.83,0.0,4.66,1.0,<Residue SER het=  resseq=38 icode= >,4lup_A_B,1.2
269,0.392,SER, ,C,9.22,13.52,0.0,5.20,1.0,<Residue SER het=  resseq=38 icode= >,4lup_A_B,1.2
270,20.385,SER, ,O,10.29,14.37,0.0,6.54,1.0,<Residue SER het=  resseq=38 icode= >,4lup_A_B,1.2
271,22.956,SER, ,CB,11.22,13.84,0.0,4.76,1.0,<Residue SER het=  resseq=38 icode= >,4lup_A_B,1.2
272,17.206,SER, ,OG,14.26,12.75,0.0,4.67,1.0,<Residue SER het=  resseq=38 icode= >,4lup_A_B,1.2
273,0.0,ARG, ,N,9.62,12.44,0.0,6.14,1.0,<Residue ARG het=  resseq=39 icode= >,4lup_A_B,1.2
274,8.756,ARG, ,CA,11.07,12.37,0.0,4.87,1.0,<Residue ARG het=  resseq=39 icode= >,4lup_A_B,1.2
275,1.636,ARG, ,C,10.46,13.42,0.0,4.97,1.0,<Residue ARG het=  resseq=39 icode= >,4lup_A_B,1.2
276,30.118,ARG, ,O,12.35,13.74,0.0,6.62,1.0,<Residue ARG het=  resseq=39 icode= >,4lup_A_B,1.2
277,10.451,ARG, ,CB,11.81,11.00,0.0,4.87,1.0,<Residue ARG het=  resseq=39 icode= >,4lup_A_B,1.2
278,16.721,ARG, ,CG,14.96,9.90,0.0,4.27,1.0,<Residue ARG het=  resseq=39 icode= >,4lup_A_B,1.2
279,14.658,ARG, ,CD,19.4,8.54,0.0,2.44,1.0,<Residue ARG het=  resseq=39 icode= >,4lup_A_B,1.2
280,8.487,ARG, ,NE,24.62,7.50,0.0,1.89,1.0,<Residue ARG het=  resseq=39 icode= >,4lup_A_B,1.2
281,4.64,ARG, ,CZ,29.0,6.18,0.0,1.64,1.0,<Residue ARG het=  resseq=39 icode= >,4lup_A_B,1.2
282,21.082,ARG, ,NH1,29.53,5.85,0.0,1.81,1.0,<Residue ARG het=  resseq=39 icode= >,4lup_A_B,1.2
283,47.249,ARG, ,NH2,32.49,5.44,5.923,1.17,1.0,<Residue ARG het=  resseq=39 icode= >,4lup_A_B,1.2
284,0.0,TYR, ,N,9.63,13.63,0.0,6.02,1.0,<Residue TYR het=  resseq=40 icode= >,4lup_A_B,1.2
285,3.503,TYR, ,CA,10.27,13.99,0.0,5.37,1.0,<Residue TYR het=  resseq=40 icode= >,4lup_A_B,1.2
286,3.972,TYR, ,C,9.92,15.42,0.0,5.08,1.0,<Residue TYR het=  resseq=40 icode= >,4lup_A_B,1.2
287,11.245,TYR, ,O,11.78,16.09,0.0,6.10,1.0,<Residue TYR het=  resseq=40 icode= >,4lup_A_B,1.2
288,0.0,TYR, ,CB,11.49,13.12,0.0,4.33,1.0,<Residue TYR het=  resseq=40 icode= >,4lup_A_B,1.2
289,0.0,TYR, ,CG,13.27,11.72,0.0,4.29,1.0,<Residue TYR het=  resseq=40 icode= >,4lup_A_B,1.2
290,8.749,TYR, ,CD1,15.95,11.54,0.0,3.12,1.0,<Residue TYR het=  resseq=40 icode= >,4lup_A_B,1.2
291,0.072,TYR, ,CD2,13.46,10.70,0.0,3.77,1.0,<Residue TYR het=  resseq=40 icode= >,4lup_A_B,1.2
292,16.627,TYR, ,CE1,17.8,10.36,0.0,3.14,1.0,<Residue TYR het=  resseq=40 icode= >,4lup_A_B,1.2
293,0.0,TYR, ,CE2,15.09,9.42,0.0,3.69,1.0,<Residue TYR het=  resseq=40 icode= >,4lup_A_B,1.2
294,3.857,TYR, ,CZ,18.07,9.23,0.0,2.85,1.0,<Residue TYR het=  resseq=40 icode= >,4lup_A_B,1.2
295,27.473,TYR, ,OH,21.38,8.07,0.0,3.99,1.0,<Residue TYR het=  resseq=40 icode= >,4lup_A_B,1.2
296,0.125,VAL, ,N,9.31,18.85,0.0,6.46,1.0,<Residue VAL het=  resseq=41 icode= >,4lup_A_B,1.2
297,0.526,VAL, ,CA,9.84,19.89,0.0,4.57,1.0,<Residue VAL het=  resseq=41 icode= >,4lup_A_B,1.2
298,3.836,VAL, ,C,10.04,21.16,0.0,4.76,1.0,<Residue VAL het=  resseq=41 icode= >,4lup_A_B,1.2
299,4.651,VAL, ,O,10.5,21.17,0.0,7.57,1.0,<Residue VAL het=  resseq=41 icode= >,4lup_A_B,1.2
300,0.0,VAL, ,CB,10.64,19.53,0.0,4.41,1.0,<Residue VAL het=  resseq=41 icode= >,4lup_A_B,1.2
301,0.0,VAL, ,CG1,12.73,18.23,0.0,3.86,1.0,<Residue VAL het=  resseq=41 icode= >,4lup_A_B,1.2
302,0.0,VAL, ,CG2,10.84,19.55,0.0,4.57,1.0,<Residue VAL het=  resseq=41 icode= >,4lup_A_B,1.2
303,0.567,PRO, ,N,10.25,1000.00,0.0,5.46,1.0,<Residue PRO het=  resseq=42 icode= >,4lup_A_B,1.2
304,11.586,PRO, ,CA,10.99,1000.00,0.0,4.76,1.0,<Residue PRO het=  resseq=42 icode= >,4lup_A_B,1.2
305,0.0,PRO, ,C,10.17,1000.00,0.0,4.77,1.0,<Residue PRO het=  resseq=42 icode= >,4lup_A_B,1.2
306,0.0,PRO, ,O,9.89,1000.00,0.0,7.07,1.0,<Residue PRO het=  resseq=42 icode= >,4lup_A_B,1.2
307,25.606,PRO, ,CB,12.1,1000.00,0.811,4.57,1.0,<Residue PRO het=  resseq=42 icode= >,4lup_A_B,1.2
308,23.631,PRO, ,CG,12.91,1000.00,0.0,3.86,1.0,<Residue PRO het=  resseq=42 icode= >,4lup_A_B,1.2
309,3.794,PRO, ,CD,12.54,1000.00,0.0,4.24,1.0,<Residue PRO het=  resseq=42 icode= >,4lup_A_B,1.2
310,7.15,SER, ,N,10.87,1000.00,0.0,6.31,1.0,<Residue SER het=  resseq=43 icode= >,4lup_A_B,1.2
311,1.313,SER,x,CA,12.46,1000.00,0.0,4.36,0.62,<Residue SER het=  resseq=43 icode= >,4lup_A_B,1.2
312,1.254,SER, ,C,11.36,1000.00,0.0,4.67,1.0,<Residue SER het=  resseq=43 icode= >,4lup_A_B,1.2
313,7.668,SER, ,O,12.09,1000.00,0.0,6.75,1.0,<Residue SER het=  resseq=43 icode= >,4lup_A_B,1.2
314,48.094,SER,x,CB,15.63,1000.00,0.0,3.88,0.62,<Residue SER het=  resseq=43 icode= >,4lup_A_B,1.2
315,31.271,SER,x,OG,19.36,1000.00,0.0,1.95,0.62,<Residue SER het=  resseq=43 icode= >,4lup_A_B,1.2
316,3.684,GLY, ,N,11.28,1000.00,0.0,6.25,1.0,<Residue GLY het=  resseq=44 icode= >,4lup_A_B,1.2
317,40.948,GLY, ,CA,12.98,1000.00,17.569,3.41,1.0,<Residue GLY het=  resseq=44 icode= >,4lup_A_B,1.2
318,1.406,GLY, ,C,11.75,1000.00,1.406,3.90,1.0,<Residue GLY het=  resseq=44 icode= >,4lup_A_B,1.2
319,21.779,GLY, ,O,13.45,1000.00,17.332,5.71,1.0,<Residue GLY het=  resseq=44 icode= >,4lup_A_B,1.2
320,0.0,ASP, ,N,10.86,1000.00,0.0,5.66,1.0,<Residue ASP het=  resseq=45 icode= >,4lup_A_B,1.2
321,0.809,ASP, ,CA,10.81,1000.00,0.426,4.78,1.0,<Residue ASP het=  resseq=45 icode= >,4lup_A_B,1.2
322,0.0,ASP, ,C,10.46,1000.00,0.0,4.07,1.0,<Residue ASP het=  resseq=45 icode= >,4lup_A_B,1.2
323,0.0,ASP, ,O,11.21,1000.00,0.0,6.59,1.0,<Residue ASP het=  resseq=45 icode= >,4lup_A_B,1.2
324,0.352,ASP, ,CB,12.36,1000.00,0.0,4.50,1.0,<Residue ASP het=  resseq=45 icode= >,4lup_A_B,1.2
325,2.128,ASP, ,CG,15.68,1000.00,1.642,3.35,1.0,<Residue ASP het=  resseq=45 icode= >,4lup_A_B,1.2
326,32.73,ASP, ,OD1,15.93,1000.00,20.248,4.81,1.0,<Residue ASP het=  resseq=45 icode= >,4lup_A_B,1.2
327,10.383,ASP, ,OD2,20.67,1000.00,2.535,3.28,1.0,<Residue ASP het=  resseq=45 icode= >,4lup_A_B,1.2
328,0.0,VAL, ,N,9.98,1000.00,0.0,6.22,1.0,<Residue VAL het=  resseq=46 icode= >,4lup_A_B,1.2
329,0.0,VAL, ,CA,9.98,1000.00,0.0,4.50,1.0,<Residue VAL het=  resseq=46 icode= >,4lup_A_B,1.2
330,0.0,VAL, ,C,10.43,1000.00,0.0,4.16,1.0,<Residue VAL het=  resseq=46 icode= >,4lup_A_B,1.2
331,0.0,VAL, ,O,10.08,1000.00,0.0,6.89,1.0,<Residue VAL het=  resseq=46 icode= >,4lup_A_B,1.2
332,3.026,VAL, ,CB,10.96,1000.00,0.0,4.84,1.0,<Residue VAL het=  resseq=46 icode= >,4lup_A_B,1.2
333,9.306,VAL, ,CG1,12.11,1000.00,0.0,4.10,1.0,<Residue VAL het=  resseq=46 icode= >,4lup_A_B,1.2
334,1.924,VAL, ,CG2,11.42,1000.00,0.0,4.05,1.0,<Residue VAL het=  resseq=46 icode= >,4lup_A_B,1.2
335,0.0,PRO, ,N,11.41,1000.00,0.0,4.93,1.0,<Residue PRO het=  resseq=47 icode= >,4lup_A_B,1.2
336,6.125,PRO, ,CA,12.49,1000.00,0.0,4.03,1.0,<Residue PRO het=  resseq=47 icode= >,4lup_A_B,1.2
337,0.206,PRO, ,C,11.78,1000.00,0.0,4.34,1.0,<Residue PRO het=  resseq=47 icode= >,4lup_A_B,1.2
338,3.026,PRO, ,O,12.23,1000.00,0.0,6.27,1.0,<Residue PRO het=  resseq=47 icode= >,4lup_A_B,1.2
339,34.611,PRO, ,CB,14.26,1000.00,0.878,3.31,1.0,<Residue PRO het=  resseq=47 icode= >,4lup_A_B,1.2
340,41.627,PRO, ,CG,14.56,1000.00,5.946,3.38,1.0,<Residue PRO het=  resseq=47 icode= >,4lup_A_B,1.2
341,3.056,PRO, ,CD,13.35,1000.00,0.0,4.06,1.0,<Residue PRO het=  resseq=47 icode= >,4lup_A_B,1.2
342,1.21,ASP, ,N,12.61,1000.00,0.0,5.60,1.0,<Residue ASP het=  resseq=48 icode= >,4lup_A_B,1.2
343,3.102,ASP, ,CA,13.91,1000.00,0.037,4.06,1.0,<Residue ASP het=  resseq=48 icode= >,4lup_A_B,1.2
344,0.091,ASP, ,C,11.66,1000.00,0.091,4.24,1.0,<Residue ASP het=  resseq=48 icode= >,4lup_A_B,1.2
345,0.624,ASP, ,O,12.49,1000.00,0.624,6.18,1.0,<Residue ASP het=  resseq=48 icode= >,4lup_A_B,1.2
346,18.178,ASP, ,CB,19.81,1000.00,10.762,2.98,1.0,<Residue ASP het=  resseq=48 icode= >,4lup_A_B,1.2
347,9.439,ASP, ,CG,26.78,1000.00,9.439,2.70,1.0,<Residue ASP het=  resseq=48 icode= >,4lup_A_B,1.2
348,31.89,ASP, ,OD1,28.84,1000.00,31.277,2.71,1.0,<Residue ASP het=  resseq=48 icode= >,4lup_A_B,1.2
349,28.33,ASP, ,OD2,33.01,1000.00,22.393,1.32,1.0,<Residue ASP het=  resseq=48 icode= >,4lup_A_B,1.2
350,0.0,VAL, ,N,10.71,14.85,0.0,5.74,1.0,<Residue VAL het=  resseq=49 icode= >,4lup_A_B,1.2
351,0.39,VAL, ,CA,10.38,13.69,0.39,4.50,1.0,<Residue VAL het=  resseq=49 icode= >,4lup_A_B,1.2
352,0.0,VAL, ,C,10.03,13.81,0.0,5.09,1.0,<Residue VAL het=  resseq=49 icode= >,4lup_A_B,1.2
353,0.0,VAL, ,O,10.49,12.89,0.0,7.08,1.0,<Residue VAL het=  resseq=49 icode= >,4lup_A_B,1.2
354,0.0,VAL, ,CB,11.1,13.69,0.0,4.42,1.0,<Residue VAL het=  resseq=49 icode= >,4lup_A_B,1.2
355,0.0,VAL, ,CG1,11.34,12.67,0.0,4.10,1.0,<Residue VAL het=  resseq=49 icode= >,4lup_A_B,1.2
356,1.221,VAL, ,CG2,13.09,13.61,1.221,3.58,1.0,<Residue VAL het=  resseq=49 icode= >,4lup_A_B,1.2
357,0.0,VAL, ,N,9.66,15.06,0.0,6.71,1.0,<Residue VAL het=  resseq=50 icode= >,4lup_A_B,1.2
358,0.0,VAL, ,CA,10.22,15.49,0.0,4.59,1.0,<Residue VAL het=  resseq=50 icode= >,4lup_A_B,1.2
359,0.0,VAL, ,C,10.03,15.25,0.0,4.70,1.0,<Residue VAL het=  resseq=50 icode= >,4lup_A_B,1.2
360,0.0,VAL, ,O,10.47,14.88,0.0,6.53,1.0,<Residue VAL het=  resseq=50 icode= >,4lup_A_B,1.2
361,0.538,VAL, ,CB,10.42,17.01,0.0,4.98,1.0,<Residue VAL het=  resseq=50 icode= >,4lup_A_B,1.2
362,14.415,VAL, ,CG1,11.33,17.66,0.0,4.04,1.0,<Residue VAL het=  resseq=50 icode= >,4lup_A_B,1.2
363,0.594,VAL, ,CG2,11.24,17.38,0.0,4.18,1.0,<Residue VAL het=  resseq=50 icode= >,4lup_A_B,1.2
364,0.191,GLN, ,N,11.07,15.63,0.0,5.45,1.0,<Residue GLN het=  resseq=51 icode= >,4lup_A_B,1.2
365,5.022,GLN,x,CA,11.69,15.64,0.308,4.29,0.55,<Residue GLN het=  resseq=51 icode= >,4lup_A_B,1.2
366,0.0,GLN, ,C,11.4,14.27,0.0,4.46,1.0,<Residue GLN het=  resseq=51 icode= >,4lup_A_B,1.2
367,0.137,GLN, ,O,12.38,14.19,0.137,5.45,1.0,<Residue GLN het=  resseq=51 icode= >,4lup_A_B,1.2
368,4.263,GLN,x,CB,14.64,16.36,1.405,3.49,0.55,<Residue GLN het=  resseq=51 icode= >,4lup_A_B,1.2
369,13.507,GLN,x,CG,21.53,16.85,12.945,1.20,0.55,<Residue GLN het=  resseq=51 icode= >,4lup_A_B,1.2
370,10.309,GLN,x,CD,29.16,18.18,6.284,1.04,0.55,<Residue GLN het=  resseq=51 icode= >,4lup_A_B,1.2
371,40.995,GLN,x,OE1,33.28,19.01,26.538,0.64,0.55,<Residue GLN het=  resseq=51 icode= >,4lup_A_B,1.2
372,41.065,GLN,x,NE2,31.86,18.49,13.931,0.95,0.55,<Residue GLN het=  resseq=51 icode= >,4lup_A_B,1.2
373,0.698,GLU, ,N,11.24,10.43,0.698,5.09,1.0,<Residue GLU het=  resseq=52 icode= >,4lup_A_B,1.2
374,1.563,GLU, ,CA,11.7,9.21,1.563,4.23,1.0,<Residue GLU het=  resseq=52 icode= >,4lup_A_B,1.2
375,0.0,GLU, ,C,10.86,7.98,0.0,4.12,1.0,<Residue GLU het=  resseq=52 icode= >,4lup_A_B,1.2
376,0.0,GLU, ,O,11.15,7.11,0.0,6.44,1.0,<Residue GLU het=  resseq=52 icode= >,4lup_A_B,1.2
377,6.742,GLU, ,CB,12.77,9.22,6.742,3.85,1.0,<Residue GLU het=  resseq=52 icode= >,4lup_A_B,1.2
378,12.43,GLU, ,CG,14.5,8.21,5.662,3.07,1.0,<Residue GLU het=  resseq=52 icode= >,4lup_A_B,1.2
379,8.351,GLU, ,CD,17.31,8.51,7.26,2.56,1.0,<Residue GLU het=  resseq=52 icode= >,4lup_A_B,1.2
380,32.916,GLU, ,OE1,21.68,7.91,4.521,2.54,1.0,<Residue GLU het=  resseq=52 icode= >,4lup_A_B,1.2
381,19.333,GLU, ,OE2,17.5,9.04,15.74,3.95,1.0,<Residue GLU het=  resseq=52 icode= >,4lup_A_B,1.2
382,0.0,ALA, ,N,10.3,8.11,0.0,5.51,1.0,<Residue ALA het=  resseq=53 icode= >,4lup_A_B,1.2
383,0.0,ALA, ,CA,10.27,7.27,0.0,4.80,1.0,<Residue ALA het=  resseq=53 icode= >,4lup_A_B,1.2
384,0.0,ALA, ,C,9.47,7.34,0.0,4.89,1.0,<Residue ALA het=  resseq=53 icode= >,4lup_A_B,1.2
385,0.0,ALA, ,O,9.77,6.47,0.0,6.68,1.0,<Residue ALA het=  resseq=53 icode= >,4lup_A_B,1.2
386,0.0,ALA, ,CB,11.01,8.01,0.0,4.33,1.0,<Residue ALA het=  resseq=53 icode= >,4lup_A_B,1.2
387,0.0,PHE, ,N,9.64,8.59,0.0,5.91,1.0,<Residue PHE het=  resseq=54 icode= >,4lup_A_B,1.2
388,0.0,PHE, ,CA,10.12,9.06,0.0,4.75,1.0,<Residue PHE het=  resseq=54 icode= >,4lup_A_B,1.2
389,0.808,PHE, ,C,10.95,8.69,0.0,4.61,1.0,<Residue PHE het=  resseq=54 icode= >,4lup_A_B,1.2
390,0.001,PHE, ,O,11.16,8.66,0.0,6.14,1.0,<Residue PHE het=  resseq=54 icode= >,4lup_A_B,1.2
391,9.051,PHE, ,CB,10.39,10.59,1.579,4.49,1.0,<Residue PHE het=  resseq=54 icode= >,4lup_A_B,1.2
392,0.0,PHE, ,CG,10.3,11.25,0.0,4.70,1.0,<Residue PHE het=  resseq=54 icode= >,4lup_A_B,1.2
393,0.0,PHE, ,CD1,11.25,11.36,0.0,4.22,1.0,<Residue PHE het=  resseq=54 icode= >,4lup_A_B,1.2
394,2.741,PHE, ,CD2,12.7,11.98,0.0,3.51,1.0,<Residue PHE het=  resseq=54 icode= >,4lup_A_B,1.2
395,0.0,PHE, ,CE1,11.74,12.19,0.0,4.16,1.0,<Residue PHE het=  resseq=54 icode= >,4lup_A_B,1.2
396,0.0,PHE, ,CE2,13.4,12.77,0.0,3.31,1.0,<Residue PHE het=  resseq=54 icode= >,4lup_A_B,1.2
397,0.0,PHE, ,CZ,12.07,12.69,0.0,3.90,1.0,<Residue PHE het=  resseq=54 icode= >,4lup_A_B,1.2
398,0.07,ILE, ,N,10.94,8.73,0.0,5.71,1.0,<Residue ILE het=  resseq=55 icode= >,4lup_A_B,1.2
399,2.525,ILE, ,CA,12.51,8.68,0.546,4.04,1.0,<Residue ILE het=  resseq=55 icode= >,4lup_A_B,1.2
400,0.0,ILE, ,C,11.83,7.37,0.0,4.65,1.0,<Residue ILE het=  resseq=55 icode= >,4lup_A_B,1.2
401,0.0,ILE, ,O,12.69,7.51,0.0,5.88,1.0,<Residue ILE het=  resseq=55 icode= >,4lup_A_B,1.2
402,0.528,ILE, ,CB,17.82,9.24,0.0,3.47,1.0,<Residue ILE het=  resseq=55 icode= >,4lup_A_B,1.2
403,18.456,ILE, ,CG1,20.5,10.68,16.54,2.08,1.0,<Residue ILE het=  resseq=55 icode= >,4lup_A_B,1.2
404,18.121,ILE, ,CG2,22.83,9.39,7.306,1.50,1.0,<Residue ILE het=  resseq=55 icode= >,4lup_A_B,1.2
405,43.302,ILE, ,CD1,23.31,11.40,40.975,1.18,1.0,<Residue ILE het=  resseq=55 icode= >,4lup_A_B,1.2
406,0.0,LYS, ,N,11.56,6.27,0.0,5.15,1.0,<Residue LYS het=  resseq=56 icode= >,4lup_A_B,1.2
407,3.987,LYS, ,CA,12.6,4.96,0.0,3.30,1.0,<Residue LYS het=  resseq=56 icode= >,4lup_A_B,1.2
408,0.354,LYS, ,C,11.8,4.88,0.354,4.17,1.0,<Residue LYS het=  resseq=56 icode= >,4lup_A_B,1.2
409,1.318,LYS, ,O,13.23,4.79,0.2,5.87,1.0,<Residue LYS het=  resseq=56 icode= >,4lup_A_B,1.2
410,5.149,LYS, ,CB,13.67,3.98,3.942,3.70,1.0,<Residue LYS het=  resseq=56 icode= >,4lup_A_B,1.2
411,17.162,LYS, ,CG,16.13,4.56,0.0,2.90,1.0,<Residue LYS het=  resseq=56 icode= >,4lup_A_B,1.2
412,1.101,LYS, ,CD,21.08,4.55,0.0,2.26,1.0,<Residue LYS het=  resseq=56 icode= >,4lup_A_B,1.2
413,13.383,LYS, ,CE,24.72,3.40,12.205,1.66,1.0,<Residue LYS het=  resseq=56 icode= >,4lup_A_B,1.2
414,41.471,LYS, ,NZ,25.99,3.45,17.024,1.94,1.0,<Residue LYS het=  resseq=56 icode= >,4lup_A_B,1.2
415,0.0,ALA, ,N,11.22,5.46,0.0,5.42,1.0,<Residue ALA het=  resseq=57 icode= >,4lup_A_B,1.2
416,0.0,ALA, ,CA,11.7,5.95,0.0,4.45,1.0,<Residue ALA het=  resseq=57 icode= >,4lup_A_B,1.2
417,0.0,ALA, ,C,11.21,6.62,0.0,4.37,1.0,<Residue ALA het=  resseq=57 icode= >,4lup_A_B,1.2
418,0.0,ALA, ,O,12.48,6.39,0.0,5.84,1.0,<Residue ALA het=  resseq=57 icode= >,4lup_A_B,1.2
419,0.0,ALA, ,CB,11.21,6.93,0.0,4.83,1.0,<Residue ALA het=  resseq=57 icode= >,4lup_A_B,1.2
420,0.0,TYR, ,N,11.34,7.72,0.0,5.20,1.0,<Residue TYR het=  resseq=58 icode= >,4lup_A_B,1.2
421,0.0,TYR, ,CA,12.21,8.66,0.0,4.17,1.0,<Residue TYR het=  resseq=58 icode= >,4lup_A_B,1.2
422,0.0,TYR, ,C,13.65,8.22,0.0,3.81,1.0,<Residue TYR het=  resseq=58 icode= >,4lup_A_B,1.2
423,7.079,TYR, ,O,14.85,8.56,0.0,5.19,1.0,<Residue TYR het=  resseq=58 icode= >,4lup_A_B,1.2
424,2.015,TYR, ,CB,12.56,9.91,0.02,4.19,1.0,<Residue TYR het=  resseq=58 icode= >,4lup_A_B,1.2
425,1.075,TYR, ,CG,12.56,11.00,0.0,4.24,1.0,<Residue TYR het=  resseq=58 icode= >,4lup_A_B,1.2
426,0.298,TYR, ,CD1,14.56,11.70,0.0,3.20,1.0,<Residue TYR het=  resseq=58 icode= >,4lup_A_B,1.2
427,9.21,TYR, ,CD2,13.81,11.54,6.55,3.82,1.0,<Residue TYR het=  resseq=58 icode= >,4lup_A_B,1.2
428,2.487,TYR, ,CE1,16.28,12.80,0.0,3.23,1.0,<Residue TYR het=  resseq=58 icode= >,4lup_A_B,1.2
429,30.783,TYR, ,CE2,15.82,12.66,19.642,3.53,1.0,<Residue TYR het=  resseq=58 icode= >,4lup_A_B,1.2
430,8.262,TYR, ,CZ,16.66,13.25,0.576,3.05,1.0,<Residue TYR het=  resseq=58 icode= >,4lup_A_B,1.2
431,14.639,TYR, ,OH,19.79,14.43,5.767,3.84,1.0,<Residue TYR het=  resseq=58 icode= >,4lup_A_B,1.2
432,0.0,ARG, ,N,13.82,7.75,0.0,4.71,1.0,<Residue ARG het=  resseq=59 icode= >,4lup_A_B,1.2
433,6.131,ARG, ,CA,16.03,7.77,0.0,3.55,1.0,<Residue ARG het=  resseq=59 icode= >,4lup_A_B,1.2
434,1.658,ARG, ,C,16.09,6.75,0.0,3.50,1.0,<Residue ARG het=  resseq=59 icode= >,4lup_A_B,1.2
435,21.595,ARG, ,O,19.14,7.17,0.0,3.54,1.0,<Residue ARG het=  resseq=59 icode= >,4lup_A_B,1.2
436,17.455,ARG, ,CB,17.9,8.05,0.0,3.21,1.0,<Residue ARG het=  resseq=59 icode= >,4lup_A_B,1.2
437,5.808,ARG, ,CG,19.83,9.22,0.119,2.32,1.0,<Residue ARG het=  resseq=59 icode= >,4lup_A_B,1.2
438,18.812,ARG, ,CD,22.06,9.59,0.0,1.70,1.0,<Residue ARG het=  resseq=59 icode= >,4lup_A_B,1.2
439,7.151,ARG, ,NE,23.95,10.87,5.384,2.75,1.0,<Residue ARG het=  resseq=59 icode= >,4lup_A_B,1.2
440,4.611,ARG, ,CZ,26.07,11.65,0.413,1.90,1.0,<Residue ARG het=  resseq=59 icode= >,4lup_A_B,1.2
441,48.224,ARG, ,NH1,27.5,11.38,21.011,1.27,1.0,<Residue ARG het=  resseq=59 icode= >,4lup_A_B,1.2
442,56.405,ARG, ,NH2,26.64,12.84,53.751,1.68,1.0,<Residue ARG het=  resseq=59 icode= >,4lup_A_B,1.2
443,0.0,ALA, ,N,15.4,5.66,0.0,4.40,1.0,<Residue ALA het=  resseq=60 icode= >,4lup_A_B,1.2
444,3.582,ALA, ,CA,15.18,4.86,0.0,3.70,1.0,<Residue ALA het=  resseq=60 icode= >,4lup_A_B,1.2
445,0.0,ALA, ,C,14.57,5.46,0.0,4.57,1.0,<Residue ALA het=  resseq=60 icode= >,4lup_A_B,1.2
446,0.0,ALA, ,O,14.64,5.28,0.0,5.21,1.0,<Residue ALA het=  resseq=60 icode= >,4lup_A_B,1.2
447,32.836,ALA, ,CB,16.73,3.36,17.978,3.06,1.0,<Residue ALA het=  resseq=60 icode= >,4lup_A_B,1.2
448,0.0,LEU, ,N,14.42,6.54,0.0,4.85,1.0,<Residue LEU het=  resseq=61 icode= >,4lup_A_B,1.2
449,0.0,LEU, ,CA,14.95,7.39,0.0,3.45,1.0,<Residue LEU het=  resseq=61 icode= >,4lup_A_B,1.2
450,0.0,LEU, ,C,15.04,8.10,0.0,3.62,1.0,<Residue LEU het=  resseq=61 icode= >,4lup_A_B,1.2
451,0.0,LEU, ,O,16.0,7.62,0.0,5.08,1.0,<Residue LEU het=  resseq=61 icode= >,4lup_A_B,1.2
452,3.729,LEU, ,CB,16.06,8.56,0.0,3.05,1.0,<Residue LEU het=  resseq=61 icode= >,4lup_A_B,1.2
453,0.0,LEU, ,CG,17.74,9.41,0.0,2.94,1.0,<Residue LEU het=  resseq=61 icode= >,4lup_A_B,1.2
454,0.0,LEU, ,CD1,16.28,8.80,0.0,3.52,1.0,<Residue LEU het=  resseq=61 icode= >,4lup_A_B,1.2
455,0.0,LEU, ,CD2,19.56,10.68,0.0,1.63,1.0,<Residue LEU het=  resseq=61 icode= >,4lup_A_B,1.2
456,3.182,ASP, ,N,16.8,8.36,0.0,4.27,1.0,<Residue ASP het=  resseq=62 icode= >,4lup_A_B,1.2
457,2.778,ASP, ,CA,19.34,8.62,0.0,2.91,1.0,<Residue ASP het=  resseq=62 icode= >,4lup_A_B,1.2
458,0.419,ASP, ,C,19.57,7.33,0.0,3.12,1.0,<Residue ASP het=  resseq=62 icode= >,4lup_A_B,1.2
459,28.014,ASP, ,O,22.29,7.41,0.0,3.76,1.0,<Residue ASP het=  resseq=62 icode= >,4lup_A_B,1.2
460,36.432,ASP, ,CB,24.47,9.71,0.0,2.46,1.0,<Residue ASP het=  resseq=62 icode= >,4lup_A_B,1.2
461,8.318,ASP, ,CG,29.66,9.08,0.0,1.41,1.0,<Residue ASP het=  resseq=62 icode= >,4lup_A_B,1.2
462,5.043,ASP, ,OD1,31.96,7.82,0.0,1.40,1.0,<Residue ASP het=  resseq=62 icode= >,4lup_A_B,1.2
463,41.812,ASP, ,OD2,32.95,9.48,0.0,1.14,1.0,<Residue ASP het=  resseq=62 icode= >,4lup_A_B,1.2
464,0.0,SER, ,N,17.55,6.33,0.0,3.89,1.0,<Residue SER het=  resseq=63 icode= >,4lup_A_B,1.2
465,9.279,SER, ,CA,19.8,5.09,0.0,3.04,1.0,<Residue SER het=  resseq=63 icode= >,4lup_A_B,1.2
466,1.731,SER, ,C,15.7,3.98,0.134,3.79,1.0,<Residue SER het=  resseq=63 icode= >,4lup_A_B,1.2
467,13.705,SER, ,O,16.58,2.95,9.232,4.67,1.0,<Residue SER het=  resseq=63 icode= >,4lup_A_B,1.2
468,39.751,SER, ,CB,24.29,4.98,2.179,2.10,1.0,<Residue SER het=  resseq=63 icode= >,4lup_A_B,1.2
469,10.284,SER, ,OG,27.45,4.81,4.62,1.99,1.0,<Residue SER het=  resseq=63 icode= >,4lup_A_B,1.2
470,0.0,PHE, ,N,14.7,4.56,0.0,4.35,1.0,<Residue PHE het=  resseq=64 icode= >,4lup_A_B,1.2
471,1.007,PHE, ,CA,14.03,3.82,1.007,3.77,1.0,<Residue PHE het=  resseq=64 icode= >,4lup_A_B,1.2
472,0.244,PHE, ,C,15.02,3.87,0.0,3.78,1.0,<Residue PHE het=  resseq=64 icode= >,4lup_A_B,1.2
473,8.826,PHE, ,O,16.82,5.05,0.0,5.12,1.0,<Residue PHE het=  resseq=64 icode= >,4lup_A_B,1.2
474,0.0,PHE, ,CB,13.49,4.76,0.0,4.14,1.0,<Residue PHE het=  resseq=64 icode= >,4lup_A_B,1.2
475,0.0,PHE, ,CG,12.39,4.36,0.0,4.09,1.0,<Residue PHE het=  resseq=64 icode= >,4lup_A_B,1.2
476,2.035,PHE, ,CD1,11.83,3.33,2.035,4.22,1.0,<Residue PHE het=  resseq=64 icode= >,4lup_A_B,1.2
477,1.198,PHE, ,CD2,13.98,5.12,0.0,2.99,1.0,<Residue PHE het=  resseq=64 icode= >,4lup_A_B,1.2
478,1.977,PHE, ,CE1,12.8,3.26,1.977,4.80,1.0,<Residue PHE het=  resseq=64 icode= >,4lup_A_B,1.2
479,4.379,PHE, ,CE2,15.6,5.08,0.0,3.54,1.0,<Residue PHE het=  resseq=64 icode= >,4lup_A_B,1.2
480,0.322,PHE, ,CZ,14.32,4.24,0.0,3.83,1.0,<Residue PHE het=  resseq=64 icode= >,4lup_A_B,1.2
481,3.312,ARG, ,N,15.67,2.96,3.312,3.96,1.0,<Residue ARG het=  resseq=65 icode= >,4lup_A_B,1.2
482,7.441,ARG, ,CA,18.28,3.75,0.0,3.37,1.0,<Residue ARG het=  resseq=65 icode= >,4lup_A_B,1.2
483,2.623,ARG, ,C,19.36,3.75,0.0,3.78,1.0,<Residue ARG het=  resseq=65 icode= >,4lup_A_B,1.2
484,25.697,ARG, ,O,22.89,4.77,0.0,3.54,1.0,<Residue ARG het=  resseq=65 icode= >,4lup_A_B,1.2
485,6.084,ARG, ,CB,22.0,3.58,0.886,2.97,1.0,<Residue ARG het=  resseq=65 icode= >,4lup_A_B,1.2
486,16.429,ARG, ,CG,25.06,3.70,0.199,2.16,1.0,<Residue ARG het=  resseq=65 icode= >,4lup_A_B,1.2
487,35.761,ARG, ,CD,27.11,4.46,0.0,1.43,1.0,<Residue ARG het=  resseq=65 icode= >,4lup_A_B,1.2
488,3.17,ARG, ,NE,29.15,4.05,0.0,1.77,1.0,<Residue ARG het=  resseq=65 icode= >,4lup_A_B,1.2
489,6.168,ARG, ,CZ,30.29,3.63,1.725,1.64,1.0,<Residue ARG het=  resseq=65 icode= >,4lup_A_B,1.2
490,44.99,ARG, ,NH1,33.26,3.18,23.472,1.25,1.0,<Residue ARG het=  resseq=65 icode= >,4lup_A_B,1.2
491,42.568,ARG, ,NH2,29.03,3.89,16.539,1.96,1.0,<Residue ARG het=  resseq=65 icode= >,4lup_A_B,1.2
492,0.107,GLY, ,N,18.05,3.13,0.002,4.31,1.0,<Residue GLY het=  resseq=66 icode= >,4lup_A_B,1.2
493,9.989,GLY, ,CA,19.02,3.86,0.0,3.05,1.0,<Residue GLY het=  resseq=66 icode= >,4lup_A_B,1.2
494,0.289,GLY, ,C,20.6,3.84,0.0,2.84,1.0,<Residue GLY het=  resseq=66 icode= >,4lup_A_B,1.2
495,28.657,GLY, ,O,23.19,5.01,0.0,3.45,1.0,<Residue GLY het=  resseq=66 icode= >,4lup_A_B,1.2
496,0.953,ASP, ,N,18.89,2.93,0.953,4.08,1.0,<Residue ASP het=  resseq=67 icode= >,4lup_A_B,1.2
497,5.899,ASP, ,CA,19.55,3.70,0.0,3.43,1.0,<Residue ASP het=  resseq=67 icode= >,4lup_A_B,1.2
498,3.535,ASP, ,C,17.92,3.99,0.414,3.69,1.0,<Residue ASP het=  resseq=67 icode= >,4lup_A_B,1.2
499,28.687,ASP, ,O,19.68,4.07,13.774,4.39,1.0,<Residue ASP het=  resseq=67 icode= >,4lup_A_B,1.2
500,20.237,ASP, ,CB,22.27,3.61,10.149,2.34,1.0,<Residue ASP het=  resseq=67 icode= >,4lup_A_B,1.2
501,8.366,ASP, ,CG,27.01,4.29,0.0,2.51,1.0,<Residue ASP het=  resseq=67 icode= >,4lup_A_B,1.2
502,26.622,ASP, ,OD1,29.67,4.99,0.0,2.17,1.0,<Residue ASP het=  resseq=67 icode= >,4lup_A_B,1.2
503,11.43,ASP, ,OD2,29.28,4.60,0.0,2.32,1.0,<Residue ASP het=  resseq=67 icode= >,4lup_A_B,1.2
504,0.56,SER, ,N,15.7,3.93,0.56,4.03,1.0,<Residue SER het=  resseq=68 icode= >,4lup_A_B,1.2
505,10.802,SER, ,CA,13.97,3.57,5.901,3.62,1.0,<Residue SER het=  resseq=68 icode= >,4lup_A_B,1.2
506,4.68,SER, ,C,14.23,3.66,0.0,4.38,1.0,<Residue SER het=  resseq=68 icode= >,4lup_A_B,1.2
507,5.253,SER, ,O,15.31,4.86,0.0,5.06,1.0,<Residue SER het=  resseq=68 icode= >,4lup_A_B,1.2
508,20.209,SER, ,CB,12.69,3.33,20.209,3.80,1.0,<Residue SER het=  resseq=68 icode= >,4lup_A_B,1.2
509,4.39,SER, ,OG,12.65,3.21,4.39,6.31,1.0,<Residue SER het=  resseq=68 icode= >,4lup_A_B,1.2
510,8.825,ALA, ,N,15.37,2.81,6.34,4.38,1.0,<Residue ALA het=  resseq=69 icode= >,4lup_A_B,1.2
511,11.481,ALA, ,CA,15.21,3.68,0.0,3.72,1.0,<Residue ALA het=  resseq=69 icode= >,4lup_A_B,1.2
512,0.0,ALA, ,C,13.23,4.49,0.0,4.01,1.0,<Residue ALA het=  resseq=69 icode= >,4lup_A_B,1.2
513,0.0,ALA, ,O,12.48,4.30,0.0,5.83,1.0,<Residue ALA het=  resseq=69 icode= >,4lup_A_B,1.2
514,46.998,ALA, ,CB,16.36,3.45,10.437,3.79,1.0,<Residue ALA het=  resseq=69 icode= >,4lup_A_B,1.2
515,5.158,PHE, ,N,13.44,5.76,0.0,5.00,1.0,<Residue PHE het=  resseq=70 icode= >,4lup_A_B,1.2
516,0.0,PHE, ,CA,12.18,6.80,0.0,4.48,1.0,<Residue PHE het=  resseq=70 icode= >,4lup_A_B,1.2
517,0.0,PHE, ,C,10.48,6.71,0.0,4.39,1.0,<Residue PHE het=  resseq=70 icode= >,4lup_A_B,1.2
518,0.0,PHE, ,O,10.09,6.92,0.0,6.47,1.0,<Residue PHE het=  resseq=70 icode= >,4lup_A_B,1.2
519,1.543,PHE, ,CB,13.66,8.12,0.0,3.63,1.0,<Residue PHE het=  resseq=70 icode= >,4lup_A_B,1.2
520,0.0,PHE, ,CG,12.11,9.21,0.0,4.06,1.0,<Residue PHE het=  resseq=70 icode= >,4lup_A_B,1.2
521,0.0,PHE, ,CD1,12.57,8.74,0.0,3.82,1.0,<Residue PHE het=  resseq=70 icode= >,4lup_A_B,1.2
522,0.0,PHE, ,CD2,12.58,9.80,0.0,4.42,1.0,<Residue PHE het=  resseq=70 icode= >,4lup_A_B,1.2
523,0.0,PHE, ,CE1,13.42,9.62,0.0,3.96,1.0,<Residue PHE het=  resseq=70 icode= >,4lup_A_B,1.2
524,0.0,PHE, ,CE2,13.32,10.54,0.0,4.10,1.0,<Residue PHE het=  resseq=70 icode= >,4lup_A_B,1.2
525,0.0,PHE, ,CZ,13.93,10.66,0.0,3.85,1.0,<Residue PHE het=  resseq=70 icode= >,4lup_A_B,1.2
526,0.039,TYR, ,N,11.2,6.46,0.0,5.81,1.0,<Residue TYR het=  resseq=71 icode= >,4lup_A_B,1.2
527,0.0,TYR, ,CA,10.49,5.95,0.0,4.20,1.0,<Residue TYR het=  resseq=71 icode= >,4lup_A_B,1.2
528,0.0,TYR, ,C,9.78,4.65,0.0,4.32,1.0,<Residue TYR het=  resseq=71 icode= >,4lup_A_B,1.2
529,0.0,TYR, ,O,9.57,4.26,0.0,7.16,1.0,<Residue TYR het=  resseq=71 icode= >,4lup_A_B,1.2
530,9.325,TYR, ,CB,12.2,5.80,0.089,4.06,1.0,<Residue TYR het=  resseq=71 icode= >,4lup_A_B,1.2
531,0.0,TYR, ,CG,11.99,5.35,0.0,4.43,1.0,<Residue TYR het=  resseq=71 icode= >,4lup_A_B,1.2
532,0.0,TYR, ,CD1,13.58,6.17,0.0,3.66,1.0,<Residue TYR het=  resseq=71 icode= >,4lup_A_B,1.2
533,19.417,TYR, ,CD2,11.3,4.25,13.939,3.88,1.0,<Residue TYR het=  resseq=71 icode= >,4lup_A_B,1.2
534,0.0,TYR, ,CE1,14.19,6.10,0.0,3.81,1.0,<Residue TYR het=  resseq=71 icode= >,4lup_A_B,1.2
535,15.519,TYR, ,CE2,11.73,4.14,11.61,4.67,1.0,<Residue TYR het=  resseq=71 icode= >,4lup_A_B,1.2
536,0.0,TYR, ,CZ,11.86,5.18,0.0,4.26,1.0,<Residue TYR het=  resseq=71 icode= >,4lup_A_B,1.2
537,6.309,TYR, ,OH,13.48,5.36,0.165,5.54,1.0,<Residue TYR het=  resseq=71 icode= >,4lup_A_B,1.2
538,0.206,THR, ,N,10.21,4.35,0.0,5.92,1.0,<Residue THR het=  resseq=72 icode= >,4lup_A_B,1.2
539,4.431,THR, ,CA,9.86,3.51,4.431,5.11,1.0,<Residue THR het=  resseq=72 icode= >,4lup_A_B,1.2
540,0.0,THR, ,C,9.28,3.82,0.0,4.86,1.0,<Residue THR het=  resseq=72 icode= >,4lup_A_B,1.2
541,2.535,THR, ,O,9.53,2.88,2.535,7.59,1.0,<Residue THR het=  resseq=72 icode= >,4lup_A_B,1.2
542,0.0,THR, ,CB,10.45,3.35,0.0,4.04,1.0,<Residue THR het=  resseq=72 icode= >,4lup_A_B,1.2
543,25.969,THR, ,OG1,11.85,2.74,24.719,6.53,1.0,<Residue THR het=  resseq=72 icode= >,4lup_A_B,1.2
544,46.887,THR, ,CG2,10.71,3.49,46.87,4.40,1.0,<Residue THR het=  resseq=72 icode= >,4lup_A_B,1.2
545,0.0,TRP, ,N,8.94,4.60,0.0,6.46,1.0,<Residue TRP het=  resseq=73 icode= >,4lup_A_B,1.2
546,4.611,TRP, ,CA,8.92,4.18,4.611,5.21,1.0,<Residue TRP het=  resseq=73 icode= >,4lup_A_B,1.2
547,0.0,TRP, ,C,8.49,5.31,0.0,5.50,1.0,<Residue TRP het=  resseq=73 icode= >,4lup_A_B,1.2
548,0.306,TRP, ,O,8.98,4.50,0.306,8.15,1.0,<Residue TRP het=  resseq=73 icode= >,4lup_A_B,1.2
549,0.197,TRP, ,CB,10.21,3.87,0.197,4.61,1.0,<Residue TRP het=  resseq=73 icode= >,4lup_A_B,1.2
550,0.0,TRP, ,CG,9.78,4.04,0.0,5.19,1.0,<Residue TRP het=  resseq=73 icode= >,4lup_A_B,1.2
551,25.73,TRP, ,CD1,10.53,3.46,25.73,4.78,1.0,<Residue TRP het=  resseq=73 icode= >,4lup_A_B,1.2
552,0.0,TRP, ,CD2,10.61,5.24,0.0,4.44,1.0,<Residue TRP het=  resseq=73 icode= >,4lup_A_B,1.2
553,21.738,TRP, ,NE1,10.75,3.85,20.421,6.21,1.0,<Residue TRP het=  resseq=73 icode= >,4lup_A_B,1.2
554,0.0,TRP, ,CE2,9.84,4.77,0.0,5.22,1.0,<Residue TRP het=  resseq=73 icode= >,4lup_A_B,1.2
555,0.0,TRP, ,CE3,10.57,6.41,0.0,5.01,1.0,<Residue TRP het=  resseq=73 icode= >,4lup_A_B,1.2
556,3.757,TRP, ,CZ2,11.09,4.20,3.634,4.43,1.0,<Residue TRP het=  resseq=73 icode= >,4lup_A_B,1.2
557,0.0,TRP, ,CZ3,11.91,6.00,0.0,4.67,1.0,<Residue TRP het=  resseq=73 icode= >,4lup_A_B,1.2
558,0.0,TRP, ,CH2,11.25,4.88,0.0,4.93,1.0,<Residue TRP het=  resseq=73 icode= >,4lup_A_B,1.2
559,0.0,LEU, ,N,8.44,6.40,0.0,7.27,1.0,<Residue LEU het=  resseq=74 icode= >,4lup_A_B,1.2
560,0.0,LEU, ,CA,8.49,7.06,0.0,5.20,1.0,<Residue LEU het=  resseq=74 icode= >,4lup_A_B,1.2
561,0.0,LEU, ,C,8.28,6.32,0.0,5.36,1.0,<Residue LEU het=  resseq=74 icode= >,4lup_A_B,1.2
562,0.0,LEU, ,O,9.0,6.93,0.0,7.04,1.0,<Residue LEU het=  resseq=74 icode= >,4lup_A_B,1.2
563,0.0,LEU, ,CB,9.55,7.75,0.0,4.84,1.0,<Residue LEU het=  resseq=74 icode= >,4lup_A_B,1.2
564,0.0,LEU, ,CG,9.8,8.59,0.0,5.01,1.0,<Residue LEU het=  resseq=74 icode= >,4lup_A_B,1.2
565,0.0,LEU, ,CD1,12.05,8.74,0.0,3.71,1.0,<Residue LEU het=  resseq=74 icode= >,4lup_A_B,1.2
566,0.0,LEU, ,CD2,10.31,9.11,0.0,4.66,1.0,<Residue LEU het=  resseq=74 icode= >,4lup_A_B,1.2
567,0.0,TYR, ,N,8.29,5.29,0.0,6.78,1.0,<Residue TYR het=  resseq=75 icode= >,4lup_A_B,1.2
568,0.0,TYR, ,CA,8.08,4.86,0.0,5.45,1.0,<Residue TYR het=  resseq=75 icode= >,4lup_A_B,1.2
569,0.0,TYR, ,C,7.98,4.67,0.0,5.18,1.0,<Residue TYR het=  resseq=75 icode= >,4lup_A_B,1.2
570,0.0,TYR, ,O,8.73,5.51,0.0,7.71,1.0,<Residue TYR het=  resseq=75 icode= >,4lup_A_B,1.2
571,2.303,TYR, ,CB,8.85,3.43,2.303,4.88,1.0,<Residue TYR het=  resseq=75 icode= >,4lup_A_B,1.2
572,1.697,TYR, ,CG,9.42,3.36,1.697,4.43,1.0,<Residue TYR het=  resseq=75 icode= >,4lup_A_B,1.2
573,4.85,TYR, ,CD1,9.68,3.27,4.85,4.57,1.0,<Residue TYR het=  resseq=75 icode= >,4lup_A_B,1.2
574,5.159,TYR, ,CD2,10.16,3.45,5.159,3.72,1.0,<Residue TYR het=  resseq=75 icode= >,4lup_A_B,1.2
575,7.191,TYR, ,CE1,10.35,3.49,4.585,4.44,1.0,<Residue TYR het=  resseq=75 icode= >,4lup_A_B,1.2
576,19.709,TYR, ,CE2,11.73,3.53,15.945,3.90,1.0,<Residue TYR het=  resseq=75 icode= >,4lup_A_B,1.2
577,5.078,TYR, ,CZ,11.61,3.53,5.078,3.86,1.0,<Residue TYR het=  resseq=75 icode= >,4lup_A_B,1.2
578,22.955,TYR, ,OH,13.67,3.78,6.969,5.03,1.0,<Residue TYR het=  resseq=75 icode= >,4lup_A_B,1.2
579,0.0,ARG, ,N,8.08,4.00,0.0,7.23,1.0,<Residue ARG het=  resseq=76 icode= >,4lup_A_B,1.2
580,0.0,ARG, ,CA,8.51,4.45,0.0,5.79,1.0,<Residue ARG het=  resseq=76 icode= >,4lup_A_B,1.2
581,0.03,ARG, ,C,8.31,4.11,0.03,5.42,1.0,<Residue ARG het=  resseq=76 icode= >,4lup_A_B,1.2
582,0.0,ARG, ,O,8.78,3.74,0.0,7.02,1.0,<Residue ARG het=  resseq=76 icode= >,4lup_A_B,1.2
583,12.669,ARG, ,CB,8.58,3.78,12.669,4.97,1.0,<Residue ARG het=  resseq=76 icode= >,4lup_A_B,1.2
584,24.414,ARG, ,CG,9.33,3.40,22.868,4.87,1.0,<Residue ARG het=  resseq=76 icode= >,4lup_A_B,1.2
585,10.467,ARG, ,CD,10.05,4.40,0.875,4.61,1.0,<Residue ARG het=  resseq=76 icode= >,4lup_A_B,1.2
586,9.553,ARG, ,NE,10.23,4.20,6.29,5.20,1.0,<Residue ARG het=  resseq=76 icode= >,4lup_A_B,1.2
587,4.531,ARG, ,CZ,11.27,3.96,0.0,3.93,1.0,<Residue ARG het=  resseq=76 icode= >,4lup_A_B,1.2
588,19.175,ARG, ,NH1,13.0,5.10,0.0,4.45,1.0,<Residue ARG het=  resseq=76 icode= >,4lup_A_B,1.2
589,42.857,ARG, ,NH2,12.9,2.94,22.988,5.28,1.0,<Residue ARG het=  resseq=76 icode= >,4lup_A_B,1.2
590,0.219,ILE, ,N,8.19,4.04,0.219,6.71,1.0,<Residue ILE het=  resseq=77 icode= >,4lup_A_B,1.2
591,3.792,ILE, ,CA,8.71,3.64,3.792,5.20,1.0,<Residue ILE het=  resseq=77 icode= >,4lup_A_B,1.2
592,0.0,ILE, ,C,8.44,4.51,0.0,4.99,1.0,<Residue ILE het=  resseq=77 icode= >,4lup_A_B,1.2
593,0.355,ILE, ,O,9.05,4.44,0.355,6.70,1.0,<Residue ILE het=  resseq=77 icode= >,4lup_A_B,1.2
594,0.0,ILE, ,CB,9.47,4.11,0.0,5.20,1.0,<Residue ILE het=  resseq=77 icode= >,4lup_A_B,1.2
595,16.854,ILE, ,CG1,10.3,3.69,16.854,4.23,1.0,<Residue ILE het=  resseq=77 icode= >,4lup_A_B,1.2
596,3.111,ILE, ,CG2,10.17,3.99,3.111,4.00,1.0,<Residue ILE het=  resseq=77 icode= >,4lup_A_B,1.2
597,3.863,ILE, ,CD1,11.61,4.04,3.863,4.77,1.0,<Residue ILE het=  resseq=77 icode= >,4lup_A_B,1.2
598,0.0,ALA, ,N,8.53,5.72,0.0,6.93,1.0,<Residue ALA het=  resseq=78 icode= >,4lup_A_B,1.2
599,0.0,ALA, ,CA,9.44,6.81,0.0,4.61,1.0,<Residue ALA het=  resseq=78 icode= >,4lup_A_B,1.2
600,0.0,ALA, ,C,8.86,6.78,0.0,5.06,1.0,<Residue ALA het=  resseq=78 icode= >,4lup_A_B,1.2
601,0.0,ALA, ,O,9.33,7.30,0.0,7.11,1.0,<Residue ALA het=  resseq=78 icode= >,4lup_A_B,1.2
602,0.0,ALA, ,CB,10.01,8.10,0.0,4.78,1.0,<Residue ALA het=  resseq=78 icode= >,4lup_A_B,1.2
603,0.0,VAL, ,N,8.7,6.55,0.0,7.19,1.0,<Residue VAL het=  resseq=79 icode= >,4lup_A_B,1.2
604,0.324,VAL, ,CA,9.92,6.92,0.0,5.17,1.0,<Residue VAL het=  resseq=79 icode= >,4lup_A_B,1.2
605,0.0,VAL, ,C,9.94,6.23,0.0,4.64,1.0,<Residue VAL het=  resseq=79 icode= >,4lup_A_B,1.2
606,0.0,VAL, ,O,10.16,7.07,0.0,6.88,1.0,<Residue VAL het=  resseq=79 icode= >,4lup_A_B,1.2
607,0.0,VAL, ,CB,10.98,7.10,0.0,4.64,1.0,<Residue VAL het=  resseq=79 icode= >,4lup_A_B,1.2
608,0.263,VAL, ,CG1,11.63,7.68,0.0,4.54,1.0,<Residue VAL het=  resseq=79 icode= >,4lup_A_B,1.2
609,0.846,VAL, ,CG2,11.69,6.46,0.0,4.26,1.0,<Residue VAL het=  resseq=79 icode= >,4lup_A_B,1.2
610,0.0,ASN, ,N,9.77,4.92,0.0,6.31,1.0,<Residue ASN het=  resseq=80 icode= >,4lup_A_B,1.2
611,0.0,ASN, ,CA,9.75,4.59,0.0,5.16,1.0,<Residue ASN het=  resseq=80 icode= >,4lup_A_B,1.2
612,0.08,ASN, ,C,10.01,4.58,0.08,5.19,1.0,<Residue ASN het=  resseq=80 icode= >,4lup_A_B,1.2
613,0.0,ASN, ,O,11.46,4.40,0.0,7.11,1.0,<Residue ASN het=  resseq=80 icode= >,4lup_A_B,1.2
614,16.68,ASN, ,CB,11.14,3.25,15.726,4.71,1.0,<Residue ASN het=  resseq=80 icode= >,4lup_A_B,1.2
615,5.569,ASN, ,CG,11.37,3.49,5.032,4.97,1.0,<Residue ASN het=  resseq=80 icode= >,4lup_A_B,1.2
616,11.21,ASN, ,OD1,13.91,4.24,1.645,5.45,1.0,<Residue ASN het=  resseq=80 icode= >,4lup_A_B,1.2
617,32.799,ASN, ,ND2,11.56,2.79,28.764,5.55,1.0,<Residue ASN het=  resseq=80 icode= >,4lup_A_B,1.2
618,0.23,THR, ,N,9.73,5.12,0.137,5.93,1.0,<Residue THR het=  resseq=81 icode= >,4lup_A_B,1.2
619,0.043,THR, ,CA,9.59,5.62,0.0,4.73,1.0,<Residue THR het=  resseq=81 icode= >,4lup_A_B,1.2
620,0.0,THR, ,C,9.73,6.70,0.0,4.80,1.0,<Residue THR het=  resseq=81 icode= >,4lup_A_B,1.2
621,0.388,THR, ,O,10.74,7.02,0.0,6.65,1.0,<Residue THR het=  resseq=81 icode= >,4lup_A_B,1.2
622,0.0,THR, ,CB,10.66,6.46,0.0,4.51,1.0,<Residue THR het=  resseq=81 icode= >,4lup_A_B,1.2
623,0.047,THR, ,OG1,12.17,5.29,0.047,6.09,1.0,<Residue THR het=  resseq=81 icode= >,4lup_A_B,1.2
624,0.582,THR, ,CG2,11.82,7.28,0.0,4.04,1.0,<Residue THR het=  resseq=81 icode= >,4lup_A_B,1.2
625,0.0,ALA, ,N,9.93,7.52,0.0,5.82,1.0,<Residue ALA het=  resseq=82 icode= >,4lup_A_B,1.2
626,0.0,ALA, ,CA,9.94,8.66,0.0,4.80,1.0,<Residue ALA het=  resseq=82 icode= >,4lup_A_B,1.2
627,0.0,ALA, ,C,10.35,8.44,0.0,4.61,1.0,<Residue ALA het=  resseq=82 icode= >,4lup_A_B,1.2
628,0.0,ALA, ,O,11.31,9.21,0.0,6.21,1.0,<Residue ALA het=  resseq=82 icode= >,4lup_A_B,1.2
629,0.0,ALA, ,CB,10.8,9.65,0.0,5.06,1.0,<Residue ALA het=  resseq=82 icode= >,4lup_A_B,1.2
630,0.0,LYS, ,N,10.83,7.63,0.0,5.58,1.0,<Residue LYS het=  resseq=83 icode= >,4lup_A_B,1.2
631,0.466,LYS, ,CA,11.89,7.69,0.0,4.73,1.0,<Residue LYS het=  resseq=83 icode= >,4lup_A_B,1.2
632,0.26,LYS, ,C,11.8,7.34,0.0,4.26,1.0,<Residue LYS het=  resseq=83 icode= >,4lup_A_B,1.2
633,0.863,LYS, ,O,12.86,8.23,0.0,5.99,1.0,<Residue LYS het=  resseq=83 icode= >,4lup_A_B,1.2
634,13.434,LYS, ,CB,13.38,7.14,0.0,4.09,1.0,<Residue LYS het=  resseq=83 icode= >,4lup_A_B,1.2
635,6.148,LYS, ,CG,14.86,7.90,0.0,3.59,1.0,<Residue LYS het=  resseq=83 icode= >,4lup_A_B,1.2
636,17.34,LYS, ,CD,18.08,7.19,0.0,3.13,1.0,<Residue LYS het=  resseq=83 icode= >,4lup_A_B,1.2
637,17.319,LYS, ,CE,19.77,8.12,0.0,3.39,1.0,<Residue LYS het=  resseq=83 icode= >,4lup_A_B,1.2
638,35.89,LYS, ,NZ,22.54,7.70,0.0,2.78,1.0,<Residue LYS het=  resseq=83 icode= >,4lup_A_B,1.2
639,0.0,ASN, ,N,12.34,6.31,0.0,5.76,1.0,<Residue ASN het=  resseq=84 icode= >,4lup_A_B,1.2
640,1.254,ASN, ,CA,13.66,6.37,0.0,3.63,1.0,<Residue ASN het=  resseq=84 icode= >,4lup_A_B,1.2
641,1.424,ASN, ,C,13.75,7.74,0.0,3.74,1.0,<Residue ASN het=  resseq=84 icode= >,4lup_A_B,1.2
642,3.749,ASN, ,O,14.43,8.39,0.0,5.33,1.0,<Residue ASN het=  resseq=84 icode= >,4lup_A_B,1.2
643,22.458,ASN, ,CB,15.86,5.31,0.0,3.15,1.0,<Residue ASN het=  resseq=84 icode= >,4lup_A_B,1.2
644,5.413,ASN, ,CG,19.38,3.90,2.095,2.55,1.0,<Residue ASN het=  resseq=84 icode= >,4lup_A_B,1.2
645,24.878,ASN, ,OD1,21.21,3.97,9.882,3.01,1.0,<Residue ASN het=  resseq=84 icode= >,4lup_A_B,1.2
646,30.519,ASN, ,ND2,21.61,2.98,24.1,2.63,1.0,<Residue ASN het=  resseq=84 icode= >,4lup_A_B,1.2
647,0.846,TYR, ,N,12.75,8.23,0.0,4.97,1.0,<Residue TYR het=  resseq=85 icode= >,4lup_A_B,1.2
648,6.245,TYR, ,CA,13.0,9.63,0.0,3.86,1.0,<Residue TYR het=  resseq=85 icode= >,4lup_A_B,1.2
649,0.0,TYR, ,C,11.61,10.57,0.0,4.10,1.0,<Residue TYR het=  resseq=85 icode= >,4lup_A_B,1.2
650,0.007,TYR, ,O,12.33,11.54,0.0,5.65,1.0,<Residue TYR het=  resseq=85 icode= >,4lup_A_B,1.2
651,1.159,TYR, ,CB,15.67,10.18,0.46,3.59,1.0,<Residue TYR het=  resseq=85 icode= >,4lup_A_B,1.2
652,0.0,TYR, ,CG,21.88,11.70,0.0,2.86,1.0,<Residue TYR het=  resseq=85 icode= >,4lup_A_B,1.2
653,0.0,TYR, ,CD1,24.49,12.51,0.0,1.85,1.0,<Residue TYR het=  resseq=85 icode= >,4lup_A_B,1.2
654,11.491,TYR, ,CD2,25.06,12.43,4.085,1.76,1.0,<Residue TYR het=  resseq=85 icode= >,4lup_A_B,1.2
655,0.0,TYR, ,CE1,27.0,13.88,0.0,1.29,1.0,<Residue TYR het=  resseq=85 icode= >,4lup_A_B,1.2
656,16.314,TYR, ,CE2,25.49,13.82,0.0,2.38,1.0,<Residue TYR het=  resseq=85 icode= >,4lup_A_B,1.2
657,0.787,TYR, ,CZ,28.22,14.49,0.0,1.95,1.0,<Residue TYR het=  resseq=85 icode= >,4lup_A_B,1.2
658,8.426,TYR, ,OH,32.75,15.86,0.0,0.69,1.0,<Residue TYR het=  resseq=85 icode= >,4lup_A_B,1.2
659,0.0,LEU, ,N,11.14,10.45,0.0,5.74,1.0,<Residue LEU het=  resseq=86 icode= >,4lup_A_B,1.2
660,0.0,LEU, ,CA,11.7,11.52,0.0,4.70,1.0,<Residue LEU het=  resseq=86 icode= >,4lup_A_B,1.2
661,1.376,LEU, ,C,11.67,11.28,0.0,4.34,1.0,<Residue LEU het=  resseq=86 icode= >,4lup_A_B,1.2
662,6.788,LEU, ,O,11.76,12.26,0.0,5.37,1.0,<Residue LEU het=  resseq=86 icode= >,4lup_A_B,1.2
663,13.413,LEU, ,CB,12.15,11.58,0.0,4.34,1.0,<Residue LEU het=  resseq=86 icode= >,4lup_A_B,1.2
664,0.0,LEU, ,CG,12.72,11.98,0.0,4.76,1.0,<Residue LEU het=  resseq=86 icode= >,4lup_A_B,1.2
665,28.786,LEU, ,CD1,14.87,12.11,0.0,3.52,1.0,<Residue LEU het=  resseq=86 icode= >,4lup_A_B,1.2
666,11.745,LEU, ,CD2,13.61,13.36,0.0,3.38,1.0,<Residue LEU het=  resseq=86 icode= >,4lup_A_B,1.2
667,0.001,VAL, ,N,11.79,10.03,0.0,6.12,1.0,<Residue VAL het=  resseq=87 icode= >,4lup_A_B,1.2
668,6.386,VAL, ,CA,13.06,9.93,0.0,4.21,1.0,<Residue VAL het=  resseq=87 icode= >,4lup_A_B,1.2
669,0.0,VAL, ,C,13.94,10.69,0.0,4.43,1.0,<Residue VAL het=  resseq=87 icode= >,4lup_A_B,1.2
670,1.533,VAL, ,O,13.63,11.61,0.0,5.91,1.0,<Residue VAL het=  resseq=87 icode= >,4lup_A_B,1.2
671,1.669,VAL, ,CB,15.11,8.51,0.0,3.51,1.0,<Residue VAL het=  resseq=87 icode= >,4lup_A_B,1.2
672,22.427,VAL, ,CG1,16.89,8.70,0.0,2.65,1.0,<Residue VAL het=  resseq=87 icode= >,4lup_A_B,1.2
673,46.242,VAL, ,CG2,16.84,8.05,0.0,3.60,1.0,<Residue VAL het=  resseq=87 icode= >,4lup_A_B,1.2
674,0.305,ALA, ,N,13.54,10.53,0.0,5.01,1.0,<Residue ALA het=  resseq=88 icode= >,4lup_A_B,1.2
675,2.779,ALA, ,CA,14.59,11.37,0.0,3.53,1.0,<Residue ALA het=  resseq=88 icode= >,4lup_A_B,1.2
676,0.0,ALA, ,C,14.59,12.87,0.0,3.82,1.0,<Residue ALA het=  resseq=88 icode= >,4lup_A_B,1.2
677,0.256,ALA, ,O,15.56,13.60,0.0,5.15,1.0,<Residue ALA het=  resseq=88 icode= >,4lup_A_B,1.2
678,46.241,ALA, ,CB,17.17,10.83,0.0,2.97,1.0,<Residue ALA het=  resseq=88 icode= >,4lup_A_B,1.2
679,0.719,GLN, ,N,13.61,13.18,0.0,5.21,1.0,<Residue GLN het=  resseq=89 icode= >,4lup_A_B,1.2
680,2.523,GLN, ,CA,14.27,14.56,0.0,3.87,1.0,<Residue GLN het=  resseq=89 icode= >,4lup_A_B,1.2
681,0.0,GLN, ,C,13.79,15.08,0.0,3.76,1.0,<Residue GLN het=  resseq=89 icode= >,4lup_A_B,1.2
682,0.0,GLN, ,O,14.29,16.22,0.0,5.06,1.0,<Residue GLN het=  resseq=89 icode= >,4lup_A_B,1.2
683,1.37,GLN, ,CB,16.12,14.80,0.0,3.24,1.0,<Residue GLN het=  resseq=89 icode= >,4lup_A_B,1.2
684,5.896,GLN, ,CG,18.38,16.24,0.0,2.13,1.0,<Residue GLN het=  resseq=89 icode= >,4lup_A_B,1.2
685,1.543,GLN, ,CD,19.97,16.61,0.0,2.37,1.0,<Residue GLN het=  resseq=89 icode= >,4lup_A_B,1.2
686,12.021,GLN, ,OE1,25.66,17.39,0.0,1.84,1.0,<Residue GLN het=  resseq=89 icode= >,4lup_A_B,1.2
687,22.722,GLN, ,NE2,16.99,16.17,0.0,4.10,1.0,<Residue GLN het=  resseq=89 icode= >,4lup_A_B,1.2
688,0.129,GLY, ,N,13.44,14.36,0.0,4.80,1.0,<Residue GLY het=  resseq=90 icode= >,4lup_A_B,1.2
689,13.27,GLY, ,CA,13.92,14.96,0.0,3.66,1.0,<Residue GLY het=  resseq=90 icode= >,4lup_A_B,1.2
690,3.248,GLY, ,C,13.32,15.39,0.0,3.62,1.0,<Residue GLY het=  resseq=90 icode= >,4lup_A_B,1.2
691,0.195,GLY, ,O,14.87,16.51,0.0,5.12,1.0,<Residue GLY het=  resseq=90 icode= >,4lup_A_B,1.2
692,0.197,ARG, ,N,12.52,14.61,0.0,5.48,1.0,<Residue ARG het=  resseq=91 icode= >,4lup_A_B,1.2
693,8.106,ARG, ,CA,14.14,14.71,0.0,3.57,1.0,<Residue ARG het=  resseq=91 icode= >,4lup_A_B,1.2
694,1.249,ARG, ,C,12.7,14.49,0.0,4.22,1.0,<Residue ARG het=  resseq=91 icode= >,4lup_A_B,1.2
695,12.873,ARG, ,O,13.56,14.67,0.0,5.29,1.0,<Residue ARG het=  resseq=91 icode= >,4lup_A_B,1.2
696,16.25,ARG, ,CB,18.7,13.45,0.0,2.78,1.0,<Residue ARG het=  resseq=91 icode= >,4lup_A_B,1.2
697,7.928,ARG, ,CG,25.84,13.02,0.0,0.98,1.0,<Residue ARG het=  resseq=91 icode= >,4lup_A_B,1.2
698,33.156,ARG, ,CD,33.13,12.39,0.0,0.72,1.0,<Residue ARG het=  resseq=91 icode= >,4lup_A_B,1.2
699,13.426,ARG, ,NE,38.95,10.99,0.0,1.14,1.0,<Residue ARG het=  resseq=91 icode= >,4lup_A_B,1.2
700,4.399,ARG, ,CZ,42.53,10.66,0.0,0.65,1.0,<Residue ARG het=  resseq=91 icode= >,4lup_A_B,1.2
701,38.485,ARG, ,NH1,43.55,9.43,0.0,0.84,1.0,<Residue ARG het=  resseq=91 icode= >,4lup_A_B,1.2
702,42.939,ARG, ,NH2,43.74,11.68,0.0,0.54,1.0,<Residue ARG het=  resseq=91 icode= >,4lup_A_B,1.2
703,0.0,ARG, ,N,12.6,14.29,0.0,4.38,1.0,<Residue ARG het=  resseq=92 icode= >,4lup_A_B,1.2
704,9.569,ARG, ,CA,13.78,14.23,0.0,3.15,1.0,<Residue ARG het=  resseq=92 icode= >,4lup_A_B,1.2
705,0.021,ARG, ,C,11.73,15.56,0.0,4.27,1.0,<Residue ARG het=  resseq=92 icode= >,4lup_A_B,1.2
706,23.135,ARG, ,O,13.43,15.68,0.0,5.55,1.0,<Residue ARG het=  resseq=92 icode= >,4lup_A_B,1.2
707,2.288,ARG, ,CB,18.74,13.95,0.0,2.83,1.0,<Residue ARG het=  resseq=92 icode= >,4lup_A_B,1.2
708,20.294,ARG, ,CG,23.7,12.53,0.0,1.18,1.0,<Residue ARG het=  resseq=92 icode= >,4lup_A_B,1.2
709,22.502,ARG, ,CD,27.51,12.45,0.0,1.19,1.0,<Residue ARG het=  resseq=92 icode= >,4lup_A_B,1.2
710,17.884,ARG, ,NE,29.94,12.22,8.434,1.75,1.0,<Residue ARG het=  resseq=92 icode= >,4lup_A_B,1.2
711,6.903,ARG, ,CZ,29.78,13.17,0.0,1.96,1.0,<Residue ARG het=  resseq=92 icode= >,4lup_A_B,1.2
712,37.622,ARG, ,NH1,31.37,14.44,0.0,1.43,1.0,<Residue ARG het=  resseq=92 icode= >,4lup_A_B,1.2
713,59.249,ARG, ,NH2,27.2,12.61,27.589,1.82,1.0,<Residue ARG het=  resseq=92 icode= >,4lup_A_B,1.2
714,0.0,LEU, ,N,10.73,16.63,0.0,4.98,1.0,<Residue LEU het=  resseq=93 icode= >,4lup_A_B,1.2
715,2.822,LEU, ,CA,12.17,17.96,0.0,3.46,1.0,<Residue LEU het=  resseq=93 icode= >,4lup_A_B,1.2
716,1.032,LEU, ,C,11.95,18.40,0.0,4.31,1.0,<Residue LEU het=  resseq=93 icode= >,4lup_A_B,1.2
717,13.363,LEU, ,O,13.37,19.56,0.0,5.64,1.0,<Residue LEU het=  resseq=93 icode= >,4lup_A_B,1.2
718,1.929,LEU, ,CB,12.31,19.04,0.0,4.50,1.0,<Residue LEU het=  resseq=93 icode= >,4lup_A_B,1.2
719,1.269,LEU, ,CG,14.82,18.97,0.0,3.52,1.0,<Residue LEU het=  resseq=93 icode= >,4lup_A_B,1.2
720,30.265,LEU, ,CD1,16.9,20.00,0.0,2.88,1.0,<Residue LEU het=  resseq=93 icode= >,4lup_A_B,1.2
721,53.989,LEU, ,CD2,17.4,19.29,0.0,2.53,1.0,<Residue LEU het=  resseq=93 icode= >,4lup_A_B,1.2
722,0.0,GLU, ,N,12.2,17.55,0.0,4.89,1.0,<Residue GLU het=  resseq=94 icode= >,4lup_A_B,1.2
723,8.22,GLU, ,CA,13.57,18.02,0.0,3.61,1.0,<Residue GLU het=  resseq=94 icode= >,4lup_A_B,1.2
724,2.78,GLU, ,C,13.73,19.26,0.0,3.56,1.0,<Residue GLU het=  resseq=94 icode= >,4lup_A_B,1.2
725,24.171,GLU, ,O,17.31,20.22,0.0,4.31,1.0,<Residue GLU het=  resseq=94 icode= >,4lup_A_B,1.2
726,15.812,GLU, ,CB,15.54,18.40,0.0,3.28,1.0,<Residue GLU het=  resseq=94 icode= >,4lup_A_B,1.2
727,18.796,GLU, ,CG,17.15,17.30,0.0,2.53,1.0,<Residue GLU het=  resseq=94 icode= >,4lup_A_B,1.2
728,13.764,GLU, ,CD,18.59,17.93,0.0,3.16,1.0,<Residue GLU het=  resseq=94 icode= >,4lup_A_B,1.2
729,41.902,GLU, ,OE1,18.68,17.51,0.0,4.77,1.0,<Residue GLU het=  resseq=94 icode= >,4lup_A_B,1.2
730,36.789,GLU, ,OE2,20.99,18.95,0.0,3.15,1.0,<Residue GLU het=  resseq=94 icode= >,4lup_A_B,1.2
731,0.63,LEU, ,N,14.07,1000.00,0.0,4.69,1.0,<Residue LEU het=  resseq=95 icode= >,4lup_A_B,1.2
732,3.643,LEU, ,CA,15.12,1000.00,0.0,3.76,1.0,<Residue LEU het=  resseq=95 icode= >,4lup_A_B,1.2
733,31.166,LEU, ,C,17.98,1000.00,0.0,3.25,1.0,<Residue LEU het=  resseq=95 icode= >,4lup_A_B,1.2
734,38.523,LEU, ,O,21.44,1000.00,0.0,2.84,1.0,<Residue LEU het=  resseq=95 icode= >,4lup_A_B,1.2
735,12.731,LEU, ,CB,16.13,1000.00,0.0,2.78,1.0,<Residue LEU het=  resseq=95 icode= >,4lup_A_B,1.2
736,0.0,LEU, ,CG,19.28,1000.00,0.0,2.88,1.0,<Residue LEU het=  resseq=95 icode= >,4lup_A_B,1.2
737,39.886,LEU, ,CD1,21.61,1000.00,0.0,1.39,1.0,<Residue LEU het=  resseq=95 icode= >,4lup_A_B,1.2
738,42.754,LEU, ,CD2,21.39,1000.00,0.0,1.79,1.0,<Residue LEU het=  resseq=95 icode= >,4lup_A_B,1.2
