,ASA,aa,altloc,atom,bfac,dens,occ,residue,id,resolu
0,15.86,SER, ,N,20.77,4.35,1.0,<Residue SER het=  resseq=2 icode= >,4mak_A_A,1.1
1,10.783,SER, ,CA,18.18,3.76,1.0,<Residue SER het=  resseq=2 icode= >,4mak_A_A,1.1
2,0.0,SER, ,C,16.03,4.47,1.0,<Residue SER het=  resseq=2 icode= >,4mak_A_A,1.1
3,0.375,SER, ,O,16.67,6.05,1.0,<Residue SER het=  resseq=2 icode= >,4mak_A_A,1.1
4,1.487,SER, ,CB,24.34,3.26,1.0,<Residue SER het=  resseq=2 icode= >,4mak_A_A,1.1
5,31.841,SER, ,OG,26.98,2.50,1.0,<Residue SER het=  resseq=2 icode= >,4mak_A_A,1.1
6,4.469,MET, ,N,15.44,5.65,1.0,<Residue MET het=  resseq=3 icode= >,4mak_A_A,1.1
7,0.0,MET, ,CA,15.09,4.27,1.0,<Residue MET het=  resseq=3 icode= >,4mak_A_A,1.1
8,0.0,MET, ,C,14.45,4.81,1.0,<Residue MET het=  resseq=3 icode= >,4mak_A_A,1.1
9,0.0,MET, ,O,16.15,6.62,1.0,<Residue MET het=  resseq=3 icode= >,4mak_A_A,1.1
10,14.933,MET, ,CB,16.67,4.82,1.0,<Residue MET het=  resseq=3 icode= >,4mak_A_A,1.1
11,4.101,MET, ,CG,16.74,3.82,1.0,<Residue MET het=  resseq=3 icode= >,4mak_A_A,1.1
12,34.604,MET, ,SD,21.57,9.76,1.0,<Residue MET het=  resseq=3 icode= >,4mak_A_A,1.1
13,51.984,MET, ,CE,19.79,2.91,1.0,<Residue MET het=  resseq=3 icode= >,4mak_A_A,1.1
14,0.0,LEU, ,N,14.1,6.23,1.0,<Residue LEU het=  resseq=4 icode= >,4mak_A_A,1.1
15,0.0,LEU, ,CA,14.46,4.94,1.0,<Residue LEU het=  resseq=4 icode= >,4mak_A_A,1.1
16,0.0,LEU, ,C,14.14,4.59,1.0,<Residue LEU het=  resseq=4 icode= >,4mak_A_A,1.1
17,0.0,LEU, ,O,14.76,6.65,1.0,<Residue LEU het=  resseq=4 icode= >,4mak_A_A,1.1
18,0.183,LEU, ,CB,14.28,4.47,1.0,<Residue LEU het=  resseq=4 icode= >,4mak_A_A,1.1
19,0.0,LEU, ,CG,15.5,4.39,1.0,<Residue LEU het=  resseq=4 icode= >,4mak_A_A,1.1
20,0.0,LEU, ,CD1,15.7,3.69,1.0,<Residue LEU het=  resseq=4 icode= >,4mak_A_A,1.1
21,0.0,LEU, ,CD2,16.31,4.29,1.0,<Residue LEU het=  resseq=4 icode= >,4mak_A_A,1.1
22,0.0,VAL, ,N,13.73,6.31,1.0,<Residue VAL het=  resseq=5 icode= >,4mak_A_A,1.1
23,0.0,VAL, ,CA,13.6,4.73,1.0,<Residue VAL het=  resseq=5 icode= >,4mak_A_A,1.1
24,0.0,VAL, ,C,14.04,5.66,1.0,<Residue VAL het=  resseq=5 icode= >,4mak_A_A,1.1
25,0.612,VAL, ,O,14.86,7.18,1.0,<Residue VAL het=  resseq=5 icode= >,4mak_A_A,1.1
26,1.831,VAL, ,CB,14.29,4.70,1.0,<Residue VAL het=  resseq=5 icode= >,4mak_A_A,1.1
27,16.284,VAL, ,CG1,15.58,4.75,1.0,<Residue VAL het=  resseq=5 icode= >,4mak_A_A,1.1
28,15.258,VAL, ,CG2,15.32,4.84,1.0,<Residue VAL het=  resseq=5 icode= >,4mak_A_A,1.1
29,0.0,VAL, ,N,13.75,6.44,1.0,<Residue VAL het=  resseq=6 icode= >,4mak_A_A,1.1
30,0.0,VAL, ,CA,13.86,5.29,1.0,<Residue VAL het=  resseq=6 icode= >,4mak_A_A,1.1
31,0.0,VAL, ,C,14.16,5.60,1.0,<Residue VAL het=  resseq=6 icode= >,4mak_A_A,1.1
32,0.0,VAL, ,O,15.55,7.24,1.0,<Residue VAL het=  resseq=6 icode= >,4mak_A_A,1.1
33,0.0,VAL, ,CB,14.26,5.16,1.0,<Residue VAL het=  resseq=6 icode= >,4mak_A_A,1.1
34,0.0,VAL, ,CG1,15.33,4.47,1.0,<Residue VAL het=  resseq=6 icode= >,4mak_A_A,1.1
35,0.0,VAL, ,CG2,15.08,4.92,1.0,<Residue VAL het=  resseq=6 icode= >,4mak_A_A,1.1
36,0.0,VAL, ,N,14.31,5.96,1.0,<Residue VAL het=  resseq=7 icode= >,4mak_A_A,1.1
37,0.0,VAL, ,CA,15.48,4.51,1.0,<Residue VAL het=  resseq=7 icode= >,4mak_A_A,1.1
38,0.0,VAL, ,C,15.31,5.21,1.0,<Residue VAL het=  resseq=7 icode= >,4mak_A_A,1.1
39,1.342,VAL, ,O,16.61,6.63,1.0,<Residue VAL het=  resseq=7 icode= >,4mak_A_A,1.1
40,0.418,VAL, ,CB,16.53,4.53,1.0,<Residue VAL het=  resseq=7 icode= >,4mak_A_A,1.1
41,33.317,VAL, ,CG1,17.65,4.16,1.0,<Residue VAL het=  resseq=7 icode= >,4mak_A_A,1.1
42,22.659,VAL, ,CG2,17.6,3.72,1.0,<Residue VAL het=  resseq=7 icode= >,4mak_A_A,1.1
43,0.0,THR, ,N,16.33,5.68,1.0,<Residue THR het=  resseq=8 icode= >,4mak_A_A,1.1
44,0.0,THR, ,CA,17.58,3.73,1.0,<Residue THR het=  resseq=8 icode= >,4mak_A_A,1.1
45,0.581,THR, ,C,17.95,4.49,1.0,<Residue THR het=  resseq=8 icode= >,4mak_A_A,1.1
46,12.86,THR, ,O,19.95,5.30,1.0,<Residue THR het=  resseq=8 icode= >,4mak_A_A,1.1
47,0.021,THR, ,CB,17.63,4.08,1.0,<Residue THR het=  resseq=8 icode= >,4mak_A_A,1.1
48,1.566,THR, ,OG1,18.57,5.61,1.0,<Residue THR het=  resseq=8 icode= >,4mak_A_A,1.1
49,0.0,THR, ,CG2,17.16,3.50,1.0,<Residue THR het=  resseq=8 icode= >,4mak_A_A,1.1
50,0.0,GLU, ,N,18.94,4.48,1.0,<Residue GLU het=  resseq=9 icode= >,4mak_A_A,1.1
51,6.42,GLU, ,CA,20.62,3.56,1.0,<Residue GLU het=  resseq=9 icode= >,4mak_A_A,1.1
52,0.0,GLU, ,C,20.16,4.84,1.0,<Residue GLU het=  resseq=9 icode= >,4mak_A_A,1.1
53,0.0,GLU, ,O,20.52,5.05,1.0,<Residue GLU het=  resseq=9 icode= >,4mak_A_A,1.1
54,8.839,GLU, ,CB,24.03,3.17,1.0,<Residue GLU het=  resseq=9 icode= >,4mak_A_A,1.1
55,16.43,GLU, ,CG,31.98,1.63,1.0,<Residue GLU het=  resseq=9 icode= >,4mak_A_A,1.1
56,10.471,GLU, ,CD,46.13,1.74,1.0,<Residue GLU het=  resseq=9 icode= >,4mak_A_A,1.1
57,18.135,GLU, ,OE1,55.55,1.31,1.0,<Residue GLU het=  resseq=9 icode= >,4mak_A_A,1.1
58,39.509,GLU, ,OE2,75.79,1.15,1.0,<Residue GLU het=  resseq=9 icode= >,4mak_A_A,1.1
59,10.298,ASN, ,N,21.62,4.47,1.0,<Residue ASN het=  resseq=10 icode= >,4mak_A_A,1.1
60,9.156,ASN, ,CA,23.15,3.43,1.0,<Residue ASN het=  resseq=10 icode= >,4mak_A_A,1.1
61,2.732,ASN, ,C,21.66,3.50,1.0,<Residue ASN het=  resseq=10 icode= >,4mak_A_A,1.1
62,11.075,ASN, ,O,23.62,3.85,1.0,<Residue ASN het=  resseq=10 icode= >,4mak_A_A,1.1
63,14.427,ASN, ,CB,25.64,2.82,1.0,<Residue ASN het=  resseq=10 icode= >,4mak_A_A,1.1
64,5.574,ASN, ,CG,35.43,2.45,1.0,<Residue ASN het=  resseq=10 icode= >,4mak_A_A,1.1
65,26.761,ASN, ,OD1,43.14,1.86,1.0,<Residue ASN het=  resseq=10 icode= >,4mak_A_A,1.1
66,48.356,ASN, ,ND2,35.69,1.71,1.0,<Residue ASN het=  resseq=10 icode= >,4mak_A_A,1.1
67,1.199,VAL, ,N,20.7,3.66,1.0,<Residue VAL het=  resseq=11 icode= >,4mak_A_A,1.1
68,0.0,VAL, ,CA,18.97,3.78,1.0,<Residue VAL het=  resseq=11 icode= >,4mak_A_A,1.1
69,2.348,VAL, ,C,20.06,3.93,1.0,<Residue VAL het=  resseq=11 icode= >,4mak_A_A,1.1
70,12.918,VAL, ,O,22.4,4.44,1.0,<Residue VAL het=  resseq=11 icode= >,4mak_A_A,1.1
71,0.0,VAL, ,CB,18.85,3.81,1.0,<Residue VAL het=  resseq=11 icode= >,4mak_A_A,1.1
72,0.0,VAL, ,CG1,19.95,3.52,1.0,<Residue VAL het=  resseq=11 icode= >,4mak_A_A,1.1
73,1.503,VAL, ,CG2,20.87,3.42,1.0,<Residue VAL het=  resseq=11 icode= >,4mak_A_A,1.1
74,0.0,PRO, ,N,20.39,4.09,1.0,<Residue PRO het=  resseq=12 icode= >,4mak_A_A,1.1
75,4.557,PRO, ,CA,21.55,3.13,1.0,<Residue PRO het=  resseq=12 icode= >,4mak_A_A,1.1
76,0.0,PRO, ,C,21.5,3.72,1.0,<Residue PRO het=  resseq=12 icode= >,4mak_A_A,1.1
77,0.0,PRO, ,O,21.16,5.05,1.0,<Residue PRO het=  resseq=12 icode= >,4mak_A_A,1.1
78,16.4,PRO, ,CB,24.66,2.74,1.0,<Residue PRO het=  resseq=12 icode= >,4mak_A_A,1.1
79,7.935,PRO, ,CG,24.51,2.92,1.0,<Residue PRO het=  resseq=12 icode= >,4mak_A_A,1.1
80,0.855,PRO, ,CD,22.04,3.47,1.0,<Residue PRO het=  resseq=12 icode= >,4mak_A_A,1.1
81,0.0,PRO, ,N,22.48,4.08,1.0,<Residue PRO het=  resseq=13 icode= >,4mak_A_A,1.1
82,3.243,PRO, ,CA,23.29,2.87,1.0,<Residue PRO het=  resseq=13 icode= >,4mak_A_A,1.1
83,1.219,PRO, ,C,22.0,3.76,1.0,<Residue PRO het=  resseq=13 icode= >,4mak_A_A,1.1
84,5.42,PRO, ,O,22.65,4.30,1.0,<Residue PRO het=  resseq=13 icode= >,4mak_A_A,1.1
85,36.013,PRO, ,CB,27.79,1.92,1.0,<Residue PRO het=  resseq=13 icode= >,4mak_A_A,1.1
86,42.277,PRO, ,CG,35.65,1.96,1.0,<Residue PRO het=  resseq=13 icode= >,4mak_A_A,1.1
87,26.426,PRO, ,CD,28.54,2.29,1.0,<Residue PRO het=  resseq=13 icode= >,4mak_A_A,1.1
88,2.246,ARG, ,N,21.04,4.34,1.0,<Residue ARG het=  resseq=14 icode= >,4mak_A_A,1.1
89,9.083,ARG, ,CA,20.92,3.22,1.0,<Residue ARG het=  resseq=14 icode= >,4mak_A_A,1.1
90,0.0,ARG, ,C,19.29,4.55,1.0,<Residue ARG het=  resseq=14 icode= >,4mak_A_A,1.1
91,0.648,ARG, ,O,19.62,5.35,1.0,<Residue ARG het=  resseq=14 icode= >,4mak_A_A,1.1
92,9.586,ARG, ,CB,22.21,2.68,1.0,<Residue ARG het=  resseq=14 icode= >,4mak_A_A,1.1
93,5.225,ARG, ,CG,23.45,3.32,1.0,<Residue ARG het=  resseq=14 icode= >,4mak_A_A,1.1
94,2.968,ARG, ,CD,24.4,2.97,1.0,<Residue ARG het=  resseq=14 icode= >,4mak_A_A,1.1
95,14.534,ARG, ,NE,32.85,2.08,1.0,<Residue ARG het=  resseq=14 icode= >,4mak_A_A,1.1
96,5.622,ARG, ,CZ,31.44,2.26,1.0,<Residue ARG het=  resseq=14 icode= >,4mak_A_A,1.1
97,59.02,ARG, ,NH1,51.23,1.02,1.0,<Residue ARG het=  resseq=14 icode= >,4mak_A_A,1.1
98,41.53,ARG, ,NH2,44.79,0.73,1.0,<Residue ARG het=  resseq=14 icode= >,4mak_A_A,1.1
99,0.0,LEU, ,N,18.63,4.75,1.0,<Residue LEU het=  resseq=15 icode= >,4mak_A_A,1.1
100,0.0,LEU, ,CA,17.07,4.40,1.0,<Residue LEU het=  resseq=15 icode= >,4mak_A_A,1.1
101,0.0,LEU, ,C,17.53,5.09,1.0,<Residue LEU het=  resseq=15 icode= >,4mak_A_A,1.1
102,0.0,LEU, ,O,17.88,5.90,1.0,<Residue LEU het=  resseq=15 icode= >,4mak_A_A,1.1
103,0.0,LEU, ,CB,17.88,3.48,1.0,<Residue LEU het=  resseq=15 icode= >,4mak_A_A,1.1
104,0.0,LEU, ,CG,16.73,3.92,1.0,<Residue LEU het=  resseq=15 icode= >,4mak_A_A,1.1
105,0.128,LEU, ,CD1,17.42,4.10,1.0,<Residue LEU het=  resseq=15 icode= >,4mak_A_A,1.1
106,0.0,LEU, ,CD2,18.14,3.82,1.0,<Residue LEU het=  resseq=15 icode= >,4mak_A_A,1.1
107,0.0,ARG, ,N,18.52,4.33,1.0,<Residue ARG het=  resseq=16 icode= >,4mak_A_A,1.1
108,0.0,ARG, ,CA,18.84,4.25,1.0,<Residue ARG het=  resseq=16 icode= >,4mak_A_A,1.1
109,1.28,ARG, ,C,18.69,4.29,1.0,<Residue ARG het=  resseq=16 icode= >,4mak_A_A,1.1
110,0.713,ARG, ,O,20.08,4.88,1.0,<Residue ARG het=  resseq=16 icode= >,4mak_A_A,1.1
111,12.127,ARG, ,CB,20.92,3.07,1.0,<Residue ARG het=  resseq=16 icode= >,4mak_A_A,1.1
112,2.659,ARG, ,CG,23.49,2.70,1.0,<Residue ARG het=  resseq=16 icode= >,4mak_A_A,1.1
113,0.351,ARG, ,CD,26.12,2.30,1.0,<Residue ARG het=  resseq=16 icode= >,4mak_A_A,1.1
114,0.209,ARG, ,NE,22.79,3.56,1.0,<Residue ARG het=  resseq=16 icode= >,4mak_A_A,1.1
115,2.518,ARG, ,CZ,24.23,2.77,1.0,<Residue ARG het=  resseq=16 icode= >,4mak_A_A,1.1
116,44.192,ARG, ,NH1,25.82,2.96,1.0,<Residue ARG het=  resseq=16 icode= >,4mak_A_A,1.1
117,21.046,ARG, ,NH2,24.95,3.12,1.0,<Residue ARG het=  resseq=16 icode= >,4mak_A_A,1.1
118,0.595,GLY, ,N,18.9,4.41,1.0,<Residue GLY het=  resseq=17 icode= >,4mak_A_A,1.1
119,32.981,GLY, ,CA,18.22,4.55,1.0,<Residue GLY het=  resseq=17 icode= >,4mak_A_A,1.1
120,4.406,GLY, ,C,17.21,4.88,1.0,<Residue GLY het=  resseq=17 icode= >,4mak_A_A,1.1
121,5.795,GLY, ,O,18.54,5.88,1.0,<Residue GLY het=  resseq=17 icode= >,4mak_A_A,1.1
122,0.0,ARG, ,N,16.49,5.47,1.0,<Residue ARG het=  resseq=18 icode= >,4mak_A_A,1.1
123,0.004,ARG, ,CA,16.06,4.10,1.0,<Residue ARG het=  resseq=18 icode= >,4mak_A_A,1.1
124,0.465,ARG, ,C,15.29,4.93,1.0,<Residue ARG het=  resseq=18 icode= >,4mak_A_A,1.1
125,0.0,ARG, ,O,16.3,6.53,1.0,<Residue ARG het=  resseq=18 icode= >,4mak_A_A,1.1
126,1.011,ARG, ,CB,16.49,4.58,1.0,<Residue ARG het=  resseq=18 icode= >,4mak_A_A,1.1
127,9.113,ARG, ,CG,15.72,4.49,1.0,<Residue ARG het=  resseq=18 icode= >,4mak_A_A,1.1
128,5.862,ARG, ,CD,16.27,4.65,1.0,<Residue ARG het=  resseq=18 icode= >,4mak_A_A,1.1
129,7.647,ARG, ,NE,15.75,5.78,1.0,<Residue ARG het=  resseq=18 icode= >,4mak_A_A,1.1
130,4.716,ARG, ,CZ,15.49,5.00,1.0,<Residue ARG het=  resseq=18 icode= >,4mak_A_A,1.1
131,19.141,ARG, ,NH1,16.97,5.23,1.0,<Residue ARG het=  resseq=18 icode= >,4mak_A_A,1.1
132,40.263,ARG, ,NH2,17.03,5.26,1.0,<Residue ARG het=  resseq=18 icode= >,4mak_A_A,1.1
133,0.0,LEU, ,N,15.47,5.51,1.0,<Residue LEU het=  resseq=19 icode= >,4mak_A_A,1.1
134,0.0,LEU, ,CA,15.47,4.64,1.0,<Residue LEU het=  resseq=19 icode= >,4mak_A_A,1.1
135,0.0,LEU, ,C,15.17,5.09,1.0,<Residue LEU het=  resseq=19 icode= >,4mak_A_A,1.1
136,0.0,LEU, ,O,16.09,6.50,1.0,<Residue LEU het=  resseq=19 icode= >,4mak_A_A,1.1
137,0.0,LEU, ,CB,15.24,4.75,1.0,<Residue LEU het=  resseq=19 icode= >,4mak_A_A,1.1
138,0.0,LEU, ,CG,15.49,4.43,1.0,<Residue LEU het=  resseq=19 icode= >,4mak_A_A,1.1
139,0.0,LEU, ,CD1,17.15,4.34,1.0,<Residue LEU het=  resseq=19 icode= >,4mak_A_A,1.1
140,2.133,LEU, ,CD2,17.29,3.91,1.0,<Residue LEU het=  resseq=19 icode= >,4mak_A_A,1.1
141,0.0,ALA, ,N,15.85,5.27,1.0,<Residue ALA het=  resseq=20 icode= >,4mak_A_A,1.1
142,0.0,ALA, ,CA,16.2,4.37,1.0,<Residue ALA het=  resseq=20 icode= >,4mak_A_A,1.1
143,1.542,ALA, ,C,15.71,4.76,1.0,<Residue ALA het=  resseq=20 icode= >,4mak_A_A,1.1
144,19.095,ALA, ,O,17.41,6.36,1.0,<Residue ALA het=  resseq=20 icode= >,4mak_A_A,1.1
145,36.127,ALA, ,CB,18.75,3.47,1.0,<Residue ALA het=  resseq=20 icode= >,4mak_A_A,1.1
146,0.183,ILE, ,N,15.46,6.04,1.0,<Residue ILE het=  resseq=21 icode= >,4mak_A_A,1.1
147,8.107,ILE, ,CA,15.98,4.45,1.0,<Residue ILE het=  resseq=21 icode= >,4mak_A_A,1.1
148,0.017,ILE, ,C,15.92,4.58,1.0,<Residue ILE het=  resseq=21 icode= >,4mak_A_A,1.1
149,25.856,ILE, ,O,17.93,6.08,1.0,<Residue ILE het=  resseq=21 icode= >,4mak_A_A,1.1
150,0.0,ILE, ,CB,15.88,4.72,1.0,<Residue ILE het=  resseq=21 icode= >,4mak_A_A,1.1
151,18.223,ILE, ,CG1,15.88,4.17,1.0,<Residue ILE het=  resseq=21 icode= >,4mak_A_A,1.1
152,29.937,ILE, ,CG2,17.49,3.79,1.0,<Residue ILE het=  resseq=21 icode= >,4mak_A_A,1.1
153,31.404,ILE, ,CD1,16.85,3.39,1.0,<Residue ILE het=  resseq=21 icode= >,4mak_A_A,1.1
154,0.0,TRP, ,N,15.08,6.10,1.0,<Residue TRP het=  resseq=22 icode= >,4mak_A_A,1.1
155,4.266,TRP, ,CA,16.09,4.06,1.0,<Residue TRP het=  resseq=22 icode= >,4mak_A_A,1.1
156,3.903,TRP, ,C,15.5,4.86,1.0,<Residue TRP het=  resseq=22 icode= >,4mak_A_A,1.1
157,17.282,TRP, ,O,17.68,5.83,1.0,<Residue TRP het=  resseq=22 icode= >,4mak_A_A,1.1
158,0.019,TRP, ,CB,17.76,3.34,1.0,<Residue TRP het=  resseq=22 icode= >,4mak_A_A,1.1
159,0.0,TRP, ,CG,19.3,3.10,1.0,<Residue TRP het=  resseq=22 icode= >,4mak_A_A,1.1
160,16.904,TRP, ,CD1,20.48,3.14,1.0,<Residue TRP het=  resseq=22 icode= >,4mak_A_A,1.1
161,0.0,TRP, ,CD2,19.08,3.49,1.0,<Residue TRP het=  resseq=22 icode= >,4mak_A_A,1.1
162,11.374,TRP, ,NE1,22.54,3.86,1.0,<Residue TRP het=  resseq=22 icode= >,4mak_A_A,1.1
163,0.0,TRP, ,CE2,19.02,4.32,1.0,<Residue TRP het=  resseq=22 icode= >,4mak_A_A,1.1
164,0.0,TRP, ,CE3,19.12,3.89,1.0,<Residue TRP het=  resseq=22 icode= >,4mak_A_A,1.1
165,13.967,TRP, ,CZ2,22.0,3.31,1.0,<Residue TRP het=  resseq=22 icode= >,4mak_A_A,1.1
166,1.173,TRP, ,CZ3,20.84,3.35,1.0,<Residue TRP het=  resseq=22 icode= >,4mak_A_A,1.1
167,6.707,TRP, ,CH2,19.68,4.10,1.0,<Residue TRP het=  resseq=22 icode= >,4mak_A_A,1.1
168,0.022,LEU, ,N,14.73,5.98,1.0,<Residue LEU het=  resseq=23 icode= >,4mak_A_A,1.1
169,0.542,LEU, ,CA,14.96,4.82,1.0,<Residue LEU het=  resseq=23 icode= >,4mak_A_A,1.1
170,3.705,LEU, ,C,14.99,4.47,1.0,<Residue LEU het=  resseq=23 icode= >,4mak_A_A,1.1
171,4.963,LEU, ,O,17.58,6.06,1.0,<Residue LEU het=  resseq=23 icode= >,4mak_A_A,1.1
172,0.0,LEU, ,CB,14.57,4.91,1.0,<Residue LEU het=  resseq=23 icode= >,4mak_A_A,1.1
173,0.0,LEU, ,CG,14.59,4.78,1.0,<Residue LEU het=  resseq=23 icode= >,4mak_A_A,1.1
174,0.0,LEU, ,CD1,15.69,4.24,1.0,<Residue LEU het=  resseq=23 icode= >,4mak_A_A,1.1
175,0.0,LEU, ,CD2,15.63,4.11,1.0,<Residue LEU het=  resseq=23 icode= >,4mak_A_A,1.1
176,1.719,LEU, ,N,14.92,5.77,1.0,<Residue LEU het=  resseq=24 icode= >,4mak_A_A,1.1
177,3.54,LEU, ,CA,15.51,4.52,1.0,<Residue LEU het=  resseq=24 icode= >,4mak_A_A,1.1
178,0.0,LEU, ,C,14.55,5.60,1.0,<Residue LEU het=  resseq=24 icode= >,4mak_A_A,1.1
179,0.0,LEU, ,O,15.35,6.66,1.0,<Residue LEU het=  resseq=24 icode= >,4mak_A_A,1.1
180,13.429,LEU, ,CB,15.55,3.99,1.0,<Residue LEU het=  resseq=24 icode= >,4mak_A_A,1.1
181,0.024,LEU, ,CG,16.93,4.39,1.0,<Residue LEU het=  resseq=24 icode= >,4mak_A_A,1.1
182,51.685,LEU, ,CD1,19.23,3.68,1.0,<Residue LEU het=  resseq=24 icode= >,4mak_A_A,1.1
183,50.879,LEU, ,CD2,18.98,3.86,1.0,<Residue LEU het=  resseq=24 icode= >,4mak_A_A,1.1
184,3.263,GLU, ,N,15.24,5.85,1.0,<Residue GLU het=  resseq=25 icode= >,4mak_A_A,1.1
185,0.0,GLU, ,CA,16.24,4.44,1.0,<Residue GLU het=  resseq=25 icode= >,4mak_A_A,1.1
186,0.0,GLU, ,C,16.62,4.16,1.0,<Residue GLU het=  resseq=25 icode= >,4mak_A_A,1.1
187,19.434,GLU, ,O,19.79,5.01,1.0,<Residue GLU het=  resseq=25 icode= >,4mak_A_A,1.1
188,11.407,GLU, ,CB,18.19,3.67,1.0,<Residue GLU het=  resseq=25 icode= >,4mak_A_A,1.1
189,1.698,GLU, ,CG,19.97,3.69,1.0,<Residue GLU het=  resseq=25 icode= >,4mak_A_A,1.1
190,4.142,GLU, ,CD,21.05,3.81,1.0,<Residue GLU het=  resseq=25 icode= >,4mak_A_A,1.1
191,27.687,GLU, ,OE1,24.32,3.82,1.0,<Residue GLU het=  resseq=25 icode= >,4mak_A_A,1.1
192,0.0,GLU, ,OE2,22.54,4.25,1.0,<Residue GLU het=  resseq=25 icode= >,4mak_A_A,1.1
193,0.0,VAL, ,N,16.56,5.19,1.0,<Residue VAL het=  resseq=26 icode= >,4mak_A_A,1.1
194,5.448,VAL, ,CA,18.75,3.47,1.0,<Residue VAL het=  resseq=26 icode= >,4mak_A_A,1.1
195,1.967,VAL, ,C,19.23,3.64,1.0,<Residue VAL het=  resseq=26 icode= >,4mak_A_A,1.1
196,30.673,VAL, ,O,23.75,4.04,1.0,<Residue VAL het=  resseq=26 icode= >,4mak_A_A,1.1
197,10.664,VAL, ,CB,19.68,3.79,1.0,<Residue VAL het=  resseq=26 icode= >,4mak_A_A,1.1
198,19.797,VAL, ,CG1,20.97,3.04,1.0,<Residue VAL het=  resseq=26 icode= >,4mak_A_A,1.1
199,19.176,VAL, ,CG2,20.59,3.04,1.0,<Residue VAL het=  resseq=26 icode= >,4mak_A_A,1.1
200,0.0,ARG, ,N,19.59,4.56,1.0,<Residue ARG het=  resseq=27 icode= >,4mak_A_A,1.1
201,10.397,ARG, ,CA,21.04,3.46,1.0,<Residue ARG het=  resseq=27 icode= >,4mak_A_A,1.1
202,0.992,ARG, ,C,19.68,4.16,1.0,<Residue ARG het=  resseq=27 icode= >,4mak_A_A,1.1
203,0.0,ARG, ,O,19.69,5.33,1.0,<Residue ARG het=  resseq=27 icode= >,4mak_A_A,1.1
204,14.046,ARG, ,CB,26.07,2.86,1.0,<Residue ARG het=  resseq=27 icode= >,4mak_A_A,1.1
205,21.72,ARG, ,CG,31.17,1.83,1.0,<Residue ARG het=  resseq=27 icode= >,4mak_A_A,1.1
206,15.196,ARG, ,CD,43.9,0.97,1.0,<Residue ARG het=  resseq=27 icode= >,4mak_A_A,1.1
207,13.99,ARG, ,NE,70.42,0.41,1.0,<Residue ARG het=  resseq=27 icode= >,4mak_A_A,1.1
208,5.413,ARG, ,CZ,81.22,0.60,1.0,<Residue ARG het=  resseq=27 icode= >,4mak_A_A,1.1
209,30.913,ARG, ,NH1,32.15,2.38,1.0,<Residue ARG het=  resseq=27 icode= >,4mak_A_A,1.1
210,58.963,ARG, ,NH2,96.2,0.14,1.0,<Residue ARG het=  resseq=27 icode= >,4mak_A_A,1.1
211,8.674,ALA, ,N,21.57,4.21,1.0,<Residue ALA het=  resseq=28 icode= >,4mak_A_A,1.1
212,2.661,ALA, ,CA,21.89,2.60,1.0,<Residue ALA het=  resseq=28 icode= >,4mak_A_A,1.1
213,1.061,ALA, ,C,21.06,3.86,1.0,<Residue ALA het=  resseq=28 icode= >,4mak_A_A,1.1
214,8.122,ALA, ,O,22.91,4.71,1.0,<Residue ALA het=  resseq=28 icode= >,4mak_A_A,1.1
215,56.56,ALA, ,CB,26.57,2.20,1.0,<Residue ALA het=  resseq=28 icode= >,4mak_A_A,1.1
216,0.056,GLY, ,N,19.82,4.56,1.0,<Residue GLY het=  resseq=29 icode= >,4mak_A_A,1.1
217,4.336,GLY, ,CA,19.61,4.08,1.0,<Residue GLY het=  resseq=29 icode= >,4mak_A_A,1.1
218,0.415,GLY, ,C,18.33,4.04,1.0,<Residue GLY het=  resseq=29 icode= >,4mak_A_A,1.1
219,0.0,GLY, ,O,19.84,5.22,1.0,<Residue GLY het=  resseq=29 icode= >,4mak_A_A,1.1
220,0.0,VAL, ,N,16.86,4.86,1.0,<Residue VAL het=  resseq=30 icode= >,4mak_A_A,1.1
221,0.0,VAL, ,CA,16.12,4.32,1.0,<Residue VAL het=  resseq=30 icode= >,4mak_A_A,1.1
222,0.0,VAL, ,C,15.34,5.00,1.0,<Residue VAL het=  resseq=30 icode= >,4mak_A_A,1.1
223,0.0,VAL, ,O,16.74,6.50,1.0,<Residue VAL het=  resseq=30 icode= >,4mak_A_A,1.1
224,0.0,VAL, ,CB,17.92,3.73,1.0,<Residue VAL het=  resseq=30 icode= >,4mak_A_A,1.1
225,17.711,VAL, ,CG1,18.67,3.71,1.0,<Residue VAL het=  resseq=30 icode= >,4mak_A_A,1.1
226,8.536,VAL, ,CG2,19.96,3.83,1.0,<Residue VAL het=  resseq=30 icode= >,4mak_A_A,1.1
227,0.0,TYR, ,N,14.35,5.95,1.0,<Residue TYR het=  resseq=31 icode= >,4mak_A_A,1.1
228,0.0,TYR, ,CA,14.68,5.10,1.0,<Residue TYR het=  resseq=31 icode= >,4mak_A_A,1.1
229,0.0,TYR, ,C,14.14,4.93,1.0,<Residue TYR het=  resseq=31 icode= >,4mak_A_A,1.1
230,0.0,TYR, ,O,15.35,6.96,1.0,<Residue TYR het=  resseq=31 icode= >,4mak_A_A,1.1
231,0.0,TYR, ,CB,15.32,4.75,1.0,<Residue TYR het=  resseq=31 icode= >,4mak_A_A,1.1
232,0.0,TYR, ,CG,15.4,4.52,1.0,<Residue TYR het=  resseq=31 icode= >,4mak_A_A,1.1
233,0.0,TYR, ,CD1,16.01,4.12,1.0,<Residue TYR het=  resseq=31 icode= >,4mak_A_A,1.1
234,0.0,TYR, ,CD2,16.35,4.23,1.0,<Residue TYR het=  resseq=31 icode= >,4mak_A_A,1.1
235,0.0,TYR, ,CE1,17.38,4.26,1.0,<Residue TYR het=  resseq=31 icode= >,4mak_A_A,1.1
236,0.056,TYR, ,CE2,18.25,4.46,1.0,<Residue TYR het=  resseq=31 icode= >,4mak_A_A,1.1
237,0.0,TYR, ,CZ,18.68,4.50,1.0,<Residue TYR het=  resseq=31 icode= >,4mak_A_A,1.1
238,1.098,TYR, ,OH,22.09,4.22,1.0,<Residue TYR het=  resseq=31 icode= >,4mak_A_A,1.1
239,0.0,VAL, ,N,14.2,6.49,1.0,<Residue VAL het=  resseq=32 icode= >,4mak_A_A,1.1
240,0.0,VAL,x,CA,14.38,5.06,0.5,<Residue VAL het=  resseq=32 icode= >,4mak_A_A,1.1
241,0.301,VAL, ,C,14.07,5.12,1.0,<Residue VAL het=  resseq=32 icode= >,4mak_A_A,1.1
242,3.479,VAL, ,O,15.04,6.96,1.0,<Residue VAL het=  resseq=32 icode= >,4mak_A_A,1.1
243,3.352,VAL,x,CB,15.04,4.32,0.5,<Residue VAL het=  resseq=32 icode= >,4mak_A_A,1.1
244,23.705,VAL,x,CG1,12.46,3.88,0.5,<Residue VAL het=  resseq=32 icode= >,4mak_A_A,1.1
245,12.389,VAL,x,CG2,18.05,3.30,0.5,<Residue VAL het=  resseq=32 icode= >,4mak_A_A,1.1
246,0.0,GLY, ,N,14.78,5.87,1.0,<Residue GLY het=  resseq=33 icode= >,4mak_A_A,1.1
247,14.215,GLY, ,CA,15.68,4.79,1.0,<Residue GLY het=  resseq=33 icode= >,4mak_A_A,1.1
248,2.985,GLY, ,C,15.43,5.02,1.0,<Residue GLY het=  resseq=33 icode= >,4mak_A_A,1.1
249,0.0,GLY, ,O,17.25,5.98,1.0,<Residue GLY het=  resseq=33 icode= >,4mak_A_A,1.1
250,6.259,ASP, ,N,16.49,5.29,1.0,<Residue ASP het=  resseq=34 icode= >,4mak_A_A,1.1
251,0.0,ASP, ,CA,16.51,4.18,1.0,<Residue ASP het=  resseq=34 icode= >,4mak_A_A,1.1
252,0.153,ASP, ,C,16.86,4.55,1.0,<Residue ASP het=  resseq=34 icode= >,4mak_A_A,1.1
253,23.629,ASP, ,O,19.41,5.21,1.0,<Residue ASP het=  resseq=34 icode= >,4mak_A_A,1.1
254,29.051,ASP, ,CB,20.82,3.57,1.0,<Residue ASP het=  resseq=34 icode= >,4mak_A_A,1.1
255,6.868,ASP, ,CG,23.23,3.55,1.0,<Residue ASP het=  resseq=34 icode= >,4mak_A_A,1.1
256,7.26,ASP, ,OD1,27.52,2.81,1.0,<Residue ASP het=  resseq=34 icode= >,4mak_A_A,1.1
257,41.345,ASP, ,OD2,29.3,3.01,1.0,<Residue ASP het=  resseq=34 icode= >,4mak_A_A,1.1
258,0.0,VAL, ,N,16.19,5.06,1.0,<Residue VAL het=  resseq=35 icode= >,4mak_A_A,1.1
259,6.015,VAL, ,CA,16.74,4.04,1.0,<Residue VAL het=  resseq=35 icode= >,4mak_A_A,1.1
260,1.706,VAL, ,C,16.27,4.75,1.0,<Residue VAL het=  resseq=35 icode= >,4mak_A_A,1.1
261,0.221,VAL, ,O,16.99,6.64,1.0,<Residue VAL het=  resseq=35 icode= >,4mak_A_A,1.1
262,0.635,VAL, ,CB,18.28,3.99,1.0,<Residue VAL het=  resseq=35 icode= >,4mak_A_A,1.1
263,7.439,VAL, ,CG1,20.91,3.18,1.0,<Residue VAL het=  resseq=35 icode= >,4mak_A_A,1.1
264,0.209,VAL, ,CG2,19.72,3.59,1.0,<Residue VAL het=  resseq=35 icode= >,4mak_A_A,1.1
265,6.153,SER, ,N,16.54,5.01,1.0,<Residue SER het=  resseq=36 icode= >,4mak_A_A,1.1
266,9.901,SER, ,CA,16.98,4.25,1.0,<Residue SER het=  resseq=36 icode= >,4mak_A_A,1.1
267,0.0,SER, ,C,16.38,4.54,1.0,<Residue SER het=  resseq=36 icode= >,4mak_A_A,1.1
268,0.0,SER, ,O,16.18,6.03,1.0,<Residue SER het=  resseq=36 icode= >,4mak_A_A,1.1
269,42.114,SER, ,CB,17.83,3.82,1.0,<Residue SER het=  resseq=36 icode= >,4mak_A_A,1.1
270,3.448,SER, ,OG,18.72,5.42,1.0,<Residue SER het=  resseq=36 icode= >,4mak_A_A,1.1
271,7.645,ALA, ,N,17.09,5.61,1.0,<Residue ALA het=  resseq=37 icode= >,4mak_A_A,1.1
272,0.0,ALA, ,CA,17.1,4.22,1.0,<Residue ALA het=  resseq=37 icode= >,4mak_A_A,1.1
273,0.703,ALA, ,C,16.98,4.81,1.0,<Residue ALA het=  resseq=37 icode= >,4mak_A_A,1.1
274,0.0,ALA, ,O,17.03,6.18,1.0,<Residue ALA het=  resseq=37 icode= >,4mak_A_A,1.1
275,48.319,ALA, ,CB,19.74,3.43,1.0,<Residue ALA het=  resseq=37 icode= >,4mak_A_A,1.1
276,0.451,LYS, ,N,17.23,4.99,1.0,<Residue LYS het=  resseq=38 icode= >,4mak_A_A,1.1
277,2.706,LYS, ,CA,17.53,3.64,1.0,<Residue LYS het=  resseq=38 icode= >,4mak_A_A,1.1
278,0.282,LYS, ,C,16.24,4.78,1.0,<Residue LYS het=  resseq=38 icode= >,4mak_A_A,1.1
279,5.91,LYS, ,O,16.82,6.39,1.0,<Residue LYS het=  resseq=38 icode= >,4mak_A_A,1.1
280,16.055,LYS, ,CB,19.83,3.81,1.0,<Residue LYS het=  resseq=38 icode= >,4mak_A_A,1.1
281,22.934,LYS, ,CG,22.33,2.99,1.0,<Residue LYS het=  resseq=38 icode= >,4mak_A_A,1.1
282,31.24,LYS, ,CD,26.07,1.85,1.0,<Residue LYS het=  resseq=38 icode= >,4mak_A_A,1.1
283,45.604,LYS, ,CE,33.5,1.73,1.0,<Residue LYS het=  resseq=38 icode= >,4mak_A_A,1.1
284,48.497,LYS, ,NZ,42.58,1.22,1.0,<Residue LYS het=  resseq=38 icode= >,4mak_A_A,1.1
285,0.0,ILE, ,N,16.0,4.88,1.0,<Residue ILE het=  resseq=39 icode= >,4mak_A_A,1.1
286,0.0,ILE, ,CA,15.5,4.42,1.0,<Residue ILE het=  resseq=39 icode= >,4mak_A_A,1.1
287,0.0,ILE, ,C,15.1,4.83,1.0,<Residue ILE het=  resseq=39 icode= >,4mak_A_A,1.1
288,0.0,ILE, ,O,14.95,6.46,1.0,<Residue ILE het=  resseq=39 icode= >,4mak_A_A,1.1
289,0.0,ILE, ,CB,16.55,4.38,1.0,<Residue ILE het=  resseq=39 icode= >,4mak_A_A,1.1
290,17.49,ILE, ,CG1,18.72,4.16,1.0,<Residue ILE het=  resseq=39 icode= >,4mak_A_A,1.1
291,0.082,ILE, ,CG2,16.62,4.11,1.0,<Residue ILE het=  resseq=39 icode= >,4mak_A_A,1.1
292,34.878,ILE, ,CD1,24.98,1.95,1.0,<Residue ILE het=  resseq=39 icode= >,4mak_A_A,1.1
293,0.0,ARG, ,N,15.44,6.13,1.0,<Residue ARG het=  resseq=40 icode= >,4mak_A_A,1.1
294,0.0,ARG, ,CA,15.04,4.68,1.0,<Residue ARG het=  resseq=40 icode= >,4mak_A_A,1.1
295,0.0,ARG, ,C,14.3,4.68,1.0,<Residue ARG het=  resseq=40 icode= >,4mak_A_A,1.1
296,0.0,ARG, ,O,14.82,7.12,1.0,<Residue ARG het=  resseq=40 icode= >,4mak_A_A,1.1
297,0.0,ARG, ,CB,16.16,4.05,1.0,<Residue ARG het=  resseq=40 icode= >,4mak_A_A,1.1
298,0.123,ARG, ,CG,17.47,3.85,1.0,<Residue ARG het=  resseq=40 icode= >,4mak_A_A,1.1
299,0.219,ARG, ,CD,22.07,2.30,1.0,<Residue ARG het=  resseq=40 icode= >,4mak_A_A,1.1
300,0.131,ARG, ,NE,21.8,3.96,1.0,<Residue ARG het=  resseq=40 icode= >,4mak_A_A,1.1
301,0.0,ARG, ,CZ,22.47,2.42,1.0,<Residue ARG het=  resseq=40 icode= >,4mak_A_A,1.1
302,4.246,ARG, ,NH1,24.23,3.31,1.0,<Residue ARG het=  resseq=40 icode= >,4mak_A_A,1.1
303,27.636,ARG, ,NH2,22.13,3.65,1.0,<Residue ARG het=  resseq=40 icode= >,4mak_A_A,1.1
304,0.0,GLU, ,N,15.01,5.38,1.0,<Residue GLU het=  resseq=41 icode= >,4mak_A_A,1.1
305,0.0,GLU, ,CA,15.16,4.71,1.0,<Residue GLU het=  resseq=41 icode= >,4mak_A_A,1.1
306,0.853,GLU, ,C,14.97,4.60,1.0,<Residue GLU het=  resseq=41 icode= >,4mak_A_A,1.1
307,3.325,GLU, ,O,15.6,6.59,1.0,<Residue GLU het=  resseq=41 icode= >,4mak_A_A,1.1
308,18.962,GLU, ,CB,16.37,4.21,1.0,<Residue GLU het=  resseq=41 icode= >,4mak_A_A,1.1
309,23.131,GLU, ,CG,17.34,3.62,1.0,<Residue GLU het=  resseq=41 icode= >,4mak_A_A,1.1
310,8.111,GLU, ,CD,17.11,4.55,1.0,<Residue GLU het=  resseq=41 icode= >,4mak_A_A,1.1
311,28.149,GLU, ,OE1,17.61,5.58,1.0,<Residue GLU het=  resseq=41 icode= >,4mak_A_A,1.1
312,15.345,GLU, ,OE2,20.08,4.95,1.0,<Residue GLU het=  resseq=41 icode= >,4mak_A_A,1.1
313,1.096,MET, ,N,14.73,5.94,1.0,<Residue MET het=  resseq=42 icode= >,4mak_A_A,1.1
314,2.144,MET, ,CA,15.04,4.61,1.0,<Residue MET het=  resseq=42 icode= >,4mak_A_A,1.1
315,0.0,MET, ,C,14.15,5.41,1.0,<Residue MET het=  resseq=42 icode= >,4mak_A_A,1.1
316,0.0,MET, ,O,14.99,7.45,1.0,<Residue MET het=  resseq=42 icode= >,4mak_A_A,1.1
317,6.781,MET, ,CB,16.04,4.62,1.0,<Residue MET het=  resseq=42 icode= >,4mak_A_A,1.1
318,1.064,MET, ,CG,18.51,2.91,1.0,<Residue MET het=  resseq=42 icode= >,4mak_A_A,1.1
319,6.27,MET, ,SD,20.76,7.85,1.0,<Residue MET het=  resseq=42 icode= >,4mak_A_A,1.1
320,64.075,MET, ,CE,21.03,3.06,1.0,<Residue MET het=  resseq=42 icode= >,4mak_A_A,1.1
321,0.0,ILE, ,N,13.98,6.35,1.0,<Residue ILE het=  resseq=43 icode= >,4mak_A_A,1.1
322,0.249,ILE, ,CA,14.34,4.67,1.0,<Residue ILE het=  resseq=43 icode= >,4mak_A_A,1.1
323,0.0,ILE, ,C,13.93,5.75,1.0,<Residue ILE het=  resseq=43 icode= >,4mak_A_A,1.1
324,0.0,ILE, ,O,14.6,7.79,1.0,<Residue ILE het=  resseq=43 icode= >,4mak_A_A,1.1
325,0.0,ILE, ,CB,13.9,4.86,1.0,<Residue ILE het=  resseq=43 icode= >,4mak_A_A,1.1
326,0.526,ILE, ,CG1,14.88,4.70,1.0,<Residue ILE het=  resseq=43 icode= >,4mak_A_A,1.1
327,0.0,ILE, ,CG2,14.74,4.65,1.0,<Residue ILE het=  resseq=43 icode= >,4mak_A_A,1.1
328,0.0,ILE, ,CD1,14.96,4.25,1.0,<Residue ILE het=  resseq=43 icode= >,4mak_A_A,1.1
329,0.0,TRP, ,N,14.2,6.15,1.0,<Residue TRP het=  resseq=44 icode= >,4mak_A_A,1.1
330,0.0,TRP, ,CA,14.6,4.88,1.0,<Residue TRP het=  resseq=44 icode= >,4mak_A_A,1.1
331,0.0,TRP, ,C,14.43,4.64,1.0,<Residue TRP het=  resseq=44 icode= >,4mak_A_A,1.1
332,0.0,TRP, ,O,15.07,6.65,1.0,<Residue TRP het=  resseq=44 icode= >,4mak_A_A,1.1
333,0.583,TRP, ,CB,15.12,4.57,1.0,<Residue TRP het=  resseq=44 icode= >,4mak_A_A,1.1
334,0.0,TRP, ,CG,14.7,4.80,1.0,<Residue TRP het=  resseq=44 icode= >,4mak_A_A,1.1
335,0.519,TRP, ,CD1,15.44,4.88,1.0,<Residue TRP het=  resseq=44 icode= >,4mak_A_A,1.1
336,0.812,TRP, ,CD2,15.02,4.52,1.0,<Residue TRP het=  resseq=44 icode= >,4mak_A_A,1.1
337,8.123,TRP, ,NE1,16.28,5.60,1.0,<Residue TRP het=  resseq=44 icode= >,4mak_A_A,1.1
338,2.829,TRP, ,CE2,15.46,4.92,1.0,<Residue TRP het=  resseq=44 icode= >,4mak_A_A,1.1
339,8.804,TRP, ,CE3,15.46,4.45,1.0,<Residue TRP het=  resseq=44 icode= >,4mak_A_A,1.1
340,12.405,TRP, ,CZ2,15.94,4.05,1.0,<Residue TRP het=  resseq=44 icode= >,4mak_A_A,1.1
341,19.808,TRP, ,CZ3,16.24,4.44,1.0,<Residue TRP het=  resseq=44 icode= >,4mak_A_A,1.1
342,30.715,TRP, ,CH2,16.6,4.06,1.0,<Residue TRP het=  resseq=44 icode= >,4mak_A_A,1.1
343,0.198,GLU, ,N,14.79,5.81,1.0,<Residue GLU het=  resseq=45 icode= >,4mak_A_A,1.1
344,4.056,GLU, ,CA,15.18,5.37,1.0,<Residue GLU het=  resseq=45 icode= >,4mak_A_A,1.1
345,0.0,GLU, ,C,14.67,5.43,1.0,<Residue GLU het=  resseq=45 icode= >,4mak_A_A,1.1
346,4.05,GLU, ,O,15.73,6.81,1.0,<Residue GLU het=  resseq=45 icode= >,4mak_A_A,1.1
347,8.605,GLU, ,CB,16.32,4.03,1.0,<Residue GLU het=  resseq=45 icode= >,4mak_A_A,1.1
348,19.677,GLU, ,CG,17.92,3.30,1.0,<Residue GLU het=  resseq=45 icode= >,4mak_A_A,1.1
349,8.302,GLU, ,CD,24.9,2.17,1.0,<Residue GLU het=  resseq=45 icode= >,4mak_A_A,1.1
350,26.642,GLU, ,OE1,33.39,2.39,1.0,<Residue GLU het=  resseq=45 icode= >,4mak_A_A,1.1
351,33.563,GLU, ,OE2,25.37,3.38,1.0,<Residue GLU het=  resseq=45 icode= >,4mak_A_A,1.1
352,0.0,GLN, ,N,14.77,5.93,1.0,<Residue GLN het=  resseq=46 icode= >,4mak_A_A,1.1
353,0.364,GLN, ,CA,14.99,4.96,1.0,<Residue GLN het=  resseq=46 icode= >,4mak_A_A,1.1
354,0.0,GLN, ,C,14.92,4.84,1.0,<Residue GLN het=  resseq=46 icode= >,4mak_A_A,1.1
355,0.0,GLN, ,O,16.33,5.84,1.0,<Residue GLN het=  resseq=46 icode= >,4mak_A_A,1.1
356,1.493,GLN, ,CB,15.21,4.59,1.0,<Residue GLN het=  resseq=46 icode= >,4mak_A_A,1.1
357,1.628,GLN, ,CG,15.39,4.39,1.0,<Residue GLN het=  resseq=46 icode= >,4mak_A_A,1.1
358,3.531,GLN, ,CD,16.95,4.45,1.0,<Residue GLN het=  resseq=46 icode= >,4mak_A_A,1.1
359,10.532,GLN, ,OE1,19.34,4.72,1.0,<Residue GLN het=  resseq=46 icode= >,4mak_A_A,1.1
360,8.593,GLN, ,NE2,16.33,5.73,1.0,<Residue GLN het=  resseq=46 icode= >,4mak_A_A,1.1
361,0.0,ILE, ,N,14.74,5.93,1.0,<Residue ILE het=  resseq=47 icode= >,4mak_A_A,1.1
362,0.0,ILE, ,CA,14.74,4.72,1.0,<Residue ILE het=  resseq=47 icode= >,4mak_A_A,1.1
363,0.0,ILE, ,C,15.56,5.42,1.0,<Residue ILE het=  resseq=47 icode= >,4mak_A_A,1.1
364,0.016,ILE, ,O,16.61,6.78,1.0,<Residue ILE het=  resseq=47 icode= >,4mak_A_A,1.1
365,0.0,ILE, ,CB,15.31,4.52,1.0,<Residue ILE het=  resseq=47 icode= >,4mak_A_A,1.1
366,0.0,ILE, ,CG1,15.32,4.46,1.0,<Residue ILE het=  resseq=47 icode= >,4mak_A_A,1.1
367,0.0,ILE, ,CG2,16.23,4.43,1.0,<Residue ILE het=  resseq=47 icode= >,4mak_A_A,1.1
368,0.0,ILE, ,CD1,15.92,4.23,1.0,<Residue ILE het=  resseq=47 icode= >,4mak_A_A,1.1
369,0.0,ALA, ,N,15.71,6.30,1.0,<Residue ALA het=  resseq=48 icode= >,4mak_A_A,1.1
370,4.519,ALA, ,CA,17.57,4.28,1.0,<Residue ALA het=  resseq=48 icode= >,4mak_A_A,1.1
371,0.591,ALA, ,C,18.69,4.21,1.0,<Residue ALA het=  resseq=48 icode= >,4mak_A_A,1.1
372,27.913,ALA, ,O,21.95,4.77,1.0,<Residue ALA het=  resseq=48 icode= >,4mak_A_A,1.1
373,26.879,ALA, ,CB,17.94,4.24,1.0,<Residue ALA het=  resseq=48 icode= >,4mak_A_A,1.1
374,0.738,GLY, ,N,18.54,5.13,1.0,<Residue GLY het=  resseq=49 icode= >,4mak_A_A,1.1
375,32.249,GLY, ,CA,20.38,3.50,1.0,<Residue GLY het=  resseq=49 icode= >,4mak_A_A,1.1
376,0.658,GLY, ,C,21.29,3.67,1.0,<Residue GLY het=  resseq=49 icode= >,4mak_A_A,1.1
377,26.488,GLY, ,O,25.46,3.65,1.0,<Residue GLY het=  resseq=49 icode= >,4mak_A_A,1.1
378,0.0,LEU, ,N,18.83,4.79,1.0,<Residue LEU het=  resseq=50 icode= >,4mak_A_A,1.1
379,0.774,LEU, ,CA,19.36,3.93,1.0,<Residue LEU het=  resseq=50 icode= >,4mak_A_A,1.1
380,0.0,LEU, ,C,20.05,4.05,1.0,<Residue LEU het=  resseq=50 icode= >,4mak_A_A,1.1
381,0.458,LEU, ,O,22.72,4.41,1.0,<Residue LEU het=  resseq=50 icode= >,4mak_A_A,1.1
382,0.332,LEU, ,CB,20.1,3.53,1.0,<Residue LEU het=  resseq=50 icode= >,4mak_A_A,1.1
383,0.47,LEU, ,CG,21.63,3.20,1.0,<Residue LEU het=  resseq=50 icode= >,4mak_A_A,1.1
384,0.0,LEU, ,CD1,23.48,2.81,1.0,<Residue LEU het=  resseq=50 icode= >,4mak_A_A,1.1
385,36.734,LEU, ,CD2,24.96,2.01,1.0,<Residue LEU het=  resseq=50 icode= >,4mak_A_A,1.1
386,0.0,ALA, ,N,19.27,4.70,1.0,<Residue ALA het=  resseq=51 icode= >,4mak_A_A,1.1
387,0.0,ALA, ,CA,19.67,3.52,1.0,<Residue ALA het=  resseq=51 icode= >,4mak_A_A,1.1
388,0.0,ALA, ,C,20.33,3.32,1.0,<Residue ALA het=  resseq=51 icode= >,4mak_A_A,1.1
389,0.0,ALA, ,O,20.18,4.74,1.0,<Residue ALA het=  resseq=51 icode= >,4mak_A_A,1.1
390,7.261,ALA, ,CB,21.12,3.77,1.0,<Residue ALA het=  resseq=51 icode= >,4mak_A_A,1.1
391,4.079,GLU, ,N,21.04,3.98,1.0,<Residue GLU het=  resseq=52 icode= >,4mak_A_A,1.1
392,13.774,GLU, ,CA,21.02,3.40,1.0,<Residue GLU het=  resseq=52 icode= >,4mak_A_A,1.1
393,2.304,GLU, ,C,21.57,3.76,1.0,<Residue GLU het=  resseq=52 icode= >,4mak_A_A,1.1
394,23.046,GLU, ,O,22.95,4.53,1.0,<Residue GLU het=  resseq=52 icode= >,4mak_A_A,1.1
395,8.216,GLU, ,CB,23.2,2.91,1.0,<Residue GLU het=  resseq=52 icode= >,4mak_A_A,1.1
396,17.401,GLU, ,CG,26.4,2.14,1.0,<Residue GLU het=  resseq=52 icode= >,4mak_A_A,1.1
397,7.626,GLU, ,CD,29.5,2.07,1.0,<Residue GLU het=  resseq=52 icode= >,4mak_A_A,1.1
398,36.294,GLU, ,OE1,39.46,1.76,1.0,<Residue GLU het=  resseq=52 icode= >,4mak_A_A,1.1
399,31.359,GLU, ,OE2,31.61,2.34,1.0,<Residue GLU het=  resseq=52 icode= >,4mak_A_A,1.1
400,1.407,GLU, ,N,20.67,4.56,1.0,<Residue GLU het=  resseq=53 icode= >,4mak_A_A,1.1
401,6.571,GLU, ,CA,20.68,3.06,1.0,<Residue GLU het=  resseq=53 icode= >,4mak_A_A,1.1
402,0.748,GLU, ,C,21.43,3.10,1.0,<Residue GLU het=  resseq=53 icode= >,4mak_A_A,1.1
403,18.281,GLU, ,O,23.63,4.25,1.0,<Residue GLU het=  resseq=53 icode= >,4mak_A_A,1.1
404,21.624,GLU, ,CB,21.46,2.49,1.0,<Residue GLU het=  resseq=53 icode= >,4mak_A_A,1.1
405,26.334,GLU, ,CG,24.03,2.01,1.0,<Residue GLU het=  resseq=53 icode= >,4mak_A_A,1.1
406,15.696,GLU, ,CD,25.33,2.78,1.0,<Residue GLU het=  resseq=53 icode= >,4mak_A_A,1.1
407,35.78,GLU, ,OE1,24.64,4.15,1.0,<Residue GLU het=  resseq=53 icode= >,4mak_A_A,1.1
408,41.466,GLU, ,OE2,33.79,2.17,1.0,<Residue GLU het=  resseq=53 icode= >,4mak_A_A,1.1
409,0.0,GLY, ,N,20.79,4.28,1.0,<Residue GLY het=  resseq=54 icode= >,4mak_A_A,1.1
410,0.073,GLY, ,CA,19.94,3.65,1.0,<Residue GLY het=  resseq=54 icode= >,4mak_A_A,1.1
411,0.0,GLY, ,C,19.43,4.49,1.0,<Residue GLY het=  resseq=54 icode= >,4mak_A_A,1.1
412,0.274,GLY, ,O,24.61,4.35,1.0,<Residue GLY het=  resseq=54 icode= >,4mak_A_A,1.1
413,0.0,ASN, ,N,20.22,4.82,1.0,<Residue ASN het=  resseq=55 icode= >,4mak_A_A,1.1
414,0.0,ASN, ,CA,22.43,3.40,1.0,<Residue ASN het=  resseq=55 icode= >,4mak_A_A,1.1
415,1.222,ASN, ,C,19.17,4.72,1.0,<Residue ASN het=  resseq=55 icode= >,4mak_A_A,1.1
416,1.126,ASN, ,O,19.93,5.68,1.0,<Residue ASN het=  resseq=55 icode= >,4mak_A_A,1.1
417,18.946,ASN, ,CB,24.68,3.03,1.0,<Residue ASN het=  resseq=55 icode= >,4mak_A_A,1.1
418,5.728,ASN, ,CG,32.88,2.44,1.0,<Residue ASN het=  resseq=55 icode= >,4mak_A_A,1.1
419,16.502,ASN, ,OD1,42.32,1.55,1.0,<Residue ASN het=  resseq=55 icode= >,4mak_A_A,1.1
420,18.963,ASN, ,ND2,37.63,2.17,1.0,<Residue ASN het=  resseq=55 icode= >,4mak_A_A,1.1
421,0.5,VAL, ,N,17.64,5.06,1.0,<Residue VAL het=  resseq=56 icode= >,4mak_A_A,1.1
422,0.552,VAL, ,CA,16.7,4.40,1.0,<Residue VAL het=  resseq=56 icode= >,4mak_A_A,1.1
423,0.413,VAL, ,C,16.94,4.58,1.0,<Residue VAL het=  resseq=56 icode= >,4mak_A_A,1.1
424,0.727,VAL, ,O,17.47,6.41,1.0,<Residue VAL het=  resseq=56 icode= >,4mak_A_A,1.1
425,0.0,VAL, ,CB,16.57,4.49,1.0,<Residue VAL het=  resseq=56 icode= >,4mak_A_A,1.1
426,0.0,VAL, ,CG1,17.21,4.55,1.0,<Residue VAL het=  resseq=56 icode= >,4mak_A_A,1.1
427,0.0,VAL, ,CG2,18.21,3.44,1.0,<Residue VAL het=  resseq=56 icode= >,4mak_A_A,1.1
428,0.0,VAL, ,N,16.41,5.40,1.0,<Residue VAL het=  resseq=57 icode= >,4mak_A_A,1.1
429,0.0,VAL, ,CA,16.93,3.75,1.0,<Residue VAL het=  resseq=57 icode= >,4mak_A_A,1.1
430,0.0,VAL, ,C,15.42,4.95,1.0,<Residue VAL het=  resseq=57 icode= >,4mak_A_A,1.1
431,0.136,VAL, ,O,16.52,6.78,1.0,<Residue VAL het=  resseq=57 icode= >,4mak_A_A,1.1
432,0.0,VAL, ,CB,19.95,3.79,1.0,<Residue VAL het=  resseq=57 icode= >,4mak_A_A,1.1
433,20.93,VAL, ,CG1,20.48,3.27,1.0,<Residue VAL het=  resseq=57 icode= >,4mak_A_A,1.1
434,38.456,VAL, ,CG2,21.69,3.23,1.0,<Residue VAL het=  resseq=57 icode= >,4mak_A_A,1.1
435,0.0,MET, ,N,15.22,6.04,1.0,<Residue MET het=  resseq=58 icode= >,4mak_A_A,1.1
436,0.0,MET, ,CA,14.77,5.23,1.0,<Residue MET het=  resseq=58 icode= >,4mak_A_A,1.1
437,0.0,MET, ,C,15.03,5.27,1.0,<Residue MET het=  resseq=58 icode= >,4mak_A_A,1.1
438,0.0,MET, ,O,16.58,6.27,1.0,<Residue MET het=  resseq=58 icode= >,4mak_A_A,1.1
439,0.0,MET, ,CB,17.61,4.09,1.0,<Residue MET het=  resseq=58 icode= >,4mak_A_A,1.1
440,0.0,MET, ,CG,19.69,3.27,1.0,<Residue MET het=  resseq=58 icode= >,4mak_A_A,1.1
441,0.0,MET, ,SD,19.33,11.29,1.0,<Residue MET het=  resseq=58 icode= >,4mak_A_A,1.1
442,0.0,MET, ,CE,19.93,3.31,1.0,<Residue MET het=  resseq=58 icode= >,4mak_A_A,1.1
443,0.045,ALA, ,N,14.36,6.00,1.0,<Residue ALA het=  resseq=59 icode= >,4mak_A_A,1.1
444,0.0,ALA, ,CA,14.87,4.68,1.0,<Residue ALA het=  resseq=59 icode= >,4mak_A_A,1.1
445,1.684,ALA, ,C,14.66,4.73,1.0,<Residue ALA het=  resseq=59 icode= >,4mak_A_A,1.1
446,0.725,ALA, ,O,15.18,6.95,1.0,<Residue ALA het=  resseq=59 icode= >,4mak_A_A,1.1
447,31.93,ALA, ,CB,15.92,4.37,1.0,<Residue ALA het=  resseq=59 icode= >,4mak_A_A,1.1
448,0.0,TRP, ,N,14.91,5.63,1.0,<Residue TRP het=  resseq=60 icode= >,4mak_A_A,1.1
449,0.721,TRP, ,CA,15.19,4.33,1.0,<Residue TRP het=  resseq=60 icode= >,4mak_A_A,1.1
450,1.523,TRP, ,C,15.14,4.72,1.0,<Residue TRP het=  resseq=60 icode= >,4mak_A_A,1.1
451,0.0,TRP, ,O,16.1,6.23,1.0,<Residue TRP het=  resseq=60 icode= >,4mak_A_A,1.1
452,0.13,TRP, ,CB,15.59,4.12,1.0,<Residue TRP het=  resseq=60 icode= >,4mak_A_A,1.1
453,0.0,TRP, ,CG,16.34,4.37,1.0,<Residue TRP het=  resseq=60 icode= >,4mak_A_A,1.1
454,0.0,TRP, ,CD1,16.77,4.12,1.0,<Residue TRP het=  resseq=60 icode= >,4mak_A_A,1.1
455,0.0,TRP, ,CD2,16.71,4.45,1.0,<Residue TRP het=  resseq=60 icode= >,4mak_A_A,1.1
456,2.583,TRP, ,NE1,17.95,4.58,1.0,<Residue TRP het=  resseq=60 icode= >,4mak_A_A,1.1
457,0.0,TRP, ,CE2,17.36,4.35,1.0,<Residue TRP het=  resseq=60 icode= >,4mak_A_A,1.1
458,0.0,TRP, ,CE3,16.81,4.23,1.0,<Residue TRP het=  resseq=60 icode= >,4mak_A_A,1.1
459,9.235,TRP, ,CZ2,19.12,4.05,1.0,<Residue TRP het=  resseq=60 icode= >,4mak_A_A,1.1
460,0.0,TRP, ,CZ3,18.42,3.55,1.0,<Residue TRP het=  resseq=60 icode= >,4mak_A_A,1.1
461,5.394,TRP, ,CH2,20.06,3.13,1.0,<Residue TRP het=  resseq=60 icode= >,4mak_A_A,1.1
462,0.717,ALA, ,N,15.31,5.75,1.0,<Residue ALA het=  resseq=61 icode= >,4mak_A_A,1.1
463,1.154,ALA, ,CA,15.87,4.84,1.0,<Residue ALA het=  resseq=61 icode= >,4mak_A_A,1.1
464,0.545,ALA, ,C,17.2,4.05,1.0,<Residue ALA het=  resseq=61 icode= >,4mak_A_A,1.1
465,1.938,ALA, ,O,18.37,5.90,1.0,<Residue ALA het=  resseq=61 icode= >,4mak_A_A,1.1
466,34.19,ALA, ,CB,16.48,4.32,1.0,<Residue ALA het=  resseq=61 icode= >,4mak_A_A,1.1
467,0.004,THR, ,N,17.2,5.22,1.0,<Residue THR het=  resseq=62 icode= >,4mak_A_A,1.1
468,7.656,THR, ,CA,18.95,3.99,1.0,<Residue THR het=  resseq=62 icode= >,4mak_A_A,1.1
469,2.151,THR, ,C,18.71,4.08,1.0,<Residue THR het=  resseq=62 icode= >,4mak_A_A,1.1
470,8.648,THR, ,O,21.28,5.03,1.0,<Residue THR het=  resseq=62 icode= >,4mak_A_A,1.1
471,4.032,THR, ,CB,20.58,3.79,1.0,<Residue THR het=  resseq=62 icode= >,4mak_A_A,1.1
472,0.0,THR, ,OG1,25.66,3.32,1.0,<Residue THR het=  resseq=62 icode= >,4mak_A_A,1.1
473,8.614,THR, ,CG2,24.07,2.87,1.0,<Residue THR het=  resseq=62 icode= >,4mak_A_A,1.1
474,6.626,ASN, ,N,22.3,4.33,1.0,<Residue ASN het=  resseq=63 icode= >,4mak_A_A,1.1
475,3.387,ASN, ,CA,25.09,2.90,1.0,<Residue ASN het=  resseq=63 icode= >,4mak_A_A,1.1
476,2.025,ASN, ,C,30.39,2.84,1.0,<Residue ASN het=  resseq=63 icode= >,4mak_A_A,1.1
477,25.509,ASN, ,O,57.78,0.98,1.0,<Residue ASN het=  resseq=63 icode= >,4mak_A_A,1.1
478,27.394,ASN, ,CB,30.43,2.10,1.0,<Residue ASN het=  resseq=63 icode= >,4mak_A_A,1.1
479,6.967,ASN, ,CG,38.17,1.82,1.0,<Residue ASN het=  resseq=63 icode= >,4mak_A_A,1.1
480,32.94,ASN, ,OD1,47.87,0.82,1.0,<Residue ASN het=  resseq=63 icode= >,4mak_A_A,1.1
481,58.192,ASN, ,ND2,46.53,1.11,1.0,<Residue ASN het=  resseq=63 icode= >,4mak_A_A,1.1
482,0.0,THR, ,N,28.15,3.00,1.0,<Residue THR het=  resseq=64 icode= >,4mak_A_A,1.1
483,6.569,THR, ,CA,29.27,2.68,1.0,<Residue THR het=  resseq=64 icode= >,4mak_A_A,1.1
484,2.545,THR, ,C,26.07,3.29,1.0,<Residue THR het=  resseq=64 icode= >,4mak_A_A,1.1
485,11.886,THR, ,O,25.79,4.62,1.0,<Residue THR het=  resseq=64 icode= >,4mak_A_A,1.1
486,12.567,THR, ,CB,32.5,1.92,1.0,<Residue THR het=  resseq=64 icode= >,4mak_A_A,1.1
487,1.131,THR, ,OG1,34.22,2.69,1.0,<Residue THR het=  resseq=64 icode= >,4mak_A_A,1.1
488,44.153,THR, ,CG2,34.63,1.15,1.0,<Residue THR het=  resseq=64 icode= >,4mak_A_A,1.1
489,1.221,GLU, ,N,29.02,2.69,1.0,<Residue GLU het=  resseq=65 icode= >,4mak_A_A,1.1
490,2.934,GLU, ,CA,25.89,2.37,1.0,<Residue GLU het=  resseq=65 icode= >,4mak_A_A,1.1
491,1.125,GLU, ,C,21.55,4.28,1.0,<Residue GLU het=  resseq=65 icode= >,4mak_A_A,1.1
492,26.81,GLU, ,O,22.77,4.77,1.0,<Residue GLU het=  resseq=65 icode= >,4mak_A_A,1.1
493,26.662,GLU, ,CB,25.9,2.06,1.0,<Residue GLU het=  resseq=65 icode= >,4mak_A_A,1.1
494,36.91,GLU, ,CG,26.68,1.93,1.0,<Residue GLU het=  resseq=65 icode= >,4mak_A_A,1.1
495,8.958,GLU, ,CD,26.39,2.87,1.0,<Residue GLU het=  resseq=65 icode= >,4mak_A_A,1.1
496,32.754,GLU, ,OE1,28.25,3.73,1.0,<Residue GLU het=  resseq=65 icode= >,4mak_A_A,1.1
497,41.584,GLU, ,OE2,44.39,1.48,1.0,<Residue GLU het=  resseq=65 icode= >,4mak_A_A,1.1
498,0.626,THR, ,N,21.4,3.89,1.0,<Residue THR het=  resseq=66 icode= >,4mak_A_A,1.1
499,9.069,THR, ,CA,19.53,4.24,1.0,<Residue THR het=  resseq=66 icode= >,4mak_A_A,1.1
500,0.178,THR, ,C,17.88,5.10,1.0,<Residue THR het=  resseq=66 icode= >,4mak_A_A,1.1
501,17.177,THR, ,O,18.37,6.10,1.0,<Residue THR het=  resseq=66 icode= >,4mak_A_A,1.1
502,6.423,THR, ,CB,21.24,3.71,1.0,<Residue THR het=  resseq=66 icode= >,4mak_A_A,1.1
503,33.777,THR, ,OG1,27.67,3.67,1.0,<Residue THR het=  resseq=66 icode= >,4mak_A_A,1.1
504,26.277,THR, ,CG2,21.95,2.86,1.0,<Residue THR het=  resseq=66 icode= >,4mak_A_A,1.1
505,0.0,GLY, ,N,17.76,5.71,1.0,<Residue GLY het=  resseq=67 icode= >,4mak_A_A,1.1
506,18.913,GLY, ,CA,16.99,4.53,1.0,<Residue GLY het=  resseq=67 icode= >,4mak_A_A,1.1
507,1.34,GLY, ,C,15.89,5.40,1.0,<Residue GLY het=  resseq=67 icode= >,4mak_A_A,1.1
508,10.081,GLY, ,O,16.67,6.59,1.0,<Residue GLY het=  resseq=67 icode= >,4mak_A_A,1.1
509,0.0,PHE, ,N,16.92,5.28,1.0,<Residue PHE het=  resseq=68 icode= >,4mak_A_A,1.1
510,0.0,PHE, ,CA,16.83,4.49,1.0,<Residue PHE het=  resseq=68 icode= >,4mak_A_A,1.1
511,0.0,PHE, ,C,16.4,4.79,1.0,<Residue PHE het=  resseq=68 icode= >,4mak_A_A,1.1
512,4.476,PHE, ,O,18.18,5.95,1.0,<Residue PHE het=  resseq=68 icode= >,4mak_A_A,1.1
513,12.376,PHE, ,CB,17.44,3.90,1.0,<Residue PHE het=  resseq=68 icode= >,4mak_A_A,1.1
514,1.786,PHE, ,CG,16.93,4.28,1.0,<Residue PHE het=  resseq=68 icode= >,4mak_A_A,1.1
515,13.898,PHE, ,CD1,18.07,3.90,1.0,<Residue PHE het=  resseq=68 icode= >,4mak_A_A,1.1
516,4.055,PHE, ,CD2,18.13,3.81,1.0,<Residue PHE het=  resseq=68 icode= >,4mak_A_A,1.1
517,22.542,PHE, ,CE1,20.1,3.79,1.0,<Residue PHE het=  resseq=68 icode= >,4mak_A_A,1.1
518,13.177,PHE, ,CE2,20.26,3.74,1.0,<Residue PHE het=  resseq=68 icode= >,4mak_A_A,1.1
519,29.319,PHE, ,CZ,20.84,4.34,1.0,<Residue PHE het=  resseq=68 icode= >,4mak_A_A,1.1
520,0.0,GLU, ,N,16.99,5.58,1.0,<Residue GLU het=  resseq=69 icode= >,4mak_A_A,1.1
521,4.266,GLU, ,CA,17.33,4.37,1.0,<Residue GLU het=  resseq=69 icode= >,4mak_A_A,1.1
522,0.0,GLU, ,C,15.52,4.74,1.0,<Residue GLU het=  resseq=69 icode= >,4mak_A_A,1.1
523,0.0,GLU, ,O,16.19,6.26,1.0,<Residue GLU het=  resseq=69 icode= >,4mak_A_A,1.1
524,1.269,GLU, ,CB,22.52,3.66,1.0,<Residue GLU het=  resseq=69 icode= >,4mak_A_A,1.1
525,13.882,GLU, ,CG,29.52,1.25,1.0,<Residue GLU het=  resseq=69 icode= >,4mak_A_A,1.1
526,9.415,GLU, ,CD,40.52,1.54,1.0,<Residue GLU het=  resseq=69 icode= >,4mak_A_A,1.1
527,28.828,GLU, ,OE1,40.4,1.83,1.0,<Residue GLU het=  resseq=69 icode= >,4mak_A_A,1.1
528,28.326,GLU, ,OE2,54.17,1.06,1.0,<Residue GLU het=  resseq=69 icode= >,4mak_A_A,1.1
529,1.831,PHE, ,N,15.79,5.33,1.0,<Residue PHE het=  resseq=70 icode= >,4mak_A_A,1.1
530,0.0,PHE, ,CA,15.83,4.55,1.0,<Residue PHE het=  resseq=70 icode= >,4mak_A_A,1.1
531,0.0,PHE, ,C,15.61,4.82,1.0,<Residue PHE het=  resseq=70 icode= >,4mak_A_A,1.1
532,19.254,PHE, ,O,17.76,6.01,1.0,<Residue PHE het=  resseq=70 icode= >,4mak_A_A,1.1
533,1.93,PHE, ,CB,15.9,4.25,1.0,<Residue PHE het=  resseq=70 icode= >,4mak_A_A,1.1
534,2.302,PHE, ,CG,17.94,4.07,1.0,<Residue PHE het=  resseq=70 icode= >,4mak_A_A,1.1
535,5.235,PHE, ,CD1,19.46,3.82,1.0,<Residue PHE het=  resseq=70 icode= >,4mak_A_A,1.1
536,3.521,PHE, ,CD2,19.23,3.38,1.0,<Residue PHE het=  resseq=70 icode= >,4mak_A_A,1.1
537,29.69,PHE, ,CE1,22.09,3.49,1.0,<Residue PHE het=  resseq=70 icode= >,4mak_A_A,1.1
538,25.552,PHE, ,CE2,22.57,2.64,1.0,<Residue PHE het=  resseq=70 icode= >,4mak_A_A,1.1
539,35.762,PHE, ,CZ,21.98,3.91,1.0,<Residue PHE het=  resseq=70 icode= >,4mak_A_A,1.1
540,0.0,GLN, ,N,15.55,5.79,1.0,<Residue GLN het=  resseq=71 icode= >,4mak_A_A,1.1
541,2.009,GLN, ,CA,15.63,4.52,1.0,<Residue GLN het=  resseq=71 icode= >,4mak_A_A,1.1
542,0.0,GLN, ,C,15.73,4.62,1.0,<Residue GLN het=  resseq=71 icode= >,4mak_A_A,1.1
543,0.0,GLN, ,O,16.9,6.23,1.0,<Residue GLN het=  resseq=71 icode= >,4mak_A_A,1.1
544,0.486,GLN, ,CB,16.03,4.22,1.0,<Residue GLN het=  resseq=71 icode= >,4mak_A_A,1.1
545,0.0,GLN, ,CG,16.94,3.93,1.0,<Residue GLN het=  resseq=71 icode= >,4mak_A_A,1.1
546,2.023,GLN, ,CD,16.91,5.20,1.0,<Residue GLN het=  resseq=71 icode= >,4mak_A_A,1.1
547,27.904,GLN, ,OE1,17.35,6.58,1.0,<Residue GLN het=  resseq=71 icode= >,4mak_A_A,1.1
548,34.619,GLN, ,NE2,18.55,5.09,1.0,<Residue GLN het=  resseq=71 icode= >,4mak_A_A,1.1
549,1.772,THR, ,N,16.88,5.16,1.0,<Residue THR het=  resseq=72 icode= >,4mak_A_A,1.1
550,0.0,THR, ,CA,18.19,3.89,1.0,<Residue THR het=  resseq=72 icode= >,4mak_A_A,1.1
551,0.566,THR, ,C,18.44,4.48,1.0,<Residue THR het=  resseq=72 icode= >,4mak_A_A,1.1
552,7.706,THR, ,O,19.87,5.23,1.0,<Residue THR het=  resseq=72 icode= >,4mak_A_A,1.1
553,9.981,THR, ,CB,21.49,3.04,1.0,<Residue THR het=  resseq=72 icode= >,4mak_A_A,1.1
554,29.247,THR, ,OG1,24.43,3.66,1.0,<Residue THR het=  resseq=72 icode= >,4mak_A_A,1.1
555,27.097,THR, ,CG2,20.97,3.42,1.0,<Residue THR het=  resseq=72 icode= >,4mak_A_A,1.1
556,0.0,PHE, ,N,18.86,4.98,1.0,<Residue PHE het=  resseq=73 icode= >,4mak_A_A,1.1
557,7.008,PHE, ,CA,20.81,3.50,1.0,<Residue PHE het=  resseq=73 icode= >,4mak_A_A,1.1
558,0.191,PHE, ,C,23.18,3.61,1.0,<Residue PHE het=  resseq=73 icode= >,4mak_A_A,1.1
559,2.258,PHE, ,O,22.78,4.93,1.0,<Residue PHE het=  resseq=73 icode= >,4mak_A_A,1.1
560,6.144,PHE, ,CB,20.57,3.46,1.0,<Residue PHE het=  resseq=73 icode= >,4mak_A_A,1.1
561,0.0,PHE, ,CG,18.83,4.02,1.0,<Residue PHE het=  resseq=73 icode= >,4mak_A_A,1.1
562,0.0,PHE, ,CD1,18.68,3.98,1.0,<Residue PHE het=  resseq=73 icode= >,4mak_A_A,1.1
563,11.479,PHE, ,CD2,21.38,3.60,1.0,<Residue PHE het=  resseq=73 icode= >,4mak_A_A,1.1
564,0.0,PHE, ,CE1,18.88,3.98,1.0,<Residue PHE het=  resseq=73 icode= >,4mak_A_A,1.1
565,0.063,PHE, ,CE2,20.16,4.15,1.0,<Residue PHE het=  resseq=73 icode= >,4mak_A_A,1.1
566,0.0,PHE, ,CZ,20.52,3.23,1.0,<Residue PHE het=  resseq=73 icode= >,4mak_A_A,1.1
567,15.463,GLY, ,N,26.55,3.14,1.0,<Residue GLY het=  resseq=74 icode= >,4mak_A_A,1.1
568,17.778,GLY, ,CA,33.75,1.93,1.0,<Residue GLY het=  resseq=74 icode= >,4mak_A_A,1.1
569,32.478,GLY, ,C,52.95,1.39,1.0,<Residue GLY het=  resseq=74 icode= >,4mak_A_A,1.1
570,31.443,GLY, ,O,56.98,1.09,1.0,<Residue GLY het=  resseq=74 icode= >,4mak_A_A,1.1
