,ASA,aa,altloc,atom,bfac,dens,occ,residue,id,resolu
0,37.658,ASP, ,N,60.43,1.31,1.0,<Residue ASP het=  resseq=0 icode= >,4mzm_A_A,2.1
1,8.899,ASP, ,CA,64.23,1.39,1.0,<Residue ASP het=  resseq=0 icode= >,4mzm_A_A,2.1
2,4.515,ASP, ,C,58.01,1.62,1.0,<Residue ASP het=  resseq=0 icode= >,4mzm_A_A,2.1
3,11.731,ASP, ,O,59.1,1.42,1.0,<Residue ASP het=  resseq=0 icode= >,4mzm_A_A,2.1
4,17.715,ASP, ,CB,69.94,0.09,1.0,<Residue ASP het=  resseq=0 icode= >,4mzm_A_A,2.1
5,14.177,ASP, ,CG,69.79,1.45,1.0,<Residue ASP het=  resseq=0 icode= >,4mzm_A_A,2.1
6,35.423,ASP, ,OD1,73.92,0.91,1.0,<Residue ASP het=  resseq=0 icode= >,4mzm_A_A,2.1
7,38.305,ASP, ,OD2,64.0,1.20,1.0,<Residue ASP het=  resseq=0 icode= >,4mzm_A_A,2.1
8,0.473,PRO, ,N,48.66,1.77,1.0,<Residue PRO het=  resseq=1 icode= >,4mzm_A_A,2.1
9,11.831,PRO, ,CA,35.7,2.31,1.0,<Residue PRO het=  resseq=1 icode= >,4mzm_A_A,2.1
10,0.0,PRO, ,C,36.12,2.93,1.0,<Residue PRO het=  resseq=1 icode= >,4mzm_A_A,2.1
11,3.093,PRO, ,O,38.05,2.22,1.0,<Residue PRO het=  resseq=1 icode= >,4mzm_A_A,2.1
12,7.217,PRO, ,CB,33.56,1.87,1.0,<Residue PRO het=  resseq=1 icode= >,4mzm_A_A,2.1
13,33.898,PRO, ,CG,46.27,0.86,1.0,<Residue PRO het=  resseq=1 icode= >,4mzm_A_A,2.1
14,19.383,PRO, ,CD,47.35,1.34,1.0,<Residue PRO het=  resseq=1 icode= >,4mzm_A_A,2.1
15,2.726,ILE, ,N,37.1,2.16,1.0,<Residue ILE het=  resseq=2 icode= >,4mzm_A_A,2.1
16,0.0,ILE, ,CA,33.26,2.24,1.0,<Residue ILE het=  resseq=2 icode= >,4mzm_A_A,2.1
17,0.0,ILE, ,C,31.43,3.61,1.0,<Residue ILE het=  resseq=2 icode= >,4mzm_A_A,2.1
18,0.082,ILE, ,O,32.0,2.58,1.0,<Residue ILE het=  resseq=2 icode= >,4mzm_A_A,2.1
19,0.0,ILE, ,CB,34.97,2.33,1.0,<Residue ILE het=  resseq=2 icode= >,4mzm_A_A,2.1
20,7.33,ILE, ,CG1,38.95,1.69,1.0,<Residue ILE het=  resseq=2 icode= >,4mzm_A_A,2.1
21,0.0,ILE, ,CG2,34.28,1.54,1.0,<Residue ILE het=  resseq=2 icode= >,4mzm_A_A,2.1
22,18.788,ILE, ,CD1,35.67,1.69,1.0,<Residue ILE het=  resseq=2 icode= >,4mzm_A_A,2.1
23,0.0,ARG, ,N,21.92,3.92,1.0,<Residue ARG het=  resseq=3 icode= >,4mzm_A_A,2.1
24,0.0,ARG, ,CA,17.98,3.54,1.0,<Residue ARG het=  resseq=3 icode= >,4mzm_A_A,2.1
25,0.0,ARG, ,C,23.61,3.46,1.0,<Residue ARG het=  resseq=3 icode= >,4mzm_A_A,2.1
26,0.0,ARG, ,O,23.56,3.17,1.0,<Residue ARG het=  resseq=3 icode= >,4mzm_A_A,2.1
27,9.644,ARG, ,CB,33.4,1.93,1.0,<Residue ARG het=  resseq=3 icode= >,4mzm_A_A,2.1
28,15.531,ARG, ,CG,41.78,1.20,1.0,<Residue ARG het=  resseq=3 icode= >,4mzm_A_A,2.1
29,10.858,ARG, ,CD,51.48,1.22,1.0,<Residue ARG het=  resseq=3 icode= >,4mzm_A_A,2.1
30,18.039,ARG, ,NE,61.29,1.52,1.0,<Residue ARG het=  resseq=3 icode= >,4mzm_A_A,2.1
31,3.874,ARG, ,CZ,68.75,1.51,1.0,<Residue ARG het=  resseq=3 icode= >,4mzm_A_A,2.1
32,4.154,ARG, ,NH1,72.02,0.39,1.0,<Residue ARG het=  resseq=3 icode= >,4mzm_A_A,2.1
33,45.262,ARG, ,NH2,67.86,0.85,1.0,<Residue ARG het=  resseq=3 icode= >,4mzm_A_A,2.1
34,0.0,ARG, ,N,23.82,3.00,1.0,<Residue ARG het=  resseq=4 icode= >,4mzm_A_A,2.1
35,0.0,ARG, ,CA,19.98,2.94,1.0,<Residue ARG het=  resseq=4 icode= >,4mzm_A_A,2.1
36,0.568,ARG, ,C,23.88,4.45,1.0,<Residue ARG het=  resseq=4 icode= >,4mzm_A_A,2.1
37,19.275,ARG, ,O,22.89,3.65,1.0,<Residue ARG het=  resseq=4 icode= >,4mzm_A_A,2.1
38,5.28,ARG, ,CB,16.45,3.09,1.0,<Residue ARG het=  resseq=4 icode= >,4mzm_A_A,2.1
39,0.595,ARG, ,CG,18.2,2.64,1.0,<Residue ARG het=  resseq=4 icode= >,4mzm_A_A,2.1
40,16.51,ARG, ,CD,18.54,3.07,1.0,<Residue ARG het=  resseq=4 icode= >,4mzm_A_A,2.1
41,5.193,ARG, ,NE,23.68,3.30,1.0,<Residue ARG het=  resseq=4 icode= >,4mzm_A_A,2.1
42,4.229,ARG, ,CZ,24.14,4.32,1.0,<Residue ARG het=  resseq=4 icode= >,4mzm_A_A,2.1
43,15.309,ARG, ,NH1,19.6,3.17,1.0,<Residue ARG het=  resseq=4 icode= >,4mzm_A_A,2.1
44,15.074,ARG, ,NH2,21.11,2.33,1.0,<Residue ARG het=  resseq=4 icode= >,4mzm_A_A,2.1
45,0.0,GLY, ,N,18.57,3.62,1.0,<Residue GLY het=  resseq=5 icode= >,4mzm_A_A,2.1
46,2.328,GLY, ,CA,21.02,2.92,1.0,<Residue GLY het=  resseq=5 icode= >,4mzm_A_A,2.1
47,0.18,GLY, ,C,27.0,4.17,1.0,<Residue GLY het=  resseq=5 icode= >,4mzm_A_A,2.1
48,0.0,GLY, ,O,26.87,3.07,1.0,<Residue GLY het=  resseq=5 icode= >,4mzm_A_A,2.1
49,0.0,ASP, ,N,32.78,2.86,1.0,<Residue ASP het=  resseq=6 icode= >,4mzm_A_A,2.1
50,0.0,ASP, ,CA,34.23,2.13,1.0,<Residue ASP het=  resseq=6 icode= >,4mzm_A_A,2.1
51,0.0,ASP, ,C,26.03,3.40,1.0,<Residue ASP het=  resseq=6 icode= >,4mzm_A_A,2.1
52,0.0,ASP, ,O,26.2,3.14,1.0,<Residue ASP het=  resseq=6 icode= >,4mzm_A_A,2.1
53,0.0,ASP, ,CB,27.22,2.18,1.0,<Residue ASP het=  resseq=6 icode= >,4mzm_A_A,2.1
54,0.0,ASP, ,CG,30.88,3.67,1.0,<Residue ASP het=  resseq=6 icode= >,4mzm_A_A,2.1
55,6.405,ASP, ,OD1,26.09,3.86,1.0,<Residue ASP het=  resseq=6 icode= >,4mzm_A_A,2.1
56,0.225,ASP, ,OD2,32.84,2.82,1.0,<Residue ASP het=  resseq=6 icode= >,4mzm_A_A,2.1
57,0.0,VAL, ,N,29.8,2.80,1.0,<Residue VAL het=  resseq=7 icode= >,4mzm_A_A,2.1
58,0.0,VAL, ,CA,24.95,2.89,1.0,<Residue VAL het=  resseq=7 icode= >,4mzm_A_A,2.1
59,0.0,VAL, ,C,26.75,3.80,1.0,<Residue VAL het=  resseq=7 icode= >,4mzm_A_A,2.1
60,0.0,VAL, ,O,33.21,3.30,1.0,<Residue VAL het=  resseq=7 icode= >,4mzm_A_A,2.1
61,0.0,VAL, ,CB,24.72,3.09,1.0,<Residue VAL het=  resseq=7 icode= >,4mzm_A_A,2.1
62,0.0,VAL, ,CG1,20.0,2.18,1.0,<Residue VAL het=  resseq=7 icode= >,4mzm_A_A,2.1
63,0.129,VAL, ,CG2,24.96,1.65,1.0,<Residue VAL het=  resseq=7 icode= >,4mzm_A_A,2.1
64,0.0,TYR, ,N,25.7,2.88,1.0,<Residue TYR het=  resseq=8 icode= >,4mzm_A_A,2.1
65,0.0,TYR, ,CA,31.81,2.44,1.0,<Residue TYR het=  resseq=8 icode= >,4mzm_A_A,2.1
66,0.0,TYR, ,C,33.17,3.00,1.0,<Residue TYR het=  resseq=8 icode= >,4mzm_A_A,2.1
67,0.0,TYR, ,O,33.17,2.75,1.0,<Residue TYR het=  resseq=8 icode= >,4mzm_A_A,2.1
68,0.0,TYR, ,CB,27.7,2.12,1.0,<Residue TYR het=  resseq=8 icode= >,4mzm_A_A,2.1
69,0.0,TYR, ,CG,26.19,3.11,1.0,<Residue TYR het=  resseq=8 icode= >,4mzm_A_A,2.1
70,0.0,TYR, ,CD1,26.33,2.36,1.0,<Residue TYR het=  resseq=8 icode= >,4mzm_A_A,2.1
71,0.0,TYR, ,CD2,29.72,1.98,1.0,<Residue TYR het=  resseq=8 icode= >,4mzm_A_A,2.1
72,0.0,TYR, ,CE1,37.24,1.72,1.0,<Residue TYR het=  resseq=8 icode= >,4mzm_A_A,2.1
73,11.856,TYR, ,CE2,37.01,1.72,1.0,<Residue TYR het=  resseq=8 icode= >,4mzm_A_A,2.1
74,0.0,TYR, ,CZ,40.5,2.26,1.0,<Residue TYR het=  resseq=8 icode= >,4mzm_A_A,2.1
75,2.389,TYR, ,OH,48.86,1.18,1.0,<Residue TYR het=  resseq=8 icode= >,4mzm_A_A,2.1
76,0.0,LEU, ,N,32.32,2.90,1.0,<Residue LEU het=  resseq=9 icode= >,4mzm_A_A,2.1
77,0.0,LEU, ,CA,30.58,2.35,1.0,<Residue LEU het=  resseq=9 icode= >,4mzm_A_A,2.1
78,0.0,LEU, ,C,33.0,3.46,1.0,<Residue LEU het=  resseq=9 icode= >,4mzm_A_A,2.1
79,0.0,LEU, ,O,29.01,3.13,1.0,<Residue LEU het=  resseq=9 icode= >,4mzm_A_A,2.1
80,0.0,LEU, ,CB,32.08,2.00,1.0,<Residue LEU het=  resseq=9 icode= >,4mzm_A_A,2.1
81,0.0,LEU, ,CG,39.25,1.81,1.0,<Residue LEU het=  resseq=9 icode= >,4mzm_A_A,2.1
82,14.581,LEU, ,CD1,37.58,1.37,1.0,<Residue LEU het=  resseq=9 icode= >,4mzm_A_A,2.1
83,36.568,LEU, ,CD2,39.76,0.83,1.0,<Residue LEU het=  resseq=9 icode= >,4mzm_A_A,2.1
84,0.0,ALA, ,N,28.86,2.91,1.0,<Residue ALA het=  resseq=10 icode= >,4mzm_A_A,2.1
85,0.0,ALA, ,CA,31.08,2.82,1.0,<Residue ALA het=  resseq=10 icode= >,4mzm_A_A,2.1
86,0.0,ALA, ,C,35.4,3.59,1.0,<Residue ALA het=  resseq=10 icode= >,4mzm_A_A,2.1
87,0.0,ALA, ,O,34.1,2.66,1.0,<Residue ALA het=  resseq=10 icode= >,4mzm_A_A,2.1
88,0.0,ALA, ,CB,27.91,1.32,1.0,<Residue ALA het=  resseq=10 icode= >,4mzm_A_A,2.1
89,0.0,ASP, ,N,38.14,2.66,1.0,<Residue ASP het=  resseq=11 icode= >,4mzm_A_A,2.1
90,0.0,ASP, ,CA,41.44,2.16,1.0,<Residue ASP het=  resseq=11 icode= >,4mzm_A_A,2.1
91,0.0,ASP, ,C,34.62,3.65,1.0,<Residue ASP het=  resseq=11 icode= >,4mzm_A_A,2.1
92,0.0,ASP, ,O,34.39,2.29,1.0,<Residue ASP het=  resseq=11 icode= >,4mzm_A_A,2.1
93,3.835,ASP, ,CB,51.57,1.27,1.0,<Residue ASP het=  resseq=11 icode= >,4mzm_A_A,2.1
94,3.172,ASP, ,CG,55.37,2.09,1.0,<Residue ASP het=  resseq=11 icode= >,4mzm_A_A,2.1
95,1.703,ASP, ,OD1,52.2,1.58,1.0,<Residue ASP het=  resseq=11 icode= >,4mzm_A_A,2.1
96,36.898,ASP, ,OD2,56.48,1.32,1.0,<Residue ASP het=  resseq=11 icode= >,4mzm_A_A,2.1
97,0.0,LEU, ,N,34.19,2.86,1.0,<Residue LEU het=  resseq=12 icode= >,4mzm_A_A,2.1
98,0.0,LEU, ,CA,28.24,2.92,1.0,<Residue LEU het=  resseq=12 icode= >,4mzm_A_A,2.1
99,0.0,LEU, ,C,34.93,3.00,1.0,<Residue LEU het=  resseq=12 icode= >,4mzm_A_A,2.1
100,0.0,LEU, ,O,38.05,2.44,1.0,<Residue LEU het=  resseq=12 icode= >,4mzm_A_A,2.1
101,0.0,LEU, ,CB,28.67,2.31,1.0,<Residue LEU het=  resseq=12 icode= >,4mzm_A_A,2.1
102,0.0,LEU, ,CG,35.9,2.23,1.0,<Residue LEU het=  resseq=12 icode= >,4mzm_A_A,2.1
103,1.529,LEU, ,CD1,36.15,1.61,1.0,<Residue LEU het=  resseq=12 icode= >,4mzm_A_A,2.1
104,0.0,LEU, ,CD2,28.34,1.84,1.0,<Residue LEU het=  resseq=12 icode= >,4mzm_A_A,2.1
105,0.0,SER, ,N,32.52,2.11,1.0,<Residue SER het=  resseq=13 icode= >,4mzm_A_A,2.1
106,0.0,SER, ,CA,37.63,2.33,1.0,<Residue SER het=  resseq=13 icode= >,4mzm_A_A,2.1
107,0.989,SER, ,C,41.48,3.25,1.0,<Residue SER het=  resseq=13 icode= >,4mzm_A_A,2.1
108,7.804,SER, ,O,47.16,2.04,1.0,<Residue SER het=  resseq=13 icode= >,4mzm_A_A,2.1
109,26.619,SER, ,CB,39.73,2.18,1.0,<Residue SER het=  resseq=13 icode= >,4mzm_A_A,2.1
110,14.694,SER, ,OG,44.38,1.87,1.0,<Residue SER het=  resseq=13 icode= >,4mzm_A_A,2.1
111,0.026,PRO, ,N,42.57,3.06,1.0,<Residue PRO het=  resseq=14 icode= >,4mzm_A_A,2.1
112,2.349,PRO, ,CA,41.02,2.34,1.0,<Residue PRO het=  resseq=14 icode= >,4mzm_A_A,2.1
113,0.923,PRO, ,C,40.91,2.64,1.0,<Residue PRO het=  resseq=14 icode= >,4mzm_A_A,2.1
114,12.169,PRO, ,O,39.69,2.75,1.0,<Residue PRO het=  resseq=14 icode= >,4mzm_A_A,2.1
115,35.423,PRO, ,CB,38.03,1.78,1.0,<Residue PRO het=  resseq=14 icode= >,4mzm_A_A,2.1
116,39.549,PRO, ,CG,42.0,1.79,1.0,<Residue PRO het=  resseq=14 icode= >,4mzm_A_A,2.1
117,28.641,PRO, ,CD,43.61,2.31,1.0,<Residue PRO het=  resseq=14 icode= >,4mzm_A_A,2.1
118,2.575,VAL, ,N,34.94,2.63,1.0,<Residue VAL het=  resseq=15 icode= >,4mzm_A_A,2.1
119,4.177,VAL, ,CA,40.35,2.17,1.0,<Residue VAL het=  resseq=15 icode= >,4mzm_A_A,2.1
120,0.392,VAL, ,C,43.9,2.45,1.0,<Residue VAL het=  resseq=15 icode= >,4mzm_A_A,2.1
121,21.159,VAL, ,O,45.8,1.80,1.0,<Residue VAL het=  resseq=15 icode= >,4mzm_A_A,2.1
122,0.0,VAL, ,CB,36.93,2.12,1.0,<Residue VAL het=  resseq=15 icode= >,4mzm_A_A,2.1
123,1.832,VAL, ,CG1,36.71,1.20,1.0,<Residue VAL het=  resseq=15 icode= >,4mzm_A_A,2.1
124,20.057,VAL, ,CG2,41.75,1.73,1.0,<Residue VAL het=  resseq=15 icode= >,4mzm_A_A,2.1
125,0.0,GLN, ,N,38.37,2.50,1.0,<Residue GLN het=  resseq=16 icode= >,4mzm_A_A,2.1
126,4.69,GLN, ,CA,43.25,2.32,1.0,<Residue GLN het=  resseq=16 icode= >,4mzm_A_A,2.1
127,1.009,GLN, ,C,37.26,3.08,1.0,<Residue GLN het=  resseq=16 icode= >,4mzm_A_A,2.1
128,2.02,GLN, ,O,36.27,2.53,1.0,<Residue GLN het=  resseq=16 icode= >,4mzm_A_A,2.1
129,12.121,GLN, ,CB,47.52,1.80,1.0,<Residue GLN het=  resseq=16 icode= >,4mzm_A_A,2.1
130,21.168,GLN, ,CG,54.98,1.67,1.0,<Residue GLN het=  resseq=16 icode= >,4mzm_A_A,2.1
131,8.727,GLN, ,CD,63.34,1.75,1.0,<Residue GLN het=  resseq=16 icode= >,4mzm_A_A,2.1
132,35.429,GLN, ,OE1,56.71,1.52,1.0,<Residue GLN het=  resseq=16 icode= >,4mzm_A_A,2.1
133,59.444,GLN, ,NE2,71.69,0.55,1.0,<Residue GLN het=  resseq=16 icode= >,4mzm_A_A,2.1
134,14.895,GLY, ,N,36.52,2.89,1.0,<Residue GLY het=  resseq=17 icode= >,4mzm_A_A,2.1
135,41.814,GLY, ,CA,31.69,2.10,1.0,<Residue GLY het=  resseq=17 icode= >,4mzm_A_A,2.1
136,4.265,GLY, ,C,26.48,4.04,1.0,<Residue GLY het=  resseq=17 icode= >,4mzm_A_A,2.1
137,21.549,GLY, ,O,33.39,3.25,1.0,<Residue GLY het=  resseq=17 icode= >,4mzm_A_A,2.1
138,7.119,SER, ,N,29.68,2.55,1.0,<Residue SER het=  resseq=18 icode= >,4mzm_A_A,2.1
139,9.522,SER, ,CA,28.16,2.13,1.0,<Residue SER het=  resseq=18 icode= >,4mzm_A_A,2.1
140,3.238,SER, ,C,26.57,3.53,1.0,<Residue SER het=  resseq=18 icode= >,4mzm_A_A,2.1
141,5.486,SER, ,O,27.46,3.01,1.0,<Residue SER het=  resseq=18 icode= >,4mzm_A_A,2.1
142,42.541,SER, ,CB,27.13,2.48,1.0,<Residue SER het=  resseq=18 icode= >,4mzm_A_A,2.1
143,37.873,SER, ,OG,34.6,2.14,1.0,<Residue SER het=  resseq=18 icode= >,4mzm_A_A,2.1
144,0.865,GLU, ,N,29.25,2.69,1.0,<Residue GLU het=  resseq=19 icode= >,4mzm_A_A,2.1
145,0.885,GLU, ,CA,32.46,2.42,1.0,<Residue GLU het=  resseq=19 icode= >,4mzm_A_A,2.1
146,0.085,GLU, ,C,29.89,3.73,1.0,<Residue GLU het=  resseq=19 icode= >,4mzm_A_A,2.1
147,7.097,GLU, ,O,29.8,2.97,1.0,<Residue GLU het=  resseq=19 icode= >,4mzm_A_A,2.1
148,4.752,GLU, ,CB,32.49,2.04,1.0,<Residue GLU het=  resseq=19 icode= >,4mzm_A_A,2.1
149,28.854,GLU, ,CG,29.66,2.39,1.0,<Residue GLU het=  resseq=19 icode= >,4mzm_A_A,2.1
150,8.603,GLU, ,CD,33.64,3.45,1.0,<Residue GLU het=  resseq=19 icode= >,4mzm_A_A,2.1
151,10.51,GLU, ,OE1,34.43,2.44,1.0,<Residue GLU het=  resseq=19 icode= >,4mzm_A_A,2.1
152,34.205,GLU, ,OE2,34.02,2.26,1.0,<Residue GLU het=  resseq=19 icode= >,4mzm_A_A,2.1
153,0.71,GLN, ,N,22.08,3.81,1.0,<Residue GLN het=  resseq=20 icode= >,4mzm_A_A,2.1
154,2.157,GLN, ,CA,30.01,3.14,1.0,<Residue GLN het=  resseq=20 icode= >,4mzm_A_A,2.1
155,0.0,GLN, ,C,32.96,3.11,1.0,<Residue GLN het=  resseq=20 icode= >,4mzm_A_A,2.1
156,2.254,GLN, ,O,33.56,2.31,1.0,<Residue GLN het=  resseq=20 icode= >,4mzm_A_A,2.1
157,1.185,GLN, ,CB,32.13,2.15,1.0,<Residue GLN het=  resseq=20 icode= >,4mzm_A_A,2.1
158,2.096,GLN, ,CG,46.44,1.23,1.0,<Residue GLN het=  resseq=20 icode= >,4mzm_A_A,2.1
159,4.586,GLN, ,CD,52.85,2.38,1.0,<Residue GLN het=  resseq=20 icode= >,4mzm_A_A,2.1
160,4.75,GLN, ,OE1,61.56,1.19,1.0,<Residue GLN het=  resseq=20 icode= >,4mzm_A_A,2.1
161,27.443,GLN, ,NE2,56.82,0.90,1.0,<Residue GLN het=  resseq=20 icode= >,4mzm_A_A,2.1
162,5.94,GLY, ,N,26.13,2.94,1.0,<Residue GLY het=  resseq=21 icode= >,4mzm_A_A,2.1
163,3.912,GLY, ,CA,27.31,1.93,1.0,<Residue GLY het=  resseq=21 icode= >,4mzm_A_A,2.1
164,4.242,GLY, ,C,26.67,3.46,1.0,<Residue GLY het=  resseq=21 icode= >,4mzm_A_A,2.1
165,0.223,GLY, ,O,28.28,3.15,1.0,<Residue GLY het=  resseq=21 icode= >,4mzm_A_A,2.1
166,2.414,GLY, ,N,27.58,2.66,1.0,<Residue GLY het=  resseq=22 icode= >,4mzm_A_A,2.1
167,25.878,GLY, ,CA,31.14,2.51,1.0,<Residue GLY het=  resseq=22 icode= >,4mzm_A_A,2.1
168,0.0,GLY, ,C,34.44,3.60,1.0,<Residue GLY het=  resseq=22 icode= >,4mzm_A_A,2.1
169,0.0,GLY, ,O,34.22,2.49,1.0,<Residue GLY het=  resseq=22 icode= >,4mzm_A_A,2.1
170,4.964,VAL, ,N,27.99,3.45,1.0,<Residue VAL het=  resseq=23 icode= >,4mzm_A_A,2.1
171,0.0,VAL, ,CA,31.42,2.52,1.0,<Residue VAL het=  resseq=23 icode= >,4mzm_A_A,2.1
172,0.0,VAL, ,C,31.23,3.36,1.0,<Residue VAL het=  resseq=23 icode= >,4mzm_A_A,2.1
173,23.754,VAL, ,O,32.34,2.45,1.0,<Residue VAL het=  resseq=23 icode= >,4mzm_A_A,2.1
174,9.178,VAL, ,CB,36.05,1.94,1.0,<Residue VAL het=  resseq=23 icode= >,4mzm_A_A,2.1
175,15.796,VAL, ,CG1,31.6,1.02,1.0,<Residue VAL het=  resseq=23 icode= >,4mzm_A_A,2.1
176,39.75,VAL, ,CG2,39.76,1.11,1.0,<Residue VAL het=  resseq=23 icode= >,4mzm_A_A,2.1
177,0.0,ARG, ,N,23.07,3.29,1.0,<Residue ARG het=  resseq=24 icode= >,4mzm_A_A,2.1
178,0.998,ARG, ,CA,22.7,2.98,1.0,<Residue ARG het=  resseq=24 icode= >,4mzm_A_A,2.1
179,0.0,ARG, ,C,25.66,3.61,1.0,<Residue ARG het=  resseq=24 icode= >,4mzm_A_A,2.1
180,0.0,ARG, ,O,31.03,2.93,1.0,<Residue ARG het=  resseq=24 icode= >,4mzm_A_A,2.1
181,4.2,ARG, ,CB,25.92,2.00,1.0,<Residue ARG het=  resseq=24 icode= >,4mzm_A_A,2.1
182,0.0,ARG, ,CG,24.64,2.20,1.0,<Residue ARG het=  resseq=24 icode= >,4mzm_A_A,2.1
183,0.0,ARG, ,CD,26.33,2.03,1.0,<Residue ARG het=  resseq=24 icode= >,4mzm_A_A,2.1
184,0.0,ARG, ,NE,31.24,2.27,1.0,<Residue ARG het=  resseq=24 icode= >,4mzm_A_A,2.1
185,0.677,ARG, ,CZ,33.92,3.41,1.0,<Residue ARG het=  resseq=24 icode= >,4mzm_A_A,2.1
186,11.035,ARG, ,NH1,26.82,2.66,1.0,<Residue ARG het=  resseq=24 icode= >,4mzm_A_A,2.1
187,32.363,ARG, ,NH2,32.46,1.85,1.0,<Residue ARG het=  resseq=24 icode= >,4mzm_A_A,2.1
188,0.0,PRO, ,N,24.51,3.71,1.0,<Residue PRO het=  resseq=25 icode= >,4mzm_A_A,2.1
189,0.0,PRO, ,CA,29.49,2.11,1.0,<Residue PRO het=  resseq=25 icode= >,4mzm_A_A,2.1
190,0.0,PRO, ,C,26.94,3.02,1.0,<Residue PRO het=  resseq=25 icode= >,4mzm_A_A,2.1
191,0.0,PRO, ,O,26.87,2.84,1.0,<Residue PRO het=  resseq=25 icode= >,4mzm_A_A,2.1
192,0.0,PRO, ,CB,26.38,2.72,1.0,<Residue PRO het=  resseq=25 icode= >,4mzm_A_A,2.1
193,14.983,PRO, ,CG,27.0,2.54,1.0,<Residue PRO het=  resseq=25 icode= >,4mzm_A_A,2.1
194,14.882,PRO, ,CD,25.63,2.51,1.0,<Residue PRO het=  resseq=25 icode= >,4mzm_A_A,2.1
195,0.0,VAL, ,N,18.89,3.15,1.0,<Residue VAL het=  resseq=26 icode= >,4mzm_A_A,2.1
196,0.0,VAL, ,CA,22.09,2.71,1.0,<Residue VAL het=  resseq=26 icode= >,4mzm_A_A,2.1
197,0.0,VAL, ,C,25.85,4.03,1.0,<Residue VAL het=  resseq=26 icode= >,4mzm_A_A,2.1
198,0.0,VAL, ,O,25.52,2.81,1.0,<Residue VAL het=  resseq=26 icode= >,4mzm_A_A,2.1
199,0.0,VAL, ,CB,25.8,2.71,1.0,<Residue VAL het=  resseq=26 icode= >,4mzm_A_A,2.1
200,0.0,VAL, ,CG1,21.54,1.73,1.0,<Residue VAL het=  resseq=26 icode= >,4mzm_A_A,2.1
201,0.0,VAL, ,CG2,20.9,2.18,1.0,<Residue VAL het=  resseq=26 icode= >,4mzm_A_A,2.1
202,0.0,VAL, ,N,20.01,3.39,1.0,<Residue VAL het=  resseq=27 icode= >,4mzm_A_A,2.1
203,0.0,VAL, ,CA,27.89,2.58,1.0,<Residue VAL het=  resseq=27 icode= >,4mzm_A_A,2.1
204,0.0,VAL, ,C,25.21,3.42,1.0,<Residue VAL het=  resseq=27 icode= >,4mzm_A_A,2.1
205,0.0,VAL, ,O,27.74,3.46,1.0,<Residue VAL het=  resseq=27 icode= >,4mzm_A_A,2.1
206,0.0,VAL, ,CB,24.71,2.86,1.0,<Residue VAL het=  resseq=27 icode= >,4mzm_A_A,2.1
207,0.0,VAL, ,CG1,26.82,1.28,1.0,<Residue VAL het=  resseq=27 icode= >,4mzm_A_A,2.1
208,0.0,VAL, ,CG2,27.53,1.00,1.0,<Residue VAL het=  resseq=27 icode= >,4mzm_A_A,2.1
209,0.0,ILE, ,N,23.95,2.98,1.0,<Residue ILE het=  resseq=28 icode= >,4mzm_A_A,2.1
210,0.0,ILE, ,CA,22.85,2.64,1.0,<Residue ILE het=  resseq=28 icode= >,4mzm_A_A,2.1
211,0.0,ILE, ,C,24.61,4.33,1.0,<Residue ILE het=  resseq=28 icode= >,4mzm_A_A,2.1
212,0.0,ILE, ,O,21.62,4.07,1.0,<Residue ILE het=  resseq=28 icode= >,4mzm_A_A,2.1
213,0.0,ILE, ,CB,17.93,3.20,1.0,<Residue ILE het=  resseq=28 icode= >,4mzm_A_A,2.1
214,0.0,ILE, ,CG1,17.48,3.28,1.0,<Residue ILE het=  resseq=28 icode= >,4mzm_A_A,2.1
215,0.0,ILE, ,CG2,19.39,2.72,1.0,<Residue ILE het=  resseq=28 icode= >,4mzm_A_A,2.1
216,0.0,ILE, ,CD1,16.34,3.02,1.0,<Residue ILE het=  resseq=28 icode= >,4mzm_A_A,2.1
217,0.0,ILE, ,N,19.35,3.94,1.0,<Residue ILE het=  resseq=29 icode= >,4mzm_A_A,2.1
218,0.0,ILE, ,CA,20.79,2.74,1.0,<Residue ILE het=  resseq=29 icode= >,4mzm_A_A,2.1
219,0.229,ILE, ,C,17.48,4.34,1.0,<Residue ILE het=  resseq=29 icode= >,4mzm_A_A,2.1
220,10.073,ILE, ,O,17.97,3.80,1.0,<Residue ILE het=  resseq=29 icode= >,4mzm_A_A,2.1
221,0.055,ILE, ,CB,16.79,3.40,1.0,<Residue ILE het=  resseq=29 icode= >,4mzm_A_A,2.1
222,1.791,ILE, ,CG1,15.7,2.99,1.0,<Residue ILE het=  resseq=29 icode= >,4mzm_A_A,2.1
223,0.0,ILE, ,CG2,17.09,2.68,1.0,<Residue ILE het=  resseq=29 icode= >,4mzm_A_A,2.1
224,4.587,ILE, ,CD1,14.16,2.36,1.0,<Residue ILE het=  resseq=29 icode= >,4mzm_A_A,2.1
225,0.0,GLN, ,N,21.38,2.94,1.0,<Residue GLN het=  resseq=30 icode= >,4mzm_A_A,2.1
226,3.683,GLN, ,CA,18.83,2.62,1.0,<Residue GLN het=  resseq=30 icode= >,4mzm_A_A,2.1
227,0.0,GLN, ,C,21.33,3.83,1.0,<Residue GLN het=  resseq=30 icode= >,4mzm_A_A,2.1
228,0.0,GLN, ,O,19.3,4.20,1.0,<Residue GLN het=  resseq=30 icode= >,4mzm_A_A,2.1
229,0.0,GLN, ,CB,19.37,2.38,1.0,<Residue GLN het=  resseq=30 icode= >,4mzm_A_A,2.1
230,3.108,GLN, ,CG,16.5,2.58,1.0,<Residue GLN het=  resseq=30 icode= >,4mzm_A_A,2.1
231,0.148,GLN, ,CD,21.44,3.65,1.0,<Residue GLN het=  resseq=30 icode= >,4mzm_A_A,2.1
232,15.638,GLN, ,OE1,25.57,3.21,1.0,<Residue GLN het=  resseq=30 icode= >,4mzm_A_A,2.1
233,0.0,GLN, ,NE2,19.46,2.87,1.0,<Residue GLN het=  resseq=30 icode= >,4mzm_A_A,2.1
234,4.679,ASN, ,N,17.57,3.52,1.0,<Residue ASN het=  resseq=31 icode= >,4mzm_A_A,2.1
235,1.756,ASN, ,CA,20.54,3.20,1.0,<Residue ASN het=  resseq=31 icode= >,4mzm_A_A,2.1
236,0.0,ASN, ,C,24.87,4.06,1.0,<Residue ASN het=  resseq=31 icode= >,4mzm_A_A,2.1
237,0.0,ASN, ,O,17.5,4.40,1.0,<Residue ASN het=  resseq=31 icode= >,4mzm_A_A,2.1
238,34.475,ASN, ,CB,16.0,2.29,1.0,<Residue ASN het=  resseq=31 icode= >,4mzm_A_A,2.1
239,5.926,ASN, ,CG,27.42,3.98,1.0,<Residue ASN het=  resseq=31 icode= >,4mzm_A_A,2.1
240,0.321,ASN, ,OD1,24.93,3.52,1.0,<Residue ASN het=  resseq=31 icode= >,4mzm_A_A,2.1
241,42.09,ASN, ,ND2,25.6,2.65,1.0,<Residue ASN het=  resseq=31 icode= >,4mzm_A_A,2.1
242,4.83,ASP, ,N,20.61,3.70,1.0,<Residue ASP het=  resseq=32 icode= >,4mzm_A_A,2.1
243,0.0,ASP, ,CA,24.05,3.21,1.0,<Residue ASP het=  resseq=32 icode= >,4mzm_A_A,2.1
244,1.795,ASP, ,C,24.92,3.94,1.0,<Residue ASP het=  resseq=32 icode= >,4mzm_A_A,2.1
245,2.372,ASP, ,O,28.5,3.05,1.0,<Residue ASP het=  resseq=32 icode= >,4mzm_A_A,2.1
246,22.699,ASP, ,CB,17.97,2.72,1.0,<Residue ASP het=  resseq=32 icode= >,4mzm_A_A,2.1
247,0.415,ASP, ,CG,18.73,4.10,1.0,<Residue ASP het=  resseq=32 icode= >,4mzm_A_A,2.1
248,0.0,ASP, ,OD1,21.0,3.38,1.0,<Residue ASP het=  resseq=32 icode= >,4mzm_A_A,2.1
249,26.605,ASP, ,OD2,22.58,3.09,1.0,<Residue ASP het=  resseq=32 icode= >,4mzm_A_A,2.1
250,3.522,THR, ,N,21.36,3.23,1.0,<Residue THR het=  resseq=33 icode= >,4mzm_A_A,2.1
251,3.421,THR, ,CA,24.12,2.74,1.0,<Residue THR het=  resseq=33 icode= >,4mzm_A_A,2.1
252,0.0,THR, ,C,25.87,3.76,1.0,<Residue THR het=  resseq=33 icode= >,4mzm_A_A,2.1
253,0.19,THR, ,O,32.16,3.14,1.0,<Residue THR het=  resseq=33 icode= >,4mzm_A_A,2.1
254,7.731,THR, ,CB,22.93,3.23,1.0,<Residue THR het=  resseq=33 icode= >,4mzm_A_A,2.1
255,35.509,THR, ,OG1,20.59,3.09,1.0,<Residue THR het=  resseq=33 icode= >,4mzm_A_A,2.1
256,46.293,THR, ,CG2,20.88,2.27,1.0,<Residue THR het=  resseq=33 icode= >,4mzm_A_A,2.1
257,1.12,GLY, ,N,22.03,3.22,1.0,<Residue GLY het=  resseq=34 icode= >,4mzm_A_A,2.1
258,13.586,GLY, ,CA,22.0,2.55,1.0,<Residue GLY het=  resseq=34 icode= >,4mzm_A_A,2.1
259,0.0,GLY, ,C,20.05,3.73,1.0,<Residue GLY het=  resseq=34 icode= >,4mzm_A_A,2.1
260,0.0,GLY, ,O,21.09,3.18,1.0,<Residue GLY het=  resseq=34 icode= >,4mzm_A_A,2.1
261,0.0,ASN, ,N,18.67,3.15,1.0,<Residue ASN het=  resseq=35 icode= >,4mzm_A_A,2.1
262,0.0,ASN, ,CA,19.88,2.63,1.0,<Residue ASN het=  resseq=35 icode= >,4mzm_A_A,2.1
263,0.0,ASN, ,C,23.25,3.59,1.0,<Residue ASN het=  resseq=35 icode= >,4mzm_A_A,2.1
264,2.675,ASN, ,O,21.19,3.05,1.0,<Residue ASN het=  resseq=35 icode= >,4mzm_A_A,2.1
265,0.0,ASN, ,CB,17.09,2.32,1.0,<Residue ASN het=  resseq=35 icode= >,4mzm_A_A,2.1
266,0.0,ASN, ,CG,25.23,3.40,1.0,<Residue ASN het=  resseq=35 icode= >,4mzm_A_A,2.1
267,0.0,ASN, ,OD1,24.11,4.18,1.0,<Residue ASN het=  resseq=35 icode= >,4mzm_A_A,2.1
268,0.0,ASN, ,ND2,16.96,2.61,1.0,<Residue ASN het=  resseq=35 icode= >,4mzm_A_A,2.1
269,0.0,LYS, ,N,24.94,2.88,1.0,<Residue LYS het=  resseq=36 icode= >,4mzm_A_A,2.1
270,5.815,LYS, ,CA,24.07,3.26,1.0,<Residue LYS het=  resseq=36 icode= >,4mzm_A_A,2.1
271,0.0,LYS, ,C,31.45,4.20,1.0,<Residue LYS het=  resseq=36 icode= >,4mzm_A_A,2.1
272,20.356,LYS, ,O,31.75,2.91,1.0,<Residue LYS het=  resseq=36 icode= >,4mzm_A_A,2.1
273,0.432,LYS, ,CB,28.66,2.74,1.0,<Residue LYS het=  resseq=36 icode= >,4mzm_A_A,2.1
274,13.108,LYS, ,CG,40.5,1.24,1.0,<Residue LYS het=  resseq=36 icode= >,4mzm_A_A,2.1
275,18.62,LYS, ,CD,47.35,1.27,1.0,<Residue LYS het=  resseq=36 icode= >,4mzm_A_A,2.1
276,32.779,LYS, ,CE,48.84,1.73,1.0,<Residue LYS het=  resseq=36 icode= >,4mzm_A_A,2.1
277,38.299,LYS, ,NZ,46.41,1.25,1.0,<Residue LYS het=  resseq=36 icode= >,4mzm_A_A,2.1
278,0.0,TYR, ,N,31.63,3.22,1.0,<Residue TYR het=  resseq=37 icode= >,4mzm_A_A,2.1
279,3.118,TYR, ,CA,30.39,2.72,1.0,<Residue TYR het=  resseq=37 icode= >,4mzm_A_A,2.1
280,1.549,TYR, ,C,34.42,3.35,1.0,<Residue TYR het=  resseq=37 icode= >,4mzm_A_A,2.1
281,26.666,TYR, ,O,29.73,2.70,1.0,<Residue TYR het=  resseq=37 icode= >,4mzm_A_A,2.1
282,23.29,TYR, ,CB,25.19,2.04,1.0,<Residue TYR het=  resseq=37 icode= >,4mzm_A_A,2.1
283,2.111,TYR, ,CG,28.71,2.64,1.0,<Residue TYR het=  resseq=37 icode= >,4mzm_A_A,2.1
284,21.494,TYR, ,CD1,35.92,1.91,1.0,<Residue TYR het=  resseq=37 icode= >,4mzm_A_A,2.1
285,5.786,TYR, ,CD2,34.83,2.32,1.0,<Residue TYR het=  resseq=37 icode= >,4mzm_A_A,2.1
286,24.774,TYR, ,CE1,37.65,2.27,1.0,<Residue TYR het=  resseq=37 icode= >,4mzm_A_A,2.1
287,18.093,TYR, ,CE2,40.93,1.90,1.0,<Residue TYR het=  resseq=37 icode= >,4mzm_A_A,2.1
288,5.107,TYR, ,CZ,43.98,2.84,1.0,<Residue TYR het=  resseq=37 icode= >,4mzm_A_A,2.1
289,27.516,TYR, ,OH,54.75,1.39,1.0,<Residue TYR het=  resseq=37 icode= >,4mzm_A_A,2.1
290,0.401,SER, ,N,30.24,2.83,1.0,<Residue SER het=  resseq=38 icode= >,4mzm_A_A,2.1
291,4.138,SER, ,CA,34.73,2.63,1.0,<Residue SER het=  resseq=38 icode= >,4mzm_A_A,2.1
292,0.773,SER, ,C,29.97,3.76,1.0,<Residue SER het=  resseq=38 icode= >,4mzm_A_A,2.1
293,1.99,SER, ,O,30.25,2.78,1.0,<Residue SER het=  resseq=38 icode= >,4mzm_A_A,2.1
294,15.997,SER, ,CB,34.0,2.76,1.0,<Residue SER het=  resseq=38 icode= >,4mzm_A_A,2.1
295,6.463,SER, ,OG,36.99,2.46,1.0,<Residue SER het=  resseq=38 icode= >,4mzm_A_A,2.1
296,0.118,PRO, ,N,28.12,3.60,1.0,<Residue PRO het=  resseq=39 icode= >,4mzm_A_A,2.1
297,10.436,PRO, ,CA,30.34,3.22,1.0,<Residue PRO het=  resseq=39 icode= >,4mzm_A_A,2.1
298,0.0,PRO, ,C,28.26,3.02,1.0,<Residue PRO het=  resseq=39 icode= >,4mzm_A_A,2.1
299,1.558,PRO, ,O,25.6,2.79,1.0,<Residue PRO het=  resseq=39 icode= >,4mzm_A_A,2.1
300,29.632,PRO, ,CB,34.86,2.47,1.0,<Residue PRO het=  resseq=39 icode= >,4mzm_A_A,2.1
301,34.046,PRO, ,CG,39.45,2.05,1.0,<Residue PRO het=  resseq=39 icode= >,4mzm_A_A,2.1
302,24.397,PRO, ,CD,34.52,2.32,1.0,<Residue PRO het=  resseq=39 icode= >,4mzm_A_A,2.1
303,0.0,THR, ,N,22.98,2.35,1.0,<Residue THR het=  resseq=40 icode= >,4mzm_A_A,2.1
304,0.0,THR, ,CA,25.58,2.66,1.0,<Residue THR het=  resseq=40 icode= >,4mzm_A_A,2.1
305,0.0,THR, ,C,22.86,3.65,1.0,<Residue THR het=  resseq=40 icode= >,4mzm_A_A,2.1
306,0.0,THR, ,O,24.37,3.13,1.0,<Residue THR het=  resseq=40 icode= >,4mzm_A_A,2.1
307,0.0,THR, ,CB,28.92,2.63,1.0,<Residue THR het=  resseq=40 icode= >,4mzm_A_A,2.1
308,13.248,THR, ,OG1,29.16,2.91,1.0,<Residue THR het=  resseq=40 icode= >,4mzm_A_A,2.1
309,26.833,THR, ,CG2,34.32,1.43,1.0,<Residue THR het=  resseq=40 icode= >,4mzm_A_A,2.1
310,0.0,VAL, ,N,20.08,3.01,1.0,<Residue VAL het=  resseq=41 icode= >,4mzm_A_A,2.1
311,0.0,VAL, ,CA,26.04,2.51,1.0,<Residue VAL het=  resseq=41 icode= >,4mzm_A_A,2.1
312,0.0,VAL, ,C,24.46,3.83,1.0,<Residue VAL het=  resseq=41 icode= >,4mzm_A_A,2.1
313,0.0,VAL, ,O,28.89,2.74,1.0,<Residue VAL het=  resseq=41 icode= >,4mzm_A_A,2.1
314,0.0,VAL, ,CB,28.08,2.53,1.0,<Residue VAL het=  resseq=41 icode= >,4mzm_A_A,2.1
315,0.0,VAL, ,CG1,29.2,1.33,1.0,<Residue VAL het=  resseq=41 icode= >,4mzm_A_A,2.1
316,0.0,VAL, ,CG2,24.15,1.81,1.0,<Residue VAL het=  resseq=41 icode= >,4mzm_A_A,2.1
317,0.0,ILE, ,N,23.02,2.85,1.0,<Residue ILE het=  resseq=42 icode= >,4mzm_A_A,2.1
318,0.0,ILE, ,CA,17.57,2.96,1.0,<Residue ILE het=  resseq=42 icode= >,4mzm_A_A,2.1
319,0.0,ILE, ,C,18.32,4.13,1.0,<Residue ILE het=  resseq=42 icode= >,4mzm_A_A,2.1
320,0.0,ILE, ,O,20.84,3.69,1.0,<Residue ILE het=  resseq=42 icode= >,4mzm_A_A,2.1
321,0.0,ILE, ,CB,13.39,3.01,1.0,<Residue ILE het=  resseq=42 icode= >,4mzm_A_A,2.1
322,0.561,ILE, ,CG1,19.2,2.36,1.0,<Residue ILE het=  resseq=42 icode= >,4mzm_A_A,2.1
323,12.482,ILE, ,CG2,12.09,2.45,1.0,<Residue ILE het=  resseq=42 icode= >,4mzm_A_A,2.1
324,46.989,ILE, ,CD1,24.35,1.78,1.0,<Residue ILE het=  resseq=42 icode= >,4mzm_A_A,2.1
325,0.0,VAL, ,N,16.31,4.15,1.0,<Residue VAL het=  resseq=43 icode= >,4mzm_A_A,2.1
326,0.0,VAL, ,CA,12.87,3.57,1.0,<Residue VAL het=  resseq=43 icode= >,4mzm_A_A,2.1
327,0.0,VAL, ,C,22.46,3.95,1.0,<Residue VAL het=  resseq=43 icode= >,4mzm_A_A,2.1
328,0.0,VAL, ,O,26.01,3.05,1.0,<Residue VAL het=  resseq=43 icode= >,4mzm_A_A,2.1
329,0.0,VAL, ,CB,21.2,3.03,1.0,<Residue VAL het=  resseq=43 icode= >,4mzm_A_A,2.1
330,0.0,VAL, ,CG1,18.95,2.73,1.0,<Residue VAL het=  resseq=43 icode= >,4mzm_A_A,2.1
331,0.67,VAL, ,CG2,14.79,2.60,1.0,<Residue VAL het=  resseq=43 icode= >,4mzm_A_A,2.1
332,0.0,ALA, ,N,19.75,3.22,1.0,<Residue ALA het=  resseq=44 icode= >,4mzm_A_A,2.1
333,0.0,ALA, ,CA,20.68,2.40,1.0,<Residue ALA het=  resseq=44 icode= >,4mzm_A_A,2.1
334,0.0,ALA, ,C,22.73,3.59,1.0,<Residue ALA het=  resseq=44 icode= >,4mzm_A_A,2.1
335,0.0,ALA, ,O,22.87,3.71,1.0,<Residue ALA het=  resseq=44 icode= >,4mzm_A_A,2.1
336,0.0,ALA, ,CB,13.64,2.51,1.0,<Residue ALA het=  resseq=44 icode= >,4mzm_A_A,2.1
337,0.817,ALA, ,N,23.36,3.39,1.0,<Residue ALA het=  resseq=45 icode= >,4mzm_A_A,2.1
338,0.0,ALA, ,CA,23.89,3.27,1.0,<Residue ALA het=  resseq=45 icode= >,4mzm_A_A,2.1
339,0.0,ALA, ,C,28.26,4.01,1.0,<Residue ALA het=  resseq=45 icode= >,4mzm_A_A,2.1
340,0.0,ALA, ,O,24.2,3.68,1.0,<Residue ALA het=  resseq=45 icode= >,4mzm_A_A,2.1
341,2.914,ALA, ,CB,22.66,1.81,1.0,<Residue ALA het=  resseq=45 icode= >,4mzm_A_A,2.1
342,0.0,ILE, ,N,24.32,3.19,1.0,<Residue ILE het=  resseq=46 icode= >,4mzm_A_A,2.1
343,0.0,ILE, ,CA,22.32,3.38,1.0,<Residue ILE het=  resseq=46 icode= >,4mzm_A_A,2.1
344,0.034,ILE, ,C,26.77,3.02,1.0,<Residue ILE het=  resseq=46 icode= >,4mzm_A_A,2.1
345,0.078,ILE, ,O,25.72,2.63,1.0,<Residue ILE het=  resseq=46 icode= >,4mzm_A_A,2.1
346,0.0,ILE, ,CB,26.38,3.15,1.0,<Residue ILE het=  resseq=46 icode= >,4mzm_A_A,2.1
347,0.0,ILE, ,CG1,25.8,2.34,1.0,<Residue ILE het=  resseq=46 icode= >,4mzm_A_A,2.1
348,0.936,ILE, ,CG2,30.58,1.74,1.0,<Residue ILE het=  resseq=46 icode= >,4mzm_A_A,2.1
349,0.0,ILE, ,CD1,24.11,1.61,1.0,<Residue ILE het=  resseq=46 icode= >,4mzm_A_A,2.1
350,0.0,THR, ,N,23.12,3.29,1.0,<Residue THR het=  resseq=47 icode= >,4mzm_A_A,2.1
351,1.918,THR, ,CA,26.5,2.76,1.0,<Residue THR het=  resseq=47 icode= >,4mzm_A_A,2.1
352,0.989,THR, ,C,34.21,3.03,1.0,<Residue THR het=  resseq=47 icode= >,4mzm_A_A,2.1
353,0.0,THR, ,O,26.83,2.76,1.0,<Residue THR het=  resseq=47 icode= >,4mzm_A_A,2.1
354,0.0,THR, ,CB,29.34,2.96,1.0,<Residue THR het=  resseq=47 icode= >,4mzm_A_A,2.1
355,15.148,THR, ,OG1,37.65,2.07,1.0,<Residue THR het=  resseq=47 icode= >,4mzm_A_A,2.1
356,8.073,THR, ,CG2,28.51,1.58,1.0,<Residue THR het=  resseq=47 icode= >,4mzm_A_A,2.1
357,10.798,GLY, ,N,36.85,1.91,1.0,<Residue GLY het=  resseq=48 icode= >,4mzm_A_A,2.1
358,21.616,GLY, ,CA,41.38,1.47,1.0,<Residue GLY het=  resseq=48 icode= >,4mzm_A_A,2.1
359,1.77,GLY, ,C,42.49,2.22,1.0,<Residue GLY het=  resseq=48 icode= >,4mzm_A_A,2.1
360,0.568,GLY, ,O,45.41,2.26,1.0,<Residue GLY het=  resseq=48 icode= >,4mzm_A_A,2.1
361,0.576,ARG, ,N,58.92,1.55,1.0,<Residue ARG het=  resseq=49 icode= >,4mzm_A_A,2.1
362,0.107,ARG, ,CA,69.55,1.54,1.0,<Residue ARG het=  resseq=49 icode= >,4mzm_A_A,2.1
363,0.474,ARG, ,C,79.8,1.74,1.0,<Residue ARG het=  resseq=49 icode= >,4mzm_A_A,2.1
364,23.585,ARG, ,O,81.86,1.02,1.0,<Residue ARG het=  resseq=49 icode= >,4mzm_A_A,2.1
365,0.057,ARG, ,CB,71.13,0.81,1.0,<Residue ARG het=  resseq=49 icode= >,4mzm_A_A,2.1
366,5.593,ARG, ,CG,74.43,0.75,1.0,<Residue ARG het=  resseq=49 icode= >,4mzm_A_A,2.1
367,1.07,ARG, ,CD,78.73,0.72,1.0,<Residue ARG het=  resseq=49 icode= >,4mzm_A_A,2.1
368,11.775,ARG, ,NE,83.95,0.95,1.0,<Residue ARG het=  resseq=49 icode= >,4mzm_A_A,2.1
369,0.0,ARG, ,CZ,86.45,0.93,1.0,<Residue ARG het=  resseq=49 icode= >,4mzm_A_A,2.1
370,24.079,ARG, ,NH1,92.62,0.08,1.0,<Residue ARG het=  resseq=49 icode= >,4mzm_A_A,2.1
371,0.0,ARG, ,NH2,78.31,0.82,1.0,<Residue ARG het=  resseq=49 icode= >,4mzm_A_A,2.1
372,0.62,ILE, ,N,86.46,0.93,1.0,<Residue ILE het=  resseq=50 icode= >,4mzm_A_A,2.1
373,6.837,ILE, ,CA,91.46,1.65,1.0,<Residue ILE het=  resseq=50 icode= >,4mzm_A_A,2.1
374,2.143,ILE, ,C,99.72,0.83,1.0,<Residue ILE het=  resseq=50 icode= >,4mzm_A_A,2.1
375,27.003,ILE, ,O,107.18,0.04,1.0,<Residue ILE het=  resseq=50 icode= >,4mzm_A_A,2.1
376,9.252,ILE, ,CB,90.9,0.94,1.0,<Residue ILE het=  resseq=50 icode= >,4mzm_A_A,2.1
377,7.164,ILE, ,CG1,89.46,0.48,1.0,<Residue ILE het=  resseq=50 icode= >,4mzm_A_A,2.1
378,42.3,ILE, ,CG2,91.04,0.17,1.0,<Residue ILE het=  resseq=50 icode= >,4mzm_A_A,2.1
379,60.105,ILE, ,CD1,88.97,0.37,1.0,<Residue ILE het=  resseq=50 icode= >,4mzm_A_A,2.1
380,0.0,ASN, ,N,98.62,0.84,1.0,<Residue ASN het=  resseq=51 icode= >,4mzm_A_A,2.1
381,9.992,ASN, ,CA,95.09,1.15,1.0,<Residue ASN het=  resseq=51 icode= >,4mzm_A_A,2.1
382,0.152,ASN, ,C,90.35,1.81,1.0,<Residue ASN het=  resseq=51 icode= >,4mzm_A_A,2.1
383,4.989,ASN, ,O,90.87,0.94,1.0,<Residue ASN het=  resseq=51 icode= >,4mzm_A_A,2.1
384,22.521,ASN, ,CB,92.43,1.01,1.0,<Residue ASN het=  resseq=51 icode= >,4mzm_A_A,2.1
385,0.079,ASN, ,CG,90.58,1.03,1.0,<Residue ASN het=  resseq=51 icode= >,4mzm_A_A,2.1
386,7.538,ASN, ,OD1,86.95,1.47,1.0,<Residue ASN het=  resseq=51 icode= >,4mzm_A_A,2.1
387,47.915,ASN, ,ND2,90.47,0.56,1.0,<Residue ASN het=  resseq=51 icode= >,4mzm_A_A,2.1
388,10.194,LYS, ,N,83.84,1.36,1.0,<Residue LYS het=  resseq=52 icode= >,4mzm_A_A,2.1
389,0.679,LYS, ,CA,77.05,1.50,1.0,<Residue LYS het=  resseq=52 icode= >,4mzm_A_A,2.1
390,1.3,LYS, ,C,70.83,1.83,1.0,<Residue LYS het=  resseq=52 icode= >,4mzm_A_A,2.1
391,19.91,LYS, ,O,76.14,0.96,1.0,<Residue LYS het=  resseq=52 icode= >,4mzm_A_A,2.1
392,68.435,LYS, ,CB,75.99,0.76,1.0,<Residue LYS het=  resseq=52 icode= >,4mzm_A_A,2.1
393,2.917,ALA, ,N,66.78,1.37,1.0,<Residue ALA het=  resseq=53 icode= >,4mzm_A_A,2.1
394,8.705,ALA, ,CA,53.59,2.32,1.0,<Residue ALA het=  resseq=53 icode= >,4mzm_A_A,2.1
395,2.621,ALA, ,C,50.38,2.81,1.0,<Residue ALA het=  resseq=53 icode= >,4mzm_A_A,2.1
396,9.863,ALA, ,O,62.35,1.29,1.0,<Residue ALA het=  resseq=53 icode= >,4mzm_A_A,2.1
397,25.25,ALA, ,CB,46.65,1.97,1.0,<Residue ALA het=  resseq=53 icode= >,4mzm_A_A,2.1
398,7.174,LYS, ,N,40.53,2.61,1.0,<Residue LYS het=  resseq=54 icode= >,4mzm_A_A,2.1
399,1.602,LYS, ,CA,35.3,2.97,1.0,<Residue LYS het=  resseq=54 icode= >,4mzm_A_A,2.1
400,0.0,LYS, ,C,34.03,2.90,1.0,<Residue LYS het=  resseq=54 icode= >,4mzm_A_A,2.1
401,15.348,LYS, ,O,29.97,2.59,1.0,<Residue LYS het=  resseq=54 icode= >,4mzm_A_A,2.1
402,21.589,LYS, ,CB,42.7,1.70,1.0,<Residue LYS het=  resseq=54 icode= >,4mzm_A_A,2.1
403,31.484,LYS, ,CG,48.98,1.34,1.0,<Residue LYS het=  resseq=54 icode= >,4mzm_A_A,2.1
404,31.724,LYS, ,CD,61.3,0.87,1.0,<Residue LYS het=  resseq=54 icode= >,4mzm_A_A,2.1
405,36.738,LYS, ,CE,65.78,0.96,1.0,<Residue LYS het=  resseq=54 icode= >,4mzm_A_A,2.1
406,48.668,LYS, ,NZ,64.06,1.00,1.0,<Residue LYS het=  resseq=54 icode= >,4mzm_A_A,2.1
407,2.48,ILE, ,N,30.88,3.46,1.0,<Residue ILE het=  resseq=55 icode= >,4mzm_A_A,2.1
408,0.0,ILE, ,CA,28.05,3.31,1.0,<Residue ILE het=  resseq=55 icode= >,4mzm_A_A,2.1
409,1.539,ILE, ,C,23.49,4.23,1.0,<Residue ILE het=  resseq=55 icode= >,4mzm_A_A,2.1
410,4.664,ILE, ,O,23.71,3.37,1.0,<Residue ILE het=  resseq=55 icode= >,4mzm_A_A,2.1
411,0.0,ILE, ,CB,35.04,2.71,1.0,<Residue ILE het=  resseq=55 icode= >,4mzm_A_A,2.1
412,3.281,ILE, ,CG1,30.39,2.64,1.0,<Residue ILE het=  resseq=55 icode= >,4mzm_A_A,2.1
413,13.548,ILE, ,CG2,27.91,1.77,1.0,<Residue ILE het=  resseq=55 icode= >,4mzm_A_A,2.1
414,49.587,ILE, ,CD1,40.81,0.75,1.0,<Residue ILE het=  resseq=55 icode= >,4mzm_A_A,2.1
415,0.146,PRO, ,N,17.62,3.54,1.0,<Residue PRO het=  resseq=56 icode= >,4mzm_A_A,2.1
416,12.59,PRO, ,CA,20.63,2.69,1.0,<Residue PRO het=  resseq=56 icode= >,4mzm_A_A,2.1
417,0.0,PRO, ,C,21.65,3.35,1.0,<Residue PRO het=  resseq=56 icode= >,4mzm_A_A,2.1
418,4.426,PRO, ,O,24.53,2.97,1.0,<Residue PRO het=  resseq=56 icode= >,4mzm_A_A,2.1
419,10.747,PRO, ,CB,20.42,2.26,1.0,<Residue PRO het=  resseq=56 icode= >,4mzm_A_A,2.1
420,43.883,PRO, ,CG,19.52,2.14,1.0,<Residue PRO het=  resseq=56 icode= >,4mzm_A_A,2.1
421,15.719,PRO, ,CD,19.17,2.38,1.0,<Residue PRO het=  resseq=56 icode= >,4mzm_A_A,2.1
422,0.0,THR, ,N,22.23,3.14,1.0,<Residue THR het=  resseq=57 icode= >,4mzm_A_A,2.1
423,0.0,THR, ,CA,22.51,2.77,1.0,<Residue THR het=  resseq=57 icode= >,4mzm_A_A,2.1
424,0.0,THR, ,C,19.97,4.02,1.0,<Residue THR het=  resseq=57 icode= >,4mzm_A_A,2.1
425,0.0,THR, ,O,28.06,3.35,1.0,<Residue THR het=  resseq=57 icode= >,4mzm_A_A,2.1
426,0.0,THR, ,CB,25.77,2.87,1.0,<Residue THR het=  resseq=57 icode= >,4mzm_A_A,2.1
427,4.981,THR, ,OG1,25.79,2.93,1.0,<Residue THR het=  resseq=57 icode= >,4mzm_A_A,2.1
428,20.71,THR, ,CG2,22.69,2.35,1.0,<Residue THR het=  resseq=57 icode= >,4mzm_A_A,2.1
429,0.0,HIS, ,N,19.68,3.90,1.0,<Residue HIS het=  resseq=58 icode= >,4mzm_A_A,2.1
430,0.0,HIS, ,CA,23.69,3.10,1.0,<Residue HIS het=  resseq=58 icode= >,4mzm_A_A,2.1
431,0.111,HIS, ,C,27.47,3.52,1.0,<Residue HIS het=  resseq=58 icode= >,4mzm_A_A,2.1
432,14.52,HIS, ,O,22.88,3.87,1.0,<Residue HIS het=  resseq=58 icode= >,4mzm_A_A,2.1
433,3.313,HIS, ,CB,24.66,3.11,1.0,<Residue HIS het=  resseq=58 icode= >,4mzm_A_A,2.1
434,0.0,HIS, ,CG,29.95,3.05,1.0,<Residue HIS het=  resseq=58 icode= >,4mzm_A_A,2.1
435,8.44,HIS, ,ND1,28.99,3.09,1.0,<Residue HIS het=  resseq=58 icode= >,4mzm_A_A,2.1
436,0.0,HIS, ,CD2,21.12,3.06,1.0,<Residue HIS het=  resseq=58 icode= >,4mzm_A_A,2.1
437,25.616,HIS, ,CE1,31.14,3.00,1.0,<Residue HIS het=  resseq=58 icode= >,4mzm_A_A,2.1
438,2.01,HIS, ,NE2,27.07,3.15,1.0,<Residue HIS het=  resseq=58 icode= >,4mzm_A_A,2.1
439,0.0,VAL, ,N,24.39,3.12,1.0,<Residue VAL het=  resseq=59 icode= >,4mzm_A_A,2.1
440,2.973,VAL, ,CA,22.82,2.59,1.0,<Residue VAL het=  resseq=59 icode= >,4mzm_A_A,2.1
441,0.0,VAL, ,C,22.29,4.06,1.0,<Residue VAL het=  resseq=59 icode= >,4mzm_A_A,2.1
442,0.0,VAL, ,O,25.98,3.00,1.0,<Residue VAL het=  resseq=59 icode= >,4mzm_A_A,2.1
443,0.0,VAL, ,CB,25.72,2.68,1.0,<Residue VAL het=  resseq=59 icode= >,4mzm_A_A,2.1
444,0.0,VAL, ,CG1,22.81,1.97,1.0,<Residue VAL het=  resseq=59 icode= >,4mzm_A_A,2.1
445,5.185,VAL, ,CG2,20.24,2.51,1.0,<Residue VAL het=  resseq=59 icode= >,4mzm_A_A,2.1
446,2.394,GLU, ,N,23.95,3.54,1.0,<Residue GLU het=  resseq=60 icode= >,4mzm_A_A,2.1
447,0.0,GLU, ,CA,27.99,2.71,1.0,<Residue GLU het=  resseq=60 icode= >,4mzm_A_A,2.1
448,0.0,GLU, ,C,34.76,3.31,1.0,<Residue GLU het=  resseq=60 icode= >,4mzm_A_A,2.1
449,0.0,GLU, ,O,30.36,2.91,1.0,<Residue GLU het=  resseq=60 icode= >,4mzm_A_A,2.1
450,10.758,GLU, ,CB,36.38,1.65,1.0,<Residue GLU het=  resseq=60 icode= >,4mzm_A_A,2.1
451,13.278,GLU, ,CG,49.91,0.95,1.0,<Residue GLU het=  resseq=60 icode= >,4mzm_A_A,2.1
452,8.16,GLU, ,CD,62.87,1.36,1.0,<Residue GLU het=  resseq=60 icode= >,4mzm_A_A,2.1
453,26.87,GLU, ,OE1,71.26,1.02,1.0,<Residue GLU het=  resseq=60 icode= >,4mzm_A_A,2.1
454,6.135,GLU, ,OE2,57.85,1.40,1.0,<Residue GLU het=  resseq=60 icode= >,4mzm_A_A,2.1
455,0.0,ILE, ,N,32.56,2.59,1.0,<Residue ILE het=  resseq=61 icode= >,4mzm_A_A,2.1
456,0.0,ILE, ,CA,41.53,2.36,1.0,<Residue ILE het=  resseq=61 icode= >,4mzm_A_A,2.1
457,0.527,ILE, ,C,44.45,2.51,1.0,<Residue ILE het=  resseq=61 icode= >,4mzm_A_A,2.1
458,0.0,ILE, ,O,47.98,1.67,1.0,<Residue ILE het=  resseq=61 icode= >,4mzm_A_A,2.1
459,0.0,ILE, ,CB,45.08,2.14,1.0,<Residue ILE het=  resseq=61 icode= >,4mzm_A_A,2.1
460,0.0,ILE, ,CG1,46.73,1.41,1.0,<Residue ILE het=  resseq=61 icode= >,4mzm_A_A,2.1
461,0.0,ILE, ,CG2,55.56,0.31,1.0,<Residue ILE het=  resseq=61 icode= >,4mzm_A_A,2.1
462,0.407,ILE, ,CD1,36.4,1.95,1.0,<Residue ILE het=  resseq=61 icode= >,4mzm_A_A,2.1
463,0.0,GLU, ,N,48.57,1.57,1.0,<Residue GLU het=  resseq=62 icode= >,4mzm_A_A,2.1
464,1.274,GLU, ,CA,51.39,1.39,1.0,<Residue GLU het=  resseq=62 icode= >,4mzm_A_A,2.1
465,0.0,GLU, ,C,44.8,2.54,1.0,<Residue GLU het=  resseq=62 icode= >,4mzm_A_A,2.1
466,0.0,GLU, ,O,44.76,2.07,1.0,<Residue GLU het=  resseq=62 icode= >,4mzm_A_A,2.1
467,9.105,GLU, ,CB,58.71,1.17,1.0,<Residue GLU het=  resseq=62 icode= >,4mzm_A_A,2.1
468,36.508,GLU, ,CG,70.39,0.47,1.0,<Residue GLU het=  resseq=62 icode= >,4mzm_A_A,2.1
469,7.295,GLU, ,CD,75.42,0.84,1.0,<Residue GLU het=  resseq=62 icode= >,4mzm_A_A,2.1
470,4.691,GLU, ,OE1,60.47,1.61,1.0,<Residue GLU het=  resseq=62 icode= >,4mzm_A_A,2.1
471,13.961,GLU, ,OE2,82.19,0.43,1.0,<Residue GLU het=  resseq=62 icode= >,4mzm_A_A,2.1
472,0.386,LYS, ,N,43.03,2.03,1.0,<Residue LYS het=  resseq=63 icode= >,4mzm_A_A,2.1
473,0.0,LYS, ,CA,57.41,1.25,1.0,<Residue LYS het=  resseq=63 icode= >,4mzm_A_A,2.1
474,1.35,LYS, ,C,65.5,1.93,1.0,<Residue LYS het=  resseq=63 icode= >,4mzm_A_A,2.1
475,5.348,LYS, ,O,65.69,1.85,1.0,<Residue LYS het=  resseq=63 icode= >,4mzm_A_A,2.1
476,19.863,LYS, ,CB,60.02,0.69,1.0,<Residue LYS het=  resseq=63 icode= >,4mzm_A_A,2.1
477,3.152,LYS, ,N,65.96,1.80,1.0,<Residue LYS het=  resseq=64 icode= >,4mzm_A_A,2.1
478,12.329,LYS, ,CA,67.63,1.79,1.0,<Residue LYS het=  resseq=64 icode= >,4mzm_A_A,2.1
479,1.629,LYS, ,C,68.63,1.73,1.0,<Residue LYS het=  resseq=64 icode= >,4mzm_A_A,2.1
480,23.213,LYS, ,O,71.42,1.34,1.0,<Residue LYS het=  resseq=64 icode= >,4mzm_A_A,2.1
481,63.8,LYS, ,CB,67.32,0.81,1.0,<Residue LYS het=  resseq=64 icode= >,4mzm_A_A,2.1
482,1.226,LYS, ,N,62.5,1.44,1.0,<Residue LYS het=  resseq=65 icode= >,4mzm_A_A,2.1
483,13.692,LYS, ,CA,62.72,1.56,1.0,<Residue LYS het=  resseq=65 icode= >,4mzm_A_A,2.1
484,0.0,LYS, ,C,64.79,1.75,1.0,<Residue LYS het=  resseq=65 icode= >,4mzm_A_A,2.1
485,27.035,LYS, ,O,66.83,1.36,1.0,<Residue LYS het=  resseq=65 icode= >,4mzm_A_A,2.1
486,27.096,LYS, ,CB,59.31,0.68,1.0,<Residue LYS het=  resseq=65 icode= >,4mzm_A_A,2.1
487,0.0,TYR, ,N,60.46,1.51,1.0,<Residue TYR het=  resseq=66 icode= >,4mzm_A_A,2.1
488,2.723,TYR, ,CA,57.17,1.98,1.0,<Residue TYR het=  resseq=66 icode= >,4mzm_A_A,2.1
489,3.188,TYR, ,C,63.66,2.40,1.0,<Residue TYR het=  resseq=66 icode= >,4mzm_A_A,2.1
490,3.646,TYR, ,O,66.17,1.43,1.0,<Residue TYR het=  resseq=66 icode= >,4mzm_A_A,2.1
491,0.093,TYR, ,CB,53.99,1.04,1.0,<Residue TYR het=  resseq=66 icode= >,4mzm_A_A,2.1
492,0.0,TYR, ,CG,48.06,2.00,1.0,<Residue TYR het=  resseq=66 icode= >,4mzm_A_A,2.1
493,3.297,TYR, ,CD1,50.28,1.34,1.0,<Residue TYR het=  resseq=66 icode= >,4mzm_A_A,2.1
494,0.0,TYR, ,CD2,47.03,1.84,1.0,<Residue TYR het=  resseq=66 icode= >,4mzm_A_A,2.1
495,9.034,TYR, ,CE1,49.47,1.40,1.0,<Residue TYR het=  resseq=66 icode= >,4mzm_A_A,2.1
496,0.53,TYR, ,CE2,46.6,1.60,1.0,<Residue TYR het=  resseq=66 icode= >,4mzm_A_A,2.1
497,2.4,TYR, ,CZ,46.97,2.30,1.0,<Residue TYR het=  resseq=66 icode= >,4mzm_A_A,2.1
498,4.624,TYR, ,OH,38.19,2.42,1.0,<Residue TYR het=  resseq=66 icode= >,4mzm_A_A,2.1
499,2.662,LYS, ,N,71.45,1.56,1.0,<Residue LYS het=  resseq=67 icode= >,4mzm_A_A,2.1
500,11.185,LYS, ,CA,79.12,0.86,1.0,<Residue LYS het=  resseq=67 icode= >,4mzm_A_A,2.1
501,3.746,LYS, ,C,77.42,1.46,1.0,<Residue LYS het=  resseq=67 icode= >,4mzm_A_A,2.1
502,9.924,LYS, ,O,79.28,0.88,1.0,<Residue LYS het=  resseq=67 icode= >,4mzm_A_A,2.1
503,44.513,LYS, ,CB,77.45,0.68,1.0,<Residue LYS het=  resseq=67 icode= >,4mzm_A_A,2.1
504,0.844,LEU, ,N,71.77,1.21,1.0,<Residue LEU het=  resseq=68 icode= >,4mzm_A_A,2.1
505,0.467,LEU, ,CA,66.27,0.92,1.0,<Residue LEU het=  resseq=68 icode= >,4mzm_A_A,2.1
506,3.322,LEU, ,C,64.92,1.73,1.0,<Residue LEU het=  resseq=68 icode= >,4mzm_A_A,2.1
507,13.462,LEU, ,O,58.49,1.76,1.0,<Residue LEU het=  resseq=68 icode= >,4mzm_A_A,2.1
508,0.681,LEU, ,CB,61.74,1.17,1.0,<Residue LEU het=  resseq=68 icode= >,4mzm_A_A,2.1
509,0.0,LEU, ,CG,58.12,1.78,1.0,<Residue LEU het=  resseq=68 icode= >,4mzm_A_A,2.1
510,0.252,LEU, ,CD1,56.0,0.94,1.0,<Residue LEU het=  resseq=68 icode= >,4mzm_A_A,2.1
511,2.489,LEU, ,CD2,60.31,0.65,1.0,<Residue LEU het=  resseq=68 icode= >,4mzm_A_A,2.1
512,4.484,ASP, ,N,67.92,1.75,1.0,<Residue ASP het=  resseq=69 icode= >,4mzm_A_A,2.1
513,6.478,ASP, ,CA,73.64,1.13,1.0,<Residue ASP het=  resseq=69 icode= >,4mzm_A_A,2.1
514,0.058,ASP, ,C,65.68,2.04,1.0,<Residue ASP het=  resseq=69 icode= >,4mzm_A_A,2.1
515,29.634,ASP, ,O,68.31,1.14,1.0,<Residue ASP het=  resseq=69 icode= >,4mzm_A_A,2.1
516,28.88,ASP, ,CB,81.57,0.70,1.0,<Residue ASP het=  resseq=69 icode= >,4mzm_A_A,2.1
517,11.741,ASP, ,CG,86.2,1.07,1.0,<Residue ASP het=  resseq=69 icode= >,4mzm_A_A,2.1
518,35.959,ASP, ,OD1,83.8,0.93,1.0,<Residue ASP het=  resseq=69 icode= >,4mzm_A_A,2.1
519,41.813,ASP, ,OD2,90.01,0.35,1.0,<Residue ASP het=  resseq=69 icode= >,4mzm_A_A,2.1
520,2.035,LYS, ,N,56.09,1.77,1.0,<Residue LYS het=  resseq=70 icode= >,4mzm_A_A,2.1
521,4.35,LYS, ,CA,53.55,1.57,1.0,<Residue LYS het=  resseq=70 icode= >,4mzm_A_A,2.1
522,0.0,LYS, ,C,47.67,2.28,1.0,<Residue LYS het=  resseq=70 icode= >,4mzm_A_A,2.1
523,0.0,LYS, ,O,36.66,2.40,1.0,<Residue LYS het=  resseq=70 icode= >,4mzm_A_A,2.1
524,45.074,LYS, ,CB,54.89,0.78,1.0,<Residue LYS het=  resseq=70 icode= >,4mzm_A_A,2.1
525,4.304,ASP, ,N,46.61,1.81,1.0,<Residue ASP het=  resseq=71 icode= >,4mzm_A_A,2.1
526,0.0,ASP, ,CA,46.71,2.03,1.0,<Residue ASP het=  resseq=71 icode= >,4mzm_A_A,2.1
527,0.0,ASP, ,C,47.0,2.19,1.0,<Residue ASP het=  resseq=71 icode= >,4mzm_A_A,2.1
528,1.113,ASP, ,O,45.79,2.22,1.0,<Residue ASP het=  resseq=71 icode= >,4mzm_A_A,2.1
529,12.563,ASP, ,CB,56.36,1.52,1.0,<Residue ASP het=  resseq=71 icode= >,4mzm_A_A,2.1
530,7.521,ASP, ,CG,67.3,1.55,1.0,<Residue ASP het=  resseq=71 icode= >,4mzm_A_A,2.1
531,11.331,ASP, ,OD1,65.28,1.61,1.0,<Residue ASP het=  resseq=71 icode= >,4mzm_A_A,2.1
532,29.586,ASP, ,OD2,72.32,1.01,1.0,<Residue ASP het=  resseq=71 icode= >,4mzm_A_A,2.1
533,0.0,SER, ,N,45.1,1.79,1.0,<Residue SER het=  resseq=72 icode= >,4mzm_A_A,2.1
534,0.0,SER, ,CA,35.54,2.15,1.0,<Residue SER het=  resseq=72 icode= >,4mzm_A_A,2.1
535,0.0,SER, ,C,34.37,3.37,1.0,<Residue SER het=  resseq=72 icode= >,4mzm_A_A,2.1
536,0.0,SER, ,O,30.5,3.31,1.0,<Residue SER het=  resseq=72 icode= >,4mzm_A_A,2.1
537,0.0,SER, ,CB,37.27,2.18,1.0,<Residue SER het=  resseq=72 icode= >,4mzm_A_A,2.1
538,7.576,SER, ,OG,40.3,1.72,1.0,<Residue SER het=  resseq=72 icode= >,4mzm_A_A,2.1
539,0.0,VAL, ,N,26.9,2.73,1.0,<Residue VAL het=  resseq=73 icode= >,4mzm_A_A,2.1
540,0.0,VAL, ,CA,25.8,2.59,1.0,<Residue VAL het=  resseq=73 icode= >,4mzm_A_A,2.1
541,0.0,VAL, ,C,25.8,3.43,1.0,<Residue VAL het=  resseq=73 icode= >,4mzm_A_A,2.1
542,0.0,VAL, ,O,23.52,3.13,1.0,<Residue VAL het=  resseq=73 icode= >,4mzm_A_A,2.1
543,0.601,VAL, ,CB,27.36,2.93,1.0,<Residue VAL het=  resseq=73 icode= >,4mzm_A_A,2.1
544,8.086,VAL, ,CG1,33.71,1.04,1.0,<Residue VAL het=  resseq=73 icode= >,4mzm_A_A,2.1
545,3.446,VAL, ,CG2,25.6,2.12,1.0,<Residue VAL het=  resseq=73 icode= >,4mzm_A_A,2.1
546,0.0,ILE, ,N,21.62,2.99,1.0,<Residue ILE het=  resseq=74 icode= >,4mzm_A_A,2.1
547,0.0,ILE, ,CA,27.37,2.36,1.0,<Residue ILE het=  resseq=74 icode= >,4mzm_A_A,2.1
548,0.0,ILE, ,C,23.25,4.12,1.0,<Residue ILE het=  resseq=74 icode= >,4mzm_A_A,2.1
549,0.0,ILE, ,O,27.39,3.11,1.0,<Residue ILE het=  resseq=74 icode= >,4mzm_A_A,2.1
550,0.0,ILE, ,CB,26.07,2.77,1.0,<Residue ILE het=  resseq=74 icode= >,4mzm_A_A,2.1
551,0.0,ILE, ,CG1,18.35,2.89,1.0,<Residue ILE het=  resseq=74 icode= >,4mzm_A_A,2.1
552,0.0,ILE, ,CG2,25.72,2.06,1.0,<Residue ILE het=  resseq=74 icode= >,4mzm_A_A,2.1
553,0.0,ILE, ,CD1,20.8,2.13,1.0,<Residue ILE het=  resseq=74 icode= >,4mzm_A_A,2.1
554,0.0,LEU, ,N,21.56,3.43,1.0,<Residue LEU het=  resseq=75 icode= >,4mzm_A_A,2.1
555,0.0,LEU, ,CA,27.54,2.25,1.0,<Residue LEU het=  resseq=75 icode= >,4mzm_A_A,2.1
556,0.0,LEU, ,C,26.97,3.65,1.0,<Residue LEU het=  resseq=75 icode= >,4mzm_A_A,2.1
557,0.0,LEU, ,O,21.08,3.46,1.0,<Residue LEU het=  resseq=75 icode= >,4mzm_A_A,2.1
558,0.0,LEU, ,CB,25.95,1.83,1.0,<Residue LEU het=  resseq=75 icode= >,4mzm_A_A,2.1
559,0.0,LEU, ,CG,29.55,2.19,1.0,<Residue LEU het=  resseq=75 icode= >,4mzm_A_A,2.1
560,3.255,LEU, ,CD1,29.07,1.97,1.0,<Residue LEU het=  resseq=75 icode= >,4mzm_A_A,2.1
561,5.917,LEU, ,CD2,25.15,1.59,1.0,<Residue LEU het=  resseq=75 icode= >,4mzm_A_A,2.1
562,0.0,LEU, ,N,24.05,3.82,1.0,<Residue LEU het=  resseq=76 icode= >,4mzm_A_A,2.1
563,0.0,LEU, ,CA,22.11,3.25,1.0,<Residue LEU het=  resseq=76 icode= >,4mzm_A_A,2.1
564,0.0,LEU, ,C,23.32,3.66,1.0,<Residue LEU het=  resseq=76 icode= >,4mzm_A_A,2.1
565,0.005,LEU, ,O,22.98,3.43,1.0,<Residue LEU het=  resseq=76 icode= >,4mzm_A_A,2.1
566,0.0,LEU, ,CB,12.88,3.64,1.0,<Residue LEU het=  resseq=76 icode= >,4mzm_A_A,2.1
567,0.0,LEU, ,CG,16.17,3.32,1.0,<Residue LEU het=  resseq=76 icode= >,4mzm_A_A,2.1
568,0.0,LEU, ,CD1,18.82,2.28,1.0,<Residue LEU het=  resseq=76 icode= >,4mzm_A_A,2.1
569,0.0,LEU, ,CD2,15.89,2.70,1.0,<Residue LEU het=  resseq=76 icode= >,4mzm_A_A,2.1
570,0.0,GLU, ,N,20.2,3.71,1.0,<Residue GLU het=  resseq=77 icode= >,4mzm_A_A,2.1
571,2.999,GLU, ,CA,22.43,2.82,1.0,<Residue GLU het=  resseq=77 icode= >,4mzm_A_A,2.1
572,0.408,GLU, ,C,28.79,3.93,1.0,<Residue GLU het=  resseq=77 icode= >,4mzm_A_A,2.1
573,23.635,GLU, ,O,22.93,3.66,1.0,<Residue GLU het=  resseq=77 icode= >,4mzm_A_A,2.1
574,19.175,GLU, ,CB,25.05,2.19,1.0,<Residue GLU het=  resseq=77 icode= >,4mzm_A_A,2.1
575,22.012,GLU, ,CG,28.18,1.91,1.0,<Residue GLU het=  resseq=77 icode= >,4mzm_A_A,2.1
576,1.367,GLU, ,CD,31.1,3.69,1.0,<Residue GLU het=  resseq=77 icode= >,4mzm_A_A,2.1
577,0.0,GLU, ,OE1,31.84,2.96,1.0,<Residue GLU het=  resseq=77 icode= >,4mzm_A_A,2.1
578,15.1,GLU, ,OE2,29.05,2.98,1.0,<Residue GLU het=  resseq=77 icode= >,4mzm_A_A,2.1
579,0.0,GLN, ,N,25.46,3.40,1.0,<Residue GLN het=  resseq=78 icode= >,4mzm_A_A,2.1
580,1.724,GLN, ,CA,22.8,3.02,1.0,<Residue GLN het=  resseq=78 icode= >,4mzm_A_A,2.1
581,2.47,GLN, ,C,27.33,3.56,1.0,<Residue GLN het=  resseq=78 icode= >,4mzm_A_A,2.1
582,0.656,GLN, ,O,23.01,3.25,1.0,<Residue GLN het=  resseq=78 icode= >,4mzm_A_A,2.1
583,0.748,GLN, ,CB,22.91,2.21,1.0,<Residue GLN het=  resseq=78 icode= >,4mzm_A_A,2.1
584,1.0,GLN, ,CG,22.67,2.50,1.0,<Residue GLN het=  resseq=78 icode= >,4mzm_A_A,2.1
585,1.492,GLN, ,CD,24.97,3.83,1.0,<Residue GLN het=  resseq=78 icode= >,4mzm_A_A,2.1
586,11.508,GLN, ,OE1,24.08,3.08,1.0,<Residue GLN het=  resseq=78 icode= >,4mzm_A_A,2.1
587,23.788,GLN, ,NE2,27.88,2.22,1.0,<Residue GLN het=  resseq=78 icode= >,4mzm_A_A,2.1
588,2.263,ILE, ,N,23.13,3.21,1.0,<Residue ILE het=  resseq=79 icode= >,4mzm_A_A,2.1
589,0.142,ILE, ,CA,32.38,2.26,1.0,<Residue ILE het=  resseq=79 icode= >,4mzm_A_A,2.1
590,0.0,ILE, ,C,33.63,3.35,1.0,<Residue ILE het=  resseq=79 icode= >,4mzm_A_A,2.1
591,19.974,ILE, ,O,39.19,2.61,1.0,<Residue ILE het=  resseq=79 icode= >,4mzm_A_A,2.1
592,0.0,ILE, ,CB,36.01,2.29,1.0,<Residue ILE het=  resseq=79 icode= >,4mzm_A_A,2.1
593,19.195,ILE, ,CG1,41.01,1.45,1.0,<Residue ILE het=  resseq=79 icode= >,4mzm_A_A,2.1
594,0.0,ILE, ,CG2,29.27,1.91,1.0,<Residue ILE het=  resseq=79 icode= >,4mzm_A_A,2.1
595,15.756,ILE, ,CD1,37.79,0.66,1.0,<Residue ILE het=  resseq=79 icode= >,4mzm_A_A,2.1
596,0.0,ARG, ,N,28.11,3.17,1.0,<Residue ARG het=  resseq=80 icode= >,4mzm_A_A,2.1
597,7.944,ARG, ,CA,35.45,2.13,1.0,<Residue ARG het=  resseq=80 icode= >,4mzm_A_A,2.1
598,0.015,ARG, ,C,27.42,4.05,1.0,<Residue ARG het=  resseq=80 icode= >,4mzm_A_A,2.1
599,0.0,ARG, ,O,21.72,3.69,1.0,<Residue ARG het=  resseq=80 icode= >,4mzm_A_A,2.1
600,12.117,ARG, ,CB,42.07,1.59,1.0,<Residue ARG het=  resseq=80 icode= >,4mzm_A_A,2.1
601,2.271,ARG, ,CG,29.06,2.57,1.0,<Residue ARG het=  resseq=80 icode= >,4mzm_A_A,2.1
602,13.819,ARG, ,CD,31.03,1.95,1.0,<Residue ARG het=  resseq=80 icode= >,4mzm_A_A,2.1
603,3.963,ARG, ,NE,37.43,2.29,1.0,<Residue ARG het=  resseq=80 icode= >,4mzm_A_A,2.1
604,4.539,ARG, ,CZ,38.44,2.59,1.0,<Residue ARG het=  resseq=80 icode= >,4mzm_A_A,2.1
605,2.223,ARG, ,NH1,31.85,1.90,1.0,<Residue ARG het=  resseq=80 icode= >,4mzm_A_A,2.1
606,26.61,ARG, ,NH2,38.11,1.68,1.0,<Residue ARG het=  resseq=80 icode= >,4mzm_A_A,2.1
607,3.857,THR, ,N,32.51,2.74,1.0,<Residue THR het=  resseq=81 icode= >,4mzm_A_A,2.1
608,0.0,THR, ,CA,30.97,2.22,1.0,<Residue THR het=  resseq=81 icode= >,4mzm_A_A,2.1
609,0.0,THR, ,C,31.73,3.46,1.0,<Residue THR het=  resseq=81 icode= >,4mzm_A_A,2.1
610,18.704,THR, ,O,30.25,2.59,1.0,<Residue THR het=  resseq=81 icode= >,4mzm_A_A,2.1
611,14.12,THR, ,CB,30.59,3.14,1.0,<Residue THR het=  resseq=81 icode= >,4mzm_A_A,2.1
612,20.474,THR, ,OG1,29.23,2.69,1.0,<Residue THR het=  resseq=81 icode= >,4mzm_A_A,2.1
613,23.585,THR, ,CG2,27.46,2.51,1.0,<Residue THR het=  resseq=81 icode= >,4mzm_A_A,2.1
614,0.0,LEU, ,N,27.25,3.11,1.0,<Residue LEU het=  resseq=82 icode= >,4mzm_A_A,2.1
615,0.393,LEU, ,CA,23.07,3.33,1.0,<Residue LEU het=  resseq=82 icode= >,4mzm_A_A,2.1
616,0.0,LEU, ,C,29.08,3.28,1.0,<Residue LEU het=  resseq=82 icode= >,4mzm_A_A,2.1
617,0.0,LEU, ,O,27.3,3.05,1.0,<Residue LEU het=  resseq=82 icode= >,4mzm_A_A,2.1
618,0.0,LEU, ,CB,22.15,2.96,1.0,<Residue LEU het=  resseq=82 icode= >,4mzm_A_A,2.1
619,0.0,LEU, ,CG,30.46,2.39,1.0,<Residue LEU het=  resseq=82 icode= >,4mzm_A_A,2.1
620,0.0,LEU, ,CD1,31.32,1.48,1.0,<Residue LEU het=  resseq=82 icode= >,4mzm_A_A,2.1
621,0.717,LEU, ,CD2,28.27,1.76,1.0,<Residue LEU het=  resseq=82 icode= >,4mzm_A_A,2.1
622,4.784,ASP, ,N,28.16,2.64,1.0,<Residue ASP het=  resseq=83 icode= >,4mzm_A_A,2.1
623,0.0,ASP, ,CA,32.75,2.64,1.0,<Residue ASP het=  resseq=83 icode= >,4mzm_A_A,2.1
624,0.0,ASP, ,C,35.39,3.80,1.0,<Residue ASP het=  resseq=83 icode= >,4mzm_A_A,2.1
625,0.0,ASP, ,O,31.82,2.92,1.0,<Residue ASP het=  resseq=83 icode= >,4mzm_A_A,2.1
626,22.688,ASP, ,CB,41.95,1.82,1.0,<Residue ASP het=  resseq=83 icode= >,4mzm_A_A,2.1
627,8.563,ASP, ,CG,58.23,1.64,1.0,<Residue ASP het=  resseq=83 icode= >,4mzm_A_A,2.1
628,6.775,ASP, ,OD1,55.66,1.69,1.0,<Residue ASP het=  resseq=83 icode= >,4mzm_A_A,2.1
629,25.932,ASP, ,OD2,62.11,1.30,1.0,<Residue ASP het=  resseq=83 icode= >,4mzm_A_A,2.1
630,0.008,LYS, ,N,35.37,2.73,1.0,<Residue LYS het=  resseq=84 icode= >,4mzm_A_A,2.1
631,0.0,LYS, ,CA,33.23,2.16,1.0,<Residue LYS het=  resseq=84 icode= >,4mzm_A_A,2.1
632,1.115,LYS, ,C,34.76,3.02,1.0,<Residue LYS het=  resseq=84 icode= >,4mzm_A_A,2.1
633,6.294,LYS, ,O,33.12,2.83,1.0,<Residue LYS het=  resseq=84 icode= >,4mzm_A_A,2.1
634,16.247,LYS, ,CB,37.15,1.50,1.0,<Residue LYS het=  resseq=84 icode= >,4mzm_A_A,2.1
635,0.0,LYS, ,CG,35.7,1.90,1.0,<Residue LYS het=  resseq=84 icode= >,4mzm_A_A,2.1
636,14.874,LYS, ,CD,32.25,1.99,1.0,<Residue LYS het=  resseq=84 icode= >,4mzm_A_A,2.1
637,0.0,LYS, ,CE,33.58,2.11,1.0,<Residue LYS het=  resseq=84 icode= >,4mzm_A_A,2.1
638,10.236,LYS, ,NZ,33.36,1.82,1.0,<Residue LYS het=  resseq=84 icode= >,4mzm_A_A,2.1
639,2.026,LYS, ,N,29.71,2.80,1.0,<Residue LYS het=  resseq=85 icode= >,4mzm_A_A,2.1
640,12.291,LYS, ,CA,31.96,2.39,1.0,<Residue LYS het=  resseq=85 icode= >,4mzm_A_A,2.1
641,1.194,LYS, ,C,42.33,2.40,1.0,<Residue LYS het=  resseq=85 icode= >,4mzm_A_A,2.1
642,15.912,LYS, ,O,38.24,2.03,1.0,<Residue LYS het=  resseq=85 icode= >,4mzm_A_A,2.1
643,52.125,LYS, ,CB,32.99,1.74,1.0,<Residue LYS het=  resseq=85 icode= >,4mzm_A_A,2.1
644,0.0,ARG, ,N,35.64,2.20,1.0,<Residue ARG het=  resseq=86 icode= >,4mzm_A_A,2.1
645,2.217,ARG, ,CA,33.61,2.75,1.0,<Residue ARG het=  resseq=86 icode= >,4mzm_A_A,2.1
646,0.0,ARG, ,C,35.41,3.22,1.0,<Residue ARG het=  resseq=86 icode= >,4mzm_A_A,2.1
647,0.0,ARG, ,O,32.9,2.84,1.0,<Residue ARG het=  resseq=86 icode= >,4mzm_A_A,2.1
648,0.0,ARG, ,CB,36.5,1.87,1.0,<Residue ARG het=  resseq=86 icode= >,4mzm_A_A,2.1
649,13.975,ARG, ,CG,40.4,1.65,1.0,<Residue ARG het=  resseq=86 icode= >,4mzm_A_A,2.1
650,2.207,ARG, ,CD,41.45,1.39,1.0,<Residue ARG het=  resseq=86 icode= >,4mzm_A_A,2.1
651,9.015,ARG, ,NE,43.04,1.43,1.0,<Residue ARG het=  resseq=86 icode= >,4mzm_A_A,2.1
652,4.239,ARG, ,CZ,43.6,1.40,1.0,<Residue ARG het=  resseq=86 icode= >,4mzm_A_A,2.1
653,0.668,ARG, ,NH1,27.08,1.74,1.0,<Residue ARG het=  resseq=86 icode= >,4mzm_A_A,2.1
654,42.149,ARG, ,NH2,47.31,0.70,1.0,<Residue ARG het=  resseq=86 icode= >,4mzm_A_A,2.1
655,0.0,LEU, ,N,33.16,2.73,1.0,<Residue LEU het=  resseq=87 icode= >,4mzm_A_A,2.1
656,0.0,LEU, ,CA,36.62,2.30,1.0,<Residue LEU het=  resseq=87 icode= >,4mzm_A_A,2.1
657,0.0,LEU, ,C,36.52,3.27,1.0,<Residue LEU het=  resseq=87 icode= >,4mzm_A_A,2.1
658,16.738,LEU, ,O,31.3,2.39,1.0,<Residue LEU het=  resseq=87 icode= >,4mzm_A_A,2.1
659,4.311,LEU, ,CB,33.14,1.51,1.0,<Residue LEU het=  resseq=87 icode= >,4mzm_A_A,2.1
660,0.0,LEU, ,CG,34.8,1.66,1.0,<Residue LEU het=  resseq=87 icode= >,4mzm_A_A,2.1
661,1.427,LEU, ,CD1,30.96,1.03,1.0,<Residue LEU het=  resseq=87 icode= >,4mzm_A_A,2.1
662,0.0,LEU, ,CD2,30.52,1.21,1.0,<Residue LEU het=  resseq=87 icode= >,4mzm_A_A,2.1
663,0.0,LYS, ,N,34.12,2.46,1.0,<Residue LYS het=  resseq=88 icode= >,4mzm_A_A,2.1
664,7.82,LYS, ,CA,39.89,2.61,1.0,<Residue LYS het=  resseq=88 icode= >,4mzm_A_A,2.1
665,4.702,LYS, ,C,45.23,3.07,1.0,<Residue LYS het=  resseq=88 icode= >,4mzm_A_A,2.1
666,10.626,LYS, ,O,49.48,1.81,1.0,<Residue LYS het=  resseq=88 icode= >,4mzm_A_A,2.1
667,14.015,LYS, ,CB,36.55,2.20,1.0,<Residue LYS het=  resseq=88 icode= >,4mzm_A_A,2.1
668,0.512,LYS, ,CG,45.84,1.67,1.0,<Residue LYS het=  resseq=88 icode= >,4mzm_A_A,2.1
669,22.808,LYS, ,CD,53.86,1.45,1.0,<Residue LYS het=  resseq=88 icode= >,4mzm_A_A,2.1
670,7.446,LYS, ,CE,59.56,1.16,1.0,<Residue LYS het=  resseq=88 icode= >,4mzm_A_A,2.1
671,34.174,LYS, ,NZ,62.24,1.14,1.0,<Residue LYS het=  resseq=88 icode= >,4mzm_A_A,2.1
672,1.906,GLU, ,N,44.86,2.51,1.0,<Residue GLU het=  resseq=89 icode= >,4mzm_A_A,2.1
673,9.746,GLU, ,CA,43.35,2.34,1.0,<Residue GLU het=  resseq=89 icode= >,4mzm_A_A,2.1
674,0.0,GLU, ,C,40.3,2.89,1.0,<Residue GLU het=  resseq=89 icode= >,4mzm_A_A,2.1
675,0.0,GLU, ,O,31.78,2.46,1.0,<Residue GLU het=  resseq=89 icode= >,4mzm_A_A,2.1
676,11.319,GLU, ,CB,53.18,1.62,1.0,<Residue GLU het=  resseq=89 icode= >,4mzm_A_A,2.1
677,16.84,GLU, ,CG,61.87,1.15,1.0,<Residue GLU het=  resseq=89 icode= >,4mzm_A_A,2.1
678,7.889,GLU, ,CD,72.04,1.53,1.0,<Residue GLU het=  resseq=89 icode= >,4mzm_A_A,2.1
679,20.061,GLU, ,OE1,65.07,1.95,1.0,<Residue GLU het=  resseq=89 icode= >,4mzm_A_A,2.1
680,37.904,GLU, ,OE2,81.15,0.84,1.0,<Residue GLU het=  resseq=89 icode= >,4mzm_A_A,2.1
681,5.79,LYS, ,N,33.59,2.79,1.0,<Residue LYS het=  resseq=90 icode= >,4mzm_A_A,2.1
682,0.0,LYS, ,CA,34.26,2.87,1.0,<Residue LYS het=  resseq=90 icode= >,4mzm_A_A,2.1
683,0.0,LYS, ,C,36.99,3.29,1.0,<Residue LYS het=  resseq=90 icode= >,4mzm_A_A,2.1
684,16.511,LYS, ,O,34.54,2.28,1.0,<Residue LYS het=  resseq=90 icode= >,4mzm_A_A,2.1
685,14.489,LYS, ,CB,32.54,2.02,1.0,<Residue LYS het=  resseq=90 icode= >,4mzm_A_A,2.1
686,0.0,LYS, ,CG,36.45,1.98,1.0,<Residue LYS het=  resseq=90 icode= >,4mzm_A_A,2.1
687,23.534,LYS, ,CD,47.36,1.16,1.0,<Residue LYS het=  resseq=90 icode= >,4mzm_A_A,2.1
688,18.037,LYS, ,CE,47.82,1.16,1.0,<Residue LYS het=  resseq=90 icode= >,4mzm_A_A,2.1
689,3.033,LYS, ,NZ,43.69,1.67,1.0,<Residue LYS het=  resseq=90 icode= >,4mzm_A_A,2.1
690,0.0,LEU, ,N,30.46,3.01,1.0,<Residue LEU het=  resseq=91 icode= >,4mzm_A_A,2.1
691,2.416,LEU, ,CA,31.41,2.95,1.0,<Residue LEU het=  resseq=91 icode= >,4mzm_A_A,2.1
692,1.253,LEU, ,C,34.68,2.99,1.0,<Residue LEU het=  resseq=91 icode= >,4mzm_A_A,2.1
693,17.022,LEU, ,O,34.3,2.24,1.0,<Residue LEU het=  resseq=91 icode= >,4mzm_A_A,2.1
694,0.069,LEU, ,CB,35.79,1.81,1.0,<Residue LEU het=  resseq=91 icode= >,4mzm_A_A,2.1
695,0.0,LEU, ,CG,38.94,1.75,1.0,<Residue LEU het=  resseq=91 icode= >,4mzm_A_A,2.1
696,7.47,LEU, ,CD1,30.55,1.41,1.0,<Residue LEU het=  resseq=91 icode= >,4mzm_A_A,2.1
697,17.437,LEU, ,CD2,30.15,1.52,1.0,<Residue LEU het=  resseq=91 icode= >,4mzm_A_A,2.1
698,0.0,THR, ,N,28.29,3.28,1.0,<Residue THR het=  resseq=92 icode= >,4mzm_A_A,2.1
699,8.911,THR, ,CA,27.3,3.26,1.0,<Residue THR het=  resseq=92 icode= >,4mzm_A_A,2.1
700,0.083,THR, ,C,29.65,3.67,1.0,<Residue THR het=  resseq=92 icode= >,4mzm_A_A,2.1
701,0.0,THR, ,O,29.76,2.83,1.0,<Residue THR het=  resseq=92 icode= >,4mzm_A_A,2.1
702,2.119,THR, ,CB,39.88,2.54,1.0,<Residue THR het=  resseq=92 icode= >,4mzm_A_A,2.1
703,12.288,THR, ,OG1,39.02,2.46,1.0,<Residue THR het=  resseq=92 icode= >,4mzm_A_A,2.1
704,0.453,THR, ,CG2,32.39,1.79,1.0,<Residue THR het=  resseq=92 icode= >,4mzm_A_A,2.1
705,0.0,TYR, ,N,26.61,3.21,1.0,<Residue TYR het=  resseq=93 icode= >,4mzm_A_A,2.1
706,0.0,TYR, ,CA,28.8,2.12,1.0,<Residue TYR het=  resseq=93 icode= >,4mzm_A_A,2.1
707,0.0,TYR, ,C,23.6,3.73,1.0,<Residue TYR het=  resseq=93 icode= >,4mzm_A_A,2.1
708,3.376,TYR, ,O,24.64,2.59,1.0,<Residue TYR het=  resseq=93 icode= >,4mzm_A_A,2.1
709,4.01,TYR, ,CB,29.18,1.72,1.0,<Residue TYR het=  resseq=93 icode= >,4mzm_A_A,2.1
710,2.239,TYR, ,CG,40.72,2.49,1.0,<Residue TYR het=  resseq=93 icode= >,4mzm_A_A,2.1
711,9.137,TYR, ,CD1,46.74,2.07,1.0,<Residue TYR het=  resseq=93 icode= >,4mzm_A_A,2.1
712,12.459,TYR, ,CD2,47.78,1.44,1.0,<Residue TYR het=  resseq=93 icode= >,4mzm_A_A,2.1
713,27.76,TYR, ,CE1,57.57,1.03,1.0,<Residue TYR het=  resseq=93 icode= >,4mzm_A_A,2.1
714,34.053,TYR, ,CE2,57.27,1.32,1.0,<Residue TYR het=  resseq=93 icode= >,4mzm_A_A,2.1
715,9.743,TYR, ,CZ,64.21,1.52,1.0,<Residue TYR het=  resseq=93 icode= >,4mzm_A_A,2.1
716,43.531,TYR, ,OH,73.92,0.61,1.0,<Residue TYR het=  resseq=93 icode= >,4mzm_A_A,2.1
717,0.0,LEU, ,N,22.19,2.77,1.0,<Residue LEU het=  resseq=94 icode= >,4mzm_A_A,2.1
718,0.0,LEU, ,CA,31.61,2.27,1.0,<Residue LEU het=  resseq=94 icode= >,4mzm_A_A,2.1
719,0.031,LEU, ,C,26.45,4.37,1.0,<Residue LEU het=  resseq=94 icode= >,4mzm_A_A,2.1
720,7.655,LEU, ,O,26.4,3.43,1.0,<Residue LEU het=  resseq=94 icode= >,4mzm_A_A,2.1
721,0.0,LEU, ,CB,30.37,1.76,1.0,<Residue LEU het=  resseq=94 icode= >,4mzm_A_A,2.1
722,0.0,LEU, ,CG,28.59,1.95,1.0,<Residue LEU het=  resseq=94 icode= >,4mzm_A_A,2.1
723,0.0,LEU, ,CD1,26.09,1.33,1.0,<Residue LEU het=  resseq=94 icode= >,4mzm_A_A,2.1
724,0.061,LEU, ,CD2,29.31,1.49,1.0,<Residue LEU het=  resseq=94 icode= >,4mzm_A_A,2.1
725,0.761,SER, ,N,29.65,3.01,1.0,<Residue SER het=  resseq=95 icode= >,4mzm_A_A,2.1
726,7.826,SER, ,CA,27.97,3.00,1.0,<Residue SER het=  resseq=95 icode= >,4mzm_A_A,2.1
727,0.0,SER, ,C,31.32,3.22,1.0,<Residue SER het=  resseq=95 icode= >,4mzm_A_A,2.1
728,0.0,SER, ,O,32.44,3.11,1.0,<Residue SER het=  resseq=95 icode= >,4mzm_A_A,2.1
729,35.941,SER, ,CB,28.25,2.49,1.0,<Residue SER het=  resseq=95 icode= >,4mzm_A_A,2.1
730,6.779,SER, ,OG,35.89,2.48,1.0,<Residue SER het=  resseq=95 icode= >,4mzm_A_A,2.1
731,3.522,ASP, ,N,23.19,3.27,1.0,<Residue ASP het=  resseq=96 icode= >,4mzm_A_A,2.1
732,3.272,ASP, ,CA,23.58,3.11,1.0,<Residue ASP het=  resseq=96 icode= >,4mzm_A_A,2.1
733,0.0,ASP, ,C,29.85,3.19,1.0,<Residue ASP het=  resseq=96 icode= >,4mzm_A_A,2.1
734,1.54,ASP, ,O,32.83,2.69,1.0,<Residue ASP het=  resseq=96 icode= >,4mzm_A_A,2.1
735,20.912,ASP, ,CB,33.52,2.23,1.0,<Residue ASP het=  resseq=96 icode= >,4mzm_A_A,2.1
736,15.133,ASP, ,CG,43.17,2.70,1.0,<Residue ASP het=  resseq=96 icode= >,4mzm_A_A,2.1
737,30.347,ASP, ,OD1,45.4,2.03,1.0,<Residue ASP het=  resseq=96 icode= >,4mzm_A_A,2.1
738,41.926,ASP, ,OD2,46.59,1.96,1.0,<Residue ASP het=  resseq=96 icode= >,4mzm_A_A,2.1
739,0.668,ASP, ,N,27.53,3.01,1.0,<Residue ASP het=  resseq=97 icode= >,4mzm_A_A,2.1
740,0.501,ASP, ,CA,34.64,2.55,1.0,<Residue ASP het=  resseq=97 icode= >,4mzm_A_A,2.1
741,0.027,ASP, ,C,32.5,3.13,1.0,<Residue ASP het=  resseq=97 icode= >,4mzm_A_A,2.1
742,2.602,ASP, ,O,29.58,2.90,1.0,<Residue ASP het=  resseq=97 icode= >,4mzm_A_A,2.1
743,22.908,ASP, ,CB,48.85,1.23,1.0,<Residue ASP het=  resseq=97 icode= >,4mzm_A_A,2.1
744,15.025,ASP, ,CG,55.28,2.18,1.0,<Residue ASP het=  resseq=97 icode= >,4mzm_A_A,2.1
745,15.726,ASP, ,OD1,52.05,1.68,1.0,<Residue ASP het=  resseq=97 icode= >,4mzm_A_A,2.1
746,42.274,ASP, ,OD2,59.98,1.46,1.0,<Residue ASP het=  resseq=97 icode= >,4mzm_A_A,2.1
747,0.935,LYS, ,N,21.62,3.51,1.0,<Residue LYS het=  resseq=98 icode= >,4mzm_A_A,2.1
748,0.0,LYS, ,CA,22.03,2.58,1.0,<Residue LYS het=  resseq=98 icode= >,4mzm_A_A,2.1
749,0.0,LYS, ,C,30.38,3.30,1.0,<Residue LYS het=  resseq=98 icode= >,4mzm_A_A,2.1
750,0.0,LYS, ,O,31.12,3.23,1.0,<Residue LYS het=  resseq=98 icode= >,4mzm_A_A,2.1
751,0.91,LYS, ,CB,30.21,2.40,1.0,<Residue LYS het=  resseq=98 icode= >,4mzm_A_A,2.1
752,0.0,LYS, ,CG,36.61,1.86,1.0,<Residue LYS het=  resseq=98 icode= >,4mzm_A_A,2.1
753,0.168,LYS, ,CD,50.51,1.11,1.0,<Residue LYS het=  resseq=98 icode= >,4mzm_A_A,2.1
754,8.783,LYS, ,CE,47.43,1.73,1.0,<Residue LYS het=  resseq=98 icode= >,4mzm_A_A,2.1
755,10.792,LYS, ,NZ,46.72,1.72,1.0,<Residue LYS het=  resseq=98 icode= >,4mzm_A_A,2.1
756,0.0,MET, ,N,21.72,3.25,1.0,<Residue MET het=  resseq=99 icode= >,4mzm_A_A,2.1
757,0.0,MET, ,CA,23.55,2.62,1.0,<Residue MET het=  resseq=99 icode= >,4mzm_A_A,2.1
758,0.282,MET, ,C,27.08,3.29,1.0,<Residue MET het=  resseq=99 icode= >,4mzm_A_A,2.1
759,0.0,MET, ,O,21.03,3.65,1.0,<Residue MET het=  resseq=99 icode= >,4mzm_A_A,2.1
760,11.028,MET, ,CB,25.21,2.18,1.0,<Residue MET het=  resseq=99 icode= >,4mzm_A_A,2.1
761,9.559,MET, ,CG,33.55,2.09,1.0,<Residue MET het=  resseq=99 icode= >,4mzm_A_A,2.1
762,0.0,MET, ,SD,28.82,5.78,1.0,<Residue MET het=  resseq=99 icode= >,4mzm_A_A,2.1
763,0.319,MET, ,CE,25.39,1.81,1.0,<Residue MET het=  resseq=99 icode= >,4mzm_A_A,2.1
764,0.0,LYS, ,N,28.64,3.43,1.0,<Residue LYS het=  resseq=100 icode= >,4mzm_A_A,2.1
765,0.955,LYS, ,CA,30.31,2.29,1.0,<Residue LYS het=  resseq=100 icode= >,4mzm_A_A,2.1
766,1.508,LYS, ,C,27.13,3.82,1.0,<Residue LYS het=  resseq=100 icode= >,4mzm_A_A,2.1
767,3.996,LYS, ,O,25.57,3.72,1.0,<Residue LYS het=  resseq=100 icode= >,4mzm_A_A,2.1
768,16.411,LYS, ,CB,33.28,2.05,1.0,<Residue LYS het=  resseq=100 icode= >,4mzm_A_A,2.1
769,14.943,LYS, ,CG,36.19,1.71,1.0,<Residue LYS het=  resseq=100 icode= >,4mzm_A_A,2.1
770,20.689,LYS, ,CD,50.72,0.48,1.0,<Residue LYS het=  resseq=100 icode= >,4mzm_A_A,2.1
771,36.5,LYS, ,CE,58.36,0.81,1.0,<Residue LYS het=  resseq=100 icode= >,4mzm_A_A,2.1
772,43.084,LYS, ,NZ,59.09,1.05,1.0,<Residue LYS het=  resseq=100 icode= >,4mzm_A_A,2.1
773,0.2,GLU, ,N,27.23,3.38,1.0,<Residue GLU het=  resseq=101 icode= >,4mzm_A_A,2.1
774,4.087,GLU, ,CA,32.0,2.28,1.0,<Residue GLU het=  resseq=101 icode= >,4mzm_A_A,2.1
775,0.0,GLU, ,C,22.69,4.19,1.0,<Residue GLU het=  resseq=101 icode= >,4mzm_A_A,2.1
776,1.26,GLU, ,O,18.14,4.40,1.0,<Residue GLU het=  resseq=101 icode= >,4mzm_A_A,2.1
777,3.05,GLU, ,CB,26.04,2.18,1.0,<Residue GLU het=  resseq=101 icode= >,4mzm_A_A,2.1
778,24.185,GLU, ,CG,31.7,2.41,1.0,<Residue GLU het=  resseq=101 icode= >,4mzm_A_A,2.1
779,8.228,GLU, ,CD,45.23,2.77,1.0,<Residue GLU het=  resseq=101 icode= >,4mzm_A_A,2.1
780,25.746,GLU, ,OE1,55.18,1.10,1.0,<Residue GLU het=  resseq=101 icode= >,4mzm_A_A,2.1
781,14.051,GLU, ,OE2,41.38,2.02,1.0,<Residue GLU het=  resseq=101 icode= >,4mzm_A_A,2.1
782,0.0,VAL, ,N,17.83,3.25,1.0,<Residue VAL het=  resseq=102 icode= >,4mzm_A_A,2.1
783,0.0,VAL, ,CA,20.28,2.76,1.0,<Residue VAL het=  resseq=102 icode= >,4mzm_A_A,2.1
784,0.0,VAL, ,C,27.36,4.08,1.0,<Residue VAL het=  resseq=102 icode= >,4mzm_A_A,2.1
785,0.0,VAL, ,O,23.3,4.27,1.0,<Residue VAL het=  resseq=102 icode= >,4mzm_A_A,2.1
786,0.0,VAL, ,CB,25.41,2.63,1.0,<Residue VAL het=  resseq=102 icode= >,4mzm_A_A,2.1
787,0.0,VAL, ,CG1,18.36,2.27,1.0,<Residue VAL het=  resseq=102 icode= >,4mzm_A_A,2.1
788,0.0,VAL, ,CG2,31.04,1.51,1.0,<Residue VAL het=  resseq=102 icode= >,4mzm_A_A,2.1
789,0.0,ASP, ,N,20.08,3.49,1.0,<Residue ASP het=  resseq=103 icode= >,4mzm_A_A,2.1
790,1.198,ASP, ,CA,21.22,3.15,1.0,<Residue ASP het=  resseq=103 icode= >,4mzm_A_A,2.1
791,0.05,ASP, ,C,25.42,3.63,1.0,<Residue ASP het=  resseq=103 icode= >,4mzm_A_A,2.1
792,0.518,ASP, ,O,23.0,4.26,1.0,<Residue ASP het=  resseq=103 icode= >,4mzm_A_A,2.1
793,20.408,ASP, ,CB,16.73,2.58,1.0,<Residue ASP het=  resseq=103 icode= >,4mzm_A_A,2.1
794,5.254,ASP, ,CG,36.95,3.13,1.0,<Residue ASP het=  resseq=103 icode= >,4mzm_A_A,2.1
795,0.0,ASP, ,OD1,29.75,3.04,1.0,<Residue ASP het=  resseq=103 icode= >,4mzm_A_A,2.1
796,24.484,ASP, ,OD2,29.31,3.06,1.0,<Residue ASP het=  resseq=103 icode= >,4mzm_A_A,2.1
797,0.465,ASN, ,N,23.79,3.89,1.0,<Residue ASN het=  resseq=104 icode= >,4mzm_A_A,2.1
798,3.235,ASN, ,CA,20.48,3.17,1.0,<Residue ASN het=  resseq=104 icode= >,4mzm_A_A,2.1
799,0.0,ASN, ,C,23.65,4.05,1.0,<Residue ASN het=  resseq=104 icode= >,4mzm_A_A,2.1
800,0.0,ASN, ,O,28.26,3.98,1.0,<Residue ASN het=  resseq=104 icode= >,4mzm_A_A,2.1
801,15.065,ASN, ,CB,28.14,2.53,1.0,<Residue ASN het=  resseq=104 icode= >,4mzm_A_A,2.1
802,5.191,ASN, ,CG,42.05,1.83,1.0,<Residue ASN het=  resseq=104 icode= >,4mzm_A_A,2.1
803,27.791,ASN, ,OD1,44.13,1.57,1.0,<Residue ASN het=  resseq=104 icode= >,4mzm_A_A,2.1
804,35.75,ASN, ,ND2,46.37,1.02,1.0,<Residue ASN het=  resseq=104 icode= >,4mzm_A_A,2.1
805,0.0,ALA, ,N,20.9,3.66,1.0,<Residue ALA het=  resseq=105 icode= >,4mzm_A_A,2.1
806,0.0,ALA, ,CA,23.32,2.98,1.0,<Residue ALA het=  resseq=105 icode= >,4mzm_A_A,2.1
807,0.0,ALA, ,C,22.12,4.67,1.0,<Residue ALA het=  resseq=105 icode= >,4mzm_A_A,2.1
808,0.0,ALA, ,O,19.99,4.10,1.0,<Residue ALA het=  resseq=105 icode= >,4mzm_A_A,2.1
809,1.777,ALA, ,CB,17.59,2.26,1.0,<Residue ALA het=  resseq=105 icode= >,4mzm_A_A,2.1
810,0.0,LEU, ,N,14.73,3.90,1.0,<Residue LEU het=  resseq=106 icode= >,4mzm_A_A,2.1
811,0.0,LEU, ,CA,19.31,3.66,1.0,<Residue LEU het=  resseq=106 icode= >,4mzm_A_A,2.1
812,0.198,LEU, ,C,23.26,3.93,1.0,<Residue LEU het=  resseq=106 icode= >,4mzm_A_A,2.1
813,0.0,LEU, ,O,21.48,3.46,1.0,<Residue LEU het=  resseq=106 icode= >,4mzm_A_A,2.1
814,2.753,LEU, ,CB,19.58,2.71,1.0,<Residue LEU het=  resseq=106 icode= >,4mzm_A_A,2.1
815,5.709,LEU, ,CG,33.03,1.88,1.0,<Residue LEU het=  resseq=106 icode= >,4mzm_A_A,2.1
816,0.44,LEU, ,CD1,26.55,1.50,1.0,<Residue LEU het=  resseq=106 icode= >,4mzm_A_A,2.1
817,10.022,LEU, ,CD2,24.16,1.61,1.0,<Residue LEU het=  resseq=106 icode= >,4mzm_A_A,2.1
818,0.553,MET, ,N,19.57,3.34,1.0,<Residue MET het=  resseq=107 icode= >,4mzm_A_A,2.1
819,0.017,MET, ,CA,24.32,2.16,1.0,<Residue MET het=  resseq=107 icode= >,4mzm_A_A,2.1
820,0.0,MET, ,C,21.68,3.87,1.0,<Residue MET het=  resseq=107 icode= >,4mzm_A_A,2.1
821,0.0,MET, ,O,22.45,3.86,1.0,<Residue MET het=  resseq=107 icode= >,4mzm_A_A,2.1
822,5.837,MET, ,CB,24.94,2.05,1.0,<Residue MET het=  resseq=107 icode= >,4mzm_A_A,2.1
823,11.042,MET, ,CG,28.99,1.99,1.0,<Residue MET het=  resseq=107 icode= >,4mzm_A_A,2.1
824,28.784,MET, ,SD,47.24,3.40,1.0,<Residue MET het=  resseq=107 icode= >,4mzm_A_A,2.1
825,12.462,MET, ,CE,61.53,0.77,1.0,<Residue MET het=  resseq=107 icode= >,4mzm_A_A,2.1
826,0.006,ILE, ,N,21.9,3.91,1.0,<Residue ILE het=  resseq=108 icode= >,4mzm_A_A,2.1
827,5.5,ILE, ,CA,27.38,2.55,1.0,<Residue ILE het=  resseq=108 icode= >,4mzm_A_A,2.1
828,0.0,ILE, ,C,24.47,4.14,1.0,<Residue ILE het=  resseq=108 icode= >,4mzm_A_A,2.1
829,11.807,ILE, ,O,25.06,3.07,1.0,<Residue ILE het=  resseq=108 icode= >,4mzm_A_A,2.1
830,0.0,ILE, ,CB,24.7,3.41,1.0,<Residue ILE het=  resseq=108 icode= >,4mzm_A_A,2.1
831,18.027,ILE, ,CG1,19.62,2.76,1.0,<Residue ILE het=  resseq=108 icode= >,4mzm_A_A,2.1
832,25.849,ILE, ,CG2,22.9,2.35,1.0,<Residue ILE het=  resseq=108 icode= >,4mzm_A_A,2.1
833,22.415,ILE, ,CD1,18.4,2.14,1.0,<Residue ILE het=  resseq=108 icode= >,4mzm_A_A,2.1
834,0.0,SER, ,N,20.72,3.87,1.0,<Residue SER het=  resseq=109 icode= >,4mzm_A_A,2.1
835,2.87,SER, ,CA,19.35,3.50,1.0,<Residue SER het=  resseq=109 icode= >,4mzm_A_A,2.1
836,0.0,SER, ,C,25.55,3.59,1.0,<Residue SER het=  resseq=109 icode= >,4mzm_A_A,2.1
837,27.049,SER, ,O,22.44,3.88,1.0,<Residue SER het=  resseq=109 icode= >,4mzm_A_A,2.1
838,0.0,SER, ,CB,21.81,3.21,1.0,<Residue SER het=  resseq=109 icode= >,4mzm_A_A,2.1
839,5.793,SER, ,OG,24.35,3.19,1.0,<Residue SER het=  resseq=109 icode= >,4mzm_A_A,2.1
840,0.0,LEU, ,N,21.97,3.08,1.0,<Residue LEU het=  resseq=110 icode= >,4mzm_A_A,2.1
841,3.451,LEU, ,CA,18.72,3.15,1.0,<Residue LEU het=  resseq=110 icode= >,4mzm_A_A,2.1
842,4.257,LEU, ,C,21.28,4.04,1.0,<Residue LEU het=  resseq=110 icode= >,4mzm_A_A,2.1
843,16.129,LEU, ,O,23.38,3.40,1.0,<Residue LEU het=  resseq=110 icode= >,4mzm_A_A,2.1
844,4.226,LEU, ,CB,14.51,3.17,1.0,<Residue LEU het=  resseq=110 icode= >,4mzm_A_A,2.1
845,0.0,LEU, ,CG,23.02,2.69,1.0,<Residue LEU het=  resseq=110 icode= >,4mzm_A_A,2.1
846,29.491,LEU, ,CD1,16.66,1.67,1.0,<Residue LEU het=  resseq=110 icode= >,4mzm_A_A,2.1
847,35.519,LEU, ,CD2,25.66,1.79,1.0,<Residue LEU het=  resseq=110 icode= >,4mzm_A_A,2.1
848,1.404,GLY, ,N,21.87,3.08,1.0,<Residue GLY het=  resseq=111 icode= >,4mzm_A_A,2.1
849,36.622,GLY, ,CA,23.49,2.91,1.0,<Residue GLY het=  resseq=111 icode= >,4mzm_A_A,2.1
850,1.325,GLY, ,C,29.03,3.57,1.0,<Residue GLY het=  resseq=111 icode= >,4mzm_A_A,2.1
851,27.596,GLY, ,O,29.21,3.46,1.0,<Residue GLY het=  resseq=111 icode= >,4mzm_A_A,2.1
852,0.0,LEU, ,N,20.9,3.19,1.0,<Residue LEU het=  resseq=112 icode= >,4mzm_A_A,2.1
853,2.915,LEU, ,CA,28.88,2.33,1.0,<Residue LEU het=  resseq=112 icode= >,4mzm_A_A,2.1
854,0.0,LEU, ,C,37.57,3.32,1.0,<Residue LEU het=  resseq=112 icode= >,4mzm_A_A,2.1
855,6.498,LEU, ,O,43.28,1.87,1.0,<Residue LEU het=  resseq=112 icode= >,4mzm_A_A,2.1
856,3.104,LEU, ,CB,27.95,1.72,1.0,<Residue LEU het=  resseq=112 icode= >,4mzm_A_A,2.1
857,0.0,LEU, ,CG,27.9,2.41,1.0,<Residue LEU het=  resseq=112 icode= >,4mzm_A_A,2.1
858,31.724,LEU, ,CD1,18.94,2.22,1.0,<Residue LEU het=  resseq=112 icode= >,4mzm_A_A,2.1
859,56.883,LEU, ,CD2,17.96,2.05,1.0,<Residue LEU het=  resseq=112 icode= >,4mzm_A_A,2.1
860,5.637,ASN, ,N,51.11,2.43,1.0,<Residue ASN het=  resseq=113 icode= >,4mzm_A_A,2.1
861,1.889,ASN, ,CA,68.3,1.10,1.0,<Residue ASN het=  resseq=113 icode= >,4mzm_A_A,2.1
862,1.443,ASN, ,C,74.01,1.70,1.0,<Residue ASN het=  resseq=113 icode= >,4mzm_A_A,2.1
863,17.133,ASN, ,O,77.14,0.96,1.0,<Residue ASN het=  resseq=113 icode= >,4mzm_A_A,2.1
864,29.069,ASN, ,CB,71.69,1.11,1.0,<Residue ASN het=  resseq=113 icode= >,4mzm_A_A,2.1
865,6.453,ASN, ,CG,78.04,1.51,1.0,<Residue ASN het=  resseq=113 icode= >,4mzm_A_A,2.1
866,25.764,ASN, ,OD1,77.56,0.89,1.0,<Residue ASN het=  resseq=113 icode= >,4mzm_A_A,2.1
867,50.106,ASN, ,ND2,82.61,0.13,1.0,<Residue ASN het=  resseq=113 icode= >,4mzm_A_A,2.1
868,4.721,ALA, ,N,77.7,1.63,1.0,<Residue ALA het=  resseq=114 icode= >,4mzm_A_A,2.1
869,14.605,ALA, ,CA,87.76,0.64,1.0,<Residue ALA het=  resseq=114 icode= >,4mzm_A_A,2.1
870,37.878,ALA, ,C,91.05,0.40,1.0,<Residue ALA het=  resseq=114 icode= >,4mzm_A_A,2.1
871,30.843,ALA, ,O,90.39,0.37,1.0,<Residue ALA het=  resseq=114 icode= >,4mzm_A_A,2.1
872,52.122,ALA, ,CB,88.01,0.03,1.0,<Residue ALA het=  resseq=114 icode= >,4mzm_A_A,2.1
