,ASA,aa,altloc,atom,bfac,d2r,dASA,dens,occ,residue,id,resolu
0,27.04,HIS, ,N,94.42,1000.00,0.0,0.85,1.0,<Residue HIS het=  resseq=135 icode= >,4nhj_B_A,2.701
1,9.695,HIS, ,CA,99.2,1000.00,0.0,1.36,1.0,<Residue HIS het=  resseq=135 icode= >,4nhj_B_A,2.701
2,1.866,HIS, ,C,97.61,1000.00,0.0,1.42,1.0,<Residue HIS het=  resseq=135 icode= >,4nhj_B_A,2.701
3,30.514,HIS, ,O,91.54,1000.00,0.0,1.20,1.0,<Residue HIS het=  resseq=135 icode= >,4nhj_B_A,2.701
4,26.513,HIS, ,CB,102.4,1000.00,0.0,1.03,1.0,<Residue HIS het=  resseq=135 icode= >,4nhj_B_A,2.701
5,2.464,HIS, ,CG,107.43,1000.00,0.0,1.41,1.0,<Residue HIS het=  resseq=135 icode= >,4nhj_B_A,2.701
6,22.256,HIS, ,ND1,101.59,1000.00,0.0,1.45,1.0,<Residue HIS het=  resseq=135 icode= >,4nhj_B_A,2.701
7,35.37,HIS, ,CD2,112.93,1000.00,0.0,0.38,1.0,<Residue HIS het=  resseq=135 icode= >,4nhj_B_A,2.701
8,45.421,HIS, ,CE1,111.59,1000.00,0.0,1.17,1.0,<Residue HIS het=  resseq=135 icode= >,4nhj_B_A,2.701
9,32.054,HIS, ,NE2,114.6,1000.00,0.0,0.33,1.0,<Residue HIS het=  resseq=135 icode= >,4nhj_B_A,2.701
10,2.493,LYS, ,N,97.58,1000.00,0.0,1.35,1.0,<Residue LYS het=  resseq=136 icode= >,4nhj_B_A,2.701
11,1.284,LYS, ,CA,98.9,1000.00,0.0,1.17,1.0,<Residue LYS het=  resseq=136 icode= >,4nhj_B_A,2.701
12,0.678,LYS, ,C,92.48,1000.00,0.0,1.42,1.0,<Residue LYS het=  resseq=136 icode= >,4nhj_B_A,2.701
13,0.267,LYS, ,O,84.37,1000.00,0.0,1.13,1.0,<Residue LYS het=  resseq=136 icode= >,4nhj_B_A,2.701
14,13.612,LYS, ,CB,88.32,1000.00,0.0,1.04,1.0,<Residue LYS het=  resseq=136 icode= >,4nhj_B_A,2.701
15,13.019,LYS, ,CG,86.64,1000.00,0.0,0.98,1.0,<Residue LYS het=  resseq=136 icode= >,4nhj_B_A,2.701
16,22.147,LYS, ,CD,87.73,1000.00,0.0,1.13,1.0,<Residue LYS het=  resseq=136 icode= >,4nhj_B_A,2.701
17,17.111,LYS, ,CE,82.35,1000.00,0.0,1.00,1.0,<Residue LYS het=  resseq=136 icode= >,4nhj_B_A,2.701
18,41.856,LYS, ,NZ,76.38,1000.00,0.0,0.90,1.0,<Residue LYS het=  resseq=136 icode= >,4nhj_B_A,2.701
19,0.774,THR, ,N,91.95,1000.00,0.0,1.79,1.0,<Residue THR het=  resseq=137 icode= >,4nhj_B_A,2.701
20,0.0,THR, ,CA,83.85,1000.00,0.0,2.06,1.0,<Residue THR het=  resseq=137 icode= >,4nhj_B_A,2.701
21,0.0,THR, ,C,82.23,1000.00,0.0,2.74,1.0,<Residue THR het=  resseq=137 icode= >,4nhj_B_A,2.701
22,17.687,THR, ,O,87.0,1000.00,0.0,0.77,1.0,<Residue THR het=  resseq=137 icode= >,4nhj_B_A,2.701
23,3.922,THR, ,CB,87.78,1000.00,0.0,0.76,1.0,<Residue THR het=  resseq=137 icode= >,4nhj_B_A,2.701
24,2.608,THR, ,OG1,84.68,1000.00,0.0,0.62,1.0,<Residue THR het=  resseq=137 icode= >,4nhj_B_A,2.701
25,39.566,THR, ,CG2,95.52,1000.00,0.0,-0.69,1.0,<Residue THR het=  resseq=137 icode= >,4nhj_B_A,2.701
26,0.0,ILE, ,N,83.33,1000.00,0.0,1.78,1.0,<Residue ILE het=  resseq=138 icode= >,4nhj_B_A,2.701
27,3.0,ILE, ,CA,83.15,1000.00,0.0,2.65,1.0,<Residue ILE het=  resseq=138 icode= >,4nhj_B_A,2.701
28,0.0,ILE, ,C,83.13,1000.00,0.0,2.14,1.0,<Residue ILE het=  resseq=138 icode= >,4nhj_B_A,2.701
29,0.0,ILE, ,O,82.38,1000.00,0.0,1.10,1.0,<Residue ILE het=  resseq=138 icode= >,4nhj_B_A,2.701
30,0.043,ILE, ,CB,79.19,1000.00,0.0,2.12,1.0,<Residue ILE het=  resseq=138 icode= >,4nhj_B_A,2.701
31,10.393,ILE, ,CG1,83.79,1000.00,0.0,0.89,1.0,<Residue ILE het=  resseq=138 icode= >,4nhj_B_A,2.701
32,19.651,ILE, ,CG2,79.35,1000.00,0.0,-0.03,1.0,<Residue ILE het=  resseq=138 icode= >,4nhj_B_A,2.701
33,23.761,ILE, ,CD1,84.02,1000.00,0.0,0.28,1.0,<Residue ILE het=  resseq=138 icode= >,4nhj_B_A,2.701
34,3.498,SER, ,N,85.38,1000.00,0.0,1.53,1.0,<Residue SER het=  resseq=139 icode= >,4nhj_B_A,2.701
35,0.0,SER, ,CA,82.74,1000.00,0.0,2.01,1.0,<Residue SER het=  resseq=139 icode= >,4nhj_B_A,2.701
36,1.41,SER, ,C,86.6,1000.00,0.0,2.44,1.0,<Residue SER het=  resseq=139 icode= >,4nhj_B_A,2.701
37,16.418,SER, ,O,86.91,1000.00,0.0,1.32,1.0,<Residue SER het=  resseq=139 icode= >,4nhj_B_A,2.701
38,16.785,SER, ,CB,78.29,1000.00,0.0,1.36,1.0,<Residue SER het=  resseq=139 icode= >,4nhj_B_A,2.701
39,33.848,SER, ,OG,86.01,1000.00,0.0,0.77,1.0,<Residue SER het=  resseq=139 icode= >,4nhj_B_A,2.701
40,0.0,PHE, ,N,87.48,1000.00,0.0,2.17,1.0,<Residue PHE het=  resseq=140 icode= >,4nhj_B_A,2.701
41,4.818,PHE, ,CA,88.74,1000.00,0.0,2.08,1.0,<Residue PHE het=  resseq=140 icode= >,4nhj_B_A,2.701
42,0.0,PHE, ,C,92.77,1000.00,0.0,1.71,1.0,<Residue PHE het=  resseq=140 icode= >,4nhj_B_A,2.701
43,0.0,PHE, ,O,92.47,1000.00,0.0,0.90,1.0,<Residue PHE het=  resseq=140 icode= >,4nhj_B_A,2.701
44,0.0,PHE, ,CB,89.54,1000.00,0.0,1.59,1.0,<Residue PHE het=  resseq=140 icode= >,4nhj_B_A,2.701
45,0.0,PHE, ,CG,87.38,1000.00,0.0,2.44,1.0,<Residue PHE het=  resseq=140 icode= >,4nhj_B_A,2.701
46,0.0,PHE, ,CD1,83.3,1000.00,0.0,0.83,1.0,<Residue PHE het=  resseq=140 icode= >,4nhj_B_A,2.701
47,7.035,PHE, ,CD2,90.28,1000.00,0.0,0.97,1.0,<Residue PHE het=  resseq=140 icode= >,4nhj_B_A,2.701
48,0.0,PHE, ,CE1,81.67,1000.00,0.0,0.66,1.0,<Residue PHE het=  resseq=140 icode= >,4nhj_B_A,2.701
49,14.377,PHE, ,CE2,90.77,1000.00,0.0,0.46,1.0,<Residue PHE het=  resseq=140 icode= >,4nhj_B_A,2.701
50,12.189,PHE, ,CZ,85.89,1000.00,0.0,1.22,1.0,<Residue PHE het=  resseq=140 icode= >,4nhj_B_A,2.701
51,14.367,GLY, ,N,98.08,1000.00,0.0,0.93,1.0,<Residue GLY het=  resseq=141 icode= >,4nhj_B_A,2.701
52,33.681,GLY, ,CA,98.44,1000.00,0.0,0.53,1.0,<Residue GLY het=  resseq=141 icode= >,4nhj_B_A,2.701
53,4.317,GLY, ,C,100.08,1000.00,0.0,1.18,1.0,<Residue GLY het=  resseq=141 icode= >,4nhj_B_A,2.701
54,30.844,GLY, ,O,99.45,1000.00,0.0,0.56,1.0,<Residue GLY het=  resseq=141 icode= >,4nhj_B_A,2.701
55,2.052,SER, ,N,95.06,1000.00,0.0,1.68,1.0,<Residue SER het=  resseq=142 icode= >,4nhj_B_A,2.701
56,8.101,SER, ,CA,97.09,1000.00,0.0,1.25,1.0,<Residue SER het=  resseq=142 icode= >,4nhj_B_A,2.701
57,1.909,SER, ,C,95.31,1000.00,0.0,1.02,1.0,<Residue SER het=  resseq=142 icode= >,4nhj_B_A,2.701
58,4.553,SER, ,O,93.69,1000.00,0.0,0.22,1.0,<Residue SER het=  resseq=142 icode= >,4nhj_B_A,2.701
59,28.4,SER, ,CB,97.46,1000.00,0.0,0.97,1.0,<Residue SER het=  resseq=142 icode= >,4nhj_B_A,2.701
60,17.372,SER, ,OG,92.85,1000.00,0.0,1.05,1.0,<Residue SER het=  resseq=142 icode= >,4nhj_B_A,2.701
61,0.0,LEU, ,N,93.35,1000.00,0.0,1.35,1.0,<Residue LEU het=  resseq=143 icode= >,4nhj_B_A,2.701
62,0.0,LEU, ,CA,86.31,1000.00,0.0,2.56,1.0,<Residue LEU het=  resseq=143 icode= >,4nhj_B_A,2.701
63,0.0,LEU, ,C,80.64,1000.00,0.0,2.48,1.0,<Residue LEU het=  resseq=143 icode= >,4nhj_B_A,2.701
64,0.0,LEU, ,O,82.67,1000.00,0.0,1.56,1.0,<Residue LEU het=  resseq=143 icode= >,4nhj_B_A,2.701
65,0.421,LEU, ,CB,79.96,1000.00,0.0,1.73,1.0,<Residue LEU het=  resseq=143 icode= >,4nhj_B_A,2.701
66,1.556,LEU, ,CG,80.47,1000.00,0.0,1.96,1.0,<Residue LEU het=  resseq=143 icode= >,4nhj_B_A,2.701
67,0.306,LEU, ,CD1,71.09,1000.00,0.0,1.13,1.0,<Residue LEU het=  resseq=143 icode= >,4nhj_B_A,2.701
68,0.0,LEU, ,CD2,76.37,1000.00,0.0,0.27,1.0,<Residue LEU het=  resseq=143 icode= >,4nhj_B_A,2.701
69,0.0,THR, ,N,79.14,1000.00,0.0,2.07,1.0,<Residue THR het=  resseq=144 icode= >,4nhj_B_A,2.701
70,0.0,THR, ,CA,78.27,1000.00,0.0,2.52,1.0,<Residue THR het=  resseq=144 icode= >,4nhj_B_A,2.701
71,0.0,THR, ,C,74.74,1000.00,0.0,2.89,1.0,<Residue THR het=  resseq=144 icode= >,4nhj_B_A,2.701
72,0.163,THR, ,O,72.76,1000.00,0.0,1.15,1.0,<Residue THR het=  resseq=144 icode= >,4nhj_B_A,2.701
73,0.0,THR, ,CB,74.66,1000.00,0.0,2.29,1.0,<Residue THR het=  resseq=144 icode= >,4nhj_B_A,2.701
74,17.682,THR, ,OG1,77.71,1000.00,0.0,0.75,1.0,<Residue THR het=  resseq=144 icode= >,4nhj_B_A,2.701
75,13.686,THR, ,CG2,77.54,1000.00,0.0,0.35,1.0,<Residue THR het=  resseq=144 icode= >,4nhj_B_A,2.701
76,0.0,ILE, ,N,72.37,17.88,0.0,3.01,1.0,<Residue ILE het=  resseq=145 icode= >,4nhj_B_A,2.701
77,0.0,ILE, ,CA,68.15,16.73,0.0,2.51,1.0,<Residue ILE het=  resseq=145 icode= >,4nhj_B_A,2.701
78,0.0,ILE, ,C,72.02,17.20,0.0,1.83,1.0,<Residue ILE het=  resseq=145 icode= >,4nhj_B_A,2.701
79,0.0,ILE, ,O,72.2,17.87,0.0,0.92,1.0,<Residue ILE het=  resseq=145 icode= >,4nhj_B_A,2.701
80,0.0,ILE, ,CB,67.66,16.18,0.0,2.19,1.0,<Residue ILE het=  resseq=145 icode= >,4nhj_B_A,2.701
81,0.0,ILE, ,CG1,67.29,16.31,0.0,1.20,1.0,<Residue ILE het=  resseq=145 icode= >,4nhj_B_A,2.701
82,0.0,ILE, ,CG2,59.83,14.78,0.0,0.78,1.0,<Residue ILE het=  resseq=145 icode= >,4nhj_B_A,2.701
83,0.034,ILE, ,CD1,59.06,16.08,0.0,0.27,1.0,<Residue ILE het=  resseq=145 icode= >,4nhj_B_A,2.701
84,0.0,ASP, ,N,70.84,16.78,0.0,1.77,1.0,<Residue ASP het=  resseq=146 icode= >,4nhj_B_A,2.701
85,0.0,ASP, ,CA,67.27,17.26,0.0,2.52,1.0,<Residue ASP het=  resseq=146 icode= >,4nhj_B_A,2.701
86,0.0,ASP, ,C,66.5,16.23,0.0,3.47,1.0,<Residue ASP het=  resseq=146 icode= >,4nhj_B_A,2.701
87,0.0,ASP, ,O,67.66,15.40,0.0,1.86,1.0,<Residue ASP het=  resseq=146 icode= >,4nhj_B_A,2.701
88,6.809,ASP, ,CB,67.01,17.92,0.0,1.41,1.0,<Residue ASP het=  resseq=146 icode= >,4nhj_B_A,2.701
89,5.096,ASP, ,CG,69.93,18.40,0.0,2.05,1.0,<Residue ASP het=  resseq=146 icode= >,4nhj_B_A,2.701
90,2.56,ASP, ,OD1,74.05,18.70,0.0,1.06,1.0,<Residue ASP het=  resseq=146 icode= >,4nhj_B_A,2.701
91,6.426,ASP, ,OD2,67.96,18.62,0.0,1.44,1.0,<Residue ASP het=  resseq=146 icode= >,4nhj_B_A,2.701
92,0.0,PRO, ,N,69.36,16.41,0.0,3.57,1.0,<Residue PRO het=  resseq=147 icode= >,4nhj_B_A,2.701
93,0.201,PRO, ,CA,63.98,15.63,0.0,3.53,1.0,<Residue PRO het=  resseq=147 icode= >,4nhj_B_A,2.701
94,0.846,PRO, ,C,67.51,16.00,0.0,2.12,1.0,<Residue PRO het=  resseq=147 icode= >,4nhj_B_A,2.701
95,17.519,PRO, ,O,68.49,15.40,2.076,1.12,1.0,<Residue PRO het=  resseq=147 icode= >,4nhj_B_A,2.701
96,17.055,PRO, ,CB,67.37,16.18,0.0,1.93,1.0,<Residue PRO het=  resseq=147 icode= >,4nhj_B_A,2.701
97,1.067,PRO, ,CG,66.67,17.54,0.0,2.07,1.0,<Residue PRO het=  resseq=147 icode= >,4nhj_B_A,2.701
98,0.0,PRO, ,CD,70.36,17.46,0.0,2.21,1.0,<Residue PRO het=  resseq=147 icode= >,4nhj_B_A,2.701
99,0.0,VAL, ,N,67.95,17.08,0.0,1.69,1.0,<Residue VAL het=  resseq=148 icode= >,4nhj_B_A,2.701
100,5.684,VAL, ,CA,65.7,17.64,3.512,2.22,1.0,<Residue VAL het=  resseq=148 icode= >,4nhj_B_A,2.701
101,0.0,VAL, ,C,64.65,16.42,0.0,2.57,1.0,<Residue VAL het=  resseq=148 icode= >,4nhj_B_A,2.701
102,24.464,VAL, ,O,63.73,15.70,24.408,0.69,1.0,<Residue VAL het=  resseq=148 icode= >,4nhj_B_A,2.701
103,1.254,VAL, ,CB,69.13,18.89,0.0,0.74,1.0,<Residue VAL het=  resseq=148 icode= >,4nhj_B_A,2.701
104,50.778,VAL, ,CG1,63.41,18.77,31.399,-0.39,1.0,<Residue VAL het=  resseq=148 icode= >,4nhj_B_A,2.701
105,30.586,VAL, ,CG2,67.76,19.90,0.0,0.26,1.0,<Residue VAL het=  resseq=148 icode= >,4nhj_B_A,2.701
106,0.0,ASN, ,N,67.01,16.18,0.0,2.79,1.0,<Residue ASN het=  resseq=149 icode= >,4nhj_B_A,2.701
107,7.374,ASN, ,CA,64.4,14.99,7.374,3.05,1.0,<Residue ASN het=  resseq=149 icode= >,4nhj_B_A,2.701
108,1.704,ASN, ,C,64.75,14.07,1.704,2.67,1.0,<Residue ASN het=  resseq=149 icode= >,4nhj_B_A,2.701
109,18.963,ASN, ,O,64.85,13.03,18.963,1.40,1.0,<Residue ASN het=  resseq=149 icode= >,4nhj_B_A,2.701
110,8.84,ASN, ,CB,65.9,15.49,8.617,1.78,1.0,<Residue ASN het=  resseq=149 icode= >,4nhj_B_A,2.701
111,4.242,ASN, ,CG,70.07,16.59,4.242,1.73,1.0,<Residue ASN het=  resseq=149 icode= >,4nhj_B_A,2.701
112,37.119,ASN, ,OD1,72.59,16.40,37.119,0.21,1.0,<Residue ASN het=  resseq=149 icode= >,4nhj_B_A,2.701
113,23.13,ASN, ,ND2,68.23,17.83,16.191,1.40,1.0,<Residue ASN het=  resseq=149 icode= >,4nhj_B_A,2.701
114,0.0,ARG, ,N,59.38,14.20,0.0,2.35,1.0,<Residue ARG het=  resseq=150 icode= >,4nhj_B_A,2.701
115,0.0,ARG, ,CA,59.01,12.89,0.0,3.21,1.0,<Residue ARG het=  resseq=150 icode= >,4nhj_B_A,2.701
116,0.0,ARG, ,C,59.52,12.87,0.0,3.77,1.0,<Residue ARG het=  resseq=150 icode= >,4nhj_B_A,2.701
117,19.72,ARG, ,O,56.89,12.01,6.375,2.82,1.0,<Residue ARG het=  resseq=150 icode= >,4nhj_B_A,2.701
118,5.772,ARG, ,CB,55.14,11.76,5.31,2.28,1.0,<Residue ARG het=  resseq=150 icode= >,4nhj_B_A,2.701
119,8.829,ARG, ,CG,55.61,11.92,5.685,2.12,1.0,<Residue ARG het=  resseq=150 icode= >,4nhj_B_A,2.701
120,36.306,ARG, ,CD,52.52,10.82,34.714,1.90,1.0,<Residue ARG het=  resseq=150 icode= >,4nhj_B_A,2.701
121,14.025,ARG, ,NE,49.53,9.81,7.714,2.60,1.0,<Residue ARG het=  resseq=150 icode= >,4nhj_B_A,2.701
122,2.835,ARG, ,CZ,56.97,8.61,2.835,2.28,1.0,<Residue ARG het=  resseq=150 icode= >,4nhj_B_A,2.701
123,2.031,ARG, ,NH1,55.07,7.87,1.811,1.14,1.0,<Residue ARG het=  resseq=150 icode= >,4nhj_B_A,2.701
124,20.257,ARG, ,NH2,54.13,8.34,11.43,1.71,1.0,<Residue ARG het=  resseq=150 icode= >,4nhj_B_A,2.701
125,0.0,GLN, ,N,60.23,13.94,0.0,3.39,1.0,<Residue GLN het=  resseq=151 icode= >,4nhj_B_A,2.701
126,4.358,GLN, ,CA,62.29,13.78,0.247,3.41,1.0,<Residue GLN het=  resseq=151 icode= >,4nhj_B_A,2.701
127,0.0,GLN, ,C,67.06,14.42,0.0,2.91,1.0,<Residue GLN het=  resseq=151 icode= >,4nhj_B_A,2.701
128,0.888,GLN, ,O,64.65,15.37,0.0,2.14,1.0,<Residue GLN het=  resseq=151 icode= >,4nhj_B_A,2.701
129,6.78,GLN, ,CB,68.41,14.53,5.886,0.83,1.0,<Residue GLN het=  resseq=151 icode= >,4nhj_B_A,2.701
130,3.695,GLN, ,CG,75.92,14.89,0.0,0.46,1.0,<Residue GLN het=  resseq=151 icode= >,4nhj_B_A,2.701
131,3.751,GLN, ,CD,84.08,15.97,0.0,1.38,1.0,<Residue GLN het=  resseq=151 icode= >,4nhj_B_A,2.701
132,25.393,GLN, ,OE1,79.57,16.08,19.183,0.53,1.0,<Residue GLN het=  resseq=151 icode= >,4nhj_B_A,2.701
133,23.344,GLN, ,NE2,84.44,16.90,0.031,0.89,1.0,<Residue GLN het=  resseq=151 icode= >,4nhj_B_A,2.701
134,0.658,VAL, ,N,67.3,13.84,0.0,2.32,1.0,<Residue VAL het=  resseq=152 icode= >,4nhj_B_A,2.701
135,0.214,VAL, ,CA,67.9,14.54,0.0,2.68,1.0,<Residue VAL het=  resseq=152 icode= >,4nhj_B_A,2.701
136,0.0,VAL, ,C,72.21,14.77,0.0,2.49,1.0,<Residue VAL het=  resseq=152 icode= >,4nhj_B_A,2.701
137,0.0,VAL, ,O,70.19,13.94,0.0,1.29,1.0,<Residue VAL het=  resseq=152 icode= >,4nhj_B_A,2.701
138,0.0,VAL, ,CB,68.86,13.64,0.0,2.24,1.0,<Residue VAL het=  resseq=152 icode= >,4nhj_B_A,2.701
139,2.371,VAL, ,CG1,70.97,12.34,0.0,0.35,1.0,<Residue VAL het=  resseq=152 icode= >,4nhj_B_A,2.701
140,0.0,VAL, ,CG2,65.0,14.31,0.0,1.12,1.0,<Residue VAL het=  resseq=152 icode= >,4nhj_B_A,2.701
141,0.071,MET, ,N,75.37,16.03,0.0,1.64,1.0,<Residue MET het=  resseq=153 icode= >,4nhj_B_A,2.701
142,0.0,MET, ,CA,77.44,16.56,0.0,1.77,1.0,<Residue MET het=  resseq=153 icode= >,4nhj_B_A,2.701
143,0.0,MET, ,C,78.75,17.31,0.0,3.00,1.0,<Residue MET het=  resseq=153 icode= >,4nhj_B_A,2.701
144,0.0,MET, ,O,76.64,18.09,0.0,2.33,1.0,<Residue MET het=  resseq=153 icode= >,4nhj_B_A,2.701
145,1.824,MET, ,CB,75.92,17.60,0.0,1.30,1.0,<Residue MET het=  resseq=153 icode= >,4nhj_B_A,2.701
146,0.082,MET, ,CG,80.63,17.12,0.0,1.91,1.0,<Residue MET het=  resseq=153 icode= >,4nhj_B_A,2.701
147,22.561,MET, ,SD,100.58,18.56,0.0,1.81,1.0,<Residue MET het=  resseq=153 icode= >,4nhj_B_A,2.701
148,40.351,MET, ,CE,86.12,19.57,0.0,1.20,1.0,<Residue MET het=  resseq=153 icode= >,4nhj_B_A,2.701
149,0.0,LEU, ,N,78.76,17.19,0.0,2.25,1.0,<Residue LEU het=  resseq=154 icode= >,4nhj_B_A,2.701
150,0.0,LEU, ,CA,83.49,17.99,0.0,1.81,1.0,<Residue LEU het=  resseq=154 icode= >,4nhj_B_A,2.701
151,0.0,LEU, ,C,89.13,19.12,0.0,2.44,1.0,<Residue LEU het=  resseq=154 icode= >,4nhj_B_A,2.701
152,6.244,LEU, ,O,87.65,19.08,0.0,1.73,1.0,<Residue LEU het=  resseq=154 icode= >,4nhj_B_A,2.701
153,4.245,LEU, ,CB,77.24,17.19,0.0,1.42,1.0,<Residue LEU het=  resseq=154 icode= >,4nhj_B_A,2.701
154,1.769,LEU, ,CG,76.98,17.81,0.0,1.67,1.0,<Residue LEU het=  resseq=154 icode= >,4nhj_B_A,2.701
155,7.663,LEU, ,CD1,73.26,16.86,0.0,0.67,1.0,<Residue LEU het=  resseq=154 icode= >,4nhj_B_A,2.701
156,37.814,LEU, ,CD2,80.59,19.07,0.0,0.06,1.0,<Residue LEU het=  resseq=154 icode= >,4nhj_B_A,2.701
157,0.206,GLY, ,N,92.06,1000.00,0.0,2.28,1.0,<Residue GLY het=  resseq=155 icode= >,4nhj_B_A,2.701
158,17.989,GLY, ,CA,92.46,1000.00,0.0,1.49,1.0,<Residue GLY het=  resseq=155 icode= >,4nhj_B_A,2.701
159,4.887,GLY, ,C,90.96,1000.00,0.0,1.64,1.0,<Residue GLY het=  resseq=155 icode= >,4nhj_B_A,2.701
160,20.132,GLY, ,O,85.77,1000.00,0.0,1.34,1.0,<Residue GLY het=  resseq=155 icode= >,4nhj_B_A,2.701
161,12.147,GLY, ,N,95.66,1000.00,0.0,0.25,1.0,<Residue GLY het=  resseq=156 icode= >,4nhj_B_A,2.701
162,40.937,GLY, ,CA,92.21,1000.00,0.0,0.24,1.0,<Residue GLY het=  resseq=156 icode= >,4nhj_B_A,2.701
163,4.253,GLY, ,C,91.12,1000.00,0.0,1.51,1.0,<Residue GLY het=  resseq=156 icode= >,4nhj_B_A,2.701
164,16.502,GLY, ,O,90.21,1000.00,0.0,0.46,1.0,<Residue GLY het=  resseq=156 icode= >,4nhj_B_A,2.701
165,0.96,GLU, ,N,91.38,1000.00,0.0,1.76,1.0,<Residue GLU het=  resseq=157 icode= >,4nhj_B_A,2.701
166,2.078,GLU, ,CA,87.7,1000.00,0.0,2.08,1.0,<Residue GLU het=  resseq=157 icode= >,4nhj_B_A,2.701
167,0.007,GLU, ,C,86.61,1000.00,0.0,1.94,1.0,<Residue GLU het=  resseq=157 icode= >,4nhj_B_A,2.701
168,0.0,GLU, ,O,86.34,1000.00,0.0,1.03,1.0,<Residue GLU het=  resseq=157 icode= >,4nhj_B_A,2.701
169,15.269,GLU, ,CB,87.58,1000.00,0.0,1.33,1.0,<Residue GLU het=  resseq=157 icode= >,4nhj_B_A,2.701
170,33.659,GLU, ,CG,92.06,1000.00,0.0,1.01,1.0,<Residue GLU het=  resseq=157 icode= >,4nhj_B_A,2.701
171,9.987,GLU, ,CD,94.83,1000.00,0.0,1.13,1.0,<Residue GLU het=  resseq=157 icode= >,4nhj_B_A,2.701
172,38.902,GLU, ,OE1,84.84,1000.00,0.0,0.74,1.0,<Residue GLU het=  resseq=157 icode= >,4nhj_B_A,2.701
173,35.999,GLU, ,OE2,92.2,1000.00,0.0,1.16,1.0,<Residue GLU het=  resseq=157 icode= >,4nhj_B_A,2.701
174,4.366,ASN, ,N,87.17,15.70,0.0,1.80,1.0,<Residue ASN het=  resseq=158 icode= >,4nhj_B_A,2.701
175,0.0,ASN, ,CA,80.62,14.68,0.0,2.08,1.0,<Residue ASN het=  resseq=158 icode= >,4nhj_B_A,2.701
176,0.654,ASN, ,C,78.69,13.34,0.0,2.01,1.0,<Residue ASN het=  resseq=158 icode= >,4nhj_B_A,2.701
177,22.734,ASN, ,O,75.61,12.74,4.277,1.23,1.0,<Residue ASN het=  resseq=158 icode= >,4nhj_B_A,2.701
178,26.771,ASN, ,CB,77.17,14.64,0.443,0.89,1.0,<Residue ASN het=  resseq=158 icode= >,4nhj_B_A,2.701
179,5.104,ASN, ,CG,83.49,14.16,0.0,0.53,1.0,<Residue ASN het=  resseq=158 icode= >,4nhj_B_A,2.701
180,8.744,ASN, ,OD1,79.14,15.01,0.0,0.43,1.0,<Residue ASN het=  resseq=158 icode= >,4nhj_B_A,2.701
181,19.546,ASN, ,ND2,81.39,12.89,6.837,-0.06,1.0,<Residue ASN het=  resseq=158 icode= >,4nhj_B_A,2.701
182,0.0,VAL, ,N,77.16,12.99,0.0,1.26,1.0,<Residue VAL het=  resseq=159 icode= >,4nhj_B_A,2.701
183,6.021,VAL, ,CA,69.02,11.89,0.0,1.89,1.0,<Residue VAL het=  resseq=159 icode= >,4nhj_B_A,2.701
184,0.0,VAL, ,C,61.8,10.58,0.0,2.98,1.0,<Residue VAL het=  resseq=159 icode= >,4nhj_B_A,2.701
185,2.242,VAL, ,O,58.13,10.66,0.0,2.66,1.0,<Residue VAL het=  resseq=159 icode= >,4nhj_B_A,2.701
186,7.759,VAL, ,CB,62.29,12.39,0.0,2.03,1.0,<Residue VAL het=  resseq=159 icode= >,4nhj_B_A,2.701
187,0.0,VAL, ,CG1,64.62,13.22,0.0,1.10,1.0,<Residue VAL het=  resseq=159 icode= >,4nhj_B_A,2.701
188,7.02,VAL, ,CG2,59.99,11.34,0.0,0.90,1.0,<Residue VAL het=  resseq=159 icode= >,4nhj_B_A,2.701
189,4.831,ALA, ,N,61.2,9.54,0.0,2.21,1.0,<Residue ALA het=  resseq=160 icode= >,4nhj_B_A,2.701
190,7.083,ALA, ,CA,60.84,8.24,2.165,2.57,1.0,<Residue ALA het=  resseq=160 icode= >,4nhj_B_A,2.701
191,1.004,ALA, ,C,62.7,7.53,0.0,2.55,1.0,<Residue ALA het=  resseq=160 icode= >,4nhj_B_A,2.701
192,7.272,ALA, ,O,64.18,7.24,0.0,1.35,1.0,<Residue ALA het=  resseq=160 icode= >,4nhj_B_A,2.701
193,67.737,ALA, ,CB,53.74,7.56,30.958,0.86,1.0,<Residue ALA het=  resseq=160 icode= >,4nhj_B_A,2.701
194,5.227,LEU, ,N,56.46,7.58,0.0,2.38,1.0,<Residue LEU het=  resseq=161 icode= >,4nhj_B_A,2.701
195,0.0,LEU, ,CA,56.08,7.28,0.0,2.46,1.0,<Residue LEU het=  resseq=161 icode= >,4nhj_B_A,2.701
196,3.281,LEU, ,C,51.75,6.36,0.0,3.23,1.0,<Residue LEU het=  resseq=161 icode= >,4nhj_B_A,2.701
197,23.471,LEU, ,O,57.72,6.61,0.0,1.09,1.0,<Residue LEU het=  resseq=161 icode= >,4nhj_B_A,2.701
198,2.23,LEU, ,CB,52.89,8.19,0.0,1.85,1.0,<Residue LEU het=  resseq=161 icode= >,4nhj_B_A,2.701
199,0.0,LEU, ,CG,57.62,9.17,0.0,2.22,1.0,<Residue LEU het=  resseq=161 icode= >,4nhj_B_A,2.701
200,0.0,LEU, ,CD1,54.49,9.63,0.0,1.23,1.0,<Residue LEU het=  resseq=161 icode= >,4nhj_B_A,2.701
201,0.0,LEU, ,CD2,59.39,8.82,0.0,0.22,1.0,<Residue LEU het=  resseq=161 icode= >,4nhj_B_A,2.701
202,2.13,SER, ,N,46.84,5.36,0.0,3.75,1.0,<Residue SER het=  resseq=162 icode= >,4nhj_B_A,2.701
203,11.966,SER, ,CA,42.21,4.39,1.255,3.41,1.0,<Residue SER het=  resseq=162 icode= >,4nhj_B_A,2.701
204,0.794,SER, ,C,48.03,4.54,0.0,3.55,1.0,<Residue SER het=  resseq=162 icode= >,4nhj_B_A,2.701
205,0.0,SER, ,O,48.81,5.35,0.0,1.82,1.0,<Residue SER het=  resseq=162 icode= >,4nhj_B_A,2.701
206,35.173,SER, ,CB,45.85,3.07,32.553,2.08,1.0,<Residue SER het=  resseq=162 icode= >,4nhj_B_A,2.701
207,6.183,SER, ,OG,44.64,2.49,5.565,1.75,1.0,<Residue SER het=  resseq=162 icode= >,4nhj_B_A,2.701
208,5.065,THR, ,N,47.44,4.02,0.765,3.05,1.0,<Residue THR het=  resseq=163 icode= >,4nhj_B_A,2.701
209,0.078,THR, ,CA,49.73,4.13,0.0,3.27,1.0,<Residue THR het=  resseq=163 icode= >,4nhj_B_A,2.701
210,0.0,THR, ,C,51.42,4.04,0.0,2.57,1.0,<Residue THR het=  resseq=163 icode= >,4nhj_B_A,2.701
211,0.0,THR, ,O,51.23,5.13,0.0,1.20,1.0,<Residue THR het=  resseq=163 icode= >,4nhj_B_A,2.701
212,14.721,THR, ,CB,50.72,3.73,14.7,2.22,1.0,<Residue THR het=  resseq=163 icode= >,4nhj_B_A,2.701
213,30.79,THR, ,OG1,49.39,4.62,26.337,0.64,1.0,<Residue THR het=  resseq=163 icode= >,4nhj_B_A,2.701
214,38.513,THR, ,CG2,50.62,4.52,31.673,0.73,1.0,<Residue THR het=  resseq=163 icode= >,4nhj_B_A,2.701
215,2.193,ALA, ,N,50.87,3.17,2.193,1.24,1.0,<Residue ALA het=  resseq=164 icode= >,4nhj_B_A,2.701
216,5.782,ALA, ,CA,49.89,3.87,0.0,2.63,1.0,<Residue ALA het=  resseq=164 icode= >,4nhj_B_A,2.701
217,0.783,ALA, ,C,48.88,5.09,0.0,3.73,1.0,<Residue ALA het=  resseq=164 icode= >,4nhj_B_A,2.701
218,0.574,ALA, ,O,47.93,6.23,0.0,2.26,1.0,<Residue ALA het=  resseq=164 icode= >,4nhj_B_A,2.701
219,57.389,ALA, ,CB,39.79,3.42,32.999,1.00,1.0,<Residue ALA het=  resseq=164 icode= >,4nhj_B_A,2.701
220,0.0,ASP, ,N,49.75,4.69,0.0,2.91,1.0,<Residue ASP het=  resseq=165 icode= >,4nhj_B_A,2.701
221,1.25,ASP, ,CA,47.62,5.81,0.0,3.00,1.0,<Residue ASP het=  resseq=165 icode= >,4nhj_B_A,2.701
222,0.0,ASP, ,C,49.54,7.03,0.0,3.77,1.0,<Residue ASP het=  resseq=165 icode= >,4nhj_B_A,2.701
223,0.0,ASP, ,O,50.71,8.13,0.0,1.79,1.0,<Residue ASP het=  resseq=165 icode= >,4nhj_B_A,2.701
224,0.0,ASP, ,CB,50.55,5.75,0.0,1.70,1.0,<Residue ASP het=  resseq=165 icode= >,4nhj_B_A,2.701
225,0.242,ASP, ,CG,54.3,5.00,0.0,2.53,1.0,<Residue ASP het=  resseq=165 icode= >,4nhj_B_A,2.701
226,8.153,ASP, ,OD1,52.77,5.02,0.187,1.92,1.0,<Residue ASP het=  resseq=165 icode= >,4nhj_B_A,2.701
227,0.276,ASP, ,OD2,51.95,4.84,0.0,1.26,1.0,<Residue ASP het=  resseq=165 icode= >,4nhj_B_A,2.701
228,0.0,PHE, ,N,49.21,7.02,0.0,3.42,1.0,<Residue PHE het=  resseq=166 icode= >,4nhj_B_A,2.701
229,0.0,PHE, ,CA,50.12,8.35,0.0,3.91,1.0,<Residue PHE het=  resseq=166 icode= >,4nhj_B_A,2.701
230,0.0,PHE, ,C,55.51,8.71,0.0,3.55,1.0,<Residue PHE het=  resseq=166 icode= >,4nhj_B_A,2.701
231,0.0,PHE, ,O,57.4,9.90,0.0,1.92,1.0,<Residue PHE het=  resseq=166 icode= >,4nhj_B_A,2.701
232,1.213,PHE, ,CB,53.02,8.36,0.0,1.10,1.0,<Residue PHE het=  resseq=166 icode= >,4nhj_B_A,2.701
233,0.0,PHE, ,CG,55.85,9.69,0.0,2.00,1.0,<Residue PHE het=  resseq=166 icode= >,4nhj_B_A,2.701
234,0.851,PHE, ,CD1,55.98,10.79,0.0,1.34,1.0,<Residue PHE het=  resseq=166 icode= >,4nhj_B_A,2.701
235,0.0,PHE, ,CD2,54.83,9.98,0.0,1.48,1.0,<Residue PHE het=  resseq=166 icode= >,4nhj_B_A,2.701
236,0.0,PHE, ,CE1,55.39,12.02,0.0,1.52,1.0,<Residue PHE het=  resseq=166 icode= >,4nhj_B_A,2.701
237,7.026,PHE, ,CE2,53.84,11.29,0.0,1.77,1.0,<Residue PHE het=  resseq=166 icode= >,4nhj_B_A,2.701
238,0.0,PHE, ,CZ,56.38,12.24,0.0,2.28,1.0,<Residue PHE het=  resseq=166 icode= >,4nhj_B_A,2.701
239,0.0,ASP, ,N,55.53,7.84,0.0,3.01,1.0,<Residue ASP het=  resseq=167 icode= >,4nhj_B_A,2.701
240,1.445,ASP, ,CA,52.92,8.46,0.0,2.80,1.0,<Residue ASP het=  resseq=167 icode= >,4nhj_B_A,2.701
241,0.0,ASP, ,C,54.51,9.16,0.0,3.14,1.0,<Residue ASP het=  resseq=167 icode= >,4nhj_B_A,2.701
242,2.237,ASP, ,O,55.71,10.23,0.0,2.01,1.0,<Residue ASP het=  resseq=167 icode= >,4nhj_B_A,2.701
243,10.234,ASP, ,CB,50.11,7.67,0.0,1.77,1.0,<Residue ASP het=  resseq=167 icode= >,4nhj_B_A,2.701
244,8.123,ASP, ,CG,56.92,7.52,0.861,2.82,1.0,<Residue ASP het=  resseq=167 icode= >,4nhj_B_A,2.701
245,8.485,ASP, ,OD1,54.57,8.23,0.0,1.93,1.0,<Residue ASP het=  resseq=167 icode= >,4nhj_B_A,2.701
246,23.661,ASP, ,OD2,63.9,6.97,14.196,0.95,1.0,<Residue ASP het=  resseq=167 icode= >,4nhj_B_A,2.701
247,0.038,MET, ,N,55.21,8.74,0.0,2.52,1.0,<Residue MET het=  resseq=168 icode= >,4nhj_B_A,2.701
248,0.0,MET, ,CA,54.73,9.64,0.0,2.82,1.0,<Residue MET het=  resseq=168 icode= >,4nhj_B_A,2.701
249,0.0,MET, ,C,57.03,10.85,0.0,3.36,1.0,<Residue MET het=  resseq=168 icode= >,4nhj_B_A,2.701
250,0.0,MET, ,O,58.68,11.63,0.0,1.66,1.0,<Residue MET het=  resseq=168 icode= >,4nhj_B_A,2.701
251,3.48,MET, ,CB,50.27,8.56,0.0,1.10,1.0,<Residue MET het=  resseq=168 icode= >,4nhj_B_A,2.701
252,0.16,MET, ,CG,53.25,8.99,0.0,2.37,1.0,<Residue MET het=  resseq=168 icode= >,4nhj_B_A,2.701
253,0.0,MET, ,SD,64.66,8.87,0.0,2.58,1.0,<Residue MET het=  resseq=168 icode= >,4nhj_B_A,2.701
254,3.127,MET, ,CE,48.79,7.54,0.0,0.66,1.0,<Residue MET het=  resseq=168 icode= >,4nhj_B_A,2.701
255,0.0,LEU, ,N,56.29,10.58,0.0,3.01,1.0,<Residue LEU het=  resseq=169 icode= >,4nhj_B_A,2.701
256,0.0,LEU, ,CA,52.8,11.72,0.0,4.11,1.0,<Residue LEU het=  resseq=169 icode= >,4nhj_B_A,2.701
257,0.0,LEU, ,C,54.54,12.77,0.0,4.36,1.0,<Residue LEU het=  resseq=169 icode= >,4nhj_B_A,2.701
258,0.0,LEU, ,O,55.69,13.96,0.0,2.37,1.0,<Residue LEU het=  resseq=169 icode= >,4nhj_B_A,2.701
259,0.0,LEU, ,CB,50.21,11.42,0.0,2.89,1.0,<Residue LEU het=  resseq=169 icode= >,4nhj_B_A,2.701
260,0.0,LEU, ,CG,52.64,12.73,0.0,2.45,1.0,<Residue LEU het=  resseq=169 icode= >,4nhj_B_A,2.701
261,0.025,LEU, ,CD1,53.43,13.65,0.0,-0.44,1.0,<Residue LEU het=  resseq=169 icode= >,4nhj_B_A,2.701
262,0.0,LEU, ,CD2,48.94,12.60,0.0,1.36,1.0,<Residue LEU het=  resseq=169 icode= >,4nhj_B_A,2.701
263,0.0,TRP, ,N,58.11,12.31,0.0,2.53,1.0,<Residue TRP het=  resseq=170 icode= >,4nhj_B_A,2.701
264,0.0,TRP, ,CA,61.72,13.23,0.0,2.77,1.0,<Residue TRP het=  resseq=170 icode= >,4nhj_B_A,2.701
265,0.0,TRP, ,C,65.44,14.00,0.0,3.42,1.0,<Residue TRP het=  resseq=170 icode= >,4nhj_B_A,2.701
266,0.0,TRP, ,O,66.44,15.23,0.0,1.91,1.0,<Residue TRP het=  resseq=170 icode= >,4nhj_B_A,2.701
267,0.219,TRP, ,CB,57.94,12.63,0.0,1.76,1.0,<Residue TRP het=  resseq=170 icode= >,4nhj_B_A,2.701
268,0.0,TRP, ,CG,62.93,13.73,0.0,2.74,1.0,<Residue TRP het=  resseq=170 icode= >,4nhj_B_A,2.701
269,25.426,TRP, ,CD1,64.13,13.96,0.0,2.72,1.0,<Residue TRP het=  resseq=170 icode= >,4nhj_B_A,2.701
270,0.0,TRP, ,CD2,63.82,14.89,0.0,3.24,1.0,<Residue TRP het=  resseq=170 icode= >,4nhj_B_A,2.701
271,24.579,TRP, ,NE1,63.9,15.16,0.0,3.21,1.0,<Residue TRP het=  resseq=170 icode= >,4nhj_B_A,2.701
272,0.03,TRP, ,CE2,63.91,15.71,0.0,3.58,1.0,<Residue TRP het=  resseq=170 icode= >,4nhj_B_A,2.701
273,0.0,TRP, ,CE3,67.5,15.41,0.0,1.62,1.0,<Residue TRP het=  resseq=170 icode= >,4nhj_B_A,2.701
274,10.741,TRP, ,CZ2,68.44,16.95,0.0,1.43,1.0,<Residue TRP het=  resseq=170 icode= >,4nhj_B_A,2.701
275,0.692,TRP, ,CZ3,67.94,16.66,0.0,1.63,1.0,<Residue TRP het=  resseq=170 icode= >,4nhj_B_A,2.701
276,0.0,TRP, ,CH2,68.61,17.38,0.0,1.39,1.0,<Residue TRP het=  resseq=170 icode= >,4nhj_B_A,2.701
277,0.01,GLU, ,N,63.32,13.38,0.0,2.58,1.0,<Residue GLU het=  resseq=171 icode= >,4nhj_B_A,2.701
278,0.883,GLU, ,CA,60.74,13.99,0.0,2.97,1.0,<Residue GLU het=  resseq=171 icode= >,4nhj_B_A,2.701
279,0.0,GLU, ,C,60.23,14.78,0.0,3.49,1.0,<Residue GLU het=  resseq=171 icode= >,4nhj_B_A,2.701
280,0.0,GLU, ,O,69.24,15.88,0.0,1.85,1.0,<Residue GLU het=  resseq=171 icode= >,4nhj_B_A,2.701
281,0.224,GLU, ,CB,57.24,12.68,0.0,2.03,1.0,<Residue GLU het=  resseq=171 icode= >,4nhj_B_A,2.701
282,0.0,GLU, ,CG,71.54,13.00,0.0,1.42,1.0,<Residue GLU het=  resseq=171 icode= >,4nhj_B_A,2.701
283,0.041,GLU, ,CD,77.04,13.77,0.0,1.29,1.0,<Residue GLU het=  resseq=171 icode= >,4nhj_B_A,2.701
284,0.0,GLU, ,OE1,80.17,14.40,0.0,0.28,1.0,<Residue GLU het=  resseq=171 icode= >,4nhj_B_A,2.701
285,17.37,GLU, ,OE2,67.31,13.89,0.0,0.48,1.0,<Residue GLU het=  resseq=171 icode= >,4nhj_B_A,2.701
286,0.0,LEU, ,N,61.33,14.33,0.0,2.41,1.0,<Residue LEU het=  resseq=172 icode= >,4nhj_B_A,2.701
287,0.0,LEU, ,CA,63.89,14.56,0.0,2.98,1.0,<Residue LEU het=  resseq=172 icode= >,4nhj_B_A,2.701
288,0.0,LEU, ,C,68.42,15.60,0.0,3.24,1.0,<Residue LEU het=  resseq=172 icode= >,4nhj_B_A,2.701
289,0.055,LEU, ,O,67.31,15.86,0.0,1.39,1.0,<Residue LEU het=  resseq=172 icode= >,4nhj_B_A,2.701
290,0.0,LEU, ,CB,56.25,13.40,0.0,2.27,1.0,<Residue LEU het=  resseq=172 icode= >,4nhj_B_A,2.701
291,0.0,LEU, ,CG,59.94,12.16,0.0,2.09,1.0,<Residue LEU het=  resseq=172 icode= >,4nhj_B_A,2.701
292,0.0,LEU, ,CD1,57.65,11.10,0.0,0.36,1.0,<Residue LEU het=  resseq=172 icode= >,4nhj_B_A,2.701
293,0.224,LEU, ,CD2,66.67,11.77,0.0,0.34,1.0,<Residue LEU het=  resseq=172 icode= >,4nhj_B_A,2.701
294,0.0,ALA, ,N,67.3,16.24,0.0,2.76,1.0,<Residue ALA het=  resseq=173 icode= >,4nhj_B_A,2.701
295,0.0,ALA, ,CA,68.74,17.23,0.0,2.89,1.0,<Residue ALA het=  resseq=173 icode= >,4nhj_B_A,2.701
296,0.142,ALA, ,C,71.17,18.40,0.0,2.98,1.0,<Residue ALA het=  resseq=173 icode= >,4nhj_B_A,2.701
297,4.054,ALA, ,O,72.84,19.05,0.0,1.41,1.0,<Residue ALA het=  resseq=173 icode= >,4nhj_B_A,2.701
298,1.24,ALA, ,CB,66.1,17.17,0.0,0.68,1.0,<Residue ALA het=  resseq=173 icode= >,4nhj_B_A,2.701
299,0.19,THR, ,N,71.61,18.09,0.0,2.12,1.0,<Residue THR het=  resseq=174 icode= >,4nhj_B_A,2.701
300,4.726,THR, ,CA,72.87,18.94,0.0,1.91,1.0,<Residue THR het=  resseq=174 icode= >,4nhj_B_A,2.701
301,0.0,THR, ,C,75.1,19.69,0.0,2.37,1.0,<Residue THR het=  resseq=174 icode= >,4nhj_B_A,2.701
302,21.633,THR, ,O,76.03,20.58,0.0,0.87,1.0,<Residue THR het=  resseq=174 icode= >,4nhj_B_A,2.701
303,0.943,THR, ,CB,72.78,18.23,0.0,1.05,1.0,<Residue THR het=  resseq=174 icode= >,4nhj_B_A,2.701
304,5.555,THR, ,OG1,71.13,17.56,0.0,1.00,1.0,<Residue THR het=  resseq=174 icode= >,4nhj_B_A,2.701
305,39.375,THR, ,CG2,83.14,19.30,0.0,-0.24,1.0,<Residue THR het=  resseq=174 icode= >,4nhj_B_A,2.701
306,0.0,HIS, ,N,74.06,18.56,0.0,2.28,1.0,<Residue HIS het=  resseq=175 icode= >,4nhj_B_A,2.701
307,0.0,HIS, ,CA,76.89,18.32,0.0,2.71,1.0,<Residue HIS het=  resseq=175 icode= >,4nhj_B_A,2.701
308,0.0,HIS, ,C,72.09,17.39,0.0,3.30,1.0,<Residue HIS het=  resseq=175 icode= >,4nhj_B_A,2.701
309,0.124,HIS, ,O,72.64,16.38,0.0,1.96,1.0,<Residue HIS het=  resseq=175 icode= >,4nhj_B_A,2.701
310,0.0,HIS, ,CB,80.4,17.38,0.0,1.45,1.0,<Residue HIS het=  resseq=175 icode= >,4nhj_B_A,2.701
311,0.288,HIS, ,CG,82.3,18.11,0.0,2.32,1.0,<Residue HIS het=  resseq=175 icode= >,4nhj_B_A,2.701
312,1.537,HIS, ,ND1,85.03,17.59,0.0,1.79,1.0,<Residue HIS het=  resseq=175 icode= >,4nhj_B_A,2.701
313,10.381,HIS, ,CD2,80.32,19.42,0.0,2.11,1.0,<Residue HIS het=  resseq=175 icode= >,4nhj_B_A,2.701
314,19.554,HIS, ,CE1,86.54,17.95,0.0,1.50,1.0,<Residue HIS het=  resseq=175 icode= >,4nhj_B_A,2.701
315,23.158,HIS, ,NE2,86.23,19.07,0.0,1.89,1.0,<Residue HIS het=  resseq=175 icode= >,4nhj_B_A,2.701
316,1.55,ALA, ,N,70.38,17.84,0.0,2.34,1.0,<Residue ALA het=  resseq=176 icode= >,4nhj_B_A,2.701
317,0.0,ALA, ,CA,74.57,17.23,0.0,2.25,1.0,<Residue ALA het=  resseq=176 icode= >,4nhj_B_A,2.701
318,0.001,ALA, ,C,76.91,17.17,0.0,1.63,1.0,<Residue ALA het=  resseq=176 icode= >,4nhj_B_A,2.701
319,16.974,ALA, ,O,75.08,18.18,0.0,0.93,1.0,<Residue ALA het=  resseq=176 icode= >,4nhj_B_A,2.701
320,12.628,ALA, ,CB,71.97,18.12,0.0,0.80,1.0,<Residue ALA het=  resseq=176 icode= >,4nhj_B_A,2.701
321,0.0,GLY, ,N,71.82,16.06,0.0,1.27,1.0,<Residue GLY het=  resseq=177 icode= >,4nhj_B_A,2.701
322,15.601,GLY, ,CA,74.65,16.06,0.0,1.13,1.0,<Residue GLY het=  resseq=177 icode= >,4nhj_B_A,2.701
323,2.178,GLY, ,C,77.24,15.67,0.0,2.00,1.0,<Residue GLY het=  resseq=177 icode= >,4nhj_B_A,2.701
324,19.459,GLY, ,O,77.06,15.26,0.0,0.87,1.0,<Residue GLY het=  resseq=177 icode= >,4nhj_B_A,2.701
325,0.0,GLN, ,N,73.27,15.56,0.0,2.78,1.0,<Residue GLN het=  resseq=178 icode= >,4nhj_B_A,2.701
326,4.772,GLN, ,CA,75.55,14.93,0.0,1.91,1.0,<Residue GLN het=  resseq=178 icode= >,4nhj_B_A,2.701
327,0.0,GLN, ,C,74.34,13.52,0.0,2.47,1.0,<Residue GLN het=  resseq=178 icode= >,4nhj_B_A,2.701
328,0.377,GLN, ,O,73.96,13.38,0.0,1.49,1.0,<Residue GLN het=  resseq=178 icode= >,4nhj_B_A,2.701
329,6.879,GLN, ,CB,78.21,15.84,0.0,0.88,1.0,<Residue GLN het=  resseq=178 icode= >,4nhj_B_A,2.701
330,17.337,GLN, ,CG,79.26,17.28,0.0,0.94,1.0,<Residue GLN het=  resseq=178 icode= >,4nhj_B_A,2.701
331,5.304,GLN, ,CD,85.69,18.17,0.0,1.54,1.0,<Residue GLN het=  resseq=178 icode= >,4nhj_B_A,2.701
332,31.203,GLN, ,OE1,84.76,17.84,0.0,1.64,1.0,<Residue GLN het=  resseq=178 icode= >,4nhj_B_A,2.701
333,37.583,GLN, ,NE2,77.3,19.39,0.0,0.41,1.0,<Residue GLN het=  resseq=178 icode= >,4nhj_B_A,2.701
334,4.613,ILE, ,N,68.04,12.59,0.0,2.19,1.0,<Residue ILE het=  resseq=179 icode= >,4nhj_B_A,2.701
335,0.0,ILE, ,CA,67.42,11.22,0.0,2.45,1.0,<Residue ILE het=  resseq=179 icode= >,4nhj_B_A,2.701
336,0.0,ILE, ,C,66.88,11.27,0.0,2.57,1.0,<Residue ILE het=  resseq=179 icode= >,4nhj_B_A,2.701
337,20.45,ILE, ,O,63.19,11.68,0.0,1.74,1.0,<Residue ILE het=  resseq=179 icode= >,4nhj_B_A,2.701
338,6.789,ILE, ,CB,63.5,10.38,0.0,1.86,1.0,<Residue ILE het=  resseq=179 icode= >,4nhj_B_A,2.701
339,4.917,ILE, ,CG1,70.01,10.74,0.0,1.29,1.0,<Residue ILE het=  resseq=179 icode= >,4nhj_B_A,2.701
340,2.959,ILE, ,CG2,61.84,8.91,0.0,0.98,1.0,<Residue ILE het=  resseq=179 icode= >,4nhj_B_A,2.701
341,42.698,ILE, ,CD1,70.33,10.39,0.0,0.62,1.0,<Residue ILE het=  resseq=179 icode= >,4nhj_B_A,2.701
342,0.0,MET, ,N,64.23,11.10,0.0,1.80,1.0,<Residue MET het=  resseq=180 icode= >,4nhj_B_A,2.701
343,0.384,MET, ,CA,66.06,11.31,0.0,1.65,1.0,<Residue MET het=  resseq=180 icode= >,4nhj_B_A,2.701
344,0.0,MET, ,C,60.18,10.06,0.0,3.12,1.0,<Residue MET het=  resseq=180 icode= >,4nhj_B_A,2.701
345,0.0,MET, ,O,55.63,9.17,0.0,1.67,1.0,<Residue MET het=  resseq=180 icode= >,4nhj_B_A,2.701
346,0.0,MET, ,CB,61.28,12.08,0.0,0.67,1.0,<Residue MET het=  resseq=180 icode= >,4nhj_B_A,2.701
347,0.226,MET, ,CG,66.91,13.50,0.0,1.40,1.0,<Residue MET het=  resseq=180 icode= >,4nhj_B_A,2.701
348,10.651,MET, ,SD,70.86,14.54,0.0,3.34,1.0,<Residue MET het=  resseq=180 icode= >,4nhj_B_A,2.701
349,4.42,MET, ,CE,69.83,14.44,0.0,1.09,1.0,<Residue MET het=  resseq=180 icode= >,4nhj_B_A,2.701
350,0.867,ASP, ,N,60.04,10.15,0.0,2.87,1.0,<Residue ASP het=  resseq=181 icode= >,4nhj_B_A,2.701
351,0.0,ASP, ,CA,63.19,9.17,0.0,2.28,1.0,<Residue ASP het=  resseq=181 icode= >,4nhj_B_A,2.701
352,0.0,ASP, ,C,61.08,9.13,0.0,2.84,1.0,<Residue ASP het=  resseq=181 icode= >,4nhj_B_A,2.701
353,0.0,ASP, ,O,60.99,10.21,0.0,0.98,1.0,<Residue ASP het=  resseq=181 icode= >,4nhj_B_A,2.701
354,20.877,ASP, ,CB,63.84,9.43,0.0,0.64,1.0,<Residue ASP het=  resseq=181 icode= >,4nhj_B_A,2.701
355,7.472,ASP, ,CG,65.34,10.47,0.0,2.73,1.0,<Residue ASP het=  resseq=181 icode= >,4nhj_B_A,2.701
356,21.061,ASP, ,OD1,72.83,11.67,0.0,1.42,1.0,<Residue ASP het=  resseq=181 icode= >,4nhj_B_A,2.701
357,13.204,ASP, ,OD2,65.32,10.16,0.0,1.44,1.0,<Residue ASP het=  resseq=181 icode= >,4nhj_B_A,2.701
358,1.445,ARG, ,N,57.94,8.01,0.0,1.96,1.0,<Residue ARG het=  resseq=182 icode= >,4nhj_B_A,2.701
359,0.0,ARG, ,CA,65.03,8.11,0.0,1.39,1.0,<Residue ARG het=  resseq=182 icode= >,4nhj_B_A,2.701
360,0.0,ARG, ,C,69.63,9.39,0.0,1.88,1.0,<Residue ARG het=  resseq=182 icode= >,4nhj_B_A,2.701
361,0.0,ARG, ,O,65.97,10.21,0.0,0.95,1.0,<Residue ARG het=  resseq=182 icode= >,4nhj_B_A,2.701
362,3.371,ARG, ,CB,66.6,6.92,0.0,0.58,1.0,<Residue ARG het=  resseq=182 icode= >,4nhj_B_A,2.701
363,0.074,ARG, ,CG,62.6,5.93,0.0,0.60,1.0,<Residue ARG het=  resseq=182 icode= >,4nhj_B_A,2.701
364,5.732,ARG, ,CD,63.16,4.81,0.989,1.21,1.0,<Residue ARG het=  resseq=182 icode= >,4nhj_B_A,2.701
365,2.731,ARG, ,NE,59.64,4.17,0.336,2.77,1.0,<Residue ARG het=  resseq=182 icode= >,4nhj_B_A,2.701
366,4.254,ARG, ,CZ,57.69,3.40,4.148,3.59,1.0,<Residue ARG het=  resseq=182 icode= >,4nhj_B_A,2.701
367,14.433,ARG, ,NH1,61.55,3.19,9.493,1.27,1.0,<Residue ARG het=  resseq=182 icode= >,4nhj_B_A,2.701
368,14.065,ARG, ,NH2,56.84,3.43,14.056,1.74,1.0,<Residue ARG het=  resseq=182 icode= >,4nhj_B_A,2.701
369,0.0,ASP, ,N,73.01,9.74,0.0,1.53,1.0,<Residue ASP het=  resseq=183 icode= >,4nhj_B_A,2.701
370,0.0,ASP, ,CA,70.21,11.06,0.0,2.31,1.0,<Residue ASP het=  resseq=183 icode= >,4nhj_B_A,2.701
371,0.0,ASP, ,C,66.24,12.16,0.0,3.54,1.0,<Residue ASP het=  resseq=183 icode= >,4nhj_B_A,2.701
372,0.0,ASP, ,O,67.65,12.21,0.0,1.53,1.0,<Residue ASP het=  resseq=183 icode= >,4nhj_B_A,2.701
373,13.694,ASP, ,CB,75.11,11.46,0.0,1.13,1.0,<Residue ASP het=  resseq=183 icode= >,4nhj_B_A,2.701
374,7.872,ASP, ,CG,81.7,12.88,0.0,1.03,1.0,<Residue ASP het=  resseq=183 icode= >,4nhj_B_A,2.701
375,18.729,ASP, ,OD1,76.48,13.85,0.0,0.45,1.0,<Residue ASP het=  resseq=183 icode= >,4nhj_B_A,2.701
376,10.28,ASP, ,OD2,82.42,12.79,0.0,0.31,1.0,<Residue ASP het=  resseq=183 icode= >,4nhj_B_A,2.701
377,0.356,ALA, ,N,63.39,12.15,0.0,3.34,1.0,<Residue ALA het=  resseq=184 icode= >,4nhj_B_A,2.701
378,5.581,ALA, ,CA,68.81,13.29,0.0,2.66,1.0,<Residue ALA het=  resseq=184 icode= >,4nhj_B_A,2.701
379,0.0,ALA, ,C,63.14,12.42,0.0,2.48,1.0,<Residue ALA het=  resseq=184 icode= >,4nhj_B_A,2.701
380,0.435,ALA, ,O,61.94,12.46,0.0,1.34,1.0,<Residue ALA het=  resseq=184 icode= >,4nhj_B_A,2.701
381,23.363,ALA, ,CB,66.92,13.32,0.0,0.82,1.0,<Residue ALA het=  resseq=184 icode= >,4nhj_B_A,2.701
382,0.0,LEU, ,N,63.94,11.48,0.0,1.53,1.0,<Residue LEU het=  resseq=185 icode= >,4nhj_B_A,2.701
383,0.0,LEU, ,CA,62.67,10.31,0.0,2.77,1.0,<Residue LEU het=  resseq=185 icode= >,4nhj_B_A,2.701
384,0.522,LEU, ,C,59.78,9.40,0.0,3.16,1.0,<Residue LEU het=  resseq=185 icode= >,4nhj_B_A,2.701
385,0.0,LEU, ,O,57.75,9.16,0.0,0.87,1.0,<Residue LEU het=  resseq=185 icode= >,4nhj_B_A,2.701
386,0.511,LEU, ,CB,61.5,9.67,0.0,1.38,1.0,<Residue LEU het=  resseq=185 icode= >,4nhj_B_A,2.701
387,0.0,LEU, ,CG,58.73,10.39,0.0,2.11,1.0,<Residue LEU het=  resseq=185 icode= >,4nhj_B_A,2.701
388,0.0,LEU, ,CD1,60.16,11.10,0.0,0.78,1.0,<Residue LEU het=  resseq=185 icode= >,4nhj_B_A,2.701
389,0.132,LEU, ,CD2,58.72,10.63,0.0,0.23,1.0,<Residue LEU het=  resseq=185 icode= >,4nhj_B_A,2.701
390,0.0,LEU, ,N,60.39,9.14,0.0,2.90,1.0,<Residue LEU het=  resseq=186 icode= >,4nhj_B_A,2.701
391,0.236,LEU, ,CA,57.83,8.52,0.0,3.36,1.0,<Residue LEU het=  resseq=186 icode= >,4nhj_B_A,2.701
392,0.0,LEU, ,C,66.02,9.41,0.0,2.22,1.0,<Residue LEU het=  resseq=186 icode= >,4nhj_B_A,2.701
393,0.0,LEU, ,O,67.24,8.76,0.0,1.03,1.0,<Residue LEU het=  resseq=186 icode= >,4nhj_B_A,2.701
394,0.0,LEU, ,CB,59.28,8.62,0.0,2.25,1.0,<Residue LEU het=  resseq=186 icode= >,4nhj_B_A,2.701
395,0.0,LEU, ,CG,60.75,7.75,0.0,2.61,1.0,<Residue LEU het=  resseq=186 icode= >,4nhj_B_A,2.701
396,0.521,LEU, ,CD1,67.63,7.33,0.0,0.28,1.0,<Residue LEU het=  resseq=186 icode= >,4nhj_B_A,2.701
397,4.595,LEU, ,CD2,58.59,6.36,0.0,1.13,1.0,<Residue LEU het=  resseq=186 icode= >,4nhj_B_A,2.701
398,0.0,LYS, ,N,66.63,10.71,0.0,2.22,1.0,<Residue LYS het=  resseq=187 icode= >,4nhj_B_A,2.701
399,0.971,LYS, ,CA,67.1,11.53,0.0,2.88,1.0,<Residue LYS het=  resseq=187 icode= >,4nhj_B_A,2.701
400,1.649,LYS, ,C,69.03,11.26,0.0,3.12,1.0,<Residue LYS het=  resseq=187 icode= >,4nhj_B_A,2.701
401,12.579,LYS, ,O,74.12,11.01,0.0,1.39,1.0,<Residue LYS het=  resseq=187 icode= >,4nhj_B_A,2.701
402,15.76,LYS, ,CB,67.62,13.01,0.0,1.44,1.0,<Residue LYS het=  resseq=187 icode= >,4nhj_B_A,2.701
403,10.759,LYS, ,CG,70.23,13.56,0.0,1.56,1.0,<Residue LYS het=  resseq=187 icode= >,4nhj_B_A,2.701
404,18.856,LYS, ,CD,79.3,13.20,0.0,0.16,1.0,<Residue LYS het=  resseq=187 icode= >,4nhj_B_A,2.701
405,16.996,LYS, ,CE,77.65,12.98,0.0,0.12,1.0,<Residue LYS het=  resseq=187 icode= >,4nhj_B_A,2.701
406,0.0,LYS, ,NZ,79.38,11.82,0.0,-0.10,1.0,<Residue LYS het=  resseq=187 icode= >,4nhj_B_A,2.701
407,0.0,ASN, ,N,63.8,11.53,0.0,2.69,1.0,<Residue ASN het=  resseq=188 icode= >,4nhj_B_A,2.701
408,6.522,ASN, ,CA,67.41,11.63,0.0,2.68,1.0,<Residue ASN het=  resseq=188 icode= >,4nhj_B_A,2.701
409,0.576,ASN, ,C,69.02,10.39,0.0,2.65,1.0,<Residue ASN het=  resseq=188 icode= >,4nhj_B_A,2.701
410,26.808,ASN, ,O,71.73,10.62,0.0,0.98,1.0,<Residue ASN het=  resseq=188 icode= >,4nhj_B_A,2.701
411,4.141,ASN, ,CB,70.77,12.37,0.0,1.25,1.0,<Residue ASN het=  resseq=188 icode= >,4nhj_B_A,2.701
412,5.798,ASN, ,CG,75.97,13.84,0.0,1.30,1.0,<Residue ASN het=  resseq=188 icode= >,4nhj_B_A,2.701
413,26.509,ASN, ,OD1,81.2,14.32,0.0,0.70,1.0,<Residue ASN het=  resseq=188 icode= >,4nhj_B_A,2.701
414,22.926,ASN, ,ND2,70.85,14.66,0.0,1.12,1.0,<Residue ASN het=  resseq=188 icode= >,4nhj_B_A,2.701
415,0.0,LEU, ,N,63.87,9.20,0.0,2.40,1.0,<Residue LEU het=  resseq=189 icode= >,4nhj_B_A,2.701
416,1.882,LEU, ,CA,65.88,8.02,0.0,3.00,1.0,<Residue LEU het=  resseq=189 icode= >,4nhj_B_A,2.701
417,3.436,LEU, ,C,67.01,7.05,0.0,3.02,1.0,<Residue LEU het=  resseq=189 icode= >,4nhj_B_A,2.701
418,25.203,LEU, ,O,64.57,6.29,0.0,1.28,1.0,<Residue LEU het=  resseq=189 icode= >,4nhj_B_A,2.701
419,7.891,LEU, ,CB,62.82,7.47,0.0,1.94,1.0,<Residue LEU het=  resseq=189 icode= >,4nhj_B_A,2.701
420,0.0,LEU, ,CG,61.15,8.57,0.0,1.55,1.0,<Residue LEU het=  resseq=189 icode= >,4nhj_B_A,2.701
421,10.84,LEU, ,CD1,58.55,7.97,0.0,-0.20,1.0,<Residue LEU het=  resseq=189 icode= >,4nhj_B_A,2.701
422,10.967,LEU, ,CD2,66.23,9.14,0.0,-0.07,1.0,<Residue LEU het=  resseq=189 icode= >,4nhj_B_A,2.701
423,0.517,ARG, ,N,65.6,7.33,0.0,2.72,1.0,<Residue ARG het=  resseq=190 icode= >,4nhj_B_A,2.701
424,1.5,ARG, ,CA,68.72,6.71,0.0,2.50,1.0,<Residue ARG het=  resseq=190 icode= >,4nhj_B_A,2.701
425,5.627,ARG, ,C,77.91,7.78,0.0,1.73,1.0,<Residue ARG het=  resseq=190 icode= >,4nhj_B_A,2.701
426,40.367,ARG, ,O,86.1,7.74,0.0,0.33,1.0,<Residue ARG het=  resseq=190 icode= >,4nhj_B_A,2.701
427,1.603,ARG, ,CB,70.64,6.10,0.0,1.16,1.0,<Residue ARG het=  resseq=190 icode= >,4nhj_B_A,2.701
428,2.089,ARG, ,CG,67.39,5.04,0.0,1.56,1.0,<Residue ARG het=  resseq=190 icode= >,4nhj_B_A,2.701
429,32.643,ARG, ,CD,60.07,3.66,13.97,2.35,1.0,<Residue ARG het=  resseq=190 icode= >,4nhj_B_A,2.701
430,12.281,ARG, ,NE,65.33,3.56,10.969,2.38,1.0,<Residue ARG het=  resseq=190 icode= >,4nhj_B_A,2.701
431,4.407,ARG, ,CZ,62.53,3.76,4.407,2.64,1.0,<Residue ARG het=  resseq=190 icode= >,4nhj_B_A,2.701
432,24.19,ARG, ,NH1,60.91,3.57,21.511,0.61,1.0,<Residue ARG het=  resseq=190 icode= >,4nhj_B_A,2.701
433,19.494,ARG, ,NH2,64.37,4.73,1.393,0.88,1.0,<Residue ARG het=  resseq=190 icode= >,4nhj_B_A,2.701
434,16.493,GLY, ,N,70.48,8.93,0.0,2.21,1.0,<Residue GLY het=  resseq=191 icode= >,4nhj_B_A,2.701
435,6.397,GLY, ,CA,68.77,9.38,0.0,2.14,1.0,<Residue GLY het=  resseq=191 icode= >,4nhj_B_A,2.701
436,1.109,GLY, ,C,76.32,9.86,0.0,2.24,1.0,<Residue GLY het=  resseq=191 icode= >,4nhj_B_A,2.701
437,28.493,GLY, ,O,75.53,10.73,0.0,1.10,1.0,<Residue GLY het=  resseq=191 icode= >,4nhj_B_A,2.701
438,0.0,VAL, ,N,73.49,9.52,0.0,2.00,1.0,<Residue VAL het=  resseq=192 icode= >,4nhj_B_A,2.701
439,4.846,VAL, ,CA,71.03,9.26,0.0,2.25,1.0,<Residue VAL het=  resseq=192 icode= >,4nhj_B_A,2.701
440,0.248,VAL, ,C,71.0,9.67,0.0,2.77,1.0,<Residue VAL het=  resseq=192 icode= >,4nhj_B_A,2.701
441,0.0,VAL, ,O,70.61,10.04,0.0,2.40,1.0,<Residue VAL het=  resseq=192 icode= >,4nhj_B_A,2.701
442,8.153,VAL, ,CB,75.71,7.75,0.0,1.12,1.0,<Residue VAL het=  resseq=192 icode= >,4nhj_B_A,2.701
443,43.616,VAL, ,CG1,70.16,7.61,0.0,0.63,1.0,<Residue VAL het=  resseq=192 icode= >,4nhj_B_A,2.701
444,6.612,VAL, ,CG2,72.28,6.97,0.0,0.04,1.0,<Residue VAL het=  resseq=192 icode= >,4nhj_B_A,2.701
445,2.003,THR, ,N,75.01,9.56,0.0,2.05,1.0,<Residue THR het=  resseq=193 icode= >,4nhj_B_A,2.701
446,0.0,THR, ,CA,76.49,10.24,0.0,3.12,1.0,<Residue THR het=  resseq=193 icode= >,4nhj_B_A,2.701
447,0.0,THR, ,C,74.83,9.33,0.0,2.94,1.0,<Residue THR het=  resseq=193 icode= >,4nhj_B_A,2.701
448,8.362,THR, ,O,73.65,8.37,0.0,1.62,1.0,<Residue THR het=  resseq=193 icode= >,4nhj_B_A,2.701
449,12.381,THR, ,CB,73.56,10.95,0.0,1.46,1.0,<Residue THR het=  resseq=193 icode= >,4nhj_B_A,2.701
450,26.832,THR, ,OG1,76.34,10.11,0.0,0.65,1.0,<Residue THR het=  resseq=193 icode= >,4nhj_B_A,2.701
451,55.023,THR, ,CG2,72.21,11.90,0.0,0.68,1.0,<Residue THR het=  resseq=193 icode= >,4nhj_B_A,2.701
452,0.003,TYR, ,N,69.02,9.77,0.0,2.21,1.0,<Residue TYR het=  resseq=194 icode= >,4nhj_B_A,2.701
453,0.0,TYR, ,CA,72.33,9.33,0.0,1.86,1.0,<Residue TYR het=  resseq=194 icode= >,4nhj_B_A,2.701
454,0.0,TYR, ,C,70.52,9.82,0.0,2.47,1.0,<Residue TYR het=  resseq=194 icode= >,4nhj_B_A,2.701
455,20.567,TYR, ,O,76.61,11.03,0.0,1.02,1.0,<Residue TYR het=  resseq=194 icode= >,4nhj_B_A,2.701
456,0.765,TYR, ,CB,74.04,10.18,0.0,1.75,1.0,<Residue TYR het=  resseq=194 icode= >,4nhj_B_A,2.701
457,0.0,TYR, ,CG,75.98,9.30,0.0,1.68,1.0,<Residue TYR het=  resseq=194 icode= >,4nhj_B_A,2.701
458,0.263,TYR, ,CD1,76.53,9.01,0.0,0.82,1.0,<Residue TYR het=  resseq=194 icode= >,4nhj_B_A,2.701
459,10.94,TYR, ,CD2,73.32,8.44,0.0,0.70,1.0,<Residue TYR het=  resseq=194 icode= >,4nhj_B_A,2.701
460,0.163,TYR, ,CE1,76.53,7.84,0.0,0.34,1.0,<Residue TYR het=  resseq=194 icode= >,4nhj_B_A,2.701
461,19.767,TYR, ,CE2,72.43,7.17,0.0,0.63,1.0,<Residue TYR het=  resseq=194 icode= >,4nhj_B_A,2.701
462,0.004,TYR, ,CZ,77.49,6.83,0.0,1.27,1.0,<Residue TYR het=  resseq=194 icode= >,4nhj_B_A,2.701
463,21.893,TYR, ,OH,76.16,5.71,0.0,0.89,1.0,<Residue TYR het=  resseq=194 icode= >,4nhj_B_A,2.701
464,0.018,ASP, ,N,66.23,9.02,0.0,2.47,1.0,<Residue ASP het=  resseq=195 icode= >,4nhj_B_A,2.701
465,9.435,ASP, ,CA,69.17,9.70,0.0,2.68,1.0,<Residue ASP het=  resseq=195 icode= >,4nhj_B_A,2.701
466,4.377,ASP, ,C,77.08,9.89,0.0,1.80,1.0,<Residue ASP het=  resseq=195 icode= >,4nhj_B_A,2.701
467,15.308,ASP, ,O,74.71,9.63,0.0,1.25,1.0,<Residue ASP het=  resseq=195 icode= >,4nhj_B_A,2.701
468,27.615,ASP, ,CB,69.28,8.75,0.0,1.31,1.0,<Residue ASP het=  resseq=195 icode= >,4nhj_B_A,2.701
469,6.192,ASP, ,CG,70.23,7.74,0.0,2.17,1.0,<Residue ASP het=  resseq=195 icode= >,4nhj_B_A,2.701
470,0.071,ASP, ,OD1,73.17,7.36,0.0,1.19,1.0,<Residue ASP het=  resseq=195 icode= >,4nhj_B_A,2.701
471,20.605,ASP, ,OD2,65.42,7.24,0.0,1.76,1.0,<Residue ASP het=  resseq=195 icode= >,4nhj_B_A,2.701
472,1.533,GLY, ,N,75.54,9.10,0.0,1.21,1.0,<Residue GLY het=  resseq=196 icode= >,4nhj_B_A,2.701
473,29.032,GLY, ,CA,70.15,7.70,0.0,2.28,1.0,<Residue GLY het=  resseq=196 icode= >,4nhj_B_A,2.701
474,1.877,GLY, ,C,74.91,6.88,0.0,2.92,1.0,<Residue GLY het=  resseq=196 icode= >,4nhj_B_A,2.701
475,24.602,GLY, ,O,76.98,5.66,0.0,1.12,1.0,<Residue GLY het=  resseq=196 icode= >,4nhj_B_A,2.701
476,0.0,MET, ,N,73.88,7.74,0.0,2.07,1.0,<Residue MET het=  resseq=197 icode= >,4nhj_B_A,2.701
477,6.87,MET, ,CA,69.85,7.52,0.0,2.32,1.0,<Residue MET het=  resseq=197 icode= >,4nhj_B_A,2.701
478,1.918,MET, ,C,75.67,7.44,0.0,2.43,1.0,<Residue MET het=  resseq=197 icode= >,4nhj_B_A,2.701
479,16.094,MET, ,O,79.1,6.74,0.0,1.38,1.0,<Residue MET het=  resseq=197 icode= >,4nhj_B_A,2.701
480,25.386,MET, ,CB,76.26,7.65,0.0,1.24,1.0,<Residue MET het=  resseq=197 icode= >,4nhj_B_A,2.701
481,2.536,MET, ,CG,80.56,8.11,0.0,1.00,1.0,<Residue MET het=  resseq=197 icode= >,4nhj_B_A,2.701
482,42.795,MET, ,SD,97.41,7.83,0.0,1.24,1.0,<Residue MET het=  resseq=197 icode= >,4nhj_B_A,2.701
483,63.477,MET, ,CE,72.45,7.65,0.0,0.95,1.0,<Residue MET het=  resseq=197 icode= >,4nhj_B_A,2.701
484,1.552,ASP, ,N,73.63,7.08,0.0,2.29,1.0,<Residue ASP het=  resseq=198 icode= >,4nhj_B_A,2.701
485,3.156,ASP, ,CA,64.84,5.75,0.0,2.20,1.0,<Residue ASP het=  resseq=198 icode= >,4nhj_B_A,2.701
486,0.0,ASP, ,C,62.28,6.14,0.0,2.94,1.0,<Residue ASP het=  resseq=198 icode= >,4nhj_B_A,2.701
487,3.27,ASP, ,O,59.81,7.15,0.0,1.61,1.0,<Residue ASP het=  resseq=198 icode= >,4nhj_B_A,2.701
488,0.191,ASP, ,CB,68.14,5.41,0.0,0.37,1.0,<Residue ASP het=  resseq=198 icode= >,4nhj_B_A,2.701
489,6.704,ASP, ,CG,62.98,4.03,0.877,2.26,1.0,<Residue ASP het=  resseq=198 icode= >,4nhj_B_A,2.701
490,18.386,ASP, ,OD1,65.09,3.09,12.329,1.00,1.0,<Residue ASP het=  resseq=198 icode= >,4nhj_B_A,2.701
491,5.411,ASP, ,OD2,55.64,4.20,0.231,2.10,1.0,<Residue ASP het=  resseq=198 icode= >,4nhj_B_A,2.701
492,4.429,ARG, ,N,58.78,5.03,2.363,2.67,1.0,<Residue ARG het=  resseq=199 icode= >,4nhj_B_A,2.701
493,0.0,ARG, ,CA,57.23,4.99,0.0,3.12,1.0,<Residue ARG het=  resseq=199 icode= >,4nhj_B_A,2.701
494,0.364,ARG, ,C,57.76,4.31,0.364,2.49,1.0,<Residue ARG het=  resseq=199 icode= >,4nhj_B_A,2.701
495,0.0,ARG, ,O,54.15,4.51,0.0,1.99,1.0,<Residue ARG het=  resseq=199 icode= >,4nhj_B_A,2.701
496,12.578,ARG, ,CB,54.4,4.09,12.578,0.94,1.0,<Residue ARG het=  resseq=199 icode= >,4nhj_B_A,2.701
497,13.35,ARG, ,CG,66.25,4.60,2.713,0.83,1.0,<Residue ARG het=  resseq=199 icode= >,4nhj_B_A,2.701
498,40.622,ARG, ,CD,63.75,3.60,17.52,1.40,1.0,<Residue ARG het=  resseq=199 icode= >,4nhj_B_A,2.701
499,15.913,ARG, ,NE,67.58,3.22,15.913,2.13,1.0,<Residue ARG het=  resseq=199 icode= >,4nhj_B_A,2.701
500,4.989,ARG, ,CZ,59.56,3.42,4.989,3.10,1.0,<Residue ARG het=  resseq=199 icode= >,4nhj_B_A,2.701
501,42.031,ARG, ,NH1,58.12,2.41,42.031,1.42,1.0,<Residue ARG het=  resseq=199 icode= >,4nhj_B_A,2.701
502,27.549,ARG, ,NH2,58.73,3.25,16.172,0.51,1.0,<Residue ARG het=  resseq=199 icode= >,4nhj_B_A,2.701
503,2.831,SER, ,N,57.84,3.89,2.786,1.40,1.0,<Residue SER het=  resseq=200 icode= >,4nhj_B_A,2.701
504,5.371,SER, ,CA,52.83,3.61,5.259,4.01,1.0,<Residue SER het=  resseq=200 icode= >,4nhj_B_A,2.701
505,1.043,SER, ,C,52.39,4.78,0.259,4.09,1.0,<Residue SER het=  resseq=200 icode= >,4nhj_B_A,2.701
506,3.598,SER, ,O,56.27,4.40,2.744,1.07,1.0,<Residue SER het=  resseq=200 icode= >,4nhj_B_A,2.701
507,28.309,SER, ,CB,52.68,3.96,27.573,1.85,1.0,<Residue SER het=  resseq=200 icode= >,4nhj_B_A,2.701
508,0.075,SER, ,OG,56.75,4.20,0.0,1.15,1.0,<Residue SER het=  resseq=200 icode= >,4nhj_B_A,2.701
509,0.0,VAL, ,N,47.79,5.64,0.0,3.89,1.0,<Residue VAL het=  resseq=201 icode= >,4nhj_B_A,2.701
510,1.669,VAL, ,CA,48.53,6.22,0.0,4.23,1.0,<Residue VAL het=  resseq=201 icode= >,4nhj_B_A,2.701
511,0.0,VAL, ,C,50.22,6.72,0.0,4.12,1.0,<Residue VAL het=  resseq=201 icode= >,4nhj_B_A,2.701
512,0.0,VAL, ,O,47.12,6.79,0.0,2.61,1.0,<Residue VAL het=  resseq=201 icode= >,4nhj_B_A,2.701
513,0.0,VAL, ,CB,46.62,7.33,0.0,2.86,1.0,<Residue VAL het=  resseq=201 icode= >,4nhj_B_A,2.701
514,0.0,VAL, ,CG1,42.33,8.17,0.0,1.64,1.0,<Residue VAL het=  resseq=201 icode= >,4nhj_B_A,2.701
515,4.206,VAL, ,CG2,49.93,7.01,0.0,1.28,1.0,<Residue VAL het=  resseq=201 icode= >,4nhj_B_A,2.701
516,0.0,ASP, ,N,51.09,5.74,0.0,2.65,1.0,<Residue ASP het=  resseq=202 icode= >,4nhj_B_A,2.701
517,0.0,ASP, ,CA,50.23,4.59,0.0,2.57,1.0,<Residue ASP het=  resseq=202 icode= >,4nhj_B_A,2.701
518,1.702,ASP, ,C,44.98,3.92,1.702,3.66,1.0,<Residue ASP het=  resseq=202 icode= >,4nhj_B_A,2.701
519,4.317,ASP, ,O,47.24,4.01,3.256,2.12,1.0,<Residue ASP het=  resseq=202 icode= >,4nhj_B_A,2.701
520,7.763,ASP, ,CB,57.0,3.96,7.763,-0.13,1.0,<Residue ASP het=  resseq=202 icode= >,4nhj_B_A,2.701
521,0.0,ASP, ,CG,56.1,4.70,0.0,1.90,1.0,<Residue ASP het=  resseq=202 icode= >,4nhj_B_A,2.701
522,0.008,ASP, ,OD1,58.44,5.72,0.0,0.59,1.0,<Residue ASP het=  resseq=202 icode= >,4nhj_B_A,2.701
523,6.007,ASP, ,OD2,61.32,3.72,5.947,0.69,1.0,<Residue ASP het=  resseq=202 icode= >,4nhj_B_A,2.701
524,0.188,VAL, ,N,45.94,3.89,0.188,1.94,1.0,<Residue VAL het=  resseq=203 icode= >,4nhj_B_A,2.701
525,3.317,VAL, ,CA,48.35,4.08,3.317,2.41,1.0,<Residue VAL het=  resseq=203 icode= >,4nhj_B_A,2.701
526,0.0,VAL, ,C,43.48,5.33,0.0,4.85,1.0,<Residue VAL het=  resseq=203 icode= >,4nhj_B_A,2.701
527,0.0,VAL, ,O,45.61,5.65,0.0,3.37,1.0,<Residue VAL het=  resseq=203 icode= >,4nhj_B_A,2.701
528,2.257,VAL, ,CB,46.74,3.94,1.575,2.53,1.0,<Residue VAL het=  resseq=203 icode= >,4nhj_B_A,2.701
529,19.796,VAL, ,CG1,42.63,3.60,15.771,0.83,1.0,<Residue VAL het=  resseq=203 icode= >,4nhj_B_A,2.701
530,39.748,VAL, ,CG2,55.83,3.36,39.748,-0.60,1.0,<Residue VAL het=  resseq=203 icode= >,4nhj_B_A,2.701
531,0.284,ALA, ,N,36.94,5.93,0.0,5.02,1.0,<Residue ALA het=  resseq=204 icode= >,4nhj_B_A,2.701
532,3.824,ALA, ,CA,40.28,5.88,0.0,4.34,1.0,<Residue ALA het=  resseq=204 icode= >,4nhj_B_A,2.701
533,0.0,ALA, ,C,45.53,7.33,0.0,4.16,1.0,<Residue ALA het=  resseq=204 icode= >,4nhj_B_A,2.701
534,1.61,ALA, ,O,42.07,7.94,0.0,1.99,1.0,<Residue ALA het=  resseq=204 icode= >,4nhj_B_A,2.701
535,23.272,ALA, ,CB,38.45,5.08,6.876,1.14,1.0,<Residue ALA het=  resseq=204 icode= >,4nhj_B_A,2.701
536,0.0,ILE, ,N,49.96,7.05,0.0,2.39,1.0,<Residue ILE het=  resseq=205 icode= >,4nhj_B_A,2.701
537,0.0,ILE, ,CA,46.52,6.78,0.0,3.27,1.0,<Residue ILE het=  resseq=205 icode= >,4nhj_B_A,2.701
538,0.0,ILE, ,C,50.53,5.70,0.0,3.59,1.0,<Residue ILE het=  resseq=205 icode= >,4nhj_B_A,2.701
539,0.0,ILE, ,O,52.97,5.82,0.0,2.08,1.0,<Residue ILE het=  resseq=205 icode= >,4nhj_B_A,2.701
540,0.007,ILE, ,CB,51.77,5.54,0.007,2.48,1.0,<Residue ILE het=  resseq=205 icode= >,4nhj_B_A,2.701
541,0.0,ILE, ,CG1,48.35,6.17,0.0,2.08,1.0,<Residue ILE het=  resseq=205 icode= >,4nhj_B_A,2.701
542,2.006,ILE, ,CG2,53.1,5.22,1.06,-0.13,1.0,<Residue ILE het=  resseq=205 icode= >,4nhj_B_A,2.701
543,0.191,ILE, ,CD1,46.88,7.32,0.0,1.02,1.0,<Residue ILE het=  resseq=205 icode= >,4nhj_B_A,2.701
544,0.0,SER, ,N,49.48,4.79,0.0,2.56,1.0,<Residue SER het=  resseq=206 icode= >,4nhj_B_A,2.701
545,1.54,SER, ,CA,51.19,3.72,1.152,2.76,1.0,<Residue SER het=  resseq=206 icode= >,4nhj_B_A,2.701
546,0.167,SER, ,C,55.65,4.62,0.0,2.73,1.0,<Residue SER het=  resseq=206 icode= >,4nhj_B_A,2.701
547,1.389,SER, ,O,59.14,4.63,0.262,1.17,1.0,<Residue SER het=  resseq=206 icode= >,4nhj_B_A,2.701
548,28.765,SER, ,CB,47.98,3.22,25.935,1.71,1.0,<Residue SER het=  resseq=206 icode= >,4nhj_B_A,2.701
549,34.539,SER, ,OG,47.92,2.81,27.908,1.18,1.0,<Residue SER het=  resseq=206 icode= >,4nhj_B_A,2.701
550,0.0,ARG, ,N,45.55,5.75,0.0,2.43,1.0,<Residue ARG het=  resseq=207 icode= >,4nhj_B_A,2.701
551,3.982,ARG, ,CA,47.14,6.88,0.0,2.72,1.0,<Residue ARG het=  resseq=207 icode= >,4nhj_B_A,2.701
552,0.0,ARG, ,C,53.27,7.47,0.0,4.38,1.0,<Residue ARG het=  resseq=207 icode= >,4nhj_B_A,2.701
553,0.505,ARG, ,O,54.57,8.13,0.0,2.44,1.0,<Residue ARG het=  resseq=207 icode= >,4nhj_B_A,2.701
554,0.916,ARG, ,CB,46.7,6.95,0.0,1.91,1.0,<Residue ARG het=  resseq=207 icode= >,4nhj_B_A,2.701
555,26.86,ARG, ,CG,41.44,6.03,0.0,2.02,1.0,<Residue ARG het=  resseq=207 icode= >,4nhj_B_A,2.701
556,13.736,ARG, ,CD,40.15,4.81,3.62,4.05,1.0,<Residue ARG het=  resseq=207 icode= >,4nhj_B_A,2.701
557,13.916,ARG, ,NE,34.94,4.14,2.508,4.65,1.0,<Residue ARG het=  resseq=207 icode= >,4nhj_B_A,2.701
558,3.789,ARG, ,CZ,39.37,3.49,3.789,4.10,1.0,<Residue ARG het=  resseq=207 icode= >,4nhj_B_A,2.701
559,34.904,ARG, ,NH1,44.04,3.08,33.741,1.42,1.0,<Residue ARG het=  resseq=207 icode= >,4nhj_B_A,2.701
560,54.246,ARG, ,NH2,35.18,2.37,49.557,2.53,1.0,<Residue ARG het=  resseq=207 icode= >,4nhj_B_A,2.701
561,0.0,LEU, ,N,48.73,7.55,0.0,4.51,1.0,<Residue LEU het=  resseq=208 icode= >,4nhj_B_A,2.701
562,0.0,LEU, ,CA,54.6,8.37,0.0,4.32,1.0,<Residue LEU het=  resseq=208 icode= >,4nhj_B_A,2.701
563,0.0,LEU, ,C,56.53,7.82,0.0,3.22,1.0,<Residue LEU het=  resseq=208 icode= >,4nhj_B_A,2.701
564,0.0,LEU, ,O,55.64,8.62,0.0,2.08,1.0,<Residue LEU het=  resseq=208 icode= >,4nhj_B_A,2.701
565,0.104,LEU, ,CB,58.7,8.93,0.0,2.35,1.0,<Residue LEU het=  resseq=208 icode= >,4nhj_B_A,2.701
566,0.216,LEU, ,CG,52.94,9.51,0.0,2.37,1.0,<Residue LEU het=  resseq=208 icode= >,4nhj_B_A,2.701
567,0.0,LEU, ,CD1,53.77,10.42,0.0,1.40,1.0,<Residue LEU het=  resseq=208 icode= >,4nhj_B_A,2.701
568,0.0,LEU, ,CD2,53.01,10.11,0.0,0.92,1.0,<Residue LEU het=  resseq=208 icode= >,4nhj_B_A,2.701
569,0.0,ARG, ,N,57.12,6.63,0.0,2.12,1.0,<Residue ARG het=  resseq=209 icode= >,4nhj_B_A,2.701
570,0.004,ARG, ,CA,59.15,6.31,0.0,3.17,1.0,<Residue ARG het=  resseq=209 icode= >,4nhj_B_A,2.701
571,0.415,ARG, ,C,61.4,6.56,0.0,3.03,1.0,<Residue ARG het=  resseq=209 icode= >,4nhj_B_A,2.701
572,0.058,ARG, ,O,65.27,7.31,0.0,1.55,1.0,<Residue ARG het=  resseq=209 icode= >,4nhj_B_A,2.701
573,3.593,ARG, ,CB,58.87,5.07,1.095,1.38,1.0,<Residue ARG het=  resseq=209 icode= >,4nhj_B_A,2.701
574,0.0,ARG, ,CG,58.33,5.65,0.0,1.04,1.0,<Residue ARG het=  resseq=209 icode= >,4nhj_B_A,2.701
575,0.267,ARG, ,CD,58.77,4.87,0.267,1.10,1.0,<Residue ARG het=  resseq=209 icode= >,4nhj_B_A,2.701
576,0.0,ARG, ,NE,62.51,4.99,0.0,1.77,1.0,<Residue ARG het=  resseq=209 icode= >,4nhj_B_A,2.701
577,0.0,ARG, ,CZ,58.69,3.83,0.0,2.07,1.0,<Residue ARG het=  resseq=209 icode= >,4nhj_B_A,2.701
578,17.068,ARG, ,NH1,54.72,2.70,16.072,0.77,1.0,<Residue ARG het=  resseq=209 icode= >,4nhj_B_A,2.701
579,0.0,ARG, ,NH2,55.02,4.13,0.0,1.07,1.0,<Residue ARG het=  resseq=209 icode= >,4nhj_B_A,2.701
580,0.858,LYS, ,N,62.26,6.32,0.0,2.26,1.0,<Residue LYS het=  resseq=210 icode= >,4nhj_B_A,2.701
581,7.748,LYS, ,CA,64.15,7.02,0.0,2.81,1.0,<Residue LYS het=  resseq=210 icode= >,4nhj_B_A,2.701
582,0.26,LYS, ,C,60.69,8.53,0.0,2.96,1.0,<Residue LYS het=  resseq=210 icode= >,4nhj_B_A,2.701
583,5.409,LYS, ,O,63.26,9.28,0.0,1.77,1.0,<Residue LYS het=  resseq=210 icode= >,4nhj_B_A,2.701
584,6.614,LYS, ,CB,59.91,6.80,0.0,1.73,1.0,<Residue LYS het=  resseq=210 icode= >,4nhj_B_A,2.701
585,16.886,LYS, ,CG,68.29,6.66,0.0,0.95,1.0,<Residue LYS het=  resseq=210 icode= >,4nhj_B_A,2.701
586,33.977,LYS, ,CD,73.37,5.33,2.999,0.38,1.0,<Residue LYS het=  resseq=210 icode= >,4nhj_B_A,2.701
587,49.803,LYS, ,CE,74.27,5.06,10.175,1.07,1.0,<Residue LYS het=  resseq=210 icode= >,4nhj_B_A,2.701
588,43.623,LYS, ,NZ,75.54,6.39,0.0,0.65,1.0,<Residue LYS het=  resseq=210 icode= >,4nhj_B_A,2.701
589,0.0,LYS, ,N,60.53,9.05,0.0,1.96,1.0,<Residue LYS het=  resseq=211 icode= >,4nhj_B_A,2.701
590,6.932,LYS, ,CA,64.43,10.51,0.0,2.18,1.0,<Residue LYS het=  resseq=211 icode= >,4nhj_B_A,2.701
591,0.0,LYS, ,C,65.05,11.15,0.0,3.21,1.0,<Residue LYS het=  resseq=211 icode= >,4nhj_B_A,2.701
592,6.293,LYS, ,O,67.24,12.34,0.0,1.52,1.0,<Residue LYS het=  resseq=211 icode= >,4nhj_B_A,2.701
593,1.036,LYS, ,CB,55.87,9.97,0.0,2.39,1.0,<Residue LYS het=  resseq=211 icode= >,4nhj_B_A,2.701
594,15.15,LYS, ,CG,61.29,8.86,0.0,1.52,1.0,<Residue LYS het=  resseq=211 icode= >,4nhj_B_A,2.701
595,0.868,LYS, ,CD,59.28,7.55,0.0,0.93,1.0,<Residue LYS het=  resseq=211 icode= >,4nhj_B_A,2.701
596,35.546,LYS, ,CE,53.85,6.52,0.0,0.47,1.0,<Residue LYS het=  resseq=211 icode= >,4nhj_B_A,2.701
597,21.197,LYS, ,NZ,58.97,5.35,3.527,0.49,1.0,<Residue LYS het=  resseq=211 icode= >,4nhj_B_A,2.701
598,0.0,LEU, ,N,67.11,10.50,0.0,2.53,1.0,<Residue LEU het=  resseq=212 icode= >,4nhj_B_A,2.701
599,0.0,LEU, ,CA,67.08,11.30,0.0,2.63,1.0,<Residue LEU het=  resseq=212 icode= >,4nhj_B_A,2.701
600,0.0,LEU, ,C,70.53,11.36,0.0,2.31,1.0,<Residue LEU het=  resseq=212 icode= >,4nhj_B_A,2.701
601,2.614,LEU, ,O,69.59,12.18,0.0,1.30,1.0,<Residue LEU het=  resseq=212 icode= >,4nhj_B_A,2.701
602,0.296,LEU, ,CB,63.46,11.00,0.0,1.92,1.0,<Residue LEU het=  resseq=212 icode= >,4nhj_B_A,2.701
603,0.0,LEU, ,CG,68.44,11.70,0.0,1.29,1.0,<Residue LEU het=  resseq=212 icode= >,4nhj_B_A,2.701
604,0.883,LEU, ,CD1,64.76,11.80,0.0,0.24,1.0,<Residue LEU het=  resseq=212 icode= >,4nhj_B_A,2.701
605,0.678,LEU, ,CD2,54.29,13.14,0.0,1.15,1.0,<Residue LEU het=  resseq=212 icode= >,4nhj_B_A,2.701
606,0.0,LEU, ,N,73.24,10.68,0.0,1.69,1.0,<Residue LEU het=  resseq=213 icode= >,4nhj_B_A,2.701
607,5.536,LEU, ,CA,74.87,10.47,0.0,2.07,1.0,<Residue LEU het=  resseq=213 icode= >,4nhj_B_A,2.701
608,3.977,LEU, ,C,73.05,10.11,0.0,1.85,1.0,<Residue LEU het=  resseq=213 icode= >,4nhj_B_A,2.701
609,21.495,LEU, ,O,76.61,11.04,0.0,0.56,1.0,<Residue LEU het=  resseq=213 icode= >,4nhj_B_A,2.701
610,15.447,LEU, ,CB,69.76,11.83,0.0,2.04,1.0,<Residue LEU het=  resseq=213 icode= >,4nhj_B_A,2.701
611,1.758,LEU, ,CG,75.09,12.55,0.0,1.70,1.0,<Residue LEU het=  resseq=213 icode= >,4nhj_B_A,2.701
612,57.295,LEU, ,CD1,78.05,13.90,0.0,0.13,1.0,<Residue LEU het=  resseq=213 icode= >,4nhj_B_A,2.701
613,43.417,LEU, ,CD2,75.38,11.81,0.0,0.52,1.0,<Residue LEU het=  resseq=213 icode= >,4nhj_B_A,2.701
614,3.027,ASP, ,N,71.92,8.90,0.0,1.71,1.0,<Residue ASP het=  resseq=214 icode= >,4nhj_B_A,2.701
615,3.535,ASP, ,CA,74.51,8.72,0.0,2.44,1.0,<Residue ASP het=  resseq=214 icode= >,4nhj_B_A,2.701
616,1.54,ASP, ,C,75.68,7.34,0.0,2.55,1.0,<Residue ASP het=  resseq=214 icode= >,4nhj_B_A,2.701
617,2.965,ASP, ,O,73.7,6.40,0.0,0.97,1.0,<Residue ASP het=  resseq=214 icode= >,4nhj_B_A,2.701
618,0.157,ASP, ,CB,72.23,9.04,0.0,1.66,1.0,<Residue ASP het=  resseq=214 icode= >,4nhj_B_A,2.701
619,0.0,ASP, ,CG,77.52,9.21,0.0,2.68,1.0,<Residue ASP het=  resseq=214 icode= >,4nhj_B_A,2.701
620,1.569,ASP, ,OD1,79.85,10.36,0.0,1.29,1.0,<Residue ASP het=  resseq=214 icode= >,4nhj_B_A,2.701
621,0.0,ASP, ,OD2,74.71,8.33,0.0,1.55,1.0,<Residue ASP het=  resseq=214 icode= >,4nhj_B_A,2.701
622,9.104,ASN, ,N,79.41,7.42,0.0,1.99,1.0,<Residue ASN het=  resseq=215 icode= >,4nhj_B_A,2.701
623,6.321,ASN, ,CA,77.32,6.39,0.0,2.39,1.0,<Residue ASN het=  resseq=215 icode= >,4nhj_B_A,2.701
624,0.0,ASN, ,C,83.88,6.01,0.0,1.72,1.0,<Residue ASN het=  resseq=215 icode= >,4nhj_B_A,2.701
625,0.0,ASN, ,O,82.61,7.01,0.0,0.84,1.0,<Residue ASN het=  resseq=215 icode= >,4nhj_B_A,2.701
626,22.523,ASN, ,CB,78.22,7.17,0.0,2.07,1.0,<Residue ASN het=  resseq=215 icode= >,4nhj_B_A,2.701
627,7.037,ASN, ,CG,82.37,6.52,0.0,1.95,1.0,<Residue ASN het=  resseq=215 icode= >,4nhj_B_A,2.701
628,7.399,ASN, ,OD1,81.13,6.04,0.0,1.39,1.0,<Residue ASN het=  resseq=215 icode= >,4nhj_B_A,2.701
629,57.94,ASN, ,ND2,71.84,6.86,0.0,0.93,1.0,<Residue ASN het=  resseq=215 icode= >,4nhj_B_A,2.701
630,4.459,ALA, ,N,79.82,4.77,1.004,1.05,1.0,<Residue ALA het=  resseq=216 icode= >,4nhj_B_A,2.701
631,0.0,ALA, ,CA,78.23,4.78,0.0,1.63,1.0,<Residue ALA het=  resseq=216 icode= >,4nhj_B_A,2.701
632,1.206,ALA, ,C,88.17,5.50,0.192,0.81,1.0,<Residue ALA het=  resseq=216 icode= >,4nhj_B_A,2.701
633,14.143,ALA, ,O,84.97,5.17,3.291,0.45,1.0,<Residue ALA het=  resseq=216 icode= >,4nhj_B_A,2.701
634,40.979,ALA, ,CB,66.1,3.62,37.827,0.73,1.0,<Residue ALA het=  resseq=216 icode= >,4nhj_B_A,2.701
635,1.629,THR, ,N,87.29,5.58,0.0,0.61,1.0,<Residue THR het=  resseq=217 icode= >,4nhj_B_A,2.701
636,9.823,THR, ,CA,88.25,6.66,0.0,1.71,1.0,<Residue THR het=  resseq=217 icode= >,4nhj_B_A,2.701
637,0.0,THR, ,C,92.78,7.67,0.0,1.97,1.0,<Residue THR het=  resseq=217 icode= >,4nhj_B_A,2.701
638,11.531,THR, ,O,89.23,7.81,0.0,0.83,1.0,<Residue THR het=  resseq=217 icode= >,4nhj_B_A,2.701
639,4.181,THR, ,CB,85.4,6.98,0.0,2.02,1.0,<Residue THR het=  resseq=217 icode= >,4nhj_B_A,2.701
640,31.549,THR, ,OG1,86.47,6.11,0.0,1.41,1.0,<Residue THR het=  resseq=217 icode= >,4nhj_B_A,2.701
641,55.826,THR, ,CG2,81.05,7.29,0.0,0.73,1.0,<Residue THR het=  resseq=217 icode= >,4nhj_B_A,2.701
642,0.294,GLU, ,N,86.04,8.28,0.0,2.45,1.0,<Residue GLU het=  resseq=218 icode= >,4nhj_B_A,2.701
643,0.0,GLU, ,CA,87.63,9.07,0.0,1.86,1.0,<Residue GLU het=  resseq=218 icode= >,4nhj_B_A,2.701
644,0.398,GLU, ,C,92.73,9.21,0.0,1.36,1.0,<Residue GLU het=  resseq=218 icode= >,4nhj_B_A,2.701
645,16.891,GLU, ,O,95.2,10.27,0.0,0.67,1.0,<Residue GLU het=  resseq=218 icode= >,4nhj_B_A,2.701
646,24.158,GLU, ,CB,97.21,10.50,0.0,-0.02,1.0,<Residue GLU het=  resseq=218 icode= >,4nhj_B_A,2.701
647,30.639,GLU, ,CG,94.37,9.44,0.0,0.14,1.0,<Residue GLU het=  resseq=218 icode= >,4nhj_B_A,2.701
648,8.277,GLU, ,CD,99.58,8.88,0.0,0.52,1.0,<Residue GLU het=  resseq=218 icode= >,4nhj_B_A,2.701
649,32.482,GLU, ,OE1,96.93,9.74,0.0,-0.16,1.0,<Residue GLU het=  resseq=218 icode= >,4nhj_B_A,2.701
650,30.576,GLU, ,OE2,99.76,7.73,0.0,0.83,1.0,<Residue GLU het=  resseq=218 icode= >,4nhj_B_A,2.701
651,0.0,PRO, ,N,88.08,8.26,0.0,2.50,1.0,<Residue PRO het=  resseq=219 icode= >,4nhj_B_A,2.701
652,0.0,PRO, ,CA,81.69,8.52,0.0,2.42,1.0,<Residue PRO het=  resseq=219 icode= >,4nhj_B_A,2.701
653,0.35,PRO, ,C,80.84,9.75,0.0,2.34,1.0,<Residue PRO het=  resseq=219 icode= >,4nhj_B_A,2.701
654,8.943,PRO, ,O,83.74,9.98,0.0,1.15,1.0,<Residue PRO het=  resseq=219 icode= >,4nhj_B_A,2.701
655,0.0,PRO, ,CB,80.07,7.31,0.0,0.85,1.0,<Residue PRO het=  resseq=219 icode= >,4nhj_B_A,2.701
656,2.177,PRO, ,CG,79.51,6.16,0.0,1.31,1.0,<Residue PRO het=  resseq=219 icode= >,4nhj_B_A,2.701
657,12.346,PRO, ,CD,82.34,7.00,0.0,1.90,1.0,<Residue PRO het=  resseq=219 icode= >,4nhj_B_A,2.701
658,0.913,TYR, ,N,88.13,10.70,0.0,0.87,1.0,<Residue TYR het=  resseq=220 icode= >,4nhj_B_A,2.701
659,5.446,TYR, ,CA,90.32,11.92,0.0,0.64,1.0,<Residue TYR het=  resseq=220 icode= >,4nhj_B_A,2.701
660,0.0,TYR, ,C,86.07,11.94,0.0,1.73,1.0,<Residue TYR het=  resseq=220 icode= >,4nhj_B_A,2.701
661,0.508,TYR, ,O,84.72,12.55,0.0,0.70,1.0,<Residue TYR het=  resseq=220 icode= >,4nhj_B_A,2.701
662,27.448,TYR, ,CB,88.99,13.14,0.0,0.04,1.0,<Residue TYR het=  resseq=220 icode= >,4nhj_B_A,2.701
663,2.184,TYR, ,CG,86.59,14.31,0.0,1.30,1.0,<Residue TYR het=  resseq=220 icode= >,4nhj_B_A,2.701
664,20.751,TYR, ,CD1,86.74,15.12,0.0,0.79,1.0,<Residue TYR het=  resseq=220 icode= >,4nhj_B_A,2.701
665,13.837,TYR, ,CD2,93.96,14.73,0.0,0.35,1.0,<Residue TYR het=  resseq=220 icode= >,4nhj_B_A,2.701
666,18.264,TYR, ,CE1,90.78,16.24,0.0,0.97,1.0,<Residue TYR het=  resseq=220 icode= >,4nhj_B_A,2.701
667,15.095,TYR, ,CE2,90.75,15.88,0.0,0.41,1.0,<Residue TYR het=  resseq=220 icode= >,4nhj_B_A,2.701
668,4.484,TYR, ,CZ,86.15,16.59,0.0,2.06,1.0,<Residue TYR het=  resseq=220 icode= >,4nhj_B_A,2.701
669,19.427,TYR, ,OH,83.25,17.78,0.0,1.41,1.0,<Residue TYR het=  resseq=220 icode= >,4nhj_B_A,2.701
670,0.0,ARG, ,N,78.51,11.45,0.0,2.25,1.0,<Residue ARG het=  resseq=221 icode= >,4nhj_B_A,2.701
671,0.0,ARG, ,CA,77.23,11.76,0.0,1.79,1.0,<Residue ARG het=  resseq=221 icode= >,4nhj_B_A,2.701
672,0.0,ARG, ,C,72.94,10.81,0.0,2.55,1.0,<Residue ARG het=  resseq=221 icode= >,4nhj_B_A,2.701
673,0.0,ARG, ,O,70.26,11.32,0.0,1.47,1.0,<Residue ARG het=  resseq=221 icode= >,4nhj_B_A,2.701
674,0.0,ARG, ,CB,77.62,12.13,0.0,0.76,1.0,<Residue ARG het=  resseq=221 icode= >,4nhj_B_A,2.701
675,7.939,ARG, ,CG,80.29,13.42,0.0,0.56,1.0,<Residue ARG het=  resseq=221 icode= >,4nhj_B_A,2.701
676,0.317,ARG, ,CD,82.11,14.56,0.0,0.93,1.0,<Residue ARG het=  resseq=221 icode= >,4nhj_B_A,2.701
677,4.656,ARG, ,NE,81.36,15.86,0.0,1.51,1.0,<Residue ARG het=  resseq=221 icode= >,4nhj_B_A,2.701
678,0.0,ARG, ,CZ,81.27,17.00,0.0,2.17,1.0,<Residue ARG het=  resseq=221 icode= >,4nhj_B_A,2.701
679,5.028,ARG, ,NH1,84.67,18.12,0.0,1.08,1.0,<Residue ARG het=  resseq=221 icode= >,4nhj_B_A,2.701
680,0.0,ARG, ,NH2,79.07,16.93,0.0,1.45,1.0,<Residue ARG het=  resseq=221 icode= >,4nhj_B_A,2.701
681,0.0,ILE, ,N,73.65,9.55,0.0,1.83,1.0,<Residue ILE het=  resseq=222 icode= >,4nhj_B_A,2.701
682,0.0,ILE, ,CA,65.97,8.71,0.0,2.47,1.0,<Residue ILE het=  resseq=222 icode= >,4nhj_B_A,2.701
683,0.0,ILE, ,C,63.25,7.55,0.0,2.37,1.0,<Residue ILE het=  resseq=222 icode= >,4nhj_B_A,2.701
684,0.0,ILE, ,O,60.96,6.57,0.0,2.01,1.0,<Residue ILE het=  resseq=222 icode= >,4nhj_B_A,2.701
685,0.0,ILE, ,CB,65.39,8.38,0.0,2.37,1.0,<Residue ILE het=  resseq=222 icode= >,4nhj_B_A,2.701
686,0.0,ILE, ,CG1,57.4,9.75,0.0,0.72,1.0,<Residue ILE het=  resseq=222 icode= >,4nhj_B_A,2.701
687,0.0,ILE, ,CG2,58.19,7.80,0.0,0.87,1.0,<Residue ILE het=  resseq=222 icode= >,4nhj_B_A,2.701
688,0.008,ILE, ,CD1,63.85,9.87,0.0,-0.12,1.0,<Residue ILE het=  resseq=222 icode= >,4nhj_B_A,2.701
689,0.0,LYS, ,N,67.99,7.86,0.0,1.69,1.0,<Residue LYS het=  resseq=223 icode= >,4nhj_B_A,2.701
690,0.089,LYS, ,CA,65.38,7.20,0.0,2.28,1.0,<Residue LYS het=  resseq=223 icode= >,4nhj_B_A,2.701
691,0.0,LYS, ,C,61.98,6.36,0.0,2.70,1.0,<Residue LYS het=  resseq=223 icode= >,4nhj_B_A,2.701
692,0.0,LYS, ,O,57.83,6.77,0.0,1.81,1.0,<Residue LYS het=  resseq=223 icode= >,4nhj_B_A,2.701
693,5.071,LYS, ,CB,69.06,8.39,0.0,0.58,1.0,<Residue LYS het=  resseq=223 icode= >,4nhj_B_A,2.701
694,20.616,LYS, ,CG,70.78,9.19,0.0,0.34,1.0,<Residue LYS het=  resseq=223 icode= >,4nhj_B_A,2.701
695,0.0,LYS, ,CD,69.07,10.08,0.0,1.24,1.0,<Residue LYS het=  resseq=223 icode= >,4nhj_B_A,2.701
696,10.047,LYS, ,CE,75.31,11.17,0.0,1.29,1.0,<Residue LYS het=  resseq=223 icode= >,4nhj_B_A,2.701
697,31.473,LYS, ,NZ,75.01,12.20,0.0,0.87,1.0,<Residue LYS het=  resseq=223 icode= >,4nhj_B_A,2.701
698,2.847,THR, ,N,60.39,5.48,0.0,2.41,1.0,<Residue THR het=  resseq=224 icode= >,4nhj_B_A,2.701
699,0.0,THR, ,CA,57.3,5.08,0.0,3.38,1.0,<Residue THR het=  resseq=224 icode= >,4nhj_B_A,2.701
700,0.041,THR, ,C,60.7,6.23,0.0,3.11,1.0,<Residue THR het=  resseq=224 icode= >,4nhj_B_A,2.701
701,21.385,THR, ,O,62.62,6.76,0.0,1.23,1.0,<Residue THR het=  resseq=224 icode= >,4nhj_B_A,2.701
702,14.979,THR, ,CB,55.09,3.75,1.637,2.61,1.0,<Residue THR het=  resseq=224 icode= >,4nhj_B_A,2.701
703,4.418,THR, ,OG1,58.59,2.72,3.702,0.55,1.0,<Residue THR het=  resseq=224 icode= >,4nhj_B_A,2.701
704,25.147,THR, ,CG2,55.33,3.59,22.564,1.10,1.0,<Residue THR het=  resseq=224 icode= >,4nhj_B_A,2.701
705,0.0,VAL, ,N,59.94,5.85,0.0,2.80,1.0,<Residue VAL het=  resseq=225 icode= >,4nhj_B_A,2.701
706,2.423,VAL, ,CA,59.47,5.78,0.0,2.87,1.0,<Residue VAL het=  resseq=225 icode= >,4nhj_B_A,2.701
707,0.0,VAL, ,C,62.79,4.43,0.0,2.44,1.0,<Residue VAL het=  resseq=225 icode= >,4nhj_B_A,2.701
708,0.777,VAL, ,O,60.54,3.92,0.753,1.77,1.0,<Residue VAL het=  resseq=225 icode= >,4nhj_B_A,2.701
709,0.0,VAL, ,CB,64.45,6.70,0.0,1.21,1.0,<Residue VAL het=  resseq=225 icode= >,4nhj_B_A,2.701
710,26.27,VAL, ,CG1,64.28,7.23,0.0,-0.13,1.0,<Residue VAL het=  resseq=225 icode= >,4nhj_B_A,2.701
711,10.368,VAL, ,CG2,71.06,7.99,0.0,-0.21,1.0,<Residue VAL het=  resseq=225 icode= >,4nhj_B_A,2.701
712,3.887,ARG, ,N,65.97,4.26,0.0,2.47,1.0,<Residue ARG het=  resseq=226 icode= >,4nhj_B_A,2.701
713,4.674,ARG, ,CA,68.33,3.31,4.674,2.86,1.0,<Residue ARG het=  resseq=226 icode= >,4nhj_B_A,2.701
714,0.0,ARG, ,C,71.18,3.28,0.0,2.87,1.0,<Residue ARG het=  resseq=226 icode= >,4nhj_B_A,2.701
715,7.116,ARG, ,O,69.12,4.47,0.0,0.99,1.0,<Residue ARG het=  resseq=226 icode= >,4nhj_B_A,2.701
716,12.109,ARG, ,CB,70.14,4.26,0.216,0.68,1.0,<Residue ARG het=  resseq=226 icode= >,4nhj_B_A,2.701
717,17.669,ARG, ,CG,74.59,4.56,3.091,0.03,1.0,<Residue ARG het=  resseq=226 icode= >,4nhj_B_A,2.701
718,37.869,ARG, ,CD,75.16,4.44,15.641,0.60,1.0,<Residue ARG het=  resseq=226 icode= >,4nhj_B_A,2.701
719,13.588,ARG, ,NE,68.76,4.20,10.146,0.68,1.0,<Residue ARG het=  resseq=226 icode= >,4nhj_B_A,2.701
720,5.237,ARG, ,CZ,76.85,4.12,5.237,0.99,1.0,<Residue ARG het=  resseq=226 icode= >,4nhj_B_A,2.701
721,46.643,ARG, ,NH1,74.41,4.24,39.421,0.79,1.0,<Residue ARG het=  resseq=226 icode= >,4nhj_B_A,2.701
722,50.688,ARG, ,NH2,73.02,4.16,39.426,-0.49,1.0,<Residue ARG het=  resseq=226 icode= >,4nhj_B_A,2.701
723,5.546,ASN, ,N,66.48,2.36,5.546,2.68,1.0,<Residue ASN het=  resseq=227 icode= >,4nhj_B_A,2.701
724,9.722,ASN, ,CA,65.01,3.24,3.879,3.38,1.0,<Residue ASN het=  resseq=227 icode= >,4nhj_B_A,2.701
725,2.839,ASN, ,C,65.83,4.22,0.0,3.16,1.0,<Residue ASN het=  resseq=227 icode= >,4nhj_B_A,2.701
726,23.109,ASN, ,O,70.76,5.29,0.0,2.19,1.0,<Residue ASN het=  resseq=227 icode= >,4nhj_B_A,2.701
727,19.742,ASN, ,CB,70.14,4.35,0.0,1.02,1.0,<Residue ASN het=  resseq=227 icode= >,4nhj_B_A,2.701
728,5.19,ASN, ,CG,74.55,4.19,2.581,1.04,1.0,<Residue ASN het=  resseq=227 icode= >,4nhj_B_A,2.701
729,25.6,ASN, ,OD1,71.03,3.11,25.29,0.41,1.0,<Residue ASN het=  resseq=227 icode= >,4nhj_B_A,2.701
730,45.733,ASN, ,ND2,69.31,4.67,2.617,0.56,1.0,<Residue ASN het=  resseq=227 icode= >,4nhj_B_A,2.701
731,0.0,LYS, ,N,62.29,4.26,0.0,1.72,1.0,<Residue LYS het=  resseq=228 icode= >,4nhj_B_A,2.701
732,4.247,LYS, ,CA,62.12,5.54,0.0,1.58,1.0,<Residue LYS het=  resseq=228 icode= >,4nhj_B_A,2.701
733,0.525,LYS, ,C,67.15,5.67,0.0,1.86,1.0,<Residue LYS het=  resseq=228 icode= >,4nhj_B_A,2.701
734,5.752,LYS, ,O,63.74,6.46,0.0,1.41,1.0,<Residue LYS het=  resseq=228 icode= >,4nhj_B_A,2.701
735,3.472,LYS, ,CB,64.11,6.41,0.0,0.58,1.0,<Residue LYS het=  resseq=228 icode= >,4nhj_B_A,2.701
736,0.064,LYS, ,CG,69.53,6.67,0.0,0.23,1.0,<Residue LYS het=  resseq=228 icode= >,4nhj_B_A,2.701
737,21.598,LYS, ,CD,64.66,7.42,0.0,0.95,1.0,<Residue LYS het=  resseq=228 icode= >,4nhj_B_A,2.701
738,38.78,LYS, ,CE,70.36,8.04,0.0,1.03,1.0,<Residue LYS het=  resseq=228 icode= >,4nhj_B_A,2.701
739,37.984,LYS, ,NZ,71.52,8.85,0.0,0.77,1.0,<Residue LYS het=  resseq=228 icode= >,4nhj_B_A,2.701
740,0.0,GLY, ,N,64.54,5.26,0.0,1.66,1.0,<Residue GLY het=  resseq=229 icode= >,4nhj_B_A,2.701
741,0.0,GLY, ,CA,57.75,5.87,0.0,2.29,1.0,<Residue GLY het=  resseq=229 icode= >,4nhj_B_A,2.701
742,0.0,GLY, ,C,58.6,6.27,0.0,2.66,1.0,<Residue GLY het=  resseq=229 icode= >,4nhj_B_A,2.701
743,0.182,GLY, ,O,56.99,5.67,0.0,1.11,1.0,<Residue GLY het=  resseq=229 icode= >,4nhj_B_A,2.701
744,0.0,TYR, ,N,55.97,7.55,0.0,2.51,1.0,<Residue TYR het=  resseq=230 icode= >,4nhj_B_A,2.701
745,0.0,TYR, ,CA,52.51,8.13,0.0,2.96,1.0,<Residue TYR het=  resseq=230 icode= >,4nhj_B_A,2.701
746,0.0,TYR, ,C,58.59,9.41,0.0,3.84,1.0,<Residue TYR het=  resseq=230 icode= >,4nhj_B_A,2.701
747,0.0,TYR, ,O,58.02,10.11,0.0,2.78,1.0,<Residue TYR het=  resseq=230 icode= >,4nhj_B_A,2.701
748,0.07,TYR, ,CB,49.38,7.45,0.0,1.75,1.0,<Residue TYR het=  resseq=230 icode= >,4nhj_B_A,2.701
749,0.0,TYR, ,CG,48.13,6.03,0.0,2.95,1.0,<Residue TYR het=  resseq=230 icode= >,4nhj_B_A,2.701
750,0.0,TYR, ,CD1,52.45,5.00,0.0,2.11,1.0,<Residue TYR het=  resseq=230 icode= >,4nhj_B_A,2.701
751,0.0,TYR, ,CD2,46.85,5.98,0.0,2.82,1.0,<Residue TYR het=  resseq=230 icode= >,4nhj_B_A,2.701
752,1.054,TYR, ,CE1,51.8,3.65,1.054,1.95,1.0,<Residue TYR het=  resseq=230 icode= >,4nhj_B_A,2.701
753,0.0,TYR, ,CE2,52.27,4.92,0.0,1.93,1.0,<Residue TYR het=  resseq=230 icode= >,4nhj_B_A,2.701
754,0.0,TYR, ,CZ,51.77,3.61,0.0,2.79,1.0,<Residue TYR het=  resseq=230 icode= >,4nhj_B_A,2.701
755,9.249,TYR, ,OH,49.89,2.68,9.249,1.49,1.0,<Residue TYR het=  resseq=230 icode= >,4nhj_B_A,2.701
756,0.0,LEU, ,N,59.26,9.32,0.0,3.56,1.0,<Residue LEU het=  resseq=231 icode= >,4nhj_B_A,2.701
757,0.008,LEU, ,CA,61.25,10.58,0.0,2.95,1.0,<Residue LEU het=  resseq=231 icode= >,4nhj_B_A,2.701
758,0.0,LEU, ,C,65.93,10.77,0.0,2.50,1.0,<Residue LEU het=  resseq=231 icode= >,4nhj_B_A,2.701
759,0.0,LEU, ,O,68.31,10.01,0.0,1.08,1.0,<Residue LEU het=  resseq=231 icode= >,4nhj_B_A,2.701
760,0.0,LEU, ,CB,68.45,10.93,0.0,1.02,1.0,<Residue LEU het=  resseq=231 icode= >,4nhj_B_A,2.701
761,0.0,LEU, ,CG,72.95,12.30,0.0,1.01,1.0,<Residue LEU het=  resseq=231 icode= >,4nhj_B_A,2.701
762,20.516,LEU, ,CD1,69.75,12.51,0.0,0.14,1.0,<Residue LEU het=  resseq=231 icode= >,4nhj_B_A,2.701
763,13.605,LEU, ,CD2,69.4,12.34,0.0,0.43,1.0,<Residue LEU het=  resseq=231 icode= >,4nhj_B_A,2.701
764,0.36,PHE, ,N,66.57,11.93,0.0,2.36,1.0,<Residue PHE het=  resseq=232 icode= >,4nhj_B_A,2.701
765,0.0,PHE, ,CA,70.42,12.48,0.0,1.93,1.0,<Residue PHE het=  resseq=232 icode= >,4nhj_B_A,2.701
766,0.0,PHE, ,C,75.62,13.23,0.0,1.88,1.0,<Residue PHE het=  resseq=232 icode= >,4nhj_B_A,2.701
767,0.0,PHE, ,O,78.78,14.11,0.0,1.25,1.0,<Residue PHE het=  resseq=232 icode= >,4nhj_B_A,2.701
768,0.0,PHE, ,CB,68.02,13.53,0.0,1.68,1.0,<Residue PHE het=  resseq=232 icode= >,4nhj_B_A,2.701
769,0.0,PHE, ,CG,71.07,14.29,0.0,2.23,1.0,<Residue PHE het=  resseq=232 icode= >,4nhj_B_A,2.701
770,0.0,PHE, ,CD1,70.68,13.79,0.0,1.95,1.0,<Residue PHE het=  resseq=232 icode= >,4nhj_B_A,2.701
771,0.0,PHE, ,CD2,73.84,15.63,0.0,1.62,1.0,<Residue PHE het=  resseq=232 icode= >,4nhj_B_A,2.701
772,0.281,PHE, ,CE1,69.19,14.68,0.0,1.79,1.0,<Residue PHE het=  resseq=232 icode= >,4nhj_B_A,2.701
773,0.0,PHE, ,CE2,74.64,16.43,0.0,1.49,1.0,<Residue PHE het=  resseq=232 icode= >,4nhj_B_A,2.701
774,0.0,PHE, ,CZ,73.3,15.98,0.0,2.05,1.0,<Residue PHE het=  resseq=232 icode= >,4nhj_B_A,2.701
775,0.0,ALA, ,N,76.61,13.05,0.0,1.46,1.0,<Residue ALA het=  resseq=233 icode= >,4nhj_B_A,2.701
776,0.0,ALA, ,CA,80.76,13.88,0.0,2.19,1.0,<Residue ALA het=  resseq=233 icode= >,4nhj_B_A,2.701
777,0.0,ALA, ,C,84.35,15.12,0.0,2.93,1.0,<Residue ALA het=  resseq=233 icode= >,4nhj_B_A,2.701
778,0.0,ALA, ,O,84.78,15.12,0.0,1.33,1.0,<Residue ALA het=  resseq=233 icode= >,4nhj_B_A,2.701
779,2.039,ALA, ,CB,76.35,13.18,0.0,-0.01,1.0,<Residue ALA het=  resseq=233 icode= >,4nhj_B_A,2.701
780,0.0,PRO, ,N,89.36,16.29,0.0,2.66,1.0,<Residue PRO het=  resseq=234 icode= >,4nhj_B_A,2.701
781,0.0,PRO, ,CA,91.3,17.57,0.0,1.93,1.0,<Residue PRO het=  resseq=234 icode= >,4nhj_B_A,2.701
782,0.0,PRO, ,C,95.43,18.00,0.0,1.07,1.0,<Residue PRO het=  resseq=234 icode= >,4nhj_B_A,2.701
783,7.279,PRO, ,O,92.83,18.65,0.0,0.76,1.0,<Residue PRO het=  resseq=234 icode= >,4nhj_B_A,2.701
784,7.105,PRO, ,CB,92.38,18.58,0.0,1.08,1.0,<Residue PRO het=  resseq=234 icode= >,4nhj_B_A,2.701
785,16.579,PRO, ,CG,90.87,18.04,0.0,0.33,1.0,<Residue PRO het=  resseq=234 icode= >,4nhj_B_A,2.701
786,6.905,PRO, ,CD,85.49,16.54,0.0,1.29,1.0,<Residue PRO het=  resseq=234 icode= >,4nhj_B_A,2.701
787,0.0,HIS, ,N,95.05,17.76,0.0,0.84,1.0,<Residue HIS het=  resseq=235 icode= >,4nhj_B_A,2.701
788,1.634,HIS, ,CA,95.38,18.18,0.0,0.83,1.0,<Residue HIS het=  resseq=235 icode= >,4nhj_B_A,2.701
789,27.008,HIS, ,C,98.08,17.70,0.0,0.56,1.0,<Residue HIS het=  resseq=235 icode= >,4nhj_B_A,2.701
790,18.784,HIS, ,O,94.38,16.52,0.0,0.83,1.0,<Residue HIS het=  resseq=235 icode= >,4nhj_B_A,2.701
791,30.343,HIS, ,CB,92.35,19.71,0.0,1.14,1.0,<Residue HIS het=  resseq=235 icode= >,4nhj_B_A,2.701
792,2.635,HIS, ,CG,92.66,20.44,0.0,1.69,1.0,<Residue HIS het=  resseq=235 icode= >,4nhj_B_A,2.701
793,10.936,HIS, ,ND1,90.23,20.13,0.0,1.22,1.0,<Residue HIS het=  resseq=235 icode= >,4nhj_B_A,2.701
794,32.004,HIS, ,CD2,90.93,21.58,0.0,0.91,1.0,<Residue HIS het=  resseq=235 icode= >,4nhj_B_A,2.701
795,34.955,HIS, ,CE1,92.17,21.05,0.0,1.29,1.0,<Residue HIS het=  resseq=235 icode= >,4nhj_B_A,2.701
796,28.998,HIS, ,NE2,91.58,21.92,0.0,1.36,1.0,<Residue HIS het=  resseq=235 icode= >,4nhj_B_A,2.701
