,ASA,aa,altloc,atom,bfac,d2r,dASA,dens,occ,residue,id,resolu
0,31.295,GLN, ,N,151.55,14.67,2.567,0.50,1.0,<Residue GLN het=  resseq=6 icode= >,4omy_A_A,3.062
1,4.782,GLN, ,CA,158.17,15.28,0.0,1.70,1.0,<Residue GLN het=  resseq=6 icode= >,4omy_A_A,3.062
2,2.436,GLN, ,C,156.62,15.37,1.682,2.53,1.0,<Residue GLN het=  resseq=6 icode= >,4omy_A_A,3.062
3,18.523,GLN, ,O,156.05,15.47,12.311,0.71,1.0,<Residue GLN het=  resseq=6 icode= >,4omy_A_A,3.062
4,24.839,GLN, ,CB,165.62,16.68,0.0,1.11,1.0,<Residue GLN het=  resseq=6 icode= >,4omy_A_A,3.062
5,37.002,GLN, ,CG,178.24,16.88,0.0,1.02,1.0,<Residue GLN het=  resseq=6 icode= >,4omy_A_A,3.062
6,5.613,GLN, ,CD,175.84,15.71,0.0,1.11,1.0,<Residue GLN het=  resseq=6 icode= >,4omy_A_A,3.062
7,33.28,GLN, ,OE1,181.34,15.08,0.0,0.63,1.0,<Residue GLN het=  resseq=6 icode= >,4omy_A_A,3.062
8,50.407,GLN, ,NE2,168.1,15.47,0.0,0.93,1.0,<Residue GLN het=  resseq=6 icode= >,4omy_A_A,3.062
9,0.79,PRO, ,N,144.32,15.41,0.436,3.32,1.0,<Residue PRO het=  resseq=7 icode= >,4omy_A_A,3.062
10,12.162,PRO, ,CA,125.27,15.12,12.162,3.62,1.0,<Residue PRO het=  resseq=7 icode= >,4omy_A_A,3.062
11,0.003,PRO, ,C,124.9,15.30,0.0,3.27,1.0,<Residue PRO het=  resseq=7 icode= >,4omy_A_A,3.062
12,17.017,PRO, ,O,136.12,16.42,0.0,2.30,1.0,<Residue PRO het=  resseq=7 icode= >,4omy_A_A,3.062
13,33.143,PRO, ,CB,100.85,14.44,19.674,2.53,1.0,<Residue PRO het=  resseq=7 icode= >,4omy_A_A,3.062
14,39.626,PRO, ,CG,129.16,15.13,0.026,1.00,1.0,<Residue PRO het=  resseq=7 icode= >,4omy_A_A,3.062
15,28.725,PRO, ,CD,143.74,15.82,1.336,0.75,1.0,<Residue PRO het=  resseq=7 icode= >,4omy_A_A,3.062
16,3.673,LEU, ,N,106.22,14.30,3.554,2.25,1.0,<Residue LEU het=  resseq=8 icode= >,4omy_A_A,3.062
17,0.676,LEU, ,CA,117.26,14.57,0.0,2.22,1.0,<Residue LEU het=  resseq=8 icode= >,4omy_A_A,3.062
18,0.414,LEU, ,C,129.92,14.65,0.0,2.78,1.0,<Residue LEU het=  resseq=8 icode= >,4omy_A_A,3.062
19,8.642,LEU, ,O,136.1,13.92,0.0,2.03,1.0,<Residue LEU het=  resseq=8 icode= >,4omy_A_A,3.062
20,1.36,LEU, ,CB,118.93,13.64,1.36,0.40,1.0,<Residue LEU het=  resseq=8 icode= >,4omy_A_A,3.062
21,7.599,LEU, ,CG,113.57,13.96,7.599,0.40,1.0,<Residue LEU het=  resseq=8 icode= >,4omy_A_A,3.062
22,58.036,LEU, ,CD1,107.57,13.10,51.506,-1.28,1.0,<Residue LEU het=  resseq=8 icode= >,4omy_A_A,3.062
23,33.691,LEU, ,CD2,121.96,15.40,17.854,-0.58,1.0,<Residue LEU het=  resseq=8 icode= >,4omy_A_A,3.062
24,2.2,SER, ,N,135.1,15.69,0.0,2.65,1.0,<Residue SER het=  resseq=9 icode= >,4omy_A_A,3.062
25,5.017,SER, ,CA,153.71,16.10,0.0,2.34,1.0,<Residue SER het=  resseq=9 icode= >,4omy_A_A,3.062
26,0.0,SER, ,C,153.76,15.15,0.0,3.09,1.0,<Residue SER het=  resseq=9 icode= >,4omy_A_A,3.062
27,0.0,SER, ,O,138.6,14.63,0.0,1.37,1.0,<Residue SER het=  resseq=9 icode= >,4omy_A_A,3.062
28,26.771,SER, ,CB,169.82,17.52,0.0,0.74,1.0,<Residue SER het=  resseq=9 icode= >,4omy_A_A,3.062
29,0.309,SER, ,OG,165.01,17.61,0.0,0.86,1.0,<Residue SER het=  resseq=9 icode= >,4omy_A_A,3.062
30,0.0,PRO, ,N,165.06,15.07,0.0,3.56,1.0,<Residue PRO het=  resseq=10 icode= >,4omy_A_A,3.062
31,0.2,PRO, ,CA,157.11,14.40,0.0,3.39,1.0,<Residue PRO het=  resseq=10 icode= >,4omy_A_A,3.062
32,1.288,PRO, ,C,153.63,14.83,0.0,3.55,1.0,<Residue PRO het=  resseq=10 icode= >,4omy_A_A,3.062
33,2.648,PRO, ,O,161.94,14.11,0.0,2.17,1.0,<Residue PRO het=  resseq=10 icode= >,4omy_A_A,3.062
34,36.631,PRO, ,CB,147.84,15.00,0.0,2.34,1.0,<Residue PRO het=  resseq=10 icode= >,4omy_A_A,3.062
35,32.507,PRO, ,CG,152.81,16.17,0.0,1.21,1.0,<Residue PRO het=  resseq=10 icode= >,4omy_A_A,3.062
36,26.002,PRO, ,CD,162.93,15.82,0.0,1.85,1.0,<Residue PRO het=  resseq=10 icode= >,4omy_A_A,3.062
37,0.324,GLU, ,N,143.95,16.07,0.0,3.71,1.0,<Residue GLU het=  resseq=11 icode= >,4omy_A_A,3.062
38,3.908,GLU, ,CA,150.0,16.66,0.0,3.20,1.0,<Residue GLU het=  resseq=11 icode= >,4omy_A_A,3.062
39,0.0,GLU, ,C,166.11,15.95,0.0,2.43,1.0,<Residue GLU het=  resseq=11 icode= >,4omy_A_A,3.062
40,0.026,GLU, ,O,184.26,15.88,0.0,1.25,1.0,<Residue GLU het=  resseq=11 icode= >,4omy_A_A,3.062
41,22.34,GLU, ,CB,167.25,18.12,0.0,1.65,1.0,<Residue GLU het=  resseq=11 icode= >,4omy_A_A,3.062
42,13.337,GLU, ,CG,193.61,18.53,0.0,1.00,1.0,<Residue GLU het=  resseq=11 icode= >,4omy_A_A,3.062
43,6.626,GLU, ,CD,214.38,18.95,0.0,0.44,1.0,<Residue GLU het=  resseq=11 icode= >,4omy_A_A,3.062
44,13.163,GLU, ,OE1,221.96,18.40,0.0,0.53,1.0,<Residue GLU het=  resseq=11 icode= >,4omy_A_A,3.062
45,33.841,GLU, ,OE2,220.27,19.94,0.0,-0.57,1.0,<Residue GLU het=  resseq=11 icode= >,4omy_A_A,3.062
46,0.0,LYS, ,N,153.97,15.54,0.0,2.21,1.0,<Residue LYS het=  resseq=12 icode= >,4omy_A_A,3.062
47,0.0,LYS, ,CA,136.35,15.02,0.0,2.64,1.0,<Residue LYS het=  resseq=12 icode= >,4omy_A_A,3.062
48,1.935,LYS, ,C,135.4,13.54,1.935,2.96,1.0,<Residue LYS het=  resseq=12 icode= >,4omy_A_A,3.062
49,3.448,LYS, ,O,140.44,13.13,3.071,0.48,1.0,<Residue LYS het=  resseq=12 icode= >,4omy_A_A,3.062
50,12.291,LYS, ,CB,137.61,15.39,5.425,0.66,1.0,<Residue LYS het=  resseq=12 icode= >,4omy_A_A,3.062
51,0.174,LYS, ,CG,153.41,16.15,0.0,0.36,1.0,<Residue LYS het=  resseq=12 icode= >,4omy_A_A,3.062
52,23.985,LYS, ,CD,156.65,17.04,0.0,-0.31,1.0,<Residue LYS het=  resseq=12 icode= >,4omy_A_A,3.062
53,33.546,LYS, ,CE,168.75,18.09,0.0,-0.27,1.0,<Residue LYS het=  resseq=12 icode= >,4omy_A_A,3.062
54,26.172,LYS, ,NZ,180.0,18.87,0.0,-0.61,1.0,<Residue LYS het=  resseq=12 icode= >,4omy_A_A,3.062
55,0.069,HIS, ,N,139.36,12.90,0.069,3.28,1.0,<Residue HIS het=  resseq=13 icode= >,4omy_A_A,3.062
56,0.331,HIS, ,CA,144.35,11.63,0.331,3.39,1.0,<Residue HIS het=  resseq=13 icode= >,4omy_A_A,3.062
57,0.228,HIS, ,C,141.5,11.83,0.0,3.34,1.0,<Residue HIS het=  resseq=13 icode= >,4omy_A_A,3.062
58,2.666,HIS, ,O,135.6,11.11,1.963,1.20,1.0,<Residue HIS het=  resseq=13 icode= >,4omy_A_A,3.062
59,15.79,HIS, ,CB,151.23,11.13,0.0,2.08,1.0,<Residue HIS het=  resseq=13 icode= >,4omy_A_A,3.062
60,2.406,HIS, ,CG,144.85,10.40,0.0,1.90,1.0,<Residue HIS het=  resseq=13 icode= >,4omy_A_A,3.062
61,20.071,HIS, ,ND1,135.74,9.30,16.403,0.83,1.0,<Residue HIS het=  resseq=13 icode= >,4omy_A_A,3.062
62,13.144,HIS, ,CD2,152.42,10.77,0.0,1.22,1.0,<Residue HIS het=  resseq=13 icode= >,4omy_A_A,3.062
63,37.718,HIS, ,CE1,142.7,9.05,35.611,0.35,1.0,<Residue HIS het=  resseq=13 icode= >,4omy_A_A,3.062
64,21.091,HIS, ,NE2,149.31,9.98,8.473,0.79,1.0,<Residue HIS het=  resseq=13 icode= >,4omy_A_A,3.062
65,0.383,GLU, ,N,148.0,12.91,0.0,3.54,1.0,<Residue GLU het=  resseq=14 icode= >,4omy_A_A,3.062
66,0.37,GLU, ,CA,157.7,13.19,0.0,3.60,1.0,<Residue GLU het=  resseq=14 icode= >,4omy_A_A,3.062
67,0.0,GLU, ,C,156.23,14.01,0.0,3.26,1.0,<Residue GLU het=  resseq=14 icode= >,4omy_A_A,3.062
68,0.0,GLU, ,O,172.11,14.13,0.0,1.83,1.0,<Residue GLU het=  resseq=14 icode= >,4omy_A_A,3.062
69,28.086,GLU, ,CB,172.39,14.06,0.0,2.37,1.0,<Residue GLU het=  resseq=14 icode= >,4omy_A_A,3.062
70,15.866,GLU, ,CG,191.68,15.48,0.0,1.54,1.0,<Residue GLU het=  resseq=14 icode= >,4omy_A_A,3.062
71,7.716,GLU, ,CD,206.58,16.17,0.0,0.55,1.0,<Residue GLU het=  resseq=14 icode= >,4omy_A_A,3.062
72,1.554,GLU, ,OE1,209.88,15.57,0.0,0.72,1.0,<Residue GLU het=  resseq=14 icode= >,4omy_A_A,3.062
73,29.746,GLU, ,OE2,212.27,17.38,0.0,-0.01,1.0,<Residue GLU het=  resseq=14 icode= >,4omy_A_A,3.062
74,0.0,GLU, ,N,130.16,14.79,0.0,3.38,1.0,<Residue GLU het=  resseq=15 icode= >,4omy_A_A,3.062
75,0.703,GLU, ,CA,120.04,15.50,0.036,2.98,1.0,<Residue GLU het=  resseq=15 icode= >,4omy_A_A,3.062
76,1.205,GLU, ,C,120.48,14.34,0.0,3.53,1.0,<Residue GLU het=  resseq=15 icode= >,4omy_A_A,3.062
77,3.002,GLU, ,O,124.56,14.06,1.407,2.01,1.0,<Residue GLU het=  resseq=15 icode= >,4omy_A_A,3.062
78,23.766,GLU, ,CB,118.75,16.59,6.256,1.66,1.0,<Residue GLU het=  resseq=15 icode= >,4omy_A_A,3.062
79,5.085,GLU, ,CG,141.79,16.51,0.0,1.32,1.0,<Residue GLU het=  resseq=15 icode= >,4omy_A_A,3.062
80,7.485,GLU, ,CD,152.43,17.92,0.0,1.08,1.0,<Residue GLU het=  resseq=15 icode= >,4omy_A_A,3.062
81,39.309,GLU, ,OE1,154.58,18.57,1.618,0.24,1.0,<Residue GLU het=  resseq=15 icode= >,4omy_A_A,3.062
82,22.807,GLU, ,OE2,146.02,18.44,0.0,1.08,1.0,<Residue GLU het=  resseq=15 icode= >,4omy_A_A,3.062
83,0.43,ALA, ,N,107.16,13.47,0.0,3.33,1.0,<Residue ALA het=  resseq=16 icode= >,4omy_A_A,3.062
84,7.596,ALA, ,CA,110.32,12.39,2.839,2.42,1.0,<Residue ALA het=  resseq=16 icode= >,4omy_A_A,3.062
85,1.056,ALA, ,C,116.58,11.38,1.056,3.13,1.0,<Residue ALA het=  resseq=16 icode= >,4omy_A_A,3.062
86,1.871,ALA, ,O,129.28,10.64,1.871,1.18,1.0,<Residue ALA het=  resseq=16 icode= >,4omy_A_A,3.062
87,46.135,ALA, ,CB,110.25,11.57,43.279,0.07,1.0,<Residue ALA het=  resseq=16 icode= >,4omy_A_A,3.062
88,0.316,GLU, ,N,112.89,11.53,0.316,3.77,1.0,<Residue GLU het=  resseq=17 icode= >,4omy_A_A,3.062
89,2.127,GLU, ,CA,106.71,10.86,2.127,4.03,1.0,<Residue GLU het=  resseq=17 icode= >,4omy_A_A,3.062
90,1.103,GLU, ,C,110.08,11.20,0.0,4.29,1.0,<Residue GLU het=  resseq=17 icode= >,4omy_A_A,3.062
91,2.514,GLU, ,O,118.7,10.43,0.0,1.68,1.0,<Residue GLU het=  resseq=17 icode= >,4omy_A_A,3.062
92,6.341,GLU, ,CB,125.96,11.46,0.0,2.04,1.0,<Residue GLU het=  resseq=17 icode= >,4omy_A_A,3.062
93,24.626,GLU, ,CG,158.05,10.19,3.273,0.71,1.0,<Residue GLU het=  resseq=17 icode= >,4omy_A_A,3.062
94,11.801,GLU, ,CD,180.94,9.49,3.031,0.49,1.0,<Residue GLU het=  resseq=17 icode= >,4omy_A_A,3.062
95,29.777,GLU, ,OE1,189.1,9.57,0.621,0.79,1.0,<Residue GLU het=  resseq=17 icode= >,4omy_A_A,3.062
96,42.113,GLU, ,OE2,184.59,8.27,16.418,-0.44,1.0,<Residue GLU het=  resseq=17 icode= >,4omy_A_A,3.062
97,0.0,ILE, ,N,107.16,12.49,0.0,4.55,1.0,<Residue ILE het=  resseq=18 icode= >,4omy_A_A,3.062
98,5.973,ILE, ,CA,109.11,12.78,0.0,3.55,1.0,<Residue ILE het=  resseq=18 icode= >,4omy_A_A,3.062
99,0.0,ILE, ,C,102.04,12.60,0.0,3.22,1.0,<Residue ILE het=  resseq=18 icode= >,4omy_A_A,3.062
100,1.143,ILE, ,O,101.12,11.94,0.0,1.94,1.0,<Residue ILE het=  resseq=18 icode= >,4omy_A_A,3.062
101,0.632,ILE, ,CB,115.42,14.15,0.326,2.51,1.0,<Residue ILE het=  resseq=18 icode= >,4omy_A_A,3.062
102,19.613,ILE, ,CG1,123.73,14.39,0.0,1.22,1.0,<Residue ILE het=  resseq=18 icode= >,4omy_A_A,3.062
103,50.925,ILE, ,CG2,117.05,14.42,22.914,0.30,1.0,<Residue ILE het=  resseq=18 icode= >,4omy_A_A,3.062
104,38.032,ILE, ,CD1,129.88,15.84,0.0,-0.17,1.0,<Residue ILE het=  resseq=18 icode= >,4omy_A_A,3.062
105,0.443,ALA, ,N,98.76,12.98,0.443,2.81,1.0,<Residue ALA het=  resseq=19 icode= >,4omy_A_A,3.062
106,5.816,ALA, ,CA,100.44,12.82,5.816,2.30,1.0,<Residue ALA het=  resseq=19 icode= >,4omy_A_A,3.062
107,0.006,ALA, ,C,99.82,11.48,0.006,3.26,1.0,<Residue ALA het=  resseq=19 icode= >,4omy_A_A,3.062
108,0.0,ALA, ,O,85.69,11.53,0.0,1.28,1.0,<Residue ALA het=  resseq=19 icode= >,4omy_A_A,3.062
109,45.563,ALA, ,CB,88.02,13.13,37.933,-0.02,1.0,<Residue ALA het=  resseq=19 icode= >,4omy_A_A,3.062
110,0.134,ALA, ,N,86.65,10.42,0.134,3.34,1.0,<Residue ALA het=  resseq=20 icode= >,4omy_A_A,3.062
111,3.611,ALA, ,CA,87.03,9.09,3.611,3.61,1.0,<Residue ALA het=  resseq=20 icode= >,4omy_A_A,3.062
112,0.923,ALA, ,C,86.56,9.03,0.0,4.25,1.0,<Residue ALA het=  resseq=20 icode= >,4omy_A_A,3.062
113,0.564,ALA, ,O,87.09,8.38,0.564,1.82,1.0,<Residue ALA het=  resseq=20 icode= >,4omy_A_A,3.062
114,46.266,ALA, ,CB,92.74,8.08,43.901,1.29,1.0,<Residue ALA het=  resseq=20 icode= >,4omy_A_A,3.062
115,0.658,GLY, ,N,93.09,9.11,0.0,3.31,1.0,<Residue GLY het=  resseq=21 icode= >,4omy_A_A,3.062
116,22.557,GLY, ,CA,117.48,8.20,0.0,1.79,1.0,<Residue GLY het=  resseq=21 icode= >,4omy_A_A,3.062
117,0.0,GLY, ,C,106.96,8.52,0.0,2.24,1.0,<Residue GLY het=  resseq=21 icode= >,4omy_A_A,3.062
118,2.689,GLY, ,O,98.92,7.77,0.0,1.05,1.0,<Residue GLY het=  resseq=21 icode= >,4omy_A_A,3.062
119,0.0,PHE, ,N,108.71,9.83,0.0,2.37,1.0,<Residue PHE het=  resseq=22 icode= >,4omy_A_A,3.062
120,0.0,PHE, ,CA,103.36,10.54,0.0,3.29,1.0,<Residue PHE het=  resseq=22 icode= >,4omy_A_A,3.062
121,0.0,PHE, ,C,84.05,10.25,0.0,4.13,1.0,<Residue PHE het=  resseq=22 icode= >,4omy_A_A,3.062
122,0.0,PHE, ,O,92.89,10.15,0.0,2.07,1.0,<Residue PHE het=  resseq=22 icode= >,4omy_A_A,3.062
123,8.21,PHE, ,CB,112.15,12.02,6.142,1.46,1.0,<Residue PHE het=  resseq=22 icode= >,4omy_A_A,3.062
124,2.101,PHE, ,CG,105.28,12.94,2.101,2.39,1.0,<Residue PHE het=  resseq=22 icode= >,4omy_A_A,3.062
125,5.52,PHE, ,CD1,103.93,13.18,0.587,1.33,1.0,<Residue PHE het=  resseq=22 icode= >,4omy_A_A,3.062
126,10.397,PHE, ,CD2,96.63,13.72,10.397,1.17,1.0,<Residue PHE het=  resseq=22 icode= >,4omy_A_A,3.062
127,0.003,PHE, ,CE1,98.54,14.15,0.0,0.97,1.0,<Residue PHE het=  resseq=22 icode= >,4omy_A_A,3.062
128,8.215,PHE, ,CE2,81.77,14.65,8.215,0.66,1.0,<Residue PHE het=  resseq=22 icode= >,4omy_A_A,3.062
129,0.0,PHE, ,CZ,90.41,14.85,0.0,0.94,1.0,<Residue PHE het=  resseq=22 icode= >,4omy_A_A,3.062
130,0.0,LEU, ,N,87.31,10.38,0.0,3.15,1.0,<Residue LEU het=  resseq=23 icode= >,4omy_A_A,3.062
131,0.0,LEU, ,CA,88.24,10.45,0.0,3.60,1.0,<Residue LEU het=  resseq=23 icode= >,4omy_A_A,3.062
132,0.0,LEU, ,C,88.87,9.20,0.0,4.04,1.0,<Residue LEU het=  resseq=23 icode= >,4omy_A_A,3.062
133,0.14,LEU, ,O,83.66,9.04,0.14,2.34,1.0,<Residue LEU het=  resseq=23 icode= >,4omy_A_A,3.062
134,9.84,LEU, ,CB,74.52,10.44,9.84,1.72,1.0,<Residue LEU het=  resseq=23 icode= >,4omy_A_A,3.062
135,1.594,LEU, ,CG,89.66,11.62,1.594,0.44,1.0,<Residue LEU het=  resseq=23 icode= >,4omy_A_A,3.062
136,58.061,LEU, ,CD1,103.86,11.31,50.684,-1.54,1.0,<Residue LEU het=  resseq=23 icode= >,4omy_A_A,3.062
137,14.841,LEU, ,CD2,97.76,12.73,14.841,-1.12,1.0,<Residue LEU het=  resseq=23 icode= >,4omy_A_A,3.062
138,0.816,SER, ,N,85.6,8.08,0.816,3.27,1.0,<Residue SER het=  resseq=24 icode= >,4omy_A_A,3.062
139,2.841,SER, ,CA,87.34,6.80,1.42,3.31,1.0,<Residue SER het=  resseq=24 icode= >,4omy_A_A,3.062
140,1.547,SER, ,C,84.51,6.71,0.0,3.57,1.0,<Residue SER het=  resseq=24 icode= >,4omy_A_A,3.062
141,3.365,SER, ,O,94.52,5.95,0.0,1.50,1.0,<Residue SER het=  resseq=24 icode= >,4omy_A_A,3.062
142,27.538,SER, ,CB,101.58,5.70,3.551,0.82,1.0,<Residue SER het=  resseq=24 icode= >,4omy_A_A,3.062
143,32.755,SER, ,OG,89.21,6.03,17.726,0.46,1.0,<Residue SER het=  resseq=24 icode= >,4omy_A_A,3.062
144,0.711,ALA, ,N,106.52,7.24,0.0,2.92,1.0,<Residue ALA het=  resseq=25 icode= >,4omy_A_A,3.062
145,2.801,ALA, ,CA,94.21,7.52,0.0,1.63,1.0,<Residue ALA het=  resseq=25 icode= >,4omy_A_A,3.062
146,0.0,ALA, ,C,81.75,7.45,0.0,2.29,1.0,<Residue ALA het=  resseq=25 icode= >,4omy_A_A,3.062
147,0.0,ALA, ,O,82.27,6.75,0.0,1.34,1.0,<Residue ALA het=  resseq=25 icode= >,4omy_A_A,3.062
148,0.806,ALA, ,CB,91.96,8.59,0.0,-0.83,1.0,<Residue ALA het=  resseq=25 icode= >,4omy_A_A,3.062
149,0.0,MET, ,N,100.16,8.39,0.0,2.01,1.0,<Residue MET het=  resseq=26 icode= >,4omy_A_A,3.062
150,0.0,MET, ,CA,96.73,8.56,0.0,1.71,1.0,<Residue MET het=  resseq=26 icode= >,4omy_A_A,3.062
151,0.314,MET, ,C,99.08,8.07,0.314,2.34,1.0,<Residue MET het=  resseq=26 icode= >,4omy_A_A,3.062
152,1.353,MET, ,O,85.3,8.39,1.353,0.56,1.0,<Residue MET het=  resseq=26 icode= >,4omy_A_A,3.062
153,0.0,MET, ,CB,92.82,10.05,0.0,1.61,1.0,<Residue MET het=  resseq=26 icode= >,4omy_A_A,3.062
154,3.183,MET, ,CG,96.9,11.09,3.183,2.46,1.0,<Residue MET het=  resseq=26 icode= >,4omy_A_A,3.062
155,0.0,MET, ,S,119.18,12.86,0.0,5.34,1.0,<Residue MET het=  resseq=26 icode= >,4omy_A_A,3.062
156,0.0,MET, ,CE,149.69,12.48,0.0,0.18,1.0,<Residue MET het=  resseq=26 icode= >,4omy_A_A,3.062
157,0.0,ALA, ,N,86.35,7.30,0.0,2.08,1.0,<Residue ALA het=  resseq=27 icode= >,4omy_A_A,3.062
158,9.141,ALA, ,CA,92.49,6.89,9.141,2.74,1.0,<Residue ALA het=  resseq=27 icode= >,4omy_A_A,3.062
159,4.738,ALA, ,C,84.38,5.55,4.738,3.24,1.0,<Residue ALA het=  resseq=27 icode= >,4omy_A_A,3.062
160,23.855,ALA, ,O,84.55,4.77,14.475,1.78,1.0,<Residue ALA het=  resseq=27 icode= >,4omy_A_A,3.062
161,38.106,ALA, ,CB,113.89,7.21,35.445,0.21,1.0,<Residue ALA het=  resseq=27 icode= >,4omy_A_A,3.062
162,0.929,ASN, ,N,76.18,5.59,0.929,3.37,1.0,<Residue ASN het=  resseq=28 icode= >,4omy_A_A,3.062
163,1.733,ASN, ,CA,78.6,4.75,1.083,3.65,1.0,<Residue ASN het=  resseq=28 icode= >,4omy_A_A,3.062
164,0.161,ASN, ,C,87.24,5.86,0.161,3.28,1.0,<Residue ASN het=  resseq=28 icode= >,4omy_A_A,3.062
165,0.0,ASN, ,O,100.98,6.72,0.0,2.30,1.0,<Residue ASN het=  resseq=28 icode= >,4omy_A_A,3.062
166,3.882,ASN, ,CB,59.25,3.69,3.763,1.81,1.0,<Residue ASN het=  resseq=28 icode= >,4omy_A_A,3.062
167,0.0,ASN, ,CG,63.75,3.68,0.0,2.45,1.0,<Residue ASN het=  resseq=28 icode= >,4omy_A_A,3.062
168,0.0,ASN, ,OD1,84.67,4.82,0.0,1.31,1.0,<Residue ASN het=  resseq=28 icode= >,4omy_A_A,3.062
169,29.827,ASN, ,ND2,76.1,2.86,23.352,0.53,1.0,<Residue ASN het=  resseq=28 icode= >,4omy_A_A,3.062
170,0.694,PRO, ,N,80.96,6.16,0.694,3.04,1.0,<Residue PRO het=  resseq=29 icode= >,4omy_A_A,3.062
171,6.023,PRO, ,CA,86.61,7.48,6.023,2.70,1.0,<Residue PRO het=  resseq=29 icode= >,4omy_A_A,3.062
172,0.0,PRO, ,C,90.77,7.60,0.0,2.70,1.0,<Residue PRO het=  resseq=29 icode= >,4omy_A_A,3.062
173,0.713,PRO, ,O,105.42,8.57,0.713,0.76,1.0,<Residue PRO het=  resseq=29 icode= >,4omy_A_A,3.062
174,29.197,PRO, ,CB,82.01,7.68,29.197,1.39,1.0,<Residue PRO het=  resseq=29 icode= >,4omy_A_A,3.062
175,28.54,PRO, ,CG,79.73,6.45,14.981,1.17,1.0,<Residue PRO het=  resseq=29 icode= >,4omy_A_A,3.062
176,24.219,PRO, ,CD,74.07,5.55,10.882,1.39,1.0,<Residue PRO het=  resseq=29 icode= >,4omy_A_A,3.062
177,0.0,LYS, ,N,77.63,6.33,0.0,2.53,1.0,<Residue LYS het=  resseq=30 icode= >,4omy_A_A,3.062
178,0.0,LYS, ,CA,80.02,6.25,0.0,3.11,1.0,<Residue LYS het=  resseq=30 icode= >,4omy_A_A,3.062
179,0.0,LYS, ,C,87.86,7.22,0.0,3.70,1.0,<Residue LYS het=  resseq=30 icode= >,4omy_A_A,3.062
180,0.0,LYS, ,O,98.25,8.13,0.0,1.06,1.0,<Residue LYS het=  resseq=30 icode= >,4omy_A_A,3.062
181,0.0,LYS, ,CB,60.46,4.92,0.0,1.24,1.0,<Residue LYS het=  resseq=30 icode= >,4omy_A_A,3.062
182,9.948,LYS, ,CG,93.86,4.07,7.505,0.93,1.0,<Residue LYS het=  resseq=30 icode= >,4omy_A_A,3.062
183,0.0,LYS, ,CD,81.74,4.98,0.0,0.87,1.0,<Residue LYS het=  resseq=30 icode= >,4omy_A_A,3.062
184,33.916,LYS, ,CE,99.69,5.12,10.47,0.80,1.0,<Residue LYS het=  resseq=30 icode= >,4omy_A_A,3.062
185,28.003,LYS, ,NZ,103.36,5.78,21.054,0.40,1.0,<Residue LYS het=  resseq=30 icode= >,4omy_A_A,3.062
186,0.0,ARG, ,N,81.42,7.35,0.0,4.10,1.0,<Residue ARG het=  resseq=31 icode= >,4omy_A_A,3.062
187,0.0,ARG, ,CA,83.43,7.85,0.0,2.45,1.0,<Residue ARG het=  resseq=31 icode= >,4omy_A_A,3.062
188,0.0,ARG, ,C,87.06,9.09,0.0,3.67,1.0,<Residue ARG het=  resseq=31 icode= >,4omy_A_A,3.062
189,0.0,ARG, ,O,86.64,9.88,0.0,1.38,1.0,<Residue ARG het=  resseq=31 icode= >,4omy_A_A,3.062
190,0.0,ARG, ,CB,82.0,6.66,0.0,-0.60,1.0,<Residue ARG het=  resseq=31 icode= >,4omy_A_A,3.062
191,0.0,ARG, ,CG,75.38,6.64,0.0,-0.65,1.0,<Residue ARG het=  resseq=31 icode= >,4omy_A_A,3.062
192,0.0,ARG, ,CD,68.31,5.35,0.0,0.91,1.0,<Residue ARG het=  resseq=31 icode= >,4omy_A_A,3.062
193,0.0,ARG, ,NE,78.34,4.66,0.0,2.08,1.0,<Residue ARG het=  resseq=31 icode= >,4omy_A_A,3.062
194,0.0,ARG, ,CZ,80.0,3.39,0.0,1.48,1.0,<Residue ARG het=  resseq=31 icode= >,4omy_A_A,3.062
195,10.707,ARG, ,NH1,69.67,2.54,9.694,0.02,1.0,<Residue ARG het=  resseq=31 icode= >,4omy_A_A,3.062
196,11.986,ARG, ,NH2,90.14,3.42,6.311,0.01,1.0,<Residue ARG het=  resseq=31 icode= >,4omy_A_A,3.062
197,0.0,LEU, ,N,88.66,9.11,0.0,3.98,1.0,<Residue LEU het=  resseq=32 icode= >,4omy_A_A,3.062
198,0.0,LEU, ,CA,83.08,10.37,0.0,3.04,1.0,<Residue LEU het=  resseq=32 icode= >,4omy_A_A,3.062
199,1.263,LEU, ,C,90.53,11.49,0.0,3.02,1.0,<Residue LEU het=  resseq=32 icode= >,4omy_A_A,3.062
200,1.167,LEU, ,O,92.94,12.64,0.0,1.86,1.0,<Residue LEU het=  resseq=32 icode= >,4omy_A_A,3.062
201,8.831,LEU, ,CB,82.31,10.34,3.596,1.80,1.0,<Residue LEU het=  resseq=32 icode= >,4omy_A_A,3.062
202,0.0,LEU, ,CG,82.19,9.97,0.0,0.96,1.0,<Residue LEU het=  resseq=32 icode= >,4omy_A_A,3.062
203,40.283,LEU, ,CD1,93.09,10.29,37.381,-0.36,1.0,<Residue LEU het=  resseq=32 icode= >,4omy_A_A,3.062
204,2.966,LEU, ,CD2,80.63,10.95,1.388,-0.69,1.0,<Residue LEU het=  resseq=32 icode= >,4omy_A_A,3.062
205,0.0,LEU, ,N,90.91,10.74,0.0,2.82,1.0,<Residue LEU het=  resseq=33 icode= >,4omy_A_A,3.062
206,0.455,LEU, ,CA,91.99,11.19,0.0,3.93,1.0,<Residue LEU het=  resseq=33 icode= >,4omy_A_A,3.062
207,0.0,LEU, ,C,90.14,11.66,0.0,4.01,1.0,<Residue LEU het=  resseq=33 icode= >,4omy_A_A,3.062
208,1.32,LEU, ,O,88.62,12.81,0.845,2.17,1.0,<Residue LEU het=  resseq=33 icode= >,4omy_A_A,3.062
209,2.443,LEU, ,CB,86.89,10.25,2.443,2.46,1.0,<Residue LEU het=  resseq=33 icode= >,4omy_A_A,3.062
210,1.803,LEU, ,CG,82.85,10.13,1.803,1.32,1.0,<Residue LEU het=  resseq=33 icode= >,4omy_A_A,3.062
211,25.6,LEU, ,CD1,89.18,9.22,25.6,-0.21,1.0,<Residue LEU het=  resseq=33 icode= >,4omy_A_A,3.062
212,59.177,LEU, ,CD2,87.93,11.54,48.14,-0.77,1.0,<Residue LEU het=  resseq=33 icode= >,4omy_A_A,3.062
213,0.0,ILE, ,N,75.18,10.88,0.0,3.53,1.0,<Residue ILE het=  resseq=34 icode= >,4omy_A_A,3.062
214,0.0,ILE, ,CA,91.73,11.42,0.0,2.94,1.0,<Residue ILE het=  resseq=34 icode= >,4omy_A_A,3.062
215,0.0,ILE, ,C,92.41,12.69,0.0,3.45,1.0,<Residue ILE het=  resseq=34 icode= >,4omy_A_A,3.062
216,0.0,ILE, ,O,95.58,13.06,0.0,1.47,1.0,<Residue ILE het=  resseq=34 icode= >,4omy_A_A,3.062
217,0.0,ILE, ,CB,84.07,10.26,0.0,2.28,1.0,<Residue ILE het=  resseq=34 icode= >,4omy_A_A,3.062
218,0.0,ILE, ,CG1,80.0,9.21,0.0,0.86,1.0,<Residue ILE het=  resseq=34 icode= >,4omy_A_A,3.062
219,0.0,ILE, ,CG2,79.03,10.45,0.0,-0.52,1.0,<Residue ILE het=  resseq=34 icode= >,4omy_A_A,3.062
220,0.0,ILE, ,CD1,89.37,7.93,0.0,-0.84,1.0,<Residue ILE het=  resseq=34 icode= >,4omy_A_A,3.062
221,0.0,LEU, ,N,80.25,12.64,0.0,3.34,1.0,<Residue LEU het=  resseq=35 icode= >,4omy_A_A,3.062
222,0.0,LEU, ,CA,80.62,13.43,0.0,2.67,1.0,<Residue LEU het=  resseq=35 icode= >,4omy_A_A,3.062
223,0.0,LEU, ,C,98.43,14.79,0.0,2.12,1.0,<Residue LEU het=  resseq=35 icode= >,4omy_A_A,3.062
224,0.0,LEU, ,O,102.11,15.44,0.0,1.17,1.0,<Residue LEU het=  resseq=35 icode= >,4omy_A_A,3.062
225,0.0,LEU, ,CB,75.75,12.85,0.0,1.29,1.0,<Residue LEU het=  resseq=35 icode= >,4omy_A_A,3.062
226,0.0,LEU, ,CG,83.47,11.97,0.0,0.57,1.0,<Residue LEU het=  resseq=35 icode= >,4omy_A_A,3.062
227,0.0,LEU, ,CD1,86.16,11.40,0.0,-0.72,1.0,<Residue LEU het=  resseq=35 icode= >,4omy_A_A,3.062
228,0.0,LEU, ,CD2,96.97,12.90,0.0,-1.20,1.0,<Residue LEU het=  resseq=35 icode= >,4omy_A_A,3.062
229,0.0,ASP, ,N,101.21,14.92,0.0,2.21,1.0,<Residue ASP het=  resseq=36 icode= >,4omy_A_A,3.062
230,0.593,ASP, ,CA,107.16,16.02,0.0,2.61,1.0,<Residue ASP het=  resseq=36 icode= >,4omy_A_A,3.062
231,0.0,ASP, ,C,115.74,16.54,0.0,3.27,1.0,<Residue ASP het=  resseq=36 icode= >,4omy_A_A,3.062
232,1.739,ASP, ,O,145.32,17.19,0.0,1.53,1.0,<Residue ASP het=  resseq=36 icode= >,4omy_A_A,3.062
233,9.244,ASP, ,CB,121.14,15.66,0.0,1.68,1.0,<Residue ASP het=  resseq=36 icode= >,4omy_A_A,3.062
234,10.341,ASP, ,CG,155.24,16.76,0.0,0.97,1.0,<Residue ASP het=  resseq=36 icode= >,4omy_A_A,3.062
235,38.551,ASP, ,OD1,154.79,17.62,0.0,0.61,1.0,<Residue ASP het=  resseq=36 icode= >,4omy_A_A,3.062
236,24.083,ASP, ,OD2,172.91,16.85,0.0,0.29,1.0,<Residue ASP het=  resseq=36 icode= >,4omy_A_A,3.062
237,0.0,SER, ,N,100.08,15.69,0.0,3.90,1.0,<Residue SER het=  resseq=37 icode= >,4omy_A_A,3.062
238,4.355,SER, ,CA,99.51,15.29,0.0,4.04,1.0,<Residue SER het=  resseq=37 icode= >,4omy_A_A,3.062
239,0.0,SER, ,C,103.08,14.54,0.0,4.15,1.0,<Residue SER het=  resseq=37 icode= >,4omy_A_A,3.062
240,0.007,SER, ,O,111.28,14.63,0.0,2.91,1.0,<Residue SER het=  resseq=37 icode= >,4omy_A_A,3.062
241,0.0,SER, ,CB,111.73,14.40,0.0,1.76,1.0,<Residue SER het=  resseq=37 icode= >,4omy_A_A,3.062
242,6.955,SER, ,OG,126.31,14.81,5.509,0.76,1.0,<Residue SER het=  resseq=37 icode= >,4omy_A_A,3.062
243,0.0,LEU, ,N,103.89,14.05,0.0,2.88,1.0,<Residue LEU het=  resseq=38 icode= >,4omy_A_A,3.062
244,0.0,LEU, ,CA,104.54,13.50,0.0,2.64,1.0,<Residue LEU het=  resseq=38 icode= >,4omy_A_A,3.062
245,0.0,LEU, ,C,116.39,14.51,0.0,3.21,1.0,<Residue LEU het=  resseq=38 icode= >,4omy_A_A,3.062
246,2.216,LEU, ,O,126.72,14.37,0.0,1.28,1.0,<Residue LEU het=  resseq=38 icode= >,4omy_A_A,3.062
247,0.0,LEU, ,CB,86.81,12.23,0.0,2.16,1.0,<Residue LEU het=  resseq=38 icode= >,4omy_A_A,3.062
248,0.0,LEU, ,CG,100.81,11.00,0.0,1.59,1.0,<Residue LEU het=  resseq=38 icode= >,4omy_A_A,3.062
249,0.0,LEU, ,CD1,98.89,9.87,0.0,-1.47,1.0,<Residue LEU het=  resseq=38 icode= >,4omy_A_A,3.062
250,0.0,LEU, ,CD2,116.95,10.55,0.0,0.46,1.0,<Residue LEU het=  resseq=38 icode= >,4omy_A_A,3.062
251,0.0,VAL, ,N,104.42,15.48,0.0,3.59,1.0,<Residue VAL het=  resseq=39 icode= >,4omy_A_A,3.062
252,0.0,VAL, ,CA,103.9,16.52,0.0,2.85,1.0,<Residue VAL het=  resseq=39 icode= >,4omy_A_A,3.062
253,0.022,VAL, ,C,119.83,17.22,0.0,2.78,1.0,<Residue VAL het=  resseq=39 icode= >,4omy_A_A,3.062
254,19.988,VAL, ,O,114.59,17.80,0.0,2.01,1.0,<Residue VAL het=  resseq=39 icode= >,4omy_A_A,3.062
255,0.487,VAL, ,CB,109.56,17.36,0.0,1.64,1.0,<Residue VAL het=  resseq=39 icode= >,4omy_A_A,3.062
256,13.432,VAL, ,CG1,95.5,18.68,0.0,0.61,1.0,<Residue VAL het=  resseq=39 icode= >,4omy_A_A,3.062
257,0.0,VAL, ,CG2,129.88,16.73,0.0,-0.95,1.0,<Residue VAL het=  resseq=39 icode= >,4omy_A_A,3.062
258,0.0,LYS, ,N,138.83,16.90,0.0,2.14,1.0,<Residue LYS het=  resseq=40 icode= >,4omy_A_A,3.062
259,2.0,LYS, ,CA,149.75,17.45,0.0,1.49,1.0,<Residue LYS het=  resseq=40 icode= >,4omy_A_A,3.062
260,3.078,LYS, ,C,157.48,16.56,0.0,2.09,1.0,<Residue LYS het=  resseq=40 icode= >,4omy_A_A,3.062
261,15.629,LYS, ,O,163.13,17.14,0.0,1.24,1.0,<Residue LYS het=  resseq=40 icode= >,4omy_A_A,3.062
262,9.053,LYS, ,CB,146.73,18.35,0.0,1.01,1.0,<Residue LYS het=  resseq=40 icode= >,4omy_A_A,3.062
263,24.736,LYS, ,CG,170.41,19.76,0.0,0.16,1.0,<Residue LYS het=  resseq=40 icode= >,4omy_A_A,3.062
264,34.738,LYS, ,CD,186.56,20.62,0.0,-0.01,1.0,<Residue LYS het=  resseq=40 icode= >,4omy_A_A,3.062
265,33.491,LYS, ,CE,184.28,20.43,0.0,-0.28,1.0,<Residue LYS het=  resseq=40 icode= >,4omy_A_A,3.062
266,48.194,LYS, ,NZ,174.59,21.69,0.0,0.14,1.0,<Residue LYS het=  resseq=40 icode= >,4omy_A_A,3.062
267,0.274,GLU, ,N,143.95,15.24,0.0,2.52,1.0,<Residue GLU het=  resseq=41 icode= >,4omy_A_A,3.062
268,9.953,GLU, ,CA,142.1,14.36,0.0,2.68,1.0,<Residue GLU het=  resseq=41 icode= >,4omy_A_A,3.062
269,0.041,GLU, ,C,119.79,12.92,0.0,3.09,1.0,<Residue GLU het=  resseq=41 icode= >,4omy_A_A,3.062
270,0.0,GLU, ,O,130.95,12.42,0.0,1.78,1.0,<Residue GLU het=  resseq=41 icode= >,4omy_A_A,3.062
271,14.318,GLU, ,CB,158.48,14.53,0.0,1.00,1.0,<Residue GLU het=  resseq=41 icode= >,4omy_A_A,3.062
272,2.272,GLU, ,CG,161.89,14.46,0.0,0.81,1.0,<Residue GLU het=  resseq=41 icode= >,4omy_A_A,3.062
273,12.372,GLU, ,CD,171.65,14.97,0.0,0.77,1.0,<Residue GLU het=  resseq=41 icode= >,4omy_A_A,3.062
274,34.507,GLU, ,OE1,175.23,15.06,0.0,0.54,1.0,<Residue GLU het=  resseq=41 icode= >,4omy_A_A,3.062
275,27.232,GLU, ,OE2,169.03,15.41,0.0,0.22,1.0,<Residue GLU het=  resseq=41 icode= >,4omy_A_A,3.062
276,7.512,GLU, ,N,115.03,12.38,0.0,3.07,1.0,<Residue GLU het=  resseq=42 icode= >,4omy_A_A,3.062
277,0.0,GLU, ,CA,123.4,10.99,0.0,2.75,1.0,<Residue GLU het=  resseq=42 icode= >,4omy_A_A,3.062
278,0.232,GLU, ,C,125.08,10.12,0.0,3.78,1.0,<Residue GLU het=  resseq=42 icode= >,4omy_A_A,3.062
279,16.961,GLU, ,O,131.48,10.59,0.0,1.86,1.0,<Residue GLU het=  resseq=42 icode= >,4omy_A_A,3.062
280,18.073,GLU, ,CB,127.48,10.94,0.0,1.58,1.0,<Residue GLU het=  resseq=42 icode= >,4omy_A_A,3.062
281,0.18,GLU, ,CG,121.37,9.84,0.0,1.02,1.0,<Residue GLU het=  resseq=42 icode= >,4omy_A_A,3.062
282,6.029,GLU, ,CD,148.09,10.09,0.0,1.48,1.0,<Residue GLU het=  resseq=42 icode= >,4omy_A_A,3.062
283,17.314,GLU, ,OE1,133.63,10.43,0.0,0.80,1.0,<Residue GLU het=  resseq=42 icode= >,4omy_A_A,3.062
284,10.437,GLU, ,OE2,164.88,10.16,0.0,0.43,1.0,<Residue GLU het=  resseq=42 icode= >,4omy_A_A,3.062
285,0.0,MET, ,N,120.21,9.00,0.0,2.99,1.0,<Residue MET het=  resseq=43 icode= >,4omy_A_A,3.062
286,3.53,MET, ,CA,128.93,8.16,0.0,3.02,1.0,<Residue MET het=  resseq=43 icode= >,4omy_A_A,3.062
287,0.0,MET, ,C,117.88,6.75,0.0,3.09,1.0,<Residue MET het=  resseq=43 icode= >,4omy_A_A,3.062
288,0.0,MET, ,O,107.31,6.60,0.0,1.34,1.0,<Residue MET het=  resseq=43 icode= >,4omy_A_A,3.062
289,11.374,MET, ,CB,130.7,8.93,0.0,1.91,1.0,<Residue MET het=  resseq=43 icode= >,4omy_A_A,3.062
290,0.0,MET, ,CG,89.44,9.20,0.0,1.95,1.0,<Residue MET het=  resseq=43 icode= >,4omy_A_A,3.062
291,8.697,MET, ,S,184.53,10.68,0.0,3.14,1.0,<Residue MET het=  resseq=43 icode= >,4omy_A_A,3.062
292,1.753,MET, ,CE,144.75,12.15,0.0,1.04,1.0,<Residue MET het=  resseq=43 icode= >,4omy_A_A,3.062
293,1.908,ALA, ,N,109.62,5.96,0.0,2.41,1.0,<Residue ALA het=  resseq=44 icode= >,4omy_A_A,3.062
294,0.0,ALA, ,CA,105.78,4.58,0.0,2.29,1.0,<Residue ALA het=  resseq=44 icode= >,4omy_A_A,3.062
295,0.0,ALA, ,C,104.29,4.73,0.0,2.90,1.0,<Residue ALA het=  resseq=44 icode= >,4omy_A_A,3.062
296,0.0,ALA, ,O,98.91,5.88,0.0,1.96,1.0,<Residue ALA het=  resseq=44 icode= >,4omy_A_A,3.062
297,21.509,ALA, ,CB,104.18,4.30,0.969,-0.06,1.0,<Residue ALA het=  resseq=44 icode= >,4omy_A_A,3.062
298,1.46,VAL, ,N,92.42,3.86,1.46,2.73,1.0,<Residue VAL het=  resseq=45 icode= >,4omy_A_A,3.062
299,0.0,VAL, ,CA,96.72,4.28,0.0,2.69,1.0,<Residue VAL het=  resseq=45 icode= >,4omy_A_A,3.062
300,0.0,VAL, ,C,105.58,4.95,0.0,2.87,1.0,<Residue VAL het=  resseq=45 icode= >,4omy_A_A,3.062
301,0.0,VAL, ,O,101.47,5.89,0.0,0.71,1.0,<Residue VAL het=  resseq=45 icode= >,4omy_A_A,3.062
302,9.827,VAL, ,CB,91.69,3.10,9.827,1.01,1.0,<Residue VAL het=  resseq=45 icode= >,4omy_A_A,3.062
303,10.334,VAL, ,CG1,88.34,3.68,10.014,-1.03,1.0,<Residue VAL het=  resseq=45 icode= >,4omy_A_A,3.062
304,8.806,VAL, ,CG2,79.93,3.45,8.806,-0.64,1.0,<Residue VAL het=  resseq=45 icode= >,4omy_A_A,3.062
305,6.411,GLY, ,N,102.37,4.89,2.711,2.63,1.0,<Residue GLY het=  resseq=46 icode= >,4omy_A_A,3.062
306,35.353,GLY, ,CA,101.83,5.97,0.0,1.66,1.0,<Residue GLY het=  resseq=46 icode= >,4omy_A_A,3.062
307,5.232,GLY, ,C,114.27,7.24,0.0,3.03,1.0,<Residue GLY het=  resseq=46 icode= >,4omy_A_A,3.062
308,3.978,GLY, ,O,131.56,8.23,0.0,2.24,1.0,<Residue GLY het=  resseq=46 icode= >,4omy_A_A,3.062
309,5.297,ALA, ,N,101.0,7.11,0.0,2.81,1.0,<Residue ALA het=  resseq=47 icode= >,4omy_A_A,3.062
310,9.756,ALA, ,CA,107.98,8.34,0.0,1.81,1.0,<Residue ALA het=  resseq=47 icode= >,4omy_A_A,3.062
311,0.0,ALA, ,C,107.5,9.02,0.0,2.52,1.0,<Residue ALA het=  resseq=47 icode= >,4omy_A_A,3.062
312,3.389,ALA, ,O,114.28,10.24,0.0,1.53,1.0,<Residue ALA het=  resseq=47 icode= >,4omy_A_A,3.062
313,37.871,ALA, ,CB,116.37,8.29,0.0,-0.20,1.0,<Residue ALA het=  resseq=47 icode= >,4omy_A_A,3.062
314,0.0,LEU, ,N,100.81,8.38,0.0,2.71,1.0,<Residue LEU het=  resseq=48 icode= >,4omy_A_A,3.062
315,0.0,LEU, ,CA,110.14,9.13,0.0,2.63,1.0,<Residue LEU het=  resseq=48 icode= >,4omy_A_A,3.062
316,0.0,LEU, ,C,105.63,9.57,0.0,3.33,1.0,<Residue LEU het=  resseq=48 icode= >,4omy_A_A,3.062
317,0.0,LEU, ,O,91.92,10.76,0.0,1.91,1.0,<Residue LEU het=  resseq=48 icode= >,4omy_A_A,3.062
318,0.0,LEU, ,CB,101.95,8.38,0.0,1.41,1.0,<Residue LEU het=  resseq=48 icode= >,4omy_A_A,3.062
319,0.0,LEU, ,CG,94.8,9.34,0.0,0.47,1.0,<Residue LEU het=  resseq=48 icode= >,4omy_A_A,3.062
320,0.0,LEU, ,CD1,105.35,10.77,0.0,-0.39,1.0,<Residue LEU het=  resseq=48 icode= >,4omy_A_A,3.062
321,0.0,LEU, ,CD2,76.63,9.06,0.0,-0.82,1.0,<Residue LEU het=  resseq=48 icode= >,4omy_A_A,3.062
322,0.0,ALA, ,N,95.09,8.77,0.0,3.28,1.0,<Residue ALA het=  resseq=49 icode= >,4omy_A_A,3.062
323,0.0,ALA, ,CA,101.62,9.40,0.0,2.89,1.0,<Residue ALA het=  resseq=49 icode= >,4omy_A_A,3.062
324,0.687,ALA, ,C,114.79,10.61,0.0,2.99,1.0,<Residue ALA het=  resseq=49 icode= >,4omy_A_A,3.062
325,1.241,ALA, ,O,111.04,9.88,0.0,1.53,1.0,<Residue ALA het=  resseq=49 icode= >,4omy_A_A,3.062
326,8.632,ALA, ,CB,101.53,8.42,0.0,0.49,1.0,<Residue ALA het=  resseq=49 icode= >,4omy_A_A,3.062
327,0.428,ASN, ,N,104.57,10.61,0.0,2.74,1.0,<Residue ASN het=  resseq=50 icode= >,4omy_A_A,3.062
328,5.63,ASN, ,CA,107.49,11.91,0.0,2.75,1.0,<Residue ASN het=  resseq=50 icode= >,4omy_A_A,3.062
329,0.0,ASN, ,C,109.54,12.76,0.0,3.66,1.0,<Residue ASN het=  resseq=50 icode= >,4omy_A_A,3.062
330,15.096,ASN, ,O,118.55,12.89,13.1,2.26,1.0,<Residue ASN het=  resseq=50 icode= >,4omy_A_A,3.062
331,17.011,ASN, ,CB,115.69,11.91,0.0,1.90,1.0,<Residue ASN het=  resseq=50 icode= >,4omy_A_A,3.062
332,5.671,ASN, ,CG,135.54,13.35,0.017,2.19,1.0,<Residue ASN het=  resseq=50 icode= >,4omy_A_A,3.062
333,33.664,ASN, ,OD1,153.06,13.91,18.849,0.60,1.0,<Residue ASN het=  resseq=50 icode= >,4omy_A_A,3.062
334,53.609,ASN, ,ND2,129.19,13.15,5.213,1.82,1.0,<Residue ASN het=  resseq=50 icode= >,4omy_A_A,3.062
335,0.046,LYS, ,N,104.17,12.54,0.0,4.16,1.0,<Residue LYS het=  resseq=51 icode= >,4omy_A_A,3.062
336,7.117,LYS, ,CA,107.05,13.24,6.455,3.73,1.0,<Residue LYS het=  resseq=51 icode= >,4omy_A_A,3.062
337,0.0,LYS, ,C,103.46,12.04,0.0,3.34,1.0,<Residue LYS het=  resseq=51 icode= >,4omy_A_A,3.062
338,25.689,LYS, ,O,112.46,12.26,25.288,1.67,1.0,<Residue LYS het=  resseq=51 icode= >,4omy_A_A,3.062
339,4.725,LYS, ,CB,113.42,13.21,1.247,2.04,1.0,<Residue LYS het=  resseq=51 icode= >,4omy_A_A,3.062
340,14.608,LYS, ,CG,108.76,14.44,14.573,1.64,1.0,<Residue LYS het=  resseq=51 icode= >,4omy_A_A,3.062
341,4.113,LYS, ,CD,104.74,14.24,0.273,1.43,1.0,<Residue LYS het=  resseq=51 icode= >,4omy_A_A,3.062
342,40.896,LYS, ,CE,105.34,15.55,22.502,1.03,1.0,<Residue LYS het=  resseq=51 icode= >,4omy_A_A,3.062
343,19.168,LYS, ,NZ,116.78,15.48,0.0,0.79,1.0,<Residue LYS het=  resseq=51 icode= >,4omy_A_A,3.062
344,0.0,VAL, ,N,108.1,10.89,0.0,2.80,1.0,<Residue VAL het=  resseq=52 icode= >,4omy_A_A,3.062
345,3.347,VAL, ,CA,123.38,9.74,3.347,2.71,1.0,<Residue VAL het=  resseq=52 icode= >,4omy_A_A,3.062
346,4.033,VAL, ,C,122.35,8.76,4.033,3.19,1.0,<Residue VAL het=  resseq=52 icode= >,4omy_A_A,3.062
347,3.429,VAL, ,O,112.3,7.72,3.429,1.06,1.0,<Residue VAL het=  resseq=52 icode= >,4omy_A_A,3.062
348,0.0,VAL, ,CB,82.72,9.16,0.0,1.69,1.0,<Residue VAL het=  resseq=52 icode= >,4omy_A_A,3.062
349,2.363,VAL, ,CG1,87.03,10.40,2.363,0.18,1.0,<Residue VAL het=  resseq=52 icode= >,4omy_A_A,3.062
350,0.0,VAL, ,CG2,91.6,8.46,0.0,-0.63,1.0,<Residue VAL het=  resseq=52 icode= >,4omy_A_A,3.062
351,0.93,GLY, ,N,122.89,9.28,0.311,2.75,1.0,<Residue GLY het=  resseq=53 icode= >,4omy_A_A,3.062
352,34.106,GLY, ,CA,121.88,8.80,5.917,2.16,1.0,<Residue GLY het=  resseq=53 icode= >,4omy_A_A,3.062
353,4.434,GLY, ,C,108.86,7.56,0.0,2.13,1.0,<Residue GLY het=  resseq=53 icode= >,4omy_A_A,3.062
354,18.297,GLY, ,O,113.16,6.66,0.0,0.99,1.0,<Residue GLY het=  resseq=53 icode= >,4omy_A_A,3.062
355,0.838,LEU, ,N,107.09,7.44,0.0,2.33,1.0,<Residue LEU het=  resseq=54 icode= >,4omy_A_A,3.062
356,1.794,LEU, ,CA,92.33,6.27,0.0,3.94,1.0,<Residue LEU het=  resseq=54 icode= >,4omy_A_A,3.062
357,3.726,LEU, ,C,101.98,5.98,0.0,3.89,1.0,<Residue LEU het=  resseq=54 icode= >,4omy_A_A,3.062
358,7.202,LEU, ,O,90.69,7.03,0.0,2.07,1.0,<Residue LEU het=  resseq=54 icode= >,4omy_A_A,3.062
359,0.0,LEU, ,CB,83.78,6.26,0.0,2.24,1.0,<Residue LEU het=  resseq=54 icode= >,4omy_A_A,3.062
360,0.0,LEU, ,CG,93.53,5.15,0.0,1.09,1.0,<Residue LEU het=  resseq=54 icode= >,4omy_A_A,3.062
361,0.0,LEU, ,CD1,103.0,4.93,0.0,-0.88,1.0,<Residue LEU het=  resseq=54 icode= >,4omy_A_A,3.062
362,21.418,LEU, ,CD2,86.94,3.92,15.074,-0.02,1.0,<Residue LEU het=  resseq=54 icode= >,4omy_A_A,3.062
363,7.104,SER, ,N,107.12,4.78,1.09,3.01,1.0,<Residue SER het=  resseq=55 icode= >,4omy_A_A,3.062
364,11.759,SER, ,CA,101.21,4.94,0.0,2.95,1.0,<Residue SER het=  resseq=55 icode= >,4omy_A_A,3.062
365,0.0,SER, ,C,104.22,5.89,0.0,3.04,1.0,<Residue SER het=  resseq=55 icode= >,4omy_A_A,3.062
366,0.0,SER, ,O,106.76,6.09,0.0,1.43,1.0,<Residue SER het=  resseq=55 icode= >,4omy_A_A,3.062
367,46.037,SER, ,CB,103.54,3.81,11.084,1.13,1.0,<Residue SER het=  resseq=55 icode= >,4omy_A_A,3.062
368,11.476,SER, ,OG,105.26,3.37,9.231,0.67,1.0,<Residue SER het=  resseq=55 icode= >,4omy_A_A,3.062
369,8.158,GLN, ,N,115.29,6.79,0.0,2.46,1.0,<Residue GLN het=  resseq=56 icode= >,4omy_A_A,3.062
370,0.0,GLN, ,CA,111.71,6.84,0.0,2.50,1.0,<Residue GLN het=  resseq=56 icode= >,4omy_A_A,3.062
371,0.0,GLN, ,C,117.0,5.85,0.0,2.29,1.0,<Residue GLN het=  resseq=56 icode= >,4omy_A_A,3.062
372,0.0,GLN, ,O,131.35,5.66,0.0,1.00,1.0,<Residue GLN het=  resseq=56 icode= >,4omy_A_A,3.062
373,25.456,GLN, ,CB,116.71,5.85,0.0,0.82,1.0,<Residue GLN het=  resseq=56 icode= >,4omy_A_A,3.062
374,20.308,GLN, ,CG,109.5,4.74,7.434,0.51,1.0,<Residue GLN het=  resseq=56 icode= >,4omy_A_A,3.062
375,5.559,GLN, ,CD,123.91,3.95,5.559,0.84,1.0,<Residue GLN het=  resseq=56 icode= >,4omy_A_A,3.062
376,29.81,GLN, ,OE1,125.32,3.84,19.289,0.48,1.0,<Residue GLN het=  resseq=56 icode= >,4omy_A_A,3.062
377,29.781,GLN, ,NE2,134.18,3.07,29.781,-0.72,1.0,<Residue GLN het=  resseq=56 icode= >,4omy_A_A,3.062
378,1.402,SER, ,N,97.28,4.94,0.0,2.05,1.0,<Residue SER het=  resseq=57 icode= >,4omy_A_A,3.062
379,2.805,SER, ,CA,78.86,3.80,2.805,2.68,1.0,<Residue SER het=  resseq=57 icode= >,4omy_A_A,3.062
380,0.0,SER, ,C,89.86,4.64,0.0,3.41,1.0,<Residue SER het=  resseq=57 icode= >,4omy_A_A,3.062
381,0.0,SER, ,O,110.62,4.64,0.0,1.29,1.0,<Residue SER het=  resseq=57 icode= >,4omy_A_A,3.062
382,37.427,SER, ,CB,88.01,3.25,29.763,1.34,1.0,<Residue SER het=  resseq=57 icode= >,4omy_A_A,3.062
383,20.472,SER, ,OG,97.42,2.62,20.472,0.70,1.0,<Residue SER het=  resseq=57 icode= >,4omy_A_A,3.062
384,1.241,ALA, ,N,89.13,5.16,1.241,2.90,1.0,<Residue ALA het=  resseq=58 icode= >,4omy_A_A,3.062
385,5.362,ALA, ,CA,93.94,4.61,5.239,2.68,1.0,<Residue ALA het=  resseq=58 icode= >,4omy_A_A,3.062
386,0.0,ALA, ,C,98.55,4.75,0.0,3.09,1.0,<Residue ALA het=  resseq=58 icode= >,4omy_A_A,3.062
387,0.067,ALA, ,O,106.59,4.51,0.0,1.40,1.0,<Residue ALA het=  resseq=58 icode= >,4omy_A_A,3.062
388,22.541,ALA, ,CB,97.88,4.09,22.541,0.17,1.0,<Residue ALA het=  resseq=58 icode= >,4omy_A_A,3.062
389,0.0,LEU, ,N,107.03,5.65,0.0,2.54,1.0,<Residue LEU het=  resseq=59 icode= >,4omy_A_A,3.062
390,0.0,LEU, ,CA,100.55,6.38,0.0,2.44,1.0,<Residue LEU het=  resseq=59 icode= >,4omy_A_A,3.062
391,0.0,LEU, ,C,95.88,6.36,0.0,1.45,1.0,<Residue LEU het=  resseq=59 icode= >,4omy_A_A,3.062
392,0.0,LEU, ,O,92.69,6.16,0.0,-0.00,1.0,<Residue LEU het=  resseq=59 icode= >,4omy_A_A,3.062
393,0.0,LEU, ,CB,85.74,7.53,0.0,1.29,1.0,<Residue LEU het=  resseq=59 icode= >,4omy_A_A,3.062
394,0.0,LEU, ,CG,84.89,7.13,0.0,1.01,1.0,<Residue LEU het=  resseq=59 icode= >,4omy_A_A,3.062
395,0.0,LEU, ,CD1,80.88,7.99,0.0,0.19,1.0,<Residue LEU het=  resseq=59 icode= >,4omy_A_A,3.062
396,0.0,LEU, ,CD2,96.77,7.41,0.0,-1.94,1.0,<Residue LEU het=  resseq=59 icode= >,4omy_A_A,3.062
397,0.0,SER, ,N,101.64,5.72,0.0,1.54,1.0,<Residue SER het=  resseq=60 icode= >,4omy_A_A,3.062
398,0.993,SER, ,CA,113.89,4.55,0.993,1.76,1.0,<Residue SER het=  resseq=60 icode= >,4omy_A_A,3.062
399,1.646,SER, ,C,90.17,5.19,0.0,3.49,1.0,<Residue SER het=  resseq=60 icode= >,4omy_A_A,3.062
400,0.829,SER, ,O,89.21,4.83,0.359,2.26,1.0,<Residue SER het=  resseq=60 icode= >,4omy_A_A,3.062
401,10.025,SER, ,CB,140.03,4.18,9.624,-0.18,1.0,<Residue SER het=  resseq=60 icode= >,4omy_A_A,3.062
402,34.166,SER, ,OG,151.93,3.21,34.051,-0.76,1.0,<Residue SER het=  resseq=60 icode= >,4omy_A_A,3.062
403,0.0,GLN, ,N,85.32,6.01,0.0,2.84,1.0,<Residue GLN het=  resseq=61 icode= >,4omy_A_A,3.062
404,2.859,GLN, ,CA,91.66,6.41,0.0,1.98,1.0,<Residue GLN het=  resseq=61 icode= >,4omy_A_A,3.062
405,1.07,GLN, ,C,94.01,6.91,0.0,2.30,1.0,<Residue GLN het=  resseq=61 icode= >,4omy_A_A,3.062
406,2.804,GLN, ,O,101.19,7.38,0.0,0.69,1.0,<Residue GLN het=  resseq=61 icode= >,4omy_A_A,3.062
407,15.834,GLN, ,CB,81.78,5.57,1.245,1.18,1.0,<Residue GLN het=  resseq=61 icode= >,4omy_A_A,3.062
408,17.546,GLN, ,CG,68.66,4.39,9.905,1.21,1.0,<Residue GLN het=  resseq=61 icode= >,4omy_A_A,3.062
409,7.611,GLN, ,CD,79.44,3.66,7.424,2.31,1.0,<Residue GLN het=  resseq=61 icode= >,4omy_A_A,3.062
410,36.928,GLN, ,OE1,70.02,2.96,26.732,1.60,1.0,<Residue GLN het=  resseq=61 icode= >,4omy_A_A,3.062
411,27.477,GLN, ,NE2,78.25,2.89,27.477,0.70,1.0,<Residue GLN het=  resseq=61 icode= >,4omy_A_A,3.062
412,0.109,HIS, ,N,85.87,6.08,0.0,3.10,1.0,<Residue HIS het=  resseq=62 icode= >,4omy_A_A,3.062
413,1.437,HIS, ,CA,76.79,6.33,0.0,3.19,1.0,<Residue HIS het=  resseq=62 icode= >,4omy_A_A,3.062
414,0.0,HIS, ,C,85.02,7.80,0.0,3.35,1.0,<Residue HIS het=  resseq=62 icode= >,4omy_A_A,3.062
415,0.0,HIS, ,O,97.32,7.61,0.0,0.81,1.0,<Residue HIS het=  resseq=62 icode= >,4omy_A_A,3.062
416,0.0,HIS, ,CB,78.33,5.66,0.0,0.94,1.0,<Residue HIS het=  resseq=62 icode= >,4omy_A_A,3.062
417,0.0,HIS, ,CG,81.84,4.32,0.0,2.47,1.0,<Residue HIS het=  resseq=62 icode= >,4omy_A_A,3.062
418,0.044,HIS, ,ND1,71.14,4.50,0.0,2.63,1.0,<Residue HIS het=  resseq=62 icode= >,4omy_A_A,3.062
419,4.302,HIS, ,CD2,98.39,3.06,2.134,1.73,1.0,<Residue HIS het=  resseq=62 icode= >,4omy_A_A,3.062
420,6.174,HIS, ,CE1,72.15,3.52,5.419,1.53,1.0,<Residue HIS het=  resseq=62 icode= >,4omy_A_A,3.062
421,21.806,HIS, ,NE2,103.32,2.36,21.806,1.43,1.0,<Residue HIS het=  resseq=62 icode= >,4omy_A_A,3.062
422,0.0,LEU, ,N,90.19,6.82,0.0,2.49,1.0,<Residue LEU het=  resseq=63 icode= >,4omy_A_A,3.062
423,0.0,LEU, ,CA,91.55,6.25,0.0,1.47,1.0,<Residue LEU het=  resseq=63 icode= >,4omy_A_A,3.062
424,0.0,LEU, ,C,90.99,6.28,0.0,2.11,1.0,<Residue LEU het=  resseq=63 icode= >,4omy_A_A,3.062
425,0.0,LEU, ,O,100.03,6.82,0.0,1.65,1.0,<Residue LEU het=  resseq=63 icode= >,4omy_A_A,3.062
426,0.861,LEU, ,CB,103.0,5.00,0.861,-0.14,1.0,<Residue LEU het=  resseq=63 icode= >,4omy_A_A,3.062
427,0.0,LEU, ,CG,100.32,5.55,0.0,-0.04,1.0,<Residue LEU het=  resseq=63 icode= >,4omy_A_A,3.062
428,1.421,LEU, ,CD1,100.17,4.82,1.421,-1.16,1.0,<Residue LEU het=  resseq=63 icode= >,4omy_A_A,3.062
429,0.0,LEU, ,CD2,100.29,6.84,0.0,-1.60,1.0,<Residue LEU het=  resseq=63 icode= >,4omy_A_A,3.062
430,0.0,SER, ,N,75.62,6.14,0.0,2.33,1.0,<Residue SER het=  resseq=64 icode= >,4omy_A_A,3.062
431,0.0,SER, ,CA,87.12,5.95,0.0,2.49,1.0,<Residue SER het=  resseq=64 icode= >,4omy_A_A,3.062
432,0.752,SER, ,C,85.89,7.04,0.0,3.48,1.0,<Residue SER het=  resseq=64 icode= >,4omy_A_A,3.062
433,3.184,SER, ,O,88.32,7.27,0.0,1.46,1.0,<Residue SER het=  resseq=64 icode= >,4omy_A_A,3.062
434,17.251,SER, ,CB,87.93,4.82,3.726,1.26,1.0,<Residue SER het=  resseq=64 icode= >,4omy_A_A,3.062
435,28.155,SER, ,OG,106.19,4.21,5.961,0.11,1.0,<Residue SER het=  resseq=64 icode= >,4omy_A_A,3.062
436,0.233,LYS, ,N,75.84,7.96,0.0,3.39,1.0,<Residue LYS het=  resseq=65 icode= >,4omy_A_A,3.062
437,3.726,LYS, ,CA,82.99,7.73,0.0,3.27,1.0,<Residue LYS het=  resseq=65 icode= >,4omy_A_A,3.062
438,0.0,LYS, ,C,89.24,8.49,0.0,3.27,1.0,<Residue LYS het=  resseq=65 icode= >,4omy_A_A,3.062
439,0.18,LYS, ,O,101.04,9.05,0.0,1.43,1.0,<Residue LYS het=  resseq=65 icode= >,4omy_A_A,3.062
440,0.047,LYS, ,CB,83.36,6.18,0.0,0.58,1.0,<Residue LYS het=  resseq=65 icode= >,4omy_A_A,3.062
441,13.033,LYS, ,CG,109.08,5.57,0.0,0.13,1.0,<Residue LYS het=  resseq=65 icode= >,4omy_A_A,3.062
442,12.083,LYS, ,CD,98.64,4.21,6.394,0.05,1.0,<Residue LYS het=  resseq=65 icode= >,4omy_A_A,3.062
443,34.596,LYS, ,CE,92.2,4.62,5.128,0.10,1.0,<Residue LYS het=  resseq=65 icode= >,4omy_A_A,3.062
444,48.555,LYS, ,NZ,91.84,3.87,35.551,-0.60,1.0,<Residue LYS het=  resseq=65 icode= >,4omy_A_A,3.062
445,0.0,LEU, ,N,87.89,8.87,0.0,2.49,1.0,<Residue LEU het=  resseq=66 icode= >,4omy_A_A,3.062
446,0.0,LEU, ,CA,78.85,9.86,0.0,2.10,1.0,<Residue LEU het=  resseq=66 icode= >,4omy_A_A,3.062
447,0.0,LEU, ,C,84.79,10.29,0.0,3.15,1.0,<Residue LEU het=  resseq=66 icode= >,4omy_A_A,3.062
448,0.0,LEU, ,O,99.48,11.33,0.0,2.11,1.0,<Residue LEU het=  resseq=66 icode= >,4omy_A_A,3.062
449,0.0,LEU, ,CB,83.43,9.77,0.0,0.42,1.0,<Residue LEU het=  resseq=66 icode= >,4omy_A_A,3.062
450,0.0,LEU, ,CG,76.0,9.32,0.0,0.59,1.0,<Residue LEU het=  resseq=66 icode= >,4omy_A_A,3.062
451,0.0,LEU, ,CD1,67.34,9.96,0.0,-0.81,1.0,<Residue LEU het=  resseq=66 icode= >,4omy_A_A,3.062
452,0.0,LEU, ,CD2,68.61,9.42,0.0,-0.86,1.0,<Residue LEU het=  resseq=66 icode= >,4omy_A_A,3.062
453,0.0,ARG, ,N,90.88,9.19,0.0,3.12,1.0,<Residue ARG het=  resseq=67 icode= >,4omy_A_A,3.062
454,0.76,ARG, ,CA,91.42,9.31,0.0,2.28,1.0,<Residue ARG het=  resseq=67 icode= >,4omy_A_A,3.062
455,1.251,ARG, ,C,93.96,9.85,0.0,3.06,1.0,<Residue ARG het=  resseq=67 icode= >,4omy_A_A,3.062
456,10.864,ARG, ,O,95.89,10.33,0.0,2.37,1.0,<Residue ARG het=  resseq=67 icode= >,4omy_A_A,3.062
457,5.727,ARG, ,CB,93.64,8.05,0.0,1.06,1.0,<Residue ARG het=  resseq=67 icode= >,4omy_A_A,3.062
458,4.734,ARG, ,CG,102.45,7.27,0.0,0.08,1.0,<Residue ARG het=  resseq=67 icode= >,4omy_A_A,3.062
459,14.894,ARG, ,CD,102.31,6.30,0.0,0.30,1.0,<Residue ARG het=  resseq=67 icode= >,4omy_A_A,3.062
460,0.401,ARG, ,NE,93.05,5.19,0.0,0.82,1.0,<Residue ARG het=  resseq=67 icode= >,4omy_A_A,3.062
461,3.92,ARG, ,CZ,102.48,5.27,1.125,0.82,1.0,<Residue ARG het=  resseq=67 icode= >,4omy_A_A,3.062
462,42.858,ARG, ,NH1,103.3,4.82,6.162,0.32,1.0,<Residue ARG het=  resseq=67 icode= >,4omy_A_A,3.062
463,25.1,ARG, ,NH2,99.07,4.27,24.712,0.22,1.0,<Residue ARG het=  resseq=67 icode= >,4omy_A_A,3.062
464,0.205,ALA, ,N,111.29,9.53,0.0,2.06,1.0,<Residue ALA het=  resseq=68 icode= >,4omy_A_A,3.062
465,12.579,ALA, ,CA,111.96,10.00,0.0,2.44,1.0,<Residue ALA het=  resseq=68 icode= >,4omy_A_A,3.062
466,0.289,ALA, ,C,115.7,10.99,0.0,2.77,1.0,<Residue ALA het=  resseq=68 icode= >,4omy_A_A,3.062
467,20.936,ALA, ,O,114.87,11.41,0.0,1.53,1.0,<Residue ALA het=  resseq=68 icode= >,4omy_A_A,3.062
468,40.119,ALA, ,CB,116.93,9.53,0.0,0.34,1.0,<Residue ALA het=  resseq=68 icode= >,4omy_A_A,3.062
469,0.0,GLN, ,N,116.67,10.86,0.0,2.43,1.0,<Residue GLN het=  resseq=69 icode= >,4omy_A_A,3.062
470,1.227,GLN, ,CA,98.65,11.27,0.0,2.93,1.0,<Residue GLN het=  resseq=69 icode= >,4omy_A_A,3.062
471,0.01,GLN, ,C,103.59,12.75,0.0,3.01,1.0,<Residue GLN het=  resseq=69 icode= >,4omy_A_A,3.062
472,9.021,GLN, ,O,101.52,13.29,0.0,1.68,1.0,<Residue GLN het=  resseq=69 icode= >,4omy_A_A,3.062
473,0.0,GLN, ,CB,78.57,10.52,0.0,1.27,1.0,<Residue GLN het=  resseq=69 icode= >,4omy_A_A,3.062
474,7.943,GLN, ,CG,84.77,9.26,0.0,1.12,1.0,<Residue GLN het=  resseq=69 icode= >,4omy_A_A,3.062
475,1.676,GLN, ,CD,109.18,9.75,0.0,1.53,1.0,<Residue GLN het=  resseq=69 icode= >,4omy_A_A,3.062
476,11.886,GLN, ,OE1,105.91,10.81,0.0,1.04,1.0,<Residue GLN het=  resseq=69 icode= >,4omy_A_A,3.062
477,38.151,GLN, ,NE2,126.09,9.19,0.0,0.28,1.0,<Residue GLN het=  resseq=69 icode= >,4omy_A_A,3.062
478,0.0,ASN, ,N,112.67,13.27,0.0,2.82,1.0,<Residue ASN het=  resseq=70 icode= >,4omy_A_A,3.062
479,3.089,ASN, ,CA,110.08,13.74,0.0,1.99,1.0,<Residue ASN het=  resseq=70 icode= >,4omy_A_A,3.062
480,1.344,ASN, ,C,99.23,13.99,0.0,2.48,1.0,<Residue ASN het=  resseq=70 icode= >,4omy_A_A,3.062
481,11.214,ASN, ,O,102.54,15.00,0.0,1.49,1.0,<Residue ASN het=  resseq=70 icode= >,4omy_A_A,3.062
482,23.239,ASN, ,CB,116.41,14.60,0.0,1.21,1.0,<Residue ASN het=  resseq=70 icode= >,4omy_A_A,3.062
483,5.678,ASN, ,CG,133.15,13.86,0.0,0.65,1.0,<Residue ASN het=  resseq=70 icode= >,4omy_A_A,3.062
484,36.151,ASN, ,OD1,150.64,13.21,0.0,0.16,1.0,<Residue ASN het=  resseq=70 icode= >,4omy_A_A,3.062
485,40.332,ASN, ,ND2,128.76,14.12,0.0,0.24,1.0,<Residue ASN het=  resseq=70 icode= >,4omy_A_A,3.062
486,0.0,LEU, ,N,90.65,13.21,0.0,2.76,1.0,<Residue LEU het=  resseq=71 icode= >,4omy_A_A,3.062
487,0.0,LEU, ,CA,91.75,13.64,0.0,2.71,1.0,<Residue LEU het=  resseq=71 icode= >,4omy_A_A,3.062
488,1.017,LEU, ,C,99.66,12.87,0.0,2.46,1.0,<Residue LEU het=  resseq=71 icode= >,4omy_A_A,3.062
489,0.0,LEU, ,O,97.32,13.36,0.0,0.79,1.0,<Residue LEU het=  resseq=71 icode= >,4omy_A_A,3.062
490,0.0,LEU, ,CB,94.92,13.13,0.0,1.15,1.0,<Residue LEU het=  resseq=71 icode= >,4omy_A_A,3.062
491,0.0,LEU, ,CG,94.38,13.05,0.0,1.45,1.0,<Residue LEU het=  resseq=71 icode= >,4omy_A_A,3.062
492,4.924,LEU, ,CD1,106.24,13.76,0.0,0.24,1.0,<Residue LEU het=  resseq=71 icode= >,4omy_A_A,3.062
493,0.0,LEU, ,CD2,86.36,11.63,0.0,-0.44,1.0,<Residue LEU het=  resseq=71 icode= >,4omy_A_A,3.062
494,0.35,VAL, ,N,101.91,11.78,0.0,2.63,1.0,<Residue VAL het=  resseq=72 icode= >,4omy_A_A,3.062
495,0.419,VAL, ,CA,98.36,11.09,0.0,2.63,1.0,<Residue VAL het=  resseq=72 icode= >,4omy_A_A,3.062
496,3.418,VAL, ,C,102.36,10.83,0.0,2.59,1.0,<Residue VAL het=  resseq=72 icode= >,4omy_A_A,3.062
497,12.195,VAL, ,O,113.95,10.77,0.0,0.77,1.0,<Residue VAL het=  resseq=72 icode= >,4omy_A_A,3.062
498,0.0,VAL, ,CB,96.98,9.84,0.0,1.95,1.0,<Residue VAL het=  resseq=72 icode= >,4omy_A_A,3.062
499,0.0,VAL, ,CG1,103.94,10.39,0.0,0.09,1.0,<Residue VAL het=  resseq=72 icode= >,4omy_A_A,3.062
500,0.0,VAL, ,CG2,85.88,8.76,0.0,-0.80,1.0,<Residue VAL het=  resseq=72 icode= >,4omy_A_A,3.062
501,0.006,SER, ,N,102.54,10.96,0.0,2.43,1.0,<Residue SER het=  resseq=73 icode= >,4omy_A_A,3.062
502,4.949,SER, ,CA,116.5,10.77,0.0,2.76,1.0,<Residue SER het=  resseq=73 icode= >,4omy_A_A,3.062
503,0.422,SER, ,C,116.7,9.76,0.0,2.65,1.0,<Residue SER het=  resseq=73 icode= >,4omy_A_A,3.062
504,0.0,SER, ,O,105.56,9.33,0.0,0.90,1.0,<Residue SER het=  resseq=73 icode= >,4omy_A_A,3.062
505,41.159,SER, ,CB,115.66,12.17,0.0,1.58,1.0,<Residue SER het=  resseq=73 icode= >,4omy_A_A,3.062
506,13.525,SER, ,OG,121.17,13.01,0.0,0.83,1.0,<Residue SER het=  resseq=73 icode= >,4omy_A_A,3.062
507,2.745,THR, ,N,112.07,9.56,0.0,2.48,1.0,<Residue THR het=  resseq=74 icode= >,4omy_A_A,3.062
508,0.088,THR, ,CA,112.41,8.45,0.0,2.53,1.0,<Residue THR het=  resseq=74 icode= >,4omy_A_A,3.062
509,2.142,THR, ,C,118.58,9.07,0.0,2.31,1.0,<Residue THR het=  resseq=74 icode= >,4omy_A_A,3.062
510,23.251,THR, ,O,134.13,9.93,0.0,0.92,1.0,<Residue THR het=  resseq=74 icode= >,4omy_A_A,3.062
511,2.02,THR, ,CB,108.43,7.19,0.0,1.65,1.0,<Residue THR het=  resseq=74 icode= >,4omy_A_A,3.062
512,30.213,THR, ,OG1,133.71,7.71,0.0,0.73,1.0,<Residue THR het=  resseq=74 icode= >,4omy_A_A,3.062
513,6.764,THR, ,CG2,97.99,6.69,0.0,-0.46,1.0,<Residue THR het=  resseq=74 icode= >,4omy_A_A,3.062
514,0.0,ARG, ,N,121.19,8.80,0.0,2.43,1.0,<Residue ARG het=  resseq=75 icode= >,4omy_A_A,3.062
515,5.218,ARG, ,CA,119.59,9.16,0.0,2.91,1.0,<Residue ARG het=  resseq=75 icode= >,4omy_A_A,3.062
516,0.78,ARG, ,C,115.44,8.10,0.0,2.98,1.0,<Residue ARG het=  resseq=75 icode= >,4omy_A_A,3.062
517,0.0,ARG, ,O,120.14,6.93,0.0,2.13,1.0,<Residue ARG het=  resseq=75 icode= >,4omy_A_A,3.062
518,6.294,ARG, ,CB,115.07,9.75,0.0,1.31,1.0,<Residue ARG het=  resseq=75 icode= >,4omy_A_A,3.062
519,34.035,ARG, ,CG,125.44,10.77,0.0,0.66,1.0,<Residue ARG het=  resseq=75 icode= >,4omy_A_A,3.062
520,17.647,ARG, ,CD,154.28,10.46,0.0,0.46,1.0,<Residue ARG het=  resseq=75 icode= >,4omy_A_A,3.062
521,3.098,ARG, ,NE,151.14,10.02,0.0,0.84,1.0,<Residue ARG het=  resseq=75 icode= >,4omy_A_A,3.062
522,4.427,ARG, ,CZ,155.07,9.94,0.0,0.84,1.0,<Residue ARG het=  resseq=75 icode= >,4omy_A_A,3.062
523,29.142,ARG, ,NH1,139.25,10.27,0.0,0.08,1.0,<Residue ARG het=  resseq=75 icode= >,4omy_A_A,3.062
524,16.837,ARG, ,NH2,141.26,9.80,0.0,0.68,1.0,<Residue ARG het=  resseq=75 icode= >,4omy_A_A,3.062
525,6.273,ARG, ,N,114.45,8.66,0.0,1.77,1.0,<Residue ARG het=  resseq=76 icode= >,4omy_A_A,3.062
526,0.0,ARG, ,CA,119.3,7.95,0.0,1.86,1.0,<Residue ARG het=  resseq=76 icode= >,4omy_A_A,3.062
527,0.0,ARG, ,C,137.2,8.36,0.0,1.49,1.0,<Residue ARG het=  resseq=76 icode= >,4omy_A_A,3.062
528,22.175,ARG, ,O,144.5,9.58,0.0,0.71,1.0,<Residue ARG het=  resseq=76 icode= >,4omy_A_A,3.062
529,21.432,ARG, ,CB,125.28,8.50,0.0,0.03,1.0,<Residue ARG het=  resseq=76 icode= >,4omy_A_A,3.062
530,4.492,ARG, ,CG,122.35,8.03,0.0,0.16,1.0,<Residue ARG het=  resseq=76 icode= >,4omy_A_A,3.062
531,29.845,ARG, ,CD,118.7,8.32,0.0,0.92,1.0,<Residue ARG het=  resseq=76 icode= >,4omy_A_A,3.062
532,9.532,ARG, ,NE,125.98,7.45,0.0,1.60,1.0,<Residue ARG het=  resseq=76 icode= >,4omy_A_A,3.062
533,4.66,ARG, ,CZ,119.52,6.68,0.0,1.09,1.0,<Residue ARG het=  resseq=76 icode= >,4omy_A_A,3.062
534,21.489,ARG, ,NH1,131.13,5.89,0.0,-0.24,1.0,<Residue ARG het=  resseq=76 icode= >,4omy_A_A,3.062
535,42.065,ARG, ,NH2,128.83,6.23,0.0,-0.11,1.0,<Residue ARG het=  resseq=76 icode= >,4omy_A_A,3.062
536,0.0,ASP, ,N,138.51,7.51,0.0,1.34,1.0,<Residue ASP het=  resseq=77 icode= >,4omy_A_A,3.062
537,3.362,ASP, ,CA,162.75,8.20,0.0,1.54,1.0,<Residue ASP het=  resseq=77 icode= >,4omy_A_A,3.062
538,0.0,ASP, ,C,159.22,7.87,0.0,1.99,1.0,<Residue ASP het=  resseq=77 icode= >,4omy_A_A,3.062
539,0.833,ASP, ,O,156.98,6.97,0.0,1.47,1.0,<Residue ASP het=  resseq=77 icode= >,4omy_A_A,3.062
540,0.612,ASP, ,CB,161.43,8.21,0.0,0.79,1.0,<Residue ASP het=  resseq=77 icode= >,4omy_A_A,3.062
541,7.427,ASP, ,CG,156.85,9.18,0.0,1.12,1.0,<Residue ASP het=  resseq=77 icode= >,4omy_A_A,3.062
542,38.072,ASP, ,OD1,153.41,10.38,0.0,0.81,1.0,<Residue ASP het=  resseq=77 icode= >,4omy_A_A,3.062
543,23.115,ASP, ,OD2,156.52,8.90,0.0,0.78,1.0,<Residue ASP het=  resseq=77 icode= >,4omy_A_A,3.062
544,9.906,ALA, ,N,136.67,8.72,0.0,1.59,1.0,<Residue ALA het=  resseq=78 icode= >,4omy_A_A,3.062
545,16.214,ALA, ,CA,127.75,8.47,0.0,1.64,1.0,<Residue ALA het=  resseq=78 icode= >,4omy_A_A,3.062
546,1.774,ALA, ,C,130.21,7.10,0.0,2.09,1.0,<Residue ALA het=  resseq=78 icode= >,4omy_A_A,3.062
547,3.533,ALA, ,O,130.11,6.78,0.0,0.40,1.0,<Residue ALA het=  resseq=78 icode= >,4omy_A_A,3.062
548,37.67,ALA, ,CB,122.67,9.00,0.0,-0.10,1.0,<Residue ALA het=  resseq=78 icode= >,4omy_A_A,3.062
549,0.0,GLN, ,N,127.09,6.55,0.0,2.75,1.0,<Residue GLN het=  resseq=79 icode= >,4omy_A_A,3.062
550,2.708,GLN, ,CA,112.83,5.37,0.0,2.26,1.0,<Residue GLN het=  resseq=79 icode= >,4omy_A_A,3.062
551,0.539,GLN, ,C,114.31,4.07,0.112,1.98,1.0,<Residue GLN het=  resseq=79 icode= >,4omy_A_A,3.062
552,20.059,GLN, ,O,100.03,3.11,11.616,0.00,1.0,<Residue GLN het=  resseq=79 icode= >,4omy_A_A,3.062
553,24.176,GLN, ,CB,119.35,5.63,0.0,1.45,1.0,<Residue GLN het=  resseq=79 icode= >,4omy_A_A,3.062
554,36.495,GLN, ,CG,127.16,7.10,0.0,1.01,1.0,<Residue GLN het=  resseq=79 icode= >,4omy_A_A,3.062
555,5.659,GLN, ,CD,132.95,7.94,0.0,0.52,1.0,<Residue GLN het=  resseq=79 icode= >,4omy_A_A,3.062
556,29.866,GLN, ,OE1,154.88,7.73,0.0,-1.37,1.0,<Residue GLN het=  resseq=79 icode= >,4omy_A_A,3.062
557,43.017,GLN, ,NE2,133.31,9.10,0.0,-0.43,1.0,<Residue GLN het=  resseq=79 icode= >,4omy_A_A,3.062
558,0.227,THR, ,N,123.03,4.41,0.0,2.75,1.0,<Residue THR het=  resseq=80 icode= >,4omy_A_A,3.062
559,5.768,THR, ,CA,106.03,3.43,5.313,2.87,1.0,<Residue THR het=  resseq=80 icode= >,4omy_A_A,3.062
560,0.0,THR, ,C,116.55,3.49,0.0,2.73,1.0,<Residue THR het=  resseq=80 icode= >,4omy_A_A,3.062
561,0.0,THR, ,O,137.76,4.69,0.0,1.79,1.0,<Residue THR het=  resseq=80 icode= >,4omy_A_A,3.062
562,1.806,THR, ,CB,143.21,3.85,0.034,0.62,1.0,<Residue THR het=  resseq=80 icode= >,4omy_A_A,3.062
563,31.964,THR, ,OG1,148.71,4.38,0.051,0.02,1.0,<Residue THR het=  resseq=80 icode= >,4omy_A_A,3.062
564,8.73,THR, ,CG2,139.99,3.28,3.825,-1.05,1.0,<Residue THR het=  resseq=80 icode= >,4omy_A_A,3.062
565,5.043,ILE, ,N,122.66,2.66,5.043,2.38,1.0,<Residue ILE het=  resseq=81 icode= >,4omy_A_A,3.062
566,0.0,ILE, ,CA,117.03,3.60,0.0,2.71,1.0,<Residue ILE het=  resseq=81 icode= >,4omy_A_A,3.062
567,0.0,ILE, ,C,116.28,3.78,0.0,2.76,1.0,<Residue ILE het=  resseq=81 icode= >,4omy_A_A,3.062
568,0.017,ILE, ,O,118.67,3.22,0.017,1.26,1.0,<Residue ILE het=  resseq=81 icode= >,4omy_A_A,3.062
569,3.388,ILE, ,CB,100.28,3.85,3.388,1.16,1.0,<Residue ILE het=  resseq=81 icode= >,4omy_A_A,3.062
570,5.396,ILE, ,CG1,103.76,4.08,4.593,-0.39,1.0,<Residue ILE het=  resseq=81 icode= >,4omy_A_A,3.062
571,0.365,ILE, ,CG2,84.99,4.63,0.0,-0.34,1.0,<Residue ILE het=  resseq=81 icode= >,4omy_A_A,3.062
572,41.916,ILE, ,CD1,90.01,3.35,20.982,-1.11,1.0,<Residue ILE het=  resseq=81 icode= >,4omy_A_A,3.062
573,0.0,TYR, ,N,112.42,5.03,0.0,2.44,1.0,<Residue TYR het=  resseq=82 icode= >,4omy_A_A,3.062
574,0.0,TYR, ,CA,107.1,5.82,0.0,2.89,1.0,<Residue TYR het=  resseq=82 icode= >,4omy_A_A,3.062
575,0.0,TYR, ,C,112.84,6.83,0.0,3.49,1.0,<Residue TYR het=  resseq=82 icode= >,4omy_A_A,3.062
576,0.622,TYR, ,O,122.59,7.71,0.0,2.23,1.0,<Residue TYR het=  resseq=82 icode= >,4omy_A_A,3.062
577,0.0,TYR, ,CB,110.62,6.77,0.0,1.37,1.0,<Residue TYR het=  resseq=82 icode= >,4omy_A_A,3.062
578,0.0,TYR, ,CG,110.8,6.33,0.0,1.58,1.0,<Residue TYR het=  resseq=82 icode= >,4omy_A_A,3.062
579,2.019,TYR, ,CD1,108.28,6.18,0.0,1.10,1.0,<Residue TYR het=  resseq=82 icode= >,4omy_A_A,3.062
580,0.0,TYR, ,CD2,130.7,6.51,0.0,0.87,1.0,<Residue TYR het=  resseq=82 icode= >,4omy_A_A,3.062
581,16.625,TYR, ,CE1,111.87,6.23,0.0,1.01,1.0,<Residue TYR het=  resseq=82 icode= >,4omy_A_A,3.062
582,1.458,TYR, ,CE2,138.29,6.56,0.0,0.70,1.0,<Residue TYR het=  resseq=82 icode= >,4omy_A_A,3.062
583,4.282,TYR, ,CZ,121.02,6.42,0.0,1.33,1.0,<Residue TYR het=  resseq=82 icode= >,4omy_A_A,3.062
584,29.68,TYR, ,OH,130.58,6.88,0.0,0.51,1.0,<Residue TYR het=  resseq=82 icode= >,4omy_A_A,3.062
585,0.0,TYR, ,N,105.57,6.99,0.0,3.47,1.0,<Residue TYR het=  resseq=83 icode= >,4omy_A_A,3.062
586,0.0,TYR, ,CA,98.76,8.22,0.0,3.21,1.0,<Residue TYR het=  resseq=83 icode= >,4omy_A_A,3.062
587,0.0,TYR, ,C,111.77,9.45,0.0,4.11,1.0,<Residue TYR het=  resseq=83 icode= >,4omy_A_A,3.062
588,0.0,TYR, ,O,114.99,9.50,0.0,2.14,1.0,<Residue TYR het=  resseq=83 icode= >,4omy_A_A,3.062
589,0.0,TYR, ,CB,101.93,7.65,0.0,0.51,1.0,<Residue TYR het=  resseq=83 icode= >,4omy_A_A,3.062
590,0.0,TYR, ,CG,107.16,6.30,0.0,0.86,1.0,<Residue TYR het=  resseq=83 icode= >,4omy_A_A,3.062
591,0.0,TYR, ,CD1,97.13,5.23,0.0,0.74,1.0,<Residue TYR het=  resseq=83 icode= >,4omy_A_A,3.062
592,0.0,TYR, ,CD2,111.64,6.35,0.0,0.73,1.0,<Residue TYR het=  resseq=83 icode= >,4omy_A_A,3.062
593,3.777,TYR, ,CE1,92.51,4.01,3.777,0.55,1.0,<Residue TYR het=  resseq=83 icode= >,4omy_A_A,3.062
594,0.0,TYR, ,CE2,95.49,5.40,0.0,0.08,1.0,<Residue TYR het=  resseq=83 icode= >,4omy_A_A,3.062
595,0.0,TYR, ,CZ,90.26,4.13,0.0,0.67,1.0,<Residue TYR het=  resseq=83 icode= >,4omy_A_A,3.062
596,11.236,TYR, ,OH,89.91,3.41,8.619,-0.68,1.0,<Residue TYR het=  resseq=83 icode= >,4omy_A_A,3.062
597,0.0,SER, ,N,106.01,10.49,0.0,3.78,1.0,<Residue SER het=  resseq=84 icode= >,4omy_A_A,3.062
598,0.0,SER, ,CA,105.51,11.85,0.0,3.71,1.0,<Residue SER het=  resseq=84 icode= >,4omy_A_A,3.062
599,0.0,SER, ,C,119.74,12.23,0.0,3.37,1.0,<Residue SER het=  resseq=84 icode= >,4omy_A_A,3.062
600,0.0,SER, ,O,114.52,11.51,0.0,1.48,1.0,<Residue SER het=  resseq=84 icode= >,4omy_A_A,3.062
601,15.325,SER, ,CB,101.8,12.31,0.0,1.77,1.0,<Residue SER het=  resseq=84 icode= >,4omy_A_A,3.062
602,17.731,SER, ,OG,123.27,12.60,0.0,0.76,1.0,<Residue SER het=  resseq=84 icode= >,4omy_A_A,3.062
603,0.208,SER, ,N,102.79,13.48,0.0,4.04,1.0,<Residue SER het=  resseq=85 icode= >,4omy_A_A,3.062
604,0.0,SER, ,CA,98.15,14.08,0.0,3.91,1.0,<Residue SER het=  resseq=85 icode= >,4omy_A_A,3.062
605,0.373,SER, ,C,109.68,15.54,0.0,3.51,1.0,<Residue SER het=  resseq=85 icode= >,4omy_A_A,3.062
606,8.19,SER, ,O,124.25,16.37,0.0,2.11,1.0,<Residue SER het=  resseq=85 icode= >,4omy_A_A,3.062
607,0.0,SER, ,CB,112.67,14.08,0.0,1.53,1.0,<Residue SER het=  resseq=85 icode= >,4omy_A_A,3.062
608,0.0,SER, ,OG,121.4,14.85,0.0,0.73,1.0,<Residue SER het=  resseq=85 icode= >,4omy_A_A,3.062
609,2.723,SER, ,N,119.37,15.95,0.0,2.97,1.0,<Residue SER het=  resseq=86 icode= >,4omy_A_A,3.062
610,0.463,SER, ,CA,121.62,17.39,0.0,3.17,1.0,<Residue SER het=  resseq=86 icode= >,4omy_A_A,3.062
611,2.542,SER, ,C,135.69,17.96,0.0,2.80,1.0,<Residue SER het=  resseq=86 icode= >,4omy_A_A,3.062
612,17.3,SER, ,O,134.1,19.12,0.0,2.33,1.0,<Residue SER het=  resseq=86 icode= >,4omy_A_A,3.062
613,40.214,SER, ,CB,101.43,17.83,0.0,1.92,1.0,<Residue SER het=  resseq=86 icode= >,4omy_A_A,3.062
614,31.8,SER, ,OG,142.85,17.61,0.0,0.58,1.0,<Residue SER het=  resseq=86 icode= >,4omy_A_A,3.062
615,3.801,SER, ,N,132.02,17.25,0.0,1.74,1.0,<Residue SER het=  resseq=87 icode= >,4omy_A_A,3.062
616,10.073,SER, ,CA,139.49,18.01,0.0,1.61,1.0,<Residue SER het=  resseq=87 icode= >,4omy_A_A,3.062
617,0.0,SER, ,C,142.88,18.93,0.0,3.22,1.0,<Residue SER het=  resseq=87 icode= >,4omy_A_A,3.062
618,0.0,SER, ,O,132.96,18.53,0.0,2.42,1.0,<Residue SER het=  resseq=87 icode= >,4omy_A_A,3.062
619,7.102,SER, ,CB,133.1,17.20,0.0,-0.08,1.0,<Residue SER het=  resseq=87 icode= >,4omy_A_A,3.062
620,7.016,SER, ,OG,115.6,18.11,0.0,-0.03,1.0,<Residue SER het=  resseq=87 icode= >,4omy_A_A,3.062
621,4.486,ASP, ,N,154.41,1000.00,0.0,3.19,1.0,<Residue ASP het=  resseq=88 icode= >,4omy_A_A,3.062
622,0.0,ASP, ,CA,147.69,1000.00,0.0,3.18,1.0,<Residue ASP het=  resseq=88 icode= >,4omy_A_A,3.062
623,0.0,ASP, ,C,133.18,1000.00,0.0,3.26,1.0,<Residue ASP het=  resseq=88 icode= >,4omy_A_A,3.062
624,0.026,ASP, ,O,127.02,1000.00,0.0,2.31,1.0,<Residue ASP het=  resseq=88 icode= >,4omy_A_A,3.062
625,15.987,ASP, ,CB,160.56,1000.00,0.0,1.71,1.0,<Residue ASP het=  resseq=88 icode= >,4omy_A_A,3.062
626,8.076,ASP, ,CG,172.34,1000.00,0.0,1.34,1.0,<Residue ASP het=  resseq=88 icode= >,4omy_A_A,3.062
627,18.599,ASP, ,OD1,166.15,1000.00,0.675,0.83,1.0,<Residue ASP het=  resseq=88 icode= >,4omy_A_A,3.062
628,33.435,ASP, ,OD2,194.32,1000.00,0.0,0.61,1.0,<Residue ASP het=  resseq=88 icode= >,4omy_A_A,3.062
629,0.0,SER, ,N,132.05,1000.00,0.0,3.04,1.0,<Residue SER het=  resseq=89 icode= >,4omy_A_A,3.062
630,5.769,SER, ,CA,119.65,1000.00,5.7,2.95,1.0,<Residue SER het=  resseq=89 icode= >,4omy_A_A,3.062
631,0.0,SER, ,C,118.7,1000.00,0.0,2.71,1.0,<Residue SER het=  resseq=89 icode= >,4omy_A_A,3.062
632,0.757,SER, ,O,115.56,1000.00,0.757,0.81,1.0,<Residue SER het=  resseq=89 icode= >,4omy_A_A,3.062
633,13.329,SER, ,CB,107.44,1000.00,10.678,1.38,1.0,<Residue SER het=  resseq=89 icode= >,4omy_A_A,3.062
634,30.416,SER, ,OG,132.94,1000.00,8.942,0.63,1.0,<Residue SER het=  resseq=89 icode= >,4omy_A_A,3.062
635,0.0,VAL, ,N,108.72,17.15,0.0,3.09,1.0,<Residue VAL het=  resseq=90 icode= >,4omy_A_A,3.062
636,0.0,VAL, ,CA,99.0,16.40,0.0,3.52,1.0,<Residue VAL het=  resseq=90 icode= >,4omy_A_A,3.062
637,0.0,VAL, ,C,106.57,17.30,0.0,4.07,1.0,<Residue VAL het=  resseq=90 icode= >,4omy_A_A,3.062
638,0.0,VAL, ,O,104.78,17.09,0.0,2.61,1.0,<Residue VAL het=  resseq=90 icode= >,4omy_A_A,3.062
639,0.0,VAL, ,CB,96.13,16.06,0.0,2.80,1.0,<Residue VAL het=  resseq=90 icode= >,4omy_A_A,3.062
640,0.0,VAL, ,CG1,87.07,15.64,0.0,1.04,1.0,<Residue VAL het=  resseq=90 icode= >,4omy_A_A,3.062
641,0.0,VAL, ,CG2,101.0,15.12,0.0,-0.24,1.0,<Residue VAL het=  resseq=90 icode= >,4omy_A_A,3.062
642,0.0,MET, ,N,110.06,18.42,0.0,3.74,1.0,<Residue MET het=  resseq=91 icode= >,4omy_A_A,3.062
643,0.0,MET, ,CA,115.11,19.24,0.0,3.47,1.0,<Residue MET het=  resseq=91 icode= >,4omy_A_A,3.062
644,1.491,MET, ,C,112.45,20.01,0.0,4.28,1.0,<Residue MET het=  resseq=91 icode= >,4omy_A_A,3.062
645,9.177,MET, ,O,118.17,20.48,0.0,2.66,1.0,<Residue MET het=  resseq=91 icode= >,4omy_A_A,3.062
646,10.954,MET, ,CB,110.99,20.21,0.0,2.25,1.0,<Residue MET het=  resseq=91 icode= >,4omy_A_A,3.062
647,11.007,MET, ,CG,134.64,21.12,0.0,2.00,1.0,<Residue MET het=  resseq=91 icode= >,4omy_A_A,3.062
648,35.907,MET, ,S,208.46,21.97,0.0,2.82,1.0,<Residue MET het=  resseq=91 icode= >,4omy_A_A,3.062
649,6.565,MET, ,CE,123.09,20.80,0.0,0.94,1.0,<Residue MET het=  resseq=91 icode= >,4omy_A_A,3.062
650,0.373,LYS, ,N,106.15,1000.00,0.0,4.04,1.0,<Residue LYS het=  resseq=92 icode= >,4omy_A_A,3.062
651,7.849,LYS, ,CA,107.17,1000.00,0.0,3.95,1.0,<Residue LYS het=  resseq=92 icode= >,4omy_A_A,3.062
652,0.561,LYS, ,C,108.68,1000.00,0.561,3.91,1.0,<Residue LYS het=  resseq=92 icode= >,4omy_A_A,3.062
653,5.24,LYS, ,O,119.37,1000.00,1.564,2.34,1.0,<Residue LYS het=  resseq=92 icode= >,4omy_A_A,3.062
654,10.23,LYS, ,CB,92.99,1000.00,8.526,2.03,1.0,<Residue LYS het=  resseq=92 icode= >,4omy_A_A,3.062
655,9.732,LYS, ,CG,117.35,1000.00,0.689,1.27,1.0,<Residue LYS het=  resseq=92 icode= >,4omy_A_A,3.062
656,30.019,LYS, ,CD,118.62,1000.00,30.019,0.44,1.0,<Residue LYS het=  resseq=92 icode= >,4omy_A_A,3.062
657,46.585,LYS, ,CE,126.21,1000.00,32.958,0.53,1.0,<Residue LYS het=  resseq=92 icode= >,4omy_A_A,3.062
658,33.048,LYS, ,NZ,123.96,1000.00,1.152,0.47,1.0,<Residue LYS het=  resseq=92 icode= >,4omy_A_A,3.062
659,0.0,ILE, ,N,98.99,18.33,0.0,3.33,1.0,<Residue ILE het=  resseq=93 icode= >,4omy_A_A,3.062
660,0.0,ILE, ,CA,98.96,17.30,0.0,3.50,1.0,<Residue ILE het=  resseq=93 icode= >,4omy_A_A,3.062
661,0.0,ILE, ,C,111.42,17.14,0.0,3.00,1.0,<Residue ILE het=  resseq=93 icode= >,4omy_A_A,3.062
662,0.034,ILE, ,O,110.54,17.12,0.034,1.43,1.0,<Residue ILE het=  resseq=93 icode= >,4omy_A_A,3.062
663,0.0,ILE, ,CB,97.55,15.98,0.0,2.28,1.0,<Residue ILE het=  resseq=93 icode= >,4omy_A_A,3.062
664,0.613,ILE, ,CG1,91.15,16.24,0.613,0.13,1.0,<Residue ILE het=  resseq=93 icode= >,4omy_A_A,3.062
665,8.825,ILE, ,CG2,83.16,14.90,8.825,-0.09,1.0,<Residue ILE het=  resseq=93 icode= >,4omy_A_A,3.062
666,39.078,ILE, ,CD1,83.88,16.73,39.078,-0.94,1.0,<Residue ILE het=  resseq=93 icode= >,4omy_A_A,3.062
667,0.0,LEU, ,N,109.44,17.21,0.0,2.91,1.0,<Residue LEU het=  resseq=94 icode= >,4omy_A_A,3.062
668,0.453,LEU, ,CA,96.51,17.33,0.0,3.38,1.0,<Residue LEU het=  resseq=94 icode= >,4omy_A_A,3.062
669,1.051,LEU, ,C,106.05,18.63,0.0,3.99,1.0,<Residue LEU het=  resseq=94 icode= >,4omy_A_A,3.062
670,3.054,LEU, ,O,116.09,18.78,0.0,2.47,1.0,<Residue LEU het=  resseq=94 icode= >,4omy_A_A,3.062
671,13.086,LEU, ,CB,95.25,17.44,0.0,2.37,1.0,<Residue LEU het=  resseq=94 icode= >,4omy_A_A,3.062
672,0.0,LEU, ,CG,99.41,16.32,0.0,1.87,1.0,<Residue LEU het=  resseq=94 icode= >,4omy_A_A,3.062
673,8.676,LEU, ,CD1,102.26,16.62,0.0,0.17,1.0,<Residue LEU het=  resseq=94 icode= >,4omy_A_A,3.062
674,7.166,LEU, ,CD2,94.55,14.97,0.0,-0.39,1.0,<Residue LEU het=  resseq=94 icode= >,4omy_A_A,3.062
675,0.575,GLY, ,N,93.54,1000.00,0.0,3.63,1.0,<Residue GLY het=  resseq=95 icode= >,4omy_A_A,3.062
676,28.415,GLY, ,CA,112.42,1000.00,0.0,2.81,1.0,<Residue GLY het=  resseq=95 icode= >,4omy_A_A,3.062
677,1.788,GLY, ,C,120.4,1000.00,0.0,3.62,1.0,<Residue GLY het=  resseq=95 icode= >,4omy_A_A,3.062
678,0.889,GLY, ,O,135.34,1000.00,0.0,2.05,1.0,<Residue GLY het=  resseq=95 icode= >,4omy_A_A,3.062
679,2.241,ALA, ,N,119.78,1000.00,0.0,3.57,1.0,<Residue ALA het=  resseq=96 icode= >,4omy_A_A,3.062
680,0.742,ALA, ,CA,112.99,1000.00,0.168,3.20,1.0,<Residue ALA het=  resseq=96 icode= >,4omy_A_A,3.062
681,0.0,ALA, ,C,95.17,1000.00,0.0,3.92,1.0,<Residue ALA het=  resseq=96 icode= >,4omy_A_A,3.062
682,0.521,ALA, ,O,100.83,1000.00,0.521,1.78,1.0,<Residue ALA het=  resseq=96 icode= >,4omy_A_A,3.062
683,39.602,ALA, ,CB,98.32,1000.00,34.883,0.57,1.0,<Residue ALA het=  resseq=96 icode= >,4omy_A_A,3.062
684,0.0,LEU, ,N,84.4,18.50,0.0,3.87,1.0,<Residue LEU het=  resseq=97 icode= >,4omy_A_A,3.062
685,0.0,LEU, ,CA,88.77,17.78,0.0,2.79,1.0,<Residue LEU het=  resseq=97 icode= >,4omy_A_A,3.062
686,1.014,LEU, ,C,107.52,18.68,0.0,2.97,1.0,<Residue LEU het=  resseq=97 icode= >,4omy_A_A,3.062
687,0.0,LEU, ,O,107.2,18.93,0.0,1.66,1.0,<Residue LEU het=  resseq=97 icode= >,4omy_A_A,3.062
688,8.133,LEU, ,CB,79.07,16.47,0.474,1.20,1.0,<Residue LEU het=  resseq=97 icode= >,4omy_A_A,3.062
689,4.247,LEU, ,CG,70.2,15.34,4.247,1.11,1.0,<Residue LEU het=  resseq=97 icode= >,4omy_A_A,3.062
690,15.429,LEU, ,CD1,69.77,14.07,12.065,-0.80,1.0,<Residue LEU het=  resseq=97 icode= >,4omy_A_A,3.062
691,25.344,LEU, ,CD2,87.58,15.26,25.344,-0.18,1.0,<Residue LEU het=  resseq=97 icode= >,4omy_A_A,3.062
692,0.663,SER, ,N,116.51,1000.00,0.0,3.01,1.0,<Residue SER het=  resseq=98 icode= >,4omy_A_A,3.062
693,7.281,SER, ,CA,132.83,1000.00,0.0,2.52,1.0,<Residue SER het=  resseq=98 icode= >,4omy_A_A,3.062
694,1.408,SER, ,C,135.64,1000.00,0.0,3.02,1.0,<Residue SER het=  resseq=98 icode= >,4omy_A_A,3.062
695,2.939,SER, ,O,134.11,1000.00,0.0,2.16,1.0,<Residue SER het=  resseq=98 icode= >,4omy_A_A,3.062
696,41.507,SER, ,CB,145.55,1000.00,0.0,1.66,1.0,<Residue SER het=  resseq=98 icode= >,4omy_A_A,3.062
697,16.489,SER, ,OG,162.99,1000.00,0.0,1.12,1.0,<Residue SER het=  resseq=98 icode= >,4omy_A_A,3.062
698,0.295,GLU, ,N,130.49,1000.00,0.0,3.22,1.0,<Residue GLU het=  resseq=99 icode= >,4omy_A_A,3.062
699,8.17,GLU, ,CA,123.47,1000.00,0.0,3.34,1.0,<Residue GLU het=  resseq=99 icode= >,4omy_A_A,3.062
700,1.287,GLU, ,C,126.31,1000.00,1.287,3.30,1.0,<Residue GLU het=  resseq=99 icode= >,4omy_A_A,3.062
701,24.912,GLU, ,O,124.51,1000.00,1.333,1.50,1.0,<Residue GLU het=  resseq=99 icode= >,4omy_A_A,3.062
702,8.886,GLU, ,CB,113.67,1000.00,8.035,2.15,1.0,<Residue GLU het=  resseq=99 icode= >,4omy_A_A,3.062
703,31.216,GLU, ,CG,146.99,1000.00,1.056,0.90,1.0,<Residue GLU het=  resseq=99 icode= >,4omy_A_A,3.062
704,12.389,GLU, ,CD,162.2,1000.00,4.85,0.87,1.0,<Residue GLU het=  resseq=99 icode= >,4omy_A_A,3.062
705,17.831,GLU, ,OE1,151.69,1000.00,9.096,0.25,1.0,<Residue GLU het=  resseq=99 icode= >,4omy_A_A,3.062
706,42.626,GLU, ,OE2,171.79,1000.00,0.0,0.44,1.0,<Residue GLU het=  resseq=99 icode= >,4omy_A_A,3.062
707,0.0,ILE, ,N,126.93,1000.00,0.0,3.39,1.0,<Residue ILE het=  resseq=100 icode= >,4omy_A_A,3.062
708,5.673,ILE, ,CA,112.58,1000.00,0.887,2.88,1.0,<Residue ILE het=  resseq=100 icode= >,4omy_A_A,3.062
709,0.0,ILE, ,C,114.56,1000.00,0.0,2.14,1.0,<Residue ILE het=  resseq=100 icode= >,4omy_A_A,3.062
710,26.291,ILE, ,O,112.79,1000.00,0.0,0.64,1.0,<Residue ILE het=  resseq=100 icode= >,4omy_A_A,3.062
711,0.0,ILE, ,CB,101.99,1000.00,0.0,2.00,1.0,<Residue ILE het=  resseq=100 icode= >,4omy_A_A,3.062
712,22.11,ILE, ,CG1,97.8,1000.00,20.698,0.72,1.0,<Residue ILE het=  resseq=100 icode= >,4omy_A_A,3.062
713,18.197,ILE, ,CG2,98.44,1000.00,9.848,0.51,1.0,<Residue ILE het=  resseq=100 icode= >,4omy_A_A,3.062
714,46.146,ILE, ,CD1,85.49,1000.00,46.146,-0.30,1.0,<Residue ILE het=  resseq=100 icode= >,4omy_A_A,3.062
715,0.0,TYR, ,N,118.94,1000.00,0.0,2.34,1.0,<Residue TYR het=  resseq=101 icode= >,4omy_A_A,3.062
716,4.387,TYR, ,CA,115.43,1000.00,0.0,2.17,1.0,<Residue TYR het=  resseq=101 icode= >,4omy_A_A,3.062
717,3.552,TYR, ,C,122.87,1000.00,0.0,2.09,1.0,<Residue TYR het=  resseq=101 icode= >,4omy_A_A,3.062
718,26.234,TYR, ,O,129.57,1000.00,0.0,1.24,1.0,<Residue TYR het=  resseq=101 icode= >,4omy_A_A,3.062
719,24.898,TYR, ,CB,107.8,1000.00,6.206,0.44,1.0,<Residue TYR het=  resseq=101 icode= >,4omy_A_A,3.062
720,2.294,TYR, ,CG,111.17,1000.00,1.171,1.50,1.0,<Residue TYR het=  resseq=101 icode= >,4omy_A_A,3.062
721,22.975,TYR, ,CD1,119.35,1000.00,2.915,0.10,1.0,<Residue TYR het=  resseq=101 icode= >,4omy_A_A,3.062
722,9.255,TYR, ,CD2,125.77,1000.00,5.129,0.96,1.0,<Residue TYR het=  resseq=101 icode= >,4omy_A_A,3.062
723,29.398,TYR, ,CE1,120.74,1000.00,13.924,0.75,1.0,<Residue TYR het=  resseq=101 icode= >,4omy_A_A,3.062
724,6.688,TYR, ,CE2,124.83,1000.00,6.688,0.24,1.0,<Residue TYR het=  resseq=101 icode= >,4omy_A_A,3.062
725,4.953,TYR, ,CZ,113.53,1000.00,4.934,1.04,1.0,<Residue TYR het=  resseq=101 icode= >,4omy_A_A,3.062
726,39.807,TYR, ,OH,104.18,1000.00,34.132,-0.84,1.0,<Residue TYR het=  resseq=101 icode= >,4omy_A_A,3.062
727,0.873,GLY, ,N,120.04,1000.00,0.0,2.03,1.0,<Residue GLY het=  resseq=102 icode= >,4omy_A_A,3.062
728,30.243,GLY, ,CA,119.44,1000.00,0.0,1.56,1.0,<Residue GLY het=  resseq=102 icode= >,4omy_A_A,3.062
729,31.58,GLY, ,C,129.81,1000.00,0.0,1.28,1.0,<Residue GLY het=  resseq=102 icode= >,4omy_A_A,3.062
730,42.239,GLY, ,O,141.27,1000.00,0.0,0.89,1.0,<Residue GLY het=  resseq=102 icode= >,4omy_A_A,3.062
