,ASA,aa,altloc,atom,bfac,d2r,dASA,dens,occ,residue,id,resolu
0,39.389,GLN, ,N,91.74,14.83,7.191,1.32,1.0,<Residue GLN het=  resseq=6 icode= >,4on0_A_A,3.0
1,15.27,GLN, ,CA,97.64,14.69,7.493,1.80,1.0,<Residue GLN het=  resseq=6 icode= >,4on0_A_A,3.0
2,2.356,GLN, ,C,93.89,15.43,2.356,2.33,1.0,<Residue GLN het=  resseq=6 icode= >,4on0_A_A,3.0
3,14.219,GLN, ,O,82.77,16.14,6.635,1.55,1.0,<Residue GLN het=  resseq=6 icode= >,4on0_A_A,3.0
4,28.435,GLN, ,CB,110.36,15.39,0.0,1.01,1.0,<Residue GLN het=  resseq=6 icode= >,4on0_A_A,3.0
5,24.477,GLN, ,CG,117.12,16.92,0.0,1.01,1.0,<Residue GLN het=  resseq=6 icode= >,4on0_A_A,3.0
6,6.139,GLN, ,CD,120.38,17.84,0.0,1.22,1.0,<Residue GLN het=  resseq=6 icode= >,4on0_A_A,3.0
7,28.09,GLN, ,OE1,128.01,17.54,0.0,0.01,1.0,<Residue GLN het=  resseq=6 icode= >,4on0_A_A,3.0
8,54.339,GLN, ,NE2,113.9,19.06,0.0,0.87,1.0,<Residue GLN het=  resseq=6 icode= >,4on0_A_A,3.0
9,0.157,PRO, ,N,94.53,15.44,0.157,2.47,1.0,<Residue PRO het=  resseq=7 icode= >,4on0_A_A,3.0
10,12.052,PRO, ,CA,85.24,15.42,12.052,2.60,1.0,<Residue PRO het=  resseq=7 icode= >,4on0_A_A,3.0
11,0.244,PRO, ,C,85.81,15.66,0.122,2.84,1.0,<Residue PRO het=  resseq=7 icode= >,4on0_A_A,3.0
12,17.386,PRO, ,O,82.13,16.75,0.0,2.07,1.0,<Residue PRO het=  resseq=7 icode= >,4on0_A_A,3.0
13,27.454,PRO, ,CB,83.25,14.45,10.612,1.34,1.0,<Residue PRO het=  resseq=7 icode= >,4on0_A_A,3.0
14,42.977,PRO, ,CG,94.97,14.32,14.893,0.29,1.0,<Residue PRO het=  resseq=7 icode= >,4on0_A_A,3.0
15,23.101,PRO, ,CD,97.4,15.48,2.608,1.19,1.0,<Residue PRO het=  resseq=7 icode= >,4on0_A_A,3.0
16,2.866,LEU, ,N,88.0,14.68,2.866,2.47,1.0,<Residue LEU het=  resseq=8 icode= >,4on0_A_A,3.0
17,0.271,LEU, ,CA,88.14,14.88,0.0,2.08,1.0,<Residue LEU het=  resseq=8 icode= >,4on0_A_A,3.0
18,0.228,LEU, ,C,96.35,14.98,0.0,2.16,1.0,<Residue LEU het=  resseq=8 icode= >,4on0_A_A,3.0
19,8.813,LEU, ,O,103.07,14.33,0.0,1.29,1.0,<Residue LEU het=  resseq=8 icode= >,4on0_A_A,3.0
20,0.883,LEU, ,CB,78.14,13.86,0.883,0.96,1.0,<Residue LEU het=  resseq=8 icode= >,4on0_A_A,3.0
21,9.98,LEU, ,CG,71.73,14.03,9.98,2.11,1.0,<Residue LEU het=  resseq=8 icode= >,4on0_A_A,3.0
22,55.749,LEU, ,CD1,64.56,13.08,52.205,0.32,1.0,<Residue LEU het=  resseq=8 icode= >,4on0_A_A,3.0
23,37.735,LEU, ,CD2,73.69,15.46,24.435,0.80,1.0,<Residue LEU het=  resseq=8 icode= >,4on0_A_A,3.0
24,0.868,SER, ,N,95.27,15.93,0.0,1.95,1.0,<Residue SER het=  resseq=9 icode= >,4on0_A_A,3.0
25,4.547,SER, ,CA,96.78,16.34,0.0,2.60,1.0,<Residue SER het=  resseq=9 icode= >,4on0_A_A,3.0
26,0.0,SER, ,C,99.03,15.41,0.0,2.90,1.0,<Residue SER het=  resseq=9 icode= >,4on0_A_A,3.0
27,0.0,SER, ,O,88.26,14.87,0.0,1.81,1.0,<Residue SER het=  resseq=9 icode= >,4on0_A_A,3.0
28,25.217,SER, ,CB,101.79,17.73,0.0,1.30,1.0,<Residue SER het=  resseq=9 icode= >,4on0_A_A,3.0
29,1.462,SER, ,OG,103.95,17.74,0.0,0.57,1.0,<Residue SER het=  resseq=9 icode= >,4on0_A_A,3.0
30,0.0,PRO, ,N,102.3,15.34,0.0,2.51,1.0,<Residue PRO het=  resseq=10 icode= >,4on0_A_A,3.0
31,2.067,PRO, ,CA,91.56,14.60,0.0,2.49,1.0,<Residue PRO het=  resseq=10 icode= >,4on0_A_A,3.0
32,0.892,PRO, ,C,88.73,14.96,0.0,3.95,1.0,<Residue PRO het=  resseq=10 icode= >,4on0_A_A,3.0
33,0.572,PRO, ,O,84.68,14.27,0.0,2.10,1.0,<Residue PRO het=  resseq=10 icode= >,4on0_A_A,3.0
34,33.896,PRO, ,CB,84.37,15.24,0.0,1.75,1.0,<Residue PRO het=  resseq=10 icode= >,4on0_A_A,3.0
35,43.296,PRO, ,CG,86.82,15.68,0.0,1.63,1.0,<Residue PRO het=  resseq=10 icode= >,4on0_A_A,3.0
36,21.726,PRO, ,CD,92.28,16.12,0.0,2.06,1.0,<Residue PRO het=  resseq=10 icode= >,4on0_A_A,3.0
37,0.185,GLU, ,N,94.06,16.16,0.0,3.21,1.0,<Residue GLU het=  resseq=11 icode= >,4on0_A_A,3.0
38,4.9,GLU, ,CA,93.15,16.75,0.0,2.42,1.0,<Residue GLU het=  resseq=11 icode= >,4on0_A_A,3.0
39,0.0,GLU, ,C,84.11,16.03,0.0,2.82,1.0,<Residue GLU het=  resseq=11 icode= >,4on0_A_A,3.0
40,0.879,GLU, ,O,84.9,15.92,0.0,1.11,1.0,<Residue GLU het=  resseq=11 icode= >,4on0_A_A,3.0
41,12.972,GLU, ,CB,97.92,18.19,0.0,1.21,1.0,<Residue GLU het=  resseq=11 icode= >,4on0_A_A,3.0
42,33.425,GLU, ,CG,115.4,19.12,0.0,0.14,1.0,<Residue GLU het=  resseq=11 icode= >,4on0_A_A,3.0
43,9.271,GLU, ,CD,124.85,19.85,0.0,1.03,1.0,<Residue GLU het=  resseq=11 icode= >,4on0_A_A,3.0
44,14.931,GLU, ,OE1,127.55,19.64,0.0,0.49,1.0,<Residue GLU het=  resseq=11 icode= >,4on0_A_A,3.0
45,42.242,GLU, ,OE2,126.79,20.72,0.0,0.44,1.0,<Residue GLU het=  resseq=11 icode= >,4on0_A_A,3.0
46,0.0,LYS, ,N,76.22,15.68,0.0,3.16,1.0,<Residue LYS het=  resseq=12 icode= >,4on0_A_A,3.0
47,0.024,LYS, ,CA,78.15,15.05,0.0,3.03,1.0,<Residue LYS het=  resseq=12 icode= >,4on0_A_A,3.0
48,1.379,LYS, ,C,84.57,13.66,1.379,3.12,1.0,<Residue LYS het=  resseq=12 icode= >,4on0_A_A,3.0
49,3.345,LYS, ,O,83.01,13.39,2.208,2.16,1.0,<Residue LYS het=  resseq=12 icode= >,4on0_A_A,3.0
50,8.827,LYS, ,CB,80.62,15.11,5.045,1.12,1.0,<Residue LYS het=  resseq=12 icode= >,4on0_A_A,3.0
51,13.467,LYS, ,CG,83.44,16.56,0.0,0.98,1.0,<Residue LYS het=  resseq=12 icode= >,4on0_A_A,3.0
52,4.133,LYS, ,CD,85.8,16.76,0.0,0.99,1.0,<Residue LYS het=  resseq=12 icode= >,4on0_A_A,3.0
53,33.815,LYS, ,CE,85.78,18.25,0.0,1.11,1.0,<Residue LYS het=  resseq=12 icode= >,4on0_A_A,3.0
54,33.78,LYS, ,NZ,81.78,18.62,0.0,0.46,1.0,<Residue LYS het=  resseq=12 icode= >,4on0_A_A,3.0
55,0.023,HIS, ,N,88.97,12.91,0.023,2.24,1.0,<Residue HIS het=  resseq=13 icode= >,4on0_A_A,3.0
56,3.334,HIS, ,CA,87.26,11.64,2.899,2.52,1.0,<Residue HIS het=  resseq=13 icode= >,4on0_A_A,3.0
57,0.069,HIS, ,C,80.75,11.90,0.0,3.61,1.0,<Residue HIS het=  resseq=13 icode= >,4on0_A_A,3.0
58,1.365,HIS, ,O,70.09,11.21,0.812,2.09,1.0,<Residue HIS het=  resseq=13 icode= >,4on0_A_A,3.0
59,12.868,HIS, ,CB,95.14,11.15,0.0,1.10,1.0,<Residue HIS het=  resseq=13 icode= >,4on0_A_A,3.0
60,2.07,HIS, ,CG,98.12,10.46,0.9,1.34,1.0,<Residue HIS het=  resseq=13 icode= >,4on0_A_A,3.0
61,0.101,HIS, ,ND1,98.08,11.19,0.101,1.42,1.0,<Residue HIS het=  resseq=13 icode= >,4on0_A_A,3.0
62,38.195,HIS, ,CD2,95.04,9.24,11.828,0.58,1.0,<Residue HIS het=  resseq=13 icode= >,4on0_A_A,3.0
63,19.617,HIS, ,CE1,91.24,10.57,11.113,1.37,1.0,<Residue HIS het=  resseq=13 icode= >,4on0_A_A,3.0
64,30.529,HIS, ,NE2,90.11,9.35,20.928,0.66,1.0,<Residue HIS het=  resseq=13 icode= >,4on0_A_A,3.0
65,0.0,GLU, ,N,88.11,13.05,0.0,3.66,1.0,<Residue GLU het=  resseq=14 icode= >,4on0_A_A,3.0
66,0.011,GLU, ,CA,86.56,13.62,0.0,3.49,1.0,<Residue GLU het=  resseq=14 icode= >,4on0_A_A,3.0
67,0.0,GLU, ,C,72.91,14.10,0.0,4.50,1.0,<Residue GLU het=  resseq=14 icode= >,4on0_A_A,3.0
68,0.0,GLU, ,O,71.87,14.01,0.0,2.73,1.0,<Residue GLU het=  resseq=14 icode= >,4on0_A_A,3.0
69,12.285,GLU, ,CB,99.15,14.85,0.0,1.91,1.0,<Residue GLU het=  resseq=14 icode= >,4on0_A_A,3.0
70,24.818,GLU, ,CG,115.54,14.60,0.0,1.53,1.0,<Residue GLU het=  resseq=14 icode= >,4on0_A_A,3.0
71,10.186,GLU, ,CD,126.72,14.31,0.0,0.96,1.0,<Residue GLU het=  resseq=14 icode= >,4on0_A_A,3.0
72,39.924,GLU, ,OE1,134.35,13.85,0.0,0.46,1.0,<Residue GLU het=  resseq=14 icode= >,4on0_A_A,3.0
73,16.438,GLU, ,OE2,122.47,14.46,0.0,0.94,1.0,<Residue GLU het=  resseq=14 icode= >,4on0_A_A,3.0
74,0.243,GLU, ,N,63.92,14.80,0.0,3.52,1.0,<Residue GLU het=  resseq=15 icode= >,4on0_A_A,3.0
75,3.254,GLU, ,CA,57.05,15.39,0.0,3.95,1.0,<Residue GLU het=  resseq=15 icode= >,4on0_A_A,3.0
76,1.454,GLU, ,C,56.2,14.18,0.0,4.28,1.0,<Residue GLU het=  resseq=15 icode= >,4on0_A_A,3.0
77,2.8,GLU, ,O,57.62,13.88,0.544,2.35,1.0,<Residue GLU het=  resseq=15 icode= >,4on0_A_A,3.0
78,12.659,GLU, ,CB,61.35,16.16,0.0,2.55,1.0,<Residue GLU het=  resseq=15 icode= >,4on0_A_A,3.0
79,23.266,GLU, ,CG,84.38,17.40,0.0,1.49,1.0,<Residue GLU het=  resseq=15 icode= >,4on0_A_A,3.0
80,8.669,GLU, ,CD,101.66,18.23,0.0,1.90,1.0,<Residue GLU het=  resseq=15 icode= >,4on0_A_A,3.0
81,31.422,GLU, ,OE1,100.55,18.10,0.0,1.16,1.0,<Residue GLU het=  resseq=15 icode= >,4on0_A_A,3.0
82,31.368,GLU, ,OE2,111.37,19.09,0.0,0.81,1.0,<Residue GLU het=  resseq=15 icode= >,4on0_A_A,3.0
83,0.645,ALA, ,N,51.5,13.29,0.0,3.56,1.0,<Residue ALA het=  resseq=16 icode= >,4on0_A_A,3.0
84,8.021,ALA, ,CA,55.16,12.14,3.52,4.02,1.0,<Residue ALA het=  resseq=16 icode= >,4on0_A_A,3.0
85,1.133,ALA, ,C,61.66,11.16,1.133,4.18,1.0,<Residue ALA het=  resseq=16 icode= >,4on0_A_A,3.0
86,1.524,ALA, ,O,76.79,10.39,1.524,2.23,1.0,<Residue ALA het=  resseq=16 icode= >,4on0_A_A,3.0
87,48.558,ALA, ,CB,49.98,11.29,46.603,1.79,1.0,<Residue ALA het=  resseq=16 icode= >,4on0_A_A,3.0
88,0.071,GLU, ,N,56.48,11.38,0.071,2.85,1.0,<Residue GLU het=  resseq=17 icode= >,4on0_A_A,3.0
89,1.818,GLU, ,CA,51.51,10.73,1.818,3.85,1.0,<Residue GLU het=  resseq=17 icode= >,4on0_A_A,3.0
90,1.36,GLU, ,C,49.37,11.12,0.0,5.03,1.0,<Residue GLU het=  resseq=17 icode= >,4on0_A_A,3.0
91,4.509,GLU, ,O,50.06,10.38,0.0,3.06,1.0,<Residue GLU het=  resseq=17 icode= >,4on0_A_A,3.0
92,6.644,GLU, ,CB,63.81,11.30,0.0,2.50,1.0,<Residue GLU het=  resseq=17 icode= >,4on0_A_A,3.0
93,17.312,GLU, ,CG,85.25,10.03,4.059,2.03,1.0,<Residue GLU het=  resseq=17 icode= >,4on0_A_A,3.0
94,14.46,GLU, ,CD,102.87,9.21,6.285,1.07,1.0,<Residue GLU het=  resseq=17 icode= >,4on0_A_A,3.0
95,28.917,GLU, ,OE1,105.45,9.38,2.437,0.25,1.0,<Residue GLU het=  resseq=17 icode= >,4on0_A_A,3.0
96,41.886,GLU, ,OE2,109.32,8.17,7.831,0.27,1.0,<Residue GLU het=  resseq=17 icode= >,4on0_A_A,3.0
97,0.0,ILE, ,N,57.48,12.41,0.0,3.28,1.0,<Residue ILE het=  resseq=18 icode= >,4on0_A_A,3.0
98,6.185,ILE, ,CA,54.44,12.57,0.0,3.14,1.0,<Residue ILE het=  resseq=18 icode= >,4on0_A_A,3.0
99,0.0,ILE, ,C,47.54,12.36,0.0,4.30,1.0,<Residue ILE het=  resseq=18 icode= >,4on0_A_A,3.0
100,1.299,ILE, ,O,49.29,11.59,0.0,2.94,1.0,<Residue ILE het=  resseq=18 icode= >,4on0_A_A,3.0
101,1.372,ILE, ,CB,56.53,13.93,0.625,2.64,1.0,<Residue ILE het=  resseq=18 icode= >,4on0_A_A,3.0
102,18.903,ILE, ,CG1,56.08,14.27,0.0,2.18,1.0,<Residue ILE het=  resseq=18 icode= >,4on0_A_A,3.0
103,50.408,ILE, ,CG2,54.73,14.11,24.583,0.82,1.0,<Residue ILE het=  resseq=18 icode= >,4on0_A_A,3.0
104,46.781,ILE, ,CD1,59.98,15.77,0.42,0.37,1.0,<Residue ILE het=  resseq=18 icode= >,4on0_A_A,3.0
105,0.468,ALA, ,N,44.69,12.85,0.449,3.71,1.0,<Residue ALA het=  resseq=19 icode= >,4on0_A_A,3.0
106,5.515,ALA, ,CA,55.41,12.75,5.515,3.05,1.0,<Residue ALA het=  resseq=19 icode= >,4on0_A_A,3.0
107,0.003,ALA, ,C,61.49,11.43,0.003,3.91,1.0,<Residue ALA het=  resseq=19 icode= >,4on0_A_A,3.0
108,0.0,ALA, ,O,57.3,11.52,0.0,2.28,1.0,<Residue ALA het=  resseq=19 icode= >,4on0_A_A,3.0
109,45.496,ALA, ,CB,42.94,13.14,37.298,1.51,1.0,<Residue ALA het=  resseq=19 icode= >,4on0_A_A,3.0
110,0.537,ALA, ,N,41.51,10.32,0.537,3.93,1.0,<Residue ALA het=  resseq=20 icode= >,4on0_A_A,3.0
111,2.816,ALA, ,CA,45.62,8.99,2.816,4.51,1.0,<Residue ALA het=  resseq=20 icode= >,4on0_A_A,3.0
112,0.585,ALA, ,C,48.07,8.91,0.0,5.26,1.0,<Residue ALA het=  resseq=20 icode= >,4on0_A_A,3.0
113,0.587,ALA, ,O,64.48,8.29,0.587,2.65,1.0,<Residue ALA het=  resseq=20 icode= >,4on0_A_A,3.0
114,46.233,ALA, ,CB,47.3,7.97,43.819,0.30,1.0,<Residue ALA het=  resseq=20 icode= >,4on0_A_A,3.0
115,0.483,GLY, ,N,46.67,9.01,0.0,2.77,1.0,<Residue GLY het=  resseq=21 icode= >,4on0_A_A,3.0
116,22.641,GLY, ,CA,54.16,8.08,0.0,2.28,1.0,<Residue GLY het=  resseq=21 icode= >,4on0_A_A,3.0
117,0.0,GLY, ,C,58.22,8.40,0.0,4.48,1.0,<Residue GLY het=  resseq=21 icode= >,4on0_A_A,3.0
118,2.404,GLY, ,O,64.74,7.64,0.0,2.33,1.0,<Residue GLY het=  resseq=21 icode= >,4on0_A_A,3.0
119,0.0,PHE, ,N,51.42,9.72,0.0,3.42,1.0,<Residue PHE het=  resseq=22 icode= >,4on0_A_A,3.0
120,0.0,PHE, ,CA,47.39,10.42,0.0,3.36,1.0,<Residue PHE het=  resseq=22 icode= >,4on0_A_A,3.0
121,0.0,PHE, ,C,57.07,10.18,0.0,4.03,1.0,<Residue PHE het=  resseq=22 icode= >,4on0_A_A,3.0
122,0.0,PHE, ,O,68.31,9.99,0.0,2.22,1.0,<Residue PHE het=  resseq=22 icode= >,4on0_A_A,3.0
123,9.834,PHE, ,CB,48.66,11.91,7.034,2.14,1.0,<Residue PHE het=  resseq=22 icode= >,4on0_A_A,3.0
124,1.739,PHE, ,CG,42.94,12.84,1.022,2.71,1.0,<Residue PHE het=  resseq=22 icode= >,4on0_A_A,3.0
125,3.922,PHE, ,CD1,39.29,12.93,0.0,2.32,1.0,<Residue PHE het=  resseq=22 icode= >,4on0_A_A,3.0
126,12.888,PHE, ,CD2,40.12,13.81,12.69,2.07,1.0,<Residue PHE het=  resseq=22 icode= >,4on0_A_A,3.0
127,0.0,PHE, ,CE1,36.44,13.94,0.0,2.10,1.0,<Residue PHE het=  resseq=22 icode= >,4on0_A_A,3.0
128,6.764,PHE, ,CE2,40.97,14.76,6.764,2.68,1.0,<Residue PHE het=  resseq=22 icode= >,4on0_A_A,3.0
129,0.0,PHE, ,CZ,34.87,14.82,0.0,1.96,1.0,<Residue PHE het=  resseq=22 icode= >,4on0_A_A,3.0
130,0.0,LEU, ,N,50.59,10.43,0.0,3.06,1.0,<Residue LEU het=  resseq=23 icode= >,4on0_A_A,3.0
131,0.0,LEU, ,CA,41.82,10.54,0.0,4.21,1.0,<Residue LEU het=  resseq=23 icode= >,4on0_A_A,3.0
132,0.234,LEU, ,C,55.59,9.29,0.234,3.92,1.0,<Residue LEU het=  resseq=23 icode= >,4on0_A_A,3.0
133,1.033,LEU, ,O,71.96,9.10,1.033,1.73,1.0,<Residue LEU het=  resseq=23 icode= >,4on0_A_A,3.0
134,11.34,LEU, ,CB,40.02,10.58,11.34,2.85,1.0,<Residue LEU het=  resseq=23 icode= >,4on0_A_A,3.0
135,1.638,LEU, ,CG,40.14,11.72,1.638,2.01,1.0,<Residue LEU het=  resseq=23 icode= >,4on0_A_A,3.0
136,55.156,LEU, ,CD1,51.31,11.38,55.156,-0.36,1.0,<Residue LEU het=  resseq=23 icode= >,4on0_A_A,3.0
137,18.304,LEU, ,CD2,40.37,12.86,18.304,0.69,1.0,<Residue LEU het=  resseq=23 icode= >,4on0_A_A,3.0
138,0.408,SER, ,N,60.3,8.12,0.408,2.81,1.0,<Residue SER het=  resseq=24 icode= >,4on0_A_A,3.0
139,3.446,SER, ,CA,55.65,6.87,2.65,3.84,1.0,<Residue SER het=  resseq=24 icode= >,4on0_A_A,3.0
140,1.381,SER, ,C,57.28,6.79,0.0,4.17,1.0,<Residue SER het=  resseq=24 icode= >,4on0_A_A,3.0
141,5.362,SER, ,O,66.32,6.05,0.0,1.26,1.0,<Residue SER het=  resseq=24 icode= >,4on0_A_A,3.0
142,32.888,SER, ,CB,53.62,5.73,4.352,2.28,1.0,<Residue SER het=  resseq=24 icode= >,4on0_A_A,3.0
143,21.75,SER, ,OG,64.03,6.33,13.388,1.74,1.0,<Residue SER het=  resseq=24 icode= >,4on0_A_A,3.0
144,0.603,ALA, ,N,66.16,7.33,0.0,2.30,1.0,<Residue ALA het=  resseq=25 icode= >,4on0_A_A,3.0
145,4.772,ALA, ,CA,64.09,7.58,0.0,2.10,1.0,<Residue ALA het=  resseq=25 icode= >,4on0_A_A,3.0
146,0.0,ALA, ,C,51.56,7.63,0.0,4.08,1.0,<Residue ALA het=  resseq=25 icode= >,4on0_A_A,3.0
147,0.008,ALA, ,O,34.23,7.12,0.0,2.34,1.0,<Residue ALA het=  resseq=25 icode= >,4on0_A_A,3.0
148,2.1,ALA, ,CB,45.96,8.57,0.0,0.09,1.0,<Residue ALA het=  resseq=25 icode= >,4on0_A_A,3.0
149,0.0,MET, ,N,44.18,8.52,0.0,2.96,1.0,<Residue MET het=  resseq=26 icode= >,4on0_A_A,3.0
150,0.0,MET, ,CA,41.61,8.91,0.0,3.31,1.0,<Residue MET het=  resseq=26 icode= >,4on0_A_A,3.0
151,0.864,MET, ,C,51.31,7.97,0.864,3.08,1.0,<Residue MET het=  resseq=26 icode= >,4on0_A_A,3.0
152,0.723,MET, ,O,49.03,8.09,0.723,1.98,1.0,<Residue MET het=  resseq=26 icode= >,4on0_A_A,3.0
153,3.679,MET, ,CB,48.14,10.34,3.679,0.56,1.0,<Residue MET het=  resseq=26 icode= >,4on0_A_A,3.0
154,0.0,MET, ,CG,41.16,11.29,0.0,2.13,1.0,<Residue MET het=  resseq=26 icode= >,4on0_A_A,3.0
155,0.0,MET, ,SD,53.94,13.02,0.0,4.31,1.0,<Residue MET het=  resseq=26 icode= >,4on0_A_A,3.0
156,0.031,MET, ,CE,58.2,12.89,0.031,0.71,1.0,<Residue MET het=  resseq=26 icode= >,4on0_A_A,3.0
157,0.0,ALA, ,N,53.63,7.29,0.0,2.14,1.0,<Residue ALA het=  resseq=27 icode= >,4on0_A_A,3.0
158,11.213,ALA, ,CA,53.51,6.78,11.213,3.28,1.0,<Residue ALA het=  resseq=27 icode= >,4on0_A_A,3.0
159,4.383,ALA, ,C,50.36,5.45,4.383,3.42,1.0,<Residue ALA het=  resseq=27 icode= >,4on0_A_A,3.0
160,22.917,ALA, ,O,55.89,4.62,11.921,2.39,1.0,<Residue ALA het=  resseq=27 icode= >,4on0_A_A,3.0
161,42.129,ALA, ,CB,53.52,6.99,37.909,1.25,1.0,<Residue ALA het=  resseq=27 icode= >,4on0_A_A,3.0
162,1.03,ASN, ,N,46.92,5.55,1.03,3.31,1.0,<Residue ASN het=  resseq=28 icode= >,4on0_A_A,3.0
163,1.122,ASN, ,CA,41.87,4.78,0.877,4.34,1.0,<Residue ASN het=  resseq=28 icode= >,4on0_A_A,3.0
164,1.111,ASN, ,C,60.29,5.96,1.111,3.99,1.0,<Residue ASN het=  resseq=28 icode= >,4on0_A_A,3.0
165,0.0,ASN, ,O,75.9,6.91,0.0,1.13,1.0,<Residue ASN het=  resseq=28 icode= >,4on0_A_A,3.0
166,0.516,ASN, ,CB,29.82,3.89,0.516,3.96,1.0,<Residue ASN het=  resseq=28 icode= >,4on0_A_A,3.0
167,0.0,ASN, ,CG,39.66,3.72,0.0,4.77,1.0,<Residue ASN het=  resseq=28 icode= >,4on0_A_A,3.0
168,0.0,ASN, ,OD1,67.5,4.82,0.0,1.95,1.0,<Residue ASN het=  resseq=28 icode= >,4on0_A_A,3.0
169,32.304,ASN, ,ND2,37.61,2.73,26.16,3.39,1.0,<Residue ASN het=  resseq=28 icode= >,4on0_A_A,3.0
170,0.395,PRO, ,N,53.36,6.17,0.395,4.47,1.0,<Residue PRO het=  resseq=29 icode= >,4on0_A_A,3.0
171,7.054,PRO, ,CA,59.51,7.53,7.054,4.73,1.0,<Residue PRO het=  resseq=29 icode= >,4on0_A_A,3.0
172,0.0,PRO, ,C,52.56,7.51,0.0,4.64,1.0,<Residue PRO het=  resseq=29 icode= >,4on0_A_A,3.0
173,0.507,PRO, ,O,62.65,8.48,0.507,2.01,1.0,<Residue PRO het=  resseq=29 icode= >,4on0_A_A,3.0
174,33.985,PRO, ,CB,62.77,7.55,28.538,1.82,1.0,<Residue PRO het=  resseq=29 icode= >,4on0_A_A,3.0
175,29.421,PRO, ,CG,54.82,6.48,7.987,2.03,1.0,<Residue PRO het=  resseq=29 icode= >,4on0_A_A,3.0
176,22.653,PRO, ,CD,44.38,5.52,10.554,2.12,1.0,<Residue PRO het=  resseq=29 icode= >,4on0_A_A,3.0
177,0.0,LYS, ,N,44.0,6.25,0.0,3.29,1.0,<Residue LYS het=  resseq=30 icode= >,4on0_A_A,3.0
178,0.0,LYS, ,CA,50.12,6.11,0.0,3.18,1.0,<Residue LYS het=  resseq=30 icode= >,4on0_A_A,3.0
179,0.0,LYS, ,C,51.23,7.07,0.0,3.77,1.0,<Residue LYS het=  resseq=30 icode= >,4on0_A_A,3.0
180,0.0,LYS, ,O,62.4,7.93,0.0,1.79,1.0,<Residue LYS het=  resseq=30 icode= >,4on0_A_A,3.0
181,0.0,LYS, ,CB,46.18,4.74,0.0,2.40,1.0,<Residue LYS het=  resseq=30 icode= >,4on0_A_A,3.0
182,9.871,LYS, ,CG,54.7,4.00,8.004,1.20,1.0,<Residue LYS het=  resseq=30 icode= >,4on0_A_A,3.0
183,0.422,LYS, ,CD,59.36,5.06,0.194,1.53,1.0,<Residue LYS het=  resseq=30 icode= >,4on0_A_A,3.0
184,16.184,LYS, ,CE,65.62,4.94,7.941,1.44,1.0,<Residue LYS het=  resseq=30 icode= >,4on0_A_A,3.0
185,39.85,LYS, ,NZ,68.01,4.88,8.12,0.63,1.0,<Residue LYS het=  resseq=30 icode= >,4on0_A_A,3.0
186,0.0,ARG, ,N,45.38,7.19,0.0,3.99,1.0,<Residue ARG het=  resseq=31 icode= >,4on0_A_A,3.0
187,0.0,ARG, ,CA,54.0,7.97,0.0,3.77,1.0,<Residue ARG het=  resseq=31 icode= >,4on0_A_A,3.0
188,0.0,ARG, ,C,50.13,9.06,0.0,5.23,1.0,<Residue ARG het=  resseq=31 icode= >,4on0_A_A,3.0
189,0.0,ARG, ,O,40.39,10.03,0.0,3.57,1.0,<Residue ARG het=  resseq=31 icode= >,4on0_A_A,3.0
190,0.0,ARG, ,CB,53.79,6.79,0.0,2.93,1.0,<Residue ARG het=  resseq=31 icode= >,4on0_A_A,3.0
191,0.0,ARG, ,CG,43.93,6.87,0.0,3.08,1.0,<Residue ARG het=  resseq=31 icode= >,4on0_A_A,3.0
192,0.091,ARG, ,CD,36.54,5.61,0.0,3.06,1.0,<Residue ARG het=  resseq=31 icode= >,4on0_A_A,3.0
193,0.0,ARG, ,NE,43.25,4.70,0.0,3.29,1.0,<Residue ARG het=  resseq=31 icode= >,4on0_A_A,3.0
194,0.0,ARG, ,CZ,45.29,3.37,0.0,3.89,1.0,<Residue ARG het=  resseq=31 icode= >,4on0_A_A,3.0
195,3.079,ARG, ,NH1,36.33,2.87,3.079,2.23,1.0,<Residue ARG het=  resseq=31 icode= >,4on0_A_A,3.0
196,16.387,ARG, ,NH2,51.93,3.02,9.779,1.99,1.0,<Residue ARG het=  resseq=31 icode= >,4on0_A_A,3.0
197,0.0,LEU, ,N,50.09,9.01,0.0,3.20,1.0,<Residue LEU het=  resseq=32 icode= >,4on0_A_A,3.0
198,0.0,LEU, ,CA,47.34,10.21,0.0,3.62,1.0,<Residue LEU het=  resseq=32 icode= >,4on0_A_A,3.0
199,1.51,LEU, ,C,57.25,11.40,0.0,4.44,1.0,<Residue LEU het=  resseq=32 icode= >,4on0_A_A,3.0
200,0.537,LEU, ,O,81.61,12.49,0.0,1.93,1.0,<Residue LEU het=  resseq=32 icode= >,4on0_A_A,3.0
201,5.136,LEU, ,CB,42.82,10.11,3.679,2.08,1.0,<Residue LEU het=  resseq=32 icode= >,4on0_A_A,3.0
202,4.435,LEU, ,CG,44.68,10.79,0.0,2.49,1.0,<Residue LEU het=  resseq=32 icode= >,4on0_A_A,3.0
203,1.054,LEU, ,CD1,40.57,10.59,1.054,1.66,1.0,<Residue LEU het=  resseq=32 icode= >,4on0_A_A,3.0
204,38.286,LEU, ,CD2,38.06,10.54,36.961,1.26,1.0,<Residue LEU het=  resseq=32 icode= >,4on0_A_A,3.0
205,0.0,LEU, ,N,53.18,10.65,0.0,3.98,1.0,<Residue LEU het=  resseq=33 icode= >,4on0_A_A,3.0
206,0.331,LEU, ,CA,53.66,11.17,0.0,4.77,1.0,<Residue LEU het=  resseq=33 icode= >,4on0_A_A,3.0
207,0.0,LEU, ,C,58.76,11.57,0.0,4.12,1.0,<Residue LEU het=  resseq=33 icode= >,4on0_A_A,3.0
208,0.908,LEU, ,O,64.93,12.72,0.575,2.24,1.0,<Residue LEU het=  resseq=33 icode= >,4on0_A_A,3.0
209,2.98,LEU, ,CB,44.04,10.33,2.98,2.24,1.0,<Residue LEU het=  resseq=33 icode= >,4on0_A_A,3.0
210,1.662,LEU, ,CG,43.91,10.17,1.662,2.75,1.0,<Residue LEU het=  resseq=33 icode= >,4on0_A_A,3.0
211,29.801,LEU, ,CD1,44.01,9.35,29.15,1.76,1.0,<Residue LEU het=  resseq=33 icode= >,4on0_A_A,3.0
212,59.519,LEU, ,CD2,57.72,11.59,45.982,0.78,1.0,<Residue LEU het=  resseq=33 icode= >,4on0_A_A,3.0
213,0.0,ILE, ,N,42.45,10.75,0.0,2.68,1.0,<Residue ILE het=  resseq=34 icode= >,4on0_A_A,3.0
214,0.0,ILE, ,CA,45.8,11.28,0.0,3.90,1.0,<Residue ILE het=  resseq=34 icode= >,4on0_A_A,3.0
215,0.0,ILE, ,C,49.16,12.56,0.0,4.02,1.0,<Residue ILE het=  resseq=34 icode= >,4on0_A_A,3.0
216,0.0,ILE, ,O,48.69,13.01,0.0,1.56,1.0,<Residue ILE het=  resseq=34 icode= >,4on0_A_A,3.0
217,0.0,ILE, ,CB,47.0,10.16,0.0,2.45,1.0,<Residue ILE het=  resseq=34 icode= >,4on0_A_A,3.0
218,0.0,ILE, ,CG1,40.58,9.05,0.0,2.47,1.0,<Residue ILE het=  resseq=34 icode= >,4on0_A_A,3.0
219,0.0,ILE, ,CG2,61.76,10.58,0.0,-0.77,1.0,<Residue ILE het=  resseq=34 icode= >,4on0_A_A,3.0
220,0.0,ILE, ,CD1,40.3,7.86,0.0,0.55,1.0,<Residue ILE het=  resseq=34 icode= >,4on0_A_A,3.0
221,0.0,LEU, ,N,53.02,12.67,0.0,2.94,1.0,<Residue LEU het=  resseq=35 icode= >,4on0_A_A,3.0
222,0.0,LEU, ,CA,53.35,13.51,0.0,3.79,1.0,<Residue LEU het=  resseq=35 icode= >,4on0_A_A,3.0
223,0.0,LEU, ,C,72.22,14.87,0.0,3.34,1.0,<Residue LEU het=  resseq=35 icode= >,4on0_A_A,3.0
224,0.0,LEU, ,O,88.13,15.54,0.0,0.45,1.0,<Residue LEU het=  resseq=35 icode= >,4on0_A_A,3.0
225,0.0,LEU, ,CB,43.53,12.86,0.0,2.55,1.0,<Residue LEU het=  resseq=35 icode= >,4on0_A_A,3.0
226,0.0,LEU, ,CG,47.62,11.79,0.0,2.03,1.0,<Residue LEU het=  resseq=35 icode= >,4on0_A_A,3.0
227,0.0,LEU, ,CD1,63.66,11.39,0.0,-0.00,1.0,<Residue LEU het=  resseq=35 icode= >,4on0_A_A,3.0
228,0.0,LEU, ,CD2,46.77,12.49,0.0,1.44,1.0,<Residue LEU het=  resseq=35 icode= >,4on0_A_A,3.0
229,0.0,ASP, ,N,57.98,14.79,0.0,2.78,1.0,<Residue ASP het=  resseq=36 icode= >,4on0_A_A,3.0
230,0.0,ASP, ,CA,62.65,15.84,0.0,2.89,1.0,<Residue ASP het=  resseq=36 icode= >,4on0_A_A,3.0
231,0.0,ASP, ,C,73.48,16.38,0.0,2.88,1.0,<Residue ASP het=  resseq=36 icode= >,4on0_A_A,3.0
232,0.0,ASP, ,O,91.03,17.14,0.0,0.65,1.0,<Residue ASP het=  resseq=36 icode= >,4on0_A_A,3.0
233,6.701,ASP, ,CB,69.2,15.43,0.0,2.36,1.0,<Residue ASP het=  resseq=36 icode= >,4on0_A_A,3.0
234,7.752,ASP, ,CG,97.91,16.64,0.0,1.44,1.0,<Residue ASP het=  resseq=36 icode= >,4on0_A_A,3.0
235,20.616,ASP, ,OD1,108.25,17.44,0.0,0.66,1.0,<Residue ASP het=  resseq=36 icode= >,4on0_A_A,3.0
236,19.515,ASP, ,OD2,109.72,16.88,0.0,0.66,1.0,<Residue ASP het=  resseq=36 icode= >,4on0_A_A,3.0
237,0.0,SER, ,N,69.46,15.55,0.0,3.45,1.0,<Residue SER het=  resseq=37 icode= >,4on0_A_A,3.0
238,4.187,SER, ,CA,73.57,15.59,0.0,3.58,1.0,<Residue SER het=  resseq=37 icode= >,4on0_A_A,3.0
239,0.0,SER, ,C,73.22,14.88,0.0,4.21,1.0,<Residue SER het=  resseq=37 icode= >,4on0_A_A,3.0
240,0.0,SER, ,O,77.45,14.99,0.0,2.62,1.0,<Residue SER het=  resseq=37 icode= >,4on0_A_A,3.0
241,0.0,SER, ,CB,82.96,14.83,0.0,1.88,1.0,<Residue SER het=  resseq=37 icode= >,4on0_A_A,3.0
242,9.09,SER, ,OG,92.32,14.49,6.06,0.97,1.0,<Residue SER het=  resseq=37 icode= >,4on0_A_A,3.0
243,0.0,LEU, ,N,69.49,13.97,0.0,2.41,1.0,<Residue LEU het=  resseq=38 icode= >,4on0_A_A,3.0
244,0.0,LEU, ,CA,65.16,13.35,0.0,3.52,1.0,<Residue LEU het=  resseq=38 icode= >,4on0_A_A,3.0
245,0.0,LEU, ,C,66.44,14.42,0.0,3.67,1.0,<Residue LEU het=  resseq=38 icode= >,4on0_A_A,3.0
246,2.329,LEU, ,O,76.12,14.50,0.0,2.21,1.0,<Residue LEU het=  resseq=38 icode= >,4on0_A_A,3.0
247,0.0,LEU, ,CB,58.62,12.15,0.0,2.79,1.0,<Residue LEU het=  resseq=38 icode= >,4on0_A_A,3.0
248,0.0,LEU, ,CG,55.26,10.92,0.0,2.10,1.0,<Residue LEU het=  resseq=38 icode= >,4on0_A_A,3.0
249,0.0,LEU, ,CD1,63.66,9.74,0.0,0.38,1.0,<Residue LEU het=  resseq=38 icode= >,4on0_A_A,3.0
250,0.0,LEU, ,CD2,62.94,10.75,0.0,0.56,1.0,<Residue LEU het=  resseq=38 icode= >,4on0_A_A,3.0
251,0.0,VAL, ,N,66.27,15.34,0.0,2.45,1.0,<Residue VAL het=  resseq=39 icode= >,4on0_A_A,3.0
252,0.0,VAL, ,CA,64.23,16.53,0.0,2.64,1.0,<Residue VAL het=  resseq=39 icode= >,4on0_A_A,3.0
253,0.0,VAL, ,C,75.44,17.37,0.0,2.11,1.0,<Residue VAL het=  resseq=39 icode= >,4on0_A_A,3.0
254,20.159,VAL, ,O,83.25,18.02,0.0,1.46,1.0,<Residue VAL het=  resseq=39 icode= >,4on0_A_A,3.0
255,0.0,VAL, ,CB,76.79,17.47,0.0,1.70,1.0,<Residue VAL het=  resseq=39 icode= >,4on0_A_A,3.0
256,13.629,VAL, ,CG1,62.23,18.90,0.0,0.37,1.0,<Residue VAL het=  resseq=39 icode= >,4on0_A_A,3.0
257,0.0,VAL, ,CG2,73.87,17.07,0.0,-0.32,1.0,<Residue VAL het=  resseq=39 icode= >,4on0_A_A,3.0
258,0.0,LYS, ,N,84.71,17.45,0.0,1.10,1.0,<Residue LYS het=  resseq=40 icode= >,4on0_A_A,3.0
259,6.958,LYS, ,CA,91.33,18.10,0.0,1.92,1.0,<Residue LYS het=  resseq=40 icode= >,4on0_A_A,3.0
260,2.623,LYS, ,C,108.16,17.16,0.0,1.83,1.0,<Residue LYS het=  resseq=40 icode= >,4on0_A_A,3.0
261,25.644,LYS, ,O,119.61,17.71,0.0,0.65,1.0,<Residue LYS het=  resseq=40 icode= >,4on0_A_A,3.0
262,16.22,LYS, ,CB,80.79,18.76,0.0,1.15,1.0,<Residue LYS het=  resseq=40 icode= >,4on0_A_A,3.0
263,4.223,LYS, ,CG,88.12,19.70,0.0,0.32,1.0,<Residue LYS het=  resseq=40 icode= >,4on0_A_A,3.0
264,30.086,LYS, ,CD,96.06,20.61,0.0,0.09,1.0,<Residue LYS het=  resseq=40 icode= >,4on0_A_A,3.0
265,29.642,LYS, ,CE,99.9,21.42,0.0,-0.22,1.0,<Residue LYS het=  resseq=40 icode= >,4on0_A_A,3.0
266,25.445,LYS, ,NZ,98.31,21.43,0.0,-0.31,1.0,<Residue LYS het=  resseq=40 icode= >,4on0_A_A,3.0
267,0.299,GLU, ,N,105.16,15.85,0.0,1.11,1.0,<Residue GLU het=  resseq=41 icode= >,4on0_A_A,3.0
268,11.505,GLU, ,CA,108.23,14.98,0.0,1.66,1.0,<Residue GLU het=  resseq=41 icode= >,4on0_A_A,3.0
269,1.759,GLU, ,C,101.51,13.56,0.0,1.96,1.0,<Residue GLU het=  resseq=41 icode= >,4on0_A_A,3.0
270,0.0,GLU, ,O,107.6,13.17,0.0,0.33,1.0,<Residue GLU het=  resseq=41 icode= >,4on0_A_A,3.0
271,13.882,GLU, ,CB,114.9,14.99,0.0,1.75,1.0,<Residue GLU het=  resseq=41 icode= >,4on0_A_A,3.0
272,1.94,GLU, ,CG,118.86,14.59,0.0,1.31,1.0,<Residue GLU het=  resseq=41 icode= >,4on0_A_A,3.0
273,10.063,GLU, ,CD,128.59,14.83,0.0,1.35,1.0,<Residue GLU het=  resseq=41 icode= >,4on0_A_A,3.0
274,33.941,GLU, ,OE1,128.63,15.17,0.0,0.94,1.0,<Residue GLU het=  resseq=41 icode= >,4on0_A_A,3.0
275,15.781,GLU, ,OE2,131.51,14.84,0.687,-0.21,1.0,<Residue GLU het=  resseq=41 icode= >,4on0_A_A,3.0
276,8.364,GLU, ,N,93.96,12.92,0.0,2.13,1.0,<Residue GLU het=  resseq=42 icode= >,4on0_A_A,3.0
277,0.0,GLU, ,CA,89.01,11.53,0.0,2.91,1.0,<Residue GLU het=  resseq=42 icode= >,4on0_A_A,3.0
278,0.41,GLU, ,C,97.76,10.61,0.0,1.84,1.0,<Residue GLU het=  resseq=42 icode= >,4on0_A_A,3.0
279,15.838,GLU, ,O,106.13,11.02,0.0,0.65,1.0,<Residue GLU het=  resseq=42 icode= >,4on0_A_A,3.0
280,21.555,GLU, ,CB,85.44,11.39,0.0,1.68,1.0,<Residue GLU het=  resseq=42 icode= >,4on0_A_A,3.0
281,0.0,GLU, ,CG,81.29,10.29,0.0,2.13,1.0,<Residue GLU het=  resseq=42 icode= >,4on0_A_A,3.0
282,5.778,GLU, ,CD,86.88,10.52,0.0,2.61,1.0,<Residue GLU het=  resseq=42 icode= >,4on0_A_A,3.0
283,18.951,GLU, ,OE1,79.63,10.85,0.0,1.22,1.0,<Residue GLU het=  resseq=42 icode= >,4on0_A_A,3.0
284,11.352,GLU, ,OE2,96.14,10.58,0.0,0.94,1.0,<Residue GLU het=  resseq=42 icode= >,4on0_A_A,3.0
285,0.0,MET, ,N,89.92,9.51,0.0,1.94,1.0,<Residue MET het=  resseq=43 icode= >,4on0_A_A,3.0
286,3.145,MET, ,CA,86.82,8.69,0.0,2.00,1.0,<Residue MET het=  resseq=43 icode= >,4on0_A_A,3.0
287,0.0,MET, ,C,85.84,7.22,0.0,2.46,1.0,<Residue MET het=  resseq=43 icode= >,4on0_A_A,3.0
288,0.0,MET, ,O,73.6,6.96,0.0,2.25,1.0,<Residue MET het=  resseq=43 icode= >,4on0_A_A,3.0
289,0.0,MET, ,CB,62.64,9.38,0.0,1.25,1.0,<Residue MET het=  resseq=43 icode= >,4on0_A_A,3.0
290,6.015,MET, ,CG,65.43,10.40,0.0,1.57,1.0,<Residue MET het=  resseq=43 icode= >,4on0_A_A,3.0
291,0.0,MET, ,SD,86.62,11.30,0.0,1.61,1.0,<Residue MET het=  resseq=43 icode= >,4on0_A_A,3.0
292,24.91,MET, ,CE,114.91,12.26,8.963,-0.68,1.0,<Residue MET het=  resseq=43 icode= >,4on0_A_A,3.0
293,2.286,ALA, ,N,83.89,6.45,0.0,1.51,1.0,<Residue ALA het=  resseq=44 icode= >,4on0_A_A,3.0
294,0.0,ALA, ,CA,80.69,5.03,0.0,1.98,1.0,<Residue ALA het=  resseq=44 icode= >,4on0_A_A,3.0
295,0.012,ALA, ,C,82.86,5.11,0.0,3.14,1.0,<Residue ALA het=  resseq=44 icode= >,4on0_A_A,3.0
296,0.0,ALA, ,O,91.2,6.25,0.0,1.78,1.0,<Residue ALA het=  resseq=44 icode= >,4on0_A_A,3.0
297,22.534,ALA, ,CB,86.03,4.61,1.234,0.29,1.0,<Residue ALA het=  resseq=44 icode= >,4on0_A_A,3.0
298,1.465,VAL, ,N,67.53,4.24,1.465,2.72,1.0,<Residue VAL het=  resseq=45 icode= >,4on0_A_A,3.0
299,0.066,VAL, ,CA,70.2,4.35,0.0,3.20,1.0,<Residue VAL het=  resseq=45 icode= >,4on0_A_A,3.0
300,0.0,VAL, ,C,81.15,5.02,0.0,3.12,1.0,<Residue VAL het=  resseq=45 icode= >,4on0_A_A,3.0
301,0.0,VAL, ,O,75.62,6.00,0.0,1.20,1.0,<Residue VAL het=  resseq=45 icode= >,4on0_A_A,3.0
302,9.976,VAL, ,CB,64.4,3.14,9.976,1.71,1.0,<Residue VAL het=  resseq=45 icode= >,4on0_A_A,3.0
303,10.474,VAL, ,CG1,62.49,3.83,9.711,-0.13,1.0,<Residue VAL het=  resseq=45 icode= >,4on0_A_A,3.0
304,12.58,VAL, ,CG2,56.58,3.29,12.58,1.22,1.0,<Residue VAL het=  resseq=45 icode= >,4on0_A_A,3.0
305,6.443,GLY, ,N,74.0,4.91,2.004,1.77,1.0,<Residue GLY het=  resseq=46 icode= >,4on0_A_A,3.0
306,36.762,GLY, ,CA,71.71,6.00,0.0,2.47,1.0,<Residue GLY het=  resseq=46 icode= >,4on0_A_A,3.0
307,4.603,GLY, ,C,77.91,7.34,0.0,3.60,1.0,<Residue GLY het=  resseq=46 icode= >,4on0_A_A,3.0
308,3.148,GLY, ,O,81.13,8.26,0.0,1.75,1.0,<Residue GLY het=  resseq=46 icode= >,4on0_A_A,3.0
309,4.35,ALA, ,N,71.67,7.38,0.0,4.16,1.0,<Residue ALA het=  resseq=47 icode= >,4on0_A_A,3.0
310,8.648,ALA, ,CA,69.86,8.66,0.0,2.83,1.0,<Residue ALA het=  resseq=47 icode= >,4on0_A_A,3.0
311,0.0,ALA, ,C,68.48,9.40,0.0,3.09,1.0,<Residue ALA het=  resseq=47 icode= >,4on0_A_A,3.0
312,1.838,ALA, ,O,76.77,10.58,0.0,1.77,1.0,<Residue ALA het=  resseq=47 icode= >,4on0_A_A,3.0
313,32.388,ALA, ,CB,75.54,8.67,0.0,0.78,1.0,<Residue ALA het=  resseq=47 icode= >,4on0_A_A,3.0
314,0.0,LEU, ,N,58.03,8.72,0.0,2.22,1.0,<Residue LEU het=  resseq=48 icode= >,4on0_A_A,3.0
315,0.0,LEU, ,CA,54.41,9.35,0.0,3.11,1.0,<Residue LEU het=  resseq=48 icode= >,4on0_A_A,3.0
316,0.0,LEU, ,C,59.34,9.73,0.0,4.05,1.0,<Residue LEU het=  resseq=48 icode= >,4on0_A_A,3.0
317,0.0,LEU, ,O,64.79,10.91,0.0,1.92,1.0,<Residue LEU het=  resseq=48 icode= >,4on0_A_A,3.0
318,0.0,LEU, ,CB,52.03,8.68,0.0,1.42,1.0,<Residue LEU het=  resseq=48 icode= >,4on0_A_A,3.0
319,0.0,LEU, ,CG,64.57,9.54,0.0,1.33,1.0,<Residue LEU het=  resseq=48 icode= >,4on0_A_A,3.0
320,0.009,LEU, ,CD1,49.46,8.72,0.0,0.28,1.0,<Residue LEU het=  resseq=48 icode= >,4on0_A_A,3.0
321,0.0,LEU, ,CD2,65.56,10.97,0.0,0.10,1.0,<Residue LEU het=  resseq=48 icode= >,4on0_A_A,3.0
322,0.0,ALA, ,N,53.1,8.87,0.0,3.63,1.0,<Residue ALA het=  resseq=49 icode= >,4on0_A_A,3.0
323,0.0,ALA, ,CA,61.35,9.40,0.0,3.77,1.0,<Residue ALA het=  resseq=49 icode= >,4on0_A_A,3.0
324,0.97,ALA, ,C,69.71,10.49,0.0,3.45,1.0,<Residue ALA het=  resseq=49 icode= >,4on0_A_A,3.0
325,2.116,ALA, ,O,60.97,9.64,0.0,2.23,1.0,<Residue ALA het=  resseq=49 icode= >,4on0_A_A,3.0
326,11.554,ALA, ,CB,65.6,8.31,0.0,1.02,1.0,<Residue ALA het=  resseq=49 icode= >,4on0_A_A,3.0
327,0.057,ASN, ,N,81.06,10.71,0.0,2.39,1.0,<Residue ASN het=  resseq=50 icode= >,4on0_A_A,3.0
328,4.625,ASN, ,CA,83.72,11.98,0.0,2.35,1.0,<Residue ASN het=  resseq=50 icode= >,4on0_A_A,3.0
329,0.455,ASN, ,C,87.65,12.79,0.229,3.62,1.0,<Residue ASN het=  resseq=50 icode= >,4on0_A_A,3.0
330,17.007,ASN, ,O,100.71,13.07,15.373,1.80,1.0,<Residue ASN het=  resseq=50 icode= >,4on0_A_A,3.0
331,14.247,ASN, ,CB,81.93,11.88,0.0,1.42,1.0,<Residue ASN het=  resseq=50 icode= >,4on0_A_A,3.0
332,5.831,ASN, ,CG,89.64,13.22,0.211,1.73,1.0,<Residue ASN het=  resseq=50 icode= >,4on0_A_A,3.0
333,33.39,ASN, ,OD1,90.89,12.89,1.284,1.21,1.0,<Residue ASN het=  resseq=50 icode= >,4on0_A_A,3.0
334,56.19,ASN, ,ND2,98.87,13.69,15.95,-0.06,1.0,<Residue ASN het=  resseq=50 icode= >,4on0_A_A,3.0
335,0.067,LYS, ,N,74.77,12.79,0.0,3.30,1.0,<Residue LYS het=  resseq=51 icode= >,4on0_A_A,3.0
336,5.962,LYS, ,CA,64.68,13.15,5.902,4.02,1.0,<Residue LYS het=  resseq=51 icode= >,4on0_A_A,3.0
337,0.054,LYS, ,C,66.5,11.94,0.054,4.57,1.0,<Residue LYS het=  resseq=51 icode= >,4on0_A_A,3.0
338,24.568,LYS, ,O,74.11,12.15,24.313,2.65,1.0,<Residue LYS het=  resseq=51 icode= >,4on0_A_A,3.0
339,6.034,LYS, ,CB,60.54,13.80,3.881,2.20,1.0,<Residue LYS het=  resseq=51 icode= >,4on0_A_A,3.0
340,21.034,LYS, ,CG,73.64,14.55,21.034,1.20,1.0,<Residue LYS het=  resseq=51 icode= >,4on0_A_A,3.0
341,26.674,LYS, ,CD,76.88,15.09,22.626,0.95,1.0,<Residue LYS het=  resseq=51 icode= >,4on0_A_A,3.0
342,3.948,LYS, ,CE,69.63,14.64,3.931,1.47,1.0,<Residue LYS het=  resseq=51 icode= >,4on0_A_A,3.0
343,12.41,LYS, ,NZ,63.63,15.00,0.258,1.31,1.0,<Residue LYS het=  resseq=51 icode= >,4on0_A_A,3.0
344,0.0,VAL, ,N,65.03,10.79,0.0,3.44,1.0,<Residue VAL het=  resseq=52 icode= >,4on0_A_A,3.0
345,1.928,VAL, ,CA,66.47,9.62,1.928,3.39,1.0,<Residue VAL het=  resseq=52 icode= >,4on0_A_A,3.0
346,3.838,VAL, ,C,71.34,8.75,3.838,3.27,1.0,<Residue VAL het=  resseq=52 icode= >,4on0_A_A,3.0
347,4.332,VAL, ,O,66.16,7.75,4.332,1.52,1.0,<Residue VAL het=  resseq=52 icode= >,4on0_A_A,3.0
348,0.0,VAL, ,CB,45.94,8.93,0.0,2.90,1.0,<Residue VAL het=  resseq=52 icode= >,4on0_A_A,3.0
349,1.784,VAL, ,CG1,47.03,10.07,1.784,1.07,1.0,<Residue VAL het=  resseq=52 icode= >,4on0_A_A,3.0
350,0.0,VAL, ,CG2,46.46,8.39,0.0,1.70,1.0,<Residue VAL het=  resseq=52 icode= >,4on0_A_A,3.0
351,0.799,GLY, ,N,81.04,9.34,0.222,1.93,1.0,<Residue GLY het=  resseq=53 icode= >,4on0_A_A,3.0
352,35.994,GLY, ,CA,81.58,8.95,5.703,2.04,1.0,<Residue GLY het=  resseq=53 icode= >,4on0_A_A,3.0
353,4.511,GLY, ,C,66.41,7.69,0.0,3.74,1.0,<Residue GLY het=  resseq=53 icode= >,4on0_A_A,3.0
354,19.975,GLY, ,O,65.77,6.90,0.0,1.91,1.0,<Residue GLY het=  resseq=53 icode= >,4on0_A_A,3.0
355,0.369,LEU, ,N,56.55,7.57,0.0,2.96,1.0,<Residue LEU het=  resseq=54 icode= >,4on0_A_A,3.0
356,1.306,LEU, ,CA,56.9,6.40,0.0,2.80,1.0,<Residue LEU het=  resseq=54 icode= >,4on0_A_A,3.0
357,3.677,LEU, ,C,66.94,6.05,0.0,3.09,1.0,<Residue LEU het=  resseq=54 icode= >,4on0_A_A,3.0
358,6.365,LEU, ,O,65.5,7.05,0.0,1.02,1.0,<Residue LEU het=  resseq=54 icode= >,4on0_A_A,3.0
359,0.0,LEU, ,CB,51.38,6.22,0.0,2.21,1.0,<Residue LEU het=  resseq=54 icode= >,4on0_A_A,3.0
360,0.0,LEU, ,CG,55.33,4.80,0.0,2.23,1.0,<Residue LEU het=  resseq=54 icode= >,4on0_A_A,3.0
361,0.0,LEU, ,CD1,54.91,4.63,0.0,0.77,1.0,<Residue LEU het=  resseq=54 icode= >,4on0_A_A,3.0
362,24.507,LEU, ,CD2,63.4,3.87,18.312,0.50,1.0,<Residue LEU het=  resseq=54 icode= >,4on0_A_A,3.0
363,5.064,SER, ,N,73.07,4.86,0.563,1.93,1.0,<Residue SER het=  resseq=55 icode= >,4on0_A_A,3.0
364,10.59,SER, ,CA,49.38,4.96,0.0,2.66,1.0,<Residue SER het=  resseq=55 icode= >,4on0_A_A,3.0
365,0.0,SER, ,C,56.78,5.94,0.0,3.32,1.0,<Residue SER het=  resseq=55 icode= >,4on0_A_A,3.0
366,0.0,SER, ,O,61.52,6.26,0.0,2.27,1.0,<Residue SER het=  resseq=55 icode= >,4on0_A_A,3.0
367,44.52,SER, ,CB,49.57,3.79,11.474,1.57,1.0,<Residue SER het=  resseq=55 icode= >,4on0_A_A,3.0
368,9.258,SER, ,OG,69.84,3.35,8.506,0.55,1.0,<Residue SER het=  resseq=55 icode= >,4on0_A_A,3.0
369,6.811,GLN, ,N,53.2,6.73,0.0,2.70,1.0,<Residue GLN het=  resseq=56 icode= >,4on0_A_A,3.0
370,0.0,GLN, ,CA,58.48,6.69,0.0,2.62,1.0,<Residue GLN het=  resseq=56 icode= >,4on0_A_A,3.0
371,0.0,GLN, ,C,73.74,5.80,0.0,2.02,1.0,<Residue GLN het=  resseq=56 icode= >,4on0_A_A,3.0
372,0.0,GLN, ,O,96.92,5.46,0.0,-0.01,1.0,<Residue GLN het=  resseq=56 icode= >,4on0_A_A,3.0
373,24.445,GLN, ,CB,60.47,5.24,0.268,-0.09,1.0,<Residue GLN het=  resseq=56 icode= >,4on0_A_A,3.0
374,19.337,GLN, ,CG,62.58,4.32,12.678,0.32,1.0,<Residue GLN het=  resseq=56 icode= >,4on0_A_A,3.0
375,5.561,GLN, ,CD,70.75,3.90,5.561,1.81,1.0,<Residue GLN het=  resseq=56 icode= >,4on0_A_A,3.0
376,30.336,GLN, ,OE1,61.48,3.72,18.666,1.96,1.0,<Residue GLN het=  resseq=56 icode= >,4on0_A_A,3.0
377,37.103,GLN, ,NE2,79.23,2.75,37.103,1.19,1.0,<Residue GLN het=  resseq=56 icode= >,4on0_A_A,3.0
378,1.492,SER, ,N,54.62,5.21,0.0,3.20,1.0,<Residue SER het=  resseq=57 icode= >,4on0_A_A,3.0
379,3.495,SER, ,CA,48.76,4.06,3.495,4.70,1.0,<Residue SER het=  resseq=57 icode= >,4on0_A_A,3.0
380,0.0,SER, ,C,53.26,4.52,0.0,2.63,1.0,<Residue SER het=  resseq=57 icode= >,4on0_A_A,3.0
381,0.223,SER, ,O,71.78,4.35,0.223,0.29,1.0,<Residue SER het=  resseq=57 icode= >,4on0_A_A,3.0
382,37.535,SER, ,CB,56.38,3.44,29.579,2.23,1.0,<Residue SER het=  resseq=57 icode= >,4on0_A_A,3.0
383,20.226,SER, ,OG,58.89,2.67,20.226,1.63,1.0,<Residue SER het=  resseq=57 icode= >,4on0_A_A,3.0
384,0.616,ALA, ,N,45.36,3.80,0.616,2.27,1.0,<Residue ALA het=  resseq=58 icode= >,4on0_A_A,3.0
385,2.38,ALA, ,CA,56.64,3.95,2.22,2.95,1.0,<Residue ALA het=  resseq=58 icode= >,4on0_A_A,3.0
386,0.0,ALA, ,C,60.77,4.67,0.0,3.53,1.0,<Residue ALA het=  resseq=58 icode= >,4on0_A_A,3.0
387,0.0,ALA, ,O,68.57,4.44,0.0,1.14,1.0,<Residue ALA het=  resseq=58 icode= >,4on0_A_A,3.0
388,27.213,ALA, ,CB,56.29,3.72,27.213,-0.11,1.0,<Residue ALA het=  resseq=58 icode= >,4on0_A_A,3.0
389,0.0,LEU, ,N,56.06,5.53,0.0,2.85,1.0,<Residue LEU het=  resseq=59 icode= >,4on0_A_A,3.0
390,0.0,LEU, ,CA,58.1,6.23,0.0,2.88,1.0,<Residue LEU het=  resseq=59 icode= >,4on0_A_A,3.0
391,0.0,LEU, ,C,58.25,6.82,0.0,5.03,1.0,<Residue LEU het=  resseq=59 icode= >,4on0_A_A,3.0
392,0.0,LEU, ,O,41.0,6.59,0.0,3.14,1.0,<Residue LEU het=  resseq=59 icode= >,4on0_A_A,3.0
393,0.0,LEU, ,CB,62.42,7.35,0.0,1.57,1.0,<Residue LEU het=  resseq=59 icode= >,4on0_A_A,3.0
394,0.0,LEU, ,CG,55.56,7.27,0.0,2.41,1.0,<Residue LEU het=  resseq=59 icode= >,4on0_A_A,3.0
395,0.0,LEU, ,CD1,43.0,8.09,0.0,1.62,1.0,<Residue LEU het=  resseq=59 icode= >,4on0_A_A,3.0
396,0.0,LEU, ,CD2,65.38,7.22,0.0,0.39,1.0,<Residue LEU het=  resseq=59 icode= >,4on0_A_A,3.0
397,0.0,SER, ,N,51.19,5.80,0.0,3.55,1.0,<Residue SER het=  resseq=60 icode= >,4on0_A_A,3.0
398,1.741,SER, ,CA,61.67,4.95,1.741,2.67,1.0,<Residue SER het=  resseq=60 icode= >,4on0_A_A,3.0
399,0.907,SER, ,C,54.6,4.72,0.907,3.54,1.0,<Residue SER het=  resseq=60 icode= >,4on0_A_A,3.0
400,2.703,SER, ,O,56.63,5.08,0.907,2.12,1.0,<Residue SER het=  resseq=60 icode= >,4on0_A_A,3.0
401,9.371,SER, ,CB,97.87,3.87,9.371,0.22,1.0,<Residue SER het=  resseq=60 icode= >,4on0_A_A,3.0
402,35.105,SER, ,OG,115.38,3.33,34.531,-0.67,1.0,<Residue SER het=  resseq=60 icode= >,4on0_A_A,3.0
403,0.0,GLN, ,N,53.65,4.68,0.0,2.60,1.0,<Residue GLN het=  resseq=61 icode= >,4on0_A_A,3.0
404,3.054,GLN, ,CA,53.2,5.15,1.123,2.81,1.0,<Residue GLN het=  resseq=61 icode= >,4on0_A_A,3.0
405,0.0,GLN, ,C,53.54,6.60,0.0,4.14,1.0,<Residue GLN het=  resseq=61 icode= >,4on0_A_A,3.0
406,2.611,GLN, ,O,50.4,7.15,0.0,2.43,1.0,<Residue GLN het=  resseq=61 icode= >,4on0_A_A,3.0
407,10.074,GLN, ,CB,51.05,5.41,0.339,1.43,1.0,<Residue GLN het=  resseq=61 icode= >,4on0_A_A,3.0
408,17.972,GLN, ,CG,42.04,4.36,15.228,2.46,1.0,<Residue GLN het=  resseq=61 icode= >,4on0_A_A,3.0
409,8.286,GLN, ,CD,41.93,3.87,8.286,4.03,1.0,<Residue GLN het=  resseq=61 icode= >,4on0_A_A,3.0
410,36.248,GLN, ,OE1,57.65,3.22,28.643,1.72,1.0,<Residue GLN het=  resseq=61 icode= >,4on0_A_A,3.0
411,34.954,GLN, ,NE2,48.57,2.76,34.954,2.53,1.0,<Residue GLN het=  resseq=61 icode= >,4on0_A_A,3.0
412,0.0,HIS, ,N,37.09,6.02,0.0,3.08,1.0,<Residue HIS het=  resseq=62 icode= >,4on0_A_A,3.0
413,0.0,HIS, ,CA,35.77,6.24,0.0,4.06,1.0,<Residue HIS het=  resseq=62 icode= >,4on0_A_A,3.0
414,0.0,HIS, ,C,45.84,7.72,0.0,5.02,1.0,<Residue HIS het=  resseq=62 icode= >,4on0_A_A,3.0
415,0.0,HIS, ,O,47.26,7.66,0.0,3.33,1.0,<Residue HIS het=  resseq=62 icode= >,4on0_A_A,3.0
416,0.0,HIS, ,CB,43.65,5.50,0.0,1.71,1.0,<Residue HIS het=  resseq=62 icode= >,4on0_A_A,3.0
417,0.0,HIS, ,CG,42.17,4.20,0.0,3.39,1.0,<Residue HIS het=  resseq=62 icode= >,4on0_A_A,3.0
418,0.0,HIS, ,ND1,45.14,4.33,0.0,3.35,1.0,<Residue HIS het=  resseq=62 icode= >,4on0_A_A,3.0
419,5.758,HIS, ,CD2,33.88,3.11,3.866,2.35,1.0,<Residue HIS het=  resseq=62 icode= >,4on0_A_A,3.0
420,2.722,HIS, ,CE1,47.76,3.42,2.722,3.24,1.0,<Residue HIS het=  resseq=62 icode= >,4on0_A_A,3.0
421,25.319,HIS, ,NE2,60.51,2.46,25.159,2.54,1.0,<Residue HIS het=  resseq=62 icode= >,4on0_A_A,3.0
422,0.0,LEU, ,N,53.12,7.26,0.0,2.92,1.0,<Residue LEU het=  resseq=63 icode= >,4on0_A_A,3.0
423,0.0,LEU, ,CA,56.01,6.57,0.0,3.57,1.0,<Residue LEU het=  resseq=63 icode= >,4on0_A_A,3.0
424,0.0,LEU, ,C,63.21,6.58,0.0,4.38,1.0,<Residue LEU het=  resseq=63 icode= >,4on0_A_A,3.0
425,0.0,LEU, ,O,72.94,6.96,0.0,2.20,1.0,<Residue LEU het=  resseq=63 icode= >,4on0_A_A,3.0
426,0.901,LEU, ,CB,52.8,5.29,0.62,1.44,1.0,<Residue LEU het=  resseq=63 icode= >,4on0_A_A,3.0
427,0.0,LEU, ,CG,49.06,5.78,0.0,2.70,1.0,<Residue LEU het=  resseq=63 icode= >,4on0_A_A,3.0
428,1.417,LEU, ,CD1,53.82,4.86,1.417,-0.10,1.0,<Residue LEU het=  resseq=63 icode= >,4on0_A_A,3.0
429,0.0,LEU, ,CD2,44.69,6.89,0.0,0.84,1.0,<Residue LEU het=  resseq=63 icode= >,4on0_A_A,3.0
430,0.094,SER, ,N,55.79,6.55,0.0,3.66,1.0,<Residue SER het=  resseq=64 icode= >,4on0_A_A,3.0
431,0.0,SER, ,CA,62.16,5.78,0.0,3.97,1.0,<Residue SER het=  resseq=64 icode= >,4on0_A_A,3.0
432,0.646,SER, ,C,68.32,6.82,0.0,4.29,1.0,<Residue SER het=  resseq=64 icode= >,4on0_A_A,3.0
433,3.09,SER, ,O,75.04,7.06,0.0,2.60,1.0,<Residue SER het=  resseq=64 icode= >,4on0_A_A,3.0
434,15.001,SER, ,CB,60.93,4.64,5.092,2.45,1.0,<Residue SER het=  resseq=64 icode= >,4on0_A_A,3.0
435,28.972,SER, ,OG,73.0,4.09,5.482,1.63,1.0,<Residue SER het=  resseq=64 icode= >,4on0_A_A,3.0
436,0.471,LYS, ,N,66.58,7.72,0.0,3.11,1.0,<Residue LYS het=  resseq=65 icode= >,4on0_A_A,3.0
437,1.033,LYS, ,CA,62.05,7.86,0.0,2.81,1.0,<Residue LYS het=  resseq=65 icode= >,4on0_A_A,3.0
438,0.147,LYS, ,C,57.86,8.57,0.0,3.68,1.0,<Residue LYS het=  resseq=65 icode= >,4on0_A_A,3.0
439,0.717,LYS, ,O,49.02,9.02,0.0,2.06,1.0,<Residue LYS het=  resseq=65 icode= >,4on0_A_A,3.0
440,0.146,LYS, ,CB,51.51,6.33,0.0,1.11,1.0,<Residue LYS het=  resseq=65 icode= >,4on0_A_A,3.0
441,25.171,LYS, ,CG,60.27,5.93,0.0,0.55,1.0,<Residue LYS het=  resseq=65 icode= >,4on0_A_A,3.0
442,20.848,LYS, ,CD,58.78,4.49,7.175,1.93,1.0,<Residue LYS het=  resseq=65 icode= >,4on0_A_A,3.0
443,18.785,LYS, ,CE,71.36,3.96,4.012,0.11,1.0,<Residue LYS het=  resseq=65 icode= >,4on0_A_A,3.0
444,42.413,LYS, ,NZ,62.03,3.05,40.722,0.57,1.0,<Residue LYS het=  resseq=65 icode= >,4on0_A_A,3.0
445,0.0,LEU, ,N,61.36,8.94,0.0,3.02,1.0,<Residue LEU het=  resseq=66 icode= >,4on0_A_A,3.0
446,0.0,LEU, ,CA,51.63,9.92,0.0,4.02,1.0,<Residue LEU het=  resseq=66 icode= >,4on0_A_A,3.0
447,0.0,LEU, ,C,65.71,10.42,0.0,4.47,1.0,<Residue LEU het=  resseq=66 icode= >,4on0_A_A,3.0
448,0.0,LEU, ,O,69.58,11.42,0.0,2.98,1.0,<Residue LEU het=  resseq=66 icode= >,4on0_A_A,3.0
449,0.0,LEU, ,CB,45.37,10.00,0.0,2.49,1.0,<Residue LEU het=  resseq=66 icode= >,4on0_A_A,3.0
450,0.0,LEU, ,CG,41.8,9.44,0.0,2.90,1.0,<Residue LEU het=  resseq=66 icode= >,4on0_A_A,3.0
451,0.0,LEU, ,CD1,38.86,10.19,0.0,1.86,1.0,<Residue LEU het=  resseq=66 icode= >,4on0_A_A,3.0
452,0.121,LEU, ,CD2,37.21,9.43,0.0,1.50,1.0,<Residue LEU het=  resseq=66 icode= >,4on0_A_A,3.0
453,0.0,ARG, ,N,68.93,9.34,0.0,2.46,1.0,<Residue ARG het=  resseq=67 icode= >,4on0_A_A,3.0
454,0.951,ARG, ,CA,57.85,9.42,0.0,3.74,1.0,<Residue ARG het=  resseq=67 icode= >,4on0_A_A,3.0
455,1.267,ARG, ,C,49.06,9.65,0.0,4.75,1.0,<Residue ARG het=  resseq=67 icode= >,4on0_A_A,3.0
456,9.212,ARG, ,O,52.78,10.12,0.0,2.61,1.0,<Residue ARG het=  resseq=67 icode= >,4on0_A_A,3.0
457,5.213,ARG, ,CB,61.28,8.16,0.0,1.93,1.0,<Residue ARG het=  resseq=67 icode= >,4on0_A_A,3.0
458,3.186,ARG, ,CG,62.28,7.17,0.0,1.41,1.0,<Residue ARG het=  resseq=67 icode= >,4on0_A_A,3.0
459,11.221,ARG, ,CD,57.0,6.15,0.0,1.62,1.0,<Residue ARG het=  resseq=67 icode= >,4on0_A_A,3.0
460,0.524,ARG, ,NE,65.1,5.41,0.032,2.26,1.0,<Residue ARG het=  resseq=67 icode= >,4on0_A_A,3.0
461,4.38,ARG, ,CZ,65.69,5.12,1.236,2.64,1.0,<Residue ARG het=  resseq=67 icode= >,4on0_A_A,3.0
462,44.487,ARG, ,NH1,64.4,5.02,2.219,0.95,1.0,<Residue ARG het=  resseq=67 icode= >,4on0_A_A,3.0
463,32.062,ARG, ,NH2,56.18,4.01,28.089,2.32,1.0,<Residue ARG het=  resseq=67 icode= >,4on0_A_A,3.0
464,0.209,ALA, ,N,57.6,9.33,0.0,3.14,1.0,<Residue ALA het=  resseq=68 icode= >,4on0_A_A,3.0
465,12.429,ALA, ,CA,62.43,9.81,0.0,3.39,1.0,<Residue ALA het=  resseq=68 icode= >,4on0_A_A,3.0
466,0.052,ALA, ,C,67.4,10.98,0.0,3.83,1.0,<Residue ALA het=  resseq=68 icode= >,4on0_A_A,3.0
467,22.689,ALA, ,O,81.78,11.31,0.0,1.37,1.0,<Residue ALA het=  resseq=68 icode= >,4on0_A_A,3.0
468,39.955,ALA, ,CB,75.08,9.48,0.0,0.61,1.0,<Residue ALA het=  resseq=68 icode= >,4on0_A_A,3.0
469,0.0,GLN, ,N,65.33,10.90,0.0,3.22,1.0,<Residue GLN het=  resseq=69 icode= >,4on0_A_A,3.0
470,1.865,GLN, ,CA,63.37,11.23,0.0,3.22,1.0,<Residue GLN het=  resseq=69 icode= >,4on0_A_A,3.0
471,0.0,GLN, ,C,66.46,12.72,0.0,3.85,1.0,<Residue GLN het=  resseq=69 icode= >,4on0_A_A,3.0
472,10.064,GLN, ,O,69.41,13.27,0.0,2.09,1.0,<Residue GLN het=  resseq=69 icode= >,4on0_A_A,3.0
473,0.0,GLN, ,CB,51.21,10.46,0.0,1.92,1.0,<Residue GLN het=  resseq=69 icode= >,4on0_A_A,3.0
474,6.247,GLN, ,CG,56.37,9.10,0.0,1.36,1.0,<Residue GLN het=  resseq=69 icode= >,4on0_A_A,3.0
475,1.081,GLN, ,CD,65.71,9.37,0.0,3.09,1.0,<Residue GLN het=  resseq=69 icode= >,4on0_A_A,3.0
476,14.516,GLN, ,OE1,58.47,10.35,0.0,2.59,1.0,<Residue GLN het=  resseq=69 icode= >,4on0_A_A,3.0
477,42.011,GLN, ,NE2,76.23,8.69,0.0,1.52,1.0,<Residue GLN het=  resseq=69 icode= >,4on0_A_A,3.0
478,0.0,ASN, ,N,73.5,13.09,0.0,2.58,1.0,<Residue ASN het=  resseq=70 icode= >,4on0_A_A,3.0
479,3.379,ASN, ,CA,86.49,13.60,0.0,2.69,1.0,<Residue ASN het=  resseq=70 icode= >,4on0_A_A,3.0
480,0.659,ASN, ,C,75.04,13.98,0.0,3.91,1.0,<Residue ASN het=  resseq=70 icode= >,4on0_A_A,3.0
481,18.755,ASN, ,O,76.09,14.92,0.0,2.01,1.0,<Residue ASN het=  resseq=70 icode= >,4on0_A_A,3.0
482,23.724,ASN, ,CB,92.52,14.34,0.0,1.76,1.0,<Residue ASN het=  resseq=70 icode= >,4on0_A_A,3.0
483,5.459,ASN, ,CG,99.54,13.63,0.0,2.06,1.0,<Residue ASN het=  resseq=70 icode= >,4on0_A_A,3.0
484,24.819,ASN, ,OD1,105.03,12.48,0.0,1.03,1.0,<Residue ASN het=  resseq=70 icode= >,4on0_A_A,3.0
485,49.058,ASN, ,ND2,103.27,14.41,0.0,1.30,1.0,<Residue ASN het=  resseq=70 icode= >,4on0_A_A,3.0
486,0.0,LEU, ,N,66.88,13.28,0.0,2.91,1.0,<Residue LEU het=  resseq=71 icode= >,4on0_A_A,3.0
487,0.0,LEU, ,CA,62.71,13.67,0.0,3.23,1.0,<Residue LEU het=  resseq=71 icode= >,4on0_A_A,3.0
488,2.286,LEU, ,C,73.76,12.80,0.0,3.30,1.0,<Residue LEU het=  resseq=71 icode= >,4on0_A_A,3.0
489,0.0,LEU, ,O,78.69,13.23,0.0,1.72,1.0,<Residue LEU het=  resseq=71 icode= >,4on0_A_A,3.0
490,0.0,LEU, ,CB,58.92,13.23,0.0,2.00,1.0,<Residue LEU het=  resseq=71 icode= >,4on0_A_A,3.0
491,0.0,LEU, ,CG,55.98,13.11,0.0,2.04,1.0,<Residue LEU het=  resseq=71 icode= >,4on0_A_A,3.0
492,7.589,LEU, ,CD1,59.26,13.36,0.0,0.89,1.0,<Residue LEU het=  resseq=71 icode= >,4on0_A_A,3.0
493,0.0,LEU, ,CD2,51.99,11.75,0.0,0.01,1.0,<Residue LEU het=  resseq=71 icode= >,4on0_A_A,3.0
494,0.344,VAL, ,N,65.98,11.71,0.0,2.20,1.0,<Residue VAL het=  resseq=72 icode= >,4on0_A_A,3.0
495,1.058,VAL, ,CA,61.85,10.95,0.0,2.95,1.0,<Residue VAL het=  resseq=72 icode= >,4on0_A_A,3.0
496,3.473,VAL, ,C,63.41,10.67,0.0,3.10,1.0,<Residue VAL het=  resseq=72 icode= >,4on0_A_A,3.0
497,15.542,VAL, ,O,73.01,10.75,0.0,1.83,1.0,<Residue VAL het=  resseq=72 icode= >,4on0_A_A,3.0
498,0.0,VAL, ,CB,64.82,9.71,0.0,1.70,1.0,<Residue VAL het=  resseq=72 icode= >,4on0_A_A,3.0
499,0.0,VAL, ,CG1,64.97,10.29,0.0,0.41,1.0,<Residue VAL het=  resseq=72 icode= >,4on0_A_A,3.0
500,0.0,VAL, ,CG2,62.09,8.83,0.0,0.52,1.0,<Residue VAL het=  resseq=72 icode= >,4on0_A_A,3.0
501,0.126,SER, ,N,57.02,10.60,0.0,3.41,1.0,<Residue SER het=  resseq=73 icode= >,4on0_A_A,3.0
502,5.34,SER, ,CA,58.31,10.55,0.0,3.70,1.0,<Residue SER het=  resseq=73 icode= >,4on0_A_A,3.0
503,0.657,SER, ,C,69.77,9.48,0.0,3.53,1.0,<Residue SER het=  resseq=73 icode= >,4on0_A_A,3.0
504,0.015,SER, ,O,57.82,9.08,0.0,2.78,1.0,<Residue SER het=  resseq=73 icode= >,4on0_A_A,3.0
505,41.486,SER, ,CB,65.58,11.92,0.0,2.25,1.0,<Residue SER het=  resseq=73 icode= >,4on0_A_A,3.0
506,10.702,SER, ,OG,74.83,12.35,0.0,1.46,1.0,<Residue SER het=  resseq=73 icode= >,4on0_A_A,3.0
507,4.31,THR, ,N,75.6,9.26,0.0,2.52,1.0,<Residue THR het=  resseq=74 icode= >,4on0_A_A,3.0
508,0.0,THR, ,CA,71.62,8.41,0.0,3.10,1.0,<Residue THR het=  resseq=74 icode= >,4on0_A_A,3.0
509,2.64,THR, ,C,81.86,9.38,0.0,2.71,1.0,<Residue THR het=  resseq=74 icode= >,4on0_A_A,3.0
510,25.705,THR, ,O,89.67,10.36,0.0,2.01,1.0,<Residue THR het=  resseq=74 icode= >,4on0_A_A,3.0
511,3.992,THR, ,CB,66.91,7.28,0.0,3.07,1.0,<Residue THR het=  resseq=74 icode= >,4on0_A_A,3.0
512,30.435,THR, ,OG1,82.69,8.03,0.0,1.23,1.0,<Residue THR het=  resseq=74 icode= >,4on0_A_A,3.0
513,7.896,THR, ,CG2,64.62,6.45,0.0,0.86,1.0,<Residue THR het=  resseq=74 icode= >,4on0_A_A,3.0
514,0.0,ARG, ,N,90.24,9.17,0.0,2.07,1.0,<Residue ARG het=  resseq=75 icode= >,4on0_A_A,3.0
515,4.496,ARG, ,CA,87.56,9.46,0.0,2.29,1.0,<Residue ARG het=  resseq=75 icode= >,4on0_A_A,3.0
516,0.969,ARG, ,C,78.74,8.36,0.0,2.73,1.0,<Residue ARG het=  resseq=75 icode= >,4on0_A_A,3.0
517,0.0,ARG, ,O,72.71,7.20,0.0,2.16,1.0,<Residue ARG het=  resseq=75 icode= >,4on0_A_A,3.0
518,6.7,ARG, ,CB,89.81,9.90,0.0,1.44,1.0,<Residue ARG het=  resseq=75 icode= >,4on0_A_A,3.0
519,33.663,ARG, ,CG,79.86,10.86,0.0,1.83,1.0,<Residue ARG het=  resseq=75 icode= >,4on0_A_A,3.0
520,14.855,ARG, ,CD,104.24,10.37,0.0,1.13,1.0,<Residue ARG het=  resseq=75 icode= >,4on0_A_A,3.0
521,4.099,ARG, ,NE,95.15,10.05,0.0,2.05,1.0,<Residue ARG het=  resseq=75 icode= >,4on0_A_A,3.0
522,4.392,ARG, ,CZ,101.85,9.84,0.0,1.49,1.0,<Residue ARG het=  resseq=75 icode= >,4on0_A_A,3.0
523,21.669,ARG, ,NH1,88.21,9.92,0.0,0.87,1.0,<Residue ARG het=  resseq=75 icode= >,4on0_A_A,3.0
524,21.664,ARG, ,NH2,111.64,9.82,0.0,0.52,1.0,<Residue ARG het=  resseq=75 icode= >,4on0_A_A,3.0
525,8.549,ARG, ,N,97.94,8.84,0.0,1.45,1.0,<Residue ARG het=  resseq=76 icode= >,4on0_A_A,3.0
526,0.0,ARG, ,CA,104.9,8.07,0.0,2.11,1.0,<Residue ARG het=  resseq=76 icode= >,4on0_A_A,3.0
527,0.002,ARG, ,C,110.09,8.41,0.0,1.35,1.0,<Residue ARG het=  resseq=76 icode= >,4on0_A_A,3.0
528,22.322,ARG, ,O,119.01,9.60,0.0,0.80,1.0,<Residue ARG het=  resseq=76 icode= >,4on0_A_A,3.0
529,18.09,ARG, ,CB,106.1,8.57,0.0,1.70,1.0,<Residue ARG het=  resseq=76 icode= >,4on0_A_A,3.0
530,1.831,ARG, ,CG,113.7,7.86,0.0,0.98,1.0,<Residue ARG het=  resseq=76 icode= >,4on0_A_A,3.0
531,6.703,ARG, ,CD,109.34,7.79,0.0,0.91,1.0,<Residue ARG het=  resseq=76 icode= >,4on0_A_A,3.0
532,12.317,ARG, ,NE,116.44,8.57,0.0,1.02,1.0,<Residue ARG het=  resseq=76 icode= >,4on0_A_A,3.0
533,7.359,ARG, ,CZ,120.21,8.28,0.0,1.39,1.0,<Residue ARG het=  resseq=76 icode= >,4on0_A_A,3.0
534,38.389,ARG, ,NH1,113.68,7.12,0.0,0.62,1.0,<Residue ARG het=  resseq=76 icode= >,4on0_A_A,3.0
535,59.3,ARG, ,NH2,124.69,9.30,0.0,0.52,1.0,<Residue ARG het=  resseq=76 icode= >,4on0_A_A,3.0
536,0.0,ASP, ,N,111.18,7.51,0.0,1.66,1.0,<Residue ASP het=  resseq=77 icode= >,4on0_A_A,3.0
537,6.728,ASP, ,CA,110.52,8.03,0.0,2.39,1.0,<Residue ASP het=  resseq=77 icode= >,4on0_A_A,3.0
538,0.999,ASP, ,C,116.88,7.86,0.0,2.17,1.0,<Residue ASP het=  resseq=77 icode= >,4on0_A_A,3.0
539,6.137,ASP, ,O,122.29,7.72,0.0,1.12,1.0,<Residue ASP het=  resseq=77 icode= >,4on0_A_A,3.0
540,0.0,ASP, ,CB,105.14,7.58,0.0,1.96,1.0,<Residue ASP het=  resseq=77 icode= >,4on0_A_A,3.0
541,11.245,ASP, ,CG,109.74,8.62,0.0,2.72,1.0,<Residue ASP het=  resseq=77 icode= >,4on0_A_A,3.0
542,29.177,ASP, ,OD1,99.45,9.14,0.0,1.44,1.0,<Residue ASP het=  resseq=77 icode= >,4on0_A_A,3.0
543,25.821,ASP, ,OD2,112.75,9.10,0.0,1.29,1.0,<Residue ASP het=  resseq=77 icode= >,4on0_A_A,3.0
544,3.075,ALA, ,N,104.49,8.22,0.0,2.17,1.0,<Residue ALA het=  resseq=78 icode= >,4on0_A_A,3.0
545,6.527,ALA, ,CA,104.26,8.21,0.0,2.18,1.0,<Residue ALA het=  resseq=78 icode= >,4on0_A_A,3.0
546,0.465,ALA, ,C,105.94,6.90,0.0,2.46,1.0,<Residue ALA het=  resseq=78 icode= >,4on0_A_A,3.0
547,20.673,ALA, ,O,119.05,6.63,0.0,0.66,1.0,<Residue ALA het=  resseq=78 icode= >,4on0_A_A,3.0
548,55.232,ALA, ,CB,102.11,9.26,0.0,0.79,1.0,<Residue ALA het=  resseq=78 icode= >,4on0_A_A,3.0
549,0.0,GLN, ,N,87.66,6.32,0.0,2.27,1.0,<Residue GLN het=  resseq=79 icode= >,4on0_A_A,3.0
550,6.235,GLN, ,CA,83.43,5.23,0.0,2.47,1.0,<Residue GLN het=  resseq=79 icode= >,4on0_A_A,3.0
551,1.419,GLN, ,C,88.7,3.97,0.0,2.45,1.0,<Residue GLN het=  resseq=79 icode= >,4on0_A_A,3.0
552,29.695,GLN, ,O,77.92,2.88,15.999,0.86,1.0,<Residue GLN het=  resseq=79 icode= >,4on0_A_A,3.0
553,17.342,GLN, ,CB,91.74,5.84,0.0,0.86,1.0,<Residue GLN het=  resseq=79 icode= >,4on0_A_A,3.0
554,21.945,GLN, ,CG,102.02,7.20,0.0,0.83,1.0,<Residue GLN het=  resseq=79 icode= >,4on0_A_A,3.0
555,10.249,GLN, ,CD,110.16,8.07,0.0,0.47,1.0,<Residue GLN het=  resseq=79 icode= >,4on0_A_A,3.0
556,34.869,GLN, ,OE1,115.9,7.98,0.0,-0.34,1.0,<Residue GLN het=  resseq=79 icode= >,4on0_A_A,3.0
557,58.304,GLN, ,NE2,116.73,9.12,0.0,-0.57,1.0,<Residue GLN het=  resseq=79 icode= >,4on0_A_A,3.0
558,0.0,THR, ,N,94.65,4.39,0.0,2.49,1.0,<Residue THR het=  resseq=80 icode= >,4on0_A_A,3.0
559,3.383,THR, ,CA,97.09,3.19,3.383,2.97,1.0,<Residue THR het=  resseq=80 icode= >,4on0_A_A,3.0
560,0.0,THR, ,C,93.4,3.45,0.0,2.57,1.0,<Residue THR het=  resseq=80 icode= >,4on0_A_A,3.0
561,0.0,THR, ,O,101.72,4.66,0.0,1.19,1.0,<Residue THR het=  resseq=80 icode= >,4on0_A_A,3.0
562,4.03,THR, ,CB,105.4,3.70,0.0,2.16,1.0,<Residue THR het=  resseq=80 icode= >,4on0_A_A,3.0
563,30.968,THR, ,OG1,108.43,3.99,0.958,2.27,1.0,<Residue THR het=  resseq=80 icode= >,4on0_A_A,3.0
564,8.501,THR, ,CG2,104.34,3.36,3.772,0.17,1.0,<Residue THR het=  resseq=80 icode= >,4on0_A_A,3.0
565,4.982,ILE, ,N,89.13,2.79,4.982,1.95,1.0,<Residue ILE het=  resseq=81 icode= >,4on0_A_A,3.0
566,0.0,ILE, ,CA,81.73,3.88,0.0,2.96,1.0,<Residue ILE het=  resseq=81 icode= >,4on0_A_A,3.0
567,0.0,ILE, ,C,75.56,4.12,0.0,3.75,1.0,<Residue ILE het=  resseq=81 icode= >,4on0_A_A,3.0
568,0.075,ILE, ,O,70.76,3.57,0.075,2.92,1.0,<Residue ILE het=  resseq=81 icode= >,4on0_A_A,3.0
569,2.379,ILE, ,CB,63.07,4.09,2.379,3.02,1.0,<Residue ILE het=  resseq=81 icode= >,4on0_A_A,3.0
570,8.163,ILE, ,CG1,62.09,4.01,4.434,1.84,1.0,<Residue ILE het=  resseq=81 icode= >,4on0_A_A,3.0
571,1.592,ILE, ,CG2,63.37,4.69,0.0,1.99,1.0,<Residue ILE het=  resseq=81 icode= >,4on0_A_A,3.0
572,51.298,ILE, ,CD1,60.37,3.17,24.105,0.13,1.0,<Residue ILE het=  resseq=81 icode= >,4on0_A_A,3.0
573,0.0,TYR, ,N,73.76,5.38,0.0,2.19,1.0,<Residue TYR het=  resseq=82 icode= >,4on0_A_A,3.0
574,0.0,TYR, ,CA,81.74,6.19,0.0,2.53,1.0,<Residue TYR het=  resseq=82 icode= >,4on0_A_A,3.0
575,0.0,TYR, ,C,87.39,7.28,0.0,2.88,1.0,<Residue TYR het=  resseq=82 icode= >,4on0_A_A,3.0
576,0.824,TYR, ,O,86.43,8.14,0.0,2.65,1.0,<Residue TYR het=  resseq=82 icode= >,4on0_A_A,3.0
577,0.0,TYR, ,CB,77.02,7.07,0.0,2.11,1.0,<Residue TYR het=  resseq=82 icode= >,4on0_A_A,3.0
578,0.0,TYR, ,CG,78.93,6.57,0.0,2.79,1.0,<Residue TYR het=  resseq=82 icode= >,4on0_A_A,3.0
579,1.202,TYR, ,CD1,83.86,6.62,0.0,1.77,1.0,<Residue TYR het=  resseq=82 icode= >,4on0_A_A,3.0
580,0.0,TYR, ,CD2,79.78,6.48,0.0,2.04,1.0,<Residue TYR het=  resseq=82 icode= >,4on0_A_A,3.0
581,17.188,TYR, ,CE1,87.5,6.60,0.0,1.43,1.0,<Residue TYR het=  resseq=82 icode= >,4on0_A_A,3.0
582,0.012,TYR, ,CE2,87.35,6.46,0.0,1.36,1.0,<Residue TYR het=  resseq=82 icode= >,4on0_A_A,3.0
583,2.251,TYR, ,CZ,91.62,6.52,0.0,2.20,1.0,<Residue TYR het=  resseq=82 icode= >,4on0_A_A,3.0
584,30.415,TYR, ,OH,95.94,6.92,0.0,1.40,1.0,<Residue TYR het=  resseq=82 icode= >,4on0_A_A,3.0
585,0.0,TYR, ,N,79.5,7.51,0.0,2.27,1.0,<Residue TYR het=  resseq=83 icode= >,4on0_A_A,3.0
586,0.0,TYR, ,CA,85.05,8.00,0.0,1.97,1.0,<Residue TYR het=  resseq=83 icode= >,4on0_A_A,3.0
587,0.0,TYR, ,C,81.8,9.48,0.0,3.50,1.0,<Residue TYR het=  resseq=83 icode= >,4on0_A_A,3.0
588,0.0,TYR, ,O,72.98,9.91,0.0,2.85,1.0,<Residue TYR het=  resseq=83 icode= >,4on0_A_A,3.0
589,0.076,TYR, ,CB,86.1,7.21,0.0,0.67,1.0,<Residue TYR het=  resseq=83 icode= >,4on0_A_A,3.0
590,0.0,TYR, ,CG,80.4,5.89,0.0,1.92,1.0,<Residue TYR het=  resseq=83 icode= >,4on0_A_A,3.0
591,0.0,TYR, ,CD1,80.15,4.75,0.0,1.71,1.0,<Residue TYR het=  resseq=83 icode= >,4on0_A_A,3.0
592,0.0,TYR, ,CD2,78.4,6.03,0.0,1.12,1.0,<Residue TYR het=  resseq=83 icode= >,4on0_A_A,3.0
593,3.617,TYR, ,CE1,77.71,3.55,3.617,1.30,1.0,<Residue TYR het=  resseq=83 icode= >,4on0_A_A,3.0
594,0.0,TYR, ,CE2,76.47,5.15,0.0,1.59,1.0,<Residue TYR het=  resseq=83 icode= >,4on0_A_A,3.0
595,0.0,TYR, ,CZ,73.21,3.82,0.0,3.17,1.0,<Residue TYR het=  resseq=83 icode= >,4on0_A_A,3.0
596,14.705,TYR, ,OH,74.04,3.23,11.334,1.72,1.0,<Residue TYR het=  resseq=83 icode= >,4on0_A_A,3.0
597,0.0,SER, ,N,76.61,10.08,0.0,2.99,1.0,<Residue SER het=  resseq=84 icode= >,4on0_A_A,3.0
598,0.0,SER, ,CA,81.46,11.50,0.0,2.89,1.0,<Residue SER het=  resseq=84 icode= >,4on0_A_A,3.0
599,0.0,SER, ,C,87.6,11.96,0.0,2.55,1.0,<Residue SER het=  resseq=84 icode= >,4on0_A_A,3.0
600,0.0,SER, ,O,97.46,11.31,0.0,1.32,1.0,<Residue SER het=  resseq=84 icode= >,4on0_A_A,3.0
601,25.51,SER, ,CB,85.71,12.41,0.0,1.24,1.0,<Residue SER het=  resseq=84 icode= >,4on0_A_A,3.0
602,2.818,SER, ,OG,99.46,11.88,0.0,-0.25,1.0,<Residue SER het=  resseq=84 icode= >,4on0_A_A,3.0
603,0.089,SER, ,N,79.53,13.21,0.0,2.55,1.0,<Residue SER het=  resseq=85 icode= >,4on0_A_A,3.0
604,0.0,SER, ,CA,78.72,13.92,0.0,2.93,1.0,<Residue SER het=  resseq=85 icode= >,4on0_A_A,3.0
605,0.784,SER, ,C,93.86,15.35,0.0,2.54,1.0,<Residue SER het=  resseq=85 icode= >,4on0_A_A,3.0
606,10.726,SER, ,O,95.42,16.11,0.0,1.70,1.0,<Residue SER het=  resseq=85 icode= >,4on0_A_A,3.0
607,0.0,SER, ,CB,84.18,14.07,0.0,1.41,1.0,<Residue SER het=  resseq=85 icode= >,4on0_A_A,3.0
608,0.0,SER, ,OG,89.93,14.82,0.0,1.03,1.0,<Residue SER het=  resseq=85 icode= >,4on0_A_A,3.0
609,3.156,SER, ,N,94.69,15.80,0.0,1.47,1.0,<Residue SER het=  resseq=86 icode= >,4on0_A_A,3.0
610,4.067,SER, ,CA,99.64,17.20,0.0,2.05,1.0,<Residue SER het=  resseq=86 icode= >,4on0_A_A,3.0
611,2.03,SER, ,C,99.57,17.88,0.0,2.52,1.0,<Residue SER het=  resseq=86 icode= >,4on0_A_A,3.0
612,20.374,SER, ,O,101.63,18.80,0.0,1.76,1.0,<Residue SER het=  resseq=86 icode= >,4on0_A_A,3.0
613,42.345,SER, ,CB,90.35,17.45,0.0,1.06,1.0,<Residue SER het=  resseq=86 icode= >,4on0_A_A,3.0
614,30.556,SER, ,OG,87.04,17.13,0.0,1.42,1.0,<Residue SER het=  resseq=86 icode= >,4on0_A_A,3.0
615,0.785,SER, ,N,97.03,17.52,0.0,1.98,1.0,<Residue SER het=  resseq=87 icode= >,4on0_A_A,3.0
616,7.5,SER, ,CA,102.94,18.31,0.0,1.29,1.0,<Residue SER het=  resseq=87 icode= >,4on0_A_A,3.0
617,0.0,SER, ,C,114.53,19.54,0.0,2.41,1.0,<Residue SER het=  resseq=87 icode= >,4on0_A_A,3.0
618,0.0,SER, ,O,112.31,19.50,0.0,1.89,1.0,<Residue SER het=  resseq=87 icode= >,4on0_A_A,3.0
619,6.763,SER, ,CB,96.49,17.55,0.0,1.37,1.0,<Residue SER het=  resseq=87 icode= >,4on0_A_A,3.0
620,7.91,SER, ,OG,87.46,18.46,0.0,0.95,1.0,<Residue SER het=  resseq=87 icode= >,4on0_A_A,3.0
621,2.454,ASP, ,N,98.68,1000.00,0.0,2.29,1.0,<Residue ASP het=  resseq=88 icode= >,4on0_A_A,3.0
622,0.213,ASP, ,CA,104.56,1000.00,0.0,2.10,1.0,<Residue ASP het=  resseq=88 icode= >,4on0_A_A,3.0
623,0.0,ASP, ,C,92.62,1000.00,0.0,2.59,1.0,<Residue ASP het=  resseq=88 icode= >,4on0_A_A,3.0
624,0.499,ASP, ,O,96.25,1000.00,0.0,1.51,1.0,<Residue ASP het=  resseq=88 icode= >,4on0_A_A,3.0
625,26.325,ASP, ,CB,122.5,1000.00,0.0,0.51,1.0,<Residue ASP het=  resseq=88 icode= >,4on0_A_A,3.0
626,8.883,ASP, ,CG,141.85,1000.00,0.932,0.34,1.0,<Residue ASP het=  resseq=88 icode= >,4on0_A_A,3.0
627,16.515,ASP, ,OD1,143.63,1000.00,0.656,0.26,1.0,<Residue ASP het=  resseq=88 icode= >,4on0_A_A,3.0
628,32.417,ASP, ,OD2,151.04,1000.00,3.813,-0.15,1.0,<Residue ASP het=  resseq=88 icode= >,4on0_A_A,3.0
629,0.0,SER, ,N,79.61,1000.00,0.0,1.77,1.0,<Residue SER het=  resseq=89 icode= >,4on0_A_A,3.0
630,3.095,SER, ,CA,67.32,1000.00,3.095,3.19,1.0,<Residue SER het=  resseq=89 icode= >,4on0_A_A,3.0
631,0.0,SER, ,C,68.99,1000.00,0.0,4.34,1.0,<Residue SER het=  resseq=89 icode= >,4on0_A_A,3.0
632,0.156,SER, ,O,71.15,1000.00,0.156,1.55,1.0,<Residue SER het=  resseq=89 icode= >,4on0_A_A,3.0
633,27.491,SER, ,CB,61.25,1000.00,20.713,2.27,1.0,<Residue SER het=  resseq=89 icode= >,4on0_A_A,3.0
634,6.101,SER, ,OG,65.27,1000.00,0.0,2.10,1.0,<Residue SER het=  resseq=89 icode= >,4on0_A_A,3.0
635,0.0,VAL, ,N,61.42,17.37,0.0,3.74,1.0,<Residue VAL het=  resseq=90 icode= >,4on0_A_A,3.0
636,0.0,VAL, ,CA,49.11,16.55,0.0,3.99,1.0,<Residue VAL het=  resseq=90 icode= >,4on0_A_A,3.0
637,0.0,VAL, ,C,62.7,17.46,0.0,3.85,1.0,<Residue VAL het=  resseq=90 icode= >,4on0_A_A,3.0
638,0.0,VAL, ,O,61.37,17.07,0.0,1.40,1.0,<Residue VAL het=  resseq=90 icode= >,4on0_A_A,3.0
639,0.0,VAL, ,CB,55.87,16.09,0.0,3.20,1.0,<Residue VAL het=  resseq=90 icode= >,4on0_A_A,3.0
640,0.0,VAL, ,CG1,55.28,15.54,0.0,1.89,1.0,<Residue VAL het=  resseq=90 icode= >,4on0_A_A,3.0
641,0.0,VAL, ,CG2,59.51,15.19,0.0,1.57,1.0,<Residue VAL het=  resseq=90 icode= >,4on0_A_A,3.0
642,0.0,MET, ,N,68.51,18.68,0.0,2.49,1.0,<Residue MET het=  resseq=91 icode= >,4on0_A_A,3.0
643,1.532,MET, ,CA,70.05,19.70,0.0,3.25,1.0,<Residue MET het=  resseq=91 icode= >,4on0_A_A,3.0
644,1.274,MET, ,C,72.95,20.05,0.0,3.54,1.0,<Residue MET het=  resseq=91 icode= >,4on0_A_A,3.0
645,9.525,MET, ,O,77.94,20.37,0.0,1.74,1.0,<Residue MET het=  resseq=91 icode= >,4on0_A_A,3.0
646,14.065,MET, ,CB,73.47,20.93,0.0,0.83,1.0,<Residue MET het=  resseq=91 icode= >,4on0_A_A,3.0
647,0.089,MET, ,CG,78.46,20.71,0.0,1.56,1.0,<Residue MET het=  resseq=91 icode= >,4on0_A_A,3.0
648,29.52,MET, ,SD,96.48,22.30,0.0,2.18,1.0,<Residue MET het=  resseq=91 icode= >,4on0_A_A,3.0
649,40.258,MET, ,CE,110.67,23.01,0.0,0.34,1.0,<Residue MET het=  resseq=91 icode= >,4on0_A_A,3.0
650,0.0,LYS, ,N,68.49,1000.00,0.0,2.68,1.0,<Residue LYS het=  resseq=92 icode= >,4on0_A_A,3.0
651,6.739,LYS, ,CA,67.61,1000.00,0.0,2.97,1.0,<Residue LYS het=  resseq=92 icode= >,4on0_A_A,3.0
652,1.246,LYS, ,C,75.68,1000.00,1.246,3.01,1.0,<Residue LYS het=  resseq=92 icode= >,4on0_A_A,3.0
653,5.632,LYS, ,O,81.76,1000.00,2.187,1.10,1.0,<Residue LYS het=  resseq=92 icode= >,4on0_A_A,3.0
654,11.377,LYS, ,CB,54.71,1000.00,10.485,2.39,1.0,<Residue LYS het=  resseq=92 icode= >,4on0_A_A,3.0
655,13.096,LYS, ,CG,74.33,1000.00,1.99,1.06,1.0,<Residue LYS het=  resseq=92 icode= >,4on0_A_A,3.0
656,29.497,LYS, ,CD,69.45,1000.00,29.497,1.14,1.0,<Residue LYS het=  resseq=92 icode= >,4on0_A_A,3.0
657,30.554,LYS, ,CE,76.15,1000.00,19.926,0.27,1.0,<Residue LYS het=  resseq=92 icode= >,4on0_A_A,3.0
658,42.427,LYS, ,NZ,70.02,1000.00,6.83,0.33,1.0,<Residue LYS het=  resseq=92 icode= >,4on0_A_A,3.0
659,0.0,ILE, ,N,71.59,18.19,0.0,1.93,1.0,<Residue ILE het=  resseq=93 icode= >,4on0_A_A,3.0
660,0.1,ILE, ,CA,55.8,17.14,0.1,3.29,1.0,<Residue ILE het=  resseq=93 icode= >,4on0_A_A,3.0
661,0.0,ILE, ,C,56.48,17.00,0.0,4.90,1.0,<Residue ILE het=  resseq=93 icode= >,4on0_A_A,3.0
662,0.059,ILE, ,O,56.01,17.07,0.059,2.20,1.0,<Residue ILE het=  resseq=93 icode= >,4on0_A_A,3.0
663,0.0,ILE, ,CB,44.48,15.81,0.0,3.03,1.0,<Residue ILE het=  resseq=93 icode= >,4on0_A_A,3.0
664,0.741,ILE, ,CG1,44.09,16.09,0.741,2.96,1.0,<Residue ILE het=  resseq=93 icode= >,4on0_A_A,3.0
665,10.355,ILE, ,CG2,37.8,14.73,10.355,1.27,1.0,<Residue ILE het=  resseq=93 icode= >,4on0_A_A,3.0
666,37.397,ILE, ,CD1,42.52,16.49,37.397,1.16,1.0,<Residue ILE het=  resseq=93 icode= >,4on0_A_A,3.0
667,0.0,LEU, ,N,54.76,16.98,0.0,3.26,1.0,<Residue LEU het=  resseq=94 icode= >,4on0_A_A,3.0
668,0.0,LEU, ,CA,52.61,17.08,0.0,3.39,1.0,<Residue LEU het=  resseq=94 icode= >,4on0_A_A,3.0
669,1.272,LEU, ,C,60.72,18.39,0.0,3.98,1.0,<Residue LEU het=  resseq=94 icode= >,4on0_A_A,3.0
670,2.315,LEU, ,O,65.24,18.54,0.0,2.55,1.0,<Residue LEU het=  resseq=94 icode= >,4on0_A_A,3.0
671,11.123,LEU, ,CB,48.86,17.11,0.0,1.63,1.0,<Residue LEU het=  resseq=94 icode= >,4on0_A_A,3.0
672,0.0,LEU, ,CG,46.71,15.86,0.0,2.46,1.0,<Residue LEU het=  resseq=94 icode= >,4on0_A_A,3.0
673,1.392,LEU, ,CD1,59.22,16.26,0.0,0.71,1.0,<Residue LEU het=  resseq=94 icode= >,4on0_A_A,3.0
674,8.107,LEU, ,CD2,51.16,14.73,0.0,0.73,1.0,<Residue LEU het=  resseq=94 icode= >,4on0_A_A,3.0
675,0.453,GLY, ,N,53.8,1000.00,0.0,2.80,1.0,<Residue GLY het=  resseq=95 icode= >,4on0_A_A,3.0
676,25.733,GLY, ,CA,66.21,1000.00,0.0,2.72,1.0,<Residue GLY het=  resseq=95 icode= >,4on0_A_A,3.0
677,0.746,GLY, ,C,79.7,1000.00,0.0,3.19,1.0,<Residue GLY het=  resseq=95 icode= >,4on0_A_A,3.0
678,0.33,GLY, ,O,90.35,1000.00,0.0,1.31,1.0,<Residue GLY het=  resseq=95 icode= >,4on0_A_A,3.0
679,1.758,ALA, ,N,75.11,1000.00,0.0,2.05,1.0,<Residue ALA het=  resseq=96 icode= >,4on0_A_A,3.0
680,1.464,ALA, ,CA,62.93,1000.00,0.408,2.96,1.0,<Residue ALA het=  resseq=96 icode= >,4on0_A_A,3.0
681,0.0,ALA, ,C,65.75,1000.00,0.0,4.17,1.0,<Residue ALA het=  resseq=96 icode= >,4on0_A_A,3.0
682,0.162,ALA, ,O,69.6,1000.00,0.162,2.30,1.0,<Residue ALA het=  resseq=96 icode= >,4on0_A_A,3.0
683,42.945,ALA, ,CB,60.98,1000.00,37.713,0.89,1.0,<Residue ALA het=  resseq=96 icode= >,4on0_A_A,3.0
684,0.0,LEU, ,N,66.82,18.31,0.0,3.54,1.0,<Residue LEU het=  resseq=97 icode= >,4on0_A_A,3.0
685,0.0,LEU, ,CA,67.96,17.60,0.0,2.95,1.0,<Residue LEU het=  resseq=97 icode= >,4on0_A_A,3.0
686,1.267,LEU, ,C,79.49,18.50,0.0,2.76,1.0,<Residue LEU het=  resseq=97 icode= >,4on0_A_A,3.0
687,0.762,LEU, ,O,88.56,18.65,0.0,1.30,1.0,<Residue LEU het=  resseq=97 icode= >,4on0_A_A,3.0
688,8.336,LEU, ,CB,58.47,16.26,1.009,1.31,1.0,<Residue LEU het=  resseq=97 icode= >,4on0_A_A,3.0
689,0.998,LEU, ,CG,41.65,15.09,0.998,2.36,1.0,<Residue LEU het=  resseq=97 icode= >,4on0_A_A,3.0
690,11.69,LEU, ,CD1,40.63,13.83,9.583,1.07,1.0,<Residue LEU het=  resseq=97 icode= >,4on0_A_A,3.0
691,31.324,LEU, ,CD2,44.07,14.95,31.324,1.15,1.0,<Residue LEU het=  resseq=97 icode= >,4on0_A_A,3.0
692,0.233,SER, ,N,73.19,1000.00,0.0,2.59,1.0,<Residue SER het=  resseq=98 icode= >,4on0_A_A,3.0
693,6.202,SER, ,CA,87.22,1000.00,0.0,2.69,1.0,<Residue SER het=  resseq=98 icode= >,4on0_A_A,3.0
694,0.715,SER, ,C,91.92,1000.00,0.0,3.64,1.0,<Residue SER het=  resseq=98 icode= >,4on0_A_A,3.0
695,7.592,SER, ,O,106.64,1000.00,0.0,1.53,1.0,<Residue SER het=  resseq=98 icode= >,4on0_A_A,3.0
696,38.608,SER, ,CB,101.91,1000.00,0.0,0.94,1.0,<Residue SER het=  resseq=98 icode= >,4on0_A_A,3.0
697,15.782,SER, ,OG,111.22,1000.00,0.0,0.57,1.0,<Residue SER het=  resseq=98 icode= >,4on0_A_A,3.0
698,0.0,GLU, ,N,80.59,1000.00,0.0,3.47,1.0,<Residue GLU het=  resseq=99 icode= >,4on0_A_A,3.0
699,6.36,GLU, ,CA,76.99,1000.00,0.0,3.00,1.0,<Residue GLU het=  resseq=99 icode= >,4on0_A_A,3.0
700,1.126,GLU, ,C,76.06,1000.00,1.126,3.03,1.0,<Residue GLU het=  resseq=99 icode= >,4on0_A_A,3.0
701,24.862,GLU, ,O,84.7,1000.00,6.335,1.19,1.0,<Residue GLU het=  resseq=99 icode= >,4on0_A_A,3.0
702,8.386,GLU, ,CB,79.94,1000.00,6.476,1.49,1.0,<Residue GLU het=  resseq=99 icode= >,4on0_A_A,3.0
703,25.358,GLU, ,CG,93.6,1000.00,0.0,0.95,1.0,<Residue GLU het=  resseq=99 icode= >,4on0_A_A,3.0
704,9.599,GLU, ,CD,105.58,1000.00,0.0,1.79,1.0,<Residue GLU het=  resseq=99 icode= >,4on0_A_A,3.0
705,30.672,GLU, ,OE1,102.77,1000.00,14.411,1.59,1.0,<Residue GLU het=  resseq=99 icode= >,4on0_A_A,3.0
706,40.064,GLU, ,OE2,117.26,1000.00,0.0,0.51,1.0,<Residue GLU het=  resseq=99 icode= >,4on0_A_A,3.0
707,0.0,ILE, ,N,70.88,1000.00,0.0,2.86,1.0,<Residue ILE het=  resseq=100 icode= >,4on0_A_A,3.0
708,6.643,ILE, ,CA,72.5,1000.00,4.734,3.47,1.0,<Residue ILE het=  resseq=100 icode= >,4on0_A_A,3.0
709,0.0,ILE, ,C,84.84,1000.00,0.0,2.54,1.0,<Residue ILE het=  resseq=100 icode= >,4on0_A_A,3.0
710,24.301,ILE, ,O,99.29,1000.00,0.0,0.95,1.0,<Residue ILE het=  resseq=100 icode= >,4on0_A_A,3.0
711,0.0,ILE, ,CB,58.02,1000.00,0.0,3.48,1.0,<Residue ILE het=  resseq=100 icode= >,4on0_A_A,3.0
712,18.458,ILE, ,CG1,60.31,1000.00,17.809,2.47,1.0,<Residue ILE het=  resseq=100 icode= >,4on0_A_A,3.0
713,30.13,ILE, ,CG2,57.6,1000.00,13.43,0.69,1.0,<Residue ILE het=  resseq=100 icode= >,4on0_A_A,3.0
714,39.194,ILE, ,CD1,58.16,1000.00,39.194,0.62,1.0,<Residue ILE het=  resseq=100 icode= >,4on0_A_A,3.0
715,0.0,TYR, ,N,83.05,1000.00,0.0,2.25,1.0,<Residue TYR het=  resseq=101 icode= >,4on0_A_A,3.0
716,5.868,TYR, ,CA,80.61,1000.00,0.0,2.43,1.0,<Residue TYR het=  resseq=101 icode= >,4on0_A_A,3.0
717,4.164,TYR, ,C,91.74,1000.00,0.0,2.62,1.0,<Residue TYR het=  resseq=101 icode= >,4on0_A_A,3.0
718,22.102,TYR, ,O,90.85,1000.00,3.127,1.44,1.0,<Residue TYR het=  resseq=101 icode= >,4on0_A_A,3.0
719,22.701,TYR, ,CB,68.35,1000.00,10.334,1.53,1.0,<Residue TYR het=  resseq=101 icode= >,4on0_A_A,3.0
720,2.262,TYR, ,CG,57.51,1000.00,0.715,2.31,1.0,<Residue TYR het=  resseq=101 icode= >,4on0_A_A,3.0
721,23.599,TYR, ,CD1,59.37,1000.00,3.699,1.81,1.0,<Residue TYR het=  resseq=101 icode= >,4on0_A_A,3.0
722,8.317,TYR, ,CD2,53.39,1000.00,5.885,1.72,1.0,<Residue TYR het=  resseq=101 icode= >,4on0_A_A,3.0
723,30.052,TYR, ,CE1,68.9,1000.00,14.267,1.27,1.0,<Residue TYR het=  resseq=101 icode= >,4on0_A_A,3.0
724,9.012,TYR, ,CE2,49.18,1000.00,9.012,2.08,1.0,<Residue TYR het=  resseq=101 icode= >,4on0_A_A,3.0
725,5.439,TYR, ,CZ,60.55,1000.00,5.05,2.33,1.0,<Residue TYR het=  resseq=101 icode= >,4on0_A_A,3.0
726,43.169,TYR, ,OH,65.8,1000.00,33.764,1.26,1.0,<Residue TYR het=  resseq=101 icode= >,4on0_A_A,3.0
727,0.383,GLY, ,N,111.07,1000.00,0.0,1.42,1.0,<Residue GLY het=  resseq=102 icode= >,4on0_A_A,3.0
728,35.729,GLY, ,CA,127.12,1000.00,0.0,0.65,1.0,<Residue GLY het=  resseq=102 icode= >,4on0_A_A,3.0
729,24.26,GLY, ,C,132.07,1000.00,0.0,0.75,1.0,<Residue GLY het=  resseq=102 icode= >,4on0_A_A,3.0
730,34.557,GLY, ,O,133.98,1000.00,3.525,0.84,1.0,<Residue GLY het=  resseq=102 icode= >,4on0_A_A,3.0
