,ASA,aa,altloc,atom,bfac,d2r,dASA,dens,occ,residue,id,resolu
0,35.104,GLN, ,N,102.24,15.90,6.733,1.40,1.0,<Residue GLN het=  resseq=6 icode= >,4on0_B_A,3.0
1,6.414,GLN, ,CA,107.51,17.06,0.264,1.77,1.0,<Residue GLN het=  resseq=6 icode= >,4on0_B_A,3.0
2,3.409,GLN, ,C,107.89,16.86,3.298,2.09,1.0,<Residue GLN het=  resseq=6 icode= >,4on0_B_A,3.0
3,14.033,GLN, ,O,115.19,16.45,14.031,1.44,1.0,<Residue GLN het=  resseq=6 icode= >,4on0_B_A,3.0
4,26.558,GLN, ,CB,111.05,18.25,0.0,0.66,1.0,<Residue GLN het=  resseq=6 icode= >,4on0_B_A,3.0
5,28.886,GLN, ,CG,129.97,18.07,1.524,0.08,1.0,<Residue GLN het=  resseq=6 icode= >,4on0_B_A,3.0
6,5.318,GLN, ,CD,132.97,17.30,0.0,0.24,1.0,<Residue GLN het=  resseq=6 icode= >,4on0_B_A,3.0
7,34.448,GLN, ,OE1,131.19,17.67,0.0,-0.01,1.0,<Residue GLN het=  resseq=6 icode= >,4on0_B_A,3.0
8,50.183,GLN, ,NE2,131.39,16.34,17.466,-0.27,1.0,<Residue GLN het=  resseq=6 icode= >,4on0_B_A,3.0
9,0.5,PRO, ,N,92.34,16.35,0.5,2.63,1.0,<Residue PRO het=  resseq=7 icode= >,4on0_B_A,3.0
10,12.192,PRO, ,CA,85.48,15.04,12.192,2.81,1.0,<Residue PRO het=  resseq=7 icode= >,4on0_B_A,3.0
11,0.0,PRO, ,C,89.1,15.18,0.0,2.50,1.0,<Residue PRO het=  resseq=7 icode= >,4on0_B_A,3.0
12,14.392,PRO, ,O,93.41,16.31,0.0,1.28,1.0,<Residue PRO het=  resseq=7 icode= >,4on0_B_A,3.0
13,32.953,PRO, ,CB,80.08,14.77,13.398,1.40,1.0,<Residue PRO het=  resseq=7 icode= >,4on0_B_A,3.0
14,40.082,PRO, ,CG,81.78,15.72,0.189,1.45,1.0,<Residue PRO het=  resseq=7 icode= >,4on0_B_A,3.0
15,30.18,PRO, ,CD,90.81,16.61,9.27,1.37,1.0,<Residue PRO het=  resseq=7 icode= >,4on0_B_A,3.0
16,4.9,LEU, ,N,78.68,14.15,4.614,2.01,1.0,<Residue LEU het=  resseq=8 icode= >,4on0_B_A,3.0
17,0.829,LEU, ,CA,77.08,14.40,0.0,2.77,1.0,<Residue LEU het=  resseq=8 icode= >,4on0_B_A,3.0
18,0.613,LEU, ,C,88.64,14.59,0.0,2.83,1.0,<Residue LEU het=  resseq=8 icode= >,4on0_B_A,3.0
19,10.222,LEU, ,O,92.11,13.99,0.0,1.75,1.0,<Residue LEU het=  resseq=8 icode= >,4on0_B_A,3.0
20,0.533,LEU, ,CB,67.05,13.41,0.533,1.88,1.0,<Residue LEU het=  resseq=8 icode= >,4on0_B_A,3.0
21,9.02,LEU, ,CG,66.1,13.63,9.02,1.52,1.0,<Residue LEU het=  resseq=8 icode= >,4on0_B_A,3.0
22,55.369,LEU, ,CD1,75.45,12.76,51.375,-0.19,1.0,<Residue LEU het=  resseq=8 icode= >,4on0_B_A,3.0
23,46.379,LEU, ,CD2,73.81,15.09,13.728,0.41,1.0,<Residue LEU het=  resseq=8 icode= >,4on0_B_A,3.0
24,4.055,SER, ,N,89.1,15.56,0.0,2.45,1.0,<Residue SER het=  resseq=9 icode= >,4on0_B_A,3.0
25,4.845,SER, ,CA,94.77,16.02,0.0,2.76,1.0,<Residue SER het=  resseq=9 icode= >,4on0_B_A,3.0
26,0.0,SER, ,C,98.38,15.09,0.0,2.98,1.0,<Residue SER het=  resseq=9 icode= >,4on0_B_A,3.0
27,0.0,SER, ,O,102.69,14.58,0.0,1.64,1.0,<Residue SER het=  resseq=9 icode= >,4on0_B_A,3.0
28,35.411,SER, ,CB,97.82,17.40,0.0,1.48,1.0,<Residue SER het=  resseq=9 icode= >,4on0_B_A,3.0
29,6.657,SER, ,OG,90.26,17.41,0.0,1.56,1.0,<Residue SER het=  resseq=9 icode= >,4on0_B_A,3.0
30,0.0,PRO, ,N,99.3,15.02,0.0,2.73,1.0,<Residue PRO het=  resseq=10 icode= >,4on0_B_A,3.0
31,2.493,PRO, ,CA,96.22,14.26,0.0,2.34,1.0,<Residue PRO het=  resseq=10 icode= >,4on0_B_A,3.0
32,0.067,PRO, ,C,93.4,14.58,0.0,3.25,1.0,<Residue PRO het=  resseq=10 icode= >,4on0_B_A,3.0
33,1.254,PRO, ,O,89.25,13.85,0.0,1.90,1.0,<Residue PRO het=  resseq=10 icode= >,4on0_B_A,3.0
34,30.507,PRO, ,CB,92.91,14.90,0.0,1.29,1.0,<Residue PRO het=  resseq=10 icode= >,4on0_B_A,3.0
35,42.44,PRO, ,CG,91.81,15.37,0.0,1.45,1.0,<Residue PRO het=  resseq=10 icode= >,4on0_B_A,3.0
36,20.659,PRO, ,CD,95.45,15.82,0.0,1.63,1.0,<Residue PRO het=  resseq=10 icode= >,4on0_B_A,3.0
37,0.059,GLU, ,N,90.87,15.77,0.0,2.81,1.0,<Residue GLU het=  resseq=11 icode= >,4on0_B_A,3.0
38,0.122,GLU, ,CA,92.94,16.32,0.0,2.63,1.0,<Residue GLU het=  resseq=11 icode= >,4on0_B_A,3.0
39,0.0,GLU, ,C,91.1,15.61,0.0,3.41,1.0,<Residue GLU het=  resseq=11 icode= >,4on0_B_A,3.0
40,0.404,GLU, ,O,102.61,15.54,0.0,1.17,1.0,<Residue GLU het=  resseq=11 icode= >,4on0_B_A,3.0
41,15.508,GLU, ,CB,96.96,17.80,0.0,1.20,1.0,<Residue GLU het=  resseq=11 icode= >,4on0_B_A,3.0
42,37.737,GLU, ,CG,107.58,18.73,0.0,0.69,1.0,<Residue GLU het=  resseq=11 icode= >,4on0_B_A,3.0
43,9.27,GLU, ,CD,116.11,18.65,0.0,1.58,1.0,<Residue GLU het=  resseq=11 icode= >,4on0_B_A,3.0
44,2.219,GLU, ,OE1,116.19,17.95,0.0,1.40,1.0,<Residue GLU het=  resseq=11 icode= >,4on0_B_A,3.0
45,39.6,GLU, ,OE2,118.03,19.40,0.0,0.75,1.0,<Residue GLU het=  resseq=11 icode= >,4on0_B_A,3.0
46,0.0,LYS, ,N,77.4,15.29,0.0,3.25,1.0,<Residue LYS het=  resseq=12 icode= >,4on0_B_A,3.0
47,0.336,LYS, ,CA,69.71,14.68,0.0,3.02,1.0,<Residue LYS het=  resseq=12 icode= >,4on0_B_A,3.0
48,1.465,LYS, ,C,75.27,13.30,1.465,2.99,1.0,<Residue LYS het=  resseq=12 icode= >,4on0_B_A,3.0
49,3.277,LYS, ,O,86.58,13.03,2.312,1.59,1.0,<Residue LYS het=  resseq=12 icode= >,4on0_B_A,3.0
50,8.391,LYS, ,CB,73.17,14.75,5.955,1.37,1.0,<Residue LYS het=  resseq=12 icode= >,4on0_B_A,3.0
51,3.876,LYS, ,CG,87.36,16.21,0.0,1.09,1.0,<Residue LYS het=  resseq=12 icode= >,4on0_B_A,3.0
52,13.897,LYS, ,CD,99.78,17.14,0.0,0.53,1.0,<Residue LYS het=  resseq=12 icode= >,4on0_B_A,3.0
53,38.603,LYS, ,CE,107.01,18.57,0.0,0.44,1.0,<Residue LYS het=  resseq=12 icode= >,4on0_B_A,3.0
54,39.663,LYS, ,NZ,102.9,19.55,0.0,0.36,1.0,<Residue LYS het=  resseq=12 icode= >,4on0_B_A,3.0
55,0.076,HIS, ,N,70.15,12.53,0.076,2.60,1.0,<Residue HIS het=  resseq=13 icode= >,4on0_B_A,3.0
56,3.763,HIS, ,CA,68.32,11.28,2.872,3.11,1.0,<Residue HIS het=  resseq=13 icode= >,4on0_B_A,3.0
57,0.237,HIS, ,C,69.7,11.63,0.0,3.46,1.0,<Residue HIS het=  resseq=13 icode= >,4on0_B_A,3.0
58,3.871,HIS, ,O,79.16,10.94,1.503,1.32,1.0,<Residue HIS het=  resseq=13 icode= >,4on0_B_A,3.0
59,15.292,HIS, ,CB,70.3,10.79,0.0,2.37,1.0,<Residue HIS het=  resseq=13 icode= >,4on0_B_A,3.0
60,1.905,HIS, ,CG,77.18,10.12,0.524,2.85,1.0,<Residue HIS het=  resseq=13 icode= >,4on0_B_A,3.0
61,1.144,HIS, ,ND1,77.21,10.86,0.927,2.00,1.0,<Residue HIS het=  resseq=13 icode= >,4on0_B_A,3.0
62,38.629,HIS, ,CD2,79.73,8.90,20.976,1.80,1.0,<Residue HIS het=  resseq=13 icode= >,4on0_B_A,3.0
63,16.474,HIS, ,CE1,77.25,10.28,10.263,1.83,1.0,<Residue HIS het=  resseq=13 icode= >,4on0_B_A,3.0
64,31.216,HIS, ,NE2,77.01,9.05,25.01,1.83,1.0,<Residue HIS het=  resseq=13 icode= >,4on0_B_A,3.0
65,0.127,GLU, ,N,61.96,12.84,0.0,3.28,1.0,<Residue GLU het=  resseq=14 icode= >,4on0_B_A,3.0
66,1.021,GLU, ,CA,61.71,13.51,0.0,3.52,1.0,<Residue GLU het=  resseq=14 icode= >,4on0_B_A,3.0
67,0.0,GLU, ,C,67.85,13.81,0.0,3.74,1.0,<Residue GLU het=  resseq=14 icode= >,4on0_B_A,3.0
68,0.151,GLU, ,O,67.47,13.55,0.0,2.20,1.0,<Residue GLU het=  resseq=14 icode= >,4on0_B_A,3.0
69,7.703,GLU, ,CB,77.61,14.90,0.0,1.38,1.0,<Residue GLU het=  resseq=14 icode= >,4on0_B_A,3.0
70,13.379,GLU, ,CG,98.55,15.14,0.0,0.57,1.0,<Residue GLU het=  resseq=14 icode= >,4on0_B_A,3.0
71,12.64,GLU, ,CD,114.63,15.48,0.0,0.94,1.0,<Residue GLU het=  resseq=14 icode= >,4on0_B_A,3.0
72,26.102,GLU, ,OE1,111.18,15.71,0.0,0.77,1.0,<Residue GLU het=  resseq=14 icode= >,4on0_B_A,3.0
73,41.593,GLU, ,OE2,120.47,15.68,0.0,0.46,1.0,<Residue GLU het=  resseq=14 icode= >,4on0_B_A,3.0
74,0.0,GLU, ,N,67.0,14.45,0.0,2.61,1.0,<Residue GLU het=  resseq=15 icode= >,4on0_B_A,3.0
75,2.227,GLU, ,CA,58.15,14.98,0.0,3.29,1.0,<Residue GLU het=  resseq=15 icode= >,4on0_B_A,3.0
76,1.29,GLU, ,C,55.6,13.85,0.0,4.25,1.0,<Residue GLU het=  resseq=15 icode= >,4on0_B_A,3.0
77,2.308,GLU, ,O,63.52,13.54,1.136,2.07,1.0,<Residue GLU het=  resseq=15 icode= >,4on0_B_A,3.0
78,11.552,GLU, ,CB,63.46,15.76,1.215,1.48,1.0,<Residue GLU het=  resseq=15 icode= >,4on0_B_A,3.0
79,25.792,GLU, ,CG,79.52,17.13,6.178,1.62,1.0,<Residue GLU het=  resseq=15 icode= >,4on0_B_A,3.0
80,7.28,GLU, ,CD,94.45,17.91,1.004,1.65,1.0,<Residue GLU het=  resseq=15 icode= >,4on0_B_A,3.0
81,32.52,GLU, ,OE1,97.73,18.20,8.457,0.96,1.0,<Residue GLU het=  resseq=15 icode= >,4on0_B_A,3.0
82,17.232,GLU, ,OE2,90.26,18.42,0.0,1.13,1.0,<Residue GLU het=  resseq=15 icode= >,4on0_B_A,3.0
83,0.644,ALA, ,N,51.52,12.89,0.0,3.38,1.0,<Residue ALA het=  resseq=16 icode= >,4on0_B_A,3.0
84,7.916,ALA, ,CA,61.74,11.84,3.82,3.45,1.0,<Residue ALA het=  resseq=16 icode= >,4on0_B_A,3.0
85,1.213,ALA, ,C,62.82,10.85,1.213,3.51,1.0,<Residue ALA het=  resseq=16 icode= >,4on0_B_A,3.0
86,2.889,ALA, ,O,68.71,10.06,2.889,2.10,1.0,<Residue ALA het=  resseq=16 icode= >,4on0_B_A,3.0
87,48.74,ALA, ,CB,58.96,10.89,46.851,0.72,1.0,<Residue ALA het=  resseq=16 icode= >,4on0_B_A,3.0
88,0.317,GLU, ,N,59.5,11.09,0.317,2.49,1.0,<Residue GLU het=  resseq=17 icode= >,4on0_B_A,3.0
89,5.318,GLU, ,CA,61.34,10.46,5.318,3.49,1.0,<Residue GLU het=  resseq=17 icode= >,4on0_B_A,3.0
90,0.443,GLU, ,C,58.67,10.86,0.0,3.96,1.0,<Residue GLU het=  resseq=17 icode= >,4on0_B_A,3.0
91,5.025,GLU, ,O,58.96,10.11,0.0,1.57,1.0,<Residue GLU het=  resseq=17 icode= >,4on0_B_A,3.0
92,3.428,GLU, ,CB,72.45,10.91,1.279,2.08,1.0,<Residue GLU het=  resseq=17 icode= >,4on0_B_A,3.0
93,31.194,GLU, ,CG,91.8,10.38,8.27,0.98,1.0,<Residue GLU het=  resseq=17 icode= >,4on0_B_A,3.0
94,15.929,GLU, ,CD,108.48,10.29,0.0,1.43,1.0,<Residue GLU het=  resseq=17 icode= >,4on0_B_A,3.0
95,25.122,GLU, ,OE1,102.59,10.77,0.0,1.24,1.0,<Residue GLU het=  resseq=17 icode= >,4on0_B_A,3.0
96,41.692,GLU, ,OE2,119.32,9.95,0.0,0.56,1.0,<Residue GLU het=  resseq=17 icode= >,4on0_B_A,3.0
97,0.0,ILE, ,N,59.82,12.16,0.0,3.31,1.0,<Residue ILE het=  resseq=18 icode= >,4on0_B_A,3.0
98,6.393,ILE, ,CA,67.71,12.08,0.0,2.76,1.0,<Residue ILE het=  resseq=18 icode= >,4on0_B_A,3.0
99,0.0,ILE, ,C,62.87,11.80,0.0,4.16,1.0,<Residue ILE het=  resseq=18 icode= >,4on0_B_A,3.0
100,0.842,ILE, ,O,63.39,10.99,0.0,2.39,1.0,<Residue ILE het=  resseq=18 icode= >,4on0_B_A,3.0
101,1.42,ILE, ,CB,60.59,13.44,0.985,2.28,1.0,<Residue ILE het=  resseq=18 icode= >,4on0_B_A,3.0
102,20.701,ILE, ,CG1,61.88,13.88,0.0,1.16,1.0,<Residue ILE het=  resseq=18 icode= >,4on0_B_A,3.0
103,49.419,ILE, ,CG2,46.98,13.54,23.746,0.98,1.0,<Residue ILE het=  resseq=18 icode= >,4on0_B_A,3.0
104,42.34,ILE, ,CD1,60.0,15.39,1.351,-0.34,1.0,<Residue ILE het=  resseq=18 icode= >,4on0_B_A,3.0
105,0.482,ALA, ,N,60.87,12.55,0.482,3.18,1.0,<Residue ALA het=  resseq=19 icode= >,4on0_B_A,3.0
106,5.535,ALA, ,CA,55.22,12.44,5.535,4.23,1.0,<Residue ALA het=  resseq=19 icode= >,4on0_B_A,3.0
107,0.174,ALA, ,C,57.8,11.12,0.174,3.86,1.0,<Residue ALA het=  resseq=19 icode= >,4on0_B_A,3.0
108,0.0,ALA, ,O,75.5,11.21,0.0,1.57,1.0,<Residue ALA het=  resseq=19 icode= >,4on0_B_A,3.0
109,47.651,ALA, ,CB,44.74,12.79,40.029,1.65,1.0,<Residue ALA het=  resseq=19 icode= >,4on0_B_A,3.0
110,0.474,ALA, ,N,49.14,10.03,0.474,2.79,1.0,<Residue ALA het=  resseq=20 icode= >,4on0_B_A,3.0
111,4.088,ALA, ,CA,44.31,8.70,4.088,3.48,1.0,<Residue ALA het=  resseq=20 icode= >,4on0_B_A,3.0
112,0.686,ALA, ,C,45.98,8.50,0.0,5.10,1.0,<Residue ALA het=  resseq=20 icode= >,4on0_B_A,3.0
113,0.205,ALA, ,O,63.55,7.74,0.205,2.28,1.0,<Residue ALA het=  resseq=20 icode= >,4on0_B_A,3.0
114,45.336,ALA, ,CB,40.95,7.67,41.692,0.93,1.0,<Residue ALA het=  resseq=20 icode= >,4on0_B_A,3.0
115,0.491,GLY, ,N,49.91,8.47,0.0,3.19,1.0,<Residue GLY het=  resseq=21 icode= >,4on0_B_A,3.0
116,22.534,GLY, ,CA,57.83,7.55,0.0,2.67,1.0,<Residue GLY het=  resseq=21 icode= >,4on0_B_A,3.0
117,0.0,GLY, ,C,61.01,7.87,0.0,3.77,1.0,<Residue GLY het=  resseq=21 icode= >,4on0_B_A,3.0
118,2.651,GLY, ,O,66.59,7.12,0.0,0.77,1.0,<Residue GLY het=  resseq=21 icode= >,4on0_B_A,3.0
119,0.0,PHE, ,N,60.2,9.19,0.0,3.33,1.0,<Residue PHE het=  resseq=22 icode= >,4on0_B_A,3.0
120,0.0,PHE, ,CA,35.19,9.91,0.0,4.53,1.0,<Residue PHE het=  resseq=22 icode= >,4on0_B_A,3.0
121,0.0,PHE, ,C,42.4,9.72,0.0,4.94,1.0,<Residue PHE het=  resseq=22 icode= >,4on0_B_A,3.0
122,0.0,PHE, ,O,52.04,9.56,0.0,3.17,1.0,<Residue PHE het=  resseq=22 icode= >,4on0_B_A,3.0
123,9.792,PHE, ,CB,37.09,11.40,7.759,2.70,1.0,<Residue PHE het=  resseq=22 icode= >,4on0_B_A,3.0
124,1.827,PHE, ,CG,36.41,12.34,1.792,3.29,1.0,<Residue PHE het=  resseq=22 icode= >,4on0_B_A,3.0
125,4.232,PHE, ,CD1,54.62,12.47,0.0,2.15,1.0,<Residue PHE het=  resseq=22 icode= >,4on0_B_A,3.0
126,11.722,PHE, ,CD2,37.49,13.28,11.722,2.67,1.0,<Residue PHE het=  resseq=22 icode= >,4on0_B_A,3.0
127,0.0,PHE, ,CE1,48.23,13.49,0.0,1.91,1.0,<Residue PHE het=  resseq=22 icode= >,4on0_B_A,3.0
128,7.009,PHE, ,CE2,45.54,14.24,7.009,1.93,1.0,<Residue PHE het=  resseq=22 icode= >,4on0_B_A,3.0
129,0.0,PHE, ,CZ,46.02,14.34,0.0,3.08,1.0,<Residue PHE het=  resseq=22 icode= >,4on0_B_A,3.0
130,0.0,LEU, ,N,48.96,9.99,0.0,2.91,1.0,<Residue LEU het=  resseq=23 icode= >,4on0_B_A,3.0
131,0.0,LEU, ,CA,33.55,10.19,0.0,3.85,1.0,<Residue LEU het=  resseq=23 icode= >,4on0_B_A,3.0
132,0.103,LEU, ,C,40.49,9.00,0.103,5.04,1.0,<Residue LEU het=  resseq=23 icode= >,4on0_B_A,3.0
133,0.767,LEU, ,O,55.06,9.28,0.767,3.33,1.0,<Residue LEU het=  resseq=23 icode= >,4on0_B_A,3.0
134,5.482,LEU, ,CB,35.38,10.46,5.482,2.39,1.0,<Residue LEU het=  resseq=23 icode= >,4on0_B_A,3.0
135,11.65,LEU, ,CG,36.21,11.32,11.65,2.20,1.0,<Residue LEU het=  resseq=23 icode= >,4on0_B_A,3.0
136,12.621,LEU, ,CD1,44.12,12.77,12.621,0.06,1.0,<Residue LEU het=  resseq=23 icode= >,4on0_B_A,3.0
137,61.326,LEU, ,CD2,38.45,10.99,61.326,0.09,1.0,<Residue LEU het=  resseq=23 icode= >,4on0_B_A,3.0
138,0.343,SER, ,N,32.19,7.81,0.343,4.06,1.0,<Residue SER het=  resseq=24 icode= >,4on0_B_A,3.0
139,2.603,SER, ,CA,34.98,6.61,2.051,4.50,1.0,<Residue SER het=  resseq=24 icode= >,4on0_B_A,3.0
140,1.396,SER, ,C,34.28,6.50,0.0,4.51,1.0,<Residue SER het=  resseq=24 icode= >,4on0_B_A,3.0
141,3.749,SER, ,O,42.64,6.04,0.0,2.16,1.0,<Residue SER het=  resseq=24 icode= >,4on0_B_A,3.0
142,33.531,SER, ,CB,52.99,5.44,7.577,2.64,1.0,<Residue SER het=  resseq=24 icode= >,4on0_B_A,3.0
143,21.232,SER, ,OG,72.56,6.07,13.885,1.99,1.0,<Residue SER het=  resseq=24 icode= >,4on0_B_A,3.0
144,0.608,ALA, ,N,41.57,6.95,0.0,2.87,1.0,<Residue ALA het=  resseq=25 icode= >,4on0_B_A,3.0
145,2.699,ALA, ,CA,44.11,7.41,0.0,3.70,1.0,<Residue ALA het=  resseq=25 icode= >,4on0_B_A,3.0
146,0.0,ALA, ,C,51.1,7.57,0.0,3.35,1.0,<Residue ALA het=  resseq=25 icode= >,4on0_B_A,3.0
147,0.0,ALA, ,O,39.28,7.09,0.0,1.95,1.0,<Residue ALA het=  resseq=25 icode= >,4on0_B_A,3.0
148,0.892,ALA, ,CB,30.23,8.12,0.0,1.67,1.0,<Residue ALA het=  resseq=25 icode= >,4on0_B_A,3.0
149,0.0,MET, ,N,53.57,8.49,0.0,1.66,1.0,<Residue MET het=  resseq=26 icode= >,4on0_B_A,3.0
150,0.0,MET, ,CA,43.15,8.92,0.0,3.20,1.0,<Residue MET het=  resseq=26 icode= >,4on0_B_A,3.0
151,0.839,MET, ,C,43.7,8.19,0.839,5.09,1.0,<Residue MET het=  resseq=26 icode= >,4on0_B_A,3.0
152,0.816,MET, ,O,35.38,8.31,0.816,2.85,1.0,<Residue MET het=  resseq=26 icode= >,4on0_B_A,3.0
153,4.145,MET, ,CB,37.62,10.44,4.145,2.02,1.0,<Residue MET het=  resseq=26 icode= >,4on0_B_A,3.0
154,0.0,MET, ,CG,28.53,11.27,0.0,3.75,1.0,<Residue MET het=  resseq=26 icode= >,4on0_B_A,3.0
155,0.0,MET, ,SD,70.09,13.01,0.0,4.51,1.0,<Residue MET het=  resseq=26 icode= >,4on0_B_A,3.0
156,0.095,MET, ,CE,46.72,13.14,0.095,0.85,1.0,<Residue MET het=  resseq=26 icode= >,4on0_B_A,3.0
157,0.0,ALA, ,N,63.01,7.52,0.0,3.41,1.0,<Residue ALA het=  resseq=27 icode= >,4on0_B_A,3.0
158,10.787,ALA, ,CA,30.41,7.01,10.787,3.89,1.0,<Residue ALA het=  resseq=27 icode= >,4on0_B_A,3.0
159,4.242,ALA, ,C,38.37,5.68,4.242,4.23,1.0,<Residue ALA het=  resseq=27 icode= >,4on0_B_A,3.0
160,22.927,ALA, ,O,45.49,4.84,11.696,2.37,1.0,<Residue ALA het=  resseq=27 icode= >,4on0_B_A,3.0
161,41.949,ALA, ,CB,31.2,7.22,38.058,2.30,1.0,<Residue ALA het=  resseq=27 icode= >,4on0_B_A,3.0
162,0.981,ASN, ,N,37.8,5.79,0.981,3.58,1.0,<Residue ASN het=  resseq=28 icode= >,4on0_B_A,3.0
163,1.792,ASN, ,CA,43.64,5.01,1.21,3.26,1.0,<Residue ASN het=  resseq=28 icode= >,4on0_B_A,3.0
164,1.228,ASN, ,C,57.32,6.18,1.228,4.10,1.0,<Residue ASN het=  resseq=28 icode= >,4on0_B_A,3.0
165,0.0,ASN, ,O,54.97,7.14,0.0,2.03,1.0,<Residue ASN het=  resseq=28 icode= >,4on0_B_A,3.0
166,0.53,ASN, ,CB,40.51,4.09,0.53,2.57,1.0,<Residue ASN het=  resseq=28 icode= >,4on0_B_A,3.0
167,0.0,ASN, ,CG,54.12,3.84,0.0,3.68,1.0,<Residue ASN het=  resseq=28 icode= >,4on0_B_A,3.0
168,0.0,ASN, ,OD1,62.8,4.92,0.0,2.14,1.0,<Residue ASN het=  resseq=28 icode= >,4on0_B_A,3.0
169,33.501,ASN, ,ND2,41.47,2.81,25.708,2.30,1.0,<Residue ASN het=  resseq=28 icode= >,4on0_B_A,3.0
170,0.325,PRO, ,N,53.41,6.39,0.325,3.67,1.0,<Residue PRO het=  resseq=29 icode= >,4on0_B_A,3.0
171,6.974,PRO, ,CA,53.98,7.74,6.974,3.32,1.0,<Residue PRO het=  resseq=29 icode= >,4on0_B_A,3.0
172,0.0,PRO, ,C,60.81,7.94,0.0,3.64,1.0,<Residue PRO het=  resseq=29 icode= >,4on0_B_A,3.0
173,0.656,PRO, ,O,79.45,8.95,0.656,0.79,1.0,<Residue PRO het=  resseq=29 icode= >,4on0_B_A,3.0
174,33.635,PRO, ,CB,49.87,7.87,29.72,1.73,1.0,<Residue PRO het=  resseq=29 icode= >,4on0_B_A,3.0
175,28.77,PRO, ,CG,46.2,6.68,17.122,2.22,1.0,<Residue PRO het=  resseq=29 icode= >,4on0_B_A,3.0
176,23.091,PRO, ,CD,45.83,5.73,10.469,2.12,1.0,<Residue PRO het=  resseq=29 icode= >,4on0_B_A,3.0
177,0.0,LYS, ,N,60.36,6.70,0.0,2.44,1.0,<Residue LYS het=  resseq=30 icode= >,4on0_B_A,3.0
178,0.0,LYS, ,CA,63.13,6.62,0.0,3.14,1.0,<Residue LYS het=  resseq=30 icode= >,4on0_B_A,3.0
179,0.0,LYS, ,C,69.12,7.52,0.0,3.81,1.0,<Residue LYS het=  resseq=30 icode= >,4on0_B_A,3.0
180,0.0,LYS, ,O,76.69,8.39,0.0,0.71,1.0,<Residue LYS het=  resseq=30 icode= >,4on0_B_A,3.0
181,0.0,LYS, ,CB,43.65,5.25,0.0,2.04,1.0,<Residue LYS het=  resseq=30 icode= >,4on0_B_A,3.0
182,5.103,LYS, ,CG,47.5,4.70,3.493,2.28,1.0,<Residue LYS het=  resseq=30 icode= >,4on0_B_A,3.0
183,5.765,LYS, ,CD,67.99,3.21,4.126,0.10,1.0,<Residue LYS het=  resseq=30 icode= >,4on0_B_A,3.0
184,31.874,LYS, ,CE,82.86,3.38,4.15,-0.47,1.0,<Residue LYS het=  resseq=30 icode= >,4on0_B_A,3.0
185,41.208,LYS, ,NZ,92.44,2.48,19.505,-0.42,1.0,<Residue LYS het=  resseq=30 icode= >,4on0_B_A,3.0
186,0.0,ARG, ,N,58.09,7.51,0.0,3.34,1.0,<Residue ARG het=  resseq=31 icode= >,4on0_B_A,3.0
187,0.0,ARG, ,CA,41.48,8.00,0.0,4.16,1.0,<Residue ARG het=  resseq=31 icode= >,4on0_B_A,3.0
188,0.0,ARG, ,C,29.51,9.25,0.0,5.73,1.0,<Residue ARG het=  resseq=31 icode= >,4on0_B_A,3.0
189,0.0,ARG, ,O,38.5,10.07,0.0,3.51,1.0,<Residue ARG het=  resseq=31 icode= >,4on0_B_A,3.0
190,0.0,ARG, ,CB,28.99,6.82,0.0,2.59,1.0,<Residue ARG het=  resseq=31 icode= >,4on0_B_A,3.0
191,0.0,ARG, ,CG,61.54,6.90,0.0,1.16,1.0,<Residue ARG het=  resseq=31 icode= >,4on0_B_A,3.0
192,0.125,ARG, ,CD,29.3,5.65,0.0,2.75,1.0,<Residue ARG het=  resseq=31 icode= >,4on0_B_A,3.0
193,0.0,ARG, ,NE,29.34,4.80,0.0,3.87,1.0,<Residue ARG het=  resseq=31 icode= >,4on0_B_A,3.0
194,0.0,ARG, ,CZ,53.8,3.49,0.0,4.07,1.0,<Residue ARG het=  resseq=31 icode= >,4on0_B_A,3.0
195,4.945,ARG, ,NH1,50.29,2.89,4.917,1.51,1.0,<Residue ARG het=  resseq=31 icode= >,4on0_B_A,3.0
196,16.845,ARG, ,NH2,62.95,3.23,10.165,1.64,1.0,<Residue ARG het=  resseq=31 icode= >,4on0_B_A,3.0
197,0.0,LEU, ,N,30.96,9.28,0.0,4.15,1.0,<Residue LEU het=  resseq=32 icode= >,4on0_B_A,3.0
198,0.0,LEU, ,CA,30.59,10.48,0.0,4.26,1.0,<Residue LEU het=  resseq=32 icode= >,4on0_B_A,3.0
199,1.422,LEU, ,C,40.74,11.66,0.0,5.38,1.0,<Residue LEU het=  resseq=32 icode= >,4on0_B_A,3.0
200,0.672,LEU, ,O,44.94,12.76,0.0,2.74,1.0,<Residue LEU het=  resseq=32 icode= >,4on0_B_A,3.0
201,4.89,LEU, ,CB,51.65,10.38,3.531,1.77,1.0,<Residue LEU het=  resseq=32 icode= >,4on0_B_A,3.0
202,5.099,LEU, ,CG,62.91,11.06,0.011,1.67,1.0,<Residue LEU het=  resseq=32 icode= >,4on0_B_A,3.0
203,1.243,LEU, ,CD1,53.14,10.86,1.243,0.54,1.0,<Residue LEU het=  resseq=32 icode= >,4on0_B_A,3.0
204,38.571,LEU, ,CD2,61.76,10.79,37.091,0.97,1.0,<Residue LEU het=  resseq=32 icode= >,4on0_B_A,3.0
205,0.0,LEU, ,N,41.28,11.10,0.0,3.50,1.0,<Residue LEU het=  resseq=33 icode= >,4on0_B_A,3.0
206,0.828,LEU, ,CA,44.44,11.61,0.212,4.16,1.0,<Residue LEU het=  resseq=33 icode= >,4on0_B_A,3.0
207,0.0,LEU, ,C,48.73,12.02,0.0,4.97,1.0,<Residue LEU het=  resseq=33 icode= >,4on0_B_A,3.0
208,0.29,LEU, ,O,41.33,13.17,0.144,3.41,1.0,<Residue LEU het=  resseq=33 icode= >,4on0_B_A,3.0
209,3.645,LEU, ,CB,42.23,10.74,3.645,1.77,1.0,<Residue LEU het=  resseq=33 icode= >,4on0_B_A,3.0
210,1.297,LEU, ,CG,49.17,10.56,1.297,2.97,1.0,<Residue LEU het=  resseq=33 icode= >,4on0_B_A,3.0
211,31.744,LEU, ,CD1,55.92,9.68,31.224,1.20,1.0,<Residue LEU het=  resseq=33 icode= >,4on0_B_A,3.0
212,59.649,LEU, ,CD2,46.46,11.96,45.767,0.60,1.0,<Residue LEU het=  resseq=33 icode= >,4on0_B_A,3.0
213,0.0,ILE, ,N,31.78,11.16,0.0,3.17,1.0,<Residue ILE het=  resseq=34 icode= >,4on0_B_A,3.0
214,0.0,ILE, ,CA,42.23,11.42,0.0,4.32,1.0,<Residue ILE het=  resseq=34 icode= >,4on0_B_A,3.0
215,0.0,ILE, ,C,43.46,12.68,0.0,4.27,1.0,<Residue ILE het=  resseq=34 icode= >,4on0_B_A,3.0
216,0.0,ILE, ,O,40.59,12.92,0.0,2.05,1.0,<Residue ILE het=  resseq=34 icode= >,4on0_B_A,3.0
217,0.0,ILE, ,CB,50.28,10.30,0.0,1.88,1.0,<Residue ILE het=  resseq=34 icode= >,4on0_B_A,3.0
218,0.0,ILE, ,CG1,52.13,9.15,0.0,1.63,1.0,<Residue ILE het=  resseq=34 icode= >,4on0_B_A,3.0
219,0.0,ILE, ,CG2,55.71,10.33,0.0,-1.17,1.0,<Residue ILE het=  resseq=34 icode= >,4on0_B_A,3.0
220,0.0,ILE, ,CD1,57.89,8.00,0.0,0.18,1.0,<Residue ILE het=  resseq=34 icode= >,4on0_B_A,3.0
221,0.0,LEU, ,N,45.63,12.78,0.0,3.60,1.0,<Residue LEU het=  resseq=35 icode= >,4on0_B_A,3.0
222,0.0,LEU, ,CA,38.66,13.64,0.0,4.29,1.0,<Residue LEU het=  resseq=35 icode= >,4on0_B_A,3.0
223,0.0,LEU, ,C,48.24,14.99,0.0,4.45,1.0,<Residue LEU het=  resseq=35 icode= >,4on0_B_A,3.0
224,0.0,LEU, ,O,68.88,15.59,0.0,1.32,1.0,<Residue LEU het=  resseq=35 icode= >,4on0_B_A,3.0
225,0.0,LEU, ,CB,36.34,13.02,0.0,2.71,1.0,<Residue LEU het=  resseq=35 icode= >,4on0_B_A,3.0
226,0.0,LEU, ,CG,38.65,11.97,0.0,3.08,1.0,<Residue LEU het=  resseq=35 icode= >,4on0_B_A,3.0
227,0.0,LEU, ,CD1,34.41,11.56,0.0,1.05,1.0,<Residue LEU het=  resseq=35 icode= >,4on0_B_A,3.0
228,0.0,LEU, ,CD2,33.5,12.71,0.0,1.67,1.0,<Residue LEU het=  resseq=35 icode= >,4on0_B_A,3.0
229,0.0,ASP, ,N,44.49,15.09,0.0,3.23,1.0,<Residue ASP het=  resseq=36 icode= >,4on0_B_A,3.0
230,0.256,ASP, ,CA,55.56,16.31,0.0,3.63,1.0,<Residue ASP het=  resseq=36 icode= >,4on0_B_A,3.0
231,0.0,ASP, ,C,60.17,16.64,0.0,4.31,1.0,<Residue ASP het=  resseq=36 icode= >,4on0_B_A,3.0
232,0.073,ASP, ,O,62.78,16.84,0.0,2.08,1.0,<Residue ASP het=  resseq=36 icode= >,4on0_B_A,3.0
233,6.799,ASP, ,CB,70.61,15.91,0.0,1.61,1.0,<Residue ASP het=  resseq=36 icode= >,4on0_B_A,3.0
234,7.836,ASP, ,CG,91.79,17.12,0.0,1.76,1.0,<Residue ASP het=  resseq=36 icode= >,4on0_B_A,3.0
235,21.873,ASP, ,OD1,97.94,17.98,0.0,0.96,1.0,<Residue ASP het=  resseq=36 icode= >,4on0_B_A,3.0
236,18.757,ASP, ,OD2,96.01,17.30,0.0,1.37,1.0,<Residue ASP het=  resseq=36 icode= >,4on0_B_A,3.0
237,0.0,SER, ,N,57.61,15.71,0.0,3.25,1.0,<Residue SER het=  resseq=37 icode= >,4on0_B_A,3.0
238,4.023,SER, ,CA,62.51,14.69,0.0,3.10,1.0,<Residue SER het=  resseq=37 icode= >,4on0_B_A,3.0
239,0.0,SER, ,C,63.31,13.95,0.0,3.41,1.0,<Residue SER het=  resseq=37 icode= >,4on0_B_A,3.0
240,0.0,SER, ,O,66.62,13.80,0.0,1.76,1.0,<Residue SER het=  resseq=37 icode= >,4on0_B_A,3.0
241,0.576,SER, ,CB,63.16,13.80,0.0,1.95,1.0,<Residue SER het=  resseq=37 icode= >,4on0_B_A,3.0
242,7.855,SER, ,OG,75.83,14.66,5.172,1.46,1.0,<Residue SER het=  resseq=37 icode= >,4on0_B_A,3.0
243,0.0,LEU, ,N,60.36,13.67,0.0,2.06,1.0,<Residue LEU het=  resseq=38 icode= >,4on0_B_A,3.0
244,0.0,LEU, ,CA,52.82,13.10,0.0,3.35,1.0,<Residue LEU het=  resseq=38 icode= >,4on0_B_A,3.0
245,0.0,LEU, ,C,47.4,14.19,0.0,4.94,1.0,<Residue LEU het=  resseq=38 icode= >,4on0_B_A,3.0
246,1.468,LEU, ,O,44.3,14.02,0.363,3.51,1.0,<Residue LEU het=  resseq=38 icode= >,4on0_B_A,3.0
247,0.0,LEU, ,CB,49.55,12.18,0.0,1.72,1.0,<Residue LEU het=  resseq=38 icode= >,4on0_B_A,3.0
248,0.0,LEU, ,CG,42.91,10.97,0.0,2.71,1.0,<Residue LEU het=  resseq=38 icode= >,4on0_B_A,3.0
249,0.0,LEU, ,CD1,32.38,9.88,0.0,1.11,1.0,<Residue LEU het=  resseq=38 icode= >,4on0_B_A,3.0
250,0.0,LEU, ,CD2,37.0,10.34,0.0,1.48,1.0,<Residue LEU het=  resseq=38 icode= >,4on0_B_A,3.0
251,0.0,VAL, ,N,49.05,15.31,0.0,3.81,1.0,<Residue VAL het=  resseq=39 icode= >,4on0_B_A,3.0
252,0.0,VAL, ,CA,54.46,16.44,0.0,4.50,1.0,<Residue VAL het=  resseq=39 icode= >,4on0_B_A,3.0
253,0.0,VAL, ,C,70.15,16.73,0.0,3.70,1.0,<Residue VAL het=  resseq=39 icode= >,4on0_B_A,3.0
254,19.894,VAL, ,O,67.57,17.18,0.0,2.73,1.0,<Residue VAL het=  resseq=39 icode= >,4on0_B_A,3.0
255,0.0,VAL, ,CB,48.48,17.43,0.0,3.62,1.0,<Residue VAL het=  resseq=39 icode= >,4on0_B_A,3.0
256,25.61,VAL, ,CG1,39.92,18.81,0.0,1.45,1.0,<Residue VAL het=  resseq=39 icode= >,4on0_B_A,3.0
257,0.0,VAL, ,CG2,54.02,17.01,0.0,0.48,1.0,<Residue VAL het=  resseq=39 icode= >,4on0_B_A,3.0
258,0.0,LYS, ,N,82.44,16.43,0.0,1.11,1.0,<Residue LYS het=  resseq=40 icode= >,4on0_B_A,3.0
259,6.472,LYS, ,CA,79.57,16.80,0.0,2.65,1.0,<Residue LYS het=  resseq=40 icode= >,4on0_B_A,3.0
260,0.774,LYS, ,C,89.26,15.79,0.0,2.89,1.0,<Residue LYS het=  resseq=40 icode= >,4on0_B_A,3.0
261,27.343,LYS, ,O,87.84,16.26,1.802,1.13,1.0,<Residue LYS het=  resseq=40 icode= >,4on0_B_A,3.0
262,12.016,LYS, ,CB,71.81,17.23,0.0,1.70,1.0,<Residue LYS het=  resseq=40 icode= >,4on0_B_A,3.0
263,9.748,LYS, ,CG,85.59,18.44,0.0,0.95,1.0,<Residue LYS het=  resseq=40 icode= >,4on0_B_A,3.0
264,28.907,LYS, ,CD,94.51,19.05,0.0,0.76,1.0,<Residue LYS het=  resseq=40 icode= >,4on0_B_A,3.0
265,47.78,LYS, ,CE,88.32,20.39,0.0,1.36,1.0,<Residue LYS het=  resseq=40 icode= >,4on0_B_A,3.0
266,13.913,LYS, ,NZ,88.12,20.34,0.0,0.74,1.0,<Residue LYS het=  resseq=40 icode= >,4on0_B_A,3.0
267,0.0,GLU, ,N,93.14,14.51,0.0,2.79,1.0,<Residue GLU het=  resseq=41 icode= >,4on0_B_A,3.0
268,9.325,GLU, ,CA,91.18,13.57,3.291,3.20,1.0,<Residue GLU het=  resseq=41 icode= >,4on0_B_A,3.0
269,0.332,GLU, ,C,85.2,12.22,0.332,2.92,1.0,<Residue GLU het=  resseq=41 icode= >,4on0_B_A,3.0
270,0.0,GLU, ,O,100.62,11.90,0.0,0.61,1.0,<Residue GLU het=  resseq=41 icode= >,4on0_B_A,3.0
271,14.498,GLU, ,CB,99.8,13.45,0.0,1.20,1.0,<Residue GLU het=  resseq=41 icode= >,4on0_B_A,3.0
272,0.634,GLU, ,CG,102.13,13.07,0.0,1.01,1.0,<Residue GLU het=  resseq=41 icode= >,4on0_B_A,3.0
273,9.785,GLU, ,CD,116.3,13.25,0.0,1.26,1.0,<Residue GLU het=  resseq=41 icode= >,4on0_B_A,3.0
274,20.144,GLU, ,OE1,119.08,13.29,0.0,0.58,1.0,<Residue GLU het=  resseq=41 icode= >,4on0_B_A,3.0
275,34.507,GLU, ,OE2,121.78,13.54,0.0,0.26,1.0,<Residue GLU het=  resseq=41 icode= >,4on0_B_A,3.0
276,4.18,GLU, ,N,71.53,11.58,1.476,2.62,1.0,<Residue GLU het=  resseq=42 icode= >,4on0_B_A,3.0
277,0.0,GLU, ,CA,57.91,10.24,0.0,3.71,1.0,<Residue GLU het=  resseq=42 icode= >,4on0_B_A,3.0
278,0.0,GLU, ,C,59.05,9.24,0.0,3.68,1.0,<Residue GLU het=  resseq=42 icode= >,4on0_B_A,3.0
279,14.588,GLU, ,O,67.54,9.58,0.0,2.38,1.0,<Residue GLU het=  resseq=42 icode= >,4on0_B_A,3.0
280,7.684,GLU, ,CB,53.94,10.15,0.0,1.94,1.0,<Residue GLU het=  resseq=42 icode= >,4on0_B_A,3.0
281,15.02,GLU, ,CG,60.1,11.28,15.02,2.08,1.0,<Residue GLU het=  resseq=42 icode= >,4on0_B_A,3.0
282,8.647,GLU, ,CD,74.88,11.32,8.458,2.26,1.0,<Residue GLU het=  resseq=42 icode= >,4on0_B_A,3.0
283,24.025,GLU, ,OE1,88.36,11.61,17.001,1.10,1.0,<Residue GLU het=  resseq=42 icode= >,4on0_B_A,3.0
284,12.378,GLU, ,OE2,80.47,11.29,11.129,1.15,1.0,<Residue GLU het=  resseq=42 icode= >,4on0_B_A,3.0
285,0.0,MET, ,N,52.43,8.18,0.0,3.12,1.0,<Residue MET het=  resseq=43 icode= >,4on0_B_A,3.0
286,2.016,MET, ,CA,47.74,7.30,0.0,3.29,1.0,<Residue MET het=  resseq=43 icode= >,4on0_B_A,3.0
287,0.0,MET, ,C,53.44,5.86,0.0,3.97,1.0,<Residue MET het=  resseq=43 icode= >,4on0_B_A,3.0
288,0.035,MET, ,O,56.68,5.74,0.0,2.94,1.0,<Residue MET het=  resseq=43 icode= >,4on0_B_A,3.0
289,0.0,MET, ,CB,50.45,8.02,0.0,1.57,1.0,<Residue MET het=  resseq=43 icode= >,4on0_B_A,3.0
290,10.249,MET, ,CG,60.11,8.96,0.0,1.93,1.0,<Residue MET het=  resseq=43 icode= >,4on0_B_A,3.0
291,6.649,MET, ,SD,76.14,9.91,0.0,3.08,1.0,<Residue MET het=  resseq=43 icode= >,4on0_B_A,3.0
292,0.152,MET, ,CE,104.52,11.37,0.0,-0.07,1.0,<Residue MET het=  resseq=43 icode= >,4on0_B_A,3.0
293,1.738,ALA, ,N,60.56,5.02,0.0,1.84,1.0,<Residue ALA het=  resseq=44 icode= >,4on0_B_A,3.0
294,0.0,ALA, ,CA,51.96,3.62,0.0,2.56,1.0,<Residue ALA het=  resseq=44 icode= >,4on0_B_A,3.0
295,0.0,ALA, ,C,53.83,3.91,0.0,3.69,1.0,<Residue ALA het=  resseq=44 icode= >,4on0_B_A,3.0
296,0.0,ALA, ,O,48.63,5.07,0.0,2.27,1.0,<Residue ALA het=  resseq=44 icode= >,4on0_B_A,3.0
297,23.328,ALA, ,CB,45.46,3.16,4.707,1.27,1.0,<Residue ALA het=  resseq=44 icode= >,4on0_B_A,3.0
298,2.102,VAL, ,N,47.21,3.32,2.102,3.04,1.0,<Residue VAL het=  resseq=45 icode= >,4on0_B_A,3.0
299,0.05,VAL, ,CA,49.04,3.90,0.0,3.61,1.0,<Residue VAL het=  resseq=45 icode= >,4on0_B_A,3.0
300,0.0,VAL, ,C,60.8,3.89,0.0,3.11,1.0,<Residue VAL het=  resseq=45 icode= >,4on0_B_A,3.0
301,0.0,VAL, ,O,74.81,5.02,0.0,0.42,1.0,<Residue VAL het=  resseq=45 icode= >,4on0_B_A,3.0
302,10.123,VAL, ,CB,47.34,3.28,10.123,2.84,1.0,<Residue VAL het=  resseq=45 icode= >,4on0_B_A,3.0
303,5.823,VAL, ,CG1,51.82,4.23,5.425,0.40,1.0,<Residue VAL het=  resseq=45 icode= >,4on0_B_A,3.0
304,15.306,VAL, ,CG2,39.53,3.37,15.306,2.24,1.0,<Residue VAL het=  resseq=45 icode= >,4on0_B_A,3.0
305,6.183,GLY, ,N,53.13,3.05,6.165,3.18,1.0,<Residue GLY het=  resseq=46 icode= >,4on0_B_A,3.0
306,33.959,GLY, ,CA,56.81,3.87,4.806,3.39,1.0,<Residue GLY het=  resseq=46 icode= >,4on0_B_A,3.0
307,0.958,GLY, ,C,63.91,5.19,0.0,3.97,1.0,<Residue GLY het=  resseq=46 icode= >,4on0_B_A,3.0
308,0.437,GLY, ,O,75.3,6.26,0.0,1.56,1.0,<Residue GLY het=  resseq=46 icode= >,4on0_B_A,3.0
309,4.196,ALA, ,N,57.62,5.37,0.0,2.97,1.0,<Residue ALA het=  resseq=47 icode= >,4on0_B_A,3.0
310,3.914,ALA, ,CA,57.29,6.77,0.0,2.69,1.0,<Residue ALA het=  resseq=47 icode= >,4on0_B_A,3.0
311,0.0,ALA, ,C,59.57,7.56,0.0,3.39,1.0,<Residue ALA het=  resseq=47 icode= >,4on0_B_A,3.0
312,3.133,ALA, ,O,76.6,8.70,0.0,1.70,1.0,<Residue ALA het=  resseq=47 icode= >,4on0_B_A,3.0
313,35.158,ALA, ,CB,53.86,7.12,0.0,1.04,1.0,<Residue ALA het=  resseq=47 icode= >,4on0_B_A,3.0
314,0.0,LEU, ,N,53.59,7.14,0.0,3.11,1.0,<Residue LEU het=  resseq=48 icode= >,4on0_B_A,3.0
315,0.0,LEU, ,CA,52.76,8.12,0.0,4.15,1.0,<Residue LEU het=  resseq=48 icode= >,4on0_B_A,3.0
316,0.0,LEU, ,C,65.75,8.54,0.0,4.46,1.0,<Residue LEU het=  resseq=48 icode= >,4on0_B_A,3.0
317,0.0,LEU, ,O,67.23,9.75,0.0,2.20,1.0,<Residue LEU het=  resseq=48 icode= >,4on0_B_A,3.0
318,0.0,LEU, ,CB,48.8,7.85,0.0,2.13,1.0,<Residue LEU het=  resseq=48 icode= >,4on0_B_A,3.0
319,0.0,LEU, ,CG,40.95,8.87,0.0,2.43,1.0,<Residue LEU het=  resseq=48 icode= >,4on0_B_A,3.0
320,0.048,LEU, ,CD1,45.99,8.22,0.0,0.45,1.0,<Residue LEU het=  resseq=48 icode= >,4on0_B_A,3.0
321,0.0,LEU, ,CD2,38.28,10.27,0.0,1.79,1.0,<Residue LEU het=  resseq=48 icode= >,4on0_B_A,3.0
322,0.0,ALA, ,N,61.27,7.68,0.0,3.06,1.0,<Residue ALA het=  resseq=49 icode= >,4on0_B_A,3.0
323,0.0,ALA, ,CA,52.26,8.30,0.0,3.66,1.0,<Residue ALA het=  resseq=49 icode= >,4on0_B_A,3.0
324,0.09,ALA, ,C,69.18,9.30,0.0,3.63,1.0,<Residue ALA het=  resseq=49 icode= >,4on0_B_A,3.0
325,2.671,ALA, ,O,78.83,9.84,0.0,1.67,1.0,<Residue ALA het=  resseq=49 icode= >,4on0_B_A,3.0
326,9.002,ALA, ,CB,58.05,7.42,0.0,0.90,1.0,<Residue ALA het=  resseq=49 icode= >,4on0_B_A,3.0
327,0.0,ASN, ,N,70.49,9.11,0.0,3.96,1.0,<Residue ASN het=  resseq=50 icode= >,4on0_B_A,3.0
328,5.733,ASN, ,CA,72.26,10.28,0.519,4.00,1.0,<Residue ASN het=  resseq=50 icode= >,4on0_B_A,3.0
329,1.023,ASN, ,C,78.3,11.30,0.697,3.58,1.0,<Residue ASN het=  resseq=50 icode= >,4on0_B_A,3.0
330,26.12,ASN, ,O,94.1,12.44,26.117,1.57,1.0,<Residue ASN het=  resseq=50 icode= >,4on0_B_A,3.0
331,23.599,ASN, ,CB,67.46,10.05,7.575,2.22,1.0,<Residue ASN het=  resseq=50 icode= >,4on0_B_A,3.0
332,5.311,ASN, ,CG,82.8,9.18,0.0,1.70,1.0,<Residue ASN het=  resseq=50 icode= >,4on0_B_A,3.0
333,27.927,ASN, ,OD1,82.64,9.23,0.0,0.87,1.0,<Residue ASN het=  resseq=50 icode= >,4on0_B_A,3.0
334,40.674,ASN, ,ND2,92.87,8.60,0.0,0.84,1.0,<Residue ASN het=  resseq=50 icode= >,4on0_B_A,3.0
335,0.001,LYS, ,N,64.64,11.02,0.0,2.17,1.0,<Residue LYS het=  resseq=51 icode= >,4on0_B_A,3.0
336,4.164,LYS, ,CA,53.28,12.14,3.684,3.14,1.0,<Residue LYS het=  resseq=51 icode= >,4on0_B_A,3.0
337,0.399,LYS, ,C,59.22,12.19,0.399,3.28,1.0,<Residue LYS het=  resseq=51 icode= >,4on0_B_A,3.0
338,24.914,LYS, ,O,73.41,12.43,24.77,0.80,1.0,<Residue LYS het=  resseq=51 icode= >,4on0_B_A,3.0
339,1.813,LYS, ,CB,48.96,11.76,0.0,2.32,1.0,<Residue LYS het=  resseq=51 icode= >,4on0_B_A,3.0
340,2.44,LYS, ,CG,64.05,13.02,2.44,1.87,1.0,<Residue LYS het=  resseq=51 icode= >,4on0_B_A,3.0
341,22.846,LYS, ,CD,74.43,13.71,15.894,0.50,1.0,<Residue LYS het=  resseq=51 icode= >,4on0_B_A,3.0
342,24.564,LYS, ,CE,79.69,14.85,16.354,0.78,1.0,<Residue LYS het=  resseq=51 icode= >,4on0_B_A,3.0
343,46.237,LYS, ,NZ,89.63,15.69,10.498,0.48,1.0,<Residue LYS het=  resseq=51 icode= >,4on0_B_A,3.0
344,0.0,VAL, ,N,54.18,10.99,0.0,2.79,1.0,<Residue VAL het=  resseq=52 icode= >,4on0_B_A,3.0
345,1.88,VAL, ,CA,53.02,9.80,1.88,2.68,1.0,<Residue VAL het=  resseq=52 icode= >,4on0_B_A,3.0
346,4.382,VAL, ,C,58.47,9.06,4.148,3.20,1.0,<Residue VAL het=  resseq=52 icode= >,4on0_B_A,3.0
347,12.448,VAL, ,O,58.97,8.08,11.303,1.24,1.0,<Residue VAL het=  resseq=52 icode= >,4on0_B_A,3.0
348,0.0,VAL, ,CB,45.4,8.97,0.0,2.13,1.0,<Residue VAL het=  resseq=52 icode= >,4on0_B_A,3.0
349,0.976,VAL, ,CG1,42.42,9.99,0.976,1.45,1.0,<Residue VAL het=  resseq=52 icode= >,4on0_B_A,3.0
350,0.0,VAL, ,CG2,52.61,8.49,0.0,0.33,1.0,<Residue VAL het=  resseq=52 icode= >,4on0_B_A,3.0
351,1.355,GLY, ,N,60.3,9.73,1.209,2.58,1.0,<Residue GLY het=  resseq=53 icode= >,4on0_B_A,3.0
352,33.688,GLY, ,CA,56.77,9.31,6.584,2.47,1.0,<Residue GLY het=  resseq=53 icode= >,4on0_B_A,3.0
353,4.609,GLY, ,C,60.02,7.91,0.0,3.59,1.0,<Residue GLY het=  resseq=53 icode= >,4on0_B_A,3.0
354,27.22,GLY, ,O,70.18,7.08,0.0,1.46,1.0,<Residue GLY het=  resseq=53 icode= >,4on0_B_A,3.0
355,0.264,LEU, ,N,55.25,7.57,0.0,3.32,1.0,<Residue LEU het=  resseq=54 icode= >,4on0_B_A,3.0
356,1.319,LEU, ,CA,57.24,6.31,0.0,3.11,1.0,<Residue LEU het=  resseq=54 icode= >,4on0_B_A,3.0
357,3.446,LEU, ,C,68.6,5.99,0.0,3.16,1.0,<Residue LEU het=  resseq=54 icode= >,4on0_B_A,3.0
358,5.735,LEU, ,O,73.41,7.02,0.0,0.96,1.0,<Residue LEU het=  resseq=54 icode= >,4on0_B_A,3.0
359,0.0,LEU, ,CB,62.43,6.49,0.0,1.90,1.0,<Residue LEU het=  resseq=54 icode= >,4on0_B_A,3.0
360,0.0,LEU, ,CG,83.09,5.15,0.0,0.93,1.0,<Residue LEU het=  resseq=54 icode= >,4on0_B_A,3.0
361,19.135,LEU, ,CD1,99.26,4.20,12.693,-0.83,1.0,<Residue LEU het=  resseq=54 icode= >,4on0_B_A,3.0
362,0.0,LEU, ,CD2,78.73,4.51,0.0,-0.36,1.0,<Residue LEU het=  resseq=54 icode= >,4on0_B_A,3.0
363,4.711,SER, ,N,70.99,4.79,0.289,2.04,1.0,<Residue SER het=  resseq=55 icode= >,4on0_B_A,3.0
364,10.902,SER, ,CA,74.54,4.93,0.0,1.96,1.0,<Residue SER het=  resseq=55 icode= >,4on0_B_A,3.0
365,0.0,SER, ,C,70.02,5.86,0.0,2.37,1.0,<Residue SER het=  resseq=55 icode= >,4on0_B_A,3.0
366,0.0,SER, ,O,72.66,6.14,0.0,1.56,1.0,<Residue SER het=  resseq=55 icode= >,4on0_B_A,3.0
367,44.081,SER, ,CB,73.21,3.78,11.522,1.52,1.0,<Residue SER het=  resseq=55 icode= >,4on0_B_A,3.0
368,8.437,SER, ,OG,66.43,3.27,7.728,1.85,1.0,<Residue SER het=  resseq=55 icode= >,4on0_B_A,3.0
369,7.062,GLN, ,N,71.33,6.68,0.0,2.27,1.0,<Residue GLN het=  resseq=56 icode= >,4on0_B_A,3.0
370,0.0,GLN, ,CA,81.74,6.85,0.0,2.33,1.0,<Residue GLN het=  resseq=56 icode= >,4on0_B_A,3.0
371,0.0,GLN, ,C,97.65,5.55,0.0,2.21,1.0,<Residue GLN het=  resseq=56 icode= >,4on0_B_A,3.0
372,0.0,GLN, ,O,115.71,5.34,0.0,0.58,1.0,<Residue GLN het=  resseq=56 icode= >,4on0_B_A,3.0
373,25.031,GLN, ,CB,74.86,5.61,0.0,0.81,1.0,<Residue GLN het=  resseq=56 icode= >,4on0_B_A,3.0
374,18.044,GLN, ,CG,66.84,4.37,7.099,1.61,1.0,<Residue GLN het=  resseq=56 icode= >,4on0_B_A,3.0
375,5.576,GLN, ,CD,69.67,3.64,5.576,2.73,1.0,<Residue GLN het=  resseq=56 icode= >,4on0_B_A,3.0
376,30.565,GLN, ,OE1,73.94,3.79,17.63,1.48,1.0,<Residue GLN het=  resseq=56 icode= >,4on0_B_A,3.0
377,35.283,GLN, ,NE2,63.41,2.88,35.283,1.80,1.0,<Residue GLN het=  resseq=56 icode= >,4on0_B_A,3.0
378,1.754,SER, ,N,85.0,4.80,0.0,1.44,1.0,<Residue SER het=  resseq=57 icode= >,4on0_B_A,3.0
379,3.732,SER, ,CA,73.85,3.66,3.732,1.81,1.0,<Residue SER het=  resseq=57 icode= >,4on0_B_A,3.0
380,0.0,SER, ,C,67.83,4.41,0.0,2.80,1.0,<Residue SER het=  resseq=57 icode= >,4on0_B_A,3.0
381,0.449,SER, ,O,69.37,3.95,0.449,0.89,1.0,<Residue SER het=  resseq=57 icode= >,4on0_B_A,3.0
382,36.902,SER, ,CB,74.2,3.31,31.8,1.17,1.0,<Residue SER het=  resseq=57 icode= >,4on0_B_A,3.0
383,21.177,SER, ,OG,70.82,2.30,21.177,0.96,1.0,<Residue SER het=  resseq=57 icode= >,4on0_B_A,3.0
384,0.568,ALA, ,N,59.45,3.86,0.568,2.83,1.0,<Residue ALA het=  resseq=58 icode= >,4on0_B_A,3.0
385,2.691,ALA, ,CA,60.49,3.94,2.011,2.81,1.0,<Residue ALA het=  resseq=58 icode= >,4on0_B_A,3.0
386,0.0,ALA, ,C,61.96,5.05,0.0,2.99,1.0,<Residue ALA het=  resseq=58 icode= >,4on0_B_A,3.0
387,0.057,ALA, ,O,64.57,4.77,0.0,1.38,1.0,<Residue ALA het=  resseq=58 icode= >,4on0_B_A,3.0
388,26.848,ALA, ,CB,47.15,3.70,26.848,-0.47,1.0,<Residue ALA het=  resseq=58 icode= >,4on0_B_A,3.0
389,0.0,LEU, ,N,54.71,5.89,0.0,2.18,1.0,<Residue LEU het=  resseq=59 icode= >,4on0_B_A,3.0
390,0.0,LEU, ,CA,43.78,6.56,0.0,1.93,1.0,<Residue LEU het=  resseq=59 icode= >,4on0_B_A,3.0
391,0.0,LEU, ,C,43.85,5.87,0.0,3.61,1.0,<Residue LEU het=  resseq=59 icode= >,4on0_B_A,3.0
392,0.0,LEU, ,O,53.09,5.80,0.0,2.19,1.0,<Residue LEU het=  resseq=59 icode= >,4on0_B_A,3.0
393,0.0,LEU, ,CB,43.28,7.20,0.0,1.35,1.0,<Residue LEU het=  resseq=59 icode= >,4on0_B_A,3.0
394,0.0,LEU, ,CG,42.09,6.58,0.0,2.16,1.0,<Residue LEU het=  resseq=59 icode= >,4on0_B_A,3.0
395,0.0,LEU, ,CD1,34.44,7.45,0.0,1.48,1.0,<Residue LEU het=  resseq=59 icode= >,4on0_B_A,3.0
396,0.0,LEU, ,CD2,58.03,6.90,0.0,0.77,1.0,<Residue LEU het=  resseq=59 icode= >,4on0_B_A,3.0
397,0.0,SER, ,N,45.83,5.13,0.0,3.42,1.0,<Residue SER het=  resseq=60 icode= >,4on0_B_A,3.0
398,0.435,SER, ,CA,50.17,4.00,0.435,3.19,1.0,<Residue SER het=  resseq=60 icode= >,4on0_B_A,3.0
399,1.104,SER, ,C,46.22,4.19,1.104,4.42,1.0,<Residue SER het=  resseq=60 icode= >,4on0_B_A,3.0
400,0.547,SER, ,O,61.67,4.62,0.231,2.29,1.0,<Residue SER het=  resseq=60 icode= >,4on0_B_A,3.0
401,7.749,SER, ,CB,74.45,3.27,7.749,0.96,1.0,<Residue SER het=  resseq=60 icode= >,4on0_B_A,3.0
402,32.361,SER, ,OG,97.74,2.89,32.131,0.09,1.0,<Residue SER het=  resseq=60 icode= >,4on0_B_A,3.0
403,0.014,GLN, ,N,44.62,4.20,0.014,3.34,1.0,<Residue GLN het=  resseq=61 icode= >,4on0_B_A,3.0
404,3.241,GLN, ,CA,54.17,4.82,1.116,2.55,1.0,<Residue GLN het=  resseq=61 icode= >,4on0_B_A,3.0
405,0.079,GLN, ,C,56.0,6.24,0.0,2.84,1.0,<Residue GLN het=  resseq=61 icode= >,4on0_B_A,3.0
406,2.561,GLN, ,O,74.56,6.85,0.0,1.03,1.0,<Residue GLN het=  resseq=61 icode= >,4on0_B_A,3.0
407,12.428,GLN, ,CB,37.88,5.20,0.002,1.00,1.0,<Residue GLN het=  resseq=61 icode= >,4on0_B_A,3.0
408,18.557,GLN, ,CG,40.59,4.30,11.649,1.14,1.0,<Residue GLN het=  resseq=61 icode= >,4on0_B_A,3.0
409,7.737,GLN, ,CD,54.7,3.96,5.783,3.41,1.0,<Residue GLN het=  resseq=61 icode= >,4on0_B_A,3.0
410,36.01,GLN, ,OE1,56.29,3.52,20.453,1.40,1.0,<Residue GLN het=  resseq=61 icode= >,4on0_B_A,3.0
411,36.02,GLN, ,NE2,66.81,2.83,36.02,0.71,1.0,<Residue GLN het=  resseq=61 icode= >,4on0_B_A,3.0
412,0.193,HIS, ,N,43.72,6.25,0.0,2.39,1.0,<Residue HIS het=  resseq=62 icode= >,4on0_B_A,3.0
413,0.311,HIS, ,CA,48.96,6.41,0.0,3.68,1.0,<Residue HIS het=  resseq=62 icode= >,4on0_B_A,3.0
414,0.0,HIS, ,C,52.76,7.91,0.0,3.86,1.0,<Residue HIS het=  resseq=62 icode= >,4on0_B_A,3.0
415,0.0,HIS, ,O,68.27,7.92,0.0,1.98,1.0,<Residue HIS het=  resseq=62 icode= >,4on0_B_A,3.0
416,0.0,HIS, ,CB,31.55,5.76,0.0,1.99,1.0,<Residue HIS het=  resseq=62 icode= >,4on0_B_A,3.0
417,0.331,HIS, ,CG,54.29,4.37,0.0,3.00,1.0,<Residue HIS het=  resseq=62 icode= >,4on0_B_A,3.0
418,0.042,HIS, ,ND1,57.74,4.41,0.0,2.20,1.0,<Residue HIS het=  resseq=62 icode= >,4on0_B_A,3.0
419,2.117,HIS, ,CD2,58.32,3.21,0.468,1.45,1.0,<Residue HIS het=  resseq=62 icode= >,4on0_B_A,3.0
420,8.899,HIS, ,CE1,59.47,3.35,7.271,1.85,1.0,<Residue HIS het=  resseq=62 icode= >,4on0_B_A,3.0
421,17.531,HIS, ,NE2,52.04,2.32,17.093,2.17,1.0,<Residue HIS het=  resseq=62 icode= >,4on0_B_A,3.0
422,0.0,LEU, ,N,38.45,6.70,0.0,3.05,1.0,<Residue LEU het=  resseq=63 icode= >,4on0_B_A,3.0
423,0.0,LEU, ,CA,39.13,6.26,0.0,2.83,1.0,<Residue LEU het=  resseq=63 icode= >,4on0_B_A,3.0
424,0.0,LEU, ,C,46.62,6.46,0.0,4.92,1.0,<Residue LEU het=  resseq=63 icode= >,4on0_B_A,3.0
425,0.0,LEU, ,O,66.58,6.94,0.0,2.93,1.0,<Residue LEU het=  resseq=63 icode= >,4on0_B_A,3.0
426,0.109,LEU, ,CB,43.39,4.95,0.109,1.43,1.0,<Residue LEU het=  resseq=63 icode= >,4on0_B_A,3.0
427,0.0,LEU, ,CG,42.99,5.24,0.0,3.13,1.0,<Residue LEU het=  resseq=63 icode= >,4on0_B_A,3.0
428,1.441,LEU, ,CD1,36.7,4.26,1.441,1.42,1.0,<Residue LEU het=  resseq=63 icode= >,4on0_B_A,3.0
429,0.0,LEU, ,CD2,50.33,6.52,0.0,0.72,1.0,<Residue LEU het=  resseq=63 icode= >,4on0_B_A,3.0
430,0.0,SER, ,N,41.05,5.99,0.0,3.76,1.0,<Residue SER het=  resseq=64 icode= >,4on0_B_A,3.0
431,0.0,SER, ,CA,59.1,5.14,0.0,3.27,1.0,<Residue SER het=  resseq=64 icode= >,4on0_B_A,3.0
432,0.577,SER, ,C,64.28,6.21,0.0,3.68,1.0,<Residue SER het=  resseq=64 icode= >,4on0_B_A,3.0
433,2.625,SER, ,O,69.11,6.38,0.0,1.05,1.0,<Residue SER het=  resseq=64 icode= >,4on0_B_A,3.0
434,13.566,SER, ,CB,70.62,4.21,3.066,1.82,1.0,<Residue SER het=  resseq=64 icode= >,4on0_B_A,3.0
435,30.08,SER, ,OG,73.96,3.72,4.998,0.63,1.0,<Residue SER het=  resseq=64 icode= >,4on0_B_A,3.0
436,0.43,LYS, ,N,68.89,7.20,0.0,2.14,1.0,<Residue LYS het=  resseq=65 icode= >,4on0_B_A,3.0
437,3.861,LYS, ,CA,60.2,7.94,0.0,2.69,1.0,<Residue LYS het=  resseq=65 icode= >,4on0_B_A,3.0
438,0.043,LYS, ,C,53.91,8.58,0.0,3.89,1.0,<Residue LYS het=  resseq=65 icode= >,4on0_B_A,3.0
439,0.031,LYS, ,O,59.82,8.74,0.0,1.99,1.0,<Residue LYS het=  resseq=65 icode= >,4on0_B_A,3.0
440,1.764,LYS, ,CB,48.47,6.41,0.0,1.28,1.0,<Residue LYS het=  resseq=65 icode= >,4on0_B_A,3.0
441,9.056,LYS, ,CG,57.78,5.91,0.0,0.38,1.0,<Residue LYS het=  resseq=65 icode= >,4on0_B_A,3.0
442,33.489,LYS, ,CD,71.89,4.90,14.019,0.48,1.0,<Residue LYS het=  resseq=65 icode= >,4on0_B_A,3.0
443,7.16,LYS, ,CE,67.5,4.02,0.538,0.35,1.0,<Residue LYS het=  resseq=65 icode= >,4on0_B_A,3.0
444,47.719,LYS, ,NZ,50.84,3.64,30.493,0.65,1.0,<Residue LYS het=  resseq=65 icode= >,4on0_B_A,3.0
445,0.0,LEU, ,N,51.7,8.96,0.0,2.65,1.0,<Residue LEU het=  resseq=66 icode= >,4on0_B_A,3.0
446,0.0,LEU, ,CA,39.24,9.92,0.0,2.94,1.0,<Residue LEU het=  resseq=66 icode= >,4on0_B_A,3.0
447,0.0,LEU, ,C,43.07,9.90,0.0,3.86,1.0,<Residue LEU het=  resseq=66 icode= >,4on0_B_A,3.0
448,0.0,LEU, ,O,54.24,10.84,0.0,2.08,1.0,<Residue LEU het=  resseq=66 icode= >,4on0_B_A,3.0
449,0.0,LEU, ,CB,33.63,10.15,0.0,2.01,1.0,<Residue LEU het=  resseq=66 icode= >,4on0_B_A,3.0
450,0.0,LEU, ,CG,32.12,9.49,0.0,2.52,1.0,<Residue LEU het=  resseq=66 icode= >,4on0_B_A,3.0
451,0.0,LEU, ,CD1,38.75,10.31,0.0,0.99,1.0,<Residue LEU het=  resseq=66 icode= >,4on0_B_A,3.0
452,0.0,LEU, ,CD2,40.87,9.49,0.0,0.21,1.0,<Residue LEU het=  resseq=66 icode= >,4on0_B_A,3.0
453,0.0,ARG, ,N,37.61,8.67,0.0,3.62,1.0,<Residue ARG het=  resseq=67 icode= >,4on0_B_A,3.0
454,1.122,ARG, ,CA,40.22,8.45,0.0,4.39,1.0,<Residue ARG het=  resseq=67 icode= >,4on0_B_A,3.0
455,0.898,ARG, ,C,49.19,8.81,0.0,4.27,1.0,<Residue ARG het=  resseq=67 icode= >,4on0_B_A,3.0
456,9.19,ARG, ,O,58.73,9.53,0.0,2.19,1.0,<Residue ARG het=  resseq=67 icode= >,4on0_B_A,3.0
457,9.98,ARG, ,CB,35.09,7.11,0.0,2.67,1.0,<Residue ARG het=  resseq=67 icode= >,4on0_B_A,3.0
458,3.047,ARG, ,CG,44.64,6.54,0.0,2.03,1.0,<Residue ARG het=  resseq=67 icode= >,4on0_B_A,3.0
459,24.049,ARG, ,CD,46.17,5.57,0.0,2.79,1.0,<Residue ARG het=  resseq=67 icode= >,4on0_B_A,3.0
460,12.875,ARG, ,NE,56.4,4.75,0.0,2.58,1.0,<Residue ARG het=  resseq=67 icode= >,4on0_B_A,3.0
461,4.242,ARG, ,CZ,68.76,4.04,1.31,3.22,1.0,<Residue ARG het=  resseq=67 icode= >,4on0_B_A,3.0
462,7.43,ARG, ,NH1,82.4,3.47,6.957,0.93,1.0,<Residue ARG het=  resseq=67 icode= >,4on0_B_A,3.0
463,31.413,ARG, ,NH2,62.67,2.78,27.171,1.63,1.0,<Residue ARG het=  resseq=67 icode= >,4on0_B_A,3.0
464,0.108,ALA, ,N,45.56,8.56,0.0,3.51,1.0,<Residue ALA het=  resseq=68 icode= >,4on0_B_A,3.0
465,13.087,ALA, ,CA,49.61,9.14,0.0,3.65,1.0,<Residue ALA het=  resseq=68 icode= >,4on0_B_A,3.0
466,0.0,ALA, ,C,58.92,10.55,0.0,3.66,1.0,<Residue ALA het=  resseq=68 icode= >,4on0_B_A,3.0
467,22.115,ALA, ,O,75.05,10.87,0.0,1.97,1.0,<Residue ALA het=  resseq=68 icode= >,4on0_B_A,3.0
468,39.718,ALA, ,CB,36.03,8.73,0.0,1.52,1.0,<Residue ALA het=  resseq=68 icode= >,4on0_B_A,3.0
469,0.0,GLN, ,N,55.0,10.46,0.0,2.66,1.0,<Residue GLN het=  resseq=69 icode= >,4on0_B_A,3.0
470,1.991,GLN, ,CA,67.49,10.77,0.0,2.53,1.0,<Residue GLN het=  resseq=69 icode= >,4on0_B_A,3.0
471,0.0,GLN, ,C,59.42,12.26,0.0,3.58,1.0,<Residue GLN het=  resseq=69 icode= >,4on0_B_A,3.0
472,10.875,GLN, ,O,59.01,12.80,0.0,2.12,1.0,<Residue GLN het=  resseq=69 icode= >,4on0_B_A,3.0
473,0.0,GLN, ,CB,33.07,9.97,0.0,2.72,1.0,<Residue GLN het=  resseq=69 icode= >,4on0_B_A,3.0
474,4.997,GLN, ,CG,33.43,8.61,0.0,3.46,1.0,<Residue GLN het=  resseq=69 icode= >,4on0_B_A,3.0
475,1.281,GLN, ,CD,54.83,8.88,0.0,4.25,1.0,<Residue GLN het=  resseq=69 icode= >,4on0_B_A,3.0
476,12.544,GLN, ,OE1,70.59,9.83,0.0,2.61,1.0,<Residue GLN het=  resseq=69 icode= >,4on0_B_A,3.0
477,39.624,GLN, ,NE2,71.57,8.26,0.0,0.97,1.0,<Residue GLN het=  resseq=69 icode= >,4on0_B_A,3.0
478,0.0,ASN, ,N,41.9,12.28,0.0,3.82,1.0,<Residue ASN het=  resseq=70 icode= >,4on0_B_A,3.0
479,5.109,ASN, ,CA,62.04,12.82,4.769,3.59,1.0,<Residue ASN het=  resseq=70 icode= >,4on0_B_A,3.0
480,0.853,ASN, ,C,55.86,13.31,0.853,3.58,1.0,<Residue ASN het=  resseq=70 icode= >,4on0_B_A,3.0
481,17.03,ASN, ,O,60.62,13.90,11.479,2.66,1.0,<Residue ASN het=  resseq=70 icode= >,4on0_B_A,3.0
482,24.548,ASN, ,CB,68.17,12.74,20.233,1.85,1.0,<Residue ASN het=  resseq=70 icode= >,4on0_B_A,3.0
483,5.748,ASN, ,CG,71.83,12.47,5.748,2.46,1.0,<Residue ASN het=  resseq=70 icode= >,4on0_B_A,3.0
484,25.515,ASN, ,OD1,95.88,12.32,16.217,0.84,1.0,<Residue ASN het=  resseq=70 icode= >,4on0_B_A,3.0
485,48.49,ASN, ,ND2,47.17,12.63,16.069,2.04,1.0,<Residue ASN het=  resseq=70 icode= >,4on0_B_A,3.0
486,0.0,LEU, ,N,43.5,12.64,0.0,2.44,1.0,<Residue LEU het=  resseq=71 icode= >,4on0_B_A,3.0
487,0.0,LEU, ,CA,35.11,13.08,0.0,3.48,1.0,<Residue LEU het=  resseq=71 icode= >,4on0_B_A,3.0
488,1.699,LEU, ,C,43.13,12.23,0.0,4.00,1.0,<Residue LEU het=  resseq=71 icode= >,4on0_B_A,3.0
489,0.012,LEU, ,O,57.52,12.74,0.0,2.55,1.0,<Residue LEU het=  resseq=71 icode= >,4on0_B_A,3.0
490,0.0,LEU, ,CB,40.63,12.99,0.0,2.13,1.0,<Residue LEU het=  resseq=71 icode= >,4on0_B_A,3.0
491,0.0,LEU, ,CG,38.25,12.80,0.0,3.30,1.0,<Residue LEU het=  resseq=71 icode= >,4on0_B_A,3.0
492,0.0,LEU, ,CD1,38.52,11.81,0.0,1.40,1.0,<Residue LEU het=  resseq=71 icode= >,4on0_B_A,3.0
493,4.958,LEU, ,CD2,39.83,13.92,0.0,0.70,1.0,<Residue LEU het=  resseq=71 icode= >,4on0_B_A,3.0
494,0.176,VAL, ,N,46.33,11.08,0.0,2.16,1.0,<Residue VAL het=  resseq=72 icode= >,4on0_B_A,3.0
495,0.87,VAL, ,CA,34.95,10.36,0.0,3.09,1.0,<Residue VAL het=  resseq=72 icode= >,4on0_B_A,3.0
496,1.614,VAL, ,C,43.07,9.94,0.801,3.76,1.0,<Residue VAL het=  resseq=72 icode= >,4on0_B_A,3.0
497,15.67,VAL, ,O,50.24,9.83,13.236,3.00,1.0,<Residue VAL het=  resseq=72 icode= >,4on0_B_A,3.0
498,0.0,VAL, ,CB,39.01,9.21,0.0,3.03,1.0,<Residue VAL het=  resseq=72 icode= >,4on0_B_A,3.0
499,0.0,VAL, ,CG1,50.34,9.93,0.0,0.78,1.0,<Residue VAL het=  resseq=72 icode= >,4on0_B_A,3.0
500,0.0,VAL, ,CG2,47.71,8.28,0.0,0.98,1.0,<Residue VAL het=  resseq=72 icode= >,4on0_B_A,3.0
501,0.0,SER, ,N,39.73,9.95,0.0,2.87,1.0,<Residue SER het=  resseq=73 icode= >,4on0_B_A,3.0
502,5.326,SER, ,CA,39.76,9.82,4.704,3.77,1.0,<Residue SER het=  resseq=73 icode= >,4on0_B_A,3.0
503,0.569,SER, ,C,44.68,8.86,0.569,4.14,1.0,<Residue SER het=  resseq=73 icode= >,4on0_B_A,3.0
504,0.041,SER, ,O,44.26,8.70,0.041,2.76,1.0,<Residue SER het=  resseq=73 icode= >,4on0_B_A,3.0
505,26.205,SER, ,CB,49.91,11.23,26.205,2.40,1.0,<Residue SER het=  resseq=73 icode= >,4on0_B_A,3.0
506,30.272,SER, ,OG,54.25,12.18,30.024,1.03,1.0,<Residue SER het=  resseq=73 icode= >,4on0_B_A,3.0
507,5.045,THR, ,N,38.9,8.49,4.791,3.32,1.0,<Residue THR het=  resseq=74 icode= >,4on0_B_A,3.0
508,0.41,THR, ,CA,39.67,7.75,0.41,3.82,1.0,<Residue THR het=  resseq=74 icode= >,4on0_B_A,3.0
509,3.22,THR, ,C,45.37,8.62,2.976,3.56,1.0,<Residue THR het=  resseq=74 icode= >,4on0_B_A,3.0
510,25.687,THR, ,O,58.66,9.41,23.502,2.54,1.0,<Residue THR het=  resseq=74 icode= >,4on0_B_A,3.0
511,1.549,THR, ,CB,57.24,6.36,0.0,2.62,1.0,<Residue THR het=  resseq=74 icode= >,4on0_B_A,3.0
512,30.148,THR, ,OG1,55.29,6.71,3.413,1.04,1.0,<Residue THR het=  resseq=74 icode= >,4on0_B_A,3.0
513,5.602,THR, ,CG2,53.63,5.57,0.0,0.63,1.0,<Residue THR het=  resseq=74 icode= >,4on0_B_A,3.0
514,0.088,ARG, ,N,50.64,8.70,0.088,2.40,1.0,<Residue ARG het=  resseq=75 icode= >,4on0_B_A,3.0
515,6.215,ARG, ,CA,45.22,9.63,0.0,3.54,1.0,<Residue ARG het=  resseq=75 icode= >,4on0_B_A,3.0
516,0.524,ARG, ,C,46.22,8.78,0.0,4.74,1.0,<Residue ARG het=  resseq=75 icode= >,4on0_B_A,3.0
517,0.0,ARG, ,O,45.36,7.60,0.0,2.28,1.0,<Residue ARG het=  resseq=75 icode= >,4on0_B_A,3.0
518,25.526,ARG, ,CB,58.14,10.50,18.443,1.35,1.0,<Residue ARG het=  resseq=75 icode= >,4on0_B_A,3.0
519,0.476,ARG, ,CG,67.3,9.68,0.476,1.86,1.0,<Residue ARG het=  resseq=75 icode= >,4on0_B_A,3.0
520,23.969,ARG, ,CD,56.97,10.69,23.161,2.76,1.0,<Residue ARG het=  resseq=75 icode= >,4on0_B_A,3.0
521,2.494,ARG, ,NE,56.52,10.23,2.32,2.97,1.0,<Residue ARG het=  resseq=75 icode= >,4on0_B_A,3.0
522,4.357,ARG, ,CZ,62.23,9.80,4.357,2.82,1.0,<Residue ARG het=  resseq=75 icode= >,4on0_B_A,3.0
523,19.42,ARG, ,NH1,74.12,9.77,18.335,1.00,1.0,<Residue ARG het=  resseq=75 icode= >,4on0_B_A,3.0
524,28.457,ARG, ,NH2,69.96,9.66,2.374,1.74,1.0,<Residue ARG het=  resseq=75 icode= >,4on0_B_A,3.0
525,8.838,ARG, ,N,50.67,9.18,0.0,3.19,1.0,<Residue ARG het=  resseq=76 icode= >,4on0_B_A,3.0
526,0.0,ARG, ,CA,52.3,7.95,0.0,3.36,1.0,<Residue ARG het=  resseq=76 icode= >,4on0_B_A,3.0
527,0.0,ARG, ,C,72.94,7.85,0.0,2.39,1.0,<Residue ARG het=  resseq=76 icode= >,4on0_B_A,3.0
528,27.429,ARG, ,O,92.16,7.92,8.736,1.00,1.0,<Residue ARG het=  resseq=76 icode= >,4on0_B_A,3.0
529,21.046,ARG, ,CB,68.39,6.78,0.0,1.13,1.0,<Residue ARG het=  resseq=76 icode= >,4on0_B_A,3.0
530,3.572,ARG, ,CG,77.54,5.47,0.0,0.90,1.0,<Residue ARG het=  resseq=76 icode= >,4on0_B_A,3.0
531,23.068,ARG, ,CD,77.69,4.62,6.905,1.71,1.0,<Residue ARG het=  resseq=76 icode= >,4on0_B_A,3.0
532,1.904,ARG, ,NE,78.09,4.01,1.904,2.12,1.0,<Residue ARG het=  resseq=76 icode= >,4on0_B_A,3.0
533,4.305,ARG, ,CZ,96.16,3.68,4.305,1.17,1.0,<Residue ARG het=  resseq=76 icode= >,4on0_B_A,3.0
534,47.192,ARG, ,NH1,94.3,3.66,18.064,0.21,1.0,<Residue ARG het=  resseq=76 icode= >,4on0_B_A,3.0
535,47.497,ARG, ,NH2,109.41,3.41,31.141,-0.29,1.0,<Residue ARG het=  resseq=76 icode= >,4on0_B_A,3.0
536,0.0,ASP, ,N,73.61,7.71,0.0,1.93,1.0,<Residue ASP het=  resseq=77 icode= >,4on0_B_A,3.0
537,4.187,ASP, ,CA,72.65,6.81,0.788,2.31,1.0,<Residue ASP het=  resseq=77 icode= >,4on0_B_A,3.0
538,0.0,ASP, ,C,66.39,5.91,0.0,2.95,1.0,<Residue ASP het=  resseq=77 icode= >,4on0_B_A,3.0
539,0.576,ASP, ,O,76.71,6.51,0.0,1.60,1.0,<Residue ASP het=  resseq=77 icode= >,4on0_B_A,3.0
540,1.314,ASP, ,CB,80.12,7.80,1.033,0.76,1.0,<Residue ASP het=  resseq=77 icode= >,4on0_B_A,3.0
541,13.329,ASP, ,CG,84.06,7.38,2.153,1.90,1.0,<Residue ASP het=  resseq=77 icode= >,4on0_B_A,3.0
542,21.114,ASP, ,OD1,87.75,6.40,0.0,0.76,1.0,<Residue ASP het=  resseq=77 icode= >,4on0_B_A,3.0
543,36.022,ASP, ,OD2,81.44,8.25,15.022,1.55,1.0,<Residue ASP het=  resseq=77 icode= >,4on0_B_A,3.0
544,11.514,ALA, ,N,61.19,4.61,0.518,2.32,1.0,<Residue ALA het=  resseq=78 icode= >,4on0_B_A,3.0
545,17.653,ALA, ,CA,64.68,3.74,15.624,2.63,1.0,<Residue ALA het=  resseq=78 icode= >,4on0_B_A,3.0
546,2.78,ALA, ,C,52.54,4.06,2.78,4.35,1.0,<Residue ALA het=  resseq=78 icode= >,4on0_B_A,3.0
547,5.497,ALA, ,O,52.16,3.68,5.479,3.13,1.0,<Residue ALA het=  resseq=78 icode= >,4on0_B_A,3.0
548,41.39,ALA, ,CB,69.6,3.71,18.074,0.93,1.0,<Residue ALA het=  resseq=78 icode= >,4on0_B_A,3.0
549,0.396,GLN, ,N,64.5,4.67,0.0,2.84,1.0,<Residue GLN het=  resseq=79 icode= >,4on0_B_A,3.0
550,2.233,GLN, ,CA,66.49,4.43,0.735,2.14,1.0,<Residue GLN het=  resseq=79 icode= >,4on0_B_A,3.0
551,0.347,GLN, ,C,58.91,3.80,0.295,3.05,1.0,<Residue GLN het=  resseq=79 icode= >,4on0_B_A,3.0
552,26.273,GLN, ,O,69.53,3.21,23.642,1.53,1.0,<Residue GLN het=  resseq=79 icode= >,4on0_B_A,3.0
553,21.283,GLN, ,CB,61.75,3.64,20.051,1.31,1.0,<Residue GLN het=  resseq=79 icode= >,4on0_B_A,3.0
554,31.563,GLN, ,CG,73.36,3.50,31.481,0.73,1.0,<Residue GLN het=  resseq=79 icode= >,4on0_B_A,3.0
555,5.758,GLN, ,CD,83.6,3.39,5.468,1.45,1.0,<Residue GLN het=  resseq=79 icode= >,4on0_B_A,3.0
556,34.668,GLN, ,OE1,97.47,4.10,16.432,0.05,1.0,<Residue GLN het=  resseq=79 icode= >,4on0_B_A,3.0
557,52.651,GLN, ,NE2,64.26,2.35,51.946,1.10,1.0,<Residue GLN het=  resseq=79 icode= >,4on0_B_A,3.0
558,0.113,THR, ,N,50.17,4.14,0.0,3.13,1.0,<Residue THR het=  resseq=80 icode= >,4on0_B_A,3.0
559,4.119,THR, ,CA,62.41,3.44,4.119,3.16,1.0,<Residue THR het=  resseq=80 icode= >,4on0_B_A,3.0
560,0.0,THR, ,C,72.16,3.92,0.0,3.52,1.0,<Residue THR het=  resseq=80 icode= >,4on0_B_A,3.0
561,0.0,THR, ,O,73.97,5.06,0.0,2.66,1.0,<Residue THR het=  resseq=80 icode= >,4on0_B_A,3.0
562,7.034,THR, ,CB,49.59,3.73,0.0,2.89,1.0,<Residue THR het=  resseq=80 icode= >,4on0_B_A,3.0
563,33.912,THR, ,OG1,50.82,3.45,18.614,1.86,1.0,<Residue THR het=  resseq=80 icode= >,4on0_B_A,3.0
564,6.242,THR, ,CG2,48.72,3.11,2.426,0.52,1.0,<Residue THR het=  resseq=80 icode= >,4on0_B_A,3.0
565,4.233,ILE, ,N,58.24,3.33,4.233,3.69,1.0,<Residue ILE het=  resseq=81 icode= >,4on0_B_A,3.0
566,0.0,ILE, ,CA,46.01,4.31,0.0,4.48,1.0,<Residue ILE het=  resseq=81 icode= >,4on0_B_A,3.0
567,0.0,ILE, ,C,45.29,4.20,0.0,4.27,1.0,<Residue ILE het=  resseq=81 icode= >,4on0_B_A,3.0
568,0.0,ILE, ,O,66.0,3.46,0.0,2.63,1.0,<Residue ILE het=  resseq=81 icode= >,4on0_B_A,3.0
569,1.781,ILE, ,CB,45.7,4.58,1.781,3.12,1.0,<Residue ILE het=  resseq=81 icode= >,4on0_B_A,3.0
570,4.493,ILE, ,CG1,56.27,4.58,3.583,1.44,1.0,<Residue ILE het=  resseq=81 icode= >,4on0_B_A,3.0
571,0.966,ILE, ,CG2,44.93,4.74,0.054,1.37,1.0,<Residue ILE het=  resseq=81 icode= >,4on0_B_A,3.0
572,48.098,ILE, ,CD1,68.98,4.03,23.712,0.05,1.0,<Residue ILE het=  resseq=81 icode= >,4on0_B_A,3.0
573,0.0,TYR, ,N,46.69,5.35,0.0,2.33,1.0,<Residue TYR het=  resseq=82 icode= >,4on0_B_A,3.0
574,0.0,TYR, ,CA,51.06,5.91,0.0,3.12,1.0,<Residue TYR het=  resseq=82 icode= >,4on0_B_A,3.0
575,0.0,TYR, ,C,63.74,7.03,0.0,4.06,1.0,<Residue TYR het=  resseq=82 icode= >,4on0_B_A,3.0
576,1.031,TYR, ,O,59.84,8.00,1.031,2.65,1.0,<Residue TYR het=  resseq=82 icode= >,4on0_B_A,3.0
577,0.0,TYR, ,CB,50.85,6.72,0.0,2.04,1.0,<Residue TYR het=  resseq=82 icode= >,4on0_B_A,3.0
578,0.0,TYR, ,CG,65.02,6.14,0.0,3.03,1.0,<Residue TYR het=  resseq=82 icode= >,4on0_B_A,3.0
579,0.965,TYR, ,CD1,67.3,5.99,0.0,1.98,1.0,<Residue TYR het=  resseq=82 icode= >,4on0_B_A,3.0
580,0.0,TYR, ,CD2,72.7,6.23,0.0,1.65,1.0,<Residue TYR het=  resseq=82 icode= >,4on0_B_A,3.0
581,17.478,TYR, ,CE1,63.04,5.92,0.0,1.99,1.0,<Residue TYR het=  resseq=82 icode= >,4on0_B_A,3.0
582,2.433,TYR, ,CE2,71.24,6.17,0.0,1.91,1.0,<Residue TYR het=  resseq=82 icode= >,4on0_B_A,3.0
583,2.828,TYR, ,CZ,56.68,6.01,0.0,3.35,1.0,<Residue TYR het=  resseq=82 icode= >,4on0_B_A,3.0
584,37.489,TYR, ,OH,50.97,6.40,0.0,1.43,1.0,<Residue TYR het=  resseq=82 icode= >,4on0_B_A,3.0
585,0.0,TYR, ,N,43.43,7.09,0.0,2.65,1.0,<Residue TYR het=  resseq=83 icode= >,4on0_B_A,3.0
586,0.0,TYR, ,CA,53.47,7.90,0.0,3.26,1.0,<Residue TYR het=  resseq=83 icode= >,4on0_B_A,3.0
587,0.0,TYR, ,C,51.55,9.37,0.0,4.23,1.0,<Residue TYR het=  resseq=83 icode= >,4on0_B_A,3.0
588,0.0,TYR, ,O,60.78,9.23,0.0,3.30,1.0,<Residue TYR het=  resseq=83 icode= >,4on0_B_A,3.0
589,0.0,TYR, ,CB,53.29,7.24,0.0,1.17,1.0,<Residue TYR het=  resseq=83 icode= >,4on0_B_A,3.0
590,0.0,TYR, ,CG,41.98,5.83,0.0,2.70,1.0,<Residue TYR het=  resseq=83 icode= >,4on0_B_A,3.0
591,0.0,TYR, ,CD1,51.25,4.78,0.0,1.35,1.0,<Residue TYR het=  resseq=83 icode= >,4on0_B_A,3.0
592,0.0,TYR, ,CD2,41.57,5.80,0.0,1.76,1.0,<Residue TYR het=  resseq=83 icode= >,4on0_B_A,3.0
593,1.98,TYR, ,CE1,68.63,3.45,1.98,1.25,1.0,<Residue TYR het=  resseq=83 icode= >,4on0_B_A,3.0
594,0.0,TYR, ,CE2,73.41,4.76,0.0,1.23,1.0,<Residue TYR het=  resseq=83 icode= >,4on0_B_A,3.0
595,0.0,TYR, ,CZ,75.05,3.43,0.0,1.82,1.0,<Residue TYR het=  resseq=83 icode= >,4on0_B_A,3.0
596,8.956,TYR, ,OH,43.47,2.55,7.974,1.89,1.0,<Residue TYR het=  resseq=83 icode= >,4on0_B_A,3.0
597,0.0,SER, ,N,42.74,9.88,0.0,3.37,1.0,<Residue SER het=  resseq=84 icode= >,4on0_B_A,3.0
598,0.0,SER, ,CA,55.48,11.29,0.0,3.69,1.0,<Residue SER het=  resseq=84 icode= >,4on0_B_A,3.0
599,0.0,SER, ,C,53.16,11.63,0.0,4.57,1.0,<Residue SER het=  resseq=84 icode= >,4on0_B_A,3.0
600,0.0,SER, ,O,42.17,10.88,0.0,2.98,1.0,<Residue SER het=  resseq=84 icode= >,4on0_B_A,3.0
601,9.453,SER, ,CB,63.23,12.17,9.406,1.86,1.0,<Residue SER het=  resseq=84 icode= >,4on0_B_A,3.0
602,13.177,SER, ,OG,44.89,12.19,13.177,2.36,1.0,<Residue SER het=  resseq=84 icode= >,4on0_B_A,3.0
603,0.019,SER, ,N,52.88,12.89,0.0,3.59,1.0,<Residue SER het=  resseq=85 icode= >,4on0_B_A,3.0
604,0.0,SER, ,CA,42.94,13.49,0.0,4.51,1.0,<Residue SER het=  resseq=85 icode= >,4on0_B_A,3.0
605,0.0,SER, ,C,57.92,14.86,0.0,4.95,1.0,<Residue SER het=  resseq=85 icode= >,4on0_B_A,3.0
606,7.199,SER, ,O,67.38,15.71,1.494,3.17,1.0,<Residue SER het=  resseq=85 icode= >,4on0_B_A,3.0
607,0.0,SER, ,CB,55.79,13.75,0.0,2.50,1.0,<Residue SER het=  resseq=85 icode= >,4on0_B_A,3.0
608,0.0,SER, ,OG,70.72,14.41,0.0,1.61,1.0,<Residue SER het=  resseq=85 icode= >,4on0_B_A,3.0
609,2.162,SER, ,N,59.79,15.15,0.907,3.35,1.0,<Residue SER het=  resseq=86 icode= >,4on0_B_A,3.0
610,2.389,SER, ,CA,52.6,16.14,0.0,4.16,1.0,<Residue SER het=  resseq=86 icode= >,4on0_B_A,3.0
611,3.095,SER, ,C,53.42,15.63,3.095,4.91,1.0,<Residue SER het=  resseq=86 icode= >,4on0_B_A,3.0
612,22.286,SER, ,O,56.62,14.85,19.459,2.53,1.0,<Residue SER het=  resseq=86 icode= >,4on0_B_A,3.0
613,38.483,SER, ,CB,47.92,15.25,29.669,2.28,1.0,<Residue SER het=  resseq=86 icode= >,4on0_B_A,3.0
614,25.229,SER, ,OG,58.38,15.79,21.492,1.31,1.0,<Residue SER het=  resseq=86 icode= >,4on0_B_A,3.0
615,0.686,SER, ,N,55.63,16.20,0.302,3.81,1.0,<Residue SER het=  resseq=87 icode= >,4on0_B_A,3.0
616,8.326,SER, ,CA,45.08,16.05,6.763,3.58,1.0,<Residue SER het=  resseq=87 icode= >,4on0_B_A,3.0
617,0.0,SER, ,C,67.82,17.08,0.0,2.97,1.0,<Residue SER het=  resseq=87 icode= >,4on0_B_A,3.0
618,0.0,SER, ,O,70.64,18.27,0.0,1.91,1.0,<Residue SER het=  resseq=87 icode= >,4on0_B_A,3.0
619,4.227,SER, ,CB,43.53,16.38,2.014,2.55,1.0,<Residue SER het=  resseq=87 icode= >,4on0_B_A,3.0
620,6.893,SER, ,OG,44.13,16.40,0.0,2.37,1.0,<Residue SER het=  resseq=87 icode= >,4on0_B_A,3.0
621,5.664,ASP, ,N,71.37,16.68,0.0,2.32,1.0,<Residue ASP het=  resseq=88 icode= >,4on0_B_A,3.0
622,0.0,ASP, ,CA,66.25,17.70,0.0,3.73,1.0,<Residue ASP het=  resseq=88 icode= >,4on0_B_A,3.0
623,0.0,ASP, ,C,68.0,18.70,0.0,3.40,1.0,<Residue ASP het=  resseq=88 icode= >,4on0_B_A,3.0
624,0.0,ASP, ,O,78.12,19.90,0.0,1.88,1.0,<Residue ASP het=  resseq=88 icode= >,4on0_B_A,3.0
625,30.036,ASP, ,CB,68.3,17.15,0.0,2.18,1.0,<Residue ASP het=  resseq=88 icode= >,4on0_B_A,3.0
626,7.907,ASP, ,CG,90.17,18.22,0.0,1.77,1.0,<Residue ASP het=  resseq=88 icode= >,4on0_B_A,3.0
627,14.227,ASP, ,OD1,98.32,19.14,0.0,0.69,1.0,<Residue ASP het=  resseq=88 icode= >,4on0_B_A,3.0
628,24.421,ASP, ,OD2,109.47,18.23,0.0,0.64,1.0,<Residue ASP het=  resseq=88 icode= >,4on0_B_A,3.0
629,0.374,SER, ,N,66.7,18.27,0.0,3.19,1.0,<Residue SER het=  resseq=89 icode= >,4on0_B_A,3.0
630,4.512,SER, ,CA,66.31,19.25,4.512,4.40,1.0,<Residue SER het=  resseq=89 icode= >,4on0_B_A,3.0
631,0.0,SER, ,C,65.58,20.29,0.0,5.52,1.0,<Residue SER het=  resseq=89 icode= >,4on0_B_A,3.0
632,0.0,SER, ,O,70.28,21.49,0.0,2.41,1.0,<Residue SER het=  resseq=89 icode= >,4on0_B_A,3.0
633,7.797,SER, ,CB,61.93,18.63,4.85,2.03,1.0,<Residue SER het=  resseq=89 icode= >,4on0_B_A,3.0
634,36.897,SER, ,OG,66.51,17.72,18.283,1.87,1.0,<Residue SER het=  resseq=89 icode= >,4on0_B_A,3.0
635,0.0,VAL, ,N,56.78,17.16,0.0,4.75,1.0,<Residue VAL het=  resseq=90 icode= >,4on0_B_A,3.0
636,0.0,VAL, ,CA,53.24,16.46,0.0,4.55,1.0,<Residue VAL het=  resseq=90 icode= >,4on0_B_A,3.0
637,0.0,VAL, ,C,60.86,17.46,0.0,5.12,1.0,<Residue VAL het=  resseq=90 icode= >,4on0_B_A,3.0
638,0.0,VAL, ,O,73.19,17.21,0.0,2.37,1.0,<Residue VAL het=  resseq=90 icode= >,4on0_B_A,3.0
639,0.0,VAL, ,CB,48.15,15.99,0.0,3.54,1.0,<Residue VAL het=  resseq=90 icode= >,4on0_B_A,3.0
640,0.0,VAL, ,CG1,41.7,15.57,0.0,2.05,1.0,<Residue VAL het=  resseq=90 icode= >,4on0_B_A,3.0
641,0.0,VAL, ,CG2,41.05,14.96,0.0,1.58,1.0,<Residue VAL het=  resseq=90 icode= >,4on0_B_A,3.0
642,0.0,MET, ,N,54.47,18.67,0.0,3.31,1.0,<Residue MET het=  resseq=91 icode= >,4on0_B_A,3.0
643,1.973,MET, ,CA,58.76,19.74,0.0,3.45,1.0,<Residue MET het=  resseq=91 icode= >,4on0_B_A,3.0
644,1.286,MET, ,C,64.73,20.21,0.0,3.74,1.0,<Residue MET het=  resseq=91 icode= >,4on0_B_A,3.0
645,8.81,MET, ,O,65.76,20.65,0.0,1.88,1.0,<Residue MET het=  resseq=91 icode= >,4on0_B_A,3.0
646,14.222,MET, ,CB,49.69,20.97,0.0,2.36,1.0,<Residue MET het=  resseq=91 icode= >,4on0_B_A,3.0
647,0.449,MET, ,CG,55.5,20.78,0.0,1.93,1.0,<Residue MET het=  resseq=91 icode= >,4on0_B_A,3.0
648,29.141,MET, ,SD,128.72,22.38,0.0,1.90,1.0,<Residue MET het=  resseq=91 icode= >,4on0_B_A,3.0
649,35.333,MET, ,CE,59.39,23.02,7.623,0.92,1.0,<Residue MET het=  resseq=91 icode= >,4on0_B_A,3.0
650,0.0,LYS, ,N,61.03,1000.00,0.0,3.23,1.0,<Residue LYS het=  resseq=92 icode= >,4on0_B_A,3.0
651,7.042,LYS, ,CA,49.09,1000.00,0.0,4.23,1.0,<Residue LYS het=  resseq=92 icode= >,4on0_B_A,3.0
652,1.123,LYS, ,C,55.93,1000.00,1.123,4.13,1.0,<Residue LYS het=  resseq=92 icode= >,4on0_B_A,3.0
653,6.074,LYS, ,O,63.5,1000.00,2.223,1.55,1.0,<Residue LYS het=  resseq=92 icode= >,4on0_B_A,3.0
654,10.286,LYS, ,CB,48.37,1000.00,9.204,2.72,1.0,<Residue LYS het=  resseq=92 icode= >,4on0_B_A,3.0
655,15.863,LYS, ,CG,58.51,1000.00,2.241,3.08,1.0,<Residue LYS het=  resseq=92 icode= >,4on0_B_A,3.0
656,26.154,LYS, ,CD,75.56,1000.00,26.154,1.84,1.0,<Residue LYS het=  resseq=92 icode= >,4on0_B_A,3.0
657,23.406,LYS, ,CE,86.76,1000.00,5.98,0.52,1.0,<Residue LYS het=  resseq=92 icode= >,4on0_B_A,3.0
658,43.781,LYS, ,NZ,92.46,1000.00,29.058,0.16,1.0,<Residue LYS het=  resseq=92 icode= >,4on0_B_A,3.0
659,0.0,ILE, ,N,57.51,18.46,0.0,2.91,1.0,<Residue ILE het=  resseq=93 icode= >,4on0_B_A,3.0
660,0.038,ILE, ,CA,48.4,17.43,0.038,4.03,1.0,<Residue ILE het=  resseq=93 icode= >,4on0_B_A,3.0
661,0.0,ILE, ,C,52.33,17.33,0.0,3.92,1.0,<Residue ILE het=  resseq=93 icode= >,4on0_B_A,3.0
662,0.049,ILE, ,O,70.72,17.38,0.049,1.45,1.0,<Residue ILE het=  resseq=93 icode= >,4on0_B_A,3.0
663,0.0,ILE, ,CB,50.71,16.08,0.0,3.34,1.0,<Residue ILE het=  resseq=93 icode= >,4on0_B_A,3.0
664,0.0,ILE, ,CG1,53.32,16.31,0.0,2.08,1.0,<Residue ILE het=  resseq=93 icode= >,4on0_B_A,3.0
665,12.128,ILE, ,CG2,63.29,15.02,12.128,0.58,1.0,<Residue ILE het=  resseq=93 icode= >,4on0_B_A,3.0
666,35.412,ILE, ,CD1,55.96,16.70,35.412,0.46,1.0,<Residue ILE het=  resseq=93 icode= >,4on0_B_A,3.0
667,0.0,LEU, ,N,63.54,17.35,0.0,3.67,1.0,<Residue LEU het=  resseq=94 icode= >,4on0_B_A,3.0
668,0.021,LEU, ,CA,62.91,17.49,0.0,3.87,1.0,<Residue LEU het=  resseq=94 icode= >,4on0_B_A,3.0
669,1.36,LEU, ,C,74.45,18.81,0.0,4.34,1.0,<Residue LEU het=  resseq=94 icode= >,4on0_B_A,3.0
670,3.059,LEU, ,O,76.09,18.97,0.0,2.30,1.0,<Residue LEU het=  resseq=94 icode= >,4on0_B_A,3.0
671,12.709,LEU, ,CB,46.57,17.55,0.0,1.91,1.0,<Residue LEU het=  resseq=94 icode= >,4on0_B_A,3.0
672,0.0,LEU, ,CG,43.99,16.32,0.0,2.32,1.0,<Residue LEU het=  resseq=94 icode= >,4on0_B_A,3.0
673,4.185,LEU, ,CD1,44.19,16.74,0.0,1.04,1.0,<Residue LEU het=  resseq=94 icode= >,4on0_B_A,3.0
674,8.596,LEU, ,CD2,48.32,15.14,0.0,0.45,1.0,<Residue LEU het=  resseq=94 icode= >,4on0_B_A,3.0
675,0.509,GLY, ,N,65.85,1000.00,0.0,3.03,1.0,<Residue GLY het=  resseq=95 icode= >,4on0_B_A,3.0
676,29.115,GLY, ,CA,56.13,1000.00,0.0,2.41,1.0,<Residue GLY het=  resseq=95 icode= >,4on0_B_A,3.0
677,1.797,GLY, ,C,64.45,1000.00,0.0,3.76,1.0,<Residue GLY het=  resseq=95 icode= >,4on0_B_A,3.0
678,1.493,GLY, ,O,77.6,1000.00,0.0,2.06,1.0,<Residue GLY het=  resseq=95 icode= >,4on0_B_A,3.0
679,2.062,ALA, ,N,53.64,1000.00,0.0,3.22,1.0,<Residue ALA het=  resseq=96 icode= >,4on0_B_A,3.0
680,2.203,ALA, ,CA,56.63,1000.00,0.49,4.45,1.0,<Residue ALA het=  resseq=96 icode= >,4on0_B_A,3.0
681,0.0,ALA, ,C,65.79,1000.00,0.0,4.11,1.0,<Residue ALA het=  resseq=96 icode= >,4on0_B_A,3.0
682,0.338,ALA, ,O,76.43,1000.00,0.338,0.92,1.0,<Residue ALA het=  resseq=96 icode= >,4on0_B_A,3.0
683,41.79,ALA, ,CB,54.86,1000.00,36.284,1.65,1.0,<Residue ALA het=  resseq=96 icode= >,4on0_B_A,3.0
684,0.0,LEU, ,N,65.85,18.74,0.0,1.76,1.0,<Residue LEU het=  resseq=97 icode= >,4on0_B_A,3.0
685,0.0,LEU, ,CA,68.85,18.08,0.0,2.16,1.0,<Residue LEU het=  resseq=97 icode= >,4on0_B_A,3.0
686,0.637,LEU, ,C,74.58,19.04,0.0,3.13,1.0,<Residue LEU het=  resseq=97 icode= >,4on0_B_A,3.0
687,1.05,LEU, ,O,69.39,19.21,0.0,1.80,1.0,<Residue LEU het=  resseq=97 icode= >,4on0_B_A,3.0
688,7.938,LEU, ,CB,55.28,16.76,0.0,1.05,1.0,<Residue LEU het=  resseq=97 icode= >,4on0_B_A,3.0
689,1.151,LEU, ,CG,50.68,15.56,1.151,2.09,1.0,<Residue LEU het=  resseq=97 icode= >,4on0_B_A,3.0
690,14.175,LEU, ,CD1,48.25,14.29,11.018,0.34,1.0,<Residue LEU het=  resseq=97 icode= >,4on0_B_A,3.0
691,28.347,LEU, ,CD2,56.65,15.46,28.347,0.21,1.0,<Residue LEU het=  resseq=97 icode= >,4on0_B_A,3.0
692,0.216,SER, ,N,67.1,1000.00,0.0,3.53,1.0,<Residue SER het=  resseq=98 icode= >,4on0_B_A,3.0
693,5.64,SER, ,CA,68.97,1000.00,0.0,3.99,1.0,<Residue SER het=  resseq=98 icode= >,4on0_B_A,3.0
694,1.159,SER, ,C,76.51,1000.00,0.0,3.88,1.0,<Residue SER het=  resseq=98 icode= >,4on0_B_A,3.0
695,6.971,SER, ,O,80.12,1000.00,0.0,2.46,1.0,<Residue SER het=  resseq=98 icode= >,4on0_B_A,3.0
696,27.877,SER, ,CB,73.61,1000.00,0.0,1.64,1.0,<Residue SER het=  resseq=98 icode= >,4on0_B_A,3.0
697,29.001,SER, ,OG,88.79,1000.00,0.0,0.38,1.0,<Residue SER het=  resseq=98 icode= >,4on0_B_A,3.0
698,0.0,GLU, ,N,76.63,1000.00,0.0,2.59,1.0,<Residue GLU het=  resseq=99 icode= >,4on0_B_A,3.0
699,5.894,GLU, ,CA,74.09,1000.00,0.0,3.71,1.0,<Residue GLU het=  resseq=99 icode= >,4on0_B_A,3.0
700,0.818,GLU, ,C,76.89,1000.00,0.818,3.08,1.0,<Residue GLU het=  resseq=99 icode= >,4on0_B_A,3.0
701,24.522,GLU, ,O,92.49,1000.00,3.89,1.26,1.0,<Residue GLU het=  resseq=99 icode= >,4on0_B_A,3.0
702,9.064,GLU, ,CB,78.78,1000.00,7.497,1.94,1.0,<Residue GLU het=  resseq=99 icode= >,4on0_B_A,3.0
703,26.639,GLU, ,CG,93.37,1000.00,0.0,2.03,1.0,<Residue GLU het=  resseq=99 icode= >,4on0_B_A,3.0
704,10.273,GLU, ,CD,104.79,1000.00,0.093,2.18,1.0,<Residue GLU het=  resseq=99 icode= >,4on0_B_A,3.0
705,31.041,GLU, ,OE1,99.27,1000.00,18.4,1.48,1.0,<Residue GLU het=  resseq=99 icode= >,4on0_B_A,3.0
706,41.202,GLU, ,OE2,116.06,1000.00,0.0,0.98,1.0,<Residue GLU het=  resseq=99 icode= >,4on0_B_A,3.0
707,0.0,ILE, ,N,72.49,1000.00,0.0,2.21,1.0,<Residue ILE het=  resseq=100 icode= >,4on0_B_A,3.0
708,6.321,ILE, ,CA,68.19,1000.00,4.581,2.74,1.0,<Residue ILE het=  resseq=100 icode= >,4on0_B_A,3.0
709,0.0,ILE, ,C,86.13,1000.00,0.0,2.47,1.0,<Residue ILE het=  resseq=100 icode= >,4on0_B_A,3.0
710,24.04,ILE, ,O,97.09,1000.00,0.0,0.58,1.0,<Residue ILE het=  resseq=100 icode= >,4on0_B_A,3.0
711,0.0,ILE, ,CB,57.47,1000.00,0.0,2.68,1.0,<Residue ILE het=  resseq=100 icode= >,4on0_B_A,3.0
712,18.47,ILE, ,CG1,63.83,1000.00,18.47,1.61,1.0,<Residue ILE het=  resseq=100 icode= >,4on0_B_A,3.0
713,31.477,ILE, ,CG2,54.3,1000.00,15.304,0.33,1.0,<Residue ILE het=  resseq=100 icode= >,4on0_B_A,3.0
714,38.005,ILE, ,CD1,66.9,1000.00,38.005,0.01,1.0,<Residue ILE het=  resseq=100 icode= >,4on0_B_A,3.0
715,0.0,TYR, ,N,90.59,1000.00,0.0,1.91,1.0,<Residue TYR het=  resseq=101 icode= >,4on0_B_A,3.0
716,6.018,TYR, ,CA,96.52,1000.00,0.0,2.14,1.0,<Residue TYR het=  resseq=101 icode= >,4on0_B_A,3.0
717,4.065,TYR, ,C,106.15,1000.00,0.0,2.75,1.0,<Residue TYR het=  resseq=101 icode= >,4on0_B_A,3.0
718,24.297,TYR, ,O,104.01,1000.00,0.0,1.28,1.0,<Residue TYR het=  resseq=101 icode= >,4on0_B_A,3.0
719,21.14,TYR, ,CB,84.64,1000.00,0.0,1.52,1.0,<Residue TYR het=  resseq=101 icode= >,4on0_B_A,3.0
720,2.171,TYR, ,CG,77.6,1000.00,0.138,2.26,1.0,<Residue TYR het=  resseq=101 icode= >,4on0_B_A,3.0
721,23.893,TYR, ,CD1,75.49,1000.00,2.258,1.21,1.0,<Residue TYR het=  resseq=101 icode= >,4on0_B_A,3.0
722,9.147,TYR, ,CD2,70.02,1000.00,5.364,1.29,1.0,<Residue TYR het=  resseq=101 icode= >,4on0_B_A,3.0
723,30.864,TYR, ,CE1,67.57,1000.00,15.238,1.26,1.0,<Residue TYR het=  resseq=101 icode= >,4on0_B_A,3.0
724,10.834,TYR, ,CE2,55.08,1000.00,10.834,2.16,1.0,<Residue TYR het=  resseq=101 icode= >,4on0_B_A,3.0
725,6.033,TYR, ,CZ,60.58,1000.00,5.246,2.69,1.0,<Residue TYR het=  resseq=101 icode= >,4on0_B_A,3.0
726,43.439,TYR, ,OH,73.72,1000.00,36.173,1.08,1.0,<Residue TYR het=  resseq=101 icode= >,4on0_B_A,3.0
727,0.429,GLY, ,N,114.01,1000.00,0.0,2.14,1.0,<Residue GLY het=  resseq=102 icode= >,4on0_B_A,3.0
728,36.96,GLY, ,CA,119.42,1000.00,0.0,0.68,1.0,<Residue GLY het=  resseq=102 icode= >,4on0_B_A,3.0
729,34.29,GLY, ,C,117.47,1000.00,0.0,0.45,1.0,<Residue GLY het=  resseq=102 icode= >,4on0_B_A,3.0
730,13.974,GLY, ,O,105.68,1000.00,0.0,0.81,1.0,<Residue GLY het=  resseq=102 icode= >,4on0_B_A,3.0
