,ASA,aa,altloc,atom,bfac,d2r,dASA,dens,occ,residue,id,resolu
0,42.259,VAL, ,N,48.33,1000.00,0.0,1.48,1.0,<Residue VAL het=  resseq=84 icode= >,4ou6_B_A,1.96
1,3.918,VAL, ,CA,48.09,1000.00,0.0,1.96,1.0,<Residue VAL het=  resseq=84 icode= >,4ou6_B_A,1.96
2,3.892,VAL, ,C,46.24,1000.00,0.0,2.58,1.0,<Residue VAL het=  resseq=84 icode= >,4ou6_B_A,1.96
3,19.145,VAL, ,O,45.52,1000.00,0.0,1.60,1.0,<Residue VAL het=  resseq=84 icode= >,4ou6_B_A,1.96
4,0.0,VAL, ,CB,49.28,1000.00,0.0,2.18,1.0,<Residue VAL het=  resseq=84 icode= >,4ou6_B_A,1.96
5,17.085,VAL, ,CG1,47.86,1000.00,0.0,2.25,1.0,<Residue VAL het=  resseq=84 icode= >,4ou6_B_A,1.96
6,22.825,VAL, ,CG2,52.01,1000.00,0.0,0.67,1.0,<Residue VAL het=  resseq=84 icode= >,4ou6_B_A,1.96
7,0.233,PRO, ,N,42.06,1000.00,0.0,2.77,1.0,<Residue PRO het=  resseq=85 icode= >,4ou6_B_A,1.96
8,11.031,PRO, ,CA,43.47,1000.00,0.0,1.82,1.0,<Residue PRO het=  resseq=85 icode= >,4ou6_B_A,1.96
9,0.33,PRO, ,C,44.99,1000.00,0.0,2.96,1.0,<Residue PRO het=  resseq=85 icode= >,4ou6_B_A,1.96
10,5.132,PRO, ,O,40.87,1000.00,0.0,3.67,1.0,<Residue PRO het=  resseq=85 icode= >,4ou6_B_A,1.96
11,20.083,PRO, ,CB,44.58,1000.00,0.0,1.09,1.0,<Residue PRO het=  resseq=85 icode= >,4ou6_B_A,1.96
12,20.068,PRO, ,CG,44.73,1000.00,0.0,1.79,1.0,<Residue PRO het=  resseq=85 icode= >,4ou6_B_A,1.96
13,3.465,PRO, ,CD,42.04,1000.00,0.0,2.64,1.0,<Residue PRO het=  resseq=85 icode= >,4ou6_B_A,1.96
14,4.036,MET, ,N,41.72,1000.00,0.0,1.73,0.6,<Residue MET het=  resseq=86 icode= >,4ou6_B_A,1.96
15,6.82,MET, ,CA,42.88,1000.00,0.0,1.22,0.6,<Residue MET het=  resseq=86 icode= >,4ou6_B_A,1.96
16,1.165,MET, ,C,38.39,1000.00,0.0,2.82,0.6,<Residue MET het=  resseq=86 icode= >,4ou6_B_A,1.96
17,15.239,MET, ,O,37.49,1000.00,0.0,1.74,0.6,<Residue MET het=  resseq=86 icode= >,4ou6_B_A,1.96
18,23.795,MET, ,CB,45.4,1000.00,0.0,1.37,0.6,<Residue MET het=  resseq=86 icode= >,4ou6_B_A,1.96
19,22.646,MET, ,CG,50.66,1000.00,0.0,0.30,0.6,<Residue MET het=  resseq=86 icode= >,4ou6_B_A,1.96
20,41.644,MET, ,SD,61.48,1000.00,0.0,0.76,0.6,<Residue MET het=  resseq=86 icode= >,4ou6_B_A,1.96
21,77.544,MET, ,CE,60.27,1000.00,0.0,0.22,0.6,<Residue MET het=  resseq=86 icode= >,4ou6_B_A,1.96
22,12.611,GLY, ,N,37.57,1000.00,0.0,2.94,1.0,<Residue GLY het=  resseq=87 icode= >,4ou6_B_A,1.96
23,24.748,GLY, ,CA,38.19,1000.00,0.0,2.13,1.0,<Residue GLY het=  resseq=87 icode= >,4ou6_B_A,1.96
24,0.0,GLY, ,C,37.95,1000.00,0.0,2.98,1.0,<Residue GLY het=  resseq=87 icode= >,4ou6_B_A,1.96
25,1.34,GLY, ,O,37.44,1000.00,0.0,2.11,1.0,<Residue GLY het=  resseq=87 icode= >,4ou6_B_A,1.96
26,6.43,LYS, ,N,36.6,14.82,0.0,2.10,1.0,<Residue LYS het=  resseq=88 icode= >,4ou6_B_A,1.96
27,0.0,LYS, ,CA,36.39,13.95,0.0,1.93,1.0,<Residue LYS het=  resseq=88 icode= >,4ou6_B_A,1.96
28,0.0,LYS, ,C,36.98,14.88,0.0,2.18,1.0,<Residue LYS het=  resseq=88 icode= >,4ou6_B_A,1.96
29,21.58,LYS, ,O,35.96,15.98,0.0,2.32,1.0,<Residue LYS het=  resseq=88 icode= >,4ou6_B_A,1.96
30,8.306,LYS, ,CB,40.27,13.22,0.0,0.82,1.0,<Residue LYS het=  resseq=88 icode= >,4ou6_B_A,1.96
31,2.405,LYS, ,CG,40.46,12.00,0.0,1.48,1.0,<Residue LYS het=  resseq=88 icode= >,4ou6_B_A,1.96
32,13.448,LYS, ,CD,41.77,11.07,0.0,2.01,1.0,<Residue LYS het=  resseq=88 icode= >,4ou6_B_A,1.96
33,17.533,LYS, ,CE,42.71,9.86,9.911,1.69,1.0,<Residue LYS het=  resseq=88 icode= >,4ou6_B_A,1.96
34,46.608,LYS, ,NZ,45.98,9.01,15.803,1.72,1.0,<Residue LYS het=  resseq=88 icode= >,4ou6_B_A,1.96
35,0.0,PHE, ,N,34.42,14.56,0.0,3.11,1.0,<Residue PHE het=  resseq=89 icode= >,4ou6_B_A,1.96
36,3.928,PHE, ,CA,32.91,15.21,0.0,2.28,1.0,<Residue PHE het=  resseq=89 icode= >,4ou6_B_A,1.96
37,0.0,PHE, ,C,33.29,14.18,0.0,4.26,1.0,<Residue PHE het=  resseq=89 icode= >,4ou6_B_A,1.96
38,0.0,PHE, ,O,30.05,13.02,0.0,3.54,1.0,<Residue PHE het=  resseq=89 icode= >,4ou6_B_A,1.96
39,12.194,PHE, ,CB,34.16,16.19,0.0,2.37,1.0,<Residue PHE het=  resseq=89 icode= >,4ou6_B_A,1.96
40,0.0,PHE, ,CG,34.02,15.44,0.0,2.88,1.0,<Residue PHE het=  resseq=89 icode= >,4ou6_B_A,1.96
41,0.0,PHE, ,CD1,32.15,14.39,0.0,2.02,1.0,<Residue PHE het=  resseq=89 icode= >,4ou6_B_A,1.96
42,0.0,PHE, ,CD2,34.54,15.83,0.0,2.13,1.0,<Residue PHE het=  resseq=89 icode= >,4ou6_B_A,1.96
43,0.0,PHE, ,CE1,33.23,13.80,0.0,1.84,1.0,<Residue PHE het=  resseq=89 icode= >,4ou6_B_A,1.96
44,0.081,PHE, ,CE2,32.99,15.35,0.0,2.32,1.0,<Residue PHE het=  resseq=89 icode= >,4ou6_B_A,1.96
45,0.0,PHE, ,CZ,32.14,14.31,0.0,3.30,1.0,<Residue PHE het=  resseq=89 icode= >,4ou6_B_A,1.96
46,4.422,ALA, ,N,29.97,14.67,0.0,4.27,1.0,<Residue ALA het=  resseq=90 icode= >,4ou6_B_A,1.96
47,0.0,ALA, ,CA,31.42,13.68,0.0,3.05,1.0,<Residue ALA het=  resseq=90 icode= >,4ou6_B_A,1.96
48,0.0,ALA, ,C,30.76,13.13,0.0,3.93,1.0,<Residue ALA het=  resseq=90 icode= >,4ou6_B_A,1.96
49,4.318,ALA, ,O,29.4,13.94,0.0,3.94,1.0,<Residue ALA het=  resseq=90 icode= >,4ou6_B_A,1.96
50,36.144,ALA, ,CB,32.25,14.44,0.0,2.27,1.0,<Residue ALA het=  resseq=90 icode= >,4ou6_B_A,1.96
51,0.0,MET, ,N,30.56,11.91,0.0,3.01,1.0,<Residue MET het=  resseq=91 icode= >,4ou6_B_A,1.96
52,0.0,MET, ,CA,31.08,11.46,0.0,2.88,1.0,<Residue MET het=  resseq=91 icode= >,4ou6_B_A,1.96
53,0.0,MET, ,C,32.69,12.42,0.0,3.49,1.0,<Residue MET het=  resseq=91 icode= >,4ou6_B_A,1.96
54,5.317,MET, ,O,32.73,12.99,0.0,3.06,1.0,<Residue MET het=  resseq=91 icode= >,4ou6_B_A,1.96
55,0.0,MET, ,CB,31.1,10.00,0.0,2.83,1.0,<Residue MET het=  resseq=91 icode= >,4ou6_B_A,1.96
56,0.0,MET, ,CG,33.75,9.58,0.0,2.43,1.0,<Residue MET het=  resseq=91 icode= >,4ou6_B_A,1.96
57,0.0,MET, ,SD,33.75,10.18,0.0,6.46,1.0,<Residue MET het=  resseq=91 icode= >,4ou6_B_A,1.96
58,0.0,MET, ,CE,37.96,9.50,0.0,1.66,1.0,<Residue MET het=  resseq=91 icode= >,4ou6_B_A,1.96
59,0.0,TYR, ,N,30.14,12.78,0.0,3.99,1.0,<Residue TYR het=  resseq=92 icode= >,4ou6_B_A,1.96
60,0.399,TYR, ,CA,33.4,13.84,0.0,2.26,1.0,<Residue TYR het=  resseq=92 icode= >,4ou6_B_A,1.96
61,0.0,TYR, ,C,34.02,13.62,0.0,3.23,1.0,<Residue TYR het=  resseq=92 icode= >,4ou6_B_A,1.96
62,0.0,TYR, ,O,34.38,13.03,0.0,2.50,1.0,<Residue TYR het=  resseq=92 icode= >,4ou6_B_A,1.96
63,21.154,TYR, ,CB,32.38,15.24,0.0,2.46,1.0,<Residue TYR het=  resseq=92 icode= >,4ou6_B_A,1.96
64,1.608,TYR, ,CG,33.45,15.37,0.0,2.19,1.0,<Residue TYR het=  resseq=92 icode= >,4ou6_B_A,1.96
65,6.507,TYR, ,CD1,32.15,16.02,0.0,2.13,1.0,<Residue TYR het=  resseq=92 icode= >,4ou6_B_A,1.96
66,5.621,TYR, ,CD2,30.93,15.06,0.0,2.71,1.0,<Residue TYR het=  resseq=92 icode= >,4ou6_B_A,1.96
67,9.88,TYR, ,CE1,33.47,16.36,0.0,2.67,1.0,<Residue TYR het=  resseq=92 icode= >,4ou6_B_A,1.96
68,0.404,TYR, ,CE2,31.59,15.40,0.0,3.24,1.0,<Residue TYR het=  resseq=92 icode= >,4ou6_B_A,1.96
69,2.883,TYR, ,CZ,32.96,16.06,0.0,4.00,1.0,<Residue TYR het=  resseq=92 icode= >,4ou6_B_A,1.96
70,5.248,TYR, ,OH,36.97,16.53,0.0,3.08,1.0,<Residue TYR het=  resseq=92 icode= >,4ou6_B_A,1.96
71,0.0,PRO, ,N,34.73,1000.00,0.0,3.36,1.0,<Residue PRO het=  resseq=93 icode= >,4ou6_B_A,1.96
72,1.69,PRO, ,CA,33.72,1000.00,0.0,3.20,1.0,<Residue PRO het=  resseq=93 icode= >,4ou6_B_A,1.96
73,0.816,PRO, ,C,32.75,1000.00,0.0,4.07,1.0,<Residue PRO het=  resseq=93 icode= >,4ou6_B_A,1.96
74,17.082,PRO, ,O,34.51,1000.00,0.0,3.93,1.0,<Residue PRO het=  resseq=93 icode= >,4ou6_B_A,1.96
75,34.197,PRO, ,CB,33.66,1000.00,0.0,2.74,1.0,<Residue PRO het=  resseq=93 icode= >,4ou6_B_A,1.96
76,28.011,PRO, ,CG,32.49,1000.00,0.0,1.98,1.0,<Residue PRO het=  resseq=93 icode= >,4ou6_B_A,1.96
77,17.039,PRO, ,CD,35.18,1000.00,0.0,1.98,1.0,<Residue PRO het=  resseq=93 icode= >,4ou6_B_A,1.96
78,0.02,ASP, ,N,33.67,1000.00,0.0,2.63,1.0,<Residue ASP het=  resseq=94 icode= >,4ou6_B_A,1.96
79,7.01,ASP, ,CA,34.34,1000.00,0.0,2.61,1.0,<Residue ASP het=  resseq=94 icode= >,4ou6_B_A,1.96
80,0.011,ASP, ,C,33.54,1000.00,0.0,3.08,1.0,<Residue ASP het=  resseq=94 icode= >,4ou6_B_A,1.96
81,11.908,ASP, ,O,32.56,1000.00,0.0,2.57,1.0,<Residue ASP het=  resseq=94 icode= >,4ou6_B_A,1.96
82,34.25,ASP, ,CB,37.05,1000.00,0.0,1.79,1.0,<Residue ASP het=  resseq=94 icode= >,4ou6_B_A,1.96
83,10.604,ASP, ,CG,40.88,1000.00,0.0,2.15,1.0,<Residue ASP het=  resseq=94 icode= >,4ou6_B_A,1.96
84,10.49,ASP, ,OD1,39.54,1000.00,0.0,1.93,1.0,<Residue ASP het=  resseq=94 icode= >,4ou6_B_A,1.96
85,41.481,ASP, ,OD2,45.26,1000.00,0.0,1.22,1.0,<Residue ASP het=  resseq=94 icode= >,4ou6_B_A,1.96
86,0.0,TRP, ,N,31.37,1000.00,0.0,3.55,1.0,<Residue TRP het=  resseq=95 icode= >,4ou6_B_A,1.96
87,0.542,TRP, ,CA,31.31,1000.00,0.0,3.04,1.0,<Residue TRP het=  resseq=95 icode= >,4ou6_B_A,1.96
88,0.0,TRP, ,C,30.85,1000.00,0.0,3.14,1.0,<Residue TRP het=  resseq=95 icode= >,4ou6_B_A,1.96
89,0.898,TRP, ,O,32.37,1000.00,0.0,2.92,1.0,<Residue TRP het=  resseq=95 icode= >,4ou6_B_A,1.96
90,0.0,TRP, ,CB,31.74,1000.00,0.0,3.12,1.0,<Residue TRP het=  resseq=95 icode= >,4ou6_B_A,1.96
91,0.0,TRP, ,CG,29.38,1000.00,0.0,4.02,1.0,<Residue TRP het=  resseq=95 icode= >,4ou6_B_A,1.96
92,0.0,TRP, ,CD1,30.62,1000.00,0.0,2.99,1.0,<Residue TRP het=  resseq=95 icode= >,4ou6_B_A,1.96
93,0.0,TRP, ,CD2,28.53,1000.00,0.0,3.67,1.0,<Residue TRP het=  resseq=95 icode= >,4ou6_B_A,1.96
94,0.0,TRP, ,NE1,29.39,1000.00,0.0,3.14,1.0,<Residue TRP het=  resseq=95 icode= >,4ou6_B_A,1.96
95,0.0,TRP, ,CE2,29.34,1000.00,0.0,3.36,1.0,<Residue TRP het=  resseq=95 icode= >,4ou6_B_A,1.96
96,0.0,TRP, ,CE3,27.79,1000.00,0.0,3.22,1.0,<Residue TRP het=  resseq=95 icode= >,4ou6_B_A,1.96
97,0.0,TRP, ,CZ2,29.02,1000.00,0.0,2.70,1.0,<Residue TRP het=  resseq=95 icode= >,4ou6_B_A,1.96
98,0.0,TRP, ,CZ3,30.61,1000.00,0.0,3.22,1.0,<Residue TRP het=  resseq=95 icode= >,4ou6_B_A,1.96
99,0.0,TRP, ,CH2,30.59,1000.00,0.0,3.43,1.0,<Residue TRP het=  resseq=95 icode= >,4ou6_B_A,1.96
100,1.711,GLN, ,N,30.14,14.21,0.0,3.07,1.0,<Residue GLN het=  resseq=96 icode= >,4ou6_B_A,1.96
101,0.0,GLN, ,CA,33.8,14.06,0.0,2.55,1.0,<Residue GLN het=  resseq=96 icode= >,4ou6_B_A,1.96
102,0.0,GLN, ,C,31.55,13.79,0.0,3.84,1.0,<Residue GLN het=  resseq=96 icode= >,4ou6_B_A,1.96
103,3.437,GLN, ,O,28.81,14.33,0.0,4.03,1.0,<Residue GLN het=  resseq=96 icode= >,4ou6_B_A,1.96
104,13.349,GLN, ,CB,40.37,15.41,0.0,1.58,1.0,<Residue GLN het=  resseq=96 icode= >,4ou6_B_A,1.96
105,5.923,GLN, ,CG,46.18,15.86,0.0,0.98,1.0,<Residue GLN het=  resseq=96 icode= >,4ou6_B_A,1.96
106,7.579,GLN, ,CD,56.02,16.91,0.0,1.29,1.0,<Residue GLN het=  resseq=96 icode= >,4ou6_B_A,1.96
107,30.143,GLN, ,OE1,68.17,16.55,0.0,0.29,1.0,<Residue GLN het=  resseq=96 icode= >,4ou6_B_A,1.96
108,57.579,GLN, ,NE2,56.83,18.19,0.0,0.94,1.0,<Residue GLN het=  resseq=96 icode= >,4ou6_B_A,1.96
109,0.0,PRO, ,N,29.58,13.13,0.0,3.80,1.0,<Residue PRO het=  resseq=97 icode= >,4ou6_B_A,1.96
110,0.0,PRO, ,CA,32.24,13.28,0.0,3.03,1.0,<Residue PRO het=  resseq=97 icode= >,4ou6_B_A,1.96
111,0.356,PRO, ,C,34.13,14.75,0.0,4.37,1.0,<Residue PRO het=  resseq=97 icode= >,4ou6_B_A,1.96
112,11.659,PRO, ,O,34.82,15.55,0.0,3.56,1.0,<Residue PRO het=  resseq=97 icode= >,4ou6_B_A,1.96
113,0.0,PRO, ,CB,30.78,12.37,0.0,3.09,1.0,<Residue PRO het=  resseq=97 icode= >,4ou6_B_A,1.96
114,8.499,PRO, ,CG,32.22,12.35,0.0,2.38,1.0,<Residue PRO het=  resseq=97 icode= >,4ou6_B_A,1.96
115,3.625,PRO, ,CD,30.23,12.52,0.0,2.68,1.0,<Residue PRO het=  resseq=97 icode= >,4ou6_B_A,1.96
116,0.0,ASP, ,N,33.85,15.22,0.0,2.65,1.0,<Residue ASP het=  resseq=98 icode= >,4ou6_B_A,1.96
117,5.259,ASP, ,CA,37.34,16.66,0.0,1.46,1.0,<Residue ASP het=  resseq=98 icode= >,4ou6_B_A,1.96
118,0.088,ASP, ,C,35.34,17.13,0.0,3.19,1.0,<Residue ASP het=  resseq=98 icode= >,4ou6_B_A,1.96
119,4.369,ASP, ,O,32.92,16.43,0.0,3.19,1.0,<Residue ASP het=  resseq=98 icode= >,4ou6_B_A,1.96
120,4.657,ASP, ,CB,37.14,17.14,0.0,1.66,1.0,<Residue ASP het=  resseq=98 icode= >,4ou6_B_A,1.96
121,8.065,ASP, ,CG,41.55,17.17,0.0,2.38,1.0,<Residue ASP het=  resseq=98 icode= >,4ou6_B_A,1.96
122,16.55,ASP, ,OD1,44.61,17.17,0.0,1.75,1.0,<Residue ASP het=  resseq=98 icode= >,4ou6_B_A,1.96
123,17.893,ASP, ,OD2,43.39,17.32,0.0,2.81,1.0,<Residue ASP het=  resseq=98 icode= >,4ou6_B_A,1.96
124,9.146,ALA, ,N,35.22,1000.00,0.0,3.06,1.0,<Residue ALA het=  resseq=99 icode= >,4ou6_B_A,1.96
125,13.261,ALA, ,CA,36.2,1000.00,0.0,2.55,1.0,<Residue ALA het=  resseq=99 icode= >,4ou6_B_A,1.96
126,1.083,ALA, ,C,35.19,1000.00,0.0,2.45,1.0,<Residue ALA het=  resseq=99 icode= >,4ou6_B_A,1.96
127,29.407,ALA, ,O,39.23,1000.00,0.0,1.78,1.0,<Residue ALA het=  resseq=99 icode= >,4ou6_B_A,1.96
128,68.163,ALA, ,CB,38.31,1000.00,0.0,1.44,1.0,<Residue ALA het=  resseq=99 icode= >,4ou6_B_A,1.96
129,0.335,ASP, ,N,36.83,1000.00,0.0,2.19,1.0,<Residue ASP het=  resseq=100 icode= >,4ou6_B_A,1.96
130,7.604,ASP, ,CA,42.51,1000.00,0.0,1.32,1.0,<Residue ASP het=  resseq=100 icode= >,4ou6_B_A,1.96
131,0.0,ASP, ,C,38.3,1000.00,0.0,2.12,1.0,<Residue ASP het=  resseq=100 icode= >,4ou6_B_A,1.96
132,0.0,ASP, ,O,34.53,1000.00,0.0,2.89,1.0,<Residue ASP het=  resseq=100 icode= >,4ou6_B_A,1.96
133,22.573,ASP, ,CB,46.12,1000.00,0.0,1.42,1.0,<Residue ASP het=  resseq=100 icode= >,4ou6_B_A,1.96
134,7.678,ASP, ,CG,52.87,1000.00,0.0,1.65,1.0,<Residue ASP het=  resseq=100 icode= >,4ou6_B_A,1.96
135,2.955,ASP, ,OD1,55.62,1000.00,0.0,1.92,1.0,<Residue ASP het=  resseq=100 icode= >,4ou6_B_A,1.96
136,19.777,ASP, ,OD2,53.08,1000.00,0.0,0.99,1.0,<Residue ASP het=  resseq=100 icode= >,4ou6_B_A,1.96
137,0.024,PHE, ,N,33.13,1000.00,0.0,2.50,1.0,<Residue PHE het=  resseq=101 icode= >,4ou6_B_A,1.96
138,0.0,PHE, ,CA,32.14,1000.00,0.0,2.07,1.0,<Residue PHE het=  resseq=101 icode= >,4ou6_B_A,1.96
139,0.0,PHE, ,C,31.86,1000.00,0.0,3.13,1.0,<Residue PHE het=  resseq=101 icode= >,4ou6_B_A,1.96
140,0.0,PHE, ,O,30.47,1000.00,0.0,3.09,1.0,<Residue PHE het=  resseq=101 icode= >,4ou6_B_A,1.96
141,5.565,PHE, ,CB,31.3,1000.00,0.0,2.79,1.0,<Residue PHE het=  resseq=101 icode= >,4ou6_B_A,1.96
142,0.0,PHE, ,CG,30.82,1000.00,0.0,3.59,1.0,<Residue PHE het=  resseq=101 icode= >,4ou6_B_A,1.96
143,0.0,PHE, ,CD1,31.31,1000.00,0.0,3.28,1.0,<Residue PHE het=  resseq=101 icode= >,4ou6_B_A,1.96
144,0.861,PHE, ,CD2,28.99,1000.00,0.0,3.53,1.0,<Residue PHE het=  resseq=101 icode= >,4ou6_B_A,1.96
145,0.0,PHE, ,CE1,32.52,1000.00,0.0,2.88,1.0,<Residue PHE het=  resseq=101 icode= >,4ou6_B_A,1.96
146,0.0,PHE, ,CE2,31.8,1000.00,0.0,2.75,1.0,<Residue PHE het=  resseq=101 icode= >,4ou6_B_A,1.96
147,0.0,PHE, ,CZ,32.45,1000.00,0.0,2.99,1.0,<Residue PHE het=  resseq=101 icode= >,4ou6_B_A,1.96
148,0.792,ILE, ,N,31.14,1000.00,0.0,3.21,1.0,<Residue ILE het=  resseq=102 icode= >,4ou6_B_A,1.96
149,0.0,ILE, ,CA,32.28,1000.00,0.0,2.38,1.0,<Residue ILE het=  resseq=102 icode= >,4ou6_B_A,1.96
150,0.0,ILE, ,C,30.62,1000.00,0.0,2.93,1.0,<Residue ILE het=  resseq=102 icode= >,4ou6_B_A,1.96
151,0.138,ILE, ,O,29.35,1000.00,0.0,2.98,1.0,<Residue ILE het=  resseq=102 icode= >,4ou6_B_A,1.96
152,9.553,ILE, ,CB,34.08,1000.00,0.0,2.65,1.0,<Residue ILE het=  resseq=102 icode= >,4ou6_B_A,1.96
153,5.482,ILE, ,CG1,35.63,1000.00,0.0,1.81,1.0,<Residue ILE het=  resseq=102 icode= >,4ou6_B_A,1.96
154,28.348,ILE, ,CG2,34.1,1000.00,0.0,1.75,1.0,<Residue ILE het=  resseq=102 icode= >,4ou6_B_A,1.96
155,26.571,ILE, ,CD1,38.18,1000.00,0.0,0.40,1.0,<Residue ILE het=  resseq=102 icode= >,4ou6_B_A,1.96
156,2.246,ARG, ,N,30.78,1000.00,0.0,3.14,1.0,<Residue ARG het=  resseq=103 icode= >,4ou6_B_A,1.96
157,6.371,ARG, ,CA,30.9,1000.00,0.0,3.23,1.0,<Residue ARG het=  resseq=103 icode= >,4ou6_B_A,1.96
158,0.0,ARG, ,C,32.43,1000.00,0.0,3.30,1.0,<Residue ARG het=  resseq=103 icode= >,4ou6_B_A,1.96
159,0.099,ARG, ,O,29.24,1000.00,0.0,3.39,1.0,<Residue ARG het=  resseq=103 icode= >,4ou6_B_A,1.96
160,11.166,ARG, ,CB,34.69,1000.00,0.0,2.79,1.0,<Residue ARG het=  resseq=103 icode= >,4ou6_B_A,1.96
161,11.751,ARG, ,CG,38.25,1000.00,0.0,2.68,1.0,<Residue ARG het=  resseq=103 icode= >,4ou6_B_A,1.96
162,31.173,ARG, ,CD,43.08,1000.00,0.0,2.08,1.0,<Residue ARG het=  resseq=103 icode= >,4ou6_B_A,1.96
163,5.703,ARG, ,NE,52.33,1000.00,0.0,1.58,1.0,<Residue ARG het=  resseq=103 icode= >,4ou6_B_A,1.96
164,4.477,ARG, ,CZ,54.08,1000.00,0.0,2.87,1.0,<Residue ARG het=  resseq=103 icode= >,4ou6_B_A,1.96
165,36.53,ARG, ,NH1,57.96,1000.00,0.0,2.04,1.0,<Residue ARG het=  resseq=103 icode= >,4ou6_B_A,1.96
166,46.103,ARG, ,NH2,55.16,1000.00,0.0,1.58,1.0,<Residue ARG het=  resseq=103 icode= >,4ou6_B_A,1.96
167,0.0,LEU, ,N,33.42,17.22,0.0,2.28,1.0,<Residue LEU het=  resseq=104 icode= >,4ou6_B_A,1.96
168,0.0,LEU, ,CA,33.9,16.56,0.0,1.91,1.0,<Residue LEU het=  resseq=104 icode= >,4ou6_B_A,1.96
169,0.0,LEU, ,C,30.03,15.62,0.0,4.22,1.0,<Residue LEU het=  resseq=104 icode= >,4ou6_B_A,1.96
170,0.0,LEU, ,O,31.35,15.75,0.0,3.35,1.0,<Residue LEU het=  resseq=104 icode= >,4ou6_B_A,1.96
171,0.0,LEU, ,CB,35.63,15.89,0.0,1.92,1.0,<Residue LEU het=  resseq=104 icode= >,4ou6_B_A,1.96
172,0.0,LEU, ,CG,39.88,16.90,0.0,2.45,1.0,<Residue LEU het=  resseq=104 icode= >,4ou6_B_A,1.96
173,5.171,LEU, ,CD1,42.4,16.24,0.0,1.13,1.0,<Residue LEU het=  resseq=104 icode= >,4ou6_B_A,1.96
174,27.778,LEU, ,CD2,42.54,17.85,0.0,2.10,1.0,<Residue LEU het=  resseq=104 icode= >,4ou6_B_A,1.96
175,0.0,ALA, ,N,29.37,14.79,0.0,3.31,1.0,<Residue ALA het=  resseq=105 icode= >,4ou6_B_A,1.96
176,0.0,ALA, ,CA,28.87,13.96,0.0,2.98,1.0,<Residue ALA het=  resseq=105 icode= >,4ou6_B_A,1.96
177,0.0,ALA, ,C,29.18,14.90,0.0,2.90,1.0,<Residue ALA het=  resseq=105 icode= >,4ou6_B_A,1.96
178,0.0,ALA, ,O,30.15,14.69,0.0,2.38,1.0,<Residue ALA het=  resseq=105 icode= >,4ou6_B_A,1.96
179,0.0,ALA, ,CB,30.92,13.26,0.0,3.09,1.0,<Residue ALA het=  resseq=105 icode= >,4ou6_B_A,1.96
180,0.0,ALA, ,N,29.85,16.06,0.0,2.47,1.0,<Residue ALA het=  resseq=106 icode= >,4ou6_B_A,1.96
181,1.141,ALA, ,CA,31.2,17.14,0.0,2.37,1.0,<Residue ALA het=  resseq=106 icode= >,4ou6_B_A,1.96
182,1.509,ALA, ,C,32.47,17.66,0.0,3.11,1.0,<Residue ALA het=  resseq=106 icode= >,4ou6_B_A,1.96
183,15.619,ALA, ,O,33.24,17.97,6.529,3.13,1.0,<Residue ALA het=  resseq=106 icode= >,4ou6_B_A,1.96
184,39.635,ALA, ,CB,31.37,18.35,0.0,2.36,1.0,<Residue ALA het=  resseq=106 icode= >,4ou6_B_A,1.96
185,0.0,LEU, ,N,32.04,17.88,0.0,3.06,1.0,<Residue LEU het=  resseq=107 icode= >,4ou6_B_A,1.96
186,4.095,LEU, ,CA,33.25,18.47,1.171,2.94,1.0,<Residue LEU het=  resseq=107 icode= >,4ou6_B_A,1.96
187,0.0,LEU, ,C,34.03,17.19,0.0,2.65,1.0,<Residue LEU het=  resseq=107 icode= >,4ou6_B_A,1.96
188,29.183,LEU, ,O,33.57,17.33,27.257,3.17,1.0,<Residue LEU het=  resseq=107 icode= >,4ou6_B_A,1.96
189,6.488,LEU, ,CB,31.78,18.86,3.956,3.45,1.0,<Residue LEU het=  resseq=107 icode= >,4ou6_B_A,1.96
190,0.062,LEU, ,CG,35.32,20.04,0.0,2.17,1.0,<Residue LEU het=  resseq=107 icode= >,4ou6_B_A,1.96
191,25.309,LEU, ,CD1,37.09,20.36,0.0,1.98,1.0,<Residue LEU het=  resseq=107 icode= >,4ou6_B_A,1.96
192,57.075,LEU, ,CD2,36.37,21.31,0.231,1.98,1.0,<Residue LEU het=  resseq=107 icode= >,4ou6_B_A,1.96
193,0.0,TRP, ,N,32.81,16.04,0.0,2.08,1.0,<Residue TRP het=  resseq=108 icode= >,4ou6_B_A,1.96
194,5.353,TRP, ,CA,31.33,14.75,5.353,3.41,1.0,<Residue TRP het=  resseq=108 icode= >,4ou6_B_A,1.96
195,3.514,TRP, ,C,36.2,14.38,3.514,2.75,1.0,<Residue TRP het=  resseq=108 icode= >,4ou6_B_A,1.96
196,24.34,TRP, ,O,36.29,13.35,11.379,1.92,1.0,<Residue TRP het=  resseq=108 icode= >,4ou6_B_A,1.96
197,11.405,TRP, ,CB,29.2,13.69,7.312,2.54,1.0,<Residue TRP het=  resseq=108 icode= >,4ou6_B_A,1.96
198,0.0,TRP, ,CG,30.3,13.95,0.0,3.61,1.0,<Residue TRP het=  resseq=108 icode= >,4ou6_B_A,1.96
199,15.083,TRP, ,CD1,30.49,14.68,15.083,2.17,1.0,<Residue TRP het=  resseq=108 icode= >,4ou6_B_A,1.96
200,0.0,TRP, ,CD2,31.54,13.64,0.0,4.11,1.0,<Residue TRP het=  resseq=108 icode= >,4ou6_B_A,1.96
201,19.768,TRP, ,NE1,30.72,14.86,12.404,3.25,1.0,<Residue TRP het=  resseq=108 icode= >,4ou6_B_A,1.96
202,0.0,TRP, ,CE2,32.86,14.25,0.0,3.99,1.0,<Residue TRP het=  resseq=108 icode= >,4ou6_B_A,1.96
203,0.193,TRP, ,CE3,35.84,12.73,0.0,2.59,1.0,<Residue TRP het=  resseq=108 icode= >,4ou6_B_A,1.96
204,3.318,TRP, ,CZ2,35.46,14.32,1.176,3.63,1.0,<Residue TRP het=  resseq=108 icode= >,4ou6_B_A,1.96
205,0.0,TRP, ,CZ3,37.75,12.58,0.0,1.72,1.0,<Residue TRP het=  resseq=108 icode= >,4ou6_B_A,1.96
206,0.0,TRP, ,CH2,35.8,13.57,0.0,2.92,1.0,<Residue TRP het=  resseq=108 icode= >,4ou6_B_A,1.96
207,0.508,GLY, ,N,37.5,10.33,0.508,2.38,1.0,<Residue GLY het=  resseq=109 icode= >,4ou6_B_A,1.96
208,33.798,GLY, ,CA,37.68,10.29,20.283,1.42,1.0,<Residue GLY het=  resseq=109 icode= >,4ou6_B_A,1.96
209,3.398,GLY, ,C,41.69,10.24,0.0,2.40,1.0,<Residue GLY het=  resseq=109 icode= >,4ou6_B_A,1.96
210,20.603,GLY, ,O,40.17,10.11,8.368,2.62,1.0,<Residue GLY het=  resseq=109 icode= >,4ou6_B_A,1.96
211,0.0,VAL, ,N,38.57,14.56,0.0,3.21,1.0,<Residue VAL het=  resseq=110 icode= >,4ou6_B_A,1.96
212,0.0,VAL, ,CA,36.99,13.82,0.0,3.16,1.0,<Residue VAL het=  resseq=110 icode= >,4ou6_B_A,1.96
213,0.03,VAL, ,C,37.79,14.63,0.0,3.76,1.0,<Residue VAL het=  resseq=110 icode= >,4ou6_B_A,1.96
214,0.0,VAL, ,O,33.79,14.70,0.0,4.35,1.0,<Residue VAL het=  resseq=110 icode= >,4ou6_B_A,1.96
215,0.0,VAL, ,CB,35.98,12.37,0.0,3.14,1.0,<Residue VAL het=  resseq=110 icode= >,4ou6_B_A,1.96
216,0.619,VAL, ,CG1,36.94,11.78,0.0,2.28,1.0,<Residue VAL het=  resseq=110 icode= >,4ou6_B_A,1.96
217,11.386,VAL, ,CG2,37.48,11.65,0.0,1.75,1.0,<Residue VAL het=  resseq=110 icode= >,4ou6_B_A,1.96
218,5.213,ALA, ,N,46.76,15.41,0.0,1.77,1.0,<Residue ALA het=  resseq=111 icode= >,4ou6_B_A,1.96
219,2.207,ALA, ,CA,52.18,16.35,0.0,1.41,1.0,<Residue ALA het=  resseq=111 icode= >,4ou6_B_A,1.96
220,0.003,ALA, ,C,51.68,15.77,0.0,3.72,1.0,<Residue ALA het=  resseq=111 icode= >,4ou6_B_A,1.96
221,18.888,ALA, ,O,60.26,15.41,0.0,2.39,1.0,<Residue ALA het=  resseq=111 icode= >,4ou6_B_A,1.96
222,64.826,ALA, ,CB,58.85,17.62,0.0,-0.47,1.0,<Residue ALA het=  resseq=111 icode= >,4ou6_B_A,1.96
223,1.521,LEU, ,N,46.47,15.59,0.0,3.52,1.0,<Residue LEU het=  resseq=112 icode= >,4ou6_B_A,1.96
224,1.195,LEU, ,CA,47.31,15.27,0.0,2.04,1.0,<Residue LEU het=  resseq=112 icode= >,4ou6_B_A,1.96
225,0.768,LEU, ,C,51.03,16.61,0.0,2.45,1.0,<Residue LEU het=  resseq=112 icode= >,4ou6_B_A,1.96
226,13.273,LEU, ,O,44.31,17.40,0.0,2.44,1.0,<Residue LEU het=  resseq=112 icode= >,4ou6_B_A,1.96
227,0.0,LEU, ,CB,45.33,14.35,0.0,1.77,1.0,<Residue LEU het=  resseq=112 icode= >,4ou6_B_A,1.96
228,0.0,LEU, ,CG,44.98,13.02,0.0,2.43,1.0,<Residue LEU het=  resseq=112 icode= >,4ou6_B_A,1.96
229,0.006,LEU, ,CD1,46.19,12.43,0.0,2.06,1.0,<Residue LEU het=  resseq=112 icode= >,4ou6_B_A,1.96
230,3.537,LEU, ,CD2,43.4,12.15,0.0,2.14,1.0,<Residue LEU het=  resseq=112 icode= >,4ou6_B_A,1.96
231,2.074,ARG, ,N,53.27,1000.00,0.0,1.87,1.0,<Residue ARG het=  resseq=113 icode= >,4ou6_B_A,1.96
232,8.148,ARG, ,CA,62.52,1000.00,0.0,0.72,1.0,<Residue ARG het=  resseq=113 icode= >,4ou6_B_A,1.96
233,2.257,ARG, ,C,64.87,1000.00,0.0,1.46,1.0,<Residue ARG het=  resseq=113 icode= >,4ou6_B_A,1.96
234,31.113,ARG, ,O,66.77,1000.00,0.0,0.24,1.0,<Residue ARG het=  resseq=113 icode= >,4ou6_B_A,1.96
235,24.1,ARG, ,CB,64.88,1000.00,0.0,0.72,1.0,<Residue ARG het=  resseq=113 icode= >,4ou6_B_A,1.96
236,16.052,ARG, ,CG,68.53,1000.00,0.0,0.89,1.0,<Residue ARG het=  resseq=113 icode= >,4ou6_B_A,1.96
237,27.384,ARG, ,CD,70.93,1000.00,0.0,1.01,1.0,<Residue ARG het=  resseq=113 icode= >,4ou6_B_A,1.96
238,16.281,ARG, ,NE,73.81,1000.00,0.0,1.54,1.0,<Residue ARG het=  resseq=113 icode= >,4ou6_B_A,1.96
239,8.712,ARG, ,CZ,75.23,1000.00,0.0,2.07,1.0,<Residue ARG het=  resseq=113 icode= >,4ou6_B_A,1.96
240,50.111,ARG, ,NH1,74.94,1000.00,0.0,1.51,1.0,<Residue ARG het=  resseq=113 icode= >,4ou6_B_A,1.96
241,59.825,ARG, ,NH2,77.28,1000.00,0.0,1.75,1.0,<Residue ARG het=  resseq=113 icode= >,4ou6_B_A,1.96
242,0.099,GLU, ,N,65.42,1000.00,0.0,1.58,1.0,<Residue GLU het=  resseq=114 icode= >,4ou6_B_A,1.96
243,1.576,GLU, ,CA,66.11,1000.00,0.0,1.57,1.0,<Residue GLU het=  resseq=114 icode= >,4ou6_B_A,1.96
244,0.0,GLU, ,C,61.23,1000.00,0.0,2.30,1.0,<Residue GLU het=  resseq=114 icode= >,4ou6_B_A,1.96
245,0.0,GLU, ,O,63.92,1000.00,0.0,1.38,1.0,<Residue GLU het=  resseq=114 icode= >,4ou6_B_A,1.96
246,14.069,GLU, ,CB,74.21,1000.00,0.0,0.59,1.0,<Residue GLU het=  resseq=114 icode= >,4ou6_B_A,1.96
247,6.713,GLU, ,CG,80.13,1000.00,0.0,-0.43,1.0,<Residue GLU het=  resseq=114 icode= >,4ou6_B_A,1.96
248,7.641,GLU, ,CD,85.25,1000.00,0.0,0.71,1.0,<Residue GLU het=  resseq=114 icode= >,4ou6_B_A,1.96
249,27.946,GLU, ,OE1,80.58,1000.00,0.0,0.89,1.0,<Residue GLU het=  resseq=114 icode= >,4ou6_B_A,1.96
250,29.517,GLU, ,OE2,85.13,1000.00,0.0,0.95,1.0,<Residue GLU het=  resseq=114 icode= >,4ou6_B_A,1.96
251,0.0,PRO, ,N,53.38,1000.00,0.0,2.82,1.0,<Residue PRO het=  resseq=115 icode= >,4ou6_B_A,1.96
252,0.0,PRO, ,CA,51.98,1000.00,0.0,1.99,1.0,<Residue PRO het=  resseq=115 icode= >,4ou6_B_A,1.96
253,0.105,PRO, ,C,49.73,1000.00,0.0,2.34,1.0,<Residue PRO het=  resseq=115 icode= >,4ou6_B_A,1.96
254,0.493,PRO, ,O,48.67,1000.00,0.0,1.87,1.0,<Residue PRO het=  resseq=115 icode= >,4ou6_B_A,1.96
255,25.853,PRO, ,CB,53.16,1000.00,0.0,1.78,1.0,<Residue PRO het=  resseq=115 icode= >,4ou6_B_A,1.96
256,40.43,PRO, ,CG,54.08,1000.00,0.0,1.60,1.0,<Residue PRO het=  resseq=115 icode= >,4ou6_B_A,1.96
257,22.671,PRO, ,CD,57.17,1000.00,0.0,1.40,1.0,<Residue PRO het=  resseq=115 icode= >,4ou6_B_A,1.96
258,2.556,VAL, ,N,47.06,1000.00,0.0,1.59,1.0,<Residue VAL het=  resseq=116 icode= >,4ou6_B_A,1.96
259,0.0,VAL, ,CA,46.88,1000.00,0.0,1.72,1.0,<Residue VAL het=  resseq=116 icode= >,4ou6_B_A,1.96
260,0.078,VAL, ,C,45.89,1000.00,0.0,2.56,1.0,<Residue VAL het=  resseq=116 icode= >,4ou6_B_A,1.96
261,20.548,VAL, ,O,41.69,1000.00,0.0,2.56,1.0,<Residue VAL het=  resseq=116 icode= >,4ou6_B_A,1.96
262,7.902,VAL, ,CB,46.67,1000.00,0.0,2.19,1.0,<Residue VAL het=  resseq=116 icode= >,4ou6_B_A,1.96
263,1.221,VAL, ,CG1,45.17,1000.00,0.0,1.74,1.0,<Residue VAL het=  resseq=116 icode= >,4ou6_B_A,1.96
264,3.757,VAL, ,CG2,51.27,1000.00,0.0,1.56,1.0,<Residue VAL het=  resseq=116 icode= >,4ou6_B_A,1.96
265,0.0,THR, ,N,46.14,1000.00,0.0,2.99,1.0,<Residue THR het=  resseq=117 icode= >,4ou6_B_A,1.96
266,5.693,THR, ,CA,43.18,1000.00,0.0,2.58,1.0,<Residue THR het=  resseq=117 icode= >,4ou6_B_A,1.96
267,1.029,THR, ,C,43.25,1000.00,0.0,2.84,1.0,<Residue THR het=  resseq=117 icode= >,4ou6_B_A,1.96
268,0.0,THR, ,O,43.08,1000.00,0.0,2.53,1.0,<Residue THR het=  resseq=117 icode= >,4ou6_B_A,1.96
269,4.051,THR, ,CB,46.1,1000.00,0.0,1.85,1.0,<Residue THR het=  resseq=117 icode= >,4ou6_B_A,1.96
270,2.65,THR, ,OG1,44.78,1000.00,0.0,1.30,1.0,<Residue THR het=  resseq=117 icode= >,4ou6_B_A,1.96
271,30.848,THR, ,CG2,46.41,1000.00,0.0,1.34,1.0,<Residue THR het=  resseq=117 icode= >,4ou6_B_A,1.96
272,4.764,THR, ,N,38.03,1000.00,0.0,2.40,1.0,<Residue THR het=  resseq=118 icode= >,4ou6_B_A,1.96
273,7.155,THR, ,CA,40.47,1000.00,0.0,1.08,1.0,<Residue THR het=  resseq=118 icode= >,4ou6_B_A,1.96
274,0.0,THR, ,C,40.1,1000.00,0.0,1.86,1.0,<Residue THR het=  resseq=118 icode= >,4ou6_B_A,1.96
275,1.489,THR, ,O,35.36,1000.00,0.0,1.92,1.0,<Residue THR het=  resseq=118 icode= >,4ou6_B_A,1.96
276,4.583,THR, ,CB,43.7,1000.00,0.0,1.68,1.0,<Residue THR het=  resseq=118 icode= >,4ou6_B_A,1.96
277,35.097,THR, ,OG1,48.56,1000.00,0.0,0.86,1.0,<Residue THR het=  resseq=118 icode= >,4ou6_B_A,1.96
278,56.148,THR, ,CG2,45.12,1000.00,0.073,0.98,1.0,<Residue THR het=  resseq=118 icode= >,4ou6_B_A,1.96
279,0.0,GLU, ,N,37.83,1000.00,0.0,3.00,1.0,<Residue GLU het=  resseq=119 icode= >,4ou6_B_A,1.96
280,2.74,GLU, ,CA,41.61,1000.00,2.74,1.70,1.0,<Residue GLU het=  resseq=119 icode= >,4ou6_B_A,1.96
281,1.275,GLU, ,C,39.37,1000.00,1.266,2.82,1.0,<Residue GLU het=  resseq=119 icode= >,4ou6_B_A,1.96
282,3.217,GLU, ,O,35.09,1000.00,3.217,2.13,1.0,<Residue GLU het=  resseq=119 icode= >,4ou6_B_A,1.96
283,23.547,GLU, ,CB,41.45,1000.00,18.905,1.09,1.0,<Residue GLU het=  resseq=119 icode= >,4ou6_B_A,1.96
284,37.81,GLU, ,CG,47.34,1000.00,31.633,1.56,1.0,<Residue GLU het=  resseq=119 icode= >,4ou6_B_A,1.96
285,8.814,GLU, ,CD,52.33,1000.00,0.0,1.61,1.0,<Residue GLU het=  resseq=119 icode= >,4ou6_B_A,1.96
286,32.53,GLU, ,OE1,58.47,1000.00,0.0,0.85,1.0,<Residue GLU het=  resseq=119 icode= >,4ou6_B_A,1.96
287,15.22,GLU, ,OE2,49.51,1000.00,0.0,1.41,1.0,<Residue GLU het=  resseq=119 icode= >,4ou6_B_A,1.96
288,0.236,GLU, ,N,37.29,9.56,0.0,2.71,1.0,<Residue GLU het=  resseq=120 icode= >,4ou6_B_A,1.96
289,5.432,GLU, ,CA,38.91,8.32,0.693,1.20,1.0,<Residue GLU het=  resseq=120 icode= >,4ou6_B_A,1.96
290,0.0,GLU, ,C,37.14,7.78,0.0,1.87,1.0,<Residue GLU het=  resseq=120 icode= >,4ou6_B_A,1.96
291,3.455,GLU, ,O,35.69,6.62,0.0,1.86,1.0,<Residue GLU het=  resseq=120 icode= >,4ou6_B_A,1.96
292,0.894,GLU, ,CB,42.59,8.77,0.0,0.95,1.0,<Residue GLU het=  resseq=120 icode= >,4ou6_B_A,1.96
293,24.714,GLU, ,CG,44.83,9.20,0.0,1.37,1.0,<Residue GLU het=  resseq=120 icode= >,4ou6_B_A,1.96
294,2.022,GLU, ,CD,44.37,10.15,0.0,2.66,1.0,<Residue GLU het=  resseq=120 icode= >,4ou6_B_A,1.96
295,0.0,GLU, ,OE1,42.1,10.97,0.0,2.85,1.0,<Residue GLU het=  resseq=120 icode= >,4ou6_B_A,1.96
296,10.449,GLU, ,OE2,42.81,10.29,0.0,2.31,1.0,<Residue GLU het=  resseq=120 icode= >,4ou6_B_A,1.96
297,0.0,LEU, ,N,34.41,8.81,0.0,3.19,1.0,<Residue LEU het=  resseq=121 icode= >,4ou6_B_A,1.96
298,0.0,LEU, ,CA,35.85,8.82,0.0,3.27,1.0,<Residue LEU het=  resseq=121 icode= >,4ou6_B_A,1.96
299,0.0,LEU, ,C,34.51,8.59,0.0,4.12,1.0,<Residue LEU het=  resseq=121 icode= >,4ou6_B_A,1.96
300,0.0,LEU, ,O,32.5,8.01,0.0,3.75,1.0,<Residue LEU het=  resseq=121 icode= >,4ou6_B_A,1.96
301,0.525,LEU, ,CB,34.55,10.26,0.0,2.56,1.0,<Residue LEU het=  resseq=121 icode= >,4ou6_B_A,1.96
302,1.125,LEU, ,CG,33.2,10.67,0.0,2.69,1.0,<Residue LEU het=  resseq=121 icode= >,4ou6_B_A,1.96
303,0.0,LEU, ,CD1,33.12,9.99,0.0,2.63,1.0,<Residue LEU het=  resseq=121 icode= >,4ou6_B_A,1.96
304,24.48,LEU, ,CD2,36.09,12.16,0.0,2.12,1.0,<Residue LEU het=  resseq=121 icode= >,4ou6_B_A,1.96
305,0.293,ALA, ,N,32.85,9.27,0.0,2.85,1.0,<Residue ALA het=  resseq=122 icode= >,4ou6_B_A,1.96
306,5.705,ALA, ,CA,33.71,9.46,0.0,2.23,1.0,<Residue ALA het=  resseq=122 icode= >,4ou6_B_A,1.96
307,1.377,ALA, ,C,30.0,8.25,1.377,3.45,1.0,<Residue ALA het=  resseq=122 icode= >,4ou6_B_A,1.96
308,3.384,ALA, ,O,31.13,8.22,0.703,2.68,1.0,<Residue ALA het=  resseq=122 icode= >,4ou6_B_A,1.96
309,46.657,ALA, ,CB,35.55,10.59,20.043,1.42,1.0,<Residue ALA het=  resseq=122 icode= >,4ou6_B_A,1.96
310,0.548,SER, ,N,30.76,7.47,0.548,3.31,1.0,<Residue SER het=  resseq=123 icode= >,4ou6_B_A,1.96
311,8.126,SER, ,CA,31.66,6.42,8.126,2.91,1.0,<Residue SER het=  resseq=123 icode= >,4ou6_B_A,1.96
312,0.682,SER, ,C,30.93,5.27,0.656,2.90,1.0,<Residue SER het=  resseq=123 icode= >,4ou6_B_A,1.96
313,2.659,SER, ,O,29.62,5.02,2.521,2.92,1.0,<Residue SER het=  resseq=123 icode= >,4ou6_B_A,1.96
314,25.379,SER, ,CB,33.04,6.17,18.352,2.83,1.0,<Residue SER het=  resseq=123 icode= >,4ou6_B_A,1.96
315,36.5,SER, ,OG,34.27,5.47,16.099,3.05,1.0,<Residue SER het=  resseq=123 icode= >,4ou6_B_A,1.96
316,1.134,PHE, ,N,29.06,4.97,0.172,3.39,1.0,<Residue PHE het=  resseq=124 icode= >,4ou6_B_A,1.96
317,6.127,PHE, ,CA,26.94,4.40,5.813,2.86,1.0,<Residue PHE het=  resseq=124 icode= >,4ou6_B_A,1.96
318,0.0,PHE, ,C,28.69,5.31,0.0,3.78,1.0,<Residue PHE het=  resseq=124 icode= >,4ou6_B_A,1.96
319,0.0,PHE, ,O,29.21,5.12,0.0,4.22,1.0,<Residue PHE het=  resseq=124 icode= >,4ou6_B_A,1.96
320,2.602,PHE, ,CB,28.82,4.92,0.074,2.71,1.0,<Residue PHE het=  resseq=124 icode= >,4ou6_B_A,1.96
321,0.0,PHE, ,CG,27.47,4.89,0.0,3.08,1.0,<Residue PHE het=  resseq=124 icode= >,4ou6_B_A,1.96
322,1.735,PHE, ,CD1,26.8,3.63,1.735,3.53,1.0,<Residue PHE het=  resseq=124 icode= >,4ou6_B_A,1.96
323,0.0,PHE, ,CD2,27.48,5.86,0.0,3.44,1.0,<Residue PHE het=  resseq=124 icode= >,4ou6_B_A,1.96
324,0.233,PHE, ,CE1,27.6,3.56,0.233,3.69,1.0,<Residue PHE het=  resseq=124 icode= >,4ou6_B_A,1.96
325,0.0,PHE, ,CE2,28.43,5.83,0.0,3.44,1.0,<Residue PHE het=  resseq=124 icode= >,4ou6_B_A,1.96
326,0.0,PHE, ,CZ,27.73,4.80,0.0,3.42,1.0,<Residue PHE het=  resseq=124 icode= >,4ou6_B_A,1.96
327,0.0,ILE, ,N,27.42,6.59,0.0,2.98,1.0,<Residue ILE het=  resseq=125 icode= >,4ou6_B_A,1.96
328,0.0,ILE, ,CA,28.02,7.67,0.0,2.40,1.0,<Residue ILE het=  resseq=125 icode= >,4ou6_B_A,1.96
329,0.0,ILE, ,C,29.55,7.82,0.0,2.82,1.0,<Residue ILE het=  resseq=125 icode= >,4ou6_B_A,1.96
330,0.0,ILE, ,O,28.65,8.27,0.0,3.21,1.0,<Residue ILE het=  resseq=125 icode= >,4ou6_B_A,1.96
331,0.32,ILE, ,CB,29.08,9.03,0.0,2.70,1.0,<Residue ILE het=  resseq=125 icode= >,4ou6_B_A,1.96
332,0.0,ILE, ,CG1,30.59,9.39,0.0,2.53,1.0,<Residue ILE het=  resseq=125 icode= >,4ou6_B_A,1.96
333,6.351,ILE, ,CG2,30.96,10.19,0.0,2.32,1.0,<Residue ILE het=  resseq=125 icode= >,4ou6_B_A,1.96
334,4.031,ILE, ,CD1,32.83,10.70,0.0,2.08,1.0,<Residue ILE het=  resseq=125 icode= >,4ou6_B_A,1.96
335,0.127,ALA, ,N,29.3,7.76,0.0,2.69,1.0,<Residue ALA het=  resseq=126 icode= >,4ou6_B_A,1.96
336,5.172,ALA, ,CA,31.23,8.31,0.113,1.99,1.0,<Residue ALA het=  resseq=126 icode= >,4ou6_B_A,1.96
337,1.426,ALA, ,C,30.22,7.64,1.426,3.78,1.0,<Residue ALA het=  resseq=126 icode= >,4ou6_B_A,1.96
338,5.757,ALA, ,O,30.66,8.45,4.14,3.54,1.0,<Residue ALA het=  resseq=126 icode= >,4ou6_B_A,1.96
339,50.697,ALA, ,CB,30.71,8.61,36.468,2.53,1.0,<Residue ALA het=  resseq=126 icode= >,4ou6_B_A,1.96
340,1.193,TYR, ,N,29.31,6.32,1.193,2.70,1.0,<Residue TYR het=  resseq=127 icode= >,4ou6_B_A,1.96
341,7.337,TYR, ,CA,29.84,5.86,7.337,1.97,1.0,<Residue TYR het=  resseq=127 icode= >,4ou6_B_A,1.96
342,0.0,TYR, ,C,29.81,6.47,0.0,2.99,1.0,<Residue TYR het=  resseq=127 icode= >,4ou6_B_A,1.96
343,2.05,TYR, ,O,29.89,7.20,2.05,3.33,1.0,<Residue TYR het=  resseq=127 icode= >,4ou6_B_A,1.96
344,11.097,TYR, ,CB,29.97,4.38,11.097,1.36,1.0,<Residue TYR het=  resseq=127 icode= >,4ou6_B_A,1.96
345,2.298,TYR, ,CG,31.66,3.94,2.298,2.25,1.0,<Residue TYR het=  resseq=127 icode= >,4ou6_B_A,1.96
346,2.058,TYR, ,CD1,31.37,4.06,2.058,2.41,1.0,<Residue TYR het=  resseq=127 icode= >,4ou6_B_A,1.96
347,25.93,TYR, ,CD2,34.24,3.91,22.461,2.81,1.0,<Residue TYR het=  resseq=127 icode= >,4ou6_B_A,1.96
348,4.871,TYR, ,CE1,35.7,3.90,4.539,1.85,1.0,<Residue TYR het=  resseq=127 icode= >,4ou6_B_A,1.96
349,34.316,TYR, ,CE2,36.22,3.42,28.101,2.99,1.0,<Residue TYR het=  resseq=127 icode= >,4ou6_B_A,1.96
350,6.09,TYR, ,CZ,36.78,3.48,6.09,2.34,1.0,<Residue TYR het=  resseq=127 icode= >,4ou6_B_A,1.96
351,37.681,TYR, ,OH,42.6,3.62,23.488,1.66,1.0,<Residue TYR het=  resseq=127 icode= >,4ou6_B_A,1.96
352,0.0,TRP, ,N,26.47,6.37,0.0,3.98,1.0,<Residue TRP het=  resseq=128 icode= >,4ou6_B_A,1.96
353,0.0,TRP, ,CA,26.46,7.22,0.0,3.03,1.0,<Residue TRP het=  resseq=128 icode= >,4ou6_B_A,1.96
354,0.0,TRP, ,C,26.95,8.67,0.0,4.36,1.0,<Residue TRP het=  resseq=128 icode= >,4ou6_B_A,1.96
355,0.0,TRP, ,O,27.92,9.45,0.0,3.27,1.0,<Residue TRP het=  resseq=128 icode= >,4ou6_B_A,1.96
356,0.0,TRP, ,CB,26.45,6.62,0.0,2.31,1.0,<Residue TRP het=  resseq=128 icode= >,4ou6_B_A,1.96
357,0.0,TRP, ,CG,26.65,5.28,0.0,3.78,1.0,<Residue TRP het=  resseq=128 icode= >,4ou6_B_A,1.96
358,0.0,TRP, ,CD1,29.66,4.11,0.0,3.11,1.0,<Residue TRP het=  resseq=128 icode= >,4ou6_B_A,1.96
359,0.0,TRP, ,CD2,28.73,5.24,0.0,3.76,1.0,<Residue TRP het=  resseq=128 icode= >,4ou6_B_A,1.96
360,9.239,TRP, ,NE1,30.51,3.10,9.239,3.70,1.0,<Residue TRP het=  resseq=128 icode= >,4ou6_B_A,1.96
361,0.0,TRP, ,CE2,30.13,3.99,0.0,3.59,1.0,<Residue TRP het=  resseq=128 icode= >,4ou6_B_A,1.96
362,0.0,TRP, ,CE3,30.49,6.08,0.0,2.99,1.0,<Residue TRP het=  resseq=128 icode= >,4ou6_B_A,1.96
363,17.227,TRP, ,CZ2,34.42,3.82,16.594,2.54,1.0,<Residue TRP het=  resseq=128 icode= >,4ou6_B_A,1.96
364,0.289,TRP, ,CZ3,34.15,5.28,0.0,2.13,1.0,<Residue TRP het=  resseq=128 icode= >,4ou6_B_A,1.96
365,15.456,TRP, ,CH2,32.47,4.04,10.167,2.27,1.0,<Residue TRP het=  resseq=128 icode= >,4ou6_B_A,1.96
366,0.0,GLN, ,N,29.23,9.06,0.0,4.21,1.0,<Residue GLN het=  resseq=129 icode= >,4ou6_B_A,1.96
367,0.0,GLN, ,CA,31.99,10.48,0.0,2.12,1.0,<Residue GLN het=  resseq=129 icode= >,4ou6_B_A,1.96
368,0.093,GLN, ,C,31.79,11.03,0.0,2.41,1.0,<Residue GLN het=  resseq=129 icode= >,4ou6_B_A,1.96
369,13.453,GLN, ,O,35.71,12.11,0.0,1.67,1.0,<Residue GLN het=  resseq=129 icode= >,4ou6_B_A,1.96
370,0.625,GLN, ,CB,33.9,10.89,0.0,2.23,1.0,<Residue GLN het=  resseq=129 icode= >,4ou6_B_A,1.96
371,15.118,GLN, ,CG,39.25,12.39,0.0,2.19,1.0,<Residue GLN het=  resseq=129 icode= >,4ou6_B_A,1.96
372,4.466,GLN, ,CD,45.92,12.95,0.0,3.28,1.0,<Residue GLN het=  resseq=129 icode= >,4ou6_B_A,1.96
373,5.526,GLN, ,OE1,53.98,12.41,0.0,2.05,1.0,<Residue GLN het=  resseq=129 icode= >,4ou6_B_A,1.96
374,42.89,GLN, ,NE2,50.55,14.17,0.0,1.49,1.0,<Residue GLN het=  resseq=129 icode= >,4ou6_B_A,1.96
375,0.627,ALA, ,N,31.4,10.42,0.0,1.95,1.0,<Residue ALA het=  resseq=130 icode= >,4ou6_B_A,1.96
376,12.258,ALA, ,CA,32.87,10.97,0.503,1.57,1.0,<Residue ALA het=  resseq=130 icode= >,4ou6_B_A,1.96
377,1.061,ALA, ,C,33.49,10.92,1.061,2.47,1.0,<Residue ALA het=  resseq=130 icode= >,4ou6_B_A,1.96
378,25.971,ALA, ,O,34.19,11.68,18.279,2.35,1.0,<Residue ALA het=  resseq=130 icode= >,4ou6_B_A,1.96
379,50.032,ALA, ,CB,32.47,10.32,43.346,2.07,1.0,<Residue ALA het=  resseq=130 icode= >,4ou6_B_A,1.96
380,0.191,GLU, ,N,33.68,9.74,0.191,2.63,1.0,<Residue GLU het=  resseq=131 icode= >,4ou6_B_A,1.96
381,3.405,GLU, ,CA,34.26,9.19,3.405,2.67,1.0,<Residue GLU het=  resseq=131 icode= >,4ou6_B_A,1.96
382,0.0,GLU, ,C,36.35,10.21,0.0,2.54,1.0,<Residue GLU het=  resseq=131 icode= >,4ou6_B_A,1.96
383,22.563,GLU, ,O,36.71,10.65,4.426,1.57,1.0,<Residue GLU het=  resseq=131 icode= >,4ou6_B_A,1.96
384,0.0,GLU, ,CB,34.46,7.77,0.0,2.44,1.0,<Residue GLU het=  resseq=131 icode= >,4ou6_B_A,1.96
385,0.43,GLU, ,CG,37.58,7.21,0.0,1.63,1.0,<Residue GLU het=  resseq=131 icode= >,4ou6_B_A,1.96
386,7.825,GLU, ,CD,38.88,7.14,3.845,2.79,1.0,<Residue GLU het=  resseq=131 icode= >,4ou6_B_A,1.96
387,24.818,GLU, ,OE1,36.45,7.24,23.157,2.68,1.0,<Residue GLU het=  resseq=131 icode= >,4ou6_B_A,1.96
388,29.141,GLU, ,OE2,41.43,7.32,16.806,2.40,1.0,<Residue GLU het=  resseq=131 icode= >,4ou6_B_A,1.96
389,0.0,GLY, ,N,37.05,10.80,0.0,2.62,1.0,<Residue GLY het=  resseq=132 icode= >,4ou6_B_A,1.96
390,20.018,GLY, ,CA,37.77,11.99,0.0,2.19,1.0,<Residue GLY het=  resseq=132 icode= >,4ou6_B_A,1.96
391,3.307,GLY, ,C,36.66,11.89,0.0,3.54,1.0,<Residue GLY het=  resseq=132 icode= >,4ou6_B_A,1.96
392,16.33,GLY, ,O,38.29,12.81,0.0,2.57,1.0,<Residue GLY het=  resseq=132 icode= >,4ou6_B_A,1.96
393,0.015,LYS, ,N,34.43,10.74,0.0,3.67,0.8,<Residue LYS het=  resseq=133 icode= >,4ou6_B_A,1.96
394,7.243,LYS, ,CA,35.45,10.16,0.0,3.11,0.8,<Residue LYS het=  resseq=133 icode= >,4ou6_B_A,1.96
395,0.0,LYS, ,C,32.42,10.54,0.0,3.10,0.8,<Residue LYS het=  resseq=133 icode= >,4ou6_B_A,1.96
396,0.0,LYS, ,O,29.49,10.82,0.0,2.66,0.8,<Residue LYS het=  resseq=133 icode= >,4ou6_B_A,1.96
397,2.116,LYS, ,CB,38.52,8.67,0.0,2.35,0.8,<Residue LYS het=  resseq=133 icode= >,4ou6_B_A,1.96
398,16.071,LYS, ,CG,44.78,8.50,0.0,0.71,0.8,<Residue LYS het=  resseq=133 icode= >,4ou6_B_A,1.96
399,7.69,LYS, ,CD,49.57,7.10,0.0,1.47,0.8,<Residue LYS het=  resseq=133 icode= >,4ou6_B_A,1.96
400,28.503,LYS, ,CE,54.2,7.15,0.0,0.12,0.8,<Residue LYS het=  resseq=133 icode= >,4ou6_B_A,1.96
401,43.735,LYS, ,NZ,57.3,5.87,0.0,-0.26,0.8,<Residue LYS het=  resseq=133 icode= >,4ou6_B_A,1.96
402,2.602,VAL, ,N,33.93,10.79,0.0,3.06,1.0,<Residue VAL het=  resseq=134 icode= >,4ou6_B_A,1.96
403,0.0,VAL, ,CA,34.21,11.46,0.0,2.65,1.0,<Residue VAL het=  resseq=134 icode= >,4ou6_B_A,1.96
404,0.0,VAL, ,C,33.97,10.70,0.0,2.98,1.0,<Residue VAL het=  resseq=134 icode= >,4ou6_B_A,1.96
405,6.335,VAL, ,O,32.11,10.06,0.0,2.98,1.0,<Residue VAL het=  resseq=134 icode= >,4ou6_B_A,1.96
406,0.167,VAL, ,CB,37.02,12.88,0.0,1.94,1.0,<Residue VAL het=  resseq=134 icode= >,4ou6_B_A,1.96
407,27.275,VAL, ,CG1,38.06,13.76,0.0,1.01,1.0,<Residue VAL het=  resseq=134 icode= >,4ou6_B_A,1.96
408,37.46,VAL, ,CG2,39.78,12.65,0.0,1.28,1.0,<Residue VAL het=  resseq=134 icode= >,4ou6_B_A,1.96
409,0.0,PHE, ,N,31.82,10.86,0.0,2.65,1.0,<Residue PHE het=  resseq=135 icode= >,4ou6_B_A,1.96
410,0.0,PHE, ,CA,31.04,10.08,0.0,2.75,1.0,<Residue PHE het=  resseq=135 icode= >,4ou6_B_A,1.96
411,0.0,PHE, ,C,30.55,11.03,0.0,3.89,1.0,<Residue PHE het=  resseq=135 icode= >,4ou6_B_A,1.96
412,0.0,PHE, ,O,27.49,12.18,0.0,4.62,1.0,<Residue PHE het=  resseq=135 icode= >,4ou6_B_A,1.96
413,0.0,PHE, ,CB,32.46,9.15,0.0,3.07,1.0,<Residue PHE het=  resseq=135 icode= >,4ou6_B_A,1.96
414,0.0,PHE, ,CG,32.46,7.98,0.0,3.11,1.0,<Residue PHE het=  resseq=135 icode= >,4ou6_B_A,1.96
415,1.51,PHE, ,CD1,36.83,6.95,0.523,2.60,1.0,<Residue PHE het=  resseq=135 icode= >,4ou6_B_A,1.96
416,0.0,PHE, ,CD2,35.24,7.46,0.0,2.30,1.0,<Residue PHE het=  resseq=135 icode= >,4ou6_B_A,1.96
417,31.342,PHE, ,CE1,38.98,6.14,16.569,2.18,1.0,<Residue PHE het=  resseq=135 icode= >,4ou6_B_A,1.96
418,0.0,PHE, ,CE2,35.03,6.39,0.0,3.31,1.0,<Residue PHE het=  resseq=135 icode= >,4ou6_B_A,1.96
419,14.277,PHE, ,CZ,36.41,5.82,0.0,3.19,1.0,<Residue PHE het=  resseq=135 icode= >,4ou6_B_A,1.96
420,0.0,HIS, ,N,28.66,10.68,0.0,3.32,1.0,<Residue HIS het=  resseq=136 icode= >,4ou6_B_A,1.96
421,0.0,HIS, ,CA,27.82,11.62,0.0,2.70,1.0,<Residue HIS het=  resseq=136 icode= >,4ou6_B_A,1.96
422,0.0,HIS, ,C,27.48,11.70,0.0,3.63,1.0,<Residue HIS het=  resseq=136 icode= >,4ou6_B_A,1.96
423,0.0,HIS, ,O,29.07,10.79,0.0,3.65,1.0,<Residue HIS het=  resseq=136 icode= >,4ou6_B_A,1.96
424,5.952,HIS, ,CB,30.43,11.43,1.886,2.74,1.0,<Residue HIS het=  resseq=136 icode= >,4ou6_B_A,1.96
425,2.889,HIS, ,CG,31.05,11.76,2.889,3.40,1.0,<Residue HIS het=  resseq=136 icode= >,4ou6_B_A,1.96
426,11.633,HIS, ,ND1,31.56,13.09,1.342,3.81,1.0,<Residue HIS het=  resseq=136 icode= >,4ou6_B_A,1.96
427,6.823,HIS, ,CD2,33.28,11.11,6.823,3.73,1.0,<Residue HIS het=  resseq=136 icode= >,4ou6_B_A,1.96
428,26.723,HIS, ,CE1,32.13,13.28,6.39,3.39,1.0,<Residue HIS het=  resseq=136 icode= >,4ou6_B_A,1.96
429,18.444,HIS, ,NE2,33.91,12.04,12.901,3.85,1.0,<Residue HIS het=  resseq=136 icode= >,4ou6_B_A,1.96
430,2.041,HIS, ,N,29.14,12.90,0.0,2.65,1.0,<Residue HIS het=  resseq=137 icode= >,4ou6_B_A,1.96
431,0.0,HIS, ,CA,29.07,13.34,0.0,2.96,1.0,<Residue HIS het=  resseq=137 icode= >,4ou6_B_A,1.96
432,0.0,HIS, ,C,28.83,12.49,0.0,3.51,1.0,<Residue HIS het=  resseq=137 icode= >,4ou6_B_A,1.96
433,0.0,HIS, ,O,26.29,12.30,0.0,3.07,1.0,<Residue HIS het=  resseq=137 icode= >,4ou6_B_A,1.96
434,13.336,HIS, ,CB,30.67,14.78,0.0,3.25,1.0,<Residue HIS het=  resseq=137 icode= >,4ou6_B_A,1.96
435,0.0,HIS, ,CG,34.22,15.05,0.0,2.54,1.0,<Residue HIS het=  resseq=137 icode= >,4ou6_B_A,1.96
436,0.0,HIS, ,ND1,33.21,14.26,0.0,3.14,1.0,<Residue HIS het=  resseq=137 icode= >,4ou6_B_A,1.96
437,15.035,HIS, ,CD2,34.71,15.72,0.0,1.75,1.0,<Residue HIS het=  resseq=137 icode= >,4ou6_B_A,1.96
438,0.16,HIS, ,CE1,33.69,14.47,0.0,3.30,1.0,<Residue HIS het=  resseq=137 icode= >,4ou6_B_A,1.96
439,1.389,HIS, ,NE2,35.63,15.35,0.0,3.01,1.0,<Residue HIS het=  resseq=137 icode= >,4ou6_B_A,1.96
440,1.796,VAL, ,N,31.8,12.19,0.0,3.66,1.0,<Residue VAL het=  resseq=138 icode= >,4ou6_B_A,1.96
441,0.0,VAL, ,CA,30.74,11.61,0.0,3.68,1.0,<Residue VAL het=  resseq=138 icode= >,4ou6_B_A,1.96
442,0.0,VAL, ,C,28.19,10.22,0.0,3.64,1.0,<Residue VAL het=  resseq=138 icode= >,4ou6_B_A,1.96
443,0.0,VAL, ,O,28.39,10.00,0.0,2.23,1.0,<Residue VAL het=  resseq=138 icode= >,4ou6_B_A,1.96
444,12.314,VAL, ,CB,35.54,11.59,0.0,2.88,1.0,<Residue VAL het=  resseq=138 icode= >,4ou6_B_A,1.96
445,34.796,VAL, ,CG1,38.98,10.89,23.458,1.37,1.0,<Residue VAL het=  resseq=138 icode= >,4ou6_B_A,1.96
446,26.505,VAL, ,CG2,39.39,11.03,12.028,1.80,1.0,<Residue VAL het=  resseq=138 icode= >,4ou6_B_A,1.96
447,0.0,GLN, ,N,26.96,9.44,0.0,3.54,1.0,<Residue GLN het=  resseq=139 icode= >,4ou6_B_A,1.96
448,0.235,GLN, ,CA,27.78,8.12,0.235,2.58,1.0,<Residue GLN het=  resseq=139 icode= >,4ou6_B_A,1.96
449,0.0,GLN, ,C,27.9,8.40,0.0,3.70,1.0,<Residue GLN het=  resseq=139 icode= >,4ou6_B_A,1.96
450,1.296,GLN, ,O,24.92,7.78,0.0,4.80,1.0,<Residue GLN het=  resseq=139 icode= >,4ou6_B_A,1.96
451,5.557,GLN, ,CB,29.73,7.50,4.76,1.92,1.0,<Residue GLN het=  resseq=139 icode= >,4ou6_B_A,1.96
452,11.421,GLN, ,CG,31.07,7.48,11.421,1.29,1.0,<Residue GLN het=  resseq=139 icode= >,4ou6_B_A,1.96
453,0.923,GLN, ,CD,32.6,7.47,0.923,3.52,1.0,<Residue GLN het=  resseq=139 icode= >,4ou6_B_A,1.96
454,0.196,GLN, ,OE1,33.35,8.06,0.196,3.14,1.0,<Residue GLN het=  resseq=139 icode= >,4ou6_B_A,1.96
455,48.368,GLN, ,NE2,34.83,7.18,48.368,2.76,1.0,<Residue GLN het=  resseq=139 icode= >,4ou6_B_A,1.96
456,0.0,TRP, ,N,24.53,9.55,0.0,3.82,1.0,<Residue TRP het=  resseq=140 icode= >,4ou6_B_A,1.96
457,0.0,TRP, ,CA,27.14,8.96,0.0,2.80,1.0,<Residue TRP het=  resseq=140 icode= >,4ou6_B_A,1.96
458,0.0,TRP, ,C,26.12,8.63,0.0,3.90,1.0,<Residue TRP het=  resseq=140 icode= >,4ou6_B_A,1.96
459,0.0,TRP, ,O,27.1,7.52,0.0,4.26,1.0,<Residue TRP het=  resseq=140 icode= >,4ou6_B_A,1.96
460,0.0,TRP, ,CB,28.2,9.59,0.0,2.29,1.0,<Residue TRP het=  resseq=140 icode= >,4ou6_B_A,1.96
461,0.0,TRP, ,CG,28.26,9.83,0.0,4.12,1.0,<Residue TRP het=  resseq=140 icode= >,4ou6_B_A,1.96
462,0.0,TRP, ,CD1,29.79,11.11,0.0,3.68,1.0,<Residue TRP het=  resseq=140 icode= >,4ou6_B_A,1.96
463,0.0,TRP, ,CD2,28.59,9.00,0.0,3.63,1.0,<Residue TRP het=  resseq=140 icode= >,4ou6_B_A,1.96
464,0.0,TRP, ,NE1,29.61,11.18,0.0,3.72,1.0,<Residue TRP het=  resseq=140 icode= >,4ou6_B_A,1.96
465,0.0,TRP, ,CE2,30.0,9.97,0.0,3.86,1.0,<Residue TRP het=  resseq=140 icode= >,4ou6_B_A,1.96
466,0.0,TRP, ,CE3,28.95,7.63,0.0,2.90,1.0,<Residue TRP het=  resseq=140 icode= >,4ou6_B_A,1.96
467,0.0,TRP, ,CZ2,30.01,9.81,0.0,2.81,1.0,<Residue TRP het=  resseq=140 icode= >,4ou6_B_A,1.96
468,0.0,TRP, ,CZ3,27.21,7.41,0.0,3.60,1.0,<Residue TRP het=  resseq=140 icode= >,4ou6_B_A,1.96
469,0.0,TRP, ,CH2,27.01,8.59,0.0,3.18,1.0,<Residue TRP het=  resseq=140 icode= >,4ou6_B_A,1.96
470,0.0,GLN, ,N,26.57,9.75,0.0,3.19,1.0,<Residue GLN het=  resseq=141 icode= >,4ou6_B_A,1.96
471,0.0,GLN, ,CA,26.12,9.87,0.0,3.14,1.0,<Residue GLN het=  resseq=141 icode= >,4ou6_B_A,1.96
472,0.0,GLN, ,C,26.72,9.31,0.0,3.79,1.0,<Residue GLN het=  resseq=141 icode= >,4ou6_B_A,1.96
473,0.0,GLN, ,O,26.35,8.89,0.0,3.82,1.0,<Residue GLN het=  resseq=141 icode= >,4ou6_B_A,1.96
474,0.0,GLN, ,CB,28.82,11.36,0.0,2.91,1.0,<Residue GLN het=  resseq=141 icode= >,4ou6_B_A,1.96
475,0.0,GLN, ,CG,31.64,12.07,0.0,2.07,1.0,<Residue GLN het=  resseq=141 icode= >,4ou6_B_A,1.96
476,0.0,GLN, ,CD,35.4,13.50,0.0,2.34,1.0,<Residue GLN het=  resseq=141 icode= >,4ou6_B_A,1.96
477,0.0,GLN, ,OE1,37.09,13.90,0.0,2.12,1.0,<Residue GLN het=  resseq=141 icode= >,4ou6_B_A,1.96
478,2.85,GLN, ,NE2,38.34,14.38,0.0,2.79,1.0,<Residue GLN het=  resseq=141 icode= >,4ou6_B_A,1.96
479,0.0,GLN, ,N,27.58,9.55,0.0,3.79,1.0,<Residue GLN het=  resseq=142 icode= >,4ou6_B_A,1.96
480,0.578,GLN, ,CA,28.81,8.76,0.0,3.15,1.0,<Residue GLN het=  resseq=142 icode= >,4ou6_B_A,1.96
481,1.246,GLN, ,C,27.8,7.82,0.0,3.81,1.0,<Residue GLN het=  resseq=142 icode= >,4ou6_B_A,1.96
482,3.571,GLN, ,O,29.53,7.59,0.0,3.98,1.0,<Residue GLN het=  resseq=142 icode= >,4ou6_B_A,1.96
483,13.729,GLN, ,CB,30.58,7.69,0.709,2.44,1.0,<Residue GLN het=  resseq=142 icode= >,4ou6_B_A,1.96
484,0.432,GLN, ,CG,33.99,8.00,0.251,1.10,1.0,<Residue GLN het=  resseq=142 icode= >,4ou6_B_A,1.96
485,5.616,GLN, ,CD,36.71,6.77,5.402,2.47,1.0,<Residue GLN het=  resseq=142 icode= >,4ou6_B_A,1.96
486,27.044,GLN, ,OE1,39.66,5.80,21.543,2.21,1.0,<Residue GLN het=  resseq=142 icode= >,4ou6_B_A,1.96
487,31.137,GLN, ,NE2,36.4,6.84,31.137,2.80,1.0,<Residue GLN het=  resseq=142 icode= >,4ou6_B_A,1.96
488,0.105,LYS, ,N,26.32,7.04,0.0,2.87,1.0,<Residue LYS het=  resseq=143 icode= >,4ou6_B_A,1.96
489,4.155,LYS, ,CA,29.82,5.61,0.0,2.31,1.0,<Residue LYS het=  resseq=143 icode= >,4ou6_B_A,1.96
490,0.0,LYS, ,C,27.69,4.95,0.0,3.44,1.0,<Residue LYS het=  resseq=143 icode= >,4ou6_B_A,1.96
491,2.981,LYS, ,O,27.78,4.21,1.838,3.35,1.0,<Residue LYS het=  resseq=143 icode= >,4ou6_B_A,1.96
492,2.243,LYS, ,CB,30.67,5.24,1.382,2.20,1.0,<Residue LYS het=  resseq=143 icode= >,4ou6_B_A,1.96
493,13.165,LYS, ,CG,36.57,5.08,0.0,1.90,1.0,<Residue LYS het=  resseq=143 icode= >,4ou6_B_A,1.96
494,0.0,LYS, ,CD,39.95,4.89,0.0,2.67,1.0,<Residue LYS het=  resseq=143 icode= >,4ou6_B_A,1.96
495,4.911,LYS, ,CE,44.35,3.89,0.0,2.03,1.0,<Residue LYS het=  resseq=143 icode= >,4ou6_B_A,1.96
496,34.282,LYS, ,NZ,46.19,2.44,27.013,2.62,1.0,<Residue LYS het=  resseq=143 icode= >,4ou6_B_A,1.96
497,0.0,LEU, ,N,25.76,5.64,0.0,3.78,1.0,<Residue LEU het=  resseq=144 icode= >,4ou6_B_A,1.96
498,0.0,LEU, ,CA,27.09,5.73,0.0,3.02,1.0,<Residue LEU het=  resseq=144 icode= >,4ou6_B_A,1.96
499,0.0,LEU, ,C,29.64,6.36,0.0,3.28,1.0,<Residue LEU het=  resseq=144 icode= >,4ou6_B_A,1.96
500,0.0,LEU, ,O,30.32,6.17,0.0,2.71,1.0,<Residue LEU het=  resseq=144 icode= >,4ou6_B_A,1.96
501,0.0,LEU, ,CB,28.68,6.85,0.0,2.83,1.0,<Residue LEU het=  resseq=144 icode= >,4ou6_B_A,1.96
502,0.0,LEU, ,CG,27.62,7.47,0.0,3.72,1.0,<Residue LEU het=  resseq=144 icode= >,4ou6_B_A,1.96
503,0.803,LEU, ,CD1,30.65,6.69,0.0,2.36,1.0,<Residue LEU het=  resseq=144 icode= >,4ou6_B_A,1.96
504,0.0,LEU, ,CD2,28.46,8.77,0.0,3.38,1.0,<Residue LEU het=  resseq=144 icode= >,4ou6_B_A,1.96
505,0.0,ALA, ,N,29.9,7.38,0.0,3.88,1.0,<Residue ALA het=  resseq=145 icode= >,4ou6_B_A,1.96
506,0.0,ALA, ,CA,29.51,8.27,0.0,3.59,1.0,<Residue ALA het=  resseq=145 icode= >,4ou6_B_A,1.96
507,0.0,ALA, ,C,30.44,7.73,0.0,3.81,1.0,<Residue ALA het=  resseq=145 icode= >,4ou6_B_A,1.96
508,0.0,ALA, ,O,33.87,8.16,0.0,3.06,1.0,<Residue ALA het=  resseq=145 icode= >,4ou6_B_A,1.96
509,1.756,ALA, ,CB,30.13,9.46,0.0,1.91,1.0,<Residue ALA het=  resseq=145 icode= >,4ou6_B_A,1.96
510,0.232,ARG, ,N,29.32,7.10,0.0,2.36,0.6,<Residue ARG het=  resseq=146 icode= >,4ou6_B_A,1.96
511,0.0,ARG, ,CA,31.85,6.92,0.0,1.50,0.6,<Residue ARG het=  resseq=146 icode= >,4ou6_B_A,1.96
512,0.0,ARG, ,C,30.35,6.05,0.0,3.05,0.6,<Residue ARG het=  resseq=146 icode= >,4ou6_B_A,1.96
513,0.0,ARG, ,O,26.43,6.63,0.0,2.54,0.6,<Residue ARG het=  resseq=146 icode= >,4ou6_B_A,1.96
514,11.769,ARG, ,CB,34.79,6.07,0.089,0.61,0.6,<Residue ARG het=  resseq=146 icode= >,4ou6_B_A,1.96
515,23.565,ARG, ,CG,39.31,5.50,1.461,1.06,0.6,<Residue ARG het=  resseq=146 icode= >,4ou6_B_A,1.96
516,19.079,ARG, ,CD,43.52,4.83,10.059,1.02,0.6,<Residue ARG het=  resseq=146 icode= >,4ou6_B_A,1.96
517,14.75,ARG, ,NE,47.81,4.72,6.813,1.82,0.6,<Residue ARG het=  resseq=146 icode= >,4ou6_B_A,1.96
518,4.2,ARG, ,CZ,49.57,5.41,1.112,1.71,0.6,<Residue ARG het=  resseq=146 icode= >,4ou6_B_A,1.96
519,25.051,ARG, ,NH1,53.49,6.12,5.476,1.16,0.6,<Residue ARG het=  resseq=146 icode= >,4ou6_B_A,1.96
520,53.427,ARG, ,NH2,51.26,5.78,19.491,0.64,0.6,<Residue ARG het=  resseq=146 icode= >,4ou6_B_A,1.96
521,0.268,SER, ,N,32.11,4.94,0.0,2.41,1.0,<Residue SER het=  resseq=147 icode= >,4ou6_B_A,1.96
522,8.08,SER, ,CA,36.56,4.34,4.323,2.68,1.0,<Residue SER het=  resseq=147 icode= >,4ou6_B_A,1.96
523,0.277,SER, ,C,37.4,5.58,0.0,2.50,1.0,<Residue SER het=  resseq=147 icode= >,4ou6_B_A,1.96
524,4.321,SER, ,O,35.66,5.32,1.129,2.14,1.0,<Residue SER het=  resseq=147 icode= >,4ou6_B_A,1.96
525,10.074,SER, ,CB,37.95,3.23,9.934,3.19,1.0,<Residue SER het=  resseq=147 icode= >,4ou6_B_A,1.96
526,29.445,SER, ,OG,44.58,3.22,15.603,2.04,1.0,<Residue SER het=  resseq=147 icode= >,4ou6_B_A,1.96
527,0.0,LEU, ,N,36.27,6.37,0.0,2.00,1.0,<Residue LEU het=  resseq=148 icode= >,4ou6_B_A,1.96
528,0.978,LEU, ,CA,39.04,7.68,0.0,1.18,1.0,<Residue LEU het=  resseq=148 icode= >,4ou6_B_A,1.96
529,0.0,LEU, ,C,43.68,8.14,0.0,2.11,1.0,<Residue LEU het=  resseq=148 icode= >,4ou6_B_A,1.96
530,0.0,LEU, ,O,42.89,8.17,0.0,2.04,1.0,<Residue LEU het=  resseq=148 icode= >,4ou6_B_A,1.96
531,0.0,LEU, ,CB,39.5,8.48,0.0,2.16,1.0,<Residue LEU het=  resseq=148 icode= >,4ou6_B_A,1.96
532,0.0,LEU, ,CG,39.78,8.17,0.0,2.51,1.0,<Residue LEU het=  resseq=148 icode= >,4ou6_B_A,1.96
533,0.0,LEU, ,CD1,40.32,9.21,0.0,2.27,1.0,<Residue LEU het=  resseq=148 icode= >,4ou6_B_A,1.96
534,6.646,LEU, ,CD2,43.66,8.42,0.0,1.84,1.0,<Residue LEU het=  resseq=148 icode= >,4ou6_B_A,1.96
535,0.0,GLN, ,N,41.38,8.50,0.0,3.31,1.0,<Residue GLN het=  resseq=149 icode= >,4ou6_B_A,1.96
536,4.258,GLN, ,CA,45.65,8.89,0.0,2.46,1.0,<Residue GLN het=  resseq=149 icode= >,4ou6_B_A,1.96
537,0.085,GLN, ,C,49.73,7.88,0.0,2.87,1.0,<Residue GLN het=  resseq=149 icode= >,4ou6_B_A,1.96
538,3.042,GLN, ,O,50.1,8.35,0.0,2.08,1.0,<Residue GLN het=  resseq=149 icode= >,4ou6_B_A,1.96
539,0.0,GLN, ,CB,46.1,9.53,0.0,2.01,1.0,<Residue GLN het=  resseq=149 icode= >,4ou6_B_A,1.96
540,20.977,GLN, ,CG,48.52,9.99,0.0,2.54,1.0,<Residue GLN het=  resseq=149 icode= >,4ou6_B_A,1.96
541,5.407,GLN, ,CD,48.29,8.86,1.108,2.55,1.0,<Residue GLN het=  resseq=149 icode= >,4ou6_B_A,1.96
542,7.015,GLN, ,OE1,53.19,7.71,3.224,1.56,1.0,<Residue GLN het=  resseq=149 icode= >,4ou6_B_A,1.96
543,29.163,GLN, ,NE2,56.52,9.33,12.313,0.28,1.0,<Residue GLN het=  resseq=149 icode= >,4ou6_B_A,1.96
544,0.0,ILE, ,N,50.57,6.67,0.0,2.17,1.0,<Residue ILE het=  resseq=150 icode= >,4ou6_B_A,1.96
545,1.87,ILE, ,CA,55.15,5.74,0.0,1.70,1.0,<Residue ILE het=  resseq=150 icode= >,4ou6_B_A,1.96
546,0.0,ILE, ,C,53.93,5.40,0.0,1.66,1.0,<Residue ILE het=  resseq=150 icode= >,4ou6_B_A,1.96
547,0.712,ILE, ,O,53.85,5.84,0.0,1.44,1.0,<Residue ILE het=  resseq=150 icode= >,4ou6_B_A,1.96
548,1.876,ILE, ,CB,56.7,4.67,1.836,2.10,1.0,<Residue ILE het=  resseq=150 icode= >,4ou6_B_A,1.96
549,25.509,ILE, ,CG1,58.45,5.30,3.621,1.45,1.0,<Residue ILE het=  resseq=150 icode= >,4ou6_B_A,1.96
550,51.063,ILE, ,CG2,56.57,3.71,26.348,1.29,1.0,<Residue ILE het=  resseq=150 icode= >,4ou6_B_A,1.96
551,4.964,ILE, ,CD1,62.68,6.32,0.0,-0.26,1.0,<Residue ILE het=  resseq=150 icode= >,4ou6_B_A,1.96
552,0.096,GLY, ,N,51.87,5.08,0.096,1.53,1.0,<Residue GLY het=  resseq=151 icode= >,4ou6_B_A,1.96
553,31.99,GLY, ,CA,49.93,5.26,3.29,1.79,1.0,<Residue GLY het=  resseq=151 icode= >,4ou6_B_A,1.96
554,3.647,GLY, ,C,53.03,6.65,0.0,2.33,1.0,<Residue GLY het=  resseq=151 icode= >,4ou6_B_A,1.96
555,17.708,GLY, ,O,54.41,7.01,0.0,1.76,1.0,<Residue GLY het=  resseq=151 icode= >,4ou6_B_A,1.96
556,0.0,ARG, ,N,52.53,7.61,0.0,2.05,1.0,<Residue ARG het=  resseq=152 icode= >,4ou6_B_A,1.96
557,6.513,ARG, ,CA,52.71,8.99,0.0,1.54,1.0,<Residue ARG het=  resseq=152 icode= >,4ou6_B_A,1.96
558,0.966,ARG, ,C,56.15,9.48,0.0,2.01,1.0,<Residue ARG het=  resseq=152 icode= >,4ou6_B_A,1.96
559,21.225,ARG, ,O,61.5,10.58,0.0,0.86,1.0,<Residue ARG het=  resseq=152 icode= >,4ou6_B_A,1.96
560,17.004,ARG, ,CB,48.26,10.00,0.0,2.08,1.0,<Residue ARG het=  resseq=152 icode= >,4ou6_B_A,1.96
561,12.063,ARG, ,CG,46.16,10.12,0.0,2.79,1.0,<Residue ARG het=  resseq=152 icode= >,4ou6_B_A,1.96
562,12.438,ARG, ,CD,43.17,11.28,0.0,2.64,1.0,<Residue ARG het=  resseq=152 icode= >,4ou6_B_A,1.96
563,0.629,ARG, ,NE,41.89,11.67,0.0,3.23,1.0,<Residue ARG het=  resseq=152 icode= >,4ou6_B_A,1.96
564,0.0,ARG, ,CZ,41.16,12.76,0.0,4.43,1.0,<Residue ARG het=  resseq=152 icode= >,4ou6_B_A,1.96
565,1.445,ARG, ,NH1,46.3,13.62,0.0,2.97,1.0,<Residue ARG het=  resseq=152 icode= >,4ou6_B_A,1.96
566,0.0,ARG, ,NH2,44.31,12.67,0.0,2.53,1.0,<Residue ARG het=  resseq=152 icode= >,4ou6_B_A,1.96
567,0.203,ALA, ,N,56.86,8.86,0.0,2.28,1.0,<Residue ALA het=  resseq=153 icode= >,4ou6_B_A,1.96
568,11.414,ALA, ,CA,63.06,9.59,0.0,1.71,1.0,<Residue ALA het=  resseq=153 icode= >,4ou6_B_A,1.96
569,1.102,ALA, ,C,70.53,9.78,0.0,2.05,1.0,<Residue ALA het=  resseq=153 icode= >,4ou6_B_A,1.96
570,30.907,ALA, ,O,76.17,10.87,0.0,1.35,1.0,<Residue ALA het=  resseq=153 icode= >,4ou6_B_A,1.96
571,42.702,ALA, ,CB,59.6,9.18,0.0,1.06,1.0,<Residue ALA het=  resseq=153 icode= >,4ou6_B_A,1.96
572,0.0,SER, ,N,77.45,8.87,0.0,1.71,1.0,<Residue SER het=  resseq=154 icode= >,4ou6_B_A,1.96
573,10.719,SER, ,CA,81.82,9.23,0.0,1.27,1.0,<Residue SER het=  resseq=154 icode= >,4ou6_B_A,1.96
574,31.797,SER, ,C,81.59,10.06,0.0,0.33,1.0,<Residue SER het=  resseq=154 icode= >,4ou6_B_A,1.96
575,28.036,SER, ,O,86.61,10.93,0.0,-0.54,1.0,<Residue SER het=  resseq=154 icode= >,4ou6_B_A,1.96
576,41.046,SER, ,CB,81.42,8.09,0.0,0.84,1.0,<Residue SER het=  resseq=154 icode= >,4ou6_B_A,1.96
577,24.79,SER, ,OG,80.47,7.25,0.0,0.73,1.0,<Residue SER het=  resseq=154 icode= >,4ou6_B_A,1.96
