,ASA,aa,altloc,atom,bfac,d2r,dASA,dens,occ,residue,id,resolu
0,55.521,GLY, ,N,61.66,3.53,4.93,0.74,1.0,<Residue GLY het=  resseq=5 icode= >,4qr9_A_B,2.0
1,41.204,GLY, ,CA,60.26,3.13,10.71,0.96,1.0,<Residue GLY het=  resseq=5 icode= >,4qr9_A_B,2.0
2,4.041,GLY, ,C,52.39,3.23,4.041,2.54,1.0,<Residue GLY het=  resseq=5 icode= >,4qr9_A_B,2.0
3,22.909,GLY, ,O,47.72,3.60,14.058,2.66,1.0,<Residue GLY het=  resseq=5 icode= >,4qr9_A_B,2.0
4,3.435,SER, ,N,48.48,3.64,0.698,2.28,1.0,<Residue SER het=  resseq=6 icode= >,4qr9_A_B,2.0
5,6.396,SER, ,CA,47.91,3.22,6.396,2.00,1.0,<Residue SER het=  resseq=6 icode= >,4qr9_A_B,2.0
6,0.0,SER, ,C,46.65,3.49,0.0,2.82,1.0,<Residue SER het=  resseq=6 icode= >,4qr9_A_B,2.0
7,8.328,SER, ,O,40.84,4.70,0.0,2.52,1.0,<Residue SER het=  resseq=6 icode= >,4qr9_A_B,2.0
8,43.874,SER, ,CB,47.94,3.36,36.054,1.92,1.0,<Residue SER het=  resseq=6 icode= >,4qr9_A_B,2.0
9,30.427,SER, ,OG,52.14,4.29,1.67,1.54,1.0,<Residue SER het=  resseq=6 icode= >,4qr9_A_B,2.0
10,5.033,LYS, ,N,43.36,2.79,5.033,2.50,1.0,<Residue LYS het=  resseq=7 icode= >,4qr9_A_B,2.0
11,0.0,LYS, ,CA,40.07,3.83,0.0,2.35,1.0,<Residue LYS het=  resseq=7 icode= >,4qr9_A_B,2.0
12,0.0,LYS, ,C,37.03,4.75,0.0,3.36,1.0,<Residue LYS het=  resseq=7 icode= >,4qr9_A_B,2.0
13,16.573,LYS, ,O,29.62,4.12,8.776,3.26,1.0,<Residue LYS het=  resseq=7 icode= >,4qr9_A_B,2.0
14,14.47,LYS, ,CB,45.97,3.74,14.232,1.51,1.0,<Residue LYS het=  resseq=7 icode= >,4qr9_A_B,2.0
15,1.678,LYS, ,CG,44.79,4.61,0.394,2.00,1.0,<Residue LYS het=  resseq=7 icode= >,4qr9_A_B,2.0
16,25.102,LYS, ,CD,48.87,3.56,14.942,1.24,1.0,<Residue LYS het=  resseq=7 icode= >,4qr9_A_B,2.0
17,40.933,LYS, ,CE,53.79,3.21,20.439,1.11,1.0,<Residue LYS het=  resseq=7 icode= >,4qr9_A_B,2.0
18,48.282,LYS, ,NZ,58.53,2.57,43.436,0.61,1.0,<Residue LYS het=  resseq=7 icode= >,4qr9_A_B,2.0
19,0.0,PRO, ,N,34.75,6.01,0.0,3.12,1.0,<Residue PRO het=  resseq=8 icode= >,4qr9_A_B,2.0
20,7.53,PRO, ,CA,33.03,6.86,0.0,2.85,1.0,<Residue PRO het=  resseq=8 icode= >,4qr9_A_B,2.0
21,0.02,PRO, ,C,39.8,5.54,0.0,3.03,1.0,<Residue PRO het=  resseq=8 icode= >,4qr9_A_B,2.0
22,2.904,PRO, ,O,32.32,5.14,0.0,2.72,1.0,<Residue PRO het=  resseq=8 icode= >,4qr9_A_B,2.0
23,0.0,PRO, ,CB,39.69,7.77,0.0,2.62,1.0,<Residue PRO het=  resseq=8 icode= >,4qr9_A_B,2.0
24,2.984,PRO, ,CG,44.74,8.03,0.0,1.33,1.0,<Residue PRO het=  resseq=8 icode= >,4qr9_A_B,2.0
25,0.0,PRO, ,CD,43.55,6.69,0.0,1.98,1.0,<Residue PRO het=  resseq=8 icode= >,4qr9_A_B,2.0
26,0.564,ARG, ,N,37.95,4.98,0.0,2.99,1.0,<Residue ARG het=  resseq=9 icode= >,4qr9_A_B,2.0
27,4.634,ARG, ,CA,44.92,3.66,1.251,2.36,1.0,<Residue ARG het=  resseq=9 icode= >,4qr9_A_B,2.0
28,0.0,ARG, ,C,39.13,3.71,0.0,3.56,1.0,<Residue ARG het=  resseq=9 icode= >,4qr9_A_B,2.0
29,0.0,ARG, ,O,34.22,4.88,0.0,3.20,1.0,<Residue ARG het=  resseq=9 icode= >,4qr9_A_B,2.0
30,6.054,ARG, ,CB,45.34,4.00,0.0,1.81,1.0,<Residue ARG het=  resseq=9 icode= >,4qr9_A_B,2.0
31,27.853,ARG, ,CG,52.41,4.85,0.0,1.14,1.0,<Residue ARG het=  resseq=9 icode= >,4qr9_A_B,2.0
32,35.591,ARG, ,CD,57.91,4.55,0.0,1.09,1.0,<Residue ARG het=  resseq=9 icode= >,4qr9_A_B,2.0
33,15.33,ARG, ,NE,72.05,4.36,0.0,0.41,1.0,<Residue ARG het=  resseq=9 icode= >,4qr9_A_B,2.0
34,4.207,ARG, ,CZ,74.57,3.55,0.142,0.91,1.0,<Residue ARG het=  resseq=9 icode= >,4qr9_A_B,2.0
35,40.44,ARG, ,NH1,74.52,2.55,30.548,0.70,1.0,<Residue ARG het=  resseq=9 icode= >,4qr9_A_B,2.0
36,47.899,ARG, ,NH2,77.66,3.13,33.866,0.49,1.0,<Residue ARG het=  resseq=9 icode= >,4qr9_A_B,2.0
37,8.422,GLY, ,N,30.96,2.82,6.552,2.88,1.0,<Residue GLY het=  resseq=10 icode= >,4qr9_A_B,2.0
38,31.284,GLY, ,CA,29.2,3.44,26.459,2.70,1.0,<Residue GLY het=  resseq=10 icode= >,4qr9_A_B,2.0
39,1.663,GLY, ,C,26.48,3.97,1.663,4.48,1.0,<Residue GLY het=  resseq=10 icode= >,4qr9_A_B,2.0
40,6.508,GLY, ,O,25.08,3.78,4.772,3.81,1.0,<Residue GLY het=  resseq=10 icode= >,4qr9_A_B,2.0
41,4.771,LYS, ,N,32.25,4.80,0.229,2.62,1.0,<Residue LYS het=  resseq=11 icode= >,4qr9_A_B,2.0
42,0.0,LYS, ,CA,39.16,5.46,0.0,1.97,1.0,<Residue LYS het=  resseq=11 icode= >,4qr9_A_B,2.0
43,0.313,LYS, ,C,41.68,4.78,0.313,2.95,1.0,<Residue LYS het=  resseq=11 icode= >,4qr9_A_B,2.0
44,23.261,LYS, ,O,35.92,4.03,11.803,2.59,1.0,<Residue LYS het=  resseq=11 icode= >,4qr9_A_B,2.0
45,13.081,LYS, ,CB,41.64,6.71,0.0,1.33,1.0,<Residue LYS het=  resseq=11 icode= >,4qr9_A_B,2.0
46,0.0,LYS, ,CG,44.47,7.83,0.0,1.74,1.0,<Residue LYS het=  resseq=11 icode= >,4qr9_A_B,2.0
47,6.71,LYS, ,CD,59.54,8.25,0.0,0.84,1.0,<Residue LYS het=  resseq=11 icode= >,4qr9_A_B,2.0
48,29.884,LYS, ,CE,65.42,7.61,0.0,0.78,1.0,<Residue LYS het=  resseq=11 icode= >,4qr9_A_B,2.0
49,32.419,LYS, ,NZ,75.4,8.32,0.0,-0.34,1.0,<Residue LYS het=  resseq=11 icode= >,4qr9_A_B,2.0
50,0.0,MET, ,N,37.87,5.10,0.0,2.07,1.0,<Residue MET het=  resseq=12 icode= >,4qr9_A_B,2.0
51,1.129,MET, ,CA,39.11,4.86,1.129,2.09,1.0,<Residue MET het=  resseq=12 icode= >,4qr9_A_B,2.0
52,0.0,MET, ,C,43.09,6.08,0.0,2.47,1.0,<Residue MET het=  resseq=12 icode= >,4qr9_A_B,2.0
53,1.934,MET, ,O,40.82,7.23,0.0,1.52,1.0,<Residue MET het=  resseq=12 icode= >,4qr9_A_B,2.0
54,0.0,MET, ,CB,43.03,5.17,0.0,1.61,1.0,<Residue MET het=  resseq=12 icode= >,4qr9_A_B,2.0
55,13.217,MET, ,CG,43.18,4.00,13.217,2.39,1.0,<Residue MET het=  resseq=12 icode= >,4qr9_A_B,2.0
56,6.105,MET, ,SD,60.3,3.63,6.03,3.66,1.0,<Residue MET het=  resseq=12 icode= >,4qr9_A_B,2.0
57,46.02,MET, ,CE,61.89,3.87,9.701,0.91,1.0,<Residue MET het=  resseq=12 icode= >,4qr9_A_B,2.0
58,1.772,SER, ,N,38.0,5.91,0.469,2.28,1.0,<Residue SER het=  resseq=13 icode= >,4qr9_A_B,2.0
59,6.793,SER, ,CA,35.45,4.84,0.0,2.15,1.0,<Residue SER het=  resseq=13 icode= >,4qr9_A_B,2.0
60,0.0,SER, ,C,32.15,5.23,0.0,2.96,1.0,<Residue SER het=  resseq=13 icode= >,4qr9_A_B,2.0
61,0.0,SER, ,O,28.38,6.23,0.0,3.42,1.0,<Residue SER het=  resseq=13 icode= >,4qr9_A_B,2.0
62,43.915,SER, ,CB,29.58,3.62,32.429,2.88,1.0,<Residue SER het=  resseq=13 icode= >,4qr9_A_B,2.0
63,7.485,SER, ,OG,29.17,3.69,4.502,2.06,1.0,<Residue SER het=  resseq=13 icode= >,4qr9_A_B,2.0
64,1.723,SER, ,N,33.1,4.73,0.87,2.42,1.0,<Residue SER het=  resseq=14 icode= >,4qr9_A_B,2.0
65,0.0,SER, ,CA,32.6,5.58,0.0,2.13,1.0,<Residue SER het=  resseq=14 icode= >,4qr9_A_B,2.0
66,0.0,SER, ,C,29.03,5.49,0.0,3.32,1.0,<Residue SER het=  resseq=14 icode= >,4qr9_A_B,2.0
67,0.0,SER, ,O,29.38,6.54,0.0,2.83,1.0,<Residue SER het=  resseq=14 icode= >,4qr9_A_B,2.0
68,2.045,SER, ,CB,33.62,5.29,0.0,2.34,1.0,<Residue SER het=  resseq=14 icode= >,4qr9_A_B,2.0
69,18.875,SER, ,OG,30.1,3.98,13.042,2.56,1.0,<Residue SER het=  resseq=14 icode= >,4qr9_A_B,2.0
70,0.148,TYR, ,N,28.78,4.48,0.148,3.16,1.0,<Residue TYR het=  resseq=15 icode= >,4qr9_A_B,2.0
71,0.0,TYR, ,CA,28.21,4.97,0.0,2.69,1.0,<Residue TYR het=  resseq=15 icode= >,4qr9_A_B,2.0
72,0.0,TYR, ,C,27.29,6.00,0.0,3.58,1.0,<Residue TYR het=  resseq=15 icode= >,4qr9_A_B,2.0
73,0.0,TYR, ,O,33.33,5.85,0.0,3.11,1.0,<Residue TYR het=  resseq=15 icode= >,4qr9_A_B,2.0
74,14.009,TYR, ,CB,26.49,3.93,13.92,2.37,1.0,<Residue TYR het=  resseq=15 icode= >,4qr9_A_B,2.0
75,2.239,TYR, ,CG,26.66,3.53,2.239,2.73,1.0,<Residue TYR het=  resseq=15 icode= >,4qr9_A_B,2.0
76,1.299,TYR, ,CD1,30.29,3.79,1.299,2.17,1.0,<Residue TYR het=  resseq=15 icode= >,4qr9_A_B,2.0
77,19.823,TYR, ,CD2,28.55,3.27,13.46,2.26,1.0,<Residue TYR het=  resseq=15 icode= >,4qr9_A_B,2.0
78,1.348,TYR, ,CE1,30.91,4.07,1.348,2.12,1.0,<Residue TYR het=  resseq=15 icode= >,4qr9_A_B,2.0
79,24.11,TYR, ,CE2,28.39,3.55,22.083,2.70,1.0,<Residue TYR het=  resseq=15 icode= >,4qr9_A_B,2.0
80,2.086,TYR, ,CZ,27.82,3.87,2.086,3.43,1.0,<Residue TYR het=  resseq=15 icode= >,4qr9_A_B,2.0
81,1.621,TYR, ,OH,28.32,4.35,0.905,2.99,1.0,<Residue TYR het=  resseq=15 icode= >,4qr9_A_B,2.0
82,0.26,ALA, ,N,33.71,5.22,0.0,3.09,1.0,<Residue ALA het=  resseq=16 icode= >,4qr9_A_B,2.0
83,5.656,ALA, ,CA,31.24,3.91,4.056,3.09,1.0,<Residue ALA het=  resseq=16 icode= >,4qr9_A_B,2.0
84,0.0,ALA, ,C,33.15,4.39,0.0,3.36,1.0,<Residue ALA het=  resseq=16 icode= >,4qr9_A_B,2.0
85,2.003,ALA, ,O,29.78,3.89,2.003,3.02,1.0,<Residue ALA het=  resseq=16 icode= >,4qr9_A_B,2.0
86,25.324,ALA, ,CB,28.71,3.65,22.359,2.10,1.0,<Residue ALA het=  resseq=16 icode= >,4qr9_A_B,2.0
87,0.0,PHE, ,N,33.6,5.48,0.0,2.94,1.0,<Residue PHE het=  resseq=17 icode= >,4qr9_A_B,2.0
88,0.061,PHE, ,CA,31.9,6.17,0.0,2.95,1.0,<Residue PHE het=  resseq=17 icode= >,4qr9_A_B,2.0
89,0.0,PHE, ,C,32.24,6.71,0.0,4.28,1.0,<Residue PHE het=  resseq=17 icode= >,4qr9_A_B,2.0
90,2.431,PHE, ,O,34.46,6.86,0.0,3.26,1.0,<Residue PHE het=  resseq=17 icode= >,4qr9_A_B,2.0
91,0.266,PHE, ,CB,36.74,7.47,0.0,1.55,1.0,<Residue PHE het=  resseq=17 icode= >,4qr9_A_B,2.0
92,0.0,PHE, ,CG,30.33,7.40,0.0,3.32,1.0,<Residue PHE het=  resseq=17 icode= >,4qr9_A_B,2.0
93,4.55,PHE, ,CD1,38.89,7.21,0.0,2.36,1.0,<Residue PHE het=  resseq=17 icode= >,4qr9_A_B,2.0
94,0.0,PHE, ,CD2,32.61,7.75,0.0,3.14,1.0,<Residue PHE het=  resseq=17 icode= >,4qr9_A_B,2.0
95,21.408,PHE, ,CE1,37.43,7.37,0.0,2.63,1.0,<Residue PHE het=  resseq=17 icode= >,4qr9_A_B,2.0
96,0.0,PHE, ,CE2,31.04,7.91,0.0,2.93,1.0,<Residue PHE het=  resseq=17 icode= >,4qr9_A_B,2.0
97,8.074,PHE, ,CZ,35.68,7.73,0.0,2.97,1.0,<Residue PHE het=  resseq=17 icode= >,4qr9_A_B,2.0
98,0.0,PHE, ,N,30.23,7.25,0.0,3.86,1.0,<Residue PHE het=  resseq=18 icode= >,4qr9_A_B,2.0
99,0.0,PHE, ,CA,32.76,8.07,0.0,3.28,1.0,<Residue PHE het=  resseq=18 icode= >,4qr9_A_B,2.0
100,0.0,PHE, ,C,30.71,7.36,0.0,3.68,1.0,<Residue PHE het=  resseq=18 icode= >,4qr9_A_B,2.0
101,0.0,PHE, ,O,28.32,7.86,0.0,3.59,1.0,<Residue PHE het=  resseq=18 icode= >,4qr9_A_B,2.0
102,0.0,PHE, ,CB,31.36,8.33,0.0,2.92,1.0,<Residue PHE het=  resseq=18 icode= >,4qr9_A_B,2.0
103,0.0,PHE, ,CG,37.0,8.56,0.0,2.31,1.0,<Residue PHE het=  resseq=18 icode= >,4qr9_A_B,2.0
104,0.0,PHE, ,CD1,38.8,9.79,0.0,1.88,1.0,<Residue PHE het=  resseq=18 icode= >,4qr9_A_B,2.0
105,0.0,PHE, ,CD2,35.43,7.69,0.0,2.07,1.0,<Residue PHE het=  resseq=18 icode= >,4qr9_A_B,2.0
106,10.289,PHE, ,CE1,41.46,10.20,0.0,1.75,1.0,<Residue PHE het=  resseq=18 icode= >,4qr9_A_B,2.0
107,0.0,PHE, ,CE2,36.69,8.07,0.0,2.51,1.0,<Residue PHE het=  resseq=18 icode= >,4qr9_A_B,2.0
108,0.51,PHE, ,CZ,41.92,9.32,0.0,2.06,1.0,<Residue PHE het=  resseq=18 icode= >,4qr9_A_B,2.0
109,0.0,VAL, ,N,29.69,6.13,0.0,3.34,1.0,<Residue VAL het=  resseq=19 icode= >,4qr9_A_B,2.0
110,0.0,VAL, ,CA,24.8,5.38,0.0,3.09,1.0,<Residue VAL het=  resseq=19 icode= >,4qr9_A_B,2.0
111,0.0,VAL, ,C,26.36,5.18,0.0,4.50,1.0,<Residue VAL het=  resseq=19 icode= >,4qr9_A_B,2.0
112,0.0,VAL, ,O,27.17,4.79,0.0,3.83,1.0,<Residue VAL het=  resseq=19 icode= >,4qr9_A_B,2.0
113,2.898,VAL, ,CB,27.42,4.22,2.898,2.58,1.0,<Residue VAL het=  resseq=19 icode= >,4qr9_A_B,2.0
114,29.265,VAL, ,CG1,27.58,3.72,27.709,1.75,1.0,<Residue VAL het=  resseq=19 icode= >,4qr9_A_B,2.0
115,8.43,VAL, ,CG2,26.93,4.50,6.035,2.74,1.0,<Residue VAL het=  resseq=19 icode= >,4qr9_A_B,2.0
116,0.0,GLN, ,N,26.84,4.81,0.0,3.88,1.0,<Residue GLN het=  resseq=20 icode= >,4qr9_A_B,2.0
117,4.912,GLN, ,CA,35.93,4.75,3.579,3.22,1.0,<Residue GLN het=  resseq=20 icode= >,4qr9_A_B,2.0
118,0.435,GLN, ,C,36.86,5.72,0.0,3.61,1.0,<Residue GLN het=  resseq=20 icode= >,4qr9_A_B,2.0
119,1.531,GLN, ,O,40.25,5.60,0.0,3.00,1.0,<Residue GLN het=  resseq=20 icode= >,4qr9_A_B,2.0
120,17.355,GLN, ,CB,37.08,4.52,0.871,3.06,1.0,<Residue GLN het=  resseq=20 icode= >,4qr9_A_B,2.0
121,12.332,GLN, ,CG,39.43,3.50,12.332,3.01,1.0,<Residue GLN het=  resseq=20 icode= >,4qr9_A_B,2.0
122,2.421,GLN, ,CD,44.85,3.83,0.0,3.09,1.0,<Residue GLN het=  resseq=20 icode= >,4qr9_A_B,2.0
123,15.97,GLN, ,OE1,42.26,4.98,0.0,2.42,1.0,<Residue GLN het=  resseq=20 icode= >,4qr9_A_B,2.0
124,50.336,GLN, ,NE2,42.73,3.03,23.761,1.89,1.0,<Residue GLN het=  resseq=20 icode= >,4qr9_A_B,2.0
125,0.438,THR, ,N,38.81,6.93,0.0,3.47,1.0,<Residue THR het=  resseq=21 icode= >,4qr9_A_B,2.0
126,1.94,THR, ,CA,43.31,8.02,0.0,2.33,1.0,<Residue THR het=  resseq=21 icode= >,4qr9_A_B,2.0
127,0.0,THR, ,C,39.54,8.00,0.0,3.87,1.0,<Residue THR het=  resseq=21 icode= >,4qr9_A_B,2.0
128,0.0,THR, ,O,44.09,8.53,0.0,2.49,1.0,<Residue THR het=  resseq=21 icode= >,4qr9_A_B,2.0
129,0.0,THR, ,CB,43.85,9.34,0.0,2.61,1.0,<Residue THR het=  resseq=21 icode= >,4qr9_A_B,2.0
130,15.464,THR, ,OG1,43.01,9.58,0.0,2.29,1.0,<Residue THR het=  resseq=21 icode= >,4qr9_A_B,2.0
131,23.718,THR, ,CG2,49.29,10.48,0.0,0.73,1.0,<Residue THR het=  resseq=21 icode= >,4qr9_A_B,2.0
132,0.0,CYS, ,N,39.98,7.69,0.0,3.22,1.0,<Residue CYS het=  resseq=22 icode= >,4qr9_A_B,2.0
133,1.705,CYS, ,CA,41.41,7.78,0.0,2.26,1.0,<Residue CYS het=  resseq=22 icode= >,4qr9_A_B,2.0
134,0.0,CYS, ,C,36.84,7.02,0.0,3.42,1.0,<Residue CYS het=  resseq=22 icode= >,4qr9_A_B,2.0
135,1.846,CYS, ,O,36.48,7.63,0.0,2.76,1.0,<Residue CYS het=  resseq=22 icode= >,4qr9_A_B,2.0
136,6.177,CYS, ,CB,42.29,7.42,0.0,1.89,1.0,<Residue CYS het=  resseq=22 icode= >,4qr9_A_B,2.0
137,7.731,CYS, ,SG,55.3,8.52,0.0,2.62,1.0,<Residue CYS het=  resseq=22 icode= >,4qr9_A_B,2.0
138,0.0,ARG, ,N,32.73,5.86,0.0,3.65,1.0,<Residue ARG het=  resseq=23 icode= >,4qr9_A_B,2.0
139,0.0,ARG, ,CA,31.49,5.35,0.0,3.55,1.0,<Residue ARG het=  resseq=23 icode= >,4qr9_A_B,2.0
140,0.0,ARG, ,C,38.14,6.54,0.0,3.67,1.0,<Residue ARG het=  resseq=23 icode= >,4qr9_A_B,2.0
141,0.0,ARG, ,O,38.31,6.76,0.0,2.79,1.0,<Residue ARG het=  resseq=23 icode= >,4qr9_A_B,2.0
142,5.123,ARG, ,CB,29.38,4.09,4.644,2.95,1.0,<Residue ARG het=  resseq=23 icode= >,4qr9_A_B,2.0
143,22.148,ARG, ,CG,29.49,3.64,15.987,2.10,1.0,<Residue ARG het=  resseq=23 icode= >,4qr9_A_B,2.0
144,2.574,ARG, ,CD,28.86,3.65,2.574,2.50,1.0,<Residue ARG het=  resseq=23 icode= >,4qr9_A_B,2.0
145,9.006,ARG, ,NE,33.33,2.87,8.974,3.05,1.0,<Residue ARG het=  resseq=23 icode= >,4qr9_A_B,2.0
146,0.0,ARG, ,CZ,38.44,3.46,0.0,3.23,1.0,<Residue ARG het=  resseq=23 icode= >,4qr9_A_B,2.0
147,1.213,ARG, ,NH1,41.74,4.76,0.0,1.92,1.0,<Residue ARG het=  resseq=23 icode= >,4qr9_A_B,2.0
148,31.895,ARG, ,NH2,40.06,3.20,11.356,2.14,1.0,<Residue ARG het=  resseq=23 icode= >,4qr9_A_B,2.0
149,0.0,GLU, ,N,46.35,6.98,0.0,2.69,1.0,<Residue GLU het=  resseq=24 icode= >,4qr9_A_B,2.0
150,0.0,GLU, ,CA,51.43,8.29,0.0,2.58,1.0,<Residue GLU het=  resseq=24 icode= >,4qr9_A_B,2.0
151,0.0,GLU, ,C,50.78,9.29,0.0,3.18,1.0,<Residue GLU het=  resseq=24 icode= >,4qr9_A_B,2.0
152,0.0,GLU, ,O,54.12,9.40,0.0,2.07,1.0,<Residue GLU het=  resseq=24 icode= >,4qr9_A_B,2.0
153,4.775,GLU, ,CB,56.15,8.83,0.0,1.73,1.0,<Residue GLU het=  resseq=24 icode= >,4qr9_A_B,2.0
154,25.861,GLU, ,CG,62.31,8.18,0.0,0.99,1.0,<Residue GLU het=  resseq=24 icode= >,4qr9_A_B,2.0
155,8.637,GLU, ,CD,75.0,8.00,0.0,0.76,1.0,<Residue GLU het=  resseq=24 icode= >,4qr9_A_B,2.0
156,25.48,GLU, ,OE1,73.38,8.63,0.0,0.82,1.0,<Residue GLU het=  resseq=24 icode= >,4qr9_A_B,2.0
157,18.37,GLU, ,OE2,67.66,6.80,0.0,1.09,1.0,<Residue GLU het=  resseq=24 icode= >,4qr9_A_B,2.0
158,0.0,GLU, ,N,51.88,9.69,0.0,2.68,1.0,<Residue GLU het=  resseq=25 icode= >,4qr9_A_B,2.0
159,0.292,GLU, ,CA,55.67,10.78,0.0,2.40,1.0,<Residue GLU het=  resseq=25 icode= >,4qr9_A_B,2.0
160,0.0,GLU, ,C,54.91,10.57,0.0,3.03,1.0,<Residue GLU het=  resseq=25 icode= >,4qr9_A_B,2.0
161,0.0,GLU, ,O,51.9,11.29,0.0,1.86,1.0,<Residue GLU het=  resseq=25 icode= >,4qr9_A_B,2.0
162,8.696,GLU, ,CB,60.34,11.00,0.0,1.63,1.0,<Residue GLU het=  resseq=25 icode= >,4qr9_A_B,2.0
163,17.972,GLU, ,CG,74.09,11.37,0.0,0.53,1.0,<Residue GLU het=  resseq=25 icode= >,4qr9_A_B,2.0
164,7.82,GLU, ,CD,81.45,12.16,0.0,0.74,1.0,<Residue GLU het=  resseq=25 icode= >,4qr9_A_B,2.0
165,26.7,GLU, ,OE1,93.26,13.31,0.0,0.15,1.0,<Residue GLU het=  resseq=25 icode= >,4qr9_A_B,2.0
166,11.912,GLU, ,OE2,83.8,11.74,0.0,0.46,1.0,<Residue GLU het=  resseq=25 icode= >,4qr9_A_B,2.0
167,0.5,HIS, ,N,45.51,9.44,0.0,2.77,1.0,<Residue HIS het=  resseq=26 icode= >,4qr9_A_B,2.0
168,3.415,HIS, ,CA,46.4,9.24,0.0,2.57,1.0,<Residue HIS het=  resseq=26 icode= >,4qr9_A_B,2.0
169,0.0,HIS, ,C,46.9,9.02,0.0,3.42,1.0,<Residue HIS het=  resseq=26 icode= >,4qr9_A_B,2.0
170,0.0,HIS, ,O,50.32,9.66,0.0,2.34,1.0,<Residue HIS het=  resseq=26 icode= >,4qr9_A_B,2.0
171,7.508,HIS, ,CB,46.7,8.15,0.0,2.09,1.0,<Residue HIS het=  resseq=26 icode= >,4qr9_A_B,2.0
172,0.0,HIS, ,CG,49.2,7.98,0.0,2.06,1.0,<Residue HIS het=  resseq=26 icode= >,4qr9_A_B,2.0
173,0.0,HIS, ,ND1,51.31,7.22,0.0,1.70,1.0,<Residue HIS het=  resseq=26 icode= >,4qr9_A_B,2.0
174,19.312,HIS, ,CD2,51.01,8.80,0.0,1.61,1.0,<Residue HIS het=  resseq=26 icode= >,4qr9_A_B,2.0
175,0.0,HIS, ,CE1,54.68,7.62,0.0,0.97,1.0,<Residue HIS het=  resseq=26 icode= >,4qr9_A_B,2.0
176,11.911,HIS, ,NE2,52.19,8.58,0.0,1.75,1.0,<Residue HIS het=  resseq=26 icode= >,4qr9_A_B,2.0
177,0.0,LYS, ,N,45.03,8.22,0.0,2.96,1.0,<Residue LYS het=  resseq=27 icode= >,4qr9_A_B,2.0
178,0.0,LYS, ,CA,58.64,8.19,0.0,2.23,1.0,<Residue LYS het=  resseq=27 icode= >,4qr9_A_B,2.0
179,0.921,LYS, ,C,59.93,9.63,0.0,2.64,1.0,<Residue LYS het=  resseq=27 icode= >,4qr9_A_B,2.0
180,1.992,LYS, ,O,62.45,10.13,0.0,1.61,1.0,<Residue LYS het=  resseq=27 icode= >,4qr9_A_B,2.0
181,8.125,LYS, ,CB,61.25,7.45,0.0,1.55,1.0,<Residue LYS het=  resseq=27 icode= >,4qr9_A_B,2.0
182,2.422,LYS, ,CG,59.65,6.08,0.0,1.24,1.0,<Residue LYS het=  resseq=27 icode= >,4qr9_A_B,2.0
183,2.027,LYS, ,CD,64.82,5.53,0.0,1.20,1.0,<Residue LYS het=  resseq=27 icode= >,4qr9_A_B,2.0
184,37.198,LYS, ,CE,72.46,5.66,0.0,0.66,1.0,<Residue LYS het=  resseq=27 icode= >,4qr9_A_B,2.0
185,44.629,LYS, ,NZ,81.48,5.19,1.755,0.13,1.0,<Residue LYS het=  resseq=27 icode= >,4qr9_A_B,2.0
186,0.0,LYS, ,N,66.24,10.42,0.0,1.62,1.0,<Residue LYS het=  resseq=28 icode= >,4qr9_A_B,2.0
187,7.095,LYS, ,CA,67.86,11.83,0.0,1.89,1.0,<Residue LYS het=  resseq=28 icode= >,4qr9_A_B,2.0
188,1.773,LYS, ,C,62.88,12.59,0.0,3.02,1.0,<Residue LYS het=  resseq=28 icode= >,4qr9_A_B,2.0
189,17.825,LYS, ,O,69.52,13.34,0.0,1.63,1.0,<Residue LYS het=  resseq=28 icode= >,4qr9_A_B,2.0
190,17.052,LYS, ,CB,72.53,12.57,0.0,1.59,1.0,<Residue LYS het=  resseq=28 icode= >,4qr9_A_B,2.0
191,18.384,LYS, ,CG,79.25,12.24,0.0,1.05,1.0,<Residue LYS het=  resseq=28 icode= >,4qr9_A_B,2.0
192,22.163,LYS, ,CD,88.54,12.96,0.0,0.41,1.0,<Residue LYS het=  resseq=28 icode= >,4qr9_A_B,2.0
193,28.655,LYS, ,CE,93.43,12.60,0.0,0.25,1.0,<Residue LYS het=  resseq=28 icode= >,4qr9_A_B,2.0
194,38.822,LYS, ,NZ,97.26,13.38,0.0,0.45,1.0,<Residue LYS het=  resseq=28 icode= >,4qr9_A_B,2.0
195,0.0,LYS, ,N,66.95,12.51,0.0,2.12,1.0,<Residue LYS het=  resseq=29 icode= >,4qr9_A_B,2.0
196,6.083,LYS, ,CA,70.49,13.35,0.0,2.04,1.0,<Residue LYS het=  resseq=29 icode= >,4qr9_A_B,2.0
197,0.045,LYS, ,C,71.74,13.08,0.0,2.15,1.0,<Residue LYS het=  resseq=29 icode= >,4qr9_A_B,2.0
198,20.833,LYS, ,O,71.07,14.07,0.0,1.46,1.0,<Residue LYS het=  resseq=29 icode= >,4qr9_A_B,2.0
199,1.24,LYS, ,CB,74.09,13.54,0.0,1.29,1.0,<Residue LYS het=  resseq=29 icode= >,4qr9_A_B,2.0
200,25.333,LYS, ,CG,79.94,14.70,0.0,0.83,1.0,<Residue LYS het=  resseq=29 icode= >,4qr9_A_B,2.0
201,22.91,LYS, ,CD,91.81,14.47,0.0,0.22,1.0,<Residue LYS het=  resseq=29 icode= >,4qr9_A_B,2.0
202,38.727,LYS, ,CE,100.54,15.23,0.0,-0.23,1.0,<Residue LYS het=  resseq=29 icode= >,4qr9_A_B,2.0
203,30.384,LYS, ,NZ,101.75,14.68,0.0,0.10,1.0,<Residue LYS het=  resseq=29 icode= >,4qr9_A_B,2.0
204,0.0,HIS, ,N,74.43,11.86,0.0,1.34,1.0,<Residue HIS het=  resseq=30 icode= >,4qr9_A_B,2.0
205,4.955,HIS, ,CA,68.14,11.71,0.0,1.99,1.0,<Residue HIS het=  resseq=30 icode= >,4qr9_A_B,2.0
206,0.0,HIS, ,C,60.6,10.78,0.0,2.81,1.0,<Residue HIS het=  resseq=30 icode= >,4qr9_A_B,2.0
207,0.988,HIS, ,O,57.35,9.77,0.0,2.06,1.0,<Residue HIS het=  resseq=30 icode= >,4qr9_A_B,2.0
208,1.712,HIS, ,CB,73.68,11.36,0.0,0.73,1.0,<Residue HIS het=  resseq=30 icode= >,4qr9_A_B,2.0
209,0.924,HIS, ,CG,69.1,12.40,0.0,1.59,1.0,<Residue HIS het=  resseq=30 icode= >,4qr9_A_B,2.0
210,0.431,HIS, ,ND1,76.54,12.39,0.0,1.24,1.0,<Residue HIS het=  resseq=30 icode= >,4qr9_A_B,2.0
211,30.972,HIS, ,CD2,72.92,13.62,0.0,1.17,1.0,<Residue HIS het=  resseq=30 icode= >,4qr9_A_B,2.0
212,30.874,HIS, ,CE1,75.79,13.46,0.0,0.76,1.0,<Residue HIS het=  resseq=30 icode= >,4qr9_A_B,2.0
213,30.862,HIS, ,NE2,77.31,14.26,0.0,0.65,1.0,<Residue HIS het=  resseq=30 icode= >,4qr9_A_B,2.0
214,0.0,PRO, ,N,65.5,11.27,0.0,2.39,1.0,<Residue PRO het=  resseq=31 icode= >,4qr9_A_B,2.0
215,2.158,PRO, ,CA,63.85,10.66,0.0,2.09,1.0,<Residue PRO het=  resseq=31 icode= >,4qr9_A_B,2.0
216,0.584,PRO, ,C,63.12,10.40,0.0,2.27,1.0,<Residue PRO het=  resseq=31 icode= >,4qr9_A_B,2.0
217,27.079,PRO, ,O,57.87,9.65,0.0,1.98,1.0,<Residue PRO het=  resseq=31 icode= >,4qr9_A_B,2.0
218,31.858,PRO, ,CB,66.09,11.85,0.0,1.11,1.0,<Residue PRO het=  resseq=31 icode= >,4qr9_A_B,2.0
219,34.538,PRO, ,CG,67.37,13.02,0.0,1.58,1.0,<Residue PRO het=  resseq=31 icode= >,4qr9_A_B,2.0
220,9.807,PRO, ,CD,65.39,12.58,0.0,1.88,1.0,<Residue PRO het=  resseq=31 icode= >,4qr9_A_B,2.0
221,0.485,ASP, ,N,62.25,11.23,0.0,1.86,1.0,<Residue ASP het=  resseq=32 icode= >,4qr9_A_B,2.0
222,5.754,ASP, ,CA,73.81,11.13,0.0,1.08,1.0,<Residue ASP het=  resseq=32 icode= >,4qr9_A_B,2.0
223,0.569,ASP, ,C,68.91,10.05,0.0,1.81,1.0,<Residue ASP het=  resseq=32 icode= >,4qr9_A_B,2.0
224,27.781,ASP, ,O,66.24,8.98,0.0,1.46,1.0,<Residue ASP het=  resseq=32 icode= >,4qr9_A_B,2.0
225,27.294,ASP, ,CB,82.51,12.19,0.0,0.78,1.0,<Residue ASP het=  resseq=32 icode= >,4qr9_A_B,2.0
226,13.135,ASP, ,CG,96.2,13.17,0.0,0.47,1.0,<Residue ASP het=  resseq=32 icode= >,4qr9_A_B,2.0
227,27.992,ASP, ,OD1,107.85,13.15,0.0,0.18,1.0,<Residue ASP het=  resseq=32 icode= >,4qr9_A_B,2.0
228,41.77,ASP, ,OD2,105.67,14.10,0.0,0.33,1.0,<Residue ASP het=  resseq=32 icode= >,4qr9_A_B,2.0
229,0.1,ALA, ,N,57.64,10.16,0.0,1.93,1.0,<Residue ALA het=  resseq=33 icode= >,4qr9_A_B,2.0
230,8.957,ALA, ,CA,58.46,9.65,0.0,1.40,1.0,<Residue ALA het=  resseq=33 icode= >,4qr9_A_B,2.0
231,0.543,ALA, ,C,50.35,8.20,0.0,2.65,1.0,<Residue ALA het=  resseq=33 icode= >,4qr9_A_B,2.0
232,7.826,ALA, ,O,47.62,7.33,0.0,2.19,1.0,<Residue ALA het=  resseq=33 icode= >,4qr9_A_B,2.0
233,28.359,ALA, ,CB,60.34,10.06,0.0,0.32,1.0,<Residue ALA het=  resseq=33 icode= >,4qr9_A_B,2.0
234,9.573,SER, ,N,48.18,8.08,0.0,2.11,1.0,<Residue SER het=  resseq=34 icode= >,4qr9_A_B,2.0
235,9.508,SER, ,CA,49.75,6.82,0.0,1.59,1.0,<Residue SER het=  resseq=34 icode= >,4qr9_A_B,2.0
236,0.0,SER, ,C,41.66,6.66,0.0,2.59,1.0,<Residue SER het=  resseq=34 icode= >,4qr9_A_B,2.0
237,10.837,SER, ,O,37.66,7.69,0.0,2.83,1.0,<Residue SER het=  resseq=34 icode= >,4qr9_A_B,2.0
238,47.021,SER, ,CB,58.31,6.95,24.174,1.05,1.0,<Residue SER het=  resseq=34 icode= >,4qr9_A_B,2.0
239,29.331,SER, ,OG,71.07,7.76,15.461,0.50,1.0,<Residue SER het=  resseq=34 icode= >,4qr9_A_B,2.0
240,3.959,VAL, ,N,35.25,5.49,1.66,2.13,1.0,<Residue VAL het=  resseq=35 icode= >,4qr9_A_B,2.0
241,0.0,VAL, ,CA,31.86,5.63,0.0,2.28,1.0,<Residue VAL het=  resseq=35 icode= >,4qr9_A_B,2.0
242,0.085,VAL, ,C,27.28,6.48,0.0,3.87,1.0,<Residue VAL het=  resseq=35 icode= >,4qr9_A_B,2.0
243,13.213,VAL, ,O,27.84,6.28,12.11,3.40,1.0,<Residue VAL het=  resseq=35 icode= >,4qr9_A_B,2.0
244,1.202,VAL, ,CB,29.84,4.45,1.047,2.73,1.0,<Residue VAL het=  resseq=35 icode= >,4qr9_A_B,2.0
245,4.296,VAL, ,CG1,29.07,4.33,3.822,1.82,1.0,<Residue VAL het=  resseq=35 icode= >,4qr9_A_B,2.0
246,12.485,VAL, ,CG2,33.3,3.96,11.637,1.82,1.0,<Residue VAL het=  resseq=35 icode= >,4qr9_A_B,2.0
247,4.898,ASN, ,N,28.05,7.52,0.0,3.46,1.0,<Residue ASN het=  resseq=36 icode= >,4qr9_A_B,2.0
248,7.914,ASN, ,CA,28.31,7.71,5.519,3.15,1.0,<Residue ASN het=  resseq=36 icode= >,4qr9_A_B,2.0
249,0.0,ASN, ,C,25.98,6.23,0.0,4.38,1.0,<Residue ASN het=  resseq=36 icode= >,4qr9_A_B,2.0
250,0.159,ASN, ,O,25.19,6.05,0.0,4.08,1.0,<Residue ASN het=  resseq=36 icode= >,4qr9_A_B,2.0
251,19.962,ASN, ,CB,32.62,8.67,0.0,2.25,1.0,<Residue ASN het=  resseq=36 icode= >,4qr9_A_B,2.0
252,4.557,ASN, ,CG,36.14,8.38,4.173,3.38,1.0,<Residue ASN het=  resseq=36 icode= >,4qr9_A_B,2.0
253,6.088,ASN, ,OD1,34.56,7.20,5.896,3.37,1.0,<Residue ASN het=  resseq=36 icode= >,4qr9_A_B,2.0
254,43.95,ASN, ,ND2,37.39,9.15,19.987,1.94,1.0,<Residue ASN het=  resseq=36 icode= >,4qr9_A_B,2.0
255,4.901,PHE, ,N,22.26,5.37,4.901,3.76,1.0,<Residue PHE het=  resseq=37 icode= >,4qr9_A_B,2.0
256,0.269,PHE, ,CA,22.34,3.93,0.269,3.66,1.0,<Residue PHE het=  resseq=37 icode= >,4qr9_A_B,2.0
257,0.965,PHE, ,C,23.11,3.52,0.965,3.70,1.0,<Residue PHE het=  resseq=37 icode= >,4qr9_A_B,2.0
258,2.421,PHE, ,O,19.87,3.03,2.421,3.81,1.0,<Residue PHE het=  resseq=37 icode= >,4qr9_A_B,2.0
259,24.377,PHE, ,CB,21.37,3.54,24.377,2.88,1.0,<Residue PHE het=  resseq=37 icode= >,4qr9_A_B,2.0
260,2.073,PHE, ,CG,19.03,4.08,2.073,3.22,1.0,<Residue PHE het=  resseq=37 icode= >,4qr9_A_B,2.0
261,7.444,PHE, ,CD1,21.4,4.64,7.444,2.47,1.0,<Residue PHE het=  resseq=37 icode= >,4qr9_A_B,2.0
262,29.045,PHE, ,CD2,22.71,3.63,29.045,2.56,1.0,<Residue PHE het=  resseq=37 icode= >,4qr9_A_B,2.0
263,20.413,PHE, ,CE1,20.99,3.41,19.862,2.99,1.0,<Residue PHE het=  resseq=37 icode= >,4qr9_A_B,2.0
264,36.342,PHE, ,CE2,22.17,3.65,36.342,2.59,1.0,<Residue PHE het=  resseq=37 icode= >,4qr9_A_B,2.0
265,36.078,PHE, ,CZ,20.19,3.29,36.078,2.76,1.0,<Residue PHE het=  resseq=37 icode= >,4qr9_A_B,2.0
266,3.028,SER, ,N,22.87,4.34,2.806,3.50,1.0,<Residue SER het=  resseq=38 icode= >,4qr9_A_B,2.0
267,10.502,SER, ,CA,29.2,4.18,10.502,2.67,1.0,<Residue SER het=  resseq=38 icode= >,4qr9_A_B,2.0
268,0.0,SER, ,C,30.88,4.67,0.0,3.43,1.0,<Residue SER het=  resseq=38 icode= >,4qr9_A_B,2.0
269,0.645,SER, ,O,28.4,4.17,0.645,3.06,1.0,<Residue SER het=  resseq=38 icode= >,4qr9_A_B,2.0
270,40.72,SER, ,CB,31.91,3.86,30.624,2.31,1.0,<Residue SER het=  resseq=38 icode= >,4qr9_A_B,2.0
271,16.596,SER, ,OG,39.49,3.22,8.266,1.30,1.0,<Residue SER het=  resseq=38 icode= >,4qr9_A_B,2.0
272,0.65,GLU, ,N,31.28,5.86,0.0,3.31,1.0,<Residue GLU het=  resseq=39 icode= >,4qr9_A_B,2.0
273,1.972,GLU, ,CA,34.28,6.73,0.0,2.58,1.0,<Residue GLU het=  resseq=39 icode= >,4qr9_A_B,2.0
274,0.0,GLU, ,C,29.77,7.04,0.0,4.73,1.0,<Residue GLU het=  resseq=39 icode= >,4qr9_A_B,2.0
275,0.0,GLU, ,O,31.45,7.42,0.0,3.76,1.0,<Residue GLU het=  resseq=39 icode= >,4qr9_A_B,2.0
276,6.628,GLU, ,CB,38.18,8.02,0.0,1.84,1.0,<Residue GLU het=  resseq=39 icode= >,4qr9_A_B,2.0
277,10.174,GLU, ,CG,45.16,9.20,0.0,1.13,1.0,<Residue GLU het=  resseq=39 icode= >,4qr9_A_B,2.0
278,2.979,GLU, ,CD,60.21,10.45,0.0,1.08,1.0,<Residue GLU het=  resseq=39 icode= >,4qr9_A_B,2.0
279,31.97,GLU, ,OE1,55.33,10.54,0.0,0.76,1.0,<Residue GLU het=  resseq=39 icode= >,4qr9_A_B,2.0
280,25.263,GLU, ,OE2,56.0,11.21,0.0,0.95,1.0,<Residue GLU het=  resseq=39 icode= >,4qr9_A_B,2.0
281,0.388,PHE, ,N,27.17,6.29,0.0,4.46,1.0,<Residue PHE het=  resseq=40 icode= >,4qr9_A_B,2.0
282,3.011,PHE, ,CA,26.8,6.33,0.0,3.70,1.0,<Residue PHE het=  resseq=40 icode= >,4qr9_A_B,2.0
283,0.0,PHE, ,C,24.53,5.88,0.0,4.26,1.0,<Residue PHE het=  resseq=40 icode= >,4qr9_A_B,2.0
284,0.198,PHE, ,O,24.56,6.56,0.0,3.98,1.0,<Residue PHE het=  resseq=40 icode= >,4qr9_A_B,2.0
285,3.789,PHE, ,CB,24.95,5.51,0.0,2.45,1.0,<Residue PHE het=  resseq=40 icode= >,4qr9_A_B,2.0
286,0.0,PHE, ,CG,27.5,5.05,0.0,2.56,1.0,<Residue PHE het=  resseq=40 icode= >,4qr9_A_B,2.0
287,6.382,PHE, ,CD1,28.56,5.72,0.0,2.05,1.0,<Residue PHE het=  resseq=40 icode= >,4qr9_A_B,2.0
288,8.96,PHE, ,CD2,26.28,3.90,8.861,2.40,1.0,<Residue PHE het=  resseq=40 icode= >,4qr9_A_B,2.0
289,1.557,PHE, ,CE1,31.69,5.37,0.0,1.86,1.0,<Residue PHE het=  resseq=40 icode= >,4qr9_A_B,2.0
290,11.557,PHE, ,CE2,27.84,3.54,11.076,2.22,1.0,<Residue PHE het=  resseq=40 icode= >,4qr9_A_B,2.0
291,0.048,PHE, ,CZ,26.51,4.17,0.048,2.55,1.0,<Residue PHE het=  resseq=40 icode= >,4qr9_A_B,2.0
292,0.0,SER, ,N,23.55,4.76,0.0,4.03,1.0,<Residue SER het=  resseq=41 icode= >,4qr9_A_B,2.0
293,3.604,SER, ,CA,22.1,4.73,0.115,2.86,1.0,<Residue SER het=  resseq=41 icode= >,4qr9_A_B,2.0
294,0.202,SER, ,C,27.06,4.41,0.202,3.62,1.0,<Residue SER het=  resseq=41 icode= >,4qr9_A_B,2.0
295,0.0,SER, ,O,25.52,4.20,0.0,4.18,1.0,<Residue SER het=  resseq=41 icode= >,4qr9_A_B,2.0
296,25.416,SER, ,CB,23.26,3.41,24.455,2.87,1.0,<Residue SER het=  resseq=41 icode= >,4qr9_A_B,2.0
297,32.801,SER, ,OG,21.93,2.73,31.723,3.36,1.0,<Residue SER het=  resseq=41 icode= >,4qr9_A_B,2.0
298,0.0,LYS, ,N,26.77,4.44,0.0,3.39,1.0,<Residue LYS het=  resseq=42 icode= >,4qr9_A_B,2.0
299,2.845,LYS, ,CA,29.84,4.39,2.507,3.41,1.0,<Residue LYS het=  resseq=42 icode= >,4qr9_A_B,2.0
300,0.346,LYS, ,C,28.86,5.48,0.0,3.97,1.0,<Residue LYS het=  resseq=42 icode= >,4qr9_A_B,2.0
301,0.0,LYS, ,O,30.0,5.57,0.0,2.85,1.0,<Residue LYS het=  resseq=42 icode= >,4qr9_A_B,2.0
302,10.361,LYS, ,CB,28.53,4.47,0.242,3.43,1.0,<Residue LYS het=  resseq=42 icode= >,4qr9_A_B,2.0
303,17.501,LYS, ,CG,29.33,3.56,17.501,2.68,1.0,<Residue LYS het=  resseq=42 icode= >,4qr9_A_B,2.0
304,26.517,LYS, ,CD,35.48,4.27,0.528,1.99,1.0,<Residue LYS het=  resseq=42 icode= >,4qr9_A_B,2.0
305,26.686,LYS, ,CE,41.52,4.14,3.338,1.74,1.0,<Residue LYS het=  resseq=42 icode= >,4qr9_A_B,2.0
306,44.114,LYS, ,NZ,44.88,3.37,23.598,1.47,1.0,<Residue LYS het=  resseq=42 icode= >,4qr9_A_B,2.0
307,0.051,LYS, ,N,27.58,6.61,0.0,4.03,1.0,<Residue LYS het=  resseq=43 icode= >,4qr9_A_B,2.0
308,2.857,LYS, ,CA,32.34,7.80,0.0,3.19,1.0,<Residue LYS het=  resseq=43 icode= >,4qr9_A_B,2.0
309,0.981,LYS, ,C,31.26,7.87,0.0,4.27,1.0,<Residue LYS het=  resseq=43 icode= >,4qr9_A_B,2.0
310,4.548,LYS, ,O,34.56,8.59,0.0,3.25,1.0,<Residue LYS het=  resseq=43 icode= >,4qr9_A_B,2.0
311,16.235,LYS, ,CB,29.9,9.04,0.0,2.58,1.0,<Residue LYS het=  resseq=43 icode= >,4qr9_A_B,2.0
312,14.876,LYS, ,CG,34.34,9.57,0.0,2.46,1.0,<Residue LYS het=  resseq=43 icode= >,4qr9_A_B,2.0
313,22.321,LYS, ,CD,40.17,10.84,0.0,2.05,1.0,<Residue LYS het=  resseq=43 icode= >,4qr9_A_B,2.0
314,30.652,LYS, ,CE,50.21,11.22,0.0,1.34,1.0,<Residue LYS het=  resseq=43 icode= >,4qr9_A_B,2.0
315,31.707,LYS, ,NZ,60.23,12.52,0.0,0.33,1.0,<Residue LYS het=  resseq=43 icode= >,4qr9_A_B,2.0
316,0.769,CYS,x,N,31.92,7.48,0.0,3.26,0.25,<Residue CYS het=  resseq=44 icode= >,4qr9_A_B,2.0
317,1.87,CYS,x,CA,31.14,7.73,0.0,3.17,0.25,<Residue CYS het=  resseq=44 icode= >,4qr9_A_B,2.0
318,0.0,CYS,x,C,31.84,6.63,0.0,3.82,0.25,<Residue CYS het=  resseq=44 icode= >,4qr9_A_B,2.0
319,0.0,CYS,x,O,31.9,6.68,0.0,3.16,0.25,<Residue CYS het=  resseq=44 icode= >,4qr9_A_B,2.0
320,0.367,CYS,x,CB,32.18,7.59,0.0,2.16,0.25,<Residue CYS het=  resseq=44 icode= >,4qr9_A_B,2.0
321,0.0,CYS,x,SG,30.3,7.64,0.0,1.10,0.25,<Residue CYS het=  resseq=44 icode= >,4qr9_A_B,2.0
322,0.0,SER, ,N,31.53,5.51,0.0,3.40,1.0,<Residue SER het=  resseq=45 icode= >,4qr9_A_B,2.0
323,0.621,SER, ,CA,31.56,4.55,0.621,3.26,1.0,<Residue SER het=  resseq=45 icode= >,4qr9_A_B,2.0
324,0.0,SER, ,C,35.07,4.72,0.0,3.21,1.0,<Residue SER het=  resseq=45 icode= >,4qr9_A_B,2.0
325,1.314,SER, ,O,33.7,4.52,1.023,2.66,1.0,<Residue SER het=  resseq=45 icode= >,4qr9_A_B,2.0
326,28.575,SER, ,CB,36.8,3.24,28.575,2.50,1.0,<Residue SER het=  resseq=45 icode= >,4qr9_A_B,2.0
327,8.19,SER, ,OG,40.19,3.80,4.729,2.38,1.0,<Residue SER het=  resseq=45 icode= >,4qr9_A_B,2.0
328,0.0,GLU, ,N,33.83,5.60,0.0,3.16,1.0,<Residue GLU het=  resseq=46 icode= >,4qr9_A_B,2.0
329,0.0,GLU, ,CA,33.97,6.42,0.0,3.24,1.0,<Residue GLU het=  resseq=46 icode= >,4qr9_A_B,2.0
330,1.613,GLU, ,C,36.4,7.29,0.0,3.77,1.0,<Residue GLU het=  resseq=46 icode= >,4qr9_A_B,2.0
331,1.189,GLU, ,O,41.12,7.61,0.0,2.48,1.0,<Residue GLU het=  resseq=46 icode= >,4qr9_A_B,2.0
332,19.823,GLU, ,CB,36.21,7.48,0.0,2.93,1.0,<Residue GLU het=  resseq=46 icode= >,4qr9_A_B,2.0
333,16.447,GLU, ,CG,44.53,6.83,0.0,1.66,1.0,<Residue GLU het=  resseq=46 icode= >,4qr9_A_B,2.0
334,7.663,GLU, ,CD,54.57,6.70,0.0,1.77,1.0,<Residue GLU het=  resseq=46 icode= >,4qr9_A_B,2.0
335,18.285,GLU, ,OE1,60.18,6.89,0.0,1.18,1.0,<Residue GLU het=  resseq=46 icode= >,4qr9_A_B,2.0
336,34.549,GLU, ,OE2,59.16,5.78,0.0,0.90,1.0,<Residue GLU het=  resseq=46 icode= >,4qr9_A_B,2.0
337,1.039,ARG, ,N,33.98,7.93,0.0,3.82,1.0,<Residue ARG het=  resseq=47 icode= >,4qr9_A_B,2.0
338,3.54,ARG, ,CA,38.95,8.96,0.0,3.28,1.0,<Residue ARG het=  resseq=47 icode= >,4qr9_A_B,2.0
339,0.0,ARG, ,C,43.33,8.53,0.0,2.95,1.0,<Residue ARG het=  resseq=47 icode= >,4qr9_A_B,2.0
340,0.0,ARG, ,O,37.05,9.22,0.0,2.94,1.0,<Residue ARG het=  resseq=47 icode= >,4qr9_A_B,2.0
341,8.125,ARG, ,CB,41.99,9.86,0.0,2.44,1.0,<Residue ARG het=  resseq=47 icode= >,4qr9_A_B,2.0
342,12.829,ARG, ,CG,51.8,11.08,0.0,1.33,1.0,<Residue ARG het=  resseq=47 icode= >,4qr9_A_B,2.0
343,28.068,ARG, ,CD,57.1,12.09,0.0,0.75,1.0,<Residue ARG het=  resseq=47 icode= >,4qr9_A_B,2.0
344,18.329,ARG, ,NE,63.08,13.15,0.0,1.40,1.0,<Residue ARG het=  resseq=47 icode= >,4qr9_A_B,2.0
345,4.597,ARG, ,CZ,67.12,13.22,0.0,1.74,1.0,<Residue ARG het=  resseq=47 icode= >,4qr9_A_B,2.0
346,5.918,ARG, ,NH1,63.74,12.27,0.0,1.71,1.0,<Residue ARG het=  resseq=47 icode= >,4qr9_A_B,2.0
347,37.066,ARG, ,NH2,78.22,14.29,0.0,0.63,1.0,<Residue ARG het=  resseq=47 icode= >,4qr9_A_B,2.0
348,0.0,TRP, ,N,38.4,7.56,0.0,2.51,1.0,<Residue TRP het=  resseq=48 icode= >,4qr9_A_B,2.0
349,0.0,TRP, ,CA,37.01,7.10,0.0,2.21,1.0,<Residue TRP het=  resseq=48 icode= >,4qr9_A_B,2.0
350,0.0,TRP, ,C,40.92,7.16,0.0,2.97,1.0,<Residue TRP het=  resseq=48 icode= >,4qr9_A_B,2.0
351,0.0,TRP, ,O,38.11,6.85,0.0,2.46,1.0,<Residue TRP het=  resseq=48 icode= >,4qr9_A_B,2.0
352,0.0,TRP, ,CB,37.28,5.70,0.0,1.21,1.0,<Residue TRP het=  resseq=48 icode= >,4qr9_A_B,2.0
353,0.0,TRP, ,CG,33.11,5.03,0.0,2.14,1.0,<Residue TRP het=  resseq=48 icode= >,4qr9_A_B,2.0
354,18.391,TRP, ,CD1,32.71,3.81,11.169,2.19,1.0,<Residue TRP het=  resseq=48 icode= >,4qr9_A_B,2.0
355,0.0,TRP, ,CD2,32.87,5.03,0.0,2.56,1.0,<Residue TRP het=  resseq=48 icode= >,4qr9_A_B,2.0
356,16.893,TRP, ,NE1,31.66,2.86,16.782,3.00,1.0,<Residue TRP het=  resseq=48 icode= >,4qr9_A_B,2.0
357,0.0,TRP, ,CE2,33.76,3.83,0.0,2.88,1.0,<Residue TRP het=  resseq=48 icode= >,4qr9_A_B,2.0
358,0.0,TRP, ,CE3,38.74,6.21,0.0,1.84,1.0,<Residue TRP het=  resseq=48 icode= >,4qr9_A_B,2.0
359,5.379,TRP, ,CZ2,32.51,4.16,2.753,1.88,1.0,<Residue TRP het=  resseq=48 icode= >,4qr9_A_B,2.0
360,0.0,TRP, ,CZ3,34.83,6.39,0.0,2.16,1.0,<Residue TRP het=  resseq=48 icode= >,4qr9_A_B,2.0
361,0.0,TRP, ,CH2,34.13,5.49,0.0,1.65,1.0,<Residue TRP het=  resseq=48 icode= >,4qr9_A_B,2.0
362,0.0,LYS, ,N,40.45,6.34,0.0,2.68,1.0,<Residue LYS het=  resseq=49 icode= >,4qr9_A_B,2.0
363,5.188,LYS, ,CA,49.32,6.52,0.0,2.17,1.0,<Residue LYS het=  resseq=49 icode= >,4qr9_A_B,2.0
364,0.067,LYS, ,C,48.8,8.02,0.0,2.74,1.0,<Residue LYS het=  resseq=49 icode= >,4qr9_A_B,2.0
365,28.899,LYS, ,O,55.77,8.58,0.0,1.94,1.0,<Residue LYS het=  resseq=49 icode= >,4qr9_A_B,2.0
366,2.959,LYS, ,CB,49.6,6.04,0.0,2.20,1.0,<Residue LYS het=  resseq=49 icode= >,4qr9_A_B,2.0
367,20.953,LYS, ,CG,53.8,4.87,3.37,1.86,1.0,<Residue LYS het=  resseq=49 icode= >,4qr9_A_B,2.0
368,26.674,LYS, ,CD,62.55,5.29,0.0,1.24,1.0,<Residue LYS het=  resseq=49 icode= >,4qr9_A_B,2.0
369,47.001,LYS, ,CE,65.81,4.38,7.769,1.07,1.0,<Residue LYS het=  resseq=49 icode= >,4qr9_A_B,2.0
370,10.221,LYS, ,NZ,66.71,4.21,2.031,1.28,1.0,<Residue LYS het=  resseq=49 icode= >,4qr9_A_B,2.0
371,0.0,THR, ,N,46.74,8.78,0.0,2.55,1.0,<Residue THR het=  resseq=50 icode= >,4qr9_A_B,2.0
372,7.366,THR, ,CA,52.2,10.20,0.0,2.07,1.0,<Residue THR het=  resseq=50 icode= >,4qr9_A_B,2.0
373,1.376,THR, ,C,52.38,10.74,0.0,2.62,1.0,<Residue THR het=  resseq=50 icode= >,4qr9_A_B,2.0
374,21.368,THR, ,O,46.88,11.75,0.0,2.05,1.0,<Residue THR het=  resseq=50 icode= >,4qr9_A_B,2.0
375,14.494,THR, ,CB,50.63,10.82,0.0,2.35,1.0,<Residue THR het=  resseq=50 icode= >,4qr9_A_B,2.0
376,3.379,THR, ,OG1,48.36,10.91,0.0,2.12,1.0,<Residue THR het=  resseq=50 icode= >,4qr9_A_B,2.0
377,49.786,THR, ,CG2,49.69,10.24,0.0,1.43,1.0,<Residue THR het=  resseq=50 icode= >,4qr9_A_B,2.0
378,0.0,MET, ,N,49.08,9.81,0.0,2.03,1.0,<Residue MET het=  resseq=51 icode= >,4qr9_A_B,2.0
379,0.0,MET, ,CA,52.3,10.10,0.0,2.37,1.0,<Residue MET het=  resseq=51 icode= >,4qr9_A_B,2.0
380,1.003,MET, ,C,56.11,10.08,0.0,2.27,1.0,<Residue MET het=  resseq=51 icode= >,4qr9_A_B,2.0
381,14.652,MET, ,O,53.15,9.35,0.0,2.00,1.0,<Residue MET het=  resseq=51 icode= >,4qr9_A_B,2.0
382,0.0,MET, ,CB,50.9,9.43,0.0,2.44,1.0,<Residue MET het=  resseq=51 icode= >,4qr9_A_B,2.0
383,1.079,MET, ,CG,60.49,10.41,0.0,1.30,1.0,<Residue MET het=  resseq=51 icode= >,4qr9_A_B,2.0
384,4.712,MET, ,SD,60.45,9.76,0.0,2.59,1.0,<Residue MET het=  resseq=51 icode= >,4qr9_A_B,2.0
385,3.872,MET, ,CE,53.68,9.49,0.0,0.85,1.0,<Residue MET het=  resseq=51 icode= >,4qr9_A_B,2.0
386,0.627,SER, ,N,63.98,11.09,0.0,1.58,1.0,<Residue SER het=  resseq=52 icode= >,4qr9_A_B,2.0
387,9.874,SER, ,CA,67.66,11.42,0.0,1.79,1.0,<Residue SER het=  resseq=52 icode= >,4qr9_A_B,2.0
388,0.0,SER, ,C,73.38,10.76,0.0,1.72,1.0,<Residue SER het=  resseq=52 icode= >,4qr9_A_B,2.0
389,0.0,SER, ,O,66.44,10.36,0.0,1.22,1.0,<Residue SER het=  resseq=52 icode= >,4qr9_A_B,2.0
390,40.509,SER, ,CB,63.33,12.93,0.0,1.88,1.0,<Residue SER het=  resseq=52 icode= >,4qr9_A_B,2.0
391,6.554,SER, ,OG,63.55,13.41,0.0,1.45,1.0,<Residue SER het=  resseq=52 icode= >,4qr9_A_B,2.0
392,8.66,ALA, ,N,67.86,10.91,0.0,1.79,1.0,<Residue ALA het=  resseq=53 icode= >,4qr9_A_B,2.0
393,2.128,ALA, ,CA,69.65,10.63,0.0,2.01,1.0,<Residue ALA het=  resseq=53 icode= >,4qr9_A_B,2.0
394,1.136,ALA, ,C,68.6,11.45,0.0,2.17,1.0,<Residue ALA het=  resseq=53 icode= >,4qr9_A_B,2.0
395,4.027,ALA, ,O,73.63,11.16,0.0,1.02,1.0,<Residue ALA het=  resseq=53 icode= >,4qr9_A_B,2.0
396,67.289,ALA, ,CB,74.19,11.17,0.0,0.51,1.0,<Residue ALA het=  resseq=53 icode= >,4qr9_A_B,2.0
397,3.31,LYS, ,N,66.41,12.61,0.0,2.40,1.0,<Residue LYS het=  resseq=54 icode= >,4qr9_A_B,2.0
398,9.654,LYS, ,CA,76.15,13.55,0.0,1.42,1.0,<Residue LYS het=  resseq=54 icode= >,4qr9_A_B,2.0
399,0.031,LYS, ,C,72.16,13.11,0.0,2.10,1.0,<Residue LYS het=  resseq=54 icode= >,4qr9_A_B,2.0
400,11.635,LYS, ,O,72.34,13.28,0.0,1.61,1.0,<Residue LYS het=  resseq=54 icode= >,4qr9_A_B,2.0
401,16.72,LYS, ,CB,80.86,14.89,0.0,0.83,1.0,<Residue LYS het=  resseq=54 icode= >,4qr9_A_B,2.0
402,16.955,LYS, ,CG,87.52,16.03,0.0,0.57,1.0,<Residue LYS het=  resseq=54 icode= >,4qr9_A_B,2.0
403,32.131,LYS, ,CD,91.64,17.27,0.0,0.63,1.0,<Residue LYS het=  resseq=54 icode= >,4qr9_A_B,2.0
404,48.413,LYS, ,CE,96.17,18.50,0.0,0.21,1.0,<Residue LYS het=  resseq=54 icode= >,4qr9_A_B,2.0
405,44.378,LYS, ,NZ,105.07,18.52,0.0,-0.33,1.0,<Residue LYS het=  resseq=54 icode= >,4qr9_A_B,2.0
406,0.0,GLU, ,N,65.92,12.78,0.0,2.35,1.0,<Residue GLU het=  resseq=55 icode= >,4qr9_A_B,2.0
407,10.184,GLU, ,CA,67.26,12.51,0.0,1.45,1.0,<Residue GLU het=  resseq=55 icode= >,4qr9_A_B,2.0
408,0.0,GLU, ,C,56.92,11.31,0.0,2.13,1.0,<Residue GLU het=  resseq=55 icode= >,4qr9_A_B,2.0
409,2.14,GLU, ,O,57.25,11.47,0.0,1.42,1.0,<Residue GLU het=  resseq=55 icode= >,4qr9_A_B,2.0
410,7.235,GLU, ,CB,69.26,12.41,0.0,1.01,1.0,<Residue GLU het=  resseq=55 icode= >,4qr9_A_B,2.0
411,23.06,GLU, ,CG,72.9,13.61,0.0,0.94,1.0,<Residue GLU het=  resseq=55 icode= >,4qr9_A_B,2.0
412,6.294,GLU, ,CD,76.66,13.47,0.0,1.23,1.0,<Residue GLU het=  resseq=55 icode= >,4qr9_A_B,2.0
413,3.75,GLU, ,OE1,77.28,12.69,0.0,0.99,1.0,<Residue GLU het=  resseq=55 icode= >,4qr9_A_B,2.0
414,24.148,GLU, ,OE2,75.03,14.25,0.0,1.00,1.0,<Residue GLU het=  resseq=55 icode= >,4qr9_A_B,2.0
415,0.0,LYS, ,N,50.39,10.24,0.0,2.00,1.0,<Residue LYS het=  resseq=56 icode= >,4qr9_A_B,2.0
416,0.0,LYS, ,CA,52.51,9.10,0.0,1.95,1.0,<Residue LYS het=  resseq=56 icode= >,4qr9_A_B,2.0
417,0.0,LYS, ,C,52.72,9.62,0.0,2.86,1.0,<Residue LYS het=  resseq=56 icode= >,4qr9_A_B,2.0
418,0.0,LYS, ,O,45.61,9.14,0.0,2.19,1.0,<Residue LYS het=  resseq=56 icode= >,4qr9_A_B,2.0
419,0.0,LYS, ,CB,49.88,8.08,0.0,1.63,1.0,<Residue LYS het=  resseq=56 icode= >,4qr9_A_B,2.0
420,0.0,LYS, ,CG,50.46,7.22,0.0,1.93,1.0,<Residue LYS het=  resseq=56 icode= >,4qr9_A_B,2.0
421,13.682,LYS, ,CD,48.34,6.18,0.0,2.18,1.0,<Residue LYS het=  resseq=56 icode= >,4qr9_A_B,2.0
422,0.0,LYS, ,CE,59.04,5.63,0.0,0.72,1.0,<Residue LYS het=  resseq=56 icode= >,4qr9_A_B,2.0
423,25.96,LYS, ,NZ,56.5,4.70,1.639,0.89,1.0,<Residue LYS het=  resseq=56 icode= >,4qr9_A_B,2.0
424,0.0,GLY, ,N,50.13,10.79,0.0,2.69,1.0,<Residue GLY het=  resseq=57 icode= >,4qr9_A_B,2.0
425,17.526,GLY, ,CA,49.6,11.39,0.0,2.14,1.0,<Residue GLY het=  resseq=57 icode= >,4qr9_A_B,2.0
426,1.377,GLY, ,C,48.3,11.86,0.0,3.24,1.0,<Residue GLY het=  resseq=57 icode= >,4qr9_A_B,2.0
427,0.095,GLY, ,O,55.24,11.44,0.0,2.56,1.0,<Residue GLY het=  resseq=57 icode= >,4qr9_A_B,2.0
428,2.51,LYS, ,N,47.92,12.42,0.0,3.03,1.0,<Residue LYS het=  resseq=58 icode= >,4qr9_A_B,2.0
429,2.387,LYS, ,CA,53.93,13.02,0.0,2.40,1.0,<Residue LYS het=  resseq=58 icode= >,4qr9_A_B,2.0
430,0.0,LYS, ,C,56.34,11.92,0.0,1.88,1.0,<Residue LYS het=  resseq=58 icode= >,4qr9_A_B,2.0
431,1.512,LYS, ,O,55.45,12.04,0.0,1.74,1.0,<Residue LYS het=  resseq=58 icode= >,4qr9_A_B,2.0
432,25.19,LYS, ,CB,61.54,13.98,0.0,1.36,1.0,<Residue LYS het=  resseq=58 icode= >,4qr9_A_B,2.0
433,2.928,LYS, ,CG,65.93,13.49,0.0,0.91,1.0,<Residue LYS het=  resseq=58 icode= >,4qr9_A_B,2.0
434,14.315,LYS, ,CD,71.6,14.67,0.0,0.70,1.0,<Residue LYS het=  resseq=58 icode= >,4qr9_A_B,2.0
435,33.433,LYS, ,CE,76.28,14.83,0.0,0.93,1.0,<Residue LYS het=  resseq=58 icode= >,4qr9_A_B,2.0
436,30.526,LYS, ,NZ,84.51,13.88,0.0,0.28,1.0,<Residue LYS het=  resseq=58 icode= >,4qr9_A_B,2.0
437,0.0,PHE, ,N,48.92,10.76,0.0,1.86,1.0,<Residue PHE het=  resseq=59 icode= >,4qr9_A_B,2.0
438,0.0,PHE, ,CA,46.67,9.68,0.0,2.45,1.0,<Residue PHE het=  resseq=59 icode= >,4qr9_A_B,2.0
439,0.0,PHE, ,C,43.73,8.89,0.0,3.14,1.0,<Residue PHE het=  resseq=59 icode= >,4qr9_A_B,2.0
440,0.0,PHE, ,O,46.86,8.53,0.0,1.72,1.0,<Residue PHE het=  resseq=59 icode= >,4qr9_A_B,2.0
441,0.0,PHE, ,CB,43.96,8.85,0.0,1.86,1.0,<Residue PHE het=  resseq=59 icode= >,4qr9_A_B,2.0
442,0.0,PHE, ,CG,43.4,9.82,0.0,2.56,1.0,<Residue PHE het=  resseq=59 icode= >,4qr9_A_B,2.0
443,0.0,PHE, ,CD1,45.44,10.58,0.0,1.38,1.0,<Residue PHE het=  resseq=59 icode= >,4qr9_A_B,2.0
444,0.0,PHE, ,CD2,39.98,10.00,0.0,2.23,1.0,<Residue PHE het=  resseq=59 icode= >,4qr9_A_B,2.0
445,0.197,PHE, ,CE1,44.76,10.96,0.0,1.33,1.0,<Residue PHE het=  resseq=59 icode= >,4qr9_A_B,2.0
446,4.102,PHE, ,CE2,45.11,10.98,0.0,1.65,1.0,<Residue PHE het=  resseq=59 icode= >,4qr9_A_B,2.0
447,2.426,PHE, ,CZ,45.93,11.85,0.0,1.42,1.0,<Residue PHE het=  resseq=59 icode= >,4qr9_A_B,2.0
448,0.0,GLU, ,N,46.38,8.66,0.0,2.93,1.0,<Residue GLU het=  resseq=60 icode= >,4qr9_A_B,2.0
449,0.364,GLU, ,CA,54.8,7.97,0.0,2.49,1.0,<Residue GLU het=  resseq=60 icode= >,4qr9_A_B,2.0
450,0.0,GLU, ,C,54.22,8.82,0.0,3.14,1.0,<Residue GLU het=  resseq=60 icode= >,4qr9_A_B,2.0
451,0.4,GLU, ,O,54.21,8.43,0.0,2.38,1.0,<Residue GLU het=  resseq=60 icode= >,4qr9_A_B,2.0
452,9.267,GLU, ,CB,61.05,8.00,0.0,1.26,1.0,<Residue GLU het=  resseq=60 icode= >,4qr9_A_B,2.0
453,14.978,GLU, ,CG,60.36,7.02,0.0,1.51,1.0,<Residue GLU het=  resseq=60 icode= >,4qr9_A_B,2.0
454,8.438,GLU, ,CD,70.32,7.79,0.0,1.26,1.0,<Residue GLU het=  resseq=60 icode= >,4qr9_A_B,2.0
455,17.717,GLU, ,OE1,71.66,8.97,0.0,0.66,1.0,<Residue GLU het=  resseq=60 icode= >,4qr9_A_B,2.0
456,20.321,GLU, ,OE2,63.82,6.87,0.0,1.19,1.0,<Residue GLU het=  resseq=60 icode= >,4qr9_A_B,2.0
457,0.0,ASP, ,N,59.27,10.12,0.0,2.63,1.0,<Residue ASP het=  resseq=61 icode= >,4qr9_A_B,2.0
458,0.895,ASP, ,CA,67.65,11.13,0.0,2.01,1.0,<Residue ASP het=  resseq=61 icode= >,4qr9_A_B,2.0
459,1.197,ASP, ,C,59.73,11.20,0.0,2.76,1.0,<Residue ASP het=  resseq=61 icode= >,4qr9_A_B,2.0
460,5.16,ASP, ,O,55.62,11.62,0.0,1.87,1.0,<Residue ASP het=  resseq=61 icode= >,4qr9_A_B,2.0
461,25.121,ASP, ,CB,70.85,12.54,0.0,1.69,1.0,<Residue ASP het=  resseq=61 icode= >,4qr9_A_B,2.0
462,8.435,ASP, ,CG,80.47,12.82,0.0,1.52,1.0,<Residue ASP het=  resseq=61 icode= >,4qr9_A_B,2.0
463,26.291,ASP, ,OD1,88.93,13.70,0.0,0.59,1.0,<Residue ASP het=  resseq=61 icode= >,4qr9_A_B,2.0
464,26.897,ASP, ,OD2,80.02,12.30,0.0,1.17,1.0,<Residue ASP het=  resseq=61 icode= >,4qr9_A_B,2.0
465,0.207,MET, ,N,60.37,11.08,0.0,2.21,1.0,<Residue MET het=  resseq=62 icode= >,4qr9_A_B,2.0
466,5.028,MET, ,CA,56.89,11.25,0.0,2.30,1.0,<Residue MET het=  resseq=62 icode= >,4qr9_A_B,2.0
467,0.0,MET, ,C,49.47,10.22,0.0,2.97,1.0,<Residue MET het=  resseq=62 icode= >,4qr9_A_B,2.0
468,0.665,MET, ,O,51.49,10.68,0.0,2.07,1.0,<Residue MET het=  resseq=62 icode= >,4qr9_A_B,2.0
469,1.949,MET, ,CB,59.72,11.00,0.0,1.78,1.0,<Residue MET het=  resseq=62 icode= >,4qr9_A_B,2.0
470,19.849,MET, ,CG,63.68,11.70,0.0,1.95,1.0,<Residue MET het=  resseq=62 icode= >,4qr9_A_B,2.0
471,7.349,MET, ,SD,65.67,10.82,0.0,2.69,1.0,<Residue MET het=  resseq=62 icode= >,4qr9_A_B,2.0
472,36.853,MET, ,CE,74.77,12.08,0.0,0.32,1.0,<Residue MET het=  resseq=62 icode= >,4qr9_A_B,2.0
473,0.0,ALA, ,N,43.04,8.95,0.0,3.08,1.0,<Residue ALA het=  resseq=63 icode= >,4qr9_A_B,2.0
474,0.0,ALA, ,CA,42.83,8.03,0.0,2.86,1.0,<Residue ALA het=  resseq=63 icode= >,4qr9_A_B,2.0
475,0.564,ALA, ,C,47.19,8.44,0.0,3.16,1.0,<Residue ALA het=  resseq=63 icode= >,4qr9_A_B,2.0
476,2.895,ALA, ,O,37.68,8.52,0.0,2.54,1.0,<Residue ALA het=  resseq=63 icode= >,4qr9_A_B,2.0
477,15.267,ALA, ,CB,41.39,6.58,0.0,1.53,1.0,<Residue ALA het=  resseq=63 icode= >,4qr9_A_B,2.0
478,0.0,LYS, ,N,48.4,8.95,0.0,2.36,1.0,<Residue LYS het=  resseq=64 icode= >,4qr9_A_B,2.0
479,0.219,LYS, ,CA,56.32,9.70,0.0,1.92,1.0,<Residue LYS het=  resseq=64 icode= >,4qr9_A_B,2.0
480,1.583,LYS, ,C,48.21,10.90,0.0,2.91,1.0,<Residue LYS het=  resseq=64 icode= >,4qr9_A_B,2.0
481,5.632,LYS, ,O,52.89,11.31,0.0,1.98,1.0,<Residue LYS het=  resseq=64 icode= >,4qr9_A_B,2.0
482,19.591,LYS, ,CB,64.78,10.34,0.0,0.91,1.0,<Residue LYS het=  resseq=64 icode= >,4qr9_A_B,2.0
483,8.425,LYS, ,CG,72.6,9.54,0.0,0.91,1.0,<Residue LYS het=  resseq=64 icode= >,4qr9_A_B,2.0
484,13.39,LYS, ,CD,81.97,8.78,0.0,0.43,1.0,<Residue LYS het=  resseq=64 icode= >,4qr9_A_B,2.0
485,44.312,LYS, ,CE,86.93,8.55,0.0,0.11,1.0,<Residue LYS het=  resseq=64 icode= >,4qr9_A_B,2.0
486,44.2,LYS, ,NZ,91.75,9.87,0.0,0.42,1.0,<Residue LYS het=  resseq=64 icode= >,4qr9_A_B,2.0
487,1.026,ALA, ,N,48.46,11.60,0.0,2.51,1.0,<Residue ALA het=  resseq=65 icode= >,4qr9_A_B,2.0
488,7.998,ALA, ,CA,55.51,12.78,0.0,1.91,1.0,<Residue ALA het=  resseq=65 icode= >,4qr9_A_B,2.0
489,1.576,ALA, ,C,56.04,12.59,0.0,2.04,1.0,<Residue ALA het=  resseq=65 icode= >,4qr9_A_B,2.0
490,4.01,ALA, ,O,51.05,12.87,0.0,1.96,1.0,<Residue ALA het=  resseq=65 icode= >,4qr9_A_B,2.0
491,49.374,ALA, ,CB,53.49,13.53,0.0,1.16,1.0,<Residue ALA het=  resseq=65 icode= >,4qr9_A_B,2.0
492,0.279,ASP, ,N,47.52,11.54,0.0,1.81,1.0,<Residue ASP het=  resseq=66 icode= >,4qr9_A_B,2.0
493,2.001,ASP, ,CA,44.92,10.37,0.0,2.47,1.0,<Residue ASP het=  resseq=66 icode= >,4qr9_A_B,2.0
494,0.0,ASP, ,C,36.08,10.24,0.0,3.89,1.0,<Residue ASP het=  resseq=66 icode= >,4qr9_A_B,2.0
495,0.0,ASP, ,O,41.15,9.89,0.0,2.33,1.0,<Residue ASP het=  resseq=66 icode= >,4qr9_A_B,2.0
496,3.049,ASP, ,CB,45.95,9.14,0.0,1.49,1.0,<Residue ASP het=  resseq=66 icode= >,4qr9_A_B,2.0
497,0.246,ASP, ,CG,53.69,8.07,0.0,2.31,1.0,<Residue ASP het=  resseq=66 icode= >,4qr9_A_B,2.0
498,16.323,ASP, ,OD1,47.0,8.46,0.0,1.89,1.0,<Residue ASP het=  resseq=66 icode= >,4qr9_A_B,2.0
499,0.159,ASP, ,OD2,48.21,6.98,0.0,1.80,1.0,<Residue ASP het=  resseq=66 icode= >,4qr9_A_B,2.0
500,0.31,LYS, ,N,42.72,10.43,0.0,2.93,1.0,<Residue LYS het=  resseq=67 icode= >,4qr9_A_B,2.0
501,0.072,LYS, ,CA,48.67,10.46,0.0,2.31,1.0,<Residue LYS het=  resseq=67 icode= >,4qr9_A_B,2.0
502,0.0,LYS, ,C,51.48,11.91,0.0,2.94,1.0,<Residue LYS het=  resseq=67 icode= >,4qr9_A_B,2.0
503,0.0,LYS, ,O,44.28,12.25,0.0,2.47,1.0,<Residue LYS het=  resseq=67 icode= >,4qr9_A_B,2.0
504,3.014,LYS, ,CB,54.6,9.61,0.0,1.69,1.0,<Residue LYS het=  resseq=67 icode= >,4qr9_A_B,2.0
505,0.416,LYS, ,CG,59.48,9.70,0.0,1.70,1.0,<Residue LYS het=  resseq=67 icode= >,4qr9_A_B,2.0
506,16.65,LYS, ,CD,74.17,9.18,0.0,0.53,1.0,<Residue LYS het=  resseq=67 icode= >,4qr9_A_B,2.0
507,41.849,LYS, ,CE,83.12,8.65,0.0,0.34,1.0,<Residue LYS het=  resseq=67 icode= >,4qr9_A_B,2.0
508,27.481,LYS, ,NZ,86.41,9.84,0.0,0.48,1.0,<Residue LYS het=  resseq=67 icode= >,4qr9_A_B,2.0
509,0.272,ALA, ,N,52.62,12.62,0.0,2.50,1.0,<Residue ALA het=  resseq=68 icode= >,4qr9_A_B,2.0
510,1.759,ALA, ,CA,58.93,14.05,0.0,2.04,1.0,<Residue ALA het=  resseq=68 icode= >,4qr9_A_B,2.0
511,0.0,ALA, ,C,57.44,13.56,0.0,2.50,1.0,<Residue ALA het=  resseq=68 icode= >,4qr9_A_B,2.0
512,2.078,ALA, ,O,57.61,14.05,0.0,2.08,1.0,<Residue ALA het=  resseq=68 icode= >,4qr9_A_B,2.0
513,43.796,ALA, ,CB,57.22,14.68,0.0,1.05,1.0,<Residue ALA het=  resseq=68 icode= >,4qr9_A_B,2.0
514,0.308,ARG, ,N,55.27,12.76,0.0,2.29,1.0,<Residue ARG het=  resseq=69 icode= >,4qr9_A_B,2.0
515,0.009,ARG, ,CA,48.51,12.31,0.0,2.95,1.0,<Residue ARG het=  resseq=69 icode= >,4qr9_A_B,2.0
516,0.0,ARG, ,C,50.01,11.57,0.0,2.97,1.0,<Residue ARG het=  resseq=69 icode= >,4qr9_A_B,2.0
517,0.0,ARG, ,O,52.06,11.84,0.0,2.27,1.0,<Residue ARG het=  resseq=69 icode= >,4qr9_A_B,2.0
518,7.902,ARG, ,CB,48.56,11.45,0.0,2.27,1.0,<Residue ARG het=  resseq=69 icode= >,4qr9_A_B,2.0
519,19.769,ARG, ,CG,51.43,11.11,0.0,1.61,1.0,<Residue ARG het=  resseq=69 icode= >,4qr9_A_B,2.0
520,7.815,ARG, ,CD,48.09,9.73,0.0,1.87,1.0,<Residue ARG het=  resseq=69 icode= >,4qr9_A_B,2.0
521,2.376,ARG, ,NE,43.76,8.75,0.0,2.70,1.0,<Residue ARG het=  resseq=69 icode= >,4qr9_A_B,2.0
522,1.993,ARG, ,CZ,42.09,7.55,0.0,3.52,1.0,<Residue ARG het=  resseq=69 icode= >,4qr9_A_B,2.0
523,0.462,ARG, ,NH1,34.78,7.22,0.0,2.55,1.0,<Residue ARG het=  resseq=69 icode= >,4qr9_A_B,2.0
524,2.446,ARG, ,NH2,37.79,6.70,0.0,2.25,1.0,<Residue ARG het=  resseq=69 icode= >,4qr9_A_B,2.0
525,0.0,TYR, ,N,48.74,10.79,0.0,2.24,1.0,<Residue TYR het=  resseq=70 icode= >,4qr9_A_B,2.0
526,0.0,TYR, ,CA,43.82,10.04,0.0,2.47,1.0,<Residue TYR het=  resseq=70 icode= >,4qr9_A_B,2.0
527,0.0,TYR, ,C,46.22,11.09,0.0,3.37,1.0,<Residue TYR het=  resseq=70 icode= >,4qr9_A_B,2.0
528,0.0,TYR, ,O,44.59,11.02,0.0,2.36,1.0,<Residue TYR het=  resseq=70 icode= >,4qr9_A_B,2.0
529,0.0,TYR, ,CB,40.93,9.32,0.0,2.28,1.0,<Residue TYR het=  resseq=70 icode= >,4qr9_A_B,2.0
530,0.0,TYR, ,CG,39.76,8.74,0.0,3.18,1.0,<Residue TYR het=  resseq=70 icode= >,4qr9_A_B,2.0
531,0.0,TYR, ,CD1,40.02,7.56,0.0,2.46,1.0,<Residue TYR het=  resseq=70 icode= >,4qr9_A_B,2.0
532,0.505,TYR, ,CD2,43.43,9.01,0.0,1.83,1.0,<Residue TYR het=  resseq=70 icode= >,4qr9_A_B,2.0
533,3.595,TYR, ,CE1,39.44,6.86,0.0,2.19,1.0,<Residue TYR het=  resseq=70 icode= >,4qr9_A_B,2.0
534,16.926,TYR, ,CE2,39.89,8.21,0.0,2.04,1.0,<Residue TYR het=  resseq=70 icode= >,4qr9_A_B,2.0
535,3.207,TYR, ,CZ,46.73,7.06,0.0,1.94,1.0,<Residue TYR het=  resseq=70 icode= >,4qr9_A_B,2.0
536,30.0,TYR, ,OH,36.23,6.47,0.0,2.09,1.0,<Residue TYR het=  resseq=70 icode= >,4qr9_A_B,2.0
537,0.0,GLU, ,N,49.45,12.18,0.0,2.80,1.0,<Residue GLU het=  resseq=71 icode= >,4qr9_A_B,2.0
538,2.347,GLU, ,CA,58.1,13.25,0.0,2.48,1.0,<Residue GLU het=  resseq=71 icode= >,4qr9_A_B,2.0
539,0.0,GLU, ,C,52.58,13.95,0.0,2.75,1.0,<Residue GLU het=  resseq=71 icode= >,4qr9_A_B,2.0
540,4.414,GLU, ,O,51.18,14.37,0.0,2.53,1.0,<Residue GLU het=  resseq=71 icode= >,4qr9_A_B,2.0
541,12.496,GLU, ,CB,65.06,14.24,0.0,1.51,1.0,<Residue GLU het=  resseq=71 icode= >,4qr9_A_B,2.0
542,26.662,GLU, ,CG,73.84,13.80,0.0,0.84,1.0,<Residue GLU het=  resseq=71 icode= >,4qr9_A_B,2.0
543,8.07,GLU, ,CD,82.6,13.45,0.0,0.81,1.0,<Residue GLU het=  resseq=71 icode= >,4qr9_A_B,2.0
544,21.493,GLU, ,OE1,89.24,13.81,0.0,0.60,1.0,<Residue GLU het=  resseq=71 icode= >,4qr9_A_B,2.0
545,14.258,GLU, ,OE2,84.53,12.54,0.0,0.67,1.0,<Residue GLU het=  resseq=71 icode= >,4qr9_A_B,2.0
546,0.623,ARG, ,N,59.36,14.13,0.0,1.41,1.0,<Residue ARG het=  resseq=72 icode= >,4qr9_A_B,2.0
547,0.451,ARG, ,CA,55.41,14.86,0.0,2.03,1.0,<Residue ARG het=  resseq=72 icode= >,4qr9_A_B,2.0
548,0.136,ARG, ,C,56.13,14.04,0.0,2.36,1.0,<Residue ARG het=  resseq=72 icode= >,4qr9_A_B,2.0
549,2.191,ARG, ,O,52.13,13.61,0.0,1.86,1.0,<Residue ARG het=  resseq=72 icode= >,4qr9_A_B,2.0
550,5.542,ARG, ,CB,54.04,15.20,0.0,1.63,1.0,<Residue ARG het=  resseq=72 icode= >,4qr9_A_B,2.0
551,16.059,ARG, ,CG,62.37,15.38,0.0,0.75,1.0,<Residue ARG het=  resseq=72 icode= >,4qr9_A_B,2.0
552,38.138,ARG, ,CD,61.7,16.02,0.0,0.85,1.0,<Residue ARG het=  resseq=72 icode= >,4qr9_A_B,2.0
553,13.249,ARG, ,NE,65.46,15.55,0.0,0.92,1.0,<Residue ARG het=  resseq=72 icode= >,4qr9_A_B,2.0
554,4.841,ARG, ,CZ,58.88,15.41,0.0,1.65,1.0,<Residue ARG het=  resseq=72 icode= >,4qr9_A_B,2.0
555,26.196,ARG, ,NH1,58.24,15.83,0.0,1.24,1.0,<Residue ARG het=  resseq=72 icode= >,4qr9_A_B,2.0
556,30.498,ARG, ,NH2,57.2,14.63,0.0,1.10,1.0,<Residue ARG het=  resseq=72 icode= >,4qr9_A_B,2.0
557,0.0,GLU, ,N,50.96,12.95,0.0,1.88,1.0,<Residue GLU het=  resseq=73 icode= >,4qr9_A_B,2.0
558,4.385,GLU, ,CA,52.46,11.82,0.0,2.36,1.0,<Residue GLU het=  resseq=73 icode= >,4qr9_A_B,2.0
559,0.0,GLU, ,C,46.81,11.22,0.0,3.47,1.0,<Residue GLU het=  resseq=73 icode= >,4qr9_A_B,2.0
560,2.937,GLU, ,O,47.34,10.48,0.0,2.44,1.0,<Residue GLU het=  resseq=73 icode= >,4qr9_A_B,2.0
561,4.125,GLU, ,CB,54.09,11.01,0.0,1.55,1.0,<Residue GLU het=  resseq=73 icode= >,4qr9_A_B,2.0
562,14.007,GLU, ,CG,55.8,11.42,0.0,1.32,1.0,<Residue GLU het=  resseq=73 icode= >,4qr9_A_B,2.0
563,7.909,GLU, ,CD,62.41,10.33,0.0,1.67,1.0,<Residue GLU het=  resseq=73 icode= >,4qr9_A_B,2.0
564,4.101,GLU, ,OE1,53.44,9.08,0.0,1.28,1.0,<Residue GLU het=  resseq=73 icode= >,4qr9_A_B,2.0
565,31.882,GLU, ,OE2,61.79,10.86,0.0,1.41,1.0,<Residue GLU het=  resseq=73 icode= >,4qr9_A_B,2.0
566,0.0,MET, ,N,47.2,11.72,0.0,3.00,1.0,<Residue MET het=  resseq=74 icode= >,4qr9_A_B,2.0
567,0.0,MET, ,CA,47.65,11.38,0.0,3.12,1.0,<Residue MET het=  resseq=74 icode= >,4qr9_A_B,2.0
568,0.597,MET, ,C,52.88,11.90,0.0,2.63,1.0,<Residue MET het=  resseq=74 icode= >,4qr9_A_B,2.0
569,8.846,MET, ,O,54.09,11.39,0.0,2.06,1.0,<Residue MET het=  resseq=74 icode= >,4qr9_A_B,2.0
570,13.792,MET, ,CB,50.39,11.00,0.0,1.60,1.0,<Residue MET het=  resseq=74 icode= >,4qr9_A_B,2.0
571,2.097,MET, ,CG,50.37,9.63,0.0,1.36,1.0,<Residue MET het=  resseq=74 icode= >,4qr9_A_B,2.0
572,1.664,MET, ,SD,60.41,8.38,0.0,3.00,1.0,<Residue MET het=  resseq=74 icode= >,4qr9_A_B,2.0
573,45.238,MET, ,CE,52.21,8.27,0.0,1.13,1.0,<Residue MET het=  resseq=74 icode= >,4qr9_A_B,2.0
574,0.03,LYS, ,N,59.18,13.03,0.0,1.61,1.0,<Residue LYS het=  resseq=75 icode= >,4qr9_A_B,2.0
575,10.52,LYS, ,CA,60.61,13.71,0.0,1.50,1.0,<Residue LYS het=  resseq=75 icode= >,4qr9_A_B,2.0
576,0.202,LYS, ,C,54.26,12.90,0.0,3.00,1.0,<Residue LYS het=  resseq=75 icode= >,4qr9_A_B,2.0
577,27.717,LYS, ,O,58.21,13.02,0.0,1.61,1.0,<Residue LYS het=  resseq=75 icode= >,4qr9_A_B,2.0
578,4.977,LYS, ,CB,62.8,14.61,0.0,0.97,1.0,<Residue LYS het=  resseq=75 icode= >,4qr9_A_B,2.0
579,18.294,LYS, ,CG,64.82,16.03,0.0,0.87,1.0,<Residue LYS het=  resseq=75 icode= >,4qr9_A_B,2.0
580,32.7,LYS, ,CD,70.07,16.60,0.0,0.73,1.0,<Residue LYS het=  resseq=75 icode= >,4qr9_A_B,2.0
581,26.015,LYS, ,CE,73.17,17.23,0.0,0.34,1.0,<Residue LYS het=  resseq=75 icode= >,4qr9_A_B,2.0
582,37.497,LYS, ,NZ,73.26,18.41,0.0,0.60,1.0,<Residue LYS het=  resseq=75 icode= >,4qr9_A_B,2.0
583,0.0,THR, ,N,50.29,11.78,0.0,2.94,1.0,<Residue THR het=  resseq=76 icode= >,4qr9_A_B,2.0
584,5.94,THR, ,CA,59.06,10.83,0.0,1.82,1.0,<Residue THR het=  resseq=76 icode= >,4qr9_A_B,2.0
585,0.825,THR, ,C,64.83,9.78,0.0,1.43,1.0,<Residue THR het=  resseq=76 icode= >,4qr9_A_B,2.0
586,11.809,THR, ,O,65.23,9.02,0.0,1.20,1.0,<Residue THR het=  resseq=76 icode= >,4qr9_A_B,2.0
587,15.662,THR, ,CB,62.52,10.31,0.0,1.51,1.0,<Residue THR het=  resseq=76 icode= >,4qr9_A_B,2.0
588,18.608,THR, ,OG1,54.99,9.81,0.0,1.35,1.0,<Residue THR het=  resseq=76 icode= >,4qr9_A_B,2.0
589,54.858,THR, ,CG2,63.38,11.57,0.0,0.35,1.0,<Residue THR het=  resseq=76 icode= >,4qr9_A_B,2.0
590,0.0,TYR, ,N,57.91,9.52,0.0,2.21,1.0,<Residue TYR het=  resseq=77 icode= >,4qr9_A_B,2.0
591,2.778,TYR, ,CA,54.55,8.16,0.0,2.55,1.0,<Residue TYR het=  resseq=77 icode= >,4qr9_A_B,2.0
592,0.0,TYR, ,C,60.46,8.16,0.0,2.60,1.0,<Residue TYR het=  resseq=77 icode= >,4qr9_A_B,2.0
593,13.761,TYR, ,O,54.95,8.93,0.0,2.12,1.0,<Residue TYR het=  resseq=77 icode= >,4qr9_A_B,2.0
594,0.754,TYR, ,CB,55.64,7.66,0.0,1.26,1.0,<Residue TYR het=  resseq=77 icode= >,4qr9_A_B,2.0
595,0.0,TYR, ,CG,53.31,6.29,0.0,2.01,1.0,<Residue TYR het=  resseq=77 icode= >,4qr9_A_B,2.0
596,0.546,TYR, ,CD1,61.93,5.25,0.0,1.22,1.0,<Residue TYR het=  resseq=77 icode= >,4qr9_A_B,2.0
597,1.517,TYR, ,CD2,56.1,6.26,0.0,1.41,1.0,<Residue TYR het=  resseq=77 icode= >,4qr9_A_B,2.0
598,3.759,TYR, ,CE1,66.14,3.95,2.789,1.05,1.0,<Residue TYR het=  resseq=77 icode= >,4qr9_A_B,2.0
599,8.413,TYR, ,CE2,54.37,5.21,0.0,1.55,1.0,<Residue TYR het=  resseq=77 icode= >,4qr9_A_B,2.0
600,0.0,TYR, ,CZ,60.51,3.94,0.0,1.62,1.0,<Residue TYR het=  resseq=77 icode= >,4qr9_A_B,2.0
601,22.435,TYR, ,OH,63.46,3.02,12.164,0.60,1.0,<Residue TYR het=  resseq=77 icode= >,4qr9_A_B,2.0
602,2.451,ILE, ,N,70.75,7.48,0.0,1.49,1.0,<Residue ILE het=  resseq=78 icode= >,4qr9_A_B,2.0
603,0.434,ILE, ,CA,85.0,7.76,0.0,1.22,1.0,<Residue ILE het=  resseq=78 icode= >,4qr9_A_B,2.0
604,0.0,ILE, ,C,95.54,6.55,0.0,0.99,1.0,<Residue ILE het=  resseq=78 icode= >,4qr9_A_B,2.0
605,15.217,ILE, ,O,91.39,5.72,0.0,0.97,1.0,<Residue ILE het=  resseq=78 icode= >,4qr9_A_B,2.0
606,5.752,ILE, ,CB,89.89,8.58,0.0,0.90,1.0,<Residue ILE het=  resseq=78 icode= >,4qr9_A_B,2.0
607,17.867,ILE, ,CG1,95.04,9.93,0.0,0.53,1.0,<Residue ILE het=  resseq=78 icode= >,4qr9_A_B,2.0
608,48.66,ILE, ,CG2,94.96,9.01,0.0,-0.31,1.0,<Residue ILE het=  resseq=78 icode= >,4qr9_A_B,2.0
609,62.873,ILE, ,CD1,99.44,10.43,0.0,-0.50,1.0,<Residue ILE het=  resseq=78 icode= >,4qr9_A_B,2.0
610,0.0,PRO, ,N,95.24,6.68,0.0,1.08,1.0,<Residue PRO het=  resseq=79 icode= >,4qr9_A_B,2.0
611,2.656,PRO, ,CA,91.34,5.92,0.0,1.08,1.0,<Residue PRO het=  resseq=79 icode= >,4qr9_A_B,2.0
612,25.25,PRO, ,C,91.61,6.64,0.0,0.65,1.0,<Residue PRO het=  resseq=79 icode= >,4qr9_A_B,2.0
613,39.53,PRO, ,O,90.74,6.21,0.0,0.66,1.0,<Residue PRO het=  resseq=79 icode= >,4qr9_A_B,2.0
614,26.005,PRO, ,CB,93.91,6.41,10.518,0.37,1.0,<Residue PRO het=  resseq=79 icode= >,4qr9_A_B,2.0
615,37.97,PRO, ,CG,93.68,7.67,24.513,0.11,1.0,<Residue PRO het=  resseq=79 icode= >,4qr9_A_B,2.0
616,20.007,PRO, ,CD,93.86,7.80,0.0,0.57,1.0,<Residue PRO het=  resseq=79 icode= >,4qr9_A_B,2.0
