,ASA,aa,altloc,atom,bfac,d2r,dASA,dens,occ,residue,id,resolu
0,56.359,GLY, ,N,49.61,9.32,0.0,1.17,1.0,<Residue GLY het=  resseq=5 icode= >,4qr9_B_B,2.0
1,45.541,GLY, ,CA,52.98,8.28,0.0,0.92,1.0,<Residue GLY het=  resseq=5 icode= >,4qr9_B_B,2.0
2,5.492,GLY, ,C,44.81,6.93,0.0,2.36,1.0,<Residue GLY het=  resseq=5 icode= >,4qr9_B_B,2.0
3,26.218,GLY, ,O,46.6,6.87,0.0,1.98,1.0,<Residue GLY het=  resseq=5 icode= >,4qr9_B_B,2.0
4,3.13,SER, ,N,40.44,6.05,0.0,2.62,1.0,<Residue SER het=  resseq=6 icode= >,4qr9_B_B,2.0
5,7.405,SER, ,CA,36.72,4.72,0.09,2.69,1.0,<Residue SER het=  resseq=6 icode= >,4qr9_B_B,2.0
6,0.0,SER, ,C,36.28,5.05,0.0,3.75,1.0,<Residue SER het=  resseq=6 icode= >,4qr9_B_B,2.0
7,10.618,SER, ,O,29.42,6.15,0.0,3.50,1.0,<Residue SER het=  resseq=6 icode= >,4qr9_B_B,2.0
8,43.894,SER, ,CB,43.57,3.86,16.209,2.24,1.0,<Residue SER het=  resseq=6 icode= >,4qr9_B_B,2.0
9,30.885,SER, ,OG,36.44,4.76,0.0,2.85,1.0,<Residue SER het=  resseq=6 icode= >,4qr9_B_B,2.0
10,5.354,LYS, ,N,30.73,4.45,2.25,3.50,1.0,<Residue LYS het=  resseq=7 icode= >,4qr9_B_B,2.0
11,0.0,LYS, ,CA,29.21,5.02,0.0,2.94,1.0,<Residue LYS het=  resseq=7 icode= >,4qr9_B_B,2.0
12,0.235,LYS, ,C,26.78,5.14,0.0,4.23,1.0,<Residue LYS het=  resseq=7 icode= >,4qr9_B_B,2.0
13,15.127,LYS, ,O,24.83,4.33,7.033,3.60,1.0,<Residue LYS het=  resseq=7 icode= >,4qr9_B_B,2.0
14,15.974,LYS, ,CB,32.35,4.52,12.655,2.67,1.0,<Residue LYS het=  resseq=7 icode= >,4qr9_B_B,2.0
15,0.487,LYS, ,CG,34.08,4.88,0.143,1.98,1.0,<Residue LYS het=  resseq=7 icode= >,4qr9_B_B,2.0
16,26.725,LYS, ,CD,32.85,3.66,22.56,1.94,1.0,<Residue LYS het=  resseq=7 icode= >,4qr9_B_B,2.0
17,42.172,LYS, ,CE,32.7,3.18,31.561,1.42,1.0,<Residue LYS het=  resseq=7 icode= >,4qr9_B_B,2.0
18,18.493,LYS, ,NZ,40.01,3.27,16.738,1.43,1.0,<Residue LYS het=  resseq=7 icode= >,4qr9_B_B,2.0
19,0.0,PRO, ,N,26.25,6.41,0.0,4.03,1.0,<Residue PRO het=  resseq=8 icode= >,4qr9_B_B,2.0
20,8.308,PRO, ,CA,31.81,6.98,0.0,2.69,1.0,<Residue PRO het=  resseq=8 icode= >,4qr9_B_B,2.0
21,0.014,PRO, ,C,31.69,5.59,0.0,3.68,1.0,<Residue PRO het=  resseq=8 icode= >,4qr9_B_B,2.0
22,0.835,PRO, ,O,28.8,5.08,0.0,3.78,1.0,<Residue PRO het=  resseq=8 icode= >,4qr9_B_B,2.0
23,0.0,PRO, ,CB,30.9,7.80,0.0,1.94,1.0,<Residue PRO het=  resseq=8 icode= >,4qr9_B_B,2.0
24,3.981,PRO, ,CG,30.53,8.76,0.0,2.25,1.0,<Residue PRO het=  resseq=8 icode= >,4qr9_B_B,2.0
25,0.003,PRO, ,CD,30.95,7.60,0.0,2.21,1.0,<Residue PRO het=  resseq=8 icode= >,4qr9_B_B,2.0
26,0.913,ARG, ,N,28.34,5.12,0.0,3.17,1.0,<Residue ARG het=  resseq=9 icode= >,4qr9_B_B,2.0
27,6.079,ARG, ,CA,29.72,3.80,2.125,2.88,1.0,<Residue ARG het=  resseq=9 icode= >,4qr9_B_B,2.0
28,0.0,ARG, ,C,26.83,3.80,0.0,4.02,1.0,<Residue ARG het=  resseq=9 icode= >,4qr9_B_B,2.0
29,0.0,ARG, ,O,26.76,4.98,0.0,2.96,1.0,<Residue ARG het=  resseq=9 icode= >,4qr9_B_B,2.0
30,3.716,ARG, ,CB,40.35,4.21,0.0,1.46,1.0,<Residue ARG het=  resseq=9 icode= >,4qr9_B_B,2.0
31,28.323,ARG, ,CG,45.55,5.07,0.0,1.03,1.0,<Residue ARG het=  resseq=9 icode= >,4qr9_B_B,2.0
32,37.281,ARG, ,CD,56.54,4.85,0.0,0.54,1.0,<Residue ARG het=  resseq=9 icode= >,4qr9_B_B,2.0
33,15.809,ARG, ,NE,63.05,4.80,0.0,0.13,1.0,<Residue ARG het=  resseq=9 icode= >,4qr9_B_B,2.0
34,4.77,ARG, ,CZ,67.34,4.00,0.0,0.57,1.0,<Residue ARG het=  resseq=9 icode= >,4qr9_B_B,2.0
35,40.253,ARG, ,NH1,53.6,2.88,25.245,1.28,1.0,<Residue ARG het=  resseq=9 icode= >,4qr9_B_B,2.0
36,32.443,ARG, ,NH2,53.04,2.88,25.957,1.57,1.0,<Residue ARG het=  resseq=9 icode= >,4qr9_B_B,2.0
37,6.576,GLY, ,N,24.04,2.87,6.576,3.10,1.0,<Residue GLY het=  resseq=10 icode= >,4qr9_B_B,2.0
38,25.062,GLY, ,CA,24.74,3.46,23.94,2.62,1.0,<Residue GLY het=  resseq=10 icode= >,4qr9_B_B,2.0
39,1.826,GLY, ,C,25.69,4.02,1.826,3.83,1.0,<Residue GLY het=  resseq=10 icode= >,4qr9_B_B,2.0
40,2.466,GLY, ,O,23.85,3.85,2.32,4.71,1.0,<Residue GLY het=  resseq=10 icode= >,4qr9_B_B,2.0
41,4.233,LYS, ,N,24.77,4.84,1.068,3.14,1.0,<Residue LYS het=  resseq=11 icode= >,4qr9_B_B,2.0
42,0.0,LYS, ,CA,31.08,5.53,0.0,2.03,1.0,<Residue LYS het=  resseq=11 icode= >,4qr9_B_B,2.0
43,0.0,LYS, ,C,30.47,4.88,0.0,3.47,1.0,<Residue LYS het=  resseq=11 icode= >,4qr9_B_B,2.0
44,22.638,LYS, ,O,28.93,4.12,12.732,2.35,1.0,<Residue LYS het=  resseq=11 icode= >,4qr9_B_B,2.0
45,13.638,LYS, ,CB,34.05,6.74,0.0,1.72,1.0,<Residue LYS het=  resseq=11 icode= >,4qr9_B_B,2.0
46,0.0,LYS, ,CG,42.58,7.69,0.0,1.11,1.0,<Residue LYS het=  resseq=11 icode= >,4qr9_B_B,2.0
47,7.009,LYS, ,CD,48.99,7.50,0.0,0.95,1.0,<Residue LYS het=  resseq=11 icode= >,4qr9_B_B,2.0
48,29.471,LYS, ,CE,48.83,6.08,0.0,0.99,1.0,<Residue LYS het=  resseq=11 icode= >,4qr9_B_B,2.0
49,32.553,LYS, ,NZ,53.77,6.05,0.0,0.28,1.0,<Residue LYS het=  resseq=11 icode= >,4qr9_B_B,2.0
50,0.0,MET, ,N,31.01,5.22,0.0,2.87,1.0,<Residue MET het=  resseq=12 icode= >,4qr9_B_B,2.0
51,0.278,MET, ,CA,29.82,4.94,0.278,2.97,1.0,<Residue MET het=  resseq=12 icode= >,4qr9_B_B,2.0
52,0.106,MET, ,C,28.41,6.13,0.0,3.63,1.0,<Residue MET het=  resseq=12 icode= >,4qr9_B_B,2.0
53,1.766,MET, ,O,29.27,7.29,0.0,2.95,1.0,<Residue MET het=  resseq=12 icode= >,4qr9_B_B,2.0
54,0.0,MET, ,CB,36.24,5.18,0.0,1.96,1.0,<Residue MET het=  resseq=12 icode= >,4qr9_B_B,2.0
55,10.221,MET, ,CG,40.23,4.13,10.221,2.13,1.0,<Residue MET het=  resseq=12 icode= >,4qr9_B_B,2.0
56,10.495,MET, ,SD,52.2,3.58,10.161,3.11,1.0,<Residue MET het=  resseq=12 icode= >,4qr9_B_B,2.0
57,33.097,MET, ,CE,55.38,3.90,4.055,0.17,1.0,<Residue MET het=  resseq=12 icode= >,4qr9_B_B,2.0
58,1.398,SER, ,N,26.36,5.98,0.357,2.79,1.0,<Residue SER het=  resseq=13 icode= >,4qr9_B_B,2.0
59,6.94,SER, ,CA,27.09,4.94,0.0,2.77,1.0,<Residue SER het=  resseq=13 icode= >,4qr9_B_B,2.0
60,0.0,SER, ,C,23.1,5.20,0.0,4.03,1.0,<Residue SER het=  resseq=13 icode= >,4qr9_B_B,2.0
61,0.0,SER, ,O,22.94,6.22,0.0,4.48,1.0,<Residue SER het=  resseq=13 icode= >,4qr9_B_B,2.0
62,44.972,SER, ,CB,29.35,3.76,33.543,2.41,1.0,<Residue SER het=  resseq=13 icode= >,4qr9_B_B,2.0
63,6.691,SER, ,OG,28.41,3.83,4.229,2.11,1.0,<Residue SER het=  resseq=13 icode= >,4qr9_B_B,2.0
64,2.006,SER, ,N,27.61,4.63,1.288,3.18,1.0,<Residue SER het=  resseq=14 icode= >,4qr9_B_B,2.0
65,0.0,SER, ,CA,22.75,5.46,0.0,2.66,1.0,<Residue SER het=  resseq=14 icode= >,4qr9_B_B,2.0
66,0.0,SER, ,C,21.55,5.45,0.0,4.05,1.0,<Residue SER het=  resseq=14 icode= >,4qr9_B_B,2.0
67,0.0,SER, ,O,22.88,6.53,0.0,4.10,1.0,<Residue SER het=  resseq=14 icode= >,4qr9_B_B,2.0
68,2.484,SER, ,CB,24.19,5.10,0.169,3.28,1.0,<Residue SER het=  resseq=14 icode= >,4qr9_B_B,2.0
69,17.964,SER, ,OG,27.95,3.72,14.869,2.71,1.0,<Residue SER het=  resseq=14 icode= >,4qr9_B_B,2.0
70,0.097,TYR, ,N,22.41,4.47,0.097,4.07,1.0,<Residue TYR het=  resseq=15 icode= >,4qr9_B_B,2.0
71,0.0,TYR, ,CA,21.64,4.98,0.0,3.62,1.0,<Residue TYR het=  resseq=15 icode= >,4qr9_B_B,2.0
72,0.0,TYR, ,C,23.36,6.13,0.0,4.10,1.0,<Residue TYR het=  resseq=15 icode= >,4qr9_B_B,2.0
73,0.0,TYR, ,O,21.33,5.93,0.0,3.93,1.0,<Residue TYR het=  resseq=15 icode= >,4qr9_B_B,2.0
74,13.508,TYR, ,CB,20.82,4.07,13.479,2.87,1.0,<Residue TYR het=  resseq=15 icode= >,4qr9_B_B,2.0
75,2.026,TYR, ,CG,21.34,3.56,2.026,2.99,1.0,<Residue TYR het=  resseq=15 icode= >,4qr9_B_B,2.0
76,0.814,TYR, ,CD1,24.18,3.83,0.814,2.99,1.0,<Residue TYR het=  resseq=15 icode= >,4qr9_B_B,2.0
77,21.128,TYR, ,CD2,21.46,3.32,16.095,2.84,1.0,<Residue TYR het=  resseq=15 icode= >,4qr9_B_B,2.0
78,1.54,TYR, ,CE1,23.57,3.94,1.54,2.64,1.0,<Residue TYR het=  resseq=15 icode= >,4qr9_B_B,2.0
79,23.754,TYR, ,CE2,21.24,3.53,21.89,3.28,1.0,<Residue TYR het=  resseq=15 icode= >,4qr9_B_B,2.0
80,4.68,TYR, ,CZ,27.39,3.76,4.68,3.51,1.0,<Residue TYR het=  resseq=15 icode= >,4qr9_B_B,2.0
81,2.282,TYR, ,OH,29.5,4.25,1.541,3.10,1.0,<Residue TYR het=  resseq=15 icode= >,4qr9_B_B,2.0
82,0.341,ALA, ,N,24.43,5.36,0.0,3.37,1.0,<Residue ALA het=  resseq=16 icode= >,4qr9_B_B,2.0
83,6.368,ALA, ,CA,22.32,4.03,4.361,3.49,1.0,<Residue ALA het=  resseq=16 icode= >,4qr9_B_B,2.0
84,0.0,ALA, ,C,26.58,4.48,0.0,3.74,1.0,<Residue ALA het=  resseq=16 icode= >,4qr9_B_B,2.0
85,2.154,ALA, ,O,25.77,3.88,2.154,3.87,1.0,<Residue ALA het=  resseq=16 icode= >,4qr9_B_B,2.0
86,24.047,ALA, ,CB,25.36,3.86,21.749,1.78,1.0,<Residue ALA het=  resseq=16 icode= >,4qr9_B_B,2.0
87,0.0,PHE, ,N,26.16,5.60,0.0,3.38,1.0,<Residue PHE het=  resseq=17 icode= >,4qr9_B_B,2.0
88,0.076,PHE, ,CA,27.61,6.24,0.0,2.64,1.0,<Residue PHE het=  resseq=17 icode= >,4qr9_B_B,2.0
89,0.0,PHE, ,C,22.16,6.70,0.0,4.40,1.0,<Residue PHE het=  resseq=17 icode= >,4qr9_B_B,2.0
90,1.21,PHE, ,O,27.48,6.77,0.0,3.46,1.0,<Residue PHE het=  resseq=17 icode= >,4qr9_B_B,2.0
91,0.533,PHE, ,CB,28.9,7.59,0.0,2.28,1.0,<Residue PHE het=  resseq=17 icode= >,4qr9_B_B,2.0
92,0.0,PHE, ,CG,28.1,7.56,0.0,2.90,1.0,<Residue PHE het=  resseq=17 icode= >,4qr9_B_B,2.0
93,5.063,PHE, ,CD1,30.76,7.39,0.0,2.29,1.0,<Residue PHE het=  resseq=17 icode= >,4qr9_B_B,2.0
94,0.0,PHE, ,CD2,26.17,7.94,0.0,2.60,1.0,<Residue PHE het=  resseq=17 icode= >,4qr9_B_B,2.0
95,23.077,PHE, ,CE1,28.42,7.65,0.0,2.64,1.0,<Residue PHE het=  resseq=17 icode= >,4qr9_B_B,2.0
96,0.0,PHE, ,CE2,27.26,8.21,0.0,2.62,1.0,<Residue PHE het=  resseq=17 icode= >,4qr9_B_B,2.0
97,7.63,PHE, ,CZ,28.5,8.03,0.0,2.38,1.0,<Residue PHE het=  resseq=17 icode= >,4qr9_B_B,2.0
98,0.0,PHE, ,N,23.89,7.25,0.0,3.41,1.0,<Residue PHE het=  resseq=18 icode= >,4qr9_B_B,2.0
99,0.0,PHE, ,CA,22.32,7.99,0.0,3.64,1.0,<Residue PHE het=  resseq=18 icode= >,4qr9_B_B,2.0
100,0.0,PHE, ,C,26.03,7.30,0.0,4.28,1.0,<Residue PHE het=  resseq=18 icode= >,4qr9_B_B,2.0
101,0.0,PHE, ,O,22.21,7.70,0.0,4.34,1.0,<Residue PHE het=  resseq=18 icode= >,4qr9_B_B,2.0
102,0.0,PHE, ,CB,26.92,8.38,0.0,1.87,1.0,<Residue PHE het=  resseq=18 icode= >,4qr9_B_B,2.0
103,0.0,PHE, ,CG,29.32,8.52,0.0,2.41,1.0,<Residue PHE het=  resseq=18 icode= >,4qr9_B_B,2.0
104,0.0,PHE, ,CD1,32.28,9.77,0.0,1.90,1.0,<Residue PHE het=  resseq=18 icode= >,4qr9_B_B,2.0
105,0.0,PHE, ,CD2,29.68,7.65,0.0,2.20,1.0,<Residue PHE het=  resseq=18 icode= >,4qr9_B_B,2.0
106,6.436,PHE, ,CE1,36.2,10.13,0.0,2.17,1.0,<Residue PHE het=  resseq=18 icode= >,4qr9_B_B,2.0
107,0.0,PHE, ,CE2,32.91,8.00,0.0,2.49,1.0,<Residue PHE het=  resseq=18 icode= >,4qr9_B_B,2.0
108,0.0,PHE, ,CZ,37.41,9.25,0.0,2.91,1.0,<Residue PHE het=  resseq=18 icode= >,4qr9_B_B,2.0
109,0.0,VAL, ,N,21.8,6.05,0.0,4.09,1.0,<Residue VAL het=  resseq=19 icode= >,4qr9_B_B,2.0
110,0.0,VAL, ,CA,20.96,5.34,0.0,3.69,1.0,<Residue VAL het=  resseq=19 icode= >,4qr9_B_B,2.0
111,0.0,VAL, ,C,22.32,4.94,0.0,4.68,1.0,<Residue VAL het=  resseq=19 icode= >,4qr9_B_B,2.0
112,0.0,VAL, ,O,23.02,4.52,0.0,3.95,1.0,<Residue VAL het=  resseq=19 icode= >,4qr9_B_B,2.0
113,3.694,VAL, ,CB,20.7,4.14,3.694,3.44,1.0,<Residue VAL het=  resseq=19 icode= >,4qr9_B_B,2.0
114,29.43,VAL, ,CG1,22.11,3.68,27.882,2.90,1.0,<Residue VAL het=  resseq=19 icode= >,4qr9_B_B,2.0
115,8.264,VAL, ,CG2,24.85,4.44,6.06,2.83,1.0,<Residue VAL het=  resseq=19 icode= >,4qr9_B_B,2.0
116,0.0,GLN, ,N,24.98,4.65,0.0,4.30,1.0,<Residue GLN het=  resseq=20 icode= >,4qr9_B_B,2.0
117,6.039,GLN, ,CA,31.08,4.58,4.514,3.29,1.0,<Residue GLN het=  resseq=20 icode= >,4qr9_B_B,2.0
118,0.0,GLN, ,C,28.86,5.50,0.0,4.21,1.0,<Residue GLN het=  resseq=20 icode= >,4qr9_B_B,2.0
119,1.563,GLN, ,O,30.08,5.40,0.0,3.90,1.0,<Residue GLN het=  resseq=20 icode= >,4qr9_B_B,2.0
120,13.997,GLN, ,CB,30.67,4.39,1.139,2.92,1.0,<Residue GLN het=  resseq=20 icode= >,4qr9_B_B,2.0
121,13.638,GLN, ,CG,35.11,3.41,13.638,2.37,1.0,<Residue GLN het=  resseq=20 icode= >,4qr9_B_B,2.0
122,2.094,GLN, ,CD,46.67,3.87,0.007,2.52,1.0,<Residue GLN het=  resseq=20 icode= >,4qr9_B_B,2.0
123,15.744,GLN, ,OE1,53.83,5.04,0.0,1.66,1.0,<Residue GLN het=  resseq=20 icode= >,4qr9_B_B,2.0
124,50.597,GLN, ,NE2,46.91,3.13,21.852,1.70,1.0,<Residue GLN het=  resseq=20 icode= >,4qr9_B_B,2.0
125,0.0,THR, ,N,31.69,6.71,0.0,3.37,1.0,<Residue THR het=  resseq=21 icode= >,4qr9_B_B,2.0
126,0.0,THR, ,CA,31.3,7.79,0.0,2.78,1.0,<Residue THR het=  resseq=21 icode= >,4qr9_B_B,2.0
127,0.0,THR, ,C,33.17,7.74,0.0,3.72,1.0,<Residue THR het=  resseq=21 icode= >,4qr9_B_B,2.0
128,0.195,THR, ,O,32.88,8.35,0.0,3.25,1.0,<Residue THR het=  resseq=21 icode= >,4qr9_B_B,2.0
129,11.271,THR, ,CB,34.53,9.16,0.0,3.03,1.0,<Residue THR het=  resseq=21 icode= >,4qr9_B_B,2.0
130,1.092,THR, ,OG1,39.48,9.41,0.0,1.76,1.0,<Residue THR het=  resseq=21 icode= >,4qr9_B_B,2.0
131,23.899,THR, ,CG2,31.32,9.17,0.0,2.54,1.0,<Residue THR het=  resseq=21 icode= >,4qr9_B_B,2.0
132,0.0,CYS, ,N,32.25,7.39,0.0,3.43,1.0,<Residue CYS het=  resseq=22 icode= >,4qr9_B_B,2.0
133,0.129,CYS, ,CA,35.9,7.57,0.0,2.85,1.0,<Residue CYS het=  resseq=22 icode= >,4qr9_B_B,2.0
134,0.0,CYS, ,C,35.12,6.83,0.0,3.62,1.0,<Residue CYS het=  resseq=22 icode= >,4qr9_B_B,2.0
135,1.61,CYS, ,O,35.73,7.50,0.0,2.73,1.0,<Residue CYS het=  resseq=22 icode= >,4qr9_B_B,2.0
136,4.068,CYS, ,CB,40.68,7.24,0.0,2.32,1.0,<Residue CYS het=  resseq=22 icode= >,4qr9_B_B,2.0
137,3.635,CYS, ,SG,52.63,8.45,0.0,2.96,1.0,<Residue CYS het=  resseq=22 icode= >,4qr9_B_B,2.0
138,0.0,ARG, ,N,30.7,5.66,0.0,3.57,1.0,<Residue ARG het=  resseq=23 icode= >,4qr9_B_B,2.0
139,0.0,ARG, ,CA,32.62,5.20,0.0,3.06,1.0,<Residue ARG het=  resseq=23 icode= >,4qr9_B_B,2.0
140,0.0,ARG, ,C,32.37,6.45,0.0,4.08,1.0,<Residue ARG het=  resseq=23 icode= >,4qr9_B_B,2.0
141,0.0,ARG, ,O,28.02,6.47,0.0,4.21,1.0,<Residue ARG het=  resseq=23 icode= >,4qr9_B_B,2.0
142,6.817,ARG, ,CB,30.18,3.96,5.931,3.01,1.0,<Residue ARG het=  resseq=23 icode= >,4qr9_B_B,2.0
143,29.463,ARG, ,CG,33.27,3.62,15.946,2.14,1.0,<Residue ARG het=  resseq=23 icode= >,4qr9_B_B,2.0
144,2.587,ARG, ,CD,32.18,3.67,2.587,2.17,1.0,<Residue ARG het=  resseq=23 icode= >,4qr9_B_B,2.0
145,10.606,ARG, ,NE,36.49,2.68,9.477,3.02,1.0,<Residue ARG het=  resseq=23 icode= >,4qr9_B_B,2.0
146,0.0,ARG, ,CZ,37.24,3.37,0.0,3.43,1.0,<Residue ARG het=  resseq=23 icode= >,4qr9_B_B,2.0
147,0.406,ARG, ,NH1,36.79,4.65,0.0,2.42,1.0,<Residue ARG het=  resseq=23 icode= >,4qr9_B_B,2.0
148,31.16,ARG, ,NH2,41.08,3.24,10.372,1.40,1.0,<Residue ARG het=  resseq=23 icode= >,4qr9_B_B,2.0
149,0.0,GLU, ,N,34.62,6.83,0.0,2.82,1.0,<Residue GLU het=  resseq=24 icode= >,4qr9_B_B,2.0
150,4.597,GLU, ,CA,42.32,8.11,0.0,2.40,1.0,<Residue GLU het=  resseq=24 icode= >,4qr9_B_B,2.0
151,0.0,GLU, ,C,35.74,8.98,0.0,4.28,1.0,<Residue GLU het=  resseq=24 icode= >,4qr9_B_B,2.0
152,0.092,GLU, ,O,41.5,9.07,0.0,2.63,1.0,<Residue GLU het=  resseq=24 icode= >,4qr9_B_B,2.0
153,3.991,GLU, ,CB,42.84,8.60,0.0,1.71,1.0,<Residue GLU het=  resseq=24 icode= >,4qr9_B_B,2.0
154,23.437,GLU, ,CG,50.28,7.99,0.0,1.35,1.0,<Residue GLU het=  resseq=24 icode= >,4qr9_B_B,2.0
155,8.199,GLU, ,CD,62.76,8.35,0.0,1.37,1.0,<Residue GLU het=  resseq=24 icode= >,4qr9_B_B,2.0
156,21.629,GLU, ,OE1,65.46,9.21,0.0,1.28,1.0,<Residue GLU het=  resseq=24 icode= >,4qr9_B_B,2.0
157,41.149,GLU, ,OE2,68.65,8.02,0.0,0.91,1.0,<Residue GLU het=  resseq=24 icode= >,4qr9_B_B,2.0
158,0.115,GLU, ,N,35.36,9.51,0.0,3.99,1.0,<Residue GLU het=  resseq=25 icode= >,4qr9_B_B,2.0
159,3.03,GLU, ,CA,42.23,10.65,0.0,3.07,1.0,<Residue GLU het=  resseq=25 icode= >,4qr9_B_B,2.0
160,0.002,GLU, ,C,49.84,10.35,0.0,3.51,1.0,<Residue GLU het=  resseq=25 icode= >,4qr9_B_B,2.0
161,0.0,GLU, ,O,43.87,11.02,0.0,2.78,1.0,<Residue GLU het=  resseq=25 icode= >,4qr9_B_B,2.0
162,6.3,GLU, ,CB,48.36,10.92,0.0,1.76,1.0,<Residue GLU het=  resseq=25 icode= >,4qr9_B_B,2.0
163,20.846,GLU, ,CG,63.48,11.38,0.0,0.85,1.0,<Residue GLU het=  resseq=25 icode= >,4qr9_B_B,2.0
164,7.54,GLU, ,CD,80.86,11.75,0.0,0.11,1.0,<Residue GLU het=  resseq=25 icode= >,4qr9_B_B,2.0
165,3.653,GLU, ,OE1,82.1,10.95,0.0,0.22,1.0,<Residue GLU het=  resseq=25 icode= >,4qr9_B_B,2.0
166,34.551,GLU, ,OE2,71.59,12.94,0.0,0.92,1.0,<Residue GLU het=  resseq=25 icode= >,4qr9_B_B,2.0
167,0.564,HIS, ,N,43.02,9.38,0.0,2.87,1.0,<Residue HIS het=  resseq=26 icode= >,4qr9_B_B,2.0
168,3.343,HIS, ,CA,40.69,9.11,0.0,2.62,1.0,<Residue HIS het=  resseq=26 icode= >,4qr9_B_B,2.0
169,0.0,HIS, ,C,39.56,8.73,0.0,3.85,1.0,<Residue HIS het=  resseq=26 icode= >,4qr9_B_B,2.0
170,0.0,HIS, ,O,44.64,9.38,0.0,2.78,1.0,<Residue HIS het=  resseq=26 icode= >,4qr9_B_B,2.0
171,7.861,HIS, ,CB,41.87,8.13,0.0,2.27,1.0,<Residue HIS het=  resseq=26 icode= >,4qr9_B_B,2.0
172,0.0,HIS, ,CG,44.34,8.00,0.0,2.63,1.0,<Residue HIS het=  resseq=26 icode= >,4qr9_B_B,2.0
173,0.0,HIS, ,ND1,48.36,7.09,0.0,2.09,1.0,<Residue HIS het=  resseq=26 icode= >,4qr9_B_B,2.0
174,18.457,HIS, ,CD2,48.58,8.82,0.0,1.77,1.0,<Residue HIS het=  resseq=26 icode= >,4qr9_B_B,2.0
175,0.0,HIS, ,CE1,52.0,7.49,0.0,1.62,1.0,<Residue HIS het=  resseq=26 icode= >,4qr9_B_B,2.0
176,13.47,HIS, ,NE2,52.66,8.61,0.0,2.03,1.0,<Residue HIS het=  resseq=26 icode= >,4qr9_B_B,2.0
177,0.0,LYS, ,N,40.78,7.93,0.0,2.96,1.0,<Residue LYS het=  resseq=27 icode= >,4qr9_B_B,2.0
178,0.0,LYS, ,CA,49.01,7.85,0.0,2.61,1.0,<Residue LYS het=  resseq=27 icode= >,4qr9_B_B,2.0
179,0.055,LYS, ,C,53.73,9.30,0.0,2.47,1.0,<Residue LYS het=  resseq=27 icode= >,4qr9_B_B,2.0
180,0.952,LYS, ,O,54.75,9.84,0.0,1.89,1.0,<Residue LYS het=  resseq=27 icode= >,4qr9_B_B,2.0
181,3.798,LYS, ,CB,51.28,7.02,0.0,2.10,1.0,<Residue LYS het=  resseq=27 icode= >,4qr9_B_B,2.0
182,20.008,LYS, ,CG,64.25,7.18,0.0,0.76,1.0,<Residue LYS het=  resseq=27 icode= >,4qr9_B_B,2.0
183,8.201,LYS, ,CD,68.14,6.11,0.0,0.62,1.0,<Residue LYS het=  resseq=27 icode= >,4qr9_B_B,2.0
184,43.763,LYS, ,CE,68.97,6.79,0.0,0.82,1.0,<Residue LYS het=  resseq=27 icode= >,4qr9_B_B,2.0
185,20.724,LYS, ,NZ,74.56,7.67,0.0,0.54,1.0,<Residue LYS het=  resseq=27 icode= >,4qr9_B_B,2.0
186,0.0,LYS, ,N,51.45,10.08,0.0,2.03,1.0,<Residue LYS het=  resseq=28 icode= >,4qr9_B_B,2.0
187,7.78,LYS, ,CA,54.94,11.49,0.0,2.12,1.0,<Residue LYS het=  resseq=28 icode= >,4qr9_B_B,2.0
188,1.634,LYS, ,C,56.47,12.24,0.0,2.73,1.0,<Residue LYS het=  resseq=28 icode= >,4qr9_B_B,2.0
189,18.163,LYS, ,O,64.43,13.02,0.0,1.66,1.0,<Residue LYS het=  resseq=28 icode= >,4qr9_B_B,2.0
190,16.34,LYS, ,CB,50.34,12.23,0.0,1.90,1.0,<Residue LYS het=  resseq=28 icode= >,4qr9_B_B,2.0
191,18.289,LYS, ,CG,48.59,11.95,0.0,1.98,1.0,<Residue LYS het=  resseq=28 icode= >,4qr9_B_B,2.0
192,23.63,LYS, ,CD,50.83,12.69,0.0,1.94,1.0,<Residue LYS het=  resseq=28 icode= >,4qr9_B_B,2.0
193,33.972,LYS, ,CE,61.51,12.39,0.0,1.28,1.0,<Residue LYS het=  resseq=28 icode= >,4qr9_B_B,2.0
194,43.543,LYS, ,NZ,62.35,13.17,0.0,0.93,1.0,<Residue LYS het=  resseq=28 icode= >,4qr9_B_B,2.0
195,0.0,LYS, ,N,59.93,12.15,0.0,2.44,1.0,<Residue LYS het=  resseq=29 icode= >,4qr9_B_B,2.0
196,5.462,LYS, ,CA,61.73,13.03,0.0,2.64,1.0,<Residue LYS het=  resseq=29 icode= >,4qr9_B_B,2.0
197,0.0,LYS, ,C,65.12,12.79,0.0,2.38,1.0,<Residue LYS het=  resseq=29 icode= >,4qr9_B_B,2.0
198,21.26,LYS, ,O,64.88,13.81,0.0,1.59,1.0,<Residue LYS het=  resseq=29 icode= >,4qr9_B_B,2.0
199,1.045,LYS, ,CB,74.88,13.25,0.0,1.38,1.0,<Residue LYS het=  resseq=29 icode= >,4qr9_B_B,2.0
200,25.295,LYS, ,CG,84.11,14.41,0.0,0.58,1.0,<Residue LYS het=  resseq=29 icode= >,4qr9_B_B,2.0
201,22.827,LYS, ,CD,90.63,14.36,0.0,0.24,1.0,<Residue LYS het=  resseq=29 icode= >,4qr9_B_B,2.0
202,40.171,LYS, ,CE,91.5,15.14,0.0,0.81,1.0,<Residue LYS het=  resseq=29 icode= >,4qr9_B_B,2.0
203,30.077,LYS, ,NZ,92.65,14.59,0.0,0.78,1.0,<Residue LYS het=  resseq=29 icode= >,4qr9_B_B,2.0
204,0.0,HIS, ,N,62.39,11.58,0.0,1.85,1.0,<Residue HIS het=  resseq=30 icode= >,4qr9_B_B,2.0
205,1.221,HIS, ,CA,55.18,11.47,0.0,2.60,1.0,<Residue HIS het=  resseq=30 icode= >,4qr9_B_B,2.0
206,0.0,HIS, ,C,57.92,10.52,0.0,2.78,1.0,<Residue HIS het=  resseq=30 icode= >,4qr9_B_B,2.0
207,0.478,HIS, ,O,46.15,9.56,0.0,2.22,1.0,<Residue HIS het=  resseq=30 icode= >,4qr9_B_B,2.0
208,0.114,HIS, ,CB,59.55,11.19,0.0,1.73,1.0,<Residue HIS het=  resseq=30 icode= >,4qr9_B_B,2.0
209,1.041,HIS, ,CG,66.17,12.23,0.0,1.76,1.0,<Residue HIS het=  resseq=30 icode= >,4qr9_B_B,2.0
210,0.342,HIS, ,ND1,78.26,12.20,0.0,0.82,1.0,<Residue HIS het=  resseq=30 icode= >,4qr9_B_B,2.0
211,29.851,HIS, ,CD2,69.53,13.47,0.0,1.50,1.0,<Residue HIS het=  resseq=30 icode= >,4qr9_B_B,2.0
212,30.262,HIS, ,CE1,72.51,13.37,0.0,1.10,1.0,<Residue HIS het=  resseq=30 icode= >,4qr9_B_B,2.0
213,30.743,HIS, ,NE2,70.3,14.11,0.0,1.38,1.0,<Residue HIS het=  resseq=30 icode= >,4qr9_B_B,2.0
214,0.0,PRO, ,N,57.69,10.93,0.0,2.81,1.0,<Residue PRO het=  resseq=31 icode= >,4qr9_B_B,2.0
215,0.0,PRO, ,CA,58.18,10.32,0.0,1.99,1.0,<Residue PRO het=  resseq=31 icode= >,4qr9_B_B,2.0
216,1.293,PRO, ,C,60.07,10.14,0.0,2.15,1.0,<Residue PRO het=  resseq=31 icode= >,4qr9_B_B,2.0
217,12.701,PRO, ,O,57.36,9.37,0.0,1.78,1.0,<Residue PRO het=  resseq=31 icode= >,4qr9_B_B,2.0
218,29.553,PRO, ,CB,62.12,11.49,0.0,1.03,1.0,<Residue PRO het=  resseq=31 icode= >,4qr9_B_B,2.0
219,34.655,PRO, ,CG,63.69,12.67,0.0,1.25,1.0,<Residue PRO het=  resseq=31 icode= >,4qr9_B_B,2.0
220,7.423,PRO, ,CD,63.35,12.25,0.0,1.59,1.0,<Residue PRO het=  resseq=31 icode= >,4qr9_B_B,2.0
221,0.0,ASP,x,N,60.4,11.04,0.0,1.81,0.6,<Residue ASP het=  resseq=32 icode= >,4qr9_B_B,2.0
222,9.727,ASP,x,CA,63.24,11.34,0.0,1.57,0.6,<Residue ASP het=  resseq=32 icode= >,4qr9_B_B,2.0
223,0.814,ASP,x,C,58.72,10.64,0.0,2.24,0.6,<Residue ASP het=  resseq=32 icode= >,4qr9_B_B,2.0
224,27.462,ASP,x,O,54.84,10.15,0.0,1.72,0.6,<Residue ASP het=  resseq=32 icode= >,4qr9_B_B,2.0
225,35.342,ASP,x,CB,67.83,12.84,0.0,0.99,0.6,<Residue ASP het=  resseq=32 icode= >,4qr9_B_B,2.0
226,8.679,ASP,x,CG,70.72,13.32,0.0,0.53,0.6,<Residue ASP het=  resseq=32 icode= >,4qr9_B_B,2.0
227,10.373,ASP,x,OD1,60.78,12.99,0.0,1.39,0.6,<Residue ASP het=  resseq=32 icode= >,4qr9_B_B,2.0
228,38.691,ASP,x,OD2,81.3,14.17,0.0,-0.37,0.6,<Residue ASP het=  resseq=32 icode= >,4qr9_B_B,2.0
229,0.0,ALA, ,N,53.4,10.36,0.0,1.89,1.0,<Residue ALA het=  resseq=33 icode= >,4qr9_B_B,2.0
230,8.229,ALA, ,CA,57.27,9.96,0.0,1.81,1.0,<Residue ALA het=  resseq=33 icode= >,4qr9_B_B,2.0
231,0.538,ALA, ,C,48.89,8.50,0.0,2.65,1.0,<Residue ALA het=  resseq=33 icode= >,4qr9_B_B,2.0
232,6.976,ALA, ,O,51.22,7.66,0.0,2.36,1.0,<Residue ALA het=  resseq=33 icode= >,4qr9_B_B,2.0
233,26.748,ALA, ,CB,55.93,10.30,0.0,1.31,1.0,<Residue ALA het=  resseq=33 icode= >,4qr9_B_B,2.0
234,8.185,SER, ,N,50.21,8.36,0.0,2.17,1.0,<Residue SER het=  resseq=34 icode= >,4qr9_B_B,2.0
235,8.415,SER, ,CA,46.88,7.11,0.0,1.99,1.0,<Residue SER het=  resseq=34 icode= >,4qr9_B_B,2.0
236,0.0,SER, ,C,40.27,6.80,0.0,3.00,1.0,<Residue SER het=  resseq=34 icode= >,4qr9_B_B,2.0
237,10.359,SER, ,O,41.25,7.81,0.0,2.74,1.0,<Residue SER het=  resseq=34 icode= >,4qr9_B_B,2.0
238,47.74,SER, ,CB,56.23,7.24,18.736,1.58,1.0,<Residue SER het=  resseq=34 icode= >,4qr9_B_B,2.0
239,29.242,SER, ,OG,62.91,7.90,18.132,0.94,1.0,<Residue SER het=  resseq=34 icode= >,4qr9_B_B,2.0
240,4.16,VAL, ,N,34.06,5.59,0.589,3.02,1.0,<Residue VAL het=  resseq=35 icode= >,4qr9_B_B,2.0
241,0.034,VAL, ,CA,35.5,5.66,0.0,2.53,1.0,<Residue VAL het=  resseq=35 icode= >,4qr9_B_B,2.0
242,0.197,VAL, ,C,31.63,6.48,0.0,3.62,1.0,<Residue VAL het=  resseq=35 icode= >,4qr9_B_B,2.0
243,14.634,VAL, ,O,33.82,6.31,13.173,2.97,1.0,<Residue VAL het=  resseq=35 icode= >,4qr9_B_B,2.0
244,2.063,VAL, ,CB,39.66,4.44,1.606,2.16,1.0,<Residue VAL het=  resseq=35 icode= >,4qr9_B_B,2.0
245,4.042,VAL, ,CG1,34.12,4.37,3.717,1.22,1.0,<Residue VAL het=  resseq=35 icode= >,4qr9_B_B,2.0
246,11.82,VAL, ,CG2,37.75,3.99,11.195,1.47,1.0,<Residue VAL het=  resseq=35 icode= >,4qr9_B_B,2.0
247,3.876,ASN, ,N,30.15,7.59,0.0,3.26,1.0,<Residue ASN het=  resseq=36 icode= >,4qr9_B_B,2.0
248,7.813,ASN, ,CA,27.58,7.71,5.743,2.94,1.0,<Residue ASN het=  resseq=36 icode= >,4qr9_B_B,2.0
249,0.0,ASN, ,C,27.0,6.23,0.0,3.86,1.0,<Residue ASN het=  resseq=36 icode= >,4qr9_B_B,2.0
250,0.091,ASN, ,O,25.45,6.03,0.0,4.06,1.0,<Residue ASN het=  resseq=36 icode= >,4qr9_B_B,2.0
251,25.752,ASN, ,CB,33.5,8.71,0.288,1.82,1.0,<Residue ASN het=  resseq=36 icode= >,4qr9_B_B,2.0
252,4.982,ASN, ,CG,37.72,8.30,4.982,2.87,1.0,<Residue ASN het=  resseq=36 icode= >,4qr9_B_B,2.0
253,6.743,ASN, ,OD1,32.26,7.10,6.743,2.88,1.0,<Residue ASN het=  resseq=36 icode= >,4qr9_B_B,2.0
254,45.018,ASN, ,ND2,42.42,8.83,16.133,1.21,1.0,<Residue ASN het=  resseq=36 icode= >,4qr9_B_B,2.0
255,4.788,PHE, ,N,20.76,5.40,4.788,3.87,1.0,<Residue PHE het=  resseq=37 icode= >,4qr9_B_B,2.0
256,0.354,PHE, ,CA,20.74,3.92,0.354,3.36,1.0,<Residue PHE het=  resseq=37 icode= >,4qr9_B_B,2.0
257,1.308,PHE, ,C,19.15,3.53,1.308,4.34,1.0,<Residue PHE het=  resseq=37 icode= >,4qr9_B_B,2.0
258,2.402,PHE, ,O,21.79,3.05,2.402,3.95,1.0,<Residue PHE het=  resseq=37 icode= >,4qr9_B_B,2.0
259,25.617,PHE, ,CB,20.52,3.56,25.617,3.00,1.0,<Residue PHE het=  resseq=37 icode= >,4qr9_B_B,2.0
260,1.848,PHE, ,CG,21.78,4.04,1.848,3.28,1.0,<Residue PHE het=  resseq=37 icode= >,4qr9_B_B,2.0
261,6.292,PHE, ,CD1,20.5,4.62,6.292,3.33,1.0,<Residue PHE het=  resseq=37 icode= >,4qr9_B_B,2.0
262,29.754,PHE, ,CD2,21.29,3.60,29.754,3.07,1.0,<Residue PHE het=  resseq=37 icode= >,4qr9_B_B,2.0
263,19.496,PHE, ,CE1,23.58,3.55,18.899,2.81,1.0,<Residue PHE het=  resseq=37 icode= >,4qr9_B_B,2.0
264,35.586,PHE, ,CE2,20.71,3.63,35.586,2.82,1.0,<Residue PHE het=  resseq=37 icode= >,4qr9_B_B,2.0
265,36.592,PHE, ,CZ,21.34,3.36,36.592,2.69,1.0,<Residue PHE het=  resseq=37 icode= >,4qr9_B_B,2.0
266,2.731,SER, ,N,22.98,4.35,2.731,3.42,1.0,<Residue SER het=  resseq=38 icode= >,4qr9_B_B,2.0
267,10.31,SER, ,CA,27.14,4.02,10.31,2.82,1.0,<Residue SER het=  resseq=38 icode= >,4qr9_B_B,2.0
268,0.0,SER, ,C,26.65,4.55,0.0,4.52,1.0,<Residue SER het=  resseq=38 icode= >,4qr9_B_B,2.0
269,0.804,SER, ,O,27.58,4.05,0.804,3.98,1.0,<Residue SER het=  resseq=38 icode= >,4qr9_B_B,2.0
270,39.691,SER, ,CB,29.29,3.74,32.764,2.84,1.0,<Residue SER het=  resseq=38 icode= >,4qr9_B_B,2.0
271,17.092,SER, ,OG,35.36,3.04,8.951,2.00,1.0,<Residue SER het=  resseq=38 icode= >,4qr9_B_B,2.0
272,0.068,GLU, ,N,27.04,5.68,0.0,3.95,1.0,<Residue GLU het=  resseq=39 icode= >,4qr9_B_B,2.0
273,0.0,GLU, ,CA,29.52,6.58,0.0,2.90,1.0,<Residue GLU het=  resseq=39 icode= >,4qr9_B_B,2.0
274,0.01,GLU, ,C,24.29,7.06,0.0,4.72,1.0,<Residue GLU het=  resseq=39 icode= >,4qr9_B_B,2.0
275,0.0,GLU, ,O,25.5,7.30,0.0,3.97,1.0,<Residue GLU het=  resseq=39 icode= >,4qr9_B_B,2.0
276,3.363,GLU, ,CB,39.79,7.70,0.0,1.79,1.0,<Residue GLU het=  resseq=39 icode= >,4qr9_B_B,2.0
277,16.9,GLU, ,CG,42.98,8.65,0.0,1.12,1.0,<Residue GLU het=  resseq=39 icode= >,4qr9_B_B,2.0
278,8.323,GLU, ,CD,55.37,8.19,0.0,1.04,1.0,<Residue GLU het=  resseq=39 icode= >,4qr9_B_B,2.0
279,16.149,GLU, ,OE1,63.77,8.41,0.0,0.55,1.0,<Residue GLU het=  resseq=39 icode= >,4qr9_B_B,2.0
280,21.938,GLU, ,OE2,48.9,7.37,0.0,1.54,1.0,<Residue GLU het=  resseq=39 icode= >,4qr9_B_B,2.0
281,1.088,PHE, ,N,21.88,6.34,0.0,4.43,1.0,<Residue PHE het=  resseq=40 icode= >,4qr9_B_B,2.0
282,3.22,PHE, ,CA,25.54,6.33,0.0,3.95,1.0,<Residue PHE het=  resseq=40 icode= >,4qr9_B_B,2.0
283,0.0,PHE, ,C,24.15,5.86,0.0,4.84,1.0,<Residue PHE het=  resseq=40 icode= >,4qr9_B_B,2.0
284,0.0,PHE, ,O,20.8,6.54,0.0,5.10,1.0,<Residue PHE het=  resseq=40 icode= >,4qr9_B_B,2.0
285,3.382,PHE, ,CB,22.61,5.51,0.0,3.32,1.0,<Residue PHE het=  resseq=40 icode= >,4qr9_B_B,2.0
286,0.0,PHE, ,CG,24.42,5.02,0.0,3.50,1.0,<Residue PHE het=  resseq=40 icode= >,4qr9_B_B,2.0
287,4.823,PHE, ,CD1,29.09,5.70,0.0,2.23,1.0,<Residue PHE het=  resseq=40 icode= >,4qr9_B_B,2.0
288,8.132,PHE, ,CD2,25.76,3.89,8.034,2.77,1.0,<Residue PHE het=  resseq=40 icode= >,4qr9_B_B,2.0
289,1.049,PHE, ,CE1,30.09,5.29,0.0,2.24,1.0,<Residue PHE het=  resseq=40 icode= >,4qr9_B_B,2.0
290,12.004,PHE, ,CE2,23.66,3.47,11.635,2.83,1.0,<Residue PHE het=  resseq=40 icode= >,4qr9_B_B,2.0
291,0.084,PHE, ,CZ,31.26,4.07,0.084,2.27,1.0,<Residue PHE het=  resseq=40 icode= >,4qr9_B_B,2.0
292,0.0,SER, ,N,19.48,4.73,0.0,5.01,1.0,<Residue SER het=  resseq=41 icode= >,4qr9_B_B,2.0
293,3.438,SER, ,CA,19.79,4.70,0.135,3.45,1.0,<Residue SER het=  resseq=41 icode= >,4qr9_B_B,2.0
294,0.296,SER, ,C,19.91,4.29,0.296,4.99,1.0,<Residue SER het=  resseq=41 icode= >,4qr9_B_B,2.0
295,0.004,SER, ,O,18.84,4.05,0.004,4.64,1.0,<Residue SER het=  resseq=41 icode= >,4qr9_B_B,2.0
296,26.399,SER, ,CB,22.48,3.39,25.639,3.67,1.0,<Residue SER het=  resseq=41 icode= >,4qr9_B_B,2.0
297,31.748,SER, ,OG,19.79,2.75,30.647,3.88,1.0,<Residue SER het=  resseq=41 icode= >,4qr9_B_B,2.0
298,0.013,LYS, ,N,21.76,4.38,0.013,4.10,1.0,<Residue LYS het=  resseq=42 icode= >,4qr9_B_B,2.0
299,4.208,LYS, ,CA,24.26,4.39,3.091,3.56,1.0,<Residue LYS het=  resseq=42 icode= >,4qr9_B_B,2.0
300,0.052,LYS, ,C,25.06,5.52,0.0,4.81,1.0,<Residue LYS het=  resseq=42 icode= >,4qr9_B_B,2.0
301,0.439,LYS, ,O,22.13,5.63,0.0,4.17,1.0,<Residue LYS het=  resseq=42 icode= >,4qr9_B_B,2.0
302,2.898,LYS, ,CB,27.27,4.40,0.178,3.24,1.0,<Residue LYS het=  resseq=42 icode= >,4qr9_B_B,2.0
303,18.19,LYS, ,CG,31.35,3.50,18.103,2.45,1.0,<Residue LYS het=  resseq=42 icode= >,4qr9_B_B,2.0
304,19.896,LYS, ,CD,36.99,4.17,1.424,1.91,1.0,<Residue LYS het=  resseq=42 icode= >,4qr9_B_B,2.0
305,19.834,LYS, ,CE,42.81,3.92,16.355,1.49,1.0,<Residue LYS het=  resseq=42 icode= >,4qr9_B_B,2.0
306,49.287,LYS, ,NZ,44.55,4.58,4.485,1.44,1.0,<Residue LYS het=  resseq=42 icode= >,4qr9_B_B,2.0
307,0.0,LYS, ,N,24.1,6.62,0.0,4.65,1.0,<Residue LYS het=  resseq=43 icode= >,4qr9_B_B,2.0
308,1.005,LYS, ,CA,27.75,7.80,0.0,4.01,1.0,<Residue LYS het=  resseq=43 icode= >,4qr9_B_B,2.0
309,1.228,LYS, ,C,26.41,7.86,0.0,4.56,1.0,<Residue LYS het=  resseq=43 icode= >,4qr9_B_B,2.0
310,3.911,LYS, ,O,20.46,8.59,0.0,4.60,1.0,<Residue LYS het=  resseq=43 icode= >,4qr9_B_B,2.0
311,15.708,LYS, ,CB,31.11,9.02,0.0,2.92,1.0,<Residue LYS het=  resseq=43 icode= >,4qr9_B_B,2.0
312,9.438,LYS, ,CG,42.18,9.49,0.0,2.03,1.0,<Residue LYS het=  resseq=43 icode= >,4qr9_B_B,2.0
313,23.993,LYS, ,CD,59.1,10.78,0.0,0.93,1.0,<Residue LYS het=  resseq=43 icode= >,4qr9_B_B,2.0
314,26.33,LYS, ,CE,75.98,11.16,0.0,-0.45,1.0,<Residue LYS het=  resseq=43 icode= >,4qr9_B_B,2.0
315,44.159,LYS, ,NZ,80.57,12.44,0.0,-0.44,1.0,<Residue LYS het=  resseq=43 icode= >,4qr9_B_B,2.0
316,0.085,CYS, ,N,24.44,7.36,0.0,3.99,1.0,<Residue CYS het=  resseq=44 icode= >,4qr9_B_B,2.0
317,0.8,CYS, ,CA,23.26,7.56,0.0,3.90,1.0,<Residue CYS het=  resseq=44 icode= >,4qr9_B_B,2.0
318,0.0,CYS, ,C,23.83,6.63,0.0,4.75,1.0,<Residue CYS het=  resseq=44 icode= >,4qr9_B_B,2.0
319,0.0,CYS, ,O,20.61,6.64,0.0,4.29,1.0,<Residue CYS het=  resseq=44 icode= >,4qr9_B_B,2.0
320,0.268,CYS, ,CB,30.05,7.24,0.0,2.68,1.0,<Residue CYS het=  resseq=44 icode= >,4qr9_B_B,2.0
321,2.162,CYS, ,SG,39.48,6.68,0.0,5.01,1.0,<Residue CYS het=  resseq=44 icode= >,4qr9_B_B,2.0
322,0.0,SER,x,N,23.64,5.48,0.0,4.09,0.4,<Residue SER het=  resseq=45 icode= >,4qr9_B_B,2.0
323,1.077,SER,x,CA,23.05,4.39,1.077,3.02,0.4,<Residue SER het=  resseq=45 icode= >,4qr9_B_B,2.0
324,0.0,SER,x,C,23.55,4.67,0.0,3.64,0.4,<Residue SER het=  resseq=45 icode= >,4qr9_B_B,2.0
325,1.284,SER,x,O,24.17,4.44,1.134,3.72,0.4,<Residue SER het=  resseq=45 icode= >,4qr9_B_B,2.0
326,17.763,SER,x,CB,23.57,3.38,16.512,3.51,0.4,<Residue SER het=  resseq=45 icode= >,4qr9_B_B,2.0
327,23.254,SER,x,OG,25.83,2.58,18.265,1.33,0.4,<Residue SER het=  resseq=45 icode= >,4qr9_B_B,2.0
328,0.0,GLU, ,N,24.74,5.61,0.0,4.02,1.0,<Residue GLU het=  resseq=46 icode= >,4qr9_B_B,2.0
329,0.0,GLU, ,CA,28.16,6.54,0.0,3.02,1.0,<Residue GLU het=  resseq=46 icode= >,4qr9_B_B,2.0
330,1.394,GLU, ,C,24.97,7.31,0.0,4.31,1.0,<Residue GLU het=  resseq=46 icode= >,4qr9_B_B,2.0
331,0.352,GLU, ,O,30.42,7.68,0.0,3.69,1.0,<Residue GLU het=  resseq=46 icode= >,4qr9_B_B,2.0
332,15.004,GLU, ,CB,36.29,7.63,0.0,2.25,1.0,<Residue GLU het=  resseq=46 icode= >,4qr9_B_B,2.0
333,11.032,GLU, ,CG,48.11,7.27,0.0,1.00,1.0,<Residue GLU het=  resseq=46 icode= >,4qr9_B_B,2.0
334,9.155,GLU, ,CD,61.54,7.41,0.0,0.82,1.0,<Residue GLU het=  resseq=46 icode= >,4qr9_B_B,2.0
335,35.502,GLU, ,OE1,86.35,8.59,0.0,0.24,1.0,<Residue GLU het=  resseq=46 icode= >,4qr9_B_B,2.0
336,31.374,GLU, ,OE2,74.75,6.50,0.0,0.53,1.0,<Residue GLU het=  resseq=46 icode= >,4qr9_B_B,2.0
337,1.017,ARG, ,N,28.13,7.90,0.0,3.30,1.0,<Residue ARG het=  resseq=47 icode= >,4qr9_B_B,2.0
338,3.216,ARG, ,CA,26.03,8.88,0.0,2.80,1.0,<Residue ARG het=  resseq=47 icode= >,4qr9_B_B,2.0
339,0.0,ARG, ,C,27.58,8.44,0.0,3.67,1.0,<Residue ARG het=  resseq=47 icode= >,4qr9_B_B,2.0
340,0.0,ARG, ,O,23.4,9.19,0.0,4.21,1.0,<Residue ARG het=  resseq=47 icode= >,4qr9_B_B,2.0
341,8.14,ARG, ,CB,33.19,9.72,0.0,2.01,1.0,<Residue ARG het=  resseq=47 icode= >,4qr9_B_B,2.0
342,3.417,ARG, ,CG,40.37,10.91,0.0,1.69,1.0,<Residue ARG het=  resseq=47 icode= >,4qr9_B_B,2.0
343,28.829,ARG, ,CD,50.58,11.95,0.0,0.47,1.0,<Residue ARG het=  resseq=47 icode= >,4qr9_B_B,2.0
344,13.017,ARG, ,NE,56.36,12.84,0.0,1.13,1.0,<Residue ARG het=  resseq=47 icode= >,4qr9_B_B,2.0
345,4.431,ARG, ,CZ,62.24,12.95,0.0,1.52,1.0,<Residue ARG het=  resseq=47 icode= >,4qr9_B_B,2.0
346,7.908,ARG, ,NH1,59.93,12.17,0.0,1.11,1.0,<Residue ARG het=  resseq=47 icode= >,4qr9_B_B,2.0
347,25.217,ARG, ,NH2,66.48,13.67,0.0,0.76,1.0,<Residue ARG het=  resseq=47 icode= >,4qr9_B_B,2.0
348,0.0,TRP, ,N,25.8,7.42,0.0,2.77,1.0,<Residue TRP het=  resseq=48 icode= >,4qr9_B_B,2.0
349,0.0,TRP, ,CA,25.06,7.05,0.0,2.40,1.0,<Residue TRP het=  resseq=48 icode= >,4qr9_B_B,2.0
350,0.0,TRP, ,C,26.43,7.11,0.0,3.89,1.0,<Residue TRP het=  resseq=48 icode= >,4qr9_B_B,2.0
351,0.0,TRP, ,O,25.75,6.85,0.0,3.63,1.0,<Residue TRP het=  resseq=48 icode= >,4qr9_B_B,2.0
352,0.0,TRP, ,CB,24.82,5.62,0.0,2.45,1.0,<Residue TRP het=  resseq=48 icode= >,4qr9_B_B,2.0
353,0.0,TRP, ,CG,23.64,5.01,0.0,3.46,1.0,<Residue TRP het=  resseq=48 icode= >,4qr9_B_B,2.0
354,19.77,TRP, ,CD1,22.7,3.75,12.157,3.39,1.0,<Residue TRP het=  resseq=48 icode= >,4qr9_B_B,2.0
355,0.0,TRP, ,CD2,21.98,5.03,0.0,3.30,1.0,<Residue TRP het=  resseq=48 icode= >,4qr9_B_B,2.0
356,18.578,TRP, ,NE1,27.11,2.84,18.578,3.47,1.0,<Residue TRP het=  resseq=48 icode= >,4qr9_B_B,2.0
357,0.0,TRP, ,CE2,23.07,3.85,0.0,3.16,1.0,<Residue TRP het=  resseq=48 icode= >,4qr9_B_B,2.0
358,0.0,TRP, ,CE3,23.04,6.22,0.0,2.68,1.0,<Residue TRP het=  resseq=48 icode= >,4qr9_B_B,2.0
359,4.297,TRP, ,CZ2,28.21,4.20,2.398,2.65,1.0,<Residue TRP het=  resseq=48 icode= >,4qr9_B_B,2.0
360,0.0,TRP, ,CZ3,27.89,6.42,0.0,2.52,1.0,<Residue TRP het=  resseq=48 icode= >,4qr9_B_B,2.0
361,0.0,TRP, ,CH2,26.42,5.55,0.0,2.36,1.0,<Residue TRP het=  resseq=48 icode= >,4qr9_B_B,2.0
362,0.0,LYS, ,N,28.15,6.42,0.0,3.42,1.0,<Residue LYS het=  resseq=49 icode= >,4qr9_B_B,2.0
363,3.294,LYS, ,CA,30.58,6.68,0.0,2.39,1.0,<Residue LYS het=  resseq=49 icode= >,4qr9_B_B,2.0
364,0.458,LYS, ,C,29.67,8.20,0.0,3.97,1.0,<Residue LYS het=  resseq=49 icode= >,4qr9_B_B,2.0
365,27.132,LYS, ,O,28.26,8.76,0.0,3.71,1.0,<Residue LYS het=  resseq=49 icode= >,4qr9_B_B,2.0
366,3.103,LYS, ,CB,35.21,6.33,0.0,2.76,1.0,<Residue LYS het=  resseq=49 icode= >,4qr9_B_B,2.0
367,23.392,LYS, ,CG,46.41,5.23,3.625,1.30,1.0,<Residue LYS het=  resseq=49 icode= >,4qr9_B_B,2.0
368,37.182,LYS, ,CD,48.19,5.66,0.0,0.96,1.0,<Residue LYS het=  resseq=49 icode= >,4qr9_B_B,2.0
369,28.098,LYS, ,CE,57.84,5.62,0.0,0.36,1.0,<Residue LYS het=  resseq=49 icode= >,4qr9_B_B,2.0
370,23.404,LYS, ,NZ,57.9,4.41,3.244,0.59,1.0,<Residue LYS het=  resseq=49 icode= >,4qr9_B_B,2.0
371,0.0,THR, ,N,26.9,8.93,0.0,3.86,1.0,<Residue THR het=  resseq=50 icode= >,4qr9_B_B,2.0
372,8.438,THR, ,CA,33.52,10.39,0.0,2.71,1.0,<Residue THR het=  resseq=50 icode= >,4qr9_B_B,2.0
373,0.995,THR, ,C,32.2,11.13,0.0,3.22,1.0,<Residue THR het=  resseq=50 icode= >,4qr9_B_B,2.0
374,22.181,THR, ,O,29.36,12.12,0.0,3.10,1.0,<Residue THR het=  resseq=50 icode= >,4qr9_B_B,2.0
375,14.25,THR, ,CB,30.51,10.94,0.0,2.70,1.0,<Residue THR het=  resseq=50 icode= >,4qr9_B_B,2.0
376,6.066,THR, ,OG1,36.06,10.90,0.0,2.17,1.0,<Residue THR het=  resseq=50 icode= >,4qr9_B_B,2.0
377,50.965,THR, ,CG2,43.85,10.43,0.0,0.92,1.0,<Residue THR het=  resseq=50 icode= >,4qr9_B_B,2.0
378,0.0,MET, ,N,31.2,10.30,0.0,2.62,1.0,<Residue MET het=  resseq=51 icode= >,4qr9_B_B,2.0
379,0.044,MET, ,CA,28.73,10.67,0.0,2.69,1.0,<Residue MET het=  resseq=51 icode= >,4qr9_B_B,2.0
380,0.0,MET, ,C,27.22,10.76,0.0,3.66,1.0,<Residue MET het=  resseq=51 icode= >,4qr9_B_B,2.0
381,9.96,MET, ,O,23.12,10.03,0.0,4.38,1.0,<Residue MET het=  resseq=51 icode= >,4qr9_B_B,2.0
382,0.0,MET, ,CB,33.19,9.82,0.0,2.23,1.0,<Residue MET het=  resseq=51 icode= >,4qr9_B_B,2.0
383,0.0,MET, ,CG,46.39,10.61,0.0,1.21,1.0,<Residue MET het=  resseq=51 icode= >,4qr9_B_B,2.0
384,1.409,MET, ,SD,42.32,9.94,0.0,4.07,1.0,<Residue MET het=  resseq=51 icode= >,4qr9_B_B,2.0
385,0.0,MET, ,CE,50.33,8.44,0.0,0.21,1.0,<Residue MET het=  resseq=51 icode= >,4qr9_B_B,2.0
386,2.09,SER, ,N,25.85,11.82,0.0,3.00,1.0,<Residue SER het=  resseq=52 icode= >,4qr9_B_B,2.0
387,9.846,SER, ,CA,24.26,12.28,0.0,3.25,1.0,<Residue SER het=  resseq=52 icode= >,4qr9_B_B,2.0
388,0.0,SER, ,C,26.83,11.49,0.0,4.36,1.0,<Residue SER het=  resseq=52 icode= >,4qr9_B_B,2.0
389,0.0,SER, ,O,27.66,10.93,0.0,3.96,1.0,<Residue SER het=  resseq=52 icode= >,4qr9_B_B,2.0
390,41.506,SER, ,CB,27.53,13.72,0.0,2.79,1.0,<Residue SER het=  resseq=52 icode= >,4qr9_B_B,2.0
391,4.206,SER, ,OG,25.97,13.73,0.0,3.31,1.0,<Residue SER het=  resseq=52 icode= >,4qr9_B_B,2.0
392,8.772,ALA, ,N,26.93,11.69,0.0,3.58,1.0,<Residue ALA het=  resseq=53 icode= >,4qr9_B_B,2.0
393,4.478,ALA, ,CA,30.57,11.29,0.0,3.15,1.0,<Residue ALA het=  resseq=53 icode= >,4qr9_B_B,2.0
394,1.451,ALA, ,C,35.54,11.94,0.0,3.57,1.0,<Residue ALA het=  resseq=53 icode= >,4qr9_B_B,2.0
395,6.976,ALA, ,O,33.63,11.49,0.0,3.19,1.0,<Residue ALA het=  resseq=53 icode= >,4qr9_B_B,2.0
396,68.006,ALA, ,CB,34.21,11.91,0.0,2.13,1.0,<Residue ALA het=  resseq=53 icode= >,4qr9_B_B,2.0
397,3.961,LYS, ,N,29.97,13.10,0.0,3.00,1.0,<Residue LYS het=  resseq=54 icode= >,4qr9_B_B,2.0
398,9.581,LYS, ,CA,34.98,13.90,0.0,2.74,1.0,<Residue LYS het=  resseq=54 icode= >,4qr9_B_B,2.0
399,0.0,LYS, ,C,36.24,13.29,0.0,3.49,1.0,<Residue LYS het=  resseq=54 icode= >,4qr9_B_B,2.0
400,2.689,LYS, ,O,37.57,13.26,0.0,2.79,1.0,<Residue LYS het=  resseq=54 icode= >,4qr9_B_B,2.0
401,17.846,LYS, ,CB,39.89,15.30,0.0,1.56,1.0,<Residue LYS het=  resseq=54 icode= >,4qr9_B_B,2.0
402,14.993,LYS, ,CG,50.46,16.30,0.0,1.27,1.0,<Residue LYS het=  resseq=54 icode= >,4qr9_B_B,2.0
403,33.254,LYS, ,CD,57.94,17.66,0.0,0.96,1.0,<Residue LYS het=  resseq=54 icode= >,4qr9_B_B,2.0
404,44.482,LYS, ,CE,72.75,18.79,0.0,0.48,1.0,<Residue LYS het=  resseq=54 icode= >,4qr9_B_B,2.0
405,49.331,LYS, ,NZ,84.02,20.00,0.0,-0.06,1.0,<Residue LYS het=  resseq=54 icode= >,4qr9_B_B,2.0
406,0.357,GLU, ,N,31.05,13.09,0.0,3.18,1.0,<Residue GLU het=  resseq=55 icode= >,4qr9_B_B,2.0
407,0.423,GLU, ,CA,36.45,12.74,0.0,2.75,1.0,<Residue GLU het=  resseq=55 icode= >,4qr9_B_B,2.0
408,0.0,GLU, ,C,38.37,11.44,0.0,3.45,1.0,<Residue GLU het=  resseq=55 icode= >,4qr9_B_B,2.0
409,0.0,GLU, ,O,35.81,11.51,0.0,3.33,1.0,<Residue GLU het=  resseq=55 icode= >,4qr9_B_B,2.0
410,0.379,GLU, ,CB,41.77,12.87,0.0,2.18,1.0,<Residue GLU het=  resseq=55 icode= >,4qr9_B_B,2.0
411,9.128,GLU, ,CG,53.74,13.92,0.0,0.94,1.0,<Residue GLU het=  resseq=55 icode= >,4qr9_B_B,2.0
412,7.988,GLU, ,CD,68.33,14.38,0.0,0.74,1.0,<Residue GLU het=  resseq=55 icode= >,4qr9_B_B,2.0
413,25.064,GLU, ,OE1,71.48,14.97,0.0,0.89,1.0,<Residue GLU het=  resseq=55 icode= >,4qr9_B_B,2.0
414,28.219,GLU, ,OE2,73.78,14.31,0.0,0.54,1.0,<Residue GLU het=  resseq=55 icode= >,4qr9_B_B,2.0
415,0.0,LYS, ,N,32.85,10.39,0.0,3.08,1.0,<Residue LYS het=  resseq=56 icode= >,4qr9_B_B,2.0
416,0.0,LYS, ,CA,35.77,9.10,0.0,2.83,1.0,<Residue LYS het=  resseq=56 icode= >,4qr9_B_B,2.0
417,0.0,LYS, ,C,44.56,9.51,0.0,3.06,1.0,<Residue LYS het=  resseq=56 icode= >,4qr9_B_B,2.0
418,0.0,LYS, ,O,35.54,9.03,0.0,2.26,1.0,<Residue LYS het=  resseq=56 icode= >,4qr9_B_B,2.0
419,2.035,LYS, ,CB,36.93,8.23,0.0,2.30,1.0,<Residue LYS het=  resseq=56 icode= >,4qr9_B_B,2.0
420,0.875,LYS, ,CG,44.45,6.81,0.0,1.31,1.0,<Residue LYS het=  resseq=56 icode= >,4qr9_B_B,2.0
421,10.58,LYS, ,CD,43.88,6.67,0.0,1.85,1.0,<Residue LYS het=  resseq=56 icode= >,4qr9_B_B,2.0
422,11.288,LYS, ,CE,44.52,5.24,0.824,1.22,1.0,<Residue LYS het=  resseq=56 icode= >,4qr9_B_B,2.0
423,18.397,LYS, ,NZ,42.24,5.12,0.201,1.34,1.0,<Residue LYS het=  resseq=56 icode= >,4qr9_B_B,2.0
424,0.0,GLY, ,N,40.35,10.59,0.0,2.73,1.0,<Residue GLY het=  resseq=57 icode= >,4qr9_B_B,2.0
425,18.775,GLY, ,CA,45.67,11.21,0.0,2.38,1.0,<Residue GLY het=  resseq=57 icode= >,4qr9_B_B,2.0
426,1.993,GLY, ,C,45.05,11.62,0.0,3.28,1.0,<Residue GLY het=  resseq=57 icode= >,4qr9_B_B,2.0
427,0.57,GLY, ,O,40.5,11.18,0.0,2.38,1.0,<Residue GLY het=  resseq=57 icode= >,4qr9_B_B,2.0
428,0.028,LYS, ,N,41.07,12.27,0.0,3.39,1.0,<Residue LYS het=  resseq=58 icode= >,4qr9_B_B,2.0
429,3.094,LYS, ,CA,41.9,12.75,0.0,2.76,1.0,<Residue LYS het=  resseq=58 icode= >,4qr9_B_B,2.0
430,0.0,LYS, ,C,40.46,11.68,0.0,3.07,1.0,<Residue LYS het=  resseq=58 icode= >,4qr9_B_B,2.0
431,1.908,LYS, ,O,37.09,11.82,0.0,2.62,1.0,<Residue LYS het=  resseq=58 icode= >,4qr9_B_B,2.0
432,10.336,LYS, ,CB,48.94,13.64,0.0,1.86,1.0,<Residue LYS het=  resseq=58 icode= >,4qr9_B_B,2.0
433,14.617,LYS, ,CG,58.11,14.48,0.0,0.87,1.0,<Residue LYS het=  resseq=58 icode= >,4qr9_B_B,2.0
434,32.545,LYS, ,CD,66.34,15.53,0.0,-0.20,1.0,<Residue LYS het=  resseq=58 icode= >,4qr9_B_B,2.0
435,8.047,LYS, ,CE,63.34,15.03,0.0,0.42,1.0,<Residue LYS het=  resseq=58 icode= >,4qr9_B_B,2.0
436,39.787,LYS, ,NZ,56.31,16.25,0.0,1.20,1.0,<Residue LYS het=  resseq=58 icode= >,4qr9_B_B,2.0
437,0.0,PHE, ,N,34.48,10.55,0.0,3.10,1.0,<Residue PHE het=  resseq=59 icode= >,4qr9_B_B,2.0
438,0.0,PHE, ,CA,30.24,9.51,0.0,2.72,1.0,<Residue PHE het=  resseq=59 icode= >,4qr9_B_B,2.0
439,0.0,PHE, ,C,35.84,8.73,0.0,3.56,1.0,<Residue PHE het=  resseq=59 icode= >,4qr9_B_B,2.0
440,0.0,PHE, ,O,31.28,8.35,0.0,3.42,1.0,<Residue PHE het=  resseq=59 icode= >,4qr9_B_B,2.0
441,0.0,PHE, ,CB,26.62,8.70,0.0,2.88,1.0,<Residue PHE het=  resseq=59 icode= >,4qr9_B_B,2.0
442,0.0,PHE, ,CG,29.49,9.71,0.0,2.99,1.0,<Residue PHE het=  resseq=59 icode= >,4qr9_B_B,2.0
443,0.0,PHE, ,CD1,30.72,10.46,0.0,2.32,1.0,<Residue PHE het=  resseq=59 icode= >,4qr9_B_B,2.0
444,0.0,PHE, ,CD2,28.67,10.08,0.0,2.47,1.0,<Residue PHE het=  resseq=59 icode= >,4qr9_B_B,2.0
445,1.071,PHE, ,CE1,28.1,10.90,0.0,2.50,1.0,<Residue PHE het=  resseq=59 icode= >,4qr9_B_B,2.0
446,1.331,PHE, ,CE2,29.47,11.07,0.0,2.16,1.0,<Residue PHE het=  resseq=59 icode= >,4qr9_B_B,2.0
447,14.62,PHE, ,CZ,29.7,11.85,0.0,2.03,1.0,<Residue PHE het=  resseq=59 icode= >,4qr9_B_B,2.0
448,0.0,GLU, ,N,33.17,8.48,0.0,3.22,1.0,<Residue GLU het=  resseq=60 icode= >,4qr9_B_B,2.0
449,0.387,GLU, ,CA,33.53,7.70,0.0,3.18,1.0,<Residue GLU het=  resseq=60 icode= >,4qr9_B_B,2.0
450,0.0,GLU, ,C,37.92,8.53,0.0,3.54,1.0,<Residue GLU het=  resseq=60 icode= >,4qr9_B_B,2.0
451,1.678,GLU, ,O,28.65,8.10,0.0,3.53,1.0,<Residue GLU het=  resseq=60 icode= >,4qr9_B_B,2.0
452,13.761,GLU, ,CB,41.12,7.71,0.0,2.01,1.0,<Residue GLU het=  resseq=60 icode= >,4qr9_B_B,2.0
453,14.537,GLU, ,CG,47.5,6.78,0.0,1.19,1.0,<Residue GLU het=  resseq=60 icode= >,4qr9_B_B,2.0
454,7.841,GLU, ,CD,58.01,7.26,0.0,1.65,1.0,<Residue GLU het=  resseq=60 icode= >,4qr9_B_B,2.0
455,21.445,GLU, ,OE1,57.57,8.05,0.0,1.44,1.0,<Residue GLU het=  resseq=60 icode= >,4qr9_B_B,2.0
456,22.425,GLU, ,OE2,65.86,6.59,0.0,0.84,1.0,<Residue GLU het=  resseq=60 icode= >,4qr9_B_B,2.0
457,0.0,ASP, ,N,34.59,9.84,0.0,3.78,1.0,<Residue ASP het=  resseq=61 icode= >,4qr9_B_B,2.0
458,0.105,ASP, ,CA,40.3,10.83,0.0,2.94,1.0,<Residue ASP het=  resseq=61 icode= >,4qr9_B_B,2.0
459,1.028,ASP, ,C,35.13,10.95,0.0,3.83,1.0,<Residue ASP het=  resseq=61 icode= >,4qr9_B_B,2.0
460,5.1,ASP, ,O,33.79,11.40,0.0,3.53,1.0,<Residue ASP het=  resseq=61 icode= >,4qr9_B_B,2.0
461,22.651,ASP, ,CB,43.25,12.23,0.0,2.27,1.0,<Residue ASP het=  resseq=61 icode= >,4qr9_B_B,2.0
462,7.921,ASP, ,CG,46.38,12.54,0.0,2.68,1.0,<Residue ASP het=  resseq=61 icode= >,4qr9_B_B,2.0
463,14.682,ASP, ,OD1,46.26,12.03,0.0,2.25,1.0,<Residue ASP het=  resseq=61 icode= >,4qr9_B_B,2.0
464,29.726,ASP, ,OD2,54.13,13.47,0.0,1.77,1.0,<Residue ASP het=  resseq=61 icode= >,4qr9_B_B,2.0
465,0.325,MET, ,N,36.44,10.88,0.0,2.96,1.0,<Residue MET het=  resseq=62 icode= >,4qr9_B_B,2.0
466,5.851,MET, ,CA,35.47,11.08,0.0,2.95,1.0,<Residue MET het=  resseq=62 icode= >,4qr9_B_B,2.0
467,0.0,MET, ,C,34.64,10.07,0.0,3.88,1.0,<Residue MET het=  resseq=62 icode= >,4qr9_B_B,2.0
468,1.312,MET, ,O,34.15,10.54,0.0,3.30,1.0,<Residue MET het=  resseq=62 icode= >,4qr9_B_B,2.0
469,1.86,MET, ,CB,42.72,11.27,0.0,2.02,1.0,<Residue MET het=  resseq=62 icode= >,4qr9_B_B,2.0
470,19.424,MET, ,CG,45.24,12.00,0.0,1.46,1.0,<Residue MET het=  resseq=62 icode= >,4qr9_B_B,2.0
471,7.982,MET, ,SD,41.58,10.99,0.0,4.46,1.0,<Residue MET het=  resseq=62 icode= >,4qr9_B_B,2.0
472,45.054,MET, ,CE,55.37,12.27,0.0,0.28,1.0,<Residue MET het=  resseq=62 icode= >,4qr9_B_B,2.0
473,0.0,ALA, ,N,30.17,8.81,0.0,3.66,1.0,<Residue ALA het=  resseq=63 icode= >,4qr9_B_B,2.0
474,0.0,ALA, ,CA,29.91,7.89,0.0,3.56,1.0,<Residue ALA het=  resseq=63 icode= >,4qr9_B_B,2.0
475,0.846,ALA, ,C,32.59,8.27,0.0,3.57,1.0,<Residue ALA het=  resseq=63 icode= >,4qr9_B_B,2.0
476,2.962,ALA, ,O,28.23,8.40,0.0,2.90,1.0,<Residue ALA het=  resseq=63 icode= >,4qr9_B_B,2.0
477,16.08,ALA, ,CB,28.48,6.44,0.0,2.66,1.0,<Residue ALA het=  resseq=63 icode= >,4qr9_B_B,2.0
478,0.126,LYS, ,N,34.77,8.71,0.0,2.70,1.0,<Residue LYS het=  resseq=64 icode= >,4qr9_B_B,2.0
479,1.357,LYS, ,CA,33.41,9.44,0.0,3.30,1.0,<Residue LYS het=  resseq=64 icode= >,4qr9_B_B,2.0
480,0.829,LYS, ,C,32.9,10.65,0.0,4.19,1.0,<Residue LYS het=  resseq=64 icode= >,4qr9_B_B,2.0
481,5.647,LYS, ,O,31.21,10.34,0.0,3.28,1.0,<Residue LYS het=  resseq=64 icode= >,4qr9_B_B,2.0
482,7.518,LYS, ,CB,46.14,10.04,0.0,2.03,1.0,<Residue LYS het=  resseq=64 icode= >,4qr9_B_B,2.0
483,18.694,LYS, ,CG,56.28,8.76,0.0,0.93,1.0,<Residue LYS het=  resseq=64 icode= >,4qr9_B_B,2.0
484,39.021,LYS, ,CD,68.19,8.92,0.0,0.44,1.0,<Residue LYS het=  resseq=64 icode= >,4qr9_B_B,2.0
485,40.176,LYS, ,CE,74.83,10.30,0.0,-0.07,1.0,<Residue LYS het=  resseq=64 icode= >,4qr9_B_B,2.0
486,15.331,LYS, ,NZ,80.9,10.66,0.0,0.13,1.0,<Residue LYS het=  resseq=64 icode= >,4qr9_B_B,2.0
487,1.15,ALA, ,N,33.85,11.40,0.0,3.14,1.0,<Residue ALA het=  resseq=65 icode= >,4qr9_B_B,2.0
488,8.121,ALA, ,CA,37.57,12.62,0.0,2.44,1.0,<Residue ALA het=  resseq=65 icode= >,4qr9_B_B,2.0
489,1.378,ALA, ,C,35.84,12.43,0.0,3.11,1.0,<Residue ALA het=  resseq=65 icode= >,4qr9_B_B,2.0
490,3.854,ALA, ,O,32.75,12.95,0.0,3.08,1.0,<Residue ALA het=  resseq=65 icode= >,4qr9_B_B,2.0
491,50.055,ALA, ,CB,40.76,13.40,0.0,1.78,1.0,<Residue ALA het=  resseq=65 icode= >,4qr9_B_B,2.0
492,0.29,ASP, ,N,30.81,11.50,0.0,2.77,1.0,<Residue ASP het=  resseq=66 icode= >,4qr9_B_B,2.0
493,2.104,ASP, ,CA,31.21,10.50,0.0,2.63,1.0,<Residue ASP het=  resseq=66 icode= >,4qr9_B_B,2.0
494,0.0,ASP, ,C,31.9,10.36,0.0,3.59,1.0,<Residue ASP het=  resseq=66 icode= >,4qr9_B_B,2.0
495,0.0,ASP, ,O,36.77,10.00,0.0,2.65,1.0,<Residue ASP het=  resseq=66 icode= >,4qr9_B_B,2.0
496,3.102,ASP, ,CB,30.04,9.31,0.0,2.18,1.0,<Residue ASP het=  resseq=66 icode= >,4qr9_B_B,2.0
497,0.348,ASP, ,CG,31.68,8.22,0.0,3.46,1.0,<Residue ASP het=  resseq=66 icode= >,4qr9_B_B,2.0
498,17.0,ASP, ,OD1,35.25,8.61,0.0,2.59,1.0,<Residue ASP het=  resseq=66 icode= >,4qr9_B_B,2.0
499,0.0,ASP, ,OD2,30.65,7.13,0.0,2.79,1.0,<Residue ASP het=  resseq=66 icode= >,4qr9_B_B,2.0
500,0.285,LYS, ,N,31.24,10.12,0.0,3.81,1.0,<Residue LYS het=  resseq=67 icode= >,4qr9_B_B,2.0
501,0.08,LYS, ,CA,35.39,9.10,0.0,2.92,1.0,<Residue LYS het=  resseq=67 icode= >,4qr9_B_B,2.0
502,0.0,LYS, ,C,36.9,9.77,0.0,3.09,1.0,<Residue LYS het=  resseq=67 icode= >,4qr9_B_B,2.0
503,0.0,LYS, ,O,32.42,9.65,0.0,3.78,1.0,<Residue LYS het=  resseq=67 icode= >,4qr9_B_B,2.0
504,3.134,LYS, ,CB,39.33,7.89,0.0,2.20,1.0,<Residue LYS het=  resseq=67 icode= >,4qr9_B_B,2.0
505,0.417,LYS, ,CG,49.13,6.70,0.0,1.40,1.0,<Residue LYS het=  resseq=67 icode= >,4qr9_B_B,2.0
506,22.32,LYS, ,CD,57.95,5.72,0.0,1.10,1.0,<Residue LYS het=  resseq=67 icode= >,4qr9_B_B,2.0
507,41.531,LYS, ,CE,62.29,4.25,0.0,1.02,1.0,<Residue LYS het=  resseq=67 icode= >,4qr9_B_B,2.0
508,27.085,LYS, ,NZ,67.17,4.12,0.0,0.67,1.0,<Residue LYS het=  resseq=67 icode= >,4qr9_B_B,2.0
509,0.0,ALA, ,N,37.13,10.57,0.0,3.14,1.0,<Residue ALA het=  resseq=68 icode= >,4qr9_B_B,2.0
510,1.505,ALA, ,CA,38.67,11.41,0.0,2.80,1.0,<Residue ALA het=  resseq=68 icode= >,4qr9_B_B,2.0
511,1.126,ALA, ,C,37.11,12.46,0.0,3.65,1.0,<Residue ALA het=  resseq=68 icode= >,4qr9_B_B,2.0
512,2.934,ALA, ,O,38.24,12.75,0.0,2.78,1.0,<Residue ALA het=  resseq=68 icode= >,4qr9_B_B,2.0
513,49.762,ALA, ,CB,35.51,12.23,0.0,1.96,1.0,<Residue ALA het=  resseq=68 icode= >,4qr9_B_B,2.0
514,1.405,ARG, ,N,33.32,12.97,0.0,3.29,1.0,<Residue ARG het=  resseq=69 icode= >,4qr9_B_B,2.0
515,2.33,ARG, ,CA,33.86,12.51,0.0,2.94,1.0,<Residue ARG het=  resseq=69 icode= >,4qr9_B_B,2.0
516,0.0,ARG, ,C,31.72,11.75,0.0,3.96,1.0,<Residue ARG het=  resseq=69 icode= >,4qr9_B_B,2.0
517,0.0,ARG, ,O,34.6,12.01,0.0,3.20,1.0,<Residue ARG het=  resseq=69 icode= >,4qr9_B_B,2.0
518,8.804,ARG, ,CB,32.54,11.64,0.0,2.69,1.0,<Residue ARG het=  resseq=69 icode= >,4qr9_B_B,2.0
519,20.01,ARG, ,CG,31.82,11.35,0.0,2.41,1.0,<Residue ARG het=  resseq=69 icode= >,4qr9_B_B,2.0
520,8.292,ARG, ,CD,31.58,9.93,0.0,2.78,1.0,<Residue ARG het=  resseq=69 icode= >,4qr9_B_B,2.0
521,2.069,ARG, ,NE,31.38,8.92,0.0,3.15,1.0,<Residue ARG het=  resseq=69 icode= >,4qr9_B_B,2.0
522,1.959,ARG, ,CZ,31.65,7.72,0.0,3.45,1.0,<Residue ARG het=  resseq=69 icode= >,4qr9_B_B,2.0
523,0.826,ARG, ,NH1,31.13,7.38,0.0,2.50,1.0,<Residue ARG het=  resseq=69 icode= >,4qr9_B_B,2.0
524,2.247,ARG, ,NH2,26.87,6.84,0.0,3.59,1.0,<Residue ARG het=  resseq=69 icode= >,4qr9_B_B,2.0
525,0.0,TYR, ,N,29.99,10.95,0.0,3.89,1.0,<Residue TYR het=  resseq=70 icode= >,4qr9_B_B,2.0
526,0.0,TYR, ,CA,28.39,10.14,0.0,3.50,1.0,<Residue TYR het=  resseq=70 icode= >,4qr9_B_B,2.0
527,0.0,TYR, ,C,31.03,10.48,0.0,4.14,1.0,<Residue TYR het=  resseq=70 icode= >,4qr9_B_B,2.0
528,0.0,TYR, ,O,27.33,10.15,0.0,3.46,1.0,<Residue TYR het=  resseq=70 icode= >,4qr9_B_B,2.0
529,0.0,TYR, ,CB,29.53,9.31,0.0,2.38,1.0,<Residue TYR het=  resseq=70 icode= >,4qr9_B_B,2.0
530,0.0,TYR, ,CG,29.68,7.86,0.0,2.65,1.0,<Residue TYR het=  resseq=70 icode= >,4qr9_B_B,2.0
531,0.0,TYR, ,CD1,31.72,7.30,0.0,2.44,1.0,<Residue TYR het=  resseq=70 icode= >,4qr9_B_B,2.0
532,1.44,TYR, ,CD2,28.47,7.30,0.0,2.40,1.0,<Residue TYR het=  resseq=70 icode= >,4qr9_B_B,2.0
533,1.257,TYR, ,CE1,31.66,6.06,0.0,2.05,1.0,<Residue TYR het=  resseq=70 icode= >,4qr9_B_B,2.0
534,16.166,TYR, ,CE2,33.55,6.07,0.0,1.72,1.0,<Residue TYR het=  resseq=70 icode= >,4qr9_B_B,2.0
535,2.876,TYR, ,CZ,32.96,5.37,0.0,2.45,1.0,<Residue TYR het=  resseq=70 icode= >,4qr9_B_B,2.0
536,26.877,TYR, ,OH,38.53,4.33,0.0,1.55,1.0,<Residue TYR het=  resseq=70 icode= >,4qr9_B_B,2.0
537,0.0,GLU, ,N,29.94,11.01,0.0,3.94,1.0,<Residue GLU het=  resseq=71 icode= >,4qr9_B_B,2.0
538,1.861,GLU, ,CA,37.25,10.35,0.0,2.62,1.0,<Residue GLU het=  resseq=71 icode= >,4qr9_B_B,2.0
539,0.0,GLU, ,C,33.76,11.40,0.0,3.57,1.0,<Residue GLU het=  resseq=71 icode= >,4qr9_B_B,2.0
540,2.385,GLU, ,O,34.56,11.44,0.0,2.99,1.0,<Residue GLU het=  resseq=71 icode= >,4qr9_B_B,2.0
541,7.365,GLU, ,CB,40.6,9.39,0.0,1.64,1.0,<Residue GLU het=  resseq=71 icode= >,4qr9_B_B,2.0
542,27.578,GLU, ,CG,53.53,7.97,0.0,0.89,1.0,<Residue GLU het=  resseq=71 icode= >,4qr9_B_B,2.0
543,8.922,GLU, ,CD,58.41,7.50,0.0,1.59,1.0,<Residue GLU het=  resseq=71 icode= >,4qr9_B_B,2.0
544,21.466,GLU, ,OE1,64.2,8.27,0.0,0.96,1.0,<Residue GLU het=  resseq=71 icode= >,4qr9_B_B,2.0
545,14.957,GLU, ,OE2,64.14,6.59,0.0,1.00,1.0,<Residue GLU het=  resseq=71 icode= >,4qr9_B_B,2.0
546,0.282,ARG, ,N,30.23,12.40,0.0,3.55,1.0,<Residue ARG het=  resseq=72 icode= >,4qr9_B_B,2.0
547,1.511,ARG, ,CA,31.53,13.55,0.0,2.99,1.0,<Residue ARG het=  resseq=72 icode= >,4qr9_B_B,2.0
548,0.0,ARG, ,C,30.56,13.93,0.0,3.95,1.0,<Residue ARG het=  resseq=72 icode= >,4qr9_B_B,2.0
549,2.092,ARG, ,O,33.17,14.23,0.0,3.28,1.0,<Residue ARG het=  resseq=72 icode= >,4qr9_B_B,2.0
550,7.622,ARG, ,CB,32.18,14.53,0.0,2.94,1.0,<Residue ARG het=  resseq=72 icode= >,4qr9_B_B,2.0
551,20.411,ARG, ,CG,36.28,15.77,0.0,2.73,1.0,<Residue ARG het=  resseq=72 icode= >,4qr9_B_B,2.0
552,38.061,ARG, ,CD,37.29,16.74,0.0,2.97,1.0,<Residue ARG het=  resseq=72 icode= >,4qr9_B_B,2.0
553,11.511,ARG, ,NE,36.5,16.00,0.0,3.82,1.0,<Residue ARG het=  resseq=72 icode= >,4qr9_B_B,2.0
554,4.307,ARG, ,CZ,37.24,15.31,0.0,3.61,1.0,<Residue ARG het=  resseq=72 icode= >,4qr9_B_B,2.0
555,32.153,ARG, ,NH1,35.04,15.28,0.0,2.84,1.0,<Residue ARG het=  resseq=72 icode= >,4qr9_B_B,2.0
556,30.995,ARG, ,NH2,41.05,14.78,0.0,2.16,1.0,<Residue ARG het=  resseq=72 icode= >,4qr9_B_B,2.0
557,0.0,GLU, ,N,28.41,13.04,0.0,3.92,1.0,<Residue GLU het=  resseq=73 icode= >,4qr9_B_B,2.0
558,3.465,GLU, ,CA,27.7,12.47,0.0,3.69,1.0,<Residue GLU het=  resseq=73 icode= >,4qr9_B_B,2.0
559,0.0,GLU, ,C,29.24,12.27,0.0,4.28,1.0,<Residue GLU het=  resseq=73 icode= >,4qr9_B_B,2.0
560,2.363,GLU, ,O,33.5,12.03,0.0,2.87,1.0,<Residue GLU het=  resseq=73 icode= >,4qr9_B_B,2.0
561,4.014,GLU, ,CB,28.78,11.24,0.0,3.36,1.0,<Residue GLU het=  resseq=73 icode= >,4qr9_B_B,2.0
562,8.186,GLU, ,CG,31.27,11.59,0.0,2.42,1.0,<Residue GLU het=  resseq=73 icode= >,4qr9_B_B,2.0
563,6.97,GLU, ,CD,37.55,10.52,0.0,2.29,1.0,<Residue GLU het=  resseq=73 icode= >,4qr9_B_B,2.0
564,3.664,GLU, ,OE1,37.52,9.26,0.0,1.80,1.0,<Residue GLU het=  resseq=73 icode= >,4qr9_B_B,2.0
565,29.427,GLU, ,OE2,41.12,11.07,0.0,2.08,1.0,<Residue GLU het=  resseq=73 icode= >,4qr9_B_B,2.0
566,0.0,MET, ,N,30.43,11.29,0.0,3.75,1.0,<Residue MET het=  resseq=74 icode= >,4qr9_B_B,2.0
567,0.0,MET, ,CA,32.29,10.58,0.0,3.17,1.0,<Residue MET het=  resseq=74 icode= >,4qr9_B_B,2.0
568,1.428,MET, ,C,39.6,11.63,0.0,3.28,1.0,<Residue MET het=  resseq=74 icode= >,4qr9_B_B,2.0
569,10.64,MET, ,O,35.7,11.60,0.0,2.80,1.0,<Residue MET het=  resseq=74 icode= >,4qr9_B_B,2.0
570,12.914,MET, ,CB,35.2,9.38,0.0,2.25,1.0,<Residue MET het=  resseq=74 icode= >,4qr9_B_B,2.0
571,1.123,MET, ,CG,36.01,8.12,0.0,1.77,1.0,<Residue MET het=  resseq=74 icode= >,4qr9_B_B,2.0
572,0.0,MET, ,SD,38.84,7.66,0.0,4.56,1.0,<Residue MET het=  resseq=74 icode= >,4qr9_B_B,2.0
573,42.98,MET, ,CE,46.26,7.15,0.0,0.78,1.0,<Residue MET het=  resseq=74 icode= >,4qr9_B_B,2.0
574,0.131,LYS, ,N,43.27,12.70,0.0,2.32,1.0,<Residue LYS het=  resseq=75 icode= >,4qr9_B_B,2.0
575,5.976,LYS, ,CA,41.23,13.81,0.0,2.78,1.0,<Residue LYS het=  resseq=75 icode= >,4qr9_B_B,2.0
576,0.286,LYS, ,C,42.0,14.47,0.0,3.63,1.0,<Residue LYS het=  resseq=75 icode= >,4qr9_B_B,2.0
577,28.861,LYS, ,O,41.66,15.16,0.0,2.73,1.0,<Residue LYS het=  resseq=75 icode= >,4qr9_B_B,2.0
578,10.593,LYS, ,CB,42.01,14.04,0.0,2.38,1.0,<Residue LYS het=  resseq=75 icode= >,4qr9_B_B,2.0
579,19.671,LYS, ,CG,42.49,12.74,0.0,2.57,1.0,<Residue LYS het=  resseq=75 icode= >,4qr9_B_B,2.0
580,24.922,LYS, ,CD,51.97,12.67,0.0,1.67,1.0,<Residue LYS het=  resseq=75 icode= >,4qr9_B_B,2.0
581,40.686,LYS, ,CE,55.14,11.29,0.0,1.04,1.0,<Residue LYS het=  resseq=75 icode= >,4qr9_B_B,2.0
582,32.972,LYS, ,NZ,59.78,11.07,0.0,0.85,1.0,<Residue LYS het=  resseq=75 icode= >,4qr9_B_B,2.0
583,0.0,THR, ,N,39.76,14.30,0.0,3.10,1.0,<Residue THR het=  resseq=76 icode= >,4qr9_B_B,2.0
584,6.066,THR, ,CA,41.35,13.93,0.0,2.34,1.0,<Residue THR het=  resseq=76 icode= >,4qr9_B_B,2.0
585,1.208,THR, ,C,41.33,12.60,0.0,3.12,1.0,<Residue THR het=  resseq=76 icode= >,4qr9_B_B,2.0
586,17.12,THR, ,O,44.15,12.19,0.0,2.39,1.0,<Residue THR het=  resseq=76 icode= >,4qr9_B_B,2.0
587,16.522,THR, ,CB,41.37,14.14,0.0,3.05,1.0,<Residue THR het=  resseq=76 icode= >,4qr9_B_B,2.0
588,19.626,THR, ,OG1,39.48,13.35,0.0,2.33,1.0,<Residue THR het=  resseq=76 icode= >,4qr9_B_B,2.0
589,52.586,THR, ,CG2,41.66,15.60,0.0,1.62,1.0,<Residue THR het=  resseq=76 icode= >,4qr9_B_B,2.0
590,0.0,TYR, ,N,41.6,12.11,0.0,2.50,1.0,<Residue TYR het=  resseq=77 icode= >,4qr9_B_B,2.0
591,3.479,TYR, ,CA,40.2,10.97,0.0,2.70,1.0,<Residue TYR het=  resseq=77 icode= >,4qr9_B_B,2.0
592,0.0,TYR, ,C,42.85,11.53,0.0,3.28,1.0,<Residue TYR het=  resseq=77 icode= >,4qr9_B_B,2.0
593,15.811,TYR, ,O,36.71,11.95,0.0,3.32,1.0,<Residue TYR het=  resseq=77 icode= >,4qr9_B_B,2.0
594,0.305,TYR, ,CB,41.47,10.26,0.0,1.79,1.0,<Residue TYR het=  resseq=77 icode= >,4qr9_B_B,2.0
595,0.0,TYR, ,CG,42.99,9.23,0.0,2.61,1.0,<Residue TYR het=  resseq=77 icode= >,4qr9_B_B,2.0
596,1.008,TYR, ,CD1,50.5,8.30,0.0,1.63,1.0,<Residue TYR het=  resseq=77 icode= >,4qr9_B_B,2.0
597,2.159,TYR, ,CD2,48.71,8.38,0.0,1.78,1.0,<Residue TYR het=  resseq=77 icode= >,4qr9_B_B,2.0
598,4.564,TYR, ,CE1,51.21,7.51,0.0,2.21,1.0,<Residue TYR het=  resseq=77 icode= >,4qr9_B_B,2.0
599,9.395,TYR, ,CE2,58.4,7.39,0.0,1.29,1.0,<Residue TYR het=  resseq=77 icode= >,4qr9_B_B,2.0
600,0.0,TYR, ,CZ,53.16,7.09,0.0,2.37,1.0,<Residue TYR het=  resseq=77 icode= >,4qr9_B_B,2.0
601,21.408,TYR, ,OH,73.03,6.16,0.0,0.81,1.0,<Residue TYR het=  resseq=77 icode= >,4qr9_B_B,2.0
602,2.965,ILE, ,N,47.88,11.06,0.0,1.96,1.0,<Residue ILE het=  resseq=78 icode= >,4qr9_B_B,2.0
603,0.496,ILE, ,CA,61.43,11.77,0.0,1.07,1.0,<Residue ILE het=  resseq=78 icode= >,4qr9_B_B,2.0
604,0.0,ILE, ,C,57.31,10.85,0.0,1.92,1.0,<Residue ILE het=  resseq=78 icode= >,4qr9_B_B,2.0
605,15.446,ILE, ,O,50.03,9.97,0.0,2.02,1.0,<Residue ILE het=  resseq=78 icode= >,4qr9_B_B,2.0
606,6.058,ILE, ,CB,68.04,12.49,0.0,0.79,1.0,<Residue ILE het=  resseq=78 icode= >,4qr9_B_B,2.0
607,18.611,ILE, ,CG1,70.25,13.62,0.0,0.70,1.0,<Residue ILE het=  resseq=78 icode= >,4qr9_B_B,2.0
608,48.153,ILE, ,CG2,68.82,13.20,0.0,0.55,1.0,<Residue ILE het=  resseq=78 icode= >,4qr9_B_B,2.0
609,64.386,ILE, ,CD1,68.09,14.14,0.0,0.20,1.0,<Residue ILE het=  resseq=78 icode= >,4qr9_B_B,2.0
610,0.0,PRO, ,N,56.01,10.35,0.0,2.57,1.0,<Residue PRO het=  resseq=79 icode= >,4qr9_B_B,2.0
611,3.027,PRO, ,CA,60.52,9.43,0.0,1.85,1.0,<Residue PRO het=  resseq=79 icode= >,4qr9_B_B,2.0
612,24.526,PRO, ,C,58.62,10.30,0.0,1.45,1.0,<Residue PRO het=  resseq=79 icode= >,4qr9_B_B,2.0
613,39.346,PRO, ,O,66.87,10.18,0.0,1.59,1.0,<Residue PRO het=  resseq=79 icode= >,4qr9_B_B,2.0
614,26.235,PRO, ,CB,57.54,8.87,7.571,1.35,1.0,<Residue PRO het=  resseq=79 icode= >,4qr9_B_B,2.0
615,37.878,PRO, ,CG,58.16,9.83,27.242,1.35,1.0,<Residue PRO het=  resseq=79 icode= >,4qr9_B_B,2.0
616,20.128,PRO, ,CD,59.94,10.81,0.0,1.53,1.0,<Residue PRO het=  resseq=79 icode= >,4qr9_B_B,2.0
