,ASA,aa,altloc,atom,bfac,d2r,dASA,dens,occ,residue,id,resolu
0,45.209,MET, ,N,49.59,17.50,0.0,1.60,1.0,<Residue MET het=  resseq=1 icode= >,4u0y_A_B,1.91
1,5.309,MET, ,CA,54.67,16.89,0.0,1.09,1.0,<Residue MET het=  resseq=1 icode= >,4u0y_A_B,1.91
2,0.0,MET, ,C,44.46,17.31,0.0,3.10,1.0,<Residue MET het=  resseq=1 icode= >,4u0y_A_B,1.91
3,8.614,MET, ,O,43.46,17.05,0.0,2.66,1.0,<Residue MET het=  resseq=1 icode= >,4u0y_A_B,1.91
4,7.621,MET, ,CB,45.54,15.37,0.0,1.48,1.0,<Residue MET het=  resseq=1 icode= >,4u0y_A_B,1.91
5,0.0,MET, ,CG,51.38,14.82,0.0,0.75,1.0,<Residue MET het=  resseq=1 icode= >,4u0y_A_B,1.91
6,1.413,MET, ,SD,62.02,13.06,0.0,1.65,1.0,<Residue MET het=  resseq=1 icode= >,4u0y_A_B,1.91
7,0.0,MET, ,CE,29.29,12.90,0.0,1.86,1.0,<Residue MET het=  resseq=1 icode= >,4u0y_A_B,1.91
8,0.606,ASN, ,N,44.39,18.04,0.0,2.21,1.0,<Residue ASN het=  resseq=2 icode= >,4u0y_A_B,1.91
9,1.341,ASN, ,CA,45.32,18.71,0.0,1.82,1.0,<Residue ASN het=  resseq=2 icode= >,4u0y_A_B,1.91
10,0.927,ASN, ,C,39.71,18.67,0.0,2.88,1.0,<Residue ASN het=  resseq=2 icode= >,4u0y_A_B,1.91
11,8.529,ASN, ,O,47.08,18.76,0.0,1.97,1.0,<Residue ASN het=  resseq=2 icode= >,4u0y_A_B,1.91
12,25.326,ASN, ,CB,46.98,20.19,0.0,1.48,1.0,<Residue ASN het=  resseq=2 icode= >,4u0y_A_B,1.91
13,5.352,ASN, ,CG,51.66,20.48,0.0,1.47,1.0,<Residue ASN het=  resseq=2 icode= >,4u0y_A_B,1.91
14,25.158,ASN, ,OD1,55.41,19.78,0.0,1.18,1.0,<Residue ASN het=  resseq=2 icode= >,4u0y_A_B,1.91
15,55.054,ASN, ,ND2,54.91,21.54,0.0,0.89,1.0,<Residue ASN het=  resseq=2 icode= >,4u0y_A_B,1.91
16,1.726,ILE, ,N,36.48,17.03,0.0,2.86,1.0,<Residue ILE het=  resseq=3 icode= >,4u0y_A_B,1.91
17,0.524,ILE, ,CA,38.29,16.67,0.0,2.34,1.0,<Residue ILE het=  resseq=3 icode= >,4u0y_A_B,1.91
18,2.627,ILE, ,C,36.45,17.15,0.0,3.45,1.0,<Residue ILE het=  resseq=3 icode= >,4u0y_A_B,1.91
19,22.627,ILE, ,O,36.9,17.43,0.0,2.60,1.0,<Residue ILE het=  resseq=3 icode= >,4u0y_A_B,1.91
20,0.0,ILE, ,CB,34.74,15.17,0.0,2.41,1.0,<Residue ILE het=  resseq=3 icode= >,4u0y_A_B,1.91
21,6.68,ILE, ,CG1,35.62,14.37,0.0,1.71,1.0,<Residue ILE het=  resseq=3 icode= >,4u0y_A_B,1.91
22,0.0,ILE, ,CG2,33.47,14.81,0.0,1.92,1.0,<Residue ILE het=  resseq=3 icode= >,4u0y_A_B,1.91
23,0.541,ILE, ,CD1,36.77,13.10,0.0,1.49,1.0,<Residue ILE het=  resseq=3 icode= >,4u0y_A_B,1.91
24,0.271,ASN, ,N,32.23,17.40,0.0,3.39,1.0,<Residue ASN het=  resseq=4 icode= >,4u0y_A_B,1.91
25,3.3,ASN, ,CA,30.75,17.93,0.0,3.05,1.0,<Residue ASN het=  resseq=4 icode= >,4u0y_A_B,1.91
26,0.0,ASN, ,C,35.05,17.17,0.0,3.32,1.0,<Residue ASN het=  resseq=4 icode= >,4u0y_A_B,1.91
27,0.244,ASN, ,O,30.54,17.41,0.0,3.56,1.0,<Residue ASN het=  resseq=4 icode= >,4u0y_A_B,1.91
28,19.525,ASN, ,CB,31.99,19.40,0.0,2.51,1.0,<Residue ASN het=  resseq=4 icode= >,4u0y_A_B,1.91
29,5.203,ASN, ,CG,35.37,19.77,0.0,3.50,1.0,<Residue ASN het=  resseq=4 icode= >,4u0y_A_B,1.91
30,8.27,ASN, ,OD1,35.76,18.88,0.0,3.27,1.0,<Residue ASN het=  resseq=4 icode= >,4u0y_A_B,1.91
31,44.265,ASN, ,ND2,42.06,21.05,0.0,1.63,1.0,<Residue ASN het=  resseq=4 icode= >,4u0y_A_B,1.91
32,3.647,LYS, ,N,33.28,16.11,0.0,3.53,1.0,<Residue LYS het=  resseq=5 icode= >,4u0y_A_B,1.91
33,0.0,LYS, ,CA,31.9,15.28,0.0,3.59,1.0,<Residue LYS het=  resseq=5 icode= >,4u0y_A_B,1.91
34,0.226,LYS, ,C,39.08,16.00,0.0,3.55,1.0,<Residue LYS het=  resseq=5 icode= >,4u0y_A_B,1.91
35,23.98,LYS, ,O,42.2,15.73,0.0,2.06,1.0,<Residue LYS het=  resseq=5 icode= >,4u0y_A_B,1.91
36,14.36,LYS, ,CB,37.74,13.94,0.0,2.02,1.0,<Residue LYS het=  resseq=5 icode= >,4u0y_A_B,1.91
37,2.16,LYS, ,CG,33.45,13.03,0.0,2.33,1.0,<Residue LYS het=  resseq=5 icode= >,4u0y_A_B,1.91
38,30.836,LYS, ,CD,38.29,11.91,0.0,1.58,1.0,<Residue LYS het=  resseq=5 icode= >,4u0y_A_B,1.91
39,6.389,LYS, ,CE,38.78,10.73,0.0,1.75,1.0,<Residue LYS het=  resseq=5 icode= >,4u0y_A_B,1.91
40,29.787,LYS, ,NZ,37.24,9.51,0.0,1.56,1.0,<Residue LYS het=  resseq=5 icode= >,4u0y_A_B,1.91
41,0.0,GLN, ,N,40.76,17.03,0.0,2.80,1.0,<Residue GLN het=  resseq=6 icode= >,4u0y_A_B,1.91
42,6.886,GLN, ,CA,35.96,17.81,0.0,2.96,1.0,<Residue GLN het=  resseq=6 icode= >,4u0y_A_B,1.91
43,2.23,GLN, ,C,35.3,19.09,0.0,3.25,1.0,<Residue GLN het=  resseq=6 icode= >,4u0y_A_B,1.91
44,23.816,GLN, ,O,38.32,19.88,0.0,2.58,1.0,<Residue GLN het=  resseq=6 icode= >,4u0y_A_B,1.91
45,16.419,GLN, ,CB,46.0,18.22,0.0,1.17,1.0,<Residue GLN het=  resseq=6 icode= >,4u0y_A_B,1.91
46,18.022,GLN, ,CG,47.0,17.08,0.0,1.31,1.0,<Residue GLN het=  resseq=6 icode= >,4u0y_A_B,1.91
47,9.421,GLN, ,CD,55.63,17.66,0.0,1.55,1.0,<Residue GLN het=  resseq=6 icode= >,4u0y_A_B,1.91
48,35.711,GLN, ,OE1,62.81,18.79,0.0,0.87,1.0,<Residue GLN het=  resseq=6 icode= >,4u0y_A_B,1.91
49,59.133,GLN, ,NE2,55.16,16.98,0.0,1.25,1.0,<Residue GLN het=  resseq=6 icode= >,4u0y_A_B,1.91
50,0.0,SER, ,N,31.19,1000.00,0.0,3.26,1.0,<Residue SER het=  resseq=7 icode= >,4u0y_A_B,1.91
51,3.269,SER, ,CA,30.09,1000.00,0.0,2.71,1.0,<Residue SER het=  resseq=7 icode= >,4u0y_A_B,1.91
52,0.506,SER, ,C,28.9,1000.00,0.0,3.56,1.0,<Residue SER het=  resseq=7 icode= >,4u0y_A_B,1.91
53,12.623,SER, ,O,28.23,1000.00,0.0,3.76,1.0,<Residue SER het=  resseq=7 icode= >,4u0y_A_B,1.91
54,9.414,SER, ,CB,30.17,1000.00,0.0,2.23,1.0,<Residue SER het=  resseq=7 icode= >,4u0y_A_B,1.91
55,3.728,SER, ,OG,25.57,1000.00,0.0,3.77,1.0,<Residue SER het=  resseq=7 icode= >,4u0y_A_B,1.91
56,0.118,PRO, ,N,31.64,1000.00,0.0,2.88,1.0,<Residue PRO het=  resseq=8 icode= >,4u0y_A_B,1.91
57,12.887,PRO, ,CA,27.01,1000.00,0.0,2.54,1.0,<Residue PRO het=  resseq=8 icode= >,4u0y_A_B,1.91
58,1.59,PRO, ,C,24.04,1000.00,0.0,4.02,1.0,<Residue PRO het=  resseq=8 icode= >,4u0y_A_B,1.91
59,20.884,PRO, ,O,22.25,1000.00,0.0,3.65,1.0,<Residue PRO het=  resseq=8 icode= >,4u0y_A_B,1.91
60,35.228,PRO, ,CB,23.35,1000.00,0.0,2.66,1.0,<Residue PRO het=  resseq=8 icode= >,4u0y_A_B,1.91
61,43.308,PRO, ,CG,25.04,1000.00,0.0,2.22,1.0,<Residue PRO het=  resseq=8 icode= >,4u0y_A_B,1.91
62,21.964,PRO, ,CD,26.23,1000.00,0.0,2.40,1.0,<Residue PRO het=  resseq=8 icode= >,4u0y_A_B,1.91
63,0.0,ILE, ,N,20.19,1000.00,0.0,4.98,1.0,<Residue ILE het=  resseq=9 icode= >,4u0y_A_B,1.91
64,2.314,ILE, ,CA,22.25,1000.00,0.0,3.68,1.0,<Residue ILE het=  resseq=9 icode= >,4u0y_A_B,1.91
65,0.139,ILE, ,C,23.28,1000.00,0.0,4.20,1.0,<Residue ILE het=  resseq=9 icode= >,4u0y_A_B,1.91
66,1.361,ILE, ,O,20.8,1000.00,0.0,4.20,1.0,<Residue ILE het=  resseq=9 icode= >,4u0y_A_B,1.91
67,0.0,ILE, ,CB,23.95,1000.00,0.0,3.07,1.0,<Residue ILE het=  resseq=9 icode= >,4u0y_A_B,1.91
68,19.923,ILE, ,CG1,26.32,1000.00,0.0,2.98,1.0,<Residue ILE het=  resseq=9 icode= >,4u0y_A_B,1.91
69,5.108,ILE, ,CG2,18.16,1000.00,0.0,2.71,1.0,<Residue ILE het=  resseq=9 icode= >,4u0y_A_B,1.91
70,61.02,ILE, ,CD1,23.32,1000.00,0.0,2.50,1.0,<Residue ILE het=  resseq=9 icode= >,4u0y_A_B,1.91
71,0.0,PRO, ,N,22.03,1000.00,0.0,4.02,1.0,<Residue PRO het=  resseq=10 icode= >,4u0y_A_B,1.91
72,11.244,PRO, ,CA,18.37,1000.00,0.0,3.18,1.0,<Residue PRO het=  resseq=10 icode= >,4u0y_A_B,1.91
73,0.0,PRO, ,C,18.16,1000.00,0.0,4.97,1.0,<Residue PRO het=  resseq=10 icode= >,4u0y_A_B,1.91
74,0.0,PRO, ,O,19.77,1000.00,0.0,4.42,1.0,<Residue PRO het=  resseq=10 icode= >,4u0y_A_B,1.91
75,7.91,PRO, ,CB,15.82,1000.00,0.0,3.62,1.0,<Residue PRO het=  resseq=10 icode= >,4u0y_A_B,1.91
76,32.972,PRO, ,CG,21.43,1000.00,0.0,3.16,1.0,<Residue PRO het=  resseq=10 icode= >,4u0y_A_B,1.91
77,15.935,PRO, ,CD,20.24,1000.00,0.0,2.55,1.0,<Residue PRO het=  resseq=10 icode= >,4u0y_A_B,1.91
78,4.466,ILE, ,N,19.8,14.24,0.0,3.55,1.0,<Residue ILE het=  resseq=11 icode= >,4u0y_A_B,1.91
79,0.0,ILE, ,CA,19.59,13.74,0.0,3.06,1.0,<Residue ILE het=  resseq=11 icode= >,4u0y_A_B,1.91
80,0.0,ILE, ,C,16.38,13.45,0.0,5.19,1.0,<Residue ILE het=  resseq=11 icode= >,4u0y_A_B,1.91
81,0.0,ILE, ,O,18.33,13.93,0.0,5.04,1.0,<Residue ILE het=  resseq=11 icode= >,4u0y_A_B,1.91
82,1.688,ILE, ,CB,17.85,12.58,0.0,3.34,1.0,<Residue ILE het=  resseq=11 icode= >,4u0y_A_B,1.91
83,3.412,ILE, ,CG1,19.49,13.10,0.0,3.82,1.0,<Residue ILE het=  resseq=11 icode= >,4u0y_A_B,1.91
84,0.0,ILE, ,CG2,16.08,11.90,0.0,3.31,1.0,<Residue ILE het=  resseq=11 icode= >,4u0y_A_B,1.91
85,29.414,ILE, ,CD1,23.4,12.13,0.0,3.12,1.0,<Residue ILE het=  resseq=11 icode= >,4u0y_A_B,1.91
86,0.469,TYR, ,N,16.13,12.86,0.0,4.24,1.0,<Residue TYR het=  resseq=12 icode= >,4u0y_A_B,1.91
87,0.0,TYR, ,CA,16.22,12.68,0.0,4.15,1.0,<Residue TYR het=  resseq=12 icode= >,4u0y_A_B,1.91
88,0.0,TYR, ,C,20.66,14.10,0.0,5.29,1.0,<Residue TYR het=  resseq=12 icode= >,4u0y_A_B,1.91
89,0.0,TYR, ,O,16.3,13.81,0.0,5.11,1.0,<Residue TYR het=  resseq=12 icode= >,4u0y_A_B,1.91
90,0.085,TYR, ,CB,18.85,12.00,0.0,2.41,1.0,<Residue TYR het=  resseq=12 icode= >,4u0y_A_B,1.91
91,0.0,TYR, ,CG,15.05,12.98,0.0,4.68,1.0,<Residue TYR het=  resseq=12 icode= >,4u0y_A_B,1.91
92,0.0,TYR, ,CD1,18.99,13.53,0.0,3.18,1.0,<Residue TYR het=  resseq=12 icode= >,4u0y_A_B,1.91
93,7.033,TYR, ,CD2,19.14,13.15,0.0,3.76,1.0,<Residue TYR het=  resseq=12 icode= >,4u0y_A_B,1.91
94,3.71,TYR, ,CE1,22.27,14.37,0.0,2.90,1.0,<Residue TYR het=  resseq=12 icode= >,4u0y_A_B,1.91
95,10.258,TYR, ,CE2,19.08,14.18,0.0,3.59,1.0,<Residue TYR het=  resseq=12 icode= >,4u0y_A_B,1.91
96,0.024,TYR, ,CZ,22.74,15.00,0.0,3.88,1.0,<Residue TYR het=  resseq=12 icode= >,4u0y_A_B,1.91
97,38.213,TYR, ,OH,19.28,16.08,0.0,4.49,1.0,<Residue TYR het=  resseq=12 icode= >,4u0y_A_B,1.91
98,0.0,TYR, ,N,18.33,15.47,0.0,4.79,1.0,<Residue TYR het=  resseq=13 icode= >,4u0y_A_B,1.91
99,0.0,TYR, ,CA,18.06,16.29,0.0,3.55,1.0,<Residue TYR het=  resseq=13 icode= >,4u0y_A_B,1.91
100,0.0,TYR, ,C,16.72,16.88,0.0,5.26,1.0,<Residue TYR het=  resseq=13 icode= >,4u0y_A_B,1.91
101,0.0,TYR, ,O,17.85,17.05,0.0,4.37,1.0,<Residue TYR het=  resseq=13 icode= >,4u0y_A_B,1.91
102,1.86,TYR, ,CB,18.39,17.50,0.0,3.03,1.0,<Residue TYR het=  resseq=13 icode= >,4u0y_A_B,1.91
103,2.401,TYR, ,CG,22.01,18.40,0.0,3.28,1.0,<Residue TYR het=  resseq=13 icode= >,4u0y_A_B,1.91
104,9.801,TYR, ,CD1,26.13,18.08,0.0,3.24,1.0,<Residue TYR het=  resseq=13 icode= >,4u0y_A_B,1.91
105,3.463,TYR, ,CD2,27.06,19.67,0.0,2.70,1.0,<Residue TYR het=  resseq=13 icode= >,4u0y_A_B,1.91
106,19.875,TYR, ,CE1,27.09,19.03,0.0,3.56,1.0,<Residue TYR het=  resseq=13 icode= >,4u0y_A_B,1.91
107,21.404,TYR, ,CE2,31.59,20.56,0.0,2.29,1.0,<Residue TYR het=  resseq=13 icode= >,4u0y_A_B,1.91
108,4.931,TYR, ,CZ,31.15,20.24,0.0,3.66,1.0,<Residue TYR het=  resseq=13 icode= >,4u0y_A_B,1.91
109,32.916,TYR, ,OH,40.53,21.22,0.0,2.39,1.0,<Residue TYR het=  resseq=13 icode= >,4u0y_A_B,1.91
110,0.0,GLN, ,N,16.71,17.37,0.0,4.94,1.0,<Residue GLN het=  resseq=14 icode= >,4u0y_A_B,1.91
111,5.301,GLN, ,CA,19.77,17.91,0.0,3.50,1.0,<Residue GLN het=  resseq=14 icode= >,4u0y_A_B,1.91
112,0.0,GLN, ,C,25.88,16.62,0.0,3.44,1.0,<Residue GLN het=  resseq=14 icode= >,4u0y_A_B,1.91
113,0.406,GLN, ,O,20.13,16.70,0.0,4.42,1.0,<Residue GLN het=  resseq=14 icode= >,4u0y_A_B,1.91
114,3.169,GLN, ,CB,20.36,18.40,0.0,3.19,1.0,<Residue GLN het=  resseq=14 icode= >,4u0y_A_B,1.91
115,5.573,GLN, ,CG,23.52,19.59,0.0,2.50,1.0,<Residue GLN het=  resseq=14 icode= >,4u0y_A_B,1.91
116,3.396,GLN, ,CD,25.71,20.34,0.0,3.78,1.0,<Residue GLN het=  resseq=14 icode= >,4u0y_A_B,1.91
117,5.69,GLN, ,OE1,28.69,20.22,0.0,2.82,1.0,<Residue GLN het=  resseq=14 icode= >,4u0y_A_B,1.91
118,0.017,GLN, ,NE2,22.27,20.77,0.0,4.43,1.0,<Residue GLN het=  resseq=14 icode= >,4u0y_A_B,1.91
119,0.0,ILE, ,N,21.04,15.50,0.0,3.82,1.0,<Residue ILE het=  resseq=15 icode= >,4u0y_A_B,1.91
120,0.0,ILE, ,CA,16.83,14.21,0.0,3.95,1.0,<Residue ILE het=  resseq=15 icode= >,4u0y_A_B,1.91
121,0.0,ILE, ,C,22.82,13.97,0.0,4.04,1.0,<Residue ILE het=  resseq=15 icode= >,4u0y_A_B,1.91
122,0.0,ILE, ,O,23.18,13.71,0.0,4.10,1.0,<Residue ILE het=  resseq=15 icode= >,4u0y_A_B,1.91
123,0.0,ILE, ,CB,17.9,13.12,0.0,3.56,1.0,<Residue ILE het=  resseq=15 icode= >,4u0y_A_B,1.91
124,0.0,ILE, ,CG1,18.58,13.48,0.0,3.58,1.0,<Residue ILE het=  resseq=15 icode= >,4u0y_A_B,1.91
125,0.0,ILE, ,CG2,18.78,11.71,0.0,2.60,1.0,<Residue ILE het=  resseq=15 icode= >,4u0y_A_B,1.91
126,0.0,ILE, ,CD1,18.21,12.64,0.0,2.72,1.0,<Residue ILE het=  resseq=15 icode= >,4u0y_A_B,1.91
127,0.0,MET, ,N,18.18,14.26,0.0,4.47,1.0,<Residue MET het=  resseq=16 icode= >,4u0y_A_B,1.91
128,0.0,MET, ,CA,22.49,14.34,0.0,4.03,1.0,<Residue MET het=  resseq=16 icode= >,4u0y_A_B,1.91
129,0.0,MET, ,C,22.9,15.22,0.0,4.32,1.0,<Residue MET het=  resseq=16 icode= >,4u0y_A_B,1.91
130,0.0,MET, ,O,24.75,14.99,0.0,3.58,1.0,<Residue MET het=  resseq=16 icode= >,4u0y_A_B,1.91
131,0.0,MET, ,CB,27.06,14.50,0.0,3.09,1.0,<Residue MET het=  resseq=16 icode= >,4u0y_A_B,1.91
132,0.0,MET, ,CG,28.76,13.26,0.0,1.97,1.0,<Residue MET het=  resseq=16 icode= >,4u0y_A_B,1.91
133,0.985,MET, ,SD,23.95,13.82,0.0,7.44,1.0,<Residue MET het=  resseq=16 icode= >,4u0y_A_B,1.91
134,10.463,MET, ,CE,23.05,14.33,0.0,2.07,1.0,<Residue MET het=  resseq=16 icode= >,4u0y_A_B,1.91
135,0.0,GLU, ,N,23.49,16.35,0.0,3.98,1.0,<Residue GLU het=  resseq=17 icode= >,4u0y_A_B,1.91
136,0.0,GLU, ,CA,25.61,17.40,0.0,3.02,1.0,<Residue GLU het=  resseq=17 icode= >,4u0y_A_B,1.91
137,0.821,GLU, ,C,30.6,17.08,0.0,4.02,1.0,<Residue GLU het=  resseq=17 icode= >,4u0y_A_B,1.91
138,0.364,GLU, ,O,29.73,17.41,0.0,3.26,1.0,<Residue GLU het=  resseq=17 icode= >,4u0y_A_B,1.91
139,15.805,GLU, ,CB,29.52,18.70,0.0,2.29,1.0,<Residue GLU het=  resseq=17 icode= >,4u0y_A_B,1.91
140,9.403,GLU, ,CG,29.6,19.52,0.0,2.12,1.0,<Residue GLU het=  resseq=17 icode= >,4u0y_A_B,1.91
141,4.179,GLU, ,CD,41.74,19.86,0.0,2.43,1.0,<Residue GLU het=  resseq=17 icode= >,4u0y_A_B,1.91
142,30.536,GLU, ,OE1,45.04,20.40,0.0,1.58,1.0,<Residue GLU het=  resseq=17 icode= >,4u0y_A_B,1.91
143,7.924,GLU, ,OE2,40.2,19.47,0.0,2.49,1.0,<Residue GLU het=  resseq=17 icode= >,4u0y_A_B,1.91
144,0.0,GLN, ,N,27.42,16.54,0.0,3.95,1.0,<Residue GLN het=  resseq=18 icode= >,4u0y_A_B,1.91
145,1.641,GLN, ,CA,32.53,16.36,0.0,3.01,1.0,<Residue GLN het=  resseq=18 icode= >,4u0y_A_B,1.91
146,0.0,GLN, ,C,28.63,15.32,0.0,3.74,1.0,<Residue GLN het=  resseq=18 icode= >,4u0y_A_B,1.91
147,0.336,GLN, ,O,29.54,15.60,0.0,3.75,1.0,<Residue GLN het=  resseq=18 icode= >,4u0y_A_B,1.91
148,2.404,GLN, ,CB,27.51,16.15,0.0,3.23,1.0,<Residue GLN het=  resseq=18 icode= >,4u0y_A_B,1.91
149,20.868,GLN, ,CG,36.69,17.39,0.0,2.34,1.0,<Residue GLN het=  resseq=18 icode= >,4u0y_A_B,1.91
150,3.505,GLN, ,CD,40.35,17.45,0.0,2.87,1.0,<Residue GLN het=  resseq=18 icode= >,4u0y_A_B,1.91
151,11.758,GLN, ,OE1,49.38,17.80,0.0,2.02,1.0,<Residue GLN het=  resseq=18 icode= >,4u0y_A_B,1.91
152,1.973,GLN, ,NE2,41.96,17.25,0.0,2.10,1.0,<Residue GLN het=  resseq=18 icode= >,4u0y_A_B,1.91
153,0.0,LEU, ,N,24.74,14.23,0.0,4.62,1.0,<Residue LEU het=  resseq=19 icode= >,4u0y_A_B,1.91
154,0.0,LEU, ,CA,25.11,13.31,0.0,3.92,1.0,<Residue LEU het=  resseq=19 icode= >,4u0y_A_B,1.91
155,0.0,LEU, ,C,29.49,14.12,0.0,4.11,1.0,<Residue LEU het=  resseq=19 icode= >,4u0y_A_B,1.91
156,0.0,LEU, ,O,26.27,14.06,0.0,4.10,1.0,<Residue LEU het=  resseq=19 icode= >,4u0y_A_B,1.91
157,0.121,LEU, ,CB,26.84,12.10,0.0,3.13,1.0,<Residue LEU het=  resseq=19 icode= >,4u0y_A_B,1.91
158,0.0,LEU, ,CG,23.67,11.10,0.0,3.29,1.0,<Residue LEU het=  resseq=19 icode= >,4u0y_A_B,1.91
159,0.0,LEU, ,CD1,18.17,9.96,0.0,2.71,1.0,<Residue LEU het=  resseq=19 icode= >,4u0y_A_B,1.91
160,0.0,LEU, ,CD2,28.81,10.75,0.0,1.97,1.0,<Residue LEU het=  resseq=19 icode= >,4u0y_A_B,1.91
161,0.0,LYS, ,N,27.5,15.01,0.0,3.40,1.0,<Residue LYS het=  resseq=20 icode= >,4u0y_A_B,1.91
162,0.584,LYS, ,CA,28.61,16.00,0.0,3.13,1.0,<Residue LYS het=  resseq=20 icode= >,4u0y_A_B,1.91
163,1.452,LYS, ,C,27.98,16.92,0.0,4.31,1.0,<Residue LYS het=  resseq=20 icode= >,4u0y_A_B,1.91
164,3.886,LYS, ,O,34.02,17.34,0.0,3.27,1.0,<Residue LYS het=  resseq=20 icode= >,4u0y_A_B,1.91
165,12.048,LYS, ,CB,28.17,16.91,0.0,2.34,1.0,<Residue LYS het=  resseq=20 icode= >,4u0y_A_B,1.91
166,0.6,LYS, ,CG,25.84,16.38,0.0,2.93,1.0,<Residue LYS het=  resseq=20 icode= >,4u0y_A_B,1.91
167,15.019,LYS, ,CD,31.31,17.50,0.0,2.53,1.0,<Residue LYS het=  resseq=20 icode= >,4u0y_A_B,1.91
168,3.914,LYS, ,CE,35.11,16.96,0.0,1.61,1.0,<Residue LYS het=  resseq=20 icode= >,4u0y_A_B,1.91
169,22.303,LYS, ,NZ,36.9,17.63,0.0,1.47,1.0,<Residue LYS het=  resseq=20 icode= >,4u0y_A_B,1.91
170,0.272,THR, ,N,30.07,17.34,0.0,3.80,1.0,<Residue THR het=  resseq=21 icode= >,4u0y_A_B,1.91
171,3.575,THR, ,CA,30.37,18.27,0.0,3.31,1.0,<Residue THR het=  resseq=21 icode= >,4u0y_A_B,1.91
172,0.0,THR, ,C,34.77,17.68,0.0,3.23,1.0,<Residue THR het=  resseq=21 icode= >,4u0y_A_B,1.91
173,0.0,THR, ,O,33.82,18.32,0.0,2.75,1.0,<Residue THR het=  resseq=21 icode= >,4u0y_A_B,1.91
174,2.631,THR, ,CB,34.11,18.85,0.0,2.82,1.0,<Residue THR het=  resseq=21 icode= >,4u0y_A_B,1.91
175,26.985,THR, ,OG1,37.96,19.66,0.0,2.22,1.0,<Residue THR het=  resseq=21 icode= >,4u0y_A_B,1.91
176,42.714,THR, ,CG2,41.33,19.81,0.0,0.79,1.0,<Residue THR het=  resseq=21 icode= >,4u0y_A_B,1.91
177,0.0,GLN, ,N,32.57,16.56,0.0,2.78,1.0,<Residue GLN het=  resseq=22 icode= >,4u0y_A_B,1.91
178,0.0,GLN, ,CA,36.99,16.03,0.0,2.25,1.0,<Residue GLN het=  resseq=22 icode= >,4u0y_A_B,1.91
179,0.0,GLN, ,C,33.87,15.87,0.0,3.55,1.0,<Residue GLN het=  resseq=22 icode= >,4u0y_A_B,1.91
180,0.0,GLN, ,O,42.15,16.24,0.0,2.20,1.0,<Residue GLN het=  resseq=22 icode= >,4u0y_A_B,1.91
181,0.0,GLN, ,CB,32.86,14.78,0.0,2.45,1.0,<Residue GLN het=  resseq=22 icode= >,4u0y_A_B,1.91
182,6.946,GLN, ,CG,29.03,15.15,0.0,2.65,1.0,<Residue GLN het=  resseq=22 icode= >,4u0y_A_B,1.91
183,3.001,GLN, ,CD,34.14,14.01,0.0,3.20,1.0,<Residue GLN het=  resseq=22 icode= >,4u0y_A_B,1.91
184,4.881,GLN, ,OE1,34.32,12.85,0.0,2.69,1.0,<Residue GLN het=  resseq=22 icode= >,4u0y_A_B,1.91
185,16.151,GLN, ,NE2,42.76,14.42,0.0,1.93,1.0,<Residue GLN het=  resseq=22 icode= >,4u0y_A_B,1.91
186,0.0,ILE, ,N,31.04,15.47,0.0,3.53,1.0,<Residue ILE het=  resseq=23 icode= >,4u0y_A_B,1.91
187,0.0,ILE, ,CA,29.49,15.51,0.0,3.61,1.0,<Residue ILE het=  resseq=23 icode= >,4u0y_A_B,1.91
188,0.0,ILE, ,C,32.98,16.97,0.0,3.74,1.0,<Residue ILE het=  resseq=23 icode= >,4u0y_A_B,1.91
189,10.408,ILE, ,O,36.62,17.38,0.0,2.61,1.0,<Residue ILE het=  resseq=23 icode= >,4u0y_A_B,1.91
190,0.0,ILE, ,CB,29.72,14.93,0.0,2.82,1.0,<Residue ILE het=  resseq=23 icode= >,4u0y_A_B,1.91
191,0.0,ILE, ,CG1,30.91,13.40,0.0,2.24,1.0,<Residue ILE het=  resseq=23 icode= >,4u0y_A_B,1.91
192,29.175,ILE, ,CG2,25.41,15.41,0.0,3.14,1.0,<Residue ILE het=  resseq=23 icode= >,4u0y_A_B,1.91
193,0.084,ILE, ,CD1,29.25,12.94,0.0,2.53,1.0,<Residue ILE het=  resseq=23 icode= >,4u0y_A_B,1.91
194,0.0,LYS, ,N,35.5,17.85,0.0,3.00,1.0,<Residue LYS het=  resseq=24 icode= >,4u0y_A_B,1.91
195,8.62,LYS, ,CA,37.68,19.24,0.0,2.56,1.0,<Residue LYS het=  resseq=24 icode= >,4u0y_A_B,1.91
196,0.0,LYS, ,C,35.96,19.92,0.0,3.80,1.0,<Residue LYS het=  resseq=24 icode= >,4u0y_A_B,1.91
197,24.237,LYS, ,O,37.51,20.68,0.0,2.45,1.0,<Residue LYS het=  resseq=24 icode= >,4u0y_A_B,1.91
198,5.058,LYS, ,CB,38.42,20.07,0.0,1.46,1.0,<Residue LYS het=  resseq=24 icode= >,4u0y_A_B,1.91
199,19.791,LYS, ,CG,36.56,21.57,0.0,1.68,1.0,<Residue LYS het=  resseq=24 icode= >,4u0y_A_B,1.91
200,34.875,LYS, ,CD,40.37,22.44,0.0,1.62,1.0,<Residue LYS het=  resseq=24 icode= >,4u0y_A_B,1.91
201,39.938,LYS, ,CE,43.42,22.41,0.0,1.20,1.0,<Residue LYS het=  resseq=24 icode= >,4u0y_A_B,1.91
202,49.086,LYS, ,NZ,47.45,23.50,0.0,0.71,1.0,<Residue LYS het=  resseq=24 icode= >,4u0y_A_B,1.91
203,0.0,ASN, ,N,32.58,1000.00,0.0,3.63,1.0,<Residue ASN het=  resseq=25 icode= >,4u0y_A_B,1.91
204,8.716,ASN, ,CA,43.53,1000.00,0.0,1.77,1.0,<Residue ASN het=  resseq=25 icode= >,4u0y_A_B,1.91
205,3.399,ASN, ,C,45.37,1000.00,0.0,2.32,1.0,<Residue ASN het=  resseq=25 icode= >,4u0y_A_B,1.91
206,23.338,ASN, ,O,46.08,1000.00,0.0,1.80,1.0,<Residue ASN het=  resseq=25 icode= >,4u0y_A_B,1.91
207,30.819,ASN, ,CB,44.68,1000.00,0.0,1.63,1.0,<Residue ASN het=  resseq=25 icode= >,4u0y_A_B,1.91
208,2.062,ASN, ,CG,42.77,1000.00,0.0,2.80,1.0,<Residue ASN het=  resseq=25 icode= >,4u0y_A_B,1.91
209,0.0,ASN, ,OD1,44.7,1000.00,0.0,2.37,1.0,<Residue ASN het=  resseq=25 icode= >,4u0y_A_B,1.91
210,21.05,ASN, ,ND2,50.41,1000.00,0.0,1.31,1.0,<Residue ASN het=  resseq=25 icode= >,4u0y_A_B,1.91
211,0.034,GLY, ,N,40.13,1000.00,0.0,2.66,1.0,<Residue GLY het=  resseq=26 icode= >,4u0y_A_B,1.91
212,20.828,GLY, ,CA,46.43,1000.00,0.0,1.56,1.0,<Residue GLY het=  resseq=26 icode= >,4u0y_A_B,1.91
213,3.567,GLY, ,C,43.55,1000.00,0.0,2.53,1.0,<Residue GLY het=  resseq=26 icode= >,4u0y_A_B,1.91
214,3.793,GLY, ,O,49.47,1000.00,0.0,1.50,1.0,<Residue GLY het=  resseq=26 icode= >,4u0y_A_B,1.91
215,0.081,GLU, ,N,42.58,17.11,0.0,2.54,1.0,<Residue GLU het=  resseq=27 icode= >,4u0y_A_B,1.91
216,8.707,GLU, ,CA,40.28,16.34,0.0,2.90,1.0,<Residue GLU het=  resseq=27 icode= >,4u0y_A_B,1.91
217,0.0,GLU, ,C,42.43,14.95,0.0,2.71,1.0,<Residue GLU het=  resseq=27 icode= >,4u0y_A_B,1.91
218,25.348,GLU, ,O,43.6,14.45,0.0,2.30,1.0,<Residue GLU het=  resseq=27 icode= >,4u0y_A_B,1.91
219,7.728,GLU, ,CB,44.55,16.31,0.0,1.91,1.0,<Residue GLU het=  resseq=27 icode= >,4u0y_A_B,1.91
220,22.678,GLU, ,CG,47.38,17.71,0.0,1.72,1.0,<Residue GLU het=  resseq=27 icode= >,4u0y_A_B,1.91
221,8.291,GLU, ,CD,56.47,17.83,0.0,1.72,1.0,<Residue GLU het=  resseq=27 icode= >,4u0y_A_B,1.91
222,30.034,GLU, ,OE1,59.16,18.95,0.0,0.94,1.0,<Residue GLU het=  resseq=27 icode= >,4u0y_A_B,1.91
223,18.147,GLU, ,OE2,58.39,16.87,0.0,1.40,1.0,<Residue GLU het=  resseq=27 icode= >,4u0y_A_B,1.91
224,0.0,LEU, ,N,37.9,14.43,0.0,2.68,1.0,<Residue LEU het=  resseq=28 icode= >,4u0y_A_B,1.91
225,2.226,LEU, ,CA,41.2,13.29,0.0,2.27,1.0,<Residue LEU het=  resseq=28 icode= >,4u0y_A_B,1.91
226,0.0,LEU, ,C,39.31,13.86,0.0,2.92,1.0,<Residue LEU het=  resseq=28 icode= >,4u0y_A_B,1.91
227,1.246,LEU, ,O,42.91,14.40,0.0,1.98,1.0,<Residue LEU het=  resseq=28 icode= >,4u0y_A_B,1.91
228,0.546,LEU, ,CB,35.42,12.20,0.0,2.26,1.0,<Residue LEU het=  resseq=28 icode= >,4u0y_A_B,1.91
229,0.026,LEU, ,CG,38.61,11.74,0.0,1.98,1.0,<Residue LEU het=  resseq=28 icode= >,4u0y_A_B,1.91
230,0.029,LEU, ,CD1,31.12,11.15,0.0,2.02,1.0,<Residue LEU het=  resseq=28 icode= >,4u0y_A_B,1.91
231,22.106,LEU, ,CD2,31.36,10.92,0.0,1.34,1.0,<Residue LEU het=  resseq=28 icode= >,4u0y_A_B,1.91
232,2.397,GLN, ,N,40.75,13.92,0.0,2.11,1.0,<Residue GLN het=  resseq=29 icode= >,4u0y_A_B,1.91
233,0.156,GLN, ,CA,36.98,14.72,0.0,2.52,1.0,<Residue GLN het=  resseq=29 icode= >,4u0y_A_B,1.91
234,0.0,GLN, ,C,35.19,13.96,0.0,3.23,1.0,<Residue GLN het=  resseq=29 icode= >,4u0y_A_B,1.91
235,0.0,GLN, ,O,37.59,12.81,0.0,2.83,1.0,<Residue GLN het=  resseq=29 icode= >,4u0y_A_B,1.91
236,6.557,GLN, ,CB,40.59,15.73,0.0,1.62,1.0,<Residue GLN het=  resseq=29 icode= >,4u0y_A_B,1.91
237,9.833,GLN, ,CG,48.55,16.76,0.0,1.08,1.0,<Residue GLN het=  resseq=29 icode= >,4u0y_A_B,1.91
238,10.173,GLN, ,CD,54.97,17.65,0.0,1.49,1.0,<Residue GLN het=  resseq=29 icode= >,4u0y_A_B,1.91
239,33.591,GLN, ,OE1,47.57,17.78,0.0,1.98,1.0,<Residue GLN het=  resseq=29 icode= >,4u0y_A_B,1.91
240,45.923,GLN, ,NE2,59.49,18.35,0.0,0.40,1.0,<Residue GLN het=  resseq=29 icode= >,4u0y_A_B,1.91
241,0.0,PRO, ,N,32.95,14.69,0.0,3.70,1.0,<Residue PRO het=  resseq=30 icode= >,4u0y_A_B,1.91
242,0.0,PRO, ,CA,38.53,14.33,0.0,2.38,1.0,<Residue PRO het=  resseq=30 icode= >,4u0y_A_B,1.91
243,0.0,PRO, ,C,36.66,13.77,0.0,3.09,1.0,<Residue PRO het=  resseq=30 icode= >,4u0y_A_B,1.91
244,10.617,PRO, ,O,39.14,14.25,0.0,2.49,1.0,<Residue PRO het=  resseq=30 icode= >,4u0y_A_B,1.91
245,23.423,PRO, ,CB,36.49,15.74,0.0,1.97,1.0,<Residue PRO het=  resseq=30 icode= >,4u0y_A_B,1.91
246,33.218,PRO, ,CG,34.36,16.43,0.0,2.16,1.0,<Residue PRO het=  resseq=30 icode= >,4u0y_A_B,1.91
247,20.793,PRO, ,CD,36.69,16.02,0.0,2.00,1.0,<Residue PRO het=  resseq=30 icode= >,4u0y_A_B,1.91
248,0.0,ASP, ,N,38.76,12.87,0.0,2.28,1.0,<Residue ASP het=  resseq=31 icode= >,4u0y_A_B,1.91
249,0.0,ASP, ,CA,36.56,12.38,0.0,2.33,1.0,<Residue ASP het=  resseq=31 icode= >,4u0y_A_B,1.91
250,0.0,ASP, ,C,34.79,11.80,0.0,3.62,1.0,<Residue ASP het=  resseq=31 icode= >,4u0y_A_B,1.91
251,13.354,ASP, ,O,41.09,11.88,0.0,2.12,1.0,<Residue ASP het=  resseq=31 icode= >,4u0y_A_B,1.91
252,21.948,ASP, ,CB,37.43,13.31,0.0,2.26,1.0,<Residue ASP het=  resseq=31 icode= >,4u0y_A_B,1.91
253,7.205,ASP, ,CG,46.05,13.30,0.0,2.67,1.0,<Residue ASP het=  resseq=31 icode= >,4u0y_A_B,1.91
254,6.574,ASP, ,OD1,44.3,13.11,0.0,2.57,1.0,<Residue ASP het=  resseq=31 icode= >,4u0y_A_B,1.91
255,41.81,ASP, ,OD2,56.05,13.63,0.0,1.43,1.0,<Residue ASP het=  resseq=31 icode= >,4u0y_A_B,1.91
256,0.0,MET, ,N,30.03,11.43,0.0,3.41,1.0,<Residue MET het=  resseq=32 icode= >,4u0y_A_B,1.91
257,0.0,MET, ,CA,34.99,10.87,0.0,3.10,1.0,<Residue MET het=  resseq=32 icode= >,4u0y_A_B,1.91
258,0.135,MET, ,C,38.28,9.39,0.0,2.65,1.0,<Residue MET het=  resseq=32 icode= >,4u0y_A_B,1.91
259,0.647,MET, ,O,32.56,9.08,0.0,3.33,1.0,<Residue MET het=  resseq=32 icode= >,4u0y_A_B,1.91
260,10.653,MET, ,CB,37.66,11.78,0.0,2.19,1.0,<Residue MET het=  resseq=32 icode= >,4u0y_A_B,1.91
261,12.273,MET, ,CG,39.93,13.22,0.0,1.62,1.0,<Residue MET het=  resseq=32 icode= >,4u0y_A_B,1.91
262,32.663,MET, ,SD,59.57,13.50,0.0,2.44,1.0,<Residue MET het=  resseq=32 icode= >,4u0y_A_B,1.91
263,57.577,MET, ,CE,45.18,12.85,0.0,1.29,1.0,<Residue MET het=  resseq=32 icode= >,4u0y_A_B,1.91
264,0.0,PRO, ,N,36.99,8.65,0.0,2.62,1.0,<Residue PRO het=  resseq=33 icode= >,4u0y_A_B,1.91
265,0.0,PRO, ,CA,30.47,7.20,0.0,3.41,1.0,<Residue PRO het=  resseq=33 icode= >,4u0y_A_B,1.91
266,0.078,PRO, ,C,28.58,7.06,0.0,4.49,1.0,<Residue PRO het=  resseq=33 icode= >,4u0y_A_B,1.91
267,14.014,PRO, ,O,32.69,8.01,0.0,3.04,1.0,<Residue PRO het=  resseq=33 icode= >,4u0y_A_B,1.91
268,8.553,PRO, ,CB,27.05,6.88,0.0,2.54,1.0,<Residue PRO het=  resseq=33 icode= >,4u0y_A_B,1.91
269,37.533,PRO, ,CG,34.76,7.96,0.0,2.13,1.0,<Residue PRO het=  resseq=33 icode= >,4u0y_A_B,1.91
270,9.177,PRO, ,CD,37.34,9.27,0.0,1.65,1.0,<Residue PRO het=  resseq=33 icode= >,4u0y_A_B,1.91
271,0.0,LEU, ,N,23.84,6.14,0.0,4.54,1.0,<Residue LEU het=  resseq=34 icode= >,4u0y_A_B,1.91
272,0.0,LEU, ,CA,20.07,6.26,0.0,3.94,1.0,<Residue LEU het=  resseq=34 icode= >,4u0y_A_B,1.91
273,1.541,LEU, ,C,23.52,5.82,0.0,4.14,1.0,<Residue LEU het=  resseq=34 icode= >,4u0y_A_B,1.91
274,12.314,LEU, ,O,23.99,5.14,0.949,3.56,1.0,<Residue LEU het=  resseq=34 icode= >,4u0y_A_B,1.91
275,0.181,LEU, ,CB,24.45,5.88,0.0,2.69,1.0,<Residue LEU het=  resseq=34 icode= >,4u0y_A_B,1.91
276,0.0,LEU, ,CG,24.14,7.07,0.0,2.90,1.0,<Residue LEU het=  resseq=34 icode= >,4u0y_A_B,1.91
277,0.004,LEU, ,CD1,26.97,7.45,0.0,1.77,1.0,<Residue LEU het=  resseq=34 icode= >,4u0y_A_B,1.91
278,0.092,LEU, ,CD2,24.85,7.09,0.0,1.85,1.0,<Residue LEU het=  resseq=34 icode= >,4u0y_A_B,1.91
279,0.827,PRO, ,N,23.67,6.54,0.0,4.40,1.0,<Residue PRO het=  resseq=35 icode= >,4u0y_A_B,1.91
280,8.021,PRO, ,CA,28.15,6.33,0.0,3.19,1.0,<Residue PRO het=  resseq=35 icode= >,4u0y_A_B,1.91
281,0.0,PRO, ,C,28.24,5.11,0.0,3.51,1.0,<Residue PRO het=  resseq=35 icode= >,4u0y_A_B,1.91
282,1.399,PRO, ,O,23.62,4.46,0.954,4.09,1.0,<Residue PRO het=  resseq=35 icode= >,4u0y_A_B,1.91
283,1.153,PRO, ,CB,23.1,7.30,0.0,3.31,1.0,<Residue PRO het=  resseq=35 icode= >,4u0y_A_B,1.91
284,29.642,PRO, ,CG,27.11,8.47,0.0,3.27,1.0,<Residue PRO het=  resseq=35 icode= >,4u0y_A_B,1.91
285,7.11,PRO, ,CD,25.58,7.79,0.0,2.67,1.0,<Residue PRO het=  resseq=35 icode= >,4u0y_A_B,1.91
286,3.224,SER, ,N,26.79,4.63,0.421,2.90,1.0,<Residue SER het=  resseq=36 icode= >,4u0y_A_B,1.91
287,9.213,SER, ,CA,24.37,3.35,8.315,2.35,1.0,<Residue SER het=  resseq=36 icode= >,4u0y_A_B,1.91
288,0.0,SER, ,C,19.47,3.59,0.0,4.49,1.0,<Residue SER het=  resseq=36 icode= >,4u0y_A_B,1.91
289,0.0,SER, ,O,20.94,4.79,0.0,5.05,1.0,<Residue SER het=  resseq=36 icode= >,4u0y_A_B,1.91
290,40.499,SER, ,CB,25.35,3.28,39.292,2.72,1.0,<Residue SER het=  resseq=36 icode= >,4u0y_A_B,1.91
291,5.937,SER, ,OG,21.45,3.48,3.568,3.58,1.0,<Residue SER het=  resseq=36 icode= >,4u0y_A_B,1.91
292,6.039,GLU, ,N,19.1,2.87,6.018,3.83,1.0,<Residue GLU het=  resseq=37 icode= >,4u0y_A_B,1.91
293,0.0,GLU, ,CA,19.41,3.86,0.0,4.29,1.0,<Residue GLU het=  resseq=37 icode= >,4u0y_A_B,1.91
294,0.0,GLU, ,C,22.45,4.73,0.0,4.49,1.0,<Residue GLU het=  resseq=37 icode= >,4u0y_A_B,1.91
295,0.0,GLU, ,O,16.55,5.93,0.0,5.69,1.0,<Residue GLU het=  resseq=37 icode= >,4u0y_A_B,1.91
296,14.741,GLU, ,CB,24.46,3.68,14.283,2.07,1.0,<Residue GLU het=  resseq=37 icode= >,4u0y_A_B,1.91
297,0.0,GLU, ,CG,28.04,5.10,0.0,1.37,1.0,<Residue GLU het=  resseq=37 icode= >,4u0y_A_B,1.91
298,3.527,GLU, ,CD,36.6,4.69,3.493,1.70,1.0,<Residue GLU het=  resseq=37 icode= >,4u0y_A_B,1.91
299,9.689,GLU, ,OE1,37.52,4.00,8.941,1.84,1.0,<Residue GLU het=  resseq=37 icode= >,4u0y_A_B,1.91
300,25.198,GLU, ,OE2,31.99,3.70,22.533,2.27,1.0,<Residue GLU het=  resseq=37 icode= >,4u0y_A_B,1.91
301,1.118,ARG, ,N,22.75,4.43,0.874,4.05,1.0,<Residue ARG het=  resseq=38 icode= >,4u0y_A_B,1.91
302,0.0,ARG,x,CA,22.27,5.68,0.0,3.26,0.55,<Residue ARG het=  resseq=38 icode= >,4u0y_A_B,1.91
303,0.0,ARG, ,C,20.91,6.62,0.0,4.81,1.0,<Residue ARG het=  resseq=38 icode= >,4u0y_A_B,1.91
304,0.0,ARG, ,O,19.97,7.68,0.0,5.11,1.0,<Residue ARG het=  resseq=38 icode= >,4u0y_A_B,1.91
305,5.284,ARG,x,CB,23.23,4.96,2.165,2.98,0.55,<Residue ARG het=  resseq=38 icode= >,4u0y_A_B,1.91
306,1.304,ARG,x,CG,23.96,5.37,0.0,3.09,0.55,<Residue ARG het=  resseq=38 icode= >,4u0y_A_B,1.91
307,18.669,ARG,x,CD,22.06,4.62,8.506,2.11,0.55,<Residue ARG het=  resseq=38 icode= >,4u0y_A_B,1.91
308,2.275,ARG,x,NE,22.04,5.66,0.0,1.98,0.55,<Residue ARG het=  resseq=38 icode= >,4u0y_A_B,1.91
309,5.696,ARG,x,CZ,25.01,5.92,1.221,2.26,0.55,<Residue ARG het=  resseq=38 icode= >,4u0y_A_B,1.91
310,46.987,ARG,x,NH1,20.35,5.27,18.503,1.64,0.55,<Residue ARG het=  resseq=38 icode= >,4u0y_A_B,1.91
311,51.586,ARG,x,NH2,23.75,6.15,13.831,1.91,0.55,<Residue ARG het=  resseq=38 icode= >,4u0y_A_B,1.91
312,0.0,GLU, ,N,22.11,6.20,0.0,3.48,1.0,<Residue GLU het=  resseq=39 icode= >,4u0y_A_B,1.91
313,3.757,GLU, ,CA,20.94,6.73,0.0,3.67,1.0,<Residue GLU het=  resseq=39 icode= >,4u0y_A_B,1.91
314,0.0,GLU, ,C,21.37,8.15,0.0,4.33,1.0,<Residue GLU het=  resseq=39 icode= >,4u0y_A_B,1.91
315,0.595,GLU, ,O,19.43,9.11,0.0,4.97,1.0,<Residue GLU het=  resseq=39 icode= >,4u0y_A_B,1.91
316,1.193,GLU, ,CB,28.25,6.01,0.0,2.21,1.0,<Residue GLU het=  resseq=39 icode= >,4u0y_A_B,1.91
317,19.185,GLU, ,CG,36.5,6.57,0.0,1.45,1.0,<Residue GLU het=  resseq=39 icode= >,4u0y_A_B,1.91
318,8.644,GLU, ,CD,43.95,5.98,0.0,1.46,1.0,<Residue GLU het=  resseq=39 icode= >,4u0y_A_B,1.91
319,27.377,GLU, ,OE1,45.85,4.78,3.643,1.45,1.0,<Residue GLU het=  resseq=39 icode= >,4u0y_A_B,1.91
320,32.738,GLU, ,OE2,47.99,6.92,0.0,1.06,1.0,<Residue GLU het=  resseq=39 icode= >,4u0y_A_B,1.91
321,0.027,TYR, ,N,23.04,7.71,0.0,4.01,1.0,<Residue TYR het=  resseq=40 icode= >,4u0y_A_B,1.91
322,0.0,TYR, ,CA,21.05,8.70,0.0,3.69,1.0,<Residue TYR het=  resseq=40 icode= >,4u0y_A_B,1.91
323,0.0,TYR, ,C,20.82,9.24,0.0,4.87,1.0,<Residue TYR het=  resseq=40 icode= >,4u0y_A_B,1.91
324,0.0,TYR, ,O,20.61,9.65,0.0,4.79,1.0,<Residue TYR het=  resseq=40 icode= >,4u0y_A_B,1.91
325,0.0,TYR, ,CB,20.42,8.29,0.0,2.82,1.0,<Residue TYR het=  resseq=40 icode= >,4u0y_A_B,1.91
326,0.0,TYR, ,CG,21.43,8.21,0.0,3.81,1.0,<Residue TYR het=  resseq=40 icode= >,4u0y_A_B,1.91
327,0.124,TYR, ,CD1,30.55,9.37,0.0,2.36,1.0,<Residue TYR het=  resseq=40 icode= >,4u0y_A_B,1.91
328,0.0,TYR, ,CD2,22.88,7.11,0.0,3.25,1.0,<Residue TYR het=  resseq=40 icode= >,4u0y_A_B,1.91
329,4.703,TYR, ,CE1,23.57,9.28,0.0,3.35,1.0,<Residue TYR het=  resseq=40 icode= >,4u0y_A_B,1.91
330,0.0,TYR, ,CE2,25.01,6.98,0.0,3.41,1.0,<Residue TYR het=  resseq=40 icode= >,4u0y_A_B,1.91
331,0.0,TYR, ,CZ,26.83,8.16,0.0,4.36,1.0,<Residue TYR het=  resseq=40 icode= >,4u0y_A_B,1.91
332,0.849,TYR, ,OH,29.24,8.38,0.0,3.27,1.0,<Residue TYR het=  resseq=40 icode= >,4u0y_A_B,1.91
333,0.0,ALA, ,N,20.44,7.98,0.0,4.49,1.0,<Residue ALA het=  resseq=41 icode= >,4u0y_A_B,1.91
334,0.0,ALA, ,CA,18.6,6.89,0.0,4.19,1.0,<Residue ALA het=  resseq=41 icode= >,4u0y_A_B,1.91
335,0.662,ALA, ,C,23.62,7.10,0.0,4.23,1.0,<Residue ALA het=  resseq=41 icode= >,4u0y_A_B,1.91
336,0.99,ALA, ,O,25.03,7.14,0.0,3.63,1.0,<Residue ALA het=  resseq=41 icode= >,4u0y_A_B,1.91
337,3.472,ALA, ,CB,21.83,5.53,0.831,2.90,1.0,<Residue ALA het=  resseq=41 icode= >,4u0y_A_B,1.91
338,0.0,GLU, ,N,24.79,7.51,0.0,4.10,1.0,<Residue GLU het=  resseq=42 icode= >,4u0y_A_B,1.91
339,6.698,GLU, ,CA,30.16,7.94,0.0,2.47,1.0,<Residue GLU het=  resseq=42 icode= >,4u0y_A_B,1.91
340,1.155,GLU, ,C,26.94,9.24,0.0,4.16,1.0,<Residue GLU het=  resseq=42 icode= >,4u0y_A_B,1.91
341,19.586,GLU, ,O,27.01,9.59,0.0,3.64,1.0,<Residue GLU het=  resseq=42 icode= >,4u0y_A_B,1.91
342,16.187,GLU, ,CB,27.03,8.07,0.0,2.44,1.0,<Residue GLU het=  resseq=42 icode= >,4u0y_A_B,1.91
343,16.592,GLU, ,CG,29.5,6.79,0.0,1.86,1.0,<Residue GLU het=  resseq=42 icode= >,4u0y_A_B,1.91
344,7.205,GLU, ,CD,32.58,7.10,0.0,2.68,1.0,<Residue GLU het=  resseq=42 icode= >,4u0y_A_B,1.91
345,25.343,GLU, ,OE1,37.21,7.92,0.0,2.44,1.0,<Residue GLU het=  resseq=42 icode= >,4u0y_A_B,1.91
346,16.429,GLU, ,OE2,32.54,6.29,0.0,2.46,1.0,<Residue GLU het=  resseq=42 icode= >,4u0y_A_B,1.91
347,0.14,GLN, ,N,25.19,10.12,0.0,4.04,1.0,<Residue GLN het=  resseq=43 icode= >,4u0y_A_B,1.91
348,10.609,GLN, ,CA,28.77,11.45,0.0,3.02,1.0,<Residue GLN het=  resseq=43 icode= >,4u0y_A_B,1.91
349,0.0,GLN, ,C,26.62,11.59,0.0,4.13,1.0,<Residue GLN het=  resseq=43 icode= >,4u0y_A_B,1.91
350,29.21,GLN, ,O,26.15,12.49,0.0,3.55,1.0,<Residue GLN het=  resseq=43 icode= >,4u0y_A_B,1.91
351,23.074,GLN, ,CB,29.71,12.07,0.0,2.61,1.0,<Residue GLN het=  resseq=43 icode= >,4u0y_A_B,1.91
352,1.52,GLN, ,CG,34.67,12.13,0.0,1.61,1.0,<Residue GLN het=  resseq=43 icode= >,4u0y_A_B,1.91
353,4.102,GLN, ,CD,43.13,11.68,0.0,1.70,1.0,<Residue GLN het=  resseq=43 icode= >,4u0y_A_B,1.91
354,18.892,GLN, ,OE1,49.61,10.79,0.0,1.47,1.0,<Residue GLN het=  resseq=43 icode= >,4u0y_A_B,1.91
355,18.299,GLN, ,NE2,47.78,12.46,0.0,1.12,1.0,<Residue GLN het=  resseq=43 icode= >,4u0y_A_B,1.91
356,0.0,PHE, ,N,26.69,10.87,0.0,3.47,1.0,<Residue PHE het=  resseq=44 icode= >,4u0y_A_B,1.91
357,3.227,PHE, ,CA,24.3,11.19,0.0,3.76,1.0,<Residue PHE het=  resseq=44 icode= >,4u0y_A_B,1.91
358,3.065,PHE, ,C,24.42,10.41,0.0,4.66,1.0,<Residue PHE het=  resseq=44 icode= >,4u0y_A_B,1.91
359,7.301,PHE, ,O,27.4,10.56,0.0,4.69,1.0,<Residue PHE het=  resseq=44 icode= >,4u0y_A_B,1.91
360,0.0,PHE, ,CB,21.62,11.12,0.0,3.58,1.0,<Residue PHE het=  resseq=44 icode= >,4u0y_A_B,1.91
361,0.0,PHE, ,CG,25.41,12.20,0.0,3.69,1.0,<Residue PHE het=  resseq=44 icode= >,4u0y_A_B,1.91
362,7.818,PHE, ,CD1,26.01,13.49,0.0,2.65,1.0,<Residue PHE het=  resseq=44 icode= >,4u0y_A_B,1.91
363,0.0,PHE, ,CD2,27.46,12.06,0.0,2.85,1.0,<Residue PHE het=  resseq=44 icode= >,4u0y_A_B,1.91
364,7.611,PHE, ,CE1,29.76,14.54,0.0,2.82,1.0,<Residue PHE het=  resseq=44 icode= >,4u0y_A_B,1.91
365,0.0,PHE, ,CE2,28.53,13.04,0.0,3.31,1.0,<Residue PHE het=  resseq=44 icode= >,4u0y_A_B,1.91
366,0.0,PHE, ,CZ,28.86,14.17,0.0,3.44,1.0,<Residue PHE het=  resseq=44 icode= >,4u0y_A_B,1.91
367,0.466,GLY, ,N,24.6,9.36,0.0,4.22,1.0,<Residue GLY het=  resseq=45 icode= >,4u0y_A_B,1.91
368,30.369,GLY, ,CA,23.23,8.08,0.0,3.30,1.0,<Residue GLY het=  resseq=45 icode= >,4u0y_A_B,1.91
369,4.462,GLY, ,C,26.75,7.73,0.0,3.41,1.0,<Residue GLY het=  resseq=45 icode= >,4u0y_A_B,1.91
370,16.457,GLY, ,O,24.1,7.42,0.0,4.41,1.0,<Residue GLY het=  resseq=45 icode= >,4u0y_A_B,1.91
371,0.041,ILE, ,N,21.83,7.35,0.0,3.45,1.0,<Residue ILE het=  resseq=46 icode= >,4u0y_A_B,1.91
372,6.191,ILE, ,CA,20.96,6.79,0.0,3.55,1.0,<Residue ILE het=  resseq=46 icode= >,4u0y_A_B,1.91
373,4.239,ILE, ,C,22.48,5.28,0.0,4.37,1.0,<Residue ILE het=  resseq=46 icode= >,4u0y_A_B,1.91
374,9.44,ILE, ,O,21.14,4.77,2.705,4.94,1.0,<Residue ILE het=  resseq=46 icode= >,4u0y_A_B,1.91
375,2.2,ILE, ,CB,21.99,7.64,0.0,3.26,1.0,<Residue ILE het=  resseq=46 icode= >,4u0y_A_B,1.91
376,0.0,ILE, ,CG1,17.7,7.67,0.0,3.91,1.0,<Residue ILE het=  resseq=46 icode= >,4u0y_A_B,1.91
377,4.248,ILE, ,CG2,21.82,9.10,0.0,2.52,1.0,<Residue ILE het=  resseq=46 icode= >,4u0y_A_B,1.91
378,0.0,ILE, ,CD1,20.69,8.81,0.0,3.23,1.0,<Residue ILE het=  resseq=46 icode= >,4u0y_A_B,1.91
379,6.04,SER, ,N,21.57,4.87,0.0,4.00,1.0,<Residue SER het=  resseq=47 icode= >,4u0y_A_B,1.91
380,9.111,SER, ,CA,23.16,3.57,6.79,3.17,1.0,<Residue SER het=  resseq=47 icode= >,4u0y_A_B,1.91
381,0.0,SER, ,C,22.71,3.73,0.0,4.56,1.0,<Residue SER het=  resseq=47 icode= >,4u0y_A_B,1.91
382,0.0,SER, ,O,18.75,4.94,0.0,5.23,1.0,<Residue SER het=  resseq=47 icode= >,4u0y_A_B,1.91
383,36.119,SER, ,CB,20.4,3.85,10.28,2.95,1.0,<Residue SER het=  resseq=47 icode= >,4u0y_A_B,1.91
384,4.68,SER, ,OG,26.72,4.45,0.0,2.64,1.0,<Residue SER het=  resseq=47 icode= >,4u0y_A_B,1.91
385,3.763,ARG, ,N,19.46,2.92,3.763,4.38,1.0,<Residue ARG het=  resseq=48 icode= >,4u0y_A_B,1.91
386,0.0,ARG, ,CA,18.95,3.90,0.0,4.08,1.0,<Residue ARG het=  resseq=48 icode= >,4u0y_A_B,1.91
387,0.354,ARG, ,C,18.78,3.89,0.0,4.94,1.0,<Residue ARG het=  resseq=48 icode= >,4u0y_A_B,1.91
388,0.0,ARG, ,O,18.36,4.97,0.0,4.96,1.0,<Residue ARG het=  resseq=48 icode= >,4u0y_A_B,1.91
389,11.294,ARG, ,CB,20.44,3.72,10.888,3.32,1.0,<Residue ARG het=  resseq=48 icode= >,4u0y_A_B,1.91
390,9.848,ARG, ,CG,24.39,3.37,9.697,2.44,1.0,<Residue ARG het=  resseq=48 icode= >,4u0y_A_B,1.91
391,14.735,ARG, ,CD,20.55,3.61,14.735,3.05,1.0,<Residue ARG het=  resseq=48 icode= >,4u0y_A_B,1.91
392,12.222,ARG, ,NE,24.53,3.52,10.36,3.22,1.0,<Residue ARG het=  resseq=48 icode= >,4u0y_A_B,1.91
393,4.578,ARG, ,CZ,25.31,3.60,4.578,3.89,1.0,<Residue ARG het=  resseq=48 icode= >,4u0y_A_B,1.91
394,35.904,ARG, ,NH1,23.55,3.95,33.623,3.37,1.0,<Residue ARG het=  resseq=48 icode= >,4u0y_A_B,1.91
395,25.485,ARG, ,NH2,22.08,3.56,22.387,2.99,1.0,<Residue ARG het=  resseq=48 icode= >,4u0y_A_B,1.91
396,2.664,MET, ,N,18.51,3.08,2.664,4.03,1.0,<Residue MET het=  resseq=49 icode= >,4u0y_A_B,1.91
397,4.363,MET, ,CA,19.03,3.87,3.115,3.63,1.0,<Residue MET het=  resseq=49 icode= >,4u0y_A_B,1.91
398,0.0,MET, ,C,17.83,5.22,0.0,4.66,1.0,<Residue MET het=  resseq=49 icode= >,4u0y_A_B,1.91
399,2.962,MET, ,O,19.88,5.93,0.0,4.21,1.0,<Residue MET het=  resseq=49 icode= >,4u0y_A_B,1.91
400,23.749,MET, ,CB,23.62,3.23,18.609,2.87,1.0,<Residue MET het=  resseq=49 icode= >,4u0y_A_B,1.91
401,7.261,MET, ,CG,27.4,3.57,6.387,2.19,1.0,<Residue MET het=  resseq=49 icode= >,4u0y_A_B,1.91
402,46.182,MET, ,SD,45.86,4.73,5.076,2.87,1.0,<Residue MET het=  resseq=49 icode= >,4u0y_A_B,1.91
403,56.341,MET, ,CE,43.3,5.45,0.198,0.33,1.0,<Residue MET het=  resseq=49 icode= >,4u0y_A_B,1.91
404,0.0,THR, ,N,16.45,5.49,0.0,5.46,1.0,<Residue THR het=  resseq=50 icode= >,4u0y_A_B,1.91
405,1.831,THR, ,CA,19.16,6.93,0.0,3.76,1.0,<Residue THR het=  resseq=50 icode= >,4u0y_A_B,1.91
406,0.0,THR, ,C,20.38,7.68,0.0,4.77,1.0,<Residue THR het=  resseq=50 icode= >,4u0y_A_B,1.91
407,0.0,THR, ,O,18.38,8.77,0.0,4.15,1.0,<Residue THR het=  resseq=50 icode= >,4u0y_A_B,1.91
408,0.0,THR, ,CB,20.5,7.40,0.0,3.87,1.0,<Residue THR het=  resseq=50 icode= >,4u0y_A_B,1.91
409,19.772,THR, ,OG1,20.3,7.11,0.0,3.95,1.0,<Residue THR het=  resseq=50 icode= >,4u0y_A_B,1.91
410,9.255,THR, ,CG2,19.65,8.93,0.0,2.98,1.0,<Residue THR het=  resseq=50 icode= >,4u0y_A_B,1.91
411,0.0,VAL, ,N,15.8,7.32,0.0,5.29,1.0,<Residue VAL het=  resseq=51 icode= >,4u0y_A_B,1.91
412,0.0,VAL, ,CA,16.33,8.30,0.0,3.64,1.0,<Residue VAL het=  resseq=51 icode= >,4u0y_A_B,1.91
413,0.0,VAL, ,C,18.79,7.76,0.0,5.25,1.0,<Residue VAL het=  resseq=51 icode= >,4u0y_A_B,1.91
414,0.0,VAL, ,O,18.19,7.79,0.0,4.93,1.0,<Residue VAL het=  resseq=51 icode= >,4u0y_A_B,1.91
415,0.0,VAL, ,CB,14.57,8.16,0.0,3.31,1.0,<Residue VAL het=  resseq=51 icode= >,4u0y_A_B,1.91
416,0.0,VAL, ,CG1,20.54,7.46,0.0,2.47,1.0,<Residue VAL het=  resseq=51 icode= >,4u0y_A_B,1.91
417,0.0,VAL, ,CG2,14.22,7.88,0.0,3.59,1.0,<Residue VAL het=  resseq=51 icode= >,4u0y_A_B,1.91
418,0.0,ARG, ,N,17.18,6.92,0.0,3.88,1.0,<Residue ARG het=  resseq=52 icode= >,4u0y_A_B,1.91
419,0.0,ARG, ,CA,16.88,5.79,0.0,3.32,1.0,<Residue ARG het=  resseq=52 icode= >,4u0y_A_B,1.91
420,0.0,ARG, ,C,17.89,6.51,0.0,4.53,1.0,<Residue ARG het=  resseq=52 icode= >,4u0y_A_B,1.91
421,0.0,ARG, ,O,18.5,6.21,0.0,4.68,1.0,<Residue ARG het=  resseq=52 icode= >,4u0y_A_B,1.91
422,1.395,ARG, ,CB,19.51,5.10,0.0,2.54,1.0,<Residue ARG het=  resseq=52 icode= >,4u0y_A_B,1.91
423,0.775,ARG, ,CG,31.4,3.98,0.499,1.73,1.0,<Residue ARG het=  resseq=52 icode= >,4u0y_A_B,1.91
424,27.328,ARG, ,CD,37.85,4.40,5.426,1.07,1.0,<Residue ARG het=  resseq=52 icode= >,4u0y_A_B,1.91
425,11.35,ARG, ,NE,36.66,4.40,0.0,2.39,1.0,<Residue ARG het=  resseq=52 icode= >,4u0y_A_B,1.91
426,4.494,ARG, ,CZ,41.6,3.78,3.094,2.07,1.0,<Residue ARG het=  resseq=52 icode= >,4u0y_A_B,1.91
427,41.698,ARG, ,NH1,40.53,2.85,41.635,0.93,1.0,<Residue ARG het=  resseq=52 icode= >,4u0y_A_B,1.91
428,44.811,ARG, ,NH2,40.89,3.87,13.941,1.75,1.0,<Residue ARG het=  resseq=52 icode= >,4u0y_A_B,1.91
429,0.311,GLN, ,N,15.9,7.72,0.0,4.37,1.0,<Residue GLN het=  resseq=53 icode= >,4u0y_A_B,1.91
430,5.157,GLN, ,CA,18.31,8.63,0.0,3.34,1.0,<Residue GLN het=  resseq=53 icode= >,4u0y_A_B,1.91
431,0.0,GLN, ,C,18.79,9.03,0.0,3.93,1.0,<Residue GLN het=  resseq=53 icode= >,4u0y_A_B,1.91
432,0.095,GLN, ,O,19.24,9.25,0.0,4.48,1.0,<Residue GLN het=  resseq=53 icode= >,4u0y_A_B,1.91
433,4.793,GLN, ,CB,17.47,9.42,0.0,2.77,1.0,<Residue GLN het=  resseq=53 icode= >,4u0y_A_B,1.91
434,10.049,GLN, ,CG,20.66,10.58,0.0,2.18,1.0,<Residue GLN het=  resseq=53 icode= >,4u0y_A_B,1.91
435,5.047,GLN, ,CD,19.61,10.82,0.0,3.77,1.0,<Residue GLN het=  resseq=53 icode= >,4u0y_A_B,1.91
436,22.259,GLN, ,OE1,22.73,10.21,0.0,3.53,1.0,<Residue GLN het=  resseq=53 icode= >,4u0y_A_B,1.91
437,36.395,GLN, ,NE2,22.31,11.89,0.0,3.44,1.0,<Residue GLN het=  resseq=53 icode= >,4u0y_A_B,1.91
438,0.0,ALA, ,N,15.09,9.39,0.0,5.01,1.0,<Residue ALA het=  resseq=54 icode= >,4u0y_A_B,1.91
439,0.0,ALA, ,CA,17.29,10.02,0.0,4.02,1.0,<Residue ALA het=  resseq=54 icode= >,4u0y_A_B,1.91
440,0.0,ALA, ,C,21.57,9.21,0.0,4.13,1.0,<Residue ALA het=  resseq=54 icode= >,4u0y_A_B,1.91
441,0.0,ALA, ,O,19.01,9.75,0.0,4.60,1.0,<Residue ALA het=  resseq=54 icode= >,4u0y_A_B,1.91
442,0.0,ALA, ,CB,16.43,10.69,0.0,3.77,1.0,<Residue ALA het=  resseq=54 icode= >,4u0y_A_B,1.91
443,0.0,LEU, ,N,17.3,8.07,0.0,4.46,1.0,<Residue LEU het=  resseq=55 icode= >,4u0y_A_B,1.91
444,0.0,LEU, ,CA,19.08,7.41,0.0,3.86,1.0,<Residue LEU het=  resseq=55 icode= >,4u0y_A_B,1.91
445,0.0,LEU, ,C,20.64,7.12,0.0,4.85,1.0,<Residue LEU het=  resseq=55 icode= >,4u0y_A_B,1.91
446,0.0,LEU, ,O,22.43,7.63,0.0,4.35,1.0,<Residue LEU het=  resseq=55 icode= >,4u0y_A_B,1.91
447,0.0,LEU, ,CB,18.52,6.33,0.0,2.51,1.0,<Residue LEU het=  resseq=55 icode= >,4u0y_A_B,1.91
448,0.0,LEU, ,CG,20.59,6.77,0.0,2.86,1.0,<Residue LEU het=  resseq=55 icode= >,4u0y_A_B,1.91
449,3.347,LEU, ,CD1,20.73,5.38,0.559,2.31,1.0,<Residue LEU het=  resseq=55 icode= >,4u0y_A_B,1.91
450,0.0,LEU, ,CD2,22.43,7.08,0.0,2.19,1.0,<Residue LEU het=  resseq=55 icode= >,4u0y_A_B,1.91
451,0.0,SER, ,N,17.91,6.65,0.0,4.70,1.0,<Residue SER het=  resseq=56 icode= >,4u0y_A_B,1.91
452,0.0,SER, ,CA,23.0,6.83,0.0,3.18,1.0,<Residue SER het=  resseq=56 icode= >,4u0y_A_B,1.91
453,0.0,SER, ,C,22.95,8.31,0.0,4.37,1.0,<Residue SER het=  resseq=56 icode= >,4u0y_A_B,1.91
454,0.166,SER, ,O,25.44,8.73,0.0,3.76,1.0,<Residue SER het=  resseq=56 icode= >,4u0y_A_B,1.91
455,20.368,SER, ,CB,19.12,6.63,0.0,3.75,1.0,<Residue SER het=  resseq=56 icode= >,4u0y_A_B,1.91
456,0.232,SER, ,OG,26.4,5.33,0.0,3.12,1.0,<Residue SER het=  resseq=56 icode= >,4u0y_A_B,1.91
457,0.0,ASN, ,N,20.38,9.19,0.0,4.80,1.0,<Residue ASN het=  resseq=57 icode= >,4u0y_A_B,1.91
458,0.587,ASN, ,CA,24.79,10.59,0.0,3.35,1.0,<Residue ASN het=  resseq=57 icode= >,4u0y_A_B,1.91
459,0.0,ASN, ,C,30.28,11.01,0.0,3.39,1.0,<Residue ASN het=  resseq=57 icode= >,4u0y_A_B,1.91
460,0.028,ASN, ,O,27.96,11.87,0.0,3.96,1.0,<Residue ASN het=  resseq=57 icode= >,4u0y_A_B,1.91
461,1.728,ASN, ,CB,22.83,11.50,0.0,2.85,1.0,<Residue ASN het=  resseq=57 icode= >,4u0y_A_B,1.91
462,5.394,ASN, ,CG,27.88,11.75,0.0,3.97,1.0,<Residue ASN het=  resseq=57 icode= >,4u0y_A_B,1.91
463,24.761,ASN, ,OD1,38.04,11.65,0.0,2.34,1.0,<Residue ASN het=  resseq=57 icode= >,4u0y_A_B,1.91
464,9.551,ASN, ,ND2,19.05,12.25,0.0,3.50,1.0,<Residue ASN het=  resseq=57 icode= >,4u0y_A_B,1.91
465,0.0,LEU, ,N,20.27,10.59,0.0,4.48,1.0,<Residue LEU het=  resseq=58 icode= >,4u0y_A_B,1.91
466,0.0,LEU, ,CA,24.78,11.25,0.0,3.24,1.0,<Residue LEU het=  resseq=58 icode= >,4u0y_A_B,1.91
467,0.0,LEU, ,C,28.52,10.93,0.0,3.71,1.0,<Residue LEU het=  resseq=58 icode= >,4u0y_A_B,1.91
468,0.0,LEU, ,O,29.38,11.76,0.0,3.42,1.0,<Residue LEU het=  resseq=58 icode= >,4u0y_A_B,1.91
469,0.0,LEU, ,CB,24.45,11.15,0.0,2.37,1.0,<Residue LEU het=  resseq=58 icode= >,4u0y_A_B,1.91
470,0.0,LEU, ,CG,26.34,11.80,0.0,2.59,1.0,<Residue LEU het=  resseq=58 icode= >,4u0y_A_B,1.91
471,0.0,LEU, ,CD1,33.35,11.27,0.0,0.74,1.0,<Residue LEU het=  resseq=58 icode= >,4u0y_A_B,1.91
472,0.0,LEU, ,CD2,29.79,13.25,0.0,1.95,1.0,<Residue LEU het=  resseq=58 icode= >,4u0y_A_B,1.91
473,0.0,VAL, ,N,24.76,9.66,0.0,3.77,1.0,<Residue VAL het=  resseq=59 icode= >,4u0y_A_B,1.91
474,0.0,VAL, ,CA,24.87,9.19,0.0,3.31,1.0,<Residue VAL het=  resseq=59 icode= >,4u0y_A_B,1.91
475,0.0,VAL, ,C,34.9,9.97,0.0,3.36,1.0,<Residue VAL het=  resseq=59 icode= >,4u0y_A_B,1.91
476,9.535,VAL, ,O,29.24,10.61,0.0,3.66,1.0,<Residue VAL het=  resseq=59 icode= >,4u0y_A_B,1.91
477,0.0,VAL, ,CB,22.33,7.66,0.0,3.58,1.0,<Residue VAL het=  resseq=59 icode= >,4u0y_A_B,1.91
478,32.467,VAL, ,CG1,24.78,7.52,0.0,2.71,1.0,<Residue VAL het=  resseq=59 icode= >,4u0y_A_B,1.91
479,0.0,VAL, ,CG2,23.51,7.09,0.0,2.92,1.0,<Residue VAL het=  resseq=59 icode= >,4u0y_A_B,1.91
480,0.0,ASN, ,N,30.17,10.15,0.0,3.43,1.0,<Residue ASN het=  resseq=60 icode= >,4u0y_A_B,1.91
481,5.693,ASN, ,CA,32.86,11.10,0.0,2.81,1.0,<Residue ASN het=  resseq=60 icode= >,4u0y_A_B,1.91
482,1.021,ASN, ,C,32.79,12.50,0.0,3.56,1.0,<Residue ASN het=  resseq=60 icode= >,4u0y_A_B,1.91
483,29.796,ASN, ,O,38.83,13.32,0.0,2.30,1.0,<Residue ASN het=  resseq=60 icode= >,4u0y_A_B,1.91
484,17.333,ASN, ,CB,28.09,11.28,0.0,2.91,1.0,<Residue ASN het=  resseq=60 icode= >,4u0y_A_B,1.91
485,5.294,ASN, ,CG,38.95,10.26,0.0,2.02,1.0,<Residue ASN het=  resseq=60 icode= >,4u0y_A_B,1.91
486,26.845,ASN, ,OD1,45.19,9.53,0.0,1.47,1.0,<Residue ASN het=  resseq=60 icode= >,4u0y_A_B,1.91
487,37.979,ASN, ,ND2,41.05,10.40,0.0,1.49,1.0,<Residue ASN het=  resseq=60 icode= >,4u0y_A_B,1.91
488,0.0,GLU, ,N,26.95,12.88,0.0,3.68,1.0,<Residue GLU het=  resseq=61 icode= >,4u0y_A_B,1.91
489,7.062,GLU, ,CA,36.14,14.25,0.0,2.32,1.0,<Residue GLU het=  resseq=61 icode= >,4u0y_A_B,1.91
490,2.414,GLU, ,C,38.51,14.50,0.0,2.53,1.0,<Residue GLU het=  resseq=61 icode= >,4u0y_A_B,1.91
491,23.928,GLU, ,O,36.02,15.67,0.0,2.39,1.0,<Residue GLU het=  resseq=61 icode= >,4u0y_A_B,1.91
492,5.145,GLU, ,CB,29.43,14.83,0.0,2.64,1.0,<Residue GLU het=  resseq=61 icode= >,4u0y_A_B,1.91
493,20.546,GLU, ,CG,30.37,14.99,0.0,2.36,1.0,<Residue GLU het=  resseq=61 icode= >,4u0y_A_B,1.91
494,7.832,GLU, ,CD,34.25,15.55,0.0,2.74,1.0,<Residue GLU het=  resseq=61 icode= >,4u0y_A_B,1.91
495,17.403,GLU, ,OE1,42.79,15.50,0.0,1.61,1.0,<Residue GLU het=  resseq=61 icode= >,4u0y_A_B,1.91
496,7.815,GLU, ,OE2,38.2,16.15,0.0,2.14,1.0,<Residue GLU het=  resseq=61 icode= >,4u0y_A_B,1.91
497,0.0,GLY, ,N,34.83,13.48,0.0,2.36,1.0,<Residue GLY het=  resseq=62 icode= >,4u0y_A_B,1.91
498,29.615,GLY, ,CA,31.9,13.80,0.0,2.69,1.0,<Residue GLY het=  resseq=62 icode= >,4u0y_A_B,1.91
499,2.248,GLY, ,C,33.78,14.04,0.0,3.25,1.0,<Residue GLY het=  resseq=62 icode= >,4u0y_A_B,1.91
500,15.716,GLY, ,O,38.5,14.62,0.0,2.51,1.0,<Residue GLY het=  resseq=62 icode= >,4u0y_A_B,1.91
501,0.0,LEU, ,N,29.19,13.76,0.0,3.33,1.0,<Residue LEU het=  resseq=63 icode= >,4u0y_A_B,1.91
502,6.127,LEU, ,CA,29.97,13.79,0.0,2.65,1.0,<Residue LEU het=  resseq=63 icode= >,4u0y_A_B,1.91
503,0.0,LEU, ,C,28.68,12.42,0.0,3.45,1.0,<Residue LEU het=  resseq=63 icode= >,4u0y_A_B,1.91
504,1.308,LEU, ,O,27.77,12.26,0.0,3.18,1.0,<Residue LEU het=  resseq=63 icode= >,4u0y_A_B,1.91
505,0.569,LEU, ,CB,32.27,13.97,0.0,1.98,1.0,<Residue LEU het=  resseq=63 icode= >,4u0y_A_B,1.91
506,12.029,LEU, ,CG,36.39,15.41,0.0,2.21,1.0,<Residue LEU het=  resseq=63 icode= >,4u0y_A_B,1.91
507,17.801,LEU, ,CD1,39.27,15.87,0.0,1.08,1.0,<Residue LEU het=  resseq=63 icode= >,4u0y_A_B,1.91
508,15.054,LEU, ,CD2,35.49,15.56,0.0,1.03,1.0,<Residue LEU het=  resseq=63 icode= >,4u0y_A_B,1.91
509,0.0,LEU, ,N,28.34,11.56,0.0,3.25,1.0,<Residue LEU het=  resseq=64 icode= >,4u0y_A_B,1.91
510,0.0,LEU, ,CA,26.86,10.23,0.0,3.32,1.0,<Residue LEU het=  resseq=64 icode= >,4u0y_A_B,1.91
511,0.0,LEU, ,C,25.82,10.18,0.0,4.46,1.0,<Residue LEU het=  resseq=64 icode= >,4u0y_A_B,1.91
512,3.705,LEU, ,O,27.83,10.09,0.0,4.35,1.0,<Residue LEU het=  resseq=64 icode= >,4u0y_A_B,1.91
513,0.0,LEU, ,CB,26.95,9.15,0.0,2.96,1.0,<Residue LEU het=  resseq=64 icode= >,4u0y_A_B,1.91
514,0.0,LEU, ,CG,25.55,9.21,0.0,3.27,1.0,<Residue LEU het=  resseq=64 icode= >,4u0y_A_B,1.91
515,0.0,LEU, ,CD1,24.51,8.22,0.0,1.98,1.0,<Residue LEU het=  resseq=64 icode= >,4u0y_A_B,1.91
516,0.035,LEU, ,CD2,20.06,9.26,0.0,2.94,1.0,<Residue LEU het=  resseq=64 icode= >,4u0y_A_B,1.91
517,0.0,TYR, ,N,24.84,9.46,0.0,3.97,1.0,<Residue TYR het=  resseq=65 icode= >,4u0y_A_B,1.91
518,0.851,TYR, ,CA,25.65,9.03,0.0,3.13,1.0,<Residue TYR het=  resseq=65 icode= >,4u0y_A_B,1.91
519,0.0,TYR, ,C,24.08,7.58,0.0,4.43,1.0,<Residue TYR het=  resseq=65 icode= >,4u0y_A_B,1.91
520,0.0,TYR, ,O,23.09,7.07,0.0,5.11,1.0,<Residue TYR het=  resseq=65 icode= >,4u0y_A_B,1.91
521,26.235,TYR, ,CB,29.76,10.01,0.0,2.03,1.0,<Residue TYR het=  resseq=65 icode= >,4u0y_A_B,1.91
522,1.979,TYR, ,CG,31.15,10.19,0.0,2.65,1.0,<Residue TYR het=  resseq=65 icode= >,4u0y_A_B,1.91
523,4.782,TYR, ,CD1,32.36,11.07,0.0,2.47,1.0,<Residue TYR het=  resseq=65 icode= >,4u0y_A_B,1.91
524,7.175,TYR, ,CD2,31.88,9.74,0.0,2.21,1.0,<Residue TYR het=  resseq=65 icode= >,4u0y_A_B,1.91
525,4.516,TYR, ,CE1,36.52,11.37,0.0,1.94,1.0,<Residue TYR het=  resseq=65 icode= >,4u0y_A_B,1.91
526,9.238,TYR, ,CE2,30.35,10.21,0.0,2.91,1.0,<Residue TYR het=  resseq=65 icode= >,4u0y_A_B,1.91
527,4.363,TYR, ,CZ,36.1,11.09,0.0,2.41,1.0,<Residue TYR het=  resseq=65 icode= >,4u0y_A_B,1.91
528,11.229,TYR, ,OH,35.82,11.09,0.0,2.29,1.0,<Residue TYR het=  resseq=65 icode= >,4u0y_A_B,1.91
529,3.895,ARG, ,N,19.95,7.04,0.0,4.57,1.0,<Residue ARG het=  resseq=66 icode= >,4u0y_A_B,1.91
530,0.0,ARG, ,CA,27.13,5.80,0.0,3.13,1.0,<Residue ARG het=  resseq=66 icode= >,4u0y_A_B,1.91
531,0.408,ARG, ,C,32.23,6.07,0.0,3.03,1.0,<Residue ARG het=  resseq=66 icode= >,4u0y_A_B,1.91
532,20.77,ARG, ,O,31.7,6.94,0.0,2.93,1.0,<Residue ARG het=  resseq=66 icode= >,4u0y_A_B,1.91
533,18.142,ARG, ,CB,31.75,4.60,6.706,2.40,1.0,<Residue ARG het=  resseq=66 icode= >,4u0y_A_B,1.91
534,0.126,ARG, ,CG,29.23,4.65,0.126,1.97,1.0,<Residue ARG het=  resseq=66 icode= >,4u0y_A_B,1.91
535,17.178,ARG, ,CD,35.75,3.75,16.838,1.68,1.0,<Residue ARG het=  resseq=66 icode= >,4u0y_A_B,1.91
536,7.884,ARG, ,NE,39.09,3.37,4.712,1.73,1.0,<Residue ARG het=  resseq=66 icode= >,4u0y_A_B,1.91
537,1.271,ARG, ,CZ,31.75,3.54,1.271,2.73,1.0,<Residue ARG het=  resseq=66 icode= >,4u0y_A_B,1.91
538,2.535,ARG, ,NH1,32.58,3.36,2.286,2.23,1.0,<Residue ARG het=  resseq=66 icode= >,4u0y_A_B,1.91
539,18.532,ARG, ,NH2,27.26,3.88,2.214,2.50,1.0,<Residue ARG het=  resseq=66 icode= >,4u0y_A_B,1.91
540,0.0,LEU, ,N,24.42,5.57,0.0,3.21,1.0,<Residue LEU het=  resseq=67 icode= >,4u0y_A_B,1.91
541,2.253,LEU, ,CA,32.2,6.10,0.0,2.05,1.0,<Residue LEU het=  resseq=67 icode= >,4u0y_A_B,1.91
542,1.148,LEU, ,C,23.57,5.16,1.148,3.69,1.0,<Residue LEU het=  resseq=67 icode= >,4u0y_A_B,1.91
543,2.844,LEU, ,O,22.84,4.60,2.844,4.74,1.0,<Residue LEU het=  resseq=67 icode= >,4u0y_A_B,1.91
544,4.461,LEU, ,CB,30.76,6.38,0.0,2.17,1.0,<Residue LEU het=  resseq=67 icode= >,4u0y_A_B,1.91
545,0.0,LEU, ,CG,29.99,6.82,0.0,2.57,1.0,<Residue LEU het=  resseq=67 icode= >,4u0y_A_B,1.91
546,30.049,LEU, ,CD1,36.42,6.27,0.0,1.24,1.0,<Residue LEU het=  resseq=67 icode= >,4u0y_A_B,1.91
547,46.108,LEU, ,CD2,31.07,6.83,0.0,1.79,1.0,<Residue LEU het=  resseq=67 icode= >,4u0y_A_B,1.91
548,10.775,LYS, ,N,28.22,5.40,0.0,3.15,1.0,<Residue LYS het=  resseq=68 icode= >,4u0y_A_B,1.91
549,5.877,LYS, ,CA,26.89,4.96,5.682,2.93,1.0,<Residue LYS het=  resseq=68 icode= >,4u0y_A_B,1.91
550,1.098,LYS, ,C,27.9,4.14,1.098,3.70,1.0,<Residue LYS het=  resseq=68 icode= >,4u0y_A_B,1.91
551,16.373,LYS, ,O,30.65,3.21,13.386,2.72,1.0,<Residue LYS het=  resseq=68 icode= >,4u0y_A_B,1.91
552,21.466,LYS, ,CB,23.43,4.67,10.331,3.20,1.0,<Residue LYS het=  resseq=68 icode= >,4u0y_A_B,1.91
553,23.303,LYS, ,CG,39.4,4.68,15.822,1.40,1.0,<Residue LYS het=  resseq=68 icode= >,4u0y_A_B,1.91
554,33.634,LYS, ,CD,39.48,4.21,23.925,0.92,1.0,<Residue LYS het=  resseq=68 icode= >,4u0y_A_B,1.91
555,49.073,LYS, ,CE,44.0,4.57,25.816,0.58,1.0,<Residue LYS het=  resseq=68 icode= >,4u0y_A_B,1.91
556,45.016,LYS, ,NZ,45.75,3.93,15.122,0.45,1.0,<Residue LYS het=  resseq=68 icode= >,4u0y_A_B,1.91
557,12.563,GLY, ,N,28.86,4.14,11.585,3.47,1.0,<Residue GLY het=  resseq=69 icode= >,4u0y_A_B,1.91
558,41.695,GLY, ,CA,25.61,3.48,41.695,2.58,1.0,<Residue GLY het=  resseq=69 icode= >,4u0y_A_B,1.91
559,4.757,GLY, ,C,28.42,3.76,4.757,3.64,1.0,<Residue GLY het=  resseq=69 icode= >,4u0y_A_B,1.91
560,26.838,GLY, ,O,25.33,3.12,23.535,3.85,1.0,<Residue GLY het=  resseq=69 icode= >,4u0y_A_B,1.91
561,1.563,ARG, ,N,23.48,4.04,1.563,3.65,1.0,<Residue ARG het=  resseq=70 icode= >,4u0y_A_B,1.91
562,1.077,ARG, ,CA,21.86,4.50,0.247,2.81,1.0,<Residue ARG het=  resseq=70 icode= >,4u0y_A_B,1.91
563,3.554,ARG, ,C,24.6,3.86,3.554,3.64,1.0,<Residue ARG het=  resseq=70 icode= >,4u0y_A_B,1.91
564,28.142,ARG, ,O,24.84,3.34,13.42,4.46,1.0,<Residue ARG het=  resseq=70 icode= >,4u0y_A_B,1.91
565,0.111,ARG, ,CB,25.23,5.33,0.0,2.33,1.0,<Residue ARG het=  resseq=70 icode= >,4u0y_A_B,1.91
566,15.876,ARG, ,CG,32.32,3.93,13.485,1.96,1.0,<Residue ARG het=  resseq=70 icode= >,4u0y_A_B,1.91
567,22.994,ARG, ,CD,37.98,4.04,18.002,1.23,1.0,<Residue ARG het=  resseq=70 icode= >,4u0y_A_B,1.91
568,9.161,ARG, ,NE,50.27,5.10,0.0,1.04,1.0,<Residue ARG het=  resseq=70 icode= >,4u0y_A_B,1.91
569,5.754,ARG, ,CZ,50.03,4.86,0.0,1.89,1.0,<Residue ARG het=  resseq=70 icode= >,4u0y_A_B,1.91
570,47.629,ARG, ,NH1,49.94,3.86,19.314,1.32,1.0,<Residue ARG het=  resseq=70 icode= >,4u0y_A_B,1.91
571,55.751,ARG, ,NH2,56.97,5.94,0.0,1.50,1.0,<Residue ARG het=  resseq=70 icode= >,4u0y_A_B,1.91
572,1.801,GLY, ,N,23.43,3.98,1.801,3.77,1.0,<Residue GLY het=  resseq=71 icode= >,4u0y_A_B,1.91
573,20.536,GLY, ,CA,17.63,3.36,17.741,3.74,1.0,<Residue GLY het=  resseq=71 icode= >,4u0y_A_B,1.91
574,2.082,GLY, ,C,20.45,3.76,2.082,5.00,1.0,<Residue GLY het=  resseq=71 icode= >,4u0y_A_B,1.91
575,1.52,GLY, ,O,21.58,3.78,1.52,4.79,1.0,<Residue GLY het=  resseq=71 icode= >,4u0y_A_B,1.91
576,3.061,THR, ,N,19.57,3.30,2.854,4.30,1.0,<Residue THR het=  resseq=72 icode= >,4u0y_A_B,1.91
577,0.0,THR, ,CA,24.7,3.95,0.0,2.79,1.0,<Residue THR het=  resseq=72 icode= >,4u0y_A_B,1.91
578,0.0,THR, ,C,17.71,5.09,0.0,4.91,1.0,<Residue THR het=  resseq=72 icode= >,4u0y_A_B,1.91
579,0.0,THR, ,O,23.69,5.12,0.0,4.00,1.0,<Residue THR het=  resseq=72 icode= >,4u0y_A_B,1.91
580,2.647,THR, ,CB,22.06,3.40,2.42,3.60,1.0,<Residue THR het=  resseq=72 icode= >,4u0y_A_B,1.91
581,14.533,THR, ,OG1,19.47,2.68,14.188,4.43,1.0,<Residue THR het=  resseq=72 icode= >,4u0y_A_B,1.91
582,0.0,THR, ,CG2,22.51,4.77,0.0,2.97,1.0,<Residue THR het=  resseq=72 icode= >,4u0y_A_B,1.91
583,0.0,PHE, ,N,21.68,6.29,0.0,4.19,1.0,<Residue PHE het=  resseq=73 icode= >,4u0y_A_B,1.91
584,0.0,PHE, ,CA,26.42,7.52,0.0,3.57,1.0,<Residue PHE het=  resseq=73 icode= >,4u0y_A_B,1.91
585,0.0,PHE, ,C,29.35,8.57,0.0,3.59,1.0,<Residue PHE het=  resseq=73 icode= >,4u0y_A_B,1.91
586,0.0,PHE, ,O,27.32,8.78,0.0,3.85,1.0,<Residue PHE het=  resseq=73 icode= >,4u0y_A_B,1.91
587,0.0,PHE, ,CB,26.62,8.30,0.0,3.06,1.0,<Residue PHE het=  resseq=73 icode= >,4u0y_A_B,1.91
588,0.0,PHE, ,CG,29.14,7.77,0.0,3.40,1.0,<Residue PHE het=  resseq=73 icode= >,4u0y_A_B,1.91
589,0.0,PHE, ,CD1,27.19,7.16,0.0,2.81,1.0,<Residue PHE het=  resseq=73 icode= >,4u0y_A_B,1.91
590,0.94,PHE, ,CD2,28.37,8.23,0.0,2.89,1.0,<Residue PHE het=  resseq=73 icode= >,4u0y_A_B,1.91
591,0.0,PHE, ,CE1,27.29,7.02,0.0,2.48,1.0,<Residue PHE het=  resseq=73 icode= >,4u0y_A_B,1.91
592,15.504,PHE, ,CE2,25.42,8.11,0.0,2.79,1.0,<Residue PHE het=  resseq=73 icode= >,4u0y_A_B,1.91
593,7.551,PHE, ,CZ,30.16,7.30,0.0,2.00,1.0,<Residue PHE het=  resseq=73 icode= >,4u0y_A_B,1.91
594,0.0,VAL, ,N,29.89,9.45,0.0,3.04,1.0,<Residue VAL het=  resseq=74 icode= >,4u0y_A_B,1.91
595,0.0,VAL, ,CA,27.59,10.69,0.0,3.63,1.0,<Residue VAL het=  resseq=74 icode= >,4u0y_A_B,1.91
596,0.0,VAL, ,C,31.33,11.64,0.0,4.34,1.0,<Residue VAL het=  resseq=74 icode= >,4u0y_A_B,1.91
597,0.0,VAL, ,O,30.94,12.00,0.0,4.29,1.0,<Residue VAL het=  resseq=74 icode= >,4u0y_A_B,1.91
598,0.0,VAL, ,CB,30.44,11.55,0.0,3.23,1.0,<Residue VAL het=  resseq=74 icode= >,4u0y_A_B,1.91
599,5.341,VAL, ,CG1,30.45,12.87,0.0,2.17,1.0,<Residue VAL het=  resseq=74 icode= >,4u0y_A_B,1.91
600,0.216,VAL, ,CG2,31.36,10.93,0.0,2.13,1.0,<Residue VAL het=  resseq=74 icode= >,4u0y_A_B,1.91
601,0.0,SER, ,N,35.37,12.22,0.0,3.33,1.0,<Residue SER het=  resseq=75 icode= >,4u0y_A_B,1.91
602,0.777,SER, ,CA,36.72,13.18,0.0,2.72,1.0,<Residue SER het=  resseq=75 icode= >,4u0y_A_B,1.91
603,19.076,SER, ,C,42.82,14.39,0.0,1.59,1.0,<Residue SER het=  resseq=75 icode= >,4u0y_A_B,1.91
604,19.366,SER, ,O,44.77,15.09,0.0,1.82,1.0,<Residue SER het=  resseq=75 icode= >,4u0y_A_B,1.91
605,21.369,SER, ,CB,37.7,13.77,0.0,2.27,1.0,<Residue SER het=  resseq=75 icode= >,4u0y_A_B,1.91
606,4.914,SER, ,OG,40.13,12.92,0.0,2.08,1.0,<Residue SER het=  resseq=75 icode= >,4u0y_A_B,1.91
