,ASA,aa,altloc,atom,bfac,d2r,dASA,dens,occ,residue,id,resolu
0,42.544,MET, ,N,59.83,16.50,0.0,1.17,1.0,<Residue MET het=  resseq=1 icode= >,4u0y_B_B,1.91
1,9.629,MET, ,CA,55.01,15.46,0.0,1.89,1.0,<Residue MET het=  resseq=1 icode= >,4u0y_B_B,1.91
2,1.87,MET, ,C,52.03,14.46,0.0,2.58,1.0,<Residue MET het=  resseq=1 icode= >,4u0y_B_B,1.91
3,19.584,MET, ,O,63.39,14.27,0.0,0.98,1.0,<Residue MET het=  resseq=1 icode= >,4u0y_B_B,1.91
4,0.0,MET, ,CB,52.92,14.66,0.0,1.53,1.0,<Residue MET het=  resseq=1 icode= >,4u0y_B_B,1.91
5,2.957,MET, ,CG,52.57,14.97,0.0,1.78,1.0,<Residue MET het=  resseq=1 icode= >,4u0y_B_B,1.91
6,4.777,MET, ,SD,61.78,13.29,0.0,2.61,1.0,<Residue MET het=  resseq=1 icode= >,4u0y_B_B,1.91
7,0.0,MET, ,CE,42.16,12.82,0.0,0.49,1.0,<Residue MET het=  resseq=1 icode= >,4u0y_B_B,1.91
8,3.185,ASN, ,N,51.01,13.96,0.0,2.27,1.0,<Residue ASN het=  resseq=2 icode= >,4u0y_B_B,1.91
9,1.079,ASN, ,CA,57.85,13.10,0.0,0.96,1.0,<Residue ASN het=  resseq=2 icode= >,4u0y_B_B,1.91
10,0.0,ASN, ,C,52.03,12.00,0.0,2.02,1.0,<Residue ASN het=  resseq=2 icode= >,4u0y_B_B,1.91
11,11.912,ASN, ,O,56.73,12.00,0.0,1.13,1.0,<Residue ASN het=  resseq=2 icode= >,4u0y_B_B,1.91
12,27.6,ASN, ,CB,54.63,14.03,0.0,1.53,1.0,<Residue ASN het=  resseq=2 icode= >,4u0y_B_B,1.91
13,5.586,ASN, ,CG,60.06,13.41,0.0,1.47,1.0,<Residue ASN het=  resseq=2 icode= >,4u0y_B_B,1.91
14,26.844,ASN, ,OD1,59.41,13.54,0.0,1.11,1.0,<Residue ASN het=  resseq=2 icode= >,4u0y_B_B,1.91
15,46.818,ASN, ,ND2,56.84,12.88,0.0,1.15,1.0,<Residue ASN het=  resseq=2 icode= >,4u0y_B_B,1.91
16,0.765,ILE, ,N,45.99,10.96,0.0,2.34,1.0,<Residue ILE het=  resseq=3 icode= >,4u0y_B_B,1.91
17,0.0,ILE, ,CA,43.28,9.69,0.0,2.21,1.0,<Residue ILE het=  resseq=3 icode= >,4u0y_B_B,1.91
18,0.0,ILE, ,C,41.46,9.69,0.0,3.00,1.0,<Residue ILE het=  resseq=3 icode= >,4u0y_B_B,1.91
19,11.44,ILE, ,O,43.45,10.00,0.0,2.23,1.0,<Residue ILE het=  resseq=3 icode= >,4u0y_B_B,1.91
20,0.0,ILE, ,CB,33.37,8.55,0.0,2.84,1.0,<Residue ILE het=  resseq=3 icode= >,4u0y_B_B,1.91
21,5.245,ILE, ,CG1,39.91,7.90,0.0,1.54,1.0,<Residue ILE het=  resseq=3 icode= >,4u0y_B_B,1.91
22,0.0,ILE, ,CG2,34.0,8.92,0.0,1.90,1.0,<Residue ILE het=  resseq=3 icode= >,4u0y_B_B,1.91
23,0.0,ILE, ,CD1,35.99,6.66,0.0,1.00,1.0,<Residue ILE het=  resseq=3 icode= >,4u0y_B_B,1.91
24,0.562,ASN, ,N,34.71,9.14,0.0,2.92,1.0,<Residue ASN het=  resseq=4 icode= >,4u0y_B_B,1.91
25,3.986,ASN, ,CA,33.08,9.31,0.0,3.01,1.0,<Residue ASN het=  resseq=4 icode= >,4u0y_B_B,1.91
26,0.0,ASN, ,C,36.31,8.07,0.0,3.12,1.0,<Residue ASN het=  resseq=4 icode= >,4u0y_B_B,1.91
27,0.174,ASN, ,O,34.65,7.27,0.0,2.72,1.0,<Residue ASN het=  resseq=4 icode= >,4u0y_B_B,1.91
28,20.13,ASN, ,CB,32.86,10.07,0.0,2.21,1.0,<Residue ASN het=  resseq=4 icode= >,4u0y_B_B,1.91
29,5.428,ASN, ,CG,33.59,10.55,0.0,3.19,1.0,<Residue ASN het=  resseq=4 icode= >,4u0y_B_B,1.91
30,3.967,ASN, ,OD1,35.06,10.52,0.0,3.37,1.0,<Residue ASN het=  resseq=4 icode= >,4u0y_B_B,1.91
31,42.054,ASN, ,ND2,43.65,11.22,0.0,1.20,1.0,<Residue ASN het=  resseq=4 icode= >,4u0y_B_B,1.91
32,1.876,LYS, ,N,27.78,8.14,0.0,4.25,1.0,<Residue LYS het=  resseq=5 icode= >,4u0y_B_B,1.91
33,0.198,LYS, ,CA,32.97,7.22,0.0,3.22,1.0,<Residue LYS het=  resseq=5 icode= >,4u0y_B_B,1.91
34,0.271,LYS, ,C,35.73,7.35,0.0,3.32,1.0,<Residue LYS het=  resseq=5 icode= >,4u0y_B_B,1.91
35,24.473,LYS, ,O,34.38,6.72,0.0,3.14,1.0,<Residue LYS het=  resseq=5 icode= >,4u0y_B_B,1.91
36,6.171,LYS, ,CB,30.19,6.49,0.0,2.77,1.0,<Residue LYS het=  resseq=5 icode= >,4u0y_B_B,1.91
37,5.19,LYS, ,CG,33.29,5.53,0.0,2.71,1.0,<Residue LYS het=  resseq=5 icode= >,4u0y_B_B,1.91
38,27.934,LYS, ,CD,37.97,4.91,0.611,1.77,1.0,<Residue LYS het=  resseq=5 icode= >,4u0y_B_B,1.91
39,10.604,LYS, ,CE,45.34,4.19,1.237,1.07,1.0,<Residue LYS het=  resseq=5 icode= >,4u0y_B_B,1.91
40,35.859,LYS, ,NZ,40.58,3.76,9.801,1.77,1.0,<Residue LYS het=  resseq=5 icode= >,4u0y_B_B,1.91
41,0.0,GLN, ,N,32.55,8.43,0.0,3.43,1.0,<Residue GLN het=  resseq=6 icode= >,4u0y_B_B,1.91
42,7.631,GLN, ,CA,32.62,8.98,0.0,2.75,1.0,<Residue GLN het=  resseq=6 icode= >,4u0y_B_B,1.91
43,2.298,GLN, ,C,35.15,8.42,0.0,3.29,1.0,<Residue GLN het=  resseq=6 icode= >,4u0y_B_B,1.91
44,22.293,GLN, ,O,34.14,7.89,0.0,2.67,1.0,<Residue GLN het=  resseq=6 icode= >,4u0y_B_B,1.91
45,23.127,GLN, ,CB,38.07,10.28,0.0,1.62,1.0,<Residue GLN het=  resseq=6 icode= >,4u0y_B_B,1.91
46,35.053,GLN, ,CG,41.62,10.77,0.0,1.62,1.0,<Residue GLN het=  resseq=6 icode= >,4u0y_B_B,1.91
47,5.608,GLN, ,CD,39.03,10.67,0.0,2.75,1.0,<Residue GLN het=  resseq=6 icode= >,4u0y_B_B,1.91
48,24.569,GLN, ,OE1,39.93,11.59,0.0,1.94,1.0,<Residue GLN het=  resseq=6 icode= >,4u0y_B_B,1.91
49,35.423,GLN, ,NE2,41.88,9.70,0.0,1.46,1.0,<Residue GLN het=  resseq=6 icode= >,4u0y_B_B,1.91
50,0.0,SER, ,N,29.46,8.23,0.0,3.72,1.0,<Residue SER het=  resseq=7 icode= >,4u0y_B_B,1.91
51,3.052,SER, ,CA,29.99,8.04,0.0,3.35,1.0,<Residue SER het=  resseq=7 icode= >,4u0y_B_B,1.91
52,0.947,SER, ,C,28.54,6.63,0.0,3.40,1.0,<Residue SER het=  resseq=7 icode= >,4u0y_B_B,1.91
53,12.367,SER, ,O,24.56,6.21,0.0,3.95,1.0,<Residue SER het=  resseq=7 icode= >,4u0y_B_B,1.91
54,6.196,SER, ,CB,27.76,8.38,0.0,2.86,1.0,<Residue SER het=  resseq=7 icode= >,4u0y_B_B,1.91
55,7.746,SER, ,OG,26.09,8.75,0.0,3.74,1.0,<Residue SER het=  resseq=7 icode= >,4u0y_B_B,1.91
56,0.231,PRO, ,N,29.64,5.87,0.0,2.73,1.0,<Residue PRO het=  resseq=8 icode= >,4u0y_B_B,1.91
57,13.209,PRO, ,CA,24.18,4.68,4.943,2.81,1.0,<Residue PRO het=  resseq=8 icode= >,4u0y_B_B,1.91
58,1.748,PRO, ,C,19.39,5.34,0.0,4.96,1.0,<Residue PRO het=  resseq=8 icode= >,4u0y_B_B,1.91
59,18.782,PRO, ,O,20.38,4.91,3.098,4.62,1.0,<Residue PRO het=  resseq=8 icode= >,4u0y_B_B,1.91
60,35.51,PRO, ,CB,24.18,4.47,9.975,2.35,1.0,<Residue PRO het=  resseq=8 icode= >,4u0y_B_B,1.91
61,43.657,PRO, ,CG,29.39,5.28,0.007,2.01,1.0,<Residue PRO het=  resseq=8 icode= >,4u0y_B_B,1.91
62,21.349,PRO, ,CD,25.7,6.35,0.0,2.37,1.0,<Residue PRO het=  resseq=8 icode= >,4u0y_B_B,1.91
63,0.0,ILE, ,N,22.33,6.66,0.0,4.59,1.0,<Residue ILE het=  resseq=9 icode= >,4u0y_B_B,1.91
64,2.318,ILE, ,CA,20.97,6.68,0.0,3.28,1.0,<Residue ILE het=  resseq=9 icode= >,4u0y_B_B,1.91
65,0.028,ILE, ,C,16.11,5.21,0.0,4.68,1.0,<Residue ILE het=  resseq=9 icode= >,4u0y_B_B,1.91
66,0.989,ILE, ,O,19.08,4.87,0.0,5.10,1.0,<Residue ILE het=  resseq=9 icode= >,4u0y_B_B,1.91
67,0.0,ILE, ,CB,22.41,7.65,0.0,3.57,1.0,<Residue ILE het=  resseq=9 icode= >,4u0y_B_B,1.91
68,19.88,ILE, ,CG1,26.34,9.08,0.0,2.67,1.0,<Residue ILE het=  resseq=9 icode= >,4u0y_B_B,1.91
69,3.569,ILE, ,CG2,18.55,7.67,0.0,3.19,1.0,<Residue ILE het=  resseq=9 icode= >,4u0y_B_B,1.91
70,60.566,ILE, ,CD1,29.9,10.17,0.0,2.08,1.0,<Residue ILE het=  resseq=9 icode= >,4u0y_B_B,1.91
71,0.0,PRO, ,N,19.57,4.65,0.0,4.00,1.0,<Residue PRO het=  resseq=10 icode= >,4u0y_B_B,1.91
72,10.836,PRO, ,CA,17.51,3.33,6.489,3.49,1.0,<Residue PRO het=  resseq=10 icode= >,4u0y_B_B,1.91
73,0.0,PRO, ,C,20.08,3.44,0.0,4.40,1.0,<Residue PRO het=  resseq=10 icode= >,4u0y_B_B,1.91
74,0.0,PRO, ,O,16.1,4.64,0.0,5.16,1.0,<Residue PRO het=  resseq=10 icode= >,4u0y_B_B,1.91
75,8.583,PRO, ,CB,18.97,3.84,8.583,3.08,1.0,<Residue PRO het=  resseq=10 icode= >,4u0y_B_B,1.91
76,32.909,PRO, ,CG,19.92,4.19,14.234,3.49,1.0,<Residue PRO het=  resseq=10 icode= >,4u0y_B_B,1.91
77,15.928,PRO, ,CD,16.83,5.57,0.0,3.46,1.0,<Residue PRO het=  resseq=10 icode= >,4u0y_B_B,1.91
78,4.775,ILE, ,N,20.53,2.66,4.629,3.92,1.0,<Residue ILE het=  resseq=11 icode= >,4u0y_B_B,1.91
79,0.0,ILE, ,CA,17.96,3.64,0.0,3.83,1.0,<Residue ILE het=  resseq=11 icode= >,4u0y_B_B,1.91
80,0.0,ILE, ,C,18.74,4.15,0.0,4.75,1.0,<Residue ILE het=  resseq=11 icode= >,4u0y_B_B,1.91
81,0.0,ILE, ,O,18.78,5.33,0.0,5.13,1.0,<Residue ILE het=  resseq=11 icode= >,4u0y_B_B,1.91
82,1.415,ILE, ,CB,18.7,3.50,1.415,3.26,1.0,<Residue ILE het=  resseq=11 icode= >,4u0y_B_B,1.91
83,5.271,ILE, ,CG1,19.56,3.57,2.74,3.58,1.0,<Residue ILE het=  resseq=11 icode= >,4u0y_B_B,1.91
84,0.0,ILE, ,CG2,20.19,4.96,0.0,2.98,1.0,<Residue ILE het=  resseq=11 icode= >,4u0y_B_B,1.91
85,29.331,ILE, ,CD1,19.42,3.99,22.023,2.86,1.0,<Residue ILE het=  resseq=11 icode= >,4u0y_B_B,1.91
86,0.35,TYR, ,N,16.48,3.25,0.35,4.22,1.0,<Residue TYR het=  resseq=12 icode= >,4u0y_B_B,1.91
87,0.0,TYR, ,CA,18.15,4.04,0.0,3.96,1.0,<Residue TYR het=  resseq=12 icode= >,4u0y_B_B,1.91
88,0.0,TYR, ,C,20.74,5.21,0.0,5.27,1.0,<Residue TYR het=  resseq=12 icode= >,4u0y_B_B,1.91
89,0.0,TYR, ,O,18.51,6.31,0.0,5.45,1.0,<Residue TYR het=  resseq=12 icode= >,4u0y_B_B,1.91
90,0.138,TYR, ,CB,17.71,3.66,0.138,2.74,1.0,<Residue TYR het=  resseq=12 icode= >,4u0y_B_B,1.91
91,0.0,TYR, ,CG,19.11,3.86,0.0,3.27,1.0,<Residue TYR het=  resseq=12 icode= >,4u0y_B_B,1.91
92,0.0,TYR, ,CD1,17.79,5.23,0.0,3.52,1.0,<Residue TYR het=  resseq=12 icode= >,4u0y_B_B,1.91
93,6.488,TYR, ,CD2,18.93,3.15,6.488,3.15,1.0,<Residue TYR het=  resseq=12 icode= >,4u0y_B_B,1.91
94,3.465,TYR, ,CE1,19.11,4.58,0.0,3.65,1.0,<Residue TYR het=  resseq=12 icode= >,4u0y_B_B,1.91
95,10.358,TYR, ,CE2,15.97,3.15,10.358,3.31,1.0,<Residue TYR het=  resseq=12 icode= >,4u0y_B_B,1.91
96,0.0,TYR, ,CZ,21.94,3.24,0.0,3.73,1.0,<Residue TYR het=  resseq=12 icode= >,4u0y_B_B,1.91
97,38.166,TYR, ,OH,19.73,2.51,14.842,3.86,1.0,<Residue TYR het=  resseq=12 icode= >,4u0y_B_B,1.91
98,0.0,TYR, ,N,18.62,5.22,0.0,4.45,1.0,<Residue TYR het=  resseq=13 icode= >,4u0y_B_B,1.91
99,0.0,TYR, ,CA,18.78,6.56,0.0,4.00,1.0,<Residue TYR het=  resseq=13 icode= >,4u0y_B_B,1.91
100,0.0,TYR, ,C,19.89,7.48,0.0,4.68,1.0,<Residue TYR het=  resseq=13 icode= >,4u0y_B_B,1.91
101,0.0,TYR, ,O,20.85,8.64,0.0,4.62,1.0,<Residue TYR het=  resseq=13 icode= >,4u0y_B_B,1.91
102,1.059,TYR, ,CB,20.95,6.64,0.0,2.85,1.0,<Residue TYR het=  resseq=13 icode= >,4u0y_B_B,1.91
103,1.614,TYR, ,CG,20.55,7.33,0.0,3.42,1.0,<Residue TYR het=  resseq=13 icode= >,4u0y_B_B,1.91
104,9.812,TYR, ,CD1,25.31,7.32,0.0,2.50,1.0,<Residue TYR het=  resseq=13 icode= >,4u0y_B_B,1.91
105,2.866,TYR, ,CD2,26.49,8.31,0.0,2.71,1.0,<Residue TYR het=  resseq=13 icode= >,4u0y_B_B,1.91
106,22.735,TYR, ,CE1,34.31,8.26,0.0,2.28,1.0,<Residue TYR het=  resseq=13 icode= >,4u0y_B_B,1.91
107,19.774,TYR, ,CE2,30.82,9.17,0.0,2.68,1.0,<Residue TYR het=  resseq=13 icode= >,4u0y_B_B,1.91
108,4.744,TYR, ,CZ,33.12,9.14,0.0,3.20,1.0,<Residue TYR het=  resseq=13 icode= >,4u0y_B_B,1.91
109,35.441,TYR, ,OH,40.62,10.19,0.0,1.88,1.0,<Residue TYR het=  resseq=13 icode= >,4u0y_B_B,1.91
110,0.0,GLN, ,N,17.14,7.18,0.0,4.37,1.0,<Residue GLN het=  resseq=14 icode= >,4u0y_B_B,1.91
111,4.981,GLN, ,CA,18.19,8.28,0.0,3.93,1.0,<Residue GLN het=  resseq=14 icode= >,4u0y_B_B,1.91
112,0.0,GLN, ,C,21.99,8.83,0.0,4.53,1.0,<Residue GLN het=  resseq=14 icode= >,4u0y_B_B,1.91
113,0.326,GLN, ,O,20.41,10.06,0.0,4.59,1.0,<Residue GLN het=  resseq=14 icode= >,4u0y_B_B,1.91
114,1.448,GLN, ,CB,20.93,7.75,0.0,2.89,1.0,<Residue GLN het=  resseq=14 icode= >,4u0y_B_B,1.91
115,6.452,GLN, ,CG,21.97,7.23,0.0,3.00,1.0,<Residue GLN het=  resseq=14 icode= >,4u0y_B_B,1.91
116,2.869,GLN, ,CD,27.61,7.19,0.0,3.95,1.0,<Residue GLN het=  resseq=14 icode= >,4u0y_B_B,1.91
117,5.261,GLN, ,OE1,30.66,8.14,0.0,3.11,1.0,<Residue GLN het=  resseq=14 icode= >,4u0y_B_B,1.91
118,0.126,GLN, ,NE2,21.53,6.32,0.0,3.94,1.0,<Residue GLN het=  resseq=14 icode= >,4u0y_B_B,1.91
119,0.0,ILE, ,N,18.85,8.08,0.0,4.74,1.0,<Residue ILE het=  resseq=15 icode= >,4u0y_B_B,1.91
120,0.0,ILE, ,CA,19.66,8.87,0.0,3.21,1.0,<Residue ILE het=  resseq=15 icode= >,4u0y_B_B,1.91
121,0.0,ILE, ,C,23.33,9.67,0.0,4.56,1.0,<Residue ILE het=  resseq=15 icode= >,4u0y_B_B,1.91
122,0.0,ILE, ,O,21.98,10.88,0.0,4.34,1.0,<Residue ILE het=  resseq=15 icode= >,4u0y_B_B,1.91
123,0.0,ILE, ,CB,16.88,8.18,0.0,3.52,1.0,<Residue ILE het=  resseq=15 icode= >,4u0y_B_B,1.91
124,0.0,ILE, ,CG1,18.36,7.87,0.0,4.04,1.0,<Residue ILE het=  resseq=15 icode= >,4u0y_B_B,1.91
125,0.319,ILE, ,CG2,16.55,9.30,0.0,2.96,1.0,<Residue ILE het=  resseq=15 icode= >,4u0y_B_B,1.91
126,0.0,ILE, ,CD1,20.67,7.18,0.0,2.97,1.0,<Residue ILE het=  resseq=15 icode= >,4u0y_B_B,1.91
127,0.0,MET, ,N,18.8,9.14,0.0,5.01,1.0,<Residue MET het=  resseq=16 icode= >,4u0y_B_B,1.91
128,0.0,MET, ,CA,20.51,10.11,0.0,3.90,1.0,<Residue MET het=  resseq=16 icode= >,4u0y_B_B,1.91
129,0.0,MET, ,C,24.82,11.34,0.0,4.58,1.0,<Residue MET het=  resseq=16 icode= >,4u0y_B_B,1.91
130,0.0,MET, ,O,27.24,12.46,0.0,4.22,1.0,<Residue MET het=  resseq=16 icode= >,4u0y_B_B,1.91
131,0.0,MET, ,CB,25.47,9.62,0.0,3.12,1.0,<Residue MET het=  resseq=16 icode= >,4u0y_B_B,1.91
132,0.0,MET, ,CG,24.09,8.98,0.0,2.21,1.0,<Residue MET het=  resseq=16 icode= >,4u0y_B_B,1.91
133,2.055,MET, ,SD,26.56,8.33,0.0,7.01,1.0,<Residue MET het=  resseq=16 icode= >,4u0y_B_B,1.91
134,9.885,MET, ,CE,32.53,9.58,0.0,1.21,1.0,<Residue MET het=  resseq=16 icode= >,4u0y_B_B,1.91
135,0.0,GLU, ,N,25.75,11.24,0.0,4.28,1.0,<Residue GLU het=  resseq=17 icode= >,4u0y_B_B,1.91
136,0.0,GLU, ,CA,29.25,12.50,0.0,2.62,1.0,<Residue GLU het=  resseq=17 icode= >,4u0y_B_B,1.91
137,1.143,GLU, ,C,30.07,13.40,0.0,3.69,1.0,<Residue GLU het=  resseq=17 icode= >,4u0y_B_B,1.91
138,2.434,GLU, ,O,34.61,14.61,0.0,2.87,1.0,<Residue GLU het=  resseq=17 icode= >,4u0y_B_B,1.91
139,18.011,GLU, ,CB,31.34,12.35,0.0,2.02,1.0,<Residue GLU het=  resseq=17 icode= >,4u0y_B_B,1.91
140,9.594,GLU, ,CG,35.36,12.03,0.0,1.73,1.0,<Residue GLU het=  resseq=17 icode= >,4u0y_B_B,1.91
141,1.065,GLU, ,CD,39.57,12.54,0.0,2.96,1.0,<Residue GLU het=  resseq=17 icode= >,4u0y_B_B,1.91
142,4.77,GLU, ,OE1,40.87,11.98,0.0,2.26,1.0,<Residue GLU het=  resseq=17 icode= >,4u0y_B_B,1.91
143,35.778,GLU, ,OE2,53.44,13.62,0.0,1.45,1.0,<Residue GLU het=  resseq=17 icode= >,4u0y_B_B,1.91
144,0.0,GLN, ,N,29.62,12.92,0.0,3.71,1.0,<Residue GLN het=  resseq=18 icode= >,4u0y_B_B,1.91
145,3.89,GLN, ,CA,29.34,13.90,0.0,3.25,1.0,<Residue GLN het=  resseq=18 icode= >,4u0y_B_B,1.91
146,0.0,GLN, ,C,27.51,14.54,0.0,4.31,1.0,<Residue GLN het=  resseq=18 icode= >,4u0y_B_B,1.91
147,0.714,GLN, ,O,26.53,15.76,0.0,3.65,1.0,<Residue GLN het=  resseq=18 icode= >,4u0y_B_B,1.91
148,3.081,GLN, ,CB,31.06,13.40,0.0,2.49,1.0,<Residue GLN het=  resseq=18 icode= >,4u0y_B_B,1.91
149,23.444,GLN, ,CG,36.12,13.11,0.0,2.37,1.0,<Residue GLN het=  resseq=18 icode= >,4u0y_B_B,1.91
150,4.187,GLN, ,CD,41.79,12.57,0.0,2.57,1.0,<Residue GLN het=  resseq=18 icode= >,4u0y_B_B,1.91
151,1.167,GLN, ,OE1,56.67,13.15,0.0,0.83,1.0,<Residue GLN het=  resseq=18 icode= >,4u0y_B_B,1.91
152,9.887,GLN, ,NE2,42.82,11.49,0.0,1.71,1.0,<Residue GLN het=  resseq=18 icode= >,4u0y_B_B,1.91
153,0.0,LEU, ,N,26.54,13.82,0.0,3.68,1.0,<Residue LEU het=  resseq=19 icode= >,4u0y_B_B,1.91
154,0.0,LEU, ,CA,24.83,13.60,0.0,3.17,1.0,<Residue LEU het=  resseq=19 icode= >,4u0y_B_B,1.91
155,0.0,LEU, ,C,28.1,14.35,0.0,3.98,1.0,<Residue LEU het=  resseq=19 icode= >,4u0y_B_B,1.91
156,0.0,LEU, ,O,22.9,14.32,0.0,4.58,1.0,<Residue LEU het=  resseq=19 icode= >,4u0y_B_B,1.91
157,0.019,LEU, ,CB,26.43,12.33,0.0,2.13,1.0,<Residue LEU het=  resseq=19 icode= >,4u0y_B_B,1.91
158,0.0,LEU, ,CG,27.11,11.34,0.0,2.92,1.0,<Residue LEU het=  resseq=19 icode= >,4u0y_B_B,1.91
159,0.048,LEU, ,CD1,25.09,10.14,0.0,2.01,1.0,<Residue LEU het=  resseq=19 icode= >,4u0y_B_B,1.91
160,0.0,LEU, ,CD2,33.02,11.06,0.0,1.90,1.0,<Residue LEU het=  resseq=19 icode= >,4u0y_B_B,1.91
161,0.0,LYS, ,N,24.26,15.15,0.0,4.19,1.0,<Residue LYS het=  resseq=20 icode= >,4u0y_B_B,1.91
162,0.243,LYS, ,CA,26.19,16.10,0.0,3.25,1.0,<Residue LYS het=  resseq=20 icode= >,4u0y_B_B,1.91
163,0.747,LYS, ,C,27.68,17.02,0.0,4.21,1.0,<Residue LYS het=  resseq=20 icode= >,4u0y_B_B,1.91
164,0.026,LYS, ,O,26.74,17.42,0.0,4.10,1.0,<Residue LYS het=  resseq=20 icode= >,4u0y_B_B,1.91
165,8.669,LYS, ,CB,27.85,15.68,0.0,2.73,1.0,<Residue LYS het=  resseq=20 icode= >,4u0y_B_B,1.91
166,3.094,LYS, ,CG,29.72,15.20,0.0,2.75,1.0,<Residue LYS het=  resseq=20 icode= >,4u0y_B_B,1.91
167,13.043,LYS, ,CD,29.23,14.24,0.0,2.88,1.0,<Residue LYS het=  resseq=20 icode= >,4u0y_B_B,1.91
168,5.897,LYS, ,CE,27.19,13.64,0.0,2.08,1.0,<Residue LYS het=  resseq=20 icode= >,4u0y_B_B,1.91
169,21.526,LYS, ,NZ,43.66,12.70,0.0,1.16,1.0,<Residue LYS het=  resseq=20 icode= >,4u0y_B_B,1.91
170,0.236,THR, ,N,23.1,17.23,0.0,4.86,1.0,<Residue THR het=  resseq=21 icode= >,4u0y_B_B,1.91
171,6.292,THR, ,CA,32.25,18.42,0.0,2.49,1.0,<Residue THR het=  resseq=21 icode= >,4u0y_B_B,1.91
172,0.0,THR, ,C,38.02,17.86,0.0,2.74,1.0,<Residue THR het=  resseq=21 icode= >,4u0y_B_B,1.91
173,0.131,THR, ,O,30.82,18.52,0.0,3.47,1.0,<Residue THR het=  resseq=21 icode= >,4u0y_B_B,1.91
174,3.014,THR, ,CB,31.32,18.15,0.0,3.28,1.0,<Residue THR het=  resseq=21 icode= >,4u0y_B_B,1.91
175,24.905,THR, ,OG1,30.63,17.54,0.0,3.43,1.0,<Residue THR het=  resseq=21 icode= >,4u0y_B_B,1.91
176,43.385,THR, ,CG2,35.21,19.49,0.0,1.03,1.0,<Residue THR het=  resseq=21 icode= >,4u0y_B_B,1.91
177,0.0,GLN, ,N,29.46,16.70,0.0,2.98,1.0,<Residue GLN het=  resseq=22 icode= >,4u0y_B_B,1.91
178,0.0,GLN, ,CA,30.14,16.21,0.0,3.21,1.0,<Residue GLN het=  resseq=22 icode= >,4u0y_B_B,1.91
179,0.0,GLN, ,C,30.85,15.89,0.0,3.12,1.0,<Residue GLN het=  resseq=22 icode= >,4u0y_B_B,1.91
180,0.0,GLN, ,O,31.72,16.15,0.0,3.15,1.0,<Residue GLN het=  resseq=22 icode= >,4u0y_B_B,1.91
181,0.0,GLN, ,CB,33.02,15.06,0.0,2.82,1.0,<Residue GLN het=  resseq=22 icode= >,4u0y_B_B,1.91
182,4.149,GLN, ,CG,30.81,15.55,0.0,3.05,1.0,<Residue GLN het=  resseq=22 icode= >,4u0y_B_B,1.91
183,2.836,GLN, ,CD,41.93,14.55,0.0,2.83,1.0,<Residue GLN het=  resseq=22 icode= >,4u0y_B_B,1.91
184,6.957,GLN, ,OE1,40.15,13.37,0.0,2.50,1.0,<Residue GLN het=  resseq=22 icode= >,4u0y_B_B,1.91
185,22.063,GLN, ,NE2,45.09,15.11,0.0,1.29,1.0,<Residue GLN het=  resseq=22 icode= >,4u0y_B_B,1.91
186,0.0,ILE, ,N,30.57,15.50,0.0,3.22,1.0,<Residue ILE het=  resseq=23 icode= >,4u0y_B_B,1.91
187,0.0,ILE, ,CA,30.56,15.43,0.0,2.57,1.0,<Residue ILE het=  resseq=23 icode= >,4u0y_B_B,1.91
188,0.0,ILE, ,C,33.64,16.86,0.0,3.54,1.0,<Residue ILE het=  resseq=23 icode= >,4u0y_B_B,1.91
189,13.157,ILE, ,O,30.83,17.18,0.0,3.32,1.0,<Residue ILE het=  resseq=23 icode= >,4u0y_B_B,1.91
190,0.083,ILE, ,CB,27.81,14.86,0.0,2.92,1.0,<Residue ILE het=  resseq=23 icode= >,4u0y_B_B,1.91
191,0.0,ILE, ,CG1,27.65,13.35,0.0,2.47,1.0,<Residue ILE het=  resseq=23 icode= >,4u0y_B_B,1.91
192,19.775,ILE, ,CG2,25.29,15.28,0.0,2.33,1.0,<Residue ILE het=  resseq=23 icode= >,4u0y_B_B,1.91
193,0.047,ILE, ,CD1,25.6,12.87,0.0,2.13,1.0,<Residue ILE het=  resseq=23 icode= >,4u0y_B_B,1.91
194,0.0,LYS, ,N,30.17,17.80,0.0,3.68,1.0,<Residue LYS het=  resseq=24 icode= >,4u0y_B_B,1.91
195,7.015,LYS, ,CA,36.95,19.21,0.0,2.08,1.0,<Residue LYS het=  resseq=24 icode= >,4u0y_B_B,1.91
196,0.914,LYS, ,C,32.11,19.91,0.0,3.44,1.0,<Residue LYS het=  resseq=24 icode= >,4u0y_B_B,1.91
197,31.233,LYS, ,O,35.25,21.00,0.0,3.49,1.0,<Residue LYS het=  resseq=24 icode= >,4u0y_B_B,1.91
198,10.84,LYS, ,CB,30.06,20.06,0.0,2.75,1.0,<Residue LYS het=  resseq=24 icode= >,4u0y_B_B,1.91
199,9.148,LYS, ,CG,47.65,19.76,0.0,0.72,1.0,<Residue LYS het=  resseq=24 icode= >,4u0y_B_B,1.91
200,35.389,LYS, ,CD,50.55,21.09,0.0,0.66,1.0,<Residue LYS het=  resseq=24 icode= >,4u0y_B_B,1.91
201,40.351,LYS, ,CE,51.82,21.73,0.0,0.55,1.0,<Residue LYS het=  resseq=24 icode= >,4u0y_B_B,1.91
202,48.943,LYS, ,NZ,65.89,23.05,0.0,0.31,1.0,<Residue LYS het=  resseq=24 icode= >,4u0y_B_B,1.91
203,0.0,ASN, ,N,31.08,1000.00,0.0,2.62,1.0,<Residue ASN het=  resseq=25 icode= >,4u0y_B_B,1.91
204,5.105,ASN, ,CA,35.09,1000.00,0.0,2.68,1.0,<Residue ASN het=  resseq=25 icode= >,4u0y_B_B,1.91
205,3.221,ASN, ,C,32.8,1000.00,0.0,3.54,1.0,<Residue ASN het=  resseq=25 icode= >,4u0y_B_B,1.91
206,29.454,ASN, ,O,29.45,1000.00,0.0,3.30,1.0,<Residue ASN het=  resseq=25 icode= >,4u0y_B_B,1.91
207,0.823,ASN, ,CB,36.81,1000.00,0.0,2.51,1.0,<Residue ASN het=  resseq=25 icode= >,4u0y_B_B,1.91
208,4.759,ASN, ,CG,41.38,1000.00,0.0,3.01,1.0,<Residue ASN het=  resseq=25 icode= >,4u0y_B_B,1.91
209,23.683,ASN, ,OD1,48.66,1000.00,0.0,1.44,1.0,<Residue ASN het=  resseq=25 icode= >,4u0y_B_B,1.91
210,23.228,ASN, ,ND2,38.17,1000.00,0.0,2.42,1.0,<Residue ASN het=  resseq=25 icode= >,4u0y_B_B,1.91
211,0.994,GLY, ,N,29.03,18.51,0.0,4.08,1.0,<Residue GLY het=  resseq=26 icode= >,4u0y_B_B,1.91
212,17.664,GLY, ,CA,33.96,18.16,0.0,2.44,1.0,<Residue GLY het=  resseq=26 icode= >,4u0y_B_B,1.91
213,3.442,GLY, ,C,33.61,17.54,0.0,3.87,1.0,<Residue GLY het=  resseq=26 icode= >,4u0y_B_B,1.91
214,8.412,GLY, ,O,34.3,17.35,0.0,2.98,1.0,<Residue GLY het=  resseq=26 icode= >,4u0y_B_B,1.91
215,0.084,GLU, ,N,30.23,17.36,0.0,3.62,1.0,<Residue GLU het=  resseq=27 icode= >,4u0y_B_B,1.91
216,9.184,GLU, ,CA,33.73,16.76,0.0,2.57,1.0,<Residue GLU het=  resseq=27 icode= >,4u0y_B_B,1.91
217,0.249,GLU, ,C,34.85,15.30,0.0,2.95,1.0,<Residue GLU het=  resseq=27 icode= >,4u0y_B_B,1.91
218,26.063,GLU, ,O,34.46,14.86,0.0,2.78,1.0,<Residue GLU het=  resseq=27 icode= >,4u0y_B_B,1.91
219,9.316,GLU, ,CB,35.15,16.99,0.0,1.95,1.0,<Residue GLU het=  resseq=27 icode= >,4u0y_B_B,1.91
220,16.332,GLU, ,CG,41.54,18.47,0.0,1.33,1.0,<Residue GLU het=  resseq=27 icode= >,4u0y_B_B,1.91
221,9.036,GLU, ,CD,47.84,18.92,0.0,1.93,1.0,<Residue GLU het=  resseq=27 icode= >,4u0y_B_B,1.91
222,22.639,GLU, ,OE1,53.06,20.08,0.0,1.24,1.0,<Residue GLU het=  resseq=27 icode= >,4u0y_B_B,1.91
223,22.63,GLU, ,OE2,49.38,18.19,0.0,1.89,1.0,<Residue GLU het=  resseq=27 icode= >,4u0y_B_B,1.91
224,0.0,LEU, ,N,30.65,14.66,0.0,3.07,1.0,<Residue LEU het=  resseq=28 icode= >,4u0y_B_B,1.91
225,0.655,LEU, ,CA,33.63,13.41,0.0,2.78,1.0,<Residue LEU het=  resseq=28 icode= >,4u0y_B_B,1.91
226,0.0,LEU, ,C,36.18,13.84,0.0,3.37,1.0,<Residue LEU het=  resseq=28 icode= >,4u0y_B_B,1.91
227,0.427,LEU, ,O,39.0,14.32,0.0,2.72,1.0,<Residue LEU het=  resseq=28 icode= >,4u0y_B_B,1.91
228,0.0,LEU, ,CB,36.07,12.42,0.0,1.89,1.0,<Residue LEU het=  resseq=28 icode= >,4u0y_B_B,1.91
229,0.383,LEU, ,CG,32.35,11.72,0.0,2.66,1.0,<Residue LEU het=  resseq=28 icode= >,4u0y_B_B,1.91
230,0.003,LEU, ,CD1,31.8,11.16,0.0,1.33,1.0,<Residue LEU het=  resseq=28 icode= >,4u0y_B_B,1.91
231,21.667,LEU, ,CD2,34.72,10.76,0.0,1.35,1.0,<Residue LEU het=  resseq=28 icode= >,4u0y_B_B,1.91
232,3.877,GLN, ,N,37.25,13.83,0.0,2.59,1.0,<Residue GLN het=  resseq=29 icode= >,4u0y_B_B,1.91
233,0.0,GLN, ,CA,37.57,14.46,0.0,2.63,1.0,<Residue GLN het=  resseq=29 icode= >,4u0y_B_B,1.91
234,0.0,GLN, ,C,41.05,13.75,0.0,2.87,1.0,<Residue GLN het=  resseq=29 icode= >,4u0y_B_B,1.91
235,0.154,GLN, ,O,41.77,12.53,0.0,2.36,1.0,<Residue GLN het=  resseq=29 icode= >,4u0y_B_B,1.91
236,3.482,GLN, ,CB,33.87,14.86,0.0,2.29,1.0,<Residue GLN het=  resseq=29 icode= >,4u0y_B_B,1.91
237,29.325,GLN, ,CG,36.92,15.92,0.0,1.72,1.0,<Residue GLN het=  resseq=29 icode= >,4u0y_B_B,1.91
238,5.533,GLN, ,CD,37.77,17.25,0.0,3.37,1.0,<Residue GLN het=  resseq=29 icode= >,4u0y_B_B,1.91
239,38.509,GLN, ,OE1,41.55,18.06,0.0,1.98,1.0,<Residue GLN het=  resseq=29 icode= >,4u0y_B_B,1.91
240,17.374,GLN, ,NE2,36.34,17.56,0.0,2.15,1.0,<Residue GLN het=  resseq=29 icode= >,4u0y_B_B,1.91
241,0.0,PRO, ,N,38.75,14.60,0.0,3.58,1.0,<Residue PRO het=  resseq=30 icode= >,4u0y_B_B,1.91
242,0.0,PRO, ,CA,38.88,14.32,0.0,2.38,1.0,<Residue PRO het=  resseq=30 icode= >,4u0y_B_B,1.91
243,0.0,PRO, ,C,41.33,13.77,0.0,2.75,1.0,<Residue PRO het=  resseq=30 icode= >,4u0y_B_B,1.91
244,8.685,PRO, ,O,35.23,14.20,0.0,2.77,1.0,<Residue PRO het=  resseq=30 icode= >,4u0y_B_B,1.91
245,18.087,PRO, ,CB,39.25,15.74,0.0,2.43,1.0,<Residue PRO het=  resseq=30 icode= >,4u0y_B_B,1.91
246,38.587,PRO, ,CG,42.72,16.51,0.0,1.78,1.0,<Residue PRO het=  resseq=30 icode= >,4u0y_B_B,1.91
247,13.165,PRO, ,CD,40.76,16.03,0.0,1.95,1.0,<Residue PRO het=  resseq=30 icode= >,4u0y_B_B,1.91
248,0.0,ASP, ,N,35.08,12.96,0.0,3.22,1.0,<Residue ASP het=  resseq=31 icode= >,4u0y_B_B,1.91
249,0.0,ASP, ,CA,38.37,12.57,0.0,2.58,1.0,<Residue ASP het=  resseq=31 icode= >,4u0y_B_B,1.91
250,0.0,ASP, ,C,40.29,11.97,0.0,2.61,1.0,<Residue ASP het=  resseq=31 icode= >,4u0y_B_B,1.91
251,14.667,ASP, ,O,40.25,12.15,0.0,2.33,1.0,<Residue ASP het=  resseq=31 icode= >,4u0y_B_B,1.91
252,23.307,ASP, ,CB,38.55,13.87,0.0,2.08,1.0,<Residue ASP het=  resseq=31 icode= >,4u0y_B_B,1.91
253,8.658,ASP, ,CG,41.38,14.54,0.0,2.55,1.0,<Residue ASP het=  resseq=31 icode= >,4u0y_B_B,1.91
254,10.626,ASP, ,OD1,41.4,13.94,0.0,2.32,1.0,<Residue ASP het=  resseq=31 icode= >,4u0y_B_B,1.91
255,34.231,ASP, ,OD2,48.22,15.76,0.0,1.05,1.0,<Residue ASP het=  resseq=31 icode= >,4u0y_B_B,1.91
256,0.0,MET, ,N,31.72,11.47,0.0,3.69,1.0,<Residue MET het=  resseq=32 icode= >,4u0y_B_B,1.91
257,0.0,MET, ,CA,32.91,10.92,0.0,2.94,1.0,<Residue MET het=  resseq=32 icode= >,4u0y_B_B,1.91
258,0.057,MET, ,C,32.95,9.46,0.0,3.40,1.0,<Residue MET het=  resseq=32 icode= >,4u0y_B_B,1.91
259,0.893,MET, ,O,28.6,9.13,0.0,3.99,1.0,<Residue MET het=  resseq=32 icode= >,4u0y_B_B,1.91
260,8.404,MET, ,CB,33.06,11.85,0.0,1.81,1.0,<Residue MET het=  resseq=32 icode= >,4u0y_B_B,1.91
261,9.529,MET, ,CG,34.95,13.28,0.0,2.09,1.0,<Residue MET het=  resseq=32 icode= >,4u0y_B_B,1.91
262,33.051,MET, ,SD,47.23,13.53,0.0,3.31,1.0,<Residue MET het=  resseq=32 icode= >,4u0y_B_B,1.91
263,56.372,MET, ,CE,47.1,13.05,0.0,0.77,1.0,<Residue MET het=  resseq=32 icode= >,4u0y_B_B,1.91
264,0.0,PRO, ,N,29.47,8.73,0.0,3.72,1.0,<Residue PRO het=  resseq=33 icode= >,4u0y_B_B,1.91
265,0.0,PRO, ,CA,27.98,7.29,0.0,3.29,1.0,<Residue PRO het=  resseq=33 icode= >,4u0y_B_B,1.91
266,0.07,PRO, ,C,28.77,7.16,0.0,3.81,1.0,<Residue PRO het=  resseq=33 icode= >,4u0y_B_B,1.91
267,17.149,PRO, ,O,29.45,8.03,0.0,3.19,1.0,<Residue PRO het=  resseq=33 icode= >,4u0y_B_B,1.91
268,12.028,PRO, ,CB,26.11,6.98,0.0,2.84,1.0,<Residue PRO het=  resseq=33 icode= >,4u0y_B_B,1.91
269,37.105,PRO, ,CG,26.03,8.35,0.0,2.88,1.0,<Residue PRO het=  resseq=33 icode= >,4u0y_B_B,1.91
270,7.421,PRO, ,CD,26.13,9.34,0.0,2.77,1.0,<Residue PRO het=  resseq=33 icode= >,4u0y_B_B,1.91
271,0.0,LEU, ,N,22.48,6.36,0.0,4.48,1.0,<Residue LEU het=  resseq=34 icode= >,4u0y_B_B,1.91
272,0.0,LEU, ,CA,23.78,6.39,0.0,3.52,1.0,<Residue LEU het=  resseq=34 icode= >,4u0y_B_B,1.91
273,0.875,LEU, ,C,23.02,5.85,0.0,4.53,1.0,<Residue LEU het=  resseq=34 icode= >,4u0y_B_B,1.91
274,9.159,LEU, ,O,22.6,5.15,0.73,4.30,1.0,<Residue LEU het=  resseq=34 icode= >,4u0y_B_B,1.91
275,0.0,LEU, ,CB,22.52,6.00,0.0,2.98,1.0,<Residue LEU het=  resseq=34 icode= >,4u0y_B_B,1.91
276,0.0,LEU, ,CG,28.86,7.25,0.0,2.57,1.0,<Residue LEU het=  resseq=34 icode= >,4u0y_B_B,1.91
277,0.0,LEU, ,CD1,28.83,7.82,0.0,2.28,1.0,<Residue LEU het=  resseq=34 icode= >,4u0y_B_B,1.91
278,0.106,LEU, ,CD2,27.43,7.20,0.0,1.66,1.0,<Residue LEU het=  resseq=34 icode= >,4u0y_B_B,1.91
279,0.732,PRO, ,N,26.42,6.51,0.0,4.14,1.0,<Residue PRO het=  resseq=35 icode= >,4u0y_B_B,1.91
280,6.783,PRO, ,CA,27.76,6.32,0.0,2.96,1.0,<Residue PRO het=  resseq=35 icode= >,4u0y_B_B,1.91
281,0.0,PRO, ,C,24.23,4.97,0.0,4.30,1.0,<Residue PRO het=  resseq=35 icode= >,4u0y_B_B,1.91
282,1.068,PRO, ,O,22.02,4.40,0.916,4.61,1.0,<Residue PRO het=  resseq=35 icode= >,4u0y_B_B,1.91
283,4.483,PRO, ,CB,23.62,7.46,0.0,2.94,1.0,<Residue PRO het=  resseq=35 icode= >,4u0y_B_B,1.91
284,31.185,PRO, ,CG,25.84,8.39,0.0,2.66,1.0,<Residue PRO het=  resseq=35 icode= >,4u0y_B_B,1.91
285,5.887,PRO, ,CD,23.55,7.72,0.0,2.92,1.0,<Residue PRO het=  resseq=35 icode= >,4u0y_B_B,1.91
286,2.074,SER, ,N,25.01,4.81,0.0,3.67,1.0,<Residue SER het=  resseq=36 icode= >,4u0y_B_B,1.91
287,10.718,SER, ,CA,20.4,3.62,9.165,3.14,1.0,<Residue SER het=  resseq=36 icode= >,4u0y_B_B,1.91
288,0.0,SER, ,C,21.22,3.72,0.0,4.23,1.0,<Residue SER het=  resseq=36 icode= >,4u0y_B_B,1.91
289,0.0,SER, ,O,19.38,4.91,0.0,4.96,1.0,<Residue SER het=  resseq=36 icode= >,4u0y_B_B,1.91
290,38.219,SER, ,CB,21.46,3.22,36.011,3.03,1.0,<Residue SER het=  resseq=36 icode= >,4u0y_B_B,1.91
291,4.949,SER, ,OG,20.32,3.47,3.952,3.59,1.0,<Residue SER het=  resseq=36 icode= >,4u0y_B_B,1.91
292,3.726,GLU, ,N,17.51,2.88,3.715,4.48,1.0,<Residue GLU het=  resseq=37 icode= >,4u0y_B_B,1.91
293,0.0,GLU, ,CA,21.06,3.82,0.0,3.20,1.0,<Residue GLU het=  resseq=37 icode= >,4u0y_B_B,1.91
294,0.0,GLU, ,C,19.53,4.78,0.0,4.46,1.0,<Residue GLU het=  resseq=37 icode= >,4u0y_B_B,1.91
295,0.0,GLU, ,O,22.3,5.96,0.0,4.48,1.0,<Residue GLU het=  resseq=37 icode= >,4u0y_B_B,1.91
296,2.103,GLU, ,CB,18.53,3.60,2.103,3.17,1.0,<Residue GLU het=  resseq=37 icode= >,4u0y_B_B,1.91
297,5.86,GLU, ,CG,22.65,3.47,5.86,1.63,1.0,<Residue GLU het=  resseq=37 icode= >,4u0y_B_B,1.91
298,6.688,GLU, ,CD,26.51,4.15,6.688,3.01,1.0,<Residue GLU het=  resseq=37 icode= >,4u0y_B_B,1.91
299,1.374,GLU, ,OE1,27.29,4.12,1.374,3.05,1.0,<Residue GLU het=  resseq=37 icode= >,4u0y_B_B,1.91
300,0.419,GLU, ,OE2,26.1,4.14,0.419,3.67,1.0,<Residue GLU het=  resseq=37 icode= >,4u0y_B_B,1.91
301,0.0,ARG, ,N,19.05,4.58,0.0,4.89,1.0,<Residue ARG het=  resseq=38 icode= >,4u0y_B_B,1.91
302,0.802,ARG, ,CA,19.27,5.19,0.0,3.49,1.0,<Residue ARG het=  resseq=38 icode= >,4u0y_B_B,1.91
303,1.611,ARG, ,C,20.43,5.73,0.0,4.36,1.0,<Residue ARG het=  resseq=38 icode= >,4u0y_B_B,1.91
304,3.348,ARG, ,O,22.37,6.71,0.0,4.16,1.0,<Residue ARG het=  resseq=38 icode= >,4u0y_B_B,1.91
305,18.122,ARG, ,CB,23.0,4.13,2.94,3.13,1.0,<Residue ARG het=  resseq=38 icode= >,4u0y_B_B,1.91
306,9.961,ARG, ,CG,23.5,4.46,0.0,2.82,1.0,<Residue ARG het=  resseq=38 icode= >,4u0y_B_B,1.91
307,31.528,ARG, ,CD,22.79,3.83,10.224,2.54,1.0,<Residue ARG het=  resseq=38 icode= >,4u0y_B_B,1.91
308,17.535,ARG, ,NE,21.53,4.28,1.543,3.67,1.0,<Residue ARG het=  resseq=38 icode= >,4u0y_B_B,1.91
309,4.19,ARG, ,CZ,20.44,3.72,4.19,4.18,1.0,<Residue ARG het=  resseq=38 icode= >,4u0y_B_B,1.91
310,33.201,ARG, ,NH1,18.98,3.02,33.201,3.94,1.0,<Residue ARG het=  resseq=38 icode= >,4u0y_B_B,1.91
311,40.109,ARG, ,NH2,20.05,2.97,34.353,3.28,1.0,<Residue ARG het=  resseq=38 icode= >,4u0y_B_B,1.91
312,0.759,GLU, ,N,21.24,5.44,0.0,4.47,1.0,<Residue GLU het=  resseq=39 icode= >,4u0y_B_B,1.91
313,2.655,GLU, ,CA,26.58,6.46,0.0,3.09,1.0,<Residue GLU het=  resseq=39 icode= >,4u0y_B_B,1.91
314,0.0,GLU, ,C,19.07,7.84,0.0,4.79,1.0,<Residue GLU het=  resseq=39 icode= >,4u0y_B_B,1.91
315,1.079,GLU, ,O,20.57,8.79,0.0,4.34,1.0,<Residue GLU het=  resseq=39 icode= >,4u0y_B_B,1.91
316,0.099,GLU, ,CB,24.17,6.40,0.0,3.54,1.0,<Residue GLU het=  resseq=39 icode= >,4u0y_B_B,1.91
317,33.106,GLU, ,CG,39.56,6.20,0.0,1.24,1.0,<Residue GLU het=  resseq=39 icode= >,4u0y_B_B,1.91
318,10.226,GLU, ,CD,47.46,5.20,1.319,1.32,1.0,<Residue GLU het=  resseq=39 icode= >,4u0y_B_B,1.91
319,12.574,GLU, ,OE1,37.47,5.11,0.194,2.38,1.0,<Residue GLU het=  resseq=39 icode= >,4u0y_B_B,1.91
320,42.04,GLU, ,OE2,50.83,4.90,3.316,1.31,1.0,<Residue GLU het=  resseq=39 icode= >,4u0y_B_B,1.91
321,0.0,TYR, ,N,19.07,7.71,0.0,4.77,1.0,<Residue TYR het=  resseq=40 icode= >,4u0y_B_B,1.91
322,0.0,TYR, ,CA,20.44,8.63,0.0,3.65,1.0,<Residue TYR het=  resseq=40 icode= >,4u0y_B_B,1.91
323,0.0,TYR, ,C,21.57,9.39,0.0,5.04,1.0,<Residue TYR het=  resseq=40 icode= >,4u0y_B_B,1.91
324,0.0,TYR, ,O,22.25,9.48,0.0,5.04,1.0,<Residue TYR het=  resseq=40 icode= >,4u0y_B_B,1.91
325,0.0,TYR, ,CB,19.59,8.13,0.0,2.83,1.0,<Residue TYR het=  resseq=40 icode= >,4u0y_B_B,1.91
326,0.0,TYR, ,CG,19.11,8.07,0.0,4.02,1.0,<Residue TYR het=  resseq=40 icode= >,4u0y_B_B,1.91
327,0.0,TYR, ,CD1,21.39,9.14,0.0,3.13,1.0,<Residue TYR het=  resseq=40 icode= >,4u0y_B_B,1.91
328,0.008,TYR, ,CD2,19.4,6.91,0.0,3.73,1.0,<Residue TYR het=  resseq=40 icode= >,4u0y_B_B,1.91
329,3.063,TYR, ,CE1,22.37,9.20,0.0,3.97,1.0,<Residue TYR het=  resseq=40 icode= >,4u0y_B_B,1.91
330,0.0,TYR, ,CE2,22.9,6.98,0.0,3.40,1.0,<Residue TYR het=  resseq=40 icode= >,4u0y_B_B,1.91
331,0.0,TYR, ,CZ,25.09,8.19,0.0,3.59,1.0,<Residue TYR het=  resseq=40 icode= >,4u0y_B_B,1.91
332,1.732,TYR, ,OH,31.75,8.57,0.0,2.35,1.0,<Residue TYR het=  resseq=40 icode= >,4u0y_B_B,1.91
333,0.0,ALA, ,N,18.48,8.83,0.0,4.71,1.0,<Residue ALA het=  resseq=41 icode= >,4u0y_B_B,1.91
334,0.0,ALA, ,CA,20.8,8.01,0.0,3.49,1.0,<Residue ALA het=  resseq=41 icode= >,4u0y_B_B,1.91
335,1.05,ALA, ,C,24.08,8.43,0.0,4.12,1.0,<Residue ALA het=  resseq=41 icode= >,4u0y_B_B,1.91
336,0.983,ALA, ,O,21.75,7.82,0.0,3.80,1.0,<Residue ALA het=  resseq=41 icode= >,4u0y_B_B,1.91
337,9.915,ALA, ,CB,19.23,7.83,0.0,2.75,1.0,<Residue ALA het=  resseq=41 icode= >,4u0y_B_B,1.91
338,0.922,GLU, ,N,20.52,9.67,0.0,4.47,1.0,<Residue GLU het=  resseq=42 icode= >,4u0y_B_B,1.91
339,7.352,GLU, ,CA,24.57,9.81,0.0,2.99,1.0,<Residue GLU het=  resseq=42 icode= >,4u0y_B_B,1.91
340,0.0,GLU, ,C,27.11,10.22,0.0,4.07,1.0,<Residue GLU het=  resseq=42 icode= >,4u0y_B_B,1.91
341,8.183,GLU, ,O,30.91,9.74,0.0,3.10,1.0,<Residue GLU het=  resseq=42 icode= >,4u0y_B_B,1.91
342,13.499,GLU, ,CB,29.45,9.32,0.0,1.68,1.0,<Residue GLU het=  resseq=42 icode= >,4u0y_B_B,1.91
343,26.281,GLU, ,CG,37.05,10.17,0.0,1.10,1.0,<Residue GLU het=  resseq=42 icode= >,4u0y_B_B,1.91
344,9.252,GLU, ,CD,43.47,10.17,0.0,1.77,1.0,<Residue GLU het=  resseq=42 icode= >,4u0y_B_B,1.91
345,39.352,GLU, ,OE1,55.18,10.80,0.0,0.48,1.0,<Residue GLU het=  resseq=42 icode= >,4u0y_B_B,1.91
346,33.374,GLU, ,OE2,39.95,8.94,0.0,1.88,1.0,<Residue GLU het=  resseq=42 icode= >,4u0y_B_B,1.91
347,0.0,GLN, ,N,25.21,11.20,0.0,4.60,1.0,<Residue GLN het=  resseq=43 icode= >,4u0y_B_B,1.91
348,7.762,GLN, ,CA,30.36,11.69,0.0,3.36,1.0,<Residue GLN het=  resseq=43 icode= >,4u0y_B_B,1.91
349,0.0,GLN, ,C,30.73,10.62,0.0,4.24,1.0,<Residue GLN het=  resseq=43 icode= >,4u0y_B_B,1.91
350,28.907,GLN, ,O,32.09,10.85,0.0,3.45,1.0,<Residue GLN het=  resseq=43 icode= >,4u0y_B_B,1.91
351,19.834,GLN, ,CB,35.8,12.15,0.0,2.12,1.0,<Residue GLN het=  resseq=43 icode= >,4u0y_B_B,1.91
352,4.804,GLN, ,CG,39.64,12.55,0.0,0.90,1.0,<Residue GLN het=  resseq=43 icode= >,4u0y_B_B,1.91
353,4.285,GLN, ,CD,47.79,12.48,0.0,1.32,1.0,<Residue GLN het=  resseq=43 icode= >,4u0y_B_B,1.91
354,17.351,GLN, ,OE1,54.08,11.69,0.0,1.14,1.0,<Residue GLN het=  resseq=43 icode= >,4u0y_B_B,1.91
355,19.594,GLN, ,NE2,49.5,13.05,0.0,1.40,1.0,<Residue GLN het=  resseq=43 icode= >,4u0y_B_B,1.91
356,0.0,PHE, ,N,27.22,9.57,0.0,4.28,1.0,<Residue PHE het=  resseq=44 icode= >,4u0y_B_B,1.91
357,3.326,PHE, ,CA,28.76,8.57,0.0,3.86,1.0,<Residue PHE het=  resseq=44 icode= >,4u0y_B_B,1.91
358,2.802,PHE, ,C,30.08,7.52,0.0,4.08,1.0,<Residue PHE het=  resseq=44 icode= >,4u0y_B_B,1.91
359,9.619,PHE, ,O,32.41,6.87,0.0,3.60,1.0,<Residue PHE het=  resseq=44 icode= >,4u0y_B_B,1.91
360,0.0,PHE, ,CB,30.3,8.07,0.0,2.52,1.0,<Residue PHE het=  resseq=44 icode= >,4u0y_B_B,1.91
361,0.0,PHE, ,CG,25.7,9.22,0.0,3.45,1.0,<Residue PHE het=  resseq=44 icode= >,4u0y_B_B,1.91
362,3.259,PHE, ,CD1,35.58,10.13,0.0,2.84,1.0,<Residue PHE het=  resseq=44 icode= >,4u0y_B_B,1.91
363,0.0,PHE, ,CD2,27.51,9.27,0.0,2.54,1.0,<Residue PHE het=  resseq=44 icode= >,4u0y_B_B,1.91
364,0.0,PHE, ,CE1,39.14,11.29,0.0,2.01,1.0,<Residue PHE het=  resseq=44 icode= >,4u0y_B_B,1.91
365,0.0,PHE, ,CE2,28.02,10.40,0.0,2.91,1.0,<Residue PHE het=  resseq=44 icode= >,4u0y_B_B,1.91
366,0.0,PHE, ,CZ,33.23,11.37,0.0,2.47,1.0,<Residue PHE het=  resseq=44 icode= >,4u0y_B_B,1.91
367,0.353,GLY, ,N,28.89,7.60,0.0,3.48,1.0,<Residue GLY het=  resseq=45 icode= >,4u0y_B_B,1.91
368,32.229,GLY, ,CA,28.99,6.84,0.0,2.51,1.0,<Residue GLY het=  resseq=45 icode= >,4u0y_B_B,1.91
369,4.521,GLY, ,C,31.79,5.40,0.0,3.77,1.0,<Residue GLY het=  resseq=45 icode= >,4u0y_B_B,1.91
370,10.985,GLY, ,O,30.03,4.65,3.657,3.50,1.0,<Residue GLY het=  resseq=45 icode= >,4u0y_B_B,1.91
371,0.131,ILE, ,N,26.93,5.26,0.0,3.71,1.0,<Residue ILE het=  resseq=46 icode= >,4u0y_B_B,1.91
372,5.816,ILE, ,CA,23.61,4.05,5.457,3.29,1.0,<Residue ILE het=  resseq=46 icode= >,4u0y_B_B,1.91
373,4.656,ILE, ,C,22.23,3.96,1.783,4.25,1.0,<Residue ILE het=  resseq=46 icode= >,4u0y_B_B,1.91
374,9.681,ILE, ,O,21.57,5.10,0.0,4.27,1.0,<Residue ILE het=  resseq=46 icode= >,4u0y_B_B,1.91
375,1.761,ILE, ,CB,23.65,3.73,1.761,3.60,1.0,<Residue ILE het=  resseq=46 icode= >,4u0y_B_B,1.91
376,0.0,ILE, ,CG1,20.19,4.80,0.0,3.77,1.0,<Residue ILE het=  resseq=46 icode= >,4u0y_B_B,1.91
377,1.606,ILE, ,CG2,23.76,3.85,1.606,2.58,1.0,<Residue ILE het=  resseq=46 icode= >,4u0y_B_B,1.91
378,0.0,ILE, ,CD1,19.78,5.30,0.0,3.08,1.0,<Residue ILE het=  resseq=46 icode= >,4u0y_B_B,1.91
379,2.096,SER, ,N,21.14,2.96,2.072,4.44,1.0,<Residue SER het=  resseq=47 icode= >,4u0y_B_B,1.91
380,8.872,SER, ,CA,19.47,3.67,4.141,4.13,1.0,<Residue SER het=  resseq=47 icode= >,4u0y_B_B,1.91
381,0.0,SER, ,C,17.49,4.50,0.0,4.97,1.0,<Residue SER het=  resseq=47 icode= >,4u0y_B_B,1.91
382,0.0,SER, ,O,17.74,4.35,0.0,4.61,1.0,<Residue SER het=  resseq=47 icode= >,4u0y_B_B,1.91
383,23.675,SER, ,CB,19.82,3.25,23.675,3.36,1.0,<Residue SER het=  resseq=47 icode= >,4u0y_B_B,1.91
384,37.544,SER, ,OG,22.22,2.98,37.393,3.91,1.0,<Residue SER het=  resseq=47 icode= >,4u0y_B_B,1.91
385,7.094,ARG, ,N,16.52,5.11,3.672,4.42,1.0,<Residue ARG het=  resseq=48 icode= >,4u0y_B_B,1.91
386,0.0,ARG, ,CA,15.62,6.03,0.0,3.59,1.0,<Residue ARG het=  resseq=48 icode= >,4u0y_B_B,1.91
387,0.0,ARG, ,C,19.53,5.98,0.0,4.75,1.0,<Residue ARG het=  resseq=48 icode= >,4u0y_B_B,1.91
388,0.0,ARG, ,O,18.59,6.92,0.0,4.41,1.0,<Residue ARG het=  resseq=48 icode= >,4u0y_B_B,1.91
389,18.585,ARG, ,CB,18.74,5.37,9.73,2.70,1.0,<Residue ARG het=  resseq=48 icode= >,4u0y_B_B,1.91
390,1.363,ARG, ,CG,17.58,5.79,0.468,2.33,1.0,<Residue ARG het=  resseq=48 icode= >,4u0y_B_B,1.91
391,0.0,ARG, ,CD,31.27,5.81,0.0,1.80,1.0,<Residue ARG het=  resseq=48 icode= >,4u0y_B_B,1.91
392,6.767,ARG, ,NE,33.67,4.64,2.773,2.37,1.0,<Residue ARG het=  resseq=48 icode= >,4u0y_B_B,1.91
393,1.92,ARG, ,CZ,22.57,3.70,1.92,3.95,1.0,<Residue ARG het=  resseq=48 icode= >,4u0y_B_B,1.91
394,16.497,ARG, ,NH1,26.63,3.40,16.497,3.24,1.0,<Residue ARG het=  resseq=48 icode= >,4u0y_B_B,1.91
395,38.004,ARG, ,NH2,16.01,2.46,37.746,3.71,1.0,<Residue ARG het=  resseq=48 icode= >,4u0y_B_B,1.91
396,1.134,MET, ,N,17.13,5.12,0.75,5.31,1.0,<Residue MET het=  resseq=49 icode= >,4u0y_B_B,1.91
397,0.0,MET, ,CA,19.18,4.93,0.0,3.65,1.0,<Residue MET het=  resseq=49 icode= >,4u0y_B_B,1.91
398,1.271,MET, ,C,18.04,5.08,0.259,4.40,1.0,<Residue MET het=  resseq=49 icode= >,4u0y_B_B,1.91
399,2.937,MET, ,O,16.91,5.84,0.0,5.24,1.0,<Residue MET het=  resseq=49 icode= >,4u0y_B_B,1.91
400,17.935,MET, ,CB,20.08,3.94,14.933,3.32,1.0,<Residue MET het=  resseq=49 icode= >,4u0y_B_B,1.91
401,33.63,MET, ,CG,24.05,3.41,31.723,2.30,1.0,<Residue MET het=  resseq=49 icode= >,4u0y_B_B,1.91
402,20.187,MET, ,SD,20.11,3.42,20.036,9.12,1.0,<Residue MET het=  resseq=49 icode= >,4u0y_B_B,1.91
403,63.08,MET, ,CE,22.81,4.48,31.988,2.80,1.0,<Residue MET het=  resseq=49 icode= >,4u0y_B_B,1.91
404,0.409,THR, ,N,15.06,4.84,0.409,4.80,1.0,<Residue THR het=  resseq=50 icode= >,4u0y_B_B,1.91
405,4.775,THR, ,CA,19.2,4.87,0.169,3.87,1.0,<Residue THR het=  resseq=50 icode= >,4u0y_B_B,1.91
406,0.0,THR, ,C,19.23,5.82,0.0,4.56,1.0,<Residue THR het=  resseq=50 icode= >,4u0y_B_B,1.91
407,0.0,THR, ,O,19.27,5.42,0.0,4.49,1.0,<Residue THR het=  resseq=50 icode= >,4u0y_B_B,1.91
408,0.032,THR, ,CB,18.05,3.56,0.0,3.76,1.0,<Residue THR het=  resseq=50 icode= >,4u0y_B_B,1.91
409,19.081,THR, ,OG1,17.97,2.56,18.881,4.46,1.0,<Residue THR het=  resseq=50 icode= >,4u0y_B_B,1.91
410,13.585,THR, ,CG2,19.21,3.75,12.748,2.79,1.0,<Residue THR het=  resseq=50 icode= >,4u0y_B_B,1.91
411,0.0,VAL, ,N,19.01,6.23,0.0,3.97,1.0,<Residue VAL het=  resseq=51 icode= >,4u0y_B_B,1.91
412,0.0,VAL, ,CA,19.79,7.60,0.0,3.13,1.0,<Residue VAL het=  resseq=51 icode= >,4u0y_B_B,1.91
413,0.0,VAL, ,C,18.52,8.37,0.0,4.78,1.0,<Residue VAL het=  resseq=51 icode= >,4u0y_B_B,1.91
414,0.0,VAL, ,O,19.2,8.62,0.0,4.85,1.0,<Residue VAL het=  resseq=51 icode= >,4u0y_B_B,1.91
415,0.0,VAL, ,CB,18.36,8.03,0.0,3.15,1.0,<Residue VAL het=  resseq=51 icode= >,4u0y_B_B,1.91
416,0.023,VAL, ,CG1,15.87,7.70,0.0,2.75,1.0,<Residue VAL het=  resseq=51 icode= >,4u0y_B_B,1.91
417,0.0,VAL, ,CG2,17.41,7.35,0.0,2.83,1.0,<Residue VAL het=  resseq=51 icode= >,4u0y_B_B,1.91
418,0.0,ARG, ,N,13.88,8.24,0.0,5.11,1.0,<Residue ARG het=  resseq=52 icode= >,4u0y_B_B,1.91
419,0.0,ARG, ,CA,14.73,7.25,0.0,4.26,1.0,<Residue ARG het=  resseq=52 icode= >,4u0y_B_B,1.91
420,0.655,ARG, ,C,21.71,7.73,0.0,4.00,1.0,<Residue ARG het=  resseq=52 icode= >,4u0y_B_B,1.91
421,0.0,ARG, ,O,17.02,7.18,0.0,5.32,1.0,<Residue ARG het=  resseq=52 icode= >,4u0y_B_B,1.91
422,2.23,ARG, ,CB,18.39,5.95,0.0,3.10,1.0,<Residue ARG het=  resseq=52 icode= >,4u0y_B_B,1.91
423,0.0,ARG, ,CG,23.04,5.28,0.0,2.10,1.0,<Residue ARG het=  resseq=52 icode= >,4u0y_B_B,1.91
424,4.141,ARG, ,CD,16.9,3.75,4.108,3.38,1.0,<Residue ARG het=  resseq=52 icode= >,4u0y_B_B,1.91
425,6.397,ARG, ,NE,18.15,3.21,3.921,4.43,1.0,<Residue ARG het=  resseq=52 icode= >,4u0y_B_B,1.91
426,4.532,ARG, ,CZ,20.38,3.43,4.532,4.37,1.0,<Residue ARG het=  resseq=52 icode= >,4u0y_B_B,1.91
427,17.183,ARG, ,NH1,21.78,2.86,17.183,3.28,1.0,<Residue ARG het=  resseq=52 icode= >,4u0y_B_B,1.91
428,41.765,ARG, ,NH2,22.23,3.14,26.529,3.43,1.0,<Residue ARG het=  resseq=52 icode= >,4u0y_B_B,1.91
429,0.342,GLN, ,N,19.94,7.60,0.0,4.18,1.0,<Residue GLN het=  resseq=53 icode= >,4u0y_B_B,1.91
430,6.517,GLN, ,CA,18.45,7.22,0.0,3.09,1.0,<Residue GLN het=  resseq=53 icode= >,4u0y_B_B,1.91
431,0.0,GLN, ,C,18.97,7.55,0.0,3.90,1.0,<Residue GLN het=  resseq=53 icode= >,4u0y_B_B,1.91
432,0.113,GLN, ,O,19.6,8.14,0.0,3.92,1.0,<Residue GLN het=  resseq=53 icode= >,4u0y_B_B,1.91
433,5.585,GLN, ,CB,17.95,5.86,0.0,2.90,1.0,<Residue GLN het=  resseq=53 icode= >,4u0y_B_B,1.91
434,9.204,GLN, ,CG,20.83,5.38,0.0,2.22,1.0,<Residue GLN het=  resseq=53 icode= >,4u0y_B_B,1.91
435,5.393,GLN, ,CD,25.32,4.09,0.0,3.00,1.0,<Residue GLN het=  resseq=53 icode= >,4u0y_B_B,1.91
436,25.182,GLN, ,OE1,19.24,4.16,14.873,3.89,1.0,<Residue GLN het=  resseq=53 icode= >,4u0y_B_B,1.91
437,35.776,GLN, ,NE2,18.97,2.96,16.538,3.02,1.0,<Residue GLN het=  resseq=53 icode= >,4u0y_B_B,1.91
438,0.0,ALA, ,N,15.52,7.25,0.0,5.00,1.0,<Residue ALA het=  resseq=54 icode= >,4u0y_B_B,1.91
439,0.0,ALA, ,CA,21.11,7.94,0.0,3.91,1.0,<Residue ALA het=  resseq=54 icode= >,4u0y_B_B,1.91
440,0.0,ALA, ,C,20.38,9.44,0.0,4.57,1.0,<Residue ALA het=  resseq=54 icode= >,4u0y_B_B,1.91
441,0.0,ALA, ,O,18.23,10.20,0.0,5.45,1.0,<Residue ALA het=  resseq=54 icode= >,4u0y_B_B,1.91
442,0.0,ALA, ,CB,19.85,7.75,0.0,3.07,1.0,<Residue ALA het=  resseq=54 icode= >,4u0y_B_B,1.91
443,0.0,LEU, ,N,18.33,8.99,0.0,4.96,1.0,<Residue LEU het=  resseq=55 icode= >,4u0y_B_B,1.91
444,0.0,LEU, ,CA,21.71,8.21,0.0,3.47,1.0,<Residue LEU het=  resseq=55 icode= >,4u0y_B_B,1.91
445,0.0,LEU, ,C,20.46,7.67,0.0,4.85,1.0,<Residue LEU het=  resseq=55 icode= >,4u0y_B_B,1.91
446,0.0,LEU, ,O,20.22,7.95,0.0,5.05,1.0,<Residue LEU het=  resseq=55 icode= >,4u0y_B_B,1.91
447,0.0,LEU, ,CB,17.47,7.26,0.0,3.39,1.0,<Residue LEU het=  resseq=55 icode= >,4u0y_B_B,1.91
448,0.0,LEU, ,CG,21.09,6.95,0.0,2.80,1.0,<Residue LEU het=  resseq=55 icode= >,4u0y_B_B,1.91
449,0.393,LEU, ,CD1,19.7,5.53,0.337,2.46,1.0,<Residue LEU het=  resseq=55 icode= >,4u0y_B_B,1.91
450,0.129,LEU, ,CD2,20.97,7.37,0.0,3.01,1.0,<Residue LEU het=  resseq=55 icode= >,4u0y_B_B,1.91
451,0.0,SER, ,N,21.34,7.25,0.0,4.10,1.0,<Residue SER het=  resseq=56 icode= >,4u0y_B_B,1.91
452,0.275,SER, ,CA,22.2,7.09,0.0,3.61,1.0,<Residue SER het=  resseq=56 icode= >,4u0y_B_B,1.91
453,0.679,SER, ,C,22.34,8.46,0.0,4.68,1.0,<Residue SER het=  resseq=56 icode= >,4u0y_B_B,1.91
454,4.464,SER, ,O,23.0,8.69,0.0,4.10,1.0,<Residue SER het=  resseq=56 icode= >,4u0y_B_B,1.91
455,27.068,SER, ,CB,22.8,6.88,0.0,3.26,1.0,<Residue SER het=  resseq=56 icode= >,4u0y_B_B,1.91
456,7.605,SER, ,OG,32.42,5.56,0.0,2.68,1.0,<Residue SER het=  resseq=56 icode= >,4u0y_B_B,1.91
457,0.0,ASN, ,N,24.19,9.53,0.0,3.70,1.0,<Residue ASN het=  resseq=57 icode= >,4u0y_B_B,1.91
458,1.208,ASN, ,CA,24.24,10.00,0.0,2.86,1.0,<Residue ASN het=  resseq=57 icode= >,4u0y_B_B,1.91
459,0.0,ASN, ,C,26.8,11.19,0.0,3.97,1.0,<Residue ASN het=  resseq=57 icode= >,4u0y_B_B,1.91
460,0.141,ASN, ,O,28.54,11.93,0.0,4.05,1.0,<Residue ASN het=  resseq=57 icode= >,4u0y_B_B,1.91
461,4.47,ASN, ,CB,20.82,8.96,0.0,3.02,1.0,<Residue ASN het=  resseq=57 icode= >,4u0y_B_B,1.91
462,5.705,ASN, ,CG,24.64,7.51,0.0,3.95,1.0,<Residue ASN het=  resseq=57 icode= >,4u0y_B_B,1.91
463,30.613,ASN, ,OD1,36.2,7.31,0.0,2.39,1.0,<Residue ASN het=  resseq=57 icode= >,4u0y_B_B,1.91
464,4.234,ASN, ,ND2,28.9,6.71,0.0,1.98,1.0,<Residue ASN het=  resseq=57 icode= >,4u0y_B_B,1.91
465,0.0,LEU, ,N,26.23,10.84,0.0,3.45,1.0,<Residue LEU het=  resseq=58 icode= >,4u0y_B_B,1.91
466,0.0,LEU, ,CA,26.99,11.41,0.0,3.41,1.0,<Residue LEU het=  resseq=58 icode= >,4u0y_B_B,1.91
467,0.0,LEU, ,C,25.87,10.88,0.0,4.60,1.0,<Residue LEU het=  resseq=58 icode= >,4u0y_B_B,1.91
468,0.0,LEU, ,O,28.78,11.72,0.0,3.44,1.0,<Residue LEU het=  resseq=58 icode= >,4u0y_B_B,1.91
469,0.0,LEU, ,CB,22.84,11.41,0.0,3.79,1.0,<Residue LEU het=  resseq=58 icode= >,4u0y_B_B,1.91
470,0.0,LEU, ,CG,29.99,12.32,0.0,2.91,1.0,<Residue LEU het=  resseq=58 icode= >,4u0y_B_B,1.91
471,0.0,LEU, ,CD1,32.97,11.54,0.0,1.20,1.0,<Residue LEU het=  resseq=58 icode= >,4u0y_B_B,1.91
472,0.0,LEU, ,CD2,29.91,13.38,0.0,2.39,1.0,<Residue LEU het=  resseq=58 icode= >,4u0y_B_B,1.91
473,0.0,VAL, ,N,26.72,9.61,0.0,3.69,1.0,<Residue VAL het=  resseq=59 icode= >,4u0y_B_B,1.91
474,0.0,VAL, ,CA,26.5,9.20,0.0,3.41,1.0,<Residue VAL het=  resseq=59 icode= >,4u0y_B_B,1.91
475,0.0,VAL, ,C,29.11,9.93,0.0,3.97,1.0,<Residue VAL het=  resseq=59 icode= >,4u0y_B_B,1.91
476,9.264,VAL, ,O,28.18,10.39,0.0,3.47,1.0,<Residue VAL het=  resseq=59 icode= >,4u0y_B_B,1.91
477,0.0,VAL, ,CB,20.43,7.70,0.0,3.69,1.0,<Residue VAL het=  resseq=59 icode= >,4u0y_B_B,1.91
478,37.136,VAL, ,CG1,24.04,7.23,0.0,2.28,1.0,<Residue VAL het=  resseq=59 icode= >,4u0y_B_B,1.91
479,0.0,VAL, ,CG2,21.95,7.00,0.0,2.46,1.0,<Residue VAL het=  resseq=59 icode= >,4u0y_B_B,1.91
480,0.0,ASN, ,N,27.13,10.25,0.0,3.77,1.0,<Residue ASN het=  resseq=60 icode= >,4u0y_B_B,1.91
481,7.33,ASN, ,CA,33.76,11.13,0.0,2.64,1.0,<Residue ASN het=  resseq=60 icode= >,4u0y_B_B,1.91
482,0.0,ASN, ,C,33.51,12.52,0.0,3.57,1.0,<Residue ASN het=  resseq=60 icode= >,4u0y_B_B,1.91
483,22.44,ASN, ,O,39.01,13.29,0.0,2.16,1.0,<Residue ASN het=  resseq=60 icode= >,4u0y_B_B,1.91
484,9.647,ASN, ,CB,32.65,11.37,0.0,2.29,1.0,<Residue ASN het=  resseq=60 icode= >,4u0y_B_B,1.91
485,5.569,ASN, ,CG,44.97,12.23,1.553,1.80,1.0,<Residue ASN het=  resseq=60 icode= >,4u0y_B_B,1.91
486,38.719,ASN, ,OD1,50.53,11.85,18.923,1.57,1.0,<Residue ASN het=  resseq=60 icode= >,4u0y_B_B,1.91
487,47.313,ASN, ,ND2,50.93,12.29,10.669,0.40,1.0,<Residue ASN het=  resseq=60 icode= >,4u0y_B_B,1.91
488,0.0,GLU, ,N,32.21,12.97,0.0,3.05,1.0,<Residue GLU het=  resseq=61 icode= >,4u0y_B_B,1.91
489,7.117,GLU, ,CA,30.34,14.31,0.0,3.24,1.0,<Residue GLU het=  resseq=61 icode= >,4u0y_B_B,1.91
490,3.329,GLU, ,C,36.0,14.37,0.0,3.12,1.0,<Residue GLU het=  resseq=61 icode= >,4u0y_B_B,1.91
491,19.505,GLU, ,O,36.53,15.49,0.0,2.29,1.0,<Residue GLU het=  resseq=61 icode= >,4u0y_B_B,1.91
492,3.629,GLU, ,CB,29.95,14.56,0.0,2.77,1.0,<Residue GLU het=  resseq=61 icode= >,4u0y_B_B,1.91
493,21.466,GLU, ,CG,36.62,13.26,0.0,1.82,1.0,<Residue GLU het=  resseq=61 icode= >,4u0y_B_B,1.91
494,7.396,GLU, ,CD,39.1,12.79,0.0,2.40,1.0,<Residue GLU het=  resseq=61 icode= >,4u0y_B_B,1.91
495,10.813,GLU, ,OE1,46.69,11.58,0.0,1.65,1.0,<Residue GLU het=  resseq=61 icode= >,4u0y_B_B,1.91
496,11.067,GLU, ,OE2,39.88,13.69,0.0,1.91,1.0,<Residue GLU het=  resseq=61 icode= >,4u0y_B_B,1.91
497,0.051,GLY, ,N,31.38,13.25,0.0,3.10,1.0,<Residue GLY het=  resseq=62 icode= >,4u0y_B_B,1.91
498,30.024,GLY, ,CA,32.47,13.39,0.0,2.57,1.0,<Residue GLY het=  resseq=62 icode= >,4u0y_B_B,1.91
499,0.918,GLY, ,C,36.21,13.67,0.0,3.42,1.0,<Residue GLY het=  resseq=62 icode= >,4u0y_B_B,1.91
500,14.725,GLY, ,O,38.66,14.16,0.0,2.64,1.0,<Residue GLY het=  resseq=62 icode= >,4u0y_B_B,1.91
501,0.0,LEU, ,N,29.51,13.54,0.0,3.66,1.0,<Residue LEU het=  resseq=63 icode= >,4u0y_B_B,1.91
502,4.5,LEU, ,CA,28.2,13.94,0.0,3.82,1.0,<Residue LEU het=  resseq=63 icode= >,4u0y_B_B,1.91
503,0.0,LEU, ,C,32.08,12.59,0.0,3.62,1.0,<Residue LEU het=  resseq=63 icode= >,4u0y_B_B,1.91
504,0.868,LEU, ,O,25.5,12.50,0.0,4.14,1.0,<Residue LEU het=  resseq=63 icode= >,4u0y_B_B,1.91
505,0.0,LEU, ,CB,29.24,14.14,0.0,2.61,1.0,<Residue LEU het=  resseq=63 icode= >,4u0y_B_B,1.91
506,8.081,LEU, ,CG,39.1,15.59,0.0,2.17,1.0,<Residue LEU het=  resseq=63 icode= >,4u0y_B_B,1.91
507,27.959,LEU, ,CD1,39.06,16.14,0.0,0.99,1.0,<Residue LEU het=  resseq=63 icode= >,4u0y_B_B,1.91
508,8.241,LEU, ,CD2,32.56,15.69,0.0,1.31,1.0,<Residue LEU het=  resseq=63 icode= >,4u0y_B_B,1.91
509,0.0,LEU, ,N,30.95,11.67,0.0,3.07,1.0,<Residue LEU het=  resseq=64 icode= >,4u0y_B_B,1.91
510,0.0,LEU, ,CA,23.76,10.39,0.0,3.65,1.0,<Residue LEU het=  resseq=64 icode= >,4u0y_B_B,1.91
511,0.0,LEU, ,C,23.08,10.01,0.0,4.78,1.0,<Residue LEU het=  resseq=64 icode= >,4u0y_B_B,1.91
512,3.362,LEU, ,O,24.13,9.92,0.0,4.35,1.0,<Residue LEU het=  resseq=64 icode= >,4u0y_B_B,1.91
513,0.0,LEU, ,CB,23.63,9.25,0.0,3.03,1.0,<Residue LEU het=  resseq=64 icode= >,4u0y_B_B,1.91
514,0.0,LEU, ,CG,21.88,9.44,0.0,3.26,1.0,<Residue LEU het=  resseq=64 icode= >,4u0y_B_B,1.91
515,0.0,LEU, ,CD1,19.89,8.55,0.0,3.13,1.0,<Residue LEU het=  resseq=64 icode= >,4u0y_B_B,1.91
516,0.028,LEU, ,CD2,22.91,9.48,0.0,2.32,1.0,<Residue LEU het=  resseq=64 icode= >,4u0y_B_B,1.91
517,0.0,TYR, ,N,26.97,9.27,0.0,3.33,1.0,<Residue TYR het=  resseq=65 icode= >,4u0y_B_B,1.91
518,0.312,TYR, ,CA,28.92,8.39,0.0,2.79,1.0,<Residue TYR het=  resseq=65 icode= >,4u0y_B_B,1.91
519,0.0,TYR, ,C,23.58,7.31,0.0,4.58,1.0,<Residue TYR het=  resseq=65 icode= >,4u0y_B_B,1.91
520,0.0,TYR, ,O,22.87,6.80,0.0,4.31,1.0,<Residue TYR het=  resseq=65 icode= >,4u0y_B_B,1.91
521,25.986,TYR, ,CB,27.45,9.12,0.0,2.82,1.0,<Residue TYR het=  resseq=65 icode= >,4u0y_B_B,1.91
522,1.984,TYR, ,CG,27.09,9.87,0.0,3.47,1.0,<Residue TYR het=  resseq=65 icode= >,4u0y_B_B,1.91
523,5.419,TYR, ,CD1,32.72,10.78,0.0,2.24,1.0,<Residue TYR het=  resseq=65 icode= >,4u0y_B_B,1.91
524,6.926,TYR, ,CD2,28.27,9.39,0.0,2.62,1.0,<Residue TYR het=  resseq=65 icode= >,4u0y_B_B,1.91
525,5.345,TYR, ,CE1,31.86,11.20,0.0,2.57,1.0,<Residue TYR het=  resseq=65 icode= >,4u0y_B_B,1.91
526,8.07,TYR, ,CE2,29.68,9.86,0.0,3.10,1.0,<Residue TYR het=  resseq=65 icode= >,4u0y_B_B,1.91
527,4.73,TYR, ,CZ,29.85,10.77,0.0,3.77,1.0,<Residue TYR het=  resseq=65 icode= >,4u0y_B_B,1.91
528,12.228,TYR, ,OH,37.3,11.44,0.0,2.22,1.0,<Residue TYR het=  resseq=65 icode= >,4u0y_B_B,1.91
529,3.286,ARG, ,N,23.32,6.26,0.0,3.56,1.0,<Residue ARG het=  resseq=66 icode= >,4u0y_B_B,1.91
530,0.0,ARG, ,CA,25.66,5.14,0.0,3.00,1.0,<Residue ARG het=  resseq=66 icode= >,4u0y_B_B,1.91
531,0.0,ARG, ,C,25.77,5.41,0.0,3.87,1.0,<Residue ARG het=  resseq=66 icode= >,4u0y_B_B,1.91
532,19.389,ARG, ,O,27.83,5.82,0.0,3.52,1.0,<Residue ARG het=  resseq=66 icode= >,4u0y_B_B,1.91
533,15.28,ARG, ,CB,28.7,3.88,9.553,2.38,1.0,<Residue ARG het=  resseq=66 icode= >,4u0y_B_B,1.91
534,3.173,ARG, ,CG,25.91,4.07,3.173,2.94,1.0,<Residue ARG het=  resseq=66 icode= >,4u0y_B_B,1.91
535,15.304,ARG, ,CD,27.25,3.44,11.814,2.37,1.0,<Residue ARG het=  resseq=66 icode= >,4u0y_B_B,1.91
536,1.58,ARG, ,NE,22.35,3.21,1.58,3.72,1.0,<Residue ARG het=  resseq=66 icode= >,4u0y_B_B,1.91
537,0.021,ARG, ,CZ,30.77,3.20,0.021,2.90,1.0,<Residue ARG het=  resseq=66 icode= >,4u0y_B_B,1.91
538,0.0,ARG, ,NH1,23.21,3.79,0.0,2.55,1.0,<Residue ARG het=  resseq=66 icode= >,4u0y_B_B,1.91
539,18.649,ARG, ,NH2,25.82,3.36,3.286,3.06,1.0,<Residue ARG het=  resseq=66 icode= >,4u0y_B_B,1.91
540,0.0,LEU, ,N,24.43,5.15,0.0,3.77,1.0,<Residue LEU het=  resseq=67 icode= >,4u0y_B_B,1.91
541,1.927,LEU, ,CA,27.71,5.63,0.0,3.40,1.0,<Residue LEU het=  resseq=67 icode= >,4u0y_B_B,1.91
542,0.0,LEU, ,C,27.47,4.64,0.0,3.82,1.0,<Residue LEU het=  resseq=67 icode= >,4u0y_B_B,1.91
543,3.036,LEU, ,O,22.31,3.96,3.036,4.53,1.0,<Residue LEU het=  resseq=67 icode= >,4u0y_B_B,1.91
544,4.011,LEU, ,CB,28.71,6.60,0.0,3.10,1.0,<Residue LEU het=  resseq=67 icode= >,4u0y_B_B,1.91
545,0.0,LEU, ,CG,32.44,7.80,0.0,2.53,1.0,<Residue LEU het=  resseq=67 icode= >,4u0y_B_B,1.91
546,34.621,LEU, ,CD1,29.76,8.63,0.0,2.00,1.0,<Residue LEU het=  resseq=67 icode= >,4u0y_B_B,1.91
547,41.867,LEU, ,CD2,34.58,8.59,0.0,1.87,1.0,<Residue LEU het=  resseq=67 icode= >,4u0y_B_B,1.91
548,5.676,LYS, ,N,26.66,4.92,0.0,3.31,1.0,<Residue LYS het=  resseq=68 icode= >,4u0y_B_B,1.91
549,7.108,LYS, ,CA,26.65,4.46,7.108,2.73,1.0,<Residue LYS het=  resseq=68 icode= >,4u0y_B_B,1.91
550,1.306,LYS, ,C,28.91,4.68,1.306,3.80,1.0,<Residue LYS het=  resseq=68 icode= >,4u0y_B_B,1.91
551,15.312,LYS, ,O,22.96,5.29,6.481,3.97,1.0,<Residue LYS het=  resseq=68 icode= >,4u0y_B_B,1.91
552,12.967,LYS, ,CB,27.48,4.61,4.111,1.61,1.0,<Residue LYS het=  resseq=68 icode= >,4u0y_B_B,1.91
553,23.938,LYS, ,CG,33.16,3.80,12.358,1.92,1.0,<Residue LYS het=  resseq=68 icode= >,4u0y_B_B,1.91
554,39.578,LYS, ,CD,37.72,3.63,21.824,1.18,1.0,<Residue LYS het=  resseq=68 icode= >,4u0y_B_B,1.91
555,44.405,LYS, ,CE,39.1,4.69,1.183,0.95,1.0,<Residue LYS het=  resseq=68 icode= >,4u0y_B_B,1.91
556,40.808,LYS, ,NZ,39.07,3.25,31.526,1.13,1.0,<Residue LYS het=  resseq=68 icode= >,4u0y_B_B,1.91
557,14.461,GLY, ,N,23.79,3.60,13.795,3.60,1.0,<Residue GLY het=  resseq=69 icode= >,4u0y_B_B,1.91
558,41.007,GLY, ,CA,26.44,2.95,40.94,2.57,1.0,<Residue GLY het=  resseq=69 icode= >,4u0y_B_B,1.91
559,4.297,GLY, ,C,28.36,3.36,4.297,3.54,1.0,<Residue GLY het=  resseq=69 icode= >,4u0y_B_B,1.91
560,13.673,GLY, ,O,30.73,3.25,13.609,2.90,1.0,<Residue GLY het=  resseq=69 icode= >,4u0y_B_B,1.91
561,1.707,ARG, ,N,24.47,4.19,1.707,3.97,1.0,<Residue ARG het=  resseq=70 icode= >,4u0y_B_B,1.91
562,0.08,ARG,x,CA,25.39,4.60,0.023,2.83,0.47,<Residue ARG het=  resseq=70 icode= >,4u0y_B_B,1.91
563,3.576,ARG, ,C,23.29,4.01,3.271,3.48,1.0,<Residue ARG het=  resseq=70 icode= >,4u0y_B_B,1.91
564,29.847,ARG, ,O,25.49,3.29,15.527,3.45,1.0,<Residue ARG het=  resseq=70 icode= >,4u0y_B_B,1.91
565,3.67,ARG,x,CB,26.46,5.60,0.0,2.91,0.47,<Residue ARG het=  resseq=70 icode= >,4u0y_B_B,1.91
566,16.004,ARG,x,CG,28.89,4.27,5.079,2.09,0.47,<Residue ARG het=  resseq=70 icode= >,4u0y_B_B,1.91
567,32.027,ARG,x,CD,30.64,3.50,11.775,0.66,0.47,<Residue ARG het=  resseq=70 icode= >,4u0y_B_B,1.91
568,10.565,ARG,x,NE,31.8,2.89,10.565,0.31,0.47,<Residue ARG het=  resseq=70 icode= >,4u0y_B_B,1.91
569,3.799,ARG,x,CZ,29.97,3.67,1.484,1.01,0.47,<Residue ARG het=  resseq=70 icode= >,4u0y_B_B,1.91
570,43.352,ARG,x,NH1,28.13,4.73,0.0,1.20,0.47,<Residue ARG het=  resseq=70 icode= >,4u0y_B_B,1.91
571,48.002,ARG,x,NH2,29.44,3.87,17.081,1.47,0.47,<Residue ARG het=  resseq=70 icode= >,4u0y_B_B,1.91
572,1.388,GLY, ,N,21.83,3.96,1.388,3.86,1.0,<Residue GLY het=  resseq=71 icode= >,4u0y_B_B,1.91
573,20.836,GLY, ,CA,21.57,3.40,17.413,3.78,1.0,<Residue GLY het=  resseq=71 icode= >,4u0y_B_B,1.91
574,1.782,GLY, ,C,20.22,3.48,1.782,5.02,1.0,<Residue GLY het=  resseq=71 icode= >,4u0y_B_B,1.91
575,0.742,GLY, ,O,23.24,3.61,0.742,4.65,1.0,<Residue GLY het=  resseq=71 icode= >,4u0y_B_B,1.91
576,2.563,THR, ,N,20.56,3.43,2.41,4.97,1.0,<Residue THR het=  resseq=72 icode= >,4u0y_B_B,1.91
577,0.0,THR, ,CA,23.6,4.14,0.0,3.55,1.0,<Residue THR het=  resseq=72 icode= >,4u0y_B_B,1.91
578,0.0,THR, ,C,23.28,5.26,0.0,4.04,1.0,<Residue THR het=  resseq=72 icode= >,4u0y_B_B,1.91
579,0.0,THR, ,O,21.94,5.28,0.0,4.35,1.0,<Residue THR het=  resseq=72 icode= >,4u0y_B_B,1.91
580,1.494,THR, ,CB,20.99,3.64,1.37,3.48,1.0,<Residue THR het=  resseq=72 icode= >,4u0y_B_B,1.91
581,9.356,THR, ,OG1,20.94,2.74,9.356,3.87,1.0,<Residue THR het=  resseq=72 icode= >,4u0y_B_B,1.91
582,0.0,THR, ,CG2,21.77,4.99,0.0,2.67,1.0,<Residue THR het=  resseq=72 icode= >,4u0y_B_B,1.91
583,0.0,PHE, ,N,23.39,6.47,0.0,4.04,1.0,<Residue PHE het=  resseq=73 icode= >,4u0y_B_B,1.91
584,0.0,PHE, ,CA,23.09,7.71,0.0,3.97,1.0,<Residue PHE het=  resseq=73 icode= >,4u0y_B_B,1.91
585,0.0,PHE, ,C,26.49,8.74,0.0,4.05,1.0,<Residue PHE het=  resseq=73 icode= >,4u0y_B_B,1.91
586,0.0,PHE, ,O,27.34,8.91,0.0,4.54,1.0,<Residue PHE het=  resseq=73 icode= >,4u0y_B_B,1.91
587,0.0,PHE, ,CB,26.69,8.47,0.0,2.52,1.0,<Residue PHE het=  resseq=73 icode= >,4u0y_B_B,1.91
588,0.0,PHE, ,CG,28.49,7.93,0.0,2.92,1.0,<Residue PHE het=  resseq=73 icode= >,4u0y_B_B,1.91
589,0.0,PHE, ,CD1,25.92,7.01,0.0,2.72,1.0,<Residue PHE het=  resseq=73 icode= >,4u0y_B_B,1.91
590,0.887,PHE, ,CD2,28.46,8.43,0.0,2.73,1.0,<Residue PHE het=  resseq=73 icode= >,4u0y_B_B,1.91
591,0.0,PHE, ,CE1,27.25,6.71,0.0,2.12,1.0,<Residue PHE het=  resseq=73 icode= >,4u0y_B_B,1.91
592,15.124,PHE, ,CE2,28.09,8.30,0.0,3.02,1.0,<Residue PHE het=  resseq=73 icode= >,4u0y_B_B,1.91
593,12.285,PHE, ,CZ,26.65,7.55,0.0,2.68,1.0,<Residue PHE het=  resseq=73 icode= >,4u0y_B_B,1.91
594,0.0,VAL, ,N,26.32,9.65,0.0,3.43,1.0,<Residue VAL het=  resseq=74 icode= >,4u0y_B_B,1.91
595,0.0,VAL, ,CA,29.24,10.87,0.0,2.49,1.0,<Residue VAL het=  resseq=74 icode= >,4u0y_B_B,1.91
596,0.0,VAL, ,C,28.09,11.83,0.0,3.82,1.0,<Residue VAL het=  resseq=74 icode= >,4u0y_B_B,1.91
597,0.0,VAL, ,O,31.01,12.21,0.0,3.51,1.0,<Residue VAL het=  resseq=74 icode= >,4u0y_B_B,1.91
598,0.0,VAL, ,CB,31.85,11.71,0.0,2.98,1.0,<Residue VAL het=  resseq=74 icode= >,4u0y_B_B,1.91
599,5.817,VAL, ,CG1,28.81,13.01,0.0,2.43,1.0,<Residue VAL het=  resseq=74 icode= >,4u0y_B_B,1.91
600,0.0,VAL, ,CG2,28.79,11.07,0.0,2.47,1.0,<Residue VAL het=  resseq=74 icode= >,4u0y_B_B,1.91
601,0.0,SER, ,N,31.02,12.42,0.0,3.50,1.0,<Residue SER het=  resseq=75 icode= >,4u0y_B_B,1.91
602,1.103,SER, ,CA,35.1,13.50,0.0,2.82,1.0,<Residue SER het=  resseq=75 icode= >,4u0y_B_B,1.91
603,17.073,SER, ,C,39.19,14.71,0.0,2.46,1.0,<Residue SER het=  resseq=75 icode= >,4u0y_B_B,1.91
604,26.602,SER, ,O,48.37,15.38,0.0,1.49,1.0,<Residue SER het=  resseq=75 icode= >,4u0y_B_B,1.91
605,22.14,SER, ,CB,31.98,14.01,0.0,2.87,1.0,<Residue SER het=  resseq=75 icode= >,4u0y_B_B,1.91
606,4.9,SER, ,OG,42.5,12.79,0.0,1.77,1.0,<Residue SER het=  resseq=75 icode= >,4u0y_B_B,1.91
