,ASA,aa,altloc,atom,bfac,d2r,dASA,dens,occ,residue,id,resolu
0,48.369,GLY, ,N,85.31,10.11,0.97,1.20,1.0,<Residue GLY het=  resseq=339 icode= >,4uuv_A_A,2.8
1,36.64,GLY, ,CA,87.54,11.07,12.499,1.78,1.0,<Residue GLY het=  resseq=339 icode= >,4uuv_A_A,2.8
2,2.331,GLY, ,C,101.81,11.36,2.331,1.65,1.0,<Residue GLY het=  resseq=339 icode= >,4uuv_A_A,2.8
3,29.274,GLY, ,O,109.17,11.35,12.087,0.74,1.0,<Residue GLY het=  resseq=339 icode= >,4uuv_A_A,2.8
4,1.243,ALA, ,N,90.75,10.58,0.0,1.50,1.0,<Residue ALA het=  resseq=340 icode= >,4uuv_A_A,2.8
5,7.86,ALA, ,CA,82.8,9.55,0.0,1.79,1.0,<Residue ALA het=  resseq=340 icode= >,4uuv_A_A,2.8
6,3.477,ALA, ,C,91.61,8.59,0.0,1.74,1.0,<Residue ALA het=  resseq=340 icode= >,4uuv_A_A,2.8
7,20.79,ALA, ,O,94.62,8.93,0.0,0.70,1.0,<Residue ALA het=  resseq=340 icode= >,4uuv_A_A,2.8
8,60.495,ALA, ,CB,88.51,10.33,23.943,0.19,1.0,<Residue ALA het=  resseq=340 icode= >,4uuv_A_A,2.8
9,2.409,LEU, ,N,92.78,7.61,0.0,1.62,1.0,<Residue LEU het=  resseq=341 icode= >,4uuv_A_A,2.8
10,0.472,LEU, ,CA,72.17,6.90,0.0,2.74,1.0,<Residue LEU het=  resseq=341 icode= >,4uuv_A_A,2.8
11,4.354,LEU, ,C,76.45,5.38,0.0,2.45,1.0,<Residue LEU het=  resseq=341 icode= >,4uuv_A_A,2.8
12,9.954,LEU, ,O,71.15,4.91,0.008,1.24,1.0,<Residue LEU het=  resseq=341 icode= >,4uuv_A_A,2.8
13,0.0,LEU, ,CB,69.31,7.55,0.0,2.32,1.0,<Residue LEU het=  resseq=341 icode= >,4uuv_A_A,2.8
14,0.0,LEU, ,CG,70.88,9.07,0.0,2.09,1.0,<Residue LEU het=  resseq=341 icode= >,4uuv_A_A,2.8
15,23.294,LEU, ,CD1,59.67,9.76,6.55,0.54,1.0,<Residue LEU het=  resseq=341 icode= >,4uuv_A_A,2.8
16,32.874,LEU, ,CD2,73.05,9.72,14.218,0.13,1.0,<Residue LEU het=  resseq=341 icode= >,4uuv_A_A,2.8
17,0.0,GLN, ,N,78.41,4.88,0.0,1.69,1.0,<Residue GLN het=  resseq=342 icode= >,4uuv_A_A,2.8
18,7.146,GLN, ,CA,65.13,3.53,5.148,2.96,1.0,<Residue GLN het=  resseq=342 icode= >,4uuv_A_A,2.8
19,0.0,GLN, ,C,68.56,3.63,0.0,3.14,1.0,<Residue GLN het=  resseq=342 icode= >,4uuv_A_A,2.8
20,0.0,GLN, ,O,69.73,4.76,0.0,1.56,1.0,<Residue GLN het=  resseq=342 icode= >,4uuv_A_A,2.8
21,2.342,GLN, ,CB,59.0,3.43,2.342,2.58,1.0,<Residue GLN het=  resseq=342 icode= >,4uuv_A_A,2.8
22,24.612,GLN, ,CG,65.36,3.92,6.773,1.72,1.0,<Residue GLN het=  resseq=342 icode= >,4uuv_A_A,2.8
23,3.617,GLN, ,CD,67.24,3.88,3.249,2.72,1.0,<Residue GLN het=  resseq=342 icode= >,4uuv_A_A,2.8
24,17.501,GLN, ,OE1,78.09,5.02,0.023,1.24,1.0,<Residue GLN het=  resseq=342 icode= >,4uuv_A_A,2.8
25,15.323,GLN, ,NE2,65.31,2.96,10.152,1.51,1.0,<Residue GLN het=  resseq=342 icode= >,4uuv_A_A,2.8
26,3.065,LEU, ,N,67.79,2.97,3.065,2.69,1.0,<Residue LEU het=  resseq=343 icode= >,4uuv_A_A,2.8
27,0.0,LEU, ,CA,60.36,3.88,0.0,3.13,1.0,<Residue LEU het=  resseq=343 icode= >,4uuv_A_A,2.8
28,0.0,LEU, ,C,64.4,5.21,0.0,3.39,1.0,<Residue LEU het=  resseq=343 icode= >,4uuv_A_A,2.8
29,0.0,LEU, ,O,66.06,6.25,0.0,1.48,1.0,<Residue LEU het=  resseq=343 icode= >,4uuv_A_A,2.8
30,6.155,LEU, ,CB,55.74,3.73,6.155,1.86,1.0,<Residue LEU het=  resseq=343 icode= >,4uuv_A_A,2.8
31,0.0,LEU, ,CG,54.43,4.94,0.0,1.84,1.0,<Residue LEU het=  resseq=343 icode= >,4uuv_A_A,2.8
32,0.0,LEU, ,CD1,52.97,5.61,0.0,0.63,1.0,<Residue LEU het=  resseq=343 icode= >,4uuv_A_A,2.8
33,0.125,LEU, ,CD2,63.07,4.54,0.125,0.09,1.0,<Residue LEU het=  resseq=343 icode= >,4uuv_A_A,2.8
34,0.0,TRP, ,N,58.02,5.00,0.0,2.39,1.0,<Residue TRP het=  resseq=344 icode= >,4uuv_A_A,2.8
35,0.0,TRP, ,CA,59.84,6.16,0.0,3.16,1.0,<Residue TRP het=  resseq=344 icode= >,4uuv_A_A,2.8
36,0.0,TRP, ,C,60.96,7.10,0.0,3.71,1.0,<Residue TRP het=  resseq=344 icode= >,4uuv_A_A,2.8
37,0.0,TRP, ,O,63.7,8.31,0.0,2.00,1.0,<Residue TRP het=  resseq=344 icode= >,4uuv_A_A,2.8
38,0.0,TRP, ,CB,63.82,6.02,0.0,1.07,1.0,<Residue TRP het=  resseq=344 icode= >,4uuv_A_A,2.8
39,0.0,TRP, ,CG,62.36,5.64,0.0,2.67,1.0,<Residue TRP het=  resseq=344 icode= >,4uuv_A_A,2.8
40,0.111,TRP, ,CD1,62.98,4.52,0.0,2.21,1.0,<Residue TRP het=  resseq=344 icode= >,4uuv_A_A,2.8
41,0.0,TRP, ,CD2,58.2,6.72,0.0,3.57,1.0,<Residue TRP het=  resseq=344 icode= >,4uuv_A_A,2.8
42,1.616,TRP, ,NE1,62.84,5.10,0.0,2.28,1.0,<Residue TRP het=  resseq=344 icode= >,4uuv_A_A,2.8
43,0.0,TRP, ,CE2,60.89,6.42,0.0,3.81,1.0,<Residue TRP het=  resseq=344 icode= >,4uuv_A_A,2.8
44,0.563,TRP, ,CE3,63.71,8.09,0.563,1.54,1.0,<Residue TRP het=  resseq=344 icode= >,4uuv_A_A,2.8
45,6.263,TRP, ,CZ2,57.29,7.55,0.0,2.30,1.0,<Residue TRP het=  resseq=344 icode= >,4uuv_A_A,2.8
46,18.825,TRP, ,CZ3,57.46,8.99,18.825,1.93,1.0,<Residue TRP het=  resseq=344 icode= >,4uuv_A_A,2.8
47,22.413,TRP, ,CH2,54.62,8.75,19.513,2.16,1.0,<Residue TRP het=  resseq=344 icode= >,4uuv_A_A,2.8
48,0.0,GLN, ,N,67.9,6.76,0.0,2.65,1.0,<Residue GLN het=  resseq=345 icode= >,4uuv_A_A,2.8
49,2.029,GLN, ,CA,60.25,7.93,2.029,3.22,1.0,<Residue GLN het=  resseq=345 icode= >,4uuv_A_A,2.8
50,0.0,GLN, ,C,64.79,8.56,0.0,3.67,1.0,<Residue GLN het=  resseq=345 icode= >,4uuv_A_A,2.8
51,3.823,GLN, ,O,67.14,9.77,3.823,2.17,1.0,<Residue GLN het=  resseq=345 icode= >,4uuv_A_A,2.8
52,4.788,GLN, ,CB,62.02,7.75,4.788,2.00,1.0,<Residue GLN het=  resseq=345 icode= >,4uuv_A_A,2.8
53,1.593,GLN, ,CG,60.64,7.36,1.593,1.71,1.0,<Residue GLN het=  resseq=345 icode= >,4uuv_A_A,2.8
54,1.499,GLN, ,CD,55.94,7.65,0.0,3.19,1.0,<Residue GLN het=  resseq=345 icode= >,4uuv_A_A,2.8
55,8.268,GLN, ,OE1,64.68,6.92,0.0,1.59,1.0,<Residue GLN het=  resseq=345 icode= >,4uuv_A_A,2.8
56,44.398,GLN, ,NE2,65.71,8.94,24.604,0.96,1.0,<Residue GLN het=  resseq=345 icode= >,4uuv_A_A,2.8
57,0.0,PHE, ,N,65.22,7.72,0.0,2.73,1.0,<Residue PHE het=  resseq=346 icode= >,4uuv_A_A,2.8
58,0.0,PHE, ,CA,56.94,8.36,0.0,2.89,1.0,<Residue PHE het=  resseq=346 icode= >,4uuv_A_A,2.8
59,0.0,PHE, ,C,63.45,9.37,0.0,3.27,1.0,<Residue PHE het=  resseq=346 icode= >,4uuv_A_A,2.8
60,0.0,PHE, ,O,64.18,10.52,0.0,2.04,1.0,<Residue PHE het=  resseq=346 icode= >,4uuv_A_A,2.8
61,0.0,PHE, ,CB,58.77,7.49,0.0,1.48,1.0,<Residue PHE het=  resseq=346 icode= >,4uuv_A_A,2.8
62,0.0,PHE, ,CG,59.38,8.46,0.0,1.97,1.0,<Residue PHE het=  resseq=346 icode= >,4uuv_A_A,2.8
63,2.305,PHE, ,CD1,62.36,9.16,0.0,1.24,1.0,<Residue PHE het=  resseq=346 icode= >,4uuv_A_A,2.8
64,0.007,PHE, ,CD2,61.06,8.91,0.0,1.58,1.0,<Residue PHE het=  resseq=346 icode= >,4uuv_A_A,2.8
65,11.297,PHE, ,CE1,61.89,9.92,0.0,1.39,1.0,<Residue PHE het=  resseq=346 icode= >,4uuv_A_A,2.8
66,0.0,PHE, ,CE2,58.78,9.49,0.0,1.57,1.0,<Residue PHE het=  resseq=346 icode= >,4uuv_A_A,2.8
67,1.561,PHE, ,CZ,65.95,9.88,0.0,1.73,1.0,<Residue PHE het=  resseq=346 icode= >,4uuv_A_A,2.8
68,0.0,LEU, ,N,63.61,9.10,0.0,2.53,1.0,<Residue LEU het=  resseq=347 icode= >,4uuv_A_A,2.8
69,0.0,LEU, ,CA,58.19,10.22,0.0,3.30,1.0,<Residue LEU het=  resseq=347 icode= >,4uuv_A_A,2.8
70,0.0,LEU, ,C,59.0,11.35,0.0,4.01,1.0,<Residue LEU het=  resseq=347 icode= >,4uuv_A_A,2.8
71,0.0,LEU, ,O,59.1,12.51,0.0,2.06,1.0,<Residue LEU het=  resseq=347 icode= >,4uuv_A_A,2.8
72,0.0,LEU, ,CB,53.01,9.92,0.0,2.08,1.0,<Residue LEU het=  resseq=347 icode= >,4uuv_A_A,2.8
73,0.0,LEU, ,CG,53.46,9.08,0.0,2.44,1.0,<Residue LEU het=  resseq=347 icode= >,4uuv_A_A,2.8
74,0.0,LEU, ,CD1,51.27,9.05,0.0,0.69,1.0,<Residue LEU het=  resseq=347 icode= >,4uuv_A_A,2.8
75,0.021,LEU, ,CD2,46.9,9.87,0.0,0.55,1.0,<Residue LEU het=  resseq=347 icode= >,4uuv_A_A,2.8
76,0.0,VAL, ,N,57.25,11.08,0.0,3.46,1.0,<Residue VAL het=  resseq=348 icode= >,4uuv_A_A,2.8
77,0.0,VAL, ,CA,68.06,12.11,0.0,2.95,1.0,<Residue VAL het=  resseq=348 icode= >,4uuv_A_A,2.8
78,0.0,VAL, ,C,72.04,13.09,0.0,3.01,1.0,<Residue VAL het=  resseq=348 icode= >,4uuv_A_A,2.8
79,0.497,VAL, ,O,72.14,14.30,0.0,1.37,1.0,<Residue VAL het=  resseq=348 icode= >,4uuv_A_A,2.8
80,0.007,VAL, ,CB,66.56,11.64,0.007,2.23,1.0,<Residue VAL het=  resseq=348 icode= >,4uuv_A_A,2.8
81,46.206,VAL, ,CG1,71.83,12.86,44.788,-0.24,1.0,<Residue VAL het=  resseq=348 icode= >,4uuv_A_A,2.8
82,9.69,VAL, ,CG2,65.8,11.18,9.69,0.67,1.0,<Residue VAL het=  resseq=348 icode= >,4uuv_A_A,2.8
83,0.202,ALA, ,N,69.98,12.49,0.202,2.42,1.0,<Residue ALA het=  resseq=349 icode= >,4uuv_A_A,2.8
84,8.064,ALA, ,CA,64.56,13.34,7.257,2.56,1.0,<Residue ALA het=  resseq=349 icode= >,4uuv_A_A,2.8
85,0.806,ALA, ,C,65.86,14.20,0.0,3.33,1.0,<Residue ALA het=  resseq=349 icode= >,4uuv_A_A,2.8
86,8.614,ALA, ,O,68.24,15.40,0.0,1.64,1.0,<Residue ALA het=  resseq=349 icode= >,4uuv_A_A,2.8
87,35.064,ALA, ,CB,61.83,12.63,11.237,0.32,1.0,<Residue ALA het=  resseq=349 icode= >,4uuv_A_A,2.8
88,0.0,LEU, ,N,67.55,13.69,0.0,2.25,1.0,<Residue LEU het=  resseq=350 icode= >,4uuv_A_A,2.8
89,0.15,LEU, ,CA,68.28,14.62,0.0,2.73,1.0,<Residue LEU het=  resseq=350 icode= >,4uuv_A_A,2.8
90,0.0,LEU, ,C,66.08,15.61,0.0,3.30,1.0,<Residue LEU het=  resseq=350 icode= >,4uuv_A_A,2.8
91,0.216,LEU, ,O,67.79,16.77,0.0,1.75,1.0,<Residue LEU het=  resseq=350 icode= >,4uuv_A_A,2.8
92,0.0,LEU, ,CB,60.08,13.97,0.0,1.97,1.0,<Residue LEU het=  resseq=350 icode= >,4uuv_A_A,2.8
93,0.0,LEU, ,CG,64.06,13.14,0.0,2.15,1.0,<Residue LEU het=  resseq=350 icode= >,4uuv_A_A,2.8
94,0.0,LEU, ,CD1,64.83,12.50,0.0,0.88,1.0,<Residue LEU het=  resseq=350 icode= >,4uuv_A_A,2.8
95,23.22,LEU, ,CD2,61.3,14.06,0.0,-0.02,1.0,<Residue LEU het=  resseq=350 icode= >,4uuv_A_A,2.8
96,0.0,LEU, ,N,64.29,15.24,0.0,3.18,1.0,<Residue LEU het=  resseq=351 icode= >,4uuv_A_A,2.8
97,0.556,LEU, ,CA,61.08,16.23,0.0,3.27,1.0,<Residue LEU het=  resseq=351 icode= >,4uuv_A_A,2.8
98,0.0,LEU, ,C,64.47,17.32,0.0,3.67,1.0,<Residue LEU het=  resseq=351 icode= >,4uuv_A_A,2.8
99,13.098,LEU, ,O,75.6,18.40,0.0,1.41,1.0,<Residue LEU het=  resseq=351 icode= >,4uuv_A_A,2.8
100,0.053,LEU, ,CB,66.9,15.56,0.0,1.80,1.0,<Residue LEU het=  resseq=351 icode= >,4uuv_A_A,2.8
101,0.0,LEU, ,CG,64.66,14.92,0.0,2.34,1.0,<Residue LEU het=  resseq=351 icode= >,4uuv_A_A,2.8
102,0.0,LEU, ,CD1,65.96,13.92,0.0,0.58,1.0,<Residue LEU het=  resseq=351 icode= >,4uuv_A_A,2.8
103,0.0,LEU, ,CD2,69.13,14.72,0.0,0.61,1.0,<Residue LEU het=  resseq=351 icode= >,4uuv_A_A,2.8
104,0.043,ASP, ,N,72.62,17.09,0.0,2.71,1.0,<Residue ASP het=  resseq=352 icode= >,4uuv_A_A,2.8
105,6.151,ASP, ,CA,74.61,16.64,0.0,2.31,1.0,<Residue ASP het=  resseq=352 icode= >,4uuv_A_A,2.8
106,0.03,ASP, ,C,77.51,16.85,0.0,2.47,1.0,<Residue ASP het=  resseq=352 icode= >,4uuv_A_A,2.8
107,14.906,ASP, ,O,80.27,16.66,0.0,1.17,1.0,<Residue ASP het=  resseq=352 icode= >,4uuv_A_A,2.8
108,12.167,ASP, ,CB,68.41,15.25,9.239,1.71,1.0,<Residue ASP het=  resseq=352 icode= >,4uuv_A_A,2.8
109,9.143,ASP, ,CG,75.14,14.16,7.303,2.28,1.0,<Residue ASP het=  resseq=352 icode= >,4uuv_A_A,2.8
110,32.526,ASP, ,OD1,80.16,13.73,3.416,1.49,1.0,<Residue ASP het=  resseq=352 icode= >,4uuv_A_A,2.8
111,40.54,ASP, ,OD2,81.54,13.87,14.483,1.16,1.0,<Residue ASP het=  resseq=352 icode= >,4uuv_A_A,2.8
112,0.0,ASP, ,N,78.23,17.40,0.0,2.14,1.0,<Residue ASP het=  resseq=353 icode= >,4uuv_A_A,2.8
113,1.61,ASP, ,CA,72.13,17.78,0.0,3.04,1.0,<Residue ASP het=  resseq=353 icode= >,4uuv_A_A,2.8
114,0.09,ASP, ,C,77.44,19.16,0.0,3.23,1.0,<Residue ASP het=  resseq=353 icode= >,4uuv_A_A,2.8
115,2.766,ASP, ,O,82.63,20.02,0.0,1.55,1.0,<Residue ASP het=  resseq=353 icode= >,4uuv_A_A,2.8
116,12.991,ASP, ,CB,73.19,17.89,0.0,2.04,1.0,<Residue ASP het=  resseq=353 icode= >,4uuv_A_A,2.8
117,8.336,ASP, ,CG,85.03,18.21,0.0,1.75,1.0,<Residue ASP het=  resseq=353 icode= >,4uuv_A_A,2.8
118,17.189,ASP, ,OD1,89.45,17.78,0.0,0.92,1.0,<Residue ASP het=  resseq=353 icode= >,4uuv_A_A,2.8
119,14.905,ASP, ,OD2,89.65,19.01,0.0,0.88,1.0,<Residue ASP het=  resseq=353 icode= >,4uuv_A_A,2.8
120,0.0,PRO, ,N,82.35,1000.00,0.0,2.81,1.0,<Residue PRO het=  resseq=354 icode= >,4uuv_A_A,2.8
121,9.476,PRO, ,CA,76.77,1000.00,0.0,2.10,1.0,<Residue PRO het=  resseq=354 icode= >,4uuv_A_A,2.8
122,0.744,PRO, ,C,76.11,1000.00,0.0,2.75,1.0,<Residue PRO het=  resseq=354 icode= >,4uuv_A_A,2.8
123,10.841,PRO, ,O,65.75,1000.00,0.0,1.78,1.0,<Residue PRO het=  resseq=354 icode= >,4uuv_A_A,2.8
124,37.957,PRO, ,CB,77.91,1000.00,0.0,0.50,1.0,<Residue PRO het=  resseq=354 icode= >,4uuv_A_A,2.8
125,33.053,PRO, ,CG,74.73,1000.00,0.0,0.79,1.0,<Residue PRO het=  resseq=354 icode= >,4uuv_A_A,2.8
126,14.974,PRO, ,CD,75.13,1000.00,0.0,1.31,1.0,<Residue PRO het=  resseq=354 icode= >,4uuv_A_A,2.8
127,0.0,THR, ,N,86.04,1000.00,0.0,1.82,1.0,<Residue THR het=  resseq=355 icode= >,4uuv_A_A,2.8
128,8.766,THR, ,CA,83.88,1000.00,0.0,1.99,1.0,<Residue THR het=  resseq=355 icode= >,4uuv_A_A,2.8
129,1.609,THR, ,C,75.6,1000.00,0.0,2.66,1.0,<Residue THR het=  resseq=355 icode= >,4uuv_A_A,2.8
130,12.603,THR, ,O,79.26,1000.00,0.0,1.43,1.0,<Residue THR het=  resseq=355 icode= >,4uuv_A_A,2.8
131,15.548,THR, ,CB,85.36,1000.00,0.0,1.51,1.0,<Residue THR het=  resseq=355 icode= >,4uuv_A_A,2.8
132,8.399,THR, ,OG1,76.54,1000.00,0.0,1.34,1.0,<Residue THR het=  resseq=355 icode= >,4uuv_A_A,2.8
133,53.759,THR, ,CG2,89.23,1000.00,0.0,-0.20,1.0,<Residue THR het=  resseq=355 icode= >,4uuv_A_A,2.8
134,0.0,ASN, ,N,74.89,1000.00,0.0,2.56,1.0,<Residue ASN het=  resseq=356 icode= >,4uuv_A_A,2.8
135,0.0,ASN, ,CA,73.63,1000.00,0.0,2.47,1.0,<Residue ASN het=  resseq=356 icode= >,4uuv_A_A,2.8
136,0.0,ASN, ,C,75.15,1000.00,0.0,3.08,1.0,<Residue ASN het=  resseq=356 icode= >,4uuv_A_A,2.8
137,0.0,ASN, ,O,73.06,1000.00,0.0,1.85,1.0,<Residue ASN het=  resseq=356 icode= >,4uuv_A_A,2.8
138,0.0,ASN, ,CB,68.91,1000.00,0.0,1.52,1.0,<Residue ASN het=  resseq=356 icode= >,4uuv_A_A,2.8
139,0.244,ASN, ,CG,69.36,1000.00,0.0,2.39,1.0,<Residue ASN het=  resseq=356 icode= >,4uuv_A_A,2.8
140,14.96,ASN, ,OD1,77.24,1000.00,0.0,1.15,1.0,<Residue ASN het=  resseq=356 icode= >,4uuv_A_A,2.8
141,6.225,ASN, ,ND2,65.96,1000.00,0.0,1.19,1.0,<Residue ASN het=  resseq=356 icode= >,4uuv_A_A,2.8
142,0.696,ALA, ,N,71.3,18.25,0.0,2.42,1.0,<Residue ALA het=  resseq=357 icode= >,4uuv_A_A,2.8
143,0.75,ALA, ,CA,69.67,17.63,0.0,2.33,1.0,<Residue ALA het=  resseq=357 icode= >,4uuv_A_A,2.8
144,1.361,ALA, ,C,70.18,16.89,0.0,3.35,1.0,<Residue ALA het=  resseq=357 icode= >,4uuv_A_A,2.8
145,8.68,ALA, ,O,67.11,16.26,0.0,2.00,1.0,<Residue ALA het=  resseq=357 icode= >,4uuv_A_A,2.8
146,41.664,ALA, ,CB,66.61,18.71,0.0,-0.08,1.0,<Residue ALA het=  resseq=357 icode= >,4uuv_A_A,2.8
147,1.019,HIS, ,N,74.85,17.04,0.0,2.92,1.0,<Residue HIS het=  resseq=358 icode= >,4uuv_A_A,2.8
148,8.274,HIS, ,CA,76.06,16.56,0.427,2.75,1.0,<Residue HIS het=  resseq=358 icode= >,4uuv_A_A,2.8
149,0.0,HIS, ,C,79.25,15.23,0.0,3.15,1.0,<Residue HIS het=  resseq=358 icode= >,4uuv_A_A,2.8
150,3.007,HIS, ,O,72.35,14.75,2.582,2.05,1.0,<Residue HIS het=  resseq=358 icode= >,4uuv_A_A,2.8
151,34.45,HIS, ,CB,66.76,17.66,14.383,2.19,1.0,<Residue HIS het=  resseq=358 icode= >,4uuv_A_A,2.8
152,2.409,HIS, ,CG,71.09,17.85,0.942,3.33,1.0,<Residue HIS het=  resseq=358 icode= >,4uuv_A_A,2.8
153,9.548,HIS, ,ND1,83.38,18.69,0.0,1.82,1.0,<Residue HIS het=  resseq=358 icode= >,4uuv_A_A,2.8
154,13.167,HIS, ,CD2,76.55,17.46,13.063,2.12,1.0,<Residue HIS het=  resseq=358 icode= >,4uuv_A_A,2.8
155,24.35,HIS, ,CE1,84.65,18.81,0.0,1.17,1.0,<Residue HIS het=  resseq=358 icode= >,4uuv_A_A,2.8
156,21.08,HIS, ,NE2,85.46,18.09,6.83,1.44,1.0,<Residue HIS het=  resseq=358 icode= >,4uuv_A_A,2.8
157,0.0,PHE, ,N,72.36,14.75,0.0,2.74,1.0,<Residue PHE het=  resseq=359 icode= >,4uuv_A_A,2.8
158,0.0,PHE, ,CA,59.23,13.49,0.0,3.67,1.0,<Residue PHE het=  resseq=359 icode= >,4uuv_A_A,2.8
159,0.0,PHE, ,C,66.45,12.73,0.0,3.86,1.0,<Residue PHE het=  resseq=359 icode= >,4uuv_A_A,2.8
160,0.0,PHE, ,O,59.78,11.64,0.0,2.22,1.0,<Residue PHE het=  resseq=359 icode= >,4uuv_A_A,2.8
161,0.0,PHE, ,CB,58.05,13.86,0.0,1.93,1.0,<Residue PHE het=  resseq=359 icode= >,4uuv_A_A,2.8
162,0.0,PHE, ,CG,69.52,14.69,0.0,2.26,1.0,<Residue PHE het=  resseq=359 icode= >,4uuv_A_A,2.8
163,0.0,PHE, ,CD1,67.95,14.21,0.0,1.49,1.0,<Residue PHE het=  resseq=359 icode= >,4uuv_A_A,2.8
164,0.085,PHE, ,CD2,65.82,16.07,0.0,1.54,1.0,<Residue PHE het=  resseq=359 icode= >,4uuv_A_A,2.8
165,0.0,PHE, ,CE1,61.67,15.15,0.0,1.82,1.0,<Residue PHE het=  resseq=359 icode= >,4uuv_A_A,2.8
166,7.515,PHE, ,CE2,61.72,16.91,0.0,1.78,1.0,<Residue PHE het=  resseq=359 icode= >,4uuv_A_A,2.8
167,1.623,PHE, ,CZ,64.36,16.48,0.0,2.14,1.0,<Residue PHE het=  resseq=359 icode= >,4uuv_A_A,2.8
168,0.0,ILE, ,N,65.56,13.43,0.0,2.64,1.0,<Residue ILE het=  resseq=360 icode= >,4uuv_A_A,2.8
169,0.0,ILE, ,CA,57.51,13.01,0.0,2.86,1.0,<Residue ILE het=  resseq=360 icode= >,4uuv_A_A,2.8
170,0.0,ILE, ,C,61.44,14.09,0.0,3.34,1.0,<Residue ILE het=  resseq=360 icode= >,4uuv_A_A,2.8
171,1.858,ILE, ,O,68.37,15.27,0.0,1.98,1.0,<Residue ILE het=  resseq=360 icode= >,4uuv_A_A,2.8
172,0.0,ILE, ,CB,56.87,12.95,0.0,2.62,1.0,<Residue ILE het=  resseq=360 icode= >,4uuv_A_A,2.8
173,0.0,ILE, ,CG1,58.09,12.53,0.0,1.81,1.0,<Residue ILE het=  resseq=360 icode= >,4uuv_A_A,2.8
174,0.0,ILE, ,CG2,65.36,14.36,0.0,0.51,1.0,<Residue ILE het=  resseq=360 icode= >,4uuv_A_A,2.8
175,0.0,ILE, ,CD1,54.18,12.68,0.0,1.14,1.0,<Residue ILE het=  resseq=360 icode= >,4uuv_A_A,2.8
176,0.0,ALA, ,N,51.3,13.71,0.0,2.64,1.0,<Residue ALA het=  resseq=361 icode= >,4uuv_A_A,2.8
177,2.137,ALA, ,CA,60.44,14.64,0.0,2.72,1.0,<Residue ALA het=  resseq=361 icode= >,4uuv_A_A,2.8
178,0.0,ALA, ,C,61.81,14.12,0.0,3.75,1.0,<Residue ALA het=  resseq=361 icode= >,4uuv_A_A,2.8
179,0.857,ALA, ,O,58.15,12.94,0.0,2.37,1.0,<Residue ALA het=  resseq=361 icode= >,4uuv_A_A,2.8
180,24.504,ALA, ,CB,62.19,15.26,0.0,0.48,1.0,<Residue ALA het=  resseq=361 icode= >,4uuv_A_A,2.8
181,2.358,TRP, ,N,63.15,15.12,0.0,2.37,1.0,<Residue TRP het=  resseq=362 icode= >,4uuv_A_A,2.8
182,0.0,TRP, ,CA,60.94,15.01,0.0,3.22,1.0,<Residue TRP het=  resseq=362 icode= >,4uuv_A_A,2.8
183,0.084,TRP, ,C,64.1,14.83,0.0,3.26,1.0,<Residue TRP het=  resseq=362 icode= >,4uuv_A_A,2.8
184,19.161,TRP, ,O,72.58,15.22,0.0,1.35,1.0,<Residue TRP het=  resseq=362 icode= >,4uuv_A_A,2.8
185,16.777,TRP, ,CB,55.16,16.34,3.126,2.19,1.0,<Residue TRP het=  resseq=362 icode= >,4uuv_A_A,2.8
186,2.007,TRP, ,CG,51.45,16.79,2.007,3.79,1.0,<Residue TRP het=  resseq=362 icode= >,4uuv_A_A,2.8
187,19.647,TRP, ,CD1,60.25,17.77,3.275,3.12,1.0,<Residue TRP het=  resseq=362 icode= >,4uuv_A_A,2.8
188,2.768,TRP, ,CD2,63.66,16.46,2.768,3.27,1.0,<Residue TRP het=  resseq=362 icode= >,4uuv_A_A,2.8
189,11.729,TRP, ,NE1,61.33,18.06,5.362,2.69,1.0,<Residue TRP het=  resseq=362 icode= >,4uuv_A_A,2.8
190,3.285,TRP, ,CE2,63.97,17.29,3.285,2.96,1.0,<Residue TRP het=  resseq=362 icode= >,4uuv_A_A,2.8
191,1.977,TRP, ,CE3,59.47,15.65,1.977,1.58,1.0,<Residue TRP het=  resseq=362 icode= >,4uuv_A_A,2.8
192,12.756,TRP, ,CZ2,62.84,17.39,11.792,1.53,1.0,<Residue TRP het=  resseq=362 icode= >,4uuv_A_A,2.8
193,0.881,TRP, ,CZ3,65.04,15.74,0.881,2.22,1.0,<Residue TRP het=  resseq=362 icode= >,4uuv_A_A,2.8
194,9.503,TRP, ,CH2,65.22,16.62,9.503,1.50,1.0,<Residue TRP het=  resseq=362 icode= >,4uuv_A_A,2.8
195,0.0,THR, ,N,62.86,14.42,0.0,2.99,1.0,<Residue THR het=  resseq=363 icode= >,4uuv_A_A,2.8
196,6.463,THR, ,CA,67.51,14.41,0.0,2.74,1.0,<Residue THR het=  resseq=363 icode= >,4uuv_A_A,2.8
197,3.114,THR, ,C,73.4,15.75,0.0,2.47,1.0,<Residue THR het=  resseq=363 icode= >,4uuv_A_A,2.8
198,27.863,THR, ,O,83.87,16.18,0.0,1.29,1.0,<Residue THR het=  resseq=363 icode= >,4uuv_A_A,2.8
199,9.464,THR, ,CB,65.86,13.29,0.0,2.59,1.0,<Residue THR het=  resseq=363 icode= >,4uuv_A_A,2.8
200,0.0,THR, ,OG1,74.21,13.55,0.0,1.41,1.0,<Residue THR het=  resseq=363 icode= >,4uuv_A_A,2.8
201,13.662,THR, ,CG2,62.15,11.92,0.0,1.04,1.0,<Residue THR het=  resseq=363 icode= >,4uuv_A_A,2.8
202,0.666,GLY, ,N,75.01,16.52,0.0,2.08,1.0,<Residue GLY het=  resseq=364 icode= >,4uuv_A_A,2.8
203,37.309,GLY, ,CA,71.61,17.84,0.0,1.74,1.0,<Residue GLY het=  resseq=364 icode= >,4uuv_A_A,2.8
204,4.765,GLY, ,C,75.58,17.87,0.0,2.68,1.0,<Residue GLY het=  resseq=364 icode= >,4uuv_A_A,2.8
205,32.257,GLY, ,O,83.4,18.96,0.0,1.27,1.0,<Residue GLY het=  resseq=364 icode= >,4uuv_A_A,2.8
206,0.0,ARG, ,N,74.03,16.73,0.0,2.34,1.0,<Residue ARG het=  resseq=365 icode= >,4uuv_A_A,2.8
207,4.716,ARG, ,CA,74.59,16.79,0.0,2.37,1.0,<Residue ARG het=  resseq=365 icode= >,4uuv_A_A,2.8
208,0.613,ARG, ,C,74.64,16.57,0.0,2.55,1.0,<Residue ARG het=  resseq=365 icode= >,4uuv_A_A,2.8
209,4.461,ARG, ,O,83.46,15.51,0.0,1.30,1.0,<Residue ARG het=  resseq=365 icode= >,4uuv_A_A,2.8
210,9.506,ARG, ,CB,81.55,15.87,0.0,1.33,1.0,<Residue ARG het=  resseq=365 icode= >,4uuv_A_A,2.8
211,20.475,ARG, ,CG,86.2,16.15,0.0,1.19,1.0,<Residue ARG het=  resseq=365 icode= >,4uuv_A_A,2.8
212,27.236,ARG, ,CD,90.3,15.58,0.0,1.55,1.0,<Residue ARG het=  resseq=365 icode= >,4uuv_A_A,2.8
213,17.845,ARG, ,NE,94.3,15.90,0.0,1.86,1.0,<Residue ARG het=  resseq=365 icode= >,4uuv_A_A,2.8
214,6.838,ARG, ,CZ,101.2,15.14,0.0,2.01,1.0,<Residue ARG het=  resseq=365 icode= >,4uuv_A_A,2.8
215,22.695,ARG, ,NH1,104.77,13.91,0.0,0.88,1.0,<Residue ARG het=  resseq=365 icode= >,4uuv_A_A,2.8
216,59.164,ARG, ,NH2,100.66,15.70,0.0,1.08,1.0,<Residue ARG het=  resseq=365 icode= >,4uuv_A_A,2.8
217,11.51,GLY, ,N,72.61,17.68,0.0,2.20,1.0,<Residue GLY het=  resseq=366 icode= >,4uuv_A_A,2.8
218,40.234,GLY, ,CA,60.68,17.78,3.792,2.41,1.0,<Residue GLY het=  resseq=366 icode= >,4uuv_A_A,2.8
219,2.802,GLY, ,C,66.58,17.26,2.137,3.24,1.0,<Residue GLY het=  resseq=366 icode= >,4uuv_A_A,2.8
220,14.553,GLY, ,O,70.64,17.36,10.69,1.92,1.0,<Residue GLY het=  resseq=366 icode= >,4uuv_A_A,2.8
221,7.852,MET, ,N,71.05,16.85,0.17,2.56,1.0,<Residue MET het=  resseq=367 icode= >,4uuv_A_A,2.8
222,1.025,MET, ,CA,66.01,16.41,1.025,2.76,1.0,<Residue MET het=  resseq=367 icode= >,4uuv_A_A,2.8
223,0.027,MET, ,C,59.76,14.89,0.0,4.09,1.0,<Residue MET het=  resseq=367 icode= >,4uuv_A_A,2.8
224,0.0,MET, ,O,62.58,14.33,0.0,2.89,1.0,<Residue MET het=  resseq=367 icode= >,4uuv_A_A,2.8
225,0.424,MET, ,CB,62.91,16.58,0.0,1.95,1.0,<Residue MET het=  resseq=367 icode= >,4uuv_A_A,2.8
226,27.23,MET, ,CG,66.02,17.10,26.374,1.99,1.0,<Residue MET het=  resseq=367 icode= >,4uuv_A_A,2.8
227,41.759,MET, ,SD,105.39,16.06,38.028,1.26,1.0,<Residue MET het=  resseq=367 icode= >,4uuv_A_A,2.8
228,15.496,MET, ,CE,76.9,16.05,8.515,0.83,1.0,<Residue MET het=  resseq=367 icode= >,4uuv_A_A,2.8
229,0.0,GLU, ,N,58.78,14.34,0.0,3.46,1.0,<Residue GLU het=  resseq=368 icode= >,4uuv_A_A,2.8
230,0.0,GLU, ,CA,58.52,12.91,0.0,3.57,1.0,<Residue GLU het=  resseq=368 icode= >,4uuv_A_A,2.8
231,0.0,GLU, ,C,63.97,12.59,0.0,3.88,1.0,<Residue GLU het=  resseq=368 icode= >,4uuv_A_A,2.8
232,0.0,GLU, ,O,58.98,13.38,0.0,3.03,1.0,<Residue GLU het=  resseq=368 icode= >,4uuv_A_A,2.8
233,0.969,GLU, ,CB,67.67,12.65,0.0,1.72,1.0,<Residue GLU het=  resseq=368 icode= >,4uuv_A_A,2.8
234,0.0,GLU, ,CG,75.26,11.37,0.0,1.19,1.0,<Residue GLU het=  resseq=368 icode= >,4uuv_A_A,2.8
235,0.0,GLU, ,CD,80.86,11.49,0.0,2.07,1.0,<Residue GLU het=  resseq=368 icode= >,4uuv_A_A,2.8
236,2.113,GLU, ,OE1,85.05,11.71,0.0,1.21,1.0,<Residue GLU het=  resseq=368 icode= >,4uuv_A_A,2.8
237,11.182,GLU, ,OE2,93.51,11.57,0.0,0.67,1.0,<Residue GLU het=  resseq=368 icode= >,4uuv_A_A,2.8
238,0.0,PHE, ,N,60.75,11.58,0.0,3.13,1.0,<Residue PHE het=  resseq=369 icode= >,4uuv_A_A,2.8
239,0.0,PHE, ,CA,64.06,11.44,0.0,3.33,1.0,<Residue PHE het=  resseq=369 icode= >,4uuv_A_A,2.8
240,0.0,PHE, ,C,63.43,10.04,0.0,3.80,1.0,<Residue PHE het=  resseq=369 icode= >,4uuv_A_A,2.8
241,0.0,PHE, ,O,64.36,9.06,0.0,2.43,1.0,<Residue PHE het=  resseq=369 icode= >,4uuv_A_A,2.8
242,0.0,PHE, ,CB,62.44,12.08,0.0,2.08,1.0,<Residue PHE het=  resseq=369 icode= >,4uuv_A_A,2.8
243,0.0,PHE, ,CG,58.17,11.46,0.0,3.20,1.0,<Residue PHE het=  resseq=369 icode= >,4uuv_A_A,2.8
244,0.0,PHE, ,CD1,53.2,11.84,0.0,3.09,1.0,<Residue PHE het=  resseq=369 icode= >,4uuv_A_A,2.8
245,0.0,PHE, ,CD2,57.98,10.72,0.0,2.10,1.0,<Residue PHE het=  resseq=369 icode= >,4uuv_A_A,2.8
246,0.0,PHE, ,CE1,55.73,11.52,0.0,2.49,1.0,<Residue PHE het=  resseq=369 icode= >,4uuv_A_A,2.8
247,0.0,PHE, ,CE2,52.67,10.28,0.0,2.27,1.0,<Residue PHE het=  resseq=369 icode= >,4uuv_A_A,2.8
248,0.0,PHE, ,CZ,52.21,10.77,0.0,2.20,1.0,<Residue PHE het=  resseq=369 icode= >,4uuv_A_A,2.8
249,0.0,LYS, ,N,59.75,10.07,0.0,2.89,1.0,<Residue LYS het=  resseq=370 icode= >,4uuv_A_A,2.8
250,0.0,LYS, ,CA,54.63,8.94,0.0,3.04,1.0,<Residue LYS het=  resseq=370 icode= >,4uuv_A_A,2.8
251,0.0,LYS, ,C,59.47,9.21,0.0,3.74,1.0,<Residue LYS het=  resseq=370 icode= >,4uuv_A_A,2.8
252,0.0,LYS, ,O,59.4,10.36,0.0,2.30,1.0,<Residue LYS het=  resseq=370 icode= >,4uuv_A_A,2.8
253,2.801,LYS, ,CB,60.02,9.04,0.0,1.63,1.0,<Residue LYS het=  resseq=370 icode= >,4uuv_A_A,2.8
254,0.0,LYS, ,CG,55.03,8.18,0.0,1.99,1.0,<Residue LYS het=  resseq=370 icode= >,4uuv_A_A,2.8
255,16.125,LYS, ,CD,56.81,8.73,0.0,1.59,1.0,<Residue LYS het=  resseq=370 icode= >,4uuv_A_A,2.8
256,5.609,LYS, ,CE,61.85,8.18,0.0,1.29,1.0,<Residue LYS het=  resseq=370 icode= >,4uuv_A_A,2.8
257,47.577,LYS, ,NZ,60.81,9.07,0.0,0.87,1.0,<Residue LYS het=  resseq=370 icode= >,4uuv_A_A,2.8
258,0.0,LEU, ,N,59.67,8.24,0.0,2.91,1.0,<Residue LEU het=  resseq=371 icode= >,4uuv_A_A,2.8
259,0.0,LEU, ,CA,52.61,8.29,0.0,3.54,1.0,<Residue LEU het=  resseq=371 icode= >,4uuv_A_A,2.8
260,0.0,LEU, ,C,62.35,8.26,0.0,3.94,1.0,<Residue LEU het=  resseq=371 icode= >,4uuv_A_A,2.8
261,0.0,LEU, ,O,62.76,7.35,0.0,1.94,1.0,<Residue LEU het=  resseq=371 icode= >,4uuv_A_A,2.8
262,0.0,LEU, ,CB,56.05,7.38,0.0,1.69,1.0,<Residue LEU het=  resseq=371 icode= >,4uuv_A_A,2.8
263,0.0,LEU, ,CG,58.94,7.59,0.0,2.26,1.0,<Residue LEU het=  resseq=371 icode= >,4uuv_A_A,2.8
264,0.114,LEU, ,CD1,51.08,6.96,0.0,1.18,1.0,<Residue LEU het=  resseq=371 icode= >,4uuv_A_A,2.8
265,0.0,LEU, ,CD2,57.04,9.09,0.0,0.70,1.0,<Residue LEU het=  resseq=371 icode= >,4uuv_A_A,2.8
266,0.0,ILE, ,N,60.45,9.44,0.0,2.59,1.0,<Residue ILE het=  resseq=372 icode= >,4uuv_A_A,2.8
267,0.0,ILE, ,CA,61.09,9.87,0.0,3.19,1.0,<Residue ILE het=  resseq=372 icode= >,4uuv_A_A,2.8
268,0.0,ILE, ,C,62.05,9.72,0.0,3.40,1.0,<Residue ILE het=  resseq=372 icode= >,4uuv_A_A,2.8
269,11.488,ILE, ,O,81.24,9.50,8.653,1.18,1.0,<Residue ILE het=  resseq=372 icode= >,4uuv_A_A,2.8
270,0.0,ILE, ,CB,60.69,11.38,0.0,2.84,1.0,<Residue ILE het=  resseq=372 icode= >,4uuv_A_A,2.8
271,1.001,ILE, ,CG1,50.88,11.61,0.0,2.65,1.0,<Residue ILE het=  resseq=372 icode= >,4uuv_A_A,2.8
272,32.462,ILE, ,CG2,51.07,11.99,0.49,1.28,1.0,<Residue ILE het=  resseq=372 icode= >,4uuv_A_A,2.8
273,24.095,ILE, ,CD1,45.3,13.07,0.0,1.32,1.0,<Residue ILE het=  resseq=372 icode= >,4uuv_A_A,2.8
274,0.0,GLU, ,N,51.84,10.10,0.0,2.86,1.0,<Residue GLU het=  resseq=373 icode= >,4uuv_A_A,2.8
275,2.53,GLU, ,CA,57.0,10.20,2.38,3.34,1.0,<Residue GLU het=  resseq=373 icode= >,4uuv_A_A,2.8
276,0.073,GLU, ,C,65.28,9.70,0.0,3.32,1.0,<Residue GLU het=  resseq=373 icode= >,4uuv_A_A,2.8
277,0.0,GLU, ,O,54.42,10.56,0.0,1.74,1.0,<Residue GLU het=  resseq=373 icode= >,4uuv_A_A,2.8
278,9.124,GLU, ,CB,48.57,11.69,8.339,2.91,1.0,<Residue GLU het=  resseq=373 icode= >,4uuv_A_A,2.8
279,13.207,GLU, ,CG,64.81,12.18,12.503,2.46,1.0,<Residue GLU het=  resseq=373 icode= >,4uuv_A_A,2.8
280,7.556,GLU, ,CD,66.79,13.52,7.556,3.65,1.0,<Residue GLU het=  resseq=373 icode= >,4uuv_A_A,2.8
281,10.188,GLU, ,OE1,61.74,14.22,9.433,1.81,1.0,<Residue GLU het=  resseq=373 icode= >,4uuv_A_A,2.8
282,31.916,GLU, ,OE2,63.73,13.98,31.565,2.15,1.0,<Residue GLU het=  resseq=373 icode= >,4uuv_A_A,2.8
283,0.0,PRO, ,N,61.65,8.44,0.0,3.63,1.0,<Residue PRO het=  resseq=374 icode= >,4uuv_A_A,2.8
284,0.0,PRO, ,CA,55.46,7.97,0.0,3.41,1.0,<Residue PRO het=  resseq=374 icode= >,4uuv_A_A,2.8
285,0.0,PRO, ,C,58.02,9.02,0.0,3.50,1.0,<Residue PRO het=  resseq=374 icode= >,4uuv_A_A,2.8
286,0.242,PRO, ,O,62.91,9.54,0.0,1.47,1.0,<Residue PRO het=  resseq=374 icode= >,4uuv_A_A,2.8
287,1.379,PRO, ,CB,57.6,6.63,0.0,1.83,1.0,<Residue PRO het=  resseq=374 icode= >,4uuv_A_A,2.8
288,2.638,PRO, ,CG,57.39,6.19,0.0,2.10,1.0,<Residue PRO het=  resseq=374 icode= >,4uuv_A_A,2.8
289,10.54,PRO, ,CD,60.7,7.56,8.634,1.52,1.0,<Residue PRO het=  resseq=374 icode= >,4uuv_A_A,2.8
290,0.661,GLU, ,N,57.89,9.41,0.0,2.66,1.0,<Residue GLU het=  resseq=375 icode= >,4uuv_A_A,2.8
291,0.0,GLU, ,CA,52.93,9.79,0.0,3.16,1.0,<Residue GLU het=  resseq=375 icode= >,4uuv_A_A,2.8
292,1.276,GLU, ,C,60.16,11.30,1.276,3.52,1.0,<Residue GLU het=  resseq=375 icode= >,4uuv_A_A,2.8
293,4.134,GLU, ,O,68.4,11.89,1.442,1.57,1.0,<Residue GLU het=  resseq=375 icode= >,4uuv_A_A,2.8
294,27.452,GLU, ,CB,50.79,9.16,25.667,1.91,1.0,<Residue GLU het=  resseq=375 icode= >,4uuv_A_A,2.8
295,32.778,GLU, ,CG,68.11,7.64,29.554,1.27,1.0,<Residue GLU het=  resseq=375 icode= >,4uuv_A_A,2.8
296,7.234,GLU, ,CD,68.57,7.16,6.974,2.74,1.0,<Residue GLU het=  resseq=375 icode= >,4uuv_A_A,2.8
297,8.436,GLU, ,OE1,69.69,8.08,1.268,1.91,1.0,<Residue GLU het=  resseq=375 icode= >,4uuv_A_A,2.8
298,21.013,GLU, ,OE2,67.73,6.02,19.257,1.71,1.0,<Residue GLU het=  resseq=375 icode= >,4uuv_A_A,2.8
299,2.234,GLU, ,N,54.33,12.03,2.234,3.39,1.0,<Residue GLU het=  resseq=376 icode= >,4uuv_A_A,2.8
300,2.852,GLU, ,CA,60.87,13.36,2.852,3.69,1.0,<Residue GLU het=  resseq=376 icode= >,4uuv_A_A,2.8
301,0.0,GLU, ,C,60.38,12.93,0.0,3.90,1.0,<Residue GLU het=  resseq=376 icode= >,4uuv_A_A,2.8
302,0.0,GLU, ,O,67.46,12.64,0.0,1.30,1.0,<Residue GLU het=  resseq=376 icode= >,4uuv_A_A,2.8
303,6.841,GLU, ,CB,60.36,13.76,6.792,2.10,1.0,<Residue GLU het=  resseq=376 icode= >,4uuv_A_A,2.8
304,0.987,GLU, ,CG,63.42,14.97,0.0,1.67,1.0,<Residue GLU het=  resseq=376 icode= >,4uuv_A_A,2.8
305,6.519,GLU, ,CD,61.5,16.03,0.0,2.80,1.0,<Residue GLU het=  resseq=376 icode= >,4uuv_A_A,2.8
306,17.523,GLU, ,OE1,62.18,15.96,15.569,1.97,1.0,<Residue GLU het=  resseq=376 icode= >,4uuv_A_A,2.8
307,6.337,GLU, ,OE2,71.51,16.03,0.0,0.96,1.0,<Residue GLU het=  resseq=376 icode= >,4uuv_A_A,2.8
308,0.0,VAL, ,N,56.52,12.30,0.0,2.92,1.0,<Residue VAL het=  resseq=377 icode= >,4uuv_A_A,2.8
309,0.0,VAL, ,CA,52.6,11.38,0.0,3.55,1.0,<Residue VAL het=  resseq=377 icode= >,4uuv_A_A,2.8
310,0.0,VAL, ,C,57.1,10.07,0.0,4.19,1.0,<Residue VAL het=  resseq=377 icode= >,4uuv_A_A,2.8
311,0.0,VAL, ,O,56.63,9.43,0.0,1.86,1.0,<Residue VAL het=  resseq=377 icode= >,4uuv_A_A,2.8
312,0.103,VAL, ,CB,49.14,11.22,0.0,2.94,1.0,<Residue VAL het=  resseq=377 icode= >,4uuv_A_A,2.8
313,0.0,VAL, ,CG1,58.54,10.41,0.0,0.83,1.0,<Residue VAL het=  resseq=377 icode= >,4uuv_A_A,2.8
314,0.0,VAL, ,CG2,52.48,11.24,0.0,1.27,1.0,<Residue VAL het=  resseq=377 icode= >,4uuv_A_A,2.8
315,0.0,ALA, ,N,58.95,9.87,0.0,2.65,1.0,<Residue ALA het=  resseq=378 icode= >,4uuv_A_A,2.8
316,0.0,ALA, ,CA,61.68,8.81,0.0,3.04,1.0,<Residue ALA het=  resseq=378 icode= >,4uuv_A_A,2.8
317,0.0,ALA, ,C,60.33,9.10,0.0,3.51,1.0,<Residue ALA het=  resseq=378 icode= >,4uuv_A_A,2.8
318,0.0,ALA, ,O,62.05,8.29,0.0,1.73,1.0,<Residue ALA het=  resseq=378 icode= >,4uuv_A_A,2.8
319,0.072,ALA, ,CB,55.7,9.03,0.0,0.93,1.0,<Residue ALA het=  resseq=378 icode= >,4uuv_A_A,2.8
320,0.003,ARG, ,N,52.22,10.40,0.0,3.24,1.0,<Residue ARG het=  resseq=379 icode= >,4uuv_A_A,2.8
321,4.894,ARG, ,CA,51.5,11.03,0.0,3.51,1.0,<Residue ARG het=  resseq=379 icode= >,4uuv_A_A,2.8
322,0.0,ARG, ,C,55.2,10.66,0.0,4.02,1.0,<Residue ARG het=  resseq=379 icode= >,4uuv_A_A,2.8
323,1.461,ARG, ,O,53.2,10.29,0.0,2.09,1.0,<Residue ARG het=  resseq=379 icode= >,4uuv_A_A,2.8
324,6.087,ARG, ,CB,57.06,12.41,1.112,1.62,1.0,<Residue ARG het=  resseq=379 icode= >,4uuv_A_A,2.8
325,16.927,ARG, ,CG,60.47,12.90,0.0,1.23,1.0,<Residue ARG het=  resseq=379 icode= >,4uuv_A_A,2.8
326,36.183,ARG, ,CD,53.7,14.26,24.538,1.85,1.0,<Residue ARG het=  resseq=379 icode= >,4uuv_A_A,2.8
327,4.205,ARG, ,NE,65.11,15.27,4.205,2.53,1.0,<Residue ARG het=  resseq=379 icode= >,4uuv_A_A,2.8
328,4.413,ARG, ,CZ,66.76,15.69,4.338,2.65,1.0,<Residue ARG het=  resseq=379 icode= >,4uuv_A_A,2.8
329,27.404,ARG, ,NH1,69.56,15.55,4.286,1.01,1.0,<Residue ARG het=  resseq=379 icode= >,4uuv_A_A,2.8
330,24.738,ARG, ,NH2,70.88,16.36,7.457,1.31,1.0,<Residue ARG het=  resseq=379 icode= >,4uuv_A_A,2.8
331,0.0,LEU, ,N,52.87,10.94,0.0,3.05,1.0,<Residue LEU het=  resseq=380 icode= >,4uuv_A_A,2.8
332,0.39,LEU, ,CA,52.67,10.85,0.0,3.52,1.0,<Residue LEU het=  resseq=380 icode= >,4uuv_A_A,2.8
333,0.0,LEU, ,C,61.73,9.45,0.0,3.01,1.0,<Residue LEU het=  resseq=380 icode= >,4uuv_A_A,2.8
334,2.779,LEU, ,O,65.25,9.29,0.0,1.69,1.0,<Residue LEU het=  resseq=380 icode= >,4uuv_A_A,2.8
335,2.875,LEU, ,CB,54.82,11.69,0.0,2.01,1.0,<Residue LEU het=  resseq=380 icode= >,4uuv_A_A,2.8
336,0.0,LEU, ,CG,55.36,13.15,0.0,2.37,1.0,<Residue LEU het=  resseq=380 icode= >,4uuv_A_A,2.8
337,6.611,LEU, ,CD1,49.2,13.81,0.0,1.44,1.0,<Residue LEU het=  resseq=380 icode= >,4uuv_A_A,2.8
338,27.382,LEU, ,CD2,56.21,13.91,0.0,0.53,1.0,<Residue LEU het=  resseq=380 icode= >,4uuv_A_A,2.8
339,0.0,TRP, ,N,62.85,8.60,0.0,2.27,1.0,<Residue TRP het=  resseq=381 icode= >,4uuv_A_A,2.8
340,0.0,TRP, ,CA,55.16,7.22,0.0,2.76,1.0,<Residue TRP het=  resseq=381 icode= >,4uuv_A_A,2.8
341,0.0,TRP, ,C,63.75,6.50,0.0,3.12,1.0,<Residue TRP het=  resseq=381 icode= >,4uuv_A_A,2.8
342,0.0,TRP, ,O,63.31,5.66,0.0,1.20,1.0,<Residue TRP het=  resseq=381 icode= >,4uuv_A_A,2.8
343,0.023,TRP, ,CB,58.59,6.52,0.0,1.81,1.0,<Residue TRP het=  resseq=381 icode= >,4uuv_A_A,2.8
344,0.0,TRP, ,CG,62.45,5.15,0.0,2.55,1.0,<Residue TRP het=  resseq=381 icode= >,4uuv_A_A,2.8
345,0.0,TRP, ,CD1,61.33,3.97,0.0,1.92,1.0,<Residue TRP het=  resseq=381 icode= >,4uuv_A_A,2.8
346,0.0,TRP, ,CD2,57.47,5.04,0.0,2.98,1.0,<Residue TRP het=  resseq=381 icode= >,4uuv_A_A,2.8
347,6.913,TRP, ,NE1,53.21,2.95,6.913,3.29,1.0,<Residue TRP het=  resseq=381 icode= >,4uuv_A_A,2.8
348,0.0,TRP, ,CE2,59.94,3.85,0.0,3.37,1.0,<Residue TRP het=  resseq=381 icode= >,4uuv_A_A,2.8
349,0.0,TRP, ,CE3,48.99,5.94,0.0,2.41,1.0,<Residue TRP het=  resseq=381 icode= >,4uuv_A_A,2.8
350,8.709,TRP, ,CZ2,58.42,3.76,8.709,1.70,1.0,<Residue TRP het=  resseq=381 icode= >,4uuv_A_A,2.8
351,0.0,TRP, ,CZ3,54.62,5.63,0.0,1.81,1.0,<Residue TRP het=  resseq=381 icode= >,4uuv_A_A,2.8
352,1.554,TRP, ,CH2,62.77,4.40,1.288,1.43,1.0,<Residue TRP het=  resseq=381 icode= >,4uuv_A_A,2.8
353,0.0,GLY, ,N,62.71,7.14,0.0,2.28,1.0,<Residue GLY het=  resseq=382 icode= >,4uuv_A_A,2.8
354,1.271,GLY, ,CA,54.26,7.06,0.0,2.43,1.0,<Residue GLY het=  resseq=382 icode= >,4uuv_A_A,2.8
355,0.643,GLY, ,C,63.2,7.67,0.0,3.51,1.0,<Residue GLY het=  resseq=382 icode= >,4uuv_A_A,2.8
356,0.453,GLY, ,O,72.02,7.44,0.0,1.25,1.0,<Residue GLY het=  resseq=382 icode= >,4uuv_A_A,2.8
357,0.024,ILE, ,N,60.36,8.70,0.0,3.01,1.0,<Residue ILE het=  resseq=383 icode= >,4uuv_A_A,2.8
358,5.239,ILE, ,CA,59.5,9.57,0.0,3.03,1.0,<Residue ILE het=  resseq=383 icode= >,4uuv_A_A,2.8
359,0.0,ILE, ,C,67.5,9.04,0.0,3.12,1.0,<Residue ILE het=  resseq=383 icode= >,4uuv_A_A,2.8
360,7.205,ILE, ,O,65.68,9.43,0.0,1.66,1.0,<Residue ILE het=  resseq=383 icode= >,4uuv_A_A,2.8
361,1.648,ILE, ,CB,57.23,10.90,0.0,2.45,1.0,<Residue ILE het=  resseq=383 icode= >,4uuv_A_A,2.8
362,16.655,ILE, ,CG1,59.03,11.65,0.0,1.37,1.0,<Residue ILE het=  resseq=383 icode= >,4uuv_A_A,2.8
363,51.407,ILE, ,CG2,53.02,11.87,0.0,0.74,1.0,<Residue ILE het=  resseq=383 icode= >,4uuv_A_A,2.8
364,28.987,ILE, ,CD1,60.17,12.95,0.0,0.51,1.0,<Residue ILE het=  resseq=383 icode= >,4uuv_A_A,2.8
365,0.427,GLN, ,N,69.04,8.39,0.0,2.38,1.0,<Residue GLN het=  resseq=384 icode= >,4uuv_A_A,2.8
366,6.053,GLN, ,CA,64.72,8.10,0.0,2.91,1.0,<Residue GLN het=  resseq=384 icode= >,4uuv_A_A,2.8
367,0.0,GLN, ,C,65.62,7.24,0.0,3.05,1.0,<Residue GLN het=  resseq=384 icode= >,4uuv_A_A,2.8
368,18.355,GLN, ,O,68.47,7.71,0.0,1.36,1.0,<Residue GLN het=  resseq=384 icode= >,4uuv_A_A,2.8
369,0.26,GLN, ,CB,65.35,7.74,0.0,1.72,1.0,<Residue GLN het=  resseq=384 icode= >,4uuv_A_A,2.8
370,0.419,GLN, ,CG,62.71,7.87,0.0,1.25,1.0,<Residue GLN het=  resseq=384 icode= >,4uuv_A_A,2.8
371,1.462,GLN, ,CD,71.9,9.35,0.0,1.88,1.0,<Residue GLN het=  resseq=384 icode= >,4uuv_A_A,2.8
372,22.414,GLN, ,OE1,71.94,10.22,0.0,0.97,1.0,<Residue GLN het=  resseq=384 icode= >,4uuv_A_A,2.8
373,6.267,GLN, ,NE2,78.15,9.78,0.0,1.08,1.0,<Residue GLN het=  resseq=384 icode= >,4uuv_A_A,2.8
374,0.0,LYS, ,N,72.08,6.22,0.0,1.98,1.0,<Residue LYS het=  resseq=385 icode= >,4uuv_A_A,2.8
375,3.32,LYS, ,CA,72.07,5.53,0.0,1.88,1.0,<Residue LYS het=  resseq=385 icode= >,4uuv_A_A,2.8
376,1.308,LYS, ,C,64.95,6.27,0.0,2.45,1.0,<Residue LYS het=  resseq=385 icode= >,4uuv_A_A,2.8
377,11.131,LYS, ,O,71.38,6.11,0.0,1.47,1.0,<Residue LYS het=  resseq=385 icode= >,4uuv_A_A,2.8
378,0.117,LYS, ,CB,57.32,4.00,0.117,1.38,1.0,<Residue LYS het=  resseq=385 icode= >,4uuv_A_A,2.8
379,0.345,LYS, ,CG,56.41,3.56,0.345,1.81,1.0,<Residue LYS het=  resseq=385 icode= >,4uuv_A_A,2.8
380,10.645,LYS, ,CD,57.4,4.10,0.0,1.50,1.0,<Residue LYS het=  resseq=385 icode= >,4uuv_A_A,2.8
381,35.436,LYS, ,CE,59.63,3.60,0.0,0.96,1.0,<Residue LYS het=  resseq=385 icode= >,4uuv_A_A,2.8
382,30.074,LYS, ,NZ,57.65,2.43,21.962,1.09,1.0,<Residue LYS het=  resseq=385 icode= >,4uuv_A_A,2.8
383,0.0,ASN, ,N,68.75,7.37,0.0,2.00,1.0,<Residue ASN het=  resseq=386 icode= >,4uuv_A_A,2.8
384,4.567,ASN, ,CA,75.4,8.37,1.522,2.25,1.0,<Residue ASN het=  resseq=386 icode= >,4uuv_A_A,2.8
385,0.827,ASN, ,C,71.19,7.39,0.651,3.02,1.0,<Residue ASN het=  resseq=386 icode= >,4uuv_A_A,2.8
386,17.959,ASN, ,O,69.24,7.13,17.355,1.60,1.0,<Residue ASN het=  resseq=386 icode= >,4uuv_A_A,2.8
387,19.591,ASN, ,CB,67.06,9.18,11.768,1.65,1.0,<Residue ASN het=  resseq=386 icode= >,4uuv_A_A,2.8
388,5.909,ASN, ,CG,85.3,10.36,5.126,1.83,1.0,<Residue ASN het=  resseq=386 icode= >,4uuv_A_A,2.8
389,26.57,ASN, ,OD1,84.83,10.36,19.887,1.37,1.0,<Residue ASN het=  resseq=386 icode= >,4uuv_A_A,2.8
390,57.496,ASN, ,ND2,91.85,11.49,41.438,0.78,1.0,<Residue ASN het=  resseq=386 icode= >,4uuv_A_A,2.8
391,0.037,ARG, ,N,61.63,6.75,0.0,2.76,1.0,<Residue ARG het=  resseq=387 icode= >,4uuv_A_A,2.8
392,1.752,ARG, ,CA,56.88,5.60,1.61,3.25,1.0,<Residue ARG het=  resseq=387 icode= >,4uuv_A_A,2.8
393,0.0,ARG, ,C,71.36,6.22,0.0,2.58,1.0,<Residue ARG het=  resseq=387 icode= >,4uuv_A_A,2.8
394,0.0,ARG, ,O,66.06,6.25,0.0,1.27,1.0,<Residue ARG het=  resseq=387 icode= >,4uuv_A_A,2.8
395,8.265,ARG, ,CB,60.37,4.42,6.449,1.97,1.0,<Residue ARG het=  resseq=387 icode= >,4uuv_A_A,2.8
396,7.616,ARG, ,CG,68.77,4.27,4.829,1.34,1.0,<Residue ARG het=  resseq=387 icode= >,4uuv_A_A,2.8
397,12.3,ARG, ,CD,77.7,3.62,12.3,1.01,1.0,<Residue ARG het=  resseq=387 icode= >,4uuv_A_A,2.8
398,3.903,ARG, ,NE,79.35,3.77,3.672,1.54,1.0,<Residue ARG het=  resseq=387 icode= >,4uuv_A_A,2.8
399,7.279,ARG, ,CZ,88.65,4.02,4.248,1.33,1.0,<Residue ARG het=  resseq=387 icode= >,4uuv_A_A,2.8
400,48.044,ARG, ,NH1,87.75,3.22,23.604,0.51,1.0,<Residue ARG het=  resseq=387 icode= >,4uuv_A_A,2.8
401,56.236,ARG, ,NH2,80.05,4.31,21.954,0.69,1.0,<Residue ARG het=  resseq=387 icode= >,4uuv_A_A,2.8
402,0.195,PRO, ,N,72.68,6.94,0.0,2.51,1.0,<Residue PRO het=  resseq=388 icode= >,4uuv_A_A,2.8
403,10.069,PRO, ,CA,62.79,7.99,0.0,2.69,1.0,<Residue PRO het=  resseq=388 icode= >,4uuv_A_A,2.8
404,1.65,PRO, ,C,60.94,7.69,0.0,2.99,1.0,<Residue PRO het=  resseq=388 icode= >,4uuv_A_A,2.8
405,27.895,PRO, ,O,60.96,8.52,0.0,2.06,1.0,<Residue PRO het=  resseq=388 icode= >,4uuv_A_A,2.8
406,38.425,PRO, ,CB,54.55,8.87,4.993,1.54,1.0,<Residue PRO het=  resseq=388 icode= >,4uuv_A_A,2.8
407,38.02,PRO, ,CG,61.07,8.10,32.626,1.08,1.0,<Residue PRO het=  resseq=388 icode= >,4uuv_A_A,2.8
408,21.181,PRO, ,CD,65.37,7.12,20.24,1.19,1.0,<Residue PRO het=  resseq=388 icode= >,4uuv_A_A,2.8
409,0.103,ALA, ,N,65.9,6.50,0.0,2.32,1.0,<Residue ALA het=  resseq=389 icode= >,4uuv_A_A,2.8
410,9.201,ALA, ,CA,65.92,6.33,0.0,2.52,1.0,<Residue ALA het=  resseq=389 icode= >,4uuv_A_A,2.8
411,2.269,ALA, ,C,65.26,5.59,0.0,2.68,1.0,<Residue ALA het=  resseq=389 icode= >,4uuv_A_A,2.8
412,5.591,ALA, ,O,76.84,5.59,0.0,0.98,1.0,<Residue ALA het=  resseq=389 icode= >,4uuv_A_A,2.8
413,55.263,ALA, ,CB,56.27,5.84,13.643,0.36,1.0,<Residue ALA het=  resseq=389 icode= >,4uuv_A_A,2.8
414,0.397,MET, ,N,58.18,5.40,0.195,2.74,1.0,<Residue MET het=  resseq=390 icode= >,4uuv_A_A,2.8
415,0.288,MET, ,CA,57.99,5.15,0.288,3.21,1.0,<Residue MET het=  resseq=390 icode= >,4uuv_A_A,2.8
416,0.021,MET, ,C,64.0,6.37,0.0,2.99,1.0,<Residue MET het=  resseq=390 icode= >,4uuv_A_A,2.8
417,11.417,MET, ,O,62.39,7.49,0.0,2.14,1.0,<Residue MET het=  resseq=390 icode= >,4uuv_A_A,2.8
418,0.33,MET, ,CB,57.54,5.41,0.0,1.55,1.0,<Residue MET het=  resseq=390 icode= >,4uuv_A_A,2.8
419,0.0,MET, ,CG,57.53,5.83,0.0,2.03,1.0,<Residue MET het=  resseq=390 icode= >,4uuv_A_A,2.8
420,0.0,MET, ,SD,76.78,4.69,0.0,2.15,1.0,<Residue MET het=  resseq=390 icode= >,4uuv_A_A,2.8
421,21.685,MET, ,CE,66.6,3.74,21.527,0.59,1.0,<Residue MET het=  resseq=390 icode= >,4uuv_A_A,2.8
422,0.0,ASN, ,N,70.06,6.36,0.0,1.77,1.0,<Residue ASN het=  resseq=391 icode= >,4uuv_A_A,2.8
423,0.204,ASN, ,CA,63.96,7.70,0.0,2.56,1.0,<Residue ASN het=  resseq=391 icode= >,4uuv_A_A,2.8
424,0.0,ASN, ,C,62.06,8.01,0.0,3.37,1.0,<Residue ASN het=  resseq=391 icode= >,4uuv_A_A,2.8
425,0.0,ASN, ,O,57.19,7.27,0.0,2.46,1.0,<Residue ASN het=  resseq=391 icode= >,4uuv_A_A,2.8
426,15.778,ASN, ,CB,54.41,8.18,3.122,2.10,1.0,<Residue ASN het=  resseq=391 icode= >,4uuv_A_A,2.8
427,0.574,ASN, ,CG,61.03,7.40,0.574,3.47,1.0,<Residue ASN het=  resseq=391 icode= >,4uuv_A_A,2.8
428,0.0,ASN, ,OD1,61.93,6.86,0.0,1.73,1.0,<Residue ASN het=  resseq=391 icode= >,4uuv_A_A,2.8
429,40.466,ASN, ,ND2,66.43,7.00,19.926,0.95,1.0,<Residue ASN het=  resseq=391 icode= >,4uuv_A_A,2.8
430,0.0,TYR, ,N,67.04,8.23,0.0,2.16,1.0,<Residue TYR het=  resseq=392 icode= >,4uuv_A_A,2.8
431,0.0,TYR, ,CA,65.19,8.06,0.0,2.51,1.0,<Residue TYR het=  resseq=392 icode= >,4uuv_A_A,2.8
432,0.0,TYR, ,C,61.85,7.68,0.0,3.68,1.0,<Residue TYR het=  resseq=392 icode= >,4uuv_A_A,2.8
433,0.0,TYR, ,O,63.75,7.14,0.0,1.65,1.0,<Residue TYR het=  resseq=392 icode= >,4uuv_A_A,2.8
434,0.459,TYR, ,CB,60.61,7.09,0.041,1.58,1.0,<Residue TYR het=  resseq=392 icode= >,4uuv_A_A,2.8
435,0.0,TYR, ,CG,49.54,5.70,0.0,3.22,1.0,<Residue TYR het=  resseq=392 icode= >,4uuv_A_A,2.8
436,0.082,TYR, ,CD1,52.61,5.73,0.0,1.81,1.0,<Residue TYR het=  resseq=392 icode= >,4uuv_A_A,2.8
437,16.396,TYR, ,CD2,50.54,4.61,4.17,1.78,1.0,<Residue TYR het=  resseq=392 icode= >,4uuv_A_A,2.8
438,0.0,TYR, ,CE1,56.76,4.76,0.0,1.73,1.0,<Residue TYR het=  resseq=392 icode= >,4uuv_A_A,2.8
439,17.96,TYR, ,CE2,51.72,3.31,13.806,1.85,1.0,<Residue TYR het=  resseq=392 icode= >,4uuv_A_A,2.8
440,0.0,TYR, ,CZ,57.19,3.42,0.0,2.94,1.0,<Residue TYR het=  resseq=392 icode= >,4uuv_A_A,2.8
441,6.023,TYR, ,OH,56.98,2.67,5.876,1.45,1.0,<Residue TYR het=  resseq=392 icode= >,4uuv_A_A,2.8
442,1.499,ASP, ,N,65.22,7.13,0.0,2.43,1.0,<Residue ASP het=  resseq=393 icode= >,4uuv_A_A,2.8
443,5.466,ASP, ,CA,61.41,5.68,0.0,2.34,1.0,<Residue ASP het=  resseq=393 icode= >,4uuv_A_A,2.8
444,0.0,ASP, ,C,65.74,5.31,0.0,2.81,1.0,<Residue ASP het=  resseq=393 icode= >,4uuv_A_A,2.8
445,0.393,ASP, ,O,69.71,4.87,0.329,1.09,1.0,<Residue ASP het=  resseq=393 icode= >,4uuv_A_A,2.8
446,19.821,ASP, ,CB,62.67,5.15,13.082,1.44,1.0,<Residue ASP het=  resseq=393 icode= >,4uuv_A_A,2.8
447,8.806,ASP, ,CG,64.1,3.67,7.479,2.55,1.0,<Residue ASP het=  resseq=393 icode= >,4uuv_A_A,2.8
448,37.36,ASP, ,OD1,71.97,3.38,27.196,1.15,1.0,<Residue ASP het=  resseq=393 icode= >,4uuv_A_A,2.8
449,25.432,ASP, ,OD2,74.9,3.19,20.956,1.08,1.0,<Residue ASP het=  resseq=393 icode= >,4uuv_A_A,2.8
450,0.0,LYS, ,N,68.03,5.23,0.0,1.95,1.0,<Residue LYS het=  resseq=394 icode= >,4uuv_A_A,2.8
451,2.065,LYS, ,CA,66.76,3.98,1.913,2.10,1.0,<Residue LYS het=  resseq=394 icode= >,4uuv_A_A,2.8
452,0.0,LYS, ,C,64.76,4.43,0.0,2.94,1.0,<Residue LYS het=  resseq=394 icode= >,4uuv_A_A,2.8
453,5.847,LYS, ,O,66.26,3.91,4.673,1.49,1.0,<Residue LYS het=  resseq=394 icode= >,4uuv_A_A,2.8
454,6.638,LYS, ,CB,65.05,3.91,6.452,1.00,1.0,<Residue LYS het=  resseq=394 icode= >,4uuv_A_A,2.8
455,17.955,LYS, ,CG,69.84,3.93,14.925,0.70,1.0,<Residue LYS het=  resseq=394 icode= >,4uuv_A_A,2.8
456,34.35,LYS, ,CD,63.0,3.45,31.379,0.93,1.0,<Residue LYS het=  resseq=394 icode= >,4uuv_A_A,2.8
457,2.21,LYS, ,CE,62.71,3.74,0.276,1.15,1.0,<Residue LYS het=  resseq=394 icode= >,4uuv_A_A,2.8
458,18.808,LYS, ,NZ,70.33,3.55,12.497,0.84,1.0,<Residue LYS het=  resseq=394 icode= >,4uuv_A_A,2.8
459,0.0,LEU, ,N,65.3,5.71,0.0,2.96,1.0,<Residue LEU het=  resseq=395 icode= >,4uuv_A_A,2.8
460,0.91,LEU, ,CA,55.13,5.25,0.894,3.07,1.0,<Residue LEU het=  resseq=395 icode= >,4uuv_A_A,2.8
461,0.0,LEU, ,C,59.68,6.06,0.0,3.78,1.0,<Residue LEU het=  resseq=395 icode= >,4uuv_A_A,2.8
462,0.0,LEU, ,O,63.13,5.83,0.0,1.40,1.0,<Residue LEU het=  resseq=395 icode= >,4uuv_A_A,2.8
463,0.0,LEU, ,CB,62.54,5.91,0.0,1.40,1.0,<Residue LEU het=  resseq=395 icode= >,4uuv_A_A,2.8
464,0.0,LEU, ,CG,50.6,5.92,0.0,2.21,1.0,<Residue LEU het=  resseq=395 icode= >,4uuv_A_A,2.8
465,0.009,LEU, ,CD1,65.32,6.32,0.0,0.23,1.0,<Residue LEU het=  resseq=395 icode= >,4uuv_A_A,2.8
466,0.023,LEU, ,CD2,48.39,7.15,0.0,0.83,1.0,<Residue LEU het=  resseq=395 icode= >,4uuv_A_A,2.8
467,0.0,SER, ,N,61.16,7.17,0.0,2.84,1.0,<Residue SER het=  resseq=396 icode= >,4uuv_A_A,2.8
468,0.0,SER, ,CA,58.24,7.04,0.0,3.02,1.0,<Residue SER het=  resseq=396 icode= >,4uuv_A_A,2.8
469,0.0,SER, ,C,65.35,6.45,0.0,2.97,1.0,<Residue SER het=  resseq=396 icode= >,4uuv_A_A,2.8
470,0.0,SER, ,O,62.73,5.88,0.0,1.47,1.0,<Residue SER het=  resseq=396 icode= >,4uuv_A_A,2.8
471,2.574,SER, ,CB,50.97,6.01,0.0,1.99,1.0,<Residue SER het=  resseq=396 icode= >,4uuv_A_A,2.8
472,3.849,SER, ,OG,60.46,5.93,0.201,1.03,1.0,<Residue SER het=  resseq=396 icode= >,4uuv_A_A,2.8
473,0.0,ARG, ,N,60.59,5.74,0.0,2.75,1.0,<Residue ARG het=  resseq=397 icode= >,4uuv_A_A,2.8
474,0.0,ARG, ,CA,66.63,5.11,0.0,2.76,1.0,<Residue ARG het=  resseq=397 icode= >,4uuv_A_A,2.8
475,0.143,ARG, ,C,67.04,4.56,0.143,2.78,1.0,<Residue ARG het=  resseq=397 icode= >,4uuv_A_A,2.8
476,0.004,ARG, ,O,69.25,4.56,0.004,1.33,1.0,<Residue ARG het=  resseq=397 icode= >,4uuv_A_A,2.8
477,6.525,ARG, ,CB,64.23,3.91,6.509,1.42,1.0,<Residue ARG het=  resseq=397 icode= >,4uuv_A_A,2.8
478,29.478,ARG, ,CG,62.91,3.27,29.478,1.65,1.0,<Residue ARG het=  resseq=397 icode= >,4uuv_A_A,2.8
479,9.462,ARG, ,CD,70.36,3.25,9.462,1.17,1.0,<Residue ARG het=  resseq=397 icode= >,4uuv_A_A,2.8
480,18.439,ARG, ,NE,72.39,2.71,18.439,2.27,1.0,<Residue ARG het=  resseq=397 icode= >,4uuv_A_A,2.8
481,7.472,ARG, ,CZ,68.64,3.58,6.605,2.62,1.0,<Residue ARG het=  resseq=397 icode= >,4uuv_A_A,2.8
482,8.452,ARG, ,NH1,70.71,3.94,3.253,0.92,1.0,<Residue ARG het=  resseq=397 icode= >,4uuv_A_A,2.8
483,57.942,ARG, ,NH2,68.07,2.68,43.84,0.88,1.0,<Residue ARG het=  resseq=397 icode= >,4uuv_A_A,2.8
484,0.008,SER, ,N,59.38,4.42,0.008,2.31,1.0,<Residue SER het=  resseq=398 icode= >,4uuv_A_A,2.8
485,2.662,SER, ,CA,58.35,4.34,2.662,2.79,1.0,<Residue SER het=  resseq=398 icode= >,4uuv_A_A,2.8
486,0.0,SER, ,C,63.59,5.33,0.0,3.64,1.0,<Residue SER het=  resseq=398 icode= >,4uuv_A_A,2.8
487,0.0,SER, ,O,59.94,5.16,0.0,1.67,1.0,<Residue SER het=  resseq=398 icode= >,4uuv_A_A,2.8
488,12.05,SER, ,CB,57.69,3.73,12.05,1.09,1.0,<Residue SER het=  resseq=398 icode= >,4uuv_A_A,2.8
489,28.556,SER, ,OG,74.24,3.22,28.438,0.83,1.0,<Residue SER het=  resseq=398 icode= >,4uuv_A_A,2.8
490,0.0,LEU, ,N,63.1,6.35,0.0,2.75,1.0,<Residue LEU het=  resseq=399 icode= >,4uuv_A_A,2.8
491,0.0,LEU, ,CA,61.65,7.30,0.0,3.42,1.0,<Residue LEU het=  resseq=399 icode= >,4uuv_A_A,2.8
492,0.0,LEU, ,C,66.73,6.74,0.0,3.74,1.0,<Residue LEU het=  resseq=399 icode= >,4uuv_A_A,2.8
493,0.0,LEU, ,O,71.95,6.93,0.0,1.40,1.0,<Residue LEU het=  resseq=399 icode= >,4uuv_A_A,2.8
494,0.0,LEU, ,CB,54.71,6.95,0.0,1.95,1.0,<Residue LEU het=  resseq=399 icode= >,4uuv_A_A,2.8
495,0.0,LEU, ,CG,63.7,8.09,0.0,2.12,1.0,<Residue LEU het=  resseq=399 icode= >,4uuv_A_A,2.8
496,0.0,LEU, ,CD1,56.79,7.72,0.0,0.37,1.0,<Residue LEU het=  resseq=399 icode= >,4uuv_A_A,2.8
497,0.0,LEU, ,CD2,47.52,7.76,0.0,0.86,1.0,<Residue LEU het=  resseq=399 icode= >,4uuv_A_A,2.8
498,0.0,ARG, ,N,67.38,6.14,0.0,2.55,1.0,<Residue ARG het=  resseq=400 icode= >,4uuv_A_A,2.8
499,0.0,ARG, ,CA,74.95,5.73,0.0,2.09,1.0,<Residue ARG het=  resseq=400 icode= >,4uuv_A_A,2.8
500,0.0,ARG, ,C,69.86,6.53,0.0,2.68,1.0,<Residue ARG het=  resseq=400 icode= >,4uuv_A_A,2.8
501,4.113,ARG, ,O,74.09,6.18,0.0,1.00,1.0,<Residue ARG het=  resseq=400 icode= >,4uuv_A_A,2.8
502,4.103,ARG, ,CB,67.57,4.70,1.335,0.52,1.0,<Residue ARG het=  resseq=400 icode= >,4uuv_A_A,2.8
503,2.09,ARG, ,CG,66.98,3.79,2.031,0.69,1.0,<Residue ARG het=  resseq=400 icode= >,4uuv_A_A,2.8
504,33.322,ARG, ,CD,64.15,3.67,33.145,1.28,1.0,<Residue ARG het=  resseq=400 icode= >,4uuv_A_A,2.8
505,7.439,ARG, ,NE,67.05,3.01,7.439,2.15,1.0,<Residue ARG het=  resseq=400 icode= >,4uuv_A_A,2.8
506,4.468,ARG, ,CZ,60.41,3.43,4.468,3.10,1.0,<Residue ARG het=  resseq=400 icode= >,4uuv_A_A,2.8
507,22.995,ARG, ,NH1,49.91,3.67,20.26,1.48,1.0,<Residue ARG het=  resseq=400 icode= >,4uuv_A_A,2.8
508,19.341,ARG, ,NH2,56.8,2.55,18.844,1.30,1.0,<Residue ARG het=  resseq=400 icode= >,4uuv_A_A,2.8
509,0.0,TYR, ,N,70.11,6.34,0.0,2.00,1.0,<Residue TYR het=  resseq=401 icode= >,4uuv_A_A,2.8
510,0.461,TYR, ,CA,71.69,6.16,0.0,2.21,1.0,<Residue TYR het=  resseq=401 icode= >,4uuv_A_A,2.8
511,0.0,TYR, ,C,72.68,7.01,0.0,2.85,1.0,<Residue TYR het=  resseq=401 icode= >,4uuv_A_A,2.8
512,0.0,TYR, ,O,71.7,7.10,0.0,1.08,1.0,<Residue TYR het=  resseq=401 icode= >,4uuv_A_A,2.8
513,8.496,TYR, ,CB,68.78,4.86,6.417,0.95,1.0,<Residue TYR het=  resseq=401 icode= >,4uuv_A_A,2.8
514,1.986,TYR, ,CG,70.83,4.18,1.986,1.66,1.0,<Residue TYR het=  resseq=401 icode= >,4uuv_A_A,2.8
515,15.621,TYR, ,CD1,77.43,3.87,7.501,0.91,1.0,<Residue TYR het=  resseq=401 icode= >,4uuv_A_A,2.8
516,6.697,TYR, ,CD2,74.28,4.23,6.697,1.02,1.0,<Residue TYR het=  resseq=401 icode= >,4uuv_A_A,2.8
517,26.812,TYR, ,CE1,71.98,3.81,10.082,1.50,1.0,<Residue TYR het=  resseq=401 icode= >,4uuv_A_A,2.8
518,16.83,TYR, ,CE2,74.91,3.72,15.421,1.50,1.0,<Residue TYR het=  resseq=401 icode= >,4uuv_A_A,2.8
519,5.083,TYR, ,CZ,72.26,4.05,5.083,2.50,1.0,<Residue TYR het=  resseq=401 icode= >,4uuv_A_A,2.8
520,26.028,TYR, ,OH,78.01,3.54,17.969,1.07,1.0,<Residue TYR het=  resseq=401 icode= >,4uuv_A_A,2.8
521,0.0,TYR, ,N,67.37,6.99,0.0,2.56,1.0,<Residue TYR het=  resseq=402 icode= >,4uuv_A_A,2.8
522,0.0,TYR, ,CA,60.08,7.31,0.0,3.52,1.0,<Residue TYR het=  resseq=402 icode= >,4uuv_A_A,2.8
523,0.0,TYR, ,C,69.31,8.81,0.0,3.48,1.0,<Residue TYR het=  resseq=402 icode= >,4uuv_A_A,2.8
524,0.0,TYR, ,O,70.74,9.25,0.0,2.03,1.0,<Residue TYR het=  resseq=402 icode= >,4uuv_A_A,2.8
525,0.0,TYR, ,CB,65.49,7.13,0.0,1.27,1.0,<Residue TYR het=  resseq=402 icode= >,4uuv_A_A,2.8
526,0.0,TYR, ,CG,68.13,5.78,0.0,2.05,1.0,<Residue TYR het=  resseq=402 icode= >,4uuv_A_A,2.8
527,0.0,TYR, ,CD1,67.21,4.78,0.0,1.56,1.0,<Residue TYR het=  resseq=402 icode= >,4uuv_A_A,2.8
528,0.0,TYR, ,CD2,62.62,5.68,0.0,1.51,1.0,<Residue TYR het=  resseq=402 icode= >,4uuv_A_A,2.8
529,10.735,TYR, ,CE1,64.03,3.43,6.325,1.42,1.0,<Residue TYR het=  resseq=402 icode= >,4uuv_A_A,2.8
530,0.0,TYR, ,CE2,63.72,4.61,0.0,2.07,1.0,<Residue TYR het=  resseq=402 icode= >,4uuv_A_A,2.8
531,0.467,TYR, ,CZ,64.13,3.32,0.467,3.00,1.0,<Residue TYR het=  resseq=402 icode= >,4uuv_A_A,2.8
532,3.269,TYR, ,OH,61.15,2.39,3.269,2.15,1.0,<Residue TYR het=  resseq=402 icode= >,4uuv_A_A,2.8
533,0.0,TYR, ,N,70.37,8.08,0.0,2.92,1.0,<Residue TYR het=  resseq=403 icode= >,4uuv_A_A,2.8
534,0.098,TYR, ,CA,69.29,7.39,0.0,3.01,1.0,<Residue TYR het=  resseq=403 icode= >,4uuv_A_A,2.8
535,1.184,TYR, ,C,75.02,7.79,0.0,2.89,1.0,<Residue TYR het=  resseq=403 icode= >,4uuv_A_A,2.8
536,14.855,TYR, ,O,70.94,8.38,0.0,1.33,1.0,<Residue TYR het=  resseq=403 icode= >,4uuv_A_A,2.8
537,16.629,TYR, ,CB,69.86,5.88,0.0,1.03,1.0,<Residue TYR het=  resseq=403 icode= >,4uuv_A_A,2.8
538,1.557,TYR, ,CG,74.08,5.72,0.0,1.99,1.0,<Residue TYR het=  resseq=403 icode= >,4uuv_A_A,2.8
539,0.0,TYR, ,CD1,72.95,6.22,0.0,1.47,1.0,<Residue TYR het=  resseq=403 icode= >,4uuv_A_A,2.8
540,19.041,TYR, ,CD2,64.31,4.62,10.524,1.16,1.0,<Residue TYR het=  resseq=403 icode= >,4uuv_A_A,2.8
541,0.0,TYR, ,CE1,69.24,5.28,0.0,1.23,1.0,<Residue TYR het=  resseq=403 icode= >,4uuv_A_A,2.8
542,13.342,TYR, ,CE2,72.82,3.70,11.236,1.45,1.0,<Residue TYR het=  resseq=403 icode= >,4uuv_A_A,2.8
543,0.0,TYR, ,CZ,75.09,3.92,0.0,2.07,1.0,<Residue TYR het=  resseq=403 icode= >,4uuv_A_A,2.8
544,2.67,TYR, ,OH,74.3,3.20,2.67,0.82,1.0,<Residue TYR het=  resseq=403 icode= >,4uuv_A_A,2.8
545,0.0,GLU, ,N,70.92,7.77,0.0,2.40,1.0,<Residue GLU het=  resseq=404 icode= >,4uuv_A_A,2.8
546,8.398,GLU, ,CA,73.21,8.38,0.0,2.67,1.0,<Residue GLU het=  resseq=404 icode= >,4uuv_A_A,2.8
547,0.461,GLU, ,C,74.88,9.65,0.0,2.41,1.0,<Residue GLU het=  resseq=404 icode= >,4uuv_A_A,2.8
548,28.674,GLU, ,O,80.92,10.01,0.0,1.15,1.0,<Residue GLU het=  resseq=404 icode= >,4uuv_A_A,2.8
549,13.113,GLU, ,CB,76.59,7.16,0.0,0.94,1.0,<Residue GLU het=  resseq=404 icode= >,4uuv_A_A,2.8
550,22.604,GLU, ,CG,98.03,5.83,0.0,0.20,1.0,<Residue GLU het=  resseq=404 icode= >,4uuv_A_A,2.8
551,12.861,GLU, ,CD,104.27,4.67,0.0,0.50,1.0,<Residue GLU het=  resseq=404 icode= >,4uuv_A_A,2.8
552,22.344,GLU, ,OE1,103.2,5.14,0.0,0.56,1.0,<Residue GLU het=  resseq=404 icode= >,4uuv_A_A,2.8
553,42.469,GLU, ,OE2,106.22,3.56,18.236,0.24,1.0,<Residue GLU het=  resseq=404 icode= >,4uuv_A_A,2.8
554,0.0,LYS, ,N,73.93,9.63,0.0,2.10,1.0,<Residue LYS het=  resseq=405 icode= >,4uuv_A_A,2.8
555,2.265,LYS, ,CA,77.52,9.31,0.0,2.16,1.0,<Residue LYS het=  resseq=405 icode= >,4uuv_A_A,2.8
556,2.428,LYS, ,C,69.02,10.16,0.0,2.73,1.0,<Residue LYS het=  resseq=405 icode= >,4uuv_A_A,2.8
557,3.214,LYS, ,O,69.44,10.33,0.0,1.29,1.0,<Residue LYS het=  resseq=405 icode= >,4uuv_A_A,2.8
558,0.533,LYS, ,CB,72.11,7.91,0.0,1.14,1.0,<Residue LYS het=  resseq=405 icode= >,4uuv_A_A,2.8
559,0.952,LYS, ,CG,78.62,6.77,0.0,0.57,1.0,<Residue LYS het=  resseq=405 icode= >,4uuv_A_A,2.8
560,14.23,LYS, ,CD,76.17,6.87,0.0,1.07,1.0,<Residue LYS het=  resseq=405 icode= >,4uuv_A_A,2.8
561,6.12,LYS, ,CE,83.36,6.63,0.0,0.50,1.0,<Residue LYS het=  resseq=405 icode= >,4uuv_A_A,2.8
562,21.118,LYS, ,NZ,95.41,6.63,0.0,0.10,1.0,<Residue LYS het=  resseq=405 icode= >,4uuv_A_A,2.8
563,0.0,GLY, ,N,70.66,10.82,0.0,2.47,1.0,<Residue GLY het=  resseq=406 icode= >,4uuv_A_A,2.8
564,22.204,GLY, ,CA,71.35,11.74,0.0,1.98,1.0,<Residue GLY het=  resseq=406 icode= >,4uuv_A_A,2.8
565,0.0,GLY, ,C,72.32,11.44,0.0,3.08,1.0,<Residue GLY het=  resseq=406 icode= >,4uuv_A_A,2.8
566,2.057,GLY, ,O,69.58,12.38,0.0,1.71,1.0,<Residue GLY het=  resseq=406 icode= >,4uuv_A_A,2.8
567,0.0,ILE, ,N,71.45,10.18,0.0,2.74,1.0,<Residue ILE het=  resseq=407 icode= >,4uuv_A_A,2.8
568,0.0,ILE, ,CA,76.15,9.95,0.0,2.64,1.0,<Residue ILE het=  resseq=407 icode= >,4uuv_A_A,2.8
569,0.0,ILE, ,C,74.1,10.25,0.0,3.03,1.0,<Residue ILE het=  resseq=407 icode= >,4uuv_A_A,2.8
570,0.0,ILE, ,O,77.2,10.43,0.0,1.52,1.0,<Residue ILE het=  resseq=407 icode= >,4uuv_A_A,2.8
571,0.0,ILE, ,CB,72.58,8.60,0.0,1.64,1.0,<Residue ILE het=  resseq=407 icode= >,4uuv_A_A,2.8
572,0.0,ILE, ,CG1,74.12,7.49,0.0,0.60,1.0,<Residue ILE het=  resseq=407 icode= >,4uuv_A_A,2.8
573,0.412,ILE, ,CG2,70.92,8.48,0.0,-0.19,1.0,<Residue ILE het=  resseq=407 icode= >,4uuv_A_A,2.8
574,4.621,ILE, ,CD1,69.12,6.16,0.0,-0.37,1.0,<Residue ILE het=  resseq=407 icode= >,4uuv_A_A,2.8
575,0.0,MET, ,N,76.28,10.57,0.0,1.89,1.0,<Residue MET het=  resseq=408 icode= >,4uuv_A_A,2.8
576,0.0,MET, ,CA,73.92,10.30,0.0,2.41,1.0,<Residue MET het=  resseq=408 icode= >,4uuv_A_A,2.8
577,0.0,MET, ,C,66.74,9.03,0.0,2.83,1.0,<Residue MET het=  resseq=408 icode= >,4uuv_A_A,2.8
578,0.0,MET, ,O,74.37,8.73,0.0,1.40,1.0,<Residue MET het=  resseq=408 icode= >,4uuv_A_A,2.8
579,0.0,MET, ,CB,63.67,9.79,0.0,1.47,1.0,<Residue MET het=  resseq=408 icode= >,4uuv_A_A,2.8
580,0.0,MET, ,CG,68.32,9.14,0.0,1.42,1.0,<Residue MET het=  resseq=408 icode= >,4uuv_A_A,2.8
581,0.0,MET, ,SD,87.02,9.24,0.0,2.27,1.0,<Residue MET het=  resseq=408 icode= >,4uuv_A_A,2.8
582,0.0,MET, ,CE,59.07,8.76,0.0,1.26,1.0,<Residue MET het=  resseq=408 icode= >,4uuv_A_A,2.8
583,0.0,GLN, ,N,65.96,8.49,0.0,2.21,1.0,<Residue GLN het=  resseq=409 icode= >,4uuv_A_A,2.8
584,0.583,GLN, ,CA,66.68,7.34,0.0,2.98,1.0,<Residue GLN het=  resseq=409 icode= >,4uuv_A_A,2.8
585,0.0,GLN, ,C,70.49,6.56,0.0,2.92,1.0,<Residue GLN het=  resseq=409 icode= >,4uuv_A_A,2.8
586,0.0,GLN, ,O,68.18,7.27,0.0,1.98,1.0,<Residue GLN het=  resseq=409 icode= >,4uuv_A_A,2.8
587,3.402,GLN, ,CB,66.77,8.01,0.0,1.58,1.0,<Residue GLN het=  resseq=409 icode= >,4uuv_A_A,2.8
588,12.267,GLN, ,CG,85.82,8.72,0.0,0.31,1.0,<Residue GLN het=  resseq=409 icode= >,4uuv_A_A,2.8
589,5.565,GLN, ,CD,83.97,9.65,0.0,1.42,1.0,<Residue GLN het=  resseq=409 icode= >,4uuv_A_A,2.8
590,19.084,GLN, ,OE1,77.4,9.78,0.0,1.24,1.0,<Residue GLN het=  resseq=409 icode= >,4uuv_A_A,2.8
591,44.343,GLN, ,NE2,75.78,10.50,0.0,1.03,1.0,<Residue GLN het=  resseq=409 icode= >,4uuv_A_A,2.8
592,3.98,LYS, ,N,76.97,5.32,0.0,1.63,1.0,<Residue LYS het=  resseq=410 icode= >,4uuv_A_A,2.8
593,0.0,LYS, ,CA,64.17,4.78,0.0,2.54,1.0,<Residue LYS het=  resseq=410 icode= >,4uuv_A_A,2.8
594,0.0,LYS, ,C,65.79,5.51,0.0,3.02,1.0,<Residue LYS het=  resseq=410 icode= >,4uuv_A_A,2.8
595,15.072,LYS, ,O,68.91,5.68,0.0,1.52,1.0,<Residue LYS het=  resseq=410 icode= >,4uuv_A_A,2.8
596,13.629,LYS, ,CB,59.44,3.27,6.621,1.58,1.0,<Residue LYS het=  resseq=410 icode= >,4uuv_A_A,2.8
597,16.359,LYS, ,CG,57.2,3.26,12.092,1.51,1.0,<Residue LYS het=  resseq=410 icode= >,4uuv_A_A,2.8
598,2.205,LYS, ,CD,58.18,4.16,2.205,1.49,1.0,<Residue LYS het=  resseq=410 icode= >,4uuv_A_A,2.8
599,26.091,LYS, ,CE,55.83,3.42,25.283,1.45,1.0,<Residue LYS het=  resseq=410 icode= >,4uuv_A_A,2.8
600,2.273,LYS, ,NZ,53.81,3.60,0.597,0.88,1.0,<Residue LYS het=  resseq=410 icode= >,4uuv_A_A,2.8
601,0.0,VAL, ,N,65.31,6.35,0.0,2.44,1.0,<Residue VAL het=  resseq=411 icode= >,4uuv_A_A,2.8
602,3.395,VAL, ,CA,66.48,7.28,0.0,2.83,1.0,<Residue VAL het=  resseq=411 icode= >,4uuv_A_A,2.8
603,0.0,VAL, ,C,67.76,6.83,0.0,2.75,1.0,<Residue VAL het=  resseq=411 icode= >,4uuv_A_A,2.8
604,0.0,VAL, ,O,68.53,6.40,0.0,1.63,1.0,<Residue VAL het=  resseq=411 icode= >,4uuv_A_A,2.8
605,0.0,VAL, ,CB,61.86,8.28,0.0,2.63,1.0,<Residue VAL het=  resseq=411 icode= >,4uuv_A_A,2.8
606,17.238,VAL, ,CG1,64.16,9.05,0.0,0.40,1.0,<Residue VAL het=  resseq=411 icode= >,4uuv_A_A,2.8
607,1.339,VAL, ,CG2,64.71,9.24,0.0,0.65,1.0,<Residue VAL het=  resseq=411 icode= >,4uuv_A_A,2.8
608,4.545,ALA, ,N,66.08,6.65,0.0,2.00,1.0,<Residue ALA het=  resseq=412 icode= >,4uuv_A_A,2.8
609,4.156,ALA, ,CA,66.39,6.49,0.0,2.45,1.0,<Residue ALA het=  resseq=412 icode= >,4uuv_A_A,2.8
610,1.247,ALA, ,C,68.17,7.68,0.0,3.10,1.0,<Residue ALA het=  resseq=412 icode= >,4uuv_A_A,2.8
611,20.479,ALA, ,O,63.66,8.81,0.0,1.73,1.0,<Residue ALA het=  resseq=412 icode= >,4uuv_A_A,2.8
612,67.208,ALA, ,CB,61.74,6.77,0.0,0.63,1.0,<Residue ALA het=  resseq=412 icode= >,4uuv_A_A,2.8
613,11.557,GLY, ,N,65.17,6.87,0.0,2.46,1.0,<Residue GLY het=  resseq=413 icode= >,4uuv_A_A,2.8
614,38.333,GLY, ,CA,55.82,7.32,0.0,1.86,1.0,<Residue GLY het=  resseq=413 icode= >,4uuv_A_A,2.8
615,4.496,GLY, ,C,67.63,6.51,0.0,2.62,1.0,<Residue GLY het=  resseq=413 icode= >,4uuv_A_A,2.8
616,28.292,GLY, ,O,72.12,6.34,0.0,1.22,1.0,<Residue GLY het=  resseq=413 icode= >,4uuv_A_A,2.8
617,0.0,GLU, ,N,74.5,6.37,0.0,2.08,1.0,<Residue GLU het=  resseq=414 icode= >,4uuv_A_A,2.8
618,1.551,GLU, ,CA,73.58,6.06,0.0,2.50,1.0,<Residue GLU het=  resseq=414 icode= >,4uuv_A_A,2.8
619,0.496,GLU, ,C,60.64,4.61,0.0,3.22,1.0,<Residue GLU het=  resseq=414 icode= >,4uuv_A_A,2.8
620,1.5,GLU, ,O,70.39,3.84,0.461,1.53,1.0,<Residue GLU het=  resseq=414 icode= >,4uuv_A_A,2.8
621,0.031,GLU, ,CB,71.82,6.87,0.0,1.50,1.0,<Residue GLU het=  resseq=414 icode= >,4uuv_A_A,2.8
622,8.164,GLU, ,CG,65.48,8.30,0.0,1.73,1.0,<Residue GLU het=  resseq=414 icode= >,4uuv_A_A,2.8
623,10.682,GLU, ,CD,84.81,9.16,0.0,1.57,1.0,<Residue GLU het=  resseq=414 icode= >,4uuv_A_A,2.8
624,32.145,GLU, ,OE1,88.12,8.96,0.0,1.01,1.0,<Residue GLU het=  resseq=414 icode= >,4uuv_A_A,2.8
625,42.016,GLU, ,OE2,101.48,10.22,0.0,0.58,1.0,<Residue GLU het=  resseq=414 icode= >,4uuv_A_A,2.8
626,6.326,ARG, ,N,60.52,4.57,0.0,2.51,1.0,<Residue ARG het=  resseq=415 icode= >,4uuv_A_A,2.8
627,6.86,ARG, ,CA,50.57,3.58,4.384,3.34,1.0,<Residue ARG het=  resseq=415 icode= >,4uuv_A_A,2.8
628,0.0,ARG, ,C,57.77,3.71,0.0,3.66,1.0,<Residue ARG het=  resseq=415 icode= >,4uuv_A_A,2.8
629,0.434,ARG, ,O,58.34,4.91,0.0,1.94,1.0,<Residue ARG het=  resseq=415 icode= >,4uuv_A_A,2.8
630,20.26,ARG, ,CB,59.69,4.41,0.0,1.64,1.0,<Residue ARG het=  resseq=415 icode= >,4uuv_A_A,2.8
631,3.658,ARG, ,CG,60.27,4.29,0.488,1.78,1.0,<Residue ARG het=  resseq=415 icode= >,4uuv_A_A,2.8
632,14.687,ARG, ,CD,62.46,3.61,11.96,1.74,1.0,<Residue ARG het=  resseq=415 icode= >,4uuv_A_A,2.8
633,10.833,ARG, ,NE,68.65,4.57,0.0,1.47,1.0,<Residue ARG het=  resseq=415 icode= >,4uuv_A_A,2.8
634,8.722,ARG, ,CZ,82.49,4.59,2.723,1.47,1.0,<Residue ARG het=  resseq=415 icode= >,4uuv_A_A,2.8
635,50.218,ARG, ,NH1,77.53,3.66,23.543,0.79,1.0,<Residue ARG het=  resseq=415 icode= >,4uuv_A_A,2.8
636,59.241,ARG, ,NH2,86.16,5.82,32.009,0.31,1.0,<Residue ARG het=  resseq=415 icode= >,4uuv_A_A,2.8
637,3.477,TYR, ,N,55.61,2.88,3.477,2.99,1.0,<Residue TYR het=  resseq=416 icode= >,4uuv_A_A,2.8
638,0.159,TYR, ,CA,59.62,3.77,0.159,2.76,1.0,<Residue TYR het=  resseq=416 icode= >,4uuv_A_A,2.8
639,0.0,TYR, ,C,58.95,4.68,0.0,3.29,1.0,<Residue TYR het=  resseq=416 icode= >,4uuv_A_A,2.8
640,0.0,TYR, ,O,65.8,5.81,0.0,1.87,1.0,<Residue TYR het=  resseq=416 icode= >,4uuv_A_A,2.8
641,0.0,TYR, ,CB,65.67,4.95,0.0,1.13,1.0,<Residue TYR het=  resseq=416 icode= >,4uuv_A_A,2.8
642,0.0,TYR, ,CG,59.11,4.75,0.0,2.48,1.0,<Residue TYR het=  resseq=416 icode= >,4uuv_A_A,2.8
643,2.572,TYR, ,CD1,54.24,3.58,2.572,1.97,1.0,<Residue TYR het=  resseq=416 icode= >,4uuv_A_A,2.8
644,2.117,TYR, ,CD2,52.85,5.93,0.0,2.52,1.0,<Residue TYR het=  resseq=416 icode= >,4uuv_A_A,2.8
645,11.696,TYR, ,CE1,52.86,3.91,10.55,1.97,1.0,<Residue TYR het=  resseq=416 icode= >,4uuv_A_A,2.8
646,17.22,TYR, ,CE2,53.04,5.50,12.578,2.44,1.0,<Residue TYR het=  resseq=416 icode= >,4uuv_A_A,2.8
647,0.041,TYR, ,CZ,53.13,4.24,0.0,3.03,1.0,<Residue TYR het=  resseq=416 icode= >,4uuv_A_A,2.8
648,38.857,TYR, ,OH,54.0,3.74,27.05,1.39,1.0,<Residue TYR het=  resseq=416 icode= >,4uuv_A_A,2.8
649,0.0,VAL, ,N,54.78,4.54,0.0,2.75,1.0,<Residue VAL het=  resseq=417 icode= >,4uuv_A_A,2.8
650,0.0,VAL, ,CA,58.22,5.82,0.0,3.38,1.0,<Residue VAL het=  resseq=417 icode= >,4uuv_A_A,2.8
651,0.0,VAL, ,C,63.84,6.10,0.0,3.35,1.0,<Residue VAL het=  resseq=417 icode= >,4uuv_A_A,2.8
652,0.0,VAL, ,O,62.03,5.62,0.0,2.26,1.0,<Residue VAL het=  resseq=417 icode= >,4uuv_A_A,2.8
653,0.0,VAL, ,CB,63.41,6.45,0.0,2.58,1.0,<Residue VAL het=  resseq=417 icode= >,4uuv_A_A,2.8
654,0.167,VAL, ,CG1,57.17,7.82,0.0,1.21,1.0,<Residue VAL het=  resseq=417 icode= >,4uuv_A_A,2.8
655,7.824,VAL, ,CG2,62.86,6.82,0.0,0.53,1.0,<Residue VAL het=  resseq=417 icode= >,4uuv_A_A,2.8
656,0.0,TYR, ,N,66.56,7.19,0.0,2.52,1.0,<Residue TYR het=  resseq=418 icode= >,4uuv_A_A,2.8
657,0.0,TYR, ,CA,61.64,7.95,0.0,3.22,1.0,<Residue TYR het=  resseq=418 icode= >,4uuv_A_A,2.8
658,0.0,TYR, ,C,59.32,9.36,0.0,4.39,1.0,<Residue TYR het=  resseq=418 icode= >,4uuv_A_A,2.8
659,0.0,TYR, ,O,62.88,9.76,0.0,2.07,1.0,<Residue TYR het=  resseq=418 icode= >,4uuv_A_A,2.8
660,0.0,TYR, ,CB,54.66,8.14,0.0,2.10,1.0,<Residue TYR het=  resseq=418 icode= >,4uuv_A_A,2.8
661,0.0,TYR, ,CG,48.85,6.98,0.0,3.67,1.0,<Residue TYR het=  resseq=418 icode= >,4uuv_A_A,2.8
662,0.0,TYR, ,CD1,53.93,6.37,0.0,2.72,1.0,<Residue TYR het=  resseq=418 icode= >,4uuv_A_A,2.8
663,0.0,TYR, ,CD2,56.4,5.75,0.0,2.08,1.0,<Residue TYR het=  resseq=418 icode= >,4uuv_A_A,2.8
664,0.0,TYR, ,CE1,55.18,5.21,0.0,2.03,1.0,<Residue TYR het=  resseq=418 icode= >,4uuv_A_A,2.8
665,0.513,TYR, ,CE2,51.39,4.79,0.513,1.89,1.0,<Residue TYR het=  resseq=418 icode= >,4uuv_A_A,2.8
666,0.0,TYR, ,CZ,53.02,5.00,0.0,3.04,1.0,<Residue TYR het=  resseq=418 icode= >,4uuv_A_A,2.8
667,7.59,TYR, ,OH,54.63,4.11,5.689,1.40,1.0,<Residue TYR het=  resseq=418 icode= >,4uuv_A_A,2.8
668,0.0,LYS, ,N,51.39,9.79,0.0,3.27,1.0,<Residue LYS het=  resseq=419 icode= >,4uuv_A_A,2.8
669,0.0,LYS, ,CA,59.61,11.03,0.0,3.05,1.0,<Residue LYS het=  resseq=419 icode= >,4uuv_A_A,2.8
670,0.0,LYS, ,C,63.24,11.30,0.0,4.38,1.0,<Residue LYS het=  resseq=419 icode= >,4uuv_A_A,2.8
671,0.0,LYS, ,O,67.24,10.47,0.0,2.59,1.0,<Residue LYS het=  resseq=419 icode= >,4uuv_A_A,2.8
672,0.067,LYS, ,CB,66.87,11.26,0.0,1.48,1.0,<Residue LYS het=  resseq=419 icode= >,4uuv_A_A,2.8
673,0.0,LYS, ,CG,69.78,10.73,0.0,1.12,1.0,<Residue LYS het=  resseq=419 icode= >,4uuv_A_A,2.8
674,18.165,LYS, ,CD,61.4,11.46,0.0,1.64,1.0,<Residue LYS het=  resseq=419 icode= >,4uuv_A_A,2.8
675,34.943,LYS, ,CE,69.14,11.42,0.0,1.19,1.0,<Residue LYS het=  resseq=419 icode= >,4uuv_A_A,2.8
676,13.285,LYS, ,NZ,86.98,10.10,0.0,0.47,1.0,<Residue LYS het=  resseq=419 icode= >,4uuv_A_A,2.8
677,0.0,PHE, ,N,65.48,12.60,0.0,2.95,1.0,<Residue PHE het=  resseq=420 icode= >,4uuv_A_A,2.8
678,0.0,PHE, ,CA,70.46,13.20,0.0,3.00,1.0,<Residue PHE het=  resseq=420 icode= >,4uuv_A_A,2.8
679,0.0,PHE, ,C,69.91,13.44,0.0,2.97,1.0,<Residue PHE het=  resseq=420 icode= >,4uuv_A_A,2.8
680,4.495,PHE, ,O,68.73,13.81,0.0,1.94,1.0,<Residue PHE het=  resseq=420 icode= >,4uuv_A_A,2.8
681,1.611,PHE, ,CB,65.0,12.98,1.172,1.96,1.0,<Residue PHE het=  resseq=420 icode= >,4uuv_A_A,2.8
682,1.492,PHE, ,CG,59.36,11.91,1.492,2.81,1.0,<Residue PHE het=  resseq=420 icode= >,4uuv_A_A,2.8
683,1.263,PHE, ,CD1,64.52,12.33,1.263,1.73,1.0,<Residue PHE het=  resseq=420 icode= >,4uuv_A_A,2.8
684,4.065,PHE, ,CD2,66.19,10.63,4.065,1.80,1.0,<Residue PHE het=  resseq=420 icode= >,4uuv_A_A,2.8
685,0.392,PHE, ,CE1,64.44,11.56,0.392,1.46,1.0,<Residue PHE het=  resseq=420 icode= >,4uuv_A_A,2.8
686,1.595,PHE, ,CE2,69.81,9.72,1.595,1.46,1.0,<Residue PHE het=  resseq=420 icode= >,4uuv_A_A,2.8
687,0.091,PHE, ,CZ,63.06,10.24,0.091,1.72,1.0,<Residue PHE het=  resseq=420 icode= >,4uuv_A_A,2.8
688,0.0,VAL, ,N,76.73,13.43,0.0,1.99,1.0,<Residue VAL het=  resseq=421 icode= >,4uuv_A_A,2.8
689,0.407,VAL, ,CA,74.13,13.79,0.0,2.68,1.0,<Residue VAL het=  resseq=421 icode= >,4uuv_A_A,2.8
690,0.0,VAL, ,C,72.95,15.31,0.0,3.09,1.0,<Residue VAL het=  resseq=421 icode= >,4uuv_A_A,2.8
691,3.463,VAL, ,O,73.71,14.70,0.112,2.03,1.0,<Residue VAL het=  resseq=421 icode= >,4uuv_A_A,2.8
692,0.0,VAL, ,CB,70.12,13.29,0.0,2.26,1.0,<Residue VAL het=  resseq=421 icode= >,4uuv_A_A,2.8
693,13.788,VAL, ,CG1,72.34,13.62,0.0,0.50,1.0,<Residue VAL het=  resseq=421 icode= >,4uuv_A_A,2.8
694,0.021,VAL, ,CG2,70.08,11.84,0.0,0.69,1.0,<Residue VAL het=  resseq=421 icode= >,4uuv_A_A,2.8
695,4.767,CYS, ,N,86.09,15.90,0.0,2.17,1.0,<Residue CYS het=  resseq=422 icode= >,4uuv_A_A,2.8
696,2.923,CYS, ,CA,94.89,17.35,2.84,2.00,1.0,<Residue CYS het=  resseq=422 icode= >,4uuv_A_A,2.8
697,1.415,CYS, ,C,88.03,17.87,1.415,2.64,1.0,<Residue CYS het=  resseq=422 icode= >,4uuv_A_A,2.8
698,10.935,CYS, ,O,98.15,18.42,5.662,1.60,1.0,<Residue CYS het=  resseq=422 icode= >,4uuv_A_A,2.8
699,24.425,CYS, ,CB,99.91,17.93,1.336,1.26,1.0,<Residue CYS het=  resseq=422 icode= >,4uuv_A_A,2.8
700,67.69,CYS, ,SG,120.53,19.66,46.553,1.53,1.0,<Residue CYS het=  resseq=422 icode= >,4uuv_A_A,2.8
701,1.619,GLU, ,N,83.6,17.16,1.586,2.10,1.0,<Residue GLU het=  resseq=423 icode= >,4uuv_A_A,2.8
702,0.653,GLU, ,CA,86.03,17.71,0.653,2.48,1.0,<Residue GLU het=  resseq=423 icode= >,4uuv_A_A,2.8
703,3.845,GLU, ,C,82.95,17.19,3.845,3.52,1.0,<Residue GLU het=  resseq=423 icode= >,4uuv_A_A,2.8
704,2.973,GLU, ,O,78.44,16.08,2.613,2.25,1.0,<Residue GLU het=  resseq=423 icode= >,4uuv_A_A,2.8
705,2.017,GLU, ,CB,88.19,17.27,0.0,1.26,1.0,<Residue GLU het=  resseq=423 icode= >,4uuv_A_A,2.8
706,13.705,GLU, ,CG,92.78,16.67,0.0,0.69,1.0,<Residue GLU het=  resseq=423 icode= >,4uuv_A_A,2.8
707,9.112,GLU, ,CD,100.71,17.66,0.0,1.11,1.0,<Residue GLU het=  resseq=423 icode= >,4uuv_A_A,2.8
708,22.052,GLU, ,OE1,107.72,18.61,1.476,0.63,1.0,<Residue GLU het=  resseq=423 icode= >,4uuv_A_A,2.8
709,35.962,GLU, ,OE2,95.66,17.43,0.0,0.99,1.0,<Residue GLU het=  resseq=423 icode= >,4uuv_A_A,2.8
710,0.271,PRO, ,N,82.73,18.08,0.271,3.33,1.0,<Residue PRO het=  resseq=424 icode= >,4uuv_A_A,2.8
711,5.185,PRO, ,CA,74.36,17.71,5.185,3.07,1.0,<Residue PRO het=  resseq=424 icode= >,4uuv_A_A,2.8
712,1.283,PRO, ,C,74.57,16.72,0.0,3.48,1.0,<Residue PRO het=  resseq=424 icode= >,4uuv_A_A,2.8
713,6.506,PRO, ,O,82.78,16.09,4.181,1.26,1.0,<Residue PRO het=  resseq=424 icode= >,4uuv_A_A,2.8
714,33.716,PRO, ,CB,70.17,18.34,25.751,1.58,1.0,<Residue PRO het=  resseq=424 icode= >,4uuv_A_A,2.8
715,43.52,PRO, ,CG,69.41,19.07,32.375,1.44,1.0,<Residue PRO het=  resseq=424 icode= >,4uuv_A_A,2.8
716,15.701,PRO, ,CD,85.41,19.50,11.401,1.16,1.0,<Residue PRO het=  resseq=424 icode= >,4uuv_A_A,2.8
717,0.085,ASP, ,N,77.58,16.59,0.0,3.03,1.0,<Residue ASP het=  resseq=425 icode= >,4uuv_A_A,2.8
718,7.204,ASP, ,CA,80.72,15.67,2.613,2.49,1.0,<Residue ASP het=  resseq=425 icode= >,4uuv_A_A,2.8
719,0.117,ASP, ,C,77.07,14.21,0.0,3.28,1.0,<Residue ASP het=  resseq=425 icode= >,4uuv_A_A,2.8
720,3.117,ASP, ,O,77.4,13.35,0.0,1.28,1.0,<Residue ASP het=  resseq=425 icode= >,4uuv_A_A,2.8
721,24.575,ASP, ,CB,90.41,16.04,0.0,0.94,1.0,<Residue ASP het=  resseq=425 icode= >,4uuv_A_A,2.8
722,10.038,ASP, ,CG,106.31,17.31,0.0,0.72,1.0,<Residue ASP het=  resseq=425 icode= >,4uuv_A_A,2.8
723,18.833,ASP, ,OD1,98.11,17.49,0.0,0.52,1.0,<Residue ASP het=  resseq=425 icode= >,4uuv_A_A,2.8
724,41.058,ASP, ,OD2,108.58,17.74,0.0,0.23,1.0,<Residue ASP het=  resseq=425 icode= >,4uuv_A_A,2.8
725,0.158,ALA, ,N,78.76,14.01,0.0,2.55,1.0,<Residue ALA het=  resseq=426 icode= >,4uuv_A_A,2.8
726,0.0,ALA, ,CA,69.91,12.74,0.0,2.71,1.0,<Residue ALA het=  resseq=426 icode= >,4uuv_A_A,2.8
727,0.0,ALA, ,C,73.0,12.36,0.0,3.68,1.0,<Residue ALA het=  resseq=426 icode= >,4uuv_A_A,2.8
728,0.0,ALA, ,O,75.35,11.23,0.0,2.03,1.0,<Residue ALA het=  resseq=426 icode= >,4uuv_A_A,2.8
729,0.531,ALA, ,CB,75.2,12.98,0.0,0.23,1.0,<Residue ALA het=  resseq=426 icode= >,4uuv_A_A,2.8
730,0.144,LEU, ,N,74.27,13.45,0.0,3.11,1.0,<Residue LEU het=  resseq=427 icode= >,4uuv_A_A,2.8
731,0.036,LEU, ,CA,63.35,13.49,0.0,3.65,1.0,<Residue LEU het=  resseq=427 icode= >,4uuv_A_A,2.8
732,0.742,LEU, ,C,78.18,13.14,0.742,2.76,1.0,<Residue LEU het=  resseq=427 icode= >,4uuv_A_A,2.8
733,0.947,LEU, ,O,83.93,12.74,0.947,1.21,1.0,<Residue LEU het=  resseq=427 icode= >,4uuv_A_A,2.8
734,5.34,LEU, ,CB,70.02,13.92,4.852,2.02,1.0,<Residue LEU het=  resseq=427 icode= >,4uuv_A_A,2.8
735,7.502,LEU, ,CG,73.85,12.46,7.502,1.77,1.0,<Residue LEU het=  resseq=427 icode= >,4uuv_A_A,2.8
736,45.527,LEU, ,CD1,66.39,12.06,41.561,0.53,1.0,<Residue LEU het=  resseq=427 icode= >,4uuv_A_A,2.8
737,64.77,LEU, ,CD2,76.89,12.39,64.77,0.05,1.0,<Residue LEU het=  resseq=427 icode= >,4uuv_A_A,2.8
738,0.415,PHE, ,N,85.83,13.18,0.415,1.90,1.0,<Residue PHE het=  resseq=428 icode= >,4uuv_A_A,2.8
739,4.336,PHE, ,CA,76.44,12.57,4.336,2.52,1.0,<Residue PHE het=  resseq=428 icode= >,4uuv_A_A,2.8
740,0.0,PHE, ,C,75.99,11.05,0.0,3.31,1.0,<Residue PHE het=  resseq=428 icode= >,4uuv_A_A,2.8
741,0.0,PHE, ,O,80.78,10.41,0.0,1.11,1.0,<Residue PHE het=  resseq=428 icode= >,4uuv_A_A,2.8
742,10.732,PHE, ,CB,78.19,13.26,9.184,1.29,1.0,<Residue PHE het=  resseq=428 icode= >,4uuv_A_A,2.8
743,2.078,PHE, ,CG,80.12,12.93,2.078,2.00,1.0,<Residue PHE het=  resseq=428 icode= >,4uuv_A_A,2.8
744,18.483,PHE, ,CD1,74.66,13.60,18.483,1.78,1.0,<Residue PHE het=  resseq=428 icode= >,4uuv_A_A,2.8
745,13.33,PHE, ,CD2,79.02,12.16,2.654,1.48,1.0,<Residue PHE het=  resseq=428 icode= >,4uuv_A_A,2.8
746,24.144,PHE, ,CE1,69.88,13.53,17.658,1.57,1.0,<Residue PHE het=  resseq=428 icode= >,4uuv_A_A,2.8
747,19.79,PHE, ,CE2,71.57,12.08,3.338,1.41,1.0,<Residue PHE het=  resseq=428 icode= >,4uuv_A_A,2.8
748,27.194,PHE, ,CZ,76.37,12.78,5.454,1.27,1.0,<Residue PHE het=  resseq=428 icode= >,4uuv_A_A,2.8
749,0.0,SER, ,N,75.46,10.62,0.0,2.25,1.0,<Residue SER het=  resseq=429 icode= >,4uuv_A_A,2.8
750,0.766,SER, ,CA,75.76,9.23,0.0,2.56,1.0,<Residue SER het=  resseq=429 icode= >,4uuv_A_A,2.8
751,0.0,SER, ,C,74.43,8.52,0.0,3.20,1.0,<Residue SER het=  resseq=429 icode= >,4uuv_A_A,2.8
752,4.262,SER, ,O,74.74,7.31,0.0,1.63,1.0,<Residue SER het=  resseq=429 icode= >,4uuv_A_A,2.8
753,0.083,SER, ,CB,64.15,9.33,0.0,2.25,1.0,<Residue SER het=  resseq=429 icode= >,4uuv_A_A,2.8
754,13.709,SER, ,OG,78.71,10.17,0.0,1.15,1.0,<Residue SER het=  resseq=429 icode= >,4uuv_A_A,2.8
755,0.0,MET, ,N,71.87,9.29,0.0,3.14,1.0,<Residue MET het=  resseq=430 icode= >,4uuv_A_A,2.8
756,1.637,MET, ,CA,73.03,8.75,0.0,2.82,1.0,<Residue MET het=  resseq=430 icode= >,4uuv_A_A,2.8
757,1.251,MET, ,C,72.02,9.22,1.251,2.97,1.0,<Residue MET het=  resseq=430 icode= >,4uuv_A_A,2.8
758,12.661,MET, ,O,69.75,8.73,1.973,1.63,1.0,<Residue MET het=  resseq=430 icode= >,4uuv_A_A,2.8
759,5.69,MET, ,CB,72.68,9.43,5.419,1.69,1.0,<Residue MET het=  resseq=430 icode= >,4uuv_A_A,2.8
760,0.0,MET, ,CG,72.46,8.66,0.0,1.28,1.0,<Residue MET het=  resseq=430 icode= >,4uuv_A_A,2.8
761,15.924,MET, ,SD,123.72,9.93,15.924,-0.08,1.0,<Residue MET het=  resseq=430 icode= >,4uuv_A_A,2.8
762,12.036,MET, ,CE,104.52,10.94,4.041,-1.05,1.0,<Residue MET het=  resseq=430 icode= >,4uuv_A_A,2.8
763,0.389,ALA, ,N,73.22,10.02,0.389,2.48,1.0,<Residue ALA het=  resseq=431 icode= >,4uuv_A_A,2.8
764,10.336,ALA, ,CA,73.32,10.38,10.298,2.29,1.0,<Residue ALA het=  resseq=431 icode= >,4uuv_A_A,2.8
765,0.0,ALA, ,C,74.51,9.45,0.0,3.02,1.0,<Residue ALA het=  resseq=431 icode= >,4uuv_A_A,2.8
766,20.521,ALA, ,O,75.26,9.26,12.214,1.20,1.0,<Residue ALA het=  resseq=431 icode= >,4uuv_A_A,2.8
767,32.823,ALA, ,CB,71.02,11.02,32.823,0.35,1.0,<Residue ALA het=  resseq=431 icode= >,4uuv_A_A,2.8
768,0.0,PHE, ,N,71.29,9.01,0.0,2.50,1.0,<Residue PHE het=  resseq=432 icode= >,4uuv_A_A,2.8
769,2.272,PHE, ,CA,70.37,8.28,0.0,3.16,1.0,<Residue PHE het=  resseq=432 icode= >,4uuv_A_A,2.8
770,0.0,PHE, ,C,75.19,7.22,0.0,3.65,1.0,<Residue PHE het=  resseq=432 icode= >,4uuv_A_A,2.8
771,1.097,PHE, ,O,80.4,7.61,0.0,2.10,1.0,<Residue PHE het=  resseq=432 icode= >,4uuv_A_A,2.8
772,3.503,PHE, ,CB,73.53,9.31,0.0,1.65,1.0,<Residue PHE het=  resseq=432 icode= >,4uuv_A_A,2.8
773,1.446,PHE, ,CG,74.8,10.51,0.0,1.78,1.0,<Residue PHE het=  resseq=432 icode= >,4uuv_A_A,2.8
774,22.91,PHE, ,CD1,63.45,10.66,0.126,1.01,1.0,<Residue PHE het=  resseq=432 icode= >,4uuv_A_A,2.8
775,0.31,PHE, ,CD2,66.25,11.64,0.0,1.82,1.0,<Residue PHE het=  resseq=432 icode= >,4uuv_A_A,2.8
776,34.343,PHE, ,CE1,65.22,11.90,23.065,1.04,1.0,<Residue PHE het=  resseq=432 icode= >,4uuv_A_A,2.8
777,18.53,PHE, ,CE2,69.01,12.40,18.09,1.49,1.0,<Residue PHE het=  resseq=432 icode= >,4uuv_A_A,2.8
778,34.265,PHE, ,CZ,72.77,11.71,33.451,1.36,1.0,<Residue PHE het=  resseq=432 icode= >,4uuv_A_A,2.8
779,0.0,PRO, ,N,76.25,5.99,0.0,3.25,1.0,<Residue PRO het=  resseq=433 icode= >,4uuv_A_A,2.8
780,0.0,PRO, ,CA,76.87,4.91,0.0,2.71,1.0,<Residue PRO het=  resseq=433 icode= >,4uuv_A_A,2.8
781,0.0,PRO, ,C,93.57,4.81,0.0,2.22,1.0,<Residue PRO het=  resseq=433 icode= >,4uuv_A_A,2.8
782,5.969,PRO, ,O,95.91,4.59,2.461,1.12,1.0,<Residue PRO het=  resseq=433 icode= >,4uuv_A_A,2.8
783,16.669,PRO, ,CB,62.19,3.80,11.047,2.38,1.0,<Residue PRO het=  resseq=433 icode= >,4uuv_A_A,2.8
784,22.455,PRO, ,CG,67.15,4.39,4.745,2.10,1.0,<Residue PRO het=  resseq=433 icode= >,4uuv_A_A,2.8
785,12.83,PRO, ,CD,71.73,5.83,0.0,1.74,1.0,<Residue PRO het=  resseq=433 icode= >,4uuv_A_A,2.8
786,2.332,ASP, ,N,89.85,5.16,0.0,1.84,1.0,<Residue ASP het=  resseq=434 icode= >,4uuv_A_A,2.8
787,13.07,ASP, ,CA,80.95,5.47,0.0,1.79,1.0,<Residue ASP het=  resseq=434 icode= >,4uuv_A_A,2.8
788,31.959,ASP, ,C,84.56,4.48,0.0,1.48,1.0,<Residue ASP het=  resseq=434 icode= >,4uuv_A_A,2.8
789,30.369,ASP, ,O,74.55,3.30,14.923,1.98,1.0,<Residue ASP het=  resseq=434 icode= >,4uuv_A_A,2.8
790,25.447,ASP, ,CB,87.65,6.68,0.0,1.03,1.0,<Residue ASP het=  resseq=434 icode= >,4uuv_A_A,2.8
791,7.721,ASP, ,CG,97.04,7.88,0.0,1.33,1.0,<Residue ASP het=  resseq=434 icode= >,4uuv_A_A,2.8
792,21.25,ASP, ,OD1,98.11,8.13,0.0,0.84,1.0,<Residue ASP het=  resseq=434 icode= >,4uuv_A_A,2.8
793,25.004,ASP, ,OD2,90.8,8.76,0.0,0.85,1.0,<Residue ASP het=  resseq=434 icode= >,4uuv_A_A,2.8
