,ASA,aa,altloc,atom,bfac,d2r,dASA,dens,occ,residue,id,resolu
0,49.33,GLY, ,N,84.54,16.41,0.0,1.19,1.0,<Residue GLY het=  resseq=14 icode= >,4ux5_B_A,2.4
1,38.013,GLY, ,CA,78.8,16.85,0.0,1.27,1.0,<Residue GLY het=  resseq=14 icode= >,4ux5_B_A,2.4
2,3.357,GLY, ,C,72.63,16.32,0.0,2.93,1.0,<Residue GLY het=  resseq=14 icode= >,4ux5_B_A,2.4
3,16.397,GLY, ,O,70.62,15.33,0.0,2.07,1.0,<Residue GLY het=  resseq=14 icode= >,4ux5_B_A,2.4
4,0.498,PRO, ,N,62.8,17.08,0.0,3.16,1.0,<Residue PRO het=  resseq=15 icode= >,4ux5_B_A,2.4
5,2.674,PRO, ,CA,57.08,16.90,0.0,2.52,1.0,<Residue PRO het=  resseq=15 icode= >,4ux5_B_A,2.4
6,0.374,PRO, ,C,53.38,17.03,0.0,2.94,1.0,<Residue PRO het=  resseq=15 icode= >,4ux5_B_A,2.4
7,23.346,PRO, ,O,54.67,17.82,0.0,1.62,1.0,<Residue PRO het=  resseq=15 icode= >,4ux5_B_A,2.4
8,0.76,PRO, ,CB,56.08,17.01,0.0,1.50,1.0,<Residue PRO het=  resseq=15 icode= >,4ux5_B_A,2.4
9,37.959,PRO, ,CG,60.7,18.23,0.0,1.35,1.0,<Residue PRO het=  resseq=15 icode= >,4ux5_B_A,2.4
10,27.974,PRO, ,CD,65.4,18.32,0.0,1.98,1.0,<Residue PRO het=  resseq=15 icode= >,4ux5_B_A,2.4
11,0.0,GLY, ,N,46.6,15.97,0.0,2.42,1.0,<Residue GLY het=  resseq=16 icode= >,4ux5_B_A,2.4
12,19.368,GLY, ,CA,42.62,15.79,0.0,2.32,1.0,<Residue GLY het=  resseq=16 icode= >,4ux5_B_A,2.4
13,0.0,GLY, ,C,39.12,14.74,0.0,4.77,1.0,<Residue GLY het=  resseq=16 icode= >,4ux5_B_A,2.4
14,0.0,GLY, ,O,36.76,13.95,0.0,3.39,1.0,<Residue GLY het=  resseq=16 icode= >,4ux5_B_A,2.4
15,5.979,ILE, ,N,38.71,14.87,0.0,3.27,1.0,<Residue ILE het=  resseq=17 icode= >,4ux5_B_A,2.4
16,0.0,ILE, ,CA,39.72,14.08,0.0,3.37,1.0,<Residue ILE het=  resseq=17 icode= >,4ux5_B_A,2.4
17,0.0,ILE, ,C,38.69,13.05,0.0,4.87,1.0,<Residue ILE het=  resseq=17 icode= >,4ux5_B_A,2.4
18,6.365,ILE, ,O,41.13,13.49,0.0,2.98,1.0,<Residue ILE het=  resseq=17 icode= >,4ux5_B_A,2.4
19,5.124,ILE, ,CB,40.71,15.06,0.0,2.90,1.0,<Residue ILE het=  resseq=17 icode= >,4ux5_B_A,2.4
20,4.676,ILE, ,CG1,43.12,16.18,0.0,1.93,1.0,<Residue ILE het=  resseq=17 icode= >,4ux5_B_A,2.4
21,0.0,ILE, ,CG2,38.07,14.45,0.0,1.27,1.0,<Residue ILE het=  resseq=17 icode= >,4ux5_B_A,2.4
22,7.955,ILE, ,CD1,43.84,17.24,0.0,0.55,1.0,<Residue ILE het=  resseq=17 icode= >,4ux5_B_A,2.4
23,0.0,TYR, ,N,39.41,11.79,0.0,3.42,1.0,<Residue TYR het=  resseq=18 icode= >,4ux5_B_A,2.4
24,0.0,TYR, ,CA,38.81,10.78,0.0,3.67,1.0,<Residue TYR het=  resseq=18 icode= >,4ux5_B_A,2.4
25,0.0,TYR, ,C,38.86,10.13,0.0,4.46,1.0,<Residue TYR het=  resseq=18 icode= >,4ux5_B_A,2.4
26,0.0,TYR, ,O,37.99,10.29,0.0,2.70,1.0,<Residue TYR het=  resseq=18 icode= >,4ux5_B_A,2.4
27,0.0,TYR, ,CB,40.33,9.85,0.0,3.06,1.0,<Residue TYR het=  resseq=18 icode= >,4ux5_B_A,2.4
28,0.0,TYR, ,CG,46.77,10.71,0.0,3.21,1.0,<Residue TYR het=  resseq=18 icode= >,4ux5_B_A,2.4
29,0.0,TYR, ,CD1,49.76,11.27,0.0,2.20,1.0,<Residue TYR het=  resseq=18 icode= >,4ux5_B_A,2.4
30,0.0,TYR, ,CD2,47.67,11.19,0.0,2.62,1.0,<Residue TYR het=  resseq=18 icode= >,4ux5_B_A,2.4
31,22.194,TYR, ,CE1,52.84,12.22,0.0,2.41,1.0,<Residue TYR het=  resseq=18 icode= >,4ux5_B_A,2.4
32,0.964,TYR, ,CE2,50.37,12.15,0.0,2.05,1.0,<Residue TYR het=  resseq=18 icode= >,4ux5_B_A,2.4
33,1.976,TYR, ,CZ,53.49,12.63,0.0,3.05,1.0,<Residue TYR het=  resseq=18 icode= >,4ux5_B_A,2.4
34,24.36,TYR, ,OH,57.86,13.09,0.0,1.56,1.0,<Residue TYR het=  resseq=18 icode= >,4ux5_B_A,2.4
35,0.0,SER, ,N,39.43,9.63,0.0,3.30,1.0,<Residue SER het=  resseq=19 icode= >,4ux5_B_A,2.4
36,0.0,SER, ,CA,41.99,9.18,0.0,2.97,1.0,<Residue SER het=  resseq=19 icode= >,4ux5_B_A,2.4
37,0.901,SER, ,C,43.55,7.68,0.0,4.32,1.0,<Residue SER het=  resseq=19 icode= >,4ux5_B_A,2.4
38,2.41,SER, ,O,32.63,6.96,0.0,4.31,1.0,<Residue SER het=  resseq=19 icode= >,4ux5_B_A,2.4
39,21.546,SER, ,CB,45.31,9.84,0.0,2.60,1.0,<Residue SER het=  resseq=19 icode= >,4ux5_B_A,2.4
40,3.403,SER, ,OG,50.27,11.22,0.0,1.21,1.0,<Residue SER het=  resseq=19 icode= >,4ux5_B_A,2.4
41,0.647,ALA, ,N,39.14,7.40,0.0,3.03,1.0,<Residue ALA het=  resseq=20 icode= >,4ux5_B_A,2.4
42,8.994,ALA, ,CA,31.68,6.12,0.0,3.72,1.0,<Residue ALA het=  resseq=20 icode= >,4ux5_B_A,2.4
43,0.581,ALA, ,C,35.29,6.57,0.0,4.45,1.0,<Residue ALA het=  resseq=20 icode= >,4ux5_B_A,2.4
44,0.984,ALA, ,O,33.08,7.76,0.0,3.57,1.0,<Residue ALA het=  resseq=20 icode= >,4ux5_B_A,2.4
45,5.914,ALA, ,CB,32.34,5.55,3.953,2.15,1.0,<Residue ALA het=  resseq=20 icode= >,4ux5_B_A,2.4
46,5.868,THR, ,N,37.1,5.84,0.082,3.14,1.0,<Residue THR het=  resseq=21 icode= >,4ux5_B_A,2.4
47,0.0,THR, ,CA,38.12,5.90,0.0,2.82,1.0,<Residue THR het=  resseq=21 icode= >,4ux5_B_A,2.4
48,0.0,THR, ,C,38.46,4.51,0.0,4.39,1.0,<Residue THR het=  resseq=21 icode= >,4ux5_B_A,2.4
49,19.806,THR, ,O,40.18,3.91,11.277,3.36,1.0,<Residue THR het=  resseq=21 icode= >,4ux5_B_A,2.4
50,14.949,THR, ,CB,44.6,6.05,0.0,2.95,1.0,<Residue THR het=  resseq=21 icode= >,4ux5_B_A,2.4
51,22.294,THR, ,OG1,44.61,7.48,0.0,2.06,1.0,<Residue THR het=  resseq=21 icode= >,4ux5_B_A,2.4
52,20.025,THR, ,CG2,39.02,5.75,0.155,1.83,1.0,<Residue THR het=  resseq=21 icode= >,4ux5_B_A,2.4
53,0.0,TYR, ,N,36.11,4.40,0.0,3.23,1.0,<Residue TYR het=  resseq=22 icode= >,4ux5_B_A,2.4
54,3.199,TYR, ,CA,37.39,3.46,3.199,2.88,1.0,<Residue TYR het=  resseq=22 icode= >,4ux5_B_A,2.4
55,0.0,TYR, ,C,39.85,3.55,0.0,3.75,1.0,<Residue TYR het=  resseq=22 icode= >,4ux5_B_A,2.4
56,0.0,TYR, ,O,38.71,4.75,0.0,2.72,1.0,<Residue TYR het=  resseq=22 icode= >,4ux5_B_A,2.4
57,0.841,TYR, ,CB,33.85,4.41,0.078,2.30,1.0,<Residue TYR het=  resseq=22 icode= >,4ux5_B_A,2.4
58,0.0,TYR, ,CG,36.26,4.73,0.0,2.82,1.0,<Residue TYR het=  resseq=22 icode= >,4ux5_B_A,2.4
59,5.919,TYR, ,CD1,36.27,3.74,5.919,3.18,1.0,<Residue TYR het=  resseq=22 icode= >,4ux5_B_A,2.4
60,0.0,TYR, ,CD2,35.82,6.03,0.0,2.14,1.0,<Residue TYR het=  resseq=22 icode= >,4ux5_B_A,2.4
61,13.735,TYR, ,CE1,36.1,4.26,13.049,2.89,1.0,<Residue TYR het=  resseq=22 icode= >,4ux5_B_A,2.4
62,0.0,TYR, ,CE2,33.2,6.32,0.0,2.36,1.0,<Residue TYR het=  resseq=22 icode= >,4ux5_B_A,2.4
63,0.0,TYR, ,CZ,35.84,5.18,0.0,3.52,1.0,<Residue TYR het=  resseq=22 icode= >,4ux5_B_A,2.4
64,10.932,TYR, ,OH,37.63,4.99,1.449,3.03,1.0,<Residue TYR het=  resseq=22 icode= >,4ux5_B_A,2.4
65,11.677,SER, ,N,48.67,2.71,11.677,2.45,1.0,<Residue SER het=  resseq=23 icode= >,4ux5_B_A,2.4
66,16.258,SER, ,CA,49.97,3.62,5.65,2.89,1.0,<Residue SER het=  resseq=23 icode= >,4ux5_B_A,2.4
67,4.909,SER, ,C,44.61,4.72,0.0,3.55,1.0,<Residue SER het=  resseq=23 icode= >,4ux5_B_A,2.4
68,14.535,SER, ,O,49.94,5.88,0.0,2.18,1.0,<Residue SER het=  resseq=23 icode= >,4ux5_B_A,2.4
69,28.098,SER, ,CB,49.88,4.59,2.485,1.93,1.0,<Residue SER het=  resseq=23 icode= >,4ux5_B_A,2.4
70,20.934,SER, ,OG,53.72,3.87,18.355,1.34,1.0,<Residue SER het=  resseq=23 icode= >,4ux5_B_A,2.4
71,7.64,GLY, ,N,45.62,4.66,0.302,3.46,1.0,<Residue GLY het=  resseq=24 icode= >,4ux5_B_A,2.4
72,32.42,GLY, ,CA,46.24,5.99,0.0,2.22,1.0,<Residue GLY het=  resseq=24 icode= >,4ux5_B_A,2.4
73,0.366,GLY, ,C,48.83,6.86,0.0,3.67,1.0,<Residue GLY het=  resseq=24 icode= >,4ux5_B_A,2.4
74,19.474,GLY, ,O,43.15,8.06,0.0,3.06,1.0,<Residue GLY het=  resseq=24 icode= >,4ux5_B_A,2.4
75,0.0,ILE, ,N,39.57,6.47,0.0,3.23,1.0,<Residue ILE het=  resseq=25 icode= >,4ux5_B_A,2.4
76,0.0,ILE, ,CA,46.15,7.59,0.0,3.01,1.0,<Residue ILE het=  resseq=25 icode= >,4ux5_B_A,2.4
77,0.0,ILE, ,C,35.69,7.76,0.0,5.02,1.0,<Residue ILE het=  resseq=25 icode= >,4ux5_B_A,2.4
78,0.0,ILE, ,O,42.9,7.24,0.0,4.39,1.0,<Residue ILE het=  resseq=25 icode= >,4ux5_B_A,2.4
79,0.0,ILE, ,CB,41.26,7.81,0.0,1.99,1.0,<Residue ILE het=  resseq=25 icode= >,4ux5_B_A,2.4
80,6.699,ILE, ,CG1,40.71,7.81,0.0,2.06,1.0,<Residue ILE het=  resseq=25 icode= >,4ux5_B_A,2.4
81,1.419,ILE, ,CG2,34.77,9.24,0.0,1.51,1.0,<Residue ILE het=  resseq=25 icode= >,4ux5_B_A,2.4
82,50.212,ILE, ,CD1,42.18,8.91,0.0,1.24,1.0,<Residue ILE het=  resseq=25 icode= >,4ux5_B_A,2.4
83,0.0,PRO, ,N,36.62,8.76,0.0,3.95,1.0,<Residue PRO het=  resseq=26 icode= >,4ux5_B_A,2.4
84,0.0,PRO, ,CA,36.23,9.36,0.0,2.91,1.0,<Residue PRO het=  resseq=26 icode= >,4ux5_B_A,2.4
85,0.0,PRO, ,C,33.38,10.09,0.0,4.66,1.0,<Residue PRO het=  resseq=26 icode= >,4ux5_B_A,2.4
86,0.324,PRO, ,O,32.4,10.84,0.0,3.10,1.0,<Residue PRO het=  resseq=26 icode= >,4ux5_B_A,2.4
87,12.625,PRO, ,CB,38.36,10.50,0.0,2.83,1.0,<Residue PRO het=  resseq=26 icode= >,4ux5_B_A,2.4
88,33.221,PRO, ,CG,40.38,10.28,0.0,2.37,1.0,<Residue PRO het=  resseq=26 icode= >,4ux5_B_A,2.4
89,12.329,PRO, ,CD,38.62,9.60,0.0,2.93,1.0,<Residue PRO het=  resseq=26 icode= >,4ux5_B_A,2.4
90,0.394,VAL, ,N,32.55,10.06,0.0,3.57,1.0,<Residue VAL het=  resseq=27 icode= >,4ux5_B_A,2.4
91,0.0,VAL, ,CA,30.41,10.89,0.0,3.02,1.0,<Residue VAL het=  resseq=27 icode= >,4ux5_B_A,2.4
92,0.462,VAL, ,C,31.06,10.83,0.0,4.51,1.0,<Residue VAL het=  resseq=27 icode= >,4ux5_B_A,2.4
93,1.821,VAL, ,O,32.88,10.03,0.0,4.32,1.0,<Residue VAL het=  resseq=27 icode= >,4ux5_B_A,2.4
94,0.0,VAL, ,CB,31.5,10.42,0.0,2.96,1.0,<Residue VAL het=  resseq=27 icode= >,4ux5_B_A,2.4
95,0.0,VAL, ,CG1,33.54,9.79,0.0,1.73,1.0,<Residue VAL het=  resseq=27 icode= >,4ux5_B_A,2.4
96,0.0,VAL, ,CG2,29.65,9.01,0.0,2.01,1.0,<Residue VAL het=  resseq=27 icode= >,4ux5_B_A,2.4
97,0.0,TYR, ,N,31.42,11.84,0.0,2.87,1.0,<Residue TYR het=  resseq=28 icode= >,4ux5_B_A,2.4
98,0.0,TYR, ,CA,34.71,12.01,0.0,3.70,1.0,<Residue TYR het=  resseq=28 icode= >,4ux5_B_A,2.4
99,0.0,TYR, ,C,35.12,11.67,0.0,4.59,1.0,<Residue TYR het=  resseq=28 icode= >,4ux5_B_A,2.4
100,0.0,TYR, ,O,36.69,12.21,0.0,2.78,1.0,<Residue TYR het=  resseq=28 icode= >,4ux5_B_A,2.4
101,0.0,TYR, ,CB,38.07,13.49,0.0,2.29,1.0,<Residue TYR het=  resseq=28 icode= >,4ux5_B_A,2.4
102,0.0,TYR, ,CG,32.87,14.21,0.0,3.80,1.0,<Residue TYR het=  resseq=28 icode= >,4ux5_B_A,2.4
103,0.477,TYR, ,CD1,35.88,14.01,0.0,2.41,1.0,<Residue TYR het=  resseq=28 icode= >,4ux5_B_A,2.4
104,0.0,TYR, ,CD2,32.43,15.24,0.0,3.17,1.0,<Residue TYR het=  resseq=28 icode= >,4ux5_B_A,2.4
105,2.778,TYR, ,CE1,38.28,14.85,0.0,2.92,1.0,<Residue TYR het=  resseq=28 icode= >,4ux5_B_A,2.4
106,0.0,TYR, ,CE2,39.9,16.02,0.0,1.80,1.0,<Residue TYR het=  resseq=28 icode= >,4ux5_B_A,2.4
107,0.0,TYR, ,CZ,38.37,15.83,0.0,3.78,1.0,<Residue TYR het=  resseq=28 icode= >,4ux5_B_A,2.4
108,5.253,TYR, ,OH,39.78,16.75,0.0,1.99,1.0,<Residue TYR het=  resseq=28 icode= >,4ux5_B_A,2.4
109,0.0,GLU, ,N,36.59,10.96,0.0,3.89,1.0,<Residue GLU het=  resseq=29 icode= >,4ux5_B_A,2.4
110,0.0,GLU, ,CA,36.41,10.78,0.0,3.98,1.0,<Residue GLU het=  resseq=29 icode= >,4ux5_B_A,2.4
111,0.0,GLU, ,C,38.94,11.62,0.0,3.93,1.0,<Residue GLU het=  resseq=29 icode= >,4ux5_B_A,2.4
112,0.0,GLU, ,O,41.53,11.33,0.0,2.28,1.0,<Residue GLU het=  resseq=29 icode= >,4ux5_B_A,2.4
113,0.0,GLU, ,CB,30.17,9.33,0.0,3.41,1.0,<Residue GLU het=  resseq=29 icode= >,4ux5_B_A,2.4
114,0.0,GLU, ,CG,47.44,9.34,0.0,1.97,1.0,<Residue GLU het=  resseq=29 icode= >,4ux5_B_A,2.4
115,0.602,GLU, ,CD,50.5,8.03,0.0,2.31,1.0,<Residue GLU het=  resseq=29 icode= >,4ux5_B_A,2.4
116,0.211,GLU, ,OE1,52.4,7.13,0.0,1.30,1.0,<Residue GLU het=  resseq=29 icode= >,4ux5_B_A,2.4
117,7.384,GLU, ,OE2,51.66,8.08,0.0,1.74,1.0,<Residue GLU het=  resseq=29 icode= >,4ux5_B_A,2.4
118,0.0,TYR, ,N,37.61,12.81,0.0,3.11,1.0,<Residue TYR het=  resseq=30 icode= >,4ux5_B_A,2.4
119,0.0,TYR, ,CA,37.06,13.71,0.0,2.93,1.0,<Residue TYR het=  resseq=30 icode= >,4ux5_B_A,2.4
120,0.0,TYR, ,C,38.88,12.67,0.0,4.76,1.0,<Residue TYR het=  resseq=30 icode= >,4ux5_B_A,2.4
121,0.0,TYR, ,O,37.94,11.75,0.0,3.88,1.0,<Residue TYR het=  resseq=30 icode= >,4ux5_B_A,2.4
122,0.0,TYR, ,CB,35.02,14.29,0.0,2.62,1.0,<Residue TYR het=  resseq=30 icode= >,4ux5_B_A,2.4
123,0.0,TYR, ,CG,38.51,14.89,0.0,3.05,1.0,<Residue TYR het=  resseq=30 icode= >,4ux5_B_A,2.4
124,0.0,TYR, ,CD1,44.35,15.84,0.0,2.27,1.0,<Residue TYR het=  resseq=30 icode= >,4ux5_B_A,2.4
125,0.0,TYR, ,CD2,40.22,14.68,0.0,2.93,1.0,<Residue TYR het=  resseq=30 icode= >,4ux5_B_A,2.4
126,2.741,TYR, ,CE1,48.63,16.53,0.0,1.72,1.0,<Residue TYR het=  resseq=30 icode= >,4ux5_B_A,2.4
127,0.0,TYR, ,CE2,44.53,15.42,0.0,2.19,1.0,<Residue TYR het=  resseq=30 icode= >,4ux5_B_A,2.4
128,0.0,TYR, ,CZ,49.6,16.32,0.0,2.45,1.0,<Residue TYR het=  resseq=30 icode= >,4ux5_B_A,2.4
129,13.978,TYR, ,OH,55.58,17.15,0.0,1.75,1.0,<Residue TYR het=  resseq=30 icode= >,4ux5_B_A,2.4
130,0.0,GLN, ,N,41.23,12.96,0.0,3.50,1.0,<Residue GLN het=  resseq=31 icode= >,4ux5_B_A,2.4
131,0.0,GLN, ,CA,43.05,12.25,0.0,2.95,1.0,<Residue GLN het=  resseq=31 icode= >,4ux5_B_A,2.4
132,0.798,GLN, ,C,47.0,13.00,0.0,3.63,1.0,<Residue GLN het=  resseq=31 icode= >,4ux5_B_A,2.4
133,0.0,GLN, ,O,48.37,14.23,0.0,2.75,1.0,<Residue GLN het=  resseq=31 icode= >,4ux5_B_A,2.4
134,5.421,GLN, ,CB,43.59,12.18,0.0,1.45,1.0,<Residue GLN het=  resseq=31 icode= >,4ux5_B_A,2.4
135,1.505,GLN, ,CG,42.27,10.74,0.0,0.85,1.0,<Residue GLN het=  resseq=31 icode= >,4ux5_B_A,2.4
136,4.593,GLN, ,CD,46.01,9.80,0.0,2.17,1.0,<Residue GLN het=  resseq=31 icode= >,4ux5_B_A,2.4
137,17.408,GLN, ,OE1,48.33,10.22,0.0,1.30,1.0,<Residue GLN het=  resseq=31 icode= >,4ux5_B_A,2.4
138,17.885,GLN, ,NE2,47.1,8.51,0.0,0.58,1.0,<Residue GLN het=  resseq=31 icode= >,4ux5_B_A,2.4
139,0.146,PHE, ,N,49.11,12.36,0.0,2.49,1.0,<Residue PHE het=  resseq=32 icode= >,4ux5_B_A,2.4
140,1.391,PHE, ,CA,51.6,13.15,0.0,2.63,1.0,<Residue PHE het=  resseq=32 icode= >,4ux5_B_A,2.4
141,0.0,PHE, ,C,55.3,12.38,0.0,3.64,1.0,<Residue PHE het=  resseq=32 icode= >,4ux5_B_A,2.4
142,0.0,PHE, ,O,56.18,11.16,0.0,1.60,1.0,<Residue PHE het=  resseq=32 icode= >,4ux5_B_A,2.4
143,4.94,PHE, ,CB,46.61,13.80,0.0,2.26,1.0,<Residue PHE het=  resseq=32 icode= >,4ux5_B_A,2.4
144,0.0,PHE, ,CG,40.37,12.94,0.0,3.10,1.0,<Residue PHE het=  resseq=32 icode= >,4ux5_B_A,2.4
145,0.0,PHE, ,CD1,36.14,12.20,0.0,2.08,1.0,<Residue PHE het=  resseq=32 icode= >,4ux5_B_A,2.4
146,3.53,PHE, ,CD2,38.3,13.04,0.0,2.35,1.0,<Residue PHE het=  resseq=32 icode= >,4ux5_B_A,2.4
147,0.0,PHE, ,CE1,34.22,11.56,0.0,2.80,1.0,<Residue PHE het=  resseq=32 icode= >,4ux5_B_A,2.4
148,0.0,PHE, ,CE2,36.21,12.45,0.0,2.68,1.0,<Residue PHE het=  resseq=32 icode= >,4ux5_B_A,2.4
149,0.313,PHE, ,CZ,34.57,11.69,0.0,2.71,1.0,<Residue PHE het=  resseq=32 icode= >,4ux5_B_A,2.4
150,9.597,GLY, ,N,75.73,13.16,0.0,2.05,1.0,<Residue GLY het=  resseq=33 icode= >,4ux5_B_A,2.4
151,5.764,GLY, ,CA,78.29,12.71,0.0,1.93,1.0,<Residue GLY het=  resseq=33 icode= >,4ux5_B_A,2.4
152,7.678,GLY, ,C,80.79,12.89,0.0,1.77,1.0,<Residue GLY het=  resseq=33 icode= >,4ux5_B_A,2.4
153,38.105,GLY, ,O,82.23,13.41,0.0,1.57,1.0,<Residue GLY het=  resseq=33 icode= >,4ux5_B_A,2.4
154,2.419,LEU, ,N,79.95,12.15,0.0,1.08,1.0,<Residue LEU het=  resseq=36 icode= >,4ux5_B_A,2.4
155,0.0,LEU, ,CA,74.64,11.94,0.0,1.41,1.0,<Residue LEU het=  resseq=36 icode= >,4ux5_B_A,2.4
156,0.0,LEU, ,C,69.88,10.62,0.0,1.71,1.0,<Residue LEU het=  resseq=36 icode= >,4ux5_B_A,2.4
157,8.697,LEU, ,O,67.44,10.56,0.0,1.74,1.0,<Residue LEU het=  resseq=36 icode= >,4ux5_B_A,2.4
158,23.033,LEU, ,CB,75.98,12.34,0.0,1.97,1.0,<Residue LEU het=  resseq=36 icode= >,4ux5_B_A,2.4
159,13.623,LEU, ,CG,77.76,11.76,0.0,1.91,1.0,<Residue LEU het=  resseq=36 icode= >,4ux5_B_A,2.4
160,52.341,LEU, ,CD1,80.84,11.83,0.0,1.35,1.0,<Residue LEU het=  resseq=36 icode= >,4ux5_B_A,2.4
161,37.876,LEU, ,CD2,75.94,10.45,0.0,0.89,1.0,<Residue LEU het=  resseq=36 icode= >,4ux5_B_A,2.4
162,1.201,LYS, ,N,64.4,9.71,0.0,1.39,1.0,<Residue LYS het=  resseq=37 icode= >,4ux5_B_A,2.4
163,5.555,LYS, ,CA,56.15,8.42,0.0,2.62,1.0,<Residue LYS het=  resseq=37 icode= >,4ux5_B_A,2.4
164,2.648,LYS, ,C,48.76,7.80,0.0,3.64,1.0,<Residue LYS het=  resseq=37 icode= >,4ux5_B_A,2.4
165,18.157,LYS, ,O,48.63,6.62,0.0,2.15,1.0,<Residue LYS het=  resseq=37 icode= >,4ux5_B_A,2.4
166,21.873,LYS, ,CB,59.12,7.34,0.0,1.59,1.0,<Residue LYS het=  resseq=37 icode= >,4ux5_B_A,2.4
167,9.717,LYS, ,CG,63.11,7.04,0.0,1.28,1.0,<Residue LYS het=  resseq=37 icode= >,4ux5_B_A,2.4
168,31.554,LYS, ,CD,67.69,5.84,0.852,0.30,1.0,<Residue LYS het=  resseq=37 icode= >,4ux5_B_A,2.4
169,42.285,LYS, ,CE,71.87,5.88,0.0,0.57,1.0,<Residue LYS het=  resseq=37 icode= >,4ux5_B_A,2.4
170,48.611,LYS, ,NZ,73.98,4.97,5.825,0.47,1.0,<Residue LYS het=  resseq=37 icode= >,4ux5_B_A,2.4
171,0.0,GLU, ,N,47.1,8.50,0.0,3.07,1.0,<Residue GLU het=  resseq=38 icode= >,4ux5_B_A,2.4
172,6.154,GLU, ,CA,47.67,8.09,0.0,2.50,1.0,<Residue GLU het=  resseq=38 icode= >,4ux5_B_A,2.4
173,0.0,GLU, ,C,45.66,8.45,0.0,3.51,1.0,<Residue GLU het=  resseq=38 icode= >,4ux5_B_A,2.4
174,0.773,GLU, ,O,42.4,9.31,0.0,3.17,1.0,<Residue GLU het=  resseq=38 icode= >,4ux5_B_A,2.4
175,6.576,GLU, ,CB,50.1,9.06,0.0,1.22,1.0,<Residue GLU het=  resseq=38 icode= >,4ux5_B_A,2.4
176,19.143,GLU, ,CG,55.06,9.51,0.0,1.33,1.0,<Residue GLU het=  resseq=38 icode= >,4ux5_B_A,2.4
177,8.106,GLU, ,CD,59.41,10.66,0.0,2.00,1.0,<Residue GLU het=  resseq=38 icode= >,4ux5_B_A,2.4
178,8.945,GLU, ,OE1,58.15,10.66,0.0,1.74,1.0,<Residue GLU het=  resseq=38 icode= >,4ux5_B_A,2.4
179,14.487,GLU, ,OE2,63.88,11.70,0.0,0.91,1.0,<Residue GLU het=  resseq=38 icode= >,4ux5_B_A,2.4
180,2.168,HIS, ,N,43.36,8.04,0.0,2.84,1.0,<Residue HIS het=  resseq=39 icode= >,4ux5_B_A,2.4
181,0.0,HIS, ,CA,43.35,8.68,0.0,3.68,1.0,<Residue HIS het=  resseq=39 icode= >,4ux5_B_A,2.4
182,0.0,HIS, ,C,36.69,8.89,0.0,5.06,1.0,<Residue HIS het=  resseq=39 icode= >,4ux5_B_A,2.4
183,5.857,HIS, ,O,36.81,8.23,0.0,4.35,1.0,<Residue HIS het=  resseq=39 icode= >,4ux5_B_A,2.4
184,1.858,HIS, ,CB,43.17,8.16,0.0,2.34,1.0,<Residue HIS het=  resseq=39 icode= >,4ux5_B_A,2.4
185,0.0,HIS, ,CG,45.6,6.80,0.0,3.04,1.0,<Residue HIS het=  resseq=39 icode= >,4ux5_B_A,2.4
186,5.108,HIS, ,ND1,48.46,5.67,0.0,2.56,1.0,<Residue HIS het=  resseq=39 icode= >,4ux5_B_A,2.4
187,0.0,HIS, ,CD2,45.79,6.60,0.0,1.59,1.0,<Residue HIS het=  resseq=39 icode= >,4ux5_B_A,2.4
188,18.917,HIS, ,CE1,48.34,4.63,6.873,2.22,1.0,<Residue HIS het=  resseq=39 icode= >,4ux5_B_A,2.4
189,1.596,HIS, ,NE2,46.07,5.29,0.052,2.21,1.0,<Residue HIS het=  resseq=39 icode= >,4ux5_B_A,2.4
190,0.0,VAL, ,N,35.63,10.02,0.0,3.71,1.0,<Residue VAL het=  resseq=40 icode= >,4ux5_B_A,2.4
191,0.0,VAL, ,CA,34.31,10.57,0.0,3.66,1.0,<Residue VAL het=  resseq=40 icode= >,4ux5_B_A,2.4
192,0.0,VAL, ,C,35.31,11.27,0.0,4.60,1.0,<Residue VAL het=  resseq=40 icode= >,4ux5_B_A,2.4
193,0.0,VAL, ,O,33.3,12.07,0.0,3.58,1.0,<Residue VAL het=  resseq=40 icode= >,4ux5_B_A,2.4
194,0.0,VAL, ,CB,37.39,11.72,0.0,3.43,1.0,<Residue VAL het=  resseq=40 icode= >,4ux5_B_A,2.4
195,0.0,VAL, ,CG1,34.11,12.44,0.0,2.14,1.0,<Residue VAL het=  resseq=40 icode= >,4ux5_B_A,2.4
196,0.0,VAL, ,CG2,39.43,11.34,0.0,1.52,1.0,<Residue VAL het=  resseq=40 icode= >,4ux5_B_A,2.4
197,0.0,MET, ,N,31.5,11.14,0.0,4.11,1.0,<Residue MET het=  resseq=41 icode= >,4ux5_B_A,2.4
198,0.0,MET, ,CA,30.49,11.83,0.0,4.38,1.0,<Residue MET het=  resseq=41 icode= >,4ux5_B_A,2.4
199,0.0,MET, ,C,36.27,12.91,0.0,5.56,1.0,<Residue MET het=  resseq=41 icode= >,4ux5_B_A,2.4
200,0.0,MET, ,O,29.61,12.55,0.0,4.60,1.0,<Residue MET het=  resseq=41 icode= >,4ux5_B_A,2.4
201,0.0,MET, ,CB,34.6,10.88,0.0,1.90,1.0,<Residue MET het=  resseq=41 icode= >,4ux5_B_A,2.4
202,0.0,MET, ,CG,34.92,10.00,0.0,2.41,1.0,<Residue MET het=  resseq=41 icode= >,4ux5_B_A,2.4
203,0.0,MET, ,SD,41.4,9.24,0.0,5.11,1.0,<Residue MET het=  resseq=41 icode= >,4ux5_B_A,2.4
204,0.0,MET, ,CE,66.46,8.41,0.0,0.69,1.0,<Residue MET het=  resseq=41 icode= >,4ux5_B_A,2.4
205,0.0,ARG, ,N,35.27,14.04,0.0,4.35,1.0,<Residue ARG het=  resseq=42 icode= >,4ux5_B_A,2.4
206,0.0,ARG, ,CA,35.47,15.08,0.0,3.49,1.0,<Residue ARG het=  resseq=42 icode= >,4ux5_B_A,2.4
207,0.0,ARG, ,C,29.17,14.31,0.0,5.14,1.0,<Residue ARG het=  resseq=42 icode= >,4ux5_B_A,2.4
208,0.0,ARG, ,O,29.8,13.68,0.0,3.76,1.0,<Residue ARG het=  resseq=42 icode= >,4ux5_B_A,2.4
209,0.0,ARG, ,CB,37.87,16.06,0.0,3.25,1.0,<Residue ARG het=  resseq=42 icode= >,4ux5_B_A,2.4
210,0.0,ARG, ,CG,40.17,17.15,0.0,1.28,1.0,<Residue ARG het=  resseq=42 icode= >,4ux5_B_A,2.4
211,0.0,ARG, ,CD,39.83,17.87,0.0,1.75,1.0,<Residue ARG het=  resseq=42 icode= >,4ux5_B_A,2.4
212,0.0,ARG, ,NE,40.76,18.38,0.0,3.04,1.0,<Residue ARG het=  resseq=42 icode= >,4ux5_B_A,2.4
213,0.0,ARG, ,CZ,41.99,19.28,0.0,3.71,1.0,<Residue ARG het=  resseq=42 icode= >,4ux5_B_A,2.4
214,5.543,ARG, ,NH1,39.06,19.76,0.0,2.93,1.0,<Residue ARG het=  resseq=42 icode= >,4ux5_B_A,2.4
215,0.227,ARG, ,NH2,43.7,19.80,0.0,1.12,1.0,<Residue ARG het=  resseq=42 icode= >,4ux5_B_A,2.4
216,0.0,ARG, ,N,28.48,14.26,0.0,4.00,1.0,<Residue ARG het=  resseq=43 icode= >,4ux5_B_A,2.4
217,0.0,ARG, ,CA,32.94,13.60,0.0,3.39,1.0,<Residue ARG het=  resseq=43 icode= >,4ux5_B_A,2.4
218,0.0,ARG, ,C,32.98,14.44,0.0,4.09,1.0,<Residue ARG het=  resseq=43 icode= >,4ux5_B_A,2.4
219,0.0,ARG, ,O,39.12,15.65,0.0,3.00,1.0,<Residue ARG het=  resseq=43 icode= >,4ux5_B_A,2.4
220,0.0,ARG, ,CB,35.74,13.62,0.0,2.78,1.0,<Residue ARG het=  resseq=43 icode= >,4ux5_B_A,2.4
221,0.0,ARG, ,CG,35.01,12.53,0.0,2.58,1.0,<Residue ARG het=  resseq=43 icode= >,4ux5_B_A,2.4
222,3.834,ARG, ,CD,38.21,12.49,0.0,2.66,1.0,<Residue ARG het=  resseq=43 icode= >,4ux5_B_A,2.4
223,1.278,ARG, ,NE,39.17,13.79,0.0,2.97,1.0,<Residue ARG het=  resseq=43 icode= >,4ux5_B_A,2.4
224,3.312,ARG, ,CZ,39.45,14.13,0.0,4.21,1.0,<Residue ARG het=  resseq=43 icode= >,4ux5_B_A,2.4
225,2.809,ARG, ,NH1,42.72,13.30,0.0,2.28,1.0,<Residue ARG het=  resseq=43 icode= >,4ux5_B_A,2.4
226,4.979,ARG, ,NH2,35.33,15.03,0.0,2.23,1.0,<Residue ARG het=  resseq=43 icode= >,4ux5_B_A,2.4
227,0.0,ARG, ,N,33.23,13.88,0.0,3.22,1.0,<Residue ARG het=  resseq=44 icode= >,4ux5_B_A,2.4
228,0.0,ARG, ,CA,37.91,14.74,0.0,3.30,1.0,<Residue ARG het=  resseq=44 icode= >,4ux5_B_A,2.4
229,0.0,ARG, ,C,42.22,15.55,0.0,3.73,1.0,<Residue ARG het=  resseq=44 icode= >,4ux5_B_A,2.4
230,16.881,ARG, ,O,42.33,16.72,0.0,2.32,1.0,<Residue ARG het=  resseq=44 icode= >,4ux5_B_A,2.4
231,1.207,ARG, ,CB,42.91,14.02,0.0,2.41,1.0,<Residue ARG het=  resseq=44 icode= >,4ux5_B_A,2.4
232,3.104,ARG, ,CG,49.03,15.02,0.0,2.31,1.0,<Residue ARG het=  resseq=44 icode= >,4ux5_B_A,2.4
233,10.994,ARG, ,CD,56.62,14.43,0.0,1.86,1.0,<Residue ARG het=  resseq=44 icode= >,4ux5_B_A,2.4
234,3.271,ARG, ,NE,65.54,15.44,0.0,1.28,1.0,<Residue ARG het=  resseq=44 icode= >,4ux5_B_A,2.4
235,7.159,ARG, ,CZ,73.4,16.37,0.0,1.11,1.0,<Residue ARG het=  resseq=44 icode= >,4ux5_B_A,2.4
236,47.481,ARG, ,NH1,75.34,16.45,0.0,0.40,1.0,<Residue ARG het=  resseq=44 icode= >,4ux5_B_A,2.4
237,32.926,ARG, ,NH2,77.57,17.12,0.0,0.60,1.0,<Residue ARG het=  resseq=44 icode= >,4ux5_B_A,2.4
238,0.396,VAL, ,N,43.87,15.05,0.0,3.12,1.0,<Residue VAL het=  resseq=45 icode= >,4ux5_B_A,2.4
239,7.507,VAL, ,CA,35.23,15.84,0.0,2.59,1.0,<Residue VAL het=  resseq=45 icode= >,4ux5_B_A,2.4
240,1.101,VAL, ,C,38.47,17.02,0.0,3.81,1.0,<Residue VAL het=  resseq=45 icode= >,4ux5_B_A,2.4
241,25.899,VAL, ,O,41.28,18.08,0.0,2.72,1.0,<Residue VAL het=  resseq=45 icode= >,4ux5_B_A,2.4
242,9.631,VAL, ,CB,51.89,15.04,0.0,1.42,1.0,<Residue VAL het=  resseq=45 icode= >,4ux5_B_A,2.4
243,21.336,VAL, ,CG1,32.8,14.62,0.0,1.88,1.0,<Residue VAL het=  resseq=45 icode= >,4ux5_B_A,2.4
244,59.592,VAL, ,CG2,38.24,15.98,0.0,1.38,1.0,<Residue VAL het=  resseq=45 icode= >,4ux5_B_A,2.4
245,0.0,ASP, ,N,32.85,16.95,0.0,3.43,1.0,<Residue ASP het=  resseq=46 icode= >,4ux5_B_A,2.4
246,8.837,ASP, ,CA,40.67,18.11,0.0,3.42,1.0,<Residue ASP het=  resseq=46 icode= >,4ux5_B_A,2.4
247,1.838,ASP, ,C,38.82,18.55,0.0,4.69,1.0,<Residue ASP het=  resseq=46 icode= >,4ux5_B_A,2.4
248,13.914,ASP, ,O,42.27,19.54,0.0,3.08,1.0,<Residue ASP het=  resseq=46 icode= >,4ux5_B_A,2.4
249,22.625,ASP, ,CB,39.47,17.95,0.0,2.30,1.0,<Residue ASP het=  resseq=46 icode= >,4ux5_B_A,2.4
250,0.0,ASP, ,CG,36.94,16.72,0.0,5.08,1.0,<Residue ASP het=  resseq=46 icode= >,4ux5_B_A,2.4
251,0.0,ASP, ,OD1,33.07,16.04,0.0,3.82,1.0,<Residue ASP het=  resseq=46 icode= >,4ux5_B_A,2.4
252,12.269,ASP, ,OD2,39.06,16.53,0.0,3.29,1.0,<Residue ASP het=  resseq=46 icode= >,4ux5_B_A,2.4
253,0.057,ASP, ,N,37.25,17.89,0.0,3.59,1.0,<Residue ASP het=  resseq=47 icode= >,4ux5_B_A,2.4
254,0.0,ASP, ,CA,35.87,18.34,0.0,3.21,1.0,<Residue ASP het=  resseq=47 icode= >,4ux5_B_A,2.4
255,0.0,ASP, ,C,33.97,18.35,0.0,4.81,1.0,<Residue ASP het=  resseq=47 icode= >,4ux5_B_A,2.4
256,0.0,ASP, ,O,33.86,19.07,0.0,3.96,1.0,<Residue ASP het=  resseq=47 icode= >,4ux5_B_A,2.4
257,7.493,ASP, ,CB,37.08,19.78,0.0,2.22,1.0,<Residue ASP het=  resseq=47 icode= >,4ux5_B_A,2.4
258,2.527,ASP, ,CG,39.93,19.93,0.0,3.91,1.0,<Residue ASP het=  resseq=47 icode= >,4ux5_B_A,2.4
259,3.188,ASP, ,OD1,36.93,19.08,0.0,2.67,1.0,<Residue ASP het=  resseq=47 icode= >,4ux5_B_A,2.4
260,38.853,ASP, ,OD2,46.62,20.99,0.0,1.53,1.0,<Residue ASP het=  resseq=47 icode= >,4ux5_B_A,2.4
261,0.0,TRP, ,N,32.65,17.52,0.0,3.92,1.0,<Residue TRP het=  resseq=48 icode= >,4ux5_B_A,2.4
262,0.0,TRP, ,CA,31.63,16.36,0.0,4.12,1.0,<Residue TRP het=  resseq=48 icode= >,4ux5_B_A,2.4
263,0.0,TRP, ,C,29.43,15.24,0.0,6.03,1.0,<Residue TRP het=  resseq=48 icode= >,4ux5_B_A,2.4
264,0.0,TRP, ,O,30.61,15.17,0.0,4.33,1.0,<Residue TRP het=  resseq=48 icode= >,4ux5_B_A,2.4
265,0.0,TRP, ,CB,28.89,15.83,0.0,3.04,1.0,<Residue TRP het=  resseq=48 icode= >,4ux5_B_A,2.4
266,0.0,TRP, ,CG,32.54,16.59,0.0,3.58,1.0,<Residue TRP het=  resseq=48 icode= >,4ux5_B_A,2.4
267,0.995,TRP, ,CD1,34.2,17.88,0.0,3.47,1.0,<Residue TRP het=  resseq=48 icode= >,4ux5_B_A,2.4
268,0.0,TRP, ,CD2,35.54,15.80,0.0,3.43,1.0,<Residue TRP het=  resseq=48 icode= >,4ux5_B_A,2.4
269,15.894,TRP, ,NE1,38.38,17.99,0.0,3.68,1.0,<Residue TRP het=  resseq=48 icode= >,4ux5_B_A,2.4
270,1.696,TRP, ,CE2,38.52,16.76,0.0,4.20,1.0,<Residue TRP het=  resseq=48 icode= >,4ux5_B_A,2.4
271,0.0,TRP, ,CE3,36.76,14.44,0.0,2.31,1.0,<Residue TRP het=  resseq=48 icode= >,4ux5_B_A,2.4
272,9.37,TRP, ,CZ2,41.61,16.52,0.0,2.22,1.0,<Residue TRP het=  resseq=48 icode= >,4ux5_B_A,2.4
273,0.535,TRP, ,CZ3,38.56,14.14,0.0,2.30,1.0,<Residue TRP het=  resseq=48 icode= >,4ux5_B_A,2.4
274,11.17,TRP, ,CH2,41.94,15.23,0.0,1.92,1.0,<Residue TRP het=  resseq=48 icode= >,4ux5_B_A,2.4
275,0.0,ILE, ,N,28.38,14.50,0.0,4.08,1.0,<Residue ILE het=  resseq=49 icode= >,4ux5_B_A,2.4
276,0.0,ILE, ,CA,31.03,13.56,0.0,3.32,1.0,<Residue ILE het=  resseq=49 icode= >,4ux5_B_A,2.4
277,0.0,ILE, ,C,30.96,12.15,0.0,5.64,1.0,<Residue ILE het=  resseq=49 icode= >,4ux5_B_A,2.4
278,0.0,ILE, ,O,24.6,12.06,0.0,4.30,1.0,<Residue ILE het=  resseq=49 icode= >,4ux5_B_A,2.4
279,0.0,ILE, ,CB,30.28,14.13,0.0,4.09,1.0,<Residue ILE het=  resseq=49 icode= >,4ux5_B_A,2.4
280,0.0,ILE, ,CG1,33.19,13.70,0.0,2.48,1.0,<Residue ILE het=  resseq=49 icode= >,4ux5_B_A,2.4
281,0.0,ILE, ,CG2,30.49,13.97,0.0,3.07,1.0,<Residue ILE het=  resseq=49 icode= >,4ux5_B_A,2.4
282,0.0,ILE, ,CD1,36.97,14.67,0.0,1.13,1.0,<Residue ILE het=  resseq=49 icode= >,4ux5_B_A,2.4
283,0.0,ASN, ,N,28.07,11.17,0.0,4.41,1.0,<Residue ASN het=  resseq=50 icode= >,4ux5_B_A,2.4
284,0.0,ASN, ,CA,29.07,9.76,0.0,3.92,1.0,<Residue ASN het=  resseq=50 icode= >,4ux5_B_A,2.4
285,0.0,ASN, ,C,30.29,9.43,0.0,5.11,1.0,<Residue ASN het=  resseq=50 icode= >,4ux5_B_A,2.4
286,0.0,ASN, ,O,30.52,9.43,0.0,3.87,1.0,<Residue ASN het=  resseq=50 icode= >,4ux5_B_A,2.4
287,0.0,ASN, ,CB,31.95,8.98,0.0,2.44,1.0,<Residue ASN het=  resseq=50 icode= >,4ux5_B_A,2.4
288,0.0,ASN, ,CG,32.71,7.56,0.0,4.90,1.0,<Residue ASN het=  resseq=50 icode= >,4ux5_B_A,2.4
289,0.0,ASN, ,OD1,31.28,6.86,0.0,3.92,1.0,<Residue ASN het=  resseq=50 icode= >,4ux5_B_A,2.4
290,0.0,ASN, ,ND2,33.0,7.34,0.0,2.52,1.0,<Residue ASN het=  resseq=50 icode= >,4ux5_B_A,2.4
291,0.0,ALA, ,N,29.87,9.43,0.0,4.03,1.0,<Residue ALA het=  resseq=51 icode= >,4ux5_B_A,2.4
292,0.0,ALA, ,CA,31.19,9.51,0.0,3.64,1.0,<Residue ALA het=  resseq=51 icode= >,4ux5_B_A,2.4
293,0.0,ALA, ,C,30.76,8.28,0.0,5.17,1.0,<Residue ALA het=  resseq=51 icode= >,4ux5_B_A,2.4
294,0.0,ALA, ,O,34.87,8.54,0.0,3.06,1.0,<Residue ALA het=  resseq=51 icode= >,4ux5_B_A,2.4
295,0.0,ALA, ,CB,28.61,10.12,0.0,2.04,1.0,<Residue ALA het=  resseq=51 icode= >,4ux5_B_A,2.4
296,0.0,THR, ,N,27.47,7.09,0.0,4.06,1.0,<Residue THR het=  resseq=52 icode= >,4ux5_B_A,2.4
297,0.0,THR, ,CA,28.53,5.88,0.0,3.06,1.0,<Residue THR het=  resseq=52 icode= >,4ux5_B_A,2.4
298,0.0,THR, ,C,36.82,6.10,0.0,3.96,1.0,<Residue THR het=  resseq=52 icode= >,4ux5_B_A,2.4
299,0.0,THR, ,O,39.38,6.07,0.0,3.24,1.0,<Residue THR het=  resseq=52 icode= >,4ux5_B_A,2.4
300,0.0,THR, ,CB,33.24,4.62,0.0,2.94,1.0,<Residue THR het=  resseq=52 icode= >,4ux5_B_A,2.4
301,0.886,THR, ,OG1,33.62,4.95,0.0,3.42,1.0,<Residue THR het=  resseq=52 icode= >,4ux5_B_A,2.4
302,21.561,THR, ,CG2,29.72,3.37,16.548,1.86,1.0,<Residue THR het=  resseq=52 icode= >,4ux5_B_A,2.4
303,0.0,HIS, ,N,34.93,6.73,0.0,2.89,1.0,<Residue HIS het=  resseq=53 icode= >,4ux5_B_A,2.4
304,0.42,HIS, ,CA,26.73,7.44,0.0,3.47,1.0,<Residue HIS het=  resseq=53 icode= >,4ux5_B_A,2.4
305,0.0,HIS, ,C,31.0,8.53,0.0,4.53,1.0,<Residue HIS het=  resseq=53 icode= >,4ux5_B_A,2.4
306,1.047,HIS, ,O,33.05,8.95,0.0,3.84,1.0,<Residue HIS het=  resseq=53 icode= >,4ux5_B_A,2.4
307,0.0,HIS, ,CB,25.13,8.28,0.0,2.77,1.0,<Residue HIS het=  resseq=53 icode= >,4ux5_B_A,2.4
308,0.0,HIS, ,CG,33.28,7.69,0.0,3.24,1.0,<Residue HIS het=  resseq=53 icode= >,4ux5_B_A,2.4
309,0.0,HIS, ,ND1,30.61,8.42,0.0,3.20,1.0,<Residue HIS het=  resseq=53 icode= >,4ux5_B_A,2.4
310,6.308,HIS, ,CD2,33.75,6.49,0.0,3.05,1.0,<Residue HIS het=  resseq=53 icode= >,4ux5_B_A,2.4
311,0.0,HIS, ,CE1,29.6,7.52,0.0,3.57,1.0,<Residue HIS het=  resseq=53 icode= >,4ux5_B_A,2.4
312,2.345,HIS, ,NE2,30.38,6.42,0.0,3.19,1.0,<Residue HIS het=  resseq=53 icode= >,4ux5_B_A,2.4
313,0.0,ILE, ,N,32.25,9.22,0.0,3.19,1.0,<Residue ILE het=  resseq=54 icode= >,4ux5_B_A,2.4
314,0.0,ILE, ,CA,30.49,10.43,0.0,3.49,1.0,<Residue ILE het=  resseq=54 icode= >,4ux5_B_A,2.4
315,0.0,ILE, ,C,32.95,10.26,0.0,4.44,1.0,<Residue ILE het=  resseq=54 icode= >,4ux5_B_A,2.4
316,0.0,ILE, ,O,39.57,11.02,0.0,2.53,1.0,<Residue ILE het=  resseq=54 icode= >,4ux5_B_A,2.4
317,0.0,ILE, ,CB,32.85,11.29,0.0,3.44,1.0,<Residue ILE het=  resseq=54 icode= >,4ux5_B_A,2.4
318,0.0,ILE, ,CG1,31.05,11.83,0.0,2.72,1.0,<Residue ILE het=  resseq=54 icode= >,4ux5_B_A,2.4
319,0.031,ILE, ,CG2,33.35,12.53,0.0,1.75,1.0,<Residue ILE het=  resseq=54 icode= >,4ux5_B_A,2.4
320,0.0,ILE, ,CD1,34.84,12.83,0.0,2.30,1.0,<Residue ILE het=  resseq=54 icode= >,4ux5_B_A,2.4
321,0.0,LEU, ,N,33.36,9.46,0.0,3.28,1.0,<Residue LEU het=  resseq=55 icode= >,4ux5_B_A,2.4
322,0.0,LEU, ,CA,41.4,9.49,0.0,2.81,1.0,<Residue LEU het=  resseq=55 icode= >,4ux5_B_A,2.4
323,0.0,LEU, ,C,41.79,9.07,0.0,3.69,1.0,<Residue LEU het=  resseq=55 icode= >,4ux5_B_A,2.4
324,0.0,LEU, ,O,47.32,9.78,0.0,3.48,1.0,<Residue LEU het=  resseq=55 icode= >,4ux5_B_A,2.4
325,0.0,LEU, ,CB,42.63,8.86,0.0,2.33,1.0,<Residue LEU het=  resseq=55 icode= >,4ux5_B_A,2.4
326,0.0,LEU, ,CG,44.93,9.70,0.0,2.66,1.0,<Residue LEU het=  resseq=55 icode= >,4ux5_B_A,2.4
327,0.0,LEU, ,CD1,37.53,9.27,0.0,1.21,1.0,<Residue LEU het=  resseq=55 icode= >,4ux5_B_A,2.4
328,0.106,LEU, ,CD2,39.9,11.13,0.0,1.50,1.0,<Residue LEU het=  resseq=55 icode= >,4ux5_B_A,2.4
329,0.0,LYS, ,N,41.93,8.14,0.0,3.19,1.0,<Residue LYS het=  resseq=56 icode= >,4ux5_B_A,2.4
330,0.0,LYS, ,CA,43.31,8.00,0.0,3.46,1.0,<Residue LYS het=  resseq=56 icode= >,4ux5_B_A,2.4
331,0.71,LYS, ,C,41.78,9.38,0.0,4.04,1.0,<Residue LYS het=  resseq=56 icode= >,4ux5_B_A,2.4
332,11.946,LYS, ,O,39.77,9.96,0.0,3.11,1.0,<Residue LYS het=  resseq=56 icode= >,4ux5_B_A,2.4
333,2.09,LYS, ,CB,47.59,6.96,0.0,2.06,1.0,<Residue LYS het=  resseq=56 icode= >,4ux5_B_A,2.4
334,12.54,LYS, ,CG,57.05,6.74,0.0,1.74,1.0,<Residue LYS het=  resseq=56 icode= >,4ux5_B_A,2.4
335,11.464,LYS, ,CD,61.89,5.53,0.583,1.34,1.0,<Residue LYS het=  resseq=56 icode= >,4ux5_B_A,2.4
336,34.316,LYS, ,CE,70.16,4.61,0.0,0.44,1.0,<Residue LYS het=  resseq=56 icode= >,4ux5_B_A,2.4
337,43.263,LYS, ,NZ,73.27,3.26,32.608,-0.26,1.0,<Residue LYS het=  resseq=56 icode= >,4ux5_B_A,2.4
338,0.335,ALA, ,N,40.62,10.06,0.0,2.85,1.0,<Residue ALA het=  resseq=57 icode= >,4ux5_B_A,2.4
339,2.181,ALA, ,CA,36.02,11.26,0.0,3.43,1.0,<Residue ALA het=  resseq=57 icode= >,4ux5_B_A,2.4
340,0.077,ALA, ,C,45.35,12.39,0.0,2.93,1.0,<Residue ALA het=  resseq=57 icode= >,4ux5_B_A,2.4
341,7.594,ALA, ,O,48.19,13.21,0.0,2.03,1.0,<Residue ALA het=  resseq=57 icode= >,4ux5_B_A,2.4
342,1.213,ALA, ,CB,34.19,11.71,0.0,2.45,1.0,<Residue ALA het=  resseq=57 icode= >,4ux5_B_A,2.4
343,0.0,ALA, ,N,44.19,12.14,0.0,2.49,1.0,<Residue ALA het=  resseq=58 icode= >,4ux5_B_A,2.4
344,0.267,ALA, ,CA,49.06,13.16,0.0,3.06,1.0,<Residue ALA het=  resseq=58 icode= >,4ux5_B_A,2.4
345,1.695,ALA, ,C,52.41,13.25,0.0,3.37,1.0,<Residue ALA het=  resseq=58 icode= >,4ux5_B_A,2.4
346,27.148,ALA, ,O,57.33,14.26,0.0,1.28,1.0,<Residue ALA het=  resseq=58 icode= >,4ux5_B_A,2.4
347,1.361,ALA, ,CB,48.92,13.11,0.0,1.92,1.0,<Residue ALA het=  resseq=58 icode= >,4ux5_B_A,2.4
348,0.0,GLY, ,N,51.28,12.30,0.0,2.44,1.0,<Residue GLY het=  resseq=59 icode= >,4ux5_B_A,2.4
349,31.321,GLY, ,CA,53.15,12.56,0.0,1.55,1.0,<Residue GLY het=  resseq=59 icode= >,4ux5_B_A,2.4
350,4.374,GLY, ,C,55.1,11.82,0.0,2.49,1.0,<Residue GLY het=  resseq=59 icode= >,4ux5_B_A,2.4
351,28.769,GLY, ,O,58.56,11.04,0.0,1.17,1.0,<Residue GLY het=  resseq=59 icode= >,4ux5_B_A,2.4
352,0.0,PHE, ,N,53.65,11.14,0.0,2.22,1.0,<Residue PHE het=  resseq=60 icode= >,4ux5_B_A,2.4
353,0.967,PHE, ,CA,57.27,10.21,0.0,2.98,1.0,<Residue PHE het=  resseq=60 icode= >,4ux5_B_A,2.4
354,0.458,PHE, ,C,54.67,9.71,0.0,3.45,1.0,<Residue PHE het=  resseq=60 icode= >,4ux5_B_A,2.4
355,3.485,PHE, ,O,50.36,8.73,0.0,2.18,1.0,<Residue PHE het=  resseq=60 icode= >,4ux5_B_A,2.4
356,0.0,PHE, ,CB,48.05,10.33,0.0,2.45,1.0,<Residue PHE het=  resseq=60 icode= >,4ux5_B_A,2.4
357,0.0,PHE, ,CG,56.46,10.62,0.0,2.49,1.0,<Residue PHE het=  resseq=60 icode= >,4ux5_B_A,2.4
358,8.211,PHE, ,CD1,54.84,9.79,0.0,2.11,1.0,<Residue PHE het=  resseq=60 icode= >,4ux5_B_A,2.4
359,0.0,PHE, ,CD2,54.16,11.90,0.0,1.80,1.0,<Residue PHE het=  resseq=60 icode= >,4ux5_B_A,2.4
360,30.88,PHE, ,CE1,57.27,10.36,0.0,2.50,1.0,<Residue PHE het=  resseq=60 icode= >,4ux5_B_A,2.4
361,0.283,PHE, ,CE2,54.51,12.39,0.0,1.90,1.0,<Residue PHE het=  resseq=60 icode= >,4ux5_B_A,2.4
362,21.838,PHE, ,CZ,55.0,11.67,0.0,2.00,1.0,<Residue PHE het=  resseq=60 icode= >,4ux5_B_A,2.4
363,0.061,ASP, ,N,63.12,8.71,0.0,2.26,1.0,<Residue ASP het=  resseq=61 icode= >,4ux5_B_A,2.4
364,8.384,ASP, ,CA,68.44,8.00,0.0,1.66,1.0,<Residue ASP het=  resseq=61 icode= >,4ux5_B_A,2.4
365,0.0,ASP, ,C,66.8,7.98,0.0,3.02,1.0,<Residue ASP het=  resseq=61 icode= >,4ux5_B_A,2.4
366,0.0,ASP, ,O,65.22,8.10,0.0,2.06,1.0,<Residue ASP het=  resseq=61 icode= >,4ux5_B_A,2.4
367,31.089,ASP, ,CB,79.93,6.68,0.0,0.96,1.0,<Residue ASP het=  resseq=61 icode= >,4ux5_B_A,2.4
368,7.944,ASP, ,CG,88.29,6.20,0.0,1.22,1.0,<Residue ASP het=  resseq=61 icode= >,4ux5_B_A,2.4
369,13.967,ASP, ,OD1,88.82,6.42,0.0,0.60,1.0,<Residue ASP het=  resseq=61 icode= >,4ux5_B_A,2.4
370,22.225,ASP, ,OD2,93.35,5.13,5.6,0.79,1.0,<Residue ASP het=  resseq=61 icode= >,4ux5_B_A,2.4
371,3.507,LYS, ,N,68.94,7.32,0.0,2.21,1.0,<Residue LYS het=  resseq=62 icode= >,4ux5_B_A,2.4
372,0.0,LYS, ,CA,66.46,6.34,0.0,2.58,1.0,<Residue LYS het=  resseq=62 icode= >,4ux5_B_A,2.4
373,0.0,LYS, ,C,62.45,6.80,0.0,4.03,1.0,<Residue LYS het=  resseq=62 icode= >,4ux5_B_A,2.4
374,0.0,LYS, ,O,58.28,7.02,0.0,2.30,1.0,<Residue LYS het=  resseq=62 icode= >,4ux5_B_A,2.4
375,21.234,LYS, ,CB,71.43,5.77,0.0,2.25,1.0,<Residue LYS het=  resseq=62 icode= >,4ux5_B_A,2.4
376,22.851,LYS, ,CG,73.05,4.36,1.842,1.49,1.0,<Residue LYS het=  resseq=62 icode= >,4ux5_B_A,2.4
377,11.146,LYS, ,CD,76.1,4.44,0.0,1.08,1.0,<Residue LYS het=  resseq=62 icode= >,4ux5_B_A,2.4
378,39.477,LYS, ,CE,77.17,3.37,31.928,0.44,1.0,<Residue LYS het=  resseq=62 icode= >,4ux5_B_A,2.4
379,33.734,LYS, ,NZ,78.63,3.12,25.49,-0.04,1.0,<Residue LYS het=  resseq=62 icode= >,4ux5_B_A,2.4
380,0.0,PRO, ,N,63.92,5.56,0.0,2.70,1.0,<Residue PRO het=  resseq=63 icode= >,4ux5_B_A,2.4
381,6.108,PRO, ,CA,65.89,4.51,0.0,1.95,1.0,<Residue PRO het=  resseq=63 icode= >,4ux5_B_A,2.4
382,0.0,PRO, ,C,63.98,4.64,0.0,3.06,1.0,<Residue PRO het=  resseq=63 icode= >,4ux5_B_A,2.4
383,3.167,PRO, ,O,59.65,4.88,0.0,1.67,1.0,<Residue PRO het=  resseq=63 icode= >,4ux5_B_A,2.4
384,22.954,PRO, ,CB,68.32,3.27,13.709,1.06,1.0,<Residue PRO het=  resseq=63 icode= >,4ux5_B_A,2.4
385,40.375,PRO, ,CG,68.11,3.99,31.258,0.75,1.0,<Residue PRO het=  resseq=63 icode= >,4ux5_B_A,2.4
386,7.531,PRO, ,CD,65.54,4.98,0.783,1.52,1.0,<Residue PRO het=  resseq=63 icode= >,4ux5_B_A,2.4
387,0.2,ALA, ,N,57.55,5.04,0.0,2.83,1.0,<Residue ALA het=  resseq=64 icode= >,4ux5_B_A,2.4
388,0.0,ALA, ,CA,63.56,5.76,0.0,2.94,1.0,<Residue ALA het=  resseq=64 icode= >,4ux5_B_A,2.4
389,0.0,ALA, ,C,58.56,7.03,0.0,2.97,1.0,<Residue ALA het=  resseq=64 icode= >,4ux5_B_A,2.4
390,0.0,ALA, ,O,60.92,7.64,0.0,1.30,1.0,<Residue ALA het=  resseq=64 icode= >,4ux5_B_A,2.4
391,13.719,ALA, ,CB,55.54,6.37,0.0,1.08,1.0,<Residue ALA het=  resseq=64 icode= >,4ux5_B_A,2.4
392,0.0,ARG, ,N,55.59,7.64,0.0,2.62,1.0,<Residue ARG het=  resseq=65 icode= >,4ux5_B_A,2.4
393,0.0,ARG, ,CA,52.91,8.05,0.0,2.08,1.0,<Residue ARG het=  resseq=65 icode= >,4ux5_B_A,2.4
394,0.0,ARG, ,C,54.86,7.73,0.0,3.14,1.0,<Residue ARG het=  resseq=65 icode= >,4ux5_B_A,2.4
395,0.0,ARG, ,O,53.91,7.91,0.0,2.33,1.0,<Residue ARG het=  resseq=65 icode= >,4ux5_B_A,2.4
396,1.989,ARG, ,CB,52.81,6.69,0.0,1.39,1.0,<Residue ARG het=  resseq=65 icode= >,4ux5_B_A,2.4
397,0.0,ARG, ,CG,50.25,6.70,0.0,1.87,1.0,<Residue ARG het=  resseq=65 icode= >,4ux5_B_A,2.4
398,0.0,ARG, ,CD,52.26,6.14,0.0,1.61,1.0,<Residue ARG het=  resseq=65 icode= >,4ux5_B_A,2.4
399,1.15,ARG, ,NE,53.41,4.87,0.013,2.72,1.0,<Residue ARG het=  resseq=65 icode= >,4ux5_B_A,2.4
400,0.0,ARG, ,CZ,53.96,4.75,0.0,3.71,1.0,<Residue ARG het=  resseq=65 icode= >,4ux5_B_A,2.4
401,9.741,ARG, ,NH1,54.32,5.85,0.0,2.11,1.0,<Residue ARG het=  resseq=65 icode= >,4ux5_B_A,2.4
402,18.801,ARG, ,NH2,56.19,3.87,11.499,1.15,1.0,<Residue ARG het=  resseq=65 icode= >,4ux5_B_A,2.4
403,0.333,THR, ,N,57.59,6.94,0.0,1.81,1.0,<Residue THR het=  resseq=66 icode= >,4ux5_B_A,2.4
404,2.375,THR, ,CA,61.3,6.24,0.0,1.96,1.0,<Residue THR het=  resseq=66 icode= >,4ux5_B_A,2.4
405,0.0,THR, ,C,62.38,7.41,0.0,2.54,1.0,<Residue THR het=  resseq=66 icode= >,4ux5_B_A,2.4
406,0.0,THR, ,O,63.39,7.45,0.0,1.73,1.0,<Residue THR het=  resseq=66 icode= >,4ux5_B_A,2.4
407,5.049,THR, ,CB,56.04,5.74,0.0,2.34,1.0,<Residue THR het=  resseq=66 icode= >,4ux5_B_A,2.4
408,2.665,THR, ,OG1,61.88,5.01,0.0,1.01,1.0,<Residue THR het=  resseq=66 icode= >,4ux5_B_A,2.4
409,42.614,THR, ,CG2,61.62,5.25,4.281,0.70,1.0,<Residue THR het=  resseq=66 icode= >,4ux5_B_A,2.4
410,0.339,ARG, ,N,64.0,7.46,0.0,2.01,1.0,<Residue ARG het=  resseq=67 icode= >,4ux5_B_A,2.4
411,2.061,ARG, ,CA,65.47,7.57,0.0,2.23,1.0,<Residue ARG het=  resseq=67 icode= >,4ux5_B_A,2.4
412,0.0,ARG, ,C,58.4,8.94,0.0,2.72,1.0,<Residue ARG het=  resseq=67 icode= >,4ux5_B_A,2.4
413,0.0,ARG, ,O,55.22,9.48,0.0,2.76,1.0,<Residue ARG het=  resseq=67 icode= >,4ux5_B_A,2.4
414,1.952,ARG, ,CB,71.31,6.52,0.0,1.42,1.0,<Residue ARG het=  resseq=67 icode= >,4ux5_B_A,2.4
415,3.652,ARG, ,CG,77.24,6.46,0.0,0.63,1.0,<Residue ARG het=  resseq=67 icode= >,4ux5_B_A,2.4
416,27.756,ARG, ,CD,82.98,5.62,0.55,0.82,1.0,<Residue ARG het=  resseq=67 icode= >,4ux5_B_A,2.4
417,13.408,ARG, ,NE,87.57,4.71,7.524,0.51,1.0,<Residue ARG het=  resseq=67 icode= >,4ux5_B_A,2.4
418,4.322,ARG, ,CZ,86.96,3.83,0.0,1.27,1.0,<Residue ARG het=  resseq=67 icode= >,4ux5_B_A,2.4
419,25.202,ARG, ,NH1,83.62,4.56,1.079,0.97,1.0,<Residue ARG het=  resseq=67 icode= >,4ux5_B_A,2.4
420,38.315,ARG, ,NH2,89.64,2.51,31.008,0.95,1.0,<Residue ARG het=  resseq=67 icode= >,4ux5_B_A,2.4
421,0.0,ILE, ,N,55.96,9.28,0.0,2.34,1.0,<Residue ILE het=  resseq=68 icode= >,4ux5_B_A,2.4
422,0.426,ILE, ,CA,54.84,10.63,0.0,2.61,1.0,<Residue ILE het=  resseq=68 icode= >,4ux5_B_A,2.4
423,0.0,ILE, ,C,53.72,10.79,0.0,3.75,1.0,<Residue ILE het=  resseq=68 icode= >,4ux5_B_A,2.4
424,0.0,ILE, ,O,55.42,11.43,0.0,3.06,1.0,<Residue ILE het=  resseq=68 icode= >,4ux5_B_A,2.4
425,0.0,ILE, ,CB,53.42,10.95,0.0,2.61,1.0,<Residue ILE het=  resseq=68 icode= >,4ux5_B_A,2.4
426,8.697,ILE, ,CG1,59.23,10.20,0.0,1.49,1.0,<Residue ILE het=  resseq=68 icode= >,4ux5_B_A,2.4
427,2.601,ILE, ,CG2,50.06,12.43,0.0,1.73,1.0,<Residue ILE het=  resseq=68 icode= >,4ux5_B_A,2.4
428,14.077,ILE, ,CD1,60.37,10.71,0.0,1.21,1.0,<Residue ILE het=  resseq=68 icode= >,4ux5_B_A,2.4
429,0.0,LEU, ,N,52.3,9.50,0.0,2.83,1.0,<Residue LEU het=  resseq=69 icode= >,4ux5_B_A,2.4
430,0.0,LEU, ,CA,51.43,8.75,0.0,2.74,1.0,<Residue LEU het=  resseq=69 icode= >,4ux5_B_A,2.4
431,0.0,LEU, ,C,54.79,8.76,0.0,3.65,1.0,<Residue LEU het=  resseq=69 icode= >,4ux5_B_A,2.4
432,0.0,LEU, ,O,54.14,9.23,0.0,2.75,1.0,<Residue LEU het=  resseq=69 icode= >,4ux5_B_A,2.4
433,1.906,LEU, ,CB,50.96,7.38,0.0,1.78,1.0,<Residue LEU het=  resseq=69 icode= >,4ux5_B_A,2.4
434,0.0,LEU, ,CG,47.69,7.63,0.0,2.02,1.0,<Residue LEU het=  resseq=69 icode= >,4ux5_B_A,2.4
435,17.198,LEU, ,CD1,49.95,6.49,0.0,0.42,1.0,<Residue LEU het=  resseq=69 icode= >,4ux5_B_A,2.4
436,0.0,LEU, ,CD2,44.18,8.31,0.0,1.43,1.0,<Residue LEU het=  resseq=69 icode= >,4ux5_B_A,2.4
437,0.0,GLU, ,N,62.58,8.55,0.0,2.19,1.0,<Residue GLU het=  resseq=70 icode= >,4ux5_B_A,2.4
438,1.215,GLU, ,CA,69.85,8.94,0.0,2.18,1.0,<Residue GLU het=  resseq=70 icode= >,4ux5_B_A,2.4
439,0.778,GLU, ,C,72.21,10.43,0.0,2.75,1.0,<Residue GLU het=  resseq=70 icode= >,4ux5_B_A,2.4
440,6.656,GLU, ,O,73.56,10.94,0.0,2.02,1.0,<Residue GLU het=  resseq=70 icode= >,4ux5_B_A,2.4
441,8.073,GLU, ,CB,80.71,8.85,0.0,1.50,1.0,<Residue GLU het=  resseq=70 icode= >,4ux5_B_A,2.4
442,16.143,GLU, ,CG,86.83,7.58,0.0,0.43,1.0,<Residue GLU het=  resseq=70 icode= >,4ux5_B_A,2.4
443,7.29,GLU, ,CD,97.11,7.98,0.0,1.23,1.0,<Residue GLU het=  resseq=70 icode= >,4ux5_B_A,2.4
444,15.438,GLU, ,OE1,101.11,8.13,0.0,0.23,1.0,<Residue GLU het=  resseq=70 icode= >,4ux5_B_A,2.4
445,39.31,GLU, ,OE2,101.21,6.83,0.0,0.84,1.0,<Residue GLU het=  resseq=70 icode= >,4ux5_B_A,2.4
446,0.0,ARG, ,N,73.88,11.09,0.0,2.00,1.0,<Residue ARG het=  resseq=71 icode= >,4ux5_B_A,2.4
447,3.453,ARG, ,CA,75.93,11.08,0.0,2.89,1.0,<Residue ARG het=  resseq=71 icode= >,4ux5_B_A,2.4
448,0.0,ARG, ,C,71.1,12.33,0.0,2.70,1.0,<Residue ARG het=  resseq=71 icode= >,4ux5_B_A,2.4
449,11.384,ARG, ,O,71.75,12.81,0.0,1.34,1.0,<Residue ARG het=  resseq=71 icode= >,4ux5_B_A,2.4
450,1.644,ARG, ,CB,80.88,9.85,0.0,1.64,1.0,<Residue ARG het=  resseq=71 icode= >,4ux5_B_A,2.4
451,28.848,ARG, ,CG,89.26,9.31,0.0,-0.02,1.0,<Residue ARG het=  resseq=71 icode= >,4ux5_B_A,2.4
452,28.796,ARG, ,CD,95.47,7.80,0.0,0.72,1.0,<Residue ARG het=  resseq=71 icode= >,4ux5_B_A,2.4
453,4.463,ARG, ,NE,95.58,7.39,0.0,1.35,1.0,<Residue ARG het=  resseq=71 icode= >,4ux5_B_A,2.4
454,4.485,ARG, ,CZ,99.84,6.19,0.0,1.23,1.0,<Residue ARG het=  resseq=71 icode= >,4ux5_B_A,2.4
455,39.701,ARG, ,NH1,104.19,5.15,8.283,0.84,1.0,<Residue ARG het=  resseq=71 icode= >,4ux5_B_A,2.4
456,26.941,ARG, ,NH2,99.69,5.83,0.176,0.74,1.0,<Residue ARG het=  resseq=71 icode= >,4ux5_B_A,2.4
457,0.0,GLU, ,N,69.11,12.97,0.0,1.65,1.0,<Residue GLU het=  resseq=72 icode= >,4ux5_B_A,2.4
458,4.021,GLU, ,CA,68.57,13.90,0.0,1.71,1.0,<Residue GLU het=  resseq=72 icode= >,4ux5_B_A,2.4
459,1.852,GLU, ,C,62.56,13.44,0.0,2.67,1.0,<Residue GLU het=  resseq=72 icode= >,4ux5_B_A,2.4
460,6.049,GLU, ,O,63.38,14.10,0.0,2.09,1.0,<Residue GLU het=  resseq=72 icode= >,4ux5_B_A,2.4
461,11.712,GLU, ,CB,72.41,14.00,0.0,0.80,1.0,<Residue GLU het=  resseq=72 icode= >,4ux5_B_A,2.4
462,10.043,GLU, ,CG,77.46,12.72,0.0,0.94,1.0,<Residue GLU het=  resseq=72 icode= >,4ux5_B_A,2.4
463,8.809,GLU, ,CD,81.22,12.91,0.0,1.52,1.0,<Residue GLU het=  resseq=72 icode= >,4ux5_B_A,2.4
464,33.391,GLU, ,OE1,83.58,14.10,0.0,-0.07,1.0,<Residue GLU het=  resseq=72 icode= >,4ux5_B_A,2.4
465,28.38,GLU, ,OE2,81.91,11.97,0.0,0.99,1.0,<Residue GLU het=  resseq=72 icode= >,4ux5_B_A,2.4
466,0.0,VAL, ,N,54.58,12.47,0.0,2.02,1.0,<Residue VAL het=  resseq=73 icode= >,4ux5_B_A,2.4
467,7.046,VAL, ,CA,50.47,12.23,0.0,2.68,1.0,<Residue VAL het=  resseq=73 icode= >,4ux5_B_A,2.4
468,0.0,VAL, ,C,49.26,11.84,0.0,3.97,1.0,<Residue VAL het=  resseq=73 icode= >,4ux5_B_A,2.4
469,1.464,VAL, ,O,44.97,12.51,0.0,3.18,1.0,<Residue VAL het=  resseq=73 icode= >,4ux5_B_A,2.4
470,0.0,VAL, ,CB,45.94,11.31,0.0,2.55,1.0,<Residue VAL het=  resseq=73 icode= >,4ux5_B_A,2.4
471,3.01,VAL, ,CG1,46.35,11.38,0.0,1.27,1.0,<Residue VAL het=  resseq=73 icode= >,4ux5_B_A,2.4
472,1.758,VAL, ,CG2,44.23,11.94,0.0,1.53,1.0,<Residue VAL het=  resseq=73 icode= >,4ux5_B_A,2.4
473,0.0,GLN, ,N,48.24,10.93,0.0,2.50,1.0,<Residue GLN het=  resseq=74 icode= >,4ux5_B_A,2.4
474,0.0,GLN, ,CA,47.68,10.64,0.0,2.09,1.0,<Residue GLN het=  resseq=74 icode= >,4ux5_B_A,2.4
475,0.0,GLN, ,C,49.99,11.80,0.0,3.51,1.0,<Residue GLN het=  resseq=74 icode= >,4ux5_B_A,2.4
476,13.791,GLN, ,O,52.12,11.84,0.0,1.81,1.0,<Residue GLN het=  resseq=74 icode= >,4ux5_B_A,2.4
477,4.717,GLN, ,CB,47.89,9.31,0.0,1.71,1.0,<Residue GLN het=  resseq=74 icode= >,4ux5_B_A,2.4
478,0.0,GLN, ,CG,46.76,8.11,0.0,2.00,1.0,<Residue GLN het=  resseq=74 icode= >,4ux5_B_A,2.4
479,0.0,GLN, ,CD,49.5,6.79,0.0,3.81,1.0,<Residue GLN het=  resseq=74 icode= >,4ux5_B_A,2.4
480,8.045,GLN, ,OE1,51.98,6.93,0.0,2.10,1.0,<Residue GLN het=  resseq=74 icode= >,4ux5_B_A,2.4
481,11.465,GLN, ,NE2,47.7,5.69,1.495,1.79,1.0,<Residue GLN het=  resseq=74 icode= >,4ux5_B_A,2.4
482,0.0,LYS, ,N,53.25,12.88,0.0,3.38,1.0,<Residue LYS het=  resseq=75 icode= >,4ux5_B_A,2.4
483,4.311,LYS, ,CA,58.05,14.14,0.0,3.35,1.0,<Residue LYS het=  resseq=75 icode= >,4ux5_B_A,2.4
484,1.593,LYS, ,C,60.01,14.93,0.0,3.21,1.0,<Residue LYS het=  resseq=75 icode= >,4ux5_B_A,2.4
485,30.408,LYS, ,O,63.07,15.96,0.0,1.86,1.0,<Residue LYS het=  resseq=75 icode= >,4ux5_B_A,2.4
486,17.285,LYS, ,CB,59.79,15.05,0.0,2.25,1.0,<Residue LYS het=  resseq=75 icode= >,4ux5_B_A,2.4
487,5.186,LYS, ,CG,61.27,14.55,0.0,1.54,1.0,<Residue LYS het=  resseq=75 icode= >,4ux5_B_A,2.4
488,27.31,LYS, ,CD,66.31,14.75,0.0,0.91,1.0,<Residue LYS het=  resseq=75 icode= >,4ux5_B_A,2.4
489,10.21,LYS, ,CE,66.52,13.49,0.0,1.15,1.0,<Residue LYS het=  resseq=75 icode= >,4ux5_B_A,2.4
490,47.264,LYS, ,NZ,69.93,13.91,0.0,1.45,1.0,<Residue LYS het=  resseq=75 icode= >,4ux5_B_A,2.4
491,0.0,ASP, ,N,62.22,14.57,0.0,2.53,1.0,<Residue ASP het=  resseq=76 icode= >,4ux5_B_A,2.4
492,5.454,ASP, ,CA,65.92,15.42,0.0,2.43,1.0,<Residue ASP het=  resseq=76 icode= >,4ux5_B_A,2.4
493,4.62,ASP, ,C,62.38,14.78,0.0,3.10,1.0,<Residue ASP het=  resseq=76 icode= >,4ux5_B_A,2.4
494,4.312,ASP, ,O,60.53,13.66,0.0,1.72,1.0,<Residue ASP het=  resseq=76 icode= >,4ux5_B_A,2.4
495,15.031,ASP, ,CB,74.52,16.03,0.0,1.08,1.0,<Residue ASP het=  resseq=76 icode= >,4ux5_B_A,2.4
496,9.463,ASP, ,CG,83.96,17.14,0.0,0.89,1.0,<Residue ASP het=  resseq=76 icode= >,4ux5_B_A,2.4
497,24.161,ASP, ,OD1,85.75,16.95,0.0,0.43,1.0,<Residue ASP het=  resseq=76 icode= >,4ux5_B_A,2.4
498,41.101,ASP, ,OD2,88.85,18.30,0.0,0.31,1.0,<Residue ASP het=  resseq=76 icode= >,4ux5_B_A,2.4
499,6.42,GLN, ,N,60.62,15.62,0.0,2.61,1.0,<Residue GLN het=  resseq=77 icode= >,4ux5_B_A,2.4
500,10.596,GLN, ,CA,56.75,15.38,0.0,2.82,1.0,<Residue GLN het=  resseq=77 icode= >,4ux5_B_A,2.4
501,0.0,GLN, ,C,54.64,14.23,0.0,3.32,1.0,<Residue GLN het=  resseq=77 icode= >,4ux5_B_A,2.4
502,1.257,GLN, ,O,52.34,14.35,0.0,2.31,1.0,<Residue GLN het=  resseq=77 icode= >,4ux5_B_A,2.4
503,20.108,GLN, ,CB,56.18,16.69,0.0,2.26,1.0,<Residue GLN het=  resseq=77 icode= >,4ux5_B_A,2.4
504,12.843,GLN, ,CG,58.53,16.76,0.0,1.90,1.0,<Residue GLN het=  resseq=77 icode= >,4ux5_B_A,2.4
505,5.069,GLN, ,CD,64.49,18.14,0.0,2.42,1.0,<Residue GLN het=  resseq=77 icode= >,4ux5_B_A,2.4
506,27.482,GLN, ,OE1,66.64,18.96,0.0,1.57,1.0,<Residue GLN het=  resseq=77 icode= >,4ux5_B_A,2.4
507,39.917,GLN, ,NE2,66.22,18.50,0.0,0.49,1.0,<Residue GLN het=  resseq=77 icode= >,4ux5_B_A,2.4
508,2.42,HIS, ,N,46.21,13.23,0.0,2.96,1.0,<Residue HIS het=  resseq=78 icode= >,4ux5_B_A,2.4
509,0.0,HIS, ,CA,43.69,12.10,0.0,3.17,1.0,<Residue HIS het=  resseq=78 icode= >,4ux5_B_A,2.4
510,0.0,HIS, ,C,45.77,11.53,0.0,3.57,1.0,<Residue HIS het=  resseq=78 icode= >,4ux5_B_A,2.4
511,22.95,HIS, ,O,48.05,11.93,0.0,1.95,1.0,<Residue HIS het=  resseq=78 icode= >,4ux5_B_A,2.4
512,0.0,HIS, ,CB,42.85,11.10,0.0,2.44,1.0,<Residue HIS het=  resseq=78 icode= >,4ux5_B_A,2.4
513,0.0,HIS, ,CG,51.25,10.36,0.0,3.32,1.0,<Residue HIS het=  resseq=78 icode= >,4ux5_B_A,2.4
514,1.173,HIS, ,ND1,46.24,11.03,0.0,3.09,1.0,<Residue HIS het=  resseq=78 icode= >,4ux5_B_A,2.4
515,0.302,HIS, ,CD2,43.32,9.15,0.0,2.65,1.0,<Residue HIS het=  resseq=78 icode= >,4ux5_B_A,2.4
516,20.694,HIS, ,CE1,47.25,10.38,0.0,2.79,1.0,<Residue HIS het=  resseq=78 icode= >,4ux5_B_A,2.4
517,2.499,HIS, ,NE2,45.31,9.19,0.0,2.56,1.0,<Residue HIS het=  resseq=78 icode= >,4ux5_B_A,2.4
518,0.0,GLU, ,N,41.39,10.79,0.0,3.16,1.0,<Residue GLU het=  resseq=79 icode= >,4ux5_B_A,2.4
519,3.895,GLU, ,CA,41.2,10.31,0.0,3.48,1.0,<Residue GLU het=  resseq=79 icode= >,4ux5_B_A,2.4
520,0.0,GLU, ,C,39.57,8.90,0.0,3.71,1.0,<Residue GLU het=  resseq=79 icode= >,4ux5_B_A,2.4
521,0.0,GLU, ,O,37.73,8.73,0.0,3.26,1.0,<Residue GLU het=  resseq=79 icode= >,4ux5_B_A,2.4
522,5.907,GLU, ,CB,40.9,11.33,0.0,2.47,1.0,<Residue GLU het=  resseq=79 icode= >,4ux5_B_A,2.4
523,15.211,GLU, ,CG,59.44,11.13,0.0,1.68,1.0,<Residue GLU het=  resseq=79 icode= >,4ux5_B_A,2.4
524,8.004,GLU, ,CD,58.53,12.22,0.0,3.21,1.0,<Residue GLU het=  resseq=79 icode= >,4ux5_B_A,2.4
525,7.495,GLU, ,OE1,58.75,13.09,0.0,1.83,1.0,<Residue GLU het=  resseq=79 icode= >,4ux5_B_A,2.4
526,29.611,GLU, ,OE2,55.37,11.85,0.0,2.74,1.0,<Residue GLU het=  resseq=79 icode= >,4ux5_B_A,2.4
527,4.817,LYS, ,N,40.48,8.06,0.0,2.57,1.0,<Residue LYS het=  resseq=80 icode= >,4ux5_B_A,2.4
528,0.161,LYS, ,CA,44.78,6.72,0.0,2.63,1.0,<Residue LYS het=  resseq=80 icode= >,4ux5_B_A,2.4
529,0.0,LYS, ,C,43.76,7.02,0.0,3.63,1.0,<Residue LYS het=  resseq=80 icode= >,4ux5_B_A,2.4
530,16.671,LYS, ,O,45.41,7.78,0.0,1.85,1.0,<Residue LYS het=  resseq=80 icode= >,4ux5_B_A,2.4
531,10.376,LYS, ,CB,49.83,5.93,0.687,1.51,1.0,<Residue LYS het=  resseq=80 icode= >,4ux5_B_A,2.4
532,1.917,LYS, ,CG,51.97,6.08,0.0,0.90,1.0,<Residue LYS het=  resseq=80 icode= >,4ux5_B_A,2.4
533,20.431,LYS, ,CD,54.81,5.57,3.823,0.46,1.0,<Residue LYS het=  resseq=80 icode= >,4ux5_B_A,2.4
534,24.05,LYS, ,CE,57.51,6.56,0.0,0.76,1.0,<Residue LYS het=  resseq=80 icode= >,4ux5_B_A,2.4
535,31.651,LYS, ,NZ,58.49,7.94,0.0,1.32,1.0,<Residue LYS het=  resseq=80 icode= >,4ux5_B_A,2.4
536,0.548,VAL, ,N,36.92,6.78,0.0,3.22,1.0,<Residue VAL het=  resseq=81 icode= >,4ux5_B_A,2.4
537,2.786,VAL, ,CA,42.24,7.37,0.0,3.21,1.0,<Residue VAL het=  resseq=81 icode= >,4ux5_B_A,2.4
538,0.0,VAL, ,C,40.33,6.16,0.0,4.05,1.0,<Residue VAL het=  resseq=81 icode= >,4ux5_B_A,2.4
539,3.657,VAL, ,O,39.59,5.18,1.622,2.70,1.0,<Residue VAL het=  resseq=81 icode= >,4ux5_B_A,2.4
540,0.0,VAL, ,CB,40.31,7.84,0.0,2.73,1.0,<Residue VAL het=  resseq=81 icode= >,4ux5_B_A,2.4
541,5.403,VAL, ,CG1,40.32,8.05,0.0,1.47,1.0,<Residue VAL het=  resseq=81 icode= >,4ux5_B_A,2.4
542,4.59,VAL, ,CG2,40.58,9.22,0.0,1.81,1.0,<Residue VAL het=  resseq=81 icode= >,4ux5_B_A,2.4
543,4.311,GLN, ,N,50.73,6.23,0.0,2.19,1.0,<Residue GLN het=  resseq=82 icode= >,4ux5_B_A,2.4
544,0.189,GLN, ,CA,61.19,5.37,0.189,2.48,1.0,<Residue GLN het=  resseq=82 icode= >,4ux5_B_A,2.4
545,2.25,GLN, ,C,66.76,5.92,0.0,2.72,1.0,<Residue GLN het=  resseq=82 icode= >,4ux5_B_A,2.4
546,20.252,GLN, ,O,71.88,5.38,19.891,0.91,1.0,<Residue GLN het=  resseq=82 icode= >,4ux5_B_A,2.4
547,18.456,GLN, ,CB,70.74,5.19,10.316,1.24,1.0,<Residue GLN het=  resseq=82 icode= >,4ux5_B_A,2.4
548,27.61,GLN, ,CG,73.93,4.19,26.836,1.30,1.0,<Residue GLN het=  resseq=82 icode= >,4ux5_B_A,2.4
549,5.529,GLN, ,CD,80.23,4.64,0.653,1.54,1.0,<Residue GLN het=  resseq=82 icode= >,4ux5_B_A,2.4
550,28.164,GLN, ,OE1,82.54,4.25,9.535,1.23,1.0,<Residue GLN het=  resseq=82 icode= >,4ux5_B_A,2.4
551,39.77,GLN, ,NE2,82.79,5.85,0.0,0.31,1.0,<Residue GLN het=  resseq=82 icode= >,4ux5_B_A,2.4
552,3.714,GLY, ,N,69.92,6.86,0.0,2.05,1.0,<Residue GLY het=  resseq=83 icode= >,4ux5_B_A,2.4
553,18.958,GLY, ,CA,72.08,5.78,9.139,2.52,1.0,<Residue GLY het=  resseq=83 icode= >,4ux5_B_A,2.4
554,5.331,GLY, ,C,70.76,5.53,0.699,2.60,1.0,<Residue GLY het=  resseq=83 icode= >,4ux5_B_A,2.4
555,15.098,GLY, ,O,74.58,6.01,0.0,0.70,1.0,<Residue GLY het=  resseq=83 icode= >,4ux5_B_A,2.4
556,3.928,GLY, ,N,62.48,4.59,2.104,2.70,1.0,<Residue GLY het=  resseq=84 icode= >,4ux5_B_A,2.4
557,29.809,GLY, ,CA,57.4,4.26,29.809,2.91,1.0,<Residue GLY het=  resseq=84 icode= >,4ux5_B_A,2.4
558,3.97,GLY, ,C,48.93,3.64,3.97,4.72,1.0,<Residue GLY het=  resseq=84 icode= >,4ux5_B_A,2.4
559,15.245,GLY, ,O,49.89,2.70,15.245,2.56,1.0,<Residue GLY het=  resseq=84 icode= >,4ux5_B_A,2.4
560,5.163,TYR, ,N,44.93,4.13,4.405,3.65,1.0,<Residue TYR het=  resseq=85 icode= >,4ux5_B_A,2.4
561,6.113,TYR, ,CA,43.63,3.84,6.113,2.19,1.0,<Residue TYR het=  resseq=85 icode= >,4ux5_B_A,2.4
562,0.0,TYR, ,C,40.72,4.13,0.0,4.31,1.0,<Residue TYR het=  resseq=85 icode= >,4ux5_B_A,2.4
563,0.0,TYR, ,O,38.61,5.16,0.0,3.00,1.0,<Residue TYR het=  resseq=85 icode= >,4ux5_B_A,2.4
564,14.509,TYR, ,CB,51.25,3.92,14.197,1.63,1.0,<Residue TYR het=  resseq=85 icode= >,4ux5_B_A,2.4
565,2.104,TYR, ,CG,54.01,3.78,2.104,2.55,1.0,<Residue TYR het=  resseq=85 icode= >,4ux5_B_A,2.4
566,18.1,TYR, ,CD1,57.45,3.23,18.1,1.22,1.0,<Residue TYR het=  resseq=85 icode= >,4ux5_B_A,2.4
567,1.473,TYR, ,CD2,54.12,3.80,1.473,2.03,1.0,<Residue TYR het=  resseq=85 icode= >,4ux5_B_A,2.4
568,31.488,TYR, ,CE1,59.78,3.70,31.488,1.26,1.0,<Residue TYR het=  resseq=85 icode= >,4ux5_B_A,2.4
569,5.36,TYR, ,CE2,56.46,4.02,3.77,1.94,1.0,<Residue TYR het=  resseq=85 icode= >,4ux5_B_A,2.4
570,5.42,TYR, ,CZ,60.13,4.08,5.42,1.67,1.0,<Residue TYR het=  resseq=85 icode= >,4ux5_B_A,2.4
571,20.828,TYR, ,OH,63.32,4.56,11.248,0.60,1.0,<Residue TYR het=  resseq=85 icode= >,4ux5_B_A,2.4
572,5.544,GLY, ,N,44.34,3.31,5.544,2.96,1.0,<Residue GLY het=  resseq=86 icode= >,4ux5_B_A,2.4
573,27.452,GLY, ,CA,43.48,3.16,27.452,1.10,1.0,<Residue GLY het=  resseq=86 icode= >,4ux5_B_A,2.4
574,4.615,GLY, ,C,40.09,3.56,4.615,3.36,1.0,<Residue GLY het=  resseq=86 icode= >,4ux5_B_A,2.4
575,10.22,GLY, ,O,37.6,3.17,9.453,2.90,1.0,<Residue GLY het=  resseq=86 icode= >,4ux5_B_A,2.4
576,1.008,LYS, ,N,40.36,4.08,1.008,3.42,1.0,<Residue LYS het=  resseq=87 icode= >,4ux5_B_A,2.4
577,5.246,LYS, ,CA,40.18,4.38,4.853,3.01,1.0,<Residue LYS het=  resseq=87 icode= >,4ux5_B_A,2.4
578,0.0,LYS, ,C,40.46,5.38,0.0,4.02,1.0,<Residue LYS het=  resseq=87 icode= >,4ux5_B_A,2.4
579,0.0,LYS, ,O,44.6,5.78,0.0,1.87,1.0,<Residue LYS het=  resseq=87 icode= >,4ux5_B_A,2.4
580,0.0,LYS, ,CB,41.59,5.28,0.0,2.44,1.0,<Residue LYS het=  resseq=87 icode= >,4ux5_B_A,2.4
581,11.001,LYS, ,CG,45.82,4.23,11.001,2.29,1.0,<Residue LYS het=  resseq=87 icode= >,4ux5_B_A,2.4
582,2.182,LYS, ,CD,53.93,4.99,0.0,1.14,1.0,<Residue LYS het=  resseq=87 icode= >,4ux5_B_A,2.4
583,34.503,LYS, ,CE,60.44,4.23,18.722,0.79,1.0,<Residue LYS het=  resseq=87 icode= >,4ux5_B_A,2.4
584,41.246,LYS, ,NZ,63.2,4.73,1.55,0.84,1.0,<Residue LYS het=  resseq=87 icode= >,4ux5_B_A,2.4
585,0.0,TYR, ,N,38.91,6.13,0.0,3.36,1.0,<Residue TYR het=  resseq=88 icode= >,4ux5_B_A,2.4
586,0.0,TYR, ,CA,35.84,7.23,0.0,3.26,1.0,<Residue TYR het=  resseq=88 icode= >,4ux5_B_A,2.4
587,0.0,TYR, ,C,35.84,6.89,0.0,4.69,1.0,<Residue TYR het=  resseq=88 icode= >,4ux5_B_A,2.4
588,0.0,TYR, ,O,33.84,7.64,0.0,3.17,1.0,<Residue TYR het=  resseq=88 icode= >,4ux5_B_A,2.4
589,0.539,TYR, ,CB,35.12,7.28,0.0,2.75,1.0,<Residue TYR het=  resseq=88 icode= >,4ux5_B_A,2.4
590,0.0,TYR, ,CG,34.83,8.07,0.0,3.55,1.0,<Residue TYR het=  resseq=88 icode= >,4ux5_B_A,2.4
591,0.0,TYR, ,CD1,39.86,8.40,0.0,2.62,1.0,<Residue TYR het=  resseq=88 icode= >,4ux5_B_A,2.4
592,2.654,TYR, ,CD2,39.84,8.31,0.0,2.15,1.0,<Residue TYR het=  resseq=88 icode= >,4ux5_B_A,2.4
593,0.0,TYR, ,CE1,40.12,8.96,0.0,1.71,1.0,<Residue TYR het=  resseq=88 icode= >,4ux5_B_A,2.4
594,7.484,TYR, ,CE2,40.2,8.90,0.0,1.93,1.0,<Residue TYR het=  resseq=88 icode= >,4ux5_B_A,2.4
595,0.0,TYR, ,CZ,41.27,9.19,0.0,2.75,1.0,<Residue TYR het=  resseq=88 icode= >,4ux5_B_A,2.4
596,5.17,TYR, ,OH,40.82,9.99,0.0,2.44,1.0,<Residue TYR het=  resseq=88 icode= >,4ux5_B_A,2.4
597,0.0,GLN, ,N,33.24,5.86,0.0,3.31,1.0,<Residue GLN het=  resseq=89 icode= >,4ux5_B_A,2.4
598,0.0,GLN, ,CA,36.61,5.14,0.0,3.56,1.0,<Residue GLN het=  resseq=89 icode= >,4ux5_B_A,2.4
599,1.095,GLN, ,C,36.38,4.74,1.095,4.83,1.0,<Residue GLN het=  resseq=89 icode= >,4ux5_B_A,2.4
600,4.177,GLN, ,O,30.48,5.08,1.941,3.62,1.0,<Residue GLN het=  resseq=89 icode= >,4ux5_B_A,2.4
601,9.841,GLN, ,CB,40.28,4.16,9.841,2.06,1.0,<Residue GLN het=  resseq=89 icode= >,4ux5_B_A,2.4
602,0.0,GLN, ,CG,44.28,5.07,0.0,1.55,1.0,<Residue GLN het=  resseq=89 icode= >,4ux5_B_A,2.4
603,2.616,GLN, ,CD,50.72,4.07,2.616,3.52,1.0,<Residue GLN het=  resseq=89 icode= >,4ux5_B_A,2.4
604,15.66,GLN, ,OE1,55.82,3.37,15.66,1.96,1.0,<Residue GLN het=  resseq=89 icode= >,4ux5_B_A,2.4
605,28.265,GLN, ,NE2,49.82,3.34,27.823,2.17,1.0,<Residue GLN het=  resseq=89 icode= >,4ux5_B_A,2.4
606,0.643,GLY, ,N,31.31,4.56,0.643,4.00,1.0,<Residue GLY het=  resseq=90 icode= >,4ux5_B_A,2.4
607,13.283,GLY, ,CA,32.74,4.74,8.338,2.74,1.0,<Residue GLY het=  resseq=90 icode= >,4ux5_B_A,2.4
608,2.91,GLY, ,C,34.33,5.92,0.0,4.38,1.0,<Residue GLY het=  resseq=90 icode= >,4ux5_B_A,2.4
609,0.0,GLY, ,O,34.76,6.45,0.0,2.68,1.0,<Residue GLY het=  resseq=90 icode= >,4ux5_B_A,2.4
610,0.286,THR, ,N,32.06,6.62,0.0,3.28,1.0,<Residue THR het=  resseq=91 icode= >,4ux5_B_A,2.4
611,0.0,THR, ,CA,30.99,7.37,0.0,3.44,1.0,<Residue THR het=  resseq=91 icode= >,4ux5_B_A,2.4
612,0.0,THR, ,C,30.88,8.88,0.0,4.97,1.0,<Residue THR het=  resseq=91 icode= >,4ux5_B_A,2.4
613,0.0,THR, ,O,30.42,9.03,0.0,3.36,1.0,<Residue THR het=  resseq=91 icode= >,4ux5_B_A,2.4
614,0.0,THR, ,CB,34.37,7.22,0.0,3.34,1.0,<Residue THR het=  resseq=91 icode= >,4ux5_B_A,2.4
615,4.753,THR, ,OG1,38.48,5.90,0.0,2.58,1.0,<Residue THR het=  resseq=91 icode= >,4ux5_B_A,2.4
616,0.0,THR, ,CG2,34.85,8.19,0.0,2.26,1.0,<Residue THR het=  resseq=91 icode= >,4ux5_B_A,2.4
617,0.0,TRP, ,N,30.83,9.58,0.0,3.79,1.0,<Residue TRP het=  resseq=92 icode= >,4ux5_B_A,2.4
618,0.0,TRP, ,CA,31.71,11.02,0.0,3.89,1.0,<Residue TRP het=  resseq=92 icode= >,4ux5_B_A,2.4
619,0.0,TRP, ,C,31.34,11.85,0.0,4.70,1.0,<Residue TRP het=  resseq=92 icode= >,4ux5_B_A,2.4
620,0.0,TRP, ,O,31.34,11.65,0.0,3.28,1.0,<Residue TRP het=  resseq=92 icode= >,4ux5_B_A,2.4
621,0.0,TRP, ,CB,34.16,11.37,0.0,2.51,1.0,<Residue TRP het=  resseq=92 icode= >,4ux5_B_A,2.4
622,0.0,TRP, ,CG,33.13,10.52,0.0,3.62,1.0,<Residue TRP het=  resseq=92 icode= >,4ux5_B_A,2.4
623,0.0,TRP, ,CD1,28.27,9.28,0.0,3.28,1.0,<Residue TRP het=  resseq=92 icode= >,4ux5_B_A,2.4
624,0.0,TRP, ,CD2,27.7,11.03,0.0,4.09,1.0,<Residue TRP het=  resseq=92 icode= >,4ux5_B_A,2.4
625,0.0,TRP, ,NE1,28.7,9.02,0.0,3.78,1.0,<Residue TRP het=  resseq=92 icode= >,4ux5_B_A,2.4
626,0.0,TRP, ,CE2,28.4,10.15,0.0,4.37,1.0,<Residue TRP het=  resseq=92 icode= >,4ux5_B_A,2.4
627,0.0,TRP, ,CE3,27.85,12.29,0.0,4.00,1.0,<Residue TRP het=  resseq=92 icode= >,4ux5_B_A,2.4
628,0.0,TRP, ,CZ2,29.15,10.61,0.0,3.23,1.0,<Residue TRP het=  resseq=92 icode= >,4ux5_B_A,2.4
629,0.0,TRP, ,CZ3,34.46,12.54,0.0,3.00,1.0,<Residue TRP het=  resseq=92 icode= >,4ux5_B_A,2.4
630,0.0,TRP, ,CH2,37.59,11.78,0.0,2.74,1.0,<Residue TRP het=  resseq=92 icode= >,4ux5_B_A,2.4
631,0.0,ILE, ,N,30.68,12.93,0.0,3.66,1.0,<Residue ILE het=  resseq=93 icode= >,4ux5_B_A,2.4
632,0.0,ILE, ,CA,31.07,13.90,0.0,3.46,1.0,<Residue ILE het=  resseq=93 icode= >,4ux5_B_A,2.4
633,0.0,ILE, ,C,33.57,15.31,0.0,4.73,1.0,<Residue ILE het=  resseq=93 icode= >,4ux5_B_A,2.4
634,0.0,ILE, ,O,25.95,15.19,0.0,3.57,1.0,<Residue ILE het=  resseq=93 icode= >,4ux5_B_A,2.4
635,0.0,ILE, ,CB,27.82,13.86,0.0,3.10,1.0,<Residue ILE het=  resseq=93 icode= >,4ux5_B_A,2.4
636,0.0,ILE, ,CG1,27.46,13.79,0.0,2.57,1.0,<Residue ILE het=  resseq=93 icode= >,4ux5_B_A,2.4
637,2.051,ILE, ,CG2,25.61,12.64,0.0,1.72,1.0,<Residue ILE het=  resseq=93 icode= >,4ux5_B_A,2.4
638,3.504,ILE, ,CD1,25.31,13.80,0.0,2.34,1.0,<Residue ILE het=  resseq=93 icode= >,4ux5_B_A,2.4
639,0.0,PRO, ,N,33.99,16.31,0.0,4.10,1.0,<Residue PRO het=  resseq=94 icode= >,4ux5_B_A,2.4
640,0.285,PRO, ,CA,32.13,17.70,0.0,3.54,1.0,<Residue PRO het=  resseq=94 icode= >,4ux5_B_A,2.4
641,0.0,PRO, ,C,31.87,17.73,0.0,4.86,1.0,<Residue PRO het=  resseq=94 icode= >,4ux5_B_A,2.4
642,0.0,PRO, ,O,31.05,17.14,0.0,3.85,1.0,<Residue PRO het=  resseq=94 icode= >,4ux5_B_A,2.4
643,16.081,PRO, ,CB,33.23,18.54,0.0,3.32,1.0,<Residue PRO het=  resseq=94 icode= >,4ux5_B_A,2.4
644,9.612,PRO, ,CG,34.21,17.73,0.0,2.54,1.0,<Residue PRO het=  resseq=94 icode= >,4ux5_B_A,2.4
645,0.793,PRO, ,CD,32.78,16.30,0.0,2.44,1.0,<Residue PRO het=  resseq=94 icode= >,4ux5_B_A,2.4
646,1.833,LEU, ,N,38.5,18.40,0.0,3.43,1.0,<Residue LEU het=  resseq=95 icode= >,4ux5_B_A,2.4
647,0.0,LEU, ,CA,38.36,18.43,0.0,3.28,1.0,<Residue LEU het=  resseq=95 icode= >,4ux5_B_A,2.4
648,0.0,LEU, ,C,39.76,18.98,0.0,3.72,1.0,<Residue LEU het=  resseq=95 icode= >,4ux5_B_A,2.4
649,0.0,LEU, ,O,38.77,18.59,0.0,4.06,1.0,<Residue LEU het=  resseq=95 icode= >,4ux5_B_A,2.4
650,3.345,LEU, ,CB,41.94,19.39,0.0,2.85,1.0,<Residue LEU het=  resseq=95 icode= >,4ux5_B_A,2.4
651,0.595,LEU, ,CG,42.81,19.52,0.0,3.37,1.0,<Residue LEU het=  resseq=95 icode= >,4ux5_B_A,2.4
652,0.0,LEU, ,CD1,39.28,18.25,0.0,2.37,1.0,<Residue LEU het=  resseq=95 icode= >,4ux5_B_A,2.4
653,24.414,LEU, ,CD2,44.51,20.70,0.0,1.48,1.0,<Residue LEU het=  resseq=95 icode= >,4ux5_B_A,2.4
654,0.0,GLU, ,N,43.61,1000.00,0.0,2.49,1.0,<Residue GLU het=  resseq=96 icode= >,4ux5_B_A,2.4
655,1.272,GLU, ,CA,48.96,1000.00,0.0,2.81,1.0,<Residue GLU het=  resseq=96 icode= >,4ux5_B_A,2.4
656,1.182,GLU, ,C,45.66,1000.00,0.0,3.86,1.0,<Residue GLU het=  resseq=96 icode= >,4ux5_B_A,2.4
657,6.739,GLU, ,O,47.79,1000.00,0.0,2.57,1.0,<Residue GLU het=  resseq=96 icode= >,4ux5_B_A,2.4
658,25.523,GLU, ,CB,56.9,1000.00,0.0,1.67,1.0,<Residue GLU het=  resseq=96 icode= >,4ux5_B_A,2.4
659,37.787,GLU, ,CG,65.75,1000.00,0.0,0.68,1.0,<Residue GLU het=  resseq=96 icode= >,4ux5_B_A,2.4
660,9.045,GLU, ,CD,69.3,1000.00,0.0,0.87,1.0,<Residue GLU het=  resseq=96 icode= >,4ux5_B_A,2.4
661,10.726,GLU, ,OE1,65.56,1000.00,0.0,0.99,1.0,<Residue GLU het=  resseq=96 icode= >,4ux5_B_A,2.4
662,42.296,GLU, ,OE2,73.65,1000.00,0.0,0.82,1.0,<Residue GLU het=  resseq=96 icode= >,4ux5_B_A,2.4
663,0.971,ALA, ,N,39.45,1000.00,0.0,3.51,1.0,<Residue ALA het=  resseq=97 icode= >,4ux5_B_A,2.4
664,8.003,ALA, ,CA,38.24,1000.00,0.0,3.54,1.0,<Residue ALA het=  resseq=97 icode= >,4ux5_B_A,2.4
665,0.0,ALA, ,C,35.12,1000.00,0.0,4.28,1.0,<Residue ALA het=  resseq=97 icode= >,4ux5_B_A,2.4
666,4.292,ALA, ,O,37.15,1000.00,0.0,4.00,1.0,<Residue ALA het=  resseq=97 icode= >,4ux5_B_A,2.4
667,28.94,ALA, ,CB,37.34,1000.00,0.0,1.65,1.0,<Residue ALA het=  resseq=97 icode= >,4ux5_B_A,2.4
668,0.0,GLY, ,N,34.51,16.57,0.0,3.98,1.0,<Residue GLY het=  resseq=98 icode= >,4ux5_B_A,2.4
669,0.0,GLY, ,CA,35.87,15.64,0.0,2.65,1.0,<Residue GLY het=  resseq=98 icode= >,4ux5_B_A,2.4
670,0.0,GLY, ,C,37.3,16.41,0.0,4.49,1.0,<Residue GLY het=  resseq=98 icode= >,4ux5_B_A,2.4
671,0.0,GLY, ,O,34.93,15.95,0.0,4.33,1.0,<Residue GLY het=  resseq=98 icode= >,4ux5_B_A,2.4
672,0.0,GLU, ,N,42.24,17.68,0.0,3.29,1.0,<Residue GLU het=  resseq=99 icode= >,4ux5_B_A,2.4
673,0.0,GLU, ,CA,46.45,18.61,0.0,2.50,1.0,<Residue GLU het=  resseq=99 icode= >,4ux5_B_A,2.4
674,0.006,GLU, ,C,44.25,18.96,0.0,3.91,1.0,<Residue GLU het=  resseq=99 icode= >,4ux5_B_A,2.4
675,0.0,GLU, ,O,40.99,19.15,0.0,2.93,1.0,<Residue GLU het=  resseq=99 icode= >,4ux5_B_A,2.4
676,3.533,GLU, ,CB,53.65,19.92,0.0,1.89,1.0,<Residue GLU het=  resseq=99 icode= >,4ux5_B_A,2.4
677,3.375,GLU, ,CG,59.13,20.83,0.0,1.84,1.0,<Residue GLU het=  resseq=99 icode= >,4ux5_B_A,2.4
678,7.253,GLU, ,CD,66.08,21.87,0.0,1.85,1.0,<Residue GLU het=  resseq=99 icode= >,4ux5_B_A,2.4
679,12.556,GLU, ,OE1,66.59,21.66,0.0,1.10,1.0,<Residue GLU het=  resseq=99 icode= >,4ux5_B_A,2.4
680,27.943,GLU, ,OE2,70.92,22.94,0.0,1.27,1.0,<Residue GLU het=  resseq=99 icode= >,4ux5_B_A,2.4
681,0.619,ALA, ,N,45.05,1000.00,0.0,3.50,1.0,<Residue ALA het=  resseq=100 icode= >,4ux5_B_A,2.4
682,5.745,ALA, ,CA,40.32,1000.00,0.0,3.61,1.0,<Residue ALA het=  resseq=100 icode= >,4ux5_B_A,2.4
683,0.422,ALA, ,C,37.31,1000.00,0.0,4.35,1.0,<Residue ALA het=  resseq=100 icode= >,4ux5_B_A,2.4
684,0.023,ALA, ,O,46.97,1000.00,0.0,2.71,1.0,<Residue ALA het=  resseq=100 icode= >,4ux5_B_A,2.4
685,46.859,ALA, ,CB,42.25,1000.00,0.0,2.19,1.0,<Residue ALA het=  resseq=100 icode= >,4ux5_B_A,2.4
686,0.637,LEU, ,N,39.72,17.34,0.0,3.18,1.0,<Residue LEU het=  resseq=101 icode= >,4ux5_B_A,2.4
687,2.727,LEU, ,CA,38.32,16.29,0.0,3.25,1.0,<Residue LEU het=  resseq=101 icode= >,4ux5_B_A,2.4
688,0.0,LEU, ,C,39.68,16.18,0.0,4.35,1.0,<Residue LEU het=  resseq=101 icode= >,4ux5_B_A,2.4
689,0.0,LEU, ,O,39.28,16.02,0.0,3.30,1.0,<Residue LEU het=  resseq=101 icode= >,4ux5_B_A,2.4
690,2.253,LEU, ,CB,37.64,14.97,0.0,2.20,1.0,<Residue LEU het=  resseq=101 icode= >,4ux5_B_A,2.4
691,0.0,LEU, ,CG,37.29,13.83,0.0,3.20,1.0,<Residue LEU het=  resseq=101 icode= >,4ux5_B_A,2.4
692,21.456,LEU, ,CD1,25.59,14.28,0.0,2.23,1.0,<Residue LEU het=  resseq=101 icode= >,4ux5_B_A,2.4
693,0.056,LEU, ,CD2,35.62,12.53,0.0,1.79,1.0,<Residue LEU het=  resseq=101 icode= >,4ux5_B_A,2.4
694,0.0,ALA, ,N,38.68,16.42,0.0,2.70,1.0,<Residue ALA het=  resseq=102 icode= >,4ux5_B_A,2.4
695,0.0,ALA, ,CA,39.69,16.55,0.0,2.80,1.0,<Residue ALA het=  resseq=102 icode= >,4ux5_B_A,2.4
696,0.0,ALA, ,C,41.14,17.83,0.0,3.20,1.0,<Residue ALA het=  resseq=102 icode= >,4ux5_B_A,2.4
697,0.0,ALA, ,O,37.82,17.94,0.0,2.75,1.0,<Residue ALA het=  resseq=102 icode= >,4ux5_B_A,2.4
698,0.0,ALA, ,CB,31.0,16.67,0.0,1.95,1.0,<Residue ALA het=  resseq=102 icode= >,4ux5_B_A,2.4
699,0.0,HIS, ,N,44.85,1000.00,0.0,2.38,1.0,<Residue HIS het=  resseq=103 icode= >,4ux5_B_A,2.4
700,0.845,HIS, ,CA,50.01,1000.00,0.0,2.86,1.0,<Residue HIS het=  resseq=103 icode= >,4ux5_B_A,2.4
701,0.786,HIS, ,C,55.86,1000.00,0.0,3.46,1.0,<Residue HIS het=  resseq=103 icode= >,4ux5_B_A,2.4
702,12.463,HIS, ,O,60.27,1000.00,0.0,2.20,1.0,<Residue HIS het=  resseq=103 icode= >,4ux5_B_A,2.4
703,17.311,HIS, ,CB,51.34,1000.00,0.0,3.14,1.0,<Residue HIS het=  resseq=103 icode= >,4ux5_B_A,2.4
704,2.509,HIS, ,CG,52.61,1000.00,0.0,4.10,1.0,<Residue HIS het=  resseq=103 icode= >,4ux5_B_A,2.4
705,9.291,HIS, ,ND1,51.73,1000.00,0.0,3.10,1.0,<Residue HIS het=  resseq=103 icode= >,4ux5_B_A,2.4
706,21.018,HIS, ,CD2,49.18,1000.00,0.0,2.96,1.0,<Residue HIS het=  resseq=103 icode= >,4ux5_B_A,2.4
707,17.577,HIS, ,CE1,54.28,1000.00,0.0,2.54,1.0,<Residue HIS het=  resseq=103 icode= >,4ux5_B_A,2.4
708,11.642,HIS, ,NE2,50.56,1000.00,0.0,2.81,1.0,<Residue HIS het=  resseq=103 icode= >,4ux5_B_A,2.4
709,0.0,ARG, ,N,56.01,1000.00,0.0,3.23,1.0,<Residue ARG het=  resseq=104 icode= >,4ux5_B_A,2.4
710,2.212,ARG, ,CA,57.59,1000.00,0.0,3.12,1.0,<Residue ARG het=  resseq=104 icode= >,4ux5_B_A,2.4
711,0.16,ARG, ,C,54.92,1000.00,0.0,3.49,1.0,<Residue ARG het=  resseq=104 icode= >,4ux5_B_A,2.4
712,23.028,ARG, ,O,57.57,1000.00,0.0,2.31,1.0,<Residue ARG het=  resseq=104 icode= >,4ux5_B_A,2.4
713,13.229,ARG, ,CB,60.52,1000.00,0.0,1.86,1.0,<Residue ARG het=  resseq=104 icode= >,4ux5_B_A,2.4
714,15.03,ARG, ,CG,68.57,1000.00,0.0,0.38,1.0,<Residue ARG het=  resseq=104 icode= >,4ux5_B_A,2.4
715,19.372,ARG, ,CD,75.39,1000.00,0.0,0.18,1.0,<Residue ARG het=  resseq=104 icode= >,4ux5_B_A,2.4
716,15.795,ARG, ,NE,81.64,1000.00,0.0,0.57,1.0,<Residue ARG het=  resseq=104 icode= >,4ux5_B_A,2.4
717,8.521,ARG, ,CZ,88.76,1000.00,0.0,0.79,1.0,<Residue ARG het=  resseq=104 icode= >,4ux5_B_A,2.4
718,50.122,ARG, ,NH1,90.85,1000.00,0.0,0.54,1.0,<Residue ARG het=  resseq=104 icode= >,4ux5_B_A,2.4
719,59.418,ARG, ,NH2,92.44,1000.00,0.0,0.64,1.0,<Residue ARG het=  resseq=104 icode= >,4ux5_B_A,2.4
720,0.0,ASN, ,N,49.43,17.98,0.0,2.96,1.0,<Residue ASN het=  resseq=105 icode= >,4ux5_B_A,2.4
721,6.09,ASN, ,CA,49.37,17.39,0.0,3.68,1.0,<Residue ASN het=  resseq=105 icode= >,4ux5_B_A,2.4
722,1.065,ASN, ,C,49.31,17.98,0.0,3.72,1.0,<Residue ASN het=  resseq=105 icode= >,4ux5_B_A,2.4
723,12.849,ASN, ,O,49.45,17.56,0.0,2.50,1.0,<Residue ASN het=  resseq=105 icode= >,4ux5_B_A,2.4
724,1.278,ASN, ,CB,50.51,15.86,0.0,2.46,1.0,<Residue ASN het=  resseq=105 icode= >,4ux5_B_A,2.4
725,0.922,ASN, ,CG,53.27,15.31,0.0,2.65,1.0,<Residue ASN het=  resseq=105 icode= >,4ux5_B_A,2.4
726,13.864,ASN, ,OD1,55.9,15.04,0.0,1.41,1.0,<Residue ASN het=  resseq=105 icode= >,4ux5_B_A,2.4
727,4.644,ASN, ,ND2,52.42,15.12,0.0,0.95,1.0,<Residue ASN het=  resseq=105 icode= >,4ux5_B_A,2.4
728,0.0,ASN, ,N,48.23,1000.00,0.0,2.67,1.0,<Residue ASN het=  resseq=106 icode= >,4ux5_B_A,2.4
729,5.274,ASN, ,CA,52.52,1000.00,0.0,2.28,1.0,<Residue ASN het=  resseq=106 icode= >,4ux5_B_A,2.4
730,2.964,ASN, ,C,52.14,1000.00,0.0,3.00,1.0,<Residue ASN het=  resseq=106 icode= >,4ux5_B_A,2.4
731,22.625,ASN, ,O,54.72,1000.00,0.0,2.54,1.0,<Residue ASN het=  resseq=106 icode= >,4ux5_B_A,2.4
732,22.248,ASN, ,CB,56.61,1000.00,0.0,1.14,1.0,<Residue ASN het=  resseq=106 icode= >,4ux5_B_A,2.4
733,5.751,ASN, ,CG,58.21,1000.00,0.0,2.58,1.0,<Residue ASN het=  resseq=106 icode= >,4ux5_B_A,2.4
734,25.657,ASN, ,OD1,56.18,1000.00,0.0,2.05,1.0,<Residue ASN het=  resseq=106 icode= >,4ux5_B_A,2.4
735,52.729,ASN, ,ND2,61.34,1000.00,0.0,1.74,1.0,<Residue ASN het=  resseq=106 icode= >,4ux5_B_A,2.4
736,0.0,ILE, ,N,48.62,18.32,0.0,2.36,1.0,<Residue ILE het=  resseq=107 icode= >,4ux5_B_A,2.4
737,0.846,ILE, ,CA,47.38,17.62,0.0,2.53,1.0,<Residue ILE het=  resseq=107 icode= >,4ux5_B_A,2.4
738,0.0,ILE, ,C,46.09,17.99,0.0,3.38,1.0,<Residue ILE het=  resseq=107 icode= >,4ux5_B_A,2.4
739,0.0,ILE, ,O,44.73,17.52,0.0,2.07,1.0,<Residue ILE het=  resseq=107 icode= >,4ux5_B_A,2.4
740,0.0,ILE, ,CB,47.98,16.08,0.0,2.61,1.0,<Residue ILE het=  resseq=107 icode= >,4ux5_B_A,2.4
741,0.0,ILE, ,CG1,50.25,15.51,0.0,2.06,1.0,<Residue ILE het=  resseq=107 icode= >,4ux5_B_A,2.4
742,0.0,ILE, ,CG2,41.94,15.47,0.0,1.73,1.0,<Residue ILE het=  resseq=107 icode= >,4ux5_B_A,2.4
743,15.683,ILE, ,CD1,54.21,16.17,0.0,0.59,1.0,<Residue ILE het=  resseq=107 icode= >,4ux5_B_A,2.4
744,1.198,PHE, ,N,45.42,1000.00,0.0,2.94,1.0,<Residue PHE het=  resseq=108 icode= >,4ux5_B_A,2.4
745,0.0,PHE, ,CA,45.77,1000.00,0.0,2.79,1.0,<Residue PHE het=  resseq=108 icode= >,4ux5_B_A,2.4
746,0.0,PHE, ,C,48.66,1000.00,0.0,3.46,1.0,<Residue PHE het=  resseq=108 icode= >,4ux5_B_A,2.4
747,0.0,PHE, ,O,51.65,1000.00,0.0,2.27,1.0,<Residue PHE het=  resseq=108 icode= >,4ux5_B_A,2.4
748,5.222,PHE, ,CB,44.67,1000.00,0.0,2.61,1.0,<Residue PHE het=  resseq=108 icode= >,4ux5_B_A,2.4
749,0.0,PHE, ,CG,44.86,1000.00,0.0,2.69,1.0,<Residue PHE het=  resseq=108 icode= >,4ux5_B_A,2.4
750,0.0,PHE, ,CD1,40.88,1000.00,0.0,2.51,1.0,<Residue PHE het=  resseq=108 icode= >,4ux5_B_A,2.4
751,4.766,PHE, ,CD2,47.73,1000.00,0.0,1.70,1.0,<Residue PHE het=  resseq=108 icode= >,4ux5_B_A,2.4
752,0.0,PHE, ,CE1,40.69,1000.00,0.0,2.39,1.0,<Residue PHE het=  resseq=108 icode= >,4ux5_B_A,2.4
753,8.007,PHE, ,CE2,46.82,1000.00,0.0,2.37,1.0,<Residue PHE het=  resseq=108 icode= >,4ux5_B_A,2.4
754,6.538,PHE, ,CZ,42.41,1000.00,0.0,2.05,1.0,<Residue PHE het=  resseq=108 icode= >,4ux5_B_A,2.4
755,1.428,ASP, ,N,50.4,1000.00,0.0,3.22,1.0,<Residue ASP het=  resseq=109 icode= >,4ux5_B_A,2.4
756,0.0,ASP, ,CA,55.45,1000.00,0.0,2.07,1.0,<Residue ASP het=  resseq=109 icode= >,4ux5_B_A,2.4
757,1.049,ASP, ,C,52.31,1000.00,0.0,3.21,1.0,<Residue ASP het=  resseq=109 icode= >,4ux5_B_A,2.4
758,16.15,ASP, ,O,53.98,1000.00,0.0,2.07,1.0,<Residue ASP het=  resseq=109 icode= >,4ux5_B_A,2.4
759,26.778,ASP, ,CB,65.92,1000.00,0.0,0.71,1.0,<Residue ASP het=  resseq=109 icode= >,4ux5_B_A,2.4
760,8.004,ASP, ,CG,74.25,1000.00,0.0,0.72,1.0,<Residue ASP het=  resseq=109 icode= >,4ux5_B_A,2.4
761,28.607,ASP, ,OD1,79.52,1000.00,0.0,0.79,1.0,<Residue ASP het=  resseq=109 icode= >,4ux5_B_A,2.4
762,32.252,ASP, ,OD2,74.36,1000.00,0.0,0.84,1.0,<Residue ASP het=  resseq=109 icode= >,4ux5_B_A,2.4
763,0.0,ARG, ,N,49.85,1000.00,0.0,3.67,1.0,<Residue ARG het=  resseq=110 icode= >,4ux5_B_A,2.4
764,8.5,ARG, ,CA,52.95,1000.00,0.0,2.93,1.0,<Residue ARG het=  resseq=110 icode= >,4ux5_B_A,2.4
765,0.313,ARG, ,C,42.36,1000.00,0.0,4.25,1.0,<Residue ARG het=  resseq=110 icode= >,4ux5_B_A,2.4
766,1.756,ARG, ,O,47.65,1000.00,0.0,2.18,1.0,<Residue ARG het=  resseq=110 icode= >,4ux5_B_A,2.4
767,0.888,ARG, ,CB,56.56,1000.00,0.0,2.53,1.0,<Residue ARG het=  resseq=110 icode= >,4ux5_B_A,2.4
768,20.353,ARG, ,CG,62.34,1000.00,0.0,1.11,1.0,<Residue ARG het=  resseq=110 icode= >,4ux5_B_A,2.4
769,19.999,ARG, ,CD,64.29,1000.00,0.0,1.15,1.0,<Residue ARG het=  resseq=110 icode= >,4ux5_B_A,2.4
770,16.058,ARG, ,NE,66.27,1000.00,0.0,2.06,1.0,<Residue ARG het=  resseq=110 icode= >,4ux5_B_A,2.4
771,4.406,ARG, ,CZ,63.78,1000.00,0.0,3.07,1.0,<Residue ARG het=  resseq=110 icode= >,4ux5_B_A,2.4
772,5.767,ARG, ,NH1,60.19,1000.00,0.0,1.87,1.0,<Residue ARG het=  resseq=110 icode= >,4ux5_B_A,2.4
773,26.516,ARG, ,NH2,65.48,1000.00,0.0,1.93,1.0,<Residue ARG het=  resseq=110 icode= >,4ux5_B_A,2.4
774,0.0,LEU, ,N,39.86,17.43,0.0,3.71,1.0,<Residue LEU het=  resseq=111 icode= >,4ux5_B_A,2.4
775,0.0,LEU, ,CA,41.5,16.88,0.0,3.62,1.0,<Residue LEU het=  resseq=111 icode= >,4ux5_B_A,2.4
776,0.0,LEU, ,C,42.77,17.96,0.0,4.74,1.0,<Residue LEU het=  resseq=111 icode= >,4ux5_B_A,2.4
777,0.0,LEU, ,O,40.7,17.74,0.0,2.93,1.0,<Residue LEU het=  resseq=111 icode= >,4ux5_B_A,2.4
778,0.0,LEU, ,CB,34.18,16.37,0.0,2.10,1.0,<Residue LEU het=  resseq=111 icode= >,4ux5_B_A,2.4
779,0.0,LEU, ,CG,40.24,14.89,0.0,2.73,1.0,<Residue LEU het=  resseq=111 icode= >,4ux5_B_A,2.4
780,0.0,LEU, ,CD1,41.18,14.33,0.0,2.22,1.0,<Residue LEU het=  resseq=111 icode= >,4ux5_B_A,2.4
781,0.0,LEU, ,CD2,37.13,14.32,0.0,1.26,1.0,<Residue LEU het=  resseq=111 icode= >,4ux5_B_A,2.4
782,0.0,ARG, ,N,44.54,1000.00,0.0,3.24,1.0,<Residue ARG het=  resseq=112 icode= >,4ux5_B_A,2.4
783,0.0,ARG, ,CA,45.09,1000.00,0.0,2.33,1.0,<Residue ARG het=  resseq=112 icode= >,4ux5_B_A,2.4
784,0.0,ARG, ,C,38.75,1000.00,0.0,5.02,1.0,<Residue ARG het=  resseq=112 icode= >,4ux5_B_A,2.4
785,0.0,ARG, ,O,42.02,1000.00,0.0,3.05,1.0,<Residue ARG het=  resseq=112 icode= >,4ux5_B_A,2.4
786,0.0,ARG, ,CB,50.36,1000.00,0.0,1.35,1.0,<Residue ARG het=  resseq=112 icode= >,4ux5_B_A,2.4
787,2.444,ARG, ,CG,55.38,1000.00,0.0,1.01,1.0,<Residue ARG het=  resseq=112 icode= >,4ux5_B_A,2.4
788,27.277,ARG, ,CD,62.52,1000.00,0.0,1.11,1.0,<Residue ARG het=  resseq=112 icode= >,4ux5_B_A,2.4
789,4.231,ARG, ,NE,65.7,1000.00,0.0,2.47,1.0,<Residue ARG het=  resseq=112 icode= >,4ux5_B_A,2.4
790,4.399,ARG, ,CZ,66.96,1000.00,0.0,2.87,1.0,<Residue ARG het=  resseq=112 icode= >,4ux5_B_A,2.4
791,19.977,ARG, ,NH1,66.31,1000.00,0.0,1.83,1.0,<Residue ARG het=  resseq=112 icode= >,4ux5_B_A,2.4
792,35.417,ARG, ,NH2,66.84,1000.00,0.0,1.65,1.0,<Residue ARG het=  resseq=112 icode= >,4ux5_B_A,2.4
793,0.0,PRO, ,N,39.55,1000.00,0.0,4.57,1.0,<Residue PRO het=  resseq=113 icode= >,4ux5_B_A,2.4
794,6.231,PRO, ,CA,46.7,1000.00,0.0,2.61,1.0,<Residue PRO het=  resseq=113 icode= >,4ux5_B_A,2.4
795,0.0,PRO, ,C,40.78,1000.00,0.0,4.02,1.0,<Residue PRO het=  resseq=113 icode= >,4ux5_B_A,2.4
796,1.551,PRO, ,O,42.87,1000.00,0.0,2.95,1.0,<Residue PRO het=  resseq=113 icode= >,4ux5_B_A,2.4
797,12.436,PRO, ,CB,49.08,1000.00,0.0,1.80,1.0,<Residue PRO het=  resseq=113 icode= >,4ux5_B_A,2.4
798,24.859,PRO, ,CG,43.62,1000.00,0.0,2.70,1.0,<Residue PRO het=  resseq=113 icode= >,4ux5_B_A,2.4
799,1.682,PRO, ,CD,41.79,1000.00,0.0,3.52,1.0,<Residue PRO het=  resseq=113 icode= >,4ux5_B_A,2.4
800,0.0,ILE, ,N,38.03,18.40,0.0,3.53,1.0,<Residue ILE het=  resseq=114 icode= >,4ux5_B_A,2.4
801,0.0,ILE, ,CA,35.3,17.95,0.0,3.05,1.0,<Residue ILE het=  resseq=114 icode= >,4ux5_B_A,2.4
802,0.0,ILE, ,C,37.44,18.89,0.0,4.47,1.0,<Residue ILE het=  resseq=114 icode= >,4ux5_B_A,2.4
803,0.0,ILE, ,O,38.75,19.06,0.0,2.63,1.0,<Residue ILE het=  resseq=114 icode= >,4ux5_B_A,2.4
804,0.0,ILE, ,CB,33.36,16.48,0.0,3.44,1.0,<Residue ILE het=  resseq=114 icode= >,4ux5_B_A,2.4
805,0.0,ILE, ,CG1,32.71,16.01,0.0,2.64,1.0,<Residue ILE het=  resseq=114 icode= >,4ux5_B_A,2.4
806,0.0,ILE, ,CG2,33.13,16.41,0.0,1.82,1.0,<Residue ILE het=  resseq=114 icode= >,4ux5_B_A,2.4
807,0.0,ILE, ,CD1,33.12,16.16,0.0,2.30,1.0,<Residue ILE het=  resseq=114 icode= >,4ux5_B_A,2.4
808,0.0,PHE, ,N,38.4,1000.00,0.0,3.51,1.0,<Residue PHE het=  resseq=115 icode= >,4ux5_B_A,2.4
809,0.0,PHE, ,CA,36.98,1000.00,0.0,4.00,1.0,<Residue PHE het=  resseq=115 icode= >,4ux5_B_A,2.4
810,0.058,PHE, ,C,40.31,1000.00,0.0,4.84,1.0,<Residue PHE het=  resseq=115 icode= >,4ux5_B_A,2.4
811,15.29,PHE, ,O,42.72,1000.00,0.0,2.84,1.0,<Residue PHE het=  resseq=115 icode= >,4ux5_B_A,2.4
812,0.099,PHE, ,CB,35.95,1000.00,0.0,2.40,1.0,<Residue PHE het=  resseq=115 icode= >,4ux5_B_A,2.4
813,0.0,PHE, ,CG,34.64,1000.00,0.0,3.25,1.0,<Residue PHE het=  resseq=115 icode= >,4ux5_B_A,2.4
814,0.0,PHE, ,CD1,29.24,1000.00,0.0,2.44,1.0,<Residue PHE het=  resseq=115 icode= >,4ux5_B_A,2.4
815,0.0,PHE, ,CD2,34.46,1000.00,0.0,3.23,1.0,<Residue PHE het=  resseq=115 icode= >,4ux5_B_A,2.4
816,0.0,PHE, ,CE1,26.99,1000.00,0.0,3.41,1.0,<Residue PHE het=  resseq=115 icode= >,4ux5_B_A,2.4
817,0.0,PHE, ,CE2,29.44,1000.00,0.0,3.41,1.0,<Residue PHE het=  resseq=115 icode= >,4ux5_B_A,2.4
818,0.0,PHE, ,CZ,32.57,1000.00,0.0,2.95,1.0,<Residue PHE het=  resseq=115 icode= >,4ux5_B_A,2.4
819,0.0,GLU, ,N,48.38,1000.00,0.0,2.56,1.0,<Residue GLU het=  resseq=116 icode= >,4ux5_B_A,2.4
820,7.339,GLU, ,CA,49.96,1000.00,0.0,2.85,1.0,<Residue GLU het=  resseq=116 icode= >,4ux5_B_A,2.4
821,3.721,GLU, ,C,51.78,1000.00,0.0,3.70,1.0,<Residue GLU het=  resseq=116 icode= >,4ux5_B_A,2.4
822,23.347,GLU, ,O,53.21,1000.00,0.0,2.00,1.0,<Residue GLU het=  resseq=116 icode= >,4ux5_B_A,2.4
823,16.435,GLU, ,CB,53.42,1000.00,0.0,1.82,1.0,<Residue GLU het=  resseq=116 icode= >,4ux5_B_A,2.4
824,16.556,GLU, ,CG,63.7,1000.00,0.0,1.46,1.0,<Residue GLU het=  resseq=116 icode= >,4ux5_B_A,2.4
825,5.644,GLU, ,CD,68.4,1000.00,0.0,1.72,1.0,<Residue GLU het=  resseq=116 icode= >,4ux5_B_A,2.4
826,9.952,GLU, ,OE1,68.67,1000.00,0.0,1.39,1.0,<Residue GLU het=  resseq=116 icode= >,4ux5_B_A,2.4
827,21.061,GLU, ,OE2,69.19,1000.00,0.0,0.93,1.0,<Residue GLU het=  resseq=116 icode= >,4ux5_B_A,2.4
828,0.0,PHE, ,N,49.46,1000.00,0.0,2.11,1.0,<Residue PHE het=  resseq=117 icode= >,4ux5_B_A,2.4
829,3.485,PHE, ,CA,45.55,1000.00,0.0,2.90,1.0,<Residue PHE het=  resseq=117 icode= >,4ux5_B_A,2.4
830,0.425,PHE, ,C,45.01,1000.00,0.0,3.70,1.0,<Residue PHE het=  resseq=117 icode= >,4ux5_B_A,2.4
831,6.819,PHE, ,O,45.43,1000.00,0.0,2.90,1.0,<Residue PHE het=  resseq=117 icode= >,4ux5_B_A,2.4
832,0.121,PHE, ,CB,44.89,1000.00,0.0,2.06,1.0,<Residue PHE het=  resseq=117 icode= >,4ux5_B_A,2.4
833,0.0,PHE, ,CG,43.59,1000.00,0.0,2.71,1.0,<Residue PHE het=  resseq=117 icode= >,4ux5_B_A,2.4
834,11.547,PHE, ,CD1,44.83,1000.00,0.0,1.80,1.0,<Residue PHE het=  resseq=117 icode= >,4ux5_B_A,2.4
835,0.0,PHE, ,CD2,42.31,1000.00,0.0,2.07,1.0,<Residue PHE het=  resseq=117 icode= >,4ux5_B_A,2.4
836,23.951,PHE, ,CE1,42.89,1000.00,0.0,2.31,1.0,<Residue PHE het=  resseq=117 icode= >,4ux5_B_A,2.4
837,0.0,PHE, ,CE2,42.01,1000.00,0.0,2.18,1.0,<Residue PHE het=  resseq=117 icode= >,4ux5_B_A,2.4
838,3.112,PHE, ,CZ,41.56,1000.00,0.0,2.12,1.0,<Residue PHE het=  resseq=117 icode= >,4ux5_B_A,2.4
839,4.14,SER, ,N,48.39,1000.00,0.0,3.21,1.0,<Residue SER het=  resseq=118 icode= >,4ux5_B_A,2.4
840,1.467,SER, ,CA,51.03,1000.00,0.0,3.25,1.0,<Residue SER het=  resseq=118 icode= >,4ux5_B_A,2.4
841,0.002,SER, ,C,53.08,1000.00,0.0,3.09,1.0,<Residue SER het=  resseq=118 icode= >,4ux5_B_A,2.4
842,23.332,SER, ,O,57.87,1000.00,0.0,1.40,1.0,<Residue SER het=  resseq=118 icode= >,4ux5_B_A,2.4
843,40.32,SER, ,CB,56.52,1000.00,0.0,2.05,1.0,<Residue SER het=  resseq=118 icode= >,4ux5_B_A,2.4
844,34.306,SER, ,OG,58.14,1000.00,0.0,1.82,1.0,<Residue SER het=  resseq=118 icode= >,4ux5_B_A,2.4
845,0.0,PRO, ,N,50.59,1000.00,0.0,3.26,1.0,<Residue PRO het=  resseq=119 icode= >,4ux5_B_A,2.4
846,2.805,PRO, ,CA,50.81,1000.00,0.0,2.83,1.0,<Residue PRO het=  resseq=119 icode= >,4ux5_B_A,2.4
847,1.301,PRO, ,C,51.33,1000.00,0.0,3.90,1.0,<Residue PRO het=  resseq=119 icode= >,4ux5_B_A,2.4
848,24.074,PRO, ,O,52.02,1000.00,0.0,2.66,1.0,<Residue PRO het=  resseq=119 icode= >,4ux5_B_A,2.4
849,4.406,PRO, ,CB,49.18,1000.00,0.0,1.55,1.0,<Residue PRO het=  resseq=119 icode= >,4ux5_B_A,2.4
850,13.46,PRO, ,CG,50.07,1000.00,0.0,1.15,1.0,<Residue PRO het=  resseq=119 icode= >,4ux5_B_A,2.4
851,11.867,PRO, ,CD,51.12,1000.00,0.0,1.59,1.0,<Residue PRO het=  resseq=119 icode= >,4ux5_B_A,2.4
852,13.049,GLY, ,N,51.14,1000.00,0.0,2.89,1.0,<Residue GLY het=  resseq=120 icode= >,4ux5_B_A,2.4
853,29.85,GLY, ,CA,56.06,1000.00,0.0,1.60,1.0,<Residue GLY het=  resseq=120 icode= >,4ux5_B_A,2.4
854,5.19,GLY, ,C,54.87,1000.00,0.0,3.07,1.0,<Residue GLY het=  resseq=120 icode= >,4ux5_B_A,2.4
855,1.934,GLY, ,O,55.68,1000.00,0.0,1.74,1.0,<Residue GLY het=  resseq=120 icode= >,4ux5_B_A,2.4
856,0.362,PRO, ,N,57.17,1000.00,0.0,2.63,1.0,<Residue PRO het=  resseq=121 icode= >,4ux5_B_A,2.4
857,0.0,PRO, ,CA,57.65,1000.00,0.0,2.31,1.0,<Residue PRO het=  resseq=121 icode= >,4ux5_B_A,2.4
858,4.868,PRO, ,C,59.98,1000.00,0.0,3.60,1.0,<Residue PRO het=  resseq=121 icode= >,4ux5_B_A,2.4
859,29.62,PRO, ,O,63.96,1000.00,0.0,1.96,1.0,<Residue PRO het=  resseq=121 icode= >,4ux5_B_A,2.4
860,29.505,PRO, ,CB,56.55,1000.00,0.0,2.31,1.0,<Residue PRO het=  resseq=121 icode= >,4ux5_B_A,2.4
861,38.709,PRO, ,CG,58.62,1000.00,0.0,1.78,1.0,<Residue PRO het=  resseq=121 icode= >,4ux5_B_A,2.4
862,32.771,PRO, ,CD,57.89,1000.00,0.0,2.86,1.0,<Residue PRO het=  resseq=121 icode= >,4ux5_B_A,2.4
863,12.997,ASP, ,N,62.11,17.59,0.0,2.62,1.0,<Residue ASP het=  resseq=122 icode= >,4ux5_B_A,2.4
864,0.683,ASP, ,CA,62.78,16.43,0.0,1.69,1.0,<Residue ASP het=  resseq=122 icode= >,4ux5_B_A,2.4
865,3.922,ASP, ,C,62.01,15.57,0.0,2.63,1.0,<Residue ASP het=  resseq=122 icode= >,4ux5_B_A,2.4
866,21.233,ASP, ,O,62.29,15.71,0.0,2.64,1.0,<Residue ASP het=  resseq=122 icode= >,4ux5_B_A,2.4
867,22.889,ASP, ,CB,65.22,15.71,0.0,1.00,1.0,<Residue ASP het=  resseq=122 icode= >,4ux5_B_A,2.4
868,8.566,ASP, ,CG,65.73,14.58,0.0,1.96,1.0,<Residue ASP het=  resseq=122 icode= >,4ux5_B_A,2.4
869,7.978,ASP, ,OD1,61.6,13.47,0.0,1.97,1.0,<Residue ASP het=  resseq=122 icode= >,4ux5_B_A,2.4
870,7.795,ASP, ,OD2,70.48,14.90,0.0,0.46,1.0,<Residue ASP het=  resseq=122 icode= >,4ux5_B_A,2.4
871,1.83,SER, ,N,59.71,14.80,0.0,2.74,1.0,<Residue SER het=  resseq=123 icode= >,4ux5_B_A,2.4
872,3.631,SER, ,CA,54.81,14.12,0.0,3.86,1.0,<Residue SER het=  resseq=123 icode= >,4ux5_B_A,2.4
873,0.0,SER, ,C,51.99,13.03,0.0,4.03,1.0,<Residue SER het=  resseq=123 icode= >,4ux5_B_A,2.4
874,5.871,SER, ,O,55.14,12.33,0.0,1.39,1.0,<Residue SER het=  resseq=123 icode= >,4ux5_B_A,2.4
875,0.897,SER, ,CB,54.14,13.67,0.0,2.81,1.0,<Residue SER het=  resseq=123 icode= >,4ux5_B_A,2.4
876,1.459,SER, ,OG,55.85,13.52,0.0,2.08,1.0,<Residue SER het=  resseq=123 icode= >,4ux5_B_A,2.4
877,0.0,PRO, ,N,48.75,13.03,0.0,3.64,1.0,<Residue PRO het=  resseq=124 icode= >,4ux5_B_A,2.4
878,4.544,PRO, ,CA,48.0,12.29,0.0,3.05,1.0,<Residue PRO het=  resseq=124 icode= >,4ux5_B_A,2.4
879,0.0,PRO, ,C,51.49,10.82,0.0,3.27,1.0,<Residue PRO het=  resseq=124 icode= >,4ux5_B_A,2.4
880,0.0,PRO, ,O,51.37,10.50,0.0,1.91,1.0,<Residue PRO het=  resseq=124 icode= >,4ux5_B_A,2.4
881,29.23,PRO, ,CB,48.6,13.14,0.0,2.12,1.0,<Residue PRO het=  resseq=124 icode= >,4ux5_B_A,2.4
882,22.247,PRO, ,CG,47.56,13.70,0.0,2.34,1.0,<Residue PRO het=  resseq=124 icode= >,4ux5_B_A,2.4
883,18.825,PRO, ,CD,47.19,14.02,0.0,2.79,1.0,<Residue PRO het=  resseq=124 icode= >,4ux5_B_A,2.4
884,0.0,PRO, ,N,58.94,10.07,0.0,2.60,1.0,<Residue PRO het=  resseq=125 icode= >,4ux5_B_A,2.4
885,0.335,PRO, ,CA,63.13,8.66,0.0,2.96,1.0,<Residue PRO het=  resseq=125 icode= >,4ux5_B_A,2.4
886,0.0,PRO, ,C,71.01,8.63,0.0,3.31,1.0,<Residue PRO het=  resseq=125 icode= >,4ux5_B_A,2.4
887,8.618,PRO, ,O,75.37,9.73,0.0,1.14,1.0,<Residue PRO het=  resseq=125 icode= >,4ux5_B_A,2.4
888,27.253,PRO, ,CB,63.23,8.49,0.0,1.88,1.0,<Residue PRO het=  resseq=125 icode= >,4ux5_B_A,2.4
889,42.658,PRO, ,CG,62.03,9.61,0.0,1.46,1.0,<Residue PRO het=  resseq=125 icode= >,4ux5_B_A,2.4
890,26.034,PRO, ,CD,58.7,10.69,0.0,1.81,1.0,<Residue PRO het=  resseq=125 icode= >,4ux5_B_A,2.4
891,0.0,PRO, ,N,80.07,7.54,0.0,3.46,1.0,<Residue PRO het=  resseq=126 icode= >,4ux5_B_A,2.4
892,0.0,PRO, ,CA,84.62,7.81,0.0,2.00,1.0,<Residue PRO het=  resseq=126 icode= >,4ux5_B_A,2.4
893,1.659,PRO, ,C,91.72,7.65,0.0,2.29,1.0,<Residue PRO het=  resseq=126 icode= >,4ux5_B_A,2.4
894,19.585,PRO, ,O,93.85,7.56,0.0,0.86,1.0,<Residue PRO het=  resseq=126 icode= >,4ux5_B_A,2.4
895,7.6,PRO, ,CB,86.07,6.70,0.0,1.71,1.0,<Residue PRO het=  resseq=126 icode= >,4ux5_B_A,2.4
896,11.308,PRO, ,CG,84.21,5.91,1.535,1.34,1.0,<Residue PRO het=  resseq=126 icode= >,4ux5_B_A,2.4
897,16.599,PRO, ,CD,82.4,6.20,0.0,0.64,1.0,<Residue PRO het=  resseq=126 icode= >,4ux5_B_A,2.4
898,0.368,ALA, ,N,92.41,7.22,0.0,2.11,1.0,<Residue ALA het=  resseq=127 icode= >,4ux5_B_A,2.4
899,7.052,ALA, ,CA,93.63,6.56,0.0,2.14,1.0,<Residue ALA het=  resseq=127 icode= >,4ux5_B_A,2.4
900,1.568,ALA, ,C,93.1,5.06,0.0,1.78,1.0,<Residue ALA het=  resseq=127 icode= >,4ux5_B_A,2.4
901,21.994,ALA, ,O,93.95,4.66,0.307,1.12,1.0,<Residue ALA het=  resseq=127 icode= >,4ux5_B_A,2.4
902,57.659,ALA, ,CB,94.16,7.38,0.0,0.37,1.0,<Residue ALA het=  resseq=127 icode= >,4ux5_B_A,2.4
903,7.988,PRO, ,N,94.46,4.53,0.0,0.41,1.0,<Residue PRO het=  resseq=128 icode= >,4ux5_B_A,2.4
904,10.009,PRO, ,CA,96.7,3.19,7.749,1.05,1.0,<Residue PRO het=  resseq=128 icode= >,4ux5_B_A,2.4
905,35.983,PRO, ,C,100.51,3.42,8.538,1.18,1.0,<Residue PRO het=  resseq=128 icode= >,4ux5_B_A,2.4
906,32.153,PRO, ,O,101.34,4.08,0.0,1.14,1.0,<Residue PRO het=  resseq=128 icode= >,4ux5_B_A,2.4
907,70.823,PRO, ,CB,98.22,3.31,13.95,0.89,1.0,<Residue PRO het=  resseq=128 icode= >,4ux5_B_A,2.4
