,ASA,aa,altloc,atom,bfac,d2r,dASA,dens,occ,residue,id,resolu
0,47.435,GLY, ,N,98.34,1000.00,0.0,0.46,1.0,<Residue GLY het=  resseq=14 icode= >,4ux5_A_A,2.4
1,26.966,GLY, ,CA,93.37,1000.00,0.0,0.31,1.0,<Residue GLY het=  resseq=14 icode= >,4ux5_A_A,2.4
2,1.916,GLY, ,C,83.71,1000.00,0.0,1.70,1.0,<Residue GLY het=  resseq=14 icode= >,4ux5_A_A,2.4
3,1.387,GLY, ,O,82.53,1000.00,0.0,0.73,1.0,<Residue GLY het=  resseq=14 icode= >,4ux5_A_A,2.4
4,0.0,PRO, ,N,71.99,18.15,0.0,2.48,1.0,<Residue PRO het=  resseq=15 icode= >,4ux5_A_A,2.4
5,0.0,PRO, ,CA,63.93,17.49,0.0,1.73,1.0,<Residue PRO het=  resseq=15 icode= >,4ux5_A_A,2.4
6,0.481,PRO, ,C,57.79,18.20,0.0,2.43,1.0,<Residue PRO het=  resseq=15 icode= >,4ux5_A_A,2.4
7,23.486,PRO, ,O,58.86,19.43,0.0,1.46,1.0,<Residue PRO het=  resseq=15 icode= >,4ux5_A_A,2.4
8,4.983,PRO, ,CB,62.21,17.78,0.0,1.72,1.0,<Residue PRO het=  resseq=15 icode= >,4ux5_A_A,2.4
9,38.496,PRO, ,CG,67.6,19.03,0.0,0.99,1.0,<Residue PRO het=  resseq=15 icode= >,4ux5_A_A,2.4
10,29.365,PRO, ,CD,74.25,18.97,0.0,1.29,1.0,<Residue PRO het=  resseq=15 icode= >,4ux5_A_A,2.4
11,0.0,GLY, ,N,52.37,17.51,0.0,2.24,1.0,<Residue GLY het=  resseq=16 icode= >,4ux5_A_A,2.4
12,21.111,GLY, ,CA,47.84,18.26,0.0,2.20,1.0,<Residue GLY het=  resseq=16 icode= >,4ux5_A_A,2.4
13,0.004,GLY, ,C,41.8,17.50,0.0,4.44,1.0,<Residue GLY het=  resseq=16 icode= >,4ux5_A_A,2.4
14,0.0,GLY, ,O,41.06,16.27,0.0,3.15,1.0,<Residue GLY het=  resseq=16 icode= >,4ux5_A_A,2.4
15,6.687,ILE, ,N,40.66,18.31,0.0,2.40,1.0,<Residue ILE het=  resseq=17 icode= >,4ux5_A_A,2.4
16,0.0,ILE, ,CA,38.05,17.90,0.0,3.15,1.0,<Residue ILE het=  resseq=17 icode= >,4ux5_A_A,2.4
17,0.039,ILE, ,C,38.94,17.73,0.0,4.13,1.0,<Residue ILE het=  resseq=17 icode= >,4ux5_A_A,2.4
18,22.834,ILE, ,O,39.91,18.60,0.0,2.77,1.0,<Residue ILE het=  resseq=17 icode= >,4ux5_A_A,2.4
19,7.06,ILE, ,CB,37.77,19.04,0.0,2.51,1.0,<Residue ILE het=  resseq=17 icode= >,4ux5_A_A,2.4
20,11.915,ILE, ,CG1,35.92,19.42,0.0,2.42,1.0,<Residue ILE het=  resseq=17 icode= >,4ux5_A_A,2.4
21,3.961,ILE, ,CG2,34.04,18.78,0.0,1.56,1.0,<Residue ILE het=  resseq=17 icode= >,4ux5_A_A,2.4
22,0.0,ILE, ,CD1,34.85,18.40,0.0,1.76,1.0,<Residue ILE het=  resseq=17 icode= >,4ux5_A_A,2.4
23,0.0,TYR, ,N,36.24,16.58,0.0,2.53,1.0,<Residue TYR het=  resseq=18 icode= >,4ux5_A_A,2.4
24,5.372,TYR, ,CA,38.12,15.44,0.0,4.29,1.0,<Residue TYR het=  resseq=18 icode= >,4ux5_A_A,2.4
25,1.507,TYR, ,C,38.65,15.01,0.0,4.45,1.0,<Residue TYR het=  resseq=18 icode= >,4ux5_A_A,2.4
26,0.0,TYR, ,O,38.42,15.39,0.0,3.32,1.0,<Residue TYR het=  resseq=18 icode= >,4ux5_A_A,2.4
27,12.458,TYR, ,CB,40.56,14.35,0.0,3.25,1.0,<Residue TYR het=  resseq=18 icode= >,4ux5_A_A,2.4
28,0.529,TYR, ,CG,43.74,14.89,0.0,2.92,1.0,<Residue TYR het=  resseq=18 icode= >,4ux5_A_A,2.4
29,0.0,TYR, ,CD1,43.7,15.29,0.0,1.84,1.0,<Residue TYR het=  resseq=18 icode= >,4ux5_A_A,2.4
30,25.158,TYR, ,CD2,47.33,14.86,0.0,2.73,1.0,<Residue TYR het=  resseq=18 icode= >,4ux5_A_A,2.4
31,0.057,TYR, ,CE1,46.75,15.68,0.0,1.82,1.0,<Residue TYR het=  resseq=18 icode= >,4ux5_A_A,2.4
32,33.727,TYR, ,CE2,52.01,15.53,0.0,2.38,1.0,<Residue TYR het=  resseq=18 icode= >,4ux5_A_A,2.4
33,5.717,TYR, ,CZ,52.17,16.21,0.0,2.94,1.0,<Residue TYR het=  resseq=18 icode= >,4ux5_A_A,2.4
34,20.664,TYR, ,OH,57.22,17.00,0.0,1.92,1.0,<Residue TYR het=  resseq=18 icode= >,4ux5_A_A,2.4
35,5.679,SER, ,N,43.13,14.23,0.0,3.10,1.0,<Residue SER het=  resseq=19 icode= >,4ux5_A_A,2.4
36,0.0,SER, ,CA,43.09,13.90,0.0,2.53,1.0,<Residue SER het=  resseq=19 icode= >,4ux5_A_A,2.4
37,1.523,SER, ,C,47.59,12.48,0.0,3.79,1.0,<Residue SER het=  resseq=19 icode= >,4ux5_A_A,2.4
38,24.552,SER, ,O,56.71,11.94,0.0,1.26,1.0,<Residue SER het=  resseq=19 icode= >,4ux5_A_A,2.4
39,14.456,SER, ,CB,41.89,14.56,0.0,2.54,1.0,<Residue SER het=  resseq=19 icode= >,4ux5_A_A,2.4
40,31.548,SER, ,OG,47.36,14.33,0.0,2.10,1.0,<Residue SER het=  resseq=19 icode= >,4ux5_A_A,2.4
41,0.0,ALA, ,N,43.07,11.56,0.0,3.72,1.0,<Residue ALA het=  resseq=20 icode= >,4ux5_A_A,2.4
42,6.335,ALA, ,CA,48.11,10.17,0.0,3.71,1.0,<Residue ALA het=  resseq=20 icode= >,4ux5_A_A,2.4
43,1.124,ALA, ,C,46.46,9.25,0.0,3.86,1.0,<Residue ALA het=  resseq=20 icode= >,4ux5_A_A,2.4
44,0.0,ALA, ,O,46.49,9.83,0.0,2.99,1.0,<Residue ALA het=  resseq=20 icode= >,4ux5_A_A,2.4
45,19.149,ALA, ,CB,38.29,9.63,0.0,2.43,1.0,<Residue ALA het=  resseq=20 icode= >,4ux5_A_A,2.4
46,5.761,THR, ,N,49.33,7.97,0.0,2.76,1.0,<Residue THR het=  resseq=21 icode= >,4ux5_A_A,2.4
47,0.0,THR, ,CA,48.96,7.11,0.0,2.17,1.0,<Residue THR het=  resseq=21 icode= >,4ux5_A_A,2.4
48,0.0,THR, ,C,51.97,5.79,0.0,3.75,1.0,<Residue THR het=  resseq=21 icode= >,4ux5_A_A,2.4
49,21.381,THR, ,O,51.13,5.04,3.148,1.93,1.0,<Residue THR het=  resseq=21 icode= >,4ux5_A_A,2.4
50,15.532,THR, ,CB,51.65,7.09,0.0,2.70,1.0,<Residue THR het=  resseq=21 icode= >,4ux5_A_A,2.4
51,19.624,THR, ,OG1,52.83,8.48,0.0,2.27,1.0,<Residue THR het=  resseq=21 icode= >,4ux5_A_A,2.4
52,23.764,THR, ,CG2,51.07,6.42,0.0,1.77,1.0,<Residue THR het=  resseq=21 icode= >,4ux5_A_A,2.4
53,0.0,TYR, ,N,46.78,5.71,0.0,3.67,1.0,<Residue TYR het=  resseq=22 icode= >,4ux5_A_A,2.4
54,2.543,TYR, ,CA,51.92,4.39,2.543,3.11,1.0,<Residue TYR het=  resseq=22 icode= >,4ux5_A_A,2.4
55,0.0,TYR, ,C,56.19,4.22,0.0,3.20,1.0,<Residue TYR het=  resseq=22 icode= >,4ux5_A_A,2.4
56,0.0,TYR, ,O,52.01,5.25,0.0,2.52,1.0,<Residue TYR het=  resseq=22 icode= >,4ux5_A_A,2.4
57,0.4,TYR, ,CB,50.02,4.73,0.0,2.23,1.0,<Residue TYR het=  resseq=22 icode= >,4ux5_A_A,2.4
58,0.0,TYR, ,CG,48.53,5.59,0.0,3.02,1.0,<Residue TYR het=  resseq=22 icode= >,4ux5_A_A,2.4
59,5.786,TYR, ,CD1,51.54,5.33,3.7,2.36,1.0,<Residue TYR het=  resseq=22 icode= >,4ux5_A_A,2.4
60,0.0,TYR, ,CD2,45.03,6.96,0.0,2.06,1.0,<Residue TYR het=  resseq=22 icode= >,4ux5_A_A,2.4
61,13.941,TYR, ,CE1,52.73,6.12,0.0,1.62,1.0,<Residue TYR het=  resseq=22 icode= >,4ux5_A_A,2.4
62,0.0,TYR, ,CE2,39.05,7.91,0.0,2.55,1.0,<Residue TYR het=  resseq=22 icode= >,4ux5_A_A,2.4
63,0.0,TYR, ,CZ,48.52,7.49,0.0,3.24,1.0,<Residue TYR het=  resseq=22 icode= >,4ux5_A_A,2.4
64,14.801,TYR, ,OH,46.34,8.36,0.0,2.47,1.0,<Residue TYR het=  resseq=22 icode= >,4ux5_A_A,2.4
65,10.665,SER, ,N,58.9,3.31,10.538,2.03,1.0,<Residue SER het=  resseq=23 icode= >,4ux5_A_A,2.4
66,16.841,SER, ,CA,62.55,3.87,11.237,2.60,1.0,<Residue SER het=  resseq=23 icode= >,4ux5_A_A,2.4
67,4.479,SER, ,C,61.15,4.95,0.0,3.42,1.0,<Residue SER het=  resseq=23 icode= >,4ux5_A_A,2.4
68,17.8,SER, ,O,61.17,6.03,0.0,2.49,1.0,<Residue SER het=  resseq=23 icode= >,4ux5_A_A,2.4
69,25.914,SER, ,CB,65.8,4.19,6.835,1.43,1.0,<Residue SER het=  resseq=23 icode= >,4ux5_A_A,2.4
70,16.485,SER, ,OG,70.31,3.31,13.508,-0.23,1.0,<Residue SER het=  resseq=23 icode= >,4ux5_A_A,2.4
71,6.795,GLY, ,N,60.0,4.91,0.877,2.16,1.0,<Residue GLY het=  resseq=24 icode= >,4ux5_A_A,2.4
72,31.464,GLY, ,CA,59.09,6.16,0.0,1.39,1.0,<Residue GLY het=  resseq=24 icode= >,4ux5_A_A,2.4
73,0.761,GLY, ,C,51.32,7.31,0.0,3.15,1.0,<Residue GLY het=  resseq=24 icode= >,4ux5_A_A,2.4
74,23.937,GLY, ,O,56.47,8.46,0.0,2.26,1.0,<Residue GLY het=  resseq=24 icode= >,4ux5_A_A,2.4
75,0.0,ILE, ,N,47.91,7.20,0.0,3.07,1.0,<Residue ILE het=  resseq=25 icode= >,4ux5_A_A,2.4
76,0.434,ILE, ,CA,48.97,8.48,0.0,2.65,1.0,<Residue ILE het=  resseq=25 icode= >,4ux5_A_A,2.4
77,0.0,ILE, ,C,40.75,8.82,0.0,4.20,1.0,<Residue ILE het=  resseq=25 icode= >,4ux5_A_A,2.4
78,0.0,ILE, ,O,40.13,8.34,0.0,3.88,1.0,<Residue ILE het=  resseq=25 icode= >,4ux5_A_A,2.4
79,0.0,ILE, ,CB,47.7,8.46,0.0,2.61,1.0,<Residue ILE het=  resseq=25 icode= >,4ux5_A_A,2.4
80,13.529,ILE, ,CG1,46.51,8.53,0.0,2.30,1.0,<Residue ILE het=  resseq=25 icode= >,4ux5_A_A,2.4
81,3.268,ILE, ,CG2,38.97,9.75,0.0,2.62,1.0,<Residue ILE het=  resseq=25 icode= >,4ux5_A_A,2.4
82,37.713,ILE, ,CD1,46.18,8.54,0.0,0.84,1.0,<Residue ILE het=  resseq=25 icode= >,4ux5_A_A,2.4
83,0.0,PRO, ,N,44.76,9.77,0.0,3.31,1.0,<Residue PRO het=  resseq=26 icode= >,4ux5_A_A,2.4
84,0.0,PRO, ,CA,41.7,10.49,0.0,2.52,1.0,<Residue PRO het=  resseq=26 icode= >,4ux5_A_A,2.4
85,0.0,PRO, ,C,40.57,11.34,0.0,4.42,1.0,<Residue PRO het=  resseq=26 icode= >,4ux5_A_A,2.4
86,0.204,PRO, ,O,33.23,11.99,0.0,3.43,1.0,<Residue PRO het=  resseq=26 icode= >,4ux5_A_A,2.4
87,3.983,PRO, ,CB,38.13,11.52,0.0,2.71,1.0,<Residue PRO het=  resseq=26 icode= >,4ux5_A_A,2.4
88,37.088,PRO, ,CG,41.67,11.07,0.0,2.62,1.0,<Residue PRO het=  resseq=26 icode= >,4ux5_A_A,2.4
89,12.416,PRO, ,CD,46.27,10.39,0.0,2.66,1.0,<Residue PRO het=  resseq=26 icode= >,4ux5_A_A,2.4
90,0.0,VAL, ,N,37.56,11.31,0.0,3.82,1.0,<Residue VAL het=  resseq=27 icode= >,4ux5_A_A,2.4
91,0.0,VAL, ,CA,37.48,12.08,0.0,2.60,1.0,<Residue VAL het=  resseq=27 icode= >,4ux5_A_A,2.4
92,0.0,VAL, ,C,37.25,13.02,0.0,4.40,1.0,<Residue VAL het=  resseq=27 icode= >,4ux5_A_A,2.4
93,0.0,VAL, ,O,38.27,12.91,0.0,3.94,1.0,<Residue VAL het=  resseq=27 icode= >,4ux5_A_A,2.4
94,0.0,VAL, ,CB,39.5,11.31,0.0,2.75,1.0,<Residue VAL het=  resseq=27 icode= >,4ux5_A_A,2.4
95,0.0,VAL, ,CG1,42.27,10.60,0.0,1.12,1.0,<Residue VAL het=  resseq=27 icode= >,4ux5_A_A,2.4
96,0.0,VAL, ,CG2,40.26,10.49,0.0,2.07,1.0,<Residue VAL het=  resseq=27 icode= >,4ux5_A_A,2.4
97,0.0,TYR, ,N,35.26,14.09,0.0,2.75,1.0,<Residue TYR het=  resseq=28 icode= >,4ux5_A_A,2.4
98,0.0,TYR, ,CA,32.97,15.00,0.0,3.43,1.0,<Residue TYR het=  resseq=28 icode= >,4ux5_A_A,2.4
99,0.0,TYR, ,C,32.59,14.73,0.0,5.00,1.0,<Residue TYR het=  resseq=28 icode= >,4ux5_A_A,2.4
100,0.0,TYR, ,O,30.5,14.47,0.0,3.92,1.0,<Residue TYR het=  resseq=28 icode= >,4ux5_A_A,2.4
101,0.0,TYR, ,CB,33.91,16.45,0.0,2.77,1.0,<Residue TYR het=  resseq=28 icode= >,4ux5_A_A,2.4
102,0.0,TYR, ,CG,35.99,16.93,0.0,3.35,1.0,<Residue TYR het=  resseq=28 icode= >,4ux5_A_A,2.4
103,1.124,TYR, ,CD1,39.29,17.04,0.0,2.52,1.0,<Residue TYR het=  resseq=28 icode= >,4ux5_A_A,2.4
104,0.0,TYR, ,CD2,37.87,17.45,0.0,2.31,1.0,<Residue TYR het=  resseq=28 icode= >,4ux5_A_A,2.4
105,5.848,TYR, ,CE1,40.98,17.50,0.0,2.37,1.0,<Residue TYR het=  resseq=28 icode= >,4ux5_A_A,2.4
106,2.566,TYR, ,CE2,40.09,18.04,0.0,2.34,1.0,<Residue TYR het=  resseq=28 icode= >,4ux5_A_A,2.4
107,0.0,TYR, ,CZ,42.15,18.03,0.0,3.06,1.0,<Residue TYR het=  resseq=28 icode= >,4ux5_A_A,2.4
108,7.467,TYR, ,OH,47.08,18.60,0.0,1.80,1.0,<Residue TYR het=  resseq=28 icode= >,4ux5_A_A,2.4
109,0.0,GLU, ,N,35.94,14.79,0.0,3.71,1.0,<Residue GLU het=  resseq=29 icode= >,4ux5_A_A,2.4
110,0.0,GLU, ,CA,38.45,13.61,0.0,3.40,1.0,<Residue GLU het=  resseq=29 icode= >,4ux5_A_A,2.4
111,0.0,GLU, ,C,38.78,14.04,0.0,4.51,1.0,<Residue GLU het=  resseq=29 icode= >,4ux5_A_A,2.4
112,0.0,GLU, ,O,32.92,14.55,0.0,3.25,1.0,<Residue GLU het=  resseq=29 icode= >,4ux5_A_A,2.4
113,0.156,GLU, ,CB,43.32,12.51,0.0,2.57,1.0,<Residue GLU het=  resseq=29 icode= >,4ux5_A_A,2.4
114,0.0,GLU, ,CG,50.06,11.23,0.0,1.51,1.0,<Residue GLU het=  resseq=29 icode= >,4ux5_A_A,2.4
115,0.314,GLU, ,CD,56.76,10.15,0.0,2.79,1.0,<Residue GLU het=  resseq=29 icode= >,4ux5_A_A,2.4
116,2.319,GLU, ,OE1,58.18,10.43,0.0,2.10,1.0,<Residue GLU het=  resseq=29 icode= >,4ux5_A_A,2.4
117,6.844,GLU, ,OE2,60.2,9.17,0.0,1.86,1.0,<Residue GLU het=  resseq=29 icode= >,4ux5_A_A,2.4
118,0.0,TYR, ,N,35.76,14.00,0.0,3.68,1.0,<Residue TYR het=  resseq=30 icode= >,4ux5_A_A,2.4
119,0.0,TYR, ,CA,33.81,14.49,0.0,3.63,1.0,<Residue TYR het=  resseq=30 icode= >,4ux5_A_A,2.4
120,0.0,TYR, ,C,36.04,13.42,0.0,4.01,1.0,<Residue TYR het=  resseq=30 icode= >,4ux5_A_A,2.4
121,0.0,TYR, ,O,35.95,12.55,0.0,2.80,1.0,<Residue TYR het=  resseq=30 icode= >,4ux5_A_A,2.4
122,0.0,TYR, ,CB,33.41,15.08,0.0,2.22,1.0,<Residue TYR het=  resseq=30 icode= >,4ux5_A_A,2.4
123,0.0,TYR, ,CG,37.09,15.73,0.0,2.61,1.0,<Residue TYR het=  resseq=30 icode= >,4ux5_A_A,2.4
124,0.0,TYR, ,CD1,38.76,16.77,0.0,2.25,1.0,<Residue TYR het=  resseq=30 icode= >,4ux5_A_A,2.4
125,0.0,TYR, ,CD2,33.55,15.31,0.0,2.73,1.0,<Residue TYR het=  resseq=30 icode= >,4ux5_A_A,2.4
126,2.239,TYR, ,CE1,41.77,17.47,0.0,1.89,1.0,<Residue TYR het=  resseq=30 icode= >,4ux5_A_A,2.4
127,0.0,TYR, ,CE2,40.93,16.09,0.0,2.85,1.0,<Residue TYR het=  resseq=30 icode= >,4ux5_A_A,2.4
128,0.0,TYR, ,CZ,43.23,17.23,0.0,3.34,1.0,<Residue TYR het=  resseq=30 icode= >,4ux5_A_A,2.4
129,17.963,TYR, ,OH,53.18,18.08,0.0,1.96,1.0,<Residue TYR het=  resseq=30 icode= >,4ux5_A_A,2.4
130,0.0,GLN, ,N,38.41,13.60,0.0,3.14,1.0,<Residue GLN het=  resseq=31 icode= >,4ux5_A_A,2.4
131,0.0,GLN, ,CA,42.07,12.79,0.0,3.11,1.0,<Residue GLN het=  resseq=31 icode= >,4ux5_A_A,2.4
132,0.0,GLN, ,C,46.37,13.65,0.0,3.46,1.0,<Residue GLN het=  resseq=31 icode= >,4ux5_A_A,2.4
133,0.0,GLN, ,O,46.94,14.86,0.0,2.19,1.0,<Residue GLN het=  resseq=31 icode= >,4ux5_A_A,2.4
134,0.0,GLN, ,CB,39.65,12.50,0.0,3.44,1.0,<Residue GLN het=  resseq=31 icode= >,4ux5_A_A,2.4
135,0.779,GLN, ,CG,52.53,11.68,0.0,2.04,1.0,<Residue GLN het=  resseq=31 icode= >,4ux5_A_A,2.4
136,2.806,GLN, ,CD,52.51,11.48,0.0,2.67,1.0,<Residue GLN het=  resseq=31 icode= >,4ux5_A_A,2.4
137,16.966,GLN, ,OE1,57.82,12.17,0.0,1.33,1.0,<Residue GLN het=  resseq=31 icode= >,4ux5_A_A,2.4
138,34.589,GLN, ,NE2,46.7,10.73,0.0,2.39,1.0,<Residue GLN het=  resseq=31 icode= >,4ux5_A_A,2.4
139,0.0,PHE, ,N,47.28,13.09,0.0,2.87,1.0,<Residue PHE het=  resseq=32 icode= >,4ux5_A_A,2.4
140,0.0,PHE, ,CA,47.9,13.97,0.0,3.15,1.0,<Residue PHE het=  resseq=32 icode= >,4ux5_A_A,2.4
141,0.0,PHE, ,C,53.38,13.23,0.0,3.44,1.0,<Residue PHE het=  resseq=32 icode= >,4ux5_A_A,2.4
142,0.0,PHE, ,O,53.03,12.16,0.0,1.62,1.0,<Residue PHE het=  resseq=32 icode= >,4ux5_A_A,2.4
143,7.225,PHE, ,CB,47.02,14.80,0.0,2.07,1.0,<Residue PHE het=  resseq=32 icode= >,4ux5_A_A,2.4
144,0.0,PHE, ,CG,46.56,14.10,0.0,2.59,1.0,<Residue PHE het=  resseq=32 icode= >,4ux5_A_A,2.4
145,0.0,PHE, ,CD1,45.27,13.42,0.0,1.79,1.0,<Residue PHE het=  resseq=32 icode= >,4ux5_A_A,2.4
146,0.033,PHE, ,CD2,48.24,13.91,0.0,2.20,1.0,<Residue PHE het=  resseq=32 icode= >,4ux5_A_A,2.4
147,0.0,PHE, ,CE1,43.31,12.41,0.0,1.82,1.0,<Residue PHE het=  resseq=32 icode= >,4ux5_A_A,2.4
148,0.0,PHE, ,CE2,47.7,12.93,0.0,2.04,1.0,<Residue PHE het=  resseq=32 icode= >,4ux5_A_A,2.4
149,0.414,PHE, ,CZ,44.32,12.14,0.0,1.67,1.0,<Residue PHE het=  resseq=32 icode= >,4ux5_A_A,2.4
150,9.677,GLY, ,N,69.55,13.89,0.0,2.21,1.0,<Residue GLY het=  resseq=33 icode= >,4ux5_A_A,2.4
151,11.159,GLY, ,CA,79.46,13.42,0.0,1.38,1.0,<Residue GLY het=  resseq=33 icode= >,4ux5_A_A,2.4
152,7.329,GLY, ,C,87.82,13.43,0.0,1.86,1.0,<Residue GLY het=  resseq=33 icode= >,4ux5_A_A,2.4
153,39.993,GLY, ,O,93.96,14.03,0.0,1.51,1.0,<Residue GLY het=  resseq=33 icode= >,4ux5_A_A,2.4
154,12.479,LEU, ,N,95.62,12.97,0.0,1.13,1.0,<Residue LEU het=  resseq=36 icode= >,4ux5_A_A,2.4
155,0.0,LEU, ,CA,93.91,12.57,0.0,1.52,1.0,<Residue LEU het=  resseq=36 icode= >,4ux5_A_A,2.4
156,1.962,LEU, ,C,92.06,11.07,0.0,1.77,1.0,<Residue LEU het=  resseq=36 icode= >,4ux5_A_A,2.4
157,10.23,LEU, ,O,91.0,10.75,0.0,1.61,1.0,<Residue LEU het=  resseq=36 icode= >,4ux5_A_A,2.4
158,21.388,LEU, ,CB,99.4,13.40,0.0,1.11,1.0,<Residue LEU het=  resseq=36 icode= >,4ux5_A_A,2.4
159,3.846,LEU, ,CG,98.85,13.72,0.0,1.89,1.0,<Residue LEU het=  resseq=36 icode= >,4ux5_A_A,2.4
160,1.52,LEU, ,CD1,96.25,14.09,0.0,0.98,1.0,<Residue LEU het=  resseq=36 icode= >,4ux5_A_A,2.4
161,43.797,LEU, ,CD2,103.57,14.95,0.0,0.83,1.0,<Residue LEU het=  resseq=36 icode= >,4ux5_A_A,2.4
162,0.063,LYS, ,N,89.29,10.27,0.0,0.90,1.0,<Residue LYS het=  resseq=37 icode= >,4ux5_A_A,2.4
163,3.168,LYS, ,CA,81.95,8.81,0.0,1.55,1.0,<Residue LYS het=  resseq=37 icode= >,4ux5_A_A,2.4
164,1.735,LYS, ,C,70.91,8.25,0.0,2.99,1.0,<Residue LYS het=  resseq=37 icode= >,4ux5_A_A,2.4
165,11.184,LYS, ,O,68.21,7.14,0.0,2.13,1.0,<Residue LYS het=  resseq=37 icode= >,4ux5_A_A,2.4
166,19.851,LYS, ,CB,87.06,8.38,0.0,0.60,1.0,<Residue LYS het=  resseq=37 icode= >,4ux5_A_A,2.4
167,25.886,LYS, ,CG,90.33,8.08,0.0,0.46,1.0,<Residue LYS het=  resseq=37 icode= >,4ux5_A_A,2.4
168,32.095,LYS, ,CD,93.75,7.79,0.0,-0.09,1.0,<Residue LYS het=  resseq=37 icode= >,4ux5_A_A,2.4
169,45.32,LYS, ,CE,96.77,7.78,0.0,0.43,1.0,<Residue LYS het=  resseq=37 icode= >,4ux5_A_A,2.4
170,48.896,LYS, ,NZ,100.81,7.26,0.0,0.34,1.0,<Residue LYS het=  resseq=37 icode= >,4ux5_A_A,2.4
171,0.0,GLU, ,N,64.86,9.18,0.0,2.32,1.0,<Residue GLU het=  resseq=38 icode= >,4ux5_A_A,2.4
172,5.935,GLU, ,CA,57.75,9.11,0.0,2.26,1.0,<Residue GLU het=  resseq=38 icode= >,4ux5_A_A,2.4
173,0.0,GLU, ,C,52.16,9.38,0.0,2.72,1.0,<Residue GLU het=  resseq=38 icode= >,4ux5_A_A,2.4
174,0.283,GLU, ,O,52.08,10.01,0.0,2.06,1.0,<Residue GLU het=  resseq=38 icode= >,4ux5_A_A,2.4
175,4.383,GLU, ,CB,57.63,10.31,0.0,1.70,1.0,<Residue GLU het=  resseq=38 icode= >,4ux5_A_A,2.4
176,24.182,GLU, ,CG,63.3,10.58,0.0,1.25,1.0,<Residue GLU het=  resseq=38 icode= >,4ux5_A_A,2.4
177,8.184,GLU, ,CD,67.21,11.55,0.0,2.19,1.0,<Residue GLU het=  resseq=38 icode= >,4ux5_A_A,2.4
178,9.509,GLU, ,OE1,64.84,11.12,0.0,1.92,1.0,<Residue GLU het=  resseq=38 icode= >,4ux5_A_A,2.4
179,16.554,GLU, ,OE2,72.64,12.75,0.0,0.95,1.0,<Residue GLU het=  resseq=38 icode= >,4ux5_A_A,2.4
180,2.343,HIS, ,N,44.8,9.17,0.0,2.46,1.0,<Residue HIS het=  resseq=39 icode= >,4ux5_A_A,2.4
181,0.0,HIS, ,CA,41.74,9.68,0.0,2.94,1.0,<Residue HIS het=  resseq=39 icode= >,4ux5_A_A,2.4
182,0.0,HIS, ,C,38.12,9.37,0.0,4.90,1.0,<Residue HIS het=  resseq=39 icode= >,4ux5_A_A,2.4
183,4.769,HIS, ,O,37.48,8.35,0.0,3.29,1.0,<Residue HIS het=  resseq=39 icode= >,4ux5_A_A,2.4
184,0.442,HIS, ,CB,40.02,8.84,0.0,3.46,1.0,<Residue HIS het=  resseq=39 icode= >,4ux5_A_A,2.4
185,0.0,HIS, ,CG,40.35,7.40,0.0,3.54,1.0,<Residue HIS het=  resseq=39 icode= >,4ux5_A_A,2.4
186,4.96,HIS, ,ND1,43.42,6.47,0.0,3.21,1.0,<Residue HIS het=  resseq=39 icode= >,4ux5_A_A,2.4
187,0.14,HIS, ,CD2,41.03,6.91,0.0,2.89,1.0,<Residue HIS het=  resseq=39 icode= >,4ux5_A_A,2.4
188,18.173,HIS, ,CE1,44.78,5.27,1.666,2.76,1.0,<Residue HIS het=  resseq=39 icode= >,4ux5_A_A,2.4
189,2.52,HIS, ,NE2,44.65,5.56,0.0,2.53,1.0,<Residue HIS het=  resseq=39 icode= >,4ux5_A_A,2.4
190,0.0,VAL, ,N,29.43,10.33,0.0,4.08,1.0,<Residue VAL het=  resseq=40 icode= >,4ux5_A_A,2.4
191,0.0,VAL, ,CA,32.14,10.31,0.0,3.86,1.0,<Residue VAL het=  resseq=40 icode= >,4ux5_A_A,2.4
192,0.0,VAL, ,C,29.37,11.05,0.0,5.82,1.0,<Residue VAL het=  resseq=40 icode= >,4ux5_A_A,2.4
193,0.0,VAL, ,O,33.61,12.16,0.0,3.61,1.0,<Residue VAL het=  resseq=40 icode= >,4ux5_A_A,2.4
194,0.0,VAL, ,CB,33.43,11.21,0.0,3.12,1.0,<Residue VAL het=  resseq=40 icode= >,4ux5_A_A,2.4
195,0.0,VAL, ,CG1,32.99,11.53,0.0,1.54,1.0,<Residue VAL het=  resseq=40 icode= >,4ux5_A_A,2.4
196,0.033,VAL, ,CG2,34.09,10.78,0.0,1.66,1.0,<Residue VAL het=  resseq=40 icode= >,4ux5_A_A,2.4
197,0.0,MET, ,N,28.74,10.57,0.0,3.79,1.0,<Residue MET het=  resseq=41 icode= >,4ux5_A_A,2.4
198,0.0,MET, ,CA,28.09,11.42,0.0,3.95,1.0,<Residue MET het=  resseq=41 icode= >,4ux5_A_A,2.4
199,0.0,MET, ,C,29.58,12.23,0.0,5.79,1.0,<Residue MET het=  resseq=41 icode= >,4ux5_A_A,2.4
200,0.0,MET, ,O,26.96,11.72,0.0,3.81,1.0,<Residue MET het=  resseq=41 icode= >,4ux5_A_A,2.4
201,0.0,MET, ,CB,25.13,10.72,0.0,3.28,1.0,<Residue MET het=  resseq=41 icode= >,4ux5_A_A,2.4
202,0.0,MET, ,CG,27.57,10.06,0.0,2.34,1.0,<Residue MET het=  resseq=41 icode= >,4ux5_A_A,2.4
203,0.0,MET, ,SD,34.65,9.65,0.0,6.52,1.0,<Residue MET het=  resseq=41 icode= >,4ux5_A_A,2.4
204,0.236,MET, ,CE,32.44,8.33,0.0,2.54,1.0,<Residue MET het=  resseq=41 icode= >,4ux5_A_A,2.4
205,0.0,ARG, ,N,31.17,13.47,0.0,3.56,1.0,<Residue ARG het=  resseq=42 icode= >,4ux5_A_A,2.4
206,0.0,ARG, ,CA,33.6,14.29,0.0,2.74,1.0,<Residue ARG het=  resseq=42 icode= >,4ux5_A_A,2.4
207,0.0,ARG, ,C,22.85,14.83,0.0,5.27,1.0,<Residue ARG het=  resseq=42 icode= >,4ux5_A_A,2.4
208,0.0,ARG, ,O,23.61,14.53,0.0,4.47,1.0,<Residue ARG het=  resseq=42 icode= >,4ux5_A_A,2.4
209,0.0,ARG, ,CB,36.79,15.51,0.0,2.69,1.0,<Residue ARG het=  resseq=42 icode= >,4ux5_A_A,2.4
210,0.0,ARG, ,CG,36.18,16.15,0.0,2.05,1.0,<Residue ARG het=  resseq=42 icode= >,4ux5_A_A,2.4
211,0.0,ARG, ,CD,39.49,17.66,0.0,2.34,1.0,<Residue ARG het=  resseq=42 icode= >,4ux5_A_A,2.4
212,0.0,ARG, ,NE,40.05,18.31,0.0,3.05,1.0,<Residue ARG het=  resseq=42 icode= >,4ux5_A_A,2.4
213,0.0,ARG, ,CZ,43.02,19.60,0.0,4.41,1.0,<Residue ARG het=  resseq=42 icode= >,4ux5_A_A,2.4
214,7.095,ARG, ,NH1,42.15,20.36,0.0,3.36,1.0,<Residue ARG het=  resseq=42 icode= >,4ux5_A_A,2.4
215,0.569,ARG, ,NH2,44.25,20.20,0.0,1.67,1.0,<Residue ARG het=  resseq=42 icode= >,4ux5_A_A,2.4
216,0.0,ARG, ,N,35.05,14.76,0.0,3.97,1.0,<Residue ARG het=  resseq=43 icode= >,4ux5_A_A,2.4
217,0.0,ARG, ,CA,35.02,14.22,0.0,3.48,1.0,<Residue ARG het=  resseq=43 icode= >,4ux5_A_A,2.4
218,0.0,ARG, ,C,35.69,15.18,0.0,4.15,1.0,<Residue ARG het=  resseq=43 icode= >,4ux5_A_A,2.4
219,0.0,ARG, ,O,40.21,16.39,0.0,3.03,1.0,<Residue ARG het=  resseq=43 icode= >,4ux5_A_A,2.4
220,0.0,ARG, ,CB,38.17,14.16,0.0,2.71,1.0,<Residue ARG het=  resseq=43 icode= >,4ux5_A_A,2.4
221,0.0,ARG, ,CG,39.03,12.86,0.0,2.56,1.0,<Residue ARG het=  resseq=43 icode= >,4ux5_A_A,2.4
222,3.453,ARG, ,CD,41.08,12.86,0.0,2.24,1.0,<Residue ARG het=  resseq=43 icode= >,4ux5_A_A,2.4
223,1.173,ARG, ,NE,40.41,14.05,0.0,2.89,1.0,<Residue ARG het=  resseq=43 icode= >,4ux5_A_A,2.4
224,3.601,ARG, ,CZ,38.01,13.10,0.0,4.06,1.0,<Residue ARG het=  resseq=43 icode= >,4ux5_A_A,2.4
225,3.699,ARG, ,NH1,40.79,12.22,0.0,2.13,1.0,<Residue ARG het=  resseq=43 icode= >,4ux5_A_A,2.4
226,3.563,ARG, ,NH2,32.74,13.02,0.0,2.54,1.0,<Residue ARG het=  resseq=43 icode= >,4ux5_A_A,2.4
227,0.0,ARG, ,N,40.19,14.73,0.0,3.81,1.0,<Residue ARG het=  resseq=44 icode= >,4ux5_A_A,2.4
228,0.0,ARG, ,CA,36.32,15.73,0.0,4.58,1.0,<Residue ARG het=  resseq=44 icode= >,4ux5_A_A,2.4
229,0.011,ARG, ,C,38.23,16.48,0.0,4.21,1.0,<Residue ARG het=  resseq=44 icode= >,4ux5_A_A,2.4
230,11.311,ARG, ,O,40.55,17.63,0.0,2.46,1.0,<Residue ARG het=  resseq=44 icode= >,4ux5_A_A,2.4
231,1.229,ARG, ,CB,50.33,15.07,0.0,2.82,1.0,<Residue ARG het=  resseq=44 icode= >,4ux5_A_A,2.4
232,15.199,ARG, ,CG,55.68,16.08,0.0,1.19,1.0,<Residue ARG het=  resseq=44 icode= >,4ux5_A_A,2.4
233,22.37,ARG, ,CD,59.67,15.59,0.0,1.39,1.0,<Residue ARG het=  resseq=44 icode= >,4ux5_A_A,2.4
234,0.0,ARG, ,NE,61.36,14.51,0.0,1.15,1.0,<Residue ARG het=  resseq=44 icode= >,4ux5_A_A,2.4
235,1.455,ARG, ,CZ,63.69,14.32,0.0,1.74,1.0,<Residue ARG het=  resseq=44 icode= >,4ux5_A_A,2.4
236,35.73,ARG, ,NH1,66.88,15.18,0.0,1.58,1.0,<Residue ARG het=  resseq=44 icode= >,4ux5_A_A,2.4
237,4.596,ARG, ,NH2,61.2,13.42,0.0,1.43,1.0,<Residue ARG het=  resseq=44 icode= >,4ux5_A_A,2.4
238,0.072,VAL, ,N,36.24,15.89,0.0,3.56,1.0,<Residue VAL het=  resseq=45 icode= >,4ux5_A_A,2.4
239,7.292,VAL, ,CA,43.1,16.64,0.0,3.09,1.0,<Residue VAL het=  resseq=45 icode= >,4ux5_A_A,2.4
240,0.0,VAL, ,C,44.28,17.74,0.0,4.26,1.0,<Residue VAL het=  resseq=45 icode= >,4ux5_A_A,2.4
241,11.418,VAL, ,O,47.61,18.77,0.0,2.53,1.0,<Residue VAL het=  resseq=45 icode= >,4ux5_A_A,2.4
242,8.399,VAL, ,CB,48.32,15.77,0.0,2.01,1.0,<Residue VAL het=  resseq=45 icode= >,4ux5_A_A,2.4
243,20.769,VAL, ,CG1,47.14,15.32,0.0,1.22,1.0,<Residue VAL het=  resseq=45 icode= >,4ux5_A_A,2.4
244,60.166,VAL, ,CG2,48.87,16.55,0.0,0.54,1.0,<Residue VAL het=  resseq=45 icode= >,4ux5_A_A,2.4
245,0.0,ASP, ,N,41.51,17.63,0.0,3.27,1.0,<Residue ASP het=  resseq=46 icode= >,4ux5_A_A,2.4
246,0.079,ASP, ,CA,42.52,18.58,0.0,3.24,1.0,<Residue ASP het=  resseq=46 icode= >,4ux5_A_A,2.4
247,0.0,ASP, ,C,42.37,17.98,0.0,3.56,1.0,<Residue ASP het=  resseq=46 icode= >,4ux5_A_A,2.4
248,8.695,ASP, ,O,43.07,17.81,0.0,2.36,1.0,<Residue ASP het=  resseq=46 icode= >,4ux5_A_A,2.4
249,9.837,ASP, ,CB,44.09,17.84,0.0,2.33,1.0,<Residue ASP het=  resseq=46 icode= >,4ux5_A_A,2.4
250,0.0,ASP, ,CG,44.88,16.51,0.0,3.38,1.0,<Residue ASP het=  resseq=46 icode= >,4ux5_A_A,2.4
251,0.0,ASP, ,OD1,40.33,16.09,0.0,3.66,1.0,<Residue ASP het=  resseq=46 icode= >,4ux5_A_A,2.4
252,12.683,ASP, ,OD2,47.61,15.96,0.0,1.69,1.0,<Residue ASP het=  resseq=46 icode= >,4ux5_A_A,2.4
253,0.0,ASP, ,N,37.2,17.80,0.0,3.32,1.0,<Residue ASP het=  resseq=47 icode= >,4ux5_A_A,2.4
254,0.0,ASP, ,CA,46.05,17.38,0.0,1.86,1.0,<Residue ASP het=  resseq=47 icode= >,4ux5_A_A,2.4
255,0.0,ASP, ,C,36.25,16.02,0.0,3.70,1.0,<Residue ASP het=  resseq=47 icode= >,4ux5_A_A,2.4
256,0.0,ASP, ,O,38.18,15.82,0.0,2.79,1.0,<Residue ASP het=  resseq=47 icode= >,4ux5_A_A,2.4
257,5.795,ASP, ,CB,47.64,18.47,0.0,1.14,1.0,<Residue ASP het=  resseq=47 icode= >,4ux5_A_A,2.4
258,0.015,ASP, ,CG,48.65,19.67,0.0,2.56,1.0,<Residue ASP het=  resseq=47 icode= >,4ux5_A_A,2.4
259,3.039,ASP, ,OD1,46.57,19.59,0.0,2.59,1.0,<Residue ASP het=  resseq=47 icode= >,4ux5_A_A,2.4
260,9.144,ASP, ,OD2,51.16,20.75,0.0,0.70,1.0,<Residue ASP het=  resseq=47 icode= >,4ux5_A_A,2.4
261,0.0,TRP, ,N,39.09,15.20,0.0,2.87,1.0,<Residue TRP het=  resseq=48 icode= >,4ux5_A_A,2.4
262,0.0,TRP, ,CA,38.24,13.85,0.0,3.76,1.0,<Residue TRP het=  resseq=48 icode= >,4ux5_A_A,2.4
263,0.0,TRP, ,C,38.03,13.06,0.0,4.55,1.0,<Residue TRP het=  resseq=48 icode= >,4ux5_A_A,2.4
264,0.0,TRP, ,O,39.5,13.36,0.0,3.93,1.0,<Residue TRP het=  resseq=48 icode= >,4ux5_A_A,2.4
265,0.0,TRP, ,CB,33.14,13.29,0.0,2.72,1.0,<Residue TRP het=  resseq=48 icode= >,4ux5_A_A,2.4
266,0.0,TRP, ,CG,35.24,13.91,0.0,3.50,1.0,<Residue TRP het=  resseq=48 icode= >,4ux5_A_A,2.4
267,0.698,TRP, ,CD1,37.35,15.17,0.0,2.82,1.0,<Residue TRP het=  resseq=48 icode= >,4ux5_A_A,2.4
268,0.0,TRP, ,CD2,42.28,13.43,0.0,3.10,1.0,<Residue TRP het=  resseq=48 icode= >,4ux5_A_A,2.4
269,4.274,TRP, ,NE1,45.21,15.52,0.0,3.31,1.0,<Residue TRP het=  resseq=48 icode= >,4ux5_A_A,2.4
270,0.496,TRP, ,CE2,43.04,14.52,0.0,3.52,1.0,<Residue TRP het=  resseq=48 icode= >,4ux5_A_A,2.4
271,0.06,TRP, ,CE3,41.63,12.29,0.0,2.03,1.0,<Residue TRP het=  resseq=48 icode= >,4ux5_A_A,2.4
272,3.924,TRP, ,CZ2,40.37,14.60,0.0,2.40,1.0,<Residue TRP het=  resseq=48 icode= >,4ux5_A_A,2.4
273,1.643,TRP, ,CZ3,42.89,12.38,0.0,2.08,1.0,<Residue TRP het=  resseq=48 icode= >,4ux5_A_A,2.4
274,13.716,TRP, ,CH2,39.7,13.57,0.0,2.57,1.0,<Residue TRP het=  resseq=48 icode= >,4ux5_A_A,2.4
275,0.0,ILE, ,N,36.57,12.20,0.0,3.39,1.0,<Residue ILE het=  resseq=49 icode= >,4ux5_A_A,2.4
276,0.0,ILE, ,CA,33.15,11.66,0.0,3.20,1.0,<Residue ILE het=  resseq=49 icode= >,4ux5_A_A,2.4
277,0.0,ILE, ,C,30.63,10.14,0.0,5.33,1.0,<Residue ILE het=  resseq=49 icode= >,4ux5_A_A,2.4
278,0.0,ILE, ,O,31.48,9.54,0.0,4.05,1.0,<Residue ILE het=  resseq=49 icode= >,4ux5_A_A,2.4
279,0.0,ILE, ,CB,36.74,12.37,0.0,3.38,1.0,<Residue ILE het=  resseq=49 icode= >,4ux5_A_A,2.4
280,0.0,ILE, ,CG1,33.03,12.39,0.0,3.18,1.0,<Residue ILE het=  resseq=49 icode= >,4ux5_A_A,2.4
281,0.0,ILE, ,CG2,37.28,11.98,0.0,2.02,1.0,<Residue ILE het=  resseq=49 icode= >,4ux5_A_A,2.4
282,0.0,ILE, ,CD1,39.08,13.58,0.0,1.33,1.0,<Residue ILE het=  resseq=49 icode= >,4ux5_A_A,2.4
283,0.0,ASN, ,N,35.31,9.65,0.0,4.29,1.0,<Residue ASN het=  resseq=50 icode= >,4ux5_A_A,2.4
284,0.0,ASN, ,CA,32.94,8.24,0.0,3.60,1.0,<Residue ASN het=  resseq=50 icode= >,4ux5_A_A,2.4
285,0.0,ASN, ,C,33.55,7.80,0.0,4.64,1.0,<Residue ASN het=  resseq=50 icode= >,4ux5_A_A,2.4
286,0.0,ASN, ,O,30.58,8.34,0.0,3.84,1.0,<Residue ASN het=  resseq=50 icode= >,4ux5_A_A,2.4
287,0.0,ASN, ,CB,29.72,8.06,0.0,3.29,1.0,<Residue ASN het=  resseq=50 icode= >,4ux5_A_A,2.4
288,0.0,ASN, ,CG,34.62,6.59,0.0,4.49,1.0,<Residue ASN het=  resseq=50 icode= >,4ux5_A_A,2.4
289,0.0,ASN, ,OD1,36.7,5.93,0.0,4.13,1.0,<Residue ASN het=  resseq=50 icode= >,4ux5_A_A,2.4
290,0.0,ASN, ,ND2,32.94,6.15,0.0,2.94,1.0,<Residue ASN het=  resseq=50 icode= >,4ux5_A_A,2.4
291,0.0,ALA, ,N,31.59,7.11,0.0,4.13,1.0,<Residue ALA het=  resseq=51 icode= >,4ux5_A_A,2.4
292,0.0,ALA, ,CA,33.73,7.04,0.0,4.34,1.0,<Residue ALA het=  resseq=51 icode= >,4ux5_A_A,2.4
293,0.0,ALA, ,C,33.41,6.24,0.0,5.07,1.0,<Residue ALA het=  resseq=51 icode= >,4ux5_A_A,2.4
294,0.0,ALA, ,O,35.05,6.78,0.0,3.22,1.0,<Residue ALA het=  resseq=51 icode= >,4ux5_A_A,2.4
295,0.0,ALA, ,CB,39.33,6.87,0.0,2.17,1.0,<Residue ALA het=  resseq=51 icode= >,4ux5_A_A,2.4
296,0.0,THR, ,N,31.73,5.25,0.0,3.37,1.0,<Residue THR het=  resseq=52 icode= >,4ux5_A_A,2.4
297,0.0,THR, ,CA,31.64,4.79,0.0,3.43,1.0,<Residue THR het=  resseq=52 icode= >,4ux5_A_A,2.4
298,0.0,THR, ,C,30.94,6.10,0.0,5.09,1.0,<Residue THR het=  resseq=52 icode= >,4ux5_A_A,2.4
299,0.0,THR, ,O,48.32,6.13,0.0,3.14,1.0,<Residue THR het=  resseq=52 icode= >,4ux5_A_A,2.4
300,0.0,THR, ,CB,34.09,3.75,0.0,3.82,1.0,<Residue THR het=  resseq=52 icode= >,4ux5_A_A,2.4
301,0.753,THR, ,OG1,31.59,2.61,0.753,2.99,1.0,<Residue THR het=  resseq=52 icode= >,4ux5_A_A,2.4
302,21.368,THR, ,CG2,33.99,3.77,21.368,2.89,1.0,<Residue THR het=  resseq=52 icode= >,4ux5_A_A,2.4
303,0.0,HIS, ,N,29.67,6.57,0.0,4.36,1.0,<Residue HIS het=  resseq=53 icode= >,4ux5_A_A,2.4
304,0.661,HIS, ,CA,29.6,6.77,0.0,3.83,1.0,<Residue HIS het=  resseq=53 icode= >,4ux5_A_A,2.4
305,0.0,HIS, ,C,35.72,7.96,0.0,4.68,1.0,<Residue HIS het=  resseq=53 icode= >,4ux5_A_A,2.4
306,1.454,HIS, ,O,36.35,8.19,0.0,3.62,1.0,<Residue HIS het=  resseq=53 icode= >,4ux5_A_A,2.4
307,0.0,HIS, ,CB,36.37,7.34,0.0,2.81,1.0,<Residue HIS het=  resseq=53 icode= >,4ux5_A_A,2.4
308,0.0,HIS, ,CG,34.8,6.55,0.0,3.25,1.0,<Residue HIS het=  resseq=53 icode= >,4ux5_A_A,2.4
309,0.0,HIS, ,ND1,33.47,7.35,0.0,3.46,1.0,<Residue HIS het=  resseq=53 icode= >,4ux5_A_A,2.4
310,3.156,HIS, ,CD2,29.53,5.26,2.224,3.29,1.0,<Residue HIS het=  resseq=53 icode= >,4ux5_A_A,2.4
311,0.0,HIS, ,CE1,25.45,6.78,0.0,4.37,1.0,<Residue HIS het=  resseq=53 icode= >,4ux5_A_A,2.4
312,2.847,HIS, ,NE2,29.43,5.47,0.97,4.26,1.0,<Residue HIS het=  resseq=53 icode= >,4ux5_A_A,2.4
313,0.0,ILE, ,N,33.02,8.93,0.0,3.37,1.0,<Residue ILE het=  resseq=54 icode= >,4ux5_A_A,2.4
314,0.0,ILE, ,CA,35.73,10.09,0.0,3.48,1.0,<Residue ILE het=  resseq=54 icode= >,4ux5_A_A,2.4
315,0.0,ILE, ,C,37.5,10.04,0.0,4.08,1.0,<Residue ILE het=  resseq=54 icode= >,4ux5_A_A,2.4
316,0.0,ILE, ,O,39.27,10.76,0.0,2.64,1.0,<Residue ILE het=  resseq=54 icode= >,4ux5_A_A,2.4
317,0.0,ILE, ,CB,37.17,10.27,0.0,3.19,1.0,<Residue ILE het=  resseq=54 icode= >,4ux5_A_A,2.4
318,0.0,ILE, ,CG1,35.98,10.74,0.0,2.38,1.0,<Residue ILE het=  resseq=54 icode= >,4ux5_A_A,2.4
319,0.0,ILE, ,CG2,40.67,11.43,0.0,1.46,1.0,<Residue ILE het=  resseq=54 icode= >,4ux5_A_A,2.4
320,0.0,ILE, ,CD1,37.53,11.15,0.0,2.41,1.0,<Residue ILE het=  resseq=54 icode= >,4ux5_A_A,2.4
321,0.0,LEU, ,N,44.36,8.96,0.0,2.61,1.0,<Residue LEU het=  resseq=55 icode= >,4ux5_A_A,2.4
322,0.0,LEU, ,CA,39.62,9.12,0.0,3.12,1.0,<Residue LEU het=  resseq=55 icode= >,4ux5_A_A,2.4
323,0.0,LEU, ,C,48.19,9.19,0.0,4.77,1.0,<Residue LEU het=  resseq=55 icode= >,4ux5_A_A,2.4
324,0.0,LEU, ,O,52.77,9.84,0.0,2.89,1.0,<Residue LEU het=  resseq=55 icode= >,4ux5_A_A,2.4
325,0.0,LEU, ,CB,40.17,8.03,0.0,2.63,1.0,<Residue LEU het=  resseq=55 icode= >,4ux5_A_A,2.4
326,0.0,LEU, ,CG,43.49,8.08,0.0,2.48,1.0,<Residue LEU het=  resseq=55 icode= >,4ux5_A_A,2.4
327,0.0,LEU, ,CD1,42.91,7.24,0.0,1.79,1.0,<Residue LEU het=  resseq=55 icode= >,4ux5_A_A,2.4
328,0.153,LEU, ,CD2,45.42,9.54,0.0,1.21,1.0,<Residue LEU het=  resseq=55 icode= >,4ux5_A_A,2.4
329,0.0,LYS, ,N,43.42,8.06,0.0,3.09,1.0,<Residue LYS het=  resseq=56 icode= >,4ux5_A_A,2.4
330,0.671,LYS, ,CA,42.02,7.63,0.0,3.02,1.0,<Residue LYS het=  resseq=56 icode= >,4ux5_A_A,2.4
331,1.093,LYS, ,C,48.4,8.69,0.0,3.09,1.0,<Residue LYS het=  resseq=56 icode= >,4ux5_A_A,2.4
332,16.574,LYS, ,O,53.9,9.11,0.0,1.93,1.0,<Residue LYS het=  resseq=56 icode= >,4ux5_A_A,2.4
333,7.865,LYS, ,CB,38.17,6.22,0.0,2.40,1.0,<Residue LYS het=  resseq=56 icode= >,4ux5_A_A,2.4
334,0.947,LYS, ,CG,38.58,5.16,0.0,1.84,1.0,<Residue LYS het=  resseq=56 icode= >,4ux5_A_A,2.4
335,1.773,LYS, ,CD,37.31,3.74,1.773,1.71,1.0,<Residue LYS het=  resseq=56 icode= >,4ux5_A_A,2.4
336,32.524,LYS, ,CE,39.37,3.73,1.018,2.50,1.0,<Residue LYS het=  resseq=56 icode= >,4ux5_A_A,2.4
337,35.859,LYS, ,NZ,37.93,2.75,19.643,2.05,1.0,<Residue LYS het=  resseq=56 icode= >,4ux5_A_A,2.4
338,0.216,ALA, ,N,45.36,9.32,0.0,2.45,1.0,<Residue ALA het=  resseq=57 icode= >,4ux5_A_A,2.4
339,1.395,ALA, ,CA,44.48,10.54,0.0,2.79,1.0,<Residue ALA het=  resseq=57 icode= >,4ux5_A_A,2.4
340,0.0,ALA, ,C,46.86,11.64,0.0,3.73,1.0,<Residue ALA het=  resseq=57 icode= >,4ux5_A_A,2.4
341,13.717,ALA, ,O,45.82,12.51,0.0,2.80,1.0,<Residue ALA het=  resseq=57 icode= >,4ux5_A_A,2.4
342,0.464,ALA, ,CB,38.76,11.11,0.0,1.96,1.0,<Residue ALA het=  resseq=57 icode= >,4ux5_A_A,2.4
343,0.0,ALA, ,N,54.33,11.75,0.0,2.79,1.0,<Residue ALA het=  resseq=58 icode= >,4ux5_A_A,2.4
344,3.806,ALA, ,CA,65.06,12.76,0.0,3.20,1.0,<Residue ALA het=  resseq=58 icode= >,4ux5_A_A,2.4
345,1.112,ALA, ,C,73.9,12.24,0.0,3.14,1.0,<Residue ALA het=  resseq=58 icode= >,4ux5_A_A,2.4
346,3.197,ALA, ,O,76.46,11.25,0.0,1.26,1.0,<Residue ALA het=  resseq=58 icode= >,4ux5_A_A,2.4
347,4.995,ALA, ,CB,63.18,13.19,0.0,1.99,1.0,<Residue ALA het=  resseq=58 icode= >,4ux5_A_A,2.4
348,12.075,GLY, ,N,84.37,11.58,0.0,2.17,1.0,<Residue GLY het=  resseq=59 icode= >,4ux5_A_A,2.4
349,41.832,GLY, ,CA,86.61,10.46,0.0,0.26,1.0,<Residue GLY het=  resseq=59 icode= >,4ux5_A_A,2.4
350,5.322,GLY, ,C,85.17,9.14,0.0,2.53,1.0,<Residue GLY het=  resseq=59 icode= >,4ux5_A_A,2.4
351,27.67,GLY, ,O,86.02,8.16,0.0,1.40,1.0,<Residue GLY het=  resseq=59 icode= >,4ux5_A_A,2.4
352,0.0,PHE, ,N,72.12,9.26,0.0,3.44,1.0,<Residue PHE het=  resseq=60 icode= >,4ux5_A_A,2.4
353,2.001,PHE, ,CA,63.94,8.24,0.0,3.02,1.0,<Residue PHE het=  resseq=60 icode= >,4ux5_A_A,2.4
354,0.531,PHE, ,C,57.61,7.81,0.0,3.22,1.0,<Residue PHE het=  resseq=60 icode= >,4ux5_A_A,2.4
355,5.542,PHE, ,O,58.0,8.54,0.0,2.51,1.0,<Residue PHE het=  resseq=60 icode= >,4ux5_A_A,2.4
356,0.0,PHE, ,CB,53.45,8.98,0.0,3.04,1.0,<Residue PHE het=  resseq=60 icode= >,4ux5_A_A,2.4
357,0.0,PHE, ,CG,54.81,9.60,0.0,2.70,1.0,<Residue PHE het=  resseq=60 icode= >,4ux5_A_A,2.4
358,6.689,PHE, ,CD1,55.65,8.96,0.0,1.17,1.0,<Residue PHE het=  resseq=60 icode= >,4ux5_A_A,2.4
359,0.0,PHE, ,CD2,54.04,10.98,0.0,1.59,1.0,<Residue PHE het=  resseq=60 icode= >,4ux5_A_A,2.4
360,30.632,PHE, ,CE1,59.2,9.84,0.0,1.44,1.0,<Residue PHE het=  resseq=60 icode= >,4ux5_A_A,2.4
361,0.379,PHE, ,CE2,57.05,11.71,0.0,1.33,1.0,<Residue PHE het=  resseq=60 icode= >,4ux5_A_A,2.4
362,20.256,PHE, ,CZ,58.38,11.19,0.0,1.57,1.0,<Residue PHE het=  resseq=60 icode= >,4ux5_A_A,2.4
363,0.821,ASP, ,N,57.22,6.54,0.0,2.55,1.0,<Residue ASP het=  resseq=61 icode= >,4ux5_A_A,2.4
364,5.441,ASP, ,CA,57.79,6.35,0.0,2.36,1.0,<Residue ASP het=  resseq=61 icode= >,4ux5_A_A,2.4
365,0.0,ASP, ,C,56.95,6.57,0.0,2.62,1.0,<Residue ASP het=  resseq=61 icode= >,4ux5_A_A,2.4
366,0.0,ASP, ,O,54.95,6.88,0.0,2.36,1.0,<Residue ASP het=  resseq=61 icode= >,4ux5_A_A,2.4
367,33.38,ASP, ,CB,67.02,5.18,0.0,1.43,1.0,<Residue ASP het=  resseq=61 icode= >,4ux5_A_A,2.4
368,7.655,ASP, ,CG,76.55,3.83,1.751,2.03,1.0,<Residue ASP het=  resseq=61 icode= >,4ux5_A_A,2.4
369,8.623,ASP, ,OD1,79.49,3.99,3.343,1.22,1.0,<Residue ASP het=  resseq=61 icode= >,4ux5_A_A,2.4
370,28.985,ASP, ,OD2,81.23,2.94,19.761,0.54,1.0,<Residue ASP het=  resseq=61 icode= >,4ux5_A_A,2.4
371,2.647,LYS, ,N,54.41,6.54,0.0,2.60,1.0,<Residue LYS het=  resseq=62 icode= >,4ux5_A_A,2.4
372,0.0,LYS, ,CA,54.11,6.70,0.0,2.36,1.0,<Residue LYS het=  resseq=62 icode= >,4ux5_A_A,2.4
373,0.0,LYS, ,C,48.51,6.55,0.0,2.67,1.0,<Residue LYS het=  resseq=62 icode= >,4ux5_A_A,2.4
374,0.0,LYS, ,O,47.98,6.35,0.0,2.39,1.0,<Residue LYS het=  resseq=62 icode= >,4ux5_A_A,2.4
375,20.578,LYS, ,CB,45.26,6.32,0.0,2.12,1.0,<Residue LYS het=  resseq=62 icode= >,4ux5_A_A,2.4
376,21.711,LYS, ,CG,44.73,5.08,4.59,1.95,1.0,<Residue LYS het=  resseq=62 icode= >,4ux5_A_A,2.4
377,4.019,LYS, ,CD,50.14,4.65,1.396,1.58,1.0,<Residue LYS het=  resseq=62 icode= >,4ux5_A_A,2.4
378,39.257,LYS, ,CE,49.65,3.45,38.989,1.91,1.0,<Residue LYS het=  resseq=62 icode= >,4ux5_A_A,2.4
379,45.094,LYS, ,NZ,50.74,2.94,35.998,2.05,1.0,<Residue LYS het=  resseq=62 icode= >,4ux5_A_A,2.4
380,0.0,PRO, ,N,52.38,5.31,0.0,2.71,1.0,<Residue PRO het=  resseq=63 icode= >,4ux5_A_A,2.4
381,4.516,PRO, ,CA,56.12,5.20,0.0,2.63,1.0,<Residue PRO het=  resseq=63 icode= >,4ux5_A_A,2.4
382,1.145,PRO, ,C,64.74,5.43,0.0,2.53,1.0,<Residue PRO het=  resseq=63 icode= >,4ux5_A_A,2.4
383,6.112,PRO, ,O,69.27,6.10,0.0,2.20,1.0,<Residue PRO het=  resseq=63 icode= >,4ux5_A_A,2.4
384,35.55,PRO, ,CB,60.47,3.87,18.589,1.66,1.0,<Residue PRO het=  resseq=63 icode= >,4ux5_A_A,2.4
385,40.425,PRO, ,CG,58.69,3.67,33.849,1.79,1.0,<Residue PRO het=  resseq=63 icode= >,4ux5_A_A,2.4
386,5.465,PRO, ,CD,54.13,4.17,0.462,2.19,1.0,<Residue PRO het=  resseq=63 icode= >,4ux5_A_A,2.4
387,0.923,ALA, ,N,60.97,5.31,0.629,2.27,1.0,<Residue ALA het=  resseq=64 icode= >,4ux5_A_A,2.4
388,9.898,ALA, ,CA,62.09,6.02,0.0,2.07,1.0,<Residue ALA het=  resseq=64 icode= >,4ux5_A_A,2.4
389,0.0,ALA, ,C,58.16,7.48,0.0,3.13,1.0,<Residue ALA het=  resseq=64 icode= >,4ux5_A_A,2.4
390,0.948,ALA, ,O,56.29,8.16,0.0,2.33,1.0,<Residue ALA het=  resseq=64 icode= >,4ux5_A_A,2.4
391,22.514,ALA, ,CB,56.63,6.08,0.434,1.46,1.0,<Residue ALA het=  resseq=64 icode= >,4ux5_A_A,2.4
392,0.0,ARG, ,N,49.91,7.93,0.0,2.94,1.0,<Residue ARG het=  resseq=65 icode= >,4ux5_A_A,2.4
393,0.0,ARG, ,CA,51.95,7.14,0.0,2.43,1.0,<Residue ARG het=  resseq=65 icode= >,4ux5_A_A,2.4
394,0.0,ARG, ,C,51.17,6.36,0.0,3.53,1.0,<Residue ARG het=  resseq=65 icode= >,4ux5_A_A,2.4
395,0.0,ARG, ,O,50.57,6.31,0.0,2.55,1.0,<Residue ARG het=  resseq=65 icode= >,4ux5_A_A,2.4
396,0.0,ARG, ,CB,43.39,6.48,0.0,2.38,1.0,<Residue ARG het=  resseq=65 icode= >,4ux5_A_A,2.4
397,1.269,ARG, ,CG,41.56,5.60,0.876,2.84,1.0,<Residue ARG het=  resseq=65 icode= >,4ux5_A_A,2.4
398,0.0,ARG, ,CD,38.31,5.53,0.0,2.82,1.0,<Residue ARG het=  resseq=65 icode= >,4ux5_A_A,2.4
399,0.824,ARG, ,NE,53.41,4.82,0.824,3.14,1.0,<Residue ARG het=  resseq=65 icode= >,4ux5_A_A,2.4
400,0.0,ARG, ,CZ,52.44,4.47,0.0,3.35,1.0,<Residue ARG het=  resseq=65 icode= >,4ux5_A_A,2.4
401,8.336,ARG, ,NH1,53.47,5.56,0.0,1.62,1.0,<Residue ARG het=  resseq=65 icode= >,4ux5_A_A,2.4
402,25.001,ARG, ,NH2,52.23,3.35,12.03,1.48,1.0,<Residue ARG het=  resseq=65 icode= >,4ux5_A_A,2.4
403,0.0,THR, ,N,48.96,6.15,0.0,2.90,1.0,<Residue THR het=  resseq=66 icode= >,4ux5_A_A,2.4
404,2.38,THR, ,CA,50.44,5.97,0.195,3.14,1.0,<Residue THR het=  resseq=66 icode= >,4ux5_A_A,2.4
405,0.0,THR, ,C,54.27,7.21,0.0,3.11,1.0,<Residue THR het=  resseq=66 icode= >,4ux5_A_A,2.4
406,0.0,THR, ,O,61.35,6.62,0.0,1.68,1.0,<Residue THR het=  resseq=66 icode= >,4ux5_A_A,2.4
407,0.623,THR, ,CB,52.35,5.95,0.0,2.44,1.0,<Residue THR het=  resseq=66 icode= >,4ux5_A_A,2.4
408,6.782,THR, ,OG1,53.31,5.25,3.322,2.22,1.0,<Residue THR het=  resseq=66 icode= >,4ux5_A_A,2.4
409,40.493,THR, ,CG2,54.84,5.24,15.557,1.03,1.0,<Residue THR het=  resseq=66 icode= >,4ux5_A_A,2.4
410,0.155,ARG, ,N,57.5,8.33,0.0,2.05,1.0,<Residue ARG het=  resseq=67 icode= >,4ux5_A_A,2.4
411,1.792,ARG, ,CA,61.93,9.16,0.0,1.82,1.0,<Residue ARG het=  resseq=67 icode= >,4ux5_A_A,2.4
412,0.0,ARG, ,C,62.38,9.34,0.0,2.63,1.0,<Residue ARG het=  resseq=67 icode= >,4ux5_A_A,2.4
413,0.0,ARG, ,O,63.04,9.19,0.0,2.45,1.0,<Residue ARG het=  resseq=67 icode= >,4ux5_A_A,2.4
414,9.867,ARG, ,CB,65.93,8.66,0.0,1.90,1.0,<Residue ARG het=  resseq=67 icode= >,4ux5_A_A,2.4
415,1.396,ARG, ,CG,71.24,9.48,0.0,0.59,1.0,<Residue ARG het=  resseq=67 icode= >,4ux5_A_A,2.4
416,20.895,ARG, ,CD,79.59,8.96,0.0,0.18,1.0,<Residue ARG het=  resseq=67 icode= >,4ux5_A_A,2.4
417,5.022,ARG, ,NE,84.92,10.09,0.0,0.38,1.0,<Residue ARG het=  resseq=67 icode= >,4ux5_A_A,2.4
418,8.607,ARG, ,CZ,88.89,10.26,0.0,1.47,1.0,<Residue ARG het=  resseq=67 icode= >,4ux5_A_A,2.4
419,50.154,ARG, ,NH1,88.62,9.38,0.0,1.28,1.0,<Residue ARG het=  resseq=67 icode= >,4ux5_A_A,2.4
420,54.983,ARG, ,NH2,93.12,11.45,0.0,0.19,1.0,<Residue ARG het=  resseq=67 icode= >,4ux5_A_A,2.4
421,0.0,ILE, ,N,57.77,9.42,0.0,3.09,1.0,<Residue ILE het=  resseq=68 icode= >,4ux5_A_A,2.4
422,0.586,ILE, ,CA,57.0,9.53,0.0,3.20,1.0,<Residue ILE het=  resseq=68 icode= >,4ux5_A_A,2.4
423,0.0,ILE, ,C,55.03,8.61,0.0,3.12,1.0,<Residue ILE het=  resseq=68 icode= >,4ux5_A_A,2.4
424,0.0,ILE, ,O,55.9,9.21,0.0,2.51,1.0,<Residue ILE het=  resseq=68 icode= >,4ux5_A_A,2.4
425,0.0,ILE, ,CB,57.46,9.55,0.0,2.55,1.0,<Residue ILE het=  resseq=68 icode= >,4ux5_A_A,2.4
426,10.049,ILE, ,CG1,62.31,10.73,0.0,1.24,1.0,<Residue ILE het=  resseq=68 icode= >,4ux5_A_A,2.4
427,0.141,ILE, ,CG2,54.28,9.91,0.0,1.93,1.0,<Residue ILE het=  resseq=68 icode= >,4ux5_A_A,2.4
428,9.726,ILE, ,CD1,56.27,11.10,0.0,1.22,1.0,<Residue ILE het=  resseq=68 icode= >,4ux5_A_A,2.4
429,0.0,LEU, ,N,50.94,7.33,0.0,2.96,1.0,<Residue LEU het=  resseq=69 icode= >,4ux5_A_A,2.4
430,0.0,LEU, ,CA,57.51,6.52,0.0,2.95,1.0,<Residue LEU het=  resseq=69 icode= >,4ux5_A_A,2.4
431,0.0,LEU, ,C,60.07,6.84,0.0,3.18,1.0,<Residue LEU het=  resseq=69 icode= >,4ux5_A_A,2.4
432,0.0,LEU, ,O,61.5,6.98,0.0,1.83,1.0,<Residue LEU het=  resseq=69 icode= >,4ux5_A_A,2.4
433,2.808,LEU, ,CB,51.06,5.03,0.0,2.32,1.0,<Residue LEU het=  resseq=69 icode= >,4ux5_A_A,2.4
434,0.0,LEU, ,CG,46.65,4.39,0.0,2.39,1.0,<Residue LEU het=  resseq=69 icode= >,4ux5_A_A,2.4
435,16.47,LEU, ,CD1,44.29,3.25,13.82,1.36,1.0,<Residue LEU het=  resseq=69 icode= >,4ux5_A_A,2.4
436,0.0,LEU, ,CD2,43.07,4.45,0.0,1.46,1.0,<Residue LEU het=  resseq=69 icode= >,4ux5_A_A,2.4
437,0.0,GLU, ,N,63.06,6.43,0.0,2.72,1.0,<Residue GLU het=  resseq=70 icode= >,4ux5_A_A,2.4
438,0.0,GLU, ,CA,69.24,6.03,0.0,2.03,1.0,<Residue GLU het=  resseq=70 icode= >,4ux5_A_A,2.4
439,0.636,GLU, ,C,74.54,7.33,0.0,2.38,1.0,<Residue GLU het=  resseq=70 icode= >,4ux5_A_A,2.4
440,5.466,GLU, ,O,75.82,7.50,0.0,1.84,1.0,<Residue GLU het=  resseq=70 icode= >,4ux5_A_A,2.4
441,9.454,GLU, ,CB,76.69,5.65,0.0,1.53,1.0,<Residue GLU het=  resseq=70 icode= >,4ux5_A_A,2.4
442,8.496,GLU, ,CG,78.21,4.29,2.757,0.91,1.0,<Residue GLU het=  resseq=70 icode= >,4ux5_A_A,2.4
443,7.1,GLU, ,CD,84.85,4.59,0.0,1.07,1.0,<Residue GLU het=  resseq=70 icode= >,4ux5_A_A,2.4
444,15.25,GLU, ,OE1,89.24,5.80,0.0,0.23,1.0,<Residue GLU het=  resseq=70 icode= >,4ux5_A_A,2.4
445,39.38,GLU, ,OE2,85.56,3.93,22.901,1.23,1.0,<Residue GLU het=  resseq=70 icode= >,4ux5_A_A,2.4
446,0.0,ARG, ,N,75.13,8.42,0.0,2.02,1.0,<Residue ARG het=  resseq=71 icode= >,4ux5_A_A,2.4
447,3.569,ARG, ,CA,82.26,9.70,0.0,1.65,1.0,<Residue ARG het=  resseq=71 icode= >,4ux5_A_A,2.4
448,0.0,ARG, ,C,80.36,10.57,0.0,1.93,1.0,<Residue ARG het=  resseq=71 icode= >,4ux5_A_A,2.4
449,18.557,ARG, ,O,73.72,11.59,0.0,1.33,1.0,<Residue ARG het=  resseq=71 icode= >,4ux5_A_A,2.4
450,8.822,ARG, ,CB,73.47,10.60,0.0,1.22,1.0,<Residue ARG het=  resseq=71 icode= >,4ux5_A_A,2.4
451,12.781,ARG, ,CG,76.66,10.39,0.0,1.13,1.0,<Residue ARG het=  resseq=71 icode= >,4ux5_A_A,2.4
452,10.576,ARG, ,CD,84.42,11.58,0.0,0.92,1.0,<Residue ARG het=  resseq=71 icode= >,4ux5_A_A,2.4
453,17.471,ARG, ,NE,90.72,11.70,0.0,0.86,1.0,<Residue ARG het=  resseq=71 icode= >,4ux5_A_A,2.4
454,5.65,ARG, ,CZ,90.85,10.72,0.0,1.04,1.0,<Residue ARG het=  resseq=71 icode= >,4ux5_A_A,2.4
455,24.438,ARG, ,NH1,86.24,10.01,0.0,0.11,1.0,<Residue ARG het=  resseq=71 icode= >,4ux5_A_A,2.4
456,59.587,ARG, ,NH2,92.4,10.64,0.0,0.41,1.0,<Residue ARG het=  resseq=71 icode= >,4ux5_A_A,2.4
457,0.0,GLU, ,N,75.76,10.34,0.0,1.40,1.0,<Residue GLU het=  resseq=72 icode= >,4ux5_A_A,2.4
458,5.078,GLU, ,CA,76.72,11.41,0.0,2.22,1.0,<Residue GLU het=  resseq=72 icode= >,4ux5_A_A,2.4
459,1.043,GLU, ,C,72.01,11.06,0.0,2.47,1.0,<Residue GLU het=  resseq=72 icode= >,4ux5_A_A,2.4
460,5.45,GLU, ,O,73.56,11.61,0.0,1.43,1.0,<Residue GLU het=  resseq=72 icode= >,4ux5_A_A,2.4
461,5.382,GLU, ,CB,84.89,12.06,0.0,1.84,1.0,<Residue GLU het=  resseq=72 icode= >,4ux5_A_A,2.4
462,17.667,GLU, ,CG,95.36,12.92,0.0,1.04,1.0,<Residue GLU het=  resseq=72 icode= >,4ux5_A_A,2.4
463,8.207,GLU, ,CD,102.01,13.11,0.0,1.04,1.0,<Residue GLU het=  resseq=72 icode= >,4ux5_A_A,2.4
464,6.921,GLU, ,OE1,102.82,12.72,0.0,0.21,1.0,<Residue GLU het=  resseq=72 icode= >,4ux5_A_A,2.4
465,33.86,GLU, ,OE2,106.76,13.76,0.0,0.64,1.0,<Residue GLU het=  resseq=72 icode= >,4ux5_A_A,2.4
466,0.0,VAL, ,N,65.56,10.00,0.0,2.29,1.0,<Residue VAL het=  resseq=73 icode= >,4ux5_A_A,2.4
467,4.573,VAL, ,CA,63.8,9.47,0.0,2.58,1.0,<Residue VAL het=  resseq=73 icode= >,4ux5_A_A,2.4
468,0.0,VAL, ,C,64.34,9.52,0.0,2.44,1.0,<Residue VAL het=  resseq=73 icode= >,4ux5_A_A,2.4
469,0.262,VAL, ,O,68.1,10.11,0.0,1.52,1.0,<Residue VAL het=  resseq=73 icode= >,4ux5_A_A,2.4
470,0.0,VAL, ,CB,61.0,8.12,0.0,2.36,1.0,<Residue VAL het=  resseq=73 icode= >,4ux5_A_A,2.4
471,1.471,VAL, ,CG1,52.75,7.87,0.0,1.86,1.0,<Residue VAL het=  resseq=73 icode= >,4ux5_A_A,2.4
472,1.086,VAL, ,CG2,57.33,8.40,0.0,0.97,1.0,<Residue VAL het=  resseq=73 icode= >,4ux5_A_A,2.4
473,0.0,GLN, ,N,62.37,8.50,0.0,1.65,1.0,<Residue GLN het=  resseq=74 icode= >,4ux5_A_A,2.4
474,0.0,GLN, ,CA,59.82,8.01,0.0,2.10,1.0,<Residue GLN het=  resseq=74 icode= >,4ux5_A_A,2.4
475,0.0,GLN, ,C,64.22,9.08,0.0,2.44,1.0,<Residue GLN het=  resseq=74 icode= >,4ux5_A_A,2.4
476,10.652,GLN, ,O,65.65,9.10,0.0,1.78,1.0,<Residue GLN het=  resseq=74 icode= >,4ux5_A_A,2.4
477,5.133,GLN, ,CB,58.66,6.65,0.0,1.67,1.0,<Residue GLN het=  resseq=74 icode= >,4ux5_A_A,2.4
478,0.0,GLN, ,CG,53.92,5.48,0.0,1.69,1.0,<Residue GLN het=  resseq=74 icode= >,4ux5_A_A,2.4
479,0.339,GLN, ,CD,52.46,4.12,0.0,2.53,1.0,<Residue GLN het=  resseq=74 icode= >,4ux5_A_A,2.4
480,21.602,GLN, ,OE1,53.63,4.30,1.168,1.74,1.0,<Residue GLN het=  resseq=74 icode= >,4ux5_A_A,2.4
481,15.818,GLN, ,NE2,50.84,3.09,14.578,1.60,1.0,<Residue GLN het=  resseq=74 icode= >,4ux5_A_A,2.4
482,0.0,LYS, ,N,65.04,10.01,0.0,2.07,1.0,<Residue LYS het=  resseq=75 icode= >,4ux5_A_A,2.4
483,2.953,LYS, ,CA,68.68,11.15,0.0,1.96,1.0,<Residue LYS het=  resseq=75 icode= >,4ux5_A_A,2.4
484,3.185,LYS, ,C,68.44,12.25,0.0,2.36,1.0,<Residue LYS het=  resseq=75 icode= >,4ux5_A_A,2.4
485,23.805,LYS, ,O,71.33,13.33,0.0,1.20,1.0,<Residue LYS het=  resseq=75 icode= >,4ux5_A_A,2.4
486,17.405,LYS, ,CB,69.37,11.84,0.0,1.53,1.0,<Residue LYS het=  resseq=75 icode= >,4ux5_A_A,2.4
487,9.667,LYS, ,CG,70.05,11.16,0.0,0.88,1.0,<Residue LYS het=  resseq=75 icode= >,4ux5_A_A,2.4
488,22.216,LYS, ,CD,75.41,10.92,0.0,0.14,1.0,<Residue LYS het=  resseq=75 icode= >,4ux5_A_A,2.4
489,29.064,LYS, ,CE,75.73,10.36,0.0,0.56,1.0,<Residue LYS het=  resseq=75 icode= >,4ux5_A_A,2.4
490,48.542,LYS, ,NZ,76.1,10.38,0.0,0.31,1.0,<Residue LYS het=  resseq=75 icode= >,4ux5_A_A,2.4
491,0.0,ASP, ,N,62.49,12.08,0.0,2.41,1.0,<Residue ASP het=  resseq=76 icode= >,4ux5_A_A,2.4
492,6.478,ASP, ,CA,63.12,13.10,0.0,3.01,1.0,<Residue ASP het=  resseq=76 icode= >,4ux5_A_A,2.4
493,4.979,ASP, ,C,59.51,12.52,0.0,4.48,1.0,<Residue ASP het=  resseq=76 icode= >,4ux5_A_A,2.4
494,4.295,ASP, ,O,56.78,11.34,0.0,2.28,1.0,<Residue ASP het=  resseq=76 icode= >,4ux5_A_A,2.4
495,12.503,ASP, ,CB,78.17,13.81,0.0,0.44,1.0,<Residue ASP het=  resseq=76 icode= >,4ux5_A_A,2.4
496,9.459,ASP, ,CG,81.92,14.66,0.0,0.58,1.0,<Residue ASP het=  resseq=76 icode= >,4ux5_A_A,2.4
497,26.583,ASP, ,OD1,83.48,15.14,0.0,0.48,1.0,<Residue ASP het=  resseq=76 icode= >,4ux5_A_A,2.4
498,34.044,ASP, ,OD2,82.4,14.51,0.0,0.36,1.0,<Residue ASP het=  resseq=76 icode= >,4ux5_A_A,2.4
499,6.234,GLN, ,N,62.68,13.46,0.0,3.26,1.0,<Residue GLN het=  resseq=77 icode= >,4ux5_A_A,2.4
500,8.666,GLN, ,CA,60.4,13.29,0.0,2.70,1.0,<Residue GLN het=  resseq=77 icode= >,4ux5_A_A,2.4
501,0.0,GLN, ,C,57.69,12.34,0.0,2.93,1.0,<Residue GLN het=  resseq=77 icode= >,4ux5_A_A,2.4
502,0.101,GLN, ,O,54.61,11.94,0.0,1.94,1.0,<Residue GLN het=  resseq=77 icode= >,4ux5_A_A,2.4
503,12.158,GLN, ,CB,65.58,14.70,0.0,1.37,1.0,<Residue GLN het=  resseq=77 icode= >,4ux5_A_A,2.4
504,19.165,GLN, ,CG,65.53,15.04,0.0,1.55,1.0,<Residue GLN het=  resseq=77 icode= >,4ux5_A_A,2.4
505,5.315,GLN, ,CD,68.48,16.53,0.0,2.50,1.0,<Residue GLN het=  resseq=77 icode= >,4ux5_A_A,2.4
506,22.721,GLN, ,OE1,67.76,16.94,0.0,1.93,1.0,<Residue GLN het=  resseq=77 icode= >,4ux5_A_A,2.4
507,9.1,GLN, ,NE2,70.15,17.07,0.0,1.12,1.0,<Residue GLN het=  resseq=77 icode= >,4ux5_A_A,2.4
508,3.12,HIS, ,N,51.34,11.38,0.0,2.86,1.0,<Residue HIS het=  resseq=78 icode= >,4ux5_A_A,2.4
509,0.0,HIS, ,CA,54.27,10.40,0.0,3.11,1.0,<Residue HIS het=  resseq=78 icode= >,4ux5_A_A,2.4
510,0.0,HIS, ,C,51.96,9.93,0.0,3.46,1.0,<Residue HIS het=  resseq=78 icode= >,4ux5_A_A,2.4
511,21.209,HIS, ,O,53.25,9.87,0.0,1.68,1.0,<Residue HIS het=  resseq=78 icode= >,4ux5_A_A,2.4
512,0.0,HIS, ,CB,48.05,9.37,0.0,2.62,1.0,<Residue HIS het=  resseq=78 icode= >,4ux5_A_A,2.4
513,0.0,HIS, ,CG,47.58,8.43,0.0,3.63,1.0,<Residue HIS het=  resseq=78 icode= >,4ux5_A_A,2.4
514,2.012,HIS, ,ND1,65.47,8.72,0.0,2.12,1.0,<Residue HIS het=  resseq=78 icode= >,4ux5_A_A,2.4
515,0.372,HIS, ,CD2,45.38,7.10,0.0,3.02,1.0,<Residue HIS het=  resseq=78 icode= >,4ux5_A_A,2.4
516,26.47,HIS, ,CE1,49.82,7.71,0.0,2.37,1.0,<Residue HIS het=  resseq=78 icode= >,4ux5_A_A,2.4
517,7.596,HIS, ,NE2,46.88,6.60,0.0,2.24,1.0,<Residue HIS het=  resseq=78 icode= >,4ux5_A_A,2.4
518,0.0,GLU, ,N,50.78,9.19,0.0,3.07,1.0,<Residue GLU het=  resseq=79 icode= >,4ux5_A_A,2.4
519,4.798,GLU, ,CA,48.48,8.86,0.0,3.26,1.0,<Residue GLU het=  resseq=79 icode= >,4ux5_A_A,2.4
520,0.0,GLU, ,C,44.9,7.46,0.0,3.21,1.0,<Residue GLU het=  resseq=79 icode= >,4ux5_A_A,2.4
521,0.0,GLU, ,O,44.36,7.21,0.0,2.36,1.0,<Residue GLU het=  resseq=79 icode= >,4ux5_A_A,2.4
522,6.945,GLU, ,CB,55.17,9.95,0.0,1.79,1.0,<Residue GLU het=  resseq=79 icode= >,4ux5_A_A,2.4
523,16.314,GLU, ,CG,58.74,9.91,0.0,0.92,1.0,<Residue GLU het=  resseq=79 icode= >,4ux5_A_A,2.4
524,7.91,GLU, ,CD,63.55,11.00,0.0,1.51,1.0,<Residue GLU het=  resseq=79 icode= >,4ux5_A_A,2.4
525,8.218,GLU, ,OE1,66.41,11.71,0.0,0.84,1.0,<Residue GLU het=  resseq=79 icode= >,4ux5_A_A,2.4
526,29.0,GLU, ,OE2,63.32,10.90,0.0,1.75,1.0,<Residue GLU het=  resseq=79 icode= >,4ux5_A_A,2.4
527,5.006,LYS, ,N,41.13,6.78,0.0,2.81,1.0,<Residue LYS het=  resseq=80 icode= >,4ux5_A_A,2.4
528,0.0,LYS, ,CA,40.17,5.50,0.0,3.25,1.0,<Residue LYS het=  resseq=80 icode= >,4ux5_A_A,2.4
529,0.449,LYS, ,C,39.24,5.98,0.0,4.37,1.0,<Residue LYS het=  resseq=80 icode= >,4ux5_A_A,2.4
530,22.512,LYS, ,O,39.76,6.86,0.0,2.49,1.0,<Residue LYS het=  resseq=80 icode= >,4ux5_A_A,2.4
531,10.09,LYS, ,CB,40.31,4.76,2.992,2.22,1.0,<Residue LYS het=  resseq=80 icode= >,4ux5_A_A,2.4
532,1.644,LYS, ,CG,43.41,4.50,1.644,1.62,1.0,<Residue LYS het=  resseq=80 icode= >,4ux5_A_A,2.4
533,14.037,LYS, ,CD,38.95,3.34,13.688,2.11,1.0,<Residue LYS het=  resseq=80 icode= >,4ux5_A_A,2.4
534,23.708,LYS, ,CE,50.3,3.31,1.26,1.41,1.0,<Residue LYS het=  resseq=80 icode= >,4ux5_A_A,2.4
535,39.131,LYS, ,NZ,52.75,2.42,15.402,1.00,1.0,<Residue LYS het=  resseq=80 icode= >,4ux5_A_A,2.4
536,0.459,VAL, ,N,38.62,5.66,0.459,3.77,1.0,<Residue VAL het=  resseq=81 icode= >,4ux5_A_A,2.4
537,2.926,VAL, ,CA,36.96,6.55,0.0,3.44,1.0,<Residue VAL het=  resseq=81 icode= >,4ux5_A_A,2.4
538,0.0,VAL, ,C,38.73,5.75,0.0,3.62,1.0,<Residue VAL het=  resseq=81 icode= >,4ux5_A_A,2.4
539,1.315,VAL, ,O,40.64,4.74,1.315,3.44,1.0,<Residue VAL het=  resseq=81 icode= >,4ux5_A_A,2.4
540,0.0,VAL, ,CB,40.54,7.30,0.0,2.92,1.0,<Residue VAL het=  resseq=81 icode= >,4ux5_A_A,2.4
541,14.453,VAL, ,CG1,39.98,7.51,0.0,1.53,1.0,<Residue VAL het=  resseq=81 icode= >,4ux5_A_A,2.4
542,9.802,VAL, ,CG2,35.71,8.49,0.0,1.79,1.0,<Residue VAL het=  resseq=81 icode= >,4ux5_A_A,2.4
543,4.884,GLN, ,N,40.09,5.74,1.143,2.41,1.0,<Residue GLN het=  resseq=82 icode= >,4ux5_A_A,2.4
544,0.0,GLN, ,CA,36.82,4.48,0.0,3.69,1.0,<Residue GLN het=  resseq=82 icode= >,4ux5_A_A,2.4
545,1.413,GLN, ,C,39.94,4.70,0.747,5.02,1.0,<Residue GLN het=  resseq=82 icode= >,4ux5_A_A,2.4
546,24.979,GLN, ,O,41.44,4.81,17.154,2.99,1.0,<Residue GLN het=  resseq=82 icode= >,4ux5_A_A,2.4
547,19.019,GLN, ,CB,33.81,3.82,18.708,2.64,1.0,<Residue GLN het=  resseq=82 icode= >,4ux5_A_A,2.4
548,17.002,GLN, ,CG,31.99,3.55,15.564,2.05,1.0,<Residue GLN het=  resseq=82 icode= >,4ux5_A_A,2.4
549,8.528,GLN, ,CD,41.05,3.04,8.528,4.17,1.0,<Residue GLN het=  resseq=82 icode= >,4ux5_A_A,2.4
550,36.39,GLN, ,OE1,42.15,3.10,34.207,3.26,1.0,<Residue GLN het=  resseq=82 icode= >,4ux5_A_A,2.4
551,54.161,GLN, ,NE2,34.74,3.05,54.161,3.06,1.0,<Residue GLN het=  resseq=82 icode= >,4ux5_A_A,2.4
552,3.376,GLY, ,N,42.03,3.87,3.376,3.60,1.0,<Residue GLY het=  resseq=83 icode= >,4ux5_A_A,2.4
553,34.681,GLY, ,CA,42.76,3.47,34.496,2.28,1.0,<Residue GLY het=  resseq=83 icode= >,4ux5_A_A,2.4
554,3.012,GLY, ,C,42.27,3.71,1.533,3.99,1.0,<Residue GLY het=  resseq=83 icode= >,4ux5_A_A,2.4
555,2.722,GLY, ,O,40.07,4.80,0.0,2.55,1.0,<Residue GLY het=  resseq=83 icode= >,4ux5_A_A,2.4
556,15.192,GLY, ,N,42.47,3.18,15.192,2.55,1.0,<Residue GLY het=  resseq=84 icode= >,4ux5_A_A,2.4
557,31.613,GLY, ,CA,41.07,3.24,24.031,1.76,1.0,<Residue GLY het=  resseq=84 icode= >,4ux5_A_A,2.4
558,4.686,GLY, ,C,38.18,3.52,4.686,3.35,1.0,<Residue GLY het=  resseq=84 icode= >,4ux5_A_A,2.4
559,15.748,GLY, ,O,37.85,2.83,15.748,2.65,1.0,<Residue GLY het=  resseq=84 icode= >,4ux5_A_A,2.4
560,5.319,TYR, ,N,38.23,3.47,3.682,2.67,1.0,<Residue TYR het=  resseq=85 icode= >,4ux5_A_A,2.4
561,5.355,TYR, ,CA,38.21,4.05,5.355,3.02,1.0,<Residue TYR het=  resseq=85 icode= >,4ux5_A_A,2.4
562,0.0,TYR, ,C,37.23,4.87,0.0,3.71,1.0,<Residue TYR het=  resseq=85 icode= >,4ux5_A_A,2.4
563,0.263,TYR, ,O,30.86,5.57,0.0,2.95,1.0,<Residue TYR het=  resseq=85 icode= >,4ux5_A_A,2.4
564,7.796,TYR, ,CB,43.81,3.71,7.603,2.47,1.0,<Residue TYR het=  resseq=85 icode= >,4ux5_A_A,2.4
565,0.66,TYR, ,CG,52.5,4.09,0.66,2.42,1.0,<Residue TYR het=  resseq=85 icode= >,4ux5_A_A,2.4
566,21.779,TYR, ,CD1,58.76,3.56,20.488,0.95,1.0,<Residue TYR het=  resseq=85 icode= >,4ux5_A_A,2.4
567,0.0,TYR, ,CD2,56.64,4.97,0.0,2.08,1.0,<Residue TYR het=  resseq=85 icode= >,4ux5_A_A,2.4
568,33.382,TYR, ,CE1,64.5,3.67,16.533,0.81,1.0,<Residue TYR het=  resseq=85 icode= >,4ux5_A_A,2.4
569,1.835,TYR, ,CE2,62.45,5.35,0.0,1.61,1.0,<Residue TYR het=  resseq=85 icode= >,4ux5_A_A,2.4
570,6.135,TYR, ,CZ,67.56,4.70,0.102,0.74,1.0,<Residue TYR het=  resseq=85 icode= >,4ux5_A_A,2.4
571,32.475,TYR, ,OH,74.1,5.34,0.0,-0.00,1.0,<Residue TYR het=  resseq=85 icode= >,4ux5_A_A,2.4
572,7.488,GLY, ,N,37.15,4.23,5.035,2.60,1.0,<Residue GLY het=  resseq=86 icode= >,4ux5_A_A,2.4
573,23.301,GLY, ,CA,38.0,4.06,22.011,1.61,1.0,<Residue GLY het=  resseq=86 icode= >,4ux5_A_A,2.4
574,4.068,GLY, ,C,39.32,3.71,4.068,3.82,1.0,<Residue GLY het=  resseq=86 icode= >,4ux5_A_A,2.4
575,7.588,GLY, ,O,43.42,3.48,7.064,2.34,1.0,<Residue GLY het=  resseq=86 icode= >,4ux5_A_A,2.4
576,0.177,LYS, ,N,40.01,4.07,0.0,3.23,1.0,<Residue LYS het=  resseq=87 icode= >,4ux5_A_A,2.4
577,6.305,LYS, ,CA,38.19,4.29,3.94,3.29,1.0,<Residue LYS het=  resseq=87 icode= >,4ux5_A_A,2.4
578,0.13,LYS, ,C,33.92,5.46,0.0,4.63,1.0,<Residue LYS het=  resseq=87 icode= >,4ux5_A_A,2.4
579,0.025,LYS, ,O,33.44,5.94,0.0,3.09,1.0,<Residue LYS het=  resseq=87 icode= >,4ux5_A_A,2.4
580,0.0,LYS, ,CB,44.11,4.70,0.0,2.54,1.0,<Residue LYS het=  resseq=87 icode= >,4ux5_A_A,2.4
581,9.309,LYS, ,CG,51.13,3.39,9.0,1.67,1.0,<Residue LYS het=  resseq=87 icode= >,4ux5_A_A,2.4
582,11.826,LYS, ,CD,57.9,4.06,0.0,1.21,1.0,<Residue LYS het=  resseq=87 icode= >,4ux5_A_A,2.4
583,40.088,LYS, ,CE,62.99,3.47,3.383,1.23,1.0,<Residue LYS het=  resseq=87 icode= >,4ux5_A_A,2.4
584,39.508,LYS, ,NZ,64.89,2.72,28.458,1.04,1.0,<Residue LYS het=  resseq=87 icode= >,4ux5_A_A,2.4
585,0.0,TYR, ,N,35.28,6.23,0.0,3.55,1.0,<Residue TYR het=  resseq=88 icode= >,4ux5_A_A,2.4
586,0.0,TYR, ,CA,32.33,7.40,0.0,3.22,1.0,<Residue TYR het=  resseq=88 icode= >,4ux5_A_A,2.4
587,0.0,TYR, ,C,33.13,6.34,0.0,4.29,1.0,<Residue TYR het=  resseq=88 icode= >,4ux5_A_A,2.4
588,0.0,TYR, ,O,34.46,6.60,0.0,3.54,1.0,<Residue TYR het=  resseq=88 icode= >,4ux5_A_A,2.4
589,0.618,TYR, ,CB,28.78,7.13,0.0,3.23,1.0,<Residue TYR het=  resseq=88 icode= >,4ux5_A_A,2.4
590,0.0,TYR, ,CG,26.59,7.62,0.0,4.59,1.0,<Residue TYR het=  resseq=88 icode= >,4ux5_A_A,2.4
591,0.0,TYR, ,CD1,26.09,8.14,0.0,3.80,1.0,<Residue TYR het=  resseq=88 icode= >,4ux5_A_A,2.4
592,6.935,TYR, ,CD2,35.58,7.93,0.0,2.93,1.0,<Residue TYR het=  resseq=88 icode= >,4ux5_A_A,2.4
593,0.0,TYR, ,CE1,29.05,8.88,0.0,2.93,1.0,<Residue TYR het=  resseq=88 icode= >,4ux5_A_A,2.4
594,4.708,TYR, ,CE2,34.73,8.69,0.0,2.44,1.0,<Residue TYR het=  resseq=88 icode= >,4ux5_A_A,2.4
595,0.0,TYR, ,CZ,32.62,9.14,0.0,4.12,1.0,<Residue TYR het=  resseq=88 icode= >,4ux5_A_A,2.4
596,0.809,TYR, ,OH,35.32,10.09,0.0,3.53,1.0,<Residue TYR het=  resseq=88 icode= >,4ux5_A_A,2.4
597,0.0,GLN, ,N,27.58,5.41,0.0,4.04,1.0,<Residue GLN het=  resseq=89 icode= >,4ux5_A_A,2.4
598,0.0,GLN, ,CA,27.52,4.34,0.0,4.39,1.0,<Residue GLN het=  resseq=89 icode= >,4ux5_A_A,2.4
599,1.008,GLN, ,C,31.87,3.77,1.008,5.29,1.0,<Residue GLN het=  resseq=89 icode= >,4ux5_A_A,2.4
600,5.072,GLN, ,O,33.86,3.64,4.699,3.58,1.0,<Residue GLN het=  resseq=89 icode= >,4ux5_A_A,2.4
601,11.438,GLN, ,CB,28.81,3.46,11.438,3.16,1.0,<Residue GLN het=  resseq=89 icode= >,4ux5_A_A,2.4
602,0.0,GLN, ,CG,36.55,4.24,0.0,2.41,1.0,<Residue GLN het=  resseq=89 icode= >,4ux5_A_A,2.4
603,2.393,GLN, ,CD,31.25,3.78,2.393,4.42,1.0,<Residue GLN het=  resseq=89 icode= >,4ux5_A_A,2.4
604,11.712,GLN, ,OE1,43.03,3.04,11.712,2.89,1.0,<Residue GLN het=  resseq=89 icode= >,4ux5_A_A,2.4
605,33.688,GLN, ,NE2,32.27,3.05,33.688,3.59,1.0,<Residue GLN het=  resseq=89 icode= >,4ux5_A_A,2.4
606,0.698,GLY, ,N,28.58,3.65,0.698,4.62,1.0,<Residue GLY het=  resseq=90 icode= >,4ux5_A_A,2.4
607,11.837,GLY, ,CA,32.24,3.37,11.837,3.66,1.0,<Residue GLY het=  resseq=90 icode= >,4ux5_A_A,2.4
608,2.625,GLY, ,C,33.98,3.89,2.625,5.68,1.0,<Residue GLY het=  resseq=90 icode= >,4ux5_A_A,2.4
609,0.0,GLY, ,O,26.96,4.71,0.0,4.56,1.0,<Residue GLY het=  resseq=90 icode= >,4ux5_A_A,2.4
610,0.0,THR, ,N,34.8,3.46,0.0,3.46,1.0,<Residue THR het=  resseq=91 icode= >,4ux5_A_A,2.4
611,0.0,THR, ,CA,31.91,4.22,0.0,3.14,1.0,<Residue THR het=  resseq=91 icode= >,4ux5_A_A,2.4
612,0.0,THR, ,C,33.1,5.51,0.0,4.38,1.0,<Residue THR het=  resseq=91 icode= >,4ux5_A_A,2.4
613,0.0,THR, ,O,38.04,5.72,0.0,3.12,1.0,<Residue THR het=  resseq=91 icode= >,4ux5_A_A,2.4
614,0.0,THR, ,CB,32.25,3.83,0.0,3.64,1.0,<Residue THR het=  resseq=91 icode= >,4ux5_A_A,2.4
615,8.612,THR, ,OG1,35.32,2.80,8.522,2.80,1.0,<Residue THR het=  resseq=91 icode= >,4ux5_A_A,2.4
616,0.0,THR, ,CG2,34.38,5.14,0.0,1.76,1.0,<Residue THR het=  resseq=91 icode= >,4ux5_A_A,2.4
617,0.0,TRP, ,N,31.3,6.62,0.0,4.08,1.0,<Residue TRP het=  resseq=92 icode= >,4ux5_A_A,2.4
618,0.0,TRP, ,CA,32.29,7.91,0.0,3.67,1.0,<Residue TRP het=  resseq=92 icode= >,4ux5_A_A,2.4
619,0.0,TRP, ,C,37.5,8.79,0.0,3.55,1.0,<Residue TRP het=  resseq=92 icode= >,4ux5_A_A,2.4
620,0.0,TRP, ,O,40.51,8.97,0.0,2.36,1.0,<Residue TRP het=  resseq=92 icode= >,4ux5_A_A,2.4
621,0.0,TRP, ,CB,30.99,8.80,0.0,2.60,1.0,<Residue TRP het=  resseq=92 icode= >,4ux5_A_A,2.4
622,0.0,TRP, ,CG,29.88,8.53,0.0,3.74,1.0,<Residue TRP het=  resseq=92 icode= >,4ux5_A_A,2.4
623,0.0,TRP, ,CD1,29.95,7.72,0.0,4.01,1.0,<Residue TRP het=  resseq=92 icode= >,4ux5_A_A,2.4
624,0.0,TRP, ,CD2,24.14,9.36,0.0,3.65,1.0,<Residue TRP het=  resseq=92 icode= >,4ux5_A_A,2.4
625,0.0,TRP, ,NE1,28.11,7.94,0.0,4.23,1.0,<Residue TRP het=  resseq=92 icode= >,4ux5_A_A,2.4
626,0.0,TRP, ,CE2,24.27,8.93,0.0,4.33,1.0,<Residue TRP het=  resseq=92 icode= >,4ux5_A_A,2.4
627,0.0,TRP, ,CE3,23.89,10.48,0.0,3.52,1.0,<Residue TRP het=  resseq=92 icode= >,4ux5_A_A,2.4
628,0.0,TRP, ,CZ2,24.3,9.19,0.0,3.34,1.0,<Residue TRP het=  resseq=92 icode= >,4ux5_A_A,2.4
629,0.0,TRP, ,CZ3,26.92,11.15,0.0,3.08,1.0,<Residue TRP het=  resseq=92 icode= >,4ux5_A_A,2.4
630,0.0,TRP, ,CH2,28.97,10.33,0.0,2.66,1.0,<Residue TRP het=  resseq=92 icode= >,4ux5_A_A,2.4
631,0.0,ILE, ,N,35.6,9.56,0.0,2.37,1.0,<Residue ILE het=  resseq=93 icode= >,4ux5_A_A,2.4
632,0.0,ILE, ,CA,37.56,10.60,0.0,3.14,1.0,<Residue ILE het=  resseq=93 icode= >,4ux5_A_A,2.4
633,0.0,ILE, ,C,38.04,11.91,0.0,4.01,1.0,<Residue ILE het=  resseq=93 icode= >,4ux5_A_A,2.4
634,0.0,ILE, ,O,36.47,11.99,0.0,3.26,1.0,<Residue ILE het=  resseq=93 icode= >,4ux5_A_A,2.4
635,0.0,ILE, ,CB,36.69,10.35,0.0,3.04,1.0,<Residue ILE het=  resseq=93 icode= >,4ux5_A_A,2.4
636,0.0,ILE, ,CG1,37.05,10.18,0.0,2.02,1.0,<Residue ILE het=  resseq=93 icode= >,4ux5_A_A,2.4
637,1.818,ILE, ,CG2,35.4,9.32,0.0,2.38,1.0,<Residue ILE het=  resseq=93 icode= >,4ux5_A_A,2.4
638,3.426,ILE, ,CD1,37.76,10.21,0.0,1.76,1.0,<Residue ILE het=  resseq=93 icode= >,4ux5_A_A,2.4
639,0.0,PRO, ,N,39.6,13.05,0.0,4.18,1.0,<Residue PRO het=  resseq=94 icode= >,4ux5_A_A,2.4
640,0.044,PRO, ,CA,40.28,14.35,0.0,2.86,1.0,<Residue PRO het=  resseq=94 icode= >,4ux5_A_A,2.4
641,0.0,PRO, ,C,36.64,14.52,0.0,4.53,1.0,<Residue PRO het=  resseq=94 icode= >,4ux5_A_A,2.4
642,0.0,PRO, ,O,33.5,13.90,0.0,4.11,1.0,<Residue PRO het=  resseq=94 icode= >,4ux5_A_A,2.4
643,7.967,PRO, ,CB,43.6,15.36,0.0,1.61,1.0,<Residue PRO het=  resseq=94 icode= >,4ux5_A_A,2.4
644,6.085,PRO, ,CG,46.05,14.65,0.0,1.79,1.0,<Residue PRO het=  resseq=94 icode= >,4ux5_A_A,2.4
645,0.0,PRO, ,CD,44.11,13.33,0.0,2.41,1.0,<Residue PRO het=  resseq=94 icode= >,4ux5_A_A,2.4
646,1.597,LEU, ,N,41.48,15.49,0.0,3.30,1.0,<Residue LEU het=  resseq=95 icode= >,4ux5_A_A,2.4
647,0.0,LEU, ,CA,40.65,15.82,0.0,2.94,1.0,<Residue LEU het=  resseq=95 icode= >,4ux5_A_A,2.4
648,0.0,LEU, ,C,38.52,16.26,0.0,4.40,1.0,<Residue LEU het=  resseq=95 icode= >,4ux5_A_A,2.4
649,0.0,LEU, ,O,37.42,16.01,0.0,3.64,1.0,<Residue LEU het=  resseq=95 icode= >,4ux5_A_A,2.4
650,6.617,LEU, ,CB,36.41,17.01,0.0,3.18,1.0,<Residue LEU het=  resseq=95 icode= >,4ux5_A_A,2.4
651,2.693,LEU, ,CG,37.56,17.51,0.0,3.83,1.0,<Residue LEU het=  resseq=95 icode= >,4ux5_A_A,2.4
652,0.0,LEU, ,CD1,32.38,16.48,0.0,2.00,1.0,<Residue LEU het=  resseq=95 icode= >,4ux5_A_A,2.4
653,26.187,LEU, ,CD2,38.75,18.76,0.0,1.54,1.0,<Residue LEU het=  resseq=95 icode= >,4ux5_A_A,2.4
654,0.549,GLU, ,N,41.46,17.04,0.0,3.49,1.0,<Residue GLU het=  resseq=96 icode= >,4ux5_A_A,2.4
655,2.877,GLU, ,CA,54.74,17.67,0.0,2.62,1.0,<Residue GLU het=  resseq=96 icode= >,4ux5_A_A,2.4
656,0.438,GLU, ,C,53.94,16.73,0.0,3.75,1.0,<Residue GLU het=  resseq=96 icode= >,4ux5_A_A,2.4
657,6.488,GLU, ,O,53.33,17.03,0.0,2.46,1.0,<Residue GLU het=  resseq=96 icode= >,4ux5_A_A,2.4
658,33.045,GLU, ,CB,59.68,18.81,0.0,1.60,1.0,<Residue GLU het=  resseq=96 icode= >,4ux5_A_A,2.4
659,25.956,GLU, ,CG,63.7,18.47,0.0,0.47,1.0,<Residue GLU het=  resseq=96 icode= >,4ux5_A_A,2.4
660,7.517,GLU, ,CD,66.37,18.45,0.0,1.35,1.0,<Residue GLU het=  resseq=96 icode= >,4ux5_A_A,2.4
661,16.311,GLU, ,OE1,64.65,18.43,0.0,1.46,1.0,<Residue GLU het=  resseq=96 icode= >,4ux5_A_A,2.4
662,24.035,GLU, ,OE2,69.78,18.60,0.0,0.82,1.0,<Residue GLU het=  resseq=96 icode= >,4ux5_A_A,2.4
663,0.0,ALA, ,N,43.0,15.68,0.0,3.25,1.0,<Residue ALA het=  resseq=97 icode= >,4ux5_A_A,2.4
664,5.465,ALA, ,CA,43.28,14.73,0.0,3.39,1.0,<Residue ALA het=  resseq=97 icode= >,4ux5_A_A,2.4
665,0.0,ALA, ,C,40.57,13.89,0.0,5.29,1.0,<Residue ALA het=  resseq=97 icode= >,4ux5_A_A,2.4
666,1.835,ALA, ,O,41.31,13.60,0.0,3.10,1.0,<Residue ALA het=  resseq=97 icode= >,4ux5_A_A,2.4
667,20.887,ALA, ,CB,43.87,13.97,0.0,1.87,1.0,<Residue ALA het=  resseq=97 icode= >,4ux5_A_A,2.4
668,0.0,GLY, ,N,37.83,13.65,0.0,4.13,1.0,<Residue GLY het=  resseq=98 icode= >,4ux5_A_A,2.4
669,0.0,GLY, ,CA,35.46,13.10,0.0,2.93,1.0,<Residue GLY het=  resseq=98 icode= >,4ux5_A_A,2.4
670,0.0,GLY, ,C,36.12,14.12,0.0,4.21,1.0,<Residue GLY het=  resseq=98 icode= >,4ux5_A_A,2.4
671,0.0,GLY, ,O,35.86,13.86,0.0,3.69,1.0,<Residue GLY het=  resseq=98 icode= >,4ux5_A_A,2.4
672,0.0,GLU, ,N,37.51,15.39,0.0,2.88,1.0,<Residue GLU het=  resseq=99 icode= >,4ux5_A_A,2.4
673,0.0,GLU, ,CA,45.84,16.51,0.0,3.20,1.0,<Residue GLU het=  resseq=99 icode= >,4ux5_A_A,2.4
674,0.0,GLU, ,C,45.8,16.65,0.0,4.30,1.0,<Residue GLU het=  resseq=99 icode= >,4ux5_A_A,2.4
675,0.0,GLU, ,O,48.09,17.04,0.0,2.85,1.0,<Residue GLU het=  resseq=99 icode= >,4ux5_A_A,2.4
676,0.177,GLU, ,CB,51.09,17.82,0.0,2.35,1.0,<Residue GLU het=  resseq=99 icode= >,4ux5_A_A,2.4
677,4.691,GLU, ,CG,59.87,19.06,0.0,1.24,1.0,<Residue GLU het=  resseq=99 icode= >,4ux5_A_A,2.4
678,9.543,GLU, ,CD,66.74,20.32,0.0,1.66,1.0,<Residue GLU het=  resseq=99 icode= >,4ux5_A_A,2.4
679,25.579,GLU, ,OE1,67.99,20.28,0.0,1.55,1.0,<Residue GLU het=  resseq=99 icode= >,4ux5_A_A,2.4
680,27.395,GLU, ,OE2,70.84,21.42,0.0,1.21,1.0,<Residue GLU het=  resseq=99 icode= >,4ux5_A_A,2.4
681,0.19,ALA, ,N,45.66,16.49,0.0,3.48,1.0,<Residue ALA het=  resseq=100 icode= >,4ux5_A_A,2.4
682,6.136,ALA, ,CA,46.06,16.73,0.0,3.47,1.0,<Residue ALA het=  resseq=100 icode= >,4ux5_A_A,2.4
683,0.0,ALA, ,C,45.08,15.78,0.0,5.03,1.0,<Residue ALA het=  resseq=100 icode= >,4ux5_A_A,2.4
684,0.08,ALA, ,O,46.69,16.29,0.0,2.76,1.0,<Residue ALA het=  resseq=100 icode= >,4ux5_A_A,2.4
685,33.305,ALA, ,CB,48.32,16.81,0.0,2.30,1.0,<Residue ALA het=  resseq=100 icode= >,4ux5_A_A,2.4
686,0.0,LEU, ,N,42.91,14.48,0.0,3.11,1.0,<Residue LEU het=  resseq=101 icode= >,4ux5_A_A,2.4
687,0.0,LEU, ,CA,47.95,13.50,0.0,2.74,1.0,<Residue LEU het=  resseq=101 icode= >,4ux5_A_A,2.4
688,0.0,LEU, ,C,47.43,13.85,0.0,4.48,1.0,<Residue LEU het=  resseq=101 icode= >,4ux5_A_A,2.4
689,0.0,LEU, ,O,48.73,13.92,0.0,3.47,1.0,<Residue LEU het=  resseq=101 icode= >,4ux5_A_A,2.4
690,1.01,LEU, ,CB,40.46,12.07,0.0,2.15,1.0,<Residue LEU het=  resseq=101 icode= >,4ux5_A_A,2.4
691,0.0,LEU, ,CG,40.44,10.97,0.0,3.15,1.0,<Residue LEU het=  resseq=101 icode= >,4ux5_A_A,2.4
692,0.134,LEU, ,CD1,44.09,11.01,0.0,1.19,1.0,<Residue LEU het=  resseq=101 icode= >,4ux5_A_A,2.4
693,0.0,LEU, ,CD2,42.57,9.63,0.0,1.00,1.0,<Residue LEU het=  resseq=101 icode= >,4ux5_A_A,2.4
694,0.0,ALA, ,N,39.04,14.25,0.0,3.55,1.0,<Residue ALA het=  resseq=102 icode= >,4ux5_A_A,2.4
695,0.0,ALA, ,CA,38.09,14.78,0.0,3.35,1.0,<Residue ALA het=  resseq=102 icode= >,4ux5_A_A,2.4
696,0.0,ALA, ,C,51.36,16.07,0.0,3.40,1.0,<Residue ALA het=  resseq=102 icode= >,4ux5_A_A,2.4
697,0.0,ALA, ,O,51.32,16.44,0.0,2.68,1.0,<Residue ALA het=  resseq=102 icode= >,4ux5_A_A,2.4
698,0.0,ALA, ,CB,35.88,15.15,0.0,2.39,1.0,<Residue ALA het=  resseq=102 icode= >,4ux5_A_A,2.4
699,0.0,HIS, ,N,50.84,16.87,0.0,3.34,1.0,<Residue HIS het=  resseq=103 icode= >,4ux5_A_A,2.4
700,2.141,HIS, ,CA,52.65,18.12,0.0,2.86,1.0,<Residue HIS het=  resseq=103 icode= >,4ux5_A_A,2.4
701,1.721,HIS, ,C,55.17,17.95,0.0,3.48,1.0,<Residue HIS het=  resseq=103 icode= >,4ux5_A_A,2.4
702,14.248,HIS, ,O,56.06,18.55,0.0,2.47,1.0,<Residue HIS het=  resseq=103 icode= >,4ux5_A_A,2.4
703,18.123,HIS, ,CB,53.43,19.03,0.0,1.31,1.0,<Residue HIS het=  resseq=103 icode= >,4ux5_A_A,2.4
704,2.734,HIS, ,CG,51.23,19.82,0.0,2.89,1.0,<Residue HIS het=  resseq=103 icode= >,4ux5_A_A,2.4
705,5.612,HIS, ,ND1,51.25,19.70,0.0,2.39,1.0,<Residue HIS het=  resseq=103 icode= >,4ux5_A_A,2.4
706,26.249,HIS, ,CD2,51.53,20.85,0.0,2.03,1.0,<Residue HIS het=  resseq=103 icode= >,4ux5_A_A,2.4
707,10.316,HIS, ,CE1,51.15,20.63,0.0,2.33,1.0,<Residue HIS het=  resseq=103 icode= >,4ux5_A_A,2.4
708,16.239,HIS, ,NE2,52.3,21.32,0.0,2.24,1.0,<Residue HIS het=  resseq=103 icode= >,4ux5_A_A,2.4
709,0.032,ARG, ,N,56.94,17.23,0.0,2.49,1.0,<Residue ARG het=  resseq=104 icode= >,4ux5_A_A,2.4
710,10.94,ARG, ,CA,60.62,17.18,0.0,2.16,1.0,<Residue ARG het=  resseq=104 icode= >,4ux5_A_A,2.4
711,0.292,ARG, ,C,59.11,16.71,0.0,3.73,1.0,<Residue ARG het=  resseq=104 icode= >,4ux5_A_A,2.4
712,30.049,ARG, ,O,61.87,17.18,0.0,2.12,1.0,<Residue ARG het=  resseq=104 icode= >,4ux5_A_A,2.4
713,7.842,ARG, ,CB,66.18,16.43,0.0,1.45,1.0,<Residue ARG het=  resseq=104 icode= >,4ux5_A_A,2.4
714,17.824,ARG, ,CG,72.98,17.10,0.0,0.70,1.0,<Residue ARG het=  resseq=104 icode= >,4ux5_A_A,2.4
715,36.275,ARG, ,CD,80.29,16.79,0.0,0.83,1.0,<Residue ARG het=  resseq=104 icode= >,4ux5_A_A,2.4
716,8.813,ARG, ,NE,83.47,15.38,0.0,0.32,1.0,<Residue ARG het=  resseq=104 icode= >,4ux5_A_A,2.4
717,4.467,ARG, ,CZ,83.22,14.63,0.0,0.83,1.0,<Residue ARG het=  resseq=104 icode= >,4ux5_A_A,2.4
718,20.657,ARG, ,NH1,83.9,15.23,0.0,0.27,1.0,<Residue ARG het=  resseq=104 icode= >,4ux5_A_A,2.4
719,12.177,ARG, ,NH2,81.9,13.36,0.0,0.72,1.0,<Residue ARG het=  resseq=104 icode= >,4ux5_A_A,2.4
720,0.0,ASN, ,N,49.97,15.91,0.0,3.06,1.0,<Residue ASN het=  resseq=105 icode= >,4ux5_A_A,2.4
721,5.641,ASN, ,CA,52.79,15.55,0.0,2.27,1.0,<Residue ASN het=  resseq=105 icode= >,4ux5_A_A,2.4
722,1.194,ASN, ,C,54.89,16.35,0.0,3.64,1.0,<Residue ASN het=  resseq=105 icode= >,4ux5_A_A,2.4
723,7.041,ASN, ,O,54.04,16.01,0.0,2.76,1.0,<Residue ASN het=  resseq=105 icode= >,4ux5_A_A,2.4
724,0.124,ASN, ,CB,48.68,14.05,0.0,2.35,1.0,<Residue ASN het=  resseq=105 icode= >,4ux5_A_A,2.4
725,0.566,ASN, ,CG,46.22,13.32,0.0,3.40,1.0,<Residue ASN het=  resseq=105 icode= >,4ux5_A_A,2.4
726,9.758,ASN, ,OD1,48.11,13.24,0.0,1.93,1.0,<Residue ASN het=  resseq=105 icode= >,4ux5_A_A,2.4
727,2.141,ASN, ,ND2,41.1,12.99,0.0,2.06,1.0,<Residue ASN het=  resseq=105 icode= >,4ux5_A_A,2.4
728,0.071,ASN, ,N,54.92,17.43,0.0,3.20,1.0,<Residue ASN het=  resseq=106 icode= >,4ux5_A_A,2.4
729,3.823,ASN, ,CA,58.52,18.49,0.0,2.38,1.0,<Residue ASN het=  resseq=106 icode= >,4ux5_A_A,2.4
730,1.913,ASN, ,C,50.49,18.11,0.0,3.01,1.0,<Residue ASN het=  resseq=106 icode= >,4ux5_A_A,2.4
731,14.125,ASN, ,O,53.39,18.06,0.0,2.48,1.0,<Residue ASN het=  resseq=106 icode= >,4ux5_A_A,2.4
732,22.309,ASN, ,CB,57.27,17.96,0.0,1.42,1.0,<Residue ASN het=  resseq=106 icode= >,4ux5_A_A,2.4
733,6.298,ASN, ,CG,64.95,18.92,0.0,2.48,1.0,<Residue ASN het=  resseq=106 icode= >,4ux5_A_A,2.4
734,34.994,ASN, ,OD1,62.49,20.13,0.0,1.48,1.0,<Residue ASN het=  resseq=106 icode= >,4ux5_A_A,2.4
735,55.442,ASN, ,ND2,66.28,18.44,0.0,1.92,1.0,<Residue ASN het=  resseq=106 icode= >,4ux5_A_A,2.4
736,0.75,ILE, ,N,47.23,17.51,0.0,2.45,1.0,<Residue ILE het=  resseq=107 icode= >,4ux5_A_A,2.4
737,2.448,ILE, ,CA,44.61,17.12,0.0,2.62,1.0,<Residue ILE het=  resseq=107 icode= >,4ux5_A_A,2.4
738,0.0,ILE, ,C,42.26,17.42,0.0,3.82,1.0,<Residue ILE het=  resseq=107 icode= >,4ux5_A_A,2.4
739,0.0,ILE, ,O,44.79,16.93,0.0,2.81,1.0,<Residue ILE het=  resseq=107 icode= >,4ux5_A_A,2.4
740,0.0,ILE, ,CB,45.3,15.61,0.0,1.85,1.0,<Residue ILE het=  resseq=107 icode= >,4ux5_A_A,2.4
741,0.0,ILE, ,CG1,41.76,14.87,0.0,2.65,1.0,<Residue ILE het=  resseq=107 icode= >,4ux5_A_A,2.4
742,0.0,ILE, ,CG2,37.17,14.75,0.0,1.72,1.0,<Residue ILE het=  resseq=107 icode= >,4ux5_A_A,2.4
743,16.763,ILE, ,CD1,46.68,15.51,0.0,2.05,1.0,<Residue ILE het=  resseq=107 icode= >,4ux5_A_A,2.4
744,1.522,PHE, ,N,42.39,18.03,0.0,3.54,1.0,<Residue PHE het=  resseq=108 icode= >,4ux5_A_A,2.4
745,0.0,PHE, ,CA,42.24,18.47,0.0,2.98,1.0,<Residue PHE het=  resseq=108 icode= >,4ux5_A_A,2.4
746,0.0,PHE, ,C,43.1,19.44,0.0,4.92,1.0,<Residue PHE het=  resseq=108 icode= >,4ux5_A_A,2.4
747,0.0,PHE, ,O,41.19,19.38,0.0,3.69,1.0,<Residue PHE het=  resseq=108 icode= >,4ux5_A_A,2.4
748,3.652,PHE, ,CB,41.93,19.13,0.0,3.06,1.0,<Residue PHE het=  resseq=108 icode= >,4ux5_A_A,2.4
749,0.0,PHE, ,CG,47.03,19.75,0.0,2.86,1.0,<Residue PHE het=  resseq=108 icode= >,4ux5_A_A,2.4
750,0.0,PHE, ,CD1,43.04,19.06,0.0,2.41,1.0,<Residue PHE het=  resseq=108 icode= >,4ux5_A_A,2.4
751,1.875,PHE, ,CD2,51.23,21.09,0.0,1.38,1.0,<Residue PHE het=  resseq=108 icode= >,4ux5_A_A,2.4
752,0.0,PHE, ,CE1,37.03,19.78,0.0,2.62,1.0,<Residue PHE het=  resseq=108 icode= >,4ux5_A_A,2.4
753,5.441,PHE, ,CE2,44.67,21.75,0.0,1.52,1.0,<Residue PHE het=  resseq=108 icode= >,4ux5_A_A,2.4
754,7.685,PHE, ,CZ,44.71,21.12,0.0,2.23,1.0,<Residue PHE het=  resseq=108 icode= >,4ux5_A_A,2.4
755,0.957,ASP, ,N,47.55,1000.00,0.0,3.44,1.0,<Residue ASP het=  resseq=109 icode= >,4ux5_A_A,2.4
756,0.083,ASP, ,CA,50.53,1000.00,0.0,2.88,1.0,<Residue ASP het=  resseq=109 icode= >,4ux5_A_A,2.4
757,1.136,ASP, ,C,52.59,1000.00,0.0,4.19,1.0,<Residue ASP het=  resseq=109 icode= >,4ux5_A_A,2.4
758,13.714,ASP, ,O,52.31,1000.00,0.0,2.22,1.0,<Residue ASP het=  resseq=109 icode= >,4ux5_A_A,2.4
759,30.588,ASP, ,CB,61.81,1000.00,0.0,1.31,1.0,<Residue ASP het=  resseq=109 icode= >,4ux5_A_A,2.4
760,12.792,ASP, ,CG,58.9,1000.00,0.0,2.55,1.0,<Residue ASP het=  resseq=109 icode= >,4ux5_A_A,2.4
761,10.147,ASP, ,OD1,57.49,1000.00,0.0,2.20,1.0,<Residue ASP het=  resseq=109 icode= >,4ux5_A_A,2.4
762,41.866,ASP, ,OD2,73.81,1000.00,0.0,1.17,1.0,<Residue ASP het=  resseq=109 icode= >,4ux5_A_A,2.4
763,1.572,ARG, ,N,47.9,1000.00,0.0,4.46,1.0,<Residue ARG het=  resseq=110 icode= >,4ux5_A_A,2.4
764,10.085,ARG, ,CA,55.3,1000.00,0.0,3.51,1.0,<Residue ARG het=  resseq=110 icode= >,4ux5_A_A,2.4
765,0.0,ARG, ,C,47.65,1000.00,0.0,4.40,1.0,<Residue ARG het=  resseq=110 icode= >,4ux5_A_A,2.4
766,2.78,ARG, ,O,46.79,1000.00,0.0,3.47,1.0,<Residue ARG het=  resseq=110 icode= >,4ux5_A_A,2.4
767,11.357,ARG, ,CB,58.14,1000.00,0.0,1.87,1.0,<Residue ARG het=  resseq=110 icode= >,4ux5_A_A,2.4
768,10.453,ARG, ,CG,61.23,1000.00,0.0,1.59,1.0,<Residue ARG het=  resseq=110 icode= >,4ux5_A_A,2.4
769,7.159,ARG, ,CD,64.05,1000.00,0.0,1.62,1.0,<Residue ARG het=  resseq=110 icode= >,4ux5_A_A,2.4
770,1.514,ARG, ,NE,65.18,1000.00,0.0,1.84,1.0,<Residue ARG het=  resseq=110 icode= >,4ux5_A_A,2.4
771,7.447,ARG, ,CZ,69.04,1000.00,0.0,1.99,1.0,<Residue ARG het=  resseq=110 icode= >,4ux5_A_A,2.4
772,47.967,ARG, ,NH1,72.28,1000.00,0.0,0.76,1.0,<Residue ARG het=  resseq=110 icode= >,4ux5_A_A,2.4
773,29.13,ARG, ,NH2,69.86,1000.00,0.0,1.90,1.0,<Residue ARG het=  resseq=110 icode= >,4ux5_A_A,2.4
774,0.0,LEU, ,N,43.93,17.23,0.0,3.07,1.0,<Residue LEU het=  resseq=111 icode= >,4ux5_A_A,2.4
775,0.0,LEU, ,CA,40.04,16.59,0.0,2.99,1.0,<Residue LEU het=  resseq=111 icode= >,4ux5_A_A,2.4
776,0.0,LEU, ,C,41.59,17.66,0.0,3.74,1.0,<Residue LEU het=  resseq=111 icode= >,4ux5_A_A,2.4
777,0.0,LEU, ,O,39.68,17.43,0.0,3.11,1.0,<Residue LEU het=  resseq=111 icode= >,4ux5_A_A,2.4
778,0.0,LEU, ,CB,36.41,15.53,0.0,2.36,1.0,<Residue LEU het=  resseq=111 icode= >,4ux5_A_A,2.4
779,0.0,LEU, ,CG,37.75,14.43,0.0,2.69,1.0,<Residue LEU het=  resseq=111 icode= >,4ux5_A_A,2.4
780,0.0,LEU, ,CD1,34.66,13.56,0.0,1.48,1.0,<Residue LEU het=  resseq=111 icode= >,4ux5_A_A,2.4
781,0.0,LEU, ,CD2,32.86,13.70,0.0,2.49,1.0,<Residue LEU het=  resseq=111 icode= >,4ux5_A_A,2.4
782,0.0,ARG, ,N,44.71,1000.00,0.0,2.46,1.0,<Residue ARG het=  resseq=112 icode= >,4ux5_A_A,2.4
783,0.0,ARG, ,CA,44.02,1000.00,0.0,2.43,1.0,<Residue ARG het=  resseq=112 icode= >,4ux5_A_A,2.4
784,0.0,ARG, ,C,42.01,1000.00,0.0,4.17,1.0,<Residue ARG het=  resseq=112 icode= >,4ux5_A_A,2.4
785,0.0,ARG, ,O,39.99,1000.00,0.0,3.43,1.0,<Residue ARG het=  resseq=112 icode= >,4ux5_A_A,2.4
786,2.261,ARG, ,CB,43.65,1000.00,0.0,1.61,1.0,<Residue ARG het=  resseq=112 icode= >,4ux5_A_A,2.4
787,2.751,ARG, ,CG,45.42,1000.00,0.0,1.81,1.0,<Residue ARG het=  resseq=112 icode= >,4ux5_A_A,2.4
788,28.975,ARG, ,CD,68.62,1000.00,0.0,1.30,1.0,<Residue ARG het=  resseq=112 icode= >,4ux5_A_A,2.4
789,9.314,ARG, ,NE,67.04,1000.00,0.0,2.27,1.0,<Residue ARG het=  resseq=112 icode= >,4ux5_A_A,2.4
790,4.559,ARG, ,CZ,65.83,1000.00,0.0,2.50,1.0,<Residue ARG het=  resseq=112 icode= >,4ux5_A_A,2.4
791,23.359,ARG, ,NH1,64.6,1000.00,0.0,1.24,1.0,<Residue ARG het=  resseq=112 icode= >,4ux5_A_A,2.4
792,28.106,ARG, ,NH2,66.86,1000.00,0.0,1.74,1.0,<Residue ARG het=  resseq=112 icode= >,4ux5_A_A,2.4
793,0.0,PRO, ,N,41.93,1000.00,0.0,4.73,1.0,<Residue PRO het=  resseq=113 icode= >,4ux5_A_A,2.4
794,6.969,PRO, ,CA,40.44,1000.00,0.0,2.93,1.0,<Residue PRO het=  resseq=113 icode= >,4ux5_A_A,2.4
795,0.0,PRO, ,C,40.07,1000.00,0.0,3.59,1.0,<Residue PRO het=  resseq=113 icode= >,4ux5_A_A,2.4
796,0.928,PRO, ,O,39.69,1000.00,0.0,2.98,1.0,<Residue PRO het=  resseq=113 icode= >,4ux5_A_A,2.4
797,10.962,PRO, ,CB,39.98,1000.00,0.0,2.52,1.0,<Residue PRO het=  resseq=113 icode= >,4ux5_A_A,2.4
798,28.0,PRO, ,CG,38.73,1000.00,0.0,2.37,1.0,<Residue PRO het=  resseq=113 icode= >,4ux5_A_A,2.4
799,4.581,PRO, ,CD,38.35,1000.00,0.0,3.16,1.0,<Residue PRO het=  resseq=113 icode= >,4ux5_A_A,2.4
800,0.0,ILE, ,N,39.46,18.20,0.0,2.72,1.0,<Residue ILE het=  resseq=114 icode= >,4ux5_A_A,2.4
801,0.0,ILE, ,CA,37.42,17.53,0.0,2.79,1.0,<Residue ILE het=  resseq=114 icode= >,4ux5_A_A,2.4
802,0.0,ILE, ,C,36.16,18.14,0.0,4.03,1.0,<Residue ILE het=  resseq=114 icode= >,4ux5_A_A,2.4
803,0.0,ILE, ,O,35.13,18.14,0.0,3.07,1.0,<Residue ILE het=  resseq=114 icode= >,4ux5_A_A,2.4
804,0.0,ILE, ,CB,33.48,15.99,0.0,3.39,1.0,<Residue ILE het=  resseq=114 icode= >,4ux5_A_A,2.4
805,0.0,ILE, ,CG1,36.92,15.40,0.0,2.34,1.0,<Residue ILE het=  resseq=114 icode= >,4ux5_A_A,2.4
806,0.0,ILE, ,CG2,28.81,15.63,0.0,1.72,1.0,<Residue ILE het=  resseq=114 icode= >,4ux5_A_A,2.4
807,0.0,ILE, ,CD1,37.86,15.95,0.0,2.41,1.0,<Residue ILE het=  resseq=114 icode= >,4ux5_A_A,2.4
808,0.0,PHE, ,N,34.22,1000.00,0.0,3.61,1.0,<Residue PHE het=  resseq=115 icode= >,4ux5_A_A,2.4
809,0.0,PHE, ,CA,34.62,1000.00,0.0,3.35,1.0,<Residue PHE het=  resseq=115 icode= >,4ux5_A_A,2.4
810,0.12,PHE, ,C,39.98,1000.00,0.0,3.56,1.0,<Residue PHE het=  resseq=115 icode= >,4ux5_A_A,2.4
811,16.135,PHE, ,O,44.62,1000.00,0.0,2.41,1.0,<Residue PHE het=  resseq=115 icode= >,4ux5_A_A,2.4
812,2.186,PHE, ,CB,36.92,1000.00,0.0,2.94,1.0,<Residue PHE het=  resseq=115 icode= >,4ux5_A_A,2.4
813,0.0,PHE, ,CG,36.97,1000.00,0.0,3.36,1.0,<Residue PHE het=  resseq=115 icode= >,4ux5_A_A,2.4
814,0.001,PHE, ,CD1,35.14,1000.00,0.0,3.38,1.0,<Residue PHE het=  resseq=115 icode= >,4ux5_A_A,2.4
815,0.0,PHE, ,CD2,38.71,1000.00,0.0,3.18,1.0,<Residue PHE het=  resseq=115 icode= >,4ux5_A_A,2.4
816,0.0,PHE, ,CE1,36.54,1000.00,0.0,2.97,1.0,<Residue PHE het=  resseq=115 icode= >,4ux5_A_A,2.4
817,0.0,PHE, ,CE2,39.62,1000.00,0.0,2.79,1.0,<Residue PHE het=  resseq=115 icode= >,4ux5_A_A,2.4
818,0.0,PHE, ,CZ,39.04,1000.00,0.0,2.08,1.0,<Residue PHE het=  resseq=115 icode= >,4ux5_A_A,2.4
819,0.0,GLU, ,N,41.52,1000.00,0.0,2.89,1.0,<Residue GLU het=  resseq=116 icode= >,4ux5_A_A,2.4
820,6.192,GLU, ,CA,47.15,1000.00,0.0,3.03,1.0,<Residue GLU het=  resseq=116 icode= >,4ux5_A_A,2.4
821,2.112,GLU, ,C,34.39,1000.00,0.0,4.00,1.0,<Residue GLU het=  resseq=116 icode= >,4ux5_A_A,2.4
822,19.827,GLU, ,O,43.63,1000.00,0.0,2.43,1.0,<Residue GLU het=  resseq=116 icode= >,4ux5_A_A,2.4
823,11.825,GLU, ,CB,50.21,1000.00,0.0,2.10,1.0,<Residue GLU het=  resseq=116 icode= >,4ux5_A_A,2.4
824,13.116,GLU, ,CG,56.13,1000.00,0.0,1.45,1.0,<Residue GLU het=  resseq=116 icode= >,4ux5_A_A,2.4
825,7.942,GLU, ,CD,67.04,1000.00,0.0,1.61,1.0,<Residue GLU het=  resseq=116 icode= >,4ux5_A_A,2.4
826,30.3,GLU, ,OE1,70.26,1000.00,0.0,0.69,1.0,<Residue GLU het=  resseq=116 icode= >,4ux5_A_A,2.4
827,11.191,GLU, ,OE2,71.48,1000.00,0.0,0.59,1.0,<Residue GLU het=  resseq=116 icode= >,4ux5_A_A,2.4
828,0.192,PHE, ,N,44.19,1000.00,0.0,3.84,1.0,<Residue PHE het=  resseq=117 icode= >,4ux5_A_A,2.4
829,8.112,PHE, ,CA,33.03,1000.00,0.0,4.24,1.0,<Residue PHE het=  resseq=117 icode= >,4ux5_A_A,2.4
830,0.0,PHE, ,C,39.2,1000.00,0.0,4.56,1.0,<Residue PHE het=  resseq=117 icode= >,4ux5_A_A,2.4
831,5.59,PHE, ,O,36.8,1000.00,0.0,3.22,1.0,<Residue PHE het=  resseq=117 icode= >,4ux5_A_A,2.4
832,0.454,PHE, ,CB,34.37,1000.00,0.0,2.91,1.0,<Residue PHE het=  resseq=117 icode= >,4ux5_A_A,2.4
833,0.0,PHE, ,CG,41.02,1000.00,0.0,2.90,1.0,<Residue PHE het=  resseq=117 icode= >,4ux5_A_A,2.4
834,11.68,PHE, ,CD1,39.1,1000.00,0.0,2.38,1.0,<Residue PHE het=  resseq=117 icode= >,4ux5_A_A,2.4
835,0.0,PHE, ,CD2,41.28,1000.00,0.0,2.19,1.0,<Residue PHE het=  resseq=117 icode= >,4ux5_A_A,2.4
836,24.238,PHE, ,CE1,44.63,1000.00,0.0,1.81,1.0,<Residue PHE het=  resseq=117 icode= >,4ux5_A_A,2.4
837,0.0,PHE, ,CE2,45.31,1000.00,0.0,2.05,1.0,<Residue PHE het=  resseq=117 icode= >,4ux5_A_A,2.4
838,14.754,PHE, ,CZ,46.69,1000.00,0.0,1.46,1.0,<Residue PHE het=  resseq=117 icode= >,4ux5_A_A,2.4
839,3.574,SER, ,N,41.27,1000.00,0.0,3.60,1.0,<Residue SER het=  resseq=118 icode= >,4ux5_A_A,2.4
840,0.484,SER, ,CA,45.05,1000.00,0.0,3.24,1.0,<Residue SER het=  resseq=118 icode= >,4ux5_A_A,2.4
841,0.0,SER, ,C,49.59,1000.00,0.0,3.50,1.0,<Residue SER het=  resseq=118 icode= >,4ux5_A_A,2.4
842,21.272,SER, ,O,51.06,1000.00,0.0,1.66,1.0,<Residue SER het=  resseq=118 icode= >,4ux5_A_A,2.4
843,35.325,SER, ,CB,46.59,1000.00,0.0,2.13,1.0,<Residue SER het=  resseq=118 icode= >,4ux5_A_A,2.4
844,16.049,SER, ,OG,49.36,1000.00,0.0,2.19,1.0,<Residue SER het=  resseq=118 icode= >,4ux5_A_A,2.4
845,0.0,PRO, ,N,54.03,1000.00,0.0,3.22,1.0,<Residue PRO het=  resseq=119 icode= >,4ux5_A_A,2.4
846,6.869,PRO, ,CA,60.55,1000.00,0.0,2.03,1.0,<Residue PRO het=  resseq=119 icode= >,4ux5_A_A,2.4
847,1.258,PRO, ,C,68.0,1000.00,0.0,2.64,1.0,<Residue PRO het=  resseq=119 icode= >,4ux5_A_A,2.4
848,31.705,PRO, ,O,71.82,1000.00,0.0,1.08,1.0,<Residue PRO het=  resseq=119 icode= >,4ux5_A_A,2.4
849,26.36,PRO, ,CB,59.82,1000.00,0.0,1.21,1.0,<Residue PRO het=  resseq=119 icode= >,4ux5_A_A,2.4
850,16.323,PRO, ,CG,56.95,1000.00,0.0,2.05,1.0,<Residue PRO het=  resseq=119 icode= >,4ux5_A_A,2.4
851,9.965,PRO, ,CD,55.1,1000.00,0.0,2.19,1.0,<Residue PRO het=  resseq=119 icode= >,4ux5_A_A,2.4
852,0.0,GLY, ,N,76.09,1000.00,0.0,1.74,1.0,<Residue GLY het=  resseq=120 icode= >,4ux5_A_A,2.4
853,23.145,GLY, ,CA,82.83,1000.00,0.0,1.30,1.0,<Residue GLY het=  resseq=120 icode= >,4ux5_A_A,2.4
854,3.957,GLY, ,C,90.61,1000.00,0.0,1.65,1.0,<Residue GLY het=  resseq=120 icode= >,4ux5_A_A,2.4
855,11.254,GLY, ,O,91.92,1000.00,0.0,0.93,1.0,<Residue GLY het=  resseq=120 icode= >,4ux5_A_A,2.4
856,0.0,PRO, ,N,95.99,1000.00,0.0,0.93,1.0,<Residue PRO het=  resseq=121 icode= >,4ux5_A_A,2.4
857,2.712,PRO, ,CA,96.75,1000.00,0.0,0.33,1.0,<Residue PRO het=  resseq=121 icode= >,4ux5_A_A,2.4
858,0.0,PRO, ,C,95.32,1000.00,0.0,1.54,1.0,<Residue PRO het=  resseq=121 icode= >,4ux5_A_A,2.4
859,27.862,PRO, ,O,97.82,1000.00,0.0,1.71,1.0,<Residue PRO het=  resseq=121 icode= >,4ux5_A_A,2.4
860,26.193,PRO, ,CB,101.0,1000.00,0.0,1.72,1.0,<Residue PRO het=  resseq=121 icode= >,4ux5_A_A,2.4
861,43.424,PRO, ,CG,100.82,1000.00,0.0,2.07,1.0,<Residue PRO het=  resseq=121 icode= >,4ux5_A_A,2.4
862,26.332,PRO, ,CD,98.5,1000.00,0.0,1.33,1.0,<Residue PRO het=  resseq=121 icode= >,4ux5_A_A,2.4
863,6.717,ASP, ,N,81.61,1000.00,0.0,2.34,1.0,<Residue ASP het=  resseq=122 icode= >,4ux5_A_A,2.4
864,0.861,ASP, ,CA,69.29,1000.00,0.0,2.55,1.0,<Residue ASP het=  resseq=122 icode= >,4ux5_A_A,2.4
865,1.367,ASP, ,C,61.72,1000.00,0.0,3.31,1.0,<Residue ASP het=  resseq=122 icode= >,4ux5_A_A,2.4
866,18.502,ASP, ,O,55.7,1000.00,0.0,2.50,1.0,<Residue ASP het=  resseq=122 icode= >,4ux5_A_A,2.4
867,24.86,ASP, ,CB,69.54,1000.00,0.0,1.91,1.0,<Residue ASP het=  resseq=122 icode= >,4ux5_A_A,2.4
868,8.294,ASP, ,CG,74.22,1000.00,0.0,2.34,1.0,<Residue ASP het=  resseq=122 icode= >,4ux5_A_A,2.4
869,20.682,ASP, ,OD1,75.89,1000.00,0.0,1.28,1.0,<Residue ASP het=  resseq=122 icode= >,4ux5_A_A,2.4
870,39.432,ASP, ,OD2,78.28,1000.00,0.0,0.29,1.0,<Residue ASP het=  resseq=122 icode= >,4ux5_A_A,2.4
871,4.191,SER, ,N,53.51,1000.00,0.0,3.16,1.0,<Residue SER het=  resseq=123 icode= >,4ux5_A_A,2.4
872,5.443,SER, ,CA,51.63,1000.00,0.0,2.74,1.0,<Residue SER het=  resseq=123 icode= >,4ux5_A_A,2.4
873,0.074,SER, ,C,57.68,1000.00,0.0,3.22,1.0,<Residue SER het=  resseq=123 icode= >,4ux5_A_A,2.4
874,16.185,SER, ,O,56.74,1000.00,0.0,1.95,1.0,<Residue SER het=  resseq=123 icode= >,4ux5_A_A,2.4
875,32.947,SER, ,CB,49.38,1000.00,0.0,2.89,1.0,<Residue SER het=  resseq=123 icode= >,4ux5_A_A,2.4
876,34.003,SER, ,OG,51.79,1000.00,0.0,2.59,1.0,<Residue SER het=  resseq=123 icode= >,4ux5_A_A,2.4
877,0.0,PRO, ,N,61.91,1000.00,0.0,2.93,1.0,<Residue PRO het=  resseq=124 icode= >,4ux5_A_A,2.4
878,3.804,PRO, ,CA,67.54,1000.00,0.0,2.48,1.0,<Residue PRO het=  resseq=124 icode= >,4ux5_A_A,2.4
879,0.996,PRO, ,C,62.94,1000.00,0.0,3.91,1.0,<Residue PRO het=  resseq=124 icode= >,4ux5_A_A,2.4
880,16.94,PRO, ,O,60.89,1000.00,0.0,2.66,1.0,<Residue PRO het=  resseq=124 icode= >,4ux5_A_A,2.4
881,13.965,PRO, ,CB,65.1,1000.00,0.0,2.30,1.0,<Residue PRO het=  resseq=124 icode= >,4ux5_A_A,2.4
882,0.139,PRO, ,CG,66.94,1000.00,0.0,1.96,1.0,<Residue PRO het=  resseq=124 icode= >,4ux5_A_A,2.4
883,9.457,PRO, ,CD,57.34,1000.00,0.0,1.78,1.0,<Residue PRO het=  resseq=124 icode= >,4ux5_A_A,2.4
884,0.128,PRO, ,N,66.12,1000.00,0.0,2.73,1.0,<Residue PRO het=  resseq=125 icode= >,4ux5_A_A,2.4
885,4.675,PRO, ,CA,74.12,1000.00,0.0,2.01,1.0,<Residue PRO het=  resseq=125 icode= >,4ux5_A_A,2.4
886,0.589,PRO, ,C,76.76,1000.00,0.0,3.06,1.0,<Residue PRO het=  resseq=125 icode= >,4ux5_A_A,2.4
887,7.514,PRO, ,O,80.83,1000.00,0.0,1.53,1.0,<Residue PRO het=  resseq=125 icode= >,4ux5_A_A,2.4
888,28.179,PRO, ,CB,74.66,1000.00,0.0,1.17,1.0,<Residue PRO het=  resseq=125 icode= >,4ux5_A_A,2.4
889,41.923,PRO, ,CG,74.8,1000.00,0.0,0.42,1.0,<Residue PRO het=  resseq=125 icode= >,4ux5_A_A,2.4
890,23.512,PRO, ,CD,73.08,1000.00,0.0,0.86,1.0,<Residue PRO het=  resseq=125 icode= >,4ux5_A_A,2.4
891,0.256,PRO, ,N,76.95,1000.00,0.0,3.04,1.0,<Residue PRO het=  resseq=126 icode= >,4ux5_A_A,2.4
892,12.037,PRO, ,CA,80.5,1000.00,0.0,1.58,1.0,<Residue PRO het=  resseq=126 icode= >,4ux5_A_A,2.4
893,0.129,PRO, ,C,86.83,1000.00,0.0,1.42,1.0,<Residue PRO het=  resseq=126 icode= >,4ux5_A_A,2.4
894,19.615,PRO, ,O,85.55,1000.00,0.0,1.61,1.0,<Residue PRO het=  resseq=126 icode= >,4ux5_A_A,2.4
895,29.586,PRO, ,CB,80.93,1000.00,0.0,0.97,1.0,<Residue PRO het=  resseq=126 icode= >,4ux5_A_A,2.4
896,42.243,PRO, ,CG,75.26,1000.00,0.0,0.99,1.0,<Residue PRO het=  resseq=126 icode= >,4ux5_A_A,2.4
897,26.333,PRO, ,CD,73.25,1000.00,0.0,2.23,1.0,<Residue PRO het=  resseq=126 icode= >,4ux5_A_A,2.4
898,3.63,ALA, ,N,92.43,1000.00,0.0,1.25,1.0,<Residue ALA het=  resseq=127 icode= >,4ux5_A_A,2.4
899,3.641,ALA, ,CA,89.35,1000.00,0.0,1.33,1.0,<Residue ALA het=  resseq=127 icode= >,4ux5_A_A,2.4
900,0.741,ALA, ,C,107.71,1000.00,0.0,1.21,1.0,<Residue ALA het=  resseq=127 icode= >,4ux5_A_A,2.4
901,8.174,ALA, ,O,106.4,1000.00,0.0,0.58,1.0,<Residue ALA het=  resseq=127 icode= >,4ux5_A_A,2.4
902,26.888,ALA, ,CB,90.82,1000.00,0.0,0.29,1.0,<Residue ALA het=  resseq=127 icode= >,4ux5_A_A,2.4
903,0.116,PRO, ,N,115.03,1000.00,0.0,1.00,1.0,<Residue PRO het=  resseq=128 icode= >,4ux5_A_A,2.4
904,11.968,PRO, ,CA,121.03,1000.00,0.0,1.04,1.0,<Residue PRO het=  resseq=128 icode= >,4ux5_A_A,2.4
905,20.198,PRO, ,C,128.33,1000.00,0.0,1.19,1.0,<Residue PRO het=  resseq=128 icode= >,4ux5_A_A,2.4
906,31.438,PRO, ,O,132.63,1000.00,0.0,0.96,1.0,<Residue PRO het=  resseq=128 icode= >,4ux5_A_A,2.4
907,38.758,PRO, ,CB,125.85,1000.00,0.0,0.44,1.0,<Residue PRO het=  resseq=128 icode= >,4ux5_A_A,2.4
908,38.184,PRO, ,CG,124.43,1000.00,0.0,0.48,1.0,<Residue PRO het=  resseq=128 icode= >,4ux5_A_A,2.4
909,25.804,PRO, ,CD,115.36,1000.00,0.0,0.16,1.0,<Residue PRO het=  resseq=128 icode= >,4ux5_A_A,2.4
