,ASA,aa,altloc,atom,bfac,d2r,dASA,dens,occ,residue,id,resolu
0,12.88,PRO, ,N,44.29,5.46,5.756,1.60,1.0,<Residue PRO het=  resseq=217 icode= >,4wcg_B_B,1.5
1,17.443,PRO, ,CA,41.22,5.99,1.669,1.60,1.0,<Residue PRO het=  resseq=217 icode= >,4wcg_B_B,1.5
2,0.362,PRO, ,C,38.22,6.74,0.0,1.83,1.0,<Residue PRO het=  resseq=217 icode= >,4wcg_B_B,1.5
3,1.0,PRO, ,O,35.32,6.82,0.0,2.35,1.0,<Residue PRO het=  resseq=217 icode= >,4wcg_B_B,1.5
4,32.681,PRO, ,CB,46.72,7.17,0.0,1.21,1.0,<Residue PRO het=  resseq=217 icode= >,4wcg_B_B,1.5
5,40.269,PRO, ,CG,55.13,7.65,0.0,1.06,1.0,<Residue PRO het=  resseq=217 icode= >,4wcg_B_B,1.5
6,40.628,PRO, ,CD,56.36,6.56,0.0,0.74,1.0,<Residue PRO het=  resseq=217 icode= >,4wcg_B_B,1.5
7,4.52,ILE, ,N,31.05,7.59,0.0,2.72,1.0,<Residue ILE het=  resseq=218 icode= >,4wcg_B_B,1.5
8,0.0,ILE, ,CA,28.72,8.55,0.0,2.51,1.0,<Residue ILE het=  resseq=218 icode= >,4wcg_B_B,1.5
9,1.069,ILE, ,C,29.45,9.94,0.0,2.88,1.0,<Residue ILE het=  resseq=218 icode= >,4wcg_B_B,1.5
10,25.39,ILE, ,O,32.03,10.39,0.0,3.31,1.0,<Residue ILE het=  resseq=218 icode= >,4wcg_B_B,1.5
11,10.446,ILE, ,CB,27.91,8.52,0.0,2.35,1.0,<Residue ILE het=  resseq=218 icode= >,4wcg_B_B,1.5
12,22.736,ILE, ,CG1,31.49,7.25,0.0,2.37,1.0,<Residue ILE het=  resseq=218 icode= >,4wcg_B_B,1.5
13,16.55,ILE, ,CG2,24.54,9.75,0.0,2.22,1.0,<Residue ILE het=  resseq=218 icode= >,4wcg_B_B,1.5
14,0.812,ILE, ,CD1,26.77,7.13,0.0,2.27,1.0,<Residue ILE het=  resseq=218 icode= >,4wcg_B_B,1.5
15,0.695,SER, ,N,23.95,10.70,0.0,3.06,1.0,<Residue SER het=  resseq=219 icode= >,4wcg_B_B,1.5
16,6.792,SER, ,CA,23.43,11.97,0.0,3.19,1.0,<Residue SER het=  resseq=219 icode= >,4wcg_B_B,1.5
17,0.0,SER, ,C,24.87,12.81,0.0,2.90,1.0,<Residue SER het=  resseq=219 icode= >,4wcg_B_B,1.5
18,0.0,SER, ,O,23.53,12.51,0.0,3.46,1.0,<Residue SER het=  resseq=219 icode= >,4wcg_B_B,1.5
19,25.688,SER, ,CB,32.56,11.88,0.0,2.21,1.0,<Residue SER het=  resseq=219 icode= >,4wcg_B_B,1.5
20,11.635,SER, ,OG,30.47,13.17,0.0,3.01,1.0,<Residue SER het=  resseq=219 icode= >,4wcg_B_B,1.5
21,7.787,GLU,x,N,23.68,13.80,0.0,3.52,0.54,<Residue GLU het=  resseq=220 icode= >,4wcg_B_B,1.5
22,0.09,GLU,x,CA,23.16,14.75,0.0,2.25,0.54,<Residue GLU het=  resseq=220 icode= >,4wcg_B_B,1.5
23,0.0,GLU,x,C,24.56,15.47,0.0,3.56,0.54,<Residue GLU het=  resseq=220 icode= >,4wcg_B_B,1.5
24,0.0,GLU,x,O,22.97,15.90,0.0,3.85,0.54,<Residue GLU het=  resseq=220 icode= >,4wcg_B_B,1.5
25,29.978,GLU,x,CB,27.37,15.56,0.0,2.03,0.54,<Residue GLU het=  resseq=220 icode= >,4wcg_B_B,1.5
26,26.645,GLU,x,CG,25.09,16.68,0.0,0.76,0.54,<Residue GLU het=  resseq=220 icode= >,4wcg_B_B,1.5
27,6.377,GLU,x,CD,30.29,16.30,0.0,1.00,0.54,<Residue GLU het=  resseq=220 icode= >,4wcg_B_B,1.5
28,9.493,GLU,x,OE1,30.07,15.19,0.0,1.85,0.54,<Residue GLU het=  resseq=220 icode= >,4wcg_B_B,1.5
29,4.82,GLU,x,OE2,25.52,17.20,0.0,2.11,0.54,<Residue GLU het=  resseq=220 icode= >,4wcg_B_B,1.5
30,0.855,GLU, ,N,26.29,15.58,0.0,3.90,1.0,<Residue GLU het=  resseq=221 icode= >,4wcg_B_B,1.5
31,0.0,GLU, ,CA,23.66,16.20,0.0,3.19,1.0,<Residue GLU het=  resseq=221 icode= >,4wcg_B_B,1.5
32,0.0,GLU, ,C,26.46,15.39,0.0,3.51,1.0,<Residue GLU het=  resseq=221 icode= >,4wcg_B_B,1.5
33,0.025,GLU, ,O,24.92,16.03,0.0,4.53,1.0,<Residue GLU het=  resseq=221 icode= >,4wcg_B_B,1.5
34,14.448,GLU, ,CB,34.72,16.64,0.0,1.94,1.0,<Residue GLU het=  resseq=221 icode= >,4wcg_B_B,1.5
35,36.57,GLU, ,CG,35.82,17.89,0.0,1.66,1.0,<Residue GLU het=  resseq=221 icode= >,4wcg_B_B,1.5
36,8.061,GLU, ,CD,47.86,19.11,0.0,1.32,1.0,<Residue GLU het=  resseq=221 icode= >,4wcg_B_B,1.5
37,23.692,GLU, ,OE1,38.46,19.29,0.0,2.32,1.0,<Residue GLU het=  resseq=221 icode= >,4wcg_B_B,1.5
38,34.431,GLU, ,OE2,47.91,19.99,0.0,1.61,1.0,<Residue GLU het=  resseq=221 icode= >,4wcg_B_B,1.5
39,0.131,MET, ,N,23.37,14.06,0.0,3.80,1.0,<Residue MET het=  resseq=222 icode= >,4wcg_B_B,1.5
40,0.0,MET, ,CA,21.06,13.32,0.0,3.73,1.0,<Residue MET het=  resseq=222 icode= >,4wcg_B_B,1.5
41,0.0,MET, ,C,21.34,13.43,0.0,3.79,1.0,<Residue MET het=  resseq=222 icode= >,4wcg_B_B,1.5
42,0.0,MET, ,O,21.02,13.61,0.0,4.87,1.0,<Residue MET het=  resseq=222 icode= >,4wcg_B_B,1.5
43,0.831,MET, ,CB,24.33,11.84,0.0,2.48,1.0,<Residue MET het=  resseq=222 icode= >,4wcg_B_B,1.5
44,0.0,MET, ,CG,28.52,11.07,0.0,1.44,1.0,<Residue MET het=  resseq=222 icode= >,4wcg_B_B,1.5
45,0.0,MET, ,SD,35.58,11.93,0.0,5.48,1.0,<Residue MET het=  resseq=222 icode= >,4wcg_B_B,1.5
46,10.842,MET, ,CE,47.02,12.06,0.0,0.83,1.0,<Residue MET het=  resseq=222 icode= >,4wcg_B_B,1.5
47,0.0,ASN, ,N,20.47,13.42,0.0,3.80,1.0,<Residue ASN het=  resseq=223 icode= >,4wcg_B_B,1.5
48,0.0,ASN, ,CA,21.0,13.71,0.0,3.50,1.0,<Residue ASN het=  resseq=223 icode= >,4wcg_B_B,1.5
49,0.0,ASN, ,C,20.23,15.02,0.0,3.73,1.0,<Residue ASN het=  resseq=223 icode= >,4wcg_B_B,1.5
50,0.0,ASN, ,O,20.57,14.96,0.0,4.77,1.0,<Residue ASN het=  resseq=223 icode= >,4wcg_B_B,1.5
51,0.0,ASN, ,CB,19.88,13.97,0.0,2.85,1.0,<Residue ASN het=  resseq=223 icode= >,4wcg_B_B,1.5
52,0.0,ASN, ,CG,20.19,12.78,0.0,3.24,1.0,<Residue ASN het=  resseq=223 icode= >,4wcg_B_B,1.5
53,0.256,ASN, ,OD1,20.49,11.66,0.0,4.34,1.0,<Residue ASN het=  resseq=223 icode= >,4wcg_B_B,1.5
54,6.049,ASN, ,ND2,24.01,13.05,0.0,3.21,1.0,<Residue ASN het=  resseq=223 icode= >,4wcg_B_B,1.5
55,0.0,LEU, ,N,20.12,16.02,0.0,3.62,1.0,<Residue LEU het=  resseq=224 icode= >,4wcg_B_B,1.5
56,0.074,LEU, ,CA,19.84,17.33,0.0,3.01,1.0,<Residue LEU het=  resseq=224 icode= >,4wcg_B_B,1.5
57,1.27,LEU, ,C,22.53,17.36,0.0,3.82,1.0,<Residue LEU het=  resseq=224 icode= >,4wcg_B_B,1.5
58,3.921,LEU, ,O,23.17,17.96,0.0,4.75,1.0,<Residue LEU het=  resseq=224 icode= >,4wcg_B_B,1.5
59,11.622,LEU, ,CB,23.44,18.41,0.0,2.55,1.0,<Residue LEU het=  resseq=224 icode= >,4wcg_B_B,1.5
60,0.0,LEU, ,CG,26.96,18.79,0.0,2.27,1.0,<Residue LEU het=  resseq=224 icode= >,4wcg_B_B,1.5
61,38.485,LEU, ,CD1,30.9,19.94,0.0,1.40,1.0,<Residue LEU het=  resseq=224 icode= >,4wcg_B_B,1.5
62,32.382,LEU, ,CD2,28.54,19.29,0.0,2.36,1.0,<Residue LEU het=  resseq=224 icode= >,4wcg_B_B,1.5
63,0.022,LYS, ,N,20.82,16.74,0.0,4.38,1.0,<Residue LYS het=  resseq=225 icode= >,4wcg_B_B,1.5
64,4.456,LYS, ,CA,20.16,16.80,0.0,4.12,1.0,<Residue LYS het=  resseq=225 icode= >,4wcg_B_B,1.5
65,0.0,LYS, ,C,19.45,16.11,0.0,3.71,1.0,<Residue LYS het=  resseq=225 icode= >,4wcg_B_B,1.5
66,1.157,LYS, ,O,22.99,16.67,0.0,4.80,1.0,<Residue LYS het=  resseq=225 icode= >,4wcg_B_B,1.5
67,0.6,LYS, ,CB,24.13,16.34,0.0,2.92,1.0,<Residue LYS het=  resseq=225 icode= >,4wcg_B_B,1.5
68,20.393,LYS, ,CG,28.33,17.19,0.0,2.24,1.0,<Residue LYS het=  resseq=225 icode= >,4wcg_B_B,1.5
69,25.19,LYS, ,CD,34.69,16.76,0.0,1.68,1.0,<Residue LYS het=  resseq=225 icode= >,4wcg_B_B,1.5
70,7.331,LYS, ,CE,48.56,15.57,0.0,0.40,1.0,<Residue LYS het=  resseq=225 icode= >,4wcg_B_B,1.5
71,35.457,LYS, ,NZ,50.91,15.35,0.0,1.18,1.0,<Residue LYS het=  resseq=225 icode= >,4wcg_B_B,1.5
72,0.0,ILE, ,N,18.43,14.90,0.0,4.43,1.0,<Residue ILE het=  resseq=226 icode= >,4wcg_B_B,1.5
73,0.0,ILE, ,CA,18.64,14.19,0.0,3.90,1.0,<Residue ILE het=  resseq=226 icode= >,4wcg_B_B,1.5
74,0.0,ILE, ,C,20.23,14.88,0.0,4.41,1.0,<Residue ILE het=  resseq=226 icode= >,4wcg_B_B,1.5
75,0.0,ILE, ,O,21.25,14.72,0.0,5.23,1.0,<Residue ILE het=  resseq=226 icode= >,4wcg_B_B,1.5
76,0.0,ILE, ,CB,18.33,12.78,0.0,3.70,1.0,<Residue ILE het=  resseq=226 icode= >,4wcg_B_B,1.5
77,0.0,ILE, ,CG1,18.54,11.96,0.0,2.85,1.0,<Residue ILE het=  resseq=226 icode= >,4wcg_B_B,1.5
78,0.0,ILE, ,CG2,19.89,12.14,0.0,3.47,1.0,<Residue ILE het=  resseq=226 icode= >,4wcg_B_B,1.5
79,0.0,ILE, ,CD1,19.46,10.67,0.0,2.53,1.0,<Residue ILE het=  resseq=226 icode= >,4wcg_B_B,1.5
80,0.0,LEU, ,N,18.94,15.58,0.0,4.57,1.0,<Residue LEU het=  resseq=227 icode= >,4wcg_B_B,1.5
81,0.0,LEU, ,CA,20.11,16.29,0.0,4.02,1.0,<Residue LEU het=  resseq=227 icode= >,4wcg_B_B,1.5
82,0.935,LEU, ,C,21.93,17.26,0.0,4.47,1.0,<Residue LEU het=  resseq=227 icode= >,4wcg_B_B,1.5
83,3.317,LEU, ,O,23.18,17.50,0.0,5.32,1.0,<Residue LEU het=  resseq=227 icode= >,4wcg_B_B,1.5
84,11.862,LEU, ,CB,22.88,17.13,0.0,3.08,1.0,<Residue LEU het=  resseq=227 icode= >,4wcg_B_B,1.5
85,0.0,LEU, ,CG,23.8,16.17,0.0,3.04,1.0,<Residue LEU het=  resseq=227 icode= >,4wcg_B_B,1.5
86,17.86,LEU, ,CD1,28.48,16.89,0.0,2.22,1.0,<Residue LEU het=  resseq=227 icode= >,4wcg_B_B,1.5
87,3.198,LEU, ,CD2,23.12,15.71,0.0,2.69,1.0,<Residue LEU het=  resseq=227 icode= >,4wcg_B_B,1.5
88,0.542,ALA, ,N,21.75,17.96,0.0,4.06,1.0,<Residue ALA het=  resseq=228 icode= >,4wcg_B_B,1.5
89,10.627,ALA, ,CA,23.4,18.99,0.0,2.97,1.0,<Residue ALA het=  resseq=228 icode= >,4wcg_B_B,1.5
90,1.302,ALA, ,C,23.27,18.45,0.0,3.42,1.0,<Residue ALA het=  resseq=228 icode= >,4wcg_B_B,1.5
91,4.713,ALA, ,O,23.05,19.09,0.0,4.27,1.0,<Residue ALA het=  resseq=228 icode= >,4wcg_B_B,1.5
92,49.962,ALA, ,CB,24.28,19.90,0.0,2.78,1.0,<Residue ALA het=  resseq=228 icode= >,4wcg_B_B,1.5
93,0.64,TYR, ,N,23.89,17.37,0.0,3.50,1.0,<Residue TYR het=  resseq=229 icode= >,4wcg_B_B,1.5
94,4.978,TYR, ,CA,23.11,16.90,0.0,3.35,1.0,<Residue TYR het=  resseq=229 icode= >,4wcg_B_B,1.5
95,0.0,TYR, ,C,23.01,16.45,0.0,4.10,1.0,<Residue TYR het=  resseq=229 icode= >,4wcg_B_B,1.5
96,0.0,TYR, ,O,24.13,16.92,0.0,4.29,1.0,<Residue TYR het=  resseq=229 icode= >,4wcg_B_B,1.5
97,1.665,TYR, ,CB,24.1,15.85,0.0,2.60,1.0,<Residue TYR het=  resseq=229 icode= >,4wcg_B_B,1.5
98,0.0,TYR, ,CG,20.82,15.44,0.0,3.10,1.0,<Residue TYR het=  resseq=229 icode= >,4wcg_B_B,1.5
99,10.886,TYR, ,CD1,27.13,16.33,0.0,2.81,1.0,<Residue TYR het=  resseq=229 icode= >,4wcg_B_B,1.5
100,0.0,TYR, ,CD2,26.33,14.29,0.0,2.47,1.0,<Residue TYR het=  resseq=229 icode= >,4wcg_B_B,1.5
101,6.859,TYR, ,CE1,26.77,16.16,0.0,2.49,1.0,<Residue TYR het=  resseq=229 icode= >,4wcg_B_B,1.5
102,0.0,TYR, ,CE2,27.65,14.08,0.0,2.21,1.0,<Residue TYR het=  resseq=229 icode= >,4wcg_B_B,1.5
103,0.0,TYR, ,CZ,26.06,15.06,0.0,3.31,1.0,<Residue TYR het=  resseq=229 icode= >,4wcg_B_B,1.5
104,8.342,TYR, ,OH,32.02,15.08,0.0,2.92,1.0,<Residue TYR het=  resseq=229 icode= >,4wcg_B_B,1.5
105,0.0,LEU, ,N,21.4,15.67,0.0,4.67,1.0,<Residue LEU het=  resseq=230 icode= >,4wcg_B_B,1.5
106,0.0,LEU, ,CA,21.32,15.36,0.0,3.71,1.0,<Residue LEU het=  resseq=230 icode= >,4wcg_B_B,1.5
107,0.0,LEU, ,C,24.57,16.67,0.0,3.92,1.0,<Residue LEU het=  resseq=230 icode= >,4wcg_B_B,1.5
108,4.734,LEU, ,O,27.29,16.84,0.0,3.50,1.0,<Residue LEU het=  resseq=230 icode= >,4wcg_B_B,1.5
109,0.247,LEU, ,CB,22.23,14.48,0.0,3.09,1.0,<Residue LEU het=  resseq=230 icode= >,4wcg_B_B,1.5
110,0.0,LEU, ,CG,24.04,13.03,0.0,2.65,1.0,<Residue LEU het=  resseq=230 icode= >,4wcg_B_B,1.5
111,0.0,LEU, ,CD1,24.02,12.46,0.0,2.86,1.0,<Residue LEU het=  resseq=230 icode= >,4wcg_B_B,1.5
112,0.476,LEU, ,CD2,25.1,12.31,0.0,2.96,1.0,<Residue LEU het=  resseq=230 icode= >,4wcg_B_B,1.5
113,0.0,GLY, ,N,24.25,17.69,0.0,4.57,1.0,<Residue GLY het=  resseq=231 icode= >,4wcg_B_B,1.5
114,17.353,GLY, ,CA,27.05,19.03,0.0,2.83,1.0,<Residue GLY het=  resseq=231 icode= >,4wcg_B_B,1.5
115,2.002,GLY, ,C,29.26,19.75,0.0,2.29,1.0,<Residue GLY het=  resseq=231 icode= >,4wcg_B_B,1.5
116,32.354,GLY, ,O,34.84,20.87,0.0,1.86,1.0,<Residue GLY het=  resseq=231 icode= >,4wcg_B_B,1.5
117,0.0,THR, ,N,29.97,1000.00,0.0,2.51,1.0,<Residue THR het=  resseq=232 icode= >,4wcg_B_B,1.5
118,6.951,THR, ,CA,31.66,1000.00,0.0,2.61,1.0,<Residue THR het=  resseq=232 icode= >,4wcg_B_B,1.5
119,4.317,THR, ,C,30.67,1000.00,0.0,2.60,1.0,<Residue THR het=  resseq=232 icode= >,4wcg_B_B,1.5
120,20.407,THR, ,O,35.88,1000.00,0.0,2.27,1.0,<Residue THR het=  resseq=232 icode= >,4wcg_B_B,1.5
121,12.453,THR, ,CB,33.46,1000.00,0.0,2.30,1.0,<Residue THR het=  resseq=232 icode= >,4wcg_B_B,1.5
122,2.887,THR, ,OG1,34.48,1000.00,0.0,2.52,1.0,<Residue THR het=  resseq=232 icode= >,4wcg_B_B,1.5
123,49.145,THR, ,CG2,42.48,1000.00,0.0,0.97,1.0,<Residue THR het=  resseq=232 icode= >,4wcg_B_B,1.5
124,0.001,LYS, ,N,29.6,18.19,0.0,3.26,1.0,<Residue LYS het=  resseq=233 icode= >,4wcg_B_B,1.5
125,3.368,LYS, ,CA,29.14,17.58,0.0,2.65,1.0,<Residue LYS het=  resseq=233 icode= >,4wcg_B_B,1.5
126,0.11,LYS, ,C,30.67,17.48,0.0,3.22,1.0,<Residue LYS het=  resseq=233 icode= >,4wcg_B_B,1.5
127,11.265,LYS, ,O,35.91,17.79,0.0,2.97,1.0,<Residue LYS het=  resseq=233 icode= >,4wcg_B_B,1.5
128,0.125,LYS, ,CB,26.1,16.23,0.0,2.56,1.0,<Residue LYS het=  resseq=233 icode= >,4wcg_B_B,1.5
129,0.0,LYS, ,CG,30.0,16.43,0.0,2.34,1.0,<Residue LYS het=  resseq=233 icode= >,4wcg_B_B,1.5
130,22.568,LYS, ,CD,36.48,17.31,0.0,1.85,1.0,<Residue LYS het=  resseq=233 icode= >,4wcg_B_B,1.5
131,26.749,LYS, ,CE,41.01,17.70,0.0,1.63,1.0,<Residue LYS het=  resseq=233 icode= >,4wcg_B_B,1.5
132,27.957,LYS, ,NZ,52.55,18.96,0.0,0.70,1.0,<Residue LYS het=  resseq=233 icode= >,4wcg_B_B,1.5
133,4.789,GLN, ,N,27.19,17.21,0.0,3.78,1.0,<Residue GLN het=  resseq=234 icode= >,4wcg_B_B,1.5
134,2.439,GLN, ,CA,33.53,17.14,0.0,2.52,1.0,<Residue GLN het=  resseq=234 icode= >,4wcg_B_B,1.5
135,1.926,GLN, ,C,42.22,15.78,0.0,2.63,1.0,<Residue GLN het=  resseq=234 icode= >,4wcg_B_B,1.5
136,17.077,GLN, ,O,55.45,15.78,0.0,1.53,1.0,<Residue GLN het=  resseq=234 icode= >,4wcg_B_B,1.5
137,24.483,GLN, ,CB,31.92,18.19,0.0,2.08,1.0,<Residue GLN het=  resseq=234 icode= >,4wcg_B_B,1.5
138,32.947,GLN, ,CG,36.55,19.59,0.0,2.13,1.0,<Residue GLN het=  resseq=234 icode= >,4wcg_B_B,1.5
139,5.624,GLN, ,CD,37.71,20.01,0.0,2.88,1.0,<Residue GLN het=  resseq=234 icode= >,4wcg_B_B,1.5
140,31.825,GLN, ,OE1,40.2,19.57,0.0,2.79,1.0,<Residue GLN het=  resseq=234 icode= >,4wcg_B_B,1.5
141,51.904,GLN, ,NE2,48.15,20.98,0.0,1.39,1.0,<Residue GLN het=  resseq=234 icode= >,4wcg_B_B,1.5
142,2.948,GLY, ,N,34.83,14.72,0.0,3.02,1.0,<Residue GLY het=  resseq=235 icode= >,4wcg_B_B,1.5
143,1.712,GLY, ,CA,27.04,13.37,0.0,2.57,1.0,<Residue GLY het=  resseq=235 icode= >,4wcg_B_B,1.5
144,1.614,GLY, ,C,26.94,12.85,0.0,3.13,1.0,<Residue GLY het=  resseq=235 icode= >,4wcg_B_B,1.5
145,18.907,GLY, ,O,30.26,13.66,0.0,3.45,1.0,<Residue GLY het=  resseq=235 icode= >,4wcg_B_B,1.5
146,0.0,ALA, ,N,21.21,11.64,0.0,3.94,1.0,<Residue ALA het=  resseq=236 icode= >,4wcg_B_B,1.5
147,6.373,ALA, ,CA,20.17,11.26,0.0,3.50,1.0,<Residue ALA het=  resseq=236 icode= >,4wcg_B_B,1.5
148,0.0,ALA, ,C,22.99,9.77,0.0,4.34,1.0,<Residue ALA het=  resseq=236 icode= >,4wcg_B_B,1.5
149,0.0,ALA, ,O,21.97,8.98,0.0,5.04,1.0,<Residue ALA het=  resseq=236 icode= >,4wcg_B_B,1.5
150,3.266,ALA, ,CB,21.93,11.86,0.0,2.73,1.0,<Residue ALA het=  resseq=236 icode= >,4wcg_B_B,1.5
151,0.445,LYS, ,N,22.47,9.56,0.0,3.83,1.0,<Residue LYS het=  resseq=237 icode= >,4wcg_B_B,1.5
152,0.0,LYS, ,CA,21.87,8.29,0.0,3.47,1.0,<Residue LYS het=  resseq=237 icode= >,4wcg_B_B,1.5
153,0.0,LYS, ,C,22.27,8.12,0.0,4.82,1.0,<Residue LYS het=  resseq=237 icode= >,4wcg_B_B,1.5
154,0.0,LYS, ,O,23.1,9.18,0.0,4.43,1.0,<Residue LYS het=  resseq=237 icode= >,4wcg_B_B,1.5
155,3.435,LYS, ,CB,25.79,7.53,0.0,2.43,1.0,<Residue LYS het=  resseq=237 icode= >,4wcg_B_B,1.5
156,4.139,LYS, ,CG,30.47,7.39,0.0,2.51,1.0,<Residue LYS het=  resseq=237 icode= >,4wcg_B_B,1.5
157,12.29,LYS, ,CD,34.23,6.70,0.0,2.11,1.0,<Residue LYS het=  resseq=237 icode= >,4wcg_B_B,1.5
158,32.505,LYS, ,CE,43.52,7.09,0.0,1.40,1.0,<Residue LYS het=  resseq=237 icode= >,4wcg_B_B,1.5
159,46.677,LYS, ,NZ,47.76,7.03,0.0,1.22,1.0,<Residue LYS het=  resseq=237 icode= >,4wcg_B_B,1.5
160,2.167,ALA, ,N,21.45,6.95,0.0,4.38,1.0,<Residue ALA het=  resseq=238 icode= >,4wcg_B_B,1.5
161,0.0,ALA, ,CA,22.44,7.10,0.0,3.77,1.0,<Residue ALA het=  resseq=238 icode= >,4wcg_B_B,1.5
162,0.0,ALA, ,C,27.81,7.52,0.0,3.75,1.0,<Residue ALA het=  resseq=238 icode= >,4wcg_B_B,1.5
163,0.0,ALA, ,O,26.02,7.90,0.0,4.14,1.0,<Residue ALA het=  resseq=238 icode= >,4wcg_B_B,1.5
164,6.352,ALA, ,CB,25.33,5.87,0.005,1.83,1.0,<Residue ALA het=  resseq=238 icode= >,4wcg_B_B,1.5
165,1.677,VAL, ,N,24.13,7.46,0.0,3.28,1.0,<Residue VAL het=  resseq=239 icode= >,4wcg_B_B,1.5
166,0.0,VAL, ,CA,25.84,7.89,0.0,2.82,1.0,<Residue VAL het=  resseq=239 icode= >,4wcg_B_B,1.5
167,0.0,VAL, ,C,28.74,9.30,0.0,3.48,1.0,<Residue VAL het=  resseq=239 icode= >,4wcg_B_B,1.5
168,0.119,VAL, ,O,30.99,9.74,0.0,3.52,1.0,<Residue VAL het=  resseq=239 icode= >,4wcg_B_B,1.5
169,2.803,VAL, ,CB,28.83,7.76,0.0,2.09,1.0,<Residue VAL het=  resseq=239 icode= >,4wcg_B_B,1.5
170,17.433,VAL, ,CG1,29.33,7.58,0.0,2.14,1.0,<Residue VAL het=  resseq=239 icode= >,4wcg_B_B,1.5
171,16.253,VAL, ,CG2,39.87,8.58,0.0,0.50,1.0,<Residue VAL het=  resseq=239 icode= >,4wcg_B_B,1.5
172,0.0,HIS, ,N,26.04,10.12,0.0,3.74,1.0,<Residue HIS het=  resseq=240 icode= >,4wcg_B_B,1.5
173,0.163,HIS, ,CA,29.09,11.50,0.0,3.10,1.0,<Residue HIS het=  resseq=240 icode= >,4wcg_B_B,1.5
174,0.0,HIS, ,C,23.84,11.75,0.0,3.54,1.0,<Residue HIS het=  resseq=240 icode= >,4wcg_B_B,1.5
175,0.148,HIS, ,O,26.16,12.69,0.0,4.04,1.0,<Residue HIS het=  resseq=240 icode= >,4wcg_B_B,1.5
176,9.941,HIS, ,CB,29.48,11.55,0.0,2.61,1.0,<Residue HIS het=  resseq=240 icode= >,4wcg_B_B,1.5
177,2.689,HIS, ,CG,29.07,10.84,0.0,2.65,1.0,<Residue HIS het=  resseq=240 icode= >,4wcg_B_B,1.5
178,11.522,HIS, ,ND1,41.23,10.31,0.0,2.17,1.0,<Residue HIS het=  resseq=240 icode= >,4wcg_B_B,1.5
179,7.993,HIS, ,CD2,37.08,10.80,0.0,2.42,1.0,<Residue HIS het=  resseq=240 icode= >,4wcg_B_B,1.5
180,25.465,HIS, ,CE1,46.81,9.95,0.0,1.60,1.0,<Residue HIS het=  resseq=240 icode= >,4wcg_B_B,1.5
181,26.232,HIS, ,NE2,43.51,10.25,0.0,2.45,1.0,<Residue HIS het=  resseq=240 icode= >,4wcg_B_B,1.5
182,0.0,ILE, ,N,22.78,11.11,0.0,3.70,1.0,<Residue ILE het=  resseq=241 icode= >,4wcg_B_B,1.5
183,0.0,ILE, ,CA,22.71,11.43,0.0,3.12,1.0,<Residue ILE het=  resseq=241 icode= >,4wcg_B_B,1.5
184,0.0,ILE, ,C,21.48,11.17,0.0,3.87,1.0,<Residue ILE het=  resseq=241 icode= >,4wcg_B_B,1.5
185,0.0,ILE, ,O,22.41,12.11,0.0,4.69,1.0,<Residue ILE het=  resseq=241 icode= >,4wcg_B_B,1.5
186,0.0,ILE, ,CB,21.11,10.88,0.0,3.14,1.0,<Residue ILE het=  resseq=241 icode= >,4wcg_B_B,1.5
187,0.0,ILE, ,CG1,22.65,10.69,0.0,2.91,1.0,<Residue ILE het=  resseq=241 icode= >,4wcg_B_B,1.5
188,0.0,ILE, ,CG2,24.15,11.51,0.0,2.76,1.0,<Residue ILE het=  resseq=241 icode= >,4wcg_B_B,1.5
189,0.0,ILE, ,CD1,22.59,9.68,0.0,3.01,1.0,<Residue ILE het=  resseq=241 icode= >,4wcg_B_B,1.5
190,0.0,ALA, ,N,21.77,10.00,0.0,3.89,1.0,<Residue ALA het=  resseq=242 icode= >,4wcg_B_B,1.5
191,0.0,ALA, ,CA,25.84,9.90,0.0,3.31,1.0,<Residue ALA het=  resseq=242 icode= >,4wcg_B_B,1.5
192,0.124,ALA, ,C,25.22,11.05,0.0,3.76,1.0,<Residue ALA het=  resseq=242 icode= >,4wcg_B_B,1.5
193,0.243,ALA, ,O,28.08,11.83,0.0,4.08,1.0,<Residue ALA het=  resseq=242 icode= >,4wcg_B_B,1.5
194,5.18,ALA, ,CB,25.61,8.58,0.0,2.48,1.0,<Residue ALA het=  resseq=242 icode= >,4wcg_B_B,1.5
195,0.0,GLN, ,N,25.93,11.34,0.0,3.73,1.0,<Residue GLN het=  resseq=243 icode= >,4wcg_B_B,1.5
196,8.811,GLN, ,CA,32.38,12.57,0.0,2.75,1.0,<Residue GLN het=  resseq=243 icode= >,4wcg_B_B,1.5
197,1.053,GLN, ,C,29.79,13.78,0.0,3.43,1.0,<Residue GLN het=  resseq=243 icode= >,4wcg_B_B,1.5
198,20.043,GLN, ,O,32.35,14.67,0.0,3.23,1.0,<Residue GLN het=  resseq=243 icode= >,4wcg_B_B,1.5
199,10.69,GLN, ,CB,34.69,12.89,0.0,2.26,1.0,<Residue GLN het=  resseq=243 icode= >,4wcg_B_B,1.5
200,20.13,GLN, ,CG,49.44,12.19,0.0,1.28,1.0,<Residue GLN het=  resseq=243 icode= >,4wcg_B_B,1.5
201,5.39,GLN, ,CD,61.36,12.78,0.0,1.35,1.0,<Residue GLN het=  resseq=243 icode= >,4wcg_B_B,1.5
202,23.498,GLN, ,OE1,63.77,13.39,0.0,1.34,1.0,<Residue GLN het=  resseq=243 icode= >,4wcg_B_B,1.5
203,36.463,GLN, ,NE2,67.88,12.05,0.0,0.66,1.0,<Residue GLN het=  resseq=243 icode= >,4wcg_B_B,1.5
204,0.0,SER,x,N,28.86,13.91,0.0,3.40,0.57,<Residue SER het=  resseq=244 icode= >,4wcg_B_B,1.5
205,9.529,SER,x,CA,29.34,15.19,0.0,3.83,0.57,<Residue SER het=  resseq=244 icode= >,4wcg_B_B,1.5
206,0.391,SER,x,C,26.79,15.46,0.0,3.79,0.57,<Residue SER het=  resseq=244 icode= >,4wcg_B_B,1.5
207,28.761,SER,x,O,32.14,16.63,0.0,3.37,0.57,<Residue SER het=  resseq=244 icode= >,4wcg_B_B,1.5
208,10.595,SER,x,CB,32.95,15.46,0.0,2.61,0.57,<Residue SER het=  resseq=244 icode= >,4wcg_B_B,1.5
209,19.872,SER,x,OG,36.76,15.61,0.0,1.40,0.57,<Residue SER het=  resseq=244 icode= >,4wcg_B_B,1.5
210,0.0,LEU, ,N,27.16,14.46,0.0,3.83,1.0,<Residue LEU het=  resseq=245 icode= >,4wcg_B_B,1.5
211,2.903,LEU, ,CA,27.74,14.82,0.0,2.80,1.0,<Residue LEU het=  resseq=245 icode= >,4wcg_B_B,1.5
212,3.574,LEU, ,C,29.03,14.90,0.0,3.61,1.0,<Residue LEU het=  resseq=245 icode= >,4wcg_B_B,1.5
213,23.718,LEU, ,O,33.7,15.52,0.0,3.09,1.0,<Residue LEU het=  resseq=245 icode= >,4wcg_B_B,1.5
214,0.302,LEU, ,CB,26.29,13.97,0.0,2.52,1.0,<Residue LEU het=  resseq=245 icode= >,4wcg_B_B,1.5
215,0.0,LEU, ,CG,29.15,14.17,0.0,2.09,1.0,<Residue LEU het=  resseq=245 icode= >,4wcg_B_B,1.5
216,0.0,LEU, ,CD1,27.56,13.54,0.0,2.03,1.0,<Residue LEU het=  resseq=245 icode= >,4wcg_B_B,1.5
217,19.784,LEU, ,CD2,33.45,15.67,0.0,1.79,1.0,<Residue LEU het=  resseq=245 icode= >,4wcg_B_B,1.5
218,1.109,GLY, ,N,30.5,14.43,0.0,3.42,1.0,<Residue GLY het=  resseq=246 icode= >,4wcg_B_B,1.5
219,35.462,GLY, ,CA,29.34,14.60,0.0,1.93,1.0,<Residue GLY het=  resseq=246 icode= >,4wcg_B_B,1.5
220,4.377,GLY, ,C,31.59,13.72,0.0,2.90,1.0,<Residue GLY het=  resseq=246 icode= >,4wcg_B_B,1.5
221,32.881,GLY, ,O,30.33,14.25,0.0,3.50,1.0,<Residue GLY het=  resseq=246 icode= >,4wcg_B_B,1.5
222,0.001,ALA, ,N,27.25,12.47,0.0,3.09,1.0,<Residue ALA het=  resseq=247 icode= >,4wcg_B_B,1.5
223,6.919,ALA, ,CA,26.88,11.59,0.0,2.97,1.0,<Residue ALA het=  resseq=247 icode= >,4wcg_B_B,1.5
224,2.912,ALA, ,C,25.38,10.31,0.0,3.39,1.0,<Residue ALA het=  resseq=247 icode= >,4wcg_B_B,1.5
225,12.737,ALA, ,O,28.42,10.13,0.0,3.45,1.0,<Residue ALA het=  resseq=247 icode= >,4wcg_B_B,1.5
226,5.231,ALA, ,CB,26.68,11.42,0.0,2.04,1.0,<Residue ALA het=  resseq=247 icode= >,4wcg_B_B,1.5
227,0.967,GLN, ,N,25.34,9.43,0.0,3.25,1.0,<Residue GLN het=  resseq=248 icode= >,4wcg_B_B,1.5
228,4.77,GLN, ,CA,24.41,8.15,0.0,3.32,1.0,<Residue GLN het=  resseq=248 icode= >,4wcg_B_B,1.5
229,0.0,GLN, ,C,23.11,7.14,0.0,3.97,1.0,<Residue GLN het=  resseq=248 icode= >,4wcg_B_B,1.5
230,0.0,GLN, ,O,21.98,7.22,0.0,4.30,1.0,<Residue GLN het=  resseq=248 icode= >,4wcg_B_B,1.5
231,5.222,GLN, ,CB,24.81,7.75,0.0,2.55,1.0,<Residue GLN het=  resseq=248 icode= >,4wcg_B_B,1.5
232,27.179,GLN, ,CG,25.74,8.89,0.0,2.44,1.0,<Residue GLN het=  resseq=248 icode= >,4wcg_B_B,1.5
233,7.551,GLN, ,CD,37.14,8.89,0.0,2.70,1.0,<Residue GLN het=  resseq=248 icode= >,4wcg_B_B,1.5
234,37.906,GLN, ,OE1,50.97,8.31,0.0,1.76,1.0,<Residue GLN het=  resseq=248 icode= >,4wcg_B_B,1.5
235,57.038,GLN, ,NE2,47.76,9.59,0.0,1.24,1.0,<Residue GLN het=  resseq=248 icode= >,4wcg_B_B,1.5
236,5.951,ARG, ,N,23.5,6.22,0.0,3.76,1.0,<Residue ARG het=  resseq=249 icode= >,4wcg_B_B,1.5
237,0.0,ARG, ,CA,20.48,5.05,0.0,3.13,1.0,<Residue ARG het=  resseq=249 icode= >,4wcg_B_B,1.5
238,0.032,ARG, ,C,21.03,4.34,0.032,3.66,1.0,<Residue ARG het=  resseq=249 icode= >,4wcg_B_B,1.5
239,0.0,ARG, ,O,18.25,4.28,0.0,5.81,1.0,<Residue ARG het=  resseq=249 icode= >,4wcg_B_B,1.5
240,12.06,ARG, ,CB,28.21,4.40,1.473,2.95,1.0,<Residue ARG het=  resseq=249 icode= >,4wcg_B_B,1.5
241,1.253,ARG, ,CG,37.29,3.92,1.253,1.70,1.0,<Residue ARG het=  resseq=249 icode= >,4wcg_B_B,1.5
242,20.874,ARG, ,CD,52.0,4.20,5.11,0.64,1.0,<Residue ARG het=  resseq=249 icode= >,4wcg_B_B,1.5
243,3.215,ARG, ,NE,56.91,5.33,0.0,0.89,1.0,<Residue ARG het=  resseq=249 icode= >,4wcg_B_B,1.5
244,3.605,ARG, ,CZ,67.24,6.17,0.0,0.58,1.0,<Residue ARG het=  resseq=249 icode= >,4wcg_B_B,1.5
245,42.44,ARG, ,NH1,67.88,6.17,0.0,0.85,1.0,<Residue ARG het=  resseq=249 icode= >,4wcg_B_B,1.5
246,47.996,ARG, ,NH2,65.2,7.29,0.0,1.04,1.0,<Residue ARG het=  resseq=249 icode= >,4wcg_B_B,1.5
247,0.785,SER,x,N,21.72,4.09,0.109,4.23,0.25,<Residue SER het=  resseq=250 icode= >,4wcg_B_B,1.5
248,6.658,SER,x,CA,20.97,3.58,6.658,4.01,0.25,<Residue SER het=  resseq=250 icode= >,4wcg_B_B,1.5
249,0.0,SER,x,C,19.44,4.39,0.0,4.35,0.25,<Residue SER het=  resseq=250 icode= >,4wcg_B_B,1.5
250,4.017,SER,x,O,21.04,3.62,4.017,5.17,0.25,<Residue SER het=  resseq=250 icode= >,4wcg_B_B,1.5
251,33.888,SER,x,CB,25.59,3.48,14.048,3.12,0.25,<Residue SER het=  resseq=250 icode= >,4wcg_B_B,1.5
252,38.657,SER,x,OG,24.59,2.65,14.376,0.48,0.25,<Residue SER het=  resseq=250 icode= >,4wcg_B_B,1.5
253,0.814,GLU, ,N,19.24,5.68,0.0,4.64,1.0,<Residue GLU het=  resseq=251 icode= >,4wcg_B_B,1.5
254,0.036,GLU, ,CA,21.8,5.87,0.0,3.05,1.0,<Residue GLU het=  resseq=251 icode= >,4wcg_B_B,1.5
255,0.0,GLU, ,C,19.89,6.41,0.0,4.07,1.0,<Residue GLU het=  resseq=251 icode= >,4wcg_B_B,1.5
256,0.0,GLU, ,O,19.07,6.30,0.0,5.13,1.0,<Residue GLU het=  resseq=251 icode= >,4wcg_B_B,1.5
257,5.351,GLU, ,CB,24.15,6.85,0.0,2.70,1.0,<Residue GLU het=  resseq=251 icode= >,4wcg_B_B,1.5
258,4.153,GLU, ,CG,45.49,7.03,0.0,1.10,1.0,<Residue GLU het=  resseq=251 icode= >,4wcg_B_B,1.5
259,8.157,GLU, ,CD,59.89,8.45,0.0,0.72,1.0,<Residue GLU het=  resseq=251 icode= >,4wcg_B_B,1.5
260,16.379,GLU, ,OE1,70.62,9.17,0.0,0.67,1.0,<Residue GLU het=  resseq=251 icode= >,4wcg_B_B,1.5
261,18.087,GLU, ,OE2,48.41,9.02,0.0,1.39,1.0,<Residue GLU het=  resseq=251 icode= >,4wcg_B_B,1.5
262,0.0,VAL, ,N,18.73,6.76,0.0,4.27,1.0,<Residue VAL het=  resseq=252 icode= >,4wcg_B_B,1.5
263,0.0,VAL, ,CA,18.0,7.27,0.0,3.42,1.0,<Residue VAL het=  resseq=252 icode= >,4wcg_B_B,1.5
264,0.0,VAL, ,C,17.13,6.37,0.0,4.47,1.0,<Residue VAL het=  resseq=252 icode= >,4wcg_B_B,1.5
265,0.0,VAL, ,O,17.58,6.72,0.0,5.42,1.0,<Residue VAL het=  resseq=252 icode= >,4wcg_B_B,1.5
266,0.0,VAL, ,CB,18.43,7.75,0.0,2.96,1.0,<Residue VAL het=  resseq=252 icode= >,4wcg_B_B,1.5
267,0.0,VAL, ,CG1,19.42,8.30,0.0,2.94,1.0,<Residue VAL het=  resseq=252 icode= >,4wcg_B_B,1.5
268,0.0,VAL, ,CG2,21.93,8.89,0.0,3.15,1.0,<Residue VAL het=  resseq=252 icode= >,4wcg_B_B,1.5
269,0.0,ASN, ,N,15.31,5.20,0.0,5.55,1.0,<Residue ASN het=  resseq=253 icode= >,4wcg_B_B,1.5
270,0.0,ASN, ,CA,16.58,4.26,0.0,4.09,1.0,<Residue ASN het=  resseq=253 icode= >,4wcg_B_B,1.5
271,0.609,ASN, ,C,16.87,3.88,0.609,4.12,1.0,<Residue ASN het=  resseq=253 icode= >,4wcg_B_B,1.5
272,0.0,ASN, ,O,16.83,4.09,0.0,5.80,1.0,<Residue ASN het=  resseq=253 icode= >,4wcg_B_B,1.5
273,11.691,ASN, ,CB,16.66,3.36,11.691,3.89,1.0,<Residue ASN het=  resseq=253 icode= >,4wcg_B_B,1.5
274,0.238,ASN, ,CG,16.27,3.94,0.238,4.59,1.0,<Residue ASN het=  resseq=253 icode= >,4wcg_B_B,1.5
275,1.641,ASN, ,OD1,18.5,3.97,1.608,5.14,1.0,<Residue ASN het=  resseq=253 icode= >,4wcg_B_B,1.5
276,30.292,ASN, ,ND2,17.84,2.88,28.818,4.55,1.0,<Residue ASN het=  resseq=253 icode= >,4wcg_B_B,1.5
277,0.692,ARG, ,N,15.73,3.82,0.692,5.24,1.0,<Residue ARG het=  resseq=254 icode= >,4wcg_B_B,1.5
278,4.064,ARG, ,CA,14.89,3.96,4.064,4.12,1.0,<Residue ARG het=  resseq=254 icode= >,4wcg_B_B,1.5
279,0.0,ARG, ,C,15.32,5.22,0.0,4.50,1.0,<Residue ARG het=  resseq=254 icode= >,4wcg_B_B,1.5
280,0.0,ARG, ,O,18.36,5.35,0.0,5.19,1.0,<Residue ARG het=  resseq=254 icode= >,4wcg_B_B,1.5
281,4.736,ARG, ,CB,18.79,3.46,4.736,3.43,1.0,<Residue ARG het=  resseq=254 icode= >,4wcg_B_B,1.5
282,0.305,ARG, ,CG,19.68,3.89,0.262,3.27,1.0,<Residue ARG het=  resseq=254 icode= >,4wcg_B_B,1.5
283,26.431,ARG, ,CD,26.73,3.40,22.978,2.87,1.0,<Residue ARG het=  resseq=254 icode= >,4wcg_B_B,1.5
284,0.0,ARG, ,NE,29.05,4.01,0.0,2.83,1.0,<Residue ARG het=  resseq=254 icode= >,4wcg_B_B,1.5
285,2.841,ARG, ,CZ,33.58,3.81,0.0,2.54,1.0,<Residue ARG het=  resseq=254 icode= >,4wcg_B_B,1.5
286,23.905,ARG, ,NH1,37.28,2.85,11.436,1.84,1.0,<Residue ARG het=  resseq=254 icode= >,4wcg_B_B,1.5
287,14.002,ARG, ,NH2,34.45,4.97,0.0,2.51,1.0,<Residue ARG het=  resseq=254 icode= >,4wcg_B_B,1.5
288,0.0,HIS, ,N,16.35,6.33,0.0,4.69,1.0,<Residue HIS het=  resseq=255 icode= >,4wcg_B_B,1.5
289,0.0,HIS, ,CA,18.47,7.63,0.0,3.37,1.0,<Residue HIS het=  resseq=255 icode= >,4wcg_B_B,1.5
290,0.0,HIS, ,C,16.06,7.72,0.0,4.72,1.0,<Residue HIS het=  resseq=255 icode= >,4wcg_B_B,1.5
291,0.0,HIS, ,O,17.36,8.43,0.0,5.34,1.0,<Residue HIS het=  resseq=255 icode= >,4wcg_B_B,1.5
292,0.0,HIS, ,CB,16.69,8.59,0.0,4.04,1.0,<Residue HIS het=  resseq=255 icode= >,4wcg_B_B,1.5
293,0.0,HIS, ,CG,17.24,8.56,0.0,3.53,1.0,<Residue HIS het=  resseq=255 icode= >,4wcg_B_B,1.5
294,0.0,HIS, ,ND1,18.19,7.67,0.0,4.25,1.0,<Residue HIS het=  resseq=255 icode= >,4wcg_B_B,1.5
295,0.0,HIS, ,CD2,20.17,9.51,0.0,3.11,1.0,<Residue HIS het=  resseq=255 icode= >,4wcg_B_B,1.5
296,0.986,HIS, ,CE1,19.9,7.87,0.0,3.73,1.0,<Residue HIS het=  resseq=255 icode= >,4wcg_B_B,1.5
297,0.0,HIS, ,NE2,22.48,9.01,0.0,4.15,1.0,<Residue HIS het=  resseq=255 icode= >,4wcg_B_B,1.5
298,0.0,LEU, ,N,15.73,7.33,0.0,5.49,1.0,<Residue LEU het=  resseq=256 icode= >,4wcg_B_B,1.5
299,0.0,LEU, ,CA,16.13,7.75,0.0,4.87,1.0,<Residue LEU het=  resseq=256 icode= >,4wcg_B_B,1.5
300,0.0,LEU, ,C,16.49,7.31,0.0,4.23,1.0,<Residue LEU het=  resseq=256 icode= >,4wcg_B_B,1.5
301,0.0,LEU, ,O,16.76,8.20,0.0,5.80,1.0,<Residue LEU het=  resseq=256 icode= >,4wcg_B_B,1.5
302,0.0,LEU, ,CB,16.96,7.43,0.0,3.69,1.0,<Residue LEU het=  resseq=256 icode= >,4wcg_B_B,1.5
303,0.0,LEU, ,CG,16.24,7.96,0.0,3.19,1.0,<Residue LEU het=  resseq=256 icode= >,4wcg_B_B,1.5
304,0.0,LEU, ,CD1,17.31,6.96,0.0,3.53,1.0,<Residue LEU het=  resseq=256 icode= >,4wcg_B_B,1.5
305,0.0,LEU, ,CD2,18.82,8.99,0.0,3.06,1.0,<Residue LEU het=  resseq=256 icode= >,4wcg_B_B,1.5
306,0.0,TYR, ,N,16.28,6.04,0.0,4.23,1.0,<Residue TYR het=  resseq=257 icode= >,4wcg_B_B,1.5
307,0.0,TYR, ,CA,14.57,5.69,0.0,4.00,1.0,<Residue TYR het=  resseq=257 icode= >,4wcg_B_B,1.5
308,0.084,TYR, ,C,18.28,6.67,0.0,4.46,1.0,<Residue TYR het=  resseq=257 icode= >,4wcg_B_B,1.5
309,1.891,TYR, ,O,19.06,7.22,0.087,5.45,1.0,<Residue TYR het=  resseq=257 icode= >,4wcg_B_B,1.5
310,3.954,TYR, ,CB,16.51,4.22,0.121,3.89,1.0,<Residue TYR het=  resseq=257 icode= >,4wcg_B_B,1.5
311,0.584,TYR, ,CG,16.46,3.47,0.584,3.96,1.0,<Residue TYR het=  resseq=257 icode= >,4wcg_B_B,1.5
312,4.776,TYR, ,CD1,17.63,3.45,4.776,4.25,1.0,<Residue TYR het=  resseq=257 icode= >,4wcg_B_B,1.5
313,20.483,TYR, ,CD2,18.74,3.55,17.995,4.09,1.0,<Residue TYR het=  resseq=257 icode= >,4wcg_B_B,1.5
314,8.518,TYR, ,CE1,16.57,3.41,8.518,3.13,1.0,<Residue TYR het=  resseq=257 icode= >,4wcg_B_B,1.5
315,21.59,TYR, ,CE2,21.1,3.67,21.536,3.75,1.0,<Residue TYR het=  resseq=257 icode= >,4wcg_B_B,1.5
316,5.091,TYR, ,CZ,18.94,3.42,5.091,3.73,1.0,<Residue TYR het=  resseq=257 icode= >,4wcg_B_B,1.5
317,24.742,TYR, ,OH,20.84,2.60,21.02,4.77,1.0,<Residue TYR het=  resseq=257 icode= >,4wcg_B_B,1.5
318,0.0,ARG,x,N,16.63,6.93,0.0,5.66,0.47,<Residue ARG het=  resseq=258 icode= >,4wcg_B_B,1.5
319,0.0,ARG,x,CA,18.15,8.04,0.0,4.11,0.47,<Residue ARG het=  resseq=258 icode= >,4wcg_B_B,1.5
320,1.492,ARG,x,C,19.63,9.37,0.0,3.91,0.47,<Residue ARG het=  resseq=258 icode= >,4wcg_B_B,1.5
321,5.574,ARG,x,O,26.78,9.38,0.0,5.20,0.47,<Residue ARG het=  resseq=258 icode= >,4wcg_B_B,1.5
322,9.128,ARG,x,CB,24.79,7.95,0.0,2.94,0.47,<Residue ARG het=  resseq=258 icode= >,4wcg_B_B,1.5
323,14.914,ARG,x,CG,37.39,6.72,0.0,0.70,0.47,<Residue ARG het=  resseq=258 icode= >,4wcg_B_B,1.5
324,0.953,ARG,x,CD,44.53,5.86,0.0,-0.19,0.47,<Residue ARG het=  resseq=258 icode= >,4wcg_B_B,1.5
325,11.254,ARG,x,NE,49.44,4.56,1.552,0.24,0.47,<Residue ARG het=  resseq=258 icode= >,4wcg_B_B,1.5
326,4.482,ARG,x,CZ,46.47,3.86,2.675,0.55,0.47,<Residue ARG het=  resseq=258 icode= >,4wcg_B_B,1.5
327,24.154,ARG,x,NH1,50.62,3.50,16.823,0.42,0.47,<Residue ARG het=  resseq=258 icode= >,4wcg_B_B,1.5
328,46.608,ARG,x,NH2,24.85,3.07,46.608,2.01,0.47,<Residue ARG het=  resseq=258 icode= >,4wcg_B_B,1.5
329,0.0,MET, ,N,18.63,9.58,0.0,4.56,1.0,<Residue MET het=  resseq=259 icode= >,4wcg_B_B,1.5
330,1.667,MET, ,CA,19.76,10.92,0.0,4.24,1.0,<Residue MET het=  resseq=259 icode= >,4wcg_B_B,1.5
331,0.0,MET, ,C,20.27,11.07,0.0,4.85,1.0,<Residue MET het=  resseq=259 icode= >,4wcg_B_B,1.5
332,0.0,MET, ,O,23.22,12.16,0.0,4.60,1.0,<Residue MET het=  resseq=259 icode= >,4wcg_B_B,1.5
333,0.0,MET, ,CB,18.17,11.29,0.0,3.59,1.0,<Residue MET het=  resseq=259 icode= >,4wcg_B_B,1.5
334,1.942,MET, ,CG,18.31,11.85,0.0,3.42,1.0,<Residue MET het=  resseq=259 icode= >,4wcg_B_B,1.5
335,0.0,MET, ,SD,19.98,12.93,0.0,9.51,1.0,<Residue MET het=  resseq=259 icode= >,4wcg_B_B,1.5
336,0.0,MET, ,CE,22.78,11.88,0.0,3.00,1.0,<Residue MET het=  resseq=259 icode= >,4wcg_B_B,1.5
337,0.0,SER, ,N,16.9,9.98,0.0,5.36,1.0,<Residue SER het=  resseq=260 icode= >,4wcg_B_B,1.5
338,0.0,SER, ,CA,19.11,10.23,0.0,4.31,1.0,<Residue SER het=  resseq=260 icode= >,4wcg_B_B,1.5
339,0.495,SER, ,C,22.58,10.70,0.495,3.79,1.0,<Residue SER het=  resseq=260 icode= >,4wcg_B_B,1.5
340,15.623,SER, ,O,22.05,11.27,14.12,4.94,1.0,<Residue SER het=  resseq=260 icode= >,4wcg_B_B,1.5
341,10.125,SER, ,CB,18.67,9.15,10.125,4.09,1.0,<Residue SER het=  resseq=260 icode= >,4wcg_B_B,1.5
342,12.973,SER, ,OG,21.19,8.09,12.674,4.50,1.0,<Residue SER het=  resseq=260 icode= >,4wcg_B_B,1.5
343,0.0,GLU, ,N,19.61,9.70,0.0,4.55,1.0,<Residue GLU het=  resseq=261 icode= >,4wcg_B_B,1.5
344,9.704,GLU, ,CA,21.27,9.05,9.704,2.99,1.0,<Residue GLU het=  resseq=261 icode= >,4wcg_B_B,1.5
345,0.696,GLU, ,C,23.23,10.16,0.696,3.46,1.0,<Residue GLU het=  resseq=261 icode= >,4wcg_B_B,1.5
346,31.521,GLU, ,O,25.58,9.97,31.521,3.84,1.0,<Residue GLU het=  resseq=261 icode= >,4wcg_B_B,1.5
347,13.627,GLU, ,CB,22.46,7.95,13.222,3.01,1.0,<Residue GLU het=  resseq=261 icode= >,4wcg_B_B,1.5
348,17.358,GLU, ,CG,22.97,6.79,14.464,2.73,1.0,<Residue GLU het=  resseq=261 icode= >,4wcg_B_B,1.5
349,7.909,GLU, ,CD,28.66,5.79,7.798,3.06,1.0,<Residue GLU het=  resseq=261 icode= >,4wcg_B_B,1.5
350,33.314,GLU, ,OE1,30.26,6.13,17.482,3.82,1.0,<Residue GLU het=  resseq=261 icode= >,4wcg_B_B,1.5
351,24.571,GLU, ,OE2,29.58,4.94,12.866,2.97,1.0,<Residue GLU het=  resseq=261 icode= >,4wcg_B_B,1.5
352,0.0,ASP, ,N,27.0,11.02,0.0,3.67,1.0,<Residue ASP het=  resseq=262 icode= >,4wcg_B_B,1.5
353,8.172,ASP, ,CA,30.95,11.60,8.172,2.41,1.0,<Residue ASP het=  resseq=262 icode= >,4wcg_B_B,1.5
354,4.114,ASP, ,C,27.98,13.07,4.114,3.78,1.0,<Residue ASP het=  resseq=262 icode= >,4wcg_B_B,1.5
355,25.76,ASP, ,O,31.11,13.84,12.349,3.38,1.0,<Residue ASP het=  resseq=262 icode= >,4wcg_B_B,1.5
356,33.431,ASP, ,CB,32.29,11.52,31.482,2.06,1.0,<Residue ASP het=  resseq=262 icode= >,4wcg_B_B,1.5
357,4.233,ASP, ,CG,44.76,11.90,1.419,2.63,1.0,<Residue ASP het=  resseq=262 icode= >,4wcg_B_B,1.5
358,0.0,ASP, ,OD1,51.89,12.86,0.0,1.05,1.0,<Residue ASP het=  resseq=262 icode= >,4wcg_B_B,1.5
359,32.59,ASP, ,OD2,62.21,11.15,13.253,1.57,1.0,<Residue ASP het=  resseq=262 icode= >,4wcg_B_B,1.5
360,0.734,GLY, ,N,24.87,13.45,0.704,3.96,1.0,<Residue GLY het=  resseq=263 icode= >,4wcg_B_B,1.5
361,27.115,GLY, ,CA,25.11,14.67,12.708,3.16,1.0,<Residue GLY het=  resseq=263 icode= >,4wcg_B_B,1.5
362,2.587,GLY, ,C,23.2,15.33,0.0,3.90,1.0,<Residue GLY het=  resseq=263 icode= >,4wcg_B_B,1.5
363,9.662,GLY, ,O,27.2,16.22,0.0,3.83,1.0,<Residue GLY het=  resseq=263 icode= >,4wcg_B_B,1.5
364,0.0,ARG,x,N,21.47,14.78,0.0,3.85,0.45,<Residue ARG het=  resseq=264 icode= >,4wcg_B_B,1.5
365,6.762,ARG,x,CA,20.94,15.28,0.0,3.53,0.45,<Residue ARG het=  resseq=264 icode= >,4wcg_B_B,1.5
366,0.0,ARG,x,C,22.02,14.84,0.0,3.44,0.45,<Residue ARG het=  resseq=264 icode= >,4wcg_B_B,1.5
367,2.225,ARG,x,O,23.81,15.36,0.0,4.26,0.45,<Residue ARG het=  resseq=264 icode= >,4wcg_B_B,1.5
368,1.738,ARG,x,CB,21.95,15.02,0.0,2.73,0.45,<Residue ARG het=  resseq=264 icode= >,4wcg_B_B,1.5
369,17.577,ARG,x,CG,23.59,15.75,0.0,2.29,0.45,<Residue ARG het=  resseq=264 icode= >,4wcg_B_B,1.5
370,8.784,ARG,x,CD,28.0,15.40,0.0,2.54,0.45,<Residue ARG het=  resseq=264 icode= >,4wcg_B_B,1.5
371,8.305,ARG,x,NE,28.11,16.09,0.0,1.22,0.45,<Residue ARG het=  resseq=264 icode= >,4wcg_B_B,1.5
372,4.345,ARG,x,CZ,24.3,16.10,0.0,1.17,0.45,<Residue ARG het=  resseq=264 icode= >,4wcg_B_B,1.5
373,19.683,ARG,x,NH1,28.94,15.40,0.0,1.65,0.45,<Residue ARG het=  resseq=264 icode= >,4wcg_B_B,1.5
374,12.473,ARG,x,NH2,22.47,16.89,0.0,1.77,0.45,<Residue ARG het=  resseq=264 icode= >,4wcg_B_B,1.5
375,0.0,VAL, ,N,20.65,13.67,0.0,3.77,1.0,<Residue VAL het=  resseq=265 icode= >,4wcg_B_B,1.5
376,0.0,VAL, ,CA,19.69,12.85,0.0,3.89,1.0,<Residue VAL het=  resseq=265 icode= >,4wcg_B_B,1.5
377,0.076,VAL, ,C,18.65,12.32,0.0,4.41,1.0,<Residue VAL het=  resseq=265 icode= >,4wcg_B_B,1.5
378,2.495,VAL, ,O,20.5,12.50,0.543,4.93,1.0,<Residue VAL het=  resseq=265 icode= >,4wcg_B_B,1.5
379,0.0,VAL, ,CB,16.87,11.78,0.0,3.69,1.0,<Residue VAL het=  resseq=265 icode= >,4wcg_B_B,1.5
380,0.0,VAL, ,CG1,20.9,12.54,0.0,2.46,1.0,<Residue VAL het=  resseq=265 icode= >,4wcg_B_B,1.5
381,0.0,VAL, ,CG2,17.99,10.81,0.0,2.77,1.0,<Residue VAL het=  resseq=265 icode= >,4wcg_B_B,1.5
382,0.0,ARG, ,N,18.76,11.89,0.0,3.96,1.0,<Residue ARG het=  resseq=266 icode= >,4wcg_B_B,1.5
383,1.728,ARG, ,CA,19.64,11.61,1.578,3.45,1.0,<Residue ARG het=  resseq=266 icode= >,4wcg_B_B,1.5
384,0.0,ARG, ,C,23.51,10.49,0.0,3.31,1.0,<Residue ARG het=  resseq=266 icode= >,4wcg_B_B,1.5
385,0.0,ARG, ,O,21.78,10.45,0.0,4.23,1.0,<Residue ARG het=  resseq=266 icode= >,4wcg_B_B,1.5
386,1.9,ARG, ,CB,22.74,12.91,0.0,3.03,1.0,<Residue ARG het=  resseq=266 icode= >,4wcg_B_B,1.5
387,18.918,ARG, ,CG,32.0,13.07,18.362,1.22,1.0,<Residue ARG het=  resseq=266 icode= >,4wcg_B_B,1.5
388,28.551,ARG, ,CD,49.49,14.45,12.554,0.95,1.0,<Residue ARG het=  resseq=266 icode= >,4wcg_B_B,1.5
389,9.759,ARG, ,NE,65.28,15.51,6.03,0.91,1.0,<Residue ARG het=  resseq=266 icode= >,4wcg_B_B,1.5
390,4.926,ARG, ,CZ,75.09,16.72,0.041,0.60,1.0,<Residue ARG het=  resseq=266 icode= >,4wcg_B_B,1.5
391,48.384,ARG, ,NH1,74.75,17.07,0.0,0.78,1.0,<Residue ARG het=  resseq=266 icode= >,4wcg_B_B,1.5
392,32.493,ARG, ,NH2,76.41,17.67,0.0,0.95,1.0,<Residue ARG het=  resseq=266 icode= >,4wcg_B_B,1.5
393,3.075,LYS, ,N,19.47,9.74,3.075,4.28,1.0,<Residue LYS het=  resseq=267 icode= >,4wcg_B_B,1.5
394,0.0,LYS, ,CA,20.47,8.78,0.0,3.87,1.0,<Residue LYS het=  resseq=267 icode= >,4wcg_B_B,1.5
395,0.327,LYS, ,C,24.52,9.57,0.0,3.51,1.0,<Residue LYS het=  resseq=267 icode= >,4wcg_B_B,1.5
396,10.371,LYS, ,O,26.0,10.46,8.881,3.60,1.0,<Residue LYS het=  resseq=267 icode= >,4wcg_B_B,1.5
397,8.611,LYS, ,CB,21.97,7.57,8.611,2.70,1.0,<Residue LYS het=  resseq=267 icode= >,4wcg_B_B,1.5
398,0.0,LYS, ,CG,22.77,6.43,0.0,2.27,1.0,<Residue LYS het=  resseq=267 icode= >,4wcg_B_B,1.5
399,0.542,LYS, ,CD,26.71,5.40,0.349,2.01,1.0,<Residue LYS het=  resseq=267 icode= >,4wcg_B_B,1.5
400,30.769,LYS, ,CE,34.5,6.18,19.847,1.81,1.0,<Residue LYS het=  resseq=267 icode= >,4wcg_B_B,1.5
401,10.428,LYS, ,NZ,32.1,6.01,0.0,2.20,1.0,<Residue LYS het=  resseq=267 icode= >,4wcg_B_B,1.5
402,0.0,HIS, ,N,23.37,9.42,0.0,3.98,1.0,<Residue HIS het=  resseq=268 icode= >,4wcg_B_B,1.5
403,1.652,HIS, ,CA,30.51,10.21,0.0,2.71,1.0,<Residue HIS het=  resseq=268 icode= >,4wcg_B_B,1.5
404,0.0,HIS, ,C,33.08,9.73,0.0,2.99,1.0,<Residue HIS het=  resseq=268 icode= >,4wcg_B_B,1.5
405,0.015,HIS, ,O,31.52,8.57,0.015,3.16,1.0,<Residue HIS het=  resseq=268 icode= >,4wcg_B_B,1.5
406,0.0,HIS, ,CB,28.67,10.14,0.0,2.07,1.0,<Residue HIS het=  resseq=268 icode= >,4wcg_B_B,1.5
407,0.0,HIS, ,CG,33.38,10.82,0.0,2.23,1.0,<Residue HIS het=  resseq=268 icode= >,4wcg_B_B,1.5
408,0.0,HIS, ,ND1,36.82,10.40,0.0,2.33,1.0,<Residue HIS het=  resseq=268 icode= >,4wcg_B_B,1.5
409,17.744,HIS, ,CD2,40.64,11.98,0.0,1.85,1.0,<Residue HIS het=  resseq=268 icode= >,4wcg_B_B,1.5
410,5.599,HIS, ,CE1,44.13,11.32,0.0,1.67,1.0,<Residue HIS het=  resseq=268 icode= >,4wcg_B_B,1.5
411,26.911,HIS, ,NE2,46.69,12.17,0.0,2.12,1.0,<Residue HIS het=  resseq=268 icode= >,4wcg_B_B,1.5
412,0.0,PRO, ,N,36.25,10.71,0.0,2.93,1.0,<Residue PRO het=  resseq=269 icode= >,4wcg_B_B,1.5
413,10.442,PRO, ,CA,39.73,10.60,9.875,1.91,1.0,<Residue PRO het=  resseq=269 icode= >,4wcg_B_B,1.5
414,0.0,PRO, ,C,42.57,9.41,0.0,2.52,1.0,<Residue PRO het=  resseq=269 icode= >,4wcg_B_B,1.5
415,24.339,PRO, ,O,51.89,8.80,0.0,1.86,1.0,<Residue PRO het=  resseq=269 icode= >,4wcg_B_B,1.5
416,28.364,PRO, ,CB,44.48,11.89,14.901,2.07,1.0,<Residue PRO het=  resseq=269 icode= >,4wcg_B_B,1.5
417,25.696,PRO, ,CG,52.61,12.69,0.0,0.67,1.0,<Residue PRO het=  resseq=269 icode= >,4wcg_B_B,1.5
418,18.64,PRO, ,CD,35.94,12.13,2.333,2.24,1.0,<Residue PRO het=  resseq=269 icode= >,4wcg_B_B,1.5
419,0.0,GLN, ,N,40.83,9.19,0.0,2.12,1.0,<Residue GLN het=  resseq=270 icode= >,4wcg_B_B,1.5
420,4.888,GLN, ,CA,44.3,8.22,0.0,2.23,1.0,<Residue GLN het=  resseq=270 icode= >,4wcg_B_B,1.5
421,0.335,GLN, ,C,43.32,7.05,0.0,2.46,1.0,<Residue GLN het=  resseq=270 icode= >,4wcg_B_B,1.5
422,27.076,GLN, ,O,57.48,6.00,0.0,1.20,1.0,<Residue GLN het=  resseq=270 icode= >,4wcg_B_B,1.5
423,5.289,GLN, ,CB,47.36,9.06,0.0,1.19,1.0,<Residue GLN het=  resseq=270 icode= >,4wcg_B_B,1.5
424,36.449,GLN, ,CG,62.11,9.92,0.0,0.43,1.0,<Residue GLN het=  resseq=270 icode= >,4wcg_B_B,1.5
425,5.409,GLN, ,CD,72.9,11.12,0.0,0.69,1.0,<Residue GLN het=  resseq=270 icode= >,4wcg_B_B,1.5
426,14.492,GLN, ,OE1,72.96,11.79,0.0,0.56,1.0,<Residue GLN het=  resseq=270 icode= >,4wcg_B_B,1.5
427,44.666,GLN, ,NE2,80.14,11.42,0.0,0.17,1.0,<Residue GLN het=  resseq=270 icode= >,4wcg_B_B,1.5
428,0.0,HIS, ,N,37.81,7.35,0.0,2.35,1.0,<Residue HIS het=  resseq=271 icode= >,4wcg_B_B,1.5
429,0.0,HIS, ,CA,36.45,6.56,0.0,2.04,1.0,<Residue HIS het=  resseq=271 icode= >,4wcg_B_B,1.5
430,0.072,HIS, ,C,30.66,6.15,0.0,2.85,1.0,<Residue HIS het=  resseq=271 icode= >,4wcg_B_B,1.5
431,0.0,HIS, ,O,28.78,6.77,0.0,2.95,1.0,<Residue HIS het=  resseq=271 icode= >,4wcg_B_B,1.5
432,3.698,HIS, ,CB,33.54,7.21,0.0,2.05,1.0,<Residue HIS het=  resseq=271 icode= >,4wcg_B_B,1.5
433,2.721,HIS, ,CG,48.77,7.50,0.0,1.55,1.0,<Residue HIS het=  resseq=271 icode= >,4wcg_B_B,1.5
434,2.846,HIS, ,ND1,60.16,8.76,0.0,1.01,1.0,<Residue HIS het=  resseq=271 icode= >,4wcg_B_B,1.5
435,30.476,HIS, ,CD2,49.62,6.73,0.0,1.24,1.0,<Residue HIS het=  resseq=271 icode= >,4wcg_B_B,1.5
436,30.679,HIS, ,CE1,54.11,8.85,0.0,1.63,1.0,<Residue HIS het=  resseq=271 icode= >,4wcg_B_B,1.5
437,30.865,HIS, ,NE2,63.6,7.71,0.0,0.91,1.0,<Residue HIS het=  resseq=271 icode= >,4wcg_B_B,1.5
438,0.076,PRO, ,N,27.14,5.26,0.0,3.57,1.0,<Residue PRO het=  resseq=272 icode= >,4wcg_B_B,1.5
439,0.489,PRO, ,CA,25.58,4.96,0.0,2.69,1.0,<Residue PRO het=  resseq=272 icode= >,4wcg_B_B,1.5
440,0.0,PRO, ,C,27.26,5.80,0.0,3.51,1.0,<Residue PRO het=  resseq=272 icode= >,4wcg_B_B,1.5
441,0.05,PRO, ,O,25.59,5.90,0.0,4.40,1.0,<Residue PRO het=  resseq=272 icode= >,4wcg_B_B,1.5
442,29.299,PRO, ,CB,30.26,3.98,22.28,2.12,1.0,<Residue PRO het=  resseq=272 icode= >,4wcg_B_B,1.5
443,33.226,PRO, ,CG,30.21,3.67,24.171,2.66,1.0,<Residue PRO het=  resseq=272 icode= >,4wcg_B_B,1.5
444,23.355,PRO, ,CD,34.08,4.13,11.286,2.51,1.0,<Residue PRO het=  resseq=272 icode= >,4wcg_B_B,1.5
445,0.0,VAL, ,N,21.92,6.76,0.0,3.64,1.0,<Residue VAL het=  resseq=273 icode= >,4wcg_B_B,1.5
446,0.0,VAL, ,CA,20.89,7.88,0.0,3.23,1.0,<Residue VAL het=  resseq=273 icode= >,4wcg_B_B,1.5
447,0.0,VAL, ,C,21.09,8.26,0.0,3.98,1.0,<Residue VAL het=  resseq=273 icode= >,4wcg_B_B,1.5
448,0.0,VAL, ,O,23.44,8.39,0.0,4.31,1.0,<Residue VAL het=  resseq=273 icode= >,4wcg_B_B,1.5
449,0.303,VAL, ,CB,22.46,9.18,0.0,3.19,1.0,<Residue VAL het=  resseq=273 icode= >,4wcg_B_B,1.5
450,10.34,VAL, ,CG1,22.97,10.40,0.0,2.91,1.0,<Residue VAL het=  resseq=273 icode= >,4wcg_B_B,1.5
451,18.249,VAL, ,CG2,25.77,8.71,0.0,2.64,1.0,<Residue VAL het=  resseq=273 icode= >,4wcg_B_B,1.5
452,0.0,TRP, ,N,17.45,8.70,0.0,4.22,1.0,<Residue TRP het=  resseq=274 icode= >,4wcg_B_B,1.5
453,0.0,TRP, ,CA,16.08,9.17,0.0,3.38,1.0,<Residue TRP het=  resseq=274 icode= >,4wcg_B_B,1.5
454,0.0,TRP, ,C,19.29,10.67,0.0,3.91,1.0,<Residue TRP het=  resseq=274 icode= >,4wcg_B_B,1.5
455,0.0,TRP, ,O,21.44,11.27,0.0,4.97,1.0,<Residue TRP het=  resseq=274 icode= >,4wcg_B_B,1.5
456,0.0,TRP, ,CB,16.9,8.62,0.0,3.22,1.0,<Residue TRP het=  resseq=274 icode= >,4wcg_B_B,1.5
457,0.0,TRP, ,CG,16.58,7.18,0.0,3.37,1.0,<Residue TRP het=  resseq=274 icode= >,4wcg_B_B,1.5
458,0.0,TRP, ,CD1,17.33,6.19,0.0,3.15,1.0,<Residue TRP het=  resseq=274 icode= >,4wcg_B_B,1.5
459,0.0,TRP, ,CD2,18.17,6.75,0.0,3.30,1.0,<Residue TRP het=  resseq=274 icode= >,4wcg_B_B,1.5
460,2.062,TRP, ,NE1,18.97,4.96,1.554,3.83,1.0,<Residue TRP het=  resseq=274 icode= >,4wcg_B_B,1.5
461,0.0,TRP, ,CE2,18.32,5.36,0.0,3.51,1.0,<Residue TRP het=  resseq=274 icode= >,4wcg_B_B,1.5
462,0.0,TRP, ,CE3,18.96,7.62,0.0,3.10,1.0,<Residue TRP het=  resseq=274 icode= >,4wcg_B_B,1.5
463,0.0,TRP, ,CZ2,23.66,4.92,0.0,2.51,1.0,<Residue TRP het=  resseq=274 icode= >,4wcg_B_B,1.5
464,0.0,TRP, ,CZ3,20.02,7.30,0.0,3.42,1.0,<Residue TRP het=  resseq=274 icode= >,4wcg_B_B,1.5
465,1.053,TRP, ,CH2,21.79,6.05,1.053,3.03,1.0,<Residue TRP het=  resseq=274 icode= >,4wcg_B_B,1.5
466,0.0,TYR, ,N,19.05,11.38,0.0,4.02,1.0,<Residue TYR het=  resseq=275 icode= >,4wcg_B_B,1.5
467,1.938,TYR, ,CA,21.97,12.85,0.0,2.35,1.0,<Residue TYR het=  resseq=275 icode= >,4wcg_B_B,1.5
468,0.0,TYR, ,C,22.54,13.47,0.0,3.64,1.0,<Residue TYR het=  resseq=275 icode= >,4wcg_B_B,1.5
469,0.0,TYR, ,O,22.79,12.96,0.0,4.46,1.0,<Residue TYR het=  resseq=275 icode= >,4wcg_B_B,1.5
470,11.3,TYR, ,CB,25.29,13.52,0.0,2.85,1.0,<Residue TYR het=  resseq=275 icode= >,4wcg_B_B,1.5
471,1.909,TYR, ,CG,25.1,13.10,0.0,3.14,1.0,<Residue TYR het=  resseq=275 icode= >,4wcg_B_B,1.5
472,4.53,TYR, ,CD1,29.34,12.13,0.0,2.30,1.0,<Residue TYR het=  resseq=275 icode= >,4wcg_B_B,1.5
473,13.21,TYR, ,CD2,30.32,13.85,0.0,1.81,1.0,<Residue TYR het=  resseq=275 icode= >,4wcg_B_B,1.5
474,5.127,TYR, ,CE1,33.3,11.95,0.0,1.75,1.0,<Residue TYR het=  resseq=275 icode= >,4wcg_B_B,1.5
475,15.013,TYR, ,CE2,34.58,13.70,0.0,2.20,1.0,<Residue TYR het=  resseq=275 icode= >,4wcg_B_B,1.5
476,4.67,TYR, ,CZ,35.17,12.78,0.0,2.28,1.0,<Residue TYR het=  resseq=275 icode= >,4wcg_B_B,1.5
477,16.804,TYR, ,OH,39.36,12.85,0.0,2.08,1.0,<Residue TYR het=  resseq=275 icode= >,4wcg_B_B,1.5
478,4.367,LEU, ,N,24.49,14.72,0.0,3.53,1.0,<Residue LEU het=  resseq=276 icode= >,4wcg_B_B,1.5
479,0.0,LEU, ,CA,28.0,15.63,0.0,2.92,1.0,<Residue LEU het=  resseq=276 icode= >,4wcg_B_B,1.5
480,0.0,LEU, ,C,35.65,16.25,0.0,3.00,1.0,<Residue LEU het=  resseq=276 icode= >,4wcg_B_B,1.5
481,14.99,LEU, ,O,53.22,16.55,0.0,1.79,1.0,<Residue LEU het=  resseq=276 icode= >,4wcg_B_B,1.5
482,14.959,LEU, ,CB,28.45,16.80,0.0,2.44,1.0,<Residue LEU het=  resseq=276 icode= >,4wcg_B_B,1.5
483,0.017,LEU, ,CG,28.69,16.57,0.0,2.79,1.0,<Residue LEU het=  resseq=276 icode= >,4wcg_B_B,1.5
484,32.967,LEU, ,CD1,32.89,17.93,0.0,1.55,1.0,<Residue LEU het=  resseq=276 icode= >,4wcg_B_B,1.5
485,5.538,LEU, ,CD2,32.67,16.06,0.0,1.72,1.0,<Residue LEU het=  resseq=276 icode= >,4wcg_B_B,1.5
486,0.0,PRO, ,N,35.14,16.63,0.0,3.55,1.0,<Residue PRO het=  resseq=277 icode= >,4wcg_B_B,1.5
487,0.003,PRO, ,CA,42.09,17.33,0.0,2.06,1.0,<Residue PRO het=  resseq=277 icode= >,4wcg_B_B,1.5
488,24.376,PRO, ,C,43.56,18.53,0.0,2.19,1.0,<Residue PRO het=  resseq=277 icode= >,4wcg_B_B,1.5
489,28.747,PRO, ,O,45.93,19.21,0.0,2.70,1.0,<Residue PRO het=  resseq=277 icode= >,4wcg_B_B,1.5
490,25.427,PRO, ,CB,41.43,17.89,0.0,1.53,1.0,<Residue PRO het=  resseq=277 icode= >,4wcg_B_B,1.5
491,10.627,PRO, ,CG,48.33,17.13,0.0,1.04,1.0,<Residue PRO het=  resseq=277 icode= >,4wcg_B_B,1.5
492,8.957,PRO, ,CD,39.55,16.72,0.0,1.91,1.0,<Residue PRO het=  resseq=277 icode= >,4wcg_B_B,1.5
