,ASA,aa,altloc,atom,bfac,d2r,dASA,dens,occ,residue,id,resolu
0,39.797,MET, ,N,51.61,8.79,0.0,0.99,1.0,<Residue MET het=  resseq=1 icode= >,4wls_A_B,2.105
1,10.354,MET, ,CA,33.27,7.76,0.0,2.59,1.0,<Residue MET het=  resseq=1 icode= >,4wls_A_B,2.105
2,0.0,MET, ,C,30.52,6.67,0.0,3.89,1.0,<Residue MET het=  resseq=1 icode= >,4wls_A_B,2.105
3,0.0,MET, ,O,42.94,7.13,0.0,2.45,1.0,<Residue MET het=  resseq=1 icode= >,4wls_A_B,2.105
4,8.561,MET, ,CB,22.15,8.53,0.0,2.82,1.0,<Residue MET het=  resseq=1 icode= >,4wls_A_B,2.105
5,0.0,MET, ,CG,29.63,7.81,0.0,2.55,1.0,<Residue MET het=  resseq=1 icode= >,4wls_A_B,2.105
6,2.182,MET, ,S,50.98,9.29,0.0,9.18,1.0,<Residue MET het=  resseq=1 icode= >,4wls_A_B,2.105
7,44.916,MET, ,CE,33.42,10.04,0.0,1.86,1.0,<Residue MET het=  resseq=1 icode= >,4wls_A_B,2.105
8,1.462,ASN, ,N,29.55,5.42,0.0,3.48,1.0,<Residue ASN het=  resseq=2 icode= >,4wls_A_B,2.105
9,0.0,ASN, ,CA,25.61,4.35,0.0,3.24,1.0,<Residue ASN het=  resseq=2 icode= >,4wls_A_B,2.105
10,0.0,ASN, ,C,28.98,3.89,0.0,4.27,1.0,<Residue ASN het=  resseq=2 icode= >,4wls_A_B,2.105
11,0.0,ASN, ,O,25.15,4.46,0.0,3.96,1.0,<Residue ASN het=  resseq=2 icode= >,4wls_A_B,2.105
12,19.205,ASN, ,CB,31.63,3.49,0.0,1.52,1.0,<Residue ASN het=  resseq=2 icode= >,4wls_A_B,2.105
13,0.406,ASN, ,CG,37.4,4.53,0.0,2.86,1.0,<Residue ASN het=  resseq=2 icode= >,4wls_A_B,2.105
14,3.946,ASN, ,OD1,46.15,5.05,0.0,2.36,1.0,<Residue ASN het=  resseq=2 icode= >,4wls_A_B,2.105
15,46.448,ASN, ,ND2,49.78,4.84,0.0,1.32,1.0,<Residue ASN het=  resseq=2 icode= >,4wls_A_B,2.105
16,0.477,ILE, ,N,30.36,3.41,0.0,3.36,1.0,<Residue ILE het=  resseq=3 icode= >,4wls_A_B,2.105
17,0.0,ILE, ,CA,31.97,3.99,0.0,2.59,1.0,<Residue ILE het=  resseq=3 icode= >,4wls_A_B,2.105
18,0.0,ILE, ,C,33.41,3.86,0.0,4.18,1.0,<Residue ILE het=  resseq=3 icode= >,4wls_A_B,2.105
19,0.0,ILE, ,O,25.72,5.01,0.0,3.69,1.0,<Residue ILE het=  resseq=3 icode= >,4wls_A_B,2.105
20,0.171,ILE, ,CB,29.44,4.32,0.0,3.40,1.0,<Residue ILE het=  resseq=3 icode= >,4wls_A_B,2.105
21,0.0,ILE, ,CG1,23.63,5.05,0.0,3.12,1.0,<Residue ILE het=  resseq=3 icode= >,4wls_A_B,2.105
22,24.565,ILE, ,CG2,29.36,3.44,0.0,1.62,1.0,<Residue ILE het=  resseq=3 icode= >,4wls_A_B,2.105
23,0.061,ILE, ,CD1,31.12,4.37,0.0,2.13,1.0,<Residue ILE het=  resseq=3 icode= >,4wls_A_B,2.105
24,0.171,SER, ,N,31.62,2.88,0.0,3.62,1.0,<Residue SER het=  resseq=4 icode= >,4wls_A_B,2.105
25,0.883,SER,x,CA,30.97,3.63,0.0,3.54,0.5,<Residue SER het=  resseq=4 icode= >,4wls_A_B,2.105
26,0.0,SER, ,C,25.17,4.72,0.0,4.23,1.0,<Residue SER het=  resseq=4 icode= >,4wls_A_B,2.105
27,1.012,SER, ,O,35.77,5.85,0.0,3.00,1.0,<Residue SER het=  resseq=4 icode= >,4wls_A_B,2.105
28,41.9,SER,x,CB,37.51,3.21,0.0,2.05,0.5,<Residue SER het=  resseq=4 icode= >,4wls_A_B,2.105
29,12.341,SER,x,OG,38.73,4.02,0.0,0.68,0.5,<Residue SER het=  resseq=4 icode= >,4wls_A_B,2.105
30,0.219,ASP, ,N,28.92,4.69,0.0,3.82,1.0,<Residue ASP het=  resseq=5 icode= >,4wls_A_B,2.105
31,0.446,ASP, ,CA,26.88,6.05,0.0,3.56,1.0,<Residue ASP het=  resseq=5 icode= >,4wls_A_B,2.105
32,0.0,ASP, ,C,34.32,6.98,0.0,3.54,1.0,<Residue ASP het=  resseq=5 icode= >,4wls_A_B,2.105
33,0.088,ASP, ,O,29.94,8.13,0.0,3.10,1.0,<Residue ASP het=  resseq=5 icode= >,4wls_A_B,2.105
34,2.318,ASP, ,CB,29.42,6.33,0.0,2.88,1.0,<Residue ASP het=  resseq=5 icode= >,4wls_A_B,2.105
35,12.502,ASP, ,CG,39.4,6.31,0.0,3.39,1.0,<Residue ASP het=  resseq=5 icode= >,4wls_A_B,2.105
36,16.101,ASP, ,OD1,42.97,6.34,0.0,2.70,1.0,<Residue ASP het=  resseq=5 icode= >,4wls_A_B,2.105
37,32.485,ASP, ,OD2,43.36,6.66,0.0,2.36,1.0,<Residue ASP het=  resseq=5 icode= >,4wls_A_B,2.105
38,0.0,VAL, ,N,30.12,6.68,0.0,3.12,1.0,<Residue VAL het=  resseq=6 icode= >,4wls_A_B,2.105
39,0.0,VAL, ,CA,31.77,7.77,0.0,3.26,1.0,<Residue VAL het=  resseq=6 icode= >,4wls_A_B,2.105
40,0.0,VAL, ,C,33.41,8.29,0.0,4.03,1.0,<Residue VAL het=  resseq=6 icode= >,4wls_A_B,2.105
41,0.0,VAL, ,O,31.22,9.51,0.0,3.24,1.0,<Residue VAL het=  resseq=6 icode= >,4wls_A_B,2.105
42,0.0,VAL, ,CB,28.45,7.62,0.0,3.34,1.0,<Residue VAL het=  resseq=6 icode= >,4wls_A_B,2.105
43,0.0,VAL, ,CG1,25.66,8.89,0.0,2.27,1.0,<Residue VAL het=  resseq=6 icode= >,4wls_A_B,2.105
44,0.0,VAL, ,CG2,26.41,7.74,0.0,2.23,1.0,<Residue VAL het=  resseq=6 icode= >,4wls_A_B,2.105
45,0.0,ALA, ,N,28.38,7.55,0.0,3.34,1.0,<Residue ALA het=  resseq=7 icode= >,4wls_A_B,2.105
46,0.0,ALA, ,CA,24.26,8.35,0.0,3.71,1.0,<Residue ALA het=  resseq=7 icode= >,4wls_A_B,2.105
47,0.973,ALA, ,C,34.45,9.26,0.0,3.82,1.0,<Residue ALA het=  resseq=7 icode= >,4wls_A_B,2.105
48,1.341,ALA, ,O,27.32,10.18,0.0,3.92,1.0,<Residue ALA het=  resseq=7 icode= >,4wls_A_B,2.105
49,9.5,ALA, ,CB,22.45,7.67,0.0,2.47,1.0,<Residue ALA het=  resseq=7 icode= >,4wls_A_B,2.105
50,0.164,LYS, ,N,29.16,8.82,0.0,3.34,1.0,<Residue LYS het=  resseq=8 icode= >,4wls_A_B,2.105
51,8.897,LYS, ,CA,34.83,9.89,0.0,2.87,1.0,<Residue LYS het=  resseq=8 icode= >,4wls_A_B,2.105
52,1.71,LYS, ,C,27.16,10.97,0.0,4.38,1.0,<Residue LYS het=  resseq=8 icode= >,4wls_A_B,2.105
53,20.27,LYS, ,O,33.62,12.10,0.0,3.29,1.0,<Residue LYS het=  resseq=8 icode= >,4wls_A_B,2.105
54,11.364,LYS, ,CB,21.89,9.49,0.0,3.49,1.0,<Residue LYS het=  resseq=8 icode= >,4wls_A_B,2.105
55,19.752,LYS, ,CG,29.71,8.49,0.0,2.15,1.0,<Residue LYS het=  resseq=8 icode= >,4wls_A_B,2.105
56,31.985,LYS, ,CD,34.98,7.60,0.0,1.59,1.0,<Residue LYS het=  resseq=8 icode= >,4wls_A_B,2.105
57,15.951,LYS, ,CE,52.14,6.21,0.0,1.24,1.0,<Residue LYS het=  resseq=8 icode= >,4wls_A_B,2.105
58,40.596,LYS, ,NZ,33.15,5.47,0.0,2.34,1.0,<Residue LYS het=  resseq=8 icode= >,4wls_A_B,2.105
59,0.0,ILE, ,N,24.53,10.71,0.0,4.21,1.0,<Residue ILE het=  resseq=9 icode= >,4wls_A_B,2.105
60,7.631,ILE, ,CA,27.9,11.86,0.0,3.32,1.0,<Residue ILE het=  resseq=9 icode= >,4wls_A_B,2.105
61,0.016,ILE, ,C,34.92,12.69,0.0,3.81,1.0,<Residue ILE het=  resseq=9 icode= >,4wls_A_B,2.105
62,18.557,ILE, ,O,33.25,13.89,0.0,3.08,1.0,<Residue ILE het=  resseq=9 icode= >,4wls_A_B,2.105
63,0.0,ILE, ,CB,26.65,11.57,0.0,3.60,1.0,<Residue ILE het=  resseq=9 icode= >,4wls_A_B,2.105
64,20.864,ILE, ,CG1,28.96,11.26,0.0,2.75,1.0,<Residue ILE het=  resseq=9 icode= >,4wls_A_B,2.105
65,25.42,ILE, ,CG2,31.18,12.88,0.0,2.15,1.0,<Residue ILE het=  resseq=9 icode= >,4wls_A_B,2.105
66,20.31,ILE, ,CD1,24.68,10.96,0.0,2.64,1.0,<Residue ILE het=  resseq=9 icode= >,4wls_A_B,2.105
67,0.0,THR, ,N,28.55,12.15,0.0,3.18,1.0,<Residue THR het=  resseq=10 icode= >,4wls_A_B,2.105
68,0.0,THR, ,CA,16.39,12.24,0.0,4.01,1.0,<Residue THR het=  resseq=10 icode= >,4wls_A_B,2.105
69,0.402,THR, ,C,22.0,11.22,0.0,5.26,1.0,<Residue THR het=  resseq=10 icode= >,4wls_A_B,2.105
70,0.0,THR, ,O,32.62,10.73,0.0,3.90,1.0,<Residue THR het=  resseq=10 icode= >,4wls_A_B,2.105
71,0.0,THR, ,CB,22.61,11.60,0.0,3.61,1.0,<Residue THR het=  resseq=10 icode= >,4wls_A_B,2.105
72,0.0,THR, ,OG1,22.54,10.40,0.0,3.44,1.0,<Residue THR het=  resseq=10 icode= >,4wls_A_B,2.105
73,0.0,THR, ,CG2,22.94,12.18,0.0,2.15,1.0,<Residue THR het=  resseq=10 icode= >,4wls_A_B,2.105
74,0.33,GLY, ,N,23.28,10.53,0.0,3.95,1.0,<Residue GLY het=  resseq=11 icode= >,4wls_A_B,2.105
75,25.508,GLY, ,CA,19.47,9.57,0.0,3.19,1.0,<Residue GLY het=  resseq=11 icode= >,4wls_A_B,2.105
76,2.801,GLY, ,C,34.73,8.14,0.0,3.73,1.0,<Residue GLY het=  resseq=11 icode= >,4wls_A_B,2.105
77,23.118,GLY, ,O,30.75,7.28,0.0,3.07,1.0,<Residue GLY het=  resseq=11 icode= >,4wls_A_B,2.105
78,0.0,LEU, ,N,25.73,8.06,0.0,3.73,1.0,<Residue LEU het=  resseq=12 icode= >,4wls_A_B,2.105
79,1.772,LEU, ,CA,28.29,6.78,0.0,2.98,1.0,<Residue LEU het=  resseq=12 icode= >,4wls_A_B,2.105
80,2.091,LEU, ,C,28.92,6.19,0.0,3.88,1.0,<Residue LEU het=  resseq=12 icode= >,4wls_A_B,2.105
81,7.873,LEU, ,O,35.23,7.08,0.0,2.79,1.0,<Residue LEU het=  resseq=12 icode= >,4wls_A_B,2.105
82,0.0,LEU, ,CB,19.67,7.00,0.0,3.26,1.0,<Residue LEU het=  resseq=12 icode= >,4wls_A_B,2.105
83,0.0,LEU, ,CG,18.31,7.41,0.0,3.57,1.0,<Residue LEU het=  resseq=12 icode= >,4wls_A_B,2.105
84,0.0,LEU, ,CD1,20.99,7.81,0.0,2.24,1.0,<Residue LEU het=  resseq=12 icode= >,4wls_A_B,2.105
85,11.792,LEU, ,CD2,19.38,5.95,0.0,2.43,1.0,<Residue LEU het=  resseq=12 icode= >,4wls_A_B,2.105
86,1.083,THR, ,N,29.29,4.90,0.0,3.64,1.0,<Residue THR het=  resseq=13 icode= >,4wls_A_B,2.105
87,4.95,THR, ,CA,28.02,4.72,0.0,2.85,1.0,<Residue THR het=  resseq=13 icode= >,4wls_A_B,2.105
88,0.0,THR, ,C,27.0,5.24,0.0,3.97,1.0,<Residue THR het=  resseq=13 icode= >,4wls_A_B,2.105
89,0.0,THR, ,O,35.34,5.38,0.0,3.42,1.0,<Residue THR het=  resseq=13 icode= >,4wls_A_B,2.105
90,8.944,THR, ,CB,26.92,3.50,0.0,3.84,1.0,<Residue THR het=  resseq=13 icode= >,4wls_A_B,2.105
91,4.545,THR, ,OG1,29.32,2.47,0.0,3.70,1.0,<Residue THR het=  resseq=13 icode= >,4wls_A_B,2.105
92,66.08,THR, ,CG2,37.87,3.47,0.0,0.97,1.0,<Residue THR het=  resseq=13 icode= >,4wls_A_B,2.105
93,3.264,SER, ,N,30.9,5.97,0.0,3.32,1.0,<Residue SER het=  resseq=14 icode= >,4wls_A_B,2.105
94,0.0,SER, ,CA,23.41,6.81,0.0,4.00,1.0,<Residue SER het=  resseq=14 icode= >,4wls_A_B,2.105
95,0.0,SER, ,C,27.24,6.18,0.0,4.62,1.0,<Residue SER het=  resseq=14 icode= >,4wls_A_B,2.105
96,0.0,SER, ,O,34.87,6.61,0.0,3.34,1.0,<Residue SER het=  resseq=14 icode= >,4wls_A_B,2.105
97,14.162,SER, ,CB,32.56,5.72,0.0,2.77,1.0,<Residue SER het=  resseq=14 icode= >,4wls_A_B,2.105
98,11.745,SER, ,OG,51.82,4.87,0.0,1.26,1.0,<Residue SER het=  resseq=14 icode= >,4wls_A_B,2.105
99,0.0,LYS, ,N,37.29,5.19,0.0,3.07,1.0,<Residue LYS het=  resseq=15 icode= >,4wls_A_B,2.105
100,2.018,LYS, ,CA,39.45,4.60,0.0,2.51,1.0,<Residue LYS het=  resseq=15 icode= >,4wls_A_B,2.105
101,1.119,LYS, ,C,29.45,4.27,0.0,3.89,1.0,<Residue LYS het=  resseq=15 icode= >,4wls_A_B,2.105
102,3.711,LYS, ,O,35.33,4.23,0.0,3.14,1.0,<Residue LYS het=  resseq=15 icode= >,4wls_A_B,2.105
103,18.871,LYS, ,CB,43.13,3.73,0.0,1.66,1.0,<Residue LYS het=  resseq=15 icode= >,4wls_A_B,2.105
104,8.973,LYS, ,CG,49.25,4.77,0.0,1.19,1.0,<Residue LYS het=  resseq=15 icode= >,4wls_A_B,2.105
105,32.766,LYS, ,CD,54.44,3.50,0.0,1.16,1.0,<Residue LYS het=  resseq=15 icode= >,4wls_A_B,2.105
106,46.508,LYS, ,CE,67.01,3.23,0.0,0.87,1.0,<Residue LYS het=  resseq=15 icode= >,4wls_A_B,2.105
107,46.703,LYS, ,NZ,56.97,2.99,0.0,0.83,1.0,<Residue LYS het=  resseq=15 icode= >,4wls_A_B,2.105
108,0.804,ALA, ,N,34.24,3.74,0.0,2.86,1.0,<Residue ALA het=  resseq=16 icode= >,4wls_A_B,2.105
109,4.919,ALA, ,CA,34.53,4.06,0.0,3.06,1.0,<Residue ALA het=  resseq=16 icode= >,4wls_A_B,2.105
110,0.0,ALA, ,C,31.57,5.22,0.0,4.33,1.0,<Residue ALA het=  resseq=16 icode= >,4wls_A_B,2.105
111,0.0,ALA, ,O,28.41,5.25,0.0,3.99,1.0,<Residue ALA het=  resseq=16 icode= >,4wls_A_B,2.105
112,18.846,ALA, ,CB,24.29,3.69,0.0,3.17,1.0,<Residue ALA het=  resseq=16 icode= >,4wls_A_B,2.105
113,0.0,ILE, ,N,24.25,6.19,0.0,4.24,1.0,<Residue ILE het=  resseq=17 icode= >,4wls_A_B,2.105
114,0.0,ILE, ,CA,36.53,7.56,0.0,2.23,1.0,<Residue ILE het=  resseq=17 icode= >,4wls_A_B,2.105
115,0.0,ILE, ,C,31.35,8.12,0.0,4.08,1.0,<Residue ILE het=  resseq=17 icode= >,4wls_A_B,2.105
116,0.0,ILE, ,O,30.34,8.67,0.0,3.88,1.0,<Residue ILE het=  resseq=17 icode= >,4wls_A_B,2.105
117,0.0,ILE, ,CB,30.58,8.30,0.0,2.91,1.0,<Residue ILE het=  resseq=17 icode= >,4wls_A_B,2.105
118,0.0,ILE, ,CG1,27.35,8.24,0.0,2.97,1.0,<Residue ILE het=  resseq=17 icode= >,4wls_A_B,2.105
119,1.551,ILE, ,CG2,21.51,7.93,0.0,2.40,1.0,<Residue ILE het=  resseq=17 icode= >,4wls_A_B,2.105
120,0.0,ILE, ,CD1,18.92,8.72,0.0,3.00,1.0,<Residue ILE het=  resseq=17 icode= >,4wls_A_B,2.105
121,0.0,ARG, ,N,27.54,7.56,0.0,3.65,1.0,<Residue ARG het=  resseq=18 icode= >,4wls_A_B,2.105
122,0.0,ARG, ,CA,31.56,6.78,0.0,3.39,1.0,<Residue ARG het=  resseq=18 icode= >,4wls_A_B,2.105
123,0.48,ARG, ,C,32.69,7.38,0.0,4.11,1.0,<Residue ARG het=  resseq=18 icode= >,4wls_A_B,2.105
124,2.696,ARG, ,O,43.08,7.37,0.0,2.44,1.0,<Residue ARG het=  resseq=18 icode= >,4wls_A_B,2.105
125,12.004,ARG, ,CB,35.0,5.62,0.0,2.34,1.0,<Residue ARG het=  resseq=18 icode= >,4wls_A_B,2.105
126,0.0,ARG, ,CG,29.65,5.01,0.0,2.23,1.0,<Residue ARG het=  resseq=18 icode= >,4wls_A_B,2.105
127,18.118,ARG, ,CD,36.87,3.95,0.0,1.71,1.0,<Residue ARG het=  resseq=18 icode= >,4wls_A_B,2.105
128,6.725,ARG, ,NE,31.8,3.07,0.0,3.04,1.0,<Residue ARG het=  resseq=18 icode= >,4wls_A_B,2.105
129,3.196,ARG, ,CZ,32.39,3.45,0.0,4.14,1.0,<Residue ARG het=  resseq=18 icode= >,4wls_A_B,2.105
130,14.285,ARG, ,NH1,32.18,4.51,0.0,2.02,1.0,<Residue ARG het=  resseq=18 icode= >,4wls_A_B,2.105
131,32.633,ARG, ,NH2,26.75,2.95,0.0,2.32,1.0,<Residue ARG het=  resseq=18 icode= >,4wls_A_B,2.105
132,0.817,PHE, ,N,24.83,6.21,0.0,3.67,1.0,<Residue PHE het=  resseq=19 icode= >,4wls_A_B,2.105
133,3.156,PHE, ,CA,24.87,6.09,0.0,3.66,1.0,<Residue PHE het=  resseq=19 icode= >,4wls_A_B,2.105
134,0.0,PHE, ,C,35.94,6.89,0.0,4.06,1.0,<Residue PHE het=  resseq=19 icode= >,4wls_A_B,2.105
135,0.0,PHE, ,O,35.12,7.42,0.0,2.80,1.0,<Residue PHE het=  resseq=19 icode= >,4wls_A_B,2.105
136,10.702,PHE, ,CB,31.53,4.81,0.0,2.43,1.0,<Residue PHE het=  resseq=19 icode= >,4wls_A_B,2.105
137,2.004,PHE, ,CG,37.92,4.10,0.0,3.01,1.0,<Residue PHE het=  resseq=19 icode= >,4wls_A_B,2.105
138,20.084,PHE, ,CD1,35.34,3.66,0.0,2.36,1.0,<Residue PHE het=  resseq=19 icode= >,4wls_A_B,2.105
139,5.792,PHE, ,CD2,37.85,4.11,0.0,2.47,1.0,<Residue PHE het=  resseq=19 icode= >,4wls_A_B,2.105
140,25.024,PHE, ,CE1,43.57,3.43,0.0,1.99,1.0,<Residue PHE het=  resseq=19 icode= >,4wls_A_B,2.105
141,7.128,PHE, ,CE2,42.55,3.96,0.0,1.95,1.0,<Residue PHE het=  resseq=19 icode= >,4wls_A_B,2.105
142,17.897,PHE, ,CZ,36.26,3.77,0.0,2.04,1.0,<Residue PHE het=  resseq=19 icode= >,4wls_A_B,2.105
143,0.0,TYR, ,N,27.38,6.60,0.0,3.79,1.0,<Residue TYR het=  resseq=20 icode= >,4wls_A_B,2.105
144,0.0,TYR, ,CA,28.1,7.01,0.0,2.66,1.0,<Residue TYR het=  resseq=20 icode= >,4wls_A_B,2.105
145,0.0,TYR, ,C,28.24,8.52,0.0,3.73,1.0,<Residue TYR het=  resseq=20 icode= >,4wls_A_B,2.105
146,0.0,TYR, ,O,36.09,9.15,0.0,2.69,1.0,<Residue TYR het=  resseq=20 icode= >,4wls_A_B,2.105
147,0.0,TYR, ,CB,21.68,6.90,0.0,2.46,1.0,<Residue TYR het=  resseq=20 icode= >,4wls_A_B,2.105
148,0.0,TYR, ,CG,20.91,5.62,0.0,4.27,1.0,<Residue TYR het=  resseq=20 icode= >,4wls_A_B,2.105
149,0.0,TYR, ,CD1,31.99,4.59,0.0,3.11,1.0,<Residue TYR het=  resseq=20 icode= >,4wls_A_B,2.105
150,0.0,TYR, ,CD2,31.33,5.75,0.0,3.13,1.0,<Residue TYR het=  resseq=20 icode= >,4wls_A_B,2.105
151,3.666,TYR, ,CE1,28.47,3.45,0.0,3.64,1.0,<Residue TYR het=  resseq=20 icode= >,4wls_A_B,2.105
152,0.0,TYR, ,CE2,27.99,4.73,0.0,2.99,1.0,<Residue TYR het=  resseq=20 icode= >,4wls_A_B,2.105
153,0.063,TYR, ,CZ,37.21,3.41,0.0,3.25,1.0,<Residue TYR het=  resseq=20 icode= >,4wls_A_B,2.105
154,13.695,TYR, ,OH,33.16,2.49,0.0,3.53,1.0,<Residue TYR het=  resseq=20 icode= >,4wls_A_B,2.105
155,0.0,GLU, ,N,34.2,9.26,0.0,2.33,1.0,<Residue GLU het=  resseq=21 icode= >,4wls_A_B,2.105
156,0.0,GLU, ,CA,31.59,9.70,0.0,2.80,1.0,<Residue GLU het=  resseq=21 icode= >,4wls_A_B,2.105
157,0.063,GLU, ,C,43.39,9.67,0.0,3.13,1.0,<Residue GLU het=  resseq=21 icode= >,4wls_A_B,2.105
158,8.103,GLU, ,O,31.09,10.42,0.0,3.29,1.0,<Residue GLU het=  resseq=21 icode= >,4wls_A_B,2.105
159,0.808,GLU, ,CB,26.95,8.53,0.0,2.78,1.0,<Residue GLU het=  resseq=21 icode= >,4wls_A_B,2.105
160,6.667,GLU, ,CG,26.62,8.29,0.0,2.30,1.0,<Residue GLU het=  resseq=21 icode= >,4wls_A_B,2.105
161,2.549,GLU, ,CD,35.19,7.12,0.0,3.62,1.0,<Residue GLU het=  resseq=21 icode= >,4wls_A_B,2.105
162,0.09,GLU, ,OE1,41.58,6.71,0.0,2.32,1.0,<Residue GLU het=  resseq=21 icode= >,4wls_A_B,2.105
163,14.563,GLU, ,OE2,38.09,6.69,0.0,2.73,1.0,<Residue GLU het=  resseq=21 icode= >,4wls_A_B,2.105
164,0.315,GLU, ,N,37.54,8.99,0.0,2.28,1.0,<Residue GLU het=  resseq=22 icode= >,4wls_A_B,2.105
165,5.054,GLU, ,CA,41.76,9.23,0.0,2.13,1.0,<Residue GLU het=  resseq=22 icode= >,4wls_A_B,2.105
166,0.0,GLU, ,C,51.77,9.97,0.0,2.09,1.0,<Residue GLU het=  resseq=22 icode= >,4wls_A_B,2.105
167,22.107,GLU, ,O,50.56,10.71,0.0,1.93,1.0,<Residue GLU het=  resseq=22 icode= >,4wls_A_B,2.105
168,8.381,GLU, ,CB,38.35,8.67,0.0,2.16,1.0,<Residue GLU het=  resseq=22 icode= >,4wls_A_B,2.105
169,20.525,GLU, ,CG,62.24,8.52,0.0,1.09,1.0,<Residue GLU het=  resseq=22 icode= >,4wls_A_B,2.105
170,13.61,GLU, ,CD,89.98,7.30,0.0,0.89,1.0,<Residue GLU het=  resseq=22 icode= >,4wls_A_B,2.105
171,41.721,GLU, ,OE1,106.71,6.32,0.0,-0.01,1.0,<Residue GLU het=  resseq=22 icode= >,4wls_A_B,2.105
172,30.608,GLU, ,OE2,100.41,7.52,0.0,0.60,1.0,<Residue GLU het=  resseq=22 icode= >,4wls_A_B,2.105
173,0.0,LYS, ,N,40.62,9.43,0.0,2.53,1.0,<Residue LYS het=  resseq=23 icode= >,4wls_A_B,2.105
174,3.173,LYS, ,CA,38.24,8.75,0.0,2.56,1.0,<Residue LYS het=  resseq=23 icode= >,4wls_A_B,2.105
175,2.552,LYS, ,C,45.33,9.41,0.0,3.06,1.0,<Residue LYS het=  resseq=23 icode= >,4wls_A_B,2.105
176,22.209,LYS, ,O,51.52,9.11,0.0,1.63,1.0,<Residue LYS het=  resseq=23 icode= >,4wls_A_B,2.105
177,3.859,LYS, ,CB,36.24,7.33,0.0,2.20,1.0,<Residue LYS het=  resseq=23 icode= >,4wls_A_B,2.105
178,0.302,LYS, ,CG,44.82,6.79,0.0,1.56,1.0,<Residue LYS het=  resseq=23 icode= >,4wls_A_B,2.105
179,10.044,LYS, ,CD,55.66,7.12,0.0,0.66,1.0,<Residue LYS het=  resseq=23 icode= >,4wls_A_B,2.105
180,30.965,LYS, ,CE,91.49,5.73,0.0,-0.23,1.0,<Residue LYS het=  resseq=23 icode= >,4wls_A_B,2.105
181,48.452,LYS, ,NZ,70.43,5.21,0.0,0.26,1.0,<Residue LYS het=  resseq=23 icode= >,4wls_A_B,2.105
182,0.0,GLY, ,N,37.93,10.51,0.0,2.67,1.0,<Residue GLY het=  resseq=24 icode= >,4wls_A_B,2.105
183,28.026,GLY, ,CA,31.33,11.36,0.0,2.37,1.0,<Residue GLY het=  resseq=24 icode= >,4wls_A_B,2.105
184,0.052,GLY, ,C,46.22,10.90,0.0,3.15,1.0,<Residue GLY het=  resseq=24 icode= >,4wls_A_B,2.105
185,30.415,GLY, ,O,43.81,11.39,0.0,2.11,1.0,<Residue GLY het=  resseq=24 icode= >,4wls_A_B,2.105
186,0.0,LEU, ,N,39.33,10.16,0.0,2.72,1.0,<Residue LEU het=  resseq=25 icode= >,4wls_A_B,2.105
187,1.811,LEU, ,CA,36.6,9.96,0.0,2.80,1.0,<Residue LEU het=  resseq=25 icode= >,4wls_A_B,2.105
188,1.581,LEU, ,C,34.25,10.61,0.0,3.87,1.0,<Residue LEU het=  resseq=25 icode= >,4wls_A_B,2.105
189,3.071,LEU, ,O,39.64,10.85,0.0,3.00,1.0,<Residue LEU het=  resseq=25 icode= >,4wls_A_B,2.105
190,0.0,LEU, ,CB,35.44,8.52,0.0,2.31,1.0,<Residue LEU het=  resseq=25 icode= >,4wls_A_B,2.105
191,0.0,LEU, ,CG,45.91,7.48,0.0,1.99,1.0,<Residue LEU het=  resseq=25 icode= >,4wls_A_B,2.105
192,1.614,LEU, ,CD1,49.72,6.40,0.0,0.51,1.0,<Residue LEU het=  resseq=25 icode= >,4wls_A_B,2.105
193,25.679,LEU, ,CD2,35.08,7.40,0.0,1.45,1.0,<Residue LEU het=  resseq=25 icode= >,4wls_A_B,2.105
194,0.0,VAL, ,N,33.48,11.08,0.0,2.81,1.0,<Residue VAL het=  resseq=26 icode= >,4wls_A_B,2.105
195,1.254,VAL, ,CA,41.18,11.92,0.0,2.51,1.0,<Residue VAL het=  resseq=26 icode= >,4wls_A_B,2.105
196,3.516,VAL, ,C,34.86,13.27,0.0,4.07,1.0,<Residue VAL het=  resseq=26 icode= >,4wls_A_B,2.105
197,3.397,VAL, ,O,32.58,13.47,0.0,3.52,1.0,<Residue VAL het=  resseq=26 icode= >,4wls_A_B,2.105
198,0.467,VAL, ,CB,40.77,11.43,0.0,2.38,1.0,<Residue VAL het=  resseq=26 icode= >,4wls_A_B,2.105
199,0.0,VAL, ,CG1,53.96,10.27,0.0,0.69,1.0,<Residue VAL het=  resseq=26 icode= >,4wls_A_B,2.105
200,4.063,VAL, ,CG2,31.23,11.11,0.0,1.92,1.0,<Residue VAL het=  resseq=26 icode= >,4wls_A_B,2.105
201,1.869,THR, ,N,40.12,14.13,0.0,2.43,1.0,<Residue THR het=  resseq=27 icode= >,4wls_A_B,2.105
202,4.163,THR, ,CA,30.01,13.84,0.0,3.02,1.0,<Residue THR het=  resseq=27 icode= >,4wls_A_B,2.105
203,0.0,THR, ,C,33.07,12.34,0.0,3.64,1.0,<Residue THR het=  resseq=27 icode= >,4wls_A_B,2.105
204,0.227,THR, ,O,39.08,11.62,0.0,2.23,1.0,<Residue THR het=  resseq=27 icode= >,4wls_A_B,2.105
205,1.217,THR, ,CB,33.07,14.54,0.0,2.95,1.0,<Residue THR het=  resseq=27 icode= >,4wls_A_B,2.105
206,15.995,THR, ,OG1,41.01,15.92,0.0,2.30,1.0,<Residue THR het=  resseq=27 icode= >,4wls_A_B,2.105
207,43.764,THR, ,CG2,34.77,14.53,0.0,2.02,1.0,<Residue THR het=  resseq=27 icode= >,4wls_A_B,2.105
208,0.0,PRO, ,N,27.45,11.99,0.0,3.74,1.0,<Residue PRO het=  resseq=28 icode= >,4wls_A_B,2.105
209,0.0,PRO, ,CA,37.59,10.61,0.0,2.81,1.0,<Residue PRO het=  resseq=28 icode= >,4wls_A_B,2.105
210,0.016,PRO, ,C,37.69,10.14,0.0,3.34,1.0,<Residue PRO het=  resseq=28 icode= >,4wls_A_B,2.105
211,8.614,PRO, ,O,33.93,11.07,0.0,2.82,1.0,<Residue PRO het=  resseq=28 icode= >,4wls_A_B,2.105
212,18.497,PRO, ,CB,35.65,10.36,0.0,2.32,1.0,<Residue PRO het=  resseq=28 icode= >,4wls_A_B,2.105
213,37.629,PRO, ,CG,28.39,11.24,0.0,2.75,1.0,<Residue PRO het=  resseq=28 icode= >,4wls_A_B,2.105
214,21.236,PRO, ,CD,32.29,12.50,0.0,2.18,1.0,<Residue PRO het=  resseq=28 icode= >,4wls_A_B,2.105
215,0.0,PRO, ,N,35.17,8.85,0.0,3.06,1.0,<Residue PRO het=  resseq=29 icode= >,4wls_A_B,2.105
216,0.0,PRO, ,CA,38.19,8.50,0.0,2.26,1.0,<Residue PRO het=  resseq=29 icode= >,4wls_A_B,2.105
217,1.457,PRO, ,C,37.43,8.56,0.0,3.47,1.0,<Residue PRO het=  resseq=29 icode= >,4wls_A_B,2.105
218,9.618,PRO, ,O,48.58,8.37,0.0,1.81,1.0,<Residue PRO het=  resseq=29 icode= >,4wls_A_B,2.105
219,0.0,PRO, ,CB,29.91,7.18,0.0,2.52,1.0,<Residue PRO het=  resseq=29 icode= >,4wls_A_B,2.105
220,0.0,PRO, ,CG,33.94,6.56,0.0,2.47,1.0,<Residue PRO het=  resseq=29 icode= >,4wls_A_B,2.105
221,1.558,PRO, ,CD,25.33,7.82,0.0,3.17,1.0,<Residue PRO het=  resseq=29 icode= >,4wls_A_B,2.105
222,1.715,MET, ,N,30.21,9.06,0.0,3.39,1.0,<Residue MET het=  resseq=30 icode= >,4wls_A_B,2.105
223,8.03,MET, ,CA,33.29,9.20,0.0,3.08,1.0,<Residue MET het=  resseq=30 icode= >,4wls_A_B,2.105
224,0.0,MET, ,C,34.51,7.88,0.0,4.01,1.0,<Residue MET het=  resseq=30 icode= >,4wls_A_B,2.105
225,0.0,MET, ,O,39.88,6.84,0.0,2.37,1.0,<Residue MET het=  resseq=30 icode= >,4wls_A_B,2.105
226,6.964,MET, ,CB,35.29,10.16,0.0,2.56,1.0,<Residue MET het=  resseq=30 icode= >,4wls_A_B,2.105
227,28.399,MET, ,CG,56.71,11.62,0.0,1.47,1.0,<Residue MET het=  resseq=30 icode= >,4wls_A_B,2.105
228,28.679,MET, ,S,85.65,12.77,0.0,4.37,1.0,<Residue MET het=  resseq=30 icode= >,4wls_A_B,2.105
229,77.02,MET, ,CE,63.9,14.50,0.0,1.22,1.0,<Residue MET het=  resseq=30 icode= >,4wls_A_B,2.105
230,5.013,ARG, ,N,40.12,8.10,0.0,2.74,1.0,<Residue ARG het=  resseq=31 icode= >,4wls_A_B,2.105
231,0.0,ARG, ,CA,34.43,7.21,0.0,2.99,1.0,<Residue ARG het=  resseq=31 icode= >,4wls_A_B,2.105
232,0.799,ARG, ,C,41.38,8.11,0.0,3.18,1.0,<Residue ARG het=  resseq=31 icode= >,4wls_A_B,2.105
233,23.412,ARG, ,O,48.11,9.27,0.0,1.74,1.0,<Residue ARG het=  resseq=31 icode= >,4wls_A_B,2.105
234,14.331,ARG, ,CB,39.82,7.05,0.0,2.02,1.0,<Residue ARG het=  resseq=31 icode= >,4wls_A_B,2.105
235,21.063,ARG, ,CG,44.38,6.57,0.0,1.66,1.0,<Residue ARG het=  resseq=31 icode= >,4wls_A_B,2.105
236,0.889,ARG, ,CD,34.04,5.17,0.0,2.35,1.0,<Residue ARG het=  resseq=31 icode= >,4wls_A_B,2.105
237,4.421,ARG, ,NE,40.86,4.76,0.0,2.78,1.0,<Residue ARG het=  resseq=31 icode= >,4wls_A_B,2.105
238,4.428,ARG, ,CZ,38.79,3.43,0.0,3.07,1.0,<Residue ARG het=  resseq=31 icode= >,4wls_A_B,2.105
239,29.265,ARG, ,NH1,43.25,2.97,0.0,2.28,1.0,<Residue ARG het=  resseq=31 icode= >,4wls_A_B,2.105
240,24.951,ARG, ,NH2,52.59,3.02,0.0,1.65,1.0,<Residue ARG het=  resseq=31 icode= >,4wls_A_B,2.105
241,0.0,SER, ,N,44.1,7.81,0.0,3.17,1.0,<Residue SER het=  resseq=32 icode= >,4wls_A_B,2.105
242,8.8,SER,x,CA,45.89,8.25,0.0,2.97,0.5,<Residue SER het=  resseq=32 icode= >,4wls_A_B,2.105
243,1.779,SER, ,C,52.85,7.80,0.0,3.02,1.0,<Residue SER het=  resseq=32 icode= >,4wls_A_B,2.105
244,5.77,SER, ,O,47.57,8.31,0.0,2.46,1.0,<Residue SER het=  resseq=32 icode= >,4wls_A_B,2.105
245,15.137,SER,x,CB,40.26,7.21,0.0,2.76,0.5,<Residue SER het=  resseq=32 icode= >,4wls_A_B,2.105
246,22.585,SER,x,OG,47.09,7.98,0.0,0.64,0.5,<Residue SER het=  resseq=32 icode= >,4wls_A_B,2.105
247,7.827,GLU, ,N,59.12,7.12,0.0,2.04,1.0,<Residue GLU het=  resseq=33 icode= >,4wls_A_B,2.105
248,4.64,GLU, ,CA,55.1,7.04,0.0,2.18,1.0,<Residue GLU het=  resseq=33 icode= >,4wls_A_B,2.105
249,0.023,GLU, ,C,49.66,6.38,0.0,3.11,1.0,<Residue GLU het=  resseq=33 icode= >,4wls_A_B,2.105
250,18.032,GLU, ,O,41.15,6.73,0.0,2.48,1.0,<Residue GLU het=  resseq=33 icode= >,4wls_A_B,2.105
251,28.672,GLU, ,CB,47.92,6.73,0.0,1.55,1.0,<Residue GLU het=  resseq=33 icode= >,4wls_A_B,2.105
252,33.747,GLU, ,CG,71.0,7.29,0.0,0.89,1.0,<Residue GLU het=  resseq=33 icode= >,4wls_A_B,2.105
253,10.427,GLU, ,CD,98.34,8.78,0.0,0.44,1.0,<Residue GLU het=  resseq=33 icode= >,4wls_A_B,2.105
254,36.853,GLU, ,OE1,99.68,9.52,0.0,0.12,1.0,<Residue GLU het=  resseq=33 icode= >,4wls_A_B,2.105
255,37.012,GLU, ,OE2,98.3,8.71,0.0,0.37,1.0,<Residue GLU het=  resseq=33 icode= >,4wls_A_B,2.105
256,1.423,ASN, ,N,47.54,5.30,0.0,2.36,1.0,<Residue ASN het=  resseq=34 icode= >,4wls_A_B,2.105
257,11.223,ASN, ,CA,42.28,4.97,0.0,2.31,1.0,<Residue ASN het=  resseq=34 icode= >,4wls_A_B,2.105
258,3.596,ASN, ,C,51.26,5.18,0.0,2.81,1.0,<Residue ASN het=  resseq=34 icode= >,4wls_A_B,2.105
259,21.433,ASN, ,O,36.9,4.42,0.0,2.73,1.0,<Residue ASN het=  resseq=34 icode= >,4wls_A_B,2.105
260,28.083,ASN, ,CB,40.42,3.68,0.0,2.32,1.0,<Residue ASN het=  resseq=34 icode= >,4wls_A_B,2.105
261,1.623,ASN, ,CG,51.11,3.81,0.0,2.57,1.0,<Residue ASN het=  resseq=34 icode= >,4wls_A_B,2.105
262,0.046,ASN, ,OD1,48.11,4.92,0.0,1.79,1.0,<Residue ASN het=  resseq=34 icode= >,4wls_A_B,2.105
263,35.544,ASN, ,ND2,40.09,3.06,0.0,2.18,1.0,<Residue ASN het=  resseq=34 icode= >,4wls_A_B,2.105
264,0.0,GLY, ,N,37.43,6.27,0.0,3.24,1.0,<Residue GLY het=  resseq=35 icode= >,4wls_A_B,2.105
265,27.351,GLY, ,CA,45.87,5.20,0.0,1.66,1.0,<Residue GLY het=  resseq=35 icode= >,4wls_A_B,2.105
266,2.408,GLY, ,C,47.74,4.20,0.0,2.99,1.0,<Residue GLY het=  resseq=35 icode= >,4wls_A_B,2.105
267,6.421,GLY, ,O,41.36,3.48,0.0,2.47,1.0,<Residue GLY het=  resseq=35 icode= >,4wls_A_B,2.105
268,0.0,TYR, ,N,36.03,4.62,0.0,3.13,1.0,<Residue TYR het=  resseq=36 icode= >,4wls_A_B,2.105
269,4.554,TYR, ,CA,36.41,4.03,0.0,3.01,1.0,<Residue TYR het=  resseq=36 icode= >,4wls_A_B,2.105
270,0.0,TYR, ,C,40.86,3.91,0.0,3.52,1.0,<Residue TYR het=  resseq=36 icode= >,4wls_A_B,2.105
271,0.0,TYR, ,O,40.18,5.05,0.0,3.14,1.0,<Residue TYR het=  resseq=36 icode= >,4wls_A_B,2.105
272,2.637,TYR, ,CB,44.13,4.32,0.0,2.23,1.0,<Residue TYR het=  resseq=36 icode= >,4wls_A_B,2.105
273,2.205,TYR, ,CG,40.19,3.87,0.0,2.88,1.0,<Residue TYR het=  resseq=36 icode= >,4wls_A_B,2.105
274,8.475,TYR, ,CD1,41.75,3.84,0.0,2.02,1.0,<Residue TYR het=  resseq=36 icode= >,4wls_A_B,2.105
275,6.589,TYR, ,CD2,29.64,3.78,0.0,2.76,1.0,<Residue TYR het=  resseq=36 icode= >,4wls_A_B,2.105
276,23.565,TYR, ,CE1,31.65,3.66,0.0,2.51,1.0,<Residue TYR het=  resseq=36 icode= >,4wls_A_B,2.105
277,24.117,TYR, ,CE2,33.58,3.69,0.0,2.96,1.0,<Residue TYR het=  resseq=36 icode= >,4wls_A_B,2.105
278,5.671,TYR, ,CZ,39.86,3.52,0.0,2.99,1.0,<Residue TYR het=  resseq=36 icode= >,4wls_A_B,2.105
279,42.65,TYR, ,OH,44.57,3.37,0.0,2.36,1.0,<Residue TYR het=  resseq=36 icode= >,4wls_A_B,2.105
280,4.943,ARG, ,N,35.44,2.91,0.0,3.33,1.0,<Residue ARG het=  resseq=37 icode= >,4wls_A_B,2.105
281,0.0,ARG, ,CA,26.43,3.64,0.0,3.19,1.0,<Residue ARG het=  resseq=37 icode= >,4wls_A_B,2.105
282,0.0,ARG, ,C,24.71,4.68,0.0,5.02,1.0,<Residue ARG het=  resseq=37 icode= >,4wls_A_B,2.105
283,0.853,ARG, ,O,26.12,4.62,0.0,4.15,1.0,<Residue ARG het=  resseq=37 icode= >,4wls_A_B,2.105
284,1.991,ARG, ,CB,26.62,3.20,0.0,2.69,1.0,<Residue ARG het=  resseq=37 icode= >,4wls_A_B,2.105
285,0.0,ARG, ,CG,31.32,3.12,0.0,2.26,1.0,<Residue ARG het=  resseq=37 icode= >,4wls_A_B,2.105
286,0.413,ARG, ,CD,31.01,3.44,0.0,2.78,1.0,<Residue ARG het=  resseq=37 icode= >,4wls_A_B,2.105
287,0.0,ARG, ,NE,32.05,4.13,0.0,3.94,1.0,<Residue ARG het=  resseq=37 icode= >,4wls_A_B,2.105
288,0.0,ARG, ,CZ,32.64,3.23,0.0,3.97,1.0,<Residue ARG het=  resseq=37 icode= >,4wls_A_B,2.105
289,19.348,ARG, ,NH1,36.56,2.86,0.0,2.13,1.0,<Residue ARG het=  resseq=37 icode= >,4wls_A_B,2.105
290,25.413,ARG, ,NH2,40.87,2.70,0.0,1.99,1.0,<Residue ARG het=  resseq=37 icode= >,4wls_A_B,2.105
291,0.0,THR, ,N,32.04,5.93,0.0,3.67,1.0,<Residue THR het=  resseq=38 icode= >,4wls_A_B,2.105
292,0.0,THR, ,CA,32.84,7.07,0.0,3.19,1.0,<Residue THR het=  resseq=38 icode= >,4wls_A_B,2.105
293,0.863,THR, ,C,35.8,7.99,0.0,3.56,1.0,<Residue THR het=  resseq=38 icode= >,4wls_A_B,2.105
294,0.772,THR, ,O,42.02,8.17,0.0,2.91,1.0,<Residue THR het=  resseq=38 icode= >,4wls_A_B,2.105
295,9.155,THR, ,CB,42.29,8.03,0.0,3.19,1.0,<Residue THR het=  resseq=38 icode= >,4wls_A_B,2.105
296,9.595,THR, ,OG1,43.73,8.65,0.0,2.42,1.0,<Residue THR het=  resseq=38 icode= >,4wls_A_B,2.105
297,11.341,THR, ,CG2,47.62,7.55,0.0,1.02,1.0,<Residue THR het=  resseq=38 icode= >,4wls_A_B,2.105
298,0.167,TYR, ,N,32.14,8.81,0.0,3.33,1.0,<Residue TYR het=  resseq=39 icode= >,4wls_A_B,2.105
299,0.0,TYR, ,CA,31.65,9.72,0.0,2.72,1.0,<Residue TYR het=  resseq=39 icode= >,4wls_A_B,2.105
300,0.758,TYR, ,C,30.81,11.19,0.0,4.12,1.0,<Residue TYR het=  resseq=39 icode= >,4wls_A_B,2.105
301,14.915,TYR, ,O,31.21,11.36,0.0,4.02,1.0,<Residue TYR het=  resseq=39 icode= >,4wls_A_B,2.105
302,0.082,TYR, ,CB,25.54,9.57,0.0,2.53,1.0,<Residue TYR het=  resseq=39 icode= >,4wls_A_B,2.105
303,0.0,TYR, ,CG,33.85,8.40,0.0,3.05,1.0,<Residue TYR het=  resseq=39 icode= >,4wls_A_B,2.105
304,0.0,TYR, ,CD1,26.02,8.65,0.0,3.25,1.0,<Residue TYR het=  resseq=39 icode= >,4wls_A_B,2.105
305,0.0,TYR, ,CD2,29.59,7.22,0.0,2.83,1.0,<Residue TYR het=  resseq=39 icode= >,4wls_A_B,2.105
306,3.201,TYR, ,CE1,26.6,7.82,0.0,2.55,1.0,<Residue TYR het=  resseq=39 icode= >,4wls_A_B,2.105
307,0.0,TYR, ,CE2,28.45,6.19,0.0,2.47,1.0,<Residue TYR het=  resseq=39 icode= >,4wls_A_B,2.105
308,0.0,TYR, ,CZ,28.18,6.54,0.0,4.04,1.0,<Residue TYR het=  resseq=39 icode= >,4wls_A_B,2.105
309,0.197,TYR, ,OH,31.17,5.83,0.0,2.82,1.0,<Residue TYR het=  resseq=39 icode= >,4wls_A_B,2.105
310,0.0,THR, ,N,30.53,12.08,0.0,3.58,1.0,<Residue THR het=  resseq=40 icode= >,4wls_A_B,2.105
311,6.709,THR, ,CA,24.18,13.50,0.0,4.31,1.0,<Residue THR het=  resseq=40 icode= >,4wls_A_B,2.105
312,2.093,THR, ,C,27.85,14.00,0.0,4.80,1.0,<Residue THR het=  resseq=40 icode= >,4wls_A_B,2.105
313,0.0,THR, ,O,23.54,13.49,0.0,4.29,1.0,<Residue THR het=  resseq=40 icode= >,4wls_A_B,2.105
314,13.244,THR, ,CB,39.73,14.23,0.0,2.71,1.0,<Residue THR het=  resseq=40 icode= >,4wls_A_B,2.105
315,3.547,THR, ,OG1,45.24,14.31,0.0,2.30,1.0,<Residue THR het=  resseq=40 icode= >,4wls_A_B,2.105
316,37.785,THR, ,CG2,36.11,13.66,0.0,1.93,1.0,<Residue THR het=  resseq=40 icode= >,4wls_A_B,2.105
317,6.937,GLN, ,N,28.87,15.08,0.0,3.41,1.0,<Residue GLN het=  resseq=41 icode= >,4wls_A_B,2.105
318,0.971,GLN, ,CA,23.9,15.65,0.0,3.20,1.0,<Residue GLN het=  resseq=41 icode= >,4wls_A_B,2.105
319,0.0,GLN, ,C,20.98,16.16,0.0,4.88,1.0,<Residue GLN het=  resseq=41 icode= >,4wls_A_B,2.105
320,0.0,GLN, ,O,31.51,16.13,0.0,3.93,1.0,<Residue GLN het=  resseq=41 icode= >,4wls_A_B,2.105
321,28.821,GLN, ,CB,18.95,16.88,0.0,3.06,1.0,<Residue GLN het=  resseq=41 icode= >,4wls_A_B,2.105
322,24.074,GLN, ,CG,27.75,17.65,0.0,2.41,1.0,<Residue GLN het=  resseq=41 icode= >,4wls_A_B,2.105
323,4.984,GLN, ,CD,31.16,16.94,0.0,3.50,1.0,<Residue GLN het=  resseq=41 icode= >,4wls_A_B,2.105
324,29.287,GLN, ,OE1,51.4,16.48,0.0,1.85,1.0,<Residue GLN het=  resseq=41 icode= >,4wls_A_B,2.105
325,22.169,GLN, ,NE2,30.41,16.95,0.0,2.92,1.0,<Residue GLN het=  resseq=41 icode= >,4wls_A_B,2.105
326,2.764,GLN, ,N,23.17,16.62,0.0,4.36,1.0,<Residue GLN het=  resseq=42 icode= >,4wls_A_B,2.105
327,0.26,GLN, ,CA,33.1,16.88,0.0,2.99,1.0,<Residue GLN het=  resseq=42 icode= >,4wls_A_B,2.105
328,0.0,GLN, ,C,29.09,15.82,0.0,3.87,1.0,<Residue GLN het=  resseq=42 icode= >,4wls_A_B,2.105
329,0.0,GLN, ,O,32.38,16.24,0.0,3.46,1.0,<Residue GLN het=  resseq=42 icode= >,4wls_A_B,2.105
330,22.275,GLN, ,CB,32.0,17.20,0.0,1.85,1.0,<Residue GLN het=  resseq=42 icode= >,4wls_A_B,2.105
331,21.097,GLN, ,CG,36.57,17.72,0.0,1.52,1.0,<Residue GLN het=  resseq=42 icode= >,4wls_A_B,2.105
332,5.603,GLN, ,CD,55.81,19.01,0.0,2.22,1.0,<Residue GLN het=  resseq=42 icode= >,4wls_A_B,2.105
333,16.979,GLN, ,OE1,37.67,19.67,0.0,3.10,1.0,<Residue GLN het=  resseq=42 icode= >,4wls_A_B,2.105
334,16.602,GLN, ,NE2,50.79,19.46,0.0,1.21,1.0,<Residue GLN het=  resseq=42 icode= >,4wls_A_B,2.105
335,0.0,HIS, ,N,33.12,14.53,0.0,3.40,1.0,<Residue HIS het=  resseq=43 icode= >,4wls_A_B,2.105
336,0.214,HIS, ,CA,24.42,13.54,0.0,3.65,1.0,<Residue HIS het=  resseq=43 icode= >,4wls_A_B,2.105
337,0.0,HIS, ,C,26.83,13.89,0.0,4.39,1.0,<Residue HIS het=  resseq=43 icode= >,4wls_A_B,2.105
338,0.0,HIS, ,O,23.17,13.90,0.0,4.60,1.0,<Residue HIS het=  resseq=43 icode= >,4wls_A_B,2.105
339,0.0,HIS, ,CB,35.08,12.11,0.0,2.09,1.0,<Residue HIS het=  resseq=43 icode= >,4wls_A_B,2.105
340,0.0,HIS, ,CG,31.29,11.77,0.0,3.40,1.0,<Residue HIS het=  resseq=43 icode= >,4wls_A_B,2.105
341,0.0,HIS, ,ND1,36.86,11.85,0.0,3.08,1.0,<Residue HIS het=  resseq=43 icode= >,4wls_A_B,2.105
342,2.047,HIS, ,CD2,27.25,11.59,0.0,2.77,1.0,<Residue HIS het=  resseq=43 icode= >,4wls_A_B,2.105
343,13.576,HIS, ,CE1,29.83,11.76,0.0,2.91,1.0,<Residue HIS het=  resseq=43 icode= >,4wls_A_B,2.105
344,0.196,HIS, ,NE2,31.46,11.59,0.0,3.18,1.0,<Residue HIS het=  resseq=43 icode= >,4wls_A_B,2.105
345,0.0,LEU, ,N,26.22,13.90,0.0,3.53,1.0,<Residue LEU het=  resseq=44 icode= >,4wls_A_B,2.105
346,0.0,LEU, ,CA,20.92,13.89,0.0,3.77,1.0,<Residue LEU het=  resseq=44 icode= >,4wls_A_B,2.105
347,0.767,LEU, ,C,21.96,15.24,0.0,4.67,1.0,<Residue LEU het=  resseq=44 icode= >,4wls_A_B,2.105
348,0.0,LEU, ,O,25.62,14.31,0.0,3.76,1.0,<Residue LEU het=  resseq=44 icode= >,4wls_A_B,2.105
349,3.005,LEU, ,CB,27.34,13.78,0.0,2.54,1.0,<Residue LEU het=  resseq=44 icode= >,4wls_A_B,2.105
350,0.0,LEU, ,CG,23.73,12.48,0.0,3.04,1.0,<Residue LEU het=  resseq=44 icode= >,4wls_A_B,2.105
351,14.48,LEU, ,CD1,28.56,12.66,0.0,2.21,1.0,<Residue LEU het=  resseq=44 icode= >,4wls_A_B,2.105
352,0.0,LEU, ,CD2,32.19,11.33,0.0,1.62,1.0,<Residue LEU het=  resseq=44 icode= >,4wls_A_B,2.105
353,0.0,ASN, ,N,28.76,16.10,0.0,3.19,1.0,<Residue ASN het=  resseq=45 icode= >,4wls_A_B,2.105
354,5.105,ASN, ,CA,30.63,15.98,0.0,2.88,1.0,<Residue ASN het=  resseq=45 icode= >,4wls_A_B,2.105
355,1.251,ASN, ,C,28.06,14.67,0.0,4.49,1.0,<Residue ASN het=  resseq=45 icode= >,4wls_A_B,2.105
356,4.01,ASN, ,O,26.8,14.03,0.0,3.74,1.0,<Residue ASN het=  resseq=45 icode= >,4wls_A_B,2.105
357,15.375,ASN, ,CB,27.54,17.19,0.0,2.59,1.0,<Residue ASN het=  resseq=45 icode= >,4wls_A_B,2.105
358,6.59,ASN, ,CG,30.49,18.51,0.0,4.14,1.0,<Residue ASN het=  resseq=45 icode= >,4wls_A_B,2.105
359,12.76,ASN, ,OD1,34.32,18.41,0.0,3.49,1.0,<Residue ASN het=  resseq=45 icode= >,4wls_A_B,2.105
360,32.836,ASN, ,ND2,24.36,19.61,0.0,2.79,1.0,<Residue ASN het=  resseq=45 icode= >,4wls_A_B,2.105
361,0.002,GLU, ,N,28.94,14.36,0.0,3.64,1.0,<Residue GLU het=  resseq=46 icode= >,4wls_A_B,2.105
362,1.969,GLU, ,CA,25.18,13.25,0.0,3.43,1.0,<Residue GLU het=  resseq=46 icode= >,4wls_A_B,2.105
363,0.0,GLU, ,C,24.17,11.89,0.0,4.66,1.0,<Residue GLU het=  resseq=46 icode= >,4wls_A_B,2.105
364,0.0,GLU, ,O,29.74,11.05,0.0,3.45,1.0,<Residue GLU het=  resseq=46 icode= >,4wls_A_B,2.105
365,0.0,GLU, ,CB,26.45,13.38,0.0,2.59,1.0,<Residue GLU het=  resseq=46 icode= >,4wls_A_B,2.105
366,2.555,GLU, ,CG,30.38,14.62,0.0,2.49,1.0,<Residue GLU het=  resseq=46 icode= >,4wls_A_B,2.105
367,0.078,GLU, ,CD,30.58,14.88,0.0,3.79,1.0,<Residue GLU het=  resseq=46 icode= >,4wls_A_B,2.105
368,0.025,GLU, ,OE1,39.8,14.20,0.0,3.10,1.0,<Residue GLU het=  resseq=46 icode= >,4wls_A_B,2.105
369,0.962,GLU, ,OE2,45.89,15.89,0.0,1.91,1.0,<Residue GLU het=  resseq=46 icode= >,4wls_A_B,2.105
370,0.0,LEU, ,N,23.09,11.78,0.0,4.08,1.0,<Residue LEU het=  resseq=47 icode= >,4wls_A_B,2.105
371,0.0,LEU, ,CA,21.25,10.61,0.0,3.14,1.0,<Residue LEU het=  resseq=47 icode= >,4wls_A_B,2.105
372,0.0,LEU, ,C,26.49,10.47,0.0,4.82,1.0,<Residue LEU het=  resseq=47 icode= >,4wls_A_B,2.105
373,0.0,LEU, ,O,24.9,9.43,0.0,3.86,1.0,<Residue LEU het=  resseq=47 icode= >,4wls_A_B,2.105
374,0.0,LEU, ,CB,16.38,10.95,0.0,2.70,1.0,<Residue LEU het=  resseq=47 icode= >,4wls_A_B,2.105
375,0.224,LEU, ,CG,29.85,11.01,0.0,2.32,1.0,<Residue LEU het=  resseq=47 icode= >,4wls_A_B,2.105
376,0.918,LEU, ,CD1,26.17,11.49,0.0,2.08,1.0,<Residue LEU het=  resseq=47 icode= >,4wls_A_B,2.105
377,0.0,LEU, ,CD2,30.32,9.64,0.0,1.85,1.0,<Residue LEU het=  resseq=47 icode= >,4wls_A_B,2.105
378,0.0,THR, ,N,27.91,11.66,0.0,3.53,1.0,<Residue THR het=  resseq=48 icode= >,4wls_A_B,2.105
379,0.0,THR, ,CA,21.16,11.91,0.0,3.32,1.0,<Residue THR het=  resseq=48 icode= >,4wls_A_B,2.105
380,0.0,THR, ,C,23.17,11.47,0.0,4.67,1.0,<Residue THR het=  resseq=48 icode= >,4wls_A_B,2.105
381,0.0,THR, ,O,26.92,10.91,0.0,4.34,1.0,<Residue THR het=  resseq=48 icode= >,4wls_A_B,2.105
382,3.465,THR, ,CB,26.09,13.43,0.0,3.46,1.0,<Residue THR het=  resseq=48 icode= >,4wls_A_B,2.105
383,4.931,THR, ,OG1,28.58,13.93,0.0,4.04,1.0,<Residue THR het=  resseq=48 icode= >,4wls_A_B,2.105
384,26.825,THR, ,CG2,27.37,13.86,0.0,1.49,1.0,<Residue THR het=  resseq=48 icode= >,4wls_A_B,2.105
385,0.298,LEU, ,N,27.54,11.87,0.0,3.44,1.0,<Residue LEU het=  resseq=49 icode= >,4wls_A_B,2.105
386,0.897,LEU, ,CA,34.93,11.70,0.0,2.48,1.0,<Residue LEU het=  resseq=49 icode= >,4wls_A_B,2.105
387,0.0,LEU, ,C,30.23,10.28,0.0,4.41,1.0,<Residue LEU het=  resseq=49 icode= >,4wls_A_B,2.105
388,0.0,LEU, ,O,33.22,10.05,0.0,3.08,1.0,<Residue LEU het=  resseq=49 icode= >,4wls_A_B,2.105
389,3.788,LEU, ,CB,28.43,12.49,0.0,2.48,1.0,<Residue LEU het=  resseq=49 icode= >,4wls_A_B,2.105
390,0.0,LEU, ,CG,39.97,12.74,0.0,2.13,1.0,<Residue LEU het=  resseq=49 icode= >,4wls_A_B,2.105
391,25.143,LEU, ,CD1,49.37,13.08,11.234,0.80,1.0,<Residue LEU het=  resseq=49 icode= >,4wls_A_B,2.105
392,10.854,LEU, ,CD2,41.97,13.97,1.088,1.37,1.0,<Residue LEU het=  resseq=49 icode= >,4wls_A_B,2.105
393,0.0,LEU, ,N,28.15,9.44,0.0,3.54,1.0,<Residue LEU het=  resseq=50 icode= >,4wls_A_B,2.105
394,0.0,LEU, ,CA,28.49,8.06,0.0,3.10,1.0,<Residue LEU het=  resseq=50 icode= >,4wls_A_B,2.105
395,0.0,LEU, ,C,29.07,7.34,0.0,4.35,1.0,<Residue LEU het=  resseq=50 icode= >,4wls_A_B,2.105
396,0.0,LEU, ,O,28.87,6.73,0.0,3.39,1.0,<Residue LEU het=  resseq=50 icode= >,4wls_A_B,2.105
397,0.0,LEU, ,CB,26.02,7.43,0.0,3.00,1.0,<Residue LEU het=  resseq=50 icode= >,4wls_A_B,2.105
398,0.0,LEU, ,CG,45.3,7.73,0.0,2.20,1.0,<Residue LEU het=  resseq=50 icode= >,4wls_A_B,2.105
399,0.0,LEU, ,CD1,34.47,7.20,0.0,1.14,1.0,<Residue LEU het=  resseq=50 icode= >,4wls_A_B,2.105
400,0.0,LEU, ,CD2,42.81,7.44,0.0,0.89,1.0,<Residue LEU het=  resseq=50 icode= >,4wls_A_B,2.105
401,0.0,ARG, ,N,29.33,7.67,0.0,3.80,1.0,<Residue ARG het=  resseq=51 icode= >,4wls_A_B,2.105
402,0.34,ARG, ,CA,32.04,7.44,0.0,3.06,1.0,<Residue ARG het=  resseq=51 icode= >,4wls_A_B,2.105
403,0.0,ARG, ,C,32.8,8.15,0.0,3.94,1.0,<Residue ARG het=  resseq=51 icode= >,4wls_A_B,2.105
404,0.669,ARG, ,O,24.52,7.83,0.0,4.21,1.0,<Residue ARG het=  resseq=51 icode= >,4wls_A_B,2.105
405,0.0,ARG, ,CB,28.06,8.27,0.0,2.46,1.0,<Residue ARG het=  resseq=51 icode= >,4wls_A_B,2.105
406,6.871,ARG, ,CG,35.34,7.90,0.0,1.94,1.0,<Residue ARG het=  resseq=51 icode= >,4wls_A_B,2.105
407,7.354,ARG, ,CD,30.92,8.96,0.0,2.61,1.0,<Residue ARG het=  resseq=51 icode= >,4wls_A_B,2.105
408,0.0,ARG, ,NE,31.11,10.27,0.0,2.56,1.0,<Residue ARG het=  resseq=51 icode= >,4wls_A_B,2.105
409,3.442,ARG, ,CZ,30.06,11.41,0.0,3.55,1.0,<Residue ARG het=  resseq=51 icode= >,4wls_A_B,2.105
410,14.254,ARG, ,NH1,35.52,11.50,0.0,2.34,1.0,<Residue ARG het=  resseq=51 icode= >,4wls_A_B,2.105
411,24.595,ARG, ,NH2,39.91,12.57,0.0,1.81,1.0,<Residue ARG het=  resseq=51 icode= >,4wls_A_B,2.105
412,0.0,GLN, ,N,27.35,9.36,0.0,3.45,1.0,<Residue GLN het=  resseq=52 icode= >,4wls_A_B,2.105
413,1.066,GLN, ,CA,21.17,10.26,0.0,3.17,1.0,<Residue GLN het=  resseq=52 icode= >,4wls_A_B,2.105
414,0.547,GLN, ,C,22.22,9.81,0.0,4.96,1.0,<Residue GLN het=  resseq=52 icode= >,4wls_A_B,2.105
415,0.077,GLN, ,O,26.21,10.11,0.0,4.32,1.0,<Residue GLN het=  resseq=52 icode= >,4wls_A_B,2.105
416,15.027,GLN, ,CB,23.29,11.68,0.053,2.71,1.0,<Residue GLN het=  resseq=52 icode= >,4wls_A_B,2.105
417,5.866,GLN, ,CG,25.95,12.47,0.0,2.68,1.0,<Residue GLN het=  resseq=52 icode= >,4wls_A_B,2.105
418,4.357,GLN, ,CD,34.18,13.76,2.214,3.15,1.0,<Residue GLN het=  resseq=52 icode= >,4wls_A_B,2.105
419,15.79,GLN, ,OE1,33.81,13.90,12.43,2.98,1.0,<Residue GLN het=  resseq=52 icode= >,4wls_A_B,2.105
420,44.579,GLN, ,NE2,39.13,14.81,7.951,1.60,1.0,<Residue GLN het=  resseq=52 icode= >,4wls_A_B,2.105
421,0.212,ALA, ,N,28.51,9.35,0.0,3.46,1.0,<Residue ALA het=  resseq=53 icode= >,4wls_A_B,2.105
422,3.125,ALA, ,CA,27.06,9.23,0.0,3.78,1.0,<Residue ALA het=  resseq=53 icode= >,4wls_A_B,2.105
423,0.0,ALA, ,C,26.67,8.27,0.0,4.89,1.0,<Residue ALA het=  resseq=53 icode= >,4wls_A_B,2.105
424,0.0,ALA, ,O,29.26,8.76,0.0,3.72,1.0,<Residue ALA het=  resseq=53 icode= >,4wls_A_B,2.105
425,0.0,ALA, ,CB,26.04,9.09,0.0,2.38,1.0,<Residue ALA het=  resseq=53 icode= >,4wls_A_B,2.105
426,0.0,ARG, ,N,32.71,7.11,0.0,3.27,1.0,<Residue ARG het=  resseq=54 icode= >,4wls_A_B,2.105
427,0.0,ARG, ,CA,35.36,6.22,0.0,2.94,1.0,<Residue ARG het=  resseq=54 icode= >,4wls_A_B,2.105
428,1.016,ARG, ,C,33.18,7.06,0.0,4.18,1.0,<Residue ARG het=  resseq=54 icode= >,4wls_A_B,2.105
429,10.644,ARG, ,O,35.18,7.29,3.579,3.42,1.0,<Residue ARG het=  resseq=54 icode= >,4wls_A_B,2.105
430,12.221,ARG, ,CB,32.14,4.83,0.0,2.41,1.0,<Residue ARG het=  resseq=54 icode= >,4wls_A_B,2.105
431,0.0,ARG, ,CG,30.43,4.05,0.0,2.42,1.0,<Residue ARG het=  resseq=54 icode= >,4wls_A_B,2.105
432,0.0,ARG, ,CD,33.1,3.69,0.0,2.50,1.0,<Residue ARG het=  resseq=54 icode= >,4wls_A_B,2.105
433,3.004,ARG, ,NE,32.16,2.80,0.0,2.81,1.0,<Residue ARG het=  resseq=54 icode= >,4wls_A_B,2.105
434,1.913,ARG, ,CZ,36.85,3.64,0.0,3.44,1.0,<Residue ARG het=  resseq=54 icode= >,4wls_A_B,2.105
435,15.256,ARG, ,NH1,37.52,4.92,0.0,2.31,1.0,<Residue ARG het=  resseq=54 icode= >,4wls_A_B,2.105
436,58.724,ARG, ,NH2,31.14,3.38,0.0,3.00,1.0,<Residue ARG het=  resseq=54 icode= >,4wls_A_B,2.105
437,0.14,GLN, ,N,34.08,7.83,0.0,2.61,1.0,<Residue GLN het=  resseq=55 icode= >,4wls_A_B,2.105
438,10.48,GLN, ,CA,28.44,8.63,1.531,3.14,1.0,<Residue GLN het=  resseq=55 icode= >,4wls_A_B,2.105
439,0.455,GLN, ,C,42.29,9.93,0.455,3.77,1.0,<Residue GLN het=  resseq=55 icode= >,4wls_A_B,2.105
440,24.743,GLN, ,O,36.51,10.52,23.945,2.77,1.0,<Residue GLN het=  resseq=55 icode= >,4wls_A_B,2.105
441,5.578,GLN, ,CB,42.64,9.06,0.0,1.84,1.0,<Residue GLN het=  resseq=55 icode= >,4wls_A_B,2.105
442,23.544,GLN, ,CG,56.78,9.93,4.423,1.04,1.0,<Residue GLN het=  resseq=55 icode= >,4wls_A_B,2.105
443,6.957,GLN, ,CD,69.45,10.62,0.1,1.26,1.0,<Residue GLN het=  resseq=55 icode= >,4wls_A_B,2.105
444,6.715,GLN, ,OE1,58.28,10.15,0.0,1.73,1.0,<Residue GLN het=  resseq=55 icode= >,4wls_A_B,2.105
445,54.707,GLN, ,NE2,62.15,11.90,32.197,0.62,1.0,<Residue GLN het=  resseq=55 icode= >,4wls_A_B,2.105
446,0.0,VAL, ,N,31.73,10.29,0.0,3.28,1.0,<Residue VAL het=  resseq=56 icode= >,4wls_A_B,2.105
447,6.877,VAL, ,CA,27.96,11.42,6.877,3.08,1.0,<Residue VAL het=  resseq=56 icode= >,4wls_A_B,2.105
448,4.458,VAL, ,C,38.2,11.18,4.458,3.31,1.0,<Residue VAL het=  resseq=56 icode= >,4wls_A_B,2.105
449,4.993,VAL, ,O,34.06,11.76,4.923,3.74,1.0,<Residue VAL het=  resseq=56 icode= >,4wls_A_B,2.105
450,8.455,VAL, ,CB,33.23,12.38,8.455,2.93,1.0,<Residue VAL het=  resseq=56 icode= >,4wls_A_B,2.105
451,51.758,VAL, ,CG1,34.77,13.02,47.174,1.82,1.0,<Residue VAL het=  resseq=56 icode= >,4wls_A_B,2.105
452,9.659,VAL, ,CG2,24.73,11.84,2.82,2.29,1.0,<Residue VAL het=  resseq=56 icode= >,4wls_A_B,2.105
453,2.059,GLY, ,N,29.65,10.08,2.059,3.37,1.0,<Residue GLY het=  resseq=57 icode= >,4wls_A_B,2.105
454,30.968,GLY, ,CA,33.08,9.31,26.225,2.79,1.0,<Residue GLY het=  resseq=57 icode= >,4wls_A_B,2.105
455,1.06,GLY, ,C,27.84,8.30,0.003,3.80,1.0,<Residue GLY het=  resseq=57 icode= >,4wls_A_B,2.105
456,27.095,GLY, ,O,38.46,7.76,3.586,2.68,1.0,<Residue GLY het=  resseq=57 icode= >,4wls_A_B,2.105
457,0.127,PHE, ,N,33.54,8.29,0.0,3.23,1.0,<Residue PHE het=  resseq=58 icode= >,4wls_A_B,2.105
458,0.122,PHE, ,CA,24.44,7.48,0.0,3.97,1.0,<Residue PHE het=  resseq=58 icode= >,4wls_A_B,2.105
459,0.166,PHE, ,C,27.02,6.00,0.0,4.82,1.0,<Residue PHE het=  resseq=58 icode= >,4wls_A_B,2.105
460,0.0,PHE, ,O,31.5,5.82,0.0,3.24,1.0,<Residue PHE het=  resseq=58 icode= >,4wls_A_B,2.105
461,0.0,PHE, ,CB,28.93,8.23,0.0,2.52,1.0,<Residue PHE het=  resseq=58 icode= >,4wls_A_B,2.105
462,0.086,PHE, ,CG,38.76,9.62,0.0,2.58,1.0,<Residue PHE het=  resseq=58 icode= >,4wls_A_B,2.105
463,2.341,PHE, ,CD1,34.59,9.94,0.0,2.34,1.0,<Residue PHE het=  resseq=58 icode= >,4wls_A_B,2.105
464,0.059,PHE, ,CD2,31.77,10.75,0.0,2.73,1.0,<Residue PHE het=  resseq=58 icode= >,4wls_A_B,2.105
465,0.306,PHE, ,CE1,42.69,11.29,0.0,1.82,1.0,<Residue PHE het=  resseq=58 icode= >,4wls_A_B,2.105
466,1.179,PHE, ,CE2,38.47,12.02,0.0,2.31,1.0,<Residue PHE het=  resseq=58 icode= >,4wls_A_B,2.105
467,0.015,PHE, ,CZ,36.62,12.26,0.0,2.33,1.0,<Residue PHE het=  resseq=58 icode= >,4wls_A_B,2.105
468,0.82,ASN, ,N,35.14,5.18,0.0,3.00,1.0,<Residue ASN het=  resseq=59 icode= >,4wls_A_B,2.105
469,2.115,ASN, ,CA,36.77,3.78,0.0,3.11,1.0,<Residue ASN het=  resseq=59 icode= >,4wls_A_B,2.105
470,0.0,ASN, ,C,34.28,3.87,0.0,3.99,1.0,<Residue ASN het=  resseq=59 icode= >,4wls_A_B,2.105
471,0.0,ASN, ,O,32.77,5.02,0.0,3.23,1.0,<Residue ASN het=  resseq=59 icode= >,4wls_A_B,2.105
472,31.032,ASN, ,CB,33.24,3.17,0.0,2.45,1.0,<Residue ASN het=  resseq=59 icode= >,4wls_A_B,2.105
473,1.471,ASN, ,CG,33.74,4.20,0.0,4.11,1.0,<Residue ASN het=  resseq=59 icode= >,4wls_A_B,2.105
474,0.0,ASN, ,OD1,39.9,4.64,0.0,2.66,1.0,<Residue ASN het=  resseq=59 icode= >,4wls_A_B,2.105
475,42.063,ASN, ,ND2,28.78,4.79,0.0,2.29,1.0,<Residue ASN het=  resseq=59 icode= >,4wls_A_B,2.105
476,2.889,LEU, ,N,40.06,2.89,0.0,3.10,1.0,<Residue LEU het=  resseq=60 icode= >,4wls_A_B,2.105
477,0.0,LEU, ,CA,30.31,3.62,0.0,2.97,1.0,<Residue LEU het=  resseq=60 icode= >,4wls_A_B,2.105
478,0.155,LEU, ,C,32.7,4.55,0.0,4.32,1.0,<Residue LEU het=  resseq=60 icode= >,4wls_A_B,2.105
479,0.0,LEU, ,O,32.54,5.72,0.0,3.19,1.0,<Residue LEU het=  resseq=60 icode= >,4wls_A_B,2.105
480,16.33,LEU, ,CB,44.18,3.17,0.0,1.60,1.0,<Residue LEU het=  resseq=60 icode= >,4wls_A_B,2.105
481,4.931,LEU, ,CG,44.96,3.54,0.0,1.62,1.0,<Residue LEU het=  resseq=60 icode= >,4wls_A_B,2.105
482,24.603,LEU, ,CD1,38.93,3.41,0.0,1.46,1.0,<Residue LEU het=  resseq=60 icode= >,4wls_A_B,2.105
483,0.03,LEU, ,CD2,32.7,3.45,0.0,1.60,1.0,<Residue LEU het=  resseq=60 icode= >,4wls_A_B,2.105
484,1.974,GLU, ,N,31.74,4.38,0.0,3.13,1.0,<Residue GLU het=  resseq=61 icode= >,4wls_A_B,2.105
485,5.541,GLU, ,CA,39.13,5.65,0.0,2.68,1.0,<Residue GLU het=  resseq=61 icode= >,4wls_A_B,2.105
486,0.0,GLU, ,C,28.89,6.72,0.0,4.49,1.0,<Residue GLU het=  resseq=61 icode= >,4wls_A_B,2.105
487,2.399,GLU, ,O,43.34,7.82,0.0,2.89,1.0,<Residue GLU het=  resseq=61 icode= >,4wls_A_B,2.105
488,12.667,GLU, ,CB,36.24,5.78,0.0,2.39,1.0,<Residue GLU het=  resseq=61 icode= >,4wls_A_B,2.105
489,23.062,GLU, ,CG,43.76,7.19,0.0,1.66,1.0,<Residue GLU het=  resseq=61 icode= >,4wls_A_B,2.105
490,11.459,GLU, ,CD,80.95,7.56,0.0,1.16,1.0,<Residue GLU het=  resseq=61 icode= >,4wls_A_B,2.105
491,36.937,GLU, ,OE1,91.53,6.51,0.0,0.39,1.0,<Residue GLU het=  resseq=61 icode= >,4wls_A_B,2.105
492,26.462,GLU, ,OE2,83.58,8.69,0.0,0.83,1.0,<Residue GLU het=  resseq=61 icode= >,4wls_A_B,2.105
493,0.0,GLU, ,N,31.13,6.61,0.0,3.58,1.0,<Residue GLU het=  resseq=62 icode= >,4wls_A_B,2.105
494,0.0,GLU, ,CA,28.2,7.84,0.0,2.99,1.0,<Residue GLU het=  resseq=62 icode= >,4wls_A_B,2.105
495,0.0,GLU, ,C,29.2,8.33,0.0,4.33,1.0,<Residue GLU het=  resseq=62 icode= >,4wls_A_B,2.105
496,0.0,GLU, ,O,31.79,9.53,0.0,3.91,1.0,<Residue GLU het=  resseq=62 icode= >,4wls_A_B,2.105
497,0.0,GLU, ,CB,29.96,7.89,0.0,2.43,1.0,<Residue GLU het=  resseq=62 icode= >,4wls_A_B,2.105
498,10.226,GLU, ,CG,46.25,7.93,0.0,1.55,1.0,<Residue GLU het=  resseq=62 icode= >,4wls_A_B,2.105
499,1.125,GLU, ,CD,60.59,8.02,0.0,2.09,1.0,<Residue GLU het=  resseq=62 icode= >,4wls_A_B,2.105
500,5.843,GLU, ,OE1,45.97,7.42,0.0,2.18,1.0,<Residue GLU het=  resseq=62 icode= >,4wls_A_B,2.105
501,31.653,GLU, ,OE2,66.16,8.84,0.0,1.20,1.0,<Residue GLU het=  resseq=62 icode= >,4wls_A_B,2.105
502,0.0,SER, ,N,31.38,7.58,0.0,3.51,1.0,<Residue SER het=  resseq=63 icode= >,4wls_A_B,2.105
503,0.0,SER, ,CA,18.53,8.34,0.0,4.21,1.0,<Residue SER het=  resseq=63 icode= >,4wls_A_B,2.105
504,0.0,SER, ,C,28.55,9.06,0.0,4.48,1.0,<Residue SER het=  resseq=63 icode= >,4wls_A_B,2.105
505,0.026,SER, ,O,27.54,9.77,0.0,3.71,1.0,<Residue SER het=  resseq=63 icode= >,4wls_A_B,2.105
506,0.0,SER, ,CB,31.11,7.12,0.0,3.44,1.0,<Residue SER het=  resseq=63 icode= >,4wls_A_B,2.105
507,0.0,SER, ,OG,35.87,6.96,0.0,2.57,1.0,<Residue SER het=  resseq=63 icode= >,4wls_A_B,2.105
508,0.0,GLY, ,N,37.28,8.54,0.0,2.87,1.0,<Residue GLY het=  resseq=64 icode= >,4wls_A_B,2.105
509,3.621,GLY, ,CA,31.43,9.51,0.0,2.60,1.0,<Residue GLY het=  resseq=64 icode= >,4wls_A_B,2.105
510,0.511,GLY, ,C,35.94,10.65,0.0,4.38,1.0,<Residue GLY het=  resseq=64 icode= >,4wls_A_B,2.105
511,0.0,GLY, ,O,28.98,11.82,0.0,3.32,1.0,<Residue GLY het=  resseq=64 icode= >,4wls_A_B,2.105
512,0.307,GLU, ,N,30.6,10.45,0.0,3.85,1.0,<Residue GLU het=  resseq=65 icode= >,4wls_A_B,2.105
513,0.184,GLU, ,CA,32.5,11.66,0.0,3.04,1.0,<Residue GLU het=  resseq=65 icode= >,4wls_A_B,2.105
514,0.0,GLU, ,C,33.53,12.61,0.0,3.69,1.0,<Residue GLU het=  resseq=65 icode= >,4wls_A_B,2.105
515,0.0,GLU, ,O,36.59,13.82,0.0,2.73,1.0,<Residue GLU het=  resseq=65 icode= >,4wls_A_B,2.105
516,1.691,GLU, ,CB,32.45,11.44,0.0,2.66,1.0,<Residue GLU het=  resseq=65 icode= >,4wls_A_B,2.105
517,19.456,GLU, ,CG,56.36,11.07,0.0,0.83,1.0,<Residue GLU het=  resseq=65 icode= >,4wls_A_B,2.105
518,8.109,GLU, ,CD,55.21,10.88,0.0,2.23,1.0,<Residue GLU het=  resseq=65 icode= >,4wls_A_B,2.105
519,16.507,GLU, ,OE1,72.2,11.50,0.0,1.08,1.0,<Residue GLU het=  resseq=65 icode= >,4wls_A_B,2.105
520,13.769,GLU, ,OE2,59.28,10.32,0.0,1.97,1.0,<Residue GLU het=  resseq=65 icode= >,4wls_A_B,2.105
521,0.0,LEU, ,N,23.21,12.16,0.0,4.62,1.0,<Residue LEU het=  resseq=66 icode= >,4wls_A_B,2.105
522,0.0,LEU, ,CA,27.98,13.18,0.0,3.55,1.0,<Residue LEU het=  resseq=66 icode= >,4wls_A_B,2.105
523,0.0,LEU, ,C,31.72,13.59,0.0,3.89,1.0,<Residue LEU het=  resseq=66 icode= >,4wls_A_B,2.105
524,0.0,LEU, ,O,32.58,14.71,0.0,3.11,1.0,<Residue LEU het=  resseq=66 icode= >,4wls_A_B,2.105
525,0.0,LEU, ,CB,26.31,12.57,0.0,3.22,1.0,<Residue LEU het=  resseq=66 icode= >,4wls_A_B,2.105
526,0.0,LEU, ,CG,27.88,12.69,0.0,3.11,1.0,<Residue LEU het=  resseq=66 icode= >,4wls_A_B,2.105
527,4.632,LEU, ,CD1,32.95,12.06,0.448,1.56,1.0,<Residue LEU het=  resseq=66 icode= >,4wls_A_B,2.105
528,12.343,LEU, ,CD2,32.11,14.13,11.408,1.61,1.0,<Residue LEU het=  resseq=66 icode= >,4wls_A_B,2.105
529,0.0,VAL, ,N,29.47,12.67,0.0,3.83,1.0,<Residue VAL het=  resseq=67 icode= >,4wls_A_B,2.105
530,0.214,VAL, ,CA,27.28,13.14,0.0,3.44,1.0,<Residue VAL het=  resseq=67 icode= >,4wls_A_B,2.105
531,0.0,VAL, ,C,25.64,14.40,0.0,5.02,1.0,<Residue VAL het=  resseq=67 icode= >,4wls_A_B,2.105
532,0.418,VAL, ,O,29.88,15.38,0.0,3.91,1.0,<Residue VAL het=  resseq=67 icode= >,4wls_A_B,2.105
533,0.0,VAL, ,CB,30.63,12.14,0.0,2.83,1.0,<Residue VAL het=  resseq=67 icode= >,4wls_A_B,2.105
534,1.071,VAL, ,CG1,21.11,13.02,0.0,2.45,1.0,<Residue VAL het=  resseq=67 icode= >,4wls_A_B,2.105
535,0.0,VAL, ,CG2,28.92,11.06,0.0,2.11,1.0,<Residue VAL het=  resseq=67 icode= >,4wls_A_B,2.105
536,0.0,ASN, ,N,39.57,14.46,0.0,3.09,1.0,<Residue ASN het=  resseq=68 icode= >,4wls_A_B,2.105
537,0.528,ASN, ,CA,37.27,15.63,0.0,2.49,1.0,<Residue ASN het=  resseq=68 icode= >,4wls_A_B,2.105
538,0.011,ASN, ,C,37.16,16.74,0.0,3.70,1.0,<Residue ASN het=  resseq=68 icode= >,4wls_A_B,2.105
539,2.086,ASN, ,O,32.56,17.88,0.0,2.61,1.0,<Residue ASN het=  resseq=68 icode= >,4wls_A_B,2.105
540,15.032,ASN, ,CB,34.95,15.07,0.0,2.47,1.0,<Residue ASN het=  resseq=68 icode= >,4wls_A_B,2.105
541,5.765,ASN, ,CG,49.45,13.99,0.0,2.41,1.0,<Residue ASN het=  resseq=68 icode= >,4wls_A_B,2.105
542,19.656,ASN, ,OD1,58.36,14.01,0.0,1.80,1.0,<Residue ASN het=  resseq=68 icode= >,4wls_A_B,2.105
543,36.705,ASN, ,ND2,66.68,13.11,0.0,0.49,1.0,<Residue ASN het=  resseq=68 icode= >,4wls_A_B,2.105
544,0.0,LEU, ,N,30.47,16.48,0.0,3.22,1.0,<Residue LEU het=  resseq=69 icode= >,4wls_A_B,2.105
545,0.0,LEU, ,CA,40.31,17.57,0.0,2.14,1.0,<Residue LEU het=  resseq=69 icode= >,4wls_A_B,2.105
546,1.585,LEU, ,C,35.55,18.57,1.585,3.55,1.0,<Residue LEU het=  resseq=69 icode= >,4wls_A_B,2.105
547,2.177,LEU, ,O,33.3,19.79,2.08,3.03,1.0,<Residue LEU het=  resseq=69 icode= >,4wls_A_B,2.105
548,3.068,LEU, ,CB,30.73,17.18,3.068,2.88,1.0,<Residue LEU het=  resseq=69 icode= >,4wls_A_B,2.105
549,0.332,LEU, ,CG,37.82,16.74,0.0,3.02,1.0,<Residue LEU het=  resseq=69 icode= >,4wls_A_B,2.105
550,2.753,LEU, ,CD1,29.88,16.66,2.346,1.74,1.0,<Residue LEU het=  resseq=69 icode= >,4wls_A_B,2.105
551,0.0,LEU, ,CD2,43.47,17.87,0.0,1.01,1.0,<Residue LEU het=  resseq=69 icode= >,4wls_A_B,2.105
552,0.0,PHE, ,N,32.78,17.89,0.0,3.48,1.0,<Residue PHE het=  resseq=70 icode= >,4wls_A_B,2.105
553,1.569,PHE, ,CA,28.61,18.62,1.569,2.92,1.0,<Residue PHE het=  resseq=70 icode= >,4wls_A_B,2.105
554,0.0,PHE, ,C,34.59,19.08,0.0,3.75,1.0,<Residue PHE het=  resseq=70 icode= >,4wls_A_B,2.105
555,8.659,PHE, ,O,31.99,20.05,0.0,3.54,1.0,<Residue PHE het=  resseq=70 icode= >,4wls_A_B,2.105
556,13.757,PHE, ,CB,34.09,17.89,0.0,1.97,1.0,<Residue PHE het=  resseq=70 icode= >,4wls_A_B,2.105
557,0.771,PHE, ,CG,33.15,17.86,0.259,3.00,1.0,<Residue PHE het=  resseq=70 icode= >,4wls_A_B,2.105
558,0.134,PHE, ,CD1,30.9,16.88,0.134,2.49,1.0,<Residue PHE het=  resseq=70 icode= >,4wls_A_B,2.105
559,17.313,PHE, ,CD2,24.27,18.92,4.346,3.18,1.0,<Residue PHE het=  resseq=70 icode= >,4wls_A_B,2.105
560,6.905,PHE, ,CE1,24.1,17.00,6.611,3.14,1.0,<Residue PHE het=  resseq=70 icode= >,4wls_A_B,2.105
561,35.84,PHE, ,CE2,26.16,19.02,22.878,2.84,1.0,<Residue PHE het=  resseq=70 icode= >,4wls_A_B,2.105
562,35.071,PHE, ,CZ,25.52,18.11,34.669,3.54,1.0,<Residue PHE het=  resseq=70 icode= >,4wls_A_B,2.105
563,0.0,ASN, ,N,36.07,18.51,0.0,2.86,1.0,<Residue ASN het=  resseq=71 icode= >,4wls_A_B,2.105
564,4.298,ASN, ,CA,29.31,19.10,0.0,2.96,1.0,<Residue ASN het=  resseq=71 icode= >,4wls_A_B,2.105
565,2.144,ASN, ,C,35.6,20.30,0.0,3.58,1.0,<Residue ASN het=  resseq=71 icode= >,4wls_A_B,2.105
566,19.374,ASN, ,O,26.76,21.13,0.0,4.52,1.0,<Residue ASN het=  resseq=71 icode= >,4wls_A_B,2.105
567,16.754,ASN, ,CB,23.63,18.10,0.0,3.49,1.0,<Residue ASN het=  resseq=71 icode= >,4wls_A_B,2.105
568,4.469,ASN, ,CG,44.85,17.29,0.0,3.34,1.0,<Residue ASN het=  resseq=71 icode= >,4wls_A_B,2.105
569,2.488,ASN, ,OD1,40.37,17.72,0.0,2.42,1.0,<Residue ASN het=  resseq=71 icode= >,4wls_A_B,2.105
570,9.497,ASN, ,ND2,33.89,16.20,0.0,1.92,1.0,<Residue ASN het=  resseq=71 icode= >,4wls_A_B,2.105
571,0.0,ASP, ,N,31.78,1000.00,0.0,3.19,1.0,<Residue ASP het=  resseq=72 icode= >,4wls_A_B,2.105
572,2.926,ASP, ,CA,24.46,1000.00,0.0,3.45,1.0,<Residue ASP het=  resseq=72 icode= >,4wls_A_B,2.105
573,0.242,ASP, ,C,33.8,1000.00,0.0,3.36,1.0,<Residue ASP het=  resseq=72 icode= >,4wls_A_B,2.105
574,4.879,ASP, ,O,32.19,1000.00,0.0,3.79,1.0,<Residue ASP het=  resseq=72 icode= >,4wls_A_B,2.105
575,0.338,ASP, ,CB,30.62,1000.00,0.0,2.76,1.0,<Residue ASP het=  resseq=72 icode= >,4wls_A_B,2.105
576,3.481,ASP, ,CG,36.11,1000.00,0.0,4.32,1.0,<Residue ASP het=  resseq=72 icode= >,4wls_A_B,2.105
577,1.198,ASP, ,OD1,35.04,1000.00,0.0,3.53,1.0,<Residue ASP het=  resseq=72 icode= >,4wls_A_B,2.105
578,17.553,ASP, ,OD2,45.02,1000.00,0.0,2.84,1.0,<Residue ASP het=  resseq=72 icode= >,4wls_A_B,2.105
579,0.0,PRO, ,N,38.64,1000.00,0.0,3.25,1.0,<Residue PRO het=  resseq=73 icode= >,4wls_A_B,2.105
580,13.218,PRO, ,CA,28.0,1000.00,0.0,2.86,1.0,<Residue PRO het=  resseq=73 icode= >,4wls_A_B,2.105
581,0.212,PRO, ,C,42.65,1000.00,0.0,3.09,1.0,<Residue PRO het=  resseq=73 icode= >,4wls_A_B,2.105
582,27.596,PRO, ,O,40.65,1000.00,0.0,2.77,1.0,<Residue PRO het=  resseq=73 icode= >,4wls_A_B,2.105
583,26.347,PRO, ,CB,32.88,1000.00,0.0,2.79,1.0,<Residue PRO het=  resseq=73 icode= >,4wls_A_B,2.105
584,39.479,PRO, ,CG,25.25,1000.00,0.0,3.22,1.0,<Residue PRO het=  resseq=73 icode= >,4wls_A_B,2.105
585,18.099,PRO, ,CD,34.14,1000.00,0.0,2.25,1.0,<Residue PRO het=  resseq=73 icode= >,4wls_A_B,2.105
586,0.0,GLN, ,N,38.68,1000.00,0.0,2.74,1.0,<Residue GLN het=  resseq=74 icode= >,4wls_A_B,2.105
587,5.947,GLN, ,CA,42.99,1000.00,0.0,2.65,1.0,<Residue GLN het=  resseq=74 icode= >,4wls_A_B,2.105
588,0.091,GLN, ,C,44.15,1000.00,0.0,3.28,1.0,<Residue GLN het=  resseq=74 icode= >,4wls_A_B,2.105
589,0.0,GLN, ,O,42.52,1000.00,0.0,3.04,1.0,<Residue GLN het=  resseq=74 icode= >,4wls_A_B,2.105
590,2.007,GLN, ,CB,52.77,1000.00,0.0,1.08,1.0,<Residue GLN het=  resseq=74 icode= >,4wls_A_B,2.105
591,22.625,GLN, ,CG,53.42,1000.00,0.0,1.89,1.0,<Residue GLN het=  resseq=74 icode= >,4wls_A_B,2.105
592,6.107,GLN, ,CD,69.41,1000.00,0.0,1.47,1.0,<Residue GLN het=  resseq=74 icode= >,4wls_A_B,2.105
593,32.106,GLN, ,OE1,85.33,1000.00,0.0,0.16,1.0,<Residue GLN het=  resseq=74 icode= >,4wls_A_B,2.105
594,47.135,GLN, ,NE2,87.66,1000.00,0.0,0.08,1.0,<Residue GLN het=  resseq=74 icode= >,4wls_A_B,2.105
595,0.678,ARG, ,N,50.91,1000.00,0.0,2.18,1.0,<Residue ARG het=  resseq=75 icode= >,4wls_A_B,2.105
596,0.0,ARG, ,CA,45.76,1000.00,0.0,2.08,1.0,<Residue ARG het=  resseq=75 icode= >,4wls_A_B,2.105
597,0.0,ARG, ,C,51.8,1000.00,0.0,3.05,1.0,<Residue ARG het=  resseq=75 icode= >,4wls_A_B,2.105
598,3.622,ARG, ,O,39.38,1000.00,3.425,2.84,1.0,<Residue ARG het=  resseq=75 icode= >,4wls_A_B,2.105
599,8.677,ARG, ,CB,40.75,1000.00,0.0,1.52,1.0,<Residue ARG het=  resseq=75 icode= >,4wls_A_B,2.105
600,12.529,ARG, ,CG,62.35,1000.00,12.529,0.65,1.0,<Residue ARG het=  resseq=75 icode= >,4wls_A_B,2.105
601,22.292,ARG, ,CD,54.3,1000.00,14.199,1.55,1.0,<Residue ARG het=  resseq=75 icode= >,4wls_A_B,2.105
602,6.235,ARG, ,NE,64.45,1000.00,5.002,1.29,1.0,<Residue ARG het=  resseq=75 icode= >,4wls_A_B,2.105
603,8.224,ARG, ,CZ,73.25,1000.00,2.133,1.28,1.0,<Residue ARG het=  resseq=75 icode= >,4wls_A_B,2.105
604,51.083,ARG, ,NH1,81.46,1000.00,0.021,0.41,1.0,<Residue ARG het=  resseq=75 icode= >,4wls_A_B,2.105
605,22.656,ARG, ,NH2,50.1,1000.00,0.0,1.37,1.0,<Residue ARG het=  resseq=75 icode= >,4wls_A_B,2.105
606,1.062,HIS, ,N,49.5,1000.00,0.0,2.31,1.0,<Residue HIS het=  resseq=76 icode= >,4wls_A_B,2.105
607,0.446,HIS, ,CA,50.6,1000.00,0.446,1.72,1.0,<Residue HIS het=  resseq=76 icode= >,4wls_A_B,2.105
608,1.427,HIS, ,C,32.84,1000.00,0.0,4.02,1.0,<Residue HIS het=  resseq=76 icode= >,4wls_A_B,2.105
609,12.019,HIS, ,O,39.09,1000.00,0.0,2.93,1.0,<Residue HIS het=  resseq=76 icode= >,4wls_A_B,2.105
610,27.754,HIS, ,CB,49.51,1000.00,0.0,1.66,1.0,<Residue HIS het=  resseq=76 icode= >,4wls_A_B,2.105
611,2.722,HIS, ,CG,69.82,1000.00,0.0,1.47,1.0,<Residue HIS het=  resseq=76 icode= >,4wls_A_B,2.105
612,12.411,HIS, ,ND1,77.79,1000.00,0.0,1.18,1.0,<Residue HIS het=  resseq=76 icode= >,4wls_A_B,2.105
613,32.812,HIS, ,CD2,69.13,1000.00,15.58,1.08,1.0,<Residue HIS het=  resseq=76 icode= >,4wls_A_B,2.105
614,30.543,HIS, ,CE1,60.15,1000.00,0.054,1.48,1.0,<Residue HIS het=  resseq=76 icode= >,4wls_A_B,2.105
615,30.561,HIS, ,NE2,89.6,1000.00,12.849,0.46,1.0,<Residue HIS het=  resseq=76 icode= >,4wls_A_B,2.105
616,1.396,SER, ,N,38.43,1000.00,0.0,2.87,1.0,<Residue SER het=  resseq=77 icode= >,4wls_A_B,2.105
617,9.909,SER, ,CA,27.23,1000.00,0.0,3.32,1.0,<Residue SER het=  resseq=77 icode= >,4wls_A_B,2.105
618,0.0,SER, ,C,35.9,1000.00,0.0,3.58,1.0,<Residue SER het=  resseq=77 icode= >,4wls_A_B,2.105
619,0.0,SER, ,O,33.52,1000.00,0.0,2.81,1.0,<Residue SER het=  resseq=77 icode= >,4wls_A_B,2.105
620,25.175,SER, ,CB,33.23,1000.00,0.0,2.94,1.0,<Residue SER het=  resseq=77 icode= >,4wls_A_B,2.105
621,1.033,SER, ,OG,32.21,1000.00,0.0,3.22,1.0,<Residue SER het=  resseq=77 icode= >,4wls_A_B,2.105
622,8.121,ALA, ,N,42.97,1000.00,0.0,2.76,1.0,<Residue ALA het=  resseq=78 icode= >,4wls_A_B,2.105
623,3.744,ALA, ,CA,30.95,1000.00,0.0,2.96,1.0,<Residue ALA het=  resseq=78 icode= >,4wls_A_B,2.105
624,0.907,ALA, ,C,39.16,1000.00,0.0,3.61,1.0,<Residue ALA het=  resseq=78 icode= >,4wls_A_B,2.105
625,3.392,ALA, ,O,33.45,1000.00,0.0,4.23,1.0,<Residue ALA het=  resseq=78 icode= >,4wls_A_B,2.105
626,68.266,ALA, ,CB,38.23,1000.00,0.0,1.59,1.0,<Residue ALA het=  resseq=78 icode= >,4wls_A_B,2.105
627,1.974,ASP, ,N,30.5,1000.00,0.0,3.20,1.0,<Residue ASP het=  resseq=79 icode= >,4wls_A_B,2.105
628,1.491,ASP, ,CA,46.11,1000.00,0.0,1.84,1.0,<Residue ASP het=  resseq=79 icode= >,4wls_A_B,2.105
629,0.0,ASP, ,C,34.63,1000.00,0.0,3.93,1.0,<Residue ASP het=  resseq=79 icode= >,4wls_A_B,2.105
630,0.0,ASP, ,O,33.12,1000.00,0.0,3.93,1.0,<Residue ASP het=  resseq=79 icode= >,4wls_A_B,2.105
631,22.465,ASP, ,CB,36.97,1000.00,0.0,2.02,1.0,<Residue ASP het=  resseq=79 icode= >,4wls_A_B,2.105
632,8.359,ASP, ,CG,62.06,1000.00,0.0,1.88,1.0,<Residue ASP het=  resseq=79 icode= >,4wls_A_B,2.105
633,4.554,ASP, ,OD1,65.96,1000.00,0.0,1.24,1.0,<Residue ASP het=  resseq=79 icode= >,4wls_A_B,2.105
634,20.326,ASP, ,OD2,57.12,1000.00,0.0,1.59,1.0,<Residue ASP het=  resseq=79 icode= >,4wls_A_B,2.105
635,0.0,VAL, ,N,28.42,1000.00,0.0,3.87,1.0,<Residue VAL het=  resseq=80 icode= >,4wls_A_B,2.105
636,0.0,VAL, ,CA,33.33,1000.00,0.0,3.26,1.0,<Residue VAL het=  resseq=80 icode= >,4wls_A_B,2.105
637,0.0,VAL, ,C,32.87,1000.00,0.0,4.06,1.0,<Residue VAL het=  resseq=80 icode= >,4wls_A_B,2.105
638,0.0,VAL, ,O,29.22,1000.00,0.0,3.72,1.0,<Residue VAL het=  resseq=80 icode= >,4wls_A_B,2.105
639,0.0,VAL, ,CB,32.01,1000.00,0.0,3.08,1.0,<Residue VAL het=  resseq=80 icode= >,4wls_A_B,2.105
640,8.819,VAL, ,CG1,34.52,1000.00,7.535,1.66,1.0,<Residue VAL het=  resseq=80 icode= >,4wls_A_B,2.105
641,1.165,VAL, ,CG2,35.24,1000.00,0.0,1.84,1.0,<Residue VAL het=  resseq=80 icode= >,4wls_A_B,2.105
642,0.0,LYS, ,N,34.47,1000.00,0.0,2.85,1.0,<Residue LYS het=  resseq=81 icode= >,4wls_A_B,2.105
643,2.294,LYS, ,CA,26.04,1000.00,2.094,3.65,1.0,<Residue LYS het=  resseq=81 icode= >,4wls_A_B,2.105
644,0.051,LYS, ,C,39.97,1000.00,0.0,4.21,1.0,<Residue LYS het=  resseq=81 icode= >,4wls_A_B,2.105
645,0.0,LYS, ,O,26.02,1000.00,0.0,4.00,1.0,<Residue LYS het=  resseq=81 icode= >,4wls_A_B,2.105
646,10.99,LYS, ,CB,26.44,1000.00,2.5,3.63,1.0,<Residue LYS het=  resseq=81 icode= >,4wls_A_B,2.105
647,8.873,LYS, ,CG,46.53,1000.00,8.353,1.80,1.0,<Residue LYS het=  resseq=81 icode= >,4wls_A_B,2.105
648,27.575,LYS, ,CD,30.89,1000.00,4.495,2.22,1.0,<Residue LYS het=  resseq=81 icode= >,4wls_A_B,2.105
649,24.906,LYS, ,CE,43.71,1000.00,0.37,1.60,1.0,<Residue LYS het=  resseq=81 icode= >,4wls_A_B,2.105
650,34.338,LYS, ,NZ,39.96,1000.00,32.482,1.74,1.0,<Residue LYS het=  resseq=81 icode= >,4wls_A_B,2.105
651,0.531,ARG, ,N,25.77,1000.00,0.0,3.84,1.0,<Residue ARG het=  resseq=82 icode= >,4wls_A_B,2.105
652,5.427,ARG, ,CA,30.67,1000.00,0.0,3.27,1.0,<Residue ARG het=  resseq=82 icode= >,4wls_A_B,2.105
653,0.0,ARG, ,C,32.29,1000.00,0.0,4.46,1.0,<Residue ARG het=  resseq=82 icode= >,4wls_A_B,2.105
654,1.168,ARG, ,O,29.2,1000.00,0.0,3.46,1.0,<Residue ARG het=  resseq=82 icode= >,4wls_A_B,2.105
655,8.316,ARG, ,CB,22.65,1000.00,0.0,2.45,1.0,<Residue ARG het=  resseq=82 icode= >,4wls_A_B,2.105
656,26.177,ARG, ,CG,24.24,1000.00,0.0,2.97,1.0,<Residue ARG het=  resseq=82 icode= >,4wls_A_B,2.105
657,23.372,ARG, ,CD,37.56,1000.00,0.0,2.59,1.0,<Residue ARG het=  resseq=82 icode= >,4wls_A_B,2.105
658,13.042,ARG, ,NE,53.33,1000.00,0.0,1.66,1.0,<Residue ARG het=  resseq=82 icode= >,4wls_A_B,2.105
659,4.295,ARG, ,CZ,75.08,1000.00,0.0,1.43,1.0,<Residue ARG het=  resseq=82 icode= >,4wls_A_B,2.105
660,21.221,ARG, ,NH1,44.01,1000.00,0.0,1.69,1.0,<Residue ARG het=  resseq=82 icode= >,4wls_A_B,2.105
661,31.539,ARG, ,NH2,56.38,1000.00,0.0,1.31,1.0,<Residue ARG het=  resseq=82 icode= >,4wls_A_B,2.105
662,0.0,ARG, ,N,32.45,1000.00,0.0,2.97,1.0,<Residue ARG het=  resseq=83 icode= >,4wls_A_B,2.105
663,0.0,ARG, ,CA,26.78,1000.00,0.0,3.30,1.0,<Residue ARG het=  resseq=83 icode= >,4wls_A_B,2.105
664,0.0,ARG, ,C,26.49,1000.00,0.0,5.29,1.0,<Residue ARG het=  resseq=83 icode= >,4wls_A_B,2.105
665,0.314,ARG, ,O,25.95,1000.00,0.0,4.05,1.0,<Residue ARG het=  resseq=83 icode= >,4wls_A_B,2.105
666,3.595,ARG, ,CB,38.34,1000.00,0.0,2.21,1.0,<Residue ARG het=  resseq=83 icode= >,4wls_A_B,2.105
667,3.346,ARG, ,CG,44.14,1000.00,0.0,1.67,1.0,<Residue ARG het=  resseq=83 icode= >,4wls_A_B,2.105
668,27.703,ARG, ,CD,52.3,1000.00,0.0,1.35,1.0,<Residue ARG het=  resseq=83 icode= >,4wls_A_B,2.105
669,2.703,ARG, ,NE,56.82,1000.00,0.0,2.05,1.0,<Residue ARG het=  resseq=83 icode= >,4wls_A_B,2.105
670,4.558,ARG, ,CZ,50.33,1000.00,0.0,2.70,1.0,<Residue ARG het=  resseq=83 icode= >,4wls_A_B,2.105
671,12.692,ARG, ,NH1,71.46,1000.00,0.0,0.41,1.0,<Residue ARG het=  resseq=83 icode= >,4wls_A_B,2.105
672,11.357,ARG, ,NH2,47.66,1000.00,0.0,1.88,1.0,<Residue ARG het=  resseq=83 icode= >,4wls_A_B,2.105
673,0.0,THR, ,N,29.32,1000.00,0.0,3.71,1.0,<Residue THR het=  resseq=84 icode= >,4wls_A_B,2.105
674,0.026,THR, ,CA,32.63,1000.00,0.026,2.73,1.0,<Residue THR het=  resseq=84 icode= >,4wls_A_B,2.105
675,0.0,THR, ,C,32.61,1000.00,0.0,3.59,1.0,<Residue THR het=  resseq=84 icode= >,4wls_A_B,2.105
676,0.065,THR, ,O,28.4,1000.00,0.065,3.29,1.0,<Residue THR het=  resseq=84 icode= >,4wls_A_B,2.105
677,1.439,THR, ,CB,24.75,1000.00,1.439,4.05,1.0,<Residue THR het=  resseq=84 icode= >,4wls_A_B,2.105
678,6.907,THR, ,OG1,31.13,1000.00,6.799,3.72,1.0,<Residue THR het=  resseq=84 icode= >,4wls_A_B,2.105
679,42.718,THR, ,CG2,22.15,1000.00,42.718,2.29,1.0,<Residue THR het=  resseq=84 icode= >,4wls_A_B,2.105
680,0.0,LEU, ,N,35.93,1000.00,0.0,2.29,1.0,<Residue LEU het=  resseq=85 icode= >,4wls_A_B,2.105
681,0.0,LEU, ,CA,21.75,1000.00,0.0,3.19,1.0,<Residue LEU het=  resseq=85 icode= >,4wls_A_B,2.105
682,1.501,LEU, ,C,27.41,1000.00,0.0,4.48,1.0,<Residue LEU het=  resseq=85 icode= >,4wls_A_B,2.105
683,2.608,LEU, ,O,28.41,1000.00,0.0,3.49,1.0,<Residue LEU het=  resseq=85 icode= >,4wls_A_B,2.105
684,15.463,LEU, ,CB,24.49,1000.00,0.0,2.95,1.0,<Residue LEU het=  resseq=85 icode= >,4wls_A_B,2.105
685,0.3,LEU, ,CG,32.11,1000.00,0.285,2.81,1.0,<Residue LEU het=  resseq=85 icode= >,4wls_A_B,2.105
686,56.772,LEU, ,CD1,37.11,1000.00,0.051,1.41,1.0,<Residue LEU het=  resseq=85 icode= >,4wls_A_B,2.105
687,41.448,LEU, ,CD2,36.33,1000.00,24.558,1.36,1.0,<Residue LEU het=  resseq=85 icode= >,4wls_A_B,2.105
688,0.981,GLU, ,N,22.82,1000.00,0.0,3.96,1.0,<Residue GLU het=  resseq=86 icode= >,4wls_A_B,2.105
689,7.236,GLU, ,CA,29.87,1000.00,0.0,2.94,1.0,<Residue GLU het=  resseq=86 icode= >,4wls_A_B,2.105
690,0.0,GLU, ,C,22.77,1000.00,0.0,4.98,1.0,<Residue GLU het=  resseq=86 icode= >,4wls_A_B,2.105
691,0.739,GLU, ,O,24.01,1000.00,0.0,4.16,1.0,<Residue GLU het=  resseq=86 icode= >,4wls_A_B,2.105
692,3.652,GLU, ,CB,34.04,1000.00,0.0,2.56,1.0,<Residue GLU het=  resseq=86 icode= >,4wls_A_B,2.105
693,18.968,GLU, ,CG,46.3,1000.00,0.0,1.29,1.0,<Residue GLU het=  resseq=86 icode= >,4wls_A_B,2.105
694,8.294,GLU, ,CD,67.83,1000.00,0.0,1.86,1.0,<Residue GLU het=  resseq=86 icode= >,4wls_A_B,2.105
695,31.415,GLU, ,OE1,63.85,1000.00,0.0,1.28,1.0,<Residue GLU het=  resseq=86 icode= >,4wls_A_B,2.105
696,22.829,GLU, ,OE2,54.32,1000.00,0.0,1.97,1.0,<Residue GLU het=  resseq=86 icode= >,4wls_A_B,2.105
697,0.0,LYS, ,N,24.64,16.94,0.0,3.81,1.0,<Residue LYS het=  resseq=87 icode= >,4wls_A_B,2.105
698,0.0,LYS, ,CA,27.92,16.09,0.0,2.56,1.0,<Residue LYS het=  resseq=87 icode= >,4wls_A_B,2.105
699,0.0,LYS, ,C,23.23,17.01,0.0,4.72,1.0,<Residue LYS het=  resseq=87 icode= >,4wls_A_B,2.105
700,0.0,LYS, ,O,27.66,16.66,0.0,4.56,1.0,<Residue LYS het=  resseq=87 icode= >,4wls_A_B,2.105
701,4.206,LYS, ,CB,30.25,15.58,4.206,2.12,1.0,<Residue LYS het=  resseq=87 icode= >,4wls_A_B,2.105
702,0.0,LYS, ,CG,34.69,14.70,0.0,1.91,1.0,<Residue LYS het=  resseq=87 icode= >,4wls_A_B,2.105
703,0.0,LYS, ,CD,32.02,13.31,0.0,2.26,1.0,<Residue LYS het=  resseq=87 icode= >,4wls_A_B,2.105
704,4.407,LYS, ,CE,38.72,12.65,0.0,1.99,1.0,<Residue LYS het=  resseq=87 icode= >,4wls_A_B,2.105
705,6.444,LYS, ,NZ,45.83,11.84,0.0,1.45,1.0,<Residue LYS het=  resseq=87 icode= >,4wls_A_B,2.105
706,0.039,VAL, ,N,28.96,18.25,0.039,3.10,1.0,<Residue VAL het=  resseq=88 icode= >,4wls_A_B,2.105
707,0.787,VAL, ,CA,22.63,19.23,0.787,3.08,1.0,<Residue VAL het=  resseq=88 icode= >,4wls_A_B,2.105
708,0.0,VAL, ,C,28.3,19.34,0.0,3.95,1.0,<Residue VAL het=  resseq=88 icode= >,4wls_A_B,2.105
709,0.0,VAL, ,O,30.69,19.41,0.0,3.73,1.0,<Residue VAL het=  resseq=88 icode= >,4wls_A_B,2.105
710,0.0,VAL, ,CB,20.78,20.60,0.0,3.69,1.0,<Residue VAL het=  resseq=88 icode= >,4wls_A_B,2.105
711,30.353,VAL, ,CG1,21.49,21.69,20.594,2.29,1.0,<Residue VAL het=  resseq=88 icode= >,4wls_A_B,2.105
712,29.498,VAL, ,CG2,20.1,20.65,29.498,3.35,1.0,<Residue VAL het=  resseq=88 icode= >,4wls_A_B,2.105
713,0.0,ALA, ,N,27.32,1000.00,0.0,4.18,1.0,<Residue ALA het=  resseq=89 icode= >,4wls_A_B,2.105
714,0.737,ALA, ,CA,21.08,1000.00,0.0,3.76,1.0,<Residue ALA het=  resseq=89 icode= >,4wls_A_B,2.105
715,0.147,ALA, ,C,32.7,1000.00,0.0,3.39,1.0,<Residue ALA het=  resseq=89 icode= >,4wls_A_B,2.105
716,0.0,ALA, ,O,25.43,1000.00,0.0,4.41,1.0,<Residue ALA het=  resseq=89 icode= >,4wls_A_B,2.105
717,41.532,ALA, ,CB,21.52,1000.00,0.0,2.53,1.0,<Residue ALA het=  resseq=89 icode= >,4wls_A_B,2.105
718,0.449,GLU, ,N,25.28,17.46,0.0,3.25,1.0,<Residue GLU het=  resseq=90 icode= >,4wls_A_B,2.105
719,2.728,GLU, ,CA,34.71,16.37,0.0,2.55,1.0,<Residue GLU het=  resseq=90 icode= >,4wls_A_B,2.105
720,0.0,GLU, ,C,26.98,16.45,0.0,4.11,1.0,<Residue GLU het=  resseq=90 icode= >,4wls_A_B,2.105
721,0.0,GLU, ,O,31.94,16.39,0.0,3.55,1.0,<Residue GLU het=  resseq=90 icode= >,4wls_A_B,2.105
722,1.896,GLU, ,CB,25.81,15.01,0.0,3.10,1.0,<Residue GLU het=  resseq=90 icode= >,4wls_A_B,2.105
723,22.364,GLU, ,CG,64.2,14.90,0.0,0.43,1.0,<Residue GLU het=  resseq=90 icode= >,4wls_A_B,2.105
724,7.838,GLU, ,CD,65.82,13.61,0.0,1.81,1.0,<Residue GLU het=  resseq=90 icode= >,4wls_A_B,2.105
725,13.017,GLU, ,OE1,58.72,12.53,0.0,1.40,1.0,<Residue GLU het=  resseq=90 icode= >,4wls_A_B,2.105
726,6.989,GLU, ,OE2,39.11,13.76,0.0,2.68,1.0,<Residue GLU het=  resseq=90 icode= >,4wls_A_B,2.105
727,0.0,ILE, ,N,25.76,16.63,0.0,4.27,1.0,<Residue ILE het=  resseq=91 icode= >,4wls_A_B,2.105
728,0.068,ILE, ,CA,23.35,16.92,0.068,3.74,1.0,<Residue ILE het=  resseq=91 icode= >,4wls_A_B,2.105
729,0.0,ILE, ,C,24.43,18.18,0.0,4.83,1.0,<Residue ILE het=  resseq=91 icode= >,4wls_A_B,2.105
730,0.0,ILE, ,O,28.71,18.13,0.0,4.16,1.0,<Residue ILE het=  resseq=91 icode= >,4wls_A_B,2.105
731,0.0,ILE, ,CB,25.21,17.21,0.0,3.06,1.0,<Residue ILE het=  resseq=91 icode= >,4wls_A_B,2.105
732,2.753,ILE, ,CG1,32.08,15.93,2.753,1.91,1.0,<Residue ILE het=  resseq=91 icode= >,4wls_A_B,2.105
733,30.261,ILE, ,CG2,29.76,18.15,30.261,1.80,1.0,<Residue ILE het=  resseq=91 icode= >,4wls_A_B,2.105
734,35.781,ILE, ,CD1,28.01,16.26,27.098,2.21,1.0,<Residue ILE het=  resseq=91 icode= >,4wls_A_B,2.105
735,0.0,GLU, ,N,26.63,1000.00,0.0,4.12,1.0,<Residue GLU het=  resseq=92 icode= >,4wls_A_B,2.105
736,0.583,GLU, ,CA,27.33,1000.00,0.0,4.10,1.0,<Residue GLU het=  resseq=92 icode= >,4wls_A_B,2.105
737,0.0,GLU, ,C,25.88,1000.00,0.0,4.45,1.0,<Residue GLU het=  resseq=92 icode= >,4wls_A_B,2.105
738,0.822,GLU, ,O,30.16,1000.00,0.0,3.33,1.0,<Residue GLU het=  resseq=92 icode= >,4wls_A_B,2.105
739,2.774,GLU, ,CB,26.64,1000.00,0.0,3.13,1.0,<Residue GLU het=  resseq=92 icode= >,4wls_A_B,2.105
740,12.41,GLU, ,CG,35.79,1000.00,6.744,2.58,1.0,<Residue GLU het=  resseq=92 icode= >,4wls_A_B,2.105
741,8.478,GLU, ,CD,28.21,1000.00,0.663,4.50,1.0,<Residue GLU het=  resseq=92 icode= >,4wls_A_B,2.105
742,23.59,GLU, ,OE1,53.42,1000.00,0.0,2.17,1.0,<Residue GLU het=  resseq=92 icode= >,4wls_A_B,2.105
743,30.259,GLU, ,OE2,40.68,1000.00,26.625,3.16,1.0,<Residue GLU het=  resseq=92 icode= >,4wls_A_B,2.105
744,0.0,ARG, ,N,22.39,18.47,0.0,3.81,1.0,<Residue ARG het=  resseq=93 icode= >,4wls_A_B,2.105
745,0.216,ARG, ,CA,21.47,17.75,0.0,3.23,1.0,<Residue ARG het=  resseq=93 icode= >,4wls_A_B,2.105
746,0.0,ARG, ,C,25.8,16.85,0.0,4.39,1.0,<Residue ARG het=  resseq=93 icode= >,4wls_A_B,2.105
747,0.452,ARG, ,O,25.94,16.72,0.0,4.03,1.0,<Residue ARG het=  resseq=93 icode= >,4wls_A_B,2.105
748,16.66,ARG, ,CB,24.94,16.76,4.832,2.26,1.0,<Residue ARG het=  resseq=93 icode= >,4wls_A_B,2.105
749,16.317,ARG, ,CG,35.51,17.29,0.0,1.71,1.0,<Residue ARG het=  resseq=93 icode= >,4wls_A_B,2.105
750,34.867,ARG, ,CD,22.43,18.21,0.0,2.98,1.0,<Residue ARG het=  resseq=93 icode= >,4wls_A_B,2.105
751,2.835,ARG, ,NE,31.42,19.55,0.0,2.45,1.0,<Residue ARG het=  resseq=93 icode= >,4wls_A_B,2.105
752,4.284,ARG, ,CZ,38.59,20.49,0.0,3.02,1.0,<Residue ARG het=  resseq=93 icode= >,4wls_A_B,2.105
753,22.075,ARG, ,NH1,36.72,20.31,0.0,2.05,1.0,<Residue ARG het=  resseq=93 icode= >,4wls_A_B,2.105
754,21.007,ARG, ,NH2,37.63,21.68,0.0,1.99,1.0,<Residue ARG het=  resseq=93 icode= >,4wls_A_B,2.105
755,0.0,HIS, ,N,23.66,16.36,0.0,4.04,1.0,<Residue HIS het=  resseq=94 icode= >,4wls_A_B,2.105
756,0.891,HIS, ,CA,21.6,15.62,0.891,2.80,1.0,<Residue HIS het=  resseq=94 icode= >,4wls_A_B,2.105
757,0.0,HIS, ,C,23.66,16.62,0.0,4.37,1.0,<Residue HIS het=  resseq=94 icode= >,4wls_A_B,2.105
758,0.839,HIS, ,O,31.89,16.42,0.839,3.40,1.0,<Residue HIS het=  resseq=94 icode= >,4wls_A_B,2.105
759,14.358,HIS, ,CB,21.93,15.05,14.358,3.32,1.0,<Residue HIS het=  resseq=94 icode= >,4wls_A_B,2.105
760,2.361,HIS, ,CG,27.53,13.96,2.361,3.96,1.0,<Residue HIS het=  resseq=94 icode= >,4wls_A_B,2.105
761,10.229,HIS, ,ND1,34.34,13.21,10.229,3.33,1.0,<Residue HIS het=  resseq=94 icode= >,4wls_A_B,2.105
762,2.611,HIS, ,CD2,26.75,13.61,2.591,3.27,1.0,<Residue HIS het=  resseq=94 icode= >,4wls_A_B,2.105
763,38.869,HIS, ,CE1,31.4,12.40,27.255,3.39,1.0,<Residue HIS het=  resseq=94 icode= >,4wls_A_B,2.105
764,8.525,HIS, ,NE2,29.26,12.64,2.238,3.43,1.0,<Residue HIS het=  resseq=94 icode= >,4wls_A_B,2.105
765,0.0,ILE, ,N,26.2,17.80,0.0,3.36,1.0,<Residue ILE het=  resseq=95 icode= >,4wls_A_B,2.105
766,0.3,ILE, ,CA,31.73,18.88,0.3,2.69,1.0,<Residue ILE het=  resseq=95 icode= >,4wls_A_B,2.105
767,0.0,ILE, ,C,26.58,19.24,0.0,3.91,1.0,<Residue ILE het=  resseq=95 icode= >,4wls_A_B,2.105
768,0.0,ILE, ,O,34.07,19.48,0.0,3.44,1.0,<Residue ILE het=  resseq=95 icode= >,4wls_A_B,2.105
769,0.637,ILE, ,CB,30.73,20.15,0.0,2.64,1.0,<Residue ILE het=  resseq=95 icode= >,4wls_A_B,2.105
770,17.237,ILE, ,CG1,30.21,20.03,17.237,2.66,1.0,<Residue ILE het=  resseq=95 icode= >,4wls_A_B,2.105
771,25.787,ILE, ,CG2,29.55,21.38,13.984,1.47,1.0,<Residue ILE het=  resseq=95 icode= >,4wls_A_B,2.105
772,37.764,ILE, ,CD1,23.99,21.20,32.805,2.75,1.0,<Residue ILE het=  resseq=95 icode= >,4wls_A_B,2.105
773,0.0,GLU, ,N,36.22,1000.00,0.0,2.94,1.0,<Residue GLU het=  resseq=96 icode= >,4wls_A_B,2.105
774,2.193,GLU, ,CA,29.54,1000.00,0.0,2.88,1.0,<Residue GLU het=  resseq=96 icode= >,4wls_A_B,2.105
775,1.486,GLU, ,C,30.57,1000.00,0.0,4.22,1.0,<Residue GLU het=  resseq=96 icode= >,4wls_A_B,2.105
776,5.576,GLU, ,O,28.87,1000.00,0.0,3.50,1.0,<Residue GLU het=  resseq=96 icode= >,4wls_A_B,2.105
777,12.444,GLU, ,CB,33.16,1000.00,0.0,1.78,1.0,<Residue GLU het=  resseq=96 icode= >,4wls_A_B,2.105
778,27.652,GLU, ,CG,33.3,1000.00,0.0,1.76,1.0,<Residue GLU het=  resseq=96 icode= >,4wls_A_B,2.105
779,8.149,GLU, ,CD,41.99,1000.00,0.0,3.25,1.0,<Residue GLU het=  resseq=96 icode= >,4wls_A_B,2.105
780,17.252,GLU, ,OE1,42.92,1000.00,0.0,2.10,1.0,<Residue GLU het=  resseq=96 icode= >,4wls_A_B,2.105
781,16.41,GLU, ,OE2,46.01,1000.00,0.0,2.38,1.0,<Residue GLU het=  resseq=96 icode= >,4wls_A_B,2.105
782,0.0,GLU, ,N,23.78,17.63,0.0,3.64,1.0,<Residue GLU het=  resseq=97 icode= >,4wls_A_B,2.105
783,0.3,GLU, ,CA,36.73,16.72,0.0,2.35,1.0,<Residue GLU het=  resseq=97 icode= >,4wls_A_B,2.105
784,0.0,GLU, ,C,39.47,16.79,0.0,3.69,1.0,<Residue GLU het=  resseq=97 icode= >,4wls_A_B,2.105
785,0.226,GLU, ,O,32.25,16.78,0.226,3.74,1.0,<Residue GLU het=  resseq=97 icode= >,4wls_A_B,2.105
786,14.087,GLU, ,CB,31.3,15.27,14.087,2.36,1.0,<Residue GLU het=  resseq=97 icode= >,4wls_A_B,2.105
787,13.269,GLU, ,CG,40.25,15.09,10.682,2.08,1.0,<Residue GLU het=  resseq=97 icode= >,4wls_A_B,2.105
788,14.872,GLU, ,CD,40.07,15.18,6.934,3.00,1.0,<Residue GLU het=  resseq=97 icode= >,4wls_A_B,2.105
789,42.089,GLU, ,OE1,47.02,14.78,25.487,1.73,1.0,<Residue GLU het=  resseq=97 icode= >,4wls_A_B,2.105
790,24.618,GLU, ,OE2,39.98,15.78,15.968,2.12,1.0,<Residue GLU het=  resseq=97 icode= >,4wls_A_B,2.105
791,0.0,LEU, ,N,30.07,16.88,0.0,3.99,1.0,<Residue LEU het=  resseq=98 icode= >,4wls_A_B,2.105
792,0.0,LEU, ,CA,28.79,17.06,0.0,3.76,1.0,<Residue LEU het=  resseq=98 icode= >,4wls_A_B,2.105
793,0.865,LEU, ,C,34.23,18.37,0.865,4.32,1.0,<Residue LEU het=  resseq=98 icode= >,4wls_A_B,2.105
794,2.197,LEU, ,O,27.19,18.53,2.197,4.23,1.0,<Residue LEU het=  resseq=98 icode= >,4wls_A_B,2.105
795,10.304,LEU, ,CB,31.54,17.23,10.304,3.07,1.0,<Residue LEU het=  resseq=98 icode= >,4wls_A_B,2.105
796,5.863,LEU, ,CG,35.36,15.95,5.863,2.98,1.0,<Residue LEU het=  resseq=98 icode= >,4wls_A_B,2.105
797,48.716,LEU, ,CD1,31.01,16.29,48.716,1.99,1.0,<Residue LEU het=  resseq=98 icode= >,4wls_A_B,2.105
798,40.909,LEU, ,CD2,29.72,15.44,40.909,2.20,1.0,<Residue LEU het=  resseq=98 icode= >,4wls_A_B,2.105
799,0.0,GLN, ,N,20.81,1000.00,0.0,4.16,1.0,<Residue GLN het=  resseq=99 icode= >,4wls_A_B,2.105
800,0.131,GLN, ,CA,29.61,1000.00,0.131,3.27,1.0,<Residue GLN het=  resseq=99 icode= >,4wls_A_B,2.105
801,0.351,GLN, ,C,31.29,1000.00,0.0,4.60,1.0,<Residue GLN het=  resseq=99 icode= >,4wls_A_B,2.105
802,0.175,GLN, ,O,26.68,1000.00,0.0,4.33,1.0,<Residue GLN het=  resseq=99 icode= >,4wls_A_B,2.105
803,15.3,GLN, ,CB,31.51,1000.00,0.0,2.54,1.0,<Residue GLN het=  resseq=99 icode= >,4wls_A_B,2.105
804,11.665,GLN, ,CG,30.15,1000.00,8.899,2.37,1.0,<Residue GLN het=  resseq=99 icode= >,4wls_A_B,2.105
805,4.913,GLN, ,CD,49.01,1000.00,0.0,2.61,1.0,<Residue GLN het=  resseq=99 icode= >,4wls_A_B,2.105
806,21.04,GLN, ,OE1,42.91,1000.00,0.0,1.67,1.0,<Residue GLN het=  resseq=99 icode= >,4wls_A_B,2.105
807,48.219,GLN, ,NE2,39.85,1000.00,14.731,1.99,1.0,<Residue GLN het=  resseq=99 icode= >,4wls_A_B,2.105
808,1.102,SER, ,N,24.04,1000.00,0.0,4.07,1.0,<Residue SER het=  resseq=100 icode= >,4wls_A_B,2.105
809,7.038,SER, ,CA,31.43,1000.00,0.0,3.00,1.0,<Residue SER het=  resseq=100 icode= >,4wls_A_B,2.105
810,0.0,SER, ,C,40.05,1000.00,0.0,3.14,1.0,<Residue SER het=  resseq=100 icode= >,4wls_A_B,2.105
811,0.479,SER, ,O,35.53,1000.00,0.0,3.77,1.0,<Residue SER het=  resseq=100 icode= >,4wls_A_B,2.105
812,18.09,SER, ,CB,35.44,1000.00,0.165,2.40,1.0,<Residue SER het=  resseq=100 icode= >,4wls_A_B,2.105
813,25.213,SER, ,OG,43.3,1000.00,6.704,1.83,1.0,<Residue SER het=  resseq=100 icode= >,4wls_A_B,2.105
814,0.0,MET, ,N,41.42,18.18,0.0,2.50,1.0,<Residue MET het=  resseq=101 icode= >,4wls_A_B,2.105
815,1.092,MET, ,CA,28.33,17.68,0.299,3.16,1.0,<Residue MET het=  resseq=101 icode= >,4wls_A_B,2.105
816,0.0,MET, ,C,30.16,18.78,0.0,4.43,1.0,<Residue MET het=  resseq=101 icode= >,4wls_A_B,2.105
817,0.053,MET, ,O,29.38,19.16,0.053,4.17,1.0,<Residue MET het=  resseq=101 icode= >,4wls_A_B,2.105
818,3.046,MET, ,CB,24.61,16.38,2.618,3.12,1.0,<Residue MET het=  resseq=101 icode= >,4wls_A_B,2.105
819,16.773,MET, ,CG,53.11,15.23,16.773,1.13,1.0,<Residue MET het=  resseq=101 icode= >,4wls_A_B,2.105
820,30.702,MET, ,S,71.06,13.68,30.702,6.50,1.0,<Residue MET het=  resseq=101 icode= >,4wls_A_B,2.105
821,51.96,MET, ,CE,25.75,14.06,51.468,3.29,1.0,<Residue MET het=  resseq=101 icode= >,4wls_A_B,2.105
822,0.441,ARG, ,N,30.48,1000.00,0.441,3.65,1.0,<Residue ARG het=  resseq=102 icode= >,4wls_A_B,2.105
823,4.081,ARG, ,CA,22.66,1000.00,4.081,3.95,1.0,<Residue ARG het=  resseq=102 icode= >,4wls_A_B,2.105
824,0.0,ARG, ,C,38.02,1000.00,0.0,3.95,1.0,<Residue ARG het=  resseq=102 icode= >,4wls_A_B,2.105
825,0.191,ARG, ,O,25.07,1000.00,0.191,3.79,1.0,<Residue ARG het=  resseq=102 icode= >,4wls_A_B,2.105
826,8.532,ARG, ,CB,34.39,1000.00,8.532,2.58,1.0,<Residue ARG het=  resseq=102 icode= >,4wls_A_B,2.105
827,7.156,ARG, ,CG,26.18,1000.00,7.156,2.90,1.0,<Residue ARG het=  resseq=102 icode= >,4wls_A_B,2.105
828,24.698,ARG, ,CD,41.68,1000.00,20.046,2.28,1.0,<Residue ARG het=  resseq=102 icode= >,4wls_A_B,2.105
829,17.879,ARG, ,NE,46.93,1000.00,15.739,1.78,1.0,<Residue ARG het=  resseq=102 icode= >,4wls_A_B,2.105
830,4.48,ARG, ,CZ,49.76,1000.00,0.0,2.46,1.0,<Residue ARG het=  resseq=102 icode= >,4wls_A_B,2.105
831,26.989,ARG, ,NH1,49.67,1000.00,0.0,1.47,1.0,<Residue ARG het=  resseq=102 icode= >,4wls_A_B,2.105
832,49.848,ARG, ,NH2,37.72,1000.00,8.962,2.14,1.0,<Residue ARG het=  resseq=102 icode= >,4wls_A_B,2.105
833,0.0,ASP, ,N,33.69,1000.00,0.0,3.39,1.0,<Residue ASP het=  resseq=103 icode= >,4wls_A_B,2.105
834,1.578,ASP, ,CA,34.63,1000.00,0.0,2.45,1.0,<Residue ASP het=  resseq=103 icode= >,4wls_A_B,2.105
835,1.036,ASP, ,C,33.46,1000.00,0.0,3.98,1.0,<Residue ASP het=  resseq=103 icode= >,4wls_A_B,2.105
836,2.744,ASP, ,O,28.19,1000.00,0.0,3.55,1.0,<Residue ASP het=  resseq=103 icode= >,4wls_A_B,2.105
837,20.355,ASP, ,CB,37.12,1000.00,0.0,1.95,1.0,<Residue ASP het=  resseq=103 icode= >,4wls_A_B,2.105
838,8.011,ASP, ,CG,49.0,1000.00,0.0,2.79,1.0,<Residue ASP het=  resseq=103 icode= >,4wls_A_B,2.105
839,18.045,ASP, ,OD1,43.72,1000.00,0.0,2.11,1.0,<Residue ASP het=  resseq=103 icode= >,4wls_A_B,2.105
840,33.605,ASP, ,OD2,49.73,1000.00,0.0,2.12,1.0,<Residue ASP het=  resseq=103 icode= >,4wls_A_B,2.105
841,0.089,GLN, ,N,19.78,1000.00,0.0,4.60,1.0,<Residue GLN het=  resseq=104 icode= >,4wls_A_B,2.105
842,5.064,GLN, ,CA,23.37,1000.00,0.0,3.59,1.0,<Residue GLN het=  resseq=104 icode= >,4wls_A_B,2.105
843,1.021,GLN, ,C,23.21,1000.00,1.021,4.01,1.0,<Residue GLN het=  resseq=104 icode= >,4wls_A_B,2.105
844,5.368,GLN, ,O,35.49,1000.00,3.499,3.16,1.0,<Residue GLN het=  resseq=104 icode= >,4wls_A_B,2.105
845,16.646,GLN, ,CB,25.45,1000.00,13.731,2.74,1.0,<Residue GLN het=  resseq=104 icode= >,4wls_A_B,2.105
846,15.732,GLN, ,CG,44.92,1000.00,0.0,1.14,1.0,<Residue GLN het=  resseq=104 icode= >,4wls_A_B,2.105
847,4.267,GLN, ,CD,44.19,1000.00,0.94,2.71,1.0,<Residue GLN het=  resseq=104 icode= >,4wls_A_B,2.105
848,16.294,GLN, ,OE1,54.2,1000.00,13.276,1.96,1.0,<Residue GLN het=  resseq=104 icode= >,4wls_A_B,2.105
849,57.587,GLN, ,NE2,54.66,1000.00,1.409,1.05,1.0,<Residue GLN het=  resseq=104 icode= >,4wls_A_B,2.105
850,0.0,LEU, ,N,31.58,1000.00,0.0,3.60,1.0,<Residue LEU het=  resseq=105 icode= >,4wls_A_B,2.105
851,0.66,LEU, ,CA,29.56,1000.00,0.66,2.51,1.0,<Residue LEU het=  resseq=105 icode= >,4wls_A_B,2.105
852,1.113,LEU, ,C,28.86,1000.00,1.113,3.97,1.0,<Residue LEU het=  resseq=105 icode= >,4wls_A_B,2.105
853,2.253,LEU, ,O,32.15,1000.00,2.253,3.55,1.0,<Residue LEU het=  resseq=105 icode= >,4wls_A_B,2.105
854,11.938,LEU, ,CB,26.14,1000.00,11.938,2.70,1.0,<Residue LEU het=  resseq=105 icode= >,4wls_A_B,2.105
855,3.059,LEU, ,CG,22.69,1000.00,2.014,3.72,1.0,<Residue LEU het=  resseq=105 icode= >,4wls_A_B,2.105
856,39.48,LEU, ,CD1,23.92,1000.00,39.48,2.21,1.0,<Residue LEU het=  resseq=105 icode= >,4wls_A_B,2.105
857,49.86,LEU, ,CD2,25.84,1000.00,49.848,2.28,1.0,<Residue LEU het=  resseq=105 icode= >,4wls_A_B,2.105
858,0.0,LEU, ,N,29.78,1000.00,0.0,3.70,1.0,<Residue LEU het=  resseq=106 icode= >,4wls_A_B,2.105
859,0.012,LEU, ,CA,32.77,1000.00,0.012,2.76,1.0,<Residue LEU het=  resseq=106 icode= >,4wls_A_B,2.105
860,0.0,LEU, ,C,46.33,1000.00,0.0,3.16,1.0,<Residue LEU het=  resseq=106 icode= >,4wls_A_B,2.105
861,0.0,LEU, ,O,34.3,1000.00,0.0,3.02,1.0,<Residue LEU het=  resseq=106 icode= >,4wls_A_B,2.105
862,5.743,LEU, ,CB,25.28,1000.00,0.0,3.20,1.0,<Residue LEU het=  resseq=106 icode= >,4wls_A_B,2.105
863,1.304,LEU, ,CG,30.58,1000.00,1.304,3.33,1.0,<Residue LEU het=  resseq=106 icode= >,4wls_A_B,2.105
864,20.124,LEU, ,CD1,34.15,1000.00,0.397,1.29,1.0,<Residue LEU het=  resseq=106 icode= >,4wls_A_B,2.105
865,51.311,LEU, ,CD2,26.02,1000.00,33.351,2.54,1.0,<Residue LEU het=  resseq=106 icode= >,4wls_A_B,2.105
866,1.01,ALA, ,N,35.12,1000.00,0.0,3.16,1.0,<Residue ALA het=  resseq=107 icode= >,4wls_A_B,2.105
867,6.569,ALA, ,CA,31.02,1000.00,0.0,3.25,1.0,<Residue ALA het=  resseq=107 icode= >,4wls_A_B,2.105
868,1.358,ALA, ,C,36.58,1000.00,0.0,3.68,1.0,<Residue ALA het=  resseq=107 icode= >,4wls_A_B,2.105
869,8.357,ALA, ,O,38.67,1000.00,0.0,2.52,1.0,<Residue ALA het=  resseq=107 icode= >,4wls_A_B,2.105
870,49.979,ALA, ,CB,37.21,1000.00,0.0,1.87,1.0,<Residue ALA het=  resseq=107 icode= >,4wls_A_B,2.105
871,0.869,LEU, ,N,35.02,1000.00,0.0,3.19,1.0,<Residue LEU het=  resseq=108 icode= >,4wls_A_B,2.105
872,5.421,LEU, ,CA,34.35,1000.00,0.0,3.30,1.0,<Residue LEU het=  resseq=108 icode= >,4wls_A_B,2.105
873,0.0,LEU, ,C,38.56,1000.00,0.0,3.18,1.0,<Residue LEU het=  resseq=108 icode= >,4wls_A_B,2.105
874,7.683,LEU, ,O,49.14,1000.00,6.596,1.98,1.0,<Residue LEU het=  resseq=108 icode= >,4wls_A_B,2.105
875,4.611,LEU, ,CB,29.0,1000.00,3.927,2.90,1.0,<Residue LEU het=  resseq=108 icode= >,4wls_A_B,2.105
876,8.6,LEU, ,CG,39.62,1000.00,8.293,2.48,1.0,<Residue LEU het=  resseq=108 icode= >,4wls_A_B,2.105
877,54.384,LEU, ,CD1,45.63,1000.00,44.746,1.58,1.0,<Residue LEU het=  resseq=108 icode= >,4wls_A_B,2.105
878,53.237,LEU, ,CD2,32.77,1000.00,53.237,1.68,1.0,<Residue LEU het=  resseq=108 icode= >,4wls_A_B,2.105
879,0.254,ALA, ,N,33.52,1000.00,0.254,3.13,1.0,<Residue ALA het=  resseq=109 icode= >,4wls_A_B,2.105
880,11.702,ALA, ,CA,37.09,1000.00,11.448,2.72,1.0,<Residue ALA het=  resseq=109 icode= >,4wls_A_B,2.105
881,0.024,ALA, ,C,43.47,1000.00,0.021,2.78,1.0,<Residue ALA het=  resseq=109 icode= >,4wls_A_B,2.105
882,29.841,ALA, ,O,37.78,1000.00,21.699,2.30,1.0,<Residue ALA het=  resseq=109 icode= >,4wls_A_B,2.105
883,43.232,ALA, ,CB,30.97,1000.00,41.42,2.50,1.0,<Residue ALA het=  resseq=109 icode= >,4wls_A_B,2.105
884,0.0,ASN, ,N,47.43,1000.00,0.0,2.01,1.0,<Residue ASN het=  resseq=110 icode= >,4wls_A_B,2.105
885,5.155,ASN, ,CA,52.59,1000.00,0.0,2.05,1.0,<Residue ASN het=  resseq=110 icode= >,4wls_A_B,2.105
886,3.104,ASN, ,C,52.03,1000.00,0.135,2.57,1.0,<Residue ASN het=  resseq=110 icode= >,4wls_A_B,2.105
887,25.697,ASN, ,O,55.73,1000.00,0.0,1.82,1.0,<Residue ASN het=  resseq=110 icode= >,4wls_A_B,2.105
888,19.535,ASN, ,CB,49.06,1000.00,0.0,1.51,1.0,<Residue ASN het=  resseq=110 icode= >,4wls_A_B,2.105
889,5.49,ASN, ,CG,75.0,1000.00,0.0,1.21,1.0,<Residue ASN het=  resseq=110 icode= >,4wls_A_B,2.105
890,32.432,ASN, ,OD1,55.68,1000.00,0.685,1.55,1.0,<Residue ASN het=  resseq=110 icode= >,4wls_A_B,2.105
891,29.711,ASN, ,ND2,74.43,1000.00,0.0,0.36,1.0,<Residue ASN het=  resseq=110 icode= >,4wls_A_B,2.105
892,0.104,ALA, ,N,49.21,1000.00,0.104,2.53,1.0,<Residue ALA het=  resseq=111 icode= >,4wls_A_B,2.105
893,13.103,ALA, ,CA,67.92,1000.00,0.0,1.74,1.0,<Residue ALA het=  resseq=111 icode= >,4wls_A_B,2.105
894,28.905,ALA, ,C,67.58,1000.00,11.752,1.33,1.0,<Residue ALA het=  resseq=111 icode= >,4wls_A_B,2.105
895,37.917,ALA, ,O,74.75,1000.00,10.37,1.36,1.0,<Residue ALA het=  resseq=111 icode= >,4wls_A_B,2.105
896,46.128,ALA, ,CB,51.65,1000.00,28.897,1.16,1.0,<Residue ALA het=  resseq=111 icode= >,4wls_A_B,2.105
