,ASA,aa,altloc,atom,bfac,d2r,dASA,dens,occ,residue,id,resolu
0,0.0,THR, ,N,42.77,1000.00,0.0,2.09,1.0,<Residue THR het=  resseq=103 icode= >,4y0f_A_A,2.648
1,9.723,THR, ,CA,40.76,1000.00,0.0,2.80,1.0,<Residue THR het=  resseq=103 icode= >,4y0f_A_A,2.648
2,0.0,THR, ,C,47.34,1000.00,0.0,2.38,1.0,<Residue THR het=  resseq=103 icode= >,4y0f_A_A,2.648
3,17.671,THR, ,O,56.37,1000.00,0.0,0.79,1.0,<Residue THR het=  resseq=103 icode= >,4y0f_A_A,2.648
4,14.987,THR, ,CB,45.77,1000.00,0.0,2.12,1.0,<Residue THR het=  resseq=103 icode= >,4y0f_A_A,2.648
5,16.292,THR, ,OG1,44.31,1000.00,0.0,1.86,1.0,<Residue THR het=  resseq=103 icode= >,4y0f_A_A,2.648
6,47.488,THR, ,CG2,47.35,1000.00,0.0,1.09,1.0,<Residue THR het=  resseq=103 icode= >,4y0f_A_A,2.648
7,0.0,SER, ,N,44.18,8.76,0.0,2.43,1.0,<Residue SER het=  resseq=104 icode= >,4y0f_A_A,2.648
8,2.364,SER, ,CA,39.99,7.38,0.0,2.56,1.0,<Residue SER het=  resseq=104 icode= >,4y0f_A_A,2.648
9,0.0,SER, ,C,33.64,6.71,0.0,3.59,1.0,<Residue SER het=  resseq=104 icode= >,4y0f_A_A,2.648
10,0.275,SER, ,O,34.08,7.53,0.0,1.99,1.0,<Residue SER het=  resseq=104 icode= >,4y0f_A_A,2.648
11,22.382,SER, ,CB,36.75,7.54,0.0,1.99,1.0,<Residue SER het=  resseq=104 icode= >,4y0f_A_A,2.648
12,18.815,SER, ,OG,38.66,6.40,0.0,1.37,1.0,<Residue SER het=  resseq=104 icode= >,4y0f_A_A,2.648
13,2.5,ASP, ,N,38.68,5.42,0.0,2.32,1.0,<Residue ASP het=  resseq=105 icode= >,4y0f_A_A,2.648
14,0.0,ASP, ,CA,35.7,5.01,0.0,2.59,1.0,<Residue ASP het=  resseq=105 icode= >,4y0f_A_A,2.648
15,0.0,ASP, ,C,33.83,5.34,0.0,3.39,1.0,<Residue ASP het=  resseq=105 icode= >,4y0f_A_A,2.648
16,0.0,ASP, ,O,38.34,5.23,0.0,1.93,1.0,<Residue ASP het=  resseq=105 icode= >,4y0f_A_A,2.648
17,7.988,ASP, ,CB,32.85,3.68,5.456,1.82,1.0,<Residue ASP het=  resseq=105 icode= >,4y0f_A_A,2.648
18,0.754,ASP, ,CG,38.64,4.10,0.0,2.80,1.0,<Residue ASP het=  resseq=105 icode= >,4y0f_A_A,2.648
19,0.08,ASP, ,OD1,41.08,5.34,0.0,1.71,1.0,<Residue ASP het=  resseq=105 icode= >,4y0f_A_A,2.648
20,31.032,ASP, ,OD2,35.11,3.54,14.959,2.22,1.0,<Residue ASP het=  resseq=105 icode= >,4y0f_A_A,2.648
21,0.0,LEU, ,N,34.99,6.18,0.0,2.47,1.0,<Residue LEU het=  resseq=106 icode= >,4y0f_A_A,2.648
22,0.0,LEU, ,CA,29.65,6.82,0.0,3.15,1.0,<Residue LEU het=  resseq=106 icode= >,4y0f_A_A,2.648
23,0.0,LEU, ,C,34.89,6.65,0.0,3.24,1.0,<Residue LEU het=  resseq=106 icode= >,4y0f_A_A,2.648
24,0.0,LEU, ,O,34.57,6.88,0.0,1.85,1.0,<Residue LEU het=  resseq=106 icode= >,4y0f_A_A,2.648
25,0.0,LEU, ,CB,32.52,8.32,0.0,1.77,1.0,<Residue LEU het=  resseq=106 icode= >,4y0f_A_A,2.648
26,0.134,LEU, ,CG,39.36,8.97,0.0,1.71,1.0,<Residue LEU het=  resseq=106 icode= >,4y0f_A_A,2.648
27,0.0,LEU, ,CD1,32.26,10.45,0.0,0.85,1.0,<Residue LEU het=  resseq=106 icode= >,4y0f_A_A,2.648
28,0.0,LEU, ,CD2,33.5,8.85,0.0,0.69,1.0,<Residue LEU het=  resseq=106 icode= >,4y0f_A_A,2.648
29,0.0,ILE, ,N,33.51,6.52,0.0,2.25,1.0,<Residue ILE het=  resseq=107 icode= >,4y0f_A_A,2.648
30,0.0,ILE, ,CA,29.99,6.16,0.0,2.84,1.0,<Residue ILE het=  resseq=107 icode= >,4y0f_A_A,2.648
31,0.0,ILE, ,C,32.71,6.86,0.0,3.66,1.0,<Residue ILE het=  resseq=107 icode= >,4y0f_A_A,2.648
32,0.0,ILE, ,O,33.16,6.93,0.0,2.42,1.0,<Residue ILE het=  resseq=107 icode= >,4y0f_A_A,2.648
33,0.0,ILE, ,CB,32.71,4.70,0.0,2.01,1.0,<Residue ILE het=  resseq=107 icode= >,4y0f_A_A,2.648
34,0.0,ILE, ,CG1,28.92,4.76,0.0,1.36,1.0,<Residue ILE het=  resseq=107 icode= >,4y0f_A_A,2.648
35,4.297,ILE, ,CG2,32.62,4.01,4.297,0.85,1.0,<Residue ILE het=  resseq=107 icode= >,4y0f_A_A,2.648
36,27.192,ILE, ,CD1,27.55,3.56,25.993,1.54,1.0,<Residue ILE het=  resseq=107 icode= >,4y0f_A_A,2.648
37,0.0,VAL, ,N,33.43,7.68,0.0,2.78,1.0,<Residue VAL het=  resseq=108 icode= >,4y0f_A_A,2.648
38,0.0,VAL, ,CA,22.68,7.85,0.0,3.64,1.0,<Residue VAL het=  resseq=108 icode= >,4y0f_A_A,2.648
39,0.0,VAL, ,C,25.43,6.33,0.0,4.02,1.0,<Residue VAL het=  resseq=108 icode= >,4y0f_A_A,2.648
40,0.0,VAL, ,O,29.47,5.80,0.0,2.42,1.0,<Residue VAL het=  resseq=108 icode= >,4y0f_A_A,2.648
41,0.0,VAL, ,CB,30.75,8.46,0.0,2.38,1.0,<Residue VAL het=  resseq=108 icode= >,4y0f_A_A,2.648
42,0.0,VAL, ,CG1,30.77,8.40,0.0,1.22,1.0,<Residue VAL het=  resseq=108 icode= >,4y0f_A_A,2.648
43,0.0,VAL, ,CG2,35.39,9.95,0.0,1.32,1.0,<Residue VAL het=  resseq=108 icode= >,4y0f_A_A,2.648
44,0.0,LEU, ,N,27.57,5.86,0.0,2.67,1.0,<Residue LEU het=  resseq=109 icode= >,4y0f_A_A,2.648
45,0.065,LEU, ,CA,31.47,4.50,0.065,2.30,1.0,<Residue LEU het=  resseq=109 icode= >,4y0f_A_A,2.648
46,0.569,LEU, ,C,31.87,4.28,0.0,3.95,1.0,<Residue LEU het=  resseq=109 icode= >,4y0f_A_A,2.648
47,0.382,LEU, ,O,31.38,5.38,0.0,2.35,1.0,<Residue LEU het=  resseq=109 icode= >,4y0f_A_A,2.648
48,8.744,LEU, ,CB,35.55,3.89,4.056,1.30,1.0,<Residue LEU het=  resseq=109 icode= >,4y0f_A_A,2.648
49,8.734,LEU, ,CG,36.1,3.61,8.464,1.68,1.0,<Residue LEU het=  resseq=109 icode= >,4y0f_A_A,2.648
50,0.173,LEU, ,CD1,29.48,4.98,0.039,0.99,1.0,<Residue LEU het=  resseq=109 icode= >,4y0f_A_A,2.648
51,47.258,LEU, ,CD2,38.8,3.51,34.06,0.17,1.0,<Residue LEU het=  resseq=109 icode= >,4y0f_A_A,2.648
52,5.703,GLY, ,N,23.06,3.18,5.703,3.28,1.0,<Residue GLY het=  resseq=110 icode= >,4y0f_A_A,2.648
53,17.526,GLY, ,CA,29.42,3.63,8.062,1.88,1.0,<Residue GLY het=  resseq=110 icode= >,4y0f_A_A,2.648
54,0.479,GLY, ,C,29.1,3.43,0.479,3.51,1.0,<Residue GLY het=  resseq=110 icode= >,4y0f_A_A,2.648
55,0.0,GLY, ,O,30.49,3.71,0.0,2.49,1.0,<Residue GLY het=  resseq=110 icode= >,4y0f_A_A,2.648
56,0.0,LEU, ,N,23.38,3.60,0.0,2.87,1.0,<Residue LEU het=  resseq=111 icode= >,4y0f_A_A,2.648
57,0.0,LEU, ,CA,27.98,4.21,0.0,3.13,1.0,<Residue LEU het=  resseq=111 icode= >,4y0f_A_A,2.648
58,0.0,LEU, ,C,26.32,3.60,0.0,3.79,1.0,<Residue LEU het=  resseq=111 icode= >,4y0f_A_A,2.648
59,4.914,LEU, ,O,27.21,2.66,4.914,1.66,1.0,<Residue LEU het=  resseq=111 icode= >,4y0f_A_A,2.648
60,0.0,LEU, ,CB,27.89,4.87,0.0,1.84,1.0,<Residue LEU het=  resseq=111 icode= >,4y0f_A_A,2.648
61,0.0,LEU, ,CG,26.72,6.03,0.0,2.51,1.0,<Residue LEU het=  resseq=111 icode= >,4y0f_A_A,2.648
62,0.0,LEU, ,CD1,25.14,6.76,0.0,1.07,1.0,<Residue LEU het=  resseq=111 icode= >,4y0f_A_A,2.648
63,0.0,LEU, ,CD2,26.61,7.15,0.0,0.73,1.0,<Residue LEU het=  resseq=111 icode= >,4y0f_A_A,2.648
64,0.0,PRO, ,N,30.14,4.11,0.0,3.21,1.0,<Residue PRO het=  resseq=112 icode= >,4y0f_A_A,2.648
65,3.825,PRO, ,CA,33.52,3.58,3.811,2.96,1.0,<Residue PRO het=  resseq=112 icode= >,4y0f_A_A,2.648
66,0.0,PRO, ,C,30.65,3.93,0.0,3.41,1.0,<Residue PRO het=  resseq=112 icode= >,4y0f_A_A,2.648
67,0.071,PRO, ,O,30.34,4.85,0.0,1.76,1.0,<Residue PRO het=  resseq=112 icode= >,4y0f_A_A,2.648
68,10.648,PRO, ,CB,25.97,4.56,0.139,1.86,1.0,<Residue PRO het=  resseq=112 icode= >,4y0f_A_A,2.648
69,0.227,PRO, ,CG,31.83,5.33,0.0,1.68,1.0,<Residue PRO het=  resseq=112 icode= >,4y0f_A_A,2.648
70,0.0,PRO, ,CD,28.27,5.38,0.0,1.80,1.0,<Residue PRO het=  resseq=112 icode= >,4y0f_A_A,2.648
71,1.872,TRP, ,N,28.48,3.52,0.102,2.82,1.0,<Residue TRP het=  resseq=113 icode= >,4y0f_A_A,2.648
72,0.0,TRP, ,CA,27.94,4.52,0.0,2.30,1.0,<Residue TRP het=  resseq=113 icode= >,4y0f_A_A,2.648
73,0.521,TRP, ,C,29.84,5.89,0.0,3.30,1.0,<Residue TRP het=  resseq=113 icode= >,4y0f_A_A,2.648
74,8.725,TRP, ,O,28.47,6.80,0.0,2.33,1.0,<Residue TRP het=  resseq=113 icode= >,4y0f_A_A,2.648
75,25.232,TRP, ,CB,33.63,4.53,4.001,1.37,1.0,<Residue TRP het=  resseq=113 icode= >,4y0f_A_A,2.648
76,2.421,TRP, ,CG,30.53,3.55,2.421,2.55,1.0,<Residue TRP het=  resseq=113 icode= >,4y0f_A_A,2.648
77,33.808,TRP, ,CD1,27.72,3.26,13.969,2.58,1.0,<Residue TRP het=  resseq=113 icode= >,4y0f_A_A,2.648
78,3.238,TRP, ,CD2,26.6,3.51,3.238,3.20,1.0,<Residue TRP het=  resseq=113 icode= >,4y0f_A_A,2.648
79,29.721,TRP, ,NE1,27.19,3.03,23.708,3.31,1.0,<Residue TRP het=  resseq=113 icode= >,4y0f_A_A,2.648
80,6.303,TRP, ,CE2,28.11,3.19,6.303,3.75,1.0,<Residue TRP het=  resseq=113 icode= >,4y0f_A_A,2.648
81,4.347,TRP, ,CE3,25.9,3.96,4.347,1.91,1.0,<Residue TRP het=  resseq=113 icode= >,4y0f_A_A,2.648
82,34.55,TRP, ,CZ2,28.57,3.14,34.55,2.99,1.0,<Residue TRP het=  resseq=113 icode= >,4y0f_A_A,2.648
83,9.733,TRP, ,CZ3,33.25,3.80,6.791,1.96,1.0,<Residue TRP het=  resseq=113 icode= >,4y0f_A_A,2.648
84,36.074,TRP, ,CH2,27.77,3.54,35.137,2.62,1.0,<Residue TRP het=  resseq=113 icode= >,4y0f_A_A,2.648
85,0.988,LYS, ,N,25.27,6.16,0.0,2.67,1.0,<Residue LYS het=  resseq=114 icode= >,4y0f_A_A,2.648
86,11.254,LYS, ,CA,33.49,7.59,0.0,2.06,1.0,<Residue LYS het=  resseq=114 icode= >,4y0f_A_A,2.648
87,0.87,LYS, ,C,33.88,8.34,0.0,2.93,1.0,<Residue LYS het=  resseq=114 icode= >,4y0f_A_A,2.648
88,9.613,LYS, ,O,35.76,9.57,0.0,1.55,1.0,<Residue LYS het=  resseq=114 icode= >,4y0f_A_A,2.648
89,28.422,LYS, ,CB,30.18,8.00,0.0,1.38,1.0,<Residue LYS het=  resseq=114 icode= >,4y0f_A_A,2.648
90,4.912,LYS, ,CG,37.76,7.96,0.0,1.21,1.0,<Residue LYS het=  resseq=114 icode= >,4y0f_A_A,2.648
91,31.298,LYS, ,CD,38.84,8.97,0.0,1.49,1.0,<Residue LYS het=  resseq=114 icode= >,4y0f_A_A,2.648
92,15.674,LYS, ,CE,42.89,9.45,0.0,1.35,1.0,<Residue LYS het=  resseq=114 icode= >,4y0f_A_A,2.648
93,46.829,LYS, ,NZ,50.93,10.65,0.0,1.15,1.0,<Residue LYS het=  resseq=114 icode= >,4y0f_A_A,2.648
94,0.0,THR, ,N,29.57,7.78,0.0,2.97,1.0,<Residue THR het=  resseq=115 icode= >,4y0f_A_A,2.648
95,0.275,THR, ,CA,24.54,8.75,0.0,3.65,1.0,<Residue THR het=  resseq=115 icode= >,4y0f_A_A,2.648
96,0.0,THR, ,C,26.91,9.66,0.0,3.50,1.0,<Residue THR het=  resseq=115 icode= >,4y0f_A_A,2.648
97,2.955,THR, ,O,34.64,9.22,0.0,2.69,1.0,<Residue THR het=  resseq=115 icode= >,4y0f_A_A,2.648
98,0.069,THR, ,CB,27.7,8.16,0.0,3.13,1.0,<Residue THR het=  resseq=115 icode= >,4y0f_A_A,2.648
99,0.0,THR, ,OG1,34.2,7.46,0.0,1.96,1.0,<Residue THR het=  resseq=115 icode= >,4y0f_A_A,2.648
100,0.0,THR, ,CG2,35.81,9.29,0.0,0.89,1.0,<Residue THR het=  resseq=115 icode= >,4y0f_A_A,2.648
101,0.0,THR, ,N,33.5,10.96,0.0,2.37,1.0,<Residue THR het=  resseq=116 icode= >,4y0f_A_A,2.648
102,3.256,THR, ,CA,33.08,11.95,0.0,3.30,1.0,<Residue THR het=  resseq=116 icode= >,4y0f_A_A,2.648
103,0.0,THR, ,C,37.82,12.47,0.0,3.58,1.0,<Residue THR het=  resseq=116 icode= >,4y0f_A_A,2.648
104,0.0,THR, ,O,39.38,12.33,0.0,1.96,1.0,<Residue THR het=  resseq=116 icode= >,4y0f_A_A,2.648
105,12.07,THR, ,CB,31.48,13.13,0.0,3.22,1.0,<Residue THR het=  resseq=116 icode= >,4y0f_A_A,2.648
106,5.144,THR, ,OG1,41.87,13.66,0.0,1.93,1.0,<Residue THR het=  resseq=116 icode= >,4y0f_A_A,2.648
107,52.503,THR, ,CG2,28.29,12.66,0.0,1.60,1.0,<Residue THR het=  resseq=116 icode= >,4y0f_A_A,2.648
108,2.296,GLU, ,N,35.91,11.75,0.0,3.25,1.0,<Residue GLU het=  resseq=117 icode= >,4y0f_A_A,2.648
109,0.0,GLU, ,CA,35.87,11.18,0.0,2.74,1.0,<Residue GLU het=  resseq=117 icode= >,4y0f_A_A,2.648
110,0.76,GLU, ,C,35.87,12.29,0.0,3.24,1.0,<Residue GLU het=  resseq=117 icode= >,4y0f_A_A,2.648
111,0.0,GLU, ,O,38.34,12.65,0.0,1.57,1.0,<Residue GLU het=  resseq=117 icode= >,4y0f_A_A,2.648
112,15.16,GLU, ,CB,36.31,9.99,0.0,1.58,1.0,<Residue GLU het=  resseq=117 icode= >,4y0f_A_A,2.648
113,2.743,GLU, ,CG,46.43,8.70,0.0,1.13,1.0,<Residue GLU het=  resseq=117 icode= >,4y0f_A_A,2.648
114,3.57,GLU, ,CD,56.51,7.50,0.0,1.77,1.0,<Residue GLU het=  resseq=117 icode= >,4y0f_A_A,2.648
115,17.262,GLU, ,OE1,49.65,6.35,0.0,1.46,1.0,<Residue GLU het=  resseq=117 icode= >,4y0f_A_A,2.648
116,34.237,GLU, ,OE2,53.9,7.87,0.0,0.88,1.0,<Residue GLU het=  resseq=117 icode= >,4y0f_A_A,2.648
117,1.443,GLN, ,N,32.62,15.07,0.0,3.05,1.0,<Residue GLN het=  resseq=118 icode= >,4y0f_A_A,2.648
118,3.628,GLN, ,CA,38.6,16.27,0.0,2.96,1.0,<Residue GLN het=  resseq=118 icode= >,4y0f_A_A,2.648
119,0.0,GLN, ,C,41.41,17.51,0.0,3.40,1.0,<Residue GLN het=  resseq=118 icode= >,4y0f_A_A,2.648
120,0.45,GLN, ,O,51.63,18.41,0.0,1.27,1.0,<Residue GLN het=  resseq=118 icode= >,4y0f_A_A,2.648
121,27.814,GLN, ,CB,48.95,16.57,0.0,1.44,1.0,<Residue GLN het=  resseq=118 icode= >,4y0f_A_A,2.648
122,8.113,GLN, ,CG,48.87,17.53,0.0,1.18,1.0,<Residue GLN het=  resseq=118 icode= >,4y0f_A_A,2.648
123,3.974,GLN, ,CD,58.64,18.67,0.0,1.83,1.0,<Residue GLN het=  resseq=118 icode= >,4y0f_A_A,2.648
124,27.071,GLN, ,OE1,62.09,19.22,0.0,1.09,1.0,<Residue GLN het=  resseq=118 icode= >,4y0f_A_A,2.648
125,58.112,GLN, ,NE2,61.46,19.12,0.0,0.83,1.0,<Residue GLN het=  resseq=118 icode= >,4y0f_A_A,2.648
126,0.0,ASP, ,N,38.48,17.36,0.0,3.30,1.0,<Residue ASP het=  resseq=119 icode= >,4y0f_A_A,2.648
127,0.935,ASP, ,CA,40.93,18.16,0.0,3.26,1.0,<Residue ASP het=  resseq=119 icode= >,4y0f_A_A,2.648
128,0.952,ASP, ,C,35.05,17.85,0.0,3.71,1.0,<Residue ASP het=  resseq=119 icode= >,4y0f_A_A,2.648
129,2.303,ASP, ,O,39.69,18.79,0.0,1.73,1.0,<Residue ASP het=  resseq=119 icode= >,4y0f_A_A,2.648
130,3.985,ASP, ,CB,42.75,16.97,0.0,1.71,1.0,<Residue ASP het=  resseq=119 icode= >,4y0f_A_A,2.648
131,4.94,ASP, ,CG,45.69,16.44,0.0,2.16,1.0,<Residue ASP het=  resseq=119 icode= >,4y0f_A_A,2.648
132,23.087,ASP, ,OD1,52.3,17.28,0.0,1.24,1.0,<Residue ASP het=  resseq=119 icode= >,4y0f_A_A,2.648
133,16.009,ASP, ,OD2,55.12,15.26,0.0,0.46,1.0,<Residue ASP het=  resseq=119 icode= >,4y0f_A_A,2.648
134,0.0,LEU, ,N,32.2,16.60,0.0,3.27,1.0,<Residue LEU het=  resseq=120 icode= >,4y0f_A_A,2.648
135,0.0,LEU, ,CA,31.83,16.30,0.0,2.99,1.0,<Residue LEU het=  resseq=120 icode= >,4y0f_A_A,2.648
136,0.0,LEU, ,C,32.51,16.91,0.0,3.38,1.0,<Residue LEU het=  resseq=120 icode= >,4y0f_A_A,2.648
137,0.0,LEU, ,O,36.19,17.68,0.0,1.76,1.0,<Residue LEU het=  resseq=120 icode= >,4y0f_A_A,2.648
138,0.0,LEU, ,CB,28.48,14.80,0.0,2.21,1.0,<Residue LEU het=  resseq=120 icode= >,4y0f_A_A,2.648
139,0.0,LEU, ,CG,27.85,14.41,0.0,2.97,1.0,<Residue LEU het=  resseq=120 icode= >,4y0f_A_A,2.648
140,0.0,LEU, ,CD1,25.86,13.10,0.0,0.79,1.0,<Residue LEU het=  resseq=120 icode= >,4y0f_A_A,2.648
141,0.0,LEU, ,CD2,33.93,15.55,0.0,1.29,1.0,<Residue LEU het=  resseq=120 icode= >,4y0f_A_A,2.648
142,0.0,LYS, ,N,32.24,16.68,0.0,2.96,1.0,<Residue LYS het=  resseq=121 icode= >,4y0f_A_A,2.648
143,0.0,LYS, ,CA,34.18,17.41,0.0,3.25,1.0,<Residue LYS het=  resseq=121 icode= >,4y0f_A_A,2.648
144,0.0,LYS, ,C,31.79,18.89,0.0,4.12,1.0,<Residue LYS het=  resseq=121 icode= >,4y0f_A_A,2.648
145,0.0,LYS, ,O,33.29,19.60,0.0,2.60,1.0,<Residue LYS het=  resseq=121 icode= >,4y0f_A_A,2.648
146,3.678,LYS, ,CB,34.91,17.22,0.0,2.12,1.0,<Residue LYS het=  resseq=121 icode= >,4y0f_A_A,2.648
147,17.098,LYS, ,CG,42.33,18.38,0.0,0.73,1.0,<Residue LYS het=  resseq=121 icode= >,4y0f_A_A,2.648
148,7.125,LYS, ,CD,37.58,18.44,0.0,1.16,1.0,<Residue LYS het=  resseq=121 icode= >,4y0f_A_A,2.648
149,5.129,LYS, ,CE,40.77,17.45,0.0,0.78,1.0,<Residue LYS het=  resseq=121 icode= >,4y0f_A_A,2.648
150,43.945,LYS, ,NZ,37.9,17.30,0.0,0.61,1.0,<Residue LYS het=  resseq=121 icode= >,4y0f_A_A,2.648
151,0.0,GLU, ,N,29.45,1000.00,0.0,3.55,1.0,<Residue GLU het=  resseq=122 icode= >,4y0f_A_A,2.648
152,5.907,GLU, ,CA,35.32,1000.00,0.0,3.70,1.0,<Residue GLU het=  resseq=122 icode= >,4y0f_A_A,2.648
153,0.0,GLU, ,C,32.8,1000.00,0.0,3.67,1.0,<Residue GLU het=  resseq=122 icode= >,4y0f_A_A,2.648
154,2.695,GLU, ,O,35.75,1000.00,0.0,2.70,1.0,<Residue GLU het=  resseq=122 icode= >,4y0f_A_A,2.648
155,3.56,GLU, ,CB,39.25,1000.00,0.0,1.60,1.0,<Residue GLU het=  resseq=122 icode= >,4y0f_A_A,2.648
156,28.561,GLU, ,CG,43.26,1000.00,0.0,1.12,1.0,<Residue GLU het=  resseq=122 icode= >,4y0f_A_A,2.648
157,13.16,GLU, ,CD,49.89,1000.00,0.0,2.01,1.0,<Residue GLU het=  resseq=122 icode= >,4y0f_A_A,2.648
158,41.705,GLU, ,OE1,49.62,1000.00,0.0,1.50,1.0,<Residue GLU het=  resseq=122 icode= >,4y0f_A_A,2.648
159,17.376,GLU, ,OE2,52.25,1000.00,0.0,1.53,1.0,<Residue GLU het=  resseq=122 icode= >,4y0f_A_A,2.648
160,0.358,TYR, ,N,34.58,1000.00,0.0,2.53,1.0,<Residue TYR het=  resseq=123 icode= >,4y0f_A_A,2.648
161,5.576,TYR, ,CA,35.62,1000.00,0.0,3.17,1.0,<Residue TYR het=  resseq=123 icode= >,4y0f_A_A,2.648
162,0.0,TYR, ,C,35.89,1000.00,0.0,3.76,1.0,<Residue TYR het=  resseq=123 icode= >,4y0f_A_A,2.648
163,0.0,TYR, ,O,42.4,1000.00,0.0,1.88,1.0,<Residue TYR het=  resseq=123 icode= >,4y0f_A_A,2.648
164,7.707,TYR, ,CB,33.57,1000.00,0.0,1.75,1.0,<Residue TYR het=  resseq=123 icode= >,4y0f_A_A,2.648
165,0.0,TYR, ,CG,36.13,1000.00,0.0,1.97,1.0,<Residue TYR het=  resseq=123 icode= >,4y0f_A_A,2.648
166,16.856,TYR, ,CD1,29.74,1000.00,0.0,1.61,1.0,<Residue TYR het=  resseq=123 icode= >,4y0f_A_A,2.648
167,0.0,TYR, ,CD2,38.11,1000.00,0.0,1.73,1.0,<Residue TYR het=  resseq=123 icode= >,4y0f_A_A,2.648
168,17.897,TYR, ,CE1,26.95,1000.00,0.0,1.81,1.0,<Residue TYR het=  resseq=123 icode= >,4y0f_A_A,2.648
169,0.0,TYR, ,CE2,34.65,1000.00,0.0,2.35,1.0,<Residue TYR het=  resseq=123 icode= >,4y0f_A_A,2.648
170,0.0,TYR, ,CZ,32.31,1000.00,0.0,3.37,1.0,<Residue TYR het=  resseq=123 icode= >,4y0f_A_A,2.648
171,7.1,TYR, ,OH,34.82,1000.00,0.0,2.41,1.0,<Residue TYR het=  resseq=123 icode= >,4y0f_A_A,2.648
172,0.0,PHE, ,N,22.42,1000.00,0.0,3.91,1.0,<Residue PHE het=  resseq=124 icode= >,4y0f_A_A,2.648
173,0.0,PHE, ,CA,29.15,1000.00,0.0,3.61,1.0,<Residue PHE het=  resseq=124 icode= >,4y0f_A_A,2.648
174,0.0,PHE, ,C,30.02,1000.00,0.0,4.12,1.0,<Residue PHE het=  resseq=124 icode= >,4y0f_A_A,2.648
175,0.0,PHE, ,O,33.23,1000.00,0.0,2.51,1.0,<Residue PHE het=  resseq=124 icode= >,4y0f_A_A,2.648
176,0.0,PHE, ,CB,31.2,1000.00,0.0,1.88,1.0,<Residue PHE het=  resseq=124 icode= >,4y0f_A_A,2.648
177,0.0,PHE, ,CG,31.37,1000.00,0.0,2.56,1.0,<Residue PHE het=  resseq=124 icode= >,4y0f_A_A,2.648
178,0.0,PHE, ,CD1,32.09,1000.00,0.0,1.65,1.0,<Residue PHE het=  resseq=124 icode= >,4y0f_A_A,2.648
179,0.0,PHE, ,CD2,30.86,1000.00,0.0,1.85,1.0,<Residue PHE het=  resseq=124 icode= >,4y0f_A_A,2.648
180,0.0,PHE, ,CE1,28.29,1000.00,0.0,1.77,1.0,<Residue PHE het=  resseq=124 icode= >,4y0f_A_A,2.648
181,0.0,PHE, ,CE2,33.44,1000.00,0.0,2.56,1.0,<Residue PHE het=  resseq=124 icode= >,4y0f_A_A,2.648
182,0.0,PHE, ,CZ,31.94,1000.00,0.0,2.23,1.0,<Residue PHE het=  resseq=124 icode= >,4y0f_A_A,2.648
183,0.0,SER, ,N,33.23,1000.00,0.0,3.18,1.0,<Residue SER het=  resseq=125 icode= >,4y0f_A_A,2.648
184,0.0,SER, ,CA,34.71,1000.00,0.0,3.37,1.0,<Residue SER het=  resseq=125 icode= >,4y0f_A_A,2.648
185,0.946,SER, ,C,36.32,1000.00,0.0,3.92,1.0,<Residue SER het=  resseq=125 icode= >,4y0f_A_A,2.648
186,15.288,SER, ,O,34.43,1000.00,0.0,2.65,1.0,<Residue SER het=  resseq=125 icode= >,4y0f_A_A,2.648
187,26.329,SER, ,CB,32.2,1000.00,0.0,2.52,1.0,<Residue SER het=  resseq=125 icode= >,4y0f_A_A,2.648
188,9.163,SER, ,OG,33.3,1000.00,0.0,1.93,1.0,<Residue SER het=  resseq=125 icode= >,4y0f_A_A,2.648
189,0.0,THR, ,N,37.09,1000.00,0.0,3.05,1.0,<Residue THR het=  resseq=126 icode= >,4y0f_A_A,2.648
190,9.701,THR, ,CA,35.01,1000.00,0.0,3.58,1.0,<Residue THR het=  resseq=126 icode= >,4y0f_A_A,2.648
191,1.359,THR, ,C,35.64,1000.00,0.0,4.04,1.0,<Residue THR het=  resseq=126 icode= >,4y0f_A_A,2.648
192,30.061,THR, ,O,41.74,1000.00,0.0,1.84,1.0,<Residue THR het=  resseq=126 icode= >,4y0f_A_A,2.648
193,15.844,THR, ,CB,30.42,1000.00,0.0,3.25,1.0,<Residue THR het=  resseq=126 icode= >,4y0f_A_A,2.648
194,5.24,THR, ,OG1,38.56,1000.00,0.0,1.94,1.0,<Residue THR het=  resseq=126 icode= >,4y0f_A_A,2.648
195,46.339,THR, ,CG2,31.18,1000.00,0.0,1.25,1.0,<Residue THR het=  resseq=126 icode= >,4y0f_A_A,2.648
196,0.0,PHE, ,N,36.1,1000.00,0.0,2.67,1.0,<Residue PHE het=  resseq=127 icode= >,4y0f_A_A,2.648
197,4.477,PHE, ,CA,34.88,1000.00,0.0,2.62,1.0,<Residue PHE het=  resseq=127 icode= >,4y0f_A_A,2.648
198,2.782,PHE, ,C,36.56,1000.00,0.0,3.44,1.0,<Residue PHE het=  resseq=127 icode= >,4y0f_A_A,2.648
199,21.824,PHE, ,O,40.02,1000.00,0.0,2.09,1.0,<Residue PHE het=  resseq=127 icode= >,4y0f_A_A,2.648
200,0.658,PHE, ,CB,30.77,1000.00,0.0,1.82,1.0,<Residue PHE het=  resseq=127 icode= >,4y0f_A_A,2.648
201,0.044,PHE, ,CG,31.25,1000.00,0.0,3.05,1.0,<Residue PHE het=  resseq=127 icode= >,4y0f_A_A,2.648
202,0.062,PHE, ,CD1,33.86,1000.00,0.0,2.28,1.0,<Residue PHE het=  resseq=127 icode= >,4y0f_A_A,2.648
203,6.356,PHE, ,CD2,27.52,1000.00,0.0,1.85,1.0,<Residue PHE het=  resseq=127 icode= >,4y0f_A_A,2.648
204,1.609,PHE, ,CE1,32.23,1000.00,0.0,1.82,1.0,<Residue PHE het=  resseq=127 icode= >,4y0f_A_A,2.648
205,7.857,PHE, ,CE2,26.86,1000.00,0.0,1.80,1.0,<Residue PHE het=  resseq=127 icode= >,4y0f_A_A,2.648
206,11.238,PHE, ,CZ,22.54,1000.00,0.0,2.44,1.0,<Residue PHE het=  resseq=127 icode= >,4y0f_A_A,2.648
207,0.142,GLY, ,N,39.6,1000.00,0.0,2.45,1.0,<Residue GLY het=  resseq=128 icode= >,4y0f_A_A,2.648
208,17.782,GLY, ,CA,39.39,1000.00,0.0,2.21,1.0,<Residue GLY het=  resseq=128 icode= >,4y0f_A_A,2.648
209,2.383,GLY, ,C,36.11,1000.00,0.0,3.45,1.0,<Residue GLY het=  resseq=128 icode= >,4y0f_A_A,2.648
210,0.071,GLY, ,O,42.48,1000.00,0.0,2.10,1.0,<Residue GLY het=  resseq=128 icode= >,4y0f_A_A,2.648
211,6.803,GLU, ,N,34.78,1000.00,0.0,2.67,1.0,<Residue GLU het=  resseq=129 icode= >,4y0f_A_A,2.648
212,8.169,GLU, ,CA,32.84,1000.00,0.0,2.56,1.0,<Residue GLU het=  resseq=129 icode= >,4y0f_A_A,2.648
213,0.0,GLU, ,C,35.27,1000.00,0.0,3.37,1.0,<Residue GLU het=  resseq=129 icode= >,4y0f_A_A,2.648
214,0.362,GLU, ,O,43.54,1000.00,0.0,1.84,1.0,<Residue GLU het=  resseq=129 icode= >,4y0f_A_A,2.648
215,14.186,GLU, ,CB,40.52,1000.00,0.0,1.35,1.0,<Residue GLU het=  resseq=129 icode= >,4y0f_A_A,2.648
216,17.461,GLU, ,CG,47.58,1000.00,0.0,1.24,1.0,<Residue GLU het=  resseq=129 icode= >,4y0f_A_A,2.648
217,8.448,GLU, ,CD,59.76,1000.00,0.0,1.58,1.0,<Residue GLU het=  resseq=129 icode= >,4y0f_A_A,2.648
218,26.568,GLU, ,OE1,59.92,1000.00,0.0,0.75,1.0,<Residue GLU het=  resseq=129 icode= >,4y0f_A_A,2.648
219,33.498,GLU, ,OE2,61.27,1000.00,0.0,1.02,1.0,<Residue GLU het=  resseq=129 icode= >,4y0f_A_A,2.648
220,2.842,VAL, ,N,27.66,1000.00,0.0,2.52,1.0,<Residue VAL het=  resseq=130 icode= >,4y0f_A_A,2.648
221,0.0,VAL, ,CA,26.6,1000.00,0.0,3.33,1.0,<Residue VAL het=  resseq=130 icode= >,4y0f_A_A,2.648
222,0.0,VAL, ,C,32.92,1000.00,0.0,2.40,1.0,<Residue VAL het=  resseq=130 icode= >,4y0f_A_A,2.648
223,12.013,VAL, ,O,34.26,1000.00,0.0,1.54,1.0,<Residue VAL het=  resseq=130 icode= >,4y0f_A_A,2.648
224,0.0,VAL, ,CB,29.38,1000.00,0.0,2.55,1.0,<Residue VAL het=  resseq=130 icode= >,4y0f_A_A,2.648
225,0.0,VAL, ,CG1,34.09,1000.00,0.0,0.81,1.0,<Residue VAL het=  resseq=130 icode= >,4y0f_A_A,2.648
226,0.0,VAL, ,CG2,31.21,1000.00,0.0,2.42,1.0,<Residue VAL het=  resseq=130 icode= >,4y0f_A_A,2.648
227,0.0,LEU, ,N,33.78,14.99,0.0,1.98,1.0,<Residue LEU het=  resseq=131 icode= >,4y0f_A_A,2.648
228,2.437,LEU, ,CA,29.62,14.25,0.0,2.36,1.0,<Residue LEU het=  resseq=131 icode= >,4y0f_A_A,2.648
229,0.309,LEU, ,C,29.0,12.86,0.0,3.14,1.0,<Residue LEU het=  resseq=131 icode= >,4y0f_A_A,2.648
230,26.92,LEU, ,O,33.48,12.58,0.0,1.71,1.0,<Residue LEU het=  resseq=131 icode= >,4y0f_A_A,2.648
231,7.959,LEU, ,CB,27.97,14.27,0.0,1.97,1.0,<Residue LEU het=  resseq=131 icode= >,4y0f_A_A,2.648
232,0.0,LEU, ,CG,32.98,15.68,0.0,2.04,1.0,<Residue LEU het=  resseq=131 icode= >,4y0f_A_A,2.648
233,38.05,LEU, ,CD1,25.22,15.75,0.0,0.84,1.0,<Residue LEU het=  resseq=131 icode= >,4y0f_A_A,2.648
234,35.763,LEU, ,CD2,31.95,16.32,0.0,1.10,1.0,<Residue LEU het=  resseq=131 icode= >,4y0f_A_A,2.648
235,0.0,MET, ,N,30.59,11.09,0.0,2.96,1.0,<Residue MET het=  resseq=132 icode= >,4y0f_A_A,2.648
236,4.341,MET, ,CA,33.87,10.40,0.0,2.55,1.0,<Residue MET het=  resseq=132 icode= >,4y0f_A_A,2.648
237,0.0,MET, ,C,32.66,9.83,0.0,3.13,1.0,<Residue MET het=  resseq=132 icode= >,4y0f_A_A,2.648
238,0.0,MET, ,O,29.37,9.76,0.0,3.14,1.0,<Residue MET het=  resseq=132 icode= >,4y0f_A_A,2.648
239,27.16,MET, ,CB,33.26,9.45,0.0,1.14,1.0,<Residue MET het=  resseq=132 icode= >,4y0f_A_A,2.648
240,14.582,MET, ,CG,33.08,8.09,0.0,1.24,1.0,<Residue MET het=  resseq=132 icode= >,4y0f_A_A,2.648
241,2.971,MET, ,SD,31.19,6.97,0.0,4.60,1.0,<Residue MET het=  resseq=132 icode= >,4y0f_A_A,2.648
242,5.619,MET, ,CE,28.05,5.59,0.231,2.13,1.0,<Residue MET het=  resseq=132 icode= >,4y0f_A_A,2.648
243,3.837,VAL, ,N,34.84,9.66,0.0,2.10,1.0,<Residue VAL het=  resseq=133 icode= >,4y0f_A_A,2.648
244,0.0,VAL, ,CA,30.75,9.40,0.0,3.16,1.0,<Residue VAL het=  resseq=133 icode= >,4y0f_A_A,2.648
245,0.0,VAL, ,C,31.09,8.32,0.0,3.74,1.0,<Residue VAL het=  resseq=133 icode= >,4y0f_A_A,2.648
246,11.574,VAL, ,O,30.56,7.57,0.0,1.95,1.0,<Residue VAL het=  resseq=133 icode= >,4y0f_A_A,2.648
247,3.575,VAL, ,CB,35.01,10.74,0.0,2.60,1.0,<Residue VAL het=  resseq=133 icode= >,4y0f_A_A,2.648
248,0.0,VAL, ,CG1,39.37,10.73,0.0,0.52,1.0,<Residue VAL het=  resseq=133 icode= >,4y0f_A_A,2.648
249,0.0,VAL, ,CG2,44.37,11.49,0.0,0.60,1.0,<Residue VAL het=  resseq=133 icode= >,4y0f_A_A,2.648
250,0.0,GLN, ,N,29.84,7.96,0.0,2.61,1.0,<Residue GLN het=  resseq=134 icode= >,4y0f_A_A,2.648
251,0.0,GLN, ,CA,31.89,7.13,0.0,2.82,1.0,<Residue GLN het=  resseq=134 icode= >,4y0f_A_A,2.648
252,0.0,GLN, ,C,32.5,7.89,0.0,3.82,1.0,<Residue GLN het=  resseq=134 icode= >,4y0f_A_A,2.648
253,0.0,GLN, ,O,30.96,7.80,0.0,2.02,1.0,<Residue GLN het=  resseq=134 icode= >,4y0f_A_A,2.648
254,2.053,GLN, ,CB,32.78,6.03,0.0,1.93,1.0,<Residue GLN het=  resseq=134 icode= >,4y0f_A_A,2.648
255,10.914,GLN, ,CG,27.99,5.40,1.098,2.11,1.0,<Residue GLN het=  resseq=134 icode= >,4y0f_A_A,2.648
256,0.138,GLN, ,CD,27.5,4.69,0.087,3.62,1.0,<Residue GLN het=  resseq=134 icode= >,4y0f_A_A,2.648
257,8.375,GLN, ,OE1,35.78,3.58,8.216,1.91,1.0,<Residue GLN het=  resseq=134 icode= >,4y0f_A_A,2.648
258,49.424,GLN, ,NE2,26.61,4.37,17.82,2.85,1.0,<Residue GLN het=  resseq=134 icode= >,4y0f_A_A,2.648
259,0.178,VAL, ,N,27.85,7.72,0.0,2.94,1.0,<Residue VAL het=  resseq=135 icode= >,4y0f_A_A,2.648
260,0.0,VAL, ,CA,26.35,8.40,0.0,2.92,1.0,<Residue VAL het=  resseq=135 icode= >,4y0f_A_A,2.648
261,0.0,VAL, ,C,33.13,7.17,0.0,3.41,1.0,<Residue VAL het=  resseq=135 icode= >,4y0f_A_A,2.648
262,4.965,VAL, ,O,33.2,6.91,0.0,2.06,1.0,<Residue VAL het=  resseq=135 icode= >,4y0f_A_A,2.648
263,0.362,VAL, ,CB,28.44,9.60,0.0,2.21,1.0,<Residue VAL het=  resseq=135 icode= >,4y0f_A_A,2.648
264,2.097,VAL, ,CG1,20.65,9.58,0.0,1.78,1.0,<Residue VAL het=  resseq=135 icode= >,4y0f_A_A,2.648
265,0.0,VAL, ,CG2,31.69,10.45,0.0,0.55,1.0,<Residue VAL het=  resseq=135 icode= >,4y0f_A_A,2.648
266,0.0,LYS, ,N,25.99,6.66,0.0,2.65,1.0,<Residue LYS het=  resseq=136 icode= >,4y0f_A_A,2.648
267,0.487,LYS, ,CA,24.67,5.58,0.0,2.95,1.0,<Residue LYS het=  resseq=136 icode= >,4y0f_A_A,2.648
268,0.0,LYS, ,C,30.82,6.34,0.0,3.70,1.0,<Residue LYS het=  resseq=136 icode= >,4y0f_A_A,2.648
269,0.0,LYS, ,O,30.59,6.92,0.0,3.06,1.0,<Residue LYS het=  resseq=136 icode= >,4y0f_A_A,2.648
270,0.0,LYS, ,CB,28.56,5.02,0.0,1.87,1.0,<Residue LYS het=  resseq=136 icode= >,4y0f_A_A,2.648
271,2.14,LYS, ,CG,33.0,4.42,2.14,1.74,1.0,<Residue LYS het=  resseq=136 icode= >,4y0f_A_A,2.648
272,17.325,LYS, ,CD,31.68,3.50,10.004,2.04,1.0,<Residue LYS het=  resseq=136 icode= >,4y0f_A_A,2.648
273,12.909,LYS, ,CE,35.69,3.36,12.849,2.34,1.0,<Residue LYS het=  resseq=136 icode= >,4y0f_A_A,2.648
274,38.299,LYS, ,NZ,29.2,2.92,35.923,2.53,1.0,<Residue LYS het=  resseq=136 icode= >,4y0f_A_A,2.648
275,2.775,LYS, ,N,31.22,6.01,0.0,2.58,1.0,<Residue LYS het=  resseq=137 icode= >,4y0f_A_A,2.648
276,0.0,LYS, ,CA,28.54,7.08,0.0,3.28,1.0,<Residue LYS het=  resseq=137 icode= >,4y0f_A_A,2.648
277,0.0,LYS, ,C,25.71,6.76,0.0,3.73,1.0,<Residue LYS het=  resseq=137 icode= >,4y0f_A_A,2.648
278,7.81,LYS, ,O,29.67,5.69,0.0,2.02,1.0,<Residue LYS het=  resseq=137 icode= >,4y0f_A_A,2.648
279,0.157,LYS, ,CB,31.91,7.97,0.0,1.91,1.0,<Residue LYS het=  resseq=137 icode= >,4y0f_A_A,2.648
280,2.822,LYS, ,CG,38.39,7.79,0.0,1.36,1.0,<Residue LYS het=  resseq=137 icode= >,4y0f_A_A,2.648
281,12.774,LYS, ,CD,50.06,8.45,0.0,0.37,1.0,<Residue LYS het=  resseq=137 icode= >,4y0f_A_A,2.648
282,17.432,LYS, ,CE,55.36,8.07,0.0,0.40,1.0,<Residue LYS het=  resseq=137 icode= >,4y0f_A_A,2.648
283,44.856,LYS, ,NZ,63.5,8.14,0.0,0.76,1.0,<Residue LYS het=  resseq=137 icode= >,4y0f_A_A,2.648
284,0.0,ASP, ,N,28.71,7.91,0.0,2.45,1.0,<Residue ASP het=  resseq=138 icode= >,4y0f_A_A,2.648
285,5.256,ASP, ,CA,25.63,8.18,0.0,2.19,1.0,<Residue ASP het=  resseq=138 icode= >,4y0f_A_A,2.648
286,0.0,ASP, ,C,26.77,8.31,0.0,3.66,1.0,<Residue ASP het=  resseq=138 icode= >,4y0f_A_A,2.648
287,0.0,ASP, ,O,25.03,8.81,0.0,2.10,1.0,<Residue ASP het=  resseq=138 icode= >,4y0f_A_A,2.648
288,17.113,ASP, ,CB,26.92,9.31,0.0,1.73,1.0,<Residue ASP het=  resseq=138 icode= >,4y0f_A_A,2.648
289,6.411,ASP, ,CG,31.07,10.08,0.0,3.29,1.0,<Residue ASP het=  resseq=138 icode= >,4y0f_A_A,2.648
290,0.293,ASP, ,OD1,33.59,10.34,0.0,1.35,1.0,<Residue ASP het=  resseq=138 icode= >,4y0f_A_A,2.648
291,34.741,ASP, ,OD2,35.4,9.86,0.0,1.46,1.0,<Residue ASP het=  resseq=138 icode= >,4y0f_A_A,2.648
292,4.194,LEU, ,N,27.94,7.26,0.0,2.79,1.0,<Residue LEU het=  resseq=139 icode= >,4y0f_A_A,2.648
293,4.614,LEU, ,CA,25.04,6.57,0.0,3.32,1.0,<Residue LEU het=  resseq=139 icode= >,4y0f_A_A,2.648
294,0.588,LEU, ,C,30.34,7.64,0.0,3.61,1.0,<Residue LEU het=  resseq=139 icode= >,4y0f_A_A,2.648
295,27.047,LEU, ,O,40.03,7.61,0.0,1.23,1.0,<Residue LEU het=  resseq=139 icode= >,4y0f_A_A,2.648
296,18.21,LEU, ,CB,29.19,5.62,0.0,1.82,1.0,<Residue LEU het=  resseq=139 icode= >,4y0f_A_A,2.648
297,12.022,LEU, ,CG,44.54,4.17,1.333,1.63,1.0,<Residue LEU het=  resseq=139 icode= >,4y0f_A_A,2.648
298,47.617,LEU, ,CD1,41.92,3.83,21.937,0.85,1.0,<Residue LEU het=  resseq=139 icode= >,4y0f_A_A,2.648
299,67.583,LEU, ,CD2,46.53,3.26,37.875,0.13,1.0,<Residue LEU het=  resseq=139 icode= >,4y0f_A_A,2.648
300,0.727,LYS, ,N,28.93,8.79,0.0,3.16,1.0,<Residue LYS het=  resseq=140 icode= >,4y0f_A_A,2.648
301,8.722,LYS, ,CA,29.64,9.77,0.0,3.68,1.0,<Residue LYS het=  resseq=140 icode= >,4y0f_A_A,2.648
302,0.788,LYS, ,C,36.42,10.78,0.0,3.13,1.0,<Residue LYS het=  resseq=140 icode= >,4y0f_A_A,2.648
303,25.539,LYS, ,O,36.26,11.36,0.0,1.91,1.0,<Residue LYS het=  resseq=140 icode= >,4y0f_A_A,2.648
304,11.622,LYS, ,CB,28.47,9.17,0.0,1.96,1.0,<Residue LYS het=  resseq=140 icode= >,4y0f_A_A,2.648
305,10.921,LYS, ,CG,42.14,8.54,0.0,0.64,1.0,<Residue LYS het=  resseq=140 icode= >,4y0f_A_A,2.648
306,33.388,LYS, ,CD,48.32,7.08,0.0,0.68,1.0,<Residue LYS het=  resseq=140 icode= >,4y0f_A_A,2.648
307,48.678,LYS, ,CE,57.75,6.63,0.0,-0.30,1.0,<Residue LYS het=  resseq=140 icode= >,4y0f_A_A,2.648
308,42.558,LYS, ,NZ,58.22,7.78,0.0,-0.13,1.0,<Residue LYS het=  resseq=140 icode= >,4y0f_A_A,2.648
309,0.0,THR, ,N,28.64,10.36,0.0,2.56,1.0,<Residue THR het=  resseq=141 icode= >,4y0f_A_A,2.648
310,5.954,THR, ,CA,28.7,9.32,0.0,3.19,1.0,<Residue THR het=  resseq=141 icode= >,4y0f_A_A,2.648
311,4.582,THR, ,C,28.22,9.62,0.0,3.61,1.0,<Residue THR het=  resseq=141 icode= >,4y0f_A_A,2.648
312,20.747,THR, ,O,32.72,9.35,0.0,2.56,1.0,<Residue THR het=  resseq=141 icode= >,4y0f_A_A,2.648
313,0.929,THR, ,CB,32.54,7.90,0.0,2.51,1.0,<Residue THR het=  resseq=141 icode= >,4y0f_A_A,2.648
314,2.733,THR, ,OG1,29.61,7.96,0.0,2.07,1.0,<Residue THR het=  resseq=141 icode= >,4y0f_A_A,2.648
315,43.332,THR, ,CG2,29.74,7.77,0.0,1.33,1.0,<Residue THR het=  resseq=141 icode= >,4y0f_A_A,2.648
316,0.475,GLY, ,N,24.12,10.23,0.0,3.11,1.0,<Residue GLY het=  resseq=142 icode= >,4y0f_A_A,2.648
317,22.601,GLY, ,CA,28.11,10.10,0.0,1.92,1.0,<Residue GLY het=  resseq=142 icode= >,4y0f_A_A,2.648
318,2.568,GLY, ,C,31.97,8.89,0.0,3.34,1.0,<Residue GLY het=  resseq=142 icode= >,4y0f_A_A,2.648
319,14.678,GLY, ,O,27.55,8.98,0.0,1.98,1.0,<Residue GLY het=  resseq=142 icode= >,4y0f_A_A,2.648
320,0.0,HIS, ,N,30.67,7.80,0.0,2.07,1.0,<Residue HIS het=  resseq=143 icode= >,4y0f_A_A,2.648
321,4.314,HIS, ,CA,27.24,6.46,0.0,3.08,1.0,<Residue HIS het=  resseq=143 icode= >,4y0f_A_A,2.648
322,0.0,HIS, ,C,23.2,6.48,0.0,4.34,1.0,<Residue HIS het=  resseq=143 icode= >,4y0f_A_A,2.648
323,1.206,HIS, ,O,23.34,6.98,0.0,2.90,1.0,<Residue HIS het=  resseq=143 icode= >,4y0f_A_A,2.648
324,20.382,HIS, ,CB,26.92,5.46,5.363,2.15,1.0,<Residue HIS het=  resseq=143 icode= >,4y0f_A_A,2.648
325,2.807,HIS, ,CG,25.4,5.81,0.001,3.61,1.0,<Residue HIS het=  resseq=143 icode= >,4y0f_A_A,2.648
326,16.997,HIS, ,ND1,23.69,4.98,3.901,4.04,1.0,<Residue HIS het=  resseq=143 icode= >,4y0f_A_A,2.648
327,23.492,HIS, ,CD2,26.7,6.27,0.0,2.22,1.0,<Residue HIS het=  resseq=143 icode= >,4y0f_A_A,2.648
328,33.053,HIS, ,CE1,30.43,4.72,16.463,2.76,1.0,<Residue HIS het=  resseq=143 icode= >,4y0f_A_A,2.648
329,27.574,HIS, ,NE2,29.78,5.55,3.653,2.28,1.0,<Residue HIS het=  resseq=143 icode= >,4y0f_A_A,2.648
330,4.49,SER, ,N,23.88,6.34,0.0,2.75,1.0,<Residue SER het=  resseq=144 icode= >,4y0f_A_A,2.648
331,0.023,SER, ,CA,25.84,6.84,0.0,2.78,1.0,<Residue SER het=  resseq=144 icode= >,4y0f_A_A,2.648
332,0.0,SER, ,C,31.6,6.20,0.0,3.30,1.0,<Residue SER het=  resseq=144 icode= >,4y0f_A_A,2.648
333,9.123,SER, ,O,25.18,5.01,2.447,2.51,1.0,<Residue SER het=  resseq=144 icode= >,4y0f_A_A,2.648
334,4.378,SER, ,CB,29.66,7.11,0.0,1.80,1.0,<Residue SER het=  resseq=144 icode= >,4y0f_A_A,2.648
335,0.165,SER, ,OG,31.03,6.49,0.0,1.66,1.0,<Residue SER het=  resseq=144 icode= >,4y0f_A_A,2.648
336,0.0,LYS, ,N,31.99,5.93,0.0,2.17,1.0,<Residue LYS het=  resseq=145 icode= >,4y0f_A_A,2.648
337,4.968,LYS, ,CA,34.46,4.59,0.0,2.29,1.0,<Residue LYS het=  resseq=145 icode= >,4y0f_A_A,2.648
338,0.0,LYS, ,C,26.92,3.81,0.0,4.43,1.0,<Residue LYS het=  resseq=145 icode= >,4y0f_A_A,2.648
339,20.087,LYS, ,O,27.25,2.77,18.032,2.54,1.0,<Residue LYS het=  resseq=145 icode= >,4y0f_A_A,2.648
340,3.072,LYS, ,CB,28.21,4.28,1.891,2.25,1.0,<Residue LYS het=  resseq=145 icode= >,4y0f_A_A,2.648
341,12.472,LYS, ,CG,31.49,5.33,0.0,2.32,1.0,<Residue LYS het=  resseq=145 icode= >,4y0f_A_A,2.648
342,28.754,LYS, ,CD,29.89,5.45,0.673,2.07,1.0,<Residue LYS het=  resseq=145 icode= >,4y0f_A_A,2.648
343,1.139,LYS, ,CE,34.19,4.64,0.401,1.71,1.0,<Residue LYS het=  resseq=145 icode= >,4y0f_A_A,2.648
344,45.643,LYS, ,NZ,41.37,3.70,14.539,0.68,1.0,<Residue LYS het=  resseq=145 icode= >,4y0f_A_A,2.648
345,0.0,GLY, ,N,25.69,4.54,0.0,3.08,1.0,<Residue GLY het=  resseq=146 icode= >,4y0f_A_A,2.648
346,5.916,GLY, ,CA,30.36,3.21,5.916,2.31,1.0,<Residue GLY het=  resseq=146 icode= >,4y0f_A_A,2.648
347,2.11,GLY, ,C,30.73,3.50,2.11,3.60,1.0,<Residue GLY het=  resseq=146 icode= >,4y0f_A_A,2.648
348,2.097,GLY, ,O,35.19,3.00,2.097,1.65,1.0,<Residue GLY het=  resseq=146 icode= >,4y0f_A_A,2.648
349,0.0,PHE, ,N,28.78,4.19,0.0,2.63,1.0,<Residue PHE het=  resseq=147 icode= >,4y0f_A_A,2.648
350,0.0,PHE, ,CA,30.83,4.75,0.0,2.50,1.0,<Residue PHE het=  resseq=147 icode= >,4y0f_A_A,2.648
351,0.0,PHE, ,C,24.54,6.13,0.0,4.38,1.0,<Residue PHE het=  resseq=147 icode= >,4y0f_A_A,2.648
352,0.0,PHE, ,O,31.19,6.56,0.0,2.48,1.0,<Residue PHE het=  resseq=147 icode= >,4y0f_A_A,2.648
353,5.416,PHE, ,CB,29.69,4.14,5.244,1.54,1.0,<Residue PHE het=  resseq=147 icode= >,4y0f_A_A,2.648
354,1.912,PHE, ,CG,26.48,4.34,0.724,2.67,1.0,<Residue PHE het=  resseq=147 icode= >,4y0f_A_A,2.648
355,9.936,PHE, ,CD1,27.98,3.23,9.667,2.11,1.0,<Residue PHE het=  resseq=147 icode= >,4y0f_A_A,2.648
356,0.709,PHE, ,CD2,30.37,5.15,0.53,2.37,1.0,<Residue PHE het=  resseq=147 icode= >,4y0f_A_A,2.648
357,14.006,PHE, ,CE1,29.16,3.52,8.217,1.55,1.0,<Residue PHE het=  resseq=147 icode= >,4y0f_A_A,2.648
358,9.811,PHE, ,CE2,28.47,4.26,9.811,2.39,1.0,<Residue PHE het=  resseq=147 icode= >,4y0f_A_A,2.648
359,19.627,PHE, ,CZ,27.33,4.25,15.834,1.60,1.0,<Residue PHE het=  resseq=147 icode= >,4y0f_A_A,2.648
360,0.0,GLY, ,N,21.33,7.05,0.0,3.29,1.0,<Residue GLY het=  resseq=148 icode= >,4y0f_A_A,2.648
361,0.0,GLY, ,CA,26.81,7.39,0.0,1.72,1.0,<Residue GLY het=  resseq=148 icode= >,4y0f_A_A,2.648
362,0.0,GLY, ,C,30.66,6.84,0.0,3.03,1.0,<Residue GLY het=  resseq=148 icode= >,4y0f_A_A,2.648
363,0.0,GLY, ,O,27.79,6.89,0.0,2.20,1.0,<Residue GLY het=  resseq=148 icode= >,4y0f_A_A,2.648
364,0.0,PHE, ,N,27.43,6.47,0.0,2.40,1.0,<Residue PHE het=  resseq=149 icode= >,4y0f_A_A,2.648
365,0.0,PHE, ,CA,32.78,5.97,0.0,2.78,1.0,<Residue PHE het=  resseq=149 icode= >,4y0f_A_A,2.648
366,0.0,PHE, ,C,30.31,6.86,0.0,3.50,1.0,<Residue PHE het=  resseq=149 icode= >,4y0f_A_A,2.648
367,0.0,PHE, ,O,32.42,7.60,0.0,2.54,1.0,<Residue PHE het=  resseq=149 icode= >,4y0f_A_A,2.648
368,0.15,PHE, ,CB,23.0,4.48,0.15,2.43,1.0,<Residue PHE het=  resseq=149 icode= >,4y0f_A_A,2.648
369,1.514,PHE, ,CG,26.95,3.74,1.514,2.83,1.0,<Residue PHE het=  resseq=149 icode= >,4y0f_A_A,2.648
370,1.997,PHE, ,CD1,32.64,3.64,1.997,1.74,1.0,<Residue PHE het=  resseq=149 icode= >,4y0f_A_A,2.648
371,0.941,PHE, ,CD2,31.84,3.48,0.941,1.67,1.0,<Residue PHE het=  resseq=149 icode= >,4y0f_A_A,2.648
372,6.807,PHE, ,CE1,27.1,3.42,6.807,2.25,1.0,<Residue PHE het=  resseq=149 icode= >,4y0f_A_A,2.648
373,6.476,PHE, ,CE2,29.96,3.05,6.476,1.59,1.0,<Residue PHE het=  resseq=149 icode= >,4y0f_A_A,2.648
374,20.719,PHE, ,CZ,25.22,3.26,20.719,2.49,1.0,<Residue PHE het=  resseq=149 icode= >,4y0f_A_A,2.648
375,0.0,VAL, ,N,26.13,7.08,0.0,2.73,1.0,<Residue VAL het=  resseq=150 icode= >,4y0f_A_A,2.648
376,0.0,VAL, ,CA,28.06,8.18,0.0,2.86,1.0,<Residue VAL het=  resseq=150 icode= >,4y0f_A_A,2.648
377,0.0,VAL, ,C,30.29,8.27,0.0,3.30,1.0,<Residue VAL het=  resseq=150 icode= >,4y0f_A_A,2.648
378,0.075,VAL, ,O,32.69,7.92,0.0,1.98,1.0,<Residue VAL het=  resseq=150 icode= >,4y0f_A_A,2.648
379,0.0,VAL, ,CB,24.37,9.54,0.0,2.52,1.0,<Residue VAL het=  resseq=150 icode= >,4y0f_A_A,2.648
380,0.0,VAL, ,CG1,26.04,9.76,0.0,1.60,1.0,<Residue VAL het=  resseq=150 icode= >,4y0f_A_A,2.648
381,0.0,VAL, ,CG2,32.33,10.68,0.0,1.38,1.0,<Residue VAL het=  resseq=150 icode= >,4y0f_A_A,2.648
382,0.0,ARG, ,N,27.09,8.77,0.0,3.06,1.0,<Residue ARG het=  resseq=151 icode= >,4y0f_A_A,2.648
383,0.0,ARG, ,CA,24.8,9.11,0.0,2.75,1.0,<Residue ARG het=  resseq=151 icode= >,4y0f_A_A,2.648
384,0.0,ARG, ,C,33.61,10.61,0.0,3.50,1.0,<Residue ARG het=  resseq=151 icode= >,4y0f_A_A,2.648
385,0.0,ARG, ,O,29.18,11.32,0.0,2.46,1.0,<Residue ARG het=  resseq=151 icode= >,4y0f_A_A,2.648
386,0.415,ARG, ,CB,31.93,8.71,0.0,1.57,1.0,<Residue ARG het=  resseq=151 icode= >,4y0f_A_A,2.648
387,3.864,ARG, ,CG,34.08,8.98,0.0,1.30,1.0,<Residue ARG het=  resseq=151 icode= >,4y0f_A_A,2.648
388,0.0,ARG, ,CD,38.91,8.02,0.0,1.08,1.0,<Residue ARG het=  resseq=151 icode= >,4y0f_A_A,2.648
389,2.924,ARG, ,NE,44.78,8.09,0.0,1.47,1.0,<Residue ARG het=  resseq=151 icode= >,4y0f_A_A,2.648
390,3.242,ARG, ,CZ,43.12,7.40,0.0,2.91,1.0,<Residue ARG het=  resseq=151 icode= >,4y0f_A_A,2.648
391,21.883,ARG, ,NH1,38.13,6.46,0.0,1.69,1.0,<Residue ARG het=  resseq=151 icode= >,4y0f_A_A,2.648
392,47.088,ARG, ,NH2,42.53,7.92,0.0,1.55,1.0,<Residue ARG het=  resseq=151 icode= >,4y0f_A_A,2.648
393,0.19,PHE, ,N,33.27,11.10,0.0,2.23,1.0,<Residue PHE het=  resseq=152 icode= >,4y0f_A_A,2.648
394,0.0,PHE, ,CA,29.87,12.54,0.0,3.01,1.0,<Residue PHE het=  resseq=152 icode= >,4y0f_A_A,2.648
395,0.0,PHE, ,C,38.46,13.03,0.0,3.00,1.0,<Residue PHE het=  resseq=152 icode= >,4y0f_A_A,2.648
396,1.265,PHE, ,O,41.38,12.40,0.0,1.57,1.0,<Residue PHE het=  resseq=152 icode= >,4y0f_A_A,2.648
397,0.0,PHE, ,CB,31.92,13.12,0.0,2.09,1.0,<Residue PHE het=  resseq=152 icode= >,4y0f_A_A,2.648
398,0.0,PHE, ,CG,30.07,13.14,0.0,2.76,1.0,<Residue PHE het=  resseq=152 icode= >,4y0f_A_A,2.648
399,0.0,PHE, ,CD1,32.69,14.12,0.0,2.31,1.0,<Residue PHE het=  resseq=152 icode= >,4y0f_A_A,2.648
400,0.289,PHE, ,CD2,36.71,12.36,0.0,1.74,1.0,<Residue PHE het=  resseq=152 icode= >,4y0f_A_A,2.648
401,0.0,PHE, ,CE1,32.0,14.35,0.0,2.23,1.0,<Residue PHE het=  resseq=152 icode= >,4y0f_A_A,2.648
402,0.0,PHE, ,CE2,32.15,12.62,0.0,1.61,1.0,<Residue PHE het=  resseq=152 icode= >,4y0f_A_A,2.648
403,0.0,PHE, ,CZ,31.75,13.63,0.0,2.07,1.0,<Residue PHE het=  resseq=152 icode= >,4y0f_A_A,2.648
404,0.0,THR, ,N,34.87,1000.00,0.0,2.75,1.0,<Residue THR het=  resseq=153 icode= >,4y0f_A_A,2.648
405,0.87,THR, ,CA,37.9,1000.00,0.0,2.97,1.0,<Residue THR het=  resseq=153 icode= >,4y0f_A_A,2.648
406,0.0,THR, ,C,43.32,1000.00,0.0,3.12,1.0,<Residue THR het=  resseq=153 icode= >,4y0f_A_A,2.648
407,15.552,THR, ,O,48.53,1000.00,0.0,1.79,1.0,<Residue THR het=  resseq=153 icode= >,4y0f_A_A,2.648
408,0.053,THR, ,CB,45.05,1000.00,0.0,2.45,1.0,<Residue THR het=  resseq=153 icode= >,4y0f_A_A,2.648
409,0.0,THR, ,OG1,49.25,1000.00,0.0,1.55,1.0,<Residue THR het=  resseq=153 icode= >,4y0f_A_A,2.648
410,39.437,THR, ,CG2,44.04,1000.00,0.0,0.56,1.0,<Residue THR het=  resseq=153 icode= >,4y0f_A_A,2.648
411,0.197,GLU, ,N,47.77,1000.00,0.0,2.15,1.0,<Residue GLU het=  resseq=154 icode= >,4y0f_A_A,2.648
412,1.026,GLU, ,CA,43.98,1000.00,0.0,2.28,1.0,<Residue GLU het=  resseq=154 icode= >,4y0f_A_A,2.648
413,0.0,GLU, ,C,48.27,1000.00,0.0,2.45,1.0,<Residue GLU het=  resseq=154 icode= >,4y0f_A_A,2.648
414,0.0,GLU, ,O,48.45,1000.00,0.0,1.51,1.0,<Residue GLU het=  resseq=154 icode= >,4y0f_A_A,2.648
415,4.541,GLU, ,CB,50.11,1000.00,0.0,1.00,1.0,<Residue GLU het=  resseq=154 icode= >,4y0f_A_A,2.648
416,19.2,GLU, ,CG,57.63,1000.00,0.0,0.83,1.0,<Residue GLU het=  resseq=154 icode= >,4y0f_A_A,2.648
417,8.326,GLU, ,CD,62.63,1000.00,0.0,1.73,1.0,<Residue GLU het=  resseq=154 icode= >,4y0f_A_A,2.648
418,27.445,GLU, ,OE1,51.24,1000.00,0.0,1.81,1.0,<Residue GLU het=  resseq=154 icode= >,4y0f_A_A,2.648
419,41.627,GLU, ,OE2,64.05,1000.00,0.0,1.12,1.0,<Residue GLU het=  resseq=154 icode= >,4y0f_A_A,2.648
420,5.87,TYR, ,N,52.75,1000.00,0.0,1.93,1.0,<Residue TYR het=  resseq=155 icode= >,4y0f_A_A,2.648
421,0.0,TYR, ,CA,43.31,1000.00,0.0,2.69,1.0,<Residue TYR het=  resseq=155 icode= >,4y0f_A_A,2.648
422,0.0,TYR, ,C,45.91,1000.00,0.0,3.07,1.0,<Residue TYR het=  resseq=155 icode= >,4y0f_A_A,2.648
423,0.0,TYR, ,O,47.15,1000.00,0.0,1.76,1.0,<Residue TYR het=  resseq=155 icode= >,4y0f_A_A,2.648
424,19.227,TYR, ,CB,43.49,1000.00,0.0,1.42,1.0,<Residue TYR het=  resseq=155 icode= >,4y0f_A_A,2.648
425,2.187,TYR, ,CG,43.34,1000.00,0.0,2.57,1.0,<Residue TYR het=  resseq=155 icode= >,4y0f_A_A,2.648
426,2.272,TYR, ,CD1,49.26,1000.00,0.0,1.56,1.0,<Residue TYR het=  resseq=155 icode= >,4y0f_A_A,2.648
427,17.901,TYR, ,CD2,37.35,1000.00,0.0,1.81,1.0,<Residue TYR het=  resseq=155 icode= >,4y0f_A_A,2.648
428,13.321,TYR, ,CE1,47.48,1000.00,0.0,1.81,1.0,<Residue TYR het=  resseq=155 icode= >,4y0f_A_A,2.648
429,20.741,TYR, ,CE2,39.52,1000.00,0.0,1.81,1.0,<Residue TYR het=  resseq=155 icode= >,4y0f_A_A,2.648
430,5.147,TYR, ,CZ,40.84,1000.00,0.0,2.70,1.0,<Residue TYR het=  resseq=155 icode= >,4y0f_A_A,2.648
431,38.483,TYR, ,OH,42.12,1000.00,0.0,1.37,1.0,<Residue TYR het=  resseq=155 icode= >,4y0f_A_A,2.648
432,2.662,GLU, ,N,46.95,1000.00,0.0,2.15,1.0,<Residue GLU het=  resseq=156 icode= >,4y0f_A_A,2.648
433,1.752,GLU, ,CA,50.38,1000.00,0.0,2.05,1.0,<Residue GLU het=  resseq=156 icode= >,4y0f_A_A,2.648
434,0.587,GLU, ,C,52.62,1000.00,0.0,2.77,1.0,<Residue GLU het=  resseq=156 icode= >,4y0f_A_A,2.648
435,1.222,GLU, ,O,50.04,1000.00,0.0,1.80,1.0,<Residue GLU het=  resseq=156 icode= >,4y0f_A_A,2.648
436,20.265,GLU, ,CB,50.53,1000.00,0.0,1.02,1.0,<Residue GLU het=  resseq=156 icode= >,4y0f_A_A,2.648
437,25.956,GLU, ,CG,66.29,1000.00,0.0,0.46,1.0,<Residue GLU het=  resseq=156 icode= >,4y0f_A_A,2.648
438,12.255,GLU, ,CD,75.64,1000.00,0.0,1.05,1.0,<Residue GLU het=  resseq=156 icode= >,4y0f_A_A,2.648
439,39.793,GLU, ,OE1,73.29,1000.00,0.0,0.63,1.0,<Residue GLU het=  resseq=156 icode= >,4y0f_A_A,2.648
440,41.852,GLU, ,OE2,69.92,1000.00,0.0,0.84,1.0,<Residue GLU het=  resseq=156 icode= >,4y0f_A_A,2.648
441,0.254,THR, ,N,39.12,1000.00,0.0,3.35,1.0,<Residue THR het=  resseq=157 icode= >,4y0f_A_A,2.648
442,4.648,THR, ,CA,41.35,1000.00,0.0,3.05,1.0,<Residue THR het=  resseq=157 icode= >,4y0f_A_A,2.648
443,0.0,THR, ,C,41.51,1000.00,0.0,3.23,1.0,<Residue THR het=  resseq=157 icode= >,4y0f_A_A,2.648
444,0.0,THR, ,O,41.93,1000.00,0.0,1.84,1.0,<Residue THR het=  resseq=157 icode= >,4y0f_A_A,2.648
445,0.369,THR, ,CB,46.03,1000.00,0.0,1.89,1.0,<Residue THR het=  resseq=157 icode= >,4y0f_A_A,2.648
446,11.694,THR, ,OG1,41.78,1000.00,0.0,1.72,1.0,<Residue THR het=  resseq=157 icode= >,4y0f_A_A,2.648
447,0.0,THR, ,CG2,43.64,1000.00,0.0,0.74,1.0,<Residue THR het=  resseq=157 icode= >,4y0f_A_A,2.648
448,0.0,GLN, ,N,44.38,1000.00,0.0,2.12,1.0,<Residue GLN het=  resseq=158 icode= >,4y0f_A_A,2.648
449,0.0,GLN, ,CA,40.42,1000.00,0.0,2.34,1.0,<Residue GLN het=  resseq=158 icode= >,4y0f_A_A,2.648
450,0.0,GLN, ,C,45.57,1000.00,0.0,2.84,1.0,<Residue GLN het=  resseq=158 icode= >,4y0f_A_A,2.648
451,0.0,GLN, ,O,44.14,1000.00,0.0,1.55,1.0,<Residue GLN het=  resseq=158 icode= >,4y0f_A_A,2.648
452,0.0,GLN, ,CB,39.49,1000.00,0.0,1.58,1.0,<Residue GLN het=  resseq=158 icode= >,4y0f_A_A,2.648
453,0.471,GLN, ,CG,37.65,1000.00,0.0,1.59,1.0,<Residue GLN het=  resseq=158 icode= >,4y0f_A_A,2.648
454,0.0,GLN, ,CD,40.51,1000.00,0.0,2.50,1.0,<Residue GLN het=  resseq=158 icode= >,4y0f_A_A,2.648
455,0.022,GLN, ,OE1,36.17,1000.00,0.0,1.73,1.0,<Residue GLN het=  resseq=158 icode= >,4y0f_A_A,2.648
456,8.133,GLN, ,NE2,39.32,1000.00,0.0,1.07,1.0,<Residue GLN het=  resseq=158 icode= >,4y0f_A_A,2.648
457,0.0,VAL, ,N,43.83,1000.00,0.0,1.93,1.0,<Residue VAL het=  resseq=159 icode= >,4y0f_A_A,2.648
458,1.341,VAL, ,CA,46.25,1000.00,0.0,1.73,1.0,<Residue VAL het=  resseq=159 icode= >,4y0f_A_A,2.648
459,0.0,VAL, ,C,40.72,1000.00,0.0,2.85,1.0,<Residue VAL het=  resseq=159 icode= >,4y0f_A_A,2.648
460,0.876,VAL, ,O,46.07,1000.00,0.0,1.53,1.0,<Residue VAL het=  resseq=159 icode= >,4y0f_A_A,2.648
461,1.046,VAL, ,CB,43.55,1000.00,0.0,1.72,1.0,<Residue VAL het=  resseq=159 icode= >,4y0f_A_A,2.648
462,53.136,VAL, ,CG1,30.74,1000.00,0.0,1.69,1.0,<Residue VAL het=  resseq=159 icode= >,4y0f_A_A,2.648
463,14.845,VAL, ,CG2,39.26,1000.00,0.0,1.36,1.0,<Residue VAL het=  resseq=159 icode= >,4y0f_A_A,2.648
464,0.239,LYS, ,N,35.5,1000.00,0.0,2.75,1.0,<Residue LYS het=  resseq=160 icode= >,4y0f_A_A,2.648
465,3.824,LYS, ,CA,41.01,1000.00,0.0,2.37,1.0,<Residue LYS het=  resseq=160 icode= >,4y0f_A_A,2.648
466,0.0,LYS, ,C,45.68,1000.00,0.0,2.54,1.0,<Residue LYS het=  resseq=160 icode= >,4y0f_A_A,2.648
467,0.0,LYS, ,O,46.13,1000.00,0.0,1.57,1.0,<Residue LYS het=  resseq=160 icode= >,4y0f_A_A,2.648
468,9.249,LYS, ,CB,40.42,1000.00,0.0,1.65,1.0,<Residue LYS het=  resseq=160 icode= >,4y0f_A_A,2.648
469,9.412,LYS, ,CG,40.14,1000.00,0.0,1.49,1.0,<Residue LYS het=  resseq=160 icode= >,4y0f_A_A,2.648
470,18.094,LYS, ,CD,49.63,1000.00,0.0,1.03,1.0,<Residue LYS het=  resseq=160 icode= >,4y0f_A_A,2.648
471,23.568,LYS, ,CE,47.24,1000.00,0.0,1.19,1.0,<Residue LYS het=  resseq=160 icode= >,4y0f_A_A,2.648
472,41.92,LYS, ,NZ,47.93,1000.00,0.0,0.66,1.0,<Residue LYS het=  resseq=160 icode= >,4y0f_A_A,2.648
473,0.0,VAL, ,N,41.93,1000.00,0.0,2.42,1.0,<Residue VAL het=  resseq=161 icode= >,4y0f_A_A,2.648
474,0.0,VAL, ,CA,45.15,1000.00,0.0,2.12,1.0,<Residue VAL het=  resseq=161 icode= >,4y0f_A_A,2.648
475,0.0,VAL, ,C,41.28,1000.00,0.0,2.86,1.0,<Residue VAL het=  resseq=161 icode= >,4y0f_A_A,2.648
476,0.0,VAL, ,O,37.13,1000.00,0.0,1.97,1.0,<Residue VAL het=  resseq=161 icode= >,4y0f_A_A,2.648
477,0.0,VAL, ,CB,41.78,1000.00,0.0,2.11,1.0,<Residue VAL het=  resseq=161 icode= >,4y0f_A_A,2.648
478,0.0,VAL, ,CG1,36.61,1000.00,0.0,0.90,1.0,<Residue VAL het=  resseq=161 icode= >,4y0f_A_A,2.648
479,0.0,VAL, ,CG2,35.57,1000.00,0.0,1.35,1.0,<Residue VAL het=  resseq=161 icode= >,4y0f_A_A,2.648
480,0.0,MET, ,N,39.36,13.37,0.0,2.91,1.0,<Residue MET het=  resseq=162 icode= >,4y0f_A_A,2.648
481,0.0,MET, ,CA,42.54,12.28,0.0,2.84,1.0,<Residue MET het=  resseq=162 icode= >,4y0f_A_A,2.648
482,0.986,MET, ,C,42.1,12.90,0.0,2.99,1.0,<Residue MET het=  resseq=162 icode= >,4y0f_A_A,2.648
483,21.786,MET, ,O,42.23,12.32,0.0,1.66,1.0,<Residue MET het=  resseq=162 icode= >,4y0f_A_A,2.648
484,6.846,MET, ,CB,51.15,11.73,0.0,1.23,1.0,<Residue MET het=  resseq=162 icode= >,4y0f_A_A,2.648
485,0.0,MET, ,CG,50.03,10.93,0.0,1.01,1.0,<Residue MET het=  resseq=162 icode= >,4y0f_A_A,2.648
486,8.619,MET, ,SD,75.46,10.58,0.0,1.04,1.0,<Residue MET het=  resseq=162 icode= >,4y0f_A_A,2.648
487,35.327,MET, ,CE,42.81,9.65,0.0,0.48,1.0,<Residue MET het=  resseq=162 icode= >,4y0f_A_A,2.648
488,0.266,SER, ,N,44.21,17.04,0.0,2.45,1.0,<Residue SER het=  resseq=163 icode= >,4y0f_A_A,2.648
489,13.199,SER, ,CA,43.43,17.70,0.0,2.46,1.0,<Residue SER het=  resseq=163 icode= >,4y0f_A_A,2.648
490,2.461,SER, ,C,48.37,17.27,0.0,2.14,1.0,<Residue SER het=  resseq=163 icode= >,4y0f_A_A,2.648
491,29.792,SER, ,O,49.54,17.77,0.0,0.97,1.0,<Residue SER het=  resseq=163 icode= >,4y0f_A_A,2.648
492,35.055,SER, ,CB,42.48,19.20,0.0,2.02,1.0,<Residue SER het=  resseq=163 icode= >,4y0f_A_A,2.648
493,6.818,SER, ,OG,40.54,19.58,0.0,1.54,1.0,<Residue SER het=  resseq=163 icode= >,4y0f_A_A,2.648
494,0.0,GLN, ,N,46.33,16.48,0.0,1.90,1.0,<Residue GLN het=  resseq=164 icode= >,4y0f_A_A,2.648
495,7.781,GLN, ,CA,33.02,16.25,0.0,3.20,1.0,<Residue GLN het=  resseq=164 icode= >,4y0f_A_A,2.648
496,2.987,GLN, ,C,35.04,14.86,0.0,3.59,1.0,<Residue GLN het=  resseq=164 icode= >,4y0f_A_A,2.648
497,2.433,GLN, ,O,38.44,14.17,0.0,2.50,1.0,<Residue GLN het=  resseq=164 icode= >,4y0f_A_A,2.648
498,19.051,GLN, ,CB,32.89,17.30,0.0,1.61,1.0,<Residue GLN het=  resseq=164 icode= >,4y0f_A_A,2.648
499,0.0,GLN, ,CG,37.47,17.07,0.0,1.26,1.0,<Residue GLN het=  resseq=164 icode= >,4y0f_A_A,2.648
500,3.067,GLN, ,CD,36.0,18.03,0.0,3.13,1.0,<Residue GLN het=  resseq=164 icode= >,4y0f_A_A,2.648
501,15.285,GLN, ,OE1,38.63,17.67,0.0,1.57,1.0,<Residue GLN het=  resseq=164 icode= >,4y0f_A_A,2.648
502,17.24,GLN, ,NE2,42.14,19.31,0.0,1.48,1.0,<Residue GLN het=  resseq=164 icode= >,4y0f_A_A,2.648
503,4.596,ARG, ,N,34.64,14.57,0.0,2.17,1.0,<Residue ARG het=  resseq=165 icode= >,4y0f_A_A,2.648
504,0.352,ARG, ,CA,29.65,13.44,0.0,2.54,1.0,<Residue ARG het=  resseq=165 icode= >,4y0f_A_A,2.648
505,0.0,ARG, ,C,33.93,13.66,0.0,3.23,1.0,<Residue ARG het=  resseq=165 icode= >,4y0f_A_A,2.648
506,3.729,ARG, ,O,38.55,14.76,0.0,2.00,1.0,<Residue ARG het=  resseq=165 icode= >,4y0f_A_A,2.648
507,3.467,ARG, ,CB,34.59,13.24,0.0,1.49,1.0,<Residue ARG het=  resseq=165 icode= >,4y0f_A_A,2.648
508,28.36,ARG, ,CG,32.29,13.06,0.0,1.98,1.0,<Residue ARG het=  resseq=165 icode= >,4y0f_A_A,2.648
509,12.606,ARG, ,CD,28.19,11.77,0.0,1.84,1.0,<Residue ARG het=  resseq=165 icode= >,4y0f_A_A,2.648
510,9.386,ARG, ,NE,35.12,11.91,0.0,2.49,1.0,<Residue ARG het=  resseq=165 icode= >,4y0f_A_A,2.648
511,4.256,ARG, ,CZ,36.97,10.60,0.0,3.21,1.0,<Residue ARG het=  resseq=165 icode= >,4y0f_A_A,2.648
512,20.966,ARG, ,NH1,34.79,9.74,0.0,1.33,1.0,<Residue ARG het=  resseq=165 icode= >,4y0f_A_A,2.648
513,34.837,ARG, ,NH2,44.2,10.21,0.0,1.29,1.0,<Residue ARG het=  resseq=165 icode= >,4y0f_A_A,2.648
514,0.0,HIS, ,N,34.02,12.67,0.0,2.53,1.0,<Residue HIS het=  resseq=166 icode= >,4y0f_A_A,2.648
515,1.135,HIS, ,CA,31.06,12.93,0.0,3.22,1.0,<Residue HIS het=  resseq=166 icode= >,4y0f_A_A,2.648
516,0.0,HIS, ,C,32.44,12.43,0.0,3.39,1.0,<Residue HIS het=  resseq=166 icode= >,4y0f_A_A,2.648
517,0.0,HIS, ,O,33.8,11.25,0.0,2.11,1.0,<Residue HIS het=  resseq=166 icode= >,4y0f_A_A,2.648
518,0.0,HIS, ,CB,28.06,12.52,0.0,1.67,1.0,<Residue HIS het=  resseq=166 icode= >,4y0f_A_A,2.648
519,0.0,HIS, ,CG,34.9,13.31,0.0,3.58,1.0,<Residue HIS het=  resseq=166 icode= >,4y0f_A_A,2.648
520,0.0,HIS, ,ND1,33.63,14.60,0.0,2.44,1.0,<Residue HIS het=  resseq=166 icode= >,4y0f_A_A,2.648
521,0.0,HIS, ,CD2,27.14,13.14,0.0,2.56,1.0,<Residue HIS het=  resseq=166 icode= >,4y0f_A_A,2.648
522,0.0,HIS, ,CE1,33.97,15.16,0.0,3.08,1.0,<Residue HIS het=  resseq=166 icode= >,4y0f_A_A,2.648
523,0.0,HIS, ,NE2,27.9,14.34,0.0,2.93,1.0,<Residue HIS het=  resseq=166 icode= >,4y0f_A_A,2.648
524,3.354,MET, ,N,36.46,13.45,0.0,1.94,1.0,<Residue MET het=  resseq=167 icode= >,4y0f_A_A,2.648
525,0.0,MET, ,CA,35.28,13.35,0.0,1.61,1.0,<Residue MET het=  resseq=167 icode= >,4y0f_A_A,2.648
526,0.0,MET, ,C,27.9,13.26,0.0,2.96,1.0,<Residue MET het=  resseq=167 icode= >,4y0f_A_A,2.648
527,11.666,MET, ,O,34.65,14.31,0.0,2.37,1.0,<Residue MET het=  resseq=167 icode= >,4y0f_A_A,2.648
528,14.297,MET, ,CB,29.95,14.68,0.0,1.08,1.0,<Residue MET het=  resseq=167 icode= >,4y0f_A_A,2.648
529,24.943,MET, ,CG,27.74,14.91,0.0,1.74,1.0,<Residue MET het=  resseq=167 icode= >,4y0f_A_A,2.648
530,2.834,MET, ,SD,34.68,13.97,0.0,4.21,1.0,<Residue MET het=  resseq=167 icode= >,4y0f_A_A,2.648
531,29.567,MET, ,CE,37.88,14.83,0.0,1.81,1.0,<Residue MET het=  resseq=167 icode= >,4y0f_A_A,2.648
532,0.0,ILE, ,N,31.02,10.53,0.0,1.84,1.0,<Residue ILE het=  resseq=168 icode= >,4y0f_A_A,2.648
533,1.087,ILE, ,CA,27.69,10.34,0.0,2.56,1.0,<Residue ILE het=  resseq=168 icode= >,4y0f_A_A,2.648
534,0.0,ILE, ,C,30.08,9.32,0.0,3.32,1.0,<Residue ILE het=  resseq=168 icode= >,4y0f_A_A,2.648
535,0.0,ILE, ,O,35.9,8.13,0.0,2.03,1.0,<Residue ILE het=  resseq=168 icode= >,4y0f_A_A,2.648
536,0.0,ILE, ,CB,25.69,9.82,0.0,3.00,1.0,<Residue ILE het=  resseq=168 icode= >,4y0f_A_A,2.648
537,0.0,ILE, ,CG1,27.64,10.69,0.0,2.69,1.0,<Residue ILE het=  resseq=168 icode= >,4y0f_A_A,2.648
538,3.306,ILE, ,CG2,28.54,9.95,0.0,1.50,1.0,<Residue ILE het=  resseq=168 icode= >,4y0f_A_A,2.648
539,0.0,ILE, ,CD1,24.57,10.18,0.0,2.14,1.0,<Residue ILE het=  resseq=168 icode= >,4y0f_A_A,2.648
540,9.112,ASP, ,N,36.8,9.96,0.0,1.96,1.0,<Residue ASP het=  resseq=169 icode= >,4y0f_A_A,2.648
541,12.538,ASP, ,CA,34.65,9.43,0.0,2.39,1.0,<Residue ASP het=  resseq=169 icode= >,4y0f_A_A,2.648
542,4.279,ASP, ,C,34.3,8.68,0.0,3.13,1.0,<Residue ASP het=  resseq=169 icode= >,4y0f_A_A,2.648
543,15.774,ASP, ,O,36.4,7.81,0.0,2.00,1.0,<Residue ASP het=  resseq=169 icode= >,4y0f_A_A,2.648
544,0.0,ASP, ,CB,32.62,8.78,0.0,2.10,1.0,<Residue ASP het=  resseq=169 icode= >,4y0f_A_A,2.648
545,3.567,ASP, ,CG,34.56,9.92,0.0,3.53,1.0,<Residue ASP het=  resseq=169 icode= >,4y0f_A_A,2.648
546,23.748,ASP, ,OD1,36.19,10.70,0.0,2.10,1.0,<Residue ASP het=  resseq=169 icode= >,4y0f_A_A,2.648
547,4.772,ASP, ,OD2,40.93,10.20,0.0,2.04,1.0,<Residue ASP het=  resseq=169 icode= >,4y0f_A_A,2.648
548,3.954,GLY, ,N,34.3,9.24,0.0,2.50,1.0,<Residue GLY het=  resseq=170 icode= >,4y0f_A_A,2.648
549,29.787,GLY, ,CA,28.55,9.11,0.0,3.12,1.0,<Residue GLY het=  resseq=170 icode= >,4y0f_A_A,2.648
550,1.39,GLY, ,C,32.41,8.44,0.0,3.32,1.0,<Residue GLY het=  resseq=170 icode= >,4y0f_A_A,2.648
551,23.356,GLY, ,O,34.36,8.63,0.0,1.89,1.0,<Residue GLY het=  resseq=170 icode= >,4y0f_A_A,2.648
552,0.0,ARG, ,N,31.54,7.93,0.0,2.26,1.0,<Residue ARG het=  resseq=171 icode= >,4y0f_A_A,2.648
553,1.541,ARG, ,CA,32.04,7.56,0.0,2.49,1.0,<Residue ARG het=  resseq=171 icode= >,4y0f_A_A,2.648
554,0.0,ARG, ,C,35.79,8.42,0.0,3.33,1.0,<Residue ARG het=  resseq=171 icode= >,4y0f_A_A,2.648
555,0.0,ARG, ,O,35.08,8.63,0.0,1.94,1.0,<Residue ARG het=  resseq=171 icode= >,4y0f_A_A,2.648
556,0.057,ARG, ,CB,29.81,6.08,0.0,1.56,1.0,<Residue ARG het=  resseq=171 icode= >,4y0f_A_A,2.648
557,24.286,ARG, ,CG,36.47,5.52,0.0,1.16,1.0,<Residue ARG het=  resseq=171 icode= >,4y0f_A_A,2.648
558,22.563,ARG, ,CD,28.81,4.07,6.868,2.05,1.0,<Residue ARG het=  resseq=171 icode= >,4y0f_A_A,2.648
559,0.015,ARG, ,NE,36.64,3.83,0.007,2.35,1.0,<Residue ARG het=  resseq=171 icode= >,4y0f_A_A,2.648
560,6.984,ARG, ,CZ,26.39,3.58,4.027,4.67,1.0,<Residue ARG het=  resseq=171 icode= >,4y0f_A_A,2.648
561,49.704,ARG, ,NH1,23.46,3.48,24.528,2.94,1.0,<Residue ARG het=  resseq=171 icode= >,4y0f_A_A,2.648
562,31.462,ARG, ,NH2,26.98,3.42,18.047,2.40,1.0,<Residue ARG het=  resseq=171 icode= >,4y0f_A_A,2.648
563,3.391,TRP, ,N,32.76,8.89,0.0,3.02,1.0,<Residue TRP het=  resseq=172 icode= >,4y0f_A_A,2.648
564,0.0,TRP, ,CA,31.03,9.65,0.0,3.44,1.0,<Residue TRP het=  resseq=172 icode= >,4y0f_A_A,2.648
565,0.0,TRP, ,C,33.67,8.65,0.0,3.27,1.0,<Residue TRP het=  resseq=172 icode= >,4y0f_A_A,2.648
566,9.574,TRP, ,O,40.92,7.76,0.0,2.04,1.0,<Residue TRP het=  resseq=172 icode= >,4y0f_A_A,2.648
567,3.327,TRP, ,CB,27.09,10.61,0.0,2.13,1.0,<Residue TRP het=  resseq=172 icode= >,4y0f_A_A,2.648
568,0.0,TRP, ,CG,33.25,11.73,0.0,2.91,1.0,<Residue TRP het=  resseq=172 icode= >,4y0f_A_A,2.648
569,22.842,TRP, ,CD1,32.07,11.96,0.0,1.59,1.0,<Residue TRP het=  resseq=172 icode= >,4y0f_A_A,2.648
570,0.873,TRP, ,CD2,33.01,12.85,0.0,3.45,1.0,<Residue TRP het=  resseq=172 icode= >,4y0f_A_A,2.648
571,20.486,TRP, ,NE1,38.46,13.12,0.0,2.06,1.0,<Residue TRP het=  resseq=172 icode= >,4y0f_A_A,2.648
572,3.468,TRP, ,CE2,33.53,13.72,0.0,3.45,1.0,<Residue TRP het=  resseq=172 icode= >,4y0f_A_A,2.648
573,0.441,TRP, ,CE3,33.31,13.34,0.0,2.50,1.0,<Residue TRP het=  resseq=172 icode= >,4y0f_A_A,2.648
574,25.716,TRP, ,CZ2,34.8,14.93,0.0,2.00,1.0,<Residue TRP het=  resseq=172 icode= >,4y0f_A_A,2.648
575,11.125,TRP, ,CZ3,34.1,14.59,0.0,2.27,1.0,<Residue TRP het=  resseq=172 icode= >,4y0f_A_A,2.648
576,29.776,TRP, ,CH2,34.34,15.34,0.0,1.78,1.0,<Residue TRP het=  resseq=172 icode= >,4y0f_A_A,2.648
577,0.0,CYS, ,N,32.25,8.94,0.0,2.03,1.0,<Residue CYS het=  resseq=173 icode= >,4y0f_A_A,2.648
578,0.119,CYS, ,CA,35.78,8.14,0.0,1.95,1.0,<Residue CYS het=  resseq=173 icode= >,4y0f_A_A,2.648
579,0.0,CYS, ,C,33.49,8.82,0.0,2.90,1.0,<Residue CYS het=  resseq=173 icode= >,4y0f_A_A,2.648
580,0.0,CYS, ,O,32.99,10.05,0.0,1.43,1.0,<Residue CYS het=  resseq=173 icode= >,4y0f_A_A,2.648
581,0.0,CYS, ,CB,30.82,7.98,0.0,2.19,1.0,<Residue CYS het=  resseq=173 icode= >,4y0f_A_A,2.648
582,0.0,CYS, ,SG,31.97,6.85,0.0,5.04,1.0,<Residue CYS het=  resseq=173 icode= >,4y0f_A_A,2.648
583,0.0,ASP, ,N,30.52,8.14,0.0,2.54,1.0,<Residue ASP het=  resseq=174 icode= >,4y0f_A_A,2.648
584,0.84,ASP, ,CA,29.92,8.59,0.0,2.57,1.0,<Residue ASP het=  resseq=174 icode= >,4y0f_A_A,2.648
585,0.0,ASP, ,C,26.66,8.71,0.0,3.95,1.0,<Residue ASP het=  resseq=174 icode= >,4y0f_A_A,2.648
586,0.0,ASP, ,O,36.02,7.88,0.0,2.27,1.0,<Residue ASP het=  resseq=174 icode= >,4y0f_A_A,2.648
587,3.21,ASP, ,CB,30.47,7.91,0.0,1.28,1.0,<Residue ASP het=  resseq=174 icode= >,4y0f_A_A,2.648
588,3.794,ASP, ,CG,33.04,8.28,0.0,2.84,1.0,<Residue ASP het=  resseq=174 icode= >,4y0f_A_A,2.648
589,8.26,ASP, ,OD1,30.08,9.51,0.0,1.60,1.0,<Residue ASP het=  resseq=174 icode= >,4y0f_A_A,2.648
590,22.989,ASP, ,OD2,34.94,7.51,0.0,1.40,1.0,<Residue ASP het=  resseq=174 icode= >,4y0f_A_A,2.648
591,1.928,CYS, ,N,32.84,9.15,0.0,2.38,1.0,<Residue CYS het=  resseq=175 icode= >,4y0f_A_A,2.648
592,0.0,CYS, ,CA,32.76,8.76,0.0,2.60,1.0,<Residue CYS het=  resseq=175 icode= >,4y0f_A_A,2.648
593,0.001,CYS, ,C,37.45,7.92,0.0,2.68,1.0,<Residue CYS het=  resseq=175 icode= >,4y0f_A_A,2.648
594,4.034,CYS, ,O,47.96,8.55,0.0,1.19,1.0,<Residue CYS het=  resseq=175 icode= >,4y0f_A_A,2.648
595,0.0,CYS, ,CB,33.3,10.10,0.0,1.82,1.0,<Residue CYS het=  resseq=175 icode= >,4y0f_A_A,2.648
596,0.0,CYS, ,SG,41.77,11.20,0.0,3.10,1.0,<Residue CYS het=  resseq=175 icode= >,4y0f_A_A,2.648
597,0.0,LYS, ,N,34.73,6.64,0.0,2.41,1.0,<Residue LYS het=  resseq=176 icode= >,4y0f_A_A,2.648
598,0.653,LYS, ,CA,34.7,5.91,0.0,2.68,1.0,<Residue LYS het=  resseq=176 icode= >,4y0f_A_A,2.648
599,0.0,LYS, ,C,37.58,5.71,0.0,2.79,1.0,<Residue LYS het=  resseq=176 icode= >,4y0f_A_A,2.648
600,0.0,LYS, ,O,41.59,5.92,0.0,1.47,1.0,<Residue LYS het=  resseq=176 icode= >,4y0f_A_A,2.648
601,7.348,LYS, ,CB,34.34,4.74,1.846,1.73,1.0,<Residue LYS het=  resseq=176 icode= >,4y0f_A_A,2.648
602,10.855,LYS, ,CG,38.17,5.46,0.0,1.23,1.0,<Residue LYS het=  resseq=176 icode= >,4y0f_A_A,2.648
603,20.543,LYS, ,CD,37.82,4.84,7.316,1.08,1.0,<Residue LYS het=  resseq=176 icode= >,4y0f_A_A,2.648
604,23.31,LYS, ,CE,48.34,6.09,0.0,0.49,1.0,<Residue LYS het=  resseq=176 icode= >,4y0f_A_A,2.648
605,46.698,LYS, ,NZ,52.95,6.10,0.0,0.33,1.0,<Residue LYS het=  resseq=176 icode= >,4y0f_A_A,2.648
606,2.028,LEU, ,N,47.26,5.79,0.0,1.45,1.0,<Residue LEU het=  resseq=177 icode= >,4y0f_A_A,2.648
607,0.0,LEU, ,CA,37.04,5.89,0.0,2.12,1.0,<Residue LEU het=  resseq=177 icode= >,4y0f_A_A,2.648
608,0.026,LEU, ,C,32.22,4.63,0.0,2.81,1.0,<Residue LEU het=  resseq=177 icode= >,4y0f_A_A,2.648
609,13.356,LEU, ,O,45.46,3.63,5.267,1.57,1.0,<Residue LEU het=  resseq=177 icode= >,4y0f_A_A,2.648
610,15.806,LEU, ,CB,43.52,6.75,0.0,0.69,1.0,<Residue LEU het=  resseq=177 icode= >,4y0f_A_A,2.648
611,0.073,LEU, ,CG,39.35,8.18,0.0,1.88,1.0,<Residue LEU het=  resseq=177 icode= >,4y0f_A_A,2.648
612,60.145,LEU, ,CD1,43.32,9.01,0.0,-0.13,1.0,<Residue LEU het=  resseq=177 icode= >,4y0f_A_A,2.648
613,9.746,LEU, ,CD2,39.85,8.55,0.0,0.39,1.0,<Residue LEU het=  resseq=177 icode= >,4y0f_A_A,2.648
614,0.0,PRO, ,N,37.84,4.33,0.0,2.75,1.0,<Residue PRO het=  resseq=178 icode= >,4y0f_A_A,2.648
615,2.641,PRO, ,CA,42.44,3.16,2.641,2.06,1.0,<Residue PRO het=  resseq=178 icode= >,4y0f_A_A,2.648
616,0.0,PRO, ,C,48.26,3.54,0.0,2.47,1.0,<Residue PRO het=  resseq=178 icode= >,4y0f_A_A,2.648
617,18.688,PRO, ,O,40.63,4.69,0.0,2.48,1.0,<Residue PRO het=  resseq=178 icode= >,4y0f_A_A,2.648
618,8.29,PRO, ,CB,40.15,3.14,8.29,1.28,1.0,<Residue PRO het=  resseq=178 icode= >,4y0f_A_A,2.648
619,15.857,PRO, ,CG,41.72,3.79,7.924,1.07,1.0,<Residue PRO het=  resseq=178 icode= >,4y0f_A_A,2.648
620,3.835,PRO, ,CD,40.87,5.08,0.0,1.39,1.0,<Residue PRO het=  resseq=178 icode= >,4y0f_A_A,2.648
621,3.899,ASN, ,N,52.41,3.06,3.899,1.82,1.0,<Residue ASN het=  resseq=179 icode= >,4y0f_A_A,2.648
622,5.189,ASN, ,CA,55.89,4.07,0.0,2.26,1.0,<Residue ASN het=  resseq=179 icode= >,4y0f_A_A,2.648
623,0.109,ASN, ,C,65.16,3.90,0.0,2.41,1.0,<Residue ASN het=  resseq=179 icode= >,4y0f_A_A,2.648
624,13.012,ASN, ,O,62.81,3.07,12.016,2.38,1.0,<Residue ASN het=  resseq=179 icode= >,4y0f_A_A,2.648
625,28.922,ASN, ,CB,57.36,4.09,4.532,2.00,1.0,<Residue ASN het=  resseq=179 icode= >,4y0f_A_A,2.648
626,5.86,ASN, ,CG,54.14,3.61,0.317,2.72,1.0,<Residue ASN het=  resseq=179 icode= >,4y0f_A_A,2.648
627,26.467,ASN, ,OD1,60.02,3.80,2.426,1.33,1.0,<Residue ASN het=  resseq=179 icode= >,4y0f_A_A,2.648
628,58.688,ASN, ,ND2,44.05,3.17,36.526,1.77,1.0,<Residue ASN het=  resseq=179 icode= >,4y0f_A_A,2.648
629,13.402,SER, ,N,74.65,4.40,0.0,1.20,1.0,<Residue SER het=  resseq=180 icode= >,4y0f_A_A,2.648
630,17.086,SER, ,CA,79.92,4.19,0.0,1.45,1.0,<Residue SER het=  resseq=180 icode= >,4y0f_A_A,2.648
631,23.294,SER, ,C,75.46,3.36,13.337,1.64,1.0,<Residue SER het=  resseq=180 icode= >,4y0f_A_A,2.648
632,37.714,SER, ,O,64.39,3.97,4.109,2.28,1.0,<Residue SER het=  resseq=180 icode= >,4y0f_A_A,2.648
633,46.715,SER, ,CB,76.37,4.25,0.0,1.45,1.0,<Residue SER het=  resseq=180 icode= >,4y0f_A_A,2.648
634,24.554,SER, ,OG,73.79,3.27,12.288,1.62,1.0,<Residue SER het=  resseq=180 icode= >,4y0f_A_A,2.648
