,ASA,aa,altloc,atom,bfac,d2r,dASA,dens,occ,residue,id,resolu
0,56.186,GLY, ,N,56.53,15.54,0.0,1.67,1.0,<Residue GLY het=  resseq=0 icode= >,4y60_C_A,1.75
1,45.026,GLY, ,CA,53.3,14.14,0.0,1.65,1.0,<Residue GLY het=  resseq=0 icode= >,4y60_C_A,1.75
2,4.457,GLY, ,C,51.18,13.41,0.0,2.10,1.0,<Residue GLY het=  resseq=0 icode= >,4y60_C_A,1.75
3,27.264,GLY, ,O,61.46,13.40,0.0,1.83,1.0,<Residue GLY het=  resseq=0 icode= >,4y60_C_A,1.75
4,6.988,LEU, ,N,48.43,12.12,0.0,1.85,1.0,<Residue LEU het=  resseq=1 icode= >,4y60_C_A,1.75
5,2.441,LEU, ,CA,48.26,11.12,0.0,2.01,1.0,<Residue LEU het=  resseq=1 icode= >,4y60_C_A,1.75
6,2.126,LEU, ,C,51.06,10.16,0.0,3.29,1.0,<Residue LEU het=  resseq=1 icode= >,4y60_C_A,1.75
7,10.648,LEU, ,O,44.76,10.29,0.0,3.25,1.0,<Residue LEU het=  resseq=1 icode= >,4y60_C_A,1.75
8,13.363,LEU, ,CB,52.69,10.22,0.0,1.13,1.0,<Residue LEU het=  resseq=1 icode= >,4y60_C_A,1.75
9,6.806,LEU, ,CG,58.19,10.88,0.0,1.49,1.0,<Residue LEU het=  resseq=1 icode= >,4y60_C_A,1.75
10,67.003,LEU, ,CD1,63.13,10.16,0.0,0.41,1.0,<Residue LEU het=  resseq=1 icode= >,4y60_C_A,1.75
11,59.771,LEU, ,CD2,61.3,11.26,0.0,0.29,1.0,<Residue LEU het=  resseq=1 icode= >,4y60_C_A,1.75
12,5.425,ARG, ,N,50.85,9.17,0.0,2.20,1.0,<Residue ARG het=  resseq=2 icode= >,4y60_C_A,1.75
13,10.569,ARG, ,CA,49.93,8.13,0.0,2.09,1.0,<Residue ARG het=  resseq=2 icode= >,4y60_C_A,1.75
14,0.0,ARG, ,C,46.55,7.39,0.0,2.55,1.0,<Residue ARG het=  resseq=2 icode= >,4y60_C_A,1.75
15,7.57,ARG, ,O,37.42,7.34,0.0,2.60,1.0,<Residue ARG het=  resseq=2 icode= >,4y60_C_A,1.75
16,24.751,ARG, ,CB,53.3,7.35,0.0,1.52,1.0,<Residue ARG het=  resseq=2 icode= >,4y60_C_A,1.75
17,7.411,ARG, ,CG,57.51,6.50,0.0,1.00,1.0,<Residue ARG het=  resseq=2 icode= >,4y60_C_A,1.75
18,32.923,ARG, ,CD,64.1,5.81,0.0,0.94,1.0,<Residue ARG het=  resseq=2 icode= >,4y60_C_A,1.75
19,13.575,ARG, ,NE,59.81,5.01,0.0,1.12,1.0,<Residue ARG het=  resseq=2 icode= >,4y60_C_A,1.75
20,4.53,ARG, ,CZ,58.02,3.70,0.0,1.47,1.0,<Residue ARG het=  resseq=2 icode= >,4y60_C_A,1.75
21,15.398,ARG, ,NH1,48.05,3.02,7.408,1.69,1.0,<Residue ARG het=  resseq=2 icode= >,4y60_C_A,1.75
22,46.757,ARG, ,NH2,56.74,2.93,19.83,0.71,1.0,<Residue ARG het=  resseq=2 icode= >,4y60_C_A,1.75
23,3.722,ILE, ,N,40.17,7.14,0.0,2.78,1.0,<Residue ILE het=  resseq=3 icode= >,4y60_C_A,1.75
24,1.882,ILE, ,CA,34.42,6.79,0.0,2.50,1.0,<Residue ILE het=  resseq=3 icode= >,4y60_C_A,1.75
25,0.0,ILE, ,C,32.32,5.33,0.0,2.95,1.0,<Residue ILE het=  resseq=3 icode= >,4y60_C_A,1.75
26,6.551,ILE, ,O,33.65,4.57,0.394,3.41,1.0,<Residue ILE het=  resseq=3 icode= >,4y60_C_A,1.75
27,2.615,ILE, ,CB,33.67,7.47,0.0,2.77,1.0,<Residue ILE het=  resseq=3 icode= >,4y60_C_A,1.75
28,26.338,ILE, ,CG1,47.2,8.87,0.0,1.40,1.0,<Residue ILE het=  resseq=3 icode= >,4y60_C_A,1.75
29,1.365,ILE, ,CG2,31.25,7.70,0.0,2.12,1.0,<Residue ILE het=  resseq=3 icode= >,4y60_C_A,1.75
30,27.713,ILE, ,CD1,50.63,9.72,0.0,0.60,1.0,<Residue ILE het=  resseq=3 icode= >,4y60_C_A,1.75
31,4.207,ARG, ,N,30.38,5.02,0.0,2.80,1.0,<Residue ARG het=  resseq=4 icode= >,4y60_C_A,1.75
32,1.595,ARG, ,CA,29.21,3.61,1.595,3.14,1.0,<Residue ARG het=  resseq=4 icode= >,4y60_C_A,1.75
33,0.036,ARG, ,C,27.6,3.82,0.0,4.42,1.0,<Residue ARG het=  resseq=4 icode= >,4y60_C_A,1.75
34,2.033,ARG, ,O,30.63,5.02,0.0,3.80,1.0,<Residue ARG het=  resseq=4 icode= >,4y60_C_A,1.75
35,17.826,ARG, ,CB,30.09,3.37,9.966,2.82,1.0,<Residue ARG het=  resseq=4 icode= >,4y60_C_A,1.75
36,1.056,ARG, ,CG,36.17,3.91,0.0,2.26,1.0,<Residue ARG het=  resseq=4 icode= >,4y60_C_A,1.75
37,33.913,ARG, ,CD,37.91,3.51,17.205,2.06,1.0,<Residue ARG het=  resseq=4 icode= >,4y60_C_A,1.75
38,15.486,ARG, ,NE,51.91,4.04,0.081,1.04,1.0,<Residue ARG het=  resseq=4 icode= >,4y60_C_A,1.75
39,4.658,ARG, ,CZ,63.15,4.03,1.244,0.67,1.0,<Residue ARG het=  resseq=4 icode= >,4y60_C_A,1.75
40,35.692,ARG, ,NH1,55.21,3.46,21.019,1.13,1.0,<Residue ARG het=  resseq=4 icode= >,4y60_C_A,1.75
41,49.556,ARG, ,NH2,68.0,5.08,0.0,0.52,1.0,<Residue ARG het=  resseq=4 icode= >,4y60_C_A,1.75
42,3.188,ARG, ,N,26.84,3.09,3.188,3.89,1.0,<Residue ARG het=  resseq=5 icode= >,4y60_C_A,1.75
43,0.0,ARG, ,CA,27.35,4.09,0.0,3.34,1.0,<Residue ARG het=  resseq=5 icode= >,4y60_C_A,1.75
44,0.0,ARG, ,C,25.12,4.21,0.0,4.49,1.0,<Residue ARG het=  resseq=5 icode= >,4y60_C_A,1.75
45,15.516,ARG, ,O,26.12,3.44,11.245,4.05,1.0,<Residue ARG het=  resseq=5 icode= >,4y60_C_A,1.75
46,10.361,ARG, ,CB,23.86,3.50,9.007,2.91,1.0,<Residue ARG het=  resseq=5 icode= >,4y60_C_A,1.75
47,13.871,ARG, ,CG,25.17,3.72,13.871,2.48,1.0,<Residue ARG het=  resseq=5 icode= >,4y60_C_A,1.75
48,16.775,ARG, ,CD,30.71,3.77,16.515,2.27,1.0,<Residue ARG het=  resseq=5 icode= >,4y60_C_A,1.75
49,1.749,ARG, ,NE,27.2,4.34,0.0,3.33,1.0,<Residue ARG het=  resseq=5 icode= >,4y60_C_A,1.75
50,4.185,ARG, ,CZ,32.44,3.26,1.201,3.70,1.0,<Residue ARG het=  resseq=5 icode= >,4y60_C_A,1.75
51,39.099,ARG, ,NH1,27.42,2.82,39.099,3.15,1.0,<Residue ARG het=  resseq=5 icode= >,4y60_C_A,1.75
52,47.194,ARG, ,NH2,29.44,2.88,40.277,3.08,1.0,<Residue ARG het=  resseq=5 icode= >,4y60_C_A,1.75
53,0.0,PRO, ,N,25.12,5.43,0.0,3.79,1.0,<Residue PRO het=  resseq=6 icode= >,4y60_C_A,1.75
54,8.519,PRO, ,CA,28.83,5.91,0.0,2.57,1.0,<Residue PRO het=  resseq=6 icode= >,4y60_C_A,1.75
55,0.046,PRO, ,C,28.92,5.05,0.009,3.71,1.0,<Residue PRO het=  resseq=6 icode= >,4y60_C_A,1.75
56,13.428,PRO, ,O,29.58,4.79,3.374,3.28,1.0,<Residue PRO het=  resseq=6 icode= >,4y60_C_A,1.75
57,2.023,PRO, ,CB,27.75,7.36,0.0,2.70,1.0,<Residue PRO het=  resseq=6 icode= >,4y60_C_A,1.75
58,17.759,PRO, ,CG,28.23,6.17,0.0,2.47,1.0,<Residue PRO het=  resseq=6 icode= >,4y60_C_A,1.75
59,6.929,PRO, ,CD,25.59,6.57,0.0,2.85,1.0,<Residue PRO het=  resseq=6 icode= >,4y60_C_A,1.75
60,2.804,MET, ,N,25.2,5.04,0.0,4.24,1.0,<Residue MET het=  resseq=7 icode= >,4y60_C_A,1.75
61,3.713,MET, ,CA,25.07,4.67,3.713,3.63,1.0,<Residue MET het=  resseq=7 icode= >,4y60_C_A,1.75
62,0.493,MET, ,C,23.51,5.84,0.0,4.17,1.0,<Residue MET het=  resseq=7 icode= >,4y60_C_A,1.75
63,1.745,MET, ,O,24.44,6.97,0.0,4.29,1.0,<Residue MET het=  resseq=7 icode= >,4y60_C_A,1.75
64,0.0,MET, ,CB,27.57,5.09,0.0,3.15,1.0,<Residue MET het=  resseq=7 icode= >,4y60_C_A,1.75
65,21.115,MET, ,CG,29.95,3.61,19.509,2.80,1.0,<Residue MET het=  resseq=7 icode= >,4y60_C_A,1.75
66,9.335,MET, ,SD,32.31,3.56,9.335,6.82,1.0,<Residue MET het=  resseq=7 icode= >,4y60_C_A,1.75
67,34.696,MET, ,CE,45.09,4.59,2.637,1.07,1.0,<Residue MET het=  resseq=7 icode= >,4y60_C_A,1.75
68,1.768,ASN, ,N,24.24,5.40,1.347,3.69,1.0,<Residue ASN het=  resseq=8 icode= >,4y60_C_A,1.75
69,4.638,ASN, ,CA,22.69,5.28,0.054,3.77,1.0,<Residue ASN het=  resseq=8 icode= >,4y60_C_A,1.75
70,0.0,ASN, ,C,24.8,5.55,0.0,4.30,1.0,<Residue ASN het=  resseq=8 icode= >,4y60_C_A,1.75
71,0.0,ASN, ,O,23.02,6.48,0.0,4.90,1.0,<Residue ASN het=  resseq=8 icode= >,4y60_C_A,1.75
72,31.732,ASN, ,CB,21.51,4.19,26.839,3.72,1.0,<Residue ASN het=  resseq=8 icode= >,4y60_C_A,1.75
73,4.428,ASN, ,CG,24.55,3.57,4.428,4.89,1.0,<Residue ASN het=  resseq=8 icode= >,4y60_C_A,1.75
74,0.0,ASN, ,OD1,24.83,3.84,0.0,5.10,1.0,<Residue ASN het=  resseq=8 icode= >,4y60_C_A,1.75
75,46.374,ASN, ,ND2,25.59,2.96,45.901,4.35,1.0,<Residue ASN het=  resseq=8 icode= >,4y60_C_A,1.75
76,3.226,ALA, ,N,24.8,4.94,1.864,4.36,1.0,<Residue ALA het=  resseq=9 icode= >,4y60_C_A,1.75
77,0.0,ALA, ,CA,24.16,5.62,0.0,3.72,1.0,<Residue ALA het=  resseq=9 icode= >,4y60_C_A,1.75
78,0.0,ALA, ,C,27.12,5.58,0.0,4.39,1.0,<Residue ALA het=  resseq=9 icode= >,4y60_C_A,1.75
79,0.0,ALA, ,O,23.85,6.64,0.0,4.40,1.0,<Residue ALA het=  resseq=9 icode= >,4y60_C_A,1.75
80,14.324,ALA, ,CB,27.13,5.22,5.926,2.70,1.0,<Residue ALA het=  resseq=9 icode= >,4y60_C_A,1.75
81,1.606,PHE, ,N,22.02,4.61,1.606,5.18,1.0,<Residue PHE het=  resseq=10 icode= >,4y60_C_A,1.75
82,0.0,PHE, ,CA,21.8,5.14,0.0,3.82,1.0,<Residue PHE het=  resseq=10 icode= >,4y60_C_A,1.75
83,0.0,PHE, ,C,23.68,5.84,0.0,4.06,1.0,<Residue PHE het=  resseq=10 icode= >,4y60_C_A,1.75
84,0.0,PHE, ,O,21.56,6.43,0.0,4.60,1.0,<Residue PHE het=  resseq=10 icode= >,4y60_C_A,1.75
85,12.991,PHE, ,CB,22.01,3.67,12.991,3.42,1.0,<Residue PHE het=  resseq=10 icode= >,4y60_C_A,1.75
86,2.818,PHE, ,CG,23.54,3.24,2.818,3.96,1.0,<Residue PHE het=  resseq=10 icode= >,4y60_C_A,1.75
87,1.988,PHE, ,CD1,21.89,3.72,1.988,3.38,1.0,<Residue PHE het=  resseq=10 icode= >,4y60_C_A,1.75
88,7.444,PHE, ,CD2,23.63,3.24,7.444,4.13,1.0,<Residue PHE het=  resseq=10 icode= >,4y60_C_A,1.75
89,0.901,PHE, ,CE1,24.87,4.16,0.901,3.31,1.0,<Residue PHE het=  resseq=10 icode= >,4y60_C_A,1.75
90,14.069,PHE, ,CE2,25.62,3.70,14.069,3.12,1.0,<Residue PHE het=  resseq=10 icode= >,4y60_C_A,1.75
91,5.834,PHE, ,CZ,28.0,4.07,5.834,3.20,1.0,<Residue PHE het=  resseq=10 icode= >,4y60_C_A,1.75
92,0.0,MET, ,N,23.32,5.38,0.0,4.57,1.0,<Residue MET het=  resseq=11 icode= >,4y60_C_A,1.75
93,0.017,MET, ,CA,22.17,5.71,0.0,4.45,1.0,<Residue MET het=  resseq=11 icode= >,4y60_C_A,1.75
94,0.0,MET, ,C,23.58,5.67,0.0,4.89,1.0,<Residue MET het=  resseq=11 icode= >,4y60_C_A,1.75
95,2.177,MET, ,O,22.6,5.05,1.056,5.14,1.0,<Residue MET het=  resseq=11 icode= >,4y60_C_A,1.75
96,3.298,MET, ,CB,23.55,4.90,3.298,2.66,1.0,<Residue MET het=  resseq=11 icode= >,4y60_C_A,1.75
97,11.357,MET, ,CG,27.86,3.68,11.357,2.51,1.0,<Residue MET het=  resseq=11 icode= >,4y60_C_A,1.75
98,22.418,MET, ,SD,34.22,4.19,21.232,6.78,1.0,<Residue MET het=  resseq=11 icode= >,4y60_C_A,1.75
99,57.113,MET, ,CE,41.78,3.12,57.113,1.12,1.0,<Residue MET het=  resseq=11 icode= >,4y60_C_A,1.75
100,0.0,VAL, ,N,21.48,6.67,0.0,4.81,1.0,<Residue VAL het=  resseq=12 icode= >,4y60_C_A,1.75
101,0.0,VAL, ,CA,22.57,7.13,0.0,3.52,1.0,<Residue VAL het=  resseq=12 icode= >,4y60_C_A,1.75
102,0.0,VAL, ,C,20.68,7.74,0.0,5.25,1.0,<Residue VAL het=  resseq=12 icode= >,4y60_C_A,1.75
103,7.391,VAL, ,O,23.47,7.64,0.0,4.94,1.0,<Residue VAL het=  resseq=12 icode= >,4y60_C_A,1.75
104,0.0,VAL, ,CB,27.39,8.34,0.0,3.07,1.0,<Residue VAL het=  resseq=12 icode= >,4y60_C_A,1.75
105,17.258,VAL, ,CG1,29.21,9.04,0.0,2.18,1.0,<Residue VAL het=  resseq=12 icode= >,4y60_C_A,1.75
106,0.0,VAL, ,CG2,26.32,7.87,0.0,2.52,1.0,<Residue VAL het=  resseq=12 icode= >,4y60_C_A,1.75
107,0.0,TRP, ,N,18.16,8.48,0.0,4.42,1.0,<Residue TRP het=  resseq=13 icode= >,4y60_C_A,1.75
108,0.263,TRP, ,CA,20.5,9.30,0.0,3.78,1.0,<Residue TRP het=  resseq=13 icode= >,4y60_C_A,1.75
109,0.0,TRP, ,C,23.25,8.63,0.0,4.43,1.0,<Residue TRP het=  resseq=13 icode= >,4y60_C_A,1.75
110,2.332,TRP, ,O,24.94,9.19,0.0,5.00,1.0,<Residue TRP het=  resseq=13 icode= >,4y60_C_A,1.75
111,0.0,TRP, ,CB,21.99,9.12,0.0,3.38,1.0,<Residue TRP het=  resseq=13 icode= >,4y60_C_A,1.75
112,0.0,TRP, ,CG,22.52,9.31,0.0,3.21,1.0,<Residue TRP het=  resseq=13 icode= >,4y60_C_A,1.75
113,2.992,TRP, ,CD1,21.6,10.38,0.0,3.69,1.0,<Residue TRP het=  resseq=13 icode= >,4y60_C_A,1.75
114,0.0,TRP, ,CD2,22.86,8.59,0.0,3.43,1.0,<Residue TRP het=  resseq=13 icode= >,4y60_C_A,1.75
115,10.152,TRP, ,NE1,22.97,10.45,0.0,4.45,1.0,<Residue TRP het=  resseq=13 icode= >,4y60_C_A,1.75
116,0.0,TRP, ,CE2,20.26,9.42,0.0,4.21,1.0,<Residue TRP het=  resseq=13 icode= >,4y60_C_A,1.75
117,0.0,TRP, ,CE3,21.72,7.51,0.0,4.01,1.0,<Residue TRP het=  resseq=13 icode= >,4y60_C_A,1.75
118,3.465,TRP, ,CZ2,25.08,9.26,0.0,3.61,1.0,<Residue TRP het=  resseq=13 icode= >,4y60_C_A,1.75
119,0.0,TRP, ,CZ3,23.78,7.36,0.0,3.48,1.0,<Residue TRP het=  resseq=13 icode= >,4y60_C_A,1.75
120,0.028,TRP, ,CH2,24.31,8.17,0.0,3.60,1.0,<Residue TRP het=  resseq=13 icode= >,4y60_C_A,1.75
121,0.0,ALA, ,N,19.57,7.67,0.0,4.85,1.0,<Residue ALA het=  resseq=14 icode= >,4y60_C_A,1.75
122,0.0,ALA, ,CA,19.74,7.33,0.0,4.42,1.0,<Residue ALA het=  resseq=14 icode= >,4y60_C_A,1.75
123,0.618,ALA, ,C,26.0,6.54,0.0,4.47,1.0,<Residue ALA het=  resseq=14 icode= >,4y60_C_A,1.75
124,0.0,ALA, ,O,26.45,6.16,0.0,4.50,1.0,<Residue ALA het=  resseq=14 icode= >,4y60_C_A,1.75
125,4.297,ALA, ,CB,22.38,5.91,0.527,3.36,1.0,<Residue ALA het=  resseq=14 icode= >,4y60_C_A,1.75
126,0.367,LYS, ,N,27.2,6.17,0.0,3.91,1.0,<Residue LYS het=  resseq=15 icode= >,4y60_C_A,1.75
127,6.197,LYS, ,CA,27.04,5.17,4.374,3.86,1.0,<Residue LYS het=  resseq=15 icode= >,4y60_C_A,1.75
128,2.114,LYS, ,C,31.18,5.66,0.0,3.87,1.0,<Residue LYS het=  resseq=15 icode= >,4y60_C_A,1.75
129,6.664,LYS, ,O,35.8,5.14,3.781,2.69,1.0,<Residue LYS het=  resseq=15 icode= >,4y60_C_A,1.75
130,5.5,LYS, ,CB,30.77,4.82,0.298,2.43,1.0,<Residue LYS het=  resseq=15 icode= >,4y60_C_A,1.75
131,22.751,LYS, ,CG,40.32,3.63,21.864,2.69,1.0,<Residue LYS het=  resseq=15 icode= >,4y60_C_A,1.75
132,4.376,LYS, ,CD,37.66,4.00,3.055,1.94,1.0,<Residue LYS het=  resseq=15 icode= >,4y60_C_A,1.75
133,36.493,LYS, ,CE,45.62,3.96,1.481,1.34,1.0,<Residue LYS het=  resseq=15 icode= >,4y60_C_A,1.75
134,46.955,LYS, ,NZ,47.96,3.20,16.322,1.62,1.0,<Residue LYS het=  resseq=15 icode= >,4y60_C_A,1.75
135,1.489,ASP, ,N,30.61,6.86,0.0,3.80,1.0,<Residue ASP het=  resseq=16 icode= >,4y60_C_A,1.75
136,4.113,ASP, ,CA,30.64,7.65,0.0,3.14,1.0,<Residue ASP het=  resseq=16 icode= >,4y60_C_A,1.75
137,0.0,ASP, ,C,28.36,8.15,0.0,4.42,1.0,<Residue ASP het=  resseq=16 icode= >,4y60_C_A,1.75
138,0.0,ASP, ,O,31.74,8.47,0.0,3.60,1.0,<Residue ASP het=  resseq=16 icode= >,4y60_C_A,1.75
139,32.144,ASP, ,CB,32.77,8.73,0.0,1.82,1.0,<Residue ASP het=  resseq=16 icode= >,4y60_C_A,1.75
140,9.105,ASP, ,CG,49.65,9.75,0.0,1.89,1.0,<Residue ASP het=  resseq=16 icode= >,4y60_C_A,1.75
141,21.798,ASP, ,OD1,50.09,9.46,0.0,1.77,1.0,<Residue ASP het=  resseq=16 icode= >,4y60_C_A,1.75
142,21.612,ASP, ,OD2,44.82,10.97,0.0,2.00,1.0,<Residue ASP het=  resseq=16 icode= >,4y60_C_A,1.75
143,0.0,GLU, ,N,27.52,8.53,0.0,4.15,1.0,<Residue GLU het=  resseq=17 icode= >,4y60_C_A,1.75
144,0.0,GLU, ,CA,26.74,9.33,0.0,3.62,1.0,<Residue GLU het=  resseq=17 icode= >,4y60_C_A,1.75
145,0.0,GLU, ,C,24.52,8.68,0.0,4.84,1.0,<Residue GLU het=  resseq=17 icode= >,4y60_C_A,1.75
146,0.0,GLU, ,O,25.44,9.31,0.0,5.03,1.0,<Residue GLU het=  resseq=17 icode= >,4y60_C_A,1.75
147,0.0,GLU, ,CB,27.13,10.14,0.0,3.63,1.0,<Residue GLU het=  resseq=17 icode= >,4y60_C_A,1.75
148,4.162,GLU, ,CG,59.56,11.44,0.0,0.54,1.0,<Residue GLU het=  resseq=17 icode= >,4y60_C_A,1.75
149,5.896,GLU, ,CD,49.93,12.34,0.0,3.26,1.0,<Residue GLU het=  resseq=17 icode= >,4y60_C_A,1.75
150,10.964,GLU, ,OE1,48.08,12.51,0.0,2.52,1.0,<Residue GLU het=  resseq=17 icode= >,4y60_C_A,1.75
151,9.851,GLU, ,OE2,54.91,12.61,0.0,2.14,1.0,<Residue GLU het=  resseq=17 icode= >,4y60_C_A,1.75
152,0.0,ARG, ,N,23.13,7.43,0.0,4.34,1.0,<Residue ARG het=  resseq=18 icode= >,4y60_C_A,1.75
153,0.0,ARG, ,CA,23.92,6.75,0.0,3.12,1.0,<Residue ARG het=  resseq=18 icode= >,4y60_C_A,1.75
154,0.0,ARG, ,C,25.52,6.77,0.0,4.52,1.0,<Residue ARG het=  resseq=18 icode= >,4y60_C_A,1.75
155,0.0,ARG, ,O,24.01,7.20,0.0,5.08,1.0,<Residue ARG het=  resseq=18 icode= >,4y60_C_A,1.75
156,0.811,ARG, ,CB,20.79,5.44,0.762,3.29,1.0,<Residue ARG het=  resseq=18 icode= >,4y60_C_A,1.75
157,3.057,ARG, ,CG,19.99,5.10,0.0,3.67,1.0,<Residue ARG het=  resseq=18 icode= >,4y60_C_A,1.75
158,27.282,ARG, ,CD,21.56,3.79,25.475,3.36,1.0,<Residue ARG het=  resseq=18 icode= >,4y60_C_A,1.75
159,11.109,ARG, ,NE,23.24,3.70,8.873,4.58,1.0,<Residue ARG het=  resseq=18 icode= >,4y60_C_A,1.75
160,4.421,ARG, ,CZ,26.62,3.55,4.421,4.52,1.0,<Residue ARG het=  resseq=18 icode= >,4y60_C_A,1.75
161,0.799,ARG, ,NH1,23.5,3.53,0.799,3.95,1.0,<Residue ARG het=  resseq=18 icode= >,4y60_C_A,1.75
162,19.168,ARG, ,NH2,22.87,3.22,19.047,4.12,1.0,<Residue ARG het=  resseq=18 icode= >,4y60_C_A,1.75
163,0.505,LYS, ,N,27.03,6.53,0.0,3.82,1.0,<Residue LYS het=  resseq=19 icode= >,4y60_C_A,1.75
164,2.59,LYS, ,CA,30.56,6.26,0.0,3.55,1.0,<Residue LYS het=  resseq=19 icode= >,4y60_C_A,1.75
165,0.545,LYS, ,C,26.67,7.42,0.0,4.22,1.0,<Residue LYS het=  resseq=19 icode= >,4y60_C_A,1.75
166,1.059,LYS, ,O,30.73,7.41,0.0,3.48,1.0,<Residue LYS het=  resseq=19 icode= >,4y60_C_A,1.75
167,1.204,LYS, ,CB,41.73,6.20,0.0,2.27,1.0,<Residue LYS het=  resseq=19 icode= >,4y60_C_A,1.75
168,19.946,LYS, ,CG,53.46,5.50,0.0,1.23,1.0,<Residue LYS het=  resseq=19 icode= >,4y60_C_A,1.75
169,28.628,LYS, ,CD,62.09,4.23,11.958,0.76,1.0,<Residue LYS het=  resseq=19 icode= >,4y60_C_A,1.75
170,49.643,LYS, ,CE,64.17,4.07,8.497,0.58,1.0,<Residue LYS het=  resseq=19 icode= >,4y60_C_A,1.75
171,43.773,LYS, ,NZ,66.17,4.13,4.104,0.51,1.0,<Residue LYS het=  resseq=19 icode= >,4y60_C_A,1.75
172,0.168,ARG, ,N,27.29,8.63,0.0,3.88,1.0,<Residue ARG het=  resseq=20 icode= >,4y60_C_A,1.75
173,1.929,ARG, ,CA,32.05,9.85,0.0,3.50,1.0,<Residue ARG het=  resseq=20 icode= >,4y60_C_A,1.75
174,0.0,ARG, ,C,34.44,10.22,0.0,3.70,1.0,<Residue ARG het=  resseq=20 icode= >,4y60_C_A,1.75
175,0.0,ARG, ,O,33.83,10.73,0.0,3.38,1.0,<Residue ARG het=  resseq=20 icode= >,4y60_C_A,1.75
176,0.0,ARG, ,CB,38.02,11.08,0.0,2.63,1.0,<Residue ARG het=  resseq=20 icode= >,4y60_C_A,1.75
177,15.614,ARG, ,CG,47.51,11.43,0.0,1.46,1.0,<Residue ARG het=  resseq=20 icode= >,4y60_C_A,1.75
178,21.649,ARG, ,CD,49.95,12.90,0.0,1.78,1.0,<Residue ARG het=  resseq=20 icode= >,4y60_C_A,1.75
179,10.227,ARG, ,NE,68.69,13.74,0.0,0.93,1.0,<Residue ARG het=  resseq=20 icode= >,4y60_C_A,1.75
180,4.346,ARG, ,CZ,71.4,14.48,0.0,1.25,1.0,<Residue ARG het=  resseq=20 icode= >,4y60_C_A,1.75
181,15.647,ARG, ,NH1,67.57,14.14,0.0,0.92,1.0,<Residue ARG het=  resseq=20 icode= >,4y60_C_A,1.75
182,34.035,ARG, ,NH2,68.91,15.32,0.0,1.13,1.0,<Residue ARG het=  resseq=20 icode= >,4y60_C_A,1.75
183,0.0,LEU, ,N,26.22,10.23,0.0,4.27,1.0,<Residue LEU het=  resseq=21 icode= >,4y60_C_A,1.75
184,0.0,LEU, ,CA,26.75,10.63,0.0,3.69,1.0,<Residue LEU het=  resseq=21 icode= >,4y60_C_A,1.75
185,0.0,LEU, ,C,28.09,9.71,0.0,4.72,1.0,<Residue LEU het=  resseq=21 icode= >,4y60_C_A,1.75
186,0.0,LEU, ,O,28.72,10.30,0.0,3.94,1.0,<Residue LEU het=  resseq=21 icode= >,4y60_C_A,1.75
187,0.0,LEU, ,CB,24.36,10.77,0.0,2.73,1.0,<Residue LEU het=  resseq=21 icode= >,4y60_C_A,1.75
188,0.0,LEU, ,CG,31.73,11.32,0.0,2.29,1.0,<Residue LEU het=  resseq=21 icode= >,4y60_C_A,1.75
189,2.364,LEU, ,CD1,31.94,10.09,0.0,1.73,1.0,<Residue LEU het=  resseq=21 icode= >,4y60_C_A,1.75
190,21.998,LEU, ,CD2,34.52,12.58,0.0,1.61,1.0,<Residue LEU het=  resseq=21 icode= >,4y60_C_A,1.75
191,0.0,ALA, ,N,25.28,8.41,0.0,4.21,1.0,<Residue ALA het=  resseq=22 icode= >,4y60_C_A,1.75
192,0.597,ALA, ,CA,26.12,7.59,0.0,3.34,1.0,<Residue ALA het=  resseq=22 icode= >,4y60_C_A,1.75
193,0.85,ALA, ,C,33.14,8.25,0.0,3.67,1.0,<Residue ALA het=  resseq=22 icode= >,4y60_C_A,1.75
194,3.09,ALA, ,O,32.85,8.54,0.0,3.66,1.0,<Residue ALA het=  resseq=22 icode= >,4y60_C_A,1.75
195,35.989,ALA, ,CB,27.72,6.08,3.835,2.65,1.0,<Residue ALA het=  resseq=22 icode= >,4y60_C_A,1.75
196,0.0,GLN, ,N,29.81,8.79,0.0,3.05,1.0,<Residue GLN het=  resseq=23 icode= >,4y60_C_A,1.75
197,9.372,GLN, ,CA,35.63,9.51,0.0,3.26,1.0,<Residue GLN het=  resseq=23 icode= >,4y60_C_A,1.75
198,0.0,GLN, ,C,34.59,10.90,0.0,3.36,1.0,<Residue GLN het=  resseq=23 icode= >,4y60_C_A,1.75
199,12.813,GLN, ,O,37.44,11.56,0.0,2.84,1.0,<Residue GLN het=  resseq=23 icode= >,4y60_C_A,1.75
200,22.447,GLN, ,CB,41.5,9.36,0.0,2.51,1.0,<Residue GLN het=  resseq=23 icode= >,4y60_C_A,1.75
201,13.594,GLN, ,CG,57.83,10.56,0.0,0.89,1.0,<Residue GLN het=  resseq=23 icode= >,4y60_C_A,1.75
202,6.491,GLN, ,CD,59.88,11.75,0.0,1.73,1.0,<Residue GLN het=  resseq=23 icode= >,4y60_C_A,1.75
203,29.658,GLN, ,OE1,71.85,11.71,0.0,0.94,1.0,<Residue GLN het=  resseq=23 icode= >,4y60_C_A,1.75
204,39.692,GLN, ,NE2,64.81,12.93,0.0,0.90,1.0,<Residue GLN het=  resseq=23 icode= >,4y60_C_A,1.75
205,0.0,GLN, ,N,29.08,11.42,0.0,4.09,1.0,<Residue GLN het=  resseq=24 icode= >,4y60_C_A,1.75
206,5.691,GLN, ,CA,29.44,12.73,0.0,3.78,1.0,<Residue GLN het=  resseq=24 icode= >,4y60_C_A,1.75
207,0.262,GLN, ,C,32.22,12.83,0.0,3.79,1.0,<Residue GLN het=  resseq=24 icode= >,4y60_C_A,1.75
208,25.267,GLN, ,O,35.19,13.90,0.0,3.37,1.0,<Residue GLN het=  resseq=24 icode= >,4y60_C_A,1.75
209,8.306,GLN, ,CB,31.9,13.40,0.0,2.36,1.0,<Residue GLN het=  resseq=24 icode= >,4y60_C_A,1.75
210,9.948,GLN, ,CG,46.2,13.60,0.0,1.47,1.0,<Residue GLN het=  resseq=24 icode= >,4y60_C_A,1.75
211,5.556,GLN, ,CD,60.4,14.19,0.0,1.75,1.0,<Residue GLN het=  resseq=24 icode= >,4y60_C_A,1.75
212,16.648,GLN, ,OE1,70.85,14.39,0.0,1.22,1.0,<Residue GLN het=  resseq=24 icode= >,4y60_C_A,1.75
213,22.88,GLN, ,NE2,59.98,14.64,0.0,1.19,1.0,<Residue GLN het=  resseq=24 icode= >,4y60_C_A,1.75
214,0.0,ASN, ,N,28.27,11.79,0.0,3.59,1.0,<Residue ASN het=  resseq=25 icode= >,4y60_C_A,1.75
215,5.442,ASN, ,CA,30.04,11.64,0.0,3.66,1.0,<Residue ASN het=  resseq=25 icode= >,4y60_C_A,1.75
216,0.0,ASN, ,C,26.8,10.19,0.0,4.49,1.0,<Residue ASN het=  resseq=25 icode= >,4y60_C_A,1.75
217,0.185,ASN, ,O,26.51,9.46,0.0,4.58,1.0,<Residue ASN het=  resseq=25 icode= >,4y60_C_A,1.75
218,2.292,ASN, ,CB,37.49,11.99,0.0,2.10,1.0,<Residue ASN het=  resseq=25 icode= >,4y60_C_A,1.75
219,0.0,ASN, ,CG,42.51,13.21,0.0,2.09,1.0,<Residue ASN het=  resseq=25 icode= >,4y60_C_A,1.75
220,31.685,ASN, ,OD1,40.38,14.35,0.0,2.41,1.0,<Residue ASN het=  resseq=25 icode= >,4y60_C_A,1.75
221,5.005,ASN, ,ND2,37.19,12.90,0.0,2.19,1.0,<Residue ASN het=  resseq=25 icode= >,4y60_C_A,1.75
222,0.0,PRO, ,N,28.18,9.87,0.0,3.53,1.0,<Residue PRO het=  resseq=26 icode= >,4y60_C_A,1.75
223,4.336,PRO, ,CA,28.98,8.46,0.0,2.89,1.0,<Residue PRO het=  resseq=26 icode= >,4y60_C_A,1.75
224,0.163,PRO, ,C,32.91,7.96,0.0,3.57,1.0,<Residue PRO het=  resseq=26 icode= >,4y60_C_A,1.75
225,27.404,PRO, ,O,32.61,6.81,0.0,3.70,1.0,<Residue PRO het=  resseq=26 icode= >,4y60_C_A,1.75
226,31.617,PRO, ,CB,30.93,8.68,0.0,2.21,1.0,<Residue PRO het=  resseq=26 icode= >,4y60_C_A,1.75
227,33.631,PRO, ,CG,37.63,10.11,0.0,1.75,1.0,<Residue PRO het=  resseq=26 icode= >,4y60_C_A,1.75
228,14.207,PRO, ,CD,29.55,10.82,0.0,2.16,1.0,<Residue PRO het=  resseq=26 icode= >,4y60_C_A,1.75
229,0.056,ASP, ,N,30.0,8.88,0.0,3.27,1.0,<Residue ASP het=  resseq=27 icode= >,4y60_C_A,1.75
230,5.771,ASP, ,CA,31.8,8.00,0.0,2.37,1.0,<Residue ASP het=  resseq=27 icode= >,4y60_C_A,1.75
231,1.472,ASP, ,C,30.68,7.75,0.0,3.21,1.0,<Residue ASP het=  resseq=27 icode= >,4y60_C_A,1.75
232,17.949,ASP, ,O,38.88,7.17,0.0,2.62,1.0,<Residue ASP het=  resseq=27 icode= >,4y60_C_A,1.75
233,24.747,ASP, ,CB,34.39,8.87,0.0,2.12,1.0,<Residue ASP het=  resseq=27 icode= >,4y60_C_A,1.75
234,8.249,ASP, ,CG,38.46,9.36,0.0,2.64,1.0,<Residue ASP het=  resseq=27 icode= >,4y60_C_A,1.75
235,31.406,ASP, ,OD1,37.45,8.69,0.0,2.63,1.0,<Residue ASP het=  resseq=27 icode= >,4y60_C_A,1.75
236,39.713,ASP, ,OD2,40.93,10.58,0.0,2.18,1.0,<Residue ASP het=  resseq=27 icode= >,4y60_C_A,1.75
237,0.0,LEU, ,N,28.18,8.49,0.0,3.37,1.0,<Residue LEU het=  resseq=28 icode= >,4y60_C_A,1.75
238,0.575,LEU, ,CA,29.71,8.72,0.0,2.50,1.0,<Residue LEU het=  resseq=28 icode= >,4y60_C_A,1.75
239,0.783,LEU, ,C,33.77,7.53,0.0,3.28,1.0,<Residue LEU het=  resseq=28 icode= >,4y60_C_A,1.75
240,11.031,LEU, ,O,34.32,6.94,0.0,3.45,1.0,<Residue LEU het=  resseq=28 icode= >,4y60_C_A,1.75
241,0.0,LEU, ,CB,28.08,9.90,0.0,2.31,1.0,<Residue LEU het=  resseq=28 icode= >,4y60_C_A,1.75
242,2.42,LEU, ,CG,29.98,11.21,0.0,2.68,1.0,<Residue LEU het=  resseq=28 icode= >,4y60_C_A,1.75
243,10.75,LEU, ,CD1,30.24,12.16,0.0,1.90,1.0,<Residue LEU het=  resseq=28 icode= >,4y60_C_A,1.75
244,39.58,LEU, ,CD2,34.78,10.99,0.0,1.37,1.0,<Residue LEU het=  resseq=28 icode= >,4y60_C_A,1.75
245,1.125,HIS, ,N,30.72,7.41,0.0,3.15,1.0,<Residue HIS het=  resseq=29 icode= >,4y60_C_A,1.75
246,6.003,HIS, ,CA,29.97,6.19,0.0,2.61,1.0,<Residue HIS het=  resseq=29 icode= >,4y60_C_A,1.75
247,0.0,HIS, ,C,28.78,5.75,0.0,3.20,1.0,<Residue HIS het=  resseq=29 icode= >,4y60_C_A,1.75
248,0.0,HIS, ,O,25.39,6.69,0.0,3.99,1.0,<Residue HIS het=  resseq=29 icode= >,4y60_C_A,1.75
249,11.403,HIS, ,CB,34.17,5.88,1.135,1.84,1.0,<Residue HIS het=  resseq=29 icode= >,4y60_C_A,1.75
250,3.69,HIS, ,CG,37.92,5.14,0.704,2.75,1.0,<Residue HIS het=  resseq=29 icode= >,4y60_C_A,1.75
251,26.334,HIS, ,ND1,48.15,4.86,1.002,2.13,1.0,<Residue HIS het=  resseq=29 icode= >,4y60_C_A,1.75
252,19.058,HIS, ,CD2,38.25,4.65,9.813,2.35,1.0,<Residue HIS het=  resseq=29 icode= >,4y60_C_A,1.75
253,45.366,HIS, ,CE1,46.55,4.20,12.131,1.90,1.0,<Residue HIS het=  resseq=29 icode= >,4y60_C_A,1.75
254,28.835,HIS, ,NE2,47.59,4.03,13.497,1.92,1.0,<Residue HIS het=  resseq=29 icode= >,4y60_C_A,1.75
255,6.277,ASN, ,N,26.72,4.57,2.668,4.00,1.0,<Residue ASN het=  resseq=30 icode= >,4y60_C_A,1.75
256,0.0,ASN, ,CA,25.18,4.67,0.0,3.64,1.0,<Residue ASN het=  resseq=30 icode= >,4y60_C_A,1.75
257,0.4,ASN, ,C,27.32,4.28,0.4,3.97,1.0,<Residue ASN het=  resseq=30 icode= >,4y60_C_A,1.75
258,0.0,ASN, ,O,26.21,3.93,0.0,4.06,1.0,<Residue ASN het=  resseq=30 icode= >,4y60_C_A,1.75
259,22.698,ASN, ,CB,26.49,3.67,22.698,2.62,1.0,<Residue ASN het=  resseq=30 icode= >,4y60_C_A,1.75
260,3.064,ASN, ,CG,26.8,3.43,1.807,4.46,1.0,<Residue ASN het=  resseq=30 icode= >,4y60_C_A,1.75
261,2.922,ASN, ,OD1,25.53,3.71,0.836,4.66,1.0,<Residue ASN het=  resseq=30 icode= >,4y60_C_A,1.75
262,56.45,ASN, ,ND2,29.15,2.91,51.781,3.09,1.0,<Residue ASN het=  resseq=30 icode= >,4y60_C_A,1.75
263,4.33,ALA, ,N,25.97,4.37,4.001,4.43,1.0,<Residue ALA het=  resseq=31 icode= >,4y60_C_A,1.75
264,8.248,ALA, ,CA,26.94,3.80,8.248,3.75,1.0,<Residue ALA het=  resseq=31 icode= >,4y60_C_A,1.75
265,0.0,ALA, ,C,26.29,4.34,0.0,4.49,1.0,<Residue ALA het=  resseq=31 icode= >,4y60_C_A,1.75
266,1.847,ALA, ,O,27.4,3.99,1.847,3.78,1.0,<Residue ALA het=  resseq=31 icode= >,4y60_C_A,1.75
267,55.799,ALA, ,CB,29.37,3.31,46.782,2.31,1.0,<Residue ALA het=  resseq=31 icode= >,4y60_C_A,1.75
268,0.0,VAL, ,N,24.8,5.57,0.0,3.72,1.0,<Residue VAL het=  resseq=32 icode= >,4y60_C_A,1.75
269,0.0,VAL, ,CA,24.62,6.29,0.0,3.59,1.0,<Residue VAL het=  resseq=32 icode= >,4y60_C_A,1.75
270,0.0,VAL, ,C,22.79,7.00,0.0,4.74,1.0,<Residue VAL het=  resseq=32 icode= >,4y60_C_A,1.75
271,0.0,VAL, ,O,24.99,7.10,0.0,4.14,1.0,<Residue VAL het=  resseq=32 icode= >,4y60_C_A,1.75
272,0.0,VAL, ,CB,29.76,7.21,0.0,2.93,1.0,<Residue VAL het=  resseq=32 icode= >,4y60_C_A,1.75
273,24.65,VAL, ,CG1,31.98,8.06,0.0,2.07,1.0,<Residue VAL het=  resseq=32 icode= >,4y60_C_A,1.75
274,36.288,VAL, ,CG2,36.12,6.18,0.0,1.42,1.0,<Residue VAL het=  resseq=32 icode= >,4y60_C_A,1.75
275,0.0,LEU, ,N,22.32,6.92,0.0,4.74,1.0,<Residue LEU het=  resseq=33 icode= >,4y60_C_A,1.75
276,0.0,LEU, ,CA,21.78,7.22,0.0,3.95,1.0,<Residue LEU het=  resseq=33 icode= >,4y60_C_A,1.75
277,0.0,LEU, ,C,21.72,6.38,0.0,4.55,1.0,<Residue LEU het=  resseq=33 icode= >,4y60_C_A,1.75
278,0.0,LEU, ,O,22.08,6.40,0.0,5.12,1.0,<Residue LEU het=  resseq=33 icode= >,4y60_C_A,1.75
279,0.0,LEU, ,CB,23.07,7.03,0.0,2.66,1.0,<Residue LEU het=  resseq=33 icode= >,4y60_C_A,1.75
280,0.0,LEU, ,CG,23.95,7.70,0.0,3.30,1.0,<Residue LEU het=  resseq=33 icode= >,4y60_C_A,1.75
281,3.407,LEU, ,CD1,24.15,7.14,0.0,2.31,1.0,<Residue LEU het=  resseq=33 icode= >,4y60_C_A,1.75
282,0.0,LEU, ,CD2,28.64,9.15,0.0,2.43,1.0,<Residue LEU het=  resseq=33 icode= >,4y60_C_A,1.75
283,0.0,SER, ,N,21.32,5.29,0.0,5.15,1.0,<Residue SER het=  resseq=34 icode= >,4y60_C_A,1.75
284,0.0,SER, ,CA,22.54,4.06,0.0,4.04,1.0,<Residue SER het=  resseq=34 icode= >,4y60_C_A,1.75
285,1.09,SER, ,C,24.04,3.65,1.09,5.10,1.0,<Residue SER het=  resseq=34 icode= >,4y60_C_A,1.75
286,5.139,SER, ,O,23.39,3.27,5.139,4.77,1.0,<Residue SER het=  resseq=34 icode= >,4y60_C_A,1.75
287,27.252,SER, ,CB,24.64,3.40,27.252,3.32,1.0,<Residue SER het=  resseq=34 icode= >,4y60_C_A,1.75
288,10.954,SER, ,OG,23.47,2.75,10.954,4.58,1.0,<Residue SER het=  resseq=34 icode= >,4y60_C_A,1.75
289,0.0,LYS, ,N,22.27,4.20,0.0,4.83,1.0,<Residue LYS het=  resseq=35 icode= >,4y60_C_A,1.75
290,7.979,LYS, ,CA,22.64,3.87,7.496,3.69,1.0,<Residue LYS het=  resseq=35 icode= >,4y60_C_A,1.75
291,0.849,LYS, ,C,22.64,4.91,0.0,5.12,1.0,<Residue LYS het=  resseq=35 icode= >,4y60_C_A,1.75
292,2.57,LYS, ,O,25.19,4.96,0.272,4.75,1.0,<Residue LYS het=  resseq=35 icode= >,4y60_C_A,1.75
293,13.111,LYS, ,CB,24.04,4.54,0.0,3.34,1.0,<Residue LYS het=  resseq=35 icode= >,4y60_C_A,1.75
294,19.396,LYS, ,CG,26.15,3.59,17.037,3.03,1.0,<Residue LYS het=  resseq=35 icode= >,4y60_C_A,1.75
295,16.643,LYS, ,CD,27.72,4.29,0.0,2.27,1.0,<Residue LYS het=  resseq=35 icode= >,4y60_C_A,1.75
296,39.219,LYS, ,CE,31.78,3.75,27.035,2.25,1.0,<Residue LYS het=  resseq=35 icode= >,4y60_C_A,1.75
297,49.151,LYS, ,NZ,35.16,4.06,5.531,2.43,1.0,<Residue LYS het=  resseq=35 icode= >,4y60_C_A,1.75
298,0.0,MET, ,N,21.75,6.07,0.0,5.22,1.0,<Residue MET het=  resseq=36 icode= >,4y60_C_A,1.75
299,4.488,MET, ,CA,22.43,7.14,0.0,3.84,1.0,<Residue MET het=  resseq=36 icode= >,4y60_C_A,1.75
300,0.037,MET, ,C,20.84,6.90,0.0,4.72,1.0,<Residue MET het=  resseq=36 icode= >,4y60_C_A,1.75
301,3.508,MET, ,O,24.02,7.54,0.0,4.93,1.0,<Residue MET het=  resseq=36 icode= >,4y60_C_A,1.75
302,4.75,MET, ,CB,20.99,8.37,0.0,3.38,1.0,<Residue MET het=  resseq=36 icode= >,4y60_C_A,1.75
303,20.297,MET, ,CG,25.22,8.89,0.0,2.51,1.0,<Residue MET het=  resseq=36 icode= >,4y60_C_A,1.75
304,3.755,MET, ,SD,27.61,10.24,0.0,7.33,1.0,<Residue MET het=  resseq=36 icode= >,4y60_C_A,1.75
305,30.534,MET, ,CE,27.57,11.55,0.0,2.08,1.0,<Residue MET het=  resseq=36 icode= >,4y60_C_A,1.75
306,0.0,LEU, ,N,22.45,6.33,0.0,4.43,1.0,<Residue LEU het=  resseq=37 icode= >,4y60_C_A,1.75
307,0.0,LEU, ,CA,22.71,6.48,0.0,4.01,1.0,<Residue LEU het=  resseq=37 icode= >,4y60_C_A,1.75
308,0.0,LEU, ,C,21.48,5.69,0.0,5.11,1.0,<Residue LEU het=  resseq=37 icode= >,4y60_C_A,1.75
309,0.0,LEU, ,O,22.34,5.64,0.0,5.54,1.0,<Residue LEU het=  resseq=37 icode= >,4y60_C_A,1.75
310,0.0,LEU, ,CB,21.56,5.86,0.0,3.23,1.0,<Residue LEU het=  resseq=37 icode= >,4y60_C_A,1.75
311,0.0,LEU, ,CG,22.83,6.41,0.0,3.01,1.0,<Residue LEU het=  resseq=37 icode= >,4y60_C_A,1.75
312,0.0,LEU, ,CD1,20.63,5.51,0.0,2.90,1.0,<Residue LEU het=  resseq=37 icode= >,4y60_C_A,1.75
313,0.175,LEU, ,CD2,27.64,7.53,0.0,2.33,1.0,<Residue LEU het=  resseq=37 icode= >,4y60_C_A,1.75
314,0.0,GLY, ,N,21.77,4.48,0.0,5.06,1.0,<Residue GLY het=  resseq=38 icode= >,4y60_C_A,1.75
315,22.946,GLY, ,CA,24.78,3.58,21.818,3.75,1.0,<Residue GLY het=  resseq=38 icode= >,4y60_C_A,1.75
316,2.199,GLY, ,C,26.47,4.40,1.382,4.44,1.0,<Residue GLY het=  resseq=38 icode= >,4y60_C_A,1.75
317,0.176,GLY, ,O,26.78,4.33,0.176,4.60,1.0,<Residue GLY het=  resseq=38 icode= >,4y60_C_A,1.75
318,0.272,LYS, ,N,25.02,5.22,0.0,3.50,1.0,<Residue LYS het=  resseq=39 icode= >,4y60_C_A,1.75
319,0.729,LYS, ,CA,29.51,5.95,0.0,3.19,1.0,<Residue LYS het=  resseq=39 icode= >,4y60_C_A,1.75
320,0.4,LYS, ,C,26.38,6.96,0.0,3.79,1.0,<Residue LYS het=  resseq=39 icode= >,4y60_C_A,1.75
321,0.966,LYS, ,O,29.65,7.37,0.0,3.47,1.0,<Residue LYS het=  resseq=39 icode= >,4y60_C_A,1.75
322,14.452,LYS, ,CB,32.3,6.89,0.0,2.88,1.0,<Residue LYS het=  resseq=39 icode= >,4y60_C_A,1.75
323,13.518,LYS, ,CG,41.86,6.43,0.0,1.89,1.0,<Residue LYS het=  resseq=39 icode= >,4y60_C_A,1.75
324,31.387,LYS, ,CD,49.72,7.67,0.0,0.97,1.0,<Residue LYS het=  resseq=39 icode= >,4y60_C_A,1.75
325,46.665,LYS, ,CE,53.86,7.44,0.0,0.61,1.0,<Residue LYS het=  resseq=39 icode= >,4y60_C_A,1.75
326,43.606,LYS, ,NZ,59.36,7.02,0.0,0.84,1.0,<Residue LYS het=  resseq=39 icode= >,4y60_C_A,1.75
327,0.615,ALA, ,N,24.0,7.63,0.0,4.62,1.0,<Residue ALA het=  resseq=40 icode= >,4y60_C_A,1.75
328,5.489,ALA, ,CA,24.48,8.46,0.0,3.89,1.0,<Residue ALA het=  resseq=40 icode= >,4y60_C_A,1.75
329,0.0,ALA, ,C,24.88,7.87,0.0,4.39,1.0,<Residue ALA het=  resseq=40 icode= >,4y60_C_A,1.75
330,1.027,ALA, ,O,27.12,8.71,0.0,4.49,1.0,<Residue ALA het=  resseq=40 icode= >,4y60_C_A,1.75
331,30.246,ALA, ,CB,21.98,9.12,0.0,3.05,1.0,<Residue ALA het=  resseq=40 icode= >,4y60_C_A,1.75
332,0.0,TRP, ,N,24.09,6.65,0.0,4.34,1.0,<Residue TRP het=  resseq=41 icode= >,4y60_C_A,1.75
333,0.0,TRP, ,CA,25.38,6.33,0.0,3.20,1.0,<Residue TRP het=  resseq=41 icode= >,4y60_C_A,1.75
334,0.0,TRP, ,C,29.67,6.50,0.0,4.19,1.0,<Residue TRP het=  resseq=41 icode= >,4y60_C_A,1.75
335,0.0,TRP, ,O,26.8,6.52,0.0,4.32,1.0,<Residue TRP het=  resseq=41 icode= >,4y60_C_A,1.75
336,0.0,TRP, ,CB,26.95,5.10,0.0,3.04,1.0,<Residue TRP het=  resseq=41 icode= >,4y60_C_A,1.75
337,0.0,TRP, ,CG,22.53,4.68,0.0,4.74,1.0,<Residue TRP het=  resseq=41 icode= >,4y60_C_A,1.75
338,10.907,TRP, ,CD1,26.37,3.50,10.479,3.91,1.0,<Residue TRP het=  resseq=41 icode= >,4y60_C_A,1.75
339,0.0,TRP, ,CD2,25.73,5.01,0.0,4.36,1.0,<Residue TRP het=  resseq=41 icode= >,4y60_C_A,1.75
340,18.758,TRP, ,NE1,27.08,2.77,18.758,4.13,1.0,<Residue TRP het=  resseq=41 icode= >,4y60_C_A,1.75
341,0.0,TRP, ,CE2,24.61,3.84,0.0,4.45,1.0,<Residue TRP het=  resseq=41 icode= >,4y60_C_A,1.75
342,0.0,TRP, ,CE3,25.75,6.25,0.0,3.77,1.0,<Residue TRP het=  resseq=41 icode= >,4y60_C_A,1.75
343,6.066,TRP, ,CZ2,29.35,4.26,3.765,3.11,1.0,<Residue TRP het=  resseq=41 icode= >,4y60_C_A,1.75
344,0.0,TRP, ,CZ3,25.96,6.50,0.0,3.15,1.0,<Residue TRP het=  resseq=41 icode= >,4y60_C_A,1.75
345,0.0,TRP, ,CH2,25.06,5.63,0.0,3.33,1.0,<Residue TRP het=  resseq=41 icode= >,4y60_C_A,1.75
346,0.0,LYS, ,N,28.4,6.00,0.0,3.84,1.0,<Residue LYS het=  resseq=42 icode= >,4y60_C_A,1.75
347,1.459,LYS, ,CA,32.47,6.68,0.0,2.95,1.0,<Residue LYS het=  resseq=42 icode= >,4y60_C_A,1.75
348,1.528,LYS, ,C,33.86,7.91,0.0,4.12,1.0,<Residue LYS het=  resseq=42 icode= >,4y60_C_A,1.75
349,19.735,LYS, ,O,38.34,8.05,0.0,2.83,1.0,<Residue LYS het=  resseq=42 icode= >,4y60_C_A,1.75
350,16.835,LYS, ,CB,36.98,5.89,0.0,2.11,1.0,<Residue LYS het=  resseq=42 icode= >,4y60_C_A,1.75
351,6.968,LYS, ,CG,37.92,4.62,0.457,1.89,1.0,<Residue LYS het=  resseq=42 icode= >,4y60_C_A,1.75
352,28.412,LYS, ,CD,48.28,3.96,0.916,1.12,1.0,<Residue LYS het=  resseq=42 icode= >,4y60_C_A,1.75
353,40.735,LYS, ,CE,47.57,3.17,24.683,1.32,1.0,<Residue LYS het=  resseq=42 icode= >,4y60_C_A,1.75
354,49.346,LYS, ,NZ,57.06,2.85,14.065,1.05,1.0,<Residue LYS het=  resseq=42 icode= >,4y60_C_A,1.75
355,0.0,GLU, ,N,33.58,8.74,0.0,3.59,1.0,<Residue GLU het=  resseq=43 icode= >,4y60_C_A,1.75
356,6.806,GLU, ,CA,33.09,10.15,0.0,3.12,1.0,<Residue GLU het=  resseq=43 icode= >,4y60_C_A,1.75
357,1.087,GLU, ,C,31.43,10.15,0.0,3.69,1.0,<Residue GLU het=  resseq=43 icode= >,4y60_C_A,1.75
358,24.166,GLU, ,O,38.72,11.08,0.0,3.38,1.0,<Residue GLU het=  resseq=43 icode= >,4y60_C_A,1.75
359,10.013,GLU, ,CB,35.06,10.69,0.0,2.35,1.0,<Residue GLU het=  resseq=43 icode= >,4y60_C_A,1.75
360,17.286,GLU, ,CG,62.72,10.40,0.0,0.70,1.0,<Residue GLU het=  resseq=43 icode= >,4y60_C_A,1.75
361,14.466,GLU, ,CD,70.16,11.69,0.0,1.16,1.0,<Residue GLU het=  resseq=43 icode= >,4y60_C_A,1.75
362,36.849,GLU, ,OE1,75.38,12.41,0.0,0.54,1.0,<Residue GLU het=  resseq=43 icode= >,4y60_C_A,1.75
363,42.168,GLU, ,OE2,65.14,12.10,0.0,1.02,1.0,<Residue GLU het=  resseq=43 icode= >,4y60_C_A,1.75
364,0.0,LEU, ,N,28.15,9.34,0.0,3.57,1.0,<Residue LEU het=  resseq=44 icode= >,4y60_C_A,1.75
365,0.348,LEU, ,CA,26.78,9.65,0.0,3.20,1.0,<Residue LEU het=  resseq=44 icode= >,4y60_C_A,1.75
366,0.0,LEU, ,C,31.95,9.50,0.0,4.68,1.0,<Residue LEU het=  resseq=44 icode= >,4y60_C_A,1.75
367,5.128,LEU, ,O,29.81,8.58,0.0,4.34,1.0,<Residue LEU het=  resseq=44 icode= >,4y60_C_A,1.75
368,0.0,LEU, ,CB,23.56,8.98,0.0,2.78,1.0,<Residue LEU het=  resseq=44 icode= >,4y60_C_A,1.75
369,0.0,LEU, ,CG,30.82,9.50,0.0,2.63,1.0,<Residue LEU het=  resseq=44 icode= >,4y60_C_A,1.75
370,1.551,LEU, ,CD1,26.21,9.09,0.0,1.86,1.0,<Residue LEU het=  resseq=44 icode= >,4y60_C_A,1.75
371,33.754,LEU, ,CD2,32.08,11.01,0.0,2.10,1.0,<Residue LEU het=  resseq=44 icode= >,4y60_C_A,1.75
372,0.209,ASN, ,N,28.3,10.57,0.0,3.39,1.0,<Residue ASN het=  resseq=45 icode= >,4y60_C_A,1.75
373,8.447,ASN, ,CA,28.97,10.74,0.0,2.99,1.0,<Residue ASN het=  resseq=45 icode= >,4y60_C_A,1.75
374,0.077,ASN, ,C,26.2,10.14,0.0,3.77,1.0,<Residue ASN het=  resseq=45 icode= >,4y60_C_A,1.75
375,0.0,ASN, ,O,26.03,9.70,0.0,5.13,1.0,<Residue ASN het=  resseq=45 icode= >,4y60_C_A,1.75
376,31.526,ASN, ,CB,31.47,12.26,0.0,2.80,1.0,<Residue ASN het=  resseq=45 icode= >,4y60_C_A,1.75
377,2.19,ASN, ,CG,34.98,13.07,0.0,2.93,1.0,<Residue ASN het=  resseq=45 icode= >,4y60_C_A,1.75
378,0.0,ASN, ,OD1,32.92,12.73,0.0,3.20,1.0,<Residue ASN het=  resseq=45 icode= >,4y60_C_A,1.75
379,42.88,ASN, ,ND2,36.98,14.28,0.0,2.43,1.0,<Residue ASN het=  resseq=45 icode= >,4y60_C_A,1.75
380,5.017,THR, ,N,26.79,10.33,0.0,3.63,1.0,<Residue THR het=  resseq=46 icode= >,4y60_C_A,1.75
381,2.043,THR, ,CA,26.48,10.01,0.0,3.39,1.0,<Residue THR het=  resseq=46 icode= >,4y60_C_A,1.75
382,0.0,THR, ,C,24.34,10.73,0.0,4.27,1.0,<Residue THR het=  resseq=46 icode= >,4y60_C_A,1.75
383,0.251,THR, ,O,26.02,10.31,0.0,4.21,1.0,<Residue THR het=  resseq=46 icode= >,4y60_C_A,1.75
384,15.043,THR, ,CB,32.15,10.61,0.0,3.20,1.0,<Residue THR het=  resseq=46 icode= >,4y60_C_A,1.75
385,33.823,THR, ,OG1,31.84,10.07,0.0,3.55,1.0,<Residue THR het=  resseq=46 icode= >,4y60_C_A,1.75
386,58.523,THR, ,CG2,31.85,10.59,0.0,1.70,1.0,<Residue THR het=  resseq=46 icode= >,4y60_C_A,1.75
387,2.134,ALA, ,N,28.86,11.96,0.0,4.24,1.0,<Residue ALA het=  resseq=47 icode= >,4y60_C_A,1.75
388,3.583,ALA, ,CA,30.71,12.89,0.0,3.28,1.0,<Residue ALA het=  resseq=47 icode= >,4y60_C_A,1.75
389,0.863,ALA, ,C,31.25,12.53,0.0,4.19,1.0,<Residue ALA het=  resseq=47 icode= >,4y60_C_A,1.75
390,10.492,ALA, ,O,28.33,12.95,0.0,4.25,1.0,<Residue ALA het=  resseq=47 icode= >,4y60_C_A,1.75
391,57.562,ALA, ,CB,30.11,14.26,0.0,2.21,1.0,<Residue ALA het=  resseq=47 icode= >,4y60_C_A,1.75
392,0.0,GLU, ,N,23.72,11.97,0.0,4.85,1.0,<Residue GLU het=  resseq=48 icode= >,4y60_C_A,1.75
393,6.742,GLU, ,CA,24.72,11.86,0.0,3.27,1.0,<Residue GLU het=  resseq=48 icode= >,4y60_C_A,1.75
394,0.0,GLU, ,C,26.26,10.75,0.0,3.86,1.0,<Residue GLU het=  resseq=48 icode= >,4y60_C_A,1.75
395,4.302,GLU, ,O,24.11,11.03,0.0,4.41,1.0,<Residue GLU het=  resseq=48 icode= >,4y60_C_A,1.75
396,4.016,GLU, ,CB,27.33,11.88,0.0,3.04,1.0,<Residue GLU het=  resseq=48 icode= >,4y60_C_A,1.75
397,22.347,GLU, ,CG,28.59,13.27,0.0,2.32,1.0,<Residue GLU het=  resseq=48 icode= >,4y60_C_A,1.75
398,1.603,GLU, ,CD,41.37,13.49,0.0,2.67,1.0,<Residue GLU het=  resseq=48 icode= >,4y60_C_A,1.75
399,6.58,GLU, ,OE1,35.49,12.64,0.0,2.91,1.0,<Residue GLU het=  resseq=48 icode= >,4y60_C_A,1.75
400,40.904,GLU, ,OE2,45.47,14.61,0.0,1.68,1.0,<Residue GLU het=  resseq=48 icode= >,4y60_C_A,1.75
401,0.0,LYS, ,N,25.6,9.64,0.0,4.10,1.0,<Residue LYS het=  resseq=49 icode= >,4y60_C_A,1.75
402,0.0,LYS, ,CA,25.65,8.59,0.0,3.67,1.0,<Residue LYS het=  resseq=49 icode= >,4y60_C_A,1.75
403,0.0,LYS, ,C,25.62,9.17,0.0,4.67,1.0,<Residue LYS het=  resseq=49 icode= >,4y60_C_A,1.75
404,0.0,LYS, ,O,25.53,8.96,0.0,4.98,1.0,<Residue LYS het=  resseq=49 icode= >,4y60_C_A,1.75
405,2.312,LYS, ,CB,24.56,7.32,0.0,3.50,1.0,<Residue LYS het=  resseq=49 icode= >,4y60_C_A,1.75
406,0.0,LYS, ,CG,26.14,6.59,0.0,2.99,1.0,<Residue LYS het=  resseq=49 icode= >,4y60_C_A,1.75
407,15.514,LYS, ,CD,28.41,5.40,0.461,2.88,1.0,<Residue LYS het=  resseq=49 icode= >,4y60_C_A,1.75
408,5.293,LYS, ,CE,33.74,4.95,1.805,2.11,1.0,<Residue LYS het=  resseq=49 icode= >,4y60_C_A,1.75
409,20.787,LYS, ,NZ,43.34,5.56,0.0,1.95,1.0,<Residue LYS het=  resseq=49 icode= >,4y60_C_A,1.75
410,0.0,ARG, ,N,21.73,10.13,0.0,4.82,1.0,<Residue ARG het=  resseq=50 icode= >,4y60_C_A,1.75
411,3.101,ARG, ,CA,23.24,10.84,0.0,2.79,1.0,<Residue ARG het=  resseq=50 icode= >,4y60_C_A,1.75
412,0.0,ARG, ,C,22.41,11.40,0.0,4.03,1.0,<Residue ARG het=  resseq=50 icode= >,4y60_C_A,1.75
413,0.0,ARG, ,O,23.68,11.01,0.0,4.33,1.0,<Residue ARG het=  resseq=50 icode= >,4y60_C_A,1.75
414,1.283,ARG, ,CB,24.9,12.05,0.0,3.20,1.0,<Residue ARG het=  resseq=50 icode= >,4y60_C_A,1.75
415,8.43,ARG, ,CG,26.71,12.95,0.0,3.27,1.0,<Residue ARG het=  resseq=50 icode= >,4y60_C_A,1.75
416,21.718,ARG, ,CD,29.42,14.13,0.0,2.46,1.0,<Residue ARG het=  resseq=50 icode= >,4y60_C_A,1.75
417,4.716,ARG, ,NE,37.68,14.60,0.0,2.19,1.0,<Residue ARG het=  resseq=50 icode= >,4y60_C_A,1.75
418,9.0,ARG, ,CZ,47.68,15.73,0.0,1.67,1.0,<Residue ARG het=  resseq=50 icode= >,4y60_C_A,1.75
419,49.862,ARG, ,NH1,49.03,16.58,0.0,1.28,1.0,<Residue ARG het=  resseq=50 icode= >,4y60_C_A,1.75
420,53.274,ARG, ,NH2,52.33,16.11,0.0,1.07,1.0,<Residue ARG het=  resseq=50 icode= >,4y60_C_A,1.75
421,0.0,PRO, ,N,21.39,12.09,0.0,4.16,1.0,<Residue PRO het=  resseq=51 icode= >,4y60_C_A,1.75
422,3.85,PRO, ,CA,24.13,12.84,0.0,3.25,1.0,<Residue PRO het=  resseq=51 icode= >,4y60_C_A,1.75
423,0.302,PRO, ,C,25.19,11.92,0.0,4.10,1.0,<Residue PRO het=  resseq=51 icode= >,4y60_C_A,1.75
424,3.166,PRO, ,O,23.18,11.85,0.0,4.18,1.0,<Residue PRO het=  resseq=51 icode= >,4y60_C_A,1.75
425,26.807,PRO, ,CB,23.89,13.70,0.0,3.21,1.0,<Residue PRO het=  resseq=51 icode= >,4y60_C_A,1.75
426,38.644,PRO, ,CG,28.67,13.85,0.0,3.01,1.0,<Residue PRO het=  resseq=51 icode= >,4y60_C_A,1.75
427,1.424,PRO, ,CD,23.5,12.63,0.0,3.80,1.0,<Residue PRO het=  resseq=51 icode= >,4y60_C_A,1.75
428,0.0,PHE, ,N,22.49,10.83,0.0,4.38,1.0,<Residue PHE het=  resseq=52 icode= >,4y60_C_A,1.75
429,0.0,PHE, ,CA,23.89,9.90,0.0,3.79,1.0,<Residue PHE het=  resseq=52 icode= >,4y60_C_A,1.75
430,0.0,PHE, ,C,24.03,9.02,0.0,4.03,1.0,<Residue PHE het=  resseq=52 icode= >,4y60_C_A,1.75
431,0.0,PHE, ,O,22.73,8.57,0.0,4.67,1.0,<Residue PHE het=  resseq=52 icode= >,4y60_C_A,1.75
432,0.0,PHE, ,CB,21.97,9.25,0.0,3.33,1.0,<Residue PHE het=  resseq=52 icode= >,4y60_C_A,1.75
433,0.0,PHE, ,CG,21.87,10.39,0.0,4.20,1.0,<Residue PHE het=  resseq=52 icode= >,4y60_C_A,1.75
434,1.753,PHE, ,CD1,20.81,11.15,0.0,3.49,1.0,<Residue PHE het=  resseq=52 icode= >,4y60_C_A,1.75
435,0.0,PHE, ,CD2,24.46,10.66,0.0,3.40,1.0,<Residue PHE het=  resseq=52 icode= >,4y60_C_A,1.75
436,23.26,PHE, ,CE1,23.73,12.35,0.0,3.37,1.0,<Residue PHE het=  resseq=52 icode= >,4y60_C_A,1.75
437,10.693,PHE, ,CE2,20.53,11.80,0.0,2.98,1.0,<Residue PHE het=  resseq=52 icode= >,4y60_C_A,1.75
438,26.922,PHE, ,CZ,22.4,12.66,0.0,3.19,1.0,<Residue PHE het=  resseq=52 icode= >,4y60_C_A,1.75
439,0.0,VAL, ,N,20.69,8.70,0.0,4.67,1.0,<Residue VAL het=  resseq=53 icode= >,4y60_C_A,1.75
440,0.182,VAL, ,CA,24.14,7.52,0.0,3.29,1.0,<Residue VAL het=  resseq=53 icode= >,4y60_C_A,1.75
441,0.0,VAL, ,C,26.01,7.85,0.0,4.37,1.0,<Residue VAL het=  resseq=53 icode= >,4y60_C_A,1.75
442,1.504,VAL, ,O,25.81,7.13,0.0,4.98,1.0,<Residue VAL het=  resseq=53 icode= >,4y60_C_A,1.75
443,0.546,VAL, ,CB,26.17,7.54,0.0,2.52,1.0,<Residue VAL het=  resseq=53 icode= >,4y60_C_A,1.75
444,51.452,VAL, ,CG1,27.61,6.77,0.0,2.04,1.0,<Residue VAL het=  resseq=53 icode= >,4y60_C_A,1.75
445,19.863,VAL, ,CG2,25.93,7.01,0.0,2.35,1.0,<Residue VAL het=  resseq=53 icode= >,4y60_C_A,1.75
446,0.0,GLU, ,N,23.04,9.13,0.0,3.84,1.0,<Residue GLU het=  resseq=54 icode= >,4y60_C_A,1.75
447,2.18,GLU, ,CA,24.17,9.78,0.0,3.58,1.0,<Residue GLU het=  resseq=54 icode= >,4y60_C_A,1.75
448,0.0,GLU, ,C,23.73,9.97,0.0,3.70,1.0,<Residue GLU het=  resseq=54 icode= >,4y60_C_A,1.75
449,1.808,GLU, ,O,25.98,10.06,0.0,4.50,1.0,<Residue GLU het=  resseq=54 icode= >,4y60_C_A,1.75
450,2.472,GLU, ,CB,31.91,11.19,0.0,2.69,1.0,<Residue GLU het=  resseq=54 icode= >,4y60_C_A,1.75
451,20.42,GLU, ,CG,35.38,11.29,0.0,1.68,1.0,<Residue GLU het=  resseq=54 icode= >,4y60_C_A,1.75
452,7.161,GLU, ,CD,46.93,12.72,0.0,2.48,1.0,<Residue GLU het=  resseq=54 icode= >,4y60_C_A,1.75
453,18.406,GLU, ,OE1,52.49,13.57,0.0,2.16,1.0,<Residue GLU het=  resseq=54 icode= >,4y60_C_A,1.75
454,12.594,GLU, ,OE2,43.61,13.08,0.0,2.38,1.0,<Residue GLU het=  resseq=54 icode= >,4y60_C_A,1.75
455,0.0,GLU, ,N,22.31,10.32,0.0,4.08,1.0,<Residue GLU het=  resseq=55 icode= >,4y60_C_A,1.75
456,0.0,GLU, ,CA,25.01,10.81,0.0,3.26,1.0,<Residue GLU het=  resseq=55 icode= >,4y60_C_A,1.75
457,0.0,GLU, ,C,25.37,9.78,0.0,4.28,1.0,<Residue GLU het=  resseq=55 icode= >,4y60_C_A,1.75
458,0.0,GLU, ,O,24.84,10.16,0.0,4.38,1.0,<Residue GLU het=  resseq=55 icode= >,4y60_C_A,1.75
459,6.631,GLU, ,CB,23.78,11.65,0.0,2.43,1.0,<Residue GLU het=  resseq=55 icode= >,4y60_C_A,1.75
460,13.346,GLU, ,CG,24.2,11.61,0.0,2.14,1.0,<Residue GLU het=  resseq=55 icode= >,4y60_C_A,1.75
461,7.885,GLU, ,CD,33.57,12.44,0.0,3.11,1.0,<Residue GLU het=  resseq=55 icode= >,4y60_C_A,1.75
462,13.71,GLU, ,OE1,33.61,13.66,0.0,3.73,1.0,<Residue GLU het=  resseq=55 icode= >,4y60_C_A,1.75
463,15.101,GLU, ,OE2,34.1,11.95,0.0,2.40,1.0,<Residue GLU het=  resseq=55 icode= >,4y60_C_A,1.75
464,0.0,ALA, ,N,22.77,8.61,0.0,4.36,1.0,<Residue ALA het=  resseq=56 icode= >,4y60_C_A,1.75
465,0.0,ALA, ,CA,23.97,7.67,0.0,4.11,1.0,<Residue ALA het=  resseq=56 icode= >,4y60_C_A,1.75
466,1.375,ALA, ,C,24.78,7.39,0.0,4.42,1.0,<Residue ALA het=  resseq=56 icode= >,4y60_C_A,1.75
467,1.879,ALA, ,O,25.4,7.59,0.0,3.97,1.0,<Residue ALA het=  resseq=56 icode= >,4y60_C_A,1.75
468,10.218,ALA, ,CB,25.29,6.50,0.0,2.66,1.0,<Residue ALA het=  resseq=56 icode= >,4y60_C_A,1.75
469,0.946,GLU, ,N,22.52,7.31,0.0,4.83,1.0,<Residue GLU het=  resseq=57 icode= >,4y60_C_A,1.75
470,1.867,GLU, ,CA,26.15,7.52,0.0,3.46,1.0,<Residue GLU het=  resseq=57 icode= >,4y60_C_A,1.75
471,0.0,GLU, ,C,29.6,8.94,0.0,4.23,1.0,<Residue GLU het=  resseq=57 icode= >,4y60_C_A,1.75
472,0.0,GLU, ,O,26.9,8.88,0.0,3.90,1.0,<Residue GLU het=  resseq=57 icode= >,4y60_C_A,1.75
473,10.597,GLU, ,CB,28.3,7.56,0.0,2.49,1.0,<Residue GLU het=  resseq=57 icode= >,4y60_C_A,1.75
474,31.344,GLU, ,CG,32.01,8.26,0.0,2.08,1.0,<Residue GLU het=  resseq=57 icode= >,4y60_C_A,1.75
475,7.941,GLU, ,CD,33.57,7.72,0.0,3.40,1.0,<Residue GLU het=  resseq=57 icode= >,4y60_C_A,1.75
476,14.806,GLU, ,OE1,36.35,6.55,0.0,3.49,1.0,<Residue GLU het=  resseq=57 icode= >,4y60_C_A,1.75
477,13.147,GLU, ,OE2,38.78,8.42,0.0,2.73,1.0,<Residue GLU het=  resseq=57 icode= >,4y60_C_A,1.75
478,0.043,ARG, ,N,25.76,9.89,0.0,4.44,1.0,<Residue ARG het=  resseq=58 icode= >,4y60_C_A,1.75
479,3.296,ARG, ,CA,27.17,11.25,0.0,3.12,1.0,<Residue ARG het=  resseq=58 icode= >,4y60_C_A,1.75
480,0.29,ARG, ,C,27.37,10.81,0.0,4.00,1.0,<Residue ARG het=  resseq=58 icode= >,4y60_C_A,1.75
481,2.609,ARG, ,O,29.16,10.93,0.0,3.89,1.0,<Residue ARG het=  resseq=58 icode= >,4y60_C_A,1.75
482,7.135,ARG, ,CB,28.15,12.29,0.0,2.72,1.0,<Residue ARG het=  resseq=58 icode= >,4y60_C_A,1.75
483,26.345,ARG, ,CG,39.62,13.02,0.0,1.56,1.0,<Residue ARG het=  resseq=58 icode= >,4y60_C_A,1.75
484,24.789,ARG, ,CD,47.49,14.02,0.0,1.79,1.0,<Residue ARG het=  resseq=58 icode= >,4y60_C_A,1.75
485,16.884,ARG, ,NE,60.87,14.29,0.0,1.11,1.0,<Residue ARG het=  resseq=58 icode= >,4y60_C_A,1.75
486,4.081,ARG, ,CZ,55.47,14.13,0.0,2.04,1.0,<Residue ARG het=  resseq=58 icode= >,4y60_C_A,1.75
487,13.788,ARG, ,NH1,41.78,13.72,0.0,1.93,1.0,<Residue ARG het=  resseq=58 icode= >,4y60_C_A,1.75
488,39.586,ARG, ,NH2,65.24,14.59,0.0,1.01,1.0,<Residue ARG het=  resseq=58 icode= >,4y60_C_A,1.75
489,0.0,LEU, ,N,24.16,10.45,0.0,4.22,1.0,<Residue LEU het=  resseq=59 icode= >,4y60_C_A,1.75
490,0.0,LEU, ,CA,23.66,10.16,0.0,3.51,1.0,<Residue LEU het=  resseq=59 icode= >,4y60_C_A,1.75
491,0.0,LEU, ,C,27.67,8.89,0.0,4.10,1.0,<Residue LEU het=  resseq=59 icode= >,4y60_C_A,1.75
492,2.414,LEU, ,O,25.12,8.98,0.0,4.84,1.0,<Residue LEU het=  resseq=59 icode= >,4y60_C_A,1.75
493,1.787,LEU, ,CB,24.13,9.76,0.0,2.92,1.0,<Residue LEU het=  resseq=59 icode= >,4y60_C_A,1.75
494,0.0,LEU, ,CG,23.53,9.63,0.0,3.21,1.0,<Residue LEU het=  resseq=59 icode= >,4y60_C_A,1.75
495,5.984,LEU, ,CD1,22.22,8.40,0.0,2.92,1.0,<Residue LEU het=  resseq=59 icode= >,4y60_C_A,1.75
496,45.282,LEU, ,CD2,30.92,9.49,0.0,1.92,1.0,<Residue LEU het=  resseq=59 icode= >,4y60_C_A,1.75
497,0.0,ARG, ,N,24.14,7.86,0.0,4.17,1.0,<Residue ARG het=  resseq=60 icode= >,4y60_C_A,1.75
498,0.0,ARG, ,CA,25.26,6.64,0.0,3.26,1.0,<Residue ARG het=  resseq=60 icode= >,4y60_C_A,1.75
499,0.0,ARG, ,C,28.1,7.21,0.0,3.92,1.0,<Residue ARG het=  resseq=60 icode= >,4y60_C_A,1.75
500,0.391,ARG, ,O,29.05,7.14,0.0,3.98,1.0,<Residue ARG het=  resseq=60 icode= >,4y60_C_A,1.75
501,4.695,ARG, ,CB,29.44,5.68,0.0,3.10,1.0,<Residue ARG het=  resseq=60 icode= >,4y60_C_A,1.75
502,12.778,ARG, ,CG,34.08,4.35,4.08,2.10,1.0,<Residue ARG het=  resseq=60 icode= >,4y60_C_A,1.75
503,36.087,ARG, ,CD,35.7,3.80,20.813,2.05,1.0,<Residue ARG het=  resseq=60 icode= >,4y60_C_A,1.75
504,3.618,ARG, ,NE,42.83,4.94,0.0,1.86,1.0,<Residue ARG het=  resseq=60 icode= >,4y60_C_A,1.75
505,3.96,ARG, ,CZ,42.97,5.41,0.0,1.91,1.0,<Residue ARG het=  resseq=60 icode= >,4y60_C_A,1.75
506,23.857,ARG, ,NH1,40.51,4.95,1.385,1.85,1.0,<Residue ARG het=  resseq=60 icode= >,4y60_C_A,1.75
507,30.825,ARG, ,NH2,40.5,6.64,0.0,1.89,1.0,<Residue ARG het=  resseq=60 icode= >,4y60_C_A,1.75
508,0.0,VAL, ,N,30.0,8.13,0.0,3.54,1.0,<Residue VAL het=  resseq=61 icode= >,4y60_C_A,1.75
509,0.0,VAL, ,CA,30.81,8.97,0.0,2.34,1.0,<Residue VAL het=  resseq=61 icode= >,4y60_C_A,1.75
510,0.0,VAL, ,C,30.92,9.90,0.0,4.04,1.0,<Residue VAL het=  resseq=61 icode= >,4y60_C_A,1.75
511,0.029,VAL, ,O,34.84,10.28,0.0,3.19,1.0,<Residue VAL het=  resseq=61 icode= >,4y60_C_A,1.75
512,2.687,VAL, ,CB,32.7,9.93,0.0,2.01,1.0,<Residue VAL het=  resseq=61 icode= >,4y60_C_A,1.75
513,23.459,VAL, ,CG1,36.64,10.98,0.0,0.79,1.0,<Residue VAL het=  resseq=61 icode= >,4y60_C_A,1.75
514,19.905,VAL, ,CG2,37.89,9.30,0.0,1.58,1.0,<Residue VAL het=  resseq=61 icode= >,4y60_C_A,1.75
515,0.0,GLN, ,N,29.61,10.48,0.0,3.82,1.0,<Residue GLN het=  resseq=62 icode= >,4y60_C_A,1.75
516,0.0,GLN, ,CA,30.44,11.52,0.0,3.45,1.0,<Residue GLN het=  resseq=62 icode= >,4y60_C_A,1.75
517,0.062,GLN, ,C,30.1,11.09,0.0,3.42,1.0,<Residue GLN het=  resseq=62 icode= >,4y60_C_A,1.75
518,0.0,GLN, ,O,32.13,11.95,0.0,3.16,1.0,<Residue GLN het=  resseq=62 icode= >,4y60_C_A,1.75
519,6.779,GLN, ,CB,31.73,12.33,0.0,2.57,1.0,<Residue GLN het=  resseq=62 icode= >,4y60_C_A,1.75
520,21.107,GLN, ,CG,38.26,13.29,0.0,1.48,1.0,<Residue GLN het=  resseq=62 icode= >,4y60_C_A,1.75
521,5.732,GLN, ,CD,43.2,14.57,0.0,2.06,1.0,<Residue GLN het=  resseq=62 icode= >,4y60_C_A,1.75
522,14.419,GLN, ,OE1,44.74,14.63,0.0,2.23,1.0,<Residue GLN het=  resseq=62 icode= >,4y60_C_A,1.75
523,25.27,GLN, ,NE2,48.1,15.23,0.0,1.43,1.0,<Residue GLN het=  resseq=62 icode= >,4y60_C_A,1.75
524,0.265,HIS, ,N,29.17,9.92,0.0,3.48,1.0,<Residue HIS het=  resseq=63 icode= >,4y60_C_A,1.75
525,2.86,HIS, ,CA,32.8,9.69,0.0,3.01,1.0,<Residue HIS het=  resseq=63 icode= >,4y60_C_A,1.75
526,0.001,HIS, ,C,37.04,9.74,0.0,3.48,1.0,<Residue HIS het=  resseq=63 icode= >,4y60_C_A,1.75
527,0.0,HIS, ,O,32.78,10.49,0.0,3.46,1.0,<Residue HIS het=  resseq=63 icode= >,4y60_C_A,1.75
528,2.016,HIS, ,CB,29.54,8.50,0.0,2.31,1.0,<Residue HIS het=  resseq=63 icode= >,4y60_C_A,1.75
529,0.0,HIS, ,CG,27.28,8.79,0.0,3.23,1.0,<Residue HIS het=  resseq=63 icode= >,4y60_C_A,1.75
530,4.956,HIS, ,ND1,28.78,8.62,0.0,3.46,1.0,<Residue HIS het=  resseq=63 icode= >,4y60_C_A,1.75
531,13.417,HIS, ,CD2,30.54,8.47,0.0,2.82,1.0,<Residue HIS het=  resseq=63 icode= >,4y60_C_A,1.75
532,0.0,HIS, ,CE1,32.37,8.34,0.0,3.36,1.0,<Residue HIS het=  resseq=63 icode= >,4y60_C_A,1.75
533,1.072,HIS, ,NE2,29.34,7.69,0.0,3.58,1.0,<Residue HIS het=  resseq=63 icode= >,4y60_C_A,1.75
534,0.0,LEU, ,N,30.67,9.21,0.0,3.87,1.0,<Residue LEU het=  resseq=64 icode= >,4y60_C_A,1.75
535,0.115,LEU, ,CA,33.01,9.62,0.0,2.74,1.0,<Residue LEU het=  resseq=64 icode= >,4y60_C_A,1.75
536,0.547,LEU, ,C,34.49,11.13,0.0,2.83,1.0,<Residue LEU het=  resseq=64 icode= >,4y60_C_A,1.75
537,7.103,LEU, ,O,36.19,11.80,0.0,2.71,1.0,<Residue LEU het=  resseq=64 icode= >,4y60_C_A,1.75
538,11.606,LEU, ,CB,37.37,9.16,0.0,2.56,1.0,<Residue LEU het=  resseq=64 icode= >,4y60_C_A,1.75
539,0.0,LEU, ,CG,40.5,7.69,0.0,2.53,1.0,<Residue LEU het=  resseq=64 icode= >,4y60_C_A,1.75
540,35.507,LEU, ,CD1,42.72,7.72,0.0,1.31,1.0,<Residue LEU het=  resseq=64 icode= >,4y60_C_A,1.75
541,49.232,LEU, ,CD2,44.78,7.29,0.0,1.79,1.0,<Residue LEU het=  resseq=64 icode= >,4y60_C_A,1.75
542,0.0,ARG, ,N,35.51,11.79,0.0,2.76,1.0,<Residue ARG het=  resseq=65 icode= >,4y60_C_A,1.75
543,6.289,ARG, ,CA,35.88,13.25,0.0,2.71,1.0,<Residue ARG het=  resseq=65 icode= >,4y60_C_A,1.75
544,0.386,ARG, ,C,35.3,13.94,0.0,3.25,1.0,<Residue ARG het=  resseq=65 icode= >,4y60_C_A,1.75
545,19.707,ARG, ,O,36.93,14.91,0.0,2.40,1.0,<Residue ARG het=  resseq=65 icode= >,4y60_C_A,1.75
546,5.911,ARG, ,CB,46.57,13.86,0.0,2.01,1.0,<Residue ARG het=  resseq=65 icode= >,4y60_C_A,1.75
547,19.582,ARG, ,CG,52.38,13.91,0.0,1.52,1.0,<Residue ARG het=  resseq=65 icode= >,4y60_C_A,1.75
548,22.786,ARG, ,CD,56.13,14.83,0.0,1.48,1.0,<Residue ARG het=  resseq=65 icode= >,4y60_C_A,1.75
549,16.974,ARG, ,NE,55.42,14.77,0.0,1.42,1.0,<Residue ARG het=  resseq=65 icode= >,4y60_C_A,1.75
550,4.372,ARG, ,CZ,61.45,14.31,0.0,0.94,1.0,<Residue ARG het=  resseq=65 icode= >,4y60_C_A,1.75
551,13.888,ARG, ,NH1,56.41,13.84,0.0,0.96,1.0,<Residue ARG het=  resseq=65 icode= >,4y60_C_A,1.75
552,45.844,ARG, ,NH2,61.48,14.49,0.0,0.69,1.0,<Residue ARG het=  resseq=65 icode= >,4y60_C_A,1.75
553,0.0,ASP, ,N,37.29,13.64,0.0,3.05,1.0,<Residue ASP het=  resseq=66 icode= >,4y60_C_A,1.75
554,7.295,ASP, ,CA,35.67,14.40,0.0,2.40,1.0,<Residue ASP het=  resseq=66 icode= >,4y60_C_A,1.75
555,0.0,ASP, ,C,35.05,14.31,0.0,3.54,1.0,<Residue ASP het=  resseq=66 icode= >,4y60_C_A,1.75
556,21.027,ASP, ,O,36.51,14.71,0.0,3.09,1.0,<Residue ASP het=  resseq=66 icode= >,4y60_C_A,1.75
557,7.629,ASP, ,CB,37.97,13.07,0.0,1.90,1.0,<Residue ASP het=  resseq=66 icode= >,4y60_C_A,1.75
558,8.155,ASP, ,CG,41.26,13.26,0.0,2.70,1.0,<Residue ASP het=  resseq=66 icode= >,4y60_C_A,1.75
559,17.438,ASP, ,OD1,48.06,14.45,0.0,2.01,1.0,<Residue ASP het=  resseq=66 icode= >,4y60_C_A,1.75
560,21.944,ASP, ,OD2,43.69,12.32,0.0,2.41,1.0,<Residue ASP het=  resseq=66 icode= >,4y60_C_A,1.75
561,0.0,HIS, ,N,33.95,13.12,0.0,3.20,1.0,<Residue HIS het=  resseq=67 icode= >,4y60_C_A,1.75
562,5.345,HIS, ,CA,33.16,12.99,0.0,2.92,1.0,<Residue HIS het=  resseq=67 icode= >,4y60_C_A,1.75
563,0.103,HIS, ,C,34.35,12.22,0.0,3.43,1.0,<Residue HIS het=  resseq=67 icode= >,4y60_C_A,1.75
564,1.571,HIS, ,O,34.1,11.00,0.0,3.42,1.0,<Residue HIS het=  resseq=67 icode= >,4y60_C_A,1.75
565,2.67,HIS, ,CB,33.73,11.52,0.0,2.22,1.0,<Residue HIS het=  resseq=67 icode= >,4y60_C_A,1.75
566,0.0,HIS, ,CG,35.7,11.28,0.0,2.69,1.0,<Residue HIS het=  resseq=67 icode= >,4y60_C_A,1.75
567,0.0,HIS, ,ND1,40.74,10.69,0.0,1.88,1.0,<Residue HIS het=  resseq=67 icode= >,4y60_C_A,1.75
568,10.432,HIS, ,CD2,35.38,11.65,0.0,2.69,1.0,<Residue HIS het=  resseq=67 icode= >,4y60_C_A,1.75
569,22.2,HIS, ,CE1,35.16,10.21,0.0,1.78,1.0,<Residue HIS het=  resseq=67 icode= >,4y60_C_A,1.75
570,15.895,HIS, ,NE2,42.22,11.02,0.0,1.77,1.0,<Residue HIS het=  resseq=67 icode= >,4y60_C_A,1.75
571,0.0,PRO, ,N,36.1,12.82,0.0,3.54,1.0,<Residue PRO het=  resseq=68 icode= >,4y60_C_A,1.75
572,1.26,PRO, ,CA,37.83,12.19,0.0,2.78,1.0,<Residue PRO het=  resseq=68 icode= >,4y60_C_A,1.75
573,0.398,PRO, ,C,54.19,11.24,0.0,3.24,1.0,<Residue PRO het=  resseq=68 icode= >,4y60_C_A,1.75
574,25.517,PRO, ,O,47.49,10.51,0.0,2.32,1.0,<Residue PRO het=  resseq=68 icode= >,4y60_C_A,1.75
575,26.669,PRO, ,CB,39.89,13.47,0.0,2.23,1.0,<Residue PRO het=  resseq=68 icode= >,4y60_C_A,1.75
576,33.878,PRO, ,CG,39.52,14.48,0.0,2.13,1.0,<Residue PRO het=  resseq=68 icode= >,4y60_C_A,1.75
577,12.599,PRO, ,CD,37.08,14.28,0.0,2.05,1.0,<Residue PRO het=  resseq=68 icode= >,4y60_C_A,1.75
578,1.673,ASN, ,N,39.83,11.42,0.0,3.73,1.0,<Residue ASN het=  resseq=69 icode= >,4y60_C_A,1.75
579,5.971,ASN, ,CA,45.22,10.74,0.0,2.89,1.0,<Residue ASN het=  resseq=69 icode= >,4y60_C_A,1.75
580,2.514,ASN, ,C,43.74,9.82,0.0,2.89,1.0,<Residue ASN het=  resseq=69 icode= >,4y60_C_A,1.75
581,10.661,ASN, ,O,48.04,9.51,0.0,3.12,1.0,<Residue ASN het=  resseq=69 icode= >,4y60_C_A,1.75
582,27.957,ASN, ,CB,51.69,11.87,0.0,2.26,1.0,<Residue ASN het=  resseq=69 icode= >,4y60_C_A,1.75
583,7.006,ASN, ,CG,55.1,12.67,0.0,2.78,1.0,<Residue ASN het=  resseq=69 icode= >,4y60_C_A,1.75
584,21.714,ASN, ,OD1,52.42,12.45,0.0,2.27,1.0,<Residue ASN het=  resseq=69 icode= >,4y60_C_A,1.75
585,59.094,ASN, ,ND2,62.39,13.77,0.0,1.48,1.0,<Residue ASN het=  resseq=69 icode= >,4y60_C_A,1.75
586,2.192,TYR, ,N,38.07,9.63,0.0,2.73,1.0,<Residue TYR het=  resseq=70 icode= >,4y60_C_A,1.75
587,9.688,TYR, ,CA,36.67,8.95,0.0,2.53,1.0,<Residue TYR het=  resseq=70 icode= >,4y60_C_A,1.75
588,0.0,TYR, ,C,38.51,7.49,0.0,3.57,1.0,<Residue TYR het=  resseq=70 icode= >,4y60_C_A,1.75
589,18.194,TYR, ,O,39.53,6.85,0.0,3.08,1.0,<Residue TYR het=  resseq=70 icode= >,4y60_C_A,1.75
590,2.495,TYR, ,CB,30.98,9.24,0.0,2.59,1.0,<Residue TYR het=  resseq=70 icode= >,4y60_C_A,1.75
591,0.0,TYR, ,CG,29.95,8.40,0.0,3.05,1.0,<Residue TYR het=  resseq=70 icode= >,4y60_C_A,1.75
592,6.627,TYR, ,CD1,36.37,7.36,0.0,2.30,1.0,<Residue TYR het=  resseq=70 icode= >,4y60_C_A,1.75
593,9.759,TYR, ,CD2,35.44,7.66,0.0,2.31,1.0,<Residue TYR het=  resseq=70 icode= >,4y60_C_A,1.75
594,8.544,TYR, ,CE1,34.71,6.02,0.0,2.05,1.0,<Residue TYR het=  resseq=70 icode= >,4y60_C_A,1.75
595,8.454,TYR, ,CE2,42.38,7.12,0.0,2.34,1.0,<Residue TYR het=  resseq=70 icode= >,4y60_C_A,1.75
596,0.0,TYR, ,CZ,35.68,5.90,0.0,3.00,1.0,<Residue TYR het=  resseq=70 icode= >,4y60_C_A,1.75
597,3.749,TYR, ,OH,40.04,4.79,1.568,2.91,1.0,<Residue TYR het=  resseq=70 icode= >,4y60_C_A,1.75
598,4.075,LYS, ,N,40.37,7.17,0.0,3.60,1.0,<Residue LYS het=  resseq=71 icode= >,4y60_C_A,1.75
599,4.777,LYS, ,CA,41.76,5.88,0.392,2.47,1.0,<Residue LYS het=  resseq=71 icode= >,4y60_C_A,1.75
600,0.0,LYS, ,C,48.76,5.85,0.0,3.00,1.0,<Residue LYS het=  resseq=71 icode= >,4y60_C_A,1.75
601,10.938,LYS, ,O,45.91,6.57,0.0,2.92,1.0,<Residue LYS het=  resseq=71 icode= >,4y60_C_A,1.75
602,4.702,LYS, ,CB,52.0,6.03,0.0,1.31,1.0,<Residue LYS het=  resseq=71 icode= >,4y60_C_A,1.75
603,11.379,LYS, ,CG,56.77,6.41,0.0,0.71,1.0,<Residue LYS het=  resseq=71 icode= >,4y60_C_A,1.75
604,25.781,LYS, ,CD,72.27,6.69,0.0,0.22,1.0,<Residue LYS het=  resseq=71 icode= >,4y60_C_A,1.75
605,41.567,LYS, ,CE,81.31,7.52,0.0,0.33,1.0,<Residue LYS het=  resseq=71 icode= >,4y60_C_A,1.75
606,26.833,LYS, ,NZ,83.03,7.26,0.0,-0.01,1.0,<Residue LYS het=  resseq=71 icode= >,4y60_C_A,1.75
607,6.215,TYR, ,N,37.35,4.86,3.651,3.05,1.0,<Residue TYR het=  resseq=72 icode= >,4y60_C_A,1.75
608,0.681,TYR, ,CA,36.11,4.63,0.0,2.91,1.0,<Residue TYR het=  resseq=72 icode= >,4y60_C_A,1.75
609,0.0,TYR, ,C,40.58,4.13,0.0,3.25,1.0,<Residue TYR het=  resseq=72 icode= >,4y60_C_A,1.75
610,7.448,TYR, ,O,43.33,3.13,7.448,2.91,1.0,<Residue TYR het=  resseq=72 icode= >,4y60_C_A,1.75
611,16.014,TYR, ,CB,34.98,4.18,11.403,2.45,1.0,<Residue TYR het=  resseq=72 icode= >,4y60_C_A,1.75
612,0.0,TYR, ,CG,33.76,4.53,0.0,3.03,1.0,<Residue TYR het=  resseq=72 icode= >,4y60_C_A,1.75
613,4.702,TYR, ,CD1,34.01,4.82,0.889,2.86,1.0,<Residue TYR het=  resseq=72 icode= >,4y60_C_A,1.75
614,13.327,TYR, ,CD2,35.89,4.10,13.327,2.34,1.0,<Residue TYR het=  resseq=72 icode= >,4y60_C_A,1.75
615,12.56,TYR, ,CE1,36.86,3.68,11.571,2.24,1.0,<Residue TYR het=  resseq=72 icode= >,4y60_C_A,1.75
616,13.988,TYR, ,CE2,35.87,3.76,13.988,2.22,1.0,<Residue TYR het=  resseq=72 icode= >,4y60_C_A,1.75
617,0.0,TYR, ,CZ,34.41,3.64,0.0,2.89,1.0,<Residue TYR het=  resseq=72 icode= >,4y60_C_A,1.75
618,25.601,TYR, ,OH,40.29,2.63,25.601,3.36,1.0,<Residue TYR het=  resseq=72 icode= >,4y60_C_A,1.75
619,4.486,ARG, ,N,41.86,5.19,0.0,3.15,1.0,<Residue ARG het=  resseq=73 icode= >,4y60_C_A,1.75
620,2.001,ARG, ,CA,46.24,5.13,0.18,2.55,1.0,<Residue ARG het=  resseq=73 icode= >,4y60_C_A,1.75
621,0.927,ARG, ,C,47.71,5.34,0.0,2.65,1.0,<Residue ARG het=  resseq=73 icode= >,4y60_C_A,1.75
622,22.368,ARG, ,O,50.26,4.70,1.637,1.76,1.0,<Residue ARG het=  resseq=73 icode= >,4y60_C_A,1.75
623,23.107,ARG, ,CB,55.69,6.11,0.0,1.23,1.0,<Residue ARG het=  resseq=73 icode= >,4y60_C_A,1.75
624,12.005,ARG, ,CG,62.06,5.87,0.0,0.98,1.0,<Residue ARG het=  resseq=73 icode= >,4y60_C_A,1.75
625,34.191,ARG, ,CD,77.3,4.87,3.495,0.29,1.0,<Residue ARG het=  resseq=73 icode= >,4y60_C_A,1.75
626,11.141,ARG, ,NE,84.86,4.36,0.173,0.33,1.0,<Residue ARG het=  resseq=73 icode= >,4y60_C_A,1.75
627,4.625,ARG, ,CZ,84.59,3.62,4.356,-0.04,1.0,<Residue ARG het=  resseq=73 icode= >,4y60_C_A,1.75
628,26.166,ARG, ,NH1,74.82,3.29,24.18,0.61,1.0,<Residue ARG het=  resseq=73 icode= >,4y60_C_A,1.75
629,30.424,ARG, ,NH2,84.15,3.84,5.996,0.19,1.0,<Residue ARG het=  resseq=73 icode= >,4y60_C_A,1.75
630,0.0,PRO, ,N,43.26,5.12,0.0,3.07,1.0,<Residue PRO het=  resseq=74 icode= >,4y60_C_A,1.75
631,7.467,PRO, ,CA,48.41,3.91,7.368,2.47,1.0,<Residue PRO het=  resseq=74 icode= >,4y60_C_A,1.75
632,0.018,PRO, ,C,57.81,4.15,0.018,1.63,1.0,<Residue PRO het=  resseq=74 icode= >,4y60_C_A,1.75
633,14.173,PRO, ,O,60.67,5.29,0.0,1.21,1.0,<Residue PRO het=  resseq=74 icode= >,4y60_C_A,1.75
634,21.231,PRO, ,CB,43.51,3.60,19.52,2.31,1.0,<Residue PRO het=  resseq=74 icode= >,4y60_C_A,1.75
635,31.722,PRO, ,CG,44.75,4.08,23.582,2.04,1.0,<Residue PRO het=  resseq=74 icode= >,4y60_C_A,1.75
636,11.241,PRO, ,CD,42.95,3.93,10.392,2.14,1.0,<Residue PRO het=  resseq=74 icode= >,4y60_C_A,1.75
637,6.92,ARG, ,N,62.7,3.47,6.658,1.75,1.0,<Residue ARG het=  resseq=75 icode= >,4y60_C_A,1.75
638,6.045,ARG, ,CA,64.61,4.20,6.045,2.13,1.0,<Residue ARG het=  resseq=75 icode= >,4y60_C_A,1.75
639,27.257,ARG, ,C,70.83,4.00,10.301,1.79,1.0,<Residue ARG het=  resseq=75 icode= >,4y60_C_A,1.75
640,36.715,ARG, ,O,75.02,3.48,8.576,1.56,1.0,<Residue ARG het=  resseq=75 icode= >,4y60_C_A,1.75
641,21.089,ARG, ,CB,77.95,5.64,0.0,0.48,1.0,<Residue ARG het=  resseq=75 icode= >,4y60_C_A,1.75
642,28.328,ARG, ,CG,86.69,6.21,0.0,0.69,1.0,<Residue ARG het=  resseq=75 icode= >,4y60_C_A,1.75
643,26.756,ARG, ,CD,84.43,5.33,4.334,0.78,1.0,<Residue ARG het=  resseq=75 icode= >,4y60_C_A,1.75
644,19.829,ARG, ,NE,90.96,5.92,0.0,1.06,1.0,<Residue ARG het=  resseq=75 icode= >,4y60_C_A,1.75
645,6.984,ARG, ,CZ,92.85,5.89,0.0,0.75,1.0,<Residue ARG het=  resseq=75 icode= >,4y60_C_A,1.75
646,38.644,ARG, ,NH1,91.64,5.27,6.165,0.49,1.0,<Residue ARG het=  resseq=75 icode= >,4y60_C_A,1.75
647,59.519,ARG, ,NH2,94.57,6.83,0.0,0.46,1.0,<Residue ARG het=  resseq=75 icode= >,4y60_C_A,1.75
