,ASA,aa,altloc,atom,bfac,d2r,dASA,dens,occ,residue,id,resolu
0,48.341,LYS, ,N,30.65,3.75,14.899,2.90,1.0,<Residue LYS het=  resseq=53 icode= >,4z3c_C_A,1.57
1,10.701,LYS,x,CA,26.96,3.77,10.153,2.65,0.5,<Residue LYS het=  resseq=53 icode= >,4z3c_C_A,1.57
2,3.215,LYS, ,C,25.55,3.98,0.0,3.71,1.0,<Residue LYS het=  resseq=53 icode= >,4z3c_C_A,1.57
3,24.73,LYS, ,O,25.16,4.06,6.713,3.57,1.0,<Residue LYS het=  resseq=53 icode= >,4z3c_C_A,1.57
4,16.341,LYS,x,CB,26.86,3.98,13.02,2.56,0.5,<Residue LYS het=  resseq=53 icode= >,4z3c_C_A,1.57
5,23.462,LYS,x,CG,25.89,3.65,19.394,1.47,0.5,<Residue LYS het=  resseq=53 icode= >,4z3c_C_A,1.57
6,33.643,LYS,x,CD,25.99,3.77,27.489,1.29,0.5,<Residue LYS het=  resseq=53 icode= >,4z3c_C_A,1.57
7,46.85,LYS,x,CE,24.55,3.23,45.69,2.04,0.5,<Residue LYS het=  resseq=53 icode= >,4z3c_C_A,1.57
8,46.008,LYS,x,NZ,24.09,2.81,32.444,2.15,0.5,<Residue LYS het=  resseq=53 icode= >,4z3c_C_A,1.57
9,5.582,ARG, ,N,22.2,3.11,5.483,3.45,1.0,<Residue ARG het=  resseq=54 icode= >,4z3c_C_A,1.57
10,5.307,ARG, ,CA,21.8,3.90,0.0,3.30,1.0,<Residue ARG het=  resseq=54 icode= >,4z3c_C_A,1.57
11,0.328,ARG, ,C,20.93,4.45,0.0,3.91,1.0,<Residue ARG het=  resseq=54 icode= >,4z3c_C_A,1.57
12,16.85,ARG, ,O,20.1,3.38,12.13,4.51,1.0,<Residue ARG het=  resseq=54 icode= >,4z3c_C_A,1.57
13,4.496,ARG, ,CB,21.58,3.48,0.91,3.17,1.0,<Residue ARG het=  resseq=54 icode= >,4z3c_C_A,1.57
14,29.135,ARG, ,CG,21.76,3.36,2.729,2.51,1.0,<Residue ARG het=  resseq=54 icode= >,4z3c_C_A,1.57
15,21.985,ARG, ,CD,22.27,3.74,0.021,2.71,1.0,<Residue ARG het=  resseq=54 icode= >,4z3c_C_A,1.57
16,8.794,ARG, ,NE,21.0,2.94,7.745,3.69,1.0,<Residue ARG het=  resseq=54 icode= >,4z3c_C_A,1.57
17,0.056,ARG, ,CZ,22.29,3.72,0.0,3.57,1.0,<Residue ARG het=  resseq=54 icode= >,4z3c_C_A,1.57
18,22.814,ARG, ,NH1,21.74,2.90,15.177,3.79,1.0,<Residue ARG het=  resseq=54 icode= >,4z3c_C_A,1.57
19,6.425,ARG, ,NH2,24.46,4.97,0.0,2.63,1.0,<Residue ARG het=  resseq=54 icode= >,4z3c_C_A,1.57
20,2.845,LYS, ,N,21.22,5.57,0.0,3.97,1.0,<Residue LYS het=  resseq=55 icode= >,4z3c_C_A,1.57
21,6.491,LYS, ,CA,21.06,5.53,0.199,3.50,1.0,<Residue LYS het=  resseq=55 icode= >,4z3c_C_A,1.57
22,0.0,LYS, ,C,21.0,5.70,0.0,3.92,1.0,<Residue LYS het=  resseq=55 icode= >,4z3c_C_A,1.57
23,11.1,LYS, ,O,21.18,6.42,0.0,4.66,1.0,<Residue LYS het=  resseq=55 icode= >,4z3c_C_A,1.57
24,16.382,LYS, ,CB,24.44,6.73,0.0,1.99,1.0,<Residue LYS het=  resseq=55 icode= >,4z3c_C_A,1.57
25,26.092,LYS, ,CG,26.67,5.66,1.767,1.62,1.0,<Residue LYS het=  resseq=55 icode= >,4z3c_C_A,1.57
26,75.581,LYS, ,CD,29.02,5.44,4.718,0.96,1.0,<Residue LYS het=  resseq=55 icode= >,4z3c_C_A,1.57
27,4.66,ARG, ,N,20.27,5.26,1.03,4.13,1.0,<Residue ARG het=  resseq=56 icode= >,4z3c_C_A,1.57
28,0.0,ARG, ,CA,19.21,5.38,0.0,3.34,1.0,<Residue ARG het=  resseq=56 icode= >,4z3c_C_A,1.57
29,0.0,ARG, ,C,19.6,6.89,0.0,4.55,1.0,<Residue ARG het=  resseq=56 icode= >,4z3c_C_A,1.57
30,13.313,ARG, ,O,22.02,7.61,0.0,5.02,1.0,<Residue ARG het=  resseq=56 icode= >,4z3c_C_A,1.57
31,5.148,ARG, ,CB,20.42,4.70,4.052,2.79,1.0,<Residue ARG het=  resseq=56 icode= >,4z3c_C_A,1.57
32,10.65,ARG, ,CG,22.38,5.48,0.0,2.75,1.0,<Residue ARG het=  resseq=56 icode= >,4z3c_C_A,1.57
33,20.512,ARG, ,CD,24.14,5.26,4.634,2.17,1.0,<Residue ARG het=  resseq=56 icode= >,4z3c_C_A,1.57
34,15.388,ARG, ,NE,27.28,6.51,0.0,3.00,1.0,<Residue ARG het=  resseq=56 icode= >,4z3c_C_A,1.57
35,4.36,ARG, ,CZ,31.16,7.10,0.0,2.20,1.0,<Residue ARG het=  resseq=56 icode= >,4z3c_C_A,1.57
36,56.215,ARG, ,NH1,34.36,7.65,0.0,1.38,1.0,<Residue ARG het=  resseq=56 icode= >,4z3c_C_A,1.57
37,10.58,ARG, ,NH2,31.36,7.30,0.0,2.54,1.0,<Residue ARG het=  resseq=56 icode= >,4z3c_C_A,1.57
38,0.082,CYS, ,N,20.19,7.51,0.0,4.17,1.0,<Residue CYS het=  resseq=57 icode= >,4z3c_C_A,1.57
39,10.813,CYS, ,CA,20.25,8.99,0.0,3.85,1.0,<Residue CYS het=  resseq=57 icode= >,4z3c_C_A,1.57
40,0.284,CYS, ,C,21.11,9.54,0.0,3.97,1.0,<Residue CYS het=  resseq=57 icode= >,4z3c_C_A,1.57
41,21.085,CYS, ,O,23.53,10.68,0.0,3.46,1.0,<Residue CYS het=  resseq=57 icode= >,4z3c_C_A,1.57
42,17.329,CYS, ,CB,20.47,9.69,0.0,2.66,1.0,<Residue CYS het=  resseq=57 icode= >,4z3c_C_A,1.57
43,4.347,CYS, ,SG,20.61,9.88,0.0,10.17,1.0,<Residue CYS het=  resseq=57 icode= >,4z3c_C_A,1.57
44,0.0,GLY, ,N,20.32,8.92,0.0,4.27,1.0,<Residue GLY het=  resseq=58 icode= >,4z3c_C_A,1.57
45,13.929,GLY, ,CA,21.34,9.64,0.0,3.11,1.0,<Residue GLY het=  resseq=58 icode= >,4z3c_C_A,1.57
46,0.181,GLY, ,C,21.71,10.75,0.0,3.84,1.0,<Residue GLY het=  resseq=58 icode= >,4z3c_C_A,1.57
47,17.292,GLY, ,O,23.26,11.41,0.0,4.16,1.0,<Residue GLY het=  resseq=58 icode= >,4z3c_C_A,1.57
48,0.0,THR, ,N,22.48,11.16,0.0,3.76,1.0,<Residue THR het=  resseq=59 icode= >,4z3c_C_A,1.57
49,0.582,THR, ,CA,21.93,12.45,0.0,3.24,1.0,<Residue THR het=  resseq=59 icode= >,4z3c_C_A,1.57
50,0.619,THR, ,C,21.18,12.65,0.0,3.77,1.0,<Residue THR het=  resseq=59 icode= >,4z3c_C_A,1.57
51,6.264,THR, ,O,21.57,13.77,0.0,4.59,1.0,<Residue THR het=  resseq=59 icode= >,4z3c_C_A,1.57
52,8.783,THR, ,CB,22.84,13.55,0.0,3.25,1.0,<Residue THR het=  resseq=59 icode= >,4z3c_C_A,1.57
53,22.929,THR, ,OG1,22.63,13.41,0.0,3.60,1.0,<Residue THR het=  resseq=59 icode= >,4z3c_C_A,1.57
54,50.616,THR, ,CG2,23.64,13.66,0.0,2.03,1.0,<Residue THR het=  resseq=59 icode= >,4z3c_C_A,1.57
55,0.129,CYS, ,N,20.51,11.70,0.0,4.09,1.0,<Residue CYS het=  resseq=60 icode= >,4z3c_C_A,1.57
56,10.292,CYS, ,CA,20.41,12.01,0.0,3.46,1.0,<Residue CYS het=  resseq=60 icode= >,4z3c_C_A,1.57
57,0.0,CYS, ,C,20.2,12.06,0.0,4.07,1.0,<Residue CYS het=  resseq=60 icode= >,4z3c_C_A,1.57
58,0.0,CYS, ,O,20.48,11.61,0.0,4.46,1.0,<Residue CYS het=  resseq=60 icode= >,4z3c_C_A,1.57
59,12.721,CYS, ,CB,19.92,11.17,0.0,2.77,1.0,<Residue CYS het=  resseq=60 icode= >,4z3c_C_A,1.57
60,0.0,CYS, ,SG,19.99,9.51,0.0,9.38,1.0,<Residue CYS het=  resseq=60 icode= >,4z3c_C_A,1.57
61,7.185,GLU, ,N,21.9,12.80,0.0,3.84,1.0,<Residue GLU het=  resseq=61 icode= >,4z3c_C_A,1.57
62,1.734,GLU, ,CA,21.9,13.20,0.0,3.47,1.0,<Residue GLU het=  resseq=61 icode= >,4z3c_C_A,1.57
63,0.0,GLU, ,C,21.18,12.13,0.0,4.46,1.0,<Residue GLU het=  resseq=61 icode= >,4z3c_C_A,1.57
64,1.525,GLU, ,O,20.96,11.95,0.0,4.84,1.0,<Residue GLU het=  resseq=61 icode= >,4z3c_C_A,1.57
65,26.926,GLU, ,CB,25.0,14.28,0.0,2.02,1.0,<Residue GLU het=  resseq=61 icode= >,4z3c_C_A,1.57
66,35.338,GLU, ,CG,28.45,14.92,0.0,1.41,1.0,<Residue GLU het=  resseq=61 icode= >,4z3c_C_A,1.57
67,8.27,GLU, ,CD,30.17,14.17,0.0,1.94,1.0,<Residue GLU het=  resseq=61 icode= >,4z3c_C_A,1.57
68,16.188,GLU, ,OE1,33.16,14.04,0.0,1.54,1.0,<Residue GLU het=  resseq=61 icode= >,4z3c_C_A,1.57
69,14.824,GLU, ,OE2,29.62,13.56,0.0,2.76,1.0,<Residue GLU het=  resseq=61 icode= >,4z3c_C_A,1.57
70,0.0,PRO, ,N,20.16,11.18,0.0,4.27,1.0,<Residue PRO het=  resseq=62 icode= >,4z3c_C_A,1.57
71,0.0,PRO, ,CA,20.07,10.17,0.0,3.38,1.0,<Residue PRO het=  resseq=62 icode= >,4z3c_C_A,1.57
72,0.0,PRO, ,C,19.52,9.42,0.0,3.80,1.0,<Residue PRO het=  resseq=62 icode= >,4z3c_C_A,1.57
73,0.297,PRO, ,O,19.99,8.65,0.0,4.00,1.0,<Residue PRO het=  resseq=62 icode= >,4z3c_C_A,1.57
74,0.0,PRO, ,CB,20.12,9.37,0.0,3.26,1.0,<Residue PRO het=  resseq=62 icode= >,4z3c_C_A,1.57
75,5.834,PRO, ,CG,20.64,10.44,0.0,3.12,1.0,<Residue PRO het=  resseq=62 icode= >,4z3c_C_A,1.57
76,0.388,PRO, ,CD,20.92,11.27,0.0,3.07,1.0,<Residue PRO het=  resseq=62 icode= >,4z3c_C_A,1.57
77,0.0,CYS, ,N,19.04,9.08,0.0,4.19,1.0,<Residue CYS het=  resseq=63 icode= >,4z3c_C_A,1.57
78,2.679,CYS, ,CA,17.97,8.68,0.0,4.06,1.0,<Residue CYS het=  resseq=63 icode= >,4z3c_C_A,1.57
79,0.04,CYS, ,C,19.09,9.15,0.0,4.71,1.0,<Residue CYS het=  resseq=63 icode= >,4z3c_C_A,1.57
80,6.959,CYS, ,O,20.11,8.51,0.0,4.58,1.0,<Residue CYS het=  resseq=63 icode= >,4z3c_C_A,1.57
81,0.0,CYS, ,CB,17.45,8.61,0.0,3.74,1.0,<Residue CYS het=  resseq=63 icode= >,4z3c_C_A,1.57
82,0.414,CYS, ,SG,18.66,7.14,0.0,10.17,1.0,<Residue CYS het=  resseq=63 icode= >,4z3c_C_A,1.57
83,0.0,ARG, ,N,20.67,10.32,0.0,3.91,1.0,<Residue ARG het=  resseq=64 icode= >,4z3c_C_A,1.57
84,7.096,ARG, ,CA,20.96,10.91,0.0,3.23,1.0,<Residue ARG het=  resseq=64 icode= >,4z3c_C_A,1.57
85,1.194,ARG, ,C,23.04,10.44,0.0,3.48,1.0,<Residue ARG het=  resseq=64 icode= >,4z3c_C_A,1.57
86,12.619,ARG, ,O,23.38,10.80,0.0,4.21,1.0,<Residue ARG het=  resseq=64 icode= >,4z3c_C_A,1.57
87,16.803,ARG, ,CB,20.75,12.43,0.0,3.32,1.0,<Residue ARG het=  resseq=64 icode= >,4z3c_C_A,1.57
88,9.462,ARG, ,CG,20.53,13.21,0.0,2.88,1.0,<Residue ARG het=  resseq=64 icode= >,4z3c_C_A,1.57
89,18.121,ARG, ,CD,20.75,14.65,0.0,3.35,1.0,<Residue ARG het=  resseq=64 icode= >,4z3c_C_A,1.57
90,3.164,ARG, ,NE,21.31,15.38,0.0,4.41,1.0,<Residue ARG het=  resseq=64 icode= >,4z3c_C_A,1.57
91,7.926,ARG, ,CZ,22.31,16.65,0.0,3.60,1.0,<Residue ARG het=  resseq=64 icode= >,4z3c_C_A,1.57
92,50.643,ARG, ,NH1,23.6,17.53,0.0,3.08,1.0,<Residue ARG het=  resseq=64 icode= >,4z3c_C_A,1.57
93,46.192,ARG, ,NH2,23.02,17.00,0.0,3.30,1.0,<Residue ARG het=  resseq=64 icode= >,4z3c_C_A,1.57
94,0.265,ARG, ,N,22.64,9.89,0.0,4.94,1.0,<Residue ARG het=  resseq=65 icode= >,4z3c_C_A,1.57
95,7.668,ARG,x,CA,24.95,9.73,0.0,3.62,0.5,<Residue ARG het=  resseq=65 icode= >,4z3c_C_A,1.57
96,0.0,ARG, ,C,25.51,8.69,0.0,3.44,1.0,<Residue ARG het=  resseq=65 icode= >,4z3c_C_A,1.57
97,2.564,ARG, ,O,27.32,7.65,0.0,3.37,1.0,<Residue ARG het=  resseq=65 icode= >,4z3c_C_A,1.57
98,1.115,ARG,x,CB,25.19,9.63,0.0,2.92,0.5,<Residue ARG het=  resseq=65 icode= >,4z3c_C_A,1.57
99,16.624,ARG,x,CG,27.23,10.25,0.0,-0.15,0.5,<Residue ARG het=  resseq=65 icode= >,4z3c_C_A,1.57
100,0.958,ARG,x,CD,27.21,10.32,0.0,0.45,0.5,<Residue ARG het=  resseq=65 icode= >,4z3c_C_A,1.57
101,0.528,ARG,x,NE,27.84,11.38,0.0,0.96,0.5,<Residue ARG het=  resseq=65 icode= >,4z3c_C_A,1.57
102,3.839,ARG,x,CZ,28.68,12.45,0.0,2.64,0.5,<Residue ARG het=  resseq=65 icode= >,4z3c_C_A,1.57
103,27.122,ARG,x,NH1,29.57,13.44,0.0,2.00,0.5,<Residue ARG het=  resseq=65 icode= >,4z3c_C_A,1.57
104,29.389,ARG,x,NH2,29.35,12.66,0.0,1.52,0.5,<Residue ARG het=  resseq=65 icode= >,4z3c_C_A,1.57
105,2.66,LEU, ,N,29.49,9.18,0.0,3.11,1.0,<Residue LEU het=  resseq=66 icode= >,4z3c_C_A,1.57
106,0.707,LEU, ,CA,35.57,8.66,0.0,1.37,1.0,<Residue LEU het=  resseq=66 icode= >,4z3c_C_A,1.57
107,0.035,LEU, ,C,36.45,8.19,0.0,2.37,1.0,<Residue LEU het=  resseq=66 icode= >,4z3c_C_A,1.57
108,15.988,LEU, ,O,43.67,7.44,0.0,1.30,1.0,<Residue LEU het=  resseq=66 icode= >,4z3c_C_A,1.57
109,12.26,LEU, ,CB,38.62,9.92,0.0,1.01,1.0,<Residue LEU het=  resseq=66 icode= >,4z3c_C_A,1.57
110,3.352,LEU, ,CG,40.81,10.76,0.0,0.51,1.0,<Residue LEU het=  resseq=66 icode= >,4z3c_C_A,1.57
111,67.295,LEU, ,CD1,43.95,12.15,0.0,0.51,1.0,<Residue LEU het=  resseq=66 icode= >,4z3c_C_A,1.57
112,52.825,LEU, ,CD2,40.22,10.23,0.0,1.15,1.0,<Residue LEU het=  resseq=66 icode= >,4z3c_C_A,1.57
113,0.4,GLU, ,N,33.79,8.90,0.0,2.42,1.0,<Residue GLU het=  resseq=67 icode= >,4z3c_C_A,1.57
114,4.605,GLU, ,CA,33.66,9.02,0.0,1.95,1.0,<Residue GLU het=  resseq=67 icode= >,4z3c_C_A,1.57
115,0.0,GLU, ,C,29.6,8.45,0.0,3.92,1.0,<Residue GLU het=  resseq=67 icode= >,4z3c_C_A,1.57
116,0.812,GLU, ,O,28.33,8.71,0.0,3.85,1.0,<Residue GLU het=  resseq=67 icode= >,4z3c_C_A,1.57
117,23.14,GLU, ,CB,36.03,10.55,0.0,1.48,1.0,<Residue GLU het=  resseq=67 icode= >,4z3c_C_A,1.57
118,63.489,GLU, ,CG,38.8,11.40,0.0,1.00,1.0,<Residue GLU het=  resseq=67 icode= >,4z3c_C_A,1.57
119,4.748,ASN, ,N,30.39,7.96,0.0,2.99,1.0,<Residue ASN het=  resseq=68 icode= >,4z3c_C_A,1.57
120,0.0,ASN, ,CA,29.46,7.65,0.0,2.77,1.0,<Residue ASN het=  resseq=68 icode= >,4z3c_C_A,1.57
121,0.096,ASN, ,C,29.61,9.01,0.0,3.13,1.0,<Residue ASN het=  resseq=68 icode= >,4z3c_C_A,1.57
122,16.866,ASN, ,O,33.1,9.86,0.0,2.30,1.0,<Residue ASN het=  resseq=68 icode= >,4z3c_C_A,1.57
123,12.167,ASN, ,CB,28.44,6.90,0.0,3.46,1.0,<Residue ASN het=  resseq=68 icode= >,4z3c_C_A,1.57
124,2.075,ASN, ,CG,28.04,5.48,0.036,3.45,1.0,<Residue ASN het=  resseq=68 icode= >,4z3c_C_A,1.57
125,3.317,ASN, ,OD1,24.59,4.87,3.098,4.18,1.0,<Residue ASN het=  resseq=68 icode= >,4z3c_C_A,1.57
126,54.663,ASN, ,ND2,29.79,5.23,3.852,2.36,1.0,<Residue ASN het=  resseq=68 icode= >,4z3c_C_A,1.57
127,0.0,CYS, ,N,28.96,9.40,0.0,2.98,1.0,<Residue CYS het=  resseq=69 icode= >,4z3c_C_A,1.57
128,9.006,CYS, ,CA,29.63,10.83,0.0,2.54,1.0,<Residue CYS het=  resseq=69 icode= >,4z3c_C_A,1.57
129,0.331,CYS, ,C,30.34,11.38,0.0,2.94,1.0,<Residue CYS het=  resseq=69 icode= >,4z3c_C_A,1.57
130,28.365,CYS, ,O,35.53,12.57,0.0,2.40,1.0,<Residue CYS het=  resseq=69 icode= >,4z3c_C_A,1.57
131,10.363,CYS, ,CB,28.75,11.37,0.0,2.46,1.0,<Residue CYS het=  resseq=69 icode= >,4z3c_C_A,1.57
132,6.174,CYS, ,SG,28.21,11.24,0.0,6.67,1.0,<Residue CYS het=  resseq=69 icode= >,4z3c_C_A,1.57
133,0.0,GLY, ,N,30.66,10.65,0.0,2.84,1.0,<Residue GLY het=  resseq=70 icode= >,4z3c_C_A,1.57
134,27.599,GLY, ,CA,29.63,11.31,0.0,2.59,1.0,<Residue GLY het=  resseq=70 icode= >,4z3c_C_A,1.57
135,2.502,GLY, ,C,31.23,12.12,0.0,2.73,1.0,<Residue GLY het=  resseq=70 icode= >,4z3c_C_A,1.57
136,19.074,GLY, ,O,30.54,12.71,0.0,2.81,1.0,<Residue GLY het=  resseq=70 icode= >,4z3c_C_A,1.57
137,0.0,ALA, ,N,31.3,11.95,0.0,2.72,1.0,<Residue ALA het=  resseq=71 icode= >,4z3c_C_A,1.57
138,3.425,ALA, ,CA,31.12,11.45,0.0,3.03,1.0,<Residue ALA het=  resseq=71 icode= >,4z3c_C_A,1.57
139,0.965,ALA, ,C,31.64,9.98,0.0,2.31,1.0,<Residue ALA het=  resseq=71 icode= >,4z3c_C_A,1.57
140,24.476,ALA, ,O,31.77,9.64,0.0,3.07,1.0,<Residue ALA het=  resseq=71 icode= >,4z3c_C_A,1.57
141,56.211,ALA, ,CB,33.89,12.30,0.0,1.11,1.0,<Residue ALA het=  resseq=71 icode= >,4z3c_C_A,1.57
142,0.391,CYS, ,N,29.64,9.25,0.0,2.90,1.0,<Residue CYS het=  resseq=72 icode= >,4z3c_C_A,1.57
143,8.656,CYS, ,CA,29.67,7.80,0.0,2.40,1.0,<Residue CYS het=  resseq=72 icode= >,4z3c_C_A,1.57
144,0.578,CYS, ,C,31.02,7.04,0.0,3.11,1.0,<Residue CYS het=  resseq=72 icode= >,4z3c_C_A,1.57
145,0.0,CYS, ,O,29.43,7.78,0.0,3.16,1.0,<Residue CYS het=  resseq=72 icode= >,4z3c_C_A,1.57
146,10.071,CYS, ,CB,27.03,7.60,0.0,2.13,1.0,<Residue CYS het=  resseq=72 icode= >,4z3c_C_A,1.57
147,0.0,CYS, ,SG,23.61,8.11,0.0,7.82,1.0,<Residue CYS het=  resseq=72 icode= >,4z3c_C_A,1.57
148,3.819,THR, ,N,32.59,5.72,0.0,2.81,1.0,<Residue THR het=  resseq=73 icode= >,4z3c_C_A,1.57
149,1.674,THR, ,CA,33.18,5.07,0.0,3.13,1.0,<Residue THR het=  resseq=73 icode= >,4z3c_C_A,1.57
150,0.0,THR, ,C,31.75,5.59,0.0,3.04,1.0,<Residue THR het=  resseq=73 icode= >,4z3c_C_A,1.57
151,0.0,THR, ,O,32.43,6.13,0.0,2.88,1.0,<Residue THR het=  resseq=73 icode= >,4z3c_C_A,1.57
152,4.469,THR, ,CB,38.92,3.52,3.89,1.27,1.0,<Residue THR het=  resseq=73 icode= >,4z3c_C_A,1.57
153,9.927,THR, ,OG1,41.15,3.12,7.725,0.71,1.0,<Residue THR het=  resseq=73 icode= >,4z3c_C_A,1.57
154,62.966,THR, ,CG2,38.95,3.49,22.549,1.11,1.0,<Residue THR het=  resseq=73 icode= >,4z3c_C_A,1.57
155,0.0,SER, ,N,26.8,5.82,0.0,3.76,1.0,<Residue SER het=  resseq=74 icode= >,4z3c_C_A,1.57
156,0.057,SER, ,CA,26.28,6.70,0.0,3.41,1.0,<Residue SER het=  resseq=74 icode= >,4z3c_C_A,1.57
157,0.634,SER, ,C,24.33,8.02,0.0,4.47,1.0,<Residue SER het=  resseq=74 icode= >,4z3c_C_A,1.57
158,6.376,SER, ,O,25.49,7.99,0.0,4.22,1.0,<Residue SER het=  resseq=74 icode= >,4z3c_C_A,1.57
159,0.0,SER, ,CB,25.61,7.14,0.0,2.73,1.0,<Residue SER het=  resseq=74 icode= >,4z3c_C_A,1.57
160,3.77,SER, ,OG,29.51,6.19,0.0,2.72,1.0,<Residue SER het=  resseq=74 icode= >,4z3c_C_A,1.57
161,0.0,CYS, ,N,23.9,8.54,0.0,3.67,1.0,<Residue CYS het=  resseq=75 icode= >,4z3c_C_A,1.57
162,7.352,CYS, ,CA,23.85,8.52,0.0,3.55,1.0,<Residue CYS het=  resseq=75 icode= >,4z3c_C_A,1.57
163,0.0,CYS, ,C,24.96,9.63,0.0,4.45,1.0,<Residue CYS het=  resseq=75 icode= >,4z3c_C_A,1.57
164,26.084,CYS, ,O,26.22,9.68,0.0,4.32,1.0,<Residue CYS het=  resseq=75 icode= >,4z3c_C_A,1.57
165,1.52,CYS, ,CB,24.4,8.94,0.0,2.86,1.0,<Residue CYS het=  resseq=75 icode= >,4z3c_C_A,1.57
166,2.772,CYS, ,SG,23.5,7.84,0.0,8.26,1.0,<Residue CYS het=  resseq=75 icode= >,4z3c_C_A,1.57
167,0.0,THR, ,N,26.26,9.41,0.0,3.98,1.0,<Residue THR het=  resseq=76 icode= >,4z3c_C_A,1.57
168,5.644,THR, ,CA,28.73,9.17,0.0,2.97,1.0,<Residue THR het=  resseq=76 icode= >,4z3c_C_A,1.57
169,0.39,THR, ,C,30.19,7.99,0.0,3.42,1.0,<Residue THR het=  resseq=76 icode= >,4z3c_C_A,1.57
170,29.129,THR, ,O,29.81,8.15,0.0,3.38,1.0,<Residue THR het=  resseq=76 icode= >,4z3c_C_A,1.57
171,15.885,THR, ,CB,29.45,9.32,0.0,3.37,1.0,<Residue THR het=  resseq=76 icode= >,4z3c_C_A,1.57
172,11.999,THR, ,OG1,30.13,8.47,0.0,3.51,1.0,<Residue THR het=  resseq=76 icode= >,4z3c_C_A,1.57
173,28.484,THR, ,CG2,30.29,10.68,0.0,2.07,1.0,<Residue THR het=  resseq=76 icode= >,4z3c_C_A,1.57
174,0.0,ASN, ,N,32.47,6.97,0.0,2.57,1.0,<Residue ASN het=  resseq=77 icode= >,4z3c_C_A,1.57
175,3.547,ASN, ,CA,34.62,5.82,0.0,2.74,1.0,<Residue ASN het=  resseq=77 icode= >,4z3c_C_A,1.57
176,0.0,ASN, ,C,35.43,6.00,0.0,3.01,1.0,<Residue ASN het=  resseq=77 icode= >,4z3c_C_A,1.57
177,0.0,ASN, ,O,33.57,5.68,0.0,2.35,1.0,<Residue ASN het=  resseq=77 icode= >,4z3c_C_A,1.57
178,7.146,ASN, ,CB,36.75,4.62,0.0,1.66,1.0,<Residue ASN het=  resseq=77 icode= >,4z3c_C_A,1.57
179,5.315,ASN, ,CG,39.01,3.42,0.0,1.81,1.0,<Residue ASN het=  resseq=77 icode= >,4z3c_C_A,1.57
180,7.759,ASN, ,OD1,43.74,3.65,0.0,0.70,1.0,<Residue ASN het=  resseq=77 icode= >,4z3c_C_A,1.57
181,46.28,ASN, ,ND2,40.08,2.61,21.925,1.86,1.0,<Residue ASN het=  resseq=77 icode= >,4z3c_C_A,1.57
182,3.989,ARG, ,N,37.36,6.93,0.0,2.60,1.0,<Residue ARG het=  resseq=78 icode= >,4z3c_C_A,1.57
183,4.336,ARG, ,CA,37.37,7.63,0.0,1.58,1.0,<Residue ARG het=  resseq=78 icode= >,4z3c_C_A,1.57
184,2.529,ARG, ,C,38.82,6.95,0.0,1.42,1.0,<Residue ARG het=  resseq=78 icode= >,4z3c_C_A,1.57
185,6.336,ARG, ,O,39.42,6.65,0.0,1.64,1.0,<Residue ARG het=  resseq=78 icode= >,4z3c_C_A,1.57
186,67.498,ARG, ,CB,38.18,8.11,0.0,1.62,1.0,<Residue ARG het=  resseq=78 icode= >,4z3c_C_A,1.57
187,6.07,ARG, ,N,37.89,5.95,0.0,1.83,1.0,<Residue ARG het=  resseq=79 icode= >,4z3c_C_A,1.57
188,9.146,ARG, ,CA,39.1,5.31,0.0,1.12,1.0,<Residue ARG het=  resseq=79 icode= >,4z3c_C_A,1.57
189,1.639,ARG, ,C,38.2,4.78,1.639,1.56,1.0,<Residue ARG het=  resseq=79 icode= >,4z3c_C_A,1.57
190,18.211,ARG, ,O,37.51,3.64,17.582,2.23,1.0,<Residue ARG het=  resseq=79 icode= >,4z3c_C_A,1.57
191,52.066,ARG, ,CB,42.41,4.53,20.781,0.20,1.0,<Residue ARG het=  resseq=79 icode= >,4z3c_C_A,1.57
192,0.0,THR, ,N,33.68,4.78,0.0,1.90,1.0,<Residue THR het=  resseq=80 icode= >,4z3c_C_A,1.57
193,8.053,THR, ,CA,30.63,3.95,8.053,2.38,1.0,<Residue THR het=  resseq=80 icode= >,4z3c_C_A,1.57
194,0.264,THR, ,C,27.75,3.71,0.264,3.42,1.0,<Residue THR het=  resseq=80 icode= >,4z3c_C_A,1.57
195,8.295,THR, ,O,26.63,2.69,8.295,3.06,1.0,<Residue THR het=  resseq=80 icode= >,4z3c_C_A,1.57
196,4.002,THR, ,CB,31.01,4.38,3.06,3.12,1.0,<Residue THR het=  resseq=80 icode= >,4z3c_C_A,1.57
197,0.26,THR, ,OG1,33.82,5.72,0.0,2.45,1.0,<Residue THR het=  resseq=80 icode= >,4z3c_C_A,1.57
198,27.184,THR, ,CG2,34.17,3.73,25.945,1.27,1.0,<Residue THR het=  resseq=80 icode= >,4z3c_C_A,1.57
199,0.061,HIS, ,N,26.48,4.43,0.0,3.12,1.0,<Residue HIS het=  resseq=81 icode= >,4z3c_C_A,1.57
200,10.777,HIS, ,CA,24.84,3.89,3.533,2.35,1.0,<Residue HIS het=  resseq=81 icode= >,4z3c_C_A,1.57
201,3.539,HIS, ,C,22.67,3.71,2.964,3.27,1.0,<Residue HIS het=  resseq=81 icode= >,4z3c_C_A,1.57
202,22.515,HIS, ,O,19.93,2.78,22.515,4.54,1.0,<Residue HIS het=  resseq=81 icode= >,4z3c_C_A,1.57
203,20.863,HIS, ,CB,25.29,3.31,20.732,1.45,1.0,<Residue HIS het=  resseq=81 icode= >,4z3c_C_A,1.57
204,3.115,HIS, ,CG,26.89,3.46,3.115,1.99,1.0,<Residue HIS het=  resseq=81 icode= >,4z3c_C_A,1.57
205,26.518,HIS, ,ND1,26.92,2.74,26.518,2.94,1.0,<Residue HIS het=  resseq=81 icode= >,4z3c_C_A,1.57
206,9.733,HIS, ,CD2,29.6,4.36,1.167,1.67,1.0,<Residue HIS het=  resseq=81 icode= >,4z3c_C_A,1.57
207,42.948,HIS, ,CE1,29.76,3.53,29.451,2.07,1.0,<Residue HIS het=  resseq=81 icode= >,4z3c_C_A,1.57
208,22.497,HIS, ,NE2,29.74,4.26,0.192,2.00,1.0,<Residue HIS het=  resseq=81 icode= >,4z3c_C_A,1.57
209,1.008,GLN, ,N,22.22,4.70,0.0,3.93,1.0,<Residue GLN het=  resseq=82 icode= >,4z3c_C_A,1.57
210,1.125,GLN, ,CA,22.21,4.57,1.125,3.05,1.0,<Residue GLN het=  resseq=82 icode= >,4z3c_C_A,1.57
211,3.198,GLN, ,C,21.43,4.32,3.198,3.19,1.0,<Residue GLN het=  resseq=82 icode= >,4z3c_C_A,1.57
212,14.908,GLN, ,O,21.62,4.85,2.06,4.94,1.0,<Residue GLN het=  resseq=82 icode= >,4z3c_C_A,1.57
213,4.838,GLN, ,CB,23.92,5.68,0.0,2.45,1.0,<Residue GLN het=  resseq=82 icode= >,4z3c_C_A,1.57
214,19.248,GLN, ,CG,26.4,4.95,6.807,2.40,1.0,<Residue GLN het=  resseq=82 icode= >,4z3c_C_A,1.57
215,5.742,GLN, ,CD,27.61,3.85,2.541,2.60,1.0,<Residue GLN het=  resseq=82 icode= >,4z3c_C_A,1.57
216,22.563,GLN, ,OE1,28.8,3.93,11.566,2.46,1.0,<Residue GLN het=  resseq=82 icode= >,4z3c_C_A,1.57
217,38.908,GLN, ,NE2,28.96,2.70,38.779,2.36,1.0,<Residue GLN het=  resseq=82 icode= >,4z3c_C_A,1.57
218,5.759,ILE, ,N,18.45,3.79,5.759,4.60,1.0,<Residue ILE het=  resseq=83 icode= >,4z3c_C_A,1.57
219,7.779,ILE, ,CA,19.45,4.17,7.779,3.57,1.0,<Residue ILE het=  resseq=83 icode= >,4z3c_C_A,1.57
220,0.0,ILE, ,C,20.37,5.16,0.0,3.87,1.0,<Residue ILE het=  resseq=83 icode= >,4z3c_C_A,1.57
221,2.394,ILE, ,O,18.97,6.16,0.0,4.79,1.0,<Residue ILE het=  resseq=83 icode= >,4z3c_C_A,1.57
222,9.814,ILE, ,CB,19.37,3.93,9.814,3.70,1.0,<Residue ILE het=  resseq=83 icode= >,4z3c_C_A,1.57
223,11.312,ILE, ,CG1,19.59,3.75,11.312,3.79,1.0,<Residue ILE het=  resseq=83 icode= >,4z3c_C_A,1.57
224,6.662,ILE, ,CG2,20.27,3.66,6.199,2.93,1.0,<Residue ILE het=  resseq=83 icode= >,4z3c_C_A,1.57
225,31.179,ILE, ,CD1,20.02,3.73,23.045,2.63,1.0,<Residue ILE het=  resseq=83 icode= >,4z3c_C_A,1.57
226,3.735,CYS, ,N,20.3,5.00,0.503,3.69,1.0,<Residue CYS het=  resseq=84 icode= >,4z3c_C_A,1.57
227,0.0,CYS, ,CA,19.2,6.32,0.0,3.77,1.0,<Residue CYS het=  resseq=84 icode= >,4z3c_C_A,1.57
228,0.0,CYS, ,C,19.27,7.37,0.0,4.12,1.0,<Residue CYS het=  resseq=84 icode= >,4z3c_C_A,1.57
229,0.0,CYS, ,O,17.87,7.28,0.0,4.77,1.0,<Residue CYS het=  resseq=84 icode= >,4z3c_C_A,1.57
230,0.0,CYS, ,CB,20.21,6.43,0.0,2.54,1.0,<Residue CYS het=  resseq=84 icode= >,4z3c_C_A,1.57
231,0.0,CYS, ,SG,21.75,8.22,0.0,8.70,1.0,<Residue CYS het=  resseq=84 icode= >,4z3c_C_A,1.57
232,0.0,LYS, ,N,19.93,8.55,0.0,3.64,1.0,<Residue LYS het=  resseq=85 icode= >,4z3c_C_A,1.57
233,2.373,LYS, ,CA,21.28,8.47,0.0,3.63,1.0,<Residue LYS het=  resseq=85 icode= >,4z3c_C_A,1.57
234,0.254,LYS, ,C,21.17,9.20,0.0,4.17,1.0,<Residue LYS het=  resseq=85 icode= >,4z3c_C_A,1.57
235,8.084,LYS, ,O,20.51,8.97,0.0,5.01,1.0,<Residue LYS het=  resseq=85 icode= >,4z3c_C_A,1.57
236,12.257,LYS, ,CB,23.75,7.51,0.0,3.02,1.0,<Residue LYS het=  resseq=85 icode= >,4z3c_C_A,1.57
237,11.484,LYS, ,CG,25.77,6.04,0.0,2.75,1.0,<Residue LYS het=  resseq=85 icode= >,4z3c_C_A,1.57
238,48.716,LYS, ,CD,29.38,5.25,1.985,1.46,1.0,<Residue LYS het=  resseq=85 icode= >,4z3c_C_A,1.57
239,0.0,LEU, ,N,20.57,9.96,0.0,4.01,1.0,<Residue LEU het=  resseq=86 icode= >,4z3c_C_A,1.57
240,2.515,LEU, ,CA,21.6,10.66,0.0,2.96,1.0,<Residue LEU het=  resseq=86 icode= >,4z3c_C_A,1.57
241,0.0,LEU, ,C,20.62,9.69,0.0,3.53,1.0,<Residue LEU het=  resseq=86 icode= >,4z3c_C_A,1.57
242,1.234,LEU, ,O,21.61,10.24,0.0,4.26,1.0,<Residue LEU het=  resseq=86 icode= >,4z3c_C_A,1.57
243,0.046,LEU, ,CB,24.1,11.24,0.0,2.46,1.0,<Residue LEU het=  resseq=86 icode= >,4z3c_C_A,1.57
244,1.947,LEU, ,CG,25.79,12.33,0.0,2.53,1.0,<Residue LEU het=  resseq=86 icode= >,4z3c_C_A,1.57
245,26.76,LEU, ,CD1,27.13,13.04,0.0,1.96,1.0,<Residue LEU het=  resseq=86 icode= >,4z3c_C_A,1.57
246,50.096,LEU, ,CD2,28.02,12.28,0.0,1.97,1.0,<Residue LEU het=  resseq=86 icode= >,4z3c_C_A,1.57
247,0.0,ARG, ,N,19.79,8.45,0.0,4.12,1.0,<Residue ARG het=  resseq=87 icode= >,4z3c_C_A,1.57
248,0.0,ARG, ,CA,18.61,7.47,0.0,3.41,1.0,<Residue ARG het=  resseq=87 icode= >,4z3c_C_A,1.57
249,0.0,ARG, ,C,19.15,6.94,0.0,3.50,1.0,<Residue ARG het=  resseq=87 icode= >,4z3c_C_A,1.57
250,1.754,ARG, ,O,18.51,6.39,0.0,5.19,1.0,<Residue ARG het=  resseq=87 icode= >,4z3c_C_A,1.57
251,0.714,ARG, ,CB,20.61,6.22,0.0,2.92,1.0,<Residue ARG het=  resseq=87 icode= >,4z3c_C_A,1.57
252,0.0,ARG, ,CG,21.55,6.67,0.0,3.07,1.0,<Residue ARG het=  resseq=87 icode= >,4z3c_C_A,1.57
253,0.0,ARG, ,CD,23.2,5.70,0.0,3.22,1.0,<Residue ARG het=  resseq=87 icode= >,4z3c_C_A,1.57
254,1.595,ARG, ,NE,25.44,5.23,0.0,3.62,1.0,<Residue ARG het=  resseq=87 icode= >,4z3c_C_A,1.57
255,1.872,ARG, ,CZ,31.91,4.77,1.872,1.96,1.0,<Residue ARG het=  resseq=87 icode= >,4z3c_C_A,1.57
256,32.821,ARG, ,NH1,35.49,4.93,2.927,1.44,1.0,<Residue ARG het=  resseq=87 icode= >,4z3c_C_A,1.57
257,16.541,ARG, ,NH2,31.82,4.72,5.19,1.70,1.0,<Residue ARG het=  resseq=87 icode= >,4z3c_C_A,1.57
258,0.0,LYS, ,N,19.04,6.50,0.0,3.98,1.0,<Residue LYS het=  resseq=88 icode= >,4z3c_C_A,1.57
259,0.025,LYS, ,CA,17.8,5.55,0.025,3.26,1.0,<Residue LYS het=  resseq=88 icode= >,4z3c_C_A,1.57
260,0.0,LYS, ,C,18.01,6.26,0.0,4.40,1.0,<Residue LYS het=  resseq=88 icode= >,4z3c_C_A,1.57
261,0.001,LYS, ,O,18.93,7.44,0.0,4.55,1.0,<Residue LYS het=  resseq=88 icode= >,4z3c_C_A,1.57
262,3.676,LYS, ,CB,17.87,5.59,0.0,3.54,1.0,<Residue LYS het=  resseq=88 icode= >,4z3c_C_A,1.57
263,6.92,LYS, ,CG,18.1,5.01,0.0,3.56,1.0,<Residue LYS het=  resseq=88 icode= >,4z3c_C_A,1.57
264,8.212,LYS, ,CD,17.53,3.57,1.479,3.56,1.0,<Residue LYS het=  resseq=88 icode= >,4z3c_C_A,1.57
265,9.457,LYS, ,CE,18.04,3.52,0.0,3.65,1.0,<Residue LYS het=  resseq=88 icode= >,4z3c_C_A,1.57
266,31.342,LYS, ,NZ,19.02,2.76,20.794,4.20,1.0,<Residue LYS het=  resseq=88 icode= >,4z3c_C_A,1.57
267,1.645,CYS, ,N,17.82,5.50,1.019,4.76,1.0,<Residue CYS het=  resseq=89 icode= >,4z3c_C_A,1.57
268,0.0,CYS, ,CA,19.16,6.20,0.0,3.64,1.0,<Residue CYS het=  resseq=89 icode= >,4z3c_C_A,1.57
269,0.0,CYS, ,C,19.42,7.22,0.0,4.65,1.0,<Residue CYS het=  resseq=89 icode= >,4z3c_C_A,1.57
270,0.0,CYS, ,O,21.32,7.02,0.0,4.96,1.0,<Residue CYS het=  resseq=89 icode= >,4z3c_C_A,1.57
271,1.317,CYS, ,CB,19.27,5.48,0.431,3.14,1.0,<Residue CYS het=  resseq=89 icode= >,4z3c_C_A,1.57
272,0.0,CYS, ,SG,19.44,6.84,0.0,10.15,1.0,<Residue CYS het=  resseq=89 icode= >,4z3c_C_A,1.57
273,0.0,GLU, ,N,20.45,8.46,0.0,4.18,1.0,<Residue GLU het=  resseq=90 icode= >,4z3c_C_A,1.57
274,0.0,GLU, ,CA,22.53,9.63,0.0,2.69,1.0,<Residue GLU het=  resseq=90 icode= >,4z3c_C_A,1.57
275,1.15,GLU, ,C,23.58,9.67,0.0,3.85,1.0,<Residue GLU het=  resseq=90 icode= >,4z3c_C_A,1.57
276,9.317,GLU, ,O,26.85,9.64,0.0,3.83,1.0,<Residue GLU het=  resseq=90 icode= >,4z3c_C_A,1.57
277,20.353,GLU,x,CB,23.99,10.95,0.0,2.25,0.5,<Residue GLU het=  resseq=90 icode= >,4z3c_C_A,1.57
278,10.429,GLU,x,CG,25.42,11.33,0.0,1.66,0.5,<Residue GLU het=  resseq=90 icode= >,4z3c_C_A,1.57
279,7.836,GLU,x,CD,26.26,11.77,0.0,1.39,0.5,<Residue GLU het=  resseq=90 icode= >,4z3c_C_A,1.57
280,13.775,GLU,x,OE1,27.08,11.44,0.0,0.82,0.5,<Residue GLU het=  resseq=90 icode= >,4z3c_C_A,1.57
281,27.163,GLU,x,OE2,29.17,12.49,0.0,0.96,0.5,<Residue GLU het=  resseq=90 icode= >,4z3c_C_A,1.57
282,0.0,VAL, ,N,23.58,9.21,0.0,3.93,1.0,<Residue VAL het=  resseq=91 icode= >,4z3c_C_A,1.57
283,3.325,VAL, ,CA,25.21,8.84,0.0,3.12,1.0,<Residue VAL het=  resseq=91 icode= >,4z3c_C_A,1.57
284,0.0,VAL, ,C,24.37,7.39,0.0,4.18,1.0,<Residue VAL het=  resseq=91 icode= >,4z3c_C_A,1.57
285,0.0,VAL, ,O,25.59,7.11,0.0,3.22,1.0,<Residue VAL het=  resseq=91 icode= >,4z3c_C_A,1.57
286,0.0,VAL, ,CB,27.81,9.14,0.0,2.18,1.0,<Residue VAL het=  resseq=91 icode= >,4z3c_C_A,1.57
287,40.488,VAL, ,CG1,30.21,8.88,0.0,1.50,1.0,<Residue VAL het=  resseq=91 icode= >,4z3c_C_A,1.57
288,31.109,VAL, ,CG2,27.26,10.45,0.0,2.29,1.0,<Residue VAL het=  resseq=91 icode= >,4z3c_C_A,1.57
289,0.0,LEU, ,N,23.21,6.65,0.0,3.82,1.0,<Residue LEU het=  resseq=92 icode= >,4z3c_C_A,1.57
290,0.0,LEU, ,CA,22.64,5.27,0.0,3.87,1.0,<Residue LEU het=  resseq=92 icode= >,4z3c_C_A,1.57
291,0.0,LEU, ,C,25.13,5.32,0.0,3.42,1.0,<Residue LEU het=  resseq=92 icode= >,4z3c_C_A,1.57
292,10.276,LEU, ,O,27.84,4.45,1.399,3.50,1.0,<Residue LEU het=  resseq=92 icode= >,4z3c_C_A,1.57
293,2.064,LEU, ,CB,21.03,4.91,2.064,2.97,1.0,<Residue LEU het=  resseq=92 icode= >,4z3c_C_A,1.57
294,0.0,LEU, ,CG,20.77,4.87,0.0,2.98,1.0,<Residue LEU het=  resseq=92 icode= >,4z3c_C_A,1.57
295,24.013,LEU, ,CD1,19.98,3.47,24.013,3.21,1.0,<Residue LEU het=  resseq=92 icode= >,4z3c_C_A,1.57
296,3.073,LEU, ,CD2,21.51,4.70,2.408,2.53,1.0,<Residue LEU het=  resseq=92 icode= >,4z3c_C_A,1.57
297,0.0,LYS, ,N,24.64,6.60,0.0,3.55,1.0,<Residue LYS het=  resseq=93 icode= >,4z3c_C_A,1.57
298,5.651,LYS, ,CA,27.45,7.16,0.0,2.51,1.0,<Residue LYS het=  resseq=93 icode= >,4z3c_C_A,1.57
299,1.524,LYS, ,C,30.75,7.36,0.0,3.22,1.0,<Residue LYS het=  resseq=93 icode= >,4z3c_C_A,1.57
300,29.306,LYS, ,O,32.19,7.72,0.0,3.14,1.0,<Residue LYS het=  resseq=93 icode= >,4z3c_C_A,1.57
301,14.949,LYS, ,CB,28.16,8.59,0.0,2.24,1.0,<Residue LYS het=  resseq=93 icode= >,4z3c_C_A,1.57
302,6.873,LYS, ,CG,26.5,8.06,0.0,2.79,1.0,<Residue LYS het=  resseq=93 icode= >,4z3c_C_A,1.57
303,18.337,LYS, ,CD,28.52,9.03,0.0,2.06,1.0,<Residue LYS het=  resseq=93 icode= >,4z3c_C_A,1.57
304,8.69,LYS, ,CE,28.67,8.67,0.0,2.64,1.0,<Residue LYS het=  resseq=93 icode= >,4z3c_C_A,1.57
305,26.705,LYS, ,NZ,29.16,9.44,0.0,2.32,1.0,<Residue LYS het=  resseq=93 icode= >,4z3c_C_A,1.57
306,0.514,LYS, ,N,31.67,7.47,0.0,2.89,1.0,<Residue LYS het=  resseq=94 icode= >,4z3c_C_A,1.57
307,7.088,LYS, ,CA,37.17,7.88,0.0,1.84,1.0,<Residue LYS het=  resseq=94 icode= >,4z3c_C_A,1.57
308,0.022,LYS, ,C,38.46,6.80,0.0,1.88,1.0,<Residue LYS het=  resseq=94 icode= >,4z3c_C_A,1.57
309,0.0,LYS, ,O,35.3,5.98,0.0,2.41,1.0,<Residue LYS het=  resseq=94 icode= >,4z3c_C_A,1.57
310,32.762,LYS, ,CB,38.17,8.99,0.0,2.09,1.0,<Residue LYS het=  resseq=94 icode= >,4z3c_C_A,1.57
311,33.68,LYS, ,CG,39.74,8.84,0.0,0.55,1.0,<Residue LYS het=  resseq=94 icode= >,4z3c_C_A,1.57
312,7.034,LYS, ,N,39.98,7.06,0.0,1.35,1.0,<Residue LYS het=  resseq=95 icode= >,4z3c_C_A,1.57
313,7.156,LYS, ,CA,38.77,6.72,0.0,1.76,1.0,<Residue LYS het=  resseq=95 icode= >,4z3c_C_A,1.57
314,0.066,LYS, ,C,39.09,7.27,0.0,2.19,1.0,<Residue LYS het=  resseq=95 icode= >,4z3c_C_A,1.57
315,17.534,LYS, ,O,35.48,8.31,0.0,2.52,1.0,<Residue LYS het=  resseq=95 icode= >,4z3c_C_A,1.57
316,65.929,LYS, ,CB,41.13,6.96,0.0,0.89,1.0,<Residue LYS het=  resseq=95 icode= >,4z3c_C_A,1.57
317,3.796,VAL, ,N,37.92,6.74,0.0,1.90,1.0,<Residue VAL het=  resseq=96 icode= >,4z3c_C_A,1.57
318,10.408,VAL, ,CA,40.14,7.08,0.0,1.35,1.0,<Residue VAL het=  resseq=96 icode= >,4z3c_C_A,1.57
319,32.392,VAL, ,C,41.87,8.04,0.0,1.40,1.0,<Residue VAL het=  resseq=96 icode= >,4z3c_C_A,1.57
320,30.658,VAL, ,O,42.39,7.72,0.0,2.17,1.0,<Residue VAL het=  resseq=96 icode= >,4z3c_C_A,1.57
321,57.488,VAL, ,CB,41.61,6.33,0.0,1.12,1.0,<Residue VAL het=  resseq=96 icode= >,4z3c_C_A,1.57
