,ASA,aa,altloc,atom,bfac,d2r,dASA,dens,occ,residue,id,resolu
0,45.326,PHE, ,N,49.61,1000.00,0.0,1.41,1.0,<Residue PHE het=  resseq=4 icode= >,4z5d_A_A,2.15
1,4.904,PHE, ,CA,46.61,1000.00,0.795,1.37,1.0,<Residue PHE het=  resseq=4 icode= >,4z5d_A_A,2.15
2,2.135,PHE, ,C,52.3,1000.00,1.634,1.71,1.0,<Residue PHE het=  resseq=4 icode= >,4z5d_A_A,2.15
3,29.093,PHE, ,O,51.79,1000.00,3.063,1.57,1.0,<Residue PHE het=  resseq=4 icode= >,4z5d_A_A,2.15
4,27.151,PHE, ,CB,42.01,1000.00,10.983,1.98,1.0,<Residue PHE het=  resseq=4 icode= >,4z5d_A_A,2.15
5,2.592,PHE, ,CG,46.8,1000.00,2.09,0.98,1.0,<Residue PHE het=  resseq=4 icode= >,4z5d_A_A,2.15
6,18.667,PHE, ,CD1,43.24,1000.00,11.162,1.25,1.0,<Residue PHE het=  resseq=4 icode= >,4z5d_A_A,2.15
7,29.738,PHE, ,CD2,44.15,1000.00,7.858,1.09,1.0,<Residue PHE het=  resseq=4 icode= >,4z5d_A_A,2.15
8,18.583,PHE, ,CE1,44.16,1000.00,10.513,1.17,1.0,<Residue PHE het=  resseq=4 icode= >,4z5d_A_A,2.15
9,36.157,PHE, ,CE2,44.73,1000.00,17.706,0.99,1.0,<Residue PHE het=  resseq=4 icode= >,4z5d_A_A,2.15
10,17.828,PHE, ,CZ,38.59,1000.00,4.468,2.02,1.0,<Residue PHE het=  resseq=4 icode= >,4z5d_A_A,2.15
11,3.524,GLN, ,N,46.52,1000.00,0.0,1.79,1.0,<Residue GLN het=  resseq=5 icode= >,4z5d_A_A,2.15
12,4.311,GLN, ,CA,42.22,1000.00,0.112,2.27,1.0,<Residue GLN het=  resseq=5 icode= >,4z5d_A_A,2.15
13,3.601,GLN, ,C,36.12,1000.00,3.601,3.00,1.0,<Residue GLN het=  resseq=5 icode= >,4z5d_A_A,2.15
14,8.393,GLN, ,O,33.54,1000.00,8.393,2.62,1.0,<Residue GLN het=  resseq=5 icode= >,4z5d_A_A,2.15
15,8.559,GLN, ,CB,44.47,1000.00,0.0,1.75,1.0,<Residue GLN het=  resseq=5 icode= >,4z5d_A_A,2.15
16,30.352,GLN, ,CG,56.82,1000.00,0.0,0.74,1.0,<Residue GLN het=  resseq=5 icode= >,4z5d_A_A,2.15
17,8.91,GLN, ,CD,66.36,1000.00,0.0,0.79,1.0,<Residue GLN het=  resseq=5 icode= >,4z5d_A_A,2.15
18,40.446,GLN, ,OE1,73.23,1000.00,0.0,0.25,1.0,<Residue GLN het=  resseq=5 icode= >,4z5d_A_A,2.15
19,42.173,GLN, ,NE2,68.85,1000.00,0.0,0.29,1.0,<Residue GLN het=  resseq=5 icode= >,4z5d_A_A,2.15
20,6.629,LYS, ,N,29.61,1000.00,0.73,2.85,1.0,<Residue LYS het=  resseq=6 icode= >,4z5d_A_A,2.15
21,4.874,LYS, ,CA,28.1,1000.00,4.874,2.96,1.0,<Residue LYS het=  resseq=6 icode= >,4z5d_A_A,2.15
22,0.0,LYS, ,C,26.21,1000.00,0.0,4.05,1.0,<Residue LYS het=  resseq=6 icode= >,4z5d_A_A,2.15
23,2.549,LYS, ,O,24.93,1000.00,0.0,3.69,1.0,<Residue LYS het=  resseq=6 icode= >,4z5d_A_A,2.15
24,7.467,LYS, ,CB,27.27,1000.00,1.784,2.60,1.0,<Residue LYS het=  resseq=6 icode= >,4z5d_A_A,2.15
25,9.195,LYS, ,CG,32.13,1000.00,5.362,2.18,1.0,<Residue LYS het=  resseq=6 icode= >,4z5d_A_A,2.15
26,8.732,LYS, ,CD,31.9,1000.00,0.388,2.03,1.0,<Residue LYS het=  resseq=6 icode= >,4z5d_A_A,2.15
27,27.392,LYS, ,CE,34.19,1000.00,0.097,1.98,1.0,<Residue LYS het=  resseq=6 icode= >,4z5d_A_A,2.15
28,6.287,LYS, ,NZ,40.59,1000.00,0.0,1.66,1.0,<Residue LYS het=  resseq=6 icode= >,4z5d_A_A,2.15
29,6.179,ILE, ,N,25.42,1000.00,6.179,3.24,1.0,<Residue ILE het=  resseq=7 icode= >,4z5d_A_A,2.15
30,0.0,ILE, ,CA,23.48,1000.00,0.0,3.04,1.0,<Residue ILE het=  resseq=7 icode= >,4z5d_A_A,2.15
31,0.092,ILE, ,C,23.72,1000.00,0.092,4.57,1.0,<Residue ILE het=  resseq=7 icode= >,4z5d_A_A,2.15
32,25.678,ILE, ,O,21.53,1000.00,25.477,3.67,1.0,<Residue ILE het=  resseq=7 icode= >,4z5d_A_A,2.15
33,7.785,ILE, ,CB,23.04,1000.00,7.785,3.19,1.0,<Residue ILE het=  resseq=7 icode= >,4z5d_A_A,2.15
34,2.428,ILE, ,CG1,22.64,1000.00,0.02,3.41,1.0,<Residue ILE het=  resseq=7 icode= >,4z5d_A_A,2.15
35,6.532,ILE, ,CG2,18.16,1000.00,6.532,2.69,1.0,<Residue ILE het=  resseq=7 icode= >,4z5d_A_A,2.15
36,30.175,ILE, ,CD1,28.73,1000.00,26.836,1.93,1.0,<Residue ILE het=  resseq=7 icode= >,4z5d_A_A,2.15
37,0.0,TYR, ,N,20.26,16.77,0.0,4.06,1.0,<Residue TYR het=  resseq=8 icode= >,4z5d_A_A,2.15
38,4.477,TYR, ,CA,19.56,16.00,2.341,3.29,1.0,<Residue TYR het=  resseq=8 icode= >,4z5d_A_A,2.15
39,4.283,TYR, ,C,21.83,14.82,4.283,3.92,1.0,<Residue TYR het=  resseq=8 icode= >,4z5d_A_A,2.15
40,27.722,TYR, ,O,23.16,14.15,11.625,3.61,1.0,<Residue TYR het=  resseq=8 icode= >,4z5d_A_A,2.15
41,21.274,TYR, ,CB,22.6,17.01,0.0,2.65,1.0,<Residue TYR het=  resseq=8 icode= >,4z5d_A_A,2.15
42,1.712,TYR, ,CG,26.17,18.13,0.0,2.64,1.0,<Residue TYR het=  resseq=8 icode= >,4z5d_A_A,2.15
43,23.254,TYR, ,CD1,26.38,18.08,4.098,2.47,1.0,<Residue TYR het=  resseq=8 icode= >,4z5d_A_A,2.15
44,11.081,TYR, ,CD2,29.52,19.33,0.0,2.43,1.0,<Residue TYR het=  resseq=8 icode= >,4z5d_A_A,2.15
45,13.48,TYR, ,CE1,31.85,19.19,4.868,2.43,1.0,<Residue TYR het=  resseq=8 icode= >,4z5d_A_A,2.15
46,18.573,TYR, ,CE2,25.59,20.38,0.0,2.60,1.0,<Residue TYR het=  resseq=8 icode= >,4z5d_A_A,2.15
47,5.024,TYR, ,CZ,30.49,20.30,0.0,3.11,1.0,<Residue TYR het=  resseq=8 icode= >,4z5d_A_A,2.15
48,9.974,TYR, ,OH,36.29,21.42,0.0,2.34,1.0,<Residue TYR het=  resseq=8 icode= >,4z5d_A_A,2.15
49,0.975,SER, ,N,18.83,14.72,0.975,3.47,1.0,<Residue SER het=  resseq=9 icode= >,4z5d_A_A,2.15
50,3.741,SER, ,CA,18.95,13.78,3.664,2.63,1.0,<Residue SER het=  resseq=9 icode= >,4z5d_A_A,2.15
51,3.92,SER, ,C,15.79,13.45,3.92,4.92,1.0,<Residue SER het=  resseq=9 icode= >,4z5d_A_A,2.15
52,0.026,SER, ,O,18.78,13.85,0.026,4.59,1.0,<Residue SER het=  resseq=9 icode= >,4z5d_A_A,2.15
53,30.521,SER, ,CB,18.31,14.43,0.0,3.28,1.0,<Residue SER het=  resseq=9 icode= >,4z5d_A_A,2.15
54,8.066,SER, ,OG,19.79,14.64,0.0,4.06,1.0,<Residue SER het=  resseq=9 icode= >,4z5d_A_A,2.15
55,0.085,PRO, ,N,13.0,12.24,0.085,5.00,1.0,<Residue PRO het=  resseq=10 icode= >,4z5d_A_A,2.15
56,2.851,PRO, ,CA,14.16,11.20,2.851,2.83,1.0,<Residue PRO het=  resseq=10 icode= >,4z5d_A_A,2.15
57,0.0,PRO, ,C,16.84,11.33,0.0,4.36,1.0,<Residue PRO het=  resseq=10 icode= >,4z5d_A_A,2.15
58,0.0,PRO, ,O,15.9,11.37,0.0,5.76,1.0,<Residue PRO het=  resseq=10 icode= >,4z5d_A_A,2.15
59,4.222,PRO, ,CB,14.29,9.90,4.222,3.57,1.0,<Residue PRO het=  resseq=10 icode= >,4z5d_A_A,2.15
60,25.442,PRO, ,CG,18.97,10.39,25.442,2.95,1.0,<Residue PRO het=  resseq=10 icode= >,4z5d_A_A,2.15
61,23.161,PRO, ,CD,14.2,11.45,10.883,3.79,1.0,<Residue PRO het=  resseq=10 icode= >,4z5d_A_A,2.15
62,0.009,THR, ,N,20.22,11.64,0.0,3.19,1.0,<Residue THR het=  resseq=11 icode= >,4z5d_A_A,2.15
63,0.377,THR, ,CA,15.23,12.03,0.0,3.04,1.0,<Residue THR het=  resseq=11 icode= >,4z5d_A_A,2.15
64,0.0,THR, ,C,18.21,13.27,0.0,4.62,1.0,<Residue THR het=  resseq=11 icode= >,4z5d_A_A,2.15
65,0.0,THR, ,O,21.48,12.43,0.0,4.72,1.0,<Residue THR het=  resseq=11 icode= >,4z5d_A_A,2.15
66,7.962,THR, ,CB,23.65,12.52,0.0,3.15,1.0,<Residue THR het=  resseq=11 icode= >,4z5d_A_A,2.15
67,23.463,THR, ,OG1,19.98,11.52,0.0,3.83,1.0,<Residue THR het=  resseq=11 icode= >,4z5d_A_A,2.15
68,42.705,THR, ,CG2,21.23,12.74,0.0,1.93,1.0,<Residue THR het=  resseq=11 icode= >,4z5d_A_A,2.15
69,0.335,GLN, ,N,18.6,14.20,0.0,3.83,1.0,<Residue GLN het=  resseq=12 icode= >,4z5d_A_A,2.15
70,2.158,GLN, ,CA,19.28,15.08,0.0,2.69,1.0,<Residue GLN het=  resseq=12 icode= >,4z5d_A_A,2.15
71,0.0,GLN, ,C,19.15,14.84,0.0,4.53,1.0,<Residue GLN het=  resseq=12 icode= >,4z5d_A_A,2.15
72,0.957,GLN, ,O,20.38,14.60,0.0,4.67,1.0,<Residue GLN het=  resseq=12 icode= >,4z5d_A_A,2.15
73,7.329,GLN, ,CB,20.16,16.46,0.0,3.14,1.0,<Residue GLN het=  resseq=12 icode= >,4z5d_A_A,2.15
74,19.496,GLN, ,CG,22.98,17.28,0.0,2.15,1.0,<Residue GLN het=  resseq=12 icode= >,4z5d_A_A,2.15
75,5.428,GLN, ,CD,30.74,18.80,0.0,2.52,1.0,<Residue GLN het=  resseq=12 icode= >,4z5d_A_A,2.15
76,9.77,GLN, ,OE1,26.34,18.69,0.0,3.19,1.0,<Residue GLN het=  resseq=12 icode= >,4z5d_A_A,2.15
77,14.62,GLN, ,NE2,23.45,19.52,0.0,2.83,1.0,<Residue GLN het=  resseq=12 icode= >,4z5d_A_A,2.15
78,0.0,LEU, ,N,17.76,14.54,0.0,3.97,1.0,<Residue LEU het=  resseq=13 icode= >,4z5d_A_A,2.15
79,0.0,LEU, ,CA,19.78,13.91,0.0,2.94,1.0,<Residue LEU het=  resseq=13 icode= >,4z5d_A_A,2.15
80,0.0,LEU, ,C,19.26,13.32,0.0,4.55,1.0,<Residue LEU het=  resseq=13 icode= >,4z5d_A_A,2.15
81,0.0,LEU, ,O,18.43,13.55,0.0,5.05,1.0,<Residue LEU het=  resseq=13 icode= >,4z5d_A_A,2.15
82,0.797,LEU, ,CB,18.98,12.95,0.797,2.52,1.0,<Residue LEU het=  resseq=13 icode= >,4z5d_A_A,2.15
83,0.0,LEU, ,CG,19.69,12.16,0.0,2.86,1.0,<Residue LEU het=  resseq=13 icode= >,4z5d_A_A,2.15
84,12.616,LEU, ,CD1,15.06,13.17,12.616,3.03,1.0,<Residue LEU het=  resseq=13 icode= >,4z5d_A_A,2.15
85,25.038,LEU, ,CD2,18.15,11.24,25.038,2.21,1.0,<Residue LEU het=  resseq=13 icode= >,4z5d_A_A,2.15
86,0.0,ALA, ,N,18.88,12.66,0.0,3.50,1.0,<Residue ALA het=  resseq=14 icode= >,4z5d_A_A,2.15
87,0.0,ALA, ,CA,18.92,11.31,0.0,3.41,1.0,<Residue ALA het=  resseq=14 icode= >,4z5d_A_A,2.15
88,0.051,ALA, ,C,20.37,10.75,0.0,4.71,1.0,<Residue ALA het=  resseq=14 icode= >,4z5d_A_A,2.15
89,0.0,ALA, ,O,16.46,10.27,0.0,4.91,1.0,<Residue ALA het=  resseq=14 icode= >,4z5d_A_A,2.15
90,0.569,ALA, ,CB,17.53,10.54,0.0,2.52,1.0,<Residue ALA het=  resseq=14 icode= >,4z5d_A_A,2.15
91,0.0,ASN, ,N,17.87,11.10,0.0,4.30,1.0,<Residue ASN het=  resseq=15 icode= >,4z5d_A_A,2.15
92,1.305,ASN, ,CA,23.27,10.95,0.0,2.72,1.0,<Residue ASN het=  resseq=15 icode= >,4z5d_A_A,2.15
93,1.093,ASN, ,C,21.42,11.78,0.0,4.60,1.0,<Residue ASN het=  resseq=15 icode= >,4z5d_A_A,2.15
94,4.868,ASN, ,O,21.5,11.51,0.0,4.79,1.0,<Residue ASN het=  resseq=15 icode= >,4z5d_A_A,2.15
95,20.855,ASN, ,CB,23.52,11.60,0.0,2.30,1.0,<Residue ASN het=  resseq=15 icode= >,4z5d_A_A,2.15
96,5.63,ASN, ,CG,27.15,10.94,0.0,3.25,1.0,<Residue ASN het=  resseq=15 icode= >,4z5d_A_A,2.15
97,16.971,ASN, ,OD1,24.82,9.79,0.0,3.11,1.0,<Residue ASN het=  resseq=15 icode= >,4z5d_A_A,2.15
98,33.667,ASN, ,ND2,28.37,11.81,0.0,2.49,1.0,<Residue ASN het=  resseq=15 icode= >,4z5d_A_A,2.15
99,0.657,ALA, ,N,18.63,12.93,0.0,4.39,1.0,<Residue ALA het=  resseq=16 icode= >,4z5d_A_A,2.15
100,5.954,ALA, ,CA,19.8,13.92,0.0,2.91,1.0,<Residue ALA het=  resseq=16 icode= >,4z5d_A_A,2.15
101,0.685,ALA, ,C,22.72,13.40,0.685,3.95,1.0,<Residue ALA het=  resseq=16 icode= >,4z5d_A_A,2.15
102,1.628,ALA, ,O,25.85,13.15,0.106,3.16,1.0,<Residue ALA het=  resseq=16 icode= >,4z5d_A_A,2.15
103,29.265,ALA, ,CB,22.59,15.25,8.28,2.41,1.0,<Residue ALA het=  resseq=16 icode= >,4z5d_A_A,2.15
104,0.0,MET, ,N,19.62,12.93,0.0,4.06,1.0,<Residue MET het=  resseq=17 icode= >,4z5d_A_A,2.15
105,0.035,MET, ,CA,18.14,12.29,0.035,3.13,1.0,<Residue MET het=  resseq=17 icode= >,4z5d_A_A,2.15
106,0.913,MET, ,C,18.39,10.79,0.0,4.21,1.0,<Residue MET het=  resseq=17 icode= >,4z5d_A_A,2.15
107,0.114,MET, ,O,19.4,10.25,0.0,3.82,1.0,<Residue MET het=  resseq=17 icode= >,4z5d_A_A,2.15
108,1.073,MET, ,CB,16.21,12.57,0.0,3.69,1.0,<Residue MET het=  resseq=17 icode= >,4z5d_A_A,2.15
109,4.643,MET, ,CG,18.35,13.36,4.643,2.35,1.0,<Residue MET het=  resseq=17 icode= >,4z5d_A_A,2.15
110,0.0,MET, ,SD,21.47,11.84,0.0,8.13,1.0,<Residue MET het=  resseq=17 icode= >,4z5d_A_A,2.15
111,0.0,MET, ,CE,17.24,11.26,0.0,2.19,1.0,<Residue MET het=  resseq=17 icode= >,4z5d_A_A,2.15
112,0.06,LYS, ,N,17.73,10.27,0.0,3.54,1.0,<Residue LYS het=  resseq=18 icode= >,4z5d_A_A,2.15
113,0.0,LYS, ,CA,19.9,8.92,0.0,3.13,1.0,<Residue LYS het=  resseq=18 icode= >,4z5d_A_A,2.15
114,0.0,LYS, ,C,22.32,8.84,0.0,4.00,1.0,<Residue LYS het=  resseq=18 icode= >,4z5d_A_A,2.15
115,0.0,LYS, ,O,21.55,7.93,0.0,4.23,1.0,<Residue LYS het=  resseq=18 icode= >,4z5d_A_A,2.15
116,0.1,LYS, ,CB,19.21,8.32,0.0,3.29,1.0,<Residue LYS het=  resseq=18 icode= >,4z5d_A_A,2.15
117,1.183,LYS, ,CG,25.32,7.34,0.0,2.18,1.0,<Residue LYS het=  resseq=18 icode= >,4z5d_A_A,2.15
118,9.913,LYS, ,CD,23.43,6.32,0.0,2.50,1.0,<Residue LYS het=  resseq=18 icode= >,4z5d_A_A,2.15
119,15.066,LYS, ,CE,33.08,5.70,0.022,1.80,1.0,<Residue LYS het=  resseq=18 icode= >,4z5d_A_A,2.15
120,40.577,LYS, ,NZ,31.61,4.79,6.683,1.72,1.0,<Residue LYS het=  resseq=18 icode= >,4z5d_A_A,2.15
121,0.312,LEU, ,N,19.59,9.98,0.0,3.81,1.0,<Residue LEU het=  resseq=19 icode= >,4z5d_A_A,2.15
122,0.962,LEU, ,CA,24.74,10.36,0.0,2.67,1.0,<Residue LEU het=  resseq=19 icode= >,4z5d_A_A,2.15
123,0.0,LEU, ,C,27.58,10.46,0.0,3.41,1.0,<Residue LEU het=  resseq=19 icode= >,4z5d_A_A,2.15
124,0.0,LEU, ,O,28.55,10.23,0.0,3.58,1.0,<Residue LEU het=  resseq=19 icode= >,4z5d_A_A,2.15
125,4.29,LEU, ,CB,24.04,11.79,0.0,2.69,1.0,<Residue LEU het=  resseq=19 icode= >,4z5d_A_A,2.15
126,0.0,LEU, ,CG,29.88,12.52,0.0,2.24,1.0,<Residue LEU het=  resseq=19 icode= >,4z5d_A_A,2.15
127,35.071,LEU, ,CD1,28.54,11.96,0.0,1.80,1.0,<Residue LEU het=  resseq=19 icode= >,4z5d_A_A,2.15
128,52.852,LEU, ,CD2,29.64,13.97,0.0,1.76,1.0,<Residue LEU het=  resseq=19 icode= >,4z5d_A_A,2.15
129,0.0,VAL, ,N,22.57,11.04,0.0,3.15,1.0,<Residue VAL het=  resseq=20 icode= >,4z5d_A_A,2.15
130,0.0,VAL, ,CA,21.4,11.36,0.0,2.41,1.0,<Residue VAL het=  resseq=20 icode= >,4z5d_A_A,2.15
131,0.0,VAL, ,C,23.28,10.18,0.0,3.79,1.0,<Residue VAL het=  resseq=20 icode= >,4z5d_A_A,2.15
132,0.0,VAL, ,O,24.67,10.31,0.0,3.63,1.0,<Residue VAL het=  resseq=20 icode= >,4z5d_A_A,2.15
133,0.0,VAL, ,CB,22.69,12.38,0.0,2.92,1.0,<Residue VAL het=  resseq=20 icode= >,4z5d_A_A,2.15
134,8.24,VAL, ,CG1,17.06,12.75,0.0,2.64,1.0,<Residue VAL het=  resseq=20 icode= >,4z5d_A_A,2.15
135,18.034,VAL, ,CG2,21.8,13.69,2.964,2.30,1.0,<Residue VAL het=  resseq=20 icode= >,4z5d_A_A,2.15
136,0.0,ARG, ,N,18.81,9.20,0.0,3.75,1.0,<Residue ARG het=  resseq=21 icode= >,4z5d_A_A,2.15
137,0.0,ARG, ,CA,23.62,8.09,0.0,2.74,1.0,<Residue ARG het=  resseq=21 icode= >,4z5d_A_A,2.15
138,0.0,ARG, ,C,25.99,7.44,0.0,3.58,1.0,<Residue ARG het=  resseq=21 icode= >,4z5d_A_A,2.15
139,0.0,ARG, ,O,21.46,7.49,0.0,4.69,1.0,<Residue ARG het=  resseq=21 icode= >,4z5d_A_A,2.15
140,0.638,ARG, ,CB,19.03,7.21,0.0,3.05,1.0,<Residue ARG het=  resseq=21 icode= >,4z5d_A_A,2.15
141,0.0,ARG, ,CG,20.71,6.08,0.0,2.29,1.0,<Residue ARG het=  resseq=21 icode= >,4z5d_A_A,2.15
142,0.24,ARG, ,CD,18.55,5.55,0.0,2.95,1.0,<Residue ARG het=  resseq=21 icode= >,4z5d_A_A,2.15
143,0.0,ARG, ,NE,18.31,4.93,0.0,3.36,1.0,<Residue ARG het=  resseq=21 icode= >,4z5d_A_A,2.15
144,0.0,ARG, ,CZ,22.34,3.72,0.0,4.63,1.0,<Residue ARG het=  resseq=21 icode= >,4z5d_A_A,2.15
145,9.826,ARG, ,NH1,20.29,3.80,6.666,3.31,1.0,<Residue ARG het=  resseq=21 icode= >,4z5d_A_A,2.15
146,15.264,ARG, ,NH2,17.96,2.84,13.709,3.95,1.0,<Residue ARG het=  resseq=21 icode= >,4z5d_A_A,2.15
147,0.0,GLN, ,N,22.22,7.20,0.0,3.46,1.0,<Residue GLN het=  resseq=22 icode= >,4z5d_A_A,2.15
148,3.373,GLN, ,CA,28.32,6.93,0.0,1.94,1.0,<Residue GLN het=  resseq=22 icode= >,4z5d_A_A,2.15
149,1.469,GLN, ,C,30.03,8.18,0.0,3.14,1.0,<Residue GLN het=  resseq=22 icode= >,4z5d_A_A,2.15
150,14.88,GLN, ,O,29.61,8.24,0.0,3.33,1.0,<Residue GLN het=  resseq=22 icode= >,4z5d_A_A,2.15
151,14.166,GLN, ,CB,22.79,6.90,0.0,2.75,1.0,<Residue GLN het=  resseq=22 icode= >,4z5d_A_A,2.15
152,8.611,GLN, ,CG,19.39,5.73,0.073,2.96,1.0,<Residue GLN het=  resseq=22 icode= >,4z5d_A_A,2.15
153,4.364,GLN, ,CD,23.38,6.30,0.0,4.01,1.0,<Residue GLN het=  resseq=22 icode= >,4z5d_A_A,2.15
154,17.624,GLN, ,OE1,29.33,7.52,0.0,2.73,1.0,<Residue GLN het=  resseq=22 icode= >,4z5d_A_A,2.15
155,31.062,GLN, ,NE2,30.25,5.64,0.566,1.84,1.0,<Residue GLN het=  resseq=22 icode= >,4z5d_A_A,2.15
156,0.087,GLN, ,N,27.79,9.34,0.0,3.35,1.0,<Residue GLN het=  resseq=23 icode= >,4z5d_A_A,2.15
157,8.391,GLN, ,CA,29.84,10.60,0.0,2.37,1.0,<Residue GLN het=  resseq=23 icode= >,4z5d_A_A,2.15
158,0.217,GLN, ,C,31.84,10.82,0.0,3.25,1.0,<Residue GLN het=  resseq=23 icode= >,4z5d_A_A,2.15
159,30.389,GLN, ,O,30.7,11.65,0.0,2.56,1.0,<Residue GLN het=  resseq=23 icode= >,4z5d_A_A,2.15
160,9.76,GLN, ,CB,29.98,11.79,0.0,1.85,1.0,<Residue GLN het=  resseq=23 icode= >,4z5d_A_A,2.15
161,18.019,GLN, ,CG,32.84,12.20,0.0,1.47,1.0,<Residue GLN het=  resseq=23 icode= >,4z5d_A_A,2.15
162,4.966,GLN, ,CD,39.34,13.39,0.0,2.32,1.0,<Residue GLN het=  resseq=23 icode= >,4z5d_A_A,2.15
163,21.725,GLN, ,OE1,38.62,13.82,0.0,2.19,1.0,<Residue GLN het=  resseq=23 icode= >,4z5d_A_A,2.15
164,34.115,GLN, ,NE2,40.74,14.08,0.0,1.52,1.0,<Residue GLN het=  resseq=23 icode= >,4z5d_A_A,2.15
165,0.0,ASN, ,N,26.63,10.27,0.0,3.20,1.0,<Residue ASN het=  resseq=24 icode= >,4z5d_A_A,2.15
166,5.599,ASN, ,CA,29.6,10.69,0.0,2.29,1.0,<Residue ASN het=  resseq=24 icode= >,4z5d_A_A,2.15
167,3.694,ASN, ,C,28.48,9.84,0.0,3.41,1.0,<Residue ASN het=  resseq=24 icode= >,4z5d_A_A,2.15
168,18.185,ASN, ,O,31.85,10.27,0.0,2.55,1.0,<Residue ASN het=  resseq=24 icode= >,4z5d_A_A,2.15
169,0.899,ASN, ,CB,28.6,11.09,0.0,2.50,1.0,<Residue ASN het=  resseq=24 icode= >,4z5d_A_A,2.15
170,1.897,ASN, ,CG,32.0,12.42,0.0,2.96,1.0,<Residue ASN het=  resseq=24 icode= >,4z5d_A_A,2.15
171,31.557,ASN, ,OD1,39.51,13.47,0.0,1.88,1.0,<Residue ASN het=  resseq=24 icode= >,4z5d_A_A,2.15
172,16.143,ASN, ,ND2,29.96,12.48,0.0,2.47,1.0,<Residue ASN het=  resseq=24 icode= >,4z5d_A_A,2.15
173,0.889,GLY, ,N,25.67,8.74,0.0,3.44,1.0,<Residue GLY het=  resseq=25 icode= >,4z5d_A_A,2.15
174,32.526,GLY, ,CA,24.38,8.03,0.0,2.48,1.0,<Residue GLY het=  resseq=25 icode= >,4z5d_A_A,2.15
175,2.78,GLY, ,C,30.29,7.35,0.0,3.32,1.0,<Residue GLY het=  resseq=25 icode= >,4z5d_A_A,2.15
176,21.777,GLY, ,O,32.48,6.47,0.0,2.80,1.0,<Residue GLY het=  resseq=25 icode= >,4z5d_A_A,2.15
177,0.0,TRP, ,N,28.02,7.09,0.0,3.07,1.0,<Residue TRP het=  resseq=26 icode= >,4z5d_A_A,2.15
178,0.0,TRP, ,CA,26.09,6.84,0.0,2.69,1.0,<Residue TRP het=  resseq=26 icode= >,4z5d_A_A,2.15
179,0.427,TRP, ,C,23.15,5.37,0.0,4.51,1.0,<Residue TRP het=  resseq=26 icode= >,4z5d_A_A,2.15
180,3.76,TRP, ,O,21.16,4.59,0.125,3.93,1.0,<Residue TRP het=  resseq=26 icode= >,4z5d_A_A,2.15
181,0.0,TRP, ,CB,25.2,7.67,0.0,2.30,1.0,<Residue TRP het=  resseq=26 icode= >,4z5d_A_A,2.15
182,0.06,TRP, ,CG,28.04,9.08,0.0,2.64,1.0,<Residue TRP het=  resseq=26 icode= >,4z5d_A_A,2.15
183,7.323,TRP, ,CD1,30.64,9.36,0.0,2.34,1.0,<Residue TRP het=  resseq=26 icode= >,4z5d_A_A,2.15
184,0.392,TRP, ,CD2,25.15,10.27,0.0,3.12,1.0,<Residue TRP het=  resseq=26 icode= >,4z5d_A_A,2.15
185,24.715,TRP, ,NE1,31.55,10.54,0.0,2.59,1.0,<Residue TRP het=  resseq=26 icode= >,4z5d_A_A,2.15
186,3.067,TRP, ,CE2,29.7,11.36,0.0,2.45,1.0,<Residue TRP het=  resseq=26 icode= >,4z5d_A_A,2.15
187,0.0,TRP, ,CE3,28.27,10.58,0.0,2.38,1.0,<Residue TRP het=  resseq=26 icode= >,4z5d_A_A,2.15
188,27.42,TRP, ,CZ2,28.58,12.68,0.0,2.00,1.0,<Residue TRP het=  resseq=26 icode= >,4z5d_A_A,2.15
189,0.245,TRP, ,CZ3,26.54,11.91,0.0,2.46,1.0,<Residue TRP het=  resseq=26 icode= >,4z5d_A_A,2.15
190,9.617,TRP, ,CH2,27.56,12.89,0.0,2.50,1.0,<Residue TRP het=  resseq=26 icode= >,4z5d_A_A,2.15
191,0.0,THR, ,N,20.33,4.78,0.0,3.63,1.0,<Residue THR het=  resseq=27 icode= >,4z5d_A_A,2.15
192,1.277,THR, ,CA,22.66,3.40,1.277,2.21,1.0,<Residue THR het=  resseq=27 icode= >,4z5d_A_A,2.15
193,0.0,THR, ,C,22.45,3.61,0.0,3.97,1.0,<Residue THR het=  resseq=27 icode= >,4z5d_A_A,2.15
194,0.0,THR, ,O,18.28,4.82,0.0,4.03,1.0,<Residue THR het=  resseq=27 icode= >,4z5d_A_A,2.15
195,9.013,THR, ,CB,23.84,3.35,8.629,3.00,1.0,<Residue THR het=  resseq=27 icode= >,4z5d_A_A,2.15
196,4.825,THR, ,OG1,19.95,4.55,1.396,4.15,1.0,<Residue THR het=  resseq=27 icode= >,4z5d_A_A,2.15
197,57.211,THR, ,CG2,23.38,3.52,43.255,2.07,1.0,<Residue THR het=  resseq=27 icode= >,4z5d_A_A,2.15
198,2.793,GLN, ,N,18.44,2.87,2.793,4.17,1.0,<Residue GLN het=  resseq=28 icode= >,4z5d_A_A,2.15
199,0.0,GLN, ,CA,20.04,3.91,0.0,2.95,1.0,<Residue GLN het=  resseq=28 icode= >,4z5d_A_A,2.15
200,0.0,GLN, ,C,21.73,4.78,0.0,3.53,1.0,<Residue GLN het=  resseq=28 icode= >,4z5d_A_A,2.15
201,0.0,GLN, ,O,18.78,5.99,0.0,3.77,1.0,<Residue GLN het=  resseq=28 icode= >,4z5d_A_A,2.15
202,3.901,GLN, ,CB,15.51,3.82,3.874,3.41,1.0,<Residue GLN het=  resseq=28 icode= >,4z5d_A_A,2.15
203,3.599,GLN, ,CG,14.98,3.86,3.599,2.73,1.0,<Residue GLN het=  resseq=28 icode= >,4z5d_A_A,2.15
204,5.41,GLN, ,CD,18.36,3.56,5.41,4.48,1.0,<Residue GLN het=  resseq=28 icode= >,4z5d_A_A,2.15
205,3.805,GLN, ,OE1,20.17,3.46,3.805,3.58,1.0,<Residue GLN het=  resseq=28 icode= >,4z5d_A_A,2.15
206,14.234,GLN, ,NE2,19.81,2.85,13.923,3.36,1.0,<Residue GLN het=  resseq=28 icode= >,4z5d_A_A,2.15
207,1.26,SER, ,N,19.18,4.47,1.155,3.38,1.0,<Residue SER het=  resseq=29 icode= >,4z5d_A_A,2.15
208,1.166,SER, ,CA,19.93,5.69,0.0,2.18,1.0,<Residue SER het=  resseq=29 icode= >,4z5d_A_A,2.15
209,1.232,SER, ,C,17.26,6.63,0.0,4.44,1.0,<Residue SER het=  resseq=29 icode= >,4z5d_A_A,2.15
210,2.516,SER, ,O,15.95,7.81,0.0,4.16,1.0,<Residue SER het=  resseq=29 icode= >,4z5d_A_A,2.15
211,34.358,SER, ,CB,20.97,4.94,6.623,3.23,1.0,<Residue SER het=  resseq=29 icode= >,4z5d_A_A,2.15
212,27.096,SER, ,OG,32.9,3.90,11.089,2.03,1.0,<Residue SER het=  resseq=29 icode= >,4z5d_A_A,2.15
213,0.174,GLU, ,N,12.96,6.36,0.0,5.18,1.0,<Residue GLU het=  resseq=30 icode= >,4z5d_A_A,2.15
214,2.448,GLU, ,CA,20.44,7.53,0.0,2.75,1.0,<Residue GLU het=  resseq=30 icode= >,4z5d_A_A,2.15
215,0.553,GLU, ,C,18.91,8.31,0.0,4.35,1.0,<Residue GLU het=  resseq=30 icode= >,4z5d_A_A,2.15
216,4.859,GLU, ,O,21.26,9.54,0.0,4.10,1.0,<Residue GLU het=  resseq=30 icode= >,4z5d_A_A,2.15
217,24.354,GLU, ,CB,20.01,7.04,0.0,2.86,1.0,<Residue GLU het=  resseq=30 icode= >,4z5d_A_A,2.15
218,2.937,GLU, ,CG,29.19,7.14,0.0,1.54,1.0,<Residue GLU het=  resseq=30 icode= >,4z5d_A_A,2.15
219,4.521,GLU, ,CD,30.29,6.55,0.0,2.76,1.0,<Residue GLU het=  resseq=30 icode= >,4z5d_A_A,2.15
220,31.696,GLU, ,OE1,41.99,7.09,0.0,1.64,1.0,<Residue GLU het=  resseq=30 icode= >,4z5d_A_A,2.15
221,6.345,GLU, ,OE2,32.15,5.70,0.0,2.16,1.0,<Residue GLU het=  resseq=30 icode= >,4z5d_A_A,2.15
222,0.0,LEU, ,N,15.94,7.71,0.0,4.64,1.0,<Residue LEU het=  resseq=31 icode= >,4z5d_A_A,2.15
223,0.0,LEU, ,CA,17.83,8.66,0.0,3.17,1.0,<Residue LEU het=  resseq=31 icode= >,4z5d_A_A,2.15
224,0.0,LEU, ,C,17.23,9.39,0.0,5.17,1.0,<Residue LEU het=  resseq=31 icode= >,4z5d_A_A,2.15
225,0.0,LEU, ,O,17.27,9.86,0.0,4.28,1.0,<Residue LEU het=  resseq=31 icode= >,4z5d_A_A,2.15
226,0.0,LEU, ,CB,18.29,8.20,0.0,3.03,1.0,<Residue LEU het=  resseq=31 icode= >,4z5d_A_A,2.15
227,0.0,LEU, ,CG,22.98,7.99,0.0,2.64,1.0,<Residue LEU het=  resseq=31 icode= >,4z5d_A_A,2.15
228,1.168,LEU, ,CD1,21.06,8.17,0.0,2.11,1.0,<Residue LEU het=  resseq=31 icode= >,4z5d_A_A,2.15
229,4.304,LEU, ,CD2,21.85,9.18,0.0,1.97,1.0,<Residue LEU het=  resseq=31 icode= >,4z5d_A_A,2.15
230,0.0,ALA, ,N,13.98,8.77,0.0,4.79,1.0,<Residue ALA het=  resseq=32 icode= >,4z5d_A_A,2.15
231,0.0,ALA, ,CA,19.3,8.07,0.0,2.82,1.0,<Residue ALA het=  resseq=32 icode= >,4z5d_A_A,2.15
232,0.108,ALA, ,C,23.0,8.46,0.0,3.45,1.0,<Residue ALA het=  resseq=32 icode= >,4z5d_A_A,2.15
233,0.109,ALA, ,O,21.36,7.65,0.0,3.32,1.0,<Residue ALA het=  resseq=32 icode= >,4z5d_A_A,2.15
234,3.772,ALA, ,CB,16.09,7.51,0.0,3.03,1.0,<Residue ALA het=  resseq=32 icode= >,4z5d_A_A,2.15
235,0.4,LYS, ,N,19.18,9.61,0.0,3.83,1.0,<Residue LYS het=  resseq=33 icode= >,4z5d_A_A,2.15
236,9.243,LYS, ,CA,20.23,9.92,0.0,2.91,1.0,<Residue LYS het=  resseq=33 icode= >,4z5d_A_A,2.15
237,0.0,LYS, ,C,22.17,10.37,0.0,3.79,1.0,<Residue LYS het=  resseq=33 icode= >,4z5d_A_A,2.15
238,14.639,LYS, ,O,16.31,10.34,0.0,4.18,1.0,<Residue LYS het=  resseq=33 icode= >,4z5d_A_A,2.15
239,7.787,LYS, ,CB,25.18,10.30,0.0,2.10,1.0,<Residue LYS het=  resseq=33 icode= >,4z5d_A_A,2.15
240,16.423,LYS, ,CG,31.92,10.92,0.0,1.65,1.0,<Residue LYS het=  resseq=33 icode= >,4z5d_A_A,2.15
241,31.041,LYS, ,CD,43.51,10.00,0.0,0.61,1.0,<Residue LYS het=  resseq=33 icode= >,4z5d_A_A,2.15
242,48.634,LYS, ,CE,50.91,10.94,0.0,0.51,1.0,<Residue LYS het=  resseq=33 icode= >,4z5d_A_A,2.15
243,45.195,LYS, ,NZ,50.29,11.78,0.0,0.57,1.0,<Residue LYS het=  resseq=33 icode= >,4z5d_A_A,2.15
244,0.089,LYS, ,N,20.24,10.88,0.0,3.86,1.0,<Residue LYS het=  resseq=34 icode= >,4z5d_A_A,2.15
245,9.742,LYS, ,CA,22.79,11.49,0.0,3.08,1.0,<Residue LYS het=  resseq=34 icode= >,4z5d_A_A,2.15
246,0.0,LYS, ,C,21.08,10.61,0.0,4.01,1.0,<Residue LYS het=  resseq=34 icode= >,4z5d_A_A,2.15
247,25.923,LYS, ,O,16.69,11.08,0.0,4.58,1.0,<Residue LYS het=  resseq=34 icode= >,4z5d_A_A,2.15
248,6.657,LYS, ,CB,19.84,12.35,0.0,3.45,1.0,<Residue LYS het=  resseq=34 icode= >,4z5d_A_A,2.15
249,15.807,LYS, ,CG,21.75,13.10,0.0,2.97,1.0,<Residue LYS het=  resseq=34 icode= >,4z5d_A_A,2.15
250,14.988,LYS, ,CD,24.8,13.49,0.0,2.54,1.0,<Residue LYS het=  resseq=34 icode= >,4z5d_A_A,2.15
251,22.859,LYS, ,CE,27.69,14.60,0.0,2.21,1.0,<Residue LYS het=  resseq=34 icode= >,4z5d_A_A,2.15
252,22.731,LYS, ,NZ,35.57,15.05,0.0,1.43,1.0,<Residue LYS het=  resseq=34 icode= >,4z5d_A_A,2.15
253,0.0,ILE, ,N,19.04,9.50,0.0,3.61,1.0,<Residue ILE het=  resseq=35 icode= >,4z5d_A_A,2.15
254,5.001,ILE, ,CA,20.78,8.76,0.0,2.34,1.0,<Residue ILE het=  resseq=35 icode= >,4z5d_A_A,2.15
255,4.308,ILE, ,C,18.48,7.51,0.0,4.58,1.0,<Residue ILE het=  resseq=35 icode= >,4z5d_A_A,2.15
256,14.305,ILE, ,O,19.74,6.93,0.0,3.89,1.0,<Residue ILE het=  resseq=35 icode= >,4z5d_A_A,2.15
257,0.86,ILE, ,CB,21.46,8.53,0.0,2.94,1.0,<Residue ILE het=  resseq=35 icode= >,4z5d_A_A,2.15
258,0.0,ILE, ,CG1,20.03,8.18,0.0,2.93,1.0,<Residue ILE het=  resseq=35 icode= >,4z5d_A_A,2.15
259,12.391,ILE, ,CG2,27.45,9.87,0.0,1.72,1.0,<Residue ILE het=  resseq=35 icode= >,4z5d_A_A,2.15
260,0.0,ILE, ,CD1,29.84,7.83,0.0,0.92,1.0,<Residue ILE het=  resseq=35 icode= >,4z5d_A_A,2.15
261,0.399,GLY, ,N,18.65,7.32,0.0,4.21,1.0,<Residue GLY het=  resseq=36 icode= >,4z5d_A_A,2.15
262,30.6,GLY, ,CA,21.03,6.46,0.0,2.23,1.0,<Residue GLY het=  resseq=36 icode= >,4z5d_A_A,2.15
263,3.68,GLY, ,C,24.08,4.96,0.0,3.89,1.0,<Residue GLY het=  resseq=36 icode= >,4z5d_A_A,2.15
264,24.831,GLY, ,O,22.06,4.25,2.373,3.50,1.0,<Residue GLY het=  resseq=36 icode= >,4z5d_A_A,2.15
265,0.0,ILE, ,N,16.56,4.76,0.0,3.42,1.0,<Residue ILE het=  resseq=37 icode= >,4z5d_A_A,2.15
266,7.555,ILE, ,CA,14.51,3.63,4.727,3.14,1.0,<Residue ILE het=  resseq=37 icode= >,4z5d_A_A,2.15
267,4.338,ILE, ,C,17.24,4.06,0.582,3.89,1.0,<Residue ILE het=  resseq=37 icode= >,4z5d_A_A,2.15
268,9.012,ILE, ,O,17.12,5.23,0.0,3.94,1.0,<Residue ILE het=  resseq=37 icode= >,4z5d_A_A,2.15
269,3.632,ILE, ,CB,16.86,3.47,3.632,3.34,1.0,<Residue ILE het=  resseq=37 icode= >,4z5d_A_A,2.15
270,0.0,ILE, ,CG1,17.52,4.79,0.0,2.57,1.0,<Residue ILE het=  resseq=37 icode= >,4z5d_A_A,2.15
271,12.979,ILE, ,CG2,22.55,3.47,9.427,1.39,1.0,<Residue ILE het=  resseq=37 icode= >,4z5d_A_A,2.15
272,0.0,ILE, ,CD1,15.58,5.27,0.0,2.76,1.0,<Residue ILE het=  resseq=37 icode= >,4z5d_A_A,2.15
273,2.21,LYS, ,N,15.02,3.12,2.126,3.70,1.0,<Residue LYS het=  resseq=38 icode= >,4z5d_A_A,2.15
274,5.611,LYS, ,CA,18.05,3.91,0.0,2.80,1.0,<Residue LYS het=  resseq=38 icode= >,4z5d_A_A,2.15
275,0.0,LYS, ,C,17.06,4.81,0.0,4.57,1.0,<Residue LYS het=  resseq=38 icode= >,4z5d_A_A,2.15
276,0.0,LYS, ,O,14.61,4.66,0.0,5.02,1.0,<Residue LYS het=  resseq=38 icode= >,4z5d_A_A,2.15
277,0.328,LYS, ,CB,16.0,3.54,0.0,3.23,1.0,<Residue LYS het=  resseq=38 icode= >,4z5d_A_A,2.15
278,28.888,LYS, ,CG,20.39,3.62,23.9,2.75,1.0,<Residue LYS het=  resseq=38 icode= >,4z5d_A_A,2.15
279,32.439,LYS, ,CD,18.82,3.51,32.439,2.87,1.0,<Residue LYS het=  resseq=38 icode= >,4z5d_A_A,2.15
280,26.162,LYS, ,CE,20.13,3.39,17.966,2.98,1.0,<Residue LYS het=  resseq=38 icode= >,4z5d_A_A,2.15
281,41.87,LYS, ,NZ,15.67,2.76,40.822,3.56,1.0,<Residue LYS het=  resseq=38 icode= >,4z5d_A_A,2.15
282,5.913,GLN, ,N,18.51,6.06,0.0,4.05,1.0,<Residue GLN het=  resseq=39 icode= >,4z5d_A_A,2.15
283,0.0,GLN, ,CA,16.18,6.75,0.0,3.48,1.0,<Residue GLN het=  resseq=39 icode= >,4z5d_A_A,2.15
284,0.0,GLN, ,C,15.66,5.91,0.0,4.10,1.0,<Residue GLN het=  resseq=39 icode= >,4z5d_A_A,2.15
285,0.0,GLN, ,O,17.46,5.84,0.0,4.68,1.0,<Residue GLN het=  resseq=39 icode= >,4z5d_A_A,2.15
286,15.86,GLN, ,CB,19.06,5.36,0.0,2.55,1.0,<Residue GLN het=  resseq=39 icode= >,4z5d_A_A,2.15
287,3.932,GLN, ,CG,17.4,4.26,3.784,2.39,1.0,<Residue GLN het=  resseq=39 icode= >,4z5d_A_A,2.15
288,5.294,GLN, ,CD,18.65,3.90,5.294,4.92,1.0,<Residue GLN het=  resseq=39 icode= >,4z5d_A_A,2.15
289,31.057,GLN, ,OE1,21.92,3.17,24.76,3.63,1.0,<Residue GLN het=  resseq=39 icode= >,4z5d_A_A,2.15
290,23.298,GLN, ,NE2,17.66,3.19,23.298,3.53,1.0,<Residue GLN het=  resseq=39 icode= >,4z5d_A_A,2.15
291,1.216,ALA, ,N,14.15,4.92,0.0,3.90,1.0,<Residue ALA het=  resseq=40 icode= >,4z5d_A_A,2.15
292,2.064,ALA, ,CA,15.95,4.18,2.064,3.07,1.0,<Residue ALA het=  resseq=40 icode= >,4z5d_A_A,2.15
293,1.314,ALA, ,C,18.49,4.89,0.0,4.10,1.0,<Residue ALA het=  resseq=40 icode= >,4z5d_A_A,2.15
294,2.917,ALA, ,O,18.18,4.56,1.652,4.50,1.0,<Residue ALA het=  resseq=40 icode= >,4z5d_A_A,2.15
295,42.776,ALA, ,CB,15.79,3.43,33.545,2.49,1.0,<Residue ALA het=  resseq=40 icode= >,4z5d_A_A,2.15
296,0.339,THR, ,N,19.98,5.08,0.0,3.12,1.0,<Residue THR het=  resseq=41 icode= >,4z5d_A_A,2.15
297,4.029,THR, ,CA,13.83,4.82,0.354,3.25,1.0,<Residue THR het=  resseq=41 icode= >,4z5d_A_A,2.15
298,0.0,THR, ,C,15.34,5.62,0.0,4.40,1.0,<Residue THR het=  resseq=41 icode= >,4z5d_A_A,2.15
299,0.811,THR, ,O,14.14,5.02,0.539,5.03,1.0,<Residue THR het=  resseq=41 icode= >,4z5d_A_A,2.15
300,0.0,THR, ,CB,17.16,3.47,0.0,3.47,1.0,<Residue THR het=  resseq=41 icode= >,4z5d_A_A,2.15
301,18.236,THR, ,OG1,16.36,2.56,15.834,3.60,1.0,<Residue THR het=  resseq=41 icode= >,4z5d_A_A,2.15
302,21.257,THR, ,CG2,14.52,3.96,20.717,2.56,1.0,<Residue THR het=  resseq=41 icode= >,4z5d_A_A,2.15
303,0.0,ILE, ,N,12.35,6.39,0.0,4.52,1.0,<Residue ILE het=  resseq=42 icode= >,4z5d_A_A,2.15
304,0.0,ILE, ,CA,11.68,7.11,0.0,4.07,1.0,<Residue ILE het=  resseq=42 icode= >,4z5d_A_A,2.15
305,0.0,ILE, ,C,16.03,5.79,0.0,4.44,1.0,<Residue ILE het=  resseq=42 icode= >,4z5d_A_A,2.15
306,0.0,ILE, ,O,16.03,5.82,0.0,5.39,1.0,<Residue ILE het=  resseq=42 icode= >,4z5d_A_A,2.15
307,0.0,ILE, ,CB,15.85,7.24,0.0,3.38,1.0,<Residue ILE het=  resseq=42 icode= >,4z5d_A_A,2.15
308,0.0,ILE, ,CG1,17.68,7.57,0.0,2.09,1.0,<Residue ILE het=  resseq=42 icode= >,4z5d_A_A,2.15
309,1.049,ILE, ,CG2,16.82,6.91,0.0,2.51,1.0,<Residue ILE het=  resseq=42 icode= >,4z5d_A_A,2.15
310,0.0,ILE, ,CD1,17.69,8.33,0.0,2.07,1.0,<Residue ILE het=  resseq=42 icode= >,4z5d_A_A,2.15
311,0.0,SER, ,N,15.47,4.94,0.0,4.21,1.0,<Residue SER het=  resseq=43 icode= >,4z5d_A_A,2.15
312,0.0,SER, ,CA,16.09,3.79,0.0,2.95,1.0,<Residue SER het=  resseq=43 icode= >,4z5d_A_A,2.15
313,0.316,SER, ,C,17.5,4.57,0.0,5.01,1.0,<Residue SER het=  resseq=43 icode= >,4z5d_A_A,2.15
314,0.055,SER, ,O,16.2,4.48,0.0,6.13,1.0,<Residue SER het=  resseq=43 icode= >,4z5d_A_A,2.15
315,6.562,SER, ,CB,16.56,3.26,6.562,2.92,1.0,<Residue SER het=  resseq=43 icode= >,4z5d_A_A,2.15
316,24.816,SER, ,OG,18.88,2.74,22.805,4.44,1.0,<Residue SER het=  resseq=43 icode= >,4z5d_A_A,2.15
317,0.862,ASN, ,N,16.65,5.63,0.576,4.35,1.0,<Residue ASN het=  resseq=44 icode= >,4z5d_A_A,2.15
318,5.923,ASN, ,CA,19.08,6.16,0.0,3.51,1.0,<Residue ASN het=  resseq=44 icode= >,4z5d_A_A,2.15
319,0.0,ASN, ,C,18.82,6.05,0.0,4.19,1.0,<Residue ASN het=  resseq=44 icode= >,4z5d_A_A,2.15
320,0.0,ASN, ,O,19.54,5.88,0.0,4.52,1.0,<Residue ASN het=  resseq=44 icode= >,4z5d_A_A,2.15
321,16.695,ASN, ,CB,16.38,5.03,1.354,3.27,1.0,<Residue ASN het=  resseq=44 icode= >,4z5d_A_A,2.15
322,5.492,ASN, ,CG,31.4,3.95,1.615,2.63,1.0,<Residue ASN het=  resseq=44 icode= >,4z5d_A_A,2.15
323,25.651,ASN, ,OD1,28.51,3.98,6.168,3.10,1.0,<Residue ASN het=  resseq=44 icode= >,4z5d_A_A,2.15
324,29.629,ASN, ,ND2,22.26,3.08,28.269,2.94,1.0,<Residue ASN het=  resseq=44 icode= >,4z5d_A_A,2.15
325,0.248,PHE, ,N,15.19,5.79,0.026,4.00,1.0,<Residue PHE het=  resseq=45 icode= >,4z5d_A_A,2.15
326,0.0,PHE, ,CA,16.46,6.21,0.0,3.09,1.0,<Residue PHE het=  resseq=45 icode= >,4z5d_A_A,2.15
327,0.0,PHE, ,C,17.15,7.70,0.0,4.45,1.0,<Residue PHE het=  resseq=45 icode= >,4z5d_A_A,2.15
328,0.0,PHE, ,O,18.22,8.17,0.0,4.23,1.0,<Residue PHE het=  resseq=45 icode= >,4z5d_A_A,2.15
329,0.336,PHE, ,CB,13.12,6.24,0.0,3.31,1.0,<Residue PHE het=  resseq=45 icode= >,4z5d_A_A,2.15
330,0.0,PHE, ,CG,17.81,7.31,0.0,3.37,1.0,<Residue PHE het=  resseq=45 icode= >,4z5d_A_A,2.15
331,0.0,PHE, ,CD1,15.28,7.09,0.0,3.03,1.0,<Residue PHE het=  resseq=45 icode= >,4z5d_A_A,2.15
332,0.248,PHE, ,CD2,13.36,8.47,0.0,3.25,1.0,<Residue PHE het=  resseq=45 icode= >,4z5d_A_A,2.15
333,3.133,PHE, ,CE1,18.24,8.05,3.133,2.78,1.0,<Residue PHE het=  resseq=45 icode= >,4z5d_A_A,2.15
334,0.548,PHE, ,CE2,16.29,9.29,0.0,2.92,1.0,<Residue PHE het=  resseq=45 icode= >,4z5d_A_A,2.15
335,0.0,PHE, ,CZ,18.79,9.10,0.0,2.84,1.0,<Residue PHE het=  resseq=45 icode= >,4z5d_A_A,2.15
336,0.0,GLU, ,N,15.23,6.79,0.0,5.52,1.0,<Residue GLU het=  resseq=46 icode= >,4z5d_A_A,2.15
337,0.0,GLU, ,CA,19.69,6.62,0.0,2.95,1.0,<Residue GLU het=  resseq=46 icode= >,4z5d_A_A,2.15
338,0.144,GLU, ,C,16.71,6.54,0.0,5.48,1.0,<Residue GLU het=  resseq=46 icode= >,4z5d_A_A,2.15
339,8.23,GLU, ,O,19.79,7.01,0.0,3.84,1.0,<Residue GLU het=  resseq=46 icode= >,4z5d_A_A,2.15
340,0.649,GLU, ,CB,19.69,5.59,0.075,3.34,1.0,<Residue GLU het=  resseq=46 icode= >,4z5d_A_A,2.15
341,1.488,GLU, ,CG,21.11,6.26,0.0,2.16,1.0,<Residue GLU het=  resseq=46 icode= >,4z5d_A_A,2.15
342,0.0,GLU, ,CD,26.43,5.93,0.0,3.94,1.0,<Residue GLU het=  resseq=46 icode= >,4z5d_A_A,2.15
343,1.261,GLU, ,OE1,26.33,4.92,0.438,3.06,1.0,<Residue GLU het=  resseq=46 icode= >,4z5d_A_A,2.15
344,3.525,GLU, ,OE2,26.48,6.93,0.0,2.60,1.0,<Residue GLU het=  resseq=46 icode= >,4z5d_A_A,2.15
345,0.0,ASN, ,N,14.98,6.11,0.0,4.33,1.0,<Residue ASN het=  resseq=47 icode= >,4z5d_A_A,2.15
346,4.121,ASN, ,CA,22.19,6.20,0.0,2.48,1.0,<Residue ASN het=  resseq=47 icode= >,4z5d_A_A,2.15
347,0.04,ASN, ,C,24.67,7.45,0.0,3.78,1.0,<Residue ASN het=  resseq=47 icode= >,4z5d_A_A,2.15
348,23.896,ASN, ,O,24.11,7.80,0.0,3.85,1.0,<Residue ASN het=  resseq=47 icode= >,4z5d_A_A,2.15
349,23.079,ASN, ,CB,19.16,5.29,3.529,2.82,1.0,<Residue ASN het=  resseq=47 icode= >,4z5d_A_A,2.15
350,5.755,ASN, ,CG,24.82,3.82,1.537,4.10,1.0,<Residue ASN het=  resseq=47 icode= >,4z5d_A_A,2.15
351,28.638,ASN, ,OD1,29.61,3.69,4.269,2.81,1.0,<Residue ASN het=  resseq=47 icode= >,4z5d_A_A,2.15
352,22.506,ASN, ,ND2,22.21,3.12,21.418,3.35,1.0,<Residue ASN het=  resseq=47 icode= >,4z5d_A_A,2.15
353,0.0,ASN, ,N,19.58,6.88,0.0,3.56,1.0,<Residue ASN het=  resseq=48 icode= >,4z5d_A_A,2.15
354,0.365,ASN, ,CA,20.64,5.93,0.0,3.76,1.0,<Residue ASN het=  resseq=48 icode= >,4z5d_A_A,2.15
355,0.0,ASN, ,C,21.24,5.29,0.0,4.17,1.0,<Residue ASN het=  resseq=48 icode= >,4z5d_A_A,2.15
356,1.554,ASN, ,O,18.2,4.13,1.554,4.92,1.0,<Residue ASN het=  resseq=48 icode= >,4z5d_A_A,2.15
357,6.911,ASN, ,CB,21.83,5.16,0.256,2.68,1.0,<Residue ASN het=  resseq=48 icode= >,4z5d_A_A,2.15
358,7.524,ASN, ,CG,42.25,5.49,0.0,1.14,1.0,<Residue ASN het=  resseq=48 icode= >,4z5d_A_A,2.15
359,35.347,ASN, ,OD1,54.13,6.62,0.0,0.33,1.0,<Residue ASN het=  resseq=48 icode= >,4z5d_A_A,2.15
360,32.948,ASN, ,ND2,35.67,4.85,4.207,1.78,1.0,<Residue ASN het=  resseq=48 icode= >,4z5d_A_A,2.15
361,0.0,PRO, ,N,17.65,6.28,0.0,4.76,1.0,<Residue PRO het=  resseq=49 icode= >,4z5d_A_A,2.15
362,0.0,PRO, ,CA,16.32,6.34,0.0,3.25,1.0,<Residue PRO het=  resseq=49 icode= >,4z5d_A_A,2.15
363,0.0,PRO, ,C,20.78,6.03,0.0,4.37,1.0,<Residue PRO het=  resseq=49 icode= >,4z5d_A_A,2.15
364,4.8,PRO, ,O,17.98,6.28,4.8,4.35,1.0,<Residue PRO het=  resseq=49 icode= >,4z5d_A_A,2.15
365,0.546,PRO, ,CB,14.37,7.85,0.546,3.32,1.0,<Residue PRO het=  resseq=49 icode= >,4z5d_A_A,2.15
366,0.0,PRO, ,CG,17.06,8.42,0.0,3.24,1.0,<Residue PRO het=  resseq=49 icode= >,4z5d_A_A,2.15
367,6.979,PRO, ,CD,21.24,7.65,0.0,2.56,1.0,<Residue PRO het=  resseq=49 icode= >,4z5d_A_A,2.15
368,0.0,ASP, ,N,16.99,5.91,0.0,4.30,1.0,<Residue ASP het=  resseq=50 icode= >,4z5d_A_A,2.15
369,0.05,ASP, ,CA,22.01,6.40,0.05,2.94,1.0,<Residue ASP het=  resseq=50 icode= >,4z5d_A_A,2.15
370,0.046,ASP, ,C,19.57,5.86,0.046,4.40,1.0,<Residue ASP het=  resseq=50 icode= >,4z5d_A_A,2.15
371,24.467,ASP, ,O,19.54,6.78,24.467,3.75,1.0,<Residue ASP het=  resseq=50 icode= >,4z5d_A_A,2.15
372,11.628,ASP, ,CB,23.1,6.69,4.873,2.47,1.0,<Residue ASP het=  resseq=50 icode= >,4z5d_A_A,2.15
373,11.507,ASP, ,CG,24.77,8.01,4.965,4.75,1.0,<Residue ASP het=  resseq=50 icode= >,4z5d_A_A,2.15
374,4.684,ASP, ,OD1,20.74,8.67,0.002,4.25,1.0,<Residue ASP het=  resseq=50 icode= >,4z5d_A_A,2.15
375,41.007,ASP, ,OD2,33.93,8.53,0.0,1.70,1.0,<Residue ASP het=  resseq=50 icode= >,4z5d_A_A,2.15
376,0.211,ASN, ,N,18.16,4.60,0.211,4.26,1.0,<Residue ASN het=  resseq=51 icode= >,4z5d_A_A,2.15
377,5.807,ASN, ,CA,17.09,4.41,5.807,3.49,1.0,<Residue ASN het=  resseq=51 icode= >,4z5d_A_A,2.15
378,3.428,ASN, ,C,17.76,3.83,3.428,4.56,1.0,<Residue ASN het=  resseq=51 icode= >,4z5d_A_A,2.15
379,19.638,ASN, ,O,20.54,3.25,18.541,4.07,1.0,<Residue ASN het=  resseq=51 icode= >,4z5d_A_A,2.15
380,30.137,ASN, ,CB,21.11,3.50,27.176,2.58,1.0,<Residue ASN het=  resseq=51 icode= >,4z5d_A_A,2.15
381,5.428,ASN, ,CG,24.39,4.00,5.01,3.91,1.0,<Residue ASN het=  resseq=51 icode= >,4z5d_A_A,2.15
382,36.218,ASN, ,OD1,23.83,4.74,10.879,3.52,1.0,<Residue ASN het=  resseq=51 icode= >,4z5d_A_A,2.15
383,36.592,ASN, ,ND2,24.19,3.77,19.669,2.73,1.0,<Residue ASN het=  resseq=51 icode= >,4z5d_A_A,2.15
384,0.122,THR, ,N,16.69,4.55,0.122,3.98,1.0,<Residue THR het=  resseq=52 icode= >,4z5d_A_A,2.15
385,7.323,THR, ,CA,15.57,3.94,7.323,3.07,1.0,<Residue THR het=  resseq=52 icode= >,4z5d_A_A,2.15
386,0.036,THR, ,C,15.9,4.01,0.036,4.10,1.0,<Residue THR het=  resseq=52 icode= >,4z5d_A_A,2.15
387,18.486,THR, ,O,15.52,5.17,18.486,4.19,1.0,<Residue THR het=  resseq=52 icode= >,4z5d_A_A,2.15
388,1.276,THR, ,CB,16.5,4.39,1.276,4.04,1.0,<Residue THR het=  resseq=52 icode= >,4z5d_A_A,2.15
389,1.261,THR, ,OG1,22.38,4.35,1.154,3.20,1.0,<Residue THR het=  resseq=52 icode= >,4z5d_A_A,2.15
390,3.715,THR, ,CG2,17.55,3.87,3.55,2.18,1.0,<Residue THR het=  resseq=52 icode= >,4z5d_A_A,2.15
391,2.05,THR, ,N,13.37,3.14,2.05,4.80,1.0,<Residue THR het=  resseq=53 icode= >,4z5d_A_A,2.15
392,5.444,THR, ,CA,15.4,3.97,5.444,2.84,1.0,<Residue THR het=  resseq=53 icode= >,4z5d_A_A,2.15
393,0.2,THR, ,C,14.84,4.77,0.2,5.15,1.0,<Residue THR het=  resseq=53 icode= >,4z5d_A_A,2.15
394,0.266,THR, ,O,11.46,4.58,0.266,4.78,1.0,<Residue THR het=  resseq=53 icode= >,4z5d_A_A,2.15
395,6.784,THR, ,CB,11.99,3.78,6.335,4.87,1.0,<Residue THR het=  resseq=53 icode= >,4z5d_A_A,2.15
396,4.94,THR, ,OG1,16.52,3.02,3.844,4.34,1.0,<Residue THR het=  resseq=53 icode= >,4z5d_A_A,2.15
397,62.498,THR, ,CG2,17.57,3.77,52.74,2.59,1.0,<Residue THR het=  resseq=53 icode= >,4z5d_A_A,2.15
398,4.74,LEU, ,N,12.55,5.99,4.74,4.56,1.0,<Residue LEU het=  resseq=54 icode= >,4z5d_A_A,2.15
399,0.0,LEU, ,CA,11.04,7.03,0.0,4.24,1.0,<Residue LEU het=  resseq=54 icode= >,4z5d_A_A,2.15
400,0.471,LEU, ,C,13.11,6.91,0.471,5.44,1.0,<Residue LEU het=  resseq=54 icode= >,4z5d_A_A,2.15
401,0.0,LEU, ,O,13.56,7.49,0.0,5.36,1.0,<Residue LEU het=  resseq=54 icode= >,4z5d_A_A,2.15
402,15.781,LEU, ,CB,12.44,8.38,15.781,2.89,1.0,<Residue LEU het=  resseq=54 icode= >,4z5d_A_A,2.15
403,9.917,LEU, ,CG,13.4,7.70,9.917,3.39,1.0,<Residue LEU het=  resseq=54 icode= >,4z5d_A_A,2.15
404,63.943,LEU, ,CD1,10.32,7.82,63.943,3.35,1.0,<Residue LEU het=  resseq=54 icode= >,4z5d_A_A,2.15
405,38.61,LEU, ,CD2,14.3,8.25,38.61,2.77,1.0,<Residue LEU het=  resseq=54 icode= >,4z5d_A_A,2.15
406,1.619,THR, ,N,10.32,6.47,1.619,5.06,1.0,<Residue THR het=  resseq=55 icode= >,4z5d_A_A,2.15
407,6.608,THR, ,CA,14.23,6.75,5.927,3.29,1.0,<Residue THR het=  resseq=55 icode= >,4z5d_A_A,2.15
408,0.0,THR, ,C,14.57,6.16,0.0,4.81,1.0,<Residue THR het=  resseq=55 icode= >,4z5d_A_A,2.15
409,0.393,THR, ,O,14.54,7.03,0.0,5.16,1.0,<Residue THR het=  resseq=55 icode= >,4z5d_A_A,2.15
410,6.38,THR, ,CB,15.46,6.70,2.44,3.82,1.0,<Residue THR het=  resseq=55 icode= >,4z5d_A_A,2.15
411,35.556,THR, ,OG1,19.69,7.72,32.943,3.83,1.0,<Residue THR het=  resseq=55 icode= >,4z5d_A_A,2.15
412,37.016,THR, ,CG2,17.58,6.96,0.0,2.47,1.0,<Residue THR het=  resseq=55 icode= >,4z5d_A_A,2.15
413,0.0,THR, ,N,14.48,4.89,0.0,4.21,1.0,<Residue THR het=  resseq=56 icode= >,4z5d_A_A,2.15
414,0.556,THR, ,CA,15.28,4.65,0.0,2.67,1.0,<Residue THR het=  resseq=56 icode= >,4z5d_A_A,2.15
415,0.0,THR, ,C,13.91,5.67,0.0,5.24,1.0,<Residue THR het=  resseq=56 icode= >,4z5d_A_A,2.15
416,0.0,THR, ,O,12.53,6.50,0.0,6.24,1.0,<Residue THR het=  resseq=56 icode= >,4z5d_A_A,2.15
417,0.172,THR, ,CB,15.01,3.28,0.172,4.35,1.0,<Residue THR het=  resseq=56 icode= >,4z5d_A_A,2.15
418,18.615,THR, ,OG1,16.65,2.64,13.266,4.14,1.0,<Residue THR het=  resseq=56 icode= >,4z5d_A_A,2.15
419,0.723,THR, ,CG2,15.99,3.88,0.675,2.61,1.0,<Residue THR het=  resseq=56 icode= >,4z5d_A_A,2.15
420,0.0,PHE, ,N,12.25,5.91,0.0,4.76,1.0,<Residue PHE het=  resseq=57 icode= >,4z5d_A_A,2.15
421,0.0,PHE, ,CA,12.48,7.10,0.0,3.70,1.0,<Residue PHE het=  resseq=57 icode= >,4z5d_A_A,2.15
422,0.0,PHE, ,C,15.75,8.31,0.0,4.44,1.0,<Residue PHE het=  resseq=57 icode= >,4z5d_A_A,2.15
423,0.0,PHE, ,O,14.36,9.11,0.0,5.21,1.0,<Residue PHE het=  resseq=57 icode= >,4z5d_A_A,2.15
424,5.078,PHE, ,CB,15.56,7.49,5.078,3.02,1.0,<Residue PHE het=  resseq=57 icode= >,4z5d_A_A,2.15
425,0.038,PHE, ,CG,16.63,8.99,0.038,3.76,1.0,<Residue PHE het=  resseq=57 icode= >,4z5d_A_A,2.15
426,0.0,PHE, ,CD1,17.82,9.74,0.0,3.27,1.0,<Residue PHE het=  resseq=57 icode= >,4z5d_A_A,2.15
427,1.446,PHE, ,CD2,19.87,9.77,1.446,2.47,1.0,<Residue PHE het=  resseq=57 icode= >,4z5d_A_A,2.15
428,0.0,PHE, ,CE1,20.05,11.10,0.0,3.08,1.0,<Residue PHE het=  resseq=57 icode= >,4z5d_A_A,2.15
429,8.384,PHE, ,CE2,18.91,11.13,8.384,3.00,1.0,<Residue PHE het=  resseq=57 icode= >,4z5d_A_A,2.15
430,4.855,PHE, ,CZ,20.27,11.74,4.855,3.38,1.0,<Residue PHE het=  resseq=57 icode= >,4z5d_A_A,2.15
431,0.0,PHE, ,N,12.05,8.58,0.0,5.35,1.0,<Residue PHE het=  resseq=58 icode= >,4z5d_A_A,2.15
432,0.0,PHE, ,CA,15.91,9.81,0.0,3.12,1.0,<Residue PHE het=  resseq=58 icode= >,4z5d_A_A,2.15
433,1.639,PHE, ,C,18.33,10.02,0.0,4.35,1.0,<Residue PHE het=  resseq=58 icode= >,4z5d_A_A,2.15
434,3.107,PHE, ,O,19.52,11.12,0.0,4.40,1.0,<Residue PHE het=  resseq=58 icode= >,4z5d_A_A,2.15
435,18.208,PHE, ,CB,15.25,10.33,10.956,3.34,1.0,<Residue PHE het=  resseq=58 icode= >,4z5d_A_A,2.15
436,2.254,PHE, ,CG,15.71,11.13,2.254,3.82,1.0,<Residue PHE het=  resseq=58 icode= >,4z5d_A_A,2.15
437,17.418,PHE, ,CD1,14.9,12.41,14.66,3.47,1.0,<Residue PHE het=  resseq=58 icode= >,4z5d_A_A,2.15
438,7.14,PHE, ,CD2,15.34,10.74,7.14,3.54,1.0,<Residue PHE het=  resseq=58 icode= >,4z5d_A_A,2.15
439,19.329,PHE, ,CE1,18.0,13.25,19.329,3.58,1.0,<Residue PHE het=  resseq=58 icode= >,4z5d_A_A,2.15
440,15.809,PHE, ,CE2,19.37,11.69,15.809,2.76,1.0,<Residue PHE het=  resseq=58 icode= >,4z5d_A_A,2.15
441,17.386,PHE, ,CZ,18.86,12.91,17.386,2.80,1.0,<Residue PHE het=  resseq=58 icode= >,4z5d_A_A,2.15
442,0.162,LYS, ,N,14.04,9.11,0.0,5.04,1.0,<Residue LYS het=  resseq=59 icode= >,4z5d_A_A,2.15
443,0.803,LYS, ,CA,17.19,9.13,0.0,3.08,1.0,<Residue LYS het=  resseq=59 icode= >,4z5d_A_A,2.15
444,0.0,LYS, ,C,17.84,9.65,0.0,3.92,1.0,<Residue LYS het=  resseq=59 icode= >,4z5d_A_A,2.15
445,0.0,LYS, ,O,16.43,10.25,0.0,5.65,1.0,<Residue LYS het=  resseq=59 icode= >,4z5d_A_A,2.15
446,0.0,LYS, ,CB,15.94,7.62,0.0,3.20,1.0,<Residue LYS het=  resseq=59 icode= >,4z5d_A_A,2.15
447,15.156,LYS, ,CG,16.46,7.30,0.0,3.63,1.0,<Residue LYS het=  resseq=59 icode= >,4z5d_A_A,2.15
448,1.644,LYS, ,CD,19.18,5.85,0.0,3.02,1.0,<Residue LYS het=  resseq=59 icode= >,4z5d_A_A,2.15
449,26.549,LYS, ,CE,25.4,5.84,0.0,2.79,1.0,<Residue LYS het=  resseq=59 icode= >,4z5d_A_A,2.15
450,32.216,LYS, ,NZ,27.29,5.12,1.389,1.99,1.0,<Residue LYS het=  resseq=59 icode= >,4z5d_A_A,2.15
451,0.0,ILE, ,N,15.96,9.28,0.0,3.93,1.0,<Residue ILE het=  resseq=60 icode= >,4z5d_A_A,2.15
452,0.0,ILE, ,CA,18.49,9.95,0.0,2.44,1.0,<Residue ILE het=  resseq=60 icode= >,4z5d_A_A,2.15
453,0.0,ILE, ,C,15.64,11.24,0.0,5.02,1.0,<Residue ILE het=  resseq=60 icode= >,4z5d_A_A,2.15
454,0.0,ILE, ,O,16.25,12.25,0.0,4.84,1.0,<Residue ILE het=  resseq=60 icode= >,4z5d_A_A,2.15
455,0.0,ILE, ,CB,16.46,9.17,0.0,2.93,1.0,<Residue ILE het=  resseq=60 icode= >,4z5d_A_A,2.15
456,0.0,ILE, ,CG1,14.9,8.09,0.0,3.83,1.0,<Residue ILE het=  resseq=60 icode= >,4z5d_A_A,2.15
457,3.581,ILE, ,CG2,16.42,10.25,0.0,2.44,1.0,<Residue ILE het=  resseq=60 icode= >,4z5d_A_A,2.15
458,0.0,ILE, ,CD1,16.11,7.43,0.0,2.29,1.0,<Residue ILE het=  resseq=60 icode= >,4z5d_A_A,2.15
459,0.0,LEU, ,N,14.65,11.34,0.0,4.30,1.0,<Residue LEU het=  resseq=61 icode= >,4z5d_A_A,2.15
460,0.0,LEU, ,CA,17.54,12.66,0.0,3.07,1.0,<Residue LEU het=  resseq=61 icode= >,4z5d_A_A,2.15
461,0.0,LEU, ,C,20.37,13.65,0.0,4.30,1.0,<Residue LEU het=  resseq=61 icode= >,4z5d_A_A,2.15
462,0.0,LEU, ,O,19.57,14.73,0.0,5.03,1.0,<Residue LEU het=  resseq=61 icode= >,4z5d_A_A,2.15
463,1.704,LEU, ,CB,17.9,12.73,0.0,3.05,1.0,<Residue LEU het=  resseq=61 icode= >,4z5d_A_A,2.15
464,0.0,LEU, ,CG,26.15,12.62,0.0,2.39,1.0,<Residue LEU het=  resseq=61 icode= >,4z5d_A_A,2.15
465,1.056,LEU, ,CD1,21.88,12.97,0.183,1.80,1.0,<Residue LEU het=  resseq=61 icode= >,4z5d_A_A,2.15
466,6.472,LEU, ,CD2,16.8,13.66,6.472,2.64,1.0,<Residue LEU het=  resseq=61 icode= >,4z5d_A_A,2.15
467,0.347,GLN, ,N,17.63,13.36,0.0,4.63,1.0,<Residue GLN het=  resseq=62 icode= >,4z5d_A_A,2.15
468,3.398,GLN, ,CA,20.09,13.74,1.172,2.96,1.0,<Residue GLN het=  resseq=62 icode= >,4z5d_A_A,2.15
469,0.0,GLN, ,C,19.45,13.69,0.0,4.49,1.0,<Residue GLN het=  resseq=62 icode= >,4z5d_A_A,2.15
470,3.693,GLN, ,O,20.7,14.64,0.0,4.06,1.0,<Residue GLN het=  resseq=62 icode= >,4z5d_A_A,2.15
471,5.94,GLN, ,CB,23.03,13.01,0.0,2.21,1.0,<Residue GLN het=  resseq=62 icode= >,4z5d_A_A,2.15
472,19.289,GLN, ,CG,25.08,13.63,0.0,1.64,1.0,<Residue GLN het=  resseq=62 icode= >,4z5d_A_A,2.15
473,8.074,GLN, ,CD,28.97,13.37,0.0,3.30,1.0,<Residue GLN het=  resseq=62 icode= >,4z5d_A_A,2.15
474,26.082,GLN, ,OE1,26.35,12.35,0.0,3.79,1.0,<Residue GLN het=  resseq=62 icode= >,4z5d_A_A,2.15
475,58.356,GLN, ,NE2,26.23,14.42,0.0,2.31,1.0,<Residue GLN het=  resseq=62 icode= >,4z5d_A_A,2.15
476,0.0,SER, ,N,17.4,12.70,0.0,4.25,1.0,<Residue SER het=  resseq=63 icode= >,4z5d_A_A,2.15
477,0.0,SER, ,CA,19.36,12.76,0.0,3.03,1.0,<Residue SER het=  resseq=63 icode= >,4z5d_A_A,2.15
478,0.0,SER, ,C,18.44,13.18,0.0,4.70,1.0,<Residue SER het=  resseq=63 icode= >,4z5d_A_A,2.15
479,1.344,SER, ,O,20.27,12.94,0.0,4.59,1.0,<Residue SER het=  resseq=63 icode= >,4z5d_A_A,2.15
480,0.0,SER, ,CB,20.62,11.57,0.0,3.50,1.0,<Residue SER het=  resseq=63 icode= >,4z5d_A_A,2.15
481,0.0,SER, ,OG,21.36,11.53,0.0,3.26,1.0,<Residue SER het=  resseq=63 icode= >,4z5d_A_A,2.15
482,0.0,LEU, ,N,19.04,13.40,0.0,3.78,1.0,<Residue LEU het=  resseq=64 icode= >,4z5d_A_A,2.15
483,0.0,LEU, ,CA,20.43,13.35,0.0,3.24,1.0,<Residue LEU het=  resseq=64 icode= >,4z5d_A_A,2.15
484,0.0,LEU, ,C,21.76,14.67,0.0,4.54,1.0,<Residue LEU het=  resseq=64 icode= >,4z5d_A_A,2.15
485,4.273,LEU, ,O,21.59,14.82,0.0,4.19,1.0,<Residue LEU het=  resseq=64 icode= >,4z5d_A_A,2.15
486,0.0,LEU, ,CB,17.27,13.11,0.0,2.97,1.0,<Residue LEU het=  resseq=64 icode= >,4z5d_A_A,2.15
487,0.0,LEU, ,CG,21.65,11.77,0.0,3.32,1.0,<Residue LEU het=  resseq=64 icode= >,4z5d_A_A,2.15
488,1.389,LEU, ,CD1,20.09,11.84,0.0,2.60,1.0,<Residue LEU het=  resseq=64 icode= >,4z5d_A_A,2.15
489,0.0,LEU, ,CD2,17.22,10.63,0.0,2.30,1.0,<Residue LEU het=  resseq=64 icode= >,4z5d_A_A,2.15
490,0.0,GLU, ,N,20.95,15.62,0.0,3.63,1.0,<Residue GLU het=  resseq=65 icode= >,4z5d_A_A,2.15
491,7.527,GLU, ,CA,22.5,16.98,5.677,2.99,1.0,<Residue GLU het=  resseq=65 icode= >,4z5d_A_A,2.15
492,4.105,GLU, ,C,26.67,17.66,4.105,3.84,1.0,<Residue GLU het=  resseq=65 icode= >,4z5d_A_A,2.15
493,21.601,GLU, ,O,26.42,18.30,19.037,3.12,1.0,<Residue GLU het=  resseq=65 icode= >,4z5d_A_A,2.15
494,12.895,GLU, ,CB,26.89,17.14,5.537,2.71,1.0,<Residue GLU het=  resseq=65 icode= >,4z5d_A_A,2.15
495,7.229,GLU, ,CG,32.83,16.86,0.0,1.67,1.0,<Residue GLU het=  resseq=65 icode= >,4z5d_A_A,2.15
496,14.283,GLU, ,CD,42.86,17.77,1.062,2.41,1.0,<Residue GLU het=  resseq=65 icode= >,4z5d_A_A,2.15
497,36.549,GLU, ,OE1,38.35,18.06,0.0,2.02,1.0,<Residue GLU het=  resseq=65 icode= >,4z5d_A_A,2.15
498,36.157,GLU, ,OE2,43.73,18.30,6.444,1.79,1.0,<Residue GLU het=  resseq=65 icode= >,4z5d_A_A,2.15
499,0.107,LEU, ,N,25.22,17.43,0.107,2.78,1.0,<Residue LEU het=  resseq=66 icode= >,4z5d_A_A,2.15
500,2.237,LEU, ,CA,27.07,17.48,2.237,2.15,1.0,<Residue LEU het=  resseq=66 icode= >,4z5d_A_A,2.15
501,2.737,LEU, ,C,25.41,17.04,2.737,3.65,1.0,<Residue LEU het=  resseq=66 icode= >,4z5d_A_A,2.15
502,10.121,LEU, ,O,22.23,16.33,5.828,3.81,1.0,<Residue LEU het=  resseq=66 icode= >,4z5d_A_A,2.15
503,0.0,LEU, ,CB,24.09,16.68,0.0,2.36,1.0,<Residue LEU het=  resseq=66 icode= >,4z5d_A_A,2.15
504,0.0,LEU, ,CG,26.04,16.15,0.0,2.87,1.0,<Residue LEU het=  resseq=66 icode= >,4z5d_A_A,2.15
505,5.898,LEU, ,CD1,22.34,15.29,5.898,2.30,1.0,<Residue LEU het=  resseq=66 icode= >,4z5d_A_A,2.15
506,20.927,LEU, ,CD2,27.49,16.94,10.359,2.08,1.0,<Residue LEU het=  resseq=66 icode= >,4z5d_A_A,2.15
507,5.931,SER, ,N,23.09,17.62,5.931,3.69,1.0,<Residue SER het=  resseq=67 icode= >,4z5d_A_A,2.15
508,2.757,SER, ,CA,24.2,17.37,1.346,2.28,1.0,<Residue SER het=  resseq=67 icode= >,4z5d_A_A,2.15
509,2.573,SER, ,C,27.31,17.38,2.573,3.94,1.0,<Residue SER het=  resseq=67 icode= >,4z5d_A_A,2.15
510,18.063,SER, ,O,26.41,17.54,18.063,3.27,1.0,<Residue SER het=  resseq=67 icode= >,4z5d_A_A,2.15
511,43.546,SER, ,CB,27.48,18.51,43.546,2.45,1.0,<Residue SER het=  resseq=67 icode= >,4z5d_A_A,2.15
512,26.322,SER, ,OG,27.15,18.34,26.322,2.67,1.0,<Residue SER het=  resseq=67 icode= >,4z5d_A_A,2.15
513,0.0,MET, ,N,23.53,17.27,0.0,3.15,1.0,<Residue MET het=  resseq=68 icode= >,4z5d_A_A,2.15
514,6.763,MET, ,CA,24.89,17.54,6.763,2.83,1.0,<Residue MET het=  resseq=68 icode= >,4z5d_A_A,2.15
515,2.471,MET, ,C,26.38,18.56,2.471,3.26,1.0,<Residue MET het=  resseq=68 icode= >,4z5d_A_A,2.15
516,19.24,MET, ,O,29.12,18.82,19.24,2.38,1.0,<Residue MET het=  resseq=68 icode= >,4z5d_A_A,2.15
517,15.975,MET, ,CB,24.14,16.32,15.975,2.81,1.0,<Residue MET het=  resseq=68 icode= >,4z5d_A_A,2.15
518,2.665,MET, ,CG,23.17,15.43,2.665,2.67,1.0,<Residue MET het=  resseq=68 icode= >,4z5d_A_A,2.15
519,16.847,MET, ,SD,31.42,15.07,16.847,5.11,1.0,<Residue MET het=  resseq=68 icode= >,4z5d_A_A,2.15
520,21.174,MET, ,CE,25.02,16.73,21.174,1.97,1.0,<Residue MET het=  resseq=68 icode= >,4z5d_A_A,2.15
521,1.666,THR, ,N,24.15,1000.00,1.666,3.71,1.0,<Residue THR het=  resseq=69 icode= >,4z5d_A_A,2.15
522,4.818,THR, ,CA,24.79,1000.00,4.818,2.82,1.0,<Residue THR het=  resseq=69 icode= >,4z5d_A_A,2.15
523,0.0,THR, ,C,29.94,1000.00,0.0,3.48,1.0,<Residue THR het=  resseq=69 icode= >,4z5d_A_A,2.15
524,14.567,THR, ,O,24.72,1000.00,14.567,4.14,1.0,<Residue THR het=  resseq=69 icode= >,4z5d_A_A,2.15
525,17.082,THR, ,CB,31.0,1000.00,13.218,2.69,1.0,<Residue THR het=  resseq=69 icode= >,4z5d_A_A,2.15
526,24.659,THR, ,OG1,33.7,1000.00,22.026,2.48,1.0,<Residue THR het=  resseq=69 icode= >,4z5d_A_A,2.15
527,50.186,THR, ,CG2,27.29,1000.00,30.426,1.87,1.0,<Residue THR het=  resseq=69 icode= >,4z5d_A_A,2.15
528,3.424,LEU, ,N,24.91,1000.00,3.112,3.45,1.0,<Residue LEU het=  resseq=70 icode= >,4z5d_A_A,2.15
529,3.018,LEU, ,CA,26.98,1000.00,3.018,2.79,1.0,<Residue LEU het=  resseq=70 icode= >,4z5d_A_A,2.15
530,1.226,LEU, ,C,33.11,1000.00,1.226,2.94,1.0,<Residue LEU het=  resseq=70 icode= >,4z5d_A_A,2.15
531,12.327,LEU, ,O,34.11,1000.00,11.585,3.19,1.0,<Residue LEU het=  resseq=70 icode= >,4z5d_A_A,2.15
532,15.567,LEU, ,CB,24.07,1000.00,13.61,3.05,1.0,<Residue LEU het=  resseq=70 icode= >,4z5d_A_A,2.15
533,4.436,LEU, ,CG,24.18,1000.00,4.368,2.73,1.0,<Residue LEU het=  resseq=70 icode= >,4z5d_A_A,2.15
534,66.201,LEU, ,CD1,22.0,1000.00,57.909,2.47,1.0,<Residue LEU het=  resseq=70 icode= >,4z5d_A_A,2.15
535,49.336,LEU, ,CD2,21.39,1000.00,49.336,2.37,1.0,<Residue LEU het=  resseq=70 icode= >,4z5d_A_A,2.15
536,2.719,CYS, ,N,32.39,1000.00,2.719,2.45,1.0,<Residue CYS het=  resseq=71 icode= >,4z5d_A_A,2.15
537,11.562,CYS, ,CA,29.08,1000.00,10.84,3.25,1.0,<Residue CYS het=  resseq=71 icode= >,4z5d_A_A,2.15
538,4.305,CYS, ,C,34.73,1000.00,4.305,3.71,1.0,<Residue CYS het=  resseq=71 icode= >,4z5d_A_A,2.15
539,21.354,CYS, ,O,31.19,1000.00,21.354,2.97,1.0,<Residue CYS het=  resseq=71 icode= >,4z5d_A_A,2.15
540,24.008,CYS, ,CB,31.58,1000.00,1.311,2.11,1.0,<Residue CYS het=  resseq=71 icode= >,4z5d_A_A,2.15
541,24.581,CYS, ,SG,36.37,1000.00,24.06,5.20,1.0,<Residue CYS het=  resseq=71 icode= >,4z5d_A_A,2.15
542,2.723,ASP, ,N,34.21,1000.00,0.692,3.02,1.0,<Residue ASP het=  resseq=72 icode= >,4z5d_A_A,2.15
543,5.445,ASP, ,CA,36.78,1000.00,5.445,2.12,1.0,<Residue ASP het=  resseq=72 icode= >,4z5d_A_A,2.15
544,0.0,ASP, ,C,36.93,1000.00,0.0,3.38,1.0,<Residue ASP het=  resseq=72 icode= >,4z5d_A_A,2.15
545,0.0,ASP, ,O,37.72,1000.00,0.0,2.74,1.0,<Residue ASP het=  resseq=72 icode= >,4z5d_A_A,2.15
546,17.754,ASP, ,CB,38.33,1000.00,0.603,1.59,1.0,<Residue ASP het=  resseq=72 icode= >,4z5d_A_A,2.15
547,11.136,ASP, ,CG,43.58,1000.00,2.475,2.26,1.0,<Residue ASP het=  resseq=72 icode= >,4z5d_A_A,2.15
548,36.071,ASP, ,OD1,48.94,1000.00,15.37,1.70,1.0,<Residue ASP het=  resseq=72 icode= >,4z5d_A_A,2.15
549,41.779,ASP, ,OD2,53.67,1000.00,4.773,0.84,1.0,<Residue ASP het=  resseq=72 icode= >,4z5d_A_A,2.15
550,7.118,ALA, ,N,35.58,1000.00,6.481,2.93,1.0,<Residue ALA het=  resseq=73 icode= >,4z5d_A_A,2.15
551,4.112,ALA, ,CA,36.59,1000.00,4.112,2.24,1.0,<Residue ALA het=  resseq=73 icode= >,4z5d_A_A,2.15
552,0.0,ALA, ,C,41.17,1000.00,0.0,2.55,1.0,<Residue ALA het=  resseq=73 icode= >,4z5d_A_A,2.15
553,2.754,ALA, ,O,43.43,1000.00,0.0,2.46,1.0,<Residue ALA het=  resseq=73 icode= >,4z5d_A_A,2.15
554,56.619,ALA, ,CB,33.97,1000.00,37.556,1.71,1.0,<Residue ALA het=  resseq=73 icode= >,4z5d_A_A,2.15
555,4.194,LYS, ,N,43.49,1000.00,0.0,1.63,1.0,<Residue LYS het=  resseq=74 icode= >,4z5d_A_A,2.15
556,11.798,LYS, ,CA,46.91,1000.00,0.0,1.58,1.0,<Residue LYS het=  resseq=74 icode= >,4z5d_A_A,2.15
557,27.315,LYS, ,C,51.33,1000.00,0.0,1.34,1.0,<Residue LYS het=  resseq=74 icode= >,4z5d_A_A,2.15
558,38.699,LYS, ,O,51.97,1000.00,0.0,1.62,1.0,<Residue LYS het=  resseq=74 icode= >,4z5d_A_A,2.15
559,12.743,LYS, ,CB,43.19,1000.00,0.0,1.61,1.0,<Residue LYS het=  resseq=74 icode= >,4z5d_A_A,2.15
560,10.049,LYS, ,CG,48.48,1000.00,0.0,1.38,1.0,<Residue LYS het=  resseq=74 icode= >,4z5d_A_A,2.15
561,27.256,LYS, ,CD,51.34,1000.00,0.0,0.98,1.0,<Residue LYS het=  resseq=74 icode= >,4z5d_A_A,2.15
562,48.498,LYS, ,CE,49.78,1000.00,0.0,1.31,1.0,<Residue LYS het=  resseq=74 icode= >,4z5d_A_A,2.15
563,43.425,LYS, ,NZ,49.13,1000.00,0.0,1.42,1.0,<Residue LYS het=  resseq=74 icode= >,4z5d_A_A,2.15
