,ASA,aa,altloc,atom,bfac,d2r,dASA,dens,occ,residue,id,resolu
0,34.056,ALA, ,N,31.78,1000.00,0.0,1.59,1.0,<Residue ALA het=  resseq=2 icode= >,1bf4_A_A,1.6
1,16.657,ALA, ,CA,31.29,1000.00,0.0,1.65,1.0,<Residue ALA het=  resseq=2 icode= >,1bf4_A_A,1.6
2,0.013,ALA, ,C,31.46,1000.00,0.0,1.97,1.0,<Residue ALA het=  resseq=2 icode= >,1bf4_A_A,1.6
3,0.0,ALA, ,O,30.54,1000.00,0.0,2.26,1.0,<Residue ALA het=  resseq=2 icode= >,1bf4_A_A,1.6
4,29.758,ALA, ,CB,29.21,1000.00,0.0,1.67,1.0,<Residue ALA het=  resseq=2 icode= >,1bf4_A_A,1.6
5,3.992,THR, ,N,29.62,16.98,0.0,2.34,1.0,<Residue THR het=  resseq=3 icode= >,1bf4_A_A,1.6
6,0.0,THR, ,CA,28.13,15.93,0.0,1.57,1.0,<Residue THR het=  resseq=3 icode= >,1bf4_A_A,1.6
7,0.0,THR, ,C,26.51,14.55,0.0,2.68,1.0,<Residue THR het=  resseq=3 icode= >,1bf4_A_A,1.6
8,12.994,THR, ,O,25.16,14.42,0.0,3.27,1.0,<Residue THR het=  resseq=3 icode= >,1bf4_A_A,1.6
9,0.0,THR, ,CB,27.59,16.05,0.0,2.30,1.0,<Residue THR het=  resseq=3 icode= >,1bf4_A_A,1.6
10,16.182,THR, ,OG1,29.98,15.84,0.0,2.23,1.0,<Residue THR het=  resseq=3 icode= >,1bf4_A_A,1.6
11,33.425,THR, ,CG2,28.48,17.47,0.0,1.13,1.0,<Residue THR het=  resseq=3 icode= >,1bf4_A_A,1.6
12,0.0,VAL, ,N,23.59,13.61,0.0,2.73,1.0,<Residue VAL het=  resseq=4 icode= >,1bf4_A_A,1.6
13,0.203,VAL, ,CA,22.71,12.21,0.0,2.73,1.0,<Residue VAL het=  resseq=4 icode= >,1bf4_A_A,1.6
14,0.0,VAL, ,C,19.35,11.43,0.0,3.55,1.0,<Residue VAL het=  resseq=4 icode= >,1bf4_A_A,1.6
15,0.0,VAL, ,O,19.46,11.71,0.0,3.70,1.0,<Residue VAL het=  resseq=4 icode= >,1bf4_A_A,1.6
16,0.0,VAL, ,CB,20.3,11.63,0.0,3.28,1.0,<Residue VAL het=  resseq=4 icode= >,1bf4_A_A,1.6
17,0.0,VAL, ,CG1,23.09,10.21,0.0,2.09,1.0,<Residue VAL het=  resseq=4 icode= >,1bf4_A_A,1.6
18,0.0,VAL, ,CG2,26.3,12.54,0.0,0.68,1.0,<Residue VAL het=  resseq=4 icode= >,1bf4_A_A,1.6
19,4.084,LYS, ,N,17.58,10.69,0.0,4.00,1.0,<Residue LYS het=  resseq=5 icode= >,1bf4_A_A,1.6
20,0.0,LYS, ,CA,19.58,10.07,0.0,3.01,1.0,<Residue LYS het=  resseq=5 icode= >,1bf4_A_A,1.6
21,1.796,LYS, ,C,20.22,8.54,0.0,3.09,1.0,<Residue LYS het=  resseq=5 icode= >,1bf4_A_A,1.6
22,3.011,LYS, ,O,19.4,7.97,0.0,3.68,1.0,<Residue LYS het=  resseq=5 icode= >,1bf4_A_A,1.6
23,21.177,LYS, ,CB,23.18,10.60,0.0,2.61,1.0,<Residue LYS het=  resseq=5 icode= >,1bf4_A_A,1.6
24,0.407,LYS, ,CG,31.64,11.09,0.0,0.87,1.0,<Residue LYS het=  resseq=5 icode= >,1bf4_A_A,1.6
25,29.109,LYS, ,CD,37.39,11.83,0.0,0.51,1.0,<Residue LYS het=  resseq=5 icode= >,1bf4_A_A,1.6
26,32.003,LYS, ,CE,38.28,12.29,0.0,0.66,1.0,<Residue LYS het=  resseq=5 icode= >,1bf4_A_A,1.6
27,15.504,LYS, ,NZ,36.84,13.15,0.0,1.46,1.0,<Residue LYS het=  resseq=5 icode= >,1bf4_A_A,1.6
28,0.059,PHE, ,N,21.27,8.05,0.0,2.97,1.0,<Residue PHE het=  resseq=6 icode= >,1bf4_A_A,1.6
29,9.98,PHE, ,CA,20.17,6.66,0.0,2.68,1.0,<Residue PHE het=  resseq=6 icode= >,1bf4_A_A,1.6
30,0.0,PHE, ,C,20.66,6.65,0.0,3.30,1.0,<Residue PHE het=  resseq=6 icode= >,1bf4_A_A,1.6
31,0.0,PHE, ,O,18.45,7.77,0.0,4.38,1.0,<Residue PHE het=  resseq=6 icode= >,1bf4_A_A,1.6
32,0.998,PHE, ,CB,21.43,6.44,0.0,1.90,1.0,<Residue PHE het=  resseq=6 icode= >,1bf4_A_A,1.6
33,0.0,PHE, ,CG,20.08,7.39,0.0,2.96,1.0,<Residue PHE het=  resseq=6 icode= >,1bf4_A_A,1.6
34,0.0,PHE, ,CD1,20.59,8.70,0.0,2.82,1.0,<Residue PHE het=  resseq=6 icode= >,1bf4_A_A,1.6
35,0.009,PHE, ,CD2,19.4,6.58,0.0,2.83,1.0,<Residue PHE het=  resseq=6 icode= >,1bf4_A_A,1.6
36,0.0,PHE, ,CE1,24.49,9.28,0.0,2.28,1.0,<Residue PHE het=  resseq=6 icode= >,1bf4_A_A,1.6
37,0.061,PHE, ,CE2,20.15,7.19,0.0,2.57,1.0,<Residue PHE het=  resseq=6 icode= >,1bf4_A_A,1.6
38,0.0,PHE, ,CZ,23.16,8.58,0.0,2.19,1.0,<Residue PHE het=  resseq=6 icode= >,1bf4_A_A,1.6
39,5.528,LYS, ,N,21.66,5.58,1.164,2.83,1.0,<Residue LYS het=  resseq=7 icode= >,1bf4_A_A,1.6
40,0.0,LYS, ,CA,23.01,5.98,0.0,2.25,1.0,<Residue LYS het=  resseq=7 icode= >,1bf4_A_A,1.6
41,0.733,LYS, ,C,21.9,4.80,0.11,3.01,1.0,<Residue LYS het=  resseq=7 icode= >,1bf4_A_A,1.6
42,19.425,LYS, ,O,22.18,3.80,17.422,3.39,1.0,<Residue LYS het=  resseq=7 icode= >,1bf4_A_A,1.6
43,17.112,LYS, ,CB,26.01,5.70,2.277,1.30,1.0,<Residue LYS het=  resseq=7 icode= >,1bf4_A_A,1.6
44,5.828,LYS, ,CG,27.15,6.70,0.0,1.52,1.0,<Residue LYS het=  resseq=7 icode= >,1bf4_A_A,1.6
45,31.07,LYS, ,CD,29.92,7.04,0.0,0.83,1.0,<Residue LYS het=  resseq=7 icode= >,1bf4_A_A,1.6
46,40.806,LYS, ,CE,31.9,8.41,0.0,0.65,1.0,<Residue LYS het=  resseq=7 icode= >,1bf4_A_A,1.6
47,33.439,LYS, ,NZ,29.87,8.56,0.0,1.59,1.0,<Residue LYS het=  resseq=7 icode= >,1bf4_A_A,1.6
48,0.0,TYR, ,N,20.19,4.63,0.0,3.21,1.0,<Residue TYR het=  resseq=8 icode= >,1bf4_A_A,1.6
49,1.869,TYR, ,CA,21.53,3.79,1.869,2.31,1.0,<Residue TYR het=  resseq=8 icode= >,1bf4_A_A,1.6
50,0.0,TYR, ,C,22.87,3.69,0.0,2.59,1.0,<Residue TYR het=  resseq=8 icode= >,1bf4_A_A,1.6
51,0.657,TYR, ,O,21.52,4.83,0.0,3.17,1.0,<Residue TYR het=  resseq=8 icode= >,1bf4_A_A,1.6
52,0.187,TYR, ,CB,20.37,4.74,0.0,2.52,1.0,<Residue TYR het=  resseq=8 icode= >,1bf4_A_A,1.6
53,0.0,TYR, ,CG,20.02,4.30,0.0,2.41,1.0,<Residue TYR het=  resseq=8 icode= >,1bf4_A_A,1.6
54,7.782,TYR, ,CD1,18.74,3.47,7.74,1.91,1.0,<Residue TYR het=  resseq=8 icode= >,1bf4_A_A,1.6
55,8.304,TYR, ,CD2,16.09,4.65,0.0,2.78,1.0,<Residue TYR het=  resseq=8 icode= >,1bf4_A_A,1.6
56,19.75,TYR, ,CE1,17.37,3.80,16.613,2.67,1.0,<Residue TYR het=  resseq=8 icode= >,1bf4_A_A,1.6
57,6.121,TYR, ,CE2,15.41,4.45,0.0,2.98,1.0,<Residue TYR het=  resseq=8 icode= >,1bf4_A_A,1.6
58,2.962,TYR, ,CZ,14.51,4.17,2.962,3.04,1.0,<Residue TYR het=  resseq=8 icode= >,1bf4_A_A,1.6
59,13.355,TYR, ,OH,15.67,3.68,13.22,4.18,1.0,<Residue TYR het=  resseq=8 icode= >,1bf4_A_A,1.6
60,10.223,LYS, ,N,23.99,2.71,10.223,2.85,1.0,<Residue LYS het=  resseq=9 icode= >,1bf4_A_A,1.6
61,13.749,LYS, ,CA,27.33,3.42,6.265,2.49,1.0,<Residue LYS het=  resseq=9 icode= >,1bf4_A_A,1.6
62,5.028,LYS, ,C,27.94,4.46,0.0,2.57,1.0,<Residue LYS het=  resseq=9 icode= >,1bf4_A_A,1.6
63,13.739,LYS, ,O,29.73,5.64,0.0,2.52,1.0,<Residue LYS het=  resseq=9 icode= >,1bf4_A_A,1.6
64,15.567,LYS, ,CB,27.16,4.51,0.102,2.37,1.0,<Residue LYS het=  resseq=9 icode= >,1bf4_A_A,1.6
65,16.85,LYS, ,CG,32.19,3.55,16.165,1.11,1.0,<Residue LYS het=  resseq=9 icode= >,1bf4_A_A,1.6
66,28.277,LYS, ,CD,33.32,4.00,0.068,1.83,1.0,<Residue LYS het=  resseq=9 icode= >,1bf4_A_A,1.6
67,44.956,LYS, ,CE,36.06,3.36,14.823,0.67,1.0,<Residue LYS het=  resseq=9 icode= >,1bf4_A_A,1.6
68,9.377,LYS, ,NZ,35.92,3.44,6.84,1.11,1.0,<Residue LYS het=  resseq=9 icode= >,1bf4_A_A,1.6
69,11.531,GLY, ,N,27.96,4.34,1.65,2.72,1.0,<Residue GLY het=  resseq=10 icode= >,1bf4_A_A,1.6
70,37.903,GLY, ,CA,26.96,5.67,0.0,1.91,1.0,<Residue GLY het=  resseq=10 icode= >,1bf4_A_A,1.6
71,2.988,GLY, ,C,28.65,6.66,0.0,1.93,1.0,<Residue GLY het=  resseq=10 icode= >,1bf4_A_A,1.6
72,26.89,GLY, ,O,27.08,7.84,0.0,2.64,1.0,<Residue GLY het=  resseq=10 icode= >,1bf4_A_A,1.6
73,0.0,GLU, ,N,28.86,6.41,0.0,2.53,1.0,<Residue GLU het=  resseq=11 icode= >,1bf4_A_A,1.6
74,0.848,GLU, ,CA,29.86,7.64,0.0,1.83,1.0,<Residue GLU het=  resseq=11 icode= >,1bf4_A_A,1.6
75,0.24,GLU, ,C,28.9,7.75,0.0,2.64,1.0,<Residue GLU het=  resseq=11 icode= >,1bf4_A_A,1.6
76,0.0,GLU, ,O,29.86,6.91,0.0,2.48,1.0,<Residue GLU het=  resseq=11 icode= >,1bf4_A_A,1.6
77,1.245,GLU, ,CB,32.61,8.13,0.0,0.61,1.0,<Residue GLU het=  resseq=11 icode= >,1bf4_A_A,1.6
78,24.234,GLU, ,CG,32.35,8.80,0.0,1.81,1.0,<Residue GLU het=  resseq=11 icode= >,1bf4_A_A,1.6
79,9.7,GLU, ,CD,37.99,10.07,0.0,1.82,1.0,<Residue GLU het=  resseq=11 icode= >,1bf4_A_A,1.6
80,28.806,GLU, ,OE1,39.64,10.65,0.0,1.64,1.0,<Residue GLU het=  resseq=11 icode= >,1bf4_A_A,1.6
81,40.198,GLU, ,OE2,37.25,10.66,0.0,1.77,1.0,<Residue GLU het=  resseq=11 icode= >,1bf4_A_A,1.6
82,5.325,GLU, ,N,28.43,8.95,0.0,2.47,1.0,<Residue GLU het=  resseq=12 icode= >,1bf4_A_A,1.6
83,0.0,GLU, ,CA,27.23,9.50,0.0,2.35,1.0,<Residue GLU het=  resseq=12 icode= >,1bf4_A_A,1.6
84,0.0,GLU, ,C,26.91,10.04,0.0,2.74,1.0,<Residue GLU het=  resseq=12 icode= >,1bf4_A_A,1.6
85,20.127,GLU, ,O,27.35,10.75,0.0,2.70,1.0,<Residue GLU het=  resseq=12 icode= >,1bf4_A_A,1.6
86,24.834,GLU, ,CB,29.71,10.76,0.0,1.00,1.0,<Residue GLU het=  resseq=12 icode= >,1bf4_A_A,1.6
87,17.478,GLU, ,CG,28.82,11.30,0.0,1.68,1.0,<Residue GLU het=  resseq=12 icode= >,1bf4_A_A,1.6
88,0.867,GLU, ,CD,29.94,10.05,0.0,2.46,1.0,<Residue GLU het=  resseq=12 icode= >,1bf4_A_A,1.6
89,6.487,GLU, ,OE1,33.33,9.55,0.0,1.54,1.0,<Residue GLU het=  resseq=12 icode= >,1bf4_A_A,1.6
90,2.061,GLU, ,OE2,28.66,9.74,0.0,2.19,1.0,<Residue GLU het=  resseq=12 icode= >,1bf4_A_A,1.6
91,0.0,LYS, ,N,26.17,9.93,0.0,2.59,1.0,<Residue LYS het=  resseq=13 icode= >,1bf4_A_A,1.6
92,4.7,LYS, ,CA,24.09,10.52,0.0,2.64,1.0,<Residue LYS het=  resseq=13 icode= >,1bf4_A_A,1.6
93,0.564,LYS, ,C,25.14,11.26,0.0,3.42,1.0,<Residue LYS het=  resseq=13 icode= >,1bf4_A_A,1.6
94,0.0,LYS, ,O,24.51,10.62,0.0,3.41,1.0,<Residue LYS het=  resseq=13 icode= >,1bf4_A_A,1.6
95,0.949,LYS, ,CB,22.09,9.48,0.0,2.53,1.0,<Residue LYS het=  resseq=13 icode= >,1bf4_A_A,1.6
96,0.0,LYS, ,CG,25.04,8.52,0.0,1.89,1.0,<Residue LYS het=  resseq=13 icode= >,1bf4_A_A,1.6
97,11.202,LYS, ,CD,29.3,9.22,0.0,1.77,1.0,<Residue LYS het=  resseq=13 icode= >,1bf4_A_A,1.6
98,8.113,LYS, ,CE,33.06,8.37,0.0,1.46,1.0,<Residue LYS het=  resseq=13 icode= >,1bf4_A_A,1.6
99,35.277,LYS, ,NZ,38.93,9.32,0.0,0.83,1.0,<Residue LYS het=  resseq=13 icode= >,1bf4_A_A,1.6
100,6.264,GLU, ,N,23.1,12.32,0.0,3.81,1.0,<Residue GLU het=  resseq=14 icode= >,1bf4_A_A,1.6
101,0.0,GLU, ,CA,24.38,13.04,0.0,2.68,1.0,<Residue GLU het=  resseq=14 icode= >,1bf4_A_A,1.6
102,0.0,GLU, ,C,20.22,13.83,0.0,3.52,1.0,<Residue GLU het=  resseq=14 icode= >,1bf4_A_A,1.6
103,24.851,GLU, ,O,23.49,14.69,0.0,2.97,1.0,<Residue GLU het=  resseq=14 icode= >,1bf4_A_A,1.6
104,15.112,GLU, ,CB,28.17,13.90,0.0,1.76,1.0,<Residue GLU het=  resseq=14 icode= >,1bf4_A_A,1.6
105,1.132,GLU, ,CG,34.07,14.18,0.0,1.19,1.0,<Residue GLU het=  resseq=14 icode= >,1bf4_A_A,1.6
106,10.413,GLU, ,CD,40.54,15.12,0.0,0.82,1.0,<Residue GLU het=  resseq=14 icode= >,1bf4_A_A,1.6
107,18.784,GLU, ,OE1,41.33,15.02,0.0,1.66,1.0,<Residue GLU het=  resseq=14 icode= >,1bf4_A_A,1.6
108,25.71,GLU, ,OE2,39.54,16.07,0.0,1.36,1.0,<Residue GLU het=  resseq=14 icode= >,1bf4_A_A,1.6
109,0.0,VAL, ,N,18.41,13.51,0.0,3.52,1.0,<Residue VAL het=  resseq=15 icode= >,1bf4_A_A,1.6
110,2.195,VAL, ,CA,19.08,14.19,0.0,2.94,1.0,<Residue VAL het=  resseq=15 icode= >,1bf4_A_A,1.6
111,0.0,VAL, ,C,19.69,15.13,0.0,3.49,1.0,<Residue VAL het=  resseq=15 icode= >,1bf4_A_A,1.6
112,0.0,VAL, ,O,18.22,14.85,0.0,4.03,1.0,<Residue VAL het=  resseq=15 icode= >,1bf4_A_A,1.6
113,0.0,VAL, ,CB,17.56,13.17,0.0,2.84,1.0,<Residue VAL het=  resseq=15 icode= >,1bf4_A_A,1.6
114,1.297,VAL, ,CG1,14.54,13.30,0.0,2.91,1.0,<Residue VAL het=  resseq=15 icode= >,1bf4_A_A,1.6
115,14.359,VAL, ,CG2,21.06,12.69,0.0,2.01,1.0,<Residue VAL het=  resseq=15 icode= >,1bf4_A_A,1.6
116,6.086,ASP, ,N,20.76,16.35,0.0,3.80,1.0,<Residue ASP het=  resseq=16 icode= >,1bf4_A_A,1.6
117,0.0,ASP, ,CA,21.28,17.08,0.0,2.32,1.0,<Residue ASP het=  resseq=16 icode= >,1bf4_A_A,1.6
118,0.0,ASP, ,C,18.79,16.24,0.0,3.23,1.0,<Residue ASP het=  resseq=16 icode= >,1bf4_A_A,1.6
119,0.0,ASP, ,O,20.3,15.05,0.0,3.22,1.0,<Residue ASP het=  resseq=16 icode= >,1bf4_A_A,1.6
120,16.69,ASP, ,CB,21.18,17.44,0.0,2.55,1.0,<Residue ASP het=  resseq=16 icode= >,1bf4_A_A,1.6
121,4.944,ASP, ,CG,25.33,18.50,0.0,2.64,1.0,<Residue ASP het=  resseq=16 icode= >,1bf4_A_A,1.6
122,5.172,ASP, ,OD1,32.03,18.24,0.0,1.59,1.0,<Residue ASP het=  resseq=16 icode= >,1bf4_A_A,1.6
123,30.444,ASP, ,OD2,26.52,19.66,0.0,2.69,1.0,<Residue ASP het=  resseq=16 icode= >,1bf4_A_A,1.6
124,0.0,ILE, ,N,19.19,16.94,0.0,2.94,1.0,<Residue ILE het=  resseq=17 icode= >,1bf4_A_A,1.6
125,0.0,ILE, ,CA,19.82,16.35,0.0,2.68,1.0,<Residue ILE het=  resseq=17 icode= >,1bf4_A_A,1.6
126,0.474,ILE, ,C,19.52,15.79,0.0,3.75,1.0,<Residue ILE het=  resseq=17 icode= >,1bf4_A_A,1.6
127,2.445,ILE, ,O,19.6,14.92,0.0,3.48,1.0,<Residue ILE het=  resseq=17 icode= >,1bf4_A_A,1.6
128,0.0,ILE, ,CB,22.98,16.82,0.0,2.03,1.0,<Residue ILE het=  resseq=17 icode= >,1bf4_A_A,1.6
129,0.0,ILE, ,CG1,26.48,15.79,0.0,0.86,1.0,<Residue ILE het=  resseq=17 icode= >,1bf4_A_A,1.6
130,1.281,ILE, ,CG2,23.05,16.40,0.0,1.74,1.0,<Residue ILE het=  resseq=17 icode= >,1bf4_A_A,1.6
131,0.0,ILE, ,CD1,26.55,15.36,0.0,1.02,1.0,<Residue ILE het=  resseq=17 icode= >,1bf4_A_A,1.6
132,1.524,SER, ,N,21.14,16.32,0.0,2.75,1.0,<Residue SER het=  resseq=18 icode= >,1bf4_A_A,1.6
133,13.855,SER, ,CA,21.37,16.04,0.0,1.92,1.0,<Residue SER het=  resseq=18 icode= >,1bf4_A_A,1.6
134,0.219,SER, ,C,19.58,14.60,0.0,3.08,1.0,<Residue SER het=  resseq=18 icode= >,1bf4_A_A,1.6
135,25.613,SER, ,O,21.17,14.17,0.0,3.41,1.0,<Residue SER het=  resseq=18 icode= >,1bf4_A_A,1.6
136,36.767,SER, ,CB,24.29,16.98,0.0,1.38,1.0,<Residue SER het=  resseq=18 icode= >,1bf4_A_A,1.6
137,2.592,SER, ,OG,23.7,16.69,0.0,2.27,1.0,<Residue SER het=  resseq=18 icode= >,1bf4_A_A,1.6
138,0.0,LYS, ,N,15.71,14.01,0.0,3.60,1.0,<Residue LYS het=  resseq=19 icode= >,1bf4_A_A,1.6
139,1.05,LYS, ,CA,15.08,12.68,0.0,2.94,1.0,<Residue LYS het=  resseq=19 icode= >,1bf4_A_A,1.6
140,1.167,LYS, ,C,15.24,11.57,0.0,4.04,1.0,<Residue LYS het=  resseq=19 icode= >,1bf4_A_A,1.6
141,0.463,LYS, ,O,14.68,10.37,0.0,5.14,1.0,<Residue LYS het=  resseq=19 icode= >,1bf4_A_A,1.6
142,0.207,LYS, ,CB,14.36,12.71,0.0,3.46,1.0,<Residue LYS het=  resseq=19 icode= >,1bf4_A_A,1.6
143,10.48,LYS, ,CG,21.64,13.87,0.0,1.86,1.0,<Residue LYS het=  resseq=19 icode= >,1bf4_A_A,1.6
144,10.214,LYS, ,CD,27.01,13.86,0.0,2.02,1.0,<Residue LYS het=  resseq=19 icode= >,1bf4_A_A,1.6
145,42.351,LYS, ,CE,33.83,15.25,0.0,0.47,1.0,<Residue LYS het=  resseq=19 icode= >,1bf4_A_A,1.6
146,31.29,LYS, ,NZ,37.56,16.01,0.0,0.43,1.0,<Residue LYS het=  resseq=19 icode= >,1bf4_A_A,1.6
147,0.0,ILE, ,N,14.23,12.03,0.0,3.90,1.0,<Residue ILE het=  resseq=20 icode= >,1bf4_A_A,1.6
148,0.0,ILE, ,CA,13.27,11.24,0.0,3.43,1.0,<Residue ILE het=  resseq=20 icode= >,1bf4_A_A,1.6
149,0.168,ILE, ,C,13.56,10.64,0.0,4.10,1.0,<Residue ILE het=  resseq=20 icode= >,1bf4_A_A,1.6
150,10.536,ILE, ,O,15.98,11.45,0.0,3.91,1.0,<Residue ILE het=  resseq=20 icode= >,1bf4_A_A,1.6
151,0.0,ILE, ,CB,12.33,12.25,0.0,2.77,1.0,<Residue ILE het=  resseq=20 icode= >,1bf4_A_A,1.6
152,0.0,ILE, ,CG1,15.21,13.12,0.0,2.06,1.0,<Residue ILE het=  resseq=20 icode= >,1bf4_A_A,1.6
153,0.0,ILE, ,CG2,11.82,11.67,0.0,2.56,1.0,<Residue ILE het=  resseq=20 icode= >,1bf4_A_A,1.6
154,0.0,ILE, ,CD1,16.8,12.52,0.0,2.18,1.0,<Residue ILE het=  resseq=20 icode= >,1bf4_A_A,1.6
155,0.0,LYS, ,N,13.94,9.34,0.0,4.27,1.0,<Residue LYS het=  resseq=21 icode= >,1bf4_A_A,1.6
156,6.684,LYS, ,CA,14.65,8.77,0.0,3.56,1.0,<Residue LYS het=  resseq=21 icode= >,1bf4_A_A,1.6
157,0.0,LYS, ,C,17.02,8.99,0.0,3.12,1.0,<Residue LYS het=  resseq=21 icode= >,1bf4_A_A,1.6
158,13.008,LYS, ,O,19.23,9.74,0.0,3.38,1.0,<Residue LYS het=  resseq=21 icode= >,1bf4_A_A,1.6
159,0.219,LYS, ,CB,12.89,7.37,0.0,3.35,1.0,<Residue LYS het=  resseq=21 icode= >,1bf4_A_A,1.6
160,18.365,LYS, ,CG,19.52,6.96,0.0,2.38,1.0,<Residue LYS het=  resseq=21 icode= >,1bf4_A_A,1.6
161,1.803,LYS, ,CD,16.92,5.89,0.0,2.95,1.0,<Residue LYS het=  resseq=21 icode= >,1bf4_A_A,1.6
162,44.634,LYS, ,CE,22.5,5.69,0.343,1.47,1.0,<Residue LYS het=  resseq=21 icode= >,1bf4_A_A,1.6
163,36.972,LYS, ,NZ,24.56,4.95,2.8,1.81,1.0,<Residue LYS het=  resseq=21 icode= >,1bf4_A_A,1.6
164,0.0,LYS, ,N,12.17,8.40,0.0,4.26,1.0,<Residue LYS het=  resseq=22 icode= >,1bf4_A_A,1.6
165,0.355,LYS, ,CA,13.13,7.53,0.0,3.05,1.0,<Residue LYS het=  resseq=22 icode= >,1bf4_A_A,1.6
166,0.0,LYS, ,C,12.34,7.66,0.0,4.07,1.0,<Residue LYS het=  resseq=22 icode= >,1bf4_A_A,1.6
167,0.0,LYS, ,O,11.56,7.98,0.0,4.56,1.0,<Residue LYS het=  resseq=22 icode= >,1bf4_A_A,1.6
168,7.878,LYS, ,CB,13.42,6.12,0.0,2.79,1.0,<Residue LYS het=  resseq=22 icode= >,1bf4_A_A,1.6
169,4.459,LYS, ,CG,18.72,5.39,0.0,2.43,1.0,<Residue LYS het=  resseq=22 icode= >,1bf4_A_A,1.6
170,12.172,LYS, ,CD,26.84,3.86,3.982,1.48,1.0,<Residue LYS het=  resseq=22 icode= >,1bf4_A_A,1.6
171,30.045,LYS, ,CE,26.61,3.52,22.203,1.93,1.0,<Residue LYS het=  resseq=22 icode= >,1bf4_A_A,1.6
172,30.488,LYS, ,NZ,33.3,4.15,0.559,1.72,1.0,<Residue LYS het=  resseq=22 icode= >,1bf4_A_A,1.6
173,0.0,VAL, ,N,13.5,7.56,0.0,3.33,1.0,<Residue VAL het=  resseq=23 icode= >,1bf4_A_A,1.6
174,0.0,VAL, ,CA,15.25,7.52,0.0,2.86,1.0,<Residue VAL het=  resseq=23 icode= >,1bf4_A_A,1.6
175,0.0,VAL, ,C,14.24,6.63,0.0,3.42,1.0,<Residue VAL het=  resseq=23 icode= >,1bf4_A_A,1.6
176,1.089,VAL, ,O,12.63,6.51,0.0,4.86,1.0,<Residue VAL het=  resseq=23 icode= >,1bf4_A_A,1.6
177,0.0,VAL, ,CB,20.01,9.03,0.0,1.87,1.0,<Residue VAL het=  resseq=23 icode= >,1bf4_A_A,1.6
178,0.0,VAL, ,CG1,23.06,9.86,0.0,1.64,1.0,<Residue VAL het=  resseq=23 icode= >,1bf4_A_A,1.6
179,0.0,VAL, ,CG2,20.83,9.26,0.0,1.78,1.0,<Residue VAL het=  resseq=23 icode= >,1bf4_A_A,1.6
180,0.0,TRP, ,N,12.48,6.19,0.0,4.22,1.0,<Residue TRP het=  resseq=24 icode= >,1bf4_A_A,1.6
181,0.234,TRP, ,CA,13.01,5.68,0.0,3.10,1.0,<Residue TRP het=  resseq=24 icode= >,1bf4_A_A,1.6
182,0.0,TRP, ,C,11.34,6.10,0.0,3.37,1.0,<Residue TRP het=  resseq=24 icode= >,1bf4_A_A,1.6
183,0.0,TRP, ,O,8.29,6.56,0.0,5.68,1.0,<Residue TRP het=  resseq=24 icode= >,1bf4_A_A,1.6
184,22.479,TRP, ,CB,11.08,4.14,12.681,3.48,1.0,<Residue TRP het=  resseq=24 icode= >,1bf4_A_A,1.6
185,2.113,TRP, ,CG,10.37,3.58,2.113,4.03,1.0,<Residue TRP het=  resseq=24 icode= >,1bf4_A_A,1.6
186,11.876,TRP, ,CD1,8.23,3.57,11.876,3.90,1.0,<Residue TRP het=  resseq=24 icode= >,1bf4_A_A,1.6
187,1.978,TRP, ,CD2,10.86,3.58,1.978,4.05,1.0,<Residue TRP het=  resseq=24 icode= >,1bf4_A_A,1.6
188,13.767,TRP, ,NE1,9.89,2.93,13.767,4.81,1.0,<Residue TRP het=  resseq=24 icode= >,1bf4_A_A,1.6
189,3.418,TRP, ,CE2,12.38,3.25,3.418,3.30,1.0,<Residue TRP het=  resseq=24 icode= >,1bf4_A_A,1.6
190,0.402,TRP, ,CE3,11.99,3.99,0.402,3.63,1.0,<Residue TRP het=  resseq=24 icode= >,1bf4_A_A,1.6
191,22.753,TRP, ,CZ2,11.04,3.39,21.366,3.78,1.0,<Residue TRP het=  resseq=24 icode= >,1bf4_A_A,1.6
192,1.272,TRP, ,CZ3,12.0,4.17,1.115,3.43,1.0,<Residue TRP het=  resseq=24 icode= >,1bf4_A_A,1.6
193,12.874,TRP, ,CH2,13.21,4.02,7.879,3.54,1.0,<Residue TRP het=  resseq=24 icode= >,1bf4_A_A,1.6
194,1.715,ARG, ,N,14.88,5.67,0.0,3.48,1.0,<Residue ARG het=  resseq=25 icode= >,1bf4_A_A,1.6
195,0.0,ARG, ,CA,17.87,5.86,0.0,2.41,1.0,<Residue ARG het=  resseq=25 icode= >,1bf4_A_A,1.6
196,0.0,ARG, ,C,15.06,4.67,0.0,3.82,1.0,<Residue ARG het=  resseq=25 icode= >,1bf4_A_A,1.6
197,22.32,ARG, ,O,17.95,3.66,13.959,4.19,1.0,<Residue ARG het=  resseq=25 icode= >,1bf4_A_A,1.6
198,1.8,ARG, ,CB,17.13,6.66,0.0,3.00,1.0,<Residue ARG het=  resseq=25 icode= >,1bf4_A_A,1.6
199,2.902,ARG, ,CG,17.71,7.11,0.0,2.60,1.0,<Residue ARG het=  resseq=25 icode= >,1bf4_A_A,1.6
200,29.59,ARG, ,CD,21.29,8.11,0.0,2.24,1.0,<Residue ARG het=  resseq=25 icode= >,1bf4_A_A,1.6
201,11.097,ARG, ,NE,25.3,9.43,0.0,2.91,1.0,<Residue ARG het=  resseq=25 icode= >,1bf4_A_A,1.6
202,3.694,ARG, ,CZ,29.13,9.79,0.0,2.28,1.0,<Residue ARG het=  resseq=25 icode= >,1bf4_A_A,1.6
203,3.733,ARG, ,NH1,31.96,8.60,0.0,1.11,1.0,<Residue ARG het=  resseq=25 icode= >,1bf4_A_A,1.6
204,24.138,ARG, ,NH2,26.69,9.98,0.0,2.23,1.0,<Residue ARG het=  resseq=25 icode= >,1bf4_A_A,1.6
205,0.0,VAL, ,N,16.26,4.95,0.0,3.53,1.0,<Residue VAL het=  resseq=26 icode= >,1bf4_A_A,1.6
206,3.93,VAL, ,CA,14.3,4.48,3.272,3.01,1.0,<Residue VAL het=  resseq=26 icode= >,1bf4_A_A,1.6
207,0.91,VAL, ,C,14.01,3.96,0.91,3.64,1.0,<Residue VAL het=  resseq=26 icode= >,1bf4_A_A,1.6
208,6.737,VAL, ,O,10.53,3.10,6.737,4.69,1.0,<Residue VAL het=  resseq=26 icode= >,1bf4_A_A,1.6
209,0.0,VAL, ,CB,12.6,4.18,0.0,2.88,1.0,<Residue VAL het=  resseq=26 icode= >,1bf4_A_A,1.6
210,52.379,VAL, ,CG1,14.68,3.30,52.379,2.13,1.0,<Residue VAL het=  resseq=26 icode= >,1bf4_A_A,1.6
211,8.899,VAL, ,CG2,11.38,3.41,8.899,2.77,1.0,<Residue VAL het=  resseq=26 icode= >,1bf4_A_A,1.6
212,10.708,GLY, ,N,14.79,4.69,1.126,3.86,1.0,<Residue GLY het=  resseq=27 icode= >,1bf4_A_A,1.6
213,40.678,GLY, ,CA,16.77,4.69,4.223,2.52,1.0,<Residue GLY het=  resseq=27 icode= >,1bf4_A_A,1.6
214,3.808,GLY, ,C,16.05,5.29,0.0,3.01,1.0,<Residue GLY het=  resseq=27 icode= >,1bf4_A_A,1.6
215,1.967,GLY, ,O,21.0,6.34,0.0,3.25,1.0,<Residue GLY het=  resseq=27 icode= >,1bf4_A_A,1.6
216,4.382,LYS, ,N,14.48,4.91,2.882,3.84,1.0,<Residue LYS het=  resseq=28 icode= >,1bf4_A_A,1.6
217,0.163,LYS, ,CA,15.22,4.83,0.0,2.92,1.0,<Residue LYS het=  resseq=28 icode= >,1bf4_A_A,1.6
218,1.026,LYS, ,C,18.04,5.00,1.026,2.72,1.0,<Residue LYS het=  resseq=28 icode= >,1bf4_A_A,1.6
219,0.084,LYS, ,O,17.68,4.65,0.084,3.93,1.0,<Residue LYS het=  resseq=28 icode= >,1bf4_A_A,1.6
220,13.352,LYS, ,CB,16.85,3.54,13.352,2.27,1.0,<Residue LYS het=  resseq=28 icode= >,1bf4_A_A,1.6
221,13.549,LYS, ,CG,18.58,3.97,1.292,2.39,1.0,<Residue LYS het=  resseq=28 icode= >,1bf4_A_A,1.6
222,26.661,LYS, ,CD,22.3,3.28,21.293,1.76,1.0,<Residue LYS het=  resseq=28 icode= >,1bf4_A_A,1.6
223,47.733,LYS, ,CE,22.87,3.38,13.809,1.77,1.0,<Residue LYS het=  resseq=28 icode= >,1bf4_A_A,1.6
224,40.188,LYS, ,NZ,20.19,4.81,0.0,2.77,1.0,<Residue LYS het=  resseq=28 icode= >,1bf4_A_A,1.6
225,0.891,MET, ,N,15.57,4.66,0.891,3.43,1.0,<Residue MET het=  resseq=29 icode= >,1bf4_A_A,1.6
226,1.305,MET, ,CA,12.69,3.98,1.305,3.17,1.0,<Residue MET het=  resseq=29 icode= >,1bf4_A_A,1.6
227,0.0,MET, ,C,11.25,5.23,0.0,3.70,1.0,<Residue MET het=  resseq=29 icode= >,1bf4_A_A,1.6
228,0.0,MET, ,O,11.17,6.21,0.0,4.94,1.0,<Residue MET het=  resseq=29 icode= >,1bf4_A_A,1.6
229,13.996,MET, ,CB,12.1,3.30,13.996,3.23,1.0,<Residue MET het=  resseq=29 icode= >,1bf4_A_A,1.6
230,3.754,MET, ,CG,15.89,3.35,3.754,1.90,1.0,<Residue MET het=  resseq=29 icode= >,1bf4_A_A,1.6
231,32.593,MET, ,SD,20.44,3.53,32.593,5.84,1.0,<Residue MET het=  resseq=29 icode= >,1bf4_A_A,1.6
232,27.854,MET, ,CE,16.55,3.56,27.854,1.66,1.0,<Residue MET het=  resseq=29 icode= >,1bf4_A_A,1.6
233,0.0,ILE, ,N,11.52,5.50,0.0,4.78,1.0,<Residue ILE het=  resseq=30 icode= >,1bf4_A_A,1.6
234,0.0,ILE, ,CA,13.2,6.84,0.0,2.95,1.0,<Residue ILE het=  resseq=30 icode= >,1bf4_A_A,1.6
235,0.0,ILE, ,C,11.66,6.81,0.0,3.24,1.0,<Residue ILE het=  resseq=30 icode= >,1bf4_A_A,1.6
236,0.0,ILE, ,O,12.06,6.29,0.0,4.56,1.0,<Residue ILE het=  resseq=30 icode= >,1bf4_A_A,1.6
237,0.0,ILE, ,CB,14.72,7.47,0.0,2.50,1.0,<Residue ILE het=  resseq=30 icode= >,1bf4_A_A,1.6
238,0.0,ILE, ,CG1,12.04,7.67,0.0,3.14,1.0,<Residue ILE het=  resseq=30 icode= >,1bf4_A_A,1.6
239,0.0,ILE, ,CG2,14.75,8.93,0.0,2.34,1.0,<Residue ILE het=  resseq=30 icode= >,1bf4_A_A,1.6
240,0.0,ILE, ,CD1,12.73,8.53,0.0,2.60,1.0,<Residue ILE het=  resseq=30 icode= >,1bf4_A_A,1.6
241,0.0,SER, ,N,12.44,5.96,0.0,4.32,1.0,<Residue SER het=  resseq=31 icode= >,1bf4_A_A,1.6
242,0.0,SER, ,CA,10.9,5.10,0.0,3.69,1.0,<Residue SER het=  resseq=31 icode= >,1bf4_A_A,1.6
243,0.0,SER, ,C,10.83,5.89,0.0,4.37,1.0,<Residue SER het=  resseq=31 icode= >,1bf4_A_A,1.6
244,0.0,SER, ,O,11.69,6.52,0.0,5.26,1.0,<Residue SER het=  resseq=31 icode= >,1bf4_A_A,1.6
245,0.0,SER, ,CB,12.45,3.65,0.0,3.23,1.0,<Residue SER het=  resseq=31 icode= >,1bf4_A_A,1.6
246,14.51,SER, ,OG,14.0,2.85,10.138,4.40,1.0,<Residue SER het=  resseq=31 icode= >,1bf4_A_A,1.6
247,0.0,PHE, ,N,11.82,6.20,0.0,3.84,1.0,<Residue PHE het=  resseq=32 icode= >,1bf4_A_A,1.6
248,0.0,PHE, ,CA,10.77,7.28,0.0,3.09,1.0,<Residue PHE het=  resseq=32 icode= >,1bf4_A_A,1.6
249,0.0,PHE, ,C,11.18,7.56,0.0,4.14,1.0,<Residue PHE het=  resseq=32 icode= >,1bf4_A_A,1.6
250,0.782,PHE, ,O,11.51,7.14,0.0,5.22,1.0,<Residue PHE het=  resseq=32 icode= >,1bf4_A_A,1.6
251,0.0,PHE, ,CB,11.39,8.62,0.0,2.78,1.0,<Residue PHE het=  resseq=32 icode= >,1bf4_A_A,1.6
252,0.0,PHE, ,CG,14.65,9.03,0.0,2.91,1.0,<Residue PHE het=  resseq=32 icode= >,1bf4_A_A,1.6
253,0.0,PHE, ,CD1,10.99,9.63,0.0,3.23,1.0,<Residue PHE het=  resseq=32 icode= >,1bf4_A_A,1.6
254,0.0,PHE, ,CD2,13.36,8.82,0.0,3.48,1.0,<Residue PHE het=  resseq=32 icode= >,1bf4_A_A,1.6
255,0.0,PHE, ,CE1,8.34,9.13,0.0,4.25,1.0,<Residue PHE het=  resseq=32 icode= >,1bf4_A_A,1.6
256,0.0,PHE, ,CE2,9.66,8.37,0.0,3.56,1.0,<Residue PHE het=  resseq=32 icode= >,1bf4_A_A,1.6
257,0.0,PHE, ,CZ,9.37,8.48,0.0,3.81,1.0,<Residue PHE het=  resseq=32 icode= >,1bf4_A_A,1.6
258,0.0,THR, ,N,15.63,7.71,0.0,3.10,1.0,<Residue THR het=  resseq=33 icode= >,1bf4_A_A,1.6
259,0.0,THR, ,CA,11.62,6.59,0.0,3.17,1.0,<Residue THR het=  resseq=33 icode= >,1bf4_A_A,1.6
260,0.0,THR, ,C,11.64,7.25,0.0,4.22,1.0,<Residue THR het=  resseq=33 icode= >,1bf4_A_A,1.6
261,0.0,THR, ,O,10.31,8.17,0.0,5.49,1.0,<Residue THR het=  resseq=33 icode= >,1bf4_A_A,1.6
262,0.424,THR, ,CB,9.46,5.28,0.0,3.83,1.0,<Residue THR het=  resseq=33 icode= >,1bf4_A_A,1.6
263,1.303,THR, ,OG1,10.21,5.76,0.0,5.19,1.0,<Residue THR het=  resseq=33 icode= >,1bf4_A_A,1.6
264,20.759,THR, ,CG2,8.3,5.01,8.873,3.22,1.0,<Residue THR het=  resseq=33 icode= >,1bf4_A_A,1.6
265,0.0,TYR, ,N,12.7,7.06,0.0,4.12,1.0,<Residue TYR het=  resseq=34 icode= >,1bf4_A_A,1.6
266,0.0,TYR, ,CA,10.99,8.00,0.0,3.67,1.0,<Residue TYR het=  resseq=34 icode= >,1bf4_A_A,1.6
267,0.0,TYR, ,C,12.95,7.64,0.0,4.22,1.0,<Residue TYR het=  resseq=34 icode= >,1bf4_A_A,1.6
268,0.0,TYR, ,O,11.9,6.81,0.0,5.25,1.0,<Residue TYR het=  resseq=34 icode= >,1bf4_A_A,1.6
269,0.0,TYR, ,CB,11.16,9.32,0.0,3.46,1.0,<Residue TYR het=  resseq=34 icode= >,1bf4_A_A,1.6
270,0.0,TYR, ,CG,13.37,9.22,0.0,3.14,1.0,<Residue TYR het=  resseq=34 icode= >,1bf4_A_A,1.6
271,0.0,TYR, ,CD1,12.04,8.75,0.0,2.81,1.0,<Residue TYR het=  resseq=34 icode= >,1bf4_A_A,1.6
272,0.625,TYR, ,CD2,15.01,9.74,0.0,2.37,1.0,<Residue TYR het=  resseq=34 icode= >,1bf4_A_A,1.6
273,0.0,TYR, ,CE1,12.79,8.84,0.0,2.93,1.0,<Residue TYR het=  resseq=34 icode= >,1bf4_A_A,1.6
274,6.302,TYR, ,CE2,13.53,9.82,0.0,3.28,1.0,<Residue TYR het=  resseq=34 icode= >,1bf4_A_A,1.6
275,0.0,TYR, ,CZ,12.94,9.39,0.0,3.18,1.0,<Residue TYR het=  resseq=34 icode= >,1bf4_A_A,1.6
276,8.351,TYR, ,OH,18.09,9.12,0.0,3.34,1.0,<Residue TYR het=  resseq=34 icode= >,1bf4_A_A,1.6
277,0.0,ASP, ,N,14.36,8.45,0.0,4.17,1.0,<Residue ASP het=  resseq=35 icode= >,1bf4_A_A,1.6
278,0.0,ASP, ,CA,17.99,8.59,0.0,2.83,1.0,<Residue ASP het=  resseq=35 icode= >,1bf4_A_A,1.6
279,0.613,ASP, ,C,20.33,9.46,0.0,3.02,1.0,<Residue ASP het=  resseq=35 icode= >,1bf4_A_A,1.6
280,8.289,ASP, ,O,21.99,10.51,0.0,3.41,1.0,<Residue ASP het=  resseq=35 icode= >,1bf4_A_A,1.6
281,12.08,ASP, ,CB,16.05,9.50,0.0,3.04,1.0,<Residue ASP het=  resseq=35 icode= >,1bf4_A_A,1.6
282,8.245,ASP, ,CG,18.05,9.00,0.0,3.57,1.0,<Residue ASP het=  resseq=35 icode= >,1bf4_A_A,1.6
283,7.645,ASP, ,OD1,22.63,7.80,0.0,3.62,1.0,<Residue ASP het=  resseq=35 icode= >,1bf4_A_A,1.6
284,37.864,ASP, ,OD2,23.72,9.94,0.0,2.73,1.0,<Residue ASP het=  resseq=35 icode= >,1bf4_A_A,1.6
285,0.0,GLU, ,N,21.67,9.23,0.0,2.83,1.0,<Residue GLU het=  resseq=36 icode= >,1bf4_A_A,1.6
286,7.523,GLU, ,CA,21.62,9.25,0.0,3.13,1.0,<Residue GLU het=  resseq=36 icode= >,1bf4_A_A,1.6
287,4.749,GLU, ,C,21.64,9.65,0.0,3.04,1.0,<Residue GLU het=  resseq=36 icode= >,1bf4_A_A,1.6
288,9.619,GLU, ,O,22.86,9.90,0.0,3.26,1.0,<Residue GLU het=  resseq=36 icode= >,1bf4_A_A,1.6
289,6.023,GLU, ,CB,22.25,7.90,0.0,2.49,1.0,<Residue GLU het=  resseq=36 icode= >,1bf4_A_A,1.6
290,2.914,GLU, ,CG,27.93,7.59,0.0,1.36,1.0,<Residue GLU het=  resseq=36 icode= >,1bf4_A_A,1.6
291,4.409,GLU, ,CD,27.32,6.50,0.0,2.82,1.0,<Residue GLU het=  resseq=36 icode= >,1bf4_A_A,1.6
292,15.393,GLU, ,OE1,29.08,5.36,1.793,2.68,1.0,<Residue GLU het=  resseq=36 icode= >,1bf4_A_A,1.6
293,29.057,GLU, ,OE2,33.55,6.98,0.0,1.29,1.0,<Residue GLU het=  resseq=36 icode= >,1bf4_A_A,1.6
294,12.362,GLY, ,N,21.97,9.82,0.0,3.17,1.0,<Residue GLY het=  resseq=37 icode= >,1bf4_A_A,1.6
295,41.379,GLY, ,CA,24.48,10.46,0.0,2.06,1.0,<Residue GLY het=  resseq=37 icode= >,1bf4_A_A,1.6
296,5.28,GLY, ,C,23.19,9.61,0.0,3.40,1.0,<Residue GLY het=  resseq=37 icode= >,1bf4_A_A,1.6
297,4.233,GLY, ,O,22.26,8.42,0.0,4.12,1.0,<Residue GLY het=  resseq=37 icode= >,1bf4_A_A,1.6
298,16.888,GLY, ,N,21.81,10.37,0.0,3.08,1.0,<Residue GLY het=  resseq=38 icode= >,1bf4_A_A,1.6
299,41.096,GLY, ,CA,22.02,9.76,0.0,2.23,1.0,<Residue GLY het=  resseq=38 icode= >,1bf4_A_A,1.6
300,4.542,GLY, ,C,21.85,8.95,0.0,2.75,1.0,<Residue GLY het=  resseq=38 icode= >,1bf4_A_A,1.6
301,18.342,GLY, ,O,22.04,8.26,0.0,3.25,1.0,<Residue GLY het=  resseq=38 icode= >,1bf4_A_A,1.6
302,8.327,GLY, ,N,22.62,9.29,0.0,2.74,1.0,<Residue GLY het=  resseq=39 icode= >,1bf4_A_A,1.6
303,40.273,GLY, ,CA,22.76,8.90,0.0,2.27,1.0,<Residue GLY het=  resseq=39 icode= >,1bf4_A_A,1.6
304,2.622,GLY, ,C,23.09,7.46,0.0,2.51,1.0,<Residue GLY het=  resseq=39 icode= >,1bf4_A_A,1.6
305,27.842,GLY, ,O,24.77,7.05,0.0,2.73,1.0,<Residue GLY het=  resseq=39 icode= >,1bf4_A_A,1.6
306,0.0,LYS, ,N,21.11,6.90,0.0,2.87,1.0,<Residue LYS het=  resseq=40 icode= >,1bf4_A_A,1.6
307,0.375,LYS, ,CA,21.01,5.61,0.0,2.35,1.0,<Residue LYS het=  resseq=40 icode= >,1bf4_A_A,1.6
308,0.305,LYS, ,C,19.53,5.94,0.0,3.19,1.0,<Residue LYS het=  resseq=40 icode= >,1bf4_A_A,1.6
309,2.0,LYS, ,O,19.36,7.12,0.0,3.91,1.0,<Residue LYS het=  resseq=40 icode= >,1bf4_A_A,1.6
310,7.114,LYS, ,CB,24.0,4.99,3.223,1.80,1.0,<Residue LYS het=  resseq=40 icode= >,1bf4_A_A,1.6
311,18.225,LYS, ,CG,27.93,4.66,2.88,1.20,1.0,<Residue LYS het=  resseq=40 icode= >,1bf4_A_A,1.6
312,15.526,LYS, ,CD,29.32,4.03,4.105,1.32,1.0,<Residue LYS het=  resseq=40 icode= >,1bf4_A_A,1.6
313,49.395,LYS, ,CE,35.7,3.73,15.469,0.34,1.0,<Residue LYS het=  resseq=40 icode= >,1bf4_A_A,1.6
314,40.844,LYS, ,NZ,38.36,5.01,0.0,1.03,1.0,<Residue LYS het=  resseq=40 icode= >,1bf4_A_A,1.6
315,3.147,THR, ,N,18.13,5.11,0.967,3.98,1.0,<Residue THR het=  resseq=41 icode= >,1bf4_A_A,1.6
316,0.0,THR, ,CA,18.56,4.74,0.0,3.00,1.0,<Residue THR het=  resseq=41 icode= >,1bf4_A_A,1.6
317,0.0,THR, ,C,19.56,4.41,0.0,2.97,1.0,<Residue THR het=  resseq=41 icode= >,1bf4_A_A,1.6
318,22.859,THR, ,O,17.56,3.59,21.142,4.21,1.0,<Residue THR het=  resseq=41 icode= >,1bf4_A_A,1.6
319,15.956,THR, ,CB,18.34,3.35,11.445,2.63,1.0,<Residue THR het=  resseq=41 icode= >,1bf4_A_A,1.6
320,9.096,THR, ,OG1,17.63,3.82,0.225,3.78,1.0,<Residue THR het=  resseq=41 icode= >,1bf4_A_A,1.6
321,12.397,THR, ,CG2,22.21,3.22,11.979,1.82,1.0,<Residue THR het=  resseq=41 icode= >,1bf4_A_A,1.6
322,0.0,GLY, ,N,15.64,5.36,0.0,3.83,1.0,<Residue GLY het=  resseq=42 icode= >,1bf4_A_A,1.6
323,8.39,GLY, ,CA,14.77,5.61,0.0,2.87,1.0,<Residue GLY het=  resseq=42 icode= >,1bf4_A_A,1.6
324,0.0,GLY, ,C,13.02,5.38,0.0,3.72,1.0,<Residue GLY het=  resseq=42 icode= >,1bf4_A_A,1.6
325,0.0,GLY, ,O,11.82,5.28,0.0,4.46,1.0,<Residue GLY het=  resseq=42 icode= >,1bf4_A_A,1.6
326,4.014,ARG, ,N,15.47,5.74,0.0,3.57,1.0,<Residue ARG het=  resseq=43 icode= >,1bf4_A_A,1.6
327,0.0,ARG, ,CA,14.1,6.14,0.0,2.74,1.0,<Residue ARG het=  resseq=43 icode= >,1bf4_A_A,1.6
328,0.0,ARG, ,C,15.0,6.92,0.0,3.11,1.0,<Residue ARG het=  resseq=43 icode= >,1bf4_A_A,1.6
329,1.649,ARG, ,O,14.41,6.83,0.0,4.54,1.0,<Residue ARG het=  resseq=43 icode= >,1bf4_A_A,1.6
330,5.504,ARG, ,CB,13.25,5.63,0.066,3.16,1.0,<Residue ARG het=  resseq=43 icode= >,1bf4_A_A,1.6
331,6.177,ARG, ,CG,12.7,4.38,2.448,2.73,1.0,<Residue ARG het=  resseq=43 icode= >,1bf4_A_A,1.6
332,28.936,ARG, ,CD,12.06,3.54,19.301,2.96,1.0,<Residue ARG het=  resseq=43 icode= >,1bf4_A_A,1.6
333,4.482,ARG, ,NE,10.64,3.44,2.535,4.25,1.0,<Residue ARG het=  resseq=43 icode= >,1bf4_A_A,1.6
334,4.9,ARG, ,CZ,9.9,3.24,4.9,3.90,1.0,<Residue ARG het=  resseq=43 icode= >,1bf4_A_A,1.6
335,49.026,ARG, ,NH1,11.51,2.91,47.445,3.65,1.0,<Residue ARG het=  resseq=43 icode= >,1bf4_A_A,1.6
336,36.889,ARG, ,NH2,12.91,4.00,19.145,3.24,1.0,<Residue ARG het=  resseq=43 icode= >,1bf4_A_A,1.6
337,0.736,GLY, ,N,13.3,6.51,0.0,3.82,1.0,<Residue GLY het=  resseq=44 icode= >,1bf4_A_A,1.6
338,0.0,GLY, ,CA,15.51,5.86,0.0,2.46,1.0,<Residue GLY het=  resseq=44 icode= >,1bf4_A_A,1.6
339,1.569,GLY, ,C,13.63,5.46,0.0,3.51,1.0,<Residue GLY het=  resseq=44 icode= >,1bf4_A_A,1.6
340,0.691,GLY, ,O,13.51,5.79,0.0,4.36,1.0,<Residue GLY het=  resseq=44 icode= >,1bf4_A_A,1.6
341,0.972,ALA, ,N,13.8,4.76,0.777,3.42,1.0,<Residue ALA het=  resseq=45 icode= >,1bf4_A_A,1.6
342,0.0,ALA, ,CA,13.76,4.90,0.0,2.67,1.0,<Residue ALA het=  resseq=45 icode= >,1bf4_A_A,1.6
343,0.958,ALA, ,C,14.18,4.37,0.958,2.79,1.0,<Residue ALA het=  resseq=45 icode= >,1bf4_A_A,1.6
344,11.741,ALA, ,O,13.23,4.05,10.107,4.07,1.0,<Residue ALA het=  resseq=45 icode= >,1bf4_A_A,1.6
345,20.919,ALA, ,CB,11.37,3.69,20.342,2.61,1.0,<Residue ALA het=  resseq=45 icode= >,1bf4_A_A,1.6
346,0.0,VAL, ,N,12.61,4.36,0.0,3.97,1.0,<Residue VAL het=  resseq=46 icode= >,1bf4_A_A,1.6
347,7.349,VAL, ,CA,14.14,4.15,4.485,3.51,1.0,<Residue VAL het=  resseq=46 icode= >,1bf4_A_A,1.6
348,2.301,VAL, ,C,13.54,3.92,2.301,3.49,1.0,<Residue VAL het=  resseq=46 icode= >,1bf4_A_A,1.6
349,0.0,VAL, ,O,13.73,4.03,0.0,4.63,1.0,<Residue VAL het=  resseq=46 icode= >,1bf4_A_A,1.6
350,0.838,VAL, ,CB,11.98,5.59,0.0,3.62,1.0,<Residue VAL het=  resseq=46 icode= >,1bf4_A_A,1.6
351,2.93,VAL, ,CG1,16.27,6.23,0.0,2.16,1.0,<Residue VAL het=  resseq=46 icode= >,1bf4_A_A,1.6
352,0.0,VAL, ,CG2,11.58,6.60,0.0,3.12,1.0,<Residue VAL het=  resseq=46 icode= >,1bf4_A_A,1.6
353,5.952,SER, ,N,16.49,3.83,3.465,3.64,1.0,<Residue SER het=  resseq=47 icode= >,1bf4_A_A,1.6
354,4.769,SER, ,CA,17.39,3.65,4.769,2.70,1.0,<Residue SER het=  resseq=47 icode= >,1bf4_A_A,1.6
355,0.0,SER, ,C,14.98,4.94,0.0,3.82,1.0,<Residue SER het=  resseq=47 icode= >,1bf4_A_A,1.6
356,0.0,SER, ,O,17.26,5.98,0.0,3.73,1.0,<Residue SER het=  resseq=47 icode= >,1bf4_A_A,1.6
357,34.811,SER, ,CB,16.04,3.32,18.879,2.86,1.0,<Residue SER het=  resseq=47 icode= >,1bf4_A_A,1.6
358,6.866,SER, ,OG,19.45,2.59,6.219,3.14,1.0,<Residue SER het=  resseq=47 icode= >,1bf4_A_A,1.6
359,0.0,GLU, ,N,17.14,4.88,0.0,3.47,1.0,<Residue GLU het=  resseq=48 icode= >,1bf4_A_A,1.6
360,0.0,GLU, ,CA,20.27,6.04,0.0,2.42,1.0,<Residue GLU het=  resseq=48 icode= >,1bf4_A_A,1.6
361,0.049,GLU, ,C,24.31,6.28,0.0,2.78,1.0,<Residue GLU het=  resseq=48 icode= >,1bf4_A_A,1.6
362,10.254,GLU, ,O,23.91,7.48,0.0,3.44,1.0,<Residue GLU het=  resseq=48 icode= >,1bf4_A_A,1.6
363,3.486,GLU, ,CB,21.14,6.24,0.0,2.09,1.0,<Residue GLU het=  resseq=48 icode= >,1bf4_A_A,1.6
364,3.118,GLU, ,CG,22.67,5.42,0.0,2.13,1.0,<Residue GLU het=  resseq=48 icode= >,1bf4_A_A,1.6
365,8.142,GLU, ,CD,23.44,6.25,0.0,3.11,1.0,<Residue GLU het=  resseq=48 icode= >,1bf4_A_A,1.6
366,12.903,GLU, ,OE1,19.39,7.33,0.0,3.56,1.0,<Residue GLU het=  resseq=48 icode= >,1bf4_A_A,1.6
367,18.825,GLU, ,OE2,24.15,6.07,0.0,3.61,1.0,<Residue GLU het=  resseq=48 icode= >,1bf4_A_A,1.6
368,0.0,LYS, ,N,28.3,5.36,0.0,2.11,1.0,<Residue LYS het=  resseq=49 icode= >,1bf4_A_A,1.6
369,9.229,LYS, ,CA,32.82,5.99,0.0,2.45,1.0,<Residue LYS het=  resseq=49 icode= >,1bf4_A_A,1.6
370,2.065,LYS, ,C,35.59,6.89,0.0,2.63,1.0,<Residue LYS het=  resseq=49 icode= >,1bf4_A_A,1.6
371,26.823,LYS, ,O,34.7,8.07,0.0,2.42,1.0,<Residue LYS het=  resseq=49 icode= >,1bf4_A_A,1.6
372,14.055,LYS, ,CB,34.15,5.19,0.0,1.77,1.0,<Residue LYS het=  resseq=49 icode= >,1bf4_A_A,1.6
373,5.707,LYS, ,CG,38.76,4.55,0.409,1.65,1.0,<Residue LYS het=  resseq=49 icode= >,1bf4_A_A,1.6
374,29.612,LYS, ,CD,46.44,4.26,6.258,0.54,1.0,<Residue LYS het=  resseq=49 icode= >,1bf4_A_A,1.6
375,49.877,LYS, ,CE,50.46,5.75,0.0,0.56,1.0,<Residue LYS het=  resseq=49 icode= >,1bf4_A_A,1.6
376,39.17,LYS, ,NZ,53.45,6.77,0.0,-0.28,1.0,<Residue LYS het=  resseq=49 icode= >,1bf4_A_A,1.6
377,0.985,ASP, ,N,38.02,6.55,0.0,1.45,1.0,<Residue ASP het=  resseq=50 icode= >,1bf4_A_A,1.6
378,12.647,ASP, ,CA,41.35,7.65,0.0,0.55,1.0,<Residue ASP het=  resseq=50 icode= >,1bf4_A_A,1.6
379,0.0,ASP, ,C,40.0,8.73,0.0,1.87,1.0,<Residue ASP het=  resseq=50 icode= >,1bf4_A_A,1.6
380,18.778,ASP, ,O,40.11,9.84,0.0,1.67,1.0,<Residue ASP het=  resseq=50 icode= >,1bf4_A_A,1.6
381,7.991,ASP, ,CB,42.74,7.33,0.0,1.43,1.0,<Residue ASP het=  resseq=50 icode= >,1bf4_A_A,1.6
382,4.576,ASP, ,CG,48.45,8.29,0.0,1.22,1.0,<Residue ASP het=  resseq=50 icode= >,1bf4_A_A,1.6
383,5.435,ASP, ,OD1,49.64,8.75,0.0,0.93,1.0,<Residue ASP het=  resseq=50 icode= >,1bf4_A_A,1.6
384,36.043,ASP, ,OD2,50.85,8.49,0.0,0.56,1.0,<Residue ASP het=  resseq=50 icode= >,1bf4_A_A,1.6
385,0.0,ALA, ,N,38.43,8.56,0.0,1.37,1.0,<Residue ALA het=  resseq=51 icode= >,1bf4_A_A,1.6
386,0.0,ALA, ,CA,34.56,9.62,0.0,1.56,1.0,<Residue ALA het=  resseq=51 icode= >,1bf4_A_A,1.6
387,0.0,ALA, ,C,32.74,10.98,0.0,2.73,1.0,<Residue ALA het=  resseq=51 icode= >,1bf4_A_A,1.6
388,8.503,ALA, ,O,32.04,11.23,0.0,3.11,1.0,<Residue ALA het=  resseq=51 icode= >,1bf4_A_A,1.6
389,0.0,ALA, ,CB,31.59,9.20,0.0,1.61,1.0,<Residue ALA het=  resseq=51 icode= >,1bf4_A_A,1.6
390,0.0,PRO, ,N,30.4,11.94,0.0,2.94,1.0,<Residue PRO het=  resseq=52 icode= >,1bf4_A_A,1.6
391,11.672,PRO, ,CA,29.11,13.36,0.0,2.38,1.0,<Residue PRO het=  resseq=52 icode= >,1bf4_A_A,1.6
392,0.0,PRO, ,C,28.77,13.77,0.0,2.44,1.0,<Residue PRO het=  resseq=52 icode= >,1bf4_A_A,1.6
393,0.0,PRO, ,O,25.08,13.39,0.0,2.82,1.0,<Residue PRO het=  resseq=52 icode= >,1bf4_A_A,1.6
394,9.895,PRO, ,CB,27.76,13.75,0.0,2.08,1.0,<Residue PRO het=  resseq=52 icode= >,1bf4_A_A,1.6
395,14.325,PRO, ,CG,30.8,12.63,0.0,1.00,1.0,<Residue PRO het=  resseq=52 icode= >,1bf4_A_A,1.6
396,0.097,PRO, ,CD,29.95,11.38,0.0,1.56,1.0,<Residue PRO het=  resseq=52 icode= >,1bf4_A_A,1.6
397,6.298,LYS, ,N,29.87,14.65,0.0,2.23,1.0,<Residue LYS het=  resseq=53 icode= >,1bf4_A_A,1.6
398,0.087,LYS, ,CA,31.24,15.28,0.0,1.90,1.0,<Residue LYS het=  resseq=53 icode= >,1bf4_A_A,1.6
399,0.0,LYS, ,C,30.65,16.14,0.0,2.75,1.0,<Residue LYS het=  resseq=53 icode= >,1bf4_A_A,1.6
400,0.021,LYS, ,O,31.38,16.36,0.0,2.27,1.0,<Residue LYS het=  resseq=53 icode= >,1bf4_A_A,1.6
401,11.3,LYS, ,CB,31.87,16.20,0.0,1.41,1.0,<Residue LYS het=  resseq=53 icode= >,1bf4_A_A,1.6
402,17.464,LYS, ,CG,35.15,15.56,0.0,0.89,1.0,<Residue LYS het=  resseq=53 icode= >,1bf4_A_A,1.6
403,30.996,LYS, ,CD,38.52,16.69,0.0,0.33,1.0,<Residue LYS het=  resseq=53 icode= >,1bf4_A_A,1.6
404,45.561,LYS, ,CE,38.49,16.52,0.0,-0.07,1.0,<Residue LYS het=  resseq=53 icode= >,1bf4_A_A,1.6
405,49.442,LYS, ,NZ,35.94,17.83,0.0,1.11,1.0,<Residue LYS het=  resseq=53 icode= >,1bf4_A_A,1.6
406,2.882,GLU, ,N,31.06,16.60,0.0,2.59,1.0,<Residue GLU het=  resseq=54 icode= >,1bf4_A_A,1.6
407,0.349,GLU, ,CA,30.31,17.22,0.0,1.88,1.0,<Residue GLU het=  resseq=54 icode= >,1bf4_A_A,1.6
408,0.0,GLU, ,C,26.83,16.32,0.0,2.58,1.0,<Residue GLU het=  resseq=54 icode= >,1bf4_A_A,1.6
409,0.995,GLU, ,O,26.28,16.36,0.0,2.76,1.0,<Residue GLU het=  resseq=54 icode= >,1bf4_A_A,1.6
410,8.733,GLU, ,CB,33.66,17.61,0.0,1.93,1.0,<Residue GLU het=  resseq=54 icode= >,1bf4_A_A,1.6
411,22.235,GLU, ,CG,41.51,18.72,0.0,0.49,1.0,<Residue GLU het=  resseq=54 icode= >,1bf4_A_A,1.6
412,8.185,GLU, ,CD,44.83,19.21,0.0,1.06,1.0,<Residue GLU het=  resseq=54 icode= >,1bf4_A_A,1.6
413,13.941,GLU, ,OE1,43.93,19.45,0.0,1.70,1.0,<Residue GLU het=  resseq=54 icode= >,1bf4_A_A,1.6
414,18.522,GLU, ,OE2,46.24,19.47,0.0,1.01,1.0,<Residue GLU het=  resseq=54 icode= >,1bf4_A_A,1.6
415,0.0,LEU, ,N,22.18,15.05,0.0,3.08,1.0,<Residue LEU het=  resseq=55 icode= >,1bf4_A_A,1.6
416,0.0,LEU, ,CA,21.32,14.13,0.0,2.52,1.0,<Residue LEU het=  resseq=55 icode= >,1bf4_A_A,1.6
417,0.0,LEU, ,C,21.5,13.96,0.0,3.02,1.0,<Residue LEU het=  resseq=55 icode= >,1bf4_A_A,1.6
418,0.0,LEU, ,O,21.03,13.24,0.0,3.74,1.0,<Residue LEU het=  resseq=55 icode= >,1bf4_A_A,1.6
419,0.0,LEU, ,CB,19.69,12.76,0.0,2.16,1.0,<Residue LEU het=  resseq=55 icode= >,1bf4_A_A,1.6
420,0.0,LEU, ,CG,19.09,11.74,0.0,2.16,1.0,<Residue LEU het=  resseq=55 icode= >,1bf4_A_A,1.6
421,0.0,LEU, ,CD1,16.99,12.42,0.0,1.88,1.0,<Residue LEU het=  resseq=55 icode= >,1bf4_A_A,1.6
422,0.0,LEU, ,CD2,16.15,10.38,0.0,2.78,1.0,<Residue LEU het=  resseq=55 icode= >,1bf4_A_A,1.6
423,0.0,LEU, ,N,23.32,13.76,0.0,2.76,1.0,<Residue LEU het=  resseq=56 icode= >,1bf4_A_A,1.6
424,0.0,LEU, ,CA,24.39,13.79,0.0,2.44,1.0,<Residue LEU het=  resseq=56 icode= >,1bf4_A_A,1.6
425,0.0,LEU, ,C,27.03,14.21,0.0,2.55,1.0,<Residue LEU het=  resseq=56 icode= >,1bf4_A_A,1.6
426,3.312,LEU, ,O,26.68,13.36,0.0,3.14,1.0,<Residue LEU het=  resseq=56 icode= >,1bf4_A_A,1.6
427,11.147,LEU, ,CB,24.97,13.35,0.0,1.96,1.0,<Residue LEU het=  resseq=56 icode= >,1bf4_A_A,1.6
428,0.0,LEU, ,CG,22.28,11.91,0.0,2.11,1.0,<Residue LEU het=  resseq=56 icode= >,1bf4_A_A,1.6
429,26.468,LEU, ,CD1,25.59,11.64,0.0,1.51,1.0,<Residue LEU het=  resseq=56 icode= >,1bf4_A_A,1.6
430,4.749,LEU, ,CD2,21.3,11.06,0.0,2.04,1.0,<Residue LEU het=  resseq=56 icode= >,1bf4_A_A,1.6
431,0.0,GLN, ,N,28.55,15.18,0.0,2.48,1.0,<Residue GLN het=  resseq=57 icode= >,1bf4_A_A,1.6
432,0.0,GLN, ,CA,27.62,15.40,0.0,2.63,1.0,<Residue GLN het=  resseq=57 icode= >,1bf4_A_A,1.6
433,0.065,GLN, ,C,27.59,14.35,0.0,3.15,1.0,<Residue GLN het=  resseq=57 icode= >,1bf4_A_A,1.6
434,0.0,GLN, ,O,24.63,14.07,0.0,3.12,1.0,<Residue GLN het=  resseq=57 icode= >,1bf4_A_A,1.6
435,2.982,GLN, ,CB,30.63,16.76,0.0,1.25,1.0,<Residue GLN het=  resseq=57 icode= >,1bf4_A_A,1.6
436,11.049,GLN, ,CG,36.52,17.92,0.0,1.21,1.0,<Residue GLN het=  resseq=57 icode= >,1bf4_A_A,1.6
437,4.551,GLN, ,CD,40.95,19.22,0.0,1.36,1.0,<Residue GLN het=  resseq=57 icode= >,1bf4_A_A,1.6
438,24.964,GLN, ,OE1,41.74,19.41,0.0,1.10,1.0,<Residue GLN het=  resseq=57 icode= >,1bf4_A_A,1.6
439,32.411,GLN, ,NE2,44.34,19.28,0.0,0.47,1.0,<Residue GLN het=  resseq=57 icode= >,1bf4_A_A,1.6
440,0.23,MET, ,N,31.26,13.96,0.0,2.54,1.0,<Residue MET het=  resseq=58 icode= >,1bf4_A_A,1.6
441,1.663,MET, ,CA,34.5,13.07,0.0,1.89,1.0,<Residue MET het=  resseq=58 icode= >,1bf4_A_A,1.6
442,0.0,MET, ,C,37.1,11.72,0.0,2.55,1.0,<Residue MET het=  resseq=58 icode= >,1bf4_A_A,1.6
443,0.0,MET, ,O,38.67,11.20,0.0,1.47,1.0,<Residue MET het=  resseq=58 icode= >,1bf4_A_A,1.6
444,0.0,MET, ,CB,33.99,13.02,0.0,1.48,1.0,<Residue MET het=  resseq=58 icode= >,1bf4_A_A,1.6
445,18.999,MET, ,CG,29.21,14.30,0.0,2.37,1.0,<Residue MET het=  resseq=58 icode= >,1bf4_A_A,1.6
446,6.495,MET, ,SD,35.67,14.04,0.0,3.63,1.0,<Residue MET het=  resseq=58 icode= >,1bf4_A_A,1.6
447,12.612,MET, ,CE,30.86,13.00,0.0,2.09,1.0,<Residue MET het=  resseq=58 icode= >,1bf4_A_A,1.6
448,0.0,LEU, ,N,41.32,11.32,0.0,2.23,1.0,<Residue LEU het=  resseq=59 icode= >,1bf4_A_A,1.6
449,0.0,LEU, ,CA,44.01,10.14,0.0,2.62,1.0,<Residue LEU het=  resseq=59 icode= >,1bf4_A_A,1.6
450,0.0,LEU, ,C,48.39,10.36,0.0,1.72,1.0,<Residue LEU het=  resseq=59 icode= >,1bf4_A_A,1.6
451,0.0,LEU, ,O,52.03,9.70,0.0,0.83,1.0,<Residue LEU het=  resseq=59 icode= >,1bf4_A_A,1.6
452,2.217,LEU, ,CB,43.55,10.26,0.0,0.77,1.0,<Residue LEU het=  resseq=59 icode= >,1bf4_A_A,1.6
453,0.0,LEU, ,CG,41.12,9.24,0.0,1.34,1.0,<Residue LEU het=  resseq=59 icode= >,1bf4_A_A,1.6
454,7.592,LEU, ,CD1,40.1,9.93,0.0,1.10,1.0,<Residue LEU het=  resseq=59 icode= >,1bf4_A_A,1.6
455,0.109,LEU, ,CD2,37.2,7.87,0.0,1.37,1.0,<Residue LEU het=  resseq=59 icode= >,1bf4_A_A,1.6
456,0.528,GLU, ,N,52.09,11.51,0.0,1.08,1.0,<Residue GLU het=  resseq=60 icode= >,1bf4_A_A,1.6
457,6.575,GLU, ,CA,56.34,12.06,0.0,0.89,1.0,<Residue GLU het=  resseq=60 icode= >,1bf4_A_A,1.6
458,0.921,GLU, ,C,58.39,12.30,0.0,1.51,1.0,<Residue GLU het=  resseq=60 icode= >,1bf4_A_A,1.6
459,24.296,GLU, ,O,58.63,12.22,0.0,1.29,1.0,<Residue GLU het=  resseq=60 icode= >,1bf4_A_A,1.6
460,30.166,GLU, ,CB,56.53,13.44,0.0,1.21,1.0,<Residue GLU het=  resseq=60 icode= >,1bf4_A_A,1.6
461,0.088,GLU, ,CG,59.67,14.34,0.0,0.27,1.0,<Residue GLU het=  resseq=60 icode= >,1bf4_A_A,1.6
462,4.981,GLU, ,CD,61.16,15.70,0.0,1.09,1.0,<Residue GLU het=  resseq=60 icode= >,1bf4_A_A,1.6
463,32.428,GLU, ,OE1,61.53,15.86,0.0,0.87,1.0,<Residue GLU het=  resseq=60 icode= >,1bf4_A_A,1.6
464,22.79,GLU, ,OE2,60.81,16.70,0.0,0.99,1.0,<Residue GLU het=  resseq=60 icode= >,1bf4_A_A,1.6
465,0.0,LYS, ,N,63.64,12.75,0.0,0.31,1.0,<Residue LYS het=  resseq=61 icode= >,1bf4_A_A,1.6
466,6.708,LYS, ,CA,67.26,13.24,0.0,0.67,1.0,<Residue LYS het=  resseq=61 icode= >,1bf4_A_A,1.6
467,2.504,LYS, ,C,69.23,12.30,0.0,1.07,1.0,<Residue LYS het=  resseq=61 icode= >,1bf4_A_A,1.6
468,26.408,LYS, ,O,70.46,12.83,0.0,0.65,1.0,<Residue LYS het=  resseq=61 icode= >,1bf4_A_A,1.6
469,13.913,LYS, ,CB,67.74,14.47,0.0,0.14,1.0,<Residue LYS het=  resseq=61 icode= >,1bf4_A_A,1.6
470,13.285,LYS, ,CG,68.28,15.59,0.0,0.40,1.0,<Residue LYS het=  resseq=61 icode= >,1bf4_A_A,1.6
471,30.052,LYS, ,CD,67.85,16.86,0.0,0.34,1.0,<Residue LYS het=  resseq=61 icode= >,1bf4_A_A,1.6
472,42.881,LYS, ,CE,66.81,17.90,0.0,0.63,1.0,<Residue LYS het=  resseq=61 icode= >,1bf4_A_A,1.6
473,4.892,LYS, ,NZ,63.53,17.49,0.0,0.45,1.0,<Residue LYS het=  resseq=61 icode= >,1bf4_A_A,1.6
474,0.0,GLN, ,N,71.15,11.03,0.0,0.98,1.0,<Residue GLN het=  resseq=62 icode= >,1bf4_A_A,1.6
475,4.183,GLN, ,CA,74.05,10.16,0.0,0.87,1.0,<Residue GLN het=  resseq=62 icode= >,1bf4_A_A,1.6
476,0.0,GLN, ,C,74.58,8.96,0.0,0.70,1.0,<Residue GLN het=  resseq=62 icode= >,1bf4_A_A,1.6
477,6.201,GLN, ,O,76.47,9.13,0.0,-0.08,1.0,<Residue GLN het=  resseq=62 icode= >,1bf4_A_A,1.6
478,1.61,GLN, ,CB,76.45,9.90,0.0,0.00,1.0,<Residue GLN het=  resseq=62 icode= >,1bf4_A_A,1.6
479,16.079,GLN, ,CG,80.21,11.24,0.0,-0.50,1.0,<Residue GLN het=  resseq=62 icode= >,1bf4_A_A,1.6
480,4.411,GLN, ,CD,81.44,11.29,0.0,0.01,1.0,<Residue GLN het=  resseq=62 icode= >,1bf4_A_A,1.6
481,28.349,GLN, ,OE1,82.89,11.97,0.0,0.05,1.0,<Residue GLN het=  resseq=62 icode= >,1bf4_A_A,1.6
482,0.274,GLN, ,NE2,80.24,10.60,0.0,0.43,1.0,<Residue GLN het=  resseq=62 icode= >,1bf4_A_A,1.6
483,0.0,LYS, ,N,73.56,7.96,0.0,0.46,0.2,<Residue LYS het=  resseq=63 icode= >,1bf4_A_A,1.6
484,2.019,LYS, ,CA,72.34,6.82,0.0,-0.21,0.2,<Residue LYS het=  resseq=63 icode= >,1bf4_A_A,1.6
485,5.085,LYS, ,C,71.76,6.17,0.0,-0.92,0.2,<Residue LYS het=  resseq=63 icode= >,1bf4_A_A,1.6
486,23.21,LYS, ,O,71.65,5.74,0.0,-0.49,0.2,<Residue LYS het=  resseq=63 icode= >,1bf4_A_A,1.6
487,16.114,LYS, ,CB,72.2,7.51,0.0,-0.07,0.2,<Residue LYS het=  resseq=63 icode= >,1bf4_A_A,1.6
488,11.299,LYS, ,CG,72.35,7.93,0.0,-0.32,0.2,<Residue LYS het=  resseq=63 icode= >,1bf4_A_A,1.6
489,19.552,LYS, ,CD,72.4,6.92,0.0,-0.87,0.2,<Residue LYS het=  resseq=63 icode= >,1bf4_A_A,1.6
490,27.401,LYS, ,CE,72.03,7.80,0.0,0.27,0.2,<Residue LYS het=  resseq=63 icode= >,1bf4_A_A,1.6
491,28.948,LYS, ,NZ,71.73,7.27,0.0,0.38,0.2,<Residue LYS het=  resseq=63 icode= >,1bf4_A_A,1.6
492,0.398,LYS, ,N,70.96,6.50,0.0,-0.54,0.2,<Residue LYS het=  resseq=64 icode= >,1bf4_A_A,1.6
493,10.91,LYS, ,CA,70.07,6.45,0.0,0.47,0.2,<Residue LYS het=  resseq=64 icode= >,1bf4_A_A,1.6
494,4.381,LYS, ,C,69.76,6.49,0.0,-0.11,0.2,<Residue LYS het=  resseq=64 icode= >,1bf4_A_A,1.6
495,3.332,LYS, ,O,69.61,6.61,0.0,0.20,0.2,<Residue LYS het=  resseq=64 icode= >,1bf4_A_A,1.6
496,19.695,LYS, ,CB,69.79,7.85,0.0,-0.18,0.2,<Residue LYS het=  resseq=64 icode= >,1bf4_A_A,1.6
497,7.18,LYS, ,CG,69.77,8.38,0.0,-0.06,0.2,<Residue LYS het=  resseq=64 icode= >,1bf4_A_A,1.6
498,32.773,LYS, ,CD,69.86,9.85,0.0,-0.04,0.2,<Residue LYS het=  resseq=64 icode= >,1bf4_A_A,1.6
499,43.07,LYS, ,CE,70.28,10.59,0.0,-0.25,0.2,<Residue LYS het=  resseq=64 icode= >,1bf4_A_A,1.6
500,44.005,LYS, ,NZ,70.8,10.19,0.0,-0.85,0.2,<Residue LYS het=  resseq=64 icode= >,1bf4_A_A,1.6
501,22.193,LYS, ,OXT,69.63,6.83,0.0,-0.45,0.2,<Residue LYS het=  resseq=64 icode= >,1bf4_A_A,1.6
