,ASA,aa,altloc,atom,bfac,d2r,dASA,dens,occ,residue,id,resolu
0,2.222,MET, ,N,22.87,1000.00,0.0,2.82,1.0,<Residue MET het=  resseq=1 icode= >,1c8c_A_A,1.45
1,2.096,MET, ,CA,41.08,1000.00,0.0,1.02,1.0,<Residue MET het=  resseq=1 icode= >,1c8c_A_A,1.45
2,0.753,MET, ,C,49.35,1000.00,0.0,0.35,1.0,<Residue MET het=  resseq=1 icode= >,1c8c_A_A,1.45
3,14.548,MET, ,O,63.95,1000.00,0.0,1.02,1.0,<Residue MET het=  resseq=1 icode= >,1c8c_A_A,1.45
4,26.042,MET, ,CB,48.29,1000.00,0.0,0.39,1.0,<Residue MET het=  resseq=1 icode= >,1c8c_A_A,1.45
5,37.213,MET, ,CG,52.9,1000.00,0.0,-0.22,1.0,<Residue MET het=  resseq=1 icode= >,1c8c_A_A,1.45
6,40.715,MET, ,SD,157.91,1000.00,0.0,0.69,1.0,<Residue MET het=  resseq=1 icode= >,1c8c_A_A,1.45
7,83.724,MET, ,CE,58.36,1000.00,0.0,0.69,1.0,<Residue MET het=  resseq=1 icode= >,1c8c_A_A,1.45
8,2.863,ALA, ,N,34.33,1000.00,0.0,1.93,1.0,<Residue ALA het=  resseq=2 icode= >,1c8c_A_A,1.45
9,9.873,ALA, ,CA,20.66,1000.00,0.0,2.57,1.0,<Residue ALA het=  resseq=2 icode= >,1c8c_A_A,1.45
10,0.0,ALA, ,C,28.91,1000.00,0.0,1.78,1.0,<Residue ALA het=  resseq=2 icode= >,1c8c_A_A,1.45
11,0.0,ALA, ,O,26.37,1000.00,0.0,2.58,1.0,<Residue ALA het=  resseq=2 icode= >,1c8c_A_A,1.45
12,39.664,ALA, ,CB,29.49,1000.00,0.0,1.40,1.0,<Residue ALA het=  resseq=2 icode= >,1c8c_A_A,1.45
13,3.661,THR, ,N,16.28,16.89,0.0,2.50,1.0,<Residue THR het=  resseq=3 icode= >,1c8c_A_A,1.45
14,0.0,THR, ,CA,13.12,15.78,0.0,2.88,1.0,<Residue THR het=  resseq=3 icode= >,1c8c_A_A,1.45
15,0.0,THR, ,C,17.34,14.43,0.0,2.71,1.0,<Residue THR het=  resseq=3 icode= >,1c8c_A_A,1.45
16,11.428,THR, ,O,19.53,14.31,0.0,3.46,1.0,<Residue THR het=  resseq=3 icode= >,1c8c_A_A,1.45
17,0.0,THR, ,CB,21.73,15.86,0.0,2.26,1.0,<Residue THR het=  resseq=3 icode= >,1c8c_A_A,1.45
18,9.905,THR, ,OG1,28.94,15.59,0.0,2.69,1.0,<Residue THR het=  resseq=3 icode= >,1c8c_A_A,1.45
19,31.248,THR, ,CG2,14.52,17.29,0.0,2.48,1.0,<Residue THR het=  resseq=3 icode= >,1c8c_A_A,1.45
20,0.0,VAL, ,N,17.88,13.46,0.0,3.39,1.0,<Residue VAL het=  resseq=4 icode= >,1c8c_A_A,1.45
21,1.034,VAL, ,CA,19.07,12.08,0.0,2.43,1.0,<Residue VAL het=  resseq=4 icode= >,1c8c_A_A,1.45
22,0.0,VAL, ,C,17.04,11.31,0.0,3.65,1.0,<Residue VAL het=  resseq=4 icode= >,1c8c_A_A,1.45
23,0.0,VAL, ,O,14.7,11.72,0.0,4.76,1.0,<Residue VAL het=  resseq=4 icode= >,1c8c_A_A,1.45
24,0.0,VAL, ,CB,15.69,11.62,0.0,3.45,1.0,<Residue VAL het=  resseq=4 icode= >,1c8c_A_A,1.45
25,0.0,VAL, ,CG1,21.54,11.93,0.0,1.85,1.0,<Residue VAL het=  resseq=4 icode= >,1c8c_A_A,1.45
26,1.494,VAL, ,CG2,21.6,10.13,0.0,2.43,1.0,<Residue VAL het=  resseq=4 icode= >,1c8c_A_A,1.45
27,5.291,LYS, ,N,18.42,10.46,0.0,4.03,1.0,<Residue LYS het=  resseq=5 icode= >,1c8c_A_A,1.45
28,0.0,LYS, ,CA,16.48,9.82,0.0,3.17,1.0,<Residue LYS het=  resseq=5 icode= >,1c8c_A_A,1.45
29,0.975,LYS, ,C,17.8,8.31,0.0,4.02,1.0,<Residue LYS het=  resseq=5 icode= >,1c8c_A_A,1.45
30,11.487,LYS, ,O,19.55,7.74,0.0,3.80,1.0,<Residue LYS het=  resseq=5 icode= >,1c8c_A_A,1.45
31,10.237,LYS, ,CB,22.37,10.23,0.0,1.82,1.0,<Residue LYS het=  resseq=5 icode= >,1c8c_A_A,1.45
32,0.685,LYS, ,CG,23.91,11.75,0.0,1.26,1.0,<Residue LYS het=  resseq=5 icode= >,1c8c_A_A,1.45
33,23.235,LYS, ,CD,22.0,12.28,0.0,0.89,1.0,<Residue LYS het=  resseq=5 icode= >,1c8c_A_A,1.45
34,34.113,LYS, ,CE,31.37,12.89,0.0,0.93,1.0,<Residue LYS het=  resseq=5 icode= >,1c8c_A_A,1.45
35,48.865,LYS, ,NZ,24.46,13.59,0.0,1.74,1.0,<Residue LYS het=  resseq=5 icode= >,1c8c_A_A,1.45
36,0.0,PHE, ,N,16.19,7.87,0.0,4.09,1.0,<Residue PHE het=  resseq=6 icode= >,1c8c_A_A,1.45
37,5.886,PHE, ,CA,16.72,6.49,0.0,3.06,1.0,<Residue PHE het=  resseq=6 icode= >,1c8c_A_A,1.45
38,0.0,PHE, ,C,17.06,6.40,0.0,3.21,1.0,<Residue PHE het=  resseq=6 icode= >,1c8c_A_A,1.45
39,0.0,PHE, ,O,20.16,7.51,0.0,3.99,1.0,<Residue PHE het=  resseq=6 icode= >,1c8c_A_A,1.45
40,0.0,PHE, ,CB,20.24,6.54,0.0,2.66,1.0,<Residue PHE het=  resseq=6 icode= >,1c8c_A_A,1.45
41,0.0,PHE, ,CG,12.42,7.47,0.0,3.53,1.0,<Residue PHE het=  resseq=6 icode= >,1c8c_A_A,1.45
42,0.0,PHE, ,CD1,15.35,8.80,0.0,3.11,1.0,<Residue PHE het=  resseq=6 icode= >,1c8c_A_A,1.45
43,0.0,PHE, ,CD2,11.71,6.61,0.0,4.38,1.0,<Residue PHE het=  resseq=6 icode= >,1c8c_A_A,1.45
44,0.0,PHE, ,CE1,15.22,9.33,0.0,2.78,1.0,<Residue PHE het=  resseq=6 icode= >,1c8c_A_A,1.45
45,0.0,PHE, ,CE2,12.99,7.31,0.0,3.88,1.0,<Residue PHE het=  resseq=6 icode= >,1c8c_A_A,1.45
46,0.0,PHE, ,CZ,16.87,8.68,0.0,2.33,1.0,<Residue PHE het=  resseq=6 icode= >,1c8c_A_A,1.45
47,5.029,LYS, ,N,26.88,5.28,1.926,2.05,1.0,<Residue LYS het=  resseq=7 icode= >,1c8c_A_A,1.45
48,0.0,LYS, ,CA,30.46,5.73,0.0,1.86,1.0,<Residue LYS het=  resseq=7 icode= >,1c8c_A_A,1.45
49,0.0,LYS, ,C,34.22,4.47,0.0,2.44,1.0,<Residue LYS het=  resseq=7 icode= >,1c8c_A_A,1.45
50,12.146,LYS, ,O,37.25,3.52,12.146,1.86,1.0,<Residue LYS het=  resseq=7 icode= >,1c8c_A_A,1.45
51,1.915,LYS, ,CB,47.89,5.32,0.0,0.52,1.0,<Residue LYS het=  resseq=7 icode= >,1c8c_A_A,1.45
52,19.415,LYS, ,CG,58.04,4.50,17.198,0.66,1.0,<Residue LYS het=  resseq=7 icode= >,1c8c_A_A,1.45
53,36.966,LYS, ,CD,58.45,5.04,3.237,-0.03,1.0,<Residue LYS het=  resseq=7 icode= >,1c8c_A_A,1.45
54,14.578,LYS, ,CE,54.63,6.22,0.0,0.08,1.0,<Residue LYS het=  resseq=7 icode= >,1c8c_A_A,1.45
55,33.318,LYS, ,NZ,50.89,6.20,0.0,0.30,1.0,<Residue LYS het=  resseq=7 icode= >,1c8c_A_A,1.45
56,0.0,TYR, ,N,30.93,4.36,0.0,2.33,1.0,<Residue TYR het=  resseq=8 icode= >,1c8c_A_A,1.45
57,1.864,TYR, ,CA,38.05,3.45,1.864,1.05,1.0,<Residue TYR het=  resseq=8 icode= >,1c8c_A_A,1.45
58,0.0,TYR, ,C,37.93,3.40,0.0,1.68,1.0,<Residue TYR het=  resseq=8 icode= >,1c8c_A_A,1.45
59,0.0,TYR, ,O,47.33,4.55,0.0,1.19,1.0,<Residue TYR het=  resseq=8 icode= >,1c8c_A_A,1.45
60,0.021,TYR, ,CB,30.58,4.48,0.0,1.14,1.0,<Residue TYR het=  resseq=8 icode= >,1c8c_A_A,1.45
61,0.0,TYR, ,CG,29.62,4.31,0.0,1.89,1.0,<Residue TYR het=  resseq=8 icode= >,1c8c_A_A,1.45
62,7.469,TYR, ,CD1,34.75,3.55,7.469,1.07,1.0,<Residue TYR het=  resseq=8 icode= >,1c8c_A_A,1.45
63,4.597,TYR, ,CD2,38.73,4.76,0.0,1.06,1.0,<Residue TYR het=  resseq=8 icode= >,1c8c_A_A,1.45
64,20.122,TYR, ,CE1,29.72,3.93,16.21,1.47,1.0,<Residue TYR het=  resseq=8 icode= >,1c8c_A_A,1.45
65,11.186,TYR, ,CE2,36.51,4.64,1.48,1.57,1.0,<Residue TYR het=  resseq=8 icode= >,1c8c_A_A,1.45
66,4.927,TYR, ,CZ,33.0,4.28,4.927,2.07,1.0,<Residue TYR het=  resseq=8 icode= >,1c8c_A_A,1.45
67,16.442,TYR, ,OH,32.52,4.09,14.639,2.80,1.0,<Residue TYR het=  resseq=8 icode= >,1c8c_A_A,1.45
68,7.355,LYS, ,N,38.46,2.59,7.355,1.80,1.0,<Residue LYS het=  resseq=9 icode= >,1c8c_A_A,1.45
69,16.299,LYS, ,CA,48.12,3.25,11.085,1.16,1.0,<Residue LYS het=  resseq=9 icode= >,1c8c_A_A,1.45
70,4.674,LYS, ,C,51.59,4.17,0.0,1.38,1.0,<Residue LYS het=  resseq=9 icode= >,1c8c_A_A,1.45
71,14.174,LYS, ,O,47.77,5.37,0.0,1.12,1.0,<Residue LYS het=  resseq=9 icode= >,1c8c_A_A,1.45
72,27.467,LYS, ,CB,44.94,4.44,10.365,1.69,1.0,<Residue LYS het=  resseq=9 icode= >,1c8c_A_A,1.45
73,14.243,LYS, ,CG,60.14,5.01,2.335,0.23,1.0,<Residue LYS het=  resseq=9 icode= >,1c8c_A_A,1.45
74,1.205,LYS, ,CD,71.25,5.80,0.0,-0.29,1.0,<Residue LYS het=  resseq=9 icode= >,1c8c_A_A,1.45
75,38.239,LYS, ,CE,65.89,7.25,0.0,0.48,1.0,<Residue LYS het=  resseq=9 icode= >,1c8c_A_A,1.45
76,34.213,LYS, ,NZ,34.91,7.86,0.0,1.41,1.0,<Residue LYS het=  resseq=9 icode= >,1c8c_A_A,1.45
77,9.216,GLY, ,N,55.45,3.97,2.468,1.54,1.0,<Residue GLY het=  resseq=10 icode= >,1c8c_A_A,1.45
78,26.458,GLY, ,CA,67.02,5.26,0.0,1.17,1.0,<Residue GLY het=  resseq=10 icode= >,1c8c_A_A,1.45
79,3.351,GLY, ,C,73.55,6.10,0.0,1.57,1.0,<Residue GLY het=  resseq=10 icode= >,1c8c_A_A,1.45
80,7.544,GLY, ,O,79.67,6.49,0.0,1.08,1.0,<Residue GLY het=  resseq=10 icode= >,1c8c_A_A,1.45
81,5.437,GLU, ,N,78.32,6.71,0.0,0.70,1.0,<Residue GLU het=  resseq=11 icode= >,1c8c_A_A,1.45
82,6.814,GLU, ,CA,84.32,7.75,0.0,0.02,1.0,<Residue GLU het=  resseq=11 icode= >,1c8c_A_A,1.45
83,0.0,GLU, ,C,70.8,7.44,0.0,1.07,1.0,<Residue GLU het=  resseq=11 icode= >,1c8c_A_A,1.45
84,0.0,GLU, ,O,33.86,6.52,0.0,1.74,1.0,<Residue GLU het=  resseq=11 icode= >,1c8c_A_A,1.45
85,10.191,GLU, ,CB,97.13,8.71,0.0,0.17,1.0,<Residue GLU het=  resseq=11 icode= >,1c8c_A_A,1.45
86,18.764,GLU, ,CG,102.4,10.13,0.0,0.09,1.0,<Residue GLU het=  resseq=11 icode= >,1c8c_A_A,1.45
87,16.107,GLU, ,CD,104.64,11.23,0.0,-0.03,1.0,<Residue GLU het=  resseq=11 icode= >,1c8c_A_A,1.45
88,36.627,GLU, ,OE1,101.94,11.07,0.0,-0.01,1.0,<Residue GLU het=  resseq=11 icode= >,1c8c_A_A,1.45
89,42.111,GLU, ,OE2,101.14,12.39,0.0,-0.25,1.0,<Residue GLU het=  resseq=11 icode= >,1c8c_A_A,1.45
90,0.193,GLU, ,N,53.64,8.59,0.0,1.27,1.0,<Residue GLU het=  resseq=12 icode= >,1c8c_A_A,1.45
91,0.0,GLU, ,CA,58.44,9.02,0.0,1.00,1.0,<Residue GLU het=  resseq=12 icode= >,1c8c_A_A,1.45
92,0.471,GLU, ,C,45.17,9.58,0.0,0.75,1.0,<Residue GLU het=  resseq=12 icode= >,1c8c_A_A,1.45
93,20.763,GLU, ,O,40.39,10.30,0.0,1.26,1.0,<Residue GLU het=  resseq=12 icode= >,1c8c_A_A,1.45
94,25.064,GLU, ,CB,64.47,9.89,0.0,0.89,1.0,<Residue GLU het=  resseq=12 icode= >,1c8c_A_A,1.45
95,18.38,GLU, ,CG,63.34,8.88,0.0,1.42,1.0,<Residue GLU het=  resseq=12 icode= >,1c8c_A_A,1.45
96,8.156,GLU, ,CD,75.58,7.89,0.0,0.58,1.0,<Residue GLU het=  resseq=12 icode= >,1c8c_A_A,1.45
97,14.386,GLU, ,OE1,74.65,8.29,0.0,-0.00,1.0,<Residue GLU het=  resseq=12 icode= >,1c8c_A_A,1.45
98,24.592,GLU, ,OE2,103.23,6.89,0.0,0.03,1.0,<Residue GLU het=  resseq=12 icode= >,1c8c_A_A,1.45
99,0.0,LYS, ,N,23.77,9.47,0.0,2.64,1.0,<Residue LYS het=  resseq=13 icode= >,1c8c_A_A,1.45
100,6.621,LYS, ,CA,22.2,10.28,0.0,3.24,1.0,<Residue LYS het=  resseq=13 icode= >,1c8c_A_A,1.45
101,1.935,LYS, ,C,19.62,11.13,0.0,3.93,1.0,<Residue LYS het=  resseq=13 icode= >,1c8c_A_A,1.45
102,0.052,LYS, ,O,18.92,10.25,0.0,3.77,1.0,<Residue LYS het=  resseq=13 icode= >,1c8c_A_A,1.45
103,6.788,LYS, ,CB,24.85,9.53,0.0,1.79,1.0,<Residue LYS het=  resseq=13 icode= >,1c8c_A_A,1.45
104,0.0,LYS, ,CG,40.13,8.18,0.0,0.66,1.0,<Residue LYS het=  resseq=13 icode= >,1c8c_A_A,1.45
105,3.325,LYS, ,CD,54.28,8.08,0.0,0.95,1.0,<Residue LYS het=  resseq=13 icode= >,1c8c_A_A,1.45
106,12.722,LYS, ,CE,50.46,8.02,0.0,1.13,1.0,<Residue LYS het=  resseq=13 icode= >,1c8c_A_A,1.45
107,36.212,LYS, ,NZ,37.28,8.99,0.0,1.45,1.0,<Residue LYS het=  resseq=13 icode= >,1c8c_A_A,1.45
108,7.592,GLN, ,N,22.74,12.31,0.0,2.99,1.0,<Residue GLN het=  resseq=14 icode= >,1c8c_A_A,1.45
109,0.0,GLN, ,CA,17.56,12.87,0.0,3.07,1.0,<Residue GLN het=  resseq=14 icode= >,1c8c_A_A,1.45
110,0.0,GLN, ,C,27.57,13.70,0.0,2.63,1.0,<Residue GLN het=  resseq=14 icode= >,1c8c_A_A,1.45
111,25.784,GLN, ,O,28.53,14.47,0.0,2.87,1.0,<Residue GLN het=  resseq=14 icode= >,1c8c_A_A,1.45
112,14.396,GLN, ,CB,15.11,13.71,0.0,2.86,1.0,<Residue GLN het=  resseq=14 icode= >,1c8c_A_A,1.45
113,4.793,GLN, ,CG,17.53,14.46,0.0,2.31,1.0,<Residue GLN het=  resseq=14 icode= >,1c8c_A_A,1.45
114,5.287,GLN, ,CD,20.68,15.12,0.0,2.73,1.0,<Residue GLN het=  resseq=14 icode= >,1c8c_A_A,1.45
115,28.56,GLN, ,OE1,35.81,15.24,0.0,2.17,1.0,<Residue GLN het=  resseq=14 icode= >,1c8c_A_A,1.45
116,21.495,GLN, ,NE2,22.55,15.63,0.0,2.36,1.0,<Residue GLN het=  resseq=14 icode= >,1c8c_A_A,1.45
117,0.0,VAL, ,N,21.64,13.54,0.0,3.18,1.0,<Residue VAL het=  resseq=15 icode= >,1c8c_A_A,1.45
118,3.858,VAL, ,CA,16.65,14.17,0.0,3.35,1.0,<Residue VAL het=  resseq=15 icode= >,1c8c_A_A,1.45
119,0.121,VAL, ,C,15.95,15.23,0.0,3.74,1.0,<Residue VAL het=  resseq=15 icode= >,1c8c_A_A,1.45
120,0.0,VAL, ,O,16.34,14.89,0.0,5.08,1.0,<Residue VAL het=  resseq=15 icode= >,1c8c_A_A,1.45
121,0.0,VAL, ,CB,23.49,13.17,0.0,1.78,1.0,<Residue VAL het=  resseq=15 icode= >,1c8c_A_A,1.45
122,2.0,VAL, ,CG1,34.18,13.39,0.0,1.21,1.0,<Residue VAL het=  resseq=15 icode= >,1c8c_A_A,1.45
123,10.54,VAL, ,CG2,31.08,12.32,0.0,1.53,1.0,<Residue VAL het=  resseq=15 icode= >,1c8c_A_A,1.45
124,7.745,ASP, ,N,15.58,16.42,0.0,4.39,1.0,<Residue ASP het=  resseq=16 icode= >,1c8c_A_A,1.45
125,0.0,ASP, ,CA,14.77,17.36,0.0,3.04,1.0,<Residue ASP het=  resseq=16 icode= >,1c8c_A_A,1.45
126,0.0,ASP, ,C,17.86,16.54,0.0,3.13,1.0,<Residue ASP het=  resseq=16 icode= >,1c8c_A_A,1.45
127,0.0,ASP, ,O,14.54,15.35,0.0,4.61,1.0,<Residue ASP het=  resseq=16 icode= >,1c8c_A_A,1.45
128,16.447,ASP, ,CB,15.54,17.86,0.0,3.36,1.0,<Residue ASP het=  resseq=16 icode= >,1c8c_A_A,1.45
129,4.621,ASP, ,CG,17.3,19.00,0.0,3.30,1.0,<Residue ASP het=  resseq=16 icode= >,1c8c_A_A,1.45
130,0.14,ASP, ,OD1,23.94,18.86,0.0,2.80,1.0,<Residue ASP het=  resseq=16 icode= >,1c8c_A_A,1.45
131,23.305,ASP, ,OD2,38.21,20.16,0.0,1.84,1.0,<Residue ASP het=  resseq=16 icode= >,1c8c_A_A,1.45
132,0.0,ILE, ,N,16.1,17.11,0.0,3.97,1.0,<Residue ILE het=  resseq=17 icode= >,1c8c_A_A,1.45
133,0.0,ILE, ,CA,17.41,16.29,0.0,3.31,1.0,<Residue ILE het=  resseq=17 icode= >,1c8c_A_A,1.45
134,0.0,ILE, ,C,15.73,16.06,0.0,3.55,1.0,<Residue ILE het=  resseq=17 icode= >,1c8c_A_A,1.45
135,0.667,ILE, ,O,18.41,15.10,0.0,3.85,1.0,<Residue ILE het=  resseq=17 icode= >,1c8c_A_A,1.45
136,0.0,ILE, ,CB,19.22,16.52,0.0,3.02,1.0,<Residue ILE het=  resseq=17 icode= >,1c8c_A_A,1.45
137,0.0,ILE, ,CG1,19.89,15.30,0.0,2.75,1.0,<Residue ILE het=  resseq=17 icode= >,1c8c_A_A,1.45
138,0.0,ILE, ,CG2,14.29,16.31,0.0,2.99,1.0,<Residue ILE het=  resseq=17 icode= >,1c8c_A_A,1.45
139,0.0,ILE, ,CD1,20.36,15.16,0.0,1.76,1.0,<Residue ILE het=  resseq=17 icode= >,1c8c_A_A,1.45
140,0.0,SER, ,N,14.56,16.72,0.0,4.14,1.0,<Residue SER het=  resseq=18 icode= >,1c8c_A_A,1.45
141,9.93,SER, ,CA,22.08,16.35,0.0,1.83,1.0,<Residue SER het=  resseq=18 icode= >,1c8c_A_A,1.45
142,0.188,SER, ,C,13.67,14.94,0.0,3.89,1.0,<Residue SER het=  resseq=18 icode= >,1c8c_A_A,1.45
143,25.867,SER, ,O,16.17,14.50,0.0,4.51,1.0,<Residue SER het=  resseq=18 icode= >,1c8c_A_A,1.45
144,32.003,SER, ,CB,20.97,17.39,0.0,2.17,1.0,<Residue SER het=  resseq=18 icode= >,1c8c_A_A,1.45
145,9.448,SER, ,OG,23.74,17.20,0.0,2.77,1.0,<Residue SER het=  resseq=18 icode= >,1c8c_A_A,1.45
146,0.0,LYS, ,N,16.63,14.31,0.0,3.82,1.0,<Residue LYS het=  resseq=19 icode= >,1c8c_A_A,1.45
147,1.97,LYS, ,CA,12.16,12.97,0.0,3.67,1.0,<Residue LYS het=  resseq=19 icode= >,1c8c_A_A,1.45
148,1.14,LYS, ,C,15.93,11.88,0.0,3.75,1.0,<Residue LYS het=  resseq=19 icode= >,1c8c_A_A,1.45
149,0.54,LYS, ,O,13.93,10.72,0.0,5.44,1.0,<Residue LYS het=  resseq=19 icode= >,1c8c_A_A,1.45
150,0.0,LYS, ,CB,13.41,12.88,0.0,3.35,1.0,<Residue LYS het=  resseq=19 icode= >,1c8c_A_A,1.45
151,8.491,LYS, ,CG,13.19,14.04,0.0,2.74,1.0,<Residue LYS het=  resseq=19 icode= >,1c8c_A_A,1.45
152,9.095,LYS, ,CD,25.07,13.97,0.0,2.29,1.0,<Residue LYS het=  resseq=19 icode= >,1c8c_A_A,1.45
153,35.332,LYS, ,CE,24.17,15.33,0.0,1.66,1.0,<Residue LYS het=  resseq=19 icode= >,1c8c_A_A,1.45
154,48.986,LYS, ,NZ,23.94,15.57,0.0,1.54,1.0,<Residue LYS het=  resseq=19 icode= >,1c8c_A_A,1.45
155,0.0,ILE, ,N,12.68,12.32,0.0,4.38,1.0,<Residue ILE het=  resseq=20 icode= >,1c8c_A_A,1.45
156,0.0,ILE, ,CA,12.23,11.37,0.0,3.77,1.0,<Residue ILE het=  resseq=20 icode= >,1c8c_A_A,1.45
157,0.045,ILE, ,C,10.44,10.70,0.0,4.29,1.0,<Residue ILE het=  resseq=20 icode= >,1c8c_A_A,1.45
158,13.11,ILE, ,O,13.01,11.45,0.0,5.37,1.0,<Residue ILE het=  resseq=20 icode= >,1c8c_A_A,1.45
159,0.0,ILE, ,CB,13.98,11.80,0.0,3.24,1.0,<Residue ILE het=  resseq=20 icode= >,1c8c_A_A,1.45
160,0.0,ILE, ,CG1,18.69,12.49,0.0,2.97,1.0,<Residue ILE het=  resseq=20 icode= >,1c8c_A_A,1.45
161,0.0,ILE, ,CG2,14.7,10.75,0.0,3.43,1.0,<Residue ILE het=  resseq=20 icode= >,1c8c_A_A,1.45
162,0.0,ILE, ,CD1,21.48,11.72,0.0,2.57,1.0,<Residue ILE het=  resseq=20 icode= >,1c8c_A_A,1.45
163,0.0,LYS, ,N,10.86,9.41,0.0,5.30,1.0,<Residue LYS het=  resseq=21 icode= >,1c8c_A_A,1.45
164,6.079,LYS, ,CA,16.6,9.00,0.0,2.66,1.0,<Residue LYS het=  resseq=21 icode= >,1c8c_A_A,1.45
165,0.003,LYS, ,C,17.93,8.16,0.0,2.88,1.0,<Residue LYS het=  resseq=21 icode= >,1c8c_A_A,1.45
166,26.324,LYS, ,O,14.6,8.32,0.0,4.86,1.0,<Residue LYS het=  resseq=21 icode= >,1c8c_A_A,1.45
167,0.463,LYS, ,CB,17.48,7.78,0.0,3.16,1.0,<Residue LYS het=  resseq=21 icode= >,1c8c_A_A,1.45
168,15.617,LYS, ,CG,11.17,7.29,0.0,3.76,1.0,<Residue LYS het=  resseq=21 icode= >,1c8c_A_A,1.45
169,3.309,LYS, ,CD,16.69,6.18,0.0,3.22,1.0,<Residue LYS het=  resseq=21 icode= >,1c8c_A_A,1.45
170,44.207,LYS, ,CE,33.87,6.29,0.0,1.08,1.0,<Residue LYS het=  resseq=21 icode= >,1c8c_A_A,1.45
171,41.446,LYS, ,NZ,26.4,5.28,2.487,1.70,1.0,<Residue LYS het=  resseq=21 icode= >,1c8c_A_A,1.45
172,0.0,LYS, ,N,11.65,7.53,0.0,4.37,1.0,<Residue LYS het=  resseq=22 icode= >,1c8c_A_A,1.45
173,0.023,LYS, ,CA,16.48,6.85,0.0,3.01,1.0,<Residue LYS het=  resseq=22 icode= >,1c8c_A_A,1.45
174,0.0,LYS, ,C,18.35,7.36,0.0,3.17,1.0,<Residue LYS het=  resseq=22 icode= >,1c8c_A_A,1.45
175,0.0,LYS, ,O,13.34,7.19,0.0,5.24,1.0,<Residue LYS het=  resseq=22 icode= >,1c8c_A_A,1.45
176,3.987,LYS, ,CB,18.09,5.32,0.044,2.91,1.0,<Residue LYS het=  resseq=22 icode= >,1c8c_A_A,1.45
177,4.256,LYS, ,CG,22.07,4.79,0.0,2.77,1.0,<Residue LYS het=  resseq=22 icode= >,1c8c_A_A,1.45
178,22.507,LYS, ,CD,35.23,3.31,14.296,1.46,1.0,<Residue LYS het=  resseq=22 icode= >,1c8c_A_A,1.45
179,13.537,LYS, ,CE,47.07,3.58,7.538,1.01,1.0,<Residue LYS het=  resseq=22 icode= >,1c8c_A_A,1.45
180,35.517,LYS, ,NZ,38.65,2.85,16.441,1.23,1.0,<Residue LYS het=  resseq=22 icode= >,1c8c_A_A,1.45
181,0.0,VAL, ,N,10.47,7.51,0.0,4.61,1.0,<Residue VAL het=  resseq=23 icode= >,1c8c_A_A,1.45
182,0.0,VAL, ,CA,7.91,7.44,0.0,4.36,1.0,<Residue VAL het=  resseq=23 icode= >,1c8c_A_A,1.45
183,0.0,VAL, ,C,13.11,6.53,0.0,3.44,1.0,<Residue VAL het=  resseq=23 icode= >,1c8c_A_A,1.45
184,0.0,VAL, ,O,13.17,6.41,0.0,4.92,1.0,<Residue VAL het=  resseq=23 icode= >,1c8c_A_A,1.45
185,0.0,VAL, ,CB,17.48,8.91,0.0,2.72,1.0,<Residue VAL het=  resseq=23 icode= >,1c8c_A_A,1.45
186,0.006,VAL, ,CG1,25.9,9.73,0.0,1.58,1.0,<Residue VAL het=  resseq=23 icode= >,1c8c_A_A,1.45
187,0.0,VAL, ,CG2,19.94,9.22,0.0,2.20,1.0,<Residue VAL het=  resseq=23 icode= >,1c8c_A_A,1.45
188,0.0,TRP, ,N,11.86,6.12,0.0,4.37,1.0,<Residue TRP het=  resseq=24 icode= >,1c8c_A_A,1.45
189,0.0,TRP, ,CA,9.36,5.60,0.0,4.40,1.0,<Residue TRP het=  resseq=24 icode= >,1c8c_A_A,1.45
190,0.0,TRP, ,C,12.8,6.27,0.0,3.46,1.0,<Residue TRP het=  resseq=24 icode= >,1c8c_A_A,1.45
191,0.0,TRP, ,O,12.99,6.75,0.0,5.67,1.0,<Residue TRP het=  resseq=24 icode= >,1c8c_A_A,1.45
192,11.553,TRP, ,CB,9.68,4.12,9.66,4.52,1.0,<Residue TRP het=  resseq=24 icode= >,1c8c_A_A,1.45
193,2.17,TRP, ,CG,11.45,3.57,2.17,3.86,1.0,<Residue TRP het=  resseq=24 icode= >,1c8c_A_A,1.45
194,11.375,TRP, ,CD1,13.03,3.65,11.375,3.31,1.0,<Residue TRP het=  resseq=24 icode= >,1c8c_A_A,1.45
195,2.568,TRP, ,CD2,7.3,3.48,2.568,4.55,1.0,<Residue TRP het=  resseq=24 icode= >,1c8c_A_A,1.45
196,14.071,TRP, ,NE1,12.6,3.02,14.071,4.33,1.0,<Residue TRP het=  resseq=24 icode= >,1c8c_A_A,1.45
197,3.464,TRP, ,CE2,14.85,3.16,3.464,3.39,1.0,<Residue TRP het=  resseq=24 icode= >,1c8c_A_A,1.45
198,1.748,TRP, ,CE3,8.66,3.81,1.748,4.18,1.0,<Residue TRP het=  resseq=24 icode= >,1c8c_A_A,1.45
199,22.902,TRP, ,CZ2,16.07,3.28,21.055,2.69,1.0,<Residue TRP het=  resseq=24 icode= >,1c8c_A_A,1.45
200,2.722,TRP, ,CZ3,11.45,3.98,2.722,3.80,1.0,<Residue TRP het=  resseq=24 icode= >,1c8c_A_A,1.45
201,13.222,TRP, ,CH2,14.9,3.86,11.586,3.43,1.0,<Residue TRP het=  resseq=24 icode= >,1c8c_A_A,1.45
202,3.542,ARG, ,N,11.56,5.74,0.0,4.49,1.0,<Residue ARG het=  resseq=25 icode= >,1c8c_A_A,1.45
203,0.0,ARG, ,CA,10.7,6.00,0.0,3.99,1.0,<Residue ARG het=  resseq=25 icode= >,1c8c_A_A,1.45
204,0.0,ARG, ,C,10.24,4.87,0.0,4.02,1.0,<Residue ARG het=  resseq=25 icode= >,1c8c_A_A,1.45
205,22.498,ARG, ,O,15.43,3.81,12.7,4.61,1.0,<Residue ARG het=  resseq=25 icode= >,1c8c_A_A,1.45
206,10.992,ARG, ,CB,13.96,6.91,0.0,3.10,1.0,<Residue ARG het=  resseq=25 icode= >,1c8c_A_A,1.45
207,1.952,ARG, ,CG,11.78,7.40,0.0,3.12,1.0,<Residue ARG het=  resseq=25 icode= >,1c8c_A_A,1.45
208,29.149,ARG, ,CD,14.72,8.40,0.0,3.21,1.0,<Residue ARG het=  resseq=25 icode= >,1c8c_A_A,1.45
209,10.555,ARG, ,NE,17.15,9.70,0.0,4.12,1.0,<Residue ARG het=  resseq=25 icode= >,1c8c_A_A,1.45
210,4.346,ARG, ,CZ,18.23,9.97,0.0,3.12,1.0,<Residue ARG het=  resseq=25 icode= >,1c8c_A_A,1.45
211,3.94,ARG, ,NH1,16.97,8.93,0.0,3.83,1.0,<Residue ARG het=  resseq=25 icode= >,1c8c_A_A,1.45
212,25.043,ARG, ,NH2,18.03,10.95,0.0,3.25,1.0,<Residue ARG het=  resseq=25 icode= >,1c8c_A_A,1.45
213,0.0,VAL, ,N,12.04,5.15,0.0,4.49,1.0,<Residue VAL het=  resseq=26 icode= >,1c8c_A_A,1.45
214,2.569,VAL, ,CA,9.32,4.69,1.784,4.28,1.0,<Residue VAL het=  resseq=26 icode= >,1c8c_A_A,1.45
215,1.023,VAL, ,C,13.98,3.89,0.878,3.09,1.0,<Residue VAL het=  resseq=26 icode= >,1c8c_A_A,1.45
216,5.95,VAL, ,O,12.69,3.10,5.95,5.31,1.0,<Residue VAL het=  resseq=26 icode= >,1c8c_A_A,1.45
217,0.0,VAL, ,CB,11.92,4.15,0.0,3.46,1.0,<Residue VAL het=  resseq=26 icode= >,1c8c_A_A,1.45
218,55.959,VAL, ,CG1,10.42,3.44,52.123,3.52,1.0,<Residue VAL het=  resseq=26 icode= >,1c8c_A_A,1.45
219,11.121,VAL, ,CG2,13.35,3.49,11.121,3.54,1.0,<Residue VAL het=  resseq=26 icode= >,1c8c_A_A,1.45
220,12.409,GLY, ,N,11.75,4.60,0.0,4.22,1.0,<Residue GLY het=  resseq=27 icode= >,1c8c_A_A,1.45
221,39.951,GLY, ,CA,13.33,4.70,2.89,2.63,1.0,<Residue GLY het=  resseq=27 icode= >,1c8c_A_A,1.45
222,3.29,GLY, ,C,15.15,5.18,0.0,3.25,1.0,<Residue GLY het=  resseq=27 icode= >,1c8c_A_A,1.45
223,1.819,GLY, ,O,15.14,6.23,0.0,4.67,1.0,<Residue GLY het=  resseq=27 icode= >,1c8c_A_A,1.45
224,5.295,LYS, ,N,13.54,4.85,2.778,3.78,1.0,<Residue LYS het=  resseq=28 icode= >,1c8c_A_A,1.45
225,0.058,LYS, ,CA,13.39,4.97,0.0,3.28,1.0,<Residue LYS het=  resseq=28 icode= >,1c8c_A_A,1.45
226,1.304,LYS, ,C,13.0,4.97,1.304,3.81,1.0,<Residue LYS het=  resseq=28 icode= >,1c8c_A_A,1.45
227,0.051,LYS, ,O,13.11,4.84,0.051,5.16,1.0,<Residue LYS het=  resseq=28 icode= >,1c8c_A_A,1.45
228,10.921,LYS, ,CB,15.51,3.81,10.921,2.92,1.0,<Residue LYS het=  resseq=28 icode= >,1c8c_A_A,1.45
229,12.844,LYS, ,CG,16.12,4.44,0.433,3.27,1.0,<Residue LYS het=  resseq=28 icode= >,1c8c_A_A,1.45
230,19.144,LYS, ,CD,16.37,3.75,17.124,3.14,1.0,<Residue LYS het=  resseq=28 icode= >,1c8c_A_A,1.45
231,47.493,LYS, ,CE,19.14,4.01,9.207,2.02,1.0,<Residue LYS het=  resseq=28 icode= >,1c8c_A_A,1.45
232,40.248,LYS, ,NZ,17.73,5.39,0.0,3.30,1.0,<Residue LYS het=  resseq=28 icode= >,1c8c_A_A,1.45
233,1.386,MET, ,N,13.33,4.60,1.386,4.83,1.0,<Residue MET het=  resseq=29 icode= >,1c8c_A_A,1.45
234,1.372,MET, ,CA,9.15,4.25,1.372,4.57,1.0,<Residue MET het=  resseq=29 icode= >,1c8c_A_A,1.45
235,0.0,MET, ,C,12.0,5.46,0.0,4.06,1.0,<Residue MET het=  resseq=29 icode= >,1c8c_A_A,1.45
236,0.0,MET, ,O,14.04,6.22,0.0,5.23,1.0,<Residue MET het=  resseq=29 icode= >,1c8c_A_A,1.45
237,13.405,MET, ,CB,9.86,3.56,13.405,3.46,1.0,<Residue MET het=  resseq=29 icode= >,1c8c_A_A,1.45
238,3.443,MET, ,CG,8.54,3.42,3.443,4.15,1.0,<Residue MET het=  resseq=29 icode= >,1c8c_A_A,1.45
239,34.522,MET, ,SD,14.74,3.40,34.522,9.95,1.0,<Residue MET het=  resseq=29 icode= >,1c8c_A_A,1.45
240,29.184,MET, ,CE,17.48,3.50,29.184,2.91,1.0,<Residue MET het=  resseq=29 icode= >,1c8c_A_A,1.45
241,0.0,ILE, ,N,10.36,5.71,0.0,5.55,1.0,<Residue ILE het=  resseq=30 icode= >,1c8c_A_A,1.45
242,0.0,ILE, ,CA,8.74,6.99,0.0,4.58,1.0,<Residue ILE het=  resseq=30 icode= >,1c8c_A_A,1.45
243,0.0,ILE, ,C,9.2,6.89,0.0,4.41,1.0,<Residue ILE het=  resseq=30 icode= >,1c8c_A_A,1.45
244,0.0,ILE, ,O,9.53,6.52,0.0,6.78,1.0,<Residue ILE het=  resseq=30 icode= >,1c8c_A_A,1.45
245,0.0,ILE, ,CB,7.7,7.76,0.0,4.50,1.0,<Residue ILE het=  resseq=30 icode= >,1c8c_A_A,1.45
246,0.0,ILE, ,CG1,10.22,7.92,0.0,4.12,1.0,<Residue ILE het=  resseq=30 icode= >,1c8c_A_A,1.45
247,0.0,ILE, ,CG2,9.57,9.20,0.0,4.26,1.0,<Residue ILE het=  resseq=30 icode= >,1c8c_A_A,1.45
248,0.0,ILE, ,CD1,13.23,8.81,0.0,4.09,1.0,<Residue ILE het=  resseq=30 icode= >,1c8c_A_A,1.45
249,0.0,SER, ,N,8.95,5.94,0.0,5.22,1.0,<Residue SER het=  resseq=31 icode= >,1c8c_A_A,1.45
250,0.0,SER, ,CA,7.41,5.13,0.0,5.08,1.0,<Residue SER het=  resseq=31 icode= >,1c8c_A_A,1.45
251,0.0,SER, ,C,8.61,5.97,0.0,4.61,1.0,<Residue SER het=  resseq=31 icode= >,1c8c_A_A,1.45
252,0.0,SER, ,O,8.55,6.66,0.0,6.96,1.0,<Residue SER het=  resseq=31 icode= >,1c8c_A_A,1.45
253,0.0,SER, ,CB,8.95,3.73,0.0,4.33,1.0,<Residue SER het=  resseq=31 icode= >,1c8c_A_A,1.45
254,13.151,SER, ,OG,11.04,2.88,9.277,5.20,1.0,<Residue SER het=  resseq=31 icode= >,1c8c_A_A,1.45
255,0.0,PHE, ,N,11.36,6.31,0.0,4.76,1.0,<Residue PHE het=  resseq=32 icode= >,1c8c_A_A,1.45
256,0.0,PHE, ,CA,8.25,7.42,0.0,4.60,1.0,<Residue PHE het=  resseq=32 icode= >,1c8c_A_A,1.45
257,0.0,PHE, ,C,9.64,6.68,0.0,4.15,1.0,<Residue PHE het=  resseq=32 icode= >,1c8c_A_A,1.45
258,1.12,PHE, ,O,12.97,6.53,0.0,5.97,1.0,<Residue PHE het=  resseq=32 icode= >,1c8c_A_A,1.45
259,0.0,PHE, ,CB,11.1,8.72,0.0,3.55,1.0,<Residue PHE het=  resseq=32 icode= >,1c8c_A_A,1.45
260,0.0,PHE, ,CG,11.7,8.99,0.0,3.62,1.0,<Residue PHE het=  resseq=32 icode= >,1c8c_A_A,1.45
261,0.0,PHE, ,CD1,11.33,9.44,0.0,3.56,1.0,<Residue PHE het=  resseq=32 icode= >,1c8c_A_A,1.45
262,0.0,PHE, ,CD2,12.29,8.79,0.0,3.40,1.0,<Residue PHE het=  resseq=32 icode= >,1c8c_A_A,1.45
263,0.0,PHE, ,CE1,10.44,8.93,0.0,4.30,1.0,<Residue PHE het=  resseq=32 icode= >,1c8c_A_A,1.45
264,0.0,PHE, ,CE2,12.19,8.43,0.0,3.68,1.0,<Residue PHE het=  resseq=32 icode= >,1c8c_A_A,1.45
265,0.0,PHE, ,CZ,9.13,8.41,0.0,5.36,1.0,<Residue PHE het=  resseq=32 icode= >,1c8c_A_A,1.45
266,0.0,THR, ,N,10.0,6.35,0.0,5.23,1.0,<Residue THR het=  resseq=33 icode= >,1c8c_A_A,1.45
267,0.0,THR, ,CA,11.67,6.30,0.0,3.41,1.0,<Residue THR het=  resseq=33 icode= >,1c8c_A_A,1.45
268,0.0,THR, ,C,11.81,7.58,0.0,3.88,1.0,<Residue THR het=  resseq=33 icode= >,1c8c_A_A,1.45
269,0.0,THR, ,O,12.27,8.23,0.0,5.87,1.0,<Residue THR het=  resseq=33 icode= >,1c8c_A_A,1.45
270,0.103,THR, ,CB,11.61,5.18,0.0,3.78,1.0,<Residue THR het=  resseq=33 icode= >,1c8c_A_A,1.45
271,2.42,THR, ,OG1,13.07,5.13,0.185,5.87,1.0,<Residue THR het=  resseq=33 icode= >,1c8c_A_A,1.45
272,19.606,THR, ,CG2,11.27,3.83,18.631,3.41,1.0,<Residue THR het=  resseq=33 icode= >,1c8c_A_A,1.45
273,0.0,TYR, ,N,11.75,7.51,0.0,4.74,1.0,<Residue TYR het=  resseq=34 icode= >,1c8c_A_A,1.45
274,0.0,TYR, ,CA,14.55,8.46,0.0,3.87,1.0,<Residue TYR het=  resseq=34 icode= >,1c8c_A_A,1.45
275,0.0,TYR, ,C,18.54,8.00,0.0,3.45,1.0,<Residue TYR het=  resseq=34 icode= >,1c8c_A_A,1.45
276,0.0,TYR, ,O,13.85,7.23,0.0,5.26,1.0,<Residue TYR het=  resseq=34 icode= >,1c8c_A_A,1.45
277,0.0,TYR, ,CB,12.96,9.62,0.0,3.85,1.0,<Residue TYR het=  resseq=34 icode= >,1c8c_A_A,1.45
278,0.0,TYR, ,CG,12.72,9.32,0.0,2.90,1.0,<Residue TYR het=  resseq=34 icode= >,1c8c_A_A,1.45
279,0.0,TYR, ,CD1,11.94,8.90,0.0,3.24,1.0,<Residue TYR het=  resseq=34 icode= >,1c8c_A_A,1.45
280,1.312,TYR, ,CD2,18.67,9.77,0.0,2.23,1.0,<Residue TYR het=  resseq=34 icode= >,1c8c_A_A,1.45
281,0.0,TYR, ,CE1,13.61,8.94,0.0,3.12,1.0,<Residue TYR het=  resseq=34 icode= >,1c8c_A_A,1.45
282,7.648,TYR, ,CE2,11.49,9.64,0.0,3.43,1.0,<Residue TYR het=  resseq=34 icode= >,1c8c_A_A,1.45
283,0.0,TYR, ,CZ,14.94,9.29,0.0,3.61,1.0,<Residue TYR het=  resseq=34 icode= >,1c8c_A_A,1.45
284,9.809,TYR, ,OH,17.89,8.90,0.0,4.56,1.0,<Residue TYR het=  resseq=34 icode= >,1c8c_A_A,1.45
285,0.0,ASP, ,N,13.71,8.74,0.0,4.85,1.0,<Residue ASP het=  resseq=35 icode= >,1c8c_A_A,1.45
286,0.0,ASP, ,CA,9.19,8.77,0.0,4.29,1.0,<Residue ASP het=  resseq=35 icode= >,1c8c_A_A,1.45
287,0.568,ASP, ,C,12.74,9.67,0.0,3.57,1.0,<Residue ASP het=  resseq=35 icode= >,1c8c_A_A,1.45
288,4.773,ASP, ,O,15.03,10.74,0.0,5.19,1.0,<Residue ASP het=  resseq=35 icode= >,1c8c_A_A,1.45
289,12.646,ASP, ,CB,12.21,9.61,0.0,3.73,1.0,<Residue ASP het=  resseq=35 icode= >,1c8c_A_A,1.45
290,8.505,ASP, ,CG,13.61,9.05,0.0,4.05,1.0,<Residue ASP het=  resseq=35 icode= >,1c8c_A_A,1.45
291,5.443,ASP, ,OD1,16.94,7.87,0.0,4.44,1.0,<Residue ASP het=  resseq=35 icode= >,1c8c_A_A,1.45
292,39.516,ASP, ,OD2,18.22,9.97,0.0,4.40,1.0,<Residue ASP het=  resseq=35 icode= >,1c8c_A_A,1.45
293,0.0,GLU, ,N,13.88,9.40,0.0,4.73,1.0,<Residue GLU het=  resseq=36 icode= >,1c8c_A_A,1.45
294,7.542,GLU, ,CA,21.97,9.50,0.0,2.61,1.0,<Residue GLU het=  resseq=36 icode= >,1c8c_A_A,1.45
295,5.034,GLU, ,C,22.86,9.92,0.0,2.56,1.0,<Residue GLU het=  resseq=36 icode= >,1c8c_A_A,1.45
296,11.648,GLU, ,O,22.78,9.93,0.0,3.43,1.0,<Residue GLU het=  resseq=36 icode= >,1c8c_A_A,1.45
297,8.27,GLU, ,CB,19.65,8.26,0.0,2.14,1.0,<Residue GLU het=  resseq=36 icode= >,1c8c_A_A,1.45
298,5.533,GLU, ,CG,19.92,7.82,0.0,2.33,1.0,<Residue GLU het=  resseq=36 icode= >,1c8c_A_A,1.45
299,4.807,GLU, ,CD,19.52,6.44,0.0,2.96,1.0,<Residue GLU het=  resseq=36 icode= >,1c8c_A_A,1.45
300,5.223,GLU, ,OE1,33.15,5.53,0.841,1.96,1.0,<Residue GLU het=  resseq=36 icode= >,1c8c_A_A,1.45
301,19.817,GLU, ,OE2,25.24,6.52,0.0,2.23,1.0,<Residue GLU het=  resseq=36 icode= >,1c8c_A_A,1.45
302,10.901,GLY, ,N,18.44,10.16,0.0,3.11,1.0,<Residue GLY het=  resseq=37 icode= >,1c8c_A_A,1.45
303,39.484,GLY, ,CA,19.37,10.79,0.0,2.11,1.0,<Residue GLY het=  resseq=37 icode= >,1c8c_A_A,1.45
304,1.12,GLY, ,C,21.86,9.82,0.0,2.61,1.0,<Residue GLY het=  resseq=37 icode= >,1c8c_A_A,1.45
305,0.0,GLY, ,O,19.2,8.61,0.0,4.07,1.0,<Residue GLY het=  resseq=37 icode= >,1c8c_A_A,1.45
306,16.784,GLY, ,N,20.51,10.41,0.0,2.67,1.0,<Residue GLY het=  resseq=38 icode= >,1c8c_A_A,1.45
307,36.366,GLY, ,CA,20.84,9.78,0.0,2.51,1.0,<Residue GLY het=  resseq=38 icode= >,1c8c_A_A,1.45
308,4.711,GLY, ,C,22.5,9.00,0.0,3.20,1.0,<Residue GLY het=  resseq=38 icode= >,1c8c_A_A,1.45
309,24.943,GLY, ,O,27.84,8.44,0.0,3.04,1.0,<Residue GLY het=  resseq=38 icode= >,1c8c_A_A,1.45
310,6.338,GLY, ,N,24.49,9.17,0.0,3.14,1.0,<Residue GLY het=  resseq=39 icode= >,1c8c_A_A,1.45
311,38.922,GLY, ,CA,27.31,8.72,0.0,1.92,1.0,<Residue GLY het=  resseq=39 icode= >,1c8c_A_A,1.45
312,4.045,GLY, ,C,22.97,7.32,0.0,3.00,1.0,<Residue GLY het=  resseq=39 icode= >,1c8c_A_A,1.45
313,30.652,GLY, ,O,24.08,6.94,0.0,3.22,1.0,<Residue GLY het=  resseq=39 icode= >,1c8c_A_A,1.45
314,0.0,LYS, ,N,16.95,6.74,0.0,3.56,1.0,<Residue LYS het=  resseq=40 icode= >,1c8c_A_A,1.45
315,4.348,LYS, ,CA,17.46,5.48,0.186,2.89,1.0,<Residue LYS het=  resseq=40 icode= >,1c8c_A_A,1.45
316,0.203,LYS, ,C,16.63,5.93,0.0,3.68,1.0,<Residue LYS het=  resseq=40 icode= >,1c8c_A_A,1.45
317,3.016,LYS, ,O,15.04,7.14,0.0,5.25,1.0,<Residue LYS het=  resseq=40 icode= >,1c8c_A_A,1.45
318,2.767,LYS, ,CB,25.6,5.09,2.687,2.06,1.0,<Residue LYS het=  resseq=40 icode= >,1c8c_A_A,1.45
319,29.002,LYS, ,CG,32.49,4.83,11.217,1.05,1.0,<Residue LYS het=  resseq=40 icode= >,1c8c_A_A,1.45
320,30.257,LYS, ,CD,50.73,5.81,0.194,0.03,1.0,<Residue LYS het=  resseq=40 icode= >,1c8c_A_A,1.45
321,23.198,LYS, ,CE,54.12,5.88,0.72,0.24,1.0,<Residue LYS het=  resseq=40 icode= >,1c8c_A_A,1.45
322,23.21,LYS, ,NZ,30.01,7.34,0.0,1.71,1.0,<Residue LYS het=  resseq=40 icode= >,1c8c_A_A,1.45
323,3.831,THR, ,N,13.32,5.14,1.893,4.23,1.0,<Residue THR het=  resseq=41 icode= >,1c8c_A_A,1.45
324,0.0,THR, ,CA,15.93,4.95,0.0,3.42,1.0,<Residue THR het=  resseq=41 icode= >,1c8c_A_A,1.45
325,0.0,THR, ,C,14.73,4.51,0.0,3.46,1.0,<Residue THR het=  resseq=41 icode= >,1c8c_A_A,1.45
326,22.183,THR, ,O,18.69,3.75,20.102,4.21,1.0,<Residue THR het=  resseq=41 icode= >,1c8c_A_A,1.45
327,15.133,THR, ,CB,16.75,3.50,11.138,3.40,1.0,<Residue THR het=  resseq=41 icode= >,1c8c_A_A,1.45
328,15.505,THR, ,OG1,16.79,3.76,1.946,4.19,1.0,<Residue THR het=  resseq=41 icode= >,1c8c_A_A,1.45
329,14.424,THR, ,CG2,20.01,3.40,13.255,2.41,1.0,<Residue THR het=  resseq=41 icode= >,1c8c_A_A,1.45
330,0.0,GLY, ,N,10.88,5.41,0.0,4.97,1.0,<Residue GLY het=  resseq=42 icode= >,1c8c_A_A,1.45
331,7.106,GLY, ,CA,13.8,5.65,0.0,3.14,1.0,<Residue GLY het=  resseq=42 icode= >,1c8c_A_A,1.45
332,0.0,GLY, ,C,9.76,5.46,0.0,4.14,1.0,<Residue GLY het=  resseq=42 icode= >,1c8c_A_A,1.45
333,0.0,GLY, ,O,14.98,5.47,0.0,4.92,1.0,<Residue GLY het=  resseq=42 icode= >,1c8c_A_A,1.45
334,3.364,ARG, ,N,9.02,5.77,0.0,4.92,1.0,<Residue ARG het=  resseq=43 icode= >,1c8c_A_A,1.45
335,0.0,ARG, ,CA,10.88,6.22,0.0,3.50,1.0,<Residue ARG het=  resseq=43 icode= >,1c8c_A_A,1.45
336,0.0,ARG, ,C,11.39,7.04,0.0,4.39,1.0,<Residue ARG het=  resseq=43 icode= >,1c8c_A_A,1.45
337,0.991,ARG, ,O,10.89,6.69,0.0,5.76,1.0,<Residue ARG het=  resseq=43 icode= >,1c8c_A_A,1.45
338,5.998,ARG, ,CB,11.64,5.62,0.0,3.18,1.0,<Residue ARG het=  resseq=43 icode= >,1c8c_A_A,1.45
339,6.492,ARG, ,CG,9.68,4.29,4.865,3.68,1.0,<Residue ARG het=  resseq=43 icode= >,1c8c_A_A,1.45
340,28.456,ARG, ,CD,8.8,3.49,26.356,4.17,1.0,<Residue ARG het=  resseq=43 icode= >,1c8c_A_A,1.45
341,5.539,ARG, ,NE,12.77,3.22,3.336,4.18,1.0,<Residue ARG het=  resseq=43 icode= >,1c8c_A_A,1.45
342,4.136,ARG, ,CZ,13.65,3.05,4.1,3.70,1.0,<Residue ARG het=  resseq=43 icode= >,1c8c_A_A,1.45
343,48.871,ARG, ,NH1,12.97,2.88,48.332,4.22,1.0,<Residue ARG het=  resseq=43 icode= >,1c8c_A_A,1.45
344,50.938,ARG, ,NH2,19.19,3.63,24.982,3.15,1.0,<Residue ARG het=  resseq=43 icode= >,1c8c_A_A,1.45
345,0.468,GLY, ,N,10.76,6.55,0.0,5.04,1.0,<Residue GLY het=  resseq=44 icode= >,1c8c_A_A,1.45
346,0.0,GLY, ,CA,11.08,5.68,0.0,3.87,1.0,<Residue GLY het=  resseq=44 icode= >,1c8c_A_A,1.45
347,1.654,GLY, ,C,9.05,5.37,0.0,4.06,1.0,<Residue GLY het=  resseq=44 icode= >,1c8c_A_A,1.45
348,1.286,GLY, ,O,11.63,5.72,0.0,5.34,1.0,<Residue GLY het=  resseq=44 icode= >,1c8c_A_A,1.45
349,1.059,ALA, ,N,9.82,4.75,1.059,4.58,1.0,<Residue ALA het=  resseq=45 icode= >,1c8c_A_A,1.45
350,0.0,ALA, ,CA,7.83,5.00,0.0,4.29,1.0,<Residue ALA het=  resseq=45 icode= >,1c8c_A_A,1.45
351,0.87,ALA, ,C,12.69,4.50,0.87,3.46,1.0,<Residue ALA het=  resseq=45 icode= >,1c8c_A_A,1.45
352,11.313,ALA, ,O,12.8,4.12,10.245,5.72,1.0,<Residue ALA het=  resseq=45 icode= >,1c8c_A_A,1.45
353,20.19,ALA, ,CB,11.28,3.82,19.521,3.59,1.0,<Residue ALA het=  resseq=45 icode= >,1c8c_A_A,1.45
354,0.0,VAL, ,N,8.16,4.50,0.0,5.86,1.0,<Residue VAL het=  resseq=46 icode= >,1c8c_A_A,1.45
355,7.014,VAL, ,CA,13.79,4.26,4.276,2.86,1.0,<Residue VAL het=  resseq=46 icode= >,1c8c_A_A,1.45
356,2.235,VAL, ,C,15.47,4.04,2.235,3.63,1.0,<Residue VAL het=  resseq=46 icode= >,1c8c_A_A,1.45
357,0.0,VAL, ,O,12.8,4.25,0.0,5.69,1.0,<Residue VAL het=  resseq=46 icode= >,1c8c_A_A,1.45
358,7.053,VAL, ,CB,10.19,5.66,0.0,4.21,1.0,<Residue VAL het=  resseq=46 icode= >,1c8c_A_A,1.45
359,9.079,VAL, ,CG1,16.26,6.29,0.0,2.67,1.0,<Residue VAL het=  resseq=46 icode= >,1c8c_A_A,1.45
360,0.0,VAL, ,CG2,11.31,6.74,0.0,3.95,1.0,<Residue VAL het=  resseq=46 icode= >,1c8c_A_A,1.45
361,8.398,SER, ,N,11.43,3.83,4.889,4.70,1.0,<Residue SER het=  resseq=47 icode= >,1c8c_A_A,1.45
362,6.276,SER, ,CA,9.89,3.69,6.276,4.35,1.0,<Residue SER het=  resseq=47 icode= >,1c8c_A_A,1.45
363,0.0,SER, ,C,11.41,5.00,0.0,4.00,1.0,<Residue SER het=  resseq=47 icode= >,1c8c_A_A,1.45
364,1.371,SER, ,O,14.4,6.00,0.0,4.66,1.0,<Residue SER het=  resseq=47 icode= >,1c8c_A_A,1.45
365,38.888,SER, ,CB,10.66,3.36,16.687,3.50,1.0,<Residue SER het=  resseq=47 icode= >,1c8c_A_A,1.45
366,1.037,SER, ,OG,20.97,2.86,1.037,3.49,1.0,<Residue SER het=  resseq=47 icode= >,1c8c_A_A,1.45
367,0.0,GLU, ,N,11.36,5.16,0.0,4.64,1.0,<Residue GLU het=  resseq=48 icode= >,1c8c_A_A,1.45
368,0.0,GLU, ,CA,11.46,6.35,0.0,4.11,1.0,<Residue GLU het=  resseq=48 icode= >,1c8c_A_A,1.45
369,0.214,GLU, ,C,24.8,6.52,0.0,2.62,1.0,<Residue GLU het=  resseq=48 icode= >,1c8c_A_A,1.45
370,5.08,GLU, ,O,20.31,7.71,0.0,4.15,1.0,<Residue GLU het=  resseq=48 icode= >,1c8c_A_A,1.45
371,4.018,GLU, ,CB,11.03,6.73,0.0,3.67,1.0,<Residue GLU het=  resseq=48 icode= >,1c8c_A_A,1.45
372,3.669,GLU, ,CG,15.87,5.92,0.0,3.08,1.0,<Residue GLU het=  resseq=48 icode= >,1c8c_A_A,1.45
373,7.537,GLU, ,CD,18.8,6.78,0.0,3.82,1.0,<Residue GLU het=  resseq=48 icode= >,1c8c_A_A,1.45
374,11.722,GLU, ,OE1,16.01,7.82,0.0,5.09,1.0,<Residue GLU het=  resseq=48 icode= >,1c8c_A_A,1.45
375,20.989,GLU, ,OE2,13.04,6.67,0.0,5.06,1.0,<Residue GLU het=  resseq=48 icode= >,1c8c_A_A,1.45
376,0.0,LYS, ,N,18.53,5.54,0.0,3.63,1.0,<Residue LYS het=  resseq=49 icode= >,1c8c_A_A,1.45
377,6.638,LYS, ,CA,26.85,6.01,0.0,1.96,1.0,<Residue LYS het=  resseq=49 icode= >,1c8c_A_A,1.45
378,0.071,LYS, ,C,26.9,7.23,0.0,2.73,1.0,<Residue LYS het=  resseq=49 icode= >,1c8c_A_A,1.45
379,22.208,LYS, ,O,51.73,8.34,0.0,0.97,1.0,<Residue LYS het=  resseq=49 icode= >,1c8c_A_A,1.45
380,2.893,LYS, ,CB,44.44,5.15,0.0,1.09,1.0,<Residue LYS het=  resseq=49 icode= >,1c8c_A_A,1.45
381,23.837,LYS, ,CG,47.5,5.04,0.0,1.04,1.0,<Residue LYS het=  resseq=49 icode= >,1c8c_A_A,1.45
382,29.437,LYS, ,CD,53.84,4.35,1.306,0.45,1.0,<Residue LYS het=  resseq=49 icode= >,1c8c_A_A,1.45
383,48.514,LYS, ,CE,55.75,4.09,1.259,0.01,1.0,<Residue LYS het=  resseq=49 icode= >,1c8c_A_A,1.45
384,19.024,LYS, ,NZ,35.68,3.03,10.691,1.15,1.0,<Residue LYS het=  resseq=49 icode= >,1c8c_A_A,1.45
385,2.449,ASP, ,N,24.46,7.25,0.0,3.06,1.0,<Residue ASP het=  resseq=50 icode= >,1c8c_A_A,1.45
386,3.912,ASP, ,CA,32.92,8.68,0.0,1.48,1.0,<Residue ASP het=  resseq=50 icode= >,1c8c_A_A,1.45
387,4.924,ASP, ,C,47.61,9.31,0.0,0.78,1.0,<Residue ASP het=  resseq=50 icode= >,1c8c_A_A,1.45
388,21.367,ASP, ,O,36.3,10.28,0.0,1.82,1.0,<Residue ASP het=  resseq=50 icode= >,1c8c_A_A,1.45
389,31.736,ASP, ,CB,43.63,8.96,0.0,0.30,1.0,<Residue ASP het=  resseq=50 icode= >,1c8c_A_A,1.45
390,9.022,ASP, ,CG,37.28,8.92,0.0,2.08,1.0,<Residue ASP het=  resseq=50 icode= >,1c8c_A_A,1.45
391,33.08,ASP, ,OD1,50.33,9.77,0.0,1.56,1.0,<Residue ASP het=  resseq=50 icode= >,1c8c_A_A,1.45
392,30.574,ASP, ,OD2,52.71,8.26,0.0,0.76,1.0,<Residue ASP het=  resseq=50 icode= >,1c8c_A_A,1.45
393,0.209,ALA, ,N,42.2,9.03,0.0,1.15,1.0,<Residue ALA het=  resseq=51 icode= >,1c8c_A_A,1.45
394,2.107,ALA, ,CA,19.35,9.88,0.0,2.63,1.0,<Residue ALA het=  resseq=51 icode= >,1c8c_A_A,1.45
395,0.0,ALA, ,C,15.1,11.34,0.0,3.49,1.0,<Residue ALA het=  resseq=51 icode= >,1c8c_A_A,1.45
396,11.055,ALA, ,O,24.06,11.71,0.0,2.70,1.0,<Residue ALA het=  resseq=51 icode= >,1c8c_A_A,1.45
397,0.0,ALA, ,CB,35.4,9.60,0.0,1.43,1.0,<Residue ALA het=  resseq=51 icode= >,1c8c_A_A,1.45
398,0.0,PRO, ,N,23.39,12.22,0.0,3.43,1.0,<Residue PRO het=  resseq=52 icode= >,1c8c_A_A,1.45
399,11.075,PRO, ,CA,18.79,13.67,0.0,2.76,1.0,<Residue PRO het=  resseq=52 icode= >,1c8c_A_A,1.45
400,0.0,PRO, ,C,22.76,14.24,0.0,2.79,1.0,<Residue PRO het=  resseq=52 icode= >,1c8c_A_A,1.45
401,0.0,PRO, ,O,19.55,13.82,0.0,3.46,1.0,<Residue PRO het=  resseq=52 icode= >,1c8c_A_A,1.45
402,8.299,PRO, ,CB,21.38,13.91,0.0,2.40,1.0,<Residue PRO het=  resseq=52 icode= >,1c8c_A_A,1.45
403,9.439,PRO, ,CG,24.91,12.70,0.0,2.15,1.0,<Residue PRO het=  resseq=52 icode= >,1c8c_A_A,1.45
404,4.187,PRO, ,CD,31.59,11.53,0.0,1.89,1.0,<Residue PRO het=  resseq=52 icode= >,1c8c_A_A,1.45
405,9.321,LYS, ,N,21.43,15.07,0.0,3.26,1.0,<Residue LYS het=  resseq=53 icode= >,1c8c_A_A,1.45
406,0.0,LYS, ,CA,24.68,15.66,0.0,2.56,1.0,<Residue LYS het=  resseq=53 icode= >,1c8c_A_A,1.45
407,0.0,LYS, ,C,21.89,16.48,0.0,3.99,1.0,<Residue LYS het=  resseq=53 icode= >,1c8c_A_A,1.45
408,0.176,LYS, ,O,24.37,16.61,0.0,3.82,1.0,<Residue LYS het=  resseq=53 icode= >,1c8c_A_A,1.45
409,16.68,LYS, ,CB,30.99,16.66,0.0,2.15,1.0,<Residue LYS het=  resseq=53 icode= >,1c8c_A_A,1.45
410,23.836,LYS, ,CG,47.0,16.37,0.0,0.70,1.0,<Residue LYS het=  resseq=53 icode= >,1c8c_A_A,1.45
411,37.217,LYS, ,CD,53.31,17.65,0.0,0.20,1.0,<Residue LYS het=  resseq=53 icode= >,1c8c_A_A,1.45
412,23.589,LYS, ,CE,57.48,18.74,0.0,0.62,1.0,<Residue LYS het=  resseq=53 icode= >,1c8c_A_A,1.45
413,46.494,LYS, ,NZ,58.18,19.12,0.0,0.45,1.0,<Residue LYS het=  resseq=53 icode= >,1c8c_A_A,1.45
414,2.988,GLU, ,N,21.32,16.85,0.0,4.06,1.0,<Residue GLU het=  resseq=54 icode= >,1c8c_A_A,1.45
415,1.18,GLU, ,CA,29.96,17.43,0.0,2.71,1.0,<Residue GLU het=  resseq=54 icode= >,1c8c_A_A,1.45
416,0.0,GLU, ,C,22.16,16.58,0.0,3.60,1.0,<Residue GLU het=  resseq=54 icode= >,1c8c_A_A,1.45
417,0.573,GLU, ,O,23.46,16.34,0.0,3.92,1.0,<Residue GLU het=  resseq=54 icode= >,1c8c_A_A,1.45
418,10.546,GLU, ,CB,25.82,17.81,0.0,1.90,1.0,<Residue GLU het=  resseq=54 icode= >,1c8c_A_A,1.45
419,8.661,GLU, ,CG,36.57,18.52,0.0,1.43,1.0,<Residue GLU het=  resseq=54 icode= >,1c8c_A_A,1.45
420,6.636,GLU, ,CD,42.54,19.11,0.0,2.10,1.0,<Residue GLU het=  resseq=54 icode= >,1c8c_A_A,1.45
421,4.376,GLU, ,OE1,21.12,19.06,0.0,3.80,1.0,<Residue GLU het=  resseq=54 icode= >,1c8c_A_A,1.45
422,15.247,GLU, ,OE2,26.21,19.71,0.0,2.66,1.0,<Residue GLU het=  resseq=54 icode= >,1c8c_A_A,1.45
423,0.0,LEU, ,N,16.28,15.27,0.0,4.34,1.0,<Residue LEU het=  resseq=55 icode= >,1c8c_A_A,1.45
424,0.0,LEU, ,CA,15.14,14.36,0.0,3.19,1.0,<Residue LEU het=  resseq=55 icode= >,1c8c_A_A,1.45
425,0.0,LEU, ,C,14.43,14.23,0.0,3.69,1.0,<Residue LEU het=  resseq=55 icode= >,1c8c_A_A,1.45
426,0.0,LEU, ,O,13.77,13.18,0.0,5.37,1.0,<Residue LEU het=  resseq=55 icode= >,1c8c_A_A,1.45
427,0.0,LEU, ,CB,16.28,13.03,0.0,2.72,1.0,<Residue LEU het=  resseq=55 icode= >,1c8c_A_A,1.45
428,0.0,LEU, ,CG,16.94,11.98,0.0,2.58,1.0,<Residue LEU het=  resseq=55 icode= >,1c8c_A_A,1.45
429,0.0,LEU, ,CD1,17.25,12.60,0.0,2.59,1.0,<Residue LEU het=  resseq=55 icode= >,1c8c_A_A,1.45
430,0.0,LEU, ,CD2,12.98,10.68,0.0,3.05,1.0,<Residue LEU het=  resseq=55 icode= >,1c8c_A_A,1.45
431,0.0,LEU, ,N,15.89,14.04,0.0,3.93,1.0,<Residue LEU het=  resseq=56 icode= >,1c8c_A_A,1.45
432,0.0,LEU, ,CA,18.35,14.07,0.0,2.26,1.0,<Residue LEU het=  resseq=56 icode= >,1c8c_A_A,1.45
433,0.941,LEU, ,C,26.36,14.21,0.0,2.57,1.0,<Residue LEU het=  resseq=56 icode= >,1c8c_A_A,1.45
434,2.83,LEU, ,O,23.47,13.31,0.0,3.31,1.0,<Residue LEU het=  resseq=56 icode= >,1c8c_A_A,1.45
435,12.239,LEU, ,CB,17.95,13.86,0.0,2.66,1.0,<Residue LEU het=  resseq=56 icode= >,1c8c_A_A,1.45
436,0.0,LEU, ,CG,21.93,12.38,0.0,2.41,1.0,<Residue LEU het=  resseq=56 icode= >,1c8c_A_A,1.45
437,33.605,LEU, ,CD1,20.53,12.03,0.0,2.19,1.0,<Residue LEU het=  resseq=56 icode= >,1c8c_A_A,1.45
438,0.777,LEU, ,CD2,20.0,11.56,0.0,2.64,1.0,<Residue LEU het=  resseq=56 icode= >,1c8c_A_A,1.45
439,0.567,GLN, ,N,27.83,15.23,0.0,2.64,1.0,<Residue GLN het=  resseq=57 icode= >,1c8c_A_A,1.45
440,3.932,GLN, ,CA,21.88,15.28,0.0,2.42,1.0,<Residue GLN het=  resseq=57 icode= >,1c8c_A_A,1.45
441,0.0,GLN, ,C,22.68,14.29,0.0,3.20,1.0,<Residue GLN het=  resseq=57 icode= >,1c8c_A_A,1.45
442,0.0,GLN, ,O,31.94,13.95,0.0,2.87,1.0,<Residue GLN het=  resseq=57 icode= >,1c8c_A_A,1.45
443,17.414,GLN, ,CB,31.72,16.71,0.0,1.49,1.0,<Residue GLN het=  resseq=57 icode= >,1c8c_A_A,1.45
444,2.816,GLN, ,CG,38.65,17.33,0.0,1.18,1.0,<Residue GLN het=  resseq=57 icode= >,1c8c_A_A,1.45
445,4.835,GLN, ,CD,51.9,18.85,0.0,1.50,1.0,<Residue GLN het=  resseq=57 icode= >,1c8c_A_A,1.45
446,17.884,GLN, ,OE1,53.96,19.55,0.0,1.90,1.0,<Residue GLN het=  resseq=57 icode= >,1c8c_A_A,1.45
447,42.802,GLN, ,NE2,25.74,19.43,0.0,1.85,1.0,<Residue GLN het=  resseq=57 icode= >,1c8c_A_A,1.45
448,0.0,MET, ,N,22.52,13.95,0.0,2.72,1.0,<Residue MET het=  resseq=58 icode= >,1c8c_A_A,1.45
449,2.303,MET, ,CA,21.88,13.10,0.0,2.47,1.0,<Residue MET het=  resseq=58 icode= >,1c8c_A_A,1.45
450,0.0,MET, ,C,25.99,11.74,0.0,2.55,1.0,<Residue MET het=  resseq=58 icode= >,1c8c_A_A,1.45
451,0.234,MET, ,O,32.17,11.21,0.0,1.90,1.0,<Residue MET het=  resseq=58 icode= >,1c8c_A_A,1.45
452,0.0,MET, ,CB,26.9,13.15,0.0,2.18,1.0,<Residue MET het=  resseq=58 icode= >,1c8c_A_A,1.45
453,21.887,MET, ,CG,36.21,13.24,0.0,1.03,1.0,<Residue MET het=  resseq=58 icode= >,1c8c_A_A,1.45
454,9.466,MET, ,SD,46.22,13.07,0.0,3.00,1.0,<Residue MET het=  resseq=58 icode= >,1c8c_A_A,1.45
455,18.335,MET, ,CE,18.09,14.80,0.0,2.65,1.0,<Residue MET het=  resseq=58 icode= >,1c8c_A_A,1.45
456,0.0,LEU, ,N,31.6,11.29,0.0,2.01,1.0,<Residue LEU het=  resseq=59 icode= >,1c8c_A_A,1.45
457,0.0,LEU, ,CA,33.4,10.13,0.0,1.95,1.0,<Residue LEU het=  resseq=59 icode= >,1c8c_A_A,1.45
458,0.02,LEU, ,C,37.8,10.22,0.0,2.26,1.0,<Residue LEU het=  resseq=59 icode= >,1c8c_A_A,1.45
459,1.862,LEU, ,O,28.71,9.35,0.0,2.43,1.0,<Residue LEU het=  resseq=59 icode= >,1c8c_A_A,1.45
460,0.0,LEU, ,CB,30.53,10.34,0.0,1.49,1.0,<Residue LEU het=  resseq=59 icode= >,1c8c_A_A,1.45
461,6.271,LEU, ,CG,27.13,9.43,0.0,2.19,1.0,<Residue LEU het=  resseq=59 icode= >,1c8c_A_A,1.45
462,3.064,LEU, ,CD1,21.52,8.16,0.0,1.55,1.0,<Residue LEU het=  resseq=59 icode= >,1c8c_A_A,1.45
463,11.965,LEU, ,CD2,32.06,10.29,0.0,1.78,1.0,<Residue LEU het=  resseq=59 icode= >,1c8c_A_A,1.45
464,0.0,ALA, ,N,33.94,11.46,0.0,2.09,1.0,<Residue ALA het=  resseq=60 icode= >,1c8c_A_A,1.45
465,2.46,ALA, ,CA,30.1,11.96,0.0,2.19,1.0,<Residue ALA het=  resseq=60 icode= >,1c8c_A_A,1.45
466,0.0,ALA, ,C,31.79,12.20,0.0,2.32,1.0,<Residue ALA het=  resseq=60 icode= >,1c8c_A_A,1.45
467,21.729,ALA, ,O,55.63,12.49,0.0,1.08,1.0,<Residue ALA het=  resseq=60 icode= >,1c8c_A_A,1.45
468,48.586,ALA, ,CB,27.07,13.35,0.0,1.89,1.0,<Residue ALA het=  resseq=60 icode= >,1c8c_A_A,1.45
469,0.0,LYS, ,N,39.78,12.31,0.0,1.16,1.0,<Residue LYS het=  resseq=61 icode= >,1c8c_A_A,1.45
470,7.727,LYS, ,CA,40.7,12.76,0.0,1.74,1.0,<Residue LYS het=  resseq=61 icode= >,1c8c_A_A,1.45
471,3.998,LYS, ,C,49.16,11.83,0.0,1.56,1.0,<Residue LYS het=  resseq=61 icode= >,1c8c_A_A,1.45
472,21.208,LYS, ,O,67.05,12.44,0.0,0.26,1.0,<Residue LYS het=  resseq=61 icode= >,1c8c_A_A,1.45
473,7.046,LYS, ,CB,41.55,13.96,0.0,1.32,1.0,<Residue LYS het=  resseq=61 icode= >,1c8c_A_A,1.45
474,15.325,LYS, ,CG,49.88,15.04,0.0,0.10,1.0,<Residue LYS het=  resseq=61 icode= >,1c8c_A_A,1.45
475,19.79,LYS, ,CD,38.51,16.18,0.0,0.42,1.0,<Residue LYS het=  resseq=61 icode= >,1c8c_A_A,1.45
476,36.518,LYS, ,CE,30.21,16.67,0.0,1.18,1.0,<Residue LYS het=  resseq=61 icode= >,1c8c_A_A,1.45
477,48.044,LYS, ,NZ,63.48,17.21,0.0,-0.30,1.0,<Residue LYS het=  resseq=61 icode= >,1c8c_A_A,1.45
478,0.697,GLN, ,N,49.2,10.50,0.0,0.84,1.0,<Residue GLN het=  resseq=62 icode= >,1c8c_A_A,1.45
479,0.0,GLN, ,CA,58.42,9.87,0.0,1.35,1.0,<Residue GLN het=  resseq=62 icode= >,1c8c_A_A,1.45
480,3.704,GLN, ,C,66.28,8.86,0.0,0.90,1.0,<Residue GLN het=  resseq=62 icode= >,1c8c_A_A,1.45
481,5.146,GLN, ,O,73.71,7.92,0.0,0.22,1.0,<Residue GLN het=  resseq=62 icode= >,1c8c_A_A,1.45
482,8.989,GLN, ,CB,62.91,9.43,0.0,0.58,1.0,<Residue GLN het=  resseq=62 icode= >,1c8c_A_A,1.45
483,0.887,GLN, ,CG,56.35,8.23,0.0,0.27,1.0,<Residue GLN het=  resseq=62 icode= >,1c8c_A_A,1.45
484,2.164,GLN, ,CD,51.62,8.64,0.0,0.77,1.0,<Residue GLN het=  resseq=62 icode= >,1c8c_A_A,1.45
485,4.364,GLN, ,OE1,30.36,8.30,0.0,2.60,1.0,<Residue GLN het=  resseq=62 icode= >,1c8c_A_A,1.45
486,1.024,GLN, ,NE2,48.12,9.62,0.0,-0.24,1.0,<Residue GLN het=  resseq=62 icode= >,1c8c_A_A,1.45
487,1.133,LYS, ,N,69.62,9.25,0.0,0.70,1.0,<Residue LYS het=  resseq=63 icode= >,1c8c_A_A,1.45
488,27.667,LYS, ,CA,69.68,9.89,0.0,0.66,1.0,<Residue LYS het=  resseq=63 icode= >,1c8c_A_A,1.45
489,0.785,LYS, ,C,91.28,6.57,0.0,-0.31,1.0,<Residue LYS het=  resseq=63 icode= >,1c8c_A_A,1.45
490,1.135,LYS, ,O,101.65,6.85,0.0,-0.07,1.0,<Residue LYS het=  resseq=63 icode= >,1c8c_A_A,1.45
491,61.921,LYS, ,CB,31.04,10.62,0.0,0.94,1.0,<Residue LYS het=  resseq=63 icode= >,1c8c_A_A,1.45
492,25.555,LYS, ,CG,55.39,9.63,0.0,0.23,1.0,<Residue LYS het=  resseq=63 icode= >,1c8c_A_A,1.45
493,38.73,LYS, ,CD,48.32,7.65,0.0,-0.32,1.0,<Residue LYS het=  resseq=63 icode= >,1c8c_A_A,1.45
494,80.982,LYS, ,CE,140.56,9.51,0.0,0.13,1.0,<Residue LYS het=  resseq=63 icode= >,1c8c_A_A,1.45
495,56.636,LYS, ,NZ,47.57,11.46,0.0,0.93,1.0,<Residue LYS het=  resseq=63 icode= >,1c8c_A_A,1.45
496,19.07,LYS, ,N,81.05,7.63,0.0,0.03,1.0,<Residue LYS het=  resseq=64 icode= >,1c8c_A_A,1.45
497,21.968,LYS, ,CA,61.79,4.38,5.914,0.20,1.0,<Residue LYS het=  resseq=64 icode= >,1c8c_A_A,1.45
498,30.977,LYS, ,C,138.86,4.45,1.288,-0.05,1.0,<Residue LYS het=  resseq=64 icode= >,1c8c_A_A,1.45
499,32.178,LYS, ,O,138.99,4.00,11.987,0.17,1.0,<Residue LYS het=  resseq=64 icode= >,1c8c_A_A,1.45
500,32.754,LYS, ,CB,35.26,4.01,8.028,0.65,1.0,<Residue LYS het=  resseq=64 icode= >,1c8c_A_A,1.45
501,8.217,LYS, ,CG,29.49,4.64,0.0,1.13,1.0,<Residue LYS het=  resseq=64 icode= >,1c8c_A_A,1.45
502,1.521,LYS, ,CD,42.84,4.69,1.184,0.08,1.0,<Residue LYS het=  resseq=64 icode= >,1c8c_A_A,1.45
503,115.037,LYS, ,CE,48.1,6.78,0.0,-0.03,1.0,<Residue LYS het=  resseq=64 icode= >,1c8c_A_A,1.45
504,64.685,LYS, ,NZ,51.7,10.22,0.0,0.27,1.0,<Residue LYS het=  resseq=64 icode= >,1c8c_A_A,1.45
505,18.427,LYS, ,OXT,138.51,5.34,0.0,-0.13,1.0,<Residue LYS het=  resseq=64 icode= >,1c8c_A_A,1.45
