,ASA,aa,altloc,atom,bfac,d2r,dASA,dens,occ,residue,id,resolu
0,39.871,THR, ,N,25.27,16.27,0.0,3.14,1.0,<Residue THR het=  resseq=1 icode= >,1dp7_P_A,1.5
1,6.112,THR, ,CA,25.04,15.97,0.0,2.52,1.0,<Residue THR het=  resseq=1 icode= >,1dp7_P_A,1.5
2,0.0,THR, ,C,23.67,15.50,0.0,3.68,1.0,<Residue THR het=  resseq=1 icode= >,1dp7_P_A,1.5
3,0.0,THR, ,O,23.34,15.05,0.0,4.58,1.0,<Residue THR het=  resseq=1 icode= >,1dp7_P_A,1.5
4,0.0,THR, ,CB,25.75,14.88,0.0,3.13,1.0,<Residue THR het=  resseq=1 icode= >,1dp7_P_A,1.5
5,17.499,THR, ,OG1,26.41,14.70,0.0,3.95,1.0,<Residue THR het=  resseq=1 icode= >,1dp7_P_A,1.5
6,6.7,THR, ,CG2,27.92,15.38,0.0,1.94,1.0,<Residue THR het=  resseq=1 icode= >,1dp7_P_A,1.5
7,1.33,VAL, ,N,23.34,15.37,0.0,3.37,1.0,<Residue VAL het=  resseq=2 icode= >,1dp7_P_A,1.5
8,0.0,VAL, ,CA,22.72,15.03,0.0,3.09,1.0,<Residue VAL het=  resseq=2 icode= >,1dp7_P_A,1.5
9,0.0,VAL, ,C,22.1,16.27,0.0,3.15,1.0,<Residue VAL het=  resseq=2 icode= >,1dp7_P_A,1.5
10,0.0,VAL, ,O,22.39,16.03,0.0,4.22,1.0,<Residue VAL het=  resseq=2 icode= >,1dp7_P_A,1.5
11,9.044,VAL, ,CB,23.81,14.78,0.0,3.02,1.0,<Residue VAL het=  resseq=2 icode= >,1dp7_P_A,1.5
12,24.336,VAL, ,CG1,24.7,14.63,0.0,2.29,1.0,<Residue VAL het=  resseq=2 icode= >,1dp7_P_A,1.5
13,38.288,VAL, ,CG2,25.46,13.68,0.0,1.94,1.0,<Residue VAL het=  resseq=2 icode= >,1dp7_P_A,1.5
14,4.218,GLN, ,N,21.16,17.44,0.0,3.53,1.0,<Residue GLN het=  resseq=3 icode= >,1dp7_P_A,1.5
15,0.0,GLN, ,CA,21.35,18.56,0.0,2.61,1.0,<Residue GLN het=  resseq=3 icode= >,1dp7_P_A,1.5
16,0.028,GLN, ,C,19.33,18.29,0.0,4.03,1.0,<Residue GLN het=  resseq=3 icode= >,1dp7_P_A,1.5
17,0.0,GLN, ,O,21.33,18.53,0.0,3.94,1.0,<Residue GLN het=  resseq=3 icode= >,1dp7_P_A,1.5
18,27.548,GLN, ,CB,22.65,19.84,0.0,2.23,1.0,<Residue GLN het=  resseq=3 icode= >,1dp7_P_A,1.5
19,23.025,GLN, ,CG,25.14,21.01,0.0,1.86,1.0,<Residue GLN het=  resseq=3 icode= >,1dp7_P_A,1.5
20,5.657,GLN, ,CD,23.95,20.73,0.0,3.10,1.0,<Residue GLN het=  resseq=3 icode= >,1dp7_P_A,1.5
21,13.323,GLN, ,OE1,25.69,20.88,0.0,3.06,1.0,<Residue GLN het=  resseq=3 icode= >,1dp7_P_A,1.5
22,39.383,GLN, ,NE2,24.38,20.30,0.0,3.03,1.0,<Residue GLN het=  resseq=3 icode= >,1dp7_P_A,1.5
23,4.098,TRP, ,N,20.67,17.88,0.0,3.53,1.0,<Residue TRP het=  resseq=4 icode= >,1dp7_P_A,1.5
24,4.072,TRP, ,CA,19.55,17.73,0.0,2.91,1.0,<Residue TRP het=  resseq=4 icode= >,1dp7_P_A,1.5
25,0.0,TRP, ,C,17.95,16.62,0.0,3.60,1.0,<Residue TRP het=  resseq=4 icode= >,1dp7_P_A,1.5
26,0.0,TRP, ,O,18.83,16.85,0.0,4.35,1.0,<Residue TRP het=  resseq=4 icode= >,1dp7_P_A,1.5
27,5.37,TRP, ,CB,19.99,17.45,0.0,2.84,1.0,<Residue TRP het=  resseq=4 icode= >,1dp7_P_A,1.5
28,0.0,TRP, ,CG,20.06,17.22,0.0,3.41,1.0,<Residue TRP het=  resseq=4 icode= >,1dp7_P_A,1.5
29,10.838,TRP, ,CD1,21.07,18.23,0.0,2.95,1.0,<Residue TRP het=  resseq=4 icode= >,1dp7_P_A,1.5
30,0.0,TRP, ,CD2,19.67,16.00,0.0,3.45,1.0,<Residue TRP het=  resseq=4 icode= >,1dp7_P_A,1.5
31,7.442,TRP, ,NE1,21.08,17.81,0.0,3.58,1.0,<Residue TRP het=  resseq=4 icode= >,1dp7_P_A,1.5
32,0.0,TRP, ,CE2,19.87,16.44,0.0,3.46,1.0,<Residue TRP het=  resseq=4 icode= >,1dp7_P_A,1.5
33,0.0,TRP, ,CE3,19.88,14.64,0.0,3.40,1.0,<Residue TRP het=  resseq=4 icode= >,1dp7_P_A,1.5
34,0.0,TRP, ,CZ2,19.63,15.65,0.0,3.40,1.0,<Residue TRP het=  resseq=4 icode= >,1dp7_P_A,1.5
35,0.0,TRP, ,CZ3,19.35,13.74,0.0,3.63,1.0,<Residue TRP het=  resseq=4 icode= >,1dp7_P_A,1.5
36,0.0,TRP, ,CH2,18.23,14.30,0.0,3.60,1.0,<Residue TRP het=  resseq=4 icode= >,1dp7_P_A,1.5
37,0.0,LEU, ,N,17.27,15.52,0.0,4.73,1.0,<Residue LEU het=  resseq=5 icode= >,1dp7_P_A,1.5
38,0.0,LEU, ,CA,16.57,14.52,0.0,3.83,1.0,<Residue LEU het=  resseq=5 icode= >,1dp7_P_A,1.5
39,0.0,LEU, ,C,16.96,15.24,0.0,4.48,1.0,<Residue LEU het=  resseq=5 icode= >,1dp7_P_A,1.5
40,0.0,LEU, ,O,18.02,15.28,0.0,4.30,1.0,<Residue LEU het=  resseq=5 icode= >,1dp7_P_A,1.5
41,0.0,LEU, ,CB,17.91,13.31,0.0,3.27,1.0,<Residue LEU het=  resseq=5 icode= >,1dp7_P_A,1.5
42,0.0,LEU, ,CG,18.43,12.32,0.0,3.83,1.0,<Residue LEU het=  resseq=5 icode= >,1dp7_P_A,1.5
43,0.0,LEU, ,CD1,18.34,11.50,0.0,3.60,1.0,<Residue LEU het=  resseq=5 icode= >,1dp7_P_A,1.5
44,0.0,LEU, ,CD2,18.04,11.56,0.0,4.10,1.0,<Residue LEU het=  resseq=5 icode= >,1dp7_P_A,1.5
45,0.0,LEU, ,N,18.66,15.97,0.0,3.68,1.0,<Residue LEU het=  resseq=6 icode= >,1dp7_P_A,1.5
46,0.0,LEU, ,CA,19.83,16.81,0.0,3.46,1.0,<Residue LEU het=  resseq=6 icode= >,1dp7_P_A,1.5
47,0.274,LEU, ,C,20.71,17.88,0.0,3.65,1.0,<Residue LEU het=  resseq=6 icode= >,1dp7_P_A,1.5
48,0.072,LEU, ,O,21.78,18.33,0.0,4.34,1.0,<Residue LEU het=  resseq=6 icode= >,1dp7_P_A,1.5
49,5.745,LEU, ,CB,19.92,17.53,0.0,3.50,1.0,<Residue LEU het=  resseq=6 icode= >,1dp7_P_A,1.5
50,0.0,LEU, ,CG,20.82,16.71,0.0,3.13,1.0,<Residue LEU het=  resseq=6 icode= >,1dp7_P_A,1.5
51,28.494,LEU, ,CD1,22.45,16.99,0.0,2.09,1.0,<Residue LEU het=  resseq=6 icode= >,1dp7_P_A,1.5
52,29.483,LEU, ,CD2,20.72,16.33,0.0,3.05,1.0,<Residue LEU het=  resseq=6 icode= >,1dp7_P_A,1.5
53,0.0,ASP, ,N,21.8,18.40,0.0,2.63,1.0,<Residue ASP het=  resseq=7 icode= >,1dp7_P_A,1.5
54,2.931,ASP, ,CA,21.61,19.49,0.0,3.02,1.0,<Residue ASP het=  resseq=7 icode= >,1dp7_P_A,1.5
55,0.0,ASP, ,C,21.85,19.13,0.0,3.23,1.0,<Residue ASP het=  resseq=7 icode= >,1dp7_P_A,1.5
56,6.052,ASP, ,O,22.34,19.98,0.0,3.83,1.0,<Residue ASP het=  resseq=7 icode= >,1dp7_P_A,1.5
57,14.892,ASP, ,CB,23.51,20.24,0.0,2.52,1.0,<Residue ASP het=  resseq=7 icode= >,1dp7_P_A,1.5
58,7.985,ASP, ,CG,26.86,21.06,0.0,2.56,1.0,<Residue ASP het=  resseq=7 icode= >,1dp7_P_A,1.5
59,16.215,ASP, ,OD1,24.06,21.27,0.0,3.35,1.0,<Residue ASP het=  resseq=7 icode= >,1dp7_P_A,1.5
60,26.903,ASP, ,OD2,29.25,21.61,0.0,2.84,1.0,<Residue ASP het=  resseq=7 icode= >,1dp7_P_A,1.5
61,0.0,ASN, ,N,19.47,17.89,0.0,3.55,1.0,<Residue ASN het=  resseq=8 icode= >,1dp7_P_A,1.5
62,0.0,ASN, ,CA,19.97,17.63,0.0,2.76,1.0,<Residue ASN het=  resseq=8 icode= >,1dp7_P_A,1.5
63,0.0,ASN, ,C,18.36,16.78,0.0,3.71,1.0,<Residue ASN het=  resseq=8 icode= >,1dp7_P_A,1.5
64,0.195,ASN, ,O,18.95,16.96,0.0,4.71,1.0,<Residue ASN het=  resseq=8 icode= >,1dp7_P_A,1.5
65,0.425,ASN, ,CB,20.9,17.10,0.0,2.00,1.0,<Residue ASN het=  resseq=8 icode= >,1dp7_P_A,1.5
66,0.549,ASN, ,CG,20.95,18.27,0.0,3.69,1.0,<Residue ASN het=  resseq=8 icode= >,1dp7_P_A,1.5
67,18.916,ASN, ,OD1,23.78,19.05,0.0,3.64,1.0,<Residue ASN het=  resseq=8 icode= >,1dp7_P_A,1.5
68,9.484,ASN, ,ND2,22.0,18.51,0.0,3.29,1.0,<Residue ASN het=  resseq=8 icode= >,1dp7_P_A,1.5
69,0.0,TYR, ,N,17.18,16.03,0.0,4.28,1.0,<Residue TYR het=  resseq=9 icode= >,1dp7_P_A,1.5
70,0.0,TYR, ,CA,17.84,15.26,0.0,2.81,1.0,<Residue TYR het=  resseq=9 icode= >,1dp7_P_A,1.5
71,0.0,TYR, ,C,18.03,15.50,0.0,3.89,1.0,<Residue TYR het=  resseq=9 icode= >,1dp7_P_A,1.5
72,0.655,TYR, ,O,18.24,15.93,0.0,4.49,1.0,<Residue TYR het=  resseq=9 icode= >,1dp7_P_A,1.5
73,0.0,TYR, ,CB,17.18,13.76,0.0,3.26,1.0,<Residue TYR het=  resseq=9 icode= >,1dp7_P_A,1.5
74,0.0,TYR, ,CG,16.59,13.60,0.0,3.88,1.0,<Residue TYR het=  resseq=9 icode= >,1dp7_P_A,1.5
75,0.0,TYR, ,CD1,15.82,13.71,0.0,3.99,1.0,<Residue TYR het=  resseq=9 icode= >,1dp7_P_A,1.5
76,0.0,TYR, ,CD2,16.63,13.66,0.0,4.17,1.0,<Residue TYR het=  resseq=9 icode= >,1dp7_P_A,1.5
77,0.0,TYR, ,CE1,16.66,13.90,0.0,3.47,1.0,<Residue TYR het=  resseq=9 icode= >,1dp7_P_A,1.5
78,1.051,TYR, ,CE2,16.96,13.86,0.0,3.67,1.0,<Residue TYR het=  resseq=9 icode= >,1dp7_P_A,1.5
79,0.746,TYR, ,CZ,15.58,13.97,0.0,4.27,1.0,<Residue TYR het=  resseq=9 icode= >,1dp7_P_A,1.5
80,8.165,TYR, ,OH,18.9,14.39,0.0,5.23,1.0,<Residue TYR het=  resseq=9 icode= >,1dp7_P_A,1.5
81,0.0,GLU, ,N,18.13,15.36,0.0,3.82,1.0,<Residue GLU het=  resseq=10 icode= >,1dp7_P_A,1.5
82,1.448,GLU, ,CA,19.17,15.72,0.0,2.40,1.0,<Residue GLU het=  resseq=10 icode= >,1dp7_P_A,1.5
83,0.0,GLU, ,C,18.22,15.08,0.0,3.64,1.0,<Residue GLU het=  resseq=10 icode= >,1dp7_P_A,1.5
84,0.0,GLU, ,O,17.94,14.83,0.0,4.47,1.0,<Residue GLU het=  resseq=10 icode= >,1dp7_P_A,1.5
85,12.929,GLU, ,CB,19.08,17.24,0.0,2.68,1.0,<Residue GLU het=  resseq=10 icode= >,1dp7_P_A,1.5
86,0.0,GLU, ,CG,18.69,17.80,0.0,3.45,1.0,<Residue GLU het=  resseq=10 icode= >,1dp7_P_A,1.5
87,2.765,GLU, ,CD,20.75,19.34,0.0,3.91,1.0,<Residue GLU het=  resseq=10 icode= >,1dp7_P_A,1.5
88,7.308,GLU, ,OE1,24.22,19.95,0.0,3.76,1.0,<Residue GLU het=  resseq=10 icode= >,1dp7_P_A,1.5
89,21.096,GLU, ,OE2,25.34,19.94,0.0,2.92,1.0,<Residue GLU het=  resseq=10 icode= >,1dp7_P_A,1.5
90,1.346,THR, ,N,18.58,15.03,0.0,3.53,1.0,<Residue THR het=  resseq=11 icode= >,1dp7_P_A,1.5
91,0.0,THR, ,CA,18.34,14.68,0.0,3.67,1.0,<Residue THR het=  resseq=11 icode= >,1dp7_P_A,1.5
92,1.206,THR, ,C,17.71,15.87,0.0,3.74,1.0,<Residue THR het=  resseq=11 icode= >,1dp7_P_A,1.5
93,13.015,THR, ,O,17.45,16.99,0.0,5.27,1.0,<Residue THR het=  resseq=11 icode= >,1dp7_P_A,1.5
94,13.48,THR, ,CB,20.85,14.69,0.0,3.29,1.0,<Residue THR het=  resseq=11 icode= >,1dp7_P_A,1.5
95,30.153,THR, ,OG1,25.28,15.84,0.0,2.83,1.0,<Residue THR het=  resseq=11 icode= >,1dp7_P_A,1.5
96,10.801,THR, ,CG2,21.61,13.49,0.0,2.83,1.0,<Residue THR het=  resseq=11 icode= >,1dp7_P_A,1.5
97,1.088,ALA, ,N,16.44,15.72,0.0,4.82,1.0,<Residue ALA het=  resseq=12 icode= >,1dp7_P_A,1.5
98,10.041,ALA, ,CA,17.19,16.89,0.0,3.87,1.0,<Residue ALA het=  resseq=12 icode= >,1dp7_P_A,1.5
99,1.156,ALA, ,C,17.15,16.74,0.0,4.11,1.0,<Residue ALA het=  resseq=12 icode= >,1dp7_P_A,1.5
100,5.334,ALA, ,O,17.72,15.68,0.0,4.57,1.0,<Residue ALA het=  resseq=12 icode= >,1dp7_P_A,1.5
101,1.146,ALA, ,CB,19.21,17.14,0.0,2.75,1.0,<Residue ALA het=  resseq=12 icode= >,1dp7_P_A,1.5
102,4.43,GLU, ,N,16.14,17.89,0.0,4.21,1.0,<Residue GLU het=  resseq=13 icode= >,1dp7_P_A,1.5
103,2.853,GLU, ,CA,16.51,18.08,0.0,3.28,1.0,<Residue GLU het=  resseq=13 icode= >,1dp7_P_A,1.5
104,1.318,GLU, ,C,15.56,18.24,0.0,4.32,1.0,<Residue GLU het=  resseq=13 icode= >,1dp7_P_A,1.5
105,14.577,GLU, ,O,15.47,18.89,0.0,5.87,1.0,<Residue GLU het=  resseq=13 icode= >,1dp7_P_A,1.5
106,23.545,GLU, ,CB,15.27,19.40,0.0,3.59,1.0,<Residue GLU het=  resseq=13 icode= >,1dp7_P_A,1.5
107,25.163,GLU, ,CG,16.94,19.26,0.0,3.70,1.0,<Residue GLU het=  resseq=13 icode= >,1dp7_P_A,1.5
108,15.74,GLU, ,CD,19.08,20.59,0.0,3.56,1.0,<Residue GLU het=  resseq=13 icode= >,1dp7_P_A,1.5
109,36.535,GLU, ,OE1,19.36,21.66,0.0,4.47,1.0,<Residue GLU het=  resseq=13 icode= >,1dp7_P_A,1.5
110,42.653,GLU, ,OE2,18.43,20.57,0.0,4.78,1.0,<Residue GLU het=  resseq=13 icode= >,1dp7_P_A,1.5
111,5.894,GLY, ,N,14.42,17.64,0.0,5.79,1.0,<Residue GLY het=  resseq=14 icode= >,1dp7_P_A,1.5
112,25.073,GLY, ,CA,17.01,18.00,0.0,3.51,1.0,<Residue GLY het=  resseq=14 icode= >,1dp7_P_A,1.5
113,0.293,GLY, ,C,17.74,17.54,0.0,4.00,1.0,<Residue GLY het=  resseq=14 icode= >,1dp7_P_A,1.5
114,29.276,GLY, ,O,19.25,18.16,0.0,5.46,1.0,<Residue GLY het=  resseq=14 icode= >,1dp7_P_A,1.5
115,0.0,VAL, ,N,16.73,16.57,0.0,4.12,1.0,<Residue VAL het=  resseq=15 icode= >,1dp7_P_A,1.5
116,5.794,VAL, ,CA,16.8,16.21,0.0,3.25,1.0,<Residue VAL het=  resseq=15 icode= >,1dp7_P_A,1.5
117,0.107,VAL, ,C,15.23,14.70,0.0,4.83,1.0,<Residue VAL het=  resseq=15 icode= >,1dp7_P_A,1.5
118,0.0,VAL, ,O,15.74,13.94,0.0,5.49,1.0,<Residue VAL het=  resseq=15 icode= >,1dp7_P_A,1.5
119,8.539,VAL, ,CB,17.45,16.92,0.0,3.11,1.0,<Residue VAL het=  resseq=15 icode= >,1dp7_P_A,1.5
120,48.941,VAL, ,CG1,17.36,18.43,0.0,2.94,1.0,<Residue VAL het=  resseq=15 icode= >,1dp7_P_A,1.5
121,0.266,VAL, ,CG2,18.52,16.49,0.0,2.70,1.0,<Residue VAL het=  resseq=15 icode= >,1dp7_P_A,1.5
122,4.973,SER, ,N,16.61,14.35,0.0,4.34,1.0,<Residue SER het=  resseq=16 icode= >,1dp7_P_A,1.5
123,0.0,SER, ,CA,17.14,12.97,0.0,2.98,1.0,<Residue SER het=  resseq=16 icode= >,1dp7_P_A,1.5
124,0.0,SER, ,C,16.84,12.97,0.0,4.06,1.0,<Residue SER het=  resseq=16 icode= >,1dp7_P_A,1.5
125,19.006,SER, ,O,18.24,14.09,0.0,4.87,1.0,<Residue SER het=  resseq=16 icode= >,1dp7_P_A,1.5
126,2.731,SER, ,CB,18.84,12.54,0.0,3.00,1.0,<Residue SER het=  resseq=16 icode= >,1dp7_P_A,1.5
127,7.328,SER, ,OG,20.26,13.32,0.0,3.70,1.0,<Residue SER het=  resseq=16 icode= >,1dp7_P_A,1.5
128,0.0,LEU, ,N,15.24,11.82,0.0,4.99,1.0,<Residue LEU het=  resseq=17 icode= >,1dp7_P_A,1.5
129,0.0,LEU, ,CA,14.95,11.84,0.0,3.94,1.0,<Residue LEU het=  resseq=17 icode= >,1dp7_P_A,1.5
130,0.0,LEU, ,C,13.31,10.88,0.0,4.96,1.0,<Residue LEU het=  resseq=17 icode= >,1dp7_P_A,1.5
131,0.0,LEU, ,O,14.2,9.76,0.0,6.19,1.0,<Residue LEU het=  resseq=17 icode= >,1dp7_P_A,1.5
132,0.0,LEU, ,CB,17.81,11.64,0.0,3.62,1.0,<Residue LEU het=  resseq=17 icode= >,1dp7_P_A,1.5
133,0.184,LEU, ,CG,21.52,12.85,0.0,2.31,1.0,<Residue LEU het=  resseq=17 icode= >,1dp7_P_A,1.5
134,0.454,LEU, ,CD1,20.94,12.58,0.0,2.38,1.0,<Residue LEU het=  resseq=17 icode= >,1dp7_P_A,1.5
135,23.507,LEU, ,CD2,22.43,14.01,0.0,2.07,1.0,<Residue LEU het=  resseq=17 icode= >,1dp7_P_A,1.5
136,0.0,PRO, ,N,13.4,11.17,0.0,4.66,1.0,<Residue PRO het=  resseq=18 icode= >,1dp7_P_A,1.5
137,0.0,PRO, ,CA,13.33,9.97,0.0,3.53,1.0,<Residue PRO het=  resseq=18 icode= >,1dp7_P_A,1.5
138,0.0,PRO, ,C,12.22,8.94,0.0,4.56,1.0,<Residue PRO het=  resseq=18 icode= >,1dp7_P_A,1.5
139,0.0,PRO, ,O,13.6,9.47,0.0,5.92,1.0,<Residue PRO het=  resseq=18 icode= >,1dp7_P_A,1.5
140,7.806,PRO, ,CB,11.96,10.20,0.0,4.03,1.0,<Residue PRO het=  resseq=18 icode= >,1dp7_P_A,1.5
141,27.158,PRO, ,CG,14.78,11.35,0.0,3.81,1.0,<Residue PRO het=  resseq=18 icode= >,1dp7_P_A,1.5
142,11.669,PRO, ,CD,13.99,12.35,0.0,4.32,1.0,<Residue PRO het=  resseq=18 icode= >,1dp7_P_A,1.5
143,0.0,ARG, ,N,12.34,7.66,0.0,5.99,1.0,<Residue ARG het=  resseq=19 icode= >,1dp7_P_A,1.5
144,0.0,ARG, ,CA,12.65,6.78,0.0,4.96,1.0,<Residue ARG het=  resseq=19 icode= >,1dp7_P_A,1.5
145,0.647,ARG, ,C,14.62,6.90,0.0,4.10,1.0,<Residue ARG het=  resseq=19 icode= >,1dp7_P_A,1.5
146,0.614,ARG, ,O,15.4,7.20,0.0,6.84,1.0,<Residue ARG het=  resseq=19 icode= >,1dp7_P_A,1.5
147,15.817,ARG, ,CB,12.37,5.36,2.463,4.14,1.0,<Residue ARG het=  resseq=19 icode= >,1dp7_P_A,1.5
148,0.0,ARG, ,CG,11.1,5.70,0.0,4.46,1.0,<Residue ARG het=  resseq=19 icode= >,1dp7_P_A,1.5
149,8.431,ARG, ,CD,12.15,4.48,7.986,3.54,1.0,<Residue ARG het=  resseq=19 icode= >,1dp7_P_A,1.5
150,0.0,ARG, ,NE,13.85,4.06,0.0,4.50,1.0,<Residue ARG het=  resseq=19 icode= >,1dp7_P_A,1.5
151,0.139,ARG, ,CZ,14.08,3.70,0.139,4.52,1.0,<Residue ARG het=  resseq=19 icode= >,1dp7_P_A,1.5
152,30.377,ARG, ,NH1,14.01,3.53,25.124,5.14,1.0,<Residue ARG het=  resseq=19 icode= >,1dp7_P_A,1.5
153,0.881,ARG, ,NH2,17.23,3.99,0.396,3.98,1.0,<Residue ARG het=  resseq=19 icode= >,1dp7_P_A,1.5
154,3.262,SER, ,N,13.88,7.11,0.0,5.45,1.0,<Residue SER het=  resseq=20 icode= >,1dp7_P_A,1.5
155,7.091,SER, ,CA,15.79,7.61,0.0,3.47,1.0,<Residue SER het=  resseq=20 icode= >,1dp7_P_A,1.5
156,0.0,SER, ,C,15.4,8.94,0.0,4.31,1.0,<Residue SER het=  resseq=20 icode= >,1dp7_P_A,1.5
157,0.0,SER, ,O,15.02,9.29,0.0,5.74,1.0,<Residue SER het=  resseq=20 icode= >,1dp7_P_A,1.5
158,34.67,SER, ,CB,18.4,8.06,0.0,3.26,1.0,<Residue SER het=  resseq=20 icode= >,1dp7_P_A,1.5
159,17.688,SER, ,OG,23.9,8.60,0.0,2.90,1.0,<Residue SER het=  resseq=20 icode= >,1dp7_P_A,1.5
160,0.0,THR, ,N,16.72,9.83,0.0,4.82,1.0,<Residue THR het=  resseq=21 icode= >,1dp7_P_A,1.5
161,1.93,THR, ,CA,17.91,11.15,0.0,2.50,1.0,<Residue THR het=  resseq=21 icode= >,1dp7_P_A,1.5
162,0.718,THR, ,C,17.48,11.19,0.0,2.94,1.0,<Residue THR het=  resseq=21 icode= >,1dp7_P_A,1.5
163,1.982,THR, ,O,17.52,11.98,0.0,4.54,1.0,<Residue THR het=  resseq=21 icode= >,1dp7_P_A,1.5
164,16.847,THR, ,CB,19.62,12.24,0.0,1.76,1.0,<Residue THR het=  resseq=21 icode= >,1dp7_P_A,1.5
165,33.898,THR, ,OG1,23.37,13.53,0.0,3.14,1.0,<Residue THR het=  resseq=21 icode= >,1dp7_P_A,1.5
166,16.183,THR, ,CG2,19.48,12.20,0.0,3.22,1.0,<Residue THR het=  resseq=21 icode= >,1dp7_P_A,1.5
167,0.0,LEU, ,N,17.07,10.45,0.0,3.64,1.0,<Residue LEU het=  resseq=22 icode= >,1dp7_P_A,1.5
168,0.767,LEU, ,CA,15.01,10.71,0.0,4.39,1.0,<Residue LEU het=  resseq=22 icode= >,1dp7_P_A,1.5
169,0.0,LEU, ,C,12.49,10.30,0.0,4.25,1.0,<Residue LEU het=  resseq=22 icode= >,1dp7_P_A,1.5
170,0.0,LEU, ,O,11.61,11.22,0.0,6.70,1.0,<Residue LEU het=  resseq=22 icode= >,1dp7_P_A,1.5
171,0.042,LEU, ,CB,18.47,9.89,0.0,3.19,1.0,<Residue LEU het=  resseq=22 icode= >,1dp7_P_A,1.5
172,0.0,LEU, ,CG,22.82,9.54,0.0,2.92,1.0,<Residue LEU het=  resseq=22 icode= >,1dp7_P_A,1.5
173,0.0,LEU, ,CD1,25.51,10.82,0.0,1.94,1.0,<Residue LEU het=  resseq=22 icode= >,1dp7_P_A,1.5
174,0.0,LEU, ,CD2,26.24,8.84,0.0,1.66,1.0,<Residue LEU het=  resseq=22 icode= >,1dp7_P_A,1.5
175,0.0,TYR, ,N,10.83,9.11,0.0,5.37,1.0,<Residue TYR het=  resseq=23 icode= >,1dp7_P_A,1.5
176,0.0,TYR, ,CA,11.39,8.95,0.0,4.03,1.0,<Residue TYR het=  resseq=23 icode= >,1dp7_P_A,1.5
177,0.0,TYR, ,C,11.65,10.08,0.0,4.06,1.0,<Residue TYR het=  resseq=23 icode= >,1dp7_P_A,1.5
178,0.0,TYR, ,O,12.79,10.81,0.0,6.09,1.0,<Residue TYR het=  resseq=23 icode= >,1dp7_P_A,1.5
179,6.471,TYR, ,CB,13.15,7.60,0.0,4.06,1.0,<Residue TYR het=  resseq=23 icode= >,1dp7_P_A,1.5
180,0.0,TYR, ,CG,12.95,7.71,0.0,4.29,1.0,<Residue TYR het=  resseq=23 icode= >,1dp7_P_A,1.5
181,0.0,TYR, ,CD1,13.45,8.06,0.0,3.98,1.0,<Residue TYR het=  resseq=23 icode= >,1dp7_P_A,1.5
182,9.921,TYR, ,CD2,15.46,7.85,0.0,3.70,1.0,<Residue TYR het=  resseq=23 icode= >,1dp7_P_A,1.5
183,0.0,TYR, ,CE1,13.69,8.39,0.0,4.22,1.0,<Residue TYR het=  resseq=23 icode= >,1dp7_P_A,1.5
184,13.683,TYR, ,CE2,16.91,8.32,0.0,3.47,1.0,<Residue TYR het=  resseq=23 icode= >,1dp7_P_A,1.5
185,0.0,TYR, ,CZ,14.97,8.65,0.0,4.05,1.0,<Residue TYR het=  resseq=23 icode= >,1dp7_P_A,1.5
186,10.673,TYR, ,OH,16.87,9.26,0.0,5.33,1.0,<Residue TYR het=  resseq=23 icode= >,1dp7_P_A,1.5
187,0.0,ASN, ,N,13.14,10.39,0.0,4.37,1.0,<Residue ASN het=  resseq=24 icode= >,1dp7_P_A,1.5
188,0.267,ASN, ,CA,13.57,11.62,0.0,3.82,1.0,<Residue ASN het=  resseq=24 icode= >,1dp7_P_A,1.5
189,0.477,ASN, ,C,13.72,12.85,0.0,4.36,1.0,<Residue ASN het=  resseq=24 icode= >,1dp7_P_A,1.5
190,1.408,ASN, ,O,14.74,13.76,0.0,5.78,1.0,<Residue ASN het=  resseq=24 icode= >,1dp7_P_A,1.5
191,18.199,ASN, ,CB,15.24,11.97,0.0,3.28,1.0,<Residue ASN het=  resseq=24 icode= >,1dp7_P_A,1.5
192,5.691,ASN, ,CG,13.38,11.36,0.0,4.72,1.0,<Residue ASN het=  resseq=24 icode= >,1dp7_P_A,1.5
193,27.971,ASN, ,OD1,18.1,11.42,0.0,4.41,1.0,<Residue ASN het=  resseq=24 icode= >,1dp7_P_A,1.5
194,25.356,ASN, ,ND2,11.27,10.99,0.0,5.97,1.0,<Residue ASN het=  resseq=24 icode= >,1dp7_P_A,1.5
195,0.68,HIS, ,N,13.0,13.02,0.0,5.14,1.0,<Residue HIS het=  resseq=25 icode= >,1dp7_P_A,1.5
196,2.701,HIS, ,CA,13.16,14.24,0.0,3.53,1.0,<Residue HIS het=  resseq=25 icode= >,1dp7_P_A,1.5
197,0.0,HIS, ,C,13.71,14.30,0.0,4.16,1.0,<Residue HIS het=  resseq=25 icode= >,1dp7_P_A,1.5
198,0.0,HIS, ,O,13.63,15.37,0.0,6.30,1.0,<Residue HIS het=  resseq=25 icode= >,1dp7_P_A,1.5
199,7.812,HIS, ,CB,15.16,14.40,0.0,3.62,1.0,<Residue HIS het=  resseq=25 icode= >,1dp7_P_A,1.5
200,2.485,HIS, ,CG,18.55,15.77,0.0,3.17,1.0,<Residue HIS het=  resseq=25 icode= >,1dp7_P_A,1.5
201,3.443,HIS, ,ND1,19.98,16.03,0.0,4.16,1.0,<Residue HIS het=  resseq=25 icode= >,1dp7_P_A,1.5
202,10.604,HIS, ,CD2,19.38,16.88,0.0,2.62,1.0,<Residue HIS het=  resseq=25 icode= >,1dp7_P_A,1.5
203,16.162,HIS, ,CE1,20.79,17.19,0.0,3.23,1.0,<Residue HIS het=  resseq=25 icode= >,1dp7_P_A,1.5
204,23.085,HIS, ,NE2,21.75,17.88,0.0,3.32,1.0,<Residue HIS het=  resseq=25 icode= >,1dp7_P_A,1.5
205,0.0,TYR, ,N,12.62,13.26,0.0,5.02,1.0,<Residue TYR het=  resseq=26 icode= >,1dp7_P_A,1.5
206,0.0,TYR, ,CA,13.51,13.30,0.0,4.17,1.0,<Residue TYR het=  resseq=26 icode= >,1dp7_P_A,1.5
207,0.0,TYR, ,C,14.58,13.89,0.0,4.25,1.0,<Residue TYR het=  resseq=26 icode= >,1dp7_P_A,1.5
208,0.0,TYR, ,O,15.27,14.69,0.0,5.41,1.0,<Residue TYR het=  resseq=26 icode= >,1dp7_P_A,1.5
209,0.0,TYR, ,CB,12.26,11.90,0.0,4.46,1.0,<Residue TYR het=  resseq=26 icode= >,1dp7_P_A,1.5
210,0.0,TYR, ,CG,12.47,11.82,0.0,4.13,1.0,<Residue TYR het=  resseq=26 icode= >,1dp7_P_A,1.5
211,0.0,TYR, ,CD1,12.54,11.27,0.0,4.36,1.0,<Residue TYR het=  resseq=26 icode= >,1dp7_P_A,1.5
212,0.0,TYR, ,CD2,14.93,12.51,0.0,3.96,1.0,<Residue TYR het=  resseq=26 icode= >,1dp7_P_A,1.5
213,0.0,TYR, ,CE1,14.15,11.44,0.0,4.16,1.0,<Residue TYR het=  resseq=26 icode= >,1dp7_P_A,1.5
214,0.34,TYR, ,CE2,16.24,12.68,0.0,3.95,1.0,<Residue TYR het=  resseq=26 icode= >,1dp7_P_A,1.5
215,0.0,TYR, ,CZ,15.6,12.16,0.0,4.65,1.0,<Residue TYR het=  resseq=26 icode= >,1dp7_P_A,1.5
216,7.505,TYR, ,OH,19.02,12.63,0.0,4.58,1.0,<Residue TYR het=  resseq=26 icode= >,1dp7_P_A,1.5
217,0.0,LEU, ,N,15.45,13.37,0.0,4.50,1.0,<Residue LEU het=  resseq=27 icode= >,1dp7_P_A,1.5
218,0.0,LEU, ,CA,16.84,13.98,0.0,3.59,1.0,<Residue LEU het=  resseq=27 icode= >,1dp7_P_A,1.5
219,0.586,LEU, ,C,17.76,15.44,0.0,3.57,1.0,<Residue LEU het=  resseq=27 icode= >,1dp7_P_A,1.5
220,3.679,LEU, ,O,18.66,16.33,0.0,4.47,1.0,<Residue LEU het=  resseq=27 icode= >,1dp7_P_A,1.5
221,10.832,LEU, ,CB,14.94,13.32,0.0,3.81,1.0,<Residue LEU het=  resseq=27 icode= >,1dp7_P_A,1.5
222,0.0,LEU, ,CG,15.61,11.98,0.0,3.53,1.0,<Residue LEU het=  resseq=27 icode= >,1dp7_P_A,1.5
223,32.326,LEU, ,CD1,17.26,11.66,0.0,2.88,1.0,<Residue LEU het=  resseq=27 icode= >,1dp7_P_A,1.5
224,8.135,LEU, ,CD2,15.87,12.19,0.0,3.69,1.0,<Residue LEU het=  resseq=27 icode= >,1dp7_P_A,1.5
225,0.0,LEU, ,N,18.66,15.80,0.0,4.30,1.0,<Residue LEU het=  resseq=28 icode= >,1dp7_P_A,1.5
226,0.0,LEU, ,CA,21.11,17.26,0.0,3.18,1.0,<Residue LEU het=  resseq=28 icode= >,1dp7_P_A,1.5
227,0.0,LEU, ,C,22.35,18.01,0.0,3.08,1.0,<Residue LEU het=  resseq=28 icode= >,1dp7_P_A,1.5
228,0.0,LEU, ,O,23.94,19.11,0.0,3.23,1.0,<Residue LEU het=  resseq=28 icode= >,1dp7_P_A,1.5
229,2.681,LEU, ,CB,22.21,17.62,0.0,2.84,1.0,<Residue LEU het=  resseq=28 icode= >,1dp7_P_A,1.5
230,1.046,LEU, ,CG,24.13,17.26,0.0,3.05,1.0,<Residue LEU het=  resseq=28 icode= >,1dp7_P_A,1.5
231,50.783,LEU, ,CD1,26.08,17.97,0.0,2.19,1.0,<Residue LEU het=  resseq=28 icode= >,1dp7_P_A,1.5
232,43.173,LEU, ,CD2,27.2,17.84,0.0,1.68,1.0,<Residue LEU het=  resseq=28 icode= >,1dp7_P_A,1.5
233,0.423,HIS, ,N,22.2,17.55,0.0,3.46,1.0,<Residue HIS het=  resseq=29 icode= >,1dp7_P_A,1.5
234,5.295,HIS, ,CA,21.88,18.17,0.0,3.01,1.0,<Residue HIS het=  resseq=29 icode= >,1dp7_P_A,1.5
235,0.0,HIS, ,C,22.92,18.32,0.0,2.86,1.0,<Residue HIS het=  resseq=29 icode= >,1dp7_P_A,1.5
236,0.0,HIS, ,O,21.07,19.41,0.0,4.39,1.0,<Residue HIS het=  resseq=29 icode= >,1dp7_P_A,1.5
237,1.654,HIS, ,CB,22.65,17.38,0.0,2.73,1.0,<Residue HIS het=  resseq=29 icode= >,1dp7_P_A,1.5
238,0.0,HIS, ,CG,22.59,17.84,0.0,2.74,1.0,<Residue HIS het=  resseq=29 icode= >,1dp7_P_A,1.5
239,7.191,HIS, ,ND1,25.73,19.10,0.0,2.75,1.0,<Residue HIS het=  resseq=29 icode= >,1dp7_P_A,1.5
240,0.395,HIS, ,CD2,24.26,17.32,0.0,2.53,1.0,<Residue HIS het=  resseq=29 icode= >,1dp7_P_A,1.5
241,14.603,HIS, ,CE1,24.06,19.36,0.0,2.84,1.0,<Residue HIS het=  resseq=29 icode= >,1dp7_P_A,1.5
242,7.219,HIS, ,NE2,24.29,18.33,0.0,3.36,1.0,<Residue HIS het=  resseq=29 icode= >,1dp7_P_A,1.5
243,0.0,SER, ,N,22.26,17.32,0.0,3.21,1.0,<Residue SER het=  resseq=30 icode= >,1dp7_P_A,1.5
244,0.0,SER, ,CA,23.87,17.51,0.0,3.01,1.0,<Residue SER het=  resseq=30 icode= >,1dp7_P_A,1.5
245,0.0,SER, ,C,26.09,18.73,0.0,3.02,1.0,<Residue SER het=  resseq=30 icode= >,1dp7_P_A,1.5
246,0.0,SER, ,O,27.18,19.67,0.0,3.39,1.0,<Residue SER het=  resseq=30 icode= >,1dp7_P_A,1.5
247,0.156,SER, ,CB,23.59,16.29,0.0,2.37,1.0,<Residue SER het=  resseq=30 icode= >,1dp7_P_A,1.5
248,1.42,SER, ,OG,23.96,15.25,0.0,3.29,1.0,<Residue SER het=  resseq=30 icode= >,1dp7_P_A,1.5
249,0.406,GLN, ,N,27.21,1000.00,0.0,3.04,1.0,<Residue GLN het=  resseq=31 icode= >,1dp7_P_A,1.5
250,9.109,GLN, ,CA,30.19,1000.00,0.0,2.44,1.0,<Residue GLN het=  resseq=31 icode= >,1dp7_P_A,1.5
251,0.0,GLN, ,C,31.69,1000.00,0.0,1.89,1.0,<Residue GLN het=  resseq=31 icode= >,1dp7_P_A,1.5
252,3.844,GLN, ,O,32.16,1000.00,0.0,1.95,1.0,<Residue GLN het=  resseq=31 icode= >,1dp7_P_A,1.5
253,9.86,GLN, ,CB,31.07,1000.00,0.0,2.16,1.0,<Residue GLN het=  resseq=31 icode= >,1dp7_P_A,1.5
254,23.575,GLN, ,CG,34.42,1000.00,0.0,1.02,1.0,<Residue GLN het=  resseq=31 icode= >,1dp7_P_A,1.5
255,8.938,GLN, ,CD,35.85,1000.00,0.0,2.15,1.0,<Residue GLN het=  resseq=31 icode= >,1dp7_P_A,1.5
256,41.272,GLN, ,OE1,38.01,1000.00,0.0,1.42,1.0,<Residue GLN het=  resseq=31 icode= >,1dp7_P_A,1.5
257,27.046,GLN, ,NE2,38.32,1000.00,0.0,0.72,1.0,<Residue GLN het=  resseq=31 icode= >,1dp7_P_A,1.5
258,0.0,GLU, ,N,32.85,1000.00,0.0,2.56,1.0,<Residue GLU het=  resseq=32 icode= >,1dp7_P_A,1.5
259,5.685,GLU, ,CA,35.12,1000.00,0.0,2.47,1.0,<Residue GLU het=  resseq=32 icode= >,1dp7_P_A,1.5
260,0.0,GLU, ,C,35.56,1000.00,0.0,2.52,1.0,<Residue GLU het=  resseq=32 icode= >,1dp7_P_A,1.5
261,17.352,GLU, ,O,36.3,1000.00,0.0,1.91,1.0,<Residue GLU het=  resseq=32 icode= >,1dp7_P_A,1.5
262,5.918,GLU, ,CB,36.3,1000.00,0.0,1.74,1.0,<Residue GLU het=  resseq=32 icode= >,1dp7_P_A,1.5
263,21.267,GLU, ,CG,38.8,1000.00,0.0,1.17,1.0,<Residue GLU het=  resseq=32 icode= >,1dp7_P_A,1.5
264,10.372,GLU, ,CD,40.99,1000.00,0.0,0.97,1.0,<Residue GLU het=  resseq=32 icode= >,1dp7_P_A,1.5
265,35.862,GLU, ,OE1,42.44,1000.00,0.0,1.25,1.0,<Residue GLU het=  resseq=32 icode= >,1dp7_P_A,1.5
266,24.221,GLU, ,OE2,40.66,1000.00,0.0,2.05,1.0,<Residue GLU het=  resseq=32 icode= >,1dp7_P_A,1.5
267,0.0,GLN, ,N,35.71,1000.00,0.0,2.68,1.0,<Residue GLN het=  resseq=33 icode= >,1dp7_P_A,1.5
268,2.998,GLN, ,CA,36.04,1000.00,0.0,2.42,1.0,<Residue GLN het=  resseq=33 icode= >,1dp7_P_A,1.5
269,0.525,GLN, ,C,35.98,1000.00,0.0,2.53,1.0,<Residue GLN het=  resseq=33 icode= >,1dp7_P_A,1.5
270,10.218,GLN, ,O,36.94,1000.00,0.0,2.03,1.0,<Residue GLN het=  resseq=33 icode= >,1dp7_P_A,1.5
271,1.669,GLN, ,CB,36.45,1000.00,0.0,1.83,1.0,<Residue GLN het=  resseq=33 icode= >,1dp7_P_A,1.5
272,0.857,GLN, ,CG,37.82,1000.00,0.0,1.42,1.0,<Residue GLN het=  resseq=33 icode= >,1dp7_P_A,1.5
273,4.044,GLN, ,CD,39.22,1000.00,0.0,2.03,1.0,<Residue GLN het=  resseq=33 icode= >,1dp7_P_A,1.5
274,29.226,GLN, ,OE1,39.51,1000.00,0.0,2.33,1.0,<Residue GLN het=  resseq=33 icode= >,1dp7_P_A,1.5
275,50.367,GLN, ,NE2,39.37,1000.00,0.0,2.03,1.0,<Residue GLN het=  resseq=33 icode= >,1dp7_P_A,1.5
276,0.0,LYS, ,N,36.06,1000.00,0.0,2.42,1.0,<Residue LYS het=  resseq=34 icode= >,1dp7_P_A,1.5
277,6.79,LYS, ,CA,36.35,1000.00,0.0,2.51,1.0,<Residue LYS het=  resseq=34 icode= >,1dp7_P_A,1.5
278,3.709,LYS, ,C,36.26,1000.00,0.0,2.00,1.0,<Residue LYS het=  resseq=34 icode= >,1dp7_P_A,1.5
279,21.035,LYS, ,O,36.2,1000.00,0.0,2.41,1.0,<Residue LYS het=  resseq=34 icode= >,1dp7_P_A,1.5
280,22.01,LYS, ,CB,37.63,1000.00,0.0,1.73,1.0,<Residue LYS het=  resseq=34 icode= >,1dp7_P_A,1.5
281,19.753,LYS, ,CG,39.2,1000.00,0.0,1.95,1.0,<Residue LYS het=  resseq=34 icode= >,1dp7_P_A,1.5
282,15.177,LYS, ,CD,41.2,1000.00,0.0,1.05,1.0,<Residue LYS het=  resseq=34 icode= >,1dp7_P_A,1.5
283,47.625,LYS, ,CE,42.55,1000.00,0.0,0.78,1.0,<Residue LYS het=  resseq=34 icode= >,1dp7_P_A,1.5
284,35.425,LYS, ,NZ,43.76,1000.00,0.0,0.38,1.0,<Residue LYS het=  resseq=34 icode= >,1dp7_P_A,1.5
285,0.154,LEU, ,N,35.99,1000.00,0.0,1.32,1.0,<Residue LEU het=  resseq=35 icode= >,1dp7_P_A,1.5
286,0.0,LEU, ,CA,35.02,1000.00,0.0,2.05,1.0,<Residue LEU het=  resseq=35 icode= >,1dp7_P_A,1.5
287,2.166,LEU, ,C,34.11,1000.00,0.0,2.67,1.0,<Residue LEU het=  resseq=35 icode= >,1dp7_P_A,1.5
288,3.894,LEU, ,O,33.01,1000.00,0.0,2.40,1.0,<Residue LEU het=  resseq=35 icode= >,1dp7_P_A,1.5
289,5.685,LEU, ,CB,36.64,1000.00,0.0,0.52,1.0,<Residue LEU het=  resseq=35 icode= >,1dp7_P_A,1.5
290,11.088,LEU, ,CG,37.88,1000.00,0.0,0.80,1.0,<Residue LEU het=  resseq=35 icode= >,1dp7_P_A,1.5
291,51.165,LEU, ,CD1,38.15,1000.00,0.0,0.40,1.0,<Residue LEU het=  resseq=35 icode= >,1dp7_P_A,1.5
292,25.668,LEU, ,CD2,37.91,1000.00,0.0,1.00,1.0,<Residue LEU het=  resseq=35 icode= >,1dp7_P_A,1.5
293,1.279,GLU, ,N,33.47,1000.00,0.0,1.95,1.0,<Residue GLU het=  resseq=36 icode= >,1dp7_P_A,1.5
294,4.159,GLU, ,CA,32.45,1000.00,0.0,1.96,1.0,<Residue GLU het=  resseq=36 icode= >,1dp7_P_A,1.5
295,0.041,GLU, ,C,29.15,1000.00,0.0,3.32,1.0,<Residue GLU het=  resseq=36 icode= >,1dp7_P_A,1.5
296,9.139,GLU, ,O,28.21,1000.00,0.0,3.78,1.0,<Residue GLU het=  resseq=36 icode= >,1dp7_P_A,1.5
297,30.282,GLU, ,CB,36.54,1000.00,0.0,1.28,1.0,<Residue GLU het=  resseq=36 icode= >,1dp7_P_A,1.5
298,27.759,GLU, ,CG,41.91,1000.00,0.0,0.13,1.0,<Residue GLU het=  resseq=36 icode= >,1dp7_P_A,1.5
299,8.997,GLU, ,CD,44.93,1000.00,0.0,0.16,1.0,<Residue GLU het=  resseq=36 icode= >,1dp7_P_A,1.5
300,41.924,GLU, ,OE1,46.78,1000.00,0.0,0.68,1.0,<Residue GLU het=  resseq=36 icode= >,1dp7_P_A,1.5
301,20.194,GLU, ,OE2,47.01,1000.00,0.0,0.30,1.0,<Residue GLU het=  resseq=36 icode= >,1dp7_P_A,1.5
302,0.0,PRO, ,N,27.06,15.38,0.0,2.98,1.0,<Residue PRO het=  resseq=37 icode= >,1dp7_P_A,1.5
303,0.152,PRO, ,CA,23.84,13.98,0.0,3.13,1.0,<Residue PRO het=  resseq=37 icode= >,1dp7_P_A,1.5
304,0.158,PRO, ,C,21.62,13.06,0.0,3.48,1.0,<Residue PRO het=  resseq=37 icode= >,1dp7_P_A,1.5
305,18.69,PRO, ,O,22.03,13.34,0.0,4.39,1.0,<Residue PRO het=  resseq=37 icode= >,1dp7_P_A,1.5
306,0.0,PRO, ,CB,24.7,13.71,0.0,2.87,1.0,<Residue PRO het=  resseq=37 icode= >,1dp7_P_A,1.5
307,27.522,PRO, ,CG,27.04,14.50,0.0,2.10,1.0,<Residue PRO het=  resseq=37 icode= >,1dp7_P_A,1.5
308,20.378,PRO, ,CD,26.53,15.79,0.0,2.57,1.0,<Residue PRO het=  resseq=37 icode= >,1dp7_P_A,1.5
309,0.0,VAL, ,N,18.1,12.11,0.0,3.90,1.0,<Residue VAL het=  resseq=38 icode= >,1dp7_P_A,1.5
310,7.227,VAL, ,CA,17.45,11.21,0.0,3.17,1.0,<Residue VAL het=  resseq=38 icode= >,1dp7_P_A,1.5
311,1.232,VAL, ,C,15.76,10.05,0.0,4.50,1.0,<Residue VAL het=  resseq=38 icode= >,1dp7_P_A,1.5
312,0.322,VAL, ,O,17.17,10.01,0.0,5.43,1.0,<Residue VAL het=  resseq=38 icode= >,1dp7_P_A,1.5
313,1.78,VAL, ,CB,17.07,10.69,0.0,3.41,1.0,<Residue VAL het=  resseq=38 icode= >,1dp7_P_A,1.5
314,52.303,VAL, ,CG1,19.12,11.75,0.0,2.65,1.0,<Residue VAL het=  resseq=38 icode= >,1dp7_P_A,1.5
315,1.404,VAL, ,CG2,17.18,9.91,0.0,2.57,1.0,<Residue VAL het=  resseq=38 icode= >,1dp7_P_A,1.5
316,4.707,ASN, ,N,15.97,9.30,0.0,4.67,1.0,<Residue ASN het=  resseq=39 icode= >,1dp7_P_A,1.5
317,3.086,ASN, ,CA,14.56,8.33,0.0,4.06,1.0,<Residue ASN het=  resseq=39 icode= >,1dp7_P_A,1.5
318,0.0,ASN, ,C,13.17,7.00,0.0,4.70,1.0,<Residue ASN het=  resseq=39 icode= >,1dp7_P_A,1.5
319,0.0,ASN, ,O,11.95,6.95,0.0,6.63,1.0,<Residue ASN het=  resseq=39 icode= >,1dp7_P_A,1.5
320,33.125,ASN, ,CB,15.38,8.17,0.0,3.69,1.0,<Residue ASN het=  resseq=39 icode= >,1dp7_P_A,1.5
321,2.363,ASN, ,CG,15.81,7.43,0.0,4.70,1.0,<Residue ASN het=  resseq=39 icode= >,1dp7_P_A,1.5
322,0.035,ASN, ,OD1,16.0,6.92,0.0,5.71,1.0,<Residue ASN het=  resseq=39 icode= >,1dp7_P_A,1.5
323,50.346,ASN, ,ND2,18.22,7.28,0.0,3.68,1.0,<Residue ASN het=  resseq=39 icode= >,1dp7_P_A,1.5
324,2.793,ALA, ,N,12.26,6.15,0.0,5.22,1.0,<Residue ALA het=  resseq=40 icode= >,1dp7_P_A,1.5
325,0.187,ALA, ,CA,11.11,4.99,0.0,4.53,1.0,<Residue ALA het=  resseq=40 icode= >,1dp7_P_A,1.5
326,1.352,ALA, ,C,11.38,4.02,1.352,4.89,1.0,<Residue ALA het=  resseq=40 icode= >,1dp7_P_A,1.5
327,5.663,ALA, ,O,11.71,3.78,4.11,6.96,1.0,<Residue ALA het=  resseq=40 icode= >,1dp7_P_A,1.5
328,50.704,ALA, ,CB,14.21,4.59,14.269,3.56,1.0,<Residue ALA het=  resseq=40 icode= >,1dp7_P_A,1.5
329,3.094,ALA, ,N,11.31,3.95,1.162,6.45,1.0,<Residue ALA het=  resseq=41 icode= >,1dp7_P_A,1.5
330,12.901,ALA, ,CA,12.75,3.35,12.901,4.30,1.0,<Residue ALA het=  resseq=41 icode= >,1dp7_P_A,1.5
331,0.0,ALA, ,C,11.98,4.03,0.0,5.26,1.0,<Residue ALA het=  resseq=41 icode= >,1dp7_P_A,1.5
332,3.677,ALA, ,O,12.3,3.46,3.677,6.72,1.0,<Residue ALA het=  resseq=41 icode= >,1dp7_P_A,1.5
333,52.05,ALA, ,CB,12.39,3.40,29.105,3.55,1.0,<Residue ALA het=  resseq=41 icode= >,1dp7_P_A,1.5
334,0.301,SER, ,N,12.71,5.28,0.0,6.10,1.0,<Residue SER het=  resseq=42 icode= >,1dp7_P_A,1.5
335,0.408,SER, ,CA,13.18,6.06,0.0,4.40,1.0,<Residue SER het=  resseq=42 icode= >,1dp7_P_A,1.5
336,0.0,SER, ,C,13.6,6.39,0.0,3.89,1.0,<Residue SER het=  resseq=42 icode= >,1dp7_P_A,1.5
337,3.62,SER, ,O,14.2,6.59,0.0,6.17,1.0,<Residue SER het=  resseq=42 icode= >,1dp7_P_A,1.5
338,10.276,SER, ,CB,14.86,7.46,0.0,3.95,1.0,<Residue SER het=  resseq=42 icode= >,1dp7_P_A,1.5
339,29.625,SER, ,OG,20.23,7.43,0.0,3.93,1.0,<Residue SER het=  resseq=42 icode= >,1dp7_P_A,1.5
340,0.0,PHE, ,N,12.4,6.50,0.0,5.41,1.0,<Residue PHE het=  resseq=43 icode= >,1dp7_P_A,1.5
341,0.0,PHE, ,CA,13.37,6.71,0.0,3.76,1.0,<Residue PHE het=  resseq=43 icode= >,1dp7_P_A,1.5
342,0.0,PHE, ,C,12.35,5.81,0.0,4.45,1.0,<Residue PHE het=  resseq=43 icode= >,1dp7_P_A,1.5
343,0.0,PHE, ,O,12.6,6.26,0.0,6.15,1.0,<Residue PHE het=  resseq=43 icode= >,1dp7_P_A,1.5
344,0.0,PHE, ,CB,11.97,6.82,0.0,4.17,1.0,<Residue PHE het=  resseq=43 icode= >,1dp7_P_A,1.5
345,0.0,PHE, ,CG,11.99,7.44,0.0,5.05,1.0,<Residue PHE het=  resseq=43 icode= >,1dp7_P_A,1.5
346,0.0,PHE, ,CD1,13.0,8.81,0.0,4.05,1.0,<Residue PHE het=  resseq=43 icode= >,1dp7_P_A,1.5
347,3.334,PHE, ,CD2,13.52,6.95,0.0,4.48,1.0,<Residue PHE het=  resseq=43 icode= >,1dp7_P_A,1.5
348,0.0,PHE, ,CE1,13.86,9.61,0.0,4.53,1.0,<Residue PHE het=  resseq=43 icode= >,1dp7_P_A,1.5
349,0.07,PHE, ,CE2,13.84,7.85,0.0,4.63,1.0,<Residue PHE het=  resseq=43 icode= >,1dp7_P_A,1.5
350,0.0,PHE, ,CZ,13.06,9.06,0.0,5.02,1.0,<Residue PHE het=  resseq=43 icode= >,1dp7_P_A,1.5
351,0.0,GLY, ,N,12.44,4.58,0.0,5.73,1.0,<Residue GLY het=  resseq=44 icode= >,1dp7_P_A,1.5
352,8.061,GLY, ,CA,11.3,3.56,8.061,4.17,1.0,<Residue GLY het=  resseq=44 icode= >,1dp7_P_A,1.5
353,1.933,GLY, ,C,12.43,3.84,1.933,4.36,1.0,<Residue GLY het=  resseq=44 icode= >,1dp7_P_A,1.5
354,0.0,GLY, ,O,13.11,4.23,0.0,5.88,1.0,<Residue GLY het=  resseq=44 icode= >,1dp7_P_A,1.5
355,0.378,LYS, ,N,12.05,4.15,0.378,5.00,1.0,<Residue LYS het=  resseq=45 icode= >,1dp7_P_A,1.5
356,5.139,LYS, ,CA,14.2,4.10,5.082,3.44,1.0,<Residue LYS het=  resseq=45 icode= >,1dp7_P_A,1.5
357,1.413,LYS, ,C,15.06,5.25,0.0,3.91,1.0,<Residue LYS het=  resseq=45 icode= >,1dp7_P_A,1.5
358,5.225,LYS, ,O,17.14,5.28,0.418,4.90,1.0,<Residue LYS het=  resseq=45 icode= >,1dp7_P_A,1.5
359,19.068,LYS, ,CB,14.57,4.46,1.793,4.01,1.0,<Residue LYS het=  resseq=45 icode= >,1dp7_P_A,1.5
360,13.479,LYS, ,CG,14.03,3.51,13.479,4.10,1.0,<Residue LYS het=  resseq=45 icode= >,1dp7_P_A,1.5
361,24.54,LYS, ,CD,15.11,4.05,3.493,3.71,1.0,<Residue LYS het=  resseq=45 icode= >,1dp7_P_A,1.5
362,38.492,LYS, ,CE,14.13,3.06,35.151,3.94,1.0,<Residue LYS het=  resseq=45 icode= >,1dp7_P_A,1.5
363,47.437,LYS, ,NZ,15.18,2.98,27.305,4.32,1.0,<Residue LYS het=  resseq=45 icode= >,1dp7_P_A,1.5
364,0.103,LEU, ,N,13.67,6.42,0.0,4.67,1.0,<Residue LEU het=  resseq=46 icode= >,1dp7_P_A,1.5
365,4.44,LEU, ,CA,16.73,7.66,0.0,3.22,1.0,<Residue LEU het=  resseq=46 icode= >,1dp7_P_A,1.5
366,0.0,LEU, ,C,17.23,7.88,0.0,4.40,1.0,<Residue LEU het=  resseq=46 icode= >,1dp7_P_A,1.5
367,0.0,LEU, ,O,19.71,8.40,0.0,4.48,1.0,<Residue LEU het=  resseq=46 icode= >,1dp7_P_A,1.5
368,6.489,LEU, ,CB,17.13,8.86,0.0,3.54,1.0,<Residue LEU het=  resseq=46 icode= >,1dp7_P_A,1.5
369,0.0,LEU, ,CG,19.87,10.22,0.0,2.72,1.0,<Residue LEU het=  resseq=46 icode= >,1dp7_P_A,1.5
370,23.871,LEU, ,CD1,20.87,10.60,0.0,2.82,1.0,<Residue LEU het=  resseq=46 icode= >,1dp7_P_A,1.5
371,5.742,LEU, ,CD2,20.81,10.92,0.0,3.31,1.0,<Residue LEU het=  resseq=46 icode= >,1dp7_P_A,1.5
372,0.0,ILE, ,N,18.13,7.46,0.0,4.54,1.0,<Residue ILE het=  resseq=47 icode= >,1dp7_P_A,1.5
373,0.0,ILE, ,CA,18.74,7.60,0.0,4.41,1.0,<Residue ILE het=  resseq=47 icode= >,1dp7_P_A,1.5
374,0.0,ILE, ,C,19.98,7.56,0.0,3.09,1.0,<Residue ILE het=  resseq=47 icode= >,1dp7_P_A,1.5
375,0.0,ILE, ,O,19.78,8.44,0.0,4.05,1.0,<Residue ILE het=  resseq=47 icode= >,1dp7_P_A,1.5
376,0.0,ILE, ,CB,20.55,6.93,0.0,3.47,1.0,<Residue ILE het=  resseq=47 icode= >,1dp7_P_A,1.5
377,0.0,ILE, ,CG1,23.72,7.90,0.0,2.24,1.0,<Residue ILE het=  resseq=47 icode= >,1dp7_P_A,1.5
378,0.0,ILE, ,CG2,21.79,5.50,0.0,2.60,1.0,<Residue ILE het=  resseq=47 icode= >,1dp7_P_A,1.5
379,0.0,ILE, ,CD1,24.4,7.91,0.0,2.43,1.0,<Residue ILE het=  resseq=47 icode= >,1dp7_P_A,1.5
380,0.0,ARG, ,N,20.2,6.62,0.0,3.54,1.0,<Residue ARG het=  resseq=48 icode= >,1dp7_P_A,1.5
381,0.0,ARG, ,CA,22.26,6.42,0.0,2.82,1.0,<Residue ARG het=  resseq=48 icode= >,1dp7_P_A,1.5
382,1.314,ARG, ,C,23.17,6.64,0.0,3.42,1.0,<Residue ARG het=  resseq=48 icode= >,1dp7_P_A,1.5
383,10.593,ARG, ,O,23.82,6.89,0.0,3.46,1.0,<Residue ARG het=  resseq=48 icode= >,1dp7_P_A,1.5
384,17.326,ARG, ,CB,22.3,5.08,3.092,2.57,1.0,<Residue ARG het=  resseq=48 icode= >,1dp7_P_A,1.5
385,1.699,ARG, ,CG,22.82,5.06,0.0,2.25,1.0,<Residue ARG het=  resseq=48 icode= >,1dp7_P_A,1.5
386,23.018,ARG, ,CD,22.36,3.89,16.885,2.61,1.0,<Residue ARG het=  resseq=48 icode= >,1dp7_P_A,1.5
387,9.736,ARG, ,NE,22.75,3.20,9.736,3.40,1.0,<Residue ARG het=  resseq=48 icode= >,1dp7_P_A,1.5
388,4.583,ARG, ,CZ,25.68,3.69,1.016,2.47,1.0,<Residue ARG het=  resseq=48 icode= >,1dp7_P_A,1.5
389,11.881,ARG, ,NH1,25.22,3.30,8.054,3.23,1.0,<Residue ARG het=  resseq=48 icode= >,1dp7_P_A,1.5
390,23.063,ARG, ,NH2,25.72,5.01,0.0,1.96,1.0,<Residue ARG het=  resseq=48 icode= >,1dp7_P_A,1.5
391,0.118,SER, ,N,22.5,6.76,0.0,2.80,1.0,<Residue SER het=  resseq=49 icode= >,1dp7_P_A,1.5
392,9.86,SER, ,CA,22.72,7.23,0.0,2.43,1.0,<Residue SER het=  resseq=49 icode= >,1dp7_P_A,1.5
393,0.0,SER, ,C,21.84,8.73,0.0,3.57,1.0,<Residue SER het=  resseq=49 icode= >,1dp7_P_A,1.5
394,19.818,SER, ,O,24.72,9.47,0.0,3.15,1.0,<Residue SER het=  resseq=49 icode= >,1dp7_P_A,1.5
395,37.073,SER, ,CB,22.5,7.20,0.0,2.50,1.0,<Residue SER het=  resseq=49 icode= >,1dp7_P_A,1.5
396,7.695,SER, ,OG,22.75,8.21,0.0,3.51,1.0,<Residue SER het=  resseq=49 icode= >,1dp7_P_A,1.5
397,0.0,VAL, ,N,20.55,9.33,0.0,4.01,1.0,<Residue VAL het=  resseq=50 icode= >,1dp7_P_A,1.5
398,4.003,VAL, ,CA,20.62,10.78,0.0,3.44,1.0,<Residue VAL het=  resseq=50 icode= >,1dp7_P_A,1.5
399,0.0,VAL, ,C,21.7,11.32,0.0,3.41,1.0,<Residue VAL het=  resseq=50 icode= >,1dp7_P_A,1.5
400,13.157,VAL, ,O,23.26,12.30,0.0,3.84,1.0,<Residue VAL het=  resseq=50 icode= >,1dp7_P_A,1.5
401,0.0,VAL, ,CB,20.24,11.47,0.0,3.22,1.0,<Residue VAL het=  resseq=50 icode= >,1dp7_P_A,1.5
402,1.056,VAL, ,CG1,20.93,12.98,0.0,3.34,1.0,<Residue VAL het=  resseq=50 icode= >,1dp7_P_A,1.5
403,1.857,VAL, ,CG2,19.29,11.36,0.0,3.37,1.0,<Residue VAL het=  resseq=50 icode= >,1dp7_P_A,1.5
404,0.0,PHE, ,N,20.82,10.88,0.0,3.79,1.0,<Residue PHE het=  resseq=51 icode= >,1dp7_P_A,1.5
405,0.92,PHE, ,CA,22.0,11.25,0.0,3.15,1.0,<Residue PHE het=  resseq=51 icode= >,1dp7_P_A,1.5
406,0.0,PHE, ,C,24.54,10.81,0.0,2.90,1.0,<Residue PHE het=  resseq=51 icode= >,1dp7_P_A,1.5
407,1.071,PHE, ,O,24.79,9.75,0.0,3.70,1.0,<Residue PHE het=  resseq=51 icode= >,1dp7_P_A,1.5
408,0.0,PHE, ,CB,18.38,10.69,0.0,3.86,1.0,<Residue PHE het=  resseq=51 icode= >,1dp7_P_A,1.5
409,0.0,PHE, ,CG,18.78,11.36,0.0,3.78,1.0,<Residue PHE het=  resseq=51 icode= >,1dp7_P_A,1.5
410,0.0,PHE, ,CD1,18.77,10.76,0.0,3.63,1.0,<Residue PHE het=  resseq=51 icode= >,1dp7_P_A,1.5
411,4.365,PHE, ,CD2,17.03,12.72,0.0,3.80,1.0,<Residue PHE het=  resseq=51 icode= >,1dp7_P_A,1.5
412,0.0,PHE, ,CE1,17.44,11.65,0.0,3.99,1.0,<Residue PHE het=  resseq=51 icode= >,1dp7_P_A,1.5
413,2.66,PHE, ,CE2,18.59,13.51,0.0,3.06,1.0,<Residue PHE het=  resseq=51 icode= >,1dp7_P_A,1.5
414,0.0,PHE, ,CZ,18.9,13.04,0.0,3.08,1.0,<Residue PHE het=  resseq=51 icode= >,1dp7_P_A,1.5
415,2.411,MET, ,N,25.84,11.37,0.0,2.99,1.0,<Residue MET het=  resseq=52 icode= >,1dp7_P_A,1.5
416,1.415,MET, ,CA,27.36,11.00,0.0,2.45,1.0,<Residue MET het=  resseq=52 icode= >,1dp7_P_A,1.5
417,0.587,MET, ,C,25.41,11.54,0.0,3.77,1.0,<Residue MET het=  resseq=52 icode= >,1dp7_P_A,1.5
418,10.628,MET, ,O,26.73,12.42,0.0,3.15,1.0,<Residue MET het=  resseq=52 icode= >,1dp7_P_A,1.5
419,25.86,MET, ,CB,30.62,11.80,0.0,1.85,1.0,<Residue MET het=  resseq=52 icode= >,1dp7_P_A,1.5
420,35.067,MET, ,CG,35.54,11.11,0.0,1.07,1.0,<Residue MET het=  resseq=52 icode= >,1dp7_P_A,1.5
421,19.652,MET, ,SD,41.72,10.06,0.0,3.03,1.0,<Residue MET het=  resseq=52 icode= >,1dp7_P_A,1.5
422,46.696,MET, ,CE,40.59,11.48,0.0,0.61,1.0,<Residue MET het=  resseq=52 icode= >,1dp7_P_A,1.5
423,13.27,GLY, ,N,24.14,10.94,0.0,3.85,1.0,<Residue GLY het=  resseq=53 icode= >,1dp7_P_A,1.5
424,38.679,GLY, ,CA,22.46,11.49,0.0,3.17,1.0,<Residue GLY het=  resseq=53 icode= >,1dp7_P_A,1.5
425,2.88,GLY, ,C,21.75,10.70,0.0,3.49,1.0,<Residue GLY het=  resseq=53 icode= >,1dp7_P_A,1.5
426,11.953,GLY, ,O,21.11,11.20,0.0,5.13,1.0,<Residue GLY het=  resseq=53 icode= >,1dp7_P_A,1.5
427,2.838,LEU, ,N,20.72,9.53,0.0,4.06,1.0,<Residue LEU het=  resseq=54 icode= >,1dp7_P_A,1.5
428,0.106,LEU, ,CA,21.19,8.84,0.0,3.96,1.0,<Residue LEU het=  resseq=54 icode= >,1dp7_P_A,1.5
429,0.0,LEU, ,C,21.35,8.49,0.0,3.91,1.0,<Residue LEU het=  resseq=54 icode= >,1dp7_P_A,1.5
430,12.559,LEU, ,O,22.46,8.17,0.0,3.89,1.0,<Residue LEU het=  resseq=54 icode= >,1dp7_P_A,1.5
431,0.208,LEU, ,CB,22.66,7.73,0.0,2.82,1.0,<Residue LEU het=  resseq=54 icode= >,1dp7_P_A,1.5
432,0.0,LEU, ,CG,24.12,8.30,0.0,3.11,1.0,<Residue LEU het=  resseq=54 icode= >,1dp7_P_A,1.5
433,0.0,LEU, ,CD1,25.15,7.31,0.0,2.29,1.0,<Residue LEU het=  resseq=54 icode= >,1dp7_P_A,1.5
434,0.639,LEU, ,CD2,26.05,9.41,0.0,2.04,1.0,<Residue LEU het=  resseq=54 icode= >,1dp7_P_A,1.5
435,0.0,ARG, ,N,20.11,8.86,0.0,4.28,1.0,<Residue ARG het=  resseq=55 icode= >,1dp7_P_A,1.5
436,3.999,ARG, ,CA,20.04,8.92,0.0,3.34,1.0,<Residue ARG het=  resseq=55 icode= >,1dp7_P_A,1.5
437,0.0,ARG, ,C,19.51,8.12,0.0,4.12,1.0,<Residue ARG het=  resseq=55 icode= >,1dp7_P_A,1.5
438,0.025,ARG, ,O,20.08,7.72,0.0,4.57,1.0,<Residue ARG het=  resseq=55 icode= >,1dp7_P_A,1.5
439,6.701,ARG, ,CB,20.34,10.39,0.0,3.54,1.0,<Residue ARG het=  resseq=55 icode= >,1dp7_P_A,1.5
440,8.734,ARG, ,CG,23.22,11.30,0.0,2.57,1.0,<Residue ARG het=  resseq=55 icode= >,1dp7_P_A,1.5
441,14.702,ARG, ,CD,22.17,12.75,0.0,3.13,1.0,<Residue ARG het=  resseq=55 icode= >,1dp7_P_A,1.5
442,15.361,ARG, ,NE,25.63,13.60,0.0,2.38,1.0,<Residue ARG het=  resseq=55 icode= >,1dp7_P_A,1.5
443,7.43,ARG, ,CZ,26.0,13.84,0.0,2.51,1.0,<Residue ARG het=  resseq=55 icode= >,1dp7_P_A,1.5
444,46.714,ARG, ,NH1,23.95,13.39,0.0,3.14,1.0,<Residue ARG het=  resseq=55 icode= >,1dp7_P_A,1.5
445,59.792,ARG, ,NH2,25.57,14.68,0.0,2.62,1.0,<Residue ARG het=  resseq=55 icode= >,1dp7_P_A,1.5
446,5.289,THR, ,N,18.65,7.98,0.0,4.72,1.0,<Residue THR het=  resseq=56 icode= >,1dp7_P_A,1.5
447,0.0,THR, ,CA,18.16,7.50,0.0,3.40,1.0,<Residue THR het=  resseq=56 icode= >,1dp7_P_A,1.5
448,0.0,THR, ,C,17.03,8.75,0.0,3.71,1.0,<Residue THR het=  resseq=56 icode= >,1dp7_P_A,1.5
449,20.787,THR, ,O,17.72,9.48,0.0,5.37,1.0,<Residue THR het=  resseq=56 icode= >,1dp7_P_A,1.5
450,14.493,THR, ,CB,18.25,6.52,0.0,3.67,1.0,<Residue THR het=  resseq=56 icode= >,1dp7_P_A,1.5
451,10.853,THR, ,OG1,22.23,5.31,0.0,4.37,1.0,<Residue THR het=  resseq=56 icode= >,1dp7_P_A,1.5
452,17.906,THR, ,CG2,19.34,6.49,0.0,2.72,1.0,<Residue THR het=  resseq=56 icode= >,1dp7_P_A,1.5
453,0.0,ARG, ,N,13.87,9.18,0.0,5.07,1.0,<Residue ARG het=  resseq=57 icode= >,1dp7_P_A,1.5
454,6.606,ARG, ,CA,14.38,10.33,0.0,3.42,1.0,<Residue ARG het=  resseq=57 icode= >,1dp7_P_A,1.5
455,0.0,ARG, ,C,12.85,8.93,0.0,4.62,1.0,<Residue ARG het=  resseq=57 icode= >,1dp7_P_A,1.5
456,0.0,ARG, ,O,13.01,8.21,0.0,6.55,1.0,<Residue ARG het=  resseq=57 icode= >,1dp7_P_A,1.5
457,1.283,ARG, ,CB,15.89,11.35,0.0,2.93,1.0,<Residue ARG het=  resseq=57 icode= >,1dp7_P_A,1.5
458,6.804,ARG, ,CG,17.43,11.94,0.0,3.57,1.0,<Residue ARG het=  resseq=57 icode= >,1dp7_P_A,1.5
459,1.356,ARG, ,CD,18.18,13.27,0.0,3.37,1.0,<Residue ARG het=  resseq=57 icode= >,1dp7_P_A,1.5
460,9.967,ARG, ,NE,17.82,12.68,0.0,5.03,1.0,<Residue ARG het=  resseq=57 icode= >,1dp7_P_A,1.5
461,3.645,ARG, ,CZ,20.26,12.13,0.0,4.44,1.0,<Residue ARG het=  resseq=57 icode= >,1dp7_P_A,1.5
462,34.87,ARG, ,NH1,22.76,12.91,0.0,3.06,1.0,<Residue ARG het=  resseq=57 icode= >,1dp7_P_A,1.5
463,53.506,ARG, ,NH2,22.63,10.86,0.0,3.87,1.0,<Residue ARG het=  resseq=57 icode= >,1dp7_P_A,1.5
464,5.674,ARG, ,N,12.2,8.71,0.0,5.84,1.0,<Residue ARG het=  resseq=58 icode= >,1dp7_P_A,1.5
465,0.0,ARG, ,CA,11.61,7.61,0.0,4.57,1.0,<Residue ARG het=  resseq=58 icode= >,1dp7_P_A,1.5
466,0.0,ARG, ,C,12.43,8.45,0.0,5.10,1.0,<Residue ARG het=  resseq=58 icode= >,1dp7_P_A,1.5
467,20.291,ARG, ,O,13.95,8.97,0.0,5.54,1.0,<Residue ARG het=  resseq=58 icode= >,1dp7_P_A,1.5
468,7.308,ARG, ,CB,11.34,6.86,0.0,4.52,1.0,<Residue ARG het=  resseq=58 icode= >,1dp7_P_A,1.5
469,1.303,ARG, ,CG,11.67,6.30,0.0,4.58,1.0,<Residue ARG het=  resseq=58 icode= >,1dp7_P_A,1.5
470,15.807,ARG, ,CD,12.41,5.30,0.0,3.97,1.0,<Residue ARG het=  resseq=58 icode= >,1dp7_P_A,1.5
471,0.667,ARG, ,NE,12.45,4.49,0.579,5.34,1.0,<Residue ARG het=  resseq=58 icode= >,1dp7_P_A,1.5
472,4.61,ARG, ,CZ,12.67,3.65,1.021,4.30,1.0,<Residue ARG het=  resseq=58 icode= >,1dp7_P_A,1.5
473,45.824,ARG, ,NH1,12.73,2.67,28.015,5.59,1.0,<Residue ARG het=  resseq=58 icode= >,1dp7_P_A,1.5
474,48.336,ARG, ,NH2,12.3,3.13,42.784,5.33,1.0,<Residue ARG het=  resseq=58 icode= >,1dp7_P_A,1.5
475,0.0,LEU, ,N,12.48,8.60,0.0,5.60,1.0,<Residue LEU het=  resseq=59 icode= >,1dp7_P_A,1.5
476,1.631,LEU, ,CA,13.25,9.68,0.0,3.85,1.0,<Residue LEU het=  resseq=59 icode= >,1dp7_P_A,1.5
477,0.858,LEU, ,C,15.02,9.36,0.0,4.66,1.0,<Residue LEU het=  resseq=59 icode= >,1dp7_P_A,1.5
478,4.026,LEU, ,O,16.8,8.43,0.0,5.12,1.0,<Residue LEU het=  resseq=59 icode= >,1dp7_P_A,1.5
479,11.133,LEU, ,CB,14.77,10.58,0.0,3.15,1.0,<Residue LEU het=  resseq=59 icode= >,1dp7_P_A,1.5
480,0.0,LEU, ,CG,14.8,11.20,0.0,3.77,1.0,<Residue LEU het=  resseq=59 icode= >,1dp7_P_A,1.5
481,21.783,LEU, ,CD1,16.98,12.22,0.0,3.18,1.0,<Residue LEU het=  resseq=59 icode= >,1dp7_P_A,1.5
482,20.709,LEU, ,CD2,17.57,12.04,0.0,3.60,1.0,<Residue LEU het=  resseq=59 icode= >,1dp7_P_A,1.5
483,9.207,GLY, ,N,14.98,10.31,0.0,4.76,1.0,<Residue GLY het=  resseq=60 icode= >,1dp7_P_A,1.5
484,22.942,GLY, ,CA,16.01,10.42,0.0,4.25,1.0,<Residue GLY het=  resseq=60 icode= >,1dp7_P_A,1.5
485,4.102,GLY, ,C,17.27,10.46,0.0,3.58,1.0,<Residue GLY het=  resseq=60 icode= >,1dp7_P_A,1.5
486,19.191,GLY, ,O,16.42,9.54,0.0,5.10,1.0,<Residue GLY het=  resseq=60 icode= >,1dp7_P_A,1.5
487,1.983,THR, ,N,18.39,10.71,0.0,3.90,1.0,<Residue THR het=  resseq=61 icode= >,1dp7_P_A,1.5
488,7.041,THR, ,CA,18.85,10.28,0.0,3.76,1.0,<Residue THR het=  resseq=61 icode= >,1dp7_P_A,1.5
489,0.126,THR, ,C,18.61,8.86,0.0,3.85,1.0,<Residue THR het=  resseq=61 icode= >,1dp7_P_A,1.5
490,0.0,THR, ,O,18.79,8.30,0.0,4.94,1.0,<Residue THR het=  resseq=61 icode= >,1dp7_P_A,1.5
491,14.184,THR, ,CB,20.12,11.30,0.0,2.85,1.0,<Residue THR het=  resseq=61 icode= >,1dp7_P_A,1.5
492,10.264,THR, ,OG1,22.77,11.26,0.0,4.22,1.0,<Residue THR het=  resseq=61 icode= >,1dp7_P_A,1.5
493,65.893,THR, ,CG2,20.06,12.10,0.0,2.99,1.0,<Residue THR het=  resseq=61 icode= >,1dp7_P_A,1.5
494,5.276,ARG, ,N,18.94,8.22,0.0,4.31,1.0,<Residue ARG het=  resseq=62 icode= >,1dp7_P_A,1.5
495,4.901,ARG, ,CA,19.17,7.12,0.0,3.82,1.0,<Residue ARG het=  resseq=62 icode= >,1dp7_P_A,1.5
496,0.955,ARG, ,C,19.39,7.04,0.0,4.36,1.0,<Residue ARG het=  resseq=62 icode= >,1dp7_P_A,1.5
497,14.217,ARG, ,O,21.28,8.11,0.0,4.22,1.0,<Residue ARG het=  resseq=62 icode= >,1dp7_P_A,1.5
498,22.464,ARG, ,CB,22.04,6.81,0.0,2.59,1.0,<Residue ARG het=  resseq=62 icode= >,1dp7_P_A,1.5
499,27.115,ARG, ,CG,23.87,5.64,0.0,2.06,1.0,<Residue ARG het=  resseq=62 icode= >,1dp7_P_A,1.5
500,25.223,ARG, ,CD,24.96,5.05,0.244,1.79,1.0,<Residue ARG het=  resseq=62 icode= >,1dp7_P_A,1.5
501,16.488,ARG, ,NE,22.84,3.99,5.655,3.91,1.0,<Residue ARG het=  resseq=62 icode= >,1dp7_P_A,1.5
502,9.06,ARG, ,CZ,22.27,3.79,4.059,3.89,1.0,<Residue ARG het=  resseq=62 icode= >,1dp7_P_A,1.5
503,50.11,ARG, ,NH1,22.85,4.64,0.053,3.44,1.0,<Residue ARG het=  resseq=62 icode= >,1dp7_P_A,1.5
504,59.657,ARG, ,NH2,19.68,3.32,31.706,4.25,1.0,<Residue ARG het=  resseq=62 icode= >,1dp7_P_A,1.5
505,10.425,GLY, ,N,18.83,5.96,2.11,4.93,1.0,<Residue GLY het=  resseq=63 icode= >,1dp7_P_A,1.5
506,41.79,GLY, ,CA,20.08,5.42,6.68,2.55,1.0,<Residue GLY het=  resseq=63 icode= >,1dp7_P_A,1.5
507,3.183,GLY, ,C,19.7,5.44,0.783,3.64,1.0,<Residue GLY het=  resseq=63 icode= >,1dp7_P_A,1.5
508,29.459,GLY, ,O,21.29,4.97,3.787,4.17,1.0,<Residue GLY het=  resseq=63 icode= >,1dp7_P_A,1.5
509,0.0,ASN, ,N,19.06,6.35,0.0,3.58,1.0,<Residue ASN het=  resseq=64 icode= >,1dp7_P_A,1.5
510,7.462,ASN, ,CA,19.07,6.97,0.0,3.45,1.0,<Residue ASN het=  resseq=64 icode= >,1dp7_P_A,1.5
511,0.161,ASN, ,C,17.05,7.29,0.0,4.32,1.0,<Residue ASN het=  resseq=64 icode= >,1dp7_P_A,1.5
512,5.345,ASN, ,O,17.9,7.41,0.0,4.93,1.0,<Residue ASN het=  resseq=64 icode= >,1dp7_P_A,1.5
513,16.574,ASN, ,CB,19.1,8.39,0.0,3.61,1.0,<Residue ASN het=  resseq=64 icode= >,1dp7_P_A,1.5
514,5.557,ASN, ,CG,21.46,8.60,0.0,3.24,1.0,<Residue ASN het=  resseq=64 icode= >,1dp7_P_A,1.5
515,30.779,ASN, ,OD1,21.34,8.23,0.0,4.14,1.0,<Residue ASN het=  resseq=64 icode= >,1dp7_P_A,1.5
516,25.934,ASN, ,ND2,23.37,9.47,0.0,2.59,1.0,<Residue ASN het=  resseq=64 icode= >,1dp7_P_A,1.5
517,1.742,SER, ,N,15.86,6.79,0.0,5.29,1.0,<Residue SER het=  resseq=65 icode= >,1dp7_P_A,1.5
518,0.0,SER, ,CA,15.99,6.59,0.0,3.78,1.0,<Residue SER het=  resseq=65 icode= >,1dp7_P_A,1.5
519,0.0,SER, ,C,13.76,5.30,0.0,5.40,1.0,<Residue SER het=  resseq=65 icode= >,1dp7_P_A,1.5
520,16.264,SER, ,O,16.97,4.33,7.059,5.87,1.0,<Residue SER het=  resseq=65 icode= >,1dp7_P_A,1.5
521,10.41,SER, ,CB,16.92,6.59,0.0,3.37,1.0,<Residue SER het=  resseq=65 icode= >,1dp7_P_A,1.5
522,20.953,SER, ,OG,16.83,6.55,0.0,4.52,1.0,<Residue SER het=  resseq=65 icode= >,1dp7_P_A,1.5
523,0.0,LYS, ,N,13.76,5.54,0.0,5.88,1.0,<Residue LYS het=  resseq=66 icode= >,1dp7_P_A,1.5
524,1.265,LYS, ,CA,13.41,4.81,1.197,4.41,1.0,<Residue LYS het=  resseq=66 icode= >,1dp7_P_A,1.5
525,0.0,LYS, ,C,12.74,5.24,0.0,4.58,1.0,<Residue LYS het=  resseq=66 icode= >,1dp7_P_A,1.5
526,0.0,LYS, ,O,14.04,6.40,0.0,5.82,1.0,<Residue LYS het=  resseq=66 icode= >,1dp7_P_A,1.5
527,7.864,LYS, ,CB,16.5,5.64,0.0,2.82,1.0,<Residue LYS het=  resseq=66 icode= >,1dp7_P_A,1.5
528,20.982,LYS, ,CG,18.65,5.58,0.0,2.57,1.0,<Residue LYS het=  resseq=66 icode= >,1dp7_P_A,1.5
529,21.079,LYS, ,CD,22.34,4.13,4.384,2.17,1.0,<Residue LYS het=  resseq=66 icode= >,1dp7_P_A,1.5
530,25.874,LYS, ,CE,23.72,3.98,1.974,1.94,1.0,<Residue LYS het=  resseq=66 icode= >,1dp7_P_A,1.5
531,48.661,LYS, ,NZ,26.62,2.88,20.411,2.37,1.0,<Residue LYS het=  resseq=66 icode= >,1dp7_P_A,1.5
532,2.24,TYR, ,N,10.47,4.63,0.345,5.98,1.0,<Residue TYR het=  resseq=67 icode= >,1dp7_P_A,1.5
533,0.0,TYR, ,CA,10.38,5.57,0.0,4.77,1.0,<Residue TYR het=  resseq=67 icode= >,1dp7_P_A,1.5
534,0.0,TYR, ,C,10.86,6.85,0.0,5.01,1.0,<Residue TYR het=  resseq=67 icode= >,1dp7_P_A,1.5
535,2.296,TYR, ,O,11.88,7.02,0.0,6.03,1.0,<Residue TYR het=  resseq=67 icode= >,1dp7_P_A,1.5
536,6.011,TYR, ,CB,11.49,5.24,0.848,3.69,1.0,<Residue TYR het=  resseq=67 icode= >,1dp7_P_A,1.5
537,0.036,TYR, ,CG,9.79,4.67,0.036,5.20,1.0,<Residue TYR het=  resseq=67 icode= >,1dp7_P_A,1.5
538,19.856,TYR, ,CD1,11.72,3.41,13.876,4.16,1.0,<Residue TYR het=  resseq=67 icode= >,1dp7_P_A,1.5
539,0.0,TYR, ,CD2,13.18,5.73,0.0,3.94,1.0,<Residue TYR het=  resseq=67 icode= >,1dp7_P_A,1.5
540,23.674,TYR, ,CE1,11.72,3.56,15.377,5.06,1.0,<Residue TYR het=  resseq=67 icode= >,1dp7_P_A,1.5
541,8.224,TYR, ,CE2,11.69,4.93,0.0,4.31,1.0,<Residue TYR het=  resseq=67 icode= >,1dp7_P_A,1.5
542,4.463,TYR, ,CZ,12.25,3.60,0.0,4.35,1.0,<Residue TYR het=  resseq=67 icode= >,1dp7_P_A,1.5
543,29.535,TYR, ,OH,12.41,2.74,18.928,7.04,1.0,<Residue TYR het=  resseq=67 icode= >,1dp7_P_A,1.5
544,0.0,HIS, ,N,11.57,7.95,0.0,5.17,1.0,<Residue HIS het=  resseq=68 icode= >,1dp7_P_A,1.5
545,0.0,HIS, ,CA,13.04,8.70,0.0,3.29,1.0,<Residue HIS het=  resseq=68 icode= >,1dp7_P_A,1.5
546,0.0,HIS, ,C,14.07,7.78,0.0,4.25,1.0,<Residue HIS het=  resseq=68 icode= >,1dp7_P_A,1.5
547,0.0,HIS, ,O,15.82,7.38,0.0,5.33,1.0,<Residue HIS het=  resseq=68 icode= >,1dp7_P_A,1.5
548,0.0,HIS, ,CB,12.56,10.06,0.0,3.82,1.0,<Residue HIS het=  resseq=68 icode= >,1dp7_P_A,1.5
549,0.0,HIS, ,CG,12.09,10.09,0.0,4.11,1.0,<Residue HIS het=  resseq=68 icode= >,1dp7_P_A,1.5
550,0.0,HIS, ,ND1,15.43,11.25,0.0,4.48,1.0,<Residue HIS het=  resseq=68 icode= >,1dp7_P_A,1.5
551,0.0,HIS, ,CD2,13.89,9.15,0.0,4.20,1.0,<Residue HIS het=  resseq=68 icode= >,1dp7_P_A,1.5
552,15.912,HIS, ,CE1,16.18,11.12,0.0,4.16,1.0,<Residue HIS het=  resseq=68 icode= >,1dp7_P_A,1.5
553,8.447,HIS, ,NE2,17.76,9.90,0.0,4.82,1.0,<Residue HIS het=  resseq=68 icode= >,1dp7_P_A,1.5
554,0.0,TYR, ,N,13.39,7.73,0.0,5.15,1.0,<Residue TYR het=  resseq=69 icode= >,1dp7_P_A,1.5
555,0.0,TYR, ,CA,14.2,7.38,0.0,4.05,1.0,<Residue TYR het=  resseq=69 icode= >,1dp7_P_A,1.5
556,0.0,TYR, ,C,14.66,8.83,0.0,4.11,1.0,<Residue TYR het=  resseq=69 icode= >,1dp7_P_A,1.5
557,0.0,TYR, ,O,16.31,9.76,0.0,5.70,1.0,<Residue TYR het=  resseq=69 icode= >,1dp7_P_A,1.5
558,0.0,TYR, ,CB,14.66,7.04,0.0,3.76,1.0,<Residue TYR het=  resseq=69 icode= >,1dp7_P_A,1.5
559,0.0,TYR, ,CG,16.7,5.62,0.0,3.97,1.0,<Residue TYR het=  resseq=69 icode= >,1dp7_P_A,1.5
560,0.0,TYR, ,CD1,18.64,5.65,0.0,3.37,1.0,<Residue TYR het=  resseq=69 icode= >,1dp7_P_A,1.5
561,0.018,TYR, ,CD2,19.88,4.52,0.0,2.92,1.0,<Residue TYR het=  resseq=69 icode= >,1dp7_P_A,1.5
562,0.908,TYR, ,CE1,18.48,4.67,0.0,4.07,1.0,<Residue TYR het=  resseq=69 icode= >,1dp7_P_A,1.5
563,0.042,TYR, ,CE2,20.29,3.17,0.042,2.57,1.0,<Residue TYR het=  resseq=69 icode= >,1dp7_P_A,1.5
564,0.0,TYR, ,CZ,21.13,3.31,0.0,1.97,1.0,<Residue TYR het=  resseq=69 icode= >,1dp7_P_A,1.5
565,9.673,TYR, ,OH,17.85,2.67,7.081,4.67,1.0,<Residue TYR het=  resseq=69 icode= >,1dp7_P_A,1.5
566,0.0,TYR, ,N,14.91,9.19,0.0,4.99,1.0,<Residue TYR het=  resseq=70 icode= >,1dp7_P_A,1.5
567,0.0,TYR, ,CA,15.19,10.62,0.0,3.83,1.0,<Residue TYR het=  resseq=70 icode= >,1dp7_P_A,1.5
568,0.0,TYR, ,C,15.31,10.99,0.0,4.32,1.0,<Residue TYR het=  resseq=70 icode= >,1dp7_P_A,1.5
569,0.842,TYR, ,O,17.47,10.46,0.0,5.22,1.0,<Residue TYR het=  resseq=70 icode= >,1dp7_P_A,1.5
570,0.0,TYR, ,CB,16.63,11.09,0.0,3.75,1.0,<Residue TYR het=  resseq=70 icode= >,1dp7_P_A,1.5
571,0.0,TYR, ,CG,20.09,12.50,0.0,3.16,1.0,<Residue TYR het=  resseq=70 icode= >,1dp7_P_A,1.5
572,2.473,TYR, ,CD1,22.1,12.92,0.0,2.68,1.0,<Residue TYR het=  resseq=70 icode= >,1dp7_P_A,1.5
573,1.204,TYR, ,CD2,22.78,13.53,0.0,2.84,1.0,<Residue TYR het=  resseq=70 icode= >,1dp7_P_A,1.5
574,20.486,TYR, ,CE1,21.4,14.29,0.0,3.41,1.0,<Residue TYR het=  resseq=70 icode= >,1dp7_P_A,1.5
575,4.977,TYR, ,CE2,22.76,14.86,0.0,2.82,1.0,<Residue TYR het=  resseq=70 icode= >,1dp7_P_A,1.5
576,6.287,TYR, ,CZ,21.32,15.18,0.0,3.63,1.0,<Residue TYR het=  resseq=70 icode= >,1dp7_P_A,1.5
577,35.074,TYR, ,OH,22.47,16.53,0.0,3.42,1.0,<Residue TYR het=  resseq=70 icode= >,1dp7_P_A,1.5
578,0.0,GLY, ,N,14.5,12.05,0.0,5.02,1.0,<Residue GLY het=  resseq=71 icode= >,1dp7_P_A,1.5
579,12.874,GLY, ,CA,15.04,12.68,0.0,3.66,1.0,<Residue GLY het=  resseq=71 icode= >,1dp7_P_A,1.5
580,0.0,GLY, ,C,16.59,12.58,0.0,4.11,1.0,<Residue GLY het=  resseq=71 icode= >,1dp7_P_A,1.5
581,1.883,GLY, ,O,16.83,12.81,0.0,5.27,1.0,<Residue GLY het=  resseq=71 icode= >,1dp7_P_A,1.5
582,0.0,LEU, ,N,15.9,12.45,0.0,4.75,1.0,<Residue LEU het=  resseq=72 icode= >,1dp7_P_A,1.5
583,0.0,LEU, ,CA,15.76,12.50,0.0,3.93,1.0,<Residue LEU het=  resseq=72 icode= >,1dp7_P_A,1.5
584,0.0,LEU, ,C,15.91,13.42,0.0,4.33,1.0,<Residue LEU het=  resseq=72 icode= >,1dp7_P_A,1.5
585,0.207,LEU, ,O,16.7,13.53,0.0,5.88,1.0,<Residue LEU het=  resseq=72 icode= >,1dp7_P_A,1.5
586,0.0,LEU, ,CB,17.57,11.12,0.0,2.63,1.0,<Residue LEU het=  resseq=72 icode= >,1dp7_P_A,1.5
587,0.0,LEU, ,CG,16.94,11.27,0.0,3.56,1.0,<Residue LEU het=  resseq=72 icode= >,1dp7_P_A,1.5
588,0.0,LEU, ,CD1,18.16,11.68,0.0,3.46,1.0,<Residue LEU het=  resseq=72 icode= >,1dp7_P_A,1.5
589,0.0,LEU, ,CD2,18.0,10.12,0.0,3.22,1.0,<Residue LEU het=  resseq=72 icode= >,1dp7_P_A,1.5
590,0.0,ARG, ,N,16.72,14.22,0.0,4.16,1.0,<Residue ARG het=  resseq=73 icode= >,1dp7_P_A,1.5
591,0.695,ARG, ,CA,17.89,15.19,0.0,3.34,1.0,<Residue ARG het=  resseq=73 icode= >,1dp7_P_A,1.5
592,0.0,ARG, ,C,18.07,15.56,0.0,4.26,1.0,<Residue ARG het=  resseq=73 icode= >,1dp7_P_A,1.5
593,0.0,ARG, ,O,17.86,15.34,0.0,5.70,1.0,<Residue ARG het=  resseq=73 icode= >,1dp7_P_A,1.5
594,11.491,ARG, ,CB,19.68,16.52,0.0,2.95,1.0,<Residue ARG het=  resseq=73 icode= >,1dp7_P_A,1.5
595,0.0,ARG, ,CG,20.79,17.34,0.0,2.57,1.0,<Residue ARG het=  resseq=73 icode= >,1dp7_P_A,1.5
596,14.908,ARG, ,CD,23.51,18.64,0.0,2.43,1.0,<Residue ARG het=  resseq=73 icode= >,1dp7_P_A,1.5
597,2.254,ARG, ,NE,26.18,19.46,0.0,2.57,1.0,<Residue ARG het=  resseq=73 icode= >,1dp7_P_A,1.5
598,4.38,ARG, ,CZ,27.76,20.45,0.0,2.17,1.0,<Residue ARG het=  resseq=73 icode= >,1dp7_P_A,1.5
599,41.377,ARG, ,NH1,29.03,20.75,0.0,2.07,1.0,<Residue ARG het=  resseq=73 icode= >,1dp7_P_A,1.5
600,43.702,ARG, ,NH2,29.12,21.25,0.0,1.66,1.0,<Residue ARG het=  resseq=73 icode= >,1dp7_P_A,1.5
601,2.444,ILE, ,N,21.03,16.29,0.0,3.68,1.0,<Residue ILE het=  resseq=74 icode= >,1dp7_P_A,1.5
602,0.0,ILE, ,CA,24.28,16.96,0.0,2.99,1.0,<Residue ILE het=  resseq=74 icode= >,1dp7_P_A,1.5
603,0.0,ILE, ,C,26.19,18.01,0.0,3.49,1.0,<Residue ILE het=  resseq=74 icode= >,1dp7_P_A,1.5
604,9.178,ILE, ,O,25.74,18.67,0.0,4.13,1.0,<Residue ILE het=  resseq=74 icode= >,1dp7_P_A,1.5
605,7.046,ILE, ,CB,25.04,17.77,0.0,2.93,1.0,<Residue ILE het=  resseq=74 icode= >,1dp7_P_A,1.5
606,1.957,ILE, ,CG1,25.56,16.90,0.0,2.59,1.0,<Residue ILE het=  resseq=74 icode= >,1dp7_P_A,1.5
607,15.38,ILE, ,CG2,25.5,18.78,0.0,1.72,1.0,<Residue ILE het=  resseq=74 icode= >,1dp7_P_A,1.5
608,62.295,ILE, ,CD1,27.52,17.74,0.0,1.55,1.0,<Residue ILE het=  resseq=74 icode= >,1dp7_P_A,1.5
609,0.0,LYS, ,N,29.85,18.24,0.0,2.92,1.0,<Residue LYS het=  resseq=75 icode= >,1dp7_P_A,1.5
610,0.0,LYS, ,CA,33.82,19.32,0.0,2.65,1.0,<Residue LYS het=  resseq=75 icode= >,1dp7_P_A,1.5
611,0.104,LYS, ,C,36.63,20.53,0.0,2.88,1.0,<Residue LYS het=  resseq=75 icode= >,1dp7_P_A,1.5
612,28.849,LYS, ,O,38.12,21.48,0.0,1.71,1.0,<Residue LYS het=  resseq=75 icode= >,1dp7_P_A,1.5
613,0.0,LYS, ,CB,34.31,19.21,0.0,2.46,1.0,<Residue LYS het=  resseq=75 icode= >,1dp7_P_A,1.5
614,13.188,LYS, ,CG,34.29,20.45,0.0,2.02,1.0,<Residue LYS het=  resseq=75 icode= >,1dp7_P_A,1.5
615,20.166,LYS, ,CD,35.26,20.55,0.0,1.42,1.0,<Residue LYS het=  resseq=75 icode= >,1dp7_P_A,1.5
616,9.437,LYS, ,CE,35.06,19.72,0.0,1.73,1.0,<Residue LYS het=  resseq=75 icode= >,1dp7_P_A,1.5
617,31.865,LYS, ,NZ,34.16,20.20,0.0,1.75,1.0,<Residue LYS het=  resseq=75 icode= >,1dp7_P_A,1.5
618,0.0,ALA, ,N,39.74,1000.00,0.0,1.27,1.0,<Residue ALA het=  resseq=76 icode= >,1dp7_P_A,1.5
619,9.245,ALA, ,CA,42.32,1000.00,0.0,-0.14,1.0,<Residue ALA het=  resseq=76 icode= >,1dp7_P_A,1.5
620,4.547,ALA, ,C,43.78,1000.00,0.0,0.23,1.0,<Residue ALA het=  resseq=76 icode= >,1dp7_P_A,1.5
621,35.291,ALA, ,O,44.94,1000.00,0.0,0.43,1.0,<Residue ALA het=  resseq=76 icode= >,1dp7_P_A,1.5
622,49.756,ALA, ,CB,42.57,1000.00,0.0,0.18,1.0,<Residue ALA het=  resseq=76 icode= >,1dp7_P_A,1.5
623,7.909,ALA, ,OXT,45.55,1000.00,0.0,0.11,1.0,<Residue ALA het=  resseq=76 icode= >,1dp7_P_A,1.5
