,ASA,aa,altloc,atom,bfac,dens,occ,residue,id,resolu
0,25.664,SER, ,N,33.85,1.31,1.0,<Residue SER het=  resseq=50 icode= >,1eao_A_A,1.4
1,12.026,SER, ,CA,32.86,1.62,1.0,<Residue SER het=  resseq=50 icode= >,1eao_A_A,1.4
2,0.0,SER, ,C,32.06,1.91,1.0,<Residue SER het=  resseq=50 icode= >,1eao_A_A,1.4
3,0.0,SER, ,O,31.63,2.49,1.0,<Residue SER het=  resseq=50 icode= >,1eao_A_A,1.4
4,39.757,SER, ,CB,33.49,1.24,1.0,<Residue SER het=  resseq=50 icode= >,1eao_A_A,1.4
5,3.73,SER, ,OG,33.95,2.09,1.0,<Residue SER het=  resseq=50 icode= >,1eao_A_A,1.4
6,8.338,MET, ,N,30.88,1.83,1.0,<Residue MET het=  resseq=51 icode= >,1eao_A_A,1.4
7,0.0,MET, ,CA,30.0,1.57,1.0,<Residue MET het=  resseq=51 icode= >,1eao_A_A,1.4
8,0.0,MET, ,C,28.24,2.09,1.0,<Residue MET het=  resseq=51 icode= >,1eao_A_A,1.4
9,0.0,MET, ,O,27.67,2.70,1.0,<Residue MET het=  resseq=51 icode= >,1eao_A_A,1.4
10,20.927,MET, ,CB,30.72,1.70,1.0,<Residue MET het=  resseq=51 icode= >,1eao_A_A,1.4
11,3.421,MET, ,CG,32.93,1.06,1.0,<Residue MET het=  resseq=51 icode= >,1eao_A_A,1.4
12,23.42,MET, ,SD,36.19,3.68,1.0,<Residue MET het=  resseq=51 icode= >,1eao_A_A,1.4
13,33.155,MET, ,CE,36.37,1.47,1.0,<Residue MET het=  resseq=51 icode= >,1eao_A_A,1.4
14,1.591,VAL, ,N,26.33,3.22,1.0,<Residue VAL het=  resseq=52 icode= >,1eao_A_A,1.4
15,1.234,VAL, ,CA,26.03,2.48,1.0,<Residue VAL het=  resseq=52 icode= >,1eao_A_A,1.4
16,0.0,VAL, ,C,25.93,2.98,1.0,<Residue VAL het=  resseq=52 icode= >,1eao_A_A,1.4
17,1.271,VAL, ,O,25.22,3.54,1.0,<Residue VAL het=  resseq=52 icode= >,1eao_A_A,1.4
18,3.945,VAL, ,CB,26.16,1.74,1.0,<Residue VAL het=  resseq=52 icode= >,1eao_A_A,1.4
19,48.534,VAL, ,CG1,25.37,2.08,1.0,<Residue VAL het=  resseq=52 icode= >,1eao_A_A,1.4
20,60.971,VAL, ,CG2,27.34,1.47,1.0,<Residue VAL het=  resseq=52 icode= >,1eao_A_A,1.4
21,0.0,GLU, ,N,26.43,2.68,1.0,<Residue GLU het=  resseq=53 icode= >,1eao_A_A,1.4
22,3.486,GLU, ,CA,27.0,2.59,1.0,<Residue GLU het=  resseq=53 icode= >,1eao_A_A,1.4
23,0.016,GLU, ,C,26.49,2.42,1.0,<Residue GLU het=  resseq=53 icode= >,1eao_A_A,1.4
24,0.744,GLU, ,O,26.48,2.57,1.0,<Residue GLU het=  resseq=53 icode= >,1eao_A_A,1.4
25,11.12,GLU, ,CB,27.92,2.04,1.0,<Residue GLU het=  resseq=53 icode= >,1eao_A_A,1.4
26,21.938,GLU, ,CG,32.13,1.04,1.0,<Residue GLU het=  resseq=53 icode= >,1eao_A_A,1.4
27,11.403,GLU, ,CD,35.81,1.52,1.0,<Residue GLU het=  resseq=53 icode= >,1eao_A_A,1.4
28,19.426,GLU, ,OE1,37.86,1.76,1.0,<Residue GLU het=  resseq=53 icode= >,1eao_A_A,1.4
29,41.476,GLU, ,OE2,38.58,1.56,1.0,<Residue GLU het=  resseq=53 icode= >,1eao_A_A,1.4
30,0.0,VAL, ,N,26.07,2.87,1.0,<Residue VAL het=  resseq=54 icode= >,1eao_A_A,1.4
31,0.574,VAL, ,CA,26.12,2.69,1.0,<Residue VAL het=  resseq=54 icode= >,1eao_A_A,1.4
32,0.0,VAL, ,C,26.08,2.32,1.0,<Residue VAL het=  resseq=54 icode= >,1eao_A_A,1.4
33,0.0,VAL, ,O,25.52,2.46,1.0,<Residue VAL het=  resseq=54 icode= >,1eao_A_A,1.4
34,0.0,VAL, ,CB,26.92,1.25,1.0,<Residue VAL het=  resseq=54 icode= >,1eao_A_A,1.4
35,0.518,VAL, ,CG1,28.35,1.13,1.0,<Residue VAL het=  resseq=54 icode= >,1eao_A_A,1.4
36,20.371,VAL, ,CG2,28.32,1.39,1.0,<Residue VAL het=  resseq=54 icode= >,1eao_A_A,1.4
37,0.0,LEU, ,N,25.6,3.11,1.0,<Residue LEU het=  resseq=55 icode= >,1eao_A_A,1.4
38,0.009,LEU, ,CA,26.17,2.12,1.0,<Residue LEU het=  resseq=55 icode= >,1eao_A_A,1.4
39,1.068,LEU, ,C,26.33,2.15,1.0,<Residue LEU het=  resseq=55 icode= >,1eao_A_A,1.4
40,0.085,LEU, ,O,26.7,2.53,1.0,<Residue LEU het=  resseq=55 icode= >,1eao_A_A,1.4
41,13.113,LEU, ,CB,26.14,2.16,1.0,<Residue LEU het=  resseq=55 icode= >,1eao_A_A,1.4
42,0.0,LEU, ,CG,27.08,1.81,1.0,<Residue LEU het=  resseq=55 icode= >,1eao_A_A,1.4
43,33.54,LEU, ,CD1,27.66,1.73,1.0,<Residue LEU het=  resseq=55 icode= >,1eao_A_A,1.4
44,19.283,LEU, ,CD2,27.7,1.53,1.0,<Residue LEU het=  resseq=55 icode= >,1eao_A_A,1.4
45,0.513,ALA, ,N,26.29,2.49,1.0,<Residue ALA het=  resseq=56 icode= >,1eao_A_A,1.4
46,5.991,ALA, ,CA,26.82,2.15,1.0,<Residue ALA het=  resseq=56 icode= >,1eao_A_A,1.4
47,0.326,ALA, ,C,27.14,2.79,1.0,<Residue ALA het=  resseq=56 icode= >,1eao_A_A,1.4
48,18.182,ALA, ,O,27.0,2.80,1.0,<Residue ALA het=  resseq=56 icode= >,1eao_A_A,1.4
49,45.387,ALA, ,CB,27.51,1.40,1.0,<Residue ALA het=  resseq=56 icode= >,1eao_A_A,1.4
50,0.0,ASP, ,N,27.51,2.78,1.0,<Residue ASP het=  resseq=57 icode= >,1eao_A_A,1.4
51,4.777,ASP, ,CA,27.95,2.31,1.0,<Residue ASP het=  resseq=57 icode= >,1eao_A_A,1.4
52,0.0,ASP, ,C,26.95,2.42,1.0,<Residue ASP het=  resseq=57 icode= >,1eao_A_A,1.4
53,26.137,ASP, ,O,28.82,2.27,1.0,<Residue ASP het=  resseq=57 icode= >,1eao_A_A,1.4
54,11.256,ASP, ,CB,29.34,1.54,1.0,<Residue ASP het=  resseq=57 icode= >,1eao_A_A,1.4
55,7.8,ASP, ,CG,32.33,1.99,1.0,<Residue ASP het=  resseq=57 icode= >,1eao_A_A,1.4
56,33.02,ASP, ,OD1,36.84,1.93,1.0,<Residue ASP het=  resseq=57 icode= >,1eao_A_A,1.4
57,28.98,ASP, ,OD2,35.52,2.11,1.0,<Residue ASP het=  resseq=57 icode= >,1eao_A_A,1.4
58,0.0,HIS, ,N,24.33,3.28,1.0,<Residue HIS het=  resseq=58 icode= >,1eao_A_A,1.4
59,0.871,HIS, ,CA,23.78,2.28,1.0,<Residue HIS het=  resseq=58 icode= >,1eao_A_A,1.4
60,0.0,HIS, ,C,19.91,3.63,1.0,<Residue HIS het=  resseq=58 icode= >,1eao_A_A,1.4
61,1.202,HIS, ,O,18.12,5.27,1.0,<Residue HIS het=  resseq=58 icode= >,1eao_A_A,1.4
62,0.0,HIS, ,CB,25.17,2.13,1.0,<Residue HIS het=  resseq=58 icode= >,1eao_A_A,1.4
63,0.0,HIS, ,CG,29.74,1.68,1.0,<Residue HIS het=  resseq=58 icode= >,1eao_A_A,1.4
64,11.093,HIS, ,ND1,33.91,1.38,1.0,<Residue HIS het=  resseq=58 icode= >,1eao_A_A,1.4
65,0.0,HIS, ,CD2,31.18,1.95,1.0,<Residue HIS het=  resseq=58 icode= >,1eao_A_A,1.4
66,19.443,HIS, ,CE1,34.51,1.86,1.0,<Residue HIS het=  resseq=58 icode= >,1eao_A_A,1.4
67,7.657,HIS, ,NE2,34.48,1.79,1.0,<Residue HIS het=  resseq=58 icode= >,1eao_A_A,1.4
68,0.0,PRO, ,N,17.63,4.28,1.0,<Residue PRO het=  resseq=59 icode= >,1eao_A_A,1.4
69,3.923,PRO, ,CA,15.66,3.73,1.0,<Residue PRO het=  resseq=59 icode= >,1eao_A_A,1.4
70,0.972,PRO, ,C,13.68,4.94,1.0,<Residue PRO het=  resseq=59 icode= >,1eao_A_A,1.4
71,13.488,PRO, ,O,13.54,7.06,1.0,<Residue PRO het=  resseq=59 icode= >,1eao_A_A,1.4
72,32.148,PRO, ,CB,16.69,3.33,1.0,<Residue PRO het=  resseq=59 icode= >,1eao_A_A,1.4
73,35.779,PRO, ,CG,18.8,2.17,1.0,<Residue PRO het=  resseq=59 icode= >,1eao_A_A,1.4
74,11.101,PRO, ,CD,18.24,3.03,1.0,<Residue PRO het=  resseq=59 icode= >,1eao_A_A,1.4
75,13.412,GLY, ,N,12.78,5.20,1.0,<Residue GLY het=  resseq=60 icode= >,1eao_A_A,1.4
76,41.479,GLY, ,CA,13.49,3.19,1.0,<Residue GLY het=  resseq=60 icode= >,1eao_A_A,1.4
77,5.029,GLY, ,C,12.92,4.61,1.0,<Residue GLY het=  resseq=60 icode= >,1eao_A_A,1.4
78,30.788,GLY, ,O,14.24,6.07,1.0,<Residue GLY het=  resseq=60 icode= >,1eao_A_A,1.4
79,0.176,GLU, ,N,12.16,5.55,1.0,<Residue GLU het=  resseq=61 icode= >,1eao_A_A,1.4
80,4.791,GLU, ,CA,12.87,3.75,1.0,<Residue GLU het=  resseq=61 icode= >,1eao_A_A,1.4
81,1.611,GLU, ,C,13.43,4.18,1.0,<Residue GLU het=  resseq=61 icode= >,1eao_A_A,1.4
82,2.549,GLU, ,O,16.33,4.93,1.0,<Residue GLU het=  resseq=61 icode= >,1eao_A_A,1.4
83,4.474,GLU, ,CB,12.66,4.35,1.0,<Residue GLU het=  resseq=61 icode= >,1eao_A_A,1.4
84,17.063,GLU, ,CG,14.15,3.60,1.0,<Residue GLU het=  resseq=61 icode= >,1eao_A_A,1.4
85,9.093,GLU, ,CD,17.12,3.56,1.0,<Residue GLU het=  resseq=61 icode= >,1eao_A_A,1.4
86,34.937,GLU, ,OE1,20.18,4.84,1.0,<Residue GLU het=  resseq=61 icode= >,1eao_A_A,1.4
87,26.168,GLU, ,OE2,18.48,4.72,1.0,<Residue GLU het=  resseq=61 icode= >,1eao_A_A,1.4
88,1.826,LEU, ,N,13.17,4.79,1.0,<Residue LEU het=  resseq=62 icode= >,1eao_A_A,1.4
89,0.0,LEU, ,CA,13.51,3.65,1.0,<Residue LEU het=  resseq=62 icode= >,1eao_A_A,1.4
90,0.011,LEU, ,C,13.51,4.14,1.0,<Residue LEU het=  resseq=62 icode= >,1eao_A_A,1.4
91,20.322,LEU, ,O,15.85,5.72,1.0,<Residue LEU het=  resseq=62 icode= >,1eao_A_A,1.4
92,0.311,LEU, ,CB,14.79,4.33,1.0,<Residue LEU het=  resseq=62 icode= >,1eao_A_A,1.4
93,0.0,LEU, ,CG,16.11,3.47,1.0,<Residue LEU het=  resseq=62 icode= >,1eao_A_A,1.4
94,0.0,LEU, ,CD1,18.34,2.84,1.0,<Residue LEU het=  resseq=62 icode= >,1eao_A_A,1.4
95,0.124,LEU, ,CD2,20.03,2.67,1.0,<Residue LEU het=  resseq=62 icode= >,1eao_A_A,1.4
96,0.0,VAL, ,N,13.12,5.02,1.0,<Residue VAL het=  resseq=63 icode= >,1eao_A_A,1.4
97,3.984,VAL, ,CA,13.08,3.77,1.0,<Residue VAL het=  resseq=63 icode= >,1eao_A_A,1.4
98,0.118,VAL, ,C,12.73,3.99,1.0,<Residue VAL het=  resseq=63 icode= >,1eao_A_A,1.4
99,0.0,VAL, ,O,12.78,6.56,1.0,<Residue VAL het=  resseq=63 icode= >,1eao_A_A,1.4
100,1.184,VAL, ,CB,12.67,3.65,1.0,<Residue VAL het=  resseq=63 icode= >,1eao_A_A,1.4
101,27.626,VAL, ,CG1,15.29,3.59,1.0,<Residue VAL het=  resseq=63 icode= >,1eao_A_A,1.4
102,0.0,VAL, ,CG2,14.21,3.79,1.0,<Residue VAL het=  resseq=63 icode= >,1eao_A_A,1.4
103,3.246,ARG, ,N,12.97,5.68,1.0,<Residue ARG het=  resseq=64 icode= >,1eao_A_A,1.4
104,0.302,ARG, ,CA,13.0,3.76,1.0,<Residue ARG het=  resseq=64 icode= >,1eao_A_A,1.4
105,0.0,ARG, ,C,12.89,4.72,1.0,<Residue ARG het=  resseq=64 icode= >,1eao_A_A,1.4
106,0.0,ARG, ,O,13.1,6.53,1.0,<Residue ARG het=  resseq=64 icode= >,1eao_A_A,1.4
107,2.96,ARG, ,CB,14.48,3.43,1.0,<Residue ARG het=  resseq=64 icode= >,1eao_A_A,1.4
108,17.173,ARG, ,CG,15.89,2.80,1.0,<Residue ARG het=  resseq=64 icode= >,1eao_A_A,1.4
109,34.803,ARG, ,CD,16.71,3.08,1.0,<Residue ARG het=  resseq=64 icode= >,1eao_A_A,1.4
110,15.201,ARG, ,NE,19.27,3.55,1.0,<Residue ARG het=  resseq=64 icode= >,1eao_A_A,1.4
111,5.075,ARG, ,CZ,19.12,3.54,1.0,<Residue ARG het=  resseq=64 icode= >,1eao_A_A,1.4
112,37.219,ARG, ,NH1,23.63,2.84,1.0,<Residue ARG het=  resseq=64 icode= >,1eao_A_A,1.4
113,56.594,ARG, ,NH2,18.51,3.12,1.0,<Residue ARG het=  resseq=64 icode= >,1eao_A_A,1.4
114,0.192,THR, ,N,13.14,5.28,1.0,<Residue THR het=  resseq=65 icode= >,1eao_A_A,1.4
115,0.0,THR, ,CA,12.55,4.09,1.0,<Residue THR het=  resseq=65 icode= >,1eao_A_A,1.4
116,1.533,THR, ,C,12.77,4.08,1.0,<Residue THR het=  resseq=65 icode= >,1eao_A_A,1.4
117,10.741,THR, ,O,14.33,6.17,1.0,<Residue THR het=  resseq=65 icode= >,1eao_A_A,1.4
118,0.0,THR, ,CB,11.89,4.27,1.0,<Residue THR het=  resseq=65 icode= >,1eao_A_A,1.4
119,0.0,THR, ,OG1,12.7,6.76,1.0,<Residue THR het=  resseq=65 icode= >,1eao_A_A,1.4
120,0.0,THR, ,CG2,13.02,3.43,1.0,<Residue THR het=  resseq=65 icode= >,1eao_A_A,1.4
121,0.361,ASP, ,N,12.5,5.23,1.0,<Residue ASP het=  resseq=66 icode= >,1eao_A_A,1.4
122,8.762,ASP, ,CA,13.47,3.89,1.0,<Residue ASP het=  resseq=66 icode= >,1eao_A_A,1.4
123,1.979,ASP, ,C,14.59,4.24,1.0,<Residue ASP het=  resseq=66 icode= >,1eao_A_A,1.4
124,22.433,ASP, ,O,16.92,5.67,1.0,<Residue ASP het=  resseq=66 icode= >,1eao_A_A,1.4
125,32.577,ASP, ,CB,14.32,3.78,1.0,<Residue ASP het=  resseq=66 icode= >,1eao_A_A,1.4
126,4.53,ASP, ,CG,15.14,3.82,1.0,<Residue ASP het=  resseq=66 icode= >,1eao_A_A,1.4
127,3.089,ASP, ,OD1,15.12,5.82,1.0,<Residue ASP het=  resseq=66 icode= >,1eao_A_A,1.4
128,29.047,ASP, ,OD2,20.43,4.02,1.0,<Residue ASP het=  resseq=66 icode= >,1eao_A_A,1.4
129,0.0,SER, ,N,14.37,5.24,1.0,<Residue SER het=  resseq=67 icode= >,1eao_A_A,1.4
130,2.749,SER, ,CA,14.97,3.89,1.0,<Residue SER het=  resseq=67 icode= >,1eao_A_A,1.4
131,1.17,SER, ,C,15.0,3.60,1.0,<Residue SER het=  resseq=67 icode= >,1eao_A_A,1.4
132,2.757,SER, ,O,15.47,5.94,1.0,<Residue SER het=  resseq=67 icode= >,1eao_A_A,1.4
133,5.459,SER, ,CB,15.03,3.98,1.0,<Residue SER het=  resseq=67 icode= >,1eao_A_A,1.4
134,7.437,SER, ,OG,17.49,4.89,1.0,<Residue SER het=  resseq=67 icode= >,1eao_A_A,1.4
135,0.51,PRO, ,N,15.72,4.26,1.0,<Residue PRO het=  resseq=68 icode= >,1eao_A_A,1.4
136,13.97,PRO, ,CA,16.69,3.16,1.0,<Residue PRO het=  resseq=68 icode= >,1eao_A_A,1.4
137,0.419,PRO, ,C,15.93,4.42,1.0,<Residue PRO het=  resseq=68 icode= >,1eao_A_A,1.4
138,11.762,PRO, ,O,18.66,5.21,1.0,<Residue PRO het=  resseq=68 icode= >,1eao_A_A,1.4
139,29.322,PRO, ,CB,17.19,3.52,1.0,<Residue PRO het=  resseq=68 icode= >,1eao_A_A,1.4
140,42.087,PRO, ,CG,18.97,3.24,1.0,<Residue PRO het=  resseq=68 icode= >,1eao_A_A,1.4
141,23.475,PRO, ,CD,16.76,2.84,1.0,<Residue PRO het=  resseq=68 icode= >,1eao_A_A,1.4
142,0.0,ASN, ,N,15.97,4.29,1.0,<Residue ASN het=  resseq=69 icode= >,1eao_A_A,1.4
143,0.522,ASN, ,CA,16.46,3.38,1.0,<Residue ASN het=  resseq=69 icode= >,1eao_A_A,1.4
144,0.0,ASN, ,C,15.26,3.69,1.0,<Residue ASN het=  resseq=69 icode= >,1eao_A_A,1.4
145,0.177,ASN, ,O,16.23,5.11,1.0,<Residue ASN het=  resseq=69 icode= >,1eao_A_A,1.4
146,1.259,ASN, ,CB,17.36,3.55,1.0,<Residue ASN het=  resseq=69 icode= >,1eao_A_A,1.4
147,3.645,ASN, ,CG,21.62,2.18,1.0,<Residue ASN het=  resseq=69 icode= >,1eao_A_A,1.4
148,25.601,ASN, ,OD1,22.94,3.74,1.0,<Residue ASN het=  resseq=69 icode= >,1eao_A_A,1.4
149,36.244,ASN, ,ND2,26.2,1.82,1.0,<Residue ASN het=  resseq=69 icode= >,1eao_A_A,1.4
150,0.0,PHE, ,N,14.31,4.97,1.0,<Residue PHE het=  resseq=70 icode= >,1eao_A_A,1.4
151,0.0,PHE, ,CA,12.77,4.70,1.0,<Residue PHE het=  resseq=70 icode= >,1eao_A_A,1.4
152,0.0,PHE, ,C,12.06,4.90,1.0,<Residue PHE het=  resseq=70 icode= >,1eao_A_A,1.4
153,0.646,PHE, ,O,13.08,6.82,1.0,<Residue PHE het=  resseq=70 icode= >,1eao_A_A,1.4
154,0.0,PHE, ,CB,13.82,4.25,1.0,<Residue PHE het=  resseq=70 icode= >,1eao_A_A,1.4
155,0.0,PHE, ,CG,14.21,3.78,1.0,<Residue PHE het=  resseq=70 icode= >,1eao_A_A,1.4
156,0.0,PHE, ,CD1,15.61,3.50,1.0,<Residue PHE het=  resseq=70 icode= >,1eao_A_A,1.4
157,0.0,PHE, ,CD2,15.7,3.67,1.0,<Residue PHE het=  resseq=70 icode= >,1eao_A_A,1.4
158,0.31,PHE, ,CE1,16.99,3.32,1.0,<Residue PHE het=  resseq=70 icode= >,1eao_A_A,1.4
159,0.281,PHE, ,CE2,17.4,3.34,1.0,<Residue PHE het=  resseq=70 icode= >,1eao_A_A,1.4
160,1.251,PHE, ,CZ,18.87,3.15,1.0,<Residue PHE het=  resseq=70 icode= >,1eao_A_A,1.4
161,0.0,LEU, ,N,12.65,5.58,1.0,<Residue LEU het=  resseq=71 icode= >,1eao_A_A,1.4
162,0.0,LEU, ,CA,12.29,4.06,1.0,<Residue LEU het=  resseq=71 icode= >,1eao_A_A,1.4
163,0.0,LEU, ,C,11.98,5.26,1.0,<Residue LEU het=  resseq=71 icode= >,1eao_A_A,1.4
164,0.0,LEU, ,O,12.11,7.18,1.0,<Residue LEU het=  resseq=71 icode= >,1eao_A_A,1.4
165,0.0,LEU, ,CB,13.32,4.20,1.0,<Residue LEU het=  resseq=71 icode= >,1eao_A_A,1.4
166,0.0,LEU, ,CG,14.26,3.98,1.0,<Residue LEU het=  resseq=71 icode= >,1eao_A_A,1.4
167,0.011,LEU, ,CD1,16.82,3.25,1.0,<Residue LEU het=  resseq=71 icode= >,1eao_A_A,1.4
168,6.715,LEU, ,CD2,16.69,3.58,1.0,<Residue LEU het=  resseq=71 icode= >,1eao_A_A,1.4
169,0.0,SER, ,N,11.57,5.81,1.0,<Residue SER het=  resseq=72 icode= >,1eao_A_A,1.4
170,0.0,SER, ,CA,11.22,3.90,1.0,<Residue SER het=  resseq=72 icode= >,1eao_A_A,1.4
171,0.0,SER, ,C,11.19,4.10,1.0,<Residue SER het=  resseq=72 icode= >,1eao_A_A,1.4
172,0.0,SER, ,O,11.64,7.15,1.0,<Residue SER het=  resseq=72 icode= >,1eao_A_A,1.4
173,0.0,SER, ,CB,11.29,4.13,1.0,<Residue SER het=  resseq=72 icode= >,1eao_A_A,1.4
174,0.0,SER, ,OG,11.01,7.77,1.0,<Residue SER het=  resseq=72 icode= >,1eao_A_A,1.4
175,0.0,SER, ,N,11.05,5.55,1.0,<Residue SER het=  resseq=73 icode= >,1eao_A_A,1.4
176,0.0,SER, ,CA,11.39,4.28,1.0,<Residue SER het=  resseq=73 icode= >,1eao_A_A,1.4
177,0.0,SER, ,C,10.49,4.66,1.0,<Residue SER het=  resseq=73 icode= >,1eao_A_A,1.4
178,0.0,SER, ,O,11.15,6.58,1.0,<Residue SER het=  resseq=73 icode= >,1eao_A_A,1.4
179,3.822,SER, ,CB,12.23,4.27,1.0,<Residue SER het=  resseq=73 icode= >,1eao_A_A,1.4
180,0.077,SER, ,OG,12.79,6.26,1.0,<Residue SER het=  resseq=73 icode= >,1eao_A_A,1.4
181,0.614,VAL, ,N,10.72,6.64,1.0,<Residue VAL het=  resseq=74 icode= >,1eao_A_A,1.4
182,0.0,VAL, ,CA,10.87,4.70,1.0,<Residue VAL het=  resseq=74 icode= >,1eao_A_A,1.4
183,0.0,VAL, ,C,10.63,4.21,1.0,<Residue VAL het=  resseq=74 icode= >,1eao_A_A,1.4
184,1.06,VAL, ,O,11.5,6.01,1.0,<Residue VAL het=  resseq=74 icode= >,1eao_A_A,1.4
185,2.604,VAL, ,CB,12.26,3.96,1.0,<Residue VAL het=  resseq=74 icode= >,1eao_A_A,1.4
186,35.486,VAL, ,CG1,13.44,3.64,1.0,<Residue VAL het=  resseq=74 icode= >,1eao_A_A,1.4
187,19.586,VAL, ,CG2,11.82,4.01,1.0,<Residue VAL het=  resseq=74 icode= >,1eao_A_A,1.4
188,0.0,LEU, ,N,10.13,6.65,1.0,<Residue LEU het=  resseq=75 icode= >,1eao_A_A,1.4
189,0.039,LEU, ,CA,10.15,4.36,1.0,<Residue LEU het=  resseq=75 icode= >,1eao_A_A,1.4
190,2.226,LEU, ,C,10.53,4.86,1.0,<Residue LEU het=  resseq=75 icode= >,1eao_A_A,1.4
191,7.098,LEU, ,O,11.77,6.80,1.0,<Residue LEU het=  resseq=75 icode= >,1eao_A_A,1.4
192,0.0,LEU, ,CB,10.16,4.99,1.0,<Residue LEU het=  resseq=75 icode= >,1eao_A_A,1.4
193,0.0,LEU, ,CG,10.62,4.53,1.0,<Residue LEU het=  resseq=75 icode= >,1eao_A_A,1.4
194,0.0,LEU, ,CD1,12.4,4.84,1.0,<Residue LEU het=  resseq=75 icode= >,1eao_A_A,1.4
195,0.108,LEU, ,CD2,11.45,3.99,1.0,<Residue LEU het=  resseq=75 icode= >,1eao_A_A,1.4
196,0.452,PRO, ,N,10.91,6.21,1.0,<Residue PRO het=  resseq=76 icode= >,1eao_A_A,1.4
197,11.627,PRO, ,CA,11.58,4.73,1.0,<Residue PRO het=  resseq=76 icode= >,1eao_A_A,1.4
198,0.0,PRO, ,C,11.09,4.53,1.0,<Residue PRO het=  resseq=76 icode= >,1eao_A_A,1.4
199,1.166,PRO, ,O,12.19,6.07,1.0,<Residue PRO het=  resseq=76 icode= >,1eao_A_A,1.4
200,5.594,PRO, ,CB,13.1,4.47,1.0,<Residue PRO het=  resseq=76 icode= >,1eao_A_A,1.4
201,0.891,PRO, ,CG,14.15,3.59,1.0,<Residue PRO het=  resseq=76 icode= >,1eao_A_A,1.4
202,1.67,PRO, ,CD,11.39,4.79,1.0,<Residue PRO het=  resseq=76 icode= >,1eao_A_A,1.4
203,4.036,THR, ,N,12.84,5.13,1.0,<Residue THR het=  resseq=77 icode= >,1eao_A_A,1.4
204,0.713,THR, ,CA,12.92,4.85,1.0,<Residue THR het=  resseq=77 icode= >,1eao_A_A,1.4
205,0.084,THR, ,C,12.34,4.79,1.0,<Residue THR het=  resseq=77 icode= >,1eao_A_A,1.4
206,4.985,THR, ,O,13.12,6.68,1.0,<Residue THR het=  resseq=77 icode= >,1eao_A_A,1.4
207,15.125,THR, ,CB,16.18,3.81,1.0,<Residue THR het=  resseq=77 icode= >,1eao_A_A,1.4
208,25.62,THR, ,OG1,19.53,3.73,1.0,<Residue THR het=  resseq=77 icode= >,1eao_A_A,1.4
209,53.083,THR, ,CG2,18.83,2.83,1.0,<Residue THR het=  resseq=77 icode= >,1eao_A_A,1.4
210,0.646,HIS, ,N,11.84,5.97,1.0,<Residue HIS het=  resseq=78 icode= >,1eao_A_A,1.4
211,0.0,HIS, ,CA,11.42,4.07,1.0,<Residue HIS het=  resseq=78 icode= >,1eao_A_A,1.4
212,0.0,HIS, ,C,11.49,5.09,1.0,<Residue HIS het=  resseq=78 icode= >,1eao_A_A,1.4
213,3.091,HIS, ,O,12.14,7.52,1.0,<Residue HIS het=  resseq=78 icode= >,1eao_A_A,1.4
214,11.982,HIS, ,CB,12.16,3.57,1.0,<Residue HIS het=  resseq=78 icode= >,1eao_A_A,1.4
215,0.0,HIS, ,CG,13.41,4.11,1.0,<Residue HIS het=  resseq=78 icode= >,1eao_A_A,1.4
216,12.268,HIS, ,ND1,16.84,4.54,1.0,<Residue HIS het=  resseq=78 icode= >,1eao_A_A,1.4
217,0.0,HIS, ,CD2,12.88,4.46,1.0,<Residue HIS het=  resseq=78 icode= >,1eao_A_A,1.4
218,16.139,HIS, ,CE1,16.27,3.20,1.0,<Residue HIS het=  resseq=78 icode= >,1eao_A_A,1.4
219,0.0,HIS, ,NE2,13.74,5.20,1.0,<Residue HIS het=  resseq=78 icode= >,1eao_A_A,1.4
220,0.0,TRP, ,N,10.63,5.77,1.0,<Residue TRP het=  resseq=79 icode= >,1eao_A_A,1.4
221,0.0,TRP, ,CA,10.26,4.62,1.0,<Residue TRP het=  resseq=79 icode= >,1eao_A_A,1.4
222,0.0,TRP, ,C,10.37,5.26,1.0,<Residue TRP het=  resseq=79 icode= >,1eao_A_A,1.4
223,0.0,TRP, ,O,11.99,7.33,1.0,<Residue TRP het=  resseq=79 icode= >,1eao_A_A,1.4
224,0.0,TRP, ,CB,10.37,4.00,1.0,<Residue TRP het=  resseq=79 icode= >,1eao_A_A,1.4
225,0.0,TRP, ,CG,10.78,4.34,1.0,<Residue TRP het=  resseq=79 icode= >,1eao_A_A,1.4
226,0.569,TRP, ,CD1,10.81,4.32,1.0,<Residue TRP het=  resseq=79 icode= >,1eao_A_A,1.4
227,0.084,TRP, ,CD2,11.48,4.23,1.0,<Residue TRP het=  resseq=79 icode= >,1eao_A_A,1.4
228,0.0,TRP, ,NE1,12.76,5.01,1.0,<Residue TRP het=  resseq=79 icode= >,1eao_A_A,1.4
229,0.0,TRP, ,CE2,12.67,4.17,1.0,<Residue TRP het=  resseq=79 icode= >,1eao_A_A,1.4
230,0.842,TRP, ,CE3,12.63,4.02,1.0,<Residue TRP het=  resseq=79 icode= >,1eao_A_A,1.4
231,2.02,TRP, ,CZ2,13.04,4.14,1.0,<Residue TRP het=  resseq=79 icode= >,1eao_A_A,1.4
232,22.567,TRP, ,CZ3,13.36,3.77,1.0,<Residue TRP het=  resseq=79 icode= >,1eao_A_A,1.4
233,13.55,TRP, ,CH2,14.16,3.78,1.0,<Residue TRP het=  resseq=79 icode= >,1eao_A_A,1.4
234,0.104,ARG, ,N,10.88,5.58,1.0,<Residue ARG het=  resseq=80 icode= >,1eao_A_A,1.4
235,0.0,ARG, ,CA,11.24,3.68,1.0,<Residue ARG het=  resseq=80 icode= >,1eao_A_A,1.4
236,0.0,ARG, ,C,10.07,4.88,1.0,<Residue ARG het=  resseq=80 icode= >,1eao_A_A,1.4
237,0.438,ARG, ,O,10.73,8.24,1.0,<Residue ARG het=  resseq=80 icode= >,1eao_A_A,1.4
238,2.654,ARG, ,CB,11.71,4.01,1.0,<Residue ARG het=  resseq=80 icode= >,1eao_A_A,1.4
239,0.237,ARG, ,CG,13.77,3.80,1.0,<Residue ARG het=  resseq=80 icode= >,1eao_A_A,1.4
240,14.938,ARG, ,CD,16.74,3.49,1.0,<Residue ARG het=  resseq=80 icode= >,1eao_A_A,1.4
241,1.283,ARG, ,NE,18.58,3.48,1.0,<Residue ARG het=  resseq=80 icode= >,1eao_A_A,1.4
242,5.409,ARG, ,CZ,17.64,3.21,1.0,<Residue ARG het=  resseq=80 icode= >,1eao_A_A,1.4
243,50.696,ARG, ,NH1,15.96,4.65,1.0,<Residue ARG het=  resseq=80 icode= >,1eao_A_A,1.4
244,35.941,ARG, ,NH2,18.84,4.02,1.0,<Residue ARG het=  resseq=80 icode= >,1eao_A_A,1.4
245,0.0,SER, ,N,10.54,5.46,1.0,<Residue SER het=  resseq=81 icode= >,1eao_A_A,1.4
246,0.0,SER, ,CA,10.46,4.46,1.0,<Residue SER het=  resseq=81 icode= >,1eao_A_A,1.4
247,0.0,SER, ,C,11.06,4.75,1.0,<Residue SER het=  resseq=81 icode= >,1eao_A_A,1.4
248,10.966,SER, ,O,11.22,7.39,1.0,<Residue SER het=  resseq=81 icode= >,1eao_A_A,1.4
249,2.691,SER, ,CB,11.54,4.01,1.0,<Residue SER het=  resseq=81 icode= >,1eao_A_A,1.4
250,9.995,SER,x,OG,9.12,3.75,0.5,<Residue SER het=  resseq=81 icode= >,1eao_A_A,1.4
251,0.0,ASN, ,N,9.83,6.80,1.0,<Residue ASN het=  resseq=82 icode= >,1eao_A_A,1.4
252,0.0,ASN, ,CA,10.71,3.52,1.0,<Residue ASN het=  resseq=82 icode= >,1eao_A_A,1.4
253,1.807,ASN, ,C,11.2,4.51,1.0,<Residue ASN het=  resseq=82 icode= >,1eao_A_A,1.4
254,11.273,ASN, ,O,13.41,6.46,1.0,<Residue ASN het=  resseq=82 icode= >,1eao_A_A,1.4
255,14.313,ASN, ,CB,10.34,4.28,1.0,<Residue ASN het=  resseq=82 icode= >,1eao_A_A,1.4
256,0.338,ASN, ,CG,10.33,4.42,1.0,<Residue ASN het=  resseq=82 icode= >,1eao_A_A,1.4
257,0.288,ASN, ,OD1,11.23,6.70,1.0,<Residue ASN het=  resseq=82 icode= >,1eao_A_A,1.4
258,50.747,ASN, ,ND2,11.38,5.88,1.0,<Residue ASN het=  resseq=82 icode= >,1eao_A_A,1.4
259,0.0,LYS, ,N,11.84,5.69,1.0,<Residue LYS het=  resseq=83 icode= >,1eao_A_A,1.4
260,7.161,LYS, ,CA,11.59,4.67,1.0,<Residue LYS het=  resseq=83 icode= >,1eao_A_A,1.4
261,0.0,LYS, ,C,12.03,4.08,1.0,<Residue LYS het=  resseq=83 icode= >,1eao_A_A,1.4
262,0.208,LYS, ,O,12.21,6.62,1.0,<Residue LYS het=  resseq=83 icode= >,1eao_A_A,1.4
263,1.586,LYS, ,CB,12.23,4.02,1.0,<Residue LYS het=  resseq=83 icode= >,1eao_A_A,1.4
264,12.002,LYS, ,CG,13.71,3.65,1.0,<Residue LYS het=  resseq=83 icode= >,1eao_A_A,1.4
265,3.467,LYS, ,CD,15.85,3.46,1.0,<Residue LYS het=  resseq=83 icode= >,1eao_A_A,1.4
266,31.857,LYS, ,CE,17.89,2.93,1.0,<Residue LYS het=  resseq=83 icode= >,1eao_A_A,1.4
267,40.644,LYS, ,NZ,23.9,2.15,1.0,<Residue LYS het=  resseq=83 icode= >,1eao_A_A,1.4
268,1.926,THR, ,N,11.99,5.47,1.0,<Residue THR het=  resseq=84 icode= >,1eao_A_A,1.4
269,0.0,THR, ,CA,12.63,3.77,1.0,<Residue THR het=  resseq=84 icode= >,1eao_A_A,1.4
270,0.0,THR, ,C,12.62,4.59,1.0,<Residue THR het=  resseq=84 icode= >,1eao_A_A,1.4
271,3.608,THR, ,O,12.37,6.55,1.0,<Residue THR het=  resseq=84 icode= >,1eao_A_A,1.4
272,14.713,THR, ,CB,13.93,3.65,1.0,<Residue THR het=  resseq=84 icode= >,1eao_A_A,1.4
273,26.684,THR, ,OG1,17.34,4.70,1.0,<Residue THR het=  resseq=84 icode= >,1eao_A_A,1.4
274,40.145,THR, ,CG2,17.17,3.11,1.0,<Residue THR het=  resseq=84 icode= >,1eao_A_A,1.4
275,0.61,LEU, ,N,12.75,5.76,1.0,<Residue LEU het=  resseq=85 icode= >,1eao_A_A,1.4
276,0.0,LEU, ,CA,13.58,3.73,1.0,<Residue LEU het=  resseq=85 icode= >,1eao_A_A,1.4
277,0.121,LEU, ,C,14.55,4.31,1.0,<Residue LEU het=  resseq=85 icode= >,1eao_A_A,1.4
278,12.648,LEU, ,O,16.26,4.88,1.0,<Residue LEU het=  resseq=85 icode= >,1eao_A_A,1.4
279,3.283,LEU, ,CB,12.56,3.54,1.0,<Residue LEU het=  resseq=85 icode= >,1eao_A_A,1.4
280,0.0,LEU, ,CG,12.4,3.72,1.0,<Residue LEU het=  resseq=85 icode= >,1eao_A_A,1.4
281,0.765,LEU, ,CD1,14.56,3.87,1.0,<Residue LEU het=  resseq=85 icode= >,1eao_A_A,1.4
282,0.113,LEU, ,CD2,12.3,3.99,1.0,<Residue LEU het=  resseq=85 icode= >,1eao_A_A,1.4
283,0.0,PRO, ,N,14.59,4.83,1.0,<Residue PRO het=  resseq=86 icode= >,1eao_A_A,1.4
284,10.573,PRO, ,CA,15.49,3.30,1.0,<Residue PRO het=  resseq=86 icode= >,1eao_A_A,1.4
285,0.543,PRO, ,C,15.97,3.83,1.0,<Residue PRO het=  resseq=86 icode= >,1eao_A_A,1.4
286,30.346,PRO, ,O,18.66,5.03,1.0,<Residue PRO het=  resseq=86 icode= >,1eao_A_A,1.4
287,28.974,PRO, ,CB,15.72,4.07,1.0,<Residue PRO het=  resseq=86 icode= >,1eao_A_A,1.4
288,12.065,PRO, ,CG,15.16,3.53,1.0,<Residue PRO het=  resseq=86 icode= >,1eao_A_A,1.4
289,0.214,PRO, ,CD,14.51,3.50,1.0,<Residue PRO het=  resseq=86 icode= >,1eao_A_A,1.4
290,0.172,ILE, ,N,15.92,4.98,1.0,<Residue ILE het=  resseq=87 icode= >,1eao_A_A,1.4
291,4.108,ILE, ,CA,15.6,3.67,1.0,<Residue ILE het=  resseq=87 icode= >,1eao_A_A,1.4
292,0.0,ILE, ,C,14.24,4.24,1.0,<Residue ILE het=  resseq=87 icode= >,1eao_A_A,1.4
293,0.835,ILE, ,O,13.74,6.46,1.0,<Residue ILE het=  resseq=87 icode= >,1eao_A_A,1.4
294,0.587,ILE, ,CB,15.73,3.08,1.0,<Residue ILE het=  resseq=87 icode= >,1eao_A_A,1.4
295,14.844,ILE, ,CG1,16.07,3.00,1.0,<Residue ILE het=  resseq=87 icode= >,1eao_A_A,1.4
296,25.771,ILE, ,CG2,15.21,3.37,1.0,<Residue ILE het=  resseq=87 icode= >,1eao_A_A,1.4
297,45.497,ILE, ,CD1,17.78,2.78,1.0,<Residue ILE het=  resseq=87 icode= >,1eao_A_A,1.4
298,8.106,ALA, ,N,15.36,5.06,1.0,<Residue ALA het=  resseq=88 icode= >,1eao_A_A,1.4
299,5.683,ALA, ,CA,15.03,3.78,1.0,<Residue ALA het=  resseq=88 icode= >,1eao_A_A,1.4
300,0.0,ALA, ,C,14.19,4.48,1.0,<Residue ALA het=  resseq=88 icode= >,1eao_A_A,1.4
301,1.707,ALA, ,O,15.71,5.70,1.0,<Residue ALA het=  resseq=88 icode= >,1eao_A_A,1.4
302,13.876,ALA, ,CB,16.35,2.83,1.0,<Residue ALA het=  resseq=88 icode= >,1eao_A_A,1.4
303,0.0,PHE, ,N,13.42,5.20,1.0,<Residue PHE het=  resseq=89 icode= >,1eao_A_A,1.4
304,0.093,PHE, ,CA,12.67,4.22,1.0,<Residue PHE het=  resseq=89 icode= >,1eao_A_A,1.4
305,0.0,PHE, ,C,12.98,3.75,1.0,<Residue PHE het=  resseq=89 icode= >,1eao_A_A,1.4
306,0.0,PHE, ,O,14.41,6.00,1.0,<Residue PHE het=  resseq=89 icode= >,1eao_A_A,1.4
307,0.0,PHE, ,CB,12.37,4.59,1.0,<Residue PHE het=  resseq=89 icode= >,1eao_A_A,1.4
308,0.0,PHE, ,CG,10.81,4.78,1.0,<Residue PHE het=  resseq=89 icode= >,1eao_A_A,1.4
309,0.006,PHE, ,CD1,10.69,4.71,1.0,<Residue PHE het=  resseq=89 icode= >,1eao_A_A,1.4
310,0.0,PHE, ,CD2,12.11,4.75,1.0,<Residue PHE het=  resseq=89 icode= >,1eao_A_A,1.4
311,0.0,PHE, ,CE1,11.07,4.72,1.0,<Residue PHE het=  resseq=89 icode= >,1eao_A_A,1.4
312,0.0,PHE, ,CE2,11.81,4.23,1.0,<Residue PHE het=  resseq=89 icode= >,1eao_A_A,1.4
313,0.0,PHE, ,CZ,11.8,4.16,1.0,<Residue PHE het=  resseq=89 icode= >,1eao_A_A,1.4
314,0.0,LYS, ,N,12.78,5.32,1.0,<Residue LYS het=  resseq=90 icode= >,1eao_A_A,1.4
315,0.0,LYS, ,CA,13.99,4.43,1.0,<Residue LYS het=  resseq=90 icode= >,1eao_A_A,1.4
316,0.0,LYS, ,C,13.05,4.48,1.0,<Residue LYS het=  resseq=90 icode= >,1eao_A_A,1.4
317,0.0,LYS, ,O,13.68,6.41,1.0,<Residue LYS het=  resseq=90 icode= >,1eao_A_A,1.4
318,0.0,LYS, ,CB,16.2,3.51,1.0,<Residue LYS het=  resseq=90 icode= >,1eao_A_A,1.4
319,0.0,LYS, ,CG,18.85,2.75,1.0,<Residue LYS het=  resseq=90 icode= >,1eao_A_A,1.4
320,23.811,LYS, ,CD,23.95,2.03,1.0,<Residue LYS het=  resseq=90 icode= >,1eao_A_A,1.4
321,8.529,LYS, ,CE,29.78,0.91,1.0,<Residue LYS het=  resseq=90 icode= >,1eao_A_A,1.4
322,0.0,LYS, ,NZ,33.83,0.69,1.0,<Residue LYS het=  resseq=90 icode= >,1eao_A_A,1.4
323,0.0,VAL, ,N,13.22,6.01,1.0,<Residue VAL het=  resseq=91 icode= >,1eao_A_A,1.4
324,0.0,VAL, ,CA,13.1,4.34,1.0,<Residue VAL het=  resseq=91 icode= >,1eao_A_A,1.4
325,0.0,VAL, ,C,13.84,4.34,1.0,<Residue VAL het=  resseq=91 icode= >,1eao_A_A,1.4
326,0.0,VAL, ,O,14.95,6.01,1.0,<Residue VAL het=  resseq=91 icode= >,1eao_A_A,1.4
327,0.0,VAL, ,CB,13.77,3.34,1.0,<Residue VAL het=  resseq=91 icode= >,1eao_A_A,1.4
328,0.0,VAL, ,CG1,14.85,3.75,1.0,<Residue VAL het=  resseq=91 icode= >,1eao_A_A,1.4
329,0.0,VAL, ,CG2,13.12,4.18,1.0,<Residue VAL het=  resseq=91 icode= >,1eao_A_A,1.4
330,0.0,VAL, ,N,14.09,5.22,1.0,<Residue VAL het=  resseq=92 icode= >,1eao_A_A,1.4
331,0.0,VAL, ,CA,16.0,3.67,1.0,<Residue VAL het=  resseq=92 icode= >,1eao_A_A,1.4
332,0.0,VAL, ,C,16.31,4.08,1.0,<Residue VAL het=  resseq=92 icode= >,1eao_A_A,1.4
333,0.0,VAL, ,O,15.7,5.78,1.0,<Residue VAL het=  resseq=92 icode= >,1eao_A_A,1.4
334,0.0,VAL, ,CB,16.81,3.84,1.0,<Residue VAL het=  resseq=92 icode= >,1eao_A_A,1.4
335,1.116,VAL, ,CG1,19.03,2.79,1.0,<Residue VAL het=  resseq=92 icode= >,1eao_A_A,1.4
336,0.0,VAL, ,CG2,18.94,3.14,1.0,<Residue VAL het=  resseq=92 icode= >,1eao_A_A,1.4
337,0.0,ALA, ,N,17.85,4.71,1.0,<Residue ALA het=  resseq=93 icode= >,1eao_A_A,1.4
338,0.0,ALA, ,CA,20.0,3.60,1.0,<Residue ALA het=  resseq=93 icode= >,1eao_A_A,1.4
339,0.0,ALA, ,C,22.42,3.47,1.0,<Residue ALA het=  resseq=93 icode= >,1eao_A_A,1.4
340,0.571,ALA, ,O,23.42,3.63,1.0,<Residue ALA het=  resseq=93 icode= >,1eao_A_A,1.4
341,0.0,ALA, ,CB,20.68,2.41,1.0,<Residue ALA het=  resseq=93 icode= >,1eao_A_A,1.4
342,0.0,LEU, ,N,24.67,2.52,1.0,<Residue LEU het=  resseq=94 icode= >,1eao_A_A,1.4
343,0.116,LEU, ,CA,26.53,1.85,1.0,<Residue LEU het=  resseq=94 icode= >,1eao_A_A,1.4
344,2.143,LEU, ,C,29.53,2.04,1.0,<Residue LEU het=  resseq=94 icode= >,1eao_A_A,1.4
345,20.931,LEU, ,O,31.39,1.59,1.0,<Residue LEU het=  resseq=94 icode= >,1eao_A_A,1.4
346,9.509,LEU, ,CB,25.89,2.69,1.0,<Residue LEU het=  resseq=94 icode= >,1eao_A_A,1.4
347,0.0,LEU, ,CG,26.19,2.43,1.0,<Residue LEU het=  resseq=94 icode= >,1eao_A_A,1.4
348,3.795,LEU, ,CD1,26.67,1.64,1.0,<Residue LEU het=  resseq=94 icode= >,1eao_A_A,1.4
349,0.0,LEU, ,CD2,27.43,1.99,1.0,<Residue LEU het=  resseq=94 icode= >,1eao_A_A,1.4
350,0.701,GLY, ,N,32.1,2.74,1.0,<Residue GLY het=  resseq=95 icode= >,1eao_A_A,1.4
351,28.964,GLY, ,CA,34.29,1.55,1.0,<Residue GLY het=  resseq=95 icode= >,1eao_A_A,1.4
352,2.081,GLY, ,C,35.8,2.24,1.0,<Residue GLY het=  resseq=95 icode= >,1eao_A_A,1.4
353,0.109,GLY, ,O,36.89,1.95,1.0,<Residue GLY het=  resseq=95 icode= >,1eao_A_A,1.4
354,8.031,ASP, ,N,37.32,1.82,1.0,<Residue ASP het=  resseq=96 icode= >,1eao_A_A,1.4
355,0.31,ASP, ,CA,38.0,1.42,1.0,<Residue ASP het=  resseq=96 icode= >,1eao_A_A,1.4
356,0.164,ASP, ,C,37.13,2.08,1.0,<Residue ASP het=  resseq=96 icode= >,1eao_A_A,1.4
357,17.541,ASP, ,O,38.0,1.85,1.0,<Residue ASP het=  resseq=96 icode= >,1eao_A_A,1.4
358,32.972,ASP, ,CB,38.99,0.67,1.0,<Residue ASP het=  resseq=96 icode= >,1eao_A_A,1.4
359,12.473,ASP, ,CG,41.64,0.96,1.0,<Residue ASP het=  resseq=96 icode= >,1eao_A_A,1.4
360,31.758,ASP, ,OD1,44.18,0.94,1.0,<Residue ASP het=  resseq=96 icode= >,1eao_A_A,1.4
361,42.609,ASP, ,OD2,44.41,0.84,1.0,<Residue ASP het=  resseq=96 icode= >,1eao_A_A,1.4
362,0.925,VAL, ,N,35.46,1.73,1.0,<Residue VAL het=  resseq=97 icode= >,1eao_A_A,1.4
363,0.0,VAL, ,CA,33.65,2.08,1.0,<Residue VAL het=  resseq=97 icode= >,1eao_A_A,1.4
364,1.885,VAL, ,C,32.57,3.36,1.0,<Residue VAL het=  resseq=97 icode= >,1eao_A_A,1.4
365,1.787,VAL, ,O,31.66,3.44,1.0,<Residue VAL het=  resseq=97 icode= >,1eao_A_A,1.4
366,0.0,VAL, ,CB,33.38,1.70,1.0,<Residue VAL het=  resseq=97 icode= >,1eao_A_A,1.4
367,0.0,VAL, ,CG1,32.92,1.68,1.0,<Residue VAL het=  resseq=97 icode= >,1eao_A_A,1.4
368,3.332,VAL, ,CG2,33.51,1.22,1.0,<Residue VAL het=  resseq=97 icode= >,1eao_A_A,1.4
369,0.495,PRO, ,N,31.94,2.89,1.0,<Residue PRO het=  resseq=98 icode= >,1eao_A_A,1.4
370,12.182,PRO, ,CA,32.04,1.77,1.0,<Residue PRO het=  resseq=98 icode= >,1eao_A_A,1.4
371,0.0,PRO, ,C,31.57,1.96,1.0,<Residue PRO het=  resseq=98 icode= >,1eao_A_A,1.4
372,0.0,PRO, ,O,30.81,2.95,1.0,<Residue PRO het=  resseq=98 icode= >,1eao_A_A,1.4
373,27.372,PRO, ,CB,32.25,1.55,1.0,<Residue PRO het=  resseq=98 icode= >,1eao_A_A,1.4
374,39.686,PRO, ,CG,32.54,1.70,1.0,<Residue PRO het=  resseq=98 icode= >,1eao_A_A,1.4
375,10.822,PRO, ,CD,32.13,1.98,1.0,<Residue PRO het=  resseq=98 icode= >,1eao_A_A,1.4
376,6.394,ASP, ,N,31.07,2.46,1.0,<Residue ASP het=  resseq=99 icode= >,1eao_A_A,1.4
377,0.039,ASP, ,CA,31.23,1.74,1.0,<Residue ASP het=  resseq=99 icode= >,1eao_A_A,1.4
378,1.024,ASP, ,C,30.6,2.57,1.0,<Residue ASP het=  resseq=99 icode= >,1eao_A_A,1.4
379,17.98,ASP, ,O,31.52,2.84,1.0,<Residue ASP het=  resseq=99 icode= >,1eao_A_A,1.4
380,29.378,ASP, ,CB,31.61,1.74,1.0,<Residue ASP het=  resseq=99 icode= >,1eao_A_A,1.4
381,6.78,ASP, ,CG,32.42,2.43,1.0,<Residue ASP het=  resseq=99 icode= >,1eao_A_A,1.4
382,5.215,ASP, ,OD1,32.86,2.35,1.0,<Residue ASP het=  resseq=99 icode= >,1eao_A_A,1.4
383,26.962,ASP, ,OD2,35.87,1.54,1.0,<Residue ASP het=  resseq=99 icode= >,1eao_A_A,1.4
384,1.824,GLY, ,N,29.02,2.82,1.0,<Residue GLY het=  resseq=100 icode= >,1eao_A_A,1.4
385,28.393,GLY, ,CA,27.99,2.79,1.0,<Residue GLY het=  resseq=100 icode= >,1eao_A_A,1.4
386,4.112,GLY, ,C,26.9,2.84,1.0,<Residue GLY het=  resseq=100 icode= >,1eao_A_A,1.4
387,13.015,GLY, ,O,26.94,3.27,1.0,<Residue GLY het=  resseq=100 icode= >,1eao_A_A,1.4
388,0.793,THR, ,N,25.63,3.04,1.0,<Residue THR het=  resseq=101 icode= >,1eao_A_A,1.4
389,7.947,THR, ,CA,23.96,2.72,1.0,<Residue THR het=  resseq=101 icode= >,1eao_A_A,1.4
390,0.0,THR, ,C,23.29,3.46,1.0,<Residue THR het=  resseq=101 icode= >,1eao_A_A,1.4
391,0.0,THR, ,O,23.42,3.47,1.0,<Residue THR het=  resseq=101 icode= >,1eao_A_A,1.4
392,0.0,THR, ,CB,23.84,2.14,1.0,<Residue THR het=  resseq=101 icode= >,1eao_A_A,1.4
393,5.128,THR, ,OG1,24.84,3.11,1.0,<Residue THR het=  resseq=101 icode= >,1eao_A_A,1.4
394,0.059,THR, ,CG2,24.17,2.20,1.0,<Residue THR het=  resseq=101 icode= >,1eao_A_A,1.4
395,1.665,LEU, ,N,21.86,4.07,1.0,<Residue LEU het=  resseq=102 icode= >,1eao_A_A,1.4
396,0.0,LEU, ,CA,21.27,2.68,1.0,<Residue LEU het=  resseq=102 icode= >,1eao_A_A,1.4
397,0.0,LEU, ,C,20.5,2.84,1.0,<Residue LEU het=  resseq=102 icode= >,1eao_A_A,1.4
398,0.0,LEU, ,O,21.42,4.17,1.0,<Residue LEU het=  resseq=102 icode= >,1eao_A_A,1.4
399,1.048,LEU, ,CB,22.31,1.91,1.0,<Residue LEU het=  resseq=102 icode= >,1eao_A_A,1.4
400,6.645,LEU, ,CG,24.39,2.37,1.0,<Residue LEU het=  resseq=102 icode= >,1eao_A_A,1.4
401,55.821,LEU, ,CD1,25.59,1.45,1.0,<Residue LEU het=  resseq=102 icode= >,1eao_A_A,1.4
402,18.892,LEU, ,CD2,25.41,1.80,1.0,<Residue LEU het=  resseq=102 icode= >,1eao_A_A,1.4
403,0.0,VAL, ,N,17.95,4.02,1.0,<Residue VAL het=  resseq=103 icode= >,1eao_A_A,1.4
404,0.0,VAL, ,CA,16.58,3.31,1.0,<Residue VAL het=  resseq=103 icode= >,1eao_A_A,1.4
405,0.0,VAL, ,C,15.74,4.25,1.0,<Residue VAL het=  resseq=103 icode= >,1eao_A_A,1.4
406,0.0,VAL, ,O,16.12,5.92,1.0,<Residue VAL het=  resseq=103 icode= >,1eao_A_A,1.4
407,0.0,VAL, ,CB,15.9,3.18,1.0,<Residue VAL het=  resseq=103 icode= >,1eao_A_A,1.4
408,0.0,VAL, ,CG1,15.95,3.72,1.0,<Residue VAL het=  resseq=103 icode= >,1eao_A_A,1.4
409,0.0,VAL, ,CG2,16.66,3.02,1.0,<Residue VAL het=  resseq=103 icode= >,1eao_A_A,1.4
410,0.0,THR, ,N,14.38,5.42,1.0,<Residue THR het=  resseq=104 icode= >,1eao_A_A,1.4
411,0.0,THR, ,CA,15.39,3.67,1.0,<Residue THR het=  resseq=104 icode= >,1eao_A_A,1.4
412,0.012,THR, ,C,15.08,3.85,1.0,<Residue THR het=  resseq=104 icode= >,1eao_A_A,1.4
413,1.583,THR, ,O,17.4,4.36,1.0,<Residue THR het=  resseq=104 icode= >,1eao_A_A,1.4
414,0.769,THR, ,CB,17.29,3.63,1.0,<Residue THR het=  resseq=104 icode= >,1eao_A_A,1.4
415,6.789,THR, ,OG1,18.33,4.70,1.0,<Residue THR het=  resseq=104 icode= >,1eao_A_A,1.4
416,36.551,THR, ,CG2,19.17,2.85,1.0,<Residue THR het=  resseq=104 icode= >,1eao_A_A,1.4
417,0.0,VAL, ,N,13.15,5.59,1.0,<Residue VAL het=  resseq=105 icode= >,1eao_A_A,1.4
418,0.0,VAL, ,CA,12.77,4.22,1.0,<Residue VAL het=  resseq=105 icode= >,1eao_A_A,1.4
419,0.213,VAL, ,C,12.39,4.74,1.0,<Residue VAL het=  resseq=105 icode= >,1eao_A_A,1.4
420,3.614,VAL, ,O,13.33,6.64,1.0,<Residue VAL het=  resseq=105 icode= >,1eao_A_A,1.4
421,0.0,VAL, ,CB,13.61,3.61,1.0,<Residue VAL het=  resseq=105 icode= >,1eao_A_A,1.4
422,0.0,VAL, ,CG1,14.93,3.82,1.0,<Residue VAL het=  resseq=105 icode= >,1eao_A_A,1.4
423,0.0,VAL, ,CG2,13.98,4.03,1.0,<Residue VAL het=  resseq=105 icode= >,1eao_A_A,1.4
424,0.0,MET, ,N,11.64,5.71,1.0,<Residue MET het=  resseq=106 icode= >,1eao_A_A,1.4
425,0.757,MET, ,CA,13.5,3.52,1.0,<Residue MET het=  resseq=106 icode= >,1eao_A_A,1.4
426,0.116,MET, ,C,12.05,4.54,1.0,<Residue MET het=  resseq=106 icode= >,1eao_A_A,1.4
427,0.394,MET, ,O,13.95,6.07,1.0,<Residue MET het=  resseq=106 icode= >,1eao_A_A,1.4
428,10.386,MET, ,CB,17.0,3.38,1.0,<Residue MET het=  resseq=106 icode= >,1eao_A_A,1.4
429,4.811,MET, ,CG,19.11,2.60,1.0,<Residue MET het=  resseq=106 icode= >,1eao_A_A,1.4
430,32.624,MET, ,SD,30.34,4.10,1.0,<Residue MET het=  resseq=106 icode= >,1eao_A_A,1.4
431,39.959,MET, ,CE,28.04,2.20,1.0,<Residue MET het=  resseq=106 icode= >,1eao_A_A,1.4
432,0.0,ALA, ,N,11.91,5.58,1.0,<Residue ALA het=  resseq=107 icode= >,1eao_A_A,1.4
433,0.087,ALA, ,CA,12.49,3.87,1.0,<Residue ALA het=  resseq=107 icode= >,1eao_A_A,1.4
434,0.838,ALA, ,C,12.61,4.62,1.0,<Residue ALA het=  resseq=107 icode= >,1eao_A_A,1.4
435,0.0,ALA, ,O,14.76,5.13,1.0,<Residue ALA het=  resseq=107 icode= >,1eao_A_A,1.4
436,0.353,ALA, ,CB,12.64,4.04,1.0,<Residue ALA het=  resseq=107 icode= >,1eao_A_A,1.4
437,2.392,GLY, ,N,12.38,5.40,1.0,<Residue GLY het=  resseq=108 icode= >,1eao_A_A,1.4
438,4.191,GLY, ,CA,14.0,3.29,1.0,<Residue GLY het=  resseq=108 icode= >,1eao_A_A,1.4
439,4.608,GLY, ,C,14.15,4.04,1.0,<Residue GLY het=  resseq=108 icode= >,1eao_A_A,1.4
440,0.394,GLY, ,O,14.33,5.92,1.0,<Residue GLY het=  resseq=108 icode= >,1eao_A_A,1.4
441,0.94,ASN, ,N,15.68,4.40,1.0,<Residue ASN het=  resseq=109 icode= >,1eao_A_A,1.4
442,10.091,ASN, ,CA,17.47,3.44,1.0,<Residue ASN het=  resseq=109 icode= >,1eao_A_A,1.4
443,2.681,ASN, ,C,20.76,3.53,1.0,<Residue ASN het=  resseq=109 icode= >,1eao_A_A,1.4
444,6.864,ASN, ,O,21.4,4.60,1.0,<Residue ASN het=  resseq=109 icode= >,1eao_A_A,1.4
445,12.518,ASN, ,CB,17.2,3.39,1.0,<Residue ASN het=  resseq=109 icode= >,1eao_A_A,1.4
446,0.0,ASN, ,CG,16.61,4.20,1.0,<Residue ASN het=  resseq=109 icode= >,1eao_A_A,1.4
447,0.0,ASN, ,OD1,18.59,5.23,1.0,<Residue ASN het=  resseq=109 icode= >,1eao_A_A,1.4
448,0.794,ASN, ,ND2,16.68,4.83,1.0,<Residue ASN het=  resseq=109 icode= >,1eao_A_A,1.4
449,1.313,ASP, ,N,23.91,3.16,1.0,<Residue ASP het=  resseq=110 icode= >,1eao_A_A,1.4
450,7.109,ASP, ,CA,27.03,1.78,1.0,<Residue ASP het=  resseq=110 icode= >,1eao_A_A,1.4
451,1.767,ASP, ,C,27.55,2.37,1.0,<Residue ASP het=  resseq=110 icode= >,1eao_A_A,1.4
452,30.38,ASP, ,O,29.46,2.00,1.0,<Residue ASP het=  resseq=110 icode= >,1eao_A_A,1.4
453,22.491,ASP, ,CB,28.62,2.24,1.0,<Residue ASP het=  resseq=110 icode= >,1eao_A_A,1.4
454,14.168,ASP, ,CG,33.42,1.47,1.0,<Residue ASP het=  resseq=110 icode= >,1eao_A_A,1.4
455,30.635,ASP, ,OD1,39.69,0.40,1.0,<Residue ASP het=  resseq=110 icode= >,1eao_A_A,1.4
456,42.461,ASP, ,OD2,40.43,0.73,1.0,<Residue ASP het=  resseq=110 icode= >,1eao_A_A,1.4
457,0.0,GLU, ,N,27.31,3.09,1.0,<Residue GLU het=  resseq=111 icode= >,1eao_A_A,1.4
458,6.822,GLU, ,CA,27.68,2.00,1.0,<Residue GLU het=  resseq=111 icode= >,1eao_A_A,1.4
459,4.191,GLU, ,C,26.05,2.71,1.0,<Residue GLU het=  resseq=111 icode= >,1eao_A_A,1.4
460,27.032,GLU, ,O,27.56,3.19,1.0,<Residue GLU het=  resseq=111 icode= >,1eao_A_A,1.4
461,21.265,GLU, ,CB,28.91,1.29,1.0,<Residue GLU het=  resseq=111 icode= >,1eao_A_A,1.4
462,2.74,GLU, ,CG,30.47,1.82,1.0,<Residue GLU het=  resseq=111 icode= >,1eao_A_A,1.4
463,5.989,GLU, ,CD,33.33,1.92,1.0,<Residue GLU het=  resseq=111 icode= >,1eao_A_A,1.4
464,23.103,GLU, ,OE1,35.71,1.86,1.0,<Residue GLU het=  resseq=111 icode= >,1eao_A_A,1.4
465,27.157,GLU, ,OE2,32.46,2.84,1.0,<Residue GLU het=  resseq=111 icode= >,1eao_A_A,1.4
466,0.248,ASN, ,N,23.63,2.55,1.0,<Residue ASN het=  resseq=112 icode= >,1eao_A_A,1.4
467,4.236,ASN, ,CA,21.1,3.44,1.0,<Residue ASN het=  resseq=112 icode= >,1eao_A_A,1.4
468,0.0,ASN, ,C,19.72,3.14,1.0,<Residue ASN het=  resseq=112 icode= >,1eao_A_A,1.4
469,0.0,ASN, ,O,18.91,4.53,1.0,<Residue ASN het=  resseq=112 icode= >,1eao_A_A,1.4
470,6.687,ASN, ,CB,21.86,2.55,1.0,<Residue ASN het=  resseq=112 icode= >,1eao_A_A,1.4
471,4.899,ASN, ,CG,21.31,3.39,1.0,<Residue ASN het=  resseq=112 icode= >,1eao_A_A,1.4
472,7.371,ASN, ,OD1,25.28,3.69,1.0,<Residue ASN het=  resseq=112 icode= >,1eao_A_A,1.4
473,24.726,ASN, ,ND2,25.35,2.71,1.0,<Residue ASN het=  resseq=112 icode= >,1eao_A_A,1.4
474,3.843,TYR, ,N,18.36,4.04,1.0,<Residue TYR het=  resseq=113 icode= >,1eao_A_A,1.4
475,6.355,TYR, ,CA,17.73,3.25,1.0,<Residue TYR het=  resseq=113 icode= >,1eao_A_A,1.4
476,0.0,TYR, ,C,17.12,3.39,1.0,<Residue TYR het=  resseq=113 icode= >,1eao_A_A,1.4
477,16.666,TYR, ,O,17.73,5.39,1.0,<Residue TYR het=  resseq=113 icode= >,1eao_A_A,1.4
478,33.699,TYR, ,CB,18.6,2.78,1.0,<Residue TYR het=  resseq=113 icode= >,1eao_A_A,1.4
479,2.296,TYR, ,CG,19.66,2.82,1.0,<Residue TYR het=  resseq=113 icode= >,1eao_A_A,1.4
480,17.349,TYR, ,CD1,19.93,2.74,1.0,<Residue TYR het=  resseq=113 icode= >,1eao_A_A,1.4
481,17.91,TYR, ,CD2,23.74,2.28,1.0,<Residue TYR het=  resseq=113 icode= >,1eao_A_A,1.4
482,24.125,TYR, ,CE1,23.9,2.78,1.0,<Residue TYR het=  resseq=113 icode= >,1eao_A_A,1.4
483,29.998,TYR, ,CE2,24.5,2.62,1.0,<Residue TYR het=  resseq=113 icode= >,1eao_A_A,1.4
484,5.964,TYR, ,CZ,25.05,3.17,1.0,<Residue TYR het=  resseq=113 icode= >,1eao_A_A,1.4
485,43.559,TYR, ,OH,31.2,2.12,1.0,<Residue TYR het=  resseq=113 icode= >,1eao_A_A,1.4
486,0.0,SER, ,N,16.16,4.06,1.0,<Residue SER het=  resseq=114 icode= >,1eao_A_A,1.4
487,0.0,SER, ,CA,16.61,3.77,1.0,<Residue SER het=  resseq=114 icode= >,1eao_A_A,1.4
488,0.069,SER, ,C,16.3,3.71,1.0,<Residue SER het=  resseq=114 icode= >,1eao_A_A,1.4
489,18.037,SER, ,O,18.76,4.51,1.0,<Residue SER het=  resseq=114 icode= >,1eao_A_A,1.4
490,13.276,SER, ,CB,18.49,3.09,1.0,<Residue SER het=  resseq=114 icode= >,1eao_A_A,1.4
491,16.961,SER, ,OG,19.93,4.29,1.0,<Residue SER het=  resseq=114 icode= >,1eao_A_A,1.4
492,0.0,ALA, ,N,13.57,5.42,1.0,<Residue ALA het=  resseq=115 icode= >,1eao_A_A,1.4
493,1.817,ALA, ,CA,13.56,3.85,1.0,<Residue ALA het=  resseq=115 icode= >,1eao_A_A,1.4
494,0.488,ALA, ,C,12.88,4.22,1.0,<Residue ALA het=  resseq=115 icode= >,1eao_A_A,1.4
495,3.689,ALA, ,O,13.91,5.63,1.0,<Residue ALA het=  resseq=115 icode= >,1eao_A_A,1.4
496,0.424,ALA, ,CB,14.09,3.61,1.0,<Residue ALA het=  resseq=115 icode= >,1eao_A_A,1.4
497,4.203,GLU, ,N,12.73,5.43,1.0,<Residue GLU het=  resseq=116 icode= >,1eao_A_A,1.4
498,8.956,GLU, ,CA,12.79,4.01,1.0,<Residue GLU het=  resseq=116 icode= >,1eao_A_A,1.4
499,0.0,GLU, ,C,11.58,4.49,1.0,<Residue GLU het=  resseq=116 icode= >,1eao_A_A,1.4
500,0.183,GLU, ,O,12.14,7.37,1.0,<Residue GLU het=  resseq=116 icode= >,1eao_A_A,1.4
501,13.044,GLU, ,CB,13.46,3.54,1.0,<Residue GLU het=  resseq=116 icode= >,1eao_A_A,1.4
502,11.932,GLU, ,CG,15.66,3.36,1.0,<Residue GLU het=  resseq=116 icode= >,1eao_A_A,1.4
503,8.161,GLU, ,CD,16.32,4.27,1.0,<Residue GLU het=  resseq=116 icode= >,1eao_A_A,1.4
504,27.791,GLU, ,OE1,18.55,4.70,1.0,<Residue GLU het=  resseq=116 icode= >,1eao_A_A,1.4
505,26.446,GLU, ,OE2,18.89,4.88,1.0,<Residue GLU het=  resseq=116 icode= >,1eao_A_A,1.4
506,4.364,LEU, ,N,12.39,5.88,1.0,<Residue LEU het=  resseq=117 icode= >,1eao_A_A,1.4
507,0.0,LEU, ,CA,12.49,4.13,1.0,<Residue LEU het=  resseq=117 icode= >,1eao_A_A,1.4
508,0.221,LEU, ,C,13.02,4.26,1.0,<Residue LEU het=  resseq=117 icode= >,1eao_A_A,1.4
509,13.716,LEU, ,O,15.64,5.89,1.0,<Residue LEU het=  resseq=117 icode= >,1eao_A_A,1.4
510,3.777,LEU, ,CB,12.66,3.48,1.0,<Residue LEU het=  resseq=117 icode= >,1eao_A_A,1.4
511,1.054,LEU, ,CG,12.11,3.95,1.0,<Residue LEU het=  resseq=117 icode= >,1eao_A_A,1.4
512,3.298,LEU, ,CD1,13.1,4.21,1.0,<Residue LEU het=  resseq=117 icode= >,1eao_A_A,1.4
513,0.768,LEU, ,CD2,13.16,3.77,1.0,<Residue LEU het=  resseq=117 icode= >,1eao_A_A,1.4
514,0.0,ARG, ,N,12.78,5.55,1.0,<Residue ARG het=  resseq=118 icode= >,1eao_A_A,1.4
515,1.5,ARG, ,CA,13.36,3.95,1.0,<Residue ARG het=  resseq=118 icode= >,1eao_A_A,1.4
516,0.0,ARG, ,C,13.8,4.00,1.0,<Residue ARG het=  resseq=118 icode= >,1eao_A_A,1.4
517,0.0,ARG, ,O,12.95,5.96,1.0,<Residue ARG het=  resseq=118 icode= >,1eao_A_A,1.4
518,0.0,ARG, ,CB,14.41,3.46,1.0,<Residue ARG het=  resseq=118 icode= >,1eao_A_A,1.4
519,1.891,ARG, ,CG,16.94,2.89,1.0,<Residue ARG het=  resseq=118 icode= >,1eao_A_A,1.4
520,7.189,ARG, ,CD,18.91,2.67,1.0,<Residue ARG het=  resseq=118 icode= >,1eao_A_A,1.4
521,12.658,ARG, ,NE,18.63,3.50,1.0,<Residue ARG het=  resseq=118 icode= >,1eao_A_A,1.4
522,9.009,ARG, ,CZ,19.71,3.43,1.0,<Residue ARG het=  resseq=118 icode= >,1eao_A_A,1.4
523,40.358,ARG, ,NH1,20.18,3.72,1.0,<Residue ARG het=  resseq=118 icode= >,1eao_A_A,1.4
524,59.394,ARG, ,NH2,22.51,3.29,1.0,<Residue ARG het=  resseq=118 icode= >,1eao_A_A,1.4
525,7.547,ASN, ,N,13.82,4.78,1.0,<Residue ASN het=  resseq=119 icode= >,1eao_A_A,1.4
526,10.158,ASN, ,CA,14.62,3.35,1.0,<Residue ASN het=  resseq=119 icode= >,1eao_A_A,1.4
527,0.0,ASN, ,C,13.51,4.78,1.0,<Residue ASN het=  resseq=119 icode= >,1eao_A_A,1.4
528,0.768,ASN, ,O,13.97,5.92,1.0,<Residue ASN het=  resseq=119 icode= >,1eao_A_A,1.4
529,9.415,ASN, ,CB,15.06,3.27,1.0,<Residue ASN het=  resseq=119 icode= >,1eao_A_A,1.4
530,3.142,ASN, ,CG,16.36,3.37,1.0,<Residue ASN het=  resseq=119 icode= >,1eao_A_A,1.4
531,4.798,ASN, ,OD1,18.68,4.52,1.0,<Residue ASN het=  resseq=119 icode= >,1eao_A_A,1.4
532,41.812,ASN, ,ND2,17.82,4.89,1.0,<Residue ASN het=  resseq=119 icode= >,1eao_A_A,1.4
533,5.564,ALA, ,N,13.53,5.26,1.0,<Residue ALA het=  resseq=120 icode= >,1eao_A_A,1.4
534,0.0,ALA, ,CA,13.04,3.89,1.0,<Residue ALA het=  resseq=120 icode= >,1eao_A_A,1.4
535,0.163,ALA, ,C,14.63,4.22,1.0,<Residue ALA het=  resseq=120 icode= >,1eao_A_A,1.4
536,0.0,ALA, ,O,14.7,6.17,1.0,<Residue ALA het=  resseq=120 icode= >,1eao_A_A,1.4
537,15.377,ALA, ,CB,14.55,3.87,1.0,<Residue ALA het=  resseq=120 icode= >,1eao_A_A,1.4
538,1.382,THR, ,N,14.35,4.78,1.0,<Residue THR het=  resseq=121 icode= >,1eao_A_A,1.4
539,0.0,THR, ,CA,15.49,3.66,1.0,<Residue THR het=  resseq=121 icode= >,1eao_A_A,1.4
540,0.169,THR, ,C,16.67,3.87,1.0,<Residue THR het=  resseq=121 icode= >,1eao_A_A,1.4
541,20.469,THR, ,O,17.03,5.16,1.0,<Residue THR het=  resseq=121 icode= >,1eao_A_A,1.4
542,16.544,THR, ,CB,16.82,3.21,1.0,<Residue THR het=  resseq=121 icode= >,1eao_A_A,1.4
543,13.015,THR, ,OG1,18.7,4.99,1.0,<Residue THR het=  resseq=121 icode= >,1eao_A_A,1.4
544,16.673,THR, ,CG2,17.67,3.18,1.0,<Residue THR het=  resseq=121 icode= >,1eao_A_A,1.4
545,0.0,ALA, ,N,17.01,4.64,1.0,<Residue ALA het=  resseq=122 icode= >,1eao_A_A,1.4
546,9.495,ALA, ,CA,18.53,3.56,1.0,<Residue ALA het=  resseq=122 icode= >,1eao_A_A,1.4
547,0.392,ALA, ,C,19.27,3.86,1.0,<Residue ALA het=  resseq=122 icode= >,1eao_A_A,1.4
548,0.0,ALA, ,O,19.73,4.78,1.0,<Residue ALA het=  resseq=122 icode= >,1eao_A_A,1.4
549,0.633,ALA, ,CB,19.55,2.62,1.0,<Residue ALA het=  resseq=122 icode= >,1eao_A_A,1.4
550,6.025,ALA, ,N,20.94,3.19,1.0,<Residue ALA het=  resseq=123 icode= >,1eao_A_A,1.4
551,0.0,ALA, ,CA,21.27,2.25,1.0,<Residue ALA het=  resseq=123 icode= >,1eao_A_A,1.4
552,0.0,ALA, ,C,21.12,3.74,1.0,<Residue ALA het=  resseq=123 icode= >,1eao_A_A,1.4
553,8.747,ALA, ,O,22.25,3.96,1.0,<Residue ALA het=  resseq=123 icode= >,1eao_A_A,1.4
554,35.615,ALA, ,CB,21.73,2.02,1.0,<Residue ALA het=  resseq=123 icode= >,1eao_A_A,1.4
555,0.0,MET, ,N,21.36,3.68,1.0,<Residue MET het=  resseq=124 icode= >,1eao_A_A,1.4
556,0.0,MET, ,CA,22.36,2.87,1.0,<Residue MET het=  resseq=124 icode= >,1eao_A_A,1.4
557,0.124,MET, ,C,23.69,3.17,1.0,<Residue MET het=  resseq=124 icode= >,1eao_A_A,1.4
558,2.734,MET, ,O,25.59,3.45,1.0,<Residue MET het=  resseq=124 icode= >,1eao_A_A,1.4
559,0.077,MET, ,CB,22.4,2.34,1.0,<Residue MET het=  resseq=124 icode= >,1eao_A_A,1.4
560,0.0,MET, ,CG,21.64,2.72,1.0,<Residue MET het=  resseq=124 icode= >,1eao_A_A,1.4
561,0.0,MET, ,SD,21.44,8.27,1.0,<Residue MET het=  resseq=124 icode= >,1eao_A_A,1.4
562,0.0,MET, ,CE,19.02,2.45,1.0,<Residue MET het=  resseq=124 icode= >,1eao_A_A,1.4
563,0.0,LYS, ,N,24.92,3.20,1.0,<Residue LYS het=  resseq=125 icode= >,1eao_A_A,1.4
564,0.0,LYS, ,CA,26.85,1.68,1.0,<Residue LYS het=  resseq=125 icode= >,1eao_A_A,1.4
565,0.0,LYS, ,C,27.06,2.71,1.0,<Residue LYS het=  resseq=125 icode= >,1eao_A_A,1.4
566,3.808,LYS, ,O,26.15,3.40,1.0,<Residue LYS het=  resseq=125 icode= >,1eao_A_A,1.4
567,18.26,LYS, ,CB,28.17,1.44,1.0,<Residue LYS het=  resseq=125 icode= >,1eao_A_A,1.4
568,6.195,LYS, ,CG,30.68,1.33,1.0,<Residue LYS het=  resseq=125 icode= >,1eao_A_A,1.4
569,28.398,LYS, ,CD,34.2,1.60,1.0,<Residue LYS het=  resseq=125 icode= >,1eao_A_A,1.4
570,37.729,LYS, ,CE,36.96,0.66,1.0,<Residue LYS het=  resseq=125 icode= >,1eao_A_A,1.4
571,48.362,LYS, ,NZ,38.39,0.53,1.0,<Residue LYS het=  resseq=125 icode= >,1eao_A_A,1.4
572,0.0,ASN, ,N,27.08,2.67,1.0,<Residue ASN het=  resseq=126 icode= >,1eao_A_A,1.4
573,6.544,ASN, ,CA,27.43,2.93,1.0,<Residue ASN het=  resseq=126 icode= >,1eao_A_A,1.4
574,0.14,ASN, ,C,26.39,3.38,1.0,<Residue ASN het=  resseq=126 icode= >,1eao_A_A,1.4
575,9.847,ASN, ,O,25.61,3.59,1.0,<Residue ASN het=  resseq=126 icode= >,1eao_A_A,1.4
576,22.963,ASN, ,CB,28.53,1.68,1.0,<Residue ASN het=  resseq=126 icode= >,1eao_A_A,1.4
577,5.538,ASN, ,CG,31.54,1.87,1.0,<Residue ASN het=  resseq=126 icode= >,1eao_A_A,1.4
578,24.903,ASN, ,OD1,35.44,2.14,1.0,<Residue ASN het=  resseq=126 icode= >,1eao_A_A,1.4
579,40.89,ASN, ,ND2,35.27,1.56,1.0,<Residue ASN het=  resseq=126 icode= >,1eao_A_A,1.4
580,0.134,GLN, ,N,25.58,3.16,1.0,<Residue GLN het=  resseq=127 icode= >,1eao_A_A,1.4
581,0.0,GLN, ,CA,25.12,2.29,1.0,<Residue GLN het=  resseq=127 icode= >,1eao_A_A,1.4
582,0.0,GLN, ,C,23.29,3.31,1.0,<Residue GLN het=  resseq=127 icode= >,1eao_A_A,1.4
583,0.0,GLN, ,O,21.91,4.33,1.0,<Residue GLN het=  resseq=127 icode= >,1eao_A_A,1.4
584,3.432,GLN, ,CB,26.53,1.98,1.0,<Residue GLN het=  resseq=127 icode= >,1eao_A_A,1.4
585,25.791,GLN, ,CG,30.8,1.58,1.0,<Residue GLN het=  resseq=127 icode= >,1eao_A_A,1.4
586,3.667,GLN, ,CD,35.41,2.04,1.0,<Residue GLN het=  resseq=127 icode= >,1eao_A_A,1.4
587,3.036,GLN, ,OE1,40.22,0.82,1.0,<Residue GLN het=  resseq=127 icode= >,1eao_A_A,1.4
588,15.461,GLN, ,NE2,38.27,1.23,1.0,<Residue GLN het=  resseq=127 icode= >,1eao_A_A,1.4
589,0.0,VAL, ,N,21.8,3.62,1.0,<Residue VAL het=  resseq=128 icode= >,1eao_A_A,1.4
590,0.0,VAL, ,CA,21.15,3.18,1.0,<Residue VAL het=  resseq=128 icode= >,1eao_A_A,1.4
591,0.0,VAL, ,C,19.92,3.12,1.0,<Residue VAL het=  resseq=128 icode= >,1eao_A_A,1.4
592,3.816,VAL, ,O,20.31,4.18,1.0,<Residue VAL het=  resseq=128 icode= >,1eao_A_A,1.4
593,5.301,VAL, ,CB,22.32,2.57,1.0,<Residue VAL het=  resseq=128 icode= >,1eao_A_A,1.4
594,8.288,VAL, ,CG1,22.75,2.62,1.0,<Residue VAL het=  resseq=128 icode= >,1eao_A_A,1.4
595,14.264,VAL, ,CG2,24.01,2.32,1.0,<Residue VAL het=  resseq=128 icode= >,1eao_A_A,1.4
596,0.0,ALA, ,N,18.75,3.92,1.0,<Residue ALA het=  resseq=129 icode= >,1eao_A_A,1.4
597,0.0,ALA, ,CA,18.13,2.91,1.0,<Residue ALA het=  resseq=129 icode= >,1eao_A_A,1.4
598,0.0,ALA, ,C,17.48,3.85,1.0,<Residue ALA het=  resseq=129 icode= >,1eao_A_A,1.4
599,0.0,ALA, ,O,17.1,5.55,1.0,<Residue ALA het=  resseq=129 icode= >,1eao_A_A,1.4
600,0.0,ALA, ,CB,17.35,2.81,1.0,<Residue ALA het=  resseq=129 icode= >,1eao_A_A,1.4
601,2.475,ARG, ,N,17.73,4.25,1.0,<Residue ARG het=  resseq=130 icode= >,1eao_A_A,1.4
602,0.0,ARG, ,CA,17.53,2.93,1.0,<Residue ARG het=  resseq=130 icode= >,1eao_A_A,1.4
603,0.0,ARG, ,C,17.15,3.51,1.0,<Residue ARG het=  resseq=130 icode= >,1eao_A_A,1.4
604,15.08,ARG, ,O,18.47,4.81,1.0,<Residue ARG het=  resseq=130 icode= >,1eao_A_A,1.4
605,15.199,ARG, ,CB,18.78,2.91,1.0,<Residue ARG het=  resseq=130 icode= >,1eao_A_A,1.4
606,0.151,ARG, ,CG,21.94,1.95,1.0,<Residue ARG het=  resseq=130 icode= >,1eao_A_A,1.4
607,29.641,ARG, ,CD,25.27,1.89,1.0,<Residue ARG het=  resseq=130 icode= >,1eao_A_A,1.4
608,13.753,ARG, ,NE,28.75,2.49,1.0,<Residue ARG het=  resseq=130 icode= >,1eao_A_A,1.4
609,4.473,ARG, ,CZ,30.96,2.44,1.0,<Residue ARG het=  resseq=130 icode= >,1eao_A_A,1.4
610,15.144,ARG, ,NH1,32.38,2.04,1.0,<Residue ARG het=  resseq=130 icode= >,1eao_A_A,1.4
611,38.094,ARG, ,NH2,33.25,2.08,1.0,<Residue ARG het=  resseq=130 icode= >,1eao_A_A,1.4
612,0.0,PHE, ,N,15.19,4.58,1.0,<Residue PHE het=  resseq=131 icode= >,1eao_A_A,1.4
613,0.973,PHE, ,CA,15.32,3.60,1.0,<Residue PHE het=  resseq=131 icode= >,1eao_A_A,1.4
614,0.0,PHE, ,C,16.48,4.14,1.0,<Residue PHE het=  resseq=131 icode= >,1eao_A_A,1.4
615,0.177,PHE, ,O,17.49,5.02,1.0,<Residue PHE het=  resseq=131 icode= >,1eao_A_A,1.4
616,0.0,PHE, ,CB,14.79,3.73,1.0,<Residue PHE het=  resseq=131 icode= >,1eao_A_A,1.4
617,0.0,PHE, ,CG,14.63,3.89,1.0,<Residue PHE het=  resseq=131 icode= >,1eao_A_A,1.4
618,0.0,PHE, ,CD1,14.87,4.03,1.0,<Residue PHE het=  resseq=131 icode= >,1eao_A_A,1.4
619,0.0,PHE, ,CD2,15.35,3.60,1.0,<Residue PHE het=  resseq=131 icode= >,1eao_A_A,1.4
620,0.0,PHE, ,CE1,16.71,3.33,1.0,<Residue PHE het=  resseq=131 icode= >,1eao_A_A,1.4
621,0.0,PHE, ,CE2,15.42,3.18,1.0,<Residue PHE het=  resseq=131 icode= >,1eao_A_A,1.4
622,0.0,PHE, ,CZ,16.52,3.30,1.0,<Residue PHE het=  resseq=131 icode= >,1eao_A_A,1.4
623,6.531,ASN, ,N,18.48,4.43,1.0,<Residue ASN het=  resseq=132 icode= >,1eao_A_A,1.4
624,0.0,ASN, ,CA,20.62,2.36,1.0,<Residue ASN het=  resseq=132 icode= >,1eao_A_A,1.4
625,0.094,ASN, ,C,19.5,3.24,1.0,<Residue ASN het=  resseq=132 icode= >,1eao_A_A,1.4
626,14.433,ASN, ,O,21.45,3.65,1.0,<Residue ASN het=  resseq=132 icode= >,1eao_A_A,1.4
627,27.95,ASN, ,CB,22.35,1.60,1.0,<Residue ASN het=  resseq=132 icode= >,1eao_A_A,1.4
628,5.556,ASN, ,CG,27.74,1.64,1.0,<Residue ASN het=  resseq=132 icode= >,1eao_A_A,1.4
629,21.869,ASN, ,OD1,32.98,1.70,1.0,<Residue ASN het=  resseq=132 icode= >,1eao_A_A,1.4
630,43.43,ASN, ,ND2,31.08,1.73,1.0,<Residue ASN het=  resseq=132 icode= >,1eao_A_A,1.4
631,0.326,ASP, ,N,16.72,4.60,1.0,<Residue ASP het=  resseq=133 icode= >,1eao_A_A,1.4
632,4.868,ASP, ,CA,15.32,3.28,1.0,<Residue ASP het=  resseq=133 icode= >,1eao_A_A,1.4
633,0.0,ASP, ,C,13.62,4.70,1.0,<Residue ASP het=  resseq=133 icode= >,1eao_A_A,1.4
634,0.0,ASP, ,O,14.11,6.15,1.0,<Residue ASP het=  resseq=133 icode= >,1eao_A_A,1.4
635,9.054,ASP, ,CB,16.46,2.80,1.0,<Residue ASP het=  resseq=133 icode= >,1eao_A_A,1.4
636,7.364,ASP, ,CG,18.63,3.84,1.0,<Residue ASP het=  resseq=133 icode= >,1eao_A_A,1.4
637,0.816,ASP, ,OD1,19.97,4.83,1.0,<Residue ASP het=  resseq=133 icode= >,1eao_A_A,1.4
638,16.647,ASP, ,OD2,23.45,3.86,1.0,<Residue ASP het=  resseq=133 icode= >,1eao_A_A,1.4
639,1.583,LEU, ,N,13.39,4.93,1.0,<Residue LEU het=  resseq=134 icode= >,1eao_A_A,1.4
640,0.0,LEU, ,CA,11.9,3.72,1.0,<Residue LEU het=  resseq=134 icode= >,1eao_A_A,1.4
641,0.0,LEU, ,C,11.02,4.63,1.0,<Residue LEU het=  resseq=134 icode= >,1eao_A_A,1.4
642,0.383,LEU, ,O,12.0,6.62,1.0,<Residue LEU het=  resseq=134 icode= >,1eao_A_A,1.4
643,0.0,LEU, ,CB,12.52,3.60,1.0,<Residue LEU het=  resseq=134 icode= >,1eao_A_A,1.4
644,0.0,LEU, ,CG,11.42,4.17,1.0,<Residue LEU het=  resseq=134 icode= >,1eao_A_A,1.4
645,0.0,LEU, ,CD1,12.2,3.72,1.0,<Residue LEU het=  resseq=134 icode= >,1eao_A_A,1.4
646,0.0,LEU, ,CD2,12.42,4.58,1.0,<Residue LEU het=  resseq=134 icode= >,1eao_A_A,1.4
647,0.0,ARG, ,N,11.4,5.76,1.0,<Residue ARG het=  resseq=135 icode= >,1eao_A_A,1.4
648,0.0,ARG, ,CA,11.52,4.32,1.0,<Residue ARG het=  resseq=135 icode= >,1eao_A_A,1.4
649,0.0,ARG, ,C,10.89,4.55,1.0,<Residue ARG het=  resseq=135 icode= >,1eao_A_A,1.4
650,0.0,ARG, ,O,12.01,6.91,1.0,<Residue ARG het=  resseq=135 icode= >,1eao_A_A,1.4
651,0.0,ARG, ,CB,12.29,4.32,1.0,<Residue ARG het=  resseq=135 icode= >,1eao_A_A,1.4
652,0.0,ARG, ,CG,13.67,3.18,1.0,<Residue ARG het=  resseq=135 icode= >,1eao_A_A,1.4
653,2.872,ARG, ,CD,14.68,3.66,1.0,<Residue ARG het=  resseq=135 icode= >,1eao_A_A,1.4
654,1.564,ARG, ,NE,15.49,4.45,1.0,<Residue ARG het=  resseq=135 icode= >,1eao_A_A,1.4
655,4.727,ARG, ,CZ,14.03,4.42,1.0,<Residue ARG het=  resseq=135 icode= >,1eao_A_A,1.4
656,14.921,ARG, ,NH1,16.87,3.94,1.0,<Residue ARG het=  resseq=135 icode= >,1eao_A_A,1.4
657,23.904,ARG, ,NH2,14.37,4.86,1.0,<Residue ARG het=  resseq=135 icode= >,1eao_A_A,1.4
658,0.969,PHE, ,N,10.35,5.98,1.0,<Residue PHE het=  resseq=136 icode= >,1eao_A_A,1.4
659,0.004,PHE, ,CA,10.4,4.78,1.0,<Residue PHE het=  resseq=136 icode= >,1eao_A_A,1.4
660,0.0,PHE, ,C,10.48,4.28,1.0,<Residue PHE het=  resseq=136 icode= >,1eao_A_A,1.4
661,0.005,PHE, ,O,11.38,6.89,1.0,<Residue PHE het=  resseq=136 icode= >,1eao_A_A,1.4
662,0.546,PHE, ,CB,10.37,4.62,1.0,<Residue PHE het=  resseq=136 icode= >,1eao_A_A,1.4
663,0.0,PHE, ,CG,10.54,4.86,1.0,<Residue PHE het=  resseq=136 icode= >,1eao_A_A,1.4
664,0.0,PHE, ,CD1,10.99,4.34,1.0,<Residue PHE het=  resseq=136 icode= >,1eao_A_A,1.4
665,0.4,PHE, ,CD2,11.47,4.49,1.0,<Residue PHE het=  resseq=136 icode= >,1eao_A_A,1.4
666,0.0,PHE, ,CE1,11.57,4.60,1.0,<Residue PHE het=  resseq=136 icode= >,1eao_A_A,1.4
667,0.0,PHE, ,CE2,12.55,3.94,1.0,<Residue PHE het=  resseq=136 icode= >,1eao_A_A,1.4
668,0.0,PHE, ,CZ,11.9,4.71,1.0,<Residue PHE het=  resseq=136 icode= >,1eao_A_A,1.4
669,0.0,VAL, ,N,11.26,5.65,1.0,<Residue VAL het=  resseq=137 icode= >,1eao_A_A,1.4
670,0.0,VAL, ,CA,11.91,3.64,1.0,<Residue VAL het=  resseq=137 icode= >,1eao_A_A,1.4
671,0.0,VAL, ,C,11.79,4.33,1.0,<Residue VAL het=  resseq=137 icode= >,1eao_A_A,1.4
672,2.654,VAL, ,O,13.56,6.61,1.0,<Residue VAL het=  resseq=137 icode= >,1eao_A_A,1.4
673,0.0,VAL, ,CB,13.07,3.66,1.0,<Residue VAL het=  resseq=137 icode= >,1eao_A_A,1.4
674,28.272,VAL, ,CG1,15.4,2.99,1.0,<Residue VAL het=  resseq=137 icode= >,1eao_A_A,1.4
675,2.799,VAL, ,CG2,13.43,4.38,1.0,<Residue VAL het=  resseq=137 icode= >,1eao_A_A,1.4
676,0.0,GLY, ,N,11.99,5.17,1.0,<Residue GLY het=  resseq=138 icode= >,1eao_A_A,1.4
677,15.573,GLY, ,CA,12.23,4.20,1.0,<Residue GLY het=  resseq=138 icode= >,1eao_A_A,1.4
678,0.0,GLY, ,C,12.03,4.13,1.0,<Residue GLY het=  resseq=138 icode= >,1eao_A_A,1.4
679,0.761,GLY, ,O,12.57,6.72,1.0,<Residue GLY het=  resseq=138 icode= >,1eao_A_A,1.4
680,5.039,ARG, ,N,12.4,5.74,1.0,<Residue ARG het=  resseq=139 icode= >,1eao_A_A,1.4
681,0.0,ARG, ,CA,12.28,3.91,1.0,<Residue ARG het=  resseq=139 icode= >,1eao_A_A,1.4
682,0.0,ARG, ,C,12.64,4.64,1.0,<Residue ARG het=  resseq=139 icode= >,1eao_A_A,1.4
683,16.635,ARG, ,O,13.98,5.73,1.0,<Residue ARG het=  resseq=139 icode= >,1eao_A_A,1.4
684,9.55,ARG, ,CB,13.11,3.77,1.0,<Residue ARG het=  resseq=139 icode= >,1eao_A_A,1.4
685,0.0,ARG, ,CG,14.59,3.13,1.0,<Residue ARG het=  resseq=139 icode= >,1eao_A_A,1.4
686,12.617,ARG, ,CD,16.21,3.39,1.0,<Residue ARG het=  resseq=139 icode= >,1eao_A_A,1.4
687,4.001,ARG, ,NE,15.64,4.65,1.0,<Residue ARG het=  resseq=139 icode= >,1eao_A_A,1.4
688,4.354,ARG, ,CZ,16.29,3.82,1.0,<Residue ARG het=  resseq=139 icode= >,1eao_A_A,1.4
689,43.161,ARG, ,NH1,18.31,3.80,1.0,<Residue ARG het=  resseq=139 icode= >,1eao_A_A,1.4
690,41.349,ARG, ,NH2,16.87,4.02,1.0,<Residue ARG het=  resseq=139 icode= >,1eao_A_A,1.4
691,0.0,SER, ,N,11.71,5.86,1.0,<Residue SER het=  resseq=140 icode= >,1eao_A_A,1.4
692,2.184,SER, ,CA,12.41,4.08,1.0,<Residue SER het=  resseq=140 icode= >,1eao_A_A,1.4
693,2.447,SER, ,C,13.46,4.21,1.0,<Residue SER het=  resseq=140 icode= >,1eao_A_A,1.4
694,7.122,SER, ,O,14.75,6.11,1.0,<Residue SER het=  resseq=140 icode= >,1eao_A_A,1.4
695,0.0,SER, ,CB,12.33,4.10,1.0,<Residue SER het=  resseq=140 icode= >,1eao_A_A,1.4
696,0.0,SER, ,OG,11.92,6.53,1.0,<Residue SER het=  resseq=140 icode= >,1eao_A_A,1.4
697,0.591,GLY, ,N,13.14,5.64,1.0,<Residue GLY het=  resseq=141 icode= >,1eao_A_A,1.4
698,28.768,GLY, ,CA,13.98,3.61,1.0,<Residue GLY het=  resseq=141 icode= >,1eao_A_A,1.4
699,0.0,GLY, ,C,13.68,4.50,1.0,<Residue GLY het=  resseq=141 icode= >,1eao_A_A,1.4
700,0.0,GLY, ,O,13.85,5.96,1.0,<Residue GLY het=  resseq=141 icode= >,1eao_A_A,1.4
701,5.087,ARG, ,N,14.22,5.31,1.0,<Residue ARG het=  resseq=142 icode= >,1eao_A_A,1.4
702,0.0,ARG, ,CA,15.78,3.94,1.0,<Residue ARG het=  resseq=142 icode= >,1eao_A_A,1.4
703,0.863,ARG, ,C,16.97,3.99,1.0,<Residue ARG het=  resseq=142 icode= >,1eao_A_A,1.4
704,11.023,ARG, ,O,19.06,4.05,1.0,<Residue ARG het=  resseq=142 icode= >,1eao_A_A,1.4
705,17.844,ARG, ,CB,15.87,3.75,1.0,<Residue ARG het=  resseq=142 icode= >,1eao_A_A,1.4
706,5.619,ARG, ,CG,18.09,2.93,1.0,<Residue ARG het=  resseq=142 icode= >,1eao_A_A,1.4
707,37.278,ARG, ,CD,18.74,2.56,1.0,<Residue ARG het=  resseq=142 icode= >,1eao_A_A,1.4
708,14.44,ARG, ,NE,18.04,3.60,1.0,<Residue ARG het=  resseq=142 icode= >,1eao_A_A,1.4
709,6.198,ARG, ,CZ,19.32,3.17,1.0,<Residue ARG het=  resseq=142 icode= >,1eao_A_A,1.4
710,47.702,ARG, ,NH1,20.41,3.19,1.0,<Residue ARG het=  resseq=142 icode= >,1eao_A_A,1.4
711,58.83,ARG, ,NH2,19.26,4.13,1.0,<Residue ARG het=  resseq=142 icode= >,1eao_A_A,1.4
712,6.366,GLY, ,N,18.47,3.92,1.0,<Residue GLY het=  resseq=143 icode= >,1eao_A_A,1.4
713,36.936,GLY, ,CA,20.43,2.33,1.0,<Residue GLY het=  resseq=143 icode= >,1eao_A_A,1.4
714,2.356,GLY, ,C,21.13,2.94,1.0,<Residue GLY het=  resseq=143 icode= >,1eao_A_A,1.4
715,30.062,GLY, ,O,23.6,3.52,1.0,<Residue GLY het=  resseq=143 icode= >,1eao_A_A,1.4
716,0.284,LYS, ,N,20.53,3.73,1.0,<Residue LYS het=  resseq=144 icode= >,1eao_A_A,1.4
717,5.997,LYS, ,CA,19.86,3.01,1.0,<Residue LYS het=  resseq=144 icode= >,1eao_A_A,1.4
718,0.687,LYS, ,C,17.48,2.89,1.0,<Residue LYS het=  resseq=144 icode= >,1eao_A_A,1.4
719,0.0,LYS, ,O,17.26,4.88,1.0,<Residue LYS het=  resseq=144 icode= >,1eao_A_A,1.4
720,1.305,LYS, ,CB,21.43,2.34,1.0,<Residue LYS het=  resseq=144 icode= >,1eao_A_A,1.4
721,13.031,LYS, ,CG,26.09,1.43,1.0,<Residue LYS het=  resseq=144 icode= >,1eao_A_A,1.4
722,9.059,LYS, ,CD,29.59,1.54,1.0,<Residue LYS het=  resseq=144 icode= >,1eao_A_A,1.4
723,41.102,LYS, ,CE,31.86,1.62,1.0,<Residue LYS het=  resseq=144 icode= >,1eao_A_A,1.4
724,20.447,LYS, ,NZ,35.19,1.15,1.0,<Residue LYS het=  resseq=144 icode= >,1eao_A_A,1.4
725,3.072,SER, ,N,15.32,4.39,1.0,<Residue SER het=  resseq=145 icode= >,1eao_A_A,1.4
726,0.0,SER, ,CA,14.34,3.96,1.0,<Residue SER het=  resseq=145 icode= >,1eao_A_A,1.4
727,0.0,SER, ,C,14.28,3.71,1.0,<Residue SER het=  resseq=145 icode= >,1eao_A_A,1.4
728,5.426,SER, ,O,14.67,6.10,1.0,<Residue SER het=  resseq=145 icode= >,1eao_A_A,1.4
729,9.563,SER,x,CB,15.28,3.55,0.5,<Residue SER het=  resseq=145 icode= >,1eao_A_A,1.4
730,20.48,SER,x,OG,17.58,1.89,0.5,<Residue SER het=  resseq=145 icode= >,1eao_A_A,1.4
731,0.0,PHE, ,N,12.4,5.03,1.0,<Residue PHE het=  resseq=146 icode= >,1eao_A_A,1.4
732,0.0,PHE, ,CA,11.58,4.23,1.0,<Residue PHE het=  resseq=146 icode= >,1eao_A_A,1.4
733,0.899,PHE, ,C,11.45,5.13,1.0,<Residue PHE het=  resseq=146 icode= >,1eao_A_A,1.4
734,0.0,PHE, ,O,12.39,6.79,1.0,<Residue PHE het=  resseq=146 icode= >,1eao_A_A,1.4
735,0.0,PHE, ,CB,11.33,3.81,1.0,<Residue PHE het=  resseq=146 icode= >,1eao_A_A,1.4
736,0.0,PHE, ,CG,11.3,3.93,1.0,<Residue PHE het=  resseq=146 icode= >,1eao_A_A,1.4
737,0.0,PHE, ,CD1,12.51,4.50,1.0,<Residue PHE het=  resseq=146 icode= >,1eao_A_A,1.4
738,0.0,PHE, ,CD2,12.12,3.96,1.0,<Residue PHE het=  resseq=146 icode= >,1eao_A_A,1.4
739,0.451,PHE, ,CE1,13.3,4.56,1.0,<Residue PHE het=  resseq=146 icode= >,1eao_A_A,1.4
740,0.512,PHE, ,CE2,14.29,3.77,1.0,<Residue PHE het=  resseq=146 icode= >,1eao_A_A,1.4
741,0.0,PHE, ,CZ,13.46,3.76,1.0,<Residue PHE het=  resseq=146 icode= >,1eao_A_A,1.4
742,0.377,THR, ,N,11.76,5.75,1.0,<Residue THR het=  resseq=147 icode= >,1eao_A_A,1.4
743,1.639,THR, ,CA,12.26,3.79,1.0,<Residue THR het=  resseq=147 icode= >,1eao_A_A,1.4
744,0.0,THR, ,C,11.61,4.60,1.0,<Residue THR het=  resseq=147 icode= >,1eao_A_A,1.4
745,1.512,THR, ,O,12.65,6.76,1.0,<Residue THR het=  resseq=147 icode= >,1eao_A_A,1.4
746,9.132,THR, ,CB,13.55,4.20,1.0,<Residue THR het=  resseq=147 icode= >,1eao_A_A,1.4
747,30.792,THR, ,OG1,18.13,4.51,1.0,<Residue THR het=  resseq=147 icode= >,1eao_A_A,1.4
748,25.444,THR, ,CG2,15.58,2.96,1.0,<Residue THR het=  resseq=147 icode= >,1eao_A_A,1.4
749,0.171,LEU, ,N,10.96,5.64,1.0,<Residue LEU het=  resseq=148 icode= >,1eao_A_A,1.4
750,0.0,LEU, ,CA,10.63,4.53,1.0,<Residue LEU het=  resseq=148 icode= >,1eao_A_A,1.4
751,0.0,LEU, ,C,10.6,4.94,1.0,<Residue LEU het=  resseq=148 icode= >,1eao_A_A,1.4
752,0.0,LEU, ,O,11.46,6.75,1.0,<Residue LEU het=  resseq=148 icode= >,1eao_A_A,1.4
753,0.0,LEU, ,CB,10.88,4.46,1.0,<Residue LEU het=  resseq=148 icode= >,1eao_A_A,1.4
754,0.0,LEU, ,CG,12.7,3.85,1.0,<Residue LEU het=  resseq=148 icode= >,1eao_A_A,1.4
755,0.0,LEU, ,CD1,13.52,3.50,1.0,<Residue LEU het=  resseq=148 icode= >,1eao_A_A,1.4
756,0.0,LEU, ,CD2,17.06,2.65,1.0,<Residue LEU het=  resseq=148 icode= >,1eao_A_A,1.4
757,0.0,THR, ,N,11.34,5.04,1.0,<Residue THR het=  resseq=149 icode= >,1eao_A_A,1.4
758,0.0,THR, ,CA,12.39,4.08,1.0,<Residue THR het=  resseq=149 icode= >,1eao_A_A,1.4
759,0.0,THR, ,C,11.74,5.00,1.0,<Residue THR het=  resseq=149 icode= >,1eao_A_A,1.4
760,0.112,THR, ,O,13.79,6.18,1.0,<Residue THR het=  resseq=149 icode= >,1eao_A_A,1.4
761,0.057,THR, ,CB,14.18,3.53,1.0,<Residue THR het=  resseq=149 icode= >,1eao_A_A,1.4
762,19.158,THR, ,OG1,16.83,5.03,1.0,<Residue THR het=  resseq=149 icode= >,1eao_A_A,1.4
763,6.046,THR, ,CG2,16.38,3.34,1.0,<Residue THR het=  resseq=149 icode= >,1eao_A_A,1.4
764,0.0,ILE, ,N,12.55,5.63,1.0,<Residue ILE het=  resseq=150 icode= >,1eao_A_A,1.4
765,0.0,ILE, ,CA,12.74,4.38,1.0,<Residue ILE het=  resseq=150 icode= >,1eao_A_A,1.4
766,0.0,ILE, ,C,14.04,3.31,1.0,<Residue ILE het=  resseq=150 icode= >,1eao_A_A,1.4
767,0.0,ILE, ,O,14.46,6.23,1.0,<Residue ILE het=  resseq=150 icode= >,1eao_A_A,1.4
768,0.0,ILE, ,CB,13.02,4.12,1.0,<Residue ILE het=  resseq=150 icode= >,1eao_A_A,1.4
769,0.0,ILE, ,CG1,13.53,3.84,1.0,<Residue ILE het=  resseq=150 icode= >,1eao_A_A,1.4
770,0.0,ILE, ,CG2,15.56,3.10,1.0,<Residue ILE het=  resseq=150 icode= >,1eao_A_A,1.4
771,0.0,ILE, ,CD1,15.01,3.66,1.0,<Residue ILE het=  resseq=150 icode= >,1eao_A_A,1.4
772,0.0,THR, ,N,13.18,5.64,1.0,<Residue THR het=  resseq=151 icode= >,1eao_A_A,1.4
773,0.0,THR, ,CA,15.02,4.38,1.0,<Residue THR het=  resseq=151 icode= >,1eao_A_A,1.4
774,0.0,THR, ,C,16.27,4.07,1.0,<Residue THR het=  resseq=151 icode= >,1eao_A_A,1.4
775,0.0,THR, ,O,15.9,5.97,1.0,<Residue THR het=  resseq=151 icode= >,1eao_A_A,1.4
776,2.919,THR, ,CB,17.39,3.40,1.0,<Residue THR het=  resseq=151 icode= >,1eao_A_A,1.4
777,7.173,THR, ,OG1,19.35,4.34,1.0,<Residue THR het=  resseq=151 icode= >,1eao_A_A,1.4
778,8.893,THR, ,CG2,18.99,2.10,1.0,<Residue THR het=  resseq=151 icode= >,1eao_A_A,1.4
779,0.0,VAL, ,N,17.93,4.07,1.0,<Residue VAL het=  resseq=152 icode= >,1eao_A_A,1.4
780,0.0,VAL, ,CA,18.75,3.07,1.0,<Residue VAL het=  resseq=152 icode= >,1eao_A_A,1.4
781,0.0,VAL, ,C,19.98,2.87,1.0,<Residue VAL het=  resseq=152 icode= >,1eao_A_A,1.4
782,0.0,VAL, ,O,19.98,4.02,1.0,<Residue VAL het=  resseq=152 icode= >,1eao_A_A,1.4
783,0.0,VAL, ,CB,18.6,3.32,1.0,<Residue VAL het=  resseq=152 icode= >,1eao_A_A,1.4
784,0.0,VAL, ,CG1,18.48,2.82,1.0,<Residue VAL het=  resseq=152 icode= >,1eao_A_A,1.4
785,0.089,VAL, ,CG2,19.83,2.63,1.0,<Residue VAL het=  resseq=152 icode= >,1eao_A_A,1.4
786,0.0,PHE, ,N,20.83,3.35,1.0,<Residue PHE het=  resseq=153 icode= >,1eao_A_A,1.4
787,0.0,PHE, ,CA,21.89,2.41,1.0,<Residue PHE het=  resseq=153 icode= >,1eao_A_A,1.4
788,0.02,PHE, ,C,22.02,3.25,1.0,<Residue PHE het=  resseq=153 icode= >,1eao_A_A,1.4
789,17.971,PHE, ,O,23.88,3.85,1.0,<Residue PHE het=  resseq=153 icode= >,1eao_A_A,1.4
790,14.257,PHE, ,CB,22.93,1.87,1.0,<Residue PHE het=  resseq=153 icode= >,1eao_A_A,1.4
791,2.193,PHE, ,CG,23.77,2.54,1.0,<Residue PHE het=  resseq=153 icode= >,1eao_A_A,1.4
792,1.265,PHE, ,CD1,24.29,2.06,1.0,<Residue PHE het=  resseq=153 icode= >,1eao_A_A,1.4
793,11.709,PHE, ,CD2,22.52,3.72,1.0,<Residue PHE het=  resseq=153 icode= >,1eao_A_A,1.4
794,3.858,PHE, ,CE1,26.42,1.91,1.0,<Residue PHE het=  resseq=153 icode= >,1eao_A_A,1.4
795,24.791,PHE, ,CE2,26.48,2.08,1.0,<Residue PHE het=  resseq=153 icode= >,1eao_A_A,1.4
796,20.169,PHE, ,CZ,24.83,2.65,1.0,<Residue PHE het=  resseq=153 icode= >,1eao_A_A,1.4
797,0.0,THR, ,N,21.15,3.77,1.0,<Residue THR het=  resseq=154 icode= >,1eao_A_A,1.4
798,4.241,THR, ,CA,21.6,2.62,1.0,<Residue THR het=  resseq=154 icode= >,1eao_A_A,1.4
799,1.021,THR, ,C,22.3,2.91,1.0,<Residue THR het=  resseq=154 icode= >,1eao_A_A,1.4
800,4.112,THR, ,O,21.31,4.67,1.0,<Residue THR het=  resseq=154 icode= >,1eao_A_A,1.4
801,8.073,THR, ,CB,22.26,3.47,1.0,<Residue THR het=  resseq=154 icode= >,1eao_A_A,1.4
802,0.0,THR, ,OG1,19.67,5.01,1.0,<Residue THR het=  resseq=154 icode= >,1eao_A_A,1.4
803,3.885,THR, ,CG2,23.99,2.29,1.0,<Residue THR het=  resseq=154 icode= >,1eao_A_A,1.4
804,6.205,ASN, ,N,23.46,2.99,1.0,<Residue ASN het=  resseq=155 icode= >,1eao_A_A,1.4
805,1.063,ASN, ,CA,24.29,2.26,1.0,<Residue ASN het=  resseq=155 icode= >,1eao_A_A,1.4
806,0.568,ASN, ,C,24.61,3.08,1.0,<Residue ASN het=  resseq=155 icode= >,1eao_A_A,1.4
807,26.217,ASN, ,O,26.67,2.73,1.0,<Residue ASN het=  resseq=155 icode= >,1eao_A_A,1.4
808,29.238,ASN, ,CB,25.38,1.83,1.0,<Residue ASN het=  resseq=155 icode= >,1eao_A_A,1.4
809,6.898,ASN, ,CG,27.65,2.52,1.0,<Residue ASN het=  resseq=155 icode= >,1eao_A_A,1.4
810,27.449,ASN, ,OD1,29.36,3.33,1.0,<Residue ASN het=  resseq=155 icode= >,1eao_A_A,1.4
811,57.367,ASN, ,ND2,31.17,1.60,1.0,<Residue ASN het=  resseq=155 icode= >,1eao_A_A,1.4
812,0.0,PRO, ,N,24.48,3.37,1.0,<Residue PRO het=  resseq=156 icode= >,1eao_A_A,1.4
813,0.45,PRO, ,CA,24.2,2.17,1.0,<Residue PRO het=  resseq=156 icode= >,1eao_A_A,1.4
814,0.0,PRO, ,C,23.12,2.91,1.0,<Residue PRO het=  resseq=156 icode= >,1eao_A_A,1.4
815,2.057,PRO, ,O,21.83,3.95,1.0,<Residue PRO het=  resseq=156 icode= >,1eao_A_A,1.4
816,26.169,PRO, ,CB,25.05,2.02,1.0,<Residue PRO het=  resseq=156 icode= >,1eao_A_A,1.4
817,35.26,PRO, ,CG,25.22,2.54,1.0,<Residue PRO het=  resseq=156 icode= >,1eao_A_A,1.4
818,35.943,PRO, ,CD,25.57,1.86,1.0,<Residue PRO het=  resseq=156 icode= >,1eao_A_A,1.4
819,0.0,PRO, ,N,22.09,2.89,1.0,<Residue PRO het=  resseq=157 icode= >,1eao_A_A,1.4
820,0.0,PRO, ,CA,21.05,2.65,1.0,<Residue PRO het=  resseq=157 icode= >,1eao_A_A,1.4
821,0.023,PRO, ,C,20.83,3.29,1.0,<Residue PRO het=  resseq=157 icode= >,1eao_A_A,1.4
822,18.466,PRO, ,O,21.19,4.91,1.0,<Residue PRO het=  resseq=157 icode= >,1eao_A_A,1.4
823,8.542,PRO, ,CB,21.84,2.84,1.0,<Residue PRO het=  resseq=157 icode= >,1eao_A_A,1.4
824,22.183,PRO, ,CG,23.11,2.51,1.0,<Residue PRO het=  resseq=157 icode= >,1eao_A_A,1.4
825,23.978,PRO, ,CD,23.47,1.80,1.0,<Residue PRO het=  resseq=157 icode= >,1eao_A_A,1.4
826,0.0,GLN, ,N,19.59,3.99,1.0,<Residue GLN het=  resseq=158 icode= >,1eao_A_A,1.4
827,5.173,GLN, ,CA,19.89,2.74,1.0,<Residue GLN het=  resseq=158 icode= >,1eao_A_A,1.4
828,0.067,GLN, ,C,19.59,3.11,1.0,<Residue GLN het=  resseq=158 icode= >,1eao_A_A,1.4
829,0.045,GLN, ,O,21.4,4.08,1.0,<Residue GLN het=  resseq=158 icode= >,1eao_A_A,1.4
830,4.457,GLN, ,CB,19.44,3.39,1.0,<Residue GLN het=  resseq=158 icode= >,1eao_A_A,1.4
831,19.013,GLN, ,CG,21.57,2.43,1.0,<Residue GLN het=  resseq=158 icode= >,1eao_A_A,1.4
832,4.452,GLN, ,CD,22.2,3.60,1.0,<Residue GLN het=  resseq=158 icode= >,1eao_A_A,1.4
833,6.055,GLN, ,OE1,25.41,3.14,1.0,<Residue GLN het=  resseq=158 icode= >,1eao_A_A,1.4
834,15.515,GLN, ,NE2,24.21,3.29,1.0,<Residue GLN het=  resseq=158 icode= >,1eao_A_A,1.4
835,5.769,VAL, ,N,19.87,3.81,1.0,<Residue VAL het=  resseq=159 icode= >,1eao_A_A,1.4
836,0.0,VAL, ,CA,19.88,3.31,1.0,<Residue VAL het=  resseq=159 icode= >,1eao_A_A,1.4
837,0.236,VAL, ,C,19.79,2.77,1.0,<Residue VAL het=  resseq=159 icode= >,1eao_A_A,1.4
838,20.459,VAL, ,O,22.38,3.33,1.0,<Residue VAL het=  resseq=159 icode= >,1eao_A_A,1.4
839,10.155,VAL, ,CB,21.1,2.48,1.0,<Residue VAL het=  resseq=159 icode= >,1eao_A_A,1.4
840,23.37,VAL, ,CG1,23.88,2.18,1.0,<Residue VAL het=  resseq=159 icode= >,1eao_A_A,1.4
841,38.187,VAL, ,CG2,22.4,2.28,1.0,<Residue VAL het=  resseq=159 icode= >,1eao_A_A,1.4
842,0.006,ALA, ,N,17.66,3.80,1.0,<Residue ALA het=  resseq=160 icode= >,1eao_A_A,1.4
843,0.577,ALA, ,CA,17.17,3.63,1.0,<Residue ALA het=  resseq=160 icode= >,1eao_A_A,1.4
844,0.007,ALA, ,C,16.41,3.29,1.0,<Residue ALA het=  resseq=160 icode= >,1eao_A_A,1.4
845,0.0,ALA, ,O,18.77,4.44,1.0,<Residue ALA het=  resseq=160 icode= >,1eao_A_A,1.4
846,0.089,ALA, ,CB,18.73,2.92,1.0,<Residue ALA het=  resseq=160 icode= >,1eao_A_A,1.4
847,0.0,THR, ,N,14.13,4.86,1.0,<Residue THR het=  resseq=161 icode= >,1eao_A_A,1.4
848,0.0,THR, ,CA,12.62,3.95,1.0,<Residue THR het=  resseq=161 icode= >,1eao_A_A,1.4
849,0.0,THR, ,C,10.78,4.88,1.0,<Residue THR het=  resseq=161 icode= >,1eao_A_A,1.4
850,0.005,THR, ,O,11.33,6.96,1.0,<Residue THR het=  resseq=161 icode= >,1eao_A_A,1.4
851,3.232,THR, ,CB,13.2,3.68,1.0,<Residue THR het=  resseq=161 icode= >,1eao_A_A,1.4
852,14.275,THR,x,OG1,11.44,3.83,0.5,<Residue THR het=  resseq=161 icode= >,1eao_A_A,1.4
853,12.116,THR,x,CG2,10.73,3.31,0.5,<Residue THR het=  resseq=161 icode= >,1eao_A_A,1.4
854,0.0,TYR, ,N,10.61,6.10,1.0,<Residue TYR het=  resseq=162 icode= >,1eao_A_A,1.4
855,0.0,TYR, ,CA,10.09,4.82,1.0,<Residue TYR het=  resseq=162 icode= >,1eao_A_A,1.4
856,0.0,TYR, ,C,10.6,4.79,1.0,<Residue TYR het=  resseq=162 icode= >,1eao_A_A,1.4
857,7.828,TYR, ,O,10.72,7.48,1.0,<Residue TYR het=  resseq=162 icode= >,1eao_A_A,1.4
858,0.0,TYR, ,CB,10.63,4.58,1.0,<Residue TYR het=  resseq=162 icode= >,1eao_A_A,1.4
859,0.0,TYR, ,CG,10.15,4.25,1.0,<Residue TYR het=  resseq=162 icode= >,1eao_A_A,1.4
860,0.0,TYR, ,CD1,10.36,4.72,1.0,<Residue TYR het=  resseq=162 icode= >,1eao_A_A,1.4
861,0.0,TYR, ,CD2,11.23,4.31,1.0,<Residue TYR het=  resseq=162 icode= >,1eao_A_A,1.4
862,0.0,TYR, ,CE1,11.12,4.16,1.0,<Residue TYR het=  resseq=162 icode= >,1eao_A_A,1.4
863,1.405,TYR, ,CE2,11.69,4.47,1.0,<Residue TYR het=  resseq=162 icode= >,1eao_A_A,1.4
864,0.0,TYR, ,CZ,10.29,4.18,1.0,<Residue TYR het=  resseq=162 icode= >,1eao_A_A,1.4
865,2.518,TYR, ,OH,11.82,6.86,1.0,<Residue TYR het=  resseq=162 icode= >,1eao_A_A,1.4
866,0.0,HIS, ,N,10.27,5.65,1.0,<Residue HIS het=  resseq=163 icode= >,1eao_A_A,1.4
867,6.572,HIS, ,CA,11.37,4.04,1.0,<Residue HIS het=  resseq=163 icode= >,1eao_A_A,1.4
868,2.545,HIS, ,C,11.55,4.05,1.0,<Residue HIS het=  resseq=163 icode= >,1eao_A_A,1.4
869,13.586,HIS, ,O,12.94,6.18,1.0,<Residue HIS het=  resseq=163 icode= >,1eao_A_A,1.4
870,8.246,HIS, ,CB,12.31,3.70,1.0,<Residue HIS het=  resseq=163 icode= >,1eao_A_A,1.4
871,0.0,HIS, ,CG,12.68,4.51,1.0,<Residue HIS het=  resseq=163 icode= >,1eao_A_A,1.4
872,1.151,HIS, ,ND1,17.61,4.75,1.0,<Residue HIS het=  resseq=163 icode= >,1eao_A_A,1.4
873,0.0,HIS, ,CD2,14.19,3.76,1.0,<Residue HIS het=  resseq=163 icode= >,1eao_A_A,1.4
874,14.675,HIS, ,CE1,17.15,3.14,1.0,<Residue HIS het=  resseq=163 icode= >,1eao_A_A,1.4
875,4.334,HIS, ,NE2,15.56,4.52,1.0,<Residue HIS het=  resseq=163 icode= >,1eao_A_A,1.4
876,0.0,ARG, ,N,10.93,5.98,1.0,<Residue ARG het=  resseq=164 icode= >,1eao_A_A,1.4
877,4.74,ARG, ,CA,12.15,4.25,1.0,<Residue ARG het=  resseq=164 icode= >,1eao_A_A,1.4
878,3.646,ARG, ,C,11.57,5.08,1.0,<Residue ARG het=  resseq=164 icode= >,1eao_A_A,1.4
879,0.515,ARG, ,O,11.51,7.50,1.0,<Residue ARG het=  resseq=164 icode= >,1eao_A_A,1.4
880,4.282,ARG, ,CB,13.9,4.25,1.0,<Residue ARG het=  resseq=164 icode= >,1eao_A_A,1.4
881,6.885,ARG, ,CG,17.83,3.15,1.0,<Residue ARG het=  resseq=164 icode= >,1eao_A_A,1.4
882,26.72,ARG, ,CD,20.99,2.25,1.0,<Residue ARG het=  resseq=164 icode= >,1eao_A_A,1.4
883,17.436,ARG, ,NE,23.57,2.21,1.0,<Residue ARG het=  resseq=164 icode= >,1eao_A_A,1.4
884,4.302,ARG, ,CZ,25.13,1.70,1.0,<Residue ARG het=  resseq=164 icode= >,1eao_A_A,1.4
885,21.633,ARG, ,NH1,21.06,3.80,1.0,<Residue ARG het=  resseq=164 icode= >,1eao_A_A,1.4
886,48.537,ARG, ,NH2,27.88,1.85,1.0,<Residue ARG het=  resseq=164 icode= >,1eao_A_A,1.4
887,9.926,ALA, ,N,11.95,5.43,1.0,<Residue ALA het=  resseq=165 icode= >,1eao_A_A,1.4
888,1.084,ALA, ,CA,11.8,4.04,1.0,<Residue ALA het=  resseq=165 icode= >,1eao_A_A,1.4
889,0.536,ALA, ,C,11.72,4.78,1.0,<Residue ALA het=  resseq=165 icode= >,1eao_A_A,1.4
890,6.236,ALA, ,O,12.45,7.25,1.0,<Residue ALA het=  resseq=165 icode= >,1eao_A_A,1.4
891,32.816,ALA, ,CB,13.94,3.27,1.0,<Residue ALA het=  resseq=165 icode= >,1eao_A_A,1.4
892,0.0,ILE, ,N,11.43,5.48,1.0,<Residue ILE het=  resseq=166 icode= >,1eao_A_A,1.4
893,0.0,ILE, ,CA,11.07,4.17,1.0,<Residue ILE het=  resseq=166 icode= >,1eao_A_A,1.4
894,0.0,ILE, ,C,10.55,4.45,1.0,<Residue ILE het=  resseq=166 icode= >,1eao_A_A,1.4
895,0.0,ILE, ,O,11.31,7.03,1.0,<Residue ILE het=  resseq=166 icode= >,1eao_A_A,1.4
896,0.04,ILE, ,CB,11.45,3.65,1.0,<Residue ILE het=  resseq=166 icode= >,1eao_A_A,1.4
897,0.0,ILE, ,CG1,11.33,3.73,1.0,<Residue ILE het=  resseq=166 icode= >,1eao_A_A,1.4
898,0.0,ILE, ,CG2,12.86,3.75,1.0,<Residue ILE het=  resseq=166 icode= >,1eao_A_A,1.4
899,0.0,ILE, ,CD1,12.18,4.13,1.0,<Residue ILE het=  resseq=166 icode= >,1eao_A_A,1.4
900,0.343,LYS, ,N,10.33,6.45,1.0,<Residue LYS het=  resseq=167 icode= >,1eao_A_A,1.4
901,0.0,LYS, ,CA,10.9,4.25,1.0,<Residue LYS het=  resseq=167 icode= >,1eao_A_A,1.4
902,0.0,LYS, ,C,10.19,4.58,1.0,<Residue LYS het=  resseq=167 icode= >,1eao_A_A,1.4
903,0.0,LYS, ,O,10.76,6.79,1.0,<Residue LYS het=  resseq=167 icode= >,1eao_A_A,1.4
904,2.668,LYS, ,CB,11.9,3.54,1.0,<Residue LYS het=  resseq=167 icode= >,1eao_A_A,1.4
905,0.0,LYS, ,CG,13.73,3.61,1.0,<Residue LYS het=  resseq=167 icode= >,1eao_A_A,1.4
906,1.707,LYS, ,CD,17.14,3.30,1.0,<Residue LYS het=  resseq=167 icode= >,1eao_A_A,1.4
907,14.715,LYS, ,CE,20.05,2.67,1.0,<Residue LYS het=  resseq=167 icode= >,1eao_A_A,1.4
908,36.206,LYS, ,NZ,22.21,2.86,1.0,<Residue LYS het=  resseq=167 icode= >,1eao_A_A,1.4
909,0.0,ILE, ,N,10.15,5.66,1.0,<Residue ILE het=  resseq=168 icode= >,1eao_A_A,1.4
910,0.0,ILE, ,CA,10.4,4.17,1.0,<Residue ILE het=  resseq=168 icode= >,1eao_A_A,1.4
911,0.0,ILE, ,C,10.91,4.58,1.0,<Residue ILE het=  resseq=168 icode= >,1eao_A_A,1.4
912,0.0,ILE, ,O,11.29,7.40,1.0,<Residue ILE het=  resseq=168 icode= >,1eao_A_A,1.4
913,0.0,ILE, ,CB,9.63,5.03,1.0,<Residue ILE het=  resseq=168 icode= >,1eao_A_A,1.4
914,0.0,ILE, ,CG1,10.85,4.58,1.0,<Residue ILE het=  resseq=168 icode= >,1eao_A_A,1.4
915,0.0,ILE, ,CG2,10.58,4.99,1.0,<Residue ILE het=  resseq=168 icode= >,1eao_A_A,1.4
916,0.0,ILE, ,CD1,10.34,4.58,1.0,<Residue ILE het=  resseq=168 icode= >,1eao_A_A,1.4
917,0.0,THR, ,N,10.87,6.26,1.0,<Residue THR het=  resseq=169 icode= >,1eao_A_A,1.4
918,0.688,THR, ,CA,11.13,4.39,1.0,<Residue THR het=  resseq=169 icode= >,1eao_A_A,1.4
919,0.0,THR, ,C,11.5,5.03,1.0,<Residue THR het=  resseq=169 icode= >,1eao_A_A,1.4
920,0.0,THR, ,O,11.27,7.67,1.0,<Residue THR het=  resseq=169 icode= >,1eao_A_A,1.4
921,7.454,THR, ,CB,12.15,4.26,1.0,<Residue THR het=  resseq=169 icode= >,1eao_A_A,1.4
922,1.175,THR, ,OG1,12.25,7.00,1.0,<Residue THR het=  resseq=169 icode= >,1eao_A_A,1.4
923,0.388,THR, ,CG2,12.81,3.79,1.0,<Residue THR het=  resseq=169 icode= >,1eao_A_A,1.4
924,1.275,VAL, ,N,11.26,5.72,1.0,<Residue VAL het=  resseq=170 icode= >,1eao_A_A,1.4
925,0.028,VAL, ,CA,12.2,3.87,1.0,<Residue VAL het=  resseq=170 icode= >,1eao_A_A,1.4
926,0.0,VAL, ,C,12.41,4.14,1.0,<Residue VAL het=  resseq=170 icode= >,1eao_A_A,1.4
927,6.413,VAL, ,O,12.67,6.62,1.0,<Residue VAL het=  resseq=170 icode= >,1eao_A_A,1.4
928,0.0,VAL, ,CB,12.82,3.32,1.0,<Residue VAL het=  resseq=170 icode= >,1eao_A_A,1.4
929,34.764,VAL, ,CG1,14.24,3.85,1.0,<Residue VAL het=  resseq=170 icode= >,1eao_A_A,1.4
930,44.627,VAL, ,CG2,15.12,3.14,1.0,<Residue VAL het=  resseq=170 icode= >,1eao_A_A,1.4
931,0.295,ASP, ,N,13.2,5.18,1.0,<Residue ASP het=  resseq=171 icode= >,1eao_A_A,1.4
932,0.0,ASP, ,CA,13.28,4.22,1.0,<Residue ASP het=  resseq=171 icode= >,1eao_A_A,1.4
933,0.0,ASP, ,C,13.3,3.99,1.0,<Residue ASP het=  resseq=171 icode= >,1eao_A_A,1.4
934,4.675,ASP, ,O,15.19,5.68,1.0,<Residue ASP het=  resseq=171 icode= >,1eao_A_A,1.4
935,19.98,ASP, ,CB,14.25,3.44,1.0,<Residue ASP het=  resseq=171 icode= >,1eao_A_A,1.4
936,7.962,ASP, ,CG,16.2,3.32,1.0,<Residue ASP het=  resseq=171 icode= >,1eao_A_A,1.4
937,22.054,ASP, ,OD1,16.73,5.53,1.0,<Residue ASP het=  resseq=171 icode= >,1eao_A_A,1.4
938,40.941,ASP, ,OD2,22.36,3.21,1.0,<Residue ASP het=  resseq=171 icode= >,1eao_A_A,1.4
939,0.0,GLY, ,N,13.24,5.14,1.0,<Residue GLY het=  resseq=172 icode= >,1eao_A_A,1.4
940,0.0,GLY, ,CA,14.0,4.31,1.0,<Residue GLY het=  resseq=172 icode= >,1eao_A_A,1.4
941,0.0,GLY, ,C,15.76,3.99,1.0,<Residue GLY het=  resseq=172 icode= >,1eao_A_A,1.4
942,11.608,GLY, ,O,16.52,5.62,1.0,<Residue GLY het=  resseq=172 icode= >,1eao_A_A,1.4
943,0.0,PRO, ,N,17.56,4.69,1.0,<Residue PRO het=  resseq=173 icode= >,1eao_A_A,1.4
944,6.542,PRO, ,CA,20.48,2.22,1.0,<Residue PRO het=  resseq=173 icode= >,1eao_A_A,1.4
945,33.904,PRO, ,C,22.32,2.77,1.0,<Residue PRO het=  resseq=173 icode= >,1eao_A_A,1.4
946,28.475,PRO, ,O,24.99,2.75,1.0,<Residue PRO het=  resseq=173 icode= >,1eao_A_A,1.4
947,27.124,PRO, ,CB,20.99,3.16,1.0,<Residue PRO het=  resseq=173 icode= >,1eao_A_A,1.4
948,20.143,PRO, ,CG,19.5,2.54,1.0,<Residue PRO het=  resseq=173 icode= >,1eao_A_A,1.4
949,5.091,PRO, ,CD,17.6,2.79,1.0,<Residue PRO het=  resseq=173 icode= >,1eao_A_A,1.4
