,ASA,aa,altloc,atom,bfac,d2r,dASA,dens,occ,residue,id,resolu
0,54.897,GLY, ,N,17.47,2.84,0.0,3.87,1.0,<Residue GLY het=  resseq=2 icode= >,1egw_A_A,1.5
1,40.23,GLY, ,CA,16.64,3.19,0.0,2.88,1.0,<Residue GLY het=  resseq=2 icode= >,1egw_A_A,1.5
2,3.687,GLY, ,C,18.72,3.74,0.0,2.97,1.0,<Residue GLY het=  resseq=2 icode= >,1egw_A_A,1.5
3,20.834,GLY, ,O,20.33,3.20,0.0,3.91,1.0,<Residue GLY het=  resseq=2 icode= >,1egw_A_A,1.5
4,6.609,ARG, ,N,19.28,3.14,0.0,4.00,1.0,<Residue ARG het=  resseq=3 icode= >,1egw_A_A,1.5
5,3.347,ARG, ,CA,21.2,3.98,0.0,2.38,1.0,<Residue ARG het=  resseq=3 icode= >,1egw_A_A,1.5
6,0.246,ARG, ,C,23.5,3.96,0.0,3.13,1.0,<Residue ARG het=  resseq=3 icode= >,1egw_A_A,1.5
7,31.785,ARG, ,O,25.17,3.40,0.0,3.07,1.0,<Residue ARG het=  resseq=3 icode= >,1egw_A_A,1.5
8,28.09,ARG, ,CB,21.05,3.52,0.0,1.89,1.0,<Residue ARG het=  resseq=3 icode= >,1egw_A_A,1.5
9,28.679,ARG, ,CG,20.89,3.45,0.0,2.51,1.0,<Residue ARG het=  resseq=3 icode= >,1egw_A_A,1.5
10,21.392,ARG, ,CD,22.42,3.41,0.0,2.18,1.0,<Residue ARG het=  resseq=3 icode= >,1egw_A_A,1.5
11,18.651,ARG, ,NE,24.45,2.77,0.0,2.37,1.0,<Residue ARG het=  resseq=3 icode= >,1egw_A_A,1.5
12,7.379,ARG, ,CZ,25.04,2.93,0.0,2.81,1.0,<Residue ARG het=  resseq=3 icode= >,1egw_A_A,1.5
13,48.125,ARG, ,NH1,26.58,3.20,0.0,2.23,1.0,<Residue ARG het=  resseq=3 icode= >,1egw_A_A,1.5
14,59.302,ARG, ,NH2,26.09,3.01,0.0,2.17,1.0,<Residue ARG het=  resseq=3 icode= >,1egw_A_A,1.5
15,2.418,LYS, ,N,23.14,4.27,0.0,3.79,1.0,<Residue LYS het=  resseq=4 icode= >,1egw_A_A,1.5
16,7.988,LYS, ,CA,24.53,4.74,0.0,2.45,1.0,<Residue LYS het=  resseq=4 icode= >,1egw_A_A,1.5
17,1.06,LYS, ,C,25.23,4.43,0.0,3.00,1.0,<Residue LYS het=  resseq=4 icode= >,1egw_A_A,1.5
18,7.866,LYS, ,O,25.11,3.29,0.0,3.80,1.0,<Residue LYS het=  resseq=4 icode= >,1egw_A_A,1.5
19,56.849,LYS, ,CB,25.59,4.12,0.0,2.06,1.0,<Residue LYS het=  resseq=4 icode= >,1egw_A_A,1.5
20,10.039,LYS, ,N,25.87,4.24,0.0,3.23,1.0,<Residue LYS het=  resseq=5 icode= >,1egw_A_A,1.5
21,9.168,LYS, ,CA,26.8,4.25,0.0,2.68,1.0,<Residue LYS het=  resseq=5 icode= >,1egw_A_A,1.5
22,0.0,LYS, ,C,27.79,5.41,0.0,2.84,1.0,<Residue LYS het=  resseq=5 icode= >,1egw_A_A,1.5
23,17.869,LYS, ,O,29.08,5.42,0.0,2.88,1.0,<Residue LYS het=  resseq=5 icode= >,1egw_A_A,1.5
24,26.609,LYS, ,CB,27.11,4.03,0.0,2.42,1.0,<Residue LYS het=  resseq=5 icode= >,1egw_A_A,1.5
25,8.606,LYS, ,CG,28.76,3.72,0.0,2.25,1.0,<Residue LYS het=  resseq=5 icode= >,1egw_A_A,1.5
26,30.18,LYS, ,CD,29.51,3.89,0.0,2.12,1.0,<Residue LYS het=  resseq=5 icode= >,1egw_A_A,1.5
27,28.218,LYS, ,CE,31.3,3.93,0.0,1.81,1.0,<Residue LYS het=  resseq=5 icode= >,1egw_A_A,1.5
28,48.058,LYS, ,NZ,31.57,4.66,0.0,1.95,1.0,<Residue LYS het=  resseq=5 icode= >,1egw_A_A,1.5
29,2.197,ILE, ,N,27.39,5.14,0.0,3.33,1.0,<Residue ILE het=  resseq=6 icode= >,1egw_A_A,1.5
30,3.268,ILE, ,CA,26.46,5.52,0.0,2.64,1.0,<Residue ILE het=  resseq=6 icode= >,1egw_A_A,1.5
31,0.0,ILE, ,C,26.17,6.20,0.0,3.33,1.0,<Residue ILE het=  resseq=6 icode= >,1egw_A_A,1.5
32,7.748,ILE, ,O,26.42,5.19,0.0,3.21,1.0,<Residue ILE het=  resseq=6 icode= >,1egw_A_A,1.5
33,4.598,ILE, ,CB,26.64,4.58,0.0,2.05,1.0,<Residue ILE het=  resseq=6 icode= >,1egw_A_A,1.5
34,12.565,ILE, ,CG1,25.16,4.00,0.0,2.33,1.0,<Residue ILE het=  resseq=6 icode= >,1egw_A_A,1.5
35,43.934,ILE, ,CG2,26.11,3.34,0.0,2.02,1.0,<Residue ILE het=  resseq=6 icode= >,1egw_A_A,1.5
36,25.813,ILE, ,CD1,26.44,3.98,8.771,1.95,1.0,<Residue ILE het=  resseq=6 icode= >,1egw_A_A,1.5
37,4.749,GLN, ,N,26.22,7.24,0.0,3.04,1.0,<Residue GLN het=  resseq=7 icode= >,1egw_A_A,1.5
38,0.774,GLN, ,CA,24.77,7.78,0.0,2.71,1.0,<Residue GLN het=  resseq=7 icode= >,1egw_A_A,1.5
39,0.0,GLN, ,C,22.66,8.27,0.0,3.79,1.0,<Residue GLN het=  resseq=7 icode= >,1egw_A_A,1.5
40,6.51,GLN, ,O,23.04,7.91,2.224,3.81,1.0,<Residue GLN het=  resseq=7 icode= >,1egw_A_A,1.5
41,15.893,GLN, ,CB,27.75,8.42,0.0,1.44,1.0,<Residue GLN het=  resseq=7 icode= >,1egw_A_A,1.5
42,35.585,GLN, ,CG,27.79,8.83,0.0,1.12,0.5,<Residue GLN het=  resseq=7 icode= >,1egw_A_A,1.5
43,5.483,GLN, ,CD,28.81,8.06,0.0,1.27,0.5,<Residue GLN het=  resseq=7 icode= >,1egw_A_A,1.5
44,29.983,GLN, ,OE1,29.98,7.16,0.0,0.96,0.5,<Residue GLN het=  resseq=7 icode= >,1egw_A_A,1.5
45,31.567,GLN, ,NE2,29.88,7.62,0.0,1.21,0.5,<Residue GLN het=  resseq=7 icode= >,1egw_A_A,1.5
46,5.546,ILE, ,N,20.71,7.45,0.0,3.96,1.0,<Residue ILE het=  resseq=8 icode= >,1egw_A_A,1.5
47,1.626,ILE, ,CA,18.41,7.67,1.626,4.00,1.0,<Residue ILE het=  resseq=8 icode= >,1egw_A_A,1.5
48,0.241,ILE, ,C,17.93,7.57,0.0,3.47,1.0,<Residue ILE het=  resseq=8 icode= >,1egw_A_A,1.5
49,24.079,ILE, ,O,19.1,6.64,7.18,4.11,1.0,<Residue ILE het=  resseq=8 icode= >,1egw_A_A,1.5
50,10.827,ILE, ,CB,16.97,6.61,2.266,4.13,1.0,<Residue ILE het=  resseq=8 icode= >,1egw_A_A,1.5
51,29.834,ILE, ,CG1,17.13,6.64,11.725,3.17,1.0,<Residue ILE het=  resseq=8 icode= >,1egw_A_A,1.5
52,53.541,ILE, ,CG2,18.65,6.54,53.541,3.09,1.0,<Residue ILE het=  resseq=8 icode= >,1egw_A_A,1.5
53,22.473,ILE, ,CD1,16.0,6.62,18.122,3.38,1.0,<Residue ILE het=  resseq=8 icode= >,1egw_A_A,1.5
54,1.222,THR,x,N,17.33,8.77,1.222,4.72,0.6,<Residue THR het=  resseq=9 icode= >,1egw_A_A,1.5
55,8.915,THR,x,CA,17.25,9.21,8.157,3.02,0.6,<Residue THR het=  resseq=9 icode= >,1egw_A_A,1.5
56,3.663,THR,x,C,17.11,10.64,3.663,4.16,0.6,<Residue THR het=  resseq=9 icode= >,1egw_A_A,1.5
57,8.493,THR,x,O,17.43,9.71,6.541,5.49,0.6,<Residue THR het=  resseq=9 icode= >,1egw_A_A,1.5
58,12.842,THR,x,CB,16.81,9.13,0.0,2.49,0.6,<Residue THR het=  resseq=9 icode= >,1egw_A_A,1.5
59,30.767,THR,x,OG1,19.54,9.54,0.0,2.86,0.6,<Residue THR het=  resseq=9 icode= >,1egw_A_A,1.5
60,37.458,THR,x,CG2,16.84,10.09,0.0,3.87,0.6,<Residue THR het=  resseq=9 icode= >,1egw_A_A,1.5
61,7.086,ARG, ,N,18.07,11.01,5.79,3.74,1.0,<Residue ARG het=  resseq=10 icode= >,1egw_A_A,1.5
62,9.776,ARG, ,CA,18.5,11.49,9.776,3.31,1.0,<Residue ARG het=  resseq=10 icode= >,1egw_A_A,1.5
63,0.0,ARG, ,C,18.1,10.34,0.0,3.98,1.0,<Residue ARG het=  resseq=10 icode= >,1egw_A_A,1.5
64,6.409,ARG, ,O,19.47,10.30,0.0,4.25,1.0,<Residue ARG het=  resseq=10 icode= >,1egw_A_A,1.5
65,20.35,ARG, ,CB,18.94,12.78,4.003,3.19,1.0,<Residue ARG het=  resseq=10 icode= >,1egw_A_A,1.5
66,9.688,ARG, ,CG,21.84,13.00,9.679,2.81,1.0,<Residue ARG het=  resseq=10 icode= >,1egw_A_A,1.5
67,28.114,ARG, ,CD,21.39,14.36,5.454,3.00,1.0,<Residue ARG het=  resseq=10 icode= >,1egw_A_A,1.5
68,17.443,ARG, ,NE,24.93,14.85,14.964,2.63,1.0,<Residue ARG het=  resseq=10 icode= >,1egw_A_A,1.5
69,4.228,ARG, ,CZ,24.14,14.71,0.0,3.34,1.0,<Residue ARG het=  resseq=10 icode= >,1egw_A_A,1.5
70,9.955,ARG, ,NH1,23.27,14.08,0.0,3.24,1.0,<Residue ARG het=  resseq=10 icode= >,1egw_A_A,1.5
71,32.672,ARG, ,NH2,24.95,15.37,5.503,2.41,1.0,<Residue ARG het=  resseq=10 icode= >,1egw_A_A,1.5
72,2.484,ILE, ,N,17.24,9.59,2.484,4.49,1.0,<Residue ILE het=  resseq=11 icode= >,1egw_A_A,1.5
73,5.931,ILE, ,CA,18.71,8.61,0.0,3.01,1.0,<Residue ILE het=  resseq=11 icode= >,1egw_A_A,1.5
74,0.0,ILE, ,C,19.56,9.60,0.0,4.15,1.0,<Residue ILE het=  resseq=11 icode= >,1egw_A_A,1.5
75,0.0,ILE, ,O,19.27,10.46,0.0,5.26,1.0,<Residue ILE het=  resseq=11 icode= >,1egw_A_A,1.5
76,0.107,ILE, ,CB,18.62,7.81,0.107,3.17,1.0,<Residue ILE het=  resseq=11 icode= >,1egw_A_A,1.5
77,17.175,ILE, ,CG1,17.62,6.99,6.305,3.45,1.0,<Residue ILE het=  resseq=11 icode= >,1egw_A_A,1.5
78,6.713,ILE, ,CG2,19.55,7.16,0.0,2.66,1.0,<Residue ILE het=  resseq=11 icode= >,1egw_A_A,1.5
79,16.593,ILE, ,CD1,15.85,6.30,12.908,3.36,1.0,<Residue ILE het=  resseq=11 icode= >,1egw_A_A,1.5
80,4.998,MET, ,N,20.07,9.68,0.0,4.04,1.0,<Residue MET het=  resseq=12 icode= >,1egw_A_A,1.5
81,0.0,MET, ,CA,21.54,10.85,0.0,2.53,1.0,<Residue MET het=  resseq=12 icode= >,1egw_A_A,1.5
82,1.402,MET, ,C,21.28,10.99,0.0,4.06,1.0,<Residue MET het=  resseq=12 icode= >,1egw_A_A,1.5
83,20.273,MET, ,O,22.52,12.14,0.0,4.15,1.0,<Residue MET het=  resseq=12 icode= >,1egw_A_A,1.5
84,23.563,MET, ,CB,21.97,11.33,0.0,1.96,1.0,<Residue MET het=  resseq=12 icode= >,1egw_A_A,1.5
85,27.576,MET, ,CG,24.28,11.64,0.0,2.25,1.0,<Residue MET het=  resseq=12 icode= >,1egw_A_A,1.5
86,13.49,MET, ,SD,23.68,13.04,0.0,6.72,1.0,<Residue MET het=  resseq=12 icode= >,1egw_A_A,1.5
87,67.421,MET, ,CE,25.92,14.47,0.0,1.46,1.0,<Residue MET het=  resseq=12 icode= >,1egw_A_A,1.5
88,1.918,ASP, ,N,22.75,9.94,0.0,3.09,1.0,<Residue ASP het=  resseq=13 icode= >,1egw_A_A,1.5
89,7.185,ASP, ,CA,24.01,10.17,0.0,2.20,1.0,<Residue ASP het=  resseq=13 icode= >,1egw_A_A,1.5
90,0.0,ASP, ,C,23.41,10.38,0.0,2.77,1.0,<Residue ASP het=  resseq=13 icode= >,1egw_A_A,1.5
91,0.0,ASP, ,O,20.88,9.55,0.0,4.85,1.0,<Residue ASP het=  resseq=13 icode= >,1egw_A_A,1.5
92,24.322,ASP, ,CB,26.74,9.13,0.0,3.09,1.0,<Residue ASP het=  resseq=13 icode= >,1egw_A_A,1.5
93,8.038,ASP, ,CG,32.06,9.52,0.0,1.81,1.0,<Residue ASP het=  resseq=13 icode= >,1egw_A_A,1.5
94,29.508,ASP, ,OD1,34.35,10.70,0.0,1.56,1.0,<Residue ASP het=  resseq=13 icode= >,1egw_A_A,1.5
95,9.87,ASP, ,OD2,32.12,8.78,0.0,2.35,1.0,<Residue ASP het=  resseq=13 icode= >,1egw_A_A,1.5
96,4.609,GLU, ,N,21.68,11.62,0.0,3.58,1.0,<Residue GLU het=  resseq=14 icode= >,1egw_A_A,1.5
97,0.0,GLU, ,CA,22.4,11.06,0.0,2.71,1.0,<Residue GLU het=  resseq=14 icode= >,1egw_A_A,1.5
98,0.0,GLU, ,C,21.0,9.80,0.0,3.95,1.0,<Residue GLU het=  resseq=14 icode= >,1egw_A_A,1.5
99,0.385,GLU, ,O,19.17,9.79,0.0,5.62,1.0,<Residue GLU het=  resseq=14 icode= >,1egw_A_A,1.5
100,18.047,GLU, ,CB,24.12,10.89,0.0,2.45,1.0,<Residue GLU het=  resseq=14 icode= >,1egw_A_A,1.5
101,13.729,GLU, ,CG,32.28,10.42,0.0,1.72,1.0,<Residue GLU het=  resseq=14 icode= >,1egw_A_A,1.5
102,12.021,GLU, ,CD,35.91,10.32,0.0,1.26,1.0,<Residue GLU het=  resseq=14 icode= >,1egw_A_A,1.5
103,38.573,GLU, ,OE1,38.05,9.33,0.0,1.28,1.0,<Residue GLU het=  resseq=14 icode= >,1egw_A_A,1.5
104,41.099,GLU, ,OE2,42.02,11.37,0.0,1.14,1.0,<Residue GLU het=  resseq=14 icode= >,1egw_A_A,1.5
105,1.317,ARG,x,N,20.59,8.89,0.0,3.57,0.5,<Residue ARG het=  resseq=15 icode= >,1egw_A_A,1.5
106,4.497,ARG,x,CA,20.56,7.72,0.0,2.90,0.5,<Residue ARG het=  resseq=15 icode= >,1egw_A_A,1.5
107,0.0,ARG,x,C,19.47,8.29,0.0,3.98,0.5,<Residue ARG het=  resseq=15 icode= >,1egw_A_A,1.5
108,0.246,ARG,x,O,17.87,8.06,0.0,4.88,0.5,<Residue ARG het=  resseq=15 icode= >,1egw_A_A,1.5
109,14.033,ARG,x,CB,21.76,6.91,0.0,2.70,0.5,<Residue ARG het=  resseq=15 icode= >,1egw_A_A,1.5
110,7.06,ARG,x,CG,22.52,5.68,0.0,1.35,0.5,<Residue ARG het=  resseq=15 icode= >,1egw_A_A,1.5
111,34.112,ARG,x,CD,24.55,5.25,0.0,0.48,0.5,<Residue ARG het=  resseq=15 icode= >,1egw_A_A,1.5
112,19.006,ARG,x,NE,25.14,4.31,0.0,0.82,0.5,<Residue ARG het=  resseq=15 icode= >,1egw_A_A,1.5
113,5.208,ARG,x,CZ,26.09,2.99,0.0,0.68,0.5,<Residue ARG het=  resseq=15 icode= >,1egw_A_A,1.5
114,45.864,ARG,x,NH1,26.94,2.53,0.0,0.99,0.5,<Residue ARG het=  resseq=15 icode= >,1egw_A_A,1.5
115,59.065,ARG,x,NH2,26.93,2.66,0.0,0.95,0.5,<Residue ARG het=  resseq=15 icode= >,1egw_A_A,1.5
116,0.381,ASN, ,N,18.76,8.44,0.0,4.14,1.0,<Residue ASN het=  resseq=16 icode= >,1egw_A_A,1.5
117,3.841,ASN, ,CA,18.72,7.18,0.0,3.71,1.0,<Residue ASN het=  resseq=16 icode= >,1egw_A_A,1.5
118,0.0,ASN, ,C,19.49,7.57,0.0,3.83,1.0,<Residue ASN het=  resseq=16 icode= >,1egw_A_A,1.5
119,0.0,ASN, ,O,16.78,7.09,0.0,4.82,1.0,<Residue ASN het=  resseq=16 icode= >,1egw_A_A,1.5
120,14.545,ASN, ,CB,22.19,6.03,0.0,2.42,1.0,<Residue ASN het=  resseq=16 icode= >,1egw_A_A,1.5
121,5.304,ASN, ,CG,25.05,4.72,0.0,2.43,1.0,<Residue ASN het=  resseq=16 icode= >,1egw_A_A,1.5
122,24.704,ASN, ,OD1,27.67,4.03,0.0,2.41,1.0,<Residue ASN het=  resseq=16 icode= >,1egw_A_A,1.5
123,25.569,ASN, ,ND2,25.61,4.72,0.0,2.80,1.0,<Residue ASN het=  resseq=16 icode= >,1egw_A_A,1.5
124,0.0,ARG, ,N,17.42,8.46,0.0,4.86,1.0,<Residue ARG het=  resseq=17 icode= >,1egw_A_A,1.5
125,0.0,ARG, ,CA,17.68,8.87,0.0,3.70,1.0,<Residue ARG het=  resseq=17 icode= >,1egw_A_A,1.5
126,0.073,ARG, ,C,16.61,8.87,0.0,4.20,1.0,<Residue ARG het=  resseq=17 icode= >,1egw_A_A,1.5
127,1.236,ARG, ,O,15.62,8.28,1.236,5.36,1.0,<Residue ARG het=  resseq=17 icode= >,1egw_A_A,1.5
128,0.747,ARG, ,CB,18.93,10.17,0.0,3.12,1.0,<Residue ARG het=  resseq=17 icode= >,1egw_A_A,1.5
129,17.939,ARG, ,CG,20.93,10.27,14.034,2.58,1.0,<Residue ARG het=  resseq=17 icode= >,1egw_A_A,1.5
130,10.045,ARG, ,CD,21.9,11.55,10.045,2.74,1.0,<Residue ARG het=  resseq=17 icode= >,1egw_A_A,1.5
131,2.078,ARG, ,NE,22.81,12.73,0.0,3.29,1.0,<Residue ARG het=  resseq=17 icode= >,1egw_A_A,1.5
132,0.0,ARG, ,CZ,23.09,13.04,0.0,3.19,1.0,<Residue ARG het=  resseq=17 icode= >,1egw_A_A,1.5
133,0.967,ARG, ,NH1,19.88,12.30,0.0,3.87,1.0,<Residue ARG het=  resseq=17 icode= >,1egw_A_A,1.5
134,22.743,ARG, ,NH2,22.1,14.09,0.0,3.23,1.0,<Residue ARG het=  resseq=17 icode= >,1egw_A_A,1.5
135,0.363,GLN, ,N,14.91,9.76,0.0,4.87,1.0,<Residue GLN het=  resseq=18 icode= >,1egw_A_A,1.5
136,2.866,GLN, ,CA,16.43,10.19,0.0,3.65,1.0,<Residue GLN het=  resseq=18 icode= >,1egw_A_A,1.5
137,0.0,GLN, ,C,15.18,9.26,0.0,4.80,1.0,<Residue GLN het=  resseq=18 icode= >,1egw_A_A,1.5
138,0.0,GLN, ,O,15.88,9.24,0.0,5.22,1.0,<Residue GLN het=  resseq=18 icode= >,1egw_A_A,1.5
139,6.658,GLN, ,CB,19.26,9.16,0.0,3.29,1.0,<Residue GLN het=  resseq=18 icode= >,1egw_A_A,1.5
140,27.431,GLN, ,CG,27.07,8.95,0.0,1.65,1.0,<Residue GLN het=  resseq=18 icode= >,1egw_A_A,1.5
141,5.966,GLN, ,CD,30.39,10.28,0.0,1.77,1.0,<Residue GLN het=  resseq=18 icode= >,1egw_A_A,1.5
142,4.25,GLN, ,OE1,33.47,11.05,0.0,2.06,1.0,<Residue GLN het=  resseq=18 icode= >,1egw_A_A,1.5
143,46.841,GLN, ,NE2,33.96,10.45,0.0,1.01,1.0,<Residue GLN het=  resseq=18 icode= >,1egw_A_A,1.5
144,0.0,VAL, ,N,15.82,8.75,0.0,5.50,1.0,<Residue VAL het=  resseq=19 icode= >,1egw_A_A,1.5
145,3.169,VAL, ,CA,16.42,8.07,0.0,3.80,1.0,<Residue VAL het=  resseq=19 icode= >,1egw_A_A,1.5
146,0.0,VAL, ,C,15.21,6.75,0.0,4.18,1.0,<Residue VAL het=  resseq=19 icode= >,1egw_A_A,1.5
147,0.009,VAL, ,O,16.26,6.65,0.0,5.05,1.0,<Residue VAL het=  resseq=19 icode= >,1egw_A_A,1.5
148,0.953,VAL, ,CB,18.1,7.21,0.0,3.54,1.0,<Residue VAL het=  resseq=19 icode= >,1egw_A_A,1.5
149,33.094,VAL, ,CG1,19.43,6.26,0.0,2.45,1.0,<Residue VAL het=  resseq=19 icode= >,1egw_A_A,1.5
150,36.498,VAL, ,CG2,19.03,6.44,0.0,2.59,1.0,<Residue VAL het=  resseq=19 icode= >,1egw_A_A,1.5
151,0.0,THR, ,N,14.12,6.03,0.0,4.65,1.0,<Residue THR het=  resseq=20 icode= >,1egw_A_A,1.5
152,1.32,THR, ,CA,13.27,4.91,0.0,4.41,1.0,<Residue THR het=  resseq=20 icode= >,1egw_A_A,1.5
153,0.0,THR, ,C,13.42,5.66,0.0,5.03,1.0,<Residue THR het=  resseq=20 icode= >,1egw_A_A,1.5
154,0.0,THR, ,O,12.79,5.40,0.0,6.06,1.0,<Residue THR het=  resseq=20 icode= >,1egw_A_A,1.5
155,0.152,THR, ,CB,13.19,4.52,0.152,3.64,1.0,<Residue THR het=  resseq=20 icode= >,1egw_A_A,1.5
156,9.869,THR, ,OG1,16.34,4.21,0.0,4.98,1.0,<Residue THR het=  resseq=20 icode= >,1egw_A_A,1.5
157,18.511,THR, ,CG2,13.88,3.73,9.519,3.77,1.0,<Residue THR het=  resseq=20 icode= >,1egw_A_A,1.5
158,0.202,PHE, ,N,11.75,6.90,0.202,6.01,1.0,<Residue PHE het=  resseq=21 icode= >,1egw_A_A,1.5
159,6.54,PHE, ,CA,12.56,7.89,6.54,4.99,1.0,<Residue PHE het=  resseq=21 icode= >,1egw_A_A,1.5
160,0.0,PHE, ,C,13.44,8.28,0.0,4.38,1.0,<Residue PHE het=  resseq=21 icode= >,1egw_A_A,1.5
161,0.151,PHE, ,O,13.05,8.09,0.151,6.41,1.0,<Residue PHE het=  resseq=21 icode= >,1egw_A_A,1.5
162,6.853,PHE, ,CB,13.61,9.22,4.011,4.28,1.0,<Residue PHE het=  resseq=21 icode= >,1egw_A_A,1.5
163,1.025,PHE, ,CG,14.52,10.35,0.0,4.29,1.0,<Residue PHE het=  resseq=21 icode= >,1egw_A_A,1.5
164,20.412,PHE, ,CD1,15.82,10.65,19.307,3.58,1.0,<Residue PHE het=  resseq=21 icode= >,1egw_A_A,1.5
165,1.407,PHE, ,CD2,15.22,11.25,0.0,3.63,1.0,<Residue PHE het=  resseq=21 icode= >,1egw_A_A,1.5
166,8.671,PHE, ,CE1,15.62,11.72,5.457,3.24,1.0,<Residue PHE het=  resseq=21 icode= >,1egw_A_A,1.5
167,2.074,PHE, ,CE2,16.7,12.15,0.0,3.09,1.0,<Residue PHE het=  resseq=21 icode= >,1egw_A_A,1.5
168,0.0,PHE, ,CZ,17.85,12.19,0.0,2.76,1.0,<Residue PHE het=  resseq=21 icode= >,1egw_A_A,1.5
169,0.0,THR, ,N,13.79,8.63,0.0,4.42,1.0,<Residue THR het=  resseq=22 icode= >,1egw_A_A,1.5
170,0.064,THR, ,CA,13.77,9.10,0.0,3.38,1.0,<Residue THR het=  resseq=22 icode= >,1egw_A_A,1.5
171,0.0,THR, ,C,13.18,7.70,0.0,4.60,1.0,<Residue THR het=  resseq=22 icode= >,1egw_A_A,1.5
172,0.546,THR, ,O,14.09,7.37,0.0,6.21,1.0,<Residue THR het=  resseq=22 icode= >,1egw_A_A,1.5
173,4.365,THR, ,CB,14.82,9.15,0.0,3.52,1.0,<Residue THR het=  resseq=22 icode= >,1egw_A_A,1.5
174,14.59,THR, ,OG1,19.22,8.95,0.0,4.29,1.0,<Residue THR het=  resseq=22 icode= >,1egw_A_A,1.5
175,55.737,THR, ,CG2,16.7,8.63,0.0,2.52,1.0,<Residue THR het=  resseq=22 icode= >,1egw_A_A,1.5
176,0.0,LYS, ,N,11.53,7.06,0.0,5.65,1.0,<Residue LYS het=  resseq=23 icode= >,1egw_A_A,1.5
177,3.86,LYS, ,CA,12.12,5.80,0.0,4.18,1.0,<Residue LYS het=  resseq=23 icode= >,1egw_A_A,1.5
178,0.767,LYS, ,C,9.97,4.65,0.0,4.84,1.0,<Residue LYS het=  resseq=23 icode= >,1egw_A_A,1.5
179,6.761,LYS, ,O,10.25,4.02,0.0,6.94,1.0,<Residue LYS het=  resseq=23 icode= >,1egw_A_A,1.5
180,10.678,LYS, ,CB,14.48,5.55,0.0,4.06,1.0,<Residue LYS het=  resseq=23 icode= >,1egw_A_A,1.5
181,13.379,LYS, ,CG,20.0,6.26,0.0,2.17,1.0,<Residue LYS het=  resseq=23 icode= >,1egw_A_A,1.5
182,31.937,LYS, ,CD,21.63,5.26,0.0,1.68,1.0,<Residue LYS het=  resseq=23 icode= >,1egw_A_A,1.5
183,22.46,LYS, ,CE,20.64,3.96,0.0,2.91,1.0,<Residue LYS het=  resseq=23 icode= >,1egw_A_A,1.5
184,46.855,LYS, ,NZ,24.64,3.00,0.0,2.90,1.0,<Residue LYS het=  resseq=23 icode= >,1egw_A_A,1.5
185,0.0,ARG, ,N,10.03,4.73,0.0,5.46,1.0,<Residue ARG het=  resseq=24 icode= >,1egw_A_A,1.5
186,3.271,ARG, ,CA,8.01,4.16,0.0,5.57,1.0,<Residue ARG het=  resseq=24 icode= >,1egw_A_A,1.5
187,1.038,ARG, ,C,9.32,4.88,1.038,5.38,1.0,<Residue ARG het=  resseq=24 icode= >,1egw_A_A,1.5
188,1.878,ARG, ,O,8.79,4.65,0.232,7.27,1.0,<Residue ARG het=  resseq=24 icode= >,1egw_A_A,1.5
189,15.352,ARG, ,CB,10.51,4.56,12.453,4.54,1.0,<Residue ARG het=  resseq=24 icode= >,1egw_A_A,1.5
190,20.429,ARG, ,CG,9.84,3.75,0.0,4.80,1.0,<Residue ARG het=  resseq=24 icode= >,1egw_A_A,1.5
191,13.095,ARG, ,CD,12.4,4.27,13.092,3.88,1.0,<Residue ARG het=  resseq=24 icode= >,1egw_A_A,1.5
192,9.385,ARG, ,NE,11.96,3.42,1.289,5.05,1.0,<Residue ARG het=  resseq=24 icode= >,1egw_A_A,1.5
193,5.532,ARG, ,CZ,13.54,3.61,1.796,4.91,1.0,<Residue ARG het=  resseq=24 icode= >,1egw_A_A,1.5
194,44.73,ARG, ,NH1,12.73,4.00,29.407,5.93,1.0,<Residue ARG het=  resseq=24 icode= >,1egw_A_A,1.5
195,32.743,ARG, ,NH2,14.51,2.95,4.502,5.09,1.0,<Residue ARG het=  resseq=24 icode= >,1egw_A_A,1.5
196,0.825,LYS, ,N,11.18,6.06,0.825,5.32,1.0,<Residue LYS het=  resseq=25 icode= >,1egw_A_A,1.5
197,3.221,LYS, ,CA,10.99,7.03,3.221,4.34,1.0,<Residue LYS het=  resseq=25 icode= >,1egw_A_A,1.5
198,0.0,LYS, ,C,11.48,6.74,0.0,5.00,1.0,<Residue LYS het=  resseq=25 icode= >,1egw_A_A,1.5
199,0.0,LYS, ,O,11.42,7.16,0.0,7.11,1.0,<Residue LYS het=  resseq=25 icode= >,1egw_A_A,1.5
200,0.908,LYS, ,CB,12.2,8.41,0.908,3.98,1.0,<Residue LYS het=  resseq=25 icode= >,1egw_A_A,1.5
201,0.0,LYS, ,CG,15.44,9.47,0.0,3.79,1.0,<Residue LYS het=  resseq=25 icode= >,1egw_A_A,1.5
202,0.0,LYS, ,CD,19.37,10.87,0.0,2.87,1.0,<Residue LYS het=  resseq=25 icode= >,1egw_A_A,1.5
203,2.496,LYS, ,CE,22.19,11.21,0.0,1.96,1.0,<Residue LYS het=  resseq=25 icode= >,1egw_A_A,1.5
204,26.93,LYS, ,NZ,23.42,11.22,0.0,2.71,1.0,<Residue LYS het=  resseq=25 icode= >,1egw_A_A,1.5
205,0.0,PHE, ,N,11.75,6.36,0.0,5.99,1.0,<Residue PHE het=  resseq=26 icode= >,1egw_A_A,1.5
206,4.098,PHE, ,CA,10.6,6.48,0.0,4.78,1.0,<Residue PHE het=  resseq=26 icode= >,1egw_A_A,1.5
207,0.0,PHE, ,C,10.76,5.59,0.0,4.72,1.0,<Residue PHE het=  resseq=26 icode= >,1egw_A_A,1.5
208,1.265,PHE, ,O,11.67,6.29,0.0,6.52,1.0,<Residue PHE het=  resseq=26 icode= >,1egw_A_A,1.5
209,9.421,PHE, ,CB,11.51,6.51,0.0,4.13,1.0,<Residue PHE het=  resseq=26 icode= >,1egw_A_A,1.5
210,2.597,PHE, ,CG,13.79,7.01,0.0,4.03,1.0,<Residue PHE het=  resseq=26 icode= >,1egw_A_A,1.5
211,28.13,PHE, ,CD1,17.38,8.38,0.0,3.07,1.0,<Residue PHE het=  resseq=26 icode= >,1egw_A_A,1.5
212,11.48,PHE, ,CD2,14.57,6.32,0.0,3.35,1.0,<Residue PHE het=  resseq=26 icode= >,1egw_A_A,1.5
213,36.377,PHE, ,CE1,19.82,8.81,0.0,3.11,1.0,<Residue PHE het=  resseq=26 icode= >,1egw_A_A,1.5
214,16.028,PHE, ,CE2,18.89,6.50,0.0,2.83,1.0,<Residue PHE het=  resseq=26 icode= >,1egw_A_A,1.5
215,33.789,PHE, ,CZ,15.81,7.47,0.0,4.03,1.0,<Residue PHE het=  resseq=26 icode= >,1egw_A_A,1.5
216,0.0,GLY, ,N,10.35,4.27,0.0,4.86,1.0,<Residue GLY het=  resseq=27 icode= >,1egw_A_A,1.5
217,24.866,GLY, ,CA,10.9,3.67,0.0,4.10,1.0,<Residue GLY het=  resseq=27 icode= >,1egw_A_A,1.5
218,4.569,GLY, ,C,10.65,4.58,0.0,5.07,1.0,<Residue GLY het=  resseq=27 icode= >,1egw_A_A,1.5
219,1.068,GLY, ,O,10.05,5.08,0.0,7.35,1.0,<Residue GLY het=  resseq=27 icode= >,1egw_A_A,1.5
220,1.163,LEU, ,N,9.42,5.12,0.0,5.93,1.0,<Residue LEU het=  resseq=28 icode= >,1egw_A_A,1.5
221,3.084,LEU, ,CA,11.1,6.30,0.0,4.96,1.0,<Residue LEU het=  resseq=28 icode= >,1egw_A_A,1.5
222,0.0,LEU, ,C,9.7,7.48,0.0,5.45,1.0,<Residue LEU het=  resseq=28 icode= >,1egw_A_A,1.5
223,0.121,LEU, ,O,10.29,8.03,0.121,8.01,1.0,<Residue LEU het=  resseq=28 icode= >,1egw_A_A,1.5
224,5.273,LEU, ,CB,11.09,6.58,1.197,4.25,1.0,<Residue LEU het=  resseq=28 icode= >,1egw_A_A,1.5
225,0.0,LEU, ,CG,11.52,7.72,0.0,4.59,1.0,<Residue LEU het=  resseq=28 icode= >,1egw_A_A,1.5
226,51.978,LEU, ,CD1,14.99,7.47,45.291,3.70,1.0,<Residue LEU het=  resseq=28 icode= >,1egw_A_A,1.5
227,28.65,LEU, ,CD2,12.19,8.33,28.606,3.72,1.0,<Residue LEU het=  resseq=28 icode= >,1egw_A_A,1.5
228,0.0,MET, ,N,10.11,7.79,0.0,5.43,1.0,<Residue MET het=  resseq=29 icode= >,1egw_A_A,1.5
229,0.0,MET, ,CA,10.66,8.92,0.0,5.01,1.0,<Residue MET het=  resseq=29 icode= >,1egw_A_A,1.5
230,1.329,MET, ,C,11.27,7.91,0.0,5.67,1.0,<Residue MET het=  resseq=29 icode= >,1egw_A_A,1.5
231,0.451,MET, ,O,11.95,8.32,0.0,6.83,1.0,<Residue MET het=  resseq=29 icode= >,1egw_A_A,1.5
232,10.957,MET, ,CB,12.88,9.63,0.0,3.99,1.0,<Residue MET het=  resseq=29 icode= >,1egw_A_A,1.5
233,0.0,MET, ,CG,15.19,10.30,0.0,2.80,1.0,<Residue MET het=  resseq=29 icode= >,1egw_A_A,1.5
234,25.33,MET, ,SD,20.11,11.33,0.0,8.01,1.0,<Residue MET het=  resseq=29 icode= >,1egw_A_A,1.5
235,4.058,MET, ,CE,19.18,12.19,0.0,2.24,1.0,<Residue MET het=  resseq=29 icode= >,1egw_A_A,1.5
236,0.281,LYS, ,N,10.88,6.72,0.0,5.85,1.0,<Residue LYS het=  resseq=30 icode= >,1egw_A_A,1.5
237,6.946,LYS,x,CA,10.85,5.85,0.0,4.99,0.6,<Residue LYS het=  resseq=30 icode= >,1egw_A_A,1.5
238,0.0,LYS,x,C,10.37,5.62,0.0,4.94,0.6,<Residue LYS het=  resseq=30 icode= >,1egw_A_A,1.5
239,0.0,LYS,x,O,11.57,6.07,0.0,7.59,0.6,<Residue LYS het=  resseq=30 icode= >,1egw_A_A,1.5
240,2.495,LYS,x,CB,11.4,4.69,0.0,5.00,0.6,<Residue LYS het=  resseq=30 icode= >,1egw_A_A,1.5
241,6.363,LYS,x,CG,12.35,3.95,0.0,3.44,0.6,<Residue LYS het=  resseq=30 icode= >,1egw_A_A,1.5
242,16.484,LYS,x,CD,9.95,3.32,0.0,3.60,0.6,<Residue LYS het=  resseq=30 icode= >,1egw_A_A,1.5
243,27.067,LYS,x,CE,14.45,3.48,0.0,3.26,0.6,<Residue LYS het=  resseq=30 icode= >,1egw_A_A,1.5
244,49.053,LYS,x,NZ,15.17,2.82,0.0,2.20,0.6,<Residue LYS het=  resseq=30 icode= >,1egw_A_A,1.5
245,0.0,LYS,x,N,9.6,5.41,0.0,6.23,0.7,<Residue LYS het=  resseq=31 icode= >,1egw_A_A,1.5
246,0.442,LYS,x,CA,10.33,5.77,0.442,4.81,0.7,<Residue LYS het=  resseq=31 icode= >,1egw_A_A,1.5
247,1.223,LYS,x,C,9.66,6.69,1.223,5.75,0.7,<Residue LYS het=  resseq=31 icode= >,1egw_A_A,1.5
248,5.016,LYS,x,O,10.13,6.37,3.688,6.14,0.7,<Residue LYS het=  resseq=31 icode= >,1egw_A_A,1.5
249,12.234,LYS,x,CB,11.9,5.07,10.385,4.23,0.7,<Residue LYS het=  resseq=31 icode= >,1egw_A_A,1.5
250,6.181,LYS,x,CG,10.83,4.27,2.716,4.52,0.7,<Residue LYS het=  resseq=31 icode= >,1egw_A_A,1.5
251,29.009,LYS,x,CD,11.19,3.68,14.513,3.03,0.7,<Residue LYS het=  resseq=31 icode= >,1egw_A_A,1.5
252,48.241,LYS,x,CE,10.89,3.42,0.458,3.40,0.7,<Residue LYS het=  resseq=31 icode= >,1egw_A_A,1.5
253,43.761,LYS,x,NZ,10.9,2.50,7.94,5.32,0.7,<Residue LYS het=  resseq=31 icode= >,1egw_A_A,1.5
254,0.608,ALA, ,N,11.22,7.90,0.608,5.72,1.0,<Residue ALA het=  resseq=32 icode= >,1egw_A_A,1.5
255,4.526,ALA, ,CA,10.37,8.83,4.526,5.26,1.0,<Residue ALA het=  resseq=32 icode= >,1egw_A_A,1.5
256,0.0,ALA, ,C,11.88,9.43,0.0,4.97,1.0,<Residue ALA het=  resseq=32 icode= >,1egw_A_A,1.5
257,0.0,ALA, ,O,12.3,9.72,0.0,6.04,1.0,<Residue ALA het=  resseq=32 icode= >,1egw_A_A,1.5
258,8.005,ALA, ,CB,11.71,10.03,8.005,4.39,1.0,<Residue ALA het=  resseq=32 icode= >,1egw_A_A,1.5
259,0.0,TYR, ,N,11.69,9.29,0.0,5.72,1.0,<Residue TYR het=  resseq=33 icode= >,1egw_A_A,1.5
260,0.0,TYR, ,CA,11.87,9.78,0.0,4.45,1.0,<Residue TYR het=  resseq=33 icode= >,1egw_A_A,1.5
261,0.0,TYR, ,C,12.31,9.54,0.0,4.63,1.0,<Residue TYR het=  resseq=33 icode= >,1egw_A_A,1.5
262,0.0,TYR, ,O,13.33,10.54,0.0,6.28,1.0,<Residue TYR het=  resseq=33 icode= >,1egw_A_A,1.5
263,6.8,TYR, ,CB,13.22,9.35,0.0,4.00,1.0,<Residue TYR het=  resseq=33 icode= >,1egw_A_A,1.5
264,2.063,TYR, ,CG,15.48,9.79,0.0,4.29,1.0,<Residue TYR het=  resseq=33 icode= >,1egw_A_A,1.5
265,12.272,TYR, ,CD1,15.2,11.15,0.0,3.47,1.0,<Residue TYR het=  resseq=33 icode= >,1egw_A_A,1.5
266,9.172,TYR, ,CD2,17.17,9.02,0.0,3.84,1.0,<Residue TYR het=  resseq=33 icode= >,1egw_A_A,1.5
267,23.542,TYR, ,CE1,18.02,11.79,0.0,2.77,1.0,<Residue TYR het=  resseq=33 icode= >,1egw_A_A,1.5
268,25.591,TYR, ,CE2,19.49,9.77,9.274,3.66,1.0,<Residue TYR het=  resseq=33 icode= >,1egw_A_A,1.5
269,5.54,TYR, ,CZ,18.33,11.16,0.0,3.06,1.0,<Residue TYR het=  resseq=33 icode= >,1egw_A_A,1.5
270,36.291,TYR, ,OH,21.55,12.04,4.66,3.44,1.0,<Residue TYR het=  resseq=33 icode= >,1egw_A_A,1.5
271,0.0,GLU, ,N,10.57,8.35,0.0,6.27,1.0,<Residue GLU het=  resseq=34 icode= >,1egw_A_A,1.5
272,1.492,GLU, ,CA,11.5,8.27,1.492,4.62,1.0,<Residue GLU het=  resseq=34 icode= >,1egw_A_A,1.5
273,0.0,GLU, ,C,12.17,8.17,0.0,3.40,1.0,<Residue GLU het=  resseq=34 icode= >,1egw_A_A,1.5
274,0.0,GLU, ,O,13.3,8.28,0.0,5.71,1.0,<Residue GLU het=  resseq=34 icode= >,1egw_A_A,1.5
275,4.216,GLU, ,CB,10.77,7.06,4.216,3.98,1.0,<Residue GLU het=  resseq=34 icode= >,1egw_A_A,1.5
276,9.674,GLU, ,CG,11.87,6.23,8.88,4.29,1.0,<Residue GLU het=  resseq=34 icode= >,1egw_A_A,1.5
277,8.167,GLU, ,CD,12.08,4.97,6.971,5.58,1.0,<Residue GLU het=  resseq=34 icode= >,1egw_A_A,1.5
278,20.114,GLU, ,OE1,13.62,4.60,13.426,6.21,1.0,<Residue GLU het=  resseq=34 icode= >,1egw_A_A,1.5
279,19.921,GLU, ,OE2,15.67,4.71,7.955,5.42,1.0,<Residue GLU het=  resseq=34 icode= >,1egw_A_A,1.5
280,0.49,LEU, ,N,11.55,7.71,0.49,5.31,1.0,<Residue LEU het=  resseq=35 icode= >,1egw_A_A,1.5
281,1.603,LEU, ,CA,11.46,7.97,1.603,4.30,1.0,<Residue LEU het=  resseq=35 icode= >,1egw_A_A,1.5
282,0.0,LEU, ,C,12.03,9.48,0.0,4.76,1.0,<Residue LEU het=  resseq=35 icode= >,1egw_A_A,1.5
283,0.0,LEU, ,O,13.21,9.56,0.0,5.89,1.0,<Residue LEU het=  resseq=35 icode= >,1egw_A_A,1.5
284,4.609,LEU, ,CB,11.37,7.62,4.269,4.25,1.0,<Residue LEU het=  resseq=35 icode= >,1egw_A_A,1.5
285,0.0,LEU, ,CG,12.28,8.30,0.0,4.30,1.0,<Residue LEU het=  resseq=35 icode= >,1egw_A_A,1.5
286,29.734,LEU, ,CD1,13.33,7.94,29.734,3.67,1.0,<Residue LEU het=  resseq=35 icode= >,1egw_A_A,1.5
287,51.472,LEU, ,CD2,13.7,8.27,51.472,3.06,1.0,<Residue LEU het=  resseq=35 icode= >,1egw_A_A,1.5
288,0.0,SER, ,N,13.54,10.22,0.0,4.96,1.0,<Residue SER het=  resseq=36 icode= >,1egw_A_A,1.5
289,0.0,SER, ,CA,15.32,11.67,0.0,3.82,1.0,<Residue SER het=  resseq=36 icode= >,1egw_A_A,1.5
290,1.062,SER, ,C,15.82,11.80,0.0,4.22,1.0,<Residue SER het=  resseq=36 icode= >,1egw_A_A,1.5
291,5.148,SER, ,O,16.64,12.32,0.0,5.16,1.0,<Residue SER het=  resseq=36 icode= >,1egw_A_A,1.5
292,1.42,SER, ,CB,13.55,12.43,0.0,3.87,1.0,<Residue SER het=  resseq=36 icode= >,1egw_A_A,1.5
293,4.81,SER, ,OG,18.17,12.73,0.0,3.45,1.0,<Residue SER het=  resseq=36 icode= >,1egw_A_A,1.5
294,0.0,VAL, ,N,14.61,11.24,0.0,5.20,1.0,<Residue VAL het=  resseq=37 icode= >,1egw_A_A,1.5
295,5.698,VAL, ,CA,15.63,11.33,0.0,3.92,1.0,<Residue VAL het=  resseq=37 icode= >,1egw_A_A,1.5
296,0.0,VAL, ,C,15.54,10.36,0.0,4.19,1.0,<Residue VAL het=  resseq=37 icode= >,1egw_A_A,1.5
297,14.556,VAL, ,O,16.74,10.89,12.915,5.17,1.0,<Residue VAL het=  resseq=37 icode= >,1egw_A_A,1.5
298,1.641,VAL, ,CB,17.48,11.40,1.641,3.45,1.0,<Residue VAL het=  resseq=37 icode= >,1egw_A_A,1.5
299,51.62,VAL, ,CG1,18.02,11.61,34.964,2.78,1.0,<Residue VAL het=  resseq=37 icode= >,1egw_A_A,1.5
300,19.939,VAL, ,CG2,18.66,12.61,0.0,3.03,1.0,<Residue VAL het=  resseq=37 icode= >,1egw_A_A,1.5
301,0.0,LEU, ,N,14.1,9.05,0.0,5.63,1.0,<Residue LEU het=  resseq=38 icode= >,1egw_A_A,1.5
302,4.1,LEU, ,CA,13.92,8.17,4.1,3.95,1.0,<Residue LEU het=  resseq=38 icode= >,1egw_A_A,1.5
303,0.0,LEU, ,C,14.29,8.63,0.0,4.67,1.0,<Residue LEU het=  resseq=38 icode= >,1egw_A_A,1.5
304,30.211,LEU, ,O,16.19,8.85,30.211,5.13,1.0,<Residue LEU het=  resseq=38 icode= >,1egw_A_A,1.5
305,4.137,LEU, ,CB,13.73,6.68,4.137,3.42,1.0,<Residue LEU het=  resseq=38 icode= >,1egw_A_A,1.5
306,3.282,LEU, ,CG,15.17,6.27,3.282,3.80,1.0,<Residue LEU het=  resseq=38 icode= >,1egw_A_A,1.5
307,41.053,LEU, ,CD1,13.13,5.11,41.053,4.26,1.0,<Residue LEU het=  resseq=38 icode= >,1egw_A_A,1.5
308,60.337,LEU, ,CD2,15.16,6.20,56.921,3.62,1.0,<Residue LEU het=  resseq=38 icode= >,1egw_A_A,1.5
309,0.0,CYS, ,N,13.69,9.04,0.0,5.12,1.0,<Residue CYS het=  resseq=39 icode= >,1egw_A_A,1.5
310,6.559,CYS, ,CA,14.98,9.64,6.559,3.91,1.0,<Residue CYS het=  resseq=39 icode= >,1egw_A_A,1.5
311,1.643,CYS, ,C,17.49,11.15,1.643,4.18,1.0,<Residue CYS het=  resseq=39 icode= >,1egw_A_A,1.5
312,16.771,CYS, ,O,18.96,11.87,14.854,3.97,1.0,<Residue CYS het=  resseq=39 icode= >,1egw_A_A,1.5
313,14.778,CYS, ,CB,15.47,9.12,14.099,3.17,1.0,<Residue CYS het=  resseq=39 icode= >,1egw_A_A,1.5
314,43.02,CYS, ,SG,14.88,7.40,43.02,12.30,1.0,<Residue CYS het=  resseq=39 icode= >,1egw_A_A,1.5
315,0.003,ASP, ,N,18.66,11.76,0.003,4.28,1.0,<Residue ASP het=  resseq=40 icode= >,1egw_A_A,1.5
316,2.578,ASP, ,CA,21.05,13.22,0.0,2.86,1.0,<Residue ASP het=  resseq=40 icode= >,1egw_A_A,1.5
317,0.363,ASP,x,C,21.0,13.84,0.0,3.64,0.5,<Residue ASP het=  resseq=40 icode= >,1egw_A_A,1.5
318,20.222,ASP,x,O,21.33,14.73,15.78,4.00,0.5,<Residue ASP het=  resseq=40 icode= >,1egw_A_A,1.5
319,24.89,ASP, ,CB,22.52,13.85,24.483,3.03,1.0,<Residue ASP het=  resseq=40 icode= >,1egw_A_A,1.5
320,11.184,ASP, ,CG,24.89,15.34,5.438,2.98,1.0,<Residue ASP het=  resseq=40 icode= >,1egw_A_A,1.5
321,32.273,ASP, ,OD1,25.29,15.91,0.0,3.48,1.0,<Residue ASP het=  resseq=40 icode= >,1egw_A_A,1.5
322,41.728,ASP, ,OD2,27.95,16.03,21.967,2.55,1.0,<Residue ASP het=  resseq=40 icode= >,1egw_A_A,1.5
323,0.0,CYS,x,N,19.2,13.50,0.0,4.34,0.5,<Residue CYS het=  resseq=41 icode= >,1egw_A_A,1.5
324,5.753,CYS,x,CA,18.66,14.28,4.797,2.92,0.5,<Residue CYS het=  resseq=41 icode= >,1egw_A_A,1.5
325,3.407,CYS,x,C,18.01,15.00,0.0,4.14,0.5,<Residue CYS het=  resseq=41 icode= >,1egw_A_A,1.5
326,6.395,CYS,x,O,18.6,14.70,0.0,5.04,0.5,<Residue CYS het=  resseq=41 icode= >,1egw_A_A,1.5
327,28.975,CYS,x,CB,18.43,13.48,28.975,2.25,0.5,<Residue CYS het=  resseq=41 icode= >,1egw_A_A,1.5
328,4.752,CYS,x,SG,18.5,11.99,4.752,4.38,0.5,<Residue CYS het=  resseq=41 icode= >,1egw_A_A,1.5
329,5.594,GLU,x,N,17.17,15.78,4.331,4.58,0.5,<Residue GLU het=  resseq=42 icode= >,1egw_A_A,1.5
330,1.209,GLU,x,CA,18.23,16.40,0.0,3.66,0.5,<Residue GLU het=  resseq=42 icode= >,1egw_A_A,1.5
331,0.0,GLU,x,C,16.96,15.74,0.0,4.12,0.5,<Residue GLU het=  resseq=42 icode= >,1egw_A_A,1.5
332,19.937,GLU,x,O,16.74,15.12,19.937,4.80,0.5,<Residue GLU het=  resseq=42 icode= >,1egw_A_A,1.5
333,18.329,GLU,x,CB,20.37,17.86,9.462,2.28,0.5,<Residue GLU het=  resseq=42 icode= >,1egw_A_A,1.5
334,0.447,GLU,x,CG,23.44,18.67,0.0,0.49,0.5,<Residue GLU het=  resseq=42 icode= >,1egw_A_A,1.5
335,5.6,GLU,x,CD,25.76,19.40,0.317,0.60,0.5,<Residue GLU het=  resseq=42 icode= >,1egw_A_A,1.5
336,2.625,GLU,x,OE1,27.41,20.01,0.0,0.06,0.5,<Residue GLU het=  resseq=42 icode= >,1egw_A_A,1.5
337,6.066,GLU,x,OE2,27.14,19.46,0.134,1.07,0.5,<Residue GLU het=  resseq=42 icode= >,1egw_A_A,1.5
338,0.0,ILE,x,N,17.0,15.40,0.0,5.03,0.5,<Residue ILE het=  resseq=43 icode= >,1egw_A_A,1.5
339,2.572,ILE, ,CA,16.12,14.83,2.572,3.69,1.0,<Residue ILE het=  resseq=43 icode= >,1egw_A_A,1.5
340,0.0,ILE, ,C,16.46,15.55,0.0,4.30,1.0,<Residue ILE het=  resseq=43 icode= >,1egw_A_A,1.5
341,0.0,ILE, ,O,17.89,15.97,0.0,4.77,1.0,<Residue ILE het=  resseq=43 icode= >,1egw_A_A,1.5
342,0.0,ILE, ,CB,14.65,13.32,0.0,3.98,1.0,<Residue ILE het=  resseq=43 icode= >,1egw_A_A,1.5
343,7.231,ILE, ,CG1,15.0,12.59,7.231,3.52,1.0,<Residue ILE het=  resseq=43 icode= >,1egw_A_A,1.5
344,15.793,ILE, ,CG2,14.8,12.82,15.793,3.99,1.0,<Residue ILE het=  resseq=43 icode= >,1egw_A_A,1.5
345,5.007,ILE, ,CD1,15.36,11.06,5.007,3.71,1.0,<Residue ILE het=  resseq=43 icode= >,1egw_A_A,1.5
346,3.825,ALA, ,N,17.44,14.72,3.825,4.04,1.0,<Residue ALA het=  resseq=44 icode= >,1egw_A_A,1.5
347,0.0,ALA, ,CA,15.96,15.15,0.0,3.46,1.0,<Residue ALA het=  resseq=44 icode= >,1egw_A_A,1.5
348,0.445,ALA, ,C,13.8,14.12,0.085,4.83,1.0,<Residue ALA het=  resseq=44 icode= >,1egw_A_A,1.5
349,24.46,ALA, ,O,14.9,12.92,23.957,5.79,1.0,<Residue ALA het=  resseq=44 icode= >,1egw_A_A,1.5
350,7.101,ALA, ,CB,18.59,15.50,6.565,2.88,1.0,<Residue ALA het=  resseq=44 icode= >,1egw_A_A,1.5
351,0.0,LEU, ,N,14.95,14.71,0.0,5.08,1.0,<Residue LEU het=  resseq=45 icode= >,1egw_A_A,1.5
352,1.473,LEU, ,CA,14.02,14.09,1.473,4.67,1.0,<Residue LEU het=  resseq=45 icode= >,1egw_A_A,1.5
353,0.0,LEU, ,C,15.1,14.94,0.0,5.21,1.0,<Residue LEU het=  resseq=45 icode= >,1egw_A_A,1.5
354,0.0,LEU, ,O,16.59,15.87,0.0,5.64,1.0,<Residue LEU het=  resseq=45 icode= >,1egw_A_A,1.5
355,1.435,LEU, ,CB,15.15,13.82,1.435,4.26,1.0,<Residue LEU het=  resseq=45 icode= >,1egw_A_A,1.5
356,0.0,LEU, ,CG,15.46,12.69,0.0,3.58,1.0,<Residue LEU het=  resseq=45 icode= >,1egw_A_A,1.5
357,31.67,LEU, ,CD1,14.56,12.15,31.67,3.91,1.0,<Residue LEU het=  resseq=45 icode= >,1egw_A_A,1.5
358,0.796,LEU, ,CD2,15.64,11.50,0.796,3.73,1.0,<Residue LEU het=  resseq=45 icode= >,1egw_A_A,1.5
359,4.248,ILE, ,N,16.12,14.21,4.248,4.64,1.0,<Residue ILE het=  resseq=46 icode= >,1egw_A_A,1.5
360,0.0,ILE, ,CA,17.71,14.89,0.0,3.70,1.0,<Residue ILE het=  resseq=46 icode= >,1egw_A_A,1.5
361,0.0,ILE, ,C,16.13,14.28,0.0,4.72,1.0,<Residue ILE het=  resseq=46 icode= >,1egw_A_A,1.5
362,21.684,ILE, ,O,17.19,13.07,21.684,5.65,1.0,<Residue ILE het=  resseq=46 icode= >,1egw_A_A,1.5
363,7.548,ILE, ,CB,17.9,14.60,7.548,3.34,1.0,<Residue ILE het=  resseq=46 icode= >,1egw_A_A,1.5
364,1.919,ILE, ,CG1,20.5,15.56,1.445,2.75,1.0,<Residue ILE het=  resseq=46 icode= >,1egw_A_A,1.5
365,11.142,ILE, ,CG2,20.28,14.84,11.142,2.46,1.0,<Residue ILE het=  resseq=46 icode= >,1egw_A_A,1.5
366,35.273,ILE, ,CD1,21.43,15.16,34.071,2.58,1.0,<Residue ILE het=  resseq=46 icode= >,1egw_A_A,1.5
367,0.0,ILE, ,N,17.96,15.20,0.0,4.77,1.0,<Residue ILE het=  resseq=47 icode= >,1egw_A_A,1.5
368,3.327,ILE, ,CA,17.69,14.88,3.327,4.13,1.0,<Residue ILE het=  resseq=47 icode= >,1egw_A_A,1.5
369,0.0,ILE, ,C,19.81,15.60,0.0,3.77,1.0,<Residue ILE het=  resseq=47 icode= >,1egw_A_A,1.5
370,0.0,ILE, ,O,21.72,16.32,0.0,3.63,1.0,<Residue ILE het=  resseq=47 icode= >,1egw_A_A,1.5
371,0.0,ILE, ,CB,17.85,13.53,0.0,3.99,1.0,<Residue ILE het=  resseq=47 icode= >,1egw_A_A,1.5
372,6.763,ILE, ,CG1,17.64,12.61,6.763,3.22,1.0,<Residue ILE het=  resseq=47 icode= >,1egw_A_A,1.5
373,14.646,ILE, ,CG2,16.68,12.99,13.014,3.67,1.0,<Residue ILE het=  resseq=47 icode= >,1egw_A_A,1.5
374,3.032,ILE, ,CD1,19.32,11.36,3.032,2.59,1.0,<Residue ILE het=  resseq=47 icode= >,1egw_A_A,1.5
375,5.162,PHE, ,N,20.77,14.90,4.16,3.90,1.0,<Residue PHE het=  resseq=48 icode= >,1egw_A_A,1.5
376,0.0,PHE, ,CA,21.79,15.43,0.0,3.23,1.0,<Residue PHE het=  resseq=48 icode= >,1egw_A_A,1.5
377,0.0,PHE, ,C,22.04,15.50,0.0,4.75,1.0,<Residue PHE het=  resseq=48 icode= >,1egw_A_A,1.5
378,21.338,PHE, ,O,23.09,14.53,2.053,4.00,1.0,<Residue PHE het=  resseq=48 icode= >,1egw_A_A,1.5
379,13.906,PHE, ,CB,24.33,14.66,3.771,2.12,1.0,<Residue PHE het=  resseq=48 icode= >,1egw_A_A,1.5
380,2.006,PHE, ,CG,24.68,14.91,2.006,2.67,1.0,<Residue PHE het=  resseq=48 icode= >,1egw_A_A,1.5
381,18.357,PHE, ,CD1,24.76,14.08,14.693,2.89,1.0,<Residue PHE het=  resseq=48 icode= >,1egw_A_A,1.5
382,1.627,PHE, ,CD2,25.68,16.12,1.627,2.62,1.0,<Residue PHE het=  resseq=48 icode= >,1egw_A_A,1.5
383,19.743,PHE, ,CE1,26.34,14.53,19.743,2.29,1.0,<Residue PHE het=  resseq=48 icode= >,1egw_A_A,1.5
384,18.651,PHE, ,CE2,25.67,16.53,17.403,2.67,1.0,<Residue PHE het=  resseq=48 icode= >,1egw_A_A,1.5
385,24.206,PHE, ,CZ,25.39,15.76,24.206,2.55,1.0,<Residue PHE het=  resseq=48 icode= >,1egw_A_A,1.5
386,0.0,ASN, ,N,24.2,16.41,0.0,4.18,1.0,<Residue ASN het=  resseq=49 icode= >,1egw_A_A,1.5
387,3.308,ASN, ,CA,27.49,15.45,0.592,3.06,1.0,<Residue ASN het=  resseq=49 icode= >,1egw_A_A,1.5
388,1.543,ASN, ,C,30.13,16.12,0.0,2.83,1.0,<Residue ASN het=  resseq=49 icode= >,1egw_A_A,1.5
389,4.279,ASN, ,O,30.27,17.31,0.0,3.31,1.0,<Residue ASN het=  resseq=49 icode= >,1egw_A_A,1.5
390,3.479,ASN, ,CB,28.02,14.87,0.143,2.47,1.0,<Residue ASN het=  resseq=49 icode= >,1egw_A_A,1.5
391,0.03,ASN, ,CG,29.03,15.93,0.0,3.06,1.0,<Residue ASN het=  resseq=49 icode= >,1egw_A_A,1.5
392,0.0,ASN, ,OD1,27.71,17.05,0.0,3.57,1.0,<Residue ASN het=  resseq=49 icode= >,1egw_A_A,1.5
393,10.541,ASN, ,ND2,29.8,15.65,0.0,2.90,1.0,<Residue ASN het=  resseq=49 icode= >,1egw_A_A,1.5
394,6.925,SER, ,N,32.49,15.47,5.031,2.59,1.0,<Residue SER het=  resseq=50 icode= >,1egw_A_A,1.5
395,12.491,SER, ,CA,35.55,16.24,3.38,1.54,1.0,<Residue SER het=  resseq=50 icode= >,1egw_A_A,1.5
396,0.993,SER, ,C,37.01,17.48,0.0,1.78,1.0,<Residue SER het=  resseq=50 icode= >,1egw_A_A,1.5
397,27.264,SER, ,O,37.79,18.51,0.0,1.62,1.0,<Residue SER het=  resseq=50 icode= >,1egw_A_A,1.5
398,30.294,SER, ,CB,36.18,15.45,21.119,2.01,1.0,<Residue SER het=  resseq=50 icode= >,1egw_A_A,1.5
399,15.379,SER, ,OG,38.51,15.07,0.165,1.86,1.0,<Residue SER het=  resseq=50 icode= >,1egw_A_A,1.5
400,0.0,SER, ,N,37.42,17.10,0.0,1.98,1.0,<Residue SER het=  resseq=51 icode= >,1egw_A_A,1.5
401,10.591,SER, ,CA,37.9,17.16,0.0,2.29,1.0,<Residue SER het=  resseq=51 icode= >,1egw_A_A,1.5
402,1.652,SER, ,C,38.29,18.31,0.0,2.11,1.0,<Residue SER het=  resseq=51 icode= >,1egw_A_A,1.5
403,21.429,SER, ,O,39.31,18.43,0.0,1.87,1.0,<Residue SER het=  resseq=51 icode= >,1egw_A_A,1.5
404,29.751,SER, ,CB,40.73,15.86,0.0,2.12,1.0,<Residue SER het=  resseq=51 icode= >,1egw_A_A,1.5
405,30.243,SER, ,OG,45.1,14.79,0.0,1.56,1.0,<Residue SER het=  resseq=51 icode= >,1egw_A_A,1.5
406,0.0,ASN, ,N,37.64,19.07,0.0,2.34,1.0,<Residue ASN het=  resseq=52 icode= >,1egw_A_A,1.5
407,0.0,ASN, ,CA,37.22,20.28,0.0,2.56,1.0,<Residue ASN het=  resseq=52 icode= >,1egw_A_A,1.5
408,1.453,ASN, ,C,35.93,20.10,0.0,2.43,1.0,<Residue ASN het=  resseq=52 icode= >,1egw_A_A,1.5
409,14.166,ASN, ,O,35.84,21.01,9.712,2.83,1.0,<Residue ASN het=  resseq=52 icode= >,1egw_A_A,1.5
410,17.785,ASN, ,CB,40.25,21.17,0.0,1.20,1.0,<Residue ASN het=  resseq=52 icode= >,1egw_A_A,1.5
411,5.365,ASN, ,CG,42.52,22.61,0.139,2.22,1.0,<Residue ASN het=  resseq=52 icode= >,1egw_A_A,1.5
412,25.231,ASN, ,OD1,43.9,22.85,15.273,1.74,1.0,<Residue ASN het=  resseq=52 icode= >,1egw_A_A,1.5
413,52.5,ASN, ,ND2,44.37,23.51,13.567,1.03,1.0,<Residue ASN het=  resseq=52 icode= >,1egw_A_A,1.5
414,0.0,LYS, ,N,34.04,18.59,0.0,1.98,1.0,<Residue LYS het=  resseq=53 icode= >,1egw_A_A,1.5
415,6.982,LYS, ,CA,31.22,18.14,2.929,3.08,1.0,<Residue LYS het=  resseq=53 icode= >,1egw_A_A,1.5
416,0.0,LYS, ,C,29.01,18.51,0.0,3.38,1.0,<Residue LYS het=  resseq=53 icode= >,1egw_A_A,1.5
417,0.0,LYS, ,O,28.32,18.46,0.0,3.24,1.0,<Residue LYS het=  resseq=53 icode= >,1egw_A_A,1.5
418,10.131,LYS, ,CB,32.96,16.66,0.0,2.60,1.0,<Residue LYS het=  resseq=53 icode= >,1egw_A_A,1.5
419,12.19,LYS, ,CG,35.46,16.35,6.279,1.49,1.0,<Residue LYS het=  resseq=53 icode= >,1egw_A_A,1.5
420,20.73,LYS, ,CD,37.76,14.91,0.0,1.13,1.0,<Residue LYS het=  resseq=53 icode= >,1egw_A_A,1.5
421,33.469,LYS, ,CE,40.29,14.88,0.399,1.07,1.0,<Residue LYS het=  resseq=53 icode= >,1egw_A_A,1.5
422,41.69,LYS, ,NZ,42.39,13.54,0.0,0.74,1.0,<Residue LYS het=  resseq=53 icode= >,1egw_A_A,1.5
423,4.141,LEU, ,N,26.43,1000.00,4.141,3.39,1.0,<Residue LEU het=  resseq=54 icode= >,1egw_A_A,1.5
424,0.0,LEU, ,CA,25.59,1000.00,0.0,2.35,1.0,<Residue LEU het=  resseq=54 icode= >,1egw_A_A,1.5
425,0.0,LEU, ,C,24.45,1000.00,0.0,2.62,1.0,<Residue LEU het=  resseq=54 icode= >,1egw_A_A,1.5
426,14.12,LEU, ,O,23.83,1000.00,0.923,3.06,1.0,<Residue LEU het=  resseq=54 icode= >,1egw_A_A,1.5
427,13.388,LEU, ,CB,25.4,1000.00,12.898,2.28,1.0,<Residue LEU het=  resseq=54 icode= >,1egw_A_A,1.5
428,0.698,LEU, ,CG,27.14,1000.00,0.0,1.95,1.0,<Residue LEU het=  resseq=54 icode= >,1egw_A_A,1.5
429,1.423,LEU, ,CD1,26.56,1000.00,1.423,2.14,1.0,<Residue LEU het=  resseq=54 icode= >,1egw_A_A,1.5
430,42.821,LEU, ,CD2,29.26,1000.00,39.798,1.51,1.0,<Residue LEU het=  resseq=54 icode= >,1egw_A_A,1.5
431,0.0,PHE, ,N,22.08,16.74,0.0,3.82,1.0,<Residue PHE het=  resseq=55 icode= >,1egw_A_A,1.5
432,5.27,PHE, ,CA,20.49,15.84,0.0,3.06,1.0,<Residue PHE het=  resseq=55 icode= >,1egw_A_A,1.5
433,0.0,PHE, ,C,19.76,15.81,0.0,4.15,1.0,<Residue PHE het=  resseq=55 icode= >,1egw_A_A,1.5
434,0.0,PHE, ,O,20.24,15.86,0.0,4.79,1.0,<Residue PHE het=  resseq=55 icode= >,1egw_A_A,1.5
435,0.775,PHE, ,CB,18.92,14.45,0.0,3.05,1.0,<Residue PHE het=  resseq=55 icode= >,1egw_A_A,1.5
436,0.0,PHE, ,CG,17.19,14.56,0.0,4.68,1.0,<Residue PHE het=  resseq=55 icode= >,1egw_A_A,1.5
437,0.0,PHE, ,CD1,19.23,14.91,0.0,3.59,1.0,<Residue PHE het=  resseq=55 icode= >,1egw_A_A,1.5
438,12.873,PHE, ,CD2,20.58,14.55,0.0,3.14,1.0,<Residue PHE het=  resseq=55 icode= >,1egw_A_A,1.5
439,0.0,PHE, ,CE1,20.96,15.25,0.0,2.73,1.0,<Residue PHE het=  resseq=55 icode= >,1egw_A_A,1.5
440,15.75,PHE, ,CE2,20.86,14.89,0.0,3.08,1.0,<Residue PHE het=  resseq=55 icode= >,1egw_A_A,1.5
441,8.865,PHE, ,CZ,19.9,15.24,0.0,3.11,1.0,<Residue PHE het=  resseq=55 icode= >,1egw_A_A,1.5
442,2.803,GLN, ,N,18.33,15.91,0.0,5.49,1.0,<Residue GLN het=  resseq=56 icode= >,1egw_A_A,1.5
443,0.0,GLN, ,CA,19.73,16.12,0.0,3.34,1.0,<Residue GLN het=  resseq=56 icode= >,1egw_A_A,1.5
444,0.075,GLN, ,C,20.12,15.70,0.0,3.86,1.0,<Residue GLN het=  resseq=56 icode= >,1egw_A_A,1.5
445,18.63,GLN, ,O,21.18,15.61,0.0,4.50,1.0,<Residue GLN het=  resseq=56 icode= >,1egw_A_A,1.5
446,0.0,GLN, ,CB,20.71,17.64,0.0,2.77,1.0,<Residue GLN het=  resseq=56 icode= >,1egw_A_A,1.5
447,18.047,GLN, ,CG,25.01,18.43,0.0,1.70,1.0,<Residue GLN het=  resseq=56 icode= >,1egw_A_A,1.5
448,7.011,GLN, ,CD,25.7,19.93,1.604,3.11,1.0,<Residue GLN het=  resseq=56 icode= >,1egw_A_A,1.5
449,17.058,GLN, ,OE1,29.68,20.58,8.194,2.73,1.0,<Residue GLN het=  resseq=56 icode= >,1egw_A_A,1.5
450,31.568,GLN, ,NE2,29.82,20.54,7.758,1.78,1.0,<Residue GLN het=  resseq=56 icode= >,1egw_A_A,1.5
451,0.0,TYR, ,N,18.81,15.62,0.0,4.37,1.0,<Residue TYR het=  resseq=57 icode= >,1egw_A_A,1.5
452,6.511,TYR, ,CA,17.58,15.41,0.0,3.67,1.0,<Residue TYR het=  resseq=57 icode= >,1egw_A_A,1.5
453,0.432,TYR, ,C,18.14,16.02,0.0,4.07,1.0,<Residue TYR het=  resseq=57 icode= >,1egw_A_A,1.5
454,0.0,TYR, ,O,17.58,16.31,0.0,5.17,1.0,<Residue TYR het=  resseq=57 icode= >,1egw_A_A,1.5
455,0.464,TYR, ,CB,17.52,13.88,0.0,3.31,1.0,<Residue TYR het=  resseq=57 icode= >,1egw_A_A,1.5
456,0.0,TYR, ,CG,14.97,13.28,0.0,4.61,1.0,<Residue TYR het=  resseq=57 icode= >,1egw_A_A,1.5
457,15.858,TYR, ,CD1,16.96,13.09,0.0,3.63,1.0,<Residue TYR het=  resseq=57 icode= >,1egw_A_A,1.5
458,0.0,TYR, ,CD2,15.04,13.23,0.0,3.66,1.0,<Residue TYR het=  resseq=57 icode= >,1egw_A_A,1.5
459,13.837,TYR, ,CE1,17.73,12.89,0.0,3.28,1.0,<Residue TYR het=  resseq=57 icode= >,1egw_A_A,1.5
460,0.0,TYR, ,CE2,14.62,13.03,0.0,3.82,1.0,<Residue TYR het=  resseq=57 icode= >,1egw_A_A,1.5
461,0.0,TYR, ,CZ,17.39,12.87,0.0,3.67,1.0,<Residue TYR het=  resseq=57 icode= >,1egw_A_A,1.5
462,1.677,TYR, ,OH,21.24,12.97,0.0,4.08,1.0,<Residue TYR het=  resseq=57 icode= >,1egw_A_A,1.5
463,4.313,ALA, ,N,19.73,16.37,0.0,4.31,1.0,<Residue ALA het=  resseq=58 icode= >,1egw_A_A,1.5
464,0.0,ALA, ,CA,21.29,17.00,0.0,3.62,1.0,<Residue ALA het=  resseq=58 icode= >,1egw_A_A,1.5
465,0.0,ALA, ,C,22.86,16.66,0.0,3.59,1.0,<Residue ALA het=  resseq=58 icode= >,1egw_A_A,1.5
466,18.488,ALA, ,O,23.23,16.58,0.0,3.89,1.0,<Residue ALA het=  resseq=58 icode= >,1egw_A_A,1.5
467,6.916,ALA, ,CB,22.66,18.52,0.0,2.35,1.0,<Residue ALA het=  resseq=58 icode= >,1egw_A_A,1.5
468,0.0,SER, ,N,23.37,16.62,0.0,4.22,1.0,<Residue SER het=  resseq=59 icode= >,1egw_A_A,1.5
469,4.988,SER, ,CA,25.93,16.46,0.0,3.43,1.0,<Residue SER het=  resseq=59 icode= >,1egw_A_A,1.5
470,2.677,SER, ,C,27.81,17.85,0.0,3.55,1.0,<Residue SER het=  resseq=59 icode= >,1egw_A_A,1.5
471,25.869,SER, ,O,28.31,18.05,0.0,3.47,1.0,<Residue SER het=  resseq=59 icode= >,1egw_A_A,1.5
472,7.189,SER, ,CB,25.93,15.64,0.0,2.82,1.0,<Residue SER het=  resseq=59 icode= >,1egw_A_A,1.5
473,0.202,SER, ,OG,26.53,16.15,0.0,3.45,1.0,<Residue SER het=  resseq=59 icode= >,1egw_A_A,1.5
474,0.0,THR, ,N,29.62,1000.00,0.0,3.46,1.0,<Residue THR het=  resseq=60 icode= >,1egw_A_A,1.5
475,11.219,THR, ,CA,32.36,1000.00,0.0,2.58,1.0,<Residue THR het=  resseq=60 icode= >,1egw_A_A,1.5
476,4.122,THR, ,C,32.94,1000.00,0.0,2.84,1.0,<Residue THR het=  resseq=60 icode= >,1egw_A_A,1.5
477,3.32,THR, ,O,33.31,1000.00,0.0,2.17,1.0,<Residue THR het=  resseq=60 icode= >,1egw_A_A,1.5
478,9.944,THR, ,CB,33.85,1000.00,0.0,2.11,1.0,<Residue THR het=  resseq=60 icode= >,1egw_A_A,1.5
479,0.0,THR, ,OG1,36.43,1000.00,0.0,1.39,1.0,<Residue THR het=  resseq=60 icode= >,1egw_A_A,1.5
480,40.697,THR, ,CG2,35.03,1000.00,0.0,0.80,1.0,<Residue THR het=  resseq=60 icode= >,1egw_A_A,1.5
481,8.125,ASP, ,N,33.29,1000.00,0.0,1.69,1.0,<Residue ASP het=  resseq=61 icode= >,1egw_A_A,1.5
482,11.834,ASP, ,CA,32.94,1000.00,0.0,1.02,1.0,<Residue ASP het=  resseq=61 icode= >,1egw_A_A,1.5
483,0.0,ASP, ,C,31.69,1000.00,0.0,2.67,1.0,<Residue ASP het=  resseq=61 icode= >,1egw_A_A,1.5
484,0.0,ASP, ,O,32.32,1000.00,0.0,2.37,1.0,<Residue ASP het=  resseq=61 icode= >,1egw_A_A,1.5
485,48.099,ASP, ,CB,33.36,1000.00,0.0,1.73,1.0,<Residue ASP het=  resseq=61 icode= >,1egw_A_A,1.5
486,5.268,MET, ,N,30.47,1000.00,0.0,2.84,1.0,<Residue MET het=  resseq=62 icode= >,1egw_A_A,1.5
487,0.0,MET, ,CA,30.06,1000.00,0.0,2.73,1.0,<Residue MET het=  resseq=62 icode= >,1egw_A_A,1.5
488,0.0,MET, ,C,30.11,1000.00,0.0,2.77,1.0,<Residue MET het=  resseq=62 icode= >,1egw_A_A,1.5
489,0.0,MET, ,O,29.4,1000.00,0.0,2.93,1.0,<Residue MET het=  resseq=62 icode= >,1egw_A_A,1.5
490,17.155,MET, ,CB,29.11,1000.00,0.475,2.39,1.0,<Residue MET het=  resseq=62 icode= >,1egw_A_A,1.5
491,12.491,MET, ,CG,28.36,1000.00,10.449,1.77,1.0,<Residue MET het=  resseq=62 icode= >,1egw_A_A,1.5
492,0.0,MET, ,SD,27.07,1000.00,0.0,6.46,1.0,<Residue MET het=  resseq=62 icode= >,1egw_A_A,1.5
493,1.417,MET, ,CE,25.53,1000.00,0.664,2.85,1.0,<Residue MET het=  resseq=62 icode= >,1egw_A_A,1.5
494,2.817,ASP, ,N,30.54,1000.00,0.0,2.14,1.0,<Residue ASP het=  resseq=63 icode= >,1egw_A_A,1.5
495,6.947,ASP, ,CA,29.73,1000.00,0.0,2.54,1.0,<Residue ASP het=  resseq=63 icode= >,1egw_A_A,1.5
496,0.853,ASP, ,C,28.76,1000.00,0.0,3.68,1.0,<Residue ASP het=  resseq=63 icode= >,1egw_A_A,1.5
497,3.174,ASP, ,O,28.82,1000.00,0.0,3.23,1.0,<Residue ASP het=  resseq=63 icode= >,1egw_A_A,1.5
498,61.805,ASP, ,CB,31.29,1000.00,0.0,0.85,1.0,<Residue ASP het=  resseq=63 icode= >,1egw_A_A,1.5
499,0.904,LYS, ,N,27.98,1000.00,0.0,3.26,1.0,<Residue LYS het=  resseq=64 icode= >,1egw_A_A,1.5
500,8.48,LYS, ,CA,27.79,1000.00,0.0,2.38,1.0,<Residue LYS het=  resseq=64 icode= >,1egw_A_A,1.5
501,0.0,LYS, ,C,28.06,1000.00,0.0,2.49,1.0,<Residue LYS het=  resseq=64 icode= >,1egw_A_A,1.5
502,1.397,LYS, ,O,27.57,1000.00,0.0,3.14,1.0,<Residue LYS het=  resseq=64 icode= >,1egw_A_A,1.5
503,38.211,LYS, ,CB,27.85,1000.00,0.0,2.61,1.0,<Residue LYS het=  resseq=64 icode= >,1egw_A_A,1.5
504,0.0,VAL, ,N,27.69,1000.00,0.0,2.41,1.0,<Residue VAL het=  resseq=65 icode= >,1egw_A_A,1.5
505,0.0,VAL, ,CA,27.31,1000.00,0.0,2.35,1.0,<Residue VAL het=  resseq=65 icode= >,1egw_A_A,1.5
506,0.0,VAL, ,C,26.64,1000.00,0.0,4.09,1.0,<Residue VAL het=  resseq=65 icode= >,1egw_A_A,1.5
507,0.282,VAL, ,O,26.33,1000.00,0.282,3.36,1.0,<Residue VAL het=  resseq=65 icode= >,1egw_A_A,1.5
508,0.0,VAL, ,CB,26.18,1000.00,0.0,2.38,1.0,<Residue VAL het=  resseq=65 icode= >,1egw_A_A,1.5
509,17.836,VAL, ,CG1,25.33,1000.00,17.836,2.06,1.0,<Residue VAL het=  resseq=65 icode= >,1egw_A_A,1.5
510,0.0,VAL, ,CG2,26.87,1000.00,0.0,1.81,1.0,<Residue VAL het=  resseq=65 icode= >,1egw_A_A,1.5
511,0.0,LEU, ,N,28.03,1000.00,0.0,3.74,1.0,<Residue LEU het=  resseq=66 icode= >,1egw_A_A,1.5
512,0.0,LEU, ,CA,29.17,1000.00,0.0,3.04,1.0,<Residue LEU het=  resseq=66 icode= >,1egw_A_A,1.5
513,1.207,LEU, ,C,30.39,1000.00,0.0,3.10,1.0,<Residue LEU het=  resseq=66 icode= >,1egw_A_A,1.5
514,0.052,LEU, ,O,30.09,1000.00,0.0,3.28,1.0,<Residue LEU het=  resseq=66 icode= >,1egw_A_A,1.5
515,14.423,LEU, ,CB,30.19,1000.00,0.086,1.96,1.0,<Residue LEU het=  resseq=66 icode= >,1egw_A_A,1.5
516,0.0,LEU, ,CG,31.12,1000.00,0.0,2.43,1.0,<Residue LEU het=  resseq=66 icode= >,1egw_A_A,1.5
517,33.263,LEU, ,CD1,30.78,1000.00,20.555,1.74,1.0,<Residue LEU het=  resseq=66 icode= >,1egw_A_A,1.5
518,23.751,LEU, ,CD2,31.42,1000.00,23.395,2.18,1.0,<Residue LEU het=  resseq=66 icode= >,1egw_A_A,1.5
519,0.917,LEU, ,N,30.88,1000.00,0.0,2.72,1.0,<Residue LEU het=  resseq=67 icode= >,1egw_A_A,1.5
520,5.278,LEU, ,CA,32.25,1000.00,0.0,1.79,1.0,<Residue LEU het=  resseq=67 icode= >,1egw_A_A,1.5
521,0.574,LEU, ,C,32.74,1000.00,0.0,2.21,1.0,<Residue LEU het=  resseq=67 icode= >,1egw_A_A,1.5
522,0.0,LEU, ,O,32.75,1000.00,0.0,2.41,1.0,<Residue LEU het=  resseq=67 icode= >,1egw_A_A,1.5
523,42.979,LEU, ,CB,31.77,1000.00,0.0,1.23,1.0,<Residue LEU het=  resseq=67 icode= >,1egw_A_A,1.5
524,0.382,LYS, ,N,32.22,1000.00,0.0,3.03,1.0,<Residue LYS het=  resseq=68 icode= >,1egw_A_A,1.5
525,6.65,LYS, ,CA,32.65,1000.00,0.0,2.90,1.0,<Residue LYS het=  resseq=68 icode= >,1egw_A_A,1.5
526,0.465,LYS, ,C,32.85,1000.00,0.465,3.20,1.0,<Residue LYS het=  resseq=68 icode= >,1egw_A_A,1.5
527,2.031,LYS, ,O,32.69,1000.00,0.0,2.79,1.0,<Residue LYS het=  resseq=68 icode= >,1egw_A_A,1.5
528,6.938,LYS, ,CB,33.72,1000.00,6.143,1.97,1.0,<Residue LYS het=  resseq=68 icode= >,1egw_A_A,1.5
529,16.69,LYS, ,CG,34.68,1000.00,0.0,1.96,1.0,<Residue LYS het=  resseq=68 icode= >,1egw_A_A,1.5
530,20.405,LYS, ,CD,35.99,1000.00,18.165,1.77,1.0,<Residue LYS het=  resseq=68 icode= >,1egw_A_A,1.5
531,32.223,LYS, ,CE,36.5,1000.00,1.378,1.75,1.0,<Residue LYS het=  resseq=68 icode= >,1egw_A_A,1.5
532,43.961,LYS, ,NZ,37.71,1000.00,33.343,1.22,1.0,<Residue LYS het=  resseq=68 icode= >,1egw_A_A,1.5
533,0.296,TYR, ,N,32.86,16.41,0.296,2.95,1.0,<Residue TYR het=  resseq=69 icode= >,1egw_A_A,1.5
534,5.083,TYR, ,CA,32.9,15.08,5.083,2.61,1.0,<Residue TYR het=  resseq=69 icode= >,1egw_A_A,1.5
535,0.0,TYR, ,C,33.92,14.93,0.0,3.12,1.0,<Residue TYR het=  resseq=69 icode= >,1egw_A_A,1.5
536,6.589,TYR, ,O,34.4,14.17,0.169,2.43,1.0,<Residue TYR het=  resseq=69 icode= >,1egw_A_A,1.5
537,6.058,TYR, ,CB,32.12,14.43,6.058,1.67,1.0,<Residue TYR het=  resseq=69 icode= >,1egw_A_A,1.5
538,2.051,TYR, ,CG,29.52,13.06,2.051,3.33,1.0,<Residue TYR het=  resseq=69 icode= >,1egw_A_A,1.5
539,21.986,TYR, ,CD1,29.98,11.95,21.986,1.94,1.0,<Residue TYR het=  resseq=69 icode= >,1egw_A_A,1.5
540,7.718,TYR, ,CD2,30.55,12.79,7.718,2.56,1.0,<Residue TYR het=  resseq=69 icode= >,1egw_A_A,1.5
541,33.563,TYR, ,CE1,28.83,10.68,32.169,2.76,1.0,<Residue TYR het=  resseq=69 icode= >,1egw_A_A,1.5
542,32.587,TYR, ,CE2,29.89,11.42,18.362,1.98,1.0,<Residue TYR het=  resseq=69 icode= >,1egw_A_A,1.5
543,9.539,TYR, ,CZ,29.59,10.55,5.195,2.76,1.0,<Residue TYR het=  resseq=69 icode= >,1egw_A_A,1.5
544,43.118,TYR, ,OH,30.38,9.19,28.17,2.78,1.0,<Residue TYR het=  resseq=69 icode= >,1egw_A_A,1.5
545,0.0,THR, ,N,34.82,15.56,0.0,2.96,1.0,<Residue THR het=  resseq=70 icode= >,1egw_A_A,1.5
546,5.469,THR, ,CA,36.32,15.43,0.0,2.03,1.0,<Residue THR het=  resseq=70 icode= >,1egw_A_A,1.5
547,0.437,THR, ,C,36.21,16.00,0.0,2.98,1.0,<Residue THR het=  resseq=70 icode= >,1egw_A_A,1.5
548,28.385,THR, ,O,37.29,15.55,0.0,2.35,1.0,<Residue THR het=  resseq=70 icode= >,1egw_A_A,1.5
549,14.384,THR, ,CB,36.64,16.27,0.0,2.34,1.0,<Residue THR het=  resseq=70 icode= >,1egw_A_A,1.5
550,7.139,THR, ,OG1,38.44,17.56,0.0,1.37,1.0,<Residue THR het=  resseq=70 icode= >,1egw_A_A,1.5
551,50.186,THR, ,CG2,37.24,15.69,4.0,1.80,1.0,<Residue THR het=  resseq=70 icode= >,1egw_A_A,1.5
552,0.0,GLU, ,N,36.24,17.08,0.0,2.46,1.0,<Residue GLU het=  resseq=71 icode= >,1egw_A_A,1.5
553,4.681,GLU, ,CA,35.88,17.84,0.0,1.70,1.0,<Residue GLU het=  resseq=71 icode= >,1egw_A_A,1.5
554,2.49,GLU, ,C,36.06,17.34,0.0,1.90,1.0,<Residue GLU het=  resseq=71 icode= >,1egw_A_A,1.5
555,23.706,GLU, ,O,36.05,17.71,0.0,1.63,1.0,<Residue GLU het=  resseq=71 icode= >,1egw_A_A,1.5
556,16.425,GLU, ,CB,34.59,19.30,0.0,1.87,1.0,<Residue GLU het=  resseq=71 icode= >,1egw_A_A,1.5
557,17.6,GLU, ,CG,32.2,20.10,0.0,1.22,0.5,<Residue GLU het=  resseq=71 icode= >,1egw_A_A,1.5
558,10.87,GLU, ,CD,31.28,20.50,0.0,0.92,0.5,<Residue GLU het=  resseq=71 icode= >,1egw_A_A,1.5
559,36.322,GLU, ,OE1,30.41,20.96,0.0,0.62,0.5,<Residue GLU het=  resseq=71 icode= >,1egw_A_A,1.5
560,36.92,GLU, ,OE2,30.04,20.48,0.0,1.06,0.5,<Residue GLU het=  resseq=71 icode= >,1egw_A_A,1.5
561,0.0,TYR, ,N,35.75,16.34,0.0,2.08,1.0,<Residue TYR het=  resseq=72 icode= >,1egw_A_A,1.5
562,4.496,TYR, ,CA,35.98,15.61,0.0,1.67,1.0,<Residue TYR het=  resseq=72 icode= >,1egw_A_A,1.5
563,23.769,TYR, ,C,36.57,14.96,0.0,2.11,1.0,<Residue TYR het=  resseq=72 icode= >,1egw_A_A,1.5
564,33.367,TYR, ,O,37.46,15.19,0.0,1.87,1.0,<Residue TYR het=  resseq=72 icode= >,1egw_A_A,1.5
565,6.425,TYR, ,CB,33.67,14.63,2.144,2.42,1.0,<Residue TYR het=  resseq=72 icode= >,1egw_A_A,1.5
566,2.302,TYR, ,CG,32.76,14.22,2.302,2.74,1.0,<Residue TYR het=  resseq=72 icode= >,1egw_A_A,1.5
567,19.076,TYR, ,CD1,31.39,15.22,10.864,2.27,1.0,<Residue TYR het=  resseq=72 icode= >,1egw_A_A,1.5
568,23.369,TYR, ,CD2,32.58,12.94,10.046,2.27,1.0,<Residue TYR het=  resseq=72 icode= >,1egw_A_A,1.5
569,34.322,TYR, ,CE1,32.67,15.08,25.233,2.04,1.0,<Residue TYR het=  resseq=72 icode= >,1egw_A_A,1.5
570,34.255,TYR, ,CE2,32.09,12.76,8.514,2.36,1.0,<Residue TYR het=  resseq=72 icode= >,1egw_A_A,1.5
571,10.013,TYR, ,CZ,31.99,13.89,4.881,2.43,1.0,<Residue TYR het=  resseq=72 icode= >,1egw_A_A,1.5
572,43.218,TYR, ,OH,35.06,13.95,27.118,1.72,1.0,<Residue TYR het=  resseq=72 icode= >,1egw_A_A,1.5
