,ASA,aa,altloc,atom,bfac,d2r,dASA,dens,occ,residue,id,resolu
0,47.384,LYS, ,N,43.4,1000.00,0.0,1.09,1.0,<Residue LYS het=  resseq=201 icode= >,1f0v_B_B,1.7
1,17.056,LYS, ,CA,43.79,1000.00,0.0,1.43,1.0,<Residue LYS het=  resseq=201 icode= >,1f0v_B_B,1.7
2,1.723,LYS, ,C,39.16,1000.00,0.0,2.22,1.0,<Residue LYS het=  resseq=201 icode= >,1f0v_B_B,1.7
3,10.26,LYS, ,O,42.5,1000.00,0.0,1.45,1.0,<Residue LYS het=  resseq=201 icode= >,1f0v_B_B,1.7
4,26.941,LYS, ,CB,45.01,1000.00,0.0,0.90,1.0,<Residue LYS het=  resseq=201 icode= >,1f0v_B_B,1.7
5,15.547,LYS, ,CG,50.4,1000.00,0.0,0.71,1.0,<Residue LYS het=  resseq=201 icode= >,1f0v_B_B,1.7
6,33.522,LYS, ,CD,54.06,1000.00,0.0,0.71,1.0,<Residue LYS het=  resseq=201 icode= >,1f0v_B_B,1.7
7,48.738,LYS, ,CE,58.66,1000.00,0.0,0.15,1.0,<Residue LYS het=  resseq=201 icode= >,1f0v_B_B,1.7
8,44.984,LYS, ,NZ,59.8,1000.00,0.0,0.28,1.0,<Residue LYS het=  resseq=201 icode= >,1f0v_B_B,1.7
9,4.828,GLU, ,N,32.46,1000.00,0.0,2.75,1.0,<Residue GLU het=  resseq=202 icode= >,1f0v_B_B,1.7
10,9.217,GLU, ,CA,28.8,1000.00,0.0,2.24,1.0,<Residue GLU het=  resseq=202 icode= >,1f0v_B_B,1.7
11,0.052,GLU, ,C,22.75,1000.00,0.0,3.75,1.0,<Residue GLU het=  resseq=202 icode= >,1f0v_B_B,1.7
12,22.926,GLU, ,O,23.65,1000.00,0.0,4.62,1.0,<Residue GLU het=  resseq=202 icode= >,1f0v_B_B,1.7
13,23.153,GLU, ,CB,26.79,1000.00,0.0,2.06,1.0,<Residue GLU het=  resseq=202 icode= >,1f0v_B_B,1.7
14,5.355,GLU, ,CG,26.57,1000.00,0.0,2.52,1.0,<Residue GLU het=  resseq=202 icode= >,1f0v_B_B,1.7
15,4.652,GLU, ,CD,18.74,1000.00,0.0,4.12,1.0,<Residue GLU het=  resseq=202 icode= >,1f0v_B_B,1.7
16,10.483,GLU, ,OE1,24.62,1000.00,0.0,3.45,1.0,<Residue GLU het=  resseq=202 icode= >,1f0v_B_B,1.7
17,7.533,GLU, ,OE2,23.98,1000.00,0.0,3.96,1.0,<Residue GLU het=  resseq=202 icode= >,1f0v_B_B,1.7
18,0.711,THR, ,N,25.29,1000.00,0.0,3.27,1.0,<Residue THR het=  resseq=203 icode= >,1f0v_B_B,1.7
19,7.725,THR, ,CA,18.99,1000.00,0.0,3.08,1.0,<Residue THR het=  resseq=203 icode= >,1f0v_B_B,1.7
20,0.345,THR, ,C,24.08,1000.00,0.0,3.08,1.0,<Residue THR het=  resseq=203 icode= >,1f0v_B_B,1.7
21,0.0,THR, ,O,20.24,1000.00,0.0,3.96,1.0,<Residue THR het=  resseq=203 icode= >,1f0v_B_B,1.7
22,11.616,THR, ,CB,22.02,1000.00,0.0,2.88,1.0,<Residue THR het=  resseq=203 icode= >,1f0v_B_B,1.7
23,4.443,THR, ,OG1,21.91,1000.00,0.0,3.89,1.0,<Residue THR het=  resseq=203 icode= >,1f0v_B_B,1.7
24,60.509,THR, ,CG2,21.9,1000.00,0.0,2.44,1.0,<Residue THR het=  resseq=203 icode= >,1f0v_B_B,1.7
25,8.311,ALA, ,N,18.53,1000.00,0.0,3.89,1.0,<Residue ALA het=  resseq=204 icode= >,1f0v_B_B,1.7
26,5.273,ALA, ,CA,17.08,1000.00,0.0,3.12,1.0,<Residue ALA het=  resseq=204 icode= >,1f0v_B_B,1.7
27,1.137,ALA, ,C,17.72,1000.00,1.137,4.49,1.0,<Residue ALA het=  resseq=204 icode= >,1f0v_B_B,1.7
28,5.247,ALA, ,O,17.75,1000.00,5.13,4.53,1.0,<Residue ALA het=  resseq=204 icode= >,1f0v_B_B,1.7
29,64.69,ALA, ,CB,17.67,1000.00,23.385,2.27,1.0,<Residue ALA het=  resseq=204 icode= >,1f0v_B_B,1.7
30,3.383,ALA, ,N,17.74,1000.00,1.469,4.78,1.0,<Residue ALA het=  resseq=205 icode= >,1f0v_B_B,1.7
31,8.474,ALA, ,CA,16.66,1000.00,8.433,3.36,1.0,<Residue ALA het=  resseq=205 icode= >,1f0v_B_B,1.7
32,0.039,ALA, ,C,17.58,1000.00,0.0,4.39,1.0,<Residue ALA het=  resseq=205 icode= >,1f0v_B_B,1.7
33,1.418,ALA, ,O,16.76,1000.00,0.189,5.25,1.0,<Residue ALA het=  resseq=205 icode= >,1f0v_B_B,1.7
34,58.052,ALA, ,CB,16.59,1000.00,25.875,2.95,1.0,<Residue ALA het=  resseq=205 icode= >,1f0v_B_B,1.7
35,0.418,ALA, ,N,16.48,1000.00,0.0,4.37,1.0,<Residue ALA het=  resseq=206 icode= >,1f0v_B_B,1.7
36,1.24,ALA, ,CA,16.42,1000.00,0.0,3.17,1.0,<Residue ALA het=  resseq=206 icode= >,1f0v_B_B,1.7
37,0.0,ALA, ,C,14.84,1000.00,0.0,5.32,1.0,<Residue ALA het=  resseq=206 icode= >,1f0v_B_B,1.7
38,2.934,ALA, ,O,17.3,1000.00,0.0,4.90,1.0,<Residue ALA het=  resseq=206 icode= >,1f0v_B_B,1.7
39,37.245,ALA, ,CB,20.3,1000.00,0.0,2.55,1.0,<Residue ALA het=  resseq=206 icode= >,1f0v_B_B,1.7
40,0.0,LYS, ,N,13.23,1000.00,0.0,5.43,1.0,<Residue LYS het=  resseq=207 icode= >,1f0v_B_B,1.7
41,0.0,LYS, ,CA,12.67,1000.00,0.0,4.05,1.0,<Residue LYS het=  resseq=207 icode= >,1f0v_B_B,1.7
42,0.0,LYS, ,C,13.5,1000.00,0.0,4.79,1.0,<Residue LYS het=  resseq=207 icode= >,1f0v_B_B,1.7
43,0.0,LYS, ,O,14.28,1000.00,0.0,5.85,1.0,<Residue LYS het=  resseq=207 icode= >,1f0v_B_B,1.7
44,1.617,LYS, ,CB,14.53,1000.00,0.26,3.81,1.0,<Residue LYS het=  resseq=207 icode= >,1f0v_B_B,1.7
45,1.835,LYS, ,CG,19.42,1000.00,1.445,3.06,1.0,<Residue LYS het=  resseq=207 icode= >,1f0v_B_B,1.7
46,25.258,LYS, ,CD,22.05,1000.00,0.383,2.40,1.0,<Residue LYS het=  resseq=207 icode= >,1f0v_B_B,1.7
47,17.03,LYS, ,CE,25.43,1000.00,0.0,1.74,1.0,<Residue LYS het=  resseq=207 icode= >,1f0v_B_B,1.7
48,49.479,LYS, ,NZ,28.1,1000.00,0.0,2.37,1.0,<Residue LYS het=  resseq=207 icode= >,1f0v_B_B,1.7
49,0.358,PHE, ,N,11.47,10.17,0.358,4.78,1.0,<Residue PHE het=  resseq=208 icode= >,1f0v_B_B,1.7
50,2.223,PHE, ,CA,10.05,9.10,2.142,4.56,1.0,<Residue PHE het=  resseq=208 icode= >,1f0v_B_B,1.7
51,0.0,PHE, ,C,15.45,9.29,0.0,3.77,1.0,<Residue PHE het=  resseq=208 icode= >,1f0v_B_B,1.7
52,0.0,PHE, ,O,12.37,8.43,0.0,6.16,1.0,<Residue PHE het=  resseq=208 icode= >,1f0v_B_B,1.7
53,13.222,PHE, ,CB,11.64,9.46,13.222,4.42,1.0,<Residue PHE het=  resseq=208 icode= >,1f0v_B_B,1.7
54,2.482,PHE, ,CG,12.28,8.80,2.482,4.39,1.0,<Residue PHE het=  resseq=208 icode= >,1f0v_B_B,1.7
55,8.331,PHE, ,CD1,11.04,9.37,6.065,4.41,1.0,<Residue PHE het=  resseq=208 icode= >,1f0v_B_B,1.7
56,17.605,PHE, ,CD2,11.92,7.81,17.605,4.44,1.0,<Residue PHE het=  resseq=208 icode= >,1f0v_B_B,1.7
57,3.675,PHE, ,CE1,10.86,9.07,3.404,4.49,1.0,<Residue PHE het=  resseq=208 icode= >,1f0v_B_B,1.7
58,9.855,PHE, ,CE2,10.71,7.40,9.855,4.62,1.0,<Residue PHE het=  resseq=208 icode= >,1f0v_B_B,1.7
59,2.567,PHE, ,CZ,10.42,8.07,2.567,4.33,1.0,<Residue PHE het=  resseq=208 icode= >,1f0v_B_B,1.7
60,0.0,GLU, ,N,13.71,1000.00,0.0,4.91,1.0,<Residue GLU het=  resseq=209 icode= >,1f0v_B_B,1.7
61,0.0,GLU, ,CA,12.26,1000.00,0.0,3.95,1.0,<Residue GLU het=  resseq=209 icode= >,1f0v_B_B,1.7
62,1.07,GLU, ,C,13.74,1000.00,0.0,4.97,1.0,<Residue GLU het=  resseq=209 icode= >,1f0v_B_B,1.7
63,1.335,GLU, ,O,14.13,1000.00,0.0,5.30,1.0,<Residue GLU het=  resseq=209 icode= >,1f0v_B_B,1.7
64,10.159,GLU, ,CB,13.27,1000.00,0.0,3.53,1.0,<Residue GLU het=  resseq=209 icode= >,1f0v_B_B,1.7
65,3.348,GLU, ,CG,15.13,1000.00,0.0,3.57,1.0,<Residue GLU het=  resseq=209 icode= >,1f0v_B_B,1.7
66,2.191,GLU, ,CD,17.67,1000.00,0.0,4.08,1.0,<Residue GLU het=  resseq=209 icode= >,1f0v_B_B,1.7
67,31.038,GLU, ,OE1,24.24,1000.00,0.0,4.12,1.0,<Residue GLU het=  resseq=209 icode= >,1f0v_B_B,1.7
68,16.184,GLU, ,OE2,17.17,1000.00,0.0,4.68,1.0,<Residue GLU het=  resseq=209 icode= >,1f0v_B_B,1.7
69,0.511,ARG, ,N,13.73,1000.00,0.0,5.15,1.0,<Residue ARG het=  resseq=210 icode= >,1f0v_B_B,1.7
70,6.977,ARG, ,CA,13.26,1000.00,0.0,4.41,1.0,<Residue ARG het=  resseq=210 icode= >,1f0v_B_B,1.7
71,0.0,ARG, ,C,15.77,1000.00,0.0,4.33,1.0,<Residue ARG het=  resseq=210 icode= >,1f0v_B_B,1.7
72,0.0,ARG, ,O,14.15,1000.00,0.0,5.87,1.0,<Residue ARG het=  resseq=210 icode= >,1f0v_B_B,1.7
73,7.122,ARG, ,CB,17.2,1000.00,0.0,2.35,1.0,<Residue ARG het=  resseq=210 icode= >,1f0v_B_B,1.7
74,3.433,ARG, ,CG,16.89,1000.00,0.0,2.50,1.0,<Residue ARG het=  resseq=210 icode= >,1f0v_B_B,1.7
75,23.568,ARG, ,CD,15.52,1000.00,0.0,3.44,1.0,<Residue ARG het=  resseq=210 icode= >,1f0v_B_B,1.7
76,2.51,ARG, ,NE,18.3,1000.00,0.0,4.30,1.0,<Residue ARG het=  resseq=210 icode= >,1f0v_B_B,1.7
77,4.033,ARG, ,CZ,17.19,1000.00,0.0,4.54,1.0,<Residue ARG het=  resseq=210 icode= >,1f0v_B_B,1.7
78,5.591,ARG, ,NH1,20.04,1000.00,0.0,3.46,1.0,<Residue ARG het=  resseq=210 icode= >,1f0v_B_B,1.7
79,16.422,ARG, ,NH2,18.33,1000.00,0.0,4.13,1.0,<Residue ARG het=  resseq=210 icode= >,1f0v_B_B,1.7
80,0.0,GLN, ,N,13.85,8.63,0.0,4.34,1.0,<Residue GLN het=  resseq=211 icode= >,1f0v_B_B,1.7
81,0.0,GLN, ,CA,14.59,7.38,0.0,3.80,1.0,<Residue GLN het=  resseq=211 icode= >,1f0v_B_B,1.7
82,0.0,GLN, ,C,15.66,6.63,0.0,4.39,1.0,<Residue GLN het=  resseq=211 icode= >,1f0v_B_B,1.7
83,0.0,GLN, ,O,13.9,6.00,0.0,6.03,1.0,<Residue GLN het=  resseq=211 icode= >,1f0v_B_B,1.7
84,0.0,GLN, ,CB,14.46,6.59,0.0,3.39,1.0,<Residue GLN het=  resseq=211 icode= >,1f0v_B_B,1.7
85,0.0,GLN, ,CG,13.79,7.54,0.0,3.53,1.0,<Residue GLN het=  resseq=211 icode= >,1f0v_B_B,1.7
86,0.026,GLN, ,CD,20.63,6.99,0.0,3.95,1.0,<Residue GLN het=  resseq=211 icode= >,1f0v_B_B,1.7
87,7.109,GLN, ,OE1,19.97,6.87,0.0,4.36,1.0,<Residue GLN het=  resseq=211 icode= >,1f0v_B_B,1.7
88,16.545,GLN, ,NE2,16.95,6.70,2.592,3.79,1.0,<Residue GLN het=  resseq=211 icode= >,1f0v_B_B,1.7
89,0.0,HIS, ,N,13.68,7.05,0.0,4.82,1.0,<Residue HIS het=  resseq=212 icode= >,1f0v_B_B,1.7
90,0.0,HIS, ,CA,13.65,6.64,0.0,3.68,1.0,<Residue HIS het=  resseq=212 icode= >,1f0v_B_B,1.7
91,0.0,HIS, ,C,12.54,7.81,0.0,5.31,1.0,<Residue HIS het=  resseq=212 icode= >,1f0v_B_B,1.7
92,0.0,HIS, ,O,14.12,7.82,0.0,6.56,1.0,<Residue HIS het=  resseq=212 icode= >,1f0v_B_B,1.7
93,1.41,HIS, ,CB,14.08,5.97,1.41,3.39,1.0,<Residue HIS het=  resseq=212 icode= >,1f0v_B_B,1.7
94,1.632,HIS, ,CG,12.07,4.84,1.632,4.45,1.0,<Residue HIS het=  resseq=212 icode= >,1f0v_B_B,1.7
95,1.968,HIS, ,ND1,10.9,3.61,1.968,5.32,1.0,<Residue HIS het=  resseq=212 icode= >,1f0v_B_B,1.7
96,0.831,HIS, ,CD2,11.14,5.06,0.71,4.64,1.0,<Residue HIS het=  resseq=212 icode= >,1f0v_B_B,1.7
97,14.748,HIS, ,CE1,9.86,3.03,14.748,4.75,1.0,<Residue HIS het=  resseq=212 icode= >,1f0v_B_B,1.7
98,15.639,HIS, ,NE2,13.5,4.07,13.228,5.58,1.0,<Residue HIS het=  resseq=212 icode= >,1f0v_B_B,1.7
99,0.0,MET, ,N,13.94,9.01,0.0,4.79,1.0,<Residue MET het=  resseq=213 icode= >,1f0v_B_B,1.7
100,0.0,MET, ,CA,10.94,10.19,0.0,3.95,1.0,<Residue MET het=  resseq=213 icode= >,1f0v_B_B,1.7
101,0.854,MET, ,C,15.84,10.98,0.0,4.96,1.0,<Residue MET het=  resseq=213 icode= >,1f0v_B_B,1.7
102,2.872,MET, ,O,14.24,11.27,0.0,5.97,1.0,<Residue MET het=  resseq=213 icode= >,1f0v_B_B,1.7
103,11.284,MET, ,CB,13.06,11.27,0.0,3.62,1.0,<Residue MET het=  resseq=213 icode= >,1f0v_B_B,1.7
104,1.086,MET, ,CG,13.33,11.14,0.0,2.96,1.0,<Residue MET het=  resseq=213 icode= >,1f0v_B_B,1.7
105,0.0,MET, ,SD,14.59,11.26,0.0,12.35,1.0,<Residue MET het=  resseq=213 icode= >,1f0v_B_B,1.7
106,1.906,MET, ,CE,14.32,12.90,0.0,3.44,1.0,<Residue MET het=  resseq=213 icode= >,1f0v_B_B,1.7
107,0.0,ASP, ,N,11.49,11.50,0.0,5.55,1.0,<Residue ASP het=  resseq=214 icode= >,1f0v_B_B,1.7
108,2.732,ASP, ,CA,13.07,12.58,0.0,3.90,1.0,<Residue ASP het=  resseq=214 icode= >,1f0v_B_B,1.7
109,0.0,ASP, ,C,14.64,13.60,0.0,4.39,1.0,<Residue ASP het=  resseq=214 icode= >,1f0v_B_B,1.7
110,0.0,ASP, ,O,13.58,13.82,0.0,5.16,1.0,<Residue ASP het=  resseq=214 icode= >,1f0v_B_B,1.7
111,0.0,ASP, ,CB,14.19,12.19,0.0,3.63,1.0,<Residue ASP het=  resseq=214 icode= >,1f0v_B_B,1.7
112,0.797,ASP, ,CG,24.4,13.49,0.0,3.65,1.0,<Residue ASP het=  resseq=214 icode= >,1f0v_B_B,1.7
113,6.28,ASP, ,OD1,20.92,14.43,0.0,5.18,1.0,<Residue ASP het=  resseq=214 icode= >,1f0v_B_B,1.7
114,5.478,ASP, ,OD2,19.31,13.68,0.0,4.28,1.0,<Residue ASP het=  resseq=214 icode= >,1f0v_B_B,1.7
115,3.767,SER, ,N,12.88,1000.00,0.0,5.06,1.0,<Residue SER het=  resseq=215 icode= >,1f0v_B_B,1.7
116,0.092,SER, ,CA,13.42,1000.00,0.0,3.51,1.0,<Residue SER het=  resseq=215 icode= >,1f0v_B_B,1.7
117,0.262,SER, ,C,13.78,1000.00,0.0,4.30,1.0,<Residue SER het=  resseq=215 icode= >,1f0v_B_B,1.7
118,23.381,SER, ,O,15.76,1000.00,0.0,5.25,1.0,<Residue SER het=  resseq=215 icode= >,1f0v_B_B,1.7
119,6.279,SER, ,CB,15.48,1000.00,0.0,3.96,1.0,<Residue SER het=  resseq=215 icode= >,1f0v_B_B,1.7
120,33.129,SER, ,OG,14.04,1000.00,0.0,5.04,1.0,<Residue SER het=  resseq=215 icode= >,1f0v_B_B,1.7
121,1.33,SER, ,N,14.57,1000.00,0.0,4.82,1.0,<Residue SER het=  resseq=216 icode= >,1f0v_B_B,1.7
122,10.486,SER, ,CA,15.28,1000.00,0.0,3.59,1.0,<Residue SER het=  resseq=216 icode= >,1f0v_B_B,1.7
123,1.924,SER, ,C,17.45,1000.00,0.0,4.22,1.0,<Residue SER het=  resseq=216 icode= >,1f0v_B_B,1.7
124,29.689,SER, ,O,21.77,1000.00,0.0,4.19,1.0,<Residue SER het=  resseq=216 icode= >,1f0v_B_B,1.7
125,44.42,SER, ,CB,16.29,1000.00,0.0,3.43,1.0,<Residue SER het=  resseq=216 icode= >,1f0v_B_B,1.7
126,17.983,SER, ,OG,21.1,1000.00,0.0,4.04,1.0,<Residue SER het=  resseq=216 icode= >,1f0v_B_B,1.7
127,0.0,THR, ,N,16.42,1000.00,0.0,4.29,1.0,<Residue THR het=  resseq=217 icode= >,1f0v_B_B,1.7
128,6.425,THR, ,CA,17.01,1000.00,0.0,3.82,1.0,<Residue THR het=  resseq=217 icode= >,1f0v_B_B,1.7
129,2.34,THR, ,C,19.16,1000.00,0.0,4.11,1.0,<Residue THR het=  resseq=217 icode= >,1f0v_B_B,1.7
130,1.091,THR, ,O,18.59,1000.00,0.0,4.48,1.0,<Residue THR het=  resseq=217 icode= >,1f0v_B_B,1.7
131,15.089,THR, ,CB,20.7,1000.00,0.0,3.24,1.0,<Residue THR het=  resseq=217 icode= >,1f0v_B_B,1.7
132,17.594,THR, ,OG1,27.45,1000.00,0.0,2.71,1.0,<Residue THR het=  resseq=217 icode= >,1f0v_B_B,1.7
133,2.774,THR, ,CG2,19.81,1000.00,0.0,2.90,1.0,<Residue THR het=  resseq=217 icode= >,1f0v_B_B,1.7
134,5.503,SER, ,N,19.68,1000.00,0.0,4.04,1.0,<Residue SER het=  resseq=218 icode= >,1f0v_B_B,1.7
135,3.187,SER, ,CA,18.7,1000.00,0.0,3.57,1.0,<Residue SER het=  resseq=218 icode= >,1f0v_B_B,1.7
136,0.0,SER, ,C,21.7,1000.00,0.0,3.88,1.0,<Residue SER het=  resseq=218 icode= >,1f0v_B_B,1.7
137,4.415,SER, ,O,19.5,1000.00,0.0,5.00,1.0,<Residue SER het=  resseq=218 icode= >,1f0v_B_B,1.7
138,41.674,SER,x,CB,19.58,1000.00,0.0,3.51,0.39,<Residue SER het=  resseq=218 icode= >,1f0v_B_B,1.7
139,38.005,SER,x,OG,23.04,1000.00,0.0,1.38,0.39,<Residue SER het=  resseq=218 icode= >,1f0v_B_B,1.7
140,1.429,ALA, ,N,19.1,1000.00,0.0,4.62,1.0,<Residue ALA het=  resseq=219 icode= >,1f0v_B_B,1.7
141,0.96,ALA, ,CA,19.27,1000.00,0.0,3.21,1.0,<Residue ALA het=  resseq=219 icode= >,1f0v_B_B,1.7
142,0.0,ALA, ,C,20.71,1000.00,0.0,4.00,1.0,<Residue ALA het=  resseq=219 icode= >,1f0v_B_B,1.7
143,1.579,ALA, ,O,23.94,1000.00,0.0,3.84,1.0,<Residue ALA het=  resseq=219 icode= >,1f0v_B_B,1.7
144,31.641,ALA, ,CB,20.19,1000.00,0.0,2.32,1.0,<Residue ALA het=  resseq=219 icode= >,1f0v_B_B,1.7
145,0.078,ALA, ,N,19.81,15.02,0.0,3.55,1.0,<Residue ALA het=  resseq=220 icode= >,1f0v_B_B,1.7
146,0.0,ALA, ,CA,23.14,15.17,0.0,2.74,1.0,<Residue ALA het=  resseq=220 icode= >,1f0v_B_B,1.7
147,0.0,ALA, ,C,26.07,16.63,0.0,3.40,1.0,<Residue ALA het=  resseq=220 icode= >,1f0v_B_B,1.7
148,0.277,ALA, ,O,33.41,16.87,0.0,2.90,1.0,<Residue ALA het=  resseq=220 icode= >,1f0v_B_B,1.7
149,0.701,ALA, ,CB,22.6,14.27,0.0,2.86,1.0,<Residue ALA het=  resseq=220 icode= >,1f0v_B_B,1.7
150,5.023,SER, ,N,35.79,1000.00,0.0,2.05,1.0,<Residue SER het=  resseq=221 icode= >,1f0v_B_B,1.7
151,4.617,SER, ,CA,39.81,1000.00,0.0,1.09,1.0,<Residue SER het=  resseq=221 icode= >,1f0v_B_B,1.7
152,5.224,SER, ,C,38.89,1000.00,0.0,2.15,1.0,<Residue SER het=  resseq=221 icode= >,1f0v_B_B,1.7
153,17.656,SER, ,O,37.5,1000.00,0.0,2.37,1.0,<Residue SER het=  resseq=221 icode= >,1f0v_B_B,1.7
154,39.497,SER, ,CB,46.59,1000.00,0.0,0.51,1.0,<Residue SER het=  resseq=221 icode= >,1f0v_B_B,1.7
155,31.561,SER, ,OG,50.45,1000.00,0.0,0.84,1.0,<Residue SER het=  resseq=221 icode= >,1f0v_B_B,1.7
156,5.495,SER, ,N,33.77,19.58,0.0,2.27,1.0,<Residue SER het=  resseq=222 icode= >,1f0v_B_B,1.7
157,12.493,SER, ,CA,27.47,19.30,0.0,2.32,1.0,<Residue SER het=  resseq=222 icode= >,1f0v_B_B,1.7
158,2.848,SER, ,C,28.73,17.80,0.0,3.03,1.0,<Residue SER het=  resseq=222 icode= >,1f0v_B_B,1.7
159,0.069,SER, ,O,19.43,17.07,0.0,4.35,1.0,<Residue SER het=  resseq=222 icode= >,1f0v_B_B,1.7
160,31.825,SER, ,CB,25.78,19.99,0.0,2.92,1.0,<Residue SER het=  resseq=222 icode= >,1f0v_B_B,1.7
161,5.171,SER, ,OG,27.5,19.19,0.0,3.34,1.0,<Residue SER het=  resseq=222 icode= >,1f0v_B_B,1.7
162,7.922,SER, ,N,22.14,17.44,0.0,3.49,1.0,<Residue SER het=  resseq=223 icode= >,1f0v_B_B,1.7
163,3.874,SER, ,CA,19.35,16.07,0.0,3.63,1.0,<Residue SER het=  resseq=223 icode= >,1f0v_B_B,1.7
164,0.0,SER, ,C,19.51,15.56,0.0,3.68,1.0,<Residue SER het=  resseq=223 icode= >,1f0v_B_B,1.7
165,5.938,SER, ,O,20.86,14.37,0.0,4.73,1.0,<Residue SER het=  resseq=223 icode= >,1f0v_B_B,1.7
166,46.574,SER, ,CB,23.39,16.20,0.0,2.50,1.0,<Residue SER het=  resseq=223 icode= >,1f0v_B_B,1.7
167,26.585,SER, ,OG,31.37,17.18,0.0,2.77,1.0,<Residue SER het=  resseq=223 icode= >,1f0v_B_B,1.7
168,0.02,ASN, ,N,16.2,16.37,0.0,4.79,1.0,<Residue ASN het=  resseq=224 icode= >,1f0v_B_B,1.7
169,0.0,ASN, ,CA,19.85,15.93,0.0,3.11,1.0,<Residue ASN het=  resseq=224 icode= >,1f0v_B_B,1.7
170,0.0,ASN, ,C,18.11,15.86,0.0,4.22,1.0,<Residue ASN het=  resseq=224 icode= >,1f0v_B_B,1.7
171,0.0,ASN, ,O,18.31,15.77,0.0,4.59,1.0,<Residue ASN het=  resseq=224 icode= >,1f0v_B_B,1.7
172,4.066,ASN, ,CB,24.92,16.96,0.0,1.96,1.0,<Residue ASN het=  resseq=224 icode= >,1f0v_B_B,1.7
173,5.299,ASN, ,CG,33.71,16.90,0.0,2.05,1.0,<Residue ASN het=  resseq=224 icode= >,1f0v_B_B,1.7
174,15.714,ASN, ,OD1,35.06,15.84,0.0,2.46,1.0,<Residue ASN het=  resseq=224 icode= >,1f0v_B_B,1.7
175,52.21,ASN, ,ND2,32.96,18.09,0.0,1.44,1.0,<Residue ASN het=  resseq=224 icode= >,1f0v_B_B,1.7
176,0.0,TYR, ,N,17.0,15.72,0.0,4.45,1.0,<Residue TYR het=  resseq=225 icode= >,1f0v_B_B,1.7
177,0.0,TYR, ,CA,17.41,14.79,0.0,3.22,1.0,<Residue TYR het=  resseq=225 icode= >,1f0v_B_B,1.7
178,0.0,TYR, ,C,15.36,13.64,0.0,5.30,1.0,<Residue TYR het=  resseq=225 icode= >,1f0v_B_B,1.7
179,0.0,TYR, ,O,16.47,13.49,0.0,5.02,1.0,<Residue TYR het=  resseq=225 icode= >,1f0v_B_B,1.7
180,0.487,TYR, ,CB,17.99,14.36,0.0,2.92,1.0,<Residue TYR het=  resseq=225 icode= >,1f0v_B_B,1.7
181,0.0,TYR, ,CG,19.3,13.43,0.0,2.76,1.0,<Residue TYR het=  resseq=225 icode= >,1f0v_B_B,1.7
182,0.0,TYR, ,CD1,14.92,12.04,0.0,3.83,1.0,<Residue TYR het=  resseq=225 icode= >,1f0v_B_B,1.7
183,10.265,TYR, ,CD2,22.95,14.07,0.0,2.75,1.0,<Residue TYR het=  resseq=225 icode= >,1f0v_B_B,1.7
184,0.0,TYR, ,CE1,17.91,11.30,0.0,3.01,1.0,<Residue TYR het=  resseq=225 icode= >,1f0v_B_B,1.7
185,5.311,TYR, ,CE2,17.61,13.44,0.0,3.73,1.0,<Residue TYR het=  resseq=225 icode= >,1f0v_B_B,1.7
186,0.0,TYR, ,CZ,17.61,12.06,0.0,3.62,1.0,<Residue TYR het=  resseq=225 icode= >,1f0v_B_B,1.7
187,0.0,TYR, ,OH,19.61,11.59,0.0,4.24,1.0,<Residue TYR het=  resseq=225 icode= >,1f0v_B_B,1.7
188,0.0,CYS, ,N,13.64,12.98,0.0,5.14,1.0,<Residue CYS het=  resseq=226 icode= >,1f0v_B_B,1.7
189,0.0,CYS, ,CA,14.84,11.95,0.0,4.24,1.0,<Residue CYS het=  resseq=226 icode= >,1f0v_B_B,1.7
190,0.0,CYS, ,C,16.11,12.63,0.0,4.32,1.0,<Residue CYS het=  resseq=226 icode= >,1f0v_B_B,1.7
191,0.0,CYS, ,O,17.55,12.22,0.0,5.47,1.0,<Residue CYS het=  resseq=226 icode= >,1f0v_B_B,1.7
192,0.0,CYS, ,CB,17.67,11.31,0.0,2.75,1.0,<Residue CYS het=  resseq=226 icode= >,1f0v_B_B,1.7
193,0.0,CYS, ,SG,18.51,10.42,0.0,9.12,1.0,<Residue CYS het=  resseq=226 icode= >,1f0v_B_B,1.7
194,0.0,ASN, ,N,16.54,12.88,0.0,4.08,1.0,<Residue ASN het=  resseq=227 icode= >,1f0v_B_B,1.7
195,1.684,ASN, ,CA,19.09,13.16,0.0,2.85,1.0,<Residue ASN het=  resseq=227 icode= >,1f0v_B_B,1.7
196,1.036,ASN, ,C,17.74,14.35,0.0,4.56,1.0,<Residue ASN het=  resseq=227 icode= >,1f0v_B_B,1.7
197,5.574,ASN, ,O,18.6,14.41,0.0,5.29,1.0,<Residue ASN het=  resseq=227 icode= >,1f0v_B_B,1.7
198,17.181,ASN, ,CB,17.22,13.69,0.0,3.05,1.0,<Residue ASN het=  resseq=227 icode= >,1f0v_B_B,1.7
199,3.515,ASN, ,CG,21.25,12.66,0.0,3.95,1.0,<Residue ASN het=  resseq=227 icode= >,1f0v_B_B,1.7
200,0.102,ASN, ,OD1,22.58,11.51,0.0,4.73,1.0,<Residue ASN het=  resseq=227 icode= >,1f0v_B_B,1.7
201,21.968,ASN, ,ND2,21.43,13.18,0.0,3.10,1.0,<Residue ASN het=  resseq=227 icode= >,1f0v_B_B,1.7
202,0.0,GLN, ,N,21.94,15.23,0.0,4.02,1.0,<Residue GLN het=  resseq=228 icode= >,1f0v_B_B,1.7
203,8.024,GLN, ,CA,19.94,15.71,0.0,3.59,1.0,<Residue GLN het=  resseq=228 icode= >,1f0v_B_B,1.7
204,1.038,GLN, ,C,21.73,14.69,0.0,3.24,1.0,<Residue GLN het=  resseq=228 icode= >,1f0v_B_B,1.7
205,4.016,GLN, ,O,19.69,15.00,0.0,4.06,1.0,<Residue GLN het=  resseq=228 icode= >,1f0v_B_B,1.7
206,14.039,GLN, ,CB,26.02,16.41,0.0,2.38,1.0,<Residue GLN het=  resseq=228 icode= >,1f0v_B_B,1.7
207,20.629,GLN, ,CG,34.73,17.61,0.0,2.23,1.0,<Residue GLN het=  resseq=228 icode= >,1f0v_B_B,1.7
208,5.21,GLN, ,CD,45.96,18.25,0.0,1.55,1.0,<Residue GLN het=  resseq=228 icode= >,1f0v_B_B,1.7
209,32.771,GLN, ,OE1,51.41,19.45,0.0,0.91,1.0,<Residue GLN het=  resseq=228 icode= >,1f0v_B_B,1.7
210,22.7,GLN, ,NE2,44.15,17.54,0.0,1.87,1.0,<Residue GLN het=  resseq=228 icode= >,1f0v_B_B,1.7
211,0.0,MET, ,N,17.69,13.55,0.0,4.24,1.0,<Residue MET het=  resseq=229 icode= >,1f0v_B_B,1.7
212,0.0,MET, ,CA,16.58,12.61,0.0,3.56,1.0,<Residue MET het=  resseq=229 icode= >,1f0v_B_B,1.7
213,0.0,MET, ,C,18.9,11.80,0.0,4.27,1.0,<Residue MET het=  resseq=229 icode= >,1f0v_B_B,1.7
214,0.0,MET, ,O,18.57,11.68,0.0,4.17,1.0,<Residue MET het=  resseq=229 icode= >,1f0v_B_B,1.7
215,0.0,MET,x,CB,22.64,11.77,0.0,2.98,0.48,<Residue MET het=  resseq=229 icode= >,1f0v_B_B,1.7
216,5.121,MET,x,CG,27.89,12.64,0.0,2.20,0.48,<Residue MET het=  resseq=229 icode= >,1f0v_B_B,1.7
217,17.839,MET,x,SD,28.94,13.01,0.0,3.96,0.48,<Residue MET het=  resseq=229 icode= >,1f0v_B_B,1.7
218,0.32,MET,x,CE,33.06,11.93,0.0,-0.23,0.48,<Residue MET het=  resseq=229 icode= >,1f0v_B_B,1.7
219,0.0,MET, ,N,18.15,11.41,0.0,4.32,1.0,<Residue MET het=  resseq=230 icode= >,1f0v_B_B,1.7
220,0.0,MET, ,CA,17.45,10.87,0.0,3.29,1.0,<Residue MET het=  resseq=230 icode= >,1f0v_B_B,1.7
221,0.0,MET, ,C,20.69,12.03,0.0,4.24,1.0,<Residue MET het=  resseq=230 icode= >,1f0v_B_B,1.7
222,0.0,MET, ,O,18.89,11.93,0.0,5.03,1.0,<Residue MET het=  resseq=230 icode= >,1f0v_B_B,1.7
223,0.027,MET, ,CB,13.64,10.65,0.0,3.42,1.0,<Residue MET het=  resseq=230 icode= >,1f0v_B_B,1.7
224,0.0,MET, ,CG,16.19,9.59,0.0,3.19,1.0,<Residue MET het=  resseq=230 icode= >,1f0v_B_B,1.7
225,0.0,MET, ,SD,16.93,7.90,0.0,10.30,1.0,<Residue MET het=  resseq=230 icode= >,1f0v_B_B,1.7
226,0.0,MET, ,CE,16.48,7.79,0.0,2.76,1.0,<Residue MET het=  resseq=230 icode= >,1f0v_B_B,1.7
227,0.0,LYS, ,N,20.39,13.24,0.0,3.84,1.0,<Residue LYS het=  resseq=231 icode= >,1f0v_B_B,1.7
228,0.0,LYS, ,CA,18.82,14.37,0.0,3.01,1.0,<Residue LYS het=  resseq=231 icode= >,1f0v_B_B,1.7
229,0.0,LYS, ,C,16.43,14.66,0.0,4.28,1.0,<Residue LYS het=  resseq=231 icode= >,1f0v_B_B,1.7
230,9.104,LYS, ,O,20.33,14.99,0.0,4.61,1.0,<Residue LYS het=  resseq=231 icode= >,1f0v_B_B,1.7
231,4.022,LYS,x,CB,20.19,15.71,0.0,2.48,0.49,<Residue LYS het=  resseq=231 icode= >,1f0v_B_B,1.7
232,29.746,LYS,x,CG,25.83,16.98,0.0,1.75,0.49,<Residue LYS het=  resseq=231 icode= >,1f0v_B_B,1.7
233,22.74,LYS,x,CD,23.29,16.48,0.0,0.65,0.49,<Residue LYS het=  resseq=231 icode= >,1f0v_B_B,1.7
234,39.144,LYS,x,CE,23.37,15.67,0.0,0.41,0.49,<Residue LYS het=  resseq=231 icode= >,1f0v_B_B,1.7
235,6.574,LYS,x,NZ,15.98,14.18,0.0,1.62,0.49,<Residue LYS het=  resseq=231 icode= >,1f0v_B_B,1.7
236,0.079,SER, ,N,19.92,1000.00,0.0,3.47,1.0,<Residue SER het=  resseq=232 icode= >,1f0v_B_B,1.7
237,12.972,SER, ,CA,18.29,1000.00,0.0,3.54,1.0,<Residue SER het=  resseq=232 icode= >,1f0v_B_B,1.7
238,0.0,SER, ,C,23.39,1000.00,0.0,3.36,1.0,<Residue SER het=  resseq=232 icode= >,1f0v_B_B,1.7
239,21.368,SER, ,O,18.97,1000.00,0.0,4.32,1.0,<Residue SER het=  resseq=232 icode= >,1f0v_B_B,1.7
240,16.375,SER,x,CB,20.3,1000.00,0.0,3.29,0.49,<Residue SER het=  resseq=232 icode= >,1f0v_B_B,1.7
241,29.47,SER,x,OG,18.73,1000.00,0.0,2.27,0.49,<Residue SER het=  resseq=232 icode= >,1f0v_B_B,1.7
242,0.0,ARG, ,N,20.62,1000.00,0.0,3.56,1.0,<Residue ARG het=  resseq=233 icode= >,1f0v_B_B,1.7
243,0.896,ARG, ,CA,17.65,1000.00,0.0,4.11,1.0,<Residue ARG het=  resseq=233 icode= >,1f0v_B_B,1.7
244,0.178,ARG, ,C,17.81,1000.00,0.0,4.68,1.0,<Residue ARG het=  resseq=233 icode= >,1f0v_B_B,1.7
245,0.0,ARG, ,O,18.88,1000.00,0.0,4.93,1.0,<Residue ARG het=  resseq=233 icode= >,1f0v_B_B,1.7
246,0.0,ARG, ,CB,15.45,1000.00,0.0,3.09,1.0,<Residue ARG het=  resseq=233 icode= >,1f0v_B_B,1.7
247,0.0,ARG, ,CG,14.53,1000.00,0.0,3.43,1.0,<Residue ARG het=  resseq=233 icode= >,1f0v_B_B,1.7
248,10.453,ARG, ,CD,12.38,1000.00,0.0,3.95,1.0,<Residue ARG het=  resseq=233 icode= >,1f0v_B_B,1.7
249,8.924,ARG, ,NE,16.04,1000.00,0.0,4.55,1.0,<Residue ARG het=  resseq=233 icode= >,1f0v_B_B,1.7
250,4.244,ARG, ,CZ,17.19,1000.00,0.0,4.12,1.0,<Residue ARG het=  resseq=233 icode= >,1f0v_B_B,1.7
251,2.329,ARG, ,NH1,13.79,1000.00,0.0,4.51,1.0,<Residue ARG het=  resseq=233 icode= >,1f0v_B_B,1.7
252,18.602,ARG, ,NH2,18.06,1000.00,0.0,3.58,1.0,<Residue ARG het=  resseq=233 icode= >,1f0v_B_B,1.7
253,0.0,ASN, ,N,17.36,1000.00,0.0,4.48,1.0,<Residue ASN het=  resseq=234 icode= >,1f0v_B_B,1.7
254,1.403,ASN, ,CA,19.17,1000.00,0.0,3.74,1.0,<Residue ASN het=  resseq=234 icode= >,1f0v_B_B,1.7
255,0.0,ASN, ,C,19.91,1000.00,0.0,3.92,1.0,<Residue ASN het=  resseq=234 icode= >,1f0v_B_B,1.7
256,8.871,ASN, ,O,22.54,1000.00,0.0,4.02,1.0,<Residue ASN het=  resseq=234 icode= >,1f0v_B_B,1.7
257,6.115,ASN, ,CB,27.53,1000.00,0.0,2.36,1.0,<Residue ASN het=  resseq=234 icode= >,1f0v_B_B,1.7
258,6.056,ASN, ,CG,40.03,1000.00,0.0,2.08,1.0,<Residue ASN het=  resseq=234 icode= >,1f0v_B_B,1.7
259,3.823,ASN, ,OD1,44.12,1000.00,0.0,1.18,1.0,<Residue ASN het=  resseq=234 icode= >,1f0v_B_B,1.7
260,48.649,ASN, ,ND2,44.88,1000.00,0.0,0.79,1.0,<Residue ASN het=  resseq=234 icode= >,1f0v_B_B,1.7
261,0.0,LEU, ,N,20.03,11.63,0.0,3.68,1.0,<Residue LEU het=  resseq=235 icode= >,1f0v_B_B,1.7
262,3.285,LEU, ,CA,17.71,10.74,0.0,3.70,1.0,<Residue LEU het=  resseq=235 icode= >,1f0v_B_B,1.7
263,2.199,LEU, ,C,22.37,11.44,0.0,3.30,1.0,<Residue LEU het=  resseq=235 icode= >,1f0v_B_B,1.7
264,0.686,LEU, ,O,25.31,10.94,0.0,3.54,1.0,<Residue LEU het=  resseq=235 icode= >,1f0v_B_B,1.7
265,0.0,LEU, ,CB,14.77,9.39,0.0,3.42,1.0,<Residue LEU het=  resseq=235 icode= >,1f0v_B_B,1.7
266,0.0,LEU, ,CG,16.28,8.85,0.0,3.25,1.0,<Residue LEU het=  resseq=235 icode= >,1f0v_B_B,1.7
267,0.0,LEU, ,CD1,16.71,7.48,0.0,3.54,1.0,<Residue LEU het=  resseq=235 icode= >,1f0v_B_B,1.7
268,8.809,LEU, ,CD2,22.88,8.96,0.0,2.44,1.0,<Residue LEU het=  resseq=235 icode= >,1f0v_B_B,1.7
269,0.0,THR, ,N,20.07,12.73,0.0,3.49,1.0,<Residue THR het=  resseq=236 icode= >,1f0v_B_B,1.7
270,0.0,THR, ,CA,20.56,12.83,0.0,3.26,1.0,<Residue THR het=  resseq=236 icode= >,1f0v_B_B,1.7
271,0.484,THR, ,C,29.28,13.94,0.0,2.34,1.0,<Residue THR het=  resseq=236 icode= >,1f0v_B_B,1.7
272,7.102,THR, ,O,26.65,14.06,0.0,3.17,1.0,<Residue THR het=  resseq=236 icode= >,1f0v_B_B,1.7
273,0.503,THR, ,CB,21.18,12.70,0.0,3.09,1.0,<Residue THR het=  resseq=236 icode= >,1f0v_B_B,1.7
274,2.275,THR, ,OG1,25.89,14.02,0.0,3.11,1.0,<Residue THR het=  resseq=236 icode= >,1f0v_B_B,1.7
275,0.443,THR, ,CG2,22.45,11.75,0.0,2.70,1.0,<Residue THR het=  resseq=236 icode= >,1f0v_B_B,1.7
276,1.641,LYS, ,N,28.85,1000.00,0.0,3.01,1.0,<Residue LYS het=  resseq=237 icode= >,1f0v_B_B,1.7
277,3.28,LYS, ,CA,35.41,1000.00,0.0,2.22,1.0,<Residue LYS het=  resseq=237 icode= >,1f0v_B_B,1.7
278,0.0,LYS, ,C,36.1,1000.00,0.0,2.28,1.0,<Residue LYS het=  resseq=237 icode= >,1f0v_B_B,1.7
279,8.294,LYS, ,O,42.36,1000.00,5.256,1.47,1.0,<Residue LYS het=  resseq=237 icode= >,1f0v_B_B,1.7
280,7.94,LYS, ,CB,38.53,1000.00,0.0,2.02,1.0,<Residue LYS het=  resseq=237 icode= >,1f0v_B_B,1.7
281,10.215,LYS, ,CG,46.18,1000.00,1.074,1.07,1.0,<Residue LYS het=  resseq=237 icode= >,1f0v_B_B,1.7
282,20.447,LYS, ,CD,50.37,1000.00,2.528,0.52,1.0,<Residue LYS het=  resseq=237 icode= >,1f0v_B_B,1.7
283,36.277,LYS, ,CE,52.97,1000.00,0.748,0.59,1.0,<Residue LYS het=  resseq=237 icode= >,1f0v_B_B,1.7
284,42.381,LYS, ,NZ,55.53,1000.00,16.944,0.80,1.0,<Residue LYS het=  resseq=237 icode= >,1f0v_B_B,1.7
285,2.835,ASP, ,N,34.7,1000.00,0.0,2.49,1.0,<Residue ASP het=  resseq=238 icode= >,1f0v_B_B,1.7
286,1.943,ASP, ,CA,32.77,1000.00,0.68,2.65,1.0,<Residue ASP het=  resseq=238 icode= >,1f0v_B_B,1.7
287,0.0,ASP, ,C,33.17,1000.00,0.0,2.44,1.0,<Residue ASP het=  resseq=238 icode= >,1f0v_B_B,1.7
288,10.937,ASP, ,O,33.49,1000.00,0.0,2.86,1.0,<Residue ASP het=  resseq=238 icode= >,1f0v_B_B,1.7
289,11.253,ASP, ,CB,36.78,1000.00,0.0,1.59,1.0,<Residue ASP het=  resseq=238 icode= >,1f0v_B_B,1.7
290,8.27,ASP, ,CG,44.29,1000.00,0.0,1.88,1.0,<Residue ASP het=  resseq=238 icode= >,1f0v_B_B,1.7
291,26.93,ASP, ,OD1,43.49,1000.00,11.327,1.94,1.0,<Residue ASP het=  resseq=238 icode= >,1f0v_B_B,1.7
292,35.93,ASP, ,OD2,43.6,1000.00,0.0,1.54,1.0,<Residue ASP het=  resseq=238 icode= >,1f0v_B_B,1.7
293,0.077,ARG, ,N,28.58,13.16,0.0,3.19,1.0,<Residue ARG het=  resseq=239 icode= >,1f0v_B_B,1.7
294,0.259,ARG, ,CA,28.83,11.85,0.0,2.34,1.0,<Residue ARG het=  resseq=239 icode= >,1f0v_B_B,1.7
295,0.0,ARG, ,C,24.4,10.92,0.0,3.32,1.0,<Residue ARG het=  resseq=239 icode= >,1f0v_B_B,1.7
296,1.48,ARG, ,O,23.4,11.48,0.0,4.02,1.0,<Residue ARG het=  resseq=239 icode= >,1f0v_B_B,1.7
297,14.529,ARG, ,CB,31.72,11.61,0.0,2.31,1.0,<Residue ARG het=  resseq=239 icode= >,1f0v_B_B,1.7
298,10.372,ARG, ,CG,38.21,11.59,0.0,1.76,1.0,<Residue ARG het=  resseq=239 icode= >,1f0v_B_B,1.7
299,38.075,ARG, ,CD,43.1,12.19,0.0,1.57,1.0,<Residue ARG het=  resseq=239 icode= >,1f0v_B_B,1.7
300,14.015,ARG, ,NE,53.44,13.26,0.0,0.94,1.0,<Residue ARG het=  resseq=239 icode= >,1f0v_B_B,1.7
301,4.542,ARG, ,CZ,56.18,14.29,0.0,0.99,1.0,<Residue ARG het=  resseq=239 icode= >,1f0v_B_B,1.7
302,39.104,ARG, ,NH1,55.53,13.72,0.0,0.84,1.0,<Residue ARG het=  resseq=239 icode= >,1f0v_B_B,1.7
303,42.855,ARG, ,NH2,57.04,15.31,0.0,0.59,1.0,<Residue ARG het=  resseq=239 icode= >,1f0v_B_B,1.7
304,3.814,CYS, ,N,20.33,9.69,0.0,3.58,1.0,<Residue CYS het=  resseq=240 icode= >,1f0v_B_B,1.7
305,0.0,CYS, ,CA,22.45,8.93,0.0,2.50,1.0,<Residue CYS het=  resseq=240 icode= >,1f0v_B_B,1.7
306,0.0,CYS, ,C,21.46,8.20,0.0,3.72,1.0,<Residue CYS het=  resseq=240 icode= >,1f0v_B_B,1.7
307,4.89,CYS, ,O,22.08,7.36,0.0,4.53,1.0,<Residue CYS het=  resseq=240 icode= >,1f0v_B_B,1.7
308,1.107,CYS, ,CB,26.08,8.04,0.0,2.27,1.0,<Residue CYS het=  resseq=240 icode= >,1f0v_B_B,1.7
309,1.06,CYS, ,SG,26.32,9.11,0.0,6.53,1.0,<Residue CYS het=  resseq=240 icode= >,1f0v_B_B,1.7
310,0.121,LYS, ,N,19.53,8.80,0.0,3.60,1.0,<Residue LYS het=  resseq=241 icode= >,1f0v_B_B,1.7
311,2.383,LYS, ,CA,16.83,8.45,0.0,3.40,1.0,<Residue LYS het=  resseq=241 icode= >,1f0v_B_B,1.7
312,0.0,LYS, ,C,17.44,7.07,0.0,4.00,1.0,<Residue LYS het=  resseq=241 icode= >,1f0v_B_B,1.7
313,0.0,LYS, ,O,16.47,7.04,0.0,5.37,1.0,<Residue LYS het=  resseq=241 icode= >,1f0v_B_B,1.7
314,6.148,LYS, ,CB,17.35,8.08,0.0,3.45,1.0,<Residue LYS het=  resseq=241 icode= >,1f0v_B_B,1.7
315,11.536,LYS, ,CG,17.07,6.65,0.0,2.88,1.0,<Residue LYS het=  resseq=241 icode= >,1f0v_B_B,1.7
316,4.081,LYS, ,CD,15.13,5.99,0.0,3.48,1.0,<Residue LYS het=  resseq=241 icode= >,1f0v_B_B,1.7
317,28.241,LYS, ,CE,15.12,4.61,9.224,2.71,1.0,<Residue LYS het=  resseq=241 icode= >,1f0v_B_B,1.7
318,6.797,LYS, ,NZ,12.73,4.33,3.051,5.14,1.0,<Residue LYS het=  resseq=241 icode= >,1f0v_B_B,1.7
319,0.0,PRO, ,N,17.2,6.15,0.0,4.13,1.0,<Residue PRO het=  resseq=242 icode= >,1f0v_B_B,1.7
320,0.0,PRO, ,CA,15.65,4.85,0.0,4.34,1.0,<Residue PRO het=  resseq=242 icode= >,1f0v_B_B,1.7
321,0.0,PRO, ,C,14.44,4.97,0.0,4.27,1.0,<Residue PRO het=  resseq=242 icode= >,1f0v_B_B,1.7
322,1.194,PRO, ,O,16.01,4.40,1.194,5.04,1.0,<Residue PRO het=  resseq=242 icode= >,1f0v_B_B,1.7
323,18.934,PRO, ,CB,18.51,4.18,14.905,3.13,1.0,<Residue PRO het=  resseq=242 icode= >,1f0v_B_B,1.7
324,31.898,PRO, ,CG,28.73,5.17,0.0,1.63,1.0,<Residue PRO het=  resseq=242 icode= >,1f0v_B_B,1.7
325,22.594,PRO, ,CD,18.85,6.43,0.0,3.38,1.0,<Residue PRO het=  resseq=242 icode= >,1f0v_B_B,1.7
326,0.347,VAL, ,N,13.83,6.04,0.0,4.46,1.0,<Residue VAL het=  resseq=243 icode= >,1f0v_B_B,1.7
327,0.0,VAL, ,CA,13.81,5.50,0.0,3.29,1.0,<Residue VAL het=  resseq=243 icode= >,1f0v_B_B,1.7
328,0.0,VAL, ,C,10.04,4.53,0.0,5.35,1.0,<Residue VAL het=  resseq=243 icode= >,1f0v_B_B,1.7
329,6.783,VAL, ,O,13.71,4.05,5.039,6.71,1.0,<Residue VAL het=  resseq=243 icode= >,1f0v_B_B,1.7
330,10.48,VAL, ,CB,15.83,4.51,1.689,3.10,1.0,<Residue VAL het=  resseq=243 icode= >,1f0v_B_B,1.7
331,31.717,VAL, ,CG1,18.96,3.59,31.376,2.56,1.0,<Residue VAL het=  resseq=243 icode= >,1f0v_B_B,1.7
332,35.292,VAL, ,CG2,16.35,3.96,27.159,3.07,1.0,<Residue VAL het=  resseq=243 icode= >,1f0v_B_B,1.7
333,0.123,ASN, ,N,14.33,4.36,0.0,5.55,1.0,<Residue ASN het=  resseq=244 icode= >,1f0v_B_B,1.7
334,3.754,ASN, ,CA,11.9,3.39,3.754,4.26,1.0,<Residue ASN het=  resseq=244 icode= >,1f0v_B_B,1.7
335,0.675,ASN, ,C,16.19,3.59,0.098,4.65,1.0,<Residue ASN het=  resseq=244 icode= >,1f0v_B_B,1.7
336,0.13,ASN, ,O,18.33,4.77,0.0,5.37,1.0,<Residue ASN het=  resseq=244 icode= >,1f0v_B_B,1.7
337,0.0,ASN, ,CB,12.59,4.30,0.0,3.08,1.0,<Residue ASN het=  resseq=244 icode= >,1f0v_B_B,1.7
338,0.0,ASN, ,CG,11.0,4.06,0.0,4.86,1.0,<Residue ASN het=  resseq=244 icode= >,1f0v_B_B,1.7
339,0.0,ASN, ,OD1,15.47,3.61,0.0,4.82,1.0,<Residue ASN het=  resseq=244 icode= >,1f0v_B_B,1.7
340,0.0,ASN, ,ND2,14.59,4.90,0.0,4.50,1.0,<Residue ASN het=  resseq=244 icode= >,1f0v_B_B,1.7
341,2.491,THR, ,N,11.44,2.90,2.491,5.43,1.0,<Residue THR het=  resseq=245 icode= >,1f0v_B_B,1.7
342,0.0,THR, ,CA,12.17,3.99,0.0,3.69,1.0,<Residue THR het=  resseq=245 icode= >,1f0v_B_B,1.7
343,0.0,THR, ,C,11.46,4.67,0.0,4.77,1.0,<Residue THR het=  resseq=245 icode= >,1f0v_B_B,1.7
344,0.105,THR, ,O,13.82,4.26,0.105,5.84,1.0,<Residue THR het=  resseq=245 icode= >,1f0v_B_B,1.7
345,12.43,THR, ,CB,13.41,3.81,12.43,3.87,1.0,<Residue THR het=  resseq=245 icode= >,1f0v_B_B,1.7
346,18.874,THR, ,OG1,16.7,2.76,17.271,5.61,1.0,<Residue THR het=  resseq=245 icode= >,1f0v_B_B,1.7
347,6.802,THR, ,CG2,14.02,5.07,6.764,4.10,1.0,<Residue THR het=  resseq=245 icode= >,1f0v_B_B,1.7
348,0.0,PHE, ,N,11.73,6.00,0.0,5.23,1.0,<Residue PHE het=  resseq=246 icode= >,1f0v_B_B,1.7
349,0.0,PHE, ,CA,9.88,6.99,0.0,4.38,1.0,<Residue PHE het=  resseq=246 icode= >,1f0v_B_B,1.7
350,0.0,PHE, ,C,12.15,7.80,0.0,4.82,1.0,<Residue PHE het=  resseq=246 icode= >,1f0v_B_B,1.7
351,0.0,PHE, ,O,14.76,8.12,0.0,5.81,1.0,<Residue PHE het=  resseq=246 icode= >,1f0v_B_B,1.7
352,0.0,PHE, ,CB,13.8,8.13,0.0,3.74,1.0,<Residue PHE het=  resseq=246 icode= >,1f0v_B_B,1.7
353,0.0,PHE, ,CG,14.66,7.93,0.0,3.79,1.0,<Residue PHE het=  resseq=246 icode= >,1f0v_B_B,1.7
354,0.0,PHE, ,CD1,14.77,8.23,0.0,4.37,1.0,<Residue PHE het=  resseq=246 icode= >,1f0v_B_B,1.7
355,0.0,PHE, ,CD2,12.69,7.76,0.0,3.91,1.0,<Residue PHE het=  resseq=246 icode= >,1f0v_B_B,1.7
356,0.0,PHE, ,CE1,15.51,8.35,0.0,3.63,1.0,<Residue PHE het=  resseq=246 icode= >,1f0v_B_B,1.7
357,0.0,PHE, ,CE2,16.12,7.89,0.0,3.79,1.0,<Residue PHE het=  resseq=246 icode= >,1f0v_B_B,1.7
358,0.0,PHE, ,CZ,17.99,8.18,0.0,3.21,1.0,<Residue PHE het=  resseq=246 icode= >,1f0v_B_B,1.7
359,0.0,VAL, ,N,10.13,8.45,0.0,5.74,1.0,<Residue VAL het=  resseq=247 icode= >,1f0v_B_B,1.7
360,0.0,VAL, ,CA,11.35,9.39,0.0,4.94,1.0,<Residue VAL het=  resseq=247 icode= >,1f0v_B_B,1.7
361,0.0,VAL, ,C,13.48,10.77,0.0,4.65,1.0,<Residue VAL het=  resseq=247 icode= >,1f0v_B_B,1.7
362,0.0,VAL, ,O,14.74,11.11,0.0,6.06,1.0,<Residue VAL het=  resseq=247 icode= >,1f0v_B_B,1.7
363,0.0,VAL, ,CB,11.86,9.25,0.0,4.14,1.0,<Residue VAL het=  resseq=247 icode= >,1f0v_B_B,1.7
364,0.0,VAL, ,CG1,14.05,10.45,0.0,3.44,1.0,<Residue VAL het=  resseq=247 icode= >,1f0v_B_B,1.7
365,5.498,VAL, ,CG2,15.19,7.93,5.498,3.52,1.0,<Residue VAL het=  resseq=247 icode= >,1f0v_B_B,1.7
366,0.0,HIS, ,N,13.16,11.71,0.0,4.56,1.0,<Residue HIS het=  resseq=248 icode= >,1f0v_B_B,1.7
367,0.0,HIS, ,CA,13.27,13.09,0.0,3.50,1.0,<Residue HIS het=  resseq=248 icode= >,1f0v_B_B,1.7
368,1.599,HIS, ,C,13.44,14.03,0.0,4.58,1.0,<Residue HIS het=  resseq=248 icode= >,1f0v_B_B,1.7
369,7.295,HIS, ,O,16.11,14.92,0.0,5.34,1.0,<Residue HIS het=  resseq=248 icode= >,1f0v_B_B,1.7
370,0.0,HIS, ,CB,14.17,13.64,0.0,3.93,1.0,<Residue HIS het=  resseq=248 icode= >,1f0v_B_B,1.7
371,0.0,HIS, ,CG,15.22,12.88,0.0,4.23,1.0,<Residue HIS het=  resseq=248 icode= >,1f0v_B_B,1.7
372,0.0,HIS, ,ND1,18.62,12.76,0.0,3.98,1.0,<Residue HIS het=  resseq=248 icode= >,1f0v_B_B,1.7
373,0.0,HIS, ,CD2,11.58,12.29,0.0,4.38,1.0,<Residue HIS het=  resseq=248 icode= >,1f0v_B_B,1.7
374,0.0,HIS, ,CE1,20.6,12.13,0.0,3.10,1.0,<Residue HIS het=  resseq=248 icode= >,1f0v_B_B,1.7
375,0.0,HIS, ,NE2,16.99,11.81,0.0,4.73,1.0,<Residue HIS het=  resseq=248 icode= >,1f0v_B_B,1.7
376,0.0,GLU, ,N,13.16,1000.00,0.0,5.41,1.0,<Residue GLU het=  resseq=249 icode= >,1f0v_B_B,1.7
377,4.825,GLU, ,CA,11.6,1000.00,0.0,3.71,1.0,<Residue GLU het=  resseq=249 icode= >,1f0v_B_B,1.7
378,0.417,GLU, ,C,11.37,1000.00,0.0,4.93,1.0,<Residue GLU het=  resseq=249 icode= >,1f0v_B_B,1.7
379,0.0,GLU, ,O,12.49,1000.00,0.0,6.90,1.0,<Residue GLU het=  resseq=249 icode= >,1f0v_B_B,1.7
380,0.0,GLU, ,CB,12.16,1000.00,0.0,3.99,1.0,<Residue GLU het=  resseq=249 icode= >,1f0v_B_B,1.7
381,0.215,GLU, ,CG,15.68,1000.00,0.0,3.52,1.0,<Residue GLU het=  resseq=249 icode= >,1f0v_B_B,1.7
382,5.709,GLU, ,CD,16.54,1000.00,0.0,4.42,1.0,<Residue GLU het=  resseq=249 icode= >,1f0v_B_B,1.7
383,25.531,GLU, ,OE1,16.12,1000.00,0.0,5.21,1.0,<Residue GLU het=  resseq=249 icode= >,1f0v_B_B,1.7
384,11.189,GLU, ,OE2,16.0,1000.00,0.0,5.78,1.0,<Residue GLU het=  resseq=249 icode= >,1f0v_B_B,1.7
385,5.958,SER, ,N,13.25,1000.00,0.0,4.89,1.0,<Residue SER het=  resseq=250 icode= >,1f0v_B_B,1.7
386,3.403,SER, ,CA,13.28,1000.00,0.0,4.50,1.0,<Residue SER het=  resseq=250 icode= >,1f0v_B_B,1.7
387,0.0,SER, ,C,14.55,1000.00,0.0,5.30,1.0,<Residue SER het=  resseq=250 icode= >,1f0v_B_B,1.7
388,0.0,SER, ,O,11.19,1000.00,0.0,6.57,1.0,<Residue SER het=  resseq=250 icode= >,1f0v_B_B,1.7
389,40.107,SER, ,CB,15.71,1000.00,0.0,3.64,1.0,<Residue SER het=  resseq=250 icode= >,1f0v_B_B,1.7
390,2.873,SER, ,OG,12.63,1000.00,0.0,5.47,1.0,<Residue SER het=  resseq=250 icode= >,1f0v_B_B,1.7
391,3.785,LEU, ,N,11.93,1000.00,0.0,4.65,1.0,<Residue LEU het=  resseq=251 icode= >,1f0v_B_B,1.7
392,0.0,LEU, ,CA,14.76,1000.00,0.0,3.65,1.0,<Residue LEU het=  resseq=251 icode= >,1f0v_B_B,1.7
393,0.0,LEU, ,C,12.15,1000.00,0.0,5.19,1.0,<Residue LEU het=  resseq=251 icode= >,1f0v_B_B,1.7
394,0.0,LEU, ,O,12.87,1000.00,0.0,5.36,1.0,<Residue LEU het=  resseq=251 icode= >,1f0v_B_B,1.7
395,18.805,LEU, ,CB,12.69,1000.00,0.0,3.93,1.0,<Residue LEU het=  resseq=251 icode= >,1f0v_B_B,1.7
396,1.569,LEU, ,CG,13.58,1000.00,0.0,3.87,1.0,<Residue LEU het=  resseq=251 icode= >,1f0v_B_B,1.7
397,3.754,LEU, ,CD1,16.85,1000.00,0.095,3.80,1.0,<Residue LEU het=  resseq=251 icode= >,1f0v_B_B,1.7
398,39.929,LEU, ,CD2,15.72,1000.00,0.0,3.18,1.0,<Residue LEU het=  resseq=251 icode= >,1f0v_B_B,1.7
399,3.059,ALA, ,N,11.35,1000.00,0.0,5.48,1.0,<Residue ALA het=  resseq=252 icode= >,1f0v_B_B,1.7
400,6.33,ALA, ,CA,15.1,1000.00,0.0,3.65,1.0,<Residue ALA het=  resseq=252 icode= >,1f0v_B_B,1.7
401,0.819,ALA, ,C,12.21,1000.00,0.0,4.81,1.0,<Residue ALA het=  resseq=252 icode= >,1f0v_B_B,1.7
402,4.26,ALA, ,O,14.16,1000.00,0.0,5.91,1.0,<Residue ALA het=  resseq=252 icode= >,1f0v_B_B,1.7
403,57.454,ALA, ,CB,17.44,1000.00,0.0,3.33,1.0,<Residue ALA het=  resseq=252 icode= >,1f0v_B_B,1.7
404,0.0,ASP, ,N,12.49,1000.00,0.0,5.51,1.0,<Residue ASP het=  resseq=253 icode= >,1f0v_B_B,1.7
405,1.007,ASP, ,CA,13.5,1000.00,0.0,3.83,1.0,<Residue ASP het=  resseq=253 icode= >,1f0v_B_B,1.7
406,0.0,ASP, ,C,13.17,1000.00,0.0,5.44,1.0,<Residue ASP het=  resseq=253 icode= >,1f0v_B_B,1.7
407,0.674,ASP, ,O,12.95,1000.00,0.0,6.00,1.0,<Residue ASP het=  resseq=253 icode= >,1f0v_B_B,1.7
408,3.771,ASP, ,CB,13.35,1000.00,0.0,3.62,1.0,<Residue ASP het=  resseq=253 icode= >,1f0v_B_B,1.7
409,7.899,ASP, ,CG,17.59,1000.00,0.0,4.23,1.0,<Residue ASP het=  resseq=253 icode= >,1f0v_B_B,1.7
410,29.807,ASP, ,OD1,16.66,1000.00,0.0,4.52,1.0,<Residue ASP het=  resseq=253 icode= >,1f0v_B_B,1.7
411,29.043,ASP, ,OD2,19.97,1000.00,0.0,4.78,1.0,<Residue ASP het=  resseq=253 icode= >,1f0v_B_B,1.7
412,0.0,VAL, ,N,10.24,1000.00,0.0,5.91,1.0,<Residue VAL het=  resseq=254 icode= >,1f0v_B_B,1.7
413,0.0,VAL, ,CA,11.44,1000.00,0.0,4.90,1.0,<Residue VAL het=  resseq=254 icode= >,1f0v_B_B,1.7
414,0.0,VAL, ,C,12.31,1000.00,0.0,5.16,1.0,<Residue VAL het=  resseq=254 icode= >,1f0v_B_B,1.7
415,0.763,VAL, ,O,12.93,1000.00,0.763,5.60,1.0,<Residue VAL het=  resseq=254 icode= >,1f0v_B_B,1.7
416,0.0,VAL, ,CB,10.61,1000.00,0.0,3.81,1.0,<Residue VAL het=  resseq=254 icode= >,1f0v_B_B,1.7
417,3.87,VAL, ,CG1,12.85,1000.00,3.797,3.40,1.0,<Residue VAL het=  resseq=254 icode= >,1f0v_B_B,1.7
418,0.0,VAL, ,CG2,11.75,1000.00,0.0,3.72,1.0,<Residue VAL het=  resseq=254 icode= >,1f0v_B_B,1.7
419,0.0,GLN, ,N,10.92,1000.00,0.0,5.70,1.0,<Residue GLN het=  resseq=255 icode= >,1f0v_B_B,1.7
420,3.28,GLN, ,CA,14.14,1000.00,3.28,3.64,1.0,<Residue GLN het=  resseq=255 icode= >,1f0v_B_B,1.7
421,0.793,GLN, ,C,12.33,1000.00,0.0,4.78,1.0,<Residue GLN het=  resseq=255 icode= >,1f0v_B_B,1.7
422,6.95,GLN, ,O,13.48,1000.00,2.2,5.61,1.0,<Residue GLN het=  resseq=255 icode= >,1f0v_B_B,1.7
423,11.593,GLN, ,CB,13.92,1000.00,3.387,3.86,1.0,<Residue GLN het=  resseq=255 icode= >,1f0v_B_B,1.7
424,14.946,GLN, ,CG,11.62,1000.00,14.421,4.05,1.0,<Residue GLN het=  resseq=255 icode= >,1f0v_B_B,1.7
425,6.414,GLN, ,CD,13.81,1000.00,5.548,4.64,1.0,<Residue GLN het=  resseq=255 icode= >,1f0v_B_B,1.7
426,31.274,GLN, ,OE1,16.83,1000.00,1.654,6.51,1.0,<Residue GLN het=  resseq=255 icode= >,1f0v_B_B,1.7
427,33.744,GLN, ,NE2,14.69,1000.00,10.215,4.52,1.0,<Residue GLN het=  resseq=255 icode= >,1f0v_B_B,1.7
428,0.222,ALA, ,N,12.43,1000.00,0.0,5.38,1.0,<Residue ALA het=  resseq=256 icode= >,1f0v_B_B,1.7
429,9.18,ALA, ,CA,14.94,1000.00,0.0,2.96,1.0,<Residue ALA het=  resseq=256 icode= >,1f0v_B_B,1.7
430,0.0,ALA, ,C,13.57,1000.00,0.0,4.50,1.0,<Residue ALA het=  resseq=256 icode= >,1f0v_B_B,1.7
431,0.424,ALA, ,O,12.36,1000.00,0.0,5.69,1.0,<Residue ALA het=  resseq=256 icode= >,1f0v_B_B,1.7
432,34.109,ALA, ,CB,12.01,1000.00,0.0,3.82,1.0,<Residue ALA het=  resseq=256 icode= >,1f0v_B_B,1.7
433,0.0,VAL, ,N,11.72,1000.00,0.0,5.79,1.0,<Residue VAL het=  resseq=257 icode= >,1f0v_B_B,1.7
434,0.0,VAL, ,CA,13.68,1000.00,0.0,4.08,1.0,<Residue VAL het=  resseq=257 icode= >,1f0v_B_B,1.7
435,0.0,VAL, ,C,13.97,1000.00,0.0,5.03,1.0,<Residue VAL het=  resseq=257 icode= >,1f0v_B_B,1.7
436,0.0,VAL, ,O,12.65,1000.00,0.0,6.55,1.0,<Residue VAL het=  resseq=257 icode= >,1f0v_B_B,1.7
437,0.0,VAL, ,CB,11.2,1000.00,0.0,3.63,1.0,<Residue VAL het=  resseq=257 icode= >,1f0v_B_B,1.7
438,0.0,VAL, ,CG1,11.15,1000.00,0.0,3.92,1.0,<Residue VAL het=  resseq=257 icode= >,1f0v_B_B,1.7
439,0.0,VAL, ,CG2,12.13,1000.00,0.0,3.83,1.0,<Residue VAL het=  resseq=257 icode= >,1f0v_B_B,1.7
440,0.0,CYS, ,N,10.84,1000.00,0.0,5.70,1.0,<Residue CYS het=  resseq=258 icode= >,1f0v_B_B,1.7
441,0.0,CYS, ,CA,13.36,1000.00,0.0,3.44,1.0,<Residue CYS het=  resseq=258 icode= >,1f0v_B_B,1.7
442,0.177,CYS, ,C,15.85,1000.00,0.098,4.61,1.0,<Residue CYS het=  resseq=258 icode= >,1f0v_B_B,1.7
443,12.519,CYS, ,O,17.9,1000.00,8.028,5.34,1.0,<Residue CYS het=  resseq=258 icode= >,1f0v_B_B,1.7
444,18.87,CYS, ,CB,15.38,1000.00,16.867,2.69,1.0,<Residue CYS het=  resseq=258 icode= >,1f0v_B_B,1.7
445,22.128,CYS, ,SG,19.85,1000.00,22.128,8.73,1.0,<Residue CYS het=  resseq=258 icode= >,1f0v_B_B,1.7
446,0.0,SER, ,N,14.82,1000.00,0.0,4.63,1.0,<Residue SER het=  resseq=259 icode= >,1f0v_B_B,1.7
447,10.075,SER, ,CA,16.74,1000.00,0.0,3.31,1.0,<Residue SER het=  resseq=259 icode= >,1f0v_B_B,1.7
448,1.559,SER, ,C,15.35,1000.00,0.0,4.21,1.0,<Residue SER het=  resseq=259 icode= >,1f0v_B_B,1.7
449,21.263,SER, ,O,17.82,1000.00,0.0,5.14,1.0,<Residue SER het=  resseq=259 icode= >,1f0v_B_B,1.7
450,33.802,SER,x,CB,17.85,1000.00,0.0,3.60,0.39,<Residue SER het=  resseq=259 icode= >,1f0v_B_B,1.7
451,30.976,SER,x,OG,16.5,1000.00,0.0,1.93,0.39,<Residue SER het=  resseq=259 icode= >,1f0v_B_B,1.7
452,0.0,GLN, ,N,13.51,1000.00,0.0,4.79,1.0,<Residue GLN het=  resseq=260 icode= >,1f0v_B_B,1.7
453,0.0,GLN, ,CA,14.22,1000.00,0.0,3.75,1.0,<Residue GLN het=  resseq=260 icode= >,1f0v_B_B,1.7
454,0.0,GLN, ,C,14.73,1000.00,0.0,4.11,1.0,<Residue GLN het=  resseq=260 icode= >,1f0v_B_B,1.7
455,11.453,GLN, ,O,17.37,1000.00,0.0,5.03,1.0,<Residue GLN het=  resseq=260 icode= >,1f0v_B_B,1.7
456,0.0,GLN, ,CB,14.01,1000.00,0.0,3.59,1.0,<Residue GLN het=  resseq=260 icode= >,1f0v_B_B,1.7
457,3.882,GLN, ,CG,12.93,1000.00,0.0,3.65,1.0,<Residue GLN het=  resseq=260 icode= >,1f0v_B_B,1.7
458,0.072,GLN, ,CD,14.35,1000.00,0.0,4.41,1.0,<Residue GLN het=  resseq=260 icode= >,1f0v_B_B,1.7
459,2.09,GLN, ,OE1,15.22,1000.00,0.0,5.94,1.0,<Residue GLN het=  resseq=260 icode= >,1f0v_B_B,1.7
460,26.684,GLN, ,NE2,13.84,1000.00,0.0,4.46,1.0,<Residue GLN het=  resseq=260 icode= >,1f0v_B_B,1.7
461,0.0,LYS, ,N,15.17,1000.00,0.0,4.44,1.0,<Residue LYS het=  resseq=261 icode= >,1f0v_B_B,1.7
462,4.245,LYS, ,CA,16.17,1000.00,0.0,3.91,1.0,<Residue LYS het=  resseq=261 icode= >,1f0v_B_B,1.7
463,0.0,LYS, ,C,17.57,1000.00,0.0,4.11,1.0,<Residue LYS het=  resseq=261 icode= >,1f0v_B_B,1.7
464,0.0,LYS, ,O,18.45,1000.00,0.0,5.13,1.0,<Residue LYS het=  resseq=261 icode= >,1f0v_B_B,1.7
465,0.482,LYS, ,CB,17.15,1000.00,0.0,3.43,1.0,<Residue LYS het=  resseq=261 icode= >,1f0v_B_B,1.7
466,12.445,LYS, ,CG,18.93,1000.00,0.0,3.04,1.0,<Residue LYS het=  resseq=261 icode= >,1f0v_B_B,1.7
467,11.978,LYS, ,CD,24.86,1000.00,0.0,2.57,1.0,<Residue LYS het=  resseq=261 icode= >,1f0v_B_B,1.7
468,37.459,LYS, ,CE,29.35,1000.00,0.0,2.09,1.0,<Residue LYS het=  resseq=261 icode= >,1f0v_B_B,1.7
469,38.892,LYS, ,NZ,31.69,1000.00,0.0,2.25,1.0,<Residue LYS het=  resseq=261 icode= >,1f0v_B_B,1.7
470,4.89,ASN, ,N,15.53,1000.00,0.0,4.99,1.0,<Residue ASN het=  resseq=262 icode= >,1f0v_B_B,1.7
471,0.0,ASN, ,CA,15.84,1000.00,0.0,3.33,1.0,<Residue ASN het=  resseq=262 icode= >,1f0v_B_B,1.7
472,0.389,ASN, ,C,18.02,1000.00,0.0,3.89,1.0,<Residue ASN het=  resseq=262 icode= >,1f0v_B_B,1.7
473,18.363,ASN, ,O,19.77,1000.00,0.0,5.37,1.0,<Residue ASN het=  resseq=262 icode= >,1f0v_B_B,1.7
474,23.22,ASN, ,CB,16.93,1000.00,0.0,3.22,1.0,<Residue ASN het=  resseq=262 icode= >,1f0v_B_B,1.7
475,3.34,ASN, ,CG,23.75,1000.00,0.0,3.46,1.0,<Residue ASN het=  resseq=262 icode= >,1f0v_B_B,1.7
476,36.701,ASN, ,OD1,28.17,1000.00,0.0,2.92,1.0,<Residue ASN het=  resseq=262 icode= >,1f0v_B_B,1.7
477,0.739,ASN, ,ND2,17.56,1000.00,0.0,4.10,1.0,<Residue ASN het=  resseq=262 icode= >,1f0v_B_B,1.7
478,0.0,VAL, ,N,15.56,14.63,0.0,4.62,1.0,<Residue VAL het=  resseq=263 icode= >,1f0v_B_B,1.7
479,8.058,VAL, ,CA,17.02,13.72,0.0,3.43,1.0,<Residue VAL het=  resseq=263 icode= >,1f0v_B_B,1.7
480,3.052,VAL, ,C,19.19,13.07,0.0,3.76,1.0,<Residue VAL het=  resseq=263 icode= >,1f0v_B_B,1.7
481,0.0,VAL, ,O,20.15,13.17,0.0,3.96,1.0,<Residue VAL het=  resseq=263 icode= >,1f0v_B_B,1.7
482,8.223,VAL, ,CB,14.73,12.66,0.0,3.46,1.0,<Residue VAL het=  resseq=263 icode= >,1f0v_B_B,1.7
483,11.734,VAL, ,CG1,17.38,13.45,0.0,2.87,1.0,<Residue VAL het=  resseq=263 icode= >,1f0v_B_B,1.7
484,1.418,VAL, ,CG2,15.6,11.70,0.0,3.18,1.0,<Residue VAL het=  resseq=263 icode= >,1f0v_B_B,1.7
485,9.415,ALA, ,N,18.15,12.58,0.0,4.39,1.0,<Residue ALA het=  resseq=264 icode= >,1f0v_B_B,1.7
486,1.832,ALA, ,CA,21.71,12.12,0.0,2.95,1.0,<Residue ALA het=  resseq=264 icode= >,1f0v_B_B,1.7
487,0.005,ALA, ,C,20.23,10.72,0.0,4.60,1.0,<Residue ALA het=  resseq=264 icode= >,1f0v_B_B,1.7
488,12.988,ALA, ,O,21.49,9.94,0.293,4.72,1.0,<Residue ALA het=  resseq=264 icode= >,1f0v_B_B,1.7
489,50.559,ALA, ,CB,25.55,12.24,0.0,2.37,1.0,<Residue ALA het=  resseq=264 icode= >,1f0v_B_B,1.7
490,0.0,CYS, ,N,18.62,10.56,0.0,4.08,1.0,<Residue CYS het=  resseq=265 icode= >,1f0v_B_B,1.7
491,0.399,CYS, ,CA,19.86,9.37,0.399,2.67,1.0,<Residue CYS het=  resseq=265 icode= >,1f0v_B_B,1.7
492,0.447,CYS, ,C,18.51,8.53,0.0,3.68,1.0,<Residue CYS het=  resseq=265 icode= >,1f0v_B_B,1.7
493,4.441,CYS, ,O,19.34,9.21,0.0,4.87,1.0,<Residue CYS het=  resseq=265 icode= >,1f0v_B_B,1.7
494,5.41,CYS, ,CB,16.71,9.88,4.206,2.91,1.0,<Residue CYS het=  resseq=265 icode= >,1f0v_B_B,1.7
495,2.843,CYS, ,SG,20.55,10.58,0.0,8.52,1.0,<Residue CYS het=  resseq=265 icode= >,1f0v_B_B,1.7
496,7.3,LYS, ,N,17.36,7.25,6.489,4.26,1.0,<Residue LYS het=  resseq=266 icode= >,1f0v_B_B,1.7
497,11.373,LYS, ,CA,18.67,6.58,0.0,3.17,1.0,<Residue LYS het=  resseq=266 icode= >,1f0v_B_B,1.7
498,0.062,LYS, ,C,23.81,7.34,0.0,3.69,1.0,<Residue LYS het=  resseq=266 icode= >,1f0v_B_B,1.7
499,29.467,LYS, ,O,22.55,7.49,0.0,3.99,1.0,<Residue LYS het=  resseq=266 icode= >,1f0v_B_B,1.7
500,28.3,LYS, ,CB,19.22,5.05,5.273,2.60,1.0,<Residue LYS het=  resseq=266 icode= >,1f0v_B_B,1.7
501,13.624,LYS, ,CG,18.65,4.71,5.296,2.41,1.0,<Residue LYS het=  resseq=266 icode= >,1f0v_B_B,1.7
502,33.861,LYS, ,CD,18.94,3.24,25.935,2.79,1.0,<Residue LYS het=  resseq=266 icode= >,1f0v_B_B,1.7
503,46.662,LYS, ,CE,24.99,3.56,20.372,2.18,1.0,<Residue LYS het=  resseq=266 icode= >,1f0v_B_B,1.7
504,47.857,LYS, ,NZ,18.33,3.47,41.26,3.84,1.0,<Residue LYS het=  resseq=266 icode= >,1f0v_B_B,1.7
505,0.0,ASN, ,N,19.5,8.12,0.0,4.07,1.0,<Residue ASN het=  resseq=267 icode= >,1f0v_B_B,1.7
506,9.672,ASN, ,CA,25.59,9.13,0.0,2.53,1.0,<Residue ASN het=  resseq=267 icode= >,1f0v_B_B,1.7
507,3.719,ASN, ,C,25.75,10.44,0.0,3.38,1.0,<Residue ASN het=  resseq=267 icode= >,1f0v_B_B,1.7
508,24.465,ASN, ,O,27.86,11.48,0.0,3.13,1.0,<Residue ASN het=  resseq=267 icode= >,1f0v_B_B,1.7
509,30.784,ASN, ,CB,22.15,9.45,0.0,2.60,1.0,<Residue ASN het=  resseq=267 icode= >,1f0v_B_B,1.7
510,2.604,ASN, ,CG,21.72,9.61,0.852,3.86,1.0,<Residue ASN het=  resseq=267 icode= >,1f0v_B_B,1.7
511,0.0,ASN, ,OD1,24.49,10.22,0.0,3.94,1.0,<Residue ASN het=  resseq=267 icode= >,1f0v_B_B,1.7
512,37.326,ASN, ,ND2,25.68,9.31,0.0,2.84,1.0,<Residue ASN het=  resseq=267 icode= >,1f0v_B_B,1.7
513,1.258,GLY, ,N,22.91,10.52,0.0,3.53,1.0,<Residue GLY het=  resseq=268 icode= >,1f0v_B_B,1.7
514,30.473,GLY, ,CA,22.65,11.85,0.0,2.69,1.0,<Residue GLY het=  resseq=268 icode= >,1f0v_B_B,1.7
515,4.213,GLY, ,C,26.73,12.78,0.0,3.49,1.0,<Residue GLY het=  resseq=268 icode= >,1f0v_B_B,1.7
516,18.763,GLY, ,O,27.96,13.81,0.0,3.83,1.0,<Residue GLY het=  resseq=268 icode= >,1f0v_B_B,1.7
517,0.0,GLN, ,N,25.01,12.60,0.0,3.70,1.0,<Residue GLN het=  resseq=269 icode= >,1f0v_B_B,1.7
518,6.226,GLN, ,CA,23.7,13.50,0.0,2.95,1.0,<Residue GLN het=  resseq=269 icode= >,1f0v_B_B,1.7
519,0.0,GLN, ,C,25.08,13.75,0.0,3.67,1.0,<Residue GLN het=  resseq=269 icode= >,1f0v_B_B,1.7
520,0.0,GLN, ,O,24.24,12.92,0.0,3.87,1.0,<Residue GLN het=  resseq=269 icode= >,1f0v_B_B,1.7
521,3.031,GLN, ,CB,26.01,12.64,0.0,2.46,1.0,<Residue GLN het=  resseq=269 icode= >,1f0v_B_B,1.7
522,15.107,GLN, ,CG,32.83,12.71,0.0,1.87,1.0,<Residue GLN het=  resseq=269 icode= >,1f0v_B_B,1.7
523,3.532,GLN, ,CD,36.21,12.38,0.0,2.75,1.0,<Residue GLN het=  resseq=269 icode= >,1f0v_B_B,1.7
524,21.561,GLN, ,OE1,32.4,11.30,0.0,2.62,1.0,<Residue GLN het=  resseq=269 icode= >,1f0v_B_B,1.7
525,58.948,GLN, ,NE2,41.38,13.42,0.0,1.15,1.0,<Residue GLN het=  resseq=269 icode= >,1f0v_B_B,1.7
526,2.979,THR, ,N,20.25,14.80,0.0,3.99,1.0,<Residue THR het=  resseq=270 icode= >,1f0v_B_B,1.7
527,0.764,THR, ,CA,19.43,15.33,0.0,3.25,1.0,<Residue THR het=  resseq=270 icode= >,1f0v_B_B,1.7
528,0.289,THR, ,C,18.25,15.21,0.0,4.26,1.0,<Residue THR het=  resseq=270 icode= >,1f0v_B_B,1.7
529,3.859,THR, ,O,22.12,15.92,0.0,4.40,1.0,<Residue THR het=  resseq=270 icode= >,1f0v_B_B,1.7
530,13.094,THR, ,CB,25.38,16.80,0.0,2.29,1.0,<Residue THR het=  resseq=270 icode= >,1f0v_B_B,1.7
531,30.602,THR, ,OG1,28.52,17.30,0.0,2.93,1.0,<Residue THR het=  resseq=270 icode= >,1f0v_B_B,1.7
532,56.375,THR, ,CG2,31.69,16.96,0.0,1.71,1.0,<Residue THR het=  resseq=270 icode= >,1f0v_B_B,1.7
533,0.0,ASN, ,N,18.62,14.30,0.0,3.60,1.0,<Residue ASN het=  resseq=271 icode= >,1f0v_B_B,1.7
534,1.912,ASN, ,CA,16.04,14.26,0.12,3.28,1.0,<Residue ASN het=  resseq=271 icode= >,1f0v_B_B,1.7
535,0.0,ASN, ,C,15.47,13.28,0.0,4.40,1.0,<Residue ASN het=  resseq=271 icode= >,1f0v_B_B,1.7
536,0.0,ASN, ,O,15.99,12.93,0.0,5.85,1.0,<Residue ASN het=  resseq=271 icode= >,1f0v_B_B,1.7
537,23.936,ASN, ,CB,17.89,14.27,6.756,2.82,1.0,<Residue ASN het=  resseq=271 icode= >,1f0v_B_B,1.7
538,5.409,ASN, ,CG,20.67,13.03,0.0,3.95,1.0,<Residue ASN het=  resseq=271 icode= >,1f0v_B_B,1.7
539,3.388,ASN, ,OD1,22.12,12.59,0.0,4.96,1.0,<Residue ASN het=  resseq=271 icode= >,1f0v_B_B,1.7
540,6.8,ASN, ,ND2,17.94,12.60,0.159,3.82,1.0,<Residue ASN het=  resseq=271 icode= >,1f0v_B_B,1.7
541,0.0,CYS, ,N,16.72,13.07,0.0,4.04,1.0,<Residue CYS het=  resseq=272 icode= >,1f0v_B_B,1.7
542,0.0,CYS, ,CA,12.11,12.33,0.0,4.36,1.0,<Residue CYS het=  resseq=272 icode= >,1f0v_B_B,1.7
543,0.0,CYS, ,C,15.65,13.30,0.0,4.25,1.0,<Residue CYS het=  resseq=272 icode= >,1f0v_B_B,1.7
544,0.0,CYS, ,O,16.3,14.28,0.0,5.37,1.0,<Residue CYS het=  resseq=272 icode= >,1f0v_B_B,1.7
545,0.0,CYS, ,CB,14.28,11.32,0.0,2.93,1.0,<Residue CYS het=  resseq=272 icode= >,1f0v_B_B,1.7
546,9.188,CYS, ,SG,20.23,9.83,9.118,8.18,1.0,<Residue CYS het=  resseq=272 icode= >,1f0v_B_B,1.7
547,0.0,TYR, ,N,10.81,12.98,0.0,5.70,1.0,<Residue TYR het=  resseq=273 icode= >,1f0v_B_B,1.7
548,0.0,TYR, ,CA,12.09,13.93,0.0,4.03,1.0,<Residue TYR het=  resseq=273 icode= >,1f0v_B_B,1.7
549,0.0,TYR, ,C,12.58,13.18,0.0,4.35,1.0,<Residue TYR het=  resseq=273 icode= >,1f0v_B_B,1.7
550,0.0,TYR, ,O,12.16,12.09,0.0,5.84,1.0,<Residue TYR het=  resseq=273 icode= >,1f0v_B_B,1.7
551,0.0,TYR, ,CB,9.35,14.72,0.0,4.08,1.0,<Residue TYR het=  resseq=273 icode= >,1f0v_B_B,1.7
552,0.0,TYR, ,CG,15.92,15.61,0.0,3.36,1.0,<Residue TYR het=  resseq=273 icode= >,1f0v_B_B,1.7
553,0.0,TYR, ,CD1,17.95,15.06,0.0,2.52,1.0,<Residue TYR het=  resseq=273 icode= >,1f0v_B_B,1.7
554,0.0,TYR, ,CD2,20.19,16.95,0.0,3.47,1.0,<Residue TYR het=  resseq=273 icode= >,1f0v_B_B,1.7
555,2.317,TYR, ,CE1,21.79,15.81,2.317,2.54,1.0,<Residue TYR het=  resseq=273 icode= >,1f0v_B_B,1.7
556,9.702,TYR, ,CE2,21.36,17.72,0.0,3.14,1.0,<Residue TYR het=  resseq=273 icode= >,1f0v_B_B,1.7
557,0.707,TYR, ,CZ,19.33,17.11,0.695,3.31,1.0,<Residue TYR het=  resseq=273 icode= >,1f0v_B_B,1.7
558,35.725,TYR, ,OH,25.7,17.92,14.972,2.83,1.0,<Residue TYR het=  resseq=273 icode= >,1f0v_B_B,1.7
559,0.0,GLN, ,N,11.98,13.59,0.0,5.00,1.0,<Residue GLN het=  resseq=274 icode= >,1f0v_B_B,1.7
560,0.0,GLN, ,CA,12.07,13.05,0.0,3.84,1.0,<Residue GLN het=  resseq=274 icode= >,1f0v_B_B,1.7
561,0.0,GLN, ,C,12.17,14.05,0.0,4.78,1.0,<Residue GLN het=  resseq=274 icode= >,1f0v_B_B,1.7
562,0.0,GLN, ,O,14.96,15.27,0.0,5.68,1.0,<Residue GLN het=  resseq=274 icode= >,1f0v_B_B,1.7
563,0.0,GLN, ,CB,12.27,12.85,0.0,4.13,1.0,<Residue GLN het=  resseq=274 icode= >,1f0v_B_B,1.7
564,0.135,GLN, ,CG,12.53,12.51,0.0,3.55,1.0,<Residue GLN het=  resseq=274 icode= >,1f0v_B_B,1.7
565,2.592,GLN, ,CD,18.58,12.53,1.51,4.20,1.0,<Residue GLN het=  resseq=274 icode= >,1f0v_B_B,1.7
566,12.136,GLN, ,OE1,20.23,11.94,0.0,4.47,1.0,<Residue GLN het=  resseq=274 icode= >,1f0v_B_B,1.7
567,28.593,GLN, ,NE2,19.95,13.38,0.865,4.72,1.0,<Residue GLN het=  resseq=274 icode= >,1f0v_B_B,1.7
568,0.0,SER, ,N,13.39,13.51,0.0,4.63,1.0,<Residue SER het=  resseq=275 icode= >,1f0v_B_B,1.7
569,0.0,SER, ,CA,13.27,14.43,0.0,4.23,1.0,<Residue SER het=  resseq=275 icode= >,1f0v_B_B,1.7
570,0.0,SER, ,C,14.73,15.40,0.0,4.30,1.0,<Residue SER het=  resseq=275 icode= >,1f0v_B_B,1.7
571,1.413,SER, ,O,14.33,15.04,0.0,6.31,1.0,<Residue SER het=  resseq=275 icode= >,1f0v_B_B,1.7
572,0.481,SER, ,CB,13.02,13.78,0.0,4.23,1.0,<Residue SER het=  resseq=275 icode= >,1f0v_B_B,1.7
573,0.0,SER, ,OG,11.7,13.01,0.0,6.36,1.0,<Residue SER het=  resseq=275 icode= >,1f0v_B_B,1.7
574,0.0,TYR, ,N,12.42,1000.00,0.0,5.00,1.0,<Residue TYR het=  resseq=276 icode= >,1f0v_B_B,1.7
575,4.766,TYR, ,CA,13.87,1000.00,0.0,3.62,1.0,<Residue TYR het=  resseq=276 icode= >,1f0v_B_B,1.7
576,0.444,TYR, ,C,15.44,1000.00,0.0,4.32,1.0,<Residue TYR het=  resseq=276 icode= >,1f0v_B_B,1.7
577,20.541,TYR, ,O,16.13,1000.00,0.0,6.22,1.0,<Residue TYR het=  resseq=276 icode= >,1f0v_B_B,1.7
578,20.745,TYR, ,CB,13.84,1000.00,0.0,3.71,1.0,<Residue TYR het=  resseq=276 icode= >,1f0v_B_B,1.7
579,1.72,TYR, ,CG,15.72,1000.00,0.0,3.73,1.0,<Residue TYR het=  resseq=276 icode= >,1f0v_B_B,1.7
580,14.229,TYR, ,CD1,14.49,1000.00,0.0,3.62,1.0,<Residue TYR het=  resseq=276 icode= >,1f0v_B_B,1.7
581,15.927,TYR, ,CD2,19.62,1000.00,0.0,3.14,1.0,<Residue TYR het=  resseq=276 icode= >,1f0v_B_B,1.7
582,16.134,TYR, ,CE1,18.89,1000.00,0.0,3.18,1.0,<Residue TYR het=  resseq=276 icode= >,1f0v_B_B,1.7
583,20.363,TYR, ,CE2,19.78,1000.00,0.0,3.36,1.0,<Residue TYR het=  resseq=276 icode= >,1f0v_B_B,1.7
584,5.179,TYR, ,CZ,20.41,1000.00,0.0,3.39,1.0,<Residue TYR het=  resseq=276 icode= >,1f0v_B_B,1.7
585,28.178,TYR, ,OH,25.36,1000.00,0.0,3.42,1.0,<Residue TYR het=  resseq=276 icode= >,1f0v_B_B,1.7
586,1.886,SER, ,N,13.48,1000.00,0.0,5.16,1.0,<Residue SER het=  resseq=277 icode= >,1f0v_B_B,1.7
587,4.946,SER, ,CA,16.12,1000.00,0.0,3.32,1.0,<Residue SER het=  resseq=277 icode= >,1f0v_B_B,1.7
588,0.0,SER, ,C,14.68,1000.00,0.0,4.51,1.0,<Residue SER het=  resseq=277 icode= >,1f0v_B_B,1.7
589,0.0,SER, ,O,16.16,1000.00,0.0,5.24,1.0,<Residue SER het=  resseq=277 icode= >,1f0v_B_B,1.7
590,33.171,SER, ,CB,17.59,1000.00,0.0,3.37,1.0,<Residue SER het=  resseq=277 icode= >,1f0v_B_B,1.7
591,35.191,SER, ,OG,17.29,1000.00,0.0,5.01,1.0,<Residue SER het=  resseq=277 icode= >,1f0v_B_B,1.7
592,4.117,THR, ,N,14.55,16.03,0.0,4.77,1.0,<Residue THR het=  resseq=278 icode= >,1f0v_B_B,1.7
593,0.0,THR, ,CA,16.98,14.83,0.0,2.98,1.0,<Residue THR het=  resseq=278 icode= >,1f0v_B_B,1.7
594,0.164,THR, ,C,15.87,14.70,0.0,4.47,1.0,<Residue THR het=  resseq=278 icode= >,1f0v_B_B,1.7
595,14.977,THR, ,O,18.25,15.69,0.0,4.96,1.0,<Residue THR het=  resseq=278 icode= >,1f0v_B_B,1.7
596,0.0,THR, ,CB,20.22,15.07,0.0,3.39,1.0,<Residue THR het=  resseq=278 icode= >,1f0v_B_B,1.7
597,24.139,THR, ,OG1,21.02,16.28,0.0,4.30,1.0,<Residue THR het=  resseq=278 icode= >,1f0v_B_B,1.7
598,25.886,THR, ,CG2,17.93,15.31,0.0,2.93,1.0,<Residue THR het=  resseq=278 icode= >,1f0v_B_B,1.7
599,0.0,MET, ,N,12.95,13.53,0.0,5.11,1.0,<Residue MET het=  resseq=279 icode= >,1f0v_B_B,1.7
600,1.077,MET, ,CA,12.16,13.46,0.0,3.94,1.0,<Residue MET het=  resseq=279 icode= >,1f0v_B_B,1.7
601,0.0,MET, ,C,12.88,12.94,0.0,4.89,1.0,<Residue MET het=  resseq=279 icode= >,1f0v_B_B,1.7
602,0.0,MET, ,O,14.17,12.19,0.0,6.36,1.0,<Residue MET het=  resseq=279 icode= >,1f0v_B_B,1.7
603,0.0,MET, ,CB,13.18,12.66,0.0,3.22,1.0,<Residue MET het=  resseq=279 icode= >,1f0v_B_B,1.7
604,2.324,MET, ,CG,14.49,13.43,0.0,3.28,1.0,<Residue MET het=  resseq=279 icode= >,1f0v_B_B,1.7
605,0.0,MET, ,SD,15.26,12.84,0.0,10.41,1.0,<Residue MET het=  resseq=279 icode= >,1f0v_B_B,1.7
606,11.141,MET, ,CE,15.93,14.33,0.0,2.90,1.0,<Residue MET het=  resseq=279 icode= >,1f0v_B_B,1.7
607,0.704,SER, ,N,12.58,13.50,0.0,5.01,1.0,<Residue SER het=  resseq=280 icode= >,1f0v_B_B,1.7
608,0.0,SER, ,CA,12.89,13.24,0.0,3.30,1.0,<Residue SER het=  resseq=280 icode= >,1f0v_B_B,1.7
609,0.0,SER, ,C,13.61,11.96,0.0,4.47,1.0,<Residue SER het=  resseq=280 icode= >,1f0v_B_B,1.7
610,0.0,SER, ,O,14.59,11.86,0.0,5.83,1.0,<Residue SER het=  resseq=280 icode= >,1f0v_B_B,1.7
611,10.845,SER, ,CB,15.76,14.42,0.0,3.69,1.0,<Residue SER het=  resseq=280 icode= >,1f0v_B_B,1.7
612,3.923,SER, ,OG,17.27,14.31,0.0,4.50,1.0,<Residue SER het=  resseq=280 icode= >,1f0v_B_B,1.7
613,0.0,ILE, ,N,12.1,11.10,0.0,5.21,1.0,<Residue ILE het=  resseq=281 icode= >,1f0v_B_B,1.7
614,0.0,ILE, ,CA,10.44,9.84,0.0,4.80,1.0,<Residue ILE het=  resseq=281 icode= >,1f0v_B_B,1.7
615,0.0,ILE, ,C,13.42,9.75,0.0,4.29,1.0,<Residue ILE het=  resseq=281 icode= >,1f0v_B_B,1.7
616,1.494,ILE, ,O,15.42,10.55,0.0,6.01,1.0,<Residue ILE het=  resseq=281 icode= >,1f0v_B_B,1.7
617,0.0,ILE, ,CB,13.0,8.60,0.0,3.37,1.0,<Residue ILE het=  resseq=281 icode= >,1f0v_B_B,1.7
618,0.0,ILE, ,CG1,12.69,8.67,0.0,3.75,1.0,<Residue ILE het=  resseq=281 icode= >,1f0v_B_B,1.7
619,0.0,ILE, ,CG2,14.03,8.93,0.0,3.14,1.0,<Residue ILE het=  resseq=281 icode= >,1f0v_B_B,1.7
620,9.482,ILE, ,CD1,18.43,7.64,7.077,3.17,1.0,<Residue ILE het=  resseq=281 icode= >,1f0v_B_B,1.7
621,0.0,THR, ,N,13.46,9.03,0.0,5.18,1.0,<Residue THR het=  resseq=282 icode= >,1f0v_B_B,1.7
622,0.0,THR, ,CA,12.33,9.11,0.0,4.19,1.0,<Residue THR het=  resseq=282 icode= >,1f0v_B_B,1.7
623,0.0,THR, ,C,14.46,7.79,0.0,4.92,1.0,<Residue THR het=  resseq=282 icode= >,1f0v_B_B,1.7
624,0.0,THR, ,O,15.36,7.00,0.0,5.42,1.0,<Residue THR het=  resseq=282 icode= >,1f0v_B_B,1.7
625,0.0,THR, ,CB,14.89,10.02,0.0,3.21,1.0,<Residue THR het=  resseq=282 icode= >,1f0v_B_B,1.7
626,0.083,THR, ,OG1,16.45,11.28,0.0,4.56,1.0,<Residue THR het=  resseq=282 icode= >,1f0v_B_B,1.7
627,0.0,THR, ,CG2,15.81,10.34,0.0,2.66,1.0,<Residue THR het=  resseq=282 icode= >,1f0v_B_B,1.7
628,0.0,ASP, ,N,14.66,7.70,0.0,5.05,1.0,<Residue ASP het=  resseq=283 icode= >,1f0v_B_B,1.7
629,0.288,ASP, ,CA,14.57,6.71,0.0,3.31,1.0,<Residue ASP het=  resseq=283 icode= >,1f0v_B_B,1.7
630,0.0,ASP, ,C,15.53,7.39,0.0,4.63,1.0,<Residue ASP het=  resseq=283 icode= >,1f0v_B_B,1.7
631,0.276,ASP, ,O,19.48,8.58,0.0,4.62,1.0,<Residue ASP het=  resseq=283 icode= >,1f0v_B_B,1.7
632,1.709,ASP, ,CB,17.89,6.79,0.0,3.03,1.0,<Residue ASP het=  resseq=283 icode= >,1f0v_B_B,1.7
633,0.545,ASP, ,CG,26.6,6.27,0.0,3.04,1.0,<Residue ASP het=  resseq=283 icode= >,1f0v_B_B,1.7
634,4.789,ASP, ,OD1,27.48,5.36,0.161,3.02,1.0,<Residue ASP het=  resseq=283 icode= >,1f0v_B_B,1.7
635,15.806,ASP, ,OD2,26.79,6.37,0.0,3.40,1.0,<Residue ASP het=  resseq=283 icode= >,1f0v_B_B,1.7
636,0.219,CYS, ,N,13.47,6.90,0.0,4.96,1.0,<Residue CYS het=  resseq=284 icode= >,1f0v_B_B,1.7
637,0.0,CYS, ,CA,15.31,7.84,0.0,3.19,1.0,<Residue CYS het=  resseq=284 icode= >,1f0v_B_B,1.7
638,0.0,CYS, ,C,17.48,7.26,0.0,4.32,1.0,<Residue CYS het=  resseq=284 icode= >,1f0v_B_B,1.7
639,0.046,CYS, ,O,15.67,6.59,0.0,5.02,1.0,<Residue CYS het=  resseq=284 icode= >,1f0v_B_B,1.7
640,0.0,CYS, ,CB,19.98,7.86,0.0,2.57,1.0,<Residue CYS het=  resseq=284 icode= >,1f0v_B_B,1.7
641,0.0,CYS, ,SG,22.19,8.50,0.0,7.37,1.0,<Residue CYS het=  resseq=284 icode= >,1f0v_B_B,1.7
642,0.0,ARG, ,N,16.16,6.53,0.0,4.49,1.0,<Residue ARG het=  resseq=285 icode= >,1f0v_B_B,1.7
643,0.0,ARG, ,CA,14.82,5.08,0.0,3.73,1.0,<Residue ARG het=  resseq=285 icode= >,1f0v_B_B,1.7
644,0.0,ARG, ,C,16.81,4.96,0.0,4.12,1.0,<Residue ARG het=  resseq=285 icode= >,1f0v_B_B,1.7
645,0.0,ARG, ,O,16.5,5.76,0.0,5.17,1.0,<Residue ARG het=  resseq=285 icode= >,1f0v_B_B,1.7
646,6.839,ARG, ,CB,21.28,4.41,5.136,3.02,1.0,<Residue ARG het=  resseq=285 icode= >,1f0v_B_B,1.7
647,3.785,ARG, ,CG,24.21,4.91,0.695,2.83,1.0,<Residue ARG het=  resseq=285 icode= >,1f0v_B_B,1.7
648,13.457,ARG, ,CD,29.89,4.20,13.457,1.99,1.0,<Residue ARG het=  resseq=285 icode= >,1f0v_B_B,1.7
649,1.133,ARG, ,NE,37.99,3.54,0.82,1.51,1.0,<Residue ARG het=  resseq=285 icode= >,1f0v_B_B,1.7
650,4.503,ARG, ,CZ,38.96,2.80,4.503,1.83,1.0,<Residue ARG het=  resseq=285 icode= >,1f0v_B_B,1.7
651,34.723,ARG, ,NH1,44.19,3.00,13.702,0.66,1.0,<Residue ARG het=  resseq=285 icode= >,1f0v_B_B,1.7
652,31.599,ARG, ,NH2,24.01,2.72,21.515,2.74,1.0,<Residue ARG het=  resseq=285 icode= >,1f0v_B_B,1.7
653,0.998,GLU, ,N,15.53,4.02,0.998,4.13,1.0,<Residue GLU het=  resseq=286 icode= >,1f0v_B_B,1.7
654,0.0,GLU, ,CA,15.27,4.00,0.0,3.84,1.0,<Residue GLU het=  resseq=286 icode= >,1f0v_B_B,1.7
655,0.022,GLU, ,C,18.27,3.74,0.0,4.10,1.0,<Residue GLU het=  resseq=286 icode= >,1f0v_B_B,1.7
656,21.472,GLU, ,O,17.9,2.98,15.496,4.99,1.0,<Residue GLU het=  resseq=286 icode= >,1f0v_B_B,1.7
657,3.533,GLU, ,CB,16.39,3.60,3.533,3.39,1.0,<Residue GLU het=  resseq=286 icode= >,1f0v_B_B,1.7
658,2.613,GLU, ,CG,21.1,4.27,0.347,1.83,1.0,<Residue GLU het=  resseq=286 icode= >,1f0v_B_B,1.7
659,6.245,GLU, ,CD,22.54,4.85,0.0,3.46,1.0,<Residue GLU het=  resseq=286 icode= >,1f0v_B_B,1.7
660,17.488,GLU, ,OE1,25.12,4.38,2.085,3.40,1.0,<Residue GLU het=  resseq=286 icode= >,1f0v_B_B,1.7
661,4.891,GLU, ,OE2,22.75,6.07,0.0,4.09,1.0,<Residue GLU het=  resseq=286 icode= >,1f0v_B_B,1.7
662,0.0,THR, ,N,15.71,4.87,0.0,4.08,1.0,<Residue THR het=  resseq=287 icode= >,1f0v_B_B,1.7
663,7.69,THR, ,CA,15.13,5.40,0.0,3.41,1.0,<Residue THR het=  resseq=287 icode= >,1f0v_B_B,1.7
664,2.339,THR, ,C,16.64,5.40,0.303,4.87,1.0,<Residue THR het=  resseq=287 icode= >,1f0v_B_B,1.7
665,5.643,THR, ,O,17.43,5.19,0.396,5.13,1.0,<Residue THR het=  resseq=287 icode= >,1f0v_B_B,1.7
666,12.025,THR, ,CB,17.0,6.91,0.0,3.94,1.0,<Residue THR het=  resseq=287 icode= >,1f0v_B_B,1.7
667,0.876,THR, ,OG1,19.6,7.52,0.0,4.34,1.0,<Residue THR het=  resseq=287 icode= >,1f0v_B_B,1.7
668,19.752,THR, ,CG2,20.37,7.47,0.0,2.76,1.0,<Residue THR het=  resseq=287 icode= >,1f0v_B_B,1.7
669,12.772,GLY, ,N,18.18,6.16,0.0,3.85,1.0,<Residue GLY het=  resseq=288 icode= >,1f0v_B_B,1.7
670,43.221,GLY, ,CA,22.19,6.74,0.0,2.97,1.0,<Residue GLY het=  resseq=288 icode= >,1f0v_B_B,1.7
671,3.653,GLY, ,C,25.63,7.81,0.0,3.34,1.0,<Residue GLY het=  resseq=288 icode= >,1f0v_B_B,1.7
672,32.677,GLY, ,O,27.89,8.54,0.0,2.99,1.0,<Residue GLY het=  resseq=288 icode= >,1f0v_B_B,1.7
673,0.115,SER, ,N,20.86,8.18,0.0,3.94,1.0,<Residue SER het=  resseq=289 icode= >,1f0v_B_B,1.7
674,8.209,SER, ,CA,25.25,9.38,0.0,2.67,1.0,<Residue SER het=  resseq=289 icode= >,1f0v_B_B,1.7
675,1.847,SER, ,C,24.87,9.22,0.0,3.31,1.0,<Residue SER het=  resseq=289 icode= >,1f0v_B_B,1.7
676,22.46,SER, ,O,29.52,10.27,0.0,2.97,1.0,<Residue SER het=  resseq=289 icode= >,1f0v_B_B,1.7
677,32.607,SER,x,CB,24.87,10.40,0.0,2.60,0.48,<Residue SER het=  resseq=289 icode= >,1f0v_B_B,1.7
678,36.203,SER,x,OG,21.64,10.78,0.0,1.52,0.48,<Residue SER het=  resseq=289 icode= >,1f0v_B_B,1.7
679,0.0,SER, ,N,22.2,8.06,0.0,3.77,1.0,<Residue SER het=  resseq=290 icode= >,1f0v_B_B,1.7
680,0.0,SER, ,CA,22.4,8.15,0.0,3.72,1.0,<Residue SER het=  resseq=290 icode= >,1f0v_B_B,1.7
681,0.0,SER, ,C,26.3,8.44,0.0,3.41,1.0,<Residue SER het=  resseq=290 icode= >,1f0v_B_B,1.7
682,19.537,SER, ,O,31.05,7.95,0.0,2.73,1.0,<Residue SER het=  resseq=290 icode= >,1f0v_B_B,1.7
683,0.0,SER, ,CB,21.28,7.04,0.0,2.56,1.0,<Residue SER het=  resseq=290 icode= >,1f0v_B_B,1.7
684,0.0,SER, ,OG,20.76,7.43,0.0,3.88,1.0,<Residue SER het=  resseq=290 icode= >,1f0v_B_B,1.7
685,0.297,LYS, ,N,28.32,9.48,0.0,2.88,1.0,<Residue LYS het=  resseq=291 icode= >,1f0v_B_B,1.7
686,4.026,LYS, ,CA,31.87,10.07,0.0,2.33,1.0,<Residue LYS het=  resseq=291 icode= >,1f0v_B_B,1.7
687,0.0,LYS, ,C,28.76,11.01,0.0,3.51,1.0,<Residue LYS het=  resseq=291 icode= >,1f0v_B_B,1.7
688,1.073,LYS, ,O,30.62,11.99,0.0,3.17,1.0,<Residue LYS het=  resseq=291 icode= >,1f0v_B_B,1.7
689,16.697,LYS, ,CB,38.02,10.99,0.0,1.52,1.0,<Residue LYS het=  resseq=291 icode= >,1f0v_B_B,1.7
690,12.285,LYS, ,CG,38.75,11.83,0.0,1.44,1.0,<Residue LYS het=  resseq=291 icode= >,1f0v_B_B,1.7
691,33.223,LYS, ,CD,44.53,12.76,0.0,1.10,1.0,<Residue LYS het=  resseq=291 icode= >,1f0v_B_B,1.7
692,40.757,LYS, ,CE,48.06,13.80,0.0,0.69,1.0,<Residue LYS het=  resseq=291 icode= >,1f0v_B_B,1.7
693,48.739,LYS, ,NZ,53.42,14.57,0.0,0.23,1.0,<Residue LYS het=  resseq=291 icode= >,1f0v_B_B,1.7
694,3.942,TYR, ,N,29.82,10.83,0.0,3.01,1.0,<Residue TYR het=  resseq=292 icode= >,1f0v_B_B,1.7
695,0.0,TYR, ,CA,27.14,11.86,0.0,2.63,1.0,<Residue TYR het=  resseq=292 icode= >,1f0v_B_B,1.7
696,0.0,TYR, ,C,30.03,13.21,0.0,2.69,1.0,<Residue TYR het=  resseq=292 icode= >,1f0v_B_B,1.7
697,9.927,TYR, ,O,33.64,13.38,0.0,2.54,1.0,<Residue TYR het=  resseq=292 icode= >,1f0v_B_B,1.7
698,14.49,TYR, ,CB,31.46,11.76,0.0,2.09,1.0,<Residue TYR het=  resseq=292 icode= >,1f0v_B_B,1.7
699,0.0,TYR, ,CG,29.98,12.98,0.0,2.39,1.0,<Residue TYR het=  resseq=292 icode= >,1f0v_B_B,1.7
700,0.078,TYR, ,CD1,31.91,13.13,0.0,1.88,1.0,<Residue TYR het=  resseq=292 icode= >,1f0v_B_B,1.7
701,15.754,TYR, ,CD2,36.5,14.14,0.0,1.72,1.0,<Residue TYR het=  resseq=292 icode= >,1f0v_B_B,1.7
702,3.139,TYR, ,CE1,29.73,14.40,0.0,2.27,1.0,<Residue TYR het=  resseq=292 icode= >,1f0v_B_B,1.7
703,23.241,TYR, ,CE2,33.7,15.33,14.406,2.24,1.0,<Residue TYR het=  resseq=292 icode= >,1f0v_B_B,1.7
704,0.067,TYR, ,CZ,34.35,15.44,0.0,2.35,1.0,<Residue TYR het=  resseq=292 icode= >,1f0v_B_B,1.7
705,25.377,TYR, ,OH,33.22,16.68,24.921,2.55,1.0,<Residue TYR het=  resseq=292 icode= >,1f0v_B_B,1.7
706,0.0,PRO, ,N,32.15,1000.00,0.0,2.62,1.0,<Residue PRO het=  resseq=293 icode= >,1f0v_B_B,1.7
707,0.203,PRO, ,CA,31.98,1000.00,0.0,2.57,1.0,<Residue PRO het=  resseq=293 icode= >,1f0v_B_B,1.7
708,0.013,PRO, ,C,27.91,1000.00,0.0,3.71,1.0,<Residue PRO het=  resseq=293 icode= >,1f0v_B_B,1.7
709,18.837,PRO, ,O,33.58,1000.00,4.23,2.98,1.0,<Residue PRO het=  resseq=293 icode= >,1f0v_B_B,1.7
710,21.742,PRO, ,CB,34.13,1000.00,14.702,1.46,1.0,<Residue PRO het=  resseq=293 icode= >,1f0v_B_B,1.7
711,31.726,PRO, ,CG,32.54,1000.00,15.837,1.92,1.0,<Residue PRO het=  resseq=293 icode= >,1f0v_B_B,1.7
712,27.612,PRO, ,CD,35.07,1000.00,0.0,1.37,1.0,<Residue PRO het=  resseq=293 icode= >,1f0v_B_B,1.7
713,0.0,ASN, ,N,28.22,1000.00,0.0,2.88,1.0,<Residue ASN het=  resseq=294 icode= >,1f0v_B_B,1.7
714,5.498,ASN, ,CA,26.8,1000.00,0.0,2.39,1.0,<Residue ASN het=  resseq=294 icode= >,1f0v_B_B,1.7
715,0.901,ASN, ,C,26.48,1000.00,0.0,2.69,1.0,<Residue ASN het=  resseq=294 icode= >,1f0v_B_B,1.7
716,3.866,ASN, ,O,29.07,1000.00,0.0,3.25,1.0,<Residue ASN het=  resseq=294 icode= >,1f0v_B_B,1.7
717,24.7,ASN, ,CB,29.49,1000.00,0.0,2.13,1.0,<Residue ASN het=  resseq=294 icode= >,1f0v_B_B,1.7
718,5.981,ASN, ,CG,30.61,1000.00,0.0,3.01,1.0,<Residue ASN het=  resseq=294 icode= >,1f0v_B_B,1.7
719,35.686,ASN, ,OD1,37.25,1000.00,12.421,2.41,1.0,<Residue ASN het=  resseq=294 icode= >,1f0v_B_B,1.7
720,36.989,ASN, ,ND2,35.27,1000.00,4.438,2.09,1.0,<Residue ASN het=  resseq=294 icode= >,1f0v_B_B,1.7
721,1.209,CYS, ,N,25.15,11.53,0.0,3.03,1.0,<Residue CYS het=  resseq=295 icode= >,1f0v_B_B,1.7
722,0.0,CYS, ,CA,23.18,10.23,0.0,3.14,1.0,<Residue CYS het=  resseq=295 icode= >,1f0v_B_B,1.7
723,0.092,CYS, ,C,23.85,10.22,0.0,3.91,1.0,<Residue CYS het=  resseq=295 icode= >,1f0v_B_B,1.7
724,20.631,CYS, ,O,29.32,11.31,0.0,3.16,1.0,<Residue CYS het=  resseq=295 icode= >,1f0v_B_B,1.7
725,0.687,CYS, ,CB,25.06,10.25,0.0,2.02,1.0,<Residue CYS het=  resseq=295 icode= >,1f0v_B_B,1.7
726,0.854,CYS, ,SG,26.42,10.63,0.0,7.05,1.0,<Residue CYS het=  resseq=295 icode= >,1f0v_B_B,1.7
727,0.0,ALA, ,N,19.38,9.11,0.0,3.94,1.0,<Residue ALA het=  resseq=296 icode= >,1f0v_B_B,1.7
728,0.252,ALA, ,CA,17.45,9.36,0.0,3.44,1.0,<Residue ALA het=  resseq=296 icode= >,1f0v_B_B,1.7
729,0.0,ALA, ,C,16.16,8.26,0.0,4.58,1.0,<Residue ALA het=  resseq=296 icode= >,1f0v_B_B,1.7
730,0.0,ALA, ,O,19.14,7.08,0.0,5.20,1.0,<Residue ALA het=  resseq=296 icode= >,1f0v_B_B,1.7
731,28.72,ALA, ,CB,19.83,9.66,0.0,2.73,1.0,<Residue ALA het=  resseq=296 icode= >,1f0v_B_B,1.7
732,0.102,TYR, ,N,17.37,8.81,0.0,4.25,1.0,<Residue TYR het=  resseq=297 icode= >,1f0v_B_B,1.7
733,0.0,TYR, ,CA,16.63,8.21,0.0,3.36,1.0,<Residue TYR het=  resseq=297 icode= >,1f0v_B_B,1.7
734,0.0,TYR, ,C,15.61,8.90,0.0,4.16,1.0,<Residue TYR het=  resseq=297 icode= >,1f0v_B_B,1.7
735,9.117,TYR, ,O,19.5,10.09,0.0,5.65,1.0,<Residue TYR het=  resseq=297 icode= >,1f0v_B_B,1.7
736,0.0,TYR, ,CB,15.19,8.80,0.0,2.90,1.0,<Residue TYR het=  resseq=297 icode= >,1f0v_B_B,1.7
737,0.0,TYR, ,CG,16.24,8.35,0.0,3.44,1.0,<Residue TYR het=  resseq=297 icode= >,1f0v_B_B,1.7
738,0.0,TYR, ,CD1,14.24,7.34,0.0,3.74,1.0,<Residue TYR het=  resseq=297 icode= >,1f0v_B_B,1.7
739,0.778,TYR, ,CD2,18.23,9.11,0.0,3.40,1.0,<Residue TYR het=  resseq=297 icode= >,1f0v_B_B,1.7
740,0.0,TYR, ,CE1,13.28,7.20,0.0,4.10,1.0,<Residue TYR het=  resseq=297 icode= >,1f0v_B_B,1.7
741,0.747,TYR, ,CE2,20.27,9.01,0.0,2.73,1.0,<Residue TYR het=  resseq=297 icode= >,1f0v_B_B,1.7
742,0.0,TYR, ,CZ,17.23,8.10,0.0,3.55,1.0,<Residue TYR het=  resseq=297 icode= >,1f0v_B_B,1.7
743,0.0,TYR, ,OH,17.67,8.27,0.0,4.74,1.0,<Residue TYR het=  resseq=297 icode= >,1f0v_B_B,1.7
744,0.0,LYS, ,N,14.57,8.33,0.0,4.87,1.0,<Residue LYS het=  resseq=298 icode= >,1f0v_B_B,1.7
745,6.927,LYS, ,CA,15.59,8.94,0.0,3.55,1.0,<Residue LYS het=  resseq=298 icode= >,1f0v_B_B,1.7
746,0.0,LYS, ,C,16.51,9.36,0.0,4.86,1.0,<Residue LYS het=  resseq=298 icode= >,1f0v_B_B,1.7
747,0.112,LYS, ,O,18.94,8.67,0.0,4.84,1.0,<Residue LYS het=  resseq=298 icode= >,1f0v_B_B,1.7
748,4.289,LYS, ,CB,16.97,8.04,0.0,3.14,1.0,<Residue LYS het=  resseq=298 icode= >,1f0v_B_B,1.7
749,12.482,LYS, ,CG,21.49,8.75,0.0,2.34,1.0,<Residue LYS het=  resseq=298 icode= >,1f0v_B_B,1.7
750,31.585,LYS, ,CD,31.6,7.87,0.0,1.53,1.0,<Residue LYS het=  resseq=298 icode= >,1f0v_B_B,1.7
751,13.409,LYS, ,CE,32.29,6.38,0.0,1.38,1.0,<Residue LYS het=  resseq=298 icode= >,1f0v_B_B,1.7
752,48.672,LYS, ,NZ,35.0,5.57,1.162,1.33,1.0,<Residue LYS het=  resseq=298 icode= >,1f0v_B_B,1.7
753,2.691,THR, ,N,17.92,10.61,0.0,4.54,1.0,<Residue THR het=  resseq=299 icode= >,1f0v_B_B,1.7
754,0.0,THR, ,CA,17.37,11.41,0.0,3.27,1.0,<Residue THR het=  resseq=299 icode= >,1f0v_B_B,1.7
755,0.0,THR, ,C,17.58,11.49,0.0,4.49,1.0,<Residue THR het=  resseq=299 icode= >,1f0v_B_B,1.7
756,20.461,THR, ,O,17.29,11.92,0.0,5.73,1.0,<Residue THR het=  resseq=299 icode= >,1f0v_B_B,1.7
757,0.192,THR, ,CB,16.96,12.81,0.0,3.73,1.0,<Residue THR het=  resseq=299 icode= >,1f0v_B_B,1.7
758,0.0,THR, ,OG1,14.93,12.79,0.0,5.29,1.0,<Residue THR het=  resseq=299 icode= >,1f0v_B_B,1.7
759,4.046,THR, ,CG2,19.94,13.14,0.0,2.62,1.0,<Residue THR het=  resseq=299 icode= >,1f0v_B_B,1.7
760,0.0,THR, ,N,16.69,10.63,0.0,4.31,1.0,<Residue THR het=  resseq=300 icode= >,1f0v_B_B,1.7
761,3.277,THR, ,CA,14.55,10.59,0.0,3.71,1.0,<Residue THR het=  resseq=300 icode= >,1f0v_B_B,1.7
762,0.0,THR, ,C,18.18,10.92,0.0,4.14,1.0,<Residue THR het=  resseq=300 icode= >,1f0v_B_B,1.7
763,0.0,THR, ,O,20.18,10.21,0.0,4.72,1.0,<Residue THR het=  resseq=300 icode= >,1f0v_B_B,1.7
764,2.549,THR, ,CB,20.59,9.31,0.0,2.80,1.0,<Residue THR het=  resseq=300 icode= >,1f0v_B_B,1.7
765,9.368,THR, ,OG1,20.72,9.03,0.0,4.33,1.0,<Residue THR het=  resseq=300 icode= >,1f0v_B_B,1.7
766,47.997,THR, ,CG2,21.26,9.64,0.0,2.30,1.0,<Residue THR het=  resseq=300 icode= >,1f0v_B_B,1.7
767,4.051,GLN, ,N,17.68,12.05,0.0,4.56,1.0,<Residue GLN het=  resseq=301 icode= >,1f0v_B_B,1.7
768,0.0,GLN, ,CA,19.29,12.46,0.0,3.29,1.0,<Residue GLN het=  resseq=301 icode= >,1f0v_B_B,1.7
769,0.589,GLN, ,C,21.62,12.13,0.0,3.61,1.0,<Residue GLN het=  resseq=301 icode= >,1f0v_B_B,1.7
770,15.894,GLN, ,O,20.95,11.87,0.0,4.42,1.0,<Residue GLN het=  resseq=301 icode= >,1f0v_B_B,1.7
771,15.42,GLN, ,CB,21.07,13.92,0.0,3.12,1.0,<Residue GLN het=  resseq=301 icode= >,1f0v_B_B,1.7
772,9.584,GLN, ,CG,27.69,14.60,0.0,2.20,1.0,<Residue GLN het=  resseq=301 icode= >,1f0v_B_B,1.7
773,5.697,GLN, ,CD,34.2,16.06,0.0,1.99,1.0,<Residue GLN het=  resseq=301 icode= >,1f0v_B_B,1.7
774,34.865,GLN, ,OE1,39.3,16.67,0.0,1.60,1.0,<Residue GLN het=  resseq=301 icode= >,1f0v_B_B,1.7
775,19.274,GLN, ,NE2,35.79,16.69,0.0,1.84,1.0,<Residue GLN het=  resseq=301 icode= >,1f0v_B_B,1.7
776,0.196,ALA, ,N,18.56,11.77,0.0,3.89,1.0,<Residue ALA het=  resseq=302 icode= >,1f0v_B_B,1.7
777,9.002,ALA, ,CA,21.39,11.79,0.0,2.83,1.0,<Residue ALA het=  resseq=302 icode= >,1f0v_B_B,1.7
778,0.006,ALA, ,C,19.0,12.15,0.0,4.53,1.0,<Residue ALA het=  resseq=302 icode= >,1f0v_B_B,1.7
779,2.047,ALA, ,O,15.92,12.24,0.0,5.23,1.0,<Residue ALA het=  resseq=302 icode= >,1f0v_B_B,1.7
780,12.24,ALA, ,CB,20.59,10.58,0.0,2.60,1.0,<Residue ALA het=  resseq=302 icode= >,1f0v_B_B,1.7
781,4.883,ASN, ,N,20.87,12.61,0.0,3.96,1.0,<Residue ASN het=  resseq=303 icode= >,1f0v_B_B,1.7
782,0.0,ASN, ,CA,18.9,13.15,0.0,3.40,1.0,<Residue ASN het=  resseq=303 icode= >,1f0v_B_B,1.7
783,0.0,ASN, ,C,17.47,12.80,0.0,4.44,1.0,<Residue ASN het=  resseq=303 icode= >,1f0v_B_B,1.7
784,16.923,ASN, ,O,20.54,13.35,0.0,4.59,1.0,<Residue ASN het=  resseq=303 icode= >,1f0v_B_B,1.7
785,18.665,ASN, ,CB,23.76,14.68,0.0,2.85,1.0,<Residue ASN het=  resseq=303 icode= >,1f0v_B_B,1.7
786,5.646,ASN, ,CG,31.04,15.25,0.0,2.75,1.0,<Residue ASN het=  resseq=303 icode= >,1f0v_B_B,1.7
787,32.699,ASN, ,OD1,32.1,15.57,0.0,2.23,1.0,<Residue ASN het=  resseq=303 icode= >,1f0v_B_B,1.7
788,27.662,ASN, ,ND2,21.54,15.53,0.0,3.40,1.0,<Residue ASN het=  resseq=303 icode= >,1f0v_B_B,1.7
789,0.0,LYS, ,N,14.01,11.88,0.0,5.70,1.0,<Residue LYS het=  resseq=304 icode= >,1f0v_B_B,1.7
790,2.753,LYS, ,CA,13.77,11.48,1.334,3.95,1.0,<Residue LYS het=  resseq=304 icode= >,1f0v_B_B,1.7
791,0.0,LYS, ,C,14.43,11.44,0.0,4.53,1.0,<Residue LYS het=  resseq=304 icode= >,1f0v_B_B,1.7
792,0.0,LYS, ,O,14.52,11.40,0.0,5.55,1.0,<Residue LYS het=  resseq=304 icode= >,1f0v_B_B,1.7
793,2.604,LYS, ,CB,17.64,10.16,2.604,2.97,1.0,<Residue LYS het=  resseq=304 icode= >,1f0v_B_B,1.7
794,12.561,LYS, ,CG,20.99,10.38,1.647,2.63,1.0,<Residue LYS het=  resseq=304 icode= >,1f0v_B_B,1.7
795,9.04,LYS, ,CD,24.8,9.24,0.0,2.42,1.0,<Residue LYS het=  resseq=304 icode= >,1f0v_B_B,1.7
796,38.049,LYS, ,CE,31.42,8.75,29.545,1.59,1.0,<Residue LYS het=  resseq=304 icode= >,1f0v_B_B,1.7
797,45.489,LYS, ,NZ,34.11,7.42,6.76,1.58,1.0,<Residue LYS het=  resseq=304 icode= >,1f0v_B_B,1.7
798,1.809,HIS, ,N,14.27,11.59,1.809,4.75,1.0,<Residue HIS het=  resseq=305 icode= >,1f0v_B_B,1.7
799,0.0,HIS, ,CA,14.5,11.71,0.0,3.88,1.0,<Residue HIS het=  resseq=305 icode= >,1f0v_B_B,1.7
800,0.0,HIS, ,C,17.19,10.35,0.0,3.99,1.0,<Residue HIS het=  resseq=305 icode= >,1f0v_B_B,1.7
801,13.138,HIS, ,O,19.85,9.47,13.138,5.01,1.0,<Residue HIS het=  resseq=305 icode= >,1f0v_B_B,1.7
802,4.92,HIS, ,CB,16.4,12.43,4.909,3.98,1.0,<Residue HIS het=  resseq=305 icode= >,1f0v_B_B,1.7
803,0.0,HIS, ,CG,15.57,13.76,0.0,3.98,1.0,<Residue HIS het=  resseq=305 icode= >,1f0v_B_B,1.7
804,15.293,HIS, ,ND1,23.34,13.88,10.566,3.61,1.0,<Residue HIS het=  resseq=305 icode= >,1f0v_B_B,1.7
805,2.35,HIS, ,CD2,16.26,15.00,0.0,3.80,1.0,<Residue HIS het=  resseq=305 icode= >,1f0v_B_B,1.7
806,31.843,HIS, ,CE1,21.47,15.18,0.0,3.18,1.0,<Residue HIS het=  resseq=305 icode= >,1f0v_B_B,1.7
807,15.14,HIS, ,NE2,18.76,15.86,0.0,3.99,1.0,<Residue HIS het=  resseq=305 icode= >,1f0v_B_B,1.7
808,0.0,ILE, ,N,12.5,10.23,0.0,5.33,1.0,<Residue ILE het=  resseq=306 icode= >,1f0v_B_B,1.7
809,4.488,ILE, ,CA,11.19,9.06,4.488,4.33,1.0,<Residue ILE het=  resseq=306 icode= >,1f0v_B_B,1.7
810,0.0,ILE, ,C,12.07,9.41,0.0,5.36,1.0,<Residue ILE het=  resseq=306 icode= >,1f0v_B_B,1.7
811,0.0,ILE, ,O,13.59,10.61,0.0,6.50,1.0,<Residue ILE het=  resseq=306 icode= >,1f0v_B_B,1.7
812,4.746,ILE, ,CB,9.01,8.88,4.746,4.50,1.0,<Residue ILE het=  resseq=306 icode= >,1f0v_B_B,1.7
813,0.0,ILE, ,CG1,15.07,10.17,0.0,3.71,1.0,<Residue ILE het=  resseq=306 icode= >,1f0v_B_B,1.7
814,3.803,ILE, ,CG2,12.57,8.78,3.803,3.61,1.0,<Residue ILE het=  resseq=306 icode= >,1f0v_B_B,1.7
815,0.07,ILE, ,CD1,14.7,10.02,0.07,3.76,1.0,<Residue ILE het=  resseq=306 icode= >,1f0v_B_B,1.7
816,4.966,ILE, ,N,9.82,8.53,4.966,5.95,1.0,<Residue ILE het=  resseq=307 icode= >,1f0v_B_B,1.7
817,0.0,ILE, ,CA,10.36,9.08,0.0,3.64,1.0,<Residue ILE het=  resseq=307 icode= >,1f0v_B_B,1.7
818,0.016,ILE, ,C,11.58,8.55,0.016,4.90,1.0,<Residue ILE het=  resseq=307 icode= >,1f0v_B_B,1.7
819,24.103,ILE, ,O,11.17,7.31,24.103,7.64,1.0,<Residue ILE het=  resseq=307 icode= >,1f0v_B_B,1.7
820,6.431,ILE, ,CB,12.5,8.48,6.431,4.05,1.0,<Residue ILE het=  resseq=307 icode= >,1f0v_B_B,1.7
821,1.064,ILE, ,CG1,15.2,8.86,1.064,3.35,1.0,<Residue ILE het=  resseq=307 icode= >,1f0v_B_B,1.7
822,9.997,ILE, ,CG2,13.9,9.03,9.348,4.05,1.0,<Residue ILE het=  resseq=307 icode= >,1f0v_B_B,1.7
823,53.19,ILE, ,CD1,17.98,8.26,27.794,3.05,1.0,<Residue ILE het=  resseq=307 icode= >,1f0v_B_B,1.7
824,0.0,VAL, ,N,12.29,9.46,0.0,5.56,1.0,<Residue VAL het=  resseq=308 icode= >,1f0v_B_B,1.7
825,4.772,VAL, ,CA,13.64,9.08,4.772,3.78,1.0,<Residue VAL het=  resseq=308 icode= >,1f0v_B_B,1.7
826,0.0,VAL, ,C,14.81,9.83,0.0,4.64,1.0,<Residue VAL het=  resseq=308 icode= >,1f0v_B_B,1.7
827,0.0,VAL, ,O,16.74,10.91,0.0,5.46,1.0,<Residue VAL het=  resseq=308 icode= >,1f0v_B_B,1.7
828,1.996,VAL, ,CB,14.55,9.37,1.996,3.01,1.0,<Residue VAL het=  resseq=308 icode= >,1f0v_B_B,1.7
829,8.735,VAL, ,CG1,12.95,8.48,8.735,3.56,1.0,<Residue VAL het=  resseq=308 icode= >,1f0v_B_B,1.7
830,3.081,VAL, ,CG2,13.08,10.87,3.081,3.50,1.0,<Residue VAL het=  resseq=308 icode= >,1f0v_B_B,1.7
831,6.492,ALA, ,N,11.5,9.25,6.492,5.24,1.0,<Residue ALA het=  resseq=309 icode= >,1f0v_B_B,1.7
832,0.0,ALA, ,CA,10.35,9.89,0.0,4.30,1.0,<Residue ALA het=  resseq=309 icode= >,1f0v_B_B,1.7
833,0.237,ALA, ,C,14.44,10.82,0.237,4.32,1.0,<Residue ALA het=  resseq=309 icode= >,1f0v_B_B,1.7
834,19.269,ALA, ,O,14.24,10.50,19.269,6.19,1.0,<Residue ALA het=  resseq=309 icode= >,1f0v_B_B,1.7
835,40.524,ALA, ,CB,14.59,9.01,34.135,3.52,1.0,<Residue ALA het=  resseq=309 icode= >,1f0v_B_B,1.7
836,0.0,CYS, ,N,13.18,12.09,0.0,5.21,1.0,<Residue CYS het=  resseq=310 icode= >,1f0v_B_B,1.7
837,3.698,CYS, ,CA,12.73,13.17,3.698,3.58,1.0,<Residue CYS het=  resseq=310 icode= >,1f0v_B_B,1.7
838,0.887,CYS, ,C,13.14,13.89,0.887,4.53,1.0,<Residue CYS het=  resseq=310 icode= >,1f0v_B_B,1.7
839,5.948,CYS, ,O,15.5,14.12,5.077,5.87,1.0,<Residue CYS het=  resseq=310 icode= >,1f0v_B_B,1.7
840,10.739,CYS, ,CB,15.15,14.27,10.739,2.46,1.0,<Residue CYS het=  resseq=310 icode= >,1f0v_B_B,1.7
841,0.901,CYS, ,SG,17.72,13.68,0.901,9.92,1.0,<Residue CYS het=  resseq=310 icode= >,1f0v_B_B,1.7
842,5.292,GLU, ,N,13.11,1000.00,5.292,4.73,1.0,<Residue GLU het=  resseq=311 icode= >,1f0v_B_B,1.7
843,6.669,GLU, ,CA,14.6,1000.00,4.537,3.49,1.0,<Residue GLU het=  resseq=311 icode= >,1f0v_B_B,1.7
844,4.831,GLU, ,C,15.88,1000.00,4.005,3.53,1.0,<Residue GLU het=  resseq=311 icode= >,1f0v_B_B,1.7
845,28.845,GLU, ,O,14.86,1000.00,26.527,5.54,1.0,<Residue GLU het=  resseq=311 icode= >,1f0v_B_B,1.7
846,19.309,GLU, ,CB,17.37,1000.00,9.878,3.54,1.0,<Residue GLU het=  resseq=311 icode= >,1f0v_B_B,1.7
847,13.104,GLU, ,CG,18.35,1000.00,3.612,2.86,1.0,<Residue GLU het=  resseq=311 icode= >,1f0v_B_B,1.7
848,15.876,GLU, ,CD,26.76,1000.00,6.752,3.71,1.0,<Residue GLU het=  resseq=311 icode= >,1f0v_B_B,1.7
849,31.69,GLU, ,OE1,30.77,1000.00,0.194,2.82,1.0,<Residue GLU het=  resseq=311 icode= >,1f0v_B_B,1.7
850,36.541,GLU, ,OE2,26.59,1000.00,11.964,3.37,1.0,<Residue GLU het=  resseq=311 icode= >,1f0v_B_B,1.7
851,8.16,GLY, ,N,14.7,1000.00,5.798,4.18,1.0,<Residue GLY het=  resseq=312 icode= >,1f0v_B_B,1.7
852,34.625,GLY, ,CA,15.11,1000.00,29.622,3.30,1.0,<Residue GLY het=  resseq=312 icode= >,1f0v_B_B,1.7
853,2.58,GLY, ,C,18.4,1000.00,0.057,3.75,1.0,<Residue GLY het=  resseq=312 icode= >,1f0v_B_B,1.7
854,17.164,GLY, ,O,19.12,1000.00,0.0,4.47,1.0,<Residue GLY het=  resseq=312 icode= >,1f0v_B_B,1.7
855,8.288,ASN, ,N,15.47,1000.00,7.951,3.98,1.0,<Residue ASN het=  resseq=313 icode= >,1f0v_B_B,1.7
856,0.0,ASN, ,CA,16.48,1000.00,0.0,3.78,1.0,<Residue ASN het=  resseq=313 icode= >,1f0v_B_B,1.7
857,1.428,ASN, ,C,16.31,1000.00,0.962,4.00,1.0,<Residue ASN het=  resseq=313 icode= >,1f0v_B_B,1.7
858,6.937,ASN, ,O,18.08,1000.00,6.937,5.02,1.0,<Residue ASN het=  resseq=313 icode= >,1f0v_B_B,1.7
859,27.245,ASN, ,CB,19.0,1000.00,15.629,3.38,1.0,<Residue ASN het=  resseq=313 icode= >,1f0v_B_B,1.7
860,6.09,ASN, ,CG,25.74,1000.00,2.259,3.68,1.0,<Residue ASN het=  resseq=313 icode= >,1f0v_B_B,1.7
861,34.94,ASN, ,OD1,25.56,1000.00,20.798,3.27,1.0,<Residue ASN het=  resseq=313 icode= >,1f0v_B_B,1.7
862,49.844,ASN, ,ND2,23.11,1000.00,0.0,3.56,1.0,<Residue ASN het=  resseq=313 icode= >,1f0v_B_B,1.7
863,0.448,PRO, ,N,15.15,1000.00,0.0,4.77,1.0,<Residue PRO het=  resseq=314 icode= >,1f0v_B_B,1.7
864,9.32,PRO, ,CA,15.12,1000.00,0.081,3.89,1.0,<Residue PRO het=  resseq=314 icode= >,1f0v_B_B,1.7
865,0.0,PRO, ,C,16.33,1000.00,0.0,3.92,1.0,<Residue PRO het=  resseq=314 icode= >,1f0v_B_B,1.7
866,7.892,PRO, ,O,16.16,1000.00,2.72,5.35,1.0,<Residue PRO het=  resseq=314 icode= >,1f0v_B_B,1.7
867,28.324,PRO, ,CB,17.59,1000.00,0.0,3.16,1.0,<Residue PRO het=  resseq=314 icode= >,1f0v_B_B,1.7
868,43.896,PRO, ,CG,19.18,1000.00,0.0,2.74,1.0,<Residue PRO het=  resseq=314 icode= >,1f0v_B_B,1.7
869,26.321,PRO, ,CD,19.69,1000.00,0.0,2.98,1.0,<Residue PRO het=  resseq=314 icode= >,1f0v_B_B,1.7
870,3.859,TYR, ,N,14.95,1000.00,0.0,4.63,1.0,<Residue TYR het=  resseq=315 icode= >,1f0v_B_B,1.7
871,3.71,TYR, ,CA,12.88,1000.00,3.71,3.72,1.0,<Residue TYR het=  resseq=315 icode= >,1f0v_B_B,1.7
872,1.313,TYR, ,C,14.2,1000.00,1.313,4.51,1.0,<Residue TYR het=  resseq=315 icode= >,1f0v_B_B,1.7
873,22.263,TYR, ,O,16.25,1000.00,14.073,4.91,1.0,<Residue TYR het=  resseq=315 icode= >,1f0v_B_B,1.7
874,28.563,TYR, ,CB,13.32,1000.00,19.694,3.49,1.0,<Residue TYR het=  resseq=315 icode= >,1f0v_B_B,1.7
875,2.578,TYR, ,CG,13.25,1000.00,0.0,4.03,1.0,<Residue TYR het=  resseq=315 icode= >,1f0v_B_B,1.7
876,15.829,TYR, ,CD1,17.74,1000.00,0.0,3.34,1.0,<Residue TYR het=  resseq=315 icode= >,1f0v_B_B,1.7
877,28.802,TYR, ,CD2,15.95,1000.00,21.433,3.51,1.0,<Residue TYR het=  resseq=315 icode= >,1f0v_B_B,1.7
878,27.421,TYR, ,CE1,20.07,1000.00,15.035,3.21,1.0,<Residue TYR het=  resseq=315 icode= >,1f0v_B_B,1.7
879,34.832,TYR, ,CE2,19.32,1000.00,14.4,2.77,1.0,<Residue TYR het=  resseq=315 icode= >,1f0v_B_B,1.7
880,9.42,TYR, ,CZ,18.09,1000.00,4.463,3.66,1.0,<Residue TYR het=  resseq=315 icode= >,1f0v_B_B,1.7
881,43.016,TYR, ,OH,21.02,1000.00,27.365,3.74,1.0,<Residue TYR het=  resseq=315 icode= >,1f0v_B_B,1.7
882,2.579,VAL, ,N,12.55,1000.00,2.579,5.56,1.0,<Residue VAL het=  resseq=316 icode= >,1f0v_B_B,1.7
883,1.789,VAL, ,CA,12.55,1000.00,1.789,3.90,1.0,<Residue VAL het=  resseq=316 icode= >,1f0v_B_B,1.7
884,3.514,VAL, ,C,13.07,1000.00,3.514,4.84,1.0,<Residue VAL het=  resseq=316 icode= >,1f0v_B_B,1.7
885,13.363,VAL, ,O,12.86,1000.00,13.363,5.56,1.0,<Residue VAL het=  resseq=316 icode= >,1f0v_B_B,1.7
886,5.22,VAL, ,CB,16.54,1000.00,3.075,3.71,1.0,<Residue VAL het=  resseq=316 icode= >,1f0v_B_B,1.7
887,41.784,VAL, ,CG1,16.35,1000.00,24.998,3.18,1.0,<Residue VAL het=  resseq=316 icode= >,1f0v_B_B,1.7
888,37.207,VAL, ,CG2,16.8,1000.00,24.521,3.63,1.0,<Residue VAL het=  resseq=316 icode= >,1f0v_B_B,1.7
889,0.116,PRO, ,N,12.93,1000.00,0.116,4.99,1.0,<Residue PRO het=  resseq=317 icode= >,1f0v_B_B,1.7
890,10.167,PRO, ,CA,11.48,1000.00,10.167,4.04,1.0,<Residue PRO het=  resseq=317 icode= >,1f0v_B_B,1.7
891,0.826,PRO, ,C,12.17,1000.00,0.826,4.71,1.0,<Residue PRO het=  resseq=317 icode= >,1f0v_B_B,1.7
892,18.496,PRO, ,O,15.0,1000.00,17.621,5.48,1.0,<Residue PRO het=  resseq=317 icode= >,1f0v_B_B,1.7
893,28.839,PRO, ,CB,12.9,1000.00,28.839,4.00,1.0,<Residue PRO het=  resseq=317 icode= >,1f0v_B_B,1.7
894,44.346,PRO, ,CG,15.08,1000.00,44.346,3.45,1.0,<Residue PRO het=  resseq=317 icode= >,1f0v_B_B,1.7
895,26.878,PRO, ,CD,15.03,1000.00,22.838,3.00,1.0,<Residue PRO het=  resseq=317 icode= >,1f0v_B_B,1.7
896,2.176,VAL, ,N,10.81,10.92,2.176,5.54,1.0,<Residue VAL het=  resseq=318 icode= >,1f0v_B_B,1.7
897,6.685,VAL, ,CA,10.96,10.55,6.685,4.14,1.0,<Residue VAL het=  resseq=318 icode= >,1f0v_B_B,1.7
898,4.785,VAL, ,C,14.69,9.11,4.785,4.99,1.0,<Residue VAL het=  resseq=318 icode= >,1f0v_B_B,1.7
899,17.707,VAL, ,O,16.52,8.72,9.384,5.34,1.0,<Residue VAL het=  resseq=318 icode= >,1f0v_B_B,1.7
900,8.403,VAL, ,CB,13.45,11.36,8.403,4.22,1.0,<Residue VAL het=  resseq=318 icode= >,1f0v_B_B,1.7
901,40.373,VAL, ,CG1,15.22,12.85,36.691,3.33,1.0,<Residue VAL het=  resseq=318 icode= >,1f0v_B_B,1.7
902,33.445,VAL, ,CG2,22.22,11.20,33.182,2.59,1.0,<Residue VAL het=  resseq=318 icode= >,1f0v_B_B,1.7
903,1.848,HIS, ,N,13.68,8.37,1.848,4.66,1.0,<Residue HIS het=  resseq=319 icode= >,1f0v_B_B,1.7
904,8.646,HIS, ,CA,10.98,6.95,4.608,3.55,1.0,<Residue HIS het=  resseq=319 icode= >,1f0v_B_B,1.7
905,2.543,HIS, ,C,12.46,6.44,2.543,4.15,1.0,<Residue HIS het=  resseq=319 icode= >,1f0v_B_B,1.7
906,18.174,HIS, ,O,12.92,7.30,18.174,6.52,1.0,<Residue HIS het=  resseq=319 icode= >,1f0v_B_B,1.7
907,22.12,HIS,x,CB,15.5,6.74,12.874,3.63,0.34,<Residue HIS het=  resseq=319 icode= >,1f0v_B_B,1.7
908,2.374,HIS,x,CG,14.86,7.51,0.097,0.83,0.34,<Residue HIS het=  resseq=319 icode= >,1f0v_B_B,1.7
909,14.974,HIS,x,ND1,13.19,7.49,0.0,1.59,0.34,<Residue HIS het=  resseq=319 icode= >,1f0v_B_B,1.7
910,26.268,HIS,x,CD2,12.81,8.58,17.431,1.26,0.34,<Residue HIS het=  resseq=319 icode= >,1f0v_B_B,1.7
911,37.367,HIS,x,CE1,13.21,8.52,2.285,1.44,0.34,<Residue HIS het=  resseq=319 icode= >,1f0v_B_B,1.7
912,24.763,HIS,x,NE2,15.43,9.13,6.296,1.56,0.34,<Residue HIS het=  resseq=319 icode= >,1f0v_B_B,1.7
913,8.583,PHE, ,N,12.54,5.19,6.496,5.16,1.0,<Residue PHE het=  resseq=320 icode= >,1f0v_B_B,1.7
914,4.171,PHE, ,CA,12.72,4.95,4.171,3.58,1.0,<Residue PHE het=  resseq=320 icode= >,1f0v_B_B,1.7
915,0.0,PHE, ,C,15.92,4.44,0.0,4.04,1.0,<Residue PHE het=  resseq=320 icode= >,1f0v_B_B,1.7
916,23.655,PHE, ,O,14.96,3.42,20.136,5.67,1.0,<Residue PHE het=  resseq=320 icode= >,1f0v_B_B,1.7
917,30.018,PHE, ,CB,10.61,3.80,30.018,4.21,1.0,<Residue PHE het=  resseq=320 icode= >,1f0v_B_B,1.7
918,2.809,PHE, ,CG,11.65,3.97,2.809,4.10,1.0,<Residue PHE het=  resseq=320 icode= >,1f0v_B_B,1.7
919,14.985,PHE, ,CD1,12.87,3.68,14.985,3.92,1.0,<Residue PHE het=  resseq=320 icode= >,1f0v_B_B,1.7
920,26.914,PHE, ,CD2,15.29,5.02,26.914,3.86,1.0,<Residue PHE het=  resseq=320 icode= >,1f0v_B_B,1.7
921,13.301,PHE, ,CE1,12.25,3.86,13.196,4.19,1.0,<Residue PHE het=  resseq=320 icode= >,1f0v_B_B,1.7
922,36.517,PHE, ,CE2,13.82,5.79,36.517,3.93,1.0,<Residue PHE het=  resseq=320 icode= >,1f0v_B_B,1.7
923,11.865,PHE, ,CZ,12.8,5.06,11.865,3.78,1.0,<Residue PHE het=  resseq=320 icode= >,1f0v_B_B,1.7
924,4.652,ASP, ,N,15.03,5.49,4.652,4.50,1.0,<Residue ASP het=  resseq=321 icode= >,1f0v_B_B,1.7
925,1.58,ASP, ,CA,14.28,5.24,0.003,3.77,1.0,<Residue ASP het=  resseq=321 icode= >,1f0v_B_B,1.7
926,0.432,ASP, ,C,16.36,4.57,0.432,4.19,1.0,<Residue ASP het=  resseq=321 icode= >,1f0v_B_B,1.7
927,24.586,ASP, ,O,15.08,3.64,19.309,5.54,1.0,<Residue ASP het=  resseq=321 icode= >,1f0v_B_B,1.7
928,26.329,ASP, ,CB,16.2,6.65,26.303,3.50,1.0,<Residue ASP het=  resseq=321 icode= >,1f0v_B_B,1.7
929,11.03,ASP, ,CG,20.16,6.89,11.03,4.41,1.0,<Residue ASP het=  resseq=321 icode= >,1f0v_B_B,1.7
930,36.083,ASP, ,OD1,19.51,6.44,33.033,5.15,1.0,<Residue ASP het=  resseq=321 icode= >,1f0v_B_B,1.7
931,38.539,ASP, ,OD2,18.59,7.29,34.193,5.06,1.0,<Residue ASP het=  resseq=321 icode= >,1f0v_B_B,1.7
932,0.996,ALA, ,N,16.51,4.79,0.996,4.39,1.0,<Residue ALA het=  resseq=322 icode= >,1f0v_B_B,1.7
933,7.903,ALA, ,CA,13.76,4.00,7.903,4.04,1.0,<Residue ALA het=  resseq=322 icode= >,1f0v_B_B,1.7
934,1.196,ALA, ,C,14.79,5.12,1.196,4.50,1.0,<Residue ALA het=  resseq=322 icode= >,1f0v_B_B,1.7
935,18.128,ALA, ,O,14.57,6.19,18.128,5.75,1.0,<Residue ALA het=  resseq=322 icode= >,1f0v_B_B,1.7
936,41.714,ALA, ,CB,16.84,4.00,20.393,3.34,1.0,<Residue ALA het=  resseq=322 icode= >,1f0v_B_B,1.7
937,5.749,SER, ,N,16.15,5.12,2.266,4.39,1.0,<Residue SER het=  resseq=323 icode= >,1f0v_B_B,1.7
938,5.4,SER, ,CA,15.8,6.49,5.4,3.68,1.0,<Residue SER het=  resseq=323 icode= >,1f0v_B_B,1.7
939,1.494,SER, ,C,17.0,6.91,1.494,4.25,1.0,<Residue SER het=  resseq=323 icode= >,1f0v_B_B,1.7
940,18.65,SER, ,O,19.25,6.22,0.743,4.90,1.0,<Residue SER het=  resseq=323 icode= >,1f0v_B_B,1.7
941,42.007,SER,x,CB,19.17,6.52,34.849,3.15,0.49,<Residue SER het=  resseq=323 icode= >,1f0v_B_B,1.7
942,16.421,SER,x,OG,25.13,6.14,16.421,0.98,0.49,<Residue SER het=  resseq=323 icode= >,1f0v_B_B,1.7
943,2.552,VAL, ,N,17.38,8.23,2.552,4.94,1.0,<Residue VAL het=  resseq=324 icode= >,1f0v_B_B,1.7
944,11.584,VAL, ,CA,17.23,8.55,3.46,3.07,1.0,<Residue VAL het=  resseq=324 icode= >,1f0v_B_B,1.7
945,9.864,VAL, ,C,22.18,9.66,9.365,3.94,1.0,<Residue VAL het=  resseq=324 icode= >,1f0v_B_B,1.7
946,40.565,VAL, ,O,25.68,9.80,6.082,3.35,1.0,<Residue VAL het=  resseq=324 icode= >,1f0v_B_B,1.7
947,11.107,VAL,x,CB,16.37,9.39,0.0,3.27,0.41,<Residue VAL het=  resseq=324 icode= >,1f0v_B_B,1.7
948,46.855,VAL,x,CG1,23.02,8.30,11.446,1.78,0.41,<Residue VAL het=  resseq=324 icode= >,1f0v_B_B,1.7
949,54.772,VAL,x,CG2,11.47,10.14,49.577,2.17,0.41,<Residue VAL het=  resseq=324 icode= >,1f0v_B_B,1.7
950,31.272,VAL, ,OXT,20.63,10.58,31.031,3.62,1.0,<Residue VAL het=  resseq=324 icode= >,1f0v_B_B,1.7
