,ASA,aa,altloc,atom,bfac,d2r,dASA,dens,occ,residue,id,resolu
0,42.637,LYS, ,N,42.72,1000.00,0.0,1.48,1.0,<Residue LYS het=  resseq=1 icode= >,1f0v_A_B,1.7
1,15.786,LYS, ,CA,41.96,1000.00,0.0,1.34,1.0,<Residue LYS het=  resseq=1 icode= >,1f0v_A_B,1.7
2,3.936,LYS, ,C,40.66,1000.00,0.0,1.60,1.0,<Residue LYS het=  resseq=1 icode= >,1f0v_A_B,1.7
3,15.866,LYS, ,O,37.66,1000.00,0.0,2.15,1.0,<Residue LYS het=  resseq=1 icode= >,1f0v_A_B,1.7
4,20.271,LYS, ,CB,46.29,1000.00,0.0,1.06,1.0,<Residue LYS het=  resseq=1 icode= >,1f0v_A_B,1.7
5,15.877,LYS, ,CG,52.24,1000.00,0.0,0.55,1.0,<Residue LYS het=  resseq=1 icode= >,1f0v_A_B,1.7
6,33.913,LYS, ,CD,55.56,1000.00,0.0,0.71,1.0,<Residue LYS het=  resseq=1 icode= >,1f0v_A_B,1.7
7,47.806,LYS, ,CE,61.37,1000.00,0.0,0.13,1.0,<Residue LYS het=  resseq=1 icode= >,1f0v_A_B,1.7
8,44.695,LYS, ,NZ,60.58,1000.00,0.0,0.32,1.0,<Residue LYS het=  resseq=1 icode= >,1f0v_A_B,1.7
9,9.067,GLU, ,N,30.2,1000.00,0.0,2.49,1.0,<Residue GLU het=  resseq=2 icode= >,1f0v_A_B,1.7
10,11.861,GLU, ,CA,26.25,1000.00,0.0,2.91,1.0,<Residue GLU het=  resseq=2 icode= >,1f0v_A_B,1.7
11,0.0,GLU, ,C,20.5,1000.00,0.0,4.02,1.0,<Residue GLU het=  resseq=2 icode= >,1f0v_A_B,1.7
12,17.359,GLU, ,O,22.74,1000.00,0.0,4.33,1.0,<Residue GLU het=  resseq=2 icode= >,1f0v_A_B,1.7
13,22.228,GLU, ,CB,23.87,1000.00,0.0,2.61,1.0,<Residue GLU het=  resseq=2 icode= >,1f0v_A_B,1.7
14,4.71,GLU, ,CG,21.47,1000.00,0.0,2.67,1.0,<Residue GLU het=  resseq=2 icode= >,1f0v_A_B,1.7
15,4.375,GLU, ,CD,18.59,1000.00,0.0,4.51,1.0,<Residue GLU het=  resseq=2 icode= >,1f0v_A_B,1.7
16,11.04,GLU, ,OE1,21.52,1000.00,0.0,4.01,1.0,<Residue GLU het=  resseq=2 icode= >,1f0v_A_B,1.7
17,7.54,GLU, ,OE2,20.85,1000.00,0.0,4.08,1.0,<Residue GLU het=  resseq=2 icode= >,1f0v_A_B,1.7
18,0.893,THR, ,N,19.98,1000.00,0.0,3.50,1.0,<Residue THR het=  resseq=3 icode= >,1f0v_A_B,1.7
19,6.562,THR, ,CA,21.53,1000.00,0.0,3.32,1.0,<Residue THR het=  resseq=3 icode= >,1f0v_A_B,1.7
20,0.427,THR, ,C,17.95,1000.00,0.0,4.23,1.0,<Residue THR het=  resseq=3 icode= >,1f0v_A_B,1.7
21,0.0,THR, ,O,18.59,1000.00,0.0,4.50,1.0,<Residue THR het=  resseq=3 icode= >,1f0v_A_B,1.7
22,12.399,THR, ,CB,22.0,1000.00,0.0,2.98,1.0,<Residue THR het=  resseq=3 icode= >,1f0v_A_B,1.7
23,6.014,THR, ,OG1,21.24,1000.00,0.0,4.04,1.0,<Residue THR het=  resseq=3 icode= >,1f0v_A_B,1.7
24,58.946,THR, ,CG2,25.4,1000.00,0.0,1.96,1.0,<Residue THR het=  resseq=3 icode= >,1f0v_A_B,1.7
25,8.302,ALA, ,N,20.22,1000.00,0.0,4.49,1.0,<Residue ALA het=  resseq=4 icode= >,1f0v_A_B,1.7
26,7.306,ALA, ,CA,18.65,1000.00,0.174,3.05,1.0,<Residue ALA het=  resseq=4 icode= >,1f0v_A_B,1.7
27,1.445,ALA, ,C,18.89,1000.00,1.445,4.12,1.0,<Residue ALA het=  resseq=4 icode= >,1f0v_A_B,1.7
28,5.808,ALA, ,O,15.91,1000.00,5.323,5.23,1.0,<Residue ALA het=  resseq=4 icode= >,1f0v_A_B,1.7
29,56.595,ALA, ,CB,19.54,1000.00,18.029,3.05,1.0,<Residue ALA het=  resseq=4 icode= >,1f0v_A_B,1.7
30,3.051,ALA, ,N,16.26,1000.00,1.183,5.07,1.0,<Residue ALA het=  resseq=5 icode= >,1f0v_A_B,1.7
31,7.62,ALA, ,CA,14.13,1000.00,7.62,4.18,1.0,<Residue ALA het=  resseq=5 icode= >,1f0v_A_B,1.7
32,0.0,ALA, ,C,14.82,1000.00,0.0,4.76,1.0,<Residue ALA het=  resseq=5 icode= >,1f0v_A_B,1.7
33,1.269,ALA, ,O,15.09,1000.00,0.28,5.48,1.0,<Residue ALA het=  resseq=5 icode= >,1f0v_A_B,1.7
34,59.515,ALA, ,CB,20.07,1000.00,28.056,2.53,1.0,<Residue ALA het=  resseq=5 icode= >,1f0v_A_B,1.7
35,0.412,ALA, ,N,15.93,1000.00,0.0,4.08,1.0,<Residue ALA het=  resseq=6 icode= >,1f0v_A_B,1.7
36,2.836,ALA, ,CA,14.63,1000.00,0.0,3.69,1.0,<Residue ALA het=  resseq=6 icode= >,1f0v_A_B,1.7
37,0.0,ALA, ,C,14.14,1000.00,0.0,4.36,1.0,<Residue ALA het=  resseq=6 icode= >,1f0v_A_B,1.7
38,2.855,ALA, ,O,15.25,1000.00,0.0,5.66,1.0,<Residue ALA het=  resseq=6 icode= >,1f0v_A_B,1.7
39,34.977,ALA, ,CB,17.87,1000.00,0.0,3.19,1.0,<Residue ALA het=  resseq=6 icode= >,1f0v_A_B,1.7
40,0.0,LYS, ,N,14.62,1000.00,0.0,4.95,1.0,<Residue LYS het=  resseq=7 icode= >,1f0v_A_B,1.7
41,0.0,LYS, ,CA,13.91,1000.00,0.0,3.64,1.0,<Residue LYS het=  resseq=7 icode= >,1f0v_A_B,1.7
42,0.0,LYS, ,C,15.7,1000.00,0.0,4.04,1.0,<Residue LYS het=  resseq=7 icode= >,1f0v_A_B,1.7
43,0.0,LYS, ,O,12.01,1000.00,0.0,5.94,1.0,<Residue LYS het=  resseq=7 icode= >,1f0v_A_B,1.7
44,1.445,LYS, ,CB,12.63,1000.00,0.0,4.06,1.0,<Residue LYS het=  resseq=7 icode= >,1f0v_A_B,1.7
45,1.526,LYS, ,CG,17.64,1000.00,0.485,2.86,1.0,<Residue LYS het=  resseq=7 icode= >,1f0v_A_B,1.7
46,25.337,LYS, ,CD,19.1,1000.00,0.149,2.90,1.0,<Residue LYS het=  resseq=7 icode= >,1f0v_A_B,1.7
47,16.312,LYS, ,CE,18.69,1000.00,0.0,2.91,1.0,<Residue LYS het=  resseq=7 icode= >,1f0v_A_B,1.7
48,48.493,LYS, ,NZ,23.52,1000.00,0.0,3.07,1.0,<Residue LYS het=  resseq=7 icode= >,1f0v_A_B,1.7
49,0.525,PHE, ,N,12.87,1000.00,0.525,4.94,1.0,<Residue PHE het=  resseq=8 icode= >,1f0v_A_B,1.7
50,1.799,PHE, ,CA,11.92,1000.00,1.369,3.82,1.0,<Residue PHE het=  resseq=8 icode= >,1f0v_A_B,1.7
51,0.0,PHE, ,C,12.43,1000.00,0.0,5.26,1.0,<Residue PHE het=  resseq=8 icode= >,1f0v_A_B,1.7
52,0.0,PHE, ,O,12.29,1000.00,0.0,6.49,1.0,<Residue PHE het=  resseq=8 icode= >,1f0v_A_B,1.7
53,13.059,PHE, ,CB,12.23,1000.00,13.059,3.73,1.0,<Residue PHE het=  resseq=8 icode= >,1f0v_A_B,1.7
54,2.442,PHE, ,CG,10.37,1000.00,2.442,4.02,1.0,<Residue PHE het=  resseq=8 icode= >,1f0v_A_B,1.7
55,9.094,PHE, ,CD1,11.8,1000.00,7.151,4.06,1.0,<Residue PHE het=  resseq=8 icode= >,1f0v_A_B,1.7
56,16.1,PHE, ,CD2,11.39,1000.00,16.1,4.22,1.0,<Residue PHE het=  resseq=8 icode= >,1f0v_A_B,1.7
57,4.164,PHE, ,CE1,10.4,1000.00,3.751,4.78,1.0,<Residue PHE het=  resseq=8 icode= >,1f0v_A_B,1.7
58,8.092,PHE, ,CE2,14.26,1000.00,8.092,4.13,1.0,<Residue PHE het=  resseq=8 icode= >,1f0v_A_B,1.7
59,2.347,PHE, ,CZ,12.55,1000.00,2.347,4.27,1.0,<Residue PHE het=  resseq=8 icode= >,1f0v_A_B,1.7
60,0.0,GLU, ,N,11.62,1000.00,0.0,6.10,1.0,<Residue GLU het=  resseq=9 icode= >,1f0v_A_B,1.7
61,0.0,GLU, ,CA,12.35,1000.00,0.0,4.26,1.0,<Residue GLU het=  resseq=9 icode= >,1f0v_A_B,1.7
62,1.013,GLU, ,C,12.74,1000.00,0.0,4.88,1.0,<Residue GLU het=  resseq=9 icode= >,1f0v_A_B,1.7
63,0.958,GLU, ,O,12.49,1000.00,0.0,5.68,1.0,<Residue GLU het=  resseq=9 icode= >,1f0v_A_B,1.7
64,9.221,GLU, ,CB,12.27,1000.00,0.0,4.25,1.0,<Residue GLU het=  resseq=9 icode= >,1f0v_A_B,1.7
65,3.277,GLU, ,CG,13.28,1000.00,0.0,3.68,1.0,<Residue GLU het=  resseq=9 icode= >,1f0v_A_B,1.7
66,2.845,GLU, ,CD,18.57,1000.00,0.0,4.14,1.0,<Residue GLU het=  resseq=9 icode= >,1f0v_A_B,1.7
67,32.55,GLU, ,OE1,19.16,1000.00,0.0,4.67,1.0,<Residue GLU het=  resseq=9 icode= >,1f0v_A_B,1.7
68,16.677,GLU, ,OE2,17.16,1000.00,0.0,5.08,1.0,<Residue GLU het=  resseq=9 icode= >,1f0v_A_B,1.7
69,0.466,ARG, ,N,11.32,1000.00,0.0,5.40,1.0,<Residue ARG het=  resseq=10 icode= >,1f0v_A_B,1.7
70,5.971,ARG, ,CA,12.08,1000.00,0.0,3.83,1.0,<Residue ARG het=  resseq=10 icode= >,1f0v_A_B,1.7
71,0.0,ARG, ,C,11.05,1000.00,0.0,5.36,1.0,<Residue ARG het=  resseq=10 icode= >,1f0v_A_B,1.7
72,0.0,ARG, ,O,12.2,1000.00,0.0,5.52,1.0,<Residue ARG het=  resseq=10 icode= >,1f0v_A_B,1.7
73,7.695,ARG, ,CB,11.53,1000.00,0.0,3.57,1.0,<Residue ARG het=  resseq=10 icode= >,1f0v_A_B,1.7
74,2.989,ARG, ,CG,14.98,1000.00,0.0,3.16,1.0,<Residue ARG het=  resseq=10 icode= >,1f0v_A_B,1.7
75,20.724,ARG, ,CD,16.56,1000.00,0.0,3.07,1.0,<Residue ARG het=  resseq=10 icode= >,1f0v_A_B,1.7
76,2.827,ARG, ,NE,15.44,1000.00,0.0,4.49,1.0,<Residue ARG het=  resseq=10 icode= >,1f0v_A_B,1.7
77,3.492,ARG, ,CZ,18.79,1000.00,0.0,3.95,1.0,<Residue ARG het=  resseq=10 icode= >,1f0v_A_B,1.7
78,3.75,ARG, ,NH1,17.16,1000.00,0.0,3.87,1.0,<Residue ARG het=  resseq=10 icode= >,1f0v_A_B,1.7
79,18.166,ARG, ,NH2,15.78,1000.00,0.0,4.44,1.0,<Residue ARG het=  resseq=10 icode= >,1f0v_A_B,1.7
80,0.0,GLN, ,N,11.31,8.52,0.0,5.29,1.0,<Residue GLN het=  resseq=11 icode= >,1f0v_A_B,1.7
81,0.0,GLN, ,CA,14.02,7.26,0.0,3.30,1.0,<Residue GLN het=  resseq=11 icode= >,1f0v_A_B,1.7
82,0.0,GLN, ,C,11.89,6.56,0.0,4.66,1.0,<Residue GLN het=  resseq=11 icode= >,1f0v_A_B,1.7
83,0.0,GLN, ,O,11.94,6.02,0.0,6.16,1.0,<Residue GLN het=  resseq=11 icode= >,1f0v_A_B,1.7
84,0.0,GLN, ,CB,10.08,6.42,0.0,3.86,1.0,<Residue GLN het=  resseq=11 icode= >,1f0v_A_B,1.7
85,0.0,GLN, ,CG,13.62,7.37,0.0,3.79,1.0,<Residue GLN het=  resseq=11 icode= >,1f0v_A_B,1.7
86,0.0,GLN, ,CD,15.66,6.87,0.0,4.32,1.0,<Residue GLN het=  resseq=11 icode= >,1f0v_A_B,1.7
87,11.457,GLN, ,OE1,18.13,6.70,0.0,5.11,1.0,<Residue GLN het=  resseq=11 icode= >,1f0v_A_B,1.7
88,11.143,GLN, ,NE2,11.95,6.87,0.0,5.18,1.0,<Residue GLN het=  resseq=11 icode= >,1f0v_A_B,1.7
89,0.0,HIS, ,N,9.75,6.98,0.0,5.96,1.0,<Residue HIS het=  resseq=12 icode= >,1f0v_A_B,1.7
90,0.0,HIS, ,CA,7.63,6.58,0.0,5.17,1.0,<Residue HIS het=  resseq=12 icode= >,1f0v_A_B,1.7
91,0.0,HIS, ,C,10.85,7.80,0.0,5.33,1.0,<Residue HIS het=  resseq=12 icode= >,1f0v_A_B,1.7
92,0.0,HIS, ,O,14.71,7.84,0.0,6.66,1.0,<Residue HIS het=  resseq=12 icode= >,1f0v_A_B,1.7
93,0.719,HIS, ,CB,11.56,6.02,0.719,3.55,1.0,<Residue HIS het=  resseq=12 icode= >,1f0v_A_B,1.7
94,1.421,HIS, ,CG,10.06,4.77,1.421,4.54,1.0,<Residue HIS het=  resseq=12 icode= >,1f0v_A_B,1.7
95,0.0,HIS, ,ND1,12.39,4.99,0.0,5.05,1.0,<Residue HIS het=  resseq=12 icode= >,1f0v_A_B,1.7
96,3.876,HIS, ,CD2,6.2,3.54,3.876,5.89,1.0,<Residue HIS het=  resseq=12 icode= >,1f0v_A_B,1.7
97,20.733,HIS, ,CE1,7.81,4.04,16.067,5.91,1.0,<Residue HIS het=  resseq=12 icode= >,1f0v_A_B,1.7
98,11.175,HIS, ,NE2,15.31,2.95,11.175,4.75,1.0,<Residue HIS het=  resseq=12 icode= >,1f0v_A_B,1.7
99,0.0,MET, ,N,12.34,8.97,0.0,5.09,1.0,<Residue MET het=  resseq=13 icode= >,1f0v_A_B,1.7
100,0.0,MET, ,CA,11.71,10.19,0.0,4.54,1.0,<Residue MET het=  resseq=13 icode= >,1f0v_A_B,1.7
101,0.64,MET, ,C,14.63,10.96,0.0,4.59,1.0,<Residue MET het=  resseq=13 icode= >,1f0v_A_B,1.7
102,2.383,MET, ,O,14.33,11.31,0.0,5.43,1.0,<Residue MET het=  resseq=13 icode= >,1f0v_A_B,1.7
103,10.679,MET, ,CB,13.19,11.26,0.0,4.02,1.0,<Residue MET het=  resseq=13 icode= >,1f0v_A_B,1.7
104,0.347,MET, ,CG,13.23,11.22,0.0,3.27,1.0,<Residue MET het=  resseq=13 icode= >,1f0v_A_B,1.7
105,0.0,MET, ,SD,14.41,11.38,0.0,10.42,1.0,<Residue MET het=  resseq=13 icode= >,1f0v_A_B,1.7
106,1.737,MET, ,CE,15.49,12.83,0.0,3.39,1.0,<Residue MET het=  resseq=13 icode= >,1f0v_A_B,1.7
107,0.0,ASP, ,N,12.37,11.45,0.0,4.50,1.0,<Residue ASP het=  resseq=14 icode= >,1f0v_A_B,1.7
108,1.727,ASP, ,CA,11.26,12.49,0.0,4.01,1.0,<Residue ASP het=  resseq=14 icode= >,1f0v_A_B,1.7
109,0.0,ASP, ,C,15.01,13.56,0.0,4.86,1.0,<Residue ASP het=  resseq=14 icode= >,1f0v_A_B,1.7
110,0.0,ASP, ,O,15.27,13.82,0.0,5.96,1.0,<Residue ASP het=  resseq=14 icode= >,1f0v_A_B,1.7
111,0.0,ASP, ,CB,15.4,12.10,0.0,3.46,1.0,<Residue ASP het=  resseq=14 icode= >,1f0v_A_B,1.7
112,0.342,ASP, ,CG,20.74,13.37,0.0,4.40,1.0,<Residue ASP het=  resseq=14 icode= >,1f0v_A_B,1.7
113,5.939,ASP, ,OD1,18.52,14.29,0.0,4.58,1.0,<Residue ASP het=  resseq=14 icode= >,1f0v_A_B,1.7
114,0.937,ASP, ,OD2,17.58,13.55,0.0,5.66,1.0,<Residue ASP het=  resseq=14 icode= >,1f0v_A_B,1.7
115,3.578,SER, ,N,16.15,1000.00,0.0,4.61,1.0,<Residue SER het=  resseq=15 icode= >,1f0v_A_B,1.7
116,0.075,SER, ,CA,17.32,1000.00,0.0,3.65,1.0,<Residue SER het=  resseq=15 icode= >,1f0v_A_B,1.7
117,0.522,SER, ,C,19.22,1000.00,0.0,4.05,1.0,<Residue SER het=  resseq=15 icode= >,1f0v_A_B,1.7
118,23.809,SER, ,O,21.45,1000.00,0.0,3.87,1.0,<Residue SER het=  resseq=15 icode= >,1f0v_A_B,1.7
119,6.215,SER, ,CB,15.85,1000.00,0.0,3.60,1.0,<Residue SER het=  resseq=15 icode= >,1f0v_A_B,1.7
120,31.96,SER, ,OG,22.63,1000.00,0.0,4.08,1.0,<Residue SER het=  resseq=15 icode= >,1f0v_A_B,1.7
121,0.278,SER, ,N,18.19,1000.00,0.0,4.46,1.0,<Residue SER het=  resseq=16 icode= >,1f0v_A_B,1.7
122,10.405,SER, ,CA,20.72,1000.00,0.0,4.03,1.0,<Residue SER het=  resseq=16 icode= >,1f0v_A_B,1.7
123,1.722,SER, ,C,23.77,1000.00,0.0,3.86,1.0,<Residue SER het=  resseq=16 icode= >,1f0v_A_B,1.7
124,27.988,SER, ,O,26.1,1000.00,0.0,3.85,1.0,<Residue SER het=  resseq=16 icode= >,1f0v_A_B,1.7
125,26.679,SER, ,CB,21.11,1000.00,0.0,3.14,1.0,<Residue SER het=  resseq=16 icode= >,1f0v_A_B,1.7
126,38.298,SER, ,OG,29.98,1000.00,0.0,3.03,1.0,<Residue SER het=  resseq=16 icode= >,1f0v_A_B,1.7
127,0.0,THR, ,N,19.88,1000.00,0.0,3.88,1.0,<Residue THR het=  resseq=17 icode= >,1f0v_A_B,1.7
128,5.552,THR, ,CA,20.49,1000.00,0.0,3.04,1.0,<Residue THR het=  resseq=17 icode= >,1f0v_A_B,1.7
129,2.785,THR, ,C,23.68,1000.00,0.0,3.64,1.0,<Residue THR het=  resseq=17 icode= >,1f0v_A_B,1.7
130,1.16,THR, ,O,21.73,1000.00,0.0,3.83,1.0,<Residue THR het=  resseq=17 icode= >,1f0v_A_B,1.7
131,5.244,THR, ,CB,22.05,1000.00,0.0,2.92,1.0,<Residue THR het=  resseq=17 icode= >,1f0v_A_B,1.7
132,0.0,THR, ,OG1,21.94,1000.00,0.0,4.39,1.0,<Residue THR het=  resseq=17 icode= >,1f0v_A_B,1.7
133,41.703,THR, ,CG2,22.96,1000.00,0.0,2.42,1.0,<Residue THR het=  resseq=17 icode= >,1f0v_A_B,1.7
134,7.355,SER, ,N,21.5,1000.00,0.0,3.72,1.0,<Residue SER het=  resseq=18 icode= >,1f0v_A_B,1.7
135,4.859,SER, ,CA,22.85,1000.00,0.0,2.63,1.0,<Residue SER het=  resseq=18 icode= >,1f0v_A_B,1.7
136,0.0,SER, ,C,19.68,1000.00,0.0,3.65,1.0,<Residue SER het=  resseq=18 icode= >,1f0v_A_B,1.7
137,5.216,SER, ,O,18.62,1000.00,0.0,5.04,1.0,<Residue SER het=  resseq=18 icode= >,1f0v_A_B,1.7
138,47.474,SER, ,CB,24.82,1000.00,0.0,2.67,1.0,<Residue SER het=  resseq=18 icode= >,1f0v_A_B,1.7
139,31.174,SER, ,OG,33.79,1000.00,0.0,2.44,1.0,<Residue SER het=  resseq=18 icode= >,1f0v_A_B,1.7
140,0.762,ALA, ,N,20.84,16.39,0.0,3.25,1.0,<Residue ALA het=  resseq=19 icode= >,1f0v_A_B,1.7
141,0.0,ALA, ,CA,20.93,15.63,0.0,2.68,1.0,<Residue ALA het=  resseq=19 icode= >,1f0v_A_B,1.7
142,0.186,ALA, ,C,20.01,15.58,0.0,4.10,1.0,<Residue ALA het=  resseq=19 icode= >,1f0v_A_B,1.7
143,4.777,ALA, ,O,21.84,16.21,0.0,4.22,1.0,<Residue ALA het=  resseq=19 icode= >,1f0v_A_B,1.7
144,28.314,ALA, ,CB,16.94,16.28,0.0,3.05,1.0,<Residue ALA het=  resseq=19 icode= >,1f0v_A_B,1.7
145,0.0,ALA, ,N,17.57,14.85,0.0,4.14,1.0,<Residue ALA het=  resseq=20 icode= >,1f0v_A_B,1.7
146,0.0,ALA, ,CA,18.83,15.02,0.0,2.94,1.0,<Residue ALA het=  resseq=20 icode= >,1f0v_A_B,1.7
147,0.104,ALA, ,C,23.06,16.49,0.0,3.78,1.0,<Residue ALA het=  resseq=20 icode= >,1f0v_A_B,1.7
148,17.843,ALA, ,O,23.3,16.88,0.0,4.00,1.0,<Residue ALA het=  resseq=20 icode= >,1f0v_A_B,1.7
149,2.399,ALA, ,CB,17.21,14.05,0.0,3.28,1.0,<Residue ALA het=  resseq=20 icode= >,1f0v_A_B,1.7
150,0.725,SER, ,N,23.71,17.22,0.0,3.93,1.0,<Residue SER het=  resseq=21 icode= >,1f0v_A_B,1.7
151,8.621,SER, ,CA,27.64,18.67,0.0,2.26,1.0,<Residue SER het=  resseq=21 icode= >,1f0v_A_B,1.7
152,2.444,SER, ,C,30.01,19.10,0.0,2.28,1.0,<Residue SER het=  resseq=21 icode= >,1f0v_A_B,1.7
153,27.939,SER, ,O,31.12,20.12,0.0,2.64,1.0,<Residue SER het=  resseq=21 icode= >,1f0v_A_B,1.7
154,42.649,SER, ,CB,27.99,19.49,0.0,2.17,1.0,<Residue SER het=  resseq=21 icode= >,1f0v_A_B,1.7
155,28.701,SER, ,OG,30.28,19.21,0.0,3.22,1.0,<Residue SER het=  resseq=21 icode= >,1f0v_A_B,1.7
156,0.225,SER, ,N,22.89,18.43,0.0,3.10,1.0,<Residue SER het=  resseq=22 icode= >,1f0v_A_B,1.7
157,10.667,SER, ,CA,20.19,18.18,0.0,3.13,1.0,<Residue SER het=  resseq=22 icode= >,1f0v_A_B,1.7
158,4.397,SER, ,C,20.21,16.83,0.0,3.55,1.0,<Residue SER het=  resseq=22 icode= >,1f0v_A_B,1.7
159,0.014,SER, ,O,17.09,16.13,0.0,5.38,1.0,<Residue SER het=  resseq=22 icode= >,1f0v_A_B,1.7
160,33.599,SER, ,CB,19.79,19.11,0.0,3.30,1.0,<Residue SER het=  resseq=22 icode= >,1f0v_A_B,1.7
161,6.572,SER, ,OG,20.93,18.57,0.0,4.64,1.0,<Residue SER het=  resseq=22 icode= >,1f0v_A_B,1.7
162,5.985,SER, ,N,19.05,16.52,0.0,3.91,1.0,<Residue SER het=  resseq=23 icode= >,1f0v_A_B,1.7
163,3.318,SER, ,CA,14.64,15.19,0.0,3.77,1.0,<Residue SER het=  resseq=23 icode= >,1f0v_A_B,1.7
164,0.028,SER, ,C,14.22,14.78,0.0,4.62,1.0,<Residue SER het=  resseq=23 icode= >,1f0v_A_B,1.7
165,6.145,SER, ,O,16.46,13.62,0.0,4.87,1.0,<Residue SER het=  resseq=23 icode= >,1f0v_A_B,1.7
166,46.306,SER, ,CB,22.7,15.23,0.0,2.68,1.0,<Residue SER het=  resseq=23 icode= >,1f0v_A_B,1.7
167,28.964,SER, ,OG,23.52,16.19,0.0,3.19,1.0,<Residue SER het=  resseq=23 icode= >,1f0v_A_B,1.7
168,0.164,ASN, ,N,14.32,15.76,0.0,4.43,1.0,<Residue ASN het=  resseq=24 icode= >,1f0v_A_B,1.7
169,0.0,ASN, ,CA,14.49,15.39,0.0,3.35,1.0,<Residue ASN het=  resseq=24 icode= >,1f0v_A_B,1.7
170,0.0,ASN, ,C,10.6,15.38,0.0,5.86,1.0,<Residue ASN het=  resseq=24 icode= >,1f0v_A_B,1.7
171,0.0,ASN, ,O,14.54,15.34,0.0,5.49,1.0,<Residue ASN het=  resseq=24 icode= >,1f0v_A_B,1.7
172,2.713,ASN, ,CB,21.32,16.46,0.0,2.56,1.0,<Residue ASN het=  resseq=24 icode= >,1f0v_A_B,1.7
173,4.392,ASN, ,CG,30.22,16.36,0.0,2.27,1.0,<Residue ASN het=  resseq=24 icode= >,1f0v_A_B,1.7
174,15.724,ASN, ,OD1,28.21,15.29,0.0,3.48,1.0,<Residue ASN het=  resseq=24 icode= >,1f0v_A_B,1.7
175,54.679,ASN, ,ND2,32.19,17.54,0.0,1.89,1.0,<Residue ASN het=  resseq=24 icode= >,1f0v_A_B,1.7
176,0.0,TYR, ,N,12.25,15.54,0.0,5.55,1.0,<Residue TYR het=  resseq=25 icode= >,1f0v_A_B,1.7
177,1.2,TYR, ,CA,12.82,14.70,0.0,3.82,1.0,<Residue TYR het=  resseq=25 icode= >,1f0v_A_B,1.7
178,0.0,TYR, ,C,12.23,13.54,0.0,4.90,1.0,<Residue TYR het=  resseq=25 icode= >,1f0v_A_B,1.7
179,0.0,TYR, ,O,12.22,13.37,0.0,6.14,1.0,<Residue TYR het=  resseq=25 icode= >,1f0v_A_B,1.7
180,0.311,TYR, ,CB,13.78,14.31,0.0,3.60,1.0,<Residue TYR het=  resseq=25 icode= >,1f0v_A_B,1.7
181,0.0,TYR, ,CG,14.77,13.39,0.0,3.82,1.0,<Residue TYR het=  resseq=25 icode= >,1f0v_A_B,1.7
182,9.065,TYR, ,CD1,12.99,14.03,0.0,4.00,1.0,<Residue TYR het=  resseq=25 icode= >,1f0v_A_B,1.7
183,0.0,TYR, ,CD2,13.56,12.00,0.0,3.57,1.0,<Residue TYR het=  resseq=25 icode= >,1f0v_A_B,1.7
184,3.216,TYR, ,CE1,15.19,13.41,0.0,3.76,1.0,<Residue TYR het=  resseq=25 icode= >,1f0v_A_B,1.7
185,0.0,TYR, ,CE2,13.75,11.23,0.0,4.65,1.0,<Residue TYR het=  resseq=25 icode= >,1f0v_A_B,1.7
186,0.0,TYR, ,CZ,18.15,12.02,0.0,3.95,1.0,<Residue TYR het=  resseq=25 icode= >,1f0v_A_B,1.7
187,0.0,TYR, ,OH,16.75,11.60,0.0,5.08,1.0,<Residue TYR het=  resseq=25 icode= >,1f0v_A_B,1.7
188,0.0,CYS, ,N,14.49,12.87,0.0,4.95,1.0,<Residue CYS het=  resseq=26 icode= >,1f0v_A_B,1.7
189,0.0,CYS, ,CA,12.12,11.83,0.0,3.67,1.0,<Residue CYS het=  resseq=26 icode= >,1f0v_A_B,1.7
190,0.0,CYS, ,C,11.64,12.45,0.0,4.89,1.0,<Residue CYS het=  resseq=26 icode= >,1f0v_A_B,1.7
191,0.0,CYS, ,O,13.01,11.99,0.0,5.74,1.0,<Residue CYS het=  resseq=26 icode= >,1f0v_A_B,1.7
192,0.0,CYS, ,CB,14.51,10.99,0.0,3.27,1.0,<Residue CYS het=  resseq=26 icode= >,1f0v_A_B,1.7
193,0.0,CYS, ,SG,15.51,10.33,0.0,10.01,1.0,<Residue CYS het=  resseq=26 icode= >,1f0v_A_B,1.7
194,0.0,ASN, ,N,12.95,12.62,0.0,4.63,1.0,<Residue ASN het=  resseq=27 icode= >,1f0v_A_B,1.7
195,1.294,ASN, ,CA,13.78,12.94,0.0,3.78,1.0,<Residue ASN het=  resseq=27 icode= >,1f0v_A_B,1.7
196,0.981,ASN, ,C,15.13,14.16,0.0,5.06,1.0,<Residue ASN het=  resseq=27 icode= >,1f0v_A_B,1.7
197,9.17,ASN, ,O,16.15,14.37,0.0,5.37,1.0,<Residue ASN het=  resseq=27 icode= >,1f0v_A_B,1.7
198,16.23,ASN, ,CB,14.6,13.42,0.0,3.00,1.0,<Residue ASN het=  resseq=27 icode= >,1f0v_A_B,1.7
199,2.365,ASN, ,CG,17.49,12.38,0.0,4.41,1.0,<Residue ASN het=  resseq=27 icode= >,1f0v_A_B,1.7
200,0.0,ASN, ,OD1,14.34,11.25,0.0,6.52,1.0,<Residue ASN het=  resseq=27 icode= >,1f0v_A_B,1.7
201,24.582,ASN, ,ND2,19.16,12.86,0.0,4.30,1.0,<Residue ASN het=  resseq=27 icode= >,1f0v_A_B,1.7
202,0.0,GLN, ,N,15.54,15.01,0.0,4.69,1.0,<Residue GLN het=  resseq=28 icode= >,1f0v_A_B,1.7
203,5.799,GLN, ,CA,14.03,15.47,0.0,3.80,1.0,<Residue GLN het=  resseq=28 icode= >,1f0v_A_B,1.7
204,0.0,GLN, ,C,12.96,14.45,0.0,4.66,1.0,<Residue GLN het=  resseq=28 icode= >,1f0v_A_B,1.7
205,2.015,GLN, ,O,13.33,14.75,0.0,6.05,1.0,<Residue GLN het=  resseq=28 icode= >,1f0v_A_B,1.7
206,13.704,GLN, ,CB,18.0,16.25,0.0,3.04,1.0,<Residue GLN het=  resseq=28 icode= >,1f0v_A_B,1.7
207,23.699,GLN, ,CG,17.48,17.51,0.0,2.83,1.0,<Residue GLN het=  resseq=28 icode= >,1f0v_A_B,1.7
208,6.288,GLN, ,CD,22.23,18.12,0.0,3.36,1.0,<Residue GLN het=  resseq=28 icode= >,1f0v_A_B,1.7
209,25.715,GLN, ,OE1,25.26,17.79,0.0,4.40,1.0,<Residue GLN het=  resseq=28 icode= >,1f0v_A_B,1.7
210,33.311,GLN, ,NE2,24.3,18.95,0.0,2.52,1.0,<Residue GLN het=  resseq=28 icode= >,1f0v_A_B,1.7
211,0.0,MET, ,N,12.94,13.35,0.0,5.82,1.0,<Residue MET het=  resseq=29 icode= >,1f0v_A_B,1.7
212,0.0,MET, ,CA,10.08,12.41,0.0,4.34,1.0,<Residue MET het=  resseq=29 icode= >,1f0v_A_B,1.7
213,0.0,MET, ,C,14.03,11.61,0.0,4.85,1.0,<Residue MET het=  resseq=29 icode= >,1f0v_A_B,1.7
214,0.0,MET, ,O,12.12,11.48,0.0,6.37,1.0,<Residue MET het=  resseq=29 icode= >,1f0v_A_B,1.7
215,0.0,MET, ,CB,13.78,11.61,0.0,3.02,1.0,<Residue MET het=  resseq=29 icode= >,1f0v_A_B,1.7
216,1.857,MET, ,CG,14.26,12.63,0.0,2.42,1.0,<Residue MET het=  resseq=29 icode= >,1f0v_A_B,1.7
217,24.748,MET, ,SD,16.31,13.26,0.0,9.66,1.0,<Residue MET het=  resseq=29 icode= >,1f0v_A_B,1.7
218,0.0,MET, ,CE,17.86,11.93,0.0,2.64,1.0,<Residue MET het=  resseq=29 icode= >,1f0v_A_B,1.7
219,0.0,MET, ,N,10.59,11.28,0.0,6.11,1.0,<Residue MET het=  resseq=30 icode= >,1f0v_A_B,1.7
220,0.0,MET, ,CA,13.09,10.77,0.0,3.72,1.0,<Residue MET het=  resseq=30 icode= >,1f0v_A_B,1.7
221,0.0,MET, ,C,11.7,11.92,0.0,5.16,1.0,<Residue MET het=  resseq=30 icode= >,1f0v_A_B,1.7
222,0.0,MET, ,O,12.96,11.79,0.0,5.38,1.0,<Residue MET het=  resseq=30 icode= >,1f0v_A_B,1.7
223,0.082,MET, ,CB,10.6,10.58,0.0,3.86,1.0,<Residue MET het=  resseq=30 icode= >,1f0v_A_B,1.7
224,0.0,MET, ,CG,11.89,9.49,0.0,3.60,1.0,<Residue MET het=  resseq=30 icode= >,1f0v_A_B,1.7
225,0.0,MET, ,SD,11.78,7.78,0.0,12.69,1.0,<Residue MET het=  resseq=30 icode= >,1f0v_A_B,1.7
226,0.0,MET, ,CE,12.58,7.79,0.0,3.13,1.0,<Residue MET het=  resseq=30 icode= >,1f0v_A_B,1.7
227,0.0,LYS, ,N,12.29,13.15,0.0,5.88,1.0,<Residue LYS het=  resseq=31 icode= >,1f0v_A_B,1.7
228,0.0,LYS, ,CA,10.29,14.33,0.0,3.73,1.0,<Residue LYS het=  resseq=31 icode= >,1f0v_A_B,1.7
229,0.0,LYS, ,C,12.46,14.56,0.0,4.86,1.0,<Residue LYS het=  resseq=31 icode= >,1f0v_A_B,1.7
230,4.383,LYS, ,O,15.84,14.88,0.0,5.39,1.0,<Residue LYS het=  resseq=31 icode= >,1f0v_A_B,1.7
231,9.0,LYS, ,CB,12.59,15.57,0.0,3.86,1.0,<Residue LYS het=  resseq=31 icode= >,1f0v_A_B,1.7
232,21.455,LYS, ,CG,16.89,16.90,0.0,2.96,1.0,<Residue LYS het=  resseq=31 icode= >,1f0v_A_B,1.7
233,13.034,LYS, ,CD,32.15,17.23,0.0,1.21,1.0,<Residue LYS het=  resseq=31 icode= >,1f0v_A_B,1.7
234,44.692,LYS, ,CE,35.75,18.77,0.0,1.14,1.0,<Residue LYS het=  resseq=31 icode= >,1f0v_A_B,1.7
235,47.949,LYS, ,NZ,40.96,19.19,0.0,0.98,1.0,<Residue LYS het=  resseq=31 icode= >,1f0v_A_B,1.7
236,0.0,SER, ,N,12.37,1000.00,0.0,5.06,1.0,<Residue SER het=  resseq=32 icode= >,1f0v_A_B,1.7
237,8.393,SER, ,CA,14.17,1000.00,0.0,4.02,1.0,<Residue SER het=  resseq=32 icode= >,1f0v_A_B,1.7
238,0.013,SER, ,C,16.18,1000.00,0.0,3.72,1.0,<Residue SER het=  resseq=32 icode= >,1f0v_A_B,1.7
239,22.877,SER, ,O,17.64,1000.00,0.0,4.62,1.0,<Residue SER het=  resseq=32 icode= >,1f0v_A_B,1.7
240,40.966,SER, ,CB,16.85,1000.00,0.0,3.49,1.0,<Residue SER het=  resseq=32 icode= >,1f0v_A_B,1.7
241,5.806,SER, ,OG,19.65,1000.00,0.0,4.42,1.0,<Residue SER het=  resseq=32 icode= >,1f0v_A_B,1.7
242,0.0,ARG, ,N,10.77,1000.00,0.0,5.21,1.0,<Residue ARG het=  resseq=33 icode= >,1f0v_A_B,1.7
243,1.209,ARG, ,CA,12.67,1000.00,0.0,4.14,1.0,<Residue ARG het=  resseq=33 icode= >,1f0v_A_B,1.7
244,0.096,ARG, ,C,14.43,1000.00,0.0,4.51,1.0,<Residue ARG het=  resseq=33 icode= >,1f0v_A_B,1.7
245,0.0,ARG, ,O,14.69,1000.00,0.0,5.78,1.0,<Residue ARG het=  resseq=33 icode= >,1f0v_A_B,1.7
246,0.0,ARG, ,CB,12.54,1000.00,0.0,3.00,1.0,<Residue ARG het=  resseq=33 icode= >,1f0v_A_B,1.7
247,0.0,ARG, ,CG,11.79,1000.00,0.0,3.63,1.0,<Residue ARG het=  resseq=33 icode= >,1f0v_A_B,1.7
248,13.311,ARG, ,CD,10.39,1000.00,0.0,4.12,1.0,<Residue ARG het=  resseq=33 icode= >,1f0v_A_B,1.7
249,11.912,ARG, ,NE,12.45,1000.00,0.0,4.42,1.0,<Residue ARG het=  resseq=33 icode= >,1f0v_A_B,1.7
250,4.542,ARG, ,CZ,13.42,1000.00,0.0,4.39,1.0,<Residue ARG het=  resseq=33 icode= >,1f0v_A_B,1.7
251,4.024,ARG, ,NH1,11.48,1000.00,0.0,4.68,1.0,<Residue ARG het=  resseq=33 icode= >,1f0v_A_B,1.7
252,21.549,ARG, ,NH2,15.79,1000.00,0.0,4.85,1.0,<Residue ARG het=  resseq=33 icode= >,1f0v_A_B,1.7
253,0.0,ASN, ,N,14.63,1000.00,0.0,4.15,1.0,<Residue ASN het=  resseq=34 icode= >,1f0v_A_B,1.7
254,0.627,ASN, ,CA,17.17,1000.00,0.0,3.72,1.0,<Residue ASN het=  resseq=34 icode= >,1f0v_A_B,1.7
255,0.0,ASN, ,C,14.48,1000.00,0.0,4.99,1.0,<Residue ASN het=  resseq=34 icode= >,1f0v_A_B,1.7
256,9.207,ASN, ,O,17.59,1000.00,0.0,5.39,1.0,<Residue ASN het=  resseq=34 icode= >,1f0v_A_B,1.7
257,0.334,ASN, ,CB,21.55,1000.00,0.0,2.99,1.0,<Residue ASN het=  resseq=34 icode= >,1f0v_A_B,1.7
258,0.568,ASN, ,CG,33.23,1000.00,0.0,2.52,1.0,<Residue ASN het=  resseq=34 icode= >,1f0v_A_B,1.7
259,21.443,ASN, ,OD1,33.4,1000.00,0.0,2.35,1.0,<Residue ASN het=  resseq=34 icode= >,1f0v_A_B,1.7
260,42.424,ASN, ,ND2,33.08,1000.00,0.0,1.86,1.0,<Residue ASN het=  resseq=34 icode= >,1f0v_A_B,1.7
261,0.0,LEU, ,N,13.0,11.48,0.0,4.75,1.0,<Residue LEU het=  resseq=35 icode= >,1f0v_A_B,1.7
262,3.906,LEU, ,CA,13.85,10.55,0.0,3.88,1.0,<Residue LEU het=  resseq=35 icode= >,1f0v_A_B,1.7
263,2.405,LEU, ,C,17.08,11.29,0.0,3.76,1.0,<Residue LEU het=  resseq=35 icode= >,1f0v_A_B,1.7
264,0.834,LEU, ,O,16.9,10.82,0.0,5.55,1.0,<Residue LEU het=  resseq=35 icode= >,1f0v_A_B,1.7
265,0.0,LEU, ,CB,14.09,9.22,0.0,3.76,1.0,<Residue LEU het=  resseq=35 icode= >,1f0v_A_B,1.7
266,0.0,LEU, ,CG,13.83,8.75,0.0,3.75,1.0,<Residue LEU het=  resseq=35 icode= >,1f0v_A_B,1.7
267,0.0,LEU, ,CD1,16.86,7.49,0.0,3.53,1.0,<Residue LEU het=  resseq=35 icode= >,1f0v_A_B,1.7
268,4.621,LEU, ,CD2,17.02,8.76,0.0,3.01,1.0,<Residue LEU het=  resseq=35 icode= >,1f0v_A_B,1.7
269,0.0,THR, ,N,13.55,12.57,0.0,5.42,1.0,<Residue THR het=  resseq=36 icode= >,1f0v_A_B,1.7
270,0.0,THR, ,CA,15.58,13.47,0.0,3.67,1.0,<Residue THR het=  resseq=36 icode= >,1f0v_A_B,1.7
271,0.235,THR, ,C,16.36,14.77,0.0,4.09,1.0,<Residue THR het=  resseq=36 icode= >,1f0v_A_B,1.7
272,5.779,THR, ,O,18.15,15.15,0.0,4.96,1.0,<Residue THR het=  resseq=36 icode= >,1f0v_A_B,1.7
273,1.44,THR, ,CB,16.72,13.40,0.0,3.51,1.0,<Residue THR het=  resseq=36 icode= >,1f0v_A_B,1.7
274,3.695,THR, ,OG1,18.32,14.63,0.0,5.14,1.0,<Residue THR het=  resseq=36 icode= >,1f0v_A_B,1.7
275,2.815,THR, ,CG2,15.8,12.20,0.0,2.84,1.0,<Residue THR het=  resseq=36 icode= >,1f0v_A_B,1.7
276,0.968,LYS, ,N,18.36,1000.00,0.0,3.67,1.0,<Residue LYS het=  resseq=37 icode= >,1f0v_A_B,1.7
277,8.717,LYS, ,CA,20.98,1000.00,0.0,3.26,1.0,<Residue LYS het=  resseq=37 icode= >,1f0v_A_B,1.7
278,0.0,LYS, ,C,18.49,1000.00,0.0,4.63,1.0,<Residue LYS het=  resseq=37 icode= >,1f0v_A_B,1.7
279,10.471,LYS, ,O,22.34,1000.00,0.0,4.36,1.0,<Residue LYS het=  resseq=37 icode= >,1f0v_A_B,1.7
280,3.804,LYS, ,CB,21.12,1000.00,0.0,2.57,1.0,<Residue LYS het=  resseq=37 icode= >,1f0v_A_B,1.7
281,18.781,LYS, ,CG,35.31,1000.00,0.0,1.08,1.0,<Residue LYS het=  resseq=37 icode= >,1f0v_A_B,1.7
282,25.87,LYS, ,CD,39.09,1000.00,0.0,1.29,1.0,<Residue LYS het=  resseq=37 icode= >,1f0v_A_B,1.7
283,30.077,LYS, ,CE,48.9,1000.00,0.0,0.10,1.0,<Residue LYS het=  resseq=37 icode= >,1f0v_A_B,1.7
284,15.586,LYS, ,NZ,54.95,1000.00,0.0,0.02,1.0,<Residue LYS het=  resseq=37 icode= >,1f0v_A_B,1.7
285,2.811,ASP, ,N,22.15,1000.00,0.0,4.48,1.0,<Residue ASP het=  resseq=38 icode= >,1f0v_A_B,1.7
286,0.725,ASP, ,CA,21.95,1000.00,0.0,3.74,1.0,<Residue ASP het=  resseq=38 icode= >,1f0v_A_B,1.7
287,0.0,ASP, ,C,23.34,1000.00,0.0,3.79,1.0,<Residue ASP het=  resseq=38 icode= >,1f0v_A_B,1.7
288,16.947,ASP, ,O,23.48,1000.00,0.0,4.04,1.0,<Residue ASP het=  resseq=38 icode= >,1f0v_A_B,1.7
289,29.077,ASP, ,CB,24.38,1000.00,0.0,2.57,1.0,<Residue ASP het=  resseq=38 icode= >,1f0v_A_B,1.7
290,8.435,ASP, ,CG,31.68,1000.00,0.0,2.82,1.0,<Residue ASP het=  resseq=38 icode= >,1f0v_A_B,1.7
291,26.616,ASP, ,OD1,34.56,1000.00,0.0,2.34,1.0,<Residue ASP het=  resseq=38 icode= >,1f0v_A_B,1.7
292,25.179,ASP, ,OD2,36.23,1000.00,0.0,2.12,1.0,<Residue ASP het=  resseq=38 icode= >,1f0v_A_B,1.7
293,0.234,ARG, ,N,15.74,1000.00,0.0,5.12,1.0,<Residue ARG het=  resseq=39 icode= >,1f0v_A_B,1.7
294,0.737,ARG, ,CA,16.92,1000.00,0.0,3.32,1.0,<Residue ARG het=  resseq=39 icode= >,1f0v_A_B,1.7
295,0.0,ARG, ,C,14.24,1000.00,0.0,4.74,1.0,<Residue ARG het=  resseq=39 icode= >,1f0v_A_B,1.7
296,1.194,ARG, ,O,17.33,1000.00,0.0,5.20,1.0,<Residue ARG het=  resseq=39 icode= >,1f0v_A_B,1.7
297,20.153,ARG, ,CB,21.49,1000.00,0.0,2.60,1.0,<Residue ARG het=  resseq=39 icode= >,1f0v_A_B,1.7
298,9.215,ARG, ,CG,29.62,1000.00,0.0,2.08,1.0,<Residue ARG het=  resseq=39 icode= >,1f0v_A_B,1.7
299,33.1,ARG, ,CD,38.51,1000.00,0.0,1.35,1.0,<Residue ARG het=  resseq=39 icode= >,1f0v_A_B,1.7
300,19.241,ARG, ,NE,46.42,1000.00,0.0,1.09,1.0,<Residue ARG het=  resseq=39 icode= >,1f0v_A_B,1.7
301,7.45,ARG, ,CZ,53.03,1000.00,0.0,0.67,1.0,<Residue ARG het=  resseq=39 icode= >,1f0v_A_B,1.7
302,8.336,ARG, ,NH1,51.99,1000.00,0.0,1.04,1.0,<Residue ARG het=  resseq=39 icode= >,1f0v_A_B,1.7
303,56.716,ARG, ,NH2,55.42,1000.00,0.0,0.26,1.0,<Residue ARG het=  resseq=39 icode= >,1f0v_A_B,1.7
304,2.516,CYS, ,N,15.03,11.02,0.0,4.66,1.0,<Residue CYS het=  resseq=40 icode= >,1f0v_A_B,1.7
305,0.0,CYS, ,CA,13.44,9.99,0.0,3.68,1.0,<Residue CYS het=  resseq=40 icode= >,1f0v_A_B,1.7
306,0.0,CYS, ,C,13.54,9.26,0.0,4.84,1.0,<Residue CYS het=  resseq=40 icode= >,1f0v_A_B,1.7
307,8.441,CYS, ,O,18.23,8.54,0.0,4.95,1.0,<Residue CYS het=  resseq=40 icode= >,1f0v_A_B,1.7
308,3.574,CYS, ,CB,16.44,9.08,0.0,3.30,1.0,<Residue CYS het=  resseq=40 icode= >,1f0v_A_B,1.7
309,1.985,CYS, ,SG,18.53,10.14,0.0,8.77,1.0,<Residue CYS het=  resseq=40 icode= >,1f0v_A_B,1.7
310,0.092,LYS, ,N,11.98,9.68,0.0,4.95,1.0,<Residue LYS het=  resseq=41 icode= >,1f0v_A_B,1.7
311,0.0,LYS, ,CA,10.42,8.83,0.0,4.12,1.0,<Residue LYS het=  resseq=41 icode= >,1f0v_A_B,1.7
312,0.0,LYS, ,C,10.21,7.72,0.0,5.00,1.0,<Residue LYS het=  resseq=41 icode= >,1f0v_A_B,1.7
313,0.0,LYS, ,O,14.16,7.41,0.0,5.14,1.0,<Residue LYS het=  resseq=41 icode= >,1f0v_A_B,1.7
314,3.266,LYS, ,CB,13.19,7.95,0.0,3.84,1.0,<Residue LYS het=  resseq=41 icode= >,1f0v_A_B,1.7
315,2.5,LYS, ,CG,14.5,6.51,0.0,3.69,1.0,<Residue LYS het=  resseq=41 icode= >,1f0v_A_B,1.7
316,3.132,LYS, ,CD,13.83,5.85,0.0,3.62,1.0,<Residue LYS het=  resseq=41 icode= >,1f0v_A_B,1.7
317,26.092,LYS, ,CE,12.45,4.43,10.572,3.86,1.0,<Residue LYS het=  resseq=41 icode= >,1f0v_A_B,1.7
318,6.421,LYS, ,NZ,14.6,4.29,2.52,4.80,1.0,<Residue LYS het=  resseq=41 icode= >,1f0v_A_B,1.7
319,0.0,PRO, ,N,12.78,6.98,0.0,5.62,1.0,<Residue PRO het=  resseq=42 icode= >,1f0v_A_B,1.7
320,0.0,PRO, ,CA,10.77,5.52,0.0,4.64,1.0,<Residue PRO het=  resseq=42 icode= >,1f0v_A_B,1.7
321,0.0,PRO, ,C,13.99,5.14,0.0,4.72,1.0,<Residue PRO het=  resseq=42 icode= >,1f0v_A_B,1.7
322,0.856,PRO, ,O,14.31,4.29,0.856,5.61,1.0,<Residue PRO het=  resseq=42 icode= >,1f0v_A_B,1.7
323,22.409,PRO, ,CB,14.57,5.29,4.985,2.93,1.0,<Residue PRO het=  resseq=42 icode= >,1f0v_A_B,1.7
324,35.397,PRO, ,CG,16.02,6.54,0.0,3.34,1.0,<Residue PRO het=  resseq=42 icode= >,1f0v_A_B,1.7
325,12.936,PRO, ,CD,15.69,7.62,0.0,3.65,1.0,<Residue PRO het=  resseq=42 icode= >,1f0v_A_B,1.7
326,0.076,VAL, ,N,11.37,6.12,0.0,5.47,1.0,<Residue VAL het=  resseq=43 icode= >,1f0v_A_B,1.7
327,0.0,VAL, ,CA,10.46,5.39,0.0,4.27,1.0,<Residue VAL het=  resseq=43 icode= >,1f0v_A_B,1.7
328,0.015,VAL, ,C,14.81,4.40,0.015,4.14,1.0,<Residue VAL het=  resseq=43 icode= >,1f0v_A_B,1.7
329,9.104,VAL, ,O,15.11,3.86,7.218,5.50,1.0,<Residue VAL het=  resseq=43 icode= >,1f0v_A_B,1.7
330,10.702,VAL, ,CB,12.68,4.41,4.599,3.64,1.0,<Residue VAL het=  resseq=43 icode= >,1f0v_A_B,1.7
331,35.889,VAL, ,CG1,14.54,3.66,33.116,3.10,1.0,<Residue VAL het=  resseq=43 icode= >,1f0v_A_B,1.7
332,33.884,VAL, ,CG2,13.53,4.12,25.45,2.93,1.0,<Residue VAL het=  resseq=43 icode= >,1f0v_A_B,1.7
333,0.0,ASN, ,N,10.68,4.30,0.0,5.01,1.0,<Residue ASN het=  resseq=44 icode= >,1f0v_A_B,1.7
334,3.197,ASN, ,CA,9.39,3.34,3.197,3.99,1.0,<Residue ASN het=  resseq=44 icode= >,1f0v_A_B,1.7
335,0.0,ASN, ,C,11.44,3.52,0.0,4.82,1.0,<Residue ASN het=  resseq=44 icode= >,1f0v_A_B,1.7
336,0.0,ASN, ,O,15.24,4.70,0.0,5.17,1.0,<Residue ASN het=  resseq=44 icode= >,1f0v_A_B,1.7
337,0.0,ASN, ,CB,10.93,4.24,0.0,3.92,1.0,<Residue ASN het=  resseq=44 icode= >,1f0v_A_B,1.7
338,0.0,ASN, ,CG,11.06,4.00,0.0,5.44,1.0,<Residue ASN het=  resseq=44 icode= >,1f0v_A_B,1.7
339,0.0,ASN, ,OD1,11.08,3.52,0.0,6.31,1.0,<Residue ASN het=  resseq=44 icode= >,1f0v_A_B,1.7
340,0.0,ASN, ,ND2,11.46,4.88,0.0,4.98,1.0,<Residue ASN het=  resseq=44 icode= >,1f0v_A_B,1.7
341,2.584,THR, ,N,10.65,2.82,2.584,5.23,1.0,<Residue THR het=  resseq=45 icode= >,1f0v_A_B,1.7
342,0.0,THR, ,CA,10.76,3.89,0.0,4.43,1.0,<Residue THR het=  resseq=45 icode= >,1f0v_A_B,1.7
343,0.0,THR, ,C,11.69,4.60,0.0,4.87,1.0,<Residue THR het=  resseq=45 icode= >,1f0v_A_B,1.7
344,0.065,THR, ,O,10.15,4.28,0.065,7.53,1.0,<Residue THR het=  resseq=45 icode= >,1f0v_A_B,1.7
345,13.381,THR, ,CB,13.39,3.72,13.381,2.96,1.0,<Residue THR het=  resseq=45 icode= >,1f0v_A_B,1.7
346,16.769,THR, ,OG1,13.55,2.71,15.885,5.84,1.0,<Residue THR het=  resseq=45 icode= >,1f0v_A_B,1.7
347,6.598,THR, ,CG2,12.7,5.05,6.459,3.67,1.0,<Residue THR het=  resseq=45 icode= >,1f0v_A_B,1.7
348,0.0,PHE, ,N,10.12,5.93,0.0,5.67,1.0,<Residue PHE het=  resseq=46 icode= >,1f0v_A_B,1.7
349,0.0,PHE, ,CA,9.13,6.95,0.0,4.57,1.0,<Residue PHE het=  resseq=46 icode= >,1f0v_A_B,1.7
350,0.0,PHE, ,C,10.29,7.79,0.0,5.23,1.0,<Residue PHE het=  resseq=46 icode= >,1f0v_A_B,1.7
351,0.0,PHE, ,O,13.58,8.13,0.0,5.96,1.0,<Residue PHE het=  resseq=46 icode= >,1f0v_A_B,1.7
352,0.0,PHE, ,CB,9.71,8.06,0.0,4.20,1.0,<Residue PHE het=  resseq=46 icode= >,1f0v_A_B,1.7
353,0.0,PHE, ,CG,9.63,7.88,0.0,5.02,1.0,<Residue PHE het=  resseq=46 icode= >,1f0v_A_B,1.7
354,0.0,PHE, ,CD1,13.47,8.14,0.0,4.19,1.0,<Residue PHE het=  resseq=46 icode= >,1f0v_A_B,1.7
355,0.0,PHE, ,CD2,10.65,7.76,0.0,4.63,1.0,<Residue PHE het=  resseq=46 icode= >,1f0v_A_B,1.7
356,0.0,PHE, ,CE1,13.51,8.29,0.0,4.16,1.0,<Residue PHE het=  resseq=46 icode= >,1f0v_A_B,1.7
357,0.0,PHE, ,CE2,10.41,7.90,0.0,4.52,1.0,<Residue PHE het=  resseq=46 icode= >,1f0v_A_B,1.7
358,0.0,PHE, ,CZ,13.06,8.16,0.0,3.88,1.0,<Residue PHE het=  resseq=46 icode= >,1f0v_A_B,1.7
359,0.0,VAL, ,N,12.16,8.39,0.0,5.05,1.0,<Residue VAL het=  resseq=47 icode= >,1f0v_A_B,1.7
360,0.0,VAL, ,CA,11.92,9.41,0.0,3.97,1.0,<Residue VAL het=  resseq=47 icode= >,1f0v_A_B,1.7
361,0.0,VAL, ,C,12.34,10.78,0.0,5.18,1.0,<Residue VAL het=  resseq=47 icode= >,1f0v_A_B,1.7
362,0.0,VAL, ,O,12.95,11.14,0.0,6.83,1.0,<Residue VAL het=  resseq=47 icode= >,1f0v_A_B,1.7
363,0.0,VAL, ,CB,10.0,9.31,0.0,4.09,1.0,<Residue VAL het=  resseq=47 icode= >,1f0v_A_B,1.7
364,0.0,VAL, ,CG1,13.49,10.54,0.0,3.61,1.0,<Residue VAL het=  resseq=47 icode= >,1f0v_A_B,1.7
365,5.674,VAL, ,CG2,10.26,8.00,5.674,3.98,1.0,<Residue VAL het=  resseq=47 icode= >,1f0v_A_B,1.7
366,0.0,HIS, ,N,13.41,11.69,0.0,4.73,1.0,<Residue HIS het=  resseq=48 icode= >,1f0v_A_B,1.7
367,0.0,HIS, ,CA,11.96,13.06,0.0,4.03,1.0,<Residue HIS het=  resseq=48 icode= >,1f0v_A_B,1.7
368,0.984,HIS, ,C,17.99,14.03,0.0,3.81,1.0,<Residue HIS het=  resseq=48 icode= >,1f0v_A_B,1.7
369,7.612,HIS, ,O,18.43,14.97,0.0,4.93,1.0,<Residue HIS het=  resseq=48 icode= >,1f0v_A_B,1.7
370,0.0,HIS, ,CB,15.4,13.68,0.0,3.49,1.0,<Residue HIS het=  resseq=48 icode= >,1f0v_A_B,1.7
371,0.0,HIS, ,CG,14.94,12.99,0.0,4.07,1.0,<Residue HIS het=  resseq=48 icode= >,1f0v_A_B,1.7
372,0.0,HIS, ,ND1,21.49,13.23,0.0,3.84,1.0,<Residue HIS het=  resseq=48 icode= >,1f0v_A_B,1.7
373,0.0,HIS, ,CD2,14.51,12.21,0.0,3.85,1.0,<Residue HIS het=  resseq=48 icode= >,1f0v_A_B,1.7
374,0.0,HIS, ,CE1,21.01,12.63,0.0,3.36,1.0,<Residue HIS het=  resseq=48 icode= >,1f0v_A_B,1.7
375,0.0,HIS, ,NE2,17.84,11.97,0.0,4.36,1.0,<Residue HIS het=  resseq=48 icode= >,1f0v_A_B,1.7
376,0.0,GLU, ,N,17.27,13.90,0.0,4.69,1.0,<Residue GLU het=  resseq=49 icode= >,1f0v_A_B,1.7
377,4.749,GLU, ,CA,15.97,14.92,0.0,3.93,1.0,<Residue GLU het=  resseq=49 icode= >,1f0v_A_B,1.7
378,0.713,GLU, ,C,15.12,15.28,0.0,4.17,1.0,<Residue GLU het=  resseq=49 icode= >,1f0v_A_B,1.7
379,0.0,GLU, ,O,16.5,14.59,0.0,5.18,1.0,<Residue GLU het=  resseq=49 icode= >,1f0v_A_B,1.7
380,0.0,GLU, ,CB,17.23,14.59,0.0,2.78,1.0,<Residue GLU het=  resseq=49 icode= >,1f0v_A_B,1.7
381,0.0,GLU, ,CG,16.43,14.36,0.0,3.30,1.0,<Residue GLU het=  resseq=49 icode= >,1f0v_A_B,1.7
382,5.096,GLU, ,CD,21.56,15.63,0.0,4.57,1.0,<Residue GLU het=  resseq=49 icode= >,1f0v_A_B,1.7
383,25.791,GLU, ,OE1,19.62,16.74,0.0,4.57,1.0,<Residue GLU het=  resseq=49 icode= >,1f0v_A_B,1.7
384,10.262,GLU, ,OE2,19.58,15.47,0.0,4.73,1.0,<Residue GLU het=  resseq=49 icode= >,1f0v_A_B,1.7
385,6.342,SER, ,N,14.48,1000.00,0.0,4.71,1.0,<Residue SER het=  resseq=50 icode= >,1f0v_A_B,1.7
386,2.066,SER, ,CA,15.38,1000.00,0.0,3.92,1.0,<Residue SER het=  resseq=50 icode= >,1f0v_A_B,1.7
387,0.0,SER, ,C,15.17,1000.00,0.0,4.68,1.0,<Residue SER het=  resseq=50 icode= >,1f0v_A_B,1.7
388,0.0,SER, ,O,15.43,1000.00,0.0,5.25,1.0,<Residue SER het=  resseq=50 icode= >,1f0v_A_B,1.7
389,40.264,SER, ,CB,18.11,1000.00,0.0,3.09,1.0,<Residue SER het=  resseq=50 icode= >,1f0v_A_B,1.7
390,3.074,SER, ,OG,17.67,1000.00,0.0,4.72,1.0,<Residue SER het=  resseq=50 icode= >,1f0v_A_B,1.7
391,3.391,LEU, ,N,15.66,1000.00,0.0,4.71,1.0,<Residue LEU het=  resseq=51 icode= >,1f0v_A_B,1.7
392,0.0,LEU, ,CA,13.15,1000.00,0.0,4.53,1.0,<Residue LEU het=  resseq=51 icode= >,1f0v_A_B,1.7
393,0.0,LEU, ,C,15.12,1000.00,0.0,4.78,1.0,<Residue LEU het=  resseq=51 icode= >,1f0v_A_B,1.7
394,0.0,LEU, ,O,16.38,1000.00,0.0,4.89,1.0,<Residue LEU het=  resseq=51 icode= >,1f0v_A_B,1.7
395,18.007,LEU, ,CB,16.48,1000.00,0.0,3.48,1.0,<Residue LEU het=  resseq=51 icode= >,1f0v_A_B,1.7
396,0.881,LEU, ,CG,15.7,1000.00,0.0,3.43,1.0,<Residue LEU het=  resseq=51 icode= >,1f0v_A_B,1.7
397,4.107,LEU, ,CD1,15.25,1000.00,0.05,4.17,1.0,<Residue LEU het=  resseq=51 icode= >,1f0v_A_B,1.7
398,43.404,LEU, ,CD2,19.94,1000.00,0.0,2.79,1.0,<Residue LEU het=  resseq=51 icode= >,1f0v_A_B,1.7
399,3.438,ALA, ,N,15.51,1000.00,0.0,4.34,1.0,<Residue ALA het=  resseq=52 icode= >,1f0v_A_B,1.7
400,5.074,ALA, ,CA,16.73,1000.00,0.0,3.64,1.0,<Residue ALA het=  resseq=52 icode= >,1f0v_A_B,1.7
401,0.641,ALA, ,C,14.42,1000.00,0.0,4.36,1.0,<Residue ALA het=  resseq=52 icode= >,1f0v_A_B,1.7
402,3.99,ALA, ,O,15.97,1000.00,0.0,5.02,1.0,<Residue ALA het=  resseq=52 icode= >,1f0v_A_B,1.7
403,58.112,ALA, ,CB,23.21,1000.00,0.0,2.47,1.0,<Residue ALA het=  resseq=52 icode= >,1f0v_A_B,1.7
404,0.0,ASP, ,N,14.91,1000.00,0.0,5.00,1.0,<Residue ASP het=  resseq=53 icode= >,1f0v_A_B,1.7
405,0.832,ASP, ,CA,15.55,1000.00,0.0,4.00,1.0,<Residue ASP het=  resseq=53 icode= >,1f0v_A_B,1.7
406,0.0,ASP, ,C,14.99,1000.00,0.0,4.81,1.0,<Residue ASP het=  resseq=53 icode= >,1f0v_A_B,1.7
407,0.717,ASP, ,O,14.1,1000.00,0.0,6.30,1.0,<Residue ASP het=  resseq=53 icode= >,1f0v_A_B,1.7
408,3.966,ASP, ,CB,15.44,1000.00,0.0,3.21,1.0,<Residue ASP het=  resseq=53 icode= >,1f0v_A_B,1.7
409,8.397,ASP, ,CG,23.35,1000.00,0.0,3.66,1.0,<Residue ASP het=  resseq=53 icode= >,1f0v_A_B,1.7
410,28.387,ASP, ,OD1,26.64,1000.00,0.0,3.66,1.0,<Residue ASP het=  resseq=53 icode= >,1f0v_A_B,1.7
411,28.807,ASP, ,OD2,29.76,1000.00,0.0,3.20,1.0,<Residue ASP het=  resseq=53 icode= >,1f0v_A_B,1.7
412,0.0,VAL, ,N,12.77,1000.00,0.0,4.51,1.0,<Residue VAL het=  resseq=54 icode= >,1f0v_A_B,1.7
413,0.0,VAL, ,CA,12.51,1000.00,0.0,4.21,1.0,<Residue VAL het=  resseq=54 icode= >,1f0v_A_B,1.7
414,0.0,VAL, ,C,10.66,1000.00,0.0,5.51,1.0,<Residue VAL het=  resseq=54 icode= >,1f0v_A_B,1.7
415,1.044,VAL, ,O,13.2,1000.00,1.044,5.90,1.0,<Residue VAL het=  resseq=54 icode= >,1f0v_A_B,1.7
416,0.0,VAL, ,CB,11.34,1000.00,0.0,3.77,1.0,<Residue VAL het=  resseq=54 icode= >,1f0v_A_B,1.7
417,4.218,VAL, ,CG1,12.23,1000.00,3.99,3.36,1.0,<Residue VAL het=  resseq=54 icode= >,1f0v_A_B,1.7
418,0.0,VAL, ,CG2,14.04,1000.00,0.0,3.16,1.0,<Residue VAL het=  resseq=54 icode= >,1f0v_A_B,1.7
419,0.0,GLN, ,N,13.17,1000.00,0.0,5.18,1.0,<Residue GLN het=  resseq=55 icode= >,1f0v_A_B,1.7
420,3.861,GLN, ,CA,11.95,1000.00,3.861,4.20,1.0,<Residue GLN het=  resseq=55 icode= >,1f0v_A_B,1.7
421,0.872,GLN, ,C,14.07,1000.00,0.0,4.77,1.0,<Residue GLN het=  resseq=55 icode= >,1f0v_A_B,1.7
422,5.935,GLN, ,O,14.85,1000.00,2.451,5.99,1.0,<Residue GLN het=  resseq=55 icode= >,1f0v_A_B,1.7
423,14.061,GLN, ,CB,13.28,1000.00,5.555,3.74,1.0,<Residue GLN het=  resseq=55 icode= >,1f0v_A_B,1.7
424,14.566,GLN, ,CG,13.23,1000.00,13.988,4.53,1.0,<Residue GLN het=  resseq=55 icode= >,1f0v_A_B,1.7
425,5.135,GLN, ,CD,17.06,1000.00,5.011,4.45,1.0,<Residue GLN het=  resseq=55 icode= >,1f0v_A_B,1.7
426,30.222,GLN, ,OE1,23.27,1000.00,0.645,4.68,1.0,<Residue GLN het=  resseq=55 icode= >,1f0v_A_B,1.7
427,33.288,GLN, ,NE2,17.03,1000.00,12.252,4.36,1.0,<Residue GLN het=  resseq=55 icode= >,1f0v_A_B,1.7
428,0.357,ALA, ,N,14.37,1000.00,0.0,5.14,1.0,<Residue ALA het=  resseq=56 icode= >,1f0v_A_B,1.7
429,8.152,ALA, ,CA,19.59,1000.00,0.0,2.89,1.0,<Residue ALA het=  resseq=56 icode= >,1f0v_A_B,1.7
430,0.0,ALA, ,C,19.13,1000.00,0.0,4.32,1.0,<Residue ALA het=  resseq=56 icode= >,1f0v_A_B,1.7
431,0.212,ALA, ,O,16.38,1000.00,0.0,4.88,1.0,<Residue ALA het=  resseq=56 icode= >,1f0v_A_B,1.7
432,33.747,ALA, ,CB,15.13,1000.00,0.0,3.33,1.0,<Residue ALA het=  resseq=56 icode= >,1f0v_A_B,1.7
433,0.0,VAL, ,N,15.17,1000.00,0.0,4.44,1.0,<Residue VAL het=  resseq=57 icode= >,1f0v_A_B,1.7
434,0.0,VAL, ,CA,12.81,1000.00,0.0,3.76,1.0,<Residue VAL het=  resseq=57 icode= >,1f0v_A_B,1.7
435,0.0,VAL, ,C,15.55,1000.00,0.0,4.42,1.0,<Residue VAL het=  resseq=57 icode= >,1f0v_A_B,1.7
436,0.0,VAL, ,O,13.73,1000.00,0.0,5.84,1.0,<Residue VAL het=  resseq=57 icode= >,1f0v_A_B,1.7
437,0.0,VAL, ,CB,12.6,1000.00,0.0,3.73,1.0,<Residue VAL het=  resseq=57 icode= >,1f0v_A_B,1.7
438,0.0,VAL, ,CG1,12.23,1000.00,0.0,4.36,1.0,<Residue VAL het=  resseq=57 icode= >,1f0v_A_B,1.7
439,0.0,VAL, ,CG2,14.28,1000.00,0.0,3.70,1.0,<Residue VAL het=  resseq=57 icode= >,1f0v_A_B,1.7
440,0.0,CYS, ,N,16.57,1000.00,0.0,4.12,1.0,<Residue CYS het=  resseq=58 icode= >,1f0v_A_B,1.7
441,0.0,CYS, ,CA,14.32,1000.00,0.0,4.14,1.0,<Residue CYS het=  resseq=58 icode= >,1f0v_A_B,1.7
442,0.273,CYS, ,C,17.12,1000.00,0.0,4.52,1.0,<Residue CYS het=  resseq=58 icode= >,1f0v_A_B,1.7
443,10.789,CYS, ,O,20.54,1000.00,2.199,4.45,1.0,<Residue CYS het=  resseq=58 icode= >,1f0v_A_B,1.7
444,19.493,CYS, ,CB,16.43,1000.00,17.789,3.05,1.0,<Residue CYS het=  resseq=58 icode= >,1f0v_A_B,1.7
445,23.85,CYS, ,SG,18.88,1000.00,23.85,8.15,1.0,<Residue CYS het=  resseq=58 icode= >,1f0v_A_B,1.7
446,0.0,SER, ,N,17.35,1000.00,0.0,4.38,1.0,<Residue SER het=  resseq=59 icode= >,1f0v_A_B,1.7
447,10.666,SER, ,CA,19.55,1000.00,0.0,3.19,1.0,<Residue SER het=  resseq=59 icode= >,1f0v_A_B,1.7
448,1.607,SER, ,C,19.78,1000.00,0.0,3.57,1.0,<Residue SER het=  resseq=59 icode= >,1f0v_A_B,1.7
449,21.442,SER, ,O,20.83,1000.00,0.0,4.06,1.0,<Residue SER het=  resseq=59 icode= >,1f0v_A_B,1.7
450,31.572,SER,x,CB,19.79,1000.00,0.0,3.40,0.63,<Residue SER het=  resseq=59 icode= >,1f0v_A_B,1.7
451,31.355,SER,x,OG,25.39,1000.00,0.0,2.03,0.63,<Residue SER het=  resseq=59 icode= >,1f0v_A_B,1.7
452,0.0,GLN, ,N,17.34,1000.00,0.0,4.22,1.0,<Residue GLN het=  resseq=60 icode= >,1f0v_A_B,1.7
453,0.0,GLN, ,CA,17.28,1000.00,0.0,3.31,1.0,<Residue GLN het=  resseq=60 icode= >,1f0v_A_B,1.7
454,0.0,GLN, ,C,17.84,1000.00,0.0,3.94,1.0,<Residue GLN het=  resseq=60 icode= >,1f0v_A_B,1.7
455,11.444,GLN, ,O,19.87,1000.00,0.0,5.07,1.0,<Residue GLN het=  resseq=60 icode= >,1f0v_A_B,1.7
456,0.0,GLN, ,CB,15.06,1000.00,0.0,3.09,1.0,<Residue GLN het=  resseq=60 icode= >,1f0v_A_B,1.7
457,3.339,GLN, ,CG,14.26,1000.00,0.0,3.19,1.0,<Residue GLN het=  resseq=60 icode= >,1f0v_A_B,1.7
458,0.33,GLN, ,CD,14.57,1000.00,0.0,4.69,1.0,<Residue GLN het=  resseq=60 icode= >,1f0v_A_B,1.7
459,2.282,GLN, ,OE1,15.29,1000.00,0.0,5.77,1.0,<Residue GLN het=  resseq=60 icode= >,1f0v_A_B,1.7
460,25.774,GLN, ,NE2,16.48,1000.00,0.0,4.01,1.0,<Residue GLN het=  resseq=60 icode= >,1f0v_A_B,1.7
461,0.0,LYS, ,N,17.65,1000.00,0.0,3.97,1.0,<Residue LYS het=  resseq=61 icode= >,1f0v_A_B,1.7
462,3.597,LYS, ,CA,19.34,1000.00,0.0,3.08,1.0,<Residue LYS het=  resseq=61 icode= >,1f0v_A_B,1.7
463,0.0,LYS, ,C,21.82,1000.00,0.0,3.75,1.0,<Residue LYS het=  resseq=61 icode= >,1f0v_A_B,1.7
464,0.0,LYS, ,O,19.48,1000.00,0.0,4.75,1.0,<Residue LYS het=  resseq=61 icode= >,1f0v_A_B,1.7
465,0.927,LYS, ,CB,18.88,1000.00,0.0,2.63,1.0,<Residue LYS het=  resseq=61 icode= >,1f0v_A_B,1.7
466,11.869,LYS, ,CG,23.13,1000.00,0.0,2.90,1.0,<Residue LYS het=  resseq=61 icode= >,1f0v_A_B,1.7
467,14.386,LYS, ,CD,29.46,1000.00,0.0,3.05,1.0,<Residue LYS het=  resseq=61 icode= >,1f0v_A_B,1.7
468,32.562,LYS, ,CE,34.29,1000.00,0.0,1.75,1.0,<Residue LYS het=  resseq=61 icode= >,1f0v_A_B,1.7
469,41.709,LYS, ,NZ,32.4,1000.00,0.0,1.86,1.0,<Residue LYS het=  resseq=61 icode= >,1f0v_A_B,1.7
470,3.622,ASN, ,N,19.79,1000.00,0.0,3.49,1.0,<Residue ASN het=  resseq=62 icode= >,1f0v_A_B,1.7
471,0.0,ASN, ,CA,21.66,1000.00,0.0,3.28,1.0,<Residue ASN het=  resseq=62 icode= >,1f0v_A_B,1.7
472,0.344,ASN, ,C,23.02,1000.00,0.0,3.70,1.0,<Residue ASN het=  resseq=62 icode= >,1f0v_A_B,1.7
473,18.457,ASN, ,O,24.88,1000.00,0.0,4.38,1.0,<Residue ASN het=  resseq=62 icode= >,1f0v_A_B,1.7
474,21.364,ASN, ,CB,23.01,1000.00,0.0,2.80,1.0,<Residue ASN het=  resseq=62 icode= >,1f0v_A_B,1.7
475,1.752,ASN, ,CG,31.94,1000.00,0.0,2.56,1.0,<Residue ASN het=  resseq=62 icode= >,1f0v_A_B,1.7
476,37.314,ASN, ,OD1,33.75,1000.00,0.0,2.30,1.0,<Residue ASN het=  resseq=62 icode= >,1f0v_A_B,1.7
477,0.299,ASN, ,ND2,23.83,1000.00,0.0,3.39,1.0,<Residue ASN het=  resseq=62 icode= >,1f0v_A_B,1.7
478,0.0,VAL, ,N,20.85,15.09,0.0,3.37,1.0,<Residue VAL het=  resseq=63 icode= >,1f0v_A_B,1.7
479,8.034,VAL, ,CA,22.45,14.39,0.0,3.36,1.0,<Residue VAL het=  resseq=63 icode= >,1f0v_A_B,1.7
480,3.044,VAL, ,C,24.73,13.86,0.0,3.75,1.0,<Residue VAL het=  resseq=63 icode= >,1f0v_A_B,1.7
481,0.0,VAL, ,O,23.97,13.88,0.0,3.87,1.0,<Residue VAL het=  resseq=63 icode= >,1f0v_A_B,1.7
482,10.303,VAL, ,CB,26.79,13.30,0.0,2.81,1.0,<Residue VAL het=  resseq=63 icode= >,1f0v_A_B,1.7
483,9.082,VAL, ,CG1,24.24,13.99,0.0,2.84,1.0,<Residue VAL het=  resseq=63 icode= >,1f0v_A_B,1.7
484,1.391,VAL, ,CG2,24.78,12.20,0.0,1.83,1.0,<Residue VAL het=  resseq=63 icode= >,1f0v_A_B,1.7
485,8.656,ALA, ,N,26.23,13.46,0.0,3.57,1.0,<Residue ALA het=  resseq=64 icode= >,1f0v_A_B,1.7
486,1.612,ALA, ,CA,28.67,12.99,0.0,2.78,1.0,<Residue ALA het=  resseq=64 icode= >,1f0v_A_B,1.7
487,0.0,ALA, ,C,26.55,11.61,0.0,3.87,1.0,<Residue ALA het=  resseq=64 icode= >,1f0v_A_B,1.7
488,15.082,ALA, ,O,28.76,10.74,0.683,3.10,1.0,<Residue ALA het=  resseq=64 icode= >,1f0v_A_B,1.7
489,51.672,ALA, ,CB,34.36,13.12,0.0,1.09,1.0,<Residue ALA het=  resseq=64 icode= >,1f0v_A_B,1.7
490,0.0,CYS, ,N,24.19,11.56,0.0,3.45,1.0,<Residue CYS het=  resseq=65 icode= >,1f0v_A_B,1.7
491,1.014,CYS, ,CA,20.75,10.41,1.014,3.48,1.0,<Residue CYS het=  resseq=65 icode= >,1f0v_A_B,1.7
492,1.289,CYS, ,C,26.07,9.64,0.0,3.21,1.0,<Residue CYS het=  resseq=65 icode= >,1f0v_A_B,1.7
493,5.806,CYS, ,O,25.34,10.30,0.0,3.64,1.0,<Residue CYS het=  resseq=65 icode= >,1f0v_A_B,1.7
494,0.0,CYS, ,CB,20.78,10.79,0.0,2.78,1.0,<Residue CYS het=  resseq=65 icode= >,1f0v_A_B,1.7
495,0.0,CYS, ,SG,23.31,11.31,0.0,7.39,1.0,<Residue CYS het=  resseq=65 icode= >,1f0v_A_B,1.7
496,5.845,LYS, ,N,22.99,8.40,4.689,3.36,1.0,<Residue LYS het=  resseq=66 icode= >,1f0v_A_B,1.7
497,16.238,LYS, ,CA,31.23,7.62,0.233,2.41,1.0,<Residue LYS het=  resseq=66 icode= >,1f0v_A_B,1.7
498,0.62,LYS, ,C,35.89,8.61,0.0,2.19,1.0,<Residue LYS het=  resseq=66 icode= >,1f0v_A_B,1.7
499,30.659,LYS, ,O,34.25,8.80,0.0,2.27,1.0,<Residue LYS het=  resseq=66 icode= >,1f0v_A_B,1.7
500,38.515,LYS, ,CB,33.7,6.53,9.85,1.83,1.0,<Residue LYS het=  resseq=66 icode= >,1f0v_A_B,1.7
501,26.285,LYS, ,CG,38.6,7.37,4.963,0.79,1.0,<Residue LYS het=  resseq=66 icode= >,1f0v_A_B,1.7
502,3.523,LYS, ,CD,29.72,8.02,3.523,1.71,1.0,<Residue LYS het=  resseq=66 icode= >,1f0v_A_B,1.7
503,28.531,LYS, ,CE,34.85,7.47,7.15,1.30,1.0,<Residue LYS het=  resseq=66 icode= >,1f0v_A_B,1.7
504,10.45,LYS, ,NZ,27.11,8.32,0.078,2.47,1.0,<Residue LYS het=  resseq=66 icode= >,1f0v_A_B,1.7
505,0.0,ASN, ,N,33.59,9.47,0.0,2.33,1.0,<Residue ASN het=  resseq=67 icode= >,1f0v_A_B,1.7
506,9.191,ASN, ,CA,31.56,10.55,0.0,2.47,1.0,<Residue ASN het=  resseq=67 icode= >,1f0v_A_B,1.7
507,4.292,ASN, ,C,32.43,11.80,0.0,3.09,1.0,<Residue ASN het=  resseq=67 icode= >,1f0v_A_B,1.7
508,24.219,ASN, ,O,35.82,12.85,0.0,2.50,1.0,<Residue ASN het=  resseq=67 icode= >,1f0v_A_B,1.7
509,26.312,ASN, ,CB,31.39,10.29,0.0,1.82,1.0,<Residue ASN het=  resseq=67 icode= >,1f0v_A_B,1.7
510,0.355,ASN, ,CG,24.02,10.40,0.0,3.85,1.0,<Residue ASN het=  resseq=67 icode= >,1f0v_A_B,1.7
511,0.0,ASN, ,OD1,27.97,11.00,0.0,4.08,1.0,<Residue ASN het=  resseq=67 icode= >,1f0v_A_B,1.7
512,23.357,ASN, ,ND2,29.35,10.06,0.0,2.44,1.0,<Residue ASN het=  resseq=67 icode= >,1f0v_A_B,1.7
513,0.782,GLY, ,N,28.48,11.83,0.0,3.27,1.0,<Residue GLY het=  resseq=68 icode= >,1f0v_A_B,1.7
514,30.572,GLY, ,CA,30.66,13.13,0.0,2.28,1.0,<Residue GLY het=  resseq=68 icode= >,1f0v_A_B,1.7
515,3.515,GLY, ,C,31.5,14.07,0.0,3.28,1.0,<Residue GLY het=  resseq=68 icode= >,1f0v_A_B,1.7
516,20.799,GLY, ,O,34.04,15.14,0.0,2.46,1.0,<Residue GLY het=  resseq=68 icode= >,1f0v_A_B,1.7
517,0.0,GLN, ,N,27.61,13.68,0.0,3.46,1.0,<Residue GLN het=  resseq=69 icode= >,1f0v_A_B,1.7
518,5.496,GLN, ,CA,27.46,14.24,0.0,2.67,1.0,<Residue GLN het=  resseq=69 icode= >,1f0v_A_B,1.7
519,0.0,GLN, ,C,23.54,14.67,0.0,3.67,1.0,<Residue GLN het=  resseq=69 icode= >,1f0v_A_B,1.7
520,0.0,GLN, ,O,26.65,14.18,0.0,3.08,1.0,<Residue GLN het=  resseq=69 icode= >,1f0v_A_B,1.7
521,2.362,GLN, ,CB,27.15,13.38,0.0,2.50,1.0,<Residue GLN het=  resseq=69 icode= >,1f0v_A_B,1.7
522,17.222,GLN, ,CG,32.05,13.50,0.0,2.16,1.0,<Residue GLN het=  resseq=69 icode= >,1f0v_A_B,1.7
523,3.553,GLN, ,CD,41.19,13.08,0.0,2.06,1.0,<Residue GLN het=  resseq=69 icode= >,1f0v_A_B,1.7
524,16.838,GLN, ,OE1,41.37,11.91,0.0,1.88,1.0,<Residue GLN het=  resseq=69 icode= >,1f0v_A_B,1.7
525,57.899,GLN, ,NE2,44.48,14.12,0.0,1.17,1.0,<Residue GLN het=  resseq=69 icode= >,1f0v_A_B,1.7
526,4.167,THR, ,N,22.83,1000.00,0.0,3.78,1.0,<Residue THR het=  resseq=70 icode= >,1f0v_A_B,1.7
527,0.875,THR, ,CA,22.52,1000.00,0.0,2.73,1.0,<Residue THR het=  resseq=70 icode= >,1f0v_A_B,1.7
528,0.265,THR, ,C,23.83,1000.00,0.0,3.60,1.0,<Residue THR het=  resseq=70 icode= >,1f0v_A_B,1.7
529,5.223,THR, ,O,25.09,1000.00,0.0,3.86,1.0,<Residue THR het=  resseq=70 icode= >,1f0v_A_B,1.7
530,14.745,THR, ,CB,29.95,1000.00,0.0,1.81,1.0,<Residue THR het=  resseq=70 icode= >,1f0v_A_B,1.7
531,31.483,THR, ,OG1,31.03,1000.00,0.0,2.52,1.0,<Residue THR het=  resseq=70 icode= >,1f0v_A_B,1.7
532,52.996,THR, ,CG2,29.09,1000.00,0.0,1.52,1.0,<Residue THR het=  resseq=70 icode= >,1f0v_A_B,1.7
533,0.215,ASN, ,N,20.51,1000.00,0.0,3.84,1.0,<Residue ASN het=  resseq=71 icode= >,1f0v_A_B,1.7
534,2.114,ASN, ,CA,19.13,1000.00,0.0,3.41,1.0,<Residue ASN het=  resseq=71 icode= >,1f0v_A_B,1.7
535,0.0,ASN, ,C,19.54,1000.00,0.0,3.72,1.0,<Residue ASN het=  resseq=71 icode= >,1f0v_A_B,1.7
536,0.0,ASN, ,O,17.79,1000.00,0.0,4.93,1.0,<Residue ASN het=  resseq=71 icode= >,1f0v_A_B,1.7
537,24.984,ASN, ,CB,19.15,1000.00,0.0,3.14,1.0,<Residue ASN het=  resseq=71 icode= >,1f0v_A_B,1.7
538,5.388,ASN, ,CG,18.78,1000.00,0.0,4.02,1.0,<Residue ASN het=  resseq=71 icode= >,1f0v_A_B,1.7
539,1.032,ASN, ,OD1,23.68,1000.00,0.0,3.83,1.0,<Residue ASN het=  resseq=71 icode= >,1f0v_A_B,1.7
540,11.453,ASN, ,ND2,19.72,1000.00,0.113,4.19,1.0,<Residue ASN het=  resseq=71 icode= >,1f0v_A_B,1.7
541,0.0,CYS, ,N,19.34,13.67,0.0,3.73,1.0,<Residue CYS het=  resseq=72 icode= >,1f0v_A_B,1.7
542,0.0,CYS, ,CA,16.76,12.86,0.0,2.94,1.0,<Residue CYS het=  resseq=72 icode= >,1f0v_A_B,1.7
543,0.0,CYS, ,C,17.37,13.64,0.0,3.84,1.0,<Residue CYS het=  resseq=72 icode= >,1f0v_A_B,1.7
544,0.0,CYS, ,O,17.66,14.51,0.0,5.21,1.0,<Residue CYS het=  resseq=72 icode= >,1f0v_A_B,1.7
545,0.0,CYS, ,CB,17.11,11.74,0.0,2.96,1.0,<Residue CYS het=  resseq=72 icode= >,1f0v_A_B,1.7
546,5.592,CYS, ,SG,22.17,10.45,5.592,8.25,1.0,<Residue CYS het=  resseq=72 icode= >,1f0v_A_B,1.7
547,0.0,TYR, ,N,13.74,13.34,0.0,5.12,1.0,<Residue TYR het=  resseq=73 icode= >,1f0v_A_B,1.7
548,0.0,TYR, ,CA,15.43,14.02,0.0,4.33,1.0,<Residue TYR het=  resseq=73 icode= >,1f0v_A_B,1.7
549,0.0,TYR, ,C,17.5,13.13,0.0,4.67,1.0,<Residue TYR het=  resseq=73 icode= >,1f0v_A_B,1.7
550,0.0,TYR, ,O,15.09,12.22,0.0,5.99,1.0,<Residue TYR het=  resseq=73 icode= >,1f0v_A_B,1.7
551,0.0,TYR, ,CB,14.42,15.02,0.0,3.25,1.0,<Residue TYR het=  resseq=73 icode= >,1f0v_A_B,1.7
552,0.0,TYR, ,CG,15.79,16.06,0.0,3.32,1.0,<Residue TYR het=  resseq=73 icode= >,1f0v_A_B,1.7
553,0.0,TYR, ,CD1,18.7,15.73,0.0,3.17,1.0,<Residue TYR het=  resseq=73 icode= >,1f0v_A_B,1.7
554,0.0,TYR, ,CD2,21.5,17.34,0.0,2.97,1.0,<Residue TYR het=  resseq=73 icode= >,1f0v_A_B,1.7
555,5.091,TYR, ,CE1,24.75,16.71,0.504,2.63,1.0,<Residue TYR het=  resseq=73 icode= >,1f0v_A_B,1.7
556,8.727,TYR, ,CE2,21.67,18.39,0.0,2.61,1.0,<Residue TYR het=  resseq=73 icode= >,1f0v_A_B,1.7
557,2.084,TYR, ,CZ,23.4,18.01,0.0,2.76,1.0,<Residue TYR het=  resseq=73 icode= >,1f0v_A_B,1.7
558,33.16,TYR, ,OH,27.97,18.89,0.0,3.10,1.0,<Residue TYR het=  resseq=73 icode= >,1f0v_A_B,1.7
559,0.0,GLN, ,N,15.77,13.56,0.0,4.55,1.0,<Residue GLN het=  resseq=74 icode= >,1f0v_A_B,1.7
560,0.0,GLN, ,CA,16.56,13.00,0.0,3.20,1.0,<Residue GLN het=  resseq=74 icode= >,1f0v_A_B,1.7
561,0.0,GLN, ,C,14.63,14.08,0.0,4.31,1.0,<Residue GLN het=  resseq=74 icode= >,1f0v_A_B,1.7
562,0.0,GLN, ,O,17.08,15.27,0.0,5.57,1.0,<Residue GLN het=  resseq=74 icode= >,1f0v_A_B,1.7
563,0.0,GLN, ,CB,18.47,12.80,0.0,2.71,1.0,<Residue GLN het=  resseq=74 icode= >,1f0v_A_B,1.7
564,0.101,GLN, ,CG,21.41,12.40,0.0,2.40,1.0,<Residue GLN het=  resseq=74 icode= >,1f0v_A_B,1.7
565,2.737,GLN, ,CD,25.22,12.37,1.611,2.90,1.0,<Residue GLN het=  resseq=74 icode= >,1f0v_A_B,1.7
566,13.128,GLN, ,OE1,23.64,11.78,0.0,3.72,1.0,<Residue GLN het=  resseq=74 icode= >,1f0v_A_B,1.7
567,29.981,GLN, ,NE2,24.92,13.23,0.878,3.24,1.0,<Residue GLN het=  resseq=74 icode= >,1f0v_A_B,1.7
568,0.0,SER, ,N,12.83,13.71,0.0,4.67,1.0,<Residue SER het=  resseq=75 icode= >,1f0v_A_B,1.7
569,0.0,SER, ,CA,12.73,14.63,0.0,4.21,1.0,<Residue SER het=  resseq=75 icode= >,1f0v_A_B,1.7
570,0.0,SER, ,C,16.44,15.62,0.0,4.13,1.0,<Residue SER het=  resseq=75 icode= >,1f0v_A_B,1.7
571,2.097,SER, ,O,17.04,15.15,0.0,5.47,1.0,<Residue SER het=  resseq=75 icode= >,1f0v_A_B,1.7
572,0.885,SER, ,CB,16.24,14.04,0.0,3.65,1.0,<Residue SER het=  resseq=75 icode= >,1f0v_A_B,1.7
573,0.0,SER, ,OG,15.34,13.23,0.0,5.14,1.0,<Residue SER het=  resseq=75 icode= >,1f0v_A_B,1.7
574,0.0,TYR, ,N,15.15,16.87,0.0,4.77,1.0,<Residue TYR het=  resseq=76 icode= >,1f0v_A_B,1.7
575,4.873,TYR, ,CA,15.68,17.89,0.0,3.86,1.0,<Residue TYR het=  resseq=76 icode= >,1f0v_A_B,1.7
576,1.079,TYR, ,C,18.59,17.80,0.0,4.30,1.0,<Residue TYR het=  resseq=76 icode= >,1f0v_A_B,1.7
577,18.855,TYR, ,O,16.54,17.91,0.0,5.57,1.0,<Residue TYR het=  resseq=76 icode= >,1f0v_A_B,1.7
578,20.964,TYR, ,CB,13.96,19.29,0.0,3.29,1.0,<Residue TYR het=  resseq=76 icode= >,1f0v_A_B,1.7
579,1.85,TYR, ,CG,16.76,19.75,0.0,3.77,1.0,<Residue TYR het=  resseq=76 icode= >,1f0v_A_B,1.7
580,14.39,TYR, ,CD1,21.08,19.49,0.0,3.04,1.0,<Residue TYR het=  resseq=76 icode= >,1f0v_A_B,1.7
581,16.046,TYR, ,CD2,19.43,20.49,0.0,3.21,1.0,<Residue TYR het=  resseq=76 icode= >,1f0v_A_B,1.7
582,17.027,TYR, ,CE1,20.93,20.09,0.0,3.66,1.0,<Residue TYR het=  resseq=76 icode= >,1f0v_A_B,1.7
583,19.4,TYR, ,CE2,19.97,21.17,0.0,3.92,1.0,<Residue TYR het=  resseq=76 icode= >,1f0v_A_B,1.7
584,5.28,TYR, ,CZ,21.01,20.90,0.0,3.55,1.0,<Residue TYR het=  resseq=76 icode= >,1f0v_A_B,1.7
585,28.204,TYR, ,OH,24.47,21.53,0.0,3.47,1.0,<Residue TYR het=  resseq=76 icode= >,1f0v_A_B,1.7
586,1.786,SER, ,N,16.69,17.46,0.0,4.91,1.0,<Residue SER het=  resseq=77 icode= >,1f0v_A_B,1.7
587,6.408,SER, ,CA,14.83,17.48,0.0,3.97,1.0,<Residue SER het=  resseq=77 icode= >,1f0v_A_B,1.7
588,0.0,SER, ,C,14.64,16.09,0.0,5.04,1.0,<Residue SER het=  resseq=77 icode= >,1f0v_A_B,1.7
589,0.02,SER, ,O,17.79,15.12,0.0,4.61,1.0,<Residue SER het=  resseq=77 icode= >,1f0v_A_B,1.7
590,32.674,SER, ,CB,19.4,18.23,0.0,3.22,1.0,<Residue SER het=  resseq=77 icode= >,1f0v_A_B,1.7
591,36.048,SER, ,OG,24.01,19.53,0.0,3.29,1.0,<Residue SER het=  resseq=77 icode= >,1f0v_A_B,1.7
592,2.86,THR, ,N,17.44,16.09,0.0,4.12,1.0,<Residue THR het=  resseq=78 icode= >,1f0v_A_B,1.7
593,0.0,THR, ,CA,14.22,14.92,0.0,4.18,1.0,<Residue THR het=  resseq=78 icode= >,1f0v_A_B,1.7
594,0.182,THR, ,C,16.53,14.82,0.0,3.77,1.0,<Residue THR het=  resseq=78 icode= >,1f0v_A_B,1.7
595,13.97,THR, ,O,17.42,15.82,0.0,5.17,1.0,<Residue THR het=  resseq=78 icode= >,1f0v_A_B,1.7
596,0.0,THR, ,CB,17.82,15.20,0.0,3.33,1.0,<Residue THR het=  resseq=78 icode= >,1f0v_A_B,1.7
597,23.571,THR, ,OG1,19.26,16.39,0.0,4.13,1.0,<Residue THR het=  resseq=78 icode= >,1f0v_A_B,1.7
598,28.707,THR, ,CG2,16.76,15.20,0.0,3.60,1.0,<Residue THR het=  resseq=78 icode= >,1f0v_A_B,1.7
599,0.0,MET, ,N,14.49,13.66,0.0,4.16,1.0,<Residue MET het=  resseq=79 icode= >,1f0v_A_B,1.7
600,1.218,MET, ,CA,14.94,13.55,0.0,3.29,1.0,<Residue MET het=  resseq=79 icode= >,1f0v_A_B,1.7
601,0.0,MET, ,C,13.44,12.95,0.0,4.51,1.0,<Residue MET het=  resseq=79 icode= >,1f0v_A_B,1.7
602,0.0,MET, ,O,14.28,12.20,0.0,6.71,1.0,<Residue MET het=  resseq=79 icode= >,1f0v_A_B,1.7
603,0.0,MET, ,CB,15.96,12.77,0.0,3.29,1.0,<Residue MET het=  resseq=79 icode= >,1f0v_A_B,1.7
604,2.709,MET, ,CG,15.38,13.59,0.0,3.04,1.0,<Residue MET het=  resseq=79 icode= >,1f0v_A_B,1.7
605,0.0,MET, ,SD,16.56,12.95,0.0,10.92,1.0,<Residue MET het=  resseq=79 icode= >,1f0v_A_B,1.7
606,11.742,MET, ,CE,19.36,14.36,0.0,2.17,1.0,<Residue MET het=  resseq=79 icode= >,1f0v_A_B,1.7
607,0.644,SER, ,N,13.93,13.49,0.0,4.89,1.0,<Residue SER het=  resseq=80 icode= >,1f0v_A_B,1.7
608,0.0,SER, ,CA,14.54,13.24,0.0,3.64,1.0,<Residue SER het=  resseq=80 icode= >,1f0v_A_B,1.7
609,0.0,SER, ,C,12.53,11.91,0.0,4.33,1.0,<Residue SER het=  resseq=80 icode= >,1f0v_A_B,1.7
610,0.0,SER, ,O,13.47,11.80,0.0,5.75,1.0,<Residue SER het=  resseq=80 icode= >,1f0v_A_B,1.7
611,12.028,SER, ,CB,16.23,14.38,0.0,3.62,1.0,<Residue SER het=  resseq=80 icode= >,1f0v_A_B,1.7
612,0.456,SER, ,OG,17.81,14.23,0.0,4.80,1.0,<Residue SER het=  resseq=80 icode= >,1f0v_A_B,1.7
613,0.0,ILE, ,N,13.4,11.04,0.0,4.28,1.0,<Residue ILE het=  resseq=81 icode= >,1f0v_A_B,1.7
614,0.0,ILE, ,CA,12.8,9.77,0.0,4.33,1.0,<Residue ILE het=  resseq=81 icode= >,1f0v_A_B,1.7
615,0.0,ILE, ,C,12.97,9.65,0.0,4.86,1.0,<Residue ILE het=  resseq=81 icode= >,1f0v_A_B,1.7
616,0.0,ILE, ,O,16.69,10.42,0.0,5.37,1.0,<Residue ILE het=  resseq=81 icode= >,1f0v_A_B,1.7
617,0.0,ILE, ,CB,13.63,8.58,0.0,3.08,1.0,<Residue ILE het=  resseq=81 icode= >,1f0v_A_B,1.7
618,0.0,ILE, ,CG1,13.32,8.60,0.0,4.01,1.0,<Residue ILE het=  resseq=81 icode= >,1f0v_A_B,1.7
619,0.0,ILE, ,CG2,15.08,9.05,0.0,3.56,1.0,<Residue ILE het=  resseq=81 icode= >,1f0v_A_B,1.7
620,9.49,ILE, ,CD1,17.83,7.65,7.992,3.35,1.0,<Residue ILE het=  resseq=81 icode= >,1f0v_A_B,1.7
621,0.0,THR, ,N,13.0,8.92,0.0,4.80,1.0,<Residue THR het=  resseq=82 icode= >,1f0v_A_B,1.7
622,0.0,THR, ,CA,11.31,8.99,0.0,4.38,1.0,<Residue THR het=  resseq=82 icode= >,1f0v_A_B,1.7
623,0.0,THR, ,C,16.67,7.62,0.0,4.15,1.0,<Residue THR het=  resseq=82 icode= >,1f0v_A_B,1.7
624,0.0,THR, ,O,14.81,6.93,0.0,6.05,1.0,<Residue THR het=  resseq=82 icode= >,1f0v_A_B,1.7
625,0.0,THR, ,CB,14.43,9.89,0.0,3.50,1.0,<Residue THR het=  resseq=82 icode= >,1f0v_A_B,1.7
626,0.0,THR, ,OG1,15.52,11.18,0.0,4.97,1.0,<Residue THR het=  resseq=82 icode= >,1f0v_A_B,1.7
627,0.0,THR, ,CG2,14.51,10.22,0.0,3.06,1.0,<Residue THR het=  resseq=82 icode= >,1f0v_A_B,1.7
628,0.0,ASP, ,N,10.36,7.43,0.0,5.28,1.0,<Residue ASP het=  resseq=83 icode= >,1f0v_A_B,1.7
629,0.252,ASP, ,CA,14.15,6.41,0.0,3.66,1.0,<Residue ASP het=  resseq=83 icode= >,1f0v_A_B,1.7
630,0.0,ASP, ,C,13.69,7.10,0.0,4.93,1.0,<Residue ASP het=  resseq=83 icode= >,1f0v_A_B,1.7
631,0.123,ASP, ,O,14.28,8.16,0.0,5.36,1.0,<Residue ASP het=  resseq=83 icode= >,1f0v_A_B,1.7
632,4.755,ASP, ,CB,19.53,5.85,0.539,2.99,1.0,<Residue ASP het=  resseq=83 icode= >,1f0v_A_B,1.7
633,8.24,ASP, ,CG,32.55,5.46,3.392,2.84,1.0,<Residue ASP het=  resseq=83 icode= >,1f0v_A_B,1.7
634,12.019,ASP, ,OD1,34.16,5.04,3.043,2.09,1.0,<Residue ASP het=  resseq=83 icode= >,1f0v_A_B,1.7
635,12.425,ASP, ,OD2,38.77,5.45,0.0,1.89,1.0,<Residue ASP het=  resseq=83 icode= >,1f0v_A_B,1.7
636,0.0,CYS, ,N,11.45,6.63,0.0,5.40,1.0,<Residue CYS het=  resseq=84 icode= >,1f0v_A_B,1.7
637,0.0,CYS, ,CA,11.02,7.63,0.0,4.24,1.0,<Residue CYS het=  resseq=84 icode= >,1f0v_A_B,1.7
638,0.0,CYS, ,C,14.86,7.05,0.0,3.82,1.0,<Residue CYS het=  resseq=84 icode= >,1f0v_A_B,1.7
639,0.0,CYS, ,O,15.88,6.41,0.0,5.84,1.0,<Residue CYS het=  resseq=84 icode= >,1f0v_A_B,1.7
640,0.0,CYS, ,CB,13.04,7.77,0.0,3.14,1.0,<Residue CYS het=  resseq=84 icode= >,1f0v_A_B,1.7
641,0.0,CYS, ,SG,16.59,8.42,0.0,10.11,1.0,<Residue CYS het=  resseq=84 icode= >,1f0v_A_B,1.7
642,0.0,ARG, ,N,12.75,6.17,0.0,5.43,1.0,<Residue ARG het=  resseq=85 icode= >,1f0v_A_B,1.7
643,0.0,ARG, ,CA,13.55,4.71,0.0,3.68,1.0,<Residue ARG het=  resseq=85 icode= >,1f0v_A_B,1.7
644,0.0,ARG, ,C,12.34,4.28,0.0,4.59,1.0,<Residue ARG het=  resseq=85 icode= >,1f0v_A_B,1.7
645,0.0,ARG, ,O,13.4,4.99,0.0,5.59,1.0,<Residue ARG het=  resseq=85 icode= >,1f0v_A_B,1.7
646,3.44,ARG, ,CB,13.58,3.89,3.414,3.73,1.0,<Residue ARG het=  resseq=85 icode= >,1f0v_A_B,1.7
647,2.213,ARG, ,CG,22.53,4.34,0.673,3.00,1.0,<Residue ARG het=  resseq=85 icode= >,1f0v_A_B,1.7
648,31.057,ARG, ,CD,29.79,3.37,30.846,2.09,1.0,<Residue ARG het=  resseq=85 icode= >,1f0v_A_B,1.7
649,11.158,ARG, ,NE,40.89,3.25,5.522,1.34,1.0,<Residue ARG het=  resseq=85 icode= >,1f0v_A_B,1.7
650,4.232,ARG, ,CZ,46.46,3.30,4.232,0.80,1.0,<Residue ARG het=  resseq=85 icode= >,1f0v_A_B,1.7
651,28.4,ARG, ,NH1,43.29,3.44,14.932,1.66,1.0,<Residue ARG het=  resseq=85 icode= >,1f0v_A_B,1.7
652,27.558,ARG, ,NH2,42.36,3.58,6.145,1.17,1.0,<Residue ARG het=  resseq=85 icode= >,1f0v_A_B,1.7
653,1.358,GLU, ,N,11.44,3.59,1.358,5.03,1.0,<Residue GLU het=  resseq=86 icode= >,1f0v_A_B,1.7
654,0.0,GLU, ,CA,11.11,3.88,0.0,4.23,1.0,<Residue GLU het=  resseq=86 icode= >,1f0v_A_B,1.7
655,0.0,GLU, ,C,10.61,3.71,0.0,5.43,1.0,<Residue GLU het=  resseq=86 icode= >,1f0v_A_B,1.7
656,17.327,GLU, ,O,14.68,2.90,12.944,6.20,1.0,<Residue GLU het=  resseq=86 icode= >,1f0v_A_B,1.7
657,8.568,GLU, ,CB,15.14,3.67,6.799,3.40,1.0,<Residue GLU het=  resseq=86 icode= >,1f0v_A_B,1.7
658,0.0,GLU, ,CG,19.63,4.99,0.0,2.57,1.0,<Residue GLU het=  resseq=86 icode= >,1f0v_A_B,1.7
659,4.267,GLU, ,CD,15.89,5.40,0.0,4.62,1.0,<Residue GLU het=  resseq=86 icode= >,1f0v_A_B,1.7
660,19.33,GLU, ,OE1,19.79,4.83,0.823,4.63,1.0,<Residue GLU het=  resseq=86 icode= >,1f0v_A_B,1.7
661,7.259,GLU, ,OE2,17.26,6.53,0.0,4.92,1.0,<Residue GLU het=  resseq=86 icode= >,1f0v_A_B,1.7
662,0.0,THR, ,N,11.27,4.91,0.0,5.04,1.0,<Residue THR het=  resseq=87 icode= >,1f0v_A_B,1.7
663,6.789,THR, ,CA,12.44,5.41,0.0,4.26,1.0,<Residue THR het=  resseq=87 icode= >,1f0v_A_B,1.7
664,2.06,THR, ,C,13.31,5.50,0.032,5.11,1.0,<Residue THR het=  resseq=87 icode= >,1f0v_A_B,1.7
665,5.202,THR, ,O,13.79,5.44,0.0,5.20,1.0,<Residue THR het=  resseq=87 icode= >,1f0v_A_B,1.7
666,11.941,THR, ,CB,12.05,6.92,0.0,4.62,1.0,<Residue THR het=  resseq=87 icode= >,1f0v_A_B,1.7
667,0.203,THR, ,OG1,16.28,7.63,0.0,5.24,1.0,<Residue THR het=  resseq=87 icode= >,1f0v_A_B,1.7
668,23.772,THR, ,CG2,20.81,7.38,0.0,2.86,1.0,<Residue THR het=  resseq=87 icode= >,1f0v_A_B,1.7
669,13.823,GLY, ,N,14.86,6.19,0.0,5.17,1.0,<Residue GLY het=  resseq=88 icode= >,1f0v_A_B,1.7
670,42.129,GLY, ,CA,16.88,6.79,0.0,3.79,1.0,<Residue GLY het=  resseq=88 icode= >,1f0v_A_B,1.7
671,4.969,GLY, ,C,16.31,7.92,0.0,4.60,1.0,<Residue GLY het=  resseq=88 icode= >,1f0v_A_B,1.7
672,29.76,GLY, ,O,19.52,8.47,0.0,5.18,1.0,<Residue GLY het=  resseq=88 icode= >,1f0v_A_B,1.7
673,2.682,SER, ,N,15.63,8.49,0.0,4.69,1.0,<Residue SER het=  resseq=89 icode= >,1f0v_A_B,1.7
674,7.118,SER, ,CA,15.74,9.72,0.0,3.89,1.0,<Residue SER het=  resseq=89 icode= >,1f0v_A_B,1.7
675,1.045,SER, ,C,16.05,9.65,0.0,4.58,1.0,<Residue SER het=  resseq=89 icode= >,1f0v_A_B,1.7
676,14.447,SER, ,O,21.21,10.73,0.0,4.23,1.0,<Residue SER het=  resseq=89 icode= >,1f0v_A_B,1.7
677,48.039,SER,x,CB,21.83,10.84,0.0,3.26,0.5,<Residue SER het=  resseq=89 icode= >,1f0v_A_B,1.7
678,20.587,SER,x,OG,23.02,10.51,0.0,1.85,0.5,<Residue SER het=  resseq=89 icode= >,1f0v_A_B,1.7
679,0.0,SER, ,N,16.46,8.51,0.0,4.57,1.0,<Residue SER het=  resseq=90 icode= >,1f0v_A_B,1.7
680,0.0,SER, ,CA,16.35,8.63,0.0,3.77,1.0,<Residue SER het=  resseq=90 icode= >,1f0v_A_B,1.7
681,0.0,SER, ,C,20.06,9.32,0.0,3.02,1.0,<Residue SER het=  resseq=90 icode= >,1f0v_A_B,1.7
682,19.3,SER, ,O,22.01,8.91,0.0,3.99,1.0,<Residue SER het=  resseq=90 icode= >,1f0v_A_B,1.7
683,0.237,SER, ,CB,14.58,7.37,0.0,3.64,1.0,<Residue SER het=  resseq=90 icode= >,1f0v_A_B,1.7
684,0.0,SER, ,OG,15.85,7.95,0.0,5.10,1.0,<Residue SER het=  resseq=90 icode= >,1f0v_A_B,1.7
685,0.001,LYS, ,N,17.77,10.53,0.0,3.67,1.0,<Residue LYS het=  resseq=91 icode= >,1f0v_A_B,1.7
686,4.445,LYS, ,CA,19.44,11.40,0.0,2.89,1.0,<Residue LYS het=  resseq=91 icode= >,1f0v_A_B,1.7
687,0.0,LYS, ,C,18.28,12.36,0.0,4.67,1.0,<Residue LYS het=  resseq=91 icode= >,1f0v_A_B,1.7
688,0.202,LYS, ,O,21.09,13.28,0.0,5.02,1.0,<Residue LYS het=  resseq=91 icode= >,1f0v_A_B,1.7
689,6.48,LYS, ,CB,18.86,12.27,0.0,2.55,1.0,<Residue LYS het=  resseq=91 icode= >,1f0v_A_B,1.7
690,18.463,LYS, ,CG,25.1,13.46,0.0,1.51,1.0,<Residue LYS het=  resseq=91 icode= >,1f0v_A_B,1.7
691,35.274,LYS, ,CD,31.78,14.56,0.0,2.02,1.0,<Residue LYS het=  resseq=91 icode= >,1f0v_A_B,1.7
692,37.457,LYS, ,CE,40.91,14.21,0.0,0.77,1.0,<Residue LYS het=  resseq=91 icode= >,1f0v_A_B,1.7
693,49.535,LYS, ,NZ,47.92,15.01,0.0,0.41,1.0,<Residue LYS het=  resseq=91 icode= >,1f0v_A_B,1.7
694,4.827,TYR, ,N,18.06,12.26,0.0,4.80,1.0,<Residue TYR het=  resseq=92 icode= >,1f0v_A_B,1.7
695,0.0,TYR, ,CA,17.43,13.29,0.0,3.05,1.0,<Residue TYR het=  resseq=92 icode= >,1f0v_A_B,1.7
696,0.0,TYR, ,C,20.36,14.66,0.0,3.35,1.0,<Residue TYR het=  resseq=92 icode= >,1f0v_A_B,1.7
697,14.959,TYR, ,O,24.12,15.01,0.0,4.53,1.0,<Residue TYR het=  resseq=92 icode= >,1f0v_A_B,1.7
698,17.901,TYR, ,CB,14.48,13.39,0.0,3.53,1.0,<Residue TYR het=  resseq=92 icode= >,1f0v_A_B,1.7
699,0.272,TYR, ,CG,19.19,14.53,0.0,3.36,1.0,<Residue TYR het=  resseq=92 icode= >,1f0v_A_B,1.7
700,0.0,TYR, ,CD1,18.42,14.47,0.0,3.78,1.0,<Residue TYR het=  resseq=92 icode= >,1f0v_A_B,1.7
701,15.964,TYR, ,CD2,17.2,15.81,0.0,3.37,1.0,<Residue TYR het=  resseq=92 icode= >,1f0v_A_B,1.7
702,1.169,TYR, ,CE1,18.79,15.68,0.0,3.28,1.0,<Residue TYR het=  resseq=92 icode= >,1f0v_A_B,1.7
703,24.493,TYR, ,CE2,14.2,16.91,0.0,3.51,1.0,<Residue TYR het=  resseq=92 icode= >,1f0v_A_B,1.7
704,0.188,TYR, ,CZ,17.81,16.85,0.0,3.78,1.0,<Residue TYR het=  resseq=92 icode= >,1f0v_A_B,1.7
705,21.756,TYR, ,OH,18.94,18.03,0.0,4.96,1.0,<Residue TYR het=  resseq=92 icode= >,1f0v_A_B,1.7
706,0.0,PRO, ,N,18.29,1000.00,0.0,4.42,1.0,<Residue PRO het=  resseq=93 icode= >,1f0v_A_B,1.7
707,0.0,PRO, ,CA,20.7,1000.00,0.0,2.52,1.0,<Residue PRO het=  resseq=93 icode= >,1f0v_A_B,1.7
708,0.16,PRO, ,C,22.49,1000.00,0.0,3.86,1.0,<Residue PRO het=  resseq=93 icode= >,1f0v_A_B,1.7
709,17.894,PRO, ,O,25.32,1000.00,0.0,3.29,1.0,<Residue PRO het=  resseq=93 icode= >,1f0v_A_B,1.7
710,24.547,PRO, ,CB,21.09,1000.00,0.0,2.65,1.0,<Residue PRO het=  resseq=93 icode= >,1f0v_A_B,1.7
711,29.869,PRO, ,CG,21.52,1000.00,0.0,2.58,1.0,<Residue PRO het=  resseq=93 icode= >,1f0v_A_B,1.7
712,25.828,PRO, ,CD,21.1,1000.00,0.0,3.03,1.0,<Residue PRO het=  resseq=93 icode= >,1f0v_A_B,1.7
713,0.0,ASN, ,N,20.03,1000.00,0.0,3.81,1.0,<Residue ASN het=  resseq=94 icode= >,1f0v_A_B,1.7
714,5.336,ASN, ,CA,20.8,1000.00,0.0,2.78,1.0,<Residue ASN het=  resseq=94 icode= >,1f0v_A_B,1.7
715,0.495,ASN, ,C,18.95,1000.00,0.0,3.89,1.0,<Residue ASN het=  resseq=94 icode= >,1f0v_A_B,1.7
716,3.276,ASN, ,O,22.13,1000.00,0.0,4.44,1.0,<Residue ASN het=  resseq=94 icode= >,1f0v_A_B,1.7
717,24.256,ASN, ,CB,26.48,1000.00,0.0,2.22,1.0,<Residue ASN het=  resseq=94 icode= >,1f0v_A_B,1.7
718,6.025,ASN, ,CG,28.85,1000.00,0.0,3.32,1.0,<Residue ASN het=  resseq=94 icode= >,1f0v_A_B,1.7
719,33.959,ASN, ,OD1,34.69,1000.00,0.0,3.03,1.0,<Residue ASN het=  resseq=94 icode= >,1f0v_A_B,1.7
720,39.126,ASN, ,ND2,26.12,1000.00,0.0,2.70,1.0,<Residue ASN het=  resseq=94 icode= >,1f0v_A_B,1.7
721,1.601,CYS, ,N,17.87,12.24,0.0,3.51,1.0,<Residue CYS het=  resseq=95 icode= >,1f0v_A_B,1.7
722,0.0,CYS, ,CA,17.99,10.85,0.0,3.29,1.0,<Residue CYS het=  resseq=95 icode= >,1f0v_A_B,1.7
723,0.0,CYS, ,C,19.35,10.61,0.0,4.10,1.0,<Residue CYS het=  resseq=95 icode= >,1f0v_A_B,1.7
724,19.507,CYS, ,O,25.62,11.63,0.0,3.74,1.0,<Residue CYS het=  resseq=95 icode= >,1f0v_A_B,1.7
725,3.909,CYS, ,CB,18.6,10.82,0.0,3.03,1.0,<Residue CYS het=  resseq=95 icode= >,1f0v_A_B,1.7
726,0.0,CYS, ,SG,19.47,11.44,0.0,8.92,1.0,<Residue CYS het=  resseq=95 icode= >,1f0v_A_B,1.7
727,0.0,ALA, ,N,13.33,9.41,0.0,4.67,1.0,<Residue ALA het=  resseq=96 icode= >,1f0v_A_B,1.7
728,0.011,ALA, ,CA,11.37,9.45,0.0,3.67,1.0,<Residue ALA het=  resseq=96 icode= >,1f0v_A_B,1.7
729,0.0,ALA, ,C,12.82,8.20,0.0,4.66,1.0,<Residue ALA het=  resseq=96 icode= >,1f0v_A_B,1.7
730,0.0,ALA, ,O,12.6,7.06,0.0,6.27,1.0,<Residue ALA het=  resseq=96 icode= >,1f0v_A_B,1.7
731,25.344,ALA, ,CB,14.72,9.80,0.0,3.93,1.0,<Residue ALA het=  resseq=96 icode= >,1f0v_A_B,1.7
732,0.193,TYR, ,N,11.92,8.57,0.0,5.37,1.0,<Residue TYR het=  resseq=97 icode= >,1f0v_A_B,1.7
733,0.0,TYR, ,CA,8.89,7.79,0.0,4.40,1.0,<Residue TYR het=  resseq=97 icode= >,1f0v_A_B,1.7
734,0.0,TYR, ,C,10.4,8.34,0.0,5.23,1.0,<Residue TYR het=  resseq=97 icode= >,1f0v_A_B,1.7
735,7.572,TYR, ,O,14.96,9.53,0.0,5.64,1.0,<Residue TYR het=  resseq=97 icode= >,1f0v_A_B,1.7
736,0.0,TYR, ,CB,9.65,8.27,0.0,3.63,1.0,<Residue TYR het=  resseq=97 icode= >,1f0v_A_B,1.7
737,0.0,TYR, ,CG,8.48,8.08,0.0,4.74,1.0,<Residue TYR het=  resseq=97 icode= >,1f0v_A_B,1.7
738,0.313,TYR, ,CD1,9.11,9.04,0.0,4.08,1.0,<Residue TYR het=  resseq=97 icode= >,1f0v_A_B,1.7
739,0.0,TYR, ,CD2,11.38,7.08,0.0,4.07,1.0,<Residue TYR het=  resseq=97 icode= >,1f0v_A_B,1.7
740,1.017,TYR, ,CE1,9.46,9.14,0.0,4.42,1.0,<Residue TYR het=  resseq=97 icode= >,1f0v_A_B,1.7
741,0.0,TYR, ,CE2,10.93,7.19,0.0,4.75,1.0,<Residue TYR het=  resseq=97 icode= >,1f0v_A_B,1.7
742,0.0,TYR, ,CZ,13.6,8.25,0.0,4.09,1.0,<Residue TYR het=  resseq=97 icode= >,1f0v_A_B,1.7
743,0.0,TYR, ,OH,14.64,8.66,0.0,6.24,1.0,<Residue TYR het=  resseq=97 icode= >,1f0v_A_B,1.7
744,0.0,LYS, ,N,10.83,7.64,0.0,5.56,1.0,<Residue LYS het=  resseq=98 icode= >,1f0v_A_B,1.7
745,5.825,LYS, ,CA,12.94,8.12,0.0,4.29,1.0,<Residue LYS het=  resseq=98 icode= >,1f0v_A_B,1.7
746,0.0,LYS, ,C,14.52,8.56,0.0,4.38,1.0,<Residue LYS het=  resseq=98 icode= >,1f0v_A_B,1.7
747,0.484,LYS, ,O,14.53,7.99,0.0,5.75,1.0,<Residue LYS het=  resseq=98 icode= >,1f0v_A_B,1.7
748,3.013,LYS, ,CB,17.38,7.17,0.0,3.38,1.0,<Residue LYS het=  resseq=98 icode= >,1f0v_A_B,1.7
749,12.352,LYS, ,CG,22.32,7.87,0.0,2.32,1.0,<Residue LYS het=  resseq=98 icode= >,1f0v_A_B,1.7
750,9.971,LYS, ,CD,30.35,6.79,0.0,1.43,1.0,<Residue LYS het=  resseq=98 icode= >,1f0v_A_B,1.7
751,31.949,LYS, ,CE,38.61,7.05,0.0,1.02,1.0,<Residue LYS het=  resseq=98 icode= >,1f0v_A_B,1.7
752,35.619,LYS, ,NZ,44.39,6.31,0.0,0.88,1.0,<Residue LYS het=  resseq=98 icode= >,1f0v_A_B,1.7
753,2.388,THR, ,N,12.27,9.79,0.0,4.41,1.0,<Residue THR het=  resseq=99 icode= >,1f0v_A_B,1.7
754,0.0,THR, ,CA,13.65,10.61,0.0,3.91,1.0,<Residue THR het=  resseq=99 icode= >,1f0v_A_B,1.7
755,0.0,THR, ,C,15.65,10.11,0.0,3.62,1.0,<Residue THR het=  resseq=99 icode= >,1f0v_A_B,1.7
756,20.191,THR, ,O,15.45,10.27,0.0,5.11,1.0,<Residue THR het=  resseq=99 icode= >,1f0v_A_B,1.7
757,0.184,THR, ,CB,11.71,12.05,0.0,4.02,1.0,<Residue THR het=  resseq=99 icode= >,1f0v_A_B,1.7
758,0.0,THR, ,OG1,13.2,12.19,0.0,6.01,1.0,<Residue THR het=  resseq=99 icode= >,1f0v_A_B,1.7
759,5.337,THR, ,CG2,13.83,12.82,0.0,2.97,1.0,<Residue THR het=  resseq=99 icode= >,1f0v_A_B,1.7
760,0.0,THR, ,N,12.55,9.65,0.0,4.85,1.0,<Residue THR het=  resseq=100 icode= >,1f0v_A_B,1.7
761,3.857,THR, ,CA,14.83,9.37,0.0,3.62,1.0,<Residue THR het=  resseq=100 icode= >,1f0v_A_B,1.7
762,0.0,THR, ,C,18.5,9.77,0.0,4.10,1.0,<Residue THR het=  resseq=100 icode= >,1f0v_A_B,1.7
763,0.0,THR, ,O,17.41,9.21,0.0,5.44,1.0,<Residue THR het=  resseq=100 icode= >,1f0v_A_B,1.7
764,1.777,THR, ,CB,19.94,7.89,0.0,3.31,1.0,<Residue THR het=  resseq=100 icode= >,1f0v_A_B,1.7
765,5.727,THR, ,OG1,21.53,7.18,0.0,4.19,1.0,<Residue THR het=  resseq=100 icode= >,1f0v_A_B,1.7
766,44.971,THR, ,CG2,27.45,8.00,0.0,1.63,1.0,<Residue THR het=  resseq=100 icode= >,1f0v_A_B,1.7
767,6.142,GLN, ,N,18.2,10.81,0.0,4.17,1.0,<Residue GLN het=  resseq=101 icode= >,1f0v_A_B,1.7
768,0.0,GLN, ,CA,17.95,11.41,0.0,3.48,1.0,<Residue GLN het=  resseq=101 icode= >,1f0v_A_B,1.7
769,0.772,GLN, ,C,22.25,10.97,0.0,3.81,1.0,<Residue GLN het=  resseq=101 icode= >,1f0v_A_B,1.7
770,18.114,GLN, ,O,25.55,10.78,0.0,4.35,1.0,<Residue GLN het=  resseq=101 icode= >,1f0v_A_B,1.7
771,21.511,GLN, ,CB,25.36,12.94,0.0,2.40,1.0,<Residue GLN het=  resseq=101 icode= >,1f0v_A_B,1.7
772,21.363,GLN, ,CG,29.11,13.90,0.0,1.08,1.0,<Residue GLN het=  resseq=101 icode= >,1f0v_A_B,1.7
773,0.0,GLN, ,CD,34.7,13.46,0.0,1.45,1.0,<Residue GLN het=  resseq=101 icode= >,1f0v_A_B,1.7
774,0.0,GLN, ,OE1,19.1,13.04,0.0,4.59,1.0,<Residue GLN het=  resseq=101 icode= >,1f0v_A_B,1.7
775,2.714,GLN, ,NE2,19.96,13.52,0.0,3.52,1.0,<Residue GLN het=  resseq=101 icode= >,1f0v_A_B,1.7
776,0.0,ALA, ,N,18.67,10.99,0.0,4.29,1.0,<Residue ALA het=  resseq=102 icode= >,1f0v_A_B,1.7
777,8.3,ALA, ,CA,21.45,10.80,0.0,3.10,1.0,<Residue ALA het=  resseq=102 icode= >,1f0v_A_B,1.7
778,0.0,ALA, ,C,16.93,11.75,0.0,4.84,1.0,<Residue ALA het=  resseq=102 icode= >,1f0v_A_B,1.7
779,0.0,ALA, ,O,17.3,12.11,0.0,5.31,1.0,<Residue ALA het=  resseq=102 icode= >,1f0v_A_B,1.7
780,8.067,ALA, ,CB,24.52,9.38,0.0,2.16,1.0,<Residue ALA het=  resseq=102 icode= >,1f0v_A_B,1.7
781,5.361,ASN, ,N,19.28,12.15,0.0,4.47,1.0,<Residue ASN het=  resseq=103 icode= >,1f0v_A_B,1.7
782,0.0,ASN, ,CA,17.42,13.13,0.0,3.65,1.0,<Residue ASN het=  resseq=103 icode= >,1f0v_A_B,1.7
783,0.0,ASN, ,C,18.55,12.61,0.0,4.27,1.0,<Residue ASN het=  resseq=103 icode= >,1f0v_A_B,1.7
784,16.441,ASN, ,O,17.85,12.69,0.0,4.73,1.0,<Residue ASN het=  resseq=103 icode= >,1f0v_A_B,1.7
785,18.601,ASN, ,CB,22.08,14.49,0.0,2.91,1.0,<Residue ASN het=  resseq=103 icode= >,1f0v_A_B,1.7
786,6.019,ASN, ,CG,24.11,15.22,0.0,3.16,1.0,<Residue ASN het=  resseq=103 icode= >,1f0v_A_B,1.7
787,29.218,ASN, ,OD1,35.43,15.23,0.0,1.95,1.0,<Residue ASN het=  resseq=103 icode= >,1f0v_A_B,1.7
788,24.944,ASN, ,ND2,22.54,15.52,0.0,3.13,1.0,<Residue ASN het=  resseq=103 icode= >,1f0v_A_B,1.7
789,0.0,LYS, ,N,16.3,11.95,0.0,4.20,1.0,<Residue LYS het=  resseq=104 icode= >,1f0v_A_B,1.7
790,2.368,LYS, ,CA,16.87,11.56,1.036,3.21,1.0,<Residue LYS het=  resseq=104 icode= >,1f0v_A_B,1.7
791,0.0,LYS, ,C,12.5,11.56,0.0,4.92,1.0,<Residue LYS het=  resseq=104 icode= >,1f0v_A_B,1.7
792,0.0,LYS, ,O,14.77,11.47,0.0,5.38,1.0,<Residue LYS het=  resseq=104 icode= >,1f0v_A_B,1.7
793,6.455,LYS, ,CB,16.23,10.15,6.455,3.46,1.0,<Residue LYS het=  resseq=104 icode= >,1f0v_A_B,1.7
794,5.46,LYS, ,CG,20.79,9.57,2.443,2.93,1.0,<Residue LYS het=  resseq=104 icode= >,1f0v_A_B,1.7
795,19.173,LYS, ,CD,34.44,8.10,15.035,1.70,1.0,<Residue LYS het=  resseq=104 icode= >,1f0v_A_B,1.7
796,35.651,LYS, ,CE,42.51,7.92,4.406,0.73,1.0,<Residue LYS het=  resseq=104 icode= >,1f0v_A_B,1.7
797,41.813,LYS, ,NZ,44.81,6.71,0.0,0.96,1.0,<Residue LYS het=  resseq=104 icode= >,1f0v_A_B,1.7
798,0.939,HIS, ,N,15.07,11.72,0.939,4.27,1.0,<Residue HIS het=  resseq=105 icode= >,1f0v_A_B,1.7
799,0.0,HIS, ,CA,15.96,11.86,0.0,3.23,1.0,<Residue HIS het=  resseq=105 icode= >,1f0v_A_B,1.7
800,0.0,HIS, ,C,16.1,10.49,0.0,4.20,1.0,<Residue HIS het=  resseq=105 icode= >,1f0v_A_B,1.7
801,15.385,HIS, ,O,18.55,9.53,15.385,4.91,1.0,<Residue HIS het=  resseq=105 icode= >,1f0v_A_B,1.7
802,4.033,HIS, ,CB,17.13,12.40,4.033,3.24,1.0,<Residue HIS het=  resseq=105 icode= >,1f0v_A_B,1.7
803,0.0,HIS, ,CG,18.35,13.59,0.0,4.04,1.0,<Residue HIS het=  resseq=105 icode= >,1f0v_A_B,1.7
804,0.384,HIS, ,ND1,21.01,14.87,0.0,3.41,1.0,<Residue HIS het=  resseq=105 icode= >,1f0v_A_B,1.7
805,22.681,HIS, ,CD2,17.74,13.69,11.551,3.69,1.0,<Residue HIS het=  resseq=105 icode= >,1f0v_A_B,1.7
806,16.808,HIS, ,CE1,15.83,15.75,0.0,4.15,1.0,<Residue HIS het=  resseq=105 icode= >,1f0v_A_B,1.7
807,22.544,HIS, ,NE2,21.28,14.94,0.0,3.83,1.0,<Residue HIS het=  resseq=105 icode= >,1f0v_A_B,1.7
808,0.0,ILE, ,N,14.57,10.38,0.0,4.46,1.0,<Residue ILE het=  resseq=106 icode= >,1f0v_A_B,1.7
809,3.348,ILE, ,CA,14.21,9.23,3.348,4.04,1.0,<Residue ILE het=  resseq=106 icode= >,1f0v_A_B,1.7
810,0.0,ILE, ,C,13.76,9.62,0.0,3.97,1.0,<Residue ILE het=  resseq=106 icode= >,1f0v_A_B,1.7
811,0.0,ILE, ,O,14.72,10.86,0.0,6.30,1.0,<Residue ILE het=  resseq=106 icode= >,1f0v_A_B,1.7
812,4.253,ILE, ,CB,12.43,9.03,4.253,3.55,1.0,<Residue ILE het=  resseq=106 icode= >,1f0v_A_B,1.7
813,0.0,ILE, ,CG1,15.25,10.37,0.0,3.18,1.0,<Residue ILE het=  resseq=106 icode= >,1f0v_A_B,1.7
814,4.894,ILE, ,CG2,14.09,8.82,4.894,3.80,1.0,<Residue ILE het=  resseq=106 icode= >,1f0v_A_B,1.7
815,0.105,ILE, ,CD1,17.9,10.09,0.105,3.11,1.0,<Residue ILE het=  resseq=106 icode= >,1f0v_A_B,1.7
816,5.806,ILE, ,N,12.43,8.72,5.806,5.00,1.0,<Residue ILE het=  resseq=107 icode= >,1f0v_A_B,1.7
817,0.0,ILE, ,CA,11.2,9.15,0.0,3.88,1.0,<Residue ILE het=  resseq=107 icode= >,1f0v_A_B,1.7
818,0.0,ILE, ,C,12.39,8.84,0.0,5.60,1.0,<Residue ILE het=  resseq=107 icode= >,1f0v_A_B,1.7
819,23.122,ILE, ,O,12.6,7.67,23.122,6.35,1.0,<Residue ILE het=  resseq=107 icode= >,1f0v_A_B,1.7
820,6.43,ILE, ,CB,14.17,8.41,6.43,3.42,1.0,<Residue ILE het=  resseq=107 icode= >,1f0v_A_B,1.7
821,0.63,ILE, ,CG1,16.46,8.88,0.625,3.16,1.0,<Residue ILE het=  resseq=107 icode= >,1f0v_A_B,1.7
822,9.126,ILE, ,CG2,17.49,9.03,9.047,3.07,1.0,<Residue ILE het=  resseq=107 icode= >,1f0v_A_B,1.7
823,52.694,ILE, ,CD1,27.24,8.22,27.368,2.29,1.0,<Residue ILE het=  resseq=107 icode= >,1f0v_A_B,1.7
824,0.0,VAL, ,N,13.31,9.73,0.0,5.41,1.0,<Residue VAL het=  resseq=108 icode= >,1f0v_A_B,1.7
825,5.503,VAL, ,CA,14.35,9.32,5.503,3.63,1.0,<Residue VAL het=  resseq=108 icode= >,1f0v_A_B,1.7
826,0.0,VAL, ,C,18.17,10.15,0.0,3.93,1.0,<Residue VAL het=  resseq=108 icode= >,1f0v_A_B,1.7
827,0.0,VAL, ,O,16.14,11.28,0.0,5.68,1.0,<Residue VAL het=  resseq=108 icode= >,1f0v_A_B,1.7
828,1.836,VAL, ,CB,13.21,9.46,1.836,3.63,1.0,<Residue VAL het=  resseq=108 icode= >,1f0v_A_B,1.7
829,9.199,VAL, ,CG1,11.82,8.55,9.199,3.79,1.0,<Residue VAL het=  resseq=108 icode= >,1f0v_A_B,1.7
830,4.136,VAL, ,CG2,15.93,10.92,4.136,3.18,1.0,<Residue VAL het=  resseq=108 icode= >,1f0v_A_B,1.7
831,7.085,ALA, ,N,13.36,9.75,7.085,4.29,1.0,<Residue ALA het=  resseq=109 icode= >,1f0v_A_B,1.7
832,0.0,ALA, ,CA,14.16,10.53,0.0,3.34,1.0,<Residue ALA het=  resseq=109 icode= >,1f0v_A_B,1.7
833,0.206,ALA, ,C,13.73,11.42,0.206,4.26,1.0,<Residue ALA het=  resseq=109 icode= >,1f0v_A_B,1.7
834,20.263,ALA, ,O,15.16,11.05,20.263,5.19,1.0,<Residue ALA het=  resseq=109 icode= >,1f0v_A_B,1.7
835,28.859,ALA, ,CB,15.05,9.77,19.37,3.42,1.0,<Residue ALA het=  resseq=109 icode= >,1f0v_A_B,1.7
836,0.0,CYS, ,N,13.82,12.70,0.0,4.92,1.0,<Residue CYS het=  resseq=110 icode= >,1f0v_A_B,1.7
837,3.53,CYS, ,CA,13.73,13.74,3.53,4.07,1.0,<Residue CYS het=  resseq=110 icode= >,1f0v_A_B,1.7
838,0.789,CYS, ,C,17.86,14.51,0.789,3.93,1.0,<Residue CYS het=  resseq=110 icode= >,1f0v_A_B,1.7
839,6.167,CYS, ,O,19.22,14.80,3.259,4.27,1.0,<Residue CYS het=  resseq=110 icode= >,1f0v_A_B,1.7
840,9.152,CYS, ,CB,16.53,14.74,8.803,2.83,1.0,<Residue CYS het=  resseq=110 icode= >,1f0v_A_B,1.7
841,0.807,CYS, ,SG,21.41,14.01,0.807,7.51,1.0,<Residue CYS het=  resseq=110 icode= >,1f0v_A_B,1.7
842,6.671,GLU, ,N,18.03,1000.00,6.671,4.03,1.0,<Residue GLU het=  resseq=111 icode= >,1f0v_A_B,1.7
843,5.475,GLU, ,CA,15.04,1000.00,2.862,3.13,1.0,<Residue GLU het=  resseq=111 icode= >,1f0v_A_B,1.7
844,4.488,GLU, ,C,15.58,1000.00,3.498,3.96,1.0,<Residue GLU het=  resseq=111 icode= >,1f0v_A_B,1.7
845,28.701,GLU, ,O,14.87,1000.00,26.191,6.03,1.0,<Residue GLU het=  resseq=111 icode= >,1f0v_A_B,1.7
846,22.364,GLU, ,CB,16.09,1000.00,7.729,3.10,1.0,<Residue GLU het=  resseq=111 icode= >,1f0v_A_B,1.7
847,13.089,GLU, ,CG,20.59,1000.00,4.304,2.66,1.0,<Residue GLU het=  resseq=111 icode= >,1f0v_A_B,1.7
848,16.612,GLU, ,CD,29.27,1000.00,7.599,2.92,1.0,<Residue GLU het=  resseq=111 icode= >,1f0v_A_B,1.7
849,24.039,GLU, ,OE1,32.07,1000.00,0.756,2.86,1.0,<Residue GLU het=  resseq=111 icode= >,1f0v_A_B,1.7
850,37.084,GLU, ,OE2,30.13,1000.00,3.299,3.38,1.0,<Residue GLU het=  resseq=111 icode= >,1f0v_A_B,1.7
851,6.605,GLY, ,N,14.23,1000.00,5.414,4.87,1.0,<Residue GLY het=  resseq=112 icode= >,1f0v_A_B,1.7
852,35.372,GLY, ,CA,14.03,1000.00,28.436,3.90,1.0,<Residue GLY het=  resseq=112 icode= >,1f0v_A_B,1.7
853,4.788,GLY, ,C,19.32,1000.00,4.413,3.68,1.0,<Residue GLY het=  resseq=112 icode= >,1f0v_A_B,1.7
854,21.117,GLY, ,O,17.54,1000.00,5.283,4.97,1.0,<Residue GLY het=  resseq=112 icode= >,1f0v_A_B,1.7
855,7.208,ASN, ,N,16.99,1000.00,7.208,4.34,1.0,<Residue ASN het=  resseq=113 icode= >,1f0v_A_B,1.7
856,0.152,ASN, ,CA,17.32,1000.00,0.152,3.51,1.0,<Residue ASN het=  resseq=113 icode= >,1f0v_A_B,1.7
857,2.668,ASN, ,C,15.68,1000.00,2.668,4.04,1.0,<Residue ASN het=  resseq=113 icode= >,1f0v_A_B,1.7
858,22.977,ASN, ,O,15.06,1000.00,19.839,5.91,1.0,<Residue ASN het=  resseq=113 icode= >,1f0v_A_B,1.7
859,22.727,ASN, ,CB,15.8,1000.00,12.021,3.69,1.0,<Residue ASN het=  resseq=113 icode= >,1f0v_A_B,1.7
860,5.335,ASN, ,CG,25.07,1000.00,0.0,3.58,1.0,<Residue ASN het=  resseq=113 icode= >,1f0v_A_B,1.7
861,30.614,ASN, ,OD1,24.48,1000.00,0.0,4.21,1.0,<Residue ASN het=  resseq=113 icode= >,1f0v_A_B,1.7
862,53.741,ASN, ,ND2,23.96,1000.00,19.795,3.07,1.0,<Residue ASN het=  resseq=113 icode= >,1f0v_A_B,1.7
863,0.552,PRO, ,N,16.38,1000.00,0.552,4.41,1.0,<Residue PRO het=  resseq=114 icode= >,1f0v_A_B,1.7
864,11.208,PRO, ,CA,14.84,1000.00,6.08,3.74,1.0,<Residue PRO het=  resseq=114 icode= >,1f0v_A_B,1.7
865,0.08,PRO, ,C,13.55,1000.00,0.08,5.28,1.0,<Residue PRO het=  resseq=114 icode= >,1f0v_A_B,1.7
866,7.466,PRO, ,O,16.35,1000.00,6.099,5.36,1.0,<Residue PRO het=  resseq=114 icode= >,1f0v_A_B,1.7
867,32.165,PRO, ,CB,16.34,1000.00,2.622,3.54,1.0,<Residue PRO het=  resseq=114 icode= >,1f0v_A_B,1.7
868,26.228,PRO, ,CG,17.28,1000.00,0.0,3.42,1.0,<Residue PRO het=  resseq=114 icode= >,1f0v_A_B,1.7
869,28.57,PRO, ,CD,21.41,1000.00,9.327,2.68,1.0,<Residue PRO het=  resseq=114 icode= >,1f0v_A_B,1.7
870,6.105,TYR, ,N,15.08,1000.00,0.0,5.14,1.0,<Residue TYR het=  resseq=115 icode= >,1f0v_A_B,1.7
871,4.589,TYR, ,CA,15.64,1000.00,4.589,3.25,1.0,<Residue TYR het=  resseq=115 icode= >,1f0v_A_B,1.7
872,0.125,TYR, ,C,14.45,1000.00,0.125,4.00,1.0,<Residue TYR het=  resseq=115 icode= >,1f0v_A_B,1.7
873,21.633,TYR, ,O,15.78,1000.00,11.017,5.75,1.0,<Residue TYR het=  resseq=115 icode= >,1f0v_A_B,1.7
874,26.284,TYR, ,CB,16.62,1000.00,0.789,3.61,1.0,<Residue TYR het=  resseq=115 icode= >,1f0v_A_B,1.7
875,2.071,TYR, ,CG,15.13,1000.00,0.079,3.55,1.0,<Residue TYR het=  resseq=115 icode= >,1f0v_A_B,1.7
876,24.365,TYR, ,CD1,17.4,1000.00,14.787,3.49,1.0,<Residue TYR het=  resseq=115 icode= >,1f0v_A_B,1.7
877,24.046,TYR, ,CD2,20.07,1000.00,14.358,3.22,1.0,<Residue TYR het=  resseq=115 icode= >,1f0v_A_B,1.7
878,33.64,TYR, ,CE1,19.56,1000.00,15.167,3.13,1.0,<Residue TYR het=  resseq=115 icode= >,1f0v_A_B,1.7
879,34.401,TYR, ,CE2,17.53,1000.00,29.416,2.98,1.0,<Residue TYR het=  resseq=115 icode= >,1f0v_A_B,1.7
880,10.017,TYR, ,CZ,21.8,1000.00,5.791,3.29,1.0,<Residue TYR het=  resseq=115 icode= >,1f0v_A_B,1.7
881,44.089,TYR, ,OH,21.95,1000.00,35.885,4.15,1.0,<Residue TYR het=  resseq=115 icode= >,1f0v_A_B,1.7
882,2.544,VAL, ,N,11.73,1000.00,2.544,5.31,1.0,<Residue VAL het=  resseq=116 icode= >,1f0v_A_B,1.7
883,2.617,VAL, ,CA,11.75,1000.00,2.617,3.98,1.0,<Residue VAL het=  resseq=116 icode= >,1f0v_A_B,1.7
884,4.866,VAL, ,C,11.85,1000.00,4.866,4.67,1.0,<Residue VAL het=  resseq=116 icode= >,1f0v_A_B,1.7
885,12.315,VAL, ,O,12.41,1000.00,12.315,6.84,1.0,<Residue VAL het=  resseq=116 icode= >,1f0v_A_B,1.7
886,3.343,VAL, ,CB,12.1,1000.00,2.134,3.74,1.0,<Residue VAL het=  resseq=116 icode= >,1f0v_A_B,1.7
887,30.996,VAL, ,CG1,14.19,1000.00,24.325,3.45,1.0,<Residue VAL het=  resseq=116 icode= >,1f0v_A_B,1.7
888,31.918,VAL, ,CG2,12.65,1000.00,24.722,4.34,1.0,<Residue VAL het=  resseq=116 icode= >,1f0v_A_B,1.7
889,0.106,PRO, ,N,13.47,1000.00,0.106,5.24,1.0,<Residue PRO het=  resseq=117 icode= >,1f0v_A_B,1.7
890,10.084,PRO, ,CA,11.59,1000.00,10.084,4.10,1.0,<Residue PRO het=  resseq=117 icode= >,1f0v_A_B,1.7
891,0.909,PRO, ,C,13.06,1000.00,0.909,4.24,1.0,<Residue PRO het=  resseq=117 icode= >,1f0v_A_B,1.7
892,17.726,PRO, ,O,13.77,1000.00,16.25,5.79,1.0,<Residue PRO het=  resseq=117 icode= >,1f0v_A_B,1.7
893,29.273,PRO, ,CB,12.65,1000.00,29.273,4.05,1.0,<Residue PRO het=  resseq=117 icode= >,1f0v_A_B,1.7
894,45.693,PRO, ,CG,14.41,1000.00,45.693,3.97,1.0,<Residue PRO het=  resseq=117 icode= >,1f0v_A_B,1.7
895,25.084,PRO, ,CD,12.98,1000.00,21.92,4.21,1.0,<Residue PRO het=  resseq=117 icode= >,1f0v_A_B,1.7
896,2.466,VAL, ,N,12.67,10.74,2.466,5.50,1.0,<Residue VAL het=  resseq=118 icode= >,1f0v_A_B,1.7
897,6.003,VAL, ,CA,14.53,10.36,6.003,4.07,1.0,<Residue VAL het=  resseq=118 icode= >,1f0v_A_B,1.7
898,3.772,VAL, ,C,13.6,8.87,3.772,4.62,1.0,<Residue VAL het=  resseq=118 icode= >,1f0v_A_B,1.7
899,18.987,VAL, ,O,16.88,8.50,15.004,5.56,1.0,<Residue VAL het=  resseq=118 icode= >,1f0v_A_B,1.7
900,7.816,VAL, ,CB,13.61,11.04,7.657,3.04,1.0,<Residue VAL het=  resseq=118 icode= >,1f0v_A_B,1.7
901,41.342,VAL, ,CG1,13.64,12.56,36.788,3.54,1.0,<Residue VAL het=  resseq=118 icode= >,1f0v_A_B,1.7
902,35.4,VAL, ,CG2,14.73,10.88,34.826,3.66,1.0,<Residue VAL het=  resseq=118 icode= >,1f0v_A_B,1.7
903,1.989,HIS, ,N,13.26,8.16,1.989,4.91,1.0,<Residue HIS het=  resseq=119 icode= >,1f0v_A_B,1.7
904,7.579,HIS, ,CA,13.62,6.69,5.377,3.80,1.0,<Residue HIS het=  resseq=119 icode= >,1f0v_A_B,1.7
905,3.677,HIS, ,C,12.63,6.22,3.677,4.83,1.0,<Residue HIS het=  resseq=119 icode= >,1f0v_A_B,1.7
906,19.238,HIS, ,O,12.1,7.09,19.238,6.39,1.0,<Residue HIS het=  resseq=119 icode= >,1f0v_A_B,1.7
907,21.201,HIS, ,CB,16.15,6.16,7.988,3.47,1.0,<Residue HIS het=  resseq=119 icode= >,1f0v_A_B,1.7
908,2.559,HIS, ,CG,19.29,6.92,0.0,3.17,1.0,<Residue HIS het=  resseq=119 icode= >,1f0v_A_B,1.7
909,16.777,HIS, ,ND1,24.05,7.03,0.139,3.66,1.0,<Residue HIS het=  resseq=119 icode= >,1f0v_A_B,1.7
910,25.911,HIS, ,CD2,22.99,7.93,12.579,2.07,1.0,<Residue HIS het=  resseq=119 icode= >,1f0v_A_B,1.7
911,38.094,HIS, ,CE1,26.28,8.05,2.018,3.07,1.0,<Residue HIS het=  resseq=119 icode= >,1f0v_A_B,1.7
912,25.477,HIS, ,NE2,26.8,8.56,6.806,2.81,1.0,<Residue HIS het=  resseq=119 icode= >,1f0v_A_B,1.7
913,7.592,PHE, ,N,12.43,4.97,6.155,4.68,1.0,<Residue PHE het=  resseq=120 icode= >,1f0v_A_B,1.7
914,3.162,PHE, ,CA,13.72,4.77,3.162,3.83,1.0,<Residue PHE het=  resseq=120 icode= >,1f0v_A_B,1.7
915,0.0,PHE, ,C,14.84,4.24,0.0,4.02,1.0,<Residue PHE het=  resseq=120 icode= >,1f0v_A_B,1.7
916,22.592,PHE, ,O,13.33,3.22,21.292,6.31,1.0,<Residue PHE het=  resseq=120 icode= >,1f0v_A_B,1.7
917,27.879,PHE, ,CB,13.55,3.71,27.879,3.44,1.0,<Residue PHE het=  resseq=120 icode= >,1f0v_A_B,1.7
918,2.52,PHE, ,CG,13.58,3.92,2.52,3.68,1.0,<Residue PHE het=  resseq=120 icode= >,1f0v_A_B,1.7
919,13.794,PHE, ,CD1,10.16,3.64,13.794,4.50,1.0,<Residue PHE het=  resseq=120 icode= >,1f0v_A_B,1.7
920,27.004,PHE, ,CD2,13.5,4.98,27.004,4.02,1.0,<Residue PHE het=  resseq=120 icode= >,1f0v_A_B,1.7
921,13.466,PHE, ,CE1,11.84,3.84,13.393,4.34,1.0,<Residue PHE het=  resseq=120 icode= >,1f0v_A_B,1.7
922,36.82,PHE, ,CE2,11.03,5.75,36.82,4.53,1.0,<Residue PHE het=  resseq=120 icode= >,1f0v_A_B,1.7
923,15.469,PHE, ,CZ,14.45,5.10,15.469,3.72,1.0,<Residue PHE het=  resseq=120 icode= >,1f0v_A_B,1.7
924,4.864,ASP, ,N,12.48,5.18,4.864,5.27,1.0,<Residue ASP het=  resseq=121 icode= >,1f0v_A_B,1.7
925,1.084,ASP, ,CA,14.96,4.80,0.998,3.56,1.0,<Residue ASP het=  resseq=121 icode= >,1f0v_A_B,1.7
926,0.348,ASP, ,C,16.19,4.22,0.348,4.41,1.0,<Residue ASP het=  resseq=121 icode= >,1f0v_A_B,1.7
927,25.976,ASP, ,O,18.27,3.25,25.976,5.12,1.0,<Residue ASP het=  resseq=121 icode= >,1f0v_A_B,1.7
928,26.889,ASP, ,CB,14.8,6.17,26.889,3.70,1.0,<Residue ASP het=  resseq=121 icode= >,1f0v_A_B,1.7
929,10.935,ASP, ,CG,18.14,6.36,10.935,4.31,1.0,<Residue ASP het=  resseq=121 icode= >,1f0v_A_B,1.7
930,37.21,ASP, ,OD1,17.35,6.01,24.839,5.48,1.0,<Residue ASP het=  resseq=121 icode= >,1f0v_A_B,1.7
931,36.276,ASP, ,OD2,19.22,6.52,34.041,5.16,1.0,<Residue ASP het=  resseq=121 icode= >,1f0v_A_B,1.7
932,0.44,ALA, ,N,12.59,4.59,0.44,5.19,1.0,<Residue ALA het=  resseq=122 icode= >,1f0v_A_B,1.7
933,9.773,ALA, ,CA,14.24,4.03,9.773,3.41,1.0,<Residue ALA het=  resseq=122 icode= >,1f0v_A_B,1.7
934,1.458,ALA, ,C,16.21,5.15,1.458,4.42,1.0,<Residue ALA het=  resseq=122 icode= >,1f0v_A_B,1.7
935,16.368,ALA, ,O,16.25,5.89,16.368,5.74,1.0,<Residue ALA het=  resseq=122 icode= >,1f0v_A_B,1.7
936,43.663,ALA, ,CB,15.6,3.98,27.57,3.51,1.0,<Residue ALA het=  resseq=122 icode= >,1f0v_A_B,1.7
937,4.973,SER, ,N,14.92,5.24,1.634,4.64,1.0,<Residue SER het=  resseq=123 icode= >,1f0v_A_B,1.7
938,7.98,SER, ,CA,13.44,6.60,7.98,4.19,1.0,<Residue SER het=  resseq=123 icode= >,1f0v_A_B,1.7
939,0.867,SER, ,C,18.25,7.01,0.867,3.80,1.0,<Residue SER het=  resseq=123 icode= >,1f0v_A_B,1.7
940,19.279,SER, ,O,18.61,6.30,6.651,4.44,1.0,<Residue SER het=  resseq=123 icode= >,1f0v_A_B,1.7
941,41.066,SER,x,CB,21.6,6.40,35.477,3.79,0.53,<Residue SER het=  resseq=123 icode= >,1f0v_A_B,1.7
942,16.944,SER,x,OG,26.48,6.21,16.944,1.41,0.53,<Residue SER het=  resseq=123 icode= >,1f0v_A_B,1.7
943,3.55,VAL, ,N,17.9,8.33,3.55,3.84,1.0,<Residue VAL het=  resseq=124 icode= >,1f0v_A_B,1.7
944,9.733,VAL, ,CA,17.14,9.03,5.601,3.37,1.0,<Residue VAL het=  resseq=124 icode= >,1f0v_A_B,1.7
945,8.387,VAL, ,C,22.0,10.40,8.078,3.34,1.0,<Residue VAL het=  resseq=124 icode= >,1f0v_A_B,1.7
946,31.49,VAL, ,O,22.5,11.04,31.194,3.91,1.0,<Residue VAL het=  resseq=124 icode= >,1f0v_A_B,1.7
947,11.946,VAL,x,CB,23.88,9.47,0.0,2.64,0.34,<Residue VAL het=  resseq=124 icode= >,1f0v_A_B,1.7
948,46.725,VAL,x,CG1,25.71,8.37,14.252,0.75,0.34,<Residue VAL het=  resseq=124 icode= >,1f0v_A_B,1.7
949,53.886,VAL,x,CG2,25.39,10.45,41.914,1.70,0.34,<Residue VAL het=  resseq=124 icode= >,1f0v_A_B,1.7
950,39.564,VAL, ,OXT,24.63,11.06,6.055,3.36,1.0,<Residue VAL het=  resseq=124 icode= >,1f0v_A_B,1.7
