,ASA,aa,altloc,atom,bfac,d2r,dASA,dens,occ,residue,id,resolu
0,54.025,SER, ,N,50.26,4.06,22.391,1.96,1.0,<Residue SER het=  resseq=8 icode= >,1f4k_B_A,2.5
1,12.869,SER, ,CA,51.37,4.01,10.865,1.54,1.0,<Residue SER het=  resseq=8 icode= >,1f4k_B_A,2.5
2,2.212,SER, ,C,51.38,4.09,0.243,1.57,1.0,<Residue SER het=  resseq=8 icode= >,1f4k_B_A,2.5
3,25.945,SER, ,O,52.46,5.25,0.0,1.28,1.0,<Residue SER het=  resseq=8 icode= >,1f4k_B_A,2.5
4,44.171,SER, ,CB,51.65,4.99,0.111,1.11,1.0,<Residue SER het=  resseq=8 icode= >,1f4k_B_A,2.5
5,16.704,SER, ,OG,48.81,4.83,0.326,2.11,1.0,<Residue SER het=  resseq=8 icode= >,1f4k_B_A,2.5
6,3.503,THR, ,N,49.31,3.09,3.503,1.61,1.0,<Residue THR het=  resseq=9 icode= >,1f4k_B_A,2.5
7,9.056,THR, ,CA,46.05,3.77,4.599,2.45,1.0,<Residue THR het=  resseq=9 icode= >,1f4k_B_A,2.5
8,2.888,THR, ,C,44.88,4.53,0.613,3.45,1.0,<Residue THR het=  resseq=9 icode= >,1f4k_B_A,2.5
9,26.517,THR, ,O,44.58,5.48,26.35,2.45,1.0,<Residue THR het=  resseq=9 icode= >,1f4k_B_A,2.5
10,16.156,THR, ,CB,46.35,3.37,16.156,2.41,1.0,<Residue THR het=  resseq=9 icode= >,1f4k_B_A,2.5
11,19.056,THR, ,OG1,44.83,2.56,19.056,2.06,1.0,<Residue THR het=  resseq=9 icode= >,1f4k_B_A,2.5
12,65.491,THR, ,CG2,46.75,3.23,59.995,0.60,1.0,<Residue THR het=  resseq=9 icode= >,1f4k_B_A,2.5
13,0.382,GLY, ,N,42.16,4.56,0.262,2.86,1.0,<Residue GLY het=  resseq=10 icode= >,1f4k_B_A,2.5
14,22.859,GLY, ,CA,40.22,5.73,6.569,2.22,1.0,<Residue GLY het=  resseq=10 icode= >,1f4k_B_A,2.5
15,0.55,GLY, ,C,38.97,5.94,0.55,3.91,1.0,<Residue GLY het=  resseq=10 icode= >,1f4k_B_A,2.5
16,7.281,GLY, ,O,38.94,7.06,7.281,3.29,1.0,<Residue GLY het=  resseq=10 icode= >,1f4k_B_A,2.5
17,4.51,PHE, ,N,38.03,5.18,0.592,3.19,1.0,<Residue PHE het=  resseq=11 icode= >,1f4k_B_A,2.5
18,1.638,PHE, ,CA,36.51,5.88,1.638,3.16,1.0,<Residue PHE het=  resseq=11 icode= >,1f4k_B_A,2.5
19,0.0,PHE, ,C,35.97,6.92,0.0,4.08,1.0,<Residue PHE het=  resseq=11 icode= >,1f4k_B_A,2.5
20,3.262,PHE, ,O,35.01,7.48,0.0,2.80,1.0,<Residue PHE het=  resseq=11 icode= >,1f4k_B_A,2.5
21,15.757,PHE, ,CB,35.72,5.16,11.399,2.15,1.0,<Residue PHE het=  resseq=11 icode= >,1f4k_B_A,2.5
22,2.076,PHE, ,CG,37.45,5.88,2.076,2.35,1.0,<Residue PHE het=  resseq=11 icode= >,1f4k_B_A,2.5
23,14.09,PHE, ,CD1,36.54,6.81,14.09,2.26,1.0,<Residue PHE het=  resseq=11 icode= >,1f4k_B_A,2.5
24,19.797,PHE, ,CD2,35.85,4.82,10.686,2.10,1.0,<Residue PHE het=  resseq=11 icode= >,1f4k_B_A,2.5
25,25.679,PHE, ,CE1,36.52,6.84,25.679,2.55,1.0,<Residue PHE het=  resseq=11 icode= >,1f4k_B_A,2.5
26,23.901,PHE, ,CE2,35.38,4.85,23.273,2.30,1.0,<Residue PHE het=  resseq=11 icode= >,1f4k_B_A,2.5
27,25.86,PHE, ,CZ,36.47,5.94,25.86,2.14,1.0,<Residue PHE het=  resseq=11 icode= >,1f4k_B_A,2.5
28,0.0,LEU, ,N,34.62,7.43,0.0,2.99,1.0,<Residue LEU het=  resseq=12 icode= >,1f4k_B_A,2.5
29,0.0,LEU, ,CA,33.41,8.09,0.0,3.34,1.0,<Residue LEU het=  resseq=12 icode= >,1f4k_B_A,2.5
30,0.289,LEU, ,C,33.66,7.78,0.0,4.01,1.0,<Residue LEU het=  resseq=12 icode= >,1f4k_B_A,2.5
31,6.122,LEU, ,O,35.25,7.17,0.0,2.41,1.0,<Residue LEU het=  resseq=12 icode= >,1f4k_B_A,2.5
32,10.688,LEU, ,CB,32.15,7.60,6.455,2.75,1.0,<Residue LEU het=  resseq=12 icode= >,1f4k_B_A,2.5
33,0.0,LEU, ,CG,31.74,7.82,0.0,3.23,1.0,<Residue LEU het=  resseq=12 icode= >,1f4k_B_A,2.5
34,36.002,LEU, ,CD1,29.26,7.66,36.002,1.91,1.0,<Residue LEU het=  resseq=12 icode= >,1f4k_B_A,2.5
35,1.094,LEU, ,CD2,31.81,9.32,1.094,1.85,1.0,<Residue LEU het=  resseq=12 icode= >,1f4k_B_A,2.5
36,0.912,VAL, ,N,31.77,7.86,0.0,3.13,1.0,<Residue VAL het=  resseq=13 icode= >,1f4k_B_A,2.5
37,5.174,VAL, ,CA,29.98,7.24,0.0,3.17,1.0,<Residue VAL het=  resseq=13 icode= >,1f4k_B_A,2.5
38,0.0,VAL, ,C,31.29,5.71,0.0,3.40,1.0,<Residue VAL het=  resseq=13 icode= >,1f4k_B_A,2.5
39,13.806,VAL, ,O,31.53,5.28,10.535,2.48,1.0,<Residue VAL het=  resseq=13 icode= >,1f4k_B_A,2.5
40,0.0,VAL, ,CB,28.63,8.00,0.0,3.50,1.0,<Residue VAL het=  resseq=13 icode= >,1f4k_B_A,2.5
41,14.576,VAL, ,CG1,24.39,7.95,14.576,2.27,1.0,<Residue VAL het=  resseq=13 icode= >,1f4k_B_A,2.5
42,0.0,VAL, ,CG2,29.03,7.78,0.0,1.54,1.0,<Residue VAL het=  resseq=13 icode= >,1f4k_B_A,2.5
43,1.691,LYS, ,N,31.87,5.16,0.0,3.27,1.0,<Residue LYS het=  resseq=14 icode= >,1f4k_B_A,2.5
44,1.088,LYS, ,CA,33.1,3.75,0.689,3.23,1.0,<Residue LYS het=  resseq=14 icode= >,1f4k_B_A,2.5
45,0.211,LYS, ,C,33.04,3.68,0.211,4.41,1.0,<Residue LYS het=  resseq=14 icode= >,1f4k_B_A,2.5
46,0.0,LYS, ,O,33.06,4.83,0.0,3.00,1.0,<Residue LYS het=  resseq=14 icode= >,1f4k_B_A,2.5
47,14.157,LYS, ,CB,35.08,3.84,6.727,1.65,1.0,<Residue LYS het=  resseq=14 icode= >,1f4k_B_A,2.5
48,28.476,LYS, ,CG,36.29,4.08,13.775,1.91,1.0,<Residue LYS het=  resseq=14 icode= >,1f4k_B_A,2.5
49,17.715,LYS, ,CD,40.29,3.67,10.271,1.49,1.0,<Residue LYS het=  resseq=14 icode= >,1f4k_B_A,2.5
50,47.499,LYS, ,CE,42.33,3.97,24.167,1.52,1.0,<Residue LYS het=  resseq=14 icode= >,1f4k_B_A,2.5
51,28.374,LYS, ,NZ,43.8,4.83,5.764,0.73,1.0,<Residue LYS het=  resseq=14 icode= >,1f4k_B_A,2.5
52,7.872,GLN, ,N,32.19,2.72,7.872,3.34,1.0,<Residue GLN het=  resseq=15 icode= >,1f4k_B_A,2.5
53,3.599,GLN, ,CA,32.29,3.52,3.599,3.38,1.0,<Residue GLN het=  resseq=15 icode= >,1f4k_B_A,2.5
54,0.0,GLN, ,C,32.9,4.25,0.0,3.55,1.0,<Residue GLN het=  resseq=15 icode= >,1f4k_B_A,2.5
55,0.0,GLN, ,O,30.9,5.43,0.0,3.09,1.0,<Residue GLN het=  resseq=15 icode= >,1f4k_B_A,2.5
56,18.619,GLN, ,CB,31.08,3.22,18.562,3.27,1.0,<Residue GLN het=  resseq=15 icode= >,1f4k_B_A,2.5
57,5.648,GLN, ,CG,29.72,4.67,5.648,2.88,1.0,<Residue GLN het=  resseq=15 icode= >,1f4k_B_A,2.5
58,0.0,GLN, ,CD,33.28,4.13,0.0,4.31,1.0,<Residue GLN het=  resseq=15 icode= >,1f4k_B_A,2.5
59,2.069,GLN, ,OE1,32.21,4.17,2.069,2.47,1.0,<Residue GLN het=  resseq=15 icode= >,1f4k_B_A,2.5
60,42.116,GLN, ,NE2,31.18,3.24,41.51,3.20,1.0,<Residue GLN het=  resseq=15 icode= >,1f4k_B_A,2.5
61,2.405,ARG, ,N,32.18,3.34,2.405,2.77,1.0,<Residue ARG het=  resseq=16 icode= >,1f4k_B_A,2.5
62,0.0,ARG, ,CA,30.34,4.16,0.0,3.15,1.0,<Residue ARG het=  resseq=16 icode= >,1f4k_B_A,2.5
63,0.0,ARG, ,C,28.51,5.39,0.0,3.83,1.0,<Residue ARG het=  resseq=16 icode= >,1f4k_B_A,2.5
64,0.0,ARG, ,O,26.32,6.50,0.0,2.92,1.0,<Residue ARG het=  resseq=16 icode= >,1f4k_B_A,2.5
65,8.928,ARG, ,CB,32.09,3.76,4.692,1.85,1.0,<Residue ARG het=  resseq=16 icode= >,1f4k_B_A,2.5
66,2.51,ARG, ,CG,36.73,5.15,0.0,1.35,1.0,<Residue ARG het=  resseq=16 icode= >,1f4k_B_A,2.5
67,0.0,ARG, ,CD,39.8,5.67,0.0,1.62,1.0,<Residue ARG het=  resseq=16 icode= >,1f4k_B_A,2.5
68,0.0,ARG, ,NE,44.22,4.87,0.0,1.84,1.0,<Residue ARG het=  resseq=16 icode= >,1f4k_B_A,2.5
69,0.78,ARG, ,CZ,44.07,4.41,0.214,3.27,1.0,<Residue ARG het=  resseq=16 icode= >,1f4k_B_A,2.5
70,26.903,ARG, ,NH1,43.57,5.17,5.663,1.79,1.0,<Residue ARG het=  resseq=16 icode= >,1f4k_B_A,2.5
71,36.184,ARG, ,NH2,43.38,3.16,32.097,1.43,1.0,<Residue ARG het=  resseq=16 icode= >,1f4k_B_A,2.5
72,0.839,ALA, ,N,25.53,5.45,0.0,3.90,1.0,<Residue ALA het=  resseq=17 icode= >,1f4k_B_A,2.5
73,0.145,ALA, ,CA,27.88,6.83,0.0,3.73,1.0,<Residue ALA het=  resseq=17 icode= >,1f4k_B_A,2.5
74,0.0,ALA, ,C,28.89,7.66,0.0,4.33,1.0,<Residue ALA het=  resseq=17 icode= >,1f4k_B_A,2.5
75,0.0,ALA, ,O,29.57,8.80,0.0,3.28,1.0,<Residue ALA het=  resseq=17 icode= >,1f4k_B_A,2.5
76,17.076,ALA, ,CB,26.91,7.10,0.0,2.08,1.0,<Residue ALA het=  resseq=17 icode= >,1f4k_B_A,2.5
77,0.0,PHE, ,N,29.92,7.27,0.0,3.55,1.0,<Residue PHE het=  resseq=18 icode= >,1f4k_B_A,2.5
78,0.0,PHE, ,CA,29.93,8.13,0.0,3.67,1.0,<Residue PHE het=  resseq=18 icode= >,1f4k_B_A,2.5
79,0.0,PHE, ,C,30.33,8.81,0.0,4.17,1.0,<Residue PHE het=  resseq=18 icode= >,1f4k_B_A,2.5
80,0.0,PHE, ,O,31.39,10.03,0.0,2.88,1.0,<Residue PHE het=  resseq=18 icode= >,1f4k_B_A,2.5
81,1.346,PHE, ,CB,32.46,7.34,1.346,1.60,1.0,<Residue PHE het=  resseq=18 icode= >,1f4k_B_A,2.5
82,1.424,PHE, ,CG,30.9,8.33,1.406,2.79,1.0,<Residue PHE het=  resseq=18 icode= >,1f4k_B_A,2.5
83,0.836,PHE, ,CD1,30.76,8.86,0.836,2.10,1.0,<Residue PHE het=  resseq=18 icode= >,1f4k_B_A,2.5
84,4.926,PHE, ,CD2,31.4,8.89,4.926,1.90,1.0,<Residue PHE het=  resseq=18 icode= >,1f4k_B_A,2.5
85,0.571,PHE, ,CE1,33.52,9.85,0.571,1.71,1.0,<Residue PHE het=  resseq=18 icode= >,1f4k_B_A,2.5
86,28.064,PHE, ,CE2,32.81,9.89,28.064,1.90,1.0,<Residue PHE het=  resseq=18 icode= >,1f4k_B_A,2.5
87,13.721,PHE, ,CZ,30.77,10.33,13.721,2.32,1.0,<Residue PHE het=  resseq=18 icode= >,1f4k_B_A,2.5
88,0.0,LEU, ,N,30.06,8.06,0.0,2.84,1.0,<Residue LEU het=  resseq=19 icode= >,1f4k_B_A,2.5
89,0.0,LEU, ,CA,29.11,8.86,0.0,3.33,1.0,<Residue LEU het=  resseq=19 icode= >,1f4k_B_A,2.5
90,0.0,LEU, ,C,29.29,9.61,0.0,5.08,1.0,<Residue LEU het=  resseq=19 icode= >,1f4k_B_A,2.5
91,0.0,LEU, ,O,29.05,10.78,0.0,3.05,1.0,<Residue LEU het=  resseq=19 icode= >,1f4k_B_A,2.5
92,0.0,LEU, ,CB,26.32,8.23,0.0,3.03,1.0,<Residue LEU het=  resseq=19 icode= >,1f4k_B_A,2.5
93,0.0,LEU, ,CG,28.66,8.05,0.0,2.86,1.0,<Residue LEU het=  resseq=19 icode= >,1f4k_B_A,2.5
94,0.0,LEU, ,CD1,29.07,7.49,0.0,1.67,1.0,<Residue LEU het=  resseq=19 icode= >,1f4k_B_A,2.5
95,0.0,LEU, ,CD2,28.44,9.13,0.0,1.64,1.0,<Residue LEU het=  resseq=19 icode= >,1f4k_B_A,2.5
96,0.0,LYS, ,N,29.85,9.13,0.0,3.54,1.0,<Residue LYS het=  resseq=20 icode= >,1f4k_B_A,2.5
97,0.0,LYS, ,CA,32.25,10.12,0.0,3.27,1.0,<Residue LYS het=  resseq=20 icode= >,1f4k_B_A,2.5
98,0.0,LYS, ,C,32.72,11.33,0.0,4.24,1.0,<Residue LYS het=  resseq=20 icode= >,1f4k_B_A,2.5
99,0.0,LYS, ,O,30.21,12.46,0.0,3.59,1.0,<Residue LYS het=  resseq=20 icode= >,1f4k_B_A,2.5
100,0.0,LYS, ,CB,32.81,9.73,0.0,2.33,1.0,<Residue LYS het=  resseq=20 icode= >,1f4k_B_A,2.5
101,0.0,LYS, ,CG,32.29,8.98,0.0,2.78,1.0,<Residue LYS het=  resseq=20 icode= >,1f4k_B_A,2.5
102,0.0,LYS, ,CD,32.26,9.52,0.0,2.65,1.0,<Residue LYS het=  resseq=20 icode= >,1f4k_B_A,2.5
103,3.36,LYS, ,CE,35.27,9.15,0.0,2.58,1.0,<Residue LYS het=  resseq=20 icode= >,1f4k_B_A,2.5
104,8.939,LYS, ,NZ,35.92,9.54,0.0,2.22,1.0,<Residue LYS het=  resseq=20 icode= >,1f4k_B_A,2.5
105,0.0,LEU, ,N,34.08,11.19,0.0,2.89,1.0,<Residue LEU het=  resseq=21 icode= >,1f4k_B_A,2.5
106,0.0,LEU, ,CA,34.2,12.43,0.0,3.31,1.0,<Residue LEU het=  resseq=21 icode= >,1f4k_B_A,2.5
107,0.0,LEU, ,C,34.59,13.29,0.0,4.43,1.0,<Residue LEU het=  resseq=21 icode= >,1f4k_B_A,2.5
108,0.0,LEU, ,O,35.36,14.47,0.0,3.40,1.0,<Residue LEU het=  resseq=21 icode= >,1f4k_B_A,2.5
109,0.0,LEU, ,CB,34.52,12.28,0.0,2.17,1.0,<Residue LEU het=  resseq=21 icode= >,1f4k_B_A,2.5
110,2.345,LEU, ,CG,34.4,13.67,2.345,3.01,1.0,<Residue LEU het=  resseq=21 icode= >,1f4k_B_A,2.5
111,7.468,LEU, ,CD1,33.68,14.63,7.468,1.54,1.0,<Residue LEU het=  resseq=21 icode= >,1f4k_B_A,2.5
112,18.083,LEU, ,CD2,32.82,13.52,18.056,1.57,1.0,<Residue LEU het=  resseq=21 icode= >,1f4k_B_A,2.5
113,0.0,TYR, ,N,34.3,12.80,0.0,3.83,1.0,<Residue TYR het=  resseq=22 icode= >,1f4k_B_A,2.5
114,0.535,TYR, ,CA,34.18,13.74,0.535,4.52,1.0,<Residue TYR het=  resseq=22 icode= >,1f4k_B_A,2.5
115,0.0,TYR, ,C,35.64,14.30,0.0,4.63,1.0,<Residue TYR het=  resseq=22 icode= >,1f4k_B_A,2.5
116,0.014,TYR, ,O,37.92,14.33,0.0,2.90,1.0,<Residue TYR het=  resseq=22 icode= >,1f4k_B_A,2.5
117,0.0,TYR, ,CB,35.29,13.25,0.0,2.85,1.0,<Residue TYR het=  resseq=22 icode= >,1f4k_B_A,2.5
118,0.492,TYR, ,CG,34.0,13.61,0.492,3.25,1.0,<Residue TYR het=  resseq=22 icode= >,1f4k_B_A,2.5
119,1.044,TYR, ,CD1,35.21,12.85,1.044,1.94,1.0,<Residue TYR het=  resseq=22 icode= >,1f4k_B_A,2.5
120,4.721,TYR, ,CD2,34.47,14.68,1.181,1.56,1.0,<Residue TYR het=  resseq=22 icode= >,1f4k_B_A,2.5
121,9.584,TYR, ,CE1,35.97,13.22,9.584,2.17,1.0,<Residue TYR het=  resseq=22 icode= >,1f4k_B_A,2.5
122,11.014,TYR, ,CE2,33.61,15.03,9.012,1.70,1.0,<Residue TYR het=  resseq=22 icode= >,1f4k_B_A,2.5
123,5.241,TYR, ,CZ,35.0,14.31,5.241,3.50,1.0,<Residue TYR het=  resseq=22 icode= >,1f4k_B_A,2.5
124,26.484,TYR, ,OH,35.58,14.82,26.484,3.48,1.0,<Residue TYR het=  resseq=22 icode= >,1f4k_B_A,2.5
125,0.0,MET, ,N,35.56,13.61,0.0,2.77,1.0,<Residue MET het=  resseq=23 icode= >,1f4k_B_A,2.5
126,1.677,MET, ,CA,34.91,12.80,0.0,3.03,1.0,<Residue MET het=  resseq=23 icode= >,1f4k_B_A,2.5
127,0.0,MET, ,C,35.42,13.46,0.0,3.88,1.0,<Residue MET het=  resseq=23 icode= >,1f4k_B_A,2.5
128,1.531,MET, ,O,35.4,13.25,0.0,2.86,1.0,<Residue MET het=  resseq=23 icode= >,1f4k_B_A,2.5
129,0.0,MET, ,CB,35.83,11.63,0.0,1.98,1.0,<Residue MET het=  resseq=23 icode= >,1f4k_B_A,2.5
130,0.0,MET, ,CG,35.27,10.92,0.0,2.73,1.0,<Residue MET het=  resseq=23 icode= >,1f4k_B_A,2.5
131,0.08,MET, ,SD,36.62,10.21,0.0,5.16,1.0,<Residue MET het=  resseq=23 icode= >,1f4k_B_A,2.5
132,0.0,MET, ,CE,37.47,11.09,0.0,1.34,1.0,<Residue MET het=  resseq=23 icode= >,1f4k_B_A,2.5
133,0.0,ILE, ,N,34.78,14.31,0.0,3.00,1.0,<Residue ILE het=  resseq=24 icode= >,1f4k_B_A,2.5
134,0.0,ILE, ,CA,35.38,15.15,0.0,3.24,1.0,<Residue ILE het=  resseq=24 icode= >,1f4k_B_A,2.5
135,0.0,ILE, ,C,36.41,16.08,0.0,3.71,1.0,<Residue ILE het=  resseq=24 icode= >,1f4k_B_A,2.5
136,0.0,ILE, ,O,35.72,15.99,0.0,2.96,1.0,<Residue ILE het=  resseq=24 icode= >,1f4k_B_A,2.5
137,0.0,ILE, ,CB,34.94,16.09,0.0,2.69,1.0,<Residue ILE het=  resseq=24 icode= >,1f4k_B_A,2.5
138,0.0,ILE, ,CG1,34.96,15.41,0.0,1.94,1.0,<Residue ILE het=  resseq=24 icode= >,1f4k_B_A,2.5
139,0.0,ILE, ,CG2,35.64,17.29,0.0,1.36,1.0,<Residue ILE het=  resseq=24 icode= >,1f4k_B_A,2.5
140,0.0,ILE, ,CD1,33.44,15.40,0.0,1.40,1.0,<Residue ILE het=  resseq=24 icode= >,1f4k_B_A,2.5
141,0.0,THR, ,N,37.87,16.76,0.0,2.85,1.0,<Residue THR het=  resseq=25 icode= >,1f4k_B_A,2.5
142,0.0,THR, ,CA,39.73,17.31,0.0,2.75,1.0,<Residue THR het=  resseq=25 icode= >,1f4k_B_A,2.5
143,0.0,THR, ,C,40.54,16.31,0.0,3.95,1.0,<Residue THR het=  resseq=25 icode= >,1f4k_B_A,2.5
144,0.0,THR, ,O,39.68,16.68,0.0,3.20,1.0,<Residue THR het=  resseq=25 icode= >,1f4k_B_A,2.5
145,2.337,THR, ,CB,40.49,17.98,2.24,2.72,1.0,<Residue THR het=  resseq=25 icode= >,1f4k_B_A,2.5
146,11.745,THR, ,OG1,43.11,17.78,11.224,1.75,1.0,<Residue THR het=  resseq=25 icode= >,1f4k_B_A,2.5
147,30.573,THR, ,CG2,39.6,18.48,19.856,1.12,1.0,<Residue THR het=  resseq=25 icode= >,1f4k_B_A,2.5
148,0.0,MET, ,N,42.22,15.12,0.0,2.46,1.0,<Residue MET het=  resseq=26 icode= >,1f4k_B_A,2.5
149,0.026,MET, ,CA,42.29,14.20,0.0,3.31,1.0,<Residue MET het=  resseq=26 icode= >,1f4k_B_A,2.5
150,1.251,MET, ,C,42.86,13.67,0.0,3.82,1.0,<Residue MET het=  resseq=26 icode= >,1f4k_B_A,2.5
151,1.715,MET, ,O,43.06,13.37,0.0,2.03,1.0,<Residue MET het=  resseq=26 icode= >,1f4k_B_A,2.5
152,2.218,MET, ,CB,43.61,13.10,0.0,2.51,1.0,<Residue MET het=  resseq=26 icode= >,1f4k_B_A,2.5
153,12.659,MET, ,CG,45.28,13.44,0.0,2.50,1.0,<Residue MET het=  resseq=26 icode= >,1f4k_B_A,2.5
154,0.58,MET, ,SD,51.51,12.70,0.0,3.90,1.0,<Residue MET het=  resseq=26 icode= >,1f4k_B_A,2.5
155,1.264,MET, ,CE,50.1,12.07,0.0,1.04,1.0,<Residue MET het=  resseq=26 icode= >,1f4k_B_A,2.5
156,0.118,THR, ,N,42.02,13.75,0.0,2.91,1.0,<Residue THR het=  resseq=27 icode= >,1f4k_B_A,2.5
157,3.328,THR, ,CA,42.3,13.51,0.0,2.79,1.0,<Residue THR het=  resseq=27 icode= >,1f4k_B_A,2.5
158,0.0,THR, ,C,43.69,14.79,0.0,3.13,1.0,<Residue THR het=  resseq=27 icode= >,1f4k_B_A,2.5
159,3.258,THR, ,O,43.17,14.87,0.0,2.63,1.0,<Residue THR het=  resseq=27 icode= >,1f4k_B_A,2.5
160,0.0,THR, ,CB,40.84,13.47,0.0,3.38,1.0,<Residue THR het=  resseq=27 icode= >,1f4k_B_A,2.5
161,4.729,THR, ,OG1,40.56,12.33,0.0,2.04,1.0,<Residue THR het=  resseq=27 icode= >,1f4k_B_A,2.5
162,0.0,THR, ,CG2,40.3,13.56,0.0,1.55,1.0,<Residue THR het=  resseq=27 icode= >,1f4k_B_A,2.5
163,0.0,GLU, ,N,45.02,15.87,0.0,2.46,1.0,<Residue GLU het=  resseq=28 icode= >,1f4k_B_A,2.5
164,5.352,GLU, ,CA,45.95,17.16,0.0,3.16,1.0,<Residue GLU het=  resseq=28 icode= >,1f4k_B_A,2.5
165,0.549,GLU, ,C,46.27,17.28,0.0,3.71,1.0,<Residue GLU het=  resseq=28 icode= >,1f4k_B_A,2.5
166,31.015,GLU, ,O,46.47,18.04,0.0,2.23,1.0,<Residue GLU het=  resseq=28 icode= >,1f4k_B_A,2.5
167,5.49,GLU, ,CB,47.0,18.30,0.0,1.67,1.0,<Residue GLU het=  resseq=28 icode= >,1f4k_B_A,2.5
168,2.58,GLU, ,CG,48.26,18.87,0.0,1.29,1.0,<Residue GLU het=  resseq=28 icode= >,1f4k_B_A,2.5
169,0.177,GLU, ,CD,48.38,20.06,0.0,3.17,1.0,<Residue GLU het=  resseq=28 icode= >,1f4k_B_A,2.5
170,23.253,GLU, ,OE1,48.6,20.87,0.0,2.04,1.0,<Residue GLU het=  resseq=28 icode= >,1f4k_B_A,2.5
171,0.0,GLU, ,OE2,48.3,20.29,0.0,1.84,1.0,<Residue GLU het=  resseq=28 icode= >,1f4k_B_A,2.5
172,0.0,GLN, ,N,46.17,16.65,0.0,3.08,1.0,<Residue GLN het=  resseq=29 icode= >,1f4k_B_A,2.5
173,5.477,GLN, ,CA,46.28,17.00,0.0,2.64,1.0,<Residue GLN het=  resseq=29 icode= >,1f4k_B_A,2.5
174,4.131,GLN, ,C,47.13,16.05,0.0,3.08,1.0,<Residue GLN het=  resseq=29 icode= >,1f4k_B_A,2.5
175,20.054,GLN, ,O,46.2,16.56,0.0,2.17,1.0,<Residue GLN het=  resseq=29 icode= >,1f4k_B_A,2.5
176,12.856,GLN, ,CB,46.91,17.54,0.0,1.62,1.0,<Residue GLN het=  resseq=29 icode= >,1f4k_B_A,2.5
177,9.754,GLN, ,CG,49.67,18.47,0.0,1.49,1.0,<Residue GLN het=  resseq=29 icode= >,1f4k_B_A,2.5
178,4.371,GLN, ,CD,50.48,19.07,0.0,2.91,1.0,<Residue GLN het=  resseq=29 icode= >,1f4k_B_A,2.5
179,26.929,GLN, ,OE1,51.96,18.51,0.0,2.08,1.0,<Residue GLN het=  resseq=29 icode= >,1f4k_B_A,2.5
180,45.844,GLN, ,NE2,52.09,20.29,2.974,0.95,1.0,<Residue GLN het=  resseq=29 icode= >,1f4k_B_A,2.5
181,1.006,GLU, ,N,48.34,14.77,0.0,1.93,1.0,<Residue GLU het=  resseq=30 icode= >,1f4k_B_A,2.5
182,10.333,GLU, ,CA,47.67,13.85,0.0,2.99,1.0,<Residue GLU het=  resseq=30 icode= >,1f4k_B_A,2.5
183,1.618,GLU, ,C,47.18,12.61,0.0,3.50,1.0,<Residue GLU het=  resseq=30 icode= >,1f4k_B_A,2.5
184,1.598,GLU, ,O,47.0,12.49,0.0,2.27,1.0,<Residue GLU het=  resseq=30 icode= >,1f4k_B_A,2.5
185,2.454,GLU, ,CB,48.83,13.56,0.0,2.23,1.0,<Residue GLU het=  resseq=30 icode= >,1f4k_B_A,2.5
186,8.346,GLU, ,CG,54.04,14.89,0.0,0.95,1.0,<Residue GLU het=  resseq=30 icode= >,1f4k_B_A,2.5
187,10.157,GLU, ,CD,56.73,14.92,0.0,1.45,1.0,<Residue GLU het=  resseq=30 icode= >,1f4k_B_A,2.5
188,20.15,GLU, ,OE1,58.27,14.53,0.0,1.09,1.0,<Residue GLU het=  resseq=30 icode= >,1f4k_B_A,2.5
189,42.102,GLU, ,OE2,57.16,15.36,0.0,1.31,1.0,<Residue GLU het=  resseq=30 icode= >,1f4k_B_A,2.5
190,4.244,ARG, ,N,46.43,11.82,0.0,2.33,1.0,<Residue ARG het=  resseq=31 icode= >,1f4k_B_A,2.5
191,1.49,ARG, ,CA,46.67,10.66,0.0,2.70,1.0,<Residue ARG het=  resseq=31 icode= >,1f4k_B_A,2.5
192,0.014,ARG, ,C,46.01,9.56,0.0,3.18,1.0,<Residue ARG het=  resseq=31 icode= >,1f4k_B_A,2.5
193,16.164,ARG, ,O,45.31,9.52,0.0,2.26,1.0,<Residue ARG het=  resseq=31 icode= >,1f4k_B_A,2.5
194,21.99,ARG, ,CB,46.56,11.17,0.0,1.87,1.0,<Residue ARG het=  resseq=31 icode= >,1f4k_B_A,2.5
195,5.243,ARG, ,CG,49.45,10.80,0.0,1.52,1.0,<Residue ARG het=  resseq=31 icode= >,1f4k_B_A,2.5
196,21.278,ARG, ,CD,48.37,11.96,0.0,2.08,1.0,<Residue ARG het=  resseq=31 icode= >,1f4k_B_A,2.5
197,0.773,ARG, ,NE,49.97,12.29,0.0,2.22,1.0,<Residue ARG het=  resseq=31 icode= >,1f4k_B_A,2.5
198,4.056,ARG, ,CZ,50.55,13.23,0.0,3.47,1.0,<Residue ARG het=  resseq=31 icode= >,1f4k_B_A,2.5
199,27.396,ARG, ,NH1,51.64,13.91,0.0,1.82,1.0,<Residue ARG het=  resseq=31 icode= >,1f4k_B_A,2.5
200,9.37,ARG, ,NH2,51.03,13.65,0.0,1.37,1.0,<Residue ARG het=  resseq=31 icode= >,1f4k_B_A,2.5
201,3.264,LEU, ,N,45.66,8.91,0.0,1.75,1.0,<Residue LEU het=  resseq=32 icode= >,1f4k_B_A,2.5
202,0.263,LEU, ,CA,44.35,7.98,0.0,2.49,1.0,<Residue LEU het=  resseq=32 icode= >,1f4k_B_A,2.5
203,0.0,LEU, ,C,43.78,6.61,0.0,3.70,1.0,<Residue LEU het=  resseq=32 icode= >,1f4k_B_A,2.5
204,3.991,LEU, ,O,43.77,6.67,0.0,2.73,1.0,<Residue LEU het=  resseq=32 icode= >,1f4k_B_A,2.5
205,0.242,LEU, ,CB,43.78,8.69,0.0,2.20,1.0,<Residue LEU het=  resseq=32 icode= >,1f4k_B_A,2.5
206,0.048,LEU, ,CG,43.24,10.06,0.0,2.34,1.0,<Residue LEU het=  resseq=32 icode= >,1f4k_B_A,2.5
207,1.665,LEU, ,CD1,41.58,10.66,0.0,1.05,1.0,<Residue LEU het=  resseq=32 icode= >,1f4k_B_A,2.5
208,31.836,LEU, ,CD2,40.49,9.95,0.0,1.46,1.0,<Residue LEU het=  resseq=32 icode= >,1f4k_B_A,2.5
209,0.0,TYR, ,N,41.33,5.59,0.0,3.29,1.0,<Residue TYR het=  resseq=33 icode= >,1f4k_B_A,2.5
210,0.0,TYR, ,CA,40.44,4.26,0.0,2.68,1.0,<Residue TYR het=  resseq=33 icode= >,1f4k_B_A,2.5
211,0.0,TYR, ,C,39.8,4.21,0.0,3.12,1.0,<Residue TYR het=  resseq=33 icode= >,1f4k_B_A,2.5
212,0.0,TYR, ,O,39.19,4.76,0.0,2.43,1.0,<Residue TYR het=  resseq=33 icode= >,1f4k_B_A,2.5
213,1.24,TYR, ,CB,40.12,3.31,1.24,1.85,1.0,<Residue TYR het=  resseq=33 icode= >,1f4k_B_A,2.5
214,0.0,TYR, ,CG,41.05,3.88,0.0,3.02,1.0,<Residue TYR het=  resseq=33 icode= >,1f4k_B_A,2.5
215,3.993,TYR, ,CD1,41.61,3.63,3.993,2.05,1.0,<Residue TYR het=  resseq=33 icode= >,1f4k_B_A,2.5
216,2.893,TYR, ,CD2,40.35,5.05,0.0,2.45,1.0,<Residue TYR het=  resseq=33 icode= >,1f4k_B_A,2.5
217,6.841,TYR, ,CE1,42.1,3.54,6.809,1.81,1.0,<Residue TYR het=  resseq=33 icode= >,1f4k_B_A,2.5
218,6.021,TYR, ,CE2,41.17,4.67,0.0,2.16,1.0,<Residue TYR het=  resseq=33 icode= >,1f4k_B_A,2.5
219,0.295,TYR, ,CZ,43.41,3.41,0.295,2.76,1.0,<Residue TYR het=  resseq=33 icode= >,1f4k_B_A,2.5
220,13.878,TYR, ,OH,43.0,2.56,12.419,2.10,1.0,<Residue TYR het=  resseq=33 icode= >,1f4k_B_A,2.5
221,4.48,GLY, ,N,38.97,3.50,3.759,2.60,1.0,<Residue GLY het=  resseq=34 icode= >,1f4k_B_A,2.5
222,0.828,GLY, ,CA,38.36,3.39,0.617,2.29,1.0,<Residue GLY het=  resseq=34 icode= >,1f4k_B_A,2.5
223,0.882,GLY, ,C,38.32,3.61,0.0,3.62,1.0,<Residue GLY het=  resseq=34 icode= >,1f4k_B_A,2.5
224,0.0,GLY, ,O,37.86,4.82,0.0,2.55,1.0,<Residue GLY het=  resseq=34 icode= >,1f4k_B_A,2.5
225,0.409,LEU, ,N,37.54,2.91,0.409,3.13,1.0,<Residue LEU het=  resseq=35 icode= >,1f4k_B_A,2.5
226,0.0,LEU, ,CA,38.18,3.97,0.0,3.53,1.0,<Residue LEU het=  resseq=35 icode= >,1f4k_B_A,2.5
227,0.289,LEU, ,C,39.74,5.11,0.0,3.93,1.0,<Residue LEU het=  resseq=35 icode= >,1f4k_B_A,2.5
228,4.06,LEU, ,O,41.84,5.91,0.0,2.51,1.0,<Residue LEU het=  resseq=35 icode= >,1f4k_B_A,2.5
229,11.347,LEU, ,CB,37.49,3.89,4.922,2.82,1.0,<Residue LEU het=  resseq=35 icode= >,1f4k_B_A,2.5
230,2.701,LEU, ,CG,39.92,3.51,2.701,2.39,1.0,<Residue LEU het=  resseq=35 icode= >,1f4k_B_A,2.5
231,65.03,LEU, ,CD1,38.1,3.31,51.719,1.29,1.0,<Residue LEU het=  resseq=35 icode= >,1f4k_B_A,2.5
232,11.929,LEU, ,CD2,36.06,3.87,3.927,1.26,1.0,<Residue LEU het=  resseq=35 icode= >,1f4k_B_A,2.5
233,0.0,LYS, ,N,38.88,5.11,0.0,3.41,1.0,<Residue LYS het=  resseq=36 icode= >,1f4k_B_A,2.5
234,0.0,LYS, ,CA,41.49,6.47,0.0,2.94,1.0,<Residue LYS het=  resseq=36 icode= >,1f4k_B_A,2.5
235,0.0,LYS, ,C,40.48,7.28,0.0,4.32,1.0,<Residue LYS het=  resseq=36 icode= >,1f4k_B_A,2.5
236,0.036,LYS, ,O,39.71,8.41,0.0,3.76,1.0,<Residue LYS het=  resseq=36 icode= >,1f4k_B_A,2.5
237,0.0,LYS, ,CB,43.97,6.73,0.0,1.56,1.0,<Residue LYS het=  resseq=36 icode= >,1f4k_B_A,2.5
238,4.792,LYS, ,CG,47.21,6.60,0.0,1.68,1.0,<Residue LYS het=  resseq=36 icode= >,1f4k_B_A,2.5
239,2.359,LYS, ,CD,50.76,5.38,0.054,1.19,1.0,<Residue LYS het=  resseq=36 icode= >,1f4k_B_A,2.5
240,31.75,LYS, ,CE,53.49,5.63,0.0,0.64,1.0,<Residue LYS het=  resseq=36 icode= >,1f4k_B_A,2.5
241,30.095,LYS, ,NZ,54.35,5.07,0.948,0.91,1.0,<Residue LYS het=  resseq=36 icode= >,1f4k_B_A,2.5
242,0.0,LEU, ,N,39.98,6.93,0.0,2.98,1.0,<Residue LEU het=  resseq=37 icode= >,1f4k_B_A,2.5
243,0.0,LEU, ,CA,40.28,7.98,0.0,3.75,1.0,<Residue LEU het=  resseq=37 icode= >,1f4k_B_A,2.5
244,0.0,LEU, ,C,41.96,8.43,0.0,3.56,1.0,<Residue LEU het=  resseq=37 icode= >,1f4k_B_A,2.5
245,0.0,LEU, ,O,43.04,9.64,0.0,2.50,1.0,<Residue LEU het=  resseq=37 icode= >,1f4k_B_A,2.5
246,0.0,LEU, ,CB,38.73,7.77,0.0,2.21,1.0,<Residue LEU het=  resseq=37 icode= >,1f4k_B_A,2.5
247,0.704,LEU, ,CG,39.39,8.06,0.0,2.09,1.0,<Residue LEU het=  resseq=37 icode= >,1f4k_B_A,2.5
248,4.792,LEU, ,CD1,37.99,8.89,0.0,1.32,1.0,<Residue LEU het=  resseq=37 icode= >,1f4k_B_A,2.5
249,2.863,LEU, ,CD2,38.4,6.92,0.0,1.08,1.0,<Residue LEU het=  resseq=37 icode= >,1f4k_B_A,2.5
250,0.0,LEU, ,N,42.54,7.61,0.0,2.80,1.0,<Residue LEU het=  resseq=38 icode= >,1f4k_B_A,2.5
251,0.0,LEU, ,CA,43.54,8.31,0.0,2.75,1.0,<Residue LEU het=  resseq=38 icode= >,1f4k_B_A,2.5
252,0.0,LEU, ,C,44.85,9.25,0.0,3.16,1.0,<Residue LEU het=  resseq=38 icode= >,1f4k_B_A,2.5
253,0.0,LEU, ,O,45.13,10.32,0.0,2.52,1.0,<Residue LEU het=  resseq=38 icode= >,1f4k_B_A,2.5
254,0.168,LEU, ,CB,43.71,7.51,0.0,1.47,1.0,<Residue LEU het=  resseq=38 icode= >,1f4k_B_A,2.5
255,0.776,LEU, ,CG,42.97,8.54,0.0,2.70,1.0,<Residue LEU het=  resseq=38 icode= >,1f4k_B_A,2.5
256,0.0,LEU, ,CD1,41.49,9.47,0.0,1.46,1.0,<Residue LEU het=  resseq=38 icode= >,1f4k_B_A,2.5
257,9.729,LEU, ,CD2,42.28,7.32,0.0,1.70,1.0,<Residue LEU het=  resseq=38 icode= >,1f4k_B_A,2.5
258,0.084,GLU, ,N,46.15,8.45,0.0,2.79,1.0,<Residue GLU het=  resseq=39 icode= >,1f4k_B_A,2.5
259,3.686,GLU, ,CA,47.48,8.65,0.0,3.05,1.0,<Residue GLU het=  resseq=39 icode= >,1f4k_B_A,2.5
260,0.051,GLU, ,C,47.09,10.03,0.0,3.83,1.0,<Residue GLU het=  resseq=39 icode= >,1f4k_B_A,2.5
261,1.044,GLU, ,O,47.42,10.91,0.0,2.59,1.0,<Residue GLU het=  resseq=39 icode= >,1f4k_B_A,2.5
262,6.536,GLU, ,CB,49.62,7.61,0.0,1.61,1.0,<Residue GLU het=  resseq=39 icode= >,1f4k_B_A,2.5
263,26.321,GLU, ,CG,53.94,8.09,0.0,0.61,1.0,<Residue GLU het=  resseq=39 icode= >,1f4k_B_A,2.5
264,8.391,GLU, ,CD,56.42,7.55,0.0,2.09,1.0,<Residue GLU het=  resseq=39 icode= >,1f4k_B_A,2.5
265,26.778,GLU, ,OE1,56.96,6.48,0.0,2.03,1.0,<Residue GLU het=  resseq=39 icode= >,1f4k_B_A,2.5
266,29.87,GLU, ,OE2,58.06,8.41,0.0,0.94,1.0,<Residue GLU het=  resseq=39 icode= >,1f4k_B_A,2.5
267,0.0,VAL, ,N,46.11,10.36,0.0,2.63,1.0,<Residue VAL het=  resseq=40 icode= >,1f4k_B_A,2.5
268,4.458,VAL, ,CA,45.57,11.75,0.0,2.98,1.0,<Residue VAL het=  resseq=40 icode= >,1f4k_B_A,2.5
269,0.0,VAL, ,C,45.5,12.75,0.0,3.35,1.0,<Residue VAL het=  resseq=40 icode= >,1f4k_B_A,2.5
270,0.379,VAL, ,O,45.21,13.72,0.0,2.28,1.0,<Residue VAL het=  resseq=40 icode= >,1f4k_B_A,2.5
271,0.0,VAL, ,CB,45.95,11.94,0.0,1.95,1.0,<Residue VAL het=  resseq=40 icode= >,1f4k_B_A,2.5
272,18.957,VAL, ,CG1,44.43,13.28,0.0,0.82,1.0,<Residue VAL het=  resseq=40 icode= >,1f4k_B_A,2.5
273,24.649,VAL, ,CG2,45.18,11.63,0.0,0.57,1.0,<Residue VAL het=  resseq=40 icode= >,1f4k_B_A,2.5
274,0.0,LEU, ,N,44.55,12.25,0.0,2.62,1.0,<Residue LEU het=  resseq=41 icode= >,1f4k_B_A,2.5
275,0.0,LEU, ,CA,44.64,13.08,0.0,2.61,1.0,<Residue LEU het=  resseq=41 icode= >,1f4k_B_A,2.5
276,0.0,LEU, ,C,44.91,13.01,0.0,3.75,1.0,<Residue LEU het=  resseq=41 icode= >,1f4k_B_A,2.5
277,0.0,LEU, ,O,44.65,13.10,0.0,3.00,1.0,<Residue LEU het=  resseq=41 icode= >,1f4k_B_A,2.5
278,0.0,LEU, ,CB,43.8,12.23,0.0,1.66,1.0,<Residue LEU het=  resseq=41 icode= >,1f4k_B_A,2.5
279,0.0,LEU, ,CG,43.92,12.27,0.0,1.69,1.0,<Residue LEU het=  resseq=41 icode= >,1f4k_B_A,2.5
280,0.0,LEU, ,CD1,44.26,11.43,0.0,0.31,1.0,<Residue LEU het=  resseq=41 icode= >,1f4k_B_A,2.5
281,0.0,LEU, ,CD2,42.9,12.96,0.0,1.35,1.0,<Residue LEU het=  resseq=41 icode= >,1f4k_B_A,2.5
282,0.0,ARG, ,N,45.63,12.77,0.0,2.88,1.0,<Residue ARG het=  resseq=42 icode= >,1f4k_B_A,2.5
283,0.062,ARG, ,CA,46.85,12.60,0.0,3.06,1.0,<Residue ARG het=  resseq=42 icode= >,1f4k_B_A,2.5
284,1.031,ARG, ,C,47.84,13.85,0.0,2.98,1.0,<Residue ARG het=  resseq=42 icode= >,1f4k_B_A,2.5
285,1.875,ARG, ,O,48.8,13.86,0.0,1.91,1.0,<Residue ARG het=  resseq=42 icode= >,1f4k_B_A,2.5
286,13.674,ARG, ,CB,47.28,12.26,0.0,2.43,1.0,<Residue ARG het=  resseq=42 icode= >,1f4k_B_A,2.5
287,0.0,ARG, ,CG,50.28,11.29,0.0,1.67,1.0,<Residue ARG het=  resseq=42 icode= >,1f4k_B_A,2.5
288,9.054,ARG, ,CD,52.37,10.80,0.0,1.56,1.0,<Residue ARG het=  resseq=42 icode= >,1f4k_B_A,2.5
289,0.0,ARG, ,NE,54.82,9.35,0.0,2.12,1.0,<Residue ARG het=  resseq=42 icode= >,1f4k_B_A,2.5
290,0.0,ARG, ,CZ,56.16,8.76,0.0,3.17,1.0,<Residue ARG het=  resseq=42 icode= >,1f4k_B_A,2.5
291,36.207,ARG, ,NH1,55.46,9.49,0.0,1.44,1.0,<Residue ARG het=  resseq=42 icode= >,1f4k_B_A,2.5
292,18.673,ARG, ,NH2,57.3,7.45,0.0,1.77,1.0,<Residue ARG het=  resseq=42 icode= >,1f4k_B_A,2.5
293,0.464,SER, ,N,48.1,13.69,0.0,2.59,1.0,<Residue SER het=  resseq=43 icode= >,1f4k_B_A,2.5
294,6.41,SER, ,CA,48.21,14.49,0.0,3.31,1.0,<Residue SER het=  resseq=43 icode= >,1f4k_B_A,2.5
295,0.372,SER, ,C,47.75,15.85,0.0,4.07,1.0,<Residue SER het=  resseq=43 icode= >,1f4k_B_A,2.5
296,13.379,SER, ,O,47.38,16.87,0.0,2.31,1.0,<Residue SER het=  resseq=43 icode= >,1f4k_B_A,2.5
297,25.072,SER, ,CB,49.75,13.88,0.0,1.80,1.0,<Residue SER het=  resseq=43 icode= >,1f4k_B_A,2.5
298,35.767,SER, ,OG,52.75,14.85,0.0,1.06,1.0,<Residue SER het=  resseq=43 icode= >,1f4k_B_A,2.5
299,0.171,GLU, ,N,46.94,15.96,0.0,3.81,1.0,<Residue GLU het=  resseq=44 icode= >,1f4k_B_A,2.5
300,8.97,GLU, ,CA,48.51,16.52,0.268,3.18,1.0,<Residue GLU het=  resseq=44 icode= >,1f4k_B_A,2.5
301,0.04,GLU, ,C,48.48,15.87,0.04,3.04,1.0,<Residue GLU het=  resseq=44 icode= >,1f4k_B_A,2.5
302,23.177,GLU, ,O,49.2,16.51,11.823,2.47,1.0,<Residue GLU het=  resseq=44 icode= >,1f4k_B_A,2.5
303,2.827,GLU, ,CB,51.3,16.25,2.827,2.27,1.0,<Residue GLU het=  resseq=44 icode= >,1f4k_B_A,2.5
304,25.196,GLU, ,CG,55.37,17.16,2.513,1.61,1.0,<Residue GLU het=  resseq=44 icode= >,1f4k_B_A,2.5
305,8.19,GLU, ,CD,57.75,16.93,0.003,2.57,1.0,<Residue GLU het=  resseq=44 icode= >,1f4k_B_A,2.5
306,17.264,GLU, ,OE1,57.32,17.10,16.015,1.85,1.0,<Residue GLU het=  resseq=44 icode= >,1f4k_B_A,2.5
307,12.168,GLU, ,OE2,61.24,16.01,0.0,1.14,1.0,<Residue GLU het=  resseq=44 icode= >,1f4k_B_A,2.5
308,0.0,PHE, ,N,47.56,14.60,0.0,2.67,1.0,<Residue PHE het=  resseq=45 icode= >,1f4k_B_A,2.5
309,0.0,PHE, ,CA,47.05,13.76,0.0,2.84,1.0,<Residue PHE het=  resseq=45 icode= >,1f4k_B_A,2.5
310,0.0,PHE, ,C,48.62,13.55,0.0,3.72,1.0,<Residue PHE het=  resseq=45 icode= >,1f4k_B_A,2.5
311,0.0,PHE, ,O,47.89,12.84,0.0,2.57,1.0,<Residue PHE het=  resseq=45 icode= >,1f4k_B_A,2.5
312,0.0,PHE, ,CB,43.7,12.45,0.0,1.89,1.0,<Residue PHE het=  resseq=45 icode= >,1f4k_B_A,2.5
313,0.0,PHE, ,CG,40.11,12.68,0.0,2.76,1.0,<Residue PHE het=  resseq=45 icode= >,1f4k_B_A,2.5
314,1.815,PHE, ,CD1,38.65,12.99,1.815,1.99,1.0,<Residue PHE het=  resseq=45 icode= >,1f4k_B_A,2.5
315,0.0,PHE, ,CD2,38.13,12.57,0.0,2.13,1.0,<Residue PHE het=  resseq=45 icode= >,1f4k_B_A,2.5
316,18.319,PHE, ,CE1,37.7,13.37,18.319,2.12,1.0,<Residue PHE het=  resseq=45 icode= >,1f4k_B_A,2.5
317,0.0,PHE, ,CE2,35.37,12.86,0.0,2.57,1.0,<Residue PHE het=  resseq=45 icode= >,1f4k_B_A,2.5
318,0.765,PHE, ,CZ,35.07,13.22,0.765,2.89,1.0,<Residue PHE het=  resseq=45 icode= >,1f4k_B_A,2.5
319,0.0,LYS, ,N,50.16,14.31,0.0,2.65,1.0,<Residue LYS het=  resseq=46 icode= >,1f4k_B_A,2.5
320,5.854,LYS, ,CA,52.59,14.37,0.0,2.57,1.0,<Residue LYS het=  resseq=46 icode= >,1f4k_B_A,2.5
321,0.0,LYS, ,C,53.92,14.80,0.0,3.52,1.0,<Residue LYS het=  resseq=46 icode= >,1f4k_B_A,2.5
322,12.613,LYS, ,O,54.8,14.41,0.0,2.42,1.0,<Residue LYS het=  resseq=46 icode= >,1f4k_B_A,2.5
323,6.468,LYS, ,CB,54.02,15.49,0.0,1.54,1.0,<Residue LYS het=  resseq=46 icode= >,1f4k_B_A,2.5
324,15.869,LYS, ,CG,56.07,15.82,0.0,1.75,1.0,<Residue LYS het=  resseq=46 icode= >,1f4k_B_A,2.5
325,32.07,LYS, ,CD,59.6,16.49,0.0,1.54,1.0,<Residue LYS het=  resseq=46 icode= >,1f4k_B_A,2.5
326,44.562,LYS, ,CE,61.92,16.70,0.0,1.26,1.0,<Residue LYS het=  resseq=46 icode= >,1f4k_B_A,2.5
327,49.477,LYS, ,NZ,64.05,17.48,0.0,0.40,1.0,<Residue LYS het=  resseq=46 icode= >,1f4k_B_A,2.5
328,1.446,GLU, ,N,54.38,15.72,0.0,2.56,1.0,<Residue GLU het=  resseq=47 icode= >,1f4k_B_A,2.5
329,8.469,GLU, ,CA,54.77,16.38,0.0,2.66,1.0,<Residue GLU het=  resseq=47 icode= >,1f4k_B_A,2.5
330,0.0,GLU, ,C,52.95,15.55,0.0,3.92,1.0,<Residue GLU het=  resseq=47 icode= >,1f4k_B_A,2.5
331,22.804,GLU, ,O,53.46,15.62,0.0,2.54,1.0,<Residue GLU het=  resseq=47 icode= >,1f4k_B_A,2.5
332,17.511,GLU, ,CB,58.28,17.63,0.0,1.49,1.0,<Residue GLU het=  resseq=47 icode= >,1f4k_B_A,2.5
333,26.099,GLU, ,CG,63.75,18.55,0.0,0.45,1.0,<Residue GLU het=  resseq=47 icode= >,1f4k_B_A,2.5
334,12.828,GLU, ,CD,66.67,19.67,0.0,1.25,1.0,<Residue GLU het=  resseq=47 icode= >,1f4k_B_A,2.5
335,39.422,GLU, ,OE1,68.16,20.56,0.0,0.72,1.0,<Residue GLU het=  resseq=47 icode= >,1f4k_B_A,2.5
336,36.403,GLU, ,OE2,68.8,19.72,0.0,0.37,1.0,<Residue GLU het=  resseq=47 icode= >,1f4k_B_A,2.5
337,0.022,ILE, ,N,50.6,14.92,0.0,3.04,1.0,<Residue ILE het=  resseq=48 icode= >,1f4k_B_A,2.5
338,6.78,ILE, ,CA,48.82,14.25,0.0,3.41,1.0,<Residue ILE het=  resseq=48 icode= >,1f4k_B_A,2.5
339,0.338,ILE, ,C,48.81,13.05,0.0,3.85,1.0,<Residue ILE het=  resseq=48 icode= >,1f4k_B_A,2.5
340,24.889,ILE, ,O,48.53,12.79,20.847,1.91,1.0,<Residue ILE het=  resseq=48 icode= >,1f4k_B_A,2.5
341,0.0,ILE, ,CB,48.52,13.97,0.0,2.19,1.0,<Residue ILE het=  resseq=48 icode= >,1f4k_B_A,2.5
342,17.636,ILE, ,CG1,47.5,15.35,9.125,1.39,1.0,<Residue ILE het=  resseq=48 icode= >,1f4k_B_A,2.5
343,40.134,ILE, ,CG2,47.18,13.25,39.274,1.25,1.0,<Residue ILE het=  resseq=48 icode= >,1f4k_B_A,2.5
344,50.642,ILE, ,CD1,48.31,15.42,43.426,1.08,1.0,<Residue ILE het=  resseq=48 icode= >,1f4k_B_A,2.5
345,0.0,GLY, ,N,48.1,12.46,0.0,2.42,1.0,<Residue GLY het=  resseq=49 icode= >,1f4k_B_A,2.5
346,26.729,GLY, ,CA,47.55,11.43,3.391,2.15,1.0,<Residue GLY het=  resseq=49 icode= >,1f4k_B_A,2.5
347,5.517,GLY, ,C,47.18,10.01,3.655,3.48,1.0,<Residue GLY het=  resseq=49 icode= >,1f4k_B_A,2.5
348,27.641,GLY, ,O,48.1,9.15,12.571,2.17,1.0,<Residue GLY het=  resseq=49 icode= >,1f4k_B_A,2.5
349,0.932,PHE, ,N,44.88,9.90,0.932,3.29,1.0,<Residue PHE het=  resseq=50 icode= >,1f4k_B_A,2.5
350,4.711,PHE, ,CA,42.86,8.75,4.711,3.55,1.0,<Residue PHE het=  resseq=50 icode= >,1f4k_B_A,2.5
351,0.222,PHE, ,C,42.98,8.85,0.0,3.92,1.0,<Residue PHE het=  resseq=50 icode= >,1f4k_B_A,2.5
352,0.702,PHE, ,O,42.16,9.94,0.0,3.22,1.0,<Residue PHE het=  resseq=50 icode= >,1f4k_B_A,2.5
353,12.377,PHE, ,CB,42.39,9.07,12.377,2.49,1.0,<Residue PHE het=  resseq=50 icode= >,1f4k_B_A,2.5
354,2.362,PHE, ,CG,42.81,8.31,2.362,2.68,1.0,<Residue PHE het=  resseq=50 icode= >,1f4k_B_A,2.5
355,15.921,PHE, ,CD1,42.85,6.92,15.921,2.13,1.0,<Residue PHE het=  resseq=50 icode= >,1f4k_B_A,2.5
356,3.465,PHE, ,CD2,42.9,9.10,3.465,2.49,1.0,<Residue PHE het=  resseq=50 icode= >,1f4k_B_A,2.5
357,10.211,PHE, ,CE1,43.37,6.31,10.211,1.81,1.0,<Residue PHE het=  resseq=50 icode= >,1f4k_B_A,2.5
358,1.131,PHE, ,CE2,44.98,8.42,1.131,1.62,1.0,<Residue PHE het=  resseq=50 icode= >,1f4k_B_A,2.5
359,1.733,PHE, ,CZ,43.73,7.02,1.733,1.95,1.0,<Residue PHE het=  resseq=50 icode= >,1f4k_B_A,2.5
360,4.584,LYS, ,N,42.07,7.88,4.584,2.89,1.0,<Residue LYS het=  resseq=51 icode= >,1f4k_B_A,2.5
361,0.208,LYS, ,CA,41.82,8.26,0.0,2.71,1.0,<Residue LYS het=  resseq=51 icode= >,1f4k_B_A,2.5
362,2.057,LYS, ,C,40.64,7.18,2.057,3.54,1.0,<Residue LYS het=  resseq=51 icode= >,1f4k_B_A,2.5
363,14.961,LYS, ,O,41.15,6.63,12.283,2.20,1.0,<Residue LYS het=  resseq=51 icode= >,1f4k_B_A,2.5
364,19.526,LYS, ,CB,41.55,8.61,5.655,2.45,1.0,<Residue LYS het=  resseq=51 icode= >,1f4k_B_A,2.5
365,4.562,LYS, ,CG,43.86,8.40,0.0,1.94,1.0,<Residue LYS het=  resseq=51 icode= >,1f4k_B_A,2.5
366,32.525,LYS, ,CD,47.99,7.90,0.0,1.20,1.0,<Residue LYS het=  resseq=51 icode= >,1f4k_B_A,2.5
367,36.608,LYS, ,CE,49.41,7.78,0.0,1.25,1.0,<Residue LYS het=  resseq=51 icode= >,1f4k_B_A,2.5
368,29.443,LYS, ,NZ,51.12,9.13,0.0,0.98,1.0,<Residue LYS het=  resseq=51 icode= >,1f4k_B_A,2.5
369,0.0,PRO, ,N,38.91,7.03,0.0,3.57,1.0,<Residue PRO het=  resseq=52 icode= >,1f4k_B_A,2.5
370,4.027,PRO, ,CA,38.56,6.18,4.019,2.54,1.0,<Residue PRO het=  resseq=52 icode= >,1f4k_B_A,2.5
371,0.0,PRO, ,C,37.21,6.59,0.0,4.08,1.0,<Residue PRO het=  resseq=52 icode= >,1f4k_B_A,2.5
372,0.0,PRO, ,O,37.31,7.71,0.0,2.57,1.0,<Residue PRO het=  resseq=52 icode= >,1f4k_B_A,2.5
373,0.0,PRO, ,CB,36.67,6.83,0.0,3.52,1.0,<Residue PRO het=  resseq=52 icode= >,1f4k_B_A,2.5
374,0.0,PRO, ,CG,38.26,8.18,0.0,2.27,1.0,<Residue PRO het=  resseq=52 icode= >,1f4k_B_A,2.5
375,0.0,PRO, ,CD,38.77,8.05,0.0,2.14,1.0,<Residue PRO het=  resseq=52 icode= >,1f4k_B_A,2.5
376,0.0,ASN, ,N,35.74,5.94,0.0,3.59,1.0,<Residue ASN het=  resseq=53 icode= >,1f4k_B_A,2.5
377,0.0,ASN, ,CA,35.02,5.76,0.0,3.41,1.0,<Residue ASN het=  resseq=53 icode= >,1f4k_B_A,2.5
378,0.0,ASN, ,C,35.05,6.06,0.0,3.90,1.0,<Residue ASN het=  resseq=53 icode= >,1f4k_B_A,2.5
379,0.0,ASN, ,O,34.07,6.62,0.0,3.69,1.0,<Residue ASN het=  resseq=53 icode= >,1f4k_B_A,2.5
380,20.763,ASN, ,CB,34.02,4.33,6.256,2.03,1.0,<Residue ASN het=  resseq=53 icode= >,1f4k_B_A,2.5
381,1.146,ASN, ,CG,35.17,3.61,1.146,3.75,1.0,<Residue ASN het=  resseq=53 icode= >,1f4k_B_A,2.5
382,0.127,ASN, ,OD1,35.99,3.65,0.127,2.04,1.0,<Residue ASN het=  resseq=53 icode= >,1f4k_B_A,2.5
383,46.777,ASN, ,ND2,33.31,3.66,46.752,2.44,1.0,<Residue ASN het=  resseq=53 icode= >,1f4k_B_A,2.5
384,0.763,HIS, ,N,35.75,6.07,0.0,2.34,1.0,<Residue HIS het=  resseq=54 icode= >,1f4k_B_A,2.5
385,0.0,HIS, ,CA,35.32,6.31,0.0,3.28,1.0,<Residue HIS het=  resseq=54 icode= >,1f4k_B_A,2.5
386,0.0,HIS, ,C,34.52,6.03,0.0,4.36,1.0,<Residue HIS het=  resseq=54 icode= >,1f4k_B_A,2.5
387,0.0,HIS, ,O,35.66,5.78,0.0,2.93,1.0,<Residue HIS het=  resseq=54 icode= >,1f4k_B_A,2.5
388,2.53,HIS, ,CB,37.33,4.92,0.0,1.74,1.0,<Residue HIS het=  resseq=54 icode= >,1f4k_B_A,2.5
389,1.36,HIS, ,CG,40.92,4.41,0.85,2.42,1.0,<Residue HIS het=  resseq=54 icode= >,1f4k_B_A,2.5
390,17.073,HIS, ,ND1,42.85,4.81,0.021,2.41,1.0,<Residue HIS het=  resseq=54 icode= >,1f4k_B_A,2.5
391,6.751,HIS, ,CD2,41.02,3.70,6.751,2.08,1.0,<Residue HIS het=  resseq=54 icode= >,1f4k_B_A,2.5
392,35.582,HIS, ,CE1,43.18,3.59,23.4,2.33,1.0,<Residue HIS het=  resseq=54 icode= >,1f4k_B_A,2.5
393,26.316,HIS, ,NE2,44.51,2.86,26.316,2.56,1.0,<Residue HIS het=  resseq=54 icode= >,1f4k_B_A,2.5
394,0.0,THR, ,N,33.99,5.28,0.0,3.07,1.0,<Residue THR het=  resseq=55 icode= >,1f4k_B_A,2.5
395,0.711,THR, ,CA,32.85,4.90,0.136,3.13,1.0,<Residue THR het=  resseq=55 icode= >,1f4k_B_A,2.5
396,0.0,THR, ,C,32.1,5.61,0.0,4.53,1.0,<Residue THR het=  resseq=55 icode= >,1f4k_B_A,2.5
397,0.468,THR, ,O,32.01,6.16,0.0,3.04,1.0,<Residue THR het=  resseq=55 icode= >,1f4k_B_A,2.5
398,16.055,THR, ,CB,33.52,3.37,13.601,3.53,1.0,<Residue THR het=  resseq=55 icode= >,1f4k_B_A,2.5
399,8.434,THR, ,OG1,34.82,3.21,6.8,1.97,1.0,<Residue THR het=  resseq=55 icode= >,1f4k_B_A,2.5
400,30.275,THR, ,CG2,32.53,2.78,30.275,1.91,1.0,<Residue THR het=  resseq=55 icode= >,1f4k_B_A,2.5
401,0.0,GLU, ,N,32.6,5.91,0.0,3.26,1.0,<Residue GLU het=  resseq=56 icode= >,1f4k_B_A,2.5
402,0.0,GLU, ,CA,32.31,6.54,0.0,3.49,1.0,<Residue GLU het=  resseq=56 icode= >,1f4k_B_A,2.5
403,0.0,GLU, ,C,33.34,7.82,0.0,3.78,1.0,<Residue GLU het=  resseq=56 icode= >,1f4k_B_A,2.5
404,0.0,GLU, ,O,34.59,8.16,0.0,2.39,1.0,<Residue GLU het=  resseq=56 icode= >,1f4k_B_A,2.5
405,0.452,GLU, ,CB,33.88,5.31,0.452,2.14,1.0,<Residue GLU het=  resseq=56 icode= >,1f4k_B_A,2.5
406,0.02,GLU, ,CG,35.98,5.22,0.02,1.87,1.0,<Residue GLU het=  resseq=56 icode= >,1f4k_B_A,2.5
407,1.88,GLU, ,CD,38.63,4.54,1.88,3.52,1.0,<Residue GLU het=  resseq=56 icode= >,1f4k_B_A,2.5
408,15.104,GLU, ,OE1,39.87,3.38,15.104,1.98,1.0,<Residue GLU het=  resseq=56 icode= >,1f4k_B_A,2.5
409,0.0,GLU, ,OE2,37.33,4.76,0.0,2.75,1.0,<Residue GLU het=  resseq=56 icode= >,1f4k_B_A,2.5
410,0.0,VAL, ,N,32.57,8.44,0.0,2.96,1.0,<Residue VAL het=  resseq=57 icode= >,1f4k_B_A,2.5
411,0.0,VAL, ,CA,32.78,9.17,0.0,3.42,1.0,<Residue VAL het=  resseq=57 icode= >,1f4k_B_A,2.5
412,0.0,VAL, ,C,32.29,7.90,0.0,4.37,1.0,<Residue VAL het=  resseq=57 icode= >,1f4k_B_A,2.5
413,0.0,VAL, ,O,31.91,7.73,0.0,3.03,1.0,<Residue VAL het=  resseq=57 icode= >,1f4k_B_A,2.5
414,0.287,VAL, ,CB,33.42,8.18,0.0,2.67,1.0,<Residue VAL het=  resseq=57 icode= >,1f4k_B_A,2.5
415,0.24,VAL, ,CG1,32.7,7.52,0.0,1.43,1.0,<Residue VAL het=  resseq=57 icode= >,1f4k_B_A,2.5
416,0.0,VAL, ,CG2,35.52,9.11,0.0,1.26,1.0,<Residue VAL het=  resseq=57 icode= >,1f4k_B_A,2.5
417,0.0,TYR, ,N,32.34,7.11,0.0,3.07,1.0,<Residue TYR het=  resseq=58 icode= >,1f4k_B_A,2.5
418,0.0,TYR, ,CA,30.88,5.90,0.0,3.32,1.0,<Residue TYR het=  resseq=58 icode= >,1f4k_B_A,2.5
419,0.185,TYR, ,C,29.69,6.45,0.0,5.33,1.0,<Residue TYR het=  resseq=58 icode= >,1f4k_B_A,2.5
420,0.0,TYR, ,O,29.34,6.05,0.0,3.41,1.0,<Residue TYR het=  resseq=58 icode= >,1f4k_B_A,2.5
421,11.724,TYR, ,CB,29.1,4.90,4.879,2.63,1.0,<Residue TYR het=  resseq=58 icode= >,1f4k_B_A,2.5
422,2.073,TYR, ,CG,28.65,4.33,2.073,3.11,1.0,<Residue TYR het=  resseq=58 icode= >,1f4k_B_A,2.5
423,2.792,TYR, ,CD1,28.47,4.01,2.792,2.26,1.0,<Residue TYR het=  resseq=58 icode= >,1f4k_B_A,2.5
424,9.3,TYR, ,CD2,27.23,3.68,9.154,2.65,1.0,<Residue TYR het=  resseq=58 icode= >,1f4k_B_A,2.5
425,17.224,TYR, ,CE1,28.98,3.85,14.869,1.72,1.0,<Residue TYR het=  resseq=58 icode= >,1f4k_B_A,2.5
426,10.476,TYR, ,CE2,27.01,3.71,10.341,2.77,1.0,<Residue TYR het=  resseq=58 icode= >,1f4k_B_A,2.5
427,6.062,TYR, ,CZ,29.6,3.67,5.398,2.91,1.0,<Residue TYR het=  resseq=58 icode= >,1f4k_B_A,2.5
428,17.388,TYR, ,OH,30.64,2.66,17.388,2.34,1.0,<Residue TYR het=  resseq=58 icode= >,1f4k_B_A,2.5
429,0.091,ARG, ,N,29.81,7.30,0.0,3.38,1.0,<Residue ARG het=  resseq=59 icode= >,1f4k_B_A,2.5
430,3.65,ARG, ,CA,32.05,7.29,0.0,3.34,1.0,<Residue ARG het=  resseq=59 icode= >,1f4k_B_A,2.5
431,0.0,ARG, ,C,32.25,8.32,0.0,4.99,1.0,<Residue ARG het=  resseq=59 icode= >,1f4k_B_A,2.5
432,2.015,ARG, ,O,30.97,8.28,0.0,4.22,1.0,<Residue ARG het=  resseq=59 icode= >,1f4k_B_A,2.5
433,1.407,ARG, ,CB,31.65,6.42,0.0,2.30,1.0,<Residue ARG het=  resseq=59 icode= >,1f4k_B_A,2.5
434,21.172,ARG, ,CG,31.31,5.75,0.0,1.65,1.0,<Residue ARG het=  resseq=59 icode= >,1f4k_B_A,2.5
435,17.244,ARG, ,CD,29.42,4.23,1.884,2.29,1.0,<Residue ARG het=  resseq=59 icode= >,1f4k_B_A,2.5
436,0.0,ARG, ,NE,31.85,3.83,0.0,3.37,1.0,<Residue ARG het=  resseq=59 icode= >,1f4k_B_A,2.5
437,1.946,ARG, ,CZ,34.46,3.47,1.946,3.95,1.0,<Residue ARG het=  resseq=59 icode= >,1f4k_B_A,2.5
438,44.007,ARG, ,NH1,35.14,2.74,37.826,1.68,1.0,<Residue ARG het=  resseq=59 icode= >,1f4k_B_A,2.5
439,29.139,ARG, ,NH2,33.75,2.88,29.139,2.00,1.0,<Residue ARG het=  resseq=59 icode= >,1f4k_B_A,2.5
440,0.0,SER, ,N,32.88,9.06,0.0,3.75,1.0,<Residue SER het=  resseq=60 icode= >,1f4k_B_A,2.5
441,0.0,SER, ,CA,33.5,9.26,0.0,3.92,1.0,<Residue SER het=  resseq=60 icode= >,1f4k_B_A,2.5
442,0.0,SER, ,C,33.1,9.13,0.0,4.24,1.0,<Residue SER het=  resseq=60 icode= >,1f4k_B_A,2.5
443,0.0,SER, ,O,33.05,9.68,0.0,3.15,1.0,<Residue SER het=  resseq=60 icode= >,1f4k_B_A,2.5
444,0.0,SER, ,CB,33.4,9.25,0.0,3.00,1.0,<Residue SER het=  resseq=60 icode= >,1f4k_B_A,2.5
445,0.0,SER, ,OG,39.73,7.99,0.0,1.85,1.0,<Residue SER het=  resseq=60 icode= >,1f4k_B_A,2.5
446,0.0,LEU, ,N,34.28,8.03,0.0,2.90,1.0,<Residue LEU het=  resseq=61 icode= >,1f4k_B_A,2.5
447,0.0,LEU, ,CA,34.44,7.34,0.0,3.31,1.0,<Residue LEU het=  resseq=61 icode= >,1f4k_B_A,2.5
448,0.0,LEU, ,C,35.96,7.10,0.0,4.25,1.0,<Residue LEU het=  resseq=61 icode= >,1f4k_B_A,2.5
449,0.0,LEU, ,O,34.81,7.63,0.0,4.14,1.0,<Residue LEU het=  resseq=61 icode= >,1f4k_B_A,2.5
450,0.0,LEU, ,CB,33.57,6.18,0.0,2.89,1.0,<Residue LEU het=  resseq=61 icode= >,1f4k_B_A,2.5
451,0.0,LEU, ,CG,35.28,6.49,0.0,2.68,1.0,<Residue LEU het=  resseq=61 icode= >,1f4k_B_A,2.5
452,2.834,LEU, ,CD1,33.49,7.98,0.0,1.39,1.0,<Residue LEU het=  resseq=61 icode= >,1f4k_B_A,2.5
453,0.078,LEU, ,CD2,34.54,6.27,0.0,1.59,1.0,<Residue LEU het=  resseq=61 icode= >,1f4k_B_A,2.5
454,0.0,HIS, ,N,37.49,6.67,0.0,2.87,1.0,<Residue HIS het=  resseq=62 icode= >,1f4k_B_A,2.5
455,0.0,HIS, ,CA,38.31,6.82,0.0,3.39,1.0,<Residue HIS het=  resseq=62 icode= >,1f4k_B_A,2.5
456,0.181,HIS, ,C,38.56,8.07,0.0,4.28,1.0,<Residue HIS het=  resseq=62 icode= >,1f4k_B_A,2.5
457,0.061,HIS, ,O,38.19,8.38,0.0,2.93,1.0,<Residue HIS het=  resseq=62 icode= >,1f4k_B_A,2.5
458,17.842,HIS, ,CB,38.48,5.76,0.0,2.41,1.0,<Residue HIS het=  resseq=62 icode= >,1f4k_B_A,2.5
459,3.319,HIS, ,CG,41.53,4.93,2.586,3.06,1.0,<Residue HIS het=  resseq=62 icode= >,1f4k_B_A,2.5
460,15.805,HIS, ,ND1,41.96,4.55,3.309,2.97,1.0,<Residue HIS het=  resseq=62 icode= >,1f4k_B_A,2.5
461,4.64,HIS, ,CD2,42.53,4.02,2.279,2.23,1.0,<Residue HIS het=  resseq=62 icode= >,1f4k_B_A,2.5
462,26.859,HIS, ,CE1,42.42,3.31,20.359,2.78,1.0,<Residue HIS het=  resseq=62 icode= >,1f4k_B_A,2.5
463,13.913,HIS, ,NE2,43.83,2.83,13.913,2.80,1.0,<Residue HIS het=  resseq=62 icode= >,1f4k_B_A,2.5
464,0.389,GLU, ,N,39.23,8.70,0.0,2.84,1.0,<Residue GLU het=  resseq=63 icode= >,1f4k_B_A,2.5
465,1.665,GLU, ,CA,40.0,9.70,0.0,3.05,1.0,<Residue GLU het=  resseq=63 icode= >,1f4k_B_A,2.5
466,0.0,GLU, ,C,39.85,10.82,0.0,3.61,1.0,<Residue GLU het=  resseq=63 icode= >,1f4k_B_A,2.5
467,0.0,GLU, ,O,36.23,11.44,0.0,2.82,1.0,<Residue GLU het=  resseq=63 icode= >,1f4k_B_A,2.5
468,0.342,GLU, ,CB,40.86,9.84,0.0,1.90,1.0,<Residue GLU het=  resseq=63 icode= >,1f4k_B_A,2.5
469,17.082,GLU, ,CG,44.27,8.64,0.0,1.42,1.0,<Residue GLU het=  resseq=63 icode= >,1f4k_B_A,2.5
470,7.565,GLU, ,CD,45.72,7.35,0.0,2.84,1.0,<Residue GLU het=  resseq=63 icode= >,1f4k_B_A,2.5
471,10.039,GLU, ,OE1,46.65,7.19,0.0,1.83,1.0,<Residue GLU het=  resseq=63 icode= >,1f4k_B_A,2.5
472,14.37,GLU, ,OE2,46.36,6.72,0.0,1.76,1.0,<Residue GLU het=  resseq=63 icode= >,1f4k_B_A,2.5
473,0.0,LEU, ,N,39.58,10.60,0.0,2.49,1.0,<Residue LEU het=  resseq=64 icode= >,1f4k_B_A,2.5
474,0.0,LEU, ,CA,40.42,11.20,0.0,3.06,1.0,<Residue LEU het=  resseq=64 icode= >,1f4k_B_A,2.5
475,0.0,LEU, ,C,42.26,10.93,0.0,3.87,1.0,<Residue LEU het=  resseq=64 icode= >,1f4k_B_A,2.5
476,0.0,LEU, ,O,42.99,11.85,0.0,2.83,1.0,<Residue LEU het=  resseq=64 icode= >,1f4k_B_A,2.5
477,0.0,LEU, ,CB,38.46,10.99,0.0,2.72,1.0,<Residue LEU het=  resseq=64 icode= >,1f4k_B_A,2.5
478,0.0,LEU, ,CG,37.47,11.94,0.0,2.57,1.0,<Residue LEU het=  resseq=64 icode= >,1f4k_B_A,2.5
479,0.0,LEU, ,CD1,34.84,11.87,0.0,1.99,1.0,<Residue LEU het=  resseq=64 icode= >,1f4k_B_A,2.5
480,0.0,LEU, ,CD2,37.71,13.36,0.0,0.90,1.0,<Residue LEU het=  resseq=64 icode= >,1f4k_B_A,2.5
481,0.0,LEU, ,N,43.78,9.81,0.0,2.37,1.0,<Residue LEU het=  resseq=65 icode= >,1f4k_B_A,2.5
482,0.0,LEU, ,CA,44.95,9.77,0.0,3.22,1.0,<Residue LEU het=  resseq=65 icode= >,1f4k_B_A,2.5
483,1.066,LEU, ,C,46.14,10.88,0.0,3.59,1.0,<Residue LEU het=  resseq=65 icode= >,1f4k_B_A,2.5
484,13.704,LEU, ,O,45.5,11.65,0.0,2.50,1.0,<Residue LEU het=  resseq=65 icode= >,1f4k_B_A,2.5
485,6.96,LEU, ,CB,43.93,8.47,0.0,2.40,1.0,<Residue LEU het=  resseq=65 icode= >,1f4k_B_A,2.5
486,0.0,LEU, ,CG,43.3,7.43,0.0,2.41,1.0,<Residue LEU het=  resseq=65 icode= >,1f4k_B_A,2.5
487,14.679,LEU, ,CD1,42.35,6.19,0.0,1.38,1.0,<Residue LEU het=  resseq=65 icode= >,1f4k_B_A,2.5
488,9.577,LEU, ,CD2,41.18,8.17,0.0,1.77,1.0,<Residue LEU het=  resseq=65 icode= >,1f4k_B_A,2.5
489,0.0,ASP, ,N,48.68,10.75,0.0,2.60,1.0,<Residue ASP het=  resseq=66 icode= >,1f4k_B_A,2.5
490,7.829,ASP, ,CA,51.2,11.10,0.0,3.00,1.0,<Residue ASP het=  resseq=66 icode= >,1f4k_B_A,2.5
491,1.021,ASP, ,C,51.86,12.61,0.0,3.06,1.0,<Residue ASP het=  resseq=66 icode= >,1f4k_B_A,2.5
492,27.103,ASP, ,O,51.96,13.28,0.0,2.17,1.0,<Residue ASP het=  resseq=66 icode= >,1f4k_B_A,2.5
493,21.963,ASP, ,CB,52.35,10.49,0.0,1.54,1.0,<Residue ASP het=  resseq=66 icode= >,1f4k_B_A,2.5
494,7.967,ASP, ,CG,55.31,8.97,0.0,2.82,1.0,<Residue ASP het=  resseq=66 icode= >,1f4k_B_A,2.5
495,28.448,ASP, ,OD1,54.86,8.34,0.0,2.24,1.0,<Residue ASP het=  resseq=66 icode= >,1f4k_B_A,2.5
496,26.913,ASP, ,OD2,56.94,8.44,0.0,1.64,1.0,<Residue ASP het=  resseq=66 icode= >,1f4k_B_A,2.5
497,0.0,ASP, ,N,52.04,13.14,0.0,2.35,1.0,<Residue ASP het=  resseq=67 icode= >,1f4k_B_A,2.5
498,7.776,ASP, ,CA,51.62,14.07,0.0,2.64,1.0,<Residue ASP het=  resseq=67 icode= >,1f4k_B_A,2.5
499,1.501,ASP, ,C,50.9,15.16,0.0,3.06,1.0,<Residue ASP het=  resseq=67 icode= >,1f4k_B_A,2.5
500,22.852,ASP, ,O,51.33,16.16,0.0,1.71,1.0,<Residue ASP het=  resseq=67 icode= >,1f4k_B_A,2.5
501,7.751,ASP, ,CB,51.99,13.53,0.0,1.15,1.0,<Residue ASP het=  resseq=67 icode= >,1f4k_B_A,2.5
502,7.719,ASP, ,CG,54.25,11.99,0.0,2.05,1.0,<Residue ASP het=  resseq=67 icode= >,1f4k_B_A,2.5
503,24.637,ASP, ,OD1,52.99,11.31,0.0,1.88,1.0,<Residue ASP het=  resseq=67 icode= >,1f4k_B_A,2.5
504,1.63,ASP, ,OD2,53.74,11.59,0.0,1.79,1.0,<Residue ASP het=  resseq=67 icode= >,1f4k_B_A,2.5
505,0.0,GLY, ,N,49.13,14.24,0.0,2.45,1.0,<Residue GLY het=  resseq=68 icode= >,1f4k_B_A,2.5
506,17.474,GLY, ,CA,46.8,14.71,0.0,2.06,1.0,<Residue GLY het=  resseq=68 icode= >,1f4k_B_A,2.5
507,0.414,GLY, ,C,46.73,14.93,0.0,3.48,1.0,<Residue GLY het=  resseq=68 icode= >,1f4k_B_A,2.5
508,2.631,GLY, ,O,48.7,15.73,0.0,2.17,1.0,<Residue GLY het=  resseq=68 icode= >,1f4k_B_A,2.5
509,0.0,ILE, ,N,43.86,14.36,0.0,2.75,1.0,<Residue ILE het=  resseq=69 icode= >,1f4k_B_A,2.5
510,0.0,ILE, ,CA,41.71,14.70,0.0,3.24,1.0,<Residue ILE het=  resseq=69 icode= >,1f4k_B_A,2.5
511,0.0,ILE, ,C,41.9,13.84,0.0,4.14,1.0,<Residue ILE het=  resseq=69 icode= >,1f4k_B_A,2.5
512,0.0,ILE, ,O,41.94,14.43,0.0,2.74,1.0,<Residue ILE het=  resseq=69 icode= >,1f4k_B_A,2.5
513,0.0,ILE, ,CB,39.87,14.78,0.0,2.57,1.0,<Residue ILE het=  resseq=69 icode= >,1f4k_B_A,2.5
514,0.445,ILE, ,CG1,41.27,16.04,0.0,1.50,1.0,<Residue ILE het=  resseq=69 icode= >,1f4k_B_A,2.5
515,0.0,ILE, ,CG2,38.28,15.00,0.0,1.43,1.0,<Residue ILE het=  resseq=69 icode= >,1f4k_B_A,2.5
516,4.651,ILE, ,CD1,39.45,15.86,0.0,0.87,1.0,<Residue ILE het=  resseq=69 icode= >,1f4k_B_A,2.5
517,0.0,LEU, ,N,41.98,12.53,0.0,2.85,1.0,<Residue LEU het=  resseq=70 icode= >,1f4k_B_A,2.5
518,0.0,LEU, ,CA,41.49,11.72,0.0,2.59,1.0,<Residue LEU het=  resseq=70 icode= >,1f4k_B_A,2.5
519,0.0,LEU, ,C,41.3,11.28,0.0,3.88,1.0,<Residue LEU het=  resseq=70 icode= >,1f4k_B_A,2.5
520,1.443,LEU, ,O,41.82,11.46,0.0,2.24,1.0,<Residue LEU het=  resseq=70 icode= >,1f4k_B_A,2.5
521,0.0,LEU, ,CB,39.68,10.57,0.0,2.35,1.0,<Residue LEU het=  resseq=70 icode= >,1f4k_B_A,2.5
522,0.0,LEU, ,CG,39.77,11.03,0.0,2.64,1.0,<Residue LEU het=  resseq=70 icode= >,1f4k_B_A,2.5
523,0.0,LEU, ,CD1,38.83,9.96,0.0,1.72,1.0,<Residue LEU het=  resseq=70 icode= >,1f4k_B_A,2.5
524,0.0,LEU, ,CD2,40.03,12.16,0.0,1.35,1.0,<Residue LEU het=  resseq=70 icode= >,1f4k_B_A,2.5
525,0.0,LYS, ,N,41.0,10.95,0.0,2.99,1.0,<Residue LYS het=  resseq=71 icode= >,1f4k_B_A,2.5
526,2.031,LYS, ,CA,41.14,10.45,0.0,2.63,1.0,<Residue LYS het=  resseq=71 icode= >,1f4k_B_A,2.5
527,0.0,LYS, ,C,40.88,9.54,0.0,4.02,1.0,<Residue LYS het=  resseq=71 icode= >,1f4k_B_A,2.5
528,0.0,LYS, ,O,39.4,9.91,0.0,3.10,1.0,<Residue LYS het=  resseq=71 icode= >,1f4k_B_A,2.5
529,13.494,LYS, ,CB,42.66,11.60,0.0,1.94,1.0,<Residue LYS het=  resseq=71 icode= >,1f4k_B_A,2.5
530,2.081,LYS, ,CG,45.4,12.44,0.0,2.02,1.0,<Residue LYS het=  resseq=71 icode= >,1f4k_B_A,2.5
531,15.552,LYS, ,CD,46.22,13.75,0.0,2.19,1.0,<Residue LYS het=  resseq=71 icode= >,1f4k_B_A,2.5
532,8.283,LYS, ,CE,49.19,14.72,0.0,1.58,1.0,<Residue LYS het=  resseq=71 icode= >,1f4k_B_A,2.5
533,42.497,LYS, ,NZ,50.33,16.05,0.0,1.29,1.0,<Residue LYS het=  resseq=71 icode= >,1f4k_B_A,2.5
534,4.985,GLN, ,N,41.64,8.46,0.0,2.40,1.0,<Residue GLN het=  resseq=72 icode= >,1f4k_B_A,2.5
535,0.0,GLN, ,CA,42.04,7.67,0.0,2.93,1.0,<Residue GLN het=  resseq=72 icode= >,1f4k_B_A,2.5
536,0.035,GLN, ,C,43.13,8.43,0.0,3.45,1.0,<Residue GLN het=  resseq=72 icode= >,1f4k_B_A,2.5
537,22.591,GLN, ,O,42.71,9.18,0.0,2.44,1.0,<Residue GLN het=  resseq=72 icode= >,1f4k_B_A,2.5
538,8.111,GLN, ,CB,42.73,6.25,0.0,2.16,1.0,<Residue GLN het=  resseq=72 icode= >,1f4k_B_A,2.5
539,0.875,GLN, ,CG,44.65,5.37,0.0,1.11,1.0,<Residue GLN het=  resseq=72 icode= >,1f4k_B_A,2.5
540,0.149,GLN, ,CD,44.78,3.90,0.0,3.22,1.0,<Residue GLN het=  resseq=72 icode= >,1f4k_B_A,2.5
541,15.988,GLN, ,OE1,45.48,3.87,0.938,2.63,1.0,<Residue GLN het=  resseq=72 icode= >,1f4k_B_A,2.5
542,7.02,GLN, ,NE2,44.18,3.09,6.999,1.53,1.0,<Residue GLN het=  resseq=72 icode= >,1f4k_B_A,2.5
543,0.0,ILE, ,N,43.82,8.48,0.0,3.13,1.0,<Residue ILE het=  resseq=73 icode= >,1f4k_B_A,2.5
544,3.305,ILE, ,CA,46.57,9.35,0.0,2.53,1.0,<Residue ILE het=  resseq=73 icode= >,1f4k_B_A,2.5
545,0.0,ILE, ,C,47.17,8.47,0.0,3.52,1.0,<Residue ILE het=  resseq=73 icode= >,1f4k_B_A,2.5
546,0.0,ILE, ,O,48.04,7.48,0.0,1.87,1.0,<Residue ILE het=  resseq=73 icode= >,1f4k_B_A,2.5
547,0.0,ILE, ,CB,47.54,9.92,0.0,2.30,1.0,<Residue ILE het=  resseq=73 icode= >,1f4k_B_A,2.5
548,7.047,ILE, ,CG1,49.51,11.07,0.0,1.47,1.0,<Residue ILE het=  resseq=73 icode= >,1f4k_B_A,2.5
549,33.054,ILE, ,CG2,47.52,10.59,0.0,0.97,1.0,<Residue ILE het=  resseq=73 icode= >,1f4k_B_A,2.5
550,13.168,ILE, ,CD1,50.16,11.61,0.0,0.71,1.0,<Residue ILE het=  resseq=73 icode= >,1f4k_B_A,2.5
551,4.351,LYS, ,N,48.2,8.49,0.0,2.83,1.0,<Residue LYS het=  resseq=74 icode= >,1f4k_B_A,2.5
552,0.0,LYS, ,CA,48.92,8.19,0.0,2.93,1.0,<Residue LYS het=  resseq=74 icode= >,1f4k_B_A,2.5
553,0.81,LYS, ,C,48.93,8.63,0.0,3.55,1.0,<Residue LYS het=  resseq=74 icode= >,1f4k_B_A,2.5
554,21.414,LYS, ,O,49.7,9.83,0.0,1.85,1.0,<Residue LYS het=  resseq=74 icode= >,1f4k_B_A,2.5
555,26.883,LYS, ,CB,50.5,8.03,0.0,0.99,1.0,<Residue LYS het=  resseq=74 icode= >,1f4k_B_A,2.5
556,23.692,LYS, ,CG,51.91,7.15,0.0,1.23,1.0,<Residue LYS het=  resseq=74 icode= >,1f4k_B_A,2.5
557,14.639,LYS, ,CD,52.85,5.73,0.0,1.45,1.0,<Residue LYS het=  resseq=74 icode= >,1f4k_B_A,2.5
558,31.191,LYS, ,CE,55.26,5.14,0.0,0.79,1.0,<Residue LYS het=  resseq=74 icode= >,1f4k_B_A,2.5
559,29.378,LYS, ,NZ,57.21,3.73,8.29,0.40,1.0,<Residue LYS het=  resseq=74 icode= >,1f4k_B_A,2.5
560,0.521,VAL, ,N,48.7,7.81,0.0,2.70,1.0,<Residue VAL het=  resseq=75 icode= >,1f4k_B_A,2.5
561,3.206,VAL, ,CA,48.42,8.49,0.0,3.01,1.0,<Residue VAL het=  resseq=75 icode= >,1f4k_B_A,2.5
562,1.681,VAL, ,C,49.46,8.53,0.0,2.85,1.0,<Residue VAL het=  resseq=75 icode= >,1f4k_B_A,2.5
563,0.743,VAL, ,O,48.53,7.59,0.0,1.66,1.0,<Residue VAL het=  resseq=75 icode= >,1f4k_B_A,2.5
564,0.0,VAL, ,CB,47.82,8.14,0.0,2.50,1.0,<Residue VAL het=  resseq=75 icode= >,1f4k_B_A,2.5
565,18.347,VAL, ,CG1,48.38,9.12,0.0,0.31,1.0,<Residue VAL het=  resseq=75 icode= >,1f4k_B_A,2.5
566,11.64,VAL, ,CG2,49.7,8.55,0.0,0.95,1.0,<Residue VAL het=  resseq=75 icode= >,1f4k_B_A,2.5
567,8.483,LYS, ,N,51.03,8.63,0.0,1.50,1.0,<Residue LYS het=  resseq=76 icode= >,1f4k_B_A,2.5
568,0.0,LYS, ,CA,52.6,7.47,0.0,2.23,1.0,<Residue LYS het=  resseq=76 icode= >,1f4k_B_A,2.5
569,1.003,LYS, ,C,52.28,8.07,0.0,3.34,1.0,<Residue LYS het=  resseq=76 icode= >,1f4k_B_A,2.5
570,15.905,LYS, ,O,52.4,8.62,0.0,1.95,1.0,<Residue LYS het=  resseq=76 icode= >,1f4k_B_A,2.5
571,14.09,LYS, ,CB,53.61,6.88,0.0,1.58,1.0,<Residue LYS het=  resseq=76 icode= >,1f4k_B_A,2.5
572,0.0,LYS, ,CG,56.82,5.72,0.0,1.36,1.0,<Residue LYS het=  resseq=76 icode= >,1f4k_B_A,2.5
573,8.258,LYS, ,CD,60.78,5.68,0.0,0.77,1.0,<Residue LYS het=  resseq=76 icode= >,1f4k_B_A,2.5
574,17.185,LYS, ,CE,63.45,5.75,0.0,-0.05,1.0,<Residue LYS het=  resseq=76 icode= >,1f4k_B_A,2.5
575,47.755,LYS, ,NZ,65.63,5.68,0.179,0.07,1.0,<Residue LYS het=  resseq=76 icode= >,1f4k_B_A,2.5
576,0.0,LYS, ,N,52.84,8.26,0.0,2.02,1.0,<Residue LYS het=  resseq=77 icode= >,1f4k_B_A,2.5
577,6.998,LYS, ,CA,53.58,9.12,0.0,1.14,1.0,<Residue LYS het=  resseq=77 icode= >,1f4k_B_A,2.5
578,0.473,LYS, ,C,51.92,8.49,0.0,2.37,1.0,<Residue LYS het=  resseq=77 icode= >,1f4k_B_A,2.5
579,0.105,LYS, ,O,51.54,7.72,0.0,1.91,1.0,<Residue LYS het=  resseq=77 icode= >,1f4k_B_A,2.5
580,16.483,LYS, ,CB,55.01,9.90,0.0,0.56,1.0,<Residue LYS het=  resseq=77 icode= >,1f4k_B_A,2.5
581,14.218,LYS, ,CG,57.08,9.99,0.0,1.05,1.0,<Residue LYS het=  resseq=77 icode= >,1f4k_B_A,2.5
582,11.082,LYS, ,CD,59.66,8.96,0.0,-0.56,1.0,<Residue LYS het=  resseq=77 icode= >,1f4k_B_A,2.5
583,22.137,LYS, ,CE,60.66,9.21,0.0,-0.15,1.0,<Residue LYS het=  resseq=77 icode= >,1f4k_B_A,2.5
584,21.524,LYS, ,NZ,59.21,8.20,0.0,0.88,1.0,<Residue LYS het=  resseq=77 icode= >,1f4k_B_A,2.5
585,5.405,GLU, ,N,50.67,9.06,0.0,1.48,1.0,<Residue GLU het=  resseq=78 icode= >,1f4k_B_A,2.5
586,0.079,GLU, ,CA,49.3,8.92,0.0,2.40,1.0,<Residue GLU het=  resseq=78 icode= >,1f4k_B_A,2.5
587,2.973,GLU, ,C,49.1,10.10,0.0,2.91,1.0,<Residue GLU het=  resseq=78 icode= >,1f4k_B_A,2.5
588,28.178,GLU, ,O,49.8,11.11,0.0,1.38,1.0,<Residue GLU het=  resseq=78 icode= >,1f4k_B_A,2.5
589,21.721,GLU, ,CB,47.99,9.10,0.0,1.98,1.0,<Residue GLU het=  resseq=78 icode= >,1f4k_B_A,2.5
590,4.537,GLU, ,CG,49.67,8.15,0.0,1.11,1.0,<Residue GLU het=  resseq=78 icode= >,1f4k_B_A,2.5
591,15.124,GLU, ,CD,50.97,8.56,0.0,2.73,1.0,<Residue GLU het=  resseq=78 icode= >,1f4k_B_A,2.5
592,36.798,GLU, ,OE1,50.5,9.74,0.0,1.92,1.0,<Residue GLU het=  resseq=78 icode= >,1f4k_B_A,2.5
593,23.905,GLU, ,OE2,48.81,7.88,0.0,2.02,1.0,<Residue GLU het=  resseq=78 icode= >,1f4k_B_A,2.5
594,7.353,GLY, ,N,47.86,10.12,0.0,2.42,1.0,<Residue GLY het=  resseq=79 icode= >,1f4k_B_A,2.5
595,33.481,GLY, ,CA,48.39,11.36,0.0,1.91,1.0,<Residue GLY het=  resseq=79 icode= >,1f4k_B_A,2.5
596,4.855,GLY, ,C,47.93,11.26,0.0,3.50,1.0,<Residue GLY het=  resseq=79 icode= >,1f4k_B_A,2.5
597,17.935,GLY, ,O,48.12,10.42,0.0,1.71,1.0,<Residue GLY het=  resseq=79 icode= >,1f4k_B_A,2.5
598,10.971,ALA, ,N,47.74,12.27,0.0,2.68,1.0,<Residue ALA het=  resseq=80 icode= >,1f4k_B_A,2.5
599,12.343,ALA, ,CA,47.22,12.56,0.0,2.16,1.0,<Residue ALA het=  resseq=80 icode= >,1f4k_B_A,2.5
600,0.042,ALA, ,C,47.77,11.49,0.0,3.02,1.0,<Residue ALA het=  resseq=80 icode= >,1f4k_B_A,2.5
601,28.923,ALA, ,O,46.58,10.84,0.0,2.82,1.0,<Residue ALA het=  resseq=80 icode= >,1f4k_B_A,2.5
602,59.547,ALA, ,CB,45.6,13.48,0.0,1.13,1.0,<Residue ALA het=  resseq=80 icode= >,1f4k_B_A,2.5
603,4.368,LYS, ,N,48.15,10.84,0.0,2.02,1.0,<Residue LYS het=  resseq=81 icode= >,1f4k_B_A,2.5
604,6.006,LYS, ,CA,48.93,9.39,0.0,2.10,1.0,<Residue LYS het=  resseq=81 icode= >,1f4k_B_A,2.5
605,0.643,LYS, ,C,48.24,9.00,0.0,3.09,1.0,<Residue LYS het=  resseq=81 icode= >,1f4k_B_A,2.5
606,6.975,LYS, ,O,47.76,8.36,0.0,2.23,1.0,<Residue LYS het=  resseq=81 icode= >,1f4k_B_A,2.5
607,16.452,LYS, ,CB,50.19,8.91,0.0,1.38,1.0,<Residue LYS het=  resseq=81 icode= >,1f4k_B_A,2.5
608,14.606,LYS, ,CG,53.71,9.71,0.0,1.27,1.0,<Residue LYS het=  resseq=81 icode= >,1f4k_B_A,2.5
609,35.822,LYS, ,CD,57.34,9.52,0.0,0.92,1.0,<Residue LYS het=  resseq=81 icode= >,1f4k_B_A,2.5
610,40.636,LYS, ,CE,58.99,8.51,0.0,0.76,1.0,<Residue LYS het=  resseq=81 icode= >,1f4k_B_A,2.5
611,48.845,LYS, ,NZ,59.6,8.57,0.0,0.51,1.0,<Residue LYS het=  resseq=81 icode= >,1f4k_B_A,2.5
612,4.232,LEU, ,N,46.57,8.08,0.0,2.66,1.0,<Residue LEU het=  resseq=82 icode= >,1f4k_B_A,2.5
613,0.0,LEU, ,CA,45.78,6.80,0.0,2.99,1.0,<Residue LEU het=  resseq=82 icode= >,1f4k_B_A,2.5
614,0.0,LEU, ,C,46.8,6.47,0.0,2.80,1.0,<Residue LEU het=  resseq=82 icode= >,1f4k_B_A,2.5
615,23.851,LEU, ,O,46.79,6.62,0.0,1.55,1.0,<Residue LEU het=  resseq=82 icode= >,1f4k_B_A,2.5
616,17.688,LEU, ,CB,44.74,5.83,0.0,2.21,1.0,<Residue LEU het=  resseq=82 icode= >,1f4k_B_A,2.5
617,0.471,LEU, ,CG,45.68,4.35,0.0,2.00,1.0,<Residue LEU het=  resseq=82 icode= >,1f4k_B_A,2.5
618,12.95,LEU, ,CD1,44.56,4.49,0.058,1.12,1.0,<Residue LEU het=  resseq=82 icode= >,1f4k_B_A,2.5
619,61.582,LEU, ,CD2,45.14,3.71,25.028,0.90,1.0,<Residue LEU het=  resseq=82 icode= >,1f4k_B_A,2.5
620,0.0,GLN, ,N,48.09,6.46,0.0,2.05,1.0,<Residue GLN het=  resseq=83 icode= >,1f4k_B_A,2.5
621,5.684,GLN, ,CA,49.03,6.00,1.603,1.53,1.0,<Residue GLN het=  resseq=83 icode= >,1f4k_B_A,2.5
622,0.067,GLN, ,C,48.13,5.85,0.0,3.01,1.0,<Residue GLN het=  resseq=83 icode= >,1f4k_B_A,2.5
623,0.0,GLN, ,O,47.88,6.01,0.0,1.98,1.0,<Residue GLN het=  resseq=83 icode= >,1f4k_B_A,2.5
624,0.0,GLN, ,CB,51.49,5.92,0.0,1.28,1.0,<Residue GLN het=  resseq=83 icode= >,1f4k_B_A,2.5
625,17.173,GLN, ,CG,54.73,5.31,3.089,1.04,1.0,<Residue GLN het=  resseq=83 icode= >,1f4k_B_A,2.5
626,5.585,GLN, ,CD,57.62,5.12,0.0,1.66,1.0,<Residue GLN het=  resseq=83 icode= >,1f4k_B_A,2.5
627,3.583,GLN, ,OE1,58.26,6.18,0.0,1.19,1.0,<Residue GLN het=  resseq=83 icode= >,1f4k_B_A,2.5
628,23.884,GLN, ,NE2,60.18,4.07,3.788,0.08,1.0,<Residue GLN het=  resseq=83 icode= >,1f4k_B_A,2.5
629,7.139,GLU, ,N,47.18,5.48,2.112,2.72,1.0,<Residue GLU het=  resseq=84 icode= >,1f4k_B_A,2.5
630,0.0,GLU, ,CA,47.03,5.31,0.0,2.52,1.0,<Residue GLU het=  resseq=84 icode= >,1f4k_B_A,2.5
631,1.678,GLU, ,C,45.62,5.04,0.965,3.40,1.0,<Residue GLU het=  resseq=84 icode= >,1f4k_B_A,2.5
632,25.179,GLU, ,O,46.33,4.49,10.634,1.67,1.0,<Residue GLU het=  resseq=84 icode= >,1f4k_B_A,2.5
633,16.993,GLU, ,CB,50.51,3.95,5.107,1.06,1.0,<Residue GLU het=  resseq=84 icode= >,1f4k_B_A,2.5
634,13.195,GLU, ,CG,56.07,4.07,0.0,0.69,1.0,<Residue GLU het=  resseq=84 icode= >,1f4k_B_A,2.5
635,4.807,GLU, ,CD,59.15,3.03,4.762,1.44,1.0,<Residue GLU het=  resseq=84 icode= >,1f4k_B_A,2.5
636,11.286,GLU, ,OE1,58.33,2.46,8.67,1.18,1.0,<Residue GLU het=  resseq=84 icode= >,1f4k_B_A,2.5
637,36.564,GLU, ,OE2,60.05,3.41,24.143,0.64,1.0,<Residue GLU het=  resseq=84 icode= >,1f4k_B_A,2.5
638,0.0,VAL, ,N,43.19,4.80,0.0,2.50,1.0,<Residue VAL het=  resseq=85 icode= >,1f4k_B_A,2.5
639,5.798,VAL, ,CA,42.08,3.62,5.798,2.74,1.0,<Residue VAL het=  resseq=85 icode= >,1f4k_B_A,2.5
640,0.09,VAL, ,C,40.61,3.79,0.0,4.46,1.0,<Residue VAL het=  resseq=85 icode= >,1f4k_B_A,2.5
641,1.653,VAL, ,O,41.59,4.99,0.0,2.81,1.0,<Residue VAL het=  resseq=85 icode= >,1f4k_B_A,2.5
642,1.335,VAL, ,CB,41.68,3.46,1.335,3.12,1.0,<Residue VAL het=  resseq=85 icode= >,1f4k_B_A,2.5
643,15.003,VAL, ,CG1,40.44,3.55,15.003,1.43,1.0,<Residue VAL het=  resseq=85 icode= >,1f4k_B_A,2.5
644,0.0,VAL, ,CG2,41.13,4.65,0.0,1.21,1.0,<Residue VAL het=  resseq=85 icode= >,1f4k_B_A,2.5
645,3.357,VAL, ,N,40.46,2.99,3.357,2.95,1.0,<Residue VAL het=  resseq=86 icode= >,1f4k_B_A,2.5
646,0.0,VAL, ,CA,40.56,3.93,0.0,3.05,1.0,<Residue VAL het=  resseq=86 icode= >,1f4k_B_A,2.5
647,0.0,VAL, ,C,40.57,4.27,0.0,3.46,1.0,<Residue VAL het=  resseq=86 icode= >,1f4k_B_A,2.5
648,0.111,VAL, ,O,40.97,3.72,0.074,2.31,1.0,<Residue VAL het=  resseq=86 icode= >,1f4k_B_A,2.5
649,8.352,VAL, ,CB,39.74,4.06,7.189,2.65,1.0,<Residue VAL het=  resseq=86 icode= >,1f4k_B_A,2.5
650,0.0,VAL, ,CG1,38.79,5.06,0.0,1.52,1.0,<Residue VAL het=  resseq=86 icode= >,1f4k_B_A,2.5
651,27.096,VAL, ,CG2,38.71,4.08,19.832,1.67,1.0,<Residue VAL het=  resseq=86 icode= >,1f4k_B_A,2.5
652,0.0,LEU, ,N,39.18,5.56,0.0,3.48,1.0,<Residue LEU het=  resseq=87 icode= >,1f4k_B_A,2.5
653,0.0,LEU, ,CA,38.54,6.37,0.0,3.59,1.0,<Residue LEU het=  resseq=87 icode= >,1f4k_B_A,2.5
654,0.0,LEU, ,C,38.6,7.33,0.0,3.83,1.0,<Residue LEU het=  resseq=87 icode= >,1f4k_B_A,2.5
655,0.0,LEU, ,O,39.06,7.69,0.0,2.45,1.0,<Residue LEU het=  resseq=87 icode= >,1f4k_B_A,2.5
656,0.0,LEU, ,CB,39.19,7.37,0.0,2.25,1.0,<Residue LEU het=  resseq=87 icode= >,1f4k_B_A,2.5
657,0.0,LEU, ,CG,41.7,7.03,0.0,2.36,1.0,<Residue LEU het=  resseq=87 icode= >,1f4k_B_A,2.5
658,21.837,LEU, ,CD1,43.02,8.41,0.0,1.08,1.0,<Residue LEU het=  resseq=87 icode= >,1f4k_B_A,2.5
659,1.346,LEU, ,CD2,42.18,6.64,0.0,1.21,1.0,<Residue LEU het=  resseq=87 icode= >,1f4k_B_A,2.5
660,0.949,TYR, ,N,37.9,8.05,0.0,2.78,1.0,<Residue TYR het=  resseq=88 icode= >,1f4k_B_A,2.5
661,0.0,TYR, ,CA,38.8,9.13,0.0,2.92,1.0,<Residue TYR het=  resseq=88 icode= >,1f4k_B_A,2.5
662,0.0,TYR, ,C,38.27,10.50,0.0,4.11,1.0,<Residue TYR het=  resseq=88 icode= >,1f4k_B_A,2.5
663,2.009,TYR, ,O,37.58,10.76,0.0,3.44,1.0,<Residue TYR het=  resseq=88 icode= >,1f4k_B_A,2.5
664,5.153,TYR, ,CB,37.62,9.04,0.0,1.77,1.0,<Residue TYR het=  resseq=88 icode= >,1f4k_B_A,2.5
665,0.0,TYR, ,CG,40.19,7.56,0.0,2.13,1.0,<Residue TYR het=  resseq=88 icode= >,1f4k_B_A,2.5
666,0.263,TYR, ,CD1,39.09,6.73,0.0,1.51,1.0,<Residue TYR het=  resseq=88 icode= >,1f4k_B_A,2.5
667,0.0,TYR, ,CD2,40.25,7.19,0.0,2.14,1.0,<Residue TYR het=  resseq=88 icode= >,1f4k_B_A,2.5
668,2.14,TYR, ,CE1,39.38,5.35,0.0,2.09,1.0,<Residue TYR het=  resseq=88 icode= >,1f4k_B_A,2.5
669,0.0,TYR, ,CE2,39.73,5.92,0.0,1.88,1.0,<Residue TYR het=  resseq=88 icode= >,1f4k_B_A,2.5
670,0.0,TYR, ,CZ,39.65,4.86,0.0,3.62,1.0,<Residue TYR het=  resseq=88 icode= >,1f4k_B_A,2.5
671,2.727,TYR, ,OH,41.14,3.57,2.401,2.16,1.0,<Residue TYR het=  resseq=88 icode= >,1f4k_B_A,2.5
672,0.0,GLN, ,N,38.17,11.51,0.0,3.65,1.0,<Residue GLN het=  resseq=89 icode= >,1f4k_B_A,2.5
673,0.0,GLN, ,CA,41.04,12.88,0.0,3.11,1.0,<Residue GLN het=  resseq=89 icode= >,1f4k_B_A,2.5
674,0.0,GLN, ,C,41.19,13.27,0.0,4.12,1.0,<Residue GLN het=  resseq=89 icode= >,1f4k_B_A,2.5
675,0.0,GLN, ,O,42.05,12.47,0.0,2.74,1.0,<Residue GLN het=  resseq=89 icode= >,1f4k_B_A,2.5
676,5.333,GLN, ,CB,43.03,13.47,0.0,1.56,1.0,<Residue GLN het=  resseq=89 icode= >,1f4k_B_A,2.5
677,0.291,GLN, ,CG,45.4,13.69,0.0,2.01,1.0,<Residue GLN het=  resseq=89 icode= >,1f4k_B_A,2.5
678,4.451,GLN, ,CD,48.35,14.29,0.0,2.78,1.0,<Residue GLN het=  resseq=89 icode= >,1f4k_B_A,2.5
679,15.976,GLN, ,OE1,49.92,14.08,0.0,1.84,1.0,<Residue GLN het=  resseq=89 icode= >,1f4k_B_A,2.5
680,31.391,GLN, ,NE2,48.7,15.03,0.0,1.54,1.0,<Residue GLN het=  resseq=89 icode= >,1f4k_B_A,2.5
681,2.556,PHE, ,N,40.13,14.55,0.0,3.16,1.0,<Residue PHE het=  resseq=90 icode= >,1f4k_B_A,2.5
682,0.0,PHE, ,CA,39.96,15.11,0.0,3.01,1.0,<Residue PHE het=  resseq=90 icode= >,1f4k_B_A,2.5
683,0.64,PHE, ,C,41.16,15.46,0.0,4.30,1.0,<Residue PHE het=  resseq=90 icode= >,1f4k_B_A,2.5
684,12.912,PHE, ,O,41.24,15.91,0.0,2.68,1.0,<Residue PHE het=  resseq=90 icode= >,1f4k_B_A,2.5
685,11.718,PHE, ,CB,38.42,16.41,0.0,2.45,1.0,<Residue PHE het=  resseq=90 icode= >,1f4k_B_A,2.5
686,0.0,PHE, ,CG,36.67,16.29,0.0,2.72,1.0,<Residue PHE het=  resseq=90 icode= >,1f4k_B_A,2.5
687,0.0,PHE, ,CD1,35.8,15.93,0.0,2.30,1.0,<Residue PHE het=  resseq=90 icode= >,1f4k_B_A,2.5
688,12.669,PHE, ,CD2,35.57,16.68,0.0,2.22,1.0,<Residue PHE het=  resseq=90 icode= >,1f4k_B_A,2.5
689,0.0,PHE, ,CE1,36.12,15.94,0.0,2.24,1.0,<Residue PHE het=  resseq=90 icode= >,1f4k_B_A,2.5
690,1.022,PHE, ,CE2,35.22,16.69,0.0,2.49,1.0,<Residue PHE het=  resseq=90 icode= >,1f4k_B_A,2.5
691,0.0,PHE, ,CZ,33.94,16.34,0.0,2.71,1.0,<Residue PHE het=  resseq=90 icode= >,1f4k_B_A,2.5
692,0.0,LYS, ,N,43.13,15.35,0.0,3.04,1.0,<Residue LYS het=  resseq=91 icode= >,1f4k_B_A,2.5
693,1.816,LYS, ,CA,44.39,15.84,0.0,3.40,1.0,<Residue LYS het=  resseq=91 icode= >,1f4k_B_A,2.5
694,3.167,LYS, ,C,44.14,17.15,0.0,3.90,1.0,<Residue LYS het=  resseq=91 icode= >,1f4k_B_A,2.5
695,24.989,LYS, ,O,45.31,17.98,0.0,2.40,1.0,<Residue LYS het=  resseq=91 icode= >,1f4k_B_A,2.5
696,0.0,LYS, ,CB,46.51,14.82,0.0,1.90,1.0,<Residue LYS het=  resseq=91 icode= >,1f4k_B_A,2.5
697,9.897,LYS, ,CG,47.39,15.44,0.0,1.81,1.0,<Residue LYS het=  resseq=91 icode= >,1f4k_B_A,2.5
698,4.104,LYS, ,CD,48.63,14.58,0.0,2.45,1.0,<Residue LYS het=  resseq=91 icode= >,1f4k_B_A,2.5
699,44.219,LYS, ,CE,49.39,15.23,0.0,1.87,1.0,<Residue LYS het=  resseq=91 icode= >,1f4k_B_A,2.5
700,48.585,LYS, ,NZ,48.83,14.51,0.0,1.30,1.0,<Residue LYS het=  resseq=91 icode= >,1f4k_B_A,2.5
701,0.0,ASP, ,N,43.3,17.26,0.0,3.04,1.0,<Residue ASP het=  resseq=92 icode= >,1f4k_B_A,2.5
702,6.388,ASP, ,CA,42.55,18.50,0.0,3.29,1.0,<Residue ASP het=  resseq=92 icode= >,1f4k_B_A,2.5
703,0.0,ASP, ,C,42.06,18.67,0.0,4.49,1.0,<Residue ASP het=  resseq=92 icode= >,1f4k_B_A,2.5
704,0.0,ASP, ,O,39.75,18.33,0.0,3.39,1.0,<Residue ASP het=  resseq=92 icode= >,1f4k_B_A,2.5
705,7.572,ASP, ,CB,42.43,18.63,0.0,2.35,1.0,<Residue ASP het=  resseq=92 icode= >,1f4k_B_A,2.5
706,7.622,ASP, ,CG,43.21,20.03,0.0,4.16,1.0,<Residue ASP het=  resseq=92 icode= >,1f4k_B_A,2.5
707,3.877,ASP, ,OD1,42.21,20.74,0.0,2.58,1.0,<Residue ASP het=  resseq=92 icode= >,1f4k_B_A,2.5
708,34.499,ASP, ,OD2,43.47,20.48,0.0,2.83,1.0,<Residue ASP het=  resseq=92 icode= >,1f4k_B_A,2.5
709,5.663,TYR, ,N,42.47,1000.00,0.0,3.35,1.0,<Residue TYR het=  resseq=93 icode= >,1f4k_B_A,2.5
710,0.0,TYR, ,CA,42.36,1000.00,0.0,2.99,1.0,<Residue TYR het=  resseq=93 icode= >,1f4k_B_A,2.5
711,0.0,TYR, ,C,42.28,1000.00,0.0,3.98,1.0,<Residue TYR het=  resseq=93 icode= >,1f4k_B_A,2.5
712,0.0,TYR, ,O,40.93,1000.00,0.0,3.36,1.0,<Residue TYR het=  resseq=93 icode= >,1f4k_B_A,2.5
713,19.677,TYR, ,CB,42.63,1000.00,0.0,2.01,1.0,<Residue TYR het=  resseq=93 icode= >,1f4k_B_A,2.5
714,2.282,TYR, ,CG,43.95,1000.00,0.0,2.56,1.0,<Residue TYR het=  resseq=93 icode= >,1f4k_B_A,2.5
715,0.675,TYR, ,CD1,44.49,1000.00,0.0,2.41,1.0,<Residue TYR het=  resseq=93 icode= >,1f4k_B_A,2.5
716,13.745,TYR, ,CD2,42.81,1000.00,0.0,2.09,1.0,<Residue TYR het=  resseq=93 icode= >,1f4k_B_A,2.5
717,1.299,TYR, ,CE1,46.29,1000.00,0.0,1.53,1.0,<Residue TYR het=  resseq=93 icode= >,1f4k_B_A,2.5
718,20.92,TYR, ,CE2,43.97,1000.00,0.0,2.13,1.0,<Residue TYR het=  resseq=93 icode= >,1f4k_B_A,2.5
719,3.484,TYR, ,CZ,46.67,1000.00,0.0,2.24,1.0,<Residue TYR het=  resseq=93 icode= >,1f4k_B_A,2.5
720,16.228,TYR, ,OH,47.39,1000.00,0.0,1.38,1.0,<Residue TYR het=  resseq=93 icode= >,1f4k_B_A,2.5
721,0.194,GLU, ,N,43.28,1000.00,0.0,2.80,1.0,<Residue GLU het=  resseq=94 icode= >,1f4k_B_A,2.5
722,0.0,GLU, ,CA,45.15,1000.00,0.0,2.62,1.0,<Residue GLU het=  resseq=94 icode= >,1f4k_B_A,2.5
723,1.692,GLU, ,C,43.96,1000.00,0.0,3.73,1.0,<Residue GLU het=  resseq=94 icode= >,1f4k_B_A,2.5
724,4.147,GLU, ,O,43.02,1000.00,0.0,2.57,1.0,<Residue GLU het=  resseq=94 icode= >,1f4k_B_A,2.5
725,20.618,GLU, ,CB,46.31,1000.00,0.0,2.20,1.0,<Residue GLU het=  resseq=94 icode= >,1f4k_B_A,2.5
726,34.934,GLU, ,CG,50.76,1000.00,0.0,1.77,1.0,<Residue GLU het=  resseq=94 icode= >,1f4k_B_A,2.5
727,7.999,GLU, ,CD,53.23,1000.00,0.0,2.66,1.0,<Residue GLU het=  resseq=94 icode= >,1f4k_B_A,2.5
728,25.518,GLU, ,OE1,54.24,1000.00,0.0,1.85,1.0,<Residue GLU het=  resseq=94 icode= >,1f4k_B_A,2.5
729,20.552,GLU, ,OE2,54.42,1000.00,0.0,1.70,1.0,<Residue GLU het=  resseq=94 icode= >,1f4k_B_A,2.5
730,0.822,ALA, ,N,43.01,1000.00,0.0,2.94,1.0,<Residue ALA het=  resseq=95 icode= >,1f4k_B_A,2.5
731,4.702,ALA, ,CA,42.58,1000.00,0.0,3.11,1.0,<Residue ALA het=  resseq=95 icode= >,1f4k_B_A,2.5
732,0.0,ALA, ,C,42.04,1000.00,0.0,3.73,1.0,<Residue ALA het=  resseq=95 icode= >,1f4k_B_A,2.5
733,2.731,ALA, ,O,42.56,1000.00,0.0,2.60,1.0,<Residue ALA het=  resseq=95 icode= >,1f4k_B_A,2.5
734,25.174,ALA, ,CB,41.32,1000.00,0.0,1.97,1.0,<Residue ALA het=  resseq=95 icode= >,1f4k_B_A,2.5
735,0.0,ALA, ,N,41.33,1000.00,0.0,3.27,1.0,<Residue ALA het=  resseq=96 icode= >,1f4k_B_A,2.5
736,0.0,ALA, ,CA,41.86,1000.00,0.0,3.02,1.0,<Residue ALA het=  resseq=96 icode= >,1f4k_B_A,2.5
737,0.0,ALA, ,C,42.85,1000.00,0.0,3.71,1.0,<Residue ALA het=  resseq=96 icode= >,1f4k_B_A,2.5
738,0.0,ALA, ,O,42.12,1000.00,0.0,2.52,1.0,<Residue ALA het=  resseq=96 icode= >,1f4k_B_A,2.5
739,0.0,ALA, ,CB,40.68,1000.00,0.0,1.94,1.0,<Residue ALA het=  resseq=96 icode= >,1f4k_B_A,2.5
740,0.0,LYS, ,N,43.67,1000.00,0.0,2.51,1.0,<Residue LYS het=  resseq=97 icode= >,1f4k_B_A,2.5
741,0.408,LYS, ,CA,42.65,1000.00,0.0,2.62,1.0,<Residue LYS het=  resseq=97 icode= >,1f4k_B_A,2.5
742,0.0,LYS, ,C,41.38,1000.00,0.0,4.13,1.0,<Residue LYS het=  resseq=97 icode= >,1f4k_B_A,2.5
743,0.471,LYS, ,O,40.51,1000.00,0.0,2.54,1.0,<Residue LYS het=  resseq=97 icode= >,1f4k_B_A,2.5
744,3.437,LYS, ,CB,43.79,1000.00,0.0,1.37,1.0,<Residue LYS het=  resseq=97 icode= >,1f4k_B_A,2.5
745,10.441,LYS, ,CG,44.08,1000.00,0.0,1.88,1.0,<Residue LYS het=  resseq=97 icode= >,1f4k_B_A,2.5
746,1.253,LYS, ,CD,45.15,1000.00,0.0,1.58,1.0,<Residue LYS het=  resseq=97 icode= >,1f4k_B_A,2.5
747,26.517,LYS, ,CE,45.56,1000.00,0.0,1.62,1.0,<Residue LYS het=  resseq=97 icode= >,1f4k_B_A,2.5
748,26.299,LYS, ,NZ,44.74,1000.00,0.0,1.60,1.0,<Residue LYS het=  resseq=97 icode= >,1f4k_B_A,2.5
749,0.596,LEU, ,N,41.32,1000.00,0.0,3.51,1.0,<Residue LEU het=  resseq=98 icode= >,1f4k_B_A,2.5
750,2.35,LEU, ,CA,42.88,1000.00,0.0,2.79,1.0,<Residue LEU het=  resseq=98 icode= >,1f4k_B_A,2.5
751,0.0,LEU, ,C,43.22,1000.00,0.0,3.27,1.0,<Residue LEU het=  resseq=98 icode= >,1f4k_B_A,2.5
752,0.0,LEU, ,O,43.61,1000.00,0.0,2.35,1.0,<Residue LEU het=  resseq=98 icode= >,1f4k_B_A,2.5
753,8.906,LEU, ,CB,43.73,1000.00,0.0,2.33,1.0,<Residue LEU het=  resseq=98 icode= >,1f4k_B_A,2.5
754,0.894,LEU, ,CG,46.75,1000.00,0.0,1.79,1.0,<Residue LEU het=  resseq=98 icode= >,1f4k_B_A,2.5
755,31.577,LEU, ,CD1,46.86,1000.00,0.0,0.45,1.0,<Residue LEU het=  resseq=98 icode= >,1f4k_B_A,2.5
756,55.301,LEU, ,CD2,48.06,1000.00,0.0,0.43,1.0,<Residue LEU het=  resseq=98 icode= >,1f4k_B_A,2.5
757,0.121,TYR, ,N,42.13,16.96,0.0,2.95,1.0,<Residue TYR het=  resseq=99 icode= >,1f4k_B_A,2.5
758,0.336,TYR, ,CA,40.88,15.67,0.0,3.59,1.0,<Residue TYR het=  resseq=99 icode= >,1f4k_B_A,2.5
759,0.0,TYR, ,C,40.64,15.75,0.0,4.09,1.0,<Residue TYR het=  resseq=99 icode= >,1f4k_B_A,2.5
760,0.0,TYR, ,O,42.2,14.98,0.0,2.37,1.0,<Residue TYR het=  resseq=99 icode= >,1f4k_B_A,2.5
761,1.899,TYR, ,CB,41.71,15.23,0.0,1.52,1.0,<Residue TYR het=  resseq=99 icode= >,1f4k_B_A,2.5
762,0.0,TYR, ,CG,40.15,13.71,0.0,3.23,1.0,<Residue TYR het=  resseq=99 icode= >,1f4k_B_A,2.5
763,0.0,TYR, ,CD1,39.41,13.14,0.0,3.08,1.0,<Residue TYR het=  resseq=99 icode= >,1f4k_B_A,2.5
764,8.743,TYR, ,CD2,39.46,12.77,0.0,2.59,1.0,<Residue TYR het=  resseq=99 icode= >,1f4k_B_A,2.5
765,0.0,TYR, ,CE1,41.08,11.78,0.0,2.73,1.0,<Residue TYR het=  resseq=99 icode= >,1f4k_B_A,2.5
766,14.968,TYR, ,CE2,41.68,11.55,0.0,2.20,1.0,<Residue TYR het=  resseq=99 icode= >,1f4k_B_A,2.5
767,0.0,TYR, ,CZ,42.27,10.92,0.0,3.05,1.0,<Residue TYR het=  resseq=99 icode= >,1f4k_B_A,2.5
768,0.808,TYR, ,OH,42.2,9.55,0.0,1.84,1.0,<Residue TYR het=  resseq=99 icode= >,1f4k_B_A,2.5
769,0.0,LYS, ,N,41.14,16.59,0.0,2.73,1.0,<Residue LYS het=  resseq=100 icode= >,1f4k_B_A,2.5
770,0.0,LYS, ,CA,42.81,16.75,0.0,2.78,1.0,<Residue LYS het=  resseq=100 icode= >,1f4k_B_A,2.5
771,1.007,LYS, ,C,43.35,17.17,1.007,4.00,1.0,<Residue LYS het=  resseq=100 icode= >,1f4k_B_A,2.5
772,3.541,LYS, ,O,43.35,16.79,3.541,2.83,1.0,<Residue LYS het=  resseq=100 icode= >,1f4k_B_A,2.5
773,5.353,LYS, ,CB,42.33,17.90,3.53,1.87,1.0,<Residue LYS het=  resseq=100 icode= >,1f4k_B_A,2.5
774,0.2,LYS, ,CG,44.34,17.56,0.2,2.33,1.0,<Residue LYS het=  resseq=100 icode= >,1f4k_B_A,2.5
775,0.0,LYS, ,CD,46.15,18.84,0.0,1.58,1.0,<Residue LYS het=  resseq=100 icode= >,1f4k_B_A,2.5
776,30.961,LYS, ,CE,49.06,19.80,19.926,1.31,1.0,<Residue LYS het=  resseq=100 icode= >,1f4k_B_A,2.5
777,21.572,LYS, ,NZ,48.24,21.09,1.012,0.81,1.0,<Residue LYS het=  resseq=100 icode= >,1f4k_B_A,2.5
778,0.0,LYS, ,N,44.94,18.07,0.0,2.52,1.0,<Residue LYS het=  resseq=101 icode= >,1f4k_B_A,2.5
779,1.119,LYS, ,CA,46.95,18.38,0.784,2.45,1.0,<Residue LYS het=  resseq=101 icode= >,1f4k_B_A,2.5
780,1.219,LYS, ,C,47.18,17.15,0.0,2.57,1.0,<Residue LYS het=  resseq=101 icode= >,1f4k_B_A,2.5
781,1.312,LYS, ,O,47.27,17.14,0.0,2.01,1.0,<Residue LYS het=  resseq=101 icode= >,1f4k_B_A,2.5
782,12.807,LYS, ,CB,47.29,19.37,0.0,2.33,1.0,<Residue LYS het=  resseq=101 icode= >,1f4k_B_A,2.5
783,13.648,LYS, ,CG,50.28,20.76,1.168,1.35,1.0,<Residue LYS het=  resseq=101 icode= >,1f4k_B_A,2.5
784,29.924,LYS, ,CD,51.0,21.84,0.0,1.20,1.0,<Residue LYS het=  resseq=101 icode= >,1f4k_B_A,2.5
785,46.073,LYS, ,CE,49.99,23.18,0.0,1.60,1.0,<Residue LYS het=  resseq=101 icode= >,1f4k_B_A,2.5
786,23.825,LYS, ,NZ,50.32,23.40,0.0,1.63,1.0,<Residue LYS het=  resseq=101 icode= >,1f4k_B_A,2.5
787,0.112,GLN, ,N,46.37,16.20,0.0,1.95,1.0,<Residue GLN het=  resseq=102 icode= >,1f4k_B_A,2.5
788,6.524,GLN, ,CA,46.48,15.04,0.0,2.19,1.0,<Residue GLN het=  resseq=102 icode= >,1f4k_B_A,2.5
789,0.0,GLN, ,C,45.51,14.42,0.0,3.26,1.0,<Residue GLN het=  resseq=102 icode= >,1f4k_B_A,2.5
790,1.962,GLN, ,O,44.75,14.24,0.0,2.22,1.0,<Residue GLN het=  resseq=102 icode= >,1f4k_B_A,2.5
791,11.2,GLN, ,CB,46.49,14.11,0.0,2.39,1.0,<Residue GLN het=  resseq=102 icode= >,1f4k_B_A,2.5
792,12.139,GLN, ,CG,50.96,14.93,0.0,0.96,1.0,<Residue GLN het=  resseq=102 icode= >,1f4k_B_A,2.5
793,4.336,GLN, ,CD,53.02,14.36,0.0,2.49,1.0,<Residue GLN het=  resseq=102 icode= >,1f4k_B_A,2.5
794,15.328,GLN, ,OE1,53.92,13.72,0.0,2.25,1.0,<Residue GLN het=  resseq=102 icode= >,1f4k_B_A,2.5
795,39.678,GLN, ,NE2,54.23,14.78,0.0,1.15,1.0,<Residue GLN het=  resseq=102 icode= >,1f4k_B_A,2.5
796,0.0,LEU, ,N,45.27,14.30,0.0,2.31,1.0,<Residue LEU het=  resseq=103 icode= >,1f4k_B_A,2.5
797,0.0,LEU, ,CA,44.37,13.66,0.0,2.81,1.0,<Residue LEU het=  resseq=103 icode= >,1f4k_B_A,2.5
798,0.0,LEU, ,C,45.76,14.30,0.0,3.65,1.0,<Residue LEU het=  resseq=103 icode= >,1f4k_B_A,2.5
799,0.0,LEU, ,O,44.75,13.66,0.0,2.78,1.0,<Residue LEU het=  resseq=103 icode= >,1f4k_B_A,2.5
800,0.0,LEU, ,CB,43.24,13.11,0.0,1.85,1.0,<Residue LEU het=  resseq=103 icode= >,1f4k_B_A,2.5
801,0.0,LEU, ,CG,41.68,11.63,0.0,2.48,1.0,<Residue LEU het=  resseq=103 icode= >,1f4k_B_A,2.5
802,0.0,LEU, ,CD1,40.28,10.81,0.0,1.72,1.0,<Residue LEU het=  resseq=103 icode= >,1f4k_B_A,2.5
803,4.553,LEU, ,CD2,39.29,11.33,0.0,1.55,1.0,<Residue LEU het=  resseq=103 icode= >,1f4k_B_A,2.5
804,0.197,LYS, ,N,46.49,15.62,0.197,2.60,1.0,<Residue LYS het=  resseq=104 icode= >,1f4k_B_A,2.5
805,1.824,LYS, ,CA,47.05,16.34,1.824,2.75,1.0,<Residue LYS het=  resseq=104 icode= >,1f4k_B_A,2.5
806,0.047,LYS, ,C,46.01,16.38,0.0,3.73,1.0,<Residue LYS het=  resseq=104 icode= >,1f4k_B_A,2.5
807,0.0,LYS, ,O,44.25,16.51,0.0,3.03,1.0,<Residue LYS het=  resseq=104 icode= >,1f4k_B_A,2.5
808,5.386,LYS, ,CB,50.13,17.80,3.865,1.29,1.0,<Residue LYS het=  resseq=104 icode= >,1f4k_B_A,2.5
809,7.854,LYS, ,CG,52.08,18.55,7.437,1.88,1.0,<Residue LYS het=  resseq=104 icode= >,1f4k_B_A,2.5
810,31.705,LYS, ,CD,56.3,20.00,5.962,0.93,1.0,<Residue LYS het=  resseq=104 icode= >,1f4k_B_A,2.5
811,50.954,LYS, ,CE,59.43,20.61,22.309,0.46,1.0,<Residue LYS het=  resseq=104 icode= >,1f4k_B_A,2.5
812,28.239,LYS, ,NZ,61.19,20.11,11.581,1.06,1.0,<Residue LYS het=  resseq=104 icode= >,1f4k_B_A,2.5
813,0.0,VAL, ,N,45.17,16.45,0.0,2.35,1.0,<Residue VAL het=  resseq=105 icode= >,1f4k_B_A,2.5
814,1.363,VAL, ,CA,45.56,16.36,0.0,2.20,1.0,<Residue VAL het=  resseq=105 icode= >,1f4k_B_A,2.5
815,0.0,VAL, ,C,45.11,15.26,0.0,3.56,1.0,<Residue VAL het=  resseq=105 icode= >,1f4k_B_A,2.5
816,0.418,VAL, ,O,45.75,15.32,0.0,2.33,1.0,<Residue VAL het=  resseq=105 icode= >,1f4k_B_A,2.5
817,1.511,VAL, ,CB,45.31,16.22,0.0,1.88,1.0,<Residue VAL het=  resseq=105 icode= >,1f4k_B_A,2.5
818,42.301,VAL, ,CG1,43.52,15.90,0.0,1.69,1.0,<Residue VAL het=  resseq=105 icode= >,1f4k_B_A,2.5
819,50.381,VAL, ,CG2,44.09,17.57,0.0,1.02,1.0,<Residue VAL het=  resseq=105 icode= >,1f4k_B_A,2.5
820,0.0,GLU, ,N,44.84,14.12,0.0,2.81,1.0,<Residue GLU het=  resseq=106 icode= >,1f4k_B_A,2.5
821,0.032,GLU, ,CA,44.63,13.01,0.0,3.05,1.0,<Residue GLU het=  resseq=106 icode= >,1f4k_B_A,2.5
822,0.0,GLU, ,C,42.92,12.78,0.0,4.63,1.0,<Residue GLU het=  resseq=106 icode= >,1f4k_B_A,2.5
823,0.875,GLU, ,O,42.32,12.46,0.0,2.72,1.0,<Residue GLU het=  resseq=106 icode= >,1f4k_B_A,2.5
824,0.0,GLU, ,CB,46.73,11.81,0.0,2.21,1.0,<Residue GLU het=  resseq=106 icode= >,1f4k_B_A,2.5
825,21.13,GLU, ,CG,51.54,10.71,0.0,1.63,1.0,<Residue GLU het=  resseq=106 icode= >,1f4k_B_A,2.5
826,8.069,GLU, ,CD,54.58,9.65,0.0,1.95,1.0,<Residue GLU het=  resseq=106 icode= >,1f4k_B_A,2.5
827,5.7,GLU, ,OE1,55.66,9.10,0.0,1.42,1.0,<Residue GLU het=  resseq=106 icode= >,1f4k_B_A,2.5
828,32.738,GLU, ,OE2,56.63,9.57,0.0,0.87,1.0,<Residue GLU het=  resseq=106 icode= >,1f4k_B_A,2.5
829,0.0,LEU, ,N,42.76,13.17,0.0,3.07,1.0,<Residue LEU het=  resseq=107 icode= >,1f4k_B_A,2.5
830,0.0,LEU, ,CA,42.61,13.20,0.0,3.01,1.0,<Residue LEU het=  resseq=107 icode= >,1f4k_B_A,2.5
831,0.858,LEU, ,C,43.63,14.28,0.858,3.82,1.0,<Residue LEU het=  resseq=107 icode= >,1f4k_B_A,2.5
832,3.976,LEU, ,O,44.4,14.20,3.976,2.88,1.0,<Residue LEU het=  resseq=107 icode= >,1f4k_B_A,2.5
833,9.979,LEU, ,CB,41.46,13.60,9.979,1.86,1.0,<Residue LEU het=  resseq=107 icode= >,1f4k_B_A,2.5
834,0.0,LEU, ,CG,41.47,12.62,0.0,2.34,1.0,<Residue LEU het=  resseq=107 icode= >,1f4k_B_A,2.5
835,27.975,LEU, ,CD1,39.48,13.48,27.975,1.52,1.0,<Residue LEU het=  resseq=107 icode= >,1f4k_B_A,2.5
836,13.927,LEU, ,CD2,39.06,11.52,13.927,1.72,1.0,<Residue LEU het=  resseq=107 icode= >,1f4k_B_A,2.5
837,0.0,ASP, ,N,43.67,15.38,0.0,2.87,1.0,<Residue ASP het=  resseq=108 icode= >,1f4k_B_A,2.5
838,0.392,ASP, ,CA,44.06,16.53,0.158,3.00,1.0,<Residue ASP het=  resseq=108 icode= >,1f4k_B_A,2.5
839,0.167,ASP, ,C,44.14,16.22,0.0,3.50,1.0,<Residue ASP het=  resseq=108 icode= >,1f4k_B_A,2.5
840,0.273,ASP, ,O,45.46,16.48,0.0,2.11,1.0,<Residue ASP het=  resseq=108 icode= >,1f4k_B_A,2.5
841,19.123,ASP, ,CB,42.87,17.81,0.0,2.16,1.0,<Residue ASP het=  resseq=108 icode= >,1f4k_B_A,2.5
842,8.007,ASP, ,CG,44.05,18.39,0.0,3.67,1.0,<Residue ASP het=  resseq=108 icode= >,1f4k_B_A,2.5
843,19.58,ASP, ,OD1,42.66,18.28,11.633,2.74,1.0,<Residue ASP het=  resseq=108 icode= >,1f4k_B_A,2.5
844,20.014,ASP, ,OD2,42.88,19.09,0.0,2.51,1.0,<Residue ASP het=  resseq=108 icode= >,1f4k_B_A,2.5
845,0.33,ARG, ,N,43.33,15.15,0.0,3.27,1.0,<Residue ARG het=  resseq=109 icode= >,1f4k_B_A,2.5
846,4.091,ARG, ,CA,43.4,14.15,1.378,3.69,1.0,<Residue ARG het=  resseq=109 icode= >,1f4k_B_A,2.5
847,0.0,ARG, ,C,43.41,13.67,0.0,3.86,1.0,<Residue ARG het=  resseq=109 icode= >,1f4k_B_A,2.5
848,0.485,ARG, ,O,44.85,13.66,0.485,2.26,1.0,<Residue ARG het=  resseq=109 icode= >,1f4k_B_A,2.5
849,1.472,ARG, ,CB,43.72,13.02,1.472,3.38,1.0,<Residue ARG het=  resseq=109 icode= >,1f4k_B_A,2.5
850,16.366,ARG, ,CG,48.3,13.48,2.375,1.42,1.0,<Residue ARG het=  resseq=109 icode= >,1f4k_B_A,2.5
851,31.724,ARG, ,CD,52.52,12.38,10.104,0.97,1.0,<Residue ARG het=  resseq=109 icode= >,1f4k_B_A,2.5
852,6.674,ARG, ,NE,54.6,11.09,0.0,1.64,1.0,<Residue ARG het=  resseq=109 icode= >,1f4k_B_A,2.5
853,3.47,ARG, ,CZ,54.35,10.04,0.0,2.87,1.0,<Residue ARG het=  resseq=109 icode= >,1f4k_B_A,2.5
854,25.787,ARG, ,NH1,53.62,10.22,25.592,1.59,1.0,<Residue ARG het=  resseq=109 icode= >,1f4k_B_A,2.5
855,10.716,ARG, ,NH2,55.65,8.95,0.0,0.72,1.0,<Residue ARG het=  resseq=109 icode= >,1f4k_B_A,2.5
856,0.0,SER, ,N,42.06,13.42,0.0,2.86,1.0,<Residue SER het=  resseq=110 icode= >,1f4k_B_A,2.5
857,0.0,SER, ,CA,42.79,12.89,0.0,3.30,1.0,<Residue SER het=  resseq=110 icode= >,1f4k_B_A,2.5
858,0.08,SER, ,C,43.34,13.52,0.08,4.50,1.0,<Residue SER het=  resseq=110 icode= >,1f4k_B_A,2.5
859,0.0,SER, ,O,43.38,13.00,0.0,3.56,1.0,<Residue SER het=  resseq=110 icode= >,1f4k_B_A,2.5
860,8.52,SER, ,CB,43.51,11.76,8.52,1.77,1.0,<Residue SER het=  resseq=110 icode= >,1f4k_B_A,2.5
861,0.423,SER, ,OG,40.09,10.71,0.0,2.32,1.0,<Residue SER het=  resseq=110 icode= >,1f4k_B_A,2.5
862,0.375,LYS, ,N,45.36,14.65,0.375,2.70,1.0,<Residue LYS het=  resseq=111 icode= >,1f4k_B_A,2.5
863,5.624,LYS, ,CA,45.89,15.63,5.624,2.51,1.0,<Residue LYS het=  resseq=111 icode= >,1f4k_B_A,2.5
864,0.0,LYS, ,C,45.49,15.84,0.0,3.32,1.0,<Residue LYS het=  resseq=111 icode= >,1f4k_B_A,2.5
865,0.152,LYS, ,O,46.15,15.89,0.152,2.92,1.0,<Residue LYS het=  resseq=111 icode= >,1f4k_B_A,2.5
866,6.326,LYS, ,CB,47.12,16.56,6.317,1.30,1.0,<Residue LYS het=  resseq=111 icode= >,1f4k_B_A,2.5
867,12.06,LYS, ,CG,47.36,17.72,12.06,1.70,1.0,<Residue LYS het=  resseq=111 icode= >,1f4k_B_A,2.5
868,25.847,LYS, ,CD,49.76,18.64,17.649,1.37,1.0,<Residue LYS het=  resseq=111 icode= >,1f4k_B_A,2.5
869,35.184,LYS, ,CE,49.57,20.02,0.233,1.56,1.0,<Residue LYS het=  resseq=111 icode= >,1f4k_B_A,2.5
870,39.25,LYS, ,NZ,50.96,20.07,28.786,1.45,1.0,<Residue LYS het=  resseq=111 icode= >,1f4k_B_A,2.5
871,0.0,LYS, ,N,44.02,16.12,0.0,3.16,1.0,<Residue LYS het=  resseq=112 icode= >,1f4k_B_A,2.5
872,0.056,LYS, ,CA,45.22,16.50,0.0,3.33,1.0,<Residue LYS het=  resseq=112 icode= >,1f4k_B_A,2.5
873,1.362,LYS, ,C,45.08,15.41,1.362,3.50,1.0,<Residue LYS het=  resseq=112 icode= >,1f4k_B_A,2.5
874,0.623,LYS, ,O,44.08,15.75,0.0,3.13,1.0,<Residue LYS het=  resseq=112 icode= >,1f4k_B_A,2.5
875,8.96,LYS, ,CB,47.71,16.30,8.743,2.12,1.0,<Residue LYS het=  resseq=112 icode= >,1f4k_B_A,2.5
876,28.929,LYS, ,CG,48.42,17.54,13.928,2.08,1.0,<Residue LYS het=  resseq=112 icode= >,1f4k_B_A,2.5
877,8.297,LYS, ,CD,50.95,18.46,0.0,1.53,1.0,<Residue LYS het=  resseq=112 icode= >,1f4k_B_A,2.5
878,44.069,LYS, ,CE,54.07,19.52,0.0,1.45,1.0,<Residue LYS het=  resseq=112 icode= >,1f4k_B_A,2.5
879,46.63,LYS, ,NZ,56.95,20.58,0.0,0.39,1.0,<Residue LYS het=  resseq=112 icode= >,1f4k_B_A,2.5
880,0.189,LEU, ,N,43.35,14.20,0.189,2.57,1.0,<Residue LEU het=  resseq=113 icode= >,1f4k_B_A,2.5
881,1.097,LEU, ,CA,42.3,13.15,1.097,2.27,1.0,<Residue LEU het=  resseq=113 icode= >,1f4k_B_A,2.5
882,0.936,LEU, ,C,41.04,13.04,0.936,3.97,1.0,<Residue LEU het=  resseq=113 icode= >,1f4k_B_A,2.5
883,4.982,LEU, ,O,40.12,13.05,4.982,3.29,1.0,<Residue LEU het=  resseq=113 icode= >,1f4k_B_A,2.5
884,1.801,LEU, ,CB,41.41,11.82,1.801,1.87,1.0,<Residue LEU het=  resseq=113 icode= >,1f4k_B_A,2.5
885,2.817,LEU, ,CG,40.52,11.14,2.817,2.56,1.0,<Residue LEU het=  resseq=113 icode= >,1f4k_B_A,2.5
886,0.0,LEU, ,CD1,40.09,9.86,0.0,1.65,1.0,<Residue LEU het=  resseq=113 icode= >,1f4k_B_A,2.5
887,46.589,LEU, ,CD2,40.59,11.03,46.589,1.14,1.0,<Residue LEU het=  resseq=113 icode= >,1f4k_B_A,2.5
888,0.0,ILE, ,N,40.12,13.18,0.0,3.42,1.0,<Residue ILE het=  resseq=114 icode= >,1f4k_B_A,2.5
889,1.697,ILE, ,CA,41.11,13.28,1.697,3.28,1.0,<Residue ILE het=  resseq=114 icode= >,1f4k_B_A,2.5
890,0.0,ILE, ,C,42.04,14.66,0.0,4.11,1.0,<Residue ILE het=  resseq=114 icode= >,1f4k_B_A,2.5
891,0.0,ILE, ,O,40.57,14.89,0.0,2.45,1.0,<Residue ILE het=  resseq=114 icode= >,1f4k_B_A,2.5
892,1.694,ILE, ,CB,41.11,13.19,1.694,2.95,1.0,<Residue ILE het=  resseq=114 icode= >,1f4k_B_A,2.5
893,9.081,ILE, ,CG1,39.46,11.80,9.081,2.29,1.0,<Residue ILE het=  resseq=114 icode= >,1f4k_B_A,2.5
894,32.82,ILE, ,CG2,40.37,13.68,32.82,1.27,1.0,<Residue ILE het=  resseq=114 icode= >,1f4k_B_A,2.5
895,42.284,ILE, ,CD1,42.51,11.91,42.284,0.70,1.0,<Residue ILE het=  resseq=114 icode= >,1f4k_B_A,2.5
896,0.0,GLU, ,N,43.61,15.67,0.0,2.76,1.0,<Residue GLU het=  resseq=115 icode= >,1f4k_B_A,2.5
897,1.352,GLU, ,CA,44.37,17.01,0.0,3.15,1.0,<Residue GLU het=  resseq=115 icode= >,1f4k_B_A,2.5
898,0.699,GLU, ,C,43.92,17.11,0.0,3.81,1.0,<Residue GLU het=  resseq=115 icode= >,1f4k_B_A,2.5
899,1.207,GLU, ,O,44.87,17.69,0.0,2.75,1.0,<Residue GLU het=  resseq=115 icode= >,1f4k_B_A,2.5
900,16.861,GLU, ,CB,44.58,18.06,0.0,2.31,1.0,<Residue GLU het=  resseq=115 icode= >,1f4k_B_A,2.5
901,18.137,GLU, ,CG,46.51,18.37,12.268,2.21,1.0,<Residue GLU het=  resseq=115 icode= >,1f4k_B_A,2.5
902,7.025,GLU, ,CD,48.48,19.36,0.0,2.91,1.0,<Residue GLU het=  resseq=115 icode= >,1f4k_B_A,2.5
903,12.813,GLU, ,OE1,48.42,19.37,0.0,2.11,1.0,<Residue GLU het=  resseq=115 icode= >,1f4k_B_A,2.5
904,21.108,GLU, ,OE2,49.11,20.21,6.9,1.70,1.0,<Residue GLU het=  resseq=115 icode= >,1f4k_B_A,2.5
905,1.225,LYS, ,N,43.76,16.69,0.0,2.80,1.0,<Residue LYS het=  resseq=116 icode= >,1f4k_B_A,2.5
906,6.365,LYS, ,CA,42.29,16.90,0.0,3.44,1.0,<Residue LYS het=  resseq=116 icode= >,1f4k_B_A,2.5
907,0.0,LYS, ,C,42.75,16.37,0.0,4.34,1.0,<Residue LYS het=  resseq=116 icode= >,1f4k_B_A,2.5
908,0.0,LYS, ,O,41.62,17.13,0.0,3.07,1.0,<Residue LYS het=  resseq=116 icode= >,1f4k_B_A,2.5
909,8.546,LYS, ,CB,42.11,16.38,4.279,2.40,1.0,<Residue LYS het=  resseq=116 icode= >,1f4k_B_A,2.5
910,8.609,LYS, ,CG,42.54,16.82,3.336,2.13,1.0,<Residue LYS het=  resseq=116 icode= >,1f4k_B_A,2.5
911,29.891,LYS, ,CD,41.67,16.15,28.354,1.62,1.0,<Residue LYS het=  resseq=116 icode= >,1f4k_B_A,2.5
912,50.976,LYS, ,CE,40.86,16.84,32.502,2.36,1.0,<Residue LYS het=  resseq=116 icode= >,1f4k_B_A,2.5
913,22.65,LYS, ,NZ,39.26,17.36,15.552,2.43,1.0,<Residue LYS het=  resseq=116 icode= >,1f4k_B_A,2.5
914,0.324,ALA, ,N,42.83,15.16,0.324,2.97,1.0,<Residue ALA het=  resseq=117 icode= >,1f4k_B_A,2.5
915,4.394,ALA, ,CA,42.06,14.69,4.394,2.99,1.0,<Residue ALA het=  resseq=117 icode= >,1f4k_B_A,2.5
916,0.76,ALA, ,C,41.32,15.63,0.76,4.41,1.0,<Residue ALA het=  resseq=117 icode= >,1f4k_B_A,2.5
917,0.481,ALA, ,O,40.79,16.05,0.481,3.51,1.0,<Residue ALA het=  resseq=117 icode= >,1f4k_B_A,2.5
918,45.418,ALA, ,CB,39.76,13.22,45.397,2.14,1.0,<Residue ALA het=  resseq=117 icode= >,1f4k_B_A,2.5
919,0.03,LEU, ,N,40.1,16.08,0.03,3.24,1.0,<Residue LEU het=  resseq=118 icode= >,1f4k_B_A,2.5
920,0.278,LEU, ,CA,40.69,17.09,0.278,2.85,1.0,<Residue LEU het=  resseq=118 icode= >,1f4k_B_A,2.5
921,1.159,LEU, ,C,41.35,18.35,0.0,3.91,1.0,<Residue LEU het=  resseq=118 icode= >,1f4k_B_A,2.5
922,2.251,LEU, ,O,40.58,19.08,0.0,3.70,1.0,<Residue LEU het=  resseq=118 icode= >,1f4k_B_A,2.5
923,11.248,LEU, ,CB,37.39,17.48,0.0,2.23,1.0,<Residue LEU het=  resseq=118 icode= >,1f4k_B_A,2.5
924,3.836,LEU, ,CG,36.24,16.74,3.836,2.72,1.0,<Residue LEU het=  resseq=118 icode= >,1f4k_B_A,2.5
925,43.841,LEU, ,CD1,33.48,17.18,33.149,1.95,1.0,<Residue LEU het=  resseq=118 icode= >,1f4k_B_A,2.5
926,41.166,LEU, ,CD2,34.59,17.18,38.445,1.90,1.0,<Residue LEU het=  resseq=118 icode= >,1f4k_B_A,2.5
927,0.253,SER, ,N,41.67,18.67,0.0,3.27,1.0,<Residue SER het=  resseq=119 icode= >,1f4k_B_A,2.5
928,9.967,SER, ,CA,43.06,19.91,0.0,2.82,1.0,<Residue SER het=  resseq=119 icode= >,1f4k_B_A,2.5
929,0.123,SER, ,C,44.7,19.97,0.0,3.22,1.0,<Residue SER het=  resseq=119 icode= >,1f4k_B_A,2.5
930,17.616,SER, ,O,45.72,21.01,0.0,2.36,1.0,<Residue SER het=  resseq=119 icode= >,1f4k_B_A,2.5
931,24.582,SER, ,CB,43.08,20.25,0.0,2.53,1.0,<Residue SER het=  resseq=119 icode= >,1f4k_B_A,2.5
932,30.603,SER, ,OG,44.53,21.36,0.0,1.96,1.0,<Residue SER het=  resseq=119 icode= >,1f4k_B_A,2.5
933,0.0,ASP, ,N,45.06,18.95,0.0,2.50,1.0,<Residue ASP het=  resseq=120 icode= >,1f4k_B_A,2.5
934,5.518,ASP, ,CA,44.44,19.09,0.0,3.32,1.0,<Residue ASP het=  resseq=120 icode= >,1f4k_B_A,2.5
935,1.666,ASP, ,C,44.08,18.95,0.0,4.43,1.0,<Residue ASP het=  resseq=120 icode= >,1f4k_B_A,2.5
936,26.74,ASP, ,O,45.12,19.47,15.024,2.27,1.0,<Residue ASP het=  resseq=120 icode= >,1f4k_B_A,2.5
937,16.034,ASP, ,CB,43.54,18.22,9.678,2.82,1.0,<Residue ASP het=  resseq=120 icode= >,1f4k_B_A,2.5
938,6.03,ASP, ,CG,45.9,18.63,3.473,3.99,1.0,<Residue ASP het=  resseq=120 icode= >,1f4k_B_A,2.5
939,26.858,ASP, ,OD1,45.04,19.84,0.0,2.75,1.0,<Residue ASP het=  resseq=120 icode= >,1f4k_B_A,2.5
940,7.483,ASP, ,OD2,48.57,17.81,7.483,2.21,1.0,<Residue ASP het=  resseq=120 icode= >,1f4k_B_A,2.5
941,0.0,ASN, ,N,43.53,18.40,0.0,3.56,1.0,<Residue ASN het=  resseq=121 icode= >,1f4k_B_A,2.5
942,5.679,ASN, ,CA,44.7,18.42,5.313,3.29,1.0,<Residue ASN het=  resseq=121 icode= >,1f4k_B_A,2.5
943,4.387,ASN, ,C,46.51,19.31,0.0,3.85,1.0,<Residue ASN het=  resseq=121 icode= >,1f4k_B_A,2.5
944,21.975,ASN, ,O,47.36,19.59,16.1,2.32,1.0,<Residue ASN het=  resseq=121 icode= >,1f4k_B_A,2.5
945,10.124,ASN, ,CB,44.88,17.01,10.124,2.23,1.0,<Residue ASN het=  resseq=121 icode= >,1f4k_B_A,2.5
946,5.608,ASN, ,CG,46.15,16.12,5.608,3.97,1.0,<Residue ASN het=  resseq=121 icode= >,1f4k_B_A,2.5
947,8.771,ASN, ,OD1,46.12,15.61,8.771,2.48,1.0,<Residue ASN het=  resseq=121 icode= >,1f4k_B_A,2.5
948,54.531,ASN, ,ND2,43.93,16.05,54.513,2.33,1.0,<Residue ASN het=  resseq=121 icode= >,1f4k_B_A,2.5
949,0.483,PHE, ,N,47.48,1000.00,0.0,2.03,1.0,<Residue PHE het=  resseq=122 icode= >,1f4k_B_A,2.5
950,5.369,PHE, ,CA,47.5,1000.00,0.0,2.65,1.0,<Residue PHE het=  resseq=122 icode= >,1f4k_B_A,2.5
951,11.422,PHE, ,C,49.07,1000.00,0.0,3.27,1.0,<Residue PHE het=  resseq=122 icode= >,1f4k_B_A,2.5
952,41.522,PHE, ,O,47.58,1000.00,0.0,2.32,1.0,<Residue PHE het=  resseq=122 icode= >,1f4k_B_A,2.5
953,19.197,PHE, ,CB,45.71,1000.00,11.542,1.71,1.0,<Residue PHE het=  resseq=122 icode= >,1f4k_B_A,2.5
954,1.268,PHE, ,CG,45.22,1000.00,1.268,2.22,1.0,<Residue PHE het=  resseq=122 icode= >,1f4k_B_A,2.5
955,22.73,PHE, ,CD1,42.75,1000.00,12.65,2.32,1.0,<Residue PHE het=  resseq=122 icode= >,1f4k_B_A,2.5
956,0.182,PHE, ,CD2,43.77,1000.00,0.182,2.19,1.0,<Residue PHE het=  resseq=122 icode= >,1f4k_B_A,2.5
957,35.009,PHE, ,CE1,41.54,1000.00,32.208,2.84,1.0,<Residue PHE het=  resseq=122 icode= >,1f4k_B_A,2.5
958,16.146,PHE, ,CE2,42.65,1000.00,16.146,2.55,1.0,<Residue PHE het=  resseq=122 icode= >,1f4k_B_A,2.5
959,33.667,PHE, ,CZ,42.44,1000.00,33.667,2.31,1.0,<Residue PHE het=  resseq=122 icode= >,1f4k_B_A,2.5
960,18.95,PHE, ,OXT,51.14,1000.00,0.0,1.69,1.0,<Residue PHE het=  resseq=122 icode= >,1f4k_B_A,2.5
