,ASA,aa,altloc,atom,bfac,d2r,dASA,dens,occ,residue,id,resolu
0,51.017,ALA, ,N,50.58,1000.00,0.0,0.69,1.0,<Residue ALA het=  resseq=193 icode= >,1fym_B_A,2.2
1,16.958,ALA, ,CA,52.05,1000.00,0.0,0.41,1.0,<Residue ALA het=  resseq=193 icode= >,1fym_B_A,2.2
2,3.402,ALA, ,C,51.93,1000.00,0.0,0.74,1.0,<Residue ALA het=  resseq=193 icode= >,1fym_B_A,2.2
3,19.73,ALA, ,O,52.77,1000.00,0.0,0.83,1.0,<Residue ALA het=  resseq=193 icode= >,1fym_B_A,2.2
4,65.799,ALA, ,CB,51.84,1000.00,0.0,0.10,1.0,<Residue ALA het=  resseq=193 icode= >,1fym_B_A,2.2
5,3.35,ARG, ,N,50.68,1000.00,0.0,0.67,1.0,<Residue ARG het=  resseq=194 icode= >,1fym_B_A,2.2
6,4.373,ARG, ,CA,48.59,1000.00,0.0,1.38,1.0,<Residue ARG het=  resseq=194 icode= >,1fym_B_A,2.2
7,0.691,ARG, ,C,45.52,1000.00,0.0,1.32,1.0,<Residue ARG het=  resseq=194 icode= >,1fym_B_A,2.2
8,16.533,ARG, ,O,46.08,1000.00,0.0,1.20,1.0,<Residue ARG het=  resseq=194 icode= >,1fym_B_A,2.2
9,19.937,ARG, ,CB,52.27,1000.00,0.0,0.63,1.0,<Residue ARG het=  resseq=194 icode= >,1fym_B_A,2.2
10,2.79,ARG, ,CG,56.72,1000.00,0.0,1.19,1.0,<Residue ARG het=  resseq=194 icode= >,1fym_B_A,2.2
11,18.647,ARG, ,CD,62.69,1000.00,0.0,0.02,1.0,<Residue ARG het=  resseq=194 icode= >,1fym_B_A,2.2
12,13.889,ARG, ,NE,66.04,1000.00,0.0,0.63,1.0,<Residue ARG het=  resseq=194 icode= >,1fym_B_A,2.2
13,6.612,ARG, ,CZ,68.07,1000.00,0.0,1.00,1.0,<Residue ARG het=  resseq=194 icode= >,1fym_B_A,2.2
14,10.412,ARG, ,NH1,70.95,1000.00,0.0,-0.38,1.0,<Residue ARG het=  resseq=194 icode= >,1fym_B_A,2.2
15,55.543,ARG, ,NH2,69.04,1000.00,0.0,0.74,1.0,<Residue ARG het=  resseq=194 icode= >,1fym_B_A,2.2
16,0.0,PRO, ,N,41.43,1000.00,0.0,1.73,1.0,<Residue PRO het=  resseq=195 icode= >,1fym_B_A,2.2
17,11.291,PRO, ,CA,38.76,1000.00,0.0,1.49,1.0,<Residue PRO het=  resseq=195 icode= >,1fym_B_A,2.2
18,0.0,PRO, ,C,37.97,1000.00,0.0,1.82,1.0,<Residue PRO het=  resseq=195 icode= >,1fym_B_A,2.2
19,0.0,PRO, ,O,37.58,1000.00,0.0,1.36,1.0,<Residue PRO het=  resseq=195 icode= >,1fym_B_A,2.2
20,2.214,PRO, ,CB,38.02,1000.00,0.0,1.14,1.0,<Residue PRO het=  resseq=195 icode= >,1fym_B_A,2.2
21,18.656,PRO, ,CG,36.58,1000.00,0.0,1.43,1.0,<Residue PRO het=  resseq=195 icode= >,1fym_B_A,2.2
22,11.486,PRO, ,CD,38.32,1000.00,0.0,1.81,1.0,<Residue PRO het=  resseq=195 icode= >,1fym_B_A,2.2
23,8.424,ALA, ,N,36.66,1000.00,0.0,1.86,1.0,<Residue ALA het=  resseq=196 icode= >,1fym_B_A,2.2
24,5.719,ALA, ,CA,34.53,1000.00,0.0,1.99,1.0,<Residue ALA het=  resseq=196 icode= >,1fym_B_A,2.2
25,0.594,ALA, ,C,35.31,1000.00,0.0,1.64,1.0,<Residue ALA het=  resseq=196 icode= >,1fym_B_A,2.2
26,2.437,ALA, ,O,37.88,1000.00,0.0,1.25,1.0,<Residue ALA het=  resseq=196 icode= >,1fym_B_A,2.2
27,68.087,ALA, ,CB,34.15,1000.00,12.947,1.14,1.0,<Residue ALA het=  resseq=196 icode= >,1fym_B_A,2.2
28,2.842,PHE, ,N,33.45,18.14,0.0,0.93,1.0,<Residue PHE het=  resseq=197 icode= >,1fym_B_A,2.2
29,2.052,PHE, ,CA,28.93,17.68,0.0,2.07,1.0,<Residue PHE het=  resseq=197 icode= >,1fym_B_A,2.2
30,0.0,PHE, ,C,29.41,18.81,0.0,2.58,1.0,<Residue PHE het=  resseq=197 icode= >,1fym_B_A,2.2
31,0.0,PHE, ,O,28.54,18.60,0.0,1.79,1.0,<Residue PHE het=  resseq=197 icode= >,1fym_B_A,2.2
32,5.786,PHE, ,CB,24.99,16.84,0.0,1.88,1.0,<Residue PHE het=  resseq=197 icode= >,1fym_B_A,2.2
33,0.0,PHE, ,CG,23.9,16.25,0.0,2.27,1.0,<Residue PHE het=  resseq=197 icode= >,1fym_B_A,2.2
34,1.009,PHE, ,CD1,23.13,15.01,0.0,1.20,1.0,<Residue PHE het=  resseq=197 icode= >,1fym_B_A,2.2
35,0.149,PHE, ,CD2,20.85,16.84,0.0,1.86,1.0,<Residue PHE het=  resseq=197 icode= >,1fym_B_A,2.2
36,0.01,PHE, ,CE1,18.87,14.38,0.0,2.06,1.0,<Residue PHE het=  resseq=197 icode= >,1fym_B_A,2.2
37,0.259,PHE, ,CE2,18.56,16.29,0.0,2.34,1.0,<Residue PHE het=  resseq=197 icode= >,1fym_B_A,2.2
38,0.0,PHE, ,CZ,16.87,15.07,0.0,1.91,1.0,<Residue PHE het=  resseq=197 icode= >,1fym_B_A,2.2
39,0.0,VAL, ,N,29.51,1000.00,0.0,2.04,1.0,<Residue VAL het=  resseq=198 icode= >,1fym_B_A,2.2
40,0.0,VAL, ,CA,30.89,1000.00,0.0,1.53,1.0,<Residue VAL het=  resseq=198 icode= >,1fym_B_A,2.2
41,0.0,VAL, ,C,30.78,1000.00,0.0,2.69,1.0,<Residue VAL het=  resseq=198 icode= >,1fym_B_A,2.2
42,0.0,VAL, ,O,32.72,1000.00,0.0,1.87,1.0,<Residue VAL het=  resseq=198 icode= >,1fym_B_A,2.2
43,0.0,VAL, ,CB,30.3,1000.00,0.0,1.53,1.0,<Residue VAL het=  resseq=198 icode= >,1fym_B_A,2.2
44,11.102,VAL, ,CG1,26.41,1000.00,0.0,1.22,1.0,<Residue VAL het=  resseq=198 icode= >,1fym_B_A,2.2
45,8.793,VAL, ,CG2,30.41,1000.00,0.0,0.58,1.0,<Residue VAL het=  resseq=198 icode= >,1fym_B_A,2.2
46,0.0,ASN, ,N,31.83,1000.00,0.0,1.97,1.0,<Residue ASN het=  resseq=199 icode= >,1fym_B_A,2.2
47,1.12,ASN, ,CA,31.74,1000.00,0.0,1.51,1.0,<Residue ASN het=  resseq=199 icode= >,1fym_B_A,2.2
48,0.613,ASN, ,C,32.64,1000.00,0.0,1.88,1.0,<Residue ASN het=  resseq=199 icode= >,1fym_B_A,2.2
49,2.191,ASN, ,O,33.3,1000.00,0.0,1.61,1.0,<Residue ASN het=  resseq=199 icode= >,1fym_B_A,2.2
50,21.151,ASN, ,CB,30.94,1000.00,0.0,1.56,1.0,<Residue ASN het=  resseq=199 icode= >,1fym_B_A,2.2
51,5.461,ASN, ,CG,31.84,1000.00,0.0,2.19,1.0,<Residue ASN het=  resseq=199 icode= >,1fym_B_A,2.2
52,4.79,ASN, ,OD1,30.64,1000.00,0.0,1.83,1.0,<Residue ASN het=  resseq=199 icode= >,1fym_B_A,2.2
53,27.767,ASN, ,ND2,29.54,1000.00,0.0,1.55,1.0,<Residue ASN het=  resseq=199 icode= >,1fym_B_A,2.2
54,0.851,LYS, ,N,31.54,1000.00,0.0,1.97,1.0,<Residue LYS het=  resseq=200 icode= >,1fym_B_A,2.2
55,4.961,LYS, ,CA,32.39,1000.00,0.0,1.51,1.0,<Residue LYS het=  resseq=200 icode= >,1fym_B_A,2.2
56,0.0,LYS, ,C,33.31,1000.00,0.0,2.07,1.0,<Residue LYS het=  resseq=200 icode= >,1fym_B_A,2.2
57,0.0,LYS, ,O,33.69,1000.00,0.0,1.91,1.0,<Residue LYS het=  resseq=200 icode= >,1fym_B_A,2.2
58,4.315,LYS, ,CB,31.4,1000.00,0.0,2.06,1.0,<Residue LYS het=  resseq=200 icode= >,1fym_B_A,2.2
59,1.072,LYS, ,CG,33.17,1000.00,0.0,1.30,1.0,<Residue LYS het=  resseq=200 icode= >,1fym_B_A,2.2
60,20.701,LYS, ,CD,35.47,1000.00,0.0,0.65,1.0,<Residue LYS het=  resseq=200 icode= >,1fym_B_A,2.2
61,14.137,LYS, ,CE,37.71,1000.00,0.0,0.82,1.0,<Residue LYS het=  resseq=200 icode= >,1fym_B_A,2.2
62,29.772,LYS, ,NZ,36.67,1000.00,0.0,0.87,1.0,<Residue LYS het=  resseq=200 icode= >,1fym_B_A,2.2
63,0.03,LEU, ,N,31.43,1000.00,0.0,2.24,1.0,<Residue LEU het=  resseq=201 icode= >,1fym_B_A,2.2
64,0.024,LEU, ,CA,31.15,1000.00,0.0,2.04,1.0,<Residue LEU het=  resseq=201 icode= >,1fym_B_A,2.2
65,0.0,LEU, ,C,32.81,1000.00,0.0,1.87,1.0,<Residue LEU het=  resseq=201 icode= >,1fym_B_A,2.2
66,0.0,LEU, ,O,33.64,1000.00,0.0,1.90,1.0,<Residue LEU het=  resseq=201 icode= >,1fym_B_A,2.2
67,0.0,LEU, ,CB,29.34,1000.00,0.0,1.61,1.0,<Residue LEU het=  resseq=201 icode= >,1fym_B_A,2.2
68,0.0,LEU, ,CG,28.83,1000.00,0.0,1.68,1.0,<Residue LEU het=  resseq=201 icode= >,1fym_B_A,2.2
69,0.116,LEU, ,CD1,24.54,1000.00,0.0,1.59,1.0,<Residue LEU het=  resseq=201 icode= >,1fym_B_A,2.2
70,0.237,LEU, ,CD2,27.83,1000.00,0.0,1.21,1.0,<Residue LEU het=  resseq=201 icode= >,1fym_B_A,2.2
71,0.0,TRP, ,N,34.07,1000.00,0.0,1.06,1.0,<Residue TRP het=  resseq=202 icode= >,1fym_B_A,2.2
72,0.0,TRP, ,CA,31.48,1000.00,0.0,1.92,1.0,<Residue TRP het=  resseq=202 icode= >,1fym_B_A,2.2
73,0.0,TRP, ,C,31.06,1000.00,0.0,3.16,1.0,<Residue TRP het=  resseq=202 icode= >,1fym_B_A,2.2
74,0.0,TRP, ,O,28.81,1000.00,0.0,2.35,1.0,<Residue TRP het=  resseq=202 icode= >,1fym_B_A,2.2
75,8.334,TRP, ,CB,31.53,1000.00,0.0,1.86,1.0,<Residue TRP het=  resseq=202 icode= >,1fym_B_A,2.2
76,1.096,TRP, ,CG,30.57,1000.00,0.0,1.85,1.0,<Residue TRP het=  resseq=202 icode= >,1fym_B_A,2.2
77,16.502,TRP, ,CD1,31.61,1000.00,0.0,1.13,1.0,<Residue TRP het=  resseq=202 icode= >,1fym_B_A,2.2
78,0.527,TRP, ,CD2,31.68,1000.00,0.0,1.79,1.0,<Residue TRP het=  resseq=202 icode= >,1fym_B_A,2.2
79,12.047,TRP, ,NE1,30.56,1000.00,0.0,1.92,1.0,<Residue TRP het=  resseq=202 icode= >,1fym_B_A,2.2
80,2.681,TRP, ,CE2,31.5,1000.00,0.0,2.04,1.0,<Residue TRP het=  resseq=202 icode= >,1fym_B_A,2.2
81,0.0,TRP, ,CE3,33.99,1000.00,0.0,0.93,1.0,<Residue TRP het=  resseq=202 icode= >,1fym_B_A,2.2
82,25.076,TRP, ,CZ2,29.86,1000.00,0.0,1.60,1.0,<Residue TRP het=  resseq=202 icode= >,1fym_B_A,2.2
83,0.0,TRP, ,CZ3,33.3,1000.00,0.0,1.11,1.0,<Residue TRP het=  resseq=202 icode= >,1fym_B_A,2.2
84,4.599,TRP, ,CH2,32.69,1000.00,0.0,1.25,1.0,<Residue TRP het=  resseq=202 icode= >,1fym_B_A,2.2
85,0.522,SER, ,N,32.04,1000.00,0.0,2.34,1.0,<Residue SER het=  resseq=203 icode= >,1fym_B_A,2.2
86,9.864,SER, ,CA,34.88,1000.00,0.0,2.05,1.0,<Residue SER het=  resseq=203 icode= >,1fym_B_A,2.2
87,0.052,SER, ,C,35.42,1000.00,0.0,2.17,1.0,<Residue SER het=  resseq=203 icode= >,1fym_B_A,2.2
88,1.763,SER, ,O,36.68,1000.00,0.0,1.68,1.0,<Residue SER het=  resseq=203 icode= >,1fym_B_A,2.2
89,18.741,SER, ,CB,36.98,1000.00,0.0,1.08,1.0,<Residue SER het=  resseq=203 icode= >,1fym_B_A,2.2
90,27.009,SER, ,OG,44.31,1000.00,0.0,0.47,1.0,<Residue SER het=  resseq=203 icode= >,1fym_B_A,2.2
91,0.0,MET, ,N,34.51,1000.00,0.0,2.29,1.0,<Residue MET het=  resseq=204 icode= >,1fym_B_A,2.2
92,0.0,MET, ,CA,35.44,1000.00,0.0,0.82,1.0,<Residue MET het=  resseq=204 icode= >,1fym_B_A,2.2
93,0.0,MET, ,C,33.73,1000.00,0.0,2.73,1.0,<Residue MET het=  resseq=204 icode= >,1fym_B_A,2.2
94,0.0,MET, ,O,34.98,1000.00,0.0,1.51,1.0,<Residue MET het=  resseq=204 icode= >,1fym_B_A,2.2
95,0.0,MET, ,CB,34.69,1000.00,0.0,1.24,1.0,<Residue MET het=  resseq=204 icode= >,1fym_B_A,2.2
96,0.0,MET, ,CG,34.65,1000.00,0.0,1.65,1.0,<Residue MET het=  resseq=204 icode= >,1fym_B_A,2.2
97,0.0,MET, ,SD,33.57,1000.00,0.0,3.52,1.0,<Residue MET het=  resseq=204 icode= >,1fym_B_A,2.2
98,0.027,MET, ,CE,34.14,1000.00,0.0,1.00,1.0,<Residue MET het=  resseq=204 icode= >,1fym_B_A,2.2
99,0.0,VAL, ,N,32.88,1000.00,0.0,2.67,1.0,<Residue VAL het=  resseq=205 icode= >,1fym_B_A,2.2
100,0.0,VAL, ,CA,31.84,1000.00,0.0,2.43,1.0,<Residue VAL het=  resseq=205 icode= >,1fym_B_A,2.2
101,0.0,VAL, ,C,35.99,1000.00,0.0,2.21,1.0,<Residue VAL het=  resseq=205 icode= >,1fym_B_A,2.2
102,2.595,VAL, ,O,39.43,1000.00,0.0,1.07,1.0,<Residue VAL het=  resseq=205 icode= >,1fym_B_A,2.2
103,0.0,VAL, ,CB,28.89,1000.00,0.0,2.59,1.0,<Residue VAL het=  resseq=205 icode= >,1fym_B_A,2.2
104,0.0,VAL, ,CG1,27.15,1000.00,0.0,1.59,1.0,<Residue VAL het=  resseq=205 icode= >,1fym_B_A,2.2
105,0.0,VAL, ,CG2,28.44,1000.00,0.0,0.88,1.0,<Residue VAL het=  resseq=205 icode= >,1fym_B_A,2.2
106,0.0,ASN, ,N,38.56,1000.00,0.0,1.80,1.0,<Residue ASN het=  resseq=206 icode= >,1fym_B_A,2.2
107,5.236,ASN, ,CA,39.94,1000.00,0.0,1.30,1.0,<Residue ASN het=  resseq=206 icode= >,1fym_B_A,2.2
108,1.285,ASN, ,C,40.35,1000.00,0.0,1.63,1.0,<Residue ASN het=  resseq=206 icode= >,1fym_B_A,2.2
109,24.291,ASN, ,O,40.86,1000.00,0.0,1.29,1.0,<Residue ASN het=  resseq=206 icode= >,1fym_B_A,2.2
110,22.876,ASN, ,CB,39.72,1000.00,0.0,1.29,1.0,<Residue ASN het=  resseq=206 icode= >,1fym_B_A,2.2
111,5.75,ASN, ,CG,39.4,1000.00,0.0,2.13,1.0,<Residue ASN het=  resseq=206 icode= >,1fym_B_A,2.2
112,6.572,ASN, ,OD1,36.75,1000.00,0.0,2.27,1.0,<Residue ASN het=  resseq=206 icode= >,1fym_B_A,2.2
113,29.009,ASN, ,ND2,37.23,1000.00,0.0,1.28,1.0,<Residue ASN het=  resseq=206 icode= >,1fym_B_A,2.2
114,0.564,ASP, ,N,39.32,1000.00,0.0,1.76,1.0,<Residue ASP het=  resseq=207 icode= >,1fym_B_A,2.2
115,8.705,ASP, ,CA,38.71,1000.00,0.0,1.55,1.0,<Residue ASP het=  resseq=207 icode= >,1fym_B_A,2.2
116,0.0,ASP, ,C,36.74,1000.00,0.0,2.05,1.0,<Residue ASP het=  resseq=207 icode= >,1fym_B_A,2.2
117,0.471,ASP, ,O,36.67,1000.00,0.0,1.79,1.0,<Residue ASP het=  resseq=207 icode= >,1fym_B_A,2.2
118,0.382,ASP, ,CB,41.2,1000.00,0.0,1.11,1.0,<Residue ASP het=  resseq=207 icode= >,1fym_B_A,2.2
119,6.474,ASP, ,CG,42.41,1000.00,0.0,2.37,1.0,<Residue ASP het=  resseq=207 icode= >,1fym_B_A,2.2
120,9.07,ASP, ,OD1,43.44,1000.00,0.0,1.47,1.0,<Residue ASP het=  resseq=207 icode= >,1fym_B_A,2.2
121,32.256,ASP, ,OD2,45.58,1000.00,0.0,0.74,1.0,<Residue ASP het=  resseq=207 icode= >,1fym_B_A,2.2
122,3.971,LYS, ,N,34.69,1000.00,0.0,1.47,1.0,<Residue LYS het=  resseq=208 icode= >,1fym_B_A,2.2
123,3.514,LYS, ,CA,32.93,1000.00,0.0,1.36,1.0,<Residue LYS het=  resseq=208 icode= >,1fym_B_A,2.2
124,0.983,LYS, ,C,30.59,1000.00,0.0,2.80,1.0,<Residue LYS het=  resseq=208 icode= >,1fym_B_A,2.2
125,8.692,LYS, ,O,30.42,1000.00,0.0,2.01,1.0,<Residue LYS het=  resseq=208 icode= >,1fym_B_A,2.2
126,17.708,LYS, ,CB,34.2,1000.00,0.0,0.76,1.0,<Residue LYS het=  resseq=208 icode= >,1fym_B_A,2.2
127,25.984,LYS, ,CG,33.9,1000.00,0.0,0.85,1.0,<Residue LYS het=  resseq=208 icode= >,1fym_B_A,2.2
128,37.952,LYS, ,CD,34.0,1000.00,0.0,1.26,1.0,<Residue LYS het=  resseq=208 icode= >,1fym_B_A,2.2
129,38.641,LYS, ,CE,35.03,1000.00,0.0,1.01,1.0,<Residue LYS het=  resseq=208 icode= >,1fym_B_A,2.2
130,49.577,LYS, ,NZ,34.15,1000.00,0.0,1.19,1.0,<Residue LYS het=  resseq=208 icode= >,1fym_B_A,2.2
131,0.337,SER, ,N,28.26,1000.00,0.0,2.52,1.0,<Residue SER het=  resseq=209 icode= >,1fym_B_A,2.2
132,13.036,SER, ,CA,28.11,1000.00,0.0,2.46,1.0,<Residue SER het=  resseq=209 icode= >,1fym_B_A,2.2
133,1.18,SER, ,C,31.24,1000.00,0.0,1.61,1.0,<Residue SER het=  resseq=209 icode= >,1fym_B_A,2.2
134,18.306,SER, ,O,35.2,1000.00,0.0,1.41,1.0,<Residue SER het=  resseq=209 icode= >,1fym_B_A,2.2
135,22.267,SER, ,CB,27.1,1000.00,0.0,2.11,1.0,<Residue SER het=  resseq=209 icode= >,1fym_B_A,2.2
136,30.084,SER, ,OG,28.12,1000.00,0.0,1.48,1.0,<Residue SER het=  resseq=209 icode= >,1fym_B_A,2.2
137,0.0,ASN, ,N,29.44,1000.00,0.0,2.26,1.0,<Residue ASN het=  resseq=210 icode= >,1fym_B_A,2.2
138,0.0,ASN, ,CA,27.09,1000.00,0.0,2.06,1.0,<Residue ASN het=  resseq=210 icode= >,1fym_B_A,2.2
139,0.0,ASN, ,C,26.98,1000.00,0.0,2.86,1.0,<Residue ASN het=  resseq=210 icode= >,1fym_B_A,2.2
140,0.0,ASN, ,O,26.39,1000.00,0.0,2.07,1.0,<Residue ASN het=  resseq=210 icode= >,1fym_B_A,2.2
141,0.0,ASN, ,CB,25.74,1000.00,0.0,1.25,1.0,<Residue ASN het=  resseq=210 icode= >,1fym_B_A,2.2
142,0.0,ASN, ,CG,22.8,1000.00,0.0,2.81,1.0,<Residue ASN het=  resseq=210 icode= >,1fym_B_A,2.2
143,0.369,ASN, ,OD1,21.8,1000.00,0.0,2.11,1.0,<Residue ASN het=  resseq=210 icode= >,1fym_B_A,2.2
144,0.0,ASN, ,ND2,20.98,1000.00,0.0,1.81,1.0,<Residue ASN het=  resseq=210 icode= >,1fym_B_A,2.2
145,0.261,GLU, ,N,29.82,1000.00,0.0,1.99,1.0,<Residue GLU het=  resseq=211 icode= >,1fym_B_A,2.2
146,0.0,GLU, ,CA,31.98,1000.00,0.0,1.92,1.0,<Residue GLU het=  resseq=211 icode= >,1fym_B_A,2.2
147,0.054,GLU, ,C,30.64,1000.00,0.0,2.56,1.0,<Residue GLU het=  resseq=211 icode= >,1fym_B_A,2.2
148,1.673,GLU, ,O,30.42,1000.00,0.0,1.74,1.0,<Residue GLU het=  resseq=211 icode= >,1fym_B_A,2.2
149,12.105,GLU, ,CB,39.18,1000.00,0.0,0.79,1.0,<Residue GLU het=  resseq=211 icode= >,1fym_B_A,2.2
150,34.524,GLU, ,CG,48.33,1000.00,0.0,0.34,1.0,<Residue GLU het=  resseq=211 icode= >,1fym_B_A,2.2
151,8.03,GLU, ,CD,53.85,1000.00,0.0,1.03,1.0,<Residue GLU het=  resseq=211 icode= >,1fym_B_A,2.2
152,15.919,GLU, ,OE1,59.13,1000.00,0.0,-0.38,1.0,<Residue GLU het=  resseq=211 icode= >,1fym_B_A,2.2
153,24.762,GLU, ,OE2,55.48,1000.00,0.0,1.41,1.0,<Residue GLU het=  resseq=211 icode= >,1fym_B_A,2.2
154,2.323,LYS, ,N,31.11,1000.00,0.0,1.78,1.0,<Residue LYS het=  resseq=212 icode= >,1fym_B_A,2.2
155,9.694,LYS, ,CA,30.35,1000.00,0.0,1.42,1.0,<Residue LYS het=  resseq=212 icode= >,1fym_B_A,2.2
156,0.0,LYS, ,C,28.07,1000.00,0.0,2.65,1.0,<Residue LYS het=  resseq=212 icode= >,1fym_B_A,2.2
157,6.582,LYS, ,O,26.58,1000.00,0.0,2.49,1.0,<Residue LYS het=  resseq=212 icode= >,1fym_B_A,2.2
158,19.168,LYS, ,CB,34.39,1000.00,0.0,0.88,1.0,<Residue LYS het=  resseq=212 icode= >,1fym_B_A,2.2
159,17.84,LYS, ,CG,42.53,1000.00,0.0,0.19,1.0,<Residue LYS het=  resseq=212 icode= >,1fym_B_A,2.2
160,16.223,LYS, ,CD,47.9,1000.00,0.0,0.09,1.0,<Residue LYS het=  resseq=212 icode= >,1fym_B_A,2.2
161,36.937,LYS, ,CE,52.52,1000.00,0.0,-0.02,1.0,<Residue LYS het=  resseq=212 icode= >,1fym_B_A,2.2
162,18.732,LYS, ,NZ,54.17,1000.00,0.0,0.43,1.0,<Residue LYS het=  resseq=212 icode= >,1fym_B_A,2.2
163,0.0,PHE, ,N,27.73,1000.00,0.0,1.57,1.0,<Residue PHE het=  resseq=213 icode= >,1fym_B_A,2.2
164,0.461,PHE, ,CA,26.1,1000.00,0.0,1.75,1.0,<Residue PHE het=  resseq=213 icode= >,1fym_B_A,2.2
165,0.0,PHE, ,C,25.68,1000.00,0.0,2.39,1.0,<Residue PHE het=  resseq=213 icode= >,1fym_B_A,2.2
166,0.0,PHE, ,O,26.76,1000.00,0.0,1.69,1.0,<Residue PHE het=  resseq=213 icode= >,1fym_B_A,2.2
167,0.0,PHE, ,CB,27.17,1000.00,0.0,1.39,1.0,<Residue PHE het=  resseq=213 icode= >,1fym_B_A,2.2
168,0.0,PHE, ,CG,29.76,1000.00,0.0,1.26,1.0,<Residue PHE het=  resseq=213 icode= >,1fym_B_A,2.2
169,1.274,PHE, ,CD1,29.61,1000.00,0.0,0.82,1.0,<Residue PHE het=  resseq=213 icode= >,1fym_B_A,2.2
170,0.091,PHE, ,CD2,30.02,1000.00,0.0,1.34,1.0,<Residue PHE het=  resseq=213 icode= >,1fym_B_A,2.2
171,0.0,PHE, ,CE1,29.17,1000.00,0.0,1.43,1.0,<Residue PHE het=  resseq=213 icode= >,1fym_B_A,2.2
172,13.471,PHE, ,CE2,31.29,1000.00,0.0,1.11,1.0,<Residue PHE het=  resseq=213 icode= >,1fym_B_A,2.2
173,8.141,PHE, ,CZ,29.68,1000.00,0.0,1.77,1.0,<Residue PHE het=  resseq=213 icode= >,1fym_B_A,2.2
174,0.0,ILE, ,N,23.34,1000.00,0.0,2.40,1.0,<Residue ILE het=  resseq=214 icode= >,1fym_B_A,2.2
175,0.0,ILE, ,CA,22.44,1000.00,0.0,1.29,1.0,<Residue ILE het=  resseq=214 icode= >,1fym_B_A,2.2
176,0.0,ILE, ,C,21.08,1000.00,0.0,3.49,1.0,<Residue ILE het=  resseq=214 icode= >,1fym_B_A,2.2
177,0.0,ILE, ,O,19.1,1000.00,0.0,3.20,1.0,<Residue ILE het=  resseq=214 icode= >,1fym_B_A,2.2
178,0.0,ILE, ,CB,21.36,1000.00,0.0,1.91,1.0,<Residue ILE het=  resseq=214 icode= >,1fym_B_A,2.2
179,0.0,ILE, ,CG1,19.95,1000.00,0.0,1.40,1.0,<Residue ILE het=  resseq=214 icode= >,1fym_B_A,2.2
180,0.0,ILE, ,CG2,18.16,1000.00,0.0,2.20,1.0,<Residue ILE het=  resseq=214 icode= >,1fym_B_A,2.2
181,0.0,ILE, ,CD1,17.87,1000.00,0.0,1.37,1.0,<Residue ILE het=  resseq=214 icode= >,1fym_B_A,2.2
182,0.0,HIS, ,N,23.55,1000.00,0.0,2.39,1.0,<Residue HIS het=  resseq=215 icode= >,1fym_B_A,2.2
183,0.023,HIS, ,CA,27.24,1000.00,0.0,1.19,1.0,<Residue HIS het=  resseq=215 icode= >,1fym_B_A,2.2
184,0.0,HIS, ,C,27.25,1000.00,0.0,2.69,1.0,<Residue HIS het=  resseq=215 icode= >,1fym_B_A,2.2
185,0.0,HIS, ,O,29.09,1000.00,0.0,1.92,1.0,<Residue HIS het=  resseq=215 icode= >,1fym_B_A,2.2
186,1.52,HIS, ,CB,27.93,1000.00,0.0,1.29,1.0,<Residue HIS het=  resseq=215 icode= >,1fym_B_A,2.2
187,0.154,HIS, ,CG,27.83,1000.00,0.0,2.74,1.0,<Residue HIS het=  resseq=215 icode= >,1fym_B_A,2.2
188,1.327,HIS, ,ND1,28.57,1000.00,0.0,2.12,1.0,<Residue HIS het=  resseq=215 icode= >,1fym_B_A,2.2
189,6.568,HIS, ,CD2,28.76,1000.00,0.0,1.36,1.0,<Residue HIS het=  resseq=215 icode= >,1fym_B_A,2.2
190,19.877,HIS, ,CE1,30.15,1000.00,0.0,1.48,1.0,<Residue HIS het=  resseq=215 icode= >,1fym_B_A,2.2
191,15.83,HIS, ,NE2,28.32,1000.00,0.0,2.12,1.0,<Residue HIS het=  resseq=215 icode= >,1fym_B_A,2.2
192,2.469,TRP, ,N,28.77,1000.00,0.0,1.64,1.0,<Residue TRP het=  resseq=216 icode= >,1fym_B_A,2.2
193,0.0,TRP, ,CA,28.85,1000.00,0.0,2.22,1.0,<Residue TRP het=  resseq=216 icode= >,1fym_B_A,2.2
194,0.0,TRP, ,C,30.65,1000.00,0.0,2.69,1.0,<Residue TRP het=  resseq=216 icode= >,1fym_B_A,2.2
195,12.617,TRP, ,O,33.91,1000.00,0.0,1.40,1.0,<Residue TRP het=  resseq=216 icode= >,1fym_B_A,2.2
196,17.845,TRP, ,CB,25.19,1000.00,0.0,1.78,1.0,<Residue TRP het=  resseq=216 icode= >,1fym_B_A,2.2
197,2.467,TRP, ,CG,20.31,1000.00,0.0,2.16,1.0,<Residue TRP het=  resseq=216 icode= >,1fym_B_A,2.2
198,20.101,TRP, ,CD1,20.36,1000.00,0.0,1.85,1.0,<Residue TRP het=  resseq=216 icode= >,1fym_B_A,2.2
199,2.622,TRP, ,CD2,18.53,1000.00,0.0,2.22,1.0,<Residue TRP het=  resseq=216 icode= >,1fym_B_A,2.2
200,4.874,TRP, ,NE1,19.63,1000.00,0.0,2.12,1.0,<Residue TRP het=  resseq=216 icode= >,1fym_B_A,2.2
201,3.344,TRP, ,CE2,17.19,1000.00,0.0,2.45,1.0,<Residue TRP het=  resseq=216 icode= >,1fym_B_A,2.2
202,1.432,TRP, ,CE3,17.85,1000.00,0.0,1.53,1.0,<Residue TRP het=  resseq=216 icode= >,1fym_B_A,2.2
203,9.713,TRP, ,CZ2,18.0,1000.00,0.0,1.74,1.0,<Residue TRP het=  resseq=216 icode= >,1fym_B_A,2.2
204,4.773,TRP, ,CZ3,17.7,1000.00,0.0,1.64,1.0,<Residue TRP het=  resseq=216 icode= >,1fym_B_A,2.2
205,7.657,TRP, ,CH2,16.76,1000.00,0.0,2.10,1.0,<Residue TRP het=  resseq=216 icode= >,1fym_B_A,2.2
206,0.0,SER, ,N,33.54,1000.00,0.0,2.09,1.0,<Residue SER het=  resseq=217 icode= >,1fym_B_A,2.2
207,2.74,SER, ,CA,35.8,1000.00,0.0,2.12,1.0,<Residue SER het=  resseq=217 icode= >,1fym_B_A,2.2
208,0.822,SER, ,C,38.65,1000.00,0.0,1.65,1.0,<Residue SER het=  resseq=217 icode= >,1fym_B_A,2.2
209,9.481,SER, ,O,37.46,1000.00,0.0,1.97,1.0,<Residue SER het=  resseq=217 icode= >,1fym_B_A,2.2
210,0.0,SER, ,CB,36.01,1000.00,0.0,1.58,1.0,<Residue SER het=  resseq=217 icode= >,1fym_B_A,2.2
211,14.906,SER, ,OG,38.39,1000.00,0.0,1.11,1.0,<Residue SER het=  resseq=217 icode= >,1fym_B_A,2.2
212,1.298,THR, ,N,42.12,1000.00,0.0,1.12,1.0,<Residue THR het=  resseq=218 icode= >,1fym_B_A,2.2
213,10.358,THR, ,CA,45.09,1000.00,0.0,1.15,1.0,<Residue THR het=  resseq=218 icode= >,1fym_B_A,2.2
214,0.87,THR, ,C,45.05,1000.00,0.0,2.59,1.0,<Residue THR het=  resseq=218 icode= >,1fym_B_A,2.2
215,31.998,THR, ,O,45.67,1000.00,0.0,1.45,1.0,<Residue THR het=  resseq=218 icode= >,1fym_B_A,2.2
216,17.254,THR, ,CB,47.41,1000.00,0.0,0.84,1.0,<Residue THR het=  resseq=218 icode= >,1fym_B_A,2.2
217,23.406,THR, ,OG1,48.14,1000.00,0.0,0.82,1.0,<Residue THR het=  resseq=218 icode= >,1fym_B_A,2.2
218,67.801,THR, ,CG2,47.5,1000.00,0.0,0.49,1.0,<Residue THR het=  resseq=218 icode= >,1fym_B_A,2.2
219,0.0,SER, ,N,45.89,1000.00,0.0,2.09,1.0,<Residue SER het=  resseq=219 icode= >,1fym_B_A,2.2
220,10.844,SER, ,CA,46.77,1000.00,0.0,1.74,1.0,<Residue SER het=  resseq=219 icode= >,1fym_B_A,2.2
221,1.829,SER, ,C,48.95,1000.00,0.0,1.52,1.0,<Residue SER het=  resseq=219 icode= >,1fym_B_A,2.2
222,26.308,SER, ,O,50.83,1000.00,0.0,0.97,1.0,<Residue SER het=  resseq=219 icode= >,1fym_B_A,2.2
223,27.667,SER, ,CB,44.57,1000.00,0.0,2.17,1.0,<Residue SER het=  resseq=219 icode= >,1fym_B_A,2.2
224,8.714,SER, ,OG,43.27,1000.00,0.0,1.52,1.0,<Residue SER het=  resseq=219 icode= >,1fym_B_A,2.2
225,0.023,GLY, ,N,49.77,1000.00,0.0,1.39,1.0,<Residue GLY het=  resseq=220 icode= >,1fym_B_A,2.2
226,18.336,GLY, ,CA,50.7,1000.00,0.0,1.92,1.0,<Residue GLY het=  resseq=220 icode= >,1fym_B_A,2.2
227,3.395,GLY, ,C,52.21,1000.00,0.0,2.12,1.0,<Residue GLY het=  resseq=220 icode= >,1fym_B_A,2.2
228,17.275,GLY, ,O,52.64,1000.00,0.0,1.42,1.0,<Residue GLY het=  resseq=220 icode= >,1fym_B_A,2.2
229,0.0,GLU, ,N,52.4,1000.00,0.0,1.72,1.0,<Residue GLU het=  resseq=221 icode= >,1fym_B_A,2.2
230,8.962,GLU, ,CA,52.99,1000.00,0.0,1.03,1.0,<Residue GLU het=  resseq=221 icode= >,1fym_B_A,2.2
231,0.648,GLU, ,C,52.59,1000.00,0.0,0.58,1.0,<Residue GLU het=  resseq=221 icode= >,1fym_B_A,2.2
232,6.712,GLU, ,O,53.53,1000.00,0.0,0.58,1.0,<Residue GLU het=  resseq=221 icode= >,1fym_B_A,2.2
233,11.211,GLU, ,CB,53.26,1000.00,0.0,0.90,1.0,<Residue GLU het=  resseq=221 icode= >,1fym_B_A,2.2
234,24.265,GLU, ,CG,55.62,1000.00,0.0,0.54,1.0,<Residue GLU het=  resseq=221 icode= >,1fym_B_A,2.2
235,12.004,GLU, ,CD,57.03,1000.00,0.0,1.03,1.0,<Residue GLU het=  resseq=221 icode= >,1fym_B_A,2.2
236,37.677,GLU, ,OE1,55.25,1000.00,0.0,1.03,1.0,<Residue GLU het=  resseq=221 icode= >,1fym_B_A,2.2
237,25.534,GLU, ,OE2,57.37,1000.00,0.0,0.99,1.0,<Residue GLU het=  resseq=221 icode= >,1fym_B_A,2.2
238,0.0,SER, ,N,49.68,1000.00,0.0,1.17,1.0,<Residue SER het=  resseq=222 icode= >,1fym_B_A,2.2
239,0.0,SER, ,CA,45.52,1000.00,0.0,2.09,1.0,<Residue SER het=  resseq=222 icode= >,1fym_B_A,2.2
240,0.0,SER, ,C,44.78,1000.00,0.0,1.27,1.0,<Residue SER het=  resseq=222 icode= >,1fym_B_A,2.2
241,0.0,SER, ,O,46.32,1000.00,0.0,0.93,1.0,<Residue SER het=  resseq=222 icode= >,1fym_B_A,2.2
242,4.862,SER, ,CB,45.07,1000.00,0.0,1.80,1.0,<Residue SER het=  resseq=222 icode= >,1fym_B_A,2.2
243,3.018,SER, ,OG,43.64,1000.00,0.0,1.42,1.0,<Residue SER het=  resseq=222 icode= >,1fym_B_A,2.2
244,0.0,ILE, ,N,40.92,1000.00,0.0,1.18,1.0,<Residue ILE het=  resseq=223 icode= >,1fym_B_A,2.2
245,0.0,ILE, ,CA,35.47,1000.00,0.0,1.24,1.0,<Residue ILE het=  resseq=223 icode= >,1fym_B_A,2.2
246,0.0,ILE, ,C,33.58,1000.00,0.0,2.54,1.0,<Residue ILE het=  resseq=223 icode= >,1fym_B_A,2.2
247,0.0,ILE, ,O,32.98,1000.00,0.0,2.39,1.0,<Residue ILE het=  resseq=223 icode= >,1fym_B_A,2.2
248,0.0,ILE, ,CB,33.73,1000.00,0.0,1.50,1.0,<Residue ILE het=  resseq=223 icode= >,1fym_B_A,2.2
249,0.0,ILE, ,CG1,29.95,1000.00,0.0,1.52,1.0,<Residue ILE het=  resseq=223 icode= >,1fym_B_A,2.2
250,0.97,ILE, ,CG2,28.72,1000.00,0.0,1.69,1.0,<Residue ILE het=  resseq=223 icode= >,1fym_B_A,2.2
251,0.089,ILE, ,CD1,31.79,1000.00,0.0,0.86,1.0,<Residue ILE het=  resseq=223 icode= >,1fym_B_A,2.2
252,0.0,VAL, ,N,29.72,1000.00,0.0,2.13,1.0,<Residue VAL het=  resseq=224 icode= >,1fym_B_A,2.2
253,0.0,VAL, ,CA,26.38,1000.00,0.0,1.71,1.0,<Residue VAL het=  resseq=224 icode= >,1fym_B_A,2.2
254,0.0,VAL, ,C,23.72,1000.00,0.0,3.20,1.0,<Residue VAL het=  resseq=224 icode= >,1fym_B_A,2.2
255,0.0,VAL, ,O,21.31,1000.00,0.0,3.10,1.0,<Residue VAL het=  resseq=224 icode= >,1fym_B_A,2.2
256,0.0,VAL, ,CB,26.68,1000.00,0.0,2.08,1.0,<Residue VAL het=  resseq=224 icode= >,1fym_B_A,2.2
257,1.929,VAL, ,CG1,29.26,1000.00,0.0,1.01,1.0,<Residue VAL het=  resseq=224 icode= >,1fym_B_A,2.2
258,5.321,VAL, ,CG2,26.66,1000.00,0.0,0.90,1.0,<Residue VAL het=  resseq=224 icode= >,1fym_B_A,2.2
259,0.0,VAL, ,N,23.13,1000.00,0.0,2.61,1.0,<Residue VAL het=  resseq=225 icode= >,1fym_B_A,2.2
260,0.0,VAL, ,CA,23.23,1000.00,0.0,1.29,1.0,<Residue VAL het=  resseq=225 icode= >,1fym_B_A,2.2
261,0.0,VAL, ,C,22.79,1000.00,0.0,2.87,1.0,<Residue VAL het=  resseq=225 icode= >,1fym_B_A,2.2
262,0.0,VAL, ,O,23.56,1000.00,0.0,2.17,1.0,<Residue VAL het=  resseq=225 icode= >,1fym_B_A,2.2
263,0.0,VAL, ,CB,22.55,1000.00,0.0,2.05,1.0,<Residue VAL het=  resseq=225 icode= >,1fym_B_A,2.2
264,0.0,VAL, ,CG1,21.64,1000.00,0.0,1.20,1.0,<Residue VAL het=  resseq=225 icode= >,1fym_B_A,2.2
265,0.0,VAL, ,CG2,21.99,1000.00,0.0,1.46,1.0,<Residue VAL het=  resseq=225 icode= >,1fym_B_A,2.2
266,0.0,PRO, ,N,22.13,1000.00,0.0,3.01,1.0,<Residue PRO het=  resseq=226 icode= >,1fym_B_A,2.2
267,1.139,PRO, ,CA,22.63,1000.00,0.0,2.15,1.0,<Residue PRO het=  resseq=226 icode= >,1fym_B_A,2.2
268,0.302,PRO, ,C,22.46,1000.00,0.0,2.49,1.0,<Residue PRO het=  resseq=226 icode= >,1fym_B_A,2.2
269,14.072,PRO, ,O,22.01,1000.00,0.0,2.09,1.0,<Residue PRO het=  resseq=226 icode= >,1fym_B_A,2.2
270,25.962,PRO, ,CB,23.9,1000.00,0.0,1.06,1.0,<Residue PRO het=  resseq=226 icode= >,1fym_B_A,2.2
271,6.667,PRO, ,CG,21.98,1000.00,0.0,1.52,1.0,<Residue PRO het=  resseq=226 icode= >,1fym_B_A,2.2
272,0.0,PRO, ,CD,20.99,1000.00,0.0,2.18,1.0,<Residue PRO het=  resseq=226 icode= >,1fym_B_A,2.2
273,0.066,ASN, ,N,21.3,1000.00,0.0,2.01,1.0,<Residue ASN het=  resseq=227 icode= >,1fym_B_A,2.2
274,0.0,ASN, ,CA,19.73,1000.00,0.0,1.56,1.0,<Residue ASN het=  resseq=227 icode= >,1fym_B_A,2.2
275,0.0,ASN, ,C,16.01,1000.00,0.0,3.72,1.0,<Residue ASN het=  resseq=227 icode= >,1fym_B_A,2.2
276,0.024,ASN, ,O,12.08,1000.00,0.0,3.88,1.0,<Residue ASN het=  resseq=227 icode= >,1fym_B_A,2.2
277,11.921,ASN, ,CB,22.65,1000.00,0.0,1.28,1.0,<Residue ASN het=  resseq=227 icode= >,1fym_B_A,2.2
278,0.491,ASN, ,CG,26.18,1000.00,0.0,2.53,1.0,<Residue ASN het=  resseq=227 icode= >,1fym_B_A,2.2
279,2.464,ASN, ,OD1,29.0,1000.00,0.0,2.03,1.0,<Residue ASN het=  resseq=227 icode= >,1fym_B_A,2.2
280,42.137,ASN, ,ND2,26.07,1000.00,0.0,1.52,1.0,<Residue ASN het=  resseq=227 icode= >,1fym_B_A,2.2
281,0.0,ARG, ,N,16.47,18.51,0.0,2.30,1.0,<Residue ARG het=  resseq=228 icode= >,1fym_B_A,2.2
282,0.0,ARG, ,CA,13.82,18.55,0.0,2.62,1.0,<Residue ARG het=  resseq=228 icode= >,1fym_B_A,2.2
283,0.0,ARG, ,C,12.47,19.65,0.0,3.90,1.0,<Residue ARG het=  resseq=228 icode= >,1fym_B_A,2.2
284,0.0,ARG, ,O,12.7,20.55,0.0,3.51,1.0,<Residue ARG het=  resseq=228 icode= >,1fym_B_A,2.2
285,0.538,ARG, ,CB,13.88,17.20,0.0,2.10,1.0,<Residue ARG het=  resseq=228 icode= >,1fym_B_A,2.2
286,0.923,ARG, ,CG,17.57,17.31,0.0,1.57,1.0,<Residue ARG het=  resseq=228 icode= >,1fym_B_A,2.2
287,9.064,ARG, ,CD,21.8,16.00,0.0,1.48,1.0,<Residue ARG het=  resseq=228 icode= >,1fym_B_A,2.2
288,6.378,ARG, ,NE,26.23,16.42,0.0,1.56,1.0,<Residue ARG het=  resseq=228 icode= >,1fym_B_A,2.2
289,4.237,ARG, ,CZ,25.79,15.68,0.0,1.83,1.0,<Residue ARG het=  resseq=228 icode= >,1fym_B_A,2.2
290,35.825,ARG, ,NH1,24.1,14.35,0.0,1.72,1.0,<Residue ARG het=  resseq=228 icode= >,1fym_B_A,2.2
291,45.767,ARG, ,NH2,23.28,16.35,0.0,1.77,1.0,<Residue ARG het=  resseq=228 icode= >,1fym_B_A,2.2
292,0.0,GLU, ,N,15.52,15.96,0.0,2.85,1.0,<Residue GLU het=  resseq=229 icode= >,1fym_B_A,2.2
293,2.973,GLU, ,CA,17.5,15.15,0.0,2.81,1.0,<Residue GLU het=  resseq=229 icode= >,1fym_B_A,2.2
294,0.987,GLU, ,C,17.48,15.88,0.0,2.94,1.0,<Residue GLU het=  resseq=229 icode= >,1fym_B_A,2.2
295,2.537,GLU, ,O,17.12,15.37,0.0,2.71,1.0,<Residue GLU het=  resseq=229 icode= >,1fym_B_A,2.2
296,10.939,GLU, ,CB,24.05,14.95,0.0,1.74,1.0,<Residue GLU het=  resseq=229 icode= >,1fym_B_A,2.2
297,28.088,GLU, ,CG,36.93,13.76,0.0,0.55,1.0,<Residue GLU het=  resseq=229 icode= >,1fym_B_A,2.2
298,12.269,GLU, ,CD,44.05,13.18,0.0,0.52,1.0,<Residue GLU het=  resseq=229 icode= >,1fym_B_A,2.2
299,38.826,GLU, ,OE1,44.9,12.63,0.0,0.93,1.0,<Residue GLU het=  resseq=229 icode= >,1fym_B_A,2.2
300,41.914,GLU, ,OE2,47.41,13.36,0.0,0.69,1.0,<Residue GLU het=  resseq=229 icode= >,1fym_B_A,2.2
301,0.0,ARG, ,N,16.71,1000.00,0.0,2.71,1.0,<Residue ARG het=  resseq=230 icode= >,1fym_B_A,2.2
302,0.418,ARG, ,CA,16.73,1000.00,0.0,2.15,1.0,<Residue ARG het=  resseq=230 icode= >,1fym_B_A,2.2
303,0.0,ARG, ,C,14.72,1000.00,0.0,3.28,1.0,<Residue ARG het=  resseq=230 icode= >,1fym_B_A,2.2
304,0.0,ARG, ,O,9.79,1000.00,0.0,3.85,1.0,<Residue ARG het=  resseq=230 icode= >,1fym_B_A,2.2
305,0.135,ARG, ,CB,22.1,1000.00,0.0,1.57,1.0,<Residue ARG het=  resseq=230 icode= >,1fym_B_A,2.2
306,8.311,ARG, ,CG,30.64,1000.00,0.0,1.80,1.0,<Residue ARG het=  resseq=230 icode= >,1fym_B_A,2.2
307,15.653,ARG, ,CD,37.43,1000.00,0.0,1.05,1.0,<Residue ARG het=  resseq=230 icode= >,1fym_B_A,2.2
308,8.194,ARG, ,NE,45.0,1000.00,0.0,0.89,1.0,<Residue ARG het=  resseq=230 icode= >,1fym_B_A,2.2
309,4.619,ARG, ,CZ,48.15,1000.00,0.0,0.72,1.0,<Residue ARG het=  resseq=230 icode= >,1fym_B_A,2.2
310,17.01,ARG, ,NH1,46.91,1000.00,0.0,1.01,1.0,<Residue ARG het=  resseq=230 icode= >,1fym_B_A,2.2
311,33.9,ARG, ,NH2,48.65,1000.00,0.0,0.43,1.0,<Residue ARG het=  resseq=230 icode= >,1fym_B_A,2.2
312,0.0,PHE, ,N,14.8,1000.00,0.0,2.28,1.0,<Residue PHE het=  resseq=231 icode= >,1fym_B_A,2.2
313,0.0,PHE, ,CA,12.62,1000.00,0.0,2.14,1.0,<Residue PHE het=  resseq=231 icode= >,1fym_B_A,2.2
314,0.0,PHE, ,C,8.89,1000.00,0.0,4.41,1.0,<Residue PHE het=  resseq=231 icode= >,1fym_B_A,2.2
315,0.0,PHE, ,O,11.98,1000.00,0.0,3.56,1.0,<Residue PHE het=  resseq=231 icode= >,1fym_B_A,2.2
316,0.0,PHE, ,CB,13.89,1000.00,0.0,1.75,1.0,<Residue PHE het=  resseq=231 icode= >,1fym_B_A,2.2
317,0.0,PHE, ,CG,16.52,1000.00,0.0,2.26,1.0,<Residue PHE het=  resseq=231 icode= >,1fym_B_A,2.2
318,0.0,PHE, ,CD1,14.76,1000.00,0.0,1.61,1.0,<Residue PHE het=  resseq=231 icode= >,1fym_B_A,2.2
319,0.0,PHE, ,CD2,14.42,1000.00,0.0,1.76,1.0,<Residue PHE het=  resseq=231 icode= >,1fym_B_A,2.2
320,0.0,PHE, ,CE1,9.35,1000.00,0.0,2.42,1.0,<Residue PHE het=  resseq=231 icode= >,1fym_B_A,2.2
321,0.0,PHE, ,CE2,10.53,1000.00,0.0,2.31,1.0,<Residue PHE het=  resseq=231 icode= >,1fym_B_A,2.2
322,0.0,PHE, ,CZ,6.86,1000.00,0.0,2.82,1.0,<Residue PHE het=  resseq=231 icode= >,1fym_B_A,2.2
323,0.0,VAL, ,N,7.2,13.10,0.0,4.63,1.0,<Residue VAL het=  resseq=232 icode= >,1fym_B_A,2.2
324,0.0,VAL, ,CA,12.06,11.73,0.0,2.48,1.0,<Residue VAL het=  resseq=232 icode= >,1fym_B_A,2.2
325,0.0,VAL, ,C,15.02,11.77,0.0,2.81,1.0,<Residue VAL het=  resseq=232 icode= >,1fym_B_A,2.2
326,1.998,VAL, ,O,17.46,11.00,0.0,2.49,1.0,<Residue VAL het=  resseq=232 icode= >,1fym_B_A,2.2
327,0.812,VAL, ,CB,9.23,10.97,0.0,2.86,1.0,<Residue VAL het=  resseq=232 icode= >,1fym_B_A,2.2
328,33.231,VAL, ,CG1,12.1,9.71,0.0,1.47,1.0,<Residue VAL het=  resseq=232 icode= >,1fym_B_A,2.2
329,2.168,VAL, ,CG2,9.08,10.79,0.0,1.78,1.0,<Residue VAL het=  resseq=232 icode= >,1fym_B_A,2.2
330,0.0,GLN, ,N,18.81,12.80,0.0,2.64,1.0,<Residue GLN het=  resseq=233 icode= >,1fym_B_A,2.2
331,5.78,GLN, ,CA,19.95,13.16,0.0,1.79,1.0,<Residue GLN het=  resseq=233 icode= >,1fym_B_A,2.2
332,0.0,GLN, ,C,19.61,14.01,0.0,3.21,1.0,<Residue GLN het=  resseq=233 icode= >,1fym_B_A,2.2
333,11.873,GLN, ,O,17.82,13.87,0.0,2.90,1.0,<Residue GLN het=  resseq=233 icode= >,1fym_B_A,2.2
334,9.378,GLN, ,CB,21.76,14.02,0.0,1.95,1.0,<Residue GLN het=  resseq=233 icode= >,1fym_B_A,2.2
335,14.038,GLN, ,CG,27.51,14.75,0.0,0.97,1.0,<Residue GLN het=  resseq=233 icode= >,1fym_B_A,2.2
336,6.35,GLN, ,CD,31.75,15.47,0.0,1.50,1.0,<Residue GLN het=  resseq=233 icode= >,1fym_B_A,2.2
337,25.215,GLN, ,OE1,31.21,16.27,0.0,1.72,1.0,<Residue GLN het=  resseq=233 icode= >,1fym_B_A,2.2
338,58.665,GLN, ,NE2,31.37,15.31,0.0,1.45,1.0,<Residue GLN het=  resseq=233 icode= >,1fym_B_A,2.2
339,0.0,GLU, ,N,21.37,15.05,0.0,2.76,1.0,<Residue GLU het=  resseq=234 icode= >,1fym_B_A,2.2
340,3.335,GLU, ,CA,26.03,16.01,0.0,2.30,1.0,<Residue GLU het=  resseq=234 icode= >,1fym_B_A,2.2
341,0.0,GLU, ,C,27.27,15.83,0.0,2.98,1.0,<Residue GLU het=  resseq=234 icode= >,1fym_B_A,2.2
342,5.923,GLU, ,O,29.52,16.07,0.0,2.03,1.0,<Residue GLU het=  resseq=234 icode= >,1fym_B_A,2.2
343,5.052,GLU, ,CB,28.11,17.42,0.0,1.34,1.0,<Residue GLU het=  resseq=234 icode= >,1fym_B_A,2.2
344,29.012,GLU, ,CG,36.14,18.10,0.0,1.18,1.0,<Residue GLU het=  resseq=234 icode= >,1fym_B_A,2.2
345,0.0,GLU, ,CD,41.07,18.17,0.0,1.62,1.0,<Residue GLU het=  resseq=234 icode= >,1fym_B_A,2.2
346,0.0,GLU, ,OE1,45.57,18.20,0.0,0.79,1.0,<Residue GLU het=  resseq=234 icode= >,1fym_B_A,2.2
347,10.114,GLU, ,OE2,45.48,18.36,0.0,0.79,1.0,<Residue GLU het=  resseq=234 icode= >,1fym_B_A,2.2
348,0.0,VAL, ,N,28.13,15.54,0.0,2.03,1.0,<Residue VAL het=  resseq=235 icode= >,1fym_B_A,2.2
349,0.0,VAL, ,CA,28.05,15.59,0.0,2.14,1.0,<Residue VAL het=  resseq=235 icode= >,1fym_B_A,2.2
350,0.0,VAL, ,C,28.07,14.42,0.0,2.57,1.0,<Residue VAL het=  resseq=235 icode= >,1fym_B_A,2.2
351,0.0,VAL, ,O,29.11,14.61,0.0,2.05,1.0,<Residue VAL het=  resseq=235 icode= >,1fym_B_A,2.2
352,0.0,VAL, ,CB,27.21,16.22,0.0,2.18,1.0,<Residue VAL het=  resseq=235 icode= >,1fym_B_A,2.2
353,0.0,VAL, ,CG1,29.47,16.57,0.0,0.93,1.0,<Residue VAL het=  resseq=235 icode= >,1fym_B_A,2.2
354,0.355,VAL, ,CG2,23.66,17.52,0.0,1.35,1.0,<Residue VAL het=  resseq=235 icode= >,1fym_B_A,2.2
355,0.0,LEU, ,N,26.67,13.30,0.0,2.40,1.0,<Residue LEU het=  resseq=236 icode= >,1fym_B_A,2.2
356,0.0,LEU, ,CA,26.61,12.19,0.0,2.34,1.0,<Residue LEU het=  resseq=236 icode= >,1fym_B_A,2.2
357,0.0,LEU, ,C,27.87,11.87,0.0,2.71,1.0,<Residue LEU het=  resseq=236 icode= >,1fym_B_A,2.2
358,0.0,LEU, ,O,26.98,11.85,0.0,2.27,1.0,<Residue LEU het=  resseq=236 icode= >,1fym_B_A,2.2
359,0.0,LEU, ,CB,24.68,10.98,0.0,2.16,1.0,<Residue LEU het=  resseq=236 icode= >,1fym_B_A,2.2
360,0.0,LEU, ,CG,24.12,11.34,0.0,1.96,1.0,<Residue LEU het=  resseq=236 icode= >,1fym_B_A,2.2
361,0.298,LEU, ,CD1,21.37,10.26,0.0,2.05,1.0,<Residue LEU het=  resseq=236 icode= >,1fym_B_A,2.2
362,0.431,LEU, ,CD2,22.83,11.87,0.0,1.76,1.0,<Residue LEU het=  resseq=236 icode= >,1fym_B_A,2.2
363,0.0,PRO, ,N,29.3,11.86,0.0,2.65,1.0,<Residue PRO het=  resseq=237 icode= >,1fym_B_A,2.2
364,0.876,PRO, ,CA,30.91,11.81,0.0,2.43,1.0,<Residue PRO het=  resseq=237 icode= >,1fym_B_A,2.2
365,0.581,PRO, ,C,34.22,12.96,0.0,2.09,1.0,<Residue PRO het=  resseq=237 icode= >,1fym_B_A,2.2
366,23.867,PRO, ,O,36.08,13.05,15.163,1.64,1.0,<Residue PRO het=  resseq=237 icode= >,1fym_B_A,2.2
367,28.787,PRO, ,CB,28.37,12.08,0.0,2.14,1.0,<Residue PRO het=  resseq=237 icode= >,1fym_B_A,2.2
368,12.877,PRO, ,CG,29.59,11.47,0.0,1.28,1.0,<Residue PRO het=  resseq=237 icode= >,1fym_B_A,2.2
369,0.0,PRO, ,CD,29.2,11.99,0.0,1.82,1.0,<Residue PRO het=  resseq=237 icode= >,1fym_B_A,2.2
370,0.0,LYS, ,N,36.74,13.98,0.0,1.97,1.0,<Residue LYS het=  resseq=238 icode= >,1fym_B_A,2.2
371,6.45,LYS, ,CA,39.33,15.17,3.835,1.63,1.0,<Residue LYS het=  resseq=238 icode= >,1fym_B_A,2.2
372,1.027,LYS, ,C,41.25,15.13,1.027,1.68,1.0,<Residue LYS het=  resseq=238 icode= >,1fym_B_A,2.2
373,29.482,LYS, ,O,43.07,15.91,17.169,1.09,1.0,<Residue LYS het=  resseq=238 icode= >,1fym_B_A,2.2
374,8.693,LYS, ,CB,37.99,16.42,2.723,1.51,1.0,<Residue LYS het=  resseq=238 icode= >,1fym_B_A,2.2
375,20.096,LYS, ,CG,37.1,16.84,1.693,1.12,1.0,<Residue LYS het=  resseq=238 icode= >,1fym_B_A,2.2
376,35.17,LYS, ,CD,35.31,18.16,1.036,1.01,1.0,<Residue LYS het=  resseq=238 icode= >,1fym_B_A,2.2
377,10.047,LYS, ,CE,37.02,18.13,0.0,0.25,1.0,<Residue LYS het=  resseq=238 icode= >,1fym_B_A,2.2
378,5.818,LYS, ,NZ,32.57,19.21,0.0,1.04,1.0,<Residue LYS het=  resseq=238 icode= >,1fym_B_A,2.2
379,0.0,TYR, ,N,41.31,14.34,0.0,1.19,1.0,<Residue TYR het=  resseq=239 icode= >,1fym_B_A,2.2
380,2.646,TYR, ,CA,41.9,14.43,0.0,1.45,1.0,<Residue TYR het=  resseq=239 icode= >,1fym_B_A,2.2
381,3.287,TYR, ,C,41.63,13.31,3.184,1.99,1.0,<Residue TYR het=  resseq=239 icode= >,1fym_B_A,2.2
382,9.97,TYR, ,O,43.02,13.67,2.899,1.34,1.0,<Residue TYR het=  resseq=239 icode= >,1fym_B_A,2.2
383,0.0,TYR, ,CB,41.85,14.79,0.0,0.84,1.0,<Residue TYR het=  resseq=239 icode= >,1fym_B_A,2.2
384,0.0,TYR, ,CG,41.97,16.10,0.0,1.85,1.0,<Residue TYR het=  resseq=239 icode= >,1fym_B_A,2.2
385,6.729,TYR, ,CD1,42.22,17.31,0.0,1.34,1.0,<Residue TYR het=  resseq=239 icode= >,1fym_B_A,2.2
386,0.0,TYR, ,CD2,43.5,16.23,0.0,1.38,1.0,<Residue TYR het=  resseq=239 icode= >,1fym_B_A,2.2
387,16.541,TYR, ,CE1,43.75,18.53,0.0,0.80,1.0,<Residue TYR het=  resseq=239 icode= >,1fym_B_A,2.2
388,0.0,TYR, ,CE2,45.02,17.52,0.0,0.81,1.0,<Residue TYR het=  resseq=239 icode= >,1fym_B_A,2.2
389,2.643,TYR, ,CZ,43.85,18.62,0.0,1.42,1.0,<Residue TYR het=  resseq=239 icode= >,1fym_B_A,2.2
390,4.093,TYR, ,OH,41.26,19.88,0.0,1.28,1.0,<Residue TYR het=  resseq=239 icode= >,1fym_B_A,2.2
391,0.464,PHE, ,N,41.65,12.07,0.464,0.96,1.0,<Residue PHE het=  resseq=240 icode= >,1fym_B_A,2.2
392,6.016,PHE, ,CA,40.84,10.97,1.533,1.69,1.0,<Residue PHE het=  resseq=240 icode= >,1fym_B_A,2.2
393,4.151,PHE, ,C,42.41,10.24,4.151,1.96,1.0,<Residue PHE het=  resseq=240 icode= >,1fym_B_A,2.2
394,1.954,PHE, ,O,41.21,10.39,1.023,1.35,1.0,<Residue PHE het=  resseq=240 icode= >,1fym_B_A,2.2
395,9.163,PHE, ,CB,38.18,10.10,0.0,1.21,1.0,<Residue PHE het=  resseq=240 icode= >,1fym_B_A,2.2
396,2.23,PHE, ,CG,36.07,11.02,0.0,2.18,1.0,<Residue PHE het=  resseq=240 icode= >,1fym_B_A,2.2
397,1.669,PHE, ,CD1,34.63,11.59,0.0,1.96,1.0,<Residue PHE het=  resseq=240 icode= >,1fym_B_A,2.2
398,15.236,PHE, ,CD2,36.29,11.53,0.0,1.80,1.0,<Residue PHE het=  resseq=240 icode= >,1fym_B_A,2.2
399,0.0,PHE, ,CE1,37.4,12.59,0.0,1.32,1.0,<Residue PHE het=  resseq=240 icode= >,1fym_B_A,2.2
400,1.512,PHE, ,CE2,39.12,12.54,0.0,1.05,1.0,<Residue PHE het=  resseq=240 icode= >,1fym_B_A,2.2
401,0.046,PHE, ,CZ,37.41,13.04,0.0,1.52,1.0,<Residue PHE het=  resseq=240 icode= >,1fym_B_A,2.2
402,3.516,LYS, ,N,45.01,9.68,1.46,1.76,1.0,<Residue LYS het=  resseq=241 icode= >,1fym_B_A,2.2
403,9.619,LYS, ,CA,48.62,9.18,4.319,1.36,1.0,<Residue LYS het=  resseq=241 icode= >,1fym_B_A,2.2
404,0.0,LYS, ,C,49.92,7.73,0.0,1.75,1.0,<Residue LYS het=  resseq=241 icode= >,1fym_B_A,2.2
405,21.454,LYS, ,O,50.53,7.61,0.0,1.14,1.0,<Residue LYS het=  resseq=241 icode= >,1fym_B_A,2.2
406,23.551,LYS, ,CB,51.76,9.05,7.868,0.75,1.0,<Residue LYS het=  resseq=241 icode= >,1fym_B_A,2.2
407,14.644,LYS, ,CG,55.54,8.23,0.0,0.32,1.0,<Residue LYS het=  resseq=241 icode= >,1fym_B_A,2.2
408,35.46,LYS, ,CD,59.65,7.85,0.0,0.70,1.0,<Residue LYS het=  resseq=241 icode= >,1fym_B_A,2.2
409,25.192,LYS, ,CE,62.29,6.73,0.0,0.49,1.0,<Residue LYS het=  resseq=241 icode= >,1fym_B_A,2.2
410,31.449,LYS, ,NZ,65.0,6.97,0.0,0.29,1.0,<Residue LYS het=  resseq=241 icode= >,1fym_B_A,2.2
411,0.125,HIS, ,N,49.98,6.84,0.0,2.31,1.0,<Residue HIS het=  resseq=242 icode= >,1fym_B_A,2.2
412,5.509,HIS, ,CA,52.1,5.42,0.251,0.75,1.0,<Residue HIS het=  resseq=242 icode= >,1fym_B_A,2.2
413,0.0,HIS, ,C,49.99,5.51,0.0,1.75,1.0,<Residue HIS het=  resseq=242 icode= >,1fym_B_A,2.2
414,17.056,HIS, ,O,50.85,5.00,0.958,0.68,1.0,<Residue HIS het=  resseq=242 icode= >,1fym_B_A,2.2
415,4.794,HIS, ,CB,55.92,4.81,1.195,0.06,1.0,<Residue HIS het=  resseq=242 icode= >,1fym_B_A,2.2
416,2.77,HIS, ,CG,59.16,4.75,0.366,0.48,1.0,<Residue HIS het=  resseq=242 icode= >,1fym_B_A,2.2
417,19.524,HIS, ,ND1,60.1,4.78,0.0,0.50,1.0,<Residue HIS het=  resseq=242 icode= >,1fym_B_A,2.2
418,26.217,HIS, ,CD2,59.16,3.80,18.752,0.91,1.0,<Residue HIS het=  resseq=242 icode= >,1fym_B_A,2.2
419,35.666,HIS, ,CE1,59.3,3.92,6.324,0.97,1.0,<Residue HIS het=  resseq=242 icode= >,1fym_B_A,2.2
420,22.928,HIS, ,NE2,59.46,3.44,13.627,1.25,1.0,<Residue HIS het=  resseq=242 icode= >,1fym_B_A,2.2
421,0.646,SER, ,N,46.31,6.54,0.0,1.61,1.0,<Residue SER het=  resseq=243 icode= >,1fym_B_A,2.2
422,1.787,SER, ,CA,42.09,7.25,0.0,1.55,1.0,<Residue SER het=  resseq=243 icode= >,1fym_B_A,2.2
423,0.0,SER, ,C,37.6,6.70,0.0,2.02,1.0,<Residue SER het=  resseq=243 icode= >,1fym_B_A,2.2
424,8.198,SER, ,O,38.68,7.02,0.0,1.22,1.0,<Residue SER het=  resseq=243 icode= >,1fym_B_A,2.2
425,0.0,SER, ,CB,43.54,8.35,0.0,1.27,1.0,<Residue SER het=  resseq=243 icode= >,1fym_B_A,2.2
426,11.469,SER, ,OG,47.03,8.01,0.0,0.94,1.0,<Residue SER het=  resseq=243 icode= >,1fym_B_A,2.2
427,0.376,ASN, ,N,31.53,6.24,0.0,1.89,1.0,<Residue ASN het=  resseq=244 icode= >,1fym_B_A,2.2
428,0.096,ASN, ,CA,21.99,6.16,0.0,1.88,1.0,<Residue ASN het=  resseq=244 icode= >,1fym_B_A,2.2
429,0.0,ASN, ,C,18.74,7.11,0.0,3.45,1.0,<Residue ASN het=  resseq=244 icode= >,1fym_B_A,2.2
430,0.629,ASN, ,O,18.29,7.35,0.0,2.99,1.0,<Residue ASN het=  resseq=244 icode= >,1fym_B_A,2.2
431,30.22,ASN, ,CB,18.53,4.81,0.889,2.18,1.0,<Residue ASN het=  resseq=244 icode= >,1fym_B_A,2.2
432,5.365,ASN, ,CG,14.29,4.17,0.486,3.68,1.0,<Residue ASN het=  resseq=244 icode= >,1fym_B_A,2.2
433,1.134,ASN, ,OD1,12.92,4.91,0.0,3.05,1.0,<Residue ASN het=  resseq=244 icode= >,1fym_B_A,2.2
434,21.941,ASN, ,ND2,12.19,3.21,18.569,3.26,1.0,<Residue ASN het=  resseq=244 icode= >,1fym_B_A,2.2
435,2.824,PHE, ,N,16.0,7.94,0.0,3.11,1.0,<Residue PHE het=  resseq=245 icode= >,1fym_B_A,2.2
436,0.0,PHE, ,CA,17.24,9.08,0.0,2.41,1.0,<Residue PHE het=  resseq=245 icode= >,1fym_B_A,2.2
437,0.0,PHE, ,C,19.31,8.93,0.0,2.53,1.0,<Residue PHE het=  resseq=245 icode= >,1fym_B_A,2.2
438,0.0,PHE, ,O,21.55,9.77,0.0,2.25,1.0,<Residue PHE het=  resseq=245 icode= >,1fym_B_A,2.2
439,3.242,PHE, ,CB,11.6,10.00,0.0,3.08,1.0,<Residue PHE het=  resseq=245 icode= >,1fym_B_A,2.2
440,0.0,PHE, ,CG,12.0,11.44,0.0,2.13,1.0,<Residue PHE het=  resseq=245 icode= >,1fym_B_A,2.2
441,0.0,PHE, ,CD1,9.85,12.14,0.0,2.04,1.0,<Residue PHE het=  resseq=245 icode= >,1fym_B_A,2.2
442,4.852,PHE, ,CD2,7.82,12.23,0.0,2.58,1.0,<Residue PHE het=  resseq=245 icode= >,1fym_B_A,2.2
443,0.0,PHE, ,CE1,8.97,13.49,0.0,2.33,1.0,<Residue PHE het=  resseq=245 icode= >,1fym_B_A,2.2
444,0.0,PHE, ,CE2,4.13,13.56,0.0,2.96,1.0,<Residue PHE het=  resseq=245 icode= >,1fym_B_A,2.2
445,0.0,PHE, ,CZ,4.29,14.15,0.0,2.89,1.0,<Residue PHE het=  resseq=245 icode= >,1fym_B_A,2.2
446,2.584,ALA, ,N,20.6,8.07,0.0,2.07,1.0,<Residue ALA het=  resseq=246 icode= >,1fym_B_A,2.2
447,9.873,ALA, ,CA,19.51,8.23,0.0,2.40,1.0,<Residue ALA het=  resseq=246 icode= >,1fym_B_A,2.2
448,0.0,ALA, ,C,19.73,8.30,0.0,3.01,1.0,<Residue ALA het=  resseq=246 icode= >,1fym_B_A,2.2
449,0.414,ALA, ,O,18.77,9.39,0.0,3.09,1.0,<Residue ALA het=  resseq=246 icode= >,1fym_B_A,2.2
450,44.406,ALA, ,CB,16.36,7.39,0.0,1.48,1.0,<Residue ALA het=  resseq=246 icode= >,1fym_B_A,2.2
451,0.0,SER, ,N,20.78,7.36,0.0,2.83,1.0,<Residue SER het=  resseq=247 icode= >,1fym_B_A,2.2
452,0.644,SER, ,CA,25.02,7.74,0.0,1.78,1.0,<Residue SER het=  resseq=247 icode= >,1fym_B_A,2.2
453,0.293,SER, ,C,25.39,9.09,0.0,2.01,1.0,<Residue SER het=  resseq=247 icode= >,1fym_B_A,2.2
454,0.141,SER, ,O,26.81,10.04,0.0,2.06,1.0,<Residue SER het=  resseq=247 icode= >,1fym_B_A,2.2
455,21.685,SER, ,CB,28.74,6.79,0.0,1.53,1.0,<Residue SER het=  resseq=247 icode= >,1fym_B_A,2.2
456,6.518,SER, ,OG,36.23,5.57,0.0,0.89,1.0,<Residue SER het=  resseq=247 icode= >,1fym_B_A,2.2
457,0.771,PHE, ,N,23.82,9.34,0.0,2.04,1.0,<Residue PHE het=  resseq=248 icode= >,1fym_B_A,2.2
458,2.601,PHE, ,CA,21.22,10.70,0.0,1.32,1.0,<Residue PHE het=  resseq=248 icode= >,1fym_B_A,2.2
459,0.0,PHE, ,C,18.9,11.77,0.0,2.86,1.0,<Residue PHE het=  resseq=248 icode= >,1fym_B_A,2.2
460,0.0,PHE, ,O,19.09,12.71,0.0,3.03,1.0,<Residue PHE het=  resseq=248 icode= >,1fym_B_A,2.2
461,1.404,PHE, ,CB,17.23,10.97,0.0,1.73,1.0,<Residue PHE het=  resseq=248 icode= >,1fym_B_A,2.2
462,0.0,PHE, ,CG,15.5,12.41,0.0,2.50,1.0,<Residue PHE het=  resseq=248 icode= >,1fym_B_A,2.2
463,0.0,PHE, ,CD1,13.99,12.97,0.0,2.07,1.0,<Residue PHE het=  resseq=248 icode= >,1fym_B_A,2.2
464,0.0,PHE, ,CD2,16.12,13.33,0.0,1.54,1.0,<Residue PHE het=  resseq=248 icode= >,1fym_B_A,2.2
465,0.0,PHE, ,CE1,12.48,14.35,0.0,2.29,1.0,<Residue PHE het=  resseq=248 icode= >,1fym_B_A,2.2
466,0.22,PHE, ,CE2,11.36,14.68,0.0,2.50,1.0,<Residue PHE het=  resseq=248 icode= >,1fym_B_A,2.2
467,0.5,PHE, ,CZ,12.46,15.15,0.0,2.39,1.0,<Residue PHE het=  resseq=248 icode= >,1fym_B_A,2.2
468,0.0,VAL, ,N,17.85,11.72,0.0,2.85,1.0,<Residue VAL het=  resseq=249 icode= >,1fym_B_A,2.2
469,0.0,VAL, ,CA,17.56,12.85,0.0,2.02,1.0,<Residue VAL het=  resseq=249 icode= >,1fym_B_A,2.2
470,0.0,VAL, ,C,19.29,13.12,0.0,2.33,1.0,<Residue VAL het=  resseq=249 icode= >,1fym_B_A,2.2
471,0.0,VAL, ,O,18.41,14.30,0.0,2.71,1.0,<Residue VAL het=  resseq=249 icode= >,1fym_B_A,2.2
472,2.538,VAL, ,CB,13.85,12.91,0.0,2.99,1.0,<Residue VAL het=  resseq=249 icode= >,1fym_B_A,2.2
473,22.472,VAL, ,CG1,15.23,14.06,0.0,1.30,1.0,<Residue VAL het=  resseq=249 icode= >,1fym_B_A,2.2
474,0.366,VAL, ,CG2,12.02,13.32,0.0,1.95,1.0,<Residue VAL het=  resseq=249 icode= >,1fym_B_A,2.2
475,0.0,ARG, ,N,20.28,12.15,0.0,2.10,1.0,<Residue ARG het=  resseq=250 icode= >,1fym_B_A,2.2
476,3.491,ARG, ,CA,19.33,12.56,0.0,2.17,1.0,<Residue ARG het=  resseq=250 icode= >,1fym_B_A,2.2
477,1.489,ARG, ,C,20.82,13.37,0.0,2.80,1.0,<Residue ARG het=  resseq=250 icode= >,1fym_B_A,2.2
478,3.354,ARG, ,O,21.69,14.53,0.0,2.81,1.0,<Residue ARG het=  resseq=250 icode= >,1fym_B_A,2.2
479,12.989,ARG, ,CB,20.95,11.46,0.0,1.24,1.0,<Residue ARG het=  resseq=250 icode= >,1fym_B_A,2.2
480,18.396,ARG, ,CG,19.05,10.87,0.0,1.88,1.0,<Residue ARG het=  resseq=250 icode= >,1fym_B_A,2.2
481,34.562,ARG, ,CD,20.62,10.27,0.0,1.76,1.0,<Residue ARG het=  resseq=250 icode= >,1fym_B_A,2.2
482,12.854,ARG, ,NE,23.31,9.10,0.0,1.85,1.0,<Residue ARG het=  resseq=250 icode= >,1fym_B_A,2.2
483,4.427,ARG, ,CZ,20.8,7.83,0.0,3.08,1.0,<Residue ARG het=  resseq=250 icode= >,1fym_B_A,2.2
484,26.578,ARG, ,NH1,23.06,7.66,0.0,2.03,1.0,<Residue ARG het=  resseq=250 icode= >,1fym_B_A,2.2
485,34.848,ARG, ,NH2,22.26,6.92,0.0,1.64,1.0,<Residue ARG het=  resseq=250 icode= >,1fym_B_A,2.2
486,0.056,GLN, ,N,20.49,12.89,0.0,2.95,1.0,<Residue GLN het=  resseq=251 icode= >,1fym_B_A,2.2
487,0.363,GLN, ,CA,21.02,13.79,0.0,2.70,1.0,<Residue GLN het=  resseq=251 icode= >,1fym_B_A,2.2
488,0.0,GLN, ,C,24.26,15.04,0.0,2.70,1.0,<Residue GLN het=  resseq=251 icode= >,1fym_B_A,2.2
489,0.0,GLN, ,O,24.62,16.11,0.0,2.75,1.0,<Residue GLN het=  resseq=251 icode= >,1fym_B_A,2.2
490,0.0,GLN, ,CB,25.79,13.20,0.0,1.62,1.0,<Residue GLN het=  resseq=251 icode= >,1fym_B_A,2.2
491,13.087,GLN, ,CG,29.47,12.24,0.0,1.71,1.0,<Residue GLN het=  resseq=251 icode= >,1fym_B_A,2.2
492,5.848,GLN, ,CD,33.37,12.36,0.0,2.14,1.0,<Residue GLN het=  resseq=251 icode= >,1fym_B_A,2.2
493,17.412,GLN, ,OE1,36.65,12.74,0.0,1.41,1.0,<Residue GLN het=  resseq=251 icode= >,1fym_B_A,2.2
494,19.455,GLN, ,NE2,34.35,12.16,0.0,1.24,1.0,<Residue GLN het=  resseq=251 icode= >,1fym_B_A,2.2
495,0.0,LEU, ,N,26.21,15.00,0.0,1.78,1.0,<Residue LEU het=  resseq=252 icode= >,1fym_B_A,2.2
496,0.0,LEU, ,CA,26.25,16.26,0.0,2.04,1.0,<Residue LEU het=  resseq=252 icode= >,1fym_B_A,2.2
497,0.0,LEU, ,C,27.95,17.14,0.0,2.42,1.0,<Residue LEU het=  resseq=252 icode= >,1fym_B_A,2.2
498,0.0,LEU, ,O,31.07,18.30,0.0,1.77,1.0,<Residue LEU het=  resseq=252 icode= >,1fym_B_A,2.2
499,0.02,LEU, ,CB,24.14,16.17,0.0,1.80,1.0,<Residue LEU het=  resseq=252 icode= >,1fym_B_A,2.2
500,0.0,LEU, ,CG,23.45,16.13,0.0,1.60,1.0,<Residue LEU het=  resseq=252 icode= >,1fym_B_A,2.2
501,0.56,LEU, ,CD1,19.63,16.58,0.0,1.51,1.0,<Residue LEU het=  resseq=252 icode= >,1fym_B_A,2.2
502,0.037,LEU, ,CD2,19.29,17.16,0.0,1.68,1.0,<Residue LEU het=  resseq=252 icode= >,1fym_B_A,2.2
503,0.0,ASN, ,N,29.47,16.70,0.0,2.07,1.0,<Residue ASN het=  resseq=253 icode= >,1fym_B_A,2.2
504,0.0,ASN, ,CA,30.3,17.59,0.0,1.71,1.0,<Residue ASN het=  resseq=253 icode= >,1fym_B_A,2.2
505,1.365,ASN, ,C,31.54,18.18,0.0,2.22,1.0,<Residue ASN het=  resseq=253 icode= >,1fym_B_A,2.2
506,8.127,ASN, ,O,31.57,18.85,0.0,1.89,1.0,<Residue ASN het=  resseq=253 icode= >,1fym_B_A,2.2
507,12.063,ASN, ,CB,31.12,16.39,0.0,1.53,1.0,<Residue ASN het=  resseq=253 icode= >,1fym_B_A,2.2
508,0.0,ASN, ,CG,32.45,15.15,0.0,1.98,1.0,<Residue ASN het=  resseq=253 icode= >,1fym_B_A,2.2
509,2.702,ASN, ,OD1,35.22,15.22,0.0,1.02,1.0,<Residue ASN het=  resseq=253 icode= >,1fym_B_A,2.2
510,39.407,ASN, ,ND2,33.09,14.09,0.0,1.11,1.0,<Residue ASN het=  resseq=253 icode= >,1fym_B_A,2.2
511,0.547,MET, ,N,31.01,17.37,0.0,2.63,1.0,<Residue MET het=  resseq=254 icode= >,1fym_B_A,2.2
512,12.554,MET, ,CA,32.32,17.90,0.0,1.87,1.0,<Residue MET het=  resseq=254 icode= >,1fym_B_A,2.2
513,0.102,MET, ,C,33.2,19.08,0.0,1.90,1.0,<Residue MET het=  resseq=254 icode= >,1fym_B_A,2.2
514,23.735,MET, ,O,32.91,19.72,0.0,1.76,1.0,<Residue MET het=  resseq=254 icode= >,1fym_B_A,2.2
515,4.883,MET, ,CB,30.17,16.61,0.0,2.05,1.0,<Residue MET het=  resseq=254 icode= >,1fym_B_A,2.2
516,13.172,MET, ,CG,32.14,16.79,0.0,1.28,1.0,<Residue MET het=  resseq=254 icode= >,1fym_B_A,2.2
517,43.445,MET, ,SD,36.04,15.30,0.0,3.44,1.0,<Residue MET het=  resseq=254 icode= >,1fym_B_A,2.2
518,24.008,MET, ,CE,36.25,14.74,0.0,0.77,1.0,<Residue MET het=  resseq=254 icode= >,1fym_B_A,2.2
519,0.0,TYR, ,N,33.72,1000.00,0.0,1.49,1.0,<Residue TYR het=  resseq=255 icode= >,1fym_B_A,2.2
520,5.41,TYR, ,CA,31.88,1000.00,0.0,1.55,1.0,<Residue TYR het=  resseq=255 icode= >,1fym_B_A,2.2
521,4.871,TYR, ,C,30.01,1000.00,0.0,2.94,1.0,<Residue TYR het=  resseq=255 icode= >,1fym_B_A,2.2
522,10.494,TYR, ,O,29.31,1000.00,0.0,2.17,1.0,<Residue TYR het=  resseq=255 icode= >,1fym_B_A,2.2
523,2.69,TYR, ,CB,32.51,1000.00,0.0,1.56,1.0,<Residue TYR het=  resseq=255 icode= >,1fym_B_A,2.2
524,0.0,TYR, ,CG,33.27,1000.00,0.0,2.51,1.0,<Residue TYR het=  resseq=255 icode= >,1fym_B_A,2.2
525,9.774,TYR, ,CD1,34.92,1000.00,0.0,1.95,1.0,<Residue TYR het=  resseq=255 icode= >,1fym_B_A,2.2
526,0.0,TYR, ,CD2,34.71,1000.00,0.0,1.22,1.0,<Residue TYR het=  resseq=255 icode= >,1fym_B_A,2.2
527,13.92,TYR, ,CE1,37.66,1000.00,0.0,1.49,1.0,<Residue TYR het=  resseq=255 icode= >,1fym_B_A,2.2
528,0.0,TYR, ,CE2,37.28,1000.00,0.0,1.35,1.0,<Residue TYR het=  resseq=255 icode= >,1fym_B_A,2.2
529,0.036,TYR, ,CZ,38.75,1000.00,0.0,1.69,1.0,<Residue TYR het=  resseq=255 icode= >,1fym_B_A,2.2
530,22.056,TYR, ,OH,41.52,1000.00,0.0,1.37,1.0,<Residue TYR het=  resseq=255 icode= >,1fym_B_A,2.2
531,3.593,GLY, ,N,30.49,1000.00,0.0,2.06,1.0,<Residue GLY het=  resseq=256 icode= >,1fym_B_A,2.2
532,23.856,GLY, ,CA,30.99,1000.00,0.0,1.38,1.0,<Residue GLY het=  resseq=256 icode= >,1fym_B_A,2.2
533,0.0,GLY, ,C,31.16,1000.00,0.0,2.04,1.0,<Residue GLY het=  resseq=256 icode= >,1fym_B_A,2.2
534,5.929,GLY, ,O,31.2,1000.00,0.0,1.92,1.0,<Residue GLY het=  resseq=256 icode= >,1fym_B_A,2.2
535,0.0,TRP, ,N,29.21,1000.00,0.0,2.09,1.0,<Residue TRP het=  resseq=257 icode= >,1fym_B_A,2.2
536,0.0,TRP, ,CA,29.03,1000.00,0.0,1.69,1.0,<Residue TRP het=  resseq=257 icode= >,1fym_B_A,2.2
537,0.0,TRP, ,C,28.55,1000.00,0.0,3.06,1.0,<Residue TRP het=  resseq=257 icode= >,1fym_B_A,2.2
538,0.0,TRP, ,O,31.0,1000.00,0.0,1.76,1.0,<Residue TRP het=  resseq=257 icode= >,1fym_B_A,2.2
539,0.0,TRP, ,CB,26.99,1000.00,0.0,1.67,1.0,<Residue TRP het=  resseq=257 icode= >,1fym_B_A,2.2
540,0.0,TRP, ,CG,27.74,1000.00,0.0,1.68,1.0,<Residue TRP het=  resseq=257 icode= >,1fym_B_A,2.2
541,0.435,TRP, ,CD1,29.42,1000.00,0.0,1.29,1.0,<Residue TRP het=  resseq=257 icode= >,1fym_B_A,2.2
542,0.0,TRP, ,CD2,26.84,1000.00,0.0,2.00,1.0,<Residue TRP het=  resseq=257 icode= >,1fym_B_A,2.2
543,4.282,TRP, ,NE1,28.32,1000.00,0.0,1.92,1.0,<Residue TRP het=  resseq=257 icode= >,1fym_B_A,2.2
544,0.0,TRP, ,CE2,26.58,1000.00,0.0,2.03,1.0,<Residue TRP het=  resseq=257 icode= >,1fym_B_A,2.2
545,0.0,TRP, ,CE3,25.83,1000.00,0.0,1.94,1.0,<Residue TRP het=  resseq=257 icode= >,1fym_B_A,2.2
546,5.848,TRP, ,CZ2,23.67,1000.00,0.0,1.85,1.0,<Residue TRP het=  resseq=257 icode= >,1fym_B_A,2.2
547,0.0,TRP, ,CZ3,23.51,1000.00,0.0,2.09,1.0,<Residue TRP het=  resseq=257 icode= >,1fym_B_A,2.2
548,6.916,TRP, ,CH2,24.48,1000.00,0.0,1.98,1.0,<Residue TRP het=  resseq=257 icode= >,1fym_B_A,2.2
549,0.0,HIS, ,N,31.76,16.84,0.0,2.34,1.0,<Residue HIS het=  resseq=258 icode= >,1fym_B_A,2.2
550,0.228,HIS, ,CA,34.97,15.39,0.0,2.03,1.0,<Residue HIS het=  resseq=258 icode= >,1fym_B_A,2.2
551,0.0,HIS, ,C,36.79,15.06,0.0,2.02,1.0,<Residue HIS het=  resseq=258 icode= >,1fym_B_A,2.2
552,0.0,HIS, ,O,37.96,15.88,0.0,1.41,1.0,<Residue HIS het=  resseq=258 icode= >,1fym_B_A,2.2
553,22.53,HIS, ,CB,37.58,14.82,0.0,1.18,1.0,<Residue HIS het=  resseq=258 icode= >,1fym_B_A,2.2
554,2.418,HIS, ,CG,43.36,15.04,0.0,0.82,1.0,<Residue HIS het=  resseq=258 icode= >,1fym_B_A,2.2
555,3.484,HIS, ,ND1,43.53,16.33,0.0,1.57,1.0,<Residue HIS het=  resseq=258 icode= >,1fym_B_A,2.2
556,29.064,HIS, ,CD2,44.46,14.26,0.0,0.84,1.0,<Residue HIS het=  resseq=258 icode= >,1fym_B_A,2.2
557,14.197,HIS, ,CE1,44.38,16.38,0.0,1.29,1.0,<Residue HIS het=  resseq=258 icode= >,1fym_B_A,2.2
558,23.043,HIS, ,NE2,46.54,15.17,0.0,0.76,1.0,<Residue HIS het=  resseq=258 icode= >,1fym_B_A,2.2
559,5.792,LYS, ,N,37.15,13.99,0.0,1.88,1.0,<Residue LYS het=  resseq=259 icode= >,1fym_B_A,2.2
560,0.0,LYS, ,CA,38.04,13.75,0.0,2.22,1.0,<Residue LYS het=  resseq=259 icode= >,1fym_B_A,2.2
561,0.037,LYS, ,C,39.7,13.33,0.0,2.38,1.0,<Residue LYS het=  resseq=259 icode= >,1fym_B_A,2.2
562,15.832,LYS, ,O,40.8,12.76,0.0,1.87,1.0,<Residue LYS het=  resseq=259 icode= >,1fym_B_A,2.2
563,13.531,LYS, ,CB,38.64,12.77,0.0,1.41,1.0,<Residue LYS het=  resseq=259 icode= >,1fym_B_A,2.2
564,0.0,LYS, ,CG,39.75,12.72,0.0,0.93,1.0,<Residue LYS het=  resseq=259 icode= >,1fym_B_A,2.2
565,17.692,LYS, ,CD,40.4,11.58,0.0,1.16,1.0,<Residue LYS het=  resseq=259 icode= >,1fym_B_A,2.2
566,12.947,LYS, ,CE,42.69,11.18,0.0,0.67,1.0,<Residue LYS het=  resseq=259 icode= >,1fym_B_A,2.2
567,23.859,LYS, ,NZ,42.52,10.28,0.0,1.00,1.0,<Residue LYS het=  resseq=259 icode= >,1fym_B_A,2.2
568,0.0,VAL, ,N,41.35,13.45,0.0,1.35,1.0,<Residue VAL het=  resseq=260 icode= >,1fym_B_A,2.2
569,1.767,VAL, ,CA,43.63,12.97,0.0,2.00,1.0,<Residue VAL het=  resseq=260 icode= >,1fym_B_A,2.2
570,0.08,VAL, ,C,47.32,11.50,0.0,1.88,1.0,<Residue VAL het=  resseq=260 icode= >,1fym_B_A,2.2
571,4.965,VAL, ,O,48.11,11.18,0.0,0.95,1.0,<Residue VAL het=  resseq=260 icode= >,1fym_B_A,2.2
572,1.557,VAL, ,CB,42.66,13.87,0.0,1.16,1.0,<Residue VAL het=  resseq=260 icode= >,1fym_B_A,2.2
573,37.528,VAL, ,CG1,44.49,13.67,0.0,-0.24,1.0,<Residue VAL het=  resseq=260 icode= >,1fym_B_A,2.2
574,2.257,VAL, ,CG2,39.69,15.33,0.0,1.17,1.0,<Residue VAL het=  resseq=260 icode= >,1fym_B_A,2.2
575,2.253,GLN, ,N,52.27,10.74,0.0,1.08,1.0,<Residue GLN het=  resseq=261 icode= >,1fym_B_A,2.2
576,4.506,GLN, ,CA,56.74,9.32,0.0,1.68,1.0,<Residue GLN het=  resseq=261 icode= >,1fym_B_A,2.2
577,0.147,GLN, ,C,58.85,9.16,0.0,1.47,1.0,<Residue GLN het=  resseq=261 icode= >,1fym_B_A,2.2
578,13.24,GLN, ,O,58.97,10.15,0.0,1.00,1.0,<Residue GLN het=  resseq=261 icode= >,1fym_B_A,2.2
579,20.178,GLN, ,CB,60.54,8.85,0.0,0.43,1.0,<Residue GLN het=  resseq=261 icode= >,1fym_B_A,2.2
580,29.008,GLN, ,CG,66.6,8.72,0.0,-0.10,1.0,<Residue GLN het=  resseq=261 icode= >,1fym_B_A,2.2
581,7.688,GLN, ,CD,69.87,9.34,0.0,0.50,1.0,<Residue GLN het=  resseq=261 icode= >,1fym_B_A,2.2
582,39.275,GLN, ,OE1,71.52,8.84,0.0,1.03,1.0,<Residue GLN het=  resseq=261 icode= >,1fym_B_A,2.2
583,53.331,GLN, ,NE2,70.88,10.61,0.0,0.67,1.0,<Residue GLN het=  resseq=261 icode= >,1fym_B_A,2.2
584,5.49,ASP, ,N,61.88,8.08,0.0,0.62,1.0,<Residue ASP het=  resseq=262 icode= >,1fym_B_A,2.2
585,4.989,ASP, ,CA,64.38,8.10,0.0,0.68,1.0,<Residue ASP het=  resseq=262 icode= >,1fym_B_A,2.2
586,27.305,ASP, ,C,63.4,8.21,0.0,1.51,1.0,<Residue ASP het=  resseq=262 icode= >,1fym_B_A,2.2
587,35.261,ASP, ,O,63.46,9.34,0.0,0.80,1.0,<Residue ASP het=  resseq=262 icode= >,1fym_B_A,2.2
588,29.626,ASP, ,CB,68.91,7.07,0.0,-0.04,1.0,<Residue ASP het=  resseq=262 icode= >,1fym_B_A,2.2
589,13.519,ASP, ,CG,71.3,7.72,0.0,0.99,1.0,<Residue ASP het=  resseq=262 icode= >,1fym_B_A,2.2
590,33.843,ASP, ,OD1,74.64,8.94,0.0,0.25,1.0,<Residue ASP het=  resseq=262 icode= >,1fym_B_A,2.2
591,41.897,ASP, ,OD2,72.15,6.94,0.0,1.13,1.0,<Residue ASP het=  resseq=262 icode= >,1fym_B_A,2.2
592,27.318,ASP, ,N,53.12,11.09,0.0,1.25,1.0,<Residue ASP het=  resseq=273 icode= >,1fym_B_A,2.2
593,14.05,ASP, ,CA,54.93,10.77,0.0,1.43,1.0,<Residue ASP het=  resseq=273 icode= >,1fym_B_A,2.2
594,2.546,ASP, ,C,53.67,11.87,0.0,2.04,1.0,<Residue ASP het=  resseq=273 icode= >,1fym_B_A,2.2
595,15.823,ASP, ,O,53.93,11.72,0.0,1.72,1.0,<Residue ASP het=  resseq=273 icode= >,1fym_B_A,2.2
596,28.484,ASP, ,CB,58.68,10.98,0.0,0.92,1.0,<Residue ASP het=  resseq=273 icode= >,1fym_B_A,2.2
597,14.114,ASP, ,CG,61.94,10.13,0.0,0.45,1.0,<Residue ASP het=  resseq=273 icode= >,1fym_B_A,2.2
598,32.174,ASP, ,OD1,20.0,9.28,0.0,0.34,1.0,<Residue ASP het=  resseq=273 icode= >,1fym_B_A,2.2
599,42.862,ASP, ,OD2,20.0,10.46,0.0,0.20,1.0,<Residue ASP het=  resseq=273 icode= >,1fym_B_A,2.2
600,1.331,SER, ,N,51.66,13.10,0.0,1.09,1.0,<Residue SER het=  resseq=274 icode= >,1fym_B_A,2.2
601,2.105,SER, ,CA,48.88,14.29,0.0,1.15,1.0,<Residue SER het=  resseq=274 icode= >,1fym_B_A,2.2
602,0.0,SER, ,C,45.41,14.96,0.0,1.91,1.0,<Residue SER het=  resseq=274 icode= >,1fym_B_A,2.2
603,0.0,SER, ,O,44.78,16.10,0.0,1.70,1.0,<Residue SER het=  resseq=274 icode= >,1fym_B_A,2.2
604,27.074,SER, ,CB,49.41,15.35,0.0,0.78,1.0,<Residue SER het=  resseq=274 icode= >,1fym_B_A,2.2
605,27.214,SER, ,OG,51.56,15.79,0.0,0.20,1.0,<Residue SER het=  resseq=274 icode= >,1fym_B_A,2.2
606,0.136,ARG, ,N,42.97,14.36,0.0,1.47,1.0,<Residue ARG het=  resseq=275 icode= >,1fym_B_A,2.2
607,0.0,ARG, ,CA,39.46,15.04,0.0,1.69,1.0,<Residue ARG het=  resseq=275 icode= >,1fym_B_A,2.2
608,0.0,ARG, ,C,36.07,14.50,0.0,2.92,1.0,<Residue ARG het=  resseq=275 icode= >,1fym_B_A,2.2
609,6.172,ARG, ,O,35.75,13.35,0.0,1.91,1.0,<Residue ARG het=  resseq=275 icode= >,1fym_B_A,2.2
610,16.03,ARG, ,CB,40.41,15.00,0.0,1.02,1.0,<Residue ARG het=  resseq=275 icode= >,1fym_B_A,2.2
611,1.859,ARG, ,CG,42.23,15.88,0.0,0.60,1.0,<Residue ARG het=  resseq=275 icode= >,1fym_B_A,2.2
612,28.505,ARG, ,CD,42.11,15.34,0.0,1.42,1.0,<Residue ARG het=  resseq=275 icode= >,1fym_B_A,2.2
613,3.869,ARG, ,NE,43.66,16.45,0.0,1.55,1.0,<Residue ARG het=  resseq=275 icode= >,1fym_B_A,2.2
614,4.133,ARG, ,CZ,46.26,17.62,0.0,1.55,1.0,<Residue ARG het=  resseq=275 icode= >,1fym_B_A,2.2
615,40.88,ARG, ,NH1,47.96,17.90,0.0,0.45,1.0,<Residue ARG het=  resseq=275 icode= >,1fym_B_A,2.2
616,26.329,ARG, ,NH2,47.18,18.59,0.0,0.82,1.0,<Residue ARG het=  resseq=275 icode= >,1fym_B_A,2.2
617,0.0,TRP, ,N,32.54,15.42,0.0,2.55,1.0,<Residue TRP het=  resseq=276 icode= >,1fym_B_A,2.2
618,0.0,TRP, ,CA,32.05,15.24,0.0,1.79,1.0,<Residue TRP het=  resseq=276 icode= >,1fym_B_A,2.2
619,0.0,TRP, ,C,31.61,16.12,0.0,2.76,1.0,<Residue TRP het=  resseq=276 icode= >,1fym_B_A,2.2
620,0.0,TRP, ,O,31.16,17.23,0.0,2.48,1.0,<Residue TRP het=  resseq=276 icode= >,1fym_B_A,2.2
621,0.0,TRP, ,CB,30.97,15.71,0.0,2.45,1.0,<Residue TRP het=  resseq=276 icode= >,1fym_B_A,2.2
622,0.0,TRP, ,CG,35.51,14.76,0.0,2.54,1.0,<Residue TRP het=  resseq=276 icode= >,1fym_B_A,2.2
623,0.0,TRP, ,CD1,38.03,14.34,0.0,1.37,1.0,<Residue TRP het=  resseq=276 icode= >,1fym_B_A,2.2
624,0.0,TRP, ,CD2,37.26,14.11,0.0,2.97,1.0,<Residue TRP het=  resseq=276 icode= >,1fym_B_A,2.2
625,1.328,TRP, ,NE1,38.77,13.25,0.0,1.65,1.0,<Residue TRP het=  resseq=276 icode= >,1fym_B_A,2.2
626,0.09,TRP, ,CE2,39.28,12.98,0.0,1.90,1.0,<Residue TRP het=  resseq=276 icode= >,1fym_B_A,2.2
627,0.0,TRP, ,CE3,40.05,14.26,0.0,1.52,1.0,<Residue TRP het=  resseq=276 icode= >,1fym_B_A,2.2
628,16.559,TRP, ,CZ2,39.67,11.95,0.0,1.44,1.0,<Residue TRP het=  resseq=276 icode= >,1fym_B_A,2.2
629,2.881,TRP, ,CZ3,39.67,13.21,0.0,1.28,1.0,<Residue TRP het=  resseq=276 icode= >,1fym_B_A,2.2
630,24.408,TRP, ,CH2,39.47,12.17,0.0,1.21,1.0,<Residue TRP het=  resseq=276 icode= >,1fym_B_A,2.2
631,0.563,GLU, ,N,33.39,15.70,0.0,2.25,1.0,<Residue GLU het=  resseq=277 icode= >,1fym_B_A,2.2
632,0.0,GLU, ,CA,36.25,16.61,0.0,1.18,1.0,<Residue GLU het=  resseq=277 icode= >,1fym_B_A,2.2
633,0.0,GLU, ,C,35.46,16.56,0.0,2.58,1.0,<Residue GLU het=  resseq=277 icode= >,1fym_B_A,2.2
634,0.0,GLU, ,O,35.82,15.51,0.0,1.90,1.0,<Residue GLU het=  resseq=277 icode= >,1fym_B_A,2.2
635,6.64,GLU, ,CB,35.61,16.25,0.0,1.21,1.0,<Residue GLU het=  resseq=277 icode= >,1fym_B_A,2.2
636,0.0,GLU, ,CG,37.9,17.40,0.0,1.04,1.0,<Residue GLU het=  resseq=277 icode= >,1fym_B_A,2.2
637,5.549,GLU, ,CD,38.87,17.36,0.0,2.14,1.0,<Residue GLU het=  resseq=277 icode= >,1fym_B_A,2.2
638,5.711,GLU, ,OE1,41.46,17.70,0.0,0.90,1.0,<Residue GLU het=  resseq=277 icode= >,1fym_B_A,2.2
639,28.225,GLU, ,OE2,38.85,17.10,0.0,1.44,1.0,<Residue GLU het=  resseq=277 icode= >,1fym_B_A,2.2
640,0.0,PHE, ,N,35.65,17.75,0.0,2.74,1.0,<Residue PHE het=  resseq=278 icode= >,1fym_B_A,2.2
641,0.0,PHE, ,CA,38.8,17.96,0.0,1.68,1.0,<Residue PHE het=  resseq=278 icode= >,1fym_B_A,2.2
642,0.0,PHE, ,C,40.95,18.77,0.0,2.07,1.0,<Residue PHE het=  resseq=278 icode= >,1fym_B_A,2.2
643,0.0,PHE, ,O,43.04,19.71,0.0,1.37,1.0,<Residue PHE het=  resseq=278 icode= >,1fym_B_A,2.2
644,0.029,PHE, ,CB,36.2,18.50,0.0,1.44,1.0,<Residue PHE het=  resseq=278 icode= >,1fym_B_A,2.2
645,0.0,PHE, ,CG,36.15,17.93,0.0,1.73,1.0,<Residue PHE het=  resseq=278 icode= >,1fym_B_A,2.2
646,0.108,PHE, ,CD1,36.55,16.74,0.0,1.17,1.0,<Residue PHE het=  resseq=278 icode= >,1fym_B_A,2.2
647,0.101,PHE, ,CD2,34.07,18.69,0.0,1.39,1.0,<Residue PHE het=  resseq=278 icode= >,1fym_B_A,2.2
648,0.295,PHE, ,CE1,34.44,16.36,0.0,1.45,1.0,<Residue PHE het=  resseq=278 icode= >,1fym_B_A,2.2
649,0.0,PHE, ,CE2,32.22,18.35,0.0,1.16,1.0,<Residue PHE het=  resseq=278 icode= >,1fym_B_A,2.2
650,0.0,PHE, ,CZ,31.37,17.20,0.0,1.81,1.0,<Residue PHE het=  resseq=278 icode= >,1fym_B_A,2.2
651,0.0,GLU, ,N,41.92,18.50,0.0,1.96,1.0,<Residue GLU het=  resseq=279 icode= >,1fym_B_A,2.2
652,0.0,GLU, ,CA,42.92,19.36,0.0,2.14,1.0,<Residue GLU het=  resseq=279 icode= >,1fym_B_A,2.2
653,0.0,GLU, ,C,44.07,19.43,0.0,2.37,1.0,<Residue GLU het=  resseq=279 icode= >,1fym_B_A,2.2
654,1.306,GLU, ,O,43.39,18.44,0.0,1.87,1.0,<Residue GLU het=  resseq=279 icode= >,1fym_B_A,2.2
655,1.928,GLU, ,CB,43.53,18.79,0.0,1.73,1.0,<Residue GLU het=  resseq=279 icode= >,1fym_B_A,2.2
656,9.797,GLU, ,CG,45.49,17.63,0.0,1.64,1.0,<Residue GLU het=  resseq=279 icode= >,1fym_B_A,2.2
657,7.907,GLU, ,CD,47.28,17.19,0.0,1.89,1.0,<Residue GLU het=  resseq=279 icode= >,1fym_B_A,2.2
658,27.145,GLU, ,OE1,48.75,18.00,0.0,1.07,1.0,<Residue GLU het=  resseq=279 icode= >,1fym_B_A,2.2
659,27.724,GLU, ,OE2,49.0,16.12,0.0,1.14,1.0,<Residue GLU het=  resseq=279 icode= >,1fym_B_A,2.2
660,0.011,ASN, ,N,47.14,1000.00,0.0,1.27,1.0,<Residue ASN het=  resseq=280 icode= >,1fym_B_A,2.2
661,5.52,ASN, ,CA,50.23,1000.00,0.0,0.76,1.0,<Residue ASN het=  resseq=280 icode= >,1fym_B_A,2.2
662,34.258,ASN, ,C,50.83,1000.00,0.0,1.55,1.0,<Residue ASN het=  resseq=280 icode= >,1fym_B_A,2.2
663,29.176,ASN, ,O,51.41,1000.00,0.0,1.14,1.0,<Residue ASN het=  resseq=280 icode= >,1fym_B_A,2.2
664,1.797,ASN, ,CB,49.45,1000.00,0.0,1.39,1.0,<Residue ASN het=  resseq=280 icode= >,1fym_B_A,2.2
665,1.859,ASN, ,CG,50.39,1000.00,0.0,2.07,1.0,<Residue ASN het=  resseq=280 icode= >,1fym_B_A,2.2
666,16.932,ASN, ,OD1,52.79,1000.00,0.0,0.92,1.0,<Residue ASN het=  resseq=280 icode= >,1fym_B_A,2.2
667,34.92,ASN, ,ND2,47.93,1000.00,0.0,1.73,1.0,<Residue ASN het=  resseq=280 icode= >,1fym_B_A,2.2
