,ASA,aa,altloc,atom,bfac,d2r,dASA,dens,occ,residue,id,resolu
0,34.459,LYS, ,N,44.71,9.86,0.0,2.22,1.0,<Residue LYS het=  resseq=149 icode= >,1i3j_A_B,2.2
1,10.818,LYS, ,CA,43.85,9.53,0.0,2.58,1.0,<Residue LYS het=  resseq=149 icode= >,1i3j_A_B,2.2
2,0.0,LYS, ,C,43.32,8.91,0.0,3.13,1.0,<Residue LYS het=  resseq=149 icode= >,1i3j_A_B,2.2
3,0.0,LYS, ,O,40.97,8.15,0.0,2.42,1.0,<Residue LYS het=  resseq=149 icode= >,1i3j_A_B,2.2
4,1.013,LYS, ,CB,46.37,8.82,0.0,1.56,1.0,<Residue LYS het=  resseq=149 icode= >,1i3j_A_B,2.2
5,12.168,LYS, ,CG,47.51,9.11,0.0,1.71,1.0,<Residue LYS het=  resseq=149 icode= >,1i3j_A_B,2.2
6,2.511,LYS, ,CD,50.29,8.42,0.0,1.43,1.0,<Residue LYS het=  resseq=149 icode= >,1i3j_A_B,2.2
7,31.487,LYS, ,CE,52.55,8.07,0.0,1.18,1.0,<Residue LYS het=  resseq=149 icode= >,1i3j_A_B,2.2
8,20.189,LYS, ,NZ,54.93,7.36,0.0,1.01,1.0,<Residue LYS het=  resseq=149 icode= >,1i3j_A_B,2.2
9,3.929,PHE, ,N,41.63,9.47,0.0,2.86,1.0,<Residue PHE het=  resseq=150 icode= >,1i3j_A_B,2.2
10,0.0,PHE, ,CA,42.76,9.26,0.0,2.58,1.0,<Residue PHE het=  resseq=150 icode= >,1i3j_A_B,2.2
11,0.0,PHE, ,C,40.29,8.96,0.0,3.29,1.0,<Residue PHE het=  resseq=150 icode= >,1i3j_A_B,2.2
12,18.719,PHE, ,O,40.44,9.54,0.0,1.99,1.0,<Residue PHE het=  resseq=150 icode= >,1i3j_A_B,2.2
13,17.045,PHE, ,CB,43.74,10.61,0.0,2.22,1.0,<Residue PHE het=  resseq=150 icode= >,1i3j_A_B,2.2
14,2.474,PHE, ,CG,46.88,11.16,0.0,2.49,1.0,<Residue PHE het=  resseq=150 icode= >,1i3j_A_B,2.2
15,18.378,PHE, ,CD1,47.43,12.00,0.0,1.82,1.0,<Residue PHE het=  resseq=150 icode= >,1i3j_A_B,2.2
16,3.313,PHE, ,CD2,46.38,11.04,0.0,2.08,1.0,<Residue PHE het=  resseq=150 icode= >,1i3j_A_B,2.2
17,31.31,PHE, ,CE1,48.33,12.66,0.0,1.90,1.0,<Residue PHE het=  resseq=150 icode= >,1i3j_A_B,2.2
18,15.741,PHE, ,CE2,47.81,11.75,0.0,1.64,1.0,<Residue PHE het=  resseq=150 icode= >,1i3j_A_B,2.2
19,23.855,PHE, ,CZ,48.62,12.55,0.0,1.75,1.0,<Residue PHE het=  resseq=150 icode= >,1i3j_A_B,2.2
20,0.0,CYS, ,N,39.11,8.28,0.0,2.86,1.0,<Residue CYS het=  resseq=151 icode= >,1i3j_A_B,2.2
21,0.91,CYS, ,CA,37.09,8.30,0.0,2.67,1.0,<Residue CYS het=  resseq=151 icode= >,1i3j_A_B,2.2
22,0.598,CYS, ,C,37.84,9.68,0.0,3.06,1.0,<Residue CYS het=  resseq=151 icode= >,1i3j_A_B,2.2
23,4.459,CYS, ,O,37.3,10.30,0.0,3.15,1.0,<Residue CYS het=  resseq=151 icode= >,1i3j_A_B,2.2
24,0.0,CYS, ,CB,31.34,7.18,0.0,2.99,1.0,<Residue CYS het=  resseq=151 icode= >,1i3j_A_B,2.2
25,0.208,CYS, ,SG,32.3,7.42,0.0,6.21,1.0,<Residue CYS het=  resseq=151 icode= >,1i3j_A_B,2.2
26,5.278,LYS, ,N,37.83,10.20,0.0,2.70,1.0,<Residue LYS het=  resseq=152 icode= >,1i3j_A_B,2.2
27,12.481,LYS, ,CA,38.04,11.47,0.0,1.91,1.0,<Residue LYS het=  resseq=152 icode= >,1i3j_A_B,2.2
28,0.005,LYS, ,C,38.01,11.50,0.0,3.10,1.0,<Residue LYS het=  resseq=152 icode= >,1i3j_A_B,2.2
29,23.413,LYS, ,O,35.38,12.58,0.0,2.72,1.0,<Residue LYS het=  resseq=152 icode= >,1i3j_A_B,2.2
30,19.192,LYS, ,CB,37.88,11.45,0.0,1.58,1.0,<Residue LYS het=  resseq=152 icode= >,1i3j_A_B,2.2
31,18.461,LYS,x,CG,40.51,12.84,0.0,0.75,0.5,<Residue LYS het=  resseq=152 icode= >,1i3j_A_B,2.2
32,32.192,LYS,x,CD,41.24,12.93,0.0,0.09,0.5,<Residue LYS het=  resseq=152 icode= >,1i3j_A_B,2.2
33,45.109,LYS,x,CE,41.3,14.37,0.0,0.63,0.5,<Residue LYS het=  resseq=152 icode= >,1i3j_A_B,2.2
34,48.361,LYS,x,NZ,41.47,14.65,0.0,0.61,0.5,<Residue LYS het=  resseq=152 icode= >,1i3j_A_B,2.2
35,0.344,CYS, ,N,35.68,10.44,0.0,2.81,1.0,<Residue CYS het=  resseq=153 icode= >,1i3j_A_B,2.2
36,11.813,CYS, ,CA,33.43,10.63,0.0,3.11,1.0,<Residue CYS het=  resseq=153 icode= >,1i3j_A_B,2.2
37,1.586,CYS, ,C,32.26,10.85,0.0,4.04,1.0,<Residue CYS het=  resseq=153 icode= >,1i3j_A_B,2.2
38,30.497,CYS, ,O,32.71,11.52,0.0,2.63,1.0,<Residue CYS het=  resseq=153 icode= >,1i3j_A_B,2.2
39,20.755,CYS, ,CB,33.31,9.59,0.0,1.94,1.0,<Residue CYS het=  resseq=153 icode= >,1i3j_A_B,2.2
40,8.159,CYS, ,SG,33.18,8.01,0.0,5.70,1.0,<Residue CYS het=  resseq=153 icode= >,1i3j_A_B,2.2
41,0.0,GLY, ,N,31.27,10.49,0.0,3.60,1.0,<Residue GLY het=  resseq=154 icode= >,1i3j_A_B,2.2
42,28.2,GLY, ,CA,30.73,10.95,0.0,2.25,1.0,<Residue GLY het=  resseq=154 icode= >,1i3j_A_B,2.2
43,3.682,GLY, ,C,29.75,10.05,0.0,3.84,1.0,<Residue GLY het=  resseq=154 icode= >,1i3j_A_B,2.2
44,14.747,GLY, ,O,28.92,10.65,0.0,2.72,1.0,<Residue GLY het=  resseq=154 icode= >,1i3j_A_B,2.2
45,0.004,VAL, ,N,28.58,8.77,0.0,3.32,1.0,<Residue VAL het=  resseq=155 icode= >,1i3j_A_B,2.2
46,5.542,VAL, ,CA,30.14,8.04,0.0,2.89,1.0,<Residue VAL het=  resseq=155 icode= >,1i3j_A_B,2.2
47,0.0,VAL, ,C,32.82,7.74,0.0,3.54,1.0,<Residue VAL het=  resseq=155 icode= >,1i3j_A_B,2.2
48,0.0,VAL, ,O,30.93,7.90,0.0,3.02,1.0,<Residue VAL het=  resseq=155 icode= >,1i3j_A_B,2.2
49,8.717,VAL, ,CB,30.05,6.85,0.0,3.06,1.0,<Residue VAL het=  resseq=155 icode= >,1i3j_A_B,2.2
50,54.745,VAL, ,CG1,26.65,7.53,0.0,1.76,1.0,<Residue VAL het=  resseq=155 icode= >,1i3j_A_B,2.2
51,7.611,VAL, ,CG2,27.66,5.70,0.222,1.91,1.0,<Residue VAL het=  resseq=155 icode= >,1i3j_A_B,2.2
52,4.022,ARG, ,N,32.68,7.69,0.0,3.16,1.0,<Residue ARG het=  resseq=156 icode= >,1i3j_A_B,2.2
53,0.0,ARG, ,CA,37.05,7.30,0.0,2.61,1.0,<Residue ARG het=  resseq=156 icode= >,1i3j_A_B,2.2
54,1.066,ARG, ,C,36.25,5.79,0.0,3.72,1.0,<Residue ARG het=  resseq=156 icode= >,1i3j_A_B,2.2
55,16.14,ARG, ,O,36.44,5.10,0.385,2.74,1.0,<Residue ARG het=  resseq=156 icode= >,1i3j_A_B,2.2
56,18.83,ARG, ,CB,42.31,8.01,0.0,1.98,1.0,<Residue ARG het=  resseq=156 icode= >,1i3j_A_B,2.2
57,7.152,ARG, ,CG,51.34,9.50,0.0,1.19,1.0,<Residue ARG het=  resseq=156 icode= >,1i3j_A_B,2.2
58,26.431,ARG, ,CD,58.16,10.28,0.0,1.26,1.0,<Residue ARG het=  resseq=156 icode= >,1i3j_A_B,2.2
59,8.25,ARG, ,NE,66.29,11.71,0.0,0.70,1.0,<Residue ARG het=  resseq=156 icode= >,1i3j_A_B,2.2
60,8.724,ARG, ,CZ,69.76,12.66,0.0,0.93,1.0,<Residue ARG het=  resseq=156 icode= >,1i3j_A_B,2.2
61,49.937,ARG, ,NH1,71.93,12.45,0.0,0.14,1.0,<Residue ARG het=  resseq=156 icode= >,1i3j_A_B,2.2
62,57.359,ARG, ,NH2,72.83,13.92,0.0,-0.33,1.0,<Residue ARG het=  resseq=156 icode= >,1i3j_A_B,2.2
63,0.0,ILE, ,N,36.79,5.54,0.0,2.53,1.0,<Residue ILE het=  resseq=157 icode= >,1i3j_A_B,2.2
64,8.443,ILE, ,CA,34.68,4.32,3.254,2.77,1.0,<Residue ILE het=  resseq=157 icode= >,1i3j_A_B,2.2
65,4.121,ILE, ,C,35.55,5.02,0.0,3.81,1.0,<Residue ILE het=  resseq=157 icode= >,1i3j_A_B,2.2
66,4.848,ILE, ,O,32.51,6.25,0.0,2.77,1.0,<Residue ILE het=  resseq=157 icode= >,1i3j_A_B,2.2
67,1.145,ILE, ,CB,33.04,4.04,1.145,2.85,1.0,<Residue ILE het=  resseq=157 icode= >,1i3j_A_B,2.2
68,0.0,ILE, ,CG1,30.44,5.49,0.0,2.16,1.0,<Residue ILE het=  resseq=157 icode= >,1i3j_A_B,2.2
69,6.622,ILE, ,CG2,30.01,3.83,6.614,2.76,1.0,<Residue ILE het=  resseq=157 icode= >,1i3j_A_B,2.2
70,0.425,ILE, ,CD1,28.87,5.93,0.0,2.29,1.0,<Residue ILE het=  resseq=157 icode= >,1i3j_A_B,2.2
71,4.155,GLN, ,N,39.08,4.57,2.2,2.31,1.0,<Residue GLN het=  resseq=158 icode= >,1i3j_A_B,2.2
72,8.722,GLN, ,CA,43.66,5.72,0.0,2.17,1.0,<Residue GLN het=  resseq=158 icode= >,1i3j_A_B,2.2
73,0.0,GLN, ,C,43.18,6.49,0.0,2.79,1.0,<Residue GLN het=  resseq=158 icode= >,1i3j_A_B,2.2
74,0.0,GLN, ,O,43.78,6.11,0.0,1.90,1.0,<Residue GLN het=  resseq=158 icode= >,1i3j_A_B,2.2
75,4.252,GLN, ,CB,47.19,5.63,0.03,1.86,1.0,<Residue GLN het=  resseq=158 icode= >,1i3j_A_B,2.2
76,33.997,GLN, ,CG,53.87,5.44,6.471,1.10,1.0,<Residue GLN het=  resseq=158 icode= >,1i3j_A_B,2.2
77,11.037,GLN, ,CD,58.72,4.66,5.264,1.30,1.0,<Residue GLN het=  resseq=158 icode= >,1i3j_A_B,2.2
78,41.213,GLN, ,OE1,59.91,4.01,20.465,1.18,1.0,<Residue GLN het=  resseq=158 icode= >,1i3j_A_B,2.2
79,33.01,GLN, ,NE2,60.29,4.97,4.922,0.26,1.0,<Residue GLN het=  resseq=158 icode= >,1i3j_A_B,2.2
80,2.682,THR, ,N,44.85,7.80,0.0,2.35,1.0,<Residue THR het=  resseq=159 icode= >,1i3j_A_B,2.2
81,0.0,THR, ,CA,46.48,8.67,0.0,1.79,1.0,<Residue THR het=  resseq=159 icode= >,1i3j_A_B,2.2
82,0.96,THR, ,C,45.23,7.54,0.0,2.99,1.0,<Residue THR het=  resseq=159 icode= >,1i3j_A_B,2.2
83,14.702,THR, ,O,46.74,7.65,0.0,2.30,1.0,<Residue THR het=  resseq=159 icode= >,1i3j_A_B,2.2
84,14.837,THR, ,CB,48.53,9.96,0.0,1.58,1.0,<Residue THR het=  resseq=159 icode= >,1i3j_A_B,2.2
85,29.475,THR, ,OG1,50.72,9.98,0.0,1.14,1.0,<Residue THR het=  resseq=159 icode= >,1i3j_A_B,2.2
86,49.786,THR, ,CG2,48.84,10.58,0.0,1.02,1.0,<Residue THR het=  resseq=159 icode= >,1i3j_A_B,2.2
87,0.139,SER, ,N,44.25,6.68,0.0,2.39,1.0,<Residue SER het=  resseq=160 icode= >,1i3j_A_B,2.2
88,10.691,SER, ,CA,44.85,5.72,0.0,1.87,1.0,<Residue SER het=  resseq=160 icode= >,1i3j_A_B,2.2
89,1.691,SER, ,C,42.51,4.40,0.587,2.96,1.0,<Residue SER het=  resseq=160 icode= >,1i3j_A_B,2.2
90,19.397,SER, ,O,41.18,3.74,6.2,2.47,1.0,<Residue SER het=  resseq=160 icode= >,1i3j_A_B,2.2
91,45.618,SER, ,CB,47.04,5.75,0.0,1.81,1.0,<Residue SER het=  resseq=160 icode= >,1i3j_A_B,2.2
92,7.945,SER, ,OG,51.83,5.45,0.0,0.94,1.0,<Residue SER het=  resseq=160 icode= >,1i3j_A_B,2.2
93,0.0,ALA, ,N,39.11,4.40,0.0,2.64,1.0,<Residue ALA het=  resseq=161 icode= >,1i3j_A_B,2.2
94,6.926,ALA, ,CA,38.59,3.49,6.851,2.66,1.0,<Residue ALA het=  resseq=161 icode= >,1i3j_A_B,2.2
95,0.0,ALA, ,C,37.01,3.58,0.0,3.53,1.0,<Residue ALA het=  resseq=161 icode= >,1i3j_A_B,2.2
96,0.0,ALA, ,O,35.87,4.78,0.0,2.67,1.0,<Residue ALA het=  resseq=161 icode= >,1i3j_A_B,2.2
97,23.846,ALA, ,CB,37.32,3.65,22.109,1.89,1.0,<Residue ALA het=  resseq=161 icode= >,1i3j_A_B,2.2
98,4.153,TYR, ,N,37.82,2.75,4.153,3.21,1.0,<Residue TYR het=  resseq=162 icode= >,1i3j_A_B,2.2
99,3.055,TYR, ,CA,40.12,3.69,0.0,2.59,1.0,<Residue TYR het=  resseq=162 icode= >,1i3j_A_B,2.2
100,0.0,TYR, ,C,38.08,4.26,0.0,2.82,1.0,<Residue TYR het=  resseq=162 icode= >,1i3j_A_B,2.2
101,18.554,TYR, ,O,36.32,5.46,0.0,2.10,1.0,<Residue TYR het=  resseq=162 icode= >,1i3j_A_B,2.2
102,19.379,TYR, ,CB,47.6,3.68,4.719,1.91,1.0,<Residue TYR het=  resseq=162 icode= >,1i3j_A_B,2.2
103,2.856,TYR, ,CG,57.14,4.32,0.0,1.26,1.0,<Residue TYR het=  resseq=162 icode= >,1i3j_A_B,2.2
104,9.541,TYR, ,CD1,59.66,4.09,6.113,1.01,1.0,<Residue TYR het=  resseq=162 icode= >,1i3j_A_B,2.2
105,29.514,TYR, ,CD2,61.4,5.61,0.0,0.37,1.0,<Residue TYR het=  resseq=162 icode= >,1i3j_A_B,2.2
106,28.498,TYR, ,CE1,64.88,5.23,0.0,0.65,1.0,<Residue TYR het=  resseq=162 icode= >,1i3j_A_B,2.2
107,35.069,TYR, ,CE2,63.92,6.49,0.0,0.98,1.0,<Residue TYR het=  resseq=162 icode= >,1i3j_A_B,2.2
108,10.158,TYR, ,CZ,65.55,6.32,0.0,0.76,1.0,<Residue TYR het=  resseq=162 icode= >,1i3j_A_B,2.2
109,42.917,TYR, ,OH,68.33,6.70,0.0,0.11,1.0,<Residue TYR het=  resseq=162 icode= >,1i3j_A_B,2.2
110,1.69,THR, ,N,34.61,3.78,1.69,2.41,1.0,<Residue THR het=  resseq=163 icode= >,1i3j_A_B,2.2
111,0.0,THR, ,CA,31.76,4.90,0.0,3.01,1.0,<Residue THR het=  resseq=163 icode= >,1i3j_A_B,2.2
112,0.0,THR, ,C,30.98,4.50,0.0,4.27,1.0,<Residue THR het=  resseq=163 icode= >,1i3j_A_B,2.2
113,9.054,THR, ,O,30.93,3.51,9.054,3.78,1.0,<Residue THR het=  resseq=163 icode= >,1i3j_A_B,2.2
114,0.0,THR, ,CB,30.51,5.43,0.0,3.48,1.0,<Residue THR het=  resseq=163 icode= >,1i3j_A_B,2.2
115,3.074,THR, ,OG1,29.31,4.67,2.022,3.13,1.0,<Residue THR het=  resseq=163 icode= >,1i3j_A_B,2.2
116,33.925,THR, ,CG2,36.27,5.65,0.0,1.16,1.0,<Residue THR het=  resseq=163 icode= >,1i3j_A_B,2.2
117,0.0,CYS, ,N,29.6,4.84,0.0,3.45,1.0,<Residue CYS het=  resseq=164 icode= >,1i3j_A_B,2.2
118,3.187,CYS, ,CA,33.11,3.47,3.187,2.59,1.0,<Residue CYS het=  resseq=164 icode= >,1i3j_A_B,2.2
119,0.497,CYS, ,C,34.12,3.67,0.497,3.35,1.0,<Residue CYS het=  resseq=164 icode= >,1i3j_A_B,2.2
120,0.221,CYS, ,O,34.83,4.45,0.221,2.83,1.0,<Residue CYS het=  resseq=164 icode= >,1i3j_A_B,2.2
121,9.277,CYS, ,CB,27.91,3.68,5.368,3.49,1.0,<Residue CYS het=  resseq=164 icode= >,1i3j_A_B,2.2
122,5.454,CYS, ,SG,32.58,5.03,0.0,6.31,1.0,<Residue CYS het=  resseq=164 icode= >,1i3j_A_B,2.2
123,9.637,SER, ,N,34.63,2.95,9.32,2.68,1.0,<Residue SER het=  resseq=165 icode= >,1i3j_A_B,2.2
124,6.934,SER, ,CA,36.76,3.62,6.934,2.87,1.0,<Residue SER het=  resseq=165 icode= >,1i3j_A_B,2.2
125,0.204,SER, ,C,38.52,5.12,0.16,3.52,1.0,<Residue SER het=  resseq=165 icode= >,1i3j_A_B,2.2
126,4.105,SER, ,O,39.7,5.43,2.393,3.03,1.0,<Residue SER het=  resseq=165 icode= >,1i3j_A_B,2.2
127,44.788,SER, ,CB,36.4,3.48,22.367,2.28,1.0,<Residue SER het=  resseq=165 icode= >,1i3j_A_B,2.2
128,22.708,SER, ,OG,40.78,4.52,15.045,1.96,1.0,<Residue SER het=  resseq=165 icode= >,1i3j_A_B,2.2
129,2.508,LYS, ,N,37.67,5.18,0.0,3.09,1.0,<Residue LYS het=  resseq=166 icode= >,1i3j_A_B,2.2
130,5.061,LYS, ,CA,40.6,5.59,2.088,2.74,1.0,<Residue LYS het=  resseq=166 icode= >,1i3j_A_B,2.2
131,0.068,LYS, ,C,38.75,6.53,0.0,3.51,1.0,<Residue LYS het=  resseq=166 icode= >,1i3j_A_B,2.2
132,20.112,LYS, ,O,40.75,6.36,0.0,2.38,1.0,<Residue LYS het=  resseq=166 icode= >,1i3j_A_B,2.2
133,18.193,LYS, ,CB,43.56,6.12,0.0,1.74,1.0,<Residue LYS het=  resseq=166 icode= >,1i3j_A_B,2.2
134,23.063,LYS, ,CG,48.86,6.07,0.0,1.41,1.0,<Residue LYS het=  resseq=166 icode= >,1i3j_A_B,2.2
135,26.546,LYS, ,CD,52.49,4.84,8.858,0.25,1.0,<Residue LYS het=  resseq=166 icode= >,1i3j_A_B,2.2
136,43.634,LYS, ,CE,53.7,5.42,0.0,0.69,1.0,<Residue LYS het=  resseq=166 icode= >,1i3j_A_B,2.2
137,49.547,LYS, ,NZ,55.09,4.97,3.232,0.62,1.0,<Residue LYS het=  resseq=166 icode= >,1i3j_A_B,2.2
138,0.0,CYS, ,N,37.01,7.06,0.0,2.96,1.0,<Residue CYS het=  resseq=167 icode= >,1i3j_A_B,2.2
139,7.532,CYS, ,CA,36.54,8.05,0.0,2.60,1.0,<Residue CYS het=  resseq=167 icode= >,1i3j_A_B,2.2
140,1.124,CYS, ,C,36.37,7.45,0.0,3.47,1.0,<Residue CYS het=  resseq=167 icode= >,1i3j_A_B,2.2
141,17.045,CYS, ,O,37.57,8.16,0.0,2.27,1.0,<Residue CYS het=  resseq=167 icode= >,1i3j_A_B,2.2
142,8.963,CYS, ,CB,33.09,8.13,0.0,2.73,1.0,<Residue CYS het=  resseq=167 icode= >,1i3j_A_B,2.2
143,19.904,CYS, ,SG,31.33,8.25,0.0,5.24,1.0,<Residue CYS het=  resseq=167 icode= >,1i3j_A_B,2.2
144,0.0,ARG, ,N,35.59,6.40,0.0,2.78,1.0,<Residue ARG het=  resseq=168 icode= >,1i3j_A_B,2.2
145,0.708,ARG, ,CA,35.1,6.14,0.0,2.66,1.0,<Residue ARG het=  resseq=168 icode= >,1i3j_A_B,2.2
146,0.0,ARG, ,C,34.74,7.50,0.0,3.34,1.0,<Residue ARG het=  resseq=168 icode= >,1i3j_A_B,2.2
147,12.619,ARG, ,O,32.63,6.46,0.0,3.01,1.0,<Residue ARG het=  resseq=168 icode= >,1i3j_A_B,2.2
148,1.702,ARG, ,CB,37.73,5.07,1.694,2.25,1.0,<Residue ARG het=  resseq=168 icode= >,1i3j_A_B,2.2
149,12.705,ARG, ,CG,39.67,5.16,0.806,1.94,1.0,<Residue ARG het=  resseq=168 icode= >,1i3j_A_B,2.2
150,16.049,ARG, ,CD,42.12,4.23,16.027,2.01,1.0,<Residue ARG het=  resseq=168 icode= >,1i3j_A_B,2.2
151,10.301,ARG, ,NE,44.43,3.62,5.938,2.19,1.0,<Residue ARG het=  resseq=168 icode= >,1i3j_A_B,2.2
152,4.622,ARG, ,CZ,46.81,3.02,4.622,2.09,1.0,<Residue ARG het=  resseq=168 icode= >,1i3j_A_B,2.2
153,33.674,ARG, ,NH1,47.11,3.07,33.052,1.59,1.0,<Residue ARG het=  resseq=168 icode= >,1i3j_A_B,2.2
154,35.619,ARG, ,NH2,46.83,3.13,28.86,1.99,1.0,<Residue ARG het=  resseq=168 icode= >,1i3j_A_B,2.2
155,5.37,ASN, ,N,33.55,8.07,0.0,2.77,1.0,<Residue ASN het=  resseq=169 icode= >,1i3j_A_B,2.2
156,5.645,ASN, ,CA,33.49,7.26,0.0,2.77,1.0,<Residue ASN het=  resseq=169 icode= >,1i3j_A_B,2.2
157,0.0,ASN, ,C,31.24,6.57,0.0,4.13,1.0,<Residue ASN het=  resseq=169 icode= >,1i3j_A_B,2.2
158,6.546,ASN, ,O,29.45,7.32,0.0,3.25,1.0,<Residue ASN het=  resseq=169 icode= >,1i3j_A_B,2.2
159,21.621,ASN, ,CB,31.43,8.32,0.0,2.74,1.0,<Residue ASN het=  resseq=169 icode= >,1i3j_A_B,2.2
160,3.187,ASN, ,CG,36.09,7.96,0.0,3.05,1.0,<Residue ASN het=  resseq=169 icode= >,1i3j_A_B,2.2
161,0.497,ASN, ,OD1,34.13,7.01,0.0,2.62,1.0,<Residue ASN het=  resseq=169 icode= >,1i3j_A_B,2.2
162,48.24,ASN, ,ND2,38.61,8.93,0.0,1.20,1.0,<Residue ASN het=  resseq=169 icode= >,1i3j_A_B,2.2
163,4.307,ARG, ,N,33.46,5.26,0.347,2.57,1.0,<Residue ARG het=  resseq=170 icode= >,1i3j_A_B,2.2
164,0.115,ARG, ,CA,33.69,4.55,0.0,2.31,1.0,<Residue ARG het=  resseq=170 icode= >,1i3j_A_B,2.2
165,1.685,ARG, ,C,35.19,3.76,1.685,3.63,1.0,<Residue ARG het=  resseq=170 icode= >,1i3j_A_B,2.2
166,4.998,ARG, ,O,37.56,3.23,4.998,2.74,1.0,<Residue ARG het=  resseq=170 icode= >,1i3j_A_B,2.2
167,12.074,ARG, ,CB,34.27,3.94,10.092,2.26,1.0,<Residue ARG het=  resseq=170 icode= >,1i3j_A_B,2.2
168,2.291,ARG, ,CG,34.34,4.80,0.217,2.23,1.0,<Residue ARG het=  resseq=170 icode= >,1i3j_A_B,2.2
169,26.489,ARG, ,CD,35.95,3.34,25.448,2.85,1.0,<Residue ARG het=  resseq=170 icode= >,1i3j_A_B,2.2
170,7.635,ARG, ,NE,38.41,3.38,5.864,3.05,1.0,<Residue ARG het=  resseq=170 icode= >,1i3j_A_B,2.2
171,4.725,ARG, ,CZ,41.31,3.33,4.725,2.86,1.0,<Residue ARG het=  resseq=170 icode= >,1i3j_A_B,2.2
172,37.215,ARG, ,NH1,37.51,2.75,37.215,2.42,1.0,<Residue ARG het=  resseq=170 icode= >,1i3j_A_B,2.2
173,20.362,ARG, ,NH2,41.81,3.91,17.183,1.50,1.0,<Residue ARG het=  resseq=170 icode= >,1i3j_A_B,2.2
174,0.876,SER, ,N,33.29,4.27,0.509,2.93,1.0,<Residue SER het=  resseq=171 icode= >,1i3j_A_B,2.2
175,6.833,SER, ,CA,32.81,3.32,6.833,2.44,1.0,<Residue SER het=  resseq=171 icode= >,1i3j_A_B,2.2
176,0.958,SER, ,C,29.57,3.55,0.0,3.86,1.0,<Residue SER het=  resseq=171 icode= >,1i3j_A_B,2.2
177,0.957,SER, ,O,26.36,4.77,0.0,3.42,1.0,<Residue SER het=  resseq=171 icode= >,1i3j_A_B,2.2
178,45.032,SER, ,CB,33.77,3.60,13.951,1.95,1.0,<Residue SER het=  resseq=171 icode= >,1i3j_A_B,2.2
179,20.616,SER, ,OG,36.18,4.89,0.0,1.58,1.0,<Residue SER het=  resseq=171 icode= >,1i3j_A_B,2.2
180,14.117,GLY, ,N,29.41,2.83,12.272,3.31,1.0,<Residue GLY het=  resseq=172 icode= >,1i3j_A_B,2.2
181,37.462,GLY, ,CA,27.16,3.90,6.518,2.60,1.0,<Residue GLY het=  resseq=172 icode= >,1i3j_A_B,2.2
182,0.0,GLY, ,C,26.38,4.23,0.0,4.76,1.0,<Residue GLY het=  resseq=172 icode= >,1i3j_A_B,2.2
183,0.601,GLY, ,O,25.38,3.69,0.601,3.87,1.0,<Residue GLY het=  resseq=172 icode= >,1i3j_A_B,2.2
184,3.897,GLU, ,N,24.81,5.53,0.0,3.70,1.0,<Residue GLU het=  resseq=173 icode= >,1i3j_A_B,2.2
185,0.0,GLU, ,CA,25.42,6.36,0.0,3.21,1.0,<Residue GLU het=  resseq=173 icode= >,1i3j_A_B,2.2
186,0.0,GLU, ,C,25.0,6.64,0.0,4.34,1.0,<Residue GLU het=  resseq=173 icode= >,1i3j_A_B,2.2
187,18.306,GLU, ,O,24.1,7.35,0.0,3.91,1.0,<Residue GLU het=  resseq=173 icode= >,1i3j_A_B,2.2
188,10.361,GLU, ,CB,23.76,7.79,0.0,2.50,1.0,<Residue GLU het=  resseq=173 icode= >,1i3j_A_B,2.2
189,11.515,GLU, ,CG,25.04,8.49,0.0,2.55,1.0,<Residue GLU het=  resseq=173 icode= >,1i3j_A_B,2.2
190,15.791,GLU, ,CD,27.38,9.94,0.0,4.38,1.0,<Residue GLU het=  resseq=173 icode= >,1i3j_A_B,2.2
191,35.543,GLU, ,OE1,25.4,10.39,0.0,3.81,1.0,<Residue GLU het=  resseq=173 icode= >,1i3j_A_B,2.2
192,38.548,GLU, ,OE2,28.53,10.75,0.0,3.04,1.0,<Residue GLU het=  resseq=173 icode= >,1i3j_A_B,2.2
193,0.0,ASN, ,N,26.71,6.38,0.0,3.52,1.0,<Residue ASN het=  resseq=174 icode= >,1i3j_A_B,2.2
194,6.33,ASN, ,CA,26.59,7.10,0.0,2.82,1.0,<Residue ASN het=  resseq=174 icode= >,1i3j_A_B,2.2
195,0.664,ASN, ,C,27.63,6.55,0.0,3.88,1.0,<Residue ASN het=  resseq=174 icode= >,1i3j_A_B,2.2
196,16.574,ASN, ,O,27.98,7.03,0.0,3.01,1.0,<Residue ASN het=  resseq=174 icode= >,1i3j_A_B,2.2
197,4.403,ASN, ,CB,29.63,7.72,0.0,2.42,1.0,<Residue ASN het=  resseq=174 icode= >,1i3j_A_B,2.2
198,0.401,ASN, ,CG,29.5,8.54,0.0,3.81,1.0,<Residue ASN het=  resseq=174 icode= >,1i3j_A_B,2.2
199,31.531,ASN, ,OD1,30.21,9.59,0.0,3.01,1.0,<Residue ASN het=  resseq=174 icode= >,1i3j_A_B,2.2
200,15.483,ASN, ,ND2,30.32,7.93,0.0,2.35,1.0,<Residue ASN het=  resseq=174 icode= >,1i3j_A_B,2.2
201,0.0,ASN, ,N,25.48,5.29,0.0,3.53,1.0,<Residue ASN het=  resseq=175 icode= >,1i3j_A_B,2.2
202,0.0,ASN, ,CA,25.57,4.89,0.0,3.11,1.0,<Residue ASN het=  resseq=175 icode= >,1i3j_A_B,2.2
203,0.054,ASN, ,C,26.52,5.48,0.0,4.14,1.0,<Residue ASN het=  resseq=175 icode= >,1i3j_A_B,2.2
204,8.991,ASN, ,O,25.69,5.93,0.0,4.25,1.0,<Residue ASN het=  resseq=175 icode= >,1i3j_A_B,2.2
205,7.027,ASN, ,CB,24.52,3.36,7.027,2.65,1.0,<Residue ASN het=  resseq=175 icode= >,1i3j_A_B,2.2
206,6.319,ASN, ,CG,26.66,3.05,6.319,4.87,1.0,<Residue ASN het=  resseq=175 icode= >,1i3j_A_B,2.2
207,24.081,ASN, ,OD1,27.52,3.28,24.065,3.65,1.0,<Residue ASN het=  resseq=175 icode= >,1i3j_A_B,2.2
208,15.598,ASN, ,ND2,21.04,3.15,15.598,3.69,1.0,<Residue ASN het=  resseq=175 icode= >,1i3j_A_B,2.2
209,3.334,SER, ,N,27.52,5.14,0.532,2.63,1.0,<Residue SER het=  resseq=176 icode= >,1i3j_A_B,2.2
210,12.026,SER, ,CA,25.86,4.38,4.567,3.24,1.0,<Residue SER het=  resseq=176 icode= >,1i3j_A_B,2.2
211,1.279,SER, ,C,26.14,4.10,0.344,4.30,1.0,<Residue SER het=  resseq=176 icode= >,1i3j_A_B,2.2
212,14.717,SER, ,O,25.96,3.57,11.733,3.49,1.0,<Residue SER het=  resseq=176 icode= >,1i3j_A_B,2.2
213,29.834,SER, ,CB,27.28,3.35,29.507,2.62,1.0,<Residue SER het=  resseq=176 icode= >,1i3j_A_B,2.2
214,26.74,SER,x,OG,26.76,2.25,26.74,1.59,0.5,<Residue SER het=  resseq=176 icode= >,1i3j_A_B,2.2
215,0.0,PHE, ,N,23.49,4.54,0.0,3.35,1.0,<Residue PHE het=  resseq=177 icode= >,1i3j_A_B,2.2
216,0.0,PHE, ,CA,22.55,4.61,0.0,2.92,1.0,<Residue PHE het=  resseq=177 icode= >,1i3j_A_B,2.2
217,1.306,PHE, ,C,21.57,4.32,1.306,4.57,1.0,<Residue PHE het=  resseq=177 icode= >,1i3j_A_B,2.2
218,3.637,PHE, ,O,20.17,3.41,3.637,4.35,1.0,<Residue PHE het=  resseq=177 icode= >,1i3j_A_B,2.2
219,16.1,PHE, ,CB,22.04,3.36,16.1,3.01,1.0,<Residue PHE het=  resseq=177 icode= >,1i3j_A_B,2.2
220,1.938,PHE, ,CG,18.63,3.45,1.938,4.50,1.0,<Residue PHE het=  resseq=177 icode= >,1i3j_A_B,2.2
221,14.675,PHE, ,CD1,23.9,3.64,14.675,3.34,1.0,<Residue PHE het=  resseq=177 icode= >,1i3j_A_B,2.2
222,21.105,PHE, ,CD2,24.11,3.23,21.105,2.93,1.0,<Residue PHE het=  resseq=177 icode= >,1i3j_A_B,2.2
223,23.246,PHE, ,CE1,22.44,3.46,20.116,3.15,1.0,<Residue PHE het=  resseq=177 icode= >,1i3j_A_B,2.2
224,5.027,PHE, ,CE2,24.96,3.26,5.027,3.30,1.0,<Residue PHE het=  resseq=177 icode= >,1i3j_A_B,2.2
225,2.621,PHE, ,CZ,24.43,3.55,1.525,3.20,1.0,<Residue PHE het=  resseq=177 icode= >,1i3j_A_B,2.2
226,0.082,PHE, ,N,22.62,4.28,0.0,3.86,1.0,<Residue PHE het=  resseq=178 icode= >,1i3j_A_B,2.2
227,6.808,PHE, ,CA,22.73,3.60,6.808,3.75,1.0,<Residue PHE het=  resseq=178 icode= >,1i3j_A_B,2.2
228,0.0,PHE, ,C,22.84,3.81,0.0,4.48,1.0,<Residue PHE het=  resseq=178 icode= >,1i3j_A_B,2.2
229,8.596,PHE, ,O,23.68,4.94,0.0,3.67,1.0,<Residue PHE het=  resseq=178 icode= >,1i3j_A_B,2.2
230,1.538,PHE, ,CB,22.33,4.28,0.022,3.41,1.0,<Residue PHE het=  resseq=178 icode= >,1i3j_A_B,2.2
231,0.0,PHE, ,CG,23.25,4.49,0.0,3.58,1.0,<Residue PHE het=  resseq=178 icode= >,1i3j_A_B,2.2
232,10.598,PHE, ,CD1,20.16,3.87,10.528,2.78,1.0,<Residue PHE het=  resseq=178 icode= >,1i3j_A_B,2.2
233,8.931,PHE, ,CD2,24.12,5.38,0.0,3.01,1.0,<Residue PHE het=  resseq=178 icode= >,1i3j_A_B,2.2
234,21.786,PHE, ,CE1,19.74,4.50,2.992,3.08,1.0,<Residue PHE het=  resseq=178 icode= >,1i3j_A_B,2.2
235,12.323,PHE, ,CE2,23.69,5.73,0.0,2.69,1.0,<Residue PHE het=  resseq=178 icode= >,1i3j_A_B,2.2
236,20.488,PHE, ,CZ,21.02,5.33,0.0,2.87,1.0,<Residue PHE het=  resseq=178 icode= >,1i3j_A_B,2.2
237,7.429,ASN, ,N,24.4,2.80,7.429,3.50,1.0,<Residue ASN het=  resseq=179 icode= >,1i3j_A_B,2.2
238,5.025,ASN, ,CA,26.04,3.47,3.506,3.09,1.0,<Residue ASN het=  resseq=179 icode= >,1i3j_A_B,2.2
239,0.261,ASN, ,C,27.4,4.38,0.0,4.04,1.0,<Residue ASN het=  resseq=179 icode= >,1i3j_A_B,2.2
240,20.403,ASN, ,O,26.33,5.43,0.0,3.64,1.0,<Residue ASN het=  resseq=179 icode= >,1i3j_A_B,2.2
241,17.521,ASN, ,CB,24.28,4.67,0.0,2.76,1.0,<Residue ASN het=  resseq=179 icode= >,1i3j_A_B,2.2
242,5.565,ASN, ,CG,26.12,4.79,0.0,3.78,1.0,<Residue ASN het=  resseq=179 icode= >,1i3j_A_B,2.2
243,28.535,ASN, ,OD1,30.69,5.88,0.0,2.95,1.0,<Residue ASN het=  resseq=179 icode= >,1i3j_A_B,2.2
244,38.447,ASN, ,ND2,27.0,4.04,3.894,3.06,1.0,<Residue ASN het=  resseq=179 icode= >,1i3j_A_B,2.2
245,0.062,HIS, ,N,29.4,4.40,0.062,3.29,1.0,<Residue HIS het=  resseq=180 icode= >,1i3j_A_B,2.2
246,6.273,HIS, ,CA,29.07,5.11,0.0,2.97,1.0,<Residue HIS het=  resseq=180 icode= >,1i3j_A_B,2.2
247,0.0,HIS, ,C,29.0,4.21,0.0,4.03,1.0,<Residue HIS het=  resseq=180 icode= >,1i3j_A_B,2.2
248,15.454,HIS, ,O,30.75,3.28,14.297,3.30,1.0,<Residue HIS het=  resseq=180 icode= >,1i3j_A_B,2.2
249,1.355,HIS, ,CB,27.07,5.13,0.0,3.16,1.0,<Residue HIS het=  resseq=180 icode= >,1i3j_A_B,2.2
250,0.853,HIS, ,CG,29.09,5.09,0.0,3.30,1.0,<Residue HIS het=  resseq=180 icode= >,1i3j_A_B,2.2
251,18.163,HIS, ,ND1,27.45,4.19,3.197,4.04,1.0,<Residue HIS het=  resseq=180 icode= >,1i3j_A_B,2.2
252,4.239,HIS, ,CD2,26.42,5.46,0.0,2.55,1.0,<Residue HIS het=  resseq=180 icode= >,1i3j_A_B,2.2
253,39.558,HIS, ,CE1,25.03,4.15,15.212,4.02,1.0,<Residue HIS het=  resseq=180 icode= >,1i3j_A_B,2.2
254,20.818,HIS, ,NE2,26.8,4.78,0.0,2.94,1.0,<Residue HIS het=  resseq=180 icode= >,1i3j_A_B,2.2
255,4.535,LYS, ,N,28.55,4.48,0.0,3.02,1.0,<Residue LYS het=  resseq=181 icode= >,1i3j_A_B,2.2
256,2.932,LYS, ,CA,28.09,3.51,2.932,2.86,1.0,<Residue LYS het=  resseq=181 icode= >,1i3j_A_B,2.2
257,0.0,LYS, ,C,27.1,3.80,0.0,4.33,1.0,<Residue LYS het=  resseq=181 icode= >,1i3j_A_B,2.2
258,19.672,LYS, ,O,27.45,5.02,0.0,3.84,1.0,<Residue LYS het=  resseq=181 icode= >,1i3j_A_B,2.2
259,23.71,LYS, ,CB,32.64,3.90,1.491,2.14,1.0,<Residue LYS het=  resseq=181 icode= >,1i3j_A_B,2.2
260,24.251,LYS, ,CG,36.66,4.54,0.0,2.34,1.0,<Residue LYS het=  resseq=181 icode= >,1i3j_A_B,2.2
261,22.07,LYS, ,CD,42.12,3.89,11.41,1.42,1.0,<Residue LYS het=  resseq=181 icode= >,1i3j_A_B,2.2
262,36.578,LYS, ,CE,43.67,5.18,0.0,1.35,1.0,<Residue LYS het=  resseq=181 icode= >,1i3j_A_B,2.2
263,48.841,LYS, ,NZ,48.52,5.01,2.675,0.99,1.0,<Residue LYS het=  resseq=181 icode= >,1i3j_A_B,2.2
264,5.511,HIS, ,N,23.96,3.12,5.511,3.74,1.0,<Residue HIS het=  resseq=182 icode= >,1i3j_A_B,2.2
265,1.196,HIS, ,CA,26.59,4.18,0.0,2.77,1.0,<Residue HIS het=  resseq=182 icode= >,1i3j_A_B,2.2
266,0.59,HIS, ,C,26.99,4.75,0.0,4.43,1.0,<Residue HIS het=  resseq=182 icode= >,1i3j_A_B,2.2
267,7.073,HIS, ,O,25.94,4.30,0.097,2.84,1.0,<Residue HIS het=  resseq=182 icode= >,1i3j_A_B,2.2
268,2.252,HIS, ,CB,26.33,4.19,2.252,2.39,1.0,<Residue HIS het=  resseq=182 icode= >,1i3j_A_B,2.2
269,0.0,HIS, ,CG,28.05,4.24,0.0,3.62,1.0,<Residue HIS het=  resseq=182 icode= >,1i3j_A_B,2.2
270,5.073,HIS, ,ND1,25.53,3.96,3.74,3.77,1.0,<Residue HIS het=  resseq=182 icode= >,1i3j_A_B,2.2
271,23.736,HIS, ,CD2,25.45,3.11,23.736,3.08,1.0,<Residue HIS het=  resseq=182 icode= >,1i3j_A_B,2.2
272,20.335,HIS, ,CE1,28.12,3.31,20.335,3.23,1.0,<Residue HIS het=  resseq=182 icode= >,1i3j_A_B,2.2
273,20.758,HIS, ,NE2,26.85,2.84,20.758,3.43,1.0,<Residue HIS het=  resseq=182 icode= >,1i3j_A_B,2.2
274,3.815,SER, ,N,27.03,6.08,0.0,3.29,1.0,<Residue SER het=  resseq=183 icode= >,1i3j_A_B,2.2
275,11.578,SER, ,CA,31.85,7.02,0.0,2.66,1.0,<Residue SER het=  resseq=183 icode= >,1i3j_A_B,2.2
276,0.0,SER, ,C,31.7,7.20,0.0,3.85,1.0,<Residue SER het=  resseq=183 icode= >,1i3j_A_B,2.2
277,0.0,SER, ,O,28.73,6.84,0.0,3.42,1.0,<Residue SER het=  resseq=183 icode= >,1i3j_A_B,2.2
278,39.561,SER, ,CB,31.84,7.84,0.0,2.67,1.0,<Residue SER het=  resseq=183 icode= >,1i3j_A_B,2.2
279,5.081,SER, ,OG,32.99,6.68,0.0,2.72,1.0,<Residue SER het=  resseq=183 icode= >,1i3j_A_B,2.2
280,5.599,ASP, ,N,35.21,8.04,0.0,2.62,1.0,<Residue ASP het=  resseq=184 icode= >,1i3j_A_B,2.2
281,0.909,ASP, ,CA,34.38,7.56,0.0,2.71,1.0,<Residue ASP het=  resseq=184 icode= >,1i3j_A_B,2.2
282,0.963,ASP, ,C,33.21,7.98,0.0,3.92,1.0,<Residue ASP het=  resseq=184 icode= >,1i3j_A_B,2.2
283,3.55,ASP, ,O,34.33,7.42,0.0,2.86,1.0,<Residue ASP het=  resseq=184 icode= >,1i3j_A_B,2.2
284,29.077,ASP, ,CB,38.08,8.34,0.0,2.22,1.0,<Residue ASP het=  resseq=184 icode= >,1i3j_A_B,2.2
285,13.685,ASP, ,CG,40.97,8.15,0.0,2.97,1.0,<Residue ASP het=  resseq=184 icode= >,1i3j_A_B,2.2
286,21.147,ASP, ,OD1,43.83,7.20,0.0,2.17,1.0,<Residue ASP het=  resseq=184 icode= >,1i3j_A_B,2.2
287,42.026,ASP, ,OD2,45.27,9.13,0.0,1.69,1.0,<Residue ASP het=  resseq=184 icode= >,1i3j_A_B,2.2
288,0.287,ILE, ,N,32.79,8.97,0.0,3.51,1.0,<Residue ILE het=  resseq=185 icode= >,1i3j_A_B,2.2
289,2.814,ILE, ,CA,32.66,8.28,0.0,2.96,1.0,<Residue ILE het=  resseq=185 icode= >,1i3j_A_B,2.2
290,0.0,ILE, ,C,33.31,7.29,0.0,3.64,1.0,<Residue ILE het=  resseq=185 icode= >,1i3j_A_B,2.2
291,0.554,ILE, ,O,32.95,7.29,0.0,3.46,1.0,<Residue ILE het=  resseq=185 icode= >,1i3j_A_B,2.2
292,0.724,ILE, ,CB,34.21,7.78,0.0,1.73,1.0,<Residue ILE het=  resseq=185 icode= >,1i3j_A_B,2.2
293,27.021,ILE, ,CG1,35.03,9.09,0.0,1.44,1.0,<Residue ILE het=  resseq=185 icode= >,1i3j_A_B,2.2
294,22.929,ILE, ,CG2,34.35,6.90,0.0,1.31,1.0,<Residue ILE het=  resseq=185 icode= >,1i3j_A_B,2.2
295,68.885,ILE, ,CD1,34.36,9.13,0.0,1.41,1.0,<Residue ILE het=  resseq=185 icode= >,1i3j_A_B,2.2
296,0.0,THR, ,N,34.31,6.46,0.0,2.64,1.0,<Residue THR het=  resseq=186 icode= >,1i3j_A_B,2.2
297,0.027,THR, ,CA,31.62,5.34,0.0,2.37,1.0,<Residue THR het=  resseq=186 icode= >,1i3j_A_B,2.2
298,0.0,THR, ,C,30.58,5.75,0.0,4.02,1.0,<Residue THR het=  resseq=186 icode= >,1i3j_A_B,2.2
299,0.0,THR, ,O,28.97,5.16,0.0,3.85,1.0,<Residue THR het=  resseq=186 icode= >,1i3j_A_B,2.2
300,0.0,THR, ,CB,33.2,4.69,0.0,2.67,1.0,<Residue THR het=  resseq=186 icode= >,1i3j_A_B,2.2
301,21.332,THR, ,OG1,31.01,4.38,11.064,2.50,1.0,<Residue THR het=  resseq=186 icode= >,1i3j_A_B,2.2
302,20.573,THR, ,CG2,29.32,3.79,20.573,2.07,1.0,<Residue THR het=  resseq=186 icode= >,1i3j_A_B,2.2
303,0.0,LYS, ,N,31.02,5.63,0.0,3.31,1.0,<Residue LYS het=  resseq=187 icode= >,1i3j_A_B,2.2
304,1.224,LYS, ,CA,30.19,4.27,1.224,3.10,1.0,<Residue LYS het=  resseq=187 icode= >,1i3j_A_B,2.2
305,1.122,LYS, ,C,31.68,4.41,0.0,4.12,1.0,<Residue LYS het=  resseq=187 icode= >,1i3j_A_B,2.2
306,4.473,LYS, ,O,25.8,3.70,4.088,3.60,1.0,<Residue LYS het=  resseq=187 icode= >,1i3j_A_B,2.2
307,16.118,LYS, ,CB,27.05,4.15,7.375,3.22,1.0,<Residue LYS het=  resseq=187 icode= >,1i3j_A_B,2.2
308,9.653,LYS, ,CG,27.4,3.54,9.653,2.85,1.0,<Residue LYS het=  resseq=187 icode= >,1i3j_A_B,2.2
309,19.765,LYS, ,CD,31.97,3.49,12.227,2.15,1.0,<Residue LYS het=  resseq=187 icode= >,1i3j_A_B,2.2
310,22.053,LYS, ,CE,31.59,4.17,19.142,2.50,1.0,<Residue LYS het=  resseq=187 icode= >,1i3j_A_B,2.2
311,39.917,LYS, ,NZ,32.49,4.58,0.734,2.32,1.0,<Residue LYS het=  resseq=187 icode= >,1i3j_A_B,2.2
312,0.322,SER, ,N,33.46,5.67,0.0,2.98,1.0,<Residue SER het=  resseq=188 icode= >,1i3j_A_B,2.2
313,2.305,SER, ,CA,36.07,6.27,0.0,2.73,1.0,<Residue SER het=  resseq=188 icode= >,1i3j_A_B,2.2
314,0.645,SER, ,C,34.2,6.45,0.0,4.18,1.0,<Residue SER het=  resseq=188 icode= >,1i3j_A_B,2.2
315,0.0,SER, ,O,36.15,6.43,0.0,2.78,1.0,<Residue SER het=  resseq=188 icode= >,1i3j_A_B,2.2
316,23.144,SER, ,CB,39.56,7.71,0.0,1.64,1.0,<Residue SER het=  resseq=188 icode= >,1i3j_A_B,2.2
317,38.49,SER, ,OG,45.79,7.59,0.0,1.07,1.0,<Residue SER het=  resseq=188 icode= >,1i3j_A_B,2.2
318,0.058,LYS, ,N,34.76,6.98,0.0,3.36,1.0,<Residue LYS het=  resseq=189 icode= >,1i3j_A_B,2.2
319,6.023,LYS, ,CA,36.39,6.28,0.0,3.12,1.0,<Residue LYS het=  resseq=189 icode= >,1i3j_A_B,2.2
320,0.653,LYS, ,C,36.82,5.74,0.653,3.22,1.0,<Residue LYS het=  resseq=189 icode= >,1i3j_A_B,2.2
321,0.88,LYS, ,O,39.31,5.36,0.0,2.03,1.0,<Residue LYS het=  resseq=189 icode= >,1i3j_A_B,2.2
322,12.699,LYS, ,CB,38.54,5.19,9.03,1.76,1.0,<Residue LYS het=  resseq=189 icode= >,1i3j_A_B,2.2
323,16.813,LYS, ,CG,43.49,5.98,0.0,0.96,1.0,<Residue LYS het=  resseq=189 icode= >,1i3j_A_B,2.2
324,22.849,LYS, ,CD,42.68,5.37,11.486,1.63,1.0,<Residue LYS het=  resseq=189 icode= >,1i3j_A_B,2.2
325,24.972,LYS, ,CE,43.78,5.67,0.0,1.24,1.0,<Residue LYS het=  resseq=189 icode= >,1i3j_A_B,2.2
326,46.279,LYS, ,NZ,45.72,4.65,8.62,0.83,1.0,<Residue LYS het=  resseq=189 icode= >,1i3j_A_B,2.2
327,0.0,ILE, ,N,35.76,5.58,0.0,2.85,1.0,<Residue ILE het=  resseq=190 icode= >,1i3j_A_B,2.2
328,3.172,ILE, ,CA,33.05,4.73,3.172,3.13,1.0,<Residue ILE het=  resseq=190 icode= >,1i3j_A_B,2.2
329,0.0,ILE, ,C,35.31,4.25,0.0,3.80,1.0,<Residue ILE het=  resseq=190 icode= >,1i3j_A_B,2.2
330,0.0,ILE, ,O,33.2,4.49,0.0,3.14,1.0,<Residue ILE het=  resseq=190 icode= >,1i3j_A_B,2.2
331,1.647,ILE, ,CB,32.73,3.84,1.647,2.57,1.0,<Residue ILE het=  resseq=190 icode= >,1i3j_A_B,2.2
332,16.38,ILE, ,CG1,28.72,3.88,16.38,2.06,1.0,<Residue ILE het=  resseq=190 icode= >,1i3j_A_B,2.2
333,37.824,ILE, ,CG2,30.34,3.16,37.824,1.86,1.0,<Residue ILE het=  resseq=190 icode= >,1i3j_A_B,2.2
334,26.943,ILE, ,CD1,29.26,3.80,26.943,2.06,1.0,<Residue ILE het=  resseq=190 icode= >,1i3j_A_B,2.2
335,0.207,SER, ,N,35.14,3.84,0.207,3.47,1.0,<Residue SER het=  resseq=191 icode= >,1i3j_A_B,2.2
336,9.004,SER, ,CA,39.88,3.34,9.004,3.23,1.0,<Residue SER het=  resseq=191 icode= >,1i3j_A_B,2.2
337,0.0,SER, ,C,43.0,4.20,0.0,2.90,1.0,<Residue SER het=  resseq=191 icode= >,1i3j_A_B,2.2
338,1.204,SER, ,O,43.14,3.47,1.204,2.02,1.0,<Residue SER het=  resseq=191 icode= >,1i3j_A_B,2.2
339,22.028,SER, ,CB,40.32,3.25,12.579,2.60,1.0,<Residue SER het=  resseq=191 icode= >,1i3j_A_B,2.2
340,14.681,SER, ,OG,41.78,2.63,10.175,2.46,1.0,<Residue SER het=  resseq=191 icode= >,1i3j_A_B,2.2
341,0.0,GLU, ,N,45.48,5.51,0.0,2.45,1.0,<Residue GLU het=  resseq=192 icode= >,1i3j_A_B,2.2
342,0.0,GLU, ,CA,47.11,6.23,0.0,2.22,1.0,<Residue GLU het=  resseq=192 icode= >,1i3j_A_B,2.2
343,1.01,GLU, ,C,46.87,6.42,0.0,2.80,1.0,<Residue GLU het=  resseq=192 icode= >,1i3j_A_B,2.2
344,15.078,GLU, ,O,49.41,6.68,0.0,1.54,1.0,<Residue GLU het=  resseq=192 icode= >,1i3j_A_B,2.2
345,18.27,GLU, ,CB,47.69,7.68,0.0,1.82,1.0,<Residue GLU het=  resseq=192 icode= >,1i3j_A_B,2.2
346,22.477,GLU, ,CG,52.39,7.48,0.0,0.72,1.0,<Residue GLU het=  resseq=192 icode= >,1i3j_A_B,2.2
347,7.745,GLU, ,CD,54.9,7.08,0.0,1.78,1.0,<Residue GLU het=  resseq=192 icode= >,1i3j_A_B,2.2
348,28.512,GLU, ,OE1,56.3,7.85,0.0,1.19,1.0,<Residue GLU het=  resseq=192 icode= >,1i3j_A_B,2.2
349,14.926,GLU, ,OE2,57.42,6.26,0.0,1.36,1.0,<Residue GLU het=  resseq=192 icode= >,1i3j_A_B,2.2
350,0.0,LYS, ,N,46.02,6.49,0.0,2.60,1.0,<Residue LYS het=  resseq=193 icode= >,1i3j_A_B,2.2
351,7.024,LYS, ,CA,44.68,5.73,0.0,2.55,1.0,<Residue LYS het=  resseq=193 icode= >,1i3j_A_B,2.2
352,0.192,LYS, ,C,42.68,6.00,0.0,2.97,1.0,<Residue LYS het=  resseq=193 icode= >,1i3j_A_B,2.2
353,4.966,LYS, ,O,41.91,5.93,0.0,2.08,1.0,<Residue LYS het=  resseq=193 icode= >,1i3j_A_B,2.2
354,7.545,LYS, ,CB,47.72,4.30,6.146,1.78,1.0,<Residue LYS het=  resseq=193 icode= >,1i3j_A_B,2.2
355,14.755,LYS, ,CG,52.72,4.57,0.0,0.79,1.0,<Residue LYS het=  resseq=193 icode= >,1i3j_A_B,2.2
356,31.063,LYS, ,CD,55.88,3.50,26.224,1.04,1.0,<Residue LYS het=  resseq=193 icode= >,1i3j_A_B,2.2
357,44.424,LYS, ,CE,58.36,3.43,20.774,1.04,1.0,<Residue LYS het=  resseq=193 icode= >,1i3j_A_B,2.2
358,45.843,LYS, ,NZ,62.14,4.60,0.0,0.30,1.0,<Residue LYS het=  resseq=193 icode= >,1i3j_A_B,2.2
359,0.0,MET, ,N,39.22,5.09,0.0,2.75,1.0,<Residue MET het=  resseq=194 icode= >,1i3j_A_B,2.2
360,0.0,MET, ,CA,38.01,4.20,0.0,2.55,1.0,<Residue MET het=  resseq=194 icode= >,1i3j_A_B,2.2
361,0.946,MET, ,C,37.8,3.53,0.946,3.50,1.0,<Residue MET het=  resseq=194 icode= >,1i3j_A_B,2.2
362,4.132,MET, ,O,34.47,3.61,4.132,3.07,1.0,<Residue MET het=  resseq=194 icode= >,1i3j_A_B,2.2
363,12.692,MET, ,CB,36.71,3.30,12.692,3.03,1.0,<Residue MET het=  resseq=194 icode= >,1i3j_A_B,2.2
364,12.231,MET, ,CG,36.93,3.33,12.202,2.81,1.0,<Residue MET het=  resseq=194 icode= >,1i3j_A_B,2.2
365,24.8,MET, ,SD,41.2,3.94,24.371,4.65,1.0,<Residue MET het=  resseq=194 icode= >,1i3j_A_B,2.2
366,50.529,MET, ,CE,37.28,3.59,43.939,1.40,1.0,<Residue MET het=  resseq=194 icode= >,1i3j_A_B,2.2
367,0.234,LYS, ,N,38.1,3.58,0.234,2.77,1.0,<Residue LYS het=  resseq=195 icode= >,1i3j_A_B,2.2
368,6.812,LYS, ,CA,41.36,3.56,6.812,2.47,1.0,<Residue LYS het=  resseq=195 icode= >,1i3j_A_B,2.2
369,1.196,LYS, ,C,41.77,3.75,0.0,2.81,1.0,<Residue LYS het=  resseq=195 icode= >,1i3j_A_B,2.2
370,18.287,LYS, ,O,40.9,4.89,0.0,1.99,1.0,<Residue LYS het=  resseq=195 icode= >,1i3j_A_B,2.2
371,14.687,LYS, ,CB,44.34,4.44,0.882,1.74,1.0,<Residue LYS het=  resseq=195 icode= >,1i3j_A_B,2.2
372,17.743,LYS, ,CG,48.25,4.19,12.705,0.86,1.0,<Residue LYS het=  resseq=195 icode= >,1i3j_A_B,2.2
373,16.289,LYS, ,CD,51.29,5.24,0.0,0.84,1.0,<Residue LYS het=  resseq=195 icode= >,1i3j_A_B,2.2
374,29.05,LYS, ,CE,54.96,4.42,4.556,0.74,1.0,<Residue LYS het=  resseq=195 icode= >,1i3j_A_B,2.2
375,33.077,LYS, ,NZ,55.47,5.40,0.0,0.71,1.0,<Residue LYS het=  resseq=195 icode= >,1i3j_A_B,2.2
376,14.051,GLY, ,N,41.91,2.76,13.093,2.09,1.0,<Residue GLY het=  resseq=196 icode= >,1i3j_A_B,2.2
377,40.348,GLY, ,CA,44.04,3.48,7.933,1.60,1.0,<Residue GLY het=  resseq=196 icode= >,1i3j_A_B,2.2
378,4.729,GLY, ,C,44.11,4.47,0.682,3.21,1.0,<Residue GLY het=  resseq=196 icode= >,1i3j_A_B,2.2
379,27.034,GLY, ,O,45.27,5.40,0.0,1.73,1.0,<Residue GLY het=  resseq=196 icode= >,1i3j_A_B,2.2
380,0.363,LYS, ,N,44.12,4.70,0.363,2.86,1.0,<Residue LYS het=  resseq=197 icode= >,1i3j_A_B,2.2
381,4.149,LYS, ,CA,45.47,5.40,0.0,2.90,1.0,<Residue LYS het=  resseq=197 icode= >,1i3j_A_B,2.2
382,0.503,LYS, ,C,43.49,4.34,0.424,3.88,1.0,<Residue LYS het=  resseq=197 icode= >,1i3j_A_B,2.2
383,18.577,LYS, ,O,42.87,3.25,18.13,2.63,1.0,<Residue LYS het=  resseq=197 icode= >,1i3j_A_B,2.2
384,5.265,LYS, ,CB,47.25,6.08,0.0,2.23,1.0,<Residue LYS het=  resseq=197 icode= >,1i3j_A_B,2.2
385,17.352,LYS, ,CG,54.61,6.81,0.0,0.72,1.0,<Residue LYS het=  resseq=197 icode= >,1i3j_A_B,2.2
386,14.25,LYS, ,CD,56.8,5.41,4.648,0.56,1.0,<Residue LYS het=  resseq=197 icode= >,1i3j_A_B,2.2
387,31.759,LYS, ,CE,57.57,5.46,0.381,1.24,1.0,<Residue LYS het=  resseq=197 icode= >,1i3j_A_B,2.2
388,30.197,LYS, ,NZ,61.97,4.46,21.35,0.23,1.0,<Residue LYS het=  resseq=197 icode= >,1i3j_A_B,2.2
389,6.015,LYS, ,N,43.37,4.96,0.0,2.56,1.0,<Residue LYS het=  resseq=198 icode= >,1i3j_A_B,2.2
390,0.0,LYS, ,CA,42.49,4.62,0.0,2.09,1.0,<Residue LYS het=  resseq=198 icode= >,1i3j_A_B,2.2
391,0.704,LYS, ,C,39.84,5.22,0.0,4.00,1.0,<Residue LYS het=  resseq=198 icode= >,1i3j_A_B,2.2
392,22.445,LYS, ,O,38.62,6.25,0.0,2.53,1.0,<Residue LYS het=  resseq=198 icode= >,1i3j_A_B,2.2
393,9.66,LYS, ,CB,44.35,4.90,0.0,1.76,1.0,<Residue LYS het=  resseq=198 icode= >,1i3j_A_B,2.2
394,16.681,LYS, ,CG,47.99,3.80,10.484,1.32,1.0,<Residue LYS het=  resseq=198 icode= >,1i3j_A_B,2.2
395,13.614,LYS, ,CD,51.28,4.02,0.0,0.88,1.0,<Residue LYS het=  resseq=198 icode= >,1i3j_A_B,2.2
396,21.971,LYS, ,CE,51.18,3.44,2.501,1.22,1.0,<Residue LYS het=  resseq=198 icode= >,1i3j_A_B,2.2
397,12.558,LYS, ,NZ,54.45,4.54,0.0,0.59,1.0,<Residue LYS het=  resseq=198 icode= >,1i3j_A_B,2.2
398,0.119,PRO, ,N,37.02,4.76,0.0,3.82,1.0,<Residue PRO het=  resseq=199 icode= >,1i3j_A_B,2.2
399,9.833,PRO, ,CA,38.32,4.23,2.158,2.65,1.0,<Residue PRO het=  resseq=199 icode= >,1i3j_A_B,2.2
400,1.301,PRO, ,C,39.42,4.93,0.0,3.27,1.0,<Residue PRO het=  resseq=199 icode= >,1i3j_A_B,2.2
401,1.857,PRO, ,O,40.68,5.42,0.0,2.30,1.0,<Residue PRO het=  resseq=199 icode= >,1i3j_A_B,2.2
402,27.795,PRO, ,CB,34.94,3.42,27.547,2.32,1.0,<Residue PRO het=  resseq=199 icode= >,1i3j_A_B,2.2
403,19.791,PRO, ,CG,37.55,2.87,19.791,2.31,1.0,<Residue PRO het=  resseq=199 icode= >,1i3j_A_B,2.2
404,20.365,PRO, ,CD,37.82,3.54,20.274,2.01,1.0,<Residue PRO het=  resseq=199 icode= >,1i3j_A_B,2.2
405,5.765,SER, ,N,39.16,4.51,3.608,2.67,1.0,<Residue SER het=  resseq=200 icode= >,1i3j_A_B,2.2
406,10.504,SER, ,CA,41.57,4.83,0.0,2.10,1.0,<Residue SER het=  resseq=200 icode= >,1i3j_A_B,2.2
407,0.587,SER, ,C,40.31,4.81,0.145,3.40,1.0,<Residue SER het=  resseq=200 icode= >,1i3j_A_B,2.2
408,23.498,SER, ,O,41.44,5.51,0.0,2.28,1.0,<Residue SER het=  resseq=200 icode= >,1i3j_A_B,2.2
409,46.828,SER, ,CB,40.83,3.64,20.161,1.83,1.0,<Residue SER het=  resseq=200 icode= >,1i3j_A_B,2.2
410,32.148,SER, ,OG,42.05,2.87,31.812,1.96,1.0,<Residue SER het=  resseq=200 icode= >,1i3j_A_B,2.2
411,0.0,ASN, ,N,38.2,4.34,0.0,3.38,1.0,<Residue ASN het=  resseq=201 icode= >,1i3j_A_B,2.2
412,9.248,ASN, ,CA,37.18,4.95,0.258,2.48,1.0,<Residue ASN het=  resseq=201 icode= >,1i3j_A_B,2.2
413,1.382,ASN, ,C,36.92,4.48,0.304,3.75,1.0,<Residue ASN het=  resseq=201 icode= >,1i3j_A_B,2.2
414,13.519,ASN, ,O,37.73,3.41,9.903,2.99,1.0,<Residue ASN het=  resseq=201 icode= >,1i3j_A_B,2.2
415,32.053,ASN, ,CB,36.35,4.36,13.654,2.32,1.0,<Residue ASN het=  resseq=201 icode= >,1i3j_A_B,2.2
416,5.303,ASN, ,CG,37.59,3.71,5.303,3.35,1.0,<Residue ASN het=  resseq=201 icode= >,1i3j_A_B,2.2
417,6.373,ASN, ,OD1,34.26,3.13,6.373,2.55,1.0,<Residue ASN het=  resseq=201 icode= >,1i3j_A_B,2.2
418,53.749,ASN, ,ND2,36.9,2.60,48.441,2.09,1.0,<Residue ASN het=  resseq=201 icode= >,1i3j_A_B,2.2
419,0.0,ILE, ,N,36.52,4.26,0.0,2.97,1.0,<Residue ILE het=  resseq=202 icode= >,1i3j_A_B,2.2
420,5.431,ILE, ,CA,34.81,3.44,5.431,2.91,1.0,<Residue ILE het=  resseq=202 icode= >,1i3j_A_B,2.2
421,0.0,ILE, ,C,36.89,3.56,0.0,3.25,1.0,<Residue ILE het=  resseq=202 icode= >,1i3j_A_B,2.2
422,16.941,ILE, ,O,37.46,4.76,0.0,2.56,1.0,<Residue ILE het=  resseq=202 icode= >,1i3j_A_B,2.2
423,0.0,ILE, ,CB,33.82,3.86,0.0,2.44,1.0,<Residue ILE het=  resseq=202 icode= >,1i3j_A_B,2.2
424,9.05,ILE, ,CG1,31.99,5.28,0.0,2.54,1.0,<Residue ILE het=  resseq=202 icode= >,1i3j_A_B,2.2
425,8.905,ILE, ,CG2,30.29,3.47,8.905,2.09,1.0,<Residue ILE het=  resseq=202 icode= >,1i3j_A_B,2.2
426,33.837,ILE, ,CD1,29.0,6.14,0.0,1.65,1.0,<Residue ILE het=  resseq=202 icode= >,1i3j_A_B,2.2
427,3.115,LYS, ,N,33.19,2.75,3.115,2.82,1.0,<Residue LYS het=  resseq=203 icode= >,1i3j_A_B,2.2
428,3.567,LYS, ,CA,32.81,3.73,0.0,3.21,1.0,<Residue LYS het=  resseq=203 icode= >,1i3j_A_B,2.2
429,0.0,LYS, ,C,32.86,4.13,0.0,3.71,1.0,<Residue LYS het=  resseq=203 icode= >,1i3j_A_B,2.2
430,0.0,LYS, ,O,28.1,3.69,0.0,3.19,1.0,<Residue LYS het=  resseq=203 icode= >,1i3j_A_B,2.2
431,3.191,LYS, ,CB,34.56,3.93,1.835,2.24,1.0,<Residue LYS het=  resseq=203 icode= >,1i3j_A_B,2.2
432,15.582,LYS, ,CG,36.82,4.22,2.896,1.95,1.0,<Residue LYS het=  resseq=203 icode= >,1i3j_A_B,2.2
433,6.771,LYS, ,CD,37.78,3.82,5.83,1.81,1.0,<Residue LYS het=  resseq=203 icode= >,1i3j_A_B,2.2
434,45.869,LYS, ,CE,36.71,3.75,8.949,2.14,1.0,<Residue LYS het=  resseq=203 icode= >,1i3j_A_B,2.2
435,35.103,LYS, ,NZ,35.15,2.66,16.796,1.80,1.0,<Residue LYS het=  resseq=203 icode= >,1i3j_A_B,2.2
436,6.413,LYS, ,N,32.56,5.38,0.0,2.85,1.0,<Residue LYS het=  resseq=204 icode= >,1i3j_A_B,2.2
437,0.0,LYS, ,CA,33.67,6.20,0.0,2.48,1.0,<Residue LYS het=  resseq=204 icode= >,1i3j_A_B,2.2
438,0.0,LYS, ,C,29.63,6.51,0.0,4.42,1.0,<Residue LYS het=  resseq=204 icode= >,1i3j_A_B,2.2
439,0.204,LYS, ,O,26.42,6.74,0.0,3.71,1.0,<Residue LYS het=  resseq=204 icode= >,1i3j_A_B,2.2
440,3.015,LYS, ,CB,36.54,7.61,0.0,2.42,1.0,<Residue LYS het=  resseq=204 icode= >,1i3j_A_B,2.2
441,7.782,LYS, ,CG,41.99,7.99,0.0,2.08,1.0,<Residue LYS het=  resseq=204 icode= >,1i3j_A_B,2.2
442,18.248,LYS, ,CD,46.88,9.47,0.0,1.53,1.0,<Residue LYS het=  resseq=204 icode= >,1i3j_A_B,2.2
443,42.2,LYS, ,CE,50.96,10.07,0.0,0.97,1.0,<Residue LYS het=  resseq=204 icode= >,1i3j_A_B,2.2
444,47.131,LYS, ,NZ,54.95,11.43,0.0,0.29,1.0,<Residue LYS het=  resseq=204 icode= >,1i3j_A_B,2.2
445,0.072,ILE, ,N,28.06,6.90,0.0,3.93,1.0,<Residue ILE het=  resseq=205 icode= >,1i3j_A_B,2.2
446,0.0,ILE, ,CA,24.99,7.57,0.0,3.50,1.0,<Residue ILE het=  resseq=205 icode= >,1i3j_A_B,2.2
447,0.0,ILE, ,C,27.22,8.89,0.0,3.78,1.0,<Residue ILE het=  resseq=205 icode= >,1i3j_A_B,2.2
448,0.268,ILE, ,O,27.36,9.15,0.0,2.90,1.0,<Residue ILE het=  resseq=205 icode= >,1i3j_A_B,2.2
449,0.0,ILE, ,CB,25.84,6.83,0.0,3.33,1.0,<Residue ILE het=  resseq=205 icode= >,1i3j_A_B,2.2
450,0.0,ILE, ,CG1,24.45,7.88,0.0,2.59,1.0,<Residue ILE het=  resseq=205 icode= >,1i3j_A_B,2.2
451,0.0,ILE, ,CG2,19.76,6.69,0.0,2.69,1.0,<Residue ILE het=  resseq=205 icode= >,1i3j_A_B,2.2
452,0.0,ILE, ,CD1,24.05,7.16,0.0,2.73,1.0,<Residue ILE het=  resseq=205 icode= >,1i3j_A_B,2.2
453,0.0,SER, ,N,27.6,9.89,0.0,3.33,1.0,<Residue SER het=  resseq=206 icode= >,1i3j_A_B,2.2
454,0.0,SER, ,CA,26.59,11.20,0.0,2.77,1.0,<Residue SER het=  resseq=206 icode= >,1i3j_A_B,2.2
455,0.0,SER, ,C,27.58,11.61,0.0,4.47,1.0,<Residue SER het=  resseq=206 icode= >,1i3j_A_B,2.2
456,0.0,SER, ,O,26.97,11.39,0.0,3.75,1.0,<Residue SER het=  resseq=206 icode= >,1i3j_A_B,2.2
457,1.953,SER, ,CB,29.17,12.32,0.0,2.43,1.0,<Residue SER het=  resseq=206 icode= >,1i3j_A_B,2.2
458,2.907,SER, ,OG,24.8,13.58,0.0,3.67,1.0,<Residue SER het=  resseq=206 icode= >,1i3j_A_B,2.2
459,0.0,CYS, ,N,27.4,11.95,0.0,3.16,1.0,<Residue CYS het=  resseq=207 icode= >,1i3j_A_B,2.2
460,0.0,CYS, ,CA,27.61,12.51,0.0,3.00,1.0,<Residue CYS het=  resseq=207 icode= >,1i3j_A_B,2.2
461,0.0,CYS, ,C,27.51,13.91,0.0,4.19,1.0,<Residue CYS het=  resseq=207 icode= >,1i3j_A_B,2.2
462,4.108,CYS, ,O,27.52,14.30,0.0,3.09,1.0,<Residue CYS het=  resseq=207 icode= >,1i3j_A_B,2.2
463,0.0,CYS, ,CB,23.81,12.40,0.0,2.77,1.0,<Residue CYS het=  resseq=207 icode= >,1i3j_A_B,2.2
464,0.0,CYS, ,SG,24.98,10.72,0.0,7.88,1.0,<Residue CYS het=  resseq=207 icode= >,1i3j_A_B,2.2
465,0.0,ASP, ,N,29.77,14.08,0.0,3.08,1.0,<Residue ASP het=  resseq=208 icode= >,1i3j_A_B,2.2
466,0.0,ASP, ,CA,30.5,14.99,0.0,2.93,1.0,<Residue ASP het=  resseq=208 icode= >,1i3j_A_B,2.2
467,2.448,ASP, ,C,29.18,16.16,0.0,4.07,1.0,<Residue ASP het=  resseq=208 icode= >,1i3j_A_B,2.2
468,17.855,ASP, ,O,29.42,16.44,0.0,2.78,1.0,<Residue ASP het=  resseq=208 icode= >,1i3j_A_B,2.2
469,12.274,ASP, ,CB,32.71,14.04,0.0,2.00,1.0,<Residue ASP het=  resseq=208 icode= >,1i3j_A_B,2.2
470,4.847,ASP, ,CG,36.52,14.77,0.0,2.95,1.0,<Residue ASP het=  resseq=208 icode= >,1i3j_A_B,2.2
471,40.939,ASP, ,OD1,36.75,14.57,0.0,2.51,1.0,<Residue ASP het=  resseq=208 icode= >,1i3j_A_B,2.2
472,15.304,ASP, ,OD2,35.83,15.66,0.0,2.28,1.0,<Residue ASP het=  resseq=208 icode= >,1i3j_A_B,2.2
473,1.349,GLY, ,N,28.7,15.83,0.0,3.32,1.0,<Residue GLY het=  resseq=209 icode= >,1i3j_A_B,2.2
474,30.709,GLY, ,CA,30.56,16.44,0.0,2.47,1.0,<Residue GLY het=  resseq=209 icode= >,1i3j_A_B,2.2
475,2.51,GLY, ,C,30.77,15.77,0.0,3.84,1.0,<Residue GLY het=  resseq=209 icode= >,1i3j_A_B,2.2
476,22.691,GLY, ,O,31.32,16.01,0.0,2.62,1.0,<Residue GLY het=  resseq=209 icode= >,1i3j_A_B,2.2
477,0.0,VAL, ,N,30.76,15.12,0.0,2.77,1.0,<Residue VAL het=  resseq=210 icode= >,1i3j_A_B,2.2
478,3.768,VAL, ,CA,30.46,14.59,0.0,2.98,1.0,<Residue VAL het=  resseq=210 icode= >,1i3j_A_B,2.2
479,0.0,VAL, ,C,30.87,13.12,0.0,4.19,1.0,<Residue VAL het=  resseq=210 icode= >,1i3j_A_B,2.2
480,0.0,VAL, ,O,29.41,12.29,0.0,3.42,1.0,<Residue VAL het=  resseq=210 icode= >,1i3j_A_B,2.2
481,0.0,VAL, ,CB,31.43,14.84,0.0,3.19,1.0,<Residue VAL het=  resseq=210 icode= >,1i3j_A_B,2.2
482,27.071,VAL, ,CG1,30.82,14.61,0.0,1.77,1.0,<Residue VAL het=  resseq=210 icode= >,1i3j_A_B,2.2
483,51.171,VAL, ,CG2,34.23,16.32,0.0,1.59,1.0,<Residue VAL het=  resseq=210 icode= >,1i3j_A_B,2.2
484,1.88,ILE, ,N,32.15,12.91,0.0,3.09,1.0,<Residue ILE het=  resseq=211 icode= >,1i3j_A_B,2.2
485,0.0,ILE, ,CA,32.58,11.66,0.0,2.33,1.0,<Residue ILE het=  resseq=211 icode= >,1i3j_A_B,2.2
486,0.0,ILE, ,C,32.25,10.88,0.0,3.44,1.0,<Residue ILE het=  resseq=211 icode= >,1i3j_A_B,2.2
487,14.514,ILE, ,O,31.02,11.55,0.0,3.13,1.0,<Residue ILE het=  resseq=211 icode= >,1i3j_A_B,2.2
488,4.216,ILE, ,CB,34.67,12.08,0.0,2.31,1.0,<Residue ILE het=  resseq=211 icode= >,1i3j_A_B,2.2
489,18.774,ILE, ,CG1,36.89,12.89,0.0,1.59,1.0,<Residue ILE het=  resseq=211 icode= >,1i3j_A_B,2.2
490,19.356,ILE, ,CG2,30.92,13.07,0.0,2.17,1.0,<Residue ILE het=  resseq=211 icode= >,1i3j_A_B,2.2
491,69.135,ILE, ,CD1,41.7,13.59,0.0,0.86,1.0,<Residue ILE het=  resseq=211 icode= >,1i3j_A_B,2.2
492,0.0,PHE, ,N,27.67,9.56,0.0,3.42,1.0,<Residue PHE het=  resseq=212 icode= >,1i3j_A_B,2.2
493,5.189,PHE, ,CA,27.23,8.73,0.0,3.17,1.0,<Residue PHE het=  resseq=212 icode= >,1i3j_A_B,2.2
494,2.342,PHE, ,C,27.42,7.79,0.0,3.67,1.0,<Residue PHE het=  resseq=212 icode= >,1i3j_A_B,2.2
495,1.701,PHE, ,O,29.16,7.45,0.0,3.00,1.0,<Residue PHE het=  resseq=212 icode= >,1i3j_A_B,2.2
496,0.0,PHE, ,CB,23.24,8.13,0.0,2.87,1.0,<Residue PHE het=  resseq=212 icode= >,1i3j_A_B,2.2
497,0.0,PHE, ,CG,20.1,9.31,0.0,3.81,1.0,<Residue PHE het=  resseq=212 icode= >,1i3j_A_B,2.2
498,0.0,PHE, ,CD1,20.74,9.97,0.0,2.75,1.0,<Residue PHE het=  resseq=212 icode= >,1i3j_A_B,2.2
499,7.375,PHE, ,CD2,21.64,9.86,0.0,3.56,1.0,<Residue PHE het=  resseq=212 icode= >,1i3j_A_B,2.2
500,0.0,PHE, ,CE1,20.59,11.13,0.0,2.81,1.0,<Residue PHE het=  resseq=212 icode= >,1i3j_A_B,2.2
501,14.936,PHE, ,CE2,22.2,10.92,0.0,2.90,1.0,<Residue PHE het=  resseq=212 icode= >,1i3j_A_B,2.2
502,0.813,PHE, ,CZ,23.99,11.52,0.0,2.89,1.0,<Residue PHE het=  resseq=212 icode= >,1i3j_A_B,2.2
503,1.676,ASP, ,N,27.3,7.66,0.0,3.39,1.0,<Residue ASP het=  resseq=213 icode= >,1i3j_A_B,2.2
504,0.071,ASP, ,CA,27.86,7.07,0.0,2.74,1.0,<Residue ASP het=  resseq=213 icode= >,1i3j_A_B,2.2
505,0.0,ASP, ,C,27.61,5.55,0.0,3.79,1.0,<Residue ASP het=  resseq=213 icode= >,1i3j_A_B,2.2
506,0.207,ASP, ,O,26.28,5.13,0.0,3.72,1.0,<Residue ASP het=  resseq=213 icode= >,1i3j_A_B,2.2
507,7.507,ASP, ,CB,32.09,7.70,0.0,1.83,1.0,<Residue ASP het=  resseq=213 icode= >,1i3j_A_B,2.2
508,12.525,ASP, ,CG,36.71,8.96,0.0,2.90,1.0,<Residue ASP het=  resseq=213 icode= >,1i3j_A_B,2.2
509,28.878,ASP, ,OD1,37.5,9.75,0.0,2.63,1.0,<Residue ASP het=  resseq=213 icode= >,1i3j_A_B,2.2
510,35.126,ASP, ,OD2,40.69,8.78,0.0,2.33,1.0,<Residue ASP het=  resseq=213 icode= >,1i3j_A_B,2.2
511,0.0,CYS, ,N,24.94,4.98,0.0,3.48,1.0,<Residue CYS het=  resseq=214 icode= >,1i3j_A_B,2.2
512,0.0,CYS, ,CA,26.51,3.57,0.0,2.93,1.0,<Residue CYS het=  resseq=214 icode= >,1i3j_A_B,2.2
513,0.0,CYS, ,C,24.6,3.80,0.0,4.79,1.0,<Residue CYS het=  resseq=214 icode= >,1i3j_A_B,2.2
514,0.0,CYS, ,O,24.95,5.00,0.0,4.37,1.0,<Residue CYS het=  resseq=214 icode= >,1i3j_A_B,2.2
515,3.391,CYS, ,CB,23.85,3.27,3.391,2.73,1.0,<Residue CYS het=  resseq=214 icode= >,1i3j_A_B,2.2
516,2.872,CYS, ,SG,28.43,3.92,2.872,7.08,1.0,<Residue CYS het=  resseq=214 icode= >,1i3j_A_B,2.2
517,1.084,ALA, ,N,21.79,3.05,1.084,4.36,1.0,<Residue ALA het=  resseq=215 icode= >,1i3j_A_B,2.2
518,0.0,ALA, ,CA,22.71,3.55,0.0,3.15,1.0,<Residue ALA het=  resseq=215 icode= >,1i3j_A_B,2.2
519,0.0,ALA, ,C,20.42,3.56,0.0,4.80,1.0,<Residue ALA het=  resseq=215 icode= >,1i3j_A_B,2.2
520,0.0,ALA, ,O,23.18,4.67,0.0,3.73,1.0,<Residue ALA het=  resseq=215 icode= >,1i3j_A_B,2.2
521,20.102,ALA, ,CB,18.95,3.31,18.608,2.14,1.0,<Residue ALA het=  resseq=215 icode= >,1i3j_A_B,2.2
522,2.497,ALA, ,N,18.42,2.84,2.497,4.50,1.0,<Residue ALA het=  resseq=216 icode= >,1i3j_A_B,2.2
523,0.0,ALA, ,CA,21.38,3.74,0.0,3.32,1.0,<Residue ALA het=  resseq=216 icode= >,1i3j_A_B,2.2
524,0.0,ALA, ,C,22.11,5.10,0.0,4.24,1.0,<Residue ALA het=  resseq=216 icode= >,1i3j_A_B,2.2
525,0.216,ALA, ,O,21.83,5.99,0.0,4.26,1.0,<Residue ALA het=  resseq=216 icode= >,1i3j_A_B,2.2
526,31.383,ALA, ,CB,18.52,3.52,24.227,2.35,1.0,<Residue ALA het=  resseq=216 icode= >,1i3j_A_B,2.2
527,0.0,ASP, ,N,21.3,5.25,0.0,3.98,1.0,<Residue ASP het=  resseq=217 icode= >,1i3j_A_B,2.2
528,1.064,ASP, ,CA,23.34,5.98,0.0,3.15,1.0,<Residue ASP het=  resseq=217 icode= >,1i3j_A_B,2.2
529,0.0,ASP, ,C,22.63,7.43,0.0,4.58,1.0,<Residue ASP het=  resseq=217 icode= >,1i3j_A_B,2.2
530,2.3,ASP, ,O,23.74,8.21,0.0,3.78,1.0,<Residue ASP het=  resseq=217 icode= >,1i3j_A_B,2.2
531,6.456,ASP, ,CB,25.9,6.22,0.0,2.43,1.0,<Residue ASP het=  resseq=217 icode= >,1i3j_A_B,2.2
532,7.699,ASP, ,CG,28.37,5.29,0.0,3.96,1.0,<Residue ASP het=  resseq=217 icode= >,1i3j_A_B,2.2
533,8.602,ASP, ,OD1,25.24,4.48,0.0,3.36,1.0,<Residue ASP het=  resseq=217 icode= >,1i3j_A_B,2.2
534,7.2,ASP, ,OD2,31.35,5.72,0.0,2.80,1.0,<Residue ASP het=  resseq=217 icode= >,1i3j_A_B,2.2
535,0.0,ALA, ,N,21.43,6.95,0.0,4.05,1.0,<Residue ALA het=  resseq=218 icode= >,1i3j_A_B,2.2
536,0.0,ALA, ,CA,21.17,7.88,0.0,2.98,1.0,<Residue ALA het=  resseq=218 icode= >,1i3j_A_B,2.2
537,0.0,ALA, ,C,21.15,8.19,0.0,4.17,1.0,<Residue ALA het=  resseq=218 icode= >,1i3j_A_B,2.2
538,0.0,ALA, ,O,17.97,9.39,0.0,4.54,1.0,<Residue ALA het=  resseq=218 icode= >,1i3j_A_B,2.2
539,0.0,ALA, ,CB,15.42,7.61,0.0,2.59,1.0,<Residue ALA het=  resseq=218 icode= >,1i3j_A_B,2.2
540,0.0,ALA, ,N,20.54,7.29,0.0,3.52,1.0,<Residue ALA het=  resseq=219 icode= >,1i3j_A_B,2.2
541,0.0,ALA, ,CA,20.66,7.92,0.0,3.46,1.0,<Residue ALA het=  resseq=219 icode= >,1i3j_A_B,2.2
542,0.27,ALA, ,C,18.81,8.44,0.0,5.06,1.0,<Residue ALA het=  resseq=219 icode= >,1i3j_A_B,2.2
543,0.143,ALA, ,O,18.13,7.82,0.0,4.96,1.0,<Residue ALA het=  resseq=219 icode= >,1i3j_A_B,2.2
544,5.944,ALA, ,CB,16.2,7.07,0.0,2.82,1.0,<Residue ALA het=  resseq=219 icode= >,1i3j_A_B,2.2
545,0.006,ARG, ,N,20.25,8.46,0.0,3.94,1.0,<Residue ARG het=  resseq=220 icode= >,1i3j_A_B,2.2
546,5.369,ARG, ,CA,22.52,8.87,0.0,3.29,1.0,<Residue ARG het=  resseq=220 icode= >,1i3j_A_B,2.2
547,1.05,ARG, ,C,24.1,10.16,0.0,4.34,1.0,<Residue ARG het=  resseq=220 icode= >,1i3j_A_B,2.2
548,2.045,ARG, ,O,26.05,10.37,0.0,3.49,1.0,<Residue ARG het=  resseq=220 icode= >,1i3j_A_B,2.2
549,13.699,ARG, ,CB,23.27,7.89,0.0,2.60,1.0,<Residue ARG het=  resseq=220 icode= >,1i3j_A_B,2.2
550,22.971,ARG, ,CG,26.74,6.83,0.0,2.22,1.0,<Residue ARG het=  resseq=220 icode= >,1i3j_A_B,2.2
551,35.13,ARG, ,CD,23.88,6.15,0.0,3.73,1.0,<Residue ARG het=  resseq=220 icode= >,1i3j_A_B,2.2
552,8.13,ARG, ,NE,26.0,5.01,0.0,3.84,1.0,<Residue ARG het=  resseq=220 icode= >,1i3j_A_B,2.2
553,4.433,ARG, ,CZ,27.11,3.87,0.042,3.83,1.0,<Residue ARG het=  resseq=220 icode= >,1i3j_A_B,2.2
554,36.832,ARG, ,NH1,28.58,3.41,9.356,2.13,1.0,<Residue ARG het=  resseq=220 icode= >,1i3j_A_B,2.2
555,10.565,ARG, ,NH2,24.01,2.83,7.384,2.52,1.0,<Residue ARG het=  resseq=220 icode= >,1i3j_A_B,2.2
556,0.471,HIS, ,N,22.71,10.32,0.0,3.75,1.0,<Residue HIS het=  resseq=221 icode= >,1i3j_A_B,2.2
557,5.951,HIS, ,CA,22.72,11.55,0.0,3.77,1.0,<Residue HIS het=  resseq=221 icode= >,1i3j_A_B,2.2
558,0.0,HIS, ,C,21.83,10.61,0.0,4.77,1.0,<Residue HIS het=  resseq=221 icode= >,1i3j_A_B,2.2
559,12.747,HIS, ,O,22.3,10.77,0.0,4.03,1.0,<Residue HIS het=  resseq=221 icode= >,1i3j_A_B,2.2
560,4.973,HIS, ,CB,23.08,11.60,0.0,2.99,1.0,<Residue HIS het=  resseq=221 icode= >,1i3j_A_B,2.2
561,0.0,HIS, ,CG,25.18,12.99,0.0,3.88,1.0,<Residue HIS het=  resseq=221 icode= >,1i3j_A_B,2.2
562,20.685,HIS, ,ND1,23.36,13.57,0.0,4.40,1.0,<Residue HIS het=  resseq=221 icode= >,1i3j_A_B,2.2
563,1.929,HIS, ,CD2,25.5,13.50,0.0,2.98,1.0,<Residue HIS het=  resseq=221 icode= >,1i3j_A_B,2.2
564,42.443,HIS, ,CE1,23.87,14.82,0.0,3.82,1.0,<Residue HIS het=  resseq=221 icode= >,1i3j_A_B,2.2
565,25.384,HIS, ,NE2,25.99,14.38,0.0,3.94,1.0,<Residue HIS het=  resseq=221 icode= >,1i3j_A_B,2.2
566,0.0,PHE, ,N,23.37,9.76,0.0,3.89,1.0,<Residue PHE het=  resseq=222 icode= >,1i3j_A_B,2.2
567,6.072,PHE, ,CA,22.14,8.92,0.0,3.57,1.0,<Residue PHE het=  resseq=222 icode= >,1i3j_A_B,2.2
568,0.447,PHE, ,C,22.84,7.68,0.0,4.71,1.0,<Residue PHE het=  resseq=222 icode= >,1i3j_A_B,2.2
569,17.841,PHE, ,O,25.5,7.17,0.0,3.66,1.0,<Residue PHE het=  resseq=222 icode= >,1i3j_A_B,2.2
570,0.864,PHE, ,CB,21.72,8.61,0.0,2.82,1.0,<Residue PHE het=  resseq=222 icode= >,1i3j_A_B,2.2
571,0.0,PHE, ,CG,19.31,9.77,0.0,3.99,1.0,<Residue PHE het=  resseq=222 icode= >,1i3j_A_B,2.2
572,0.0,PHE, ,CD1,21.97,10.66,0.0,2.84,1.0,<Residue PHE het=  resseq=222 icode= >,1i3j_A_B,2.2
573,15.994,PHE, ,CD2,22.64,9.36,0.0,3.53,1.0,<Residue PHE het=  resseq=222 icode= >,1i3j_A_B,2.2
574,0.0,PHE, ,CE1,21.53,11.70,0.0,2.80,1.0,<Residue PHE het=  resseq=222 icode= >,1i3j_A_B,2.2
575,22.386,PHE, ,CE2,23.12,10.02,0.0,2.78,1.0,<Residue PHE het=  resseq=222 icode= >,1i3j_A_B,2.2
576,9.768,PHE, ,CZ,19.13,11.18,0.0,2.88,1.0,<Residue PHE het=  resseq=222 icode= >,1i3j_A_B,2.2
577,0.0,LYS, ,N,20.51,7.47,0.0,4.41,1.0,<Residue LYS het=  resseq=223 icode= >,1i3j_A_B,2.2
578,4.265,LYS, ,CA,24.33,6.53,0.0,3.58,1.0,<Residue LYS het=  resseq=223 icode= >,1i3j_A_B,2.2
579,4.605,LYS, ,C,22.29,5.08,0.0,5.09,1.0,<Residue LYS het=  resseq=223 icode= >,1i3j_A_B,2.2
580,21.523,LYS, ,O,22.09,4.32,4.072,3.99,1.0,<Residue LYS het=  resseq=223 icode= >,1i3j_A_B,2.2
581,19.67,LYS, ,CB,27.47,6.95,0.0,2.38,1.0,<Residue LYS het=  resseq=223 icode= >,1i3j_A_B,2.2
582,18.645,LYS, ,CG,33.42,8.44,0.0,2.12,1.0,<Residue LYS het=  resseq=223 icode= >,1i3j_A_B,2.2
583,25.97,LYS, ,CD,38.27,8.86,0.0,1.91,1.0,<Residue LYS het=  resseq=223 icode= >,1i3j_A_B,2.2
584,47.144,LYS, ,CE,43.67,10.39,0.0,1.03,1.0,<Residue LYS het=  resseq=223 icode= >,1i3j_A_B,2.2
585,23.088,LYS, ,NZ,46.06,11.10,0.0,0.76,1.0,<Residue LYS het=  resseq=223 icode= >,1i3j_A_B,2.2
586,0.009,ILE, ,N,22.27,5.00,0.0,3.53,1.0,<Residue ILE het=  resseq=224 icode= >,1i3j_A_B,2.2
587,8.291,ILE, ,CA,20.52,3.93,7.21,3.17,1.0,<Residue ILE het=  resseq=224 icode= >,1i3j_A_B,2.2
588,4.418,ILE, ,C,21.63,3.93,0.211,4.03,1.0,<Residue ILE het=  resseq=224 icode= >,1i3j_A_B,2.2
589,10.562,ILE, ,O,19.84,5.12,0.0,4.29,1.0,<Residue ILE het=  resseq=224 icode= >,1i3j_A_B,2.2
590,0.179,ILE, ,CB,19.96,3.90,0.179,4.00,1.0,<Residue ILE het=  resseq=224 icode= >,1i3j_A_B,2.2
591,0.0,ILE, ,CG1,18.52,5.08,0.0,3.20,1.0,<Residue ILE het=  resseq=224 icode= >,1i3j_A_B,2.2
592,17.126,ILE, ,CG2,20.01,4.54,3.214,2.96,1.0,<Residue ILE het=  resseq=224 icode= >,1i3j_A_B,2.2
593,0.0,ILE, ,CD1,18.38,5.72,0.0,2.59,1.0,<Residue ILE het=  resseq=224 icode= >,1i3j_A_B,2.2
594,3.866,SER, ,N,21.32,3.01,3.276,3.34,1.0,<Residue SER het=  resseq=225 icode= >,1i3j_A_B,2.2
595,8.98,SER, ,CA,24.24,3.80,0.0,3.55,1.0,<Residue SER het=  resseq=225 icode= >,1i3j_A_B,2.2
596,0.0,SER, ,C,24.84,4.63,0.0,4.31,1.0,<Residue SER het=  resseq=225 icode= >,1i3j_A_B,2.2
597,0.0,SER, ,O,23.7,4.49,0.0,3.87,1.0,<Residue SER het=  resseq=225 icode= >,1i3j_A_B,2.2
598,42.564,SER, ,CB,25.47,3.42,35.937,2.85,1.0,<Residue SER het=  resseq=225 icode= >,1i3j_A_B,2.2
599,17.253,SER, ,OG,29.69,2.64,17.253,2.74,1.0,<Residue SER het=  resseq=225 icode= >,1i3j_A_B,2.2
600,6.256,SER, ,N,25.85,5.70,0.0,3.30,1.0,<Residue SER het=  resseq=226 icode= >,1i3j_A_B,2.2
601,0.0,SER, ,CA,26.36,4.58,0.0,3.16,1.0,<Residue SER het=  resseq=226 icode= >,1i3j_A_B,2.2
602,1.179,SER, ,C,25.98,3.99,1.179,4.50,1.0,<Residue SER het=  resseq=226 icode= >,1i3j_A_B,2.2
603,1.748,SER, ,O,28.14,3.95,0.955,3.59,1.0,<Residue SER het=  resseq=226 icode= >,1i3j_A_B,2.2
604,38.981,SER, ,CB,26.98,3.86,22.82,2.84,1.0,<Residue SER het=  resseq=226 icode= >,1i3j_A_B,2.2
605,15.061,SER,x,OG,29.6,4.88,1.81,0.99,0.5,<Residue SER het=  resseq=226 icode= >,1i3j_A_B,2.2
606,5.503,GLY, ,N,26.74,4.18,4.137,3.44,1.0,<Residue GLY het=  resseq=227 icode= >,1i3j_A_B,2.2
607,37.397,GLY, ,CA,22.99,3.65,37.397,3.08,1.0,<Residue GLY het=  resseq=227 icode= >,1i3j_A_B,2.2
608,4.671,GLY, ,C,25.23,3.91,4.494,3.90,1.0,<Residue GLY het=  resseq=227 icode= >,1i3j_A_B,2.2
609,5.275,GLY, ,O,23.7,4.20,3.216,3.80,1.0,<Residue GLY het=  resseq=227 icode= >,1i3j_A_B,2.2
610,1.603,LEU, ,N,22.67,3.59,1.603,3.19,1.0,<Residue LEU het=  resseq=228 icode= >,1i3j_A_B,2.2
611,1.317,LEU, ,CA,21.92,4.00,1.317,3.53,1.0,<Residue LEU het=  resseq=228 icode= >,1i3j_A_B,2.2
612,0.0,LEU, ,C,21.72,5.50,0.0,4.35,1.0,<Residue LEU het=  resseq=228 icode= >,1i3j_A_B,2.2
613,0.0,LEU, ,O,22.96,6.17,0.0,3.90,1.0,<Residue LEU het=  resseq=228 icode= >,1i3j_A_B,2.2
614,1.831,LEU, ,CB,23.24,3.59,1.831,2.85,1.0,<Residue LEU het=  resseq=228 icode= >,1i3j_A_B,2.2
615,0.0,LEU, ,CG,23.86,4.13,0.0,2.88,1.0,<Residue LEU het=  resseq=228 icode= >,1i3j_A_B,2.2
616,34.372,LEU, ,CD1,22.44,3.98,34.08,2.61,1.0,<Residue LEU het=  resseq=228 icode= >,1i3j_A_B,2.2
617,20.383,LEU, ,CD2,21.78,3.64,19.672,2.38,1.0,<Residue LEU het=  resseq=228 icode= >,1i3j_A_B,2.2
618,0.0,VAL, ,N,22.81,6.24,0.0,3.80,1.0,<Residue VAL het=  resseq=229 icode= >,1i3j_A_B,2.2
619,0.0,VAL, ,CA,24.92,6.37,0.0,2.91,1.0,<Residue VAL het=  resseq=229 icode= >,1i3j_A_B,2.2
620,0.0,VAL, ,C,27.15,5.40,0.0,4.39,1.0,<Residue VAL het=  resseq=229 icode= >,1i3j_A_B,2.2
621,0.0,VAL, ,O,25.82,5.74,0.0,3.90,1.0,<Residue VAL het=  resseq=229 icode= >,1i3j_A_B,2.2
622,0.113,VAL, ,CB,21.86,5.99,0.0,3.78,1.0,<Residue VAL het=  resseq=229 icode= >,1i3j_A_B,2.2
623,0.022,VAL, ,CG1,19.63,5.64,0.0,2.76,1.0,<Residue VAL het=  resseq=229 icode= >,1i3j_A_B,2.2
624,0.0,VAL, ,CG2,19.91,7.35,0.0,2.68,1.0,<Residue VAL het=  resseq=229 icode= >,1i3j_A_B,2.2
625,0.0,THR, ,N,26.0,4.54,0.0,3.90,1.0,<Residue THR het=  resseq=230 icode= >,1i3j_A_B,2.2
626,0.0,THR, ,CA,26.14,3.89,0.0,2.97,1.0,<Residue THR het=  resseq=230 icode= >,1i3j_A_B,2.2
627,0.0,THR, ,C,27.5,5.19,0.0,3.78,1.0,<Residue THR het=  resseq=230 icode= >,1i3j_A_B,2.2
628,0.212,THR, ,O,29.49,5.50,0.0,3.43,1.0,<Residue THR het=  resseq=230 icode= >,1i3j_A_B,2.2
629,3.099,THR, ,CB,25.98,3.46,3.099,3.20,1.0,<Residue THR het=  resseq=230 icode= >,1i3j_A_B,2.2
630,21.656,THR, ,OG1,23.21,2.43,21.136,3.94,1.0,<Residue THR het=  resseq=230 icode= >,1i3j_A_B,2.2
631,55.891,THR, ,CG2,21.66,3.72,41.179,2.08,1.0,<Residue THR het=  resseq=230 icode= >,1i3j_A_B,2.2
632,0.238,TYR, ,N,25.23,5.54,0.105,3.98,1.0,<Residue TYR het=  resseq=231 icode= >,1i3j_A_B,2.2
633,2.947,TYR, ,CA,26.52,5.98,0.0,3.32,1.0,<Residue TYR het=  resseq=231 icode= >,1i3j_A_B,2.2
634,0.0,TYR, ,C,27.92,6.66,0.0,3.37,1.0,<Residue TYR het=  resseq=231 icode= >,1i3j_A_B,2.2
635,0.0,TYR, ,O,27.22,7.00,0.0,3.43,1.0,<Residue TYR het=  resseq=231 icode= >,1i3j_A_B,2.2
636,7.079,TYR, ,CB,29.87,4.55,2.358,1.70,1.0,<Residue TYR het=  resseq=231 icode= >,1i3j_A_B,2.2
637,1.448,TYR, ,CG,30.88,3.72,1.448,2.64,1.0,<Residue TYR het=  resseq=231 icode= >,1i3j_A_B,2.2
638,17.935,TYR, ,CD1,31.58,3.60,5.356,2.53,1.0,<Residue TYR het=  resseq=231 icode= >,1i3j_A_B,2.2
639,0.675,TYR, ,CD2,29.29,3.79,0.358,2.84,1.0,<Residue TYR het=  resseq=231 icode= >,1i3j_A_B,2.2
640,23.062,TYR, ,CE1,31.51,3.56,8.103,1.98,1.0,<Residue TYR het=  resseq=231 icode= >,1i3j_A_B,2.2
641,21.35,TYR, ,CE2,30.1,3.76,18.262,2.00,1.0,<Residue TYR het=  resseq=231 icode= >,1i3j_A_B,2.2
642,5.62,TYR, ,CZ,32.08,3.65,5.504,2.94,1.0,<Residue TYR het=  resseq=231 icode= >,1i3j_A_B,2.2
643,40.142,TYR, ,OH,27.33,3.19,29.808,2.72,1.0,<Residue TYR het=  resseq=231 icode= >,1i3j_A_B,2.2
644,0.0,ARG, ,N,26.08,7.22,0.0,3.36,1.0,<Residue ARG het=  resseq=232 icode= >,1i3j_A_B,2.2
645,0.0,ARG, ,CA,24.22,8.14,0.0,3.51,1.0,<Residue ARG het=  resseq=232 icode= >,1i3j_A_B,2.2
646,0.0,ARG, ,C,25.34,8.65,0.0,4.74,1.0,<Residue ARG het=  resseq=232 icode= >,1i3j_A_B,2.2
647,0.008,ARG, ,O,24.6,9.28,0.0,3.83,1.0,<Residue ARG het=  resseq=232 icode= >,1i3j_A_B,2.2
648,0.0,ARG, ,CB,23.11,7.57,0.0,2.99,1.0,<Residue ARG het=  resseq=232 icode= >,1i3j_A_B,2.2
649,0.389,ARG, ,CG,24.05,6.04,0.0,2.96,1.0,<Residue ARG het=  resseq=232 icode= >,1i3j_A_B,2.2
650,0.0,ARG, ,CD,18.91,5.75,0.0,3.47,1.0,<Residue ARG het=  resseq=232 icode= >,1i3j_A_B,2.2
651,2.207,ARG, ,NE,21.43,4.37,1.39,3.65,1.0,<Residue ARG het=  resseq=232 icode= >,1i3j_A_B,2.2
652,0.0,ARG, ,CZ,20.83,4.33,0.0,4.64,1.0,<Residue ARG het=  resseq=232 icode= >,1i3j_A_B,2.2
653,4.142,ARG, ,NH1,14.7,5.57,0.0,3.63,1.0,<Residue ARG het=  resseq=232 icode= >,1i3j_A_B,2.2
654,30.765,ARG, ,NH2,20.59,3.36,14.497,3.44,1.0,<Residue ARG het=  resseq=232 icode= >,1i3j_A_B,2.2
655,0.0,VAL, ,N,26.77,7.40,0.0,3.21,1.0,<Residue VAL het=  resseq=233 icode= >,1i3j_A_B,2.2
656,0.0,VAL, ,CA,27.69,7.26,0.0,3.14,1.0,<Residue VAL het=  resseq=233 icode= >,1i3j_A_B,2.2
657,0.0,VAL, ,C,30.5,7.86,0.0,3.83,1.0,<Residue VAL het=  resseq=233 icode= >,1i3j_A_B,2.2
658,15.744,VAL, ,O,29.59,8.54,0.0,3.29,1.0,<Residue VAL het=  resseq=233 icode= >,1i3j_A_B,2.2
659,0.416,VAL, ,CB,27.12,5.88,0.0,3.59,1.0,<Residue VAL het=  resseq=233 icode= >,1i3j_A_B,2.2
660,21.594,VAL, ,CG1,30.34,5.93,0.0,1.92,1.0,<Residue VAL het=  resseq=233 icode= >,1i3j_A_B,2.2
661,0.0,VAL, ,CG2,23.78,5.71,0.0,2.93,1.0,<Residue VAL het=  resseq=233 icode= >,1i3j_A_B,2.2
662,0.0,LYS, ,N,29.16,7.74,0.0,3.63,1.0,<Residue LYS het=  resseq=234 icode= >,1i3j_A_B,2.2
663,8.954,LYS, ,CA,32.38,8.05,0.0,2.45,1.0,<Residue LYS het=  resseq=234 icode= >,1i3j_A_B,2.2
664,0.75,LYS, ,C,33.98,9.24,0.0,3.19,1.0,<Residue LYS het=  resseq=234 icode= >,1i3j_A_B,2.2
665,24.028,LYS, ,O,36.0,9.64,0.0,1.99,1.0,<Residue LYS het=  resseq=234 icode= >,1i3j_A_B,2.2
666,30.459,LYS, ,CB,31.1,6.70,0.0,2.42,1.0,<Residue LYS het=  resseq=234 icode= >,1i3j_A_B,2.2
667,13.09,LYS,x,CG,28.57,6.79,0.0,0.60,0.5,<Residue LYS het=  resseq=234 icode= >,1i3j_A_B,2.2
668,15.362,LYS,x,CD,25.79,8.02,0.0,0.92,0.5,<Residue LYS het=  resseq=234 icode= >,1i3j_A_B,2.2
669,8.264,LYS,x,CE,19.27,6.72,0.0,1.69,0.5,<Residue LYS het=  resseq=234 icode= >,1i3j_A_B,2.2
670,23.897,LYS,x,NZ,24.68,5.90,0.0,0.66,0.5,<Residue LYS het=  resseq=234 icode= >,1i3j_A_B,2.2
671,0.0,SER, ,N,35.3,8.34,0.0,2.62,1.0,<Residue SER het=  resseq=235 icode= >,1i3j_A_B,2.2
672,1.225,SER, ,CA,34.65,7.35,0.0,2.82,1.0,<Residue SER het=  resseq=235 icode= >,1i3j_A_B,2.2
673,0.985,SER, ,C,35.15,8.05,0.0,3.56,1.0,<Residue SER het=  resseq=235 icode= >,1i3j_A_B,2.2
674,5.474,SER, ,O,33.63,8.93,0.0,2.89,1.0,<Residue SER het=  resseq=235 icode= >,1i3j_A_B,2.2
675,1.003,SER, ,CB,34.1,6.21,0.0,2.61,1.0,<Residue SER het=  resseq=235 icode= >,1i3j_A_B,2.2
676,4.373,SER, ,OG,34.52,5.54,0.0,2.57,1.0,<Residue SER het=  resseq=235 icode= >,1i3j_A_B,2.2
677,3.607,ASP, ,N,35.67,7.88,0.0,2.88,1.0,<Residue ASP het=  resseq=236 icode= >,1i3j_A_B,2.2
678,12.198,ASP, ,CA,37.48,8.77,0.0,2.34,1.0,<Residue ASP het=  resseq=236 icode= >,1i3j_A_B,2.2
679,0.163,ASP, ,C,35.49,8.38,0.0,3.56,1.0,<Residue ASP het=  resseq=236 icode= >,1i3j_A_B,2.2
680,26.837,ASP, ,O,34.96,9.26,0.0,2.71,1.0,<Residue ASP het=  resseq=236 icode= >,1i3j_A_B,2.2
681,36.291,ASP, ,CB,38.56,9.09,0.0,2.06,1.0,<Residue ASP het=  resseq=236 icode= >,1i3j_A_B,2.2
682,9.472,ASP,x,CG,38.01,8.23,0.0,2.23,0.5,<Residue ASP het=  resseq=236 icode= >,1i3j_A_B,2.2
683,8.722,ASP,x,OD1,36.39,6.99,0.0,0.91,0.5,<Residue ASP het=  resseq=236 icode= >,1i3j_A_B,2.2
684,41.626,ASP,x,OD2,40.74,8.94,0.0,0.60,0.5,<Residue ASP het=  resseq=236 icode= >,1i3j_A_B,2.2
685,0.0,LYS, ,N,32.58,7.25,0.0,3.51,1.0,<Residue LYS het=  resseq=237 icode= >,1i3j_A_B,2.2
686,7.8,LYS, ,CA,33.27,7.13,0.0,2.89,1.0,<Residue LYS het=  resseq=237 icode= >,1i3j_A_B,2.2
687,3.732,LYS, ,C,33.57,7.81,0.0,3.46,1.0,<Residue LYS het=  resseq=237 icode= >,1i3j_A_B,2.2
688,25.221,LYS, ,O,32.62,7.76,0.0,2.89,1.0,<Residue LYS het=  resseq=237 icode= >,1i3j_A_B,2.2
689,10.07,LYS, ,CB,33.97,5.77,0.0,2.81,1.0,<Residue LYS het=  resseq=237 icode= >,1i3j_A_B,2.2
690,9.037,LYS, ,CG,38.26,5.17,0.0,1.98,1.0,<Residue LYS het=  resseq=237 icode= >,1i3j_A_B,2.2
691,27.835,LYS, ,CD,44.18,3.94,13.191,1.70,1.0,<Residue LYS het=  resseq=237 icode= >,1i3j_A_B,2.2
692,43.912,LYS, ,CE,47.82,4.03,7.934,0.47,1.0,<Residue LYS het=  resseq=237 icode= >,1i3j_A_B,2.2
693,48.555,LYS, ,NZ,49.99,3.17,22.255,0.53,1.0,<Residue LYS het=  resseq=237 icode= >,1i3j_A_B,2.2
694,0.0,TRP, ,N,31.42,8.35,0.0,3.13,1.0,<Residue TRP het=  resseq=238 icode= >,1i3j_A_B,2.2
695,4.346,TRP, ,CA,30.11,9.28,0.0,3.50,1.0,<Residue TRP het=  resseq=238 icode= >,1i3j_A_B,2.2
696,3.262,TRP, ,C,31.07,10.58,0.0,4.26,1.0,<Residue TRP het=  resseq=238 icode= >,1i3j_A_B,2.2
697,13.159,TRP, ,O,34.58,10.71,0.0,2.41,1.0,<Residue TRP het=  resseq=238 icode= >,1i3j_A_B,2.2
698,0.0,TRP, ,CB,28.36,8.93,0.0,2.97,1.0,<Residue TRP het=  resseq=238 icode= >,1i3j_A_B,2.2
699,0.0,TRP, ,CG,30.18,7.74,0.0,3.06,1.0,<Residue TRP het=  resseq=238 icode= >,1i3j_A_B,2.2
700,0.043,TRP, ,CD1,28.36,6.52,0.0,3.14,1.0,<Residue TRP het=  resseq=238 icode= >,1i3j_A_B,2.2
701,0.711,TRP, ,CD2,29.02,6.99,0.0,3.28,1.0,<Residue TRP het=  resseq=238 icode= >,1i3j_A_B,2.2
702,14.489,TRP, ,NE1,29.0,5.78,0.0,3.35,1.0,<Residue TRP het=  resseq=238 icode= >,1i3j_A_B,2.2
703,2.555,TRP, ,CE2,28.64,5.70,0.0,3.35,1.0,<Residue TRP het=  resseq=238 icode= >,1i3j_A_B,2.2
704,8.197,TRP, ,CE3,28.18,7.53,0.0,2.48,1.0,<Residue TRP het=  resseq=238 icode= >,1i3j_A_B,2.2
705,20.359,TRP, ,CZ2,32.15,4.87,3.373,1.84,1.0,<Residue TRP het=  resseq=238 icode= >,1i3j_A_B,2.2
706,17.379,TRP, ,CZ3,32.0,6.91,0.0,2.52,1.0,<Residue TRP het=  resseq=238 icode= >,1i3j_A_B,2.2
707,20.621,TRP, ,CH2,28.95,5.61,0.0,2.92,1.0,<Residue TRP het=  resseq=238 icode= >,1i3j_A_B,2.2
708,4.613,ASN, ,N,29.56,11.68,0.0,3.68,1.0,<Residue ASN het=  resseq=239 icode= >,1i3j_A_B,2.2
709,2.532,ASN, ,CA,28.89,12.95,0.0,3.37,1.0,<Residue ASN het=  resseq=239 icode= >,1i3j_A_B,2.2
710,0.0,ASN, ,C,28.49,12.92,0.0,4.10,1.0,<Residue ASN het=  resseq=239 icode= >,1i3j_A_B,2.2
711,0.0,ASN, ,O,26.94,13.38,0.0,3.61,1.0,<Residue ASN het=  resseq=239 icode= >,1i3j_A_B,2.2
712,20.142,ASN, ,CB,30.87,13.98,0.0,2.58,1.0,<Residue ASN het=  resseq=239 icode= >,1i3j_A_B,2.2
713,5.535,ASN, ,CG,36.24,15.28,0.0,3.19,1.0,<Residue ASN het=  resseq=239 icode= >,1i3j_A_B,2.2
714,25.996,ASN, ,OD1,37.75,15.03,0.0,2.17,1.0,<Residue ASN het=  resseq=239 icode= >,1i3j_A_B,2.2
715,24.864,ASN, ,ND2,35.41,16.26,0.0,1.80,1.0,<Residue ASN het=  resseq=239 icode= >,1i3j_A_B,2.2
716,0.481,TRP, ,N,26.98,11.64,0.0,3.83,1.0,<Residue TRP het=  resseq=240 icode= >,1i3j_A_B,2.2
717,0.0,TRP, ,CA,28.36,10.59,0.0,3.15,1.0,<Residue TRP het=  resseq=240 icode= >,1i3j_A_B,2.2
718,0.077,TRP, ,C,30.77,9.87,0.0,3.88,1.0,<Residue TRP het=  resseq=240 icode= >,1i3j_A_B,2.2
719,4.839,TRP, ,O,31.18,9.48,0.0,3.40,1.0,<Residue TRP het=  resseq=240 icode= >,1i3j_A_B,2.2
720,0.0,TRP, ,CB,28.75,9.76,0.0,2.52,1.0,<Residue TRP het=  resseq=240 icode= >,1i3j_A_B,2.2
721,0.0,TRP, ,CG,27.33,10.62,0.0,3.44,1.0,<Residue TRP het=  resseq=240 icode= >,1i3j_A_B,2.2
722,0.122,TRP, ,CD1,23.9,10.98,0.0,3.20,1.0,<Residue TRP het=  resseq=240 icode= >,1i3j_A_B,2.2
723,0.0,TRP, ,CD2,25.98,10.07,0.0,3.50,1.0,<Residue TRP het=  resseq=240 icode= >,1i3j_A_B,2.2
724,4.93,TRP, ,NE1,25.49,10.24,0.0,3.73,1.0,<Residue TRP het=  resseq=240 icode= >,1i3j_A_B,2.2
725,0.0,TRP, ,CE2,24.08,9.63,0.0,3.85,1.0,<Residue TRP het=  resseq=240 icode= >,1i3j_A_B,2.2
726,0.0,TRP, ,CE3,23.71,9.23,0.0,3.64,1.0,<Residue TRP het=  resseq=240 icode= >,1i3j_A_B,2.2
727,0.0,TRP, ,CZ2,24.11,8.97,0.0,3.33,1.0,<Residue TRP het=  resseq=240 icode= >,1i3j_A_B,2.2
728,0.0,TRP, ,CZ3,26.4,9.21,0.0,2.33,1.0,<Residue TRP het=  resseq=240 icode= >,1i3j_A_B,2.2
729,0.0,TRP, ,CH2,24.34,8.75,0.0,2.82,1.0,<Residue TRP het=  resseq=240 icode= >,1i3j_A_B,2.2
730,0.0,PHE, ,N,31.54,9.91,0.0,3.20,1.0,<Residue PHE het=  resseq=241 icode= >,1i3j_A_B,2.2
731,0.535,PHE, ,CA,33.61,9.22,0.0,2.40,1.0,<Residue PHE het=  resseq=241 icode= >,1i3j_A_B,2.2
732,0.0,PHE, ,C,32.61,8.85,0.0,3.67,1.0,<Residue PHE het=  resseq=241 icode= >,1i3j_A_B,2.2
733,0.0,PHE, ,O,32.29,9.61,0.0,3.07,1.0,<Residue PHE het=  resseq=241 icode= >,1i3j_A_B,2.2
734,27.545,PHE, ,CB,31.24,10.29,0.0,2.48,1.0,<Residue PHE het=  resseq=241 icode= >,1i3j_A_B,2.2
735,2.288,PHE, ,CG,36.28,11.59,0.0,2.57,1.0,<Residue PHE het=  resseq=241 icode= >,1i3j_A_B,2.2
736,11.146,PHE, ,CD1,36.14,12.02,0.0,2.11,1.0,<Residue PHE het=  resseq=241 icode= >,1i3j_A_B,2.2
737,3.549,PHE, ,CD2,37.52,12.53,0.0,1.34,1.0,<Residue PHE het=  resseq=241 icode= >,1i3j_A_B,2.2
738,17.919,PHE, ,CE1,35.19,13.29,0.0,2.58,1.0,<Residue PHE het=  resseq=241 icode= >,1i3j_A_B,2.2
739,5.043,PHE, ,CE2,36.98,13.76,0.0,2.37,1.0,<Residue PHE het=  resseq=241 icode= >,1i3j_A_B,2.2
740,24.286,PHE, ,CZ,35.72,14.11,0.0,2.49,1.0,<Residue PHE het=  resseq=241 icode= >,1i3j_A_B,2.2
741,3.155,TYR, ,N,31.82,7.87,0.0,3.43,1.0,<Residue TYR het=  resseq=242 icode= >,1i3j_A_B,2.2
742,0.0,TYR, ,CA,33.91,7.75,0.0,2.59,1.0,<Residue TYR het=  resseq=242 icode= >,1i3j_A_B,2.2
743,0.0,TYR, ,C,36.72,8.98,0.0,3.82,1.0,<Residue TYR het=  resseq=242 icode= >,1i3j_A_B,2.2
744,10.319,TYR, ,O,35.59,9.50,0.0,3.15,1.0,<Residue TYR het=  resseq=242 icode= >,1i3j_A_B,2.2
745,13.85,TYR, ,CB,32.39,6.45,0.0,2.12,1.0,<Residue TYR het=  resseq=242 icode= >,1i3j_A_B,2.2
746,0.0,TYR, ,CG,31.34,5.26,0.0,2.99,1.0,<Residue TYR het=  resseq=242 icode= >,1i3j_A_B,2.2
747,10.059,TYR, ,CD1,28.8,4.19,0.000999999999999,2.86,1.0,<Residue TYR het=  resseq=242 icode= >,1i3j_A_B,2.2
748,0.0,TYR, ,CD2,31.22,5.55,0.0,2.99,1.0,<Residue TYR het=  resseq=242 icode= >,1i3j_A_B,2.2
749,8.922,TYR, ,CE1,27.4,3.28,6.86,3.14,1.0,<Residue TYR het=  resseq=242 icode= >,1i3j_A_B,2.2
750,0.071,TYR, ,CE2,29.87,4.70,0.071,3.13,1.0,<Residue TYR het=  resseq=242 icode= >,1i3j_A_B,2.2
751,0.051,TYR, ,CZ,31.08,3.50,0.051,3.59,1.0,<Residue TYR het=  resseq=242 icode= >,1i3j_A_B,2.2
752,8.814,TYR, ,OH,27.26,2.49,8.814,3.15,1.0,<Residue TYR het=  resseq=242 icode= >,1i3j_A_B,2.2
753,0.0,ILE, ,N,39.16,9.49,0.0,2.85,1.0,<Residue ILE het=  resseq=243 icode= >,1i3j_A_B,2.2
754,1.687,ILE, ,CA,44.42,10.55,0.0,2.40,1.0,<Residue ILE het=  resseq=243 icode= >,1i3j_A_B,2.2
755,0.048,ILE, ,C,48.99,10.68,0.0,2.38,1.0,<Residue ILE het=  resseq=243 icode= >,1i3j_A_B,2.2
756,9.649,ILE, ,O,49.18,10.00,0.0,1.86,1.0,<Residue ILE het=  resseq=243 icode= >,1i3j_A_B,2.2
757,0.0,ILE, ,CB,42.95,10.54,0.0,2.71,1.0,<Residue ILE het=  resseq=243 icode= >,1i3j_A_B,2.2
758,6.609,ILE, ,CG1,43.11,10.55,0.0,1.93,1.0,<Residue ILE het=  resseq=243 icode= >,1i3j_A_B,2.2
759,33.817,ILE, ,CG2,42.26,11.87,0.0,1.27,1.0,<Residue ILE het=  resseq=243 icode= >,1i3j_A_B,2.2
760,18.483,ILE, ,CD1,42.53,11.74,0.0,1.24,1.0,<Residue ILE het=  resseq=243 icode= >,1i3j_A_B,2.2
761,7.802,ASN, ,N,54.35,11.09,0.0,1.51,1.0,<Residue ASN het=  resseq=244 icode= >,1i3j_A_B,2.2
762,13.144,ASN, ,CA,57.5,11.33,0.0,1.35,1.0,<Residue ASN het=  resseq=244 icode= >,1i3j_A_B,2.2
763,34.816,ASN, ,C,58.46,10.26,0.0,1.92,1.0,<Residue ASN het=  resseq=244 icode= >,1i3j_A_B,2.2
764,29.719,ASN, ,O,56.38,9.67,0.0,1.77,1.0,<Residue ASN het=  resseq=244 icode= >,1i3j_A_B,2.2
765,27.075,ASN, ,CB,61.26,11.82,0.0,0.57,1.0,<Residue ASN het=  resseq=244 icode= >,1i3j_A_B,2.2
766,6.009,ASN, ,CG,64.21,12.61,0.0,1.35,1.0,<Residue ASN het=  resseq=244 icode= >,1i3j_A_B,2.2
767,32.234,ASN, ,OD1,65.96,13.75,0.0,0.80,1.0,<Residue ASN het=  resseq=244 icode= >,1i3j_A_B,2.2
768,36.109,ASN, ,ND2,63.34,12.01,0.0,1.39,1.0,<Residue ASN het=  resseq=244 icode= >,1i3j_A_B,2.2
