,ASA,aa,altloc,atom,bfac,d2r,dASA,dens,occ,residue,id,resolu
0,32.808,ALA, ,N,53.48,13.85,25.031,2.48,1.0,<Residue ALA het=  resseq=10 icode= >,1jfi_A_A,2.62
1,14.32,ALA, ,CA,59.23,12.54,7.082,1.86,1.0,<Residue ALA het=  resseq=10 icode= >,1jfi_A_A,2.62
2,0.195,ALA, ,C,58.53,12.59,0.0,2.96,1.0,<Residue ALA het=  resseq=10 icode= >,1jfi_A_A,2.62
3,0.0,ALA, ,O,59.65,13.14,0.0,1.97,1.0,<Residue ALA het=  resseq=10 icode= >,1jfi_A_A,2.62
4,52.693,ALA, ,CB,59.51,11.40,50.701,1.02,1.0,<Residue ALA het=  resseq=10 icode= >,1jfi_A_A,2.62
5,7.792,ARG, ,N,59.37,12.21,0.0,2.02,1.0,<Residue ARG het=  resseq=11 icode= >,1jfi_A_A,2.62
6,0.0,ARG, ,CA,58.32,12.41,0.0,3.02,1.0,<Residue ARG het=  resseq=11 icode= >,1jfi_A_A,2.62
7,0.0,ARG, ,C,57.8,11.25,0.0,3.40,1.0,<Residue ARG het=  resseq=11 icode= >,1jfi_A_A,2.62
8,19.579,ARG, ,O,56.14,10.07,5.0,2.67,1.0,<Residue ARG het=  resseq=11 icode= >,1jfi_A_A,2.62
9,17.707,ARG, ,CB,58.49,12.83,0.0,2.57,1.0,<Residue ARG het=  resseq=11 icode= >,1jfi_A_A,2.62
10,15.763,ARG, ,CG,59.99,11.47,0.0,2.91,1.0,<Residue ARG het=  resseq=11 icode= >,1jfi_A_A,2.62
11,7.064,ARG, ,CD,64.99,11.56,0.0,2.26,1.0,<Residue ARG het=  resseq=11 icode= >,1jfi_A_A,2.62
12,8.779,ARG, ,NE,70.31,11.11,0.0,2.44,1.0,<Residue ARG het=  resseq=11 icode= >,1jfi_A_A,2.62
13,7.315,ARG, ,CZ,75.31,11.76,0.508,2.12,1.0,<Residue ARG het=  resseq=11 icode= >,1jfi_A_A,2.62
14,36.897,ARG, ,NH1,73.81,12.79,0.0,1.71,1.0,<Residue ARG het=  resseq=11 icode= >,1jfi_A_A,2.62
15,59.3,ARG, ,NH2,77.48,11.52,7.564,1.33,1.0,<Residue ARG het=  resseq=11 icode= >,1jfi_A_A,2.62
16,0.0,PHE, ,N,56.63,11.69,0.0,2.94,1.0,<Residue PHE het=  resseq=12 icode= >,1jfi_A_A,2.62
17,0.0,PHE, ,CA,54.71,10.88,0.0,3.47,1.0,<Residue PHE het=  resseq=12 icode= >,1jfi_A_A,2.62
18,0.891,PHE, ,C,54.02,10.02,0.0,4.23,1.0,<Residue PHE het=  resseq=12 icode= >,1jfi_A_A,2.62
19,0.0,PHE, ,O,55.19,9.63,0.0,2.34,1.0,<Residue PHE het=  resseq=12 icode= >,1jfi_A_A,2.62
20,2.744,PHE, ,CB,53.34,11.39,2.744,1.83,1.0,<Residue PHE het=  resseq=12 icode= >,1jfi_A_A,2.62
21,0.0,PHE, ,CG,52.9,11.43,0.0,2.86,1.0,<Residue PHE het=  resseq=12 icode= >,1jfi_A_A,2.62
22,0.0,PHE, ,CD1,50.33,12.66,0.0,2.91,1.0,<Residue PHE het=  resseq=12 icode= >,1jfi_A_A,2.62
23,15.719,PHE, ,CD2,54.27,10.36,15.719,1.38,1.0,<Residue PHE het=  resseq=12 icode= >,1jfi_A_A,2.62
24,0.0,PHE, ,CE1,49.67,12.92,0.0,2.52,1.0,<Residue PHE het=  resseq=12 icode= >,1jfi_A_A,2.62
25,24.814,PHE, ,CE2,51.32,10.66,24.814,2.46,1.0,<Residue PHE het=  resseq=12 icode= >,1jfi_A_A,2.62
26,4.88,PHE, ,CZ,52.89,11.98,4.88,2.40,1.0,<Residue PHE het=  resseq=12 icode= >,1jfi_A_A,2.62
27,0.748,PRO, ,N,52.5,9.09,0.0,3.69,1.0,<Residue PRO het=  resseq=13 icode= >,1jfi_A_A,2.62
28,7.041,PRO, ,CA,50.37,7.66,0.0,3.73,1.0,<Residue PRO het=  resseq=13 icode= >,1jfi_A_A,2.62
29,0.0,PRO, ,C,49.08,7.58,0.0,4.64,1.0,<Residue PRO het=  resseq=13 icode= >,1jfi_A_A,2.62
30,0.0,PRO, ,O,49.47,7.93,0.0,2.83,1.0,<Residue PRO het=  resseq=13 icode= >,1jfi_A_A,2.62
31,15.96,PRO, ,CB,52.05,7.04,0.0,1.77,1.0,<Residue PRO het=  resseq=13 icode= >,1jfi_A_A,2.62
32,40.896,PRO, ,CG,52.2,8.06,19.824,1.71,1.0,<Residue PRO het=  resseq=13 icode= >,1jfi_A_A,2.62
33,14.727,PRO, ,CD,52.06,8.94,13.277,2.69,1.0,<Residue PRO het=  resseq=13 icode= >,1jfi_A_A,2.62
34,0.0,PRO, ,N,46.56,7.10,0.0,4.03,1.0,<Residue PRO het=  resseq=14 icode= >,1jfi_A_A,2.62
35,0.0,PRO, ,CA,45.18,7.21,0.0,3.56,1.0,<Residue PRO het=  resseq=14 icode= >,1jfi_A_A,2.62
36,0.93,PRO, ,C,44.95,6.71,0.0,4.52,1.0,<Residue PRO het=  resseq=14 icode= >,1jfi_A_A,2.62
37,0.0,PRO, ,O,44.56,7.58,0.0,2.78,1.0,<Residue PRO het=  resseq=14 icode= >,1jfi_A_A,2.62
38,15.935,PRO, ,CB,43.37,6.77,0.0,2.68,1.0,<Residue PRO het=  resseq=14 icode= >,1jfi_A_A,2.62
39,10.962,PRO, ,CG,41.78,7.24,0.0,2.63,1.0,<Residue PRO het=  resseq=14 icode= >,1jfi_A_A,2.62
40,21.793,PRO, ,CD,44.23,6.83,0.0,2.81,1.0,<Residue PRO het=  resseq=14 icode= >,1jfi_A_A,2.62
41,2.796,ALA, ,N,45.2,5.53,0.0,3.20,1.0,<Residue ALA het=  resseq=15 icode= >,1jfi_A_A,2.62
42,9.582,ALA, ,CA,45.62,5.20,0.0,3.37,1.0,<Residue ALA het=  resseq=15 icode= >,1jfi_A_A,2.62
43,0.0,ALA, ,C,46.12,5.59,0.0,4.45,1.0,<Residue ALA het=  resseq=15 icode= >,1jfi_A_A,2.62
44,0.17,ALA, ,O,46.46,5.89,0.0,2.49,1.0,<Residue ALA het=  resseq=15 icode= >,1jfi_A_A,2.62
45,55.046,ALA, ,CB,43.36,3.72,40.089,1.70,1.0,<Residue ALA het=  resseq=15 icode= >,1jfi_A_A,2.62
46,0.128,ARG, ,N,46.04,5.77,0.0,3.01,1.0,<Residue ARG het=  resseq=16 icode= >,1jfi_A_A,2.62
47,0.0,ARG, ,CA,44.62,6.37,0.0,2.92,1.0,<Residue ARG het=  resseq=16 icode= >,1jfi_A_A,2.62
48,0.0,ARG, ,C,42.36,7.72,0.0,4.56,1.0,<Residue ARG het=  resseq=16 icode= >,1jfi_A_A,2.62
49,0.0,ARG, ,O,40.13,8.25,0.0,2.71,1.0,<Residue ARG het=  resseq=16 icode= >,1jfi_A_A,2.62
50,0.37,ARG, ,CB,45.86,6.82,0.303,1.92,1.0,<Residue ARG het=  resseq=16 icode= >,1jfi_A_A,2.62
51,14.565,ARG, ,CG,48.55,7.95,14.565,1.22,1.0,<Residue ARG het=  resseq=16 icode= >,1jfi_A_A,2.62
52,9.522,ARG, ,CD,50.96,7.74,9.522,1.04,1.0,<Residue ARG het=  resseq=16 icode= >,1jfi_A_A,2.62
53,20.115,ARG, ,NE,54.33,7.30,19.996,1.75,1.0,<Residue ARG het=  resseq=16 icode= >,1jfi_A_A,2.62
54,7.492,ARG, ,CZ,52.36,6.33,7.083,2.79,1.0,<Residue ARG het=  resseq=16 icode= >,1jfi_A_A,2.62
55,21.838,ARG, ,NH1,53.84,5.21,8.429,0.89,1.0,<Residue ARG het=  resseq=16 icode= >,1jfi_A_A,2.62
56,58.663,ARG, ,NH2,53.23,6.04,13.438,1.45,1.0,<Residue ARG het=  resseq=16 icode= >,1jfi_A_A,2.62
57,0.0,ILE, ,N,41.9,8.47,0.0,3.22,1.0,<Residue ILE het=  resseq=17 icode= >,1jfi_A_A,2.62
58,0.492,ILE, ,CA,42.49,9.81,0.492,3.40,1.0,<Residue ILE het=  resseq=17 icode= >,1jfi_A_A,2.62
59,0.0,ILE, ,C,43.37,9.92,0.0,4.86,1.0,<Residue ILE het=  resseq=17 icode= >,1jfi_A_A,2.62
60,0.243,ILE, ,O,42.89,10.69,0.243,3.34,1.0,<Residue ILE het=  resseq=17 icode= >,1jfi_A_A,2.62
61,0.0,ILE, ,CB,38.98,10.66,0.0,3.25,1.0,<Residue ILE het=  resseq=17 icode= >,1jfi_A_A,2.62
62,7.441,ILE, ,CG1,34.12,11.16,7.441,2.75,1.0,<Residue ILE het=  resseq=17 icode= >,1jfi_A_A,2.62
63,4.247,ILE, ,CG2,38.43,11.77,4.247,1.72,1.0,<Residue ILE het=  resseq=17 icode= >,1jfi_A_A,2.62
64,0.0,ILE, ,CD1,28.31,11.26,0.0,2.66,1.0,<Residue ILE het=  resseq=17 icode= >,1jfi_A_A,2.62
65,0.0,LYS, ,N,46.24,8.96,0.0,3.34,1.0,<Residue LYS het=  resseq=18 icode= >,1jfi_A_A,2.62
66,0.0,LYS, ,CA,51.14,8.89,0.0,3.57,1.0,<Residue LYS het=  resseq=18 icode= >,1jfi_A_A,2.62
67,0.0,LYS, ,C,52.26,8.46,0.0,3.84,1.0,<Residue LYS het=  resseq=18 icode= >,1jfi_A_A,2.62
68,0.0,LYS, ,O,51.64,8.26,0.0,2.43,1.0,<Residue LYS het=  resseq=18 icode= >,1jfi_A_A,2.62
69,2.118,LYS, ,CB,51.8,7.82,0.0,2.62,1.0,<Residue LYS het=  resseq=18 icode= >,1jfi_A_A,2.62
70,0.836,LYS, ,CG,56.09,6.63,0.0,1.78,1.0,<Residue LYS het=  resseq=18 icode= >,1jfi_A_A,2.62
71,23.317,LYS, ,CD,63.12,5.93,0.0,0.60,1.0,<Residue LYS het=  resseq=18 icode= >,1jfi_A_A,2.62
72,11.215,LYS, ,CE,66.95,4.73,0.0,0.52,1.0,<Residue LYS het=  resseq=18 icode= >,1jfi_A_A,2.62
73,38.333,LYS, ,NZ,69.05,3.76,0.0,0.31,1.0,<Residue LYS het=  resseq=18 icode= >,1jfi_A_A,2.62
74,0.0,LYS, ,N,52.97,7.47,0.0,2.70,1.0,<Residue LYS het=  resseq=19 icode= >,1jfi_A_A,2.62
75,1.151,LYS, ,CA,52.44,7.34,0.0,2.69,1.0,<Residue LYS het=  resseq=19 icode= >,1jfi_A_A,2.62
76,1.342,LYS, ,C,52.17,8.76,1.342,3.07,1.0,<Residue LYS het=  resseq=19 icode= >,1jfi_A_A,2.62
77,6.156,LYS, ,O,53.53,9.39,2.406,1.32,1.0,<Residue LYS het=  resseq=19 icode= >,1jfi_A_A,2.62
78,6.801,LYS, ,CB,55.26,6.39,6.801,1.25,1.0,<Residue LYS het=  resseq=19 icode= >,1jfi_A_A,2.62
79,29.411,LYS, ,CG,55.59,5.35,11.561,1.18,1.0,<Residue LYS het=  resseq=19 icode= >,1jfi_A_A,2.62
80,25.323,LYS, ,CD,58.91,4.16,0.158,1.03,1.0,<Residue LYS het=  resseq=19 icode= >,1jfi_A_A,2.62
81,19.672,LYS, ,CE,60.1,3.07,16.936,1.32,1.0,<Residue LYS het=  resseq=19 icode= >,1jfi_A_A,2.62
82,42.844,LYS, ,NZ,61.06,2.65,33.683,0.91,1.0,<Residue LYS het=  resseq=19 icode= >,1jfi_A_A,2.62
83,0.0,ILE, ,N,48.37,9.43,0.0,1.97,1.0,<Residue ILE het=  resseq=20 icode= >,1jfi_A_A,2.62
84,2.355,ILE, ,CA,45.2,10.82,2.144,2.79,1.0,<Residue ILE het=  resseq=20 icode= >,1jfi_A_A,2.62
85,0.0,ILE, ,C,44.5,11.70,0.0,4.08,1.0,<Residue ILE het=  resseq=20 icode= >,1jfi_A_A,2.62
86,4.942,ILE, ,O,43.88,12.28,4.942,2.21,1.0,<Residue ILE het=  resseq=20 icode= >,1jfi_A_A,2.62
87,1.188,ILE, ,CB,42.85,11.49,1.188,2.36,1.0,<Residue ILE het=  resseq=20 icode= >,1jfi_A_A,2.62
88,10.919,ILE, ,CG1,43.39,10.54,10.919,1.33,1.0,<Residue ILE het=  resseq=20 icode= >,1jfi_A_A,2.62
89,48.253,ILE, ,CG2,40.83,12.21,45.854,1.25,1.0,<Residue ILE het=  resseq=20 icode= >,1jfi_A_A,2.62
90,40.542,ILE, ,CD1,39.48,9.77,40.542,1.09,1.0,<Residue ILE het=  resseq=20 icode= >,1jfi_A_A,2.62
91,0.0,MET, ,N,43.38,11.31,0.0,3.29,1.0,<Residue MET het=  resseq=21 icode= >,1jfi_A_A,2.62
92,9.971,MET, ,CA,44.34,11.28,9.971,3.90,1.0,<Residue MET het=  resseq=21 icode= >,1jfi_A_A,2.62
93,0.0,MET, ,C,47.15,10.59,0.0,3.36,1.0,<Residue MET het=  resseq=21 icode= >,1jfi_A_A,2.62
94,2.248,MET, ,O,48.54,11.22,2.183,2.15,1.0,<Residue MET het=  resseq=21 icode= >,1jfi_A_A,2.62
95,0.749,MET, ,CB,41.41,10.73,0.749,3.04,1.0,<Residue MET het=  resseq=21 icode= >,1jfi_A_A,2.62
96,13.253,MET, ,CG,38.21,11.68,13.253,2.80,1.0,<Residue MET het=  resseq=21 icode= >,1jfi_A_A,2.62
97,0.0,MET, ,SD,40.88,11.13,0.0,5.74,1.0,<Residue MET het=  resseq=21 icode= >,1jfi_A_A,2.62
98,20.76,MET, ,CE,30.94,11.63,20.717,2.57,1.0,<Residue MET het=  resseq=21 icode= >,1jfi_A_A,2.62
99,0.0,GLN, ,N,51.89,9.45,0.0,2.23,1.0,<Residue GLN het=  resseq=22 icode= >,1jfi_A_A,2.62
100,0.0,GLN, ,CA,55.75,8.89,0.0,2.70,1.0,<Residue GLN het=  resseq=22 icode= >,1jfi_A_A,2.62
101,0.968,GLN, ,C,57.8,9.66,0.0,2.93,1.0,<Residue GLN het=  resseq=22 icode= >,1jfi_A_A,2.62
102,16.852,GLN, ,O,58.7,9.37,6.36,1.76,1.0,<Residue GLN het=  resseq=22 icode= >,1jfi_A_A,2.62
103,13.924,GLN, ,CB,55.51,7.37,8.652,1.48,1.0,<Residue GLN het=  resseq=22 icode= >,1jfi_A_A,2.62
104,0.0,GLN, ,CG,57.61,6.81,0.0,1.37,1.0,<Residue GLN het=  resseq=22 icode= >,1jfi_A_A,2.62
105,3.419,GLN, ,CD,57.5,5.33,3.419,2.68,1.0,<Residue GLN het=  resseq=22 icode= >,1jfi_A_A,2.62
106,20.976,GLN, ,OE1,58.6,4.59,2.382,1.85,1.0,<Residue GLN het=  resseq=22 icode= >,1jfi_A_A,2.62
107,16.828,GLN, ,NE2,58.42,5.16,12.117,1.08,1.0,<Residue GLN het=  resseq=22 icode= >,1jfi_A_A,2.62
108,0.0,THR, ,N,59.98,10.82,0.0,2.13,1.0,<Residue THR het=  resseq=23 icode= >,1jfi_A_A,2.62
109,10.267,THR, ,CA,62.15,11.81,3.058,2.72,1.0,<Residue THR het=  resseq=23 icode= >,1jfi_A_A,2.62
110,0.091,THR, ,C,65.07,12.50,0.0,2.76,1.0,<Residue THR het=  resseq=23 icode= >,1jfi_A_A,2.62
111,14.691,THR, ,O,64.71,13.39,0.0,1.34,1.0,<Residue THR het=  resseq=23 icode= >,1jfi_A_A,2.62
112,2.354,THR, ,CB,62.14,12.66,1.79,2.22,1.0,<Residue THR het=  resseq=23 icode= >,1jfi_A_A,2.62
113,26.207,THR, ,OG1,62.3,11.31,24.127,1.48,1.0,<Residue THR het=  resseq=23 icode= >,1jfi_A_A,2.62
114,59.564,THR, ,CG2,61.55,13.57,33.774,0.62,1.0,<Residue THR het=  resseq=23 icode= >,1jfi_A_A,2.62
115,0.011,ASP, ,N,67.98,12.21,0.011,1.87,1.0,<Residue ASP het=  resseq=24 icode= >,1jfi_A_A,2.62
116,5.246,ASP, ,CA,70.98,12.97,0.053,2.03,1.0,<Residue ASP het=  resseq=24 icode= >,1jfi_A_A,2.62
117,0.0,ASP, ,C,71.5,12.19,0.0,2.32,1.0,<Residue ASP het=  resseq=24 icode= >,1jfi_A_A,2.62
118,1.159,ASP, ,O,70.86,11.19,1.159,1.43,1.0,<Residue ASP het=  resseq=24 icode= >,1jfi_A_A,2.62
119,8.513,ASP, ,CB,73.49,13.39,7.407,1.20,1.0,<Residue ASP het=  resseq=24 icode= >,1jfi_A_A,2.62
120,6.758,ASP, ,CG,76.82,14.71,0.0,1.91,1.0,<Residue ASP het=  resseq=24 icode= >,1jfi_A_A,2.62
121,10.295,ASP, ,OD1,76.58,14.95,0.0,1.56,1.0,<Residue ASP het=  resseq=24 icode= >,1jfi_A_A,2.62
122,36.551,ASP, ,OD2,79.97,15.59,21.778,0.71,1.0,<Residue ASP het=  resseq=24 icode= >,1jfi_A_A,2.62
123,1.919,GLU, ,N,72.3,12.79,0.0,1.74,1.0,<Residue GLU het=  resseq=25 icode= >,1jfi_A_A,2.62
124,2.247,GLU, ,CA,71.8,12.38,2.086,2.28,1.0,<Residue GLU het=  resseq=25 icode= >,1jfi_A_A,2.62
125,0.163,GLU, ,C,69.61,12.44,0.0,3.27,1.0,<Residue GLU het=  resseq=25 icode= >,1jfi_A_A,2.62
126,23.927,GLU, ,O,68.03,11.84,13.975,2.01,1.0,<Residue GLU het=  resseq=25 icode= >,1jfi_A_A,2.62
127,21.035,GLU, ,CB,74.53,13.43,0.0,1.41,1.0,<Residue GLU het=  resseq=25 icode= >,1jfi_A_A,2.62
128,34.112,GLU, ,CG,77.55,13.78,0.0,0.98,1.0,<Residue GLU het=  resseq=25 icode= >,1jfi_A_A,2.62
129,8.489,GLU, ,CD,79.96,12.69,0.0,1.34,1.0,<Residue GLU het=  resseq=25 icode= >,1jfi_A_A,2.62
130,38.232,GLU, ,OE1,82.48,13.08,0.0,0.39,1.0,<Residue GLU het=  resseq=25 icode= >,1jfi_A_A,2.62
131,25.091,GLU, ,OE2,81.14,11.53,8.782,1.26,1.0,<Residue GLU het=  resseq=25 icode= >,1jfi_A_A,2.62
132,0.0,GLU, ,N,68.06,13.31,0.0,2.74,1.0,<Residue GLU het=  resseq=26 icode= >,1jfi_A_A,2.62
133,3.611,GLU, ,CA,66.69,13.67,2.633,3.13,1.0,<Residue GLU het=  resseq=26 icode= >,1jfi_A_A,2.62
134,0.742,GLU, ,C,65.13,12.70,0.742,2.98,1.0,<Residue GLU het=  resseq=26 icode= >,1jfi_A_A,2.62
135,24.983,GLU, ,O,65.31,12.65,24.817,1.66,1.0,<Residue GLU het=  resseq=26 icode= >,1jfi_A_A,2.62
136,17.495,GLU, ,CB,68.22,15.00,10.434,1.67,1.0,<Residue GLU het=  resseq=26 icode= >,1jfi_A_A,2.62
137,29.351,GLU, ,CG,73.47,16.13,0.0,1.15,1.0,<Residue GLU het=  resseq=26 icode= >,1jfi_A_A,2.62
138,9.782,GLU, ,CD,76.08,16.32,0.0,1.86,1.0,<Residue GLU het=  resseq=26 icode= >,1jfi_A_A,2.62
139,37.37,GLU, ,OE1,77.4,16.33,4.02,0.90,1.0,<Residue GLU het=  resseq=26 icode= >,1jfi_A_A,2.62
140,28.252,GLU, ,OE2,75.96,16.30,0.0,1.08,1.0,<Residue GLU het=  resseq=26 icode= >,1jfi_A_A,2.62
141,0.0,ILE, ,N,62.64,11.97,0.0,2.60,1.0,<Residue ILE het=  resseq=27 icode= >,1jfi_A_A,2.62
142,4.65,ILE, ,CA,60.1,11.13,4.65,2.44,1.0,<Residue ILE het=  resseq=27 icode= >,1jfi_A_A,2.62
143,0.124,ILE, ,C,59.56,9.91,0.124,3.30,1.0,<Residue ILE het=  resseq=27 icode= >,1jfi_A_A,2.62
144,10.661,ILE, ,O,58.51,9.08,10.661,1.38,1.0,<Residue ILE het=  resseq=27 icode= >,1jfi_A_A,2.62
145,0.0,ILE, ,CB,59.92,10.84,0.0,1.66,1.0,<Residue ILE het=  resseq=27 icode= >,1jfi_A_A,2.62
146,18.768,ILE, ,CG1,58.93,12.17,18.768,1.56,1.0,<Residue ILE het=  resseq=27 icode= >,1jfi_A_A,2.62
147,5.921,ILE, ,CG2,59.74,9.80,5.921,-0.13,1.0,<Residue ILE het=  resseq=27 icode= >,1jfi_A_A,2.62
148,26.289,ILE, ,CD1,60.46,13.34,24.971,0.36,1.0,<Residue ILE het=  resseq=27 icode= >,1jfi_A_A,2.62
149,9.651,GLY, ,N,59.08,10.00,8.399,2.36,1.0,<Residue GLY het=  resseq=28 icode= >,1jfi_A_A,2.62
150,36.678,GLY, ,CA,61.06,9.10,30.91,1.76,1.0,<Residue GLY het=  resseq=28 icode= >,1jfi_A_A,2.62
151,4.141,GLY, ,C,63.31,8.00,4.141,3.06,1.0,<Residue GLY het=  resseq=28 icode= >,1jfi_A_A,2.62
152,0.06,GLY, ,O,64.86,7.42,0.06,1.29,1.0,<Residue GLY het=  resseq=28 icode= >,1jfi_A_A,2.62
153,5.397,LYS, ,N,64.46,7.81,4.987,2.72,1.0,<Residue LYS het=  resseq=29 icode= >,1jfi_A_A,2.62
154,4.063,LYS, ,CA,65.39,6.75,0.878,2.77,1.0,<Residue LYS het=  resseq=29 icode= >,1jfi_A_A,2.62
155,0.992,LYS, ,C,65.43,7.14,0.992,3.54,1.0,<Residue LYS het=  resseq=29 icode= >,1jfi_A_A,2.62
156,24.632,LYS, ,O,65.42,7.39,24.541,2.21,1.0,<Residue LYS het=  resseq=29 icode= >,1jfi_A_A,2.62
157,22.464,LYS, ,CB,68.86,6.32,15.655,0.75,1.0,<Residue LYS het=  resseq=29 icode= >,1jfi_A_A,2.62
158,24.776,LYS, ,CG,74.59,6.24,20.657,0.23,1.0,<Residue LYS het=  resseq=29 icode= >,1jfi_A_A,2.62
159,31.306,LYS, ,CD,78.53,5.30,20.329,-0.12,1.0,<Residue LYS het=  resseq=29 icode= >,1jfi_A_A,2.62
160,45.703,LYS, ,CE,80.91,4.97,40.43,-0.04,1.0,<Residue LYS het=  resseq=29 icode= >,1jfi_A_A,2.62
161,48.783,LYS, ,NZ,79.81,3.64,43.372,0.43,1.0,<Residue LYS het=  resseq=29 icode= >,1jfi_A_A,2.62
162,1.34,VAL, ,N,65.07,6.43,0.0,2.46,1.0,<Residue VAL het=  resseq=30 icode= >,1jfi_A_A,2.62
163,4.018,VAL, ,CA,64.16,7.18,4.018,2.10,1.0,<Residue VAL het=  resseq=30 icode= >,1jfi_A_A,2.62
164,2.832,VAL, ,C,61.6,6.31,2.285,2.55,1.0,<Residue VAL het=  resseq=30 icode= >,1jfi_A_A,2.62
165,8.027,VAL, ,O,60.97,5.18,0.0,1.49,1.0,<Residue VAL het=  resseq=30 icode= >,1jfi_A_A,2.62
166,2.737,VAL, ,CB,65.33,7.87,2.737,2.01,1.0,<Residue VAL het=  resseq=30 icode= >,1jfi_A_A,2.62
167,0.004,VAL, ,CG1,67.7,7.09,0.0,0.05,1.0,<Residue VAL het=  resseq=30 icode= >,1jfi_A_A,2.62
168,5.092,VAL, ,CG2,67.46,8.53,5.092,0.35,1.0,<Residue VAL het=  resseq=30 icode= >,1jfi_A_A,2.62
169,7.449,ALA, ,N,56.65,7.06,7.449,2.90,1.0,<Residue ALA het=  resseq=31 icode= >,1jfi_A_A,2.62
170,11.11,ALA, ,CA,54.64,6.81,3.89,3.14,1.0,<Residue ALA het=  resseq=31 icode= >,1jfi_A_A,2.62
171,0.0,ALA, ,C,54.16,6.57,0.0,3.39,1.0,<Residue ALA het=  resseq=31 icode= >,1jfi_A_A,2.62
172,0.0,ALA, ,O,54.17,7.33,0.0,1.41,1.0,<Residue ALA het=  resseq=31 icode= >,1jfi_A_A,2.62
173,50.197,ALA, ,CB,52.18,6.89,29.75,1.27,1.0,<Residue ALA het=  resseq=31 icode= >,1jfi_A_A,2.62
174,7.211,ALA, ,N,53.46,5.54,0.0,2.44,1.0,<Residue ALA het=  resseq=32 icode= >,1jfi_A_A,2.62
175,9.936,ALA, ,CA,53.86,4.99,0.0,1.96,1.0,<Residue ALA het=  resseq=32 icode= >,1jfi_A_A,2.62
176,1.114,ALA, ,C,52.33,6.16,0.0,3.02,1.0,<Residue ALA het=  resseq=32 icode= >,1jfi_A_A,2.62
177,9.072,ALA, ,O,52.43,6.29,0.0,1.62,1.0,<Residue ALA het=  resseq=32 icode= >,1jfi_A_A,2.62
178,67.432,ALA, ,CB,52.95,4.26,0.0,0.55,1.0,<Residue ALA het=  resseq=32 icode= >,1jfi_A_A,2.62
179,2.422,ALA, ,N,49.79,7.26,0.0,3.29,1.0,<Residue ALA het=  resseq=33 icode= >,1jfi_A_A,2.62
180,4.618,ALA, ,CA,47.49,8.49,1.196,3.67,1.0,<Residue ALA het=  resseq=33 icode= >,1jfi_A_A,2.62
181,0.163,ALA, ,C,48.86,9.25,0.163,3.79,1.0,<Residue ALA het=  resseq=33 icode= >,1jfi_A_A,2.62
182,0.0,ALA, ,O,49.8,10.13,0.0,2.18,1.0,<Residue ALA het=  resseq=33 icode= >,1jfi_A_A,2.62
183,57.039,ALA, ,CB,44.52,8.39,38.107,1.54,1.0,<Residue ALA het=  resseq=33 icode= >,1jfi_A_A,2.62
184,0.238,VAL, ,N,47.11,9.15,0.238,3.15,1.0,<Residue VAL het=  resseq=34 icode= >,1jfi_A_A,2.62
185,0.398,VAL, ,CA,45.56,10.13,0.398,3.60,1.0,<Residue VAL het=  resseq=34 icode= >,1jfi_A_A,2.62
186,0.0,VAL, ,C,45.6,10.32,0.0,4.23,1.0,<Residue VAL het=  resseq=34 icode= >,1jfi_A_A,2.62
187,0.0,VAL, ,O,46.63,11.45,0.0,2.59,1.0,<Residue VAL het=  resseq=34 icode= >,1jfi_A_A,2.62
188,0.0,VAL, ,CB,46.81,10.10,0.0,1.91,1.0,<Residue VAL het=  resseq=34 icode= >,1jfi_A_A,2.62
189,6.273,VAL, ,CG1,42.42,10.93,6.273,1.56,1.0,<Residue VAL het=  resseq=34 icode= >,1jfi_A_A,2.62
190,32.592,VAL, ,CG2,42.43,9.66,32.592,1.38,1.0,<Residue VAL het=  resseq=34 icode= >,1jfi_A_A,2.62
191,0.0,PRO, ,N,45.52,9.38,0.0,4.15,1.0,<Residue PRO het=  resseq=35 icode= >,1jfi_A_A,2.62
192,0.0,PRO, ,CA,45.11,9.85,0.0,4.03,1.0,<Residue PRO het=  resseq=35 icode= >,1jfi_A_A,2.62
193,0.0,PRO, ,C,45.3,10.62,0.0,4.84,1.0,<Residue PRO het=  resseq=35 icode= >,1jfi_A_A,2.62
194,0.0,PRO, ,O,48.07,11.52,0.0,2.59,1.0,<Residue PRO het=  resseq=35 icode= >,1jfi_A_A,2.62
195,0.896,PRO, ,CB,46.16,8.70,0.0,2.30,1.0,<Residue PRO het=  resseq=35 icode= >,1jfi_A_A,2.62
196,3.115,PRO, ,CG,44.63,8.03,0.0,2.56,1.0,<Residue PRO het=  resseq=35 icode= >,1jfi_A_A,2.62
197,0.0,PRO, ,CD,44.18,8.09,0.0,2.57,1.0,<Residue PRO het=  resseq=35 icode= >,1jfi_A_A,2.62
198,0.0,VAL, ,N,44.92,10.34,0.0,3.50,1.0,<Residue VAL het=  resseq=36 icode= >,1jfi_A_A,2.62
199,0.0,VAL, ,CA,45.37,11.28,0.0,3.73,1.0,<Residue VAL het=  resseq=36 icode= >,1jfi_A_A,2.62
200,0.0,VAL, ,C,45.31,12.63,0.0,4.87,1.0,<Residue VAL het=  resseq=36 icode= >,1jfi_A_A,2.62
201,6.155,VAL, ,O,43.58,13.30,3.774,2.64,1.0,<Residue VAL het=  resseq=36 icode= >,1jfi_A_A,2.62
202,7.429,VAL, ,CB,46.63,10.90,2.16,3.28,1.0,<Residue VAL het=  resseq=36 icode= >,1jfi_A_A,2.62
203,27.011,VAL, ,CG1,44.83,9.49,3.166,1.58,1.0,<Residue VAL het=  resseq=36 icode= >,1jfi_A_A,2.62
204,25.942,VAL, ,CG2,51.11,11.22,25.735,0.08,1.0,<Residue VAL het=  resseq=36 icode= >,1jfi_A_A,2.62
205,0.0,ILE, ,N,45.91,12.73,0.0,3.59,1.0,<Residue ILE het=  resseq=37 icode= >,1jfi_A_A,2.62
206,2.599,ILE, ,CA,47.95,14.11,2.599,2.83,1.0,<Residue ILE het=  resseq=37 icode= >,1jfi_A_A,2.62
207,0.108,ILE, ,C,44.62,14.74,0.086,4.72,1.0,<Residue ILE het=  resseq=37 icode= >,1jfi_A_A,2.62
208,1.84,ILE, ,O,42.96,15.91,1.84,2.75,1.0,<Residue ILE het=  resseq=37 icode= >,1jfi_A_A,2.62
209,10.904,ILE, ,CB,48.75,13.11,10.904,2.57,1.0,<Residue ILE het=  resseq=37 icode= >,1jfi_A_A,2.62
210,2.864,ILE, ,CG1,52.04,12.67,2.678,1.17,1.0,<Residue ILE het=  resseq=37 icode= >,1jfi_A_A,2.62
211,37.097,ILE, ,CG2,48.74,12.05,37.097,1.44,1.0,<Residue ILE het=  resseq=37 icode= >,1jfi_A_A,2.62
212,49.709,ILE, ,CD1,57.79,11.55,49.681,0.04,1.0,<Residue ILE het=  resseq=37 icode= >,1jfi_A_A,2.62
213,0.0,ILE, ,N,42.26,14.07,0.0,4.04,1.0,<Residue ILE het=  resseq=38 icode= >,1jfi_A_A,2.62
214,0.366,ILE, ,CA,43.5,14.83,0.366,3.24,1.0,<Residue ILE het=  resseq=38 icode= >,1jfi_A_A,2.62
215,0.0,ILE, ,C,41.87,15.05,0.0,4.38,1.0,<Residue ILE het=  resseq=38 icode= >,1jfi_A_A,2.62
216,0.0,ILE, ,O,42.05,15.90,0.0,2.50,1.0,<Residue ILE het=  resseq=38 icode= >,1jfi_A_A,2.62
217,0.0,ILE, ,CB,42.0,14.13,0.0,2.69,1.0,<Residue ILE het=  resseq=38 icode= >,1jfi_A_A,2.62
218,13.395,ILE, ,CG1,41.25,14.10,13.395,2.24,1.0,<Residue ILE het=  resseq=38 icode= >,1jfi_A_A,2.62
219,25.036,ILE, ,CG2,40.53,15.03,25.036,0.88,1.0,<Residue ILE het=  resseq=38 icode= >,1jfi_A_A,2.62
220,21.781,ILE, ,CD1,39.9,13.73,21.74,1.20,1.0,<Residue ILE het=  resseq=38 icode= >,1jfi_A_A,2.62
221,0.0,SER, ,N,39.66,13.95,0.0,3.81,1.0,<Residue SER het=  resseq=39 icode= >,1jfi_A_A,2.62
222,0.0,SER, ,CA,41.09,13.80,0.0,3.82,1.0,<Residue SER het=  resseq=39 icode= >,1jfi_A_A,2.62
223,0.0,SER, ,C,40.6,15.04,0.0,3.98,1.0,<Residue SER het=  resseq=39 icode= >,1jfi_A_A,2.62
224,0.0,SER, ,O,41.44,15.74,0.0,2.50,1.0,<Residue SER het=  resseq=39 icode= >,1jfi_A_A,2.62
225,0.098,SER, ,CB,41.16,12.52,0.0,2.72,1.0,<Residue SER het=  resseq=39 icode= >,1jfi_A_A,2.62
226,0.214,SER, ,OG,35.16,12.66,0.0,3.56,1.0,<Residue SER het=  resseq=39 icode= >,1jfi_A_A,2.62
227,0.585,ARG, ,N,41.37,15.42,0.0,3.11,1.0,<Residue ARG het=  resseq=40 icode= >,1jfi_A_A,2.62
228,1.069,ARG, ,CA,43.38,16.67,0.0,3.43,1.0,<Residue ARG het=  resseq=40 icode= >,1jfi_A_A,2.62
229,0.0,ARG, ,C,42.82,17.85,0.0,4.10,1.0,<Residue ARG het=  resseq=40 icode= >,1jfi_A_A,2.62
230,0.0,ARG, ,O,43.26,18.78,0.0,2.50,1.0,<Residue ARG het=  resseq=40 icode= >,1jfi_A_A,2.62
231,12.42,ARG, ,CB,48.52,17.01,11.572,1.34,1.0,<Residue ARG het=  resseq=40 icode= >,1jfi_A_A,2.62
232,16.945,ARG, ,CG,54.57,18.09,16.945,1.91,1.0,<Residue ARG het=  resseq=40 icode= >,1jfi_A_A,2.62
233,26.475,ARG, ,CD,61.53,17.88,12.54,1.38,1.0,<Residue ARG het=  resseq=40 icode= >,1jfi_A_A,2.62
234,2.075,ARG, ,NE,66.66,18.84,0.0,1.52,1.0,<Residue ARG het=  resseq=40 icode= >,1jfi_A_A,2.62
235,4.32,ARG, ,CZ,69.71,20.12,0.0,1.64,1.0,<Residue ARG het=  resseq=40 icode= >,1jfi_A_A,2.62
236,40.086,ARG, ,NH1,69.9,19.37,29.206,0.71,1.0,<Residue ARG het=  resseq=40 icode= >,1jfi_A_A,2.62
237,30.214,ARG, ,NH2,67.04,20.56,6.117,1.47,1.0,<Residue ARG het=  resseq=40 icode= >,1jfi_A_A,2.62
238,0.62,ALA, ,N,38.8,17.88,0.62,3.44,1.0,<Residue ALA het=  resseq=41 icode= >,1jfi_A_A,2.62
239,3.477,ALA, ,CA,40.34,19.02,3.477,3.57,1.0,<Residue ALA het=  resseq=41 icode= >,1jfi_A_A,2.62
240,1.017,ALA, ,C,40.35,19.09,1.017,3.74,1.0,<Residue ALA het=  resseq=41 icode= >,1jfi_A_A,2.62
241,2.216,ALA, ,O,42.03,20.18,2.216,1.59,1.0,<Residue ALA het=  resseq=41 icode= >,1jfi_A_A,2.62
242,46.536,ALA, ,CB,40.02,18.77,46.402,0.68,1.0,<Residue ALA het=  resseq=41 icode= >,1jfi_A_A,2.62
243,0.399,LEU, ,N,39.75,17.68,0.399,2.99,1.0,<Residue LEU het=  resseq=42 icode= >,1jfi_A_A,2.62
244,3.351,LEU, ,CA,40.44,16.56,3.351,3.85,1.0,<Residue LEU het=  resseq=42 icode= >,1jfi_A_A,2.62
245,0.0,LEU, ,C,40.53,16.40,0.0,5.24,1.0,<Residue LEU het=  resseq=42 icode= >,1jfi_A_A,2.62
246,0.0,LEU, ,O,38.24,16.21,0.0,3.02,1.0,<Residue LEU het=  resseq=42 icode= >,1jfi_A_A,2.62
247,0.928,LEU, ,CB,41.77,15.32,0.928,2.36,1.0,<Residue LEU het=  resseq=42 icode= >,1jfi_A_A,2.62
248,0.0,LEU, ,CG,44.05,14.10,0.0,3.21,1.0,<Residue LEU het=  resseq=42 icode= >,1jfi_A_A,2.62
249,27.909,LEU, ,CD1,43.84,14.41,27.909,1.47,1.0,<Residue LEU het=  resseq=42 icode= >,1jfi_A_A,2.62
250,32.528,LEU, ,CD2,48.65,13.05,32.528,0.59,1.0,<Residue LEU het=  resseq=42 icode= >,1jfi_A_A,2.62
251,0.0,GLU, ,N,40.97,16.68,0.0,3.82,1.0,<Residue GLU het=  resseq=43 icode= >,1jfi_A_A,2.62
252,0.665,GLU, ,CA,44.39,16.71,0.665,3.31,1.0,<Residue GLU het=  resseq=43 icode= >,1jfi_A_A,2.62
253,0.115,GLU, ,C,45.75,17.95,0.0,3.28,1.0,<Residue GLU het=  resseq=43 icode= >,1jfi_A_A,2.62
254,2.259,GLU, ,O,45.35,17.93,2.052,1.96,1.0,<Residue GLU het=  resseq=43 icode= >,1jfi_A_A,2.62
255,0.0,GLU, ,CB,45.03,16.61,0.0,2.83,1.0,<Residue GLU het=  resseq=43 icode= >,1jfi_A_A,2.62
256,12.763,GLU, ,CG,48.47,16.50,8.194,2.74,1.0,<Residue GLU het=  resseq=43 icode= >,1jfi_A_A,2.62
257,0.263,GLU, ,CD,53.09,16.42,0.0,2.91,1.0,<Residue GLU het=  resseq=43 icode= >,1jfi_A_A,2.62
258,22.438,GLU, ,OE1,56.97,16.45,0.23,1.52,1.0,<Residue GLU het=  resseq=43 icode= >,1jfi_A_A,2.62
259,6.457,GLU, ,OE2,54.61,16.48,0.0,2.10,1.0,<Residue GLU het=  resseq=43 icode= >,1jfi_A_A,2.62
260,0.0,LEU, ,N,44.82,1000.00,0.0,2.74,1.0,<Residue LEU het=  resseq=44 icode= >,1jfi_A_A,2.62
261,0.185,LEU, ,CA,43.44,1000.00,0.0,3.67,1.0,<Residue LEU het=  resseq=44 icode= >,1jfi_A_A,2.62
262,1.003,LEU, ,C,44.46,1000.00,1.003,4.00,1.0,<Residue LEU het=  resseq=44 icode= >,1jfi_A_A,2.62
263,4.605,LEU, ,O,45.04,1000.00,2.2,2.58,1.0,<Residue LEU het=  resseq=44 icode= >,1jfi_A_A,2.62
264,12.224,LEU, ,CB,40.55,1000.00,12.224,2.60,1.0,<Residue LEU het=  resseq=44 icode= >,1jfi_A_A,2.62
265,0.0,LEU, ,CG,43.54,1000.00,0.0,2.62,1.0,<Residue LEU het=  resseq=44 icode= >,1jfi_A_A,2.62
266,46.033,LEU, ,CD1,45.88,1000.00,45.072,0.38,1.0,<Residue LEU het=  resseq=44 icode= >,1jfi_A_A,2.62
267,32.274,LEU, ,CD2,37.27,1000.00,15.953,1.41,1.0,<Residue LEU het=  resseq=44 icode= >,1jfi_A_A,2.62
268,0.325,PHE, ,N,44.86,1000.00,0.325,3.05,1.0,<Residue PHE het=  resseq=45 icode= >,1jfi_A_A,2.62
269,5.959,PHE, ,CA,44.56,1000.00,5.959,3.40,1.0,<Residue PHE het=  resseq=45 icode= >,1jfi_A_A,2.62
270,0.0,PHE, ,C,44.74,1000.00,0.0,4.22,1.0,<Residue PHE het=  resseq=45 icode= >,1jfi_A_A,2.62
271,0.252,PHE, ,O,47.49,1000.00,0.0,2.41,1.0,<Residue PHE het=  resseq=45 icode= >,1jfi_A_A,2.62
272,13.386,PHE, ,CB,40.0,1000.00,13.386,2.13,1.0,<Residue PHE het=  resseq=45 icode= >,1jfi_A_A,2.62
273,1.786,PHE, ,CG,37.7,1000.00,1.786,3.06,1.0,<Residue PHE het=  resseq=45 icode= >,1jfi_A_A,2.62
274,1.436,PHE, ,CD1,39.86,1000.00,1.436,2.29,1.0,<Residue PHE het=  resseq=45 icode= >,1jfi_A_A,2.62
275,24.051,PHE, ,CD2,40.72,1000.00,20.286,2.43,1.0,<Residue PHE het=  resseq=45 icode= >,1jfi_A_A,2.62
276,15.054,PHE, ,CE1,38.91,1000.00,15.054,2.27,1.0,<Residue PHE het=  resseq=45 icode= >,1jfi_A_A,2.62
277,32.053,PHE, ,CE2,38.13,1000.00,10.395,2.36,1.0,<Residue PHE het=  resseq=45 icode= >,1jfi_A_A,2.62
278,18.032,PHE, ,CZ,41.84,1000.00,10.189,2.19,1.0,<Residue PHE het=  resseq=45 icode= >,1jfi_A_A,2.62
279,0.0,LEU, ,N,44.8,17.51,0.0,3.19,1.0,<Residue LEU het=  resseq=46 icode= >,1jfi_A_A,2.62
280,0.0,LEU, ,CA,45.66,16.81,0.0,3.51,1.0,<Residue LEU het=  resseq=46 icode= >,1jfi_A_A,2.62
281,0.0,LEU, ,C,47.91,17.69,0.0,4.12,1.0,<Residue LEU het=  resseq=46 icode= >,1jfi_A_A,2.62
282,0.0,LEU, ,O,46.35,17.84,0.0,2.77,1.0,<Residue LEU het=  resseq=46 icode= >,1jfi_A_A,2.62
283,5.819,LEU, ,CB,45.7,15.43,5.819,1.63,1.0,<Residue LEU het=  resseq=46 icode= >,1jfi_A_A,2.62
284,0.0,LEU, ,CG,45.71,14.46,0.0,2.67,1.0,<Residue LEU het=  resseq=46 icode= >,1jfi_A_A,2.62
285,26.308,LEU, ,CD1,45.26,13.18,26.016,0.71,1.0,<Residue LEU het=  resseq=46 icode= >,1jfi_A_A,2.62
286,25.045,LEU, ,CD2,44.5,14.31,25.045,1.28,1.0,<Residue LEU het=  resseq=46 icode= >,1jfi_A_A,2.62
287,0.825,GLU, ,N,49.87,18.38,0.825,3.12,1.0,<Residue GLU het=  resseq=47 icode= >,1jfi_A_A,2.62
288,5.036,GLU, ,CA,55.22,19.17,5.036,3.37,1.0,<Residue GLU het=  resseq=47 icode= >,1jfi_A_A,2.62
289,0.0,GLU, ,C,55.24,20.26,0.0,3.94,1.0,<Residue GLU het=  resseq=47 icode= >,1jfi_A_A,2.62
290,0.0,GLU, ,O,55.67,20.42,0.0,1.73,1.0,<Residue GLU het=  resseq=47 icode= >,1jfi_A_A,2.62
291,9.038,GLU, ,CB,58.87,19.86,6.659,1.99,1.0,<Residue GLU het=  resseq=47 icode= >,1jfi_A_A,2.62
292,11.366,GLU, ,CG,68.59,20.57,8.764,0.28,1.0,<Residue GLU het=  resseq=47 icode= >,1jfi_A_A,2.62
293,15.763,GLU, ,CD,73.1,21.62,0.0,0.92,1.0,<Residue GLU het=  resseq=47 icode= >,1jfi_A_A,2.62
294,25.165,GLU, ,OE1,72.94,22.32,0.0,0.91,1.0,<Residue GLU het=  resseq=47 icode= >,1jfi_A_A,2.62
295,20.949,GLU, ,OE2,72.7,21.82,0.0,1.20,1.0,<Residue GLU het=  resseq=47 icode= >,1jfi_A_A,2.62
296,0.372,SER, ,N,55.47,1000.00,0.0,3.20,1.0,<Residue SER het=  resseq=48 icode= >,1jfi_A_A,2.62
297,8.439,SER, ,CA,56.19,1000.00,0.0,2.92,1.0,<Residue SER het=  resseq=48 icode= >,1jfi_A_A,2.62
298,0.324,SER, ,C,55.5,1000.00,0.0,3.81,1.0,<Residue SER het=  resseq=48 icode= >,1jfi_A_A,2.62
299,0.341,SER, ,O,57.08,1000.00,0.0,1.91,1.0,<Residue SER het=  resseq=48 icode= >,1jfi_A_A,2.62
300,26.531,SER, ,CB,56.71,1000.00,11.253,1.69,1.0,<Residue SER het=  resseq=48 icode= >,1jfi_A_A,2.62
301,26.952,SER, ,OG,55.21,1000.00,0.0,1.34,1.0,<Residue SER het=  resseq=48 icode= >,1jfi_A_A,2.62
302,0.425,LEU, ,N,54.27,1000.00,0.0,3.11,1.0,<Residue LEU het=  resseq=49 icode= >,1jfi_A_A,2.62
303,4.556,LEU, ,CA,53.24,1000.00,0.0,3.70,1.0,<Residue LEU het=  resseq=49 icode= >,1jfi_A_A,2.62
304,0.0,LEU, ,C,53.55,1000.00,0.0,4.38,1.0,<Residue LEU het=  resseq=49 icode= >,1jfi_A_A,2.62
305,0.0,LEU, ,O,52.96,1000.00,0.0,2.39,1.0,<Residue LEU het=  resseq=49 icode= >,1jfi_A_A,2.62
306,2.335,LEU, ,CB,52.45,1000.00,0.0,1.88,1.0,<Residue LEU het=  resseq=49 icode= >,1jfi_A_A,2.62
307,0.0,LEU, ,CG,55.11,1000.00,0.0,2.07,1.0,<Residue LEU het=  resseq=49 icode= >,1jfi_A_A,2.62
308,4.619,LEU, ,CD1,56.37,1000.00,0.0,0.76,1.0,<Residue LEU het=  resseq=49 icode= >,1jfi_A_A,2.62
309,13.886,LEU, ,CD2,55.65,1000.00,13.886,0.73,1.0,<Residue LEU het=  resseq=49 icode= >,1jfi_A_A,2.62
310,0.0,LEU, ,N,53.41,18.82,0.0,3.16,1.0,<Residue LEU het=  resseq=50 icode= >,1jfi_A_A,2.62
311,0.0,LEU, ,CA,53.24,18.21,0.0,2.92,1.0,<Residue LEU het=  resseq=50 icode= >,1jfi_A_A,2.62
312,0.967,LEU, ,C,54.6,19.29,0.967,3.89,1.0,<Residue LEU het=  resseq=50 icode= >,1jfi_A_A,2.62
313,0.953,LEU, ,O,52.97,19.40,0.953,2.77,1.0,<Residue LEU het=  resseq=50 icode= >,1jfi_A_A,2.62
314,10.822,LEU, ,CB,51.48,17.06,10.822,1.34,1.0,<Residue LEU het=  resseq=50 icode= >,1jfi_A_A,2.62
315,0.0,LEU, ,CG,51.3,15.80,0.0,1.71,1.0,<Residue LEU het=  resseq=50 icode= >,1jfi_A_A,2.62
316,51.523,LEU, ,CD1,46.78,14.89,51.135,0.84,1.0,<Residue LEU het=  resseq=50 icode= >,1jfi_A_A,2.62
317,19.898,LEU, ,CD2,47.4,15.17,19.898,0.66,1.0,<Residue LEU het=  resseq=50 icode= >,1jfi_A_A,2.62
318,0.0,LYS, ,N,56.7,1000.00,0.0,2.85,1.0,<Residue LYS het=  resseq=51 icode= >,1jfi_A_A,2.62
319,2.067,LYS, ,CA,58.15,1000.00,1.2,2.91,1.0,<Residue LYS het=  resseq=51 icode= >,1jfi_A_A,2.62
320,0.0,LYS, ,C,60.6,1000.00,0.0,3.44,1.0,<Residue LYS het=  resseq=51 icode= >,1jfi_A_A,2.62
321,3.131,LYS, ,O,60.28,1000.00,0.0,2.58,1.0,<Residue LYS het=  resseq=51 icode= >,1jfi_A_A,2.62
322,10.167,LYS, ,CB,57.73,1000.00,0.0,1.55,1.0,<Residue LYS het=  resseq=51 icode= >,1jfi_A_A,2.62
323,13.508,LYS, ,CG,61.81,1000.00,10.857,0.72,1.0,<Residue LYS het=  resseq=51 icode= >,1jfi_A_A,2.62
324,21.436,LYS, ,CD,61.87,1000.00,0.0,1.51,1.0,<Residue LYS het=  resseq=51 icode= >,1jfi_A_A,2.62
325,33.191,LYS, ,CE,64.46,1000.00,16.816,0.92,1.0,<Residue LYS het=  resseq=51 icode= >,1jfi_A_A,2.62
326,39.071,LYS, ,NZ,69.19,1000.00,0.0,0.26,1.0,<Residue LYS het=  resseq=51 icode= >,1jfi_A_A,2.62
327,0.0,LYS, ,N,64.1,1000.00,0.0,2.07,1.0,<Residue LYS het=  resseq=52 icode= >,1jfi_A_A,2.62
328,0.155,LYS, ,CA,66.46,1000.00,0.0,2.66,1.0,<Residue LYS het=  resseq=52 icode= >,1jfi_A_A,2.62
329,0.0,LYS, ,C,67.08,1000.00,0.0,3.69,1.0,<Residue LYS het=  resseq=52 icode= >,1jfi_A_A,2.62
330,0.496,LYS, ,O,69.52,1000.00,0.0,1.48,1.0,<Residue LYS het=  resseq=52 icode= >,1jfi_A_A,2.62
331,7.083,LYS, ,CB,66.9,1000.00,0.0,1.62,1.0,<Residue LYS het=  resseq=52 icode= >,1jfi_A_A,2.62
332,9.757,LYS, ,CG,69.28,1000.00,0.0,1.12,1.0,<Residue LYS het=  resseq=52 icode= >,1jfi_A_A,2.62
333,14.986,LYS, ,CD,70.17,1000.00,0.0,1.59,1.0,<Residue LYS het=  resseq=52 icode= >,1jfi_A_A,2.62
334,34.446,LYS, ,CE,71.01,1000.00,0.0,1.08,1.0,<Residue LYS het=  resseq=52 icode= >,1jfi_A_A,2.62
335,47.375,LYS, ,NZ,73.02,1000.00,0.0,0.65,1.0,<Residue LYS het=  resseq=52 icode= >,1jfi_A_A,2.62
336,0.0,ALA, ,N,68.6,1000.00,0.0,2.63,1.0,<Residue ALA het=  resseq=53 icode= >,1jfi_A_A,2.62
337,0.0,ALA, ,CA,71.44,1000.00,0.0,2.68,1.0,<Residue ALA het=  resseq=53 icode= >,1jfi_A_A,2.62
338,0.0,ALA, ,C,73.88,1000.00,0.0,2.97,1.0,<Residue ALA het=  resseq=53 icode= >,1jfi_A_A,2.62
339,0.0,ALA, ,O,73.83,1000.00,0.0,1.77,1.0,<Residue ALA het=  resseq=53 icode= >,1jfi_A_A,2.62
340,0.0,ALA, ,CB,72.15,1000.00,0.0,0.20,1.0,<Residue ALA het=  resseq=53 icode= >,1jfi_A_A,2.62
341,0.0,CYS, ,N,76.46,1000.00,0.0,2.65,1.0,<Residue CYS het=  resseq=54 icode= >,1jfi_A_A,2.62
342,0.3,CYS, ,CA,80.03,1000.00,0.3,2.61,1.0,<Residue CYS het=  resseq=54 icode= >,1jfi_A_A,2.62
343,0.0,CYS, ,C,81.54,1000.00,0.0,2.62,1.0,<Residue CYS het=  resseq=54 icode= >,1jfi_A_A,2.62
344,0.0,CYS, ,O,81.5,1000.00,0.0,1.16,1.0,<Residue CYS het=  resseq=54 icode= >,1jfi_A_A,2.62
345,10.851,CYS, ,CB,80.73,1000.00,8.644,1.67,1.0,<Residue CYS het=  resseq=54 icode= >,1jfi_A_A,2.62
346,42.29,CYS, ,SG,84.06,1000.00,31.335,2.08,1.0,<Residue CYS het=  resseq=54 icode= >,1jfi_A_A,2.62
347,0.012,GLN, ,N,83.34,1000.00,0.0,2.04,1.0,<Residue GLN het=  resseq=55 icode= >,1jfi_A_A,2.62
348,4.399,GLN, ,CA,84.88,1000.00,0.0,1.89,1.0,<Residue GLN het=  resseq=55 icode= >,1jfi_A_A,2.62
349,1.577,GLN, ,C,85.41,1000.00,0.0,2.39,1.0,<Residue GLN het=  resseq=55 icode= >,1jfi_A_A,2.62
350,3.652,GLN, ,O,85.66,1000.00,0.0,1.22,1.0,<Residue GLN het=  resseq=55 icode= >,1jfi_A_A,2.62
351,12.684,GLN, ,CB,84.93,1000.00,0.0,1.24,1.0,<Residue GLN het=  resseq=55 icode= >,1jfi_A_A,2.62
352,24.825,GLN, ,CG,87.01,1000.00,0.0,1.32,1.0,<Residue GLN het=  resseq=55 icode= >,1jfi_A_A,2.62
353,5.423,GLN, ,CD,88.25,1000.00,0.0,1.39,1.0,<Residue GLN het=  resseq=55 icode= >,1jfi_A_A,2.62
354,32.248,GLN, ,OE1,90.24,1000.00,0.0,0.94,1.0,<Residue GLN het=  resseq=55 icode= >,1jfi_A_A,2.62
355,25.412,GLN, ,NE2,88.46,1000.00,0.0,0.85,1.0,<Residue GLN het=  resseq=55 icode= >,1jfi_A_A,2.62
356,0.076,VAL, ,N,85.31,1000.00,0.0,2.23,1.0,<Residue VAL het=  resseq=56 icode= >,1jfi_A_A,2.62
357,2.057,VAL, ,CA,85.73,1000.00,0.0,2.50,1.0,<Residue VAL het=  resseq=56 icode= >,1jfi_A_A,2.62
358,0.0,VAL, ,C,88.26,1000.00,0.0,2.30,1.0,<Residue VAL het=  resseq=56 icode= >,1jfi_A_A,2.62
359,0.0,VAL, ,O,90.01,1000.00,0.0,0.88,1.0,<Residue VAL het=  resseq=56 icode= >,1jfi_A_A,2.62
360,0.0,VAL, ,CB,83.64,1000.00,0.0,1.89,1.0,<Residue VAL het=  resseq=56 icode= >,1jfi_A_A,2.62
361,6.164,VAL, ,CG1,81.74,1000.00,0.0,0.87,1.0,<Residue VAL het=  resseq=56 icode= >,1jfi_A_A,2.62
362,30.703,VAL, ,CG2,81.68,1000.00,0.0,0.43,1.0,<Residue VAL het=  resseq=56 icode= >,1jfi_A_A,2.62
363,0.0,THR, ,N,89.58,1000.00,0.0,1.82,1.0,<Residue THR het=  resseq=57 icode= >,1jfi_A_A,2.62
364,0.0,THR, ,CA,91.49,1000.00,0.0,1.29,1.0,<Residue THR het=  resseq=57 icode= >,1jfi_A_A,2.62
365,1.106,THR, ,C,92.61,1000.00,0.0,1.27,1.0,<Residue THR het=  resseq=57 icode= >,1jfi_A_A,2.62
366,9.28,THR, ,O,92.48,1000.00,0.0,0.73,1.0,<Residue THR het=  resseq=57 icode= >,1jfi_A_A,2.62
367,5.745,THR, ,CB,91.26,1000.00,0.389,1.45,1.0,<Residue THR het=  resseq=57 icode= >,1jfi_A_A,2.62
368,5.135,THR, ,OG1,91.98,1000.00,3.227,0.63,1.0,<Residue THR het=  resseq=57 icode= >,1jfi_A_A,2.62
369,0.0,THR, ,CG2,90.77,1000.00,0.0,0.52,1.0,<Residue THR het=  resseq=57 icode= >,1jfi_A_A,2.62
370,0.0,GLN, ,N,93.11,1000.00,0.0,1.54,1.0,<Residue GLN het=  resseq=58 icode= >,1jfi_A_A,2.62
371,8.123,GLN, ,CA,93.72,1000.00,0.0,1.94,1.0,<Residue GLN het=  resseq=58 icode= >,1jfi_A_A,2.62
372,1.053,GLN, ,C,94.65,1000.00,0.0,1.75,1.0,<Residue GLN het=  resseq=58 icode= >,1jfi_A_A,2.62
373,27.743,GLN, ,O,94.51,1000.00,0.0,1.07,1.0,<Residue GLN het=  resseq=58 icode= >,1jfi_A_A,2.62
374,14.955,GLN, ,CB,93.02,1000.00,0.0,1.39,1.0,<Residue GLN het=  resseq=58 icode= >,1jfi_A_A,2.62
375,17.478,GLN, ,CG,93.63,1000.00,0.0,1.16,1.0,<Residue GLN het=  resseq=58 icode= >,1jfi_A_A,2.62
376,8.016,GLN, ,CD,94.11,1000.00,0.0,1.66,1.0,<Residue GLN het=  resseq=58 icode= >,1jfi_A_A,2.62
377,38.08,GLN, ,OE1,95.32,1000.00,0.0,0.98,1.0,<Residue GLN het=  resseq=58 icode= >,1jfi_A_A,2.62
378,31.504,GLN, ,NE2,92.31,1000.00,0.299,0.96,1.0,<Residue GLN het=  resseq=58 icode= >,1jfi_A_A,2.62
379,0.0,SER, ,N,95.41,1000.00,0.0,1.38,1.0,<Residue SER het=  resseq=59 icode= >,1jfi_A_A,2.62
380,8.871,SER, ,CA,95.14,1000.00,0.0,1.85,1.0,<Residue SER het=  resseq=59 icode= >,1jfi_A_A,2.62
381,4.394,SER, ,C,95.66,1000.00,0.0,2.03,1.0,<Residue SER het=  resseq=59 icode= >,1jfi_A_A,2.62
382,19.216,SER, ,O,96.27,1000.00,0.0,1.20,1.0,<Residue SER het=  resseq=59 icode= >,1jfi_A_A,2.62
383,38.865,SER, ,CB,94.51,1000.00,0.0,1.28,1.0,<Residue SER het=  resseq=59 icode= >,1jfi_A_A,2.62
384,12.167,SER, ,OG,94.56,1000.00,0.0,0.99,1.0,<Residue SER het=  resseq=59 icode= >,1jfi_A_A,2.62
385,0.3,ARG, ,N,96.06,1000.00,0.0,2.21,1.0,<Residue ARG het=  resseq=60 icode= >,1jfi_A_A,2.62
386,6.792,ARG, ,CA,96.28,1000.00,0.0,2.03,1.0,<Residue ARG het=  resseq=60 icode= >,1jfi_A_A,2.62
387,36.685,ARG, ,C,95.34,1000.00,0.0,1.39,1.0,<Residue ARG het=  resseq=60 icode= >,1jfi_A_A,2.62
388,28.481,ARG, ,O,93.04,1000.00,0.0,1.81,1.0,<Residue ARG het=  resseq=60 icode= >,1jfi_A_A,2.62
389,14.518,ARG, ,CB,98.42,1000.00,0.0,0.87,1.0,<Residue ARG het=  resseq=60 icode= >,1jfi_A_A,2.62
390,0.0,ARG, ,CG,100.76,1000.00,0.0,0.48,1.0,<Residue ARG het=  resseq=60 icode= >,1jfi_A_A,2.62
391,22.115,ARG, ,CD,102.47,1000.00,0.0,0.47,1.0,<Residue ARG het=  resseq=60 icode= >,1jfi_A_A,2.62
392,15.293,ARG, ,NE,103.96,1000.00,0.0,1.12,1.0,<Residue ARG het=  resseq=60 icode= >,1jfi_A_A,2.62
393,4.311,ARG, ,CZ,104.65,1000.00,0.0,1.02,1.0,<Residue ARG het=  resseq=60 icode= >,1jfi_A_A,2.62
394,24.401,ARG, ,NH1,104.66,1000.00,0.0,-0.13,1.0,<Residue ARG het=  resseq=60 icode= >,1jfi_A_A,2.62
395,20.647,ARG, ,NH2,104.86,1000.00,0.0,0.96,1.0,<Residue ARG het=  resseq=60 icode= >,1jfi_A_A,2.62
396,48.974,THR, ,N,88.38,1000.00,2.42,1.45,1.0,<Residue THR het=  resseq=64 icode= >,1jfi_A_A,2.62
397,11.753,THR, ,CA,88.94,1000.00,11.677,1.37,1.0,<Residue THR het=  resseq=64 icode= >,1jfi_A_A,2.62
398,0.243,THR, ,C,87.92,1000.00,0.0,1.13,1.0,<Residue THR het=  resseq=64 icode= >,1jfi_A_A,2.62
399,8.028,THR, ,O,87.91,1000.00,0.0,0.67,1.0,<Residue THR het=  resseq=64 icode= >,1jfi_A_A,2.62
400,14.762,THR, ,CB,89.55,1000.00,0.0,1.38,1.0,<Residue THR het=  resseq=64 icode= >,1jfi_A_A,2.62
401,34.77,THR, ,OG1,91.73,1000.00,20.435,0.20,1.0,<Residue THR het=  resseq=64 icode= >,1jfi_A_A,2.62
402,47.727,THR, ,CG2,88.35,1000.00,29.631,0.79,1.0,<Residue THR het=  resseq=64 icode= >,1jfi_A_A,2.62
403,7.287,MET, ,N,86.01,1000.00,7.073,0.85,1.0,<Residue MET het=  resseq=65 icode= >,1jfi_A_A,2.62
404,0.0,MET, ,CA,83.12,1000.00,0.0,1.60,1.0,<Residue MET het=  resseq=65 icode= >,1jfi_A_A,2.62
405,0.315,MET, ,C,81.71,1000.00,0.315,2.26,1.0,<Residue MET het=  resseq=65 icode= >,1jfi_A_A,2.62
406,18.104,MET, ,O,80.15,1000.00,18.104,1.43,1.0,<Residue MET het=  resseq=65 icode= >,1jfi_A_A,2.62
407,17.313,MET, ,CB,83.44,1000.00,17.313,0.91,1.0,<Residue MET het=  resseq=65 icode= >,1jfi_A_A,2.62
408,0.715,MET, ,CG,82.8,1000.00,0.715,1.27,1.0,<Residue MET het=  resseq=65 icode= >,1jfi_A_A,2.62
409,6.704,MET, ,SD,82.19,1000.00,6.704,2.65,1.0,<Residue MET het=  resseq=65 icode= >,1jfi_A_A,2.62
410,30.406,MET, ,CE,83.28,1000.00,30.406,-0.06,1.0,<Residue MET het=  resseq=65 icode= >,1jfi_A_A,2.62
411,0.0,THR, ,N,80.77,1000.00,0.0,1.75,1.0,<Residue THR het=  resseq=66 icode= >,1jfi_A_A,2.62
412,5.323,THR, ,CA,81.19,1000.00,5.323,1.48,1.0,<Residue THR het=  resseq=66 icode= >,1jfi_A_A,2.62
413,2.717,THR, ,C,81.26,1000.00,2.717,2.59,1.0,<Residue THR het=  resseq=66 icode= >,1jfi_A_A,2.62
414,0.0,THR, ,O,79.73,1000.00,0.0,2.21,1.0,<Residue THR het=  resseq=66 icode= >,1jfi_A_A,2.62
415,10.55,THR, ,CB,81.03,1000.00,1.313,1.38,1.0,<Residue THR het=  resseq=66 icode= >,1jfi_A_A,2.62
416,1.841,THR, ,OG1,79.11,1000.00,0.0,1.29,1.0,<Residue THR het=  resseq=66 icode= >,1jfi_A_A,2.62
417,37.365,THR, ,CG2,79.85,1000.00,3.476,0.29,1.0,<Residue THR het=  resseq=66 icode= >,1jfi_A_A,2.62
418,5.975,THR, ,N,82.57,15.29,5.788,2.33,1.0,<Residue THR het=  resseq=67 icode= >,1jfi_A_A,2.62
419,6.388,THR, ,CA,84.44,15.17,6.388,2.57,1.0,<Residue THR het=  resseq=67 icode= >,1jfi_A_A,2.62
420,0.0,THR, ,C,86.49,16.58,0.0,2.59,1.0,<Residue THR het=  resseq=67 icode= >,1jfi_A_A,2.62
421,0.371,THR, ,O,86.07,16.82,0.371,1.20,1.0,<Residue THR het=  resseq=67 icode= >,1jfi_A_A,2.62
422,20.924,THR, ,CB,83.87,14.62,18.518,2.23,1.0,<Residue THR het=  resseq=67 icode= >,1jfi_A_A,2.62
423,11.034,THR, ,OG1,84.71,14.81,5.531,1.03,1.0,<Residue THR het=  resseq=67 icode= >,1jfi_A_A,2.62
424,46.472,THR, ,CG2,83.92,15.50,11.87,0.87,1.0,<Residue THR het=  resseq=67 icode= >,1jfi_A_A,2.62
425,0.0,SER, ,N,88.84,1000.00,0.0,2.09,1.0,<Residue SER het=  resseq=68 icode= >,1jfi_A_A,2.62
426,2.331,SER, ,CA,90.95,1000.00,0.0,2.13,1.0,<Residue SER het=  resseq=68 icode= >,1jfi_A_A,2.62
427,0.0,SER, ,C,92.38,1000.00,0.0,2.60,1.0,<Residue SER het=  resseq=68 icode= >,1jfi_A_A,2.62
428,0.0,SER, ,O,92.85,1000.00,0.0,1.81,1.0,<Residue SER het=  resseq=68 icode= >,1jfi_A_A,2.62
429,33.537,SER, ,CB,90.84,1000.00,0.0,1.36,1.0,<Residue SER het=  resseq=68 icode= >,1jfi_A_A,2.62
430,6.757,SER, ,OG,92.27,1000.00,0.0,0.81,1.0,<Residue SER het=  resseq=68 icode= >,1jfi_A_A,2.62
431,0.0,HIS, ,N,93.58,1000.00,0.0,2.35,1.0,<Residue HIS het=  resseq=69 icode= >,1jfi_A_A,2.62
432,0.0,HIS, ,CA,95.3,1000.00,0.0,2.34,1.0,<Residue HIS het=  resseq=69 icode= >,1jfi_A_A,2.62
433,0.0,HIS, ,C,96.38,1000.00,0.0,2.74,1.0,<Residue HIS het=  resseq=69 icode= >,1jfi_A_A,2.62
434,0.0,HIS, ,O,96.12,1000.00,0.0,1.70,1.0,<Residue HIS het=  resseq=69 icode= >,1jfi_A_A,2.62
435,0.0,HIS, ,CB,94.85,1000.00,0.0,1.30,1.0,<Residue HIS het=  resseq=69 icode= >,1jfi_A_A,2.62
436,0.0,HIS, ,CG,95.44,1000.00,0.0,1.68,1.0,<Residue HIS het=  resseq=69 icode= >,1jfi_A_A,2.62
437,0.0,HIS, ,ND1,96.04,1000.00,0.0,0.81,1.0,<Residue HIS het=  resseq=69 icode= >,1jfi_A_A,2.62
438,0.0,HIS, ,CD2,96.04,1000.00,0.0,1.33,1.0,<Residue HIS het=  resseq=69 icode= >,1jfi_A_A,2.62
439,2.94,HIS, ,CE1,96.54,1000.00,0.0,0.61,1.0,<Residue HIS het=  resseq=69 icode= >,1jfi_A_A,2.62
440,8.171,HIS, ,NE2,96.04,1000.00,0.0,1.23,1.0,<Residue HIS het=  resseq=69 icode= >,1jfi_A_A,2.62
441,0.0,LEU, ,N,98.74,1000.00,0.0,1.91,1.0,<Residue LEU het=  resseq=70 icode= >,1jfi_A_A,2.62
442,0.0,LEU, ,CA,101.06,1000.00,0.0,1.90,1.0,<Residue LEU het=  resseq=70 icode= >,1jfi_A_A,2.62
443,0.0,LEU, ,C,102.98,1000.00,0.0,2.43,1.0,<Residue LEU het=  resseq=70 icode= >,1jfi_A_A,2.62
444,0.0,LEU, ,O,102.92,1000.00,0.0,1.93,1.0,<Residue LEU het=  resseq=70 icode= >,1jfi_A_A,2.62
445,3.197,LEU, ,CB,100.73,1000.00,3.197,1.06,1.0,<Residue LEU het=  resseq=70 icode= >,1jfi_A_A,2.62
446,0.571,LEU, ,CG,100.11,1000.00,0.571,1.16,1.0,<Residue LEU het=  resseq=70 icode= >,1jfi_A_A,2.62
447,0.0,LEU, ,CD1,100.29,1000.00,0.0,0.19,1.0,<Residue LEU het=  resseq=70 icode= >,1jfi_A_A,2.62
448,46.217,LEU, ,CD2,100.56,1000.00,46.217,-0.63,1.0,<Residue LEU het=  resseq=70 icode= >,1jfi_A_A,2.62
449,0.0,LYS, ,N,105.87,1000.00,0.0,1.86,1.0,<Residue LYS het=  resseq=71 icode= >,1jfi_A_A,2.62
450,0.588,LYS, ,CA,109.03,1000.00,0.0,1.75,1.0,<Residue LYS het=  resseq=71 icode= >,1jfi_A_A,2.62
451,1.163,LYS, ,C,111.73,1000.00,0.0,2.07,1.0,<Residue LYS het=  resseq=71 icode= >,1jfi_A_A,2.62
452,3.515,LYS, ,O,112.1,1000.00,0.0,1.44,1.0,<Residue LYS het=  resseq=71 icode= >,1jfi_A_A,2.62
453,15.792,LYS, ,CB,107.95,1000.00,0.0,1.08,1.0,<Residue LYS het=  resseq=71 icode= >,1jfi_A_A,2.62
454,13.35,LYS, ,CG,108.06,1000.00,7.781,0.47,1.0,<Residue LYS het=  resseq=71 icode= >,1jfi_A_A,2.62
455,24.34,LYS, ,CD,109.09,1000.00,0.0,0.14,1.0,<Residue LYS het=  resseq=71 icode= >,1jfi_A_A,2.62
456,25.409,LYS, ,CE,109.4,1000.00,10.757,0.36,1.0,<Residue LYS het=  resseq=71 icode= >,1jfi_A_A,2.62
457,45.4,LYS, ,NZ,108.85,1000.00,0.0,0.40,1.0,<Residue LYS het=  resseq=71 icode= >,1jfi_A_A,2.62
458,0.0,GLN, ,N,115.12,1000.00,0.0,1.40,1.0,<Residue GLN het=  resseq=72 icode= >,1jfi_A_A,2.62
459,1.928,GLN, ,CA,118.13,1000.00,0.0,0.73,1.0,<Residue GLN het=  resseq=72 icode= >,1jfi_A_A,2.62
460,0.0,GLN, ,C,119.18,1000.00,0.0,1.20,1.0,<Residue GLN het=  resseq=72 icode= >,1jfi_A_A,2.62
461,9.646,GLN, ,O,118.89,1000.00,0.0,0.79,1.0,<Residue GLN het=  resseq=72 icode= >,1jfi_A_A,2.62
462,4.712,GLN, ,CB,119.29,1000.00,0.0,0.32,1.0,<Residue GLN het=  resseq=72 icode= >,1jfi_A_A,2.62
463,12.906,GLN, ,CG,120.54,1000.00,0.0,0.41,1.0,<Residue GLN het=  resseq=72 icode= >,1jfi_A_A,2.62
464,2.913,GLN, ,CD,121.57,1000.00,0.0,0.20,1.0,<Residue GLN het=  resseq=72 icode= >,1jfi_A_A,2.62
465,6.106,GLN, ,OE1,122.54,1000.00,0.0,-0.13,1.0,<Residue GLN het=  resseq=72 icode= >,1jfi_A_A,2.62
466,48.764,GLN, ,NE2,120.89,1000.00,0.0,-0.02,1.0,<Residue GLN het=  resseq=72 icode= >,1jfi_A_A,2.62
467,0.0,CYS, ,N,120.51,1000.00,0.0,1.65,1.0,<Residue CYS het=  resseq=73 icode= >,1jfi_A_A,2.62
468,7.414,CYS, ,CA,121.65,1000.00,0.0,1.42,1.0,<Residue CYS het=  resseq=73 icode= >,1jfi_A_A,2.62
469,0.136,CYS, ,C,122.42,1000.00,0.0,2.00,1.0,<Residue CYS het=  resseq=73 icode= >,1jfi_A_A,2.62
470,29.652,CYS, ,O,121.57,1000.00,0.0,1.30,1.0,<Residue CYS het=  resseq=73 icode= >,1jfi_A_A,2.62
471,4.289,CYS, ,CB,121.74,1000.00,0.0,0.63,1.0,<Residue CYS het=  resseq=73 icode= >,1jfi_A_A,2.62
472,2.291,CYS, ,SG,121.74,1000.00,0.0,0.67,1.0,<Residue CYS het=  resseq=73 icode= >,1jfi_A_A,2.62
473,0.0,ILE, ,N,123.92,1000.00,0.0,1.80,1.0,<Residue ILE het=  resseq=74 icode= >,1jfi_A_A,2.62
474,5.606,ILE, ,CA,125.32,1000.00,0.0,1.81,1.0,<Residue ILE het=  resseq=74 icode= >,1jfi_A_A,2.62
475,3.541,ILE, ,C,126.96,1000.00,0.0,0.77,1.0,<Residue ILE het=  resseq=74 icode= >,1jfi_A_A,2.62
476,21.344,ILE, ,O,127.51,1000.00,0.0,0.46,1.0,<Residue ILE het=  resseq=74 icode= >,1jfi_A_A,2.62
477,3.879,ILE, ,CB,124.55,1000.00,0.0,1.70,1.0,<Residue ILE het=  resseq=74 icode= >,1jfi_A_A,2.62
478,1.468,ILE, ,CG1,123.88,1000.00,0.0,1.00,1.0,<Residue ILE het=  resseq=74 icode= >,1jfi_A_A,2.62
479,51.947,ILE, ,CG2,124.07,1000.00,25.467,0.87,1.0,<Residue ILE het=  resseq=74 icode= >,1jfi_A_A,2.62
480,40.389,ILE, ,CD1,122.45,1000.00,32.027,0.64,1.0,<Residue ILE het=  resseq=74 icode= >,1jfi_A_A,2.62
481,0.79,GLU, ,N,127.99,1000.00,0.0,0.59,1.0,<Residue GLU het=  resseq=75 icode= >,1jfi_A_A,2.62
482,11.491,GLU, ,CA,128.32,1000.00,0.0,0.62,1.0,<Residue GLU het=  resseq=75 icode= >,1jfi_A_A,2.62
483,34.534,GLU, ,C,128.45,1000.00,0.0,0.86,1.0,<Residue GLU het=  resseq=75 icode= >,1jfi_A_A,2.62
484,29.437,GLU, ,O,128.39,1000.00,0.0,0.07,1.0,<Residue GLU het=  resseq=75 icode= >,1jfi_A_A,2.62
485,20.294,GLU, ,CB,128.41,1000.00,0.0,0.21,1.0,<Residue GLU het=  resseq=75 icode= >,1jfi_A_A,2.62
486,13.816,GLU, ,CG,127.89,1000.00,0.0,-0.19,1.0,<Residue GLU het=  resseq=75 icode= >,1jfi_A_A,2.62
487,11.166,GLU, ,CD,126.78,1000.00,0.0,0.60,1.0,<Residue GLU het=  resseq=75 icode= >,1jfi_A_A,2.62
488,38.108,GLU, ,OE1,125.77,1000.00,0.0,0.47,1.0,<Residue GLU het=  resseq=75 icode= >,1jfi_A_A,2.62
489,15.83,GLU, ,OE2,125.55,1000.00,0.0,1.02,1.0,<Residue GLU het=  resseq=75 icode= >,1jfi_A_A,2.62
