,ASA,aa,altloc,atom,bfac,dens,occ,residue,id,resolu
0,36.723,MET, ,N,142.78,-0.08,1.0,<Residue MET het=  resseq=1 icode= >,1jql_B_A,2.5
1,1.141,MET, ,CA,143.02,0.62,1.0,<Residue MET het=  resseq=1 icode= >,1jql_B_A,2.5
2,2.43,MET, ,C,142.83,0.93,1.0,<Residue MET het=  resseq=1 icode= >,1jql_B_A,2.5
3,16.773,MET, ,O,143.24,0.34,1.0,<Residue MET het=  resseq=1 icode= >,1jql_B_A,2.5
4,10.481,MET, ,CB,143.46,0.70,1.0,<Residue MET het=  resseq=1 icode= >,1jql_B_A,2.5
5,0.0,MET, ,CG,144.11,1.01,1.0,<Residue MET het=  resseq=1 icode= >,1jql_B_A,2.5
6,5.128,MET, ,SD,145.03,0.43,1.0,<Residue MET het=  resseq=1 icode= >,1jql_B_A,2.5
7,0.0,MET, ,CE,144.65,-0.28,1.0,<Residue MET het=  resseq=1 icode= >,1jql_B_A,2.5
8,0.633,ILE, ,N,142.23,0.82,1.0,<Residue ILE het=  resseq=2 icode= >,1jql_B_A,2.5
9,6.949,ILE, ,CA,141.22,1.40,1.0,<Residue ILE het=  resseq=2 icode= >,1jql_B_A,2.5
10,0.0,ILE, ,C,141.55,1.47,1.0,<Residue ILE het=  resseq=2 icode= >,1jql_B_A,2.5
11,0.0,ILE, ,O,141.84,0.70,1.0,<Residue ILE het=  resseq=2 icode= >,1jql_B_A,2.5
12,0.0,ILE, ,CB,140.0,1.71,1.0,<Residue ILE het=  resseq=2 icode= >,1jql_B_A,2.5
13,22.283,ILE, ,CG1,138.78,1.05,1.0,<Residue ILE het=  resseq=2 icode= >,1jql_B_A,2.5
14,10.335,ILE, ,CG2,139.55,0.40,1.0,<Residue ILE het=  resseq=2 icode= >,1jql_B_A,2.5
15,22.709,ILE, ,CD1,138.05,0.66,1.0,<Residue ILE het=  resseq=2 icode= >,1jql_B_A,2.5
16,5.295,ARG, ,N,141.87,1.32,1.0,<Residue ARG het=  resseq=3 icode= >,1jql_B_A,2.5
17,0.0,ARG, ,CA,142.55,1.74,1.0,<Residue ARG het=  resseq=3 icode= >,1jql_B_A,2.5
18,0.052,ARG, ,C,142.26,2.04,1.0,<Residue ARG het=  resseq=3 icode= >,1jql_B_A,2.5
19,14.88,ARG, ,O,142.73,0.40,1.0,<Residue ARG het=  resseq=3 icode= >,1jql_B_A,2.5
20,16.782,ARG, ,CB,143.59,1.48,1.0,<Residue ARG het=  resseq=3 icode= >,1jql_B_A,2.5
21,4.69,ARG, ,CG,145.89,0.73,1.0,<Residue ARG het=  resseq=3 icode= >,1jql_B_A,2.5
22,19.117,ARG, ,CD,148.15,-0.04,1.0,<Residue ARG het=  resseq=3 icode= >,1jql_B_A,2.5
23,6.308,ARG, ,NE,150.86,-0.52,1.0,<Residue ARG het=  resseq=3 icode= >,1jql_B_A,2.5
24,4.599,ARG, ,CZ,151.85,-0.36,1.0,<Residue ARG het=  resseq=3 icode= >,1jql_B_A,2.5
25,50.222,ARG, ,NH1,152.16,-0.10,1.0,<Residue ARG het=  resseq=3 icode= >,1jql_B_A,2.5
26,32.011,ARG, ,NH2,152.21,0.11,1.0,<Residue ARG het=  resseq=3 icode= >,1jql_B_A,2.5
27,0.0,LEU, ,N,141.88,2.25,1.0,<Residue LEU het=  resseq=4 icode= >,1jql_B_A,2.5
28,0.0,LEU, ,CA,141.91,2.15,1.0,<Residue LEU het=  resseq=4 icode= >,1jql_B_A,2.5
29,0.0,LEU, ,C,141.7,1.80,1.0,<Residue LEU het=  resseq=4 icode= >,1jql_B_A,2.5
30,0.104,LEU, ,O,142.28,-0.10,1.0,<Residue LEU het=  resseq=4 icode= >,1jql_B_A,2.5
31,1.827,LEU, ,CB,142.19,1.05,1.0,<Residue LEU het=  resseq=4 icode= >,1jql_B_A,2.5
32,0.0,LEU, ,CG,142.98,0.23,1.0,<Residue LEU het=  resseq=4 icode= >,1jql_B_A,2.5
33,28.712,LEU, ,CD1,142.37,0.01,1.0,<Residue LEU het=  resseq=4 icode= >,1jql_B_A,2.5
34,1.271,LEU, ,CD2,143.14,0.02,1.0,<Residue LEU het=  resseq=4 icode= >,1jql_B_A,2.5
35,0.0,TYR, ,N,141.28,1.95,1.0,<Residue TYR het=  resseq=5 icode= >,1jql_B_A,2.5
36,0.0,TYR, ,CA,140.68,1.72,1.0,<Residue TYR het=  resseq=5 icode= >,1jql_B_A,2.5
37,0.0,TYR, ,C,140.6,2.02,1.0,<Residue TYR het=  resseq=5 icode= >,1jql_B_A,2.5
38,0.0,TYR, ,O,140.37,1.60,1.0,<Residue TYR het=  resseq=5 icode= >,1jql_B_A,2.5
39,0.127,TYR, ,CB,140.36,0.74,1.0,<Residue TYR het=  resseq=5 icode= >,1jql_B_A,2.5
40,0.0,TYR, ,CG,139.81,1.17,1.0,<Residue TYR het=  resseq=5 icode= >,1jql_B_A,2.5
41,5.196,TYR, ,CD1,139.23,1.46,1.0,<Residue TYR het=  resseq=5 icode= >,1jql_B_A,2.5
42,14.577,TYR, ,CD2,139.62,0.55,1.0,<Residue TYR het=  resseq=5 icode= >,1jql_B_A,2.5
43,26.75,TYR, ,CE1,138.54,1.59,1.0,<Residue TYR het=  resseq=5 icode= >,1jql_B_A,2.5
44,25.346,TYR, ,CE2,139.16,0.99,1.0,<Residue TYR het=  resseq=5 icode= >,1jql_B_A,2.5
45,5.67,TYR, ,CZ,138.69,1.99,1.0,<Residue TYR het=  resseq=5 icode= >,1jql_B_A,2.5
46,42.043,TYR, ,OH,137.97,1.54,1.0,<Residue TYR het=  resseq=5 icode= >,1jql_B_A,2.5
47,0.0,PRO, ,N,140.66,2.41,1.0,<Residue PRO het=  resseq=6 icode= >,1jql_B_A,2.5
48,0.057,PRO, ,CA,141.08,1.39,1.0,<Residue PRO het=  resseq=6 icode= >,1jql_B_A,2.5
49,2.118,PRO, ,C,141.74,1.33,1.0,<Residue PRO het=  resseq=6 icode= >,1jql_B_A,2.5
50,8.737,PRO, ,O,142.05,1.00,1.0,<Residue PRO het=  resseq=6 icode= >,1jql_B_A,2.5
51,3.536,PRO, ,CB,140.52,0.48,1.0,<Residue PRO het=  resseq=6 icode= >,1jql_B_A,2.5
52,0.0,PRO, ,CG,140.31,0.26,1.0,<Residue PRO het=  resseq=6 icode= >,1jql_B_A,2.5
53,4.629,PRO, ,CD,140.48,0.76,1.0,<Residue PRO het=  resseq=6 icode= >,1jql_B_A,2.5
54,1.299,GLU, ,N,142.3,0.33,1.0,<Residue GLU het=  resseq=7 icode= >,1jql_B_A,2.5
55,14.101,GLU, ,CA,142.25,1.00,1.0,<Residue GLU het=  resseq=7 icode= >,1jql_B_A,2.5
56,1.142,GLU, ,C,142.79,1.46,1.0,<Residue GLU het=  resseq=7 icode= >,1jql_B_A,2.5
57,22.288,GLU, ,O,142.07,1.69,1.0,<Residue GLU het=  resseq=7 icode= >,1jql_B_A,2.5
58,27.445,GLU, ,CB,141.44,0.69,1.0,<Residue GLU het=  resseq=7 icode= >,1jql_B_A,2.5
59,2.095,GLU, ,CG,140.11,0.93,1.0,<Residue GLU het=  resseq=7 icode= >,1jql_B_A,2.5
60,12.543,GLU, ,CD,139.01,1.78,1.0,<Residue GLU het=  resseq=7 icode= >,1jql_B_A,2.5
61,22.477,GLU, ,OE1,138.43,1.17,1.0,<Residue GLU het=  resseq=7 icode= >,1jql_B_A,2.5
62,35.786,GLU, ,OE2,138.47,0.92,1.0,<Residue GLU het=  resseq=7 icode= >,1jql_B_A,2.5
63,0.0,GLN, ,N,143.68,1.22,1.0,<Residue GLN het=  resseq=8 icode= >,1jql_B_A,2.5
64,6.293,GLN, ,CA,144.45,1.00,1.0,<Residue GLN het=  resseq=8 icode= >,1jql_B_A,2.5
65,0.0,GLN, ,C,144.8,1.38,1.0,<Residue GLN het=  resseq=8 icode= >,1jql_B_A,2.5
66,0.0,GLN, ,O,144.9,0.63,1.0,<Residue GLN het=  resseq=8 icode= >,1jql_B_A,2.5
67,7.21,GLN, ,CB,144.6,0.67,1.0,<Residue GLN het=  resseq=8 icode= >,1jql_B_A,2.5
68,14.933,GLN, ,CG,145.02,0.82,1.0,<Residue GLN het=  resseq=8 icode= >,1jql_B_A,2.5
69,0.0,GLN, ,CD,145.67,0.87,1.0,<Residue GLN het=  resseq=8 icode= >,1jql_B_A,2.5
70,0.0,GLN, ,OE1,146.11,0.87,1.0,<Residue GLN het=  resseq=8 icode= >,1jql_B_A,2.5
71,34.211,GLN, ,NE2,146.31,0.14,1.0,<Residue GLN het=  resseq=8 icode= >,1jql_B_A,2.5
72,0.0,LEU, ,N,145.06,1.15,1.0,<Residue LEU het=  resseq=9 icode= >,1jql_B_A,2.5
73,0.617,LEU, ,CA,145.08,0.84,1.0,<Residue LEU het=  resseq=9 icode= >,1jql_B_A,2.5
74,0.0,LEU, ,C,145.46,1.10,1.0,<Residue LEU het=  resseq=9 icode= >,1jql_B_A,2.5
75,0.0,LEU, ,O,145.48,0.97,1.0,<Residue LEU het=  resseq=9 icode= >,1jql_B_A,2.5
76,1.835,LEU, ,CB,144.45,-0.02,1.0,<Residue LEU het=  resseq=9 icode= >,1jql_B_A,2.5
77,0.0,LEU, ,CG,143.57,0.27,1.0,<Residue LEU het=  resseq=9 icode= >,1jql_B_A,2.5
78,2.099,LEU, ,CD1,143.3,0.05,1.0,<Residue LEU het=  resseq=9 icode= >,1jql_B_A,2.5
79,1.513,LEU, ,CD2,143.18,0.06,1.0,<Residue LEU het=  resseq=9 icode= >,1jql_B_A,2.5
80,0.0,ARG, ,N,145.74,1.32,1.0,<Residue ARG het=  resseq=10 icode= >,1jql_B_A,2.5
81,3.863,ARG, ,CA,146.16,1.71,1.0,<Residue ARG het=  resseq=10 icode= >,1jql_B_A,2.5
82,0.972,ARG, ,C,145.93,1.61,1.0,<Residue ARG het=  resseq=10 icode= >,1jql_B_A,2.5
83,7.697,ARG, ,O,145.98,0.28,1.0,<Residue ARG het=  resseq=10 icode= >,1jql_B_A,2.5
84,19.508,ARG, ,CB,147.37,0.36,1.0,<Residue ARG het=  resseq=10 icode= >,1jql_B_A,2.5
85,16.574,ARG, ,CG,149.39,-0.02,1.0,<Residue ARG het=  resseq=10 icode= >,1jql_B_A,2.5
86,26.713,ARG, ,CD,151.46,-0.22,1.0,<Residue ARG het=  resseq=10 icode= >,1jql_B_A,2.5
87,16.763,ARG, ,NE,153.07,-0.36,1.0,<Residue ARG het=  resseq=10 icode= >,1jql_B_A,2.5
88,8.384,ARG, ,CZ,153.4,0.35,1.0,<Residue ARG het=  resseq=10 icode= >,1jql_B_A,2.5
89,50.422,ARG, ,NH1,153.71,0.55,1.0,<Residue ARG het=  resseq=10 icode= >,1jql_B_A,2.5
90,59.605,ARG, ,NH2,153.46,0.13,1.0,<Residue ARG het=  resseq=10 icode= >,1jql_B_A,2.5
91,1.039,ALA, ,N,145.9,1.65,1.0,<Residue ALA het=  resseq=11 icode= >,1jql_B_A,2.5
92,6.426,ALA, ,CA,145.89,0.79,1.0,<Residue ALA het=  resseq=11 icode= >,1jql_B_A,2.5
93,0.0,ALA, ,C,145.74,1.77,1.0,<Residue ALA het=  resseq=11 icode= >,1jql_B_A,2.5
94,1.886,ALA, ,O,145.38,1.41,1.0,<Residue ALA het=  resseq=11 icode= >,1jql_B_A,2.5
95,46.358,ALA, ,CB,145.8,-0.50,1.0,<Residue ALA het=  resseq=11 icode= >,1jql_B_A,2.5
96,0.0,GLN, ,N,145.87,1.86,1.0,<Residue GLN het=  resseq=12 icode= >,1jql_B_A,2.5
97,0.0,GLN, ,CA,145.96,1.67,1.0,<Residue GLN het=  resseq=12 icode= >,1jql_B_A,2.5
98,0.631,GLN, ,C,145.63,1.84,1.0,<Residue GLN het=  resseq=12 icode= >,1jql_B_A,2.5
99,0.51,GLN, ,O,145.39,1.29,1.0,<Residue GLN het=  resseq=12 icode= >,1jql_B_A,2.5
100,2.648,GLN, ,CB,146.59,0.38,1.0,<Residue GLN het=  resseq=12 icode= >,1jql_B_A,2.5
101,0.0,GLN, ,CG,147.72,-0.05,1.0,<Residue GLN het=  resseq=12 icode= >,1jql_B_A,2.5
102,1.863,GLN, ,CD,148.33,-0.01,1.0,<Residue GLN het=  resseq=12 icode= >,1jql_B_A,2.5
103,4.601,GLN, ,OE1,149.0,-0.55,1.0,<Residue GLN het=  resseq=12 icode= >,1jql_B_A,2.5
104,34.198,GLN, ,NE2,148.25,0.05,1.0,<Residue GLN het=  resseq=12 icode= >,1jql_B_A,2.5
105,0.052,LEU, ,N,145.36,0.95,1.0,<Residue LEU het=  resseq=13 icode= >,1jql_B_A,2.5
106,0.105,LEU, ,CA,144.97,0.54,1.0,<Residue LEU het=  resseq=13 icode= >,1jql_B_A,2.5
107,0.0,LEU, ,C,144.61,0.99,1.0,<Residue LEU het=  resseq=13 icode= >,1jql_B_A,2.5
108,1.155,LEU, ,O,144.33,0.63,1.0,<Residue LEU het=  resseq=13 icode= >,1jql_B_A,2.5
109,0.062,LEU, ,CB,144.84,0.36,1.0,<Residue LEU het=  resseq=13 icode= >,1jql_B_A,2.5
110,0.0,LEU, ,CG,144.26,0.34,1.0,<Residue LEU het=  resseq=13 icode= >,1jql_B_A,2.5
111,0.0,LEU, ,CD1,144.26,-0.60,1.0,<Residue LEU het=  resseq=13 icode= >,1jql_B_A,2.5
112,0.353,LEU, ,CD2,143.56,0.64,1.0,<Residue LEU het=  resseq=13 icode= >,1jql_B_A,2.5
113,0.053,ASN, ,N,144.17,1.26,1.0,<Residue ASN het=  resseq=14 icode= >,1jql_B_A,2.5
114,0.208,ASN, ,CA,143.37,1.23,1.0,<Residue ASN het=  resseq=14 icode= >,1jql_B_A,2.5
115,0.0,ASN, ,C,142.63,0.92,1.0,<Residue ASN het=  resseq=14 icode= >,1jql_B_A,2.5
116,23.277,ASN, ,O,142.38,0.38,1.0,<Residue ASN het=  resseq=14 icode= >,1jql_B_A,2.5
117,4.408,ASN, ,CB,143.68,0.77,1.0,<Residue ASN het=  resseq=14 icode= >,1jql_B_A,2.5
118,5.837,ASN, ,CG,143.97,0.38,1.0,<Residue ASN het=  resseq=14 icode= >,1jql_B_A,2.5
119,32.771,ASN, ,OD1,144.35,0.06,1.0,<Residue ASN het=  resseq=14 icode= >,1jql_B_A,2.5
120,49.361,ASN, ,ND2,143.9,0.04,1.0,<Residue ASN het=  resseq=14 icode= >,1jql_B_A,2.5
121,0.0,GLU, ,N,141.73,0.78,1.0,<Residue GLU het=  resseq=15 icode= >,1jql_B_A,2.5
122,9.807,GLU, ,CA,140.68,1.11,1.0,<Residue GLU het=  resseq=15 icode= >,1jql_B_A,2.5
123,2.102,GLU, ,C,139.6,1.16,1.0,<Residue GLU het=  resseq=15 icode= >,1jql_B_A,2.5
124,32.482,GLU, ,O,139.41,1.01,1.0,<Residue GLU het=  resseq=15 icode= >,1jql_B_A,2.5
125,27.288,GLU, ,CB,141.11,0.58,1.0,<Residue GLU het=  resseq=15 icode= >,1jql_B_A,2.5
126,0.184,GLU, ,CG,141.36,0.81,1.0,<Residue GLU het=  resseq=15 icode= >,1jql_B_A,2.5
127,4.911,GLU, ,CD,141.5,1.38,1.0,<Residue GLU het=  resseq=15 icode= >,1jql_B_A,2.5
128,26.819,GLU, ,OE1,141.76,0.47,1.0,<Residue GLU het=  resseq=15 icode= >,1jql_B_A,2.5
129,24.242,GLU, ,OE2,141.43,1.15,1.0,<Residue GLU het=  resseq=15 icode= >,1jql_B_A,2.5
130,0.0,GLY, ,N,138.28,0.93,1.0,<Residue GLY het=  resseq=16 icode= >,1jql_B_A,2.5
131,20.094,GLY, ,CA,136.4,0.55,1.0,<Residue GLY het=  resseq=16 icode= >,1jql_B_A,2.5
132,0.213,GLY, ,C,135.16,0.64,1.0,<Residue GLY het=  resseq=16 icode= >,1jql_B_A,2.5
133,0.0,GLY, ,O,134.86,1.07,1.0,<Residue GLY het=  resseq=16 icode= >,1jql_B_A,2.5
134,8.05,LEU, ,N,133.86,0.25,1.0,<Residue LEU het=  resseq=17 icode= >,1jql_B_A,2.5
135,0.0,LEU, ,CA,131.83,1.27,1.0,<Residue LEU het=  resseq=17 icode= >,1jql_B_A,2.5
136,0.681,LEU, ,C,130.35,2.12,1.0,<Residue LEU het=  resseq=17 icode= >,1jql_B_A,2.5
137,24.947,LEU, ,O,129.56,1.65,1.0,<Residue LEU het=  resseq=17 icode= >,1jql_B_A,2.5
138,11.831,LEU, ,CB,131.73,0.44,1.0,<Residue LEU het=  resseq=17 icode= >,1jql_B_A,2.5
139,3.43,LEU, ,CG,131.66,-0.42,1.0,<Residue LEU het=  resseq=17 icode= >,1jql_B_A,2.5
140,0.0,LEU, ,CD1,131.26,-0.13,1.0,<Residue LEU het=  resseq=17 icode= >,1jql_B_A,2.5
141,5.436,LEU, ,CD2,131.21,-0.27,1.0,<Residue LEU het=  resseq=17 icode= >,1jql_B_A,2.5
142,0.0,ARG, ,N,129.12,1.45,1.0,<Residue ARG het=  resseq=18 icode= >,1jql_B_A,2.5
143,4.416,ARG, ,CA,127.98,1.25,1.0,<Residue ARG het=  resseq=18 icode= >,1jql_B_A,2.5
144,2.123,ARG, ,C,126.53,1.23,1.0,<Residue ARG het=  resseq=18 icode= >,1jql_B_A,2.5
145,5.202,ARG, ,O,126.83,-0.20,1.0,<Residue ARG het=  resseq=18 icode= >,1jql_B_A,2.5
146,0.0,ARG, ,CB,128.65,0.62,1.0,<Residue ARG het=  resseq=18 icode= >,1jql_B_A,2.5
147,1.324,ARG, ,CG,129.41,-0.25,1.0,<Residue ARG het=  resseq=18 icode= >,1jql_B_A,2.5
148,3.606,ARG, ,CD,129.66,0.11,1.0,<Residue ARG het=  resseq=18 icode= >,1jql_B_A,2.5
149,5.761,ARG, ,NE,129.84,0.53,1.0,<Residue ARG het=  resseq=18 icode= >,1jql_B_A,2.5
150,4.281,ARG, ,CZ,130.42,0.44,1.0,<Residue ARG het=  resseq=18 icode= >,1jql_B_A,2.5
151,10.288,ARG, ,NH1,130.41,-0.16,1.0,<Residue ARG het=  resseq=18 icode= >,1jql_B_A,2.5
152,35.494,ARG, ,NH2,130.99,-0.26,1.0,<Residue ARG het=  resseq=18 icode= >,1jql_B_A,2.5
153,2.009,ALA, ,N,124.07,1.61,1.0,<Residue ALA het=  resseq=19 icode= >,1jql_B_A,2.5
154,2.205,ALA, ,CA,121.17,2.24,1.0,<Residue ALA het=  resseq=19 icode= >,1jql_B_A,2.5
155,0.0,ALA, ,C,119.36,2.40,1.0,<Residue ALA het=  resseq=19 icode= >,1jql_B_A,2.5
156,0.0,ALA, ,O,119.62,0.35,1.0,<Residue ALA het=  resseq=19 icode= >,1jql_B_A,2.5
157,4.994,ALA, ,CB,120.86,0.75,1.0,<Residue ALA het=  resseq=19 icode= >,1jql_B_A,2.5
158,0.0,ALA, ,N,116.94,2.38,1.0,<Residue ALA het=  resseq=20 icode= >,1jql_B_A,2.5
159,0.0,ALA, ,CA,114.8,1.72,1.0,<Residue ALA het=  resseq=20 icode= >,1jql_B_A,2.5
160,0.0,ALA, ,C,113.37,2.62,1.0,<Residue ALA het=  resseq=20 icode= >,1jql_B_A,2.5
161,0.0,ALA, ,O,113.26,1.43,1.0,<Residue ALA het=  resseq=20 icode= >,1jql_B_A,2.5
162,2.164,ALA, ,CB,114.33,0.31,1.0,<Residue ALA het=  resseq=20 icode= >,1jql_B_A,2.5
163,0.014,TYR, ,N,112.05,1.69,1.0,<Residue TYR het=  resseq=21 icode= >,1jql_B_A,2.5
164,0.0,TYR, ,CA,110.53,2.72,1.0,<Residue TYR het=  resseq=21 icode= >,1jql_B_A,2.5
165,0.0,TYR, ,C,109.66,2.66,1.0,<Residue TYR het=  resseq=21 icode= >,1jql_B_A,2.5
166,0.0,TYR, ,O,109.56,1.50,1.0,<Residue TYR het=  resseq=21 icode= >,1jql_B_A,2.5
167,0.0,TYR, ,CB,110.42,2.04,1.0,<Residue TYR het=  resseq=21 icode= >,1jql_B_A,2.5
168,0.0,TYR, ,CG,110.77,1.95,1.0,<Residue TYR het=  resseq=21 icode= >,1jql_B_A,2.5
169,0.0,TYR, ,CD1,110.91,1.71,1.0,<Residue TYR het=  resseq=21 icode= >,1jql_B_A,2.5
170,0.0,TYR, ,CD2,111.35,0.30,1.0,<Residue TYR het=  resseq=21 icode= >,1jql_B_A,2.5
171,0.0,TYR, ,CE1,111.56,1.63,1.0,<Residue TYR het=  resseq=21 icode= >,1jql_B_A,2.5
172,0.56,TYR, ,CE2,111.9,0.27,1.0,<Residue TYR het=  resseq=21 icode= >,1jql_B_A,2.5
173,0.0,TYR, ,CZ,111.96,1.26,1.0,<Residue TYR het=  resseq=21 icode= >,1jql_B_A,2.5
174,0.699,TYR, ,OH,112.92,0.04,1.0,<Residue TYR het=  resseq=21 icode= >,1jql_B_A,2.5
175,0.0,LEU, ,N,109.03,2.01,1.0,<Residue LEU het=  resseq=22 icode= >,1jql_B_A,2.5
176,0.0,LEU, ,CA,108.89,2.05,1.0,<Residue LEU het=  resseq=22 icode= >,1jql_B_A,2.5
177,0.0,LEU, ,C,108.71,2.11,1.0,<Residue LEU het=  resseq=22 icode= >,1jql_B_A,2.5
178,0.0,LEU, ,O,109.6,0.63,1.0,<Residue LEU het=  resseq=22 icode= >,1jql_B_A,2.5
179,0.0,LEU, ,CB,109.2,0.52,1.0,<Residue LEU het=  resseq=22 icode= >,1jql_B_A,2.5
180,0.47,LEU, ,CG,109.26,0.88,1.0,<Residue LEU het=  resseq=22 icode= >,1jql_B_A,2.5
181,2.418,LEU, ,CD1,109.53,-0.58,1.0,<Residue LEU het=  resseq=22 icode= >,1jql_B_A,2.5
182,0.0,LEU, ,CD2,109.34,0.20,1.0,<Residue LEU het=  resseq=22 icode= >,1jql_B_A,2.5
183,0.0,LEU, ,N,107.85,2.13,1.0,<Residue LEU het=  resseq=23 icode= >,1jql_B_A,2.5
184,0.0,LEU, ,CA,106.85,3.10,1.0,<Residue LEU het=  resseq=23 icode= >,1jql_B_A,2.5
185,0.0,LEU, ,C,107.73,2.47,1.0,<Residue LEU het=  resseq=23 icode= >,1jql_B_A,2.5
186,0.0,LEU, ,O,107.1,1.54,1.0,<Residue LEU het=  resseq=23 icode= >,1jql_B_A,2.5
187,0.0,LEU, ,CB,105.01,1.94,1.0,<Residue LEU het=  resseq=23 icode= >,1jql_B_A,2.5
188,0.0,LEU, ,CG,103.88,1.48,1.0,<Residue LEU het=  resseq=23 icode= >,1jql_B_A,2.5
189,0.0,LEU, ,CD1,103.48,-0.03,1.0,<Residue LEU het=  resseq=23 icode= >,1jql_B_A,2.5
190,0.0,LEU, ,CD2,103.1,0.68,1.0,<Residue LEU het=  resseq=23 icode= >,1jql_B_A,2.5
191,0.0,LEU, ,N,109.48,1.85,1.0,<Residue LEU het=  resseq=24 icode= >,1jql_B_A,2.5
192,0.0,LEU, ,CA,111.46,1.81,1.0,<Residue LEU het=  resseq=24 icode= >,1jql_B_A,2.5
193,0.672,LEU, ,C,113.43,1.35,1.0,<Residue LEU het=  resseq=24 icode= >,1jql_B_A,2.5
194,0.533,LEU, ,O,113.55,0.90,1.0,<Residue LEU het=  resseq=24 icode= >,1jql_B_A,2.5
195,5.165,LEU, ,CB,110.49,1.13,1.0,<Residue LEU het=  resseq=24 icode= >,1jql_B_A,2.5
196,5.961,LEU, ,CG,109.83,0.60,1.0,<Residue LEU het=  resseq=24 icode= >,1jql_B_A,2.5
197,3.767,LEU, ,CD1,108.93,0.61,1.0,<Residue LEU het=  resseq=24 icode= >,1jql_B_A,2.5
198,3.663,LEU, ,CD2,109.76,-0.57,1.0,<Residue LEU het=  resseq=24 icode= >,1jql_B_A,2.5
199,0.0,GLY, ,N,115.32,1.99,1.0,<Residue GLY het=  resseq=25 icode= >,1jql_B_A,2.5
200,0.0,GLY, ,CA,117.99,0.82,1.0,<Residue GLY het=  resseq=25 icode= >,1jql_B_A,2.5
201,0.0,GLY, ,C,119.92,1.15,1.0,<Residue GLY het=  resseq=25 icode= >,1jql_B_A,2.5
202,0.0,GLY, ,O,119.91,0.81,1.0,<Residue GLY het=  resseq=25 icode= >,1jql_B_A,2.5
203,0.0,ASN, ,N,122.02,1.12,1.0,<Residue ASN het=  resseq=26 icode= >,1jql_B_A,2.5
204,3.134,ASN, ,CA,124.17,0.59,1.0,<Residue ASN het=  resseq=26 icode= >,1jql_B_A,2.5
205,1.307,ASN, ,C,124.78,0.85,1.0,<Residue ASN het=  resseq=26 icode= >,1jql_B_A,2.5
206,15.367,ASN, ,O,125.01,0.97,1.0,<Residue ASN het=  resseq=26 icode= >,1jql_B_A,2.5
207,18.232,ASN, ,CB,125.07,0.43,1.0,<Residue ASN het=  resseq=26 icode= >,1jql_B_A,2.5
208,5.469,ASN, ,CG,125.81,0.74,1.0,<Residue ASN het=  resseq=26 icode= >,1jql_B_A,2.5
209,5.756,ASN, ,OD1,126.11,0.39,1.0,<Residue ASN het=  resseq=26 icode= >,1jql_B_A,2.5
210,53.436,ASN, ,ND2,126.25,0.11,1.0,<Residue ASN het=  resseq=26 icode= >,1jql_B_A,2.5
211,0.0,ASP, ,N,125.04,1.49,1.0,<Residue ASP het=  resseq=27 icode= >,1jql_B_A,2.5
212,3.482,ASP, ,CA,125.49,2.00,1.0,<Residue ASP het=  resseq=27 icode= >,1jql_B_A,2.5
213,0.075,ASP, ,C,126.13,2.08,1.0,<Residue ASP het=  resseq=27 icode= >,1jql_B_A,2.5
214,0.0,ASP, ,O,126.1,0.81,1.0,<Residue ASP het=  resseq=27 icode= >,1jql_B_A,2.5
215,0.616,ASP, ,CB,125.01,1.31,1.0,<Residue ASP het=  resseq=27 icode= >,1jql_B_A,2.5
216,1.226,ASP, ,CG,124.8,1.55,1.0,<Residue ASP het=  resseq=27 icode= >,1jql_B_A,2.5
217,2.138,ASP, ,OD1,124.79,1.06,1.0,<Residue ASP het=  resseq=27 icode= >,1jql_B_A,2.5
218,25.284,ASP, ,OD2,124.8,0.98,1.0,<Residue ASP het=  resseq=27 icode= >,1jql_B_A,2.5
219,0.0,PRO, ,N,126.71,1.71,1.0,<Residue PRO het=  resseq=28 icode= >,1jql_B_A,2.5
220,7.652,PRO, ,CA,126.67,1.69,1.0,<Residue PRO het=  resseq=28 icode= >,1jql_B_A,2.5
221,1.983,PRO, ,C,126.49,2.19,1.0,<Residue PRO het=  resseq=28 icode= >,1jql_B_A,2.5
222,3.341,PRO, ,O,126.49,0.65,1.0,<Residue PRO het=  resseq=28 icode= >,1jql_B_A,2.5
223,39.249,PRO, ,CB,126.56,0.83,1.0,<Residue PRO het=  resseq=28 icode= >,1jql_B_A,2.5
224,33.798,PRO, ,CG,126.71,0.50,1.0,<Residue PRO het=  resseq=28 icode= >,1jql_B_A,2.5
225,20.711,PRO, ,CD,127.05,0.46,1.0,<Residue PRO het=  resseq=28 icode= >,1jql_B_A,2.5
226,0.138,LEU, ,N,126.5,1.60,1.0,<Residue LEU het=  resseq=29 icode= >,1jql_B_A,2.5
227,1.881,LEU, ,CA,126.75,1.59,1.0,<Residue LEU het=  resseq=29 icode= >,1jql_B_A,2.5
228,0.0,LEU, ,C,127.29,2.10,1.0,<Residue LEU het=  resseq=29 icode= >,1jql_B_A,2.5
229,0.0,LEU, ,O,127.02,1.86,1.0,<Residue LEU het=  resseq=29 icode= >,1jql_B_A,2.5
230,16.569,LEU, ,CB,126.44,0.53,1.0,<Residue LEU het=  resseq=29 icode= >,1jql_B_A,2.5
231,0.0,LEU, ,CG,126.19,0.35,1.0,<Residue LEU het=  resseq=29 icode= >,1jql_B_A,2.5
232,36.968,LEU, ,CD1,125.51,0.27,1.0,<Residue LEU het=  resseq=29 icode= >,1jql_B_A,2.5
233,53.772,LEU, ,CD2,125.94,-0.34,1.0,<Residue LEU het=  resseq=29 icode= >,1jql_B_A,2.5
234,0.0,LEU, ,N,128.22,1.91,1.0,<Residue LEU het=  resseq=30 icode= >,1jql_B_A,2.5
235,0.0,LEU, ,CA,128.99,0.73,1.0,<Residue LEU het=  resseq=30 icode= >,1jql_B_A,2.5
236,0.0,LEU, ,C,129.38,1.17,1.0,<Residue LEU het=  resseq=30 icode= >,1jql_B_A,2.5
237,0.0,LEU, ,O,129.41,1.14,1.0,<Residue LEU het=  resseq=30 icode= >,1jql_B_A,2.5
238,0.0,LEU, ,CB,128.88,0.27,1.0,<Residue LEU het=  resseq=30 icode= >,1jql_B_A,2.5
239,3.751,LEU, ,CG,128.44,0.28,1.0,<Residue LEU het=  resseq=30 icode= >,1jql_B_A,2.5
240,20.573,LEU, ,CD1,128.27,-0.55,1.0,<Residue LEU het=  resseq=30 icode= >,1jql_B_A,2.5
241,26.399,LEU, ,CD2,128.01,-0.59,1.0,<Residue LEU het=  resseq=30 icode= >,1jql_B_A,2.5
242,0.0,LEU, ,N,129.52,1.21,1.0,<Residue LEU het=  resseq=31 icode= >,1jql_B_A,2.5
243,0.0,LEU, ,CA,129.25,1.53,1.0,<Residue LEU het=  resseq=31 icode= >,1jql_B_A,2.5
244,0.0,LEU, ,C,129.68,1.89,1.0,<Residue LEU het=  resseq=31 icode= >,1jql_B_A,2.5
245,0.0,LEU, ,O,129.67,1.11,1.0,<Residue LEU het=  resseq=31 icode= >,1jql_B_A,2.5
246,0.0,LEU, ,CB,128.26,0.69,1.0,<Residue LEU het=  resseq=31 icode= >,1jql_B_A,2.5
247,0.0,LEU, ,CG,127.35,1.12,1.0,<Residue LEU het=  resseq=31 icode= >,1jql_B_A,2.5
248,4.876,LEU, ,CD1,126.98,0.41,1.0,<Residue LEU het=  resseq=31 icode= >,1jql_B_A,2.5
249,0.0,LEU, ,CD2,126.95,0.19,1.0,<Residue LEU het=  resseq=31 icode= >,1jql_B_A,2.5
250,0.0,GLN, ,N,130.19,1.33,1.0,<Residue GLN het=  resseq=32 icode= >,1jql_B_A,2.5
251,0.0,GLN, ,CA,130.32,1.02,1.0,<Residue GLN het=  resseq=32 icode= >,1jql_B_A,2.5
252,0.0,GLN, ,C,130.11,2.36,1.0,<Residue GLN het=  resseq=32 icode= >,1jql_B_A,2.5
253,0.0,GLN, ,O,129.85,1.83,1.0,<Residue GLN het=  resseq=32 icode= >,1jql_B_A,2.5
254,4.303,GLN, ,CB,130.61,0.34,1.0,<Residue GLN het=  resseq=32 icode= >,1jql_B_A,2.5
255,19.946,GLN, ,CG,130.29,0.97,1.0,<Residue GLN het=  resseq=32 icode= >,1jql_B_A,2.5
256,5.556,GLN, ,CD,130.49,0.75,1.0,<Residue GLN het=  resseq=32 icode= >,1jql_B_A,2.5
257,20.201,GLN, ,OE1,130.2,0.95,1.0,<Residue GLN het=  resseq=32 icode= >,1jql_B_A,2.5
258,20.574,GLN, ,NE2,130.76,0.08,1.0,<Residue GLN het=  resseq=32 icode= >,1jql_B_A,2.5
259,0.088,GLU, ,N,130.06,2.17,1.0,<Residue GLU het=  resseq=33 icode= >,1jql_B_A,2.5
260,4.812,GLU, ,CA,130.19,1.57,1.0,<Residue GLU het=  resseq=33 icode= >,1jql_B_A,2.5
261,0.748,GLU, ,C,129.93,1.91,1.0,<Residue GLU het=  resseq=33 icode= >,1jql_B_A,2.5
262,4.78,GLU, ,O,129.65,1.23,1.0,<Residue GLU het=  resseq=33 icode= >,1jql_B_A,2.5
263,15.648,GLU, ,CB,131.06,-0.10,1.0,<Residue GLU het=  resseq=33 icode= >,1jql_B_A,2.5
264,10.343,GLU, ,CG,132.05,0.30,1.0,<Residue GLU het=  resseq=33 icode= >,1jql_B_A,2.5
265,5.485,GLU, ,CD,132.8,0.46,1.0,<Residue GLU het=  resseq=33 icode= >,1jql_B_A,2.5
266,7.268,GLU, ,OE1,133.21,0.26,1.0,<Residue GLU het=  resseq=33 icode= >,1jql_B_A,2.5
267,28.427,GLU, ,OE2,132.79,0.68,1.0,<Residue GLU het=  resseq=33 icode= >,1jql_B_A,2.5
268,0.112,SER, ,N,129.53,1.82,1.0,<Residue SER het=  resseq=34 icode= >,1jql_B_A,2.5
269,1.142,SER, ,CA,129.0,1.30,1.0,<Residue SER het=  resseq=34 icode= >,1jql_B_A,2.5
270,0.0,SER, ,C,128.52,2.08,1.0,<Residue SER het=  resseq=34 icode= >,1jql_B_A,2.5
271,0.0,SER, ,O,128.62,1.15,1.0,<Residue SER het=  resseq=34 icode= >,1jql_B_A,2.5
272,0.0,SER, ,CB,129.03,0.53,1.0,<Residue SER het=  resseq=34 icode= >,1jql_B_A,2.5
273,0.896,SER, ,OG,129.13,-0.29,1.0,<Residue SER het=  resseq=34 icode= >,1jql_B_A,2.5
274,0.0,GLN, ,N,127.96,1.06,1.0,<Residue GLN het=  resseq=35 icode= >,1jql_B_A,2.5
275,0.0,GLN, ,CA,126.96,0.41,1.0,<Residue GLN het=  resseq=35 icode= >,1jql_B_A,2.5
276,0.094,GLN, ,C,126.42,1.38,1.0,<Residue GLN het=  resseq=35 icode= >,1jql_B_A,2.5
277,0.0,GLN, ,O,125.77,0.90,1.0,<Residue GLN het=  resseq=35 icode= >,1jql_B_A,2.5
278,2.63,GLN, ,CB,126.35,0.43,1.0,<Residue GLN het=  resseq=35 icode= >,1jql_B_A,2.5
279,0.748,GLN, ,CG,124.75,0.79,1.0,<Residue GLN het=  resseq=35 icode= >,1jql_B_A,2.5
280,0.0,GLN, ,CD,123.75,1.03,1.0,<Residue GLN het=  resseq=35 icode= >,1jql_B_A,2.5
281,0.0,GLN, ,OE1,122.39,0.92,1.0,<Residue GLN het=  resseq=35 icode= >,1jql_B_A,2.5
282,20.216,GLN, ,NE2,123.39,0.39,1.0,<Residue GLN het=  resseq=35 icode= >,1jql_B_A,2.5
283,0.0,ASP, ,N,125.96,1.29,1.0,<Residue ASP het=  resseq=36 icode= >,1jql_B_A,2.5
284,2.878,ASP, ,CA,125.03,1.25,1.0,<Residue ASP het=  resseq=36 icode= >,1jql_B_A,2.5
285,0.721,ASP, ,C,124.43,1.60,1.0,<Residue ASP het=  resseq=36 icode= >,1jql_B_A,2.5
286,3.37,ASP, ,O,124.07,0.90,1.0,<Residue ASP het=  resseq=36 icode= >,1jql_B_A,2.5
287,21.278,ASP, ,CB,124.59,1.24,1.0,<Residue ASP het=  resseq=36 icode= >,1jql_B_A,2.5
288,8.032,ASP, ,CG,124.39,1.51,1.0,<Residue ASP het=  resseq=36 icode= >,1jql_B_A,2.5
289,23.386,ASP, ,OD1,123.96,0.70,1.0,<Residue ASP het=  resseq=36 icode= >,1jql_B_A,2.5
290,7.183,ASP, ,OD2,124.47,0.91,1.0,<Residue ASP het=  resseq=36 icode= >,1jql_B_A,2.5
291,0.0,ALA, ,N,123.77,2.01,1.0,<Residue ALA het=  resseq=37 icode= >,1jql_B_A,2.5
292,3.617,ALA, ,CA,123.12,1.68,1.0,<Residue ALA het=  resseq=37 icode= >,1jql_B_A,2.5
293,0.0,ALA, ,C,122.85,1.90,1.0,<Residue ALA het=  resseq=37 icode= >,1jql_B_A,2.5
294,0.0,ALA, ,O,122.62,1.70,1.0,<Residue ALA het=  resseq=37 icode= >,1jql_B_A,2.5
295,11.951,ALA, ,CB,122.77,0.49,1.0,<Residue ALA het=  resseq=37 icode= >,1jql_B_A,2.5
296,0.0,VAL, ,N,122.33,1.79,1.0,<Residue VAL het=  resseq=38 icode= >,1jql_B_A,2.5
297,0.0,VAL, ,CA,121.59,2.34,1.0,<Residue VAL het=  resseq=38 icode= >,1jql_B_A,2.5
298,0.0,VAL, ,C,121.31,2.10,1.0,<Residue VAL het=  resseq=38 icode= >,1jql_B_A,2.5
299,0.0,VAL, ,O,120.85,1.28,1.0,<Residue VAL het=  resseq=38 icode= >,1jql_B_A,2.5
300,0.0,VAL, ,CB,121.55,1.20,1.0,<Residue VAL het=  resseq=38 icode= >,1jql_B_A,2.5
301,0.0,VAL, ,CG1,121.3,0.03,1.0,<Residue VAL het=  resseq=38 icode= >,1jql_B_A,2.5
302,0.0,VAL, ,CG2,121.8,-0.54,1.0,<Residue VAL het=  resseq=38 icode= >,1jql_B_A,2.5
303,0.0,ARG, ,N,121.23,1.48,1.0,<Residue ARG het=  resseq=39 icode= >,1jql_B_A,2.5
304,0.0,ARG, ,CA,121.14,1.15,1.0,<Residue ARG het=  resseq=39 icode= >,1jql_B_A,2.5
305,0.846,ARG, ,C,120.98,2.16,1.0,<Residue ARG het=  resseq=39 icode= >,1jql_B_A,2.5
306,2.992,ARG, ,O,120.94,1.78,1.0,<Residue ARG het=  resseq=39 icode= >,1jql_B_A,2.5
307,3.91,ARG, ,CB,120.83,1.05,1.0,<Residue ARG het=  resseq=39 icode= >,1jql_B_A,2.5
308,8.32,ARG, ,CG,121.44,0.23,1.0,<Residue ARG het=  resseq=39 icode= >,1jql_B_A,2.5
309,22.675,ARG, ,CD,121.59,0.74,1.0,<Residue ARG het=  resseq=39 icode= >,1jql_B_A,2.5
310,2.519,ARG, ,NE,122.15,0.67,1.0,<Residue ARG het=  resseq=39 icode= >,1jql_B_A,2.5
311,0.967,ARG, ,CZ,122.07,0.15,1.0,<Residue ARG het=  resseq=39 icode= >,1jql_B_A,2.5
312,39.458,ARG, ,NH1,121.86,0.09,1.0,<Residue ARG het=  resseq=39 icode= >,1jql_B_A,2.5
313,0.301,ARG, ,NH2,120.83,1.26,1.0,<Residue ARG het=  resseq=39 icode= >,1jql_B_A,2.5
314,0.031,GLN, ,N,120.78,1.47,1.0,<Residue GLN het=  resseq=40 icode= >,1jql_B_A,2.5
315,6.51,GLN, ,CA,119.95,1.62,1.0,<Residue GLN het=  resseq=40 icode= >,1jql_B_A,2.5
316,0.246,GLN, ,C,119.61,2.61,1.0,<Residue GLN het=  resseq=40 icode= >,1jql_B_A,2.5
317,7.265,GLN, ,O,118.88,1.84,1.0,<Residue GLN het=  resseq=40 icode= >,1jql_B_A,2.5
318,1.095,GLN, ,CB,119.58,0.21,1.0,<Residue GLN het=  resseq=40 icode= >,1jql_B_A,2.5
319,26.392,GLN, ,CG,119.64,-0.30,1.0,<Residue GLN het=  resseq=40 icode= >,1jql_B_A,2.5
320,5.853,GLN, ,CD,118.98,0.88,1.0,<Residue GLN het=  resseq=40 icode= >,1jql_B_A,2.5
321,27.655,GLN, ,OE1,118.92,0.61,1.0,<Residue GLN het=  resseq=40 icode= >,1jql_B_A,2.5
322,56.503,GLN, ,NE2,117.85,0.94,1.0,<Residue GLN het=  resseq=40 icode= >,1jql_B_A,2.5
323,0.0,VAL, ,N,119.64,2.37,1.0,<Residue VAL het=  resseq=41 icode= >,1jql_B_A,2.5
324,4.157,VAL, ,CA,119.86,1.60,1.0,<Residue VAL het=  resseq=41 icode= >,1jql_B_A,2.5
325,0.0,VAL, ,C,120.21,1.84,1.0,<Residue VAL het=  resseq=41 icode= >,1jql_B_A,2.5
326,0.0,VAL, ,O,119.55,1.52,1.0,<Residue VAL het=  resseq=41 icode= >,1jql_B_A,2.5
327,0.0,VAL, ,CB,119.71,1.28,1.0,<Residue VAL het=  resseq=41 icode= >,1jql_B_A,2.5
328,18.346,VAL, ,CG1,119.49,0.23,1.0,<Residue VAL het=  resseq=41 icode= >,1jql_B_A,2.5
329,19.606,VAL, ,CG2,119.24,0.41,1.0,<Residue VAL het=  resseq=41 icode= >,1jql_B_A,2.5
330,0.0,ALA, ,N,120.86,2.15,1.0,<Residue ALA het=  resseq=42 icode= >,1jql_B_A,2.5
331,0.0,ALA, ,CA,121.78,1.53,1.0,<Residue ALA het=  resseq=42 icode= >,1jql_B_A,2.5
332,0.0,ALA, ,C,122.24,2.10,1.0,<Residue ALA het=  resseq=42 icode= >,1jql_B_A,2.5
333,0.0,ALA, ,O,122.56,1.33,1.0,<Residue ALA het=  resseq=42 icode= >,1jql_B_A,2.5
334,0.0,ALA, ,CB,121.78,0.17,1.0,<Residue ALA het=  resseq=42 icode= >,1jql_B_A,2.5
335,0.0,ALA, ,N,122.52,1.58,1.0,<Residue ALA het=  resseq=43 icode= >,1jql_B_A,2.5
336,0.358,ALA, ,CA,122.76,1.18,1.0,<Residue ALA het=  resseq=43 icode= >,1jql_B_A,2.5
337,1.323,ALA, ,C,122.93,1.62,1.0,<Residue ALA het=  resseq=43 icode= >,1jql_B_A,2.5
338,15.795,ALA, ,O,123.01,0.43,1.0,<Residue ALA het=  resseq=43 icode= >,1jql_B_A,2.5
339,39.901,ALA, ,CB,122.35,0.23,1.0,<Residue ALA het=  resseq=43 icode= >,1jql_B_A,2.5
340,0.485,ALA, ,N,123.02,1.38,1.0,<Residue ALA het=  resseq=44 icode= >,1jql_B_A,2.5
341,14.148,ALA, ,CA,122.61,1.83,1.0,<Residue ALA het=  resseq=44 icode= >,1jql_B_A,2.5
342,0.073,ALA, ,C,122.75,2.00,1.0,<Residue ALA het=  resseq=44 icode= >,1jql_B_A,2.5
343,28.781,ALA, ,O,122.7,0.78,1.0,<Residue ALA het=  resseq=44 icode= >,1jql_B_A,2.5
344,30.466,ALA, ,CB,122.27,0.57,1.0,<Residue ALA het=  resseq=44 icode= >,1jql_B_A,2.5
345,0.0,GLN, ,N,123.04,2.63,1.0,<Residue GLN het=  resseq=45 icode= >,1jql_B_A,2.5
346,5.672,GLN, ,CA,123.47,2.16,1.0,<Residue GLN het=  resseq=45 icode= >,1jql_B_A,2.5
347,3.911,GLN, ,C,123.51,1.17,1.0,<Residue GLN het=  resseq=45 icode= >,1jql_B_A,2.5
348,0.68,GLN, ,O,123.96,0.38,1.0,<Residue GLN het=  resseq=45 icode= >,1jql_B_A,2.5
349,7.859,GLN, ,CB,123.57,1.28,1.0,<Residue GLN het=  resseq=45 icode= >,1jql_B_A,2.5
350,12.545,GLN, ,CG,124.18,1.78,1.0,<Residue GLN het=  resseq=45 icode= >,1jql_B_A,2.5
351,8.077,GLN, ,CD,125.1,0.81,1.0,<Residue GLN het=  resseq=45 icode= >,1jql_B_A,2.5
352,16.994,GLN, ,OE1,125.72,0.16,1.0,<Residue GLN het=  resseq=45 icode= >,1jql_B_A,2.5
353,58.854,GLN, ,NE2,125.28,0.12,1.0,<Residue GLN het=  resseq=45 icode= >,1jql_B_A,2.5
354,7.505,GLY, ,N,123.03,0.98,1.0,<Residue GLY het=  resseq=46 icode= >,1jql_B_A,2.5
355,31.406,GLY, ,CA,121.58,0.59,1.0,<Residue GLY het=  resseq=46 icode= >,1jql_B_A,2.5
356,1.814,GLY, ,C,120.46,1.69,1.0,<Residue GLY het=  resseq=46 icode= >,1jql_B_A,2.5
357,3.02,GLY, ,O,120.15,0.77,1.0,<Residue GLY het=  resseq=46 icode= >,1jql_B_A,2.5
358,0.0,PHE, ,N,119.47,1.42,1.0,<Residue PHE het=  resseq=47 icode= >,1jql_B_A,2.5
359,0.0,PHE, ,CA,118.16,1.29,1.0,<Residue PHE het=  resseq=47 icode= >,1jql_B_A,2.5
360,1.08,PHE, ,C,117.58,1.49,1.0,<Residue PHE het=  resseq=47 icode= >,1jql_B_A,2.5
361,0.639,PHE, ,O,116.83,1.52,1.0,<Residue PHE het=  resseq=47 icode= >,1jql_B_A,2.5
362,0.0,PHE, ,CB,116.88,1.33,1.0,<Residue PHE het=  resseq=47 icode= >,1jql_B_A,2.5
363,0.0,PHE, ,CG,115.39,1.30,1.0,<Residue PHE het=  resseq=47 icode= >,1jql_B_A,2.5
364,0.0,PHE, ,CD1,114.38,1.08,1.0,<Residue PHE het=  resseq=47 icode= >,1jql_B_A,2.5
365,0.0,PHE, ,CD2,114.56,0.94,1.0,<Residue PHE het=  resseq=47 icode= >,1jql_B_A,2.5
366,0.371,PHE, ,CE1,112.76,1.39,1.0,<Residue PHE het=  resseq=47 icode= >,1jql_B_A,2.5
367,0.0,PHE, ,CE2,113.49,0.62,1.0,<Residue PHE het=  resseq=47 icode= >,1jql_B_A,2.5
368,6.968,PHE, ,CZ,112.62,1.61,1.0,<Residue PHE het=  resseq=47 icode= >,1jql_B_A,2.5
369,0.021,GLU, ,N,117.43,1.01,1.0,<Residue GLU het=  resseq=48 icode= >,1jql_B_A,2.5
370,8.943,GLU, ,CA,116.95,0.68,1.0,<Residue GLU het=  resseq=48 icode= >,1jql_B_A,2.5
371,0.0,GLU, ,C,116.12,1.68,1.0,<Residue GLU het=  resseq=48 icode= >,1jql_B_A,2.5
372,22.45,GLU, ,O,115.9,0.88,1.0,<Residue GLU het=  resseq=48 icode= >,1jql_B_A,2.5
373,26.435,GLU, ,CB,117.17,0.84,1.0,<Residue GLU het=  resseq=48 icode= >,1jql_B_A,2.5
374,6.584,GLU, ,CG,117.72,0.71,1.0,<Residue GLU het=  resseq=48 icode= >,1jql_B_A,2.5
375,6.223,GLU, ,CD,117.88,0.93,1.0,<Residue GLU het=  resseq=48 icode= >,1jql_B_A,2.5
376,24.252,GLU, ,OE1,118.61,0.44,1.0,<Residue GLU het=  resseq=48 icode= >,1jql_B_A,2.5
377,28.525,GLU, ,OE2,116.78,0.78,1.0,<Residue GLU het=  resseq=48 icode= >,1jql_B_A,2.5
378,0.0,GLU, ,N,114.9,2.15,1.0,<Residue GLU het=  resseq=49 icode= >,1jql_B_A,2.5
379,6.214,GLU, ,CA,114.13,2.76,1.0,<Residue GLU het=  resseq=49 icode= >,1jql_B_A,2.5
380,0.0,GLU, ,C,113.82,3.24,1.0,<Residue GLU het=  resseq=49 icode= >,1jql_B_A,2.5
381,0.0,GLU, ,O,113.19,1.66,1.0,<Residue GLU het=  resseq=49 icode= >,1jql_B_A,2.5
382,5.369,GLU, ,CB,114.44,0.43,1.0,<Residue GLU het=  resseq=49 icode= >,1jql_B_A,2.5
383,4.851,GLU, ,CG,114.47,0.47,1.0,<Residue GLU het=  resseq=49 icode= >,1jql_B_A,2.5
384,5.767,GLU, ,CD,114.5,0.98,1.0,<Residue GLU het=  resseq=49 icode= >,1jql_B_A,2.5
385,3.582,GLU, ,OE1,113.82,0.54,1.0,<Residue GLU het=  resseq=49 icode= >,1jql_B_A,2.5
386,27.043,GLU, ,OE2,115.01,0.18,1.0,<Residue GLU het=  resseq=49 icode= >,1jql_B_A,2.5
387,4.204,HIS, ,N,114.12,2.99,1.0,<Residue HIS het=  resseq=50 icode= >,1jql_B_A,2.5
388,0.0,HIS, ,CA,114.88,2.88,1.0,<Residue HIS het=  resseq=50 icode= >,1jql_B_A,2.5
389,0.707,HIS, ,C,114.74,2.70,1.0,<Residue HIS het=  resseq=50 icode= >,1jql_B_A,2.5
390,15.307,HIS, ,O,115.07,1.01,1.0,<Residue HIS het=  resseq=50 icode= >,1jql_B_A,2.5
391,6.132,HIS, ,CB,116.22,1.36,1.0,<Residue HIS het=  resseq=50 icode= >,1jql_B_A,2.5
392,0.0,HIS, ,CG,117.68,0.62,1.0,<Residue HIS het=  resseq=50 icode= >,1jql_B_A,2.5
393,0.0,HIS, ,ND1,118.24,0.41,1.0,<Residue HIS het=  resseq=50 icode= >,1jql_B_A,2.5
394,18.342,HIS, ,CD2,117.6,1.38,1.0,<Residue HIS het=  resseq=50 icode= >,1jql_B_A,2.5
395,0.0,HIS, ,CE1,118.27,0.84,1.0,<Residue HIS het=  resseq=50 icode= >,1jql_B_A,2.5
396,8.355,HIS, ,NE2,118.0,1.17,1.0,<Residue HIS het=  resseq=50 icode= >,1jql_B_A,2.5
397,0.0,HIS, ,N,114.54,2.81,1.0,<Residue HIS het=  resseq=51 icode= >,1jql_B_A,2.5
398,6.82,HIS, ,CA,114.94,3.25,1.0,<Residue HIS het=  resseq=51 icode= >,1jql_B_A,2.5
399,0.74,HIS, ,C,115.31,3.24,1.0,<Residue HIS het=  resseq=51 icode= >,1jql_B_A,2.5
400,0.0,HIS, ,O,115.55,1.43,1.0,<Residue HIS het=  resseq=51 icode= >,1jql_B_A,2.5
401,1.046,HIS, ,CB,115.32,1.21,1.0,<Residue HIS het=  resseq=51 icode= >,1jql_B_A,2.5
402,0.0,HIS, ,CG,116.26,1.52,1.0,<Residue HIS het=  resseq=51 icode= >,1jql_B_A,2.5
403,16.543,HIS, ,ND1,116.69,1.02,1.0,<Residue HIS het=  resseq=51 icode= >,1jql_B_A,2.5
404,0.17,HIS, ,CD2,116.52,1.32,1.0,<Residue HIS het=  resseq=51 icode= >,1jql_B_A,2.5
405,30.273,HIS, ,CE1,116.75,0.47,1.0,<Residue HIS het=  resseq=51 icode= >,1jql_B_A,2.5
406,1.106,HIS, ,NE2,116.84,0.74,1.0,<Residue HIS het=  resseq=51 icode= >,1jql_B_A,2.5
407,3.283,THR, ,N,115.8,3.02,1.0,<Residue THR het=  resseq=52 icode= >,1jql_B_A,2.5
408,0.0,THR, ,CA,117.09,2.75,1.0,<Residue THR het=  resseq=52 icode= >,1jql_B_A,2.5
409,0.21,THR, ,C,117.68,3.01,1.0,<Residue THR het=  resseq=52 icode= >,1jql_B_A,2.5
410,20.463,THR, ,O,118.34,1.15,1.0,<Residue THR het=  resseq=52 icode= >,1jql_B_A,2.5
411,15.223,THR, ,CB,117.38,1.32,1.0,<Residue THR het=  resseq=52 icode= >,1jql_B_A,2.5
412,4.258,THR, ,OG1,117.91,0.92,1.0,<Residue THR het=  resseq=52 icode= >,1jql_B_A,2.5
413,15.321,THR, ,CG2,117.7,0.67,1.0,<Residue THR het=  resseq=52 icode= >,1jql_B_A,2.5
414,0.0,PHE, ,N,118.49,1.90,1.0,<Residue PHE het=  resseq=53 icode= >,1jql_B_A,2.5
415,5.611,PHE, ,CA,119.42,1.99,1.0,<Residue PHE het=  resseq=53 icode= >,1jql_B_A,2.5
416,0.048,PHE, ,C,120.19,2.34,1.0,<Residue PHE het=  resseq=53 icode= >,1jql_B_A,2.5
417,0.0,PHE, ,O,120.46,1.17,1.0,<Residue PHE het=  resseq=53 icode= >,1jql_B_A,2.5
418,0.557,PHE, ,CB,119.22,1.28,1.0,<Residue PHE het=  resseq=53 icode= >,1jql_B_A,2.5
419,0.0,PHE, ,CG,119.08,1.74,1.0,<Residue PHE het=  resseq=53 icode= >,1jql_B_A,2.5
420,0.0,PHE, ,CD1,119.15,1.31,1.0,<Residue PHE het=  resseq=53 icode= >,1jql_B_A,2.5
421,9.294,PHE, ,CD2,118.96,1.11,1.0,<Residue PHE het=  resseq=53 icode= >,1jql_B_A,2.5
422,0.346,PHE, ,CE1,119.0,0.93,1.0,<Residue PHE het=  resseq=53 icode= >,1jql_B_A,2.5
423,11.27,PHE, ,CE2,118.74,1.03,1.0,<Residue PHE het=  resseq=53 icode= >,1jql_B_A,2.5
424,9.14,PHE, ,CZ,118.74,1.21,1.0,<Residue PHE het=  resseq=53 icode= >,1jql_B_A,2.5
425,5.87,SER, ,N,121.27,2.05,1.0,<Residue SER het=  resseq=54 icode= >,1jql_B_A,2.5
426,0.104,SER, ,CA,122.58,1.81,1.0,<Residue SER het=  resseq=54 icode= >,1jql_B_A,2.5
427,1.118,SER, ,C,123.59,1.87,1.0,<Residue SER het=  resseq=54 icode= >,1jql_B_A,2.5
428,1.908,SER, ,O,124.36,0.97,1.0,<Residue SER het=  resseq=54 icode= >,1jql_B_A,2.5
429,37.446,SER, ,CB,122.51,0.60,1.0,<Residue SER het=  resseq=54 icode= >,1jql_B_A,2.5
430,24.609,SER, ,OG,122.65,0.18,1.0,<Residue SER het=  resseq=54 icode= >,1jql_B_A,2.5
431,0.0,ILE, ,N,124.31,2.00,1.0,<Residue ILE het=  resseq=55 icode= >,1jql_B_A,2.5
432,0.0,ILE, ,CA,124.98,2.33,1.0,<Residue ILE het=  resseq=55 icode= >,1jql_B_A,2.5
433,0.0,ILE, ,C,125.44,2.04,1.0,<Residue ILE het=  resseq=55 icode= >,1jql_B_A,2.5
434,4.75,ILE, ,O,125.54,0.53,1.0,<Residue ILE het=  resseq=55 icode= >,1jql_B_A,2.5
435,0.0,ILE, ,CB,125.28,0.73,1.0,<Residue ILE het=  resseq=55 icode= >,1jql_B_A,2.5
436,0.0,ILE, ,CG1,125.33,-0.18,1.0,<Residue ILE het=  resseq=55 icode= >,1jql_B_A,2.5
437,0.0,ILE, ,CG2,124.97,0.44,1.0,<Residue ILE het=  resseq=55 icode= >,1jql_B_A,2.5
438,0.0,ILE, ,CD1,125.44,-0.92,1.0,<Residue ILE het=  resseq=55 icode= >,1jql_B_A,2.5
439,0.0,ASP, ,N,125.9,1.55,1.0,<Residue ASP het=  resseq=56 icode= >,1jql_B_A,2.5
440,3.213,ASP, ,CA,125.94,1.28,1.0,<Residue ASP het=  resseq=56 icode= >,1jql_B_A,2.5
441,0.979,ASP, ,C,126.34,1.56,1.0,<Residue ASP het=  resseq=56 icode= >,1jql_B_A,2.5
442,3.88,ASP, ,O,126.25,0.85,1.0,<Residue ASP het=  resseq=56 icode= >,1jql_B_A,2.5
443,20.351,ASP, ,CB,124.94,1.42,1.0,<Residue ASP het=  resseq=56 icode= >,1jql_B_A,2.5
444,0.248,ASP, ,CG,123.95,2.09,1.0,<Residue ASP het=  resseq=56 icode= >,1jql_B_A,2.5
445,27.573,ASP, ,OD1,122.96,1.10,1.0,<Residue ASP het=  resseq=56 icode= >,1jql_B_A,2.5
446,1.214,ASP, ,OD2,124.01,1.50,1.0,<Residue ASP het=  resseq=56 icode= >,1jql_B_A,2.5
447,0.034,PRO, ,N,126.59,1.68,1.0,<Residue PRO het=  resseq=57 icode= >,1jql_B_A,2.5
448,11.876,PRO, ,CA,126.66,1.43,1.0,<Residue PRO het=  resseq=57 icode= >,1jql_B_A,2.5
449,3.474,PRO, ,C,126.8,1.30,1.0,<Residue PRO het=  resseq=57 icode= >,1jql_B_A,2.5
450,25.489,PRO, ,O,127.14,0.80,1.0,<Residue PRO het=  resseq=57 icode= >,1jql_B_A,2.5
451,29.758,PRO, ,CB,126.49,0.53,1.0,<Residue PRO het=  resseq=57 icode= >,1jql_B_A,2.5
452,30.782,PRO, ,CG,126.62,0.44,1.0,<Residue PRO het=  resseq=57 icode= >,1jql_B_A,2.5
453,17.615,PRO, ,CD,126.51,0.56,1.0,<Residue PRO het=  resseq=57 icode= >,1jql_B_A,2.5
454,0.0,ASN, ,N,126.71,1.24,1.0,<Residue ASN het=  resseq=58 icode= >,1jql_B_A,2.5
455,5.063,ASN, ,CA,126.09,1.88,1.0,<Residue ASN het=  resseq=58 icode= >,1jql_B_A,2.5
456,2.49,ASN, ,C,125.74,1.79,1.0,<Residue ASN het=  resseq=58 icode= >,1jql_B_A,2.5
457,23.545,ASN, ,O,126.19,0.19,1.0,<Residue ASN het=  resseq=58 icode= >,1jql_B_A,2.5
458,21.326,ASN, ,CB,126.0,0.89,1.0,<Residue ASN het=  resseq=58 icode= >,1jql_B_A,2.5
459,5.621,ASN, ,CG,126.04,1.02,1.0,<Residue ASN het=  resseq=58 icode= >,1jql_B_A,2.5
460,32.482,ASN, ,OD1,125.62,0.95,1.0,<Residue ASN het=  resseq=58 icode= >,1jql_B_A,2.5
461,37.339,ASN, ,ND2,126.32,0.20,1.0,<Residue ASN het=  resseq=58 icode= >,1jql_B_A,2.5
462,0.32,THR, ,N,125.11,1.19,1.0,<Residue THR het=  resseq=59 icode= >,1jql_B_A,2.5
463,8.71,THR, ,CA,123.94,0.85,1.0,<Residue THR het=  resseq=59 icode= >,1jql_B_A,2.5
464,0.0,THR, ,C,122.15,1.79,1.0,<Residue THR het=  resseq=59 icode= >,1jql_B_A,2.5
465,9.772,THR, ,O,121.66,1.31,1.0,<Residue THR het=  resseq=59 icode= >,1jql_B_A,2.5
466,0.0,THR, ,CB,124.8,0.54,1.0,<Residue THR het=  resseq=59 icode= >,1jql_B_A,2.5
467,4.288,THR, ,OG1,125.12,0.70,1.0,<Residue THR het=  resseq=59 icode= >,1jql_B_A,2.5
468,2.747,THR, ,CG2,125.16,-0.08,1.0,<Residue THR het=  resseq=59 icode= >,1jql_B_A,2.5
469,5.288,ASP, ,N,119.88,1.71,1.0,<Residue ASP het=  resseq=60 icode= >,1jql_B_A,2.5
470,5.813,ASP, ,CA,117.6,1.44,1.0,<Residue ASP het=  resseq=60 icode= >,1jql_B_A,2.5
471,0.0,ASP, ,C,115.01,3.11,1.0,<Residue ASP het=  resseq=60 icode= >,1jql_B_A,2.5
472,0.061,ASP, ,O,114.09,2.69,1.0,<Residue ASP het=  resseq=60 icode= >,1jql_B_A,2.5
473,27.33,ASP, ,CB,118.77,0.90,1.0,<Residue ASP het=  resseq=60 icode= >,1jql_B_A,2.5
474,8.165,ASP, ,CG,119.46,1.41,1.0,<Residue ASP het=  resseq=60 icode= >,1jql_B_A,2.5
475,30.683,ASP, ,OD1,119.94,0.75,1.0,<Residue ASP het=  resseq=60 icode= >,1jql_B_A,2.5
476,11.237,ASP, ,OD2,119.82,0.88,1.0,<Residue ASP het=  resseq=60 icode= >,1jql_B_A,2.5
477,3.79,TRP, ,N,112.57,2.48,1.0,<Residue TRP het=  resseq=61 icode= >,1jql_B_A,2.5
478,0.0,TRP, ,CA,110.38,2.03,1.0,<Residue TRP het=  resseq=61 icode= >,1jql_B_A,2.5
479,0.062,TRP, ,C,107.74,2.46,1.0,<Residue TRP het=  resseq=61 icode= >,1jql_B_A,2.5
480,0.0,TRP, ,O,107.64,1.04,1.0,<Residue TRP het=  resseq=61 icode= >,1jql_B_A,2.5
481,6.836,TRP, ,CB,111.97,0.99,1.0,<Residue TRP het=  resseq=61 icode= >,1jql_B_A,2.5
482,0.0,TRP, ,CG,113.71,1.24,1.0,<Residue TRP het=  resseq=61 icode= >,1jql_B_A,2.5
483,5.49,TRP, ,CD1,114.01,1.01,1.0,<Residue TRP het=  resseq=61 icode= >,1jql_B_A,2.5
484,0.0,TRP, ,CD2,114.27,1.63,1.0,<Residue TRP het=  resseq=61 icode= >,1jql_B_A,2.5
485,4.197,TRP, ,NE1,114.24,1.25,1.0,<Residue TRP het=  resseq=61 icode= >,1jql_B_A,2.5
486,0.0,TRP, ,CE2,114.53,1.66,1.0,<Residue TRP het=  resseq=61 icode= >,1jql_B_A,2.5
487,0.0,TRP, ,CE3,114.08,0.82,1.0,<Residue TRP het=  resseq=61 icode= >,1jql_B_A,2.5
488,0.0,TRP, ,CZ2,114.78,0.26,1.0,<Residue TRP het=  resseq=61 icode= >,1jql_B_A,2.5
489,0.0,TRP, ,CZ3,113.98,0.95,1.0,<Residue TRP het=  resseq=61 icode= >,1jql_B_A,2.5
490,0.0,TRP, ,CH2,114.53,0.79,1.0,<Residue TRP het=  resseq=61 icode= >,1jql_B_A,2.5
491,0.364,ASN, ,N,104.65,2.39,1.0,<Residue ASN het=  resseq=62 icode= >,1jql_B_A,2.5
492,0.591,ASN, ,CA,101.19,2.23,1.0,<Residue ASN het=  resseq=62 icode= >,1jql_B_A,2.5
493,0.0,ASN, ,C,98.22,2.65,1.0,<Residue ASN het=  resseq=62 icode= >,1jql_B_A,2.5
494,0.0,ASN, ,O,97.69,1.71,1.0,<Residue ASN het=  resseq=62 icode= >,1jql_B_A,2.5
495,18.61,ASN, ,CB,102.11,0.66,1.0,<Residue ASN het=  resseq=62 icode= >,1jql_B_A,2.5
496,7.865,ASN, ,CG,102.22,1.77,1.0,<Residue ASN het=  resseq=62 icode= >,1jql_B_A,2.5
497,32.811,ASN, ,OD1,102.03,1.45,1.0,<Residue ASN het=  resseq=62 icode= >,1jql_B_A,2.5
498,49.654,ASN, ,ND2,102.99,0.49,1.0,<Residue ASN het=  resseq=62 icode= >,1jql_B_A,2.5
499,0.19,ALA, ,N,94.71,2.45,1.0,<Residue ALA het=  resseq=63 icode= >,1jql_B_A,2.5
500,9.956,ALA, ,CA,91.32,1.91,1.0,<Residue ALA het=  resseq=63 icode= >,1jql_B_A,2.5
501,0.0,ALA, ,C,88.93,2.47,1.0,<Residue ALA het=  resseq=63 icode= >,1jql_B_A,2.5
502,2.562,ALA, ,O,88.86,1.19,1.0,<Residue ALA het=  resseq=63 icode= >,1jql_B_A,2.5
503,29.568,ALA, ,CB,91.64,0.44,1.0,<Residue ALA het=  resseq=63 icode= >,1jql_B_A,2.5
504,0.0,ILE, ,N,85.73,2.51,1.0,<Residue ILE het=  resseq=64 icode= >,1jql_B_A,2.5
505,0.0,ILE, ,CA,82.11,2.58,1.0,<Residue ILE het=  resseq=64 icode= >,1jql_B_A,2.5
506,0.0,ILE, ,C,80.64,3.44,1.0,<Residue ILE het=  resseq=64 icode= >,1jql_B_A,2.5
507,0.0,ILE, ,O,79.67,2.49,1.0,<Residue ILE het=  resseq=64 icode= >,1jql_B_A,2.5
508,0.0,ILE, ,CB,81.03,2.31,1.0,<Residue ILE het=  resseq=64 icode= >,1jql_B_A,2.5
509,0.0,ILE, ,CG1,79.86,1.60,1.0,<Residue ILE het=  resseq=64 icode= >,1jql_B_A,2.5
510,0.0,ILE, ,CG2,80.02,0.70,1.0,<Residue ILE het=  resseq=64 icode= >,1jql_B_A,2.5
511,0.0,ILE, ,CD1,78.07,1.09,1.0,<Residue ILE het=  resseq=64 icode= >,1jql_B_A,2.5
512,0.0,PHE, ,N,79.23,3.58,1.0,<Residue PHE het=  resseq=65 icode= >,1jql_B_A,2.5
513,0.0,PHE, ,CA,78.53,3.20,1.0,<Residue PHE het=  resseq=65 icode= >,1jql_B_A,2.5
514,0.245,PHE, ,C,77.17,3.61,1.0,<Residue PHE het=  resseq=65 icode= >,1jql_B_A,2.5
515,0.0,PHE, ,O,76.88,1.66,1.0,<Residue PHE het=  resseq=65 icode= >,1jql_B_A,2.5
516,10.753,PHE, ,CB,80.16,1.67,1.0,<Residue PHE het=  resseq=65 icode= >,1jql_B_A,2.5
517,0.0,PHE, ,CG,81.85,1.90,1.0,<Residue PHE het=  resseq=65 icode= >,1jql_B_A,2.5
518,12.23,PHE, ,CD1,82.73,1.09,1.0,<Residue PHE het=  resseq=65 icode= >,1jql_B_A,2.5
519,0.0,PHE, ,CD2,82.72,1.12,1.0,<Residue PHE het=  resseq=65 icode= >,1jql_B_A,2.5
520,10.891,PHE, ,CE1,83.42,0.65,1.0,<Residue PHE het=  resseq=65 icode= >,1jql_B_A,2.5
521,0.0,PHE, ,CE2,83.52,0.52,1.0,<Residue PHE het=  resseq=65 icode= >,1jql_B_A,2.5
522,0.0,PHE, ,CZ,84.31,0.22,1.0,<Residue PHE het=  resseq=65 icode= >,1jql_B_A,2.5
523,0.489,SER, ,N,75.99,2.68,1.0,<Residue SER het=  resseq=66 icode= >,1jql_B_A,2.5
524,1.771,SER, ,CA,73.82,2.82,1.0,<Residue SER het=  resseq=66 icode= >,1jql_B_A,2.5
525,0.244,SER, ,C,71.79,4.30,1.0,<Residue SER het=  resseq=66 icode= >,1jql_B_A,2.5
526,6.287,SER, ,O,71.46,2.59,1.0,<Residue SER het=  resseq=66 icode= >,1jql_B_A,2.5
527,39.024,SER, ,CB,74.36,1.54,1.0,<Residue SER het=  resseq=66 icode= >,1jql_B_A,2.5
528,14.73,SER, ,OG,74.12,1.82,1.0,<Residue SER het=  resseq=66 icode= >,1jql_B_A,2.5
529,0.0,LEU, ,N,70.24,3.55,1.0,<Residue LEU het=  resseq=67 icode= >,1jql_B_A,2.5
530,4.142,LEU, ,CA,69.1,2.99,1.0,<Residue LEU het=  resseq=67 icode= >,1jql_B_A,2.5
531,0.0,LEU, ,C,67.36,3.88,1.0,<Residue LEU het=  resseq=67 icode= >,1jql_B_A,2.5
532,0.0,LEU, ,O,66.15,2.24,1.0,<Residue LEU het=  resseq=67 icode= >,1jql_B_A,2.5
533,0.431,LEU, ,CB,70.56,1.27,1.0,<Residue LEU het=  resseq=67 icode= >,1jql_B_A,2.5
534,11.06,LEU, ,CG,71.77,1.45,1.0,<Residue LEU het=  resseq=67 icode= >,1jql_B_A,2.5
535,10.231,LEU, ,CD1,71.77,0.49,1.0,<Residue LEU het=  resseq=67 icode= >,1jql_B_A,2.5
536,1.767,LEU, ,CD2,72.27,0.16,1.0,<Residue LEU het=  resseq=67 icode= >,1jql_B_A,2.5
537,0.0,CYS, ,N,66.51,3.02,1.0,<Residue CYS het=  resseq=68 icode= >,1jql_B_A,2.5
538,0.0,CYS, ,CA,65.31,3.04,1.0,<Residue CYS het=  resseq=68 icode= >,1jql_B_A,2.5
539,0.034,CYS, ,C,65.61,3.83,1.0,<Residue CYS het=  resseq=68 icode= >,1jql_B_A,2.5
540,5.116,CYS, ,O,64.68,2.96,1.0,<Residue CYS het=  resseq=68 icode= >,1jql_B_A,2.5
541,0.0,CYS, ,CB,63.93,3.04,1.0,<Residue CYS het=  resseq=68 icode= >,1jql_B_A,2.5
542,0.0,CYS, ,SG,62.6,3.86,1.0,<Residue CYS het=  resseq=68 icode= >,1jql_B_A,2.5
543,0.0,GLN, ,N,66.19,2.20,1.0,<Residue GLN het=  resseq=69 icode= >,1jql_B_A,2.5
544,0.768,GLN, ,CA,66.41,2.41,1.0,<Residue GLN het=  resseq=69 icode= >,1jql_B_A,2.5
545,1.17,GLN, ,C,65.32,3.29,1.0,<Residue GLN het=  resseq=69 icode= >,1jql_B_A,2.5
546,21.802,GLN, ,O,64.98,1.99,1.0,<Residue GLN het=  resseq=69 icode= >,1jql_B_A,2.5
547,14.176,GLN, ,CB,68.11,1.02,1.0,<Residue GLN het=  resseq=69 icode= >,1jql_B_A,2.5
548,10.36,GLN, ,CG,71.0,1.33,1.0,<Residue GLN het=  resseq=69 icode= >,1jql_B_A,2.5
549,6.579,GLN, ,CD,73.5,2.07,1.0,<Residue GLN het=  resseq=69 icode= >,1jql_B_A,2.5
550,26.561,GLN, ,OE1,74.81,0.99,1.0,<Residue GLN het=  resseq=69 icode= >,1jql_B_A,2.5
551,41.847,GLN, ,NE2,75.17,0.41,1.0,<Residue GLN het=  resseq=69 icode= >,1jql_B_A,2.5
552,0.0,ALA, ,N,63.88,2.73,1.0,<Residue ALA het=  resseq=70 icode= >,1jql_B_A,2.5
553,8.1,ALA, ,CA,62.02,2.95,1.0,<Residue ALA het=  resseq=70 icode= >,1jql_B_A,2.5
554,0.685,ALA, ,C,61.08,3.36,1.0,<Residue ALA het=  resseq=70 icode= >,1jql_B_A,2.5
555,5.605,ALA, ,O,62.18,1.27,1.0,<Residue ALA het=  resseq=70 icode= >,1jql_B_A,2.5
556,41.019,ALA, ,CB,62.05,0.39,1.0,<Residue ALA het=  resseq=70 icode= >,1jql_B_A,2.5
557,4.774,MET, ,N,59.7,2.73,1.0,<Residue MET het=  resseq=71 icode= >,1jql_B_A,2.5
558,5.294,MET, ,CA,57.68,2.72,1.0,<Residue MET het=  resseq=71 icode= >,1jql_B_A,2.5
559,1.686,MET, ,C,57.12,3.28,1.0,<Residue MET het=  resseq=71 icode= >,1jql_B_A,2.5
560,23.768,MET, ,O,55.87,2.23,1.0,<Residue MET het=  resseq=71 icode= >,1jql_B_A,2.5
561,19.259,MET, ,CB,56.45,2.90,1.0,<Residue MET het=  resseq=71 icode= >,1jql_B_A,2.5
562,18.707,MET, ,CG,58.03,2.29,1.0,<Residue MET het=  resseq=71 icode= >,1jql_B_A,2.5
563,42.772,MET, ,SD,60.57,3.96,1.0,<Residue MET het=  resseq=71 icode= >,1jql_B_A,2.5
564,75.444,MET, ,CE,60.41,0.73,1.0,<Residue MET het=  resseq=71 icode= >,1jql_B_A,2.5
565,8.366,SER, ,N,56.86,2.50,1.0,<Residue SER het=  resseq=72 icode= >,1jql_B_A,2.5
566,6.431,SER, ,CA,55.98,3.17,1.0,<Residue SER het=  resseq=72 icode= >,1jql_B_A,2.5
567,1.905,SER, ,C,54.85,4.02,1.0,<Residue SER het=  resseq=72 icode= >,1jql_B_A,2.5
568,16.402,SER, ,O,54.65,2.50,1.0,<Residue SER het=  resseq=72 icode= >,1jql_B_A,2.5
569,9.534,SER, ,CB,57.25,2.12,1.0,<Residue SER het=  resseq=72 icode= >,1jql_B_A,2.5
570,8.602,SER, ,OG,60.02,1.01,1.0,<Residue SER het=  resseq=72 icode= >,1jql_B_A,2.5
571,2.402,LEU, ,N,53.36,3.00,1.0,<Residue LEU het=  resseq=73 icode= >,1jql_B_A,2.5
572,6.383,LEU, ,CA,50.87,3.78,1.0,<Residue LEU het=  resseq=73 icode= >,1jql_B_A,2.5
573,0.097,LEU, ,C,50.73,5.15,1.0,<Residue LEU het=  resseq=73 icode= >,1jql_B_A,2.5
574,29.305,LEU, ,O,47.96,3.95,1.0,<Residue LEU het=  resseq=73 icode= >,1jql_B_A,2.5
575,3.129,LEU, ,CB,50.13,2.00,1.0,<Residue LEU het=  resseq=73 icode= >,1jql_B_A,2.5
576,8.967,LEU, ,CG,49.1,2.76,1.0,<Residue LEU het=  resseq=73 icode= >,1jql_B_A,2.5
577,54.613,LEU, ,CD1,49.09,1.05,1.0,<Residue LEU het=  resseq=73 icode= >,1jql_B_A,2.5
578,63.094,LEU, ,CD2,47.98,1.55,1.0,<Residue LEU het=  resseq=73 icode= >,1jql_B_A,2.5
579,0.0,PHE, ,N,52.78,2.81,1.0,<Residue PHE het=  resseq=74 icode= >,1jql_B_A,2.5
580,7.033,PHE, ,CA,54.77,3.43,1.0,<Residue PHE het=  resseq=74 icode= >,1jql_B_A,2.5
581,2.263,PHE, ,C,58.56,3.57,1.0,<Residue PHE het=  resseq=74 icode= >,1jql_B_A,2.5
582,14.177,PHE, ,O,58.42,2.58,1.0,<Residue PHE het=  resseq=74 icode= >,1jql_B_A,2.5
583,11.651,PHE, ,CB,51.3,2.15,1.0,<Residue PHE het=  resseq=74 icode= >,1jql_B_A,2.5
584,2.628,PHE, ,CG,47.67,3.75,1.0,<Residue PHE het=  resseq=74 icode= >,1jql_B_A,2.5
585,12.475,PHE, ,CD1,47.08,2.41,1.0,<Residue PHE het=  resseq=74 icode= >,1jql_B_A,2.5
586,21.425,PHE, ,CD2,46.55,2.91,1.0,<Residue PHE het=  resseq=74 icode= >,1jql_B_A,2.5
587,25.779,PHE, ,CE1,46.9,1.45,1.0,<Residue PHE het=  resseq=74 icode= >,1jql_B_A,2.5
588,32.708,PHE, ,CE2,44.31,2.94,1.0,<Residue PHE het=  resseq=74 icode= >,1jql_B_A,2.5
589,25.866,PHE, ,CZ,44.21,2.34,1.0,<Residue PHE het=  resseq=74 icode= >,1jql_B_A,2.5
590,1.121,ALA, ,N,63.56,2.11,1.0,<Residue ALA het=  resseq=75 icode= >,1jql_B_A,2.5
591,7.803,ALA, ,CA,68.12,3.07,1.0,<Residue ALA het=  resseq=75 icode= >,1jql_B_A,2.5
592,2.4,ALA, ,C,71.7,2.91,1.0,<Residue ALA het=  resseq=75 icode= >,1jql_B_A,2.5
593,7.096,ALA, ,O,72.69,1.19,1.0,<Residue ALA het=  resseq=75 icode= >,1jql_B_A,2.5
594,61.385,ALA, ,CB,67.99,1.31,1.0,<Residue ALA het=  resseq=75 icode= >,1jql_B_A,2.5
595,0.0,SER, ,N,75.54,1.42,1.0,<Residue SER het=  resseq=76 icode= >,1jql_B_A,2.5
596,1.923,SER, ,CA,78.83,1.32,1.0,<Residue SER het=  resseq=76 icode= >,1jql_B_A,2.5
597,0.528,SER, ,C,80.85,2.52,1.0,<Residue SER het=  resseq=76 icode= >,1jql_B_A,2.5
598,2.059,SER, ,O,81.94,0.01,1.0,<Residue SER het=  resseq=76 icode= >,1jql_B_A,2.5
599,0.0,SER, ,CB,79.06,0.74,1.0,<Residue SER het=  resseq=76 icode= >,1jql_B_A,2.5
600,4.571,SER, ,OG,80.6,0.44,1.0,<Residue SER het=  resseq=76 icode= >,1jql_B_A,2.5
601,0.0,ARG, ,N,83.24,3.08,1.0,<Residue ARG het=  resseq=77 icode= >,1jql_B_A,2.5
602,1.468,ARG, ,CA,86.06,3.01,1.0,<Residue ARG het=  resseq=77 icode= >,1jql_B_A,2.5
603,0.0,ARG, ,C,86.85,2.74,1.0,<Residue ARG het=  resseq=77 icode= >,1jql_B_A,2.5
604,0.0,ARG, ,O,86.96,1.89,1.0,<Residue ARG het=  resseq=77 icode= >,1jql_B_A,2.5
605,0.0,ARG, ,CB,88.63,0.74,1.0,<Residue ARG het=  resseq=77 icode= >,1jql_B_A,2.5
606,1.474,ARG, ,CG,92.74,0.57,1.0,<Residue ARG het=  resseq=77 icode= >,1jql_B_A,2.5
607,0.0,ARG, ,CD,97.12,0.59,1.0,<Residue ARG het=  resseq=77 icode= >,1jql_B_A,2.5
608,9.806,ARG, ,NE,101.21,0.57,1.0,<Residue ARG het=  resseq=77 icode= >,1jql_B_A,2.5
609,3.866,ARG, ,CZ,102.97,0.44,1.0,<Residue ARG het=  resseq=77 icode= >,1jql_B_A,2.5
610,24.896,ARG, ,NH1,102.96,0.77,1.0,<Residue ARG het=  resseq=77 icode= >,1jql_B_A,2.5
611,57.03,ARG, ,NH2,104.62,-0.46,1.0,<Residue ARG het=  resseq=77 icode= >,1jql_B_A,2.5
612,0.0,GLN, ,N,87.37,1.98,1.0,<Residue GLN het=  resseq=78 icode= >,1jql_B_A,2.5
613,0.0,GLN, ,CA,87.75,2.12,1.0,<Residue GLN het=  resseq=78 icode= >,1jql_B_A,2.5
614,0.0,GLN, ,C,86.77,3.07,1.0,<Residue GLN het=  resseq=78 icode= >,1jql_B_A,2.5
615,0.0,GLN, ,O,85.93,1.74,1.0,<Residue GLN het=  resseq=78 icode= >,1jql_B_A,2.5
616,0.132,GLN, ,CB,89.18,0.52,1.0,<Residue GLN het=  resseq=78 icode= >,1jql_B_A,2.5
617,0.16,GLN, ,CG,91.46,-0.09,1.0,<Residue GLN het=  resseq=78 icode= >,1jql_B_A,2.5
618,1.357,GLN, ,CD,92.38,0.96,1.0,<Residue GLN het=  resseq=78 icode= >,1jql_B_A,2.5
619,6.979,GLN, ,OE1,92.72,0.61,1.0,<Residue GLN het=  resseq=78 icode= >,1jql_B_A,2.5
620,2.968,GLN, ,NE2,92.84,0.26,1.0,<Residue GLN het=  resseq=78 icode= >,1jql_B_A,2.5
621,0.0,THR, ,N,86.45,2.76,1.0,<Residue THR het=  resseq=79 icode= >,1jql_B_A,2.5
622,0.0,THR, ,CA,86.81,2.72,1.0,<Residue THR het=  resseq=79 icode= >,1jql_B_A,2.5
623,0.0,THR, ,C,86.5,3.59,1.0,<Residue THR het=  resseq=79 icode= >,1jql_B_A,2.5
624,0.0,THR, ,O,87.07,1.66,1.0,<Residue THR het=  resseq=79 icode= >,1jql_B_A,2.5
625,0.0,THR, ,CB,87.27,1.79,1.0,<Residue THR het=  resseq=79 icode= >,1jql_B_A,2.5
626,0.0,THR, ,OG1,87.1,0.66,1.0,<Residue THR het=  resseq=79 icode= >,1jql_B_A,2.5
627,0.165,THR, ,CG2,88.45,-0.30,1.0,<Residue THR het=  resseq=79 icode= >,1jql_B_A,2.5
628,0.0,LEU, ,N,85.85,3.69,1.0,<Residue LEU het=  resseq=80 icode= >,1jql_B_A,2.5
629,0.0,LEU, ,CA,86.54,3.39,1.0,<Residue LEU het=  resseq=80 icode= >,1jql_B_A,2.5
630,0.0,LEU, ,C,87.97,3.38,1.0,<Residue LEU het=  resseq=80 icode= >,1jql_B_A,2.5
631,0.0,LEU, ,O,88.36,1.53,1.0,<Residue LEU het=  resseq=80 icode= >,1jql_B_A,2.5
632,0.318,LEU, ,CB,85.56,1.93,1.0,<Residue LEU het=  resseq=80 icode= >,1jql_B_A,2.5
633,0.0,LEU, ,CG,85.14,2.17,1.0,<Residue LEU het=  resseq=80 icode= >,1jql_B_A,2.5
634,0.0,LEU, ,CD1,85.67,0.45,1.0,<Residue LEU het=  resseq=80 icode= >,1jql_B_A,2.5
635,0.0,LEU, ,CD2,84.91,0.79,1.0,<Residue LEU het=  resseq=80 icode= >,1jql_B_A,2.5
636,0.0,LEU, ,N,89.94,3.25,1.0,<Residue LEU het=  resseq=81 icode= >,1jql_B_A,2.5
637,0.0,LEU, ,CA,92.4,2.75,1.0,<Residue LEU het=  resseq=81 icode= >,1jql_B_A,2.5
638,0.0,LEU, ,C,93.42,3.24,1.0,<Residue LEU het=  resseq=81 icode= >,1jql_B_A,2.5
639,0.0,LEU, ,O,93.76,1.45,1.0,<Residue LEU het=  resseq=81 icode= >,1jql_B_A,2.5
640,1.132,LEU, ,CB,93.41,1.72,1.0,<Residue LEU het=  resseq=81 icode= >,1jql_B_A,2.5
641,0.0,LEU, ,CG,94.52,1.40,1.0,<Residue LEU het=  resseq=81 icode= >,1jql_B_A,2.5
642,0.0,LEU, ,CD1,95.07,-0.01,1.0,<Residue LEU het=  resseq=81 icode= >,1jql_B_A,2.5
643,7.774,LEU, ,CD2,94.93,-0.07,1.0,<Residue LEU het=  resseq=81 icode= >,1jql_B_A,2.5
644,0.0,LEU, ,N,94.86,2.94,1.0,<Residue LEU het=  resseq=82 icode= >,1jql_B_A,2.5
645,0.0,LEU, ,CA,96.91,2.59,1.0,<Residue LEU het=  resseq=82 icode= >,1jql_B_A,2.5
646,0.0,LEU, ,C,99.44,1.71,1.0,<Residue LEU het=  resseq=82 icode= >,1jql_B_A,2.5
647,0.0,LEU, ,O,100.12,0.64,1.0,<Residue LEU het=  resseq=82 icode= >,1jql_B_A,2.5
648,0.0,LEU, ,CB,95.36,2.06,1.0,<Residue LEU het=  resseq=82 icode= >,1jql_B_A,2.5
649,0.0,LEU, ,CG,93.97,1.87,1.0,<Residue LEU het=  resseq=82 icode= >,1jql_B_A,2.5
650,0.0,LEU, ,CD1,93.27,0.56,1.0,<Residue LEU het=  resseq=82 icode= >,1jql_B_A,2.5
651,0.134,LEU, ,CD2,93.24,1.02,1.0,<Residue LEU het=  resseq=82 icode= >,1jql_B_A,2.5
652,0.0,LEU, ,N,102.25,1.68,1.0,<Residue LEU het=  resseq=83 icode= >,1jql_B_A,2.5
653,0.8,LEU, ,CA,104.76,2.25,1.0,<Residue LEU het=  resseq=83 icode= >,1jql_B_A,2.5
654,0.0,LEU, ,C,106.98,2.39,1.0,<Residue LEU het=  resseq=83 icode= >,1jql_B_A,2.5
655,5.225,LEU, ,O,107.39,1.26,1.0,<Residue LEU het=  resseq=83 icode= >,1jql_B_A,2.5
656,11.635,LEU, ,CB,104.5,1.44,1.0,<Residue LEU het=  resseq=83 icode= >,1jql_B_A,2.5
657,0.0,LEU, ,CG,104.59,1.05,1.0,<Residue LEU het=  resseq=83 icode= >,1jql_B_A,2.5
658,39.596,LEU, ,CD1,104.9,0.15,1.0,<Residue LEU het=  resseq=83 icode= >,1jql_B_A,2.5
659,6.993,LEU, ,CD2,104.57,0.17,1.0,<Residue LEU het=  resseq=83 icode= >,1jql_B_A,2.5
660,0.0,LEU, ,N,109.79,1.96,1.0,<Residue LEU het=  resseq=84 icode= >,1jql_B_A,2.5
661,0.0,LEU, ,CA,113.17,1.72,1.0,<Residue LEU het=  resseq=84 icode= >,1jql_B_A,2.5
662,0.0,LEU, ,C,116.37,2.13,1.0,<Residue LEU het=  resseq=84 icode= >,1jql_B_A,2.5
663,8.718,LEU, ,O,116.47,1.38,1.0,<Residue LEU het=  resseq=84 icode= >,1jql_B_A,2.5
664,1.29,LEU, ,CB,111.87,1.17,1.0,<Residue LEU het=  resseq=84 icode= >,1jql_B_A,2.5
665,0.0,LEU, ,CG,110.95,1.10,1.0,<Residue LEU het=  resseq=84 icode= >,1jql_B_A,2.5
666,13.211,LEU, ,CD1,110.81,-0.33,1.0,<Residue LEU het=  resseq=84 icode= >,1jql_B_A,2.5
667,0.022,LEU, ,CD2,110.91,-0.34,1.0,<Residue LEU het=  resseq=84 icode= >,1jql_B_A,2.5
668,0.0,PRO, ,N,119.47,2.57,1.0,<Residue PRO het=  resseq=85 icode= >,1jql_B_A,2.5
669,5.117,PRO, ,CA,122.19,1.72,1.0,<Residue PRO het=  resseq=85 icode= >,1jql_B_A,2.5
670,0.0,PRO, ,C,125.16,1.16,1.0,<Residue PRO het=  resseq=85 icode= >,1jql_B_A,2.5
671,0.514,PRO, ,O,125.48,1.05,1.0,<Residue PRO het=  resseq=85 icode= >,1jql_B_A,2.5
672,16.271,PRO, ,CB,121.47,1.38,1.0,<Residue PRO het=  resseq=85 icode= >,1jql_B_A,2.5
673,0.359,PRO, ,CG,120.85,1.25,1.0,<Residue PRO het=  resseq=85 icode= >,1jql_B_A,2.5
674,0.0,PRO, ,CD,120.09,1.39,1.0,<Residue PRO het=  resseq=85 icode= >,1jql_B_A,2.5
675,0.0,GLU, ,N,128.38,1.15,1.0,<Residue GLU het=  resseq=86 icode= >,1jql_B_A,2.5
676,0.469,GLU, ,CA,131.31,0.77,1.0,<Residue GLU het=  resseq=86 icode= >,1jql_B_A,2.5
677,0.681,GLU, ,C,132.36,0.96,1.0,<Residue GLU het=  resseq=86 icode= >,1jql_B_A,2.5
678,14.41,GLU, ,O,132.53,0.49,1.0,<Residue GLU het=  resseq=86 icode= >,1jql_B_A,2.5
679,22.526,GLU, ,CB,132.3,0.26,1.0,<Residue GLU het=  resseq=86 icode= >,1jql_B_A,2.5
680,34.901,GLU, ,CG,133.83,0.09,1.0,<Residue GLU het=  resseq=86 icode= >,1jql_B_A,2.5
681,10.835,GLU, ,CD,134.76,0.58,1.0,<Residue GLU het=  resseq=86 icode= >,1jql_B_A,2.5
682,18.1,GLU, ,OE1,135.76,0.30,1.0,<Residue GLU het=  resseq=86 icode= >,1jql_B_A,2.5
683,41.874,GLU, ,OE2,134.84,0.52,1.0,<Residue GLU het=  resseq=86 icode= >,1jql_B_A,2.5
684,0.0,ASN, ,N,133.36,1.22,1.0,<Residue ASN het=  resseq=87 icode= >,1jql_B_A,2.5
685,8.731,ASN, ,CA,134.23,1.22,1.0,<Residue ASN het=  resseq=87 icode= >,1jql_B_A,2.5
686,3.991,ASN, ,C,135.0,1.13,1.0,<Residue ASN het=  resseq=87 icode= >,1jql_B_A,2.5
687,14.156,ASN, ,O,135.4,0.51,1.0,<Residue ASN het=  resseq=87 icode= >,1jql_B_A,2.5
688,34.344,ASN, ,CB,133.75,1.07,1.0,<Residue ASN het=  resseq=87 icode= >,1jql_B_A,2.5
689,5.689,ASN, ,CG,133.6,1.33,1.0,<Residue ASN het=  resseq=87 icode= >,1jql_B_A,2.5
690,12.726,ASN, ,OD1,133.51,0.62,1.0,<Residue ASN het=  resseq=87 icode= >,1jql_B_A,2.5
691,40.22,ASN, ,ND2,133.1,0.59,1.0,<Residue ASN het=  resseq=87 icode= >,1jql_B_A,2.5
692,0.0,GLY, ,N,135.37,0.53,1.0,<Residue GLY het=  resseq=88 icode= >,1jql_B_A,2.5
693,5.894,GLY, ,CA,135.47,0.52,1.0,<Residue GLY het=  resseq=88 icode= >,1jql_B_A,2.5
694,0.0,GLY, ,C,135.66,1.84,1.0,<Residue GLY het=  resseq=88 icode= >,1jql_B_A,2.5
695,0.0,GLY, ,O,135.41,1.12,1.0,<Residue GLY het=  resseq=88 icode= >,1jql_B_A,2.5
696,0.0,PRO, ,N,136.11,1.78,1.0,<Residue PRO het=  resseq=89 icode= >,1jql_B_A,2.5
697,0.0,PRO, ,CA,136.72,1.12,1.0,<Residue PRO het=  resseq=89 icode= >,1jql_B_A,2.5
698,0.0,PRO, ,C,137.33,0.78,1.0,<Residue PRO het=  resseq=89 icode= >,1jql_B_A,2.5
699,15.37,PRO, ,O,137.58,0.90,1.0,<Residue PRO het=  resseq=89 icode= >,1jql_B_A,2.5
700,0.0,PRO, ,CB,136.48,0.27,1.0,<Residue PRO het=  resseq=89 icode= >,1jql_B_A,2.5
701,4.141,PRO, ,CG,135.92,0.99,1.0,<Residue PRO het=  resseq=89 icode= >,1jql_B_A,2.5
702,2.999,PRO, ,CD,136.05,0.55,1.0,<Residue PRO het=  resseq=89 icode= >,1jql_B_A,2.5
703,0.0,ASN, ,N,137.81,0.16,1.0,<Residue ASN het=  resseq=90 icode= >,1jql_B_A,2.5
704,2.976,ASN, ,CA,137.98,0.74,1.0,<Residue ASN het=  resseq=90 icode= >,1jql_B_A,2.5
705,1.645,ASN, ,C,137.89,1.32,1.0,<Residue ASN het=  resseq=90 icode= >,1jql_B_A,2.5
706,0.0,ASN, ,O,138.06,0.60,1.0,<Residue ASN het=  resseq=90 icode= >,1jql_B_A,2.5
707,6.226,ASN, ,CB,138.1,0.21,1.0,<Residue ASN het=  resseq=90 icode= >,1jql_B_A,2.5
708,3.851,ASN, ,CG,138.17,0.77,1.0,<Residue ASN het=  resseq=90 icode= >,1jql_B_A,2.5
709,20.624,ASN, ,OD1,138.18,0.44,1.0,<Residue ASN het=  resseq=90 icode= >,1jql_B_A,2.5
710,40.588,ASN, ,ND2,138.25,0.30,1.0,<Residue ASN het=  resseq=90 icode= >,1jql_B_A,2.5
711,3.779,ALA, ,N,137.53,1.48,1.0,<Residue ALA het=  resseq=91 icode= >,1jql_B_A,2.5
712,13.14,ALA, ,CA,137.18,0.82,1.0,<Residue ALA het=  resseq=91 icode= >,1jql_B_A,2.5
713,0.86,ALA, ,C,136.61,1.17,1.0,<Residue ALA het=  resseq=91 icode= >,1jql_B_A,2.5
714,20.081,ALA, ,O,136.76,0.98,1.0,<Residue ALA het=  resseq=91 icode= >,1jql_B_A,2.5
715,57.917,ALA, ,CB,137.2,-0.49,1.0,<Residue ALA het=  resseq=91 icode= >,1jql_B_A,2.5
716,2.718,ALA, ,N,135.57,0.86,1.0,<Residue ALA het=  resseq=92 icode= >,1jql_B_A,2.5
717,0.137,ALA, ,CA,133.94,0.84,1.0,<Residue ALA het=  resseq=92 icode= >,1jql_B_A,2.5
718,0.726,ALA, ,C,132.67,1.34,1.0,<Residue ALA het=  resseq=92 icode= >,1jql_B_A,2.5
719,0.0,ALA, ,O,132.66,1.10,1.0,<Residue ALA het=  resseq=92 icode= >,1jql_B_A,2.5
720,38.607,ALA, ,CB,134.1,-0.22,1.0,<Residue ALA het=  resseq=92 icode= >,1jql_B_A,2.5
721,0.615,ILE, ,N,130.81,1.68,1.0,<Residue ILE het=  resseq=93 icode= >,1jql_B_A,2.5
722,0.0,ILE, ,CA,128.83,1.55,1.0,<Residue ILE het=  resseq=93 icode= >,1jql_B_A,2.5
723,0.0,ILE, ,C,127.7,2.13,1.0,<Residue ILE het=  resseq=93 icode= >,1jql_B_A,2.5
724,0.0,ILE, ,O,127.42,0.84,1.0,<Residue ILE het=  resseq=93 icode= >,1jql_B_A,2.5
725,0.0,ILE, ,CB,128.44,1.44,1.0,<Residue ILE het=  resseq=93 icode= >,1jql_B_A,2.5
726,9.097,ILE, ,CG1,128.25,0.26,1.0,<Residue ILE het=  resseq=93 icode= >,1jql_B_A,2.5
727,0.0,ILE, ,CG2,128.09,0.09,1.0,<Residue ILE het=  resseq=93 icode= >,1jql_B_A,2.5
728,1.57,ILE, ,CD1,128.1,-0.22,1.0,<Residue ILE het=  resseq=93 icode= >,1jql_B_A,2.5
729,0.0,ASN, ,N,126.57,2.85,1.0,<Residue ASN het=  resseq=94 icode= >,1jql_B_A,2.5
730,0.0,ASN, ,CA,125.85,1.97,1.0,<Residue ASN het=  resseq=94 icode= >,1jql_B_A,2.5
731,0.461,ASN, ,C,125.14,2.25,1.0,<Residue ASN het=  resseq=94 icode= >,1jql_B_A,2.5
732,2.88,ASN, ,O,125.0,1.34,1.0,<Residue ASN het=  resseq=94 icode= >,1jql_B_A,2.5
733,11.144,ASN, ,CB,125.96,0.70,1.0,<Residue ASN het=  resseq=94 icode= >,1jql_B_A,2.5
734,2.934,ASN, ,CG,125.97,0.82,1.0,<Residue ASN het=  resseq=94 icode= >,1jql_B_A,2.5
735,2.011,ASN, ,OD1,125.87,0.52,1.0,<Residue ASN het=  resseq=94 icode= >,1jql_B_A,2.5
736,19.717,ASN, ,ND2,125.76,0.45,1.0,<Residue ASN het=  resseq=94 icode= >,1jql_B_A,2.5
737,0.0,GLU, ,N,124.37,1.72,1.0,<Residue GLU het=  resseq=95 icode= >,1jql_B_A,2.5
738,3.395,GLU, ,CA,122.92,1.78,1.0,<Residue GLU het=  resseq=95 icode= >,1jql_B_A,2.5
739,0.046,GLU, ,C,121.38,2.31,1.0,<Residue GLU het=  resseq=95 icode= >,1jql_B_A,2.5
740,0.502,GLU, ,O,121.26,1.70,1.0,<Residue GLU het=  resseq=95 icode= >,1jql_B_A,2.5
741,11.301,GLU, ,CB,123.42,0.96,1.0,<Residue GLU het=  resseq=95 icode= >,1jql_B_A,2.5
742,21.97,GLU, ,CG,124.05,0.49,1.0,<Residue GLU het=  resseq=95 icode= >,1jql_B_A,2.5
743,12.889,GLU, ,CD,124.32,0.25,1.0,<Residue GLU het=  resseq=95 icode= >,1jql_B_A,2.5
744,38.782,GLU, ,OE1,124.57,0.51,1.0,<Residue GLU het=  resseq=95 icode= >,1jql_B_A,2.5
745,21.479,GLU, ,OE2,124.42,0.03,1.0,<Residue GLU het=  resseq=95 icode= >,1jql_B_A,2.5
746,0.04,GLN, ,N,119.32,2.09,1.0,<Residue GLN het=  resseq=96 icode= >,1jql_B_A,2.5
747,0.101,GLN, ,CA,117.13,1.71,1.0,<Residue GLN het=  resseq=96 icode= >,1jql_B_A,2.5
748,0.0,GLN, ,C,115.36,2.17,1.0,<Residue GLN het=  resseq=96 icode= >,1jql_B_A,2.5
749,0.0,GLN, ,O,115.42,1.20,1.0,<Residue GLN het=  resseq=96 icode= >,1jql_B_A,2.5
750,0.0,GLN, ,CB,117.43,1.51,1.0,<Residue GLN het=  resseq=96 icode= >,1jql_B_A,2.5
751,12.878,GLN, ,CG,118.55,1.21,1.0,<Residue GLN het=  resseq=96 icode= >,1jql_B_A,2.5
752,4.298,GLN, ,CD,119.92,0.53,1.0,<Residue GLN het=  resseq=96 icode= >,1jql_B_A,2.5
753,6.53,GLN, ,OE1,120.81,0.02,1.0,<Residue GLN het=  resseq=96 icode= >,1jql_B_A,2.5
754,30.249,GLN, ,NE2,120.62,0.15,1.0,<Residue GLN het=  resseq=96 icode= >,1jql_B_A,2.5
755,0.0,LEU, ,N,112.86,2.40,1.0,<Residue LEU het=  resseq=97 icode= >,1jql_B_A,2.5
756,0.041,LEU, ,CA,110.26,2.29,1.0,<Residue LEU het=  resseq=97 icode= >,1jql_B_A,2.5
757,0.0,LEU, ,C,108.47,3.00,1.0,<Residue LEU het=  resseq=97 icode= >,1jql_B_A,2.5
758,0.583,LEU, ,O,107.67,1.87,1.0,<Residue LEU het=  resseq=97 icode= >,1jql_B_A,2.5
759,0.143,LEU, ,CB,110.58,1.57,1.0,<Residue LEU het=  resseq=97 icode= >,1jql_B_A,2.5
760,3.818,LEU, ,CG,110.85,0.81,1.0,<Residue LEU het=  resseq=97 icode= >,1jql_B_A,2.5
761,0.0,LEU, ,CD1,111.12,-0.11,1.0,<Residue LEU het=  resseq=97 icode= >,1jql_B_A,2.5
762,0.094,LEU, ,CD2,110.89,0.15,1.0,<Residue LEU het=  resseq=97 icode= >,1jql_B_A,2.5
763,0.0,LEU, ,N,106.72,2.68,1.0,<Residue LEU het=  resseq=98 icode= >,1jql_B_A,2.5
764,0.0,LEU, ,CA,104.88,2.53,1.0,<Residue LEU het=  resseq=98 icode= >,1jql_B_A,2.5
765,0.0,LEU, ,C,103.13,2.80,1.0,<Residue LEU het=  resseq=98 icode= >,1jql_B_A,2.5
766,1.924,LEU, ,O,103.03,1.95,1.0,<Residue LEU het=  resseq=98 icode= >,1jql_B_A,2.5
767,0.121,LEU, ,CB,105.38,1.55,1.0,<Residue LEU het=  resseq=98 icode= >,1jql_B_A,2.5
768,4.413,LEU, ,CG,105.74,0.83,1.0,<Residue LEU het=  resseq=98 icode= >,1jql_B_A,2.5
769,44.919,LEU, ,CD1,106.23,-0.48,1.0,<Residue LEU het=  resseq=98 icode= >,1jql_B_A,2.5
770,18.463,LEU, ,CD2,105.74,0.33,1.0,<Residue LEU het=  resseq=98 icode= >,1jql_B_A,2.5
771,0.0,THR, ,N,100.62,2.23,1.0,<Residue THR het=  resseq=99 icode= >,1jql_B_A,2.5
772,6.305,THR, ,CA,97.47,2.44,1.0,<Residue THR het=  resseq=99 icode= >,1jql_B_A,2.5
773,0.0,THR, ,C,95.06,3.50,1.0,<Residue THR het=  resseq=99 icode= >,1jql_B_A,2.5
774,1.474,THR, ,O,94.72,2.25,1.0,<Residue THR het=  resseq=99 icode= >,1jql_B_A,2.5
775,0.0,THR, ,CB,97.88,1.75,1.0,<Residue THR het=  resseq=99 icode= >,1jql_B_A,2.5
776,21.648,THR, ,OG1,98.35,0.75,1.0,<Residue THR het=  resseq=99 icode= >,1jql_B_A,2.5
777,27.356,THR, ,CG2,98.32,-0.26,1.0,<Residue THR het=  resseq=99 icode= >,1jql_B_A,2.5
778,0.0,LEU, ,N,92.11,2.80,1.0,<Residue LEU het=  resseq=100 icode= >,1jql_B_A,2.5
779,0.0,LEU, ,CA,89.33,3.02,1.0,<Residue LEU het=  resseq=100 icode= >,1jql_B_A,2.5
780,0.0,LEU, ,C,88.0,4.46,1.0,<Residue LEU het=  resseq=100 icode= >,1jql_B_A,2.5
781,0.0,LEU, ,O,86.48,3.35,1.0,<Residue LEU het=  resseq=100 icode= >,1jql_B_A,2.5
782,0.541,LEU, ,CB,88.58,2.09,1.0,<Residue LEU het=  resseq=100 icode= >,1jql_B_A,2.5
783,0.0,LEU, ,CG,88.28,2.08,1.0,<Residue LEU het=  resseq=100 icode= >,1jql_B_A,2.5
784,0.807,LEU, ,CD1,88.92,0.51,1.0,<Residue LEU het=  resseq=100 icode= >,1jql_B_A,2.5
785,0.0,LEU, ,CD2,87.67,1.17,1.0,<Residue LEU het=  resseq=100 icode= >,1jql_B_A,2.5
786,0.0,THR, ,N,88.24,2.69,1.0,<Residue THR het=  resseq=101 icode= >,1jql_B_A,2.5
787,0.0,THR, ,CA,88.29,2.64,1.0,<Residue THR het=  resseq=101 icode= >,1jql_B_A,2.5
788,0.461,THR, ,C,88.56,3.08,1.0,<Residue THR het=  resseq=101 icode= >,1jql_B_A,2.5
789,17.644,THR, ,O,88.24,1.74,1.0,<Residue THR het=  resseq=101 icode= >,1jql_B_A,2.5
790,0.473,THR, ,CB,88.16,2.24,1.0,<Residue THR het=  resseq=101 icode= >,1jql_B_A,2.5
791,2.098,THR, ,OG1,87.8,1.85,1.0,<Residue THR het=  resseq=101 icode= >,1jql_B_A,2.5
792,1.473,THR, ,CG2,87.28,0.93,1.0,<Residue THR het=  resseq=101 icode= >,1jql_B_A,2.5
793,0.0,GLY, ,N,88.56,2.58,1.0,<Residue GLY het=  resseq=102 icode= >,1jql_B_A,2.5
794,33.087,GLY, ,CA,87.98,1.62,1.0,<Residue GLY het=  resseq=102 icode= >,1jql_B_A,2.5
795,4.849,GLY, ,C,87.63,2.37,1.0,<Residue GLY het=  resseq=102 icode= >,1jql_B_A,2.5
796,25.294,GLY, ,O,87.08,1.61,1.0,<Residue GLY het=  resseq=102 icode= >,1jql_B_A,2.5
797,0.0,LEU, ,N,87.41,2.18,1.0,<Residue LEU het=  resseq=103 icode= >,1jql_B_A,2.5
798,5.125,LEU, ,CA,86.83,2.63,1.0,<Residue LEU het=  resseq=103 icode= >,1jql_B_A,2.5
799,0.635,LEU, ,C,86.98,3.37,1.0,<Residue LEU het=  resseq=103 icode= >,1jql_B_A,2.5
800,7.723,LEU, ,O,87.07,1.59,1.0,<Residue LEU het=  resseq=103 icode= >,1jql_B_A,2.5
801,0.0,LEU, ,CB,86.47,1.26,1.0,<Residue LEU het=  resseq=103 icode= >,1jql_B_A,2.5
802,0.0,LEU, ,CG,85.67,1.58,1.0,<Residue LEU het=  resseq=103 icode= >,1jql_B_A,2.5
803,9.52,LEU, ,CD1,85.31,0.21,1.0,<Residue LEU het=  resseq=103 icode= >,1jql_B_A,2.5
804,8.782,LEU, ,CD2,86.16,0.34,1.0,<Residue LEU het=  resseq=103 icode= >,1jql_B_A,2.5
805,0.0,LEU, ,N,87.38,2.23,1.0,<Residue LEU het=  resseq=104 icode= >,1jql_B_A,2.5
806,0.0,LEU, ,CA,87.47,2.57,1.0,<Residue LEU het=  resseq=104 icode= >,1jql_B_A,2.5
807,0.0,LEU, ,C,87.75,2.89,1.0,<Residue LEU het=  resseq=104 icode= >,1jql_B_A,2.5
808,15.19,LEU, ,O,88.08,1.44,1.0,<Residue LEU het=  resseq=104 icode= >,1jql_B_A,2.5
809,0.762,LEU, ,CB,87.05,1.71,1.0,<Residue LEU het=  resseq=104 icode= >,1jql_B_A,2.5
810,0.0,LEU, ,CG,87.32,1.66,1.0,<Residue LEU het=  resseq=104 icode= >,1jql_B_A,2.5
811,4.465,LEU, ,CD1,87.35,0.91,1.0,<Residue LEU het=  resseq=104 icode= >,1jql_B_A,2.5
812,0.0,LEU, ,CD2,87.58,0.52,1.0,<Residue LEU het=  resseq=104 icode= >,1jql_B_A,2.5
813,0.0,HIS, ,N,88.32,2.76,1.0,<Residue HIS het=  resseq=105 icode= >,1jql_B_A,2.5
814,6.548,HIS, ,CA,89.26,2.40,1.0,<Residue HIS het=  resseq=105 icode= >,1jql_B_A,2.5
815,0.0,HIS, ,C,90.27,2.44,1.0,<Residue HIS het=  resseq=105 icode= >,1jql_B_A,2.5
816,0.0,HIS, ,O,89.78,1.87,1.0,<Residue HIS het=  resseq=105 icode= >,1jql_B_A,2.5
817,31.013,HIS, ,CB,88.9,0.57,1.0,<Residue HIS het=  resseq=105 icode= >,1jql_B_A,2.5
818,2.314,HIS, ,CG,88.15,1.76,1.0,<Residue HIS het=  resseq=105 icode= >,1jql_B_A,2.5
819,1.299,HIS, ,ND1,87.86,1.48,1.0,<Residue HIS het=  resseq=105 icode= >,1jql_B_A,2.5
820,19.851,HIS, ,CD2,87.71,2.12,1.0,<Residue HIS het=  resseq=105 icode= >,1jql_B_A,2.5
821,0.37,HIS, ,CE1,87.85,1.25,1.0,<Residue HIS het=  resseq=105 icode= >,1jql_B_A,2.5
822,6.781,HIS, ,NE2,88.02,1.54,1.0,<Residue HIS het=  resseq=105 icode= >,1jql_B_A,2.5
823,6.814,ASP, ,N,91.59,2.03,1.0,<Residue ASP het=  resseq=106 icode= >,1jql_B_A,2.5
824,0.0,ASP, ,CA,93.47,2.35,1.0,<Residue ASP het=  resseq=106 icode= >,1jql_B_A,2.5
825,0.389,ASP, ,C,93.62,2.19,1.0,<Residue ASP het=  resseq=106 icode= >,1jql_B_A,2.5
826,6.009,ASP, ,O,94.38,1.36,1.0,<Residue ASP het=  resseq=106 icode= >,1jql_B_A,2.5
827,32.257,ASP, ,CB,95.73,1.70,1.0,<Residue ASP het=  resseq=106 icode= >,1jql_B_A,2.5
828,8.964,ASP, ,CG,98.58,0.89,1.0,<Residue ASP het=  resseq=106 icode= >,1jql_B_A,2.5
829,24.463,ASP, ,OD1,99.82,0.47,1.0,<Residue ASP het=  resseq=106 icode= >,1jql_B_A,2.5
830,31.26,ASP, ,OD2,99.7,0.37,1.0,<Residue ASP het=  resseq=106 icode= >,1jql_B_A,2.5
831,2.235,ASP, ,N,92.91,2.12,1.0,<Residue ASP het=  resseq=107 icode= >,1jql_B_A,2.5
832,0.0,ASP, ,CA,91.5,2.20,1.0,<Residue ASP het=  resseq=107 icode= >,1jql_B_A,2.5
833,0.0,ASP, ,C,90.14,1.90,1.0,<Residue ASP het=  resseq=107 icode= >,1jql_B_A,2.5
834,0.0,ASP, ,O,89.69,0.37,1.0,<Residue ASP het=  resseq=107 icode= >,1jql_B_A,2.5
835,2.727,ASP, ,CB,92.18,1.63,1.0,<Residue ASP het=  resseq=107 icode= >,1jql_B_A,2.5
836,6.641,ASP, ,CG,92.65,2.30,1.0,<Residue ASP het=  resseq=107 icode= >,1jql_B_A,2.5
837,5.975,ASP, ,OD1,92.09,1.80,1.0,<Residue ASP het=  resseq=107 icode= >,1jql_B_A,2.5
838,34.454,ASP, ,OD2,93.67,1.03,1.0,<Residue ASP het=  resseq=107 icode= >,1jql_B_A,2.5
839,0.0,LEU, ,N,88.12,2.42,1.0,<Residue LEU het=  resseq=108 icode= >,1jql_B_A,2.5
840,0.0,LEU, ,CA,86.46,2.20,1.0,<Residue LEU het=  resseq=108 icode= >,1jql_B_A,2.5
841,0.005,LEU, ,C,85.81,1.83,1.0,<Residue LEU het=  resseq=108 icode= >,1jql_B_A,2.5
842,0.0,LEU, ,O,86.26,1.06,1.0,<Residue LEU het=  resseq=108 icode= >,1jql_B_A,2.5
843,0.0,LEU, ,CB,85.63,1.82,1.0,<Residue LEU het=  resseq=108 icode= >,1jql_B_A,2.5
844,0.0,LEU, ,CG,85.03,1.74,1.0,<Residue LEU het=  resseq=108 icode= >,1jql_B_A,2.5
845,0.0,LEU, ,CD1,85.14,-0.26,1.0,<Residue LEU het=  resseq=108 icode= >,1jql_B_A,2.5
846,0.0,LEU, ,CD2,85.86,-0.62,1.0,<Residue LEU het=  resseq=108 icode= >,1jql_B_A,2.5
847,0.0,LEU, ,N,83.71,2.54,1.0,<Residue LEU het=  resseq=109 icode= >,1jql_B_A,2.5
848,0.74,LEU, ,CA,81.27,3.52,1.0,<Residue LEU het=  resseq=109 icode= >,1jql_B_A,2.5
849,0.0,LEU, ,C,79.67,3.87,1.0,<Residue LEU het=  resseq=109 icode= >,1jql_B_A,2.5
850,0.0,LEU, ,O,79.51,2.01,1.0,<Residue LEU het=  resseq=109 icode= >,1jql_B_A,2.5
851,2.209,LEU, ,CB,81.68,1.93,1.0,<Residue LEU het=  resseq=109 icode= >,1jql_B_A,2.5
852,0.0,LEU, ,CG,82.11,1.32,1.0,<Residue LEU het=  resseq=109 icode= >,1jql_B_A,2.5
853,0.0,LEU, ,CD1,82.35,0.27,1.0,<Residue LEU het=  resseq=109 icode= >,1jql_B_A,2.5
854,0.0,LEU, ,CD2,81.41,0.33,1.0,<Residue LEU het=  resseq=109 icode= >,1jql_B_A,2.5
855,0.0,LEU, ,N,77.83,3.29,1.0,<Residue LEU het=  resseq=110 icode= >,1jql_B_A,2.5
856,0.0,LEU, ,CA,77.17,3.74,1.0,<Residue LEU het=  resseq=110 icode= >,1jql_B_A,2.5
857,0.0,LEU, ,C,77.85,3.96,1.0,<Residue LEU het=  resseq=110 icode= >,1jql_B_A,2.5
858,0.0,LEU, ,O,77.26,1.98,1.0,<Residue LEU het=  resseq=110 icode= >,1jql_B_A,2.5
859,0.0,LEU, ,CB,75.62,2.71,1.0,<Residue LEU het=  resseq=110 icode= >,1jql_B_A,2.5
860,0.0,LEU, ,CG,75.17,2.40,1.0,<Residue LEU het=  resseq=110 icode= >,1jql_B_A,2.5
861,0.0,LEU, ,CD1,75.12,0.83,1.0,<Residue LEU het=  resseq=110 icode= >,1jql_B_A,2.5
862,4.366,LEU, ,CD2,75.28,0.34,1.0,<Residue LEU het=  resseq=110 icode= >,1jql_B_A,2.5
863,0.0,ILE, ,N,79.46,3.44,1.0,<Residue ILE het=  resseq=111 icode= >,1jql_B_A,2.5
864,0.0,ILE, ,CA,81.45,3.83,1.0,<Residue ILE het=  resseq=111 icode= >,1jql_B_A,2.5
865,0.0,ILE, ,C,84.02,4.01,1.0,<Residue ILE het=  resseq=111 icode= >,1jql_B_A,2.5
866,0.0,ILE, ,O,85.29,1.61,1.0,<Residue ILE het=  resseq=111 icode= >,1jql_B_A,2.5
867,0.0,ILE, ,CB,80.67,2.31,1.0,<Residue ILE het=  resseq=111 icode= >,1jql_B_A,2.5
868,0.0,ILE, ,CG1,80.71,0.90,1.0,<Residue ILE het=  resseq=111 icode= >,1jql_B_A,2.5
869,0.071,ILE, ,CG2,79.31,1.34,1.0,<Residue ILE het=  resseq=111 icode= >,1jql_B_A,2.5
870,1.712,ILE, ,CD1,80.09,0.10,1.0,<Residue ILE het=  resseq=111 icode= >,1jql_B_A,2.5
871,0.0,VAL, ,N,86.96,3.24,1.0,<Residue VAL het=  resseq=112 icode= >,1jql_B_A,2.5
872,0.0,VAL, ,CA,90.86,3.21,1.0,<Residue VAL het=  resseq=112 icode= >,1jql_B_A,2.5
873,0.0,VAL, ,C,95.38,2.49,1.0,<Residue VAL het=  resseq=112 icode= >,1jql_B_A,2.5
874,0.0,VAL, ,O,96.22,1.39,1.0,<Residue VAL het=  resseq=112 icode= >,1jql_B_A,2.5
875,0.0,VAL, ,CB,89.12,2.56,1.0,<Residue VAL het=  resseq=112 icode= >,1jql_B_A,2.5
876,0.968,VAL, ,CG1,88.88,0.67,1.0,<Residue VAL het=  resseq=112 icode= >,1jql_B_A,2.5
877,1.421,VAL, ,CG2,88.36,0.91,1.0,<Residue VAL het=  resseq=112 icode= >,1jql_B_A,2.5
878,0.0,ARG, ,N,100.44,1.55,1.0,<Residue ARG het=  resseq=113 icode= >,1jql_B_A,2.5
879,0.0,ARG, ,CA,105.14,1.87,1.0,<Residue ARG het=  resseq=113 icode= >,1jql_B_A,2.5
880,0.707,ARG, ,C,108.42,1.52,1.0,<Residue ARG het=  resseq=113 icode= >,1jql_B_A,2.5
881,0.0,ARG, ,O,108.74,1.09,1.0,<Residue ARG het=  resseq=113 icode= >,1jql_B_A,2.5
882,0.0,ARG, ,CB,105.25,1.89,1.0,<Residue ARG het=  resseq=113 icode= >,1jql_B_A,2.5
883,0.0,ARG, ,CG,106.89,0.86,1.0,<Residue ARG het=  resseq=113 icode= >,1jql_B_A,2.5
884,1.007,ARG, ,CD,108.5,0.34,1.0,<Residue ARG het=  resseq=113 icode= >,1jql_B_A,2.5
885,1.796,ARG, ,NE,109.49,0.69,1.0,<Residue ARG het=  resseq=113 icode= >,1jql_B_A,2.5
886,4.386,ARG, ,CZ,109.37,1.13,1.0,<Residue ARG het=  resseq=113 icode= >,1jql_B_A,2.5
887,15.642,ARG, ,NH1,108.94,0.75,1.0,<Residue ARG het=  resseq=113 icode= >,1jql_B_A,2.5
888,29.711,ARG, ,NH2,109.22,0.59,1.0,<Residue ARG het=  resseq=113 icode= >,1jql_B_A,2.5
889,0.0,GLY, ,N,112.1,0.92,1.0,<Residue GLY het=  resseq=114 icode= >,1jql_B_A,2.5
890,9.253,GLY, ,CA,116.43,0.58,1.0,<Residue GLY het=  resseq=114 icode= >,1jql_B_A,2.5
891,1.111,GLY, ,C,119.6,1.03,1.0,<Residue GLY het=  resseq=114 icode= >,1jql_B_A,2.5
892,0.0,GLY, ,O,119.95,0.53,1.0,<Residue GLY het=  resseq=114 icode= >,1jql_B_A,2.5
893,1.167,ASN, ,N,122.6,0.92,1.0,<Residue ASN het=  resseq=115 icode= >,1jql_B_A,2.5
894,0.0,ASN, ,CA,125.63,1.28,1.0,<Residue ASN het=  resseq=115 icode= >,1jql_B_A,2.5
895,0.0,ASN, ,C,127.3,1.47,1.0,<Residue ASN het=  resseq=115 icode= >,1jql_B_A,2.5
896,5.067,ASN, ,O,127.69,0.37,1.0,<Residue ASN het=  resseq=115 icode= >,1jql_B_A,2.5
897,7.594,ASN, ,CB,126.04,0.76,1.0,<Residue ASN het=  resseq=115 icode= >,1jql_B_A,2.5
898,2.498,ASN, ,CG,126.42,0.88,1.0,<Residue ASN het=  resseq=115 icode= >,1jql_B_A,2.5
899,2.895,ASN, ,OD1,126.69,0.57,1.0,<Residue ASN het=  resseq=115 icode= >,1jql_B_A,2.5
900,16.021,ASN, ,ND2,126.01,0.64,1.0,<Residue ASN het=  resseq=115 icode= >,1jql_B_A,2.5
901,0.0,LYS, ,N,129.12,1.39,1.0,<Residue LYS het=  resseq=116 icode= >,1jql_B_A,2.5
902,1.037,LYS, ,CA,130.93,1.40,1.0,<Residue LYS het=  resseq=116 icode= >,1jql_B_A,2.5
903,0.0,LYS, ,C,131.88,2.68,1.0,<Residue LYS het=  resseq=116 icode= >,1jql_B_A,2.5
904,8.125,LYS, ,O,131.74,1.60,1.0,<Residue LYS het=  resseq=116 icode= >,1jql_B_A,2.5
905,9.873,LYS, ,CB,131.52,0.17,1.0,<Residue LYS het=  resseq=116 icode= >,1jql_B_A,2.5
906,15.762,LYS, ,CG,131.88,0.37,1.0,<Residue LYS het=  resseq=116 icode= >,1jql_B_A,2.5
907,16.461,LYS, ,CD,132.19,-0.10,1.0,<Residue LYS het=  resseq=116 icode= >,1jql_B_A,2.5
908,14.05,LYS, ,CE,132.25,-0.07,1.0,<Residue LYS het=  resseq=116 icode= >,1jql_B_A,2.5
909,26.549,LYS, ,NZ,132.04,-0.26,1.0,<Residue LYS het=  resseq=116 icode= >,1jql_B_A,2.5
910,0.0,LEU, ,N,133.33,1.79,1.0,<Residue LEU het=  resseq=117 icode= >,1jql_B_A,2.5
911,2.873,LEU, ,CA,135.08,0.45,1.0,<Residue LEU het=  resseq=117 icode= >,1jql_B_A,2.5
912,0.0,LEU, ,C,135.97,1.16,1.0,<Residue LEU het=  resseq=117 icode= >,1jql_B_A,2.5
913,0.0,LEU, ,O,136.07,1.17,1.0,<Residue LEU het=  resseq=117 icode= >,1jql_B_A,2.5
914,0.696,LEU, ,CB,135.04,0.10,1.0,<Residue LEU het=  resseq=117 icode= >,1jql_B_A,2.5
915,4.477,LEU, ,CG,134.82,0.33,1.0,<Residue LEU het=  resseq=117 icode= >,1jql_B_A,2.5
916,2.48,LEU, ,CD1,134.7,-0.62,1.0,<Residue LEU het=  resseq=117 icode= >,1jql_B_A,2.5
917,0.951,LEU, ,CD2,134.22,0.81,1.0,<Residue LEU het=  resseq=117 icode= >,1jql_B_A,2.5
918,0.0,SER, ,N,136.83,1.15,1.0,<Residue SER het=  resseq=118 icode= >,1jql_B_A,2.5
919,10.389,SER, ,CA,137.26,1.20,1.0,<Residue SER het=  resseq=118 icode= >,1jql_B_A,2.5
920,0.118,SER, ,C,137.45,2.07,1.0,<Residue SER het=  resseq=118 icode= >,1jql_B_A,2.5
921,0.0,SER, ,O,137.69,1.03,1.0,<Residue SER het=  resseq=118 icode= >,1jql_B_A,2.5
922,10.923,SER, ,CB,137.13,0.76,1.0,<Residue SER het=  resseq=118 icode= >,1jql_B_A,2.5
923,0.723,SER, ,OG,137.15,0.41,1.0,<Residue SER het=  resseq=118 icode= >,1jql_B_A,2.5
924,0.684,LYS, ,N,137.63,1.46,1.0,<Residue LYS het=  resseq=119 icode= >,1jql_B_A,2.5
925,0.781,LYS, ,CA,137.63,0.47,1.0,<Residue LYS het=  resseq=119 icode= >,1jql_B_A,2.5
926,1.616,LYS, ,C,137.28,1.24,1.0,<Residue LYS het=  resseq=119 icode= >,1jql_B_A,2.5
927,12.193,LYS, ,O,137.39,0.80,1.0,<Residue LYS het=  resseq=119 icode= >,1jql_B_A,2.5
928,21.67,LYS, ,CB,137.91,-0.06,1.0,<Residue LYS het=  resseq=119 icode= >,1jql_B_A,2.5
929,26.96,LYS, ,CG,137.61,0.27,1.0,<Residue LYS het=  resseq=119 icode= >,1jql_B_A,2.5
930,15.761,LYS, ,CD,137.42,0.26,1.0,<Residue LYS het=  resseq=119 icode= >,1jql_B_A,2.5
931,43.155,LYS, ,CE,137.12,0.14,1.0,<Residue LYS het=  resseq=119 icode= >,1jql_B_A,2.5
932,44.721,LYS, ,NZ,136.86,-0.14,1.0,<Residue LYS het=  resseq=119 icode= >,1jql_B_A,2.5
933,0.788,ALA, ,N,136.39,1.20,1.0,<Residue ALA het=  resseq=120 icode= >,1jql_B_A,2.5
934,4.652,ALA, ,CA,135.62,1.46,1.0,<Residue ALA het=  resseq=120 icode= >,1jql_B_A,2.5
935,0.266,ALA, ,C,135.13,2.04,1.0,<Residue ALA het=  resseq=120 icode= >,1jql_B_A,2.5
936,1.377,ALA, ,O,135.05,1.68,1.0,<Residue ALA het=  resseq=120 icode= >,1jql_B_A,2.5
937,63.988,ALA, ,CB,135.69,-0.34,1.0,<Residue ALA het=  resseq=120 icode= >,1jql_B_A,2.5
938,0.577,GLN, ,N,134.56,1.63,1.0,<Residue GLN het=  resseq=121 icode= >,1jql_B_A,2.5
939,0.691,GLN, ,CA,133.84,1.48,1.0,<Residue GLN het=  resseq=121 icode= >,1jql_B_A,2.5
940,0.144,GLN, ,C,133.32,2.05,1.0,<Residue GLN het=  resseq=121 icode= >,1jql_B_A,2.5
941,3.717,GLN, ,O,133.22,1.11,1.0,<Residue GLN het=  resseq=121 icode= >,1jql_B_A,2.5
942,3.455,GLN, ,CB,133.69,1.11,1.0,<Residue GLN het=  resseq=121 icode= >,1jql_B_A,2.5
943,6.26,GLN, ,CG,133.6,1.06,1.0,<Residue GLN het=  resseq=121 icode= >,1jql_B_A,2.5
944,6.729,GLN, ,CD,133.76,1.16,1.0,<Residue GLN het=  resseq=121 icode= >,1jql_B_A,2.5
945,30.888,GLN, ,OE1,133.8,0.56,1.0,<Residue GLN het=  resseq=121 icode= >,1jql_B_A,2.5
946,58.331,GLN, ,NE2,133.89,0.16,1.0,<Residue GLN het=  resseq=121 icode= >,1jql_B_A,2.5
947,0.0,GLU, ,N,132.9,1.75,1.0,<Residue GLU het=  resseq=122 icode= >,1jql_B_A,2.5
948,1.389,GLU, ,CA,132.34,1.98,1.0,<Residue GLU het=  resseq=122 icode= >,1jql_B_A,2.5
949,1.566,GLU, ,C,131.61,1.81,1.0,<Residue GLU het=  resseq=122 icode= >,1jql_B_A,2.5
950,0.268,GLU, ,O,131.03,-0.41,1.0,<Residue GLU het=  resseq=122 icode= >,1jql_B_A,2.5
951,10.849,GLU, ,CB,133.04,1.58,1.0,<Residue GLU het=  resseq=122 icode= >,1jql_B_A,2.5
952,0.0,GLU, ,CG,134.29,0.98,1.0,<Residue GLU het=  resseq=122 icode= >,1jql_B_A,2.5
953,2.256,GLU, ,CD,134.94,0.40,1.0,<Residue GLU het=  resseq=122 icode= >,1jql_B_A,2.5
954,28.02,GLU, ,OE1,134.9,0.29,1.0,<Residue GLU het=  resseq=122 icode= >,1jql_B_A,2.5
955,2.352,GLU, ,OE2,135.31,0.49,1.0,<Residue GLU het=  resseq=122 icode= >,1jql_B_A,2.5
956,0.529,ASN, ,N,131.19,2.31,1.0,<Residue ASN het=  resseq=123 icode= >,1jql_B_A,2.5
957,10.735,ASN, ,CA,130.94,0.97,1.0,<Residue ASN het=  resseq=123 icode= >,1jql_B_A,2.5
958,0.973,ASN, ,C,130.64,0.63,1.0,<Residue ASN het=  resseq=123 icode= >,1jql_B_A,2.5
959,11.614,ASN, ,O,130.62,0.16,1.0,<Residue ASN het=  resseq=123 icode= >,1jql_B_A,2.5
960,30.395,ASN, ,CB,130.9,-0.07,1.0,<Residue ASN het=  resseq=123 icode= >,1jql_B_A,2.5
961,5.752,ASN, ,CG,130.54,1.01,1.0,<Residue ASN het=  resseq=123 icode= >,1jql_B_A,2.5
962,20.269,ASN, ,OD1,130.3,1.30,1.0,<Residue ASN het=  resseq=123 icode= >,1jql_B_A,2.5
963,28.418,ASN, ,ND2,129.96,0.80,1.0,<Residue ASN het=  resseq=123 icode= >,1jql_B_A,2.5
964,1.371,ALA, ,N,130.1,0.67,1.0,<Residue ALA het=  resseq=124 icode= >,1jql_B_A,2.5
965,12.001,ALA, ,CA,129.48,0.46,1.0,<Residue ALA het=  resseq=124 icode= >,1jql_B_A,2.5
966,0.0,ALA, ,C,129.0,1.18,1.0,<Residue ALA het=  resseq=124 icode= >,1jql_B_A,2.5
967,0.0,ALA, ,O,129.28,0.95,1.0,<Residue ALA het=  resseq=124 icode= >,1jql_B_A,2.5
968,4.784,ALA, ,CB,129.56,-0.18,1.0,<Residue ALA het=  resseq=124 icode= >,1jql_B_A,2.5
969,7.198,ALA, ,N,128.04,1.23,1.0,<Residue ALA het=  resseq=125 icode= >,1jql_B_A,2.5
970,7.399,ALA, ,CA,127.13,1.45,1.0,<Residue ALA het=  resseq=125 icode= >,1jql_B_A,2.5
971,0.0,ALA, ,C,126.74,1.55,1.0,<Residue ALA het=  resseq=125 icode= >,1jql_B_A,2.5
972,3.94,ALA, ,O,126.43,1.15,1.0,<Residue ALA het=  resseq=125 icode= >,1jql_B_A,2.5
973,39.975,ALA, ,CB,126.92,0.15,1.0,<Residue ALA het=  resseq=125 icode= >,1jql_B_A,2.5
974,0.0,TRP, ,N,126.48,1.21,1.0,<Residue TRP het=  resseq=126 icode= >,1jql_B_A,2.5
975,0.0,TRP, ,CA,125.91,1.59,1.0,<Residue TRP het=  resseq=126 icode= >,1jql_B_A,2.5
976,0.0,TRP, ,C,125.68,2.81,1.0,<Residue TRP het=  resseq=126 icode= >,1jql_B_A,2.5
977,0.0,TRP, ,O,125.11,2.17,1.0,<Residue TRP het=  resseq=126 icode= >,1jql_B_A,2.5
978,0.0,TRP, ,CB,125.93,0.67,1.0,<Residue TRP het=  resseq=126 icode= >,1jql_B_A,2.5
979,0.0,TRP, ,CG,125.22,2.12,1.0,<Residue TRP het=  resseq=126 icode= >,1jql_B_A,2.5
980,0.0,TRP, ,CD1,125.04,1.84,1.0,<Residue TRP het=  resseq=126 icode= >,1jql_B_A,2.5
981,0.0,TRP, ,CD2,125.19,2.13,1.0,<Residue TRP het=  resseq=126 icode= >,1jql_B_A,2.5
982,0.0,TRP, ,NE1,125.45,1.51,1.0,<Residue TRP het=  resseq=126 icode= >,1jql_B_A,2.5
983,0.0,TRP, ,CE2,125.45,1.81,1.0,<Residue TRP het=  resseq=126 icode= >,1jql_B_A,2.5
984,1.324,TRP, ,CE3,124.78,1.40,1.0,<Residue TRP het=  resseq=126 icode= >,1jql_B_A,2.5
985,1.41,TRP, ,CZ2,125.52,0.73,1.0,<Residue TRP het=  resseq=126 icode= >,1jql_B_A,2.5
986,0.512,TRP, ,CZ3,124.49,0.96,1.0,<Residue TRP het=  resseq=126 icode= >,1jql_B_A,2.5
987,4.473,TRP, ,CH2,125.13,0.84,1.0,<Residue TRP het=  resseq=126 icode= >,1jql_B_A,2.5
988,0.0,PHE, ,N,125.79,2.44,1.0,<Residue PHE het=  resseq=127 icode= >,1jql_B_A,2.5
989,0.0,PHE, ,CA,125.74,1.95,1.0,<Residue PHE het=  resseq=127 icode= >,1jql_B_A,2.5
990,0.0,PHE, ,C,125.95,2.29,1.0,<Residue PHE het=  resseq=127 icode= >,1jql_B_A,2.5
991,0.0,PHE, ,O,125.83,1.34,1.0,<Residue PHE het=  resseq=127 icode= >,1jql_B_A,2.5
992,0.073,PHE, ,CB,125.09,1.75,1.0,<Residue PHE het=  resseq=127 icode= >,1jql_B_A,2.5
993,0.0,PHE, ,CG,125.2,1.06,1.0,<Residue PHE het=  resseq=127 icode= >,1jql_B_A,2.5
994,0.629,PHE, ,CD1,125.26,0.44,1.0,<Residue PHE het=  resseq=127 icode= >,1jql_B_A,2.5
995,5.249,PHE, ,CD2,125.39,0.30,1.0,<Residue PHE het=  resseq=127 icode= >,1jql_B_A,2.5
996,0.162,PHE, ,CE1,124.9,0.48,1.0,<Residue PHE het=  resseq=127 icode= >,1jql_B_A,2.5
997,20.923,PHE, ,CE2,125.1,0.05,1.0,<Residue PHE het=  resseq=127 icode= >,1jql_B_A,2.5
998,4.497,PHE, ,CZ,124.92,0.05,1.0,<Residue PHE het=  resseq=127 icode= >,1jql_B_A,2.5
999,0.0,THR, ,N,126.18,2.02,1.0,<Residue THR het=  resseq=128 icode= >,1jql_B_A,2.5
1000,3.851,THR, ,CA,125.96,1.87,1.0,<Residue THR het=  resseq=128 icode= >,1jql_B_A,2.5
1001,0.011,THR, ,C,126.24,1.97,1.0,<Residue THR het=  resseq=128 icode= >,1jql_B_A,2.5
1002,3.645,THR, ,O,126.26,1.67,1.0,<Residue THR het=  resseq=128 icode= >,1jql_B_A,2.5
1003,0.865,THR, ,CB,125.45,1.36,1.0,<Residue THR het=  resseq=128 icode= >,1jql_B_A,2.5
1004,8.658,THR, ,OG1,124.56,1.28,1.0,<Residue THR het=  resseq=128 icode= >,1jql_B_A,2.5
1005,63.471,THR, ,CG2,125.1,0.28,1.0,<Residue THR het=  resseq=128 icode= >,1jql_B_A,2.5
1006,0.256,ALA, ,N,126.24,2.09,1.0,<Residue ALA het=  resseq=129 icode= >,1jql_B_A,2.5
1007,11.773,ALA, ,CA,126.17,1.43,1.0,<Residue ALA het=  resseq=129 icode= >,1jql_B_A,2.5
1008,1.829,ALA, ,C,126.15,1.95,1.0,<Residue ALA het=  resseq=129 icode= >,1jql_B_A,2.5
1009,11.917,ALA, ,O,125.64,1.23,1.0,<Residue ALA het=  resseq=129 icode= >,1jql_B_A,2.5
1010,26.299,ALA, ,CB,126.22,-0.01,1.0,<Residue ALA het=  resseq=129 icode= >,1jql_B_A,2.5
1011,0.035,LEU, ,N,126.45,1.76,1.0,<Residue LEU het=  resseq=130 icode= >,1jql_B_A,2.5
1012,3.749,LEU, ,CA,126.59,1.69,1.0,<Residue LEU het=  resseq=130 icode= >,1jql_B_A,2.5
1013,0.0,LEU, ,C,127.02,1.88,1.0,<Residue LEU het=  resseq=130 icode= >,1jql_B_A,2.5
1014,0.0,LEU, ,O,126.99,1.46,1.0,<Residue LEU het=  resseq=130 icode= >,1jql_B_A,2.5
1015,0.0,LEU, ,CB,126.06,1.35,1.0,<Residue LEU het=  resseq=130 icode= >,1jql_B_A,2.5
1016,0.0,LEU, ,CG,125.8,0.84,1.0,<Residue LEU het=  resseq=130 icode= >,1jql_B_A,2.5
1017,0.752,LEU, ,CD1,125.36,-0.06,1.0,<Residue LEU het=  resseq=130 icode= >,1jql_B_A,2.5
1018,5.138,LEU, ,CD2,126.31,-0.61,1.0,<Residue LEU het=  resseq=130 icode= >,1jql_B_A,2.5
1019,0.0,ALA, ,N,127.65,1.62,1.0,<Residue ALA het=  resseq=131 icode= >,1jql_B_A,2.5
1020,0.0,ALA, ,CA,128.34,1.41,1.0,<Residue ALA het=  resseq=131 icode= >,1jql_B_A,2.5
1021,0.917,ALA, ,C,128.96,1.52,1.0,<Residue ALA het=  resseq=131 icode= >,1jql_B_A,2.5
1022,0.0,ALA, ,O,129.44,0.28,1.0,<Residue ALA het=  resseq=131 icode= >,1jql_B_A,2.5
1023,23.475,ALA, ,CB,128.03,0.56,1.0,<Residue ALA het=  resseq=131 icode= >,1jql_B_A,2.5
1024,0.0,ASN, ,N,129.27,1.66,1.0,<Residue ASN het=  resseq=132 icode= >,1jql_B_A,2.5
1025,2.94,ASN, ,CA,129.34,1.71,1.0,<Residue ASN het=  resseq=132 icode= >,1jql_B_A,2.5
1026,1.004,ASN, ,C,129.25,2.05,1.0,<Residue ASN het=  resseq=132 icode= >,1jql_B_A,2.5
1027,23.595,ASN, ,O,128.87,1.22,1.0,<Residue ASN het=  resseq=132 icode= >,1jql_B_A,2.5
1028,26.882,ASN, ,CB,129.89,0.66,1.0,<Residue ASN het=  resseq=132 icode= >,1jql_B_A,2.5
1029,5.521,ASN, ,CG,130.53,0.45,1.0,<Residue ASN het=  resseq=132 icode= >,1jql_B_A,2.5
1030,35.87,ASN, ,OD1,130.95,0.31,1.0,<Residue ASN het=  resseq=132 icode= >,1jql_B_A,2.5
1031,39.782,ASN, ,ND2,130.55,0.68,1.0,<Residue ASN het=  resseq=132 icode= >,1jql_B_A,2.5
1032,0.0,ARG, ,N,129.41,1.31,1.0,<Residue ARG het=  resseq=133 icode= >,1jql_B_A,2.5
1033,8.161,ARG, ,CA,129.34,1.25,1.0,<Residue ARG het=  resseq=133 icode= >,1jql_B_A,2.5
1034,1.283,ARG, ,C,128.04,1.66,1.0,<Residue ARG het=  resseq=133 icode= >,1jql_B_A,2.5
1035,3.748,ARG, ,O,127.82,1.07,1.0,<Residue ARG het=  resseq=133 icode= >,1jql_B_A,2.5
1036,12.743,ARG, ,CB,131.0,0.90,1.0,<Residue ARG het=  resseq=133 icode= >,1jql_B_A,2.5
1037,16.542,ARG, ,CG,133.83,0.52,1.0,<Residue ARG het=  resseq=133 icode= >,1jql_B_A,2.5
1038,23.247,ARG, ,CD,136.78,0.33,1.0,<Residue ARG het=  resseq=133 icode= >,1jql_B_A,2.5
1039,9.577,ARG, ,NE,140.14,-0.47,1.0,<Residue ARG het=  resseq=133 icode= >,1jql_B_A,2.5
1040,4.235,ARG, ,CZ,141.56,-0.16,1.0,<Residue ARG het=  resseq=133 icode= >,1jql_B_A,2.5
1041,26.125,ARG, ,NH1,142.46,-0.18,1.0,<Residue ARG het=  resseq=133 icode= >,1jql_B_A,2.5
1042,12.909,ARG, ,NH2,142.05,0.37,1.0,<Residue ARG het=  resseq=133 icode= >,1jql_B_A,2.5
1043,0.0,SER, ,N,126.42,1.70,1.0,<Residue SER het=  resseq=134 icode= >,1jql_B_A,2.5
1044,0.0,SER, ,CA,124.6,2.38,1.0,<Residue SER het=  resseq=134 icode= >,1jql_B_A,2.5
1045,0.0,SER, ,C,122.94,2.10,1.0,<Residue SER het=  resseq=134 icode= >,1jql_B_A,2.5
1046,1.266,SER, ,O,123.0,0.37,1.0,<Residue SER het=  resseq=134 icode= >,1jql_B_A,2.5
1047,0.089,SER, ,CB,125.48,0.32,1.0,<Residue SER het=  resseq=134 icode= >,1jql_B_A,2.5
1048,0.0,SER, ,OG,125.82,0.19,1.0,<Residue SER het=  resseq=134 icode= >,1jql_B_A,2.5
1049,0.0,VAL, ,N,121.14,1.61,1.0,<Residue VAL het=  resseq=135 icode= >,1jql_B_A,2.5
1050,0.0,VAL, ,CA,119.39,2.26,1.0,<Residue VAL het=  resseq=135 icode= >,1jql_B_A,2.5
1051,0.0,VAL, ,C,118.75,2.35,1.0,<Residue VAL het=  resseq=135 icode= >,1jql_B_A,2.5
1052,0.0,VAL, ,O,118.96,0.40,1.0,<Residue VAL het=  resseq=135 icode= >,1jql_B_A,2.5
1053,0.0,VAL, ,CB,118.68,1.18,1.0,<Residue VAL het=  resseq=135 icode= >,1jql_B_A,2.5
1054,1.656,VAL, ,CG1,117.97,0.34,1.0,<Residue VAL het=  resseq=135 icode= >,1jql_B_A,2.5
1055,1.075,VAL, ,CG2,118.28,-0.38,1.0,<Residue VAL het=  resseq=135 icode= >,1jql_B_A,2.5
1056,0.0,GLN, ,N,118.06,1.61,1.0,<Residue GLN het=  resseq=136 icode= >,1jql_B_A,2.5
1057,0.0,GLN, ,CA,117.5,2.36,1.0,<Residue GLN het=  resseq=136 icode= >,1jql_B_A,2.5
1058,0.0,GLN, ,C,117.99,2.34,1.0,<Residue GLN het=  resseq=136 icode= >,1jql_B_A,2.5
1059,0.0,GLN, ,O,118.49,0.57,1.0,<Residue GLN het=  resseq=136 icode= >,1jql_B_A,2.5
1060,0.0,GLN, ,CB,116.55,1.35,1.0,<Residue GLN het=  resseq=136 icode= >,1jql_B_A,2.5
1061,0.819,GLN, ,CG,115.43,0.72,1.0,<Residue GLN het=  resseq=136 icode= >,1jql_B_A,2.5
1062,0.0,GLN, ,CD,114.83,1.73,1.0,<Residue GLN het=  resseq=136 icode= >,1jql_B_A,2.5
1063,0.003,GLN, ,OE1,114.67,1.38,1.0,<Residue GLN het=  resseq=136 icode= >,1jql_B_A,2.5
1064,15.09,GLN, ,NE2,114.08,1.13,1.0,<Residue GLN het=  resseq=136 icode= >,1jql_B_A,2.5
1065,0.0,VAL, ,N,118.57,1.68,1.0,<Residue VAL het=  resseq=137 icode= >,1jql_B_A,2.5
1066,0.0,VAL, ,CA,118.86,2.71,1.0,<Residue VAL het=  resseq=137 icode= >,1jql_B_A,2.5
1067,0.0,VAL, ,C,119.4,2.59,1.0,<Residue VAL het=  resseq=137 icode= >,1jql_B_A,2.5
1068,0.056,VAL, ,O,119.04,1.24,1.0,<Residue VAL het=  resseq=137 icode= >,1jql_B_A,2.5
1069,0.0,VAL, ,CB,118.74,0.90,1.0,<Residue VAL het=  resseq=137 icode= >,1jql_B_A,2.5
1070,0.0,VAL, ,CG1,118.43,-0.10,1.0,<Residue VAL het=  resseq=137 icode= >,1jql_B_A,2.5
1071,0.404,VAL, ,CG2,118.13,-0.28,1.0,<Residue VAL het=  resseq=137 icode= >,1jql_B_A,2.5
1072,0.0,THR, ,N,120.54,1.61,1.0,<Residue THR het=  resseq=138 icode= >,1jql_B_A,2.5
1073,2.875,THR, ,CA,121.98,1.60,1.0,<Residue THR het=  resseq=138 icode= >,1jql_B_A,2.5
1074,0.0,THR, ,C,123.64,1.46,1.0,<Residue THR het=  resseq=138 icode= >,1jql_B_A,2.5
1075,1.789,THR, ,O,123.5,1.03,1.0,<Residue THR het=  resseq=138 icode= >,1jql_B_A,2.5
1076,0.001,THR, ,CB,121.3,1.61,1.0,<Residue THR het=  resseq=138 icode= >,1jql_B_A,2.5
1077,7.794,THR, ,OG1,120.97,0.56,1.0,<Residue THR het=  resseq=138 icode= >,1jql_B_A,2.5
1078,30.059,THR, ,CG2,120.27,1.08,1.0,<Residue THR het=  resseq=138 icode= >,1jql_B_A,2.5
1079,0.0,CYS, ,N,125.58,1.28,1.0,<Residue CYS het=  resseq=139 icode= >,1jql_B_A,2.5
1080,0.0,CYS, ,CA,127.51,0.83,1.0,<Residue CYS het=  resseq=139 icode= >,1jql_B_A,2.5
1081,0.0,CYS, ,C,129.22,1.46,1.0,<Residue CYS het=  resseq=139 icode= >,1jql_B_A,2.5
1082,0.0,CYS, ,O,129.43,0.98,1.0,<Residue CYS het=  resseq=139 icode= >,1jql_B_A,2.5
1083,0.0,CYS, ,CB,126.85,0.85,1.0,<Residue CYS het=  resseq=139 icode= >,1jql_B_A,2.5
1084,0.0,CYS, ,SG,126.24,1.12,1.0,<Residue CYS het=  resseq=139 icode= >,1jql_B_A,2.5
1085,0.0,GLN, ,N,131.45,1.02,1.0,<Residue GLN het=  resseq=140 icode= >,1jql_B_A,2.5
1086,0.0,GLN, ,CA,133.37,0.96,1.0,<Residue GLN het=  resseq=140 icode= >,1jql_B_A,2.5
1087,2.81,GLN, ,C,134.3,0.21,1.0,<Residue GLN het=  resseq=140 icode= >,1jql_B_A,2.5
1088,9.06,GLN, ,O,134.81,-0.01,1.0,<Residue GLN het=  resseq=140 icode= >,1jql_B_A,2.5
1089,10.167,GLN, ,CB,133.65,-0.15,1.0,<Residue GLN het=  resseq=140 icode= >,1jql_B_A,2.5
1090,32.586,GLN, ,CG,133.56,0.28,1.0,<Residue GLN het=  resseq=140 icode= >,1jql_B_A,2.5
1091,4.254,GLN, ,CD,133.38,0.32,1.0,<Residue GLN het=  resseq=140 icode= >,1jql_B_A,2.5
1092,7.823,GLN, ,OE1,133.23,-0.40,1.0,<Residue GLN het=  resseq=140 icode= >,1jql_B_A,2.5
1093,15.651,GLN, ,NE2,133.27,0.28,1.0,<Residue GLN het=  resseq=140 icode= >,1jql_B_A,2.5
1094,15.173,GLN, ,OXT,135.15,0.05,1.0,<Residue GLN het=  resseq=140 icode= >,1jql_B_A,2.5
