,ASA,aa,altloc,atom,bfac,d2r,dASA,dens,occ,residue,id,resolu
0,38.983,GLY, ,N,45.93,8.60,0.0,1.49,1.0,<Residue GLY het=  resseq=19 icode= >,1k78_A_B,2.25
1,32.311,GLY, ,CA,40.62,7.95,0.0,2.04,1.0,<Residue GLY het=  resseq=19 icode= >,1k78_A_B,2.25
2,0.437,GLY, ,C,37.53,7.49,0.0,3.97,1.0,<Residue GLY het=  resseq=19 icode= >,1k78_A_B,2.25
3,0.245,GLY, ,O,38.77,7.11,0.0,2.51,1.0,<Residue GLY het=  resseq=19 icode= >,1k78_A_B,2.25
4,5.373,VAL, ,N,34.43,6.63,0.0,3.25,1.0,<Residue VAL het=  resseq=20 icode= >,1k78_A_B,2.25
5,0.0,VAL, ,CA,32.17,6.43,0.0,2.91,1.0,<Residue VAL het=  resseq=20 icode= >,1k78_A_B,2.25
6,0.0,VAL, ,C,32.73,4.97,0.0,4.15,1.0,<Residue VAL het=  resseq=20 icode= >,1k78_A_B,2.25
7,22.624,VAL, ,O,27.8,4.30,2.987,3.21,1.0,<Residue VAL het=  resseq=20 icode= >,1k78_A_B,2.25
8,10.046,VAL, ,CB,33.79,7.25,0.0,3.70,1.0,<Residue VAL het=  resseq=20 icode= >,1k78_A_B,2.25
9,22.793,VAL, ,CG1,28.1,7.48,0.0,2.70,1.0,<Residue VAL het=  resseq=20 icode= >,1k78_A_B,2.25
10,43.65,VAL, ,CG2,39.37,8.66,0.0,1.56,1.0,<Residue VAL het=  resseq=20 icode= >,1k78_A_B,2.25
11,0.0,ASN, ,N,24.78,4.78,0.0,4.21,1.0,<Residue ASN het=  resseq=21 icode= >,1k78_A_B,2.25
12,6.042,ASN, ,CA,22.82,3.64,6.042,3.92,1.0,<Residue ASN het=  resseq=21 icode= >,1k78_A_B,2.25
13,0.808,ASN, ,C,27.45,3.82,0.081,5.02,1.0,<Residue ASN het=  resseq=21 icode= >,1k78_A_B,2.25
14,4.07,ASN, ,O,22.43,4.95,0.0,3.89,1.0,<Residue ASN het=  resseq=21 icode= >,1k78_A_B,2.25
15,20.231,ASN, ,CB,20.98,3.27,19.653,2.11,1.0,<Residue ASN het=  resseq=21 icode= >,1k78_A_B,2.25
16,0.192,ASN, ,CG,17.29,3.69,0.0,5.20,1.0,<Residue ASN het=  resseq=21 icode= >,1k78_A_B,2.25
17,5.945,ASN, ,OD1,20.95,2.80,5.631,4.27,1.0,<Residue ASN het=  resseq=21 icode= >,1k78_A_B,2.25
18,0.0,ASN, ,ND2,7.78,4.90,0.0,3.97,1.0,<Residue ASN het=  resseq=21 icode= >,1k78_A_B,2.25
19,2.445,GLN, ,N,27.79,3.02,2.445,3.18,1.0,<Residue GLN het=  resseq=22 icode= >,1k78_A_B,2.25
20,7.981,GLN, ,CA,24.63,3.98,1.184,4.03,1.0,<Residue GLN het=  resseq=22 icode= >,1k78_A_B,2.25
21,0.661,GLN, ,C,25.27,4.95,0.037,5.32,1.0,<Residue GLN het=  resseq=22 icode= >,1k78_A_B,2.25
22,27.319,GLN, ,O,24.33,6.04,19.296,4.16,1.0,<Residue GLN het=  resseq=22 icode= >,1k78_A_B,2.25
23,20.125,GLN, ,CB,20.31,3.74,19.657,2.61,1.0,<Residue GLN het=  resseq=22 icode= >,1k78_A_B,2.25
24,27.047,GLN, ,CG,19.97,3.50,18.971,2.91,1.0,<Residue GLN het=  resseq=22 icode= >,1k78_A_B,2.25
25,9.901,GLN, ,CD,22.78,3.62,9.901,5.71,1.0,<Residue GLN het=  resseq=22 icode= >,1k78_A_B,2.25
26,35.597,GLN, ,OE1,20.28,3.52,35.597,4.31,1.0,<Residue GLN het=  resseq=22 icode= >,1k78_A_B,2.25
27,58.563,GLN, ,NE2,24.31,2.91,58.47,3.37,1.0,<Residue GLN het=  resseq=22 icode= >,1k78_A_B,2.25
28,0.0,LEU, ,N,24.04,4.91,0.0,4.11,1.0,<Residue LEU het=  resseq=23 icode= >,1k78_A_B,2.25
29,3.593,LEU, ,CA,25.85,6.20,0.317,3.65,1.0,<Residue LEU het=  resseq=23 icode= >,1k78_A_B,2.25
30,3.465,LEU, ,C,30.81,7.14,0.0,3.98,1.0,<Residue LEU het=  resseq=23 icode= >,1k78_A_B,2.25
31,3.847,LEU, ,O,33.49,8.30,0.0,3.09,1.0,<Residue LEU het=  resseq=23 icode= >,1k78_A_B,2.25
32,0.38,LEU, ,CB,23.49,6.30,0.0,2.76,1.0,<Residue LEU het=  resseq=23 icode= >,1k78_A_B,2.25
33,6.831,LEU, ,CG,30.83,5.95,1.789,3.05,1.0,<Residue LEU het=  resseq=23 icode= >,1k78_A_B,2.25
34,3.427,LEU, ,CD1,28.29,6.57,0.058,2.55,1.0,<Residue LEU het=  resseq=23 icode= >,1k78_A_B,2.25
35,37.581,LEU, ,CD2,35.07,6.88,30.176,1.62,1.0,<Residue LEU het=  resseq=23 icode= >,1k78_A_B,2.25
36,0.699,GLY, ,N,31.95,6.84,0.0,3.07,1.0,<Residue GLY het=  resseq=24 icode= >,1k78_A_B,2.25
37,20.731,GLY, ,CA,31.31,7.98,0.0,3.74,1.0,<Residue GLY het=  resseq=24 icode= >,1k78_A_B,2.25
38,0.0,GLY, ,C,32.19,7.67,0.0,4.74,1.0,<Residue GLY het=  resseq=24 icode= >,1k78_A_B,2.25
39,16.438,GLY, ,O,36.58,8.41,0.0,3.14,1.0,<Residue GLY het=  resseq=24 icode= >,1k78_A_B,2.25
40,0.0,GLY, ,N,34.92,6.37,0.0,2.65,1.0,<Residue GLY het=  resseq=25 icode= >,1k78_A_B,2.25
41,5.891,GLY, ,CA,35.04,5.88,0.0,2.82,1.0,<Residue GLY het=  resseq=25 icode= >,1k78_A_B,2.25
42,0.324,GLY, ,C,37.86,5.57,0.0,3.89,1.0,<Residue GLY het=  resseq=25 icode= >,1k78_A_B,2.25
43,0.0,GLY, ,O,36.27,5.11,0.0,2.73,1.0,<Residue GLY het=  resseq=25 icode= >,1k78_A_B,2.25
44,5.307,VAL, ,N,32.03,6.24,0.0,3.71,1.0,<Residue VAL het=  resseq=26 icode= >,1k78_A_B,2.25
45,0.0,VAL, ,CA,30.57,6.54,0.0,3.24,1.0,<Residue VAL het=  resseq=26 icode= >,1k78_A_B,2.25
46,0.0,VAL, ,C,31.85,5.65,0.0,4.78,1.0,<Residue VAL het=  resseq=26 icode= >,1k78_A_B,2.25
47,23.062,VAL, ,O,37.08,5.48,0.0,3.01,1.0,<Residue VAL het=  resseq=26 icode= >,1k78_A_B,2.25
48,10.787,VAL, ,CB,44.26,7.97,0.0,1.95,1.0,<Residue VAL het=  resseq=26 icode= >,1k78_A_B,2.25
49,43.704,VAL, ,CG1,42.4,8.55,0.0,1.18,1.0,<Residue VAL het=  resseq=26 icode= >,1k78_A_B,2.25
50,46.005,VAL, ,CG2,32.94,9.01,0.0,1.96,1.0,<Residue VAL het=  resseq=26 icode= >,1k78_A_B,2.25
51,0.0,PHE, ,N,27.37,5.48,0.0,3.50,1.0,<Residue PHE het=  resseq=27 icode= >,1k78_A_B,2.25
52,5.635,PHE, ,CA,29.56,5.09,0.0,3.52,1.0,<Residue PHE het=  resseq=27 icode= >,1k78_A_B,2.25
53,0.0,PHE, ,C,26.53,6.20,0.0,4.99,1.0,<Residue PHE het=  resseq=27 icode= >,1k78_A_B,2.25
54,1.551,PHE, ,O,29.19,6.97,0.0,3.97,1.0,<Residue PHE het=  resseq=27 icode= >,1k78_A_B,2.25
55,16.337,PHE, ,CB,27.11,3.72,14.2,2.81,1.0,<Residue PHE het=  resseq=27 icode= >,1k78_A_B,2.25
56,2.04,PHE, ,CG,26.34,3.86,2.04,3.79,1.0,<Residue PHE het=  resseq=27 icode= >,1k78_A_B,2.25
57,11.264,PHE, ,CD1,27.39,3.73,11.233,3.32,1.0,<Residue PHE het=  resseq=27 icode= >,1k78_A_B,2.25
58,0.656,PHE, ,CD2,24.52,3.99,0.656,3.45,1.0,<Residue PHE het=  resseq=27 icode= >,1k78_A_B,2.25
59,10.765,PHE, ,CE1,22.84,3.77,7.657,3.22,1.0,<Residue PHE het=  resseq=27 icode= >,1k78_A_B,2.25
60,5.171,PHE, ,CE2,23.91,4.03,2.82,3.31,1.0,<Residue PHE het=  resseq=27 icode= >,1k78_A_B,2.25
61,28.669,PHE, ,CZ,24.46,3.92,10.234,3.13,1.0,<Residue PHE het=  resseq=27 icode= >,1k78_A_B,2.25
62,5.242,VAL, ,N,29.37,6.06,0.209,3.51,1.0,<Residue VAL het=  resseq=28 icode= >,1k78_A_B,2.25
63,3.04,VAL, ,CA,30.39,6.75,0.0,3.13,1.0,<Residue VAL het=  resseq=28 icode= >,1k78_A_B,2.25
64,0.0,VAL, ,C,32.03,5.99,0.0,4.18,1.0,<Residue VAL het=  resseq=28 icode= >,1k78_A_B,2.25
65,1.573,VAL, ,O,34.02,5.38,1.536,3.05,1.0,<Residue VAL het=  resseq=28 icode= >,1k78_A_B,2.25
66,1.99,VAL, ,CB,35.32,6.92,0.0,3.11,1.0,<Residue VAL het=  resseq=28 icode= >,1k78_A_B,2.25
67,35.216,VAL, ,CG1,38.47,5.66,3.021,1.19,1.0,<Residue VAL het=  resseq=28 icode= >,1k78_A_B,2.25
68,53.416,VAL, ,CG2,34.08,8.14,0.0,2.26,1.0,<Residue VAL het=  resseq=28 icode= >,1k78_A_B,2.25
69,3.876,ASN, ,N,29.77,6.05,0.0,3.79,1.0,<Residue ASN het=  resseq=29 icode= >,1k78_A_B,2.25
70,1.544,ASN, ,CA,34.9,5.29,1.043,3.98,1.0,<Residue ASN het=  resseq=29 icode= >,1k78_A_B,2.25
71,0.406,ASN, ,C,35.78,4.65,0.406,3.91,1.0,<Residue ASN het=  resseq=29 icode= >,1k78_A_B,2.25
72,19.779,ASN, ,O,39.03,3.54,19.078,2.90,1.0,<Residue ASN het=  resseq=29 icode= >,1k78_A_B,2.25
73,22.062,ASN, ,CB,32.75,4.47,4.845,2.83,1.0,<Residue ASN het=  resseq=29 icode= >,1k78_A_B,2.25
74,6.478,ASN, ,CG,32.76,3.61,4.927,3.74,1.0,<Residue ASN het=  resseq=29 icode= >,1k78_A_B,2.25
75,24.467,ASN, ,OD1,28.59,2.82,21.788,3.51,1.0,<Residue ASN het=  resseq=29 icode= >,1k78_A_B,2.25
76,55.27,ASN, ,ND2,34.88,3.59,24.928,2.42,1.0,<Residue ASN het=  resseq=29 icode= >,1k78_A_B,2.25
77,8.203,GLY, ,N,38.17,4.00,7.725,2.51,1.0,<Residue GLY het=  resseq=30 icode= >,1k78_A_B,2.25
78,36.898,GLY, ,CA,32.91,3.30,36.898,3.63,1.0,<Residue GLY het=  resseq=30 icode= >,1k78_A_B,2.25
79,5.431,GLY, ,C,35.79,3.99,5.431,4.60,1.0,<Residue GLY het=  resseq=30 icode= >,1k78_A_B,2.25
80,14.629,GLY, ,O,34.32,3.27,14.629,3.00,1.0,<Residue GLY het=  resseq=30 icode= >,1k78_A_B,2.25
81,0.0,ARG, ,N,35.92,4.93,0.0,3.17,1.0,<Residue ARG het=  resseq=31 icode= >,1k78_A_B,2.25
82,0.0,ARG, ,CA,37.23,5.07,0.0,2.84,1.0,<Residue ARG het=  resseq=31 icode= >,1k78_A_B,2.25
83,2.55,ARG, ,C,36.54,4.08,2.55,4.43,1.0,<Residue ARG het=  resseq=31 icode= >,1k78_A_B,2.25
84,19.303,ARG, ,O,27.62,3.29,16.796,3.88,1.0,<Residue ARG het=  resseq=31 icode= >,1k78_A_B,2.25
85,5.219,ARG, ,CB,40.19,5.70,0.0,2.37,1.0,<Residue ARG het=  resseq=31 icode= >,1k78_A_B,2.25
86,12.259,ARG, ,CG,39.82,4.27,9.314,2.81,1.0,<Residue ARG het=  resseq=31 icode= >,1k78_A_B,2.25
87,30.363,ARG, ,CD,35.53,4.04,13.669,3.15,1.0,<Residue ARG het=  resseq=31 icode= >,1k78_A_B,2.25
88,9.133,ARG, ,NE,43.28,4.27,8.939,2.68,1.0,<Residue ARG het=  resseq=31 icode= >,1k78_A_B,2.25
89,4.058,ARG, ,CZ,43.22,4.61,2.84,3.46,1.0,<Residue ARG het=  resseq=31 icode= >,1k78_A_B,2.25
90,41.545,ARG, ,NH1,44.68,5.38,0.0,2.13,1.0,<Residue ARG het=  resseq=31 icode= >,1k78_A_B,2.25
91,22.908,ARG, ,NH2,40.56,4.10,13.047,2.25,1.0,<Residue ARG het=  resseq=31 icode= >,1k78_A_B,2.25
92,0.084,PRO, ,N,37.69,3.93,0.084,3.68,1.0,<Residue PRO het=  resseq=32 icode= >,1k78_A_B,2.25
93,9.211,PRO, ,CA,36.54,3.26,9.211,3.53,1.0,<Residue PRO het=  resseq=32 icode= >,1k78_A_B,2.25
94,0.171,PRO, ,C,34.32,3.75,0.0,4.39,1.0,<Residue PRO het=  resseq=32 icode= >,1k78_A_B,2.25
95,11.565,PRO, ,O,31.25,4.92,0.0,3.05,1.0,<Residue PRO het=  resseq=32 icode= >,1k78_A_B,2.25
96,6.825,PRO, ,CB,38.02,4.02,0.911,2.92,1.0,<Residue PRO het=  resseq=32 icode= >,1k78_A_B,2.25
97,9.515,PRO, ,CG,38.3,4.11,1.773,2.63,1.0,<Residue PRO het=  resseq=32 icode= >,1k78_A_B,2.25
98,3.661,PRO, ,CD,35.09,4.65,0.0,3.14,1.0,<Residue PRO het=  resseq=32 icode= >,1k78_A_B,2.25
99,4.257,LEU, ,N,34.34,2.86,4.257,2.91,1.0,<Residue LEU het=  resseq=33 icode= >,1k78_A_B,2.25
100,2.252,LEU, ,CA,32.81,3.69,0.525,3.62,1.0,<Residue LEU het=  resseq=33 icode= >,1k78_A_B,2.25
101,0.0,LEU, ,C,31.81,4.75,0.0,4.50,1.0,<Residue LEU het=  resseq=33 icode= >,1k78_A_B,2.25
102,1.435,LEU, ,O,34.41,4.71,0.0,2.71,1.0,<Residue LEU het=  resseq=33 icode= >,1k78_A_B,2.25
103,0.892,LEU, ,CB,31.98,3.33,0.892,2.85,1.0,<Residue LEU het=  resseq=33 icode= >,1k78_A_B,2.25
104,0.0,LEU, ,CG,37.46,4.53,0.0,2.90,1.0,<Residue LEU het=  resseq=33 icode= >,1k78_A_B,2.25
105,23.92,LEU, ,CD1,36.29,4.77,12.379,1.23,1.0,<Residue LEU het=  resseq=33 icode= >,1k78_A_B,2.25
106,0.0,LEU, ,CD2,23.88,4.77,0.0,2.44,1.0,<Residue LEU het=  resseq=33 icode= >,1k78_A_B,2.25
107,0.0,PRO, ,N,33.1,6.01,0.0,4.82,1.0,<Residue PRO het=  resseq=34 icode= >,1k78_A_B,2.25
108,10.807,PRO, ,CA,32.66,7.19,0.0,3.19,1.0,<Residue PRO het=  resseq=34 icode= >,1k78_A_B,2.25
109,0.0,PRO, ,C,33.88,7.33,0.0,3.44,1.0,<Residue PRO het=  resseq=34 icode= >,1k78_A_B,2.25
110,0.0,PRO, ,O,34.32,7.13,0.0,2.91,1.0,<Residue PRO het=  resseq=34 icode= >,1k78_A_B,2.25
111,16.891,PRO, ,CB,33.56,8.36,0.0,2.95,1.0,<Residue PRO het=  resseq=34 icode= >,1k78_A_B,2.25
112,39.939,PRO, ,CG,33.21,8.07,0.0,2.77,1.0,<Residue PRO het=  resseq=34 icode= >,1k78_A_B,2.25
113,12.903,PRO, ,CD,33.0,6.67,0.0,2.73,1.0,<Residue PRO het=  resseq=34 icode= >,1k78_A_B,2.25
114,6.306,ASP, ,N,34.18,8.01,0.0,3.12,1.0,<Residue ASP het=  resseq=35 icode= >,1k78_A_B,2.25
115,0.0,ASP, ,CA,36.0,8.55,0.0,2.78,1.0,<Residue ASP het=  resseq=35 icode= >,1k78_A_B,2.25
116,0.0,ASP, ,C,33.43,9.32,0.0,4.22,1.0,<Residue ASP het=  resseq=35 icode= >,1k78_A_B,2.25
117,0.0,ASP, ,O,28.05,9.45,0.0,3.97,1.0,<Residue ASP het=  resseq=35 icode= >,1k78_A_B,2.25
118,17.71,ASP, ,CB,39.15,9.66,0.0,2.64,1.0,<Residue ASP het=  resseq=35 icode= >,1k78_A_B,2.25
119,5.893,ASP, ,CG,49.17,9.32,0.0,2.92,1.0,<Residue ASP het=  resseq=35 icode= >,1k78_A_B,2.25
120,4.306,ASP, ,OD1,51.08,8.24,0.0,1.44,1.0,<Residue ASP het=  resseq=35 icode= >,1k78_A_B,2.25
121,25.256,ASP, ,OD2,56.6,10.29,0.0,1.69,1.0,<Residue ASP het=  resseq=35 icode= >,1k78_A_B,2.25
122,2.935,VAL, ,N,29.41,10.04,0.0,3.91,1.0,<Residue VAL het=  resseq=36 icode= >,1k78_A_B,2.25
123,0.93,VAL, ,CA,28.65,11.01,0.0,3.26,1.0,<Residue VAL het=  resseq=36 icode= >,1k78_A_B,2.25
124,0.23,VAL, ,C,31.1,10.50,0.0,4.07,1.0,<Residue VAL het=  resseq=36 icode= >,1k78_A_B,2.25
125,1.691,VAL, ,O,30.47,11.23,0.0,3.64,1.0,<Residue VAL het=  resseq=36 icode= >,1k78_A_B,2.25
126,12.849,VAL, ,CB,33.18,11.97,0.0,2.97,1.0,<Residue VAL het=  resseq=36 icode= >,1k78_A_B,2.25
127,30.02,VAL, ,CG1,29.1,11.41,0.0,2.00,1.0,<Residue VAL het=  resseq=36 icode= >,1k78_A_B,2.25
128,50.79,VAL, ,CG2,33.49,13.21,0.0,1.78,1.0,<Residue VAL het=  resseq=36 icode= >,1k78_A_B,2.25
129,0.0,VAL, ,N,31.99,9.42,0.0,2.83,1.0,<Residue VAL het=  resseq=37 icode= >,1k78_A_B,2.25
130,2.68,VAL, ,CA,25.23,9.05,0.0,3.45,1.0,<Residue VAL het=  resseq=37 icode= >,1k78_A_B,2.25
131,0.0,VAL, ,C,23.27,8.53,0.0,5.74,1.0,<Residue VAL het=  resseq=37 icode= >,1k78_A_B,2.25
132,0.0,VAL, ,O,26.23,9.05,0.0,4.34,1.0,<Residue VAL het=  resseq=37 icode= >,1k78_A_B,2.25
133,0.0,VAL, ,CB,25.85,8.15,0.0,3.47,1.0,<Residue VAL het=  resseq=37 icode= >,1k78_A_B,2.25
134,6.411,VAL, ,CG1,29.58,8.24,0.0,2.49,1.0,<Residue VAL het=  resseq=37 icode= >,1k78_A_B,2.25
135,29.213,VAL, ,CG2,26.92,8.88,0.0,1.78,1.0,<Residue VAL het=  resseq=37 icode= >,1k78_A_B,2.25
136,0.0,ARG, ,N,23.78,7.74,0.0,4.89,1.0,<Residue ARG het=  resseq=38 icode= >,1k78_A_B,2.25
137,0.0,ARG, ,CA,26.23,7.49,0.0,4.04,1.0,<Residue ARG het=  resseq=38 icode= >,1k78_A_B,2.25
138,0.0,ARG, ,C,25.46,8.91,0.0,5.21,1.0,<Residue ARG het=  resseq=38 icode= >,1k78_A_B,2.25
139,0.0,ARG, ,O,24.49,9.29,0.0,4.90,1.0,<Residue ARG het=  resseq=38 icode= >,1k78_A_B,2.25
140,0.0,ARG, ,CB,22.18,6.91,0.0,3.65,1.0,<Residue ARG het=  resseq=38 icode= >,1k78_A_B,2.25
141,0.0,ARG, ,CG,26.95,5.64,0.0,3.22,1.0,<Residue ARG het=  resseq=38 icode= >,1k78_A_B,2.25
142,0.0,ARG, ,CD,25.62,5.54,0.0,2.71,1.0,<Residue ARG het=  resseq=38 icode= >,1k78_A_B,2.25
143,0.0,ARG, ,NE,23.3,5.04,0.0,4.15,1.0,<Residue ARG het=  resseq=38 icode= >,1k78_A_B,2.25
144,0.0,ARG, ,CZ,21.25,3.86,0.0,5.88,1.0,<Residue ARG het=  resseq=38 icode= >,1k78_A_B,2.25
145,4.344,ARG, ,NH1,21.13,2.84,4.344,3.33,1.0,<Residue ARG het=  resseq=38 icode= >,1k78_A_B,2.25
146,10.786,ARG, ,NH2,20.18,4.06,7.516,3.23,1.0,<Residue ARG het=  resseq=38 icode= >,1k78_A_B,2.25
147,0.0,GLN, ,N,24.37,9.84,0.0,3.66,1.0,<Residue GLN het=  resseq=39 icode= >,1k78_A_B,2.25
148,1.39,GLN, ,CA,25.88,11.24,0.0,3.37,1.0,<Residue GLN het=  resseq=39 icode= >,1k78_A_B,2.25
149,0.545,GLN, ,C,22.8,11.90,0.0,4.67,1.0,<Residue GLN het=  resseq=39 icode= >,1k78_A_B,2.25
150,2.737,GLN, ,O,23.1,12.72,0.0,3.78,1.0,<Residue GLN het=  resseq=39 icode= >,1k78_A_B,2.25
151,12.748,GLN, ,CB,34.88,12.14,0.0,2.03,1.0,<Residue GLN het=  resseq=39 icode= >,1k78_A_B,2.25
152,8.033,GLN, ,CG,46.76,12.04,0.0,1.03,1.0,<Residue GLN het=  resseq=39 icode= >,1k78_A_B,2.25
153,5.955,GLN, ,CD,58.41,12.90,0.0,1.55,1.0,<Residue GLN het=  resseq=39 icode= >,1k78_A_B,2.25
154,27.166,GLN, ,OE1,58.5,13.06,0.0,1.33,1.0,<Residue GLN het=  resseq=39 icode= >,1k78_A_B,2.25
155,34.633,GLN, ,NE2,61.93,13.62,0.0,0.59,1.0,<Residue GLN het=  resseq=39 icode= >,1k78_A_B,2.25
156,0.379,ARG, ,N,16.88,11.73,0.0,4.00,1.0,<Residue ARG het=  resseq=40 icode= >,1k78_A_B,2.25
157,0.584,ARG, ,CA,18.47,12.55,0.0,3.98,1.0,<Residue ARG het=  resseq=40 icode= >,1k78_A_B,2.25
158,0.0,ARG, ,C,17.75,12.27,0.0,5.52,1.0,<Residue ARG het=  resseq=40 icode= >,1k78_A_B,2.25
159,0.0,ARG, ,O,18.16,13.26,0.0,4.81,1.0,<Residue ARG het=  resseq=40 icode= >,1k78_A_B,2.25
160,5.131,ARG, ,CB,22.7,12.63,0.0,3.78,1.0,<Residue ARG het=  resseq=40 icode= >,1k78_A_B,2.25
161,6.331,ARG, ,CG,30.62,13.79,0.0,2.87,1.0,<Residue ARG het=  resseq=40 icode= >,1k78_A_B,2.25
162,2.223,ARG, ,CD,43.67,15.12,0.0,1.40,1.0,<Residue ARG het=  resseq=40 icode= >,1k78_A_B,2.25
163,6.499,ARG, ,NE,54.99,15.52,0.0,1.17,1.0,<Residue ARG het=  resseq=40 icode= >,1k78_A_B,2.25
164,7.809,ARG, ,CZ,57.07,16.58,0.0,2.05,1.0,<Residue ARG het=  resseq=40 icode= >,1k78_A_B,2.25
165,49.24,ARG, ,NH1,49.12,17.32,0.0,1.09,1.0,<Residue ARG het=  resseq=40 icode= >,1k78_A_B,2.25
166,56.557,ARG, ,NH2,56.12,17.00,0.0,1.43,1.0,<Residue ARG het=  resseq=40 icode= >,1k78_A_B,2.25
167,0.0,ILE, ,N,18.34,11.05,0.0,3.94,1.0,<Residue ILE het=  resseq=41 icode= >,1k78_A_B,2.25
168,0.0,ILE, ,CA,18.35,10.97,0.0,3.75,1.0,<Residue ILE het=  resseq=41 icode= >,1k78_A_B,2.25
169,0.0,ILE, ,C,18.19,11.85,0.0,5.79,1.0,<Residue ILE het=  resseq=41 icode= >,1k78_A_B,2.25
170,0.0,ILE, ,O,20.39,11.34,0.0,4.74,1.0,<Residue ILE het=  resseq=41 icode= >,1k78_A_B,2.25
171,0.0,ILE, ,CB,15.03,9.57,0.0,4.14,1.0,<Residue ILE het=  resseq=41 icode= >,1k78_A_B,2.25
172,0.0,ILE, ,CG1,18.82,8.91,0.0,3.28,1.0,<Residue ILE het=  resseq=41 icode= >,1k78_A_B,2.25
173,0.0,ILE, ,CG2,14.35,9.85,0.0,3.60,1.0,<Residue ILE het=  resseq=41 icode= >,1k78_A_B,2.25
174,0.0,ILE, ,CD1,21.49,7.51,0.0,2.30,1.0,<Residue ILE het=  resseq=41 icode= >,1k78_A_B,2.25
175,0.0,VAL, ,N,20.68,11.71,0.0,4.65,1.0,<Residue VAL het=  resseq=42 icode= >,1k78_A_B,2.25
176,0.0,VAL, ,CA,21.58,12.41,0.0,4.70,1.0,<Residue VAL het=  resseq=42 icode= >,1k78_A_B,2.25
177,0.0,VAL, ,C,23.8,13.31,0.0,4.88,1.0,<Residue VAL het=  resseq=42 icode= >,1k78_A_B,2.25
178,0.922,VAL, ,O,24.72,13.08,0.0,4.43,1.0,<Residue VAL het=  resseq=42 icode= >,1k78_A_B,2.25
179,1.052,VAL, ,CB,27.88,12.53,0.0,3.37,1.0,<Residue VAL het=  resseq=42 icode= >,1k78_A_B,2.25
180,17.397,VAL, ,CG1,29.92,13.48,0.0,1.71,1.0,<Residue VAL het=  resseq=42 icode= >,1k78_A_B,2.25
181,0.0,VAL, ,CG2,16.68,11.35,0.0,3.04,1.0,<Residue VAL het=  resseq=42 icode= >,1k78_A_B,2.25
182,0.143,GLU, ,N,24.99,14.31,0.0,3.81,1.0,<Residue GLU het=  resseq=43 icode= >,1k78_A_B,2.25
183,0.823,GLU, ,CA,24.13,15.01,0.0,3.42,1.0,<Residue GLU het=  resseq=43 icode= >,1k78_A_B,2.25
184,0.0,GLU, ,C,21.47,14.03,0.0,5.61,1.0,<Residue GLU het=  resseq=43 icode= >,1k78_A_B,2.25
185,0.0,GLU, ,O,22.06,14.06,0.0,4.57,1.0,<Residue GLU het=  resseq=43 icode= >,1k78_A_B,2.25
186,8.115,GLU, ,CB,24.17,15.88,0.0,2.69,1.0,<Residue GLU het=  resseq=43 icode= >,1k78_A_B,2.25
187,17.227,GLU, ,CG,41.96,16.96,0.0,1.90,1.0,<Residue GLU het=  resseq=43 icode= >,1k78_A_B,2.25
188,7.735,GLU, ,CD,53.31,17.39,0.0,1.84,1.0,<Residue GLU het=  resseq=43 icode= >,1k78_A_B,2.25
189,27.806,GLU, ,OE1,52.02,17.80,0.0,1.22,1.0,<Residue GLU het=  resseq=43 icode= >,1k78_A_B,2.25
190,8.589,GLU, ,OE2,56.53,17.35,0.0,1.52,1.0,<Residue GLU het=  resseq=43 icode= >,1k78_A_B,2.25
191,0.0,LEU, ,N,17.97,13.16,0.0,4.44,1.0,<Residue LEU het=  resseq=44 icode= >,1k78_A_B,2.25
192,0.0,LEU, ,CA,19.82,12.28,0.0,3.96,1.0,<Residue LEU het=  resseq=44 icode= >,1k78_A_B,2.25
193,0.0,LEU, ,C,18.13,11.30,0.0,5.22,1.0,<Residue LEU het=  resseq=44 icode= >,1k78_A_B,2.25
194,0.0,LEU, ,O,20.25,11.05,0.0,4.93,1.0,<Residue LEU het=  resseq=44 icode= >,1k78_A_B,2.25
195,0.0,LEU, ,CB,15.94,11.65,0.0,3.82,1.0,<Residue LEU het=  resseq=44 icode= >,1k78_A_B,2.25
196,0.0,LEU, ,CG,23.26,12.73,0.0,4.09,1.0,<Residue LEU het=  resseq=44 icode= >,1k78_A_B,2.25
197,5.401,LEU, ,CD1,18.11,12.25,0.0,3.14,1.0,<Residue LEU het=  resseq=44 icode= >,1k78_A_B,2.25
198,25.095,LEU, ,CD2,17.9,13.51,0.0,2.97,1.0,<Residue LEU het=  resseq=44 icode= >,1k78_A_B,2.25
199,0.0,ALA, ,N,18.5,10.77,0.0,4.07,1.0,<Residue ALA het=  resseq=45 icode= >,1k78_A_B,2.25
200,0.462,ALA, ,CA,14.27,9.74,0.0,4.32,1.0,<Residue ALA het=  resseq=45 icode= >,1k78_A_B,2.25
201,0.963,ALA, ,C,15.69,10.54,0.0,5.12,1.0,<Residue ALA het=  resseq=45 icode= >,1k78_A_B,2.25
202,14.801,ALA, ,O,16.68,10.17,0.0,4.89,1.0,<Residue ALA het=  resseq=45 icode= >,1k78_A_B,2.25
203,5.161,ALA, ,CB,9.8,9.30,0.0,3.66,1.0,<Residue ALA het=  resseq=45 icode= >,1k78_A_B,2.25
204,0.529,HIS, ,N,19.49,11.80,0.0,3.72,1.0,<Residue HIS het=  resseq=46 icode= >,1k78_A_B,2.25
205,9.488,HIS, ,CA,19.91,12.77,0.0,3.84,1.0,<Residue HIS het=  resseq=46 icode= >,1k78_A_B,2.25
206,0.0,HIS, ,C,21.16,13.00,0.0,5.87,1.0,<Residue HIS het=  resseq=46 icode= >,1k78_A_B,2.25
207,21.095,HIS, ,O,19.44,13.32,0.0,4.91,1.0,<Residue HIS het=  resseq=46 icode= >,1k78_A_B,2.25
208,6.878,HIS, ,CB,21.67,14.14,0.0,2.82,1.0,<Residue HIS het=  resseq=46 icode= >,1k78_A_B,2.25
209,2.286,HIS, ,CG,32.19,15.23,0.0,3.37,1.0,<Residue HIS het=  resseq=46 icode= >,1k78_A_B,2.25
210,3.252,HIS, ,ND1,35.45,16.41,0.0,2.58,1.0,<Residue HIS het=  resseq=46 icode= >,1k78_A_B,2.25
211,28.735,HIS, ,CD2,31.01,15.43,0.0,3.37,1.0,<Residue HIS het=  resseq=46 icode= >,1k78_A_B,2.25
212,43.683,HIS, ,CE1,26.72,17.23,0.0,3.52,1.0,<Residue HIS het=  resseq=46 icode= >,1k78_A_B,2.25
213,30.649,HIS, ,NE2,34.65,16.69,0.0,3.37,1.0,<Residue HIS het=  resseq=46 icode= >,1k78_A_B,2.25
214,0.0,GLN, ,N,20.73,13.02,0.0,3.86,1.0,<Residue GLN het=  resseq=47 icode= >,1k78_A_B,2.25
215,6.718,GLN, ,CA,21.23,13.45,0.0,3.99,1.0,<Residue GLN het=  resseq=47 icode= >,1k78_A_B,2.25
216,2.856,GLN, ,C,24.86,12.46,0.0,5.93,1.0,<Residue GLN het=  resseq=47 icode= >,1k78_A_B,2.25
217,29.236,GLN, ,O,20.64,12.96,0.0,4.23,1.0,<Residue GLN het=  resseq=47 icode= >,1k78_A_B,2.25
218,7.19,GLN, ,CB,19.07,14.14,0.0,2.94,1.0,<Residue GLN het=  resseq=47 icode= >,1k78_A_B,2.25
219,13.669,GLN, ,CG,18.12,15.49,0.0,3.22,1.0,<Residue GLN het=  resseq=47 icode= >,1k78_A_B,2.25
220,5.392,GLN, ,CD,25.59,16.32,0.0,5.48,1.0,<Residue GLN het=  resseq=47 icode= >,1k78_A_B,2.25
221,23.686,GLN, ,OE1,24.47,16.02,0.0,3.72,1.0,<Residue GLN het=  resseq=47 icode= >,1k78_A_B,2.25
222,34.543,GLN, ,NE2,21.58,17.43,0.0,3.76,1.0,<Residue GLN het=  resseq=47 icode= >,1k78_A_B,2.25
223,0.0,GLY, ,N,22.53,11.19,0.0,4.00,1.0,<Residue GLY het=  resseq=48 icode= >,1k78_A_B,2.25
224,32.22,GLY, ,CA,18.56,10.29,0.0,3.15,1.0,<Residue GLY het=  resseq=48 icode= >,1k78_A_B,2.25
225,4.968,GLY, ,C,19.03,9.39,0.0,5.42,1.0,<Residue GLY het=  resseq=48 icode= >,1k78_A_B,2.25
226,28.069,GLY, ,O,20.24,8.85,0.0,4.75,1.0,<Residue GLY het=  resseq=48 icode= >,1k78_A_B,2.25
227,0.0,VAL, ,N,15.43,9.46,0.0,4.05,1.0,<Residue VAL het=  resseq=49 icode= >,1k78_A_B,2.25
228,4.768,VAL, ,CA,16.06,8.85,0.0,3.85,1.0,<Residue VAL het=  resseq=49 icode= >,1k78_A_B,2.25
229,0.364,VAL, ,C,16.13,7.39,0.0,5.32,1.0,<Residue VAL het=  resseq=49 icode= >,1k78_A_B,2.25
230,3.677,VAL, ,O,16.31,7.11,0.0,4.29,1.0,<Residue VAL het=  resseq=49 icode= >,1k78_A_B,2.25
231,0.0,VAL, ,CB,15.35,9.41,0.0,4.35,1.0,<Residue VAL het=  resseq=49 icode= >,1k78_A_B,2.25
232,3.653,VAL, ,CG1,14.33,8.84,0.0,3.64,1.0,<Residue VAL het=  resseq=49 icode= >,1k78_A_B,2.25
233,26.655,VAL, ,CG2,10.91,10.93,0.0,3.71,1.0,<Residue VAL het=  resseq=49 icode= >,1k78_A_B,2.25
234,3.387,ARG,x,N,17.19,6.56,0.0,3.94,0.5,<Residue ARG het=  resseq=50 icode= >,1k78_A_B,2.25
235,2.66,ARG,x,CA,22.48,5.14,0.0,2.87,0.5,<Residue ARG het=  resseq=50 icode= >,1k78_A_B,2.25
236,0.0,ARG, ,C,20.3,4.51,0.0,4.35,0.5,<Residue ARG het=  resseq=50 icode= >,1k78_A_B,2.25
237,0.0,ARG, ,O,20.59,5.11,0.0,3.41,0.5,<Residue ARG het=  resseq=50 icode= >,1k78_A_B,2.25
238,3.201,ARG,x,CB,27.3,4.72,0.0,3.09,0.5,<Residue ARG het=  resseq=50 icode= >,1k78_A_B,2.25
239,18.201,ARG,x,CG,40.54,3.94,2.183,1.77,0.5,<Residue ARG het=  resseq=50 icode= >,1k78_A_B,2.25
240,14.988,ARG,x,CD,42.21,4.39,0.012,2.02,0.5,<Residue ARG het=  resseq=50 icode= >,1k78_A_B,2.25
241,15.343,ARG,x,NE,44.0,3.83,8.259,1.99,0.5,<Residue ARG het=  resseq=50 icode= >,1k78_A_B,2.25
242,7.942,ARG,x,CZ,46.9,4.01,3.545,2.80,0.5,<Residue ARG het=  resseq=50 icode= >,1k78_A_B,2.25
243,48.043,ARG,x,NH1,48.8,4.03,10.054,1.59,0.5,<Residue ARG het=  resseq=50 icode= >,1k78_A_B,2.25
244,59.619,ARG,x,NH2,49.14,4.02,13.87,1.68,0.5,<Residue ARG het=  resseq=50 icode= >,1k78_A_B,2.25
245,0.0,PRO, ,N,16.33,3.82,0.0,5.99,1.0,<Residue PRO het=  resseq=51 icode= >,1k78_A_B,2.25
246,0.0,PRO, ,CA,16.06,3.93,0.0,3.67,1.0,<Residue PRO het=  resseq=51 icode= >,1k78_A_B,2.25
247,0.024,PRO, ,C,13.61,3.78,0.0,6.28,1.0,<Residue PRO het=  resseq=51 icode= >,1k78_A_B,2.25
248,0.0,PRO, ,O,14.88,4.86,0.0,5.18,1.0,<Residue PRO het=  resseq=51 icode= >,1k78_A_B,2.25
249,18.666,PRO, ,CB,17.4,3.58,12.342,4.23,1.0,<Residue PRO het=  resseq=51 icode= >,1k78_A_B,2.25
250,25.567,PRO, ,CG,15.86,4.04,6.146,3.30,1.0,<Residue PRO het=  resseq=51 icode= >,1k78_A_B,2.25
251,21.137,PRO, ,CD,19.78,3.45,10.131,3.44,1.0,<Residue PRO het=  resseq=51 icode= >,1k78_A_B,2.25
252,2.692,CYS, ,N,13.71,2.90,2.43,4.40,1.0,<Residue CYS het=  resseq=52 icode= >,1k78_A_B,2.25
253,2.233,CYS, ,CA,17.99,3.64,0.357,3.53,1.0,<Residue CYS het=  resseq=52 icode= >,1k78_A_B,2.25
254,0.0,CYS, ,C,20.05,5.00,0.0,4.21,1.0,<Residue CYS het=  resseq=52 icode= >,1k78_A_B,2.25
255,0.548,CYS, ,O,22.95,5.74,0.0,4.18,1.0,<Residue CYS het=  resseq=52 icode= >,1k78_A_B,2.25
256,26.457,CYS, ,CB,12.47,3.39,20.0,3.49,1.0,<Residue CYS het=  resseq=52 icode= >,1k78_A_B,2.25
257,19.623,CYS, ,SG,28.94,3.37,17.593,6.81,1.0,<Residue CYS het=  resseq=52 icode= >,1k78_A_B,2.25
258,0.0,ASP, ,N,21.53,5.26,0.0,3.37,1.0,<Residue ASP het=  resseq=53 icode= >,1k78_A_B,2.25
259,0.382,ASP, ,CA,22.02,6.70,0.0,3.33,1.0,<Residue ASP het=  resseq=53 icode= >,1k78_A_B,2.25
260,0.0,ASP, ,C,19.89,7.46,0.0,5.22,1.0,<Residue ASP het=  resseq=53 icode= >,1k78_A_B,2.25
261,0.0,ASP, ,O,19.02,8.61,0.0,4.21,1.0,<Residue ASP het=  resseq=53 icode= >,1k78_A_B,2.25
262,1.114,ASP, ,CB,25.28,7.16,0.0,2.98,1.0,<Residue ASP het=  resseq=53 icode= >,1k78_A_B,2.25
263,6.891,ASP, ,CG,26.46,6.05,0.0,4.66,1.0,<Residue ASP het=  resseq=53 icode= >,1k78_A_B,2.25
264,15.836,ASP, ,OD1,27.51,5.39,0.0,3.39,1.0,<Residue ASP het=  resseq=53 icode= >,1k78_A_B,2.25
265,20.457,ASP, ,OD2,37.29,6.10,0.0,2.58,1.0,<Residue ASP het=  resseq=53 icode= >,1k78_A_B,2.25
266,0.0,ILE, ,N,14.93,7.04,0.0,4.68,1.0,<Residue ILE het=  resseq=54 icode= >,1k78_A_B,2.25
267,0.0,ILE, ,CA,14.09,8.05,0.0,4.23,1.0,<Residue ILE het=  resseq=54 icode= >,1k78_A_B,2.25
268,0.0,ILE, ,C,23.08,8.43,0.0,4.96,1.0,<Residue ILE het=  resseq=54 icode= >,1k78_A_B,2.25
269,0.0,ILE, ,O,22.59,9.64,0.0,4.39,1.0,<Residue ILE het=  resseq=54 icode= >,1k78_A_B,2.25
270,0.0,ILE, ,CB,13.95,7.77,0.0,4.83,1.0,<Residue ILE het=  resseq=54 icode= >,1k78_A_B,2.25
271,0.0,ILE, ,CG1,18.69,7.80,0.0,3.16,1.0,<Residue ILE het=  resseq=54 icode= >,1k78_A_B,2.25
272,0.0,ILE, ,CG2,11.11,9.03,0.0,3.29,1.0,<Residue ILE het=  resseq=54 icode= >,1k78_A_B,2.25
273,0.0,ILE, ,CD1,18.94,8.02,0.0,2.96,1.0,<Residue ILE het=  resseq=54 icode= >,1k78_A_B,2.25
274,0.0,SER, ,N,15.35,7.55,0.0,4.37,1.0,<Residue SER het=  resseq=55 icode= >,1k78_A_B,2.25
275,0.0,SER, ,CA,18.59,8.14,0.0,3.75,1.0,<Residue SER het=  resseq=55 icode= >,1k78_A_B,2.25
276,0.0,SER, ,C,17.89,8.46,0.0,6.13,1.0,<Residue SER het=  resseq=55 icode= >,1k78_A_B,2.25
277,0.0,SER, ,O,17.97,7.83,0.0,4.79,1.0,<Residue SER het=  resseq=55 icode= >,1k78_A_B,2.25
278,0.353,SER, ,CB,15.77,7.23,0.0,4.46,1.0,<Residue SER het=  resseq=55 icode= >,1k78_A_B,2.25
279,5.366,SER, ,OG,22.46,7.47,0.0,4.16,1.0,<Residue SER het=  resseq=55 icode= >,1k78_A_B,2.25
280,0.0,ARG, ,N,18.91,8.15,0.0,4.55,1.0,<Residue ARG het=  resseq=56 icode= >,1k78_A_B,2.25
281,0.421,ARG, ,CA,22.26,8.43,0.0,4.22,1.0,<Residue ARG het=  resseq=56 icode= >,1k78_A_B,2.25
282,1.149,ARG, ,C,28.46,9.79,0.0,3.93,1.0,<Residue ARG het=  resseq=56 icode= >,1k78_A_B,2.25
283,11.166,ARG, ,O,25.34,10.53,0.0,4.18,1.0,<Residue ARG het=  resseq=56 icode= >,1k78_A_B,2.25
284,8.942,ARG, ,CB,25.34,7.44,0.0,3.11,1.0,<Residue ARG het=  resseq=56 icode= >,1k78_A_B,2.25
285,9.626,ARG, ,CG,32.07,6.33,2.958,2.00,1.0,<Residue ARG het=  resseq=56 icode= >,1k78_A_B,2.25
286,35.684,ARG, ,CD,31.46,5.83,16.858,2.22,1.0,<Residue ARG het=  resseq=56 icode= >,1k78_A_B,2.25
287,10.995,ARG, ,NE,37.29,5.12,0.0,2.44,1.0,<Residue ARG het=  resseq=56 icode= >,1k78_A_B,2.25
288,4.72,ARG, ,CZ,42.54,3.83,0.0,3.45,1.0,<Residue ARG het=  resseq=56 icode= >,1k78_A_B,2.25
289,38.397,ARG, ,NH1,29.94,3.02,26.974,2.88,1.0,<Residue ARG het=  resseq=56 icode= >,1k78_A_B,2.25
290,19.915,ARG, ,NH2,39.6,3.33,10.639,2.22,1.0,<Residue ARG het=  resseq=56 icode= >,1k78_A_B,2.25
291,0.0,GLN, ,N,25.81,10.14,0.0,2.74,1.0,<Residue GLN het=  resseq=57 icode= >,1k78_A_B,2.25
292,7.249,GLN, ,CA,23.22,11.51,0.0,3.55,1.0,<Residue GLN het=  resseq=57 icode= >,1k78_A_B,2.25
293,0.141,GLN, ,C,20.3,11.00,0.0,5.29,1.0,<Residue GLN het=  resseq=57 icode= >,1k78_A_B,2.25
294,19.872,GLN, ,O,18.09,11.15,0.0,5.00,1.0,<Residue GLN het=  resseq=57 icode= >,1k78_A_B,2.25
295,10.183,GLN, ,CB,21.24,11.80,0.0,3.23,1.0,<Residue GLN het=  resseq=57 icode= >,1k78_A_B,2.25
296,22.179,GLN, ,CG,22.07,10.96,0.0,3.49,1.0,<Residue GLN het=  resseq=57 icode= >,1k78_A_B,2.25
297,5.401,GLN, ,CD,32.68,10.94,0.0,4.12,1.0,<Residue GLN het=  resseq=57 icode= >,1k78_A_B,2.25
298,9.349,GLN, ,OE1,33.71,11.27,0.0,2.37,1.0,<Residue GLN het=  resseq=57 icode= >,1k78_A_B,2.25
299,40.289,GLN, ,NE2,34.44,10.33,0.0,2.51,1.0,<Residue GLN het=  resseq=57 icode= >,1k78_A_B,2.25
300,0.0,LEU, ,N,18.63,10.18,0.0,4.26,1.0,<Residue LEU het=  resseq=58 icode= >,1k78_A_B,2.25
301,3.445,LEU, ,CA,17.66,9.35,0.0,3.62,1.0,<Residue LEU het=  resseq=58 icode= >,1k78_A_B,2.25
302,0.503,LEU, ,C,19.04,8.00,0.0,5.11,1.0,<Residue LEU het=  resseq=58 icode= >,1k78_A_B,2.25
303,15.18,LEU, ,O,21.21,7.37,0.0,3.95,1.0,<Residue LEU het=  resseq=58 icode= >,1k78_A_B,2.25
304,0.719,LEU, ,CB,17.14,9.24,0.0,3.96,1.0,<Residue LEU het=  resseq=58 icode= >,1k78_A_B,2.25
305,0.0,LEU, ,CG,18.43,10.52,0.0,4.42,1.0,<Residue LEU het=  resseq=58 icode= >,1k78_A_B,2.25
306,0.0,LEU, ,CD1,15.35,10.42,0.0,3.13,1.0,<Residue LEU het=  resseq=58 icode= >,1k78_A_B,2.25
307,34.009,LEU, ,CD2,15.2,11.57,0.0,3.06,1.0,<Residue LEU het=  resseq=58 icode= >,1k78_A_B,2.25
308,0.0,ARG, ,N,20.06,7.77,0.0,3.85,1.0,<Residue ARG het=  resseq=59 icode= >,1k78_A_B,2.25
309,0.0,ARG, ,CA,21.21,6.71,0.0,3.15,1.0,<Residue ARG het=  resseq=59 icode= >,1k78_A_B,2.25
310,0.0,ARG, ,C,21.41,5.29,0.0,4.98,1.0,<Residue ARG het=  resseq=59 icode= >,1k78_A_B,2.25
311,4.032,ARG, ,O,17.33,4.41,0.588,5.04,1.0,<Residue ARG het=  resseq=59 icode= >,1k78_A_B,2.25
312,0.687,ARG, ,CB,19.13,7.00,0.0,2.84,1.0,<Residue ARG het=  resseq=59 icode= >,1k78_A_B,2.25
313,0.027,ARG, ,CG,21.68,8.50,0.0,3.42,1.0,<Residue ARG het=  resseq=59 icode= >,1k78_A_B,2.25
314,16.374,ARG, ,CD,27.47,9.06,0.0,2.58,1.0,<Residue ARG het=  resseq=59 icode= >,1k78_A_B,2.25
315,17.13,ARG, ,NE,36.13,10.51,0.0,2.78,1.0,<Residue ARG het=  resseq=59 icode= >,1k78_A_B,2.25
316,5.724,ARG, ,CZ,41.45,11.19,0.0,3.04,1.0,<Residue ARG het=  resseq=59 icode= >,1k78_A_B,2.25
317,21.392,ARG, ,NH1,45.71,10.67,0.0,0.77,1.0,<Residue ARG het=  resseq=59 icode= >,1k78_A_B,2.25
318,59.505,ARG, ,NH2,39.5,12.52,0.0,1.78,1.0,<Residue ARG het=  resseq=59 icode= >,1k78_A_B,2.25
319,0.0,VAL, ,N,18.88,5.34,0.0,4.09,1.0,<Residue VAL het=  resseq=60 icode= >,1k78_A_B,2.25
320,2.21,VAL, ,CA,22.16,4.01,2.21,3.52,1.0,<Residue VAL het=  resseq=60 icode= >,1k78_A_B,2.25
321,0.0,VAL, ,C,22.85,3.85,0.0,5.29,1.0,<Residue VAL het=  resseq=60 icode= >,1k78_A_B,2.25
322,0.0,VAL, ,O,23.59,4.97,0.0,3.65,1.0,<Residue VAL het=  resseq=60 icode= >,1k78_A_B,2.25
323,0.0,VAL, ,CB,22.41,4.42,0.0,4.08,1.0,<Residue VAL het=  resseq=60 icode= >,1k78_A_B,2.25
324,2.927,VAL, ,CG1,16.47,3.61,2.927,3.49,1.0,<Residue VAL het=  resseq=60 icode= >,1k78_A_B,2.25
325,5.563,VAL, ,CG2,24.15,5.16,0.691,2.96,1.0,<Residue VAL het=  resseq=60 icode= >,1k78_A_B,2.25
326,2.736,SER, ,N,20.23,2.88,2.736,4.03,1.0,<Residue SER het=  resseq=61 icode= >,1k78_A_B,2.25
327,4.834,SER, ,CA,17.74,3.62,0.0,4.09,1.0,<Residue SER het=  resseq=61 icode= >,1k78_A_B,2.25
328,0.0,SER, ,C,21.56,4.46,0.0,4.27,1.0,<Residue SER het=  resseq=61 icode= >,1k78_A_B,2.25
329,0.0,SER, ,O,18.77,4.28,0.0,4.48,1.0,<Residue SER het=  resseq=61 icode= >,1k78_A_B,2.25
330,40.66,SER, ,CB,19.04,3.22,37.448,3.49,1.0,<Residue SER het=  resseq=61 icode= >,1k78_A_B,2.25
331,14.206,SER, ,OG,21.68,2.58,14.206,3.11,1.0,<Residue SER het=  resseq=61 icode= >,1k78_A_B,2.25
332,2.935,HIS, ,N,19.29,5.74,0.741,4.27,1.0,<Residue HIS het=  resseq=62 icode= >,1k78_A_B,2.25
333,0.0,HIS, ,CA,18.32,6.01,0.0,3.28,1.0,<Residue HIS het=  resseq=62 icode= >,1k78_A_B,2.25
334,0.0,HIS, ,C,19.91,5.59,0.0,4.39,1.0,<Residue HIS het=  resseq=62 icode= >,1k78_A_B,2.25
335,1.432,HIS, ,O,20.84,5.62,0.055,3.93,1.0,<Residue HIS het=  resseq=62 icode= >,1k78_A_B,2.25
336,10.5,HIS, ,CB,14.16,5.12,1.735,4.66,1.0,<Residue HIS het=  resseq=62 icode= >,1k78_A_B,2.25
337,2.635,HIS, ,CG,17.26,4.20,2.602,5.03,1.0,<Residue HIS het=  resseq=62 icode= >,1k78_A_B,2.25
338,22.646,HIS, ,ND1,12.33,3.95,9.216,5.12,1.0,<Residue HIS het=  resseq=62 icode= >,1k78_A_B,2.25
339,17.86,HIS, ,CD2,20.69,3.65,17.851,3.74,1.0,<Residue HIS het=  resseq=62 icode= >,1k78_A_B,2.25
340,44.324,HIS, ,CE1,21.37,3.16,39.746,3.98,1.0,<Residue HIS het=  resseq=62 icode= >,1k78_A_B,2.25
341,29.411,HIS, ,NE2,18.45,2.77,29.411,5.08,1.0,<Residue HIS het=  resseq=62 icode= >,1k78_A_B,2.25
342,1.726,GLY, ,N,19.09,4.69,1.688,3.89,1.0,<Residue GLY het=  resseq=63 icode= >,1k78_A_B,2.25
343,29.776,GLY, ,CA,20.05,3.96,27.769,3.27,1.0,<Residue GLY het=  resseq=63 icode= >,1k78_A_B,2.25
344,3.906,GLY, ,C,20.2,5.11,3.634,5.89,1.0,<Residue GLY het=  resseq=63 icode= >,1k78_A_B,2.25
345,0.806,GLY, ,O,18.14,5.48,0.0,5.66,1.0,<Residue GLY het=  resseq=63 icode= >,1k78_A_B,2.25
346,1.491,CYS, ,N,15.9,4.74,1.491,4.57,1.0,<Residue CYS het=  resseq=64 icode= >,1k78_A_B,2.25
347,5.738,CYS, ,CA,23.67,4.98,3.963,4.14,1.0,<Residue CYS het=  resseq=64 icode= >,1k78_A_B,2.25
348,0.0,CYS, ,C,22.05,5.97,0.0,5.31,1.0,<Residue CYS het=  resseq=64 icode= >,1k78_A_B,2.25
349,0.0,CYS, ,O,25.2,5.62,0.0,4.83,1.0,<Residue CYS het=  resseq=64 icode= >,1k78_A_B,2.25
350,10.2,CYS, ,CB,21.51,3.65,10.2,3.68,1.0,<Residue CYS het=  resseq=64 icode= >,1k78_A_B,2.25
351,21.385,CYS, ,SG,25.15,3.77,21.385,8.68,1.0,<Residue CYS het=  resseq=64 icode= >,1k78_A_B,2.25
352,0.0,VAL, ,N,19.79,6.07,0.0,4.52,1.0,<Residue VAL het=  resseq=65 icode= >,1k78_A_B,2.25
353,0.0,VAL, ,CA,14.31,7.27,0.0,3.56,1.0,<Residue VAL het=  resseq=65 icode= >,1k78_A_B,2.25
354,0.0,VAL, ,C,17.12,5.95,0.0,6.00,1.0,<Residue VAL het=  resseq=65 icode= >,1k78_A_B,2.25
355,0.0,VAL, ,O,14.55,6.02,0.0,5.46,1.0,<Residue VAL het=  resseq=65 icode= >,1k78_A_B,2.25
356,0.0,VAL, ,CB,18.54,7.33,0.0,4.18,1.0,<Residue VAL het=  resseq=65 icode= >,1k78_A_B,2.25
357,0.319,VAL, ,CG1,16.5,6.89,0.0,2.66,1.0,<Residue VAL het=  resseq=65 icode= >,1k78_A_B,2.25
358,0.0,VAL, ,CG2,14.29,6.90,0.0,2.86,1.0,<Residue VAL het=  resseq=65 icode= >,1k78_A_B,2.25
359,0.0,SER, ,N,14.64,5.02,0.0,4.70,1.0,<Residue SER het=  resseq=66 icode= >,1k78_A_B,2.25
360,6.566,SER, ,CA,20.95,3.80,4.453,4.28,1.0,<Residue SER het=  resseq=66 icode= >,1k78_A_B,2.25
361,0.304,SER, ,C,17.98,4.52,0.0,5.33,1.0,<Residue SER het=  resseq=66 icode= >,1k78_A_B,2.25
362,5.322,SER, ,O,20.6,4.43,0.954,4.70,1.0,<Residue SER het=  resseq=66 icode= >,1k78_A_B,2.25
363,16.064,SER, ,CB,17.75,3.29,13.735,3.94,1.0,<Residue SER het=  resseq=66 icode= >,1k78_A_B,2.25
364,34.275,SER, ,OG,24.49,2.48,29.558,3.91,1.0,<Residue SER het=  resseq=66 icode= >,1k78_A_B,2.25
365,0.0,LYS,x,N,19.96,5.65,0.0,4.62,0.5,<Residue LYS het=  resseq=67 icode= >,1k78_A_B,2.25
366,4.041,LYS,x,CA,20.72,6.65,0.0,4.01,0.5,<Residue LYS het=  resseq=67 icode= >,1k78_A_B,2.25
367,0.349,LYS,x,C,21.0,6.74,0.0,5.50,0.5,<Residue LYS het=  resseq=67 icode= >,1k78_A_B,2.25
368,1.775,LYS,x,O,21.82,7.44,0.0,4.01,0.5,<Residue LYS het=  resseq=67 icode= >,1k78_A_B,2.25
369,6.582,LYS,x,CB,28.24,5.28,3.949,2.48,0.5,<Residue LYS het=  resseq=67 icode= >,1k78_A_B,2.25
370,16.271,LYS,x,CG,37.93,5.42,5.431,1.61,0.5,<Residue LYS het=  resseq=67 icode= >,1k78_A_B,2.25
371,22.832,LYS,x,CD,43.38,5.31,12.977,1.39,0.5,<Residue LYS het=  resseq=67 icode= >,1k78_A_B,2.25
372,43.333,LYS,x,CE,47.06,4.67,6.221,1.56,0.5,<Residue LYS het=  resseq=67 icode= >,1k78_A_B,2.25
373,43.876,LYS,x,NZ,36.62,3.93,32.69,1.61,0.5,<Residue LYS het=  resseq=67 icode= >,1k78_A_B,2.25
374,0.0,ILE, ,N,19.26,6.36,0.0,4.20,1.0,<Residue ILE het=  resseq=68 icode= >,1k78_A_B,2.25
375,1.49,ILE, ,CA,23.01,6.83,0.0,3.59,1.0,<Residue ILE het=  resseq=68 icode= >,1k78_A_B,2.25
376,0.0,ILE, ,C,24.09,8.34,0.0,5.09,1.0,<Residue ILE het=  resseq=68 icode= >,1k78_A_B,2.25
377,0.866,ILE, ,O,23.99,8.98,0.0,4.13,1.0,<Residue ILE het=  resseq=68 icode= >,1k78_A_B,2.25
378,0.0,ILE, ,CB,21.31,6.57,0.0,3.93,1.0,<Residue ILE het=  resseq=68 icode= >,1k78_A_B,2.25
379,3.633,ILE, ,CG1,18.6,5.04,2.084,3.97,1.0,<Residue ILE het=  resseq=68 icode= >,1k78_A_B,2.25
380,0.775,ILE, ,CG2,21.16,7.26,0.0,2.82,1.0,<Residue ILE het=  resseq=68 icode= >,1k78_A_B,2.25
381,0.0,ILE, ,CD1,26.05,4.55,0.0,3.26,1.0,<Residue ILE het=  resseq=68 icode= >,1k78_A_B,2.25
382,0.0,LEU, ,N,23.37,7.29,0.0,4.06,1.0,<Residue LEU het=  resseq=69 icode= >,1k78_A_B,2.25
383,0.0,LEU, ,CA,20.59,7.18,0.0,4.34,1.0,<Residue LEU het=  resseq=69 icode= >,1k78_A_B,2.25
384,0.0,LEU, ,C,22.9,7.03,0.0,5.29,1.0,<Residue LEU het=  resseq=69 icode= >,1k78_A_B,2.25
385,0.0,LEU, ,O,15.73,7.93,0.0,4.34,1.0,<Residue LEU het=  resseq=69 icode= >,1k78_A_B,2.25
386,4.248,LEU, ,CB,16.49,6.29,0.0,3.03,1.0,<Residue LEU het=  resseq=69 icode= >,1k78_A_B,2.25
387,0.0,LEU, ,CG,18.92,7.06,0.0,4.17,1.0,<Residue LEU het=  resseq=69 icode= >,1k78_A_B,2.25
388,4.056,LEU, ,CD1,9.83,6.60,0.0,3.40,1.0,<Residue LEU het=  resseq=69 icode= >,1k78_A_B,2.25
389,0.262,LEU, ,CD2,12.46,8.43,0.0,2.69,1.0,<Residue LEU het=  resseq=69 icode= >,1k78_A_B,2.25
390,0.928,GLY, ,N,24.9,6.14,0.0,3.65,1.0,<Residue GLY het=  resseq=70 icode= >,1k78_A_B,2.25
391,28.228,GLY, ,CA,23.73,6.41,0.0,2.37,1.0,<Residue GLY het=  resseq=70 icode= >,1k78_A_B,2.25
392,4.854,GLY, ,C,25.38,7.90,0.0,5.17,1.0,<Residue GLY het=  resseq=70 icode= >,1k78_A_B,2.25
393,4.514,GLY, ,O,23.51,8.66,0.0,4.15,1.0,<Residue GLY het=  resseq=70 icode= >,1k78_A_B,2.25
394,1.776,ARG, ,N,20.56,8.49,0.0,4.45,1.0,<Residue ARG het=  resseq=71 icode= >,1k78_A_B,2.25
395,5.375,ARG, ,CA,26.78,8.80,0.0,3.48,1.0,<Residue ARG het=  resseq=71 icode= >,1k78_A_B,2.25
396,0.0,ARG, ,C,30.28,9.68,0.0,4.26,1.0,<Residue ARG het=  resseq=71 icode= >,1k78_A_B,2.25
397,0.0,ARG, ,O,21.63,10.17,0.0,4.41,1.0,<Residue ARG het=  resseq=71 icode= >,1k78_A_B,2.25
398,4.228,ARG, ,CB,29.71,7.31,0.0,2.68,1.0,<Residue ARG het=  resseq=71 icode= >,1k78_A_B,2.25
399,12.834,ARG, ,CG,47.85,6.88,0.0,1.45,1.0,<Residue ARG het=  resseq=71 icode= >,1k78_A_B,2.25
400,6.985,ARG, ,CD,57.77,5.51,0.0,1.07,1.0,<Residue ARG het=  resseq=71 icode= >,1k78_A_B,2.25
401,1.556,ARG, ,NE,66.82,4.44,0.0,0.95,1.0,<Residue ARG het=  resseq=71 icode= >,1k78_A_B,2.25
402,3.533,ARG, ,CZ,71.92,3.75,0.0,1.11,1.0,<Residue ARG het=  resseq=71 icode= >,1k78_A_B,2.25
403,30.11,ARG, ,NH1,73.33,4.21,0.825,0.29,1.0,<Residue ARG het=  resseq=71 icode= >,1k78_A_B,2.25
404,38.639,ARG, ,NH2,71.57,2.97,23.794,0.68,1.0,<Residue ARG het=  resseq=71 icode= >,1k78_A_B,2.25
405,0.0,TYR, ,N,22.89,10.08,0.0,3.33,1.0,<Residue TYR het=  resseq=72 icode= >,1k78_A_B,2.25
406,0.0,TYR, ,CA,26.34,11.11,0.0,3.36,1.0,<Residue TYR het=  resseq=72 icode= >,1k78_A_B,2.25
407,0.0,TYR, ,C,26.51,11.48,0.0,4.16,1.0,<Residue TYR het=  resseq=72 icode= >,1k78_A_B,2.25
408,2.096,TYR, ,O,26.45,12.64,0.0,3.31,1.0,<Residue TYR het=  resseq=72 icode= >,1k78_A_B,2.25
409,0.0,TYR, ,CB,17.69,11.18,0.0,3.52,1.0,<Residue TYR het=  resseq=72 icode= >,1k78_A_B,2.25
410,0.0,TYR, ,CG,27.25,12.26,0.0,3.91,1.0,<Residue TYR het=  resseq=72 icode= >,1k78_A_B,2.25
411,0.0,TYR, ,CD1,36.06,12.87,0.0,2.43,1.0,<Residue TYR het=  resseq=72 icode= >,1k78_A_B,2.25
412,0.0,TYR, ,CD2,27.12,12.08,0.0,3.30,1.0,<Residue TYR het=  resseq=72 icode= >,1k78_A_B,2.25
413,8.813,TYR, ,CE1,33.71,14.14,0.0,3.21,1.0,<Residue TYR het=  resseq=72 icode= >,1k78_A_B,2.25
414,16.734,TYR, ,CE2,32.49,13.23,0.0,3.12,1.0,<Residue TYR het=  resseq=72 icode= >,1k78_A_B,2.25
415,2.788,TYR, ,CZ,38.09,14.45,0.0,4.60,1.0,<Residue TYR het=  resseq=72 icode= >,1k78_A_B,2.25
416,41.549,TYR, ,OH,45.54,15.58,0.0,2.54,1.0,<Residue TYR het=  resseq=72 icode= >,1k78_A_B,2.25
417,0.0,TYR, ,N,24.63,10.46,0.0,3.53,1.0,<Residue TYR het=  resseq=73 icode= >,1k78_A_B,2.25
418,5.024,TYR, ,CA,30.55,10.61,0.0,3.06,1.0,<Residue TYR het=  resseq=73 icode= >,1k78_A_B,2.25
419,0.144,TYR, ,C,35.19,11.32,0.0,3.78,1.0,<Residue TYR het=  resseq=73 icode= >,1k78_A_B,2.25
420,30.075,TYR, ,O,34.84,12.04,0.0,2.99,1.0,<Residue TYR het=  resseq=73 icode= >,1k78_A_B,2.25
421,20.665,TYR, ,CB,23.47,9.27,0.0,3.49,1.0,<Residue TYR het=  resseq=73 icode= >,1k78_A_B,2.25
422,2.052,TYR, ,CG,27.64,8.66,0.0,4.01,1.0,<Residue TYR het=  resseq=73 icode= >,1k78_A_B,2.25
423,16.201,TYR, ,CD1,27.17,7.29,0.0,3.13,1.0,<Residue TYR het=  resseq=73 icode= >,1k78_A_B,2.25
424,11.584,TYR, ,CD2,24.18,9.60,0.0,3.55,1.0,<Residue TYR het=  resseq=73 icode= >,1k78_A_B,2.25
425,22.13,TYR, ,CE1,27.64,6.99,0.0,2.90,1.0,<Residue TYR het=  resseq=73 icode= >,1k78_A_B,2.25
426,20.442,TYR, ,CE2,25.66,9.39,0.0,3.38,1.0,<Residue TYR het=  resseq=73 icode= >,1k78_A_B,2.25
427,6.304,TYR, ,CZ,25.83,8.15,0.0,4.65,1.0,<Residue TYR het=  resseq=73 icode= >,1k78_A_B,2.25
428,16.6,TYR, ,OH,22.63,8.23,0.0,3.94,1.0,<Residue TYR het=  resseq=73 icode= >,1k78_A_B,2.25
429,0.0,GLU, ,N,33.04,11.31,0.0,3.54,1.0,<Residue GLU het=  resseq=74 icode= >,1k78_A_B,2.25
430,1.037,GLU, ,CA,39.81,12.11,0.0,3.31,1.0,<Residue GLU het=  resseq=74 icode= >,1k78_A_B,2.25
431,1.103,GLU, ,C,39.14,13.26,0.0,4.53,1.0,<Residue GLU het=  resseq=74 icode= >,1k78_A_B,2.25
432,28.95,GLU, ,O,35.75,14.08,0.0,3.36,1.0,<Residue GLU het=  resseq=74 icode= >,1k78_A_B,2.25
433,5.103,GLU, ,CB,44.51,10.97,0.0,1.83,1.0,<Residue GLU het=  resseq=74 icode= >,1k78_A_B,2.25
434,31.687,GLU, ,CG,58.76,10.85,0.0,1.45,1.0,<Residue GLU het=  resseq=74 icode= >,1k78_A_B,2.25
435,12.549,GLU, ,CD,67.85,10.30,0.0,1.23,1.0,<Residue GLU het=  resseq=74 icode= >,1k78_A_B,2.25
436,41.749,GLU, ,OE1,74.0,9.25,0.0,0.23,1.0,<Residue GLU het=  resseq=74 icode= >,1k78_A_B,2.25
437,32.052,GLU, ,OE2,71.67,11.06,0.0,0.66,1.0,<Residue GLU het=  resseq=74 icode= >,1k78_A_B,2.25
438,0.0,THR, ,N,43.22,12.35,0.0,2.84,1.0,<Residue THR het=  resseq=75 icode= >,1k78_A_B,2.25
439,5.248,THR, ,CA,44.44,12.26,0.0,2.87,1.0,<Residue THR het=  resseq=75 icode= >,1k78_A_B,2.25
440,3.559,THR, ,C,47.53,12.93,0.0,2.63,1.0,<Residue THR het=  resseq=75 icode= >,1k78_A_B,2.25
441,27.268,THR, ,O,47.24,13.61,0.0,2.10,1.0,<Residue THR het=  resseq=75 icode= >,1k78_A_B,2.25
442,0.079,THR, ,CB,46.31,10.82,0.0,2.82,1.0,<Residue THR het=  resseq=75 icode= >,1k78_A_B,2.25
443,31.702,THR, ,OG1,54.72,10.70,0.0,1.55,1.0,<Residue THR het=  resseq=75 icode= >,1k78_A_B,2.25
444,20.906,THR, ,CG2,53.04,10.69,0.0,0.57,1.0,<Residue THR het=  resseq=75 icode= >,1k78_A_B,2.25
445,0.738,GLY, ,N,45.65,12.91,0.0,2.33,1.0,<Residue GLY het=  resseq=76 icode= >,1k78_A_B,2.25
446,26.047,GLY, ,CA,41.01,13.70,0.0,2.64,1.0,<Residue GLY het=  resseq=76 icode= >,1k78_A_B,2.25
447,3.197,GLY, ,C,39.81,12.90,0.0,3.96,1.0,<Residue GLY het=  resseq=76 icode= >,1k78_A_B,2.25
448,22.701,GLY, ,O,39.16,13.52,0.0,2.70,1.0,<Residue GLY het=  resseq=76 icode= >,1k78_A_B,2.25
449,0.0,SER, ,N,36.46,11.63,0.0,3.06,1.0,<Residue SER het=  resseq=77 icode= >,1k78_A_B,2.25
450,5.503,SER, ,CA,39.13,10.87,0.0,2.49,1.0,<Residue SER het=  resseq=77 icode= >,1k78_A_B,2.25
451,0.0,SER, ,C,33.7,9.87,0.0,4.50,1.0,<Residue SER het=  resseq=77 icode= >,1k78_A_B,2.25
452,0.271,SER, ,O,27.83,9.35,0.0,3.67,1.0,<Residue SER het=  resseq=77 icode= >,1k78_A_B,2.25
453,26.403,SER, ,CB,42.32,10.30,0.0,2.11,1.0,<Residue SER het=  resseq=77 icode= >,1k78_A_B,2.25
454,5.116,SER, ,OG,51.57,9.54,0.0,1.40,1.0,<Residue SER het=  resseq=77 icode= >,1k78_A_B,2.25
455,1.049,ILE, ,N,34.37,9.81,0.0,3.62,1.0,<Residue ILE het=  resseq=78 icode= >,1k78_A_B,2.25
456,1.289,ILE, ,CA,38.46,9.12,0.0,4.05,1.0,<Residue ILE het=  resseq=78 icode= >,1k78_A_B,2.25
457,0.944,ILE, ,C,38.66,7.97,0.0,4.72,1.0,<Residue ILE het=  resseq=78 icode= >,1k78_A_B,2.25
458,0.109,ILE, ,O,40.02,7.40,0.0,3.05,1.0,<Residue ILE het=  resseq=78 icode= >,1k78_A_B,2.25
459,0.0,ILE, ,CB,43.45,9.90,0.0,2.85,1.0,<Residue ILE het=  resseq=78 icode= >,1k78_A_B,2.25
460,7.003,ILE, ,CG1,52.51,10.43,0.0,1.43,1.0,<Residue ILE het=  resseq=78 icode= >,1k78_A_B,2.25
461,12.296,ILE, ,CG2,52.2,11.06,0.0,0.91,1.0,<Residue ILE het=  resseq=78 icode= >,1k78_A_B,2.25
462,12.021,ILE, ,CD1,56.14,10.78,0.0,0.30,1.0,<Residue ILE het=  resseq=78 icode= >,1k78_A_B,2.25
463,0.0,LYS, ,N,36.96,7.89,0.0,3.65,1.0,<Residue LYS het=  resseq=79 icode= >,1k78_A_B,2.25
464,0.0,LYS, ,CA,39.85,7.12,0.0,2.82,1.0,<Residue LYS het=  resseq=79 icode= >,1k78_A_B,2.25
465,0.0,LYS, ,C,37.03,5.63,0.0,4.51,1.0,<Residue LYS het=  resseq=79 icode= >,1k78_A_B,2.25
466,4.227,LYS, ,O,30.61,5.33,0.0,3.68,1.0,<Residue LYS het=  resseq=79 icode= >,1k78_A_B,2.25
467,12.917,LYS, ,CB,44.28,7.89,0.0,2.30,1.0,<Residue LYS het=  resseq=79 icode= >,1k78_A_B,2.25
468,20.992,LYS, ,CG,57.27,8.81,0.0,0.75,1.0,<Residue LYS het=  resseq=79 icode= >,1k78_A_B,2.25
469,15.694,LYS, ,CD,62.02,10.03,0.0,0.85,1.0,<Residue LYS het=  resseq=79 icode= >,1k78_A_B,2.25
470,44.435,LYS, ,CE,66.35,10.92,0.0,0.55,1.0,<Residue LYS het=  resseq=79 icode= >,1k78_A_B,2.25
471,15.866,LYS, ,NZ,67.58,10.30,0.0,1.06,1.0,<Residue LYS het=  resseq=79 icode= >,1k78_A_B,2.25
472,0.0,PRO, ,N,39.6,4.94,0.0,3.88,1.0,<Residue PRO het=  resseq=80 icode= >,1k78_A_B,2.25
473,0.453,PRO, ,CA,40.25,3.50,0.453,2.55,1.0,<Residue PRO het=  resseq=80 icode= >,1k78_A_B,2.25
474,0.235,PRO, ,C,40.76,3.63,0.0,3.01,1.0,<Residue PRO het=  resseq=80 icode= >,1k78_A_B,2.25
475,11.866,PRO, ,O,40.26,4.84,0.0,2.34,1.0,<Residue PRO het=  resseq=80 icode= >,1k78_A_B,2.25
476,8.505,PRO, ,CB,38.56,3.60,8.505,2.54,1.0,<Residue PRO het=  resseq=80 icode= >,1k78_A_B,2.25
477,16.698,PRO, ,CG,42.77,5.04,0.0,2.32,1.0,<Residue PRO het=  resseq=80 icode= >,1k78_A_B,2.25
478,1.981,PRO, ,CD,37.21,5.72,0.0,2.87,1.0,<Residue PRO het=  resseq=80 icode= >,1k78_A_B,2.25
479,5.386,GLY, ,N,37.38,2.85,5.386,2.94,1.0,<Residue GLY het=  resseq=81 icode= >,1k78_A_B,2.25
480,27.787,GLY, ,CA,35.11,3.29,13.257,2.91,1.0,<Residue GLY het=  resseq=81 icode= >,1k78_A_B,2.25
481,1.878,GLY, ,C,37.44,3.70,1.622,4.07,1.0,<Residue GLY het=  resseq=81 icode= >,1k78_A_B,2.25
482,5.304,GLY, ,O,34.48,3.82,0.165,3.52,1.0,<Residue GLY het=  resseq=81 icode= >,1k78_A_B,2.25
483,6.392,VAL, ,N,39.42,3.97,2.768,2.62,1.0,<Residue VAL het=  resseq=82 icode= >,1k78_A_B,2.25
484,4.417,VAL, ,CA,40.88,4.50,0.0,2.50,1.0,<Residue VAL het=  resseq=82 icode= >,1k78_A_B,2.25
485,0.447,VAL, ,C,37.48,3.70,0.447,3.76,1.0,<Residue VAL het=  resseq=82 icode= >,1k78_A_B,2.25
486,24.814,VAL, ,O,33.45,2.97,19.918,3.12,1.0,<Residue VAL het=  resseq=82 icode= >,1k78_A_B,2.25
487,10.09,VAL, ,CB,42.75,5.31,0.049,2.64,1.0,<Residue VAL het=  resseq=82 icode= >,1k78_A_B,2.25
488,49.451,VAL, ,CG1,45.54,6.32,0.0,1.04,1.0,<Residue VAL het=  resseq=82 icode= >,1k78_A_B,2.25
489,60.754,VAL, ,CG2,45.32,6.30,0.0,1.33,1.0,<Residue VAL het=  resseq=82 icode= >,1k78_A_B,2.25
490,4.213,ILE, ,N,31.11,4.17,0.0,3.63,1.0,<Residue ILE het=  resseq=83 icode= >,1k78_A_B,2.25
491,4.516,ILE, ,CA,34.54,3.82,4.516,3.30,1.0,<Residue ILE het=  resseq=83 icode= >,1k78_A_B,2.25
492,0.213,ILE, ,C,39.81,4.28,0.213,3.39,1.0,<Residue ILE het=  resseq=83 icode= >,1k78_A_B,2.25
493,19.023,ILE, ,O,36.81,3.72,13.476,2.52,1.0,<Residue ILE het=  resseq=83 icode= >,1k78_A_B,2.25
494,4.576,ILE, ,CB,32.81,4.35,0.956,3.14,1.0,<Residue ILE het=  resseq=83 icode= >,1k78_A_B,2.25
495,17.382,ILE, ,CG1,34.74,3.91,15.771,2.10,1.0,<Residue ILE het=  resseq=83 icode= >,1k78_A_B,2.25
496,38.485,ILE, ,CG2,34.48,3.70,38.466,1.27,1.0,<Residue ILE het=  resseq=83 icode= >,1k78_A_B,2.25
497,10.554,ILE, ,CD1,25.98,3.85,9.945,2.73,1.0,<Residue ILE het=  resseq=83 icode= >,1k78_A_B,2.25
498,8.257,GLY, ,N,39.14,3.13,8.257,2.53,1.0,<Residue GLY het=  resseq=84 icode= >,1k78_A_B,2.25
499,31.376,GLY, ,CA,42.2,3.10,31.376,2.04,1.0,<Residue GLY het=  resseq=84 icode= >,1k78_A_B,2.25
500,3.6,GLY, ,C,45.34,3.57,2.237,3.68,1.0,<Residue GLY het=  resseq=84 icode= >,1k78_A_B,2.25
501,24.607,GLY, ,O,42.9,3.86,12.574,2.83,1.0,<Residue GLY het=  resseq=84 icode= >,1k78_A_B,2.25
502,15.792,GLY, ,N,45.59,2.98,15.792,2.78,1.0,<Residue GLY het=  resseq=85 icode= >,1k78_A_B,2.25
503,37.087,GLY, ,CA,43.15,3.21,32.292,2.74,1.0,<Residue GLY het=  resseq=85 icode= >,1k78_A_B,2.25
504,4.915,GLY, ,C,47.62,3.63,3.272,3.45,1.0,<Residue GLY het=  resseq=85 icode= >,1k78_A_B,2.25
505,24.99,GLY, ,O,43.51,2.91,24.409,2.68,1.0,<Residue GLY het=  resseq=85 icode= >,1k78_A_B,2.25
506,7.094,SER, ,N,49.61,3.32,4.43,2.43,1.0,<Residue SER het=  resseq=86 icode= >,1k78_A_B,2.25
507,11.267,SER, ,CA,51.24,4.22,4.528,2.25,1.0,<Residue SER het=  resseq=86 icode= >,1k78_A_B,2.25
508,1.829,SER, ,C,54.94,4.02,0.0,2.95,1.0,<Residue SER het=  resseq=86 icode= >,1k78_A_B,2.25
509,22.521,SER, ,O,52.51,3.30,18.634,2.60,1.0,<Residue SER het=  resseq=86 icode= >,1k78_A_B,2.25
510,38.643,SER, ,CB,54.41,3.33,24.941,1.92,1.0,<Residue SER het=  resseq=86 icode= >,1k78_A_B,2.25
511,27.334,SER, ,OG,46.68,2.79,24.584,2.30,1.0,<Residue SER het=  resseq=86 icode= >,1k78_A_B,2.25
512,4.733,LYS, ,N,59.7,4.55,0.911,2.02,1.0,<Residue LYS het=  resseq=87 icode= >,1k78_A_B,2.25
513,0.0,LYS, ,CA,63.69,4.47,0.0,1.74,1.0,<Residue LYS het=  resseq=87 icode= >,1k78_A_B,2.25
514,1.788,LYS, ,C,64.66,3.96,1.788,2.34,1.0,<Residue LYS het=  resseq=87 icode= >,1k78_A_B,2.25
515,7.795,LYS, ,O,62.89,3.75,2.831,1.71,1.0,<Residue LYS het=  resseq=87 icode= >,1k78_A_B,2.25
516,20.041,LYS, ,CB,65.46,5.96,0.0,1.26,1.0,<Residue LYS het=  resseq=87 icode= >,1k78_A_B,2.25
517,32.289,LYS, ,CG,66.64,6.01,5.154,1.28,1.0,<Residue LYS het=  resseq=87 icode= >,1k78_A_B,2.25
518,35.36,LYS, ,CD,72.42,6.77,0.0,0.65,1.0,<Residue LYS het=  resseq=87 icode= >,1k78_A_B,2.25
519,18.954,LYS, ,CE,75.68,5.75,0.781,-0.17,1.0,<Residue LYS het=  resseq=87 icode= >,1k78_A_B,2.25
520,47.58,LYS, ,NZ,74.82,6.04,0.0,0.35,1.0,<Residue LYS het=  resseq=87 icode= >,1k78_A_B,2.25
521,0.283,PRO, ,N,67.25,4.05,0.283,2.14,1.0,<Residue PRO het=  resseq=88 icode= >,1k78_A_B,2.25
522,10.07,PRO, ,CA,66.16,3.67,10.07,2.32,1.0,<Residue PRO het=  resseq=88 icode= >,1k78_A_B,2.25
523,0.51,PRO, ,C,65.69,4.00,0.0,2.98,1.0,<Residue PRO het=  resseq=88 icode= >,1k78_A_B,2.25
524,21.675,PRO, ,O,68.7,5.15,0.0,1.34,1.0,<Residue PRO het=  resseq=88 icode= >,1k78_A_B,2.25
525,3.686,PRO, ,CB,65.04,4.36,0.553,1.30,1.0,<Residue PRO het=  resseq=88 icode= >,1k78_A_B,2.25
526,38.654,PRO, ,CG,68.68,3.98,15.644,0.70,1.0,<Residue PRO het=  resseq=88 icode= >,1k78_A_B,2.25
527,11.732,PRO, ,CD,66.86,4.41,2.723,1.30,1.0,<Residue PRO het=  resseq=88 icode= >,1k78_A_B,2.25
528,4.686,LYS, ,N,65.78,3.05,4.686,2.11,1.0,<Residue LYS het=  resseq=89 icode= >,1k78_A_B,2.25
529,5.128,LYS, ,CA,67.32,3.76,0.0,2.54,1.0,<Residue LYS het=  resseq=89 icode= >,1k78_A_B,2.25
530,0.598,LYS, ,C,67.7,3.70,0.0,2.24,1.0,<Residue LYS het=  resseq=89 icode= >,1k78_A_B,2.25
531,21.092,LYS, ,O,65.89,4.84,0.0,1.96,1.0,<Residue LYS het=  resseq=89 icode= >,1k78_A_B,2.25
532,15.535,LYS, ,CB,70.78,4.08,8.25,1.63,1.0,<Residue LYS het=  resseq=89 icode= >,1k78_A_B,2.25
533,15.092,LYS, ,CG,77.69,4.84,2.482,0.53,1.0,<Residue LYS het=  resseq=89 icode= >,1k78_A_B,2.25
534,32.438,LYS, ,CD,81.54,5.12,5.081,0.32,1.0,<Residue LYS het=  resseq=89 icode= >,1k78_A_B,2.25
535,45.119,LYS, ,CE,84.82,4.78,9.04,-0.28,1.0,<Residue LYS het=  resseq=89 icode= >,1k78_A_B,2.25
536,48.537,LYS, ,NZ,84.8,3.87,17.69,0.04,1.0,<Residue LYS het=  resseq=89 icode= >,1k78_A_B,2.25
537,0.0,VAL, ,N,66.41,2.78,0.0,1.53,1.0,<Residue VAL het=  resseq=90 icode= >,1k78_A_B,2.25
538,0.0,VAL, ,CA,65.13,3.56,0.0,2.54,1.0,<Residue VAL het=  resseq=90 icode= >,1k78_A_B,2.25
539,0.0,VAL, ,C,63.12,3.69,0.0,3.03,1.0,<Residue VAL het=  resseq=90 icode= >,1k78_A_B,2.25
540,0.0,VAL, ,O,64.6,4.89,0.0,1.47,1.0,<Residue VAL het=  resseq=90 icode= >,1k78_A_B,2.25
541,0.0,VAL, ,CB,65.89,3.82,0.0,1.88,1.0,<Residue VAL het=  resseq=90 icode= >,1k78_A_B,2.25
542,27.212,VAL, ,CG1,69.87,3.62,16.12,0.42,1.0,<Residue VAL het=  resseq=90 icode= >,1k78_A_B,2.25
543,16.673,VAL, ,CG2,65.83,2.92,16.673,0.54,1.0,<Residue VAL het=  resseq=90 icode= >,1k78_A_B,2.25
544,0.11,ALA, ,N,61.08,2.87,0.11,2.68,1.0,<Residue ALA het=  resseq=91 icode= >,1k78_A_B,2.25
545,0.0,ALA, ,CA,61.89,3.81,0.0,2.39,1.0,<Residue ALA het=  resseq=91 icode= >,1k78_A_B,2.25
546,0.0,ALA, ,C,61.25,4.76,0.0,2.96,1.0,<Residue ALA het=  resseq=91 icode= >,1k78_A_B,2.25
547,4.769,ALA, ,O,59.33,5.23,0.0,2.36,1.0,<Residue ALA het=  resseq=91 icode= >,1k78_A_B,2.25
548,20.033,ALA, ,CB,63.76,3.48,10.021,1.10,1.0,<Residue ALA het=  resseq=91 icode= >,1k78_A_B,2.25
549,0.0,THR, ,N,63.08,5.45,0.0,2.00,1.0,<Residue THR het=  resseq=92 icode= >,1k78_A_B,2.25
550,3.146,THR, ,CA,67.32,6.65,0.0,1.97,1.0,<Residue THR het=  resseq=92 icode= >,1k78_A_B,2.25
551,0.0,THR, ,C,68.47,7.69,0.0,2.47,1.0,<Residue THR het=  resseq=92 icode= >,1k78_A_B,2.25
552,0.0,THR, ,O,67.74,7.83,0.0,1.52,1.0,<Residue THR het=  resseq=92 icode= >,1k78_A_B,2.25
553,0.0,THR, ,CB,70.04,7.47,0.0,1.54,1.0,<Residue THR het=  resseq=92 icode= >,1k78_A_B,2.25
554,14.343,THR, ,OG1,71.73,6.98,0.0,1.15,1.0,<Residue THR het=  resseq=92 icode= >,1k78_A_B,2.25
555,20.071,THR, ,CG2,73.75,8.86,0.0,-0.18,1.0,<Residue THR het=  resseq=92 icode= >,1k78_A_B,2.25
556,0.0,PRO, ,N,69.6,8.65,0.0,2.03,1.0,<Residue PRO het=  resseq=93 icode= >,1k78_A_B,2.25
557,7.117,PRO, ,CA,68.74,9.79,0.0,2.14,1.0,<Residue PRO het=  resseq=93 icode= >,1k78_A_B,2.25
558,1.439,PRO, ,C,69.88,10.56,0.0,2.32,1.0,<Residue PRO het=  resseq=93 icode= >,1k78_A_B,2.25
559,7.64,PRO, ,O,68.57,11.18,0.0,1.62,1.0,<Residue PRO het=  resseq=93 icode= >,1k78_A_B,2.25
560,35.967,PRO, ,CB,66.81,10.73,0.0,2.33,1.0,<Residue PRO het=  resseq=93 icode= >,1k78_A_B,2.25
561,43.803,PRO, ,CG,67.71,9.73,0.0,1.95,1.0,<Residue PRO het=  resseq=93 icode= >,1k78_A_B,2.25
562,18.609,PRO, ,CD,69.09,8.89,0.0,1.44,1.0,<Residue PRO het=  resseq=93 icode= >,1k78_A_B,2.25
563,0.827,LYS, ,N,69.62,10.72,0.0,2.10,1.0,<Residue LYS het=  resseq=94 icode= >,1k78_A_B,2.25
564,7.215,LYS, ,CA,70.53,11.65,0.0,1.69,1.0,<Residue LYS het=  resseq=94 icode= >,1k78_A_B,2.25
565,0.0,LYS, ,C,67.76,11.15,0.0,3.01,1.0,<Residue LYS het=  resseq=94 icode= >,1k78_A_B,2.25
566,0.691,LYS, ,O,67.08,11.95,0.0,2.36,1.0,<Residue LYS het=  resseq=94 icode= >,1k78_A_B,2.25
567,28.244,LYS, ,CB,73.54,12.23,0.0,1.26,1.0,<Residue LYS het=  resseq=94 icode= >,1k78_A_B,2.25
568,0.463,LYS, ,CG,79.24,11.38,0.0,0.69,1.0,<Residue LYS het=  resseq=94 icode= >,1k78_A_B,2.25
569,29.553,LYS, ,CD,83.33,12.35,0.0,0.29,1.0,<Residue LYS het=  resseq=94 icode= >,1k78_A_B,2.25
570,21.537,LYS, ,CE,84.47,11.80,0.0,0.52,1.0,<Residue LYS het=  resseq=94 icode= >,1k78_A_B,2.25
571,16.762,LYS, ,NZ,84.48,10.65,0.0,0.60,1.0,<Residue LYS het=  resseq=94 icode= >,1k78_A_B,2.25
572,0.0,VAL, ,N,65.48,9.96,0.0,2.36,1.0,<Residue VAL het=  resseq=95 icode= >,1k78_A_B,2.25
573,0.0,VAL, ,CA,64.53,9.60,0.0,2.57,1.0,<Residue VAL het=  resseq=95 icode= >,1k78_A_B,2.25
574,0.0,VAL, ,C,64.38,9.67,0.0,2.75,1.0,<Residue VAL het=  resseq=95 icode= >,1k78_A_B,2.25
575,0.0,VAL, ,O,66.0,10.37,0.0,1.53,1.0,<Residue VAL het=  resseq=95 icode= >,1k78_A_B,2.25
576,0.0,VAL, ,CB,64.09,8.30,0.0,2.46,1.0,<Residue VAL het=  resseq=95 icode= >,1k78_A_B,2.25
577,0.0,VAL, ,CG1,62.43,8.11,0.0,1.63,1.0,<Residue VAL het=  resseq=95 icode= >,1k78_A_B,2.25
578,0.0,VAL, ,CG2,63.27,8.65,0.0,0.75,1.0,<Residue VAL het=  resseq=95 icode= >,1k78_A_B,2.25
579,0.0,VAL, ,N,61.63,9.19,0.0,2.48,1.0,<Residue VAL het=  resseq=96 icode= >,1k78_A_B,2.25
580,0.0,VAL, ,CA,59.51,9.40,0.0,2.78,1.0,<Residue VAL het=  resseq=96 icode= >,1k78_A_B,2.25
581,0.0,VAL, ,C,61.62,10.86,0.0,2.78,1.0,<Residue VAL het=  resseq=96 icode= >,1k78_A_B,2.25
582,0.718,VAL, ,O,58.61,11.29,0.0,2.25,1.0,<Residue VAL het=  resseq=96 icode= >,1k78_A_B,2.25
583,0.991,VAL, ,CB,58.78,8.84,0.0,2.03,1.0,<Residue VAL het=  resseq=96 icode= >,1k78_A_B,2.25
584,14.625,VAL, ,CG1,54.71,9.35,0.0,1.24,1.0,<Residue VAL het=  resseq=96 icode= >,1k78_A_B,2.25
585,11.578,VAL, ,CG2,57.74,7.33,0.0,1.54,1.0,<Residue VAL het=  resseq=96 icode= >,1k78_A_B,2.25
586,0.093,GLU, ,N,60.92,11.75,0.0,1.94,1.0,<Residue GLU het=  resseq=97 icode= >,1k78_A_B,2.25
587,3.258,GLU, ,CA,62.08,13.15,0.0,1.46,1.0,<Residue GLU het=  resseq=97 icode= >,1k78_A_B,2.25
588,0.423,GLU, ,C,57.83,13.78,0.0,3.07,1.0,<Residue GLU het=  resseq=97 icode= >,1k78_A_B,2.25
589,0.0,GLU, ,O,51.05,14.69,0.0,2.23,1.0,<Residue GLU het=  resseq=97 icode= >,1k78_A_B,2.25
590,7.062,GLU, ,CB,64.94,13.96,0.0,1.23,1.0,<Residue GLU het=  resseq=97 icode= >,1k78_A_B,2.25
591,22.377,GLU, ,CG,72.59,15.41,0.0,1.31,1.0,<Residue GLU het=  resseq=97 icode= >,1k78_A_B,2.25
592,13.316,GLU, ,CD,80.16,16.35,0.0,0.75,1.0,<Residue GLU het=  resseq=97 icode= >,1k78_A_B,2.25
593,38.362,GLU, ,OE1,83.43,16.23,0.0,0.22,1.0,<Residue GLU het=  resseq=97 icode= >,1k78_A_B,2.25
594,39.767,GLU, ,OE2,84.94,17.33,0.0,-0.06,1.0,<Residue GLU het=  resseq=97 icode= >,1k78_A_B,2.25
595,0.032,LYS, ,N,53.6,13.29,0.0,2.84,1.0,<Residue LYS het=  resseq=98 icode= >,1k78_A_B,2.25
596,0.163,LYS, ,CA,54.71,13.99,0.0,2.28,1.0,<Residue LYS het=  resseq=98 icode= >,1k78_A_B,2.25
597,0.0,LYS, ,C,52.41,13.68,0.0,3.00,1.0,<Residue LYS het=  resseq=98 icode= >,1k78_A_B,2.25
598,0.0,LYS, ,O,49.28,13.27,0.0,2.46,1.0,<Residue LYS het=  resseq=98 icode= >,1k78_A_B,2.25
599,0.0,LYS, ,CB,52.9,13.55,0.0,2.10,1.0,<Residue LYS het=  resseq=98 icode= >,1k78_A_B,2.25
600,2.467,LYS, ,CG,61.07,14.29,0.0,1.17,1.0,<Residue LYS het=  resseq=98 icode= >,1k78_A_B,2.25
601,3.16,LYS, ,CD,61.62,15.79,0.0,0.94,1.0,<Residue LYS het=  resseq=98 icode= >,1k78_A_B,2.25
602,30.954,LYS, ,CE,62.43,16.64,0.0,1.16,1.0,<Residue LYS het=  resseq=98 icode= >,1k78_A_B,2.25
603,44.115,LYS, ,NZ,63.13,18.08,0.0,0.84,1.0,<Residue LYS het=  resseq=98 icode= >,1k78_A_B,2.25
604,0.0,ILE, ,N,48.76,12.76,0.0,2.58,1.0,<Residue ILE het=  resseq=99 icode= >,1k78_A_B,2.25
605,0.0,ILE, ,CA,48.29,11.55,0.0,2.91,1.0,<Residue ILE het=  resseq=99 icode= >,1k78_A_B,2.25
606,0.0,ILE, ,C,47.05,11.42,0.0,3.99,1.0,<Residue ILE het=  resseq=99 icode= >,1k78_A_B,2.25
607,0.0,ILE, ,O,45.08,10.57,0.0,2.70,1.0,<Residue ILE het=  resseq=99 icode= >,1k78_A_B,2.25
608,0.06,ILE, ,CB,45.65,11.11,0.0,3.17,1.0,<Residue ILE het=  resseq=99 icode= >,1k78_A_B,2.25
609,0.0,ILE, ,CG1,42.11,10.54,0.0,2.90,1.0,<Residue ILE het=  resseq=99 icode= >,1k78_A_B,2.25
610,1.674,ILE, ,CG2,45.71,9.70,0.0,1.76,1.0,<Residue ILE het=  resseq=99 icode= >,1k78_A_B,2.25
611,0.0,ILE, ,CD1,46.8,9.13,0.0,1.69,1.0,<Residue ILE het=  resseq=99 icode= >,1k78_A_B,2.25
612,0.32,ALA, ,N,44.85,12.44,0.0,2.47,1.0,<Residue ALA het=  resseq=100 icode= >,1k78_A_B,2.25
613,7.055,ALA, ,CA,46.38,12.67,0.0,2.39,1.0,<Residue ALA het=  resseq=100 icode= >,1k78_A_B,2.25
614,0.0,ALA, ,C,46.88,13.00,0.0,3.80,1.0,<Residue ALA het=  resseq=100 icode= >,1k78_A_B,2.25
615,1.794,ALA, ,O,45.77,12.70,0.0,2.83,1.0,<Residue ALA het=  resseq=100 icode= >,1k78_A_B,2.25
616,36.91,ALA, ,CB,43.0,13.92,0.0,1.55,1.0,<Residue ALA het=  resseq=100 icode= >,1k78_A_B,2.25
617,0.0,GLU, ,N,44.24,13.79,0.0,2.70,1.0,<Residue GLU het=  resseq=101 icode= >,1k78_A_B,2.25
618,0.0,GLU, ,CA,45.87,14.36,0.0,1.98,1.0,<Residue GLU het=  resseq=101 icode= >,1k78_A_B,2.25
619,0.0,GLU, ,C,43.34,13.37,0.0,2.95,1.0,<Residue GLU het=  resseq=101 icode= >,1k78_A_B,2.25
620,0.0,GLU, ,O,39.92,13.59,0.0,2.80,1.0,<Residue GLU het=  resseq=101 icode= >,1k78_A_B,2.25
621,19.583,GLU, ,CB,42.36,15.47,0.0,1.33,1.0,<Residue GLU het=  resseq=101 icode= >,1k78_A_B,2.25
622,0.0,TYR, ,N,42.38,12.42,0.0,2.40,1.0,<Residue TYR het=  resseq=102 icode= >,1k78_A_B,2.25
623,0.0,TYR, ,CA,40.32,11.51,0.0,3.13,1.0,<Residue TYR het=  resseq=102 icode= >,1k78_A_B,2.25
624,0.0,TYR, ,C,41.84,10.62,0.0,3.14,1.0,<Residue TYR het=  resseq=102 icode= >,1k78_A_B,2.25
625,0.005,TYR, ,O,38.16,10.59,0.0,2.21,1.0,<Residue TYR het=  resseq=102 icode= >,1k78_A_B,2.25
626,0.0,TYR, ,CB,40.7,10.79,0.0,2.44,1.0,<Residue TYR het=  resseq=102 icode= >,1k78_A_B,2.25
627,0.0,TYR, ,CG,43.92,11.83,0.0,2.21,1.0,<Residue TYR het=  resseq=102 icode= >,1k78_A_B,2.25
628,0.0,TYR, ,CD1,48.2,11.65,0.0,1.43,1.0,<Residue TYR het=  resseq=102 icode= >,1k78_A_B,2.25
629,0.0,TYR, ,CD2,46.08,13.13,0.0,1.61,1.0,<Residue TYR het=  resseq=102 icode= >,1k78_A_B,2.25
630,0.0,TYR, ,CE1,44.31,12.77,0.0,2.42,1.0,<Residue TYR het=  resseq=102 icode= >,1k78_A_B,2.25
631,2.336,TYR, ,CE2,43.4,14.14,0.0,2.21,1.0,<Residue TYR het=  resseq=102 icode= >,1k78_A_B,2.25
632,0.0,TYR, ,CZ,47.36,13.97,0.0,3.37,1.0,<Residue TYR het=  resseq=102 icode= >,1k78_A_B,2.25
633,0.0,TYR, ,OH,52.07,15.09,0.0,1.97,1.0,<Residue TYR het=  resseq=102 icode= >,1k78_A_B,2.25
634,0.0,LYS, ,N,44.21,10.11,0.0,2.58,1.0,<Residue LYS het=  resseq=103 icode= >,1k78_A_B,2.25
635,0.0,LYS, ,CA,46.32,9.45,0.0,3.00,1.0,<Residue LYS het=  resseq=103 icode= >,1k78_A_B,2.25
636,0.94,LYS, ,C,46.81,10.51,0.0,3.66,1.0,<Residue LYS het=  resseq=103 icode= >,1k78_A_B,2.25
637,1.009,LYS, ,O,45.75,10.34,0.0,1.85,1.0,<Residue LYS het=  resseq=103 icode= >,1k78_A_B,2.25
638,16.537,LYS, ,CB,45.35,9.08,0.0,2.49,1.0,<Residue LYS het=  resseq=103 icode= >,1k78_A_B,2.25
639,2.174,LYS, ,CG,47.66,7.76,0.0,1.92,1.0,<Residue LYS het=  resseq=103 icode= >,1k78_A_B,2.25
640,0.07,LYS, ,CD,48.34,6.61,0.0,1.68,1.0,<Residue LYS het=  resseq=103 icode= >,1k78_A_B,2.25
641,16.317,LYS, ,CE,47.57,5.61,0.0,1.89,1.0,<Residue LYS het=  resseq=103 icode= >,1k78_A_B,2.25
642,18.891,LYS, ,NZ,46.73,4.26,7.383,1.75,1.0,<Residue LYS het=  resseq=103 icode= >,1k78_A_B,2.25
643,0.391,ARG, ,N,47.74,11.73,0.0,3.03,1.0,<Residue ARG het=  resseq=104 icode= >,1k78_A_B,2.25
644,5.75,ARG, ,CA,51.05,12.89,0.0,2.47,1.0,<Residue ARG het=  resseq=104 icode= >,1k78_A_B,2.25
645,1.323,ARG, ,C,45.78,13.18,0.0,4.02,1.0,<Residue ARG het=  resseq=104 icode= >,1k78_A_B,2.25
646,20.551,ARG, ,O,40.55,13.67,0.0,3.32,1.0,<Residue ARG het=  resseq=104 icode= >,1k78_A_B,2.25
647,2.766,ARG, ,CB,56.95,14.14,0.0,1.58,1.0,<Residue ARG het=  resseq=104 icode= >,1k78_A_B,2.25
648,33.298,ARG, ,CG,66.92,14.82,0.0,0.78,1.0,<Residue ARG het=  resseq=104 icode= >,1k78_A_B,2.25
649,32.967,ARG, ,CD,68.39,16.00,0.0,1.13,1.0,<Residue ARG het=  resseq=104 icode= >,1k78_A_B,2.25
650,14.169,ARG, ,NE,73.22,16.74,0.0,1.47,1.0,<Residue ARG het=  resseq=104 icode= >,1k78_A_B,2.25
651,4.618,ARG, ,CZ,76.19,17.10,0.0,1.58,1.0,<Residue ARG het=  resseq=104 icode= >,1k78_A_B,2.25
652,22.297,ARG, ,NH1,73.29,16.81,0.0,1.67,1.0,<Residue ARG het=  resseq=104 icode= >,1k78_A_B,2.25
653,47.141,ARG, ,NH2,74.83,17.88,0.0,1.08,1.0,<Residue ARG het=  resseq=104 icode= >,1k78_A_B,2.25
654,0.005,GLN, ,N,45.13,13.08,0.0,3.01,1.0,<Residue GLN het=  resseq=105 icode= >,1k78_A_B,2.25
655,6.768,GLN, ,CA,45.15,13.54,0.0,2.88,1.0,<Residue GLN het=  resseq=105 icode= >,1k78_A_B,2.25
656,0.0,GLN, ,C,43.72,12.72,0.0,2.46,1.0,<Residue GLN het=  resseq=105 icode= >,1k78_A_B,2.25
657,20.773,GLN, ,O,40.08,13.36,0.0,1.76,1.0,<Residue GLN het=  resseq=105 icode= >,1k78_A_B,2.25
658,1.683,GLN, ,CB,48.17,13.81,0.0,2.60,1.0,<Residue GLN het=  resseq=105 icode= >,1k78_A_B,2.25
659,24.217,GLN, ,CG,60.95,15.20,0.0,0.82,1.0,<Residue GLN het=  resseq=105 icode= >,1k78_A_B,2.25
660,5.337,GLN, ,CD,65.12,15.59,0.0,1.74,1.0,<Residue GLN het=  resseq=105 icode= >,1k78_A_B,2.25
661,18.714,GLN, ,OE1,62.69,15.56,0.0,2.24,1.0,<Residue GLN het=  resseq=105 icode= >,1k78_A_B,2.25
662,29.83,GLN, ,NE2,64.95,16.15,0.0,0.70,1.0,<Residue GLN het=  resseq=105 icode= >,1k78_A_B,2.25
663,0.0,ASN, ,N,34.51,11.40,0.0,2.52,1.0,<Residue ASN het=  resseq=106 icode= >,1k78_A_B,2.25
664,2.539,ASN, ,CA,36.81,10.62,0.0,2.98,1.0,<Residue ASN het=  resseq=106 icode= >,1k78_A_B,2.25
665,0.0,ASN, ,C,34.26,9.34,0.0,4.14,1.0,<Residue ASN het=  resseq=106 icode= >,1k78_A_B,2.25
666,0.0,ASN, ,O,34.39,8.29,0.0,3.25,1.0,<Residue ASN het=  resseq=106 icode= >,1k78_A_B,2.25
667,6.058,ASN, ,CB,37.93,10.44,5.937,2.53,1.0,<Residue ASN het=  resseq=106 icode= >,1k78_A_B,2.25
668,3.594,ASN, ,CG,45.4,11.63,3.422,2.70,1.0,<Residue ASN het=  resseq=106 icode= >,1k78_A_B,2.25
669,9.636,ASN, ,OD1,51.0,12.33,2.241,1.27,1.0,<Residue ASN het=  resseq=106 icode= >,1k78_A_B,2.25
670,48.737,ASN, ,ND2,39.14,11.45,32.922,1.95,1.0,<Residue ASN het=  resseq=106 icode= >,1k78_A_B,2.25
671,0.0,PRO, ,N,31.68,9.58,0.0,3.60,1.0,<Residue PRO het=  resseq=107 icode= >,1k78_A_B,2.25
672,1.624,PRO, ,CA,31.28,8.67,0.0,3.27,1.0,<Residue PRO het=  resseq=107 icode= >,1k78_A_B,2.25
673,0.427,PRO, ,C,32.47,7.43,0.0,4.06,1.0,<Residue PRO het=  resseq=107 icode= >,1k78_A_B,2.25
674,12.87,PRO, ,O,30.26,6.44,0.0,3.18,1.0,<Residue PRO het=  resseq=107 icode= >,1k78_A_B,2.25
675,31.589,PRO, ,CB,31.66,9.69,0.0,2.79,1.0,<Residue PRO het=  resseq=107 icode= >,1k78_A_B,2.25
676,32.747,PRO, ,CG,33.06,10.96,0.0,2.28,1.0,<Residue PRO het=  resseq=107 icode= >,1k78_A_B,2.25
677,18.235,PRO, ,CD,34.95,10.96,0.0,2.01,1.0,<Residue PRO het=  resseq=107 icode= >,1k78_A_B,2.25
678,0.284,THR, ,N,30.32,7.65,0.0,3.40,1.0,<Residue THR het=  resseq=108 icode= >,1k78_A_B,2.25
679,6.044,THR, ,CA,28.26,6.79,0.0,3.42,1.0,<Residue THR het=  resseq=108 icode= >,1k78_A_B,2.25
680,1.332,THR, ,C,30.44,5.99,0.755,3.81,1.0,<Residue THR het=  resseq=108 icode= >,1k78_A_B,2.25
681,6.683,THR, ,O,30.95,5.37,3.918,2.89,1.0,<Residue THR het=  resseq=108 icode= >,1k78_A_B,2.25
682,15.388,THR, ,CB,28.28,7.46,13.099,3.26,1.0,<Residue THR het=  resseq=108 icode= >,1k78_A_B,2.25
683,28.951,THR, ,OG1,31.24,7.19,25.247,2.60,1.0,<Residue THR het=  resseq=108 icode= >,1k78_A_B,2.25
684,60.996,THR, ,CG2,33.42,8.45,14.337,1.89,1.0,<Residue THR het=  resseq=108 icode= >,1k78_A_B,2.25
685,0.227,MET, ,N,28.75,6.35,0.227,3.99,1.0,<Residue MET het=  resseq=109 icode= >,1k78_A_B,2.25
686,6.354,MET, ,CA,33.44,6.09,6.354,2.89,1.0,<Residue MET het=  resseq=109 icode= >,1k78_A_B,2.25
687,0.0,MET, ,C,35.48,4.64,0.0,3.36,1.0,<Residue MET het=  resseq=109 icode= >,1k78_A_B,2.25
688,1.495,MET, ,O,35.64,3.95,1.136,2.59,1.0,<Residue MET het=  resseq=109 icode= >,1k78_A_B,2.25
689,0.902,MET, ,CB,32.6,7.02,0.902,1.77,1.0,<Residue MET het=  resseq=109 icode= >,1k78_A_B,2.25
690,0.968,MET, ,CG,37.38,7.35,0.968,1.66,1.0,<Residue MET het=  resseq=109 icode= >,1k78_A_B,2.25
691,0.0,MET, ,SD,21.88,8.88,0.0,10.22,1.0,<Residue MET het=  resseq=109 icode= >,1k78_A_B,2.25
692,30.872,MET, ,CE,35.71,10.16,16.756,1.88,1.0,<Residue MET het=  resseq=109 icode= >,1k78_A_B,2.25
693,0.0,PHE, ,N,36.95,4.50,0.0,2.54,1.0,<Residue PHE het=  resseq=110 icode= >,1k78_A_B,2.25
694,3.411,PHE, ,CA,35.39,3.47,3.411,2.95,1.0,<Residue PHE het=  resseq=110 icode= >,1k78_A_B,2.25
695,0.0,PHE, ,C,34.08,3.91,0.0,3.93,1.0,<Residue PHE het=  resseq=110 icode= >,1k78_A_B,2.25
696,0.0,PHE, ,O,32.4,5.05,0.0,3.17,1.0,<Residue PHE het=  resseq=110 icode= >,1k78_A_B,2.25
697,4.243,PHE, ,CB,33.77,4.07,4.243,2.11,1.0,<Residue PHE het=  resseq=110 icode= >,1k78_A_B,2.25
698,1.383,PHE, ,CG,36.1,3.62,1.383,3.57,1.0,<Residue PHE het=  resseq=110 icode= >,1k78_A_B,2.25
699,17.727,PHE, ,CD1,34.48,3.24,16.337,3.00,1.0,<Residue PHE het=  resseq=110 icode= >,1k78_A_B,2.25
700,0.739,PHE, ,CD2,28.56,3.70,0.739,3.20,1.0,<Residue PHE het=  resseq=110 icode= >,1k78_A_B,2.25
701,29.945,PHE, ,CE1,40.49,3.38,17.603,2.50,1.0,<Residue PHE het=  resseq=110 icode= >,1k78_A_B,2.25
702,29.498,PHE, ,CE2,36.98,3.43,26.754,2.37,1.0,<Residue PHE het=  resseq=110 icode= >,1k78_A_B,2.25
703,35.549,PHE, ,CZ,33.37,3.34,35.108,2.56,1.0,<Residue PHE het=  resseq=110 icode= >,1k78_A_B,2.25
704,6.985,ALA, ,N,33.19,3.12,6.682,2.79,1.0,<Residue ALA het=  resseq=111 icode= >,1k78_A_B,2.25
705,0.695,ALA, ,CA,35.24,3.79,0.0,2.69,1.0,<Residue ALA het=  resseq=111 icode= >,1k78_A_B,2.25
706,0.0,ALA, ,C,36.18,4.83,0.0,3.63,1.0,<Residue ALA het=  resseq=111 icode= >,1k78_A_B,2.25
707,0.0,ALA, ,O,36.29,5.99,0.0,3.19,1.0,<Residue ALA het=  resseq=111 icode= >,1k78_A_B,2.25
708,4.215,ALA, ,CB,33.52,3.25,4.075,1.92,1.0,<Residue ALA het=  resseq=111 icode= >,1k78_A_B,2.25
709,0.139,TRP, ,N,37.45,4.74,0.081,3.34,1.0,<Residue TRP het=  resseq=112 icode= >,1k78_A_B,2.25
710,0.0,TRP, ,CA,38.87,5.35,0.0,2.91,1.0,<Residue TRP het=  resseq=112 icode= >,1k78_A_B,2.25
711,0.0,TRP, ,C,37.93,6.48,0.0,3.67,1.0,<Residue TRP het=  resseq=112 icode= >,1k78_A_B,2.25
712,0.0,TRP, ,O,39.89,6.45,0.0,2.60,1.0,<Residue TRP het=  resseq=112 icode= >,1k78_A_B,2.25
713,6.674,TRP, ,CB,38.65,4.23,6.674,1.93,1.0,<Residue TRP het=  resseq=112 icode= >,1k78_A_B,2.25
714,2.007,TRP, ,CG,37.89,4.15,2.007,2.89,1.0,<Residue TRP het=  resseq=112 icode= >,1k78_A_B,2.25
715,23.866,TRP, ,CD1,35.27,3.87,21.01,2.66,1.0,<Residue TRP het=  resseq=112 icode= >,1k78_A_B,2.25
716,2.718,TRP, ,CD2,34.56,4.51,2.67,3.41,1.0,<Residue TRP het=  resseq=112 icode= >,1k78_A_B,2.25
717,16.577,TRP, ,NE1,39.06,3.68,10.112,2.36,1.0,<Residue TRP het=  resseq=112 icode= >,1k78_A_B,2.25
718,3.306,TRP, ,CE2,35.42,4.96,1.883,3.22,1.0,<Residue TRP het=  resseq=112 icode= >,1k78_A_B,2.25
719,3.569,TRP, ,CE3,40.69,5.04,1.945,1.92,1.0,<Residue TRP het=  resseq=112 icode= >,1k78_A_B,2.25
720,20.994,TRP, ,CZ2,39.97,5.80,0.096,2.16,1.0,<Residue TRP het=  resseq=112 icode= >,1k78_A_B,2.25
721,22.111,TRP, ,CZ3,41.57,5.86,0.0,2.07,1.0,<Residue TRP het=  resseq=112 icode= >,1k78_A_B,2.25
722,27.269,TRP, ,CH2,38.78,6.20,0.0,2.28,1.0,<Residue TRP het=  resseq=112 icode= >,1k78_A_B,2.25
723,0.0,GLU, ,N,35.15,6.80,0.0,3.77,1.0,<Residue GLU het=  resseq=113 icode= >,1k78_A_B,2.25
724,1.063,GLU, ,CA,39.06,8.02,0.0,3.30,1.0,<Residue GLU het=  resseq=113 icode= >,1k78_A_B,2.25
725,0.0,GLU, ,C,37.83,8.54,0.0,3.73,1.0,<Residue GLU het=  resseq=113 icode= >,1k78_A_B,2.25
726,2.575,GLU, ,O,37.61,9.76,0.0,2.31,1.0,<Residue GLU het=  resseq=113 icode= >,1k78_A_B,2.25
727,6.088,GLU, ,CB,38.12,7.93,1.804,2.34,1.0,<Residue GLU het=  resseq=113 icode= >,1k78_A_B,2.25
728,3.183,GLU, ,CG,41.46,7.14,0.613,2.02,1.0,<Residue GLU het=  resseq=113 icode= >,1k78_A_B,2.25
729,5.232,GLU, ,CD,42.19,6.52,5.232,4.48,1.0,<Residue GLU het=  resseq=113 icode= >,1k78_A_B,2.25
730,4.324,GLU, ,OE1,34.11,6.50,4.324,2.75,1.0,<Residue GLU het=  resseq=113 icode= >,1k78_A_B,2.25
731,28.743,GLU, ,OE2,40.72,5.76,24.828,2.63,1.0,<Residue GLU het=  resseq=113 icode= >,1k78_A_B,2.25
732,0.0,ILE, ,N,35.95,7.78,0.0,2.92,1.0,<Residue ILE het=  resseq=114 icode= >,1k78_A_B,2.25
733,0.0,ILE, ,CA,40.31,8.58,0.0,2.26,1.0,<Residue ILE het=  resseq=114 icode= >,1k78_A_B,2.25
734,0.0,ILE, ,C,39.74,9.34,0.0,3.72,1.0,<Residue ILE het=  resseq=114 icode= >,1k78_A_B,2.25
735,0.0,ILE, ,O,37.99,10.55,0.0,2.93,1.0,<Residue ILE het=  resseq=114 icode= >,1k78_A_B,2.25
736,0.0,ILE, ,CB,41.89,7.80,0.0,2.64,1.0,<Residue ILE het=  resseq=114 icode= >,1k78_A_B,2.25
737,0.0,ILE, ,CG1,39.16,7.05,0.0,2.25,1.0,<Residue ILE het=  resseq=114 icode= >,1k78_A_B,2.25
738,0.0,ILE, ,CG2,35.09,8.94,0.0,2.09,1.0,<Residue ILE het=  resseq=114 icode= >,1k78_A_B,2.25
739,0.621,ILE, ,CD1,41.83,6.50,0.0,1.72,1.0,<Residue ILE het=  resseq=114 icode= >,1k78_A_B,2.25
740,0.0,ARG, ,N,39.79,8.79,0.0,2.84,1.0,<Residue ARG het=  resseq=115 icode= >,1k78_A_B,2.25
741,0.0,ARG, ,CA,46.26,8.90,0.0,2.63,1.0,<Residue ARG het=  resseq=115 icode= >,1k78_A_B,2.25
742,0.0,ARG, ,C,48.48,8.75,0.0,3.35,1.0,<Residue ARG het=  resseq=115 icode= >,1k78_A_B,2.25
743,0.0,ARG, ,O,46.27,9.36,0.0,2.59,1.0,<Residue ARG het=  resseq=115 icode= >,1k78_A_B,2.25
744,0.0,ARG, ,CB,43.59,7.74,0.0,1.94,1.0,<Residue ARG het=  resseq=115 icode= >,1k78_A_B,2.25
745,0.0,ARG, ,CG,52.47,7.49,0.0,1.41,1.0,<Residue ARG het=  resseq=115 icode= >,1k78_A_B,2.25
746,14.204,ARG, ,CD,56.76,6.22,0.0,1.80,1.0,<Residue ARG het=  resseq=115 icode= >,1k78_A_B,2.25
747,1.657,ARG, ,NE,57.53,5.04,0.0,2.12,1.0,<Residue ARG het=  resseq=115 icode= >,1k78_A_B,2.25
748,4.425,ARG, ,CZ,58.62,3.79,0.0,2.87,1.0,<Residue ARG het=  resseq=115 icode= >,1k78_A_B,2.25
749,35.172,ARG, ,NH1,55.38,3.80,13.32,1.62,1.0,<Residue ARG het=  resseq=115 icode= >,1k78_A_B,2.25
750,26.513,ARG, ,NH2,59.22,2.91,19.125,1.52,1.0,<Residue ARG het=  resseq=115 icode= >,1k78_A_B,2.25
751,0.0,ASP, ,N,49.35,8.20,0.0,2.97,1.0,<Residue ASP het=  resseq=116 icode= >,1k78_A_B,2.25
752,0.669,ASP, ,CA,50.88,8.35,0.0,2.86,1.0,<Residue ASP het=  resseq=116 icode= >,1k78_A_B,2.25
753,0.577,ASP, ,C,49.2,9.84,0.0,2.94,1.0,<Residue ASP het=  resseq=116 icode= >,1k78_A_B,2.25
754,2.26,ASP, ,O,47.06,10.39,0.0,2.34,1.0,<Residue ASP het=  resseq=116 icode= >,1k78_A_B,2.25
755,22.552,ASP, ,CB,52.88,7.69,0.0,1.76,1.0,<Residue ASP het=  resseq=116 icode= >,1k78_A_B,2.25
756,7.932,ASP, ,CG,54.33,6.18,0.0,2.92,1.0,<Residue ASP het=  resseq=116 icode= >,1k78_A_B,2.25
757,13.982,ASP, ,OD1,57.87,5.71,0.0,1.77,1.0,<Residue ASP het=  resseq=116 icode= >,1k78_A_B,2.25
758,7.984,ASP, ,OD2,54.38,5.68,0.0,2.01,1.0,<Residue ASP het=  resseq=116 icode= >,1k78_A_B,2.25
759,0.187,ARG, ,N,47.39,10.64,0.0,2.46,1.0,<Residue ARG het=  resseq=117 icode= >,1k78_A_B,2.25
760,1.66,ARG, ,CA,47.31,12.06,0.0,3.05,1.0,<Residue ARG het=  resseq=117 icode= >,1k78_A_B,2.25
761,0.0,ARG, ,C,49.95,12.79,0.0,3.35,1.0,<Residue ARG het=  resseq=117 icode= >,1k78_A_B,2.25
762,0.0,ARG, ,O,49.63,13.83,0.0,2.09,1.0,<Residue ARG het=  resseq=117 icode= >,1k78_A_B,2.25
763,2.305,ARG, ,CB,46.0,12.85,0.0,2.39,1.0,<Residue ARG het=  resseq=117 icode= >,1k78_A_B,2.25
764,18.464,ARG, ,CG,54.84,13.96,0.0,1.09,1.0,<Residue ARG het=  resseq=117 icode= >,1k78_A_B,2.25
765,1.454,ARG, ,CD,56.62,14.26,0.0,1.44,1.0,<Residue ARG het=  resseq=117 icode= >,1k78_A_B,2.25
766,3.331,ARG, ,NE,60.48,13.70,0.0,1.75,1.0,<Residue ARG het=  resseq=117 icode= >,1k78_A_B,2.25
767,4.319,ARG, ,CZ,59.81,14.31,0.0,2.52,1.0,<Residue ARG het=  resseq=117 icode= >,1k78_A_B,2.25
768,15.438,ARG, ,NH1,63.57,15.42,0.0,0.82,1.0,<Residue ARG het=  resseq=117 icode= >,1k78_A_B,2.25
769,9.793,ARG, ,NH2,62.83,13.91,0.0,1.22,1.0,<Residue ARG het=  resseq=117 icode= >,1k78_A_B,2.25
770,0.0,LEU, ,N,50.18,12.40,0.0,2.42,1.0,<Residue LEU het=  resseq=118 icode= >,1k78_A_B,2.25
771,0.0,LEU, ,CA,52.55,13.11,0.0,2.20,1.0,<Residue LEU het=  resseq=118 icode= >,1k78_A_B,2.25
772,0.0,LEU, ,C,53.14,13.26,0.0,2.89,1.0,<Residue LEU het=  resseq=118 icode= >,1k78_A_B,2.25
773,0.0,LEU, ,O,51.21,13.78,0.0,2.03,1.0,<Residue LEU het=  resseq=118 icode= >,1k78_A_B,2.25
774,0.0,LEU, ,CB,50.09,11.61,0.0,2.18,1.0,<Residue LEU het=  resseq=118 icode= >,1k78_A_B,2.25
775,0.0,LEU, ,CG,50.04,11.34,0.0,2.64,1.0,<Residue LEU het=  resseq=118 icode= >,1k78_A_B,2.25
776,0.0,LEU, ,CD1,50.95,9.86,0.0,1.68,1.0,<Residue LEU het=  resseq=118 icode= >,1k78_A_B,2.25
777,0.0,LEU, ,CD2,48.48,12.12,0.0,1.34,1.0,<Residue LEU het=  resseq=118 icode= >,1k78_A_B,2.25
778,0.0,LEU, ,N,52.21,12.14,0.0,2.58,1.0,<Residue LEU het=  resseq=119 icode= >,1k78_A_B,2.25
779,0.4,LEU, ,CA,57.52,12.26,0.0,2.51,1.0,<Residue LEU het=  resseq=119 icode= >,1k78_A_B,2.25
780,1.826,LEU, ,C,59.67,13.01,0.0,2.50,1.0,<Residue LEU het=  resseq=119 icode= >,1k78_A_B,2.25
781,6.417,LEU, ,O,63.49,14.08,0.0,1.01,1.0,<Residue LEU het=  resseq=119 icode= >,1k78_A_B,2.25
782,14.345,LEU, ,CB,53.56,10.94,0.0,2.10,1.0,<Residue LEU het=  resseq=119 icode= >,1k78_A_B,2.25
783,0.0,LEU, ,CG,56.79,10.28,0.0,1.66,1.0,<Residue LEU het=  resseq=119 icode= >,1k78_A_B,2.25
784,23.825,LEU, ,CD1,53.28,8.92,0.0,1.08,1.0,<Residue LEU het=  resseq=119 icode= >,1k78_A_B,2.25
785,4.241,LEU, ,CD2,54.62,11.09,0.0,0.85,1.0,<Residue LEU het=  resseq=119 icode= >,1k78_A_B,2.25
786,0.752,ALA, ,N,59.6,12.58,0.0,1.96,1.0,<Residue ALA het=  resseq=120 icode= >,1k78_A_B,2.25
787,13.848,ALA, ,CA,62.29,13.42,0.0,2.41,1.0,<Residue ALA het=  resseq=120 icode= >,1k78_A_B,2.25
788,0.246,ALA, ,C,64.81,14.88,0.0,2.14,1.0,<Residue ALA het=  resseq=120 icode= >,1k78_A_B,2.25
789,27.643,ALA, ,O,66.29,15.78,0.0,0.88,1.0,<Residue ALA het=  resseq=120 icode= >,1k78_A_B,2.25
790,43.094,ALA, ,CB,63.08,12.98,0.0,0.89,1.0,<Residue ALA het=  resseq=120 icode= >,1k78_A_B,2.25
791,0.0,GLU, ,N,65.43,15.21,0.0,2.03,1.0,<Residue GLU het=  resseq=121 icode= >,1k78_A_B,2.25
792,7.091,GLU, ,CA,69.25,16.63,0.0,2.07,1.0,<Residue GLU het=  resseq=121 icode= >,1k78_A_B,2.25
793,0.633,GLU, ,C,71.12,17.17,0.0,2.76,1.0,<Residue GLU het=  resseq=121 icode= >,1k78_A_B,2.25
794,20.388,GLU, ,O,72.49,18.07,0.0,1.15,1.0,<Residue GLU het=  resseq=121 icode= >,1k78_A_B,2.25
795,8.379,GLU, ,CB,68.64,16.97,0.0,1.24,1.0,<Residue GLU het=  resseq=121 icode= >,1k78_A_B,2.25
796,10.813,GLU, ,CG,68.72,16.59,0.0,1.27,1.0,<Residue GLU het=  resseq=121 icode= >,1k78_A_B,2.25
797,6.52,GLU, ,CD,69.68,17.28,0.0,2.43,1.0,<Residue GLU het=  resseq=121 icode= >,1k78_A_B,2.25
798,4.127,GLU, ,OE1,67.55,17.04,0.0,2.06,1.0,<Residue GLU het=  resseq=121 icode= >,1k78_A_B,2.25
799,22.404,GLU, ,OE2,68.36,17.45,0.0,1.78,1.0,<Residue GLU het=  resseq=121 icode= >,1k78_A_B,2.25
800,0.0,ARG, ,N,73.82,16.34,0.0,2.22,1.0,<Residue ARG het=  resseq=122 icode= >,1k78_A_B,2.25
801,0.055,ARG, ,CA,76.38,15.85,0.0,1.69,1.0,<Residue ARG het=  resseq=122 icode= >,1k78_A_B,2.25
802,0.372,ARG, ,C,76.83,15.30,0.0,2.05,1.0,<Residue ARG het=  resseq=122 icode= >,1k78_A_B,2.25
803,24.108,ARG, ,O,78.42,15.62,0.0,1.13,1.0,<Residue ARG het=  resseq=122 icode= >,1k78_A_B,2.25
804,15.871,ARG, ,CB,77.97,17.02,0.0,1.45,1.0,<Residue ARG het=  resseq=122 icode= >,1k78_A_B,2.25
805,12.179,ARG, ,CG,82.61,17.56,0.0,1.36,1.0,<Residue ARG het=  resseq=122 icode= >,1k78_A_B,2.25
806,26.885,ARG, ,CD,89.8,18.77,0.0,0.64,1.0,<Residue ARG het=  resseq=122 icode= >,1k78_A_B,2.25
807,15.593,ARG, ,NE,95.42,18.54,0.0,0.77,1.0,<Residue ARG het=  resseq=122 icode= >,1k78_A_B,2.25
808,8.754,ARG, ,CZ,97.81,19.51,0.0,0.71,1.0,<Residue ARG het=  resseq=122 icode= >,1k78_A_B,2.25
809,50.621,ARG, ,NH1,98.74,20.73,0.0,0.16,1.0,<Residue ARG het=  resseq=122 icode= >,1k78_A_B,2.25
810,59.488,ARG, ,NH2,97.19,19.36,0.0,0.99,1.0,<Residue ARG het=  resseq=122 icode= >,1k78_A_B,2.25
811,0.0,VAL, ,N,74.94,14.61,0.0,1.92,1.0,<Residue VAL het=  resseq=123 icode= >,1k78_A_B,2.25
812,5.594,VAL, ,CA,72.47,14.03,0.0,2.89,1.0,<Residue VAL het=  resseq=123 icode= >,1k78_A_B,2.25
813,1.276,VAL, ,C,71.02,12.84,0.0,3.67,1.0,<Residue VAL het=  resseq=123 icode= >,1k78_A_B,2.25
814,4.44,VAL, ,O,71.5,12.13,0.0,1.63,1.0,<Residue VAL het=  resseq=123 icode= >,1k78_A_B,2.25
815,0.0,VAL, ,CB,73.2,13.60,0.0,2.24,1.0,<Residue VAL het=  resseq=123 icode= >,1k78_A_B,2.25
816,2.494,VAL, ,CG1,72.8,12.60,0.0,0.91,1.0,<Residue VAL het=  resseq=123 icode= >,1k78_A_B,2.25
817,9.073,VAL, ,CG2,72.12,14.87,0.0,0.98,1.0,<Residue VAL het=  resseq=123 icode= >,1k78_A_B,2.25
818,0.0,CYS, ,N,71.44,12.27,0.0,2.83,1.0,<Residue CYS het=  resseq=124 icode= >,1k78_A_B,2.25
819,1.091,CYS, ,CA,75.52,11.06,0.0,1.67,1.0,<Residue CYS het=  resseq=124 icode= >,1k78_A_B,2.25
820,0.87,CYS, ,C,78.07,11.30,0.0,1.95,1.0,<Residue CYS het=  resseq=124 icode= >,1k78_A_B,2.25
821,6.673,CYS, ,O,77.88,12.21,0.0,1.68,1.0,<Residue CYS het=  resseq=124 icode= >,1k78_A_B,2.25
822,0.0,CYS, ,CB,74.6,9.86,0.0,1.57,1.0,<Residue CYS het=  resseq=124 icode= >,1k78_A_B,2.25
823,0.0,CYS, ,SG,78.2,9.60,0.0,2.13,1.0,<Residue CYS het=  resseq=124 icode= >,1k78_A_B,2.25
824,0.0,ASP, ,N,80.5,10.66,0.0,1.04,1.0,<Residue ASP het=  resseq=125 icode= >,1k78_A_B,2.25
825,7.669,ASP, ,CA,81.59,11.03,0.0,1.26,1.0,<Residue ASP het=  resseq=125 icode= >,1k78_A_B,2.25
826,0.0,ASP, ,C,80.25,10.00,0.0,2.07,1.0,<Residue ASP het=  resseq=125 icode= >,1k78_A_B,2.25
827,0.0,ASP, ,O,78.16,9.05,0.0,1.18,1.0,<Residue ASP het=  resseq=125 icode= >,1k78_A_B,2.25
828,8.76,ASP, ,CB,83.54,11.20,0.0,1.24,1.0,<Residue ASP het=  resseq=125 icode= >,1k78_A_B,2.25
829,11.271,ASP, ,CG,88.05,12.31,0.0,0.95,1.0,<Residue ASP het=  resseq=125 icode= >,1k78_A_B,2.25
830,22.002,ASP, ,OD1,90.35,12.33,0.0,0.25,1.0,<Residue ASP het=  resseq=125 icode= >,1k78_A_B,2.25
831,41.679,ASP, ,OD2,87.38,13.28,0.0,0.45,1.0,<Residue ASP het=  resseq=125 icode= >,1k78_A_B,2.25
832,4.832,ASN, ,N,80.29,10.33,0.0,2.01,1.0,<Residue ASN het=  resseq=126 icode= >,1k78_A_B,2.25
833,0.0,ASN, ,CA,81.22,9.61,0.0,2.05,1.0,<Residue ASN het=  resseq=126 icode= >,1k78_A_B,2.25
834,0.0,ASN, ,C,81.29,8.39,0.0,1.87,1.0,<Residue ASN het=  resseq=126 icode= >,1k78_A_B,2.25
835,22.105,ASN, ,O,80.08,7.76,0.0,0.88,1.0,<Residue ASN het=  resseq=126 icode= >,1k78_A_B,2.25
836,23.918,ASN, ,CB,83.02,10.63,0.0,1.29,1.0,<Residue ASN het=  resseq=126 icode= >,1k78_A_B,2.25
837,5.39,ASN, ,CG,85.98,11.33,0.0,1.16,1.0,<Residue ASN het=  resseq=126 icode= >,1k78_A_B,2.25
838,20.964,ASN, ,OD1,86.25,10.15,0.0,0.74,1.0,<Residue ASN het=  resseq=126 icode= >,1k78_A_B,2.25
839,55.869,ASN, ,ND2,87.57,11.87,0.0,0.43,1.0,<Residue ASN het=  resseq=126 icode= >,1k78_A_B,2.25
840,0.0,ASP, ,N,80.38,8.28,0.0,2.00,1.0,<Residue ASP het=  resseq=127 icode= >,1k78_A_B,2.25
841,5.899,ASP, ,CA,79.84,7.38,0.0,1.84,1.0,<Residue ASP het=  resseq=127 icode= >,1k78_A_B,2.25
842,1.576,ASP, ,C,78.82,6.53,0.0,2.01,1.0,<Residue ASP het=  resseq=127 icode= >,1k78_A_B,2.25
843,22.354,ASP, ,O,79.33,5.46,0.442,1.05,1.0,<Residue ASP het=  resseq=127 icode= >,1k78_A_B,2.25
844,26.715,ASP, ,CB,82.55,8.37,0.0,0.81,1.0,<Residue ASP het=  resseq=127 icode= >,1k78_A_B,2.25
845,8.785,ASP, ,CG,84.92,9.45,0.0,1.31,1.0,<Residue ASP het=  resseq=127 icode= >,1k78_A_B,2.25
846,34.873,ASP, ,OD1,81.97,9.27,0.0,1.50,1.0,<Residue ASP het=  resseq=127 icode= >,1k78_A_B,2.25
847,32.934,ASP, ,OD2,87.15,10.62,0.0,0.52,1.0,<Residue ASP het=  resseq=127 icode= >,1k78_A_B,2.25
848,0.0,THR, ,N,76.26,7.25,0.0,1.61,1.0,<Residue THR het=  resseq=128 icode= >,1k78_A_B,2.25
849,4.737,THR, ,CA,73.79,7.03,0.0,1.61,1.0,<Residue THR het=  resseq=128 icode= >,1k78_A_B,2.25
850,0.0,THR, ,C,69.96,6.39,0.0,2.48,1.0,<Residue THR het=  resseq=128 icode= >,1k78_A_B,2.25
851,0.0,THR, ,O,69.35,5.86,0.0,1.69,1.0,<Residue THR het=  resseq=128 icode= >,1k78_A_B,2.25
852,0.0,THR, ,CB,74.39,8.46,0.0,1.59,1.0,<Residue THR het=  resseq=128 icode= >,1k78_A_B,2.25
853,21.876,THR, ,OG1,76.56,9.25,0.0,0.97,1.0,<Residue THR het=  resseq=128 icode= >,1k78_A_B,2.25
854,13.931,THR, ,CG2,77.99,8.62,0.0,-0.52,1.0,<Residue THR het=  resseq=128 icode= >,1k78_A_B,2.25
855,0.0,VAL, ,N,68.29,6.80,0.0,0.83,1.0,<Residue VAL het=  resseq=129 icode= >,1k78_A_B,2.25
856,0.0,VAL, ,CA,61.9,6.75,0.0,1.89,1.0,<Residue VAL het=  resseq=129 icode= >,1k78_A_B,2.25
857,0.0,VAL, ,C,59.67,5.46,0.0,2.72,1.0,<Residue VAL het=  resseq=129 icode= >,1k78_A_B,2.25
858,9.978,VAL, ,O,58.53,4.54,3.122,1.85,1.0,<Residue VAL het=  resseq=129 icode= >,1k78_A_B,2.25
859,0.0,VAL, ,CB,60.47,7.58,0.0,2.44,1.0,<Residue VAL het=  resseq=129 icode= >,1k78_A_B,2.25
860,16.303,VAL, ,CG1,59.48,7.05,0.0,1.29,1.0,<Residue VAL het=  resseq=129 icode= >,1k78_A_B,2.25
861,0.0,VAL, ,CG2,60.42,8.10,0.0,1.09,1.0,<Residue VAL het=  resseq=129 icode= >,1k78_A_B,2.25
862,0.0,PRO, ,N,56.64,5.48,0.0,3.48,1.0,<Residue PRO het=  resseq=130 icode= >,1k78_A_B,2.25
863,0.091,PRO, ,CA,55.77,4.20,0.091,3.01,1.0,<Residue PRO het=  resseq=130 icode= >,1k78_A_B,2.25
864,0.047,PRO, ,C,56.06,4.11,0.0,3.06,1.0,<Residue PRO het=  resseq=130 icode= >,1k78_A_B,2.25
865,0.572,PRO, ,O,53.55,5.26,0.0,2.03,1.0,<Residue PRO het=  resseq=130 icode= >,1k78_A_B,2.25
866,0.0,PRO, ,CB,58.64,4.84,0.0,2.01,1.0,<Residue PRO het=  resseq=130 icode= >,1k78_A_B,2.25
867,0.0,PRO, ,CG,61.75,5.99,0.0,1.23,1.0,<Residue PRO het=  resseq=130 icode= >,1k78_A_B,2.25
868,0.0,PRO, ,CD,55.55,6.53,0.0,2.60,1.0,<Residue PRO het=  resseq=130 icode= >,1k78_A_B,2.25
869,4.218,SER, ,N,51.54,3.11,4.041,2.84,1.0,<Residue SER het=  resseq=131 icode= >,1k78_A_B,2.25
870,10.16,SER, ,CA,47.97,3.82,0.0,2.56,1.0,<Residue SER het=  resseq=131 icode= >,1k78_A_B,2.25
871,0.0,SER, ,C,46.85,4.78,0.0,3.41,1.0,<Residue SER het=  resseq=131 icode= >,1k78_A_B,2.25
872,0.0,SER, ,O,42.67,4.87,0.0,2.90,1.0,<Residue SER het=  resseq=131 icode= >,1k78_A_B,2.25
873,43.048,SER, ,CB,46.84,3.32,34.442,1.91,1.0,<Residue SER het=  resseq=131 icode= >,1k78_A_B,2.25
874,5.581,SER, ,OG,43.2,3.01,5.581,2.25,1.0,<Residue SER het=  resseq=131 icode= >,1k78_A_B,2.25
875,3.591,VAL, ,N,42.73,5.86,0.0,3.08,1.0,<Residue VAL het=  resseq=132 icode= >,1k78_A_B,2.25
876,0.0,VAL, ,CA,47.74,5.67,0.0,2.49,1.0,<Residue VAL het=  resseq=132 icode= >,1k78_A_B,2.25
877,0.0,VAL, ,C,45.69,6.55,0.0,3.61,1.0,<Residue VAL het=  resseq=132 icode= >,1k78_A_B,2.25
878,0.0,VAL, ,O,43.25,6.25,0.0,2.67,1.0,<Residue VAL het=  resseq=132 icode= >,1k78_A_B,2.25
879,10.35,VAL, ,CB,48.9,4.16,0.826,2.11,1.0,<Residue VAL het=  resseq=132 icode= >,1k78_A_B,2.25
880,27.33,VAL, ,CG1,48.36,4.04,12.757,1.49,1.0,<Residue VAL het=  resseq=132 icode= >,1k78_A_B,2.25
881,18.712,VAL, ,CG2,48.84,3.55,10.724,1.14,1.0,<Residue VAL het=  resseq=132 icode= >,1k78_A_B,2.25
882,1.709,SER, ,N,45.0,5.42,0.0,2.74,1.0,<Residue SER het=  resseq=133 icode= >,1k78_A_B,2.25
883,7.427,SER, ,CA,46.48,4.93,2.363,2.75,1.0,<Residue SER het=  resseq=133 icode= >,1k78_A_B,2.25
884,0.009,SER, ,C,42.69,4.94,0.0,3.77,1.0,<Residue SER het=  resseq=133 icode= >,1k78_A_B,2.25
885,2.114,SER, ,O,42.65,5.63,0.0,2.60,1.0,<Residue SER het=  resseq=133 icode= >,1k78_A_B,2.25
886,31.227,SER, ,CB,47.28,3.61,25.107,2.21,1.0,<Residue SER het=  resseq=133 icode= >,1k78_A_B,2.25
887,39.39,SER, ,OG,53.44,2.79,36.191,1.46,1.0,<Residue SER het=  resseq=133 icode= >,1k78_A_B,2.25
888,0.0,SER, ,N,42.21,4.66,0.0,3.08,1.0,<Residue SER het=  resseq=134 icode= >,1k78_A_B,2.25
889,0.0,SER, ,CA,43.87,4.76,0.0,3.02,1.0,<Residue SER het=  resseq=134 icode= >,1k78_A_B,2.25
890,0.0,SER, ,C,43.05,5.88,0.0,4.16,1.0,<Residue SER het=  resseq=134 icode= >,1k78_A_B,2.25
891,0.0,SER, ,O,44.17,6.15,0.0,2.43,1.0,<Residue SER het=  resseq=134 icode= >,1k78_A_B,2.25
892,0.468,SER, ,CB,49.51,3.47,0.468,2.01,1.0,<Residue SER het=  resseq=134 icode= >,1k78_A_B,2.25
893,11.155,SER, ,OG,53.0,2.60,11.155,1.54,1.0,<Residue SER het=  resseq=134 icode= >,1k78_A_B,2.25
894,0.0,ILE, ,N,40.49,6.14,0.0,3.29,1.0,<Residue ILE het=  resseq=135 icode= >,1k78_A_B,2.25
895,0.0,ILE, ,CA,40.47,7.43,0.0,2.87,1.0,<Residue ILE het=  resseq=135 icode= >,1k78_A_B,2.25
896,0.0,ILE, ,C,42.23,6.93,0.0,3.51,1.0,<Residue ILE het=  resseq=135 icode= >,1k78_A_B,2.25
897,0.0,ILE, ,O,41.05,6.94,0.0,2.92,1.0,<Residue ILE het=  resseq=135 icode= >,1k78_A_B,2.25
898,0.0,ILE, ,CB,41.24,7.49,0.0,2.85,1.0,<Residue ILE het=  resseq=135 icode= >,1k78_A_B,2.25
899,0.0,ILE, ,CG1,40.33,7.22,0.0,2.46,1.0,<Residue ILE het=  resseq=135 icode= >,1k78_A_B,2.25
900,0.0,ILE, ,CG2,40.05,7.07,0.0,1.75,1.0,<Residue ILE het=  resseq=135 icode= >,1k78_A_B,2.25
901,0.0,ILE, ,CD1,40.69,7.90,0.0,2.32,1.0,<Residue ILE het=  resseq=135 icode= >,1k78_A_B,2.25
902,0.0,ASN, ,N,41.27,5.92,0.0,3.21,1.0,<Residue ASN het=  resseq=136 icode= >,1k78_A_B,2.25
903,0.05,ASN, ,CA,46.49,4.53,0.05,3.01,1.0,<Residue ASN het=  resseq=136 icode= >,1k78_A_B,2.25
904,0.0,ASN, ,C,47.26,4.46,0.0,2.91,1.0,<Residue ASN het=  resseq=136 icode= >,1k78_A_B,2.25
905,0.751,ASN, ,O,43.74,4.17,0.75,2.20,1.0,<Residue ASN het=  resseq=136 icode= >,1k78_A_B,2.25
906,17.043,ASN, ,CB,45.21,3.73,14.984,2.88,1.0,<Residue ASN het=  resseq=136 icode= >,1k78_A_B,2.25
907,5.286,ASN, ,CG,50.57,3.92,5.286,3.24,1.0,<Residue ASN het=  resseq=136 icode= >,1k78_A_B,2.25
908,22.748,ASN, ,OD1,55.82,3.64,17.084,1.75,1.0,<Residue ASN het=  resseq=136 icode= >,1k78_A_B,2.25
909,23.273,ASN, ,ND2,51.57,3.45,21.855,1.88,1.0,<Residue ASN het=  resseq=136 icode= >,1k78_A_B,2.25
910,0.0,ARG, ,N,44.7,5.24,0.0,2.60,1.0,<Residue ARG het=  resseq=137 icode= >,1k78_A_B,2.25
911,0.0,ARG, ,CA,44.27,5.83,0.0,2.64,1.0,<Residue ARG het=  resseq=137 icode= >,1k78_A_B,2.25
912,0.0,ARG, ,C,43.86,6.62,0.0,3.10,1.0,<Residue ARG het=  resseq=137 icode= >,1k78_A_B,2.25
913,0.0,ARG, ,O,43.14,6.85,0.0,2.27,1.0,<Residue ARG het=  resseq=137 icode= >,1k78_A_B,2.25
914,1.107,ARG, ,CB,42.28,6.20,0.0,2.64,1.0,<Residue ARG het=  resseq=137 icode= >,1k78_A_B,2.25
915,5.634,ARG, ,CG,45.91,5.36,0.0,2.38,1.0,<Residue ARG het=  resseq=137 icode= >,1k78_A_B,2.25
916,35.256,ARG, ,CD,49.6,3.91,11.023,2.08,1.0,<Residue ARG het=  resseq=137 icode= >,1k78_A_B,2.25
917,12.89,ARG, ,NE,53.25,3.40,11.856,2.21,1.0,<Residue ARG het=  resseq=137 icode= >,1k78_A_B,2.25
918,4.372,ARG, ,CZ,52.72,3.67,4.372,3.10,1.0,<Residue ARG het=  resseq=137 icode= >,1k78_A_B,2.25
919,29.043,ARG, ,NH1,48.93,3.38,15.157,1.98,1.0,<Residue ARG het=  resseq=137 icode= >,1k78_A_B,2.25
920,29.005,ARG, ,NH2,55.04,3.45,29.005,1.31,1.0,<Residue ARG het=  resseq=137 icode= >,1k78_A_B,2.25
921,0.0,ILE, ,N,45.0,6.99,0.0,2.05,1.0,<Residue ILE het=  resseq=138 icode= >,1k78_A_B,2.25
922,4.011,ILE, ,CA,48.92,7.08,0.0,2.68,1.0,<Residue ILE het=  resseq=138 icode= >,1k78_A_B,2.25
923,0.0,ILE, ,C,52.32,7.90,0.0,3.05,1.0,<Residue ILE het=  resseq=138 icode= >,1k78_A_B,2.25
924,0.0,ILE, ,O,52.96,8.57,0.0,2.41,1.0,<Residue ILE het=  resseq=138 icode= >,1k78_A_B,2.25
925,0.0,ILE, ,CB,47.75,6.79,0.0,2.95,1.0,<Residue ILE het=  resseq=138 icode= >,1k78_A_B,2.25
926,4.391,ILE, ,CG1,47.79,5.34,0.002,2.11,1.0,<Residue ILE het=  resseq=138 icode= >,1k78_A_B,2.25
927,3.622,ILE, ,CG2,48.49,7.56,0.0,1.48,1.0,<Residue ILE het=  resseq=138 icode= >,1k78_A_B,2.25
928,0.0,ILE, ,CD1,43.66,5.45,0.0,1.55,1.0,<Residue ILE het=  resseq=138 icode= >,1k78_A_B,2.25
929,0.0,ILE, ,N,53.5,7.00,0.0,2.17,1.0,<Residue ILE het=  resseq=139 icode= >,1k78_A_B,2.25
930,4.079,ILE, ,CA,59.33,6.82,0.0,2.06,1.0,<Residue ILE het=  resseq=139 icode= >,1k78_A_B,2.25
931,0.0,ILE, ,C,61.41,6.56,0.0,3.02,1.0,<Residue ILE het=  resseq=139 icode= >,1k78_A_B,2.25
932,15.345,ILE, ,O,59.86,7.46,0.0,2.06,1.0,<Residue ILE het=  resseq=139 icode= >,1k78_A_B,2.25
933,0.638,ILE, ,CB,59.82,5.90,0.254,1.59,1.0,<Residue ILE het=  resseq=139 icode= >,1k78_A_B,2.25
934,0.844,ILE, ,CG1,58.68,6.60,0.0,1.95,1.0,<Residue ILE het=  resseq=139 icode= >,1k78_A_B,2.25
935,31.935,ILE, ,CG2,54.6,6.16,0.0,1.39,1.0,<Residue ILE het=  resseq=139 icode= >,1k78_A_B,2.25
936,2.328,ILE, ,CD1,61.71,7.37,0.0,0.66,1.0,<Residue ILE het=  resseq=139 icode= >,1k78_A_B,2.25
937,0.0,ARG, ,N,65.58,5.58,0.0,2.02,1.0,<Residue ARG het=  resseq=140 icode= >,1k78_A_B,2.25
938,5.921,ARG, ,CA,71.76,5.63,0.0,1.48,1.0,<Residue ARG het=  resseq=140 icode= >,1k78_A_B,2.25
939,1.183,ARG, ,C,72.72,6.89,0.0,2.42,1.0,<Residue ARG het=  resseq=140 icode= >,1k78_A_B,2.25
940,25.871,ARG, ,O,70.25,7.22,0.0,2.05,1.0,<Residue ARG het=  resseq=140 icode= >,1k78_A_B,2.25
941,1.656,ARG, ,CB,72.74,4.74,0.0,0.89,1.0,<Residue ARG het=  resseq=140 icode= >,1k78_A_B,2.25
942,32.142,ARG, ,CG,75.55,3.46,14.832,0.80,1.0,<Residue ARG het=  resseq=140 icode= >,1k78_A_B,2.25
943,32.749,ARG, ,CD,74.91,3.57,16.329,1.12,1.0,<Residue ARG het=  resseq=140 icode= >,1k78_A_B,2.25
944,6.162,ARG, ,NE,77.65,3.70,6.162,1.25,1.0,<Residue ARG het=  resseq=140 icode= >,1k78_A_B,2.25
945,4.672,ARG, ,CZ,78.96,4.02,4.526,1.28,1.0,<Residue ARG het=  resseq=140 icode= >,1k78_A_B,2.25
946,49.678,ARG, ,NH1,82.17,3.28,17.89,-0.15,1.0,<Residue ARG het=  resseq=140 icode= >,1k78_A_B,2.25
947,29.086,ARG, ,NH2,74.34,4.59,12.305,1.54,1.0,<Residue ARG het=  resseq=140 icode= >,1k78_A_B,2.25
948,0.0,THR, ,N,77.3,7.62,0.0,1.81,1.0,<Residue THR het=  resseq=141 icode= >,1k78_A_B,2.25
949,7.657,THR, ,CA,84.1,8.69,0.0,1.71,1.0,<Residue THR het=  resseq=141 icode= >,1k78_A_B,2.25
950,2.49,THR, ,C,86.96,9.14,0.0,1.93,1.0,<Residue THR het=  resseq=141 icode= >,1k78_A_B,2.25
951,17.837,THR, ,O,88.92,9.93,0.0,0.61,1.0,<Residue THR het=  resseq=141 icode= >,1k78_A_B,2.25
952,6.021,THR, ,CB,84.92,7.21,0.0,1.73,1.0,<Residue THR het=  resseq=141 icode= >,1k78_A_B,2.25
953,15.861,THR, ,OG1,85.48,7.17,0.0,0.91,1.0,<Residue THR het=  resseq=141 icode= >,1k78_A_B,2.25
954,60.001,THR, ,CG2,88.72,6.46,0.0,-0.59,1.0,<Residue THR het=  resseq=141 icode= >,1k78_A_B,2.25
955,0.423,LYS, ,N,90.46,8.46,0.0,1.93,1.0,<Residue LYS het=  resseq=142 icode= >,1k78_A_B,2.25
956,8.016,LYS, ,CA,95.25,9.28,0.0,1.14,1.0,<Residue LYS het=  resseq=142 icode= >,1k78_A_B,2.25
957,15.402,LYS, ,C,97.42,10.55,0.0,0.77,1.0,<Residue LYS het=  resseq=142 icode= >,1k78_A_B,2.25
958,3.622,LYS, ,O,100.12,10.10,0.0,-0.11,1.0,<Residue LYS het=  resseq=142 icode= >,1k78_A_B,2.25
959,25.304,LYS, ,CB,96.42,8.70,0.0,0.65,1.0,<Residue LYS het=  resseq=142 icode= >,1k78_A_B,2.25
960,9.992,LYS, ,CG,99.24,9.61,0.0,0.30,1.0,<Residue LYS het=  resseq=142 icode= >,1k78_A_B,2.25
961,26.789,LYS, ,CD,101.77,10.55,0.0,-0.12,1.0,<Residue LYS het=  resseq=142 icode= >,1k78_A_B,2.25
962,32.024,LYS, ,CE,103.61,11.98,0.0,-0.83,1.0,<Residue LYS het=  resseq=142 icode= >,1k78_A_B,2.25
963,49.742,LYS, ,NZ,102.47,13.00,0.0,-0.46,1.0,<Residue LYS het=  resseq=142 icode= >,1k78_A_B,2.25
