,ASA,aa,altloc,atom,bfac,d2r,dASA,dens,occ,residue,id,resolu
0,41.434,ASP, ,N,47.36,1000.00,4.14,-0.11,1.0,<Residue ASP het=  resseq=228 icode= >,1nh2_C_B,1.9
1,11.842,ASP, ,CA,45.62,1000.00,0.0,1.10,1.0,<Residue ASP het=  resseq=228 icode= >,1nh2_C_B,1.9
2,0.725,ASP, ,C,42.66,1000.00,0.0,2.65,1.0,<Residue ASP het=  resseq=228 icode= >,1nh2_C_B,1.9
3,27.597,ASP, ,O,43.96,1000.00,19.001,2.14,1.0,<Residue ASP het=  resseq=228 icode= >,1nh2_C_B,1.9
4,27.993,ASP, ,CB,47.4,1000.00,0.0,1.53,1.0,<Residue ASP het=  resseq=228 icode= >,1nh2_C_B,1.9
5,7.232,ASP, ,CG,50.81,1000.00,0.232,1.80,1.0,<Residue ASP het=  resseq=228 icode= >,1nh2_C_B,1.9
6,17.208,ASP, ,OD1,52.04,1000.00,14.737,1.51,1.0,<Residue ASP het=  resseq=228 icode= >,1nh2_C_B,1.9
7,32.901,ASP, ,OD2,52.7,1000.00,1.023,1.55,1.0,<Residue ASP het=  resseq=228 icode= >,1nh2_C_B,1.9
8,0.393,TYR, ,N,39.09,18.13,0.0,2.85,1.0,<Residue TYR het=  resseq=229 icode= >,1nh2_C_B,1.9
9,4.8,TYR, ,CA,35.68,17.14,3.415,2.21,1.0,<Residue TYR het=  resseq=229 icode= >,1nh2_C_B,1.9
10,3.033,TYR, ,C,33.78,17.54,3.033,3.01,1.0,<Residue TYR het=  resseq=229 icode= >,1nh2_C_B,1.9
11,25.016,TYR, ,O,30.19,16.77,24.375,3.52,1.0,<Residue TYR het=  resseq=229 icode= >,1nh2_C_B,1.9
12,21.207,TYR, ,CB,33.17,16.95,17.481,2.58,1.0,<Residue TYR het=  resseq=229 icode= >,1nh2_C_B,1.9
13,2.629,TYR, ,CG,36.5,16.80,2.432,2.10,1.0,<Residue TYR het=  resseq=229 icode= >,1nh2_C_B,1.9
14,16.352,TYR, ,CD1,37.34,17.97,0.482,1.24,1.0,<Residue TYR het=  resseq=229 icode= >,1nh2_C_B,1.9
15,25.491,TYR, ,CD2,35.04,15.58,18.904,2.51,1.0,<Residue TYR het=  resseq=229 icode= >,1nh2_C_B,1.9
16,28.146,TYR, ,CE1,37.69,18.01,0.0,1.97,1.0,<Residue TYR het=  resseq=229 icode= >,1nh2_C_B,1.9
17,33.917,TYR, ,CE2,36.42,15.61,15.838,2.88,1.0,<Residue TYR het=  resseq=229 icode= >,1nh2_C_B,1.9
18,9.053,TYR, ,CZ,37.56,16.87,0.0,2.46,1.0,<Residue TYR het=  resseq=229 icode= >,1nh2_C_B,1.9
19,42.899,TYR, ,OH,41.55,17.08,1.329,1.23,1.0,<Residue TYR het=  resseq=229 icode= >,1nh2_C_B,1.9
20,0.545,LEU, ,N,32.95,1000.00,0.0,3.32,1.0,<Residue LEU het=  resseq=230 icode= >,1nh2_C_B,1.9
21,1.163,LEU, ,CA,34.55,1000.00,1.163,2.69,1.0,<Residue LEU het=  resseq=230 icode= >,1nh2_C_B,1.9
22,2.167,LEU, ,C,36.07,1000.00,1.989,3.63,1.0,<Residue LEU het=  resseq=230 icode= >,1nh2_C_B,1.9
23,10.976,LEU, ,O,35.9,1000.00,8.538,2.72,1.0,<Residue LEU het=  resseq=230 icode= >,1nh2_C_B,1.9
24,12.191,LEU, ,CB,35.44,1000.00,1.032,2.22,1.0,<Residue LEU het=  resseq=230 icode= >,1nh2_C_B,1.9
25,5.478,LEU, ,CG,35.8,1000.00,1.913,2.79,1.0,<Residue LEU het=  resseq=230 icode= >,1nh2_C_B,1.9
26,67.366,LEU, ,CD1,39.29,1000.00,36.729,1.19,1.0,<Residue LEU het=  resseq=230 icode= >,1nh2_C_B,1.9
27,52.045,LEU, ,CD2,36.22,1000.00,51.663,1.86,1.0,<Residue LEU het=  resseq=230 icode= >,1nh2_C_B,1.9
28,4.274,ILE, ,N,37.02,1000.00,4.274,2.50,1.0,<Residue ILE het=  resseq=231 icode= >,1nh2_C_B,1.9
29,6.493,ILE, ,CA,39.38,1000.00,6.397,1.69,1.0,<Residue ILE het=  resseq=231 icode= >,1nh2_C_B,1.9
30,27.093,ILE, ,C,40.61,1000.00,1.7,1.87,1.0,<Residue ILE het=  resseq=231 icode= >,1nh2_C_B,1.9
31,31.692,ILE, ,O,42.42,1000.00,8.673,2.04,1.0,<Residue ILE het=  resseq=231 icode= >,1nh2_C_B,1.9
32,8.827,ILE, ,CB,38.6,1000.00,8.31,2.10,1.0,<Residue ILE het=  resseq=231 icode= >,1nh2_C_B,1.9
33,23.74,ILE, ,CG1,36.67,1000.00,22.184,2.58,1.0,<Residue ILE het=  resseq=231 icode= >,1nh2_C_B,1.9
34,54.615,ILE, ,CG2,40.22,1000.00,7.044,1.25,1.0,<Residue ILE het=  resseq=231 icode= >,1nh2_C_B,1.9
35,70.148,ILE, ,CD1,33.6,1000.00,41.469,2.20,1.0,<Residue ILE het=  resseq=231 icode= >,1nh2_C_B,1.9
36,50.94,GLU, ,N,37.13,1000.00,0.0,1.81,1.0,<Residue GLU het=  resseq=241 icode= >,1nh2_C_B,1.9
37,14.085,GLU, ,CA,33.96,1000.00,0.0,2.13,1.0,<Residue GLU het=  resseq=241 icode= >,1nh2_C_B,1.9
38,1.342,GLU, ,C,30.37,1000.00,0.0,3.17,1.0,<Residue GLU het=  resseq=241 icode= >,1nh2_C_B,1.9
39,11.339,GLU, ,O,31.23,1000.00,0.0,3.19,1.0,<Residue GLU het=  resseq=241 icode= >,1nh2_C_B,1.9
40,25.195,GLU, ,CB,38.75,1000.00,0.0,1.29,1.0,<Residue GLU het=  resseq=241 icode= >,1nh2_C_B,1.9
41,11.754,GLU, ,CG,43.25,1000.00,1.534,1.21,1.0,<Residue GLU het=  resseq=241 icode= >,1nh2_C_B,1.9
42,6.433,GLU, ,CD,46.39,1000.00,0.13,2.44,1.0,<Residue GLU het=  resseq=241 icode= >,1nh2_C_B,1.9
43,23.76,GLU, ,OE1,47.79,1000.00,1.78,1.83,1.0,<Residue GLU het=  resseq=241 icode= >,1nh2_C_B,1.9
44,38.727,GLU, ,OE2,48.73,1000.00,25.531,1.66,1.0,<Residue GLU het=  resseq=241 icode= >,1nh2_C_B,1.9
45,3.465,ASN, ,N,25.56,1000.00,1.317,3.77,1.0,<Residue ASN het=  resseq=242 icode= >,1nh2_C_B,1.9
46,0.0,ASN, ,CA,19.19,1000.00,0.0,3.17,1.0,<Residue ASN het=  resseq=242 icode= >,1nh2_C_B,1.9
47,1.674,ASN, ,C,17.52,1000.00,1.674,4.81,1.0,<Residue ASN het=  resseq=242 icode= >,1nh2_C_B,1.9
48,21.826,ASN, ,O,15.11,1000.00,21.134,5.35,1.0,<Residue ASN het=  resseq=242 icode= >,1nh2_C_B,1.9
49,16.927,ASN, ,CB,18.45,1000.00,16.927,3.15,1.0,<Residue ASN het=  resseq=242 icode= >,1nh2_C_B,1.9
50,0.926,ASN, ,CG,21.81,1000.00,0.333,3.58,1.0,<Residue ASN het=  resseq=242 icode= >,1nh2_C_B,1.9
51,5.067,ASN, ,OD1,21.5,1000.00,0.0,5.12,1.0,<Residue ASN het=  resseq=242 icode= >,1nh2_C_B,1.9
52,45.071,ASN, ,ND2,20.08,1000.00,24.239,3.64,1.0,<Residue ASN het=  resseq=242 icode= >,1nh2_C_B,1.9
53,0.0,LEU, ,N,14.99,1000.00,0.0,5.99,1.0,<Residue LEU het=  resseq=243 icode= >,1nh2_C_B,1.9
54,1.884,LEU, ,CA,15.6,1000.00,1.884,4.18,1.0,<Residue LEU het=  resseq=243 icode= >,1nh2_C_B,1.9
55,0.0,LEU, ,C,15.86,1000.00,0.0,4.56,1.0,<Residue LEU het=  resseq=243 icode= >,1nh2_C_B,1.9
56,3.89,LEU, ,O,13.78,1000.00,0.0,6.21,1.0,<Residue LEU het=  resseq=243 icode= >,1nh2_C_B,1.9
57,4.871,LEU, ,CB,16.09,1000.00,0.0,3.56,1.0,<Residue LEU het=  resseq=243 icode= >,1nh2_C_B,1.9
58,0.0,LEU, ,CG,18.01,1000.00,0.0,3.54,1.0,<Residue LEU het=  resseq=243 icode= >,1nh2_C_B,1.9
59,34.811,LEU, ,CD1,14.63,1000.00,34.811,3.99,1.0,<Residue LEU het=  resseq=243 icode= >,1nh2_C_B,1.9
60,37.038,LEU, ,CD2,20.52,1000.00,25.864,2.84,1.0,<Residue LEU het=  resseq=243 icode= >,1nh2_C_B,1.9
61,5.214,MET, ,N,14.41,1000.00,5.214,4.92,1.0,<Residue MET het=  resseq=244 icode= >,1nh2_C_B,1.9
62,0.0,MET, ,CA,14.54,1000.00,0.0,3.46,1.0,<Residue MET het=  resseq=244 icode= >,1nh2_C_B,1.9
63,0.0,MET, ,C,14.79,1000.00,0.0,4.84,1.0,<Residue MET het=  resseq=244 icode= >,1nh2_C_B,1.9
64,16.475,MET, ,O,14.1,1000.00,16.475,5.45,1.0,<Residue MET het=  resseq=244 icode= >,1nh2_C_B,1.9
65,13.917,MET, ,CB,14.37,1000.00,13.917,3.45,1.0,<Residue MET het=  resseq=244 icode= >,1nh2_C_B,1.9
66,1.109,MET, ,CG,15.1,1000.00,1.109,3.07,1.0,<Residue MET het=  resseq=244 icode= >,1nh2_C_B,1.9
67,9.314,MET, ,SD,16.31,1000.00,9.314,11.01,1.0,<Residue MET het=  resseq=244 icode= >,1nh2_C_B,1.9
68,28.941,MET, ,CE,16.17,1000.00,28.941,3.73,1.0,<Residue MET het=  resseq=244 icode= >,1nh2_C_B,1.9
69,0.0,LEU, ,N,15.09,1000.00,0.0,3.96,1.0,<Residue LEU het=  resseq=245 icode= >,1nh2_C_B,1.9
70,2.705,LEU, ,CA,14.7,1000.00,2.705,3.54,1.0,<Residue LEU het=  resseq=245 icode= >,1nh2_C_B,1.9
71,1.501,LEU, ,C,14.8,1000.00,1.501,4.99,1.0,<Residue LEU het=  resseq=245 icode= >,1nh2_C_B,1.9
72,2.088,LEU, ,O,13.05,1000.00,2.088,6.78,1.0,<Residue LEU het=  resseq=245 icode= >,1nh2_C_B,1.9
73,13.012,LEU, ,CB,14.93,1000.00,13.012,3.26,1.0,<Residue LEU het=  resseq=245 icode= >,1nh2_C_B,1.9
74,0.0,LEU, ,CG,16.37,1000.00,0.0,3.89,1.0,<Residue LEU het=  resseq=245 icode= >,1nh2_C_B,1.9
75,45.017,LEU, ,CD1,15.76,1000.00,43.777,3.24,1.0,<Residue LEU het=  resseq=245 icode= >,1nh2_C_B,1.9
76,38.652,LEU, ,CD2,15.75,1000.00,38.652,3.31,1.0,<Residue LEU het=  resseq=245 icode= >,1nh2_C_B,1.9
77,6.603,CYS, ,N,12.81,1000.00,6.603,5.05,1.0,<Residue CYS het=  resseq=246 icode= >,1nh2_C_B,1.9
78,3.75,CYS, ,CA,13.34,1000.00,3.75,3.78,1.0,<Residue CYS het=  resseq=246 icode= >,1nh2_C_B,1.9
79,1.076,CYS, ,C,14.61,1000.00,1.076,4.52,1.0,<Residue CYS het=  resseq=246 icode= >,1nh2_C_B,1.9
80,24.512,CYS, ,O,13.76,1000.00,24.512,5.83,1.0,<Residue CYS het=  resseq=246 icode= >,1nh2_C_B,1.9
81,0.0,CYS, ,CB,13.19,1000.00,0.0,3.31,1.0,<Residue CYS het=  resseq=246 icode= >,1nh2_C_B,1.9
82,13.588,CYS, ,SG,15.9,1000.00,13.588,10.36,1.0,<Residue CYS het=  resseq=246 icode= >,1nh2_C_B,1.9
83,0.0,LEU, ,N,14.34,1000.00,0.0,5.08,1.0,<Residue LEU het=  resseq=247 icode= >,1nh2_C_B,1.9
84,3.207,LEU, ,CA,15.45,1000.00,3.207,4.12,1.0,<Residue LEU het=  resseq=247 icode= >,1nh2_C_B,1.9
85,0.785,LEU, ,C,16.13,1000.00,0.785,5.00,1.0,<Residue LEU het=  resseq=247 icode= >,1nh2_C_B,1.9
86,0.0,LEU, ,O,16.52,1000.00,0.0,5.39,1.0,<Residue LEU het=  resseq=247 icode= >,1nh2_C_B,1.9
87,4.445,LEU, ,CB,16.03,1000.00,4.445,3.67,1.0,<Residue LEU het=  resseq=247 icode= >,1nh2_C_B,1.9
88,2.17,LEU, ,CG,16.2,1000.00,2.17,3.88,1.0,<Residue LEU het=  resseq=247 icode= >,1nh2_C_B,1.9
89,32.377,LEU, ,CD1,16.62,1000.00,11.274,3.47,1.0,<Residue LEU het=  resseq=247 icode= >,1nh2_C_B,1.9
90,54.601,LEU, ,CD2,16.37,1000.00,51.533,2.73,1.0,<Residue LEU het=  resseq=247 icode= >,1nh2_C_B,1.9
91,1.928,TYR, ,N,16.01,16.98,1.928,4.51,1.0,<Residue TYR het=  resseq=248 icode= >,1nh2_C_B,1.9
92,0.0,TYR, ,CA,14.95,15.53,0.0,3.52,1.0,<Residue TYR het=  resseq=248 icode= >,1nh2_C_B,1.9
93,0.0,TYR, ,C,17.54,15.29,0.0,4.98,1.0,<Residue TYR het=  resseq=248 icode= >,1nh2_C_B,1.9
94,16.059,TYR, ,O,18.11,16.07,15.762,5.72,1.0,<Residue TYR het=  resseq=248 icode= >,1nh2_C_B,1.9
95,3.714,TYR, ,CB,14.86,15.00,3.714,3.47,1.0,<Residue TYR het=  resseq=248 icode= >,1nh2_C_B,1.9
96,0.0,TYR, ,CG,16.38,14.99,0.0,4.10,1.0,<Residue TYR het=  resseq=248 icode= >,1nh2_C_B,1.9
97,0.059,TYR, ,CD1,16.55,14.19,0.0,3.37,1.0,<Residue TYR het=  resseq=248 icode= >,1nh2_C_B,1.9
98,21.938,TYR, ,CD2,14.95,15.17,21.938,3.47,1.0,<Residue TYR het=  resseq=248 icode= >,1nh2_C_B,1.9
99,29.802,TYR, ,CE1,16.27,13.58,14.26,4.01,1.0,<Residue TYR het=  resseq=248 icode= >,1nh2_C_B,1.9
100,34.651,TYR, ,CE2,16.31,14.60,34.651,3.51,1.0,<Residue TYR het=  resseq=248 icode= >,1nh2_C_B,1.9
101,9.965,TYR, ,CZ,16.7,13.81,9.965,4.51,1.0,<Residue TYR het=  resseq=248 icode= >,1nh2_C_B,1.9
102,43.067,TYR, ,OH,18.64,13.40,40.068,4.64,1.0,<Residue TYR het=  resseq=248 icode= >,1nh2_C_B,1.9
103,0.0,ASP, ,N,19.38,14.28,0.0,4.53,1.0,<Residue ASP het=  resseq=249 icode= >,1nh2_C_B,1.9
104,4.278,ASP, ,CA,21.81,14.05,2.819,3.64,1.0,<Residue ASP het=  resseq=249 icode= >,1nh2_C_B,1.9
105,0.0,ASP, ,C,23.63,12.76,0.0,3.71,1.0,<Residue ASP het=  resseq=249 icode= >,1nh2_C_B,1.9
106,29.036,ASP, ,O,24.94,12.22,5.699,3.95,1.0,<Residue ASP het=  resseq=249 icode= >,1nh2_C_B,1.9
107,12.988,ASP, ,CB,25.79,13.79,0.0,2.66,1.0,<Residue ASP het=  resseq=249 icode= >,1nh2_C_B,1.9
108,7.836,ASP, ,CG,29.44,14.27,0.0,3.05,1.0,<Residue ASP het=  resseq=249 icode= >,1nh2_C_B,1.9
109,15.551,ASP, ,OD1,32.38,15.49,10.772,2.04,1.0,<Residue ASP het=  resseq=249 icode= >,1nh2_C_B,1.9
110,27.901,ASP, ,OD2,30.15,13.42,0.0,2.85,1.0,<Residue ASP het=  resseq=249 icode= >,1nh2_C_B,1.9
111,0.0,LYS, ,N,20.6,11.90,0.0,5.03,1.0,<Residue LYS het=  resseq=250 icode= >,1nh2_C_B,1.9
112,4.333,LYS, ,CA,22.54,10.80,0.0,2.79,1.0,<Residue LYS het=  resseq=250 icode= >,1nh2_C_B,1.9
113,0.0,LYS, ,C,19.17,10.17,0.0,4.95,1.0,<Residue LYS het=  resseq=250 icode= >,1nh2_C_B,1.9
114,0.465,LYS, ,O,18.42,10.08,0.0,5.94,1.0,<Residue LYS het=  resseq=250 icode= >,1nh2_C_B,1.9
115,4.739,LYS, ,CB,25.24,9.86,0.0,2.91,1.0,<Residue LYS het=  resseq=250 icode= >,1nh2_C_B,1.9
116,10.893,LYS, ,CG,32.57,8.49,0.0,1.95,1.0,<Residue LYS het=  resseq=250 icode= >,1nh2_C_B,1.9
117,28.765,LYS, ,CD,38.68,7.82,0.0,1.82,1.0,<Residue LYS het=  resseq=250 icode= >,1nh2_C_B,1.9
118,21.623,LYS, ,CE,42.53,7.49,0.0,1.50,1.0,<Residue LYS het=  resseq=250 icode= >,1nh2_C_B,1.9
119,48.856,LYS, ,NZ,47.53,7.22,0.0,1.07,1.0,<Residue LYS het=  resseq=250 icode= >,1nh2_C_B,1.9
120,4.392,VAL, ,N,17.06,9.98,0.0,4.66,1.0,<Residue VAL het=  resseq=251 icode= >,1nh2_C_B,1.9
121,0.0,VAL, ,CA,18.28,9.60,0.0,3.90,1.0,<Residue VAL het=  resseq=251 icode= >,1nh2_C_B,1.9
122,0.0,VAL, ,C,18.41,8.69,0.0,4.45,1.0,<Residue VAL het=  resseq=251 icode= >,1nh2_C_B,1.9
123,22.857,VAL, ,O,17.96,8.52,6.842,5.16,1.0,<Residue VAL het=  resseq=251 icode= >,1nh2_C_B,1.9
124,10.765,VAL, ,CB,17.98,10.81,8.321,2.94,1.0,<Residue VAL het=  resseq=251 icode= >,1nh2_C_B,1.9
125,15.742,VAL, ,CG1,18.1,10.25,14.232,3.08,1.0,<Residue VAL het=  resseq=251 icode= >,1nh2_C_B,1.9
126,17.066,VAL, ,CG2,18.12,11.92,17.066,2.91,1.0,<Residue VAL het=  resseq=251 icode= >,1nh2_C_B,1.9
127,0.0,THR, ,N,17.05,7.56,0.0,5.17,1.0,<Residue THR het=  resseq=252 icode= >,1nh2_C_B,1.9
128,5.948,THR, ,CA,18.42,6.80,0.0,3.27,1.0,<Residue THR het=  resseq=252 icode= >,1nh2_C_B,1.9
129,0.863,THR, ,C,18.1,6.75,0.0,4.60,1.0,<Residue THR het=  resseq=252 icode= >,1nh2_C_B,1.9
130,0.0,THR, ,O,17.53,7.02,0.0,5.24,1.0,<Residue THR het=  resseq=252 icode= >,1nh2_C_B,1.9
131,13.332,THR, ,CB,19.46,5.46,1.599,3.20,1.0,<Residue THR het=  resseq=252 icode= >,1nh2_C_B,1.9
132,8.973,THR, ,OG1,22.6,4.68,3.914,4.27,1.0,<Residue THR het=  resseq=252 icode= >,1nh2_C_B,1.9
133,33.655,THR, ,CG2,22.59,5.98,0.952,2.54,1.0,<Residue THR het=  resseq=252 icode= >,1nh2_C_B,1.9
134,5.493,ARG, ,N,16.59,6.78,0.0,4.88,1.0,<Residue ARG het=  resseq=253 icode= >,1nh2_C_B,1.9
135,0.978,ARG, ,CA,16.41,7.18,0.0,3.96,1.0,<Residue ARG het=  resseq=253 icode= >,1nh2_C_B,1.9
136,0.711,ARG, ,C,18.78,6.79,0.0,4.47,1.0,<Residue ARG het=  resseq=253 icode= >,1nh2_C_B,1.9
137,19.879,ARG, ,O,18.63,6.63,0.0,5.36,1.0,<Residue ARG het=  resseq=253 icode= >,1nh2_C_B,1.9
138,6.561,ARG, ,CB,16.75,7.38,0.0,3.23,1.0,<Residue ARG het=  resseq=253 icode= >,1nh2_C_B,1.9
139,0.0,ARG, ,CG,16.75,6.51,0.0,3.35,1.0,<Residue ARG het=  resseq=253 icode= >,1nh2_C_B,1.9
140,10.648,ARG, ,CD,16.91,5.35,9.662,3.91,1.0,<Residue ARG het=  resseq=253 icode= >,1nh2_C_B,1.9
141,13.006,ARG, ,NE,17.89,4.48,7.788,4.75,1.0,<Residue ARG het=  resseq=253 icode= >,1nh2_C_B,1.9
142,5.216,ARG, ,CZ,17.02,3.63,5.216,5.10,1.0,<Residue ARG het=  resseq=253 icode= >,1nh2_C_B,1.9
143,19.4,ARG, ,NH1,15.66,3.61,12.026,4.21,1.0,<Residue ARG het=  resseq=253 icode= >,1nh2_C_B,1.9
144,55.022,ARG, ,NH2,15.33,2.82,37.693,4.15,1.0,<Residue ARG het=  resseq=253 icode= >,1nh2_C_B,1.9
145,0.699,THR, ,N,18.64,6.24,0.0,4.56,1.0,<Residue THR het=  resseq=254 icode= >,1nh2_C_B,1.9
146,3.865,THR, ,CA,20.73,6.02,0.0,2.99,1.0,<Residue THR het=  resseq=254 icode= >,1nh2_C_B,1.9
147,0.0,THR, ,C,20.7,6.98,0.0,4.52,1.0,<Residue THR het=  resseq=254 icode= >,1nh2_C_B,1.9
148,1.667,THR, ,O,19.98,6.94,0.0,4.89,1.0,<Residue THR het=  resseq=254 icode= >,1nh2_C_B,1.9
149,10.104,THR, ,CB,24.67,4.64,4.448,3.01,1.0,<Residue THR het=  resseq=254 icode= >,1nh2_C_B,1.9
150,31.6,THR, ,OG1,25.86,3.91,11.55,3.79,1.0,<Residue THR het=  resseq=254 icode= >,1nh2_C_B,1.9
151,53.986,THR, ,CG2,26.92,5.12,1.902,1.92,1.0,<Residue THR het=  resseq=254 icode= >,1nh2_C_B,1.9
152,5.05,LYS, ,N,19.61,5.97,0.0,3.94,1.0,<Residue LYS het=  resseq=255 icode= >,1nh2_C_B,1.9
153,5.257,LYS, ,CA,19.12,5.25,1.216,4.14,1.0,<Residue LYS het=  resseq=255 icode= >,1nh2_C_B,1.9
154,4.407,LYS, ,C,19.17,6.13,0.0,4.42,1.0,<Residue LYS het=  resseq=255 icode= >,1nh2_C_B,1.9
155,3.721,LYS, ,O,20.21,5.67,0.0,4.51,1.0,<Residue LYS het=  resseq=255 icode= >,1nh2_C_B,1.9
156,17.11,LYS, ,CB,22.28,5.59,0.0,2.68,1.0,<Residue LYS het=  resseq=255 icode= >,1nh2_C_B,1.9
157,18.37,LYS, ,CG,26.32,4.99,0.0,2.66,1.0,<Residue LYS het=  resseq=255 icode= >,1nh2_C_B,1.9
158,28.709,LYS, ,CD,29.58,3.68,16.313,1.79,1.0,<Residue LYS het=  resseq=255 icode= >,1nh2_C_B,1.9
159,48.774,LYS, ,CE,31.58,3.52,29.856,2.03,1.0,<Residue LYS het=  resseq=255 icode= >,1nh2_C_B,1.9
160,45.334,LYS, ,NZ,32.3,3.03,19.829,2.39,1.0,<Residue LYS het=  resseq=255 icode= >,1nh2_C_B,1.9
161,2.145,ALA, ,N,18.03,6.95,0.0,4.45,1.0,<Residue ALA het=  resseq=256 icode= >,1nh2_C_B,1.9
162,2.659,ALA, ,CA,19.63,7.98,0.0,3.32,1.0,<Residue ALA het=  resseq=256 icode= >,1nh2_C_B,1.9
163,0.0,ALA, ,C,19.37,9.08,0.0,4.91,1.0,<Residue ALA het=  resseq=256 icode= >,1nh2_C_B,1.9
164,0.0,ALA, ,O,17.19,9.82,0.0,5.44,1.0,<Residue ALA het=  resseq=256 icode= >,1nh2_C_B,1.9
165,23.861,ALA, ,CB,19.98,8.33,4.093,2.66,1.0,<Residue ALA het=  resseq=256 icode= >,1nh2_C_B,1.9
166,0.204,ARG, ,N,18.56,8.69,0.0,4.27,1.0,<Residue ARG het=  resseq=257 icode= >,1nh2_C_B,1.9
167,0.0,ARG, ,CA,21.54,8.09,0.0,2.94,1.0,<Residue ARG het=  resseq=257 icode= >,1nh2_C_B,1.9
168,0.0,ARG, ,C,17.53,7.74,0.0,4.62,1.0,<Residue ARG het=  resseq=257 icode= >,1nh2_C_B,1.9
169,2.176,ARG, ,O,17.78,6.87,0.0,5.52,1.0,<Residue ARG het=  resseq=257 icode= >,1nh2_C_B,1.9
170,6.344,ARG, ,CB,25.78,7.02,0.0,2.55,1.0,<Residue ARG het=  resseq=257 icode= >,1nh2_C_B,1.9
171,0.373,ARG, ,CG,37.47,6.93,0.0,1.02,1.0,<Residue ARG het=  resseq=257 icode= >,1nh2_C_B,1.9
172,14.839,ARG, ,CD,44.84,6.12,0.0,1.13,1.0,<Residue ARG het=  resseq=257 icode= >,1nh2_C_B,1.9
173,1.804,ARG, ,NE,52.72,6.55,0.0,1.79,1.0,<Residue ARG het=  resseq=257 icode= >,1nh2_C_B,1.9
174,4.299,ARG, ,CZ,57.92,5.93,0.0,1.29,1.0,<Residue ARG het=  resseq=257 icode= >,1nh2_C_B,1.9
175,46.807,ARG, ,NH1,60.16,5.12,6.015,0.21,1.0,<Residue ARG het=  resseq=257 icode= >,1nh2_C_B,1.9
176,25.561,ARG, ,NH2,60.75,5.71,0.428,0.65,1.0,<Residue ARG het=  resseq=257 icode= >,1nh2_C_B,1.9
177,0.0,TRP, ,N,16.35,8.34,0.0,4.36,1.0,<Residue TRP het=  resseq=258 icode= >,1nh2_C_B,1.9
178,0.0,TRP, ,CA,16.17,8.14,0.0,3.55,1.0,<Residue TRP het=  resseq=258 icode= >,1nh2_C_B,1.9
179,0.0,TRP, ,C,17.26,7.56,0.0,4.48,1.0,<Residue TRP het=  resseq=258 icode= >,1nh2_C_B,1.9
180,0.0,TRP, ,O,16.55,7.93,0.0,6.05,1.0,<Residue TRP het=  resseq=258 icode= >,1nh2_C_B,1.9
181,5.283,TRP, ,CB,15.36,9.57,4.068,3.47,1.0,<Residue TRP het=  resseq=258 icode= >,1nh2_C_B,1.9
182,2.004,TRP, ,CG,15.03,10.02,2.004,4.04,1.0,<Residue TRP het=  resseq=258 icode= >,1nh2_C_B,1.9
183,3.317,TRP, ,CD1,15.58,9.34,3.317,4.40,1.0,<Residue TRP het=  resseq=258 icode= >,1nh2_C_B,1.9
184,2.552,TRP, ,CD2,14.5,9.51,2.552,4.09,1.0,<Residue TRP het=  resseq=258 icode= >,1nh2_C_B,1.9
185,2.764,TRP, ,NE1,16.5,8.35,1.406,4.43,1.0,<Residue TRP het=  resseq=258 icode= >,1nh2_C_B,1.9
186,3.177,TRP, ,CE2,14.31,8.45,3.177,3.93,1.0,<Residue TRP het=  resseq=258 icode= >,1nh2_C_B,1.9
187,5.856,TRP, ,CE3,13.92,9.92,5.856,3.65,1.0,<Residue TRP het=  resseq=258 icode= >,1nh2_C_B,1.9
188,23.417,TRP, ,CZ2,14.97,7.93,23.417,3.83,1.0,<Residue TRP het=  resseq=258 icode= >,1nh2_C_B,1.9
189,18.462,TRP, ,CZ3,15.73,8.91,15.89,3.96,1.0,<Residue TRP het=  resseq=258 icode= >,1nh2_C_B,1.9
190,32.625,TRP, ,CH2,14.45,8.30,30.43,4.06,1.0,<Residue TRP het=  resseq=258 icode= >,1nh2_C_B,1.9
191,0.0,LYS, ,N,17.88,6.96,0.0,4.45,1.0,<Residue LYS het=  resseq=259 icode= >,1nh2_C_B,1.9
192,0.0,LYS, ,CA,19.15,6.79,0.0,3.82,1.0,<Residue LYS het=  resseq=259 icode= >,1nh2_C_B,1.9
193,1.094,LYS, ,C,18.35,7.57,0.0,4.87,1.0,<Residue LYS het=  resseq=259 icode= >,1nh2_C_B,1.9
194,1.133,LYS, ,O,19.58,7.52,0.0,5.79,1.0,<Residue LYS het=  resseq=259 icode= >,1nh2_C_B,1.9
195,5.009,LYS, ,CB,20.05,5.39,0.0,3.13,1.0,<Residue LYS het=  resseq=259 icode= >,1nh2_C_B,1.9
196,1.429,LYS, ,CG,24.88,4.87,0.0,2.66,1.0,<Residue LYS het=  resseq=259 icode= >,1nh2_C_B,1.9
197,23.08,LYS, ,CD,29.63,3.70,10.035,2.86,1.0,<Residue LYS het=  resseq=259 icode= >,1nh2_C_B,1.9
198,8.245,LYS, ,CE,33.96,3.90,4.801,1.87,1.0,<Residue LYS het=  resseq=259 icode= >,1nh2_C_B,1.9
199,41.623,LYS, ,NZ,37.46,3.50,14.635,1.24,1.0,<Residue LYS het=  resseq=259 icode= >,1nh2_C_B,1.9
200,0.0,CYS, ,N,17.09,8.58,0.0,4.46,1.0,<Residue CYS het=  resseq=260 icode= >,1nh2_C_B,1.9
201,0.081,CYS, ,CA,18.57,9.56,0.0,4.28,1.0,<Residue CYS het=  resseq=260 icode= >,1nh2_C_B,1.9
202,0.043,CYS, ,C,20.44,9.95,0.0,5.31,1.0,<Residue CYS het=  resseq=260 icode= >,1nh2_C_B,1.9
203,0.0,CYS, ,O,20.5,10.27,0.0,4.67,1.0,<Residue CYS het=  resseq=260 icode= >,1nh2_C_B,1.9
204,0.364,CYS, ,CB,19.47,10.89,0.364,3.75,1.0,<Residue CYS het=  resseq=260 icode= >,1nh2_C_B,1.9
205,22.606,CYS, ,SG,24.74,10.95,21.322,7.50,1.0,<Residue CYS het=  resseq=260 icode= >,1nh2_C_B,1.9
206,0.307,SER, ,N,18.49,10.18,0.0,5.07,1.0,<Residue SER het=  resseq=261 icode= >,1nh2_C_B,1.9
207,1.014,SER, ,CA,19.28,10.87,0.0,3.38,1.0,<Residue SER het=  resseq=261 icode= >,1nh2_C_B,1.9
208,0.299,SER, ,C,18.85,12.29,0.0,4.05,1.0,<Residue SER het=  resseq=261 icode= >,1nh2_C_B,1.9
209,0.0,SER, ,O,19.81,12.65,0.0,5.22,1.0,<Residue SER het=  resseq=261 icode= >,1nh2_C_B,1.9
210,20.09,SER, ,CB,21.28,10.42,0.0,3.48,1.0,<Residue SER het=  resseq=261 icode= >,1nh2_C_B,1.9
211,12.963,SER, ,OG,29.3,9.12,0.0,2.59,1.0,<Residue SER het=  resseq=261 icode= >,1nh2_C_B,1.9
212,0.069,LEU, ,N,18.92,12.95,0.0,4.57,1.0,<Residue LEU het=  resseq=262 icode= >,1nh2_C_B,1.9
213,0.0,LEU, ,CA,16.52,14.17,0.0,4.21,1.0,<Residue LEU het=  resseq=262 icode= >,1nh2_C_B,1.9
214,0.25,LEU, ,C,16.09,13.97,0.0,5.88,1.0,<Residue LEU het=  resseq=262 icode= >,1nh2_C_B,1.9
215,4.42,LEU, ,O,18.09,12.92,0.0,5.32,1.0,<Residue LEU het=  resseq=262 icode= >,1nh2_C_B,1.9
216,0.0,LEU, ,CB,15.65,15.01,0.0,3.81,1.0,<Residue LEU het=  resseq=262 icode= >,1nh2_C_B,1.9
217,0.0,LEU, ,CG,15.15,14.31,0.0,4.31,1.0,<Residue LEU het=  resseq=262 icode= >,1nh2_C_B,1.9
218,8.946,LEU, ,CD1,15.76,15.10,8.946,3.65,1.0,<Residue LEU het=  resseq=262 icode= >,1nh2_C_B,1.9
219,9.409,LEU, ,CD2,18.27,14.30,9.409,2.91,1.0,<Residue LEU het=  resseq=262 icode= >,1nh2_C_B,1.9
220,0.0,LYS, ,N,17.12,15.09,0.0,4.88,1.0,<Residue LYS het=  resseq=263 icode= >,1nh2_C_B,1.9
221,0.0,LYS, ,CA,19.12,15.22,0.0,3.04,1.0,<Residue LYS het=  resseq=263 icode= >,1nh2_C_B,1.9
222,0.0,LYS, ,C,17.82,16.67,0.0,4.35,1.0,<Residue LYS het=  resseq=263 icode= >,1nh2_C_B,1.9
223,0.0,LYS, ,O,17.9,17.57,0.0,6.28,1.0,<Residue LYS het=  resseq=263 icode= >,1nh2_C_B,1.9
224,4.851,LYS, ,CB,23.32,14.94,0.0,2.45,1.0,<Residue LYS het=  resseq=263 icode= >,1nh2_C_B,1.9
225,0.0,LYS, ,CG,29.81,15.94,0.0,2.59,1.0,<Residue LYS het=  resseq=263 icode= >,1nh2_C_B,1.9
226,1.177,LYS, ,CD,39.26,15.69,0.491,1.69,1.0,<Residue LYS het=  resseq=263 icode= >,1nh2_C_B,1.9
227,22.867,LYS, ,CE,43.66,16.28,1.622,1.03,1.0,<Residue LYS het=  resseq=263 icode= >,1nh2_C_B,1.9
228,36.257,LYS, ,NZ,47.04,17.35,8.817,1.35,1.0,<Residue LYS het=  resseq=263 icode= >,1nh2_C_B,1.9
229,0.0,ASP, ,N,16.14,16.96,0.0,4.26,1.0,<Residue ASP het=  resseq=264 icode= >,1nh2_C_B,1.9
230,5.944,ASP, ,CA,16.53,18.35,5.944,3.22,1.0,<Residue ASP het=  resseq=264 icode= >,1nh2_C_B,1.9
231,3.964,ASP, ,C,15.65,19.19,3.964,5.04,1.0,<Residue ASP het=  resseq=264 icode= >,1nh2_C_B,1.9
232,12.742,ASP, ,O,16.61,20.16,12.742,5.63,1.0,<Residue ASP het=  resseq=264 icode= >,1nh2_C_B,1.9
233,14.736,ASP, ,CB,15.4,19.08,13.598,3.50,1.0,<Residue ASP het=  resseq=264 icode= >,1nh2_C_B,1.9
234,8.05,ASP, ,CG,19.68,18.50,8.05,5.60,1.0,<Residue ASP het=  resseq=264 icode= >,1nh2_C_B,1.9
235,2.834,ASP, ,OD1,19.57,17.44,2.418,4.95,1.0,<Residue ASP het=  resseq=264 icode= >,1nh2_C_B,1.9
236,25.435,ASP, ,OD2,20.07,19.19,21.957,4.66,1.0,<Residue ASP het=  resseq=264 icode= >,1nh2_C_B,1.9
237,0.798,GLY, ,N,16.63,1000.00,0.798,4.82,1.0,<Residue GLY het=  resseq=265 icode= >,1nh2_C_B,1.9
238,2.956,GLY, ,CA,15.29,1000.00,2.956,4.57,1.0,<Residue GLY het=  resseq=265 icode= >,1nh2_C_B,1.9
239,2.816,GLY, ,C,16.2,1000.00,2.816,4.84,1.0,<Residue GLY het=  resseq=265 icode= >,1nh2_C_B,1.9
240,3.458,GLY, ,O,16.16,1000.00,3.458,5.99,1.0,<Residue GLY het=  resseq=265 icode= >,1nh2_C_B,1.9
241,0.0,VAL, ,N,14.04,1000.00,0.0,5.22,1.0,<Residue VAL het=  resseq=266 icode= >,1nh2_C_B,1.9
242,0.0,VAL, ,CA,14.54,1000.00,0.0,3.95,1.0,<Residue VAL het=  resseq=266 icode= >,1nh2_C_B,1.9
243,0.0,VAL, ,C,15.44,1000.00,0.0,5.23,1.0,<Residue VAL het=  resseq=266 icode= >,1nh2_C_B,1.9
244,0.212,VAL, ,O,13.93,1000.00,0.0,6.78,1.0,<Residue VAL het=  resseq=266 icode= >,1nh2_C_B,1.9
245,6.305,VAL, ,CB,16.4,1000.00,4.573,3.62,1.0,<Residue VAL het=  resseq=266 icode= >,1nh2_C_B,1.9
246,31.629,VAL, ,CG1,16.46,1000.00,29.396,3.68,1.0,<Residue VAL het=  resseq=266 icode= >,1nh2_C_B,1.9
247,23.584,VAL, ,CG2,19.18,1000.00,21.386,2.74,1.0,<Residue VAL het=  resseq=266 icode= >,1nh2_C_B,1.9
248,0.0,VAL, ,N,16.38,1000.00,0.0,4.35,1.0,<Residue VAL het=  resseq=267 icode= >,1nh2_C_B,1.9
249,0.635,VAL, ,CA,15.31,1000.00,0.0,3.66,1.0,<Residue VAL het=  resseq=267 icode= >,1nh2_C_B,1.9
250,0.0,VAL, ,C,17.85,1000.00,0.0,5.15,1.0,<Residue VAL het=  resseq=267 icode= >,1nh2_C_B,1.9
251,0.0,VAL, ,O,18.34,1000.00,0.0,5.69,1.0,<Residue VAL het=  resseq=267 icode= >,1nh2_C_B,1.9
252,0.0,VAL, ,CB,15.31,1000.00,0.0,3.76,1.0,<Residue VAL het=  resseq=267 icode= >,1nh2_C_B,1.9
253,5.498,VAL, ,CG1,16.98,1000.00,5.498,3.04,1.0,<Residue VAL het=  resseq=267 icode= >,1nh2_C_B,1.9
254,3.66,VAL, ,CG2,16.42,1000.00,3.66,3.23,1.0,<Residue VAL het=  resseq=267 icode= >,1nh2_C_B,1.9
255,0.336,THR, ,N,18.17,1000.00,0.0,5.46,1.0,<Residue THR het=  resseq=268 icode= >,1nh2_C_B,1.9
256,0.0,THR, ,CA,22.19,1000.00,0.0,3.01,1.0,<Residue THR het=  resseq=268 icode= >,1nh2_C_B,1.9
257,0.0,THR, ,C,23.38,1000.00,0.0,4.40,1.0,<Residue THR het=  resseq=268 icode= >,1nh2_C_B,1.9
258,0.0,THR, ,O,22.94,1000.00,0.0,4.72,1.0,<Residue THR het=  resseq=268 icode= >,1nh2_C_B,1.9
259,5.375,THR, ,CB,21.8,1000.00,0.0,2.81,1.0,<Residue THR het=  resseq=268 icode= >,1nh2_C_B,1.9
260,19.857,THR, ,OG1,24.42,1000.00,14.31,3.77,1.0,<Residue THR het=  resseq=268 icode= >,1nh2_C_B,1.9
261,21.944,THR, ,CG2,23.33,1000.00,4.215,2.10,1.0,<Residue THR het=  resseq=268 icode= >,1nh2_C_B,1.9
262,0.0,ILE, ,N,24.49,1000.00,0.0,4.06,1.0,<Residue ILE het=  resseq=269 icode= >,1nh2_C_B,1.9
263,0.0,ILE, ,CA,27.51,1000.00,0.0,2.72,1.0,<Residue ILE het=  resseq=269 icode= >,1nh2_C_B,1.9
264,0.0,ILE, ,C,28.91,1000.00,0.0,3.33,1.0,<Residue ILE het=  resseq=269 icode= >,1nh2_C_B,1.9
265,1.628,ILE, ,O,27.39,1000.00,0.272,4.15,1.0,<Residue ILE het=  resseq=269 icode= >,1nh2_C_B,1.9
266,0.0,ILE, ,CB,30.36,1000.00,0.0,2.70,1.0,<Residue ILE het=  resseq=269 icode= >,1nh2_C_B,1.9
267,6.04,ILE, ,CG1,31.7,1000.00,6.04,1.89,1.0,<Residue ILE het=  resseq=269 icode= >,1nh2_C_B,1.9
268,27.887,ILE, ,CG2,31.99,1000.00,27.887,1.40,1.0,<Residue ILE het=  resseq=269 icode= >,1nh2_C_B,1.9
269,38.702,ILE, ,CD1,36.6,1000.00,37.143,1.13,1.0,<Residue ILE het=  resseq=269 icode= >,1nh2_C_B,1.9
270,0.0,ASN, ,N,29.1,1000.00,0.0,3.38,1.0,<Residue ASN het=  resseq=270 icode= >,1nh2_C_B,1.9
271,1.682,ASN, ,CA,30.64,1000.00,0.0,2.22,1.0,<Residue ASN het=  resseq=270 icode= >,1nh2_C_B,1.9
272,0.0,ASN, ,C,31.86,1000.00,0.0,3.14,1.0,<Residue ASN het=  resseq=270 icode= >,1nh2_C_B,1.9
273,1.816,ASN, ,O,31.19,1000.00,0.0,3.31,1.0,<Residue ASN het=  resseq=270 icode= >,1nh2_C_B,1.9
274,9.553,ASN, ,CB,29.47,1000.00,0.77,2.33,1.0,<Residue ASN het=  resseq=270 icode= >,1nh2_C_B,1.9
275,4.848,ASN, ,CG,30.55,1000.00,0.0,3.28,1.0,<Residue ASN het=  resseq=270 icode= >,1nh2_C_B,1.9
276,22.353,ASN, ,OD1,30.5,1000.00,6.953,3.76,1.0,<Residue ASN het=  resseq=270 icode= >,1nh2_C_B,1.9
277,46.891,ASN, ,ND2,29.08,1000.00,31.147,3.30,1.0,<Residue ASN het=  resseq=270 icode= >,1nh2_C_B,1.9
278,2.518,ARG, ,N,33.05,1000.00,0.0,2.47,1.0,<Residue ARG het=  resseq=271 icode= >,1nh2_C_B,1.9
279,5.064,ARG, ,CA,33.89,1000.00,0.0,1.72,1.0,<Residue ARG het=  resseq=271 icode= >,1nh2_C_B,1.9
280,0.383,ARG, ,C,32.88,1000.00,0.0,3.16,1.0,<Residue ARG het=  resseq=271 icode= >,1nh2_C_B,1.9
281,24.478,ARG, ,O,33.08,1000.00,0.0,2.89,1.0,<Residue ARG het=  resseq=271 icode= >,1nh2_C_B,1.9
282,16.923,ARG, ,CB,37.24,1000.00,0.0,1.48,1.0,<Residue ARG het=  resseq=271 icode= >,1nh2_C_B,1.9
283,24.237,ARG, ,CG,41.77,1000.00,0.0,1.87,1.0,<Residue ARG het=  resseq=271 icode= >,1nh2_C_B,1.9
284,38.671,ARG, ,CD,47.55,1000.00,0.0,1.02,1.0,<Residue ARG het=  resseq=271 icode= >,1nh2_C_B,1.9
285,15.468,ARG, ,NE,51.96,1000.00,0.0,1.27,1.0,<Residue ARG het=  resseq=271 icode= >,1nh2_C_B,1.9
286,4.461,ARG, ,CZ,54.63,1000.00,0.0,0.84,1.0,<Residue ARG het=  resseq=271 icode= >,1nh2_C_B,1.9
287,30.785,ARG, ,NH1,54.35,1000.00,0.0,1.29,1.0,<Residue ARG het=  resseq=271 icode= >,1nh2_C_B,1.9
288,43.62,ARG, ,NH2,55.3,1000.00,0.0,1.12,1.0,<Residue ARG het=  resseq=271 icode= >,1nh2_C_B,1.9
289,0.0,ASN, ,N,30.85,1000.00,0.0,3.39,1.0,<Residue ASN het=  resseq=272 icode= >,1nh2_C_B,1.9
290,3.126,ASN, ,CA,30.02,1000.00,0.0,2.85,1.0,<Residue ASN het=  resseq=272 icode= >,1nh2_C_B,1.9
291,0.0,ASN, ,C,28.06,1000.00,0.0,4.42,1.0,<Residue ASN het=  resseq=272 icode= >,1nh2_C_B,1.9
292,0.0,ASN, ,O,25.13,1000.00,0.0,4.16,1.0,<Residue ASN het=  resseq=272 icode= >,1nh2_C_B,1.9
293,5.252,ASN, ,CB,33.96,1000.00,0.0,1.55,1.0,<Residue ASN het=  resseq=272 icode= >,1nh2_C_B,1.9
294,5.663,ASN, ,CG,38.28,1000.00,0.0,2.50,1.0,<Residue ASN het=  resseq=272 icode= >,1nh2_C_B,1.9
295,34.253,ASN, ,OD1,39.33,1000.00,0.0,2.50,1.0,<Residue ASN het=  resseq=272 icode= >,1nh2_C_B,1.9
296,37.918,ASN, ,ND2,38.71,1000.00,0.0,1.88,1.0,<Residue ASN het=  resseq=272 icode= >,1nh2_C_B,1.9
297,6.605,ASP, ,N,26.82,1000.00,0.0,4.16,1.0,<Residue ASP het=  resseq=273 icode= >,1nh2_C_B,1.9
298,0.0,ASP, ,CA,27.52,1000.00,0.0,2.98,1.0,<Residue ASP het=  resseq=273 icode= >,1nh2_C_B,1.9
299,0.837,ASP, ,C,26.78,1000.00,0.837,3.67,1.0,<Residue ASP het=  resseq=273 icode= >,1nh2_C_B,1.9
300,22.655,ASP, ,O,27.05,1000.00,20.299,3.96,1.0,<Residue ASP het=  resseq=273 icode= >,1nh2_C_B,1.9
301,19.882,ASP, ,CB,30.64,1000.00,14.756,2.07,1.0,<Residue ASP het=  resseq=273 icode= >,1nh2_C_B,1.9
302,6.359,ASP, ,CG,33.73,1000.00,1.655,3.20,1.0,<Residue ASP het=  resseq=273 icode= >,1nh2_C_B,1.9
303,2.889,ASP, ,OD1,36.77,1000.00,1.285,3.03,1.0,<Residue ASP het=  resseq=273 icode= >,1nh2_C_B,1.9
304,41.575,ASP, ,OD2,34.55,1000.00,34.199,2.51,1.0,<Residue ASP het=  resseq=273 icode= >,1nh2_C_B,1.9
305,0.0,TYR, ,N,22.69,1000.00,0.0,4.10,1.0,<Residue TYR het=  resseq=274 icode= >,1nh2_C_B,1.9
306,4.799,TYR, ,CA,22.88,1000.00,4.752,3.74,1.0,<Residue TYR het=  resseq=274 icode= >,1nh2_C_B,1.9
307,0.0,TYR, ,C,23.82,1000.00,0.0,4.40,1.0,<Residue TYR het=  resseq=274 icode= >,1nh2_C_B,1.9
308,0.0,TYR, ,O,22.96,1000.00,0.0,3.98,1.0,<Residue TYR het=  resseq=274 icode= >,1nh2_C_B,1.9
309,10.421,TYR, ,CB,23.23,1000.00,8.839,3.54,1.0,<Residue TYR het=  resseq=274 icode= >,1nh2_C_B,1.9
310,2.289,TYR, ,CG,26.11,1000.00,2.033,3.61,1.0,<Residue TYR het=  resseq=274 icode= >,1nh2_C_B,1.9
311,0.768,TYR, ,CD1,27.93,1000.00,0.217,3.11,1.0,<Residue TYR het=  resseq=274 icode= >,1nh2_C_B,1.9
312,25.931,TYR, ,CD2,27.02,1000.00,24.489,2.82,1.0,<Residue TYR het=  resseq=274 icode= >,1nh2_C_B,1.9
313,3.15,TYR, ,CE1,31.33,1000.00,2.103,2.40,1.0,<Residue TYR het=  resseq=274 icode= >,1nh2_C_B,1.9
314,33.503,TYR, ,CE2,29.57,1000.00,23.988,3.18,1.0,<Residue TYR het=  resseq=274 icode= >,1nh2_C_B,1.9
315,6.764,TYR, ,CZ,30.19,1000.00,5.739,3.75,1.0,<Residue TYR het=  resseq=274 icode= >,1nh2_C_B,1.9
316,31.376,TYR, ,OH,33.21,1000.00,16.322,2.60,1.0,<Residue TYR het=  resseq=274 icode= >,1nh2_C_B,1.9
317,3.777,THR, ,N,21.77,1000.00,3.02,4.48,1.0,<Residue THR het=  resseq=275 icode= >,1nh2_C_B,1.9
318,0.0,THR, ,CA,22.63,1000.00,0.0,3.73,1.0,<Residue THR het=  resseq=275 icode= >,1nh2_C_B,1.9
319,1.196,THR, ,C,25.95,1000.00,1.196,3.30,1.0,<Residue THR het=  resseq=275 icode= >,1nh2_C_B,1.9
320,19.266,THR, ,O,31.32,1000.00,17.511,2.02,1.0,<Residue THR het=  resseq=275 icode= >,1nh2_C_B,1.9
321,14.355,THR, ,CB,25.47,1000.00,14.355,2.56,1.0,<Residue THR het=  resseq=275 icode= >,1nh2_C_B,1.9
322,31.098,THR, ,OG1,25.31,1000.00,31.098,2.97,1.0,<Residue THR het=  resseq=275 icode= >,1nh2_C_B,1.9
323,43.309,THR, ,CG2,21.76,1000.00,42.726,2.38,1.0,<Residue THR het=  resseq=275 icode= >,1nh2_C_B,1.9
324,1.494,PHE, ,N,21.95,18.56,1.494,4.40,1.0,<Residue PHE het=  resseq=276 icode= >,1nh2_C_B,1.9
325,7.426,PHE, ,CA,20.83,17.15,7.426,3.38,1.0,<Residue PHE het=  resseq=276 icode= >,1nh2_C_B,1.9
326,3.934,PHE, ,C,19.25,16.65,3.934,4.80,1.0,<Residue PHE het=  resseq=276 icode= >,1nh2_C_B,1.9
327,3.038,PHE, ,O,17.97,17.22,3.038,4.96,1.0,<Residue PHE het=  resseq=276 icode= >,1nh2_C_B,1.9
328,18.533,PHE, ,CB,21.67,16.38,18.533,3.20,1.0,<Residue PHE het=  resseq=276 icode= >,1nh2_C_B,1.9
329,0.246,PHE, ,CG,21.8,16.61,0.246,3.85,1.0,<Residue PHE het=  resseq=276 icode= >,1nh2_C_B,1.9
330,0.0,PHE, ,CD1,20.92,15.95,0.0,3.84,1.0,<Residue PHE het=  resseq=276 icode= >,1nh2_C_B,1.9
331,5.201,PHE, ,CD2,22.23,17.60,5.201,3.56,1.0,<Residue PHE het=  resseq=276 icode= >,1nh2_C_B,1.9
332,0.0,PHE, ,CE1,23.33,16.31,0.0,3.53,1.0,<Residue PHE het=  resseq=276 icode= >,1nh2_C_B,1.9
333,0.0,PHE, ,CE2,23.08,17.94,0.0,2.76,1.0,<Residue PHE het=  resseq=276 icode= >,1nh2_C_B,1.9
334,0.0,PHE, ,CZ,21.03,17.32,0.0,3.35,1.0,<Residue PHE het=  resseq=276 icode= >,1nh2_C_B,1.9
335,7.094,GLN, ,N,18.67,15.69,7.094,4.41,1.0,<Residue GLN het=  resseq=277 icode= >,1nh2_C_B,1.9
336,1.5,GLN, ,CA,18.86,15.23,1.5,4.35,1.0,<Residue GLN het=  resseq=277 icode= >,1nh2_C_B,1.9
337,0.0,GLN, ,C,19.87,14.20,0.0,4.71,1.0,<Residue GLN het=  resseq=277 icode= >,1nh2_C_B,1.9
338,0.146,GLN, ,O,19.92,14.34,0.0,5.40,1.0,<Residue GLN het=  resseq=277 icode= >,1nh2_C_B,1.9
339,26.589,GLN, ,CB,20.82,14.72,26.589,3.17,1.0,<Residue GLN het=  resseq=277 icode= >,1nh2_C_B,1.9
340,17.82,GLN, ,CG,24.47,14.12,6.877,2.58,1.0,<Residue GLN het=  resseq=277 icode= >,1nh2_C_B,1.9
341,5.472,GLN, ,CD,27.67,15.23,0.707,3.31,1.0,<Residue GLN het=  resseq=277 icode= >,1nh2_C_B,1.9
342,34.436,GLN, ,OE1,29.12,15.05,4.084,3.65,1.0,<Residue GLN het=  resseq=277 icode= >,1nh2_C_B,1.9
343,36.844,GLN, ,NE2,27.98,16.47,36.057,2.61,1.0,<Residue GLN het=  resseq=277 icode= >,1nh2_C_B,1.9
344,2.439,LYS, ,N,20.44,13.29,2.439,4.16,1.0,<Residue LYS het=  resseq=278 icode= >,1nh2_C_B,1.9
345,0.0,LYS, ,CA,22.37,12.34,0.0,3.21,1.0,<Residue LYS het=  resseq=278 icode= >,1nh2_C_B,1.9
346,1.102,LYS, ,C,21.16,12.34,1.027,4.74,1.0,<Residue LYS het=  resseq=278 icode= >,1nh2_C_B,1.9
347,16.569,LYS, ,O,20.4,12.65,16.569,6.16,1.0,<Residue LYS het=  resseq=278 icode= >,1nh2_C_B,1.9
348,16.339,LYS, ,CB,26.08,10.92,7.917,2.71,1.0,<Residue LYS het=  resseq=278 icode= >,1nh2_C_B,1.9
349,5.355,LYS, ,CG,33.39,10.80,0.0,2.29,1.0,<Residue LYS het=  resseq=278 icode= >,1nh2_C_B,1.9
350,29.197,LYS, ,CD,39.32,9.59,20.041,1.44,1.0,<Residue LYS het=  resseq=278 icode= >,1nh2_C_B,1.9
351,50.022,LYS, ,CE,44.05,8.98,0.0,0.68,1.0,<Residue LYS het=  resseq=278 icode= >,1nh2_C_B,1.9
352,38.935,LYS, ,NZ,46.49,10.14,0.0,0.79,1.0,<Residue LYS het=  resseq=278 icode= >,1nh2_C_B,1.9
353,0.007,ALA, ,N,20.56,12.16,0.0,3.78,1.0,<Residue ALA het=  resseq=279 icode= >,1nh2_C_B,1.9
354,8.316,ALA, ,CA,20.85,12.30,7.198,2.37,1.0,<Residue ALA het=  resseq=279 icode= >,1nh2_C_B,1.9
355,2.072,ALA, ,C,20.4,11.57,0.0,4.28,1.0,<Residue ALA het=  resseq=279 icode= >,1nh2_C_B,1.9
356,1.598,ALA, ,O,20.98,11.65,0.0,4.26,1.0,<Residue ALA het=  resseq=279 icode= >,1nh2_C_B,1.9
357,12.206,ALA, ,CB,20.5,13.79,12.206,2.65,1.0,<Residue ALA het=  resseq=279 icode= >,1nh2_C_B,1.9
358,7.44,GLN,x,N,19.48,11.04,6.997,4.73,0.5,<Residue GLN het=  resseq=280 icode= >,1nh2_C_B,1.9
359,0.0,GLN,x,CA,20.03,10.57,0.0,2.85,0.5,<Residue GLN het=  resseq=280 icode= >,1nh2_C_B,1.9
360,0.005,GLN,x,C,18.96,11.58,0.005,4.45,0.5,<Residue GLN het=  resseq=280 icode= >,1nh2_C_B,1.9
361,26.213,GLN,x,O,19.48,11.89,26.213,4.83,0.5,<Residue GLN het=  resseq=280 icode= >,1nh2_C_B,1.9
362,29.001,GLN,x,CB,22.14,9.14,8.535,2.77,0.5,<Residue GLN het=  resseq=280 icode= >,1nh2_C_B,1.9
363,26.294,GLN,x,CG,24.02,8.91,5.042,1.10,0.5,<Residue GLN het=  resseq=280 icode= >,1nh2_C_B,1.9
364,5.693,GLN,x,CD,27.42,8.46,0.0,1.29,0.5,<Residue GLN het=  resseq=280 icode= >,1nh2_C_B,1.9
365,14.838,GLN,x,OE1,24.62,8.58,0.0,2.04,0.5,<Residue GLN het=  resseq=280 icode= >,1nh2_C_B,1.9
366,5.868,GLN,x,NE2,25.61,7.58,0.0,1.92,0.5,<Residue GLN het=  resseq=280 icode= >,1nh2_C_B,1.9
367,0.0,VAL, ,N,17.04,11.07,0.0,4.60,1.0,<Residue VAL het=  resseq=281 icode= >,1nh2_C_B,1.9
368,2.974,VAL, ,CA,17.11,11.29,2.974,3.82,1.0,<Residue VAL het=  resseq=281 icode= >,1nh2_C_B,1.9
369,0.0,VAL, ,C,18.46,10.06,0.0,4.44,1.0,<Residue VAL het=  resseq=281 icode= >,1nh2_C_B,1.9
370,0.0,VAL, ,O,17.31,8.99,0.0,5.04,1.0,<Residue VAL het=  resseq=281 icode= >,1nh2_C_B,1.9
371,0.0,VAL, ,CB,18.04,11.94,0.0,3.99,1.0,<Residue VAL het=  resseq=281 icode= >,1nh2_C_B,1.9
372,28.959,VAL, ,CG1,17.63,12.41,27.135,3.14,1.0,<Residue VAL het=  resseq=281 icode= >,1nh2_C_B,1.9
373,19.89,VAL, ,CG2,19.76,13.22,19.89,3.28,1.0,<Residue VAL het=  resseq=281 icode= >,1nh2_C_B,1.9
374,5.229,GLU,x,N,17.65,10.35,5.229,4.04,0.4,<Residue GLU het=  resseq=282 icode= >,1nh2_C_B,1.9
375,0.0,GLU,x,CA,19.05,9.52,0.0,3.01,0.4,<Residue GLU het=  resseq=282 icode= >,1nh2_C_B,1.9
376,0.262,GLU,x,C,18.27,10.55,0.0,4.76,0.4,<Residue GLU het=  resseq=282 icode= >,1nh2_C_B,1.9
377,25.816,GLU,x,O,18.05,11.56,22.717,5.71,0.4,<Residue GLU het=  resseq=282 icode= >,1nh2_C_B,1.9
378,15.391,GLU,x,CB,21.46,9.22,14.307,2.94,0.4,<Residue GLU het=  resseq=282 icode= >,1nh2_C_B,1.9
379,3.958,GLU,x,CG,27.04,8.33,0.0,0.68,0.4,<Residue GLU het=  resseq=282 icode= >,1nh2_C_B,1.9
380,5.287,GLU,x,CD,30.4,8.36,4.94,1.25,0.4,<Residue GLU het=  resseq=282 icode= >,1nh2_C_B,1.9
381,26.989,GLU,x,OE1,33.65,8.05,6.007,2.06,0.4,<Residue GLU het=  resseq=282 icode= >,1nh2_C_B,1.9
382,23.228,GLU,x,OE2,31.65,8.00,1.978,0.91,0.4,<Residue GLU het=  resseq=282 icode= >,1nh2_C_B,1.9
383,0.0,ALA, ,N,19.19,10.47,0.0,4.23,1.0,<Residue ALA het=  resseq=283 icode= >,1nh2_C_B,1.9
384,5.384,ALA, ,CA,18.11,11.61,4.394,3.44,1.0,<Residue ALA het=  resseq=283 icode= >,1nh2_C_B,1.9
385,0.0,ALA, ,C,19.6,11.39,0.0,5.42,1.0,<Residue ALA het=  resseq=283 icode= >,1nh2_C_B,1.9
386,0.036,ALA, ,O,17.76,10.59,0.036,4.81,1.0,<Residue ALA het=  resseq=283 icode= >,1nh2_C_B,1.9
387,44.128,ALA, ,CB,18.59,12.60,43.644,3.53,1.0,<Residue ALA het=  resseq=283 icode= >,1nh2_C_B,1.9
388,5.601,GLU, ,N,20.37,12.28,5.478,4.40,1.0,<Residue GLU het=  resseq=284 icode= >,1nh2_C_B,1.9
389,0.0,GLU, ,CA,22.0,12.36,0.0,3.11,1.0,<Residue GLU het=  resseq=284 icode= >,1nh2_C_B,1.9
390,1.25,GLU, ,C,19.36,12.82,1.25,4.49,1.0,<Residue GLU het=  resseq=284 icode= >,1nh2_C_B,1.9
391,22.765,GLU, ,O,18.2,13.77,22.549,4.68,1.0,<Residue GLU het=  resseq=284 icode= >,1nh2_C_B,1.9
392,15.984,GLU, ,CB,26.05,12.62,9.719,2.81,1.0,<Residue GLU het=  resseq=284 icode= >,1nh2_C_B,1.9
393,32.401,GLU, ,CG,36.91,11.56,0.301,1.37,1.0,<Residue GLU het=  resseq=284 icode= >,1nh2_C_B,1.9
394,8.089,GLU, ,CD,43.02,10.56,0.0,2.46,1.0,<Residue GLU het=  resseq=284 icode= >,1nh2_C_B,1.9
395,8.992,GLU, ,OE1,47.42,10.95,0.0,1.80,1.0,<Residue GLU het=  resseq=284 icode= >,1nh2_C_B,1.9
396,15.892,GLU, ,OE2,48.03,9.53,0.0,1.49,1.0,<Residue GLU het=  resseq=284 icode= >,1nh2_C_B,1.9
397,0.205,TRP, ,N,19.6,11.55,0.205,4.27,1.0,<Residue TRP het=  resseq=285 icode= >,1nh2_C_B,1.9
398,5.896,TRP, ,CA,21.17,11.27,5.896,3.02,1.0,<Residue TRP het=  resseq=285 icode= >,1nh2_C_B,1.9
399,0.296,TRP, ,C,25.98,11.28,0.296,3.85,1.0,<Residue TRP het=  resseq=285 icode= >,1nh2_C_B,1.9
400,3.105,TRP, ,O,27.89,10.30,0.035,3.12,1.0,<Residue TRP het=  resseq=285 icode= >,1nh2_C_B,1.9
401,1.939,TRP, ,CB,17.33,10.02,1.831,3.16,1.0,<Residue TRP het=  resseq=285 icode= >,1nh2_C_B,1.9
402,0.345,TRP, ,CG,18.31,9.98,0.345,3.41,1.0,<Residue TRP het=  resseq=285 icode= >,1nh2_C_B,1.9
403,31.024,TRP, ,CD1,17.02,10.81,31.024,3.67,1.0,<Residue TRP het=  resseq=285 icode= >,1nh2_C_B,1.9
404,3.058,TRP, ,CD2,15.89,9.29,3.02,3.86,1.0,<Residue TRP het=  resseq=285 icode= >,1nh2_C_B,1.9
405,29.34,TRP, ,NE1,16.79,10.73,29.34,4.49,1.0,<Residue TRP het=  resseq=285 icode= >,1nh2_C_B,1.9
406,6.269,TRP, ,CE2,17.64,9.83,6.269,3.29,1.0,<Residue TRP het=  resseq=285 icode= >,1nh2_C_B,1.9
407,12.604,TRP, ,CE3,18.59,8.48,5.798,3.84,1.0,<Residue TRP het=  resseq=285 icode= >,1nh2_C_B,1.9
408,35.03,TRP, ,CZ2,17.75,9.64,34.77,3.39,1.0,<Residue TRP het=  resseq=285 icode= >,1nh2_C_B,1.9
409,35.746,TRP, ,CZ3,15.34,8.25,31.494,3.35,1.0,<Residue TRP het=  resseq=285 icode= >,1nh2_C_B,1.9
410,35.836,TRP, ,CH2,16.48,8.87,35.836,3.74,1.0,<Residue TRP het=  resseq=285 icode= >,1nh2_C_B,1.9
411,1.62,VAL, ,N,31.64,12.50,1.245,2.63,1.0,<Residue VAL het=  resseq=286 icode= >,1nh2_C_B,1.9
412,6.314,VAL, ,CA,35.56,12.10,4.146,1.86,1.0,<Residue VAL het=  resseq=286 icode= >,1nh2_C_B,1.9
413,13.169,VAL, ,C,38.55,13.25,7.383,2.04,1.0,<Residue VAL het=  resseq=286 icode= >,1nh2_C_B,1.9
414,37.462,VAL, ,O,38.35,14.16,21.875,2.37,1.0,<Residue VAL het=  resseq=286 icode= >,1nh2_C_B,1.9
415,11.031,VAL, ,CB,37.38,12.00,0.0,2.04,1.0,<Residue VAL het=  resseq=286 icode= >,1nh2_C_B,1.9
416,57.512,VAL, ,CG1,39.66,11.37,0.0,0.55,1.0,<Residue VAL het=  resseq=286 icode= >,1nh2_C_B,1.9
417,14.751,VAL, ,CG2,38.48,11.42,0.0,1.39,1.0,<Residue VAL het=  resseq=286 icode= >,1nh2_C_B,1.9
418,29.853,VAL, ,OXT,45.28,13.32,2.852,1.41,1.0,<Residue VAL het=  resseq=286 icode= >,1nh2_C_B,1.9
