,ASA,aa,altloc,atom,bfac,d2r,dASA,dens,occ,residue,id,resolu
0,21.321,ASP, ,N,30.37,1000.00,0.0,3.18,1.0,<Residue ASP het=  resseq=2 icode= >,1oj8_A_A,1.7
1,6.537,ASP, ,CA,29.56,1000.00,0.0,2.52,1.0,<Residue ASP het=  resseq=2 icode= >,1oj8_A_A,1.7
2,0.0,ASP, ,C,30.86,1000.00,0.0,2.50,1.0,<Residue ASP het=  resseq=2 icode= >,1oj8_A_A,1.7
3,0.19,ASP, ,O,29.75,1000.00,0.0,3.09,1.0,<Residue ASP het=  resseq=2 icode= >,1oj8_A_A,1.7
4,35.968,ASP, ,CB,31.81,1000.00,0.0,2.19,1.0,<Residue ASP het=  resseq=2 icode= >,1oj8_A_A,1.7
5,7.983,ASP, ,CG,31.06,1000.00,0.0,4.03,1.0,<Residue ASP het=  resseq=2 icode= >,1oj8_A_A,1.7
6,5.044,ASP, ,OD1,32.72,1000.00,0.0,3.26,1.0,<Residue ASP het=  resseq=2 icode= >,1oj8_A_A,1.7
7,18.322,ASP, ,OD2,34.37,1000.00,0.0,3.08,1.0,<Residue ASP het=  resseq=2 icode= >,1oj8_A_A,1.7
8,3.368,TRP, ,N,20.47,1000.00,0.0,3.40,1.0,<Residue TRP het=  resseq=3 icode= >,1oj8_A_A,1.7
9,0.0,TRP, ,CA,22.02,1000.00,0.0,2.52,1.0,<Residue TRP het=  resseq=3 icode= >,1oj8_A_A,1.7
10,0.0,TRP, ,C,22.83,1000.00,0.0,3.36,1.0,<Residue TRP het=  resseq=3 icode= >,1oj8_A_A,1.7
11,0.0,TRP, ,O,23.04,1000.00,0.0,3.72,1.0,<Residue TRP het=  resseq=3 icode= >,1oj8_A_A,1.7
12,9.017,TRP, ,CB,20.15,1000.00,0.0,2.66,1.0,<Residue TRP het=  resseq=3 icode= >,1oj8_A_A,1.7
13,0.0,TRP, ,CG,21.39,1000.00,0.0,2.85,1.0,<Residue TRP het=  resseq=3 icode= >,1oj8_A_A,1.7
14,17.837,TRP, ,CD1,22.54,1000.00,0.0,2.84,1.0,<Residue TRP het=  resseq=3 icode= >,1oj8_A_A,1.7
15,0.0,TRP, ,CD2,21.53,1000.00,0.0,3.12,1.0,<Residue TRP het=  resseq=3 icode= >,1oj8_A_A,1.7
16,13.931,TRP, ,NE1,22.38,1000.00,0.0,3.21,1.0,<Residue TRP het=  resseq=3 icode= >,1oj8_A_A,1.7
17,0.0,TRP, ,CE2,21.9,1000.00,0.0,2.84,1.0,<Residue TRP het=  resseq=3 icode= >,1oj8_A_A,1.7
18,0.0,TRP, ,CE3,20.01,1000.00,0.0,3.29,1.0,<Residue TRP het=  resseq=3 icode= >,1oj8_A_A,1.7
19,0.959,TRP, ,CZ2,20.65,1000.00,0.0,2.98,1.0,<Residue TRP het=  resseq=3 icode= >,1oj8_A_A,1.7
20,0.0,TRP, ,CZ3,19.07,1000.00,0.0,3.14,1.0,<Residue TRP het=  resseq=3 icode= >,1oj8_A_A,1.7
21,0.0,TRP, ,CH2,18.11,1000.00,0.0,3.93,1.0,<Residue TRP het=  resseq=3 icode= >,1oj8_A_A,1.7
22,2.307,ASP, ,N,24.07,1000.00,0.0,2.38,1.0,<Residue ASP het=  resseq=4 icode= >,1oj8_A_A,1.7
23,0.22,ASP, ,CA,24.08,1000.00,0.0,2.83,1.0,<Residue ASP het=  resseq=4 icode= >,1oj8_A_A,1.7
24,0.0,ASP, ,C,22.14,1000.00,0.0,3.74,1.0,<Residue ASP het=  resseq=4 icode= >,1oj8_A_A,1.7
25,0.107,ASP, ,O,22.12,1000.00,0.0,4.05,1.0,<Residue ASP het=  resseq=4 icode= >,1oj8_A_A,1.7
26,23.857,ASP, ,CB,27.04,1000.00,0.0,2.28,1.0,<Residue ASP het=  resseq=4 icode= >,1oj8_A_A,1.7
27,8.134,ASP, ,CG,31.24,1000.00,0.0,2.67,1.0,<Residue ASP het=  resseq=4 icode= >,1oj8_A_A,1.7
28,23.308,ASP, ,OD1,34.95,1000.00,0.0,1.85,1.0,<Residue ASP het=  resseq=4 icode= >,1oj8_A_A,1.7
29,22.728,ASP, ,OD2,35.66,1000.00,0.0,1.65,1.0,<Residue ASP het=  resseq=4 icode= >,1oj8_A_A,1.7
30,0.0,THR, ,N,19.96,1000.00,0.0,4.53,1.0,<Residue THR het=  resseq=5 icode= >,1oj8_A_A,1.7
31,1.194,THR, ,CA,20.48,1000.00,0.0,3.24,1.0,<Residue THR het=  resseq=5 icode= >,1oj8_A_A,1.7
32,0.0,THR, ,C,19.73,1000.00,0.0,3.76,1.0,<Residue THR het=  resseq=5 icode= >,1oj8_A_A,1.7
33,0.0,THR, ,O,19.67,1000.00,0.0,3.72,1.0,<Residue THR het=  resseq=5 icode= >,1oj8_A_A,1.7
34,0.923,THR, ,CB,22.6,1000.00,0.0,2.94,1.0,<Residue THR het=  resseq=5 icode= >,1oj8_A_A,1.7
35,16.71,THR, ,OG1,25.43,1000.00,0.0,3.11,1.0,<Residue THR het=  resseq=5 icode= >,1oj8_A_A,1.7
36,23.023,THR, ,CG2,24.09,1000.00,0.0,2.03,1.0,<Residue THR het=  resseq=5 icode= >,1oj8_A_A,1.7
37,0.185,PHE, ,N,16.41,1000.00,0.0,4.01,1.0,<Residue PHE het=  resseq=6 icode= >,1oj8_A_A,1.7
38,0.915,PHE, ,CA,16.88,1000.00,0.0,2.95,1.0,<Residue PHE het=  resseq=6 icode= >,1oj8_A_A,1.7
39,0.0,PHE, ,C,16.49,1000.00,0.0,4.40,1.0,<Residue PHE het=  resseq=6 icode= >,1oj8_A_A,1.7
40,0.0,PHE, ,O,16.91,1000.00,0.0,4.80,1.0,<Residue PHE het=  resseq=6 icode= >,1oj8_A_A,1.7
41,0.0,PHE, ,CB,14.82,1000.00,0.0,2.85,1.0,<Residue PHE het=  resseq=6 icode= >,1oj8_A_A,1.7
42,0.0,PHE, ,CG,13.72,1000.00,0.0,3.55,1.0,<Residue PHE het=  resseq=6 icode= >,1oj8_A_A,1.7
43,0.37,PHE, ,CD1,12.47,1000.00,0.0,3.93,1.0,<Residue PHE het=  resseq=6 icode= >,1oj8_A_A,1.7
44,0.0,PHE, ,CD2,15.47,1000.00,0.0,3.40,1.0,<Residue PHE het=  resseq=6 icode= >,1oj8_A_A,1.7
45,0.0,PHE, ,CE1,12.65,1000.00,0.0,3.75,1.0,<Residue PHE het=  resseq=6 icode= >,1oj8_A_A,1.7
46,0.0,PHE, ,CE2,14.27,1000.00,0.0,3.22,1.0,<Residue PHE het=  resseq=6 icode= >,1oj8_A_A,1.7
47,0.0,PHE, ,CZ,11.82,1000.00,0.0,4.11,1.0,<Residue PHE het=  resseq=6 icode= >,1oj8_A_A,1.7
48,0.0,GLN, ,N,15.74,1000.00,0.0,5.11,1.0,<Residue GLN het=  resseq=7 icode= >,1oj8_A_A,1.7
49,0.0,GLN, ,CA,16.42,1000.00,0.0,3.54,1.0,<Residue GLN het=  resseq=7 icode= >,1oj8_A_A,1.7
50,1.126,GLN, ,C,17.86,1000.00,0.0,4.08,1.0,<Residue GLN het=  resseq=7 icode= >,1oj8_A_A,1.7
51,3.903,GLN, ,O,16.24,1000.00,0.0,5.27,1.0,<Residue GLN het=  resseq=7 icode= >,1oj8_A_A,1.7
52,11.098,GLN, ,CB,18.44,1000.00,0.0,2.80,1.0,<Residue GLN het=  resseq=7 icode= >,1oj8_A_A,1.7
53,0.0,GLN, ,CG,19.74,1000.00,0.0,2.60,1.0,<Residue GLN het=  resseq=7 icode= >,1oj8_A_A,1.7
54,2.088,GLN, ,CD,19.72,1000.00,0.0,4.15,1.0,<Residue GLN het=  resseq=7 icode= >,1oj8_A_A,1.7
55,16.109,GLN, ,OE1,20.86,1000.00,0.0,4.76,1.0,<Residue GLN het=  resseq=7 icode= >,1oj8_A_A,1.7
56,12.073,GLN, ,NE2,21.42,1000.00,0.0,2.84,1.0,<Residue GLN het=  resseq=7 icode= >,1oj8_A_A,1.7
57,0.0,LYS, ,N,17.18,1000.00,0.0,3.82,1.0,<Residue LYS het=  resseq=8 icode= >,1oj8_A_A,1.7
58,8.112,LYS, ,CA,18.55,1000.00,0.0,3.06,1.0,<Residue LYS het=  resseq=8 icode= >,1oj8_A_A,1.7
59,0.0,LYS, ,C,19.29,1000.00,0.0,3.53,1.0,<Residue LYS het=  resseq=8 icode= >,1oj8_A_A,1.7
60,11.281,LYS, ,O,17.77,1000.00,0.0,3.89,1.0,<Residue LYS het=  resseq=8 icode= >,1oj8_A_A,1.7
61,2.687,LYS, ,CB,19.52,1000.00,0.0,2.57,1.0,<Residue LYS het=  resseq=8 icode= >,1oj8_A_A,1.7
62,16.201,LYS, ,CG,22.05,1000.00,0.0,2.52,1.0,<Residue LYS het=  resseq=8 icode= >,1oj8_A_A,1.7
63,18.726,LYS, ,CD,24.42,1000.00,0.0,2.28,1.0,<Residue LYS het=  resseq=8 icode= >,1oj8_A_A,1.7
64,45.457,LYS, ,CE,28.26,1000.00,0.0,1.81,1.0,<Residue LYS het=  resseq=8 icode= >,1oj8_A_A,1.7
65,17.316,LYS, ,NZ,31.11,1000.00,0.0,1.14,1.0,<Residue LYS het=  resseq=8 icode= >,1oj8_A_A,1.7
66,0.0,LYS, ,N,17.43,1000.00,0.0,5.40,1.0,<Residue LYS het=  resseq=9 icode= >,1oj8_A_A,1.7
67,0.0,LYS, ,CA,19.35,1000.00,0.0,3.30,1.0,<Residue LYS het=  resseq=9 icode= >,1oj8_A_A,1.7
68,0.0,LYS, ,C,18.36,1000.00,0.0,3.87,1.0,<Residue LYS het=  resseq=9 icode= >,1oj8_A_A,1.7
69,0.0,LYS, ,O,17.1,1000.00,0.0,4.94,1.0,<Residue LYS het=  resseq=9 icode= >,1oj8_A_A,1.7
70,0.0,LYS, ,CB,21.94,1000.00,0.0,2.62,1.0,<Residue LYS het=  resseq=9 icode= >,1oj8_A_A,1.7
71,0.0,LYS, ,CG,26.26,1000.00,0.0,1.32,1.0,<Residue LYS het=  resseq=9 icode= >,1oj8_A_A,1.7
72,6.63,LYS, ,CD,29.18,1000.00,0.0,1.71,1.0,<Residue LYS het=  resseq=9 icode= >,1oj8_A_A,1.7
73,26.768,LYS, ,CE,31.51,1000.00,0.0,1.41,1.0,<Residue LYS het=  resseq=9 icode= >,1oj8_A_A,1.7
74,16.799,LYS, ,NZ,33.36,1000.00,0.0,0.55,1.0,<Residue LYS het=  resseq=9 icode= >,1oj8_A_A,1.7
75,0.0,HIS, ,N,15.25,1000.00,0.0,4.70,1.0,<Residue HIS het=  resseq=10 icode= >,1oj8_A_A,1.7
76,0.0,HIS, ,CA,17.33,1000.00,0.0,4.10,1.0,<Residue HIS het=  resseq=10 icode= >,1oj8_A_A,1.7
77,0.0,HIS, ,C,16.96,1000.00,0.0,4.00,1.0,<Residue HIS het=  resseq=10 icode= >,1oj8_A_A,1.7
78,0.0,HIS, ,O,21.41,1000.00,0.0,3.08,1.0,<Residue HIS het=  resseq=10 icode= >,1oj8_A_A,1.7
79,0.0,HIS, ,CB,15.79,1000.00,0.0,3.28,1.0,<Residue HIS het=  resseq=10 icode= >,1oj8_A_A,1.7
80,0.0,HIS, ,CG,18.34,1000.00,0.0,2.96,1.0,<Residue HIS het=  resseq=10 icode= >,1oj8_A_A,1.7
81,0.0,HIS, ,ND1,16.94,1000.00,0.0,4.59,1.0,<Residue HIS het=  resseq=10 icode= >,1oj8_A_A,1.7
82,1.198,HIS, ,CD2,18.39,1000.00,0.0,2.63,1.0,<Residue HIS het=  resseq=10 icode= >,1oj8_A_A,1.7
83,13.092,HIS, ,CE1,17.14,1000.00,0.0,4.13,1.0,<Residue HIS het=  resseq=10 icode= >,1oj8_A_A,1.7
84,9.398,HIS, ,NE2,18.22,1000.00,0.0,4.64,1.0,<Residue HIS het=  resseq=10 icode= >,1oj8_A_A,1.7
85,0.0,LEU, ,N,17.66,14.68,0.0,3.87,1.0,<Residue LEU het=  resseq=11 icode= >,1oj8_A_A,1.7
86,0.0,LEU, ,CA,18.75,13.76,0.0,3.25,1.0,<Residue LEU het=  resseq=11 icode= >,1oj8_A_A,1.7
87,1.034,LEU, ,C,18.97,13.26,0.0,3.66,1.0,<Residue LEU het=  resseq=11 icode= >,1oj8_A_A,1.7
88,12.703,LEU, ,O,19.92,14.05,0.0,4.12,1.0,<Residue LEU het=  resseq=11 icode= >,1oj8_A_A,1.7
89,8.595,LEU, ,CB,18.39,14.56,0.0,3.36,1.0,<Residue LEU het=  resseq=11 icode= >,1oj8_A_A,1.7
90,0.0,LEU, ,CG,20.62,15.19,0.0,2.93,1.0,<Residue LEU het=  resseq=11 icode= >,1oj8_A_A,1.7
91,0.748,LEU, ,CD1,21.53,16.02,0.0,1.66,1.0,<Residue LEU het=  resseq=11 icode= >,1oj8_A_A,1.7
92,0.0,LEU, ,CD2,21.77,14.21,0.0,2.06,1.0,<Residue LEU het=  resseq=11 icode= >,1oj8_A_A,1.7
93,0.082,THR, ,N,18.84,10.22,0.0,3.70,1.0,<Residue THR het=  resseq=12 icode= >,1oj8_A_A,1.7
94,6.76,THR, ,CA,19.3,9.02,0.0,2.82,1.0,<Residue THR het=  resseq=12 icode= >,1oj8_A_A,1.7
95,2.276,THR, ,C,21.27,7.86,0.0,3.22,1.0,<Residue THR het=  resseq=12 icode= >,1oj8_A_A,1.7
96,0.193,THR, ,O,18.28,7.93,0.0,4.73,1.0,<Residue THR het=  resseq=12 icode= >,1oj8_A_A,1.7
97,2.401,THR, ,CB,17.7,8.53,0.0,3.23,1.0,<Residue THR het=  resseq=12 icode= >,1oj8_A_A,1.7
98,3.476,THR, ,OG1,17.49,7.47,0.0,4.44,1.0,<Residue THR het=  resseq=12 icode= >,1oj8_A_A,1.7
99,0.0,THR, ,CG2,17.77,8.27,0.0,3.00,1.0,<Residue THR het=  resseq=12 icode= >,1oj8_A_A,1.7
100,4.333,ASP, ,N,22.54,7.04,0.0,3.42,1.0,<Residue ASP het=  resseq=13 icode= >,1oj8_A_A,1.7
101,7.552,ASP, ,CA,26.84,6.02,0.0,2.43,1.0,<Residue ASP het=  resseq=13 icode= >,1oj8_A_A,1.7
102,0.0,ASP, ,C,26.39,4.65,0.0,3.65,1.0,<Residue ASP het=  resseq=13 icode= >,1oj8_A_A,1.7
103,20.052,ASP, ,O,27.42,3.67,8.701,2.91,1.0,<Residue ASP het=  resseq=13 icode= >,1oj8_A_A,1.7
104,34.212,ASP, ,CB,30.39,6.27,0.0,1.84,1.0,<Residue ASP het=  resseq=13 icode= >,1oj8_A_A,1.7
105,11.638,ASP, ,CG,33.86,6.16,0.0,2.24,1.0,<Residue ASP het=  resseq=13 icode= >,1oj8_A_A,1.7
106,41.494,ASP, ,OD1,38.75,6.69,0.0,1.08,1.0,<Residue ASP het=  resseq=13 icode= >,1oj8_A_A,1.7
107,12.087,ASP, ,OD2,34.63,5.93,0.0,2.32,1.0,<Residue ASP het=  resseq=13 icode= >,1oj8_A_A,1.7
108,0.0,THR, ,N,25.64,4.90,0.0,3.46,1.0,<Residue THR het=  resseq=14 icode= >,1oj8_A_A,1.7
109,3.428,THR, ,CA,26.39,3.75,3.428,2.48,1.0,<Residue THR het=  resseq=14 icode= >,1oj8_A_A,1.7
110,0.0,THR, ,C,25.94,4.07,0.0,3.56,1.0,<Residue THR het=  resseq=14 icode= >,1oj8_A_A,1.7
111,0.0,THR, ,O,25.75,5.10,0.0,3.74,1.0,<Residue THR het=  resseq=14 icode= >,1oj8_A_A,1.7
112,14.321,THR, ,CB,26.21,3.87,3.75,2.46,1.0,<Residue THR het=  resseq=14 icode= >,1oj8_A_A,1.7
113,11.069,THR, ,OG1,30.32,3.10,6.257,2.12,1.0,<Residue THR het=  resseq=14 icode= >,1oj8_A_A,1.7
114,19.232,THR, ,CG2,24.76,5.29,0.0,2.54,1.0,<Residue THR het=  resseq=14 icode= >,1oj8_A_A,1.7
115,3.722,LYS, ,N,26.07,3.09,3.722,3.38,1.0,<Residue LYS het=  resseq=15 icode= >,1oj8_A_A,1.7
116,0.0,LYS, ,CA,27.65,3.45,0.0,3.13,1.0,<Residue LYS het=  resseq=15 icode= >,1oj8_A_A,1.7
117,0.377,LYS, ,C,27.37,3.47,0.0,3.61,1.0,<Residue LYS het=  resseq=15 icode= >,1oj8_A_A,1.7
118,1.742,LYS, ,O,27.33,4.59,0.0,3.47,1.0,<Residue LYS het=  resseq=15 icode= >,1oj8_A_A,1.7
119,10.253,LYS, ,CB,26.66,3.35,4.548,2.52,1.0,<Residue LYS het=  resseq=15 icode= >,1oj8_A_A,1.7
120,2.047,LYS, ,CG,30.86,3.59,2.047,1.87,1.0,<Residue LYS het=  resseq=15 icode= >,1oj8_A_A,1.7
121,25.861,LYS, ,CD,32.07,3.29,24.16,1.59,1.0,<Residue LYS het=  resseq=15 icode= >,1oj8_A_A,1.7
122,14.769,LYS, ,CE,32.38,2.99,10.844,1.83,1.0,<Residue LYS het=  resseq=15 icode= >,1oj8_A_A,1.7
123,48.838,LYS, ,NZ,35.37,2.89,36.327,1.19,1.0,<Residue LYS het=  resseq=15 icode= >,1oj8_A_A,1.7
124,0.144,LYS, ,N,28.97,2.71,0.144,2.98,1.0,<Residue LYS het=  resseq=16 icode= >,1oj8_A_A,1.7
125,0.0,LYS, ,CA,29.78,3.61,0.0,2.37,1.0,<Residue LYS het=  resseq=16 icode= >,1oj8_A_A,1.7
126,0.411,LYS, ,C,28.68,4.66,0.0,2.78,1.0,<Residue LYS het=  resseq=16 icode= >,1oj8_A_A,1.7
127,0.304,LYS, ,O,28.96,4.93,0.0,3.08,1.0,<Residue LYS het=  resseq=16 icode= >,1oj8_A_A,1.7
128,8.015,LYS, ,CB,31.67,3.38,0.0,2.32,1.0,<Residue LYS het=  resseq=16 icode= >,1oj8_A_A,1.7
129,17.817,LYS, ,CG,36.48,3.08,2.006,1.01,1.0,<Residue LYS het=  resseq=16 icode= >,1oj8_A_A,1.7
130,39.454,LYS, ,CD,38.69,3.90,0.613,1.25,1.0,<Residue LYS het=  resseq=16 icode= >,1oj8_A_A,1.7
131,37.852,LYS, ,CE,41.14,3.76,0.0,0.68,1.0,<Residue LYS het=  resseq=16 icode= >,1oj8_A_A,1.7
132,40.855,LYS, ,NZ,43.2,2.90,20.114,0.61,1.0,<Residue LYS het=  resseq=16 icode= >,1oj8_A_A,1.7
133,0.0,VAL, ,N,26.82,5.63,0.0,2.81,1.0,<Residue VAL het=  resseq=17 icode= >,1oj8_A_A,1.7
134,0.773,VAL, ,CA,24.65,6.84,0.0,2.85,1.0,<Residue VAL het=  resseq=17 icode= >,1oj8_A_A,1.7
135,0.134,VAL, ,C,24.17,7.73,0.0,3.74,1.0,<Residue VAL het=  resseq=17 icode= >,1oj8_A_A,1.7
136,6.852,VAL, ,O,22.05,7.97,0.0,4.72,1.0,<Residue VAL het=  resseq=17 icode= >,1oj8_A_A,1.7
137,0.0,VAL, ,CB,23.41,7.79,0.0,3.17,1.0,<Residue VAL het=  resseq=17 icode= >,1oj8_A_A,1.7
138,5.405,VAL, ,CG1,21.58,9.10,0.0,2.71,1.0,<Residue VAL het=  resseq=17 icode= >,1oj8_A_A,1.7
139,0.552,VAL, ,CG2,22.82,7.34,0.0,2.12,1.0,<Residue VAL het=  resseq=17 icode= >,1oj8_A_A,1.7
140,1.321,LYS, ,N,22.81,8.46,0.0,3.85,1.0,<Residue LYS het=  resseq=18 icode= >,1oj8_A_A,1.7
141,8.416,LYS, ,CA,23.66,9.55,0.0,3.28,1.0,<Residue LYS het=  resseq=18 icode= >,1oj8_A_A,1.7
142,0.209,LYS, ,C,21.89,10.73,0.0,3.97,1.0,<Residue LYS het=  resseq=18 icode= >,1oj8_A_A,1.7
143,0.0,LYS, ,O,23.59,11.59,0.0,3.99,1.0,<Residue LYS het=  resseq=18 icode= >,1oj8_A_A,1.7
144,3.219,LYS, ,CB,26.82,10.07,0.0,2.13,1.0,<Residue LYS het=  resseq=18 icode= >,1oj8_A_A,1.7
145,26.869,LYS, ,CG,32.77,9.42,0.0,0.75,1.0,<Residue LYS het=  resseq=18 icode= >,1oj8_A_A,1.7
146,12.525,LYS, ,CD,33.49,8.03,0.0,0.45,1.0,<Residue LYS het=  resseq=18 icode= >,1oj8_A_A,1.7
147,43.41,LYS, ,CE,36.4,7.66,0.0,0.90,1.0,<Residue LYS het=  resseq=18 icode= >,1oj8_A_A,1.7
148,24.737,LYS, ,NZ,34.74,6.36,0.0,1.62,1.0,<Residue LYS het=  resseq=18 icode= >,1oj8_A_A,1.7
149,3.594,CYS, ,N,20.33,10.92,0.0,3.95,1.0,<Residue CYS het=  resseq=19 icode= >,1oj8_A_A,1.7
150,0.0,CYS, ,CA,19.43,12.14,0.0,3.08,1.0,<Residue CYS het=  resseq=19 icode= >,1oj8_A_A,1.7
151,0.0,CYS, ,C,20.45,13.47,0.0,3.44,1.0,<Residue CYS het=  resseq=19 icode= >,1oj8_A_A,1.7
152,0.0,CYS, ,O,18.22,14.28,0.0,5.08,1.0,<Residue CYS het=  resseq=19 icode= >,1oj8_A_A,1.7
153,4.9,CYS, ,CB,18.16,12.40,0.0,3.20,1.0,<Residue CYS het=  resseq=19 icode= >,1oj8_A_A,1.7
154,0.029,CYS, ,SG,17.34,11.38,0.0,8.90,1.0,<Residue CYS het=  resseq=19 icode= >,1oj8_A_A,1.7
155,2.955,ASP, ,N,20.67,13.80,0.0,3.07,1.0,<Residue ASP het=  resseq=20 icode= >,1oj8_A_A,1.7
156,0.0,ASP, ,CA,21.4,15.13,0.0,2.71,1.0,<Residue ASP het=  resseq=20 icode= >,1oj8_A_A,1.7
157,0.754,ASP, ,C,23.19,15.42,0.0,2.98,1.0,<Residue ASP het=  resseq=20 icode= >,1oj8_A_A,1.7
158,5.123,ASP, ,O,23.95,16.58,0.0,3.69,1.0,<Residue ASP het=  resseq=20 icode= >,1oj8_A_A,1.7
159,27.301,ASP, ,CB,22.86,15.51,0.0,2.28,1.0,<Residue ASP het=  resseq=20 icode= >,1oj8_A_A,1.7
160,5.273,ASP, ,CG,24.11,16.04,0.0,3.77,1.0,<Residue ASP het=  resseq=20 icode= >,1oj8_A_A,1.7
161,0.661,ASP, ,OD1,18.47,15.74,0.0,4.98,1.0,<Residue ASP het=  resseq=20 icode= >,1oj8_A_A,1.7
162,17.298,ASP, ,OD2,26.8,16.87,0.0,2.67,1.0,<Residue ASP het=  resseq=20 icode= >,1oj8_A_A,1.7
163,0.0,VAL, ,N,23.73,1000.00,0.0,3.30,1.0,<Residue VAL het=  resseq=21 icode= >,1oj8_A_A,1.7
164,0.242,VAL, ,CA,22.89,1000.00,0.0,3.24,1.0,<Residue VAL het=  resseq=21 icode= >,1oj8_A_A,1.7
165,0.0,VAL, ,C,22.48,1000.00,0.0,3.33,1.0,<Residue VAL het=  resseq=21 icode= >,1oj8_A_A,1.7
166,0.285,VAL, ,O,23.74,1000.00,0.0,3.05,1.0,<Residue VAL het=  resseq=21 icode= >,1oj8_A_A,1.7
167,0.0,VAL, ,CB,22.66,1000.00,0.0,2.81,1.0,<Residue VAL het=  resseq=21 icode= >,1oj8_A_A,1.7
168,35.375,VAL, ,CG1,24.24,1000.00,0.0,2.00,1.0,<Residue VAL het=  resseq=21 icode= >,1oj8_A_A,1.7
169,41.773,VAL, ,CG2,24.93,1000.00,0.0,2.11,1.0,<Residue VAL het=  resseq=21 icode= >,1oj8_A_A,1.7
170,0.0,GLU, ,N,22.5,1000.00,0.0,3.55,1.0,<Residue GLU het=  resseq=22 icode= >,1oj8_A_A,1.7
171,0.0,GLU, ,CA,23.58,1000.00,0.0,2.39,1.0,<Residue GLU het=  resseq=22 icode= >,1oj8_A_A,1.7
172,0.0,GLU, ,C,22.18,1000.00,0.0,3.20,1.0,<Residue GLU het=  resseq=22 icode= >,1oj8_A_A,1.7
173,0.0,GLU, ,O,22.29,1000.00,0.0,3.19,1.0,<Residue GLU het=  resseq=22 icode= >,1oj8_A_A,1.7
174,0.185,GLU, ,CB,27.63,1000.00,0.0,1.51,1.0,<Residue GLU het=  resseq=22 icode= >,1oj8_A_A,1.7
175,6.401,GLU, ,CG,32.87,1000.00,0.0,1.39,1.0,<Residue GLU het=  resseq=22 icode= >,1oj8_A_A,1.7
176,9.378,GLU, ,CD,37.03,1000.00,0.0,1.84,1.0,<Residue GLU het=  resseq=22 icode= >,1oj8_A_A,1.7
177,20.103,GLU, ,OE1,38.71,1000.00,0.0,1.73,1.0,<Residue GLU het=  resseq=22 icode= >,1oj8_A_A,1.7
178,23.081,GLU, ,OE2,39.72,1000.00,0.0,1.23,1.0,<Residue GLU het=  resseq=22 icode= >,1oj8_A_A,1.7
179,0.0,MET, ,N,19.84,1000.00,0.0,3.72,1.0,<Residue MET het=  resseq=23 icode= >,1oj8_A_A,1.7
180,0.0,MET, ,CA,17.13,1000.00,0.0,3.29,1.0,<Residue MET het=  resseq=23 icode= >,1oj8_A_A,1.7
181,0.0,MET, ,C,19.52,1000.00,0.0,2.73,1.0,<Residue MET het=  resseq=23 icode= >,1oj8_A_A,1.7
182,0.0,MET, ,O,15.54,1000.00,0.0,4.29,1.0,<Residue MET het=  resseq=23 icode= >,1oj8_A_A,1.7
183,0.0,MET, ,CB,18.37,1000.00,0.0,2.39,1.0,<Residue MET het=  resseq=23 icode= >,1oj8_A_A,1.7
184,0.0,MET, ,CG,14.41,1000.00,0.0,2.90,1.0,<Residue MET het=  resseq=23 icode= >,1oj8_A_A,1.7
185,0.0,MET, ,SD,16.66,1000.00,0.0,8.45,1.0,<Residue MET het=  resseq=23 icode= >,1oj8_A_A,1.7
186,0.0,MET, ,CE,15.31,1000.00,0.0,2.45,1.0,<Residue MET het=  resseq=23 icode= >,1oj8_A_A,1.7
187,0.0,LYS, ,N,20.1,1000.00,0.0,3.34,1.0,<Residue LYS het=  resseq=24 icode= >,1oj8_A_A,1.7
188,0.0,LYS, ,CA,22.82,1000.00,0.0,3.19,1.0,<Residue LYS het=  resseq=24 icode= >,1oj8_A_A,1.7
189,0.198,LYS, ,C,23.96,1000.00,0.0,3.08,1.0,<Residue LYS het=  resseq=24 icode= >,1oj8_A_A,1.7
190,21.67,LYS, ,O,24.4,1000.00,0.0,3.31,1.0,<Residue LYS het=  resseq=24 icode= >,1oj8_A_A,1.7
191,13.131,LYS, ,CB,23.41,1000.00,0.0,3.12,1.0,<Residue LYS het=  resseq=24 icode= >,1oj8_A_A,1.7
192,1.305,LYS, ,CG,26.86,1000.00,0.0,2.19,1.0,<Residue LYS het=  resseq=24 icode= >,1oj8_A_A,1.7
193,30.962,LYS, ,CD,29.74,1000.00,0.0,1.82,1.0,<Residue LYS het=  resseq=24 icode= >,1oj8_A_A,1.7
194,26.764,LYS, ,CE,32.23,1000.00,0.0,0.99,1.0,<Residue LYS het=  resseq=24 icode= >,1oj8_A_A,1.7
195,27.917,LYS, ,NZ,31.0,1000.00,0.0,1.93,1.0,<Residue LYS het=  resseq=24 icode= >,1oj8_A_A,1.7
196,0.0,LYS, ,N,25.52,1000.00,0.0,2.71,1.0,<Residue LYS het=  resseq=25 icode= >,1oj8_A_A,1.7
197,7.016,LYS, ,CA,26.77,1000.00,0.0,1.77,1.0,<Residue LYS het=  resseq=25 icode= >,1oj8_A_A,1.7
198,0.0,LYS, ,C,25.19,1000.00,0.0,3.65,1.0,<Residue LYS het=  resseq=25 icode= >,1oj8_A_A,1.7
199,0.0,LYS, ,O,25.09,1000.00,0.0,3.88,1.0,<Residue LYS het=  resseq=25 icode= >,1oj8_A_A,1.7
200,0.0,LYS, ,CB,28.61,1000.00,0.0,1.97,1.0,<Residue LYS het=  resseq=25 icode= >,1oj8_A_A,1.7
201,11.619,LYS, ,CG,28.98,1000.00,0.0,2.15,1.0,<Residue LYS het=  resseq=25 icode= >,1oj8_A_A,1.7
202,9.161,LYS, ,CD,30.68,1000.00,0.0,1.93,1.0,<Residue LYS het=  resseq=25 icode= >,1oj8_A_A,1.7
203,19.904,LYS, ,CE,33.78,1000.00,0.0,1.40,1.0,<Residue LYS het=  resseq=25 icode= >,1oj8_A_A,1.7
204,40.157,LYS, ,NZ,36.95,1000.00,0.0,0.73,1.0,<Residue LYS het=  resseq=25 icode= >,1oj8_A_A,1.7
205,8.716,ALA, ,N,24.85,1000.00,0.0,3.15,1.0,<Residue ALA het=  resseq=26 icode= >,1oj8_A_A,1.7
206,5.452,ALA, ,CA,25.14,1000.00,0.0,2.03,1.0,<Residue ALA het=  resseq=26 icode= >,1oj8_A_A,1.7
207,1.251,ALA, ,C,23.66,1000.00,0.0,4.03,1.0,<Residue ALA het=  resseq=26 icode= >,1oj8_A_A,1.7
208,14.853,ALA, ,O,23.0,1000.00,0.0,3.71,1.0,<Residue ALA het=  resseq=26 icode= >,1oj8_A_A,1.7
209,68.559,ALA, ,CB,27.5,1000.00,0.0,1.14,1.0,<Residue ALA het=  resseq=26 icode= >,1oj8_A_A,1.7
210,3.232,LEU, ,N,24.3,1000.00,0.0,2.95,1.0,<Residue LEU het=  resseq=27 icode= >,1oj8_A_A,1.7
211,7.258,LEU, ,CA,22.98,1000.00,0.0,2.87,1.0,<Residue LEU het=  resseq=27 icode= >,1oj8_A_A,1.7
212,0.0,LEU, ,C,21.29,1000.00,0.0,4.26,1.0,<Residue LEU het=  resseq=27 icode= >,1oj8_A_A,1.7
213,15.772,LEU, ,O,22.26,1000.00,0.0,3.68,1.0,<Residue LEU het=  resseq=27 icode= >,1oj8_A_A,1.7
214,5.494,LEU, ,CB,25.51,1000.00,0.0,1.85,1.0,<Residue LEU het=  resseq=27 icode= >,1oj8_A_A,1.7
215,0.0,LEU, ,CG,26.61,1000.00,0.0,1.86,1.0,<Residue LEU het=  resseq=27 icode= >,1oj8_A_A,1.7
216,22.911,LEU, ,CD1,27.25,1000.00,0.0,1.55,1.0,<Residue LEU het=  resseq=27 icode= >,1oj8_A_A,1.7
217,2.986,LEU, ,CD2,29.17,1000.00,0.0,1.12,1.0,<Residue LEU het=  resseq=27 icode= >,1oj8_A_A,1.7
218,0.0,PHE, ,N,17.37,1000.00,0.0,4.83,1.0,<Residue PHE het=  resseq=28 icode= >,1oj8_A_A,1.7
219,0.103,PHE, ,CA,17.99,1000.00,0.0,3.04,1.0,<Residue PHE het=  resseq=28 icode= >,1oj8_A_A,1.7
220,1.156,PHE, ,C,16.02,1000.00,0.0,3.67,1.0,<Residue PHE het=  resseq=28 icode= >,1oj8_A_A,1.7
221,3.035,PHE, ,O,14.9,1000.00,0.0,4.87,1.0,<Residue PHE het=  resseq=28 icode= >,1oj8_A_A,1.7
222,0.0,PHE, ,CB,17.08,1000.00,0.0,2.93,1.0,<Residue PHE het=  resseq=28 icode= >,1oj8_A_A,1.7
223,0.0,PHE, ,CG,18.58,1000.00,0.0,3.77,1.0,<Residue PHE het=  resseq=28 icode= >,1oj8_A_A,1.7
224,0.025,PHE, ,CD1,18.24,1000.00,0.0,2.88,1.0,<Residue PHE het=  resseq=28 icode= >,1oj8_A_A,1.7
225,0.0,PHE, ,CD2,20.45,1000.00,0.0,3.38,1.0,<Residue PHE het=  resseq=28 icode= >,1oj8_A_A,1.7
226,0.0,PHE, ,CE1,19.78,1000.00,0.0,3.26,1.0,<Residue PHE het=  resseq=28 icode= >,1oj8_A_A,1.7
227,2.77,PHE, ,CE2,21.88,1000.00,0.0,3.11,1.0,<Residue PHE het=  resseq=28 icode= >,1oj8_A_A,1.7
228,0.234,PHE, ,CZ,20.55,1000.00,0.0,3.09,1.0,<Residue PHE het=  resseq=28 icode= >,1oj8_A_A,1.7
229,0.0,ASP, ,N,17.21,1000.00,0.0,3.94,1.0,<Residue ASP het=  resseq=29 icode= >,1oj8_A_A,1.7
230,0.466,ASP, ,CA,16.86,1000.00,0.0,3.43,1.0,<Residue ASP het=  resseq=29 icode= >,1oj8_A_A,1.7
231,0.0,ASP, ,C,16.37,1000.00,0.0,3.79,1.0,<Residue ASP het=  resseq=29 icode= >,1oj8_A_A,1.7
232,12.502,ASP, ,O,16.38,1000.00,0.0,4.82,1.0,<Residue ASP het=  resseq=29 icode= >,1oj8_A_A,1.7
233,15.828,ASP, ,CB,18.04,1000.00,0.0,3.23,1.0,<Residue ASP het=  resseq=29 icode= >,1oj8_A_A,1.7
234,8.724,ASP, ,CG,20.9,1000.00,0.0,4.02,1.0,<Residue ASP het=  resseq=29 icode= >,1oj8_A_A,1.7
235,31.978,ASP, ,OD1,20.53,1000.00,0.0,3.80,1.0,<Residue ASP het=  resseq=29 icode= >,1oj8_A_A,1.7
236,41.378,ASP, ,OD2,21.92,1000.00,0.0,3.58,1.0,<Residue ASP het=  resseq=29 icode= >,1oj8_A_A,1.7
237,0.0,CYS, ,N,15.81,1000.00,0.0,4.25,1.0,<Residue CYS het=  resseq=30 icode= >,1oj8_A_A,1.7
238,0.0,CYS, ,CA,15.08,1000.00,0.0,3.61,1.0,<Residue CYS het=  resseq=30 icode= >,1oj8_A_A,1.7
239,0.096,CYS, ,C,15.31,1000.00,0.0,4.81,1.0,<Residue CYS het=  resseq=30 icode= >,1oj8_A_A,1.7
240,3.634,CYS, ,O,16.12,1000.00,0.0,5.30,1.0,<Residue CYS het=  resseq=30 icode= >,1oj8_A_A,1.7
241,8.723,CYS, ,CB,13.75,1000.00,0.0,2.89,1.0,<Residue CYS het=  resseq=30 icode= >,1oj8_A_A,1.7
242,19.191,CYS, ,SG,16.5,1000.00,0.0,8.81,1.0,<Residue CYS het=  resseq=30 icode= >,1oj8_A_A,1.7
243,0.0,LYS, ,N,16.58,1000.00,0.0,4.89,1.0,<Residue LYS het=  resseq=31 icode= >,1oj8_A_A,1.7
244,7.91,LYS, ,CA,18.0,1000.00,0.0,3.54,1.0,<Residue LYS het=  resseq=31 icode= >,1oj8_A_A,1.7
245,0.0,LYS, ,C,18.33,1000.00,0.0,4.42,1.0,<Residue LYS het=  resseq=31 icode= >,1oj8_A_A,1.7
246,0.0,LYS, ,O,20.3,1000.00,0.0,4.02,1.0,<Residue LYS het=  resseq=31 icode= >,1oj8_A_A,1.7
247,17.04,LYS, ,CB,17.6,1000.00,0.0,2.44,1.0,<Residue LYS het=  resseq=31 icode= >,1oj8_A_A,1.7
248,0.0,LYS, ,CG,20.08,1000.00,0.0,2.22,1.0,<Residue LYS het=  resseq=31 icode= >,1oj8_A_A,1.7
249,2.461,LYS, ,CD,26.11,1000.00,0.0,1.64,1.0,<Residue LYS het=  resseq=31 icode= >,1oj8_A_A,1.7
250,40.014,LYS, ,CE,26.8,1000.00,0.0,2.34,1.0,<Residue LYS het=  resseq=31 icode= >,1oj8_A_A,1.7
251,25.671,LYS, ,NZ,29.58,1000.00,0.0,2.29,1.0,<Residue LYS het=  resseq=31 icode= >,1oj8_A_A,1.7
252,2.351,LYS, ,N,17.81,1000.00,0.0,4.75,1.0,<Residue LYS het=  resseq=32 icode= >,1oj8_A_A,1.7
253,0.0,LYS, ,CA,19.27,1000.00,0.0,3.05,1.0,<Residue LYS het=  resseq=32 icode= >,1oj8_A_A,1.7
254,0.153,LYS, ,C,18.71,1000.00,0.0,3.85,1.0,<Residue LYS het=  resseq=32 icode= >,1oj8_A_A,1.7
255,2.683,LYS, ,O,19.25,1000.00,0.0,4.03,1.0,<Residue LYS het=  resseq=32 icode= >,1oj8_A_A,1.7
256,16.969,LYS, ,CB,20.47,1000.00,0.0,2.18,1.0,<Residue LYS het=  resseq=32 icode= >,1oj8_A_A,1.7
257,7.789,LYS, ,CG,24.23,1000.00,0.0,1.35,1.0,<Residue LYS het=  resseq=32 icode= >,1oj8_A_A,1.7
258,32.408,LYS, ,CD,26.31,1000.00,0.0,1.41,1.0,<Residue LYS het=  resseq=32 icode= >,1oj8_A_A,1.7
259,35.05,LYS, ,CE,29.2,1000.00,0.0,1.06,1.0,<Residue LYS het=  resseq=32 icode= >,1oj8_A_A,1.7
260,49.495,LYS, ,NZ,29.73,1000.00,0.0,2.27,1.0,<Residue LYS het=  resseq=32 icode= >,1oj8_A_A,1.7
261,0.422,THR, ,N,18.33,1000.00,0.0,4.29,1.0,<Residue THR het=  resseq=33 icode= >,1oj8_A_A,1.7
262,0.0,THR, ,CA,19.27,1000.00,0.0,2.98,1.0,<Residue THR het=  resseq=33 icode= >,1oj8_A_A,1.7
263,0.0,THR, ,C,18.09,1000.00,0.0,3.95,1.0,<Residue THR het=  resseq=33 icode= >,1oj8_A_A,1.7
264,1.851,THR, ,O,17.67,1000.00,0.0,5.26,1.0,<Residue THR het=  resseq=33 icode= >,1oj8_A_A,1.7
265,4.168,THR, ,CB,20.26,1000.00,0.0,3.43,1.0,<Residue THR het=  resseq=33 icode= >,1oj8_A_A,1.7
266,0.164,THR, ,OG1,22.99,1000.00,0.0,3.35,1.0,<Residue THR het=  resseq=33 icode= >,1oj8_A_A,1.7
267,51.208,THR, ,CG2,22.63,1000.00,0.0,1.68,1.0,<Residue THR het=  resseq=33 icode= >,1oj8_A_A,1.7
268,0.0,ASN, ,N,17.29,1000.00,0.0,4.54,1.0,<Residue ASN het=  resseq=34 icode= >,1oj8_A_A,1.7
269,4.023,ASN, ,CA,15.88,1000.00,0.0,3.57,1.0,<Residue ASN het=  resseq=34 icode= >,1oj8_A_A,1.7
270,0.0,ASN, ,C,15.9,1000.00,0.0,3.68,1.0,<Residue ASN het=  resseq=34 icode= >,1oj8_A_A,1.7
271,0.0,ASN, ,O,14.12,1000.00,0.0,5.74,1.0,<Residue ASN het=  resseq=34 icode= >,1oj8_A_A,1.7
272,0.0,ASN, ,CB,17.65,1000.00,0.0,3.45,1.0,<Residue ASN het=  resseq=34 icode= >,1oj8_A_A,1.7
273,0.0,ASN, ,CG,19.96,1000.00,0.0,3.21,1.0,<Residue ASN het=  resseq=34 icode= >,1oj8_A_A,1.7
274,2.57,ASN, ,OD1,20.17,1000.00,0.0,3.63,1.0,<Residue ASN het=  resseq=34 icode= >,1oj8_A_A,1.7
275,0.0,ASN, ,ND2,16.54,1000.00,0.0,4.06,1.0,<Residue ASN het=  resseq=34 icode= >,1oj8_A_A,1.7
276,2.587,THR, ,N,15.17,1000.00,0.0,4.27,1.0,<Residue THR het=  resseq=35 icode= >,1oj8_A_A,1.7
277,0.0,THR, ,CA,16.73,1000.00,0.0,3.01,1.0,<Residue THR het=  resseq=35 icode= >,1oj8_A_A,1.7
278,0.0,THR, ,C,18.03,1000.00,0.0,3.74,1.0,<Residue THR het=  resseq=35 icode= >,1oj8_A_A,1.7
279,0.0,THR, ,O,19.57,1000.00,0.0,4.07,1.0,<Residue THR het=  resseq=35 icode= >,1oj8_A_A,1.7
280,5.364,THR, ,CB,14.78,1000.00,0.0,3.43,1.0,<Residue THR het=  resseq=35 icode= >,1oj8_A_A,1.7
281,11.382,THR, ,OG1,18.84,1000.00,0.0,4.43,1.0,<Residue THR het=  resseq=35 icode= >,1oj8_A_A,1.7
282,3.876,THR, ,CG2,15.7,1000.00,0.0,2.36,1.0,<Residue THR het=  resseq=35 icode= >,1oj8_A_A,1.7
283,0.0,PHE, ,N,15.65,12.42,0.0,4.87,1.0,<Residue PHE het=  resseq=36 icode= >,1oj8_A_A,1.7
284,0.0,PHE, ,CA,17.62,12.08,0.0,3.47,1.0,<Residue PHE het=  resseq=36 icode= >,1oj8_A_A,1.7
285,0.0,PHE, ,C,15.52,11.05,0.0,3.78,1.0,<Residue PHE het=  resseq=36 icode= >,1oj8_A_A,1.7
286,0.0,PHE, ,O,16.79,10.39,0.0,4.66,1.0,<Residue PHE het=  resseq=36 icode= >,1oj8_A_A,1.7
287,0.0,PHE, ,CB,16.59,10.96,0.0,3.57,1.0,<Residue PHE het=  resseq=36 icode= >,1oj8_A_A,1.7
288,0.0,PHE, ,CG,17.68,11.36,0.0,3.24,1.0,<Residue PHE het=  resseq=36 icode= >,1oj8_A_A,1.7
289,0.0,PHE, ,CD1,18.02,11.44,0.0,3.02,1.0,<Residue PHE het=  resseq=36 icode= >,1oj8_A_A,1.7
290,0.127,PHE, ,CD2,17.4,11.90,0.0,3.18,1.0,<Residue PHE het=  resseq=36 icode= >,1oj8_A_A,1.7
291,0.0,PHE, ,CE1,17.76,12.05,0.0,3.25,1.0,<Residue PHE het=  resseq=36 icode= >,1oj8_A_A,1.7
292,9.21,PHE, ,CE2,17.52,12.48,0.0,2.99,1.0,<Residue PHE het=  resseq=36 icode= >,1oj8_A_A,1.7
293,0.0,PHE, ,CZ,17.93,12.55,0.0,3.39,1.0,<Residue PHE het=  resseq=36 icode= >,1oj8_A_A,1.7
294,0.0,ILE, ,N,15.67,11.12,0.0,4.35,1.0,<Residue ILE het=  resseq=37 icode= >,1oj8_A_A,1.7
295,0.0,ILE, ,CA,15.31,10.41,0.0,3.06,1.0,<Residue ILE het=  resseq=37 icode= >,1oj8_A_A,1.7
296,0.0,ILE, ,C,14.24,9.70,0.0,3.89,1.0,<Residue ILE het=  resseq=37 icode= >,1oj8_A_A,1.7
297,0.0,ILE, ,O,15.94,10.45,0.0,4.37,1.0,<Residue ILE het=  resseq=37 icode= >,1oj8_A_A,1.7
298,0.0,ILE, ,CB,14.01,11.53,0.0,3.55,1.0,<Residue ILE het=  resseq=37 icode= >,1oj8_A_A,1.7
299,0.0,ILE, ,CG1,12.06,12.42,0.0,3.23,1.0,<Residue ILE het=  resseq=37 icode= >,1oj8_A_A,1.7
300,0.221,ILE, ,CG2,17.44,11.06,0.0,1.99,1.0,<Residue ILE het=  resseq=37 icode= >,1oj8_A_A,1.7
301,0.0,ILE, ,CD1,14.66,13.85,0.0,2.75,1.0,<Residue ILE het=  resseq=37 icode= >,1oj8_A_A,1.7
302,0.0,PHE, ,N,17.37,8.41,0.0,3.73,1.0,<Residue PHE het=  resseq=38 icode= >,1oj8_A_A,1.7
303,0.0,PHE, ,CA,16.78,7.87,0.0,3.72,1.0,<Residue PHE het=  resseq=38 icode= >,1oj8_A_A,1.7
304,0.035,PHE, ,C,19.36,8.43,0.0,3.85,1.0,<Residue PHE het=  resseq=38 icode= >,1oj8_A_A,1.7
305,5.046,PHE, ,O,20.49,7.97,0.0,3.58,1.0,<Residue PHE het=  resseq=38 icode= >,1oj8_A_A,1.7
306,0.0,PHE, ,CB,16.57,6.35,0.0,3.45,1.0,<Residue PHE het=  resseq=38 icode= >,1oj8_A_A,1.7
307,0.001,PHE, ,CG,18.55,5.98,0.0,3.44,1.0,<Residue PHE het=  resseq=38 icode= >,1oj8_A_A,1.7
308,11.301,PHE, ,CD1,19.71,5.50,0.0,3.20,1.0,<Residue PHE het=  resseq=38 icode= >,1oj8_A_A,1.7
309,0.349,PHE, ,CD2,20.2,5.95,0.0,2.63,1.0,<Residue PHE het=  resseq=38 icode= >,1oj8_A_A,1.7
310,26.229,PHE, ,CE1,20.96,5.63,0.0,3.08,1.0,<Residue PHE het=  resseq=38 icode= >,1oj8_A_A,1.7
311,2.674,PHE, ,CE2,21.22,4.79,1.48,2.78,1.0,<Residue PHE het=  resseq=38 icode= >,1oj8_A_A,1.7
312,25.588,PHE, ,CZ,20.59,4.69,9.741,2.86,1.0,<Residue PHE het=  resseq=38 icode= >,1oj8_A_A,1.7
313,0.762,ALA, ,N,21.43,9.66,0.0,3.27,1.0,<Residue ALA het=  resseq=39 icode= >,1oj8_A_A,1.7
314,10.705,ALA, ,CA,22.28,10.51,0.0,3.21,1.0,<Residue ALA het=  resseq=39 icode= >,1oj8_A_A,1.7
315,2.304,ALA, ,C,23.67,10.92,0.0,4.00,1.0,<Residue ALA het=  resseq=39 icode= >,1oj8_A_A,1.7
316,2.89,ALA, ,O,25.58,10.91,0.0,3.68,1.0,<Residue ALA het=  resseq=39 icode= >,1oj8_A_A,1.7
317,0.0,ALA, ,CB,22.38,11.00,0.0,2.97,1.0,<Residue ALA het=  resseq=39 icode= >,1oj8_A_A,1.7
318,1.707,ARG, ,N,25.02,11.31,0.0,3.49,1.0,<Residue ARG het=  resseq=40 icode= >,1oj8_A_A,1.7
319,1.986,ARG, ,CA,25.33,11.79,0.0,2.66,1.0,<Residue ARG het=  resseq=40 icode= >,1oj8_A_A,1.7
320,0.0,ARG, ,C,24.14,13.22,0.0,4.06,1.0,<Residue ARG het=  resseq=40 icode= >,1oj8_A_A,1.7
321,0.0,ARG, ,O,22.8,13.89,0.0,4.09,1.0,<Residue ARG het=  resseq=40 icode= >,1oj8_A_A,1.7
322,5.557,ARG, ,CB,28.69,11.92,0.0,2.21,1.0,<Residue ARG het=  resseq=40 icode= >,1oj8_A_A,1.7
323,16.852,ARG, ,CG,34.83,10.68,0.0,1.56,1.0,<Residue ARG het=  resseq=40 icode= >,1oj8_A_A,1.7
324,33.037,ARG, ,CD,41.33,11.16,0.0,1.08,1.0,<Residue ARG het=  resseq=40 icode= >,1oj8_A_A,1.7
325,19.614,ARG, ,NE,46.45,10.20,0.0,0.48,1.0,<Residue ARG het=  resseq=40 icode= >,1oj8_A_A,1.7
326,7.265,ARG, ,CZ,48.98,9.71,0.0,0.95,1.0,<Residue ARG het=  resseq=40 icode= >,1oj8_A_A,1.7
327,41.416,ARG, ,NH1,50.54,10.15,0.0,0.66,1.0,<Residue ARG het=  resseq=40 icode= >,1oj8_A_A,1.7
328,58.911,ARG, ,NH2,50.99,9.01,0.0,0.44,1.0,<Residue ARG het=  resseq=40 icode= >,1oj8_A_A,1.7
329,0.0,PRO, ,N,23.63,1000.00,0.0,3.45,1.0,<Residue PRO het=  resseq=41 icode= >,1oj8_A_A,1.7
330,0.0,PRO, ,CA,22.72,1000.00,0.0,2.76,1.0,<Residue PRO het=  resseq=41 icode= >,1oj8_A_A,1.7
331,0.0,PRO, ,C,22.05,1000.00,0.0,3.89,1.0,<Residue PRO het=  resseq=41 icode= >,1oj8_A_A,1.7
332,0.0,PRO, ,O,21.24,1000.00,0.0,3.50,1.0,<Residue PRO het=  resseq=41 icode= >,1oj8_A_A,1.7
333,11.701,PRO, ,CB,23.4,1000.00,0.0,2.19,1.0,<Residue PRO het=  resseq=41 icode= >,1oj8_A_A,1.7
334,22.043,PRO, ,CG,23.06,1000.00,0.0,2.91,1.0,<Residue PRO het=  resseq=41 icode= >,1oj8_A_A,1.7
335,19.585,PRO, ,CD,24.15,1000.00,0.0,2.32,1.0,<Residue PRO het=  resseq=41 icode= >,1oj8_A_A,1.7
336,0.286,PRO, ,N,22.77,1000.00,0.0,3.39,1.0,<Residue PRO het=  resseq=42 icode= >,1oj8_A_A,1.7
337,4.566,PRO, ,CA,23.04,1000.00,0.0,2.61,1.0,<Residue PRO het=  resseq=42 icode= >,1oj8_A_A,1.7
338,2.027,PRO, ,C,22.48,1000.00,0.0,3.14,1.0,<Residue PRO het=  resseq=42 icode= >,1oj8_A_A,1.7
339,5.491,PRO, ,O,22.03,1000.00,0.0,4.13,1.0,<Residue PRO het=  resseq=42 icode= >,1oj8_A_A,1.7
340,34.437,PRO, ,CB,24.29,1000.00,0.0,1.93,1.0,<Residue PRO het=  resseq=42 icode= >,1oj8_A_A,1.7
341,42.833,PRO, ,CG,24.12,1000.00,0.0,2.46,1.0,<Residue PRO het=  resseq=42 icode= >,1oj8_A_A,1.7
342,5.039,PRO, ,CD,24.07,1000.00,0.0,2.16,1.0,<Residue PRO het=  resseq=42 icode= >,1oj8_A_A,1.7
343,1.06,ARG, ,N,23.27,1000.00,0.0,2.98,1.0,<Residue ARG het=  resseq=43 icode= >,1oj8_A_A,1.7
344,7.427,ARG, ,CA,22.77,1000.00,0.0,3.29,1.0,<Residue ARG het=  resseq=43 icode= >,1oj8_A_A,1.7
345,0.0,ARG, ,C,20.64,1000.00,0.0,4.03,1.0,<Residue ARG het=  resseq=43 icode= >,1oj8_A_A,1.7
346,2.206,ARG, ,O,19.15,1000.00,0.0,4.17,1.0,<Residue ARG het=  resseq=43 icode= >,1oj8_A_A,1.7
347,11.926,ARG, ,CB,26.48,1000.00,0.0,1.79,1.0,<Residue ARG het=  resseq=43 icode= >,1oj8_A_A,1.7
348,16.16,ARG, ,CG,29.07,1000.00,0.0,1.50,1.0,<Residue ARG het=  resseq=43 icode= >,1oj8_A_A,1.7
349,17.539,ARG, ,CD,32.52,1000.00,0.0,2.17,1.0,<Residue ARG het=  resseq=43 icode= >,1oj8_A_A,1.7
350,10.621,ARG, ,NE,36.43,1000.00,0.0,1.55,1.0,<Residue ARG het=  resseq=43 icode= >,1oj8_A_A,1.7
351,4.144,ARG, ,CZ,39.19,1000.00,0.0,1.46,1.0,<Residue ARG het=  resseq=43 icode= >,1oj8_A_A,1.7
352,7.211,ARG, ,NH1,39.9,1000.00,0.0,1.06,1.0,<Residue ARG het=  resseq=43 icode= >,1oj8_A_A,1.7
353,31.701,ARG, ,NH2,40.51,1000.00,0.0,0.55,1.0,<Residue ARG het=  resseq=43 icode= >,1oj8_A_A,1.7
354,0.0,VAL, ,N,21.02,1000.00,0.0,3.44,1.0,<Residue VAL het=  resseq=44 icode= >,1oj8_A_A,1.7
355,0.0,VAL, ,CA,20.12,1000.00,0.0,3.33,1.0,<Residue VAL het=  resseq=44 icode= >,1oj8_A_A,1.7
356,0.0,VAL, ,C,20.79,1000.00,0.0,3.98,1.0,<Residue VAL het=  resseq=44 icode= >,1oj8_A_A,1.7
357,0.0,VAL, ,O,18.94,1000.00,0.0,4.25,1.0,<Residue VAL het=  resseq=44 icode= >,1oj8_A_A,1.7
358,0.0,VAL, ,CB,22.59,1000.00,0.0,1.91,1.0,<Residue VAL het=  resseq=44 icode= >,1oj8_A_A,1.7
359,0.241,VAL, ,CG1,22.8,1000.00,0.0,1.40,1.0,<Residue VAL het=  resseq=44 icode= >,1oj8_A_A,1.7
360,0.506,VAL, ,CG2,22.81,1000.00,0.0,1.83,1.0,<Residue VAL het=  resseq=44 icode= >,1oj8_A_A,1.7
361,0.0,GLN, ,N,21.31,1000.00,0.0,3.89,1.0,<Residue GLN het=  resseq=45 icode= >,1oj8_A_A,1.7
362,0.0,GLN, ,CA,22.54,1000.00,0.0,2.40,1.0,<Residue GLN het=  resseq=45 icode= >,1oj8_A_A,1.7
363,0.072,GLN, ,C,20.92,1000.00,0.0,4.18,1.0,<Residue GLN het=  resseq=45 icode= >,1oj8_A_A,1.7
364,1.446,GLN, ,O,20.96,1000.00,0.0,3.75,1.0,<Residue GLN het=  resseq=45 icode= >,1oj8_A_A,1.7
365,0.525,GLN, ,CB,22.82,1000.00,0.0,2.75,1.0,<Residue GLN het=  resseq=45 icode= >,1oj8_A_A,1.7
366,1.297,GLN, ,CG,28.15,1000.00,0.0,1.97,1.0,<Residue GLN het=  resseq=45 icode= >,1oj8_A_A,1.7
367,1.957,GLN, ,CD,28.75,1000.00,0.0,3.18,1.0,<Residue GLN het=  resseq=45 icode= >,1oj8_A_A,1.7
368,17.501,GLN, ,OE1,28.91,1000.00,0.0,2.78,1.0,<Residue GLN het=  resseq=45 icode= >,1oj8_A_A,1.7
369,50.943,GLN, ,NE2,30.68,1000.00,0.0,2.38,1.0,<Residue GLN het=  resseq=45 icode= >,1oj8_A_A,1.7
370,0.43,ALA, ,N,20.88,1000.00,0.0,3.83,1.0,<Residue ALA het=  resseq=46 icode= >,1oj8_A_A,1.7
371,7.155,ALA, ,CA,19.76,1000.00,0.0,3.74,1.0,<Residue ALA het=  resseq=46 icode= >,1oj8_A_A,1.7
372,1.022,ALA, ,C,20.12,1000.00,0.0,3.27,1.0,<Residue ALA het=  resseq=46 icode= >,1oj8_A_A,1.7
373,6.406,ALA, ,O,21.62,1000.00,0.0,3.23,1.0,<Residue ALA het=  resseq=46 icode= >,1oj8_A_A,1.7
374,43.147,ALA, ,CB,21.16,1000.00,0.0,2.23,1.0,<Residue ALA het=  resseq=46 icode= >,1oj8_A_A,1.7
375,0.028,LEU, ,N,19.4,1000.00,0.0,3.46,1.0,<Residue LEU het=  resseq=47 icode= >,1oj8_A_A,1.7
376,4.324,LEU, ,CA,19.35,1000.00,0.0,2.75,1.0,<Residue LEU het=  resseq=47 icode= >,1oj8_A_A,1.7
377,0.049,LEU, ,C,19.09,1000.00,0.0,3.40,1.0,<Residue LEU het=  resseq=47 icode= >,1oj8_A_A,1.7
378,5.159,LEU, ,O,18.52,1000.00,0.0,4.55,1.0,<Residue LEU het=  resseq=47 icode= >,1oj8_A_A,1.7
379,0.0,LEU, ,CB,20.68,1000.00,0.0,2.36,1.0,<Residue LEU het=  resseq=47 icode= >,1oj8_A_A,1.7
380,0.06,LEU, ,CG,23.41,1000.00,0.0,2.16,1.0,<Residue LEU het=  resseq=47 icode= >,1oj8_A_A,1.7
381,0.112,LEU, ,CD1,24.45,1000.00,0.0,2.11,1.0,<Residue LEU het=  resseq=47 icode= >,1oj8_A_A,1.7
382,28.806,LEU, ,CD2,22.68,1000.00,0.0,1.84,1.0,<Residue LEU het=  resseq=47 icode= >,1oj8_A_A,1.7
383,0.0,CYS, ,N,17.54,1000.00,0.0,4.03,1.0,<Residue CYS het=  resseq=48 icode= >,1oj8_A_A,1.7
384,0.0,CYS, ,CA,17.54,1000.00,0.0,3.42,1.0,<Residue CYS het=  resseq=48 icode= >,1oj8_A_A,1.7
385,0.0,CYS, ,C,20.63,1000.00,0.0,3.82,1.0,<Residue CYS het=  resseq=48 icode= >,1oj8_A_A,1.7
386,0.0,CYS, ,O,21.72,1000.00,0.0,4.04,1.0,<Residue CYS het=  resseq=48 icode= >,1oj8_A_A,1.7
387,0.0,CYS, ,CB,15.16,1000.00,0.0,2.92,1.0,<Residue CYS het=  resseq=48 icode= >,1oj8_A_A,1.7
388,0.0,CYS, ,SG,17.2,1000.00,0.0,7.97,1.0,<Residue CYS het=  resseq=48 icode= >,1oj8_A_A,1.7
389,0.0,LYS, ,N,22.02,1000.00,0.0,3.83,1.0,<Residue LYS het=  resseq=49 icode= >,1oj8_A_A,1.7
390,0.827,LYS, ,CA,25.21,1000.00,0.0,3.52,1.0,<Residue LYS het=  resseq=49 icode= >,1oj8_A_A,1.7
391,0.0,LYS, ,C,25.8,1000.00,0.0,3.06,1.0,<Residue LYS het=  resseq=49 icode= >,1oj8_A_A,1.7
392,9.058,LYS, ,O,26.54,1000.00,0.0,3.14,1.0,<Residue LYS het=  resseq=49 icode= >,1oj8_A_A,1.7
393,5.349,LYS, ,CB,27.46,1000.00,0.0,2.00,1.0,<Residue LYS het=  resseq=49 icode= >,1oj8_A_A,1.7
394,11.001,LYS, ,CG,32.07,1000.00,0.0,1.27,1.0,<Residue LYS het=  resseq=49 icode= >,1oj8_A_A,1.7
395,37.49,LYS, ,CD,35.02,1000.00,0.0,0.90,1.0,<Residue LYS het=  resseq=49 icode= >,1oj8_A_A,1.7
396,35.129,LYS, ,CE,37.53,1000.00,0.0,1.00,1.0,<Residue LYS het=  resseq=49 icode= >,1oj8_A_A,1.7
397,26.744,LYS, ,NZ,39.77,1000.00,0.0,0.60,1.0,<Residue LYS het=  resseq=49 icode= >,1oj8_A_A,1.7
398,0.0,ASN, ,N,26.98,1000.00,0.0,3.00,1.0,<Residue ASN het=  resseq=50 icode= >,1oj8_A_A,1.7
399,8.225,ASN, ,CA,28.25,1000.00,0.0,2.04,1.0,<Residue ASN het=  resseq=50 icode= >,1oj8_A_A,1.7
400,2.888,ASN, ,C,27.34,1000.00,0.0,2.78,1.0,<Residue ASN het=  resseq=50 icode= >,1oj8_A_A,1.7
401,21.46,ASN, ,O,27.45,1000.00,0.0,3.00,1.0,<Residue ASN het=  resseq=50 icode= >,1oj8_A_A,1.7
402,22.927,ASN, ,CB,31.77,1000.00,0.0,1.38,1.0,<Residue ASN het=  resseq=50 icode= >,1oj8_A_A,1.7
403,5.775,ASN, ,CG,35.04,1000.00,0.0,1.91,1.0,<Residue ASN het=  resseq=50 icode= >,1oj8_A_A,1.7
404,33.028,ASN, ,OD1,36.9,1000.00,0.0,2.51,1.0,<Residue ASN het=  resseq=50 icode= >,1oj8_A_A,1.7
405,21.927,ASN, ,ND2,38.24,1000.00,0.0,0.42,1.0,<Residue ASN het=  resseq=50 icode= >,1oj8_A_A,1.7
406,0.0,ILE, ,N,23.94,1000.00,0.0,3.61,1.0,<Residue ILE het=  resseq=51 icode= >,1oj8_A_A,1.7
407,0.65,ILE, ,CA,23.06,1000.00,0.0,2.71,1.0,<Residue ILE het=  resseq=51 icode= >,1oj8_A_A,1.7
408,1.385,ILE, ,C,23.17,1000.00,0.0,3.69,1.0,<Residue ILE het=  resseq=51 icode= >,1oj8_A_A,1.7
409,4.939,ILE, ,O,25.46,1000.00,0.0,3.43,1.0,<Residue ILE het=  resseq=51 icode= >,1oj8_A_A,1.7
410,0.0,ILE, ,CB,20.63,1000.00,0.0,2.55,1.0,<Residue ILE het=  resseq=51 icode= >,1oj8_A_A,1.7
411,0.0,ILE, ,CG1,20.97,1000.00,0.0,2.75,1.0,<Residue ILE het=  resseq=51 icode= >,1oj8_A_A,1.7
412,1.611,ILE, ,CG2,23.56,1000.00,0.0,2.10,1.0,<Residue ILE het=  resseq=51 icode= >,1oj8_A_A,1.7
413,33.439,ILE, ,CD1,18.92,1000.00,0.0,2.33,1.0,<Residue ILE het=  resseq=51 icode= >,1oj8_A_A,1.7
414,1.808,LYS, ,N,25.93,1000.00,0.0,2.57,1.0,<Residue LYS het=  resseq=52 icode= >,1oj8_A_A,1.7
415,8.424,LYS, ,CA,27.35,1000.00,0.0,2.03,1.0,<Residue LYS het=  resseq=52 icode= >,1oj8_A_A,1.7
416,0.0,LYS, ,C,27.32,1000.00,0.0,2.96,1.0,<Residue LYS het=  resseq=52 icode= >,1oj8_A_A,1.7
417,0.0,LYS, ,O,26.71,1000.00,0.0,3.50,1.0,<Residue LYS het=  resseq=52 icode= >,1oj8_A_A,1.7
418,8.452,LYS, ,CB,30.72,1000.00,0.0,1.73,1.0,<Residue LYS het=  resseq=52 icode= >,1oj8_A_A,1.7
419,18.095,LYS, ,CG,34.43,1000.00,0.0,1.00,1.0,<Residue LYS het=  resseq=52 icode= >,1oj8_A_A,1.7
420,30.01,LYS, ,CD,38.03,1000.00,0.0,0.22,1.0,<Residue LYS het=  resseq=52 icode= >,1oj8_A_A,1.7
421,48.719,LYS, ,CE,40.34,1000.00,0.0,0.59,1.0,<Residue LYS het=  resseq=52 icode= >,1oj8_A_A,1.7
422,44.171,LYS, ,NZ,40.12,1000.00,0.0,0.87,1.0,<Residue LYS het=  resseq=52 icode= >,1oj8_A_A,1.7
423,4.45,ASN, ,N,26.71,1000.00,0.0,2.65,1.0,<Residue ASN het=  resseq=53 icode= >,1oj8_A_A,1.7
424,0.0,ASN, ,CA,27.72,1000.00,0.0,2.25,1.0,<Residue ASN het=  resseq=53 icode= >,1oj8_A_A,1.7
425,0.0,ASN, ,C,27.81,1000.00,0.0,3.37,1.0,<Residue ASN het=  resseq=53 icode= >,1oj8_A_A,1.7
426,10.922,ASN, ,O,28.49,1000.00,0.0,2.74,1.0,<Residue ASN het=  resseq=53 icode= >,1oj8_A_A,1.7
427,14.145,ASN, ,CB,27.53,1000.00,0.0,1.94,1.0,<Residue ASN het=  resseq=53 icode= >,1oj8_A_A,1.7
428,1.328,ASN, ,CG,27.4,1000.00,0.0,3.47,1.0,<Residue ASN het=  resseq=53 icode= >,1oj8_A_A,1.7
429,4.565,ASN, ,OD1,28.72,1000.00,0.0,3.28,1.0,<Residue ASN het=  resseq=53 icode= >,1oj8_A_A,1.7
430,33.992,ASN, ,ND2,29.62,1000.00,0.0,2.06,1.0,<Residue ASN het=  resseq=53 icode= >,1oj8_A_A,1.7
431,0.0,ASN, ,N,26.96,1000.00,0.0,3.36,1.0,<Residue ASN het=  resseq=54 icode= >,1oj8_A_A,1.7
432,0.0,ASN, ,CA,28.49,1000.00,0.0,2.50,1.0,<Residue ASN het=  resseq=54 icode= >,1oj8_A_A,1.7
433,0.0,ASN, ,C,28.51,1000.00,0.0,2.88,1.0,<Residue ASN het=  resseq=54 icode= >,1oj8_A_A,1.7
434,16.802,ASN, ,O,30.95,1000.00,0.0,2.36,1.0,<Residue ASN het=  resseq=54 icode= >,1oj8_A_A,1.7
435,12.933,ASN, ,CB,30.25,1000.00,0.0,1.94,1.0,<Residue ASN het=  resseq=54 icode= >,1oj8_A_A,1.7
436,4.536,ASN, ,CG,30.61,1000.00,0.0,2.73,1.0,<Residue ASN het=  resseq=54 icode= >,1oj8_A_A,1.7
437,17.697,ASN, ,OD1,29.99,1000.00,0.0,3.20,1.0,<Residue ASN het=  resseq=54 icode= >,1oj8_A_A,1.7
438,53.321,ASN, ,ND2,31.81,1000.00,0.0,1.34,1.0,<Residue ASN het=  resseq=54 icode= >,1oj8_A_A,1.7
439,0.0,THR, ,N,26.61,1000.00,0.0,3.05,1.0,<Residue THR het=  resseq=55 icode= >,1oj8_A_A,1.7
440,4.927,THR, ,CA,24.87,1000.00,0.0,2.41,1.0,<Residue THR het=  resseq=55 icode= >,1oj8_A_A,1.7
441,0.0,THR, ,C,22.86,1000.00,0.0,3.29,1.0,<Residue THR het=  resseq=55 icode= >,1oj8_A_A,1.7
442,0.0,THR, ,O,22.72,1000.00,0.0,3.19,1.0,<Residue THR het=  resseq=55 icode= >,1oj8_A_A,1.7
443,12.886,THR, ,CB,24.82,1000.00,0.0,2.30,1.0,<Residue THR het=  resseq=55 icode= >,1oj8_A_A,1.7
444,3.121,THR, ,OG1,25.9,1000.00,0.0,3.31,1.0,<Residue THR het=  resseq=55 icode= >,1oj8_A_A,1.7
445,34.432,THR, ,CG2,27.4,1000.00,0.0,1.08,1.0,<Residue THR het=  resseq=55 icode= >,1oj8_A_A,1.7
446,4.972,ASN, ,N,20.28,1000.00,0.0,4.33,1.0,<Residue ASN het=  resseq=56 icode= >,1oj8_A_A,1.7
447,0.0,ASN, ,CA,21.16,1000.00,0.0,3.13,1.0,<Residue ASN het=  resseq=56 icode= >,1oj8_A_A,1.7
448,0.0,ASN, ,C,21.3,1000.00,0.0,3.70,1.0,<Residue ASN het=  resseq=56 icode= >,1oj8_A_A,1.7
449,22.0,ASN, ,O,21.58,1000.00,0.0,3.93,1.0,<Residue ASN het=  resseq=56 icode= >,1oj8_A_A,1.7
450,8.053,ASN, ,CB,19.71,1000.00,0.0,2.75,1.0,<Residue ASN het=  resseq=56 icode= >,1oj8_A_A,1.7
451,3.446,ASN, ,CG,19.74,1000.00,0.0,4.20,1.0,<Residue ASN het=  resseq=56 icode= >,1oj8_A_A,1.7
452,16.377,ASN, ,OD1,23.46,1000.00,0.0,3.74,1.0,<Residue ASN het=  resseq=56 icode= >,1oj8_A_A,1.7
453,5.364,ASN, ,ND2,20.49,1000.00,0.0,3.44,1.0,<Residue ASN het=  resseq=56 icode= >,1oj8_A_A,1.7
454,0.0,VAL, ,N,19.85,1000.00,0.0,3.90,1.0,<Residue VAL het=  resseq=57 icode= >,1oj8_A_A,1.7
455,3.587,VAL, ,CA,18.19,1000.00,0.0,2.97,1.0,<Residue VAL het=  resseq=57 icode= >,1oj8_A_A,1.7
456,0.0,VAL, ,C,18.81,1000.00,0.0,3.56,1.0,<Residue VAL het=  resseq=57 icode= >,1oj8_A_A,1.7
457,0.0,VAL, ,O,16.24,1000.00,0.0,4.64,1.0,<Residue VAL het=  resseq=57 icode= >,1oj8_A_A,1.7
458,0.0,VAL, ,CB,19.05,1000.00,0.0,2.48,1.0,<Residue VAL het=  resseq=57 icode= >,1oj8_A_A,1.7
459,0.0,VAL, ,CG1,19.39,1000.00,0.0,3.20,1.0,<Residue VAL het=  resseq=57 icode= >,1oj8_A_A,1.7
460,21.71,VAL, ,CG2,20.05,1000.00,0.0,1.81,1.0,<Residue VAL het=  resseq=57 icode= >,1oj8_A_A,1.7
461,4.386,LEU, ,N,17.2,1000.00,0.0,3.66,1.0,<Residue LEU het=  resseq=58 icode= >,1oj8_A_A,1.7
462,0.0,LEU, ,CA,16.27,1000.00,0.0,3.63,1.0,<Residue LEU het=  resseq=58 icode= >,1oj8_A_A,1.7
463,0.0,LEU, ,C,17.0,1000.00,0.0,3.88,1.0,<Residue LEU het=  resseq=58 icode= >,1oj8_A_A,1.7
464,12.948,LEU, ,O,18.22,1000.00,0.0,4.74,1.0,<Residue LEU het=  resseq=58 icode= >,1oj8_A_A,1.7
465,12.591,LEU, ,CB,18.7,1000.00,0.0,2.50,1.0,<Residue LEU het=  resseq=58 icode= >,1oj8_A_A,1.7
466,0.303,LEU, ,CG,18.54,1000.00,0.0,2.92,1.0,<Residue LEU het=  resseq=58 icode= >,1oj8_A_A,1.7
467,0.0,LEU, ,CD1,21.19,1000.00,0.0,2.47,1.0,<Residue LEU het=  resseq=58 icode= >,1oj8_A_A,1.7
468,42.077,LEU, ,CD2,23.51,1000.00,0.0,1.48,1.0,<Residue LEU het=  resseq=58 icode= >,1oj8_A_A,1.7
469,0.0,SER, ,N,18.0,1000.00,0.0,4.15,1.0,<Residue SER het=  resseq=59 icode= >,1oj8_A_A,1.7
470,1.056,SER, ,CA,18.16,1000.00,0.0,3.97,1.0,<Residue SER het=  resseq=59 icode= >,1oj8_A_A,1.7
471,0.067,SER, ,C,19.66,1000.00,0.0,3.90,1.0,<Residue SER het=  resseq=59 icode= >,1oj8_A_A,1.7
472,2.074,SER, ,O,19.82,1000.00,0.0,4.44,1.0,<Residue SER het=  resseq=59 icode= >,1oj8_A_A,1.7
473,0.0,SER, ,CB,18.8,1000.00,0.0,3.29,1.0,<Residue SER het=  resseq=59 icode= >,1oj8_A_A,1.7
474,0.0,SER, ,OG,16.63,1000.00,0.0,4.92,1.0,<Residue SER het=  resseq=59 icode= >,1oj8_A_A,1.7
475,2.183,ARG, ,N,20.95,1000.00,0.0,3.36,1.0,<Residue ARG het=  resseq=60 icode= >,1oj8_A_A,1.7
476,7.302,ARG, ,CA,23.83,1000.00,0.0,2.29,1.0,<Residue ARG het=  resseq=60 icode= >,1oj8_A_A,1.7
477,1.273,ARG, ,C,22.87,1000.00,0.0,3.65,1.0,<Residue ARG het=  resseq=60 icode= >,1oj8_A_A,1.7
478,20.808,ARG, ,O,24.07,1000.00,0.0,3.69,1.0,<Residue ARG het=  resseq=60 icode= >,1oj8_A_A,1.7
479,9.41,ARG, ,CB,24.78,1000.00,0.0,2.53,1.0,<Residue ARG het=  resseq=60 icode= >,1oj8_A_A,1.7
480,22.77,ARG, ,CG,31.02,1000.00,0.0,2.16,1.0,<Residue ARG het=  resseq=60 icode= >,1oj8_A_A,1.7
481,38.821,ARG, ,CD,35.79,1000.00,0.0,1.23,1.0,<Residue ARG het=  resseq=60 icode= >,1oj8_A_A,1.7
482,18.709,ARG, ,NE,40.57,1000.00,0.0,1.26,1.0,<Residue ARG het=  resseq=60 icode= >,1oj8_A_A,1.7
483,5.43,ARG, ,CZ,42.49,1000.00,0.0,0.99,1.0,<Residue ARG het=  resseq=60 icode= >,1oj8_A_A,1.7
484,39.611,ARG, ,NH1,44.34,1000.00,0.0,0.28,1.0,<Residue ARG het=  resseq=60 icode= >,1oj8_A_A,1.7
485,59.71,ARG, ,NH2,43.36,1000.00,0.0,1.04,1.0,<Residue ARG het=  resseq=60 icode= >,1oj8_A_A,1.7
486,1.126,ASP, ,N,23.58,13.39,0.0,3.09,1.0,<Residue ASP het=  resseq=61 icode= >,1oj8_A_A,1.7
487,5.711,ASP, ,CA,21.81,12.16,0.0,2.60,1.0,<Residue ASP het=  resseq=61 icode= >,1oj8_A_A,1.7
488,0.0,ASP, ,C,19.57,11.11,0.0,3.90,1.0,<Residue ASP het=  resseq=61 icode= >,1oj8_A_A,1.7
489,0.0,ASP, ,O,18.44,11.53,0.0,4.90,1.0,<Residue ASP het=  resseq=61 icode= >,1oj8_A_A,1.7
490,13.07,ASP, ,CB,24.63,12.59,0.0,1.97,1.0,<Residue ASP het=  resseq=61 icode= >,1oj8_A_A,1.7
491,6.419,ASP, ,CG,30.25,12.06,0.0,2.08,1.0,<Residue ASP het=  resseq=61 icode= >,1oj8_A_A,1.7
492,16.207,ASP, ,OD1,33.11,10.87,0.0,2.05,1.0,<Residue ASP het=  resseq=61 icode= >,1oj8_A_A,1.7
493,33.812,ASP, ,OD2,33.94,12.91,0.0,1.56,1.0,<Residue ASP het=  resseq=61 icode= >,1oj8_A_A,1.7
494,0.351,VAL, ,N,18.4,9.85,0.0,3.60,1.0,<Residue VAL het=  resseq=62 icode= >,1oj8_A_A,1.7
495,0.0,VAL, ,CA,16.53,8.79,0.0,3.90,1.0,<Residue VAL het=  resseq=62 icode= >,1oj8_A_A,1.7
496,0.0,VAL, ,C,16.48,8.61,0.0,4.02,1.0,<Residue VAL het=  resseq=62 icode= >,1oj8_A_A,1.7
497,6.006,VAL, ,O,16.78,8.83,0.0,5.35,1.0,<Residue VAL het=  resseq=62 icode= >,1oj8_A_A,1.7
498,0.094,VAL, ,CB,16.98,7.50,0.0,3.04,1.0,<Residue VAL het=  resseq=62 icode= >,1oj8_A_A,1.7
499,34.077,VAL, ,CG1,17.87,7.94,0.0,2.88,1.0,<Residue VAL het=  resseq=62 icode= >,1oj8_A_A,1.7
500,44.663,VAL, ,CG2,18.6,7.24,0.0,2.48,1.0,<Residue VAL het=  resseq=62 icode= >,1oj8_A_A,1.7
501,0.0,PHE, ,N,16.36,8.31,0.0,4.21,1.0,<Residue PHE het=  resseq=63 icode= >,1oj8_A_A,1.7
502,4.843,PHE, ,CA,16.41,8.17,0.0,3.42,1.0,<Residue PHE het=  resseq=63 icode= >,1oj8_A_A,1.7
503,1.231,PHE, ,C,16.03,7.17,0.0,4.15,1.0,<Residue PHE het=  resseq=63 icode= >,1oj8_A_A,1.7
504,0.0,PHE, ,O,16.45,6.86,0.0,4.97,1.0,<Residue PHE het=  resseq=63 icode= >,1oj8_A_A,1.7
505,0.0,PHE, ,CB,15.96,9.09,0.0,3.57,1.0,<Residue PHE het=  resseq=63 icode= >,1oj8_A_A,1.7
506,0.0,PHE, ,CG,13.95,10.23,0.0,4.51,1.0,<Residue PHE het=  resseq=63 icode= >,1oj8_A_A,1.7
507,0.0,PHE, ,CD1,14.28,11.34,0.0,4.05,1.0,<Residue PHE het=  resseq=63 icode= >,1oj8_A_A,1.7
508,0.057,PHE, ,CD2,16.62,10.33,0.0,3.53,1.0,<Residue PHE het=  resseq=63 icode= >,1oj8_A_A,1.7
509,0.0,PHE, ,CE1,14.09,12.42,0.0,3.99,1.0,<Residue PHE het=  resseq=63 icode= >,1oj8_A_A,1.7
510,0.0,PHE, ,CE2,13.11,11.51,0.0,3.97,1.0,<Residue PHE het=  resseq=63 icode= >,1oj8_A_A,1.7
511,1.313,PHE, ,CZ,17.87,12.50,0.0,3.24,1.0,<Residue PHE het=  resseq=63 icode= >,1oj8_A_A,1.7
512,5.322,TYR, ,N,16.24,6.08,0.0,4.97,1.0,<Residue TYR het=  resseq=64 icode= >,1oj8_A_A,1.7
513,0.0,TYR, ,CA,17.51,5.31,0.0,3.40,1.0,<Residue TYR het=  resseq=64 icode= >,1oj8_A_A,1.7
514,0.0,TYR, ,C,17.65,6.31,0.0,4.02,1.0,<Residue TYR het=  resseq=64 icode= >,1oj8_A_A,1.7
515,0.0,TYR, ,O,17.13,6.80,0.0,5.46,1.0,<Residue TYR het=  resseq=64 icode= >,1oj8_A_A,1.7
516,11.671,TYR, ,CB,20.82,3.91,4.66,2.44,1.0,<Residue TYR het=  resseq=64 icode= >,1oj8_A_A,1.7
517,0.451,TYR, ,CG,20.82,3.57,0.451,3.06,1.0,<Residue TYR het=  resseq=64 icode= >,1oj8_A_A,1.7
518,7.187,TYR, ,CD1,25.73,3.43,7.187,1.84,1.0,<Residue TYR het=  resseq=64 icode= >,1oj8_A_A,1.7
519,0.0,TYR, ,CD2,25.25,3.97,0.0,2.12,1.0,<Residue TYR het=  resseq=64 icode= >,1oj8_A_A,1.7
520,18.922,TYR, ,CE1,25.04,3.37,12.564,2.74,1.0,<Residue TYR het=  resseq=64 icode= >,1oj8_A_A,1.7
521,0.0,TYR, ,CE2,23.74,4.47,0.0,3.02,1.0,<Residue TYR het=  resseq=64 icode= >,1oj8_A_A,1.7
522,3.434,TYR, ,CZ,26.41,4.04,2.717,3.30,1.0,<Residue TYR het=  resseq=64 icode= >,1oj8_A_A,1.7
523,27.685,TYR, ,OH,28.28,4.63,0.603,3.33,1.0,<Residue TYR het=  resseq=64 icode= >,1oj8_A_A,1.7
524,0.0,LEU, ,N,18.21,6.89,0.0,3.47,1.0,<Residue LEU het=  resseq=65 icode= >,1oj8_A_A,1.7
525,0.0,LEU, ,CA,16.58,8.10,0.0,2.77,1.0,<Residue LEU het=  resseq=65 icode= >,1oj8_A_A,1.7
526,0.0,LEU, ,C,16.0,8.31,0.0,3.97,1.0,<Residue LEU het=  resseq=65 icode= >,1oj8_A_A,1.7
527,1.128,LEU, ,O,16.88,8.64,0.0,4.72,1.0,<Residue LEU het=  resseq=65 icode= >,1oj8_A_A,1.7
528,0.971,LEU, ,CB,15.89,9.30,0.0,2.44,1.0,<Residue LEU het=  resseq=65 icode= >,1oj8_A_A,1.7
529,0.0,LEU, ,CG,17.12,9.48,0.0,2.41,1.0,<Residue LEU het=  resseq=65 icode= >,1oj8_A_A,1.7
530,2.119,LEU, ,CD1,17.12,10.06,0.0,2.55,1.0,<Residue LEU het=  resseq=65 icode= >,1oj8_A_A,1.7
531,0.0,LEU, ,CD2,15.87,9.91,0.0,3.38,1.0,<Residue LEU het=  resseq=65 icode= >,1oj8_A_A,1.7
532,0.0,PRO, ,N,15.56,8.11,0.0,4.78,1.0,<Residue PRO het=  resseq=66 icode= >,1oj8_A_A,1.7
533,0.07,PRO, ,CA,16.07,8.68,0.0,3.01,1.0,<Residue PRO het=  resseq=66 icode= >,1oj8_A_A,1.7
534,0.0,PRO, ,C,16.66,10.15,0.0,4.35,1.0,<Residue PRO het=  resseq=66 icode= >,1oj8_A_A,1.7
535,0.0,PRO, ,O,16.86,10.80,0.0,5.41,1.0,<Residue PRO het=  resseq=66 icode= >,1oj8_A_A,1.7
536,0.255,PRO, ,CB,16.41,8.06,0.0,2.60,1.0,<Residue PRO het=  resseq=66 icode= >,1oj8_A_A,1.7
537,0.0,PRO, ,CG,19.2,7.51,0.0,2.73,1.0,<Residue PRO het=  resseq=66 icode= >,1oj8_A_A,1.7
538,0.0,PRO, ,CD,15.83,7.73,0.0,3.60,1.0,<Residue PRO het=  resseq=66 icode= >,1oj8_A_A,1.7
539,0.0,GLN, ,N,16.09,10.59,0.0,3.68,1.0,<Residue GLN het=  resseq=67 icode= >,1oj8_A_A,1.7
540,0.0,GLN, ,CA,15.42,11.96,0.0,3.21,1.0,<Residue GLN het=  resseq=67 icode= >,1oj8_A_A,1.7
541,0.0,GLN, ,C,17.27,12.54,0.0,3.46,1.0,<Residue GLN het=  resseq=67 icode= >,1oj8_A_A,1.7
542,0.0,GLN, ,O,18.24,12.41,0.0,4.10,1.0,<Residue GLN het=  resseq=67 icode= >,1oj8_A_A,1.7
543,2.681,GLN, ,CB,15.77,12.09,0.0,3.44,1.0,<Residue GLN het=  resseq=67 icode= >,1oj8_A_A,1.7
544,0.0,GLN, ,CG,18.4,13.57,0.0,3.05,1.0,<Residue GLN het=  resseq=67 icode= >,1oj8_A_A,1.7
545,2.265,GLN, ,CD,21.45,13.84,0.0,3.76,1.0,<Residue GLN het=  resseq=67 icode= >,1oj8_A_A,1.7
546,20.43,GLN, ,OE1,19.97,13.67,0.0,4.52,1.0,<Residue GLN het=  resseq=67 icode= >,1oj8_A_A,1.7
547,31.27,GLN, ,NE2,23.91,14.44,0.0,2.86,1.0,<Residue GLN het=  resseq=67 icode= >,1oj8_A_A,1.7
548,0.0,CYS, ,N,15.01,13.08,0.0,4.24,1.0,<Residue CYS het=  resseq=68 icode= >,1oj8_A_A,1.7
549,0.0,CYS, ,CA,15.2,13.55,0.0,3.42,1.0,<Residue CYS het=  resseq=68 icode= >,1oj8_A_A,1.7
550,0.0,CYS, ,C,14.2,15.02,0.0,4.35,1.0,<Residue CYS het=  resseq=68 icode= >,1oj8_A_A,1.7
551,0.0,CYS, ,O,15.75,15.82,0.0,4.72,1.0,<Residue CYS het=  resseq=68 icode= >,1oj8_A_A,1.7
552,0.0,CYS, ,CB,12.38,13.57,0.0,3.53,1.0,<Residue CYS het=  resseq=68 icode= >,1oj8_A_A,1.7
553,0.0,CYS, ,SG,15.67,12.02,0.0,9.70,1.0,<Residue CYS het=  resseq=68 icode= >,1oj8_A_A,1.7
554,0.0,ASN, ,N,15.95,1000.00,0.0,3.97,1.0,<Residue ASN het=  resseq=69 icode= >,1oj8_A_A,1.7
555,0.0,ASN, ,CA,15.63,1000.00,0.0,2.73,1.0,<Residue ASN het=  resseq=69 icode= >,1oj8_A_A,1.7
556,0.0,ASN, ,C,17.78,1000.00,0.0,3.19,1.0,<Residue ASN het=  resseq=69 icode= >,1oj8_A_A,1.7
557,0.674,ASN, ,O,16.56,1000.00,0.0,4.34,1.0,<Residue ASN het=  resseq=69 icode= >,1oj8_A_A,1.7
558,18.166,ASN, ,CB,15.76,1000.00,0.0,3.12,1.0,<Residue ASN het=  resseq=69 icode= >,1oj8_A_A,1.7
559,5.614,ASN, ,CG,17.7,1000.00,0.0,3.38,1.0,<Residue ASN het=  resseq=69 icode= >,1oj8_A_A,1.7
560,7.748,ASN, ,OD1,17.67,1000.00,0.0,3.93,1.0,<Residue ASN het=  resseq=69 icode= >,1oj8_A_A,1.7
561,7.463,ASN, ,ND2,20.41,1000.00,0.0,3.41,1.0,<Residue ASN het=  resseq=69 icode= >,1oj8_A_A,1.7
562,0.719,ARG, ,N,17.55,1000.00,0.0,3.94,1.0,<Residue ARG het=  resseq=70 icode= >,1oj8_A_A,1.7
563,0.0,ARG, ,CA,18.03,1000.00,0.0,3.31,1.0,<Residue ARG het=  resseq=70 icode= >,1oj8_A_A,1.7
564,0.369,ARG, ,C,19.13,1000.00,0.0,3.98,1.0,<Residue ARG het=  resseq=70 icode= >,1oj8_A_A,1.7
565,25.948,ARG, ,O,17.78,1000.00,0.0,5.11,1.0,<Residue ARG het=  resseq=70 icode= >,1oj8_A_A,1.7
566,2.893,ARG, ,CB,17.99,1000.00,0.0,2.73,1.0,<Residue ARG het=  resseq=70 icode= >,1oj8_A_A,1.7
567,0.877,ARG, ,CG,17.53,1000.00,0.0,2.96,1.0,<Residue ARG het=  resseq=70 icode= >,1oj8_A_A,1.7
568,0.0,ARG, ,CD,16.74,1000.00,0.0,3.45,1.0,<Residue ARG het=  resseq=70 icode= >,1oj8_A_A,1.7
569,4.656,ARG, ,NE,15.3,1000.00,0.0,4.16,1.0,<Residue ARG het=  resseq=70 icode= >,1oj8_A_A,1.7
570,0.0,ARG, ,CZ,14.4,1000.00,0.0,3.82,1.0,<Residue ARG het=  resseq=70 icode= >,1oj8_A_A,1.7
571,15.652,ARG, ,NH1,19.49,1000.00,0.0,2.54,1.0,<Residue ARG het=  resseq=70 icode= >,1oj8_A_A,1.7
572,27.348,ARG, ,NH2,17.54,1000.00,0.0,3.46,1.0,<Residue ARG het=  resseq=70 icode= >,1oj8_A_A,1.7
573,0.0,LYS, ,N,19.33,1000.00,0.0,4.35,1.0,<Residue LYS het=  resseq=71 icode= >,1oj8_A_A,1.7
574,2.649,LYS, ,CA,22.06,1000.00,0.0,3.15,1.0,<Residue LYS het=  resseq=71 icode= >,1oj8_A_A,1.7
575,2.386,LYS, ,C,22.38,1000.00,0.0,3.69,1.0,<Residue LYS het=  resseq=71 icode= >,1oj8_A_A,1.7
576,21.548,LYS, ,O,21.66,1000.00,0.0,3.67,1.0,<Residue LYS het=  resseq=71 icode= >,1oj8_A_A,1.7
577,0.092,LYS, ,CB,26.1,1000.00,0.0,2.21,1.0,<Residue LYS het=  resseq=71 icode= >,1oj8_A_A,1.7
578,11.8,LYS, ,CG,32.7,1000.00,0.0,0.50,1.0,<Residue LYS het=  resseq=71 icode= >,1oj8_A_A,1.7
579,4.263,LYS, ,CD,36.68,1000.00,0.0,-0.43,1.0,<Residue LYS het=  resseq=71 icode= >,1oj8_A_A,1.7
580,23.233,LYS, ,CE,36.27,1000.00,0.0,1.13,1.0,<Residue LYS het=  resseq=71 icode= >,1oj8_A_A,1.7
581,40.846,LYS, ,NZ,38.59,1000.00,0.0,0.85,1.0,<Residue LYS het=  resseq=71 icode= >,1oj8_A_A,1.7
582,0.0,LYS, ,N,20.92,1000.00,0.0,3.50,1.0,<Residue LYS het=  resseq=72 icode= >,1oj8_A_A,1.7
583,4.86,LYS, ,CA,20.93,1000.00,0.0,2.86,1.0,<Residue LYS het=  resseq=72 icode= >,1oj8_A_A,1.7
584,0.171,LYS, ,C,19.96,1000.00,0.0,3.89,1.0,<Residue LYS het=  resseq=72 icode= >,1oj8_A_A,1.7
585,0.0,LYS, ,O,19.11,1000.00,0.0,4.87,1.0,<Residue LYS het=  resseq=72 icode= >,1oj8_A_A,1.7
586,9.399,LYS, ,CB,21.43,1000.00,0.0,2.62,1.0,<Residue LYS het=  resseq=72 icode= >,1oj8_A_A,1.7
587,5.855,LYS, ,CG,24.43,1000.00,0.0,2.78,1.0,<Residue LYS het=  resseq=72 icode= >,1oj8_A_A,1.7
588,25.799,LYS, ,CD,26.58,1000.00,0.0,2.36,1.0,<Residue LYS het=  resseq=72 icode= >,1oj8_A_A,1.7
589,37.096,LYS, ,CE,30.07,1000.00,0.0,1.14,1.0,<Residue LYS het=  resseq=72 icode= >,1oj8_A_A,1.7
590,35.195,LYS, ,NZ,32.07,1000.00,0.0,1.26,1.0,<Residue LYS het=  resseq=72 icode= >,1oj8_A_A,1.7
591,6.243,LEU, ,N,19.75,1000.00,0.0,3.76,1.0,<Residue LEU het=  resseq=73 icode= >,1oj8_A_A,1.7
592,0.0,LEU, ,CA,20.09,1000.00,0.0,3.68,1.0,<Residue LEU het=  resseq=73 icode= >,1oj8_A_A,1.7
593,0.788,LEU, ,C,20.29,1000.00,0.0,3.79,1.0,<Residue LEU het=  resseq=73 icode= >,1oj8_A_A,1.7
594,23.892,LEU, ,O,18.9,1000.00,0.0,4.29,1.0,<Residue LEU het=  resseq=73 icode= >,1oj8_A_A,1.7
595,16.41,LEU, ,CB,23.05,1000.00,0.0,2.15,1.0,<Residue LEU het=  resseq=73 icode= >,1oj8_A_A,1.7
596,11.109,LEU, ,CG,24.81,1000.00,0.0,2.31,1.0,<Residue LEU het=  resseq=73 icode= >,1oj8_A_A,1.7
597,66.496,LEU, ,CD1,28.93,1000.00,0.0,1.42,1.0,<Residue LEU het=  resseq=73 icode= >,1oj8_A_A,1.7
598,17.317,LEU, ,CD2,23.18,1000.00,0.0,2.43,1.0,<Residue LEU het=  resseq=73 icode= >,1oj8_A_A,1.7
599,0.0,PRO, ,N,19.03,1000.00,0.0,3.87,1.0,<Residue PRO het=  resseq=74 icode= >,1oj8_A_A,1.7
600,0.512,PRO, ,CA,20.35,1000.00,0.0,2.72,1.0,<Residue PRO het=  resseq=74 icode= >,1oj8_A_A,1.7
601,0.0,PRO, ,C,20.87,1000.00,0.0,3.69,1.0,<Residue PRO het=  resseq=74 icode= >,1oj8_A_A,1.7
602,3.163,PRO, ,O,18.89,1000.00,0.0,4.60,1.0,<Residue PRO het=  resseq=74 icode= >,1oj8_A_A,1.7
603,34.786,PRO, ,CB,19.74,1000.00,0.0,2.11,1.0,<Residue PRO het=  resseq=74 icode= >,1oj8_A_A,1.7
604,32.657,PRO, ,CG,19.9,1000.00,0.0,2.42,1.0,<Residue PRO het=  resseq=74 icode= >,1oj8_A_A,1.7
605,36.402,PRO, ,CD,18.77,1000.00,0.0,2.89,1.0,<Residue PRO het=  resseq=74 icode= >,1oj8_A_A,1.7
606,1.214,CYS, ,N,19.53,1000.00,0.0,4.12,1.0,<Residue CYS het=  resseq=75 icode= >,1oj8_A_A,1.7
607,0.0,CYS, ,CA,17.88,1000.00,0.0,2.75,1.0,<Residue CYS het=  resseq=75 icode= >,1oj8_A_A,1.7
608,3.172,CYS, ,C,16.55,1000.00,0.0,4.63,1.0,<Residue CYS het=  resseq=75 icode= >,1oj8_A_A,1.7
609,3.761,CYS, ,O,16.84,1000.00,0.0,5.00,1.0,<Residue CYS het=  resseq=75 icode= >,1oj8_A_A,1.7
610,16.184,CYS, ,CB,19.53,1000.00,0.0,2.04,1.0,<Residue CYS het=  resseq=75 icode= >,1oj8_A_A,1.7
611,0.0,CYS, ,SG,18.47,1000.00,0.0,7.07,1.0,<Residue CYS het=  resseq=75 icode= >,1oj8_A_A,1.7
612,0.206,HIS, ,N,15.34,1000.00,0.0,4.39,1.0,<Residue HIS het=  resseq=76 icode= >,1oj8_A_A,1.7
613,0.176,HIS, ,CA,16.72,1000.00,0.0,2.97,1.0,<Residue HIS het=  resseq=76 icode= >,1oj8_A_A,1.7
614,0.0,HIS, ,C,15.27,1000.00,0.0,3.99,1.0,<Residue HIS het=  resseq=76 icode= >,1oj8_A_A,1.7
615,0.0,HIS, ,O,16.37,1000.00,0.0,4.94,1.0,<Residue HIS het=  resseq=76 icode= >,1oj8_A_A,1.7
616,15.82,HIS, ,CB,17.79,1000.00,0.0,2.66,1.0,<Residue HIS het=  resseq=76 icode= >,1oj8_A_A,1.7
617,2.931,HIS, ,CG,21.34,1000.00,0.0,3.04,1.0,<Residue HIS het=  resseq=76 icode= >,1oj8_A_A,1.7
618,6.319,HIS, ,ND1,24.46,1000.00,0.0,2.67,1.0,<Residue HIS het=  resseq=76 icode= >,1oj8_A_A,1.7
619,1.706,HIS, ,CD2,22.68,1000.00,0.0,1.94,1.0,<Residue HIS het=  resseq=76 icode= >,1oj8_A_A,1.7
620,31.426,HIS, ,CE1,25.84,1000.00,0.0,2.22,1.0,<Residue HIS het=  resseq=76 icode= >,1oj8_A_A,1.7
621,21.665,HIS, ,NE2,23.09,1000.00,0.0,3.17,1.0,<Residue HIS het=  resseq=76 icode= >,1oj8_A_A,1.7
622,0.0,TYR, ,N,16.76,1000.00,0.0,4.27,1.0,<Residue TYR het=  resseq=77 icode= >,1oj8_A_A,1.7
623,0.0,TYR, ,CA,17.24,1000.00,0.0,3.00,1.0,<Residue TYR het=  resseq=77 icode= >,1oj8_A_A,1.7
624,0.01,TYR, ,C,17.94,1000.00,0.0,4.18,1.0,<Residue TYR het=  resseq=77 icode= >,1oj8_A_A,1.7
625,11.312,TYR, ,O,18.94,1000.00,0.0,4.24,1.0,<Residue TYR het=  resseq=77 icode= >,1oj8_A_A,1.7
626,0.0,TYR, ,CB,17.94,1000.00,0.0,2.90,1.0,<Residue TYR het=  resseq=77 icode= >,1oj8_A_A,1.7
627,0.0,TYR, ,CG,17.34,1000.00,0.0,3.71,1.0,<Residue TYR het=  resseq=77 icode= >,1oj8_A_A,1.7
628,0.0,TYR, ,CD1,16.68,1000.00,0.0,3.35,1.0,<Residue TYR het=  resseq=77 icode= >,1oj8_A_A,1.7
629,0.0,TYR, ,CD2,17.69,1000.00,0.0,2.63,1.0,<Residue TYR het=  resseq=77 icode= >,1oj8_A_A,1.7
630,0.0,TYR, ,CE1,15.21,1000.00,0.0,3.81,1.0,<Residue TYR het=  resseq=77 icode= >,1oj8_A_A,1.7
631,0.0,TYR, ,CE2,15.14,1000.00,0.0,3.63,1.0,<Residue TYR het=  resseq=77 icode= >,1oj8_A_A,1.7
632,0.0,TYR, ,CZ,14.8,1000.00,0.0,4.05,1.0,<Residue TYR het=  resseq=77 icode= >,1oj8_A_A,1.7
633,0.0,TYR, ,OH,15.05,1000.00,0.0,4.46,1.0,<Residue TYR het=  resseq=77 icode= >,1oj8_A_A,1.7
634,0.0,ARG, ,N,18.03,15.24,0.0,4.57,1.0,<Residue ARG het=  resseq=78 icode= >,1oj8_A_A,1.7
635,4.738,ARG, ,CA,20.89,14.50,0.0,2.97,1.0,<Residue ARG het=  resseq=78 icode= >,1oj8_A_A,1.7
636,0.0,ARG, ,C,21.37,13.41,0.0,3.34,1.0,<Residue ARG het=  resseq=78 icode= >,1oj8_A_A,1.7
637,0.0,ARG, ,O,20.17,13.76,0.0,4.01,1.0,<Residue ARG het=  resseq=78 icode= >,1oj8_A_A,1.7
638,4.63,ARG, ,CB,25.19,15.45,0.0,2.01,1.0,<Residue ARG het=  resseq=78 icode= >,1oj8_A_A,1.7
639,5.541,ARG, ,CG,29.22,14.88,0.0,1.98,1.0,<Residue ARG het=  resseq=78 icode= >,1oj8_A_A,1.7
640,31.483,ARG, ,CD,34.53,15.85,0.0,0.72,1.0,<Residue ARG het=  resseq=78 icode= >,1oj8_A_A,1.7
641,7.074,ARG, ,NE,38.85,17.23,0.0,1.19,1.0,<Residue ARG het=  resseq=78 icode= >,1oj8_A_A,1.7
642,7.038,ARG, ,CZ,41.1,18.29,0.0,1.74,1.0,<Residue ARG het=  resseq=78 icode= >,1oj8_A_A,1.7
643,28.026,ARG, ,NH1,42.04,19.50,0.0,1.24,1.0,<Residue ARG het=  resseq=78 icode= >,1oj8_A_A,1.7
644,50.426,ARG, ,NH2,43.36,18.21,0.0,0.78,1.0,<Residue ARG het=  resseq=78 icode= >,1oj8_A_A,1.7
645,6.519,LEU, ,N,20.76,12.20,0.0,3.95,1.0,<Residue LEU het=  resseq=79 icode= >,1oj8_A_A,1.7
646,0.0,LEU, ,CA,20.69,11.13,0.0,3.12,1.0,<Residue LEU het=  resseq=79 icode= >,1oj8_A_A,1.7
647,0.0,LEU, ,C,20.84,11.33,0.0,3.30,1.0,<Residue LEU het=  resseq=79 icode= >,1oj8_A_A,1.7
648,18.23,LEU, ,O,20.18,11.42,0.0,4.26,1.0,<Residue LEU het=  resseq=79 icode= >,1oj8_A_A,1.7
649,15.744,LEU, ,CB,20.57,9.74,0.0,2.33,1.0,<Residue LEU het=  resseq=79 icode= >,1oj8_A_A,1.7
650,4.897,LEU, ,CG,18.94,8.57,0.0,2.53,1.0,<Residue LEU het=  resseq=79 icode= >,1oj8_A_A,1.7
651,0.0,LEU, ,CD1,19.51,8.82,0.0,2.65,1.0,<Residue LEU het=  resseq=79 icode= >,1oj8_A_A,1.7
652,26.962,LEU, ,CD2,21.91,7.25,0.0,1.71,1.0,<Residue LEU het=  resseq=79 icode= >,1oj8_A_A,1.7
653,0.0,ASP, ,N,21.03,11.21,0.0,3.39,1.0,<Residue ASP het=  resseq=80 icode= >,1oj8_A_A,1.7
654,4.683,ASP, ,CA,20.78,10.53,0.0,3.29,1.0,<Residue ASP het=  resseq=80 icode= >,1oj8_A_A,1.7
655,2.693,ASP, ,C,20.97,9.30,0.0,3.56,1.0,<Residue ASP het=  resseq=80 icode= >,1oj8_A_A,1.7
656,0.201,ASP, ,O,19.46,9.18,0.0,4.03,1.0,<Residue ASP het=  resseq=80 icode= >,1oj8_A_A,1.7
657,10.469,ASP, ,CB,21.74,11.57,0.0,3.21,1.0,<Residue ASP het=  resseq=80 icode= >,1oj8_A_A,1.7
658,8.016,ASP, ,CG,27.17,12.72,0.0,2.80,1.0,<Residue ASP het=  resseq=80 icode= >,1oj8_A_A,1.7
659,25.364,ASP, ,OD1,27.36,12.55,0.0,2.96,1.0,<Residue ASP het=  resseq=80 icode= >,1oj8_A_A,1.7
660,12.0,ASP, ,OD2,27.35,13.89,0.0,2.89,1.0,<Residue ASP het=  resseq=80 icode= >,1oj8_A_A,1.7
661,8.832,GLY, ,N,20.78,8.58,0.0,3.61,1.0,<Residue GLY het=  resseq=81 icode= >,1oj8_A_A,1.7
662,3.386,GLY, ,CA,21.97,7.51,0.0,2.53,1.0,<Residue GLY het=  resseq=81 icode= >,1oj8_A_A,1.7
663,4.521,GLY, ,C,22.01,7.37,0.0,3.48,1.0,<Residue GLY het=  resseq=81 icode= >,1oj8_A_A,1.7
664,26.494,GLY, ,O,24.97,7.88,0.0,3.19,1.0,<Residue GLY het=  resseq=81 icode= >,1oj8_A_A,1.7
665,0.033,SER, ,N,20.77,7.01,0.0,3.70,1.0,<Residue SER het=  resseq=82 icode= >,1oj8_A_A,1.7
666,10.692,SER, ,CA,18.98,6.42,0.0,3.04,1.0,<Residue SER het=  resseq=82 icode= >,1oj8_A_A,1.7
667,0.0,SER, ,C,17.23,5.85,0.0,4.43,1.0,<Residue SER het=  resseq=82 icode= >,1oj8_A_A,1.7
668,0.0,SER, ,O,15.99,6.23,0.0,4.97,1.0,<Residue SER het=  resseq=82 icode= >,1oj8_A_A,1.7
669,36.5,SER, ,CB,19.7,7.47,0.0,2.68,1.0,<Residue SER het=  resseq=82 icode= >,1oj8_A_A,1.7
670,16.05,SER, ,OG,20.45,8.24,0.0,3.94,1.0,<Residue SER het=  resseq=82 icode= >,1oj8_A_A,1.7
671,3.949,THR, ,N,18.49,5.09,0.089,3.77,1.0,<Residue THR het=  resseq=83 icode= >,1oj8_A_A,1.7
672,0.0,THR, ,CA,18.94,5.04,0.0,3.09,1.0,<Residue THR het=  resseq=83 icode= >,1oj8_A_A,1.7
673,0.366,THR, ,C,18.64,5.91,0.0,3.68,1.0,<Residue THR het=  resseq=83 icode= >,1oj8_A_A,1.7
674,18.028,THR, ,O,18.85,5.98,0.0,5.27,1.0,<Residue THR het=  resseq=83 icode= >,1oj8_A_A,1.7
675,4.016,THR, ,CB,19.48,3.76,1.167,3.44,1.0,<Residue THR het=  resseq=83 icode= >,1oj8_A_A,1.7
676,29.497,THR, ,OG1,25.54,3.07,14.223,2.51,1.0,<Residue THR het=  resseq=83 icode= >,1oj8_A_A,1.7
677,32.752,THR, ,CG2,19.75,3.06,24.543,2.25,1.0,<Residue THR het=  resseq=83 icode= >,1oj8_A_A,1.7
678,0.0,ASN, ,N,16.01,6.92,0.0,4.97,1.0,<Residue ASN het=  resseq=84 icode= >,1oj8_A_A,1.7
679,0.825,ASN, ,CA,17.82,7.99,0.0,3.48,1.0,<Residue ASN het=  resseq=84 icode= >,1oj8_A_A,1.7
680,0.0,ASN, ,C,16.52,9.02,0.0,4.52,1.0,<Residue ASN het=  resseq=84 icode= >,1oj8_A_A,1.7
681,0.0,ASN, ,O,16.1,9.02,0.0,5.20,1.0,<Residue ASN het=  resseq=84 icode= >,1oj8_A_A,1.7
682,2.724,ASN, ,CB,17.88,8.83,0.0,2.75,1.0,<Residue ASN het=  resseq=84 icode= >,1oj8_A_A,1.7
683,4.293,ASN, ,CG,19.0,9.72,0.0,4.10,1.0,<Residue ASN het=  resseq=84 icode= >,1oj8_A_A,1.7
684,18.735,ASN, ,OD1,27.59,10.42,0.0,2.85,1.0,<Residue ASN het=  resseq=84 icode= >,1oj8_A_A,1.7
685,20.489,ASN, ,ND2,17.02,9.91,0.0,3.86,1.0,<Residue ASN het=  resseq=84 icode= >,1oj8_A_A,1.7
686,0.0,THR, ,N,17.18,10.07,0.0,4.30,1.0,<Residue THR het=  resseq=85 icode= >,1oj8_A_A,1.7
687,0.0,THR, ,CA,17.4,11.25,0.0,3.40,1.0,<Residue THR het=  resseq=85 icode= >,1oj8_A_A,1.7
688,0.0,THR, ,C,16.01,12.06,0.0,3.99,1.0,<Residue THR het=  resseq=85 icode= >,1oj8_A_A,1.7
689,0.0,THR, ,O,17.4,11.98,0.0,5.03,1.0,<Residue THR het=  resseq=85 icode= >,1oj8_A_A,1.7
690,0.0,THR, ,CB,17.54,12.16,0.0,3.60,1.0,<Residue THR het=  resseq=85 icode= >,1oj8_A_A,1.7
691,2.639,THR, ,OG1,18.97,12.39,0.0,4.79,1.0,<Residue THR het=  resseq=85 icode= >,1oj8_A_A,1.7
692,19.602,THR, ,CG2,19.03,11.75,0.0,2.79,1.0,<Residue THR het=  resseq=85 icode= >,1oj8_A_A,1.7
693,0.0,ILE, ,N,15.98,13.00,0.0,3.85,1.0,<Residue ILE het=  resseq=86 icode= >,1oj8_A_A,1.7
694,0.0,ILE, ,CA,14.62,13.93,0.0,3.47,1.0,<Residue ILE het=  resseq=86 icode= >,1oj8_A_A,1.7
695,0.0,ILE, ,C,15.08,15.35,0.0,3.91,1.0,<Residue ILE het=  resseq=86 icode= >,1oj8_A_A,1.7
696,0.0,ILE, ,O,15.22,15.73,0.0,5.08,1.0,<Residue ILE het=  resseq=86 icode= >,1oj8_A_A,1.7
697,0.0,ILE, ,CB,15.99,13.95,0.0,3.47,1.0,<Residue ILE het=  resseq=86 icode= >,1oj8_A_A,1.7
698,0.517,ILE, ,CG1,19.24,14.23,0.0,2.64,1.0,<Residue ILE het=  resseq=86 icode= >,1oj8_A_A,1.7
699,0.0,ILE, ,CG2,16.26,12.71,0.0,2.91,1.0,<Residue ILE het=  resseq=86 icode= >,1oj8_A_A,1.7
700,0.0,ILE, ,CD1,26.83,15.66,0.0,-0.07,1.0,<Residue ILE het=  resseq=86 icode= >,1oj8_A_A,1.7
701,0.0,CYS, ,N,15.56,1000.00,0.0,4.17,1.0,<Residue CYS het=  resseq=87 icode= >,1oj8_A_A,1.7
702,0.0,CYS, ,CA,15.34,1000.00,0.0,3.73,1.0,<Residue CYS het=  resseq=87 icode= >,1oj8_A_A,1.7
703,0.0,CYS, ,C,16.28,1000.00,0.0,4.01,1.0,<Residue CYS het=  resseq=87 icode= >,1oj8_A_A,1.7
704,0.0,CYS, ,O,17.1,1000.00,0.0,4.49,1.0,<Residue CYS het=  resseq=87 icode= >,1oj8_A_A,1.7
705,0.0,CYS, ,CB,17.15,1000.00,0.0,3.03,1.0,<Residue CYS het=  resseq=87 icode= >,1oj8_A_A,1.7
706,0.0,CYS, ,SG,20.89,1000.00,0.0,7.80,1.0,<Residue CYS het=  resseq=87 icode= >,1oj8_A_A,1.7
707,0.0,LEU, ,N,17.14,1000.00,0.0,3.83,1.0,<Residue LEU het=  resseq=88 icode= >,1oj8_A_A,1.7
708,0.0,LEU, ,CA,15.8,1000.00,0.0,4.01,1.0,<Residue LEU het=  resseq=88 icode= >,1oj8_A_A,1.7
709,0.0,LEU, ,C,17.36,1000.00,0.0,4.51,1.0,<Residue LEU het=  resseq=88 icode= >,1oj8_A_A,1.7
710,0.0,LEU, ,O,16.45,1000.00,0.0,5.19,1.0,<Residue LEU het=  resseq=88 icode= >,1oj8_A_A,1.7
711,0.0,LEU, ,CB,14.54,1000.00,0.0,3.36,1.0,<Residue LEU het=  resseq=88 icode= >,1oj8_A_A,1.7
712,0.0,LEU, ,CG,13.41,1000.00,0.0,3.27,1.0,<Residue LEU het=  resseq=88 icode= >,1oj8_A_A,1.7
713,0.0,LEU, ,CD1,14.92,1000.00,0.0,3.46,1.0,<Residue LEU het=  resseq=88 icode= >,1oj8_A_A,1.7
714,0.0,LEU, ,CD2,12.61,1000.00,0.0,2.58,1.0,<Residue LEU het=  resseq=88 icode= >,1oj8_A_A,1.7
715,0.0,THR, ,N,18.36,1000.00,0.0,3.89,1.0,<Residue THR het=  resseq=89 icode= >,1oj8_A_A,1.7
716,0.0,THR, ,CA,17.01,1000.00,0.0,3.71,1.0,<Residue THR het=  resseq=89 icode= >,1oj8_A_A,1.7
717,0.0,THR, ,C,17.69,1000.00,0.0,4.32,1.0,<Residue THR het=  resseq=89 icode= >,1oj8_A_A,1.7
718,0.0,THR, ,O,17.41,1000.00,0.0,5.29,1.0,<Residue THR het=  resseq=89 icode= >,1oj8_A_A,1.7
719,0.0,THR, ,CB,18.59,1000.00,0.0,3.15,1.0,<Residue THR het=  resseq=89 icode= >,1oj8_A_A,1.7
720,6.761,THR, ,OG1,17.62,1000.00,0.0,4.80,1.0,<Residue THR het=  resseq=89 icode= >,1oj8_A_A,1.7
721,8.315,THR, ,CG2,18.13,1000.00,0.0,2.82,1.0,<Residue THR het=  resseq=89 icode= >,1oj8_A_A,1.7
722,0.0,CYS, ,N,17.35,1000.00,0.0,4.01,1.0,<Residue CYS het=  resseq=90 icode= >,1oj8_A_A,1.7
723,0.0,CYS, ,CA,17.79,1000.00,0.0,3.16,1.0,<Residue CYS het=  resseq=90 icode= >,1oj8_A_A,1.7
724,0.0,CYS, ,C,17.22,1000.00,0.0,4.24,1.0,<Residue CYS het=  resseq=90 icode= >,1oj8_A_A,1.7
725,0.0,CYS, ,O,19.02,1000.00,0.0,4.46,1.0,<Residue CYS het=  resseq=90 icode= >,1oj8_A_A,1.7
726,0.0,CYS, ,CB,17.83,1000.00,0.0,2.49,1.0,<Residue CYS het=  resseq=90 icode= >,1oj8_A_A,1.7
727,0.0,CYS, ,SG,17.09,1000.00,0.0,8.97,1.0,<Residue CYS het=  resseq=90 icode= >,1oj8_A_A,1.7
728,0.0,MET, ,N,16.91,1000.00,0.0,4.78,1.0,<Residue MET het=  resseq=91 icode= >,1oj8_A_A,1.7
729,0.0,MET, ,CA,16.64,1000.00,0.0,4.09,1.0,<Residue MET het=  resseq=91 icode= >,1oj8_A_A,1.7
730,0.0,MET, ,C,15.78,1000.00,0.0,4.74,1.0,<Residue MET het=  resseq=91 icode= >,1oj8_A_A,1.7
731,1.903,MET, ,O,17.08,1000.00,0.0,4.88,1.0,<Residue MET het=  resseq=91 icode= >,1oj8_A_A,1.7
732,0.155,MET, ,CB,19.98,1000.00,0.0,2.64,1.0,<Residue MET het=  resseq=91 icode= >,1oj8_A_A,1.7
733,24.007,MET, ,CG,21.44,1000.00,0.0,2.29,1.0,<Residue MET het=  resseq=91 icode= >,1oj8_A_A,1.7
734,8.703,MET, ,SD,25.48,1000.00,0.0,6.83,1.0,<Residue MET het=  resseq=91 icode= >,1oj8_A_A,1.7
735,27.236,MET, ,CE,23.43,1000.00,0.0,2.12,1.0,<Residue MET het=  resseq=91 icode= >,1oj8_A_A,1.7
736,0.0,LYS, ,N,17.35,1000.00,0.0,3.75,1.0,<Residue LYS het=  resseq=92 icode= >,1oj8_A_A,1.7
737,4.592,LYS, ,CA,17.41,1000.00,0.0,3.35,1.0,<Residue LYS het=  resseq=92 icode= >,1oj8_A_A,1.7
738,0.922,LYS, ,C,18.15,1000.00,0.0,3.97,1.0,<Residue LYS het=  resseq=92 icode= >,1oj8_A_A,1.7
739,10.997,LYS, ,O,18.75,1000.00,0.0,4.37,1.0,<Residue LYS het=  resseq=92 icode= >,1oj8_A_A,1.7
740,20.194,LYS, ,CB,19.88,1000.00,0.0,2.91,1.0,<Residue LYS het=  resseq=92 icode= >,1oj8_A_A,1.7
741,20.455,LYS, ,CG,20.94,1000.00,0.0,2.73,1.0,<Residue LYS het=  resseq=92 icode= >,1oj8_A_A,1.7
742,19.77,LYS, ,CD,22.91,1000.00,0.0,2.96,1.0,<Residue LYS het=  resseq=92 icode= >,1oj8_A_A,1.7
743,29.707,LYS, ,CE,26.44,1000.00,0.0,1.48,1.0,<Residue LYS het=  resseq=92 icode= >,1oj8_A_A,1.7
744,34.182,LYS, ,NZ,27.61,1000.00,0.0,1.05,1.0,<Residue LYS het=  resseq=92 icode= >,1oj8_A_A,1.7
745,0.112,GLU, ,N,18.78,1000.00,0.0,3.92,1.0,<Residue GLU het=  resseq=93 icode= >,1oj8_A_A,1.7
746,0.0,GLU, ,CA,19.17,1000.00,0.0,2.90,1.0,<Residue GLU het=  resseq=93 icode= >,1oj8_A_A,1.7
747,0.0,GLU, ,C,18.25,1000.00,0.0,3.52,1.0,<Residue GLU het=  resseq=93 icode= >,1oj8_A_A,1.7
748,2.721,GLU, ,O,18.5,1000.00,0.0,4.16,1.0,<Residue GLU het=  resseq=93 icode= >,1oj8_A_A,1.7
749,10.383,GLU, ,CB,18.51,1000.00,0.0,3.21,1.0,<Residue GLU het=  resseq=93 icode= >,1oj8_A_A,1.7
750,11.639,GLU, ,CG,20.69,1000.00,0.0,2.65,1.0,<Residue GLU het=  resseq=93 icode= >,1oj8_A_A,1.7
751,9.87,GLU, ,CD,21.48,1000.00,0.0,3.47,1.0,<Residue GLU het=  resseq=93 icode= >,1oj8_A_A,1.7
752,39.588,GLU, ,OE1,21.57,1000.00,0.0,3.90,1.0,<Residue GLU het=  resseq=93 icode= >,1oj8_A_A,1.7
753,9.386,GLU, ,OE2,22.42,1000.00,0.0,3.63,1.0,<Residue GLU het=  resseq=93 icode= >,1oj8_A_A,1.7
754,0.0,LEU, ,N,17.54,1000.00,0.0,3.31,1.0,<Residue LEU het=  resseq=94 icode= >,1oj8_A_A,1.7
755,0.0,LEU, ,CA,17.69,1000.00,0.0,3.50,1.0,<Residue LEU het=  resseq=94 icode= >,1oj8_A_A,1.7
756,0.0,LEU, ,C,15.95,1000.00,0.0,4.43,1.0,<Residue LEU het=  resseq=94 icode= >,1oj8_A_A,1.7
757,0.0,LEU, ,O,15.58,1000.00,0.0,5.66,1.0,<Residue LEU het=  resseq=94 icode= >,1oj8_A_A,1.7
758,0.939,LEU, ,CB,20.27,1000.00,0.0,2.94,1.0,<Residue LEU het=  resseq=94 icode= >,1oj8_A_A,1.7
759,0.0,LEU, ,CG,23.54,1000.00,0.0,2.13,1.0,<Residue LEU het=  resseq=94 icode= >,1oj8_A_A,1.7
760,12.912,LEU, ,CD1,20.56,1000.00,0.0,2.39,1.0,<Residue LEU het=  resseq=94 icode= >,1oj8_A_A,1.7
761,39.178,LEU, ,CD2,23.27,1000.00,0.0,1.74,1.0,<Residue LEU het=  resseq=94 icode= >,1oj8_A_A,1.7
762,0.0,PRO, ,N,16.4,1000.00,0.0,4.53,1.0,<Residue PRO het=  resseq=95 icode= >,1oj8_A_A,1.7
763,0.0,PRO, ,CA,15.44,1000.00,0.0,3.82,1.0,<Residue PRO het=  resseq=95 icode= >,1oj8_A_A,1.7
764,0.0,PRO, ,C,14.73,1000.00,0.0,4.76,1.0,<Residue PRO het=  resseq=95 icode= >,1oj8_A_A,1.7
765,0.0,PRO, ,O,15.6,1000.00,0.0,5.07,1.0,<Residue PRO het=  resseq=95 icode= >,1oj8_A_A,1.7
766,0.0,PRO, ,CB,16.36,1000.00,0.0,2.95,1.0,<Residue PRO het=  resseq=95 icode= >,1oj8_A_A,1.7
767,0.0,PRO, ,CG,15.79,1000.00,0.0,3.25,1.0,<Residue PRO het=  resseq=95 icode= >,1oj8_A_A,1.7
768,0.0,PRO, ,CD,14.69,1000.00,0.0,2.89,1.0,<Residue PRO het=  resseq=95 icode= >,1oj8_A_A,1.7
769,0.0,ILE, ,N,14.84,1000.00,0.0,4.11,1.0,<Residue ILE het=  resseq=96 icode= >,1oj8_A_A,1.7
770,0.0,ILE, ,CA,18.41,1000.00,0.0,2.78,1.0,<Residue ILE het=  resseq=96 icode= >,1oj8_A_A,1.7
771,0.0,ILE, ,C,17.48,1000.00,0.0,4.18,1.0,<Residue ILE het=  resseq=96 icode= >,1oj8_A_A,1.7
772,5.782,ILE, ,O,20.63,1000.00,0.0,4.32,1.0,<Residue ILE het=  resseq=96 icode= >,1oj8_A_A,1.7
773,0.0,ILE, ,CB,19.08,1000.00,0.0,3.49,1.0,<Residue ILE het=  resseq=96 icode= >,1oj8_A_A,1.7
774,0.0,ILE, ,CG1,20.72,1000.00,0.0,2.26,1.0,<Residue ILE het=  resseq=96 icode= >,1oj8_A_A,1.7
775,8.657,ILE, ,CG2,21.28,1000.00,0.0,2.03,1.0,<Residue ILE het=  resseq=96 icode= >,1oj8_A_A,1.7
776,15.513,ILE, ,CD1,25.85,1000.00,0.0,1.43,1.0,<Residue ILE het=  resseq=96 icode= >,1oj8_A_A,1.7
777,0.0,HIS, ,N,17.72,1000.00,0.0,4.06,1.0,<Residue HIS het=  resseq=97 icode= >,1oj8_A_A,1.7
778,2.527,HIS, ,CA,17.47,1000.00,0.0,3.71,1.0,<Residue HIS het=  resseq=97 icode= >,1oj8_A_A,1.7
779,0.0,HIS, ,C,14.22,1000.00,0.0,4.65,1.0,<Residue HIS het=  resseq=97 icode= >,1oj8_A_A,1.7
780,0.0,HIS, ,O,14.92,1000.00,0.0,4.85,1.0,<Residue HIS het=  resseq=97 icode= >,1oj8_A_A,1.7
781,8.537,HIS, ,CB,19.7,1000.00,0.0,2.93,1.0,<Residue HIS het=  resseq=97 icode= >,1oj8_A_A,1.7
782,2.889,HIS, ,CG,22.9,1000.00,0.0,2.78,1.0,<Residue HIS het=  resseq=97 icode= >,1oj8_A_A,1.7
783,21.06,HIS, ,ND1,26.66,1000.00,0.0,2.56,1.0,<Residue HIS het=  resseq=97 icode= >,1oj8_A_A,1.7
784,8.652,HIS, ,CD2,25.45,1000.00,0.0,2.46,1.0,<Residue HIS het=  resseq=97 icode= >,1oj8_A_A,1.7
785,38.678,HIS, ,CE1,24.77,1000.00,0.0,3.07,1.0,<Residue HIS het=  resseq=97 icode= >,1oj8_A_A,1.7
786,22.024,HIS, ,NE2,24.0,1000.00,0.0,3.57,1.0,<Residue HIS het=  resseq=97 icode= >,1oj8_A_A,1.7
787,3.213,PHE, ,N,15.31,1000.00,0.0,4.95,1.0,<Residue PHE het=  resseq=98 icode= >,1oj8_A_A,1.7
788,0.0,PHE, ,CA,16.27,1000.00,0.0,3.09,1.0,<Residue PHE het=  resseq=98 icode= >,1oj8_A_A,1.7
789,0.0,PHE, ,C,17.76,1000.00,0.0,3.53,1.0,<Residue PHE het=  resseq=98 icode= >,1oj8_A_A,1.7
790,22.696,PHE, ,O,19.8,1000.00,0.0,3.57,1.0,<Residue PHE het=  resseq=98 icode= >,1oj8_A_A,1.7
791,2.771,PHE, ,CB,16.8,1000.00,0.0,2.74,1.0,<Residue PHE het=  resseq=98 icode= >,1oj8_A_A,1.7
792,1.565,PHE, ,CG,18.8,1000.00,0.0,3.68,1.0,<Residue PHE het=  resseq=98 icode= >,1oj8_A_A,1.7
793,1.112,PHE, ,CD1,17.62,1000.00,0.0,2.78,1.0,<Residue PHE het=  resseq=98 icode= >,1oj8_A_A,1.7
794,2.928,PHE, ,CD2,19.25,1000.00,0.0,3.17,1.0,<Residue PHE het=  resseq=98 icode= >,1oj8_A_A,1.7
795,0.523,PHE, ,CE1,18.89,1000.00,0.0,1.96,1.0,<Residue PHE het=  resseq=98 icode= >,1oj8_A_A,1.7
796,0.601,PHE, ,CE2,17.83,1000.00,0.0,3.04,1.0,<Residue PHE het=  resseq=98 icode= >,1oj8_A_A,1.7
797,0.554,PHE, ,CZ,19.07,1000.00,0.0,2.88,1.0,<Residue PHE het=  resseq=98 icode= >,1oj8_A_A,1.7
798,0.0,ALA, ,N,18.28,1000.00,0.0,3.56,1.0,<Residue ALA het=  resseq=99 icode= >,1oj8_A_A,1.7
799,6.84,ALA, ,CA,21.46,1000.00,0.0,3.05,1.0,<Residue ALA het=  resseq=99 icode= >,1oj8_A_A,1.7
800,0.308,ALA, ,C,24.71,1000.00,0.0,3.02,1.0,<Residue ALA het=  resseq=99 icode= >,1oj8_A_A,1.7
801,21.226,ALA, ,O,28.26,1000.00,0.0,2.08,1.0,<Residue ALA het=  resseq=99 icode= >,1oj8_A_A,1.7
802,4.483,ALA, ,CB,22.03,1000.00,0.0,1.78,1.0,<Residue ALA het=  resseq=99 icode= >,1oj8_A_A,1.7
803,0.0,GLY, ,N,24.54,1000.00,0.0,3.48,1.0,<Residue GLY het=  resseq=100 icode= >,1oj8_A_A,1.7
804,20.028,GLY, ,CA,25.17,1000.00,0.0,2.44,1.0,<Residue GLY het=  resseq=100 icode= >,1oj8_A_A,1.7
805,0.0,GLY, ,C,25.11,1000.00,0.0,3.31,1.0,<Residue GLY het=  resseq=100 icode= >,1oj8_A_A,1.7
806,0.0,GLY, ,O,21.27,1000.00,0.0,4.08,1.0,<Residue GLY het=  resseq=100 icode= >,1oj8_A_A,1.7
807,2.462,VAL, ,N,25.72,1000.00,0.0,2.99,1.0,<Residue VAL het=  resseq=101 icode= >,1oj8_A_A,1.7
808,0.0,VAL, ,CA,27.17,1000.00,0.0,3.06,1.0,<Residue VAL het=  resseq=101 icode= >,1oj8_A_A,1.7
809,0.0,VAL, ,C,28.03,1000.00,0.0,3.40,1.0,<Residue VAL het=  resseq=101 icode= >,1oj8_A_A,1.7
810,15.308,VAL, ,O,28.55,1000.00,0.0,3.43,1.0,<Residue VAL het=  resseq=101 icode= >,1oj8_A_A,1.7
811,0.0,VAL, ,CB,27.86,1000.00,0.0,2.54,1.0,<Residue VAL het=  resseq=101 icode= >,1oj8_A_A,1.7
812,8.32,VAL, ,CG1,29.07,1000.00,0.0,1.90,1.0,<Residue VAL het=  resseq=101 icode= >,1oj8_A_A,1.7
813,48.096,VAL, ,CG2,29.47,1000.00,0.0,1.77,1.0,<Residue VAL het=  resseq=101 icode= >,1oj8_A_A,1.7
814,0.0,GLY, ,N,28.15,1000.00,0.0,3.50,1.0,<Residue GLY het=  resseq=102 icode= >,1oj8_A_A,1.7
815,12.227,GLY, ,CA,28.11,1000.00,0.0,2.41,1.0,<Residue GLY het=  resseq=102 icode= >,1oj8_A_A,1.7
816,2.039,GLY, ,C,28.8,1000.00,0.0,2.96,1.0,<Residue GLY het=  resseq=102 icode= >,1oj8_A_A,1.7
817,19.7,GLY, ,O,30.18,1000.00,0.0,2.74,1.0,<Residue GLY het=  resseq=102 icode= >,1oj8_A_A,1.7
818,0.0,LYS, ,N,28.71,1000.00,0.0,2.44,1.0,<Residue LYS het=  resseq=103 icode= >,1oj8_A_A,1.7
819,0.0,LYS, ,CA,29.15,1000.00,0.0,2.40,1.0,<Residue LYS het=  resseq=103 icode= >,1oj8_A_A,1.7
820,0.203,LYS, ,C,27.64,1000.00,0.0,3.87,1.0,<Residue LYS het=  resseq=103 icode= >,1oj8_A_A,1.7
821,4.821,LYS, ,O,28.5,1000.00,0.0,3.37,1.0,<Residue LYS het=  resseq=103 icode= >,1oj8_A_A,1.7
822,12.557,LYS, ,CB,30.41,1000.00,0.0,2.04,1.0,<Residue LYS het=  resseq=103 icode= >,1oj8_A_A,1.7
823,13.384,LYS, ,CG,34.81,1000.00,0.0,0.75,1.0,<Residue LYS het=  resseq=103 icode= >,1oj8_A_A,1.7
824,35.208,LYS, ,CD,37.67,1000.00,0.0,0.56,1.0,<Residue LYS het=  resseq=103 icode= >,1oj8_A_A,1.7
825,34.143,LYS, ,CE,37.08,1000.00,0.0,1.61,1.0,<Residue LYS het=  resseq=103 icode= >,1oj8_A_A,1.7
826,48.795,LYS, ,NZ,39.75,1000.00,0.0,0.81,1.0,<Residue LYS het=  resseq=103 icode= >,1oj8_A_A,1.7
827,0.714,CYS, ,N,27.82,1000.00,0.0,2.71,1.0,<Residue CYS het=  resseq=104 icode= >,1oj8_A_A,1.7
828,0.0,CYS, ,CA,27.54,1000.00,0.0,2.23,1.0,<Residue CYS het=  resseq=104 icode= >,1oj8_A_A,1.7
829,1.265,CYS, ,C,29.39,1000.00,0.0,2.56,1.0,<Residue CYS het=  resseq=104 icode= >,1oj8_A_A,1.7
830,6.01,CYS, ,O,30.8,1000.00,0.0,2.68,1.0,<Residue CYS het=  resseq=104 icode= >,1oj8_A_A,1.7
831,19.814,CYS, ,CB,24.47,1000.00,0.0,2.70,1.0,<Residue CYS het=  resseq=104 icode= >,1oj8_A_A,1.7
832,2.83,CYS, ,SG,22.2,1000.00,0.0,7.28,1.0,<Residue CYS het=  resseq=104 icode= >,1oj8_A_A,1.7
833,0.284,PRO, ,N,31.33,1000.00,0.0,2.62,1.0,<Residue PRO het=  resseq=105 icode= >,1oj8_A_A,1.7
834,13.311,PRO, ,CA,34.22,1000.00,0.0,1.72,1.0,<Residue PRO het=  resseq=105 icode= >,1oj8_A_A,1.7
835,9.414,PRO, ,C,35.52,1000.00,0.0,2.80,1.0,<Residue PRO het=  resseq=105 icode= >,1oj8_A_A,1.7
836,26.635,PRO, ,O,37.64,1000.00,0.0,2.32,1.0,<Residue PRO het=  resseq=105 icode= >,1oj8_A_A,1.7
837,32.218,PRO, ,CB,33.76,1000.00,0.0,1.48,1.0,<Residue PRO het=  resseq=105 icode= >,1oj8_A_A,1.7
838,16.983,PRO, ,CG,32.07,1000.00,0.0,2.00,1.0,<Residue PRO het=  resseq=105 icode= >,1oj8_A_A,1.7
839,0.0,PRO, ,CD,31.23,1000.00,0.0,2.12,1.0,<Residue PRO het=  resseq=105 icode= >,1oj8_A_A,1.7
840,38.938,PRO, ,OXT,39.11,1000.00,0.0,1.61,1.0,<Residue PRO het=  resseq=105 icode= >,1oj8_A_A,1.7
