,ASA,aa,altloc,atom,bfac,d2r,dASA,dens,occ,residue,id,resolu
0,30.395,ASP, ,N,103.78,16.71,0.0,0.01,1.0,<Residue ASP het=  resseq=5 icode= >,1pp7_U_A,2.45
1,4.995,ASP, ,CA,102.92,18.02,0.0,0.23,1.0,<Residue ASP het=  resseq=5 icode= >,1pp7_U_A,2.45
2,0.914,ASP, ,C,101.04,17.95,0.0,0.86,1.0,<Residue ASP het=  resseq=5 icode= >,1pp7_U_A,2.45
3,9.677,ASP, ,O,101.06,18.78,0.0,0.82,1.0,<Residue ASP het=  resseq=5 icode= >,1pp7_U_A,2.45
4,31.177,ASP, ,CB,104.8,19.08,0.0,0.16,1.0,<Residue ASP het=  resseq=5 icode= >,1pp7_U_A,2.45
5,15.625,ASP, ,CG,106.52,19.40,0.0,0.58,1.0,<Residue ASP het=  resseq=5 icode= >,1pp7_U_A,2.45
6,42.072,ASP, ,OD1,105.36,20.42,0.0,0.58,1.0,<Residue ASP het=  resseq=5 icode= >,1pp7_U_A,2.45
7,30.965,ASP, ,OD2,107.04,18.73,0.0,0.45,1.0,<Residue ASP het=  resseq=5 icode= >,1pp7_U_A,2.45
8,2.457,LEU, ,N,97.58,17.08,0.0,0.94,1.0,<Residue LEU het=  resseq=6 icode= >,1pp7_U_A,2.45
9,0.501,LEU, ,CA,93.47,17.10,0.0,1.43,1.0,<Residue LEU het=  resseq=6 icode= >,1pp7_U_A,2.45
10,0.0,LEU, ,C,90.89,16.25,0.0,1.84,1.0,<Residue LEU het=  resseq=6 icode= >,1pp7_U_A,2.45
11,0.0,LEU, ,O,89.1,16.81,0.0,1.12,1.0,<Residue LEU het=  resseq=6 icode= >,1pp7_U_A,2.45
12,15.656,LEU, ,CB,92.46,16.77,0.0,0.70,1.0,<Residue LEU het=  resseq=6 icode= >,1pp7_U_A,2.45
13,0.0,LEU, ,CG,91.89,16.29,0.0,0.69,1.0,<Residue LEU het=  resseq=6 icode= >,1pp7_U_A,2.45
14,43.939,LEU, ,CD1,89.68,17.18,0.0,0.31,1.0,<Residue LEU het=  resseq=6 icode= >,1pp7_U_A,2.45
15,36.822,LEU, ,CD2,88.92,14.80,0.0,0.29,1.0,<Residue LEU het=  resseq=6 icode= >,1pp7_U_A,2.45
16,2.233,GLU, ,N,88.99,14.98,0.0,1.50,1.0,<Residue GLU het=  resseq=7 icode= >,1pp7_U_A,2.45
17,0.0,GLU, ,CA,86.8,14.21,0.0,1.90,1.0,<Residue GLU het=  resseq=7 icode= >,1pp7_U_A,2.45
18,0.0,GLU, ,C,85.29,15.02,0.0,2.11,1.0,<Residue GLU het=  resseq=7 icode= >,1pp7_U_A,2.45
19,0.0,GLU, ,O,84.87,15.16,0.0,1.13,1.0,<Residue GLU het=  resseq=7 icode= >,1pp7_U_A,2.45
20,12.809,GLU, ,CB,87.48,12.80,0.0,1.04,1.0,<Residue GLU het=  resseq=7 icode= >,1pp7_U_A,2.45
21,5.114,GLU, ,CG,90.43,12.24,0.0,1.34,1.0,<Residue GLU het=  resseq=7 icode= >,1pp7_U_A,2.45
22,7.908,GLU, ,CD,94.99,10.79,0.0,1.08,1.0,<Residue GLU het=  resseq=7 icode= >,1pp7_U_A,2.45
23,23.817,GLU, ,OE1,98.54,10.39,0.0,0.34,1.0,<Residue GLU het=  resseq=7 icode= >,1pp7_U_A,2.45
24,23.831,GLU, ,OE2,97.62,10.16,0.0,0.67,1.0,<Residue GLU het=  resseq=7 icode= >,1pp7_U_A,2.45
25,1.251,ALA, ,N,84.9,15.69,0.0,1.26,1.0,<Residue ALA het=  resseq=8 icode= >,1pp7_U_A,2.45
26,8.442,ALA, ,CA,82.48,16.65,0.0,1.39,1.0,<Residue ALA het=  resseq=8 icode= >,1pp7_U_A,2.45
27,1.136,ALA, ,C,81.95,17.78,0.0,1.88,1.0,<Residue ALA het=  resseq=8 icode= >,1pp7_U_A,2.45
28,1.604,ALA, ,O,82.99,18.35,0.0,1.36,1.0,<Residue ALA het=  resseq=8 icode= >,1pp7_U_A,2.45
29,45.662,ALA, ,CB,82.59,17.30,0.0,0.06,1.0,<Residue ALA het=  resseq=8 icode= >,1pp7_U_A,2.45
30,0.0,SER, ,N,80.42,18.23,0.0,1.49,1.0,<Residue SER het=  resseq=9 icode= >,1pp7_U_A,2.45
31,5.087,SER, ,CA,78.72,19.39,0.0,1.24,1.0,<Residue SER het=  resseq=9 icode= >,1pp7_U_A,2.45
32,0.0,SER, ,C,75.89,19.07,0.0,1.79,1.0,<Residue SER het=  resseq=9 icode= >,1pp7_U_A,2.45
33,0.0,SER, ,O,75.55,19.95,0.0,1.30,1.0,<Residue SER het=  resseq=9 icode= >,1pp7_U_A,2.45
34,29.239,SER, ,CB,79.39,20.14,0.0,0.91,1.0,<Residue SER het=  resseq=9 icode= >,1pp7_U_A,2.45
35,3.568,SER, ,OG,80.95,19.72,0.0,0.63,1.0,<Residue SER het=  resseq=9 icode= >,1pp7_U_A,2.45
36,0.0,PHE, ,N,72.94,17.88,0.0,1.36,1.0,<Residue PHE het=  resseq=10 icode= >,1pp7_U_A,2.45
37,0.0,PHE, ,CA,68.51,17.55,0.0,1.22,1.0,<Residue PHE het=  resseq=10 icode= >,1pp7_U_A,2.45
38,0.0,PHE, ,C,66.6,17.41,0.0,2.18,1.0,<Residue PHE het=  resseq=10 icode= >,1pp7_U_A,2.45
39,0.0,PHE, ,O,63.09,17.86,0.0,1.16,1.0,<Residue PHE het=  resseq=10 icode= >,1pp7_U_A,2.45
40,0.0,PHE, ,CB,67.45,16.23,0.0,0.95,1.0,<Residue PHE het=  resseq=10 icode= >,1pp7_U_A,2.45
41,0.0,PHE, ,CG,64.76,16.25,0.0,1.72,1.0,<Residue PHE het=  resseq=10 icode= >,1pp7_U_A,2.45
42,0.0,PHE, ,CD1,65.12,17.49,0.0,1.30,1.0,<Residue PHE het=  resseq=10 icode= >,1pp7_U_A,2.45
43,0.0,PHE, ,CD2,63.25,15.11,0.0,1.14,1.0,<Residue PHE het=  resseq=10 icode= >,1pp7_U_A,2.45
44,1.717,PHE, ,CE1,62.24,17.66,0.0,1.11,1.0,<Residue PHE het=  resseq=10 icode= >,1pp7_U_A,2.45
45,0.0,PHE, ,CE2,62.05,15.30,0.0,1.10,1.0,<Residue PHE het=  resseq=10 icode= >,1pp7_U_A,2.45
46,0.936,PHE, ,CZ,62.3,16.61,0.0,1.38,1.0,<Residue PHE het=  resseq=10 icode= >,1pp7_U_A,2.45
47,0.0,THR, ,N,67.09,16.43,0.0,2.02,1.0,<Residue THR het=  resseq=11 icode= >,1pp7_U_A,2.45
48,0.0,THR, ,CA,71.53,16.16,0.0,1.29,1.0,<Residue THR het=  resseq=11 icode= >,1pp7_U_A,2.45
49,0.31,THR, ,C,72.68,17.40,0.0,1.62,1.0,<Residue THR het=  resseq=11 icode= >,1pp7_U_A,2.45
50,1.718,THR, ,O,75.34,17.57,0.0,0.30,1.0,<Residue THR het=  resseq=11 icode= >,1pp7_U_A,2.45
51,1.544,THR, ,CB,70.36,15.15,0.0,1.26,1.0,<Residue THR het=  resseq=11 icode= >,1pp7_U_A,2.45
52,20.158,THR, ,OG1,67.26,15.69,0.0,1.05,1.0,<Residue THR het=  resseq=11 icode= >,1pp7_U_A,2.45
53,8.896,THR, ,CG2,70.03,14.01,0.0,0.60,1.0,<Residue THR het=  resseq=11 icode= >,1pp7_U_A,2.45
54,0.0,SER, ,N,70.35,18.22,0.0,1.91,1.0,<Residue SER het=  resseq=12 icode= >,1pp7_U_A,2.45
55,12.632,SER, ,CA,68.33,19.53,0.0,2.02,1.0,<Residue SER het=  resseq=12 icode= >,1pp7_U_A,2.45
56,0.115,SER, ,C,65.53,20.33,0.0,2.34,1.0,<Residue SER het=  resseq=12 icode= >,1pp7_U_A,2.45
57,27.974,SER, ,O,68.59,21.22,0.0,0.84,1.0,<Residue SER het=  resseq=12 icode= >,1pp7_U_A,2.45
58,34.132,SER, ,CB,70.9,20.06,0.0,1.13,1.0,<Residue SER het=  resseq=12 icode= >,1pp7_U_A,2.45
59,9.77,SER, ,OG,78.1,20.70,0.0,0.30,1.0,<Residue SER het=  resseq=12 icode= >,1pp7_U_A,2.45
60,0.0,ARG, ,N,60.22,1000.00,0.0,2.40,1.0,<Residue ARG het=  resseq=13 icode= >,1pp7_U_A,2.45
61,4.379,ARG, ,CA,56.07,1000.00,0.0,2.85,1.0,<Residue ARG het=  resseq=13 icode= >,1pp7_U_A,2.45
62,1.823,ARG, ,C,52.38,1000.00,0.0,3.13,1.0,<Residue ARG het=  resseq=13 icode= >,1pp7_U_A,2.45
63,13.555,ARG, ,O,54.92,1000.00,0.0,2.10,1.0,<Residue ARG het=  resseq=13 icode= >,1pp7_U_A,2.45
64,2.992,ARG, ,CB,57.0,1000.00,0.0,2.02,1.0,<Residue ARG het=  resseq=13 icode= >,1pp7_U_A,2.45
65,15.604,ARG, ,CG,63.31,1000.00,0.0,1.51,1.0,<Residue ARG het=  resseq=13 icode= >,1pp7_U_A,2.45
66,29.541,ARG, ,CD,69.17,1000.00,0.0,1.12,1.0,<Residue ARG het=  resseq=13 icode= >,1pp7_U_A,2.45
67,1.966,ARG, ,NE,73.59,1000.00,0.0,1.28,1.0,<Residue ARG het=  resseq=13 icode= >,1pp7_U_A,2.45
68,4.37,ARG, ,CZ,76.11,1000.00,0.0,1.26,1.0,<Residue ARG het=  resseq=13 icode= >,1pp7_U_A,2.45
69,5.569,ARG, ,NH1,72.89,1000.00,0.0,0.90,1.0,<Residue ARG het=  resseq=13 icode= >,1pp7_U_A,2.45
70,2.727,ARG, ,NH2,75.79,1000.00,0.0,0.53,1.0,<Residue ARG het=  resseq=13 icode= >,1pp7_U_A,2.45
71,0.0,LEU, ,N,49.0,19.04,0.0,2.45,1.0,<Residue LEU het=  resseq=14 icode= >,1pp7_U_A,2.45
72,0.0,LEU, ,CA,46.86,18.60,0.0,2.40,1.0,<Residue LEU het=  resseq=14 icode= >,1pp7_U_A,2.45
73,1.749,LEU, ,C,44.4,18.58,0.0,3.42,1.0,<Residue LEU het=  resseq=14 icode= >,1pp7_U_A,2.45
74,6.942,LEU, ,O,43.55,18.47,0.0,2.31,1.0,<Residue LEU het=  resseq=14 icode= >,1pp7_U_A,2.45
75,0.0,LEU, ,CB,44.85,17.32,0.0,1.89,1.0,<Residue LEU het=  resseq=14 icode= >,1pp7_U_A,2.45
76,0.0,LEU, ,CG,41.36,16.03,0.0,2.40,1.0,<Residue LEU het=  resseq=14 icode= >,1pp7_U_A,2.45
77,0.064,LEU, ,CD1,48.13,15.40,0.0,0.16,1.0,<Residue LEU het=  resseq=14 icode= >,1pp7_U_A,2.45
78,0.828,LEU, ,CD2,31.22,15.17,0.0,1.63,1.0,<Residue LEU het=  resseq=14 icode= >,1pp7_U_A,2.45
79,0.916,PRO, ,N,43.63,18.91,0.0,4.15,1.0,<Residue PRO het=  resseq=15 icode= >,1pp7_U_A,2.45
80,5.579,PRO, ,CA,46.52,19.14,0.0,2.65,1.0,<Residue PRO het=  resseq=15 icode= >,1pp7_U_A,2.45
81,0.0,PRO, ,C,49.08,18.05,0.0,2.50,1.0,<Residue PRO het=  resseq=15 icode= >,1pp7_U_A,2.45
82,0.0,PRO, ,O,44.64,16.84,0.0,2.14,1.0,<Residue PRO het=  resseq=15 icode= >,1pp7_U_A,2.45
83,14.762,PRO, ,CB,48.62,19.43,0.0,1.18,1.0,<Residue PRO het=  resseq=15 icode= >,1pp7_U_A,2.45
84,19.627,PRO, ,CG,46.23,19.87,0.0,1.41,1.0,<Residue PRO het=  resseq=15 icode= >,1pp7_U_A,2.45
85,0.076,PRO, ,CD,44.88,18.94,0.0,2.23,1.0,<Residue PRO het=  resseq=15 icode= >,1pp7_U_A,2.45
86,0.037,PRO, ,N,49.6,18.57,0.0,2.10,1.0,<Residue PRO het=  resseq=16 icode= >,1pp7_U_A,2.45
87,5.809,PRO, ,CA,47.16,17.83,0.0,2.26,1.0,<Residue PRO het=  resseq=16 icode= >,1pp7_U_A,2.45
88,1.319,PRO, ,C,48.8,16.84,0.0,2.42,1.0,<Residue PRO het=  resseq=16 icode= >,1pp7_U_A,2.45
89,2.298,PRO, ,O,48.69,15.79,0.0,1.58,1.0,<Residue PRO het=  resseq=16 icode= >,1pp7_U_A,2.45
90,35.885,PRO, ,CB,44.87,18.99,0.0,2.46,1.0,<Residue PRO het=  resseq=16 icode= >,1pp7_U_A,2.45
91,43.36,PRO, ,CG,49.67,20.13,0.0,1.67,1.0,<Residue PRO het=  resseq=16 icode= >,1pp7_U_A,2.45
92,26.721,PRO, ,CD,48.09,20.02,0.0,1.40,1.0,<Residue PRO het=  resseq=16 icode= >,1pp7_U_A,2.45
93,1.392,GLU, ,N,47.74,17.12,0.0,2.46,1.0,<Residue GLU het=  resseq=17 icode= >,1pp7_U_A,2.45
94,8.514,GLU, ,CA,49.8,16.03,0.0,2.59,1.0,<Residue GLU het=  resseq=17 icode= >,1pp7_U_A,2.45
95,0.0,GLU, ,C,50.52,15.29,0.0,2.87,1.0,<Residue GLU het=  resseq=17 icode= >,1pp7_U_A,2.45
96,1.778,GLU, ,O,46.81,14.28,0.0,1.93,1.0,<Residue GLU het=  resseq=17 icode= >,1pp7_U_A,2.45
97,12.498,GLU, ,CB,56.13,16.63,0.0,1.54,1.0,<Residue GLU het=  resseq=17 icode= >,1pp7_U_A,2.45
98,23.763,GLU, ,CG,65.45,15.81,0.0,1.26,1.0,<Residue GLU het=  resseq=17 icode= >,1pp7_U_A,2.45
99,12.333,GLU, ,CD,75.96,16.75,0.0,0.78,1.0,<Residue GLU het=  resseq=17 icode= >,1pp7_U_A,2.45
100,41.928,GLU, ,OE1,76.91,16.34,0.0,0.57,1.0,<Residue GLU het=  resseq=17 icode= >,1pp7_U_A,2.45
101,30.957,GLU, ,OE2,81.18,18.00,0.0,0.07,1.0,<Residue GLU het=  resseq=17 icode= >,1pp7_U_A,2.45
102,0.0,ILE, ,N,46.56,15.38,0.0,2.05,1.0,<Residue ILE het=  resseq=18 icode= >,1pp7_U_A,2.45
103,0.032,ILE, ,CA,41.84,14.31,0.0,2.50,1.0,<Residue ILE het=  resseq=18 icode= >,1pp7_U_A,2.45
104,0.0,ILE, ,C,38.53,13.26,0.0,4.34,1.0,<Residue ILE het=  resseq=18 icode= >,1pp7_U_A,2.45
105,0.0,ILE, ,O,38.1,12.04,0.0,3.00,1.0,<Residue ILE het=  resseq=18 icode= >,1pp7_U_A,2.45
106,0.0,ILE, ,CB,42.98,15.00,0.0,2.15,1.0,<Residue ILE het=  resseq=18 icode= >,1pp7_U_A,2.45
107,0.402,ILE, ,CG1,44.11,16.27,0.0,1.73,1.0,<Residue ILE het=  resseq=18 icode= >,1pp7_U_A,2.45
108,1.9,ILE, ,CG2,37.68,14.10,0.0,1.53,1.0,<Residue ILE het=  resseq=18 icode= >,1pp7_U_A,2.45
109,16.696,ILE, ,CD1,40.32,16.17,0.0,1.20,1.0,<Residue ILE het=  resseq=18 icode= >,1pp7_U_A,2.45
110,0.0,VAL, ,N,35.91,13.81,0.0,2.63,1.0,<Residue VAL het=  resseq=19 icode= >,1pp7_U_A,2.45
111,1.381,VAL, ,CA,38.76,13.08,0.0,2.24,1.0,<Residue VAL het=  resseq=19 icode= >,1pp7_U_A,2.45
112,0.0,VAL, ,C,37.69,12.21,0.0,3.81,1.0,<Residue VAL het=  resseq=19 icode= >,1pp7_U_A,2.45
113,0.859,VAL, ,O,38.21,11.08,0.0,3.20,1.0,<Residue VAL het=  resseq=19 icode= >,1pp7_U_A,2.45
114,2.186,VAL, ,CB,37.62,14.11,0.0,2.03,1.0,<Residue VAL het=  resseq=19 icode= >,1pp7_U_A,2.45
115,21.082,VAL, ,CG1,42.91,13.50,0.0,0.66,1.0,<Residue VAL het=  resseq=19 icode= >,1pp7_U_A,2.45
116,6.693,VAL, ,CG2,35.57,15.06,0.0,1.14,1.0,<Residue VAL het=  resseq=19 icode= >,1pp7_U_A,2.45
117,0.194,ALA, ,N,38.55,12.88,0.0,2.56,1.0,<Residue ALA het=  resseq=20 icode= >,1pp7_U_A,2.45
118,4.378,ALA, ,CA,38.36,12.41,0.0,2.23,1.0,<Residue ALA het=  resseq=20 icode= >,1pp7_U_A,2.45
119,1.117,ALA, ,C,38.16,11.35,0.0,3.31,1.0,<Residue ALA het=  resseq=20 icode= >,1pp7_U_A,2.45
120,3.623,ALA, ,O,40.03,10.44,0.0,2.42,1.0,<Residue ALA het=  resseq=20 icode= >,1pp7_U_A,2.45
121,49.184,ALA, ,CB,39.45,12.87,0.0,0.43,1.0,<Residue ALA het=  resseq=20 icode= >,1pp7_U_A,2.45
122,0.481,ALA, ,N,35.6,11.61,0.0,2.88,1.0,<Residue ALA het=  resseq=21 icode= >,1pp7_U_A,2.45
123,4.161,ALA, ,CA,31.96,10.84,0.0,3.47,1.0,<Residue ALA het=  resseq=21 icode= >,1pp7_U_A,2.45
124,0.0,ALA, ,C,37.09,9.46,0.0,3.81,1.0,<Residue ALA het=  resseq=21 icode= >,1pp7_U_A,2.45
125,0.084,ALA, ,O,37.71,8.54,0.0,1.96,1.0,<Residue ALA het=  resseq=21 icode= >,1pp7_U_A,2.45
126,18.9,ALA, ,CB,30.31,11.68,0.0,1.50,1.0,<Residue ALA het=  resseq=21 icode= >,1pp7_U_A,2.45
127,0.0,LEU, ,N,37.21,9.46,0.0,2.86,1.0,<Residue LEU het=  resseq=22 icode= >,1pp7_U_A,2.45
128,0.0,LEU, ,CA,35.62,8.39,0.0,3.52,1.0,<Residue LEU het=  resseq=22 icode= >,1pp7_U_A,2.45
129,0.513,LEU, ,C,37.07,7.47,0.0,3.58,1.0,<Residue LEU het=  resseq=22 icode= >,1pp7_U_A,2.45
130,7.529,LEU, ,O,39.98,6.27,0.0,2.51,1.0,<Residue LEU het=  resseq=22 icode= >,1pp7_U_A,2.45
131,3.193,LEU, ,CB,34.72,9.14,0.0,1.54,1.0,<Residue LEU het=  resseq=22 icode= >,1pp7_U_A,2.45
132,1.674,LEU, ,CG,35.86,9.86,0.0,2.36,1.0,<Residue LEU het=  resseq=22 icode= >,1pp7_U_A,2.45
133,0.711,LEU, ,CD1,30.89,11.03,0.0,1.51,1.0,<Residue LEU het=  resseq=22 icode= >,1pp7_U_A,2.45
134,1.905,LEU, ,CD2,27.31,8.94,0.0,1.98,1.0,<Residue LEU het=  resseq=22 icode= >,1pp7_U_A,2.45
135,0.164,LYS, ,N,42.64,8.20,0.0,2.11,1.0,<Residue LYS het=  resseq=23 icode= >,1pp7_U_A,2.45
136,7.312,LYS, ,CA,44.88,7.83,0.0,1.75,1.0,<Residue LYS het=  resseq=23 icode= >,1pp7_U_A,2.45
137,1.12,LYS, ,C,40.99,7.31,0.0,3.56,1.0,<Residue LYS het=  resseq=23 icode= >,1pp7_U_A,2.45
138,21.39,LYS, ,O,41.58,6.75,0.0,2.14,1.0,<Residue LYS het=  resseq=23 icode= >,1pp7_U_A,2.45
139,4.708,LYS, ,CB,46.89,9.21,0.0,0.83,1.0,<Residue LYS het=  resseq=23 icode= >,1pp7_U_A,2.45
140,28.487,LYS, ,CG,53.06,9.36,0.0,1.06,1.0,<Residue LYS het=  resseq=23 icode= >,1pp7_U_A,2.45
141,36.202,LYS, ,CD,59.03,10.88,0.0,0.64,1.0,<Residue LYS het=  resseq=23 icode= >,1pp7_U_A,2.45
142,19.373,LYS, ,CE,60.84,11.57,0.0,0.52,1.0,<Residue LYS het=  resseq=23 icode= >,1pp7_U_A,2.45
143,40.998,LYS, ,NZ,61.52,13.03,0.0,0.62,1.0,<Residue LYS het=  resseq=23 icode= >,1pp7_U_A,2.45
144,0.125,ARG, ,N,38.92,7.76,0.0,3.13,1.0,<Residue ARG het=  resseq=24 icode= >,1pp7_U_A,2.45
145,9.455,ARG, ,CA,41.44,7.79,0.0,2.81,1.0,<Residue ARG het=  resseq=24 icode= >,1pp7_U_A,2.45
146,0.029,ARG, ,C,43.39,6.56,0.0,3.46,1.0,<Residue ARG het=  resseq=24 icode= >,1pp7_U_A,2.45
147,1.913,ARG, ,O,40.32,5.75,0.0,2.09,1.0,<Residue ARG het=  resseq=24 icode= >,1pp7_U_A,2.45
148,6.228,ARG, ,CB,38.89,8.08,0.0,2.06,1.0,<Residue ARG het=  resseq=24 icode= >,1pp7_U_A,2.45
149,13.625,ARG, ,CG,36.13,6.67,0.0,2.27,1.0,<Residue ARG het=  resseq=24 icode= >,1pp7_U_A,2.45
150,14.196,ARG, ,CD,42.25,6.66,0.0,1.75,1.0,<Residue ARG het=  resseq=24 icode= >,1pp7_U_A,2.45
151,8.832,ARG, ,NE,48.82,5.40,0.649,1.70,1.0,<Residue ARG het=  resseq=24 icode= >,1pp7_U_A,2.45
152,4.401,ARG, ,CZ,46.66,5.46,0.0,2.65,1.0,<Residue ARG het=  resseq=24 icode= >,1pp7_U_A,2.45
153,23.87,ARG, ,NH1,46.48,6.68,0.0,1.70,1.0,<Residue ARG het=  resseq=24 icode= >,1pp7_U_A,2.45
154,27.05,ARG, ,NH2,48.89,4.52,10.697,1.08,1.0,<Residue ARG het=  resseq=24 icode= >,1pp7_U_A,2.45
155,5.282,LYS, ,N,46.63,6.05,0.0,2.60,1.0,<Residue LYS het=  resseq=25 icode= >,1pp7_U_A,2.45
156,9.271,LYS, ,CA,50.72,5.59,0.655,2.53,1.0,<Residue LYS het=  resseq=25 icode= >,1pp7_U_A,2.45
157,0.0,LYS, ,C,51.05,5.90,0.0,2.93,1.0,<Residue LYS het=  resseq=25 icode= >,1pp7_U_A,2.45
158,1.902,LYS, ,O,54.62,5.93,0.0,1.63,1.0,<Residue LYS het=  resseq=25 icode= >,1pp7_U_A,2.45
159,26.114,LYS, ,CB,57.98,4.19,11.077,0.21,1.0,<Residue LYS het=  resseq=25 icode= >,1pp7_U_A,2.45
160,9.718,LYS, ,CG,63.19,3.67,9.199,-0.27,1.0,<Residue LYS het=  resseq=25 icode= >,1pp7_U_A,2.45
161,34.366,LYS, ,CD,63.4,3.30,33.107,0.21,1.0,<Residue LYS het=  resseq=25 icode= >,1pp7_U_A,2.45
162,34.83,LYS, ,CE,62.93,3.90,10.794,0.88,1.0,<Residue LYS het=  resseq=25 icode= >,1pp7_U_A,2.45
163,49.271,LYS, ,NZ,55.94,2.96,43.521,1.06,1.0,<Residue LYS het=  resseq=25 icode= >,1pp7_U_A,2.45
164,1.358,SER, ,N,49.47,5.29,0.514,2.16,1.0,<Residue SER het=  resseq=26 icode= >,1pp7_U_A,2.45
165,0.0,SER, ,CA,48.3,4.70,0.0,2.48,1.0,<Residue SER het=  resseq=26 icode= >,1pp7_U_A,2.45
166,0.492,SER, ,C,48.7,4.29,0.492,3.54,1.0,<Residue SER het=  resseq=26 icode= >,1pp7_U_A,2.45
167,18.486,SER, ,O,49.35,3.86,15.692,1.89,1.0,<Residue SER het=  resseq=26 icode= >,1pp7_U_A,2.45
168,28.071,SER, ,CB,44.93,3.57,25.711,2.04,1.0,<Residue SER het=  resseq=26 icode= >,1pp7_U_A,2.45
169,22.934,SER, ,OG,44.65,3.37,21.114,1.83,1.0,<Residue SER het=  resseq=26 icode= >,1pp7_U_A,2.45
170,0.0,SER, ,N,50.72,4.48,0.0,2.37,1.0,<Residue SER het=  resseq=27 icode= >,1pp7_U_A,2.45
171,5.119,SER, ,CA,52.73,4.48,2.459,2.45,1.0,<Residue SER het=  resseq=27 icode= >,1pp7_U_A,2.45
172,3.172,SER, ,C,52.71,3.77,3.172,3.16,1.0,<Residue SER het=  resseq=27 icode= >,1pp7_U_A,2.45
173,7.293,SER, ,O,53.51,3.07,7.293,2.21,1.0,<Residue SER het=  resseq=27 icode= >,1pp7_U_A,2.45
174,26.368,SER, ,CB,53.49,4.56,23.967,1.72,1.0,<Residue SER het=  resseq=27 icode= >,1pp7_U_A,2.45
175,8.121,SER, ,OG,55.04,4.58,4.695,1.66,1.0,<Residue SER het=  resseq=27 icode= >,1pp7_U_A,2.45
176,0.036,ARG, ,N,54.01,4.37,0.0,1.98,1.0,<Residue ARG het=  resseq=28 icode= >,1pp7_U_A,2.45
177,4.944,ARG, ,CA,54.63,4.44,4.206,2.26,1.0,<Residue ARG het=  resseq=28 icode= >,1pp7_U_A,2.45
178,1.341,ARG, ,C,52.32,5.51,0.0,2.75,1.0,<Residue ARG het=  resseq=28 icode= >,1pp7_U_A,2.45
179,12.392,ARG, ,O,51.86,5.50,0.0,1.38,1.0,<Residue ARG het=  resseq=28 icode= >,1pp7_U_A,2.45
180,28.581,ARG, ,CB,60.98,4.82,1.61,1.00,1.0,<Residue ARG het=  resseq=28 icode= >,1pp7_U_A,2.45
181,27.33,ARG, ,CG,72.15,4.47,13.414,0.44,1.0,<Residue ARG het=  resseq=28 icode= >,1pp7_U_A,2.45
182,24.66,ARG, ,CD,78.45,4.01,19.262,0.39,1.0,<Residue ARG het=  resseq=28 icode= >,1pp7_U_A,2.45
183,6.115,ARG, ,NE,85.64,3.81,5.985,0.62,1.0,<Residue ARG het=  resseq=28 icode= >,1pp7_U_A,2.45
184,7.109,ARG, ,CZ,90.64,3.29,7.109,0.51,1.0,<Residue ARG het=  resseq=28 icode= >,1pp7_U_A,2.45
185,47.409,ARG, ,NH1,91.09,3.43,29.352,0.32,1.0,<Residue ARG het=  resseq=28 icode= >,1pp7_U_A,2.45
186,58.998,ARG, ,NH2,91.7,2.63,58.496,0.01,1.0,<Residue ARG het=  resseq=28 icode= >,1pp7_U_A,2.45
187,2.843,ASP, ,N,46.94,6.29,0.0,2.13,1.0,<Residue ASP het=  resseq=29 icode= >,1pp7_U_A,2.45
188,6.326,ASP, ,CA,48.82,7.15,0.0,1.53,1.0,<Residue ASP het=  resseq=29 icode= >,1pp7_U_A,2.45
189,0.0,ASP, ,C,47.9,7.13,0.0,2.40,1.0,<Residue ASP het=  resseq=29 icode= >,1pp7_U_A,2.45
190,0.0,ASP, ,O,41.29,6.61,0.0,2.10,1.0,<Residue ASP het=  resseq=29 icode= >,1pp7_U_A,2.45
191,11.621,ASP, ,CB,51.32,6.05,0.0,1.06,1.0,<Residue ASP het=  resseq=29 icode= >,1pp7_U_A,2.45
192,7.546,ASP, ,CG,56.87,6.88,0.0,1.88,1.0,<Residue ASP het=  resseq=29 icode= >,1pp7_U_A,2.45
193,15.626,ASP, ,OD1,53.67,6.59,0.0,1.59,1.0,<Residue ASP het=  resseq=29 icode= >,1pp7_U_A,2.45
194,6.324,ASP, ,OD2,60.46,8.10,0.0,0.80,1.0,<Residue ASP het=  resseq=29 icode= >,1pp7_U_A,2.45
195,0.0,PRO, ,N,44.59,7.74,0.0,2.57,1.0,<Residue PRO het=  resseq=30 icode= >,1pp7_U_A,2.45
196,0.456,PRO, ,CA,44.62,7.91,0.0,2.92,1.0,<Residue PRO het=  resseq=30 icode= >,1pp7_U_A,2.45
197,0.0,PRO, ,C,43.42,8.05,0.0,3.40,1.0,<Residue PRO het=  resseq=30 icode= >,1pp7_U_A,2.45
198,0.716,PRO, ,O,46.15,7.41,0.0,2.06,1.0,<Residue PRO het=  resseq=30 icode= >,1pp7_U_A,2.45
199,8.062,PRO, ,CB,47.24,8.55,0.0,1.89,1.0,<Residue PRO het=  resseq=30 icode= >,1pp7_U_A,2.45
200,35.913,PRO, ,CG,44.57,8.08,0.0,1.21,1.0,<Residue PRO het=  resseq=30 icode= >,1pp7_U_A,2.45
201,18.754,PRO, ,CD,47.82,8.36,0.0,1.48,1.0,<Residue PRO het=  resseq=30 icode= >,1pp7_U_A,2.45
202,0.0,ASN, ,N,38.31,8.85,0.0,3.17,1.0,<Residue ASN het=  resseq=31 icode= >,1pp7_U_A,2.45
203,0.0,ASN, ,CA,38.48,8.98,0.0,2.52,1.0,<Residue ASN het=  resseq=31 icode= >,1pp7_U_A,2.45
204,0.025,ASN, ,C,37.23,8.04,0.0,3.49,1.0,<Residue ASN het=  resseq=31 icode= >,1pp7_U_A,2.45
205,1.489,ASN, ,O,40.55,8.06,0.0,2.20,1.0,<Residue ASN het=  resseq=31 icode= >,1pp7_U_A,2.45
206,10.443,ASN, ,CB,38.28,10.41,0.0,1.54,1.0,<Residue ASN het=  resseq=31 icode= >,1pp7_U_A,2.45
207,5.759,ASN, ,CG,45.42,11.45,0.0,2.35,1.0,<Residue ASN het=  resseq=31 icode= >,1pp7_U_A,2.45
208,26.419,ASN, ,OD1,46.69,11.51,0.0,1.43,1.0,<Residue ASN het=  resseq=31 icode= >,1pp7_U_A,2.45
209,20.304,ASN, ,ND2,37.03,11.57,0.0,1.81,1.0,<Residue ASN het=  resseq=31 icode= >,1pp7_U_A,2.45
210,0.0,SER, ,N,34.11,7.44,0.0,3.12,1.0,<Residue SER het=  resseq=32 icode= >,1pp7_U_A,2.45
211,0.0,SER, ,CA,35.39,6.73,0.0,2.44,1.0,<Residue SER het=  resseq=32 icode= >,1pp7_U_A,2.45
212,0.0,SER, ,C,36.54,5.21,0.0,3.11,1.0,<Residue SER het=  resseq=32 icode= >,1pp7_U_A,2.45
213,0.0,SER, ,O,37.66,4.66,0.0,2.17,1.0,<Residue SER het=  resseq=32 icode= >,1pp7_U_A,2.45
214,0.0,SER, ,CB,37.43,7.06,0.0,2.23,1.0,<Residue SER het=  resseq=32 icode= >,1pp7_U_A,2.45
215,0.0,SER, ,OG,37.23,6.27,0.0,1.78,1.0,<Residue SER het=  resseq=32 icode= >,1pp7_U_A,2.45
216,0.0,ARG, ,N,29.51,4.85,0.0,2.80,1.0,<Residue ARG het=  resseq=33 icode= >,1pp7_U_A,2.45
217,0.175,ARG, ,CA,32.84,3.59,0.175,3.23,1.0,<Residue ARG het=  resseq=33 icode= >,1pp7_U_A,2.45
218,0.0,ARG, ,C,31.56,3.72,0.0,4.27,1.0,<Residue ARG het=  resseq=33 icode= >,1pp7_U_A,2.45
219,0.0,ARG, ,O,31.15,4.91,0.0,3.17,1.0,<Residue ARG het=  resseq=33 icode= >,1pp7_U_A,2.45
220,1.989,ARG, ,CB,31.46,3.85,0.776,2.29,1.0,<Residue ARG het=  resseq=33 icode= >,1pp7_U_A,2.45
221,2.336,ARG, ,CG,35.37,3.86,2.336,2.93,1.0,<Residue ARG het=  resseq=33 icode= >,1pp7_U_A,2.45
222,2.855,ARG, ,CD,40.21,3.83,0.084,2.88,1.0,<Residue ARG het=  resseq=33 icode= >,1pp7_U_A,2.45
223,6.404,ARG, ,NE,51.44,2.66,6.404,2.59,1.0,<Residue ARG het=  resseq=33 icode= >,1pp7_U_A,2.45
224,3.964,ARG, ,CZ,56.06,3.12,3.964,2.17,1.0,<Residue ARG het=  resseq=33 icode= >,1pp7_U_A,2.45
225,31.177,ARG, ,NH1,55.62,3.26,19.391,1.17,1.0,<Residue ARG het=  resseq=33 icode= >,1pp7_U_A,2.45
226,32.734,ARG, ,NH2,60.8,2.82,18.015,0.85,1.0,<Residue ARG het=  resseq=33 icode= >,1pp7_U_A,2.45
227,2.507,PHE, ,N,27.92,2.88,2.507,3.24,1.0,<Residue PHE het=  resseq=34 icode= >,1pp7_U_A,2.45
228,0.0,PHE, ,CA,29.03,3.79,0.0,2.56,1.0,<Residue PHE het=  resseq=34 icode= >,1pp7_U_A,2.45
229,0.0,PHE, ,C,25.41,5.12,0.0,3.70,1.0,<Residue PHE het=  resseq=34 icode= >,1pp7_U_A,2.45
230,0.0,PHE, ,O,23.51,6.17,0.0,3.73,1.0,<Residue PHE het=  resseq=34 icode= >,1pp7_U_A,2.45
231,9.93,PHE, ,CB,31.24,3.49,7.505,1.91,1.0,<Residue PHE het=  resseq=34 icode= >,1pp7_U_A,2.45
232,0.0,PHE, ,CG,31.38,4.89,0.0,3.03,1.0,<Residue PHE het=  resseq=34 icode= >,1pp7_U_A,2.45
233,0.0,PHE, ,CD1,31.23,5.79,0.0,2.29,1.0,<Residue PHE het=  resseq=34 icode= >,1pp7_U_A,2.45
234,3.559,PHE, ,CD2,28.94,5.11,0.872,2.23,1.0,<Residue PHE het=  resseq=34 icode= >,1pp7_U_A,2.45
235,0.0,PHE, ,CE1,29.07,7.12,0.0,2.43,1.0,<Residue PHE het=  resseq=34 icode= >,1pp7_U_A,2.45
236,0.0,PHE, ,CE2,35.69,5.87,0.0,1.72,1.0,<Residue PHE het=  resseq=34 icode= >,1pp7_U_A,2.45
237,0.0,PHE, ,CZ,25.26,7.08,0.0,2.52,1.0,<Residue PHE het=  resseq=34 icode= >,1pp7_U_A,2.45
238,0.0,PRO, ,N,25.67,5.33,0.0,3.59,1.0,<Residue PRO het=  resseq=35 icode= >,1pp7_U_A,2.45
239,0.0,PRO, ,CA,23.03,6.76,0.0,3.04,1.0,<Residue PRO het=  resseq=35 icode= >,1pp7_U_A,2.45
240,0.0,PRO, ,C,25.82,7.58,0.0,4.36,1.0,<Residue PRO het=  resseq=35 icode= >,1pp7_U_A,2.45
241,0.0,PRO, ,O,24.97,8.65,0.0,2.93,1.0,<Residue PRO het=  resseq=35 icode= >,1pp7_U_A,2.45
242,2.96,PRO, ,CB,17.66,6.69,0.0,3.11,1.0,<Residue PRO het=  resseq=35 icode= >,1pp7_U_A,2.45
243,0.415,PRO, ,CG,22.82,5.35,0.0,2.59,1.0,<Residue PRO het=  resseq=35 icode= >,1pp7_U_A,2.45
244,0.031,PRO, ,CD,20.81,4.61,0.007,3.03,1.0,<Residue PRO het=  resseq=35 icode= >,1pp7_U_A,2.45
245,0.0,ARG, ,N,21.46,7.32,0.0,3.69,1.0,<Residue ARG het=  resseq=36 icode= >,1pp7_U_A,2.45
246,0.011,ARG, ,CA,22.17,8.40,0.0,4.38,1.0,<Residue ARG het=  resseq=36 icode= >,1pp7_U_A,2.45
247,0.0,ARG, ,C,27.54,8.59,0.0,4.28,1.0,<Residue ARG het=  resseq=36 icode= >,1pp7_U_A,2.45
248,0.0,ARG, ,O,33.2,9.76,0.0,2.73,1.0,<Residue ARG het=  resseq=36 icode= >,1pp7_U_A,2.45
249,1.202,ARG, ,CB,23.69,8.55,0.0,2.76,1.0,<Residue ARG het=  resseq=36 icode= >,1pp7_U_A,2.45
250,4.548,ARG, ,CG,23.63,9.08,0.0,2.75,1.0,<Residue ARG het=  resseq=36 icode= >,1pp7_U_A,2.45
251,5.215,ARG, ,CD,22.11,9.88,0.0,3.45,1.0,<Residue ARG het=  resseq=36 icode= >,1pp7_U_A,2.45
252,6.538,ARG, ,NE,20.83,10.16,0.0,3.66,1.0,<Residue ARG het=  resseq=36 icode= >,1pp7_U_A,2.45
253,4.105,ARG, ,CZ,29.24,11.03,0.0,3.83,1.0,<Residue ARG het=  resseq=36 icode= >,1pp7_U_A,2.45
254,16.647,ARG, ,NH1,24.8,11.59,0.0,2.49,1.0,<Residue ARG het=  resseq=36 icode= >,1pp7_U_A,2.45
255,44.206,ARG, ,NH2,22.63,11.55,0.0,2.14,1.0,<Residue ARG het=  resseq=36 icode= >,1pp7_U_A,2.45
256,0.0,LYS, ,N,23.89,7.62,0.0,3.21,1.0,<Residue LYS het=  resseq=37 icode= >,1pp7_U_A,2.45
257,1.311,LYS, ,CA,27.01,8.19,0.0,2.60,1.0,<Residue LYS het=  resseq=37 icode= >,1pp7_U_A,2.45
258,0.0,LYS, ,C,26.21,9.07,0.0,3.98,1.0,<Residue LYS het=  resseq=37 icode= >,1pp7_U_A,2.45
259,0.834,LYS, ,O,29.11,10.25,0.0,2.76,1.0,<Residue LYS het=  resseq=37 icode= >,1pp7_U_A,2.45
260,0.0,LYS, ,CB,22.94,7.29,0.0,2.72,1.0,<Residue LYS het=  resseq=37 icode= >,1pp7_U_A,2.45
261,0.095,LYS, ,CG,25.66,6.78,0.0,2.60,1.0,<Residue LYS het=  resseq=37 icode= >,1pp7_U_A,2.45
262,7.076,LYS, ,CD,27.28,5.88,0.0,2.60,1.0,<Residue LYS het=  resseq=37 icode= >,1pp7_U_A,2.45
263,0.234,LYS, ,CE,29.63,6.26,0.0,1.72,1.0,<Residue LYS het=  resseq=37 icode= >,1pp7_U_A,2.45
264,8.185,LYS, ,NZ,36.0,4.99,3.495,1.19,1.0,<Residue LYS het=  resseq=37 icode= >,1pp7_U_A,2.45
265,0.0,LEU, ,N,21.99,8.70,0.0,3.55,1.0,<Residue LEU het=  resseq=38 icode= >,1pp7_U_A,2.45
266,0.0,LEU, ,CA,22.07,9.80,0.0,3.94,1.0,<Residue LEU het=  resseq=38 icode= >,1pp7_U_A,2.45
267,0.0,LEU, ,C,24.76,10.93,0.0,4.97,1.0,<Residue LEU het=  resseq=38 icode= >,1pp7_U_A,2.45
268,0.0,LEU, ,O,28.08,12.07,0.0,3.16,1.0,<Residue LEU het=  resseq=38 icode= >,1pp7_U_A,2.45
269,0.0,LEU, ,CB,25.15,9.59,0.0,2.77,1.0,<Residue LEU het=  resseq=38 icode= >,1pp7_U_A,2.45
270,0.0,LEU, ,CG,32.48,10.07,0.0,2.52,1.0,<Residue LEU het=  resseq=38 icode= >,1pp7_U_A,2.45
271,0.0,LEU, ,CD1,28.34,10.50,0.0,1.89,1.0,<Residue LEU het=  resseq=38 icode= >,1pp7_U_A,2.45
272,0.0,LEU, ,CD2,32.13,11.09,0.0,1.50,1.0,<Residue LEU het=  resseq=38 icode= >,1pp7_U_A,2.45
273,0.0,HIS, ,N,21.64,10.73,0.0,3.49,1.0,<Residue HIS het=  resseq=39 icode= >,1pp7_U_A,2.45
274,0.0,HIS, ,CA,24.83,11.91,0.0,3.40,1.0,<Residue HIS het=  resseq=39 icode= >,1pp7_U_A,2.45
275,0.0,HIS, ,C,26.99,12.71,0.0,3.94,1.0,<Residue HIS het=  resseq=39 icode= >,1pp7_U_A,2.45
276,0.0,HIS, ,O,27.71,13.95,0.0,2.71,1.0,<Residue HIS het=  resseq=39 icode= >,1pp7_U_A,2.45
277,1.023,HIS, ,CB,28.98,11.74,0.0,2.48,1.0,<Residue HIS het=  resseq=39 icode= >,1pp7_U_A,2.45
278,0.0,HIS, ,CG,27.02,13.06,0.0,3.48,1.0,<Residue HIS het=  resseq=39 icode= >,1pp7_U_A,2.45
279,9.212,HIS, ,ND1,26.29,14.04,0.0,4.73,1.0,<Residue HIS het=  resseq=39 icode= >,1pp7_U_A,2.45
280,0.0,HIS, ,CD2,26.79,13.71,0.0,2.72,1.0,<Residue HIS het=  resseq=39 icode= >,1pp7_U_A,2.45
281,8.767,HIS, ,CE1,29.46,15.15,0.0,2.88,1.0,<Residue HIS het=  resseq=39 icode= >,1pp7_U_A,2.45
282,0.008,HIS, ,NE2,26.98,14.99,0.0,3.00,1.0,<Residue HIS het=  resseq=39 icode= >,1pp7_U_A,2.45
283,0.0,MET, ,N,28.03,12.17,0.0,3.04,1.0,<Residue MET het=  resseq=40 icode= >,1pp7_U_A,2.45
284,2.94,MET, ,CA,27.87,13.18,0.0,3.20,1.0,<Residue MET het=  resseq=40 icode= >,1pp7_U_A,2.45
285,0.0,MET, ,C,23.58,13.85,0.0,5.44,1.0,<Residue MET het=  resseq=40 icode= >,1pp7_U_A,2.45
286,1.28,MET, ,O,23.98,15.00,0.0,3.72,1.0,<Residue MET het=  resseq=40 icode= >,1pp7_U_A,2.45
287,4.699,MET, ,CB,29.36,12.72,0.0,2.40,1.0,<Residue MET het=  resseq=40 icode= >,1pp7_U_A,2.45
288,20.561,MET, ,CG,53.83,12.32,0.0,1.49,1.0,<Residue MET het=  resseq=40 icode= >,1pp7_U_A,2.45
289,22.582,MET, ,SD,72.21,11.96,0.0,1.30,1.0,<Residue MET het=  resseq=40 icode= >,1pp7_U_A,2.45
290,1.567,MET, ,CE,65.3,10.23,0.0,0.25,1.0,<Residue MET het=  resseq=40 icode= >,1pp7_U_A,2.45
291,0.0,LEU, ,N,21.15,13.21,0.0,3.76,1.0,<Residue LEU het=  resseq=41 icode= >,1pp7_U_A,2.45
292,0.0,LEU, ,CA,26.45,13.96,0.0,4.17,1.0,<Residue LEU het=  resseq=41 icode= >,1pp7_U_A,2.45
293,0.0,LEU, ,C,26.2,15.08,0.0,4.48,1.0,<Residue LEU het=  resseq=41 icode= >,1pp7_U_A,2.45
294,0.0,LEU, ,O,26.78,16.20,0.0,3.61,1.0,<Residue LEU het=  resseq=41 icode= >,1pp7_U_A,2.45
295,0.035,LEU, ,CB,28.78,12.85,0.0,2.43,1.0,<Residue LEU het=  resseq=41 icode= >,1pp7_U_A,2.45
296,0.153,LEU, ,CG,30.82,12.58,0.0,2.79,1.0,<Residue LEU het=  resseq=41 icode= >,1pp7_U_A,2.45
297,0.0,LEU, ,CD1,34.17,12.32,0.0,1.42,1.0,<Residue LEU het=  resseq=41 icode= >,1pp7_U_A,2.45
298,0.012,LEU, ,CD2,36.65,13.89,0.0,1.19,1.0,<Residue LEU het=  resseq=41 icode= >,1pp7_U_A,2.45
299,0.0,LEU, ,N,27.8,14.77,0.0,2.93,1.0,<Residue LEU het=  resseq=42 icode= >,1pp7_U_A,2.45
300,0.0,LEU, ,CA,24.59,15.78,0.0,3.49,1.0,<Residue LEU het=  resseq=42 icode= >,1pp7_U_A,2.45
301,0.0,LEU, ,C,29.41,16.83,0.0,4.08,1.0,<Residue LEU het=  resseq=42 icode= >,1pp7_U_A,2.45
302,1.273,LEU, ,O,32.16,18.04,0.0,3.04,1.0,<Residue LEU het=  resseq=42 icode= >,1pp7_U_A,2.45
303,0.018,LEU, ,CB,21.63,15.14,0.0,2.50,1.0,<Residue LEU het=  resseq=42 icode= >,1pp7_U_A,2.45
304,0.0,LEU, ,CG,25.43,15.56,0.0,3.15,1.0,<Residue LEU het=  resseq=42 icode= >,1pp7_U_A,2.45
305,0.006,LEU, ,CD1,24.05,16.29,0.0,2.29,1.0,<Residue LEU het=  resseq=42 icode= >,1pp7_U_A,2.45
306,0.0,LEU, ,CD2,21.74,14.37,0.0,2.39,1.0,<Residue LEU het=  resseq=42 icode= >,1pp7_U_A,2.45
307,0.0,THR, ,N,29.96,16.44,0.0,3.41,1.0,<Residue THR het=  resseq=43 icode= >,1pp7_U_A,2.45
308,3.379,THR, ,CA,28.43,17.45,0.0,3.77,1.0,<Residue THR het=  resseq=43 icode= >,1pp7_U_A,2.45
309,0.0,THR, ,C,32.49,18.31,0.0,4.07,1.0,<Residue THR het=  resseq=43 icode= >,1pp7_U_A,2.45
310,4.938,THR, ,O,33.6,19.57,0.0,2.55,1.0,<Residue THR het=  resseq=43 icode= >,1pp7_U_A,2.45
311,1.34,THR, ,CB,31.91,16.93,0.0,3.51,1.0,<Residue THR het=  resseq=43 icode= >,1pp7_U_A,2.45
312,3.732,THR, ,OG1,36.68,16.40,0.0,2.45,1.0,<Residue THR het=  resseq=43 icode= >,1pp7_U_A,2.45
313,60.412,THR, ,CG2,32.35,18.15,0.0,1.72,1.0,<Residue THR het=  resseq=43 icode= >,1pp7_U_A,2.45
314,0.0,TYR, ,N,29.32,17.76,0.0,3.63,1.0,<Residue TYR het=  resseq=44 icode= >,1pp7_U_A,2.45
315,4.303,TYR, ,CA,33.9,18.72,0.0,2.94,1.0,<Residue TYR het=  resseq=44 icode= >,1pp7_U_A,2.45
316,0.0,TYR, ,C,35.9,19.53,0.0,3.50,1.0,<Residue TYR het=  resseq=44 icode= >,1pp7_U_A,2.45
317,0.0,TYR, ,O,35.55,20.73,0.0,2.14,1.0,<Residue TYR het=  resseq=44 icode= >,1pp7_U_A,2.45
318,5.165,TYR, ,CB,34.59,18.16,0.0,1.50,1.0,<Residue TYR het=  resseq=44 icode= >,1pp7_U_A,2.45
319,0.0,TYR, ,CG,37.01,19.11,0.0,2.49,1.0,<Residue TYR het=  resseq=44 icode= >,1pp7_U_A,2.45
320,0.067,TYR, ,CD1,32.52,18.73,0.0,2.10,1.0,<Residue TYR het=  resseq=44 icode= >,1pp7_U_A,2.45
321,13.852,TYR, ,CD2,37.87,20.19,0.0,2.11,1.0,<Residue TYR het=  resseq=44 icode= >,1pp7_U_A,2.45
322,0.0,TYR, ,CE1,37.05,19.50,0.0,1.53,1.0,<Residue TYR het=  resseq=44 icode= >,1pp7_U_A,2.45
323,14.262,TYR, ,CE2,35.79,20.87,0.0,1.83,1.0,<Residue TYR het=  resseq=44 icode= >,1pp7_U_A,2.45
324,0.039,TYR, ,CZ,37.87,20.54,0.0,2.92,1.0,<Residue TYR het=  resseq=44 icode= >,1pp7_U_A,2.45
325,8.283,TYR, ,OH,38.18,21.27,0.0,2.09,1.0,<Residue TYR het=  resseq=44 icode= >,1pp7_U_A,2.45
326,0.0,LEU, ,N,35.65,18.91,0.0,2.99,1.0,<Residue LEU het=  resseq=45 icode= >,1pp7_U_A,2.45
327,0.0,LEU, ,CA,35.35,19.54,0.0,2.83,1.0,<Residue LEU het=  resseq=45 icode= >,1pp7_U_A,2.45
328,0.0,LEU, ,C,38.56,20.84,0.0,3.13,1.0,<Residue LEU het=  resseq=45 icode= >,1pp7_U_A,2.45
329,0.0,LEU, ,O,38.55,21.80,0.0,1.61,1.0,<Residue LEU het=  resseq=45 icode= >,1pp7_U_A,2.45
330,0.0,LEU, ,CB,33.5,18.64,0.0,2.00,1.0,<Residue LEU het=  resseq=45 icode= >,1pp7_U_A,2.45
331,0.0,LEU, ,CG,30.65,17.56,0.0,2.63,1.0,<Residue LEU het=  resseq=45 icode= >,1pp7_U_A,2.45
332,0.0,LEU, ,CD1,32.51,16.74,0.0,1.76,1.0,<Residue LEU het=  resseq=45 icode= >,1pp7_U_A,2.45
333,0.133,LEU, ,CD2,32.82,18.26,0.0,1.52,1.0,<Residue LEU het=  resseq=45 icode= >,1pp7_U_A,2.45
334,0.0,ALA, ,N,42.77,1000.00,0.0,2.51,1.0,<Residue ALA het=  resseq=46 icode= >,1pp7_U_A,2.45
335,2.563,ALA, ,CA,44.24,1000.00,0.0,2.90,1.0,<Residue ALA het=  resseq=46 icode= >,1pp7_U_A,2.45
336,0.951,ALA, ,C,48.59,1000.00,0.0,2.98,1.0,<Residue ALA het=  resseq=46 icode= >,1pp7_U_A,2.45
337,25.914,ALA, ,O,51.56,1000.00,0.0,1.90,1.0,<Residue ALA het=  resseq=46 icode= >,1pp7_U_A,2.45
338,34.7,ALA, ,CB,47.83,1000.00,0.0,0.68,1.0,<Residue ALA het=  resseq=46 icode= >,1pp7_U_A,2.45
339,0.0,SER, ,N,49.23,1000.00,0.0,2.22,1.0,<Residue SER het=  resseq=47 icode= >,1pp7_U_A,2.45
340,8.593,SER, ,CA,49.66,1000.00,0.0,2.28,1.0,<Residue SER het=  resseq=47 icode= >,1pp7_U_A,2.45
341,0.098,SER, ,C,49.79,1000.00,0.0,3.05,1.0,<Residue SER het=  resseq=47 icode= >,1pp7_U_A,2.45
342,22.763,SER, ,O,50.54,1000.00,0.0,1.74,1.0,<Residue SER het=  resseq=47 icode= >,1pp7_U_A,2.45
343,43.048,SER, ,CB,51.76,1000.00,0.0,1.50,1.0,<Residue SER het=  resseq=47 icode= >,1pp7_U_A,2.45
344,10.202,SER, ,OG,54.34,1000.00,0.0,0.65,1.0,<Residue SER het=  resseq=47 icode= >,1pp7_U_A,2.45
345,0.0,ASN, ,N,46.35,1000.00,0.0,2.12,1.0,<Residue ASN het=  resseq=48 icode= >,1pp7_U_A,2.45
346,2.093,ASN, ,CA,42.9,1000.00,0.0,2.51,1.0,<Residue ASN het=  resseq=48 icode= >,1pp7_U_A,2.45
347,0.0,ASN, ,C,42.73,1000.00,0.0,3.05,1.0,<Residue ASN het=  resseq=48 icode= >,1pp7_U_A,2.45
348,0.0,ASN, ,O,45.53,1000.00,0.0,1.49,1.0,<Residue ASN het=  resseq=48 icode= >,1pp7_U_A,2.45
349,2.444,ASN, ,CB,39.32,1000.00,0.0,1.80,1.0,<Residue ASN het=  resseq=48 icode= >,1pp7_U_A,2.45
350,4.703,ASN, ,CG,39.8,1000.00,0.0,3.21,1.0,<Residue ASN het=  resseq=48 icode= >,1pp7_U_A,2.45
351,6.72,ASN, ,OD1,40.01,1000.00,0.0,2.40,1.0,<Residue ASN het=  resseq=48 icode= >,1pp7_U_A,2.45
352,18.335,ASN, ,ND2,32.82,1000.00,0.0,2.65,1.0,<Residue ASN het=  resseq=48 icode= >,1pp7_U_A,2.45
353,0.0,PRO, ,N,42.43,1000.00,0.0,3.08,1.0,<Residue PRO het=  resseq=49 icode= >,1pp7_U_A,2.45
354,0.255,PRO, ,CA,41.55,1000.00,0.0,2.64,1.0,<Residue PRO het=  resseq=49 icode= >,1pp7_U_A,2.45
355,0.093,PRO, ,C,42.46,1000.00,0.0,3.40,1.0,<Residue PRO het=  resseq=49 icode= >,1pp7_U_A,2.45
356,1.885,PRO, ,O,46.03,1000.00,0.0,2.15,1.0,<Residue PRO het=  resseq=49 icode= >,1pp7_U_A,2.45
357,33.158,PRO, ,CB,37.12,1000.00,0.0,2.56,1.0,<Residue PRO het=  resseq=49 icode= >,1pp7_U_A,2.45
358,38.311,PRO, ,CG,37.16,1000.00,0.0,1.89,1.0,<Residue PRO het=  resseq=49 icode= >,1pp7_U_A,2.45
359,14.52,PRO, ,CD,38.57,1000.00,0.0,1.92,1.0,<Residue PRO het=  resseq=49 icode= >,1pp7_U_A,2.45
360,0.59,GLN, ,N,44.77,1000.00,0.0,2.37,1.0,<Residue GLN het=  resseq=50 icode= >,1pp7_U_A,2.45
361,1.758,GLN, ,CA,47.66,1000.00,0.0,2.59,1.0,<Residue GLN het=  resseq=50 icode= >,1pp7_U_A,2.45
362,0.0,GLN, ,C,44.86,1000.00,0.0,3.67,1.0,<Residue GLN het=  resseq=50 icode= >,1pp7_U_A,2.45
363,0.0,GLN, ,O,43.99,1000.00,0.0,2.24,1.0,<Residue GLN het=  resseq=50 icode= >,1pp7_U_A,2.45
364,20.237,GLN, ,CB,52.52,1000.00,0.0,1.32,1.0,<Residue GLN het=  resseq=50 icode= >,1pp7_U_A,2.45
365,3.141,GLN, ,CG,59.55,1000.00,0.0,1.20,1.0,<Residue GLN het=  resseq=50 icode= >,1pp7_U_A,2.45
366,2.962,GLN, ,CD,67.2,1000.00,0.0,1.08,1.0,<Residue GLN het=  resseq=50 icode= >,1pp7_U_A,2.45
367,28.699,GLN, ,OE1,70.26,1000.00,0.0,0.54,1.0,<Residue GLN het=  resseq=50 icode= >,1pp7_U_A,2.45
368,57.125,GLN, ,NE2,62.2,1000.00,0.0,1.63,1.0,<Residue GLN het=  resseq=50 icode= >,1pp7_U_A,2.45
369,0.0,LEU, ,N,45.51,1000.00,0.0,3.10,1.0,<Residue LEU het=  resseq=51 icode= >,1pp7_U_A,2.45
370,0.0,LEU, ,CA,46.78,1000.00,0.0,2.73,1.0,<Residue LEU het=  resseq=51 icode= >,1pp7_U_A,2.45
371,0.0,LEU, ,C,47.96,1000.00,0.0,3.55,1.0,<Residue LEU het=  resseq=51 icode= >,1pp7_U_A,2.45
372,0.0,LEU, ,O,49.51,1000.00,0.0,2.25,1.0,<Residue LEU het=  resseq=51 icode= >,1pp7_U_A,2.45
373,0.0,LEU, ,CB,52.45,1000.00,0.0,1.38,1.0,<Residue LEU het=  resseq=51 icode= >,1pp7_U_A,2.45
374,0.219,LEU, ,CG,55.76,1000.00,0.0,1.35,1.0,<Residue LEU het=  resseq=51 icode= >,1pp7_U_A,2.45
375,0.0,LEU, ,CD1,56.41,1000.00,0.0,0.78,1.0,<Residue LEU het=  resseq=51 icode= >,1pp7_U_A,2.45
376,0.0,LEU, ,CD2,57.43,1000.00,0.0,0.39,1.0,<Residue LEU het=  resseq=51 icode= >,1pp7_U_A,2.45
377,0.0,GLU, ,N,47.64,1000.00,0.0,2.39,1.0,<Residue GLU het=  resseq=52 icode= >,1pp7_U_A,2.45
378,0.0,GLU, ,CA,49.61,1000.00,0.0,2.78,1.0,<Residue GLU het=  resseq=52 icode= >,1pp7_U_A,2.45
379,0.014,GLU, ,C,50.91,1000.00,0.0,3.38,1.0,<Residue GLU het=  resseq=52 icode= >,1pp7_U_A,2.45
380,1.442,GLU, ,O,49.93,1000.00,0.0,2.34,1.0,<Residue GLU het=  resseq=52 icode= >,1pp7_U_A,2.45
381,0.0,GLU, ,CB,51.15,1000.00,0.0,1.58,1.0,<Residue GLU het=  resseq=52 icode= >,1pp7_U_A,2.45
382,5.468,GLU, ,CG,60.83,1000.00,0.0,1.39,1.0,<Residue GLU het=  resseq=52 icode= >,1pp7_U_A,2.45
383,4.628,GLU, ,CD,69.72,1000.00,0.0,1.31,1.0,<Residue GLU het=  resseq=52 icode= >,1pp7_U_A,2.45
384,18.132,GLU, ,OE1,66.26,1000.00,0.0,1.34,1.0,<Residue GLU het=  resseq=52 icode= >,1pp7_U_A,2.45
385,8.488,GLU, ,OE2,72.0,1000.00,0.0,0.34,1.0,<Residue GLU het=  resseq=52 icode= >,1pp7_U_A,2.45
386,0.3,GLU, ,N,53.75,18.55,0.0,2.15,1.0,<Residue GLU het=  resseq=53 icode= >,1pp7_U_A,2.45
387,9.339,GLU, ,CA,58.97,18.11,0.0,2.09,1.0,<Residue GLU het=  resseq=53 icode= >,1pp7_U_A,2.45
388,1.886,GLU, ,C,58.11,17.25,0.0,2.22,1.0,<Residue GLU het=  resseq=53 icode= >,1pp7_U_A,2.45
389,8.566,GLU, ,O,57.8,16.08,0.0,1.37,1.0,<Residue GLU het=  resseq=53 icode= >,1pp7_U_A,2.45
390,7.722,GLU, ,CB,61.65,19.36,0.0,0.67,1.0,<Residue GLU het=  resseq=53 icode= >,1pp7_U_A,2.45
391,27.21,GLU, ,CG,67.22,20.37,0.0,0.46,1.0,<Residue GLU het=  resseq=53 icode= >,1pp7_U_A,2.45
392,8.851,GLU, ,CD,70.33,21.68,0.0,1.86,1.0,<Residue GLU het=  resseq=53 icode= >,1pp7_U_A,2.45
393,42.755,GLU, ,OE1,73.2,22.61,0.0,1.32,1.0,<Residue GLU het=  resseq=53 icode= >,1pp7_U_A,2.45
394,18.341,GLU, ,OE2,69.19,21.86,0.0,1.15,1.0,<Residue GLU het=  resseq=53 icode= >,1pp7_U_A,2.45
395,0.0,GLU, ,N,56.61,17.97,0.0,2.09,1.0,<Residue GLU het=  resseq=54 icode= >,1pp7_U_A,2.45
396,9.424,GLU, ,CA,56.57,17.52,0.0,2.05,1.0,<Residue GLU het=  resseq=54 icode= >,1pp7_U_A,2.45
397,0.0,GLU, ,C,52.44,16.20,0.0,2.93,1.0,<Residue GLU het=  resseq=54 icode= >,1pp7_U_A,2.45
398,7.485,GLU, ,O,49.05,15.31,0.0,1.98,1.0,<Residue GLU het=  resseq=54 icode= >,1pp7_U_A,2.45
399,2.654,GLU, ,CB,59.11,18.67,0.0,1.30,1.0,<Residue GLU het=  resseq=54 icode= >,1pp7_U_A,2.45
400,0.0,GLU, ,CG,72.55,20.07,0.0,0.65,1.0,<Residue GLU het=  resseq=54 icode= >,1pp7_U_A,2.45
401,7.693,GLU, ,CD,79.63,20.65,0.0,0.70,1.0,<Residue GLU het=  resseq=54 icode= >,1pp7_U_A,2.45
402,28.912,GLU, ,OE1,82.76,21.05,0.0,0.36,1.0,<Residue GLU het=  resseq=54 icode= >,1pp7_U_A,2.45
403,31.027,GLU, ,OE2,81.69,20.61,0.0,0.60,1.0,<Residue GLU het=  resseq=54 icode= >,1pp7_U_A,2.45
404,0.0,ILE, ,N,46.51,16.16,0.0,2.47,1.0,<Residue ILE het=  resseq=55 icode= >,1pp7_U_A,2.45
405,0.0,ILE, ,CA,44.45,15.04,0.0,2.84,1.0,<Residue ILE het=  resseq=55 icode= >,1pp7_U_A,2.45
406,0.0,ILE, ,C,43.71,13.88,0.0,3.42,1.0,<Residue ILE het=  resseq=55 icode= >,1pp7_U_A,2.45
407,0.0,ILE, ,O,44.42,12.72,0.0,1.63,1.0,<Residue ILE het=  resseq=55 icode= >,1pp7_U_A,2.45
408,0.0,ILE, ,CB,42.37,15.53,0.0,2.68,1.0,<Residue ILE het=  resseq=55 icode= >,1pp7_U_A,2.45
409,0.0,ILE, ,CG1,42.98,16.72,0.0,1.82,1.0,<Residue ILE het=  resseq=55 icode= >,1pp7_U_A,2.45
410,0.0,ILE, ,CG2,39.57,14.48,0.0,1.01,1.0,<Residue ILE het=  resseq=55 icode= >,1pp7_U_A,2.45
411,0.0,ILE, ,CD1,44.68,17.45,0.0,0.79,1.0,<Residue ILE het=  resseq=55 icode= >,1pp7_U_A,2.45
412,0.0,GLY, ,N,39.94,14.26,0.0,2.59,1.0,<Residue GLY het=  resseq=56 icode= >,1pp7_U_A,2.45
413,0.0,GLY, ,CA,40.32,13.33,0.0,1.88,1.0,<Residue GLY het=  resseq=56 icode= >,1pp7_U_A,2.45
414,0.0,GLY, ,C,38.13,12.83,0.0,3.41,1.0,<Residue GLY het=  resseq=56 icode= >,1pp7_U_A,2.45
415,0.0,GLY, ,O,37.67,11.74,0.0,2.07,1.0,<Residue GLY het=  resseq=56 icode= >,1pp7_U_A,2.45
416,0.0,LEU, ,N,34.72,13.80,0.0,2.81,1.0,<Residue LEU het=  resseq=57 icode= >,1pp7_U_A,2.45
417,0.0,LEU, ,CA,31.9,13.82,0.0,2.63,1.0,<Residue LEU het=  resseq=57 icode= >,1pp7_U_A,2.45
418,0.0,LEU, ,C,32.09,15.10,0.0,4.18,1.0,<Residue LEU het=  resseq=57 icode= >,1pp7_U_A,2.45
419,0.0,LEU, ,O,31.47,16.17,0.0,2.72,1.0,<Residue LEU het=  resseq=57 icode= >,1pp7_U_A,2.45
420,0.0,LEU, ,CB,30.58,14.03,0.0,1.47,1.0,<Residue LEU het=  resseq=57 icode= >,1pp7_U_A,2.45
421,0.0,LEU, ,CG,28.85,14.10,0.0,2.67,1.0,<Residue LEU het=  resseq=57 icode= >,1pp7_U_A,2.45
422,0.0,LEU, ,CD1,28.46,12.96,0.0,1.83,1.0,<Residue LEU het=  resseq=57 icode= >,1pp7_U_A,2.45
423,0.0,LEU, ,CD2,31.33,13.42,0.0,1.15,1.0,<Residue LEU het=  resseq=57 icode= >,1pp7_U_A,2.45
424,0.0,SER, ,N,32.55,15.05,0.0,2.71,1.0,<Residue SER het=  resseq=58 icode= >,1pp7_U_A,2.45
425,1.099,SER, ,CA,34.98,16.31,0.0,1.89,1.0,<Residue SER het=  resseq=58 icode= >,1pp7_U_A,2.45
426,0.0,SER, ,C,31.62,16.30,0.0,3.99,1.0,<Residue SER het=  resseq=58 icode= >,1pp7_U_A,2.45
427,0.0,SER, ,O,29.27,15.26,0.0,2.74,1.0,<Residue SER het=  resseq=58 icode= >,1pp7_U_A,2.45
428,6.701,SER, ,CB,35.61,17.06,0.0,1.79,1.0,<Residue SER het=  resseq=58 icode= >,1pp7_U_A,2.45
429,9.671,SER, ,OG,37.57,16.33,0.0,2.05,1.0,<Residue SER het=  resseq=58 icode= >,1pp7_U_A,2.45
430,2.48,TRP, ,N,32.82,17.41,0.0,2.60,1.0,<Residue TRP het=  resseq=59 icode= >,1pp7_U_A,2.45
431,0.0,TRP, ,CA,33.41,17.51,0.0,3.14,1.0,<Residue TRP het=  resseq=59 icode= >,1pp7_U_A,2.45
432,0.0,TRP, ,C,36.39,17.61,0.0,3.41,1.0,<Residue TRP het=  resseq=59 icode= >,1pp7_U_A,2.45
433,19.159,TRP, ,O,37.8,18.31,0.0,2.26,1.0,<Residue TRP het=  resseq=59 icode= >,1pp7_U_A,2.45
434,1.589,TRP, ,CB,26.78,18.84,0.0,2.19,1.0,<Residue TRP het=  resseq=59 icode= >,1pp7_U_A,2.45
435,0.0,TRP, ,CG,33.67,19.03,0.0,2.87,1.0,<Residue TRP het=  resseq=59 icode= >,1pp7_U_A,2.45
436,3.622,TRP, ,CD1,29.9,19.85,0.0,3.17,1.0,<Residue TRP het=  resseq=59 icode= >,1pp7_U_A,2.45
437,0.0,TRP, ,CD2,26.94,18.57,0.0,3.42,1.0,<Residue TRP het=  resseq=59 icode= >,1pp7_U_A,2.45
438,2.106,TRP, ,NE1,37.55,19.93,0.0,2.77,1.0,<Residue TRP het=  resseq=59 icode= >,1pp7_U_A,2.45
439,0.0,TRP, ,CE2,30.94,19.19,0.0,4.32,1.0,<Residue TRP het=  resseq=59 icode= >,1pp7_U_A,2.45
440,0.0,TRP, ,CE3,30.73,17.83,0.0,2.85,1.0,<Residue TRP het=  resseq=59 icode= >,1pp7_U_A,2.45
441,0.016,TRP, ,CZ2,24.9,19.11,0.0,3.26,1.0,<Residue TRP het=  resseq=59 icode= >,1pp7_U_A,2.45
442,0.016,TRP, ,CZ3,27.92,17.74,0.0,3.33,1.0,<Residue TRP het=  resseq=59 icode= >,1pp7_U_A,2.45
443,0.0,TRP, ,CH2,30.86,18.39,0.0,2.75,1.0,<Residue TRP het=  resseq=59 icode= >,1pp7_U_A,2.45
444,0.0,ILE, ,N,39.17,17.06,0.0,2.44,1.0,<Residue ILE het=  resseq=60 icode= >,1pp7_U_A,2.45
445,6.618,ILE, ,CA,40.88,17.37,0.0,2.32,1.0,<Residue ILE het=  resseq=60 icode= >,1pp7_U_A,2.45
446,2.352,ILE, ,C,42.18,18.46,0.0,3.46,1.0,<Residue ILE het=  resseq=60 icode= >,1pp7_U_A,2.45
447,29.019,ILE, ,O,45.07,19.21,0.0,2.13,1.0,<Residue ILE het=  resseq=60 icode= >,1pp7_U_A,2.45
448,12.406,ILE, ,CB,38.11,16.12,0.0,2.41,1.0,<Residue ILE het=  resseq=60 icode= >,1pp7_U_A,2.45
449,4.611,ILE, ,CG1,31.38,15.47,0.0,1.95,1.0,<Residue ILE het=  resseq=60 icode= >,1pp7_U_A,2.45
450,7.195,ILE, ,CG2,36.74,15.16,0.0,1.15,1.0,<Residue ILE het=  resseq=60 icode= >,1pp7_U_A,2.45
451,9.929,ILE, ,CD1,39.3,14.17,0.0,1.00,1.0,<Residue ILE het=  resseq=60 icode= >,1pp7_U_A,2.45
452,0.0,SER, ,N,39.78,18.64,0.0,2.97,1.0,<Residue SER het=  resseq=61 icode= >,1pp7_U_A,2.45
453,4.969,SER, ,CA,42.38,19.77,0.0,2.63,1.0,<Residue SER het=  resseq=61 icode= >,1pp7_U_A,2.45
454,0.0,SER, ,C,44.16,20.18,0.0,2.31,1.0,<Residue SER het=  resseq=61 icode= >,1pp7_U_A,2.45
455,0.0,SER, ,O,45.77,19.65,0.0,1.64,1.0,<Residue SER het=  resseq=61 icode= >,1pp7_U_A,2.45
456,35.555,SER, ,CB,40.24,19.52,0.0,2.20,1.0,<Residue SER het=  resseq=61 icode= >,1pp7_U_A,2.45
457,1.694,SER, ,OG,47.24,18.60,0.0,1.87,1.0,<Residue SER het=  resseq=61 icode= >,1pp7_U_A,2.45
458,3.807,ASP, ,N,45.29,1000.00,0.0,2.49,1.0,<Residue ASP het=  resseq=62 icode= >,1pp7_U_A,2.45
459,0.0,ASP, ,CA,45.13,1000.00,0.0,2.46,1.0,<Residue ASP het=  resseq=62 icode= >,1pp7_U_A,2.45
460,0.0,ASP, ,C,44.27,1000.00,0.0,2.90,1.0,<Residue ASP het=  resseq=62 icode= >,1pp7_U_A,2.45
461,0.0,ASP, ,O,45.9,1000.00,0.0,1.83,1.0,<Residue ASP het=  resseq=62 icode= >,1pp7_U_A,2.45
462,18.679,ASP, ,CB,50.79,1000.00,0.0,1.31,1.0,<Residue ASP het=  resseq=62 icode= >,1pp7_U_A,2.45
463,13.495,ASP, ,CG,58.29,1000.00,0.0,1.92,1.0,<Residue ASP het=  resseq=62 icode= >,1pp7_U_A,2.45
464,14.262,ASP, ,OD1,56.25,1000.00,0.0,1.21,1.0,<Residue ASP het=  resseq=62 icode= >,1pp7_U_A,2.45
465,41.408,ASP, ,OD2,59.85,1000.00,0.0,0.97,1.0,<Residue ASP het=  resseq=62 icode= >,1pp7_U_A,2.45
466,0.017,THR, ,N,37.86,1000.00,0.0,2.36,1.0,<Residue THR het=  resseq=63 icode= >,1pp7_U_A,2.45
467,0.0,THR, ,CA,35.32,1000.00,0.0,2.20,1.0,<Residue THR het=  resseq=63 icode= >,1pp7_U_A,2.45
468,0.0,THR, ,C,31.54,1000.00,0.0,3.98,1.0,<Residue THR het=  resseq=63 icode= >,1pp7_U_A,2.45
469,0.791,THR, ,O,29.6,1000.00,0.0,2.93,1.0,<Residue THR het=  resseq=63 icode= >,1pp7_U_A,2.45
470,10.674,THR, ,CB,32.04,1000.00,0.0,2.95,1.0,<Residue THR het=  resseq=63 icode= >,1pp7_U_A,2.45
471,18.087,THR, ,OG1,32.45,1000.00,0.0,2.01,1.0,<Residue THR het=  resseq=63 icode= >,1pp7_U_A,2.45
472,34.749,THR, ,CG2,31.53,1000.00,0.0,1.25,1.0,<Residue THR het=  resseq=63 icode= >,1pp7_U_A,2.45
473,0.0,GLU, ,N,27.91,16.79,0.0,3.10,1.0,<Residue GLU het=  resseq=64 icode= >,1pp7_U_A,2.45
474,0.0,GLU, ,CA,28.34,15.37,0.0,2.64,1.0,<Residue GLU het=  resseq=64 icode= >,1pp7_U_A,2.45
475,0.0,GLU, ,C,29.39,15.13,0.0,4.02,1.0,<Residue GLU het=  resseq=64 icode= >,1pp7_U_A,2.45
476,0.0,GLU, ,O,32.54,16.06,0.0,2.23,1.0,<Residue GLU het=  resseq=64 icode= >,1pp7_U_A,2.45
477,0.0,GLU, ,CB,33.59,15.05,0.0,1.71,1.0,<Residue GLU het=  resseq=64 icode= >,1pp7_U_A,2.45
478,0.417,GLU, ,CG,40.06,15.83,0.0,1.24,1.0,<Residue GLU het=  resseq=64 icode= >,1pp7_U_A,2.45
479,7.136,GLU, ,CD,49.79,15.57,0.0,1.61,1.0,<Residue GLU het=  resseq=64 icode= >,1pp7_U_A,2.45
480,33.354,GLU, ,OE1,45.52,16.30,0.0,1.28,1.0,<Residue GLU het=  resseq=64 icode= >,1pp7_U_A,2.45
481,15.547,GLU, ,OE2,51.0,14.78,0.0,1.15,1.0,<Residue GLU het=  resseq=64 icode= >,1pp7_U_A,2.45
482,0.0,PHE, ,N,29.26,13.99,0.0,2.42,1.0,<Residue PHE het=  resseq=65 icode= >,1pp7_U_A,2.45
483,0.0,PHE, ,CA,24.04,13.83,0.0,3.08,1.0,<Residue PHE het=  resseq=65 icode= >,1pp7_U_A,2.45
484,0.0,PHE, ,C,22.65,12.43,0.0,4.77,1.0,<Residue PHE het=  resseq=65 icode= >,1pp7_U_A,2.45
485,0.0,PHE, ,O,20.57,11.53,0.0,4.24,1.0,<Residue PHE het=  resseq=65 icode= >,1pp7_U_A,2.45
486,0.0,PHE, ,CB,26.54,14.21,0.0,1.90,1.0,<Residue PHE het=  resseq=65 icode= >,1pp7_U_A,2.45
487,0.0,PHE, ,CG,26.28,13.42,0.0,3.05,1.0,<Residue PHE het=  resseq=65 icode= >,1pp7_U_A,2.45
488,0.213,PHE, ,CD1,27.39,13.86,0.0,2.58,1.0,<Residue PHE het=  resseq=65 icode= >,1pp7_U_A,2.45
489,0.0,PHE, ,CD2,24.67,12.51,0.0,3.25,1.0,<Residue PHE het=  resseq=65 icode= >,1pp7_U_A,2.45
490,0.0,PHE, ,CE1,26.16,13.47,0.0,3.07,1.0,<Residue PHE het=  resseq=65 icode= >,1pp7_U_A,2.45
491,0.0,PHE, ,CE2,26.1,11.96,0.0,2.60,1.0,<Residue PHE het=  resseq=65 icode= >,1pp7_U_A,2.45
492,0.0,PHE, ,CZ,31.67,12.57,0.0,2.04,1.0,<Residue PHE het=  resseq=65 icode= >,1pp7_U_A,2.45
493,0.0,LYS, ,N,21.87,12.38,0.0,3.57,1.0,<Residue LYS het=  resseq=66 icode= >,1pp7_U_A,2.45
494,0.0,LYS, ,CA,21.76,11.22,0.0,3.37,1.0,<Residue LYS het=  resseq=66 icode= >,1pp7_U_A,2.45
495,0.0,LYS, ,C,23.97,11.21,0.0,4.10,1.0,<Residue LYS het=  resseq=66 icode= >,1pp7_U_A,2.45
496,0.0,LYS, ,O,21.9,12.18,0.0,3.53,1.0,<Residue LYS het=  resseq=66 icode= >,1pp7_U_A,2.45
497,0.509,LYS, ,CB,21.72,11.53,0.0,2.35,1.0,<Residue LYS het=  resseq=66 icode= >,1pp7_U_A,2.45
498,0.0,LYS, ,CG,28.68,12.91,0.0,1.97,1.0,<Residue LYS het=  resseq=66 icode= >,1pp7_U_A,2.45
499,5.082,LYS, ,CD,30.43,13.11,0.0,1.66,1.0,<Residue LYS het=  resseq=66 icode= >,1pp7_U_A,2.45
500,19.35,LYS, ,CE,39.46,14.62,0.0,1.54,1.0,<Residue LYS het=  resseq=66 icode= >,1pp7_U_A,2.45
501,43.433,LYS, ,NZ,39.89,15.04,0.0,1.47,1.0,<Residue LYS het=  resseq=66 icode= >,1pp7_U_A,2.45
502,0.0,MET, ,N,27.01,9.99,0.0,2.78,1.0,<Residue MET het=  resseq=67 icode= >,1pp7_U_A,2.45
503,0.0,MET, ,CA,30.67,9.86,0.0,2.21,1.0,<Residue MET het=  resseq=67 icode= >,1pp7_U_A,2.45
504,0.0,MET, ,C,31.88,8.78,0.0,3.90,1.0,<Residue MET het=  resseq=67 icode= >,1pp7_U_A,2.45
505,0.0,MET, ,O,29.74,7.96,0.0,2.91,1.0,<Residue MET het=  resseq=67 icode= >,1pp7_U_A,2.45
506,0.0,MET, ,CB,32.87,9.81,0.0,1.91,1.0,<Residue MET het=  resseq=67 icode= >,1pp7_U_A,2.45
507,0.0,MET, ,CG,31.35,8.52,0.0,2.65,1.0,<Residue MET het=  resseq=67 icode= >,1pp7_U_A,2.45
508,0.0,MET, ,SD,39.57,9.07,0.0,4.45,1.0,<Residue MET het=  resseq=67 icode= >,1pp7_U_A,2.45
509,0.0,MET, ,CE,22.48,9.14,0.0,2.31,1.0,<Residue MET het=  resseq=67 icode= >,1pp7_U_A,2.45
510,0.0,LYS, ,N,34.81,9.03,0.0,2.36,1.0,<Residue LYS het=  resseq=68 icode= >,1pp7_U_A,2.45
511,0.0,LYS, ,CA,36.59,8.30,0.0,2.64,1.0,<Residue LYS het=  resseq=68 icode= >,1pp7_U_A,2.45
512,0.0,LYS, ,C,35.31,7.93,0.0,3.85,1.0,<Residue LYS het=  resseq=68 icode= >,1pp7_U_A,2.45
513,0.0,LYS, ,O,33.3,8.89,0.0,2.53,1.0,<Residue LYS het=  resseq=68 icode= >,1pp7_U_A,2.45
514,1.371,LYS, ,CB,43.26,9.40,0.0,1.60,1.0,<Residue LYS het=  resseq=68 icode= >,1pp7_U_A,2.45
515,0.0,LYS, ,CG,50.53,9.97,0.0,1.81,1.0,<Residue LYS het=  resseq=68 icode= >,1pp7_U_A,2.45
516,12.34,LYS, ,CD,57.15,10.84,0.0,1.25,1.0,<Residue LYS het=  resseq=68 icode= >,1pp7_U_A,2.45
517,3.596,LYS, ,CE,64.62,11.58,0.0,0.66,1.0,<Residue LYS het=  resseq=68 icode= >,1pp7_U_A,2.45
518,42.142,LYS, ,NZ,67.25,12.13,0.0,0.52,1.0,<Residue LYS het=  resseq=68 icode= >,1pp7_U_A,2.45
519,1.82,LYS, ,N,34.07,6.73,0.0,2.61,1.0,<Residue LYS het=  resseq=69 icode= >,1pp7_U_A,2.45
520,0.0,LYS, ,CA,35.98,6.76,0.0,2.42,1.0,<Residue LYS het=  resseq=69 icode= >,1pp7_U_A,2.45
521,0.0,LYS, ,C,36.69,7.46,0.0,3.65,1.0,<Residue LYS het=  resseq=69 icode= >,1pp7_U_A,2.45
522,0.0,LYS, ,O,35.43,8.40,0.0,2.82,1.0,<Residue LYS het=  resseq=69 icode= >,1pp7_U_A,2.45
523,2.936,LYS, ,CB,24.64,5.52,0.0,2.56,1.0,<Residue LYS het=  resseq=69 icode= >,1pp7_U_A,2.45
524,0.081,LYS, ,CG,25.68,5.31,0.0,2.73,1.0,<Residue LYS het=  resseq=69 icode= >,1pp7_U_A,2.45
525,0.0,LYS, ,CD,22.65,4.64,0.0,2.68,1.0,<Residue LYS het=  resseq=69 icode= >,1pp7_U_A,2.45
526,15.903,LYS, ,CE,20.36,3.14,12.663,2.73,1.0,<Residue LYS het=  resseq=69 icode= >,1pp7_U_A,2.45
527,18.426,LYS, ,NZ,24.09,2.99,17.149,2.48,1.0,<Residue LYS het=  resseq=69 icode= >,1pp7_U_A,2.45
528,2.571,LYS, ,N,39.43,7.26,0.0,2.62,1.0,<Residue LYS het=  resseq=70 icode= >,1pp7_U_A,2.45
529,0.496,LYS, ,CA,43.01,8.22,0.0,2.22,1.0,<Residue LYS het=  resseq=70 icode= >,1pp7_U_A,2.45
530,0.0,LYS, ,C,40.45,9.65,0.0,2.98,1.0,<Residue LYS het=  resseq=70 icode= >,1pp7_U_A,2.45
531,2.168,LYS, ,O,36.92,10.44,0.0,2.44,1.0,<Residue LYS het=  resseq=70 icode= >,1pp7_U_A,2.45
532,14.736,LYS, ,CB,46.94,8.15,0.0,1.87,1.0,<Residue LYS het=  resseq=70 icode= >,1pp7_U_A,2.45
533,13.012,LYS, ,CG,53.5,7.91,0.0,1.44,1.0,<Residue LYS het=  resseq=70 icode= >,1pp7_U_A,2.45
534,26.659,LYS, ,CD,62.55,6.65,0.0,0.66,1.0,<Residue LYS het=  resseq=70 icode= >,1pp7_U_A,2.45
535,44.802,LYS, ,CE,66.36,6.86,0.0,0.62,1.0,<Residue LYS het=  resseq=70 icode= >,1pp7_U_A,2.45
536,49.28,LYS, ,NZ,67.33,5.96,0.0,0.51,1.0,<Residue LYS het=  resseq=70 icode= >,1pp7_U_A,2.45
537,0.0,ASN, ,N,38.68,10.11,0.0,2.14,1.0,<Residue ASN het=  resseq=71 icode= >,1pp7_U_A,2.45
538,0.0,ASN, ,CA,33.95,11.52,0.0,3.02,1.0,<Residue ASN het=  resseq=71 icode= >,1pp7_U_A,2.45
539,0.0,ASN, ,C,36.05,11.87,0.0,3.93,1.0,<Residue ASN het=  resseq=71 icode= >,1pp7_U_A,2.45
540,0.0,ASN, ,O,39.12,12.08,0.0,2.03,1.0,<Residue ASN het=  resseq=71 icode= >,1pp7_U_A,2.45
541,0.0,ASN, ,CB,33.0,12.06,0.0,2.00,1.0,<Residue ASN het=  resseq=71 icode= >,1pp7_U_A,2.45
542,0.013,ASN, ,CG,39.67,12.43,0.0,3.04,1.0,<Residue ASN het=  resseq=71 icode= >,1pp7_U_A,2.45
543,12.367,ASN, ,OD1,39.88,12.09,0.0,1.78,1.0,<Residue ASN het=  resseq=71 icode= >,1pp7_U_A,2.45
544,10.986,ASN, ,ND2,37.89,13.26,0.0,1.47,1.0,<Residue ASN het=  resseq=71 icode= >,1pp7_U_A,2.45
545,0.0,VAL, ,N,33.9,11.08,0.0,2.66,1.0,<Residue VAL het=  resseq=72 icode= >,1pp7_U_A,2.45
546,0.0,VAL, ,CA,30.6,11.38,0.0,2.75,1.0,<Residue VAL het=  resseq=72 icode= >,1pp7_U_A,2.45
547,0.0,VAL, ,C,33.28,10.08,0.0,3.56,1.0,<Residue VAL het=  resseq=72 icode= >,1pp7_U_A,2.45
548,0.0,VAL, ,O,28.57,9.37,0.0,2.77,1.0,<Residue VAL het=  resseq=72 icode= >,1pp7_U_A,2.45
549,0.0,VAL, ,CB,28.59,10.81,0.0,3.12,1.0,<Residue VAL het=  resseq=72 icode= >,1pp7_U_A,2.45
550,0.0,VAL, ,CG1,30.95,10.18,0.0,1.70,1.0,<Residue VAL het=  resseq=72 icode= >,1pp7_U_A,2.45
551,0.0,VAL, ,CG2,27.0,11.10,0.0,1.97,1.0,<Residue VAL het=  resseq=72 icode= >,1pp7_U_A,2.45
552,0.0,ALA, ,N,34.21,9.52,0.0,3.02,1.0,<Residue ALA het=  resseq=73 icode= >,1pp7_U_A,2.45
553,0.0,ALA, ,CA,32.9,8.11,0.0,3.23,1.0,<Residue ALA het=  resseq=73 icode= >,1pp7_U_A,2.45
554,0.038,ALA, ,C,33.96,8.11,0.0,3.47,1.0,<Residue ALA het=  resseq=73 icode= >,1pp7_U_A,2.45
555,0.0,ALA, ,O,33.71,7.45,0.0,2.14,1.0,<Residue ALA het=  resseq=73 icode= >,1pp7_U_A,2.45
556,4.411,ALA, ,CB,28.91,7.59,0.0,1.76,1.0,<Residue ALA het=  resseq=73 icode= >,1pp7_U_A,2.45
557,0.0,LEU, ,N,33.64,9.12,0.0,2.80,1.0,<Residue LEU het=  resseq=74 icode= >,1pp7_U_A,2.45
558,1.809,LEU, ,CA,36.99,9.46,0.0,2.75,1.0,<Residue LEU het=  resseq=74 icode= >,1pp7_U_A,2.45
559,0.0,LEU, ,C,37.94,9.88,0.0,3.79,1.0,<Residue LEU het=  resseq=74 icode= >,1pp7_U_A,2.45
560,0.192,LEU, ,O,38.92,9.41,0.0,2.37,1.0,<Residue LEU het=  resseq=74 icode= >,1pp7_U_A,2.45
561,0.0,LEU, ,CB,39.3,10.75,0.0,1.71,1.0,<Residue LEU het=  resseq=74 icode= >,1pp7_U_A,2.45
562,1.75,LEU, ,CG,39.99,10.76,0.0,2.21,1.0,<Residue LEU het=  resseq=74 icode= >,1pp7_U_A,2.45
563,17.503,LEU, ,CD1,46.88,12.24,0.0,0.58,1.0,<Residue LEU het=  resseq=74 icode= >,1pp7_U_A,2.45
564,47.528,LEU, ,CD2,42.26,10.13,0.0,1.18,1.0,<Residue LEU het=  resseq=74 icode= >,1pp7_U_A,2.45
565,0.0,VAL, ,N,36.48,10.94,0.0,2.96,1.0,<Residue VAL het=  resseq=75 icode= >,1pp7_U_A,2.45
566,0.0,VAL, ,CA,37.3,11.62,0.0,3.21,1.0,<Residue VAL het=  resseq=75 icode= >,1pp7_U_A,2.45
567,0.0,VAL, ,C,38.03,10.37,0.0,3.60,1.0,<Residue VAL het=  resseq=75 icode= >,1pp7_U_A,2.45
568,8.309,VAL, ,O,42.67,10.32,0.0,2.21,1.0,<Residue VAL het=  resseq=75 icode= >,1pp7_U_A,2.45
569,0.0,VAL, ,CB,33.21,12.48,0.0,3.04,1.0,<Residue VAL het=  resseq=75 icode= >,1pp7_U_A,2.45
570,0.0,VAL, ,CG1,40.44,13.65,0.0,1.19,1.0,<Residue VAL het=  resseq=75 icode= >,1pp7_U_A,2.45
571,0.0,VAL, ,CG2,34.8,11.81,0.0,1.46,1.0,<Residue VAL het=  resseq=75 icode= >,1pp7_U_A,2.45
572,0.0,MET, ,N,37.17,9.20,0.0,2.52,1.0,<Residue MET het=  resseq=76 icode= >,1pp7_U_A,2.45
573,0.0,MET, ,CA,34.94,7.96,0.0,3.06,1.0,<Residue MET het=  resseq=76 icode= >,1pp7_U_A,2.45
574,1.937,MET, ,C,37.78,7.18,0.0,3.15,1.0,<Residue MET het=  resseq=76 icode= >,1pp7_U_A,2.45
575,8.686,MET, ,O,39.58,6.12,0.0,2.27,1.0,<Residue MET het=  resseq=76 icode= >,1pp7_U_A,2.45
576,1.852,MET, ,CB,28.76,7.10,0.0,2.50,1.0,<Residue MET het=  resseq=76 icode= >,1pp7_U_A,2.45
577,0.0,MET, ,CG,37.13,7.78,0.0,2.43,1.0,<Residue MET het=  resseq=76 icode= >,1pp7_U_A,2.45
578,0.679,MET, ,SD,48.28,6.90,0.0,3.40,1.0,<Residue MET het=  resseq=76 icode= >,1pp7_U_A,2.45
579,1.579,MET, ,CE,46.16,7.26,0.0,1.24,1.0,<Residue MET het=  resseq=76 icode= >,1pp7_U_A,2.45
580,0.325,GLY, ,N,38.36,7.63,0.0,2.60,1.0,<Residue GLY het=  resseq=77 icode= >,1pp7_U_A,2.45
581,26.279,GLY, ,CA,37.67,6.54,0.0,2.03,1.0,<Residue GLY het=  resseq=77 icode= >,1pp7_U_A,2.45
582,4.663,GLY, ,C,37.0,5.21,0.0,3.83,1.0,<Residue GLY het=  resseq=77 icode= >,1pp7_U_A,2.45
583,26.814,GLY, ,O,42.71,4.28,6.378,1.93,1.0,<Residue GLY het=  resseq=77 icode= >,1pp7_U_A,2.45
584,1.039,ILE, ,N,34.26,4.86,0.0,2.81,1.0,<Residue ILE het=  resseq=78 icode= >,1pp7_U_A,2.45
585,4.011,ILE, ,CA,36.05,3.51,4.011,2.87,1.0,<Residue ILE het=  resseq=78 icode= >,1pp7_U_A,2.45
586,1.924,ILE, ,C,32.64,3.64,0.0,4.42,1.0,<Residue ILE het=  resseq=78 icode= >,1pp7_U_A,2.45
587,4.374,ILE, ,O,34.42,4.84,0.0,2.99,1.0,<Residue ILE het=  resseq=78 icode= >,1pp7_U_A,2.45
588,0.262,ILE, ,CB,38.02,3.69,0.262,2.14,1.0,<Residue ILE het=  resseq=78 icode= >,1pp7_U_A,2.45
589,0.0,ILE, ,CG1,35.56,4.90,0.0,1.47,1.0,<Residue ILE het=  resseq=78 icode= >,1pp7_U_A,2.45
590,35.117,ILE, ,CG2,31.51,3.62,26.838,1.50,1.0,<Residue ILE het=  resseq=78 icode= >,1pp7_U_A,2.45
591,2.065,ILE, ,CD1,33.79,4.12,0.613,1.65,1.0,<Residue ILE het=  resseq=78 icode= >,1pp7_U_A,2.45
592,0.46,LYS, ,N,33.05,2.84,0.46,3.02,1.0,<Residue LYS het=  resseq=79 icode= >,1pp7_U_A,2.45
593,3.322,LYS, ,CA,33.67,3.82,0.0,2.36,1.0,<Residue LYS het=  resseq=79 icode= >,1pp7_U_A,2.45
594,0.0,LYS, ,C,29.6,4.74,0.0,4.08,1.0,<Residue LYS het=  resseq=79 icode= >,1pp7_U_A,2.45
595,0.0,LYS, ,O,33.19,4.59,0.0,2.36,1.0,<Residue LYS het=  resseq=79 icode= >,1pp7_U_A,2.45
596,7.234,LYS, ,CB,29.41,3.64,0.641,1.85,1.0,<Residue LYS het=  resseq=79 icode= >,1pp7_U_A,2.45
597,23.36,LYS, ,CG,40.08,3.21,23.348,1.54,1.0,<Residue LYS het=  resseq=79 icode= >,1pp7_U_A,2.45
598,36.359,LYS, ,CD,46.73,3.35,22.494,1.27,1.0,<Residue LYS het=  resseq=79 icode= >,1pp7_U_A,2.45
599,36.217,LYS, ,CE,52.25,4.72,0.0,1.20,1.0,<Residue LYS het=  resseq=79 icode= >,1pp7_U_A,2.45
600,43.697,LYS, ,NZ,55.76,4.13,7.205,0.62,1.0,<Residue LYS het=  resseq=79 icode= >,1pp7_U_A,2.45
601,7.998,LEU, ,N,27.14,5.99,0.0,3.25,1.0,<Residue LEU het=  resseq=80 icode= >,1pp7_U_A,2.45
602,0.006,LEU, ,CA,28.16,7.08,0.0,3.23,1.0,<Residue LEU het=  resseq=80 icode= >,1pp7_U_A,2.45
603,0.0,LEU, ,C,28.34,6.96,0.0,3.97,1.0,<Residue LEU het=  resseq=80 icode= >,1pp7_U_A,2.45
604,0.0,LEU, ,O,28.61,7.13,0.0,2.76,1.0,<Residue LEU het=  resseq=80 icode= >,1pp7_U_A,2.45
605,19.904,LEU, ,CB,29.62,7.21,0.0,2.32,1.0,<Residue LEU het=  resseq=80 icode= >,1pp7_U_A,2.45
606,3.73,LEU, ,CG,39.13,6.81,0.0,2.40,1.0,<Residue LEU het=  resseq=80 icode= >,1pp7_U_A,2.45
607,45.36,LEU, ,CD1,35.34,5.79,9.341,1.51,1.0,<Residue LEU het=  resseq=80 icode= >,1pp7_U_A,2.45
608,0.0,LEU, ,CD2,39.18,6.46,0.0,1.08,1.0,<Residue LEU het=  resseq=80 icode= >,1pp7_U_A,2.45
609,1.277,ASN, ,N,24.03,6.66,0.0,3.27,1.0,<Residue ASN het=  resseq=81 icode= >,1pp7_U_A,2.45
610,0.955,ASN, ,CA,24.48,5.88,0.0,2.92,1.0,<Residue ASN het=  resseq=81 icode= >,1pp7_U_A,2.45
611,0.0,ASN, ,C,26.92,4.80,0.0,3.81,1.0,<Residue ASN het=  resseq=81 icode= >,1pp7_U_A,2.45
612,0.0,ASN, ,O,26.53,4.74,0.0,2.86,1.0,<Residue ASN het=  resseq=81 icode= >,1pp7_U_A,2.45
613,27.161,ASN, ,CB,21.36,4.78,5.275,2.53,1.0,<Residue ASN het=  resseq=81 icode= >,1pp7_U_A,2.45
614,5.448,ASN, ,CG,24.33,3.71,5.448,4.30,1.0,<Residue ASN het=  resseq=81 icode= >,1pp7_U_A,2.45
615,24.006,ASN, ,OD1,29.53,2.93,23.932,2.94,1.0,<Residue ASN het=  resseq=81 icode= >,1pp7_U_A,2.45
616,40.905,ASN, ,ND2,18.14,2.97,40.363,3.18,1.0,<Residue ASN het=  resseq=81 icode= >,1pp7_U_A,2.45
617,0.0,THR, ,N,29.76,4.40,0.0,3.18,1.0,<Residue THR het=  resseq=82 icode= >,1pp7_U_A,2.45
618,0.206,THR, ,CA,26.27,3.79,0.206,3.43,1.0,<Residue THR het=  resseq=82 icode= >,1pp7_U_A,2.45
619,0.0,THR, ,C,27.25,5.04,0.0,3.97,1.0,<Residue THR het=  resseq=82 icode= >,1pp7_U_A,2.45
620,0.0,THR, ,O,20.5,5.20,0.0,2.91,1.0,<Residue THR het=  resseq=82 icode= >,1pp7_U_A,2.45
621,16.764,THR, ,CB,31.84,3.47,16.764,2.82,1.0,<Residue THR het=  resseq=82 icode= >,1pp7_U_A,2.45
622,11.346,THR, ,OG1,39.6,3.50,11.346,2.06,1.0,<Residue THR het=  resseq=82 icode= >,1pp7_U_A,2.45
623,14.654,THR, ,CG2,32.45,2.51,14.532,1.02,1.0,<Residue THR het=  resseq=82 icode= >,1pp7_U_A,2.45
624,0.0,LEU, ,N,29.66,6.11,0.0,2.66,1.0,<Residue LEU het=  resseq=83 icode= >,1pp7_U_A,2.45
625,0.0,LEU, ,CA,27.93,6.61,0.0,2.99,1.0,<Residue LEU het=  resseq=83 icode= >,1pp7_U_A,2.45
626,0.0,LEU, ,C,30.36,6.79,0.0,3.43,1.0,<Residue LEU het=  resseq=83 icode= >,1pp7_U_A,2.45
627,0.0,LEU, ,O,28.76,6.84,0.0,2.58,1.0,<Residue LEU het=  resseq=83 icode= >,1pp7_U_A,2.45
628,0.0,LEU, ,CB,27.6,7.61,0.0,2.67,1.0,<Residue LEU het=  resseq=83 icode= >,1pp7_U_A,2.45
629,0.0,LEU, ,CG,25.7,7.79,0.0,3.48,1.0,<Residue LEU het=  resseq=83 icode= >,1pp7_U_A,2.45
630,0.0,LEU, ,CD1,22.36,8.33,0.0,1.77,1.0,<Residue LEU het=  resseq=83 icode= >,1pp7_U_A,2.45
631,0.0,LEU, ,CD2,25.81,7.61,0.0,1.54,1.0,<Residue LEU het=  resseq=83 icode= >,1pp7_U_A,2.45
632,0.0,ASN, ,N,26.91,5.76,0.0,2.87,1.0,<Residue ASN het=  resseq=84 icode= >,1pp7_U_A,2.45
633,1.163,ASN, ,CA,22.9,4.35,0.386,3.27,1.0,<Residue ASN het=  resseq=84 icode= >,1pp7_U_A,2.45
634,0.532,ASN, ,C,24.01,4.33,0.385,3.83,1.0,<Residue ASN het=  resseq=84 icode= >,1pp7_U_A,2.45
635,1.929,ASN, ,O,22.84,4.04,1.547,2.69,1.0,<Residue ASN het=  resseq=84 icode= >,1pp7_U_A,2.45
636,20.738,ASN, ,CB,24.08,3.54,19.798,2.10,1.0,<Residue ASN het=  resseq=84 icode= >,1pp7_U_A,2.45
637,3.056,ASN, ,CG,33.12,3.79,3.056,3.26,1.0,<Residue ASN het=  resseq=84 icode= >,1pp7_U_A,2.45
638,0.016,ASN, ,OD1,38.03,4.23,0.0,2.10,1.0,<Residue ASN het=  resseq=84 icode= >,1pp7_U_A,2.45
639,30.157,ASN, ,ND2,28.66,3.50,27.01,2.01,1.0,<Residue ASN het=  resseq=84 icode= >,1pp7_U_A,2.45
640,0.0,VAL, ,N,19.89,5.14,0.0,3.40,1.0,<Residue VAL het=  resseq=85 icode= >,1pp7_U_A,2.45
641,1.185,VAL, ,CA,20.22,5.45,0.002,2.72,1.0,<Residue VAL het=  resseq=85 icode= >,1pp7_U_A,2.45
642,0.0,VAL, ,C,25.33,5.89,0.0,3.61,1.0,<Residue VAL het=  resseq=85 icode= >,1pp7_U_A,2.45
643,0.0,VAL, ,O,22.04,6.18,0.0,3.06,1.0,<Residue VAL het=  resseq=85 icode= >,1pp7_U_A,2.45
644,0.392,VAL, ,CB,23.18,4.23,0.392,2.73,1.0,<Residue VAL het=  resseq=85 icode= >,1pp7_U_A,2.45
645,29.438,VAL, ,CG1,18.19,3.62,23.061,1.64,1.0,<Residue VAL het=  resseq=85 icode= >,1pp7_U_A,2.45
646,38.566,VAL, ,CG2,17.61,3.68,33.176,1.35,1.0,<Residue VAL het=  resseq=85 icode= >,1pp7_U_A,2.45
647,0.0,ASN, ,N,24.82,5.93,0.0,2.45,1.0,<Residue ASN het=  resseq=86 icode= >,1pp7_U_A,2.45
648,0.791,ASN, ,CA,26.55,5.37,0.179,2.61,1.0,<Residue ASN het=  resseq=86 icode= >,1pp7_U_A,2.45
649,0.0,ASN, ,C,29.24,6.40,0.0,4.00,1.0,<Residue ASN het=  resseq=86 icode= >,1pp7_U_A,2.45
650,0.0,ASN, ,O,26.63,6.31,0.0,2.93,1.0,<Residue ASN het=  resseq=86 icode= >,1pp7_U_A,2.45
651,0.0,ASN, ,CB,30.39,4.84,0.0,1.62,1.0,<Residue ASN het=  resseq=86 icode= >,1pp7_U_A,2.45
652,1.488,ASN, ,CG,34.95,3.82,1.488,2.95,1.0,<Residue ASN het=  resseq=86 icode= >,1pp7_U_A,2.45
653,24.875,ASN, ,OD1,35.99,3.29,23.137,1.99,1.0,<Residue ASN het=  resseq=86 icode= >,1pp7_U_A,2.45
654,13.184,ASN, ,ND2,26.55,2.93,13.184,2.46,1.0,<Residue ASN het=  resseq=86 icode= >,1pp7_U_A,2.45
655,0.0,LEU, ,N,23.7,6.96,0.0,3.23,1.0,<Residue LEU het=  resseq=87 icode= >,1pp7_U_A,2.45
656,0.0,LEU, ,CA,30.92,6.92,0.0,2.54,1.0,<Residue LEU het=  resseq=87 icode= >,1pp7_U_A,2.45
657,0.11,LEU, ,C,33.39,6.58,0.0,3.10,1.0,<Residue LEU het=  resseq=87 icode= >,1pp7_U_A,2.45
658,0.0,LEU, ,O,31.5,7.51,0.0,2.58,1.0,<Residue LEU het=  resseq=87 icode= >,1pp7_U_A,2.45
659,1.597,LEU, ,CB,27.27,6.27,0.0,1.98,1.0,<Residue LEU het=  resseq=87 icode= >,1pp7_U_A,2.45
660,0.0,LEU, ,CG,25.14,7.08,0.0,3.25,1.0,<Residue LEU het=  resseq=87 icode= >,1pp7_U_A,2.45
661,0.132,LEU, ,CD1,24.84,6.84,0.0,1.78,1.0,<Residue LEU het=  resseq=87 icode= >,1pp7_U_A,2.45
662,0.0,LEU, ,CD2,19.73,8.50,0.0,2.12,1.0,<Residue LEU het=  resseq=87 icode= >,1pp7_U_A,2.45
663,1.115,ARG, ,N,29.13,5.53,0.0,3.26,1.0,<Residue ARG het=  resseq=88 icode= >,1pp7_U_A,2.45
664,7.018,ARG, ,CA,33.16,5.53,0.0,2.85,1.0,<Residue ARG het=  resseq=88 icode= >,1pp7_U_A,2.45
665,0.0,ARG, ,C,31.68,6.97,0.0,4.09,1.0,<Residue ARG het=  resseq=88 icode= >,1pp7_U_A,2.45
666,15.163,ARG, ,O,32.4,7.67,0.0,2.48,1.0,<Residue ARG het=  resseq=88 icode= >,1pp7_U_A,2.45
667,5.275,ARG, ,CB,37.2,4.60,4.022,1.27,1.0,<Residue ARG het=  resseq=88 icode= >,1pp7_U_A,2.45
668,7.319,ARG, ,CG,46.86,4.84,0.0,1.43,1.0,<Residue ARG het=  resseq=88 icode= >,1pp7_U_A,2.45
669,35.342,ARG, ,CD,47.01,3.58,18.172,1.43,1.0,<Residue ARG het=  resseq=88 icode= >,1pp7_U_A,2.45
670,3.852,ARG, ,NE,56.34,3.78,3.72,1.22,1.0,<Residue ARG het=  resseq=88 icode= >,1pp7_U_A,2.45
671,9.014,ARG, ,CZ,57.94,3.49,4.554,1.72,1.0,<Residue ARG het=  resseq=88 icode= >,1pp7_U_A,2.45
672,51.112,ARG, ,NH1,55.39,3.53,21.421,1.16,1.0,<Residue ARG het=  resseq=88 icode= >,1pp7_U_A,2.45
673,58.348,ARG, ,NH2,50.0,2.46,32.101,1.59,1.0,<Residue ARG het=  resseq=88 icode= >,1pp7_U_A,2.45
674,0.0,ASP, ,N,33.45,7.51,0.0,2.83,1.0,<Residue ASP het=  resseq=89 icode= >,1pp7_U_A,2.45
675,7.075,ASP, ,CA,38.12,7.69,0.0,3.07,1.0,<Residue ASP het=  resseq=89 icode= >,1pp7_U_A,2.45
676,0.4,ASP, ,C,36.87,7.28,0.0,4.08,1.0,<Residue ASP het=  resseq=89 icode= >,1pp7_U_A,2.45
677,24.542,ASP, ,O,41.2,7.43,0.0,2.66,1.0,<Residue ASP het=  resseq=89 icode= >,1pp7_U_A,2.45
678,22.168,ASP, ,CB,39.42,6.72,0.0,1.90,1.0,<Residue ASP het=  resseq=89 icode= >,1pp7_U_A,2.45
679,8.178,ASP, ,CG,50.72,6.08,0.0,2.27,1.0,<Residue ASP het=  resseq=89 icode= >,1pp7_U_A,2.45
680,22.191,ASP, ,OD1,53.48,4.86,3.435,1.10,1.0,<Residue ASP het=  resseq=89 icode= >,1pp7_U_A,2.45
681,14.894,ASP, ,OD2,47.82,6.32,0.0,2.03,1.0,<Residue ASP het=  resseq=89 icode= >,1pp7_U_A,2.45
682,0.0,LEU, ,N,38.74,7.13,0.0,2.37,1.0,<Residue LEU het=  resseq=90 icode= >,1pp7_U_A,2.45
683,1.919,LEU, ,CA,33.53,6.98,0.0,2.61,1.0,<Residue LEU het=  resseq=90 icode= >,1pp7_U_A,2.45
684,1.318,LEU, ,C,32.6,8.27,0.0,3.61,1.0,<Residue LEU het=  resseq=90 icode= >,1pp7_U_A,2.45
685,0.257,LEU, ,O,38.15,8.40,0.0,1.76,1.0,<Residue LEU het=  resseq=90 icode= >,1pp7_U_A,2.45
686,0.0,LEU, ,CB,34.31,6.05,0.0,1.37,1.0,<Residue LEU het=  resseq=90 icode= >,1pp7_U_A,2.45
687,1.661,LEU, ,CG,33.27,4.70,1.035,2.27,1.0,<Residue LEU het=  resseq=90 icode= >,1pp7_U_A,2.45
688,8.274,LEU, ,CD1,30.22,4.01,8.274,1.75,1.0,<Residue LEU het=  resseq=90 icode= >,1pp7_U_A,2.45
689,22.485,LEU, ,CD2,33.89,4.14,3.756,1.24,1.0,<Residue LEU het=  resseq=90 icode= >,1pp7_U_A,2.45
690,0.241,ALA, ,N,29.96,9.41,0.0,3.16,1.0,<Residue ALA het=  resseq=91 icode= >,1pp7_U_A,2.45
691,8.539,ALA, ,CA,27.78,10.06,0.0,2.70,1.0,<Residue ALA het=  resseq=91 icode= >,1pp7_U_A,2.45
692,1.368,ALA, ,C,26.04,10.00,0.0,3.65,1.0,<Residue ALA het=  resseq=91 icode= >,1pp7_U_A,2.45
693,6.827,ALA, ,O,23.64,10.92,0.0,3.06,1.0,<Residue ALA het=  resseq=91 icode= >,1pp7_U_A,2.45
694,56.479,ALA, ,CB,14.74,10.93,0.0,1.64,1.0,<Residue ALA het=  resseq=91 icode= >,1pp7_U_A,2.45
695,0.0,PHE, ,N,25.44,9.15,0.0,3.35,1.0,<Residue PHE het=  resseq=92 icode= >,1pp7_U_A,2.45
696,0.0,PHE, ,CA,23.83,9.21,0.0,3.50,1.0,<Residue PHE het=  resseq=92 icode= >,1pp7_U_A,2.45
697,0.009,PHE, ,C,25.67,8.25,0.0,4.69,1.0,<Residue PHE het=  resseq=92 icode= >,1pp7_U_A,2.45
698,13.837,PHE, ,O,26.08,7.23,0.0,3.53,1.0,<Residue PHE het=  resseq=92 icode= >,1pp7_U_A,2.45
699,0.0,PHE, ,CB,18.49,9.07,0.0,3.04,1.0,<Residue PHE het=  resseq=92 icode= >,1pp7_U_A,2.45
700,0.0,PHE, ,CG,19.02,10.38,0.0,3.96,1.0,<Residue PHE het=  resseq=92 icode= >,1pp7_U_A,2.45
701,0.0,PHE, ,CD1,20.61,11.37,0.0,2.96,1.0,<Residue PHE het=  resseq=92 icode= >,1pp7_U_A,2.45
702,0.0,PHE, ,CD2,19.54,9.43,0.0,2.99,1.0,<Residue PHE het=  resseq=92 icode= >,1pp7_U_A,2.45
703,0.0,PHE, ,CE1,20.7,10.93,0.0,3.46,1.0,<Residue PHE het=  resseq=92 icode= >,1pp7_U_A,2.45
704,0.0,PHE, ,CE2,19.44,8.71,0.0,3.01,1.0,<Residue PHE het=  resseq=92 icode= >,1pp7_U_A,2.45
705,0.0,PHE, ,CZ,17.07,9.53,0.0,2.83,1.0,<Residue PHE het=  resseq=92 icode= >,1pp7_U_A,2.45
706,0.0,GLU, ,N,21.96,8.84,0.0,3.62,1.0,<Residue GLU het=  resseq=93 icode= >,1pp7_U_A,2.45
707,3.845,GLU, ,CA,23.42,8.35,0.0,3.27,1.0,<Residue GLU het=  resseq=93 icode= >,1pp7_U_A,2.45
708,0.0,GLU, ,C,25.63,8.31,0.0,3.88,1.0,<Residue GLU het=  resseq=93 icode= >,1pp7_U_A,2.45
709,0.0,GLU, ,O,24.73,9.38,0.0,3.28,1.0,<Residue GLU het=  resseq=93 icode= >,1pp7_U_A,2.45
710,12.592,GLU, ,CB,24.81,9.47,0.0,2.71,1.0,<Residue GLU het=  resseq=93 icode= >,1pp7_U_A,2.45
711,11.463,GLU, ,CG,30.87,9.75,0.0,1.86,1.0,<Residue GLU het=  resseq=93 icode= >,1pp7_U_A,2.45
712,7.056,GLU, ,CD,38.13,11.08,0.0,3.46,1.0,<Residue GLU het=  resseq=93 icode= >,1pp7_U_A,2.45
713,11.755,GLU, ,OE1,41.53,11.89,0.0,1.75,1.0,<Residue GLU het=  resseq=93 icode= >,1pp7_U_A,2.45
714,36.169,GLU, ,OE2,29.65,11.43,0.0,4.00,1.0,<Residue GLU het=  resseq=93 icode= >,1pp7_U_A,2.45
715,4.892,GLN, ,N,25.39,7.23,0.0,2.77,1.0,<Residue GLN het=  resseq=94 icode= >,1pp7_U_A,2.45
716,0.0,GLN, ,CA,20.75,7.39,0.0,3.04,1.0,<Residue GLN het=  resseq=94 icode= >,1pp7_U_A,2.45
717,0.051,GLN, ,C,21.58,8.41,0.0,4.46,1.0,<Residue GLN het=  resseq=94 icode= >,1pp7_U_A,2.45
718,20.578,GLN, ,O,19.8,8.40,0.0,3.57,1.0,<Residue GLN het=  resseq=94 icode= >,1pp7_U_A,2.45
719,16.011,GLN, ,CB,14.58,6.16,0.0,2.60,1.0,<Residue GLN het=  resseq=94 icode= >,1pp7_U_A,2.45
720,2.488,GLN, ,CG,27.7,5.46,0.0,2.61,1.0,<Residue GLN het=  resseq=94 icode= >,1pp7_U_A,2.45
721,4.647,GLN, ,CD,27.77,4.07,0.074,3.62,1.0,<Residue GLN het=  resseq=94 icode= >,1pp7_U_A,2.45
722,21.314,GLN, ,OE1,37.56,4.06,16.365,2.04,1.0,<Residue GLN het=  resseq=94 icode= >,1pp7_U_A,2.45
723,14.437,GLN, ,NE2,29.84,3.23,9.654,2.06,1.0,<Residue GLN het=  resseq=94 icode= >,1pp7_U_A,2.45
724,0.0,LEU, ,N,19.95,8.60,0.0,3.66,1.0,<Residue LEU het=  resseq=95 icode= >,1pp7_U_A,2.45
725,5.286,LEU, ,CA,26.13,9.41,0.0,2.70,1.0,<Residue LEU het=  resseq=95 icode= >,1pp7_U_A,2.45
726,4.536,LEU, ,C,29.5,8.78,0.0,4.32,1.0,<Residue LEU het=  resseq=95 icode= >,1pp7_U_A,2.45
727,25.707,LEU, ,O,28.79,9.59,0.0,2.72,1.0,<Residue LEU het=  resseq=95 icode= >,1pp7_U_A,2.45
728,8.917,LEU, ,CB,22.15,10.61,0.0,2.61,1.0,<Residue LEU het=  resseq=95 icode= >,1pp7_U_A,2.45
729,0.0,LEU, ,CG,27.69,11.40,0.0,3.02,1.0,<Residue LEU het=  resseq=95 icode= >,1pp7_U_A,2.45
730,3.885,LEU, ,CD1,22.69,12.51,0.0,2.24,1.0,<Residue LEU het=  resseq=95 icode= >,1pp7_U_A,2.45
731,20.946,LEU, ,CD2,23.76,11.84,0.0,2.02,1.0,<Residue LEU het=  resseq=95 icode= >,1pp7_U_A,2.45
732,1.141,GLN, ,N,33.46,7.51,0.0,2.66,1.0,<Residue GLN het=  resseq=96 icode= >,1pp7_U_A,2.45
733,7.101,GLN, ,CA,35.38,7.11,0.0,2.58,1.0,<Residue GLN het=  resseq=96 icode= >,1pp7_U_A,2.45
734,0.854,GLN, ,C,37.38,5.63,0.0,3.55,1.0,<Residue GLN het=  resseq=96 icode= >,1pp7_U_A,2.45
735,0.0,GLN, ,O,29.57,4.79,0.0,2.76,1.0,<Residue GLN het=  resseq=96 icode= >,1pp7_U_A,2.45
736,2.462,GLN, ,CB,35.96,7.87,0.0,2.22,1.0,<Residue GLN het=  resseq=96 icode= >,1pp7_U_A,2.45
737,14.758,GLN, ,CG,48.69,8.02,0.0,1.14,1.0,<Residue GLN het=  resseq=96 icode= >,1pp7_U_A,2.45
738,0.0,GLN, ,CD,53.74,8.46,0.0,2.03,1.0,<Residue GLN het=  resseq=96 icode= >,1pp7_U_A,2.45
739,0.478,GLN, ,OE1,59.05,7.77,0.0,1.29,1.0,<Residue GLN het=  resseq=96 icode= >,1pp7_U_A,2.45
740,11.639,GLN, ,NE2,55.38,9.79,0.0,1.10,1.0,<Residue GLN het=  resseq=96 icode= >,1pp7_U_A,2.45
741,7.219,HIS, ,N,37.72,5.61,0.0,2.96,1.0,<Residue HIS het=  resseq=97 icode= >,1pp7_U_A,2.45
742,2.727,HIS, ,CA,45.93,4.63,0.003,2.21,1.0,<Residue HIS het=  resseq=97 icode= >,1pp7_U_A,2.45
743,0.0,HIS, ,C,43.95,4.49,0.0,2.79,1.0,<Residue HIS het=  resseq=97 icode= >,1pp7_U_A,2.45
744,0.0,HIS, ,O,35.82,5.48,0.0,2.54,1.0,<Residue HIS het=  resseq=97 icode= >,1pp7_U_A,2.45
745,28.016,HIS, ,CB,57.42,5.60,0.0,1.15,1.0,<Residue HIS het=  resseq=97 icode= >,1pp7_U_A,2.45
746,2.339,HIS, ,CG,66.0,5.31,0.0,1.40,1.0,<Residue HIS het=  resseq=97 icode= >,1pp7_U_A,2.45
747,22.135,HIS, ,ND1,69.44,4.92,4.495,1.45,1.0,<Residue HIS het=  resseq=97 icode= >,1pp7_U_A,2.45
748,18.517,HIS, ,CD2,67.0,5.81,0.0,1.24,1.0,<Residue HIS het=  resseq=97 icode= >,1pp7_U_A,2.45
749,41.987,HIS, ,CE1,68.54,4.88,9.592,1.38,1.0,<Residue HIS het=  resseq=97 icode= >,1pp7_U_A,2.45
750,27.732,HIS, ,NE2,69.62,5.17,2.833,0.93,1.0,<Residue HIS het=  resseq=97 icode= >,1pp7_U_A,2.45
751,1.184,ASP, ,N,43.4,3.67,1.184,2.21,1.0,<Residue ASP het=  resseq=98 icode= >,1pp7_U_A,2.45
752,0.0,ASP, ,CA,45.4,4.19,0.0,2.31,1.0,<Residue ASP het=  resseq=98 icode= >,1pp7_U_A,2.45
753,0.0,ASP, ,C,45.85,5.66,0.0,2.80,1.0,<Residue ASP het=  resseq=98 icode= >,1pp7_U_A,2.45
754,9.39,ASP, ,O,46.28,5.94,0.0,2.14,1.0,<Residue ASP het=  resseq=98 icode= >,1pp7_U_A,2.45
755,23.161,ASP, ,CB,46.17,3.48,22.869,1.74,1.0,<Residue ASP het=  resseq=98 icode= >,1pp7_U_A,2.45
756,8.414,ASP, ,CG,50.38,3.92,8.289,2.70,1.0,<Residue ASP het=  resseq=98 icode= >,1pp7_U_A,2.45
757,15.035,ASP, ,OD1,57.53,4.18,3.534,0.93,1.0,<Residue ASP het=  resseq=98 icode= >,1pp7_U_A,2.45
758,25.545,ASP, ,OD2,48.46,4.02,10.829,2.31,1.0,<Residue ASP het=  resseq=98 icode= >,1pp7_U_A,2.45
759,0.0,LYS, ,N,46.68,6.60,0.0,2.15,1.0,<Residue LYS het=  resseq=99 icode= >,1pp7_U_A,2.45
760,7.178,LYS, ,CA,47.73,7.68,0.0,3.03,1.0,<Residue LYS het=  resseq=99 icode= >,1pp7_U_A,2.45
761,2.085,LYS, ,C,46.69,8.03,0.0,3.59,1.0,<Residue LYS het=  resseq=99 icode= >,1pp7_U_A,2.45
762,3.651,LYS, ,O,46.86,8.89,0.0,2.39,1.0,<Residue LYS het=  resseq=99 icode= >,1pp7_U_A,2.45
763,15.415,LYS, ,CB,50.8,8.79,0.0,1.23,1.0,<Residue LYS het=  resseq=99 icode= >,1pp7_U_A,2.45
764,8.349,LYS, ,CG,54.25,8.32,0.0,0.75,1.0,<Residue LYS het=  resseq=99 icode= >,1pp7_U_A,2.45
765,27.593,LYS, ,CD,58.39,9.56,0.0,0.36,1.0,<Residue LYS het=  resseq=99 icode= >,1pp7_U_A,2.45
766,13.736,LYS, ,CE,62.12,10.20,0.0,0.42,1.0,<Residue LYS het=  resseq=99 icode= >,1pp7_U_A,2.45
767,41.941,LYS, ,NZ,57.1,11.59,0.0,1.13,1.0,<Residue LYS het=  resseq=99 icode= >,1pp7_U_A,2.45
768,12.841,GLY, ,N,43.93,7.62,0.0,2.86,1.0,<Residue GLY het=  resseq=100 icode= >,1pp7_U_A,2.45
769,44.379,GLY, ,CA,39.52,8.27,0.0,2.68,1.0,<Residue GLY het=  resseq=100 icode= >,1pp7_U_A,2.45
770,5.164,GLY, ,C,42.22,8.10,0.0,3.21,1.0,<Residue GLY het=  resseq=100 icode= >,1pp7_U_A,2.45
771,6.344,GLY, ,O,47.86,9.16,0.0,1.68,1.0,<Residue GLY het=  resseq=100 icode= >,1pp7_U_A,2.45
772,5.12,GLY, ,N,42.86,6.93,0.0,2.65,1.0,<Residue GLY het=  resseq=101 icode= >,1pp7_U_A,2.45
773,22.219,GLY, ,CA,40.87,7.03,0.0,1.76,1.0,<Residue GLY het=  resseq=101 icode= >,1pp7_U_A,2.45
774,0.112,GLY, ,C,38.99,7.10,0.0,3.43,1.0,<Residue GLY het=  resseq=101 icode= >,1pp7_U_A,2.45
775,3.622,GLY, ,O,42.42,6.89,0.0,2.05,1.0,<Residue GLY het=  resseq=101 icode= >,1pp7_U_A,2.45
776,0.0,TRP, ,N,36.31,7.63,0.0,2.90,1.0,<Residue TRP het=  resseq=102 icode= >,1pp7_U_A,2.45
777,0.0,TRP, ,CA,36.04,7.94,0.0,2.65,1.0,<Residue TRP het=  resseq=102 icode= >,1pp7_U_A,2.45
778,0.0,TRP, ,C,35.76,6.81,0.0,3.30,1.0,<Residue TRP het=  resseq=102 icode= >,1pp7_U_A,2.45
779,0.0,TRP, ,O,36.58,6.25,0.0,2.52,1.0,<Residue TRP het=  resseq=102 icode= >,1pp7_U_A,2.45
780,6.245,TRP, ,CB,33.47,9.20,0.0,1.98,1.0,<Residue TRP het=  resseq=102 icode= >,1pp7_U_A,2.45
781,1.492,TRP, ,CG,35.0,10.36,0.0,2.92,1.0,<Residue TRP het=  resseq=102 icode= >,1pp7_U_A,2.45
782,14.087,TRP, ,CD1,30.56,11.05,0.0,3.13,1.0,<Residue TRP het=  resseq=102 icode= >,1pp7_U_A,2.45
783,0.385,TRP, ,CD2,34.0,11.07,0.0,2.91,1.0,<Residue TRP het=  resseq=102 icode= >,1pp7_U_A,2.45
784,15.965,TRP, ,NE1,35.68,12.09,0.0,3.15,1.0,<Residue TRP het=  resseq=102 icode= >,1pp7_U_A,2.45
785,1.547,TRP, ,CE2,35.23,12.12,0.0,3.20,1.0,<Residue TRP het=  resseq=102 icode= >,1pp7_U_A,2.45
786,0.0,TRP, ,CE3,24.61,11.10,0.0,2.85,1.0,<Residue TRP het=  resseq=102 icode= >,1pp7_U_A,2.45
787,16.646,TRP, ,CZ2,33.36,13.12,0.0,2.56,1.0,<Residue TRP het=  resseq=102 icode= >,1pp7_U_A,2.45
788,0.0,TRP, ,CZ3,28.23,12.14,0.0,2.69,1.0,<Residue TRP het=  resseq=102 icode= >,1pp7_U_A,2.45
789,6.309,TRP, ,CH2,36.0,13.11,0.0,2.26,1.0,<Residue TRP het=  resseq=102 icode= >,1pp7_U_A,2.45
790,0.0,THR, ,N,30.7,6.77,0.0,2.88,1.0,<Residue THR het=  resseq=103 icode= >,1pp7_U_A,2.45
791,0.0,THR, ,CA,31.44,6.02,0.0,2.80,1.0,<Residue THR het=  resseq=103 icode= >,1pp7_U_A,2.45
792,0.289,THR, ,C,34.34,7.24,0.0,4.02,1.0,<Residue THR het=  resseq=103 icode= >,1pp7_U_A,2.45
793,0.0,THR, ,O,33.76,8.26,0.0,2.64,1.0,<Residue THR het=  resseq=103 icode= >,1pp7_U_A,2.45
794,2.307,THR, ,CB,32.05,4.88,0.0,3.11,1.0,<Residue THR het=  resseq=103 icode= >,1pp7_U_A,2.45
795,0.731,THR, ,OG1,36.14,3.71,0.731,2.03,1.0,<Residue THR het=  resseq=103 icode= >,1pp7_U_A,2.45
796,0.0,THR, ,CG2,14.76,5.57,0.0,2.75,1.0,<Residue THR het=  resseq=103 icode= >,1pp7_U_A,2.45
797,0.0,GLN, ,N,35.39,7.42,0.0,2.56,1.0,<Residue GLN het=  resseq=104 icode= >,1pp7_U_A,2.45
798,0.0,GLN, ,CA,30.04,8.75,0.0,3.16,1.0,<Residue GLN het=  resseq=104 icode= >,1pp7_U_A,2.45
799,0.0,GLN, ,C,30.02,8.83,0.0,4.66,1.0,<Residue GLN het=  resseq=104 icode= >,1pp7_U_A,2.45
800,0.0,GLN, ,O,25.81,8.03,0.0,3.70,1.0,<Residue GLN het=  resseq=104 icode= >,1pp7_U_A,2.45
801,0.0,GLN, ,CB,39.49,9.54,0.0,1.60,1.0,<Residue GLN het=  resseq=104 icode= >,1pp7_U_A,2.45
802,0.356,GLN, ,CG,43.98,10.70,0.0,1.75,1.0,<Residue GLN het=  resseq=104 icode= >,1pp7_U_A,2.45
803,0.0,GLN, ,CD,47.7,11.42,0.0,2.82,1.0,<Residue GLN het=  resseq=104 icode= >,1pp7_U_A,2.45
804,16.945,GLN, ,OE1,48.84,11.90,0.0,1.83,1.0,<Residue GLN het=  resseq=104 icode= >,1pp7_U_A,2.45
805,25.368,GLN, ,NE2,50.08,11.71,0.0,1.72,1.0,<Residue GLN het=  resseq=104 icode= >,1pp7_U_A,2.45
806,0.0,TRP, ,N,28.0,10.00,0.0,2.93,1.0,<Residue TRP het=  resseq=105 icode= >,1pp7_U_A,2.45
807,0.0,TRP, ,CA,25.38,10.46,0.0,3.30,1.0,<Residue TRP het=  resseq=105 icode= >,1pp7_U_A,2.45
808,0.0,TRP, ,C,26.97,11.93,0.0,4.12,1.0,<Residue TRP het=  resseq=105 icode= >,1pp7_U_A,2.45
809,0.0,TRP, ,O,28.36,12.73,0.0,2.87,1.0,<Residue TRP het=  resseq=105 icode= >,1pp7_U_A,2.45
810,0.0,TRP, ,CB,25.72,10.29,0.0,1.99,1.0,<Residue TRP het=  resseq=105 icode= >,1pp7_U_A,2.45
811,0.0,TRP, ,CG,29.1,8.96,0.0,2.93,1.0,<Residue TRP het=  resseq=105 icode= >,1pp7_U_A,2.45
812,0.0,TRP, ,CD1,26.19,8.35,0.0,2.72,1.0,<Residue TRP het=  resseq=105 icode= >,1pp7_U_A,2.45
813,0.0,TRP, ,CD2,25.81,8.21,0.0,3.82,1.0,<Residue TRP het=  resseq=105 icode= >,1pp7_U_A,2.45
814,0.0,TRP, ,NE1,29.95,7.15,0.0,2.79,1.0,<Residue TRP het=  resseq=105 icode= >,1pp7_U_A,2.45
815,0.0,TRP, ,CE2,28.39,7.01,0.0,4.01,1.0,<Residue TRP het=  resseq=105 icode= >,1pp7_U_A,2.45
816,0.0,TRP, ,CE3,25.08,7.74,0.0,2.83,1.0,<Residue TRP het=  resseq=105 icode= >,1pp7_U_A,2.45
817,0.0,TRP, ,CZ2,25.26,6.17,0.0,3.07,1.0,<Residue TRP het=  resseq=105 icode= >,1pp7_U_A,2.45
818,3.485,TRP, ,CZ3,25.58,6.40,0.0,2.72,1.0,<Residue TRP het=  resseq=105 icode= >,1pp7_U_A,2.45
819,9.555,TRP, ,CH2,27.0,5.85,0.914,2.38,1.0,<Residue TRP het=  resseq=105 icode= >,1pp7_U_A,2.45
820,0.0,LYS, ,N,26.98,12.07,0.0,2.55,1.0,<Residue LYS het=  resseq=106 icode= >,1pp7_U_A,2.45
821,0.134,LYS, ,CA,29.03,13.12,0.0,2.87,1.0,<Residue LYS het=  resseq=106 icode= >,1pp7_U_A,2.45
822,0.0,LYS, ,C,31.65,12.62,0.0,3.82,1.0,<Residue LYS het=  resseq=106 icode= >,1pp7_U_A,2.45
823,0.0,LYS, ,O,35.97,11.45,0.0,2.20,1.0,<Residue LYS het=  resseq=106 icode= >,1pp7_U_A,2.45
824,0.936,LYS, ,CB,32.16,13.84,0.0,1.84,1.0,<Residue LYS het=  resseq=106 icode= >,1pp7_U_A,2.45
825,6.596,LYS, ,CG,28.58,13.68,0.0,2.05,1.0,<Residue LYS het=  resseq=106 icode= >,1pp7_U_A,2.45
826,1.31,LYS, ,CD,35.6,13.75,0.0,1.95,1.0,<Residue LYS het=  resseq=106 icode= >,1pp7_U_A,2.45
827,42.044,LYS, ,CE,41.54,14.55,0.0,1.41,1.0,<Residue LYS het=  resseq=106 icode= >,1pp7_U_A,2.45
828,24.45,LYS, ,NZ,39.56,14.05,0.0,1.71,1.0,<Residue LYS het=  resseq=106 icode= >,1pp7_U_A,2.45
829,0.185,ARG, ,N,32.96,13.61,0.0,3.01,1.0,<Residue ARG het=  resseq=107 icode= >,1pp7_U_A,2.45
830,1.657,ARG, ,CA,30.17,13.47,0.0,3.13,1.0,<Residue ARG het=  resseq=107 icode= >,1pp7_U_A,2.45
831,0.668,ARG, ,C,32.82,14.49,0.0,4.36,1.0,<Residue ARG het=  resseq=107 icode= >,1pp7_U_A,2.45
832,4.43,ARG, ,O,37.92,14.86,0.0,2.05,1.0,<Residue ARG het=  resseq=107 icode= >,1pp7_U_A,2.45
833,0.0,ARG, ,CB,26.6,12.70,0.0,2.22,1.0,<Residue ARG het=  resseq=107 icode= >,1pp7_U_A,2.45
834,1.857,ARG, ,CG,30.29,11.57,0.0,1.49,1.0,<Residue ARG het=  resseq=107 icode= >,1pp7_U_A,2.45
835,0.0,ARG, ,CD,24.4,10.30,0.0,2.22,1.0,<Residue ARG het=  resseq=107 icode= >,1pp7_U_A,2.45
836,0.848,ARG, ,NE,26.7,9.17,0.0,2.62,1.0,<Residue ARG het=  resseq=107 icode= >,1pp7_U_A,2.45
837,0.056,ARG, ,CZ,26.37,8.40,0.0,4.27,1.0,<Residue ARG het=  resseq=107 icode= >,1pp7_U_A,2.45
838,0.0,ARG, ,NH1,23.22,8.73,0.0,2.29,1.0,<Residue ARG het=  resseq=107 icode= >,1pp7_U_A,2.45
839,6.673,ARG, ,NH2,18.52,7.47,0.0,2.68,1.0,<Residue ARG het=  resseq=107 icode= >,1pp7_U_A,2.45
840,6.533,SER, ,N,35.86,14.63,0.0,2.42,1.0,<Residue SER het=  resseq=108 icode= >,1pp7_U_A,2.45
841,9.753,SER, ,CA,36.44,15.31,0.0,2.78,1.0,<Residue SER het=  resseq=108 icode= >,1pp7_U_A,2.45
842,1.143,SER, ,C,34.58,14.67,0.0,3.89,1.0,<Residue SER het=  resseq=108 icode= >,1pp7_U_A,2.45
843,0.219,SER, ,O,33.5,13.51,0.0,2.55,1.0,<Residue SER het=  resseq=108 icode= >,1pp7_U_A,2.45
844,48.492,SER, ,CB,33.67,15.73,0.0,2.50,1.0,<Residue SER het=  resseq=108 icode= >,1pp7_U_A,2.45
845,22.389,SER, ,OG,45.05,14.69,0.0,1.36,1.0,<Residue SER het=  resseq=108 icode= >,1pp7_U_A,2.45
846,11.947,GLY, ,N,36.72,15.55,0.0,2.59,1.0,<Residue GLY het=  resseq=109 icode= >,1pp7_U_A,2.45
847,6.529,GLY, ,CA,39.31,15.29,0.0,1.77,1.0,<Residue GLY het=  resseq=109 icode= >,1pp7_U_A,2.45
848,0.0,GLY, ,C,42.96,14.61,0.0,2.74,1.0,<Residue GLY het=  resseq=109 icode= >,1pp7_U_A,2.45
849,0.0,GLY, ,O,41.62,14.24,0.0,1.66,1.0,<Residue GLY het=  resseq=109 icode= >,1pp7_U_A,2.45
850,0.027,PHE, ,N,38.24,14.59,0.0,2.92,1.0,<Residue PHE het=  resseq=110 icode= >,1pp7_U_A,2.45
851,0.0,PHE, ,CA,35.09,14.17,0.0,2.83,1.0,<Residue PHE het=  resseq=110 icode= >,1pp7_U_A,2.45
852,0.0,PHE, ,C,35.05,15.52,0.0,3.48,1.0,<Residue PHE het=  resseq=110 icode= >,1pp7_U_A,2.45
853,0.783,PHE, ,O,32.76,16.11,0.0,2.36,1.0,<Residue PHE het=  resseq=110 icode= >,1pp7_U_A,2.45
854,0.0,PHE, ,CB,29.81,13.15,0.0,2.42,1.0,<Residue PHE het=  resseq=110 icode= >,1pp7_U_A,2.45
855,0.0,PHE, ,CG,30.93,12.68,0.0,3.31,1.0,<Residue PHE het=  resseq=110 icode= >,1pp7_U_A,2.45
856,0.199,PHE, ,CD1,29.02,13.56,0.0,2.21,1.0,<Residue PHE het=  resseq=110 icode= >,1pp7_U_A,2.45
857,0.0,PHE, ,CD2,29.99,11.55,0.0,2.55,1.0,<Residue PHE het=  resseq=110 icode= >,1pp7_U_A,2.45
858,0.0,PHE, ,CE1,29.53,13.23,0.0,2.94,1.0,<Residue PHE het=  resseq=110 icode= >,1pp7_U_A,2.45
859,0.0,PHE, ,CE2,32.0,11.29,0.0,2.89,1.0,<Residue PHE het=  resseq=110 icode= >,1pp7_U_A,2.45
860,0.0,PHE, ,CZ,29.07,12.07,0.0,3.42,1.0,<Residue PHE het=  resseq=110 icode= >,1pp7_U_A,2.45
861,0.0,THR, ,N,33.05,16.10,0.0,3.00,1.0,<Residue THR het=  resseq=111 icode= >,1pp7_U_A,2.45
862,0.0,THR, ,CA,34.73,17.44,0.0,2.21,1.0,<Residue THR het=  resseq=111 icode= >,1pp7_U_A,2.45
863,0.0,THR, ,C,36.72,17.71,0.0,3.48,1.0,<Residue THR het=  resseq=111 icode= >,1pp7_U_A,2.45
864,0.0,THR, ,O,35.97,16.91,0.0,2.12,1.0,<Residue THR het=  resseq=111 icode= >,1pp7_U_A,2.45
865,4.459,THR, ,CB,35.43,18.53,0.0,2.44,1.0,<Residue THR het=  resseq=111 icode= >,1pp7_U_A,2.45
866,3.741,THR, ,OG1,35.36,18.55,0.0,2.85,1.0,<Residue THR het=  resseq=111 icode= >,1pp7_U_A,2.45
867,18.998,THR, ,CG2,37.23,18.38,0.0,0.75,1.0,<Residue THR het=  resseq=111 icode= >,1pp7_U_A,2.45
868,0.0,ARG, ,N,38.09,18.96,0.0,2.55,1.0,<Residue ARG het=  resseq=112 icode= >,1pp7_U_A,2.45
869,0.0,ARG, ,CA,37.91,19.50,0.0,2.79,1.0,<Residue ARG het=  resseq=112 icode= >,1pp7_U_A,2.45
870,0.0,ARG, ,C,35.28,19.23,0.0,3.63,1.0,<Residue ARG het=  resseq=112 icode= >,1pp7_U_A,2.45
871,11.637,ARG, ,O,38.23,18.84,0.0,2.34,1.0,<Residue ARG het=  resseq=112 icode= >,1pp7_U_A,2.45
872,1.418,ARG, ,CB,39.82,21.02,0.0,1.60,1.0,<Residue ARG het=  resseq=112 icode= >,1pp7_U_A,2.45
873,22.584,ARG, ,CG,45.25,21.80,0.0,1.28,1.0,<Residue ARG het=  resseq=112 icode= >,1pp7_U_A,2.45
874,17.474,ARG, ,CD,50.96,22.39,0.0,1.38,1.0,<Residue ARG het=  resseq=112 icode= >,1pp7_U_A,2.45
875,2.953,ARG, ,NE,48.39,23.21,0.0,2.01,1.0,<Residue ARG het=  resseq=112 icode= >,1pp7_U_A,2.45
876,4.153,ARG, ,CZ,48.87,23.90,0.0,2.85,1.0,<Residue ARG het=  resseq=112 icode= >,1pp7_U_A,2.45
877,31.626,ARG, ,NH1,49.49,23.89,0.0,1.57,1.0,<Residue ARG het=  resseq=112 icode= >,1pp7_U_A,2.45
878,23.457,ARG, ,NH2,48.8,24.70,0.0,1.51,1.0,<Residue ARG het=  resseq=112 icode= >,1pp7_U_A,2.45
879,0.27,ASN, ,N,34.2,1000.00,0.0,2.96,1.0,<Residue ASN het=  resseq=113 icode= >,1pp7_U_A,2.45
880,4.63,ASN, ,CA,35.0,1000.00,0.0,2.46,1.0,<Residue ASN het=  resseq=113 icode= >,1pp7_U_A,2.45
881,3.346,ASN, ,C,33.72,1000.00,0.0,3.71,1.0,<Residue ASN het=  resseq=113 icode= >,1pp7_U_A,2.45
882,21.169,ASN, ,O,37.24,1000.00,0.0,2.17,1.0,<Residue ASN het=  resseq=113 icode= >,1pp7_U_A,2.45
883,29.927,ASN, ,CB,41.85,1000.00,0.0,1.05,1.0,<Residue ASN het=  resseq=113 icode= >,1pp7_U_A,2.45
884,5.979,ASN, ,CG,47.47,1000.00,0.0,2.14,1.0,<Residue ASN het=  resseq=113 icode= >,1pp7_U_A,2.45
885,25.215,ASN, ,OD1,56.04,1000.00,0.0,0.80,1.0,<Residue ASN het=  resseq=113 icode= >,1pp7_U_A,2.45
886,46.799,ASN, ,ND2,50.28,1000.00,0.0,1.22,1.0,<Residue ASN het=  resseq=113 icode= >,1pp7_U_A,2.45
887,0.0,SER, ,N,31.64,17.34,0.0,2.95,1.0,<Residue SER het=  resseq=114 icode= >,1pp7_U_A,2.45
888,6.374,SER, ,CA,30.52,16.49,0.0,2.53,1.0,<Residue SER het=  resseq=114 icode= >,1pp7_U_A,2.45
889,0.0,SER, ,C,27.64,15.09,0.0,4.19,1.0,<Residue SER het=  resseq=114 icode= >,1pp7_U_A,2.45
890,0.0,SER, ,O,29.73,14.98,0.0,2.92,1.0,<Residue SER het=  resseq=114 icode= >,1pp7_U_A,2.45
891,16.425,SER, ,CB,33.79,17.21,0.0,1.65,1.0,<Residue SER het=  resseq=114 icode= >,1pp7_U_A,2.45
892,3.003,SER, ,OG,30.7,16.93,0.0,2.66,1.0,<Residue SER het=  resseq=114 icode= >,1pp7_U_A,2.45
893,3.468,VAL, ,N,28.58,14.13,0.0,2.60,1.0,<Residue VAL het=  resseq=115 icode= >,1pp7_U_A,2.45
894,0.0,VAL, ,CA,27.9,12.70,0.0,2.77,1.0,<Residue VAL het=  resseq=115 icode= >,1pp7_U_A,2.45
895,0.0,VAL, ,C,28.72,12.37,0.0,4.13,1.0,<Residue VAL het=  resseq=115 icode= >,1pp7_U_A,2.45
896,15.934,VAL, ,O,21.73,12.25,0.0,3.36,1.0,<Residue VAL het=  resseq=115 icode= >,1pp7_U_A,2.45
897,0.051,VAL, ,CB,29.84,11.78,0.0,2.40,1.0,<Residue VAL het=  resseq=115 icode= >,1pp7_U_A,2.45
898,2.068,VAL, ,CG1,30.52,10.58,0.0,1.19,1.0,<Residue VAL het=  resseq=115 icode= >,1pp7_U_A,2.45
899,18.494,VAL, ,CG2,28.09,12.65,0.0,1.56,1.0,<Residue VAL het=  resseq=115 icode= >,1pp7_U_A,2.45
900,0.0,PHE, ,N,34.71,12.39,0.0,2.33,1.0,<Residue PHE het=  resseq=116 icode= >,1pp7_U_A,2.45
901,3.866,PHE, ,CA,40.64,12.36,0.0,2.53,1.0,<Residue PHE het=  resseq=116 icode= >,1pp7_U_A,2.45
902,0.05,PHE, ,C,44.6,11.11,0.0,3.49,1.0,<Residue PHE het=  resseq=116 icode= >,1pp7_U_A,2.45
903,1.91,PHE, ,O,45.9,10.07,0.0,2.22,1.0,<Residue PHE het=  resseq=116 icode= >,1pp7_U_A,2.45
904,4.216,PHE, ,CB,38.33,13.34,0.0,1.60,1.0,<Residue PHE het=  resseq=116 icode= >,1pp7_U_A,2.45
905,1.748,PHE, ,CG,34.77,14.74,0.0,2.56,1.0,<Residue PHE het=  resseq=116 icode= >,1pp7_U_A,2.45
906,19.691,PHE, ,CD1,26.29,15.76,0.0,2.66,1.0,<Residue PHE het=  resseq=116 icode= >,1pp7_U_A,2.45
907,8.006,PHE, ,CD2,29.53,15.15,0.0,2.21,1.0,<Residue PHE het=  resseq=116 icode= >,1pp7_U_A,2.45
908,30.203,PHE, ,CE1,28.48,17.03,0.0,2.20,1.0,<Residue PHE het=  resseq=116 icode= >,1pp7_U_A,2.45
909,17.446,PHE, ,CE2,29.63,16.49,0.0,2.59,1.0,<Residue PHE het=  resseq=116 icode= >,1pp7_U_A,2.45
910,30.092,PHE, ,CZ,28.8,17.39,0.0,2.59,1.0,<Residue PHE het=  resseq=116 icode= >,1pp7_U_A,2.45
911,7.958,GLU, ,N,52.23,11.41,0.0,2.29,1.0,<Residue GLU het=  resseq=117 icode= >,1pp7_U_A,2.45
912,13.908,GLU, ,CA,61.14,10.63,0.0,1.83,1.0,<Residue GLU het=  resseq=117 icode= >,1pp7_U_A,2.45
913,0.029,GLU, ,C,63.87,9.40,0.0,2.88,1.0,<Residue GLU het=  resseq=117 icode= >,1pp7_U_A,2.45
914,22.323,GLU, ,O,63.67,9.58,0.0,1.42,1.0,<Residue GLU het=  resseq=117 icode= >,1pp7_U_A,2.45
915,9.009,GLU, ,CB,63.04,10.37,0.0,1.03,1.0,<Residue GLU het=  resseq=117 icode= >,1pp7_U_A,2.45
916,27.5,GLU, ,CG,67.1,11.67,0.0,0.91,1.0,<Residue GLU het=  resseq=117 icode= >,1pp7_U_A,2.45
917,7.544,GLU, ,CD,70.39,11.59,0.0,2.07,1.0,<Residue GLU het=  resseq=117 icode= >,1pp7_U_A,2.45
918,2.98,GLU, ,OE1,64.94,11.21,0.0,1.91,1.0,<Residue GLU het=  resseq=117 icode= >,1pp7_U_A,2.45
919,37.299,GLU, ,OE2,70.61,12.10,0.0,1.50,1.0,<Residue GLU het=  resseq=117 icode= >,1pp7_U_A,2.45
920,0.042,ASP, ,N,70.44,8.29,0.0,1.47,1.0,<Residue ASP het=  resseq=118 icode= >,1pp7_U_A,2.45
921,7.701,ASP, ,CA,78.59,6.95,0.0,0.46,1.0,<Residue ASP het=  resseq=118 icode= >,1pp7_U_A,2.45
922,2.529,ASP, ,C,80.41,5.88,0.0,1.04,1.0,<Residue ASP het=  resseq=118 icode= >,1pp7_U_A,2.45
923,9.004,ASP, ,O,78.83,6.41,0.0,1.14,1.0,<Residue ASP het=  resseq=118 icode= >,1pp7_U_A,2.45
924,10.443,ASP, ,CB,84.98,6.39,0.0,-0.10,1.0,<Residue ASP het=  resseq=118 icode= >,1pp7_U_A,2.45
925,8.199,ASP, ,CG,90.33,6.88,0.0,0.95,1.0,<Residue ASP het=  resseq=118 icode= >,1pp7_U_A,2.45
926,26.092,ASP, ,OD1,92.78,7.67,0.0,0.69,1.0,<Residue ASP het=  resseq=118 icode= >,1pp7_U_A,2.45
927,39.626,ASP, ,OD2,89.42,6.79,0.0,0.92,1.0,<Residue ASP het=  resseq=118 icode= >,1pp7_U_A,2.45
