,ASA,aa,altloc,atom,bfac,d2r,dASA,dens,occ,residue,id,resolu
0,49.571,ASN, ,N,87.46,17.06,0.0,0.52,1.0,<Residue ASN het=  resseq=193 icode= >,1puf_A_A,1.9
1,14.355,ASN, ,CA,86.99,16.83,0.0,1.38,1.0,<Residue ASN het=  resseq=193 icode= >,1puf_A_A,1.9
2,1.446,ASN, ,C,86.09,15.48,0.0,1.53,1.0,<Residue ASN het=  resseq=193 icode= >,1puf_A_A,1.9
3,19.274,ASN, ,O,86.39,15.50,0.0,1.01,1.0,<Residue ASN het=  resseq=193 icode= >,1puf_A_A,1.9
4,29.498,ASN, ,CB,88.36,17.04,0.0,1.00,1.0,<Residue ASN het=  resseq=193 icode= >,1puf_A_A,1.9
5,5.66,ASN, ,CG,89.4,16.95,0.0,1.47,1.0,<Residue ASN het=  resseq=193 icode= >,1puf_A_A,1.9
6,34.285,ASN, ,OD1,90.36,17.67,0.0,1.38,1.0,<Residue ASN het=  resseq=193 icode= >,1puf_A_A,1.9
7,25.822,ASN, ,ND2,90.17,16.20,0.27,0.76,1.0,<Residue ASN het=  resseq=193 icode= >,1puf_A_A,1.9
8,5.531,ASN, ,N,84.29,14.41,0.0,1.39,1.0,<Residue ASN het=  resseq=194 icode= >,1puf_A_A,1.9
9,6.546,ASN, ,CA,82.02,13.07,0.0,1.95,1.0,<Residue ASN het=  resseq=194 icode= >,1puf_A_A,1.9
10,0.0,ASN, ,C,79.71,12.74,0.0,2.70,1.0,<Residue ASN het=  resseq=194 icode= >,1puf_A_A,1.9
11,2.99,ASN, ,O,79.44,12.68,0.0,1.98,1.0,<Residue ASN het=  resseq=194 icode= >,1puf_A_A,1.9
12,22.492,ASN, ,CB,82.64,13.15,0.0,1.52,1.0,<Residue ASN het=  resseq=194 icode= >,1puf_A_A,1.9
13,4.502,ASN, ,CG,83.26,11.85,0.0,1.54,1.0,<Residue ASN het=  resseq=194 icode= >,1puf_A_A,1.9
14,28.011,ASN, ,OD1,84.03,10.95,0.0,1.36,1.0,<Residue ASN het=  resseq=194 icode= >,1puf_A_A,1.9
15,31.198,ASN, ,ND2,83.64,11.88,0.0,0.71,1.0,<Residue ASN het=  resseq=194 icode= >,1puf_A_A,1.9
16,0.0,PRO, ,N,77.56,12.71,0.0,2.33,1.0,<Residue PRO het=  resseq=195 icode= >,1puf_A_A,1.9
17,9.845,PRO, ,CA,75.46,12.52,0.565,2.20,1.0,<Residue PRO het=  resseq=195 icode= >,1puf_A_A,1.9
18,0.125,PRO, ,C,73.23,11.03,0.0,2.37,1.0,<Residue PRO het=  resseq=195 icode= >,1puf_A_A,1.9
19,12.131,PRO, ,O,73.7,10.50,9.443,1.33,1.0,<Residue PRO het=  resseq=195 icode= >,1puf_A_A,1.9
20,26.231,PRO, ,CB,75.74,12.90,20.22,1.54,1.0,<Residue PRO het=  resseq=195 icode= >,1puf_A_A,1.9
21,32.555,PRO, ,CG,77.23,12.66,30.065,1.03,1.0,<Residue PRO het=  resseq=195 icode= >,1puf_A_A,1.9
22,17.742,PRO, ,CD,77.67,12.89,12.04,1.22,1.0,<Residue PRO het=  resseq=195 icode= >,1puf_A_A,1.9
23,0.0,ALA, ,N,70.03,10.24,0.0,2.45,1.0,<Residue ALA het=  resseq=196 icode= >,1puf_A_A,1.9
24,0.0,ALA, ,CA,66.75,8.92,0.0,2.36,1.0,<Residue ALA het=  resseq=196 icode= >,1puf_A_A,1.9
25,0.0,ALA, ,C,64.56,8.89,0.0,2.68,1.0,<Residue ALA het=  resseq=196 icode= >,1puf_A_A,1.9
26,0.0,ALA, ,O,63.61,8.04,0.0,1.97,1.0,<Residue ALA het=  resseq=196 icode= >,1puf_A_A,1.9
27,31.617,ALA, ,CB,66.4,7.86,24.822,1.36,1.0,<Residue ALA het=  resseq=196 icode= >,1puf_A_A,1.9
28,0.0,ALA, ,N,61.02,10.03,0.0,3.08,1.0,<Residue ALA het=  resseq=197 icode= >,1puf_A_A,1.9
29,4.975,ALA, ,CA,58.76,10.45,0.0,2.90,1.0,<Residue ALA het=  resseq=197 icode= >,1puf_A_A,1.9
30,0.044,ALA, ,C,57.38,10.16,0.0,3.19,1.0,<Residue ALA het=  resseq=197 icode= >,1puf_A_A,1.9
31,16.614,ALA, ,O,56.37,10.03,0.0,2.74,1.0,<Residue ALA het=  resseq=197 icode= >,1puf_A_A,1.9
32,28.26,ALA, ,CB,59.16,11.94,0.0,1.31,1.0,<Residue ALA het=  resseq=197 icode= >,1puf_A_A,1.9
33,0.48,ASN, ,N,54.95,10.00,0.0,3.50,1.0,<Residue ASN het=  resseq=198 icode= >,1puf_A_A,1.9
34,6.096,ASN, ,CA,54.63,9.65,0.0,2.83,1.0,<Residue ASN het=  resseq=198 icode= >,1puf_A_A,1.9
35,1.283,ASN, ,C,52.04,8.20,0.306,2.73,1.0,<Residue ASN het=  resseq=198 icode= >,1puf_A_A,1.9
36,22.944,ASN, ,O,51.47,8.07,9.08,2.05,1.0,<Residue ASN het=  resseq=198 icode= >,1puf_A_A,1.9
37,27.849,ASN, ,CB,57.25,10.49,15.772,1.47,1.0,<Residue ASN het=  resseq=198 icode= >,1puf_A_A,1.9
38,10.021,ASN, ,CG,60.21,11.96,0.191,1.90,1.0,<Residue ASN het=  resseq=198 icode= >,1puf_A_A,1.9
39,41.057,ASN, ,OD1,61.83,12.83,2.579,0.89,1.0,<Residue ASN het=  resseq=198 icode= >,1puf_A_A,1.9
40,32.685,ASN, ,ND2,61.16,12.35,0.0,1.09,1.0,<Residue ASN het=  resseq=198 icode= >,1puf_A_A,1.9
41,0.0,TRP, ,N,49.66,7.28,0.0,2.87,1.0,<Residue TRP het=  resseq=199 icode= >,1puf_A_A,1.9
42,4.335,TRP, ,CA,46.6,5.84,4.335,2.69,1.0,<Residue TRP het=  resseq=199 icode= >,1puf_A_A,1.9
43,0.319,TRP, ,C,47.0,5.47,0.0,2.60,1.0,<Residue TRP het=  resseq=199 icode= >,1puf_A_A,1.9
44,7.392,TRP, ,O,44.32,6.41,0.0,2.96,1.0,<Residue TRP het=  resseq=199 icode= >,1puf_A_A,1.9
45,6.128,TRP, ,CB,44.79,5.24,6.118,2.67,1.0,<Residue TRP het=  resseq=199 icode= >,1puf_A_A,1.9
46,2.528,TRP, ,CG,44.25,5.95,2.528,3.30,1.0,<Residue TRP het=  resseq=199 icode= >,1puf_A_A,1.9
47,13.787,TRP, ,CD1,43.29,7.07,13.787,3.21,1.0,<Residue TRP het=  resseq=199 icode= >,1puf_A_A,1.9
48,2.6,TRP, ,CD2,44.85,6.05,2.6,2.56,1.0,<Residue TRP het=  resseq=199 icode= >,1puf_A_A,1.9
49,17.57,TRP, ,NE1,43.7,7.76,17.57,2.89,1.0,<Residue TRP het=  resseq=199 icode= >,1puf_A_A,1.9
50,3.216,TRP, ,CE2,44.27,7.24,3.216,3.15,1.0,<Residue TRP het=  resseq=199 icode= >,1puf_A_A,1.9
51,20.976,TRP, ,CE3,43.47,5.58,20.929,2.71,1.0,<Residue TRP het=  resseq=199 icode= >,1puf_A_A,1.9
52,24.117,TRP, ,CZ2,45.07,7.94,24.117,2.11,1.0,<Residue TRP het=  resseq=199 icode= >,1puf_A_A,1.9
53,31.503,TRP, ,CZ3,44.08,6.42,31.503,2.47,1.0,<Residue TRP het=  resseq=199 icode= >,1puf_A_A,1.9
54,33.311,TRP, ,CH2,46.48,7.56,33.311,1.55,1.0,<Residue TRP het=  resseq=199 icode= >,1puf_A_A,1.9
55,1.871,LEU, ,N,46.18,4.38,1.871,2.59,1.0,<Residue LEU het=  resseq=200 icode= >,1puf_A_A,1.9
56,1.298,LEU, ,CA,47.38,4.49,0.0,3.18,1.0,<Residue LEU het=  resseq=200 icode= >,1puf_A_A,1.9
57,0.942,LEU, ,C,47.71,4.04,0.942,4.01,1.0,<Residue LEU het=  resseq=200 icode= >,1puf_A_A,1.9
58,18.814,LEU, ,O,46.42,3.59,18.814,2.97,1.0,<Residue LEU het=  resseq=200 icode= >,1puf_A_A,1.9
59,25.69,LEU, ,CB,47.42,3.67,21.95,2.49,1.0,<Residue LEU het=  resseq=200 icode= >,1puf_A_A,1.9
60,16.098,LEU, ,CG,49.37,4.47,10.535,3.01,1.0,<Residue LEU het=  resseq=200 icode= >,1puf_A_A,1.9
61,62.256,LEU, ,CD1,48.87,5.79,0.0,1.33,1.0,<Residue LEU het=  resseq=200 icode= >,1puf_A_A,1.9
62,46.556,LEU, ,CD2,50.79,4.90,27.748,0.15,1.0,<Residue LEU het=  resseq=200 icode= >,1puf_A_A,1.9
63,4.858,HIS, ,N,50.15,4.73,0.0,2.95,1.0,<Residue HIS het=  resseq=201 icode= >,1puf_A_A,1.9
64,3.037,HIS, ,CA,54.0,4.13,3.037,2.83,1.0,<Residue HIS het=  resseq=201 icode= >,1puf_A_A,1.9
65,2.949,HIS, ,C,55.65,4.01,2.728,3.11,1.0,<Residue HIS het=  resseq=201 icode= >,1puf_A_A,1.9
66,21.526,HIS, ,O,54.74,4.99,0.0,2.75,1.0,<Residue HIS het=  resseq=201 icode= >,1puf_A_A,1.9
67,23.739,HIS, ,CB,55.25,4.49,1.355,2.29,1.0,<Residue HIS het=  resseq=201 icode= >,1puf_A_A,1.9
68,3.368,HIS, ,CG,57.75,5.05,0.0,2.23,1.0,<Residue HIS het=  resseq=201 icode= >,1puf_A_A,1.9
69,20.117,HIS, ,ND1,58.55,4.58,13.112,1.88,1.0,<Residue HIS het=  resseq=201 icode= >,1puf_A_A,1.9
70,17.563,HIS, ,CD2,58.92,6.38,0.0,1.16,1.0,<Residue HIS het=  resseq=201 icode= >,1puf_A_A,1.9
71,20.931,HIS, ,CE1,59.78,5.39,10.233,1.37,1.0,<Residue HIS het=  resseq=201 icode= >,1puf_A_A,1.9
72,3.798,HIS, ,NE2,59.68,6.54,0.0,1.64,1.0,<Residue HIS het=  resseq=201 icode= >,1puf_A_A,1.9
73,9.298,ALA, ,N,57.21,3.10,9.298,2.92,1.0,<Residue ALA het=  resseq=202 icode= >,1puf_A_A,1.9
74,2.044,ALA, ,CA,60.67,3.80,2.044,2.20,1.0,<Residue ALA het=  resseq=202 icode= >,1puf_A_A,1.9
75,0.107,ALA, ,C,62.48,4.59,0.0,2.85,1.0,<Residue ALA het=  resseq=202 icode= >,1puf_A_A,1.9
76,14.927,ALA, ,O,62.59,4.37,0.912,2.11,1.0,<Residue ALA het=  resseq=202 icode= >,1puf_A_A,1.9
77,43.166,ALA, ,CB,61.32,3.33,33.672,0.15,1.0,<Residue ALA het=  resseq=202 icode= >,1puf_A_A,1.9
78,1.028,ARG, ,N,65.54,5.85,0.161,1.93,1.0,<Residue ARG het=  resseq=203 icode= >,1puf_A_A,1.9
79,8.098,ARG, ,CA,68.64,5.95,0.0,2.19,1.0,<Residue ARG het=  resseq=203 icode= >,1puf_A_A,1.9
80,0.0,ARG, ,C,69.1,6.74,0.0,2.69,1.0,<Residue ARG het=  resseq=203 icode= >,1puf_A_A,1.9
81,2.061,ARG, ,O,68.96,6.68,0.0,1.48,1.0,<Residue ARG het=  resseq=203 icode= >,1puf_A_A,1.9
82,10.097,ARG, ,CB,71.21,4.51,7.758,0.83,1.0,<Residue ARG het=  resseq=203 icode= >,1puf_A_A,1.9
83,16.687,ARG, ,CG,73.99,4.70,0.0,0.51,1.0,<Residue ARG het=  resseq=203 icode= >,1puf_A_A,1.9
84,23.44,ARG, ,CD,76.0,3.70,7.434,0.59,1.0,<Residue ARG het=  resseq=203 icode= >,1puf_A_A,1.9
85,12.38,ARG, ,NE,77.94,3.81,2.75,1.40,1.0,<Residue ARG het=  resseq=203 icode= >,1puf_A_A,1.9
86,8.324,ARG, ,CZ,78.68,3.73,3.978,1.79,1.0,<Residue ARG het=  resseq=203 icode= >,1puf_A_A,1.9
87,59.405,ARG, ,NH1,79.04,3.75,32.685,1.05,1.0,<Residue ARG het=  resseq=203 icode= >,1puf_A_A,1.9
88,50.457,ARG, ,NH2,79.16,3.48,10.779,1.03,1.0,<Residue ARG het=  resseq=203 icode= >,1puf_A_A,1.9
89,4.389,SER, ,N,70.34,7.19,0.0,1.91,1.0,<Residue SER het=  resseq=204 icode= >,1puf_A_A,1.9
90,12.334,SER, ,CA,71.19,7.61,0.0,1.77,1.0,<Residue SER het=  resseq=204 icode= >,1puf_A_A,1.9
91,1.617,SER, ,C,70.66,8.49,0.0,1.41,1.0,<Residue SER het=  resseq=204 icode= >,1puf_A_A,1.9
92,23.708,SER, ,O,70.29,8.90,0.0,1.26,1.0,<Residue SER het=  resseq=204 icode= >,1puf_A_A,1.9
93,43.032,SER, ,CB,72.72,8.33,0.0,0.59,1.0,<Residue SER het=  resseq=204 icode= >,1puf_A_A,1.9
94,33.554,SER, ,OG,75.13,8.96,0.0,0.12,1.0,<Residue SER het=  resseq=204 icode= >,1puf_A_A,1.9
95,0.0,THR, ,N,69.72,7.27,0.0,1.57,1.0,<Residue THR het=  resseq=205 icode= >,1puf_A_A,1.9
96,7.431,THR, ,CA,68.99,6.84,0.0,1.94,1.0,<Residue THR het=  resseq=205 icode= >,1puf_A_A,1.9
97,2.938,THR, ,C,67.97,5.34,0.0,1.89,1.0,<Residue THR het=  resseq=205 icode= >,1puf_A_A,1.9
98,24.778,THR, ,O,68.59,4.65,1.434,1.32,1.0,<Residue THR het=  resseq=205 icode= >,1puf_A_A,1.9
99,13.642,THR, ,CB,69.34,6.84,0.0,1.75,1.0,<Residue THR het=  resseq=205 icode= >,1puf_A_A,1.9
100,11.102,THR, ,OG1,69.33,5.57,0.0,1.47,1.0,<Residue THR het=  resseq=205 icode= >,1puf_A_A,1.9
101,59.535,THR, ,CG2,69.1,7.99,0.0,0.74,1.0,<Residue THR het=  resseq=205 icode= >,1puf_A_A,1.9
102,0.397,ARG, ,N,65.69,5.11,0.0,1.63,1.0,<Residue ARG het=  resseq=206 icode= >,1puf_A_A,1.9
103,7.343,ARG, ,CA,63.42,3.92,3.858,1.83,1.0,<Residue ARG het=  resseq=206 icode= >,1puf_A_A,1.9
104,0.614,ARG, ,C,60.78,3.88,0.0,2.59,1.0,<Residue ARG het=  resseq=206 icode= >,1puf_A_A,1.9
105,18.616,ARG, ,O,60.63,5.06,0.0,1.64,1.0,<Residue ARG het=  resseq=206 icode= >,1puf_A_A,1.9
106,6.473,ARG, ,CB,64.27,4.55,0.981,1.39,1.0,<Residue ARG het=  resseq=206 icode= >,1puf_A_A,1.9
107,17.167,ARG, ,CG,65.28,3.74,16.842,0.88,1.0,<Residue ARG het=  resseq=206 icode= >,1puf_A_A,1.9
108,23.368,ARG, ,CD,65.06,4.15,11.305,0.92,1.0,<Residue ARG het=  resseq=206 icode= >,1puf_A_A,1.9
109,4.719,ARG, ,NE,65.73,3.68,4.719,0.67,1.0,<Residue ARG het=  resseq=206 icode= >,1puf_A_A,1.9
110,4.366,ARG, ,CZ,65.95,3.57,4.366,1.34,1.0,<Residue ARG het=  resseq=206 icode= >,1puf_A_A,1.9
111,42.114,ARG, ,NH1,65.87,3.87,30.31,0.79,1.0,<Residue ARG het=  resseq=206 icode= >,1puf_A_A,1.9
112,46.955,ARG, ,NH2,64.96,3.62,46.725,1.14,1.0,<Residue ARG het=  resseq=206 icode= >,1puf_A_A,1.9
113,6.507,LYS, ,N,57.73,2.94,5.513,2.49,1.0,<Residue LYS het=  resseq=207 icode= >,1puf_A_A,1.9
114,10.41,LYS, ,CA,55.09,3.77,0.0,2.52,1.0,<Residue LYS het=  resseq=207 icode= >,1puf_A_A,1.9
115,0.0,LYS, ,C,53.87,4.53,0.0,3.22,1.0,<Residue LYS het=  resseq=207 icode= >,1puf_A_A,1.9
116,10.524,LYS, ,O,53.91,3.74,7.29,2.69,1.0,<Residue LYS het=  resseq=207 icode= >,1puf_A_A,1.9
117,26.23,LYS, ,CB,53.9,3.43,16.374,2.26,1.0,<Residue LYS het=  resseq=207 icode= >,1puf_A_A,1.9
118,13.878,LYS, ,CG,51.89,4.17,0.08,2.15,1.0,<Residue LYS het=  resseq=207 icode= >,1puf_A_A,1.9
119,28.039,LYS, ,CD,51.11,3.49,14.071,2.14,1.0,<Residue LYS het=  resseq=207 icode= >,1puf_A_A,1.9
120,30.643,LYS, ,CE,49.98,3.34,0.538,2.38,1.0,<Residue LYS het=  resseq=207 icode= >,1puf_A_A,1.9
121,2.12,LYS, ,NZ,48.5,2.63,1.228,2.74,1.0,<Residue LYS het=  resseq=207 icode= >,1puf_A_A,1.9
122,5.623,LYS, ,N,52.44,5.29,0.0,2.15,1.0,<Residue LYS het=  resseq=208 icode= >,1puf_A_A,1.9
123,6.829,LYS, ,CA,49.53,5.39,0.0,2.24,1.0,<Residue LYS het=  resseq=208 icode= >,1puf_A_A,1.9
124,0.164,LYS, ,C,46.16,4.43,0.164,3.26,1.0,<Residue LYS het=  resseq=208 icode= >,1puf_A_A,1.9
125,1.082,LYS, ,O,44.13,3.66,0.0,2.93,1.0,<Residue LYS het=  resseq=208 icode= >,1puf_A_A,1.9
126,26.622,LYS, ,CB,50.03,5.97,0.0,2.22,1.0,<Residue LYS het=  resseq=208 icode= >,1puf_A_A,1.9
127,16.039,LYS, ,CG,53.26,4.84,9.378,1.87,1.0,<Residue LYS het=  resseq=208 icode= >,1puf_A_A,1.9
128,33.708,LYS, ,CD,54.76,5.54,0.0,1.16,1.0,<Residue LYS het=  resseq=208 icode= >,1puf_A_A,1.9
129,49.21,LYS, ,CE,57.98,4.11,15.192,0.53,1.0,<Residue LYS het=  resseq=208 icode= >,1puf_A_A,1.9
130,24.005,LYS, ,NZ,58.66,3.31,14.83,0.63,1.0,<Residue LYS het=  resseq=208 icode= >,1puf_A_A,1.9
131,4.148,ARG, ,N,42.47,4.30,1.089,3.46,1.0,<Residue ARG het=  resseq=209 icode= >,1puf_A_A,1.9
132,7.199,ARG, ,CA,41.04,4.01,7.199,3.62,1.0,<Residue ARG het=  resseq=209 icode= >,1puf_A_A,1.9
133,0.0,ARG, ,C,39.67,4.03,0.0,4.22,1.0,<Residue ARG het=  resseq=209 icode= >,1puf_A_A,1.9
134,1.323,ARG, ,O,38.87,4.61,0.838,3.06,1.0,<Residue ARG het=  resseq=209 icode= >,1puf_A_A,1.9
135,17.797,ARG, ,CB,39.56,4.12,14.791,2.62,1.0,<Residue ARG het=  resseq=209 icode= >,1puf_A_A,1.9
136,27.187,ARG, ,CG,39.26,3.63,23.877,2.11,1.0,<Residue ARG het=  resseq=209 icode= >,1puf_A_A,1.9
137,29.508,ARG, ,CD,33.96,3.60,29.508,2.93,1.0,<Residue ARG het=  resseq=209 icode= >,1puf_A_A,1.9
138,12.381,ARG, ,NE,33.7,2.86,12.381,3.89,1.0,<Residue ARG het=  resseq=209 icode= >,1puf_A_A,1.9
139,4.968,ARG, ,CZ,31.2,2.94,4.968,4.66,1.0,<Residue ARG het=  resseq=209 icode= >,1puf_A_A,1.9
140,42.588,ARG, ,NH1,33.19,2.93,40.914,3.10,1.0,<Residue ARG het=  resseq=209 icode= >,1puf_A_A,1.9
141,39.775,ARG, ,NH2,31.99,3.07,36.346,2.46,1.0,<Residue ARG het=  resseq=209 icode= >,1puf_A_A,1.9
142,4.8,CYS, ,N,38.33,3.27,4.8,3.40,1.0,<Residue CYS het=  resseq=210 icode= >,1puf_A_A,1.9
143,1.963,CYS, ,CA,40.34,4.04,0.0,2.87,1.0,<Residue CYS het=  resseq=210 icode= >,1puf_A_A,1.9
144,0.403,CYS, ,C,38.08,4.26,0.403,4.24,1.0,<Residue CYS het=  resseq=210 icode= >,1puf_A_A,1.9
145,3.491,CYS, ,O,38.65,3.67,3.491,2.97,1.0,<Residue CYS het=  resseq=210 icode= >,1puf_A_A,1.9
146,15.021,CYS, ,CB,41.72,3.68,0.549,2.39,1.0,<Residue CYS het=  resseq=210 icode= >,1puf_A_A,1.9
147,43.838,CYS, ,SG,50.01,4.16,0.0,3.71,1.0,<Residue CYS het=  resseq=210 icode= >,1puf_A_A,1.9
148,0.0,PRO, ,N,37.03,4.79,0.0,4.15,1.0,<Residue PRO het=  resseq=211 icode= >,1puf_A_A,1.9
149,3.391,PRO, ,CA,37.51,3.58,3.391,3.19,1.0,<Residue PRO het=  resseq=211 icode= >,1puf_A_A,1.9
150,0.0,PRO, ,C,38.97,3.58,0.0,3.98,1.0,<Residue PRO het=  resseq=211 icode= >,1puf_A_A,1.9
151,18.0,PRO, ,O,37.36,4.77,0.0,3.41,1.0,<Residue PRO het=  resseq=211 icode= >,1puf_A_A,1.9
152,29.386,PRO, ,CB,37.57,4.21,7.757,2.91,1.0,<Residue PRO het=  resseq=211 icode= >,1puf_A_A,1.9
153,25.987,PRO, ,CG,38.47,3.79,21.206,2.52,1.0,<Residue PRO het=  resseq=211 icode= >,1puf_A_A,1.9
154,22.477,PRO, ,CD,36.93,4.24,7.077,2.64,1.0,<Residue PRO het=  resseq=211 icode= >,1puf_A_A,1.9
155,6.429,TYR, ,N,38.27,2.71,6.429,3.65,1.0,<Residue TYR het=  resseq=212 icode= >,1puf_A_A,1.9
156,0.376,TYR, ,CA,41.27,3.65,0.0,2.43,1.0,<Residue TYR het=  resseq=212 icode= >,1puf_A_A,1.9
157,0.69,TYR, ,C,42.49,4.17,0.0,3.72,1.0,<Residue TYR het=  resseq=212 icode= >,1puf_A_A,1.9
158,18.266,TYR, ,O,44.17,3.82,2.343,2.78,1.0,<Residue TYR het=  resseq=212 icode= >,1puf_A_A,1.9
159,2.298,TYR, ,CB,37.53,3.70,2.298,2.74,1.0,<Residue TYR het=  resseq=212 icode= >,1puf_A_A,1.9
160,1.355,TYR, ,CG,35.53,3.94,1.355,3.56,1.0,<Residue TYR het=  resseq=212 icode= >,1puf_A_A,1.9
161,2.878,TYR, ,CD1,34.81,4.10,0.797,1.85,1.0,<Residue TYR het=  resseq=212 icode= >,1puf_A_A,1.9
162,3.78,TYR, ,CD2,34.51,4.20,3.78,3.08,1.0,<Residue TYR het=  resseq=212 icode= >,1puf_A_A,1.9
163,6.488,TYR, ,CE1,33.2,3.55,6.488,2.62,1.0,<Residue TYR het=  resseq=212 icode= >,1puf_A_A,1.9
164,3.204,TYR, ,CE2,32.51,4.16,2.714,2.42,1.0,<Residue TYR het=  resseq=212 icode= >,1puf_A_A,1.9
165,5.209,TYR, ,CZ,30.48,3.49,5.209,4.56,1.0,<Residue TYR het=  resseq=212 icode= >,1puf_A_A,1.9
166,13.067,TYR, ,OH,30.08,2.62,10.577,3.92,1.0,<Residue TYR het=  resseq=212 icode= >,1puf_A_A,1.9
167,0.0,THR, ,N,45.61,5.43,0.0,2.95,1.0,<Residue THR het=  resseq=213 icode= >,1puf_A_A,1.9
168,5.735,THR, ,CA,46.66,6.37,0.0,3.34,1.0,<Residue THR het=  resseq=213 icode= >,1puf_A_A,1.9
169,0.527,THR, ,C,47.88,6.51,0.0,3.92,1.0,<Residue THR het=  resseq=213 icode= >,1puf_A_A,1.9
170,0.0,THR, ,O,46.44,6.17,0.0,3.05,1.0,<Residue THR het=  resseq=213 icode= >,1puf_A_A,1.9
171,9.181,THR, ,CB,47.07,7.78,0.0,3.06,1.0,<Residue THR het=  resseq=213 icode= >,1puf_A_A,1.9
172,3.644,THR, ,OG1,48.12,8.10,0.0,2.60,1.0,<Residue THR het=  resseq=213 icode= >,1puf_A_A,1.9
173,60.095,THR, ,CG2,46.99,8.16,0.0,1.73,1.0,<Residue THR het=  resseq=213 icode= >,1puf_A_A,1.9
174,8.26,LYS, ,N,48.05,7.38,0.0,3.70,1.0,<Residue LYS het=  resseq=214 icode= >,1puf_A_A,1.9
175,3.048,LYS, ,CA,49.08,7.98,0.0,3.48,1.0,<Residue LYS het=  resseq=214 icode= >,1puf_A_A,1.9
176,0.404,LYS, ,C,47.1,8.56,0.0,3.99,1.0,<Residue LYS het=  resseq=214 icode= >,1puf_A_A,1.9
177,0.0,LYS, ,O,48.77,8.66,0.0,2.44,1.0,<Residue LYS het=  resseq=214 icode= >,1puf_A_A,1.9
178,17.724,LYS, ,CB,52.02,9.25,0.0,1.87,1.0,<Residue LYS het=  resseq=214 icode= >,1puf_A_A,1.9
179,17.8,LYS, ,CG,58.06,9.06,0.0,0.62,1.0,<Residue LYS het=  resseq=214 icode= >,1puf_A_A,1.9
180,33.088,LYS, ,CD,60.86,7.56,0.0,0.40,1.0,<Residue LYS het=  resseq=214 icode= >,1puf_A_A,1.9
181,38.558,LYS, ,CE,62.69,7.54,0.0,0.38,1.0,<Residue LYS het=  resseq=214 icode= >,1puf_A_A,1.9
182,49.112,LYS, ,NZ,64.1,6.28,0.0,0.79,1.0,<Residue LYS het=  resseq=214 icode= >,1puf_A_A,1.9
183,1.835,HIS, ,N,44.15,9.20,0.0,4.25,1.0,<Residue HIS het=  resseq=215 icode= >,1puf_A_A,1.9
184,5.023,HIS, ,CA,42.9,10.05,0.0,2.87,1.0,<Residue HIS het=  resseq=215 icode= >,1puf_A_A,1.9
185,0.0,HIS, ,C,41.26,9.46,0.0,3.29,1.0,<Residue HIS het=  resseq=215 icode= >,1puf_A_A,1.9
186,0.0,HIS, ,O,38.61,10.09,0.0,2.94,1.0,<Residue HIS het=  resseq=215 icode= >,1puf_A_A,1.9
187,24.198,HIS, ,CB,43.44,11.00,0.0,2.25,1.0,<Residue HIS het=  resseq=215 icode= >,1puf_A_A,1.9
188,2.345,HIS, ,CG,43.77,11.94,0.0,2.88,1.0,<Residue HIS het=  resseq=215 icode= >,1puf_A_A,1.9
189,19.142,HIS, ,ND1,46.07,12.97,0.0,2.99,1.0,<Residue HIS het=  resseq=215 icode= >,1puf_A_A,1.9
190,19.057,HIS, ,CD2,43.77,12.17,0.0,2.39,1.0,<Residue HIS het=  resseq=215 icode= >,1puf_A_A,1.9
191,26.677,HIS, ,CE1,44.94,13.73,0.0,2.92,1.0,<Residue HIS het=  resseq=215 icode= >,1puf_A_A,1.9
192,12.966,HIS, ,NE2,46.46,13.29,0.0,2.96,1.0,<Residue HIS het=  resseq=215 icode= >,1puf_A_A,1.9
193,0.0,GLN, ,N,38.49,8.48,0.0,3.09,1.0,<Residue GLN het=  resseq=216 icode= >,1puf_A_A,1.9
194,0.0,GLN, ,CA,36.48,8.17,0.0,3.33,1.0,<Residue GLN het=  resseq=216 icode= >,1puf_A_A,1.9
195,0.0,GLN, ,C,32.13,7.71,0.0,6.47,1.0,<Residue GLN het=  resseq=216 icode= >,1puf_A_A,1.9
196,0.0,GLN, ,O,31.29,8.18,0.0,4.92,1.0,<Residue GLN het=  resseq=216 icode= >,1puf_A_A,1.9
197,0.0,GLN, ,CB,37.24,7.31,0.0,2.15,1.0,<Residue GLN het=  resseq=216 icode= >,1puf_A_A,1.9
198,4.975,GLN, ,CG,39.7,8.16,0.0,2.88,1.0,<Residue GLN het=  resseq=216 icode= >,1puf_A_A,1.9
199,2.829,GLN, ,CD,36.06,7.55,0.0,4.34,1.0,<Residue GLN het=  resseq=216 icode= >,1puf_A_A,1.9
200,3.491,GLN, ,OE1,40.27,6.68,0.0,3.66,1.0,<Residue GLN het=  resseq=216 icode= >,1puf_A_A,1.9
201,16.088,GLN, ,NE2,37.36,8.23,0.0,3.31,1.0,<Residue GLN het=  resseq=216 icode= >,1puf_A_A,1.9
202,0.0,THR, ,N,34.47,6.84,0.0,5.20,1.0,<Residue THR het=  resseq=217 icode= >,1puf_A_A,1.9
203,0.0,THR, ,CA,36.85,6.56,0.0,3.50,1.0,<Residue THR het=  resseq=217 icode= >,1puf_A_A,1.9
204,0.0,THR, ,C,38.42,7.82,0.0,3.68,1.0,<Residue THR het=  resseq=217 icode= >,1puf_A_A,1.9
205,0.0,THR, ,O,38.19,7.99,0.0,3.71,1.0,<Residue THR het=  resseq=217 icode= >,1puf_A_A,1.9
206,1.68,THR, ,CB,36.95,5.97,0.0,4.28,1.0,<Residue THR het=  resseq=217 icode= >,1puf_A_A,1.9
207,13.872,THR, ,OG1,38.72,4.54,6.82,3.87,1.0,<Residue THR het=  resseq=217 icode= >,1puf_A_A,1.9
208,40.082,THR, ,CG2,38.3,6.23,0.0,2.40,1.0,<Residue THR het=  resseq=217 icode= >,1puf_A_A,1.9
209,0.0,LEU, ,N,40.28,8.92,0.0,3.43,1.0,<Residue LEU het=  resseq=218 icode= >,1puf_A_A,1.9
210,0.016,LEU, ,CA,39.71,10.17,0.0,4.20,1.0,<Residue LEU het=  resseq=218 icode= >,1puf_A_A,1.9
211,0.0,LEU, ,C,39.27,10.78,0.0,5.00,1.0,<Residue LEU het=  resseq=218 icode= >,1puf_A_A,1.9
212,0.007,LEU, ,O,38.89,11.43,0.0,3.77,1.0,<Residue LEU het=  resseq=218 icode= >,1puf_A_A,1.9
213,14.195,LEU, ,CB,44.4,11.15,0.0,2.60,1.0,<Residue LEU het=  resseq=218 icode= >,1puf_A_A,1.9
214,13.615,LEU, ,CG,48.6,11.09,0.0,1.98,1.0,<Residue LEU het=  resseq=218 icode= >,1puf_A_A,1.9
215,54.769,LEU, ,CD1,52.02,10.89,0.0,0.26,1.0,<Residue LEU het=  resseq=218 icode= >,1puf_A_A,1.9
216,13.129,LEU, ,CD2,53.3,9.79,0.0,-0.16,1.0,<Residue LEU het=  resseq=218 icode= >,1puf_A_A,1.9
217,0.0,GLU, ,N,37.14,10.75,0.0,4.80,1.0,<Residue GLU het=  resseq=219 icode= >,1puf_A_A,1.9
218,0.0,GLU, ,CA,36.71,11.51,0.0,3.86,1.0,<Residue GLU het=  resseq=219 icode= >,1puf_A_A,1.9
219,0.0,GLU, ,C,36.0,10.98,0.0,4.28,1.0,<Residue GLU het=  resseq=219 icode= >,1puf_A_A,1.9
220,3.511,GLU, ,O,34.14,11.83,0.0,3.71,1.0,<Residue GLU het=  resseq=219 icode= >,1puf_A_A,1.9
221,1.783,GLU, ,CB,40.64,11.82,0.0,2.38,1.0,<Residue GLU het=  resseq=219 icode= >,1puf_A_A,1.9
222,0.321,GLU, ,CG,44.33,13.00,0.0,1.99,1.0,<Residue GLU het=  resseq=219 icode= >,1puf_A_A,1.9
223,5.492,GLU, ,CD,47.01,14.24,0.0,2.58,1.0,<Residue GLU het=  resseq=219 icode= >,1puf_A_A,1.9
224,21.015,GLU, ,OE1,48.5,14.78,0.0,1.95,1.0,<Residue GLU het=  resseq=219 icode= >,1puf_A_A,1.9
225,15.405,GLU, ,OE2,50.42,14.79,0.0,2.07,1.0,<Residue GLU het=  resseq=219 icode= >,1puf_A_A,1.9
226,0.0,LEU, ,N,34.12,9.68,0.0,4.38,1.0,<Residue LEU het=  resseq=220 icode= >,1puf_A_A,1.9
227,0.0,LEU, ,CA,32.46,9.34,0.0,4.13,1.0,<Residue LEU het=  resseq=220 icode= >,1puf_A_A,1.9
228,0.0,LEU, ,C,33.58,9.74,0.0,4.64,1.0,<Residue LEU het=  resseq=220 icode= >,1puf_A_A,1.9
229,0.0,LEU, ,O,36.47,10.46,0.0,3.28,1.0,<Residue LEU het=  resseq=220 icode= >,1puf_A_A,1.9
230,0.0,LEU, ,CB,31.19,7.92,0.0,3.07,1.0,<Residue LEU het=  resseq=220 icode= >,1puf_A_A,1.9
231,0.0,LEU, ,CG,27.74,7.92,0.0,3.98,1.0,<Residue LEU het=  resseq=220 icode= >,1puf_A_A,1.9
232,0.0,LEU, ,CD1,29.49,6.57,0.0,2.19,1.0,<Residue LEU het=  resseq=220 icode= >,1puf_A_A,1.9
233,0.0,LEU, ,CD2,27.52,8.76,0.0,2.75,1.0,<Residue LEU het=  resseq=220 icode= >,1puf_A_A,1.9
234,0.0,GLU, ,N,34.49,9.48,0.0,5.10,1.0,<Residue GLU het=  resseq=221 icode= >,1puf_A_A,1.9
235,0.0,GLU, ,CA,40.66,10.18,0.0,3.76,1.0,<Residue GLU het=  resseq=221 icode= >,1puf_A_A,1.9
236,0.0,GLU, ,C,42.12,11.69,0.0,3.32,1.0,<Residue GLU het=  resseq=221 icode= >,1puf_A_A,1.9
237,0.0,GLU, ,O,41.99,12.30,0.0,2.68,1.0,<Residue GLU het=  resseq=221 icode= >,1puf_A_A,1.9
238,3.454,GLU, ,CB,40.04,9.63,0.0,3.51,1.0,<Residue GLU het=  resseq=221 icode= >,1puf_A_A,1.9
239,26.684,GLU, ,CG,46.21,9.58,0.0,1.76,1.0,<Residue GLU het=  resseq=221 icode= >,1puf_A_A,1.9
240,4.938,GLU, ,CD,48.98,9.09,0.0,2.22,1.0,<Residue GLU het=  resseq=221 icode= >,1puf_A_A,1.9
241,3.266,GLU, ,OE1,47.47,8.41,0.0,1.87,1.0,<Residue GLU het=  resseq=221 icode= >,1puf_A_A,1.9
242,6.21,GLU, ,OE2,47.52,9.59,0.0,1.76,1.0,<Residue GLU het=  resseq=221 icode= >,1puf_A_A,1.9
243,0.0,LYS, ,N,43.32,12.31,0.0,3.01,1.0,<Residue LYS het=  resseq=222 icode= >,1puf_A_A,1.9
244,1.455,LYS, ,CA,42.83,13.74,0.0,3.32,1.0,<Residue LYS het=  resseq=222 icode= >,1puf_A_A,1.9
245,0.884,LYS, ,C,43.24,14.13,0.0,3.55,1.0,<Residue LYS het=  resseq=222 icode= >,1puf_A_A,1.9
246,7.438,LYS, ,O,41.17,14.73,0.0,2.48,1.0,<Residue LYS het=  resseq=222 icode= >,1puf_A_A,1.9
247,12.116,LYS, ,CB,47.48,14.44,0.0,1.62,1.0,<Residue LYS het=  resseq=222 icode= >,1puf_A_A,1.9
248,15.258,LYS, ,CG,52.19,14.52,0.0,1.18,1.0,<Residue LYS het=  resseq=222 icode= >,1puf_A_A,1.9
249,37.326,LYS, ,CD,56.25,15.77,0.0,0.44,1.0,<Residue LYS het=  resseq=222 icode= >,1puf_A_A,1.9
250,14.544,LYS, ,CE,56.78,15.87,0.0,1.07,1.0,<Residue LYS het=  resseq=222 icode= >,1puf_A_A,1.9
251,44.698,LYS, ,NZ,60.47,17.11,0.0,0.89,1.0,<Residue LYS het=  resseq=222 icode= >,1puf_A_A,1.9
252,0.48,GLU, ,N,40.73,13.37,0.0,3.22,1.0,<Residue GLU het=  resseq=223 icode= >,1puf_A_A,1.9
253,2.11,GLU, ,CA,42.1,12.82,0.0,3.02,1.0,<Residue GLU het=  resseq=223 icode= >,1puf_A_A,1.9
254,0.0,GLU, ,C,42.85,11.77,0.0,3.32,1.0,<Residue GLU het=  resseq=223 icode= >,1puf_A_A,1.9
255,0.0,GLU, ,O,42.37,11.20,0.0,2.10,1.0,<Residue GLU het=  resseq=223 icode= >,1puf_A_A,1.9
256,1.387,GLU, ,CB,42.67,12.32,0.0,2.04,1.0,<Residue GLU het=  resseq=223 icode= >,1puf_A_A,1.9
257,0.0,GLU, ,CG,46.59,11.35,0.0,0.94,1.0,<Residue GLU het=  resseq=223 icode= >,1puf_A_A,1.9
258,0.0,GLU, ,CD,49.42,12.06,0.0,1.95,1.0,<Residue GLU het=  resseq=223 icode= >,1puf_A_A,1.9
259,6.937,GLU, ,OE1,50.89,13.27,0.0,1.46,1.0,<Residue GLU het=  resseq=223 icode= >,1puf_A_A,1.9
260,0.903,GLU, ,OE2,51.28,11.53,0.0,1.19,1.0,<Residue GLU het=  resseq=223 icode= >,1puf_A_A,1.9
261,0.0,PHE, ,N,42.76,11.72,0.0,3.19,1.0,<Residue PHE het=  resseq=224 icode= >,1puf_A_A,1.9
262,0.0,PHE, ,CA,45.21,10.96,0.0,2.41,1.0,<Residue PHE het=  resseq=224 icode= >,1puf_A_A,1.9
263,0.0,PHE, ,C,47.37,11.51,0.0,2.81,1.0,<Residue PHE het=  resseq=224 icode= >,1puf_A_A,1.9
264,0.0,PHE, ,O,47.53,10.83,0.0,2.25,1.0,<Residue PHE het=  resseq=224 icode= >,1puf_A_A,1.9
265,0.0,PHE, ,CB,43.64,11.34,0.0,2.31,1.0,<Residue PHE het=  resseq=224 icode= >,1puf_A_A,1.9
266,0.0,PHE, ,CG,43.18,10.58,0.0,3.11,1.0,<Residue PHE het=  resseq=224 icode= >,1puf_A_A,1.9
267,0.0,PHE, ,CD1,41.34,9.33,0.0,2.58,1.0,<Residue PHE het=  resseq=224 icode= >,1puf_A_A,1.9
268,0.0,PHE, ,CD2,42.47,10.71,0.0,2.14,1.0,<Residue PHE het=  resseq=224 icode= >,1puf_A_A,1.9
269,0.0,PHE, ,CE1,44.05,8.13,0.0,2.12,1.0,<Residue PHE het=  resseq=224 icode= >,1puf_A_A,1.9
270,0.593,PHE, ,CE2,43.15,9.66,0.0,2.71,1.0,<Residue PHE het=  resseq=224 icode= >,1puf_A_A,1.9
271,0.0,PHE, ,CZ,40.52,8.32,0.0,3.46,1.0,<Residue PHE het=  resseq=224 icode= >,1puf_A_A,1.9
272,0.0,LEU, ,N,48.74,12.84,0.0,2.74,1.0,<Residue LEU het=  resseq=225 icode= >,1puf_A_A,1.9
273,1.711,LEU, ,CA,50.25,13.66,0.0,2.02,1.0,<Residue LEU het=  resseq=225 icode= >,1puf_A_A,1.9
274,1.128,LEU, ,C,51.09,13.65,0.0,3.07,1.0,<Residue LEU het=  resseq=225 icode= >,1puf_A_A,1.9
275,27.825,LEU, ,O,50.86,14.04,0.0,2.72,1.0,<Residue LEU het=  resseq=225 icode= >,1puf_A_A,1.9
276,16.188,LEU, ,CB,49.27,15.05,0.0,2.70,1.0,<Residue LEU het=  resseq=225 icode= >,1puf_A_A,1.9
277,0.0,LEU, ,CG,48.59,13.66,0.0,2.91,1.0,<Residue LEU het=  resseq=225 icode= >,1puf_A_A,1.9
278,53.037,LEU, ,CD1,47.6,13.79,0.0,1.48,1.0,<Residue LEU het=  resseq=225 icode= >,1puf_A_A,1.9
279,28.671,LEU, ,CD2,49.66,13.36,0.0,1.07,1.0,<Residue LEU het=  resseq=225 icode= >,1puf_A_A,1.9
280,0.595,PHE, ,N,50.13,13.42,0.0,3.49,1.0,<Residue PHE het=  resseq=226 icode= >,1puf_A_A,1.9
281,7.199,PHE, ,CA,50.93,13.56,0.0,2.92,1.0,<Residue PHE het=  resseq=226 icode= >,1puf_A_A,1.9
282,0.015,PHE, ,C,50.47,12.43,0.0,3.05,1.0,<Residue PHE het=  resseq=226 icode= >,1puf_A_A,1.9
283,20.072,PHE, ,O,49.84,12.79,0.0,2.26,1.0,<Residue PHE het=  resseq=226 icode= >,1puf_A_A,1.9
284,9.616,PHE, ,CB,52.39,13.76,0.0,2.65,1.0,<Residue PHE het=  resseq=226 icode= >,1puf_A_A,1.9
285,0.146,PHE, ,CG,55.88,13.99,0.0,2.46,1.0,<Residue PHE het=  resseq=226 icode= >,1puf_A_A,1.9
286,21.252,PHE, ,CD1,57.45,15.11,0.0,1.41,1.0,<Residue PHE het=  resseq=226 icode= >,1puf_A_A,1.9
287,0.0,PHE, ,CD2,57.97,13.17,0.0,0.84,1.0,<Residue PHE het=  resseq=226 icode= >,1puf_A_A,1.9
288,33.422,PHE, ,CE1,58.61,15.45,0.0,1.33,1.0,<Residue PHE het=  resseq=226 icode= >,1puf_A_A,1.9
289,12.762,PHE, ,CE2,59.0,13.55,0.0,1.09,1.0,<Residue PHE het=  resseq=226 icode= >,1puf_A_A,1.9
290,34.363,PHE, ,CZ,59.74,14.71,0.0,1.25,1.0,<Residue PHE het=  resseq=226 icode= >,1puf_A_A,1.9
291,0.0,ASN, ,N,49.06,11.17,0.0,2.62,1.0,<Residue ASN het=  resseq=227 icode= >,1puf_A_A,1.9
292,8.703,ASN, ,CA,48.83,10.05,0.0,2.39,1.0,<Residue ASN het=  resseq=227 icode= >,1puf_A_A,1.9
293,0.0,ASN, ,C,48.48,8.89,0.0,2.55,1.0,<Residue ASN het=  resseq=227 icode= >,1puf_A_A,1.9
294,0.221,ASN, ,O,47.8,8.35,0.0,2.28,1.0,<Residue ASN het=  resseq=227 icode= >,1puf_A_A,1.9
295,27.44,ASN, ,CB,50.17,9.81,0.0,0.46,1.0,<Residue ASN het=  resseq=227 icode= >,1puf_A_A,1.9
296,6.452,MET, ,N,46.59,8.72,0.0,2.11,1.0,<Residue MET het=  resseq=228 icode= >,1puf_A_A,1.9
297,0.0,MET, ,CA,44.61,7.91,0.0,3.02,1.0,<Residue MET het=  resseq=228 icode= >,1puf_A_A,1.9
298,0.0,MET, ,C,42.6,6.41,0.0,4.65,1.0,<Residue MET het=  resseq=228 icode= >,1puf_A_A,1.9
299,0.0,MET, ,O,41.72,5.84,0.0,3.01,1.0,<Residue MET het=  resseq=228 icode= >,1puf_A_A,1.9
300,3.794,MET, ,CB,46.12,8.08,0.0,2.48,1.0,<Residue MET het=  resseq=228 icode= >,1puf_A_A,1.9
301,6.562,MET, ,CG,46.69,9.10,0.0,1.76,1.0,<Residue MET het=  resseq=228 icode= >,1puf_A_A,1.9
302,35.47,MET, ,SD,49.07,8.94,0.0,4.44,1.0,<Residue MET het=  resseq=228 icode= >,1puf_A_A,1.9
303,14.618,MET, ,CE,42.65,9.14,0.0,1.77,1.0,<Residue MET het=  resseq=228 icode= >,1puf_A_A,1.9
304,0.911,TYR, ,N,41.77,6.01,0.0,4.05,1.0,<Residue TYR het=  resseq=229 icode= >,1puf_A_A,1.9
305,0.333,TYR, ,CA,44.27,4.71,0.333,2.82,1.0,<Residue TYR het=  resseq=229 icode= >,1puf_A_A,1.9
306,0.03,TYR, ,C,45.87,5.17,0.0,3.33,1.0,<Residue TYR het=  resseq=229 icode= >,1puf_A_A,1.9
307,6.247,TYR, ,O,44.8,6.24,0.0,2.67,1.0,<Residue TYR het=  resseq=229 icode= >,1puf_A_A,1.9
308,24.976,TYR, ,CB,44.86,4.51,2.022,1.95,1.0,<Residue TYR het=  resseq=229 icode= >,1puf_A_A,1.9
309,2.445,TYR, ,CG,46.55,4.55,0.0,2.92,1.0,<Residue TYR het=  resseq=229 icode= >,1puf_A_A,1.9
310,15.986,TYR, ,CD1,47.31,5.87,0.0,2.78,1.0,<Residue TYR het=  resseq=229 icode= >,1puf_A_A,1.9
311,17.743,TYR, ,CD2,46.13,3.65,11.74,2.48,1.0,<Residue TYR het=  resseq=229 icode= >,1puf_A_A,1.9
312,23.039,TYR, ,CE1,48.03,5.45,0.0,3.24,1.0,<Residue TYR het=  resseq=229 icode= >,1puf_A_A,1.9
313,18.163,TYR, ,CE2,47.13,3.97,12.452,2.90,1.0,<Residue TYR het=  resseq=229 icode= >,1puf_A_A,1.9
314,5.195,TYR, ,CZ,46.85,4.18,0.0,4.44,1.0,<Residue TYR het=  resseq=229 icode= >,1puf_A_A,1.9
315,33.786,TYR, ,OH,50.7,3.40,7.878,1.74,1.0,<Residue TYR het=  resseq=229 icode= >,1puf_A_A,1.9
316,4.166,LEU, ,N,47.05,4.70,3.822,2.68,1.0,<Residue LEU het=  resseq=230 icode= >,1puf_A_A,1.9
317,1.426,LEU, ,CA,48.97,5.61,0.0,3.15,1.0,<Residue LEU het=  resseq=230 icode= >,1puf_A_A,1.9
318,0.243,LEU, ,C,50.13,5.73,0.0,3.20,1.0,<Residue LEU het=  resseq=230 icode= >,1puf_A_A,1.9
319,25.764,LEU, ,O,51.37,4.92,3.762,2.33,1.0,<Residue LEU het=  resseq=230 icode= >,1puf_A_A,1.9
320,4.787,LEU, ,CB,47.94,5.71,0.898,2.39,1.0,<Residue LEU het=  resseq=230 icode= >,1puf_A_A,1.9
321,0.099,LEU, ,CG,49.34,6.19,0.0,1.72,1.0,<Residue LEU het=  resseq=230 icode= >,1puf_A_A,1.9
322,3.608,LEU, ,CD1,50.18,6.28,0.0,0.42,1.0,<Residue LEU het=  resseq=230 icode= >,1puf_A_A,1.9
323,0.604,LEU, ,CD2,48.26,7.65,0.0,1.66,1.0,<Residue LEU het=  resseq=230 icode= >,1puf_A_A,1.9
324,0.0,THR, ,N,51.66,7.02,0.0,2.39,1.0,<Residue THR het=  resseq=231 icode= >,1puf_A_A,1.9
325,7.646,THR, ,CA,53.22,7.27,0.0,3.01,1.0,<Residue THR het=  resseq=231 icode= >,1puf_A_A,1.9
326,0.816,THR, ,C,54.41,6.78,0.0,4.05,1.0,<Residue THR het=  resseq=231 icode= >,1puf_A_A,1.9
327,0.0,THR, ,O,52.68,7.09,0.0,3.18,1.0,<Residue THR het=  resseq=231 icode= >,1puf_A_A,1.9
328,13.515,THR, ,CB,53.71,8.63,0.0,2.96,1.0,<Residue THR het=  resseq=231 icode= >,1puf_A_A,1.9
329,2.884,THR, ,OG1,52.94,9.41,0.0,2.29,1.0,<Residue THR het=  resseq=231 icode= >,1puf_A_A,1.9
330,52.939,THR, ,CG2,53.34,9.05,0.0,1.70,1.0,<Residue THR het=  resseq=231 icode= >,1puf_A_A,1.9
331,9.644,ARG, ,N,57.23,6.03,0.0,2.43,1.0,<Residue ARG het=  resseq=232 icode= >,1puf_A_A,1.9
332,0.844,ARG, ,CA,60.72,5.47,0.039,2.10,1.0,<Residue ARG het=  resseq=232 icode= >,1puf_A_A,1.9
333,0.0,ARG, ,C,61.13,6.73,0.0,2.96,1.0,<Residue ARG het=  resseq=232 icode= >,1puf_A_A,1.9
334,0.237,ARG, ,O,61.6,6.85,0.0,1.93,1.0,<Residue ARG het=  resseq=232 icode= >,1puf_A_A,1.9
335,14.539,ARG, ,CB,63.05,5.12,0.0,1.56,1.0,<Residue ARG het=  resseq=232 icode= >,1puf_A_A,1.9
336,14.975,ARG, ,CG,67.88,4.73,0.0,0.16,1.0,<Residue ARG het=  resseq=232 icode= >,1puf_A_A,1.9
337,30.533,ARG, ,CD,71.35,4.38,0.0,0.56,1.0,<Residue ARG het=  resseq=232 icode= >,1puf_A_A,1.9
338,2.466,ARG, ,NE,74.06,3.30,1.053,0.95,1.0,<Residue ARG het=  resseq=232 icode= >,1puf_A_A,1.9
339,8.623,ARG, ,CZ,75.71,3.43,3.3,0.93,1.0,<Residue ARG het=  resseq=232 icode= >,1puf_A_A,1.9
340,59.154,ARG, ,NH1,76.6,3.06,36.159,-0.14,1.0,<Residue ARG het=  resseq=232 icode= >,1puf_A_A,1.9
341,50.505,ARG, ,NH2,76.01,4.44,13.671,0.89,1.0,<Residue ARG het=  resseq=232 icode= >,1puf_A_A,1.9
342,0.0,ASP, ,N,61.8,7.87,0.0,2.33,1.0,<Residue ASP het=  resseq=233 icode= >,1puf_A_A,1.9
343,0.786,ASP, ,CA,62.0,9.15,0.0,1.86,1.0,<Residue ASP het=  resseq=233 icode= >,1puf_A_A,1.9
344,1.222,ASP, ,C,60.23,9.83,0.0,3.13,1.0,<Residue ASP het=  resseq=233 icode= >,1puf_A_A,1.9
345,3.006,ASP, ,O,59.48,10.49,0.0,1.88,1.0,<Residue ASP het=  resseq=233 icode= >,1puf_A_A,1.9
346,27.151,ASP, ,CB,64.82,10.21,0.0,1.08,1.0,<Residue ASP het=  resseq=233 icode= >,1puf_A_A,1.9
347,8.942,ASP, ,CG,67.68,10.00,0.0,1.36,1.0,<Residue ASP het=  resseq=233 icode= >,1puf_A_A,1.9
348,33.475,ASP, ,OD1,68.74,9.82,0.0,0.99,1.0,<Residue ASP het=  resseq=233 icode= >,1puf_A_A,1.9
349,38.594,ASP, ,OD2,69.51,10.24,0.0,1.12,1.0,<Residue ASP het=  resseq=233 icode= >,1puf_A_A,1.9
350,0.469,ARG, ,N,57.44,9.91,0.0,3.23,1.0,<Residue ARG het=  resseq=234 icode= >,1puf_A_A,1.9
351,1.818,ARG, ,CA,56.65,10.78,0.0,3.02,1.0,<Residue ARG het=  resseq=234 icode= >,1puf_A_A,1.9
352,0.0,ARG, ,C,54.15,10.36,0.0,3.12,1.0,<Residue ARG het=  resseq=234 icode= >,1puf_A_A,1.9
353,0.0,ARG, ,O,52.3,11.28,0.0,2.65,1.0,<Residue ARG het=  resseq=234 icode= >,1puf_A_A,1.9
354,0.395,ARG, ,CB,59.41,10.60,0.0,2.14,1.0,<Residue ARG het=  resseq=234 icode= >,1puf_A_A,1.9
355,16.899,ARG, ,CG,63.75,11.59,0.0,1.77,1.0,<Residue ARG het=  resseq=234 icode= >,1puf_A_A,1.9
356,5.771,ARG, ,CD,66.68,12.62,0.0,0.91,1.0,<Residue ARG het=  resseq=234 icode= >,1puf_A_A,1.9
357,5.256,ARG, ,NE,70.54,13.47,0.0,1.07,1.0,<Residue ARG het=  resseq=234 icode= >,1puf_A_A,1.9
358,4.461,ARG, ,CZ,71.41,14.53,0.0,1.40,1.0,<Residue ARG het=  resseq=234 icode= >,1puf_A_A,1.9
359,27.972,ARG, ,NH1,71.93,14.88,0.0,0.83,1.0,<Residue ARG het=  resseq=234 icode= >,1puf_A_A,1.9
360,35.37,ARG, ,NH2,72.89,15.34,0.0,0.65,1.0,<Residue ARG het=  resseq=234 icode= >,1puf_A_A,1.9
361,0.0,ARG, ,N,51.08,9.08,0.0,2.86,1.0,<Residue ARG het=  resseq=235 icode= >,1puf_A_A,1.9
362,0.0,ARG, ,CA,49.74,8.76,0.0,2.44,1.0,<Residue ARG het=  resseq=235 icode= >,1puf_A_A,1.9
363,0.0,ARG, ,C,47.75,9.25,0.0,3.94,1.0,<Residue ARG het=  resseq=235 icode= >,1puf_A_A,1.9
364,0.0,ARG, ,O,46.09,9.99,0.0,2.23,1.0,<Residue ARG het=  resseq=235 icode= >,1puf_A_A,1.9
365,0.0,ARG, ,CB,48.53,7.31,0.0,2.08,1.0,<Residue ARG het=  resseq=235 icode= >,1puf_A_A,1.9
366,0.0,ARG, ,CG,49.25,7.25,0.0,2.09,1.0,<Residue ARG het=  resseq=235 icode= >,1puf_A_A,1.9
367,0.0,ARG, ,CD,51.26,5.99,0.0,2.20,1.0,<Residue ARG het=  resseq=235 icode= >,1puf_A_A,1.9
368,0.0,ARG, ,NE,52.35,4.98,0.0,2.76,1.0,<Residue ARG het=  resseq=235 icode= >,1puf_A_A,1.9
369,2.853,ARG, ,CZ,54.61,3.66,0.457,2.25,1.0,<Residue ARG het=  resseq=235 icode= >,1puf_A_A,1.9
370,24.458,ARG, ,NH1,53.43,3.36,18.522,2.05,1.0,<Residue ARG het=  resseq=235 icode= >,1puf_A_A,1.9
371,21.152,ARG, ,NH2,55.09,3.08,9.042,0.92,1.0,<Residue ARG het=  resseq=235 icode= >,1puf_A_A,1.9
372,0.0,TYR, ,N,48.01,9.01,0.0,2.61,1.0,<Residue TYR het=  resseq=236 icode= >,1puf_A_A,1.9
373,0.477,TYR, ,CA,48.06,9.70,0.0,2.42,1.0,<Residue TYR het=  resseq=236 icode= >,1puf_A_A,1.9
374,1.614,TYR, ,C,47.78,11.19,0.0,3.60,1.0,<Residue TYR het=  resseq=236 icode= >,1puf_A_A,1.9
375,5.428,TYR, ,O,48.76,11.93,0.0,2.25,1.0,<Residue TYR het=  resseq=236 icode= >,1puf_A_A,1.9
376,31.849,TYR, ,CB,48.08,9.51,0.0,1.17,1.0,<Residue TYR het=  resseq=236 icode= >,1puf_A_A,1.9
377,0.337,GLU, ,N,47.72,11.75,0.0,3.17,1.0,<Residue GLU het=  resseq=237 icode= >,1puf_A_A,1.9
378,7.189,GLU, ,CA,46.03,13.21,0.0,2.82,1.0,<Residue GLU het=  resseq=237 icode= >,1puf_A_A,1.9
379,0.136,GLU, ,C,46.46,13.76,0.0,3.10,1.0,<Residue GLU het=  resseq=237 icode= >,1puf_A_A,1.9
380,2.196,GLU, ,O,45.18,14.84,0.0,2.49,1.0,<Residue GLU het=  resseq=237 icode= >,1puf_A_A,1.9
381,43.67,GLU, ,CB,45.37,13.76,0.0,2.01,1.0,<Residue GLU het=  resseq=237 icode= >,1puf_A_A,1.9
382,0.027,VAL, ,N,44.86,13.17,0.0,2.97,1.0,<Residue VAL het=  resseq=238 icode= >,1puf_A_A,1.9
383,0.232,VAL, ,CA,43.75,13.82,0.0,3.46,1.0,<Residue VAL het=  resseq=238 icode= >,1puf_A_A,1.9
384,0.0,VAL, ,C,43.86,12.91,0.0,3.60,1.0,<Residue VAL het=  resseq=238 icode= >,1puf_A_A,1.9
385,0.0,VAL, ,O,43.8,12.56,0.0,2.61,1.0,<Residue VAL het=  resseq=238 icode= >,1puf_A_A,1.9
386,0.0,VAL, ,CB,44.53,12.94,0.0,2.50,1.0,<Residue VAL het=  resseq=238 icode= >,1puf_A_A,1.9
387,2.623,VAL, ,CG1,45.3,12.35,0.0,0.92,1.0,<Residue VAL het=  resseq=238 icode= >,1puf_A_A,1.9
388,5.91,VAL, ,CG2,48.13,12.80,0.0,0.27,1.0,<Residue VAL het=  resseq=238 icode= >,1puf_A_A,1.9
389,0.0,ALA, ,N,43.21,12.48,0.0,3.45,1.0,<Residue ALA het=  resseq=239 icode= >,1puf_A_A,1.9
390,0.0,ALA, ,CA,44.75,11.53,0.0,2.78,1.0,<Residue ALA het=  resseq=239 icode= >,1puf_A_A,1.9
391,0.31,ALA, ,C,45.48,12.16,0.0,3.35,1.0,<Residue ALA het=  resseq=239 icode= >,1puf_A_A,1.9
392,0.071,ALA, ,O,46.8,11.61,0.0,2.86,1.0,<Residue ALA het=  resseq=239 icode= >,1puf_A_A,1.9
393,4.865,ALA, ,CB,43.54,11.47,0.0,1.05,1.0,<Residue ALA het=  resseq=239 icode= >,1puf_A_A,1.9
394,0.855,ARG, ,N,46.46,13.42,0.0,2.61,1.0,<Residue ARG het=  resseq=240 icode= >,1puf_A_A,1.9
395,12.56,ARG, ,CA,47.37,14.31,0.0,2.56,1.0,<Residue ARG het=  resseq=240 icode= >,1puf_A_A,1.9
396,1.842,ARG, ,C,48.43,14.50,0.0,3.21,1.0,<Residue ARG het=  resseq=240 icode= >,1puf_A_A,1.9
397,16.919,ARG, ,O,48.83,14.43,0.0,2.27,1.0,<Residue ARG het=  resseq=240 icode= >,1puf_A_A,1.9
398,49.19,ARG, ,CB,46.48,15.35,0.0,2.36,1.0,<Residue ARG het=  resseq=240 icode= >,1puf_A_A,1.9
399,0.671,LEU, ,N,49.13,14.91,0.0,3.69,1.0,<Residue LEU het=  resseq=241 icode= >,1puf_A_A,1.9
400,12.348,LEU, ,CA,50.11,15.33,0.0,3.65,1.0,<Residue LEU het=  resseq=241 icode= >,1puf_A_A,1.9
401,0.0,LEU, ,C,49.48,14.35,0.0,2.89,1.0,<Residue LEU het=  resseq=241 icode= >,1puf_A_A,1.9
402,23.109,LEU, ,O,49.11,14.86,0.0,2.00,1.0,<Residue LEU het=  resseq=241 icode= >,1puf_A_A,1.9
403,3.055,LEU, ,CB,53.2,15.82,0.0,2.32,1.0,<Residue LEU het=  resseq=241 icode= >,1puf_A_A,1.9
404,13.171,LEU, ,CG,56.53,16.60,0.0,1.52,1.0,<Residue LEU het=  resseq=241 icode= >,1puf_A_A,1.9
405,53.093,LEU, ,CD1,58.33,17.14,0.0,0.38,1.0,<Residue LEU het=  resseq=241 icode= >,1puf_A_A,1.9
406,14.745,LEU, ,CD2,57.35,15.48,0.0,0.34,1.0,<Residue LEU het=  resseq=241 icode= >,1puf_A_A,1.9
407,0.0,LEU, ,N,46.23,13.05,0.0,2.93,1.0,<Residue LEU het=  resseq=242 icode= >,1puf_A_A,1.9
408,3.318,LEU, ,CA,43.22,12.12,0.0,3.05,1.0,<Residue LEU het=  resseq=242 icode= >,1puf_A_A,1.9
409,1.704,LEU, ,C,41.75,11.34,0.0,4.67,1.0,<Residue LEU het=  resseq=242 icode= >,1puf_A_A,1.9
410,4.828,LEU, ,O,40.95,10.65,0.0,3.15,1.0,<Residue LEU het=  resseq=242 icode= >,1puf_A_A,1.9
411,0.0,LEU, ,CB,44.95,11.26,0.0,1.58,1.0,<Residue LEU het=  resseq=242 icode= >,1puf_A_A,1.9
412,0.212,LEU, ,CG,46.65,11.70,0.0,1.90,1.0,<Residue LEU het=  resseq=242 icode= >,1puf_A_A,1.9
413,0.137,LEU, ,CD1,46.25,10.50,0.0,1.13,1.0,<Residue LEU het=  resseq=242 icode= >,1puf_A_A,1.9
414,0.177,LEU, ,CD2,45.66,11.87,0.0,0.84,1.0,<Residue LEU het=  resseq=242 icode= >,1puf_A_A,1.9
415,0.061,ASN, ,N,42.71,11.61,0.0,3.25,1.0,<Residue ASN het=  resseq=243 icode= >,1puf_A_A,1.9
416,3.39,ASN, ,CA,44.13,11.15,0.0,2.14,1.0,<Residue ASN het=  resseq=243 icode= >,1puf_A_A,1.9
417,1.005,ASN, ,C,42.91,9.63,0.0,3.89,1.0,<Residue ASN het=  resseq=243 icode= >,1puf_A_A,1.9
418,14.877,ASN, ,O,43.67,9.03,0.0,3.65,1.0,<Residue ASN het=  resseq=243 icode= >,1puf_A_A,1.9
419,24.074,ASN, ,CB,45.78,11.74,0.0,1.99,1.0,<Residue ASN het=  resseq=243 icode= >,1puf_A_A,1.9
420,6.627,ASN, ,CG,48.08,11.87,0.0,2.54,1.0,<Residue ASN het=  resseq=243 icode= >,1puf_A_A,1.9
421,40.708,ASN, ,OD1,52.29,12.19,0.0,1.61,1.0,<Residue ASN het=  resseq=243 icode= >,1puf_A_A,1.9
422,45.901,ASN, ,ND2,49.64,11.85,0.0,1.80,1.0,<Residue ASN het=  resseq=243 icode= >,1puf_A_A,1.9
423,0.0,LEU, ,N,43.45,9.16,0.0,2.46,1.0,<Residue LEU het=  resseq=244 icode= >,1puf_A_A,1.9
424,1.237,LEU, ,CA,40.26,7.80,0.0,2.81,1.0,<Residue LEU het=  resseq=244 icode= >,1puf_A_A,1.9
425,2.737,LEU, ,C,39.79,8.23,0.0,4.27,1.0,<Residue LEU het=  resseq=244 icode= >,1puf_A_A,1.9
426,6.503,LEU, ,O,39.27,9.41,0.0,4.13,1.0,<Residue LEU het=  resseq=244 icode= >,1puf_A_A,1.9
427,0.0,LEU, ,CB,39.53,7.31,0.0,2.51,1.0,<Residue LEU het=  resseq=244 icode= >,1puf_A_A,1.9
428,0.0,LEU, ,CG,38.12,7.23,0.0,2.99,1.0,<Residue LEU het=  resseq=244 icode= >,1puf_A_A,1.9
429,0.121,LEU, ,CD1,36.88,7.38,0.0,1.40,1.0,<Residue LEU het=  resseq=244 icode= >,1puf_A_A,1.9
430,7.364,LEU, ,CD2,37.62,6.16,0.0,1.98,1.0,<Residue LEU het=  resseq=244 icode= >,1puf_A_A,1.9
431,0.0,THR, ,N,39.3,7.49,0.0,4.07,1.0,<Residue THR het=  resseq=245 icode= >,1puf_A_A,1.9
432,8.202,THR, ,CA,38.85,8.22,0.0,3.64,1.0,<Residue THR het=  resseq=245 icode= >,1puf_A_A,1.9
433,0.0,THR, ,C,41.35,8.43,0.0,3.61,1.0,<Residue THR het=  resseq=245 icode= >,1puf_A_A,1.9
434,0.0,THR, ,O,38.15,7.78,0.0,3.35,1.0,<Residue THR het=  resseq=245 icode= >,1puf_A_A,1.9
435,10.967,THR, ,CB,40.45,7.76,0.0,2.83,1.0,<Residue THR het=  resseq=245 icode= >,1puf_A_A,1.9
436,1.984,THR, ,OG1,35.21,6.59,0.0,3.29,1.0,<Residue THR het=  resseq=245 icode= >,1puf_A_A,1.9
437,57.884,THR, ,CG2,39.43,7.72,0.0,1.32,1.0,<Residue THR het=  resseq=245 icode= >,1puf_A_A,1.9
438,3.467,GLU, ,N,39.02,9.42,0.0,3.63,1.0,<Residue GLU het=  resseq=246 icode= >,1puf_A_A,1.9
439,0.0,GLU, ,CA,40.78,8.29,0.0,2.74,1.0,<Residue GLU het=  resseq=246 icode= >,1puf_A_A,1.9
440,0.636,GLU, ,C,39.05,7.55,0.0,3.90,1.0,<Residue GLU het=  resseq=246 icode= >,1puf_A_A,1.9
441,0.0,GLU, ,O,37.98,7.19,0.0,3.35,1.0,<Residue GLU het=  resseq=246 icode= >,1puf_A_A,1.9
442,8.596,GLU, ,CB,43.33,7.50,0.0,1.55,1.0,<Residue GLU het=  resseq=246 icode= >,1puf_A_A,1.9
443,12.627,GLU, ,CG,50.59,8.41,0.0,1.10,1.0,<Residue GLU het=  resseq=246 icode= >,1puf_A_A,1.9
444,8.75,GLU, ,CD,52.8,7.69,0.0,2.04,1.0,<Residue GLU het=  resseq=246 icode= >,1puf_A_A,1.9
445,34.038,GLU, ,OE1,56.62,7.32,0.0,0.62,1.0,<Residue GLU het=  resseq=246 icode= >,1puf_A_A,1.9
446,13.496,GLU, ,OE2,55.28,7.77,0.0,1.99,1.0,<Residue GLU het=  resseq=246 icode= >,1puf_A_A,1.9
447,3.049,ARG,x,N,38.34,7.66,0.0,3.69,0.5,<Residue ARG het=  resseq=247 icode= >,1puf_A_A,1.9
448,2.876,ARG,x,CA,37.02,7.13,0.0,3.61,0.5,<Residue ARG het=  resseq=247 icode= >,1puf_A_A,1.9
449,0.0,ARG,x,C,35.57,6.87,0.0,4.43,0.5,<Residue ARG het=  resseq=247 icode= >,1puf_A_A,1.9
450,0.0,ARG,x,O,33.01,7.10,0.0,3.84,0.5,<Residue ARG het=  resseq=247 icode= >,1puf_A_A,1.9
451,15.626,ARG,x,CB,37.41,5.99,0.0,3.72,0.5,<Residue ARG het=  resseq=247 icode= >,1puf_A_A,1.9
452,0.586,ARG,x,CG,39.06,5.01,0.0,2.04,0.5,<Residue ARG het=  resseq=247 icode= >,1puf_A_A,1.9
453,34.724,ARG,x,CD,41.57,4.46,0.231,1.90,0.5,<Residue ARG het=  resseq=247 icode= >,1puf_A_A,1.9
454,17.469,ARG,x,NE,43.89,4.08,0.0,0.93,0.5,<Residue ARG het=  resseq=247 icode= >,1puf_A_A,1.9
455,4.482,ARG,x,CZ,44.36,3.13,2.172,1.47,0.5,<Residue ARG het=  resseq=247 icode= >,1puf_A_A,1.9
456,52.483,ARG,x,NH1,43.92,3.23,31.697,1.18,0.5,<Residue ARG het=  resseq=247 icode= >,1puf_A_A,1.9
457,29.885,ARG,x,NH2,45.29,2.25,26.834,0.31,0.5,<Residue ARG het=  resseq=247 icode= >,1puf_A_A,1.9
458,0.0,GLN, ,N,32.19,6.05,0.0,5.11,1.0,<Residue GLN het=  resseq=248 icode= >,1puf_A_A,1.9
459,1.842,GLN, ,CA,31.21,4.99,0.051,4.07,1.0,<Residue GLN het=  resseq=248 icode= >,1puf_A_A,1.9
460,0.0,GLN, ,C,29.31,5.87,0.0,5.19,1.0,<Residue GLN het=  resseq=248 icode= >,1puf_A_A,1.9
461,0.478,GLN, ,O,29.52,5.74,0.0,5.05,1.0,<Residue GLN het=  resseq=248 icode= >,1puf_A_A,1.9
462,0.0,GLN, ,CB,29.75,4.29,0.0,3.84,1.0,<Residue GLN het=  resseq=248 icode= >,1puf_A_A,1.9
463,14.64,GLN, ,CG,31.23,3.44,5.31,3.00,1.0,<Residue GLN het=  resseq=248 icode= >,1puf_A_A,1.9
464,1.485,GLN, ,CD,31.7,3.65,0.0,5.20,1.0,<Residue GLN het=  resseq=248 icode= >,1puf_A_A,1.9
465,4.36,GLN, ,OE1,29.81,4.85,0.0,4.39,1.0,<Residue GLN het=  resseq=248 icode= >,1puf_A_A,1.9
466,9.439,GLN, ,NE2,30.48,2.94,3.172,3.43,1.0,<Residue GLN het=  resseq=248 icode= >,1puf_A_A,1.9
467,0.0,VAL, ,N,28.59,7.04,0.0,5.31,1.0,<Residue VAL het=  resseq=249 icode= >,1puf_A_A,1.9
468,0.067,VAL, ,CA,29.2,8.09,0.0,4.44,1.0,<Residue VAL het=  resseq=249 icode= >,1puf_A_A,1.9
469,0.0,VAL, ,C,28.71,7.63,0.0,5.65,1.0,<Residue VAL het=  resseq=249 icode= >,1puf_A_A,1.9
470,0.0,VAL, ,O,27.81,7.38,0.0,5.10,1.0,<Residue VAL het=  resseq=249 icode= >,1puf_A_A,1.9
471,0.0,VAL, ,CB,29.78,9.29,0.0,3.26,1.0,<Residue VAL het=  resseq=249 icode= >,1puf_A_A,1.9
472,0.0,VAL, ,CG1,31.27,9.23,0.0,2.28,1.0,<Residue VAL het=  resseq=249 icode= >,1puf_A_A,1.9
473,0.0,VAL, ,CG2,31.05,9.08,0.0,1.81,1.0,<Residue VAL het=  resseq=249 icode= >,1puf_A_A,1.9
474,0.0,LYS, ,N,27.9,6.87,0.0,4.72,1.0,<Residue LYS het=  resseq=250 icode= >,1puf_A_A,1.9
475,0.282,LYS, ,CA,28.82,5.40,0.0,4.49,1.0,<Residue LYS het=  resseq=250 icode= >,1puf_A_A,1.9
476,0.0,LYS, ,C,26.69,5.31,0.0,5.94,1.0,<Residue LYS het=  resseq=250 icode= >,1puf_A_A,1.9
477,0.639,LYS, ,O,28.4,4.62,0.419,5.23,1.0,<Residue LYS het=  resseq=250 icode= >,1puf_A_A,1.9
478,0.061,LYS, ,CB,30.09,5.18,0.0,3.60,1.0,<Residue LYS het=  resseq=250 icode= >,1puf_A_A,1.9
479,8.231,LYS, ,CG,33.29,3.90,6.695,2.50,1.0,<Residue LYS het=  resseq=250 icode= >,1puf_A_A,1.9
480,19.109,LYS, ,CD,35.64,3.92,18.762,2.55,1.0,<Residue LYS het=  resseq=250 icode= >,1puf_A_A,1.9
481,7.955,LYS, ,CE,39.61,4.50,0.286,2.92,1.0,<Residue LYS het=  resseq=250 icode= >,1puf_A_A,1.9
482,42.486,LYS, ,NZ,44.13,4.04,11.346,1.44,1.0,<Residue LYS het=  resseq=250 icode= >,1puf_A_A,1.9
483,0.0,ILE,x,N,25.82,6.36,0.0,5.04,0.5,<Residue ILE het=  resseq=251 icode= >,1puf_A_A,1.9
484,0.0,ILE,x,CA,26.13,6.11,0.0,5.00,0.5,<Residue ILE het=  resseq=251 icode= >,1puf_A_A,1.9
485,0.0,ILE,x,C,26.52,5.93,0.0,5.37,0.5,<Residue ILE het=  resseq=251 icode= >,1puf_A_A,1.9
486,0.0,ILE,x,O,25.23,5.51,0.0,5.21,0.5,<Residue ILE het=  resseq=251 icode= >,1puf_A_A,1.9
487,0.0,ILE,x,CB,25.25,4.95,0.0,4.70,0.5,<Residue ILE het=  resseq=251 icode= >,1puf_A_A,1.9
488,4.552,ILE,x,CG1,26.28,4.80,1.921,3.55,0.5,<Residue ILE het=  resseq=251 icode= >,1puf_A_A,1.9
489,28.419,ILE,x,CG2,27.4,3.62,23.869,2.65,0.5,<Residue ILE het=  resseq=251 icode= >,1puf_A_A,1.9
490,21.213,ILE,x,CD1,22.33,4.30,16.837,2.23,0.5,<Residue ILE het=  resseq=251 icode= >,1puf_A_A,1.9
491,0.033,TRP, ,N,24.85,6.64,0.0,5.31,1.0,<Residue TRP het=  resseq=252 icode= >,1puf_A_A,1.9
492,2.784,TRP, ,CA,26.8,6.78,0.0,4.47,1.0,<Residue TRP het=  resseq=252 icode= >,1puf_A_A,1.9
493,0.0,TRP, ,C,25.44,7.39,0.0,5.87,1.0,<Residue TRP het=  resseq=252 icode= >,1puf_A_A,1.9
494,0.299,TRP, ,O,26.36,6.79,0.0,5.07,1.0,<Residue TRP het=  resseq=252 icode= >,1puf_A_A,1.9
495,0.366,TRP, ,CB,25.89,6.36,0.0,3.25,1.0,<Residue TRP het=  resseq=252 icode= >,1puf_A_A,1.9
496,0.0,TRP, ,CG,28.34,5.40,0.0,4.20,1.0,<Residue TRP het=  resseq=252 icode= >,1puf_A_A,1.9
497,11.917,TRP, ,CD1,29.44,4.07,5.977,3.47,1.0,<Residue TRP het=  resseq=252 icode= >,1puf_A_A,1.9
498,0.0,TRP, ,CD2,26.77,5.99,0.0,4.50,1.0,<Residue TRP het=  resseq=252 icode= >,1puf_A_A,1.9
499,15.49,TRP, ,NE1,27.63,3.91,8.11,4.32,1.0,<Residue TRP het=  resseq=252 icode= >,1puf_A_A,1.9
500,1.822,TRP, ,CE2,28.58,5.20,0.0,4.23,1.0,<Residue TRP het=  resseq=252 icode= >,1puf_A_A,1.9
501,0.0,TRP, ,CE3,27.55,7.35,0.0,3.51,1.0,<Residue TRP het=  resseq=252 icode= >,1puf_A_A,1.9
502,7.579,TRP, ,CZ2,28.94,5.99,0.0,3.54,1.0,<Residue TRP het=  resseq=252 icode= >,1puf_A_A,1.9
503,0.0,TRP, ,CZ3,26.57,7.92,0.0,4.29,1.0,<Residue TRP het=  resseq=252 icode= >,1puf_A_A,1.9
504,0.0,TRP, ,CH2,25.21,7.32,0.0,4.30,1.0,<Residue TRP het=  resseq=252 icode= >,1puf_A_A,1.9
505,0.0,PHE, ,N,24.8,7.35,0.0,5.43,1.0,<Residue PHE het=  resseq=253 icode= >,1puf_A_A,1.9
506,0.0,PHE, ,CA,26.61,6.93,0.0,4.52,1.0,<Residue PHE het=  resseq=253 icode= >,1puf_A_A,1.9
507,0.0,PHE, ,C,25.75,6.08,0.0,5.88,1.0,<Residue PHE het=  resseq=253 icode= >,1puf_A_A,1.9
508,0.0,PHE, ,O,26.21,5.78,0.0,5.05,1.0,<Residue PHE het=  resseq=253 icode= >,1puf_A_A,1.9
509,1.613,PHE, ,CB,25.16,6.11,0.0,3.34,1.0,<Residue PHE het=  resseq=253 icode= >,1puf_A_A,1.9
510,0.0,PHE, ,CG,33.7,6.88,0.0,3.22,1.0,<Residue PHE het=  resseq=253 icode= >,1puf_A_A,1.9
511,0.0,PHE, ,CD1,29.92,8.00,0.0,3.70,1.0,<Residue PHE het=  resseq=253 icode= >,1puf_A_A,1.9
512,0.0,PHE, ,CD2,36.74,6.80,0.0,2.28,1.0,<Residue PHE het=  resseq=253 icode= >,1puf_A_A,1.9
513,0.0,PHE, ,CE1,34.8,8.91,0.0,2.93,1.0,<Residue PHE het=  resseq=253 icode= >,1puf_A_A,1.9
514,0.0,PHE, ,CE2,38.84,7.85,0.0,1.71,1.0,<Residue PHE het=  resseq=253 icode= >,1puf_A_A,1.9
515,0.0,PHE, ,CZ,37.1,8.85,0.0,2.01,1.0,<Residue PHE het=  resseq=253 icode= >,1puf_A_A,1.9
516,0.0,GLN, ,N,26.85,5.58,0.0,4.44,1.0,<Residue GLN het=  resseq=254 icode= >,1puf_A_A,1.9
517,0.82,GLN, ,CA,25.34,4.46,0.82,4.21,1.0,<Residue GLN het=  resseq=254 icode= >,1puf_A_A,1.9
518,0.64,GLN, ,C,26.38,5.10,0.0,6.18,1.0,<Residue GLN het=  resseq=254 icode= >,1puf_A_A,1.9
519,1.12,GLN, ,O,26.21,4.72,0.845,5.24,1.0,<Residue GLN het=  resseq=254 icode= >,1puf_A_A,1.9
520,15.024,GLN, ,CB,24.16,4.02,10.872,4.01,1.0,<Residue GLN het=  resseq=254 icode= >,1puf_A_A,1.9
521,5.473,GLN, ,CG,23.98,3.69,5.458,4.81,1.0,<Residue GLN het=  resseq=254 icode= >,1puf_A_A,1.9
522,4.86,GLN, ,CD,25.3,3.39,4.86,5.82,1.0,<Residue GLN het=  resseq=254 icode= >,1puf_A_A,1.9
523,19.083,GLN, ,OE1,28.73,3.57,10.412,5.55,1.0,<Residue GLN het=  resseq=254 icode= >,1puf_A_A,1.9
524,33.312,GLN, ,NE2,31.0,2.78,29.871,2.69,1.0,<Residue GLN het=  resseq=254 icode= >,1puf_A_A,1.9
525,0.0,ASN, ,N,22.35,6.28,0.0,5.62,1.0,<Residue ASN het=  resseq=255 icode= >,1puf_A_A,1.9
526,0.404,ASN, ,CA,24.87,5.14,0.0,4.54,1.0,<Residue ASN het=  resseq=255 icode= >,1puf_A_A,1.9
527,1.224,ASN, ,C,25.71,5.64,0.0,5.88,1.0,<Residue ASN het=  resseq=255 icode= >,1puf_A_A,1.9
528,3.49,ASN, ,O,24.93,5.73,0.0,6.24,1.0,<Residue ASN het=  resseq=255 icode= >,1puf_A_A,1.9
529,20.105,ASN, ,CB,24.7,3.79,12.367,3.82,1.0,<Residue ASN het=  resseq=255 icode= >,1puf_A_A,1.9
530,5.228,ASN, ,CG,28.87,3.58,5.161,5.36,1.0,<Residue ASN het=  resseq=255 icode= >,1puf_A_A,1.9
531,31.843,ASN, ,OD1,29.17,3.04,25.946,5.77,1.0,<Residue ASN het=  resseq=255 icode= >,1puf_A_A,1.9
532,31.845,ASN, ,ND2,24.84,2.88,29.747,4.38,1.0,<Residue ASN het=  resseq=255 icode= >,1puf_A_A,1.9
533,0.453,ARG, ,N,27.76,6.39,0.0,5.11,1.0,<Residue ARG het=  resseq=256 icode= >,1puf_A_A,1.9
534,3.259,ARG, ,CA,29.65,7.25,0.0,4.06,1.0,<Residue ARG het=  resseq=256 icode= >,1puf_A_A,1.9
535,0.0,ARG, ,C,30.1,7.76,0.0,5.52,1.0,<Residue ARG het=  resseq=256 icode= >,1puf_A_A,1.9
536,0.0,ARG, ,O,29.31,8.15,0.0,4.67,1.0,<Residue ARG het=  resseq=256 icode= >,1puf_A_A,1.9
537,0.209,ARG, ,CB,30.79,8.16,0.0,3.42,1.0,<Residue ARG het=  resseq=256 icode= >,1puf_A_A,1.9
538,0.0,ARG, ,CG,30.72,8.56,0.0,2.99,1.0,<Residue ARG het=  resseq=256 icode= >,1puf_A_A,1.9
539,5.591,ARG, ,CD,33.48,7.32,0.0,2.99,1.0,<Residue ARG het=  resseq=256 icode= >,1puf_A_A,1.9
540,2.243,ARG, ,NE,40.03,7.63,0.0,3.10,1.0,<Residue ARG het=  resseq=256 icode= >,1puf_A_A,1.9
541,0.069,ARG, ,CZ,43.24,8.01,0.0,3.12,1.0,<Residue ARG het=  resseq=256 icode= >,1puf_A_A,1.9
542,0.697,ARG, ,NH1,40.3,7.87,0.0,2.84,1.0,<Residue ARG het=  resseq=256 icode= >,1puf_A_A,1.9
543,32.315,ARG, ,NH2,42.86,8.51,0.0,1.58,1.0,<Residue ARG het=  resseq=256 icode= >,1puf_A_A,1.9
544,0.0,ARG, ,N,31.98,6.46,0.0,4.27,1.0,<Residue ARG het=  resseq=257 icode= >,1puf_A_A,1.9
545,0.0,ARG, ,CA,31.17,5.56,0.0,3.68,1.0,<Residue ARG het=  resseq=257 icode= >,1puf_A_A,1.9
546,0.0,ARG, ,C,32.26,5.81,0.0,5.11,1.0,<Residue ARG het=  resseq=257 icode= >,1puf_A_A,1.9
547,2.529,ARG, ,O,31.91,6.00,0.0,4.10,1.0,<Residue ARG het=  resseq=257 icode= >,1puf_A_A,1.9
548,3.997,ARG, ,CB,30.23,4.17,1.894,3.20,1.0,<Residue ARG het=  resseq=257 icode= >,1puf_A_A,1.9
549,0.0,ARG, ,CG,29.3,4.47,0.0,3.60,1.0,<Residue ARG het=  resseq=257 icode= >,1puf_A_A,1.9
550,4.257,ARG, ,CD,28.8,3.53,1.712,3.08,1.0,<Residue ARG het=  resseq=257 icode= >,1puf_A_A,1.9
551,8.112,ARG, ,NE,29.84,2.94,8.112,4.26,1.0,<Residue ARG het=  resseq=257 icode= >,1puf_A_A,1.9
552,0.0,ARG, ,CZ,31.96,3.41,0.0,4.93,1.0,<Residue ARG het=  resseq=257 icode= >,1puf_A_A,1.9
553,2.254,ARG, ,NH1,30.43,4.06,2.055,3.96,1.0,<Residue ARG het=  resseq=257 icode= >,1puf_A_A,1.9
554,24.638,ARG, ,NH2,30.25,2.82,24.542,3.51,1.0,<Residue ARG het=  resseq=257 icode= >,1puf_A_A,1.9
555,0.0,MET, ,N,31.12,6.28,0.0,4.81,1.0,<Residue MET het=  resseq=258 icode= >,1puf_A_A,1.9
556,0.0,MET, ,CA,30.54,6.21,0.0,5.04,1.0,<Residue MET het=  resseq=258 icode= >,1puf_A_A,1.9
557,1.406,MET, ,C,31.87,7.20,0.0,4.66,1.0,<Residue MET het=  resseq=258 icode= >,1puf_A_A,1.9
558,2.211,MET, ,O,31.35,7.01,0.0,4.54,1.0,<Residue MET het=  resseq=258 icode= >,1puf_A_A,1.9
559,18.761,MET, ,CB,30.78,5.85,0.0,3.88,1.0,<Residue MET het=  resseq=258 icode= >,1puf_A_A,1.9
560,19.893,MET, ,CG,32.65,4.54,13.648,1.92,1.0,<Residue MET het=  resseq=258 icode= >,1puf_A_A,1.9
561,22.329,MET, ,SD,30.8,3.72,20.289,8.68,1.0,<Residue MET het=  resseq=258 icode= >,1puf_A_A,1.9
562,39.537,MET, ,CE,29.15,3.55,33.336,2.34,1.0,<Residue MET het=  resseq=258 icode= >,1puf_A_A,1.9
563,0.601,LYS, ,N,28.36,7.11,0.0,4.77,1.0,<Residue LYS het=  resseq=259 icode= >,1puf_A_A,1.9
564,4.437,LYS, ,CA,28.12,6.13,0.0,4.70,1.0,<Residue LYS het=  resseq=259 icode= >,1puf_A_A,1.9
565,0.0,LYS, ,C,30.6,7.07,0.0,5.43,1.0,<Residue LYS het=  resseq=259 icode= >,1puf_A_A,1.9
566,0.0,LYS, ,O,33.89,7.19,0.0,3.80,1.0,<Residue LYS het=  resseq=259 icode= >,1puf_A_A,1.9
567,7.802,LYS, ,CB,29.47,5.02,0.062,3.78,1.0,<Residue LYS het=  resseq=259 icode= >,1puf_A_A,1.9
568,7.977,LYS, ,CG,33.27,4.18,2.759,2.73,1.0,<Residue LYS het=  resseq=259 icode= >,1puf_A_A,1.9
569,15.316,LYS, ,CD,35.38,3.50,8.78,2.83,1.0,<Residue LYS het=  resseq=259 icode= >,1puf_A_A,1.9
570,28.831,LYS, ,CE,37.29,3.39,11.868,2.45,1.0,<Residue LYS het=  resseq=259 icode= >,1puf_A_A,1.9
571,45.493,LYS, ,NZ,40.73,3.03,15.608,2.45,1.0,<Residue LYS het=  resseq=259 icode= >,1puf_A_A,1.9
572,0.0,MET, ,N,31.72,7.97,0.0,4.20,1.0,<Residue MET het=  resseq=260 icode= >,1puf_A_A,1.9
573,1.316,MET, ,CA,34.88,9.07,0.0,3.95,1.0,<Residue MET het=  resseq=260 icode= >,1puf_A_A,1.9
574,0.0,MET, ,C,36.16,8.79,0.0,4.03,1.0,<Residue MET het=  resseq=260 icode= >,1puf_A_A,1.9
575,0.023,MET, ,O,36.1,9.46,0.0,3.63,1.0,<Residue MET het=  resseq=260 icode= >,1puf_A_A,1.9
576,0.0,MET, ,CB,35.66,8.69,0.0,3.61,1.0,<Residue MET het=  resseq=260 icode= >,1puf_A_A,1.9
577,11.881,MET, ,CG,39.03,9.21,0.0,2.56,1.0,<Residue MET het=  resseq=260 icode= >,1puf_A_A,1.9
578,17.391,MET, ,SD,43.24,8.76,0.0,6.43,1.0,<Residue MET het=  resseq=260 icode= >,1puf_A_A,1.9
579,38.721,MET, ,CE,45.05,7.12,0.0,1.07,1.0,<Residue MET het=  resseq=260 icode= >,1puf_A_A,1.9
580,0.037,LYS, ,N,34.34,7.49,0.0,4.23,1.0,<Residue LYS het=  resseq=261 icode= >,1puf_A_A,1.9
581,7.197,LYS, ,CA,36.95,6.76,0.0,3.46,1.0,<Residue LYS het=  resseq=261 icode= >,1puf_A_A,1.9
582,0.0,LYS, ,C,36.96,7.53,0.0,4.37,1.0,<Residue LYS het=  resseq=261 icode= >,1puf_A_A,1.9
583,0.737,LYS, ,O,36.6,8.11,0.0,3.43,1.0,<Residue LYS het=  resseq=261 icode= >,1puf_A_A,1.9
584,6.868,LYS, ,CB,37.61,5.25,0.0,2.21,1.0,<Residue LYS het=  resseq=261 icode= >,1puf_A_A,1.9
585,21.11,LYS, ,CG,37.15,4.73,0.0,2.35,1.0,<Residue LYS het=  resseq=261 icode= >,1puf_A_A,1.9
586,32.534,LYS, ,CD,38.77,3.29,9.379,2.16,1.0,<Residue LYS het=  resseq=261 icode= >,1puf_A_A,1.9
587,18.028,LYS, ,CE,38.1,3.38,0.0,1.88,1.0,<Residue LYS het=  resseq=261 icode= >,1puf_A_A,1.9
588,38.056,LYS, ,NZ,37.96,2.77,29.932,1.98,1.0,<Residue LYS het=  resseq=261 icode= >,1puf_A_A,1.9
589,0.0,LYS, ,N,37.16,7.89,0.0,4.59,1.0,<Residue LYS het=  resseq=262 icode= >,1puf_A_A,1.9
590,5.143,LYS, ,CA,39.31,8.04,0.0,3.74,1.0,<Residue LYS het=  resseq=262 icode= >,1puf_A_A,1.9
591,0.05,LYS, ,C,41.08,7.78,0.0,3.38,1.0,<Residue LYS het=  resseq=262 icode= >,1puf_A_A,1.9
592,1.694,LYS, ,O,40.88,7.71,0.126,2.75,1.0,<Residue LYS het=  resseq=262 icode= >,1puf_A_A,1.9
593,6.034,LYS, ,CB,39.98,6.90,0.0,2.21,1.0,<Residue LYS het=  resseq=262 icode= >,1puf_A_A,1.9
594,14.38,LYS, ,CG,44.21,5.78,6.354,2.34,1.0,<Residue LYS het=  resseq=262 icode= >,1puf_A_A,1.9
595,27.319,LYS, ,CD,47.04,4.68,6.042,1.25,1.0,<Residue LYS het=  resseq=262 icode= >,1puf_A_A,1.9
596,49.961,LYS, ,CE,51.73,4.30,38.726,0.72,1.0,<Residue LYS het=  resseq=262 icode= >,1puf_A_A,1.9
597,42.57,LYS, ,NZ,52.78,5.71,13.996,0.33,1.0,<Residue LYS het=  resseq=262 icode= >,1puf_A_A,1.9
598,0.0,ILE, ,N,42.23,7.97,0.0,2.88,1.0,<Residue ILE het=  resseq=263 icode= >,1puf_A_A,1.9
599,1.426,ILE, ,CA,43.43,8.14,0.0,3.30,1.0,<Residue ILE het=  resseq=263 icode= >,1puf_A_A,1.9
600,0.0,ILE, ,C,44.57,9.40,0.0,3.50,1.0,<Residue ILE het=  resseq=263 icode= >,1puf_A_A,1.9
601,0.0,ILE, ,O,44.83,9.56,0.0,1.95,1.0,<Residue ILE het=  resseq=263 icode= >,1puf_A_A,1.9
602,0.274,ILE, ,CB,43.3,8.22,0.0,3.02,1.0,<Residue ILE het=  resseq=263 icode= >,1puf_A_A,1.9
603,17.373,ILE, ,CG1,45.92,6.92,0.0,2.28,1.0,<Residue ILE het=  resseq=263 icode= >,1puf_A_A,1.9
604,27.648,ILE, ,CG2,44.66,8.77,0.0,1.56,1.0,<Residue ILE het=  resseq=263 icode= >,1puf_A_A,1.9
605,34.053,ILE, ,CD1,46.82,7.05,0.0,1.06,1.0,<Residue ILE het=  resseq=263 icode= >,1puf_A_A,1.9
606,0.0,ASN, ,N,44.86,10.46,0.0,3.45,1.0,<Residue ASN het=  resseq=264 icode= >,1puf_A_A,1.9
607,0.092,ASN, ,CA,47.32,11.37,0.0,2.75,1.0,<Residue ASN het=  resseq=264 icode= >,1puf_A_A,1.9
608,1.373,ASN, ,C,49.01,11.32,0.0,3.14,1.0,<Residue ASN het=  resseq=264 icode= >,1puf_A_A,1.9
609,2.549,ASN, ,O,48.42,12.15,0.0,2.49,1.0,<Residue ASN het=  resseq=264 icode= >,1puf_A_A,1.9
610,21.284,ASN, ,CB,48.9,10.64,0.0,1.91,1.0,<Residue ASN het=  resseq=264 icode= >,1puf_A_A,1.9
611,5.439,ASN, ,CG,49.44,11.45,0.0,2.78,1.0,<Residue ASN het=  resseq=264 icode= >,1puf_A_A,1.9
612,26.197,ASN, ,OD1,47.21,11.12,0.0,3.15,1.0,<Residue ASN het=  resseq=264 icode= >,1puf_A_A,1.9
613,26.503,ASN, ,ND2,51.86,12.68,0.0,0.93,1.0,<Residue ASN het=  resseq=264 icode= >,1puf_A_A,1.9
614,0.598,LYS, ,N,49.64,10.56,0.0,2.60,1.0,<Residue LYS het=  resseq=265 icode= >,1puf_A_A,1.9
615,10.177,LYS, ,CA,51.39,10.76,0.0,2.16,1.0,<Residue LYS het=  resseq=265 icode= >,1puf_A_A,1.9
616,1.075,LYS, ,C,52.48,10.77,0.0,3.17,1.0,<Residue LYS het=  resseq=265 icode= >,1puf_A_A,1.9
617,15.218,LYS, ,O,50.75,11.45,0.0,2.40,1.0,<Residue LYS het=  resseq=265 icode= >,1puf_A_A,1.9
618,47.974,LYS, ,CB,51.43,9.75,0.0,1.36,1.0,<Residue LYS het=  resseq=265 icode= >,1puf_A_A,1.9
619,0.227,ASP, ,N,54.0,9.65,0.0,2.77,1.0,<Residue ASP het=  resseq=266 icode= >,1puf_A_A,1.9
620,12.339,ASP, ,CA,57.03,9.20,0.0,2.93,1.0,<Residue ASP het=  resseq=266 icode= >,1puf_A_A,1.9
621,0.505,ASP, ,C,59.96,10.29,0.0,2.11,1.0,<Residue ASP het=  resseq=266 icode= >,1puf_A_A,1.9
622,27.799,ASP, ,O,59.55,10.55,0.0,1.41,1.0,<Residue ASP het=  resseq=266 icode= >,1puf_A_A,1.9
623,43.321,ASP, ,CB,56.6,7.84,0.0,1.32,1.0,<Residue ASP het=  resseq=266 icode= >,1puf_A_A,1.9
624,0.0,ARG, ,N,62.04,11.12,0.0,2.11,1.0,<Residue ARG het=  resseq=267 icode= >,1puf_A_A,1.9
625,5.441,ARG, ,CA,66.02,12.20,0.0,1.73,1.0,<Residue ARG het=  resseq=267 icode= >,1puf_A_A,1.9
626,0.375,ARG, ,C,68.17,13.58,0.0,2.17,1.0,<Residue ARG het=  resseq=267 icode= >,1puf_A_A,1.9
627,21.264,ARG, ,O,68.74,14.33,0.0,1.12,1.0,<Residue ARG het=  resseq=267 icode= >,1puf_A_A,1.9
628,3.39,ARG, ,CB,65.27,12.32,0.0,1.91,1.0,<Residue ARG het=  resseq=267 icode= >,1puf_A_A,1.9
629,14.683,ARG, ,CG,66.63,11.14,0.0,0.82,1.0,<Residue ARG het=  resseq=267 icode= >,1puf_A_A,1.9
630,13.108,ARG, ,CD,66.37,11.64,0.0,1.18,1.0,<Residue ARG het=  resseq=267 icode= >,1puf_A_A,1.9
631,20.518,ARG, ,NE,66.87,12.35,0.0,1.28,1.0,<Residue ARG het=  resseq=267 icode= >,1puf_A_A,1.9
632,7.438,ARG, ,CZ,66.15,13.48,0.0,2.31,1.0,<Residue ARG het=  resseq=267 icode= >,1puf_A_A,1.9
633,31.047,ARG, ,NH1,66.82,14.02,0.0,1.21,1.0,<Residue ARG het=  resseq=267 icode= >,1puf_A_A,1.9
634,59.122,ARG, ,NH2,64.43,14.17,0.0,1.90,1.0,<Residue ARG het=  resseq=267 icode= >,1puf_A_A,1.9
635,0.04,ALA, ,N,71.04,13.95,0.0,1.65,1.0,<Residue ALA het=  resseq=268 icode= >,1puf_A_A,1.9
636,11.999,ALA, ,CA,73.46,15.27,0.0,1.80,1.0,<Residue ALA het=  resseq=268 icode= >,1puf_A_A,1.9
637,1.812,ALA, ,C,74.98,15.41,0.0,2.47,1.0,<Residue ALA het=  resseq=268 icode= >,1puf_A_A,1.9
638,18.686,ALA, ,O,75.87,14.96,0.0,0.64,1.0,<Residue ALA het=  resseq=268 icode= >,1puf_A_A,1.9
639,54.349,ALA, ,CB,73.59,14.35,0.0,0.48,1.0,<Residue ALA het=  resseq=268 icode= >,1puf_A_A,1.9
640,3.085,LYS, ,N,76.39,15.25,0.0,2.17,1.0,<Residue LYS het=  resseq=269 icode= >,1puf_A_A,1.9
641,8.636,LYS, ,CA,78.27,15.56,0.0,0.83,1.0,<Residue LYS het=  resseq=269 icode= >,1puf_A_A,1.9
642,29.178,LYS, ,C,78.81,16.94,0.0,1.25,1.0,<Residue LYS het=  resseq=269 icode= >,1puf_A_A,1.9
643,38.872,LYS, ,O,79.21,16.37,0.0,1.16,1.0,<Residue LYS het=  resseq=269 icode= >,1puf_A_A,1.9
644,65.067,LYS, ,CB,78.24,14.98,0.0,0.72,1.0,<Residue LYS het=  resseq=269 icode= >,1puf_A_A,1.9
