,ASA,aa,altloc,atom,bfac,d2r,dASA,dens,occ,residue,id,resolu
0,51.111,SER, ,N,56.63,5.23,4.199,1.12,1.0,<Residue SER het=  resseq=30 icode= >,1pyi_A_A,3.2
1,13.118,SER, ,CA,56.46,5.16,0.0,0.81,1.0,<Residue SER het=  resseq=30 icode= >,1pyi_A_A,3.2
2,3.877,SER, ,C,56.36,4.14,0.0,1.47,1.0,<Residue SER het=  resseq=30 icode= >,1pyi_A_A,3.2
3,22.023,SER, ,O,58.46,2.95,18.83,0.39,1.0,<Residue SER het=  resseq=30 icode= >,1pyi_A_A,3.2
4,12.058,SER, ,CB,55.81,5.42,0.0,0.22,1.0,<Residue SER het=  resseq=30 icode= >,1pyi_A_A,3.2
5,14.767,SER, ,OG,53.35,4.27,13.312,0.75,1.0,<Residue SER het=  resseq=30 icode= >,1pyi_A_A,3.2
6,10.713,ARG, ,N,54.69,4.85,0.947,1.55,1.0,<Residue ARG het=  resseq=31 icode= >,1pyi_A_A,3.2
7,1.943,ARG, ,CA,53.3,3.99,1.704,1.52,1.0,<Residue ARG het=  resseq=31 icode= >,1pyi_A_A,3.2
8,4.303,ARG, ,C,50.28,3.59,1.598,1.74,1.0,<Residue ARG het=  resseq=31 icode= >,1pyi_A_A,3.2
9,6.206,ARG, ,O,49.17,3.40,1.492,1.34,1.0,<Residue ARG het=  resseq=31 icode= >,1pyi_A_A,3.2
10,29.634,ARG, ,CB,55.51,4.87,10.699,1.33,1.0,<Residue ARG het=  resseq=31 icode= >,1pyi_A_A,3.2
11,34.228,ARG, ,CG,58.15,4.60,20.866,1.87,1.0,<Residue ARG het=  resseq=31 icode= >,1pyi_A_A,3.2
12,34.8,ARG, ,CD,59.78,4.54,19.992,1.10,1.0,<Residue ARG het=  resseq=31 icode= >,1pyi_A_A,3.2
13,5.761,ARG, ,NE,62.06,4.08,4.907,0.93,1.0,<Residue ARG het=  resseq=31 icode= >,1pyi_A_A,3.2
14,5.394,ARG, ,CZ,62.76,4.21,4.396,1.23,1.0,<Residue ARG het=  resseq=31 icode= >,1pyi_A_A,3.2
15,42.718,ARG, ,NH1,62.41,3.59,40.014,1.62,1.0,<Residue ARG het=  resseq=31 icode= >,1pyi_A_A,3.2
16,10.631,ARG, ,NH2,62.99,4.47,7.401,0.84,1.0,<Residue ARG het=  resseq=31 icode= >,1pyi_A_A,3.2
17,0.278,THR, ,N,45.92,4.13,0.0,2.77,1.0,<Residue THR het=  resseq=32 icode= >,1pyi_A_A,3.2
18,1.602,THR, ,CA,43.55,4.51,0.0,2.30,1.0,<Residue THR het=  resseq=32 icode= >,1pyi_A_A,3.2
19,0.0,THR, ,C,38.56,4.27,0.0,2.54,1.0,<Residue THR het=  resseq=32 icode= >,1pyi_A_A,3.2
20,0.0,THR, ,O,37.46,4.84,0.0,1.24,1.0,<Residue THR het=  resseq=32 icode= >,1pyi_A_A,3.2
21,0.0,THR, ,CB,46.85,6.05,0.0,0.99,1.0,<Residue THR het=  resseq=32 icode= >,1pyi_A_A,3.2
22,9.344,THR, ,OG1,49.31,6.58,0.0,0.70,1.0,<Residue THR het=  resseq=32 icode= >,1pyi_A_A,3.2
23,40.777,THR, ,CG2,47.82,6.93,0.0,1.28,1.0,<Residue THR het=  resseq=32 icode= >,1pyi_A_A,3.2
24,0.474,ALA, ,N,32.32,4.01,0.0,2.99,1.0,<Residue ALA het=  resseq=33 icode= >,1pyi_A_A,3.2
25,0.0,ALA, ,CA,29.11,4.41,0.0,2.87,1.0,<Residue ALA het=  resseq=33 icode= >,1pyi_A_A,3.2
26,0.0,ALA, ,C,28.28,5.11,0.0,2.72,1.0,<Residue ALA het=  resseq=33 icode= >,1pyi_A_A,3.2
27,0.096,ALA, ,O,28.27,4.70,0.0,0.81,1.0,<Residue ALA het=  resseq=33 icode= >,1pyi_A_A,3.2
28,24.259,ALA, ,CB,30.54,3.44,22.782,0.49,1.0,<Residue ALA het=  resseq=33 icode= >,1pyi_A_A,3.2
29,0.0,CYS, ,N,26.57,6.41,0.0,1.98,1.0,<Residue CYS het=  resseq=34 icode= >,1pyi_A_A,3.2
30,0.0,CYS, ,CA,25.83,7.48,0.0,2.75,1.0,<Residue CYS het=  resseq=34 icode= >,1pyi_A_A,3.2
31,0.0,CYS, ,C,25.62,7.46,0.0,3.10,1.0,<Residue CYS het=  resseq=34 icode= >,1pyi_A_A,3.2
32,0.0,CYS, ,O,26.09,7.08,0.0,1.31,1.0,<Residue CYS het=  resseq=34 icode= >,1pyi_A_A,3.2
33,0.0,CYS, ,CB,26.63,8.81,0.0,0.76,1.0,<Residue CYS het=  resseq=34 icode= >,1pyi_A_A,3.2
34,0.139,CYS, ,SG,30.0,8.86,0.0,2.75,1.0,<Residue CYS het=  resseq=34 icode= >,1pyi_A_A,3.2
35,0.0,LYS, ,N,25.83,8.12,0.0,2.27,1.0,<Residue LYS het=  resseq=35 icode= >,1pyi_A_A,3.2
36,0.412,LYS, ,CA,27.68,8.36,0.0,2.76,1.0,<Residue LYS het=  resseq=35 icode= >,1pyi_A_A,3.2
37,1.257,LYS, ,C,27.6,8.61,0.0,3.20,1.0,<Residue LYS het=  resseq=35 icode= >,1pyi_A_A,3.2
38,6.456,LYS, ,O,27.77,8.46,0.0,1.91,1.0,<Residue LYS het=  resseq=35 icode= >,1pyi_A_A,3.2
39,9.746,LYS, ,CB,31.33,9.64,0.0,0.83,1.0,<Residue LYS het=  resseq=35 icode= >,1pyi_A_A,3.2
40,0.0,LYS, ,CG,33.98,9.69,0.0,2.29,1.0,<Residue LYS het=  resseq=35 icode= >,1pyi_A_A,3.2
41,3.68,LYS, ,CD,36.23,11.00,0.0,1.89,1.0,<Residue LYS het=  resseq=35 icode= >,1pyi_A_A,3.2
42,24.954,LYS, ,CE,39.63,10.95,0.0,1.48,1.0,<Residue LYS het=  resseq=35 icode= >,1pyi_A_A,3.2
43,37.262,LYS, ,NZ,41.74,11.80,0.0,0.58,1.0,<Residue LYS het=  resseq=35 icode= >,1pyi_A_A,3.2
44,2.237,ARG, ,N,29.18,9.22,0.0,1.77,1.0,<Residue ARG het=  resseq=36 icode= >,1pyi_A_A,3.2
45,7.202,ARG, ,CA,30.93,9.60,0.0,1.35,1.0,<Residue ARG het=  resseq=36 icode= >,1pyi_A_A,3.2
46,0.0,ARG, ,C,28.97,8.79,0.0,2.67,1.0,<Residue ARG het=  resseq=36 icode= >,1pyi_A_A,3.2
47,0.0,ARG, ,O,27.97,8.11,0.0,1.03,1.0,<Residue ARG het=  resseq=36 icode= >,1pyi_A_A,3.2
48,6.296,ARG, ,CB,33.66,9.52,0.0,0.75,1.0,<Residue ARG het=  resseq=36 icode= >,1pyi_A_A,3.2
49,8.84,ARG, ,CG,35.76,8.33,0.0,1.02,1.0,<Residue ARG het=  resseq=36 icode= >,1pyi_A_A,3.2
50,0.075,ARG, ,CD,37.07,8.17,0.0,1.75,1.0,<Residue ARG het=  resseq=36 icode= >,1pyi_A_A,3.2
51,0.0,ARG, ,NE,37.71,6.85,0.0,2.16,1.0,<Residue ARG het=  resseq=36 icode= >,1pyi_A_A,3.2
52,0.0,ARG, ,CZ,38.44,6.28,0.0,2.24,1.0,<Residue ARG het=  resseq=36 icode= >,1pyi_A_A,3.2
53,26.079,ARG, ,NH1,37.21,7.04,0.0,1.66,1.0,<Residue ARG het=  resseq=36 icode= >,1pyi_A_A,3.2
54,20.492,ARG, ,NH2,38.92,5.21,5.338,1.22,1.0,<Residue ARG het=  resseq=36 icode= >,1pyi_A_A,3.2
55,0.0,CYS, ,N,26.8,8.25,0.0,2.27,1.0,<Residue CYS het=  resseq=37 icode= >,1pyi_A_A,3.2
56,0.0,CYS, ,CA,27.38,7.04,0.0,2.41,1.0,<Residue CYS het=  resseq=37 icode= >,1pyi_A_A,3.2
57,0.084,CYS, ,C,26.56,6.11,0.0,2.90,1.0,<Residue CYS het=  resseq=37 icode= >,1pyi_A_A,3.2
58,0.0,CYS, ,O,27.45,5.38,0.0,1.34,1.0,<Residue CYS het=  resseq=37 icode= >,1pyi_A_A,3.2
59,0.274,CYS, ,CB,27.83,5.93,0.0,1.20,1.0,<Residue CYS het=  resseq=37 icode= >,1pyi_A_A,3.2
60,0.855,CYS, ,SG,27.86,6.68,0.0,3.59,1.0,<Residue CYS het=  resseq=37 icode= >,1pyi_A_A,3.2
61,0.079,ARG, ,N,25.66,5.72,0.0,2.65,1.0,<Residue ARG het=  resseq=38 icode= >,1pyi_A_A,3.2
62,5.611,ARG, ,CA,26.44,4.93,2.945,2.71,1.0,<Residue ARG het=  resseq=38 icode= >,1pyi_A_A,3.2
63,1.857,ARG, ,C,25.29,5.44,0.0,2.48,1.0,<Residue ARG het=  resseq=38 icode= >,1pyi_A_A,3.2
64,6.526,ARG, ,O,27.1,4.63,1.899,0.97,1.0,<Residue ARG het=  resseq=38 icode= >,1pyi_A_A,3.2
65,4.462,ARG, ,CB,28.84,4.27,0.0,1.07,1.0,<Residue ARG het=  resseq=38 icode= >,1pyi_A_A,3.2
66,24.61,ARG, ,CG,30.6,2.93,17.104,1.28,1.0,<Residue ARG het=  resseq=38 icode= >,1pyi_A_A,3.2
67,36.225,ARG, ,CD,28.88,3.19,20.529,2.18,1.0,<Residue ARG het=  resseq=38 icode= >,1pyi_A_A,3.2
68,6.996,ARG, ,NE,28.21,3.22,6.996,2.84,1.0,<Residue ARG het=  resseq=38 icode= >,1pyi_A_A,3.2
69,0.263,ARG, ,CZ,30.69,4.45,0.263,2.59,1.0,<Residue ARG het=  resseq=38 icode= >,1pyi_A_A,3.2
70,12.164,ARG, ,NH1,30.36,5.40,0.711,1.47,1.0,<Residue ARG het=  resseq=38 icode= >,1pyi_A_A,3.2
71,2.774,ARG, ,NH2,31.89,4.91,0.028,1.15,1.0,<Residue ARG het=  resseq=38 icode= >,1pyi_A_A,3.2
72,0.675,LEU, ,N,21.66,6.71,0.0,2.27,1.0,<Residue LEU het=  resseq=39 icode= >,1pyi_A_A,3.2
73,5.225,LEU, ,CA,18.73,7.21,0.0,3.22,1.0,<Residue LEU het=  resseq=39 icode= >,1pyi_A_A,3.2
74,0.568,LEU, ,C,18.4,5.74,0.0,3.37,1.0,<Residue LEU het=  resseq=39 icode= >,1pyi_A_A,3.2
75,10.622,LEU, ,O,17.49,4.92,1.468,2.45,1.0,<Residue LEU het=  resseq=39 icode= >,1pyi_A_A,3.2
76,0.041,LEU, ,CB,17.2,7.33,0.0,1.64,1.0,<Residue LEU het=  resseq=39 icode= >,1pyi_A_A,3.2
77,12.843,LEU, ,CG,16.95,7.71,0.0,2.27,1.0,<Residue LEU het=  resseq=39 icode= >,1pyi_A_A,3.2
78,53.521,LEU, ,CD1,15.87,7.41,0.0,1.55,1.0,<Residue LEU het=  resseq=39 icode= >,1pyi_A_A,3.2
79,50.02,LEU, ,CD2,18.05,7.29,0.0,0.68,1.0,<Residue LEU het=  resseq=39 icode= >,1pyi_A_A,3.2
80,0.0,LYS, ,N,18.23,5.72,0.0,1.79,1.0,<Residue LYS het=  resseq=40 icode= >,1pyi_A_A,3.2
81,6.943,LYS, ,CA,18.93,4.70,5.918,2.53,1.0,<Residue LYS het=  resseq=40 icode= >,1pyi_A_A,3.2
82,0.208,LYS, ,C,15.3,3.59,0.208,3.61,1.0,<Residue LYS het=  resseq=40 icode= >,1pyi_A_A,3.2
83,16.67,LYS, ,O,13.99,2.40,16.67,2.39,1.0,<Residue LYS het=  resseq=40 icode= >,1pyi_A_A,3.2
84,2.205,LYS, ,CB,23.88,4.30,2.205,1.43,1.0,<Residue LYS het=  resseq=40 icode= >,1pyi_A_A,3.2
85,0.461,LYS, ,CG,29.25,4.65,0.461,0.54,1.0,<Residue LYS het=  resseq=40 icode= >,1pyi_A_A,3.2
86,15.487,LYS, ,CD,34.05,3.78,14.212,0.92,1.0,<Residue LYS het=  resseq=40 icode= >,1pyi_A_A,3.2
87,14.907,LYS, ,CE,35.47,4.25,0.238,1.21,1.0,<Residue LYS het=  resseq=40 icode= >,1pyi_A_A,3.2
88,42.321,LYS, ,NZ,37.66,3.53,14.478,0.87,1.0,<Residue LYS het=  resseq=40 icode= >,1pyi_A_A,3.2
89,0.0,LYS, ,N,11.39,4.34,0.0,3.69,1.0,<Residue LYS het=  resseq=41 icode= >,1pyi_A_A,3.2
90,6.579,LYS, ,CA,12.63,3.46,6.579,2.90,1.0,<Residue LYS het=  resseq=41 icode= >,1pyi_A_A,3.2
91,4.329,LYS, ,C,14.27,3.52,4.329,3.43,1.0,<Residue LYS het=  resseq=41 icode= >,1pyi_A_A,3.2
92,21.935,LYS, ,O,17.38,2.58,21.935,2.02,1.0,<Residue LYS het=  resseq=41 icode= >,1pyi_A_A,3.2
93,14.046,LYS, ,CB,11.99,3.43,14.046,3.18,1.0,<Residue LYS het=  resseq=41 icode= >,1pyi_A_A,3.2
94,5.979,LYS, ,CG,12.45,3.90,5.134,1.47,1.0,<Residue LYS het=  resseq=41 icode= >,1pyi_A_A,3.2
95,30.706,LYS, ,CD,12.08,3.28,30.687,1.80,1.0,<Residue LYS het=  resseq=41 icode= >,1pyi_A_A,3.2
96,43.698,LYS, ,CE,10.87,3.67,13.868,2.68,1.0,<Residue LYS het=  resseq=41 icode= >,1pyi_A_A,3.2
97,48.498,LYS, ,NZ,10.41,2.73,41.904,2.28,1.0,<Residue LYS het=  resseq=41 icode= >,1pyi_A_A,3.2
98,0.166,ILE, ,N,15.95,4.04,0.165,2.07,1.0,<Residue ILE het=  resseq=42 icode= >,1pyi_A_A,3.2
99,8.056,ILE, ,CA,19.55,4.06,6.542,2.50,1.0,<Residue ILE het=  resseq=42 icode= >,1pyi_A_A,3.2
100,3.527,ILE, ,C,22.21,3.68,3.527,3.62,1.0,<Residue ILE het=  resseq=42 icode= >,1pyi_A_A,3.2
101,9.702,ILE, ,O,22.52,3.79,7.816,1.59,1.0,<Residue ILE het=  resseq=42 icode= >,1pyi_A_A,3.2
102,5.95,ILE, ,CB,19.91,5.26,0.005,2.12,1.0,<Residue ILE het=  resseq=42 icode= >,1pyi_A_A,3.2
103,0.171,ILE, ,CG1,20.36,6.01,0.0,1.23,1.0,<Residue ILE het=  resseq=42 icode= >,1pyi_A_A,3.2
104,21.026,ILE, ,CG2,19.02,4.14,18.339,0.81,1.0,<Residue ILE het=  resseq=42 icode= >,1pyi_A_A,3.2
105,6.004,ILE, ,CD1,19.02,5.43,1.657,0.75,1.0,<Residue ILE het=  resseq=42 icode= >,1pyi_A_A,3.2
106,4.824,LYS, ,N,27.01,3.68,3.79,2.82,1.0,<Residue LYS het=  resseq=43 icode= >,1pyi_A_A,3.2
107,6.084,LYS, ,CA,31.97,3.31,6.084,3.04,1.0,<Residue LYS het=  resseq=43 icode= >,1pyi_A_A,3.2
108,1.408,LYS, ,C,33.69,3.59,0.727,2.12,1.0,<Residue LYS het=  resseq=43 icode= >,1pyi_A_A,3.2
109,1.613,LYS, ,O,36.57,4.36,0.188,0.90,1.0,<Residue LYS het=  resseq=43 icode= >,1pyi_A_A,3.2
110,31.787,LYS, ,CB,35.14,3.39,31.142,2.01,1.0,<Residue LYS het=  resseq=43 icode= >,1pyi_A_A,3.2
111,5.008,LYS, ,CG,41.59,3.60,4.617,1.40,1.0,<Residue LYS het=  resseq=43 icode= >,1pyi_A_A,3.2
112,35.314,LYS, ,CD,47.95,3.52,18.405,0.63,1.0,<Residue LYS het=  resseq=43 icode= >,1pyi_A_A,3.2
113,38.849,LYS, ,CE,52.59,4.26,1.341,-0.77,1.0,<Residue LYS het=  resseq=43 icode= >,1pyi_A_A,3.2
114,25.047,LYS, ,NZ,55.3,4.17,3.306,0.32,1.0,<Residue LYS het=  resseq=43 icode= >,1pyi_A_A,3.2
115,3.422,CYS, ,N,34.06,3.35,3.422,0.18,1.0,<Residue CYS het=  resseq=44 icode= >,1pyi_A_A,3.2
116,0.436,CYS, ,CA,31.74,4.26,0.0,1.74,1.0,<Residue CYS het=  resseq=44 icode= >,1pyi_A_A,3.2
117,0.0,CYS, ,C,33.56,4.89,0.0,2.45,1.0,<Residue CYS het=  resseq=44 icode= >,1pyi_A_A,3.2
118,11.612,CYS, ,O,33.03,4.61,4.233,2.17,1.0,<Residue CYS het=  resseq=44 icode= >,1pyi_A_A,3.2
119,1.062,CYS, ,CB,28.73,4.33,1.062,1.48,1.0,<Residue CYS het=  resseq=44 icode= >,1pyi_A_A,3.2
120,0.0,CYS, ,SG,26.53,6.05,0.0,3.36,1.0,<Residue CYS het=  resseq=44 icode= >,1pyi_A_A,3.2
121,0.212,ASP, ,N,37.18,6.16,0.0,0.22,1.0,<Residue ASP het=  resseq=45 icode= >,1pyi_A_A,3.2
122,3.489,ASP, ,CA,40.61,7.11,0.0,1.62,1.0,<Residue ASP het=  resseq=45 icode= >,1pyi_A_A,3.2
123,0.416,ASP, ,C,40.53,8.01,0.0,2.03,1.0,<Residue ASP het=  resseq=45 icode= >,1pyi_A_A,3.2
124,0.0,ASP, ,O,38.53,9.19,0.0,0.98,1.0,<Residue ASP het=  resseq=45 icode= >,1pyi_A_A,3.2
125,1.325,ASP, ,CB,44.3,8.10,0.0,1.38,1.0,<Residue ASP het=  resseq=45 icode= >,1pyi_A_A,3.2
126,5.974,ASP, ,CG,48.57,7.59,0.0,0.66,1.0,<Residue ASP het=  resseq=45 icode= >,1pyi_A_A,3.2
127,23.071,ASP, ,OD1,50.28,6.85,0.0,0.27,1.0,<Residue ASP het=  resseq=45 icode= >,1pyi_A_A,3.2
128,4.836,ASP, ,OD2,50.33,7.94,0.0,0.20,1.0,<Residue ASP het=  resseq=45 icode= >,1pyi_A_A,3.2
129,1.864,GLN, ,N,41.15,7.52,0.0,1.95,1.0,<Residue GLN het=  resseq=46 icode= >,1pyi_A_A,3.2
130,0.024,GLN, ,CA,42.19,8.32,0.0,1.71,1.0,<Residue GLN het=  resseq=46 icode= >,1pyi_A_A,3.2
131,0.0,GLN, ,C,43.11,9.76,0.0,1.50,1.0,<Residue GLN het=  resseq=46 icode= >,1pyi_A_A,3.2
132,11.302,GLN, ,O,43.39,10.35,0.0,1.85,1.0,<Residue GLN het=  resseq=46 icode= >,1pyi_A_A,3.2
133,21.512,GLN, ,CB,42.03,7.79,0.0,1.46,1.0,<Residue GLN het=  resseq=46 icode= >,1pyi_A_A,3.2
134,23.947,GLN, ,CG,41.59,8.69,0.0,1.28,1.0,<Residue GLN het=  resseq=46 icode= >,1pyi_A_A,3.2
135,2.011,GLN, ,CD,41.43,8.66,0.0,1.24,1.0,<Residue GLN het=  resseq=46 icode= >,1pyi_A_A,3.2
136,12.978,GLN, ,OE1,40.15,8.99,0.0,1.55,1.0,<Residue GLN het=  resseq=46 icode= >,1pyi_A_A,3.2
137,0.0,GLN, ,NE2,41.26,7.57,0.0,-0.04,1.0,<Residue GLN het=  resseq=46 icode= >,1pyi_A_A,3.2
138,0.0,GLU, ,N,43.19,10.53,0.0,1.23,1.0,<Residue GLU het=  resseq=47 icode= >,1pyi_A_A,3.2
139,3.337,GLU, ,CA,43.4,11.88,0.0,2.53,1.0,<Residue GLU het=  resseq=47 icode= >,1pyi_A_A,3.2
140,0.0,GLU, ,C,41.74,12.83,0.0,1.70,1.0,<Residue GLU het=  resseq=47 icode= >,1pyi_A_A,3.2
141,0.0,GLU, ,O,40.19,12.29,0.0,0.24,1.0,<Residue GLU het=  resseq=47 icode= >,1pyi_A_A,3.2
142,10.32,GLU, ,CB,47.45,12.19,0.0,0.71,1.0,<Residue GLU het=  resseq=47 icode= >,1pyi_A_A,3.2
143,22.154,GLU, ,CG,50.63,11.52,0.0,0.44,1.0,<Residue GLU het=  resseq=47 icode= >,1pyi_A_A,3.2
144,7.404,GLU, ,CD,52.9,11.42,0.0,0.94,1.0,<Residue GLU het=  resseq=47 icode= >,1pyi_A_A,3.2
145,7.0,GLU, ,OE1,53.74,12.44,0.0,0.55,1.0,<Residue GLU het=  resseq=47 icode= >,1pyi_A_A,3.2
146,31.051,GLU, ,OE2,53.58,10.65,0.0,0.88,1.0,<Residue GLU het=  resseq=47 icode= >,1pyi_A_A,3.2
147,5.495,PHE, ,N,40.39,14.09,0.0,1.66,1.0,<Residue PHE het=  resseq=48 icode= >,1pyi_A_A,3.2
148,0.0,PHE, ,CA,38.61,15.00,0.0,2.32,1.0,<Residue PHE het=  resseq=48 icode= >,1pyi_A_A,3.2
149,0.376,PHE, ,C,37.13,16.13,0.0,3.65,1.0,<Residue PHE het=  resseq=48 icode= >,1pyi_A_A,3.2
150,22.109,PHE, ,O,39.03,16.50,0.0,2.70,1.0,<Residue PHE het=  resseq=48 icode= >,1pyi_A_A,3.2
151,8.286,PHE, ,CB,38.09,15.61,0.0,1.05,1.0,<Residue PHE het=  resseq=48 icode= >,1pyi_A_A,3.2
152,1.385,PHE, ,CG,36.48,14.42,0.0,1.56,1.0,<Residue PHE het=  resseq=48 icode= >,1pyi_A_A,3.2
153,13.412,PHE, ,CD1,34.79,13.59,0.0,1.79,1.0,<Residue PHE het=  resseq=48 icode= >,1pyi_A_A,3.2
154,0.368,PHE, ,CD2,35.14,14.07,0.0,0.81,1.0,<Residue PHE het=  resseq=48 icode= >,1pyi_A_A,3.2
155,13.32,PHE, ,CE1,34.18,12.38,0.0,2.04,1.0,<Residue PHE het=  resseq=48 icode= >,1pyi_A_A,3.2
156,2.677,PHE, ,CE2,32.94,12.90,0.0,1.28,1.0,<Residue PHE het=  resseq=48 icode= >,1pyi_A_A,3.2
157,15.936,PHE, ,CZ,34.19,12.01,0.0,2.17,1.0,<Residue PHE het=  resseq=48 icode= >,1pyi_A_A,3.2
158,0.0,PRO, ,N,34.41,16.71,0.0,3.14,1.0,<Residue PRO het=  resseq=49 icode= >,1pyi_A_A,3.2
159,0.0,PRO, ,CA,32.04,16.51,0.0,2.66,1.0,<Residue PRO het=  resseq=49 icode= >,1pyi_A_A,3.2
160,0.0,PRO, ,C,29.65,15.51,0.0,3.72,1.0,<Residue PRO het=  resseq=49 icode= >,1pyi_A_A,3.2
161,4.316,PRO, ,O,27.61,15.72,0.0,2.09,1.0,<Residue PRO het=  resseq=49 icode= >,1pyi_A_A,3.2
162,2.824,PRO, ,CB,33.13,17.84,0.0,1.49,1.0,<Residue PRO het=  resseq=49 icode= >,1pyi_A_A,3.2
163,33.461,PRO, ,CG,33.34,18.48,0.0,1.85,1.0,<Residue PRO het=  resseq=49 icode= >,1pyi_A_A,3.2
164,22.154,PRO, ,CD,34.08,17.96,0.0,2.20,1.0,<Residue PRO het=  resseq=49 icode= >,1pyi_A_A,3.2
165,0.771,SER, ,N,29.69,14.58,0.0,2.93,1.0,<Residue SER het=  resseq=50 icode= >,1pyi_A_A,3.2
166,0.0,SER, ,CA,31.59,13.67,0.0,2.59,1.0,<Residue SER het=  resseq=50 icode= >,1pyi_A_A,3.2
167,0.0,SER, ,C,33.35,12.54,0.0,2.13,1.0,<Residue SER het=  resseq=50 icode= >,1pyi_A_A,3.2
168,8.069,SER, ,O,33.38,12.82,0.0,1.00,1.0,<Residue SER het=  resseq=50 icode= >,1pyi_A_A,3.2
169,20.322,SER, ,CB,32.08,14.41,0.0,0.79,1.0,<Residue SER het=  resseq=50 icode= >,1pyi_A_A,3.2
170,0.0,SER, ,OG,33.95,13.58,0.0,-0.08,1.0,<Residue SER het=  resseq=50 icode= >,1pyi_A_A,3.2
171,0.0,CYS, ,N,35.27,11.40,0.0,0.64,1.0,<Residue CYS het=  resseq=51 icode= >,1pyi_A_A,3.2
172,0.0,CYS, ,CA,37.19,10.30,0.0,0.95,1.0,<Residue CYS het=  resseq=51 icode= >,1pyi_A_A,3.2
173,0.082,CYS, ,C,41.34,10.78,0.0,1.60,1.0,<Residue CYS het=  resseq=51 icode= >,1pyi_A_A,3.2
174,0.0,CYS, ,O,41.47,11.47,0.0,0.74,1.0,<Residue CYS het=  resseq=51 icode= >,1pyi_A_A,3.2
175,0.0,CYS, ,CB,31.54,8.89,0.0,1.05,1.0,<Residue CYS het=  resseq=51 icode= >,1pyi_A_A,3.2
176,0.053,CYS, ,SG,30.13,8.90,0.0,3.66,1.0,<Residue CYS het=  resseq=51 icode= >,1pyi_A_A,3.2
177,0.0,LYS, ,N,45.98,10.60,0.0,0.94,1.0,<Residue LYS het=  resseq=52 icode= >,1pyi_A_A,3.2
178,0.0,LYS, ,CA,49.71,11.28,0.0,1.88,1.0,<Residue LYS het=  resseq=52 icode= >,1pyi_A_A,3.2
179,0.0,LYS, ,C,48.95,11.54,0.0,1.72,1.0,<Residue LYS het=  resseq=52 icode= >,1pyi_A_A,3.2
180,0.0,LYS, ,O,49.88,12.72,0.0,0.24,1.0,<Residue LYS het=  resseq=52 icode= >,1pyi_A_A,3.2
181,7.722,LYS, ,CB,52.96,11.50,0.0,0.94,1.0,<Residue LYS het=  resseq=52 icode= >,1pyi_A_A,3.2
182,13.707,LYS, ,CG,56.34,12.88,0.0,0.40,1.0,<Residue LYS het=  resseq=52 icode= >,1pyi_A_A,3.2
183,7.715,LYS, ,CD,59.25,12.77,0.0,0.28,1.0,<Residue LYS het=  resseq=52 icode= >,1pyi_A_A,3.2
184,43.092,LYS, ,CE,61.57,13.99,0.0,0.46,1.0,<Residue LYS het=  resseq=52 icode= >,1pyi_A_A,3.2
185,39.85,LYS, ,NZ,63.01,14.76,0.0,0.71,1.0,<Residue LYS het=  resseq=52 icode= >,1pyi_A_A,3.2
186,0.116,ARG, ,N,47.38,10.57,0.0,1.69,1.0,<Residue ARG het=  resseq=53 icode= >,1pyi_A_A,3.2
187,0.0,ARG, ,CA,48.41,10.48,0.0,1.58,1.0,<Residue ARG het=  resseq=53 icode= >,1pyi_A_A,3.2
188,0.0,ARG, ,C,46.87,10.94,0.0,1.69,1.0,<Residue ARG het=  resseq=53 icode= >,1pyi_A_A,3.2
189,0.0,ARG, ,O,45.72,11.13,0.0,0.84,1.0,<Residue ARG het=  resseq=53 icode= >,1pyi_A_A,3.2
190,0.473,ARG, ,CB,51.49,9.09,0.0,0.42,1.0,<Residue ARG het=  resseq=53 icode= >,1pyi_A_A,3.2
191,0.0,ARG, ,CG,54.6,8.41,0.0,0.63,1.0,<Residue ARG het=  resseq=53 icode= >,1pyi_A_A,3.2
192,4.191,ARG, ,CD,56.91,8.82,0.0,0.98,1.0,<Residue ARG het=  resseq=53 icode= >,1pyi_A_A,3.2
193,2.765,ARG, ,NE,59.49,7.44,0.0,2.25,1.0,<Residue ARG het=  resseq=53 icode= >,1pyi_A_A,3.2
194,4.227,ARG, ,CZ,62.22,7.30,0.0,2.23,1.0,<Residue ARG het=  resseq=53 icode= >,1pyi_A_A,3.2
195,30.291,ARG, ,NH1,63.02,7.57,0.0,1.20,1.0,<Residue ARG het=  resseq=53 icode= >,1pyi_A_A,3.2
196,34.079,ARG, ,NH2,63.5,6.22,0.0,1.46,1.0,<Residue ARG het=  resseq=53 icode= >,1pyi_A_A,3.2
197,0.0,CYS, ,N,45.7,11.37,0.0,0.54,1.0,<Residue CYS het=  resseq=54 icode= >,1pyi_A_A,3.2
198,0.0,CYS, ,CA,42.71,12.02,0.0,1.76,1.0,<Residue CYS het=  resseq=54 icode= >,1pyi_A_A,3.2
199,0.0,CYS, ,C,43.37,12.98,0.0,1.78,1.0,<Residue CYS het=  resseq=54 icode= >,1pyi_A_A,3.2
200,0.0,CYS, ,O,44.06,13.04,0.0,0.64,1.0,<Residue CYS het=  resseq=54 icode= >,1pyi_A_A,3.2
201,0.0,CYS, ,CB,38.64,12.35,0.0,1.10,1.0,<Residue CYS het=  resseq=54 icode= >,1pyi_A_A,3.2
202,0.506,CYS, ,SG,34.12,11.72,0.0,1.16,1.0,<Residue CYS het=  resseq=54 icode= >,1pyi_A_A,3.2
203,0.0,ALA, ,N,43.35,13.78,0.0,1.61,1.0,<Residue ALA het=  resseq=55 icode= >,1pyi_A_A,3.2
204,8.867,ALA, ,CA,43.74,14.84,0.0,1.21,1.0,<Residue ALA het=  resseq=55 icode= >,1pyi_A_A,3.2
205,2.179,ALA, ,C,43.81,14.43,0.0,1.67,1.0,<Residue ALA het=  resseq=55 icode= >,1pyi_A_A,3.2
206,7.741,ALA, ,O,41.07,14.94,0.0,1.70,1.0,<Residue ALA het=  resseq=55 icode= >,1pyi_A_A,3.2
207,29.869,ALA, ,CB,44.05,15.14,0.0,1.29,1.0,<Residue ALA het=  resseq=55 icode= >,1pyi_A_A,3.2
208,0.012,LYS, ,N,44.4,13.76,0.0,1.78,1.0,<Residue LYS het=  resseq=56 icode= >,1pyi_A_A,3.2
209,10.519,LYS, ,CA,44.8,13.47,0.0,2.19,1.0,<Residue LYS het=  resseq=56 icode= >,1pyi_A_A,3.2
210,2.494,LYS, ,C,43.65,12.78,0.0,3.21,1.0,<Residue LYS het=  resseq=56 icode= >,1pyi_A_A,3.2
211,11.958,LYS, ,O,45.42,13.45,0.0,0.76,1.0,<Residue LYS het=  resseq=56 icode= >,1pyi_A_A,3.2
212,11.784,LYS, ,CB,46.21,12.80,0.0,0.48,1.0,<Residue LYS het=  resseq=56 icode= >,1pyi_A_A,3.2
213,19.469,LYS, ,CG,48.41,13.73,0.0,0.53,1.0,<Residue LYS het=  resseq=56 icode= >,1pyi_A_A,3.2
214,35.255,LYS, ,CD,49.82,13.38,0.0,1.19,1.0,<Residue LYS het=  resseq=56 icode= >,1pyi_A_A,3.2
215,8.578,LYS, ,CE,51.57,12.17,0.0,0.62,1.0,<Residue LYS het=  resseq=56 icode= >,1pyi_A_A,3.2
216,39.108,LYS, ,NZ,53.12,11.66,0.0,0.36,1.0,<Residue LYS het=  resseq=56 icode= >,1pyi_A_A,3.2
217,0.0,LEU, ,N,43.13,11.58,0.0,1.54,1.0,<Residue LEU het=  resseq=57 icode= >,1pyi_A_A,3.2
218,4.028,LEU, ,CA,43.76,11.07,0.0,2.23,1.0,<Residue LEU het=  resseq=57 icode= >,1pyi_A_A,3.2
219,0.549,LEU, ,C,44.84,12.20,0.0,2.09,1.0,<Residue LEU het=  resseq=57 icode= >,1pyi_A_A,3.2
220,22.799,LEU, ,O,45.21,12.20,0.0,1.19,1.0,<Residue LEU het=  resseq=57 icode= >,1pyi_A_A,3.2
221,2.913,LEU, ,CB,45.18,9.72,0.0,0.11,1.0,<Residue LEU het=  resseq=57 icode= >,1pyi_A_A,3.2
222,0.0,LEU, ,CG,46.26,8.43,0.0,0.55,1.0,<Residue LEU het=  resseq=57 icode= >,1pyi_A_A,3.2
223,55.325,LEU, ,CD1,46.75,8.32,0.0,0.89,1.0,<Residue LEU het=  resseq=57 icode= >,1pyi_A_A,3.2
224,7.846,LEU, ,CD2,44.08,8.28,0.0,0.25,1.0,<Residue LEU het=  resseq=57 icode= >,1pyi_A_A,3.2
225,0.0,GLU, ,N,47.41,13.29,0.0,1.52,1.0,<Residue GLU het=  resseq=58 icode= >,1pyi_A_A,3.2
226,0.636,GLU, ,CA,51.26,14.63,0.0,1.38,1.0,<Residue GLU het=  resseq=58 icode= >,1pyi_A_A,3.2
227,1.882,GLU, ,C,51.13,14.97,0.0,1.83,1.0,<Residue GLU het=  resseq=58 icode= >,1pyi_A_A,3.2
228,25.985,GLU, ,O,51.3,16.14,0.0,0.85,1.0,<Residue GLU het=  resseq=58 icode= >,1pyi_A_A,3.2
229,14.195,GLU, ,CB,55.76,15.29,0.0,0.08,1.0,<Residue GLU het=  resseq=58 icode= >,1pyi_A_A,3.2
230,24.264,GLU, ,CG,60.78,16.44,0.0,0.06,1.0,<Residue GLU het=  resseq=58 icode= >,1pyi_A_A,3.2
231,12.253,GLU, ,CD,63.28,16.99,0.0,1.44,1.0,<Residue GLU het=  resseq=58 icode= >,1pyi_A_A,3.2
232,39.539,GLU, ,OE1,64.66,16.55,0.0,0.73,1.0,<Residue GLU het=  resseq=58 icode= >,1pyi_A_A,3.2
233,42.086,GLU, ,OE2,64.37,18.15,0.0,1.04,1.0,<Residue GLU het=  resseq=58 icode= >,1pyi_A_A,3.2
234,0.318,VAL, ,N,49.94,14.01,0.0,2.03,1.0,<Residue VAL het=  resseq=59 icode= >,1pyi_A_A,3.2
235,3.877,VAL, ,CA,49.48,14.32,0.0,1.93,1.0,<Residue VAL het=  resseq=59 icode= >,1pyi_A_A,3.2
236,0.74,VAL, ,C,48.68,15.15,0.0,2.01,1.0,<Residue VAL het=  resseq=59 icode= >,1pyi_A_A,3.2
237,8.1,VAL, ,O,49.29,15.42,0.0,1.18,1.0,<Residue VAL het=  resseq=59 icode= >,1pyi_A_A,3.2
238,3.432,VAL, ,CB,50.06,12.97,0.0,1.34,1.0,<Residue VAL het=  resseq=59 icode= >,1pyi_A_A,3.2
239,0.282,VAL, ,CG1,49.29,12.30,0.0,0.01,1.0,<Residue VAL het=  resseq=59 icode= >,1pyi_A_A,3.2
240,43.945,VAL, ,CG2,50.62,12.86,0.0,0.51,1.0,<Residue VAL het=  resseq=59 icode= >,1pyi_A_A,3.2
241,0.229,PRO, ,N,46.2,15.72,0.0,1.74,1.0,<Residue PRO het=  resseq=60 icode= >,1pyi_A_A,3.2
242,11.744,PRO, ,CA,43.4,16.55,0.0,2.05,1.0,<Residue PRO het=  resseq=60 icode= >,1pyi_A_A,3.2
243,0.0,PRO, ,C,41.18,15.45,0.0,1.83,1.0,<Residue PRO het=  resseq=60 icode= >,1pyi_A_A,3.2
244,5.881,PRO, ,O,42.14,14.88,0.0,1.39,1.0,<Residue PRO het=  resseq=60 icode= >,1pyi_A_A,3.2
245,28.432,PRO, ,CB,43.47,17.08,0.0,1.98,1.0,<Residue PRO het=  resseq=60 icode= >,1pyi_A_A,3.2
246,36.167,PRO, ,CG,43.88,16.17,0.0,2.30,1.0,<Residue PRO het=  resseq=60 icode= >,1pyi_A_A,3.2
247,21.733,PRO, ,CD,45.11,15.81,0.0,1.41,1.0,<Residue PRO het=  resseq=60 icode= >,1pyi_A_A,3.2
248,6.245,CYS, ,N,37.74,14.89,0.0,1.80,1.0,<Residue CYS het=  resseq=61 icode= >,1pyi_A_A,3.2
249,0.0,CYS, ,CA,35.89,13.60,0.0,1.77,1.0,<Residue CYS het=  resseq=61 icode= >,1pyi_A_A,3.2
250,0.0,CYS, ,C,35.18,13.12,0.0,1.99,1.0,<Residue CYS het=  resseq=61 icode= >,1pyi_A_A,3.2
251,1.004,CYS, ,O,35.26,13.40,0.0,0.86,1.0,<Residue CYS het=  resseq=61 icode= >,1pyi_A_A,3.2
252,0.623,CYS, ,CB,34.33,13.07,0.0,0.64,1.0,<Residue CYS het=  resseq=61 icode= >,1pyi_A_A,3.2
253,0.0,CYS, ,SG,31.1,11.29,0.0,3.16,1.0,<Residue CYS het=  resseq=61 icode= >,1pyi_A_A,3.2
254,0.667,VAL, ,N,34.31,12.46,0.0,2.07,1.0,<Residue VAL het=  resseq=62 icode= >,1pyi_A_A,3.2
255,0.0,VAL, ,CA,34.03,12.25,0.0,2.43,1.0,<Residue VAL het=  resseq=62 icode= >,1pyi_A_A,3.2
256,0.0,VAL, ,C,32.83,10.84,0.0,3.08,1.0,<Residue VAL het=  resseq=62 icode= >,1pyi_A_A,3.2
257,0.0,VAL, ,O,32.98,10.12,0.0,1.63,1.0,<Residue VAL het=  resseq=62 icode= >,1pyi_A_A,3.2
258,1.197,VAL, ,CB,35.56,13.25,0.0,0.92,1.0,<Residue VAL het=  resseq=62 icode= >,1pyi_A_A,3.2
259,24.89,VAL, ,CG1,36.46,13.12,0.0,0.38,1.0,<Residue VAL het=  resseq=62 icode= >,1pyi_A_A,3.2
260,3.534,VAL, ,CG2,36.89,13.54,0.0,-0.30,1.0,<Residue VAL het=  resseq=62 icode= >,1pyi_A_A,3.2
261,0.0,SER, ,N,31.48,10.60,0.0,2.09,1.0,<Residue SER het=  resseq=63 icode= >,1pyi_A_A,3.2
262,0.0,SER, ,CA,29.78,9.39,0.0,3.65,1.0,<Residue SER het=  resseq=63 icode= >,1pyi_A_A,3.2
263,0.0,SER, ,C,28.64,9.62,0.0,3.13,1.0,<Residue SER het=  resseq=63 icode= >,1pyi_A_A,3.2
264,0.0,SER, ,O,28.85,10.73,0.0,0.49,1.0,<Residue SER het=  resseq=63 icode= >,1pyi_A_A,3.2
265,9.531,SER, ,CB,30.13,9.04,0.0,2.48,1.0,<Residue SER het=  resseq=63 icode= >,1pyi_A_A,3.2
266,5.093,SER, ,OG,29.67,10.14,0.0,1.75,1.0,<Residue SER het=  resseq=63 icode= >,1pyi_A_A,3.2
267,0.37,LEU, ,N,28.68,8.74,0.0,2.85,1.0,<Residue LEU het=  resseq=64 icode= >,1pyi_A_A,3.2
268,0.0,LEU, ,CA,28.4,9.26,0.0,2.34,1.0,<Residue LEU het=  resseq=64 icode= >,1pyi_A_A,3.2
269,0.165,LEU, ,C,29.43,9.15,0.0,2.25,1.0,<Residue LEU het=  resseq=64 icode= >,1pyi_A_A,3.2
270,5.842,LEU, ,O,30.56,8.13,0.085,1.85,1.0,<Residue LEU het=  resseq=64 icode= >,1pyi_A_A,3.2
271,0.0,LEU, ,CB,28.55,8.35,0.0,1.52,1.0,<Residue LEU het=  resseq=64 icode= >,1pyi_A_A,3.2
272,2.2,LEU, ,CG,29.59,8.05,0.0,1.41,1.0,<Residue LEU het=  resseq=64 icode= >,1pyi_A_A,3.2
273,40.457,LEU, ,CD1,29.69,6.59,33.609,1.16,1.0,<Residue LEU het=  resseq=64 icode= >,1pyi_A_A,3.2
274,11.411,LEU, ,CD2,29.74,8.55,3.498,0.41,1.0,<Residue LEU het=  resseq=64 icode= >,1pyi_A_A,3.2
275,0.0,ASP, ,N,30.33,10.28,0.0,1.18,1.0,<Residue ASP het=  resseq=65 icode= >,1pyi_A_A,3.2
276,4.697,ASP, ,CA,29.19,10.47,0.0,2.52,1.0,<Residue ASP het=  resseq=65 icode= >,1pyi_A_A,3.2
277,0.0,ASP, ,C,28.75,9.43,0.0,2.52,1.0,<Residue ASP het=  resseq=65 icode= >,1pyi_A_A,3.2
278,0.0,ASP, ,O,30.94,9.45,0.0,-0.16,1.0,<Residue ASP het=  resseq=65 icode= >,1pyi_A_A,3.2
279,1.278,ASP, ,CB,29.95,11.79,0.013,1.47,1.0,<Residue ASP het=  resseq=65 icode= >,1pyi_A_A,3.2
280,4.415,ASP, ,CG,30.4,12.27,2.517,2.88,1.0,<Residue ASP het=  resseq=65 icode= >,1pyi_A_A,3.2
281,2.263,ASP, ,OD1,30.07,11.66,2.263,1.84,1.0,<Residue ASP het=  resseq=65 icode= >,1pyi_A_A,3.2
282,23.351,ASP, ,OD2,30.46,13.59,22.379,1.69,1.0,<Residue ASP het=  resseq=65 icode= >,1pyi_A_A,3.2
283,0.123,PRO, ,N,26.8,8.83,0.0,2.10,1.0,<Residue PRO het=  resseq=66 icode= >,1pyi_A_A,3.2
284,7.175,PRO, ,CA,24.14,7.98,7.078,2.48,1.0,<Residue PRO het=  resseq=66 icode= >,1pyi_A_A,3.2
285,3.275,PRO, ,C,22.31,8.66,3.275,2.32,1.0,<Residue PRO het=  resseq=66 icode= >,1pyi_A_A,3.2
286,16.208,PRO, ,O,22.04,8.27,15.186,1.20,1.0,<Residue PRO het=  resseq=66 icode= >,1pyi_A_A,3.2
287,26.936,PRO, ,CB,25.3,8.22,19.118,2.84,1.0,<Residue PRO het=  resseq=66 icode= >,1pyi_A_A,3.2
288,35.88,PRO, ,CG,25.14,9.26,9.062,2.87,1.0,<Residue PRO het=  resseq=66 icode= >,1pyi_A_A,3.2
289,20.676,PRO, ,CD,26.37,9.84,0.523,1.59,1.0,<Residue PRO het=  resseq=66 icode= >,1pyi_A_A,3.2
290,1.1,ALA, ,N,17.53,9.29,1.1,2.80,1.0,<Residue ALA het=  resseq=67 icode= >,1pyi_A_A,3.2
291,14.159,ALA, ,CA,13.17,9.61,13.571,4.44,1.0,<Residue ALA het=  resseq=67 icode= >,1pyi_A_A,3.2
292,3.251,ALA, ,C,13.3,10.79,0.48,2.84,1.0,<Residue ALA het=  resseq=67 icode= >,1pyi_A_A,3.2
293,19.526,ALA, ,O,15.19,10.54,3.115,1.36,1.0,<Residue ALA het=  resseq=67 icode= >,1pyi_A_A,3.2
294,56.055,ALA, ,CB,9.41,10.13,53.477,2.17,1.0,<Residue ALA het=  resseq=67 icode= >,1pyi_A_A,3.2
295,0.037,THR, ,N,12.28,11.98,0.037,1.94,1.0,<Residue THR het=  resseq=68 icode= >,1pyi_A_A,3.2
296,11.583,THR, ,CA,10.88,12.71,5.227,3.44,1.0,<Residue THR het=  resseq=68 icode= >,1pyi_A_A,3.2
297,2.485,THR, ,C,15.06,11.92,0.0,2.68,1.0,<Residue THR het=  resseq=68 icode= >,1pyi_A_A,3.2
298,15.962,THR, ,O,16.73,12.57,0.0,1.02,1.0,<Residue THR het=  resseq=68 icode= >,1pyi_A_A,3.2
299,1.944,THR, ,CB,7.96,13.79,0.0,3.75,1.0,<Residue THR het=  resseq=68 icode= >,1pyi_A_A,3.2
300,1.722,THR, ,OG1,6.14,13.29,0.0,0.93,1.0,<Residue THR het=  resseq=68 icode= >,1pyi_A_A,3.2
301,53.926,THR, ,CG2,7.97,14.82,37.374,1.49,1.0,<Residue THR het=  resseq=68 icode= >,1pyi_A_A,3.2
302,0.0,GLY, ,N,17.91,10.72,0.0,2.24,1.0,<Residue GLY het=  resseq=69 icode= >,1pyi_A_A,3.2
303,21.336,GLY, ,CA,22.27,10.06,1.565,2.16,1.0,<Residue GLY het=  resseq=69 icode= >,1pyi_A_A,3.2
304,0.922,GLY, ,C,24.19,10.87,0.0,3.10,1.0,<Residue GLY het=  resseq=69 icode= >,1pyi_A_A,3.2
305,16.536,GLY, ,O,26.63,10.75,0.0,1.21,1.0,<Residue GLY het=  resseq=69 icode= >,1pyi_A_A,3.2
306,0.0,LYS, ,N,27.15,11.84,0.0,2.11,1.0,<Residue LYS het=  resseq=70 icode= >,1pyi_A_A,3.2
307,2.269,LYS, ,CA,31.03,12.72,0.0,2.39,1.0,<Residue LYS het=  resseq=70 icode= >,1pyi_A_A,3.2
308,0.0,LYS, ,C,30.5,12.71,0.0,2.40,1.0,<Residue LYS het=  resseq=70 icode= >,1pyi_A_A,3.2
309,0.0,LYS, ,O,31.19,12.17,0.0,0.65,1.0,<Residue LYS het=  resseq=70 icode= >,1pyi_A_A,3.2
310,12.398,LYS, ,CB,34.79,14.14,0.0,1.05,1.0,<Residue LYS het=  resseq=70 icode= >,1pyi_A_A,3.2
311,13.491,LYS, ,CG,38.76,14.47,0.0,1.52,1.0,<Residue LYS het=  resseq=70 icode= >,1pyi_A_A,3.2
312,19.177,LYS, ,CD,42.25,15.87,0.0,1.80,1.0,<Residue LYS het=  resseq=70 icode= >,1pyi_A_A,3.2
313,42.316,LYS, ,CE,45.62,16.70,0.0,1.61,1.0,<Residue LYS het=  resseq=70 icode= >,1pyi_A_A,3.2
314,47.531,LYS, ,NZ,47.91,17.96,0.0,1.47,1.0,<Residue LYS het=  resseq=70 icode= >,1pyi_A_A,3.2
315,3.508,ASP, ,N,27.6,13.55,0.0,2.44,1.0,<Residue ASP het=  resseq=71 icode= >,1pyi_A_A,3.2
316,0.0,ASP, ,CA,26.34,13.69,0.0,3.24,1.0,<Residue ASP het=  resseq=71 icode= >,1pyi_A_A,3.2
317,0.0,ASP, ,C,24.66,14.08,0.0,3.18,1.0,<Residue ASP het=  resseq=71 icode= >,1pyi_A_A,3.2
318,15.349,ASP, ,O,24.37,15.06,0.0,1.34,1.0,<Residue ASP het=  resseq=71 icode= >,1pyi_A_A,3.2
319,15.554,ASP, ,CB,28.32,14.58,0.0,1.40,1.0,<Residue ASP het=  resseq=71 icode= >,1pyi_A_A,3.2
320,6.825,ASP, ,CG,29.79,14.22,0.0,2.59,1.0,<Residue ASP het=  resseq=71 icode= >,1pyi_A_A,3.2
321,12.223,ASP, ,OD1,31.33,13.06,0.0,1.70,1.0,<Residue ASP het=  resseq=71 icode= >,1pyi_A_A,3.2
322,30.476,ASP, ,OD2,29.13,14.87,0.0,1.99,1.0,<Residue ASP het=  resseq=71 icode= >,1pyi_A_A,3.2
323,0.0,VAL, ,N,24.98,13.48,0.0,1.57,1.0,<Residue VAL het=  resseq=72 icode= >,1pyi_A_A,3.2
324,1.653,VAL, ,CA,23.7,14.01,0.0,2.20,1.0,<Residue VAL het=  resseq=72 icode= >,1pyi_A_A,3.2
325,0.0,VAL, ,C,22.41,13.88,0.0,2.75,1.0,<Residue VAL het=  resseq=72 icode= >,1pyi_A_A,3.2
326,0.0,VAL, ,O,23.13,12.90,0.0,1.24,1.0,<Residue VAL het=  resseq=72 icode= >,1pyi_A_A,3.2
327,1.525,VAL, ,CB,24.35,13.50,0.0,2.71,1.0,<Residue VAL het=  resseq=72 icode= >,1pyi_A_A,3.2
328,11.128,VAL, ,CG1,23.77,14.32,6.78,1.26,1.0,<Residue VAL het=  resseq=72 icode= >,1pyi_A_A,3.2
329,20.239,VAL, ,CG2,25.37,13.73,10.73,1.09,1.0,<Residue VAL het=  resseq=72 icode= >,1pyi_A_A,3.2
330,0.0,PRO, ,N,20.66,14.95,0.0,3.19,1.0,<Residue PRO het=  resseq=73 icode= >,1pyi_A_A,3.2
331,0.0,PRO, ,CA,20.22,15.09,0.0,3.22,1.0,<Residue PRO het=  resseq=73 icode= >,1pyi_A_A,3.2
332,0.0,PRO, ,C,20.27,14.97,0.0,3.42,1.0,<Residue PRO het=  resseq=73 icode= >,1pyi_A_A,3.2
333,0.0,PRO, ,O,20.55,15.63,0.0,1.14,1.0,<Residue PRO het=  resseq=73 icode= >,1pyi_A_A,3.2
334,11.457,PRO, ,CB,21.8,16.54,0.0,1.44,1.0,<Residue PRO het=  resseq=73 icode= >,1pyi_A_A,3.2
335,35.212,PRO, ,CG,23.07,16.76,0.0,1.64,1.0,<Residue PRO het=  resseq=73 icode= >,1pyi_A_A,3.2
336,10.921,PRO, ,CD,21.42,15.72,0.0,2.05,1.0,<Residue PRO het=  resseq=73 icode= >,1pyi_A_A,3.2
337,0.0,ARG, ,N,21.49,14.16,0.0,2.91,1.0,<Residue ARG het=  resseq=74 icode= >,1pyi_A_A,3.2
338,0.008,ARG, ,CA,23.59,14.06,0.0,3.09,1.0,<Residue ARG het=  resseq=74 icode= >,1pyi_A_A,3.2
339,0.0,ARG, ,C,25.62,15.43,0.0,2.58,1.0,<Residue ARG het=  resseq=74 icode= >,1pyi_A_A,3.2
340,0.0,ARG, ,O,25.79,15.72,0.0,0.86,1.0,<Residue ARG het=  resseq=74 icode= >,1pyi_A_A,3.2
341,0.0,ARG, ,CB,25.24,13.47,0.0,1.08,1.0,<Residue ARG het=  resseq=74 icode= >,1pyi_A_A,3.2
342,0.0,ARG, ,CG,27.4,12.19,0.0,0.47,1.0,<Residue ARG het=  resseq=74 icode= >,1pyi_A_A,3.2
343,0.0,ARG, ,CD,28.41,11.67,0.0,1.07,1.0,<Residue ARG het=  resseq=74 icode= >,1pyi_A_A,3.2
344,0.005,ARG, ,NE,30.08,10.26,0.0,1.20,1.0,<Residue ARG het=  resseq=74 icode= >,1pyi_A_A,3.2
345,0.0,ARG, ,CZ,30.32,9.77,0.0,1.79,1.0,<Residue ARG het=  resseq=74 icode= >,1pyi_A_A,3.2
346,0.0,ARG, ,NH1,31.5,10.06,0.0,0.77,1.0,<Residue ARG het=  resseq=74 icode= >,1pyi_A_A,3.2
347,0.0,ARG, ,NH2,30.23,8.56,0.0,1.57,1.0,<Residue ARG het=  resseq=74 icode= >,1pyi_A_A,3.2
348,0.0,SER, ,N,27.88,16.33,0.0,1.85,1.0,<Residue SER het=  resseq=75 icode= >,1pyi_A_A,3.2
349,0.0,SER, ,CA,29.05,17.70,0.0,2.03,1.0,<Residue SER het=  resseq=75 icode= >,1pyi_A_A,3.2
350,1.282,SER, ,C,30.06,18.40,0.0,1.01,1.0,<Residue SER het=  resseq=75 icode= >,1pyi_A_A,3.2
351,0.542,SER, ,O,32.08,19.22,0.0,-0.20,1.0,<Residue SER het=  resseq=75 icode= >,1pyi_A_A,3.2
352,32.054,SER, ,CB,29.98,18.40,0.0,1.83,1.0,<Residue SER het=  resseq=75 icode= >,1pyi_A_A,3.2
353,12.362,SER, ,OG,31.76,18.08,0.0,0.56,1.0,<Residue SER het=  resseq=75 icode= >,1pyi_A_A,3.2
354,0.047,TYR, ,N,27.61,18.21,0.0,0.68,1.0,<Residue TYR het=  resseq=76 icode= >,1pyi_A_A,3.2
355,4.465,TYR, ,CA,23.16,18.94,0.0,1.67,1.0,<Residue TYR het=  resseq=76 icode= >,1pyi_A_A,3.2
356,0.0,TYR, ,C,21.13,18.80,0.0,3.25,1.0,<Residue TYR het=  resseq=76 icode= >,1pyi_A_A,3.2
357,0.0,TYR, ,O,20.65,19.81,0.0,1.18,1.0,<Residue TYR het=  resseq=76 icode= >,1pyi_A_A,3.2
358,9.703,TYR, ,CB,21.69,18.68,0.0,1.41,1.0,<Residue TYR het=  resseq=76 icode= >,1pyi_A_A,3.2
359,2.351,TYR, ,CG,17.98,19.45,0.0,2.99,1.0,<Residue TYR het=  resseq=76 icode= >,1pyi_A_A,3.2
360,9.054,TYR, ,CD1,17.3,20.78,0.0,1.47,1.0,<Residue TYR het=  resseq=76 icode= >,1pyi_A_A,3.2
361,9.459,TYR, ,CD2,18.54,18.92,0.166,2.12,1.0,<Residue TYR het=  resseq=76 icode= >,1pyi_A_A,3.2
362,11.659,TYR, ,CE1,18.76,21.56,0.0,1.48,1.0,<Residue TYR het=  resseq=76 icode= >,1pyi_A_A,3.2
363,27.347,TYR, ,CE2,19.56,19.76,15.77,2.85,1.0,<Residue TYR het=  resseq=76 icode= >,1pyi_A_A,3.2
364,5.147,TYR, ,CZ,19.64,21.08,0.0,3.78,1.0,<Residue TYR het=  resseq=76 icode= >,1pyi_A_A,3.2
365,33.337,TYR, ,OH,16.64,21.96,16.558,2.63,1.0,<Residue TYR het=  resseq=76 icode= >,1pyi_A_A,3.2
366,0.0,VAL, ,N,19.73,17.60,0.0,2.65,1.0,<Residue VAL het=  resseq=77 icode= >,1pyi_A_A,3.2
367,0.0,VAL, ,CA,22.18,17.51,0.0,2.56,1.0,<Residue VAL het=  resseq=77 icode= >,1pyi_A_A,3.2
368,0.0,VAL, ,C,24.75,18.31,0.0,2.43,1.0,<Residue VAL het=  resseq=77 icode= >,1pyi_A_A,3.2
369,0.0,VAL, ,O,24.17,19.00,0.0,1.52,1.0,<Residue VAL het=  resseq=77 icode= >,1pyi_A_A,3.2
370,0.0,VAL, ,CB,20.21,16.13,0.0,2.35,1.0,<Residue VAL het=  resseq=77 icode= >,1pyi_A_A,3.2
371,27.208,VAL, ,CG1,17.14,16.33,24.167,1.35,1.0,<Residue VAL het=  resseq=77 icode= >,1pyi_A_A,3.2
372,22.859,VAL, ,CG2,19.87,15.39,14.503,1.17,1.0,<Residue VAL het=  resseq=77 icode= >,1pyi_A_A,3.2
373,0.0,PHE, ,N,29.07,18.27,0.0,0.54,1.0,<Residue PHE het=  resseq=78 icode= >,1pyi_A_A,3.2
374,0.0,PHE, ,CA,32.84,19.11,0.0,0.93,1.0,<Residue PHE het=  resseq=78 icode= >,1pyi_A_A,3.2
375,0.0,PHE, ,C,30.41,20.48,0.0,2.22,1.0,<Residue PHE het=  resseq=78 icode= >,1pyi_A_A,3.2
376,0.247,PHE, ,O,28.93,21.05,0.0,0.67,1.0,<Residue PHE het=  resseq=78 icode= >,1pyi_A_A,3.2
377,1.061,PHE, ,CB,38.61,19.24,0.0,0.88,1.0,<Residue PHE het=  resseq=78 icode= >,1pyi_A_A,3.2
378,0.0,PHE, ,CG,45.02,20.04,0.0,1.03,1.0,<Residue PHE het=  resseq=78 icode= >,1pyi_A_A,3.2
379,0.24,PHE, ,CD1,46.7,19.74,0.0,1.33,1.0,<Residue PHE het=  resseq=78 icode= >,1pyi_A_A,3.2
380,12.35,PHE, ,CD2,47.04,21.21,0.0,0.36,1.0,<Residue PHE het=  resseq=78 icode= >,1pyi_A_A,3.2
381,28.29,PHE, ,CE1,47.43,20.59,0.0,2.41,1.0,<Residue PHE het=  resseq=78 icode= >,1pyi_A_A,3.2
382,27.954,PHE, ,CE2,47.96,22.02,0.0,0.89,1.0,<Residue PHE het=  resseq=78 icode= >,1pyi_A_A,3.2
383,32.776,PHE, ,CZ,47.75,21.72,0.0,2.13,1.0,<Residue PHE het=  resseq=78 icode= >,1pyi_A_A,3.2
384,0.0,PHE, ,N,29.2,1000.00,0.0,1.13,1.0,<Residue PHE het=  resseq=79 icode= >,1pyi_A_A,3.2
385,0.344,PHE, ,CA,29.77,1000.00,0.0,1.61,1.0,<Residue PHE het=  resseq=79 icode= >,1pyi_A_A,3.2
386,0.0,PHE, ,C,26.34,1000.00,0.0,2.46,1.0,<Residue PHE het=  resseq=79 icode= >,1pyi_A_A,3.2
387,0.0,PHE, ,O,25.73,1000.00,0.0,1.43,1.0,<Residue PHE het=  resseq=79 icode= >,1pyi_A_A,3.2
388,26.197,PHE, ,CB,31.7,1000.00,0.0,1.51,1.0,<Residue PHE het=  resseq=79 icode= >,1pyi_A_A,3.2
389,2.972,PHE, ,CG,32.79,1000.00,0.0,2.77,1.0,<Residue PHE het=  resseq=79 icode= >,1pyi_A_A,3.2
390,10.068,PHE, ,CD1,33.98,1000.00,0.0,1.46,1.0,<Residue PHE het=  resseq=79 icode= >,1pyi_A_A,3.2
391,7.707,PHE, ,CD2,33.86,1000.00,0.0,1.68,1.0,<Residue PHE het=  resseq=79 icode= >,1pyi_A_A,3.2
392,11.655,PHE, ,CE1,34.5,1000.00,0.0,1.61,1.0,<Residue PHE het=  resseq=79 icode= >,1pyi_A_A,3.2
393,9.591,PHE, ,CE2,35.44,1000.00,0.0,0.81,1.0,<Residue PHE het=  resseq=79 icode= >,1pyi_A_A,3.2
394,21.609,PHE, ,CZ,35.34,1000.00,0.064,1.35,1.0,<Residue PHE het=  resseq=79 icode= >,1pyi_A_A,3.2
395,0.0,LEU, ,N,21.99,1000.00,0.0,1.46,1.0,<Residue LEU het=  resseq=80 icode= >,1pyi_A_A,3.2
396,0.0,LEU, ,CA,18.33,1000.00,0.0,1.99,1.0,<Residue LEU het=  resseq=80 icode= >,1pyi_A_A,3.2
397,1.152,LEU, ,C,19.04,1000.00,1.152,3.91,1.0,<Residue LEU het=  resseq=80 icode= >,1pyi_A_A,3.2
398,5.728,LEU, ,O,19.22,1000.00,5.728,1.46,1.0,<Residue LEU het=  resseq=80 icode= >,1pyi_A_A,3.2
399,1.963,LEU, ,CB,14.44,1000.00,1.963,1.57,1.0,<Residue LEU het=  resseq=80 icode= >,1pyi_A_A,3.2
400,13.943,LEU, ,CG,11.35,1000.00,13.943,3.56,1.0,<Residue LEU het=  resseq=80 icode= >,1pyi_A_A,3.2
401,19.484,LEU, ,CD1,10.47,1000.00,12.258,0.73,1.0,<Residue LEU het=  resseq=80 icode= >,1pyi_A_A,3.2
402,28.795,LEU, ,CD2,11.52,1000.00,28.795,1.49,1.0,<Residue LEU het=  resseq=80 icode= >,1pyi_A_A,3.2
403,0.0,GLU, ,N,22.31,1000.00,0.0,2.88,1.0,<Residue GLU het=  resseq=81 icode= >,1pyi_A_A,3.2
404,4.443,GLU, ,CA,26.85,1000.00,3.327,2.99,1.0,<Residue GLU het=  resseq=81 icode= >,1pyi_A_A,3.2
405,0.315,GLU, ,C,29.22,1000.00,0.0,2.66,1.0,<Residue GLU het=  resseq=81 icode= >,1pyi_A_A,3.2
406,5.057,GLU, ,O,31.54,1000.00,0.0,0.94,1.0,<Residue GLU het=  resseq=81 icode= >,1pyi_A_A,3.2
407,16.869,GLU, ,CB,28.37,1000.00,0.0,1.42,1.0,<Residue GLU het=  resseq=81 icode= >,1pyi_A_A,3.2
408,15.592,GLU, ,CG,31.3,1000.00,14.995,1.09,1.0,<Residue GLU het=  resseq=81 icode= >,1pyi_A_A,3.2
409,5.479,GLU, ,CD,32.78,1000.00,1.08,2.16,1.0,<Residue GLU het=  resseq=81 icode= >,1pyi_A_A,3.2
410,2.676,GLU, ,OE1,32.09,1000.00,0.0,1.49,1.0,<Residue GLU het=  resseq=81 icode= >,1pyi_A_A,3.2
411,40.248,GLU, ,OE2,35.44,1000.00,11.56,1.08,1.0,<Residue GLU het=  resseq=81 icode= >,1pyi_A_A,3.2
412,0.201,ASP, ,N,31.15,1000.00,0.0,2.08,1.0,<Residue ASP het=  resseq=82 icode= >,1pyi_A_A,3.2
413,5.89,ASP, ,CA,33.26,1000.00,0.0,2.44,1.0,<Residue ASP het=  resseq=82 icode= >,1pyi_A_A,3.2
414,0.0,ASP, ,C,33.36,1000.00,0.0,2.05,1.0,<Residue ASP het=  resseq=82 icode= >,1pyi_A_A,3.2
415,0.0,ASP, ,O,31.37,1000.00,0.0,0.85,1.0,<Residue ASP het=  resseq=82 icode= >,1pyi_A_A,3.2
416,14.601,ASP, ,CB,35.64,1000.00,0.0,1.25,1.0,<Residue ASP het=  resseq=82 icode= >,1pyi_A_A,3.2
417,6.029,ASP, ,CG,37.43,1000.00,0.0,1.78,1.0,<Residue ASP het=  resseq=82 icode= >,1pyi_A_A,3.2
418,29.575,ASP, ,OD1,37.8,1000.00,0.0,1.35,1.0,<Residue ASP het=  resseq=82 icode= >,1pyi_A_A,3.2
419,12.161,ASP, ,OD2,38.19,1000.00,0.0,0.30,1.0,<Residue ASP het=  resseq=82 icode= >,1pyi_A_A,3.2
420,0.0,ARG, ,N,33.64,1000.00,0.0,0.66,1.0,<Residue ARG het=  resseq=83 icode= >,1pyi_A_A,3.2
421,0.0,ARG, ,CA,34.09,1000.00,0.0,1.45,1.0,<Residue ARG het=  resseq=83 icode= >,1pyi_A_A,3.2
422,1.204,ARG, ,C,31.24,1000.00,1.204,3.34,1.0,<Residue ARG het=  resseq=83 icode= >,1pyi_A_A,3.2
423,0.184,ARG, ,O,29.01,1000.00,0.184,1.46,1.0,<Residue ARG het=  resseq=83 icode= >,1pyi_A_A,3.2
424,4.369,ARG, ,CB,37.55,1000.00,4.369,0.83,1.0,<Residue ARG het=  resseq=83 icode= >,1pyi_A_A,3.2
425,6.251,ARG, ,CG,42.54,1000.00,6.251,1.18,1.0,<Residue ARG het=  resseq=83 icode= >,1pyi_A_A,3.2
426,9.948,ARG, ,CD,46.97,1000.00,0.0,1.45,1.0,<Residue ARG het=  resseq=83 icode= >,1pyi_A_A,3.2
427,13.817,ARG, ,NE,50.92,1000.00,5.587,1.19,1.0,<Residue ARG het=  resseq=83 icode= >,1pyi_A_A,3.2
428,4.257,ARG, ,CZ,52.08,1000.00,0.0,1.23,1.0,<Residue ARG het=  resseq=83 icode= >,1pyi_A_A,3.2
429,33.954,ARG, ,NH1,51.87,1000.00,15.374,1.12,1.0,<Residue ARG het=  resseq=83 icode= >,1pyi_A_A,3.2
430,52.61,ARG, ,NH2,52.66,1000.00,36.305,0.20,1.0,<Residue ARG het=  resseq=83 icode= >,1pyi_A_A,3.2
431,0.501,LEU, ,N,30.59,1000.00,0.501,2.59,1.0,<Residue LEU het=  resseq=84 icode= >,1pyi_A_A,3.2
432,0.105,LEU, ,CA,31.87,1000.00,0.105,1.89,1.0,<Residue LEU het=  resseq=84 icode= >,1pyi_A_A,3.2
433,0.0,LEU, ,C,32.08,1000.00,0.0,2.39,1.0,<Residue LEU het=  resseq=84 icode= >,1pyi_A_A,3.2
434,0.0,LEU, ,O,33.91,1000.00,0.0,0.13,1.0,<Residue LEU het=  resseq=84 icode= >,1pyi_A_A,3.2
435,4.299,LEU, ,CB,29.41,1000.00,0.0,1.58,1.0,<Residue LEU het=  resseq=84 icode= >,1pyi_A_A,3.2
436,9.368,LEU, ,CG,28.95,1000.00,8.771,2.39,1.0,<Residue LEU het=  resseq=84 icode= >,1pyi_A_A,3.2
437,47.352,LEU, ,CD1,27.89,1000.00,32.226,2.30,1.0,<Residue LEU het=  resseq=84 icode= >,1pyi_A_A,3.2
438,49.707,LEU, ,CD2,29.05,1000.00,49.707,0.94,1.0,<Residue LEU het=  resseq=84 icode= >,1pyi_A_A,3.2
439,0.0,ALA, ,N,32.01,1000.00,0.0,2.57,1.0,<Residue ALA het=  resseq=85 icode= >,1pyi_A_A,3.2
440,5.063,ALA, ,CA,34.73,1000.00,0.0,2.21,1.0,<Residue ALA het=  resseq=85 icode= >,1pyi_A_A,3.2
441,1.908,ALA, ,C,35.21,1000.00,0.0,2.42,1.0,<Residue ALA het=  resseq=85 icode= >,1pyi_A_A,3.2
442,6.96,ALA, ,O,33.77,1000.00,0.0,1.65,1.0,<Residue ALA het=  resseq=85 icode= >,1pyi_A_A,3.2
443,47.165,ALA, ,CB,35.45,1000.00,0.0,0.35,1.0,<Residue ALA het=  resseq=85 icode= >,1pyi_A_A,3.2
444,0.24,VAL, ,N,35.39,1000.00,0.0,0.92,1.0,<Residue VAL het=  resseq=86 icode= >,1pyi_A_A,3.2
445,5.141,VAL, ,CA,35.95,1000.00,0.0,2.18,1.0,<Residue VAL het=  resseq=86 icode= >,1pyi_A_A,3.2
446,0.0,VAL, ,C,35.66,1000.00,0.0,2.06,1.0,<Residue VAL het=  resseq=86 icode= >,1pyi_A_A,3.2
447,0.0,VAL, ,O,37.29,1000.00,0.0,0.29,1.0,<Residue VAL het=  resseq=86 icode= >,1pyi_A_A,3.2
448,0.453,VAL, ,CB,36.99,1000.00,0.274,0.79,1.0,<Residue VAL het=  resseq=86 icode= >,1pyi_A_A,3.2
449,39.937,VAL, ,CG1,39.45,1000.00,20.501,-0.58,1.0,<Residue VAL het=  resseq=86 icode= >,1pyi_A_A,3.2
450,22.474,VAL, ,CG2,37.27,1000.00,4.605,0.45,1.0,<Residue VAL het=  resseq=86 icode= >,1pyi_A_A,3.2
451,0.0,MET, ,N,34.7,1000.00,0.0,1.27,1.0,<Residue MET het=  resseq=87 icode= >,1pyi_A_A,3.2
452,0.057,MET, ,CA,33.83,1000.00,0.057,1.80,1.0,<Residue MET het=  resseq=87 icode= >,1pyi_A_A,3.2
453,0.296,MET, ,C,35.1,1000.00,0.296,2.14,1.0,<Residue MET het=  resseq=87 icode= >,1pyi_A_A,3.2
454,0.231,MET, ,O,34.74,1000.00,0.231,1.03,1.0,<Residue MET het=  resseq=87 icode= >,1pyi_A_A,3.2
455,5.183,MET, ,CB,32.05,1000.00,5.183,0.97,1.0,<Residue MET het=  resseq=87 icode= >,1pyi_A_A,3.2
456,31.474,MET, ,CG,29.91,1000.00,31.474,2.37,1.0,<Residue MET het=  resseq=87 icode= >,1pyi_A_A,3.2
457,13.936,MET, ,SD,28.66,1000.00,13.86,3.48,1.0,<Residue MET het=  resseq=87 icode= >,1pyi_A_A,3.2
458,31.56,MET, ,CE,28.78,1000.00,31.56,0.82,1.0,<Residue MET het=  resseq=87 icode= >,1pyi_A_A,3.2
459,0.0,MET, ,N,37.8,1000.00,0.0,1.75,1.0,<Residue MET het=  resseq=88 icode= >,1pyi_A_A,3.2
460,0.267,MET, ,CA,42.26,1000.00,0.0,1.70,1.0,<Residue MET het=  resseq=88 icode= >,1pyi_A_A,3.2
461,1.035,MET, ,C,44.05,1000.00,0.0,1.09,1.0,<Residue MET het=  resseq=88 icode= >,1pyi_A_A,3.2
462,0.401,MET, ,O,44.69,1000.00,0.0,0.49,1.0,<Residue MET het=  resseq=88 icode= >,1pyi_A_A,3.2
463,13.98,MET, ,CB,45.97,1000.00,0.0,0.80,1.0,<Residue MET het=  resseq=88 icode= >,1pyi_A_A,3.2
464,9.688,MET, ,CG,48.44,1000.00,8.462,0.52,1.0,<Residue MET het=  resseq=88 icode= >,1pyi_A_A,3.2
465,6.155,MET, ,SD,50.55,1000.00,1.106,1.52,1.0,<Residue MET het=  resseq=88 icode= >,1pyi_A_A,3.2
466,61.424,MET, ,CE,49.52,1000.00,5.705,1.55,1.0,<Residue MET het=  resseq=88 icode= >,1pyi_A_A,3.2
467,1.142,ARG, ,N,44.92,1000.00,0.0,1.17,1.0,<Residue ARG het=  resseq=89 icode= >,1pyi_A_A,3.2
468,7.935,ARG, ,CA,43.59,1000.00,0.0,2.45,1.0,<Residue ARG het=  resseq=89 icode= >,1pyi_A_A,3.2
469,0.0,ARG, ,C,39.55,1000.00,0.0,2.99,1.0,<Residue ARG het=  resseq=89 icode= >,1pyi_A_A,3.2
470,0.304,ARG, ,O,40.61,1000.00,0.0,0.90,1.0,<Residue ARG het=  resseq=89 icode= >,1pyi_A_A,3.2
471,12.458,ARG, ,CB,48.42,1000.00,0.0,1.01,1.0,<Residue ARG het=  resseq=89 icode= >,1pyi_A_A,3.2
472,9.82,ARG, ,CG,55.2,1000.00,0.0,0.73,1.0,<Residue ARG het=  resseq=89 icode= >,1pyi_A_A,3.2
473,28.382,ARG, ,CD,60.88,1000.00,0.0,0.33,1.0,<Residue ARG het=  resseq=89 icode= >,1pyi_A_A,3.2
474,6.937,ARG, ,NE,65.44,1000.00,0.0,-0.07,1.0,<Residue ARG het=  resseq=89 icode= >,1pyi_A_A,3.2
475,9.033,ARG, ,CZ,66.71,1000.00,0.0,0.87,1.0,<Residue ARG het=  resseq=89 icode= >,1pyi_A_A,3.2
476,52.154,ARG, ,NH1,67.26,1000.00,0.0,1.01,1.0,<Residue ARG het=  resseq=89 icode= >,1pyi_A_A,3.2
477,55.044,ARG, ,NH2,67.71,1000.00,0.0,1.15,1.0,<Residue ARG het=  resseq=89 icode= >,1pyi_A_A,3.2
478,0.0,VAL, ,N,34.21,1000.00,0.0,2.14,1.0,<Residue VAL het=  resseq=90 icode= >,1pyi_A_A,3.2
479,0.0,VAL, ,CA,31.65,1000.00,0.0,2.30,1.0,<Residue VAL het=  resseq=90 icode= >,1pyi_A_A,3.2
480,0.0,VAL, ,C,32.26,1000.00,0.0,2.02,1.0,<Residue VAL het=  resseq=90 icode= >,1pyi_A_A,3.2
481,0.0,VAL, ,O,31.73,1000.00,0.0,0.16,1.0,<Residue VAL het=  resseq=90 icode= >,1pyi_A_A,3.2
482,1.018,VAL, ,CB,30.66,1000.00,1.018,1.87,1.0,<Residue VAL het=  resseq=90 icode= >,1pyi_A_A,3.2
483,33.218,VAL, ,CG1,29.79,1000.00,31.122,0.29,1.0,<Residue VAL het=  resseq=90 icode= >,1pyi_A_A,3.2
484,24.751,VAL, ,CG2,30.16,1000.00,14.773,1.12,1.0,<Residue VAL het=  resseq=90 icode= >,1pyi_A_A,3.2
485,0.0,LEU, ,N,33.64,1000.00,0.0,0.72,1.0,<Residue LEU het=  resseq=91 icode= >,1pyi_A_A,3.2
486,0.154,LEU, ,CA,34.01,1000.00,0.154,1.23,1.0,<Residue LEU het=  resseq=91 icode= >,1pyi_A_A,3.2
487,0.0,LEU, ,C,36.02,1000.00,0.0,2.42,1.0,<Residue LEU het=  resseq=91 icode= >,1pyi_A_A,3.2
488,0.0,LEU, ,O,32.72,1000.00,0.0,1.81,1.0,<Residue LEU het=  resseq=91 icode= >,1pyi_A_A,3.2
489,1.92,LEU, ,CB,31.41,1000.00,1.682,1.70,1.0,<Residue LEU het=  resseq=91 icode= >,1pyi_A_A,3.2
490,0.0,LEU, ,CG,29.97,1000.00,0.0,2.72,1.0,<Residue LEU het=  resseq=91 icode= >,1pyi_A_A,3.2
491,48.382,LEU, ,CD1,28.34,1000.00,48.382,0.86,1.0,<Residue LEU het=  resseq=91 icode= >,1pyi_A_A,3.2
492,22.839,LEU, ,CD2,28.43,1000.00,22.714,1.96,1.0,<Residue LEU het=  resseq=91 icode= >,1pyi_A_A,3.2
493,0.139,LYS, ,N,41.19,1000.00,0.0,1.38,1.0,<Residue LYS het=  resseq=92 icode= >,1pyi_A_A,3.2
494,0.0,LYS, ,CA,46.69,1000.00,0.0,1.04,1.0,<Residue LYS het=  resseq=92 icode= >,1pyi_A_A,3.2
495,2.322,LYS, ,C,46.97,1000.00,0.0,1.66,1.0,<Residue LYS het=  resseq=92 icode= >,1pyi_A_A,3.2
496,10.109,LYS, ,O,45.66,1000.00,0.0,0.85,1.0,<Residue LYS het=  resseq=92 icode= >,1pyi_A_A,3.2
497,4.585,LYS, ,CB,50.57,1000.00,0.0,0.10,1.0,<Residue LYS het=  resseq=92 icode= >,1pyi_A_A,3.2
498,8.424,LYS, ,CG,54.81,1000.00,0.0,0.06,1.0,<Residue LYS het=  resseq=92 icode= >,1pyi_A_A,3.2
499,21.058,LYS, ,CD,57.63,1000.00,0.0,0.28,1.0,<Residue LYS het=  resseq=92 icode= >,1pyi_A_A,3.2
500,38.918,LYS, ,CE,58.52,1000.00,0.0,1.25,1.0,<Residue LYS het=  resseq=92 icode= >,1pyi_A_A,3.2
501,48.929,LYS, ,NZ,59.15,1000.00,0.0,1.01,1.0,<Residue LYS het=  resseq=92 icode= >,1pyi_A_A,3.2
502,1.098,GLU, ,N,47.61,1000.00,0.0,1.16,1.0,<Residue GLU het=  resseq=93 icode= >,1pyi_A_A,3.2
503,13.716,GLU, ,CA,48.65,1000.00,0.0,1.71,1.0,<Residue GLU het=  resseq=93 icode= >,1pyi_A_A,3.2
504,1.977,GLU, ,C,48.18,1000.00,0.0,1.85,1.0,<Residue GLU het=  resseq=93 icode= >,1pyi_A_A,3.2
505,21.866,GLU, ,O,49.58,1000.00,0.0,1.04,1.0,<Residue GLU het=  resseq=93 icode= >,1pyi_A_A,3.2
506,10.707,GLU, ,CB,48.6,1000.00,0.0,0.73,1.0,<Residue GLU het=  resseq=93 icode= >,1pyi_A_A,3.2
507,18.798,GLU, ,CG,49.52,1000.00,0.0,0.87,1.0,<Residue GLU het=  resseq=93 icode= >,1pyi_A_A,3.2
508,8.35,GLU, ,CD,50.66,1000.00,0.0,1.59,1.0,<Residue GLU het=  resseq=93 icode= >,1pyi_A_A,3.2
509,18.899,GLU, ,OE1,49.59,1000.00,0.0,1.19,1.0,<Residue GLU het=  resseq=93 icode= >,1pyi_A_A,3.2
510,13.335,GLU, ,OE2,51.62,1000.00,0.0,0.84,1.0,<Residue GLU het=  resseq=93 icode= >,1pyi_A_A,3.2
511,0.0,TYR, ,N,45.91,1000.00,0.0,0.91,1.0,<Residue TYR het=  resseq=94 icode= >,1pyi_A_A,3.2
512,9.48,TYR, ,CA,44.28,1000.00,0.0,2.11,1.0,<Residue TYR het=  resseq=94 icode= >,1pyi_A_A,3.2
513,3.867,TYR, ,C,43.26,1000.00,0.0,2.21,1.0,<Residue TYR het=  resseq=94 icode= >,1pyi_A_A,3.2
514,22.542,TYR, ,O,43.65,1000.00,10.235,1.41,1.0,<Residue TYR het=  resseq=94 icode= >,1pyi_A_A,3.2
515,5.762,TYR, ,CB,44.99,1000.00,5.165,1.68,1.0,<Residue TYR het=  resseq=94 icode= >,1pyi_A_A,3.2
516,2.015,TYR, ,CG,48.06,1000.00,0.644,1.34,1.0,<Residue TYR het=  resseq=94 icode= >,1pyi_A_A,3.2
517,3.161,TYR, ,CD1,48.52,1000.00,0.0,1.70,1.0,<Residue TYR het=  resseq=94 icode= >,1pyi_A_A,3.2
518,29.396,TYR, ,CD2,49.39,1000.00,21.715,-0.12,1.0,<Residue TYR het=  resseq=94 icode= >,1pyi_A_A,3.2
519,12.446,TYR, ,CE1,49.56,1000.00,0.033,1.71,1.0,<Residue TYR het=  resseq=94 icode= >,1pyi_A_A,3.2
520,34.636,TYR, ,CE2,50.0,1000.00,25.771,0.03,1.0,<Residue TYR het=  resseq=94 icode= >,1pyi_A_A,3.2
521,6.861,TYR, ,CZ,49.58,1000.00,2.404,1.86,1.0,<Residue TYR het=  resseq=94 icode= >,1pyi_A_A,3.2
522,42.021,TYR, ,OH,50.31,1000.00,20.625,0.48,1.0,<Residue TYR het=  resseq=94 icode= >,1pyi_A_A,3.2
523,0.0,GLY, ,N,42.42,1000.00,0.0,1.87,1.0,<Residue GLY het=  resseq=95 icode= >,1pyi_A_A,3.2
524,29.987,GLY, ,CA,43.16,1000.00,0.0,1.62,1.0,<Residue GLY het=  resseq=95 icode= >,1pyi_A_A,3.2
525,3.957,GLY, ,C,44.14,1000.00,0.0,1.36,1.0,<Residue GLY het=  resseq=95 icode= >,1pyi_A_A,3.2
526,30.662,GLY, ,O,44.28,1000.00,3.993,0.98,1.0,<Residue GLY het=  resseq=95 icode= >,1pyi_A_A,3.2
527,0.415,VAL, ,N,44.66,1000.00,0.0,0.91,1.0,<Residue VAL het=  resseq=96 icode= >,1pyi_A_A,3.2
528,3.307,VAL, ,CA,45.52,1000.00,0.0,1.81,1.0,<Residue VAL het=  resseq=96 icode= >,1pyi_A_A,3.2
529,2.162,VAL, ,C,45.82,1000.00,0.0,0.84,1.0,<Residue VAL het=  resseq=96 icode= >,1pyi_A_A,3.2
530,3.177,VAL, ,O,47.13,1000.00,0.0,0.48,1.0,<Residue VAL het=  resseq=96 icode= >,1pyi_A_A,3.2
531,0.0,VAL, ,CB,45.16,1000.00,0.0,1.47,1.0,<Residue VAL het=  resseq=96 icode= >,1pyi_A_A,3.2
532,38.784,VAL, ,CG1,44.44,1000.00,8.63,0.92,1.0,<Residue VAL het=  resseq=96 icode= >,1pyi_A_A,3.2
533,18.615,VAL, ,CG2,45.38,1000.00,18.615,0.10,1.0,<Residue VAL het=  resseq=96 icode= >,1pyi_A_A,3.2
534,0.0,ASP, ,N,44.83,1000.00,0.0,0.18,1.0,<Residue ASP het=  resseq=97 icode= >,1pyi_A_A,3.2
535,1.823,ASP, ,CA,41.69,1000.00,0.0,2.15,1.0,<Residue ASP het=  resseq=97 icode= >,1pyi_A_A,3.2
536,0.617,ASP, ,C,40.29,1000.00,0.0,2.51,1.0,<Residue ASP het=  resseq=97 icode= >,1pyi_A_A,3.2
537,3.929,ASP, ,O,36.8,1000.00,2.398,1.78,1.0,<Residue ASP het=  resseq=97 icode= >,1pyi_A_A,3.2
538,16.843,ASP, ,CB,42.72,1000.00,0.0,1.88,1.0,<Residue ASP het=  resseq=97 icode= >,1pyi_A_A,3.2
539,9.031,ASP, ,CG,43.5,1000.00,0.0,2.43,1.0,<Residue ASP het=  resseq=97 icode= >,1pyi_A_A,3.2
540,18.205,ASP, ,OD1,43.88,1000.00,0.0,1.86,1.0,<Residue ASP het=  resseq=97 icode= >,1pyi_A_A,3.2
541,23.137,ASP, ,OD2,43.1,1000.00,0.0,1.61,1.0,<Residue ASP het=  resseq=97 icode= >,1pyi_A_A,3.2
542,0.0,PRO, ,N,42.01,1000.00,0.0,1.52,1.0,<Residue PRO het=  resseq=98 icode= >,1pyi_A_A,3.2
543,5.045,PRO, ,CA,42.16,1000.00,2.571,0.87,1.0,<Residue PRO het=  resseq=98 icode= >,1pyi_A_A,3.2
544,1.916,PRO, ,C,41.28,1000.00,0.0,1.21,1.0,<Residue PRO het=  resseq=98 icode= >,1pyi_A_A,3.2
545,26.046,PRO, ,O,41.89,1000.00,0.0,1.93,1.0,<Residue PRO het=  resseq=98 icode= >,1pyi_A_A,3.2
546,30.7,PRO, ,CB,40.79,1000.00,3.609,2.15,1.0,<Residue PRO het=  resseq=98 icode= >,1pyi_A_A,3.2
547,40.716,PRO, ,CG,40.61,1000.00,0.0,2.86,1.0,<Residue PRO het=  resseq=98 icode= >,1pyi_A_A,3.2
548,12.569,PRO, ,CD,42.9,1000.00,0.0,1.10,1.0,<Residue PRO het=  resseq=98 icode= >,1pyi_A_A,3.2
549,8.094,THR, ,N,38.57,1000.00,7.818,0.63,1.0,<Residue THR het=  resseq=99 icode= >,1pyi_A_A,3.2
550,0.721,THR, ,CA,35.78,1000.00,0.437,2.12,1.0,<Residue THR het=  resseq=99 icode= >,1pyi_A_A,3.2
551,2.492,THR, ,C,34.23,1000.00,0.0,3.30,1.0,<Residue THR het=  resseq=99 icode= >,1pyi_A_A,3.2
552,15.354,THR, ,O,32.36,1000.00,7.708,2.26,1.0,<Residue THR het=  resseq=99 icode= >,1pyi_A_A,3.2
553,8.11,THR, ,CB,34.8,1000.00,7.801,2.67,1.0,<Residue THR het=  resseq=99 icode= >,1pyi_A_A,3.2
554,18.242,THR, ,OG1,34.23,1000.00,18.242,2.24,1.0,<Residue THR het=  resseq=99 icode= >,1pyi_A_A,3.2
555,45.014,THR, ,CG2,34.19,1000.00,24.594,0.65,1.0,<Residue THR het=  resseq=99 icode= >,1pyi_A_A,3.2
556,4.943,LYS, ,N,33.48,1000.00,0.0,2.97,1.0,<Residue LYS het=  resseq=100 icode= >,1pyi_A_A,3.2
557,8.935,LYS, ,CA,33.25,1000.00,0.0,2.63,1.0,<Residue LYS het=  resseq=100 icode= >,1pyi_A_A,3.2
558,0.0,LYS, ,C,31.91,1000.00,0.0,1.85,1.0,<Residue LYS het=  resseq=100 icode= >,1pyi_A_A,3.2
559,8.558,LYS, ,O,31.74,1000.00,8.558,0.26,1.0,<Residue LYS het=  resseq=100 icode= >,1pyi_A_A,3.2
560,19.065,LYS, ,CB,35.19,1000.00,0.014,0.96,1.0,<Residue LYS het=  resseq=100 icode= >,1pyi_A_A,3.2
561,7.112,LYS, ,CG,37.15,1000.00,0.0,0.57,1.0,<Residue LYS het=  resseq=100 icode= >,1pyi_A_A,3.2
562,33.255,LYS, ,CD,38.8,1000.00,0.0,0.08,1.0,<Residue LYS het=  resseq=100 icode= >,1pyi_A_A,3.2
563,38.506,LYS, ,CE,39.99,1000.00,0.0,1.13,1.0,<Residue LYS het=  resseq=100 icode= >,1pyi_A_A,3.2
564,39.982,LYS, ,NZ,40.58,1000.00,0.0,1.03,1.0,<Residue LYS het=  resseq=100 icode= >,1pyi_A_A,3.2
565,5.351,ILE, ,N,29.03,1000.00,0.0,2.11,1.0,<Residue ILE het=  resseq=101 icode= >,1pyi_A_A,3.2
566,2.276,ILE, ,CA,25.96,1000.00,2.264,2.11,1.0,<Residue ILE het=  resseq=101 icode= >,1pyi_A_A,3.2
567,4.806,ILE, ,C,22.69,1000.00,2.171,3.39,1.0,<Residue ILE het=  resseq=101 icode= >,1pyi_A_A,3.2
568,3.942,ILE, ,O,22.04,1000.00,3.451,1.80,1.0,<Residue ILE het=  resseq=101 icode= >,1pyi_A_A,3.2
569,7.701,ILE, ,CB,27.65,1000.00,7.701,1.09,1.0,<Residue ILE het=  resseq=101 icode= >,1pyi_A_A,3.2
570,11.242,ILE, ,CG1,27.87,1000.00,0.023,1.09,1.0,<Residue ILE het=  resseq=101 icode= >,1pyi_A_A,3.2
571,30.974,ILE, ,CG2,30.48,1000.00,30.882,-0.64,1.0,<Residue ILE het=  resseq=101 icode= >,1pyi_A_A,3.2
572,40.637,ILE, ,CD1,23.65,1000.00,37.641,1.48,1.0,<Residue ILE het=  resseq=101 icode= >,1pyi_A_A,3.2
573,3.568,ARG, ,N,19.79,1000.00,0.43,3.58,1.0,<Residue ARG het=  resseq=102 icode= >,1pyi_A_A,3.2
574,5.967,ARG, ,CA,19.09,1000.00,0.0,3.92,1.0,<Residue ARG het=  resseq=102 icode= >,1pyi_A_A,3.2
575,0.0,ARG, ,C,17.47,1000.00,0.0,4.11,1.0,<Residue ARG het=  resseq=102 icode= >,1pyi_A_A,3.2
576,1.122,ARG, ,O,15.03,1000.00,0.0,2.85,1.0,<Residue ARG het=  resseq=102 icode= >,1pyi_A_A,3.2
577,13.328,ARG, ,CB,23.91,1000.00,10.549,1.47,1.0,<Residue ARG het=  resseq=102 icode= >,1pyi_A_A,3.2
578,3.068,ARG, ,CG,29.83,1000.00,0.0,1.35,1.0,<Residue ARG het=  resseq=102 icode= >,1pyi_A_A,3.2
579,0.0,ARG, ,CD,34.79,1000.00,0.0,0.46,1.0,<Residue ARG het=  resseq=102 icode= >,1pyi_A_A,3.2
580,2.182,ARG, ,NE,38.33,1000.00,0.0,1.13,1.0,<Residue ARG het=  resseq=102 icode= >,1pyi_A_A,3.2
581,4.584,ARG, ,CZ,38.61,1000.00,1.201,2.63,1.0,<Residue ARG het=  resseq=102 icode= >,1pyi_A_A,3.2
582,42.02,ARG, ,NH1,38.82,1000.00,30.469,1.83,1.0,<Residue ARG het=  resseq=102 icode= >,1pyi_A_A,3.2
583,35.605,ARG, ,NH2,39.08,1000.00,0.0,1.41,1.0,<Residue ARG het=  resseq=102 icode= >,1pyi_A_A,3.2
584,11.564,GLY, ,N,16.69,1000.00,11.535,2.23,1.0,<Residue GLY het=  resseq=103 icode= >,1pyi_A_A,3.2
585,34.257,GLY, ,CA,13.96,1000.00,26.603,3.28,1.0,<Residue GLY het=  resseq=103 icode= >,1pyi_A_A,3.2
586,3.655,GLY, ,C,16.03,1000.00,3.551,3.30,1.0,<Residue GLY het=  resseq=103 icode= >,1pyi_A_A,3.2
587,0.0,GLY, ,O,17.22,1000.00,0.0,2.37,1.0,<Residue GLY het=  resseq=103 icode= >,1pyi_A_A,3.2
588,10.57,ASN, ,N,16.24,17.04,5.913,1.72,1.0,<Residue ASN het=  resseq=104 icode= >,1pyi_A_A,3.2
589,2.678,ASN, ,CA,16.6,17.41,2.678,3.52,1.0,<Residue ASN het=  resseq=104 icode= >,1pyi_A_A,3.2
590,4.412,ASN, ,C,19.31,16.35,4.412,3.77,1.0,<Residue ASN het=  resseq=104 icode= >,1pyi_A_A,3.2
591,24.389,ASN, ,O,19.82,15.16,24.084,1.73,1.0,<Residue ASN het=  resseq=104 icode= >,1pyi_A_A,3.2
592,2.967,ASN, ,CB,15.3,18.18,0.0,2.41,1.0,<Residue ASN het=  resseq=104 icode= >,1pyi_A_A,3.2
593,1.405,ASN, ,CG,14.76,17.44,1.405,4.09,1.0,<Residue ASN het=  resseq=104 icode= >,1pyi_A_A,3.2
594,20.944,ASN, ,OD1,16.54,16.30,20.944,2.79,1.0,<Residue ASN het=  resseq=104 icode= >,1pyi_A_A,3.2
595,5.871,ASN, ,ND2,16.18,17.89,4.751,2.20,1.0,<Residue ASN het=  resseq=104 icode= >,1pyi_A_A,3.2
596,0.007,ILE, ,N,21.68,16.89,0.007,3.15,1.0,<Residue ILE het=  resseq=105 icode= >,1pyi_A_A,3.2
597,5.697,ILE, ,CA,26.96,16.34,5.697,3.37,1.0,<Residue ILE het=  resseq=105 icode= >,1pyi_A_A,3.2
598,1.053,ILE, ,C,27.02,15.91,1.053,2.23,1.0,<Residue ILE het=  resseq=105 icode= >,1pyi_A_A,3.2
599,27.095,ILE, ,O,28.52,14.81,27.095,-0.39,1.0,<Residue ILE het=  resseq=105 icode= >,1pyi_A_A,3.2
600,12.904,ILE, ,CB,30.75,17.26,11.829,1.41,1.0,<Residue ILE het=  resseq=105 icode= >,1pyi_A_A,3.2
601,19.367,ILE, ,CG1,32.45,17.21,18.152,0.15,1.0,<Residue ILE het=  resseq=105 icode= >,1pyi_A_A,3.2
602,25.79,ILE, ,CG2,33.49,18.69,9.352,-0.26,1.0,<Residue ILE het=  resseq=105 icode= >,1pyi_A_A,3.2
603,56.653,ILE, ,CD1,33.14,18.20,7.481,0.88,1.0,<Residue ILE het=  resseq=105 icode= >,1pyi_A_A,3.2
604,0.0,PRO, ,N,25.77,16.87,0.0,2.22,1.0,<Residue PRO het=  resseq=106 icode= >,1pyi_A_A,3.2
605,5.433,PRO, ,CA,24.6,16.61,5.433,2.46,1.0,<Residue PRO het=  resseq=106 icode= >,1pyi_A_A,3.2
606,2.512,PRO, ,C,22.72,16.41,2.512,2.26,1.0,<Residue PRO het=  resseq=106 icode= >,1pyi_A_A,3.2
607,5.301,PRO, ,O,21.8,16.90,5.301,0.66,1.0,<Residue PRO het=  resseq=106 icode= >,1pyi_A_A,3.2
608,17.626,PRO, ,CB,24.23,17.89,12.401,2.00,1.0,<Residue PRO het=  resseq=106 icode= >,1pyi_A_A,3.2
609,32.19,PRO, ,CG,23.07,18.59,5.91,1.77,1.0,<Residue PRO het=  resseq=106 icode= >,1pyi_A_A,3.2
610,3.245,PRO, ,CD,24.46,18.17,0.0,0.19,1.0,<Residue PRO het=  resseq=106 icode= >,1pyi_A_A,3.2
611,9.953,ALA, ,N,20.34,15.89,9.953,1.83,1.0,<Residue ALA het=  resseq=107 icode= >,1pyi_A_A,3.2
612,13.523,ALA, ,CA,18.89,15.88,13.523,2.67,1.0,<Residue ALA het=  resseq=107 icode= >,1pyi_A_A,3.2
613,1.768,ALA, ,C,18.5,17.21,1.768,2.86,1.0,<Residue ALA het=  resseq=107 icode= >,1pyi_A_A,3.2
614,26.321,ALA, ,O,19.64,16.52,12.827,1.67,1.0,<Residue ALA het=  resseq=107 icode= >,1pyi_A_A,3.2
615,65.208,ALA, ,CB,16.41,15.09,42.44,2.49,1.0,<Residue ALA het=  resseq=107 icode= >,1pyi_A_A,3.2
616,0.0,THR, ,N,17.63,18.24,0.0,1.98,1.0,<Residue THR het=  resseq=108 icode= >,1pyi_A_A,3.2
617,4.915,THR, ,CA,15.71,19.11,0.0,2.65,1.0,<Residue THR het=  resseq=108 icode= >,1pyi_A_A,3.2
618,1.571,THR, ,C,14.79,20.31,0.0,2.88,1.0,<Residue THR het=  resseq=108 icode= >,1pyi_A_A,3.2
619,22.891,THR, ,O,14.33,21.19,0.0,2.15,1.0,<Residue THR het=  resseq=108 icode= >,1pyi_A_A,3.2
620,12.502,THR, ,CB,16.0,19.32,0.0,2.08,1.0,<Residue THR het=  resseq=108 icode= >,1pyi_A_A,3.2
621,25.309,THR, ,OG1,15.19,20.45,0.0,1.58,1.0,<Residue THR het=  resseq=108 icode= >,1pyi_A_A,3.2
622,59.478,THR, ,CG2,14.94,18.17,0.703,1.11,1.0,<Residue THR het=  resseq=108 icode= >,1pyi_A_A,3.2
623,0.04,SER, ,N,15.57,1000.00,0.04,2.08,1.0,<Residue SER het=  resseq=109 icode= >,1pyi_A_A,3.2
624,8.425,SER, ,CA,17.24,1000.00,0.0,3.69,1.0,<Residue SER het=  resseq=109 icode= >,1pyi_A_A,3.2
625,3.133,SER, ,C,20.22,1000.00,0.833,3.41,1.0,<Residue SER het=  resseq=109 icode= >,1pyi_A_A,3.2
626,19.266,SER, ,O,18.72,1000.00,11.776,1.97,1.0,<Residue SER het=  resseq=109 icode= >,1pyi_A_A,3.2
627,18.166,SER, ,CB,16.68,1000.00,0.0,2.30,1.0,<Residue SER het=  resseq=109 icode= >,1pyi_A_A,3.2
628,11.568,SER, ,OG,18.44,1000.00,0.0,1.53,1.0,<Residue SER het=  resseq=109 icode= >,1pyi_A_A,3.2
629,4.338,ASP, ,N,25.06,1000.00,0.0,2.38,1.0,<Residue ASP het=  resseq=110 icode= >,1pyi_A_A,3.2
630,4.292,ASP, ,CA,28.1,1000.00,0.243,2.48,1.0,<Residue ASP het=  resseq=110 icode= >,1pyi_A_A,3.2
631,2.987,ASP, ,C,28.42,1000.00,2.277,3.24,1.0,<Residue ASP het=  resseq=110 icode= >,1pyi_A_A,3.2
632,5.102,ASP, ,O,28.72,1000.00,1.154,1.64,1.0,<Residue ASP het=  resseq=110 icode= >,1pyi_A_A,3.2
633,23.521,ASP, ,CB,32.17,1000.00,0.0,0.69,1.0,<Residue ASP het=  resseq=110 icode= >,1pyi_A_A,3.2
634,12.13,ASP, ,CG,35.03,1000.00,0.0,2.34,1.0,<Residue ASP het=  resseq=110 icode= >,1pyi_A_A,3.2
635,41.335,ASP, ,OD1,37.1,1000.00,0.0,1.74,1.0,<Residue ASP het=  resseq=110 icode= >,1pyi_A_A,3.2
636,29.521,ASP, ,OD2,36.69,1000.00,0.0,1.71,1.0,<Residue ASP het=  resseq=110 icode= >,1pyi_A_A,3.2
637,0.076,ASP, ,N,28.22,1000.00,0.076,3.04,1.0,<Residue ASP het=  resseq=111 icode= >,1pyi_A_A,3.2
638,4.277,ASP, ,CA,30.98,1000.00,4.277,2.79,1.0,<Residue ASP het=  resseq=111 icode= >,1pyi_A_A,3.2
639,0.106,ASP, ,C,29.78,1000.00,0.0,2.45,1.0,<Residue ASP het=  resseq=111 icode= >,1pyi_A_A,3.2
640,10.417,ASP, ,O,30.55,1000.00,0.0,0.89,1.0,<Residue ASP het=  resseq=111 icode= >,1pyi_A_A,3.2
641,32.824,ASP, ,CB,35.97,1000.00,28.734,1.96,1.0,<Residue ASP het=  resseq=111 icode= >,1pyi_A_A,3.2
642,13.835,ASP, ,CG,40.52,1000.00,11.406,1.89,1.0,<Residue ASP het=  resseq=111 icode= >,1pyi_A_A,3.2
643,18.66,ASP, ,OD1,42.91,1000.00,0.989,0.55,1.0,<Residue ASP het=  resseq=111 icode= >,1pyi_A_A,3.2
644,29.287,ASP, ,OD2,43.14,1000.00,20.612,1.72,1.0,<Residue ASP het=  resseq=111 icode= >,1pyi_A_A,3.2
645,3.262,GLU, ,N,27.72,1000.00,3.262,2.89,1.0,<Residue GLU het=  resseq=112 icode= >,1pyi_A_A,3.2
646,0.0,GLU, ,CA,25.56,1000.00,0.0,3.38,1.0,<Residue GLU het=  resseq=112 icode= >,1pyi_A_A,3.2
647,0.674,GLU, ,C,28.04,1000.00,0.0,3.12,1.0,<Residue GLU het=  resseq=112 icode= >,1pyi_A_A,3.2
648,15.761,GLU, ,O,29.72,1000.00,0.0,2.08,1.0,<Residue GLU het=  resseq=112 icode= >,1pyi_A_A,3.2
649,21.623,GLU, ,CB,20.89,1000.00,18.279,3.84,1.0,<Residue GLU het=  resseq=112 icode= >,1pyi_A_A,3.2
650,6.295,GLU, ,CG,20.29,1000.00,6.281,2.92,1.0,<Residue GLU het=  resseq=112 icode= >,1pyi_A_A,3.2
651,8.556,GLU, ,CD,20.08,1000.00,8.556,3.19,1.0,<Residue GLU het=  resseq=112 icode= >,1pyi_A_A,3.2
652,18.114,GLU, ,OE1,18.4,1000.00,13.468,2.14,1.0,<Residue GLU het=  resseq=112 icode= >,1pyi_A_A,3.2
653,8.462,GLU, ,OE2,20.8,1000.00,2.884,1.56,1.0,<Residue GLU het=  resseq=112 icode= >,1pyi_A_A,3.2
654,0.0,PRO, ,N,31.0,1000.00,0.0,1.71,1.0,<Residue PRO het=  resseq=113 icode= >,1pyi_A_A,3.2
655,4.499,PRO, ,CA,34.1,1000.00,0.0,1.99,1.0,<Residue PRO het=  resseq=113 icode= >,1pyi_A_A,3.2
656,0.0,PRO, ,C,37.04,1000.00,0.0,2.28,1.0,<Residue PRO het=  resseq=113 icode= >,1pyi_A_A,3.2
657,0.0,PRO, ,O,36.32,1000.00,0.0,1.21,1.0,<Residue PRO het=  resseq=113 icode= >,1pyi_A_A,3.2
658,22.454,PRO, ,CB,33.41,1000.00,0.0,1.96,1.0,<Residue PRO het=  resseq=113 icode= >,1pyi_A_A,3.2
659,15.846,PRO, ,CG,34.38,1000.00,0.0,1.42,1.0,<Residue PRO het=  resseq=113 icode= >,1pyi_A_A,3.2
660,0.733,PRO, ,CD,32.23,1000.00,0.0,1.53,1.0,<Residue PRO het=  resseq=113 icode= >,1pyi_A_A,3.2
661,0.538,PHE, ,N,40.53,1000.00,0.0,2.05,1.0,<Residue PHE het=  resseq=114 icode= >,1pyi_A_A,3.2
662,2.642,PHE, ,CA,43.22,1000.00,0.0,2.74,1.0,<Residue PHE het=  resseq=114 icode= >,1pyi_A_A,3.2
663,0.0,PHE, ,C,45.22,1000.00,0.0,2.22,1.0,<Residue PHE het=  resseq=114 icode= >,1pyi_A_A,3.2
664,0.467,PHE, ,O,43.31,1000.00,0.0,1.87,1.0,<Residue PHE het=  resseq=114 icode= >,1pyi_A_A,3.2
665,27.163,PHE, ,CB,44.73,1000.00,0.0,2.32,1.0,<Residue PHE het=  resseq=114 icode= >,1pyi_A_A,3.2
666,2.143,PHE, ,CG,49.37,1000.00,0.0,1.74,1.0,<Residue PHE het=  resseq=114 icode= >,1pyi_A_A,3.2
667,19.862,PHE, ,CD1,51.39,1000.00,0.0,1.19,1.0,<Residue PHE het=  resseq=114 icode= >,1pyi_A_A,3.2
668,21.715,PHE, ,CD2,51.67,1000.00,1.133,0.52,1.0,<Residue PHE het=  resseq=114 icode= >,1pyi_A_A,3.2
669,35.08,PHE, ,CE1,52.69,1000.00,0.0,1.49,1.0,<Residue PHE het=  resseq=114 icode= >,1pyi_A_A,3.2
670,31.987,PHE, ,CE2,52.29,1000.00,13.117,1.40,1.0,<Residue PHE het=  resseq=114 icode= >,1pyi_A_A,3.2
671,35.745,PHE, ,CZ,53.07,1000.00,0.0,1.44,1.0,<Residue PHE het=  resseq=114 icode= >,1pyi_A_A,3.2
672,10.219,ASP, ,N,48.77,1000.00,0.0,1.14,1.0,<Residue ASP het=  resseq=115 icode= >,1pyi_A_A,3.2
673,10.728,ASP, ,CA,51.86,1000.00,0.0,0.86,1.0,<Residue ASP het=  resseq=115 icode= >,1pyi_A_A,3.2
674,0.058,ASP, ,C,52.49,1000.00,0.0,0.91,1.0,<Residue ASP het=  resseq=115 icode= >,1pyi_A_A,3.2
675,16.683,ASP, ,O,51.95,1000.00,0.0,0.76,1.0,<Residue ASP het=  resseq=115 icode= >,1pyi_A_A,3.2
676,24.542,ASP, ,CB,53.77,1000.00,0.0,0.25,1.0,<Residue ASP het=  resseq=115 icode= >,1pyi_A_A,3.2
677,7.791,ASP, ,CG,55.28,1000.00,0.0,0.94,1.0,<Residue ASP het=  resseq=115 icode= >,1pyi_A_A,3.2
678,29.769,ASP, ,OD1,56.25,1000.00,0.0,1.15,1.0,<Residue ASP het=  resseq=115 icode= >,1pyi_A_A,3.2
679,39.123,ASP, ,OD2,55.75,1000.00,0.0,1.46,1.0,<Residue ASP het=  resseq=115 icode= >,1pyi_A_A,3.2
680,0.0,LEU, ,N,51.69,1000.00,0.0,0.93,1.0,<Residue LEU het=  resseq=116 icode= >,1pyi_A_A,3.2
681,6.563,LEU, ,CA,49.9,1000.00,0.0,2.16,1.0,<Residue LEU het=  resseq=116 icode= >,1pyi_A_A,3.2
682,2.873,LEU, ,C,50.0,1000.00,0.0,1.97,1.0,<Residue LEU het=  resseq=116 icode= >,1pyi_A_A,3.2
683,17.045,LEU, ,O,51.72,1000.00,0.0,0.79,1.0,<Residue LEU het=  resseq=116 icode= >,1pyi_A_A,3.2
684,19.106,LEU, ,CB,49.81,1000.00,0.0,1.25,1.0,<Residue LEU het=  resseq=116 icode= >,1pyi_A_A,3.2
685,0.0,LEU, ,CG,50.16,1000.00,0.0,0.96,1.0,<Residue LEU het=  resseq=116 icode= >,1pyi_A_A,3.2
686,23.203,LEU, ,CD1,49.67,1000.00,0.0,0.43,1.0,<Residue LEU het=  resseq=116 icode= >,1pyi_A_A,3.2
687,40.611,LEU, ,CD2,50.8,1000.00,0.0,0.87,1.0,<Residue LEU het=  resseq=116 icode= >,1pyi_A_A,3.2
688,0.159,LYS, ,N,49.33,1000.00,0.0,0.74,1.0,<Residue LYS het=  resseq=117 icode= >,1pyi_A_A,3.2
689,0.151,LYS, ,CA,49.34,1000.00,0.0,1.42,1.0,<Residue LYS het=  resseq=117 icode= >,1pyi_A_A,3.2
690,11.529,LYS, ,C,50.25,1000.00,0.0,1.08,1.0,<Residue LYS het=  resseq=117 icode= >,1pyi_A_A,3.2
691,31.002,LYS, ,O,51.63,1000.00,0.0,0.87,1.0,<Residue LYS het=  resseq=117 icode= >,1pyi_A_A,3.2
692,18.165,LYS, ,CB,48.82,1000.00,0.0,0.35,1.0,<Residue LYS het=  resseq=117 icode= >,1pyi_A_A,3.2
693,22.847,LYS, ,CG,47.35,1000.00,0.0,0.46,1.0,<Residue LYS het=  resseq=117 icode= >,1pyi_A_A,3.2
694,7.09,LYS, ,CD,45.17,1000.00,0.0,0.93,1.0,<Residue LYS het=  resseq=117 icode= >,1pyi_A_A,3.2
695,39.805,LYS, ,CE,42.79,1000.00,13.45,2.23,1.0,<Residue LYS het=  resseq=117 icode= >,1pyi_A_A,3.2
696,15.079,LYS, ,NZ,41.63,1000.00,11.217,1.63,1.0,<Residue LYS het=  resseq=117 icode= >,1pyi_A_A,3.2
