,ASA,aa,altloc,atom,bfac,d2r,dASA,dens,occ,residue,id,resolu
0,30.971,SER, ,N,98.24,1000.00,0.0,1.05,0.0,<Residue SER het=  resseq=366 icode= >,1rio_H_A,2.3
1,12.487,SER, ,CA,98.57,1000.00,0.0,0.74,0.0,<Residue SER het=  resseq=366 icode= >,1rio_H_A,2.3
2,3.132,SER, ,C,98.6,1000.00,0.0,0.95,0.0,<Residue SER het=  resseq=366 icode= >,1rio_H_A,2.3
3,4.227,SER, ,O,98.5,1000.00,0.0,0.41,0.0,<Residue SER het=  resseq=366 icode= >,1rio_H_A,2.3
4,47.945,SER, ,CB,98.72,1000.00,0.0,0.74,0.0,<Residue SER het=  resseq=366 icode= >,1rio_H_A,2.3
5,25.817,SER, ,OG,98.89,1000.00,0.0,0.46,0.0,<Residue SER het=  resseq=366 icode= >,1rio_H_A,2.3
6,0.543,GLU, ,N,98.8,1000.00,0.0,0.81,0.0,<Residue GLU het=  resseq=367 icode= >,1rio_H_A,2.3
7,3.209,GLU, ,CA,98.69,1000.00,0.0,0.99,0.0,<Residue GLU het=  resseq=367 icode= >,1rio_H_A,2.3
8,1.209,GLU, ,C,98.81,1000.00,0.0,1.43,0.0,<Residue GLU het=  resseq=367 icode= >,1rio_H_A,2.3
9,1.627,GLU, ,O,99.0,1000.00,0.0,0.87,0.0,<Residue GLU het=  resseq=367 icode= >,1rio_H_A,2.3
10,65.675,GLU, ,CB,98.18,1000.00,0.0,0.22,0.0,<Residue GLU het=  resseq=367 icode= >,1rio_H_A,2.3
11,3.021,GLU, ,N,98.75,1000.00,0.0,0.91,0.0,<Residue GLU het=  resseq=368 icode= >,1rio_H_A,2.3
12,10.231,GLU, ,CA,98.4,1000.00,0.0,0.67,0.0,<Residue GLU het=  resseq=368 icode= >,1rio_H_A,2.3
13,0.106,GLU, ,C,97.58,1000.00,0.0,1.06,0.0,<Residue GLU het=  resseq=368 icode= >,1rio_H_A,2.3
14,10.29,GLU, ,O,96.89,1000.00,0.0,1.15,0.0,<Residue GLU het=  resseq=368 icode= >,1rio_H_A,2.3
15,63.33,GLU, ,CB,99.19,1000.00,0.0,0.24,0.0,<Residue GLU het=  resseq=368 icode= >,1rio_H_A,2.3
16,3.709,LEU, ,N,60.3,1000.00,0.0,0.77,1.0,<Residue LEU het=  resseq=369 icode= >,1rio_H_A,2.3
17,0.054,LEU, ,CA,60.42,1000.00,0.0,1.13,1.0,<Residue LEU het=  resseq=369 icode= >,1rio_H_A,2.3
18,0.0,LEU, ,C,60.1,1000.00,0.0,1.46,1.0,<Residue LEU het=  resseq=369 icode= >,1rio_H_A,2.3
19,0.0,LEU, ,O,60.1,1000.00,0.0,0.81,1.0,<Residue LEU het=  resseq=369 icode= >,1rio_H_A,2.3
20,13.447,LEU, ,CB,60.59,1000.00,0.0,0.96,1.0,<Residue LEU het=  resseq=369 icode= >,1rio_H_A,2.3
21,0.862,LEU, ,CG,61.49,1000.00,0.0,0.73,1.0,<Residue LEU het=  resseq=369 icode= >,1rio_H_A,2.3
22,26.329,LEU, ,CD1,61.96,1000.00,0.0,0.16,1.0,<Residue LEU het=  resseq=369 icode= >,1rio_H_A,2.3
23,34.428,LEU, ,CD2,61.59,1000.00,0.0,0.08,1.0,<Residue LEU het=  resseq=369 icode= >,1rio_H_A,2.3
24,0.084,GLU, ,N,59.77,1000.00,0.0,1.32,1.0,<Residue GLU het=  resseq=370 icode= >,1rio_H_A,2.3
25,1.631,GLU, ,CA,59.39,1000.00,0.0,1.29,1.0,<Residue GLU het=  resseq=370 icode= >,1rio_H_A,2.3
26,1.368,GLU, ,C,58.78,1000.00,0.0,1.49,1.0,<Residue GLU het=  resseq=370 icode= >,1rio_H_A,2.3
27,7.847,GLU, ,O,58.45,1000.00,0.0,0.77,1.0,<Residue GLU het=  resseq=370 icode= >,1rio_H_A,2.3
28,41.764,GLU, ,CB,59.53,1000.00,0.0,0.30,1.0,<Residue GLU het=  resseq=370 icode= >,1rio_H_A,2.3
29,0.457,LYS, ,N,58.07,1000.00,0.0,0.68,1.0,<Residue LYS het=  resseq=371 icode= >,1rio_H_A,2.3
30,3.571,LYS, ,CA,57.55,1000.00,0.0,0.26,1.0,<Residue LYS het=  resseq=371 icode= >,1rio_H_A,2.3
31,1.255,LYS, ,C,56.77,1000.00,0.0,1.50,1.0,<Residue LYS het=  resseq=371 icode= >,1rio_H_A,2.3
32,12.956,LYS, ,O,56.54,1000.00,0.0,1.09,1.0,<Residue LYS het=  resseq=371 icode= >,1rio_H_A,2.3
33,55.237,LYS, ,CB,57.44,1000.00,0.0,0.38,1.0,<Residue LYS het=  resseq=371 icode= >,1rio_H_A,2.3
34,0.0,ALA, ,N,55.89,1000.00,0.0,0.83,1.0,<Residue ALA het=  resseq=372 icode= >,1rio_H_A,2.3
35,10.699,ALA, ,CA,55.01,1000.00,0.0,1.06,1.0,<Residue ALA het=  resseq=372 icode= >,1rio_H_A,2.3
36,0.0,ALA, ,C,53.81,1000.00,0.0,1.35,1.0,<Residue ALA het=  resseq=372 icode= >,1rio_H_A,2.3
37,7.87,ALA, ,O,53.87,1000.00,0.0,0.56,1.0,<Residue ALA het=  resseq=372 icode= >,1rio_H_A,2.3
38,29.321,ALA, ,CB,55.22,1000.00,0.0,0.71,1.0,<Residue ALA het=  resseq=372 icode= >,1rio_H_A,2.3
39,0.0,LEU, ,N,52.41,19.29,0.0,0.67,1.0,<Residue LEU het=  resseq=373 icode= >,1rio_H_A,2.3
40,0.0,LEU, ,CA,51.4,18.01,0.0,1.42,1.0,<Residue LEU het=  resseq=373 icode= >,1rio_H_A,2.3
41,0.0,LEU, ,C,50.53,17.27,0.0,1.73,1.0,<Residue LEU het=  resseq=373 icode= >,1rio_H_A,2.3
42,6.368,LEU, ,O,49.95,16.49,0.0,1.51,1.0,<Residue LEU het=  resseq=373 icode= >,1rio_H_A,2.3
43,1.481,LEU, ,CB,51.4,18.31,0.0,1.79,1.0,<Residue LEU het=  resseq=373 icode= >,1rio_H_A,2.3
44,0.0,LEU, ,CG,51.56,18.99,0.0,1.69,1.0,<Residue LEU het=  resseq=373 icode= >,1rio_H_A,2.3
45,4.048,LEU, ,CD1,52.06,19.50,0.0,0.61,1.0,<Residue LEU het=  resseq=373 icode= >,1rio_H_A,2.3
46,4.009,LEU, ,CD2,51.77,18.17,0.0,0.48,1.0,<Residue LEU het=  resseq=373 icode= >,1rio_H_A,2.3
47,0.0,SER, ,N,49.75,17.66,0.0,0.86,1.0,<Residue SER het=  resseq=374 icode= >,1rio_H_A,2.3
48,4.433,SER, ,CA,48.83,17.20,0.0,0.67,1.0,<Residue SER het=  resseq=374 icode= >,1rio_H_A,2.3
49,3.529,SER, ,C,47.84,16.66,0.0,1.18,1.0,<Residue SER het=  resseq=374 icode= >,1rio_H_A,2.3
50,20.767,SER, ,O,48.07,17.43,0.0,0.72,1.0,<Residue SER het=  resseq=374 icode= >,1rio_H_A,2.3
51,28.041,SER, ,CB,48.89,18.42,0.0,0.74,1.0,<Residue SER het=  resseq=374 icode= >,1rio_H_A,2.3
52,21.122,SER, ,OG,48.19,18.91,0.0,0.67,1.0,<Residue SER het=  resseq=374 icode= >,1rio_H_A,2.3
53,1.814,LYS, ,N,46.76,15.38,0.0,0.90,1.0,<Residue LYS het=  resseq=375 icode= >,1rio_H_A,2.3
54,16.732,LYS, ,CA,45.47,14.74,0.0,1.80,1.0,<Residue LYS het=  resseq=375 icode= >,1rio_H_A,2.3
55,2.891,LYS, ,C,44.15,13.31,0.0,2.01,1.0,<Residue LYS het=  resseq=375 icode= >,1rio_H_A,2.3
56,19.014,LYS, ,O,44.11,12.42,0.0,1.63,1.0,<Residue LYS het=  resseq=375 icode= >,1rio_H_A,2.3
57,21.374,LYS, ,CB,45.55,15.45,0.0,1.16,1.0,<Residue LYS het=  resseq=375 icode= >,1rio_H_A,2.3
58,0.0,LEU, ,N,42.41,13.22,0.0,1.45,1.0,<Residue LEU het=  resseq=376 icode= >,1rio_H_A,2.3
59,0.0,LEU, ,CA,41.06,12.05,0.0,1.68,1.0,<Residue LEU het=  resseq=376 icode= >,1rio_H_A,2.3
60,2.847,LEU, ,C,39.81,11.74,0.0,2.61,1.0,<Residue LEU het=  resseq=376 icode= >,1rio_H_A,2.3
61,15.52,LEU, ,O,39.15,12.64,0.0,1.68,1.0,<Residue LEU het=  resseq=376 icode= >,1rio_H_A,2.3
62,0.0,LEU, ,CB,41.22,12.52,0.0,0.91,1.0,<Residue LEU het=  resseq=376 icode= >,1rio_H_A,2.3
63,0.0,LEU, ,CG,39.94,13.67,0.0,2.29,1.0,<Residue LEU het=  resseq=376 icode= >,1rio_H_A,2.3
64,0.0,LEU, ,CD1,38.38,14.21,0.0,1.21,1.0,<Residue LEU het=  resseq=376 icode= >,1rio_H_A,2.3
65,0.0,LEU, ,CD2,39.82,13.23,0.0,0.75,1.0,<Residue LEU het=  resseq=376 icode= >,1rio_H_A,2.3
66,2.751,SER, ,N,38.63,10.58,0.0,2.47,1.0,<Residue SER het=  resseq=377 icode= >,1rio_H_A,2.3
67,12.681,SER, ,CA,37.95,10.41,0.0,2.37,1.0,<Residue SER het=  resseq=377 icode= >,1rio_H_A,2.3
68,0.0,SER, ,C,37.6,11.51,0.0,2.69,1.0,<Residue SER het=  resseq=377 icode= >,1rio_H_A,2.3
69,0.0,SER, ,O,37.04,11.75,0.0,1.85,1.0,<Residue SER het=  resseq=377 icode= >,1rio_H_A,2.3
70,38.067,SER, ,CB,38.04,9.06,0.0,1.51,1.0,<Residue SER het=  resseq=377 icode= >,1rio_H_A,2.3
71,2.174,SER, ,OG,38.26,8.95,0.0,1.34,1.0,<Residue SER het=  resseq=377 icode= >,1rio_H_A,2.3
72,6.955,GLU, ,N,36.86,11.88,0.0,2.51,1.0,<Residue GLU het=  resseq=378 icode= >,1rio_H_A,2.3
73,4.498,GLU, ,CA,36.51,12.45,0.0,2.02,1.0,<Residue GLU het=  resseq=378 icode= >,1rio_H_A,2.3
74,0.587,GLU, ,C,34.7,11.48,0.0,2.89,1.0,<Residue GLU het=  resseq=378 icode= >,1rio_H_A,2.3
75,1.286,GLU, ,O,34.4,11.97,0.0,2.14,1.0,<Residue GLU het=  resseq=378 icode= >,1rio_H_A,2.3
76,26.839,GLU, ,CB,37.12,13.24,0.0,1.20,1.0,<Residue GLU het=  resseq=378 icode= >,1rio_H_A,2.3
77,24.603,GLU, ,CG,39.36,12.54,0.0,1.29,1.0,<Residue GLU het=  resseq=378 icode= >,1rio_H_A,2.3
78,12.448,GLU, ,CD,43.51,13.53,0.0,1.04,1.0,<Residue GLU het=  resseq=378 icode= >,1rio_H_A,2.3
79,39.413,GLU, ,OE1,44.16,14.40,0.0,1.05,1.0,<Residue GLU het=  resseq=378 icode= >,1rio_H_A,2.3
80,42.499,GLU, ,OE2,43.87,13.59,0.0,1.05,1.0,<Residue GLU het=  resseq=378 icode= >,1rio_H_A,2.3
81,0.251,ARG, ,N,33.22,10.19,0.0,2.14,1.0,<Residue ARG het=  resseq=379 icode= >,1rio_H_A,2.3
82,1.99,ARG, ,CA,32.33,9.29,0.0,1.98,1.0,<Residue ARG het=  resseq=379 icode= >,1rio_H_A,2.3
83,0.0,ARG, ,C,30.82,9.38,0.0,3.20,1.0,<Residue ARG het=  resseq=379 icode= >,1rio_H_A,2.3
84,0.0,ARG, ,O,29.62,9.70,0.0,2.83,1.0,<Residue ARG het=  resseq=379 icode= >,1rio_H_A,2.3
85,15.991,ARG, ,CB,32.22,7.94,0.0,2.04,1.0,<Residue ARG het=  resseq=379 icode= >,1rio_H_A,2.3
86,2.671,ARG, ,CG,33.63,7.01,0.0,1.86,1.0,<Residue ARG het=  resseq=379 icode= >,1rio_H_A,2.3
87,8.167,ARG, ,CD,35.4,5.58,0.0,2.15,1.0,<Residue ARG het=  resseq=379 icode= >,1rio_H_A,2.3
88,5.185,ARG, ,NE,35.25,4.69,0.0,2.52,1.0,<Residue ARG het=  resseq=379 icode= >,1rio_H_A,2.3
89,4.416,ARG, ,CZ,33.43,3.39,0.207,3.20,1.0,<Residue ARG het=  resseq=379 icode= >,1rio_H_A,2.3
90,26.128,ARG, ,NH1,30.93,2.88,6.455,2.18,1.0,<Residue ARG het=  resseq=379 icode= >,1rio_H_A,2.3
91,25.963,ARG, ,NH2,34.47,3.05,14.855,1.64,1.0,<Residue ARG het=  resseq=379 icode= >,1rio_H_A,2.3
92,0.0,GLU, ,N,28.95,9.43,0.0,2.56,1.0,<Residue GLU het=  resseq=380 icode= >,1rio_H_A,2.3
93,0.0,GLU, ,CA,28.1,9.86,0.0,2.93,1.0,<Residue GLU het=  resseq=380 icode= >,1rio_H_A,2.3
94,0.0,GLU, ,C,27.64,11.23,0.0,2.92,1.0,<Residue GLU het=  resseq=380 icode= >,1rio_H_A,2.3
95,0.0,GLU, ,O,26.77,11.67,0.0,2.22,1.0,<Residue GLU het=  resseq=380 icode= >,1rio_H_A,2.3
96,0.0,GLU, ,CB,27.79,10.11,0.0,2.12,1.0,<Residue GLU het=  resseq=380 icode= >,1rio_H_A,2.3
97,5.122,GLU, ,CG,27.73,8.97,0.0,1.05,1.0,<Residue GLU het=  resseq=380 icode= >,1rio_H_A,2.3
98,2.974,GLU, ,CD,27.97,8.59,0.0,2.88,1.0,<Residue GLU het=  resseq=380 icode= >,1rio_H_A,2.3
99,0.0,GLU, ,OE1,23.85,9.34,0.0,2.45,1.0,<Residue GLU het=  resseq=380 icode= >,1rio_H_A,2.3
100,8.447,GLU, ,OE2,26.48,7.73,0.0,2.41,1.0,<Residue GLU het=  resseq=380 icode= >,1rio_H_A,2.3
101,0.0,ALA, ,N,27.42,12.05,0.0,2.24,1.0,<Residue ALA het=  resseq=381 icode= >,1rio_H_A,2.3
102,0.0,ALA, ,CA,26.85,13.42,0.0,2.90,1.0,<Residue ALA het=  resseq=381 icode= >,1rio_H_A,2.3
103,0.0,ALA, ,C,26.67,13.56,0.0,3.02,1.0,<Residue ALA het=  resseq=381 icode= >,1rio_H_A,2.3
104,0.0,ALA, ,O,26.89,14.41,0.0,2.14,1.0,<Residue ALA het=  resseq=381 icode= >,1rio_H_A,2.3
105,9.742,ALA, ,CB,27.15,14.22,0.0,1.44,1.0,<Residue ALA het=  resseq=381 icode= >,1rio_H_A,2.3
106,0.088,MET, ,N,25.15,12.90,0.0,2.28,1.0,<Residue MET het=  resseq=382 icode= >,1rio_H_A,2.3
107,0.009,MET, ,CA,25.51,13.18,0.0,2.39,1.0,<Residue MET het=  resseq=382 icode= >,1rio_H_A,2.3
108,0.0,MET, ,C,24.36,12.83,0.0,3.40,1.0,<Residue MET het=  resseq=382 icode= >,1rio_H_A,2.3
109,0.0,MET, ,O,24.37,13.12,0.0,2.45,1.0,<Residue MET het=  resseq=382 icode= >,1rio_H_A,2.3
110,3.02,MET, ,CB,25.6,12.73,0.0,1.95,1.0,<Residue MET het=  resseq=382 icode= >,1rio_H_A,2.3
111,4.786,MET, ,CG,27.59,13.23,0.0,1.99,1.0,<Residue MET het=  resseq=382 icode= >,1rio_H_A,2.3
112,2.794,MET, ,SD,32.67,15.02,0.0,4.64,1.0,<Residue MET het=  resseq=382 icode= >,1rio_H_A,2.3
113,45.369,MET, ,CE,33.95,15.61,0.0,0.81,1.0,<Residue MET het=  resseq=382 icode= >,1rio_H_A,2.3
114,0.0,VAL, ,N,24.3,11.72,0.0,2.52,1.0,<Residue VAL het=  resseq=383 icode= >,1rio_H_A,2.3
115,0.0,VAL, ,CA,23.86,11.63,0.0,2.36,1.0,<Residue VAL het=  resseq=383 icode= >,1rio_H_A,2.3
116,0.0,VAL, ,C,23.39,11.17,0.0,3.53,1.0,<Residue VAL het=  resseq=383 icode= >,1rio_H_A,2.3
117,0.0,VAL, ,O,21.8,10.16,0.0,2.90,1.0,<Residue VAL het=  resseq=383 icode= >,1rio_H_A,2.3
118,0.0,VAL, ,CB,24.21,10.45,0.0,3.34,1.0,<Residue VAL het=  resseq=383 icode= >,1rio_H_A,2.3
119,0.0,VAL, ,CG1,26.07,10.45,0.0,1.94,1.0,<Residue VAL het=  resseq=383 icode= >,1rio_H_A,2.3
120,0.0,VAL, ,CG2,24.38,9.24,0.0,1.97,1.0,<Residue VAL het=  resseq=383 icode= >,1rio_H_A,2.3
121,0.0,LEU, ,N,23.21,11.85,0.0,2.54,1.0,<Residue LEU het=  resseq=384 icode= >,1rio_H_A,2.3
122,0.0,LEU, ,CA,23.61,11.49,0.0,2.57,1.0,<Residue LEU het=  resseq=384 icode= >,1rio_H_A,2.3
123,0.567,LEU, ,C,24.15,11.57,0.0,4.13,1.0,<Residue LEU het=  resseq=384 icode= >,1rio_H_A,2.3
124,0.0,LEU, ,O,24.62,10.80,0.0,2.70,1.0,<Residue LEU het=  resseq=384 icode= >,1rio_H_A,2.3
125,5.619,LEU, ,CB,23.68,12.54,0.0,1.65,1.0,<Residue LEU het=  resseq=384 icode= >,1rio_H_A,2.3
126,0.0,LEU, ,CG,23.6,12.07,0.0,3.05,1.0,<Residue LEU het=  resseq=384 icode= >,1rio_H_A,2.3
127,3.501,LEU, ,CD1,21.32,12.94,0.0,2.08,1.0,<Residue LEU het=  resseq=384 icode= >,1rio_H_A,2.3
128,0.632,LEU, ,CD2,25.99,10.65,0.0,1.55,1.0,<Residue LEU het=  resseq=384 icode= >,1rio_H_A,2.3
129,0.0,LYS, ,N,25.4,12.65,0.0,3.05,1.0,<Residue LYS het=  resseq=385 icode= >,1rio_H_A,2.3
130,1.083,LYS, ,CA,25.77,13.12,0.0,2.64,1.0,<Residue LYS het=  resseq=385 icode= >,1rio_H_A,2.3
131,0.0,LYS, ,C,26.24,12.22,0.0,2.99,1.0,<Residue LYS het=  resseq=385 icode= >,1rio_H_A,2.3
132,0.0,LYS, ,O,26.2,12.17,0.0,1.97,1.0,<Residue LYS het=  resseq=385 icode= >,1rio_H_A,2.3
133,0.0,LYS, ,CB,26.15,14.49,0.0,1.86,1.0,<Residue LYS het=  resseq=385 icode= >,1rio_H_A,2.3
134,0.287,LYS, ,CG,28.6,15.68,0.0,1.48,1.0,<Residue LYS het=  resseq=385 icode= >,1rio_H_A,2.3
135,1.225,LYS, ,CD,31.02,16.97,0.0,1.64,1.0,<Residue LYS het=  resseq=385 icode= >,1rio_H_A,2.3
136,16.364,LYS, ,CE,33.94,18.28,0.0,1.35,1.0,<Residue LYS het=  resseq=385 icode= >,1rio_H_A,2.3
137,40.163,LYS, ,NZ,35.46,19.43,0.0,0.54,1.0,<Residue LYS het=  resseq=385 icode= >,1rio_H_A,2.3
138,0.0,LEU, ,N,26.25,11.66,0.0,2.75,1.0,<Residue LEU het=  resseq=386 icode= >,1rio_H_A,2.3
139,0.44,LEU, ,CA,26.78,10.94,0.0,2.59,1.0,<Residue LEU het=  resseq=386 icode= >,1rio_H_A,2.3
140,0.0,LEU, ,C,26.44,9.54,0.0,3.27,1.0,<Residue LEU het=  resseq=386 icode= >,1rio_H_A,2.3
141,0.0,LEU, ,O,25.5,9.18,0.0,2.24,1.0,<Residue LEU het=  resseq=386 icode= >,1rio_H_A,2.3
142,0.175,LEU, ,CB,27.67,11.11,0.0,2.05,1.0,<Residue LEU het=  resseq=386 icode= >,1rio_H_A,2.3
143,0.0,LEU, ,CG,32.15,12.55,0.0,1.84,1.0,<Residue LEU het=  resseq=386 icode= >,1rio_H_A,2.3
144,0.318,LEU, ,CD1,20.0,12.58,0.0,1.14,1.0,<Residue LEU het=  resseq=386 icode= >,1rio_H_A,2.3
145,10.962,LEU, ,CD2,20.0,13.23,0.0,1.00,1.0,<Residue LEU het=  resseq=386 icode= >,1rio_H_A,2.3
146,0.0,ARG, ,N,26.73,8.93,0.0,2.26,1.0,<Residue ARG het=  resseq=387 icode= >,1rio_H_A,2.3
147,0.0,ARG, ,CA,27.41,7.67,0.0,2.84,1.0,<Residue ARG het=  resseq=387 icode= >,1rio_H_A,2.3
148,0.0,ARG, ,C,28.7,8.02,0.0,3.34,1.0,<Residue ARG het=  resseq=387 icode= >,1rio_H_A,2.3
149,4.471,ARG, ,O,29.19,7.36,0.0,2.37,1.0,<Residue ARG het=  resseq=387 icode= >,1rio_H_A,2.3
150,1.059,ARG, ,CB,27.23,7.34,0.0,2.23,1.0,<Residue ARG het=  resseq=387 icode= >,1rio_H_A,2.3
151,0.0,ARG, ,CG,26.81,7.01,0.0,2.68,1.0,<Residue ARG het=  resseq=387 icode= >,1rio_H_A,2.3
152,0.0,ARG, ,CD,28.1,5.66,0.0,2.58,1.0,<Residue ARG het=  resseq=387 icode= >,1rio_H_A,2.3
153,0.0,ARG, ,NE,26.24,4.80,0.0,2.38,1.0,<Residue ARG het=  resseq=387 icode= >,1rio_H_A,2.3
154,3.144,ARG, ,CZ,28.35,3.51,0.0,2.82,1.0,<Residue ARG het=  resseq=387 icode= >,1rio_H_A,2.3
155,19.392,ARG, ,NH1,29.29,2.89,9.937,2.26,1.0,<Residue ARG het=  resseq=387 icode= >,1rio_H_A,2.3
156,34.889,ARG, ,NH2,27.13,3.26,15.176,1.53,1.0,<Residue ARG het=  resseq=387 icode= >,1rio_H_A,2.3
157,0.0,LYS, ,N,29.27,9.28,0.0,2.96,1.0,<Residue LYS het=  resseq=388 icode= >,1rio_H_A,2.3
158,0.527,LYS, ,CA,29.78,9.95,0.0,2.20,1.0,<Residue LYS het=  resseq=388 icode= >,1rio_H_A,2.3
159,0.0,LYS, ,C,29.39,10.83,0.0,2.49,1.0,<Residue LYS het=  resseq=388 icode= >,1rio_H_A,2.3
160,16.27,LYS, ,O,29.3,11.70,0.0,2.30,1.0,<Residue LYS het=  resseq=388 icode= >,1rio_H_A,2.3
161,6.934,LYS, ,CB,30.47,10.91,0.0,1.20,1.0,<Residue LYS het=  resseq=388 icode= >,1rio_H_A,2.3
162,16.385,LYS, ,CG,33.68,10.39,0.0,1.17,1.0,<Residue LYS het=  resseq=388 icode= >,1rio_H_A,2.3
163,17.548,LYS, ,CD,37.8,9.38,0.0,0.25,1.0,<Residue LYS het=  resseq=388 icode= >,1rio_H_A,2.3
164,19.817,LYS, ,CE,39.42,9.07,0.0,1.03,1.0,<Residue LYS het=  resseq=388 icode= >,1rio_H_A,2.3
165,49.018,LYS, ,NZ,38.17,8.57,0.0,1.50,1.0,<Residue LYS het=  resseq=388 icode= >,1rio_H_A,2.3
166,0.0,GLY, ,N,28.54,10.76,0.0,2.68,1.0,<Residue GLY het=  resseq=389 icode= >,1rio_H_A,2.3
167,3.187,GLY, ,CA,27.88,11.71,0.0,2.49,1.0,<Residue GLY het=  resseq=389 icode= >,1rio_H_A,2.3
168,1.387,GLY, ,C,27.51,13.15,0.0,3.76,1.0,<Residue GLY het=  resseq=389 icode= >,1rio_H_A,2.3
169,9.052,GLY, ,O,27.0,14.05,0.0,2.15,1.0,<Residue GLY het=  resseq=389 icode= >,1rio_H_A,2.3
170,0.0,LEU, ,N,27.26,13.46,0.0,2.50,1.0,<Residue LEU het=  resseq=390 icode= >,1rio_H_A,2.3
171,2.7,LEU, ,CA,27.1,14.88,0.0,2.36,1.0,<Residue LEU het=  resseq=390 icode= >,1rio_H_A,2.3
172,0.185,LEU, ,C,26.43,15.63,0.0,2.98,1.0,<Residue LEU het=  resseq=390 icode= >,1rio_H_A,2.3
173,27.299,LEU, ,O,27.98,16.85,0.0,2.16,1.0,<Residue LEU het=  resseq=390 icode= >,1rio_H_A,2.3
174,6.016,LEU, ,CB,27.57,15.20,0.0,1.88,1.0,<Residue LEU het=  resseq=390 icode= >,1rio_H_A,2.3
175,2.896,LEU, ,CG,29.36,15.18,0.0,2.33,1.0,<Residue LEU het=  resseq=390 icode= >,1rio_H_A,2.3
176,52.858,LEU, ,CD1,30.29,15.99,0.0,0.76,1.0,<Residue LEU het=  resseq=390 icode= >,1rio_H_A,2.3
177,12.68,LEU, ,CD2,31.02,13.82,0.0,1.12,1.0,<Residue LEU het=  resseq=390 icode= >,1rio_H_A,2.3
178,0.032,ILE, ,N,24.95,15.04,0.0,2.21,1.0,<Residue ILE het=  resseq=391 icode= >,1rio_H_A,2.3
179,2.279,ILE, ,CA,24.02,15.93,0.0,1.79,1.0,<Residue ILE het=  resseq=391 icode= >,1rio_H_A,2.3
180,1.197,ILE, ,C,23.48,16.39,0.0,3.56,1.0,<Residue ILE het=  resseq=391 icode= >,1rio_H_A,2.3
181,27.286,ILE, ,O,22.69,17.57,0.0,2.63,1.0,<Residue ILE het=  resseq=391 icode= >,1rio_H_A,2.3
182,0.0,ILE, ,CB,24.17,15.38,0.0,2.67,1.0,<Residue ILE het=  resseq=391 icode= >,1rio_H_A,2.3
183,0.0,ILE, ,CG1,24.28,15.28,0.0,1.97,1.0,<Residue ILE het=  resseq=391 icode= >,1rio_H_A,2.3
184,31.995,ILE, ,CG2,24.98,16.38,0.0,1.64,1.0,<Residue ILE het=  resseq=391 icode= >,1rio_H_A,2.3
185,16.872,ILE, ,CD1,24.43,16.65,0.0,1.57,1.0,<Residue ILE het=  resseq=391 icode= >,1rio_H_A,2.3
186,0.0,ASP, ,N,22.41,15.51,0.0,2.63,1.0,<Residue ASP het=  resseq=392 icode= >,1rio_H_A,2.3
187,8.672,ASP, ,CA,21.79,16.01,0.0,2.16,1.0,<Residue ASP het=  resseq=392 icode= >,1rio_H_A,2.3
188,4.557,ASP, ,C,22.16,15.65,0.0,2.96,1.0,<Residue ASP het=  resseq=392 icode= >,1rio_H_A,2.3
189,26.66,ASP, ,O,22.03,15.90,0.0,2.75,1.0,<Residue ASP het=  resseq=392 icode= >,1rio_H_A,2.3
190,26.942,ASP, ,CB,21.3,15.72,0.0,1.95,1.0,<Residue ASP het=  resseq=392 icode= >,1rio_H_A,2.3
191,2.676,ASP, ,CG,18.39,14.29,0.0,4.22,1.0,<Residue ASP het=  resseq=392 icode= >,1rio_H_A,2.3
192,17.287,ASP, ,OD1,19.21,13.91,0.0,3.00,1.0,<Residue ASP het=  resseq=392 icode= >,1rio_H_A,2.3
193,0.105,ASP, ,OD2,16.37,13.44,0.0,3.01,1.0,<Residue ASP het=  resseq=392 icode= >,1rio_H_A,2.3
194,2.829,GLY, ,N,23.02,15.01,0.0,1.62,1.0,<Residue GLY het=  resseq=393 icode= >,1rio_H_A,2.3
195,31.757,GLY, ,CA,23.99,14.87,0.0,2.26,1.0,<Residue GLY het=  resseq=393 icode= >,1rio_H_A,2.3
196,3.695,GLY, ,C,24.88,13.56,0.0,3.49,1.0,<Residue GLY het=  resseq=393 icode= >,1rio_H_A,2.3
197,30.465,GLY, ,O,24.97,13.45,0.0,1.94,1.0,<Residue GLY het=  resseq=393 icode= >,1rio_H_A,2.3
198,0.0,ARG, ,N,25.72,12.69,0.0,2.52,1.0,<Residue ARG het=  resseq=394 icode= >,1rio_H_A,2.3
199,3.998,ARG, ,CA,26.5,11.44,0.0,3.21,1.0,<Residue ARG het=  resseq=394 icode= >,1rio_H_A,2.3
200,0.0,ARG, ,C,26.21,10.23,0.0,3.11,1.0,<Residue ARG het=  resseq=394 icode= >,1rio_H_A,2.3
201,0.0,ARG, ,O,25.72,10.31,0.0,1.94,1.0,<Residue ARG het=  resseq=394 icode= >,1rio_H_A,2.3
202,21.732,ARG, ,CB,27.32,10.83,0.0,2.49,1.0,<Residue ARG het=  resseq=394 icode= >,1rio_H_A,2.3
203,4.979,ARG, ,CG,30.69,9.37,0.0,1.88,1.0,<Residue ARG het=  resseq=394 icode= >,1rio_H_A,2.3
204,14.516,ARG, ,CD,37.29,8.56,0.0,1.24,1.0,<Residue ARG het=  resseq=394 icode= >,1rio_H_A,2.3
205,2.197,ARG, ,NE,44.63,7.12,0.0,1.90,1.0,<Residue ARG het=  resseq=394 icode= >,1rio_H_A,2.3
206,4.219,ARG, ,CZ,50.87,6.18,0.0,1.47,1.0,<Residue ARG het=  resseq=394 icode= >,1rio_H_A,2.3
207,44.044,ARG, ,NH1,52.36,6.72,0.0,0.44,1.0,<Residue ARG het=  resseq=394 icode= >,1rio_H_A,2.3
208,28.167,ARG, ,NH2,51.5,4.88,4.073,0.72,1.0,<Residue ARG het=  resseq=394 icode= >,1rio_H_A,2.3
209,3.711,GLU, ,N,25.99,9.25,0.0,2.64,1.0,<Residue GLU het=  resseq=395 icode= >,1rio_H_A,2.3
210,0.0,GLU, ,CA,26.57,8.07,0.0,2.44,1.0,<Residue GLU het=  resseq=395 icode= >,1rio_H_A,2.3
211,0.0,GLU, ,C,26.03,7.06,0.0,3.37,1.0,<Residue GLU het=  resseq=395 icode= >,1rio_H_A,2.3
212,12.172,GLU, ,O,28.65,6.12,0.0,2.13,1.0,<Residue GLU het=  resseq=395 icode= >,1rio_H_A,2.3
213,13.392,GLU, ,CB,26.62,7.68,0.0,1.24,1.0,<Residue GLU het=  resseq=395 icode= >,1rio_H_A,2.3
214,9.385,GLU, ,CG,28.73,8.93,0.0,1.26,1.0,<Residue GLU het=  resseq=395 icode= >,1rio_H_A,2.3
215,12.734,GLU, ,CD,33.6,8.93,0.0,2.11,1.0,<Residue GLU het=  resseq=395 icode= >,1rio_H_A,2.3
216,35.41,GLU, ,OE1,34.91,7.93,0.0,1.46,1.0,<Residue GLU het=  resseq=395 icode= >,1rio_H_A,2.3
217,41.537,GLU, ,OE2,34.5,10.10,0.0,1.39,1.0,<Residue GLU het=  resseq=395 icode= >,1rio_H_A,2.3
218,0.0,HIS, ,N,23.97,7.44,0.0,2.82,1.0,<Residue HIS het=  resseq=396 icode= >,1rio_H_A,2.3
219,0.0,HIS, ,CA,22.71,7.02,0.0,3.31,1.0,<Residue HIS het=  resseq=396 icode= >,1rio_H_A,2.3
220,0.0,HIS, ,C,21.94,5.63,0.0,3.91,1.0,<Residue HIS het=  resseq=396 icode= >,1rio_H_A,2.3
221,0.0,HIS, ,O,23.09,5.02,0.0,2.41,1.0,<Residue HIS het=  resseq=396 icode= >,1rio_H_A,2.3
222,0.0,HIS, ,CB,21.92,7.92,0.0,2.22,1.0,<Residue HIS het=  resseq=396 icode= >,1rio_H_A,2.3
223,1.627,HIS, ,CG,19.42,9.31,0.0,3.76,1.0,<Residue HIS het=  resseq=396 icode= >,1rio_H_A,2.3
224,0.777,HIS, ,ND1,20.09,9.53,0.0,4.25,1.0,<Residue HIS het=  resseq=396 icode= >,1rio_H_A,2.3
225,1.954,HIS, ,CD2,19.71,10.46,0.0,2.74,1.0,<Residue HIS het=  resseq=396 icode= >,1rio_H_A,2.3
226,26.142,HIS, ,CE1,18.98,10.58,0.0,3.27,1.0,<Residue HIS het=  resseq=396 icode= >,1rio_H_A,2.3
227,3.153,HIS, ,NE2,17.94,11.48,0.0,3.90,1.0,<Residue HIS het=  resseq=396 icode= >,1rio_H_A,2.3
228,0.0,THR, ,N,20.25,5.06,0.0,3.45,1.0,<Residue THR het=  resseq=397 icode= >,1rio_H_A,2.3
229,0.665,THR, ,CA,19.19,3.66,0.459,3.58,1.0,<Residue THR het=  resseq=397 icode= >,1rio_H_A,2.3
230,0.0,THR, ,C,20.36,3.79,0.0,3.66,1.0,<Residue THR het=  resseq=397 icode= >,1rio_H_A,2.3
231,0.0,THR, ,O,19.93,4.99,0.0,2.95,1.0,<Residue THR het=  resseq=397 icode= >,1rio_H_A,2.3
232,8.353,THR, ,CB,19.08,3.54,7.918,2.92,1.0,<Residue THR het=  resseq=397 icode= >,1rio_H_A,2.3
233,2.606,THR, ,OG1,15.81,4.54,1.809,2.84,1.0,<Residue THR het=  resseq=397 icode= >,1rio_H_A,2.3
234,48.351,THR, ,CG2,18.64,3.75,37.03,1.46,1.0,<Residue THR het=  resseq=397 icode= >,1rio_H_A,2.3
235,1.573,LEU, ,N,20.6,2.92,1.573,2.75,1.0,<Residue LEU het=  resseq=398 icode= >,1rio_H_A,2.3
236,0.0,LEU, ,CA,20.53,3.76,0.0,3.24,1.0,<Residue LEU het=  resseq=398 icode= >,1rio_H_A,2.3
237,0.0,LEU, ,C,20.65,4.66,0.0,3.52,1.0,<Residue LEU het=  resseq=398 icode= >,1rio_H_A,2.3
238,0.0,LEU, ,O,22.59,5.81,0.0,2.59,1.0,<Residue LEU het=  resseq=398 icode= >,1rio_H_A,2.3
239,3.223,LEU, ,CB,20.5,3.44,3.223,2.22,1.0,<Residue LEU het=  resseq=398 icode= >,1rio_H_A,2.3
240,0.885,LEU, ,CG,21.03,3.44,0.885,2.52,1.0,<Residue LEU het=  resseq=398 icode= >,1rio_H_A,2.3
241,31.295,LEU, ,CD1,23.06,3.62,31.165,1.91,1.0,<Residue LEU het=  resseq=398 icode= >,1rio_H_A,2.3
242,0.083,LEU, ,CD2,24.6,4.83,0.0,1.51,1.0,<Residue LEU het=  resseq=398 icode= >,1rio_H_A,2.3
243,1.028,GLU, ,N,21.24,4.52,0.422,3.06,1.0,<Residue GLU het=  resseq=399 icode= >,1rio_H_A,2.3
244,0.123,GLU, ,CA,22.89,5.86,0.0,3.30,1.0,<Residue GLU het=  resseq=399 icode= >,1rio_H_A,2.3
245,0.39,GLU, ,C,22.94,6.82,0.0,3.80,1.0,<Residue GLU het=  resseq=399 icode= >,1rio_H_A,2.3
246,1.283,GLU, ,O,23.32,7.90,0.0,3.41,1.0,<Residue GLU het=  resseq=399 icode= >,1rio_H_A,2.3
247,13.938,GLU, ,CB,24.33,5.13,6.769,2.78,1.0,<Residue GLU het=  resseq=399 icode= >,1rio_H_A,2.3
248,33.445,GLU, ,CG,27.71,5.70,0.153,2.01,1.0,<Residue GLU het=  resseq=399 icode= >,1rio_H_A,2.3
249,7.984,GLU, ,CD,31.59,6.37,0.0,2.80,1.0,<Residue GLU het=  resseq=399 icode= >,1rio_H_A,2.3
250,10.048,GLU, ,OE1,31.97,5.17,2.403,1.87,1.0,<Residue GLU het=  resseq=399 icode= >,1rio_H_A,2.3
251,27.683,GLU, ,OE2,33.0,7.23,0.0,1.71,1.0,<Residue GLU het=  resseq=399 icode= >,1rio_H_A,2.3
252,0.038,GLU, ,N,22.77,6.55,0.0,2.91,1.0,<Residue GLU het=  resseq=400 icode= >,1rio_H_A,2.3
253,3.943,GLU, ,CA,22.21,7.43,0.0,3.37,1.0,<Residue GLU het=  resseq=400 icode= >,1rio_H_A,2.3
254,1.244,GLU, ,C,22.52,8.32,0.0,3.14,1.0,<Residue GLU het=  resseq=400 icode= >,1rio_H_A,2.3
255,5.46,GLU, ,O,22.66,9.53,0.0,2.09,1.0,<Residue GLU het=  resseq=400 icode= >,1rio_H_A,2.3
256,4.37,GLU, ,CB,21.72,7.22,0.0,2.20,1.0,<Residue GLU het=  resseq=400 icode= >,1rio_H_A,2.3
257,26.959,GLU, ,CG,21.21,6.36,0.0,2.33,1.0,<Residue GLU het=  resseq=400 icode= >,1rio_H_A,2.3
258,2.309,GLU, ,CD,21.36,6.16,0.0,4.69,1.0,<Residue GLU het=  resseq=400 icode= >,1rio_H_A,2.3
259,0.0,GLU, ,OE1,21.01,6.66,0.0,3.25,1.0,<Residue GLU het=  resseq=400 icode= >,1rio_H_A,2.3
260,19.886,GLU, ,OE2,17.07,5.72,0.0,2.90,1.0,<Residue GLU het=  resseq=400 icode= >,1rio_H_A,2.3
261,0.0,VAL, ,N,23.13,7.66,0.0,2.78,1.0,<Residue VAL het=  resseq=401 icode= >,1rio_H_A,2.3
262,1.174,VAL, ,CA,23.55,8.56,0.0,2.94,1.0,<Residue VAL het=  resseq=401 icode= >,1rio_H_A,2.3
263,0.0,VAL, ,C,23.22,9.19,0.0,4.25,1.0,<Residue VAL het=  resseq=401 icode= >,1rio_H_A,2.3
264,0.0,VAL, ,O,22.58,9.63,0.0,3.13,1.0,<Residue VAL het=  resseq=401 icode= >,1rio_H_A,2.3
265,0.0,VAL, ,CB,23.46,8.08,0.0,2.96,1.0,<Residue VAL het=  resseq=401 icode= >,1rio_H_A,2.3
266,0.0,VAL, ,CG1,23.49,9.29,0.0,1.79,1.0,<Residue VAL het=  resseq=401 icode= >,1rio_H_A,2.3
267,1.163,VAL, ,CG2,23.58,7.94,0.0,1.48,1.0,<Residue VAL het=  resseq=401 icode= >,1rio_H_A,2.3
268,0.0,GLY, ,N,24.06,8.54,0.0,3.47,1.0,<Residue GLY het=  resseq=402 icode= >,1rio_H_A,2.3
269,0.505,GLY, ,CA,23.8,7.67,0.0,2.57,1.0,<Residue GLY het=  resseq=402 icode= >,1rio_H_A,2.3
270,0.0,GLY, ,C,22.21,8.04,0.0,3.74,1.0,<Residue GLY het=  resseq=402 icode= >,1rio_H_A,2.3
271,0.0,GLY, ,O,23.18,7.47,0.0,2.44,1.0,<Residue GLY het=  resseq=402 icode= >,1rio_H_A,2.3
272,1.804,ALA, ,N,21.29,8.87,0.0,2.71,1.0,<Residue ALA het=  resseq=403 icode= >,1rio_H_A,2.3
273,10.346,ALA, ,CA,20.68,9.23,0.0,2.84,1.0,<Residue ALA het=  resseq=403 icode= >,1rio_H_A,2.3
274,1.749,ALA, ,C,19.66,9.80,0.0,4.18,1.0,<Residue ALA het=  resseq=403 icode= >,1rio_H_A,2.3
275,18.952,ALA, ,O,19.76,9.74,0.0,2.25,1.0,<Residue ALA het=  resseq=403 icode= >,1rio_H_A,2.3
276,51.283,ALA, ,CB,21.29,10.38,0.0,1.85,1.0,<Residue ALA het=  resseq=403 icode= >,1rio_H_A,2.3
277,0.792,TYR, ,N,19.59,10.53,0.0,3.47,1.0,<Residue TYR het=  resseq=404 icode= >,1rio_H_A,2.3
278,9.77,TYR, ,CA,19.83,11.23,0.0,2.97,1.0,<Residue TYR het=  resseq=404 icode= >,1rio_H_A,2.3
279,0.0,TYR, ,C,20.06,10.43,0.0,3.17,1.0,<Residue TYR het=  resseq=404 icode= >,1rio_H_A,2.3
280,22.118,TYR, ,O,19.22,10.89,0.0,3.17,1.0,<Residue TYR het=  resseq=404 icode= >,1rio_H_A,2.3
281,7.529,TYR, ,CB,19.75,12.25,0.0,2.11,1.0,<Residue TYR het=  resseq=404 icode= >,1rio_H_A,2.3
282,0.003,TYR, ,CG,21.66,13.22,0.0,3.18,1.0,<Residue TYR het=  resseq=404 icode= >,1rio_H_A,2.3
283,23.303,TYR, ,CD1,22.08,14.45,0.0,3.45,1.0,<Residue TYR het=  resseq=404 icode= >,1rio_H_A,2.3
284,0.0,TYR, ,CD2,21.44,12.36,0.0,2.18,1.0,<Residue TYR het=  resseq=404 icode= >,1rio_H_A,2.3
285,29.964,TYR, ,CE1,20.08,14.89,0.0,3.34,1.0,<Residue TYR het=  resseq=404 icode= >,1rio_H_A,2.3
286,8.607,TYR, ,CE2,17.69,12.80,0.0,2.24,1.0,<Residue TYR het=  resseq=404 icode= >,1rio_H_A,2.3
287,5.482,TYR, ,CZ,17.87,14.06,0.0,3.66,1.0,<Residue TYR het=  resseq=404 icode= >,1rio_H_A,2.3
288,37.457,TYR, ,OH,16.31,14.59,0.0,3.03,1.0,<Residue TYR het=  resseq=404 icode= >,1rio_H_A,2.3
289,0.0,PHE, ,N,20.06,9.39,0.0,3.00,1.0,<Residue PHE het=  resseq=405 icode= >,1rio_H_A,2.3
290,2.052,PHE, ,CA,19.6,8.88,0.0,3.30,1.0,<Residue PHE het=  resseq=405 icode= >,1rio_H_A,2.3
291,3.174,PHE, ,C,19.95,7.70,0.0,4.43,1.0,<Residue PHE het=  resseq=405 icode= >,1rio_H_A,2.3
292,19.538,PHE, ,O,21.16,7.17,0.0,3.09,1.0,<Residue PHE het=  resseq=405 icode= >,1rio_H_A,2.3
293,0.0,PHE, ,CB,20.11,8.13,0.0,2.51,1.0,<Residue PHE het=  resseq=405 icode= >,1rio_H_A,2.3
294,0.0,PHE, ,CG,19.34,8.58,0.0,2.71,1.0,<Residue PHE het=  resseq=405 icode= >,1rio_H_A,2.3
295,0.0,PHE, ,CD1,18.7,9.18,0.0,2.75,1.0,<Residue PHE het=  resseq=405 icode= >,1rio_H_A,2.3
296,14.353,PHE, ,CD2,19.66,8.58,0.0,2.00,1.0,<Residue PHE het=  resseq=405 icode= >,1rio_H_A,2.3
297,0.0,PHE, ,CE1,18.93,9.81,0.0,3.23,1.0,<Residue PHE het=  resseq=405 icode= >,1rio_H_A,2.3
298,17.335,PHE, ,CE2,19.12,9.35,0.0,2.23,1.0,<Residue PHE het=  resseq=405 icode= >,1rio_H_A,2.3
299,0.165,PHE, ,CZ,19.98,9.88,0.0,2.46,1.0,<Residue PHE het=  resseq=405 icode= >,1rio_H_A,2.3
300,0.747,GLY, ,N,19.59,7.34,0.0,3.45,1.0,<Residue GLY het=  resseq=406 icode= >,1rio_H_A,2.3
301,33.542,GLY, ,CA,19.17,6.38,0.0,3.03,1.0,<Residue GLY het=  resseq=406 icode= >,1rio_H_A,2.3
302,4.27,GLY, ,C,19.18,4.90,0.0,4.90,1.0,<Residue GLY het=  resseq=406 icode= >,1rio_H_A,2.3
303,26.119,GLY, ,O,20.17,4.16,3.184,3.00,1.0,<Residue GLY het=  resseq=406 icode= >,1rio_H_A,2.3
304,0.541,VAL, ,N,19.69,4.72,0.0,2.80,1.0,<Residue VAL het=  resseq=407 icode= >,1rio_H_A,2.3
305,7.863,VAL, ,CA,20.13,3.55,5.865,2.47,1.0,<Residue VAL het=  resseq=407 icode= >,1rio_H_A,2.3
306,3.884,VAL, ,C,20.33,3.93,0.015,3.25,1.0,<Residue VAL het=  resseq=407 icode= >,1rio_H_A,2.3
307,5.456,VAL, ,O,21.16,5.11,0.0,2.85,1.0,<Residue VAL het=  resseq=407 icode= >,1rio_H_A,2.3
308,3.15,VAL, ,CB,19.82,3.43,3.15,3.38,1.0,<Residue VAL het=  resseq=407 icode= >,1rio_H_A,2.3
309,28.663,VAL, ,CG1,20.4,4.12,16.42,1.86,1.0,<Residue VAL het=  resseq=407 icode= >,1rio_H_A,2.3
310,0.0,VAL, ,CG2,20.2,4.44,0.0,2.30,1.0,<Residue VAL het=  resseq=407 icode= >,1rio_H_A,2.3
311,0.172,THR, ,N,20.64,3.06,0.172,2.64,1.0,<Residue THR het=  resseq=408 icode= >,1rio_H_A,2.3
312,5.429,THR, ,CA,20.95,3.94,0.0,2.39,1.0,<Residue THR het=  resseq=408 icode= >,1rio_H_A,2.3
313,0.0,THR, ,C,21.34,4.74,0.0,3.75,1.0,<Residue THR het=  resseq=408 icode= >,1rio_H_A,2.3
314,0.0,THR, ,O,21.07,4.63,0.0,2.73,1.0,<Residue THR het=  resseq=408 icode= >,1rio_H_A,2.3
315,8.519,THR, ,CB,21.27,3.62,3.174,2.71,1.0,<Residue THR het=  resseq=408 icode= >,1rio_H_A,2.3
316,5.615,THR, ,OG1,17.65,2.93,5.615,2.30,1.0,<Residue THR het=  resseq=408 icode= >,1rio_H_A,2.3
317,65.799,THR, ,CG2,22.67,3.38,45.975,1.91,1.0,<Residue THR het=  resseq=408 icode= >,1rio_H_A,2.3
318,0.489,ARG, ,N,21.28,5.88,0.0,2.95,1.0,<Residue ARG het=  resseq=409 icode= >,1rio_H_A,2.3
319,0.0,ARG, ,CA,21.19,5.97,0.0,2.11,1.0,<Residue ARG het=  resseq=409 icode= >,1rio_H_A,2.3
320,0.081,ARG, ,C,22.07,5.08,0.081,3.65,1.0,<Residue ARG het=  resseq=409 icode= >,1rio_H_A,2.3
321,0.0,ARG, ,O,21.98,5.19,0.0,3.04,1.0,<Residue ARG het=  resseq=409 icode= >,1rio_H_A,2.3
322,0.0,ARG, ,CB,20.51,5.51,0.0,2.54,1.0,<Residue ARG het=  resseq=409 icode= >,1rio_H_A,2.3
323,7.147,ARG, ,CG,20.39,4.42,4.574,2.14,1.0,<Residue ARG het=  resseq=409 icode= >,1rio_H_A,2.3
324,15.515,ARG, ,CD,20.83,3.81,14.742,2.52,1.0,<Residue ARG het=  resseq=409 icode= >,1rio_H_A,2.3
325,18.867,ARG, ,NE,18.23,3.03,18.867,3.51,1.0,<Residue ARG het=  resseq=409 icode= >,1rio_H_A,2.3
326,7.65,ARG, ,CZ,19.83,3.84,5.229,3.27,1.0,<Residue ARG het=  resseq=409 icode= >,1rio_H_A,2.3
327,33.942,ARG, ,NH1,17.71,4.38,2.738,2.54,1.0,<Residue ARG het=  resseq=409 icode= >,1rio_H_A,2.3
328,60.3,ARG, ,NH2,19.18,2.86,44.886,1.55,1.0,<Residue ARG het=  resseq=409 icode= >,1rio_H_A,2.3
329,0.121,GLU, ,N,22.31,4.69,0.0,2.77,1.0,<Residue GLU het=  resseq=410 icode= >,1rio_H_A,2.3
330,1.749,GLU, ,CA,21.88,4.41,1.749,3.11,1.0,<Residue GLU het=  resseq=410 icode= >,1rio_H_A,2.3
331,0.0,GLU, ,C,22.24,4.51,0.0,3.43,1.0,<Residue GLU het=  resseq=410 icode= >,1rio_H_A,2.3
332,0.0,GLU, ,O,22.22,5.04,0.0,2.54,1.0,<Residue GLU het=  resseq=410 icode= >,1rio_H_A,2.3
333,22.138,GLU, ,CB,21.15,3.90,19.286,2.20,1.0,<Residue GLU het=  resseq=410 icode= >,1rio_H_A,2.3
334,21.347,GLU, ,CG,22.22,3.44,21.347,1.26,1.0,<Residue GLU het=  resseq=410 icode= >,1rio_H_A,2.3
335,7.506,GLU, ,CD,23.1,3.17,7.506,2.96,1.0,<Residue GLU het=  resseq=410 icode= >,1rio_H_A,2.3
336,10.141,GLU, ,OE1,23.93,3.12,10.141,2.26,1.0,<Residue GLU het=  resseq=410 icode= >,1rio_H_A,2.3
337,8.907,GLU, ,OE2,17.06,3.26,8.483,2.63,1.0,<Residue GLU het=  resseq=410 icode= >,1rio_H_A,2.3
338,0.164,ARG, ,N,21.48,3.92,0.164,2.88,1.0,<Residue ARG het=  resseq=411 icode= >,1rio_H_A,2.3
339,0.034,ARG, ,CA,21.93,4.05,0.034,2.98,1.0,<Residue ARG het=  resseq=411 icode= >,1rio_H_A,2.3
340,0.0,ARG, ,C,21.41,5.57,0.0,4.27,1.0,<Residue ARG het=  resseq=411 icode= >,1rio_H_A,2.3
341,0.0,ARG, ,O,21.57,6.22,0.0,2.21,1.0,<Residue ARG het=  resseq=411 icode= >,1rio_H_A,2.3
342,10.911,ARG, ,CB,23.26,3.58,10.911,2.02,1.0,<Residue ARG het=  resseq=411 icode= >,1rio_H_A,2.3
343,0.0,ARG, ,CG,24.47,4.28,0.0,1.97,1.0,<Residue ARG het=  resseq=411 icode= >,1rio_H_A,2.3
344,20.01,ARG, ,CD,28.78,3.14,20.01,1.39,1.0,<Residue ARG het=  resseq=411 icode= >,1rio_H_A,2.3
345,2.568,ARG, ,NE,29.45,3.82,2.568,1.87,1.0,<Residue ARG het=  resseq=411 icode= >,1rio_H_A,2.3
346,4.299,ARG, ,CZ,27.08,3.75,4.299,3.20,1.0,<Residue ARG het=  resseq=411 icode= >,1rio_H_A,2.3
347,31.312,ARG, ,NH1,24.08,2.91,23.307,2.81,1.0,<Residue ARG het=  resseq=411 icode= >,1rio_H_A,2.3
348,27.684,ARG, ,NH2,22.47,4.38,9.061,1.64,1.0,<Residue ARG het=  resseq=411 icode= >,1rio_H_A,2.3
349,0.0,ILE, ,N,21.7,6.18,0.0,3.18,1.0,<Residue ILE het=  resseq=412 icode= >,1rio_H_A,2.3
350,0.0,ILE, ,CA,21.48,7.47,0.0,3.09,1.0,<Residue ILE het=  resseq=412 icode= >,1rio_H_A,2.3
351,0.0,ILE, ,C,21.35,7.85,0.0,4.05,1.0,<Residue ILE het=  resseq=412 icode= >,1rio_H_A,2.3
352,0.0,ILE, ,O,21.24,7.82,0.0,3.56,1.0,<Residue ILE het=  resseq=412 icode= >,1rio_H_A,2.3
353,0.0,ILE, ,CB,21.73,7.93,0.0,2.67,1.0,<Residue ILE het=  resseq=412 icode= >,1rio_H_A,2.3
354,0.0,ILE, ,CG1,23.47,7.34,0.0,1.45,1.0,<Residue ILE het=  resseq=412 icode= >,1rio_H_A,2.3
355,0.0,ILE, ,CG2,23.84,7.90,0.0,2.02,1.0,<Residue ILE het=  resseq=412 icode= >,1rio_H_A,2.3
356,0.0,ILE, ,CD1,23.5,7.75,0.0,1.56,1.0,<Residue ILE het=  resseq=412 icode= >,1rio_H_A,2.3
357,0.0,ARG, ,N,21.7,6.78,0.0,3.32,1.0,<Residue ARG het=  resseq=413 icode= >,1rio_H_A,2.3
358,0.0,ARG, ,CA,21.38,5.69,0.0,2.60,1.0,<Residue ARG het=  resseq=413 icode= >,1rio_H_A,2.3
359,0.0,ARG, ,C,21.36,6.33,0.0,3.11,1.0,<Residue ARG het=  resseq=413 icode= >,1rio_H_A,2.3
360,0.0,ARG, ,O,20.95,6.15,0.0,3.20,1.0,<Residue ARG het=  resseq=413 icode= >,1rio_H_A,2.3
361,0.139,ARG, ,CB,21.63,4.95,0.139,2.22,1.0,<Residue ARG het=  resseq=413 icode= >,1rio_H_A,2.3
362,8.696,ARG, ,CG,21.57,3.64,7.384,1.84,1.0,<Residue ARG het=  resseq=413 icode= >,1rio_H_A,2.3
363,31.843,ARG, ,CD,22.38,3.64,31.843,3.18,1.0,<Residue ARG het=  resseq=413 icode= >,1rio_H_A,2.3
364,3.331,ARG, ,NE,22.3,4.07,3.331,2.61,1.0,<Residue ARG het=  resseq=413 icode= >,1rio_H_A,2.3
365,4.274,ARG, ,CZ,24.09,4.13,4.274,3.82,1.0,<Residue ARG het=  resseq=413 icode= >,1rio_H_A,2.3
366,28.724,ARG, ,NH1,23.01,3.97,27.201,2.79,1.0,<Residue ARG het=  resseq=413 icode= >,1rio_H_A,2.3
367,28.622,ARG, ,NH2,21.05,3.61,21.921,2.03,1.0,<Residue ARG het=  resseq=413 icode= >,1rio_H_A,2.3
368,0.0,GLN, ,N,20.95,7.26,0.0,2.40,1.0,<Residue GLN het=  resseq=414 icode= >,1rio_H_A,2.3
369,3.41,GLN, ,CA,20.59,7.43,3.282,3.62,1.0,<Residue GLN het=  resseq=414 icode= >,1rio_H_A,2.3
370,0.532,GLN, ,C,21.67,8.44,0.0,3.30,1.0,<Residue GLN het=  resseq=414 icode= >,1rio_H_A,2.3
371,3.95,GLN, ,O,21.9,8.61,0.664,2.01,1.0,<Residue GLN het=  resseq=414 icode= >,1rio_H_A,2.3
372,4.576,GLN, ,CB,19.39,6.20,0.137,3.27,1.0,<Residue GLN het=  resseq=414 icode= >,1rio_H_A,2.3
373,13.36,GLN, ,CG,17.41,5.31,6.684,2.86,1.0,<Residue GLN het=  resseq=414 icode= >,1rio_H_A,2.3
374,4.781,GLN, ,CD,18.8,3.95,0.666,3.44,1.0,<Residue GLN het=  resseq=414 icode= >,1rio_H_A,2.3
375,11.249,GLN, ,OE1,17.33,3.41,10.912,2.75,1.0,<Residue GLN het=  resseq=414 icode= >,1rio_H_A,2.3
376,31.279,GLN, ,NE2,17.32,2.90,30.16,2.19,1.0,<Residue GLN het=  resseq=414 icode= >,1rio_H_A,2.3
377,0.0,ILE, ,N,22.55,7.63,0.0,2.37,1.0,<Residue ILE het=  resseq=415 icode= >,1rio_H_A,2.3
378,1.562,ILE, ,CA,22.27,7.48,0.0,2.96,1.0,<Residue ILE het=  resseq=415 icode= >,1rio_H_A,2.3
379,0.0,ILE, ,C,22.65,8.89,0.0,3.57,1.0,<Residue ILE het=  resseq=415 icode= >,1rio_H_A,2.3
380,0.0,ILE, ,O,23.72,9.40,0.0,2.01,1.0,<Residue ILE het=  resseq=415 icode= >,1rio_H_A,2.3
381,0.0,ILE, ,CB,22.61,6.70,0.0,2.26,1.0,<Residue ILE het=  resseq=415 icode= >,1rio_H_A,2.3
382,3.868,ILE, ,CG1,23.7,5.19,0.0,1.16,1.0,<Residue ILE het=  resseq=415 icode= >,1rio_H_A,2.3
383,2.486,ILE, ,CG2,20.31,7.14,0.0,1.70,1.0,<Residue ILE het=  resseq=415 icode= >,1rio_H_A,2.3
384,0.0,ILE, ,CD1,20.37,4.64,0.0,1.36,1.0,<Residue ILE het=  resseq=415 icode= >,1rio_H_A,2.3
385,0.0,GLU, ,N,22.96,8.80,0.0,3.04,1.0,<Residue GLU het=  resseq=416 icode= >,1rio_H_A,2.3
386,0.0,GLU, ,CA,23.88,8.42,0.0,2.60,1.0,<Residue GLU het=  resseq=416 icode= >,1rio_H_A,2.3
387,0.0,GLU, ,C,24.07,8.27,0.0,4.01,1.0,<Residue GLU het=  resseq=416 icode= >,1rio_H_A,2.3
388,0.0,GLU, ,O,23.74,8.91,0.0,3.12,1.0,<Residue GLU het=  resseq=416 icode= >,1rio_H_A,2.3
389,0.0,GLU, ,CB,23.86,7.34,0.0,2.19,1.0,<Residue GLU het=  resseq=416 icode= >,1rio_H_A,2.3
390,0.215,GLU, ,CG,26.35,6.86,0.0,1.74,1.0,<Residue GLU het=  resseq=416 icode= >,1rio_H_A,2.3
391,5.573,GLU, ,CD,29.59,6.42,0.0,3.13,1.0,<Residue GLU het=  resseq=416 icode= >,1rio_H_A,2.3
392,3.396,GLU, ,OE1,29.77,5.71,0.0,2.02,1.0,<Residue GLU het=  resseq=416 icode= >,1rio_H_A,2.3
393,4.94,GLU, ,OE2,31.8,7.10,0.0,2.55,1.0,<Residue GLU het=  resseq=416 icode= >,1rio_H_A,2.3
394,0.0,ASN, ,N,25.68,7.72,0.0,2.54,1.0,<Residue ASN het=  resseq=417 icode= >,1rio_H_A,2.3
395,0.445,ASN, ,CA,26.56,7.85,0.0,2.21,1.0,<Residue ASN het=  resseq=417 icode= >,1rio_H_A,2.3
396,0.343,ASN, ,C,27.38,9.34,0.0,2.83,1.0,<Residue ASN het=  resseq=417 icode= >,1rio_H_A,2.3
397,0.081,ASN, ,O,26.47,9.96,0.0,2.07,1.0,<Residue ASN het=  resseq=417 icode= >,1rio_H_A,2.3
398,11.943,ASN, ,CB,26.0,7.24,9.559,2.83,1.0,<Residue ASN het=  resseq=417 icode= >,1rio_H_A,2.3
399,3.755,ASN, ,CG,29.14,5.85,0.0,3.34,1.0,<Residue ASN het=  resseq=417 icode= >,1rio_H_A,2.3
400,18.922,ASN, ,OD1,34.13,5.44,6.535,1.70,1.0,<Residue ASN het=  resseq=417 icode= >,1rio_H_A,2.3
401,20.568,ASN, ,ND2,27.45,5.41,2.516,1.65,1.0,<Residue ASN het=  resseq=417 icode= >,1rio_H_A,2.3
402,0.598,LYS, ,N,27.85,9.68,0.0,2.72,1.0,<Residue LYS het=  resseq=418 icode= >,1rio_H_A,2.3
403,0.0,LYS, ,CA,29.65,9.02,0.0,2.21,1.0,<Residue LYS het=  resseq=418 icode= >,1rio_H_A,2.3
404,0.0,LYS, ,C,29.81,9.81,0.0,2.76,1.0,<Residue LYS het=  resseq=418 icode= >,1rio_H_A,2.3
405,0.0,LYS, ,O,29.86,10.23,0.0,1.72,1.0,<Residue LYS het=  resseq=418 icode= >,1rio_H_A,2.3
406,6.432,LYS, ,CB,30.19,7.50,0.0,1.36,1.0,<Residue LYS het=  resseq=418 icode= >,1rio_H_A,2.3
407,26.392,LYS, ,CG,35.03,6.78,0.0,0.54,1.0,<Residue LYS het=  resseq=418 icode= >,1rio_H_A,2.3
408,22.224,LYS, ,CD,38.49,7.72,1.632,-0.22,1.0,<Residue LYS het=  resseq=418 icode= >,1rio_H_A,2.3
409,28.157,LYS, ,CE,41.33,7.96,0.072,0.77,1.0,<Residue LYS het=  resseq=418 icode= >,1rio_H_A,2.3
410,30.305,LYS, ,NZ,41.87,8.47,17.582,0.56,1.0,<Residue LYS het=  resseq=418 icode= >,1rio_H_A,2.3
411,0.0,ALA, ,N,30.58,10.28,0.0,2.65,1.0,<Residue ALA het=  resseq=419 icode= >,1rio_H_A,2.3
412,0.0,ALA, ,CA,31.72,11.23,0.0,2.99,1.0,<Residue ALA het=  resseq=419 icode= >,1rio_H_A,2.3
413,0.0,ALA, ,C,33.46,12.41,0.0,2.61,1.0,<Residue ALA het=  resseq=419 icode= >,1rio_H_A,2.3
414,0.0,ALA, ,O,33.39,13.15,0.0,1.80,1.0,<Residue ALA het=  resseq=419 icode= >,1rio_H_A,2.3
415,0.0,ALA, ,CB,31.62,11.64,0.0,1.38,1.0,<Residue ALA het=  resseq=419 icode= >,1rio_H_A,2.3
416,0.0,LEU, ,N,35.24,11.26,0.0,2.07,1.0,<Residue LEU het=  resseq=420 icode= >,1rio_H_A,2.3
417,0.0,LEU, ,CA,36.8,11.37,0.0,2.04,1.0,<Residue LEU het=  resseq=420 icode= >,1rio_H_A,2.3
418,0.513,LEU, ,C,38.79,12.22,0.0,2.21,1.0,<Residue LEU het=  resseq=420 icode= >,1rio_H_A,2.3
419,0.438,LEU, ,O,39.38,13.12,0.0,1.41,1.0,<Residue LEU het=  resseq=420 icode= >,1rio_H_A,2.3
420,12.757,LEU, ,CB,36.23,10.07,0.0,1.78,1.0,<Residue LEU het=  resseq=420 icode= >,1rio_H_A,2.3
421,0.0,LEU, ,CG,35.14,9.30,0.0,1.90,1.0,<Residue LEU het=  resseq=420 icode= >,1rio_H_A,2.3
422,32.385,LEU, ,CD1,34.05,7.94,0.0,1.18,1.0,<Residue LEU het=  resseq=420 icode= >,1rio_H_A,2.3
423,25.523,LEU, ,CD2,34.16,10.24,0.0,1.34,1.0,<Residue LEU het=  resseq=420 icode= >,1rio_H_A,2.3
424,0.0,ARG, ,N,41.5,12.09,0.0,1.51,1.0,<Residue ARG het=  resseq=421 icode= >,1rio_H_A,2.3
425,3.581,ARG, ,CA,43.66,13.07,0.0,1.96,1.0,<Residue ARG het=  resseq=421 icode= >,1rio_H_A,2.3
426,0.13,ARG, ,C,45.38,13.47,0.0,2.61,1.0,<Residue ARG het=  resseq=421 icode= >,1rio_H_A,2.3
427,5.943,ARG, ,O,46.27,13.78,0.0,1.40,1.0,<Residue ARG het=  resseq=421 icode= >,1rio_H_A,2.3
428,7.499,ARG, ,CB,43.99,12.35,3.627,1.22,1.0,<Residue ARG het=  resseq=421 icode= >,1rio_H_A,2.3
429,7.522,ARG, ,CG,45.84,10.82,0.0,0.59,1.0,<Residue ARG het=  resseq=421 icode= >,1rio_H_A,2.3
430,17.577,ARG, ,CD,47.54,10.19,14.37,1.11,1.0,<Residue ARG het=  resseq=421 icode= >,1rio_H_A,2.3
431,16.365,ARG, ,NE,48.46,9.94,9.534,1.14,1.0,<Residue ARG het=  resseq=421 icode= >,1rio_H_A,2.3
432,7.179,ARG, ,CZ,48.12,8.80,4.364,1.88,1.0,<Residue ARG het=  resseq=421 icode= >,1rio_H_A,2.3
433,40.032,ARG, ,NH1,47.88,7.64,26.061,1.55,1.0,<Residue ARG het=  resseq=421 icode= >,1rio_H_A,2.3
434,59.747,ARG, ,NH2,46.91,8.99,14.897,1.07,1.0,<Residue ARG het=  resseq=421 icode= >,1rio_H_A,2.3
435,0.0,LYS, ,N,47.43,12.82,0.0,2.22,1.0,<Residue LYS het=  resseq=422 icode= >,1rio_H_A,2.3
436,4.54,LYS, ,CA,49.03,12.87,0.0,2.31,1.0,<Residue LYS het=  resseq=422 icode= >,1rio_H_A,2.3
437,0.0,LYS, ,C,51.43,14.29,0.0,1.77,1.0,<Residue LYS het=  resseq=422 icode= >,1rio_H_A,2.3
438,0.0,LYS, ,O,52.06,14.89,0.0,0.78,1.0,<Residue LYS het=  resseq=422 icode= >,1rio_H_A,2.3
439,0.0,LYS, ,CB,48.96,11.96,0.0,0.97,1.0,<Residue LYS het=  resseq=422 icode= >,1rio_H_A,2.3
440,7.154,LYS, ,CG,47.97,11.34,0.0,2.02,1.0,<Residue LYS het=  resseq=422 icode= >,1rio_H_A,2.3
441,3.246,LYS, ,CD,46.25,9.85,0.0,1.55,1.0,<Residue LYS het=  resseq=422 icode= >,1rio_H_A,2.3
442,28.071,LYS, ,CE,46.22,9.47,0.0,1.46,1.0,<Residue LYS het=  resseq=422 icode= >,1rio_H_A,2.3
443,22.189,LYS, ,NZ,45.06,8.34,0.0,1.06,1.0,<Residue LYS het=  resseq=422 icode= >,1rio_H_A,2.3
444,0.0,LEU, ,N,54.01,14.95,0.0,1.77,1.0,<Residue LEU het=  resseq=423 icode= >,1rio_H_A,2.3
445,3.127,LEU, ,CA,56.14,16.34,0.0,1.89,1.0,<Residue LEU het=  resseq=423 icode= >,1rio_H_A,2.3
446,0.086,LEU, ,C,58.09,16.87,0.0,2.38,1.0,<Residue LEU het=  resseq=423 icode= >,1rio_H_A,2.3
447,22.728,LEU, ,O,58.05,17.68,0.0,1.55,1.0,<Residue LEU het=  resseq=423 icode= >,1rio_H_A,2.3
448,11.273,LEU, ,CB,56.24,16.58,0.0,1.34,1.0,<Residue LEU het=  resseq=423 icode= >,1rio_H_A,2.3
449,0.0,LEU, ,CG,56.36,15.37,0.0,1.86,1.0,<Residue LEU het=  resseq=423 icode= >,1rio_H_A,2.3
450,18.05,LEU, ,CD1,57.03,14.27,0.0,0.42,1.0,<Residue LEU het=  resseq=423 icode= >,1rio_H_A,2.3
451,9.848,LEU, ,CD2,55.86,15.90,0.0,1.26,1.0,<Residue LEU het=  resseq=423 icode= >,1rio_H_A,2.3
452,0.0,LYS, ,N,60.3,16.21,0.0,1.58,1.0,<Residue LYS het=  resseq=424 icode= >,1rio_H_A,2.3
453,6.292,LYS, ,CA,62.15,16.34,0.0,1.46,1.0,<Residue LYS het=  resseq=424 icode= >,1rio_H_A,2.3
454,4.274,LYS, ,C,63.58,17.17,0.0,1.56,1.0,<Residue LYS het=  resseq=424 icode= >,1rio_H_A,2.3
455,17.542,LYS, ,O,63.42,16.97,0.0,1.31,1.0,<Residue LYS het=  resseq=424 icode= >,1rio_H_A,2.3
456,6.347,LYS, ,CB,62.46,14.93,0.0,1.43,1.0,<Residue LYS het=  resseq=424 icode= >,1rio_H_A,2.3
457,18.585,LYS, ,CG,63.68,14.98,0.0,0.98,1.0,<Residue LYS het=  resseq=424 icode= >,1rio_H_A,2.3
458,27.635,LYS, ,CD,65.25,13.68,0.0,0.62,1.0,<Residue LYS het=  resseq=424 icode= >,1rio_H_A,2.3
459,45.394,LYS, ,CE,66.18,13.93,0.0,0.52,1.0,<Residue LYS het=  resseq=424 icode= >,1rio_H_A,2.3
460,48.766,LYS, ,NZ,66.7,12.72,0.0,0.52,1.0,<Residue LYS het=  resseq=424 icode= >,1rio_H_A,2.3
461,0.266,TYR, ,N,65.46,17.05,0.0,1.01,1.0,<Residue TYR het=  resseq=425 icode= >,1rio_H_A,2.3
462,4.985,TYR, ,CA,66.91,16.71,0.0,1.20,1.0,<Residue TYR het=  resseq=425 icode= >,1rio_H_A,2.3
463,2.25,TYR, ,C,67.6,17.45,0.0,1.22,1.0,<Residue TYR het=  resseq=425 icode= >,1rio_H_A,2.3
464,20.731,TYR, ,O,67.43,17.81,0.0,1.04,1.0,<Residue TYR het=  resseq=425 icode= >,1rio_H_A,2.3
465,4.35,TYR, ,CB,67.36,15.20,0.0,0.55,1.0,<Residue TYR het=  resseq=425 icode= >,1rio_H_A,2.3
466,2.214,TYR, ,CG,69.48,14.89,0.0,0.22,1.0,<Residue TYR het=  resseq=425 icode= >,1rio_H_A,2.3
467,23.067,TYR, ,CD1,71.18,15.11,0.0,0.70,1.0,<Residue TYR het=  resseq=425 icode= >,1rio_H_A,2.3
468,12.017,TYR, ,CD2,71.23,14.59,0.0,0.43,1.0,<Residue TYR het=  resseq=425 icode= >,1rio_H_A,2.3
469,34.68,TYR, ,CE1,71.98,15.03,0.0,0.66,1.0,<Residue TYR het=  resseq=425 icode= >,1rio_H_A,2.3
470,33.433,TYR, ,CE2,71.77,14.51,0.0,0.59,1.0,<Residue TYR het=  resseq=425 icode= >,1rio_H_A,2.3
471,10.015,TYR, ,CZ,72.1,14.74,0.0,0.72,1.0,<Residue TYR het=  resseq=425 icode= >,1rio_H_A,2.3
472,43.301,TYR, ,OH,71.84,14.84,0.0,-0.08,1.0,<Residue TYR het=  resseq=425 icode= >,1rio_H_A,2.3
473,0.0,HIS, ,N,68.54,17.80,0.0,0.70,1.0,<Residue HIS het=  resseq=426 icode= >,1rio_H_A,2.3
474,8.436,HIS, ,CA,69.36,18.64,0.0,0.88,1.0,<Residue HIS het=  resseq=426 icode= >,1rio_H_A,2.3
475,29.659,HIS, ,C,69.47,20.09,0.0,0.16,1.0,<Residue HIS het=  resseq=426 icode= >,1rio_H_A,2.3
476,37.643,HIS, ,O,69.32,20.79,0.0,0.30,1.0,<Residue HIS het=  resseq=426 icode= >,1rio_H_A,2.3
477,27.898,HIS, ,CB,69.75,18.32,0.0,0.74,1.0,<Residue HIS het=  resseq=426 icode= >,1rio_H_A,2.3
478,2.648,HIS, ,CG,71.18,16.90,0.0,1.00,1.0,<Residue HIS het=  resseq=426 icode= >,1rio_H_A,2.3
479,12.865,HIS, ,ND1,72.7,16.54,0.0,0.66,1.0,<Residue HIS het=  resseq=426 icode= >,1rio_H_A,2.3
480,8.605,HIS, ,CD2,72.46,15.82,0.0,1.17,1.0,<Residue HIS het=  resseq=426 icode= >,1rio_H_A,2.3
481,22.403,HIS, ,CE1,73.14,15.26,0.0,0.78,1.0,<Residue HIS het=  resseq=426 icode= >,1rio_H_A,2.3
482,20.323,HIS, ,NE2,72.97,14.77,0.0,0.92,1.0,<Residue HIS het=  resseq=426 icode= >,1rio_H_A,2.3
