,ASA,aa,altloc,atom,bfac,d2r,dASA,dens,occ,residue,id,resolu
0,48.826,LYS, ,N,26.51,15.84,0.0,0.98,1.0,<Residue LYS het=  resseq=1 icode= >,1rta_E_A,2.5
1,10.952,LYS, ,CA,26.51,14.41,0.0,1.22,1.0,<Residue LYS het=  resseq=1 icode= >,1rta_E_A,2.5
2,2.888,LYS, ,C,26.51,13.78,0.0,2.79,1.0,<Residue LYS het=  resseq=1 icode= >,1rta_E_A,2.5
3,27.015,LYS, ,O,26.51,14.33,0.0,2.22,1.0,<Residue LYS het=  resseq=1 icode= >,1rta_E_A,2.5
4,15.918,LYS, ,CB,26.51,13.92,0.0,1.58,1.0,<Residue LYS het=  resseq=1 icode= >,1rta_E_A,2.5
5,32.229,LYS, ,CG,5.55,13.98,0.0,2.17,1.0,<Residue LYS het=  resseq=1 icode= >,1rta_E_A,2.5
6,35.471,LYS, ,CD,5.55,13.78,0.0,1.88,1.0,<Residue LYS het=  resseq=1 icode= >,1rta_E_A,2.5
7,38.415,LYS, ,CE,5.55,12.42,0.0,1.92,1.0,<Residue LYS het=  resseq=1 icode= >,1rta_E_A,2.5
8,48.051,LYS, ,NZ,5.55,12.61,0.0,2.14,1.0,<Residue LYS het=  resseq=1 icode= >,1rta_E_A,2.5
9,6.054,GLU, ,N,6.07,12.67,0.0,2.43,1.0,<Residue GLU het=  resseq=2 icode= >,1rta_E_A,2.5
10,6.238,GLU, ,CA,6.07,12.22,0.0,2.11,1.0,<Residue GLU het=  resseq=2 icode= >,1rta_E_A,2.5
11,0.2,GLU, ,C,6.07,11.18,0.0,3.32,1.0,<Residue GLU het=  resseq=2 icode= >,1rta_E_A,2.5
12,10.383,GLU, ,O,6.07,10.60,0.0,3.07,1.0,<Residue GLU het=  resseq=2 icode= >,1rta_E_A,2.5
13,15.634,GLU, ,CB,6.07,11.57,0.0,1.44,1.0,<Residue GLU het=  resseq=2 icode= >,1rta_E_A,2.5
14,33.201,GLU, ,CG,4.22,11.93,0.0,1.71,1.0,<Residue GLU het=  resseq=2 icode= >,1rta_E_A,2.5
15,0.237,GLU, ,CD,4.22,10.72,0.0,3.20,1.0,<Residue GLU het=  resseq=2 icode= >,1rta_E_A,2.5
16,3.091,GLU, ,OE1,4.22,9.89,0.0,2.49,1.0,<Residue GLU het=  resseq=2 icode= >,1rta_E_A,2.5
17,3.356,GLU, ,OE2,4.22,10.49,0.0,2.72,1.0,<Residue GLU het=  resseq=2 icode= >,1rta_E_A,2.5
18,1.061,THR, ,N,6.08,11.30,0.0,1.88,1.0,<Residue THR het=  resseq=3 icode= >,1rta_E_A,2.5
19,5.223,THR, ,CA,6.08,10.37,0.0,1.84,1.0,<Residue THR het=  resseq=3 icode= >,1rta_E_A,2.5
20,0.0,THR, ,C,6.08,9.05,0.0,3.65,1.0,<Residue THR het=  resseq=3 icode= >,1rta_E_A,2.5
21,0.0,THR, ,O,6.08,8.98,0.0,3.03,1.0,<Residue THR het=  resseq=3 icode= >,1rta_E_A,2.5
22,2.753,THR, ,CB,6.08,10.94,0.0,3.49,1.0,<Residue THR het=  resseq=3 icode= >,1rta_E_A,2.5
23,22.59,THR, ,OG1,2.33,12.19,0.0,3.32,1.0,<Residue THR het=  resseq=3 icode= >,1rta_E_A,2.5
24,62.651,THR, ,CG2,2.33,11.10,0.0,2.24,1.0,<Residue THR het=  resseq=3 icode= >,1rta_E_A,2.5
25,5.852,ALA, ,N,11.03,7.98,0.0,2.20,1.0,<Residue ALA het=  resseq=4 icode= >,1rta_E_A,2.5
26,1.151,ALA, ,CA,11.03,6.61,0.0,2.40,1.0,<Residue ALA het=  resseq=4 icode= >,1rta_E_A,2.5
27,0.0,ALA, ,C,11.03,6.76,0.0,3.01,1.0,<Residue ALA het=  resseq=4 icode= >,1rta_E_A,2.5
28,0.0,ALA, ,O,11.03,6.01,0.0,2.43,1.0,<Residue ALA het=  resseq=4 icode= >,1rta_E_A,2.5
29,37.277,ALA, ,CB,11.03,5.87,0.548,1.10,1.0,<Residue ALA het=  resseq=4 icode= >,1rta_E_A,2.5
30,0.325,ALA, ,N,7.42,7.75,0.0,2.27,1.0,<Residue ALA het=  resseq=5 icode= >,1rta_E_A,2.5
31,0.0,ALA, ,CA,7.42,8.28,0.0,2.00,1.0,<Residue ALA het=  resseq=5 icode= >,1rta_E_A,2.5
32,1.762,ALA, ,C,7.42,8.79,0.0,3.26,1.0,<Residue ALA het=  resseq=5 icode= >,1rta_E_A,2.5
33,5.437,ALA, ,O,7.42,8.64,0.0,2.37,1.0,<Residue ALA het=  resseq=5 icode= >,1rta_E_A,2.5
34,25.086,ALA, ,CB,7.42,9.18,0.0,2.45,1.0,<Residue ALA het=  resseq=5 icode= >,1rta_E_A,2.5
35,0.783,ALA, ,N,5.53,9.38,0.0,2.18,1.0,<Residue ALA het=  resseq=6 icode= >,1rta_E_A,2.5
36,6.442,ALA, ,CA,5.53,10.05,0.0,2.12,1.0,<Residue ALA het=  resseq=6 icode= >,1rta_E_A,2.5
37,0.0,ALA, ,C,5.53,9.20,0.0,3.31,1.0,<Residue ALA het=  resseq=6 icode= >,1rta_E_A,2.5
38,3.623,ALA, ,O,5.53,9.51,0.0,2.83,1.0,<Residue ALA het=  resseq=6 icode= >,1rta_E_A,2.5
39,29.914,ALA, ,CB,5.53,11.23,0.0,1.99,1.0,<Residue ALA het=  resseq=6 icode= >,1rta_E_A,2.5
40,0.0,LYS, ,N,5.15,8.37,0.0,1.94,1.0,<Residue LYS het=  resseq=7 icode= >,1rta_E_A,2.5
41,0.0,LYS, ,CA,5.15,7.48,0.0,3.23,1.0,<Residue LYS het=  resseq=7 icode= >,1rta_E_A,2.5
42,0.0,LYS, ,C,5.15,6.49,0.0,3.45,1.0,<Residue LYS het=  resseq=7 icode= >,1rta_E_A,2.5
43,0.0,LYS, ,O,5.15,6.55,0.0,2.34,1.0,<Residue LYS het=  resseq=7 icode= >,1rta_E_A,2.5
44,0.0,LYS, ,CB,5.15,6.95,0.0,2.11,1.0,<Residue LYS het=  resseq=7 icode= >,1rta_E_A,2.5
45,1.077,LYS, ,CG,2.79,6.14,0.0,2.47,1.0,<Residue LYS het=  resseq=7 icode= >,1rta_E_A,2.5
46,16.855,LYS, ,CD,2.79,5.16,9.181,2.30,1.0,<Residue LYS het=  resseq=7 icode= >,1rta_E_A,2.5
47,46.056,LYS, ,CE,2.79,6.13,0.0,2.27,1.0,<Residue LYS het=  resseq=7 icode= >,1rta_E_A,2.5
48,12.533,LYS, ,NZ,2.79,7.43,0.0,1.68,1.0,<Residue LYS het=  resseq=7 icode= >,1rta_E_A,2.5
49,0.0,PHE, ,N,5.51,5.86,0.0,2.45,1.0,<Residue PHE het=  resseq=8 icode= >,1rta_E_A,2.5
50,0.586,PHE, ,CA,5.51,5.28,0.518,2.23,1.0,<Residue PHE het=  resseq=8 icode= >,1rta_E_A,2.5
51,0.0,PHE, ,C,5.51,6.34,0.0,2.97,1.0,<Residue PHE het=  resseq=8 icode= >,1rta_E_A,2.5
52,0.0,PHE, ,O,5.51,6.23,0.0,2.77,1.0,<Residue PHE het=  resseq=8 icode= >,1rta_E_A,2.5
53,0.0,PHE, ,CB,5.51,5.39,0.0,2.30,1.0,<Residue PHE het=  resseq=8 icode= >,1rta_E_A,2.5
54,0.0,PHE, ,CG,1.0,5.32,0.0,3.70,1.0,<Residue PHE het=  resseq=8 icode= >,1rta_E_A,2.5
55,2.187,PHE, ,CD1,1.0,6.51,0.0,2.88,1.0,<Residue PHE het=  resseq=8 icode= >,1rta_E_A,2.5
56,0.192,PHE, ,CD2,1.0,4.38,0.192,1.83,1.0,<Residue PHE het=  resseq=8 icode= >,1rta_E_A,2.5
57,0.362,PHE, ,CE1,1.0,6.87,0.0,2.55,1.0,<Residue PHE het=  resseq=8 icode= >,1rta_E_A,2.5
58,0.0,PHE, ,CE2,1.0,4.92,0.0,1.89,1.0,<Residue PHE het=  resseq=8 icode= >,1rta_E_A,2.5
59,0.233,PHE, ,CZ,1.0,6.18,0.0,2.48,1.0,<Residue PHE het=  resseq=8 icode= >,1rta_E_A,2.5
60,0.0,GLU, ,N,1.0,7.58,0.0,3.05,1.0,<Residue GLU het=  resseq=9 icode= >,1rta_E_A,2.5
61,0.0,GLU, ,CA,1.0,8.80,0.0,2.18,1.0,<Residue GLU het=  resseq=9 icode= >,1rta_E_A,2.5
62,0.11,GLU, ,C,1.0,9.04,0.0,3.75,1.0,<Residue GLU het=  resseq=9 icode= >,1rta_E_A,2.5
63,0.0,GLU, ,O,1.0,9.43,0.0,3.10,1.0,<Residue GLU het=  resseq=9 icode= >,1rta_E_A,2.5
64,4.491,GLU, ,CB,1.0,10.05,0.0,2.43,1.0,<Residue GLU het=  resseq=9 icode= >,1rta_E_A,2.5
65,14.787,GLU, ,CG,10.99,11.27,0.0,1.63,1.0,<Residue GLU het=  resseq=9 icode= >,1rta_E_A,2.5
66,7.462,GLU, ,CD,10.99,12.43,0.0,3.09,1.0,<Residue GLU het=  resseq=9 icode= >,1rta_E_A,2.5
67,16.416,GLU, ,OE1,10.99,12.28,0.0,2.89,1.0,<Residue GLU het=  resseq=9 icode= >,1rta_E_A,2.5
68,26.546,GLU, ,OE2,10.99,13.57,0.0,2.43,1.0,<Residue GLU het=  resseq=9 icode= >,1rta_E_A,2.5
69,0.431,ARG, ,N,1.0,9.00,0.0,2.94,1.0,<Residue ARG het=  resseq=10 icode= >,1rta_E_A,2.5
70,4.518,ARG, ,CA,1.0,9.49,0.0,2.12,1.0,<Residue ARG het=  resseq=10 icode= >,1rta_E_A,2.5
71,0.0,ARG, ,C,1.0,8.75,0.0,3.83,1.0,<Residue ARG het=  resseq=10 icode= >,1rta_E_A,2.5
72,0.0,ARG, ,O,1.0,9.43,0.0,2.44,1.0,<Residue ARG het=  resseq=10 icode= >,1rta_E_A,2.5
73,8.21,ARG, ,CB,1.0,9.86,0.0,1.11,1.0,<Residue ARG het=  resseq=10 icode= >,1rta_E_A,2.5
74,1.437,ARG, ,CG,4.16,10.29,0.0,1.55,1.0,<Residue ARG het=  resseq=10 icode= >,1rta_E_A,2.5
75,24.383,ARG, ,CD,4.16,10.93,0.0,2.29,1.0,<Residue ARG het=  resseq=10 icode= >,1rta_E_A,2.5
76,4.929,ARG, ,NE,4.16,10.46,0.0,3.03,1.0,<Residue ARG het=  resseq=10 icode= >,1rta_E_A,2.5
77,1.667,ARG, ,CZ,4.16,9.32,0.0,4.24,1.0,<Residue ARG het=  resseq=10 icode= >,1rta_E_A,2.5
78,0.227,ARG, ,NH1,4.16,8.81,0.0,2.56,1.0,<Residue ARG het=  resseq=10 icode= >,1rta_E_A,2.5
79,35.073,ARG, ,NH2,4.16,8.37,0.0,1.90,1.0,<Residue ARG het=  resseq=10 icode= >,1rta_E_A,2.5
80,0.0,GLN, ,N,1.27,7.50,0.0,2.95,1.0,<Residue GLN het=  resseq=11 icode= >,1rta_E_A,2.5
81,0.0,GLN, ,CA,1.27,6.90,0.0,2.61,1.0,<Residue GLN het=  resseq=11 icode= >,1rta_E_A,2.5
82,0.0,GLN, ,C,1.27,6.77,0.0,3.93,1.0,<Residue GLN het=  resseq=11 icode= >,1rta_E_A,2.5
83,0.0,GLN, ,O,1.27,6.13,0.0,3.01,1.0,<Residue GLN het=  resseq=11 icode= >,1rta_E_A,2.5
84,0.0,GLN, ,CB,1.27,5.66,0.0,2.14,1.0,<Residue GLN het=  resseq=11 icode= >,1rta_E_A,2.5
85,0.058,GLN, ,CG,3.52,4.47,0.058,2.06,1.0,<Residue GLN het=  resseq=11 icode= >,1rta_E_A,2.5
86,1.41,GLN, ,CD,3.52,4.08,0.291,3.43,1.0,<Residue GLN het=  resseq=11 icode= >,1rta_E_A,2.5
87,17.381,GLN, ,OE1,3.52,3.37,14.944,2.83,1.0,<Residue GLN het=  resseq=11 icode= >,1rta_E_A,2.5
88,13.687,GLN, ,NE2,3.52,5.11,0.0,2.21,1.0,<Residue GLN het=  resseq=11 icode= >,1rta_E_A,2.5
89,0.0,HIS, ,N,1.0,6.95,0.0,3.45,1.0,<Residue HIS het=  resseq=12 icode= >,1rta_E_A,2.5
90,0.0,HIS, ,CA,1.0,6.60,0.0,2.50,1.0,<Residue HIS het=  resseq=12 icode= >,1rta_E_A,2.5
91,0.0,HIS, ,C,1.0,7.76,0.0,4.37,1.0,<Residue HIS het=  resseq=12 icode= >,1rta_E_A,2.5
92,0.0,HIS, ,O,1.0,7.75,0.0,3.55,1.0,<Residue HIS het=  resseq=12 icode= >,1rta_E_A,2.5
93,0.131,HIS, ,CB,1.0,5.91,0.0,2.29,1.0,<Residue HIS het=  resseq=12 icode= >,1rta_E_A,2.5
94,0.0,HIS, ,CG,1.0,4.45,0.0,3.57,1.0,<Residue HIS het=  resseq=12 icode= >,1rta_E_A,2.5
95,0.0,HIS, ,ND1,1.0,3.60,0.0,3.57,1.0,<Residue HIS het=  resseq=12 icode= >,1rta_E_A,2.5
96,1.417,HIS, ,CD2,1.0,3.77,1.417,3.62,1.0,<Residue HIS het=  resseq=12 icode= >,1rta_E_A,2.5
97,4.929,HIS, ,CE1,1.0,2.54,4.929,2.92,1.0,<Residue HIS het=  resseq=12 icode= >,1rta_E_A,2.5
98,8.167,HIS, ,NE2,1.0,2.97,8.167,3.66,1.0,<Residue HIS het=  resseq=12 icode= >,1rta_E_A,2.5
99,0.0,MET, ,N,6.8,8.91,0.0,2.29,1.0,<Residue MET het=  resseq=13 icode= >,1rta_E_A,2.5
100,0.0,MET, ,CA,6.8,10.17,0.0,1.81,1.0,<Residue MET het=  resseq=13 icode= >,1rta_E_A,2.5
101,0.0,MET, ,C,6.8,11.25,0.0,3.30,1.0,<Residue MET het=  resseq=13 icode= >,1rta_E_A,2.5
102,5.022,MET, ,O,6.8,11.95,0.0,2.47,1.0,<Residue MET het=  resseq=13 icode= >,1rta_E_A,2.5
103,1.688,MET, ,CB,6.8,10.54,0.0,1.09,1.0,<Residue MET het=  resseq=13 icode= >,1rta_E_A,2.5
104,0.0,MET, ,CG,1.0,10.07,0.0,1.40,1.0,<Residue MET het=  resseq=13 icode= >,1rta_E_A,2.5
105,0.217,MET, ,SD,1.0,11.18,0.0,4.92,1.0,<Residue MET het=  resseq=13 icode= >,1rta_E_A,2.5
106,4.239,MET, ,CE,1.0,12.64,0.0,1.30,1.0,<Residue MET het=  resseq=13 icode= >,1rta_E_A,2.5
107,0.0,ASP, ,N,1.0,11.64,0.0,2.54,1.0,<Residue ASP het=  resseq=14 icode= >,1rta_E_A,2.5
108,0.687,ASP, ,CA,1.0,12.96,0.0,2.17,1.0,<Residue ASP het=  resseq=14 icode= >,1rta_E_A,2.5
109,0.0,ASP, ,C,1.0,13.91,0.0,3.03,1.0,<Residue ASP het=  resseq=14 icode= >,1rta_E_A,2.5
110,0.0,ASP, ,O,1.0,14.19,0.0,3.28,1.0,<Residue ASP het=  resseq=14 icode= >,1rta_E_A,2.5
111,0.0,ASP, ,CB,1.0,13.12,0.0,1.41,1.0,<Residue ASP het=  resseq=14 icode= >,1rta_E_A,2.5
112,0.725,ASP, ,CG,1.0,14.65,0.0,3.56,1.0,<Residue ASP het=  resseq=14 icode= >,1rta_E_A,2.5
113,4.266,ASP, ,OD1,1.0,15.60,0.0,3.37,1.0,<Residue ASP het=  resseq=14 icode= >,1rta_E_A,2.5
114,0.136,ASP, ,OD2,1.0,14.97,0.0,3.53,1.0,<Residue ASP het=  resseq=14 icode= >,1rta_E_A,2.5
115,1.955,SER, ,N,11.04,15.18,0.0,2.16,1.0,<Residue SER het=  resseq=15 icode= >,1rta_E_A,2.5
116,0.0,SER, ,CA,11.04,16.21,0.0,2.04,1.0,<Residue SER het=  resseq=15 icode= >,1rta_E_A,2.5
117,1.034,SER, ,C,11.04,17.64,0.0,3.12,1.0,<Residue SER het=  resseq=15 icode= >,1rta_E_A,2.5
118,21.228,SER, ,O,11.04,18.56,0.0,2.48,1.0,<Residue SER het=  resseq=15 icode= >,1rta_E_A,2.5
119,25.317,SER, ,CB,11.04,16.24,0.0,2.22,1.0,<Residue SER het=  resseq=15 icode= >,1rta_E_A,2.5
120,9.643,SER, ,OG,13.77,16.86,0.0,1.87,1.0,<Residue SER het=  resseq=15 icode= >,1rta_E_A,2.5
121,0.334,SER, ,N,11.16,17.92,0.0,1.46,1.0,<Residue SER het=  resseq=16 icode= >,1rta_E_A,2.5
122,12.285,SER, ,CA,11.16,19.26,0.0,1.31,1.0,<Residue SER het=  resseq=16 icode= >,1rta_E_A,2.5
123,3.364,SER, ,C,11.16,19.62,0.0,3.54,1.0,<Residue SER het=  resseq=16 icode= >,1rta_E_A,2.5
124,21.283,SER, ,O,11.16,20.65,0.0,2.60,1.0,<Residue SER het=  resseq=16 icode= >,1rta_E_A,2.5
125,41.803,SER, ,CB,11.16,19.50,0.0,2.04,1.0,<Residue SER het=  resseq=16 icode= >,1rta_E_A,2.5
126,32.028,SER, ,OG,11.53,18.45,0.0,1.95,1.0,<Residue SER het=  resseq=16 icode= >,1rta_E_A,2.5
127,0.0,THR, ,N,1.0,18.93,0.0,2.39,1.0,<Residue THR het=  resseq=17 icode= >,1rta_E_A,2.5
128,5.432,THR, ,CA,1.0,19.55,0.0,2.35,1.0,<Residue THR het=  resseq=17 icode= >,1rta_E_A,2.5
129,0.0,THR, ,C,1.0,19.10,0.0,3.94,1.0,<Residue THR het=  resseq=17 icode= >,1rta_E_A,2.5
130,0.0,THR, ,O,1.0,17.95,0.0,2.88,1.0,<Residue THR het=  resseq=17 icode= >,1rta_E_A,2.5
131,1.791,THR, ,CB,1.0,19.26,0.0,3.58,1.0,<Residue THR het=  resseq=17 icode= >,1rta_E_A,2.5
132,0.0,THR, ,OG1,8.35,17.89,0.0,2.30,1.0,<Residue THR het=  resseq=17 icode= >,1rta_E_A,2.5
133,34.576,THR, ,CG2,8.35,20.02,0.0,1.53,1.0,<Residue THR het=  resseq=17 icode= >,1rta_E_A,2.5
134,7.06,SER, ,N,10.6,1000.00,0.0,1.93,1.0,<Residue SER het=  resseq=18 icode= >,1rta_E_A,2.5
135,5.357,SER, ,CA,10.6,1000.00,0.0,0.53,1.0,<Residue SER het=  resseq=18 icode= >,1rta_E_A,2.5
136,0.0,SER, ,C,10.6,1000.00,0.0,2.53,1.0,<Residue SER het=  resseq=18 icode= >,1rta_E_A,2.5
137,5.371,SER, ,O,10.6,1000.00,0.0,2.21,1.0,<Residue SER het=  resseq=18 icode= >,1rta_E_A,2.5
138,47.431,SER, ,CB,10.6,1000.00,0.0,2.06,1.0,<Residue SER het=  resseq=18 icode= >,1rta_E_A,2.5
139,28.242,SER, ,OG,1.0,1000.00,0.0,2.90,1.0,<Residue SER het=  resseq=18 icode= >,1rta_E_A,2.5
140,0.639,ALA, ,N,1.0,1000.00,0.0,2.89,1.0,<Residue ALA het=  resseq=19 icode= >,1rta_E_A,2.5
141,0.0,ALA, ,CA,1.0,1000.00,0.0,2.51,1.0,<Residue ALA het=  resseq=19 icode= >,1rta_E_A,2.5
142,0.182,ALA, ,C,1.0,1000.00,0.0,3.54,1.0,<Residue ALA het=  resseq=19 icode= >,1rta_E_A,2.5
143,2.453,ALA, ,O,1.0,1000.00,0.0,2.98,1.0,<Residue ALA het=  resseq=19 icode= >,1rta_E_A,2.5
144,30.183,ALA, ,CB,1.0,1000.00,0.0,1.99,1.0,<Residue ALA het=  resseq=19 icode= >,1rta_E_A,2.5
145,0.0,ALA, ,N,1.0,19.15,0.0,2.80,1.0,<Residue ALA het=  resseq=20 icode= >,1rta_E_A,2.5
146,0.0,ALA, ,CA,1.0,19.50,0.0,2.29,1.0,<Residue ALA het=  resseq=20 icode= >,1rta_E_A,2.5
147,0.308,ALA, ,C,1.0,20.97,0.0,3.54,1.0,<Residue ALA het=  resseq=20 icode= >,1rta_E_A,2.5
148,20.005,ALA, ,O,1.0,21.89,0.0,3.50,1.0,<Residue ALA het=  resseq=20 icode= >,1rta_E_A,2.5
149,7.634,ALA, ,CB,1.0,19.37,0.0,1.72,1.0,<Residue ALA het=  resseq=20 icode= >,1rta_E_A,2.5
150,0.0,SER, ,N,4.59,1000.00,0.0,3.07,1.0,<Residue SER het=  resseq=21 icode= >,1rta_E_A,2.5
151,9.673,SER, ,CA,4.59,1000.00,0.0,2.08,1.0,<Residue SER het=  resseq=21 icode= >,1rta_E_A,2.5
152,3.839,SER, ,C,4.59,1000.00,0.0,4.24,1.0,<Residue SER het=  resseq=21 icode= >,1rta_E_A,2.5
153,28.367,SER, ,O,4.59,1000.00,0.0,2.59,1.0,<Residue SER het=  resseq=21 icode= >,1rta_E_A,2.5
154,35.378,SER, ,CB,4.59,1000.00,0.0,1.79,1.0,<Residue SER het=  resseq=21 icode= >,1rta_E_A,2.5
155,9.057,SER, ,OG,5.87,1000.00,0.0,2.37,1.0,<Residue SER het=  resseq=21 icode= >,1rta_E_A,2.5
156,0.9,SER, ,N,1.0,1000.00,0.0,2.39,1.0,<Residue SER het=  resseq=22 icode= >,1rta_E_A,2.5
157,9.702,SER, ,CA,1.0,1000.00,0.0,2.45,1.0,<Residue SER het=  resseq=22 icode= >,1rta_E_A,2.5
158,3.501,SER, ,C,1.0,1000.00,0.0,3.37,1.0,<Residue SER het=  resseq=22 icode= >,1rta_E_A,2.5
159,1.856,SER, ,O,1.0,1000.00,0.0,3.25,1.0,<Residue SER het=  resseq=22 icode= >,1rta_E_A,2.5
160,32.902,SER, ,CB,1.0,1000.00,0.0,3.19,1.0,<Residue SER het=  resseq=22 icode= >,1rta_E_A,2.5
161,0.854,SER, ,OG,17.84,1000.00,0.0,2.69,1.0,<Residue SER het=  resseq=22 icode= >,1rta_E_A,2.5
162,1.437,SER, ,N,2.83,1000.00,0.0,2.45,1.0,<Residue SER het=  resseq=23 icode= >,1rta_E_A,2.5
163,2.121,SER, ,CA,2.83,1000.00,0.0,2.40,1.0,<Residue SER het=  resseq=23 icode= >,1rta_E_A,2.5
164,1.159,SER, ,C,2.83,1000.00,0.0,3.19,1.0,<Residue SER het=  resseq=23 icode= >,1rta_E_A,2.5
165,8.002,SER, ,O,2.83,1000.00,0.0,2.70,1.0,<Residue SER het=  resseq=23 icode= >,1rta_E_A,2.5
166,26.885,SER, ,CB,2.83,1000.00,0.0,1.98,1.0,<Residue SER het=  resseq=23 icode= >,1rta_E_A,2.5
167,32.478,SER, ,OG,1.0,1000.00,0.0,2.70,1.0,<Residue SER het=  resseq=23 icode= >,1rta_E_A,2.5
168,0.037,ASN, ,N,1.0,1000.00,0.0,2.82,1.0,<Residue ASN het=  resseq=24 icode= >,1rta_E_A,2.5
169,0.137,ASN, ,CA,1.0,1000.00,0.0,2.16,1.0,<Residue ASN het=  resseq=24 icode= >,1rta_E_A,2.5
170,0.0,ASN, ,C,1.0,1000.00,0.0,3.60,1.0,<Residue ASN het=  resseq=24 icode= >,1rta_E_A,2.5
171,0.0,ASN, ,O,1.0,1000.00,0.0,3.31,1.0,<Residue ASN het=  resseq=24 icode= >,1rta_E_A,2.5
172,11.363,ASN, ,CB,1.0,1000.00,0.0,2.17,1.0,<Residue ASN het=  resseq=24 icode= >,1rta_E_A,2.5
173,5.614,ASN, ,CG,20.09,1000.00,0.0,3.00,1.0,<Residue ASN het=  resseq=24 icode= >,1rta_E_A,2.5
174,19.663,ASN, ,OD1,20.09,1000.00,0.0,1.45,1.0,<Residue ASN het=  resseq=24 icode= >,1rta_E_A,2.5
175,40.876,ASN, ,ND2,20.09,1000.00,0.0,1.67,1.0,<Residue ASN het=  resseq=24 icode= >,1rta_E_A,2.5
176,0.0,TYR, ,N,6.69,1000.00,0.0,2.42,1.0,<Residue TYR het=  resseq=25 icode= >,1rta_E_A,2.5
177,0.0,TYR, ,CA,6.69,1000.00,0.0,2.08,1.0,<Residue TYR het=  resseq=25 icode= >,1rta_E_A,2.5
178,0.0,TYR, ,C,6.69,1000.00,0.0,3.08,1.0,<Residue TYR het=  resseq=25 icode= >,1rta_E_A,2.5
179,0.0,TYR, ,O,6.69,1000.00,0.0,2.56,1.0,<Residue TYR het=  resseq=25 icode= >,1rta_E_A,2.5
180,0.0,TYR, ,CB,6.69,1000.00,0.0,1.97,1.0,<Residue TYR het=  resseq=25 icode= >,1rta_E_A,2.5
181,0.0,TYR, ,CG,5.14,1000.00,0.0,2.55,1.0,<Residue TYR het=  resseq=25 icode= >,1rta_E_A,2.5
182,2.491,TYR, ,CD1,5.14,1000.00,0.0,3.06,1.0,<Residue TYR het=  resseq=25 icode= >,1rta_E_A,2.5
183,0.0,TYR, ,CD2,5.14,1000.00,0.0,2.15,1.0,<Residue TYR het=  resseq=25 icode= >,1rta_E_A,2.5
184,0.759,TYR, ,CE1,5.14,1000.00,0.0,2.00,1.0,<Residue TYR het=  resseq=25 icode= >,1rta_E_A,2.5
185,0.0,TYR, ,CE2,5.14,1000.00,0.0,1.38,1.0,<Residue TYR het=  resseq=25 icode= >,1rta_E_A,2.5
186,0.0,TYR, ,CZ,5.14,1000.00,0.0,2.27,1.0,<Residue TYR het=  resseq=25 icode= >,1rta_E_A,2.5
187,0.0,TYR, ,OH,5.14,1000.00,0.0,2.36,1.0,<Residue TYR het=  resseq=25 icode= >,1rta_E_A,2.5
188,0.0,CYS, ,N,1.0,14.34,0.0,2.29,1.0,<Residue CYS het=  resseq=26 icode= >,1rta_E_A,2.5
189,0.0,CYS, ,CA,1.0,13.27,0.0,2.26,1.0,<Residue CYS het=  resseq=26 icode= >,1rta_E_A,2.5
190,0.0,CYS, ,C,1.0,13.89,0.0,3.88,1.0,<Residue CYS het=  resseq=26 icode= >,1rta_E_A,2.5
191,0.0,CYS, ,O,1.0,13.33,0.0,2.51,1.0,<Residue CYS het=  resseq=26 icode= >,1rta_E_A,2.5
192,0.0,CYS, ,CB,1.0,12.64,0.0,2.04,1.0,<Residue CYS het=  resseq=26 icode= >,1rta_E_A,2.5
193,0.0,CYS, ,SG,4.16,11.69,0.0,5.22,1.0,<Residue CYS het=  resseq=26 icode= >,1rta_E_A,2.5
194,0.0,ASN, ,N,1.0,15.09,0.0,2.86,1.0,<Residue ASN het=  resseq=27 icode= >,1rta_E_A,2.5
195,1.341,ASN, ,CA,1.0,15.07,0.0,1.63,1.0,<Residue ASN het=  resseq=27 icode= >,1rta_E_A,2.5
196,3.074,ASN, ,C,1.0,15.42,0.0,2.86,1.0,<Residue ASN het=  resseq=27 icode= >,1rta_E_A,2.5
197,6.376,ASN, ,O,1.0,14.71,0.0,3.73,1.0,<Residue ASN het=  resseq=27 icode= >,1rta_E_A,2.5
198,13.281,ASN, ,CB,1.0,15.70,0.0,1.25,1.0,<Residue ASN het=  resseq=27 icode= >,1rta_E_A,2.5
199,4.245,ASN, ,CG,1.0,15.14,0.0,3.13,1.0,<Residue ASN het=  resseq=27 icode= >,1rta_E_A,2.5
200,1.83,ASN, ,OD1,1.0,14.21,0.0,2.95,1.0,<Residue ASN het=  resseq=27 icode= >,1rta_E_A,2.5
201,8.303,ASN, ,ND2,1.0,15.68,0.0,2.95,1.0,<Residue ASN het=  resseq=27 icode= >,1rta_E_A,2.5
202,0.253,GLN, ,N,19.77,16.63,0.0,1.14,1.0,<Residue GLN het=  resseq=28 icode= >,1rta_E_A,2.5
203,8.76,GLN, ,CA,19.77,17.33,0.0,2.16,1.0,<Residue GLN het=  resseq=28 icode= >,1rta_E_A,2.5
204,0.0,GLN, ,C,19.77,16.48,0.0,2.45,1.0,<Residue GLN het=  resseq=28 icode= >,1rta_E_A,2.5
205,3.2,GLN, ,O,19.77,16.34,0.0,2.38,1.0,<Residue GLN het=  resseq=28 icode= >,1rta_E_A,2.5
206,10.464,GLN, ,CB,19.77,18.68,0.0,2.36,1.0,<Residue GLN het=  resseq=28 icode= >,1rta_E_A,2.5
207,15.814,GLN, ,CG,1.0,19.68,0.0,2.23,1.0,<Residue GLN het=  resseq=28 icode= >,1rta_E_A,2.5
208,5.575,GLN, ,CD,1.0,21.01,0.0,4.66,1.0,<Residue GLN het=  resseq=28 icode= >,1rta_E_A,2.5
209,9.396,GLN, ,OE1,1.0,20.91,0.0,3.20,1.0,<Residue GLN het=  resseq=28 icode= >,1rta_E_A,2.5
210,36.355,GLN, ,NE2,1.0,21.90,0.0,2.53,1.0,<Residue GLN het=  resseq=28 icode= >,1rta_E_A,2.5
211,0.0,MET, ,N,1.0,14.68,0.0,2.82,1.0,<Residue MET het=  resseq=29 icode= >,1rta_E_A,2.5
212,0.0,MET, ,CA,1.0,13.67,0.0,2.55,1.0,<Residue MET het=  resseq=29 icode= >,1rta_E_A,2.5
213,0.0,MET, ,C,1.0,12.77,0.0,4.25,1.0,<Residue MET het=  resseq=29 icode= >,1rta_E_A,2.5
214,0.0,MET, ,O,1.0,12.66,0.0,3.07,1.0,<Residue MET het=  resseq=29 icode= >,1rta_E_A,2.5
215,0.0,MET, ,CB,1.0,12.91,0.0,2.10,1.0,<Residue MET het=  resseq=29 icode= >,1rta_E_A,2.5
216,0.0,MET, ,CG,3.89,12.78,0.0,2.75,1.0,<Residue MET het=  resseq=29 icode= >,1rta_E_A,2.5
217,6.724,MET, ,SD,3.89,14.43,0.0,4.82,1.0,<Residue MET het=  resseq=29 icode= >,1rta_E_A,2.5
218,29.615,MET, ,CE,3.89,15.26,0.0,1.88,1.0,<Residue MET het=  resseq=29 icode= >,1rta_E_A,2.5
219,0.0,MET, ,N,3.4,12.31,0.0,2.87,1.0,<Residue MET het=  resseq=30 icode= >,1rta_E_A,2.5
220,0.0,MET, ,CA,3.4,11.68,0.0,2.36,1.0,<Residue MET het=  resseq=30 icode= >,1rta_E_A,2.5
221,0.0,MET, ,C,3.4,11.40,0.0,3.14,1.0,<Residue MET het=  resseq=30 icode= >,1rta_E_A,2.5
222,0.0,MET, ,O,3.4,10.51,0.0,2.92,1.0,<Residue MET het=  resseq=30 icode= >,1rta_E_A,2.5
223,0.44,MET, ,CB,3.4,11.21,0.0,1.34,1.0,<Residue MET het=  resseq=30 icode= >,1rta_E_A,2.5
224,0.0,MET, ,CG,14.34,10.89,0.0,1.63,1.0,<Residue MET het=  resseq=30 icode= >,1rta_E_A,2.5
225,0.0,MET, ,SD,14.34,9.15,0.0,3.65,1.0,<Residue MET het=  resseq=30 icode= >,1rta_E_A,2.5
226,0.0,MET, ,CE,14.34,9.00,0.0,2.01,1.0,<Residue MET het=  resseq=30 icode= >,1rta_E_A,2.5
227,0.0,LYS, ,N,6.32,12.28,0.0,2.63,1.0,<Residue LYS het=  resseq=31 icode= >,1rta_E_A,2.5
228,0.0,LYS, ,CA,6.32,12.33,0.0,2.90,1.0,<Residue LYS het=  resseq=31 icode= >,1rta_E_A,2.5
229,0.0,LYS, ,C,6.32,13.05,0.0,2.89,1.0,<Residue LYS het=  resseq=31 icode= >,1rta_E_A,2.5
230,2.654,LYS, ,O,6.32,12.72,0.0,2.48,1.0,<Residue LYS het=  resseq=31 icode= >,1rta_E_A,2.5
231,3.825,LYS, ,CB,6.32,13.22,0.0,1.71,1.0,<Residue LYS het=  resseq=31 icode= >,1rta_E_A,2.5
232,10.749,LYS, ,CG,15.86,13.55,0.0,1.81,1.0,<Residue LYS het=  resseq=31 icode= >,1rta_E_A,2.5
233,26.627,LYS, ,CD,15.86,15.01,0.0,1.25,1.0,<Residue LYS het=  resseq=31 icode= >,1rta_E_A,2.5
234,51.243,LYS, ,CE,15.86,15.34,0.0,1.98,1.0,<Residue LYS het=  resseq=31 icode= >,1rta_E_A,2.5
235,29.769,LYS, ,NZ,15.86,14.24,0.0,1.99,1.0,<Residue LYS het=  resseq=31 icode= >,1rta_E_A,2.5
236,0.0,SER, ,N,19.42,14.11,0.0,1.93,1.0,<Residue SER het=  resseq=32 icode= >,1rta_E_A,2.5
237,10.459,SER, ,CA,19.42,14.96,0.0,1.94,1.0,<Residue SER het=  resseq=32 icode= >,1rta_E_A,2.5
238,0.106,SER, ,C,19.42,14.06,0.0,2.03,1.0,<Residue SER het=  resseq=32 icode= >,1rta_E_A,2.5
239,20.733,SER, ,O,19.42,14.28,0.0,2.01,1.0,<Residue SER het=  resseq=32 icode= >,1rta_E_A,2.5
240,13.609,SER, ,CB,19.42,15.68,0.0,3.02,1.0,<Residue SER het=  resseq=32 icode= >,1rta_E_A,2.5
241,21.904,SER, ,OG,3.07,16.73,0.0,3.27,1.0,<Residue SER het=  resseq=32 icode= >,1rta_E_A,2.5
242,0.0,ARG, ,N,6.52,13.11,0.0,2.81,1.0,<Residue ARG het=  resseq=33 icode= >,1rta_E_A,2.5
243,1.709,ARG, ,CA,6.52,12.26,0.0,3.41,1.0,<Residue ARG het=  resseq=33 icode= >,1rta_E_A,2.5
244,0.0,ARG, ,C,6.52,11.01,0.0,2.97,1.0,<Residue ARG het=  resseq=33 icode= >,1rta_E_A,2.5
245,0.0,ARG, ,O,6.52,10.21,0.0,2.33,1.0,<Residue ARG het=  resseq=33 icode= >,1rta_E_A,2.5
246,0.0,ARG, ,CB,6.52,11.41,0.0,1.99,1.0,<Residue ARG het=  resseq=33 icode= >,1rta_E_A,2.5
247,13.629,ARG, ,CG,1.0,12.54,0.0,2.48,1.0,<Residue ARG het=  resseq=33 icode= >,1rta_E_A,2.5
248,7.564,ARG, ,CD,1.0,12.99,0.0,2.56,1.0,<Residue ARG het=  resseq=33 icode= >,1rta_E_A,2.5
249,0.0,ARG, ,NE,1.0,11.99,0.0,2.52,1.0,<Residue ARG het=  resseq=33 icode= >,1rta_E_A,2.5
250,3.346,ARG, ,CZ,1.0,12.32,0.0,3.21,1.0,<Residue ARG het=  resseq=33 icode= >,1rta_E_A,2.5
251,27.395,ARG, ,NH1,1.0,13.40,0.0,2.69,1.0,<Residue ARG het=  resseq=33 icode= >,1rta_E_A,2.5
252,4.817,ARG, ,NH2,1.0,11.33,0.0,2.24,1.0,<Residue ARG het=  resseq=33 icode= >,1rta_E_A,2.5
253,0.0,ASN, ,N,13.89,10.92,0.0,2.01,1.0,<Residue ASN het=  resseq=34 icode= >,1rta_E_A,2.5
254,0.0,ASN, ,CA,13.89,9.96,0.0,2.60,1.0,<Residue ASN het=  resseq=34 icode= >,1rta_E_A,2.5
255,0.0,ASN, ,C,13.89,8.50,0.0,3.39,1.0,<Residue ASN het=  resseq=34 icode= >,1rta_E_A,2.5
256,7.15,ASN, ,O,13.89,7.66,0.0,2.71,1.0,<Residue ASN het=  resseq=34 icode= >,1rta_E_A,2.5
257,4.507,ASN, ,CB,13.89,10.23,0.0,0.70,1.0,<Residue ASN het=  resseq=34 icode= >,1rta_E_A,2.5
258,1.463,ASN, ,CG,7.91,11.61,0.0,2.91,1.0,<Residue ASN het=  resseq=34 icode= >,1rta_E_A,2.5
259,38.558,ASN, ,OD1,7.91,12.25,0.0,2.93,1.0,<Residue ASN het=  resseq=34 icode= >,1rta_E_A,2.5
260,19.902,ASN, ,ND2,7.91,12.22,0.0,2.00,1.0,<Residue ASN het=  resseq=34 icode= >,1rta_E_A,2.5
261,0.0,LEU, ,N,8.06,8.38,0.0,2.37,1.0,<Residue LEU het=  resseq=35 icode= >,1rta_E_A,2.5
262,1.069,LEU, ,CA,8.06,7.19,0.0,2.39,1.0,<Residue LEU het=  resseq=35 icode= >,1rta_E_A,2.5
263,0.0,LEU, ,C,8.06,6.55,0.0,3.22,1.0,<Residue LEU het=  resseq=35 icode= >,1rta_E_A,2.5
264,0.0,LEU, ,O,8.06,5.75,0.0,2.22,1.0,<Residue LEU het=  resseq=35 icode= >,1rta_E_A,2.5
265,0.0,LEU, ,CB,8.06,7.72,0.0,0.82,1.0,<Residue LEU het=  resseq=35 icode= >,1rta_E_A,2.5
266,1.068,LEU, ,CG,1.0,8.26,0.0,2.75,1.0,<Residue LEU het=  resseq=35 icode= >,1rta_E_A,2.5
267,0.0,LEU, ,CD1,1.0,9.43,0.0,1.36,1.0,<Residue LEU het=  resseq=35 icode= >,1rta_E_A,2.5
268,0.918,LEU, ,CD2,1.0,7.01,0.0,1.70,1.0,<Residue LEU het=  resseq=35 icode= >,1rta_E_A,2.5
269,0.0,THR, ,N,17.79,7.25,0.0,1.53,1.0,<Residue THR het=  resseq=36 icode= >,1rta_E_A,2.5
270,0.0,THR, ,CA,17.79,7.56,0.0,1.67,1.0,<Residue THR het=  resseq=36 icode= >,1rta_E_A,2.5
271,0.0,THR, ,C,17.79,7.74,0.0,3.04,1.0,<Residue THR het=  resseq=36 icode= >,1rta_E_A,2.5
272,5.49,THR, ,O,17.79,8.58,0.0,1.91,1.0,<Residue THR het=  resseq=36 icode= >,1rta_E_A,2.5
273,3.588,THR, ,CB,17.79,8.92,0.0,1.80,1.0,<Residue THR het=  resseq=36 icode= >,1rta_E_A,2.5
274,0.0,THR, ,OG1,9.45,9.73,0.0,2.65,1.0,<Residue THR het=  resseq=36 icode= >,1rta_E_A,2.5
275,2.982,THR, ,CG2,9.45,8.91,0.0,1.09,1.0,<Residue THR het=  resseq=36 icode= >,1rta_E_A,2.5
276,0.0,LYS, ,N,21.42,7.34,0.0,1.67,1.0,<Residue LYS het=  resseq=37 icode= >,1rta_E_A,2.5
277,4.079,LYS, ,CA,21.42,7.92,0.0,1.57,1.0,<Residue LYS het=  resseq=37 icode= >,1rta_E_A,2.5
278,0.199,LYS, ,C,21.42,7.19,0.0,2.78,1.0,<Residue LYS het=  resseq=37 icode= >,1rta_E_A,2.5
279,3.238,LYS, ,O,21.42,7.90,0.0,2.05,1.0,<Residue LYS het=  resseq=37 icode= >,1rta_E_A,2.5
280,15.249,LYS, ,CB,21.42,8.35,0.0,1.05,1.0,<Residue LYS het=  resseq=37 icode= >,1rta_E_A,2.5
281,12.248,LYS, ,CG,4.97,9.14,0.0,1.47,1.0,<Residue LYS het=  resseq=37 icode= >,1rta_E_A,2.5
282,29.168,LYS, ,CD,4.97,10.64,0.0,1.78,1.0,<Residue LYS het=  resseq=37 icode= >,1rta_E_A,2.5
283,12.644,LYS, ,CE,4.97,11.02,0.0,2.30,1.0,<Residue LYS het=  resseq=37 icode= >,1rta_E_A,2.5
284,4.99,LYS, ,NZ,4.97,10.28,0.0,1.97,1.0,<Residue LYS het=  resseq=37 icode= >,1rta_E_A,2.5
285,0.183,ASP, ,N,15.51,6.13,0.0,2.66,1.0,<Residue ASP het=  resseq=38 icode= >,1rta_E_A,2.5
286,2.192,ASP, ,CA,15.51,5.96,0.0,1.82,1.0,<Residue ASP het=  resseq=38 icode= >,1rta_E_A,2.5
287,0.176,ASP, ,C,15.51,4.77,0.0,2.31,1.0,<Residue ASP het=  resseq=38 icode= >,1rta_E_A,2.5
288,16.652,ASP, ,O,15.51,4.43,1.216,2.14,1.0,<Residue ASP het=  resseq=38 icode= >,1rta_E_A,2.5
289,10.458,ASP, ,CB,15.51,6.07,0.0,1.82,1.0,<Residue ASP het=  resseq=38 icode= >,1rta_E_A,2.5
290,9.113,ASP, ,CG,22.35,7.35,0.0,3.00,1.0,<Residue ASP het=  resseq=38 icode= >,1rta_E_A,2.5
291,36.901,ASP, ,OD1,22.35,8.41,0.0,2.02,1.0,<Residue ASP het=  resseq=38 icode= >,1rta_E_A,2.5
292,30.081,ASP, ,OD2,22.35,7.16,0.0,1.96,1.0,<Residue ASP het=  resseq=38 icode= >,1rta_E_A,2.5
293,0.0,ARG, ,N,19.34,3.76,0.0,1.20,1.0,<Residue ARG het=  resseq=39 icode= >,1rta_E_A,2.5
294,3.728,ARG, ,CA,19.34,2.80,3.728,1.18,1.0,<Residue ARG het=  resseq=39 icode= >,1rta_E_A,2.5
295,0.0,ARG, ,C,19.34,3.59,0.0,2.54,1.0,<Residue ARG het=  resseq=39 icode= >,1rta_E_A,2.5
296,0.0,ARG, ,O,19.34,4.76,0.0,2.32,1.0,<Residue ARG het=  resseq=39 icode= >,1rta_E_A,2.5
297,3.763,ARG, ,CB,19.34,2.63,3.763,1.07,1.0,<Residue ARG het=  resseq=39 icode= >,1rta_E_A,2.5
298,11.599,ARG, ,CG,35.69,2.97,0.49,0.94,1.0,<Residue ARG het=  resseq=39 icode= >,1rta_E_A,2.5
299,33.776,ARG, ,CD,35.69,2.07,23.096,0.75,1.0,<Residue ARG het=  resseq=39 icode= >,1rta_E_A,2.5
300,9.941,ARG, ,NE,35.69,3.08,0.159,0.22,1.0,<Residue ARG het=  resseq=39 icode= >,1rta_E_A,2.5
301,5.476,ARG, ,CZ,35.69,3.58,1.065,1.40,1.0,<Residue ARG het=  resseq=39 icode= >,1rta_E_A,2.5
302,36.931,ARG, ,NH1,35.69,2.86,22.887,0.93,1.0,<Residue ARG het=  resseq=39 icode= >,1rta_E_A,2.5
303,33.364,ARG, ,NH2,35.69,4.89,0.0,1.75,1.0,<Residue ARG het=  resseq=39 icode= >,1rta_E_A,2.5
304,3.094,CYS, ,N,7.83,2.80,3.061,2.61,1.0,<Residue CYS het=  resseq=40 icode= >,1rta_E_A,2.5
305,0.0,CYS, ,CA,7.83,3.67,0.0,2.38,1.0,<Residue CYS het=  resseq=40 icode= >,1rta_E_A,2.5
306,0.0,CYS, ,C,7.83,3.41,0.0,2.77,1.0,<Residue CYS het=  resseq=40 icode= >,1rta_E_A,2.5
307,15.205,CYS, ,O,7.83,2.87,11.742,1.99,1.0,<Residue CYS het=  resseq=40 icode= >,1rta_E_A,2.5
308,16.373,CYS, ,CB,7.83,3.99,2.276,1.26,1.0,<Residue CYS het=  resseq=40 icode= >,1rta_E_A,2.5
309,0.088,CYS, ,SG,8.56,5.73,0.0,5.06,1.0,<Residue CYS het=  resseq=40 icode= >,1rta_E_A,2.5
310,0.0,LYS, ,N,4.47,4.36,0.0,2.37,1.0,<Residue LYS het=  resseq=41 icode= >,1rta_E_A,2.5
311,1.256,LYS, ,CA,4.47,4.07,1.256,1.17,1.0,<Residue LYS het=  resseq=41 icode= >,1rta_E_A,2.5
312,0.0,LYS, ,C,4.47,4.71,0.0,2.80,1.0,<Residue LYS het=  resseq=41 icode= >,1rta_E_A,2.5
313,0.0,LYS, ,O,4.47,5.75,0.0,2.09,1.0,<Residue LYS het=  resseq=41 icode= >,1rta_E_A,2.5
314,0.0,LYS, ,CB,4.47,4.99,0.0,1.60,1.0,<Residue LYS het=  resseq=41 icode= >,1rta_E_A,2.5
315,5.592,LYS, ,CG,3.23,4.65,5.364,1.98,1.0,<Residue LYS het=  resseq=41 icode= >,1rta_E_A,2.5
316,21.729,LYS, ,CD,3.23,4.92,13.059,1.65,1.0,<Residue LYS het=  resseq=41 icode= >,1rta_E_A,2.5
317,1.142,LYS, ,CE,3.23,4.36,0.451,1.91,1.0,<Residue LYS het=  resseq=41 icode= >,1rta_E_A,2.5
318,24.444,LYS, ,NZ,3.23,2.96,24.272,1.93,1.0,<Residue LYS het=  resseq=41 icode= >,1rta_E_A,2.5
319,0.0,PRO, ,N,8.65,4.55,0.0,2.91,1.0,<Residue PRO het=  resseq=42 icode= >,1rta_E_A,2.5
320,0.14,PRO, ,CA,8.65,5.16,0.0,1.30,1.0,<Residue PRO het=  resseq=42 icode= >,1rta_E_A,2.5
321,0.0,PRO, ,C,8.65,6.34,0.0,3.01,1.0,<Residue PRO het=  resseq=42 icode= >,1rta_E_A,2.5
322,3.9,PRO, ,O,8.65,7.18,0.0,2.26,1.0,<Residue PRO het=  resseq=42 icode= >,1rta_E_A,2.5
323,28.996,PRO, ,CB,8.65,3.69,5.37,1.10,1.0,<Residue PRO het=  resseq=42 icode= >,1rta_E_A,2.5
324,42.328,PRO, ,CG,8.65,2.79,40.797,2.56,1.0,<Residue PRO het=  resseq=42 icode= >,1rta_E_A,2.5
325,14.476,PRO, ,CD,8.65,3.33,14.289,1.50,1.0,<Residue PRO het=  resseq=42 icode= >,1rta_E_A,2.5
326,0.0,VAL, ,N,18.0,6.01,0.0,1.86,1.0,<Residue VAL het=  resseq=43 icode= >,1rta_E_A,2.5
327,0.0,VAL, ,CA,18.0,5.66,0.0,1.13,1.0,<Residue VAL het=  resseq=43 icode= >,1rta_E_A,2.5
328,0.168,VAL, ,C,18.0,5.04,0.168,2.78,1.0,<Residue VAL het=  resseq=43 icode= >,1rta_E_A,2.5
329,4.855,VAL, ,O,18.0,4.49,4.394,1.86,1.0,<Residue VAL het=  resseq=43 icode= >,1rta_E_A,2.5
330,0.394,VAL, ,CB,18.0,4.60,0.0,1.43,1.0,<Residue VAL het=  resseq=43 icode= >,1rta_E_A,2.5
331,42.69,VAL, ,CG1,1.62,3.70,25.194,1.96,1.0,<Residue VAL het=  resseq=43 icode= >,1rta_E_A,2.5
332,12.65,VAL, ,CG2,1.62,4.14,10.664,0.89,1.0,<Residue VAL het=  resseq=43 icode= >,1rta_E_A,2.5
333,0.0,ASN, ,N,2.22,5.35,0.0,2.11,1.0,<Residue ASN het=  resseq=44 icode= >,1rta_E_A,2.5
334,2.417,ASN, ,CA,2.22,4.78,2.417,1.75,1.0,<Residue ASN het=  resseq=44 icode= >,1rta_E_A,2.5
335,0.0,ASN, ,C,2.22,4.94,0.0,3.40,1.0,<Residue ASN het=  resseq=44 icode= >,1rta_E_A,2.5
336,0.0,ASN, ,O,2.22,5.96,0.0,3.16,1.0,<Residue ASN het=  resseq=44 icode= >,1rta_E_A,2.5
337,0.0,ASN, ,CB,2.22,5.61,0.0,1.29,1.0,<Residue ASN het=  resseq=44 icode= >,1rta_E_A,2.5
338,0.0,ASN, ,CG,1.0,5.18,0.0,3.59,1.0,<Residue ASN het=  resseq=44 icode= >,1rta_E_A,2.5
339,0.018,ASN, ,OD1,1.0,4.08,0.018,3.60,1.0,<Residue ASN het=  resseq=44 icode= >,1rta_E_A,2.5
340,0.0,ASN, ,ND2,1.0,6.23,0.0,2.22,1.0,<Residue ASN het=  resseq=44 icode= >,1rta_E_A,2.5
341,0.0,THR, ,N,2.32,4.31,0.0,3.06,1.0,<Residue THR het=  resseq=45 icode= >,1rta_E_A,2.5
342,0.0,THR, ,CA,2.32,5.03,0.0,1.60,1.0,<Residue THR het=  resseq=45 icode= >,1rta_E_A,2.5
343,0.0,THR, ,C,2.32,5.68,0.0,2.53,1.0,<Residue THR het=  resseq=45 icode= >,1rta_E_A,2.5
344,0.0,THR, ,O,2.32,4.97,0.0,3.46,1.0,<Residue THR het=  resseq=45 icode= >,1rta_E_A,2.5
345,0.0,THR, ,CB,2.32,4.37,0.0,3.28,1.0,<Residue THR het=  resseq=45 icode= >,1rta_E_A,2.5
346,0.0,THR, ,OG1,1.0,4.98,0.0,2.37,1.0,<Residue THR het=  resseq=45 icode= >,1rta_E_A,2.5
347,18.803,THR, ,CG2,1.0,2.95,17.978,1.74,1.0,<Residue THR het=  resseq=45 icode= >,1rta_E_A,2.5
348,0.0,PHE, ,N,7.25,7.02,0.0,2.25,1.0,<Residue PHE het=  resseq=46 icode= >,1rta_E_A,2.5
349,0.0,PHE, ,CA,7.25,7.99,0.0,2.51,1.0,<Residue PHE het=  resseq=46 icode= >,1rta_E_A,2.5
350,0.0,PHE, ,C,7.25,8.91,0.0,3.47,1.0,<Residue PHE het=  resseq=46 icode= >,1rta_E_A,2.5
351,0.0,PHE, ,O,7.25,9.71,0.0,2.31,1.0,<Residue PHE het=  resseq=46 icode= >,1rta_E_A,2.5
352,0.0,PHE, ,CB,7.25,9.17,0.0,1.90,1.0,<Residue PHE het=  resseq=46 icode= >,1rta_E_A,2.5
353,0.0,PHE, ,CG,1.0,8.91,0.0,3.24,1.0,<Residue PHE het=  resseq=46 icode= >,1rta_E_A,2.5
354,0.0,PHE, ,CD1,1.0,8.59,0.0,2.57,1.0,<Residue PHE het=  resseq=46 icode= >,1rta_E_A,2.5
355,0.0,PHE, ,CD2,1.0,9.25,0.0,2.35,1.0,<Residue PHE het=  resseq=46 icode= >,1rta_E_A,2.5
356,0.0,PHE, ,CE1,1.0,8.63,0.0,2.34,1.0,<Residue PHE het=  resseq=46 icode= >,1rta_E_A,2.5
357,0.0,PHE, ,CE2,1.0,9.28,0.0,2.68,1.0,<Residue PHE het=  resseq=46 icode= >,1rta_E_A,2.5
358,0.0,PHE, ,CZ,1.0,8.97,0.0,3.23,1.0,<Residue PHE het=  resseq=46 icode= >,1rta_E_A,2.5
359,0.0,VAL, ,N,1.0,8.94,0.0,2.30,1.0,<Residue VAL het=  resseq=47 icode= >,1rta_E_A,2.5
360,0.0,VAL, ,CA,1.0,9.96,0.0,2.58,1.0,<Residue VAL het=  resseq=47 icode= >,1rta_E_A,2.5
361,0.0,VAL, ,C,1.0,11.16,0.0,3.25,1.0,<Residue VAL het=  resseq=47 icode= >,1rta_E_A,2.5
362,0.0,VAL, ,O,1.0,11.31,0.0,3.64,1.0,<Residue VAL het=  resseq=47 icode= >,1rta_E_A,2.5
363,0.133,VAL, ,CB,1.0,9.62,0.0,3.12,1.0,<Residue VAL het=  resseq=47 icode= >,1rta_E_A,2.5
364,0.0,VAL, ,CG1,1.0,10.75,0.0,1.54,1.0,<Residue VAL het=  resseq=47 icode= >,1rta_E_A,2.5
365,0.957,VAL, ,CG2,1.0,8.32,0.0,1.52,1.0,<Residue VAL het=  resseq=47 icode= >,1rta_E_A,2.5
366,0.0,HIS, ,N,8.89,13.95,0.0,1.64,1.0,<Residue HIS het=  resseq=48 icode= >,1rta_E_A,2.5
367,0.0,HIS, ,CA,8.89,15.19,0.0,1.71,1.0,<Residue HIS het=  resseq=48 icode= >,1rta_E_A,2.5
368,0.102,HIS, ,C,8.89,15.82,0.0,3.88,1.0,<Residue HIS het=  resseq=48 icode= >,1rta_E_A,2.5
369,10.752,HIS, ,O,8.89,16.98,0.0,3.07,1.0,<Residue HIS het=  resseq=48 icode= >,1rta_E_A,2.5
370,0.0,HIS, ,CB,8.89,16.08,0.0,1.07,1.0,<Residue HIS het=  resseq=48 icode= >,1rta_E_A,2.5
371,0.0,HIS, ,CG,1.0,15.88,0.0,3.46,1.0,<Residue HIS het=  resseq=48 icode= >,1rta_E_A,2.5
372,0.0,HIS, ,ND1,1.0,15.89,0.0,3.49,1.0,<Residue HIS het=  resseq=48 icode= >,1rta_E_A,2.5
373,0.0,HIS, ,CD2,1.0,15.86,0.0,2.75,1.0,<Residue HIS het=  resseq=48 icode= >,1rta_E_A,2.5
374,0.0,HIS, ,CE1,1.0,15.85,0.0,3.03,1.0,<Residue HIS het=  resseq=48 icode= >,1rta_E_A,2.5
375,0.0,HIS, ,NE2,1.0,15.83,0.0,2.94,1.0,<Residue HIS het=  resseq=48 icode= >,1rta_E_A,2.5
376,0.0,GLU, ,N,1.55,15.02,0.0,2.63,1.0,<Residue GLU het=  resseq=49 icode= >,1rta_E_A,2.5
377,1.647,GLU, ,CA,1.55,15.65,0.0,1.94,1.0,<Residue GLU het=  resseq=49 icode= >,1rta_E_A,2.5
378,0.127,GLU, ,C,1.55,15.48,0.0,2.28,1.0,<Residue GLU het=  resseq=49 icode= >,1rta_E_A,2.5
379,0.0,GLU, ,O,1.55,14.64,0.0,2.30,1.0,<Residue GLU het=  resseq=49 icode= >,1rta_E_A,2.5
380,0.0,GLU, ,CB,1.55,15.18,0.0,1.49,1.0,<Residue GLU het=  resseq=49 icode= >,1rta_E_A,2.5
381,2.34,GLU, ,CG,2.37,16.44,0.0,1.33,1.0,<Residue GLU het=  resseq=49 icode= >,1rta_E_A,2.5
382,4.992,GLU, ,CD,2.37,17.50,0.0,3.78,1.0,<Residue GLU het=  resseq=49 icode= >,1rta_E_A,2.5
383,6.663,GLU, ,OE1,2.37,17.27,0.0,2.94,1.0,<Residue GLU het=  resseq=49 icode= >,1rta_E_A,2.5
384,40.732,GLU, ,OE2,2.37,18.67,0.0,3.00,1.0,<Residue GLU het=  resseq=49 icode= >,1rta_E_A,2.5
385,6.416,SER, ,N,1.0,16.54,0.0,2.50,1.0,<Residue SER het=  resseq=50 icode= >,1rta_E_A,2.5
386,0.24,SER, ,CA,1.0,16.61,0.0,2.43,1.0,<Residue SER het=  resseq=50 icode= >,1rta_E_A,2.5
387,0.0,SER, ,C,1.0,15.60,0.0,3.55,1.0,<Residue SER het=  resseq=50 icode= >,1rta_E_A,2.5
388,0.0,SER, ,O,1.0,15.42,0.0,2.62,1.0,<Residue SER het=  resseq=50 icode= >,1rta_E_A,2.5
389,29.424,SER, ,CB,1.0,17.98,0.0,2.72,1.0,<Residue SER het=  resseq=50 icode= >,1rta_E_A,2.5
390,15.682,SER, ,OG,9.12,18.15,0.0,2.75,1.0,<Residue SER het=  resseq=50 icode= >,1rta_E_A,2.5
391,0.419,LEU, ,N,5.96,15.14,0.0,2.08,1.0,<Residue LEU het=  resseq=51 icode= >,1rta_E_A,2.5
392,0.0,LEU, ,CA,5.96,14.35,0.0,2.50,1.0,<Residue LEU het=  resseq=51 icode= >,1rta_E_A,2.5
393,0.0,LEU, ,C,5.96,14.89,0.0,2.88,1.0,<Residue LEU het=  resseq=51 icode= >,1rta_E_A,2.5
394,0.0,LEU, ,O,5.96,14.30,0.0,2.57,1.0,<Residue LEU het=  resseq=51 icode= >,1rta_E_A,2.5
395,8.427,LEU, ,CB,5.96,14.61,0.0,1.56,1.0,<Residue LEU het=  resseq=51 icode= >,1rta_E_A,2.5
396,0.951,LEU, ,CG,1.29,14.04,0.0,3.28,1.0,<Residue LEU het=  resseq=51 icode= >,1rta_E_A,2.5
397,6.207,LEU, ,CD1,1.29,12.50,0.0,1.79,1.0,<Residue LEU het=  resseq=51 icode= >,1rta_E_A,2.5
398,45.075,LEU, ,CD2,1.29,14.80,0.0,1.89,1.0,<Residue LEU het=  resseq=51 icode= >,1rta_E_A,2.5
399,0.732,ALA, ,N,8.31,16.22,0.0,2.75,1.0,<Residue ALA het=  resseq=52 icode= >,1rta_E_A,2.5
400,8.173,ALA, ,CA,8.31,17.07,0.0,2.18,1.0,<Residue ALA het=  resseq=52 icode= >,1rta_E_A,2.5
401,3.207,ALA, ,C,8.31,16.86,0.0,3.48,1.0,<Residue ALA het=  resseq=52 icode= >,1rta_E_A,2.5
402,7.922,ALA, ,O,8.31,16.58,0.0,2.82,1.0,<Residue ALA het=  resseq=52 icode= >,1rta_E_A,2.5
403,51.801,ALA, ,CB,8.31,18.54,0.0,1.43,1.0,<Residue ALA het=  resseq=52 icode= >,1rta_E_A,2.5
404,0.0,ASP, ,N,5.59,16.87,0.0,2.49,1.0,<Residue ASP het=  resseq=53 icode= >,1rta_E_A,2.5
405,1.249,ASP, ,CA,5.59,16.85,0.0,2.37,1.0,<Residue ASP het=  resseq=53 icode= >,1rta_E_A,2.5
406,0.0,ASP, ,C,5.59,15.50,0.0,3.30,1.0,<Residue ASP het=  resseq=53 icode= >,1rta_E_A,2.5
407,3.465,ASP, ,O,5.59,15.58,0.0,3.18,1.0,<Residue ASP het=  resseq=53 icode= >,1rta_E_A,2.5
408,8.738,ASP, ,CB,5.59,17.63,0.0,1.59,1.0,<Residue ASP het=  resseq=53 icode= >,1rta_E_A,2.5
409,10.543,ASP, ,CG,27.56,19.13,0.0,2.06,1.0,<Residue ASP het=  resseq=53 icode= >,1rta_E_A,2.5
410,21.101,ASP, ,OD1,27.56,19.62,0.0,1.27,1.0,<Residue ASP het=  resseq=53 icode= >,1rta_E_A,2.5
411,38.648,ASP, ,OD2,27.56,19.92,0.0,1.60,1.0,<Residue ASP het=  resseq=53 icode= >,1rta_E_A,2.5
412,0.0,VAL, ,N,3.94,14.38,0.0,2.99,1.0,<Residue VAL het=  resseq=54 icode= >,1rta_E_A,2.5
413,0.0,VAL, ,CA,3.94,13.09,0.0,2.55,1.0,<Residue VAL het=  resseq=54 icode= >,1rta_E_A,2.5
414,0.0,VAL, ,C,3.94,12.85,0.0,2.67,1.0,<Residue VAL het=  resseq=54 icode= >,1rta_E_A,2.5
415,0.0,VAL, ,O,3.94,12.45,0.0,2.20,1.0,<Residue VAL het=  resseq=54 icode= >,1rta_E_A,2.5
416,0.0,VAL, ,CB,3.94,12.01,0.0,2.91,1.0,<Residue VAL het=  resseq=54 icode= >,1rta_E_A,2.5
417,0.713,VAL, ,CG1,1.0,10.60,0.0,2.51,1.0,<Residue VAL het=  resseq=54 icode= >,1rta_E_A,2.5
418,0.0,VAL, ,CG2,1.0,12.14,0.0,1.88,1.0,<Residue VAL het=  resseq=54 icode= >,1rta_E_A,2.5
419,0.0,GLN, ,N,4.93,13.22,0.0,1.97,1.0,<Residue GLN het=  resseq=55 icode= >,1rta_E_A,2.5
420,0.0,GLN, ,CA,4.93,13.29,0.0,2.27,1.0,<Residue GLN het=  resseq=55 icode= >,1rta_E_A,2.5
421,1.738,GLN, ,C,4.93,13.81,0.0,3.12,1.0,<Residue GLN het=  resseq=55 icode= >,1rta_E_A,2.5
422,4.561,GLN, ,O,4.93,13.17,0.0,3.39,1.0,<Residue GLN het=  resseq=55 icode= >,1rta_E_A,2.5
423,2.813,GLN, ,CB,4.93,13.48,0.0,2.52,1.0,<Residue GLN het=  resseq=55 icode= >,1rta_E_A,2.5
424,10.879,GLN, ,CG,13.25,14.50,0.0,1.14,1.0,<Residue GLN het=  resseq=55 icode= >,1rta_E_A,2.5
425,1.21,GLN, ,CD,13.25,14.17,0.0,3.49,1.0,<Residue GLN het=  resseq=55 icode= >,1rta_E_A,2.5
426,29.193,GLN, ,OE1,13.25,14.84,0.0,2.57,1.0,<Residue GLN het=  resseq=55 icode= >,1rta_E_A,2.5
427,6.707,GLN, ,NE2,13.25,13.26,0.0,2.01,1.0,<Residue GLN het=  resseq=55 icode= >,1rta_E_A,2.5
428,0.588,ALA, ,N,1.35,15.04,0.0,3.20,1.0,<Residue ALA het=  resseq=56 icode= >,1rta_E_A,2.5
429,8.136,ALA, ,CA,1.35,15.57,0.0,2.49,1.0,<Residue ALA het=  resseq=56 icode= >,1rta_E_A,2.5
430,0.0,ALA, ,C,1.35,14.78,0.0,3.39,1.0,<Residue ALA het=  resseq=56 icode= >,1rta_E_A,2.5
431,0.855,ALA, ,O,1.35,14.89,0.0,2.99,1.0,<Residue ALA het=  resseq=56 icode= >,1rta_E_A,2.5
432,26.818,ALA, ,CB,1.35,16.95,0.0,1.82,1.0,<Residue ALA het=  resseq=56 icode= >,1rta_E_A,2.5
433,0.0,VAL, ,N,1.0,13.96,0.0,2.81,1.0,<Residue VAL het=  resseq=57 icode= >,1rta_E_A,2.5
434,0.0,VAL, ,CA,1.0,13.40,0.0,2.14,1.0,<Residue VAL het=  resseq=57 icode= >,1rta_E_A,2.5
435,0.0,VAL, ,C,1.0,12.30,0.0,3.22,1.0,<Residue VAL het=  resseq=57 icode= >,1rta_E_A,2.5
436,0.0,VAL, ,O,1.0,12.12,0.0,3.30,1.0,<Residue VAL het=  resseq=57 icode= >,1rta_E_A,2.5
437,0.0,VAL, ,CB,1.0,12.98,0.0,2.21,1.0,<Residue VAL het=  resseq=57 icode= >,1rta_E_A,2.5
438,0.645,VAL, ,CG1,1.0,13.71,0.0,2.25,1.0,<Residue VAL het=  resseq=57 icode= >,1rta_E_A,2.5
439,0.062,VAL, ,CG2,1.0,12.70,0.0,1.62,1.0,<Residue VAL het=  resseq=57 icode= >,1rta_E_A,2.5
440,0.0,CYS, ,N,1.0,11.73,0.0,3.13,1.0,<Residue CYS het=  resseq=58 icode= >,1rta_E_A,2.5
441,0.0,CYS, ,CA,1.0,10.99,0.0,2.18,1.0,<Residue CYS het=  resseq=58 icode= >,1rta_E_A,2.5
442,0.341,CYS, ,C,1.0,11.81,0.0,3.43,1.0,<Residue CYS het=  resseq=58 icode= >,1rta_E_A,2.5
443,3.526,CYS, ,O,1.0,11.41,0.0,3.82,1.0,<Residue CYS het=  resseq=58 icode= >,1rta_E_A,2.5
444,2.704,CYS, ,CB,1.0,10.72,0.0,1.44,1.0,<Residue CYS het=  resseq=58 icode= >,1rta_E_A,2.5
445,0.0,CYS, ,SG,1.23,9.46,0.0,4.51,1.0,<Residue CYS het=  resseq=58 icode= >,1rta_E_A,2.5
446,0.0,SER, ,N,5.0,13.11,0.0,1.75,1.0,<Residue SER het=  resseq=59 icode= >,1rta_E_A,2.5
447,9.426,SER, ,CA,5.0,14.05,0.0,2.02,1.0,<Residue SER het=  resseq=59 icode= >,1rta_E_A,2.5
448,1.511,SER, ,C,5.0,14.62,0.0,4.17,1.0,<Residue SER het=  resseq=59 icode= >,1rta_E_A,2.5
449,24.452,SER, ,O,5.0,15.61,0.0,2.99,1.0,<Residue SER het=  resseq=59 icode= >,1rta_E_A,2.5
450,41.606,SER, ,CB,5.0,15.13,0.0,2.16,1.0,<Residue SER het=  resseq=59 icode= >,1rta_E_A,2.5
451,19.791,SER, ,OG,19.19,14.91,0.0,1.96,1.0,<Residue SER het=  resseq=59 icode= >,1rta_E_A,2.5
452,0.0,GLN, ,N,1.0,14.03,0.0,2.11,1.0,<Residue GLN het=  resseq=60 icode= >,1rta_E_A,2.5
453,0.0,GLN, ,CA,1.0,14.67,0.0,1.97,1.0,<Residue GLN het=  resseq=60 icode= >,1rta_E_A,2.5
454,0.0,GLN, ,C,1.0,13.95,0.0,3.88,1.0,<Residue GLN het=  resseq=60 icode= >,1rta_E_A,2.5
455,6.581,GLN, ,O,1.0,13.32,0.0,2.41,1.0,<Residue GLN het=  resseq=60 icode= >,1rta_E_A,2.5
456,0.0,GLN, ,CB,1.0,14.89,0.0,1.99,1.0,<Residue GLN het=  resseq=60 icode= >,1rta_E_A,2.5
457,6.094,GLN, ,CG,1.0,15.72,0.0,1.75,1.0,<Residue GLN het=  resseq=60 icode= >,1rta_E_A,2.5
458,0.036,GLN, ,CD,1.0,16.37,0.0,3.49,1.0,<Residue GLN het=  resseq=60 icode= >,1rta_E_A,2.5
459,1.677,GLN, ,OE1,1.0,16.38,0.0,2.92,1.0,<Residue GLN het=  resseq=60 icode= >,1rta_E_A,2.5
460,28.486,GLN, ,NE2,1.0,17.13,0.0,2.83,1.0,<Residue GLN het=  resseq=60 icode= >,1rta_E_A,2.5
461,0.0,LYS, ,N,1.0,14.06,0.0,2.91,1.0,<Residue LYS het=  resseq=61 icode= >,1rta_E_A,2.5
462,1.671,LYS, ,CA,1.0,13.72,0.0,3.06,1.0,<Residue LYS het=  resseq=61 icode= >,1rta_E_A,2.5
463,0.0,LYS, ,C,1.0,12.26,0.0,3.41,1.0,<Residue LYS het=  resseq=61 icode= >,1rta_E_A,2.5
464,0.0,LYS, ,O,1.0,11.41,0.0,2.76,1.0,<Residue LYS het=  resseq=61 icode= >,1rta_E_A,2.5
465,0.018,LYS, ,CB,1.0,14.40,0.0,3.05,1.0,<Residue LYS het=  resseq=61 icode= >,1rta_E_A,2.5
466,11.509,LYS, ,CG,1.72,15.36,0.0,1.65,1.0,<Residue LYS het=  resseq=61 icode= >,1rta_E_A,2.5
467,3.178,LYS, ,CD,1.72,14.92,0.0,1.74,1.0,<Residue LYS het=  resseq=61 icode= >,1rta_E_A,2.5
468,44.293,LYS, ,CE,1.72,16.19,0.0,2.75,1.0,<Residue LYS het=  resseq=61 icode= >,1rta_E_A,2.5
469,46.056,LYS, ,NZ,1.72,16.94,0.0,2.73,1.0,<Residue LYS het=  resseq=61 icode= >,1rta_E_A,2.5
470,3.268,ASN, ,N,1.0,12.09,0.0,2.90,1.0,<Residue ASN het=  resseq=62 icode= >,1rta_E_A,2.5
471,0.0,ASN, ,CA,1.0,10.97,0.0,2.03,1.0,<Residue ASN het=  resseq=62 icode= >,1rta_E_A,2.5
472,0.0,ASN, ,C,1.0,10.95,0.0,3.83,1.0,<Residue ASN het=  resseq=62 icode= >,1rta_E_A,2.5
473,21.592,ASN, ,O,1.0,11.72,0.0,3.50,1.0,<Residue ASN het=  resseq=62 icode= >,1rta_E_A,2.5
474,22.12,ASN, ,CB,1.0,11.29,0.0,2.00,1.0,<Residue ASN het=  resseq=62 icode= >,1rta_E_A,2.5
475,2.671,ASN, ,CG,16.2,10.44,0.0,2.31,1.0,<Residue ASN het=  resseq=62 icode= >,1rta_E_A,2.5
476,38.666,ASN, ,OD1,16.2,11.00,0.0,2.09,1.0,<Residue ASN het=  resseq=62 icode= >,1rta_E_A,2.5
477,2.154,ASN, ,ND2,16.2,9.20,0.0,1.86,1.0,<Residue ASN het=  resseq=62 icode= >,1rta_E_A,2.5
478,0.0,VAL, ,N,4.26,10.16,0.0,2.40,1.0,<Residue VAL het=  resseq=63 icode= >,1rta_E_A,2.5
479,5.061,VAL, ,CA,4.26,10.28,0.0,1.49,1.0,<Residue VAL het=  resseq=63 icode= >,1rta_E_A,2.5
480,1.5,VAL, ,C,4.26,9.03,0.0,3.62,1.0,<Residue VAL het=  resseq=63 icode= >,1rta_E_A,2.5
481,0.0,VAL, ,O,4.26,7.89,0.0,3.45,1.0,<Residue VAL het=  resseq=63 icode= >,1rta_E_A,2.5
482,7.851,VAL, ,CB,4.26,10.82,0.0,1.91,1.0,<Residue VAL het=  resseq=63 icode= >,1rta_E_A,2.5
483,21.552,VAL, ,CG1,5.7,12.27,0.0,1.93,1.0,<Residue VAL het=  resseq=63 icode= >,1rta_E_A,2.5
484,1.798,VAL, ,CG2,5.7,9.95,0.0,1.81,1.0,<Residue VAL het=  resseq=63 icode= >,1rta_E_A,2.5
485,9.69,ALA, ,N,1.0,9.44,0.0,3.81,1.0,<Residue ALA het=  resseq=64 icode= >,1rta_E_A,2.5
486,0.426,ALA, ,CA,1.0,8.57,0.0,2.55,1.0,<Residue ALA het=  resseq=64 icode= >,1rta_E_A,2.5
487,0.071,ALA, ,C,1.0,7.93,0.0,4.09,1.0,<Residue ALA het=  resseq=64 icode= >,1rta_E_A,2.5
488,13.081,ALA, ,O,1.0,8.51,0.0,3.26,1.0,<Residue ALA het=  resseq=64 icode= >,1rta_E_A,2.5
489,50.145,ALA, ,CB,1.0,9.47,0.0,1.62,1.0,<Residue ALA het=  resseq=64 icode= >,1rta_E_A,2.5
490,0.0,CYS, ,N,3.31,6.84,0.0,2.77,1.0,<Residue CYS het=  resseq=65 icode= >,1rta_E_A,2.5
491,0.0,CYS, ,CA,3.31,6.27,0.0,1.42,1.0,<Residue CYS het=  resseq=65 icode= >,1rta_E_A,2.5
492,0.696,CYS, ,C,3.31,7.42,0.0,3.36,1.0,<Residue CYS het=  resseq=65 icode= >,1rta_E_A,2.5
493,6.308,CYS, ,O,3.31,8.13,0.0,2.80,1.0,<Residue CYS het=  resseq=65 icode= >,1rta_E_A,2.5
494,0.0,CYS, ,CB,3.31,4.99,0.0,2.01,1.0,<Residue CYS het=  resseq=65 icode= >,1rta_E_A,2.5
495,1.649,CYS, ,SG,3.96,3.49,1.649,4.77,1.0,<Residue CYS het=  resseq=65 icode= >,1rta_E_A,2.5
496,1.445,LYS, ,N,5.46,7.65,0.0,2.49,1.0,<Residue LYS het=  resseq=66 icode= >,1rta_E_A,2.5
497,14.289,LYS, ,CA,5.46,8.59,0.0,1.74,1.0,<Residue LYS het=  resseq=66 icode= >,1rta_E_A,2.5
498,0.914,LYS, ,C,5.46,8.46,0.0,2.85,1.0,<Residue LYS het=  resseq=66 icode= >,1rta_E_A,2.5
499,27.721,LYS, ,O,5.46,9.45,0.0,3.00,1.0,<Residue LYS het=  resseq=66 icode= >,1rta_E_A,2.5
500,2.472,LYS, ,CB,5.46,8.29,0.0,1.54,1.0,<Residue LYS het=  resseq=66 icode= >,1rta_E_A,2.5
501,31.66,LYS, ,CG,14.45,7.47,0.0,1.88,1.0,<Residue LYS het=  resseq=66 icode= >,1rta_E_A,2.5
502,19.188,LYS, ,CD,14.45,6.01,0.0,1.81,1.0,<Residue LYS het=  resseq=66 icode= >,1rta_E_A,2.5
503,16.964,LYS, ,CE,14.45,5.33,1.645,1.81,1.0,<Residue LYS het=  resseq=66 icode= >,1rta_E_A,2.5
504,43.197,LYS, ,NZ,14.45,3.91,32.623,1.36,1.0,<Residue LYS het=  resseq=66 icode= >,1rta_E_A,2.5
505,0.0,ASN, ,N,5.42,7.30,0.0,2.20,1.0,<Residue ASN het=  resseq=67 icode= >,1rta_E_A,2.5
506,9.939,ASN, ,CA,5.42,7.31,0.0,2.47,1.0,<Residue ASN het=  resseq=67 icode= >,1rta_E_A,2.5
507,3.156,ASN, ,C,5.42,7.51,0.0,3.18,1.0,<Residue ASN het=  resseq=67 icode= >,1rta_E_A,2.5
508,22.65,ASN, ,O,5.42,7.76,0.0,3.04,1.0,<Residue ASN het=  resseq=67 icode= >,1rta_E_A,2.5
509,30.793,ASN, ,CB,5.42,6.01,0.0,1.21,1.0,<Residue ASN het=  resseq=67 icode= >,1rta_E_A,2.5
510,6.265,ASN, ,CG,21.23,4.63,1.548,1.73,1.0,<Residue ASN het=  resseq=67 icode= >,1rta_E_A,2.5
511,3.531,ASN, ,OD1,21.23,4.05,0.957,1.93,1.0,<Residue ASN het=  resseq=67 icode= >,1rta_E_A,2.5
512,19.276,ASN, ,ND2,21.23,4.36,7.727,1.57,1.0,<Residue ASN het=  resseq=67 icode= >,1rta_E_A,2.5
513,0.194,GLY, ,N,8.42,7.75,0.0,2.04,1.0,<Residue GLY het=  resseq=68 icode= >,1rta_E_A,2.5
514,31.791,GLY, ,CA,8.42,8.17,0.0,1.73,1.0,<Residue GLY het=  resseq=68 icode= >,1rta_E_A,2.5
515,2.722,GLY, ,C,8.42,7.28,0.0,3.12,1.0,<Residue GLY het=  resseq=68 icode= >,1rta_E_A,2.5
516,31.929,GLY, ,O,8.42,7.92,0.0,2.57,1.0,<Residue GLY het=  resseq=68 icode= >,1rta_E_A,2.5
517,0.0,GLN, ,N,1.0,6.02,0.0,2.82,1.0,<Residue GLN het=  resseq=69 icode= >,1rta_E_A,2.5
518,3.538,GLN, ,CA,1.0,5.24,0.0,3.02,1.0,<Residue GLN het=  resseq=69 icode= >,1rta_E_A,2.5
519,0.508,GLN, ,C,1.0,5.56,0.0,3.85,1.0,<Residue GLN het=  resseq=69 icode= >,1rta_E_A,2.5
520,0.017,GLN, ,O,1.0,5.89,0.0,2.75,1.0,<Residue GLN het=  resseq=69 icode= >,1rta_E_A,2.5
521,0.0,GLN, ,CB,1.0,3.78,0.0,1.55,1.0,<Residue GLN het=  resseq=69 icode= >,1rta_E_A,2.5
522,15.067,GLN, ,CG,11.96,3.37,8.66,1.65,1.0,<Residue GLN het=  resseq=69 icode= >,1rta_E_A,2.5
523,6.599,GLN, ,CD,11.96,4.59,0.16,2.29,1.0,<Residue GLN het=  resseq=69 icode= >,1rta_E_A,2.5
524,16.408,GLN, ,OE1,11.96,5.40,0.0,2.08,1.0,<Residue GLN het=  resseq=69 icode= >,1rta_E_A,2.5
525,59.652,GLN, ,NE2,11.96,5.18,0.0,1.92,1.0,<Residue GLN het=  resseq=69 icode= >,1rta_E_A,2.5
526,2.58,THR, ,N,3.56,5.91,0.0,2.85,1.0,<Residue THR het=  resseq=70 icode= >,1rta_E_A,2.5
527,0.0,THR, ,CA,3.56,6.59,0.0,1.63,1.0,<Residue THR het=  resseq=70 icode= >,1rta_E_A,2.5
528,2.105,THR, ,C,3.56,6.15,0.0,3.31,1.0,<Residue THR het=  resseq=70 icode= >,1rta_E_A,2.5
529,2.48,THR, ,O,3.56,7.08,0.0,3.38,1.0,<Residue THR het=  resseq=70 icode= >,1rta_E_A,2.5
530,13.379,THR, ,CB,3.56,7.75,0.0,2.60,1.0,<Residue THR het=  resseq=70 icode= >,1rta_E_A,2.5
531,32.747,THR, ,OG1,8.05,7.71,0.0,2.09,1.0,<Residue THR het=  resseq=70 icode= >,1rta_E_A,2.5
532,56.42,THR, ,CG2,8.05,8.82,0.0,1.51,1.0,<Residue THR het=  resseq=70 icode= >,1rta_E_A,2.5
533,0.554,ASN, ,N,1.0,4.93,0.0,2.75,1.0,<Residue ASN het=  resseq=71 icode= >,1rta_E_A,2.5
534,2.546,ASN, ,CA,1.0,4.89,0.0,2.54,1.0,<Residue ASN het=  resseq=71 icode= >,1rta_E_A,2.5
535,0.0,ASN, ,C,1.0,4.68,0.0,3.63,1.0,<Residue ASN het=  resseq=71 icode= >,1rta_E_A,2.5
536,0.0,ASN, ,O,1.0,4.60,0.0,2.64,1.0,<Residue ASN het=  resseq=71 icode= >,1rta_E_A,2.5
537,16.484,ASN, ,CB,1.0,4.42,0.0,1.64,1.0,<Residue ASN het=  resseq=71 icode= >,1rta_E_A,2.5
538,3.711,ASN, ,CG,2.47,3.04,0.0,3.42,1.0,<Residue ASN het=  resseq=71 icode= >,1rta_E_A,2.5
539,0.778,ASN, ,OD1,2.47,2.58,0.149,1.98,1.0,<Residue ASN het=  resseq=71 icode= >,1rta_E_A,2.5
540,18.643,ASN, ,ND2,2.47,2.42,9.061,2.32,1.0,<Residue ASN het=  resseq=71 icode= >,1rta_E_A,2.5
541,0.0,CYS, ,N,2.02,5.18,0.0,2.65,1.0,<Residue CYS het=  resseq=72 icode= >,1rta_E_A,2.5
542,0.0,CYS, ,CA,2.02,5.76,0.0,2.47,1.0,<Residue CYS het=  resseq=72 icode= >,1rta_E_A,2.5
543,0.0,CYS, ,C,2.02,7.23,0.0,4.28,1.0,<Residue CYS het=  resseq=72 icode= >,1rta_E_A,2.5
544,0.0,CYS, ,O,2.02,7.86,0.0,4.13,1.0,<Residue CYS het=  resseq=72 icode= >,1rta_E_A,2.5
545,0.0,CYS, ,CB,2.02,5.78,0.0,2.54,1.0,<Residue CYS het=  resseq=72 icode= >,1rta_E_A,2.5
546,0.0,CYS, ,SG,3.32,4.34,0.0,4.78,1.0,<Residue CYS het=  resseq=72 icode= >,1rta_E_A,2.5
547,0.0,TYR, ,N,2.85,7.89,0.0,2.68,1.0,<Residue TYR het=  resseq=73 icode= >,1rta_E_A,2.5
548,0.0,TYR, ,CA,2.85,9.29,0.0,1.96,1.0,<Residue TYR het=  resseq=73 icode= >,1rta_E_A,2.5
549,0.0,TYR, ,C,2.85,10.27,0.0,3.52,1.0,<Residue TYR het=  resseq=73 icode= >,1rta_E_A,2.5
550,0.0,TYR, ,O,2.85,10.30,0.0,2.91,1.0,<Residue TYR het=  resseq=73 icode= >,1rta_E_A,2.5
551,0.0,TYR, ,CB,2.85,9.60,0.0,1.33,1.0,<Residue TYR het=  resseq=73 icode= >,1rta_E_A,2.5
552,0.0,TYR, ,CG,2.06,9.35,0.0,3.00,1.0,<Residue TYR het=  resseq=73 icode= >,1rta_E_A,2.5
553,0.0,TYR, ,CD1,2.06,10.30,0.0,3.11,1.0,<Residue TYR het=  resseq=73 icode= >,1rta_E_A,2.5
554,0.0,TYR, ,CD2,2.06,8.31,0.0,1.74,1.0,<Residue TYR het=  resseq=73 icode= >,1rta_E_A,2.5
555,3.134,TYR, ,CE1,2.06,10.29,0.0,2.07,1.0,<Residue TYR het=  resseq=73 icode= >,1rta_E_A,2.5
556,0.0,TYR, ,CE2,2.06,8.33,0.0,2.55,1.0,<Residue TYR het=  resseq=73 icode= >,1rta_E_A,2.5
557,0.0,TYR, ,CZ,2.06,9.37,0.0,3.36,1.0,<Residue TYR het=  resseq=73 icode= >,1rta_E_A,2.5
558,21.821,TYR, ,OH,2.06,9.76,0.0,2.68,1.0,<Residue TYR het=  resseq=73 icode= >,1rta_E_A,2.5
559,0.0,GLN, ,N,3.18,11.23,0.0,2.16,1.0,<Residue GLN het=  resseq=74 icode= >,1rta_E_A,2.5
560,0.0,GLN, ,CA,3.18,12.47,0.0,2.32,1.0,<Residue GLN het=  resseq=74 icode= >,1rta_E_A,2.5
561,0.0,GLN, ,C,3.18,13.53,0.0,3.35,1.0,<Residue GLN het=  resseq=74 icode= >,1rta_E_A,2.5
562,0.0,GLN, ,O,3.18,13.97,0.0,3.11,1.0,<Residue GLN het=  resseq=74 icode= >,1rta_E_A,2.5
563,0.0,GLN, ,CB,3.18,13.30,0.0,1.36,1.0,<Residue GLN het=  resseq=74 icode= >,1rta_E_A,2.5
564,14.168,GLN, ,CG,1.0,14.21,0.0,2.37,1.0,<Residue GLN het=  resseq=74 icode= >,1rta_E_A,2.5
565,0.0,GLN, ,CD,1.0,12.90,0.0,3.17,1.0,<Residue GLN het=  resseq=74 icode= >,1rta_E_A,2.5
566,0.0,GLN, ,OE1,1.0,12.11,0.0,2.33,1.0,<Residue GLN het=  resseq=74 icode= >,1rta_E_A,2.5
567,22.117,GLN, ,NE2,1.0,12.67,0.0,1.89,1.0,<Residue GLN het=  resseq=74 icode= >,1rta_E_A,2.5
568,0.0,SER, ,N,9.57,14.05,0.0,2.50,1.0,<Residue SER het=  resseq=75 icode= >,1rta_E_A,2.5
569,0.0,SER, ,CA,9.57,15.28,0.0,1.96,1.0,<Residue SER het=  resseq=75 icode= >,1rta_E_A,2.5
570,0.0,SER, ,C,9.57,16.44,0.0,3.40,1.0,<Residue SER het=  resseq=75 icode= >,1rta_E_A,2.5
571,0.102,SER, ,O,9.57,16.93,0.0,2.54,1.0,<Residue SER het=  resseq=75 icode= >,1rta_E_A,2.5
572,0.92,SER, ,CB,9.57,15.23,0.0,1.44,1.0,<Residue SER het=  resseq=75 icode= >,1rta_E_A,2.5
573,0.0,SER, ,OG,27.82,14.12,0.0,1.67,1.0,<Residue SER het=  resseq=75 icode= >,1rta_E_A,2.5
574,0.0,TYR, ,N,1.0,16.96,0.0,2.79,1.0,<Residue TYR het=  resseq=76 icode= >,1rta_E_A,2.5
575,5.246,TYR, ,CA,1.0,18.16,0.0,2.48,1.0,<Residue TYR het=  resseq=76 icode= >,1rta_E_A,2.5
576,3.662,TYR, ,C,1.0,19.19,0.0,3.60,1.0,<Residue TYR het=  resseq=76 icode= >,1rta_E_A,2.5
577,21.041,TYR, ,O,1.0,19.87,0.0,3.76,1.0,<Residue TYR het=  resseq=76 icode= >,1rta_E_A,2.5
578,18.928,TYR, ,CB,1.0,18.55,0.0,1.55,1.0,<Residue TYR het=  resseq=76 icode= >,1rta_E_A,2.5
579,1.146,TYR, ,CG,13.09,18.05,0.0,1.79,1.0,<Residue TYR het=  resseq=76 icode= >,1rta_E_A,2.5
580,8.601,TYR, ,CD1,13.09,17.34,0.0,2.41,1.0,<Residue TYR het=  resseq=76 icode= >,1rta_E_A,2.5
581,19.311,TYR, ,CD2,13.09,18.46,0.0,1.69,1.0,<Residue TYR het=  resseq=76 icode= >,1rta_E_A,2.5
582,7.411,TYR, ,CE1,13.09,17.07,0.0,2.21,1.0,<Residue TYR het=  resseq=76 icode= >,1rta_E_A,2.5
583,24.742,TYR, ,CE2,13.09,18.20,0.0,1.89,1.0,<Residue TYR het=  resseq=76 icode= >,1rta_E_A,2.5
584,6.055,TYR, ,CZ,13.09,17.49,0.0,2.60,1.0,<Residue TYR het=  resseq=76 icode= >,1rta_E_A,2.5
585,29.655,TYR, ,OH,13.09,17.20,0.0,1.83,1.0,<Residue TYR het=  resseq=76 icode= >,1rta_E_A,2.5
586,0.966,SER, ,N,4.05,1000.00,0.0,1.82,1.0,<Residue SER het=  resseq=77 icode= >,1rta_E_A,2.5
587,4.89,SER, ,CA,4.05,1000.00,0.0,2.75,1.0,<Residue SER het=  resseq=77 icode= >,1rta_E_A,2.5
588,0.0,SER, ,C,4.05,1000.00,0.0,3.11,1.0,<Residue SER het=  resseq=77 icode= >,1rta_E_A,2.5
589,0.0,SER, ,O,4.05,1000.00,0.0,3.15,1.0,<Residue SER het=  resseq=77 icode= >,1rta_E_A,2.5
590,21.59,SER, ,CB,4.05,1000.00,0.0,1.76,1.0,<Residue SER het=  resseq=77 icode= >,1rta_E_A,2.5
591,42.099,SER, ,OG,18.74,1000.00,0.0,1.59,1.0,<Residue SER het=  resseq=77 icode= >,1rta_E_A,2.5
592,1.004,THR, ,N,1.0,1000.00,0.0,2.61,1.0,<Residue THR het=  resseq=78 icode= >,1rta_E_A,2.5
593,0.0,THR, ,CA,1.0,1000.00,0.0,3.09,1.0,<Residue THR het=  resseq=78 icode= >,1rta_E_A,2.5
594,0.0,THR, ,C,1.0,1000.00,0.0,4.02,1.0,<Residue THR het=  resseq=78 icode= >,1rta_E_A,2.5
595,15.614,THR, ,O,1.0,1000.00,0.0,2.46,1.0,<Residue THR het=  resseq=78 icode= >,1rta_E_A,2.5
596,13.417,THR, ,CB,1.0,1000.00,0.0,3.48,1.0,<Residue THR het=  resseq=78 icode= >,1rta_E_A,2.5
597,16.008,THR, ,OG1,11.99,1000.00,0.0,2.50,1.0,<Residue THR het=  resseq=78 icode= >,1rta_E_A,2.5
598,21.658,THR, ,CG2,11.99,1000.00,0.0,1.25,1.0,<Residue THR het=  resseq=78 icode= >,1rta_E_A,2.5
599,0.0,MET, ,N,1.0,17.19,0.0,2.82,1.0,<Residue MET het=  resseq=79 icode= >,1rta_E_A,2.5
600,1.577,MET, ,CA,1.0,16.68,0.0,2.99,1.0,<Residue MET het=  resseq=79 icode= >,1rta_E_A,2.5
601,0.0,MET, ,C,1.0,16.60,0.0,4.03,1.0,<Residue MET het=  resseq=79 icode= >,1rta_E_A,2.5
602,0.0,MET, ,O,1.0,16.37,0.0,3.56,1.0,<Residue MET het=  resseq=79 icode= >,1rta_E_A,2.5
603,0.0,MET, ,CB,1.0,15.36,0.0,2.76,1.0,<Residue MET het=  resseq=79 icode= >,1rta_E_A,2.5
604,0.0,MET, ,CG,3.69,15.12,0.0,1.75,1.0,<Residue MET het=  resseq=79 icode= >,1rta_E_A,2.5
605,12.449,MET, ,SD,3.69,15.24,0.0,5.07,1.0,<Residue MET het=  resseq=79 icode= >,1rta_E_A,2.5
606,0.0,MET, ,CE,3.69,13.56,0.0,1.44,1.0,<Residue MET het=  resseq=79 icode= >,1rta_E_A,2.5
607,1.656,SER, ,N,2.33,16.97,0.0,1.94,1.0,<Residue SER het=  resseq=80 icode= >,1rta_E_A,2.5
608,0.0,SER, ,CA,2.33,17.04,0.0,2.37,1.0,<Residue SER het=  resseq=80 icode= >,1rta_E_A,2.5
609,0.0,SER, ,C,2.33,15.69,0.0,3.72,1.0,<Residue SER het=  resseq=80 icode= >,1rta_E_A,2.5
610,0.0,SER, ,O,2.33,15.04,0.0,2.74,1.0,<Residue SER het=  resseq=80 icode= >,1rta_E_A,2.5
611,10.462,SER, ,CB,2.33,17.97,0.0,2.53,1.0,<Residue SER het=  resseq=80 icode= >,1rta_E_A,2.5
612,1.424,SER, ,OG,1.14,17.60,0.0,2.96,1.0,<Residue SER het=  resseq=80 icode= >,1rta_E_A,2.5
613,0.0,ILE, ,N,6.06,15.43,0.0,2.17,1.0,<Residue ILE het=  resseq=81 icode= >,1rta_E_A,2.5
614,0.0,ILE, ,CA,6.06,14.28,0.0,1.42,1.0,<Residue ILE het=  resseq=81 icode= >,1rta_E_A,2.5
615,0.0,ILE, ,C,6.06,14.82,0.0,2.99,1.0,<Residue ILE het=  resseq=81 icode= >,1rta_E_A,2.5
616,0.109,ILE, ,O,6.06,15.90,0.0,2.89,1.0,<Residue ILE het=  resseq=81 icode= >,1rta_E_A,2.5
617,0.0,ILE, ,CB,6.06,13.39,0.0,2.47,1.0,<Residue ILE het=  resseq=81 icode= >,1rta_E_A,2.5
618,0.0,ILE, ,CG1,1.0,14.27,0.0,2.37,1.0,<Residue ILE het=  resseq=81 icode= >,1rta_E_A,2.5
619,0.0,ILE, ,CG2,1.0,12.45,0.0,2.11,1.0,<Residue ILE het=  resseq=81 icode= >,1rta_E_A,2.5
620,0.06,ILE, ,CD1,1.0,13.88,0.0,1.90,1.0,<Residue ILE het=  resseq=81 icode= >,1rta_E_A,2.5
621,0.0,THR, ,N,1.0,9.99,0.0,2.69,1.0,<Residue THR het=  resseq=82 icode= >,1rta_E_A,2.5
622,0.0,THR, ,CA,1.0,10.06,0.0,2.55,1.0,<Residue THR het=  resseq=82 icode= >,1rta_E_A,2.5
623,0.0,THR, ,C,1.0,8.69,0.0,3.41,1.0,<Residue THR het=  resseq=82 icode= >,1rta_E_A,2.5
624,0.0,THR, ,O,1.0,8.06,0.0,2.20,1.0,<Residue THR het=  resseq=82 icode= >,1rta_E_A,2.5
625,0.0,THR, ,CB,1.0,11.07,0.0,2.77,1.0,<Residue THR het=  resseq=82 icode= >,1rta_E_A,2.5
626,0.0,THR, ,OG1,1.0,12.34,0.0,3.09,1.0,<Residue THR het=  resseq=82 icode= >,1rta_E_A,2.5
627,0.0,THR, ,CG2,1.0,11.02,0.0,1.93,1.0,<Residue THR het=  resseq=82 icode= >,1rta_E_A,2.5
628,0.0,ASP, ,N,9.65,8.36,0.0,2.72,1.0,<Residue ASP het=  resseq=83 icode= >,1rta_E_A,2.5
629,0.0,ASP, ,CA,9.65,7.18,0.0,2.28,1.0,<Residue ASP het=  resseq=83 icode= >,1rta_E_A,2.5
630,0.0,ASP, ,C,9.65,7.95,0.0,3.68,1.0,<Residue ASP het=  resseq=83 icode= >,1rta_E_A,2.5
631,0.0,ASP, ,O,9.65,9.02,0.0,1.91,1.0,<Residue ASP het=  resseq=83 icode= >,1rta_E_A,2.5
632,0.0,ASP, ,CB,9.65,6.49,0.0,1.62,1.0,<Residue ASP het=  resseq=83 icode= >,1rta_E_A,2.5
633,2.104,ASP, ,CG,9.01,5.84,0.0,3.28,1.0,<Residue ASP het=  resseq=83 icode= >,1rta_E_A,2.5
634,0.0,ASP, ,OD1,9.01,5.81,0.0,2.38,1.0,<Residue ASP het=  resseq=83 icode= >,1rta_E_A,2.5
635,5.244,ASP, ,OD2,9.01,5.75,0.0,1.64,1.0,<Residue ASP het=  resseq=83 icode= >,1rta_E_A,2.5
636,0.0,CYS, ,N,4.08,7.67,0.0,2.24,1.0,<Residue CYS het=  resseq=84 icode= >,1rta_E_A,2.5
637,0.0,CYS, ,CA,4.08,8.71,0.0,2.21,1.0,<Residue CYS het=  resseq=84 icode= >,1rta_E_A,2.5
638,0.0,CYS, ,C,4.08,8.30,0.0,3.25,1.0,<Residue CYS het=  resseq=84 icode= >,1rta_E_A,2.5
639,0.0,CYS, ,O,4.08,7.57,0.0,2.60,1.0,<Residue CYS het=  resseq=84 icode= >,1rta_E_A,2.5
640,0.0,CYS, ,CB,4.08,9.15,0.0,2.37,1.0,<Residue CYS het=  resseq=84 icode= >,1rta_E_A,2.5
641,0.0,CYS, ,SG,22.07,9.84,0.0,3.30,1.0,<Residue CYS het=  resseq=84 icode= >,1rta_E_A,2.5
642,0.0,ARG, ,N,1.0,8.97,0.0,2.38,1.0,<Residue ARG het=  resseq=85 icode= >,1rta_E_A,2.5
643,0.0,ARG, ,CA,1.0,8.74,0.0,2.39,1.0,<Residue ARG het=  resseq=85 icode= >,1rta_E_A,2.5
644,0.002,ARG, ,C,1.0,9.75,0.0,3.15,1.0,<Residue ARG het=  resseq=85 icode= >,1rta_E_A,2.5
645,0.602,ARG, ,O,1.0,10.91,0.0,3.06,1.0,<Residue ARG het=  resseq=85 icode= >,1rta_E_A,2.5
646,14.024,ARG, ,CB,1.0,8.85,0.0,1.98,1.0,<Residue ARG het=  resseq=85 icode= >,1rta_E_A,2.5
647,4.902,ARG, ,CG,12.54,7.48,0.0,1.77,1.0,<Residue ARG het=  resseq=85 icode= >,1rta_E_A,2.5
648,32.745,ARG, ,CD,12.54,7.48,0.0,1.35,1.0,<Residue ARG het=  resseq=85 icode= >,1rta_E_A,2.5
649,15.102,ARG, ,NE,12.54,7.75,0.0,1.59,1.0,<Residue ARG het=  resseq=85 icode= >,1rta_E_A,2.5
650,4.276,ARG, ,CZ,12.54,6.95,0.0,2.58,1.0,<Residue ARG het=  resseq=85 icode= >,1rta_E_A,2.5
651,16.137,ARG, ,NH1,12.54,5.60,0.874,1.42,1.0,<Residue ARG het=  resseq=85 icode= >,1rta_E_A,2.5
652,29.34,ARG, ,NH2,12.54,7.67,0.0,1.34,1.0,<Residue ARG het=  resseq=85 icode= >,1rta_E_A,2.5
653,1.643,GLU, ,N,12.63,9.54,0.0,1.87,1.0,<Residue GLU het=  resseq=86 icode= >,1rta_E_A,2.5
654,0.0,GLU, ,CA,12.63,9.77,0.0,1.34,1.0,<Residue GLU het=  resseq=86 icode= >,1rta_E_A,2.5
655,0.109,GLU, ,C,12.63,10.67,0.0,2.52,1.0,<Residue GLU het=  resseq=86 icode= >,1rta_E_A,2.5
656,21.665,GLU, ,O,12.63,10.39,0.0,1.94,1.0,<Residue GLU het=  resseq=86 icode= >,1rta_E_A,2.5
657,10.357,GLU, ,CB,12.63,8.58,0.0,2.02,1.0,<Residue GLU het=  resseq=86 icode= >,1rta_E_A,2.5
658,0.0,GLU, ,CG,7.81,7.64,0.0,1.39,1.0,<Residue GLU het=  resseq=86 icode= >,1rta_E_A,2.5
659,3.285,GLU, ,CD,7.81,7.06,0.0,3.21,1.0,<Residue GLU het=  resseq=86 icode= >,1rta_E_A,2.5
660,33.707,GLU, ,OE1,7.81,6.85,0.0,2.47,1.0,<Residue GLU het=  resseq=86 icode= >,1rta_E_A,2.5
661,4.292,GLU, ,OE2,7.81,7.20,0.0,2.09,1.0,<Residue GLU het=  resseq=86 icode= >,1rta_E_A,2.5
662,0.0,THR, ,N,9.86,11.91,0.0,1.55,1.0,<Residue THR het=  resseq=87 icode= >,1rta_E_A,2.5
663,7.586,THR, ,CA,9.86,12.85,0.0,2.11,1.0,<Residue THR het=  resseq=87 icode= >,1rta_E_A,2.5
664,0.57,THR, ,C,9.86,12.73,0.0,3.21,1.0,<Residue THR het=  resseq=87 icode= >,1rta_E_A,2.5
665,0.639,THR, ,O,9.86,12.12,0.0,2.02,1.0,<Residue THR het=  resseq=87 icode= >,1rta_E_A,2.5
666,7.816,THR, ,CB,9.86,14.28,0.0,2.66,1.0,<Residue THR het=  resseq=87 icode= >,1rta_E_A,2.5
667,24.467,THR, ,OG1,10.29,15.16,0.0,2.61,1.0,<Residue THR het=  resseq=87 icode= >,1rta_E_A,2.5
668,11.984,THR, ,CG2,10.29,14.04,0.0,2.28,1.0,<Residue THR het=  resseq=87 icode= >,1rta_E_A,2.5
669,14.299,GLY, ,N,9.93,12.89,0.0,2.17,1.0,<Residue GLY het=  resseq=88 icode= >,1rta_E_A,2.5
670,44.288,GLY, ,CA,9.93,13.19,0.0,0.93,1.0,<Residue GLY het=  resseq=88 icode= >,1rta_E_A,2.5
671,5.368,GLY, ,C,9.93,14.03,0.0,3.15,1.0,<Residue GLY het=  resseq=88 icode= >,1rta_E_A,2.5
672,19.462,GLY, ,O,9.93,15.20,0.0,2.70,1.0,<Residue GLY het=  resseq=88 icode= >,1rta_E_A,2.5
673,1.146,SER, ,N,8.69,13.48,0.0,1.80,1.0,<Residue SER het=  resseq=89 icode= >,1rta_E_A,2.5
674,12.079,SER, ,CA,8.69,14.26,0.0,1.82,1.0,<Residue SER het=  resseq=89 icode= >,1rta_E_A,2.5
675,0.388,SER, ,C,8.69,13.27,0.0,2.79,1.0,<Residue SER het=  resseq=89 icode= >,1rta_E_A,2.5
676,10.563,SER, ,O,8.69,13.46,0.0,2.06,1.0,<Residue SER het=  resseq=89 icode= >,1rta_E_A,2.5
677,22.599,SER, ,CB,8.69,15.34,0.0,2.48,1.0,<Residue SER het=  resseq=89 icode= >,1rta_E_A,2.5
678,34.329,SER, ,OG,15.53,15.92,0.0,2.21,1.0,<Residue SER het=  resseq=89 icode= >,1rta_E_A,2.5
679,0.0,SER, ,N,1.0,12.40,0.0,1.64,1.0,<Residue SER het=  resseq=90 icode= >,1rta_E_A,2.5
680,0.605,SER, ,CA,1.0,11.28,0.0,1.19,1.0,<Residue SER het=  resseq=90 icode= >,1rta_E_A,2.5
681,0.0,SER, ,C,1.0,10.51,0.0,2.79,1.0,<Residue SER het=  resseq=90 icode= >,1rta_E_A,2.5
682,6.739,SER, ,O,1.0,10.12,0.0,3.58,1.0,<Residue SER het=  resseq=90 icode= >,1rta_E_A,2.5
683,0.0,SER, ,CB,1.0,10.52,0.0,1.93,1.0,<Residue SER het=  resseq=90 icode= >,1rta_E_A,2.5
684,0.0,SER, ,OG,1.42,9.48,0.0,2.86,1.0,<Residue SER het=  resseq=90 icode= >,1rta_E_A,2.5
685,0.0,LYS, ,N,4.34,10.63,0.0,2.00,1.0,<Residue LYS het=  resseq=91 icode= >,1rta_E_A,2.5
686,0.637,LYS, ,CA,4.34,10.33,0.0,1.60,1.0,<Residue LYS het=  resseq=91 icode= >,1rta_E_A,2.5
687,0.0,LYS, ,C,4.34,9.63,0.0,3.10,1.0,<Residue LYS het=  resseq=91 icode= >,1rta_E_A,2.5
688,0.0,LYS, ,O,4.34,10.37,0.0,2.59,1.0,<Residue LYS het=  resseq=91 icode= >,1rta_E_A,2.5
689,6.168,LYS, ,CB,4.34,11.75,0.0,2.00,1.0,<Residue LYS het=  resseq=91 icode= >,1rta_E_A,2.5
690,30.559,LYS, ,CG,21.35,12.15,0.0,1.00,1.0,<Residue LYS het=  resseq=91 icode= >,1rta_E_A,2.5
691,24.97,LYS, ,CD,21.35,12.83,0.0,0.80,1.0,<Residue LYS het=  resseq=91 icode= >,1rta_E_A,2.5
692,28.317,LYS, ,CE,21.35,12.18,0.0,1.03,1.0,<Residue LYS het=  resseq=91 icode= >,1rta_E_A,2.5
693,36.437,LYS, ,NZ,21.35,10.86,0.0,1.38,1.0,<Residue LYS het=  resseq=91 icode= >,1rta_E_A,2.5
694,8.118,TYR, ,N,12.19,8.40,0.0,2.59,1.0,<Residue TYR het=  resseq=92 icode= >,1rta_E_A,2.5
695,0.0,TYR, ,CA,12.19,8.13,0.0,2.27,1.0,<Residue TYR het=  resseq=92 icode= >,1rta_E_A,2.5
696,0.0,TYR, ,C,12.19,9.18,0.0,2.67,1.0,<Residue TYR het=  resseq=92 icode= >,1rta_E_A,2.5
697,21.82,TYR, ,O,12.19,9.31,0.0,2.39,1.0,<Residue TYR het=  resseq=92 icode= >,1rta_E_A,2.5
698,9.766,TYR, ,CB,12.19,6.73,0.0,1.60,1.0,<Residue TYR het=  resseq=92 icode= >,1rta_E_A,2.5
699,0.0,TYR, ,CG,1.68,7.00,0.0,2.28,1.0,<Residue TYR het=  resseq=92 icode= >,1rta_E_A,2.5
700,0.0,TYR, ,CD1,1.68,7.46,0.0,1.95,1.0,<Residue TYR het=  resseq=92 icode= >,1rta_E_A,2.5
701,13.603,TYR, ,CD2,1.68,7.33,0.0,2.73,1.0,<Residue TYR het=  resseq=92 icode= >,1rta_E_A,2.5
702,4.837,TYR, ,CE1,1.68,8.23,0.0,1.56,1.0,<Residue TYR het=  resseq=92 icode= >,1rta_E_A,2.5
703,24.591,TYR, ,CE2,1.68,8.10,0.0,2.51,1.0,<Residue TYR het=  resseq=92 icode= >,1rta_E_A,2.5
704,0.112,TYR, ,CZ,1.68,8.51,0.0,2.73,1.0,<Residue TYR het=  resseq=92 icode= >,1rta_E_A,2.5
705,33.355,TYR, ,OH,1.68,9.57,0.0,2.70,1.0,<Residue TYR het=  resseq=92 icode= >,1rta_E_A,2.5
706,0.0,PRO, ,N,19.37,10.22,0.0,2.23,1.0,<Residue PRO het=  resseq=93 icode= >,1rta_E_A,2.5
707,0.0,PRO, ,CA,19.37,10.35,0.0,1.71,1.0,<Residue PRO het=  resseq=93 icode= >,1rta_E_A,2.5
708,2.215,PRO, ,C,19.37,10.49,0.0,2.72,1.0,<Residue PRO het=  resseq=93 icode= >,1rta_E_A,2.5
709,8.324,PRO, ,O,19.37,9.94,0.0,1.54,1.0,<Residue PRO het=  resseq=93 icode= >,1rta_E_A,2.5
710,28.581,PRO, ,CB,19.37,11.67,0.0,0.82,1.0,<Residue PRO het=  resseq=93 icode= >,1rta_E_A,2.5
711,24.225,PRO, ,CG,19.37,12.52,0.0,1.41,1.0,<Residue PRO het=  resseq=93 icode= >,1rta_E_A,2.5
712,26.046,PRO, ,CD,19.37,11.54,0.0,1.54,1.0,<Residue PRO het=  resseq=93 icode= >,1rta_E_A,2.5
713,0.263,ASN, ,N,14.63,11.55,0.0,1.59,1.0,<Residue ASN het=  resseq=94 icode= >,1rta_E_A,2.5
714,12.779,ASN, ,CA,14.63,12.31,0.0,2.00,1.0,<Residue ASN het=  resseq=94 icode= >,1rta_E_A,2.5
715,2.428,ASN, ,C,14.63,11.71,0.0,2.74,1.0,<Residue ASN het=  resseq=94 icode= >,1rta_E_A,2.5
716,6.579,ASN, ,O,14.63,11.99,0.0,2.08,1.0,<Residue ASN het=  resseq=94 icode= >,1rta_E_A,2.5
717,35.235,ASN, ,CB,14.63,13.71,0.0,1.19,1.0,<Residue ASN het=  resseq=94 icode= >,1rta_E_A,2.5
718,6.676,ASN, ,CG,13.17,13.92,0.0,2.49,1.0,<Residue ASN het=  resseq=94 icode= >,1rta_E_A,2.5
719,30.584,ASN, ,OD1,13.17,14.83,0.0,2.25,1.0,<Residue ASN het=  resseq=94 icode= >,1rta_E_A,2.5
720,14.347,ASN, ,ND2,13.17,13.23,0.0,1.46,1.0,<Residue ASN het=  resseq=94 icode= >,1rta_E_A,2.5
721,3.01,CYS, ,N,24.32,10.86,0.0,1.40,1.0,<Residue CYS het=  resseq=95 icode= >,1rta_E_A,2.5
722,0.0,CYS, ,CA,24.32,10.33,0.0,1.35,1.0,<Residue CYS het=  resseq=95 icode= >,1rta_E_A,2.5
723,0.519,CYS, ,C,24.32,11.41,0.0,3.08,1.0,<Residue CYS het=  resseq=95 icode= >,1rta_E_A,2.5
724,20.693,CYS, ,O,24.32,12.21,0.0,2.27,1.0,<Residue CYS het=  resseq=95 icode= >,1rta_E_A,2.5
725,0.448,CYS, ,CB,24.32,9.09,0.0,2.22,1.0,<Residue CYS het=  resseq=95 icode= >,1rta_E_A,2.5
726,0.0,CYS, ,SG,26.16,7.98,0.0,3.96,1.0,<Residue CYS het=  resseq=95 icode= >,1rta_E_A,2.5
727,0.0,ALA, ,N,12.73,11.41,0.0,1.63,1.0,<Residue ALA het=  resseq=96 icode= >,1rta_E_A,2.5
728,0.0,ALA, ,CA,12.73,12.50,0.0,1.90,1.0,<Residue ALA het=  resseq=96 icode= >,1rta_E_A,2.5
729,0.0,ALA, ,C,12.73,12.27,0.0,3.17,1.0,<Residue ALA het=  resseq=96 icode= >,1rta_E_A,2.5
730,0.0,ALA, ,O,12.73,11.44,0.0,2.18,1.0,<Residue ALA het=  resseq=96 icode= >,1rta_E_A,2.5
731,28.774,ALA, ,CB,12.73,13.54,0.0,0.59,1.0,<Residue ALA het=  resseq=96 icode= >,1rta_E_A,2.5
732,0.647,TYR, ,N,1.99,13.19,0.0,2.93,1.0,<Residue TYR het=  resseq=97 icode= >,1rta_E_A,2.5
733,0.0,TYR, ,CA,1.99,13.18,0.0,2.62,1.0,<Residue TYR het=  resseq=97 icode= >,1rta_E_A,2.5
734,2.046,TYR, ,C,1.99,13.37,0.0,3.25,1.0,<Residue TYR het=  resseq=97 icode= >,1rta_E_A,2.5
735,4.084,TYR, ,O,1.99,14.13,0.0,2.70,1.0,<Residue TYR het=  resseq=97 icode= >,1rta_E_A,2.5
736,0.0,TYR, ,CB,1.99,12.14,0.0,1.55,1.0,<Residue TYR het=  resseq=97 icode= >,1rta_E_A,2.5
737,0.0,TYR, ,CG,2.98,10.97,0.0,1.82,1.0,<Residue TYR het=  resseq=97 icode= >,1rta_E_A,2.5
738,0.0,TYR, ,CD1,2.98,9.94,0.0,1.92,1.0,<Residue TYR het=  resseq=97 icode= >,1rta_E_A,2.5
739,0.289,TYR, ,CD2,2.98,10.77,0.0,2.01,1.0,<Residue TYR het=  resseq=97 icode= >,1rta_E_A,2.5
740,0.0,TYR, ,CE1,2.98,8.68,0.0,2.28,1.0,<Residue TYR het=  resseq=97 icode= >,1rta_E_A,2.5
741,0.473,TYR, ,CE2,2.98,9.56,0.0,2.71,1.0,<Residue TYR het=  resseq=97 icode= >,1rta_E_A,2.5
742,0.0,TYR, ,CZ,2.98,8.46,0.0,3.69,1.0,<Residue TYR het=  resseq=97 icode= >,1rta_E_A,2.5
743,0.0,TYR, ,OH,2.98,7.31,0.0,3.33,1.0,<Residue TYR het=  resseq=97 icode= >,1rta_E_A,2.5
744,0.0,LYS, ,N,22.42,12.74,0.0,2.10,1.0,<Residue LYS het=  resseq=98 icode= >,1rta_E_A,2.5
745,0.497,LYS, ,CA,22.42,12.94,0.0,1.70,1.0,<Residue LYS het=  resseq=98 icode= >,1rta_E_A,2.5
746,0.0,LYS, ,C,22.42,12.01,0.0,1.83,1.0,<Residue LYS het=  resseq=98 icode= >,1rta_E_A,2.5
747,0.0,LYS, ,O,22.42,10.78,0.0,1.16,1.0,<Residue LYS het=  resseq=98 icode= >,1rta_E_A,2.5
748,14.546,LYS, ,CB,22.42,13.16,0.0,2.06,1.0,<Residue LYS het=  resseq=98 icode= >,1rta_E_A,2.5
749,20.694,LYS, ,CG,17.08,13.92,0.0,1.23,1.0,<Residue LYS het=  resseq=98 icode= >,1rta_E_A,2.5
750,26.486,LYS, ,CD,17.08,15.40,0.0,0.85,1.0,<Residue LYS het=  resseq=98 icode= >,1rta_E_A,2.5
751,34.157,LYS, ,CE,17.08,16.00,0.0,1.90,1.0,<Residue LYS het=  resseq=98 icode= >,1rta_E_A,2.5
752,35.402,LYS, ,NZ,17.08,17.23,0.0,1.49,1.0,<Residue LYS het=  resseq=98 icode= >,1rta_E_A,2.5
753,0.0,THR, ,N,6.1,12.84,0.0,2.34,1.0,<Residue THR het=  resseq=99 icode= >,1rta_E_A,2.5
754,0.0,THR, ,CA,6.1,12.58,0.0,1.79,1.0,<Residue THR het=  resseq=99 icode= >,1rta_E_A,2.5
755,0.0,THR, ,C,6.1,12.55,0.0,4.12,1.0,<Residue THR het=  resseq=99 icode= >,1rta_E_A,2.5
756,12.801,THR, ,O,6.1,13.61,0.0,3.30,1.0,<Residue THR het=  resseq=99 icode= >,1rta_E_A,2.5
757,0.335,THR, ,CB,6.1,13.84,0.0,2.11,1.0,<Residue THR het=  resseq=99 icode= >,1rta_E_A,2.5
758,0.0,THR, ,OG1,1.0,14.20,0.0,2.31,1.0,<Residue THR het=  resseq=99 icode= >,1rta_E_A,2.5
759,2.668,THR, ,CG2,1.0,13.76,0.0,2.57,1.0,<Residue THR het=  resseq=99 icode= >,1rta_E_A,2.5
760,0.0,THR, ,N,1.0,11.46,0.0,2.21,1.0,<Residue THR het=  resseq=100 icode= >,1rta_E_A,2.5
761,1.206,THR, ,CA,1.0,11.64,0.0,2.10,1.0,<Residue THR het=  resseq=100 icode= >,1rta_E_A,2.5
762,0.034,THR, ,C,1.0,11.47,0.0,2.23,1.0,<Residue THR het=  resseq=100 icode= >,1rta_E_A,2.5
763,0.601,THR, ,O,1.0,10.52,0.0,2.57,1.0,<Residue THR het=  resseq=100 icode= >,1rta_E_A,2.5
764,1.952,THR, ,CB,1.0,10.81,0.0,3.76,1.0,<Residue THR het=  resseq=100 icode= >,1rta_E_A,2.5
765,5.218,THR, ,OG1,1.0,10.37,0.0,2.33,1.0,<Residue THR het=  resseq=100 icode= >,1rta_E_A,2.5
766,53.848,THR, ,CG2,1.0,11.83,0.0,2.19,1.0,<Residue THR het=  resseq=100 icode= >,1rta_E_A,2.5
767,5.518,GLN, ,N,7.4,18.74,0.0,1.98,1.0,<Residue GLN het=  resseq=101 icode= >,1rta_E_A,2.5
768,0.0,GLN, ,CA,7.4,18.61,0.0,1.60,1.0,<Residue GLN het=  resseq=101 icode= >,1rta_E_A,2.5
769,0.296,GLN, ,C,7.4,18.95,0.0,2.80,1.0,<Residue GLN het=  resseq=101 icode= >,1rta_E_A,2.5
770,21.075,GLN, ,O,7.4,19.82,0.0,2.48,1.0,<Residue GLN het=  resseq=101 icode= >,1rta_E_A,2.5
771,12.836,GLN, ,CB,7.4,19.58,0.0,1.18,1.0,<Residue GLN het=  resseq=101 icode= >,1rta_E_A,2.5
772,22.742,GLN, ,CG,7.84,20.09,0.0,1.16,1.0,<Residue GLN het=  resseq=101 icode= >,1rta_E_A,2.5
773,0.0,GLN, ,CD,7.84,19.06,0.0,3.64,1.0,<Residue GLN het=  resseq=101 icode= >,1rta_E_A,2.5
774,0.0,GLN, ,OE1,7.84,18.22,0.0,2.94,1.0,<Residue GLN het=  resseq=101 icode= >,1rta_E_A,2.5
775,10.489,GLN, ,NE2,7.84,19.18,0.0,2.13,1.0,<Residue GLN het=  resseq=101 icode= >,1rta_E_A,2.5
776,0.0,ALA, ,N,2.87,18.35,0.0,2.05,1.0,<Residue ALA het=  resseq=102 icode= >,1rta_E_A,2.5
777,9.397,ALA, ,CA,2.87,18.69,0.0,2.13,1.0,<Residue ALA het=  resseq=102 icode= >,1rta_E_A,2.5
778,0.063,ALA, ,C,2.87,18.47,0.0,2.52,1.0,<Residue ALA het=  resseq=102 icode= >,1rta_E_A,2.5
779,0.0,ALA, ,O,2.87,17.76,0.0,2.49,1.0,<Residue ALA het=  resseq=102 icode= >,1rta_E_A,2.5
780,16.121,ALA, ,CB,2.87,17.86,0.0,1.88,1.0,<Residue ALA het=  resseq=102 icode= >,1rta_E_A,2.5
781,7.134,ASN, ,N,15.9,1000.00,0.0,1.74,1.0,<Residue ASN het=  resseq=103 icode= >,1rta_E_A,2.5
782,0.0,ASN, ,CA,15.9,1000.00,0.0,1.75,1.0,<Residue ASN het=  resseq=103 icode= >,1rta_E_A,2.5
783,0.0,ASN, ,C,15.9,1000.00,0.0,3.24,1.0,<Residue ASN het=  resseq=103 icode= >,1rta_E_A,2.5
784,18.782,ASN, ,O,15.9,1000.00,0.0,2.45,1.0,<Residue ASN het=  resseq=103 icode= >,1rta_E_A,2.5
785,17.83,ASN, ,CB,15.9,1000.00,0.0,1.71,1.0,<Residue ASN het=  resseq=103 icode= >,1rta_E_A,2.5
786,4.617,ASN, ,CG,11.14,1000.00,0.0,2.75,1.0,<Residue ASN het=  resseq=103 icode= >,1rta_E_A,2.5
787,7.158,ASN, ,OD1,11.14,1000.00,0.0,1.79,1.0,<Residue ASN het=  resseq=103 icode= >,1rta_E_A,2.5
788,45.872,ASN, ,ND2,11.14,1000.00,0.0,1.59,1.0,<Residue ASN het=  resseq=103 icode= >,1rta_E_A,2.5
789,0.0,LYS, ,N,11.0,17.63,0.0,2.33,1.0,<Residue LYS het=  resseq=104 icode= >,1rta_E_A,2.5
790,5.134,LYS, ,CA,11.0,17.24,0.0,1.81,1.0,<Residue LYS het=  resseq=104 icode= >,1rta_E_A,2.5
791,0.0,LYS, ,C,11.0,16.61,0.0,2.93,1.0,<Residue LYS het=  resseq=104 icode= >,1rta_E_A,2.5
792,0.0,LYS, ,O,11.0,16.49,0.0,2.66,1.0,<Residue LYS het=  resseq=104 icode= >,1rta_E_A,2.5
793,0.0,LYS, ,CB,11.0,16.24,0.0,1.53,1.0,<Residue LYS het=  resseq=104 icode= >,1rta_E_A,2.5
794,2.247,LYS, ,CG,1.0,16.78,0.0,2.33,1.0,<Residue LYS het=  resseq=104 icode= >,1rta_E_A,2.5
795,5.04,LYS, ,CD,1.0,16.62,0.0,3.04,1.0,<Residue LYS het=  resseq=104 icode= >,1rta_E_A,2.5
796,14.039,LYS, ,CE,1.0,16.81,0.0,2.06,1.0,<Residue LYS het=  resseq=104 icode= >,1rta_E_A,2.5
797,37.96,LYS, ,NZ,1.0,16.90,0.0,2.06,1.0,<Residue LYS het=  resseq=104 icode= >,1rta_E_A,2.5
798,0.0,HIS, ,N,8.03,16.24,0.0,1.80,1.0,<Residue HIS het=  resseq=105 icode= >,1rta_E_A,2.5
799,0.0,HIS, ,CA,8.03,15.65,0.0,2.37,1.0,<Residue HIS het=  resseq=105 icode= >,1rta_E_A,2.5
800,0.0,HIS, ,C,8.03,14.21,0.0,4.02,1.0,<Residue HIS het=  resseq=105 icode= >,1rta_E_A,2.5
801,0.0,HIS, ,O,8.03,13.95,0.0,2.29,1.0,<Residue HIS het=  resseq=105 icode= >,1rta_E_A,2.5
802,0.0,HIS, ,CB,8.03,16.31,0.0,1.28,1.0,<Residue HIS het=  resseq=105 icode= >,1rta_E_A,2.5
803,0.557,HIS, ,CG,1.75,17.75,0.0,3.38,1.0,<Residue HIS het=  resseq=105 icode= >,1rta_E_A,2.5
804,1.572,HIS, ,ND1,1.75,18.46,0.0,3.42,1.0,<Residue HIS het=  resseq=105 icode= >,1rta_E_A,2.5
805,10.371,HIS, ,CD2,1.75,18.36,0.0,2.76,1.0,<Residue HIS het=  resseq=105 icode= >,1rta_E_A,2.5
806,17.493,HIS, ,CE1,1.75,19.64,0.0,3.23,1.0,<Residue HIS het=  resseq=105 icode= >,1rta_E_A,2.5
807,21.269,HIS, ,NE2,1.75,19.56,0.0,3.31,1.0,<Residue HIS het=  resseq=105 icode= >,1rta_E_A,2.5
808,0.0,ILE, ,N,1.0,10.27,0.0,2.32,1.0,<Residue ILE het=  resseq=106 icode= >,1rta_E_A,2.5
809,0.0,ILE, ,CA,1.0,9.12,0.0,2.92,1.0,<Residue ILE het=  resseq=106 icode= >,1rta_E_A,2.5
810,0.0,ILE, ,C,1.0,9.66,0.0,4.24,1.0,<Residue ILE het=  resseq=106 icode= >,1rta_E_A,2.5
811,0.0,ILE, ,O,1.0,10.81,0.0,3.48,1.0,<Residue ILE het=  resseq=106 icode= >,1rta_E_A,2.5
812,0.0,ILE, ,CB,1.0,8.71,0.0,1.62,1.0,<Residue ILE het=  resseq=106 icode= >,1rta_E_A,2.5
813,0.0,ILE, ,CG1,10.25,9.80,0.0,1.43,1.0,<Residue ILE het=  resseq=106 icode= >,1rta_E_A,2.5
814,0.0,ILE, ,CG2,10.25,8.30,0.0,0.58,1.0,<Residue ILE het=  resseq=106 icode= >,1rta_E_A,2.5
815,0.154,ILE, ,CD1,10.25,10.23,0.0,1.17,1.0,<Residue ILE het=  resseq=106 icode= >,1rta_E_A,2.5
816,0.0,ILE, ,N,1.0,8.82,0.0,2.89,1.0,<Residue ILE het=  resseq=107 icode= >,1rta_E_A,2.5
817,0.0,ILE, ,CA,1.0,9.34,0.0,2.90,1.0,<Residue ILE het=  resseq=107 icode= >,1rta_E_A,2.5
818,0.0,ILE, ,C,1.0,8.54,0.0,4.40,1.0,<Residue ILE het=  resseq=107 icode= >,1rta_E_A,2.5
819,0.0,ILE, ,O,1.0,7.32,0.0,2.54,1.0,<Residue ILE het=  resseq=107 icode= >,1rta_E_A,2.5
820,0.133,ILE, ,CB,1.0,9.36,0.0,2.49,1.0,<Residue ILE het=  resseq=107 icode= >,1rta_E_A,2.5
821,8.733,ILE, ,CG1,1.0,9.52,0.0,2.34,1.0,<Residue ILE het=  resseq=107 icode= >,1rta_E_A,2.5
822,0.877,ILE, ,CG2,1.0,9.67,0.0,2.79,1.0,<Residue ILE het=  resseq=107 icode= >,1rta_E_A,2.5
823,0.471,ILE, ,CD1,1.0,9.10,0.0,2.38,1.0,<Residue ILE het=  resseq=107 icode= >,1rta_E_A,2.5
824,0.0,VAL, ,N,1.0,8.77,0.0,2.20,1.0,<Residue VAL het=  resseq=108 icode= >,1rta_E_A,2.5
825,0.0,VAL, ,CA,1.0,7.89,0.0,2.29,1.0,<Residue VAL het=  resseq=108 icode= >,1rta_E_A,2.5
826,0.0,VAL, ,C,1.0,6.74,0.0,3.20,1.0,<Residue VAL het=  resseq=108 icode= >,1rta_E_A,2.5
827,0.0,VAL, ,O,1.0,6.96,0.0,3.05,1.0,<Residue VAL het=  resseq=108 icode= >,1rta_E_A,2.5
828,0.0,VAL, ,CB,1.0,7.71,0.0,3.07,1.0,<Residue VAL het=  resseq=108 icode= >,1rta_E_A,2.5
829,0.368,VAL, ,CG1,1.0,7.69,0.0,1.69,1.0,<Residue VAL het=  resseq=108 icode= >,1rta_E_A,2.5
830,0.0,VAL, ,CG2,1.0,9.02,0.0,0.97,1.0,<Residue VAL het=  resseq=108 icode= >,1rta_E_A,2.5
831,0.0,ALA, ,N,6.77,5.69,0.0,2.04,1.0,<Residue ALA het=  resseq=109 icode= >,1rta_E_A,2.5
832,0.0,ALA, ,CA,6.77,4.58,0.0,2.32,1.0,<Residue ALA het=  resseq=109 icode= >,1rta_E_A,2.5
833,0.0,ALA, ,C,6.77,5.01,0.0,2.93,1.0,<Residue ALA het=  resseq=109 icode= >,1rta_E_A,2.5
834,0.0,ALA, ,O,6.77,5.48,0.0,2.92,1.0,<Residue ALA het=  resseq=109 icode= >,1rta_E_A,2.5
835,5.883,ALA, ,CB,6.77,3.44,5.883,1.59,1.0,<Residue ALA het=  resseq=109 icode= >,1rta_E_A,2.5
836,0.0,CYS, ,N,2.7,4.83,0.0,2.51,1.0,<Residue CYS het=  resseq=110 icode= >,1rta_E_A,2.5
837,0.0,CYS, ,CA,2.7,5.12,0.0,2.04,1.0,<Residue CYS het=  resseq=110 icode= >,1rta_E_A,2.5
838,0.0,CYS, ,C,2.7,4.35,0.0,3.59,1.0,<Residue CYS het=  resseq=110 icode= >,1rta_E_A,2.5
839,0.547,CYS, ,O,2.7,3.78,0.0,2.67,1.0,<Residue CYS het=  resseq=110 icode= >,1rta_E_A,2.5
840,0.0,CYS, ,CB,2.7,6.48,0.0,2.25,1.0,<Residue CYS het=  resseq=110 icode= >,1rta_E_A,2.5
841,0.0,CYS, ,SG,1.95,7.74,0.0,4.89,1.0,<Residue CYS het=  resseq=110 icode= >,1rta_E_A,2.5
842,0.0,GLU, ,N,1.0,4.95,0.0,2.65,1.0,<Residue GLU het=  resseq=111 icode= >,1rta_E_A,2.5
843,0.154,GLU, ,CA,1.0,5.28,0.0,1.98,1.0,<Residue GLU het=  resseq=111 icode= >,1rta_E_A,2.5
844,0.182,GLU, ,C,1.0,6.51,0.0,3.18,1.0,<Residue GLU het=  resseq=111 icode= >,1rta_E_A,2.5
845,1.825,GLU, ,O,1.0,7.09,0.0,3.39,1.0,<Residue GLU het=  resseq=111 icode= >,1rta_E_A,2.5
846,16.94,GLU, ,CB,1.0,4.37,0.0,1.50,1.0,<Residue GLU het=  resseq=111 icode= >,1rta_E_A,2.5
847,8.887,GLU, ,CG,12.85,4.40,0.0,1.04,1.0,<Residue GLU het=  resseq=111 icode= >,1rta_E_A,2.5
848,7.905,GLU, ,CD,12.85,3.55,0.936,2.22,1.0,<Residue GLU het=  resseq=111 icode= >,1rta_E_A,2.5
849,15.555,GLU, ,OE1,12.85,2.33,11.811,2.72,1.0,<Residue GLU het=  resseq=111 icode= >,1rta_E_A,2.5
850,37.555,GLU, ,OE2,12.85,4.44,0.057,1.51,1.0,<Residue GLU het=  resseq=111 icode= >,1rta_E_A,2.5
851,4.117,GLY, ,N,11.86,7.11,0.0,1.52,1.0,<Residue GLY het=  resseq=112 icode= >,1rta_E_A,2.5
852,32.818,GLY, ,CA,11.86,8.34,0.0,1.60,1.0,<Residue GLY het=  resseq=112 icode= >,1rta_E_A,2.5
853,4.721,GLY, ,C,11.86,9.61,0.0,2.88,1.0,<Residue GLY het=  resseq=112 icode= >,1rta_E_A,2.5
854,12.77,GLY, ,O,11.86,9.67,0.0,2.30,1.0,<Residue GLY het=  resseq=112 icode= >,1rta_E_A,2.5
855,5.993,ASN, ,N,6.96,10.74,0.0,2.50,1.0,<Residue ASN het=  resseq=113 icode= >,1rta_E_A,2.5
856,0.176,ASN, ,CA,6.96,12.03,0.0,2.97,1.0,<Residue ASN het=  resseq=113 icode= >,1rta_E_A,2.5
857,1.361,ASN, ,C,6.96,12.47,0.0,3.29,1.0,<Residue ASN het=  resseq=113 icode= >,1rta_E_A,2.5
858,28.629,ASN, ,O,6.96,12.60,0.0,2.18,1.0,<Residue ASN het=  resseq=113 icode= >,1rta_E_A,2.5
859,29.725,ASN, ,CB,6.96,13.10,0.0,2.19,1.0,<Residue ASN het=  resseq=113 icode= >,1rta_E_A,2.5
860,9.86,ASN, ,CG,4.93,14.07,0.0,3.05,1.0,<Residue ASN het=  resseq=113 icode= >,1rta_E_A,2.5
861,40.65,ASN, ,OD1,4.93,14.52,0.0,3.38,1.0,<Residue ASN het=  resseq=113 icode= >,1rta_E_A,2.5
862,40.203,ASN, ,ND2,4.93,14.59,0.0,1.85,1.0,<Residue ASN het=  resseq=113 icode= >,1rta_E_A,2.5
863,0.0,PRO, ,N,8.0,12.83,0.0,2.23,1.0,<Residue PRO het=  resseq=114 icode= >,1rta_E_A,2.5
864,1.545,PRO, ,CA,8.0,12.61,0.0,2.38,1.0,<Residue PRO het=  resseq=114 icode= >,1rta_E_A,2.5
865,0.0,PRO, ,C,8.0,11.20,0.0,3.72,1.0,<Residue PRO het=  resseq=114 icode= >,1rta_E_A,2.5
866,1.559,PRO, ,O,8.0,10.41,0.0,3.49,1.0,<Residue PRO het=  resseq=114 icode= >,1rta_E_A,2.5
867,23.538,PRO, ,CB,8.0,13.69,0.0,2.39,1.0,<Residue PRO het=  resseq=114 icode= >,1rta_E_A,2.5
868,40.996,PRO, ,CG,8.0,14.60,0.0,2.65,1.0,<Residue PRO het=  resseq=114 icode= >,1rta_E_A,2.5
869,30.905,PRO, ,CD,8.0,13.72,0.0,2.10,1.0,<Residue PRO het=  resseq=114 icode= >,1rta_E_A,2.5
870,4.926,TYR, ,N,1.0,11.05,0.0,2.60,1.0,<Residue TYR het=  resseq=115 icode= >,1rta_E_A,2.5
871,0.0,TYR, ,CA,1.0,9.92,0.0,2.02,1.0,<Residue TYR het=  resseq=115 icode= >,1rta_E_A,2.5
872,0.0,TYR, ,C,1.0,10.27,0.0,2.71,1.0,<Residue TYR het=  resseq=115 icode= >,1rta_E_A,2.5
873,11.832,TYR, ,O,1.0,11.48,0.0,3.28,1.0,<Residue TYR het=  resseq=115 icode= >,1rta_E_A,2.5
874,21.59,TYR, ,CB,1.0,10.20,0.0,1.94,1.0,<Residue TYR het=  resseq=115 icode= >,1rta_E_A,2.5
875,1.684,TYR, ,CG,1.0,9.10,0.0,2.36,1.0,<Residue TYR het=  resseq=115 icode= >,1rta_E_A,2.5
876,5.658,TYR, ,CD1,1.0,8.08,0.0,2.90,1.0,<Residue TYR het=  resseq=115 icode= >,1rta_E_A,2.5
877,9.24,TYR, ,CD2,1.0,9.40,0.0,1.66,1.0,<Residue TYR het=  resseq=115 icode= >,1rta_E_A,2.5
878,15.645,TYR, ,CE1,1.0,7.31,0.0,3.04,1.0,<Residue TYR het=  resseq=115 icode= >,1rta_E_A,2.5
879,5.334,TYR, ,CE2,1.0,8.75,0.0,1.56,1.0,<Residue TYR het=  resseq=115 icode= >,1rta_E_A,2.5
880,4.871,TYR, ,CZ,1.0,7.68,0.0,2.86,1.0,<Residue TYR het=  resseq=115 icode= >,1rta_E_A,2.5
881,8.767,TYR, ,OH,1.0,7.22,0.0,3.36,1.0,<Residue TYR het=  resseq=115 icode= >,1rta_E_A,2.5
882,0.0,VAL, ,N,7.08,9.23,0.0,2.22,1.0,<Residue VAL het=  resseq=116 icode= >,1rta_E_A,2.5
883,0.0,VAL, ,CA,7.08,9.52,0.0,1.10,1.0,<Residue VAL het=  resseq=116 icode= >,1rta_E_A,2.5
884,0.0,VAL, ,C,7.08,8.39,0.0,2.56,1.0,<Residue VAL het=  resseq=116 icode= >,1rta_E_A,2.5
885,0.0,VAL, ,O,7.08,7.20,0.0,2.28,1.0,<Residue VAL het=  resseq=116 icode= >,1rta_E_A,2.5
886,1.627,VAL, ,CB,7.08,10.31,0.0,2.21,1.0,<Residue VAL het=  resseq=116 icode= >,1rta_E_A,2.5
887,16.456,VAL, ,CG1,4.59,11.68,0.0,1.69,1.0,<Residue VAL het=  resseq=116 icode= >,1rta_E_A,2.5
888,9.652,VAL, ,CG2,4.59,9.60,0.0,1.26,1.0,<Residue VAL het=  resseq=116 icode= >,1rta_E_A,2.5
889,0.0,PRO, ,N,1.38,8.85,0.0,2.92,1.0,<Residue PRO het=  resseq=117 icode= >,1rta_E_A,2.5
890,0.0,PRO, ,CA,1.38,8.04,0.0,1.86,1.0,<Residue PRO het=  resseq=117 icode= >,1rta_E_A,2.5
891,0.0,PRO, ,C,1.38,7.20,0.0,3.66,1.0,<Residue PRO het=  resseq=117 icode= >,1rta_E_A,2.5
892,0.861,PRO, ,O,1.38,7.43,0.0,3.55,1.0,<Residue PRO het=  resseq=117 icode= >,1rta_E_A,2.5
893,0.0,PRO, ,CB,1.38,7.83,0.0,1.51,1.0,<Residue PRO het=  resseq=117 icode= >,1rta_E_A,2.5
894,0.206,PRO, ,CG,1.38,9.30,0.0,1.79,1.0,<Residue PRO het=  resseq=117 icode= >,1rta_E_A,2.5
895,2.74,PRO, ,CD,1.38,9.96,0.0,1.93,1.0,<Residue PRO het=  resseq=117 icode= >,1rta_E_A,2.5
896,0.0,VAL, ,N,1.0,5.97,0.0,3.02,1.0,<Residue VAL het=  resseq=118 icode= >,1rta_E_A,2.5
897,0.0,VAL, ,CA,1.0,4.88,0.0,2.29,1.0,<Residue VAL het=  resseq=118 icode= >,1rta_E_A,2.5
898,0.143,VAL, ,C,1.0,3.79,0.143,3.17,1.0,<Residue VAL het=  resseq=118 icode= >,1rta_E_A,2.5
899,12.895,VAL, ,O,1.0,3.04,12.374,2.87,1.0,<Residue VAL het=  resseq=118 icode= >,1rta_E_A,2.5
900,5.275,VAL, ,CB,1.0,4.27,4.059,2.53,1.0,<Residue VAL het=  resseq=118 icode= >,1rta_E_A,2.5
901,4.869,VAL, ,CG1,1.0,5.51,0.0,1.89,1.0,<Residue VAL het=  resseq=118 icode= >,1rta_E_A,2.5
902,8.294,VAL, ,CG2,1.0,3.85,7.749,1.79,1.0,<Residue VAL het=  resseq=118 icode= >,1rta_E_A,2.5
903,0.0,HIS, ,N,1.0,3.91,0.0,2.57,1.0,<Residue HIS het=  resseq=119 icode= >,1rta_E_A,2.5
904,4.498,HIS, ,CA,1.0,3.33,4.498,2.50,1.0,<Residue HIS het=  resseq=119 icode= >,1rta_E_A,2.5
905,0.0,HIS, ,C,1.0,3.65,0.0,3.40,1.0,<Residue HIS het=  resseq=119 icode= >,1rta_E_A,2.5
906,0.0,HIS, ,O,1.0,4.87,0.0,2.04,1.0,<Residue HIS het=  resseq=119 icode= >,1rta_E_A,2.5
907,13.732,HIS, ,CB,1.0,3.38,13.732,1.71,1.0,<Residue HIS het=  resseq=119 icode= >,1rta_E_A,2.5
908,2.041,HIS, ,CG,3.53,3.09,2.041,1.92,1.0,<Residue HIS het=  resseq=119 icode= >,1rta_E_A,2.5
909,19.576,HIS, ,ND1,3.53,2.67,19.576,2.88,1.0,<Residue HIS het=  resseq=119 icode= >,1rta_E_A,2.5
910,3.904,HIS, ,CD2,3.53,3.24,3.904,2.02,1.0,<Residue HIS het=  resseq=119 icode= >,1rta_E_A,2.5
911,23.726,HIS, ,CE1,3.53,3.17,16.725,3.17,1.0,<Residue HIS het=  resseq=119 icode= >,1rta_E_A,2.5
912,0.319,HIS, ,NE2,3.53,3.27,0.319,3.04,1.0,<Residue HIS het=  resseq=119 icode= >,1rta_E_A,2.5
913,2.321,PHE, ,N,1.0,3.11,2.321,2.19,1.0,<Residue PHE het=  resseq=120 icode= >,1rta_E_A,2.5
914,0.0,PHE, ,CA,1.0,4.22,0.0,1.76,1.0,<Residue PHE het=  resseq=120 icode= >,1rta_E_A,2.5
915,0.0,PHE, ,C,1.0,4.12,0.0,3.54,1.0,<Residue PHE het=  resseq=120 icode= >,1rta_E_A,2.5
916,12.674,PHE, ,O,1.0,3.08,12.674,3.21,1.0,<Residue PHE het=  resseq=120 icode= >,1rta_E_A,2.5
917,0.357,PHE, ,CB,1.0,3.23,0.357,2.43,1.0,<Residue PHE het=  resseq=120 icode= >,1rta_E_A,2.5
918,0.0,PHE, ,CG,1.0,3.68,0.0,3.22,1.0,<Residue PHE het=  resseq=120 icode= >,1rta_E_A,2.5
919,0.0,PHE, ,CD1,1.0,4.93,0.0,1.60,1.0,<Residue PHE het=  resseq=120 icode= >,1rta_E_A,2.5
920,3.76,PHE, ,CD2,1.0,3.34,3.76,2.50,1.0,<Residue PHE het=  resseq=120 icode= >,1rta_E_A,2.5
921,0.074,PHE, ,CE1,1.0,5.76,0.0,2.69,1.0,<Residue PHE het=  resseq=120 icode= >,1rta_E_A,2.5
922,0.317,PHE, ,CE2,1.0,3.99,0.219,1.96,1.0,<Residue PHE het=  resseq=120 icode= >,1rta_E_A,2.5
923,0.0,PHE, ,CZ,1.0,5.29,0.0,3.51,1.0,<Residue PHE het=  resseq=120 icode= >,1rta_E_A,2.5
924,0.0,ASP, ,N,7.27,5.18,0.0,2.32,1.0,<Residue ASP het=  resseq=121 icode= >,1rta_E_A,2.5
925,0.0,ASP, ,CA,7.27,5.12,0.0,2.48,1.0,<Residue ASP het=  resseq=121 icode= >,1rta_E_A,2.5
926,0.433,ASP, ,C,7.27,5.10,0.433,3.29,1.0,<Residue ASP het=  resseq=121 icode= >,1rta_E_A,2.5
927,7.568,ASP, ,O,7.27,4.58,7.185,2.59,1.0,<Residue ASP het=  resseq=121 icode= >,1rta_E_A,2.5
928,0.0,ASP, ,CB,7.27,6.40,0.0,1.60,1.0,<Residue ASP het=  resseq=121 icode= >,1rta_E_A,2.5
929,0.0,ASP, ,CG,1.0,6.17,0.0,4.38,1.0,<Residue ASP het=  resseq=121 icode= >,1rta_E_A,2.5
930,0.0,ASP, ,OD1,1.0,5.45,0.0,3.33,1.0,<Residue ASP het=  resseq=121 icode= >,1rta_E_A,2.5
931,1.673,ASP, ,OD2,1.0,6.80,0.0,2.34,1.0,<Residue ASP het=  resseq=121 icode= >,1rta_E_A,2.5
932,0.0,ALA, ,N,1.25,5.36,0.0,2.56,1.0,<Residue ALA het=  resseq=122 icode= >,1rta_E_A,2.5
933,9.823,ALA, ,CA,1.25,5.02,5.647,2.48,1.0,<Residue ALA het=  resseq=122 icode= >,1rta_E_A,2.5
934,0.134,ALA, ,C,1.25,5.52,0.088,3.81,1.0,<Residue ALA het=  resseq=122 icode= >,1rta_E_A,2.5
935,0.0,ALA, ,O,1.25,6.12,0.0,3.19,1.0,<Residue ALA het=  resseq=122 icode= >,1rta_E_A,2.5
936,25.534,ALA, ,CB,1.25,6.11,0.0,1.58,1.0,<Residue ALA het=  resseq=122 icode= >,1rta_E_A,2.5
937,2.704,SER, ,N,1.0,5.69,0.095,2.53,1.0,<Residue SER het=  resseq=123 icode= >,1rta_E_A,2.5
938,0.0,SER, ,CA,1.0,6.72,0.0,2.21,1.0,<Residue SER het=  resseq=123 icode= >,1rta_E_A,2.5
939,0.0,SER, ,C,1.0,7.69,0.0,3.20,1.0,<Residue SER het=  resseq=123 icode= >,1rta_E_A,2.5
940,15.887,SER, ,O,1.0,7.40,0.0,3.09,1.0,<Residue SER het=  resseq=123 icode= >,1rta_E_A,2.5
941,0.0,SER, ,CB,1.0,6.40,0.0,2.97,1.0,<Residue SER het=  resseq=123 icode= >,1rta_E_A,2.5
942,12.237,SER, ,OG,1.0,5.53,0.413,2.77,1.0,<Residue SER het=  resseq=123 icode= >,1rta_E_A,2.5
943,0.0,VAL, ,N,1.22,8.98,0.0,3.26,1.0,<Residue VAL het=  resseq=124 icode= >,1rta_E_A,2.5
944,3.113,VAL, ,CA,1.22,10.02,0.0,2.33,1.0,<Residue VAL het=  resseq=124 icode= >,1rta_E_A,2.5
945,4.864,VAL, ,C,1.22,11.07,0.0,3.04,1.0,<Residue VAL het=  resseq=124 icode= >,1rta_E_A,2.5
946,30.858,VAL, ,O,1.22,11.64,0.0,3.00,1.0,<Residue VAL het=  resseq=124 icode= >,1rta_E_A,2.5
947,0.292,VAL, ,CB,1.22,10.81,0.0,2.66,1.0,<Residue VAL het=  resseq=124 icode= >,1rta_E_A,2.5
948,26.674,VAL, ,CG1,1.0,12.21,0.0,1.93,1.0,<Residue VAL het=  resseq=124 icode= >,1rta_E_A,2.5
949,58.016,VAL, ,CG2,1.0,10.90,0.0,2.28,1.0,<Residue VAL het=  resseq=124 icode= >,1rta_E_A,2.5
