,ASA,aa,altloc,atom,bfac,d2r,dASA,dens,occ,residue,id,resolu
0,40.883,LEU, ,N,113.4,5.51,3.064,1.54,1.0,<Residue LEU het=  resseq=22 icode= >,1s32_B_A,2.05
1,17.343,LEU, ,CA,113.5,5.97,0.294,1.36,1.0,<Residue LEU het=  resseq=22 icode= >,1s32_B_A,2.05
2,2.577,LEU, ,C,112.36,6.05,0.0,1.31,1.0,<Residue LEU het=  resseq=22 icode= >,1s32_B_A,2.05
3,19.74,LEU, ,O,112.99,5.62,0.0,0.74,1.0,<Residue LEU het=  resseq=22 icode= >,1s32_B_A,2.05
4,21.237,LEU, ,CB,115.21,7.46,0.0,1.11,1.0,<Residue LEU het=  resseq=22 icode= >,1s32_B_A,2.05
5,8.906,LEU, ,CG,116.54,8.31,0.0,1.07,1.0,<Residue LEU het=  resseq=22 icode= >,1s32_B_A,2.05
6,51.831,LEU, ,CD1,117.27,8.69,0.0,0.31,1.0,<Residue LEU het=  resseq=22 icode= >,1s32_B_A,2.05
7,67.675,LEU, ,CD2,117.14,9.66,0.0,0.34,1.0,<Residue LEU het=  resseq=22 icode= >,1s32_B_A,2.05
8,2.384,ARG, ,N,109.9,6.93,0.0,1.39,1.0,<Residue ARG het=  resseq=23 icode= >,1s32_B_A,2.05
9,7.93,ARG, ,CA,106.63,7.55,0.0,1.52,1.0,<Residue ARG het=  resseq=23 icode= >,1s32_B_A,2.05
10,0.945,ARG, ,C,103.34,8.04,0.0,1.76,1.0,<Residue ARG het=  resseq=23 icode= >,1s32_B_A,2.05
11,20.769,ARG, ,O,103.54,7.08,5.933,0.77,1.0,<Residue ARG het=  resseq=23 icode= >,1s32_B_A,2.05
12,8.104,ARG, ,CB,108.09,6.50,0.0,0.79,1.0,<Residue ARG het=  resseq=23 icode= >,1s32_B_A,2.05
13,18.084,ARG, ,CG,109.3,6.45,0.0,0.59,1.0,<Residue ARG het=  resseq=23 icode= >,1s32_B_A,2.05
14,26.392,ARG, ,CD,110.45,5.07,8.01,0.52,1.0,<Residue ARG het=  resseq=23 icode= >,1s32_B_A,2.05
15,0.032,ARG, ,NE,111.8,5.18,0.0,0.67,1.0,<Residue ARG het=  resseq=23 icode= >,1s32_B_A,2.05
16,2.773,ARG, ,CZ,112.13,4.46,1.092,1.47,1.0,<Residue ARG het=  resseq=23 icode= >,1s32_B_A,2.05
17,43.571,ARG, ,NH1,112.88,4.18,34.999,0.59,1.0,<Residue ARG het=  resseq=23 icode= >,1s32_B_A,2.05
18,31.964,ARG, ,NH2,112.37,3.33,29.52,0.40,1.0,<Residue ARG het=  resseq=23 icode= >,1s32_B_A,2.05
19,1.804,ASP, ,N,98.34,8.99,0.0,2.20,1.0,<Residue ASP het=  resseq=24 icode= >,1s32_B_A,2.05
20,4.817,ASP, ,CA,93.3,9.08,0.0,1.52,1.0,<Residue ASP het=  resseq=24 icode= >,1s32_B_A,2.05
21,0.368,ASP, ,C,87.96,8.61,0.0,3.29,1.0,<Residue ASP het=  resseq=24 icode= >,1s32_B_A,2.05
22,0.046,ASP, ,O,87.46,9.16,0.0,1.97,1.0,<Residue ASP het=  resseq=24 icode= >,1s32_B_A,2.05
23,33.195,ASP, ,CB,95.03,10.57,2.115,0.72,1.0,<Residue ASP het=  resseq=24 icode= >,1s32_B_A,2.05
24,8.152,ASP, ,CG,96.1,11.49,0.0,1.48,1.0,<Residue ASP het=  resseq=24 icode= >,1s32_B_A,2.05
25,39.023,ASP, ,OD1,97.02,12.23,0.0,0.78,1.0,<Residue ASP het=  resseq=24 icode= >,1s32_B_A,2.05
26,15.186,ASP, ,OD2,96.27,11.63,0.0,1.21,1.0,<Residue ASP het=  resseq=24 icode= >,1s32_B_A,2.05
27,1.193,ASN, ,N,81.92,7.86,0.955,1.56,1.0,<Residue ASN het=  resseq=25 icode= >,1s32_B_A,2.05
28,7.502,ASN, ,CA,75.06,7.60,7.502,2.68,1.0,<Residue ASN het=  resseq=25 icode= >,1s32_B_A,2.05
29,2.584,ASN, ,C,70.17,7.89,2.584,4.46,1.0,<Residue ASN het=  resseq=25 icode= >,1s32_B_A,2.05
30,5.284,ASN, ,O,67.37,7.11,5.284,3.26,1.0,<Residue ASN het=  resseq=25 icode= >,1s32_B_A,2.05
31,27.138,ASN, ,CB,74.75,8.59,26.711,2.06,1.0,<Residue ASN het=  resseq=25 icode= >,1s32_B_A,2.05
32,6.752,ASN, ,CG,74.22,8.60,6.112,3.28,1.0,<Residue ASN het=  resseq=25 icode= >,1s32_B_A,2.05
33,33.991,ASN, ,OD1,71.79,7.64,26.253,2.68,1.0,<Residue ASN het=  resseq=25 icode= >,1s32_B_A,2.05
34,55.434,ASN, ,ND2,73.34,9.85,32.869,1.41,1.0,<Residue ASN het=  resseq=25 icode= >,1s32_B_A,2.05
35,2.826,ILE, ,N,65.7,9.19,2.133,3.51,1.0,<Residue ILE het=  resseq=26 icode= >,1s32_B_A,2.05
36,3.56,ILE, ,CA,62.39,9.80,3.56,3.69,1.0,<Residue ILE het=  resseq=26 icode= >,1s32_B_A,2.05
37,0.0,ILE, ,C,60.84,9.29,0.0,3.96,1.0,<Residue ILE het=  resseq=26 icode= >,1s32_B_A,2.05
38,0.0,ILE, ,O,59.13,9.26,0.0,2.90,1.0,<Residue ILE het=  resseq=26 icode= >,1s32_B_A,2.05
39,8.42,ILE, ,CB,61.88,11.31,5.391,3.24,1.0,<Residue ILE het=  resseq=26 icode= >,1s32_B_A,2.05
40,5.319,ILE, ,CG1,61.95,12.08,0.0,1.90,1.0,<Residue ILE het=  resseq=26 icode= >,1s32_B_A,2.05
41,24.134,ILE, ,CG2,60.73,11.67,0.0,1.15,1.0,<Residue ILE het=  resseq=26 icode= >,1s32_B_A,2.05
42,9.942,ILE, ,CD1,59.9,12.10,9.942,1.78,1.0,<Residue ILE het=  resseq=26 icode= >,1s32_B_A,2.05
43,0.0,GLN, ,N,58.57,8.91,0.0,2.89,1.0,<Residue GLN het=  resseq=27 icode= >,1s32_B_A,2.05
44,0.0,GLN, ,CA,56.54,7.67,0.0,3.66,1.0,<Residue GLN het=  resseq=27 icode= >,1s32_B_A,2.05
45,0.0,GLN, ,C,55.65,6.60,0.0,4.15,1.0,<Residue GLN het=  resseq=27 icode= >,1s32_B_A,2.05
46,3.025,GLN, ,O,55.04,5.44,0.0,3.61,1.0,<Residue GLN het=  resseq=27 icode= >,1s32_B_A,2.05
47,3.097,GLN, ,CB,56.95,7.66,0.0,2.74,1.0,<Residue GLN het=  resseq=27 icode= >,1s32_B_A,2.05
48,17.23,GLN, ,CG,56.6,8.86,0.0,2.27,1.0,<Residue GLN het=  resseq=27 icode= >,1s32_B_A,2.05
49,6.16,GLN, ,CD,55.88,8.94,0.0,3.85,1.0,<Residue GLN het=  resseq=27 icode= >,1s32_B_A,2.05
50,16.197,GLN, ,OE1,54.82,8.07,0.0,2.95,1.0,<Residue GLN het=  resseq=27 icode= >,1s32_B_A,2.05
51,15.559,GLN, ,NE2,52.59,10.17,0.0,2.55,1.0,<Residue GLN het=  resseq=27 icode= >,1s32_B_A,2.05
52,0.0,GLY, ,N,53.71,6.45,0.0,3.63,1.0,<Residue GLY het=  resseq=28 icode= >,1s32_B_A,2.05
53,11.889,GLY, ,CA,52.55,5.20,11.764,2.63,1.0,<Residue GLY het=  resseq=28 icode= >,1s32_B_A,2.05
54,1.481,GLY, ,C,52.27,5.80,1.481,3.88,1.0,<Residue GLY het=  resseq=28 icode= >,1s32_B_A,2.05
55,14.855,GLY, ,O,54.05,5.39,11.991,2.41,1.0,<Residue GLY het=  resseq=28 icode= >,1s32_B_A,2.05
56,0.0,ILE, ,N,50.52,7.04,0.0,3.47,1.0,<Residue ILE het=  resseq=29 icode= >,1s32_B_A,2.05
57,1.59,ILE, ,CA,49.33,7.61,1.537,3.56,1.0,<Residue ILE het=  resseq=29 icode= >,1s32_B_A,2.05
58,0.0,ILE, ,C,48.08,6.58,0.0,4.51,1.0,<Residue ILE het=  resseq=29 icode= >,1s32_B_A,2.05
59,0.0,ILE, ,O,49.46,6.89,0.0,3.36,1.0,<Residue ILE het=  resseq=29 icode= >,1s32_B_A,2.05
60,0.0,ILE, ,CB,49.82,9.01,0.0,2.94,1.0,<Residue ILE het=  resseq=29 icode= >,1s32_B_A,2.05
61,2.467,ILE, ,CG1,49.45,9.06,2.467,2.60,1.0,<Residue ILE het=  resseq=29 icode= >,1s32_B_A,2.05
62,7.335,ILE, ,CG2,48.4,9.43,7.147,1.55,1.0,<Residue ILE het=  resseq=29 icode= >,1s32_B_A,2.05
63,49.733,ILE, ,CD1,49.71,8.52,49.733,1.86,1.0,<Residue ILE het=  resseq=29 icode= >,1s32_B_A,2.05
64,0.157,THR, ,N,48.16,5.60,0.0,3.80,1.0,<Residue THR het=  resseq=30 icode= >,1s32_B_A,2.05
65,1.209,THR, ,CA,48.95,4.69,0.0,4.02,1.0,<Residue THR het=  resseq=30 icode= >,1s32_B_A,2.05
66,0.0,THR, ,C,50.3,5.52,0.0,4.13,1.0,<Residue THR het=  resseq=30 icode= >,1s32_B_A,2.05
67,0.0,THR, ,O,49.56,6.56,0.0,3.08,1.0,<Residue THR het=  resseq=30 icode= >,1s32_B_A,2.05
68,4.66,THR, ,CB,49.48,3.60,4.307,3.59,1.0,<Residue THR het=  resseq=30 icode= >,1s32_B_A,2.05
69,7.117,THR, ,OG1,49.34,4.12,6.998,3.03,1.0,<Residue THR het=  resseq=30 icode= >,1s32_B_A,2.05
70,29.332,THR, ,CG2,48.87,3.13,24.129,1.63,1.0,<Residue THR het=  resseq=30 icode= >,1s32_B_A,2.05
71,1.938,LYS, ,N,50.23,4.74,0.465,3.90,1.0,<Residue LYS het=  resseq=31 icode= >,1s32_B_A,2.05
72,0.0,LYS, ,CA,50.88,5.29,0.0,3.86,1.0,<Residue LYS het=  resseq=31 icode= >,1s32_B_A,2.05
73,0.0,LYS, ,C,49.85,5.62,0.0,4.87,1.0,<Residue LYS het=  resseq=31 icode= >,1s32_B_A,2.05
74,0.0,LYS, ,O,49.91,6.83,0.0,3.18,1.0,<Residue LYS het=  resseq=31 icode= >,1s32_B_A,2.05
75,13.832,LYS, ,CB,53.23,4.76,3.201,2.92,1.0,<Residue LYS het=  resseq=31 icode= >,1s32_B_A,2.05
76,1.162,LYS, ,CG,57.84,5.78,0.0,1.97,1.0,<Residue LYS het=  resseq=31 icode= >,1s32_B_A,2.05
77,28.311,LYS, ,CD,61.18,5.79,4.075,1.68,1.0,<Residue LYS het=  resseq=31 icode= >,1s32_B_A,2.05
78,11.745,LYS, ,CE,63.1,5.55,0.087,1.60,1.0,<Residue LYS het=  resseq=31 icode= >,1s32_B_A,2.05
79,48.854,LYS, ,NZ,65.97,5.48,4.97,1.12,1.0,<Residue LYS het=  resseq=31 icode= >,1s32_B_A,2.05
80,0.0,PRO, ,N,47.96,4.84,0.0,5.19,1.0,<Residue PRO het=  resseq=32 icode= >,1s32_B_A,2.05
81,4.629,PRO, ,CA,46.67,5.20,0.0,3.77,1.0,<Residue PRO het=  resseq=32 icode= >,1s32_B_A,2.05
82,0.0,PRO, ,C,44.38,4.99,0.0,4.66,1.0,<Residue PRO het=  resseq=32 icode= >,1s32_B_A,2.05
83,0.865,PRO, ,O,44.82,5.54,0.0,3.48,1.0,<Residue PRO het=  resseq=32 icode= >,1s32_B_A,2.05
84,20.092,PRO, ,CB,47.3,3.89,9.71,2.37,1.0,<Residue PRO het=  resseq=32 icode= >,1s32_B_A,2.05
85,41.383,PRO, ,CG,48.12,3.65,26.846,2.61,1.0,<Residue PRO het=  resseq=32 icode= >,1s32_B_A,2.05
86,7.298,PRO, ,CD,48.38,3.42,7.085,2.84,1.0,<Residue PRO het=  resseq=32 icode= >,1s32_B_A,2.05
87,0.0,ALA, ,N,43.74,4.68,0.0,3.90,1.0,<Residue ALA het=  resseq=33 icode= >,1s32_B_A,2.05
88,0.632,ALA, ,CA,42.63,5.08,0.632,4.08,1.0,<Residue ALA het=  resseq=33 icode= >,1s32_B_A,2.05
89,0.0,ALA, ,C,40.97,6.58,0.0,5.13,1.0,<Residue ALA het=  resseq=33 icode= >,1s32_B_A,2.05
90,1.429,ALA, ,O,40.93,7.23,1.429,4.34,1.0,<Residue ALA het=  resseq=33 icode= >,1s32_B_A,2.05
91,24.127,ALA, ,CB,43.66,5.05,22.72,2.00,1.0,<Residue ALA het=  resseq=33 icode= >,1s32_B_A,2.05
92,0.0,ILE, ,N,38.54,7.32,0.0,4.30,1.0,<Residue ILE het=  resseq=34 icode= >,1s32_B_A,2.05
93,0.0,ILE, ,CA,40.69,8.76,0.0,3.68,1.0,<Residue ILE het=  resseq=34 icode= >,1s32_B_A,2.05
94,0.0,ILE, ,C,42.12,9.23,0.0,4.68,1.0,<Residue ILE het=  resseq=34 icode= >,1s32_B_A,2.05
95,0.435,ILE, ,O,43.72,10.08,0.435,3.36,1.0,<Residue ILE het=  resseq=34 icode= >,1s32_B_A,2.05
96,0.0,ILE, ,CB,39.04,9.55,0.0,3.96,1.0,<Residue ILE het=  resseq=34 icode= >,1s32_B_A,2.05
97,0.0,ILE, ,CG1,36.08,9.56,0.0,3.70,1.0,<Residue ILE het=  resseq=34 icode= >,1s32_B_A,2.05
98,3.957,ILE, ,CG2,38.2,10.54,3.885,2.67,1.0,<Residue ILE het=  resseq=34 icode= >,1s32_B_A,2.05
99,0.0,ILE, ,CD1,37.17,9.44,0.0,2.47,1.0,<Residue ILE het=  resseq=34 icode= >,1s32_B_A,2.05
100,0.0,ARG, ,N,41.89,8.66,0.0,4.21,1.0,<Residue ARG het=  resseq=35 icode= >,1s32_B_A,2.05
101,0.0,ARG, ,CA,43.63,8.30,0.0,4.28,1.0,<Residue ARG het=  resseq=35 icode= >,1s32_B_A,2.05
102,0.0,ARG, ,C,43.08,9.08,0.0,4.53,1.0,<Residue ARG het=  resseq=35 icode= >,1s32_B_A,2.05
103,0.0,ARG, ,O,42.83,8.78,0.0,3.73,1.0,<Residue ARG het=  resseq=35 icode= >,1s32_B_A,2.05
104,0.0,ARG, ,CB,45.11,7.35,0.0,3.48,1.0,<Residue ARG het=  resseq=35 icode= >,1s32_B_A,2.05
105,3.761,ARG, ,CG,51.93,6.85,2.283,1.77,1.0,<Residue ARG het=  resseq=35 icode= >,1s32_B_A,2.05
106,24.726,ARG, ,CD,55.88,5.89,7.042,2.23,1.0,<Residue ARG het=  resseq=35 icode= >,1s32_B_A,2.05
107,2.172,ARG, ,NE,60.51,4.71,0.0,2.73,1.0,<Residue ARG het=  resseq=35 icode= >,1s32_B_A,2.05
108,4.032,ARG, ,CZ,63.06,3.44,0.0,2.29,1.0,<Residue ARG het=  resseq=35 icode= >,1s32_B_A,2.05
109,32.388,ARG, ,NH1,63.1,3.47,24.331,1.53,1.0,<Residue ARG het=  resseq=35 icode= >,1s32_B_A,2.05
110,17.131,ARG, ,NH2,63.1,2.57,14.6,1.20,1.0,<Residue ARG het=  resseq=35 icode= >,1s32_B_A,2.05
111,0.0,ARG, ,N,41.08,8.25,0.0,4.65,1.0,<Residue ARG het=  resseq=36 icode= >,1s32_B_A,2.05
112,1.06,ARG, ,CA,40.68,8.53,1.058,4.36,1.0,<Residue ARG het=  resseq=36 icode= >,1s32_B_A,2.05
113,1.47,ARG, ,C,40.06,9.67,1.47,4.78,1.0,<Residue ARG het=  resseq=36 icode= >,1s32_B_A,2.05
114,4.253,ARG, ,O,38.2,10.66,4.253,4.49,1.0,<Residue ARG het=  resseq=36 icode= >,1s32_B_A,2.05
115,12.392,ARG, ,CB,42.1,7.40,12.392,2.94,1.0,<Residue ARG het=  resseq=36 icode= >,1s32_B_A,2.05
116,19.501,ARG, ,CG,44.87,6.28,13.093,2.62,1.0,<Residue ARG het=  resseq=36 icode= >,1s32_B_A,2.05
117,35.997,ARG, ,CD,42.21,5.68,28.789,3.55,1.0,<Residue ARG het=  resseq=36 icode= >,1s32_B_A,2.05
118,14.134,ARG, ,NE,42.85,4.78,10.97,4.15,1.0,<Residue ARG het=  resseq=36 icode= >,1s32_B_A,2.05
119,4.335,ARG, ,CZ,44.52,3.47,0.326,4.86,1.0,<Residue ARG het=  resseq=36 icode= >,1s32_B_A,2.05
120,28.048,ARG, ,NH1,41.65,2.98,15.714,3.18,1.0,<Residue ARG het=  resseq=36 icode= >,1s32_B_A,2.05
121,35.052,ARG, ,NH2,40.35,2.77,30.42,3.21,1.0,<Residue ARG het=  resseq=36 icode= >,1s32_B_A,2.05
122,0.032,LEU, ,N,36.88,9.68,0.032,4.75,1.0,<Residue LEU het=  resseq=37 icode= >,1s32_B_A,2.05
123,1.129,LEU, ,CA,37.43,10.90,1.129,4.23,1.0,<Residue LEU het=  resseq=37 icode= >,1s32_B_A,2.05
124,1.487,LEU, ,C,36.72,11.85,1.487,5.51,1.0,<Residue LEU het=  resseq=37 icode= >,1s32_B_A,2.05
125,7.147,LEU, ,O,35.7,12.45,7.147,4.91,1.0,<Residue LEU het=  resseq=37 icode= >,1s32_B_A,2.05
126,11.799,LEU, ,CB,34.4,10.94,11.799,3.43,1.0,<Residue LEU het=  resseq=37 icode= >,1s32_B_A,2.05
127,4.53,LEU, ,CG,35.57,10.28,4.53,3.95,1.0,<Residue LEU het=  resseq=37 icode= >,1s32_B_A,2.05
128,34.466,LEU, ,CD1,35.91,10.34,34.466,2.25,1.0,<Residue LEU het=  resseq=37 icode= >,1s32_B_A,2.05
129,57.648,LEU, ,CD2,34.01,11.18,57.592,2.86,1.0,<Residue LEU het=  resseq=37 icode= >,1s32_B_A,2.05
130,0.633,ALA, ,N,34.98,10.60,0.633,5.30,1.0,<Residue ALA het=  resseq=38 icode= >,1s32_B_A,2.05
131,8.116,ALA, ,CA,36.65,9.85,8.116,3.97,1.0,<Residue ALA het=  resseq=38 icode= >,1s32_B_A,2.05
132,0.0,ALA, ,C,35.48,9.80,0.0,6.42,1.0,<Residue ALA het=  resseq=38 icode= >,1s32_B_A,2.05
133,0.0,ALA, ,O,35.73,10.16,0.0,5.27,1.0,<Residue ALA het=  resseq=38 icode= >,1s32_B_A,2.05
134,11.51,ALA, ,CB,35.32,8.52,11.414,2.80,1.0,<Residue ALA het=  resseq=38 icode= >,1s32_B_A,2.05
135,0.0,ARG, ,N,36.26,9.66,0.0,4.96,1.0,<Residue ARG het=  resseq=39 icode= >,1s32_B_A,2.05
136,0.374,ARG, ,CA,36.25,9.94,0.374,4.58,1.0,<Residue ARG het=  resseq=39 icode= >,1s32_B_A,2.05
137,1.272,ARG, ,C,36.5,11.36,1.272,5.09,1.0,<Residue ARG het=  resseq=39 icode= >,1s32_B_A,2.05
138,14.262,ARG, ,O,35.6,11.71,14.262,4.52,1.0,<Residue ARG het=  resseq=39 icode= >,1s32_B_A,2.05
139,18.615,ARG, ,CB,38.7,9.68,18.615,3.16,1.0,<Residue ARG het=  resseq=39 icode= >,1s32_B_A,2.05
140,10.03,ARG, ,CG,38.16,8.28,10.03,3.53,1.0,<Residue ARG het=  resseq=39 icode= >,1s32_B_A,2.05
141,20.774,ARG, ,CD,42.0,7.34,20.774,3.24,1.0,<Residue ARG het=  resseq=39 icode= >,1s32_B_A,2.05
142,14.835,ARG, ,NE,43.28,5.96,14.835,3.53,1.0,<Residue ARG het=  resseq=39 icode= >,1s32_B_A,2.05
143,2.948,ARG, ,CZ,45.17,5.54,2.948,4.53,1.0,<Residue ARG het=  resseq=39 icode= >,1s32_B_A,2.05
144,0.0,ARG, ,NH1,44.18,5.18,0.0,2.87,1.0,<Residue ARG het=  resseq=39 icode= >,1s32_B_A,2.05
145,19.647,ARG, ,NH2,44.83,4.48,19.574,2.49,1.0,<Residue ARG het=  resseq=39 icode= >,1s32_B_A,2.05
146,0.661,ARG, ,N,35.58,12.30,0.661,4.69,1.0,<Residue ARG het=  resseq=40 icode= >,1s32_B_A,2.05
147,10.271,ARG, ,CA,35.18,13.67,10.271,4.93,1.0,<Residue ARG het=  resseq=40 icode= >,1s32_B_A,2.05
148,0.21,ARG, ,C,35.27,13.84,0.21,5.26,1.0,<Residue ARG het=  resseq=40 icode= >,1s32_B_A,2.05
149,23.387,ARG, ,O,35.57,14.78,23.149,4.96,1.0,<Residue ARG het=  resseq=40 icode= >,1s32_B_A,2.05
150,6.972,ARG, ,CB,35.15,13.82,6.972,3.43,1.0,<Residue ARG het=  resseq=40 icode= >,1s32_B_A,2.05
151,24.668,ARG, ,CG,37.41,14.85,24.668,3.10,1.0,<Residue ARG het=  resseq=40 icode= >,1s32_B_A,2.05
152,28.421,ARG, ,CD,40.03,14.35,25.771,3.22,1.0,<Residue ARG het=  resseq=40 icode= >,1s32_B_A,2.05
153,12.865,ARG, ,NE,43.73,13.70,12.865,4.36,1.0,<Residue ARG het=  resseq=40 icode= >,1s32_B_A,2.05
154,8.458,ARG, ,CZ,44.93,12.76,8.458,4.99,1.0,<Residue ARG het=  resseq=40 icode= >,1s32_B_A,2.05
155,48.507,ARG, ,NH1,41.4,13.01,39.347,3.56,1.0,<Residue ARG het=  resseq=40 icode= >,1s32_B_A,2.05
156,59.275,ARG, ,NH2,44.6,11.55,59.275,2.76,1.0,<Residue ARG het=  resseq=40 icode= >,1s32_B_A,2.05
157,0.297,GLY, ,N,34.7,13.05,0.297,4.60,1.0,<Residue GLY het=  resseq=41 icode= >,1s32_B_A,2.05
158,31.255,GLY, ,CA,34.9,13.33,31.255,3.45,1.0,<Residue GLY het=  resseq=41 icode= >,1s32_B_A,2.05
159,3.777,GLY, ,C,35.63,12.80,3.018,5.78,1.0,<Residue GLY het=  resseq=41 icode= >,1s32_B_A,2.05
160,27.722,GLY, ,O,35.5,13.05,23.229,4.63,1.0,<Residue GLY het=  resseq=41 icode= >,1s32_B_A,2.05
161,0.024,GLY, ,N,33.01,12.21,0.024,4.77,1.0,<Residue GLY het=  resseq=42 icode= >,1s32_B_A,2.05
162,33.288,GLY, ,CA,34.65,11.90,29.5,3.87,1.0,<Residue GLY het=  resseq=42 icode= >,1s32_B_A,2.05
163,5.154,GLY, ,C,35.87,10.58,5.154,5.82,1.0,<Residue GLY het=  resseq=42 icode= >,1s32_B_A,2.05
164,28.511,GLY, ,O,34.48,10.55,28.296,4.22,1.0,<Residue GLY het=  resseq=42 icode= >,1s32_B_A,2.05
165,0.0,VAL, ,N,34.13,9.64,0.0,4.92,1.0,<Residue VAL het=  resseq=43 icode= >,1s32_B_A,2.05
166,4.072,VAL, ,CA,34.9,8.38,4.072,5.25,1.0,<Residue VAL het=  resseq=43 icode= >,1s32_B_A,2.05
167,1.141,VAL, ,C,38.96,7.34,1.141,5.64,1.0,<Residue VAL het=  resseq=43 icode= >,1s32_B_A,2.05
168,1.889,VAL, ,O,38.11,7.11,1.889,4.38,1.0,<Residue VAL het=  resseq=43 icode= >,1s32_B_A,2.05
169,0.0,VAL, ,CB,35.54,7.99,0.0,4.02,1.0,<Residue VAL het=  resseq=43 icode= >,1s32_B_A,2.05
170,15.882,VAL, ,CG1,33.22,6.79,15.882,2.93,1.0,<Residue VAL het=  resseq=43 icode= >,1s32_B_A,2.05
171,39.588,VAL, ,CG2,33.48,9.25,39.588,2.63,1.0,<Residue VAL het=  resseq=43 icode= >,1s32_B_A,2.05
172,4.29,LYS, ,N,41.7,6.95,4.29,3.81,1.0,<Residue LYS het=  resseq=44 icode= >,1s32_B_A,2.05
173,4.882,LYS, ,CA,43.47,6.27,4.882,4.21,1.0,<Residue LYS het=  resseq=44 icode= >,1s32_B_A,2.05
174,0.0,LYS, ,C,44.57,4.79,0.0,5.20,1.0,<Residue LYS het=  resseq=44 icode= >,1s32_B_A,2.05
175,12.85,LYS, ,O,45.36,4.24,11.839,3.71,1.0,<Residue LYS het=  resseq=44 icode= >,1s32_B_A,2.05
176,22.249,LYS, ,CB,44.87,7.18,22.249,2.97,1.0,<Residue LYS het=  resseq=44 icode= >,1s32_B_A,2.05
177,15.924,LYS, ,CG,47.96,7.09,14.65,2.41,1.0,<Residue LYS het=  resseq=44 icode= >,1s32_B_A,2.05
178,31.343,LYS, ,CD,49.09,6.82,30.922,2.03,1.0,<Residue LYS het=  resseq=44 icode= >,1s32_B_A,2.05
179,46.022,LYS, ,CE,50.24,5.84,35.451,2.51,1.0,<Residue LYS het=  resseq=44 icode= >,1s32_B_A,2.05
180,48.763,LYS, ,NZ,49.45,5.24,24.615,2.76,1.0,<Residue LYS het=  resseq=44 icode= >,1s32_B_A,2.05
181,2.565,ARG, ,N,44.58,4.48,2.565,4.41,1.0,<Residue ARG het=  resseq=45 icode= >,1s32_B_A,2.05
182,2.586,ARG, ,CA,44.33,3.32,2.586,4.56,1.0,<Residue ARG het=  resseq=45 icode= >,1s32_B_A,2.05
183,0.706,ARG, ,C,43.93,3.48,0.706,5.15,1.0,<Residue ARG het=  resseq=45 icode= >,1s32_B_A,2.05
184,18.676,ARG, ,O,41.8,4.69,18.676,3.93,1.0,<Residue ARG het=  resseq=45 icode= >,1s32_B_A,2.05
185,16.91,ARG, ,CB,45.19,4.00,16.023,3.68,1.0,<Residue ARG het=  resseq=45 icode= >,1s32_B_A,2.05
186,14.048,ARG, ,CG,47.74,3.55,14.033,3.05,1.0,<Residue ARG het=  resseq=45 icode= >,1s32_B_A,2.05
187,33.554,ARG, ,CD,50.74,3.96,26.042,2.57,1.0,<Residue ARG het=  resseq=45 icode= >,1s32_B_A,2.05
188,18.457,ARG, ,NE,54.36,3.71,12.91,3.02,1.0,<Residue ARG het=  resseq=45 icode= >,1s32_B_A,2.05
189,6.877,ARG, ,CZ,57.48,3.75,6.877,2.79,1.0,<Residue ARG het=  resseq=45 icode= >,1s32_B_A,2.05
190,46.088,ARG, ,NH1,55.38,3.68,41.978,1.96,1.0,<Residue ARG het=  resseq=45 icode= >,1s32_B_A,2.05
191,59.236,ARG, ,NH2,59.65,3.55,47.195,0.94,1.0,<Residue ARG het=  resseq=45 icode= >,1s32_B_A,2.05
192,3.054,ILE, ,N,42.75,2.70,3.054,4.41,1.0,<Residue ILE het=  resseq=46 icode= >,1s32_B_A,2.05
193,1.864,ILE, ,CA,41.6,3.69,1.864,4.98,1.0,<Residue ILE het=  resseq=46 icode= >,1s32_B_A,2.05
194,1.132,ILE, ,C,43.93,3.90,1.132,5.03,1.0,<Residue ILE het=  resseq=46 icode= >,1s32_B_A,2.05
195,17.028,ILE, ,O,45.93,3.06,16.359,3.40,1.0,<Residue ILE het=  resseq=46 icode= >,1s32_B_A,2.05
196,0.0,ILE, ,CB,41.24,3.97,0.0,4.66,1.0,<Residue ILE het=  resseq=46 icode= >,1s32_B_A,2.05
197,0.827,ILE, ,CG1,42.65,4.30,0.827,3.25,1.0,<Residue ILE het=  resseq=46 icode= >,1s32_B_A,2.05
198,1.519,ILE, ,CG2,39.85,5.39,1.519,2.83,1.0,<Residue ILE het=  resseq=46 icode= >,1s32_B_A,2.05
199,0.169,ILE, ,CD1,40.19,5.03,0.0,2.67,1.0,<Residue ILE het=  resseq=46 icode= >,1s32_B_A,2.05
200,5.367,SER, ,N,43.03,4.13,5.367,4.52,1.0,<Residue SER het=  resseq=47 icode= >,1s32_B_A,2.05
201,10.859,SER, ,CA,44.09,3.51,10.859,4.59,1.0,<Residue SER het=  resseq=47 icode= >,1s32_B_A,2.05
202,0.0,SER, ,C,44.71,3.86,0.0,5.07,1.0,<Residue SER het=  resseq=47 icode= >,1s32_B_A,2.05
203,0.0,SER, ,O,42.37,4.93,0.0,4.23,1.0,<Residue SER het=  resseq=47 icode= >,1s32_B_A,2.05
204,37.704,SER, ,CB,43.85,4.21,36.607,4.05,1.0,<Residue SER het=  resseq=47 icode= >,1s32_B_A,2.05
205,9.221,SER, ,OG,50.42,4.23,5.94,3.31,1.0,<Residue SER het=  resseq=47 icode= >,1s32_B_A,2.05
206,13.141,GLY, ,N,43.76,2.80,13.141,3.94,1.0,<Residue GLY het=  resseq=48 icode= >,1s32_B_A,2.05
207,33.236,GLY, ,CA,42.69,3.45,8.818,3.63,1.0,<Residue GLY het=  resseq=48 icode= >,1s32_B_A,2.05
208,3.106,GLY, ,C,44.3,4.63,0.0,5.02,1.0,<Residue GLY het=  resseq=48 icode= >,1s32_B_A,2.05
209,12.85,GLY, ,O,45.24,5.70,0.0,3.96,1.0,<Residue GLY het=  resseq=48 icode= >,1s32_B_A,2.05
210,0.0,LEU, ,N,45.01,4.75,0.0,3.72,1.0,<Residue LEU het=  resseq=49 icode= >,1s32_B_A,2.05
211,2.062,LEU, ,CA,44.66,6.11,0.0,3.86,1.0,<Residue LEU het=  resseq=49 icode= >,1s32_B_A,2.05
212,0.923,LEU, ,C,43.72,7.19,0.923,5.16,1.0,<Residue LEU het=  resseq=49 icode= >,1s32_B_A,2.05
213,3.577,LEU, ,O,42.67,8.36,0.992,4.55,1.0,<Residue LEU het=  resseq=49 icode= >,1s32_B_A,2.05
214,15.344,LEU, ,CB,46.21,6.36,12.329,3.11,1.0,<Residue LEU het=  resseq=49 icode= >,1s32_B_A,2.05
215,6.972,LEU, ,CG,50.06,5.88,0.285,2.81,1.0,<Residue LEU het=  resseq=49 icode= >,1s32_B_A,2.05
216,63.22,LEU, ,CD1,50.24,6.52,9.075,1.51,1.0,<Residue LEU het=  resseq=49 icode= >,1s32_B_A,2.05
217,60.662,LEU, ,CD2,49.77,6.69,0.0,2.10,1.0,<Residue LEU het=  resseq=49 icode= >,1s32_B_A,2.05
218,0.0,ILE, ,N,42.72,6.99,0.0,4.12,1.0,<Residue ILE het=  resseq=50 icode= >,1s32_B_A,2.05
219,0.063,ILE, ,CA,41.74,8.23,0.063,4.73,1.0,<Residue ILE het=  resseq=50 icode= >,1s32_B_A,2.05
220,0.0,ILE, ,C,43.06,9.22,0.0,5.91,1.0,<Residue ILE het=  resseq=50 icode= >,1s32_B_A,2.05
221,0.0,ILE, ,O,40.62,10.40,0.0,4.18,1.0,<Residue ILE het=  resseq=50 icode= >,1s32_B_A,2.05
222,0.0,ILE, ,CB,42.28,8.04,0.0,3.94,1.0,<Residue ILE het=  resseq=50 icode= >,1s32_B_A,2.05
223,3.039,ILE, ,CG1,41.4,7.58,3.039,3.06,1.0,<Residue ILE het=  resseq=50 icode= >,1s32_B_A,2.05
224,13.456,ILE, ,CG2,38.6,9.12,13.374,3.75,1.0,<Residue ILE het=  resseq=50 icode= >,1s32_B_A,2.05
225,54.343,ILE, ,CD1,39.99,8.82,54.343,2.34,1.0,<Residue ILE het=  resseq=50 icode= >,1s32_B_A,2.05
226,0.0,TYR, ,N,42.8,8.88,0.0,4.16,1.0,<Residue TYR het=  resseq=51 icode= >,1s32_B_A,2.05
227,0.0,TYR, ,CA,44.02,10.01,0.0,4.16,1.0,<Residue TYR het=  resseq=51 icode= >,1s32_B_A,2.05
228,0.0,TYR, ,C,44.6,10.96,0.0,5.37,1.0,<Residue TYR het=  resseq=51 icode= >,1s32_B_A,2.05
229,0.0,TYR, ,O,46.7,11.63,0.0,3.28,1.0,<Residue TYR het=  resseq=51 icode= >,1s32_B_A,2.05
230,6.556,TYR, ,CB,43.88,9.51,0.0,2.75,1.0,<Residue TYR het=  resseq=51 icode= >,1s32_B_A,2.05
231,0.045,TYR, ,CG,44.22,8.36,0.0,3.85,1.0,<Residue TYR het=  resseq=51 icode= >,1s32_B_A,2.05
232,0.0,TYR, ,CD1,43.7,8.10,0.0,3.43,1.0,<Residue TYR het=  resseq=51 icode= >,1s32_B_A,2.05
233,7.01,TYR, ,CD2,44.27,7.41,0.0,3.29,1.0,<Residue TYR het=  resseq=51 icode= >,1s32_B_A,2.05
234,0.0,TYR, ,CE1,43.38,6.87,0.0,3.19,1.0,<Residue TYR het=  resseq=51 icode= >,1s32_B_A,2.05
235,3.842,TYR, ,CE2,42.59,6.03,0.0,3.32,1.0,<Residue TYR het=  resseq=51 icode= >,1s32_B_A,2.05
236,0.0,TYR, ,CZ,44.18,5.71,0.0,4.43,1.0,<Residue TYR het=  resseq=51 icode= >,1s32_B_A,2.05
237,0.093,TYR, ,OH,43.77,4.47,0.0,3.67,1.0,<Residue TYR het=  resseq=51 icode= >,1s32_B_A,2.05
238,0.101,GLU, ,N,46.31,10.59,0.0,4.07,1.0,<Residue GLU het=  resseq=52 icode= >,1s32_B_A,2.05
239,0.0,GLU, ,CA,47.03,11.69,0.0,3.89,1.0,<Residue GLU het=  resseq=52 icode= >,1s32_B_A,2.05
240,1.376,GLU, ,C,45.33,12.36,0.0,5.00,1.0,<Residue GLU het=  resseq=52 icode= >,1s32_B_A,2.05
241,7.12,GLU, ,O,44.47,13.58,0.0,3.09,1.0,<Residue GLU het=  resseq=52 icode= >,1s32_B_A,2.05
242,20.5,GLU, ,CB,50.08,11.39,0.0,2.92,1.0,<Residue GLU het=  resseq=52 icode= >,1s32_B_A,2.05
243,33.449,GLU, ,CG,56.23,11.45,0.0,1.75,1.0,<Residue GLU het=  resseq=52 icode= >,1s32_B_A,2.05
244,8.056,GLU, ,CD,61.07,12.01,0.0,2.88,1.0,<Residue GLU het=  resseq=52 icode= >,1s32_B_A,2.05
245,34.097,GLU, ,OE1,63.52,12.89,0.0,1.77,1.0,<Residue GLU het=  resseq=52 icode= >,1s32_B_A,2.05
246,0.634,GLU, ,OE2,59.39,10.88,0.0,2.56,1.0,<Residue GLU het=  resseq=52 icode= >,1s32_B_A,2.05
247,0.802,GLU, ,N,43.62,11.66,0.0,4.26,1.0,<Residue GLU het=  resseq=53 icode= >,1s32_B_A,2.05
248,3.954,GLU, ,CA,42.7,12.46,0.0,4.07,1.0,<Residue GLU het=  resseq=53 icode= >,1s32_B_A,2.05
249,0.0,GLU, ,C,41.75,13.44,0.0,5.09,1.0,<Residue GLU het=  resseq=53 icode= >,1s32_B_A,2.05
250,1.119,GLU, ,O,40.69,14.64,0.0,3.89,1.0,<Residue GLU het=  resseq=53 icode= >,1s32_B_A,2.05
251,3.724,GLU, ,CB,44.78,11.68,3.724,2.83,1.0,<Residue GLU het=  resseq=53 icode= >,1s32_B_A,2.05
252,23.718,GLU, ,CG,49.47,12.64,23.718,2.60,1.0,<Residue GLU het=  resseq=53 icode= >,1s32_B_A,2.05
253,13.398,GLU, ,CD,54.27,13.14,8.275,3.17,1.0,<Residue GLU het=  resseq=53 icode= >,1s32_B_A,2.05
254,32.0,GLU, ,OE1,57.31,12.66,8.264,1.87,1.0,<Residue GLU het=  resseq=53 icode= >,1s32_B_A,2.05
255,39.731,GLU, ,OE2,55.91,14.14,27.764,2.84,1.0,<Residue GLU het=  resseq=53 icode= >,1s32_B_A,2.05
256,0.084,THR, ,N,38.76,13.04,0.084,4.66,1.0,<Residue THR het=  resseq=54 icode= >,1s32_B_A,2.05
257,3.738,THR, ,CA,37.54,14.06,3.264,4.87,1.0,<Residue THR het=  resseq=54 icode= >,1s32_B_A,2.05
258,0.0,THR, ,C,40.03,14.28,0.0,5.33,1.0,<Residue THR het=  resseq=54 icode= >,1s32_B_A,2.05
259,0.076,THR, ,O,37.99,15.01,0.076,4.61,1.0,<Residue THR het=  resseq=54 icode= >,1s32_B_A,2.05
260,0.0,THR, ,CB,37.03,13.31,0.0,4.94,1.0,<Residue THR het=  resseq=54 icode= >,1s32_B_A,2.05
261,8.826,THR, ,OG1,39.94,12.17,8.826,3.85,1.0,<Residue THR het=  resseq=54 icode= >,1s32_B_A,2.05
262,27.831,THR, ,CG2,38.57,13.56,26.557,2.43,1.0,<Residue THR het=  resseq=54 icode= >,1s32_B_A,2.05
263,0.0,ARG, ,N,39.01,13.33,0.0,3.81,1.0,<Residue ARG het=  resseq=55 icode= >,1s32_B_A,2.05
264,0.143,ARG, ,CA,39.83,13.13,0.0,3.61,1.0,<Residue ARG het=  resseq=55 icode= >,1s32_B_A,2.05
265,0.032,ARG, ,C,37.92,14.49,0.0,5.79,1.0,<Residue ARG het=  resseq=55 icode= >,1s32_B_A,2.05
266,0.0,ARG, ,O,39.79,14.97,0.0,4.03,1.0,<Residue ARG het=  resseq=55 icode= >,1s32_B_A,2.05
267,3.619,ARG, ,CB,41.03,12.14,0.0,2.80,1.0,<Residue ARG het=  resseq=55 icode= >,1s32_B_A,2.05
268,0.0,ARG, ,CG,42.49,10.70,0.0,3.07,1.0,<Residue ARG het=  resseq=55 icode= >,1s32_B_A,2.05
269,0.13,ARG, ,CD,46.0,9.81,0.0,2.62,1.0,<Residue ARG het=  resseq=55 icode= >,1s32_B_A,2.05
270,0.0,ARG, ,NE,46.53,8.43,0.0,3.69,1.0,<Residue ARG het=  resseq=55 icode= >,1s32_B_A,2.05
271,0.0,ARG, ,CZ,44.0,7.99,0.0,5.44,1.0,<Residue ARG het=  resseq=55 icode= >,1s32_B_A,2.05
272,6.072,ARG, ,NH1,43.06,8.89,0.0,3.29,1.0,<Residue ARG het=  resseq=55 icode= >,1s32_B_A,2.05
273,11.353,ARG, ,NH2,44.45,6.86,0.0,2.73,1.0,<Residue ARG het=  resseq=55 icode= >,1s32_B_A,2.05
274,0.971,GLY, ,N,36.01,15.22,0.0,4.88,1.0,<Residue GLY het=  resseq=56 icode= >,1s32_B_A,2.05
275,31.205,GLY, ,CA,36.83,16.56,0.0,3.04,1.0,<Residue GLY het=  resseq=56 icode= >,1s32_B_A,2.05
276,4.048,GLY, ,C,36.78,17.44,0.0,5.14,1.0,<Residue GLY het=  resseq=56 icode= >,1s32_B_A,2.05
277,0.84,GLY, ,O,35.14,18.21,0.0,5.10,1.0,<Residue GLY het=  resseq=56 icode= >,1s32_B_A,2.05
278,0.242,VAL, ,N,35.14,17.40,0.0,4.23,1.0,<Residue VAL het=  resseq=57 icode= >,1s32_B_A,2.05
279,2.016,VAL, ,CA,35.42,18.33,1.469,4.08,1.0,<Residue VAL het=  resseq=57 icode= >,1s32_B_A,2.05
280,0.0,VAL, ,C,34.2,18.11,0.0,5.94,1.0,<Residue VAL het=  resseq=57 icode= >,1s32_B_A,2.05
281,0.789,VAL, ,O,36.05,19.01,0.36,4.69,1.0,<Residue VAL het=  resseq=57 icode= >,1s32_B_A,2.05
282,0.88,VAL, ,CB,35.24,17.70,0.502,4.05,1.0,<Residue VAL het=  resseq=57 icode= >,1s32_B_A,2.05
283,51.824,VAL, ,CG1,37.87,18.67,51.748,2.23,1.0,<Residue VAL het=  resseq=57 icode= >,1s32_B_A,2.05
284,40.262,VAL, ,CG2,34.17,17.08,34.315,2.62,1.0,<Residue VAL het=  resseq=57 icode= >,1s32_B_A,2.05
285,0.219,LEU, ,N,33.36,16.89,0.219,4.98,1.0,<Residue LEU het=  resseq=58 icode= >,1s32_B_A,2.05
286,2.806,LEU, ,CA,35.71,16.38,2.806,4.52,1.0,<Residue LEU het=  resseq=58 icode= >,1s32_B_A,2.05
287,0.0,LEU, ,C,36.61,16.32,0.0,5.50,1.0,<Residue LEU het=  resseq=58 icode= >,1s32_B_A,2.05
288,0.0,LEU, ,O,37.22,16.54,0.0,4.12,1.0,<Residue LEU het=  resseq=58 icode= >,1s32_B_A,2.05
289,4.403,LEU, ,CB,35.95,14.99,4.305,3.41,1.0,<Residue LEU het=  resseq=58 icode= >,1s32_B_A,2.05
290,0.0,LEU, ,CG,38.94,14.10,0.0,3.11,1.0,<Residue LEU het=  resseq=58 icode= >,1s32_B_A,2.05
291,31.795,LEU, ,CD1,37.29,14.81,31.795,2.65,1.0,<Residue LEU het=  resseq=58 icode= >,1s32_B_A,2.05
292,14.854,LEU, ,CD2,39.83,12.69,14.597,1.96,1.0,<Residue LEU het=  resseq=58 icode= >,1s32_B_A,2.05
293,0.0,LYS, ,N,37.51,16.20,0.0,4.91,1.0,<Residue LYS het=  resseq=59 icode= >,1s32_B_A,2.05
294,1.918,LYS, ,CA,39.44,16.33,1.918,4.28,1.0,<Residue LYS het=  resseq=59 icode= >,1s32_B_A,2.05
295,0.0,LYS, ,C,37.36,17.70,0.0,5.76,1.0,<Residue LYS het=  resseq=59 icode= >,1s32_B_A,2.05
296,0.021,LYS, ,O,37.71,17.90,0.021,3.76,1.0,<Residue LYS het=  resseq=59 icode= >,1s32_B_A,2.05
297,0.466,LYS, ,CB,41.53,16.29,0.0,2.93,1.0,<Residue LYS het=  resseq=59 icode= >,1s32_B_A,2.05
298,9.307,LYS, ,CG,47.14,16.42,8.849,2.11,1.0,<Residue LYS het=  resseq=59 icode= >,1s32_B_A,2.05
299,18.84,LYS, ,CD,48.32,16.40,0.809,1.98,1.0,<Residue LYS het=  resseq=59 icode= >,1s32_B_A,2.05
300,42.553,LYS, ,CE,52.92,16.80,10.907,1.38,1.0,<Residue LYS het=  resseq=59 icode= >,1s32_B_A,2.05
301,34.254,LYS, ,NZ,55.76,18.29,0.0,1.08,1.0,<Residue LYS het=  resseq=59 icode= >,1s32_B_A,2.05
302,0.0,VAL, ,N,37.55,1000.00,0.0,4.31,1.0,<Residue VAL het=  resseq=60 icode= >,1s32_B_A,2.05
303,0.042,VAL, ,CA,36.39,1000.00,0.0,4.56,1.0,<Residue VAL het=  resseq=60 icode= >,1s32_B_A,2.05
304,0.0,VAL, ,C,36.35,1000.00,0.0,5.71,1.0,<Residue VAL het=  resseq=60 icode= >,1s32_B_A,2.05
305,0.056,VAL, ,O,37.17,1000.00,0.0,4.50,1.0,<Residue VAL het=  resseq=60 icode= >,1s32_B_A,2.05
306,1.604,VAL, ,CB,36.52,1000.00,1.604,4.34,1.0,<Residue VAL het=  resseq=60 icode= >,1s32_B_A,2.05
307,38.613,VAL, ,CG1,37.5,1000.00,17.802,2.02,1.0,<Residue VAL het=  resseq=60 icode= >,1s32_B_A,2.05
308,43.997,VAL, ,CG2,38.78,1000.00,4.993,2.42,1.0,<Residue VAL het=  resseq=60 icode= >,1s32_B_A,2.05
309,0.279,PHE, ,N,35.61,1000.00,0.0,4.62,1.0,<Residue PHE het=  resseq=61 icode= >,1s32_B_A,2.05
310,3.837,PHE, ,CA,35.7,1000.00,0.0,4.74,1.0,<Residue PHE het=  resseq=61 icode= >,1s32_B_A,2.05
311,0.0,PHE, ,C,36.71,1000.00,0.0,6.11,1.0,<Residue PHE het=  resseq=61 icode= >,1s32_B_A,2.05
312,0.03,PHE, ,O,34.47,1000.00,0.0,5.53,1.0,<Residue PHE het=  resseq=61 icode= >,1s32_B_A,2.05
313,6.047,PHE, ,CB,35.65,1000.00,5.606,3.50,1.0,<Residue PHE het=  resseq=61 icode= >,1s32_B_A,2.05
314,2.034,PHE, ,CG,34.1,1000.00,2.034,3.86,1.0,<Residue PHE het=  resseq=61 icode= >,1s32_B_A,2.05
315,25.53,PHE, ,CD1,32.98,1000.00,16.707,3.21,1.0,<Residue PHE het=  resseq=61 icode= >,1s32_B_A,2.05
316,3.076,PHE, ,CD2,34.47,1000.00,3.076,3.27,1.0,<Residue PHE het=  resseq=61 icode= >,1s32_B_A,2.05
317,9.446,PHE, ,CE1,34.55,1000.00,6.792,3.69,1.0,<Residue PHE het=  resseq=61 icode= >,1s32_B_A,2.05
318,21.316,PHE, ,CE2,36.53,1000.00,20.861,3.83,1.0,<Residue PHE het=  resseq=61 icode= >,1s32_B_A,2.05
319,11.68,PHE, ,CZ,31.64,1000.00,11.68,4.21,1.0,<Residue PHE het=  resseq=61 icode= >,1s32_B_A,2.05
320,0.0,LEU, ,N,36.03,18.10,0.0,4.73,1.0,<Residue LEU het=  resseq=62 icode= >,1s32_B_A,2.05
321,0.0,LEU, ,CA,36.33,16.78,0.0,4.30,1.0,<Residue LEU het=  resseq=62 icode= >,1s32_B_A,2.05
322,0.0,LEU, ,C,36.49,16.68,0.0,5.59,1.0,<Residue LEU het=  resseq=62 icode= >,1s32_B_A,2.05
323,0.0,LEU, ,O,36.3,16.01,0.0,4.26,1.0,<Residue LEU het=  resseq=62 icode= >,1s32_B_A,2.05
324,5.516,LEU, ,CB,35.73,16.01,5.516,3.18,1.0,<Residue LEU het=  resseq=62 icode= >,1s32_B_A,2.05
325,0.0,LEU, ,CG,36.57,15.20,0.0,3.78,1.0,<Residue LEU het=  resseq=62 icode= >,1s32_B_A,2.05
326,37.947,LEU, ,CD1,36.2,13.75,37.947,1.94,1.0,<Residue LEU het=  resseq=62 icode= >,1s32_B_A,2.05
327,34.228,LEU, ,CD2,36.51,15.21,34.228,2.70,1.0,<Residue LEU het=  resseq=62 icode= >,1s32_B_A,2.05
328,0.14,GLU, ,N,37.21,17.47,0.14,4.91,1.0,<Residue GLU het=  resseq=63 icode= >,1s32_B_A,2.05
329,6.16,GLU, ,CA,38.85,17.62,6.16,5.09,1.0,<Residue GLU het=  resseq=63 icode= >,1s32_B_A,2.05
330,0.0,GLU, ,C,39.55,18.04,0.0,5.51,1.0,<Residue GLU het=  resseq=63 icode= >,1s32_B_A,2.05
331,1.16,GLU, ,O,38.64,17.53,1.16,4.46,1.0,<Residue GLU het=  resseq=63 icode= >,1s32_B_A,2.05
332,4.281,GLU, ,CB,40.78,18.72,2.9,3.92,1.0,<Residue GLU het=  resseq=63 icode= >,1s32_B_A,2.05
333,20.19,GLU, ,CG,47.31,18.44,18.104,2.11,1.0,<Residue GLU het=  resseq=63 icode= >,1s32_B_A,2.05
334,6.393,GLU, ,CD,50.82,19.72,0.0,3.49,1.0,<Residue GLU het=  resseq=63 icode= >,1s32_B_A,2.05
335,17.823,GLU, ,OE1,53.0,20.82,0.0,2.82,1.0,<Residue GLU het=  resseq=63 icode= >,1s32_B_A,2.05
336,16.121,GLU, ,OE2,52.73,19.67,0.225,2.55,1.0,<Residue GLU het=  resseq=63 icode= >,1s32_B_A,2.05
337,0.0,ASN, ,N,38.63,1000.00,0.0,4.58,1.0,<Residue ASN het=  resseq=64 icode= >,1s32_B_A,2.05
338,0.251,ASN, ,CA,37.15,1000.00,0.0,4.51,1.0,<Residue ASN het=  resseq=64 icode= >,1s32_B_A,2.05
339,0.0,ASN, ,C,36.34,1000.00,0.0,5.99,1.0,<Residue ASN het=  resseq=64 icode= >,1s32_B_A,2.05
340,0.507,ASN, ,O,35.15,1000.00,0.0,4.64,1.0,<Residue ASN het=  resseq=64 icode= >,1s32_B_A,2.05
341,3.008,ASN, ,CB,39.75,1000.00,0.0,3.00,1.0,<Residue ASN het=  resseq=64 icode= >,1s32_B_A,2.05
342,5.24,ASN, ,CG,41.6,1000.00,0.0,5.00,1.0,<Residue ASN het=  resseq=64 icode= >,1s32_B_A,2.05
343,15.979,ASN, ,OD1,47.12,1000.00,0.0,2.62,1.0,<Residue ASN het=  resseq=64 icode= >,1s32_B_A,2.05
344,29.57,ASN, ,ND2,46.18,1000.00,0.0,1.85,1.0,<Residue ASN het=  resseq=64 icode= >,1s32_B_A,2.05
345,0.0,VAL, ,N,35.67,18.13,0.0,4.95,1.0,<Residue VAL het=  resseq=65 icode= >,1s32_B_A,2.05
346,0.0,VAL, ,CA,35.44,17.36,0.0,4.44,1.0,<Residue VAL het=  resseq=65 icode= >,1s32_B_A,2.05
347,0.0,VAL, ,C,35.38,16.11,0.0,5.89,1.0,<Residue VAL het=  resseq=65 icode= >,1s32_B_A,2.05
348,0.0,VAL, ,O,35.9,16.00,0.0,4.80,1.0,<Residue VAL het=  resseq=65 icode= >,1s32_B_A,2.05
349,0.558,VAL, ,CB,37.48,17.04,0.558,3.19,1.0,<Residue VAL het=  resseq=65 icode= >,1s32_B_A,2.05
350,7.804,VAL, ,CG1,35.05,16.45,7.804,2.75,1.0,<Residue VAL het=  resseq=65 icode= >,1s32_B_A,2.05
351,1.739,VAL, ,CG2,40.9,18.39,0.0,0.94,1.0,<Residue VAL het=  resseq=65 icode= >,1s32_B_A,2.05
352,0.0,ILE, ,N,34.95,15.30,0.0,4.67,1.0,<Residue ILE het=  resseq=66 icode= >,1s32_B_A,2.05
353,0.02,ILE, ,CA,35.78,14.12,0.02,3.95,1.0,<Residue ILE het=  resseq=66 icode= >,1s32_B_A,2.05
354,0.0,ILE, ,C,36.21,14.57,0.0,5.74,1.0,<Residue ILE het=  resseq=66 icode= >,1s32_B_A,2.05
355,0.0,ILE, ,O,35.25,14.03,0.0,5.30,1.0,<Residue ILE het=  resseq=66 icode= >,1s32_B_A,2.05
356,1.14,ILE, ,CB,35.62,13.38,1.14,4.03,1.0,<Residue ILE het=  resseq=66 icode= >,1s32_B_A,2.05
357,16.116,ILE, ,CG1,33.04,12.85,15.452,3.76,1.0,<Residue ILE het=  resseq=66 icode= >,1s32_B_A,2.05
358,32.044,ILE, ,CG2,37.0,12.33,31.383,1.96,1.0,<Residue ILE het=  resseq=66 icode= >,1s32_B_A,2.05
359,40.523,ILE, ,CD1,34.95,12.53,40.523,2.58,1.0,<Residue ILE het=  resseq=66 icode= >,1s32_B_A,2.05
360,0.592,ARG, ,N,36.58,15.70,0.592,5.21,1.0,<Residue ARG het=  resseq=67 icode= >,1s32_B_A,2.05
361,7.726,ARG, ,CA,37.63,16.37,7.726,5.09,1.0,<Residue ARG het=  resseq=67 icode= >,1s32_B_A,2.05
362,0.0,ARG, ,C,38.89,16.13,0.0,5.32,1.0,<Residue ARG het=  resseq=67 icode= >,1s32_B_A,2.05
363,0.955,ARG, ,O,39.83,15.37,0.074,4.15,1.0,<Residue ARG het=  resseq=67 icode= >,1s32_B_A,2.05
364,4.81,ARG, ,CB,38.87,17.76,4.81,3.73,1.0,<Residue ARG het=  resseq=67 icode= >,1s32_B_A,2.05
365,18.359,ARG, ,CG,44.38,18.34,7.633,2.83,1.0,<Residue ARG het=  resseq=67 icode= >,1s32_B_A,2.05
366,28.135,ARG, ,CD,50.58,19.84,0.0,1.86,1.0,<Residue ARG het=  resseq=67 icode= >,1s32_B_A,2.05
367,16.004,ARG, ,NE,56.81,20.24,6.341,1.07,1.0,<Residue ARG het=  resseq=67 icode= >,1s32_B_A,2.05
368,4.537,ARG, ,CZ,58.02,20.80,0.0,2.05,1.0,<Residue ARG het=  resseq=67 icode= >,1s32_B_A,2.05
369,19.098,ARG, ,NH1,55.67,21.25,0.0,1.81,1.0,<Residue ARG het=  resseq=67 icode= >,1s32_B_A,2.05
370,43.698,ARG, ,NH2,55.59,21.01,7.521,1.54,1.0,<Residue ARG het=  resseq=67 icode= >,1s32_B_A,2.05
371,0.0,ASP, ,N,36.48,16.71,0.0,4.25,1.0,<Residue ASP het=  resseq=68 icode= >,1s32_B_A,2.05
372,0.49,ASP, ,CA,35.7,16.47,0.49,4.36,1.0,<Residue ASP het=  resseq=68 icode= >,1s32_B_A,2.05
373,0.0,ASP, ,C,35.22,15.08,0.0,5.20,1.0,<Residue ASP het=  resseq=68 icode= >,1s32_B_A,2.05
374,0.275,ASP, ,O,33.41,14.53,0.275,4.89,1.0,<Residue ASP het=  resseq=68 icode= >,1s32_B_A,2.05
375,0.662,ASP, ,CB,37.69,17.58,0.662,2.88,1.0,<Residue ASP het=  resseq=68 icode= >,1s32_B_A,2.05
376,3.175,ASP, ,CG,40.01,18.92,3.175,4.79,1.0,<Residue ASP het=  resseq=68 icode= >,1s32_B_A,2.05
377,17.432,ASP, ,OD1,39.12,19.09,8.896,3.04,1.0,<Residue ASP het=  resseq=68 icode= >,1s32_B_A,2.05
378,0.0,ASP, ,OD2,39.16,19.89,0.0,3.35,1.0,<Residue ASP het=  resseq=68 icode= >,1s32_B_A,2.05
379,0.0,ALA, ,N,33.93,14.62,0.0,4.77,1.0,<Residue ALA het=  resseq=69 icode= >,1s32_B_A,2.05
380,0.0,ALA, ,CA,35.74,13.36,0.0,4.11,1.0,<Residue ALA het=  resseq=69 icode= >,1s32_B_A,2.05
381,0.0,ALA, ,C,35.3,12.22,0.0,5.26,1.0,<Residue ALA het=  resseq=69 icode= >,1s32_B_A,2.05
382,0.0,ALA, ,O,34.1,11.38,0.0,4.87,1.0,<Residue ALA het=  resseq=69 icode= >,1s32_B_A,2.05
383,1.489,ALA, ,CB,32.61,13.25,0.685,3.01,1.0,<Residue ALA het=  resseq=69 icode= >,1s32_B_A,2.05
384,0.0,VAL, ,N,35.75,12.37,0.0,4.53,1.0,<Residue VAL het=  resseq=70 icode= >,1s32_B_A,2.05
385,0.0,VAL, ,CA,36.42,11.54,0.0,4.56,1.0,<Residue VAL het=  resseq=70 icode= >,1s32_B_A,2.05
386,0.0,VAL, ,C,38.24,11.70,0.0,5.15,1.0,<Residue VAL het=  resseq=70 icode= >,1s32_B_A,2.05
387,0.0,VAL, ,O,40.29,10.82,0.0,3.52,1.0,<Residue VAL het=  resseq=70 icode= >,1s32_B_A,2.05
388,1.519,VAL, ,CB,36.71,12.12,1.468,3.60,1.0,<Residue VAL het=  resseq=70 icode= >,1s32_B_A,2.05
389,34.27,VAL, ,CG1,38.5,11.66,32.081,1.79,1.0,<Residue VAL het=  resseq=70 icode= >,1s32_B_A,2.05
390,19.94,VAL, ,CG2,37.69,11.93,19.903,2.01,1.0,<Residue VAL het=  resseq=70 icode= >,1s32_B_A,2.05
391,0.0,THR, ,N,37.11,12.93,0.0,5.04,1.0,<Residue THR het=  resseq=71 icode= >,1s32_B_A,2.05
392,0.575,THR, ,CA,36.11,13.38,0.0,4.85,1.0,<Residue THR het=  resseq=71 icode= >,1s32_B_A,2.05
393,0.003,THR, ,C,38.38,12.72,0.003,5.26,1.0,<Residue THR het=  resseq=71 icode= >,1s32_B_A,2.05
394,0.961,THR, ,O,35.5,12.55,0.046,5.34,1.0,<Residue THR het=  resseq=71 icode= >,1s32_B_A,2.05
395,2.809,THR, ,CB,38.54,14.90,2.791,4.32,1.0,<Residue THR het=  resseq=71 icode= >,1s32_B_A,2.05
396,17.568,THR, ,OG1,36.23,15.58,0.588,3.86,1.0,<Residue THR het=  resseq=71 icode= >,1s32_B_A,2.05
397,59.708,THR, ,CG2,36.98,15.50,42.965,2.39,1.0,<Residue THR het=  resseq=71 icode= >,1s32_B_A,2.05
398,0.0,TYR, ,N,36.42,12.53,0.0,4.75,1.0,<Residue TYR het=  resseq=72 icode= >,1s32_B_A,2.05
399,0.221,TYR, ,CA,37.82,12.07,0.221,3.91,1.0,<Residue TYR het=  resseq=72 icode= >,1s32_B_A,2.05
400,0.0,TYR, ,C,40.36,10.58,0.0,4.91,1.0,<Residue TYR het=  resseq=72 icode= >,1s32_B_A,2.05
401,2.928,TYR, ,O,38.08,10.24,1.612,4.33,1.0,<Residue TYR het=  resseq=72 icode= >,1s32_B_A,2.05
402,2.51,TYR, ,CB,35.91,11.91,0.0,2.66,1.0,<Residue TYR het=  resseq=72 icode= >,1s32_B_A,2.05
403,0.015,TYR, ,CG,35.75,13.00,0.015,3.41,1.0,<Residue TYR het=  resseq=72 icode= >,1s32_B_A,2.05
404,0.238,TYR, ,CD1,35.38,13.90,0.238,2.97,1.0,<Residue TYR het=  resseq=72 icode= >,1s32_B_A,2.05
405,17.854,TYR, ,CD2,35.21,13.29,16.444,3.19,1.0,<Residue TYR het=  resseq=72 icode= >,1s32_B_A,2.05
406,1.427,TYR, ,CE1,33.89,14.96,1.427,3.24,1.0,<Residue TYR het=  resseq=72 icode= >,1s32_B_A,2.05
407,30.885,TYR, ,CE2,34.32,14.40,30.269,3.91,1.0,<Residue TYR het=  resseq=72 icode= >,1s32_B_A,2.05
408,3.788,TYR, ,CZ,33.8,15.19,3.788,5.47,1.0,<Residue TYR het=  resseq=72 icode= >,1s32_B_A,2.05
409,20.487,TYR, ,OH,35.46,16.36,16.639,3.87,1.0,<Residue TYR het=  resseq=72 icode= >,1s32_B_A,2.05
410,0.0,THR, ,N,40.68,9.81,0.0,3.47,1.0,<Residue THR het=  resseq=73 icode= >,1s32_B_A,2.05
411,0.0,THR, ,CA,43.09,8.37,0.0,3.38,1.0,<Residue THR het=  resseq=73 icode= >,1s32_B_A,2.05
412,0.0,THR, ,C,45.38,8.28,0.0,4.65,1.0,<Residue THR het=  resseq=73 icode= >,1s32_B_A,2.05
413,0.0,THR, ,O,44.88,7.69,0.0,3.48,1.0,<Residue THR het=  resseq=73 icode= >,1s32_B_A,2.05
414,0.158,THR, ,CB,41.38,7.89,0.158,4.98,1.0,<Residue THR het=  resseq=73 icode= >,1s32_B_A,2.05
415,0.0,THR, ,OG1,39.44,8.38,0.0,3.78,1.0,<Residue THR het=  resseq=73 icode= >,1s32_B_A,2.05
416,6.549,THR, ,CG2,40.28,6.40,6.549,3.01,1.0,<Residue THR het=  resseq=73 icode= >,1s32_B_A,2.05
417,0.0,GLU, ,N,46.44,9.13,0.0,3.88,1.0,<Residue GLU het=  resseq=74 icode= >,1s32_B_A,2.05
418,3.451,GLU, ,CA,49.37,9.47,2.698,3.53,1.0,<Residue GLU het=  resseq=74 icode= >,1s32_B_A,2.05
419,0.964,GLU, ,C,50.15,9.82,0.269,3.86,1.0,<Residue GLU het=  resseq=74 icode= >,1s32_B_A,2.05
420,10.201,GLU, ,O,49.71,9.49,5.365,2.95,1.0,<Residue GLU het=  resseq=74 icode= >,1s32_B_A,2.05
421,16.148,GLU, ,CB,52.42,10.67,0.496,2.51,1.0,<Residue GLU het=  resseq=74 icode= >,1s32_B_A,2.05
422,14.135,GLU, ,CG,60.18,10.56,14.135,0.75,1.0,<Residue GLU het=  resseq=74 icode= >,1s32_B_A,2.05
423,9.619,GLU, ,CD,65.35,11.87,5.495,1.37,1.0,<Residue GLU het=  resseq=74 icode= >,1s32_B_A,2.05
424,40.785,GLU, ,OE1,69.27,12.04,12.915,0.37,1.0,<Residue GLU het=  resseq=74 icode= >,1s32_B_A,2.05
425,26.058,GLU, ,OE2,67.47,12.83,4.092,1.08,1.0,<Residue GLU het=  resseq=74 icode= >,1s32_B_A,2.05
426,0.499,HIS, ,N,48.08,10.62,0.0,3.25,1.0,<Residue HIS het=  resseq=75 icode= >,1s32_B_A,2.05
427,9.066,HIS, ,CA,47.35,10.04,6.141,3.29,1.0,<Residue HIS het=  resseq=75 icode= >,1s32_B_A,2.05
428,0.0,HIS, ,C,49.04,8.79,0.0,3.92,1.0,<Residue HIS het=  resseq=75 icode= >,1s32_B_A,2.05
429,10.397,HIS, ,O,48.44,7.67,7.197,2.71,1.0,<Residue HIS het=  resseq=75 icode= >,1s32_B_A,2.05
430,8.33,HIS, ,CB,43.44,10.48,8.149,3.10,1.0,<Residue HIS het=  resseq=75 icode= >,1s32_B_A,2.05
431,2.912,HIS, ,CG,41.15,9.39,2.912,5.24,1.0,<Residue HIS het=  resseq=75 icode= >,1s32_B_A,2.05
432,23.754,HIS, ,ND1,42.47,9.14,23.701,4.61,1.0,<Residue HIS het=  resseq=75 icode= >,1s32_B_A,2.05
433,25.618,HIS, ,CD2,41.61,8.66,24.968,3.74,1.0,<Residue HIS het=  resseq=75 icode= >,1s32_B_A,2.05
434,44.042,HIS, ,CE1,40.19,8.26,44.042,3.54,1.0,<Residue HIS het=  resseq=75 icode= >,1s32_B_A,2.05
435,30.603,HIS, ,NE2,41.71,7.91,25.729,4.08,1.0,<Residue HIS het=  resseq=75 icode= >,1s32_B_A,2.05
436,0.0,ALA, ,N,49.05,9.09,0.0,3.46,1.0,<Residue ALA het=  resseq=76 icode= >,1s32_B_A,2.05
437,8.38,ALA, ,CA,51.8,8.20,3.915,3.01,1.0,<Residue ALA het=  resseq=76 icode= >,1s32_B_A,2.05
438,1.202,ALA, ,C,52.91,7.07,0.0,3.42,1.0,<Residue ALA het=  resseq=76 icode= >,1s32_B_A,2.05
439,15.735,ALA, ,O,52.4,6.29,0.0,2.72,1.0,<Residue ALA het=  resseq=76 icode= >,1s32_B_A,2.05
440,21.764,ALA, ,CB,49.98,7.64,16.399,1.41,1.0,<Residue ALA het=  resseq=76 icode= >,1s32_B_A,2.05
441,0.0,LYS, ,N,52.86,7.23,0.0,3.16,1.0,<Residue LYS het=  resseq=77 icode= >,1s32_B_A,2.05
442,7.271,LYS, ,CA,55.8,6.57,0.717,2.71,1.0,<Residue LYS het=  resseq=77 icode= >,1s32_B_A,2.05
443,3.504,LYS, ,C,55.69,5.08,0.0,3.33,1.0,<Residue LYS het=  resseq=77 icode= >,1s32_B_A,2.05
444,25.466,LYS, ,O,55.39,4.39,2.999,2.67,1.0,<Residue LYS het=  resseq=77 icode= >,1s32_B_A,2.05
445,16.252,LYS, ,CB,57.26,7.03,0.0,1.79,1.0,<Residue LYS het=  resseq=77 icode= >,1s32_B_A,2.05
446,13.051,LYS, ,CG,61.53,7.03,3.626,1.52,1.0,<Residue LYS het=  resseq=77 icode= >,1s32_B_A,2.05
447,31.824,LYS, ,CD,66.25,5.84,0.072,0.76,1.0,<Residue LYS het=  resseq=77 icode= >,1s32_B_A,2.05
448,41.437,LYS, ,CE,69.16,5.66,18.658,0.37,1.0,<Residue LYS het=  resseq=77 icode= >,1s32_B_A,2.05
449,48.875,LYS, ,NZ,71.89,4.22,32.215,-0.06,1.0,<Residue LYS het=  resseq=77 icode= >,1s32_B_A,2.05
450,0.0,ARG, ,N,53.17,4.88,0.0,3.91,1.0,<Residue ARG het=  resseq=78 icode= >,1s32_B_A,2.05
451,5.281,ARG, ,CA,51.73,3.75,4.715,4.05,1.0,<Residue ARG het=  resseq=78 icode= >,1s32_B_A,2.05
452,0.596,ARG, ,C,51.98,3.87,0.0,4.32,1.0,<Residue ARG het=  resseq=78 icode= >,1s32_B_A,2.05
453,12.609,ARG, ,O,51.57,5.01,11.625,3.26,1.0,<Residue ARG het=  resseq=78 icode= >,1s32_B_A,2.05
454,2.078,ARG, ,CB,53.47,3.85,2.078,2.01,1.0,<Residue ARG het=  resseq=78 icode= >,1s32_B_A,2.05
455,15.269,ARG, ,CG,54.6,3.86,7.659,1.63,1.0,<Residue ARG het=  resseq=78 icode= >,1s32_B_A,2.05
456,24.014,ARG, ,CD,53.89,3.90,21.293,1.81,1.0,<Residue ARG het=  resseq=78 icode= >,1s32_B_A,2.05
457,11.684,ARG, ,NE,53.4,4.66,2.608,2.59,1.0,<Residue ARG het=  resseq=78 icode= >,1s32_B_A,2.05
458,0.124,ARG, ,CZ,54.12,5.61,0.0,3.64,1.0,<Residue ARG het=  resseq=78 icode= >,1s32_B_A,2.05
459,0.0,ARG, ,NH1,52.42,5.94,0.0,2.46,1.0,<Residue ARG het=  resseq=78 icode= >,1s32_B_A,2.05
460,20.495,ARG, ,NH2,50.15,6.20,0.971,2.51,1.0,<Residue ARG het=  resseq=78 icode= >,1s32_B_A,2.05
461,4.025,LYS, ,N,51.69,2.84,4.025,3.33,1.0,<Residue LYS het=  resseq=79 icode= >,1s32_B_A,2.05
462,7.252,LYS, ,CA,52.92,3.50,6.944,3.80,1.0,<Residue LYS het=  resseq=79 icode= >,1s32_B_A,2.05
463,1.125,LYS, ,C,51.22,3.50,1.125,4.90,1.0,<Residue LYS het=  resseq=79 icode= >,1s32_B_A,2.05
464,28.807,LYS, ,O,53.64,4.47,28.807,3.32,1.0,<Residue LYS het=  resseq=79 icode= >,1s32_B_A,2.05
465,20.037,LYS, ,CB,57.42,3.59,19.812,2.07,1.0,<Residue LYS het=  resseq=79 icode= >,1s32_B_A,2.05
466,22.285,LYS, ,CG,63.68,4.40,6.897,1.39,1.0,<Residue LYS het=  resseq=79 icode= >,1s32_B_A,2.05
467,31.969,LYS, ,CD,68.3,3.74,30.506,0.81,1.0,<Residue LYS het=  resseq=79 icode= >,1s32_B_A,2.05
468,45.457,LYS, ,CE,72.0,4.76,2.348,-0.09,1.0,<Residue LYS het=  resseq=79 icode= >,1s32_B_A,2.05
469,48.654,LYS, ,NZ,73.56,4.28,18.374,0.42,1.0,<Residue LYS het=  resseq=79 icode= >,1s32_B_A,2.05
470,0.0,THR, ,N,47.51,2.99,0.0,4.15,1.0,<Residue THR het=  resseq=80 icode= >,1s32_B_A,2.05
471,2.988,THR, ,CA,46.96,3.80,2.988,3.63,1.0,<Residue THR het=  resseq=80 icode= >,1s32_B_A,2.05
472,0.0,THR, ,C,44.52,4.90,0.0,4.35,1.0,<Residue THR het=  resseq=80 icode= >,1s32_B_A,2.05
473,0.0,THR, ,O,42.58,4.91,0.0,3.43,1.0,<Residue THR het=  resseq=80 icode= >,1s32_B_A,2.05
474,7.921,THR, ,CB,48.84,3.41,7.921,3.08,1.0,<Residue THR het=  resseq=80 icode= >,1s32_B_A,2.05
475,28.982,THR, ,OG1,53.57,2.65,26.926,1.87,1.0,<Residue THR het=  resseq=80 icode= >,1s32_B_A,2.05
476,50.45,THR, ,CG2,47.88,4.22,49.013,1.71,1.0,<Residue THR het=  resseq=80 icode= >,1s32_B_A,2.05
477,4.045,VAL, ,N,42.85,6.11,4.045,3.60,1.0,<Residue VAL het=  resseq=81 icode= >,1s32_B_A,2.05
478,0.0,VAL, ,CA,41.61,7.31,0.0,4.12,1.0,<Residue VAL het=  resseq=81 icode= >,1s32_B_A,2.05
479,0.0,VAL, ,C,41.02,7.32,0.0,5.17,1.0,<Residue VAL het=  resseq=81 icode= >,1s32_B_A,2.05
480,18.907,VAL, ,O,42.9,6.74,18.907,3.97,1.0,<Residue VAL het=  resseq=81 icode= >,1s32_B_A,2.05
481,10.066,VAL, ,CB,41.71,8.17,10.066,3.45,1.0,<Residue VAL het=  resseq=81 icode= >,1s32_B_A,2.05
482,11.304,VAL, ,CG1,40.13,9.41,10.655,1.88,1.0,<Residue VAL het=  resseq=81 icode= >,1s32_B_A,2.05
483,28.357,VAL, ,CG2,39.59,8.40,28.34,1.91,1.0,<Residue VAL het=  resseq=81 icode= >,1s32_B_A,2.05
484,0.0,THR, ,N,41.26,7.35,0.0,3.95,1.0,<Residue THR het=  resseq=82 icode= >,1s32_B_A,2.05
485,5.243,THR, ,CA,41.9,7.31,5.243,4.02,1.0,<Residue THR het=  resseq=82 icode= >,1s32_B_A,2.05
486,1.149,THR, ,C,42.52,8.13,1.149,5.48,1.0,<Residue THR het=  resseq=82 icode= >,1s32_B_A,2.05
487,0.0,THR, ,O,41.88,9.24,0.0,4.05,1.0,<Residue THR het=  resseq=82 icode= >,1s32_B_A,2.05
488,10.687,THR, ,CB,40.67,6.26,5.652,4.20,1.0,<Residue THR het=  resseq=82 icode= >,1s32_B_A,2.05
489,1.141,THR, ,OG1,43.99,6.89,0.0,3.63,1.0,<Residue THR het=  resseq=82 icode= >,1s32_B_A,2.05
490,30.017,THR, ,CG2,41.54,5.19,23.968,1.62,1.0,<Residue THR het=  resseq=82 icode= >,1s32_B_A,2.05
491,8.309,ALA, ,N,42.9,7.77,8.309,3.51,1.0,<Residue ALA het=  resseq=83 icode= >,1s32_B_A,2.05
492,7.516,ALA, ,CA,42.45,8.79,7.516,3.38,1.0,<Residue ALA het=  resseq=83 icode= >,1s32_B_A,2.05
493,0.0,ALA, ,C,42.28,9.75,0.0,4.27,1.0,<Residue ALA het=  resseq=83 icode= >,1s32_B_A,2.05
494,0.194,ALA, ,O,43.51,10.94,0.194,2.78,1.0,<Residue ALA het=  resseq=83 icode= >,1s32_B_A,2.05
495,37.543,ALA, ,CB,42.55,8.52,29.138,1.52,1.0,<Residue ALA het=  resseq=83 icode= >,1s32_B_A,2.05
496,0.302,MET, ,N,40.56,8.81,0.0,4.18,1.0,<Residue MET het=  resseq=84 icode= >,1s32_B_A,2.05
497,0.0,MET, ,CA,40.05,9.33,0.0,5.17,1.0,<Residue MET het=  resseq=84 icode= >,1s32_B_A,2.05
498,0.0,MET, ,C,40.1,10.17,0.0,4.81,1.0,<Residue MET het=  resseq=84 icode= >,1s32_B_A,2.05
499,0.0,MET, ,O,38.36,11.28,0.0,3.78,1.0,<Residue MET het=  resseq=84 icode= >,1s32_B_A,2.05
500,8.56,MET, ,CB,42.96,8.38,0.0,3.54,1.0,<Residue MET het=  resseq=84 icode= >,1s32_B_A,2.05
501,32.819,MET, ,CG,47.97,8.11,0.0,2.29,1.0,<Residue MET het=  resseq=84 icode= >,1s32_B_A,2.05
502,3.961,MET, ,SD,54.85,9.71,0.0,4.93,1.0,<Residue MET het=  resseq=84 icode= >,1s32_B_A,2.05
503,17.573,MET, ,CE,54.29,10.57,0.0,1.32,1.0,<Residue MET het=  resseq=84 icode= >,1s32_B_A,2.05
504,0.0,ASP, ,N,36.18,9.83,0.0,5.02,1.0,<Residue ASP het=  resseq=85 icode= >,1s32_B_A,2.05
505,0.0,ASP, ,CA,35.76,10.66,0.0,4.26,1.0,<Residue ASP het=  resseq=85 icode= >,1s32_B_A,2.05
506,0.0,ASP, ,C,36.18,12.10,0.0,4.96,1.0,<Residue ASP het=  resseq=85 icode= >,1s32_B_A,2.05
507,0.0,ASP, ,O,38.14,13.07,0.0,3.28,1.0,<Residue ASP het=  resseq=85 icode= >,1s32_B_A,2.05
508,0.0,ASP, ,CB,36.18,10.27,0.0,2.67,1.0,<Residue ASP het=  resseq=85 icode= >,1s32_B_A,2.05
509,0.0,ASP, ,CG,38.57,9.01,0.0,5.00,1.0,<Residue ASP het=  resseq=85 icode= >,1s32_B_A,2.05
510,2.439,ASP, ,OD1,37.37,8.64,0.0,4.38,1.0,<Residue ASP het=  resseq=85 icode= >,1s32_B_A,2.05
511,0.0,ASP, ,OD2,39.92,8.31,0.0,3.30,1.0,<Residue ASP het=  resseq=85 icode= >,1s32_B_A,2.05
512,0.0,VAL, ,N,33.64,12.14,0.0,4.94,1.0,<Residue VAL het=  resseq=86 icode= >,1s32_B_A,2.05
513,0.0,VAL, ,CA,34.46,13.25,0.0,4.21,1.0,<Residue VAL het=  resseq=86 icode= >,1s32_B_A,2.05
514,0.0,VAL, ,C,35.18,14.05,0.0,5.42,1.0,<Residue VAL het=  resseq=86 icode= >,1s32_B_A,2.05
515,0.0,VAL, ,O,36.96,15.22,0.0,4.44,1.0,<Residue VAL het=  resseq=86 icode= >,1s32_B_A,2.05
516,1.859,VAL, ,CB,33.77,12.46,1.859,3.97,1.0,<Residue VAL het=  resseq=86 icode= >,1s32_B_A,2.05
517,23.411,VAL, ,CG1,33.84,13.40,23.411,2.91,1.0,<Residue VAL het=  resseq=86 icode= >,1s32_B_A,2.05
518,26.768,VAL, ,CG2,36.33,11.73,26.768,1.53,1.0,<Residue VAL het=  resseq=86 icode= >,1s32_B_A,2.05
519,0.0,VAL, ,N,33.01,13.36,0.0,4.48,1.0,<Residue VAL het=  resseq=87 icode= >,1s32_B_A,2.05
520,0.0,VAL, ,CA,33.97,14.07,0.0,4.77,1.0,<Residue VAL het=  resseq=87 icode= >,1s32_B_A,2.05
521,0.0,VAL, ,C,33.54,14.73,0.0,6.23,1.0,<Residue VAL het=  resseq=87 icode= >,1s32_B_A,2.05
522,0.04,VAL, ,O,34.9,15.92,0.0,4.70,1.0,<Residue VAL het=  resseq=87 icode= >,1s32_B_A,2.05
523,0.0,VAL, ,CB,34.46,13.25,0.0,3.95,1.0,<Residue VAL het=  resseq=87 icode= >,1s32_B_A,2.05
524,0.277,VAL, ,CG1,36.62,14.15,0.0,2.19,1.0,<Residue VAL het=  resseq=87 icode= >,1s32_B_A,2.05
525,1.23,VAL, ,CG2,35.48,12.99,1.23,2.42,1.0,<Residue VAL het=  resseq=87 icode= >,1s32_B_A,2.05
526,0.0,TYR, ,N,33.72,14.06,0.0,5.29,1.0,<Residue TYR het=  resseq=88 icode= >,1s32_B_A,2.05
527,0.836,TYR, ,CA,33.17,14.79,0.836,4.87,1.0,<Residue TYR het=  resseq=88 icode= >,1s32_B_A,2.05
528,0.0,TYR, ,C,33.38,15.85,0.0,5.45,1.0,<Residue TYR het=  resseq=88 icode= >,1s32_B_A,2.05
529,1.902,TYR, ,O,34.52,16.91,0.654,4.08,1.0,<Residue TYR het=  resseq=88 icode= >,1s32_B_A,2.05
530,2.265,TYR, ,CB,35.77,13.76,2.254,3.16,1.0,<Residue TYR het=  resseq=88 icode= >,1s32_B_A,2.05
531,1.626,TYR, ,CG,39.44,12.84,1.626,3.81,1.0,<Residue TYR het=  resseq=88 icode= >,1s32_B_A,2.05
532,4.012,TYR, ,CD1,42.36,11.53,2.8,2.48,1.0,<Residue TYR het=  resseq=88 icode= >,1s32_B_A,2.05
533,7.288,TYR, ,CD2,40.67,13.40,7.288,3.57,1.0,<Residue TYR het=  resseq=88 icode= >,1s32_B_A,2.05
534,21.147,TYR, ,CE1,45.71,10.78,14.239,2.48,1.0,<Residue TYR het=  resseq=88 icode= >,1s32_B_A,2.05
535,19.627,TYR, ,CE2,44.57,12.70,11.746,2.96,1.0,<Residue TYR het=  resseq=88 icode= >,1s32_B_A,2.05
536,4.809,TYR, ,CZ,45.25,11.47,4.809,3.79,1.0,<Residue TYR het=  resseq=88 icode= >,1s32_B_A,2.05
537,30.343,TYR, ,OH,51.93,10.94,13.918,1.27,1.0,<Residue TYR het=  resseq=88 icode= >,1s32_B_A,2.05
538,0.0,ALA, ,N,30.64,15.64,0.0,5.00,1.0,<Residue ALA het=  resseq=89 icode= >,1s32_B_A,2.05
539,0.0,ALA, ,CA,33.9,16.73,0.0,4.09,1.0,<Residue ALA het=  resseq=89 icode= >,1s32_B_A,2.05
540,0.0,ALA, ,C,33.52,17.98,0.0,5.71,1.0,<Residue ALA het=  resseq=89 icode= >,1s32_B_A,2.05
541,0.0,ALA, ,O,32.6,19.08,0.0,6.20,1.0,<Residue ALA het=  resseq=89 icode= >,1s32_B_A,2.05
542,0.0,ALA, ,CB,31.8,16.40,0.0,2.70,1.0,<Residue ALA het=  resseq=89 icode= >,1s32_B_A,2.05
543,0.0,LEU, ,N,33.18,17.72,0.0,4.45,1.0,<Residue LEU het=  resseq=90 icode= >,1s32_B_A,2.05
544,0.0,LEU, ,CA,33.05,18.80,0.0,4.81,1.0,<Residue LEU het=  resseq=90 icode= >,1s32_B_A,2.05
545,0.0,LEU, ,C,33.51,19.47,0.0,6.15,1.0,<Residue LEU het=  resseq=90 icode= >,1s32_B_A,2.05
546,0.0,LEU, ,O,34.8,20.70,0.0,4.48,1.0,<Residue LEU het=  resseq=90 icode= >,1s32_B_A,2.05
547,0.0,LEU, ,CB,31.9,18.27,0.0,3.68,1.0,<Residue LEU het=  resseq=90 icode= >,1s32_B_A,2.05
548,0.0,LEU, ,CG,33.6,17.38,0.0,3.82,1.0,<Residue LEU het=  resseq=90 icode= >,1s32_B_A,2.05
549,9.813,LEU, ,CD1,30.63,16.37,9.813,3.13,1.0,<Residue LEU het=  resseq=90 icode= >,1s32_B_A,2.05
550,8.086,LEU, ,CD2,29.72,18.32,8.058,3.16,1.0,<Residue LEU het=  resseq=90 icode= >,1s32_B_A,2.05
551,0.0,LYS, ,N,34.26,18.74,0.0,4.90,1.0,<Residue LYS het=  resseq=91 icode= >,1s32_B_A,2.05
552,0.0,LYS, ,CA,35.38,19.47,0.0,5.29,1.0,<Residue LYS het=  resseq=91 icode= >,1s32_B_A,2.05
553,0.0,LYS, ,C,37.24,20.43,0.0,5.82,1.0,<Residue LYS het=  resseq=91 icode= >,1s32_B_A,2.05
554,8.976,LYS, ,O,33.79,21.59,0.0,4.88,1.0,<Residue LYS het=  resseq=91 icode= >,1s32_B_A,2.05
555,0.557,LYS, ,CB,39.58,18.60,0.194,3.53,1.0,<Residue LYS het=  resseq=91 icode= >,1s32_B_A,2.05
556,17.974,LYS, ,CG,44.19,19.46,1.057,2.68,1.0,<Residue LYS het=  resseq=91 icode= >,1s32_B_A,2.05
557,20.35,LYS, ,CD,52.16,19.12,5.833,1.71,1.0,<Residue LYS het=  resseq=91 icode= >,1s32_B_A,2.05
558,14.239,LYS, ,CE,56.59,17.78,9.924,1.36,1.0,<Residue LYS het=  resseq=91 icode= >,1s32_B_A,2.05
559,42.443,LYS, ,NZ,58.57,17.78,31.132,0.81,1.0,<Residue LYS het=  resseq=91 icode= >,1s32_B_A,2.05
560,0.0,ARG, ,N,35.26,1000.00,0.0,4.95,1.0,<Residue ARG het=  resseq=92 icode= >,1s32_B_A,2.05
561,9.924,ARG, ,CA,36.97,1000.00,0.0,4.47,1.0,<Residue ARG het=  resseq=92 icode= >,1s32_B_A,2.05
562,0.329,ARG, ,C,37.59,1000.00,0.0,5.96,1.0,<Residue ARG het=  resseq=92 icode= >,1s32_B_A,2.05
563,23.482,ARG, ,O,37.86,1000.00,0.0,4.09,1.0,<Residue ARG het=  resseq=92 icode= >,1s32_B_A,2.05
564,16.647,ARG, ,CB,37.07,1000.00,6.795,3.36,1.0,<Residue ARG het=  resseq=92 icode= >,1s32_B_A,2.05
565,0.0,ARG, ,CG,36.73,1000.00,0.0,3.25,1.0,<Residue ARG het=  resseq=92 icode= >,1s32_B_A,2.05
566,4.251,ARG, ,CD,36.67,1000.00,4.251,2.90,1.0,<Residue ARG het=  resseq=92 icode= >,1s32_B_A,2.05
567,13.398,ARG, ,NE,34.59,1000.00,13.398,4.43,1.0,<Residue ARG het=  resseq=92 icode= >,1s32_B_A,2.05
568,4.977,ARG, ,CZ,38.65,1000.00,4.977,5.18,1.0,<Residue ARG het=  resseq=92 icode= >,1s32_B_A,2.05
569,16.648,ARG, ,NH1,36.13,1000.00,8.387,3.11,1.0,<Residue ARG het=  resseq=92 icode= >,1s32_B_A,2.05
570,56.948,ARG, ,NH2,40.13,1000.00,33.333,2.84,1.0,<Residue ARG het=  resseq=92 icode= >,1s32_B_A,2.05
571,0.0,GLN,x,N,37.75,1000.00,0.0,4.41,0.5,<Residue GLN het=  resseq=93 icode= >,1s32_B_A,2.05
572,4.809,GLN,x,CA,38.35,1000.00,0.0,4.36,0.5,<Residue GLN het=  resseq=93 icode= >,1s32_B_A,2.05
573,3.987,GLN,x,C,37.4,1000.00,0.0,5.80,0.5,<Residue GLN het=  resseq=93 icode= >,1s32_B_A,2.05
574,18.695,GLN,x,O,36.0,1000.00,0.0,4.97,0.5,<Residue GLN het=  resseq=93 icode= >,1s32_B_A,2.05
575,1.387,GLN,x,CB,39.97,1000.00,0.0,3.17,0.5,<Residue GLN het=  resseq=93 icode= >,1s32_B_A,2.05
576,0.0,GLN,x,CG,42.74,1000.00,0.0,2.66,0.5,<Residue GLN het=  resseq=93 icode= >,1s32_B_A,2.05
577,1.45,GLN,x,CD,41.62,1000.00,0.0,2.99,0.5,<Residue GLN het=  resseq=93 icode= >,1s32_B_A,2.05
578,19.796,GLN,x,OE1,43.12,1000.00,0.0,1.51,0.5,<Residue GLN het=  resseq=93 icode= >,1s32_B_A,2.05
579,19.926,GLN,x,NE2,41.53,1000.00,0.0,1.23,0.5,<Residue GLN het=  resseq=93 icode= >,1s32_B_A,2.05
580,1.175,GLY, ,N,38.0,1000.00,0.0,4.25,1.0,<Residue GLY het=  resseq=94 icode= >,1s32_B_A,2.05
581,35.524,GLY, ,CA,37.66,1000.00,3.659,3.44,1.0,<Residue GLY het=  resseq=94 icode= >,1s32_B_A,2.05
582,1.811,GLY, ,C,38.38,1000.00,1.283,5.09,1.0,<Residue GLY het=  resseq=94 icode= >,1s32_B_A,2.05
583,29.068,GLY, ,O,38.78,1000.00,18.306,3.93,1.0,<Residue GLY het=  resseq=94 icode= >,1s32_B_A,2.05
584,0.0,ARG,x,N,36.81,1000.00,0.0,4.95,0.5,<Residue ARG het=  resseq=95 icode= >,1s32_B_A,2.05
585,5.8,ARG,x,CA,34.92,1000.00,3.406,4.80,0.5,<Residue ARG het=  resseq=95 icode= >,1s32_B_A,2.05
586,1.593,ARG,x,C,35.12,1000.00,1.518,5.91,0.5,<Residue ARG het=  resseq=95 icode= >,1s32_B_A,2.05
587,4.532,ARG,x,O,35.6,1000.00,3.827,4.36,0.5,<Residue ARG het=  resseq=95 icode= >,1s32_B_A,2.05
588,2.209,ARG,x,CB,33.82,1000.00,1.536,3.79,0.5,<Residue ARG het=  resseq=95 icode= >,1s32_B_A,2.05
589,1.872,ARG,x,CG,33.74,1000.00,0.0,2.46,0.5,<Residue ARG het=  resseq=95 icode= >,1s32_B_A,2.05
590,16.465,ARG,x,CD,29.63,1000.00,2.168,3.70,0.5,<Residue ARG het=  resseq=95 icode= >,1s32_B_A,2.05
591,2.106,ARG,x,NE,31.14,1000.00,1.239,2.45,0.5,<Residue ARG het=  resseq=95 icode= >,1s32_B_A,2.05
592,4.594,ARG,x,CZ,31.07,1000.00,1.745,2.46,0.5,<Residue ARG het=  resseq=95 icode= >,1s32_B_A,2.05
593,49.634,ARG,x,NH1,32.12,1000.00,22.768,1.58,0.5,<Residue ARG het=  resseq=95 icode= >,1s32_B_A,2.05
594,58.62,ARG,x,NH2,27.44,1000.00,44.711,1.58,0.5,<Residue ARG het=  resseq=95 icode= >,1s32_B_A,2.05
595,3.328,THR, ,N,36.02,1000.00,3.328,4.88,1.0,<Residue THR het=  resseq=96 icode= >,1s32_B_A,2.05
596,0.041,THR, ,CA,34.12,1000.00,0.0,5.75,1.0,<Residue THR het=  resseq=96 icode= >,1s32_B_A,2.05
597,0.0,THR, ,C,35.91,1000.00,0.0,5.45,1.0,<Residue THR het=  resseq=96 icode= >,1s32_B_A,2.05
598,25.596,THR, ,O,32.6,1000.00,25.596,4.47,1.0,<Residue THR het=  resseq=96 icode= >,1s32_B_A,2.05
599,15.946,THR, ,CB,35.0,1000.00,15.237,5.27,1.0,<Residue THR het=  resseq=96 icode= >,1s32_B_A,2.05
600,17.054,THR, ,OG1,37.96,1000.00,1.991,3.68,1.0,<Residue THR het=  resseq=96 icode= >,1s32_B_A,2.05
601,13.886,THR, ,CG2,36.21,1000.00,13.663,2.54,1.0,<Residue THR het=  resseq=96 icode= >,1s32_B_A,2.05
602,0.104,LEU, ,N,33.16,19.24,0.0,5.37,1.0,<Residue LEU het=  resseq=97 icode= >,1s32_B_A,2.05
603,0.853,LEU, ,CA,35.38,18.42,0.853,4.18,1.0,<Residue LEU het=  resseq=97 icode= >,1s32_B_A,2.05
604,0.0,LEU, ,C,36.82,18.02,0.0,4.98,1.0,<Residue LEU het=  resseq=97 icode= >,1s32_B_A,2.05
605,0.0,LEU, ,O,36.61,17.57,0.0,4.51,1.0,<Residue LEU het=  resseq=97 icode= >,1s32_B_A,2.05
606,1.717,LEU, ,CB,34.84,17.23,1.71,3.13,1.0,<Residue LEU het=  resseq=97 icode= >,1s32_B_A,2.05
607,0.0,LEU, ,CG,36.8,16.26,0.0,4.12,1.0,<Residue LEU het=  resseq=97 icode= >,1s32_B_A,2.05
608,47.112,LEU, ,CD1,32.61,17.09,47.112,2.70,1.0,<Residue LEU het=  resseq=97 icode= >,1s32_B_A,2.05
609,19.371,LEU, ,CD2,35.85,15.08,19.371,2.78,1.0,<Residue LEU het=  resseq=97 icode= >,1s32_B_A,2.05
610,4.448,TYR, ,N,37.11,16.78,4.448,4.10,1.0,<Residue TYR het=  resseq=98 icode= >,1s32_B_A,2.05
611,0.673,TYR, ,CA,38.85,15.69,0.673,4.47,1.0,<Residue TYR het=  resseq=98 icode= >,1s32_B_A,2.05
612,0.563,TYR, ,C,40.09,14.40,0.563,5.64,1.0,<Residue TYR het=  resseq=98 icode= >,1s32_B_A,2.05
613,13.903,TYR, ,O,39.96,14.26,13.903,4.19,1.0,<Residue TYR het=  resseq=98 icode= >,1s32_B_A,2.05
614,23.611,TYR, ,CB,37.39,15.51,23.611,3.25,1.0,<Residue TYR het=  resseq=98 icode= >,1s32_B_A,2.05
615,4.629,TYR, ,CG,35.59,16.60,4.629,4.86,1.0,<Residue TYR het=  resseq=98 icode= >,1s32_B_A,2.05
616,4.362,TYR, ,CD1,35.27,17.63,4.362,4.24,1.0,<Residue TYR het=  resseq=98 icode= >,1s32_B_A,2.05
617,29.2,TYR, ,CD2,34.45,16.73,28.607,3.93,1.0,<Residue TYR het=  resseq=98 icode= >,1s32_B_A,2.05
618,13.007,TYR, ,CE1,33.75,18.71,13.007,4.46,1.0,<Residue TYR het=  resseq=98 icode= >,1s32_B_A,2.05
619,34.958,TYR, ,CE2,33.59,17.85,34.198,3.85,1.0,<Residue TYR het=  resseq=98 icode= >,1s32_B_A,2.05
620,10.301,TYR, ,CZ,35.58,18.80,10.301,5.58,1.0,<Residue TYR het=  resseq=98 icode= >,1s32_B_A,2.05
621,43.103,TYR, ,OH,35.7,19.95,43.103,4.18,1.0,<Residue TYR het=  resseq=98 icode= >,1s32_B_A,2.05
622,8.307,GLY, ,N,42.74,13.56,8.307,4.20,1.0,<Residue GLY het=  resseq=99 icode= >,1s32_B_A,2.05
623,34.989,GLY, ,CA,45.4,12.32,32.882,2.93,1.0,<Residue GLY het=  resseq=99 icode= >,1s32_B_A,2.05
624,3.502,GLY, ,C,48.56,12.41,3.502,4.46,1.0,<Residue GLY het=  resseq=99 icode= >,1s32_B_A,2.05
625,24.569,GLY, ,O,48.2,11.52,8.353,3.45,1.0,<Residue GLY het=  resseq=99 icode= >,1s32_B_A,2.05
626,0.0,PHE, ,N,49.78,13.59,0.0,3.69,1.0,<Residue PHE het=  resseq=100 icode= >,1s32_B_A,2.05
627,5.729,PHE, ,CA,52.58,12.54,0.592,4.20,1.0,<Residue PHE het=  resseq=100 icode= >,1s32_B_A,2.05
628,4.679,PHE, ,C,56.69,12.11,0.0,4.47,1.0,<Residue PHE het=  resseq=100 icode= >,1s32_B_A,2.05
629,5.293,PHE, ,O,56.07,11.09,0.0,2.99,1.0,<Residue PHE het=  resseq=100 icode= >,1s32_B_A,2.05
630,1.089,PHE, ,CB,49.9,12.09,1.089,3.15,1.0,<Residue PHE het=  resseq=100 icode= >,1s32_B_A,2.05
631,1.457,PHE, ,CG,49.74,11.77,1.457,3.38,1.0,<Residue PHE het=  resseq=100 icode= >,1s32_B_A,2.05
632,0.096,PHE, ,CD1,46.92,12.87,0.096,2.97,1.0,<Residue PHE het=  resseq=100 icode= >,1s32_B_A,2.05
633,16.133,PHE, ,CD2,50.73,10.51,10.835,1.87,1.0,<Residue PHE het=  resseq=100 icode= >,1s32_B_A,2.05
634,19.769,PHE, ,CE1,46.98,12.82,19.453,3.54,1.0,<Residue PHE het=  resseq=100 icode= >,1s32_B_A,2.05
635,35.743,PHE, ,CE2,51.14,10.44,18.77,2.14,1.0,<Residue PHE het=  resseq=100 icode= >,1s32_B_A,2.05
636,35.463,PHE, ,CZ,50.84,11.66,18.007,2.57,1.0,<Residue PHE het=  resseq=100 icode= >,1s32_B_A,2.05
637,8.925,GLY, ,N,61.72,12.50,7.735,2.99,1.0,<Residue GLY het=  resseq=101 icode= >,1s32_B_A,2.05
638,25.136,GLY, ,CA,69.01,11.76,1.697,2.49,1.0,<Residue GLY het=  resseq=101 icode= >,1s32_B_A,2.05
639,4.538,GLY, ,C,74.74,12.66,3.995,1.64,1.0,<Residue GLY het=  resseq=101 icode= >,1s32_B_A,2.05
640,25.042,GLY, ,O,76.54,12.45,14.216,0.81,1.0,<Residue GLY het=  resseq=101 icode= >,1s32_B_A,2.05
641,1.706,GLY, ,N,77.69,13.71,1.706,1.63,1.0,<Residue GLY het=  resseq=102 icode= >,1s32_B_A,2.05
642,29.611,GLY, ,CA,81.99,14.42,22.716,0.86,1.0,<Residue GLY het=  resseq=102 icode= >,1s32_B_A,2.05
643,6.124,GLY, ,C,84.42,15.72,1.812,0.66,1.0,<Residue GLY het=  resseq=102 icode= >,1s32_B_A,2.05
644,7.153,GLY, ,O,85.5,16.16,7.092,0.21,1.0,<Residue GLY het=  resseq=102 icode= >,1s32_B_A,2.05
645,2.302,GLY, ,OXT,87.29,15.51,0.0,-0.56,1.0,<Residue GLY het=  resseq=102 icode= >,1s32_B_A,2.05
