,ASA,aa,altloc,atom,bfac,dens,occ,residue,id,resolu
0,41.169,GLN, ,N,56.72,1.05,1.0,<Residue GLN het=  resseq=5 icode= >,1sd4_A_A,2.0
1,15.719,GLN, ,CA,56.39,1.81,1.0,<Residue GLN het=  resseq=5 icode= >,1sd4_A_A,2.0
2,0.189,GLN, ,C,54.82,2.02,1.0,<Residue GLN het=  resseq=5 icode= >,1sd4_A_A,2.0
3,3.331,GLN, ,O,55.62,1.25,1.0,<Residue GLN het=  resseq=5 icode= >,1sd4_A_A,2.0
4,21.999,GLN, ,CB,57.24,1.28,1.0,<Residue GLN het=  resseq=5 icode= >,1sd4_A_A,2.0
5,19.506,GLN, ,CG,61.31,1.20,1.0,<Residue GLN het=  resseq=5 icode= >,1sd4_A_A,2.0
6,7.548,GLN, ,CD,67.13,1.20,1.0,<Residue GLN het=  resseq=5 icode= >,1sd4_A_A,2.0
7,35.647,GLN, ,OE1,70.2,0.63,1.0,<Residue GLN het=  resseq=5 icode= >,1sd4_A_A,2.0
8,51.195,GLN, ,NE2,68.54,0.81,1.0,<Residue GLN het=  resseq=5 icode= >,1sd4_A_A,2.0
9,9.073,VAL, ,N,52.28,1.25,1.0,<Residue VAL het=  resseq=6 icode= >,1sd4_A_A,2.0
10,5.654,VAL, ,CA,49.36,1.67,1.0,<Residue VAL het=  resseq=6 icode= >,1sd4_A_A,2.0
11,0.0,VAL, ,C,46.73,3.37,1.0,<Residue VAL het=  resseq=6 icode= >,1sd4_A_A,2.0
12,0.0,VAL, ,O,45.46,2.59,1.0,<Residue VAL het=  resseq=6 icode= >,1sd4_A_A,2.0
13,4.522,VAL, ,CB,49.52,2.06,1.0,<Residue VAL het=  resseq=6 icode= >,1sd4_A_A,2.0
14,2.263,VAL, ,CG1,48.86,1.37,1.0,<Residue VAL het=  resseq=6 icode= >,1sd4_A_A,2.0
15,27.963,VAL, ,CG2,50.61,0.27,1.0,<Residue VAL het=  resseq=6 icode= >,1sd4_A_A,2.0
16,3.865,GLU, ,N,44.09,2.14,1.0,<Residue GLU het=  resseq=7 icode= >,1sd4_A_A,2.0
17,1.359,GLU, ,CA,41.41,2.44,1.0,<Residue GLU het=  resseq=7 icode= >,1sd4_A_A,2.0
18,0.381,GLU, ,C,38.41,2.86,1.0,<Residue GLU het=  resseq=7 icode= >,1sd4_A_A,2.0
19,4.428,GLU, ,O,36.96,2.61,1.0,<Residue GLU het=  resseq=7 icode= >,1sd4_A_A,2.0
20,20.328,GLU, ,CB,42.96,2.06,1.0,<Residue GLU het=  resseq=7 icode= >,1sd4_A_A,2.0
21,16.458,GLU, ,CG,49.37,1.15,1.0,<Residue GLU het=  resseq=7 icode= >,1sd4_A_A,2.0
22,12.92,GLU, ,CD,57.74,1.65,1.0,<Residue GLU het=  resseq=7 icode= >,1sd4_A_A,2.0
23,38.363,GLU, ,OE1,61.76,0.87,1.0,<Residue GLU het=  resseq=7 icode= >,1sd4_A_A,2.0
24,37.348,GLU, ,OE2,62.6,0.61,1.0,<Residue GLU het=  resseq=7 icode= >,1sd4_A_A,2.0
25,1.064,ILE, ,N,33.42,3.38,1.0,<Residue ILE het=  resseq=8 icode= >,1sd4_A_A,2.0
26,0.0,ILE, ,CA,31.2,2.70,1.0,<Residue ILE het=  resseq=8 icode= >,1sd4_A_A,2.0
27,1.196,ILE, ,C,30.25,4.04,1.0,<Residue ILE het=  resseq=8 icode= >,1sd4_A_A,2.0
28,6.134,ILE, ,O,30.42,3.04,1.0,<Residue ILE het=  resseq=8 icode= >,1sd4_A_A,2.0
29,0.0,ILE, ,CB,30.59,2.25,1.0,<Residue ILE het=  resseq=8 icode= >,1sd4_A_A,2.0
30,0.0,ILE, ,CG1,29.26,2.26,1.0,<Residue ILE het=  resseq=8 icode= >,1sd4_A_A,2.0
31,0.0,ILE, ,CG2,29.37,2.12,1.0,<Residue ILE het=  resseq=8 icode= >,1sd4_A_A,2.0
32,0.0,ILE, ,CD1,27.19,1.69,1.0,<Residue ILE het=  resseq=8 icode= >,1sd4_A_A,2.0
33,1.972,SER, ,N,29.72,3.30,1.0,<Residue SER het=  resseq=9 icode= >,1sd4_A_A,2.0
34,11.345,SER, ,CA,28.45,2.88,1.0,<Residue SER het=  resseq=9 icode= >,1sd4_A_A,2.0
35,0.0,SER, ,C,27.99,4.07,1.0,<Residue SER het=  resseq=9 icode= >,1sd4_A_A,2.0
36,0.0,SER, ,O,26.38,3.90,1.0,<Residue SER het=  resseq=9 icode= >,1sd4_A_A,2.0
37,33.654,SER, ,CB,28.06,2.92,1.0,<Residue SER het=  resseq=9 icode= >,1sd4_A_A,2.0
38,0.0,SER, ,OG,25.95,3.80,1.0,<Residue SER het=  resseq=9 icode= >,1sd4_A_A,2.0
39,6.201,MET, ,N,26.58,3.56,1.0,<Residue MET het=  resseq=10 icode= >,1sd4_A_A,2.0
40,0.0,MET, ,CA,27.84,2.45,1.0,<Residue MET het=  resseq=10 icode= >,1sd4_A_A,2.0
41,1.614,MET, ,C,26.8,3.88,1.0,<Residue MET het=  resseq=10 icode= >,1sd4_A_A,2.0
42,3.672,MET, ,O,25.36,4.23,1.0,<Residue MET het=  resseq=10 icode= >,1sd4_A_A,2.0
43,29.081,MET, ,CB,29.6,2.21,1.0,<Residue MET het=  resseq=10 icode= >,1sd4_A_A,2.0
44,37.564,MET, ,CG,36.47,1.90,1.0,<Residue MET het=  resseq=10 icode= >,1sd4_A_A,2.0
45,45.182,MET, ,S,42.24,10.21,1.0,<Residue MET het=  resseq=10 icode= >,1sd4_A_A,2.0
46,8.021,MET, ,CE,47.83,0.05,1.0,<Residue MET het=  resseq=10 icode= >,1sd4_A_A,2.0
47,3.054,ALA, ,N,24.34,3.77,1.0,<Residue ALA het=  resseq=11 icode= >,1sd4_A_A,2.0
48,6.008,ALA, ,CA,23.97,3.19,1.0,<Residue ALA het=  resseq=11 icode= >,1sd4_A_A,2.0
49,0.0,ALA, ,C,24.52,3.85,1.0,<Residue ALA het=  resseq=11 icode= >,1sd4_A_A,2.0
50,0.589,ALA, ,O,24.59,3.13,1.0,<Residue ALA het=  resseq=11 icode= >,1sd4_A_A,2.0
51,40.57,ALA, ,CB,24.3,2.47,1.0,<Residue ALA het=  resseq=11 icode= >,1sd4_A_A,2.0
52,0.0,GLU, ,N,23.21,3.72,1.0,<Residue GLU het=  resseq=12 icode= >,1sd4_A_A,2.0
53,0.0,GLU, ,CA,23.95,3.15,1.0,<Residue GLU het=  resseq=12 icode= >,1sd4_A_A,2.0
54,0.0,GLU, ,C,22.98,4.81,1.0,<Residue GLU het=  resseq=12 icode= >,1sd4_A_A,2.0
55,0.0,GLU, ,O,22.8,3.98,1.0,<Residue GLU het=  resseq=12 icode= >,1sd4_A_A,2.0
56,0.0,GLU, ,CB,22.63,3.53,1.0,<Residue GLU het=  resseq=12 icode= >,1sd4_A_A,2.0
57,0.0,GLU, ,CG,25.11,2.71,1.0,<Residue GLU het=  resseq=12 icode= >,1sd4_A_A,2.0
58,0.434,GLU, ,CD,29.99,3.74,1.0,<Residue GLU het=  resseq=12 icode= >,1sd4_A_A,2.0
59,2.031,GLU, ,OE1,25.01,3.62,1.0,<Residue GLU het=  resseq=12 icode= >,1sd4_A_A,2.0
60,0.0,GLU, ,OE2,33.83,2.23,1.0,<Residue GLU het=  resseq=12 icode= >,1sd4_A_A,2.0
61,0.0,TRP, ,N,22.23,4.94,1.0,<Residue TRP het=  resseq=13 icode= >,1sd4_A_A,2.0
62,0.0,TRP, ,CA,23.04,2.98,1.0,<Residue TRP het=  resseq=13 icode= >,1sd4_A_A,2.0
63,0.059,TRP, ,C,23.15,4.16,1.0,<Residue TRP het=  resseq=13 icode= >,1sd4_A_A,2.0
64,0.0,TRP, ,O,22.92,3.75,1.0,<Residue TRP het=  resseq=13 icode= >,1sd4_A_A,2.0
65,5.238,TRP, ,CB,22.53,2.42,1.0,<Residue TRP het=  resseq=13 icode= >,1sd4_A_A,2.0
66,0.771,TRP, ,CG,21.85,2.85,1.0,<Residue TRP het=  resseq=13 icode= >,1sd4_A_A,2.0
67,7.673,TRP, ,CD1,24.36,2.21,1.0,<Residue TRP het=  resseq=13 icode= >,1sd4_A_A,2.0
68,0.448,TRP, ,CD2,21.32,3.57,1.0,<Residue TRP het=  resseq=13 icode= >,1sd4_A_A,2.0
69,8.9,TRP, ,NE1,22.21,2.75,1.0,<Residue TRP het=  resseq=13 icode= >,1sd4_A_A,2.0
70,3.413,TRP, ,CE2,23.79,3.06,1.0,<Residue TRP het=  resseq=13 icode= >,1sd4_A_A,2.0
71,0.1,TRP, ,CE3,21.39,3.43,1.0,<Residue TRP het=  resseq=13 icode= >,1sd4_A_A,2.0
72,2.512,TRP, ,CZ2,27.94,1.75,1.0,<Residue TRP het=  resseq=13 icode= >,1sd4_A_A,2.0
73,0.069,TRP, ,CZ3,24.98,2.62,1.0,<Residue TRP het=  resseq=13 icode= >,1sd4_A_A,2.0
74,0.927,TRP, ,CH2,24.68,2.51,1.0,<Residue TRP het=  resseq=13 icode= >,1sd4_A_A,2.0
75,0.0,ASP, ,N,22.51,3.59,1.0,<Residue ASP het=  resseq=14 icode= >,1sd4_A_A,2.0
76,2.411,ASP, ,CA,22.57,2.89,1.0,<Residue ASP het=  resseq=14 icode= >,1sd4_A_A,2.0
77,0.0,ASP, ,C,21.6,4.35,1.0,<Residue ASP het=  resseq=14 icode= >,1sd4_A_A,2.0
78,0.808,ASP, ,O,21.14,4.27,1.0,<Residue ASP het=  resseq=14 icode= >,1sd4_A_A,2.0
79,3.47,ASP, ,CB,21.12,2.85,1.0,<Residue ASP het=  resseq=14 icode= >,1sd4_A_A,2.0
80,1.64,ASP, ,CG,27.32,3.83,1.0,<Residue ASP het=  resseq=14 icode= >,1sd4_A_A,2.0
81,30.682,ASP, ,OD1,27.56,3.43,1.0,<Residue ASP het=  resseq=14 icode= >,1sd4_A_A,2.0
82,15.12,ASP, ,OD2,30.59,2.47,1.0,<Residue ASP het=  resseq=14 icode= >,1sd4_A_A,2.0
83,0.0,VAL, ,N,20.79,4.09,1.0,<Residue VAL het=  resseq=15 icode= >,1sd4_A_A,2.0
84,0.0,VAL, ,CA,20.43,4.11,1.0,<Residue VAL het=  resseq=15 icode= >,1sd4_A_A,2.0
85,0.0,VAL, ,C,21.81,4.36,1.0,<Residue VAL het=  resseq=15 icode= >,1sd4_A_A,2.0
86,0.0,VAL, ,O,23.0,3.30,1.0,<Residue VAL het=  resseq=15 icode= >,1sd4_A_A,2.0
87,0.0,VAL, ,CB,21.75,3.18,1.0,<Residue VAL het=  resseq=15 icode= >,1sd4_A_A,2.0
88,0.0,VAL, ,CG1,22.43,2.54,1.0,<Residue VAL het=  resseq=15 icode= >,1sd4_A_A,2.0
89,0.0,VAL, ,CG2,23.07,2.06,1.0,<Residue VAL het=  resseq=15 icode= >,1sd4_A_A,2.0
90,0.0,MET, ,N,20.4,4.36,1.0,<Residue MET het=  resseq=16 icode= >,1sd4_A_A,2.0
91,0.0,MET, ,CA,20.61,3.90,1.0,<Residue MET het=  resseq=16 icode= >,1sd4_A_A,2.0
92,0.0,MET, ,C,22.02,4.22,1.0,<Residue MET het=  resseq=16 icode= >,1sd4_A_A,2.0
93,0.0,MET, ,O,22.3,3.75,1.0,<Residue MET het=  resseq=16 icode= >,1sd4_A_A,2.0
94,0.0,MET, ,CB,19.94,3.01,1.0,<Residue MET het=  resseq=16 icode= >,1sd4_A_A,2.0
95,0.0,MET, ,CG,18.97,2.17,1.0,<Residue MET het=  resseq=16 icode= >,1sd4_A_A,2.0
96,0.0,MET, ,S,27.74,15.20,1.0,<Residue MET het=  resseq=16 icode= >,1sd4_A_A,2.0
97,0.0,MET, ,CE,16.93,2.31,1.0,<Residue MET het=  resseq=16 icode= >,1sd4_A_A,2.0
98,0.0,ASN, ,N,22.24,3.73,1.0,<Residue ASN het=  resseq=17 icode= >,1sd4_A_A,2.0
99,0.909,ASN, ,CA,23.55,3.25,1.0,<Residue ASN het=  resseq=17 icode= >,1sd4_A_A,2.0
100,0.226,ASN, ,C,24.59,4.22,1.0,<Residue ASN het=  resseq=17 icode= >,1sd4_A_A,2.0
101,7.707,ASN, ,O,26.93,2.94,1.0,<Residue ASN het=  resseq=17 icode= >,1sd4_A_A,2.0
102,15.175,ASN, ,CB,23.81,1.95,1.0,<Residue ASN het=  resseq=17 icode= >,1sd4_A_A,2.0
103,5.368,ASN, ,CG,25.67,3.41,1.0,<Residue ASN het=  resseq=17 icode= >,1sd4_A_A,2.0
104,11.586,ASN, ,OD1,22.26,3.85,1.0,<Residue ASN het=  resseq=17 icode= >,1sd4_A_A,2.0
105,37.309,ASN, ,ND2,21.15,2.71,1.0,<Residue ASN het=  resseq=17 icode= >,1sd4_A_A,2.0
106,0.0,ILE, ,N,25.4,3.25,1.0,<Residue ILE het=  resseq=18 icode= >,1sd4_A_A,2.0
107,0.113,ILE, ,CA,25.11,2.96,1.0,<Residue ILE het=  resseq=18 icode= >,1sd4_A_A,2.0
108,0.0,ILE, ,C,25.23,4.02,1.0,<Residue ILE het=  resseq=18 icode= >,1sd4_A_A,2.0
109,0.0,ILE, ,O,24.8,3.34,1.0,<Residue ILE het=  resseq=18 icode= >,1sd4_A_A,2.0
110,0.0,ILE, ,CB,25.25,3.18,1.0,<Residue ILE het=  resseq=18 icode= >,1sd4_A_A,2.0
111,0.0,ILE, ,CG1,25.94,2.54,1.0,<Residue ILE het=  resseq=18 icode= >,1sd4_A_A,2.0
112,0.0,ILE, ,CG2,26.31,1.88,1.0,<Residue ILE het=  resseq=18 icode= >,1sd4_A_A,2.0
113,27.04,ILE, ,CD1,29.99,1.47,1.0,<Residue ILE het=  resseq=18 icode= >,1sd4_A_A,2.0
114,0.0,ILE, ,N,23.93,3.45,1.0,<Residue ILE het=  resseq=19 icode= >,1sd4_A_A,2.0
115,0.0,ILE, ,CA,25.61,3.32,1.0,<Residue ILE het=  resseq=19 icode= >,1sd4_A_A,2.0
116,0.0,ILE, ,C,26.22,3.87,1.0,<Residue ILE het=  resseq=19 icode= >,1sd4_A_A,2.0
117,0.909,ILE, ,O,26.75,3.37,1.0,<Residue ILE het=  resseq=19 icode= >,1sd4_A_A,2.0
118,0.0,ILE, ,CB,25.57,3.25,1.0,<Residue ILE het=  resseq=19 icode= >,1sd4_A_A,2.0
119,0.0,ILE, ,CG1,28.55,2.65,1.0,<Residue ILE het=  resseq=19 icode= >,1sd4_A_A,2.0
120,0.074,ILE, ,CG2,25.26,1.86,1.0,<Residue ILE het=  resseq=19 icode= >,1sd4_A_A,2.0
121,0.0,ILE, ,CD1,37.85,0.96,1.0,<Residue ILE het=  resseq=19 icode= >,1sd4_A_A,2.0
122,0.0,TRP, ,N,26.41,3.54,1.0,<Residue TRP het=  resseq=20 icode= >,1sd4_A_A,2.0
123,2.945,TRP, ,CA,28.12,2.78,1.0,<Residue TRP het=  resseq=20 icode= >,1sd4_A_A,2.0
124,1.322,TRP, ,C,30.32,3.58,1.0,<Residue TRP het=  resseq=20 icode= >,1sd4_A_A,2.0
125,28.529,TRP, ,O,30.63,2.56,1.0,<Residue TRP het=  resseq=20 icode= >,1sd4_A_A,2.0
126,6.286,TRP, ,CB,27.27,2.22,1.0,<Residue TRP het=  resseq=20 icode= >,1sd4_A_A,2.0
127,0.0,TRP, ,CG,25.95,2.43,1.0,<Residue TRP het=  resseq=20 icode= >,1sd4_A_A,2.0
128,7.987,TRP, ,CD1,25.68,2.39,1.0,<Residue TRP het=  resseq=20 icode= >,1sd4_A_A,2.0
129,0.0,TRP, ,CD2,24.28,2.39,1.0,<Residue TRP het=  resseq=20 icode= >,1sd4_A_A,2.0
130,0.0,TRP, ,NE1,22.07,3.23,1.0,<Residue TRP het=  resseq=20 icode= >,1sd4_A_A,2.0
131,0.0,TRP, ,CE2,21.23,3.82,1.0,<Residue TRP het=  resseq=20 icode= >,1sd4_A_A,2.0
132,0.02,TRP, ,CE3,24.91,2.48,1.0,<Residue TRP het=  resseq=20 icode= >,1sd4_A_A,2.0
133,0.0,TRP, ,CZ2,15.46,3.97,1.0,<Residue TRP het=  resseq=20 icode= >,1sd4_A_A,2.0
134,0.0,TRP, ,CZ3,22.42,2.40,1.0,<Residue TRP het=  resseq=20 icode= >,1sd4_A_A,2.0
135,0.0,TRP, ,CH2,16.17,3.52,1.0,<Residue TRP het=  resseq=20 icode= >,1sd4_A_A,2.0
136,0.684,ASP, ,N,32.78,3.50,1.0,<Residue ASP het=  resseq=21 icode= >,1sd4_A_A,2.0
137,10.606,ASP, ,CA,37.53,2.20,1.0,<Residue ASP het=  resseq=21 icode= >,1sd4_A_A,2.0
138,1.779,ASP, ,C,38.61,2.22,1.0,<Residue ASP het=  resseq=21 icode= >,1sd4_A_A,2.0
139,25.866,ASP, ,O,38.7,1.50,1.0,<Residue ASP het=  resseq=21 icode= >,1sd4_A_A,2.0
140,25.522,ASP, ,CB,39.64,0.12,1.0,<Residue ASP het=  resseq=21 icode= >,1sd4_A_A,2.0
141,6.901,ASP, ,CG,45.06,0.47,1.0,<Residue ASP het=  resseq=21 icode= >,1sd4_A_A,2.0
142,21.311,ASP, ,OD1,53.59,-0.57,1.0,<Residue ASP het=  resseq=21 icode= >,1sd4_A_A,2.0
143,2.894,ASP, ,OD2,46.37,1.24,1.0,<Residue ASP het=  resseq=21 icode= >,1sd4_A_A,2.0
144,0.0,LYS, ,N,40.11,1.30,1.0,<Residue LYS het=  resseq=22 icode= >,1sd4_A_A,2.0
145,3.555,LYS, ,CA,41.53,1.90,1.0,<Residue LYS het=  resseq=22 icode= >,1sd4_A_A,2.0
146,3.799,LYS, ,C,41.29,3.09,1.0,<Residue LYS het=  resseq=22 icode= >,1sd4_A_A,2.0
147,8.381,LYS, ,O,41.37,2.12,1.0,<Residue LYS het=  resseq=22 icode= >,1sd4_A_A,2.0
148,0.0,LYS, ,CB,42.3,1.89,1.0,<Residue LYS het=  resseq=22 icode= >,1sd4_A_A,2.0
149,3.285,LYS, ,CG,44.96,1.25,1.0,<Residue LYS het=  resseq=22 icode= >,1sd4_A_A,2.0
150,5.506,LYS, ,CD,48.77,1.06,1.0,<Residue LYS het=  resseq=22 icode= >,1sd4_A_A,2.0
151,29.06,LYS, ,CE,51.99,0.84,1.0,<Residue LYS het=  resseq=22 icode= >,1sd4_A_A,2.0
152,31.922,LYS, ,NZ,52.47,1.01,1.0,<Residue LYS het=  resseq=22 icode= >,1sd4_A_A,2.0
153,7.697,LYS, ,N,41.48,2.40,1.0,<Residue LYS het=  resseq=23 icode= >,1sd4_A_A,2.0
154,2.081,LYS, ,CA,41.92,1.74,1.0,<Residue LYS het=  resseq=23 icode= >,1sd4_A_A,2.0
155,0.0,LYS, ,C,39.98,2.80,1.0,<Residue LYS het=  resseq=23 icode= >,1sd4_A_A,2.0
156,5.863,LYS, ,O,40.71,1.59,1.0,<Residue LYS het=  resseq=23 icode= >,1sd4_A_A,2.0
157,28.734,LYS, ,CB,43.13,1.10,1.0,<Residue LYS het=  resseq=23 icode= >,1sd4_A_A,2.0
158,26.334,LYS, ,CG,48.4,0.23,1.0,<Residue LYS het=  resseq=23 icode= >,1sd4_A_A,2.0
159,24.192,LYS, ,CD,54.15,0.26,1.0,<Residue LYS het=  resseq=23 icode= >,1sd4_A_A,2.0
160,48.964,LYS, ,CE,57.19,0.64,1.0,<Residue LYS het=  resseq=23 icode= >,1sd4_A_A,2.0
161,45.324,LYS, ,NZ,60.28,0.44,1.0,<Residue LYS het=  resseq=23 icode= >,1sd4_A_A,2.0
162,0.721,SER, ,N,37.08,3.19,1.0,<Residue SER het=  resseq=24 icode= >,1sd4_A_A,2.0
163,0.107,SER, ,CA,35.26,2.65,1.0,<Residue SER het=  resseq=24 icode= >,1sd4_A_A,2.0
164,0.0,SER, ,C,33.24,3.51,1.0,<Residue SER het=  resseq=24 icode= >,1sd4_A_A,2.0
165,9.043,SER, ,O,32.65,2.55,1.0,<Residue SER het=  resseq=24 icode= >,1sd4_A_A,2.0
166,4.741,SER, ,CB,35.46,2.32,1.0,<Residue SER het=  resseq=24 icode= >,1sd4_A_A,2.0
167,8.917,SER, ,OG,38.79,1.81,1.0,<Residue SER het=  resseq=24 icode= >,1sd4_A_A,2.0
168,0.0,VAL, ,N,29.22,3.17,1.0,<Residue VAL het=  resseq=25 icode= >,1sd4_A_A,2.0
169,2.272,VAL, ,CA,26.65,3.22,1.0,<Residue VAL het=  resseq=25 icode= >,1sd4_A_A,2.0
170,0.0,VAL, ,C,26.28,4.11,1.0,<Residue VAL het=  resseq=25 icode= >,1sd4_A_A,2.0
171,0.0,VAL, ,O,25.99,3.58,1.0,<Residue VAL het=  resseq=25 icode= >,1sd4_A_A,2.0
172,0.0,VAL, ,CB,26.05,2.76,1.0,<Residue VAL het=  resseq=25 icode= >,1sd4_A_A,2.0
173,0.045,VAL, ,CG1,22.06,2.29,1.0,<Residue VAL het=  resseq=25 icode= >,1sd4_A_A,2.0
174,0.0,VAL, ,CG2,26.43,1.89,1.0,<Residue VAL het=  resseq=25 icode= >,1sd4_A_A,2.0
175,0.781,SER, ,N,24.59,3.59,1.0,<Residue SER het=  resseq=26 icode= >,1sd4_A_A,2.0
176,0.0,SER, ,CA,24.7,3.36,1.0,<Residue SER het=  resseq=26 icode= >,1sd4_A_A,2.0
177,0.0,SER, ,C,24.93,4.34,1.0,<Residue SER het=  resseq=26 icode= >,1sd4_A_A,2.0
178,0.0,SER, ,O,23.55,3.97,1.0,<Residue SER het=  resseq=26 icode= >,1sd4_A_A,2.0
179,10.494,SER, ,CB,23.92,2.75,1.0,<Residue SER het=  resseq=26 icode= >,1sd4_A_A,2.0
180,8.542,SER, ,OG,26.52,3.24,1.0,<Residue SER het=  resseq=26 icode= >,1sd4_A_A,2.0
181,1.153,ALA, ,N,25.05,3.63,1.0,<Residue ALA het=  resseq=27 icode= >,1sd4_A_A,2.0
182,0.0,ALA, ,CA,24.81,3.23,1.0,<Residue ALA het=  resseq=27 icode= >,1sd4_A_A,2.0
183,0.0,ALA, ,C,26.35,3.03,1.0,<Residue ALA het=  resseq=27 icode= >,1sd4_A_A,2.0
184,0.0,ALA, ,O,25.7,3.05,1.0,<Residue ALA het=  resseq=27 icode= >,1sd4_A_A,2.0
185,19.401,ALA, ,CB,23.8,2.07,1.0,<Residue ALA het=  resseq=27 icode= >,1sd4_A_A,2.0
186,0.857,ASN, ,N,26.71,3.14,1.0,<Residue ASN het=  resseq=28 icode= >,1sd4_A_A,2.0
187,0.661,ASN, ,CA,28.49,2.59,1.0,<Residue ASN het=  resseq=28 icode= >,1sd4_A_A,2.0
188,0.371,ASN, ,C,29.0,3.60,1.0,<Residue ASN het=  resseq=28 icode= >,1sd4_A_A,2.0
189,0.5,ASN, ,O,30.46,2.88,1.0,<Residue ASN het=  resseq=28 icode= >,1sd4_A_A,2.0
190,19.165,ASN, ,CB,29.31,1.35,1.0,<Residue ASN het=  resseq=28 icode= >,1sd4_A_A,2.0
191,8.215,ASN, ,CG,29.79,3.21,1.0,<Residue ASN het=  resseq=28 icode= >,1sd4_A_A,2.0
192,6.581,ASN, ,OD1,30.43,3.17,1.0,<Residue ASN het=  resseq=28 icode= >,1sd4_A_A,2.0
193,58.707,ASN, ,ND2,31.63,1.86,1.0,<Residue ASN het=  resseq=28 icode= >,1sd4_A_A,2.0
194,0.763,GLU, ,N,30.2,3.30,1.0,<Residue GLU het=  resseq=29 icode= >,1sd4_A_A,2.0
195,3.555,GLU, ,CA,31.67,2.99,1.0,<Residue GLU het=  resseq=29 icode= >,1sd4_A_A,2.0
196,0.0,GLU, ,C,32.1,2.29,1.0,<Residue GLU het=  resseq=29 icode= >,1sd4_A_A,2.0
197,0.0,GLU, ,O,32.41,2.31,1.0,<Residue GLU het=  resseq=29 icode= >,1sd4_A_A,2.0
198,4.724,GLU, ,CB,32.12,2.58,1.0,<Residue GLU het=  resseq=29 icode= >,1sd4_A_A,2.0
199,8.473,GLU, ,CG,35.77,2.03,1.0,<Residue GLU het=  resseq=29 icode= >,1sd4_A_A,2.0
200,7.886,GLU, ,CD,41.43,2.25,1.0,<Residue GLU het=  resseq=29 icode= >,1sd4_A_A,2.0
201,26.605,GLU, ,OE1,42.7,1.55,1.0,<Residue GLU het=  resseq=29 icode= >,1sd4_A_A,2.0
202,9.237,GLU, ,OE2,44.64,1.26,1.0,<Residue GLU het=  resseq=29 icode= >,1sd4_A_A,2.0
203,0.0,ILE, ,N,31.53,3.03,1.0,<Residue ILE het=  resseq=30 icode= >,1sd4_A_A,2.0
204,0.0,ILE, ,CA,31.0,2.48,1.0,<Residue ILE het=  resseq=30 icode= >,1sd4_A_A,2.0
205,0.0,ILE, ,C,33.52,3.54,1.0,<Residue ILE het=  resseq=30 icode= >,1sd4_A_A,2.0
206,0.0,ILE, ,O,32.06,2.69,1.0,<Residue ILE het=  resseq=30 icode= >,1sd4_A_A,2.0
207,0.0,ILE, ,CB,30.36,3.16,1.0,<Residue ILE het=  resseq=30 icode= >,1sd4_A_A,2.0
208,0.0,ILE, ,CG1,25.24,2.59,1.0,<Residue ILE het=  resseq=30 icode= >,1sd4_A_A,2.0
209,0.0,ILE, ,CG2,27.99,2.19,1.0,<Residue ILE het=  resseq=30 icode= >,1sd4_A_A,2.0
210,0.0,ILE, ,CD1,25.33,1.93,1.0,<Residue ILE het=  resseq=30 icode= >,1sd4_A_A,2.0
211,0.0,VAL, ,N,35.9,3.37,1.0,<Residue VAL het=  resseq=31 icode= >,1sd4_A_A,2.0
212,0.0,VAL, ,CA,39.23,2.47,1.0,<Residue VAL het=  resseq=31 icode= >,1sd4_A_A,2.0
213,0.0,VAL, ,C,41.86,2.57,1.0,<Residue VAL het=  resseq=31 icode= >,1sd4_A_A,2.0
214,0.0,VAL, ,O,42.24,2.27,1.0,<Residue VAL het=  resseq=31 icode= >,1sd4_A_A,2.0
215,0.0,VAL, ,CB,38.27,2.90,1.0,<Residue VAL het=  resseq=31 icode= >,1sd4_A_A,2.0
216,7.933,VAL, ,CG1,40.07,1.01,1.0,<Residue VAL het=  resseq=31 icode= >,1sd4_A_A,2.0
217,0.0,VAL, ,CG2,35.76,1.73,1.0,<Residue VAL het=  resseq=31 icode= >,1sd4_A_A,2.0
218,0.0,VAL, ,N,44.35,2.47,1.0,<Residue VAL het=  resseq=32 icode= >,1sd4_A_A,2.0
219,1.508,VAL, ,CA,46.85,2.08,1.0,<Residue VAL het=  resseq=32 icode= >,1sd4_A_A,2.0
220,0.0,VAL, ,C,48.46,2.63,1.0,<Residue VAL het=  resseq=32 icode= >,1sd4_A_A,2.0
221,1.913,VAL, ,O,49.12,1.30,1.0,<Residue VAL het=  resseq=32 icode= >,1sd4_A_A,2.0
222,0.531,VAL, ,CB,46.6,1.83,1.0,<Residue VAL het=  resseq=32 icode= >,1sd4_A_A,2.0
223,35.779,VAL, ,CG1,47.1,0.92,1.0,<Residue VAL het=  resseq=32 icode= >,1sd4_A_A,2.0
224,46.12,VAL, ,CG2,46.39,1.33,1.0,<Residue VAL het=  resseq=32 icode= >,1sd4_A_A,2.0
225,0.0,GLU, ,N,50.05,3.18,1.0,<Residue GLU het=  resseq=33 icode= >,1sd4_A_A,2.0
226,0.058,GLU, ,CA,52.35,2.01,1.0,<Residue GLU het=  resseq=33 icode= >,1sd4_A_A,2.0
227,0.253,GLU, ,C,51.73,2.82,1.0,<Residue GLU het=  resseq=33 icode= >,1sd4_A_A,2.0
228,3.954,GLU, ,O,52.12,1.70,1.0,<Residue GLU het=  resseq=33 icode= >,1sd4_A_A,2.0
229,3.235,GLU, ,CB,53.34,0.95,1.0,<Residue GLU het=  resseq=33 icode= >,1sd4_A_A,2.0
230,0.0,GLU, ,CG,58.76,0.98,1.0,<Residue GLU het=  resseq=33 icode= >,1sd4_A_A,2.0
231,8.805,GLU, ,CD,65.76,0.79,1.0,<Residue GLU het=  resseq=33 icode= >,1sd4_A_A,2.0
232,3.838,GLU, ,OE1,67.43,0.77,1.0,<Residue GLU het=  resseq=33 icode= >,1sd4_A_A,2.0
233,17.866,GLU, ,OE2,69.33,0.18,1.0,<Residue GLU het=  resseq=33 icode= >,1sd4_A_A,2.0
234,0.0,ILE, ,N,51.32,2.79,1.0,<Residue ILE het=  resseq=34 icode= >,1sd4_A_A,2.0
235,6.422,ILE, ,CA,50.81,1.73,1.0,<Residue ILE het=  resseq=34 icode= >,1sd4_A_A,2.0
236,0.0,ILE, ,C,52.22,1.82,1.0,<Residue ILE het=  resseq=34 icode= >,1sd4_A_A,2.0
237,0.229,ILE, ,O,51.89,1.23,1.0,<Residue ILE het=  resseq=34 icode= >,1sd4_A_A,2.0
238,0.0,ILE, ,CB,50.21,1.91,1.0,<Residue ILE het=  resseq=34 icode= >,1sd4_A_A,2.0
239,0.843,ILE, ,CG1,46.53,1.61,1.0,<Residue ILE het=  resseq=34 icode= >,1sd4_A_A,2.0
240,0.648,ILE, ,CG2,46.76,1.31,1.0,<Residue ILE het=  resseq=34 icode= >,1sd4_A_A,2.0
241,0.106,ILE, ,CD1,39.85,1.04,1.0,<Residue ILE het=  resseq=34 icode= >,1sd4_A_A,2.0
242,0.0,GLN, ,N,52.67,2.45,1.0,<Residue GLN het=  resseq=35 icode= >,1sd4_A_A,2.0
243,0.0,GLN, ,CA,54.23,1.36,1.0,<Residue GLN het=  resseq=35 icode= >,1sd4_A_A,2.0
244,1.518,GLN, ,C,55.58,2.79,1.0,<Residue GLN het=  resseq=35 icode= >,1sd4_A_A,2.0
245,21.458,GLN, ,O,55.85,1.97,1.0,<Residue GLN het=  resseq=35 icode= >,1sd4_A_A,2.0
246,14.196,GLN, ,CB,53.32,1.38,1.0,<Residue GLN het=  resseq=35 icode= >,1sd4_A_A,2.0
247,3.414,GLN, ,CG,49.7,1.47,1.0,<Residue GLN het=  resseq=35 icode= >,1sd4_A_A,2.0
248,4.695,GLN, ,CD,45.35,2.30,1.0,<Residue GLN het=  resseq=35 icode= >,1sd4_A_A,2.0
249,20.109,GLN, ,OE1,41.95,1.58,1.0,<Residue GLN het=  resseq=35 icode= >,1sd4_A_A,2.0
250,10.996,GLN, ,NE2,38.79,2.37,1.0,<Residue GLN het=  resseq=35 icode= >,1sd4_A_A,2.0
251,0.152,LYS, ,N,57.63,2.36,1.0,<Residue LYS het=  resseq=36 icode= >,1sd4_A_A,2.0
252,9.459,LYS, ,CA,59.77,1.49,1.0,<Residue LYS het=  resseq=36 icode= >,1sd4_A_A,2.0
253,3.398,LYS, ,C,61.84,1.53,1.0,<Residue LYS het=  resseq=36 icode= >,1sd4_A_A,2.0
254,14.205,LYS, ,O,62.47,0.87,1.0,<Residue LYS het=  resseq=36 icode= >,1sd4_A_A,2.0
255,2.838,LYS, ,CB,59.35,1.28,1.0,<Residue LYS het=  resseq=36 icode= >,1sd4_A_A,2.0
256,18.681,LYS, ,CG,57.38,1.32,1.0,<Residue LYS het=  resseq=36 icode= >,1sd4_A_A,2.0
257,28.868,LYS, ,CD,53.64,0.95,1.0,<Residue LYS het=  resseq=36 icode= >,1sd4_A_A,2.0
258,25.203,LYS, ,CE,48.98,1.41,1.0,<Residue LYS het=  resseq=36 icode= >,1sd4_A_A,2.0
259,35.773,LYS, ,NZ,47.18,1.38,1.0,<Residue LYS het=  resseq=36 icode= >,1sd4_A_A,2.0
260,0.0,TYR, ,N,63.75,2.27,1.0,<Residue TYR het=  resseq=37 icode= >,1sd4_A_A,2.0
261,6.512,TYR, ,CA,66.03,2.00,1.0,<Residue TYR het=  resseq=37 icode= >,1sd4_A_A,2.0
262,4.993,TYR, ,C,66.25,2.17,1.0,<Residue TYR het=  resseq=37 icode= >,1sd4_A_A,2.0
263,17.202,TYR, ,O,66.96,0.32,1.0,<Residue TYR het=  resseq=37 icode= >,1sd4_A_A,2.0
264,15.868,TYR, ,CB,66.98,0.53,1.0,<Residue TYR het=  resseq=37 icode= >,1sd4_A_A,2.0
265,3.225,TYR, ,CG,70.4,0.26,1.0,<Residue TYR het=  resseq=37 icode= >,1sd4_A_A,2.0
266,28.69,TYR, ,CD1,73.16,-0.31,1.0,<Residue TYR het=  resseq=37 icode= >,1sd4_A_A,2.0
267,7.319,TYR, ,CD2,73.03,0.96,1.0,<Residue TYR het=  resseq=37 icode= >,1sd4_A_A,2.0
268,35.176,TYR, ,CE1,74.03,0.74,1.0,<Residue TYR het=  resseq=37 icode= >,1sd4_A_A,2.0
269,34.014,TYR, ,CE2,74.92,0.11,1.0,<Residue TYR het=  resseq=37 icode= >,1sd4_A_A,2.0
270,10.249,TYR, ,CZ,75.53,0.14,1.0,<Residue TYR het=  resseq=37 icode= >,1sd4_A_A,2.0
271,43.155,TYR, ,OH,76.28,0.38,1.0,<Residue TYR het=  resseq=37 icode= >,1sd4_A_A,2.0
272,2.435,LYS, ,N,66.33,2.75,1.0,<Residue LYS het=  resseq=38 icode= >,1sd4_A_A,2.0
273,5.344,LYS, ,CA,66.88,2.28,1.0,<Residue LYS het=  resseq=38 icode= >,1sd4_A_A,2.0
274,4.913,LYS, ,C,66.41,2.58,1.0,<Residue LYS het=  resseq=38 icode= >,1sd4_A_A,2.0
275,6.301,LYS, ,O,66.44,1.72,1.0,<Residue LYS het=  resseq=38 icode= >,1sd4_A_A,2.0
276,7.355,LYS, ,CB,67.34,0.62,1.0,<Residue LYS het=  resseq=38 icode= >,1sd4_A_A,2.0
277,14.314,LYS, ,CG,69.67,-0.43,1.0,<Residue LYS het=  resseq=38 icode= >,1sd4_A_A,2.0
278,18.131,LYS, ,CD,71.9,-0.26,1.0,<Residue LYS het=  resseq=38 icode= >,1sd4_A_A,2.0
279,37.502,LYS, ,CE,72.43,0.49,1.0,<Residue LYS het=  resseq=38 icode= >,1sd4_A_A,2.0
280,48.673,LYS, ,NZ,72.57,0.82,1.0,<Residue LYS het=  resseq=38 icode= >,1sd4_A_A,2.0
281,2.435,GLU, ,N,66.35,2.04,1.0,<Residue GLU het=  resseq=39 icode= >,1sd4_A_A,2.0
282,8.198,GLU, ,CA,66.14,2.28,1.0,<Residue GLU het=  resseq=39 icode= >,1sd4_A_A,2.0
283,1.006,GLU, ,C,65.38,1.70,1.0,<Residue GLU het=  resseq=39 icode= >,1sd4_A_A,2.0
284,1.049,GLU, ,O,66.23,0.03,1.0,<Residue GLU het=  resseq=39 icode= >,1sd4_A_A,2.0
285,20.005,GLU, ,CB,66.86,0.73,1.0,<Residue GLU het=  resseq=39 icode= >,1sd4_A_A,2.0
286,30.249,GLU, ,CG,68.4,0.70,1.0,<Residue GLU het=  resseq=39 icode= >,1sd4_A_A,2.0
287,9.926,GLU, ,CD,69.98,0.99,1.0,<Residue GLU het=  resseq=39 icode= >,1sd4_A_A,2.0
288,37.79,GLU, ,OE1,69.94,0.98,1.0,<Residue GLU het=  resseq=39 icode= >,1sd4_A_A,2.0
289,23.012,GLU, ,OE2,69.66,1.32,1.0,<Residue GLU het=  resseq=39 icode= >,1sd4_A_A,2.0
290,0.0,VAL, ,N,63.85,1.25,1.0,<Residue VAL het=  resseq=40 icode= >,1sd4_A_A,2.0
291,5.602,VAL, ,CA,61.63,1.63,1.0,<Residue VAL het=  resseq=40 icode= >,1sd4_A_A,2.0
292,0.316,VAL, ,C,59.75,2.12,1.0,<Residue VAL het=  resseq=40 icode= >,1sd4_A_A,2.0
293,0.438,VAL, ,O,59.13,1.57,1.0,<Residue VAL het=  resseq=40 icode= >,1sd4_A_A,2.0
294,0.0,VAL, ,CB,61.79,1.12,1.0,<Residue VAL het=  resseq=40 icode= >,1sd4_A_A,2.0
295,9.317,VAL, ,CG1,62.95,-0.30,1.0,<Residue VAL het=  resseq=40 icode= >,1sd4_A_A,2.0
296,20.385,VAL, ,CG2,62.93,-0.01,1.0,<Residue VAL het=  resseq=40 icode= >,1sd4_A_A,2.0
297,2.024,SER, ,N,57.65,2.01,1.0,<Residue SER het=  resseq=41 icode= >,1sd4_A_A,2.0
298,4.723,SER, ,CA,55.41,2.16,1.0,<Residue SER het=  resseq=41 icode= >,1sd4_A_A,2.0
299,0.0,SER, ,C,54.65,1.42,1.0,<Residue SER het=  resseq=41 icode= >,1sd4_A_A,2.0
300,0.0,SER, ,O,53.95,1.40,1.0,<Residue SER het=  resseq=41 icode= >,1sd4_A_A,2.0
301,38.962,SER, ,CB,55.09,2.16,1.0,<Residue SER het=  resseq=41 icode= >,1sd4_A_A,2.0
302,5.83,SER, ,OG,54.32,2.05,1.0,<Residue SER het=  resseq=41 icode= >,1sd4_A_A,2.0
303,2.096,ASP, ,N,53.05,1.31,1.0,<Residue ASP het=  resseq=42 icode= >,1sd4_A_A,2.0
304,0.0,ASP, ,CA,51.99,1.34,1.0,<Residue ASP het=  resseq=42 icode= >,1sd4_A_A,2.0
305,0.0,ASP, ,C,51.01,2.21,1.0,<Residue ASP het=  resseq=42 icode= >,1sd4_A_A,2.0
306,0.0,ASP, ,O,50.04,1.41,1.0,<Residue ASP het=  resseq=42 icode= >,1sd4_A_A,2.0
307,14.791,ASP, ,CB,52.08,1.36,1.0,<Residue ASP het=  resseq=42 icode= >,1sd4_A_A,2.0
308,6.915,ASP, ,CG,52.24,1.74,1.0,<Residue ASP het=  resseq=42 icode= >,1sd4_A_A,2.0
309,34.527,ASP, ,OD1,52.2,1.62,1.0,<Residue ASP het=  resseq=42 icode= >,1sd4_A_A,2.0
310,8.119,ASP, ,OD2,52.33,1.52,1.0,<Residue ASP het=  resseq=42 icode= >,1sd4_A_A,2.0
311,0.0,LYS, ,N,49.47,2.73,1.0,<Residue LYS het=  resseq=43 icode= >,1sd4_A_A,2.0
312,4.847,LYS, ,CA,48.68,2.76,1.0,<Residue LYS het=  resseq=43 icode= >,1sd4_A_A,2.0
313,0.678,LYS, ,C,46.52,2.86,1.0,<Residue LYS het=  resseq=43 icode= >,1sd4_A_A,2.0
314,1.156,LYS, ,O,45.65,2.27,1.0,<Residue LYS het=  resseq=43 icode= >,1sd4_A_A,2.0
315,16.164,LYS, ,CB,49.65,1.34,1.0,<Residue LYS het=  resseq=43 icode= >,1sd4_A_A,2.0
316,19.933,LYS, ,CG,54.75,0.19,1.0,<Residue LYS het=  resseq=43 icode= >,1sd4_A_A,2.0
317,31.537,LYS, ,CD,61.55,-0.27,1.0,<Residue LYS het=  resseq=43 icode= >,1sd4_A_A,2.0
318,44.263,LYS, ,CE,65.17,-0.09,1.0,<Residue LYS het=  resseq=43 icode= >,1sd4_A_A,2.0
319,49.036,LYS, ,NZ,67.54,0.37,1.0,<Residue LYS het=  resseq=43 icode= >,1sd4_A_A,2.0
320,0.0,THR, ,N,44.22,1.77,1.0,<Residue THR het=  resseq=44 icode= >,1sd4_A_A,2.0
321,1.036,THR, ,CA,41.79,1.67,1.0,<Residue THR het=  resseq=44 icode= >,1sd4_A_A,2.0
322,0.0,THR, ,C,38.98,3.34,1.0,<Residue THR het=  resseq=44 icode= >,1sd4_A_A,2.0
323,0.327,THR, ,O,37.3,2.55,1.0,<Residue THR het=  resseq=44 icode= >,1sd4_A_A,2.0
324,12.663,THR, ,CB,42.44,1.84,1.0,<Residue THR het=  resseq=44 icode= >,1sd4_A_A,2.0
325,2.021,THR, ,OG1,45.09,0.95,1.0,<Residue THR het=  resseq=44 icode= >,1sd4_A_A,2.0
326,56.282,THR, ,CG2,42.79,1.40,1.0,<Residue THR het=  resseq=44 icode= >,1sd4_A_A,2.0
327,0.0,ILE, ,N,36.53,3.59,1.0,<Residue ILE het=  resseq=45 icode= >,1sd4_A_A,2.0
328,0.0,ILE, ,CA,35.93,2.40,1.0,<Residue ILE het=  resseq=45 icode= >,1sd4_A_A,2.0
329,0.0,ILE, ,C,34.88,2.78,1.0,<Residue ILE het=  resseq=45 icode= >,1sd4_A_A,2.0
330,0.0,ILE, ,O,32.48,2.76,1.0,<Residue ILE het=  resseq=45 icode= >,1sd4_A_A,2.0
331,0.0,ILE, ,CB,36.23,2.40,1.0,<Residue ILE het=  resseq=45 icode= >,1sd4_A_A,2.0
332,0.0,ILE, ,CG1,40.08,0.80,1.0,<Residue ILE het=  resseq=45 icode= >,1sd4_A_A,2.0
333,0.0,ILE, ,CG2,34.29,1.54,1.0,<Residue ILE het=  resseq=45 icode= >,1sd4_A_A,2.0
334,0.0,ILE, ,CD1,44.85,0.02,1.0,<Residue ILE het=  resseq=45 icode= >,1sd4_A_A,2.0
335,0.0,ARG, ,N,32.72,3.63,1.0,<Residue ARG het=  resseq=46 icode= >,1sd4_A_A,2.0
336,0.622,ARG, ,CA,32.3,3.08,1.0,<Residue ARG het=  resseq=46 icode= >,1sd4_A_A,2.0
337,0.765,ARG, ,C,31.31,3.66,1.0,<Residue ARG het=  resseq=46 icode= >,1sd4_A_A,2.0
338,0.797,ARG, ,O,29.42,3.28,1.0,<Residue ARG het=  resseq=46 icode= >,1sd4_A_A,2.0
339,16.5,ARG, ,CB,33.35,2.63,1.0,<Residue ARG het=  resseq=46 icode= >,1sd4_A_A,2.0
340,2.083,ARG, ,CG,36.89,1.83,1.0,<Residue ARG het=  resseq=46 icode= >,1sd4_A_A,2.0
341,32.709,ARG, ,CD,43.49,1.50,1.0,<Residue ARG het=  resseq=46 icode= >,1sd4_A_A,2.0
342,8.716,ARG, ,NE,46.59,1.92,1.0,<Residue ARG het=  resseq=46 icode= >,1sd4_A_A,2.0
343,4.373,ARG, ,CZ,48.44,2.11,1.0,<Residue ARG het=  resseq=46 icode= >,1sd4_A_A,2.0
344,14.859,ARG, ,NH1,44.66,2.11,1.0,<Residue ARG het=  resseq=46 icode= >,1sd4_A_A,2.0
345,20.308,ARG, ,NH2,50.35,0.73,1.0,<Residue ARG het=  resseq=46 icode= >,1sd4_A_A,2.0
346,0.16,THR, ,N,29.65,3.02,1.0,<Residue THR het=  resseq=47 icode= >,1sd4_A_A,2.0
347,4.102,THR, ,CA,29.57,2.56,1.0,<Residue THR het=  resseq=47 icode= >,1sd4_A_A,2.0
348,0.0,THR, ,C,27.77,3.54,1.0,<Residue THR het=  resseq=47 icode= >,1sd4_A_A,2.0
349,0.693,THR, ,O,27.55,2.69,1.0,<Residue THR het=  resseq=47 icode= >,1sd4_A_A,2.0
350,2.278,THR, ,CB,30.63,2.86,1.0,<Residue THR het=  resseq=47 icode= >,1sd4_A_A,2.0
351,24.45,THR, ,OG1,32.53,2.66,1.0,<Residue THR het=  resseq=47 icode= >,1sd4_A_A,2.0
352,48.268,THR, ,CG2,30.63,1.78,1.0,<Residue THR het=  resseq=47 icode= >,1sd4_A_A,2.0
353,0.0,LEU, ,N,24.59,3.85,1.0,<Residue LEU het=  resseq=48 icode= >,1sd4_A_A,2.0
354,0.0,LEU, ,CA,24.97,3.19,1.0,<Residue LEU het=  resseq=48 icode= >,1sd4_A_A,2.0
355,0.0,LEU, ,C,24.89,3.64,1.0,<Residue LEU het=  resseq=48 icode= >,1sd4_A_A,2.0
356,0.0,LEU, ,O,25.26,3.47,1.0,<Residue LEU het=  resseq=48 icode= >,1sd4_A_A,2.0
357,0.0,LEU, ,CB,25.18,2.39,1.0,<Residue LEU het=  resseq=48 icode= >,1sd4_A_A,2.0
358,0.285,LEU, ,CG,29.44,1.61,1.0,<Residue LEU het=  resseq=48 icode= >,1sd4_A_A,2.0
359,3.846,LEU, ,CD1,32.57,1.08,1.0,<Residue LEU het=  resseq=48 icode= >,1sd4_A_A,2.0
360,10.061,LEU, ,CD2,28.66,1.74,1.0,<Residue LEU het=  resseq=48 icode= >,1sd4_A_A,2.0
361,0.0,ILE, ,N,23.02,3.97,1.0,<Residue ILE het=  resseq=49 icode= >,1sd4_A_A,2.0
362,0.0,ILE, ,CA,22.26,3.40,1.0,<Residue ILE het=  resseq=49 icode= >,1sd4_A_A,2.0
363,0.0,ILE, ,C,24.11,4.44,1.0,<Residue ILE het=  resseq=49 icode= >,1sd4_A_A,2.0
364,0.0,ILE, ,O,23.16,4.06,1.0,<Residue ILE het=  resseq=49 icode= >,1sd4_A_A,2.0
365,0.505,ILE, ,CB,20.79,3.38,1.0,<Residue ILE het=  resseq=49 icode= >,1sd4_A_A,2.0
366,0.0,ILE, ,CG1,21.38,2.55,1.0,<Residue ILE het=  resseq=49 icode= >,1sd4_A_A,2.0
367,4.346,ILE, ,CG2,21.42,2.11,1.0,<Residue ILE het=  resseq=49 icode= >,1sd4_A_A,2.0
368,0.271,ILE, ,CD1,19.31,2.35,1.0,<Residue ILE het=  resseq=49 icode= >,1sd4_A_A,2.0
369,0.0,THR, ,N,23.48,3.81,1.0,<Residue THR het=  resseq=50 icode= >,1sd4_A_A,2.0
370,2.845,THR, ,CA,26.26,3.11,1.0,<Residue THR het=  resseq=50 icode= >,1sd4_A_A,2.0
371,0.0,THR, ,C,26.51,3.62,1.0,<Residue THR het=  resseq=50 icode= >,1sd4_A_A,2.0
372,0.0,THR, ,O,27.76,2.69,1.0,<Residue THR het=  resseq=50 icode= >,1sd4_A_A,2.0
373,4.015,THR, ,CB,26.51,3.11,1.0,<Residue THR het=  resseq=50 icode= >,1sd4_A_A,2.0
374,23.601,THR, ,OG1,28.8,2.54,1.0,<Residue THR het=  resseq=50 icode= >,1sd4_A_A,2.0
375,36.81,THR, ,CG2,25.79,2.00,1.0,<Residue THR het=  resseq=50 icode= >,1sd4_A_A,2.0
376,0.323,ARG, ,N,26.03,3.14,1.0,<Residue ARG het=  resseq=51 icode= >,1sd4_A_A,2.0
377,4.648,ARG, ,CA,26.85,2.40,1.0,<Residue ARG het=  resseq=51 icode= >,1sd4_A_A,2.0
378,0.0,ARG, ,C,24.96,3.34,1.0,<Residue ARG het=  resseq=51 icode= >,1sd4_A_A,2.0
379,0.0,ARG, ,O,24.41,3.48,1.0,<Residue ARG het=  resseq=51 icode= >,1sd4_A_A,2.0
380,2.305,ARG, ,CB,28.61,1.85,1.0,<Residue ARG het=  resseq=51 icode= >,1sd4_A_A,2.0
381,13.877,ARG, ,CG,38.25,0.69,1.0,<Residue ARG het=  resseq=51 icode= >,1sd4_A_A,2.0
382,26.897,ARG, ,CD,49.46,0.90,1.0,<Residue ARG het=  resseq=51 icode= >,1sd4_A_A,2.0
383,0.786,ARG, ,NE,57.28,1.04,1.0,<Residue ARG het=  resseq=51 icode= >,1sd4_A_A,2.0
384,4.551,ARG, ,CZ,61.05,1.29,1.0,<Residue ARG het=  resseq=51 icode= >,1sd4_A_A,2.0
385,46.459,ARG, ,NH1,64.82,-0.11,1.0,<Residue ARG het=  resseq=51 icode= >,1sd4_A_A,2.0
386,15.44,ARG, ,NH2,61.66,0.86,1.0,<Residue ARG het=  resseq=51 icode= >,1sd4_A_A,2.0
387,0.0,LEU, ,N,21.14,4.05,1.0,<Residue LEU het=  resseq=52 icode= >,1sd4_A_A,2.0
388,0.0,LEU, ,CA,20.5,3.39,1.0,<Residue LEU het=  resseq=52 icode= >,1sd4_A_A,2.0
389,0.0,LEU, ,C,21.24,5.06,1.0,<Residue LEU het=  resseq=52 icode= >,1sd4_A_A,2.0
390,0.0,LEU, ,O,22.21,4.10,1.0,<Residue LEU het=  resseq=52 icode= >,1sd4_A_A,2.0
391,0.0,LEU, ,CB,19.06,3.12,1.0,<Residue LEU het=  resseq=52 icode= >,1sd4_A_A,2.0
392,0.0,LEU, ,CG,18.45,3.09,1.0,<Residue LEU het=  resseq=52 icode= >,1sd4_A_A,2.0
393,0.0,LEU, ,CD1,16.01,2.45,1.0,<Residue LEU het=  resseq=52 icode= >,1sd4_A_A,2.0
394,0.0,LEU, ,CD2,16.4,2.19,1.0,<Residue LEU het=  resseq=52 icode= >,1sd4_A_A,2.0
395,0.0,TYR, ,N,21.52,3.58,1.0,<Residue TYR het=  resseq=53 icode= >,1sd4_A_A,2.0
396,0.0,TYR, ,CA,22.26,3.07,1.0,<Residue TYR het=  resseq=53 icode= >,1sd4_A_A,2.0
397,0.0,TYR, ,C,23.3,4.04,1.0,<Residue TYR het=  resseq=53 icode= >,1sd4_A_A,2.0
398,3.157,TYR, ,O,22.55,3.87,1.0,<Residue TYR het=  resseq=53 icode= >,1sd4_A_A,2.0
399,0.699,TYR, ,CB,20.51,3.25,1.0,<Residue TYR het=  resseq=53 icode= >,1sd4_A_A,2.0
400,0.0,TYR, ,CG,23.82,3.20,1.0,<Residue TYR het=  resseq=53 icode= >,1sd4_A_A,2.0
401,0.0,TYR, ,CD1,26.49,2.95,1.0,<Residue TYR het=  resseq=53 icode= >,1sd4_A_A,2.0
402,1.648,TYR, ,CD2,29.09,2.23,1.0,<Residue TYR het=  resseq=53 icode= >,1sd4_A_A,2.0
403,8.683,TYR, ,CE1,32.2,2.50,1.0,<Residue TYR het=  resseq=53 icode= >,1sd4_A_A,2.0
404,11.278,TYR, ,CE2,30.34,2.77,1.0,<Residue TYR het=  resseq=53 icode= >,1sd4_A_A,2.0
405,4.731,TYR, ,CZ,34.36,2.88,1.0,<Residue TYR het=  resseq=53 icode= >,1sd4_A_A,2.0
406,31.759,TYR, ,OH,41.31,1.79,1.0,<Residue TYR het=  resseq=53 icode= >,1sd4_A_A,2.0
407,0.0,LYS, ,N,25.32,3.52,1.0,<Residue LYS het=  resseq=54 icode= >,1sd4_A_A,2.0
408,4.78,LYS, ,CA,28.73,2.30,1.0,<Residue LYS het=  resseq=54 icode= >,1sd4_A_A,2.0
409,0.829,LYS, ,C,28.19,3.64,1.0,<Residue LYS het=  resseq=54 icode= >,1sd4_A_A,2.0
410,23.032,LYS, ,O,27.24,3.27,1.0,<Residue LYS het=  resseq=54 icode= >,1sd4_A_A,2.0
411,14.893,LYS, ,CB,29.71,1.89,1.0,<Residue LYS het=  resseq=54 icode= >,1sd4_A_A,2.0
412,31.28,LYS, ,CG,37.14,1.60,1.0,<Residue LYS het=  resseq=54 icode= >,1sd4_A_A,2.0
413,1.311,LYS, ,CD,47.28,0.95,1.0,<Residue LYS het=  resseq=54 icode= >,1sd4_A_A,2.0
414,31.442,LYS, ,CE,55.07,0.01,1.0,<Residue LYS het=  resseq=54 icode= >,1sd4_A_A,2.0
415,27.873,LYS, ,NZ,59.56,0.18,1.0,<Residue LYS het=  resseq=54 icode= >,1sd4_A_A,2.0
416,0.0,LYS, ,N,27.94,3.62,1.0,<Residue LYS het=  resseq=55 icode= >,1sd4_A_A,2.0
417,6.594,LYS, ,CA,28.05,2.93,1.0,<Residue LYS het=  resseq=55 icode= >,1sd4_A_A,2.0
418,0.969,LYS, ,C,26.43,4.12,1.0,<Residue LYS het=  resseq=55 icode= >,1sd4_A_A,2.0
419,11.704,LYS, ,O,23.41,3.72,1.0,<Residue LYS het=  resseq=55 icode= >,1sd4_A_A,2.0
420,2.734,LYS, ,CB,28.99,2.17,1.0,<Residue LYS het=  resseq=55 icode= >,1sd4_A_A,2.0
421,24.551,LYS, ,CG,33.82,1.73,1.0,<Residue LYS het=  resseq=55 icode= >,1sd4_A_A,2.0
422,28.956,LYS, ,CD,41.55,-0.10,1.0,<Residue LYS het=  resseq=55 icode= >,1sd4_A_A,2.0
423,0.0,LYS, ,CE,42.88,0.44,1.0,<Residue LYS het=  resseq=55 icode= >,1sd4_A_A,2.0
424,9.977,LYS, ,NZ,41.85,1.22,1.0,<Residue LYS het=  resseq=55 icode= >,1sd4_A_A,2.0
425,0.0,GLU, ,N,23.9,4.43,1.0,<Residue GLU het=  resseq=56 icode= >,1sd4_A_A,2.0
426,1.037,GLU, ,CA,23.57,3.59,1.0,<Residue GLU het=  resseq=56 icode= >,1sd4_A_A,2.0
427,0.17,GLU, ,C,23.9,4.69,1.0,<Residue GLU het=  resseq=56 icode= >,1sd4_A_A,2.0
428,4.979,GLU, ,O,23.91,3.54,1.0,<Residue GLU het=  resseq=56 icode= >,1sd4_A_A,2.0
429,8.818,GLU, ,CB,24.11,2.65,1.0,<Residue GLU het=  resseq=56 icode= >,1sd4_A_A,2.0
430,15.887,GLU, ,CG,25.29,2.37,1.0,<Residue GLU het=  resseq=56 icode= >,1sd4_A_A,2.0
431,15.904,GLU, ,CD,28.81,3.68,1.0,<Residue GLU het=  resseq=56 icode= >,1sd4_A_A,2.0
432,35.999,GLU, ,OE1,34.14,2.10,1.0,<Residue GLU het=  resseq=56 icode= >,1sd4_A_A,2.0
433,40.802,GLU, ,OE2,27.78,3.14,1.0,<Residue GLU het=  resseq=56 icode= >,1sd4_A_A,2.0
434,0.0,ILE, ,N,23.97,3.33,1.0,<Residue ILE het=  resseq=57 icode= >,1sd4_A_A,2.0
435,0.237,ILE, ,CA,22.41,3.33,1.0,<Residue ILE het=  resseq=57 icode= >,1sd4_A_A,2.0
436,0.0,ILE, ,C,21.47,4.51,1.0,<Residue ILE het=  resseq=57 icode= >,1sd4_A_A,2.0
437,0.0,ILE, ,O,21.03,4.82,1.0,<Residue ILE het=  resseq=57 icode= >,1sd4_A_A,2.0
438,0.0,ILE, ,CB,23.84,2.46,1.0,<Residue ILE het=  resseq=57 icode= >,1sd4_A_A,2.0
439,0.0,ILE, ,CG1,27.67,1.93,1.0,<Residue ILE het=  resseq=57 icode= >,1sd4_A_A,2.0
440,0.0,ILE, ,CG2,22.05,1.79,1.0,<Residue ILE het=  resseq=57 icode= >,1sd4_A_A,2.0
441,3.551,ILE, ,CD1,32.54,0.88,1.0,<Residue ILE het=  resseq=57 icode= >,1sd4_A_A,2.0
442,0.0,ILE, ,N,19.83,4.23,1.0,<Residue ILE het=  resseq=58 icode= >,1sd4_A_A,2.0
443,0.0,ILE, ,CA,19.32,3.21,1.0,<Residue ILE het=  resseq=58 icode= >,1sd4_A_A,2.0
444,0.0,ILE, ,C,19.45,4.42,1.0,<Residue ILE het=  resseq=58 icode= >,1sd4_A_A,2.0
445,1.565,ILE, ,O,18.64,4.31,1.0,<Residue ILE het=  resseq=58 icode= >,1sd4_A_A,2.0
446,0.0,ILE, ,CB,19.41,3.38,1.0,<Residue ILE het=  resseq=58 icode= >,1sd4_A_A,2.0
447,0.0,ILE, ,CG1,18.08,2.82,1.0,<Residue ILE het=  resseq=58 icode= >,1sd4_A_A,2.0
448,0.0,ILE, ,CG2,18.56,2.33,1.0,<Residue ILE het=  resseq=58 icode= >,1sd4_A_A,2.0
449,0.0,ILE, ,CD1,18.14,2.34,1.0,<Residue ILE het=  resseq=58 icode= >,1sd4_A_A,2.0
450,0.0,LYS, ,N,18.37,4.19,1.0,<Residue LYS het=  resseq=59 icode= >,1sd4_A_A,2.0
451,1.799,LYS, ,CA,19.75,3.36,1.0,<Residue LYS het=  resseq=59 icode= >,1sd4_A_A,2.0
452,0.0,LYS, ,C,20.15,4.17,1.0,<Residue LYS het=  resseq=59 icode= >,1sd4_A_A,2.0
453,0.0,LYS, ,O,20.77,3.77,1.0,<Residue LYS het=  resseq=59 icode= >,1sd4_A_A,2.0
454,17.256,LYS, ,CB,20.24,2.84,1.0,<Residue LYS het=  resseq=59 icode= >,1sd4_A_A,2.0
455,3.766,LYS, ,CG,21.7,3.06,1.0,<Residue LYS het=  resseq=59 icode= >,1sd4_A_A,2.0
456,21.743,LYS, ,CD,24.1,2.85,1.0,<Residue LYS het=  resseq=59 icode= >,1sd4_A_A,2.0
457,23.306,LYS, ,CE,31.31,2.80,1.0,<Residue LYS het=  resseq=59 icode= >,1sd4_A_A,2.0
458,34.568,LYS, ,NZ,34.83,1.75,1.0,<Residue LYS het=  resseq=59 icode= >,1sd4_A_A,2.0
459,2.19,ARG, ,N,20.4,3.46,1.0,<Residue ARG het=  resseq=60 icode= >,1sd4_A_A,2.0
460,0.809,ARG, ,CA,19.59,3.61,1.0,<Residue ARG het=  resseq=60 icode= >,1sd4_A_A,2.0
461,2.557,ARG, ,C,21.38,3.85,1.0,<Residue ARG het=  resseq=60 icode= >,1sd4_A_A,2.0
462,23.608,ARG, ,O,19.47,4.69,1.0,<Residue ARG het=  resseq=60 icode= >,1sd4_A_A,2.0
463,0.0,ARG, ,CB,19.36,3.82,1.0,<Residue ARG het=  resseq=60 icode= >,1sd4_A_A,2.0
464,2.359,ARG, ,CG,21.84,3.57,1.0,<Residue ARG het=  resseq=60 icode= >,1sd4_A_A,2.0
465,0.0,ARG, ,CD,22.19,3.61,1.0,<Residue ARG het=  resseq=60 icode= >,1sd4_A_A,2.0
466,1.523,ARG, ,NE,24.19,4.00,1.0,<Residue ARG het=  resseq=60 icode= >,1sd4_A_A,2.0
467,0.0,ARG, ,CZ,26.72,4.19,1.0,<Residue ARG het=  resseq=60 icode= >,1sd4_A_A,2.0
468,17.38,ARG, ,NH1,24.21,3.01,1.0,<Residue ARG het=  resseq=60 icode= >,1sd4_A_A,2.0
469,30.078,ARG, ,NH2,23.09,3.10,1.0,<Residue ARG het=  resseq=60 icode= >,1sd4_A_A,2.0
470,0.0,TYR, ,N,22.16,3.16,1.0,<Residue TYR het=  resseq=61 icode= >,1sd4_A_A,2.0
471,6.836,TYR, ,CA,22.41,2.79,1.0,<Residue TYR het=  resseq=61 icode= >,1sd4_A_A,2.0
472,0.0,TYR, ,C,23.14,3.70,1.0,<Residue TYR het=  resseq=61 icode= >,1sd4_A_A,2.0
473,0.0,TYR, ,O,22.17,3.86,1.0,<Residue TYR het=  resseq=61 icode= >,1sd4_A_A,2.0
474,30.883,TYR, ,CB,23.04,2.04,1.0,<Residue TYR het=  resseq=61 icode= >,1sd4_A_A,2.0
475,1.983,TYR, ,CG,22.86,3.06,1.0,<Residue TYR het=  resseq=61 icode= >,1sd4_A_A,2.0
476,8.313,TYR, ,CD1,28.07,1.87,1.0,<Residue TYR het=  resseq=61 icode= >,1sd4_A_A,2.0
477,16.594,TYR, ,CD2,26.82,2.46,1.0,<Residue TYR het=  resseq=61 icode= >,1sd4_A_A,2.0
478,9.48,TYR, ,CE1,27.35,2.29,1.0,<Residue TYR het=  resseq=61 icode= >,1sd4_A_A,2.0
479,12.264,TYR, ,CE2,28.51,2.25,1.0,<Residue TYR het=  resseq=61 icode= >,1sd4_A_A,2.0
480,4.828,TYR, ,CZ,31.42,2.30,1.0,<Residue TYR het=  resseq=61 icode= >,1sd4_A_A,2.0
481,24.345,TYR, ,OH,31.41,2.37,1.0,<Residue TYR het=  resseq=61 icode= >,1sd4_A_A,2.0
482,6.395,LYS, ,N,22.0,3.90,1.0,<Residue LYS het=  resseq=62 icode= >,1sd4_A_A,2.0
483,0.0,LYS, ,CA,25.78,3.52,1.0,<Residue LYS het=  resseq=62 icode= >,1sd4_A_A,2.0
484,0.258,LYS, ,C,26.54,3.26,1.0,<Residue LYS het=  resseq=62 icode= >,1sd4_A_A,2.0
485,25.161,LYS, ,O,25.85,3.44,1.0,<Residue LYS het=  resseq=62 icode= >,1sd4_A_A,2.0
486,12.339,LYS, ,CB,25.14,2.81,1.0,<Residue LYS het=  resseq=62 icode= >,1sd4_A_A,2.0
487,1.403,LYS, ,CG,29.7,2.58,1.0,<Residue LYS het=  resseq=62 icode= >,1sd4_A_A,2.0
488,1.783,LYS, ,CD,32.23,2.94,1.0,<Residue LYS het=  resseq=62 icode= >,1sd4_A_A,2.0
489,28.286,LYS, ,CE,40.58,1.33,1.0,<Residue LYS het=  resseq=62 icode= >,1sd4_A_A,2.0
490,35.625,LYS, ,NZ,45.94,1.12,1.0,<Residue LYS het=  resseq=62 icode= >,1sd4_A_A,2.0
491,0.0,SER, ,N,27.27,2.96,1.0,<Residue SER het=  resseq=63 icode= >,1sd4_A_A,2.0
492,5.003,SER, ,CA,29.03,3.16,1.0,<Residue SER het=  resseq=63 icode= >,1sd4_A_A,2.0
493,0.139,SER, ,C,29.57,4.23,1.0,<Residue SER het=  resseq=63 icode= >,1sd4_A_A,2.0
494,0.639,SER, ,O,29.37,3.32,1.0,<Residue SER het=  resseq=63 icode= >,1sd4_A_A,2.0
495,11.673,SER, ,CB,29.44,2.10,1.0,<Residue SER het=  resseq=63 icode= >,1sd4_A_A,2.0
496,26.293,SER, ,OG,32.01,2.10,1.0,<Residue SER het=  resseq=63 icode= >,1sd4_A_A,2.0
497,10.059,GLU, ,N,30.42,2.98,1.0,<Residue GLU het=  resseq=64 icode= >,1sd4_A_A,2.0
498,13.898,GLU, ,CA,31.06,2.69,1.0,<Residue GLU het=  resseq=64 icode= >,1sd4_A_A,2.0
499,2.376,GLU, ,C,31.24,3.71,1.0,<Residue GLU het=  resseq=64 icode= >,1sd4_A_A,2.0
500,10.579,GLU, ,O,30.71,2.95,1.0,<Residue GLU het=  resseq=64 icode= >,1sd4_A_A,2.0
501,13.018,GLU, ,CB,32.31,2.09,1.0,<Residue GLU het=  resseq=64 icode= >,1sd4_A_A,2.0
502,27.195,GLU, ,CG,36.01,2.12,1.0,<Residue GLU het=  resseq=64 icode= >,1sd4_A_A,2.0
503,12.786,GLU, ,CD,39.98,2.46,1.0,<Residue GLU het=  resseq=64 icode= >,1sd4_A_A,2.0
504,34.785,GLU, ,OE1,44.74,1.63,1.0,<Residue GLU het=  resseq=64 icode= >,1sd4_A_A,2.0
505,41.051,GLU, ,OE2,42.89,1.59,1.0,<Residue GLU het=  resseq=64 icode= >,1sd4_A_A,2.0
506,7.037,ASN, ,N,29.98,3.53,1.0,<Residue ASN het=  resseq=65 icode= >,1sd4_A_A,2.0
507,1.114,ASN, ,CA,31.33,2.97,1.0,<Residue ASN het=  resseq=65 icode= >,1sd4_A_A,2.0
508,0.0,ASN, ,C,29.89,3.53,1.0,<Residue ASN het=  resseq=65 icode= >,1sd4_A_A,2.0
509,12.477,ASN, ,O,30.15,2.67,1.0,<Residue ASN het=  resseq=65 icode= >,1sd4_A_A,2.0
510,22.426,ASN, ,CB,33.95,2.41,1.0,<Residue ASN het=  resseq=65 icode= >,1sd4_A_A,2.0
511,5.882,ASN, ,CG,39.34,2.09,1.0,<Residue ASN het=  resseq=65 icode= >,1sd4_A_A,2.0
512,26.652,ASN, ,OD1,45.14,1.09,1.0,<Residue ASN het=  resseq=65 icode= >,1sd4_A_A,2.0
513,48.641,ASN, ,ND2,44.66,0.73,1.0,<Residue ASN het=  resseq=65 icode= >,1sd4_A_A,2.0
514,0.0,ILE, ,N,28.03,2.88,1.0,<Residue ILE het=  resseq=66 icode= >,1sd4_A_A,2.0
515,3.169,ILE, ,CA,25.9,3.02,1.0,<Residue ILE het=  resseq=66 icode= >,1sd4_A_A,2.0
516,0.0,ILE, ,C,23.84,4.65,1.0,<Residue ILE het=  resseq=66 icode= >,1sd4_A_A,2.0
517,0.0,ILE, ,O,24.1,3.80,1.0,<Residue ILE het=  resseq=66 icode= >,1sd4_A_A,2.0
518,0.0,ILE, ,CB,26.47,2.71,1.0,<Residue ILE het=  resseq=66 icode= >,1sd4_A_A,2.0
519,13.446,ILE, ,CG1,27.05,1.73,1.0,<Residue ILE het=  resseq=66 icode= >,1sd4_A_A,2.0
520,17.557,ILE, ,CG2,26.77,1.67,1.0,<Residue ILE het=  resseq=66 icode= >,1sd4_A_A,2.0
521,51.641,ILE, ,CD1,32.05,1.04,1.0,<Residue ILE het=  resseq=66 icode= >,1sd4_A_A,2.0
522,3.571,TYR, ,N,23.73,3.84,1.0,<Residue TYR het=  resseq=67 icode= >,1sd4_A_A,2.0
523,0.0,TYR, ,CA,22.59,3.84,1.0,<Residue TYR het=  resseq=67 icode= >,1sd4_A_A,2.0
524,0.0,TYR, ,C,22.11,4.63,1.0,<Residue TYR het=  resseq=67 icode= >,1sd4_A_A,2.0
525,1.447,TYR, ,O,24.05,3.92,1.0,<Residue TYR het=  resseq=67 icode= >,1sd4_A_A,2.0
526,4.644,TYR, ,CB,22.66,2.34,1.0,<Residue TYR het=  resseq=67 icode= >,1sd4_A_A,2.0
527,0.0,TYR, ,CG,25.15,3.11,1.0,<Residue TYR het=  resseq=67 icode= >,1sd4_A_A,2.0
528,0.0,TYR, ,CD1,25.72,2.60,1.0,<Residue TYR het=  resseq=67 icode= >,1sd4_A_A,2.0
529,16.742,TYR, ,CD2,28.75,2.31,1.0,<Residue TYR het=  resseq=67 icode= >,1sd4_A_A,2.0
530,9.71,TYR, ,CE1,28.41,2.76,1.0,<Residue TYR het=  resseq=67 icode= >,1sd4_A_A,2.0
531,23.534,TYR, ,CE2,30.55,1.77,1.0,<Residue TYR het=  resseq=67 icode= >,1sd4_A_A,2.0
532,0.0,TYR, ,CZ,30.83,2.83,1.0,<Residue TYR het=  resseq=67 icode= >,1sd4_A_A,2.0
533,26.436,TYR, ,OH,32.2,2.89,1.0,<Residue TYR het=  resseq=67 icode= >,1sd4_A_A,2.0
534,0.0,PHE, ,N,21.71,4.22,1.0,<Residue PHE het=  resseq=68 icode= >,1sd4_A_A,2.0
535,0.0,PHE, ,CA,22.32,3.24,1.0,<Residue PHE het=  resseq=68 icode= >,1sd4_A_A,2.0
536,0.0,PHE, ,C,22.24,3.41,1.0,<Residue PHE het=  resseq=68 icode= >,1sd4_A_A,2.0
537,0.03,PHE, ,O,22.08,4.32,1.0,<Residue PHE het=  resseq=68 icode= >,1sd4_A_A,2.0
538,0.0,PHE, ,CB,22.26,2.52,1.0,<Residue PHE het=  resseq=68 icode= >,1sd4_A_A,2.0
539,0.0,PHE, ,CG,24.86,2.68,1.0,<Residue PHE het=  resseq=68 icode= >,1sd4_A_A,2.0
540,3.222,PHE, ,CD1,29.18,1.42,1.0,<Residue PHE het=  resseq=68 icode= >,1sd4_A_A,2.0
541,0.0,PHE, ,CD2,26.51,2.38,1.0,<Residue PHE het=  resseq=68 icode= >,1sd4_A_A,2.0
542,25.674,PHE, ,CE1,30.76,1.93,1.0,<Residue PHE het=  resseq=68 icode= >,1sd4_A_A,2.0
543,3.488,PHE, ,CE2,28.35,2.02,1.0,<Residue PHE het=  resseq=68 icode= >,1sd4_A_A,2.0
544,18.892,PHE, ,CZ,30.92,1.52,1.0,<Residue PHE het=  resseq=68 icode= >,1sd4_A_A,2.0
545,0.0,TYR, ,N,22.78,2.82,1.0,<Residue TYR het=  resseq=69 icode= >,1sd4_A_A,2.0
546,0.0,TYR, ,CA,20.65,3.68,1.0,<Residue TYR het=  resseq=69 icode= >,1sd4_A_A,2.0
547,0.0,TYR, ,C,21.48,4.60,1.0,<Residue TYR het=  resseq=69 icode= >,1sd4_A_A,2.0
548,0.119,TYR, ,O,21.36,3.65,1.0,<Residue TYR het=  resseq=69 icode= >,1sd4_A_A,2.0
549,0.0,TYR, ,CB,21.37,2.92,1.0,<Residue TYR het=  resseq=69 icode= >,1sd4_A_A,2.0
550,0.0,TYR, ,CG,18.4,3.77,1.0,<Residue TYR het=  resseq=69 icode= >,1sd4_A_A,2.0
551,0.0,TYR, ,CD1,16.77,3.03,1.0,<Residue TYR het=  resseq=69 icode= >,1sd4_A_A,2.0
552,0.0,TYR, ,CD2,23.74,3.08,1.0,<Residue TYR het=  resseq=69 icode= >,1sd4_A_A,2.0
553,0.0,TYR, ,CE1,17.25,3.03,1.0,<Residue TYR het=  resseq=69 icode= >,1sd4_A_A,2.0
554,0.515,TYR, ,CE2,23.04,2.87,1.0,<Residue TYR het=  resseq=69 icode= >,1sd4_A_A,2.0
555,0.0,TYR, ,CZ,23.32,3.30,1.0,<Residue TYR het=  resseq=69 icode= >,1sd4_A_A,2.0
556,12.248,TYR, ,OH,22.47,3.70,1.0,<Residue TYR het=  resseq=69 icode= >,1sd4_A_A,2.0
557,0.0,SER, ,N,21.64,4.24,1.0,<Residue SER het=  resseq=70 icode= >,1sd4_A_A,2.0
558,0.045,SER, ,CA,23.56,3.41,1.0,<Residue SER het=  resseq=70 icode= >,1sd4_A_A,2.0
559,0.0,SER, ,C,23.02,4.29,1.0,<Residue SER het=  resseq=70 icode= >,1sd4_A_A,2.0
560,0.0,SER, ,O,22.18,4.51,1.0,<Residue SER het=  resseq=70 icode= >,1sd4_A_A,2.0
561,8.059,SER, ,CB,23.77,3.24,1.0,<Residue SER het=  resseq=70 icode= >,1sd4_A_A,2.0
562,4.708,SER, ,OG,31.4,2.04,1.0,<Residue SER het=  resseq=70 icode= >,1sd4_A_A,2.0
563,3.135,SER, ,N,23.37,3.69,1.0,<Residue SER het=  resseq=71 icode= >,1sd4_A_A,2.0
564,0.0,SER, ,CA,22.68,3.15,1.0,<Residue SER het=  resseq=71 icode= >,1sd4_A_A,2.0
565,0.26,SER, ,C,22.71,4.52,1.0,<Residue SER het=  resseq=71 icode= >,1sd4_A_A,2.0
566,9.672,SER, ,O,23.75,3.45,1.0,<Residue SER het=  resseq=71 icode= >,1sd4_A_A,2.0
567,16.944,SER, ,CB,23.3,2.88,1.0,<Residue SER het=  resseq=71 icode= >,1sd4_A_A,2.0
568,1.216,SER, ,OG,24.97,3.35,1.0,<Residue SER het=  resseq=71 icode= >,1sd4_A_A,2.0
569,0.0,ASN, ,N,22.14,4.01,1.0,<Residue ASN het=  resseq=72 icode= >,1sd4_A_A,2.0
570,3.263,ASN, ,CA,22.06,3.32,1.0,<Residue ASN het=  resseq=72 icode= >,1sd4_A_A,2.0
571,4.21,ASN, ,C,22.88,3.68,1.0,<Residue ASN het=  resseq=72 icode= >,1sd4_A_A,2.0
572,16.395,ASN, ,O,22.7,3.91,1.0,<Residue ASN het=  resseq=72 icode= >,1sd4_A_A,2.0
573,0.0,ASN, ,CB,21.64,3.07,1.0,<Residue ASN het=  resseq=72 icode= >,1sd4_A_A,2.0
574,0.713,ASN, ,CG,23.15,4.65,1.0,<Residue ASN het=  resseq=72 icode= >,1sd4_A_A,2.0
575,25.101,ASN, ,OD1,24.35,3.91,1.0,<Residue ASN het=  resseq=72 icode= >,1sd4_A_A,2.0
576,28.788,ASN, ,ND2,19.89,3.54,1.0,<Residue ASN het=  resseq=72 icode= >,1sd4_A_A,2.0
577,1.881,ILE, ,N,23.9,2.71,1.0,<Residue ILE het=  resseq=73 icode= >,1sd4_A_A,2.0
578,5.454,ILE, ,CA,24.2,3.08,1.0,<Residue ILE het=  resseq=73 icode= >,1sd4_A_A,2.0
579,3.152,ILE, ,C,24.17,4.18,1.0,<Residue ILE het=  resseq=73 icode= >,1sd4_A_A,2.0
580,4.762,ILE, ,O,24.4,3.41,1.0,<Residue ILE het=  resseq=73 icode= >,1sd4_A_A,2.0
581,0.799,ILE, ,CB,23.87,2.89,1.0,<Residue ILE het=  resseq=73 icode= >,1sd4_A_A,2.0
582,15.511,ILE, ,CG1,27.48,1.57,1.0,<Residue ILE het=  resseq=73 icode= >,1sd4_A_A,2.0
583,0.0,ILE, ,CG2,24.87,2.29,1.0,<Residue ILE het=  resseq=73 icode= >,1sd4_A_A,2.0
584,7.47,ILE, ,CD1,29.99,1.17,1.0,<Residue ILE het=  resseq=73 icode= >,1sd4_A_A,2.0
585,4.573,LYS, ,N,24.34,3.70,1.0,<Residue LYS het=  resseq=74 icode= >,1sd4_A_A,2.0
586,5.267,LYS, ,CA,25.66,3.16,1.0,<Residue LYS het=  resseq=74 icode= >,1sd4_A_A,2.0
587,0.0,LYS, ,C,25.58,4.14,1.0,<Residue LYS het=  resseq=74 icode= >,1sd4_A_A,2.0
588,0.0,LYS, ,O,25.34,3.22,1.0,<Residue LYS het=  resseq=74 icode= >,1sd4_A_A,2.0
589,4.867,LYS, ,CB,27.07,2.43,1.0,<Residue LYS het=  resseq=74 icode= >,1sd4_A_A,2.0
590,23.401,LYS, ,CG,34.09,0.79,1.0,<Residue LYS het=  resseq=74 icode= >,1sd4_A_A,2.0
591,25.665,LYS, ,CD,41.95,0.55,1.0,<Residue LYS het=  resseq=74 icode= >,1sd4_A_A,2.0
592,42.563,LYS, ,CE,47.52,0.49,1.0,<Residue LYS het=  resseq=74 icode= >,1sd4_A_A,2.0
593,48.591,LYS, ,NZ,50.27,0.99,1.0,<Residue LYS het=  resseq=74 icode= >,1sd4_A_A,2.0
594,5.158,GLU, ,N,24.86,3.72,1.0,<Residue GLU het=  resseq=75 icode= >,1sd4_A_A,2.0
595,0.0,GLU, ,CA,26.59,3.01,1.0,<Residue GLU het=  resseq=75 icode= >,1sd4_A_A,2.0
596,0.0,GLU, ,C,26.41,4.43,1.0,<Residue GLU het=  resseq=75 icode= >,1sd4_A_A,2.0
597,0.0,GLU, ,O,26.22,3.70,1.0,<Residue GLU het=  resseq=75 icode= >,1sd4_A_A,2.0
598,10.992,GLU, ,CB,25.96,2.98,1.0,<Residue GLU het=  resseq=75 icode= >,1sd4_A_A,2.0
599,1.367,GLU, ,CG,29.33,2.41,1.0,<Residue GLU het=  resseq=75 icode= >,1sd4_A_A,2.0
600,6.345,GLU, ,CD,32.3,3.94,1.0,<Residue GLU het=  resseq=75 icode= >,1sd4_A_A,2.0
601,22.267,GLU, ,OE1,31.22,3.54,1.0,<Residue GLU het=  resseq=75 icode= >,1sd4_A_A,2.0
602,12.153,GLU, ,OE2,34.33,2.60,1.0,<Residue GLU het=  resseq=75 icode= >,1sd4_A_A,2.0
603,3.109,ASP, ,N,28.03,3.49,1.0,<Residue ASP het=  resseq=76 icode= >,1sd4_A_A,2.0
604,1.377,ASP, ,CA,29.48,2.93,1.0,<Residue ASP het=  resseq=76 icode= >,1sd4_A_A,2.0
605,0.105,ASP, ,C,27.85,4.33,1.0,<Residue ASP het=  resseq=76 icode= >,1sd4_A_A,2.0
606,0.986,ASP, ,O,26.51,3.95,1.0,<Residue ASP het=  resseq=76 icode= >,1sd4_A_A,2.0
607,29.187,ASP, ,CB,31.02,2.23,1.0,<Residue ASP het=  resseq=76 icode= >,1sd4_A_A,2.0
608,9.656,ASP, ,CG,39.33,2.29,1.0,<Residue ASP het=  resseq=76 icode= >,1sd4_A_A,2.0
609,32.788,ASP, ,OD1,42.76,1.92,1.0,<Residue ASP het=  resseq=76 icode= >,1sd4_A_A,2.0
610,36.373,ASP, ,OD2,47.17,1.52,1.0,<Residue ASP het=  resseq=76 icode= >,1sd4_A_A,2.0
611,0.0,ASP, ,N,25.79,4.22,1.0,<Residue ASP het=  resseq=77 icode= >,1sd4_A_A,2.0
612,2.391,ASP, ,CA,26.67,3.34,1.0,<Residue ASP het=  resseq=77 icode= >,1sd4_A_A,2.0
613,0.789,ASP, ,C,25.22,4.11,1.0,<Residue ASP het=  resseq=77 icode= >,1sd4_A_A,2.0
614,5.498,ASP, ,O,23.4,4.07,1.0,<Residue ASP het=  resseq=77 icode= >,1sd4_A_A,2.0
615,21.899,ASP, ,CB,28.26,2.13,1.0,<Residue ASP het=  resseq=77 icode= >,1sd4_A_A,2.0
616,9.637,ASP, ,CG,33.9,2.64,1.0,<Residue ASP het=  resseq=77 icode= >,1sd4_A_A,2.0
617,32.826,ASP, ,OD1,41.15,1.30,1.0,<Residue ASP het=  resseq=77 icode= >,1sd4_A_A,2.0
618,18.456,ASP, ,OD2,41.11,1.51,1.0,<Residue ASP het=  resseq=77 icode= >,1sd4_A_A,2.0
619,0.048,ILE, ,N,23.68,3.41,1.0,<Residue ILE het=  resseq=78 icode= >,1sd4_A_A,2.0
620,1.598,ILE, ,CA,21.88,2.83,1.0,<Residue ILE het=  resseq=78 icode= >,1sd4_A_A,2.0
621,0.0,ILE, ,C,20.57,4.49,1.0,<Residue ILE het=  resseq=78 icode= >,1sd4_A_A,2.0
622,0.0,ILE, ,O,20.92,4.34,1.0,<Residue ILE het=  resseq=78 icode= >,1sd4_A_A,2.0
623,0.668,ILE, ,CB,23.25,3.20,1.0,<Residue ILE het=  resseq=78 icode= >,1sd4_A_A,2.0
624,0.0,ILE, ,CG1,22.68,2.51,1.0,<Residue ILE het=  resseq=78 icode= >,1sd4_A_A,2.0
625,0.0,ILE, ,CG2,20.49,2.86,1.0,<Residue ILE het=  resseq=78 icode= >,1sd4_A_A,2.0
626,2.943,ILE, ,CD1,27.64,1.71,1.0,<Residue ILE het=  resseq=78 icode= >,1sd4_A_A,2.0
627,0.0,LYS, ,N,20.03,4.41,1.0,<Residue LYS het=  resseq=79 icode= >,1sd4_A_A,2.0
628,0.022,LYS, ,CA,21.18,3.67,1.0,<Residue LYS het=  resseq=79 icode= >,1sd4_A_A,2.0
629,0.0,LYS, ,C,20.48,5.58,1.0,<Residue LYS het=  resseq=79 icode= >,1sd4_A_A,2.0
630,0.436,LYS, ,O,21.43,4.95,1.0,<Residue LYS het=  resseq=79 icode= >,1sd4_A_A,2.0
631,0.492,LYS, ,CB,20.97,2.67,1.0,<Residue LYS het=  resseq=79 icode= >,1sd4_A_A,2.0
632,16.696,LYS, ,CG,22.29,2.71,1.0,<Residue LYS het=  resseq=79 icode= >,1sd4_A_A,2.0
633,30.353,LYS, ,CD,29.76,2.07,1.0,<Residue LYS het=  resseq=79 icode= >,1sd4_A_A,2.0
634,6.167,LYS, ,CE,30.59,2.13,1.0,<Residue LYS het=  resseq=79 icode= >,1sd4_A_A,2.0
635,34.773,LYS, ,NZ,38.26,1.73,1.0,<Residue LYS het=  resseq=79 icode= >,1sd4_A_A,2.0
636,0.275,MET, ,N,20.06,4.16,1.0,<Residue MET het=  resseq=80 icode= >,1sd4_A_A,2.0
637,1.693,MET, ,CA,22.09,3.67,1.0,<Residue MET het=  resseq=80 icode= >,1sd4_A_A,2.0
638,0.0,MET, ,C,21.3,4.45,1.0,<Residue MET het=  resseq=80 icode= >,1sd4_A_A,2.0
639,0.0,MET, ,O,21.89,4.49,1.0,<Residue MET het=  resseq=80 icode= >,1sd4_A_A,2.0
640,9.624,MET, ,CB,20.96,3.37,1.0,<Residue MET het=  resseq=80 icode= >,1sd4_A_A,2.0
641,31.02,MET, ,CG,27.2,2.16,1.0,<Residue MET het=  resseq=80 icode= >,1sd4_A_A,2.0
642,42.796,MET, ,S,34.04,13.43,1.0,<Residue MET het=  resseq=80 icode= >,1sd4_A_A,2.0
643,33.473,MET, ,CE,30.91,1.75,1.0,<Residue MET het=  resseq=80 icode= >,1sd4_A_A,2.0
644,0.374,LYS, ,N,21.09,3.85,1.0,<Residue LYS het=  resseq=81 icode= >,1sd4_A_A,2.0
645,7.282,LYS, ,CA,21.56,3.23,1.0,<Residue LYS het=  resseq=81 icode= >,1sd4_A_A,2.0
646,0.006,LYS, ,C,21.93,4.40,1.0,<Residue LYS het=  resseq=81 icode= >,1sd4_A_A,2.0
647,1.092,LYS, ,O,20.4,4.20,1.0,<Residue LYS het=  resseq=81 icode= >,1sd4_A_A,2.0
648,7.825,LYS, ,CB,22.77,2.59,1.0,<Residue LYS het=  resseq=81 icode= >,1sd4_A_A,2.0
649,21.212,LYS, ,CG,27.44,2.02,1.0,<Residue LYS het=  resseq=81 icode= >,1sd4_A_A,2.0
650,9.648,LYS, ,CD,38.37,0.65,1.0,<Residue LYS het=  resseq=81 icode= >,1sd4_A_A,2.0
651,31.664,LYS, ,CE,42.08,0.66,1.0,<Residue LYS het=  resseq=81 icode= >,1sd4_A_A,2.0
652,17.67,LYS, ,NZ,45.45,1.25,1.0,<Residue LYS het=  resseq=81 icode= >,1sd4_A_A,2.0
653,0.0,THR, ,N,20.79,4.26,1.0,<Residue THR het=  resseq=82 icode= >,1sd4_A_A,2.0
654,4.926,THR, ,CA,21.15,3.80,1.0,<Residue THR het=  resseq=82 icode= >,1sd4_A_A,2.0
655,0.0,THR, ,C,21.93,4.41,1.0,<Residue THR het=  resseq=82 icode= >,1sd4_A_A,2.0
656,1.42,THR, ,O,22.6,3.91,1.0,<Residue THR het=  resseq=82 icode= >,1sd4_A_A,2.0
657,0.635,THR, ,CB,22.03,3.56,1.0,<Residue THR het=  resseq=82 icode= >,1sd4_A_A,2.0
658,3.356,THR, ,OG1,26.71,2.92,1.0,<Residue THR het=  resseq=82 icode= >,1sd4_A_A,2.0
659,27.874,THR, ,CG2,22.9,2.25,1.0,<Residue THR het=  resseq=82 icode= >,1sd4_A_A,2.0
660,0.266,ALA, ,N,21.49,4.05,1.0,<Residue ALA het=  resseq=83 icode= >,1sd4_A_A,2.0
661,4.203,ALA, ,CA,21.79,4.28,1.0,<Residue ALA het=  resseq=83 icode= >,1sd4_A_A,2.0
662,0.809,ALA, ,C,22.17,4.99,1.0,<Residue ALA het=  resseq=83 icode= >,1sd4_A_A,2.0
663,1.235,ALA, ,O,23.05,4.26,1.0,<Residue ALA het=  resseq=83 icode= >,1sd4_A_A,2.0
664,37.794,ALA, ,CB,20.18,3.17,1.0,<Residue ALA het=  resseq=83 icode= >,1sd4_A_A,2.0
665,0.0,LYS, ,N,22.49,4.26,1.0,<Residue LYS het=  resseq=84 icode= >,1sd4_A_A,2.0
666,1.588,LYS, ,CA,23.05,3.53,1.0,<Residue LYS het=  resseq=84 icode= >,1sd4_A_A,2.0
667,0.0,LYS, ,C,23.32,5.11,1.0,<Residue LYS het=  resseq=84 icode= >,1sd4_A_A,2.0
668,0.0,LYS, ,O,22.96,4.43,1.0,<Residue LYS het=  resseq=84 icode= >,1sd4_A_A,2.0
669,2.462,LYS, ,CB,24.89,2.73,1.0,<Residue LYS het=  resseq=84 icode= >,1sd4_A_A,2.0
670,9.833,LYS, ,CG,30.63,1.63,1.0,<Residue LYS het=  resseq=84 icode= >,1sd4_A_A,2.0
671,22.886,LYS, ,CD,40.04,1.05,1.0,<Residue LYS het=  resseq=84 icode= >,1sd4_A_A,2.0
672,36.333,LYS, ,CE,44.4,0.58,1.0,<Residue LYS het=  resseq=84 icode= >,1sd4_A_A,2.0
673,48.961,LYS, ,NZ,48.78,0.47,1.0,<Residue LYS het=  resseq=84 icode= >,1sd4_A_A,2.0
674,0.0,THR, ,N,22.06,5.22,1.0,<Residue THR het=  resseq=85 icode= >,1sd4_A_A,2.0
675,3.111,THR, ,CA,23.13,3.81,1.0,<Residue THR het=  resseq=85 icode= >,1sd4_A_A,2.0
676,0.0,THR, ,C,23.7,4.10,1.0,<Residue THR het=  resseq=85 icode= >,1sd4_A_A,2.0
677,0.434,THR, ,O,23.34,3.81,1.0,<Residue THR het=  resseq=85 icode= >,1sd4_A_A,2.0
678,3.218,THR, ,CB,23.58,3.10,1.0,<Residue THR het=  resseq=85 icode= >,1sd4_A_A,2.0
679,23.038,THR, ,OG1,22.63,3.78,1.0,<Residue THR het=  resseq=85 icode= >,1sd4_A_A,2.0
680,36.498,THR, ,CG2,21.99,2.53,1.0,<Residue THR het=  resseq=85 icode= >,1sd4_A_A,2.0
681,0.313,PHE, ,N,22.46,3.49,1.0,<Residue PHE het=  resseq=86 icode= >,1sd4_A_A,2.0
682,5.733,PHE, ,CA,24.34,3.10,1.0,<Residue PHE het=  resseq=86 icode= >,1sd4_A_A,2.0
683,0.0,PHE, ,C,23.55,4.56,1.0,<Residue PHE het=  resseq=86 icode= >,1sd4_A_A,2.0
684,0.0,PHE, ,O,22.84,4.50,1.0,<Residue PHE het=  resseq=86 icode= >,1sd4_A_A,2.0
685,6.691,PHE, ,CB,25.79,2.65,1.0,<Residue PHE het=  resseq=86 icode= >,1sd4_A_A,2.0
686,2.142,PHE, ,CG,31.63,2.64,1.0,<Residue PHE het=  resseq=86 icode= >,1sd4_A_A,2.0
687,19.16,PHE, ,CD1,39.01,1.33,1.0,<Residue PHE het=  resseq=86 icode= >,1sd4_A_A,2.0
688,10.563,PHE, ,CD2,38.15,1.60,1.0,<Residue PHE het=  resseq=86 icode= >,1sd4_A_A,2.0
689,19.572,PHE, ,CE1,40.19,1.28,1.0,<Residue PHE het=  resseq=86 icode= >,1sd4_A_A,2.0
690,8.887,PHE, ,CE2,39.97,1.61,1.0,<Residue PHE het=  resseq=86 icode= >,1sd4_A_A,2.0
691,20.79,PHE, ,CZ,41.87,1.50,1.0,<Residue PHE het=  resseq=86 icode= >,1sd4_A_A,2.0
692,0.0,LEU, ,N,22.66,4.18,1.0,<Residue LEU het=  resseq=87 icode= >,1sd4_A_A,2.0
693,0.0,LEU, ,CA,23.85,3.55,1.0,<Residue LEU het=  resseq=87 icode= >,1sd4_A_A,2.0
694,0.0,LEU, ,C,23.67,4.42,1.0,<Residue LEU het=  resseq=87 icode= >,1sd4_A_A,2.0
695,0.0,LEU, ,O,22.22,4.06,1.0,<Residue LEU het=  resseq=87 icode= >,1sd4_A_A,2.0
696,3.448,LEU, ,CB,23.95,2.53,1.0,<Residue LEU het=  resseq=87 icode= >,1sd4_A_A,2.0
697,0.0,LEU, ,CG,27.48,2.26,1.0,<Residue LEU het=  resseq=87 icode= >,1sd4_A_A,2.0
698,1.182,LEU, ,CD1,25.95,1.79,1.0,<Residue LEU het=  resseq=87 icode= >,1sd4_A_A,2.0
699,22.88,LEU, ,CD2,29.7,1.41,1.0,<Residue LEU het=  resseq=87 icode= >,1sd4_A_A,2.0
700,0.0,ASN, ,N,24.94,3.37,1.0,<Residue ASN het=  resseq=88 icode= >,1sd4_A_A,2.0
701,0.48,ASN, ,CA,27.04,3.01,1.0,<Residue ASN het=  resseq=88 icode= >,1sd4_A_A,2.0
702,0.764,ASN, ,C,26.54,4.29,1.0,<Residue ASN het=  resseq=88 icode= >,1sd4_A_A,2.0
703,13.874,ASN, ,O,26.73,3.46,1.0,<Residue ASN het=  resseq=88 icode= >,1sd4_A_A,2.0
704,19.325,ASN, ,CB,26.78,2.77,1.0,<Residue ASN het=  resseq=88 icode= >,1sd4_A_A,2.0
705,5.748,ASN, ,CG,31.82,2.69,1.0,<Residue ASN het=  resseq=88 icode= >,1sd4_A_A,2.0
706,14.143,ASN, ,OD1,36.33,1.93,1.0,<Residue ASN het=  resseq=88 icode= >,1sd4_A_A,2.0
707,30.453,ASN, ,ND2,31.84,2.02,1.0,<Residue ASN het=  resseq=88 icode= >,1sd4_A_A,2.0
708,0.0,LYS, ,N,25.49,4.14,1.0,<Residue LYS het=  resseq=89 icode= >,1sd4_A_A,2.0
709,5.128,LYS, ,CA,27.3,3.32,1.0,<Residue LYS het=  resseq=89 icode= >,1sd4_A_A,2.0
710,0.0,LYS, ,C,26.54,4.01,1.0,<Residue LYS het=  resseq=89 icode= >,1sd4_A_A,2.0
711,25.285,LYS, ,O,27.32,2.94,1.0,<Residue LYS het=  resseq=89 icode= >,1sd4_A_A,2.0
712,1.331,LYS, ,CB,28.17,2.46,1.0,<Residue LYS het=  resseq=89 icode= >,1sd4_A_A,2.0
713,24.488,LYS, ,CG,33.87,0.95,1.0,<Residue LYS het=  resseq=89 icode= >,1sd4_A_A,2.0
714,34.368,LYS, ,CD,37.95,1.39,1.0,<Residue LYS het=  resseq=89 icode= >,1sd4_A_A,2.0
715,26.496,LYS, ,CE,36.68,1.87,1.0,<Residue LYS het=  resseq=89 icode= >,1sd4_A_A,2.0
716,40.356,LYS, ,NZ,38.28,1.68,1.0,<Residue LYS het=  resseq=89 icode= >,1sd4_A_A,2.0
717,0.0,LEU, ,N,24.3,3.30,1.0,<Residue LEU het=  resseq=90 icode= >,1sd4_A_A,2.0
718,4.013,LEU, ,CA,24.61,3.38,1.0,<Residue LEU het=  resseq=90 icode= >,1sd4_A_A,2.0
719,1.769,LEU, ,C,23.64,5.08,1.0,<Residue LEU het=  resseq=90 icode= >,1sd4_A_A,2.0
720,23.269,LEU, ,O,25.34,3.48,1.0,<Residue LEU het=  resseq=90 icode= >,1sd4_A_A,2.0
721,1.315,LEU, ,CB,23.81,2.70,1.0,<Residue LEU het=  resseq=90 icode= >,1sd4_A_A,2.0
722,13.766,LEU, ,CG,26.47,2.66,1.0,<Residue LEU het=  resseq=90 icode= >,1sd4_A_A,2.0
723,27.189,LEU, ,CD1,25.03,2.04,1.0,<Residue LEU het=  resseq=90 icode= >,1sd4_A_A,2.0
724,32.603,LEU, ,CD2,24.63,1.98,1.0,<Residue LEU het=  resseq=90 icode= >,1sd4_A_A,2.0
725,0.0,TYR, ,N,22.47,3.91,1.0,<Residue TYR het=  resseq=91 icode= >,1sd4_A_A,2.0
726,3.023,TYR, ,CA,22.93,3.17,1.0,<Residue TYR het=  resseq=91 icode= >,1sd4_A_A,2.0
727,3.545,TYR, ,C,22.02,4.64,1.0,<Residue TYR het=  resseq=91 icode= >,1sd4_A_A,2.0
728,0.958,TYR, ,O,24.76,3.88,1.0,<Residue TYR het=  resseq=91 icode= >,1sd4_A_A,2.0
729,0.0,TYR, ,CB,21.99,2.65,1.0,<Residue TYR het=  resseq=91 icode= >,1sd4_A_A,2.0
730,0.0,TYR, ,CG,24.35,3.32,1.0,<Residue TYR het=  resseq=91 icode= >,1sd4_A_A,2.0
731,2.631,TYR, ,CD1,25.66,2.40,1.0,<Residue TYR het=  resseq=91 icode= >,1sd4_A_A,2.0
732,0.0,TYR, ,CD2,22.74,3.15,1.0,<Residue TYR het=  resseq=91 icode= >,1sd4_A_A,2.0
733,7.818,TYR, ,CE1,25.0,2.87,1.0,<Residue TYR het=  resseq=91 icode= >,1sd4_A_A,2.0
734,0.0,TYR, ,CE2,26.02,2.18,1.0,<Residue TYR het=  resseq=91 icode= >,1sd4_A_A,2.0
735,2.764,TYR, ,CZ,27.01,3.44,1.0,<Residue TYR het=  resseq=91 icode= >,1sd4_A_A,2.0
736,13.481,TYR, ,OH,27.53,3.33,1.0,<Residue TYR het=  resseq=91 icode= >,1sd4_A_A,2.0
737,5.35,GLY, ,N,21.57,3.82,1.0,<Residue GLY het=  resseq=92 icode= >,1sd4_A_A,2.0
738,35.732,GLY, ,CA,22.61,2.80,1.0,<Residue GLY het=  resseq=92 icode= >,1sd4_A_A,2.0
739,3.58,GLY, ,C,24.39,3.66,1.0,<Residue GLY het=  resseq=92 icode= >,1sd4_A_A,2.0
740,22.567,GLY, ,O,24.21,3.66,1.0,<Residue GLY het=  resseq=92 icode= >,1sd4_A_A,2.0
741,0.0,GLY, ,N,24.92,3.09,1.0,<Residue GLY het=  resseq=93 icode= >,1sd4_A_A,2.0
742,6.014,GLY, ,CA,23.88,3.35,1.0,<Residue GLY het=  resseq=93 icode= >,1sd4_A_A,2.0
743,0.432,GLY, ,C,25.57,3.75,1.0,<Residue GLY het=  resseq=93 icode= >,1sd4_A_A,2.0
744,24.233,GLY, ,O,26.33,2.86,1.0,<Residue GLY het=  resseq=93 icode= >,1sd4_A_A,2.0
745,0.0,ASP, ,N,24.91,3.39,1.0,<Residue ASP het=  resseq=94 icode= >,1sd4_A_A,2.0
746,2.374,ASP, ,CA,26.14,3.44,1.0,<Residue ASP het=  resseq=94 icode= >,1sd4_A_A,2.0
747,0.0,ASP, ,C,25.56,4.70,1.0,<Residue ASP het=  resseq=94 icode= >,1sd4_A_A,2.0
748,0.0,ASP, ,O,25.15,3.76,1.0,<Residue ASP het=  resseq=94 icode= >,1sd4_A_A,2.0
749,0.414,ASP, ,CB,26.97,2.08,1.0,<Residue ASP het=  resseq=94 icode= >,1sd4_A_A,2.0
750,0.344,ASP, ,CG,33.05,2.42,1.0,<Residue ASP het=  resseq=94 icode= >,1sd4_A_A,2.0
751,28.67,ASP, ,OD1,38.01,2.22,1.0,<Residue ASP het=  resseq=94 icode= >,1sd4_A_A,2.0
752,31.558,ASP, ,OD2,37.11,1.99,1.0,<Residue ASP het=  resseq=94 icode= >,1sd4_A_A,2.0
753,5.658,MET, ,N,26.69,3.82,1.0,<Residue MET het=  resseq=95 icode= >,1sd4_A_A,2.0
754,0.0,MET, ,CA,27.96,3.36,1.0,<Residue MET het=  resseq=95 icode= >,1sd4_A_A,2.0
755,0.0,MET, ,C,27.98,3.76,1.0,<Residue MET het=  resseq=95 icode= >,1sd4_A_A,2.0
756,0.0,MET, ,O,29.68,3.28,1.0,<Residue MET het=  resseq=95 icode= >,1sd4_A_A,2.0
757,22.226,MET, ,CB,28.71,2.12,1.0,<Residue MET het=  resseq=95 icode= >,1sd4_A_A,2.0
758,22.497,MET, ,CG,29.84,1.60,1.0,<Residue MET het=  resseq=95 icode= >,1sd4_A_A,2.0
759,13.943,MET, ,S,37.45,11.93,1.0,<Residue MET het=  resseq=95 icode= >,1sd4_A_A,2.0
760,59.218,MET, ,CE,37.91,0.72,1.0,<Residue MET het=  resseq=95 icode= >,1sd4_A_A,2.0
761,3.128,LYS, ,N,27.52,3.60,1.0,<Residue LYS het=  resseq=96 icode= >,1sd4_A_A,2.0
762,5.752,LYS, ,CA,27.26,3.28,1.0,<Residue LYS het=  resseq=96 icode= >,1sd4_A_A,2.0
763,0.0,LYS, ,C,27.06,4.64,1.0,<Residue LYS het=  resseq=96 icode= >,1sd4_A_A,2.0
764,0.0,LYS, ,O,26.14,4.14,1.0,<Residue LYS het=  resseq=96 icode= >,1sd4_A_A,2.0
765,23.037,LYS, ,CB,28.07,2.23,1.0,<Residue LYS het=  resseq=96 icode= >,1sd4_A_A,2.0
766,4.663,LYS, ,CG,26.86,2.44,1.0,<Residue LYS het=  resseq=96 icode= >,1sd4_A_A,2.0
767,30.007,LYS, ,CD,28.93,1.76,1.0,<Residue LYS het=  resseq=96 icode= >,1sd4_A_A,2.0
768,26.295,LYS, ,CE,21.85,2.94,1.0,<Residue LYS het=  resseq=96 icode= >,1sd4_A_A,2.0
769,48.689,LYS, ,NZ,25.89,2.23,1.0,<Residue LYS het=  resseq=96 icode= >,1sd4_A_A,2.0
770,0.0,SER, ,N,25.91,3.95,1.0,<Residue SER het=  resseq=97 icode= >,1sd4_A_A,2.0
771,5.326,SER, ,CA,26.43,3.22,1.0,<Residue SER het=  resseq=97 icode= >,1sd4_A_A,2.0
772,0.0,SER, ,C,26.06,4.05,1.0,<Residue SER het=  resseq=97 icode= >,1sd4_A_A,2.0
773,2.617,SER, ,O,26.26,3.21,1.0,<Residue SER het=  resseq=97 icode= >,1sd4_A_A,2.0
774,13.968,SER, ,CB,28.04,2.14,1.0,<Residue SER het=  resseq=97 icode= >,1sd4_A_A,2.0
775,21.826,SER, ,OG,31.96,1.88,1.0,<Residue SER het=  resseq=97 icode= >,1sd4_A_A,2.0
776,0.0,LEU, ,N,24.14,3.55,1.0,<Residue LEU het=  resseq=98 icode= >,1sd4_A_A,2.0
777,0.0,LEU, ,CA,26.12,2.73,1.0,<Residue LEU het=  resseq=98 icode= >,1sd4_A_A,2.0
778,0.0,LEU, ,C,27.17,3.64,1.0,<Residue LEU het=  resseq=98 icode= >,1sd4_A_A,2.0
779,0.0,LEU, ,O,25.99,3.77,1.0,<Residue LEU het=  resseq=98 icode= >,1sd4_A_A,2.0
780,0.0,LEU, ,CB,25.83,2.28,1.0,<Residue LEU het=  resseq=98 icode= >,1sd4_A_A,2.0
781,4.654,LEU, ,CG,30.26,2.88,1.0,<Residue LEU het=  resseq=98 icode= >,1sd4_A_A,2.0
782,4.174,LEU, ,CD1,31.82,1.73,1.0,<Residue LEU het=  resseq=98 icode= >,1sd4_A_A,2.0
783,24.683,LEU, ,CD2,30.88,1.43,1.0,<Residue LEU het=  resseq=98 icode= >,1sd4_A_A,2.0
784,0.0,VAL, ,N,26.19,4.30,1.0,<Residue VAL het=  resseq=99 icode= >,1sd4_A_A,2.0
785,1.983,VAL, ,CA,28.68,2.93,1.0,<Residue VAL het=  resseq=99 icode= >,1sd4_A_A,2.0
786,0.0,VAL, ,C,30.98,3.19,1.0,<Residue VAL het=  resseq=99 icode= >,1sd4_A_A,2.0
787,0.0,VAL, ,O,31.96,3.16,1.0,<Residue VAL het=  resseq=99 icode= >,1sd4_A_A,2.0
788,2.121,VAL, ,CB,27.46,2.81,1.0,<Residue VAL het=  resseq=99 icode= >,1sd4_A_A,2.0
789,24.654,VAL, ,CG1,30.19,1.36,1.0,<Residue VAL het=  resseq=99 icode= >,1sd4_A_A,2.0
790,21.279,VAL, ,CG2,27.38,2.63,1.0,<Residue VAL het=  resseq=99 icode= >,1sd4_A_A,2.0
791,0.0,LEU, ,N,31.17,3.16,1.0,<Residue LEU het=  resseq=100 icode= >,1sd4_A_A,2.0
792,0.0,LEU, ,CA,32.05,3.04,1.0,<Residue LEU het=  resseq=100 icode= >,1sd4_A_A,2.0
793,0.041,LEU, ,C,32.4,3.79,1.0,<Residue LEU het=  resseq=100 icode= >,1sd4_A_A,2.0
794,0.0,LEU, ,O,33.78,2.93,1.0,<Residue LEU het=  resseq=100 icode= >,1sd4_A_A,2.0
795,7.368,LEU, ,CB,32.36,1.85,1.0,<Residue LEU het=  resseq=100 icode= >,1sd4_A_A,2.0
796,4.14,LEU, ,CG,31.57,2.78,1.0,<Residue LEU het=  resseq=100 icode= >,1sd4_A_A,2.0
797,45.54,LEU, ,CD1,34.15,0.94,1.0,<Residue LEU het=  resseq=100 icode= >,1sd4_A_A,2.0
798,44.538,LEU, ,CD2,31.54,1.56,1.0,<Residue LEU het=  resseq=100 icode= >,1sd4_A_A,2.0
799,0.866,ASN, ,N,32.05,3.52,1.0,<Residue ASN het=  resseq=101 icode= >,1sd4_A_A,2.0
800,3.949,ASN, ,CA,34.12,2.89,1.0,<Residue ASN het=  resseq=101 icode= >,1sd4_A_A,2.0
801,0.236,ASN, ,C,34.89,2.66,1.0,<Residue ASN het=  resseq=101 icode= >,1sd4_A_A,2.0
802,0.35,ASN, ,O,35.53,2.39,1.0,<Residue ASN het=  resseq=101 icode= >,1sd4_A_A,2.0
803,3.636,ASN, ,CB,33.98,2.19,1.0,<Residue ASN het=  resseq=101 icode= >,1sd4_A_A,2.0
804,3.764,ASN, ,CG,37.82,2.59,1.0,<Residue ASN het=  resseq=101 icode= >,1sd4_A_A,2.0
805,23.956,ASN, ,OD1,40.42,2.30,1.0,<Residue ASN het=  resseq=101 icode= >,1sd4_A_A,2.0
806,26.846,ASN, ,ND2,36.81,2.25,1.0,<Residue ASN het=  resseq=101 icode= >,1sd4_A_A,2.0
807,0.0,PHE, ,N,34.01,3.02,1.0,<Residue PHE het=  resseq=102 icode= >,1sd4_A_A,2.0
808,0.38,PHE, ,CA,33.7,3.30,1.0,<Residue PHE het=  resseq=102 icode= >,1sd4_A_A,2.0
809,0.0,PHE, ,C,34.53,3.40,1.0,<Residue PHE het=  resseq=102 icode= >,1sd4_A_A,2.0
810,0.0,PHE, ,O,36.4,2.66,1.0,<Residue PHE het=  resseq=102 icode= >,1sd4_A_A,2.0
811,0.767,PHE, ,CB,31.46,2.94,1.0,<Residue PHE het=  resseq=102 icode= >,1sd4_A_A,2.0
812,1.95,PHE, ,CG,32.95,2.83,1.0,<Residue PHE het=  resseq=102 icode= >,1sd4_A_A,2.0
813,1.965,PHE, ,CD1,32.87,2.12,1.0,<Residue PHE het=  resseq=102 icode= >,1sd4_A_A,2.0
814,5.325,PHE, ,CD2,30.82,2.88,1.0,<Residue PHE het=  resseq=102 icode= >,1sd4_A_A,2.0
815,11.648,PHE, ,CE1,34.22,2.18,1.0,<Residue PHE het=  resseq=102 icode= >,1sd4_A_A,2.0
816,30.126,PHE, ,CE2,29.63,2.74,1.0,<Residue PHE het=  resseq=102 icode= >,1sd4_A_A,2.0
817,35.01,PHE, ,CZ,33.8,2.07,1.0,<Residue PHE het=  resseq=102 icode= >,1sd4_A_A,2.0
818,0.0,ALA, ,N,35.38,3.02,1.0,<Residue ALA het=  resseq=103 icode= >,1sd4_A_A,2.0
819,0.077,ALA, ,CA,37.32,2.17,1.0,<Residue ALA het=  resseq=103 icode= >,1sd4_A_A,2.0
820,1.232,ALA, ,C,39.08,2.55,1.0,<Residue ALA het=  resseq=103 icode= >,1sd4_A_A,2.0
821,11.783,ALA, ,O,39.0,1.91,1.0,<Residue ALA het=  resseq=103 icode= >,1sd4_A_A,2.0
822,21.596,ALA, ,CB,36.81,1.72,1.0,<Residue ALA het=  resseq=103 icode= >,1sd4_A_A,2.0
823,0.0,LYS, ,N,40.81,2.54,1.0,<Residue LYS het=  resseq=104 icode= >,1sd4_A_A,2.0
824,9.021,LYS, ,CA,43.34,2.92,1.0,<Residue LYS het=  resseq=104 icode= >,1sd4_A_A,2.0
825,0.79,LYS, ,C,44.71,3.09,1.0,<Residue LYS het=  resseq=104 icode= >,1sd4_A_A,2.0
826,24.589,LYS, ,O,45.63,1.40,1.0,<Residue LYS het=  resseq=104 icode= >,1sd4_A_A,2.0
827,8.389,LYS, ,CB,43.67,1.71,1.0,<Residue LYS het=  resseq=104 icode= >,1sd4_A_A,2.0
828,13.721,LYS, ,CG,45.49,1.52,1.0,<Residue LYS het=  resseq=104 icode= >,1sd4_A_A,2.0
829,23.219,LYS, ,CD,49.71,0.44,1.0,<Residue LYS het=  resseq=104 icode= >,1sd4_A_A,2.0
830,40.679,LYS, ,CE,50.42,0.92,1.0,<Residue LYS het=  resseq=104 icode= >,1sd4_A_A,2.0
831,48.704,LYS, ,NZ,49.66,1.28,1.0,<Residue LYS het=  resseq=104 icode= >,1sd4_A_A,2.0
832,0.0,ASN, ,N,45.82,2.87,1.0,<Residue ASN het=  resseq=105 icode= >,1sd4_A_A,2.0
833,4.079,ASN, ,CA,47.28,2.25,1.0,<Residue ASN het=  resseq=105 icode= >,1sd4_A_A,2.0
834,0.652,ASN, ,C,47.73,3.04,1.0,<Residue ASN het=  resseq=105 icode= >,1sd4_A_A,2.0
835,9.941,ASN, ,O,47.21,2.15,1.0,<Residue ASN het=  resseq=105 icode= >,1sd4_A_A,2.0
836,3.045,ASN, ,CB,47.51,1.59,1.0,<Residue ASN het=  resseq=105 icode= >,1sd4_A_A,2.0
837,7.615,ASN, ,CG,49.73,1.87,1.0,<Residue ASN het=  resseq=105 icode= >,1sd4_A_A,2.0
838,37.822,ASN, ,OD1,53.39,1.14,1.0,<Residue ASN het=  resseq=105 icode= >,1sd4_A_A,2.0
839,30.505,ASN, ,ND2,49.34,1.26,1.0,<Residue ASN het=  resseq=105 icode= >,1sd4_A_A,2.0
840,0.0,GLU, ,N,48.64,2.46,1.0,<Residue GLU het=  resseq=106 icode= >,1sd4_A_A,2.0
841,4.12,GLU, ,CA,50.26,2.23,1.0,<Residue GLU het=  resseq=106 icode= >,1sd4_A_A,2.0
842,0.119,GLU, ,C,49.87,2.16,1.0,<Residue GLU het=  resseq=106 icode= >,1sd4_A_A,2.0
843,22.639,GLU, ,O,49.91,1.62,1.0,<Residue GLU het=  resseq=106 icode= >,1sd4_A_A,2.0
844,17.689,GLU, ,CB,50.96,1.36,1.0,<Residue GLU het=  resseq=106 icode= >,1sd4_A_A,2.0
845,17.27,GLU, ,CG,56.58,0.55,1.0,<Residue GLU het=  resseq=106 icode= >,1sd4_A_A,2.0
846,14.179,GLU, ,CD,64.34,0.47,1.0,<Residue GLU het=  resseq=106 icode= >,1sd4_A_A,2.0
847,37.005,GLU, ,OE1,67.31,0.56,1.0,<Residue GLU het=  resseq=106 icode= >,1sd4_A_A,2.0
848,42.404,GLU, ,OE2,67.01,0.31,1.0,<Residue GLU het=  resseq=106 icode= >,1sd4_A_A,2.0
849,0.0,GLU, ,N,48.86,1.90,1.0,<Residue GLU het=  resseq=107 icode= >,1sd4_A_A,2.0
850,2.933,GLU, ,CA,48.25,2.49,1.0,<Residue GLU het=  resseq=107 icode= >,1sd4_A_A,2.0
851,2.995,GLU, ,C,46.67,3.11,1.0,<Residue GLU het=  resseq=107 icode= >,1sd4_A_A,2.0
852,15.497,GLU, ,O,46.79,2.03,1.0,<Residue GLU het=  resseq=107 icode= >,1sd4_A_A,2.0
853,1.489,GLU, ,CB,48.83,2.19,1.0,<Residue GLU het=  resseq=107 icode= >,1sd4_A_A,2.0
854,7.79,GLU, ,CG,52.87,1.34,1.0,<Residue GLU het=  resseq=107 icode= >,1sd4_A_A,2.0
855,10.328,GLU, ,CD,58.02,1.54,1.0,<Residue GLU het=  resseq=107 icode= >,1sd4_A_A,2.0
856,33.266,GLU, ,OE1,60.42,1.09,1.0,<Residue GLU het=  resseq=107 icode= >,1sd4_A_A,2.0
857,30.705,GLU, ,OE2,61.64,0.49,1.0,<Residue GLU het=  resseq=107 icode= >,1sd4_A_A,2.0
858,0.0,LEU, ,N,44.59,2.64,1.0,<Residue LEU het=  resseq=108 icode= >,1sd4_A_A,2.0
859,0.0,LEU, ,CA,42.92,3.07,1.0,<Residue LEU het=  resseq=108 icode= >,1sd4_A_A,2.0
860,0.057,LEU, ,C,43.06,2.99,1.0,<Residue LEU het=  resseq=108 icode= >,1sd4_A_A,2.0
861,6.714,LEU, ,O,41.78,2.26,1.0,<Residue LEU het=  resseq=108 icode= >,1sd4_A_A,2.0
862,0.0,LEU, ,CB,42.28,2.23,1.0,<Residue LEU het=  resseq=108 icode= >,1sd4_A_A,2.0
863,0.0,LEU, ,CG,40.92,2.11,1.0,<Residue LEU het=  resseq=108 icode= >,1sd4_A_A,2.0
864,4.058,LEU, ,CD1,40.34,1.30,1.0,<Residue LEU het=  resseq=108 icode= >,1sd4_A_A,2.0
865,28.241,LEU, ,CD2,41.07,1.12,1.0,<Residue LEU het=  resseq=108 icode= >,1sd4_A_A,2.0
866,1.884,ASN, ,N,43.59,2.68,1.0,<Residue ASN het=  resseq=109 icode= >,1sd4_A_A,2.0
867,9.958,ASN, ,CA,44.89,1.95,1.0,<Residue ASN het=  resseq=109 icode= >,1sd4_A_A,2.0
868,0.248,ASN, ,C,45.09,2.86,1.0,<Residue ASN het=  resseq=109 icode= >,1sd4_A_A,2.0
869,0.0,ASN, ,O,43.75,2.57,1.0,<Residue ASN het=  resseq=109 icode= >,1sd4_A_A,2.0
870,31.82,ASN, ,CB,45.05,1.85,1.0,<Residue ASN het=  resseq=109 icode= >,1sd4_A_A,2.0
871,1.495,ASN, ,CG,46.75,2.86,1.0,<Residue ASN het=  resseq=109 icode= >,1sd4_A_A,2.0
872,0.0,ASN, ,OD1,48.13,2.34,1.0,<Residue ASN het=  resseq=109 icode= >,1sd4_A_A,2.0
873,29.779,ASN, ,ND2,49.61,1.38,1.0,<Residue ASN het=  resseq=109 icode= >,1sd4_A_A,2.0
874,7.064,ASN, ,N,46.51,2.09,1.0,<Residue ASN het=  resseq=110 icode= >,1sd4_A_A,2.0
875,2.228,ASN, ,CA,47.93,1.82,1.0,<Residue ASN het=  resseq=110 icode= >,1sd4_A_A,2.0
876,0.0,ASN, ,C,46.88,2.64,1.0,<Residue ASN het=  resseq=110 icode= >,1sd4_A_A,2.0
877,0.0,ASN, ,O,46.85,2.01,1.0,<Residue ASN het=  resseq=110 icode= >,1sd4_A_A,2.0
878,31.211,ASN, ,CB,49.75,0.81,1.0,<Residue ASN het=  resseq=110 icode= >,1sd4_A_A,2.0
879,6.488,ASN, ,CG,54.61,0.79,1.0,<Residue ASN het=  resseq=110 icode= >,1sd4_A_A,2.0
880,38.219,ASN, ,OD1,62.44,-0.31,1.0,<Residue ASN het=  resseq=110 icode= >,1sd4_A_A,2.0
881,20.036,ASN, ,ND2,57.92,0.71,1.0,<Residue ASN het=  resseq=110 icode= >,1sd4_A_A,2.0
882,1.569,LYS, ,N,45.39,2.64,1.0,<Residue LYS het=  resseq=111 icode= >,1sd4_A_A,2.0
883,1.955,LYS, ,CA,44.93,1.93,1.0,<Residue LYS het=  resseq=111 icode= >,1sd4_A_A,2.0
884,0.403,LYS, ,C,42.42,3.51,1.0,<Residue LYS het=  resseq=111 icode= >,1sd4_A_A,2.0
885,1.641,LYS, ,O,42.66,2.97,1.0,<Residue LYS het=  resseq=111 icode= >,1sd4_A_A,2.0
886,25.866,LYS, ,CB,46.28,1.14,1.0,<Residue LYS het=  resseq=111 icode= >,1sd4_A_A,2.0
887,3.749,LYS, ,CG,51.21,0.41,1.0,<Residue LYS het=  resseq=111 icode= >,1sd4_A_A,2.0
888,35.161,LYS, ,CD,58.15,0.23,1.0,<Residue LYS het=  resseq=111 icode= >,1sd4_A_A,2.0
889,46.836,LYS, ,CE,61.69,0.49,1.0,<Residue LYS het=  resseq=111 icode= >,1sd4_A_A,2.0
890,32.17,LYS, ,NZ,64.17,0.98,1.0,<Residue LYS het=  resseq=111 icode= >,1sd4_A_A,2.0
891,0.0,GLU, ,N,39.29,3.38,1.0,<Residue GLU het=  resseq=112 icode= >,1sd4_A_A,2.0
892,0.494,GLU, ,CA,36.66,3.16,1.0,<Residue GLU het=  resseq=112 icode= >,1sd4_A_A,2.0
893,0.0,GLU, ,C,34.01,3.97,1.0,<Residue GLU het=  resseq=112 icode= >,1sd4_A_A,2.0
894,2.372,GLU, ,O,31.57,3.37,1.0,<Residue GLU het=  resseq=112 icode= >,1sd4_A_A,2.0
895,4.78,GLU, ,CB,37.28,2.70,1.0,<Residue GLU het=  resseq=112 icode= >,1sd4_A_A,2.0
896,8.591,GLU, ,CG,41.17,1.97,1.0,<Residue GLU het=  resseq=112 icode= >,1sd4_A_A,2.0
897,2.227,GLU, ,CD,46.36,2.56,1.0,<Residue GLU het=  resseq=112 icode= >,1sd4_A_A,2.0
898,4.616,GLU, ,OE1,44.13,2.21,1.0,<Residue GLU het=  resseq=112 icode= >,1sd4_A_A,2.0
899,41.509,GLU, ,OE2,49.8,1.51,1.0,<Residue GLU het=  resseq=112 icode= >,1sd4_A_A,2.0
900,0.0,ILE, ,N,32.38,3.50,1.0,<Residue ILE het=  resseq=113 icode= >,1sd4_A_A,2.0
901,0.895,ILE, ,CA,32.36,2.86,1.0,<Residue ILE het=  resseq=113 icode= >,1sd4_A_A,2.0
902,0.0,ILE, ,C,33.01,3.82,1.0,<Residue ILE het=  resseq=113 icode= >,1sd4_A_A,2.0
903,2.159,ILE, ,O,31.56,3.08,1.0,<Residue ILE het=  resseq=113 icode= >,1sd4_A_A,2.0
904,0.0,ILE, ,CB,33.47,2.05,1.0,<Residue ILE het=  resseq=113 icode= >,1sd4_A_A,2.0
905,2.331,ILE, ,CG1,33.42,2.00,1.0,<Residue ILE het=  resseq=113 icode= >,1sd4_A_A,2.0
906,40.365,ILE, ,CG2,32.64,1.10,1.0,<Residue ILE het=  resseq=113 icode= >,1sd4_A_A,2.0
907,28.465,ILE, ,CD1,36.38,0.86,1.0,<Residue ILE het=  resseq=113 icode= >,1sd4_A_A,2.0
908,0.0,GLU, ,N,33.65,2.82,1.0,<Residue GLU het=  resseq=114 icode= >,1sd4_A_A,2.0
909,0.095,GLU, ,CA,35.53,2.06,1.0,<Residue GLU het=  resseq=114 icode= >,1sd4_A_A,2.0
910,0.0,GLU, ,C,34.1,3.36,1.0,<Residue GLU het=  resseq=114 icode= >,1sd4_A_A,2.0
911,0.0,GLU, ,O,34.31,3.07,1.0,<Residue GLU het=  resseq=114 icode= >,1sd4_A_A,2.0
912,6.282,GLU, ,CB,36.33,1.08,1.0,<Residue GLU het=  resseq=114 icode= >,1sd4_A_A,2.0
913,4.918,GLU, ,CG,42.21,0.74,1.0,<Residue GLU het=  resseq=114 icode= >,1sd4_A_A,2.0
914,8.912,GLU, ,CD,49.48,1.44,1.0,<Residue GLU het=  resseq=114 icode= >,1sd4_A_A,2.0
915,31.63,GLU, ,OE1,52.3,0.99,1.0,<Residue GLU het=  resseq=114 icode= >,1sd4_A_A,2.0
916,17.571,GLU, ,OE2,52.36,1.17,1.0,<Residue GLU het=  resseq=114 icode= >,1sd4_A_A,2.0
917,1.037,GLU, ,N,33.04,3.23,1.0,<Residue GLU het=  resseq=115 icode= >,1sd4_A_A,2.0
918,4.311,GLU, ,CA,31.67,3.42,1.0,<Residue GLU het=  resseq=115 icode= >,1sd4_A_A,2.0
919,0.0,GLU, ,C,29.77,4.92,1.0,<Residue GLU het=  resseq=115 icode= >,1sd4_A_A,2.0
920,0.026,GLU, ,O,28.95,3.89,1.0,<Residue GLU het=  resseq=115 icode= >,1sd4_A_A,2.0
921,11.505,GLU, ,CB,33.48,2.32,1.0,<Residue GLU het=  resseq=115 icode= >,1sd4_A_A,2.0
922,14.911,GLU, ,CG,37.99,1.68,1.0,<Residue GLU het=  resseq=115 icode= >,1sd4_A_A,2.0
923,13.16,GLU, ,CD,47.51,1.95,1.0,<Residue GLU het=  resseq=115 icode= >,1sd4_A_A,2.0
924,28.812,GLU, ,OE1,51.9,1.72,1.0,<Residue GLU het=  resseq=115 icode= >,1sd4_A_A,2.0
925,41.1,GLU, ,OE2,51.15,1.22,1.0,<Residue GLU het=  resseq=115 icode= >,1sd4_A_A,2.0
926,0.135,LEU, ,N,28.23,3.52,1.0,<Residue LEU het=  resseq=116 icode= >,1sd4_A_A,2.0
927,1.355,LEU, ,CA,29.01,2.21,1.0,<Residue LEU het=  resseq=116 icode= >,1sd4_A_A,2.0
928,0.0,LEU, ,C,27.68,4.18,1.0,<Residue LEU het=  resseq=116 icode= >,1sd4_A_A,2.0
929,0.0,LEU, ,O,26.12,4.10,1.0,<Residue LEU het=  resseq=116 icode= >,1sd4_A_A,2.0
930,4.989,LEU, ,CB,29.49,2.02,1.0,<Residue LEU het=  resseq=116 icode= >,1sd4_A_A,2.0
931,0.589,LEU, ,CG,31.17,2.24,1.0,<Residue LEU het=  resseq=116 icode= >,1sd4_A_A,2.0
932,39.206,LEU, ,CD1,32.54,1.71,1.0,<Residue LEU het=  resseq=116 icode= >,1sd4_A_A,2.0
933,18.005,LEU, ,CD2,31.37,1.30,1.0,<Residue LEU het=  resseq=116 icode= >,1sd4_A_A,2.0
934,0.52,ARG, ,N,27.96,3.76,1.0,<Residue ARG het=  resseq=117 icode= >,1sd4_A_A,2.0
935,3.558,ARG, ,CA,28.67,2.41,1.0,<Residue ARG het=  resseq=117 icode= >,1sd4_A_A,2.0
936,0.0,ARG, ,C,28.0,3.44,1.0,<Residue ARG het=  resseq=117 icode= >,1sd4_A_A,2.0
937,0.809,ARG, ,O,27.59,3.25,1.0,<Residue ARG het=  resseq=117 icode= >,1sd4_A_A,2.0
938,5.908,ARG, ,CB,29.3,1.64,1.0,<Residue ARG het=  resseq=117 icode= >,1sd4_A_A,2.0
939,25.963,ARG, ,CG,31.56,1.56,1.0,<Residue ARG het=  resseq=117 icode= >,1sd4_A_A,2.0
940,32.239,ARG, ,CD,36.69,1.39,1.0,<Residue ARG het=  resseq=117 icode= >,1sd4_A_A,2.0
941,3.604,ARG, ,NE,36.32,2.44,1.0,<Residue ARG het=  resseq=117 icode= >,1sd4_A_A,2.0
942,4.26,ARG, ,CZ,40.75,2.27,1.0,<Residue ARG het=  resseq=117 icode= >,1sd4_A_A,2.0
943,42.697,ARG, ,NH1,42.12,0.98,1.0,<Residue ARG het=  resseq=117 icode= >,1sd4_A_A,2.0
944,22.313,ARG, ,NH2,38.28,1.41,1.0,<Residue ARG het=  resseq=117 icode= >,1sd4_A_A,2.0
945,0.0,ASP, ,N,26.75,3.59,1.0,<Residue ASP het=  resseq=118 icode= >,1sd4_A_A,2.0
946,2.276,ASP, ,CA,27.54,2.83,1.0,<Residue ASP het=  resseq=118 icode= >,1sd4_A_A,2.0
947,0.0,ASP, ,C,26.25,3.93,1.0,<Residue ASP het=  resseq=118 icode= >,1sd4_A_A,2.0
948,0.062,ASP, ,O,25.01,3.64,1.0,<Residue ASP het=  resseq=118 icode= >,1sd4_A_A,2.0
949,16.942,ASP, ,CB,28.04,1.71,1.0,<Residue ASP het=  resseq=118 icode= >,1sd4_A_A,2.0
950,7.752,ASP, ,CG,33.04,2.59,1.0,<Residue ASP het=  resseq=118 icode= >,1sd4_A_A,2.0
951,10.453,ASP, ,OD1,32.95,2.16,1.0,<Residue ASP het=  resseq=118 icode= >,1sd4_A_A,2.0
952,31.488,ASP, ,OD2,33.8,2.61,1.0,<Residue ASP het=  resseq=118 icode= >,1sd4_A_A,2.0
953,0.0,ILE, ,N,24.96,3.77,1.0,<Residue ILE het=  resseq=119 icode= >,1sd4_A_A,2.0
954,0.0,ILE, ,CA,25.0,3.59,1.0,<Residue ILE het=  resseq=119 icode= >,1sd4_A_A,2.0
955,0.0,ILE, ,C,25.0,4.18,1.0,<Residue ILE het=  resseq=119 icode= >,1sd4_A_A,2.0
956,0.0,ILE, ,O,25.67,3.48,1.0,<Residue ILE het=  resseq=119 icode= >,1sd4_A_A,2.0
957,0.0,ILE, ,CB,25.16,3.27,1.0,<Residue ILE het=  resseq=119 icode= >,1sd4_A_A,2.0
958,7.41,ILE, ,CG1,27.85,2.74,1.0,<Residue ILE het=  resseq=119 icode= >,1sd4_A_A,2.0
959,28.686,ILE, ,CG2,24.62,1.90,1.0,<Residue ILE het=  resseq=119 icode= >,1sd4_A_A,2.0
960,50.434,ILE, ,CD1,30.04,1.13,1.0,<Residue ILE het=  resseq=119 icode= >,1sd4_A_A,2.0
961,0.0,LEU, ,N,25.13,3.88,1.0,<Residue LEU het=  resseq=120 icode= >,1sd4_A_A,2.0
962,0.0,LEU, ,CA,26.67,2.82,1.0,<Residue LEU het=  resseq=120 icode= >,1sd4_A_A,2.0
963,0.358,LEU, ,C,26.97,3.98,1.0,<Residue LEU het=  resseq=120 icode= >,1sd4_A_A,2.0
964,1.395,LEU, ,O,27.7,3.52,1.0,<Residue LEU het=  resseq=120 icode= >,1sd4_A_A,2.0
965,13.794,LEU, ,CB,27.21,2.22,1.0,<Residue LEU het=  resseq=120 icode= >,1sd4_A_A,2.0
966,0.162,LEU, ,CG,27.46,3.13,1.0,<Residue LEU het=  resseq=120 icode= >,1sd4_A_A,2.0
967,35.352,LEU, ,CD1,29.84,1.90,1.0,<Residue LEU het=  resseq=120 icode= >,1sd4_A_A,2.0
968,45.172,LEU, ,CD2,27.65,2.02,1.0,<Residue LEU het=  resseq=120 icode= >,1sd4_A_A,2.0
969,1.257,ASN, ,N,26.98,3.96,1.0,<Residue ASN het=  resseq=121 icode= >,1sd4_A_A,2.0
970,2.693,ASN, ,CA,28.01,3.24,1.0,<Residue ASN het=  resseq=121 icode= >,1sd4_A_A,2.0
971,0.239,ASN, ,C,27.28,4.08,1.0,<Residue ASN het=  resseq=121 icode= >,1sd4_A_A,2.0
972,7.598,ASN, ,O,28.3,3.07,1.0,<Residue ASN het=  resseq=121 icode= >,1sd4_A_A,2.0
973,8.626,ASN, ,CB,27.08,2.84,1.0,<Residue ASN het=  resseq=121 icode= >,1sd4_A_A,2.0
974,6.459,ASN, ,CG,33.88,2.56,1.0,<Residue ASN het=  resseq=121 icode= >,1sd4_A_A,2.0
975,24.421,ASN, ,OD1,36.09,2.45,1.0,<Residue ASN het=  resseq=121 icode= >,1sd4_A_A,2.0
976,54.608,ASN, ,ND2,33.86,1.45,1.0,<Residue ASN het=  resseq=121 icode= >,1sd4_A_A,2.0
977,0.0,ASP, ,N,27.75,3.03,1.0,<Residue ASP het=  resseq=122 icode= >,1sd4_A_A,2.0
978,7.268,ASP, ,CA,26.66,2.88,1.0,<Residue ASP het=  resseq=122 icode= >,1sd4_A_A,2.0
979,0.074,ASP, ,C,26.47,3.93,1.0,<Residue ASP het=  resseq=122 icode= >,1sd4_A_A,2.0
980,27.013,ASP, ,O,25.93,3.25,1.0,<Residue ASP het=  resseq=122 icode= >,1sd4_A_A,2.0
981,18.202,ASP, ,CB,26.86,2.94,1.0,<Residue ASP het=  resseq=122 icode= >,1sd4_A_A,2.0
982,7.6,ASP, ,CG,27.33,3.62,1.0,<Residue ASP het=  resseq=122 icode= >,1sd4_A_A,2.0
983,27.678,ASP, ,OD1,31.25,2.82,1.0,<Residue ASP het=  resseq=122 icode= >,1sd4_A_A,2.0
984,20.508,ASP, ,OD2,32.6,2.47,1.0,<Residue ASP het=  resseq=122 icode= >,1sd4_A_A,2.0
985,0.0,ILE, ,N,25.08,3.52,1.0,<Residue ILE het=  resseq=123 icode= >,1sd4_A_A,2.0
986,5.832,ILE, ,CA,27.31,3.03,1.0,<Residue ILE het=  resseq=123 icode= >,1sd4_A_A,2.0
987,0.966,ILE, ,C,30.5,3.69,1.0,<Residue ILE het=  resseq=123 icode= >,1sd4_A_A,2.0
988,20.163,ILE, ,O,30.85,2.79,1.0,<Residue ILE het=  resseq=123 icode= >,1sd4_A_A,2.0
989,8.963,ILE, ,CB,26.25,2.54,1.0,<Residue ILE het=  resseq=123 icode= >,1sd4_A_A,2.0
990,3.218,ILE, ,CG1,26.89,2.45,1.0,<Residue ILE het=  resseq=123 icode= >,1sd4_A_A,2.0
991,42.637,ILE, ,CG2,24.71,1.44,1.0,<Residue ILE het=  resseq=123 icode= >,1sd4_A_A,2.0
992,47.506,ILE, ,CD1,30.93,1.21,1.0,<Residue ILE het=  resseq=123 icode= >,1sd4_A_A,2.0
993,0.0,SER, ,N,33.61,2.82,1.0,<Residue SER het=  resseq=124 icode= >,1sd4_A_A,2.0
994,10.645,SER, ,CA,38.6,2.52,1.0,<Residue SER het=  resseq=124 icode= >,1sd4_A_A,2.0
995,0.003,SER, ,C,41.15,3.75,1.0,<Residue SER het=  resseq=124 icode= >,1sd4_A_A,2.0
996,15.155,SER, ,O,42.29,2.45,1.0,<Residue SER het=  resseq=124 icode= >,1sd4_A_A,2.0
997,7.254,SER, ,CB,37.98,2.24,1.0,<Residue SER het=  resseq=124 icode= >,1sd4_A_A,2.0
998,16.961,SER, ,OG,42.56,1.36,1.0,<Residue SER het=  resseq=124 icode= >,1sd4_A_A,2.0
999,6.453,LYS, ,N,44.83,2.99,1.0,<Residue LYS het=  resseq=125 icode= >,1sd4_A_A,2.0
1000,1.819,LYS, ,CA,48.97,1.82,1.0,<Residue LYS het=  resseq=125 icode= >,1sd4_A_A,2.0
1001,3.55,LYS, ,C,50.37,1.58,1.0,<Residue LYS het=  resseq=125 icode= >,1sd4_A_A,2.0
1002,18.568,LYS, ,O,51.47,0.92,1.0,<Residue LYS het=  resseq=125 icode= >,1sd4_A_A,2.0
1003,21.332,LYS, ,CB,49.4,1.37,1.0,<Residue LYS het=  resseq=125 icode= >,1sd4_A_A,2.0
1004,29.324,LYS, ,CG,52.64,0.76,1.0,<Residue LYS het=  resseq=125 icode= >,1sd4_A_A,2.0
1005,24.592,LYS, ,CD,56.26,0.94,1.0,<Residue LYS het=  resseq=125 icode= >,1sd4_A_A,2.0
1006,36.32,LYS, ,CE,57.58,0.81,1.0,<Residue LYS het=  resseq=125 icode= >,1sd4_A_A,2.0
1007,48.439,LYS, ,NZ,57.13,0.89,1.0,<Residue LYS het=  resseq=125 icode= >,1sd4_A_A,2.0
1008,2.689,LYS, ,N,51.68,1.53,1.0,<Residue LYS het=  resseq=126 icode= >,1sd4_A_A,2.0
1009,10.52,LYS, ,CA,52.38,1.99,1.0,<Residue LYS het=  resseq=126 icode= >,1sd4_A_A,2.0
1010,9.361,LYS, ,C,52.26,1.65,1.0,<Residue LYS het=  resseq=126 icode= >,1sd4_A_A,2.0
1011,15.888,LYS, ,O,55.45,0.86,1.0,<Residue LYS het=  resseq=126 icode= >,1sd4_A_A,2.0
1012,21.335,LYS, ,CB,52.93,0.78,1.0,<Residue LYS het=  resseq=126 icode= >,1sd4_A_A,2.0
1013,19.51,LYS, ,CG,54.46,0.29,1.0,<Residue LYS het=  resseq=126 icode= >,1sd4_A_A,2.0
1014,32.034,LYS, ,CD,54.89,0.06,1.0,<Residue LYS het=  resseq=126 icode= >,1sd4_A_A,2.0
1015,39.683,LYS, ,CE,56.02,0.03,1.0,<Residue LYS het=  resseq=126 icode= >,1sd4_A_A,2.0
1016,49.294,LYS, ,NZ,58.22,-0.20,1.0,<Residue LYS het=  resseq=126 icode= >,1sd4_A_A,2.0
1017,39.457,LYS, ,OXT,56.67,0.47,1.0,<Residue LYS het=  resseq=126 icode= >,1sd4_A_A,2.0
