,ASA,aa,altloc,atom,bfac,d2r,dASA,dens,occ,residue,id,resolu
0,40.94,CYS, ,N,57.76,1000.00,0.0,0.90,1.0,<Residue CYS het=  resseq=6 icode= >,1sfu_A_A,2.0
1,16.511,CYS, ,CA,57.86,1000.00,0.0,1.90,1.0,<Residue CYS het=  resseq=6 icode= >,1sfu_A_A,2.0
2,4.525,CYS, ,C,56.83,1000.00,0.0,2.57,1.0,<Residue CYS het=  resseq=6 icode= >,1sfu_A_A,2.0
3,30.048,CYS, ,O,55.7,1000.00,0.0,1.76,1.0,<Residue CYS het=  resseq=6 icode= >,1sfu_A_A,2.0
4,33.052,CYS, ,CB,57.96,1000.00,0.0,2.37,1.0,<Residue CYS het=  resseq=6 icode= >,1sfu_A_A,2.0
5,73.128,CYS, ,SG,61.43,1000.00,0.0,1.91,1.0,<Residue CYS het=  resseq=6 icode= >,1sfu_A_A,2.0
6,2.82,THR, ,N,56.55,1000.00,0.0,2.19,1.0,<Residue THR het=  resseq=7 icode= >,1sfu_A_A,2.0
7,4.533,THR, ,CA,56.85,1000.00,0.0,1.52,1.0,<Residue THR het=  resseq=7 icode= >,1sfu_A_A,2.0
8,3.011,THR, ,C,57.12,1000.00,0.0,1.69,1.0,<Residue THR het=  resseq=7 icode= >,1sfu_A_A,2.0
9,27.437,THR, ,O,57.49,1000.00,0.0,1.09,1.0,<Residue THR het=  resseq=7 icode= >,1sfu_A_A,2.0
10,63.639,THR, ,CB,56.13,1000.00,0.0,0.83,1.0,<Residue THR het=  resseq=7 icode= >,1sfu_A_A,2.0
11,8.011,VAL, ,N,57.66,17.23,0.0,1.50,1.0,<Residue VAL het=  resseq=8 icode= >,1sfu_A_A,2.0
12,7.305,VAL, ,CA,57.97,16.54,0.0,1.20,1.0,<Residue VAL het=  resseq=8 icode= >,1sfu_A_A,2.0
13,1.318,VAL, ,C,58.02,15.05,0.0,1.41,1.0,<Residue VAL het=  resseq=8 icode= >,1sfu_A_A,2.0
14,18.102,VAL, ,O,58.15,14.66,0.0,1.02,1.0,<Residue VAL het=  resseq=8 icode= >,1sfu_A_A,2.0
15,46.049,VAL, ,CB,58.18,17.20,0.0,0.10,1.0,<Residue VAL het=  resseq=8 icode= >,1sfu_A_A,2.0
16,3.833,ASN, ,N,57.75,14.31,0.0,1.56,1.0,<Residue ASN het=  resseq=9 icode= >,1sfu_A_A,2.0
17,14.544,ASN, ,CA,57.69,12.87,0.0,1.51,1.0,<Residue ASN het=  resseq=9 icode= >,1sfu_A_A,2.0
18,1.681,ASN, ,C,57.29,12.12,0.0,1.93,1.0,<Residue ASN het=  resseq=9 icode= >,1sfu_A_A,2.0
19,6.112,ASN, ,O,57.85,12.50,0.0,1.29,1.0,<Residue ASN het=  resseq=9 icode= >,1sfu_A_A,2.0
20,54.908,ASN, ,CB,57.74,12.46,0.0,0.87,1.0,<Residue ASN het=  resseq=9 icode= >,1sfu_A_A,2.0
21,0.198,ASP, ,N,56.27,11.20,0.0,2.24,1.0,<Residue ASP het=  resseq=10 icode= >,1sfu_A_A,2.0
22,0.0,ASP, ,CA,55.25,10.57,0.0,1.97,1.0,<Residue ASP het=  resseq=10 icode= >,1sfu_A_A,2.0
23,0.298,ASP, ,C,53.74,11.44,0.0,2.16,1.0,<Residue ASP het=  resseq=10 icode= >,1sfu_A_A,2.0
24,0.0,ASP, ,O,53.44,11.48,0.0,1.65,1.0,<Residue ASP het=  resseq=10 icode= >,1sfu_A_A,2.0
25,10.799,ASP, ,CB,56.2,9.12,0.0,0.86,1.0,<Residue ASP het=  resseq=10 icode= >,1sfu_A_A,2.0
26,2.277,ASP, ,CG,58.36,8.30,0.0,1.38,1.0,<Residue ASP het=  resseq=10 icode= >,1sfu_A_A,2.0
27,11.922,ASP, ,OD1,20.15,8.49,0.0,1.86,1.0,<Residue ASP het=  resseq=10 icode= >,1sfu_A_A,2.0
28,38.515,ASP, ,OD2,20.15,7.69,0.0,1.23,1.0,<Residue ASP het=  resseq=10 icode= >,1sfu_A_A,2.0
29,3.251,ALA, ,N,51.99,12.31,0.0,1.85,1.0,<Residue ALA het=  resseq=11 icode= >,1sfu_A_A,2.0
30,4.554,ALA, ,CA,50.42,13.31,0.0,1.33,1.0,<Residue ALA het=  resseq=11 icode= >,1sfu_A_A,2.0
31,0.796,ALA, ,C,48.35,14.18,0.0,2.68,1.0,<Residue ALA het=  resseq=11 icode= >,1sfu_A_A,2.0
32,0.267,ALA, ,O,47.95,14.67,0.0,2.25,1.0,<Residue ALA het=  resseq=11 icode= >,1sfu_A_A,2.0
33,62.031,ALA, ,CB,50.35,14.30,0.0,0.69,1.0,<Residue ALA het=  resseq=11 icode= >,1sfu_A_A,2.0
34,1.348,GLU, ,N,45.92,14.52,0.0,2.81,1.0,<Residue GLU het=  resseq=12 icode= >,1sfu_A_A,2.0
35,4.171,GLU, ,CA,43.38,15.49,0.0,2.46,1.0,<Residue GLU het=  resseq=12 icode= >,1sfu_A_A,2.0
36,0.0,GLU, ,C,40.23,14.92,0.0,3.28,1.0,<Residue GLU het=  resseq=12 icode= >,1sfu_A_A,2.0
37,0.0,GLU, ,O,38.5,15.71,0.0,3.23,1.0,<Residue GLU het=  resseq=12 icode= >,1sfu_A_A,2.0
38,6.391,GLU, ,CB,46.45,16.17,0.0,0.90,1.0,<Residue GLU het=  resseq=12 icode= >,1sfu_A_A,2.0
39,31.001,GLU, ,CG,48.95,17.44,0.0,0.93,1.0,<Residue GLU het=  resseq=12 icode= >,1sfu_A_A,2.0
40,8.095,GLU, ,CD,49.65,17.28,0.0,1.49,1.0,<Residue GLU het=  resseq=12 icode= >,1sfu_A_A,2.0
41,20.071,GLU, ,OE1,50.07,18.30,0.0,1.20,1.0,<Residue GLU het=  resseq=12 icode= >,1sfu_A_A,2.0
42,12.098,GLU, ,OE2,50.69,16.22,0.0,0.97,1.0,<Residue GLU het=  resseq=12 icode= >,1sfu_A_A,2.0
43,0.0,ILE, ,N,38.0,13.64,0.0,2.35,1.0,<Residue ILE het=  resseq=13 icode= >,1sfu_A_A,2.0
44,0.0,ILE, ,CA,34.42,13.13,0.0,2.40,1.0,<Residue ILE het=  resseq=13 icode= >,1sfu_A_A,2.0
45,0.0,ILE, ,C,31.4,13.10,0.0,3.96,1.0,<Residue ILE het=  resseq=13 icode= >,1sfu_A_A,2.0
46,0.0,ILE, ,O,28.98,13.42,0.0,3.58,1.0,<Residue ILE het=  resseq=13 icode= >,1sfu_A_A,2.0
47,0.0,ILE, ,CB,35.42,11.77,0.0,1.89,1.0,<Residue ILE het=  resseq=13 icode= >,1sfu_A_A,2.0
48,6.498,ILE, ,CG1,37.56,11.86,0.0,1.35,1.0,<Residue ILE het=  resseq=13 icode= >,1sfu_A_A,2.0
49,0.0,ILE, ,CG2,35.22,11.53,0.0,1.40,1.0,<Residue ILE het=  resseq=13 icode= >,1sfu_A_A,2.0
50,6.724,ILE, ,CD1,39.08,10.63,0.0,0.51,1.0,<Residue ILE het=  resseq=13 icode= >,1sfu_A_A,2.0
51,0.0,PHE, ,N,29.53,12.56,0.0,3.83,1.0,<Residue PHE het=  resseq=14 icode= >,1sfu_A_A,2.0
52,0.0,PHE, ,CA,30.05,12.65,0.0,3.23,1.0,<Residue PHE het=  resseq=14 icode= >,1sfu_A_A,2.0
53,0.0,PHE, ,C,29.96,14.05,0.0,3.26,1.0,<Residue PHE het=  resseq=14 icode= >,1sfu_A_A,2.0
54,0.153,PHE, ,O,29.53,14.28,0.0,3.00,1.0,<Residue PHE het=  resseq=14 icode= >,1sfu_A_A,2.0
55,2.855,PHE, ,CB,31.14,12.42,0.0,2.09,1.0,<Residue PHE het=  resseq=14 icode= >,1sfu_A_A,2.0
56,2.161,PHE, ,CG,32.93,12.79,0.0,1.35,1.0,<Residue PHE het=  resseq=14 icode= >,1sfu_A_A,2.0
57,3.648,PHE, ,CD1,31.94,11.87,0.0,1.35,1.0,<Residue PHE het=  resseq=14 icode= >,1sfu_A_A,2.0
58,10.87,PHE, ,CD2,32.19,14.12,0.0,1.54,1.0,<Residue PHE het=  resseq=14 icode= >,1sfu_A_A,2.0
59,3.064,PHE, ,CE1,31.4,12.36,0.0,2.09,1.0,<Residue PHE het=  resseq=14 icode= >,1sfu_A_A,2.0
60,18.823,PHE, ,CE2,31.86,14.57,0.0,1.92,1.0,<Residue PHE het=  resseq=14 icode= >,1sfu_A_A,2.0
61,1.163,PHE, ,CZ,31.09,13.70,0.0,2.23,1.0,<Residue PHE het=  resseq=14 icode= >,1sfu_A_A,2.0
62,0.0,SER, ,N,28.61,15.08,0.0,2.58,1.0,<Residue SER het=  resseq=15 icode= >,1sfu_A_A,2.0
63,3.438,SER, ,CA,27.35,16.45,0.0,2.25,1.0,<Residue SER het=  resseq=15 icode= >,1sfu_A_A,2.0
64,1.067,SER, ,C,26.21,16.79,0.0,3.81,1.0,<Residue SER het=  resseq=15 icode= >,1sfu_A_A,2.0
65,3.548,SER, ,O,25.55,17.44,0.0,3.83,1.0,<Residue SER het=  resseq=15 icode= >,1sfu_A_A,2.0
66,30.726,SER, ,CB,26.96,17.34,0.0,2.48,1.0,<Residue SER het=  resseq=15 icode= >,1sfu_A_A,2.0
67,24.094,SER, ,OG,26.72,17.08,0.0,3.16,1.0,<Residue SER het=  resseq=15 icode= >,1sfu_A_A,2.0
68,0.0,LEU, ,N,26.04,16.35,0.0,3.23,1.0,<Residue LEU het=  resseq=16 icode= >,1sfu_A_A,2.0
69,0.592,LEU, ,CA,25.96,16.64,0.0,2.75,1.0,<Residue LEU het=  resseq=16 icode= >,1sfu_A_A,2.0
70,0.0,LEU, ,C,26.05,15.94,0.0,3.92,1.0,<Residue LEU het=  resseq=16 icode= >,1sfu_A_A,2.0
71,0.969,LEU, ,O,27.49,16.50,0.0,3.45,1.0,<Residue LEU het=  resseq=16 icode= >,1sfu_A_A,2.0
72,0.263,LEU, ,CB,27.88,16.20,0.0,2.33,1.0,<Residue LEU het=  resseq=16 icode= >,1sfu_A_A,2.0
73,0.1,LEU, ,CG,30.17,17.10,0.0,2.16,1.0,<Residue LEU het=  resseq=16 icode= >,1sfu_A_A,2.0
74,12.814,LEU, ,CD1,28.93,16.50,0.0,1.54,1.0,<Residue LEU het=  resseq=16 icode= >,1sfu_A_A,2.0
75,49.72,LEU, ,CD2,29.77,18.41,0.0,1.79,1.0,<Residue LEU het=  resseq=16 icode= >,1sfu_A_A,2.0
76,0.0,VAL, ,N,23.98,14.73,0.0,3.91,1.0,<Residue VAL het=  resseq=17 icode= >,1sfu_A_A,2.0
77,0.0,VAL, ,CA,23.32,14.01,0.0,2.12,1.0,<Residue VAL het=  resseq=17 icode= >,1sfu_A_A,2.0
78,0.0,VAL, ,C,21.25,14.65,0.0,3.84,1.0,<Residue VAL het=  resseq=17 icode= >,1sfu_A_A,2.0
79,0.0,VAL, ,O,23.34,14.60,0.0,3.61,1.0,<Residue VAL het=  resseq=17 icode= >,1sfu_A_A,2.0
80,0.317,VAL, ,CB,20.71,12.49,0.0,3.31,1.0,<Residue VAL het=  resseq=17 icode= >,1sfu_A_A,2.0
81,0.0,VAL, ,CG1,19.79,11.89,0.0,2.85,1.0,<Residue VAL het=  resseq=17 icode= >,1sfu_A_A,2.0
82,0.0,VAL, ,CG2,19.69,11.85,0.0,2.43,1.0,<Residue VAL het=  resseq=17 icode= >,1sfu_A_A,2.0
83,0.0,LYS, ,N,22.74,14.97,0.0,3.69,1.0,<Residue LYS het=  resseq=18 icode= >,1sfu_A_A,2.0
84,0.0,LYS, ,CA,23.52,15.73,0.0,2.81,1.0,<Residue LYS het=  resseq=18 icode= >,1sfu_A_A,2.0
85,0.0,LYS, ,C,24.64,17.03,0.0,3.73,1.0,<Residue LYS het=  resseq=18 icode= >,1sfu_A_A,2.0
86,0.0,LYS, ,O,24.77,17.17,0.0,3.45,1.0,<Residue LYS het=  resseq=18 icode= >,1sfu_A_A,2.0
87,0.846,LYS, ,CB,22.14,16.10,0.0,2.88,1.0,<Residue LYS het=  resseq=18 icode= >,1sfu_A_A,2.0
88,2.067,LYS, ,CG,25.04,16.91,0.0,2.81,1.0,<Residue LYS het=  resseq=18 icode= >,1sfu_A_A,2.0
89,9.768,LYS, ,CD,24.37,17.12,0.0,2.44,1.0,<Residue LYS het=  resseq=18 icode= >,1sfu_A_A,2.0
90,18.099,LYS, ,CE,25.94,18.16,0.0,2.30,1.0,<Residue LYS het=  resseq=18 icode= >,1sfu_A_A,2.0
91,39.95,LYS, ,NZ,25.0,18.51,0.0,2.82,1.0,<Residue LYS het=  resseq=18 icode= >,1sfu_A_A,2.0
92,0.528,LYS, ,N,26.15,17.72,0.0,3.13,1.0,<Residue LYS het=  resseq=19 icode= >,1sfu_A_A,2.0
93,3.316,LYS, ,CA,28.72,18.90,0.0,2.78,1.0,<Residue LYS het=  resseq=19 icode= >,1sfu_A_A,2.0
94,0.261,LYS, ,C,28.56,18.38,0.0,3.85,1.0,<Residue LYS het=  resseq=19 icode= >,1sfu_A_A,2.0
95,2.846,LYS, ,O,26.97,19.01,0.0,3.20,1.0,<Residue LYS het=  resseq=19 icode= >,1sfu_A_A,2.0
96,3.988,LYS, ,CB,31.46,19.67,0.0,1.94,1.0,<Residue LYS het=  resseq=19 icode= >,1sfu_A_A,2.0
97,17.429,LYS, ,CG,34.99,21.16,0.0,1.29,1.0,<Residue LYS het=  resseq=19 icode= >,1sfu_A_A,2.0
98,29.291,LYS, ,CD,37.7,21.88,0.0,0.78,1.0,<Residue LYS het=  resseq=19 icode= >,1sfu_A_A,2.0
99,48.887,LYS, ,CE,38.47,23.38,0.0,1.06,1.0,<Residue LYS het=  resseq=19 icode= >,1sfu_A_A,2.0
100,44.196,LYS, ,NZ,38.1,23.76,0.0,1.37,1.0,<Residue LYS het=  resseq=19 icode= >,1sfu_A_A,2.0
101,0.0,GLU, ,N,30.15,17.33,0.0,2.92,1.0,<Residue GLU het=  resseq=20 icode= >,1sfu_A_A,2.0
102,0.183,GLU, ,CA,31.6,16.90,0.0,2.89,1.0,<Residue GLU het=  resseq=20 icode= >,1sfu_A_A,2.0
103,0.661,GLU, ,C,32.35,16.44,0.0,3.25,1.0,<Residue GLU het=  resseq=20 icode= >,1sfu_A_A,2.0
104,1.803,GLU, ,O,32.86,16.96,0.0,2.83,1.0,<Residue GLU het=  resseq=20 icode= >,1sfu_A_A,2.0
105,1.092,GLU, ,CB,34.05,15.88,0.0,1.64,1.0,<Residue GLU het=  resseq=20 icode= >,1sfu_A_A,2.0
106,0.347,GLU, ,CG,37.23,16.53,0.0,1.45,1.0,<Residue GLU het=  resseq=20 icode= >,1sfu_A_A,2.0
107,4.742,GLU, ,CD,38.81,17.67,0.0,2.52,1.0,<Residue GLU het=  resseq=20 icode= >,1sfu_A_A,2.0
108,15.104,GLU, ,OE1,39.92,17.49,0.0,2.18,1.0,<Residue GLU het=  resseq=20 icode= >,1sfu_A_A,2.0
109,34.326,GLU, ,OE2,41.15,18.75,0.0,1.67,1.0,<Residue GLU het=  resseq=20 icode= >,1sfu_A_A,2.0
110,0.0,VAL, ,N,32.28,15.58,0.0,3.00,1.0,<Residue VAL het=  resseq=21 icode= >,1sfu_A_A,2.0
111,0.079,VAL, ,CA,32.18,15.24,0.0,2.90,1.0,<Residue VAL het=  resseq=21 icode= >,1sfu_A_A,2.0
112,0.0,VAL, ,C,31.86,16.52,0.0,3.61,1.0,<Residue VAL het=  resseq=21 icode= >,1sfu_A_A,2.0
113,0.0,VAL, ,O,31.91,16.80,0.0,3.34,1.0,<Residue VAL het=  resseq=21 icode= >,1sfu_A_A,2.0
114,0.0,VAL, ,CB,33.07,14.19,0.0,1.70,1.0,<Residue VAL het=  resseq=21 icode= >,1sfu_A_A,2.0
115,0.0,VAL, ,CG1,31.25,12.87,0.0,1.92,1.0,<Residue VAL het=  resseq=21 icode= >,1sfu_A_A,2.0
116,0.0,VAL, ,CG2,33.89,14.80,0.0,1.00,1.0,<Residue VAL het=  resseq=21 icode= >,1sfu_A_A,2.0
117,0.0,LEU, ,N,31.67,17.40,0.0,3.22,1.0,<Residue LEU het=  resseq=22 icode= >,1sfu_A_A,2.0
118,0.0,LEU, ,CA,32.03,18.68,0.0,2.37,1.0,<Residue LEU het=  resseq=22 icode= >,1sfu_A_A,2.0
119,1.177,LEU, ,C,32.04,19.57,0.0,3.82,1.0,<Residue LEU het=  resseq=22 icode= >,1sfu_A_A,2.0
120,14.338,LEU, ,O,30.32,20.51,0.0,2.96,1.0,<Residue LEU het=  resseq=22 icode= >,1sfu_A_A,2.0
121,12.225,LEU, ,CB,32.93,19.48,0.0,2.04,1.0,<Residue LEU het=  resseq=22 icode= >,1sfu_A_A,2.0
122,0.0,LEU, ,CG,31.41,19.04,0.0,2.98,1.0,<Residue LEU het=  resseq=22 icode= >,1sfu_A_A,2.0
123,33.51,LEU, ,CD1,34.05,19.99,0.0,1.80,1.0,<Residue LEU het=  resseq=22 icode= >,1sfu_A_A,2.0
124,10.882,LEU, ,CD2,33.39,19.20,0.0,1.56,1.0,<Residue LEU het=  resseq=22 icode= >,1sfu_A_A,2.0
125,0.17,SER, ,N,31.48,1000.00,0.0,3.10,1.0,<Residue SER het=  resseq=23 icode= >,1sfu_A_A,2.0
126,11.005,SER, ,CA,32.7,1000.00,0.0,2.10,1.0,<Residue SER het=  resseq=23 icode= >,1sfu_A_A,2.0
127,1.181,SER, ,C,31.92,1000.00,0.0,3.77,1.0,<Residue SER het=  resseq=23 icode= >,1sfu_A_A,2.0
128,23.969,SER, ,O,32.39,1000.00,0.0,2.89,1.0,<Residue SER het=  resseq=23 icode= >,1sfu_A_A,2.0
129,37.132,SER, ,CB,32.18,1000.00,0.0,1.93,1.0,<Residue SER het=  resseq=23 icode= >,1sfu_A_A,2.0
130,13.458,SER, ,OG,34.17,1000.00,0.0,2.28,1.0,<Residue SER het=  resseq=23 icode= >,1sfu_A_A,2.0
131,0.0,LEU, ,N,31.97,1000.00,0.0,2.54,1.0,<Residue LEU het=  resseq=24 icode= >,1sfu_A_A,2.0
132,3.518,LEU, ,CA,31.87,1000.00,0.0,2.56,1.0,<Residue LEU het=  resseq=24 icode= >,1sfu_A_A,2.0
133,0.077,LEU, ,C,32.62,1000.00,0.0,3.00,1.0,<Residue LEU het=  resseq=24 icode= >,1sfu_A_A,2.0
134,2.176,LEU, ,O,31.66,1000.00,0.0,2.51,1.0,<Residue LEU het=  resseq=24 icode= >,1sfu_A_A,2.0
135,0.0,LEU, ,CB,32.1,1000.00,0.0,2.13,1.0,<Residue LEU het=  resseq=24 icode= >,1sfu_A_A,2.0
136,0.18,LEU, ,CG,31.14,1000.00,0.0,2.33,1.0,<Residue LEU het=  resseq=24 icode= >,1sfu_A_A,2.0
137,0.0,LEU, ,CD1,31.93,1000.00,0.0,1.26,1.0,<Residue LEU het=  resseq=24 icode= >,1sfu_A_A,2.0
138,21.691,LEU, ,CD2,30.23,1000.00,0.0,2.04,1.0,<Residue LEU het=  resseq=24 icode= >,1sfu_A_A,2.0
139,0.677,ASN, ,N,32.87,1000.00,0.0,2.77,1.0,<Residue ASN het=  resseq=25 icode= >,1sfu_A_A,2.0
140,4.31,ASN, ,CA,33.84,1000.00,0.0,2.82,1.0,<Residue ASN het=  resseq=25 icode= >,1sfu_A_A,2.0
141,0.0,ASN, ,C,34.67,1000.00,0.0,3.46,1.0,<Residue ASN het=  resseq=25 icode= >,1sfu_A_A,2.0
142,0.0,ASN, ,O,33.72,1000.00,0.0,2.66,1.0,<Residue ASN het=  resseq=25 icode= >,1sfu_A_A,2.0
143,13.954,ASN, ,CB,35.17,1000.00,0.0,1.51,1.0,<Residue ASN het=  resseq=25 icode= >,1sfu_A_A,2.0
144,5.542,ASN, ,CG,35.51,1000.00,0.0,2.16,1.0,<Residue ASN het=  resseq=25 icode= >,1sfu_A_A,2.0
145,32.805,ASN, ,OD1,36.37,1000.00,0.0,1.73,1.0,<Residue ASN het=  resseq=25 icode= >,1sfu_A_A,2.0
146,52.023,ASN, ,ND2,35.91,1000.00,0.0,1.27,1.0,<Residue ASN het=  resseq=25 icode= >,1sfu_A_A,2.0
147,4.62,THR, ,N,35.9,1000.00,0.0,2.41,1.0,<Residue THR het=  resseq=26 icode= >,1sfu_A_A,2.0
148,0.0,THR, ,CA,36.89,1000.00,0.0,2.36,1.0,<Residue THR het=  resseq=26 icode= >,1sfu_A_A,2.0
149,0.0,THR, ,C,37.51,1000.00,0.0,3.17,1.0,<Residue THR het=  resseq=26 icode= >,1sfu_A_A,2.0
150,6.149,THR, ,O,38.29,1000.00,0.0,1.89,1.0,<Residue THR het=  resseq=26 icode= >,1sfu_A_A,2.0
151,14.717,THR, ,CB,37.71,1000.00,0.0,2.43,1.0,<Residue THR het=  resseq=26 icode= >,1sfu_A_A,2.0
152,15.277,THR, ,OG1,38.88,1000.00,0.0,2.30,1.0,<Residue THR het=  resseq=26 icode= >,1sfu_A_A,2.0
153,30.907,THR, ,CG2,38.3,1000.00,0.0,1.30,1.0,<Residue THR het=  resseq=26 icode= >,1sfu_A_A,2.0
154,0.838,ASN, ,N,38.36,1000.00,0.0,2.91,1.0,<Residue ASN het=  resseq=27 icode= >,1sfu_A_A,2.0
155,5.596,ASN, ,CA,40.08,1000.00,0.0,2.05,1.0,<Residue ASN het=  resseq=27 icode= >,1sfu_A_A,2.0
156,0.254,ASN, ,C,39.11,1000.00,0.0,2.60,1.0,<Residue ASN het=  resseq=27 icode= >,1sfu_A_A,2.0
157,11.286,ASN, ,O,40.82,1000.00,0.0,1.58,1.0,<Residue ASN het=  resseq=27 icode= >,1sfu_A_A,2.0
158,26.908,ASN, ,CB,41.74,1000.00,0.0,2.12,1.0,<Residue ASN het=  resseq=27 icode= >,1sfu_A_A,2.0
159,5.902,ASN, ,CG,45.79,1000.00,0.0,1.77,1.0,<Residue ASN het=  resseq=27 icode= >,1sfu_A_A,2.0
160,33.001,ASN, ,OD1,47.49,1000.00,0.0,0.60,1.0,<Residue ASN het=  resseq=27 icode= >,1sfu_A_A,2.0
161,55.584,ASN, ,ND2,47.33,1000.00,0.0,0.77,1.0,<Residue ASN het=  resseq=27 icode= >,1sfu_A_A,2.0
162,0.025,ASP, ,N,38.47,18.59,0.0,2.59,1.0,<Residue ASP het=  resseq=28 icode= >,1sfu_A_A,2.0
163,2.235,ASP, ,CA,36.72,17.68,0.0,2.81,1.0,<Residue ASP het=  resseq=28 icode= >,1sfu_A_A,2.0
164,0.0,ASP, ,C,34.89,16.22,0.0,3.33,1.0,<Residue ASP het=  resseq=28 icode= >,1sfu_A_A,2.0
165,0.0,ASP, ,O,33.98,15.98,0.0,3.17,1.0,<Residue ASP het=  resseq=28 icode= >,1sfu_A_A,2.0
166,7.108,ASP, ,CB,39.06,18.23,0.0,2.21,1.0,<Residue ASP het=  resseq=28 icode= >,1sfu_A_A,2.0
167,7.793,ASP, ,CG,43.51,17.69,0.0,1.30,1.0,<Residue ASP het=  resseq=28 icode= >,1sfu_A_A,2.0
168,24.869,ASP, ,OD1,44.25,17.48,0.0,1.00,1.0,<Residue ASP het=  resseq=28 icode= >,1sfu_A_A,2.0
169,22.828,ASP, ,OD2,46.82,17.61,0.0,0.90,1.0,<Residue ASP het=  resseq=28 icode= >,1sfu_A_A,2.0
170,0.0,TYR, ,N,31.96,15.35,0.0,2.70,1.0,<Residue TYR het=  resseq=29 icode= >,1sfu_A_A,2.0
171,0.0,TYR, ,CA,29.52,13.91,0.0,2.51,1.0,<Residue TYR het=  resseq=29 icode= >,1sfu_A_A,2.0
172,0.0,TYR, ,C,27.12,13.39,0.0,3.90,1.0,<Residue TYR het=  resseq=29 icode= >,1sfu_A_A,2.0
173,11.178,TYR, ,O,27.69,14.15,0.0,3.36,1.0,<Residue TYR het=  resseq=29 icode= >,1sfu_A_A,2.0
174,0.0,TYR, ,CB,27.71,13.26,0.0,2.29,1.0,<Residue TYR het=  resseq=29 icode= >,1sfu_A_A,2.0
175,0.0,TYR, ,CG,28.71,13.49,0.0,2.70,1.0,<Residue TYR het=  resseq=29 icode= >,1sfu_A_A,2.0
176,0.005,TYR, ,CD1,29.92,12.74,0.0,1.53,1.0,<Residue TYR het=  resseq=29 icode= >,1sfu_A_A,2.0
177,2.905,TYR, ,CD2,29.69,14.60,0.0,2.24,1.0,<Residue TYR het=  resseq=29 icode= >,1sfu_A_A,2.0
178,15.467,TYR, ,CE1,28.57,12.86,0.0,2.90,1.0,<Residue TYR het=  resseq=29 icode= >,1sfu_A_A,2.0
179,29.456,TYR, ,CE2,30.59,14.98,0.0,2.27,1.0,<Residue TYR het=  resseq=29 icode= >,1sfu_A_A,2.0
180,5.208,TYR, ,CZ,31.16,13.77,0.0,3.26,1.0,<Residue TYR het=  resseq=29 icode= >,1sfu_A_A,2.0
181,32.741,TYR, ,OH,31.97,13.58,0.0,2.68,1.0,<Residue TYR het=  resseq=29 icode= >,1sfu_A_A,2.0
182,0.0,THR, ,N,25.43,12.23,0.0,3.80,1.0,<Residue THR het=  resseq=30 icode= >,1sfu_A_A,2.0
183,5.375,THR, ,CA,24.3,11.82,0.0,2.49,1.0,<Residue THR het=  resseq=30 icode= >,1sfu_A_A,2.0
184,0.0,THR, ,C,24.58,10.34,0.0,3.45,1.0,<Residue THR het=  resseq=30 icode= >,1sfu_A_A,2.0
185,0.0,THR, ,O,24.46,9.69,0.0,2.53,1.0,<Residue THR het=  resseq=30 icode= >,1sfu_A_A,2.0
186,5.467,THR, ,CB,23.28,12.30,0.0,3.52,1.0,<Residue THR het=  resseq=30 icode= >,1sfu_A_A,2.0
187,2.819,THR, ,OG1,23.06,12.34,0.0,3.34,1.0,<Residue THR het=  resseq=30 icode= >,1sfu_A_A,2.0
188,0.736,THR, ,CG2,22.95,11.57,0.0,2.23,1.0,<Residue THR het=  resseq=30 icode= >,1sfu_A_A,2.0
189,0.073,THR, ,N,23.5,9.95,0.0,3.33,1.0,<Residue THR het=  resseq=31 icode= >,1sfu_A_A,2.0
190,0.0,THR, ,CA,24.66,8.61,0.0,2.77,1.0,<Residue THR het=  resseq=31 icode= >,1sfu_A_A,2.0
191,0.0,THR, ,C,24.09,8.36,0.0,3.75,1.0,<Residue THR het=  resseq=31 icode= >,1sfu_A_A,2.0
192,0.0,THR, ,O,23.7,9.37,0.0,3.41,1.0,<Residue THR het=  resseq=31 icode= >,1sfu_A_A,2.0
193,0.079,THR, ,CB,25.41,8.47,0.0,2.97,1.0,<Residue THR het=  resseq=31 icode= >,1sfu_A_A,2.0
194,1.864,THR, ,OG1,27.46,8.64,0.0,2.99,1.0,<Residue THR het=  resseq=31 icode= >,1sfu_A_A,2.0
195,21.17,THR, ,CG2,26.87,9.06,0.0,1.90,1.0,<Residue THR het=  resseq=31 icode= >,1sfu_A_A,2.0
196,1.537,ALA, ,N,23.78,7.20,0.0,3.49,1.0,<Residue ALA het=  resseq=32 icode= >,1sfu_A_A,2.0
197,0.0,ALA, ,CA,25.37,7.23,0.0,2.84,1.0,<Residue ALA het=  resseq=32 icode= >,1sfu_A_A,2.0
198,0.0,ALA, ,C,27.12,7.95,0.0,3.43,1.0,<Residue ALA het=  resseq=32 icode= >,1sfu_A_A,2.0
199,0.0,ALA, ,O,25.85,8.54,0.0,3.65,1.0,<Residue ALA het=  resseq=32 icode= >,1sfu_A_A,2.0
200,9.205,ALA, ,CB,25.71,5.88,0.046,1.36,1.0,<Residue ALA het=  resseq=32 icode= >,1sfu_A_A,2.0
201,0.957,ILE, ,N,27.28,7.13,0.0,3.31,1.0,<Residue ILE het=  resseq=33 icode= >,1sfu_A_A,2.0
202,0.0,ILE, ,CA,29.86,7.33,0.0,2.28,1.0,<Residue ILE het=  resseq=33 icode= >,1sfu_A_A,2.0
203,0.0,ILE, ,C,30.37,8.81,0.0,2.88,1.0,<Residue ILE het=  resseq=33 icode= >,1sfu_A_A,2.0
204,0.0,ILE, ,O,30.81,9.55,0.0,2.56,1.0,<Residue ILE het=  resseq=33 icode= >,1sfu_A_A,2.0
205,6.243,ILE, ,CB,29.92,6.56,0.0,3.12,1.0,<Residue ILE het=  resseq=33 icode= >,1sfu_A_A,2.0
206,25.843,ILE, ,CG1,31.31,7.34,0.0,2.45,1.0,<Residue ILE het=  resseq=33 icode= >,1sfu_A_A,2.0
207,23.503,ILE, ,CG2,29.75,6.89,0.0,1.74,1.0,<Residue ILE het=  resseq=33 icode= >,1sfu_A_A,2.0
208,44.84,ILE, ,CD1,33.87,7.51,0.0,0.55,1.0,<Residue ILE het=  resseq=33 icode= >,1sfu_A_A,2.0
209,0.0,SER, ,N,32.0,9.39,0.0,2.76,1.0,<Residue SER het=  resseq=34 icode= >,1sfu_A_A,2.0
210,5.333,SER, ,CA,33.05,10.82,0.0,2.63,1.0,<Residue SER het=  resseq=34 icode= >,1sfu_A_A,2.0
211,0.0,SER, ,C,33.26,11.64,0.0,3.66,1.0,<Residue SER het=  resseq=34 icode= >,1sfu_A_A,2.0
212,0.072,SER, ,O,33.43,12.56,0.0,2.98,1.0,<Residue SER het=  resseq=34 icode= >,1sfu_A_A,2.0
213,18.199,SER, ,CB,34.73,11.42,0.0,2.77,1.0,<Residue SER het=  resseq=34 icode= >,1sfu_A_A,2.0
214,6.155,SER, ,OG,37.57,12.81,0.0,1.92,1.0,<Residue SER het=  resseq=34 icode= >,1sfu_A_A,2.0
215,0.0,LEU, ,N,32.43,11.48,0.0,3.59,1.0,<Residue LEU het=  resseq=35 icode= >,1sfu_A_A,2.0
216,0.0,LEU, ,CA,32.28,11.86,0.0,3.31,1.0,<Residue LEU het=  resseq=35 icode= >,1sfu_A_A,2.0
217,0.0,LEU, ,C,32.28,11.50,0.0,3.66,1.0,<Residue LEU het=  resseq=35 icode= >,1sfu_A_A,2.0
218,0.0,LEU, ,O,31.6,12.34,0.0,2.96,1.0,<Residue LEU het=  resseq=35 icode= >,1sfu_A_A,2.0
219,0.0,LEU, ,CB,31.97,11.20,0.0,2.56,1.0,<Residue LEU het=  resseq=35 icode= >,1sfu_A_A,2.0
220,0.0,LEU, ,CG,32.98,11.38,0.0,3.03,1.0,<Residue LEU het=  resseq=35 icode= >,1sfu_A_A,2.0
221,0.0,LEU, ,CD1,20.04,10.53,0.0,1.68,1.0,<Residue LEU het=  resseq=35 icode= >,1sfu_A_A,2.0
222,4.05,LEU, ,CD2,20.04,12.84,0.0,2.21,1.0,<Residue LEU het=  resseq=35 icode= >,1sfu_A_A,2.0
223,0.0,SER, ,N,32.82,10.39,0.0,3.20,1.0,<Residue SER het=  resseq=36 icode= >,1sfu_A_A,2.0
224,0.0,SER, ,CA,35.22,10.19,0.0,2.11,1.0,<Residue SER het=  resseq=36 icode= >,1sfu_A_A,2.0
225,0.037,SER, ,C,36.84,11.48,0.0,3.45,1.0,<Residue SER het=  resseq=36 icode= >,1sfu_A_A,2.0
226,2.439,SER, ,O,37.12,12.07,0.0,2.99,1.0,<Residue SER het=  resseq=36 icode= >,1sfu_A_A,2.0
227,0.0,SER, ,CB,34.82,9.02,0.0,2.24,1.0,<Residue SER het=  resseq=36 icode= >,1sfu_A_A,2.0
228,13.754,SER, ,OG,36.15,9.33,0.0,2.23,1.0,<Residue SER het=  resseq=36 icode= >,1sfu_A_A,2.0
229,0.058,ASN, ,N,38.7,12.04,0.0,3.01,1.0,<Residue ASN het=  resseq=37 icode= >,1sfu_A_A,2.0
230,7.433,ASN, ,CA,41.38,12.94,0.0,2.34,1.0,<Residue ASN het=  resseq=37 icode= >,1sfu_A_A,2.0
231,0.065,ASN, ,C,42.97,14.38,0.0,2.08,1.0,<Residue ASN het=  resseq=37 icode= >,1sfu_A_A,2.0
232,0.697,ASN, ,O,44.21,15.32,0.0,1.47,1.0,<Residue ASN het=  resseq=37 icode= >,1sfu_A_A,2.0
233,4.262,ASN, ,CB,41.15,12.56,0.0,2.47,1.0,<Residue ASN het=  resseq=37 icode= >,1sfu_A_A,2.0
234,6.123,ASN, ,CG,42.18,13.55,0.0,2.34,1.0,<Residue ASN het=  resseq=37 icode= >,1sfu_A_A,2.0
235,26.415,ASN, ,OD1,20.04,14.06,0.0,1.37,1.0,<Residue ASN het=  resseq=37 icode= >,1sfu_A_A,2.0
236,49.462,ASN, ,ND2,20.04,13.96,0.0,1.49,1.0,<Residue ASN het=  resseq=37 icode= >,1sfu_A_A,2.0
237,0.0,ARG, ,N,44.22,14.56,0.0,1.89,1.0,<Residue ARG het=  resseq=38 icode= >,1sfu_A_A,2.0
238,6.668,ARG, ,CA,45.03,15.74,0.0,2.60,1.0,<Residue ARG het=  resseq=38 icode= >,1sfu_A_A,2.0
239,1.484,ARG, ,C,44.13,15.76,0.0,3.10,1.0,<Residue ARG het=  resseq=38 icode= >,1sfu_A_A,2.0
240,17.794,ARG, ,O,43.92,16.73,0.0,1.90,1.0,<Residue ARG het=  resseq=38 icode= >,1sfu_A_A,2.0
241,9.225,ARG, ,CB,48.0,16.03,0.0,1.77,1.0,<Residue ARG het=  resseq=38 icode= >,1sfu_A_A,2.0
242,4.634,ARG, ,CG,53.41,16.00,0.0,1.12,1.0,<Residue ARG het=  resseq=38 icode= >,1sfu_A_A,2.0
243,15.799,ARG, ,CD,57.94,16.74,0.0,0.45,1.0,<Residue ARG het=  resseq=38 icode= >,1sfu_A_A,2.0
244,10.859,ARG, ,NE,62.72,16.30,0.0,-0.01,1.0,<Residue ARG het=  resseq=38 icode= >,1sfu_A_A,2.0
245,4.356,ARG, ,CZ,64.72,16.35,0.0,0.66,1.0,<Residue ARG het=  resseq=38 icode= >,1sfu_A_A,2.0
246,39.687,ARG, ,NH1,66.02,16.81,0.0,-0.33,1.0,<Residue ARG het=  resseq=38 icode= >,1sfu_A_A,2.0
247,45.183,ARG, ,NH2,65.26,16.09,0.0,0.73,1.0,<Residue ARG het=  resseq=38 icode= >,1sfu_A_A,2.0
248,0.0,LEU, ,N,42.66,14.81,0.0,2.85,1.0,<Residue LEU het=  resseq=39 icode= >,1sfu_A_A,2.0
249,9.526,LEU, ,CA,42.51,14.93,0.0,2.64,1.0,<Residue LEU het=  resseq=39 icode= >,1sfu_A_A,2.0
250,1.434,LEU, ,C,42.16,14.71,0.0,2.75,1.0,<Residue LEU het=  resseq=39 icode= >,1sfu_A_A,2.0
251,10.572,LEU, ,O,41.25,14.91,0.0,2.05,1.0,<Residue LEU het=  resseq=39 icode= >,1sfu_A_A,2.0
252,0.512,LEU, ,CB,41.47,14.11,0.0,1.69,1.0,<Residue LEU het=  resseq=39 icode= >,1sfu_A_A,2.0
253,6.63,LEU, ,CG,40.34,14.54,0.0,3.26,1.0,<Residue LEU het=  resseq=39 icode= >,1sfu_A_A,2.0
254,0.925,LEU, ,CD1,40.54,14.35,0.0,1.38,1.0,<Residue LEU het=  resseq=39 icode= >,1sfu_A_A,2.0
255,0.0,LEU, ,CD2,40.72,13.92,0.0,1.64,1.0,<Residue LEU het=  resseq=39 icode= >,1sfu_A_A,2.0
256,0.0,LYS, ,N,42.74,14.49,0.0,2.01,1.0,<Residue LYS het=  resseq=40 icode= >,1sfu_A_A,2.0
257,3.396,LYS, ,CA,43.13,14.47,0.0,2.11,1.0,<Residue LYS het=  resseq=40 icode= >,1sfu_A_A,2.0
258,4.472,LYS, ,C,42.98,13.59,0.0,2.76,1.0,<Residue LYS het=  resseq=40 icode= >,1sfu_A_A,2.0
259,23.588,LYS, ,O,42.8,14.11,0.0,1.89,1.0,<Residue LYS het=  resseq=40 icode= >,1sfu_A_A,2.0
260,21.933,LYS, ,CB,42.91,15.90,0.0,1.65,1.0,<Residue LYS het=  resseq=40 icode= >,1sfu_A_A,2.0
261,20.487,LYS, ,CG,43.31,16.90,0.0,1.20,1.0,<Residue LYS het=  resseq=40 icode= >,1sfu_A_A,2.0
262,25.366,LYS, ,CD,44.5,16.73,0.0,0.70,1.0,<Residue LYS het=  resseq=40 icode= >,1sfu_A_A,2.0
263,45.382,LYS, ,CE,44.02,17.80,0.0,0.94,1.0,<Residue LYS het=  resseq=40 icode= >,1sfu_A_A,2.0
264,20.722,LYS, ,NZ,43.58,17.67,0.0,1.31,1.0,<Residue LYS het=  resseq=40 icode= >,1sfu_A_A,2.0
265,0.234,ILE, ,N,42.63,12.35,0.0,2.32,1.0,<Residue ILE het=  resseq=41 icode= >,1sfu_A_A,2.0
266,4.095,ILE, ,CA,41.42,11.49,0.0,2.50,1.0,<Residue ILE het=  resseq=41 icode= >,1sfu_A_A,2.0
267,2.199,ILE, ,C,41.05,10.16,0.0,3.06,1.0,<Residue ILE het=  resseq=41 icode= >,1sfu_A_A,2.0
268,1.332,ILE, ,O,40.0,9.78,0.0,2.38,1.0,<Residue ILE het=  resseq=41 icode= >,1sfu_A_A,2.0
269,0.0,ILE, ,CB,42.25,11.39,0.0,2.03,1.0,<Residue ILE het=  resseq=41 icode= >,1sfu_A_A,2.0
270,11.591,ILE, ,CG1,42.39,12.84,0.0,1.62,1.0,<Residue ILE het=  resseq=41 icode= >,1sfu_A_A,2.0
271,1.712,ILE, ,CG2,41.59,10.56,0.0,1.82,1.0,<Residue ILE het=  resseq=41 icode= >,1sfu_A_A,2.0
272,6.993,ILE, ,CD1,43.12,13.12,0.0,0.72,1.0,<Residue ILE het=  resseq=41 icode= >,1sfu_A_A,2.0
273,0.757,ASN, ,N,40.52,9.64,0.0,2.07,1.0,<Residue ASN het=  resseq=42 icode= >,1sfu_A_A,2.0
274,4.478,ASN, ,CA,39.46,8.45,0.0,1.84,1.0,<Residue ASN het=  resseq=42 icode= >,1sfu_A_A,2.0
275,0.0,ASN, ,C,37.07,7.24,0.0,3.04,1.0,<Residue ASN het=  resseq=42 icode= >,1sfu_A_A,2.0
276,0.0,ASN, ,O,33.78,7.17,0.0,3.86,1.0,<Residue ASN het=  resseq=42 icode= >,1sfu_A_A,2.0
277,8.57,ASN, ,CB,42.59,8.04,0.0,1.79,1.0,<Residue ASN het=  resseq=42 icode= >,1sfu_A_A,2.0
278,7.592,ASN, ,CG,46.72,9.14,0.0,1.27,1.0,<Residue ASN het=  resseq=42 icode= >,1sfu_A_A,2.0
279,34.83,ASN, ,OD1,49.29,9.23,0.0,1.04,1.0,<Residue ASN het=  resseq=42 icode= >,1sfu_A_A,2.0
280,44.69,ASN, ,ND2,48.27,10.18,0.0,0.51,1.0,<Residue ASN het=  resseq=42 icode= >,1sfu_A_A,2.0
281,5.256,LYS, ,N,35.88,6.55,0.0,2.37,1.0,<Residue LYS het=  resseq=43 icode= >,1sfu_A_A,2.0
282,0.0,LYS, ,CA,33.16,5.53,0.0,2.84,1.0,<Residue LYS het=  resseq=43 icode= >,1sfu_A_A,2.0
283,0.0,LYS, ,C,32.61,4.45,0.0,3.31,1.0,<Residue LYS het=  resseq=43 icode= >,1sfu_A_A,2.0
284,0.0,LYS, ,O,31.1,4.20,0.0,3.69,1.0,<Residue LYS het=  resseq=43 icode= >,1sfu_A_A,2.0
285,11.873,LYS, ,CB,33.05,5.26,0.0,2.25,1.0,<Residue LYS het=  resseq=43 icode= >,1sfu_A_A,2.0
286,0.0,LYS, ,CG,34.93,4.85,0.0,1.73,1.0,<Residue LYS het=  resseq=43 icode= >,1sfu_A_A,2.0
287,7.061,LYS, ,CD,36.69,4.94,1.101,1.98,1.0,<Residue LYS het=  resseq=43 icode= >,1sfu_A_A,2.0
288,41.416,LYS, ,CE,37.51,4.28,9.395,1.76,1.0,<Residue LYS het=  resseq=43 icode= >,1sfu_A_A,2.0
289,33.217,LYS, ,NZ,42.22,3.71,19.714,0.98,1.0,<Residue LYS het=  resseq=43 icode= >,1sfu_A_A,2.0
290,3.332,LYS, ,N,30.74,4.30,0.086,3.11,1.0,<Residue LYS het=  resseq=44 icode= >,1sfu_A_A,2.0
291,4.593,LYS, ,CA,31.2,3.63,4.473,2.27,1.0,<Residue LYS het=  resseq=44 icode= >,1sfu_A_A,2.0
292,0.0,LYS, ,C,30.35,4.63,0.0,3.24,1.0,<Residue LYS het=  resseq=44 icode= >,1sfu_A_A,2.0
293,0.084,LYS, ,O,30.17,4.11,0.084,3.50,1.0,<Residue LYS het=  resseq=44 icode= >,1sfu_A_A,2.0
294,19.177,LYS, ,CB,30.77,3.33,4.351,1.98,1.0,<Residue LYS het=  resseq=44 icode= >,1sfu_A_A,2.0
295,9.396,LYS, ,CG,32.25,3.08,9.184,1.46,1.0,<Residue LYS het=  resseq=44 icode= >,1sfu_A_A,2.0
296,34.406,LYS, ,CD,32.74,3.64,4.062,1.47,1.0,<Residue LYS het=  resseq=44 icode= >,1sfu_A_A,2.0
297,25.349,LYS, ,CE,32.01,3.92,15.356,1.75,1.0,<Residue LYS het=  resseq=44 icode= >,1sfu_A_A,2.0
298,49.093,LYS, ,NZ,30.94,4.35,7.603,1.87,1.0,<Residue LYS het=  resseq=44 icode= >,1sfu_A_A,2.0
299,0.0,LYS, ,N,28.37,5.82,0.0,2.38,1.0,<Residue LYS het=  resseq=45 icode= >,1sfu_A_A,2.0
300,0.066,LYS, ,CA,28.1,6.85,0.0,2.25,1.0,<Residue LYS het=  resseq=45 icode= >,1sfu_A_A,2.0
301,0.0,LYS, ,C,24.76,6.89,0.0,4.20,1.0,<Residue LYS het=  resseq=45 icode= >,1sfu_A_A,2.0
302,0.0,LYS, ,O,23.97,7.09,0.0,3.29,1.0,<Residue LYS het=  resseq=45 icode= >,1sfu_A_A,2.0
303,0.066,LYS, ,CB,30.67,8.21,0.0,2.14,1.0,<Residue LYS het=  resseq=45 icode= >,1sfu_A_A,2.0
304,5.829,LYS, ,CG,35.53,8.42,0.0,1.56,1.0,<Residue LYS het=  resseq=45 icode= >,1sfu_A_A,2.0
305,4.459,LYS, ,CD,38.78,9.87,0.0,0.92,1.0,<Residue LYS het=  resseq=45 icode= >,1sfu_A_A,2.0
306,38.714,LYS, ,CE,41.39,10.39,0.0,0.90,1.0,<Residue LYS het=  resseq=45 icode= >,1sfu_A_A,2.0
307,32.354,LYS, ,NZ,43.95,9.68,0.0,0.70,1.0,<Residue LYS het=  resseq=45 icode= >,1sfu_A_A,2.0
308,0.0,ILE, ,N,22.26,6.97,0.0,4.51,1.0,<Residue ILE het=  resseq=46 icode= >,1sfu_A_A,2.0
309,0.0,ILE, ,CA,22.13,7.38,0.0,2.68,1.0,<Residue ILE het=  resseq=46 icode= >,1sfu_A_A,2.0
310,0.0,ILE, ,C,21.18,6.69,0.0,3.39,1.0,<Residue ILE het=  resseq=46 icode= >,1sfu_A_A,2.0
311,0.0,ILE, ,O,19.62,7.37,0.0,3.86,1.0,<Residue ILE het=  resseq=46 icode= >,1sfu_A_A,2.0
312,0.0,ILE, ,CB,21.85,7.43,0.0,3.66,1.0,<Residue ILE het=  resseq=46 icode= >,1sfu_A_A,2.0
313,0.0,ILE, ,CG1,23.41,8.53,0.0,2.53,1.0,<Residue ILE het=  resseq=46 icode= >,1sfu_A_A,2.0
314,0.0,ILE, ,CG2,19.94,8.03,0.0,3.02,1.0,<Residue ILE het=  resseq=46 icode= >,1sfu_A_A,2.0
315,0.0,ILE, ,CD1,25.57,9.89,0.0,1.86,1.0,<Residue ILE het=  resseq=46 icode= >,1sfu_A_A,2.0
316,0.0,ASN, ,N,21.92,5.40,0.0,3.14,1.0,<Residue ASN het=  resseq=47 icode= >,1sfu_A_A,2.0
317,0.0,ASN, ,CA,21.78,4.73,0.0,2.69,1.0,<Residue ASN het=  resseq=47 icode= >,1sfu_A_A,2.0
318,0.354,ASN, ,C,21.33,4.42,0.354,4.35,1.0,<Residue ASN het=  resseq=47 icode= >,1sfu_A_A,2.0
319,0.0,ASN, ,O,20.82,4.40,0.0,4.38,1.0,<Residue ASN het=  resseq=47 icode= >,1sfu_A_A,2.0
320,11.499,ASN, ,CB,21.2,3.43,11.499,2.16,1.0,<Residue ASN het=  resseq=47 icode= >,1sfu_A_A,2.0
321,1.593,ASN, ,CG,19.62,3.56,1.593,4.73,1.0,<Residue ASN het=  resseq=47 icode= >,1sfu_A_A,2.0
322,3.83,ASN, ,OD1,16.05,3.78,3.557,4.43,1.0,<Residue ASN het=  resseq=47 icode= >,1sfu_A_A,2.0
323,23.777,ASN, ,ND2,19.94,2.57,23.634,2.45,1.0,<Residue ASN het=  resseq=47 icode= >,1sfu_A_A,2.0
324,0.137,GLN, ,N,22.3,4.33,0.137,3.42,1.0,<Residue GLN het=  resseq=48 icode= >,1sfu_A_A,2.0
325,8.598,GLN, ,CA,22.9,4.42,7.457,2.82,1.0,<Residue GLN het=  resseq=48 icode= >,1sfu_A_A,2.0
326,0.0,GLN, ,C,24.02,5.66,0.0,3.81,1.0,<Residue GLN het=  resseq=48 icode= >,1sfu_A_A,2.0
327,1.401,GLN, ,O,22.56,5.75,0.0,4.21,1.0,<Residue GLN het=  resseq=48 icode= >,1sfu_A_A,2.0
328,0.858,GLN, ,CB,24.67,4.41,0.027,2.00,1.0,<Residue GLN het=  resseq=48 icode= >,1sfu_A_A,2.0
329,16.241,GLN, ,CG,26.45,3.51,15.975,2.25,1.0,<Residue GLN het=  resseq=48 icode= >,1sfu_A_A,2.0
330,1.936,GLN, ,CD,30.2,3.70,0.0,2.85,1.0,<Residue GLN het=  resseq=48 icode= >,1sfu_A_A,2.0
331,7.047,GLN, ,OE1,29.23,4.86,0.0,2.71,1.0,<Residue GLN het=  resseq=48 icode= >,1sfu_A_A,2.0
332,44.551,GLN, ,NE2,28.38,2.74,17.847,1.89,1.0,<Residue GLN het=  resseq=48 icode= >,1sfu_A_A,2.0
333,0.0,GLN, ,N,21.87,6.70,0.0,3.96,1.0,<Residue GLN het=  resseq=49 icode= >,1sfu_A_A,2.0
334,0.0,GLN, ,CA,24.16,8.02,0.0,2.93,1.0,<Residue GLN het=  resseq=49 icode= >,1sfu_A_A,2.0
335,0.0,GLN, ,C,23.73,8.08,0.0,3.42,1.0,<Residue GLN het=  resseq=49 icode= >,1sfu_A_A,2.0
336,0.0,GLN, ,O,25.75,8.64,0.0,3.32,1.0,<Residue GLN het=  resseq=49 icode= >,1sfu_A_A,2.0
337,0.347,GLN, ,CB,25.74,9.12,0.0,2.64,1.0,<Residue GLN het=  resseq=49 icode= >,1sfu_A_A,2.0
338,0.0,GLN, ,CG,30.07,9.18,0.0,2.35,1.0,<Residue GLN het=  resseq=49 icode= >,1sfu_A_A,2.0
339,0.0,GLN, ,CD,31.49,8.74,0.0,3.40,1.0,<Residue GLN het=  resseq=49 icode= >,1sfu_A_A,2.0
340,2.687,GLN, ,OE1,33.65,9.34,0.0,2.52,1.0,<Residue GLN het=  resseq=49 icode= >,1sfu_A_A,2.0
341,0.929,GLN, ,NE2,34.47,7.67,0.0,1.64,1.0,<Residue GLN het=  resseq=49 icode= >,1sfu_A_A,2.0
342,0.0,LEU, ,N,21.55,7.57,0.0,3.75,1.0,<Residue LEU het=  resseq=50 icode= >,1sfu_A_A,2.0
343,0.0,LEU, ,CA,21.3,7.95,0.0,2.96,1.0,<Residue LEU het=  resseq=50 icode= >,1sfu_A_A,2.0
344,0.0,LEU, ,C,20.29,7.40,0.0,4.22,1.0,<Residue LEU het=  resseq=50 icode= >,1sfu_A_A,2.0
345,0.0,LEU, ,O,21.37,8.26,0.0,3.90,1.0,<Residue LEU het=  resseq=50 icode= >,1sfu_A_A,2.0
346,0.0,LEU, ,CB,16.72,7.28,0.0,3.33,1.0,<Residue LEU het=  resseq=50 icode= >,1sfu_A_A,2.0
347,0.0,LEU, ,CG,18.97,7.84,0.0,3.51,1.0,<Residue LEU het=  resseq=50 icode= >,1sfu_A_A,2.0
348,0.0,LEU, ,CD1,18.99,6.88,0.0,2.61,1.0,<Residue LEU het=  resseq=50 icode= >,1sfu_A_A,2.0
349,0.0,LEU, ,CD2,17.09,8.91,0.0,2.42,1.0,<Residue LEU het=  resseq=50 icode= >,1sfu_A_A,2.0
350,0.0,TYR, ,N,20.56,6.13,0.0,3.60,1.0,<Residue TYR het=  resseq=51 icode= >,1sfu_A_A,2.0
351,0.0,TYR, ,CA,21.64,5.87,0.0,2.73,1.0,<Residue TYR het=  resseq=51 icode= >,1sfu_A_A,2.0
352,0.194,TYR, ,C,23.15,6.75,0.0,4.64,1.0,<Residue TYR het=  resseq=51 icode= >,1sfu_A_A,2.0
353,1.762,TYR, ,O,24.28,7.42,0.0,3.47,1.0,<Residue TYR het=  resseq=51 icode= >,1sfu_A_A,2.0
354,18.572,TYR, ,CB,18.82,4.44,7.738,2.35,1.0,<Residue TYR het=  resseq=51 icode= >,1sfu_A_A,2.0
355,2.681,TYR, ,CG,16.77,3.69,2.681,3.58,1.0,<Residue TYR het=  resseq=51 icode= >,1sfu_A_A,2.0
356,7.88,TYR, ,CD1,14.21,3.60,7.88,3.75,1.0,<Residue TYR het=  resseq=51 icode= >,1sfu_A_A,2.0
357,14.558,TYR, ,CD2,16.88,3.70,4.874,2.95,1.0,<Residue TYR het=  resseq=51 icode= >,1sfu_A_A,2.0
358,10.742,TYR, ,CE1,12.58,3.50,10.742,3.59,1.0,<Residue TYR het=  resseq=51 icode= >,1sfu_A_A,2.0
359,11.643,TYR, ,CE2,17.25,3.66,6.255,2.77,1.0,<Residue TYR het=  resseq=51 icode= >,1sfu_A_A,2.0
360,5.171,TYR, ,CZ,18.3,3.46,5.171,3.96,1.0,<Residue TYR het=  resseq=51 icode= >,1sfu_A_A,2.0
361,15.187,TYR, ,OH,15.42,2.58,11.438,3.84,1.0,<Residue TYR het=  resseq=51 icode= >,1sfu_A_A,2.0
362,0.051,LYS, ,N,26.84,7.04,0.0,3.30,1.0,<Residue LYS het=  resseq=52 icode= >,1sfu_A_A,2.0
363,0.569,LYS, ,CA,28.83,8.16,0.0,2.24,1.0,<Residue LYS het=  resseq=52 icode= >,1sfu_A_A,2.0
364,0.0,LYS, ,C,28.77,9.42,0.0,3.61,1.0,<Residue LYS het=  resseq=52 icode= >,1sfu_A_A,2.0
365,1.321,LYS, ,O,29.34,10.33,0.0,3.45,1.0,<Residue LYS het=  resseq=52 icode= >,1sfu_A_A,2.0
366,7.427,LYS, ,CB,31.1,8.32,0.0,2.49,1.0,<Residue LYS het=  resseq=52 icode= >,1sfu_A_A,2.0
367,14.591,LYS, ,CG,37.01,7.33,0.0,1.52,1.0,<Residue LYS het=  resseq=52 icode= >,1sfu_A_A,2.0
368,10.387,LYS, ,CD,20.04,7.52,0.0,1.36,1.0,<Residue LYS het=  resseq=52 icode= >,1sfu_A_A,2.0
369,22.955,LYS, ,CE,20.04,6.25,0.0,1.68,1.0,<Residue LYS het=  resseq=52 icode= >,1sfu_A_A,2.0
370,45.313,LYS, ,NZ,20.04,6.50,0.0,1.55,1.0,<Residue LYS het=  resseq=52 icode= >,1sfu_A_A,2.0
371,0.0,LEU, ,N,28.74,9.62,0.0,3.54,1.0,<Residue LEU het=  resseq=53 icode= >,1sfu_A_A,2.0
372,0.0,LEU, ,CA,28.29,10.90,0.0,3.53,1.0,<Residue LEU het=  resseq=53 icode= >,1sfu_A_A,2.0
373,0.0,LEU, ,C,28.52,11.15,0.0,3.44,1.0,<Residue LEU het=  resseq=53 icode= >,1sfu_A_A,2.0
374,0.0,LEU, ,O,28.25,12.30,0.0,3.33,1.0,<Residue LEU het=  resseq=53 icode= >,1sfu_A_A,2.0
375,0.018,LEU, ,CB,30.47,11.17,0.0,2.67,1.0,<Residue LEU het=  resseq=53 icode= >,1sfu_A_A,2.0
376,0.0,LEU, ,CG,33.01,12.63,0.0,1.65,1.0,<Residue LEU het=  resseq=53 icode= >,1sfu_A_A,2.0
377,0.0,LEU, ,CD1,32.97,13.56,0.0,1.66,1.0,<Residue LEU het=  resseq=53 icode= >,1sfu_A_A,2.0
378,0.422,LEU, ,CD2,35.7,12.88,0.0,0.95,1.0,<Residue LEU het=  resseq=53 icode= >,1sfu_A_A,2.0
379,0.0,GLN, ,N,26.73,10.08,0.0,2.96,1.0,<Residue GLN het=  resseq=54 icode= >,1sfu_A_A,2.0
380,0.0,GLN, ,CA,27.0,10.23,0.0,2.43,1.0,<Residue GLN het=  resseq=54 icode= >,1sfu_A_A,2.0
381,0.026,GLN, ,C,26.58,10.71,0.0,3.96,1.0,<Residue GLN het=  resseq=54 icode= >,1sfu_A_A,2.0
382,3.973,GLN, ,O,26.28,11.60,0.0,3.37,1.0,<Residue GLN het=  resseq=54 icode= >,1sfu_A_A,2.0
383,0.345,GLN, ,CB,26.59,9.05,0.0,2.59,1.0,<Residue GLN het=  resseq=54 icode= >,1sfu_A_A,2.0
384,14.353,GLN, ,CG,25.04,9.51,0.0,2.92,1.0,<Residue GLN het=  resseq=54 icode= >,1sfu_A_A,2.0
385,5.211,GLN, ,CD,28.16,8.72,0.0,3.31,1.0,<Residue GLN het=  resseq=54 icode= >,1sfu_A_A,2.0
386,15.538,GLN, ,OE1,28.63,7.54,0.0,2.60,1.0,<Residue GLN het=  resseq=54 icode= >,1sfu_A_A,2.0
387,8.018,GLN, ,NE2,25.51,9.54,0.0,2.95,1.0,<Residue GLN het=  resseq=54 icode= >,1sfu_A_A,2.0
388,0.0,LYS, ,N,27.69,10.31,0.0,2.86,1.0,<Residue LYS het=  resseq=55 icode= >,1sfu_A_A,2.0
389,8.855,LYS, ,CA,29.5,11.00,0.0,3.24,1.0,<Residue LYS het=  resseq=55 icode= >,1sfu_A_A,2.0
390,0.366,LYS, ,C,30.49,12.48,0.0,3.37,1.0,<Residue LYS het=  resseq=55 icode= >,1sfu_A_A,2.0
391,23.898,LYS, ,O,32.02,13.35,0.0,2.19,1.0,<Residue LYS het=  resseq=55 icode= >,1sfu_A_A,2.0
392,14.126,LYS, ,CB,32.57,10.57,0.0,2.46,1.0,<Residue LYS het=  resseq=55 icode= >,1sfu_A_A,2.0
393,14.531,LYS, ,CG,35.77,9.24,0.0,1.40,1.0,<Residue LYS het=  resseq=55 icode= >,1sfu_A_A,2.0
394,22.784,LYS, ,CD,39.48,8.34,0.0,0.87,1.0,<Residue LYS het=  resseq=55 icode= >,1sfu_A_A,2.0
395,37.157,LYS, ,CE,41.69,7.03,0.0,0.83,1.0,<Residue LYS het=  resseq=55 icode= >,1sfu_A_A,2.0
396,48.841,LYS, ,NZ,44.72,5.87,0.0,0.52,1.0,<Residue LYS het=  resseq=55 icode= >,1sfu_A_A,2.0
397,0.0,GLU, ,N,27.86,12.86,0.0,4.19,1.0,<Residue GLU het=  resseq=56 icode= >,1sfu_A_A,2.0
398,7.113,GLU, ,CA,29.11,14.29,0.0,3.01,1.0,<Residue GLU het=  resseq=56 icode= >,1sfu_A_A,2.0
399,0.229,GLU, ,C,28.73,14.92,0.0,3.42,1.0,<Residue GLU het=  resseq=56 icode= >,1sfu_A_A,2.0
400,17.438,GLU, ,O,28.95,16.10,0.0,3.21,1.0,<Residue GLU het=  resseq=56 icode= >,1sfu_A_A,2.0
401,7.575,GLU, ,CB,29.97,14.45,0.0,2.34,1.0,<Residue GLU het=  resseq=56 icode= >,1sfu_A_A,2.0
402,18.085,GLU, ,CG,34.1,13.92,0.0,2.33,1.0,<Residue GLU het=  resseq=56 icode= >,1sfu_A_A,2.0
403,7.961,GLU, ,CD,36.47,14.31,0.0,2.56,1.0,<Residue GLU het=  resseq=56 icode= >,1sfu_A_A,2.0
404,30.65,GLU, ,OE1,37.37,13.98,0.0,1.92,1.0,<Residue GLU het=  resseq=56 icode= >,1sfu_A_A,2.0
405,11.735,GLU, ,OE2,37.4,15.10,0.0,2.17,1.0,<Residue GLU het=  resseq=56 icode= >,1sfu_A_A,2.0
406,0.0,ASP, ,N,27.76,14.21,0.0,3.86,1.0,<Residue ASP het=  resseq=57 icode= >,1sfu_A_A,2.0
407,3.058,ASP, ,CA,27.32,14.89,0.0,3.55,1.0,<Residue ASP het=  resseq=57 icode= >,1sfu_A_A,2.0
408,1.151,ASP, ,C,27.0,15.46,0.0,3.66,1.0,<Residue ASP het=  resseq=57 icode= >,1sfu_A_A,2.0
409,3.067,ASP, ,O,29.55,16.36,0.0,2.54,1.0,<Residue ASP het=  resseq=57 icode= >,1sfu_A_A,2.0
410,17.555,ASP, ,CB,29.74,16.09,0.0,1.96,1.0,<Residue ASP het=  resseq=57 icode= >,1sfu_A_A,2.0
411,8.701,ASP, ,CG,31.33,15.82,0.0,2.91,1.0,<Residue ASP het=  resseq=57 icode= >,1sfu_A_A,2.0
412,29.254,ASP, ,OD1,31.96,14.96,0.0,2.51,1.0,<Residue ASP het=  resseq=57 icode= >,1sfu_A_A,2.0
413,35.574,ASP, ,OD2,35.34,16.56,0.0,2.29,1.0,<Residue ASP het=  resseq=57 icode= >,1sfu_A_A,2.0
414,0.0,THR, ,N,23.78,15.09,0.0,4.14,1.0,<Residue THR het=  resseq=58 icode= >,1sfu_A_A,2.0
415,3.139,THR, ,CA,23.76,15.77,0.0,2.61,1.0,<Residue THR het=  resseq=58 icode= >,1sfu_A_A,2.0
416,0.0,THR, ,C,22.45,15.13,0.0,3.92,1.0,<Residue THR het=  resseq=58 icode= >,1sfu_A_A,2.0
417,0.0,THR, ,O,21.87,15.59,0.0,4.70,1.0,<Residue THR het=  resseq=58 icode= >,1sfu_A_A,2.0
418,0.0,THR, ,CB,24.89,15.69,0.0,3.26,1.0,<Residue THR het=  resseq=58 icode= >,1sfu_A_A,2.0
419,10.077,THR, ,OG1,24.03,16.23,0.0,2.91,1.0,<Residue THR het=  resseq=58 icode= >,1sfu_A_A,2.0
420,2.578,THR, ,CG2,24.22,16.51,0.0,2.24,1.0,<Residue THR het=  resseq=58 icode= >,1sfu_A_A,2.0
421,0.0,VAL, ,N,20.52,13.89,0.0,3.50,1.0,<Residue VAL het=  resseq=59 icode= >,1sfu_A_A,2.0
422,0.0,VAL, ,CA,20.53,12.96,0.0,3.06,1.0,<Residue VAL het=  resseq=59 icode= >,1sfu_A_A,2.0
423,0.36,VAL, ,C,19.0,12.39,0.0,4.19,1.0,<Residue VAL het=  resseq=59 icode= >,1sfu_A_A,2.0
424,3.278,VAL, ,O,17.77,12.35,0.0,4.25,1.0,<Residue VAL het=  resseq=59 icode= >,1sfu_A_A,2.0
425,0.0,VAL, ,CB,22.2,11.89,0.0,2.55,1.0,<Residue VAL het=  resseq=59 icode= >,1sfu_A_A,2.0
426,0.0,VAL, ,CG1,19.75,10.99,0.0,2.10,1.0,<Residue VAL het=  resseq=59 icode= >,1sfu_A_A,2.0
427,0.0,VAL, ,CG2,22.16,11.21,0.0,1.48,1.0,<Residue VAL het=  resseq=59 icode= >,1sfu_A_A,2.0
428,0.0,LYS, ,N,20.22,12.07,0.0,4.00,1.0,<Residue LYS het=  resseq=60 icode= >,1sfu_A_A,2.0
429,0.137,LYS, ,CA,22.13,11.74,0.0,3.33,1.0,<Residue LYS het=  resseq=60 icode= >,1sfu_A_A,2.0
430,0.0,LYS, ,C,22.14,10.55,0.0,3.91,1.0,<Residue LYS het=  resseq=60 icode= >,1sfu_A_A,2.0
431,0.0,LYS, ,O,21.44,10.60,0.0,4.07,1.0,<Residue LYS het=  resseq=60 icode= >,1sfu_A_A,2.0
432,13.183,LYS, ,CB,25.28,13.00,0.0,2.06,1.0,<Residue LYS het=  resseq=60 icode= >,1sfu_A_A,2.0
433,16.826,LYS, ,CG,25.88,12.94,0.0,2.59,1.0,<Residue LYS het=  resseq=60 icode= >,1sfu_A_A,2.0
434,17.383,LYS, ,CD,26.33,12.75,0.0,2.00,1.0,<Residue LYS het=  resseq=60 icode= >,1sfu_A_A,2.0
435,23.947,LYS, ,CE,26.43,12.74,0.0,1.63,1.0,<Residue LYS het=  resseq=60 icode= >,1sfu_A_A,2.0
436,42.151,LYS, ,NZ,28.38,12.72,0.0,2.17,1.0,<Residue LYS het=  resseq=60 icode= >,1sfu_A_A,2.0
437,0.0,MET, ,N,22.4,9.63,0.0,3.38,1.0,<Residue MET het=  resseq=61 icode= >,1sfu_A_A,2.0
438,0.0,MET, ,CA,25.01,8.49,0.0,2.20,1.0,<Residue MET het=  resseq=61 icode= >,1sfu_A_A,2.0
439,0.0,MET, ,C,26.45,8.97,0.0,3.56,1.0,<Residue MET het=  resseq=61 icode= >,1sfu_A_A,2.0
440,2.105,MET, ,O,26.25,9.71,0.0,3.00,1.0,<Residue MET het=  resseq=61 icode= >,1sfu_A_A,2.0
441,0.0,MET, ,CB,24.18,7.26,0.0,2.44,1.0,<Residue MET het=  resseq=61 icode= >,1sfu_A_A,2.0
442,0.0,MET, ,CG,25.79,6.01,0.0,2.44,1.0,<Residue MET het=  resseq=61 icode= >,1sfu_A_A,2.0
443,0.0,MET, ,SD,26.41,6.36,0.0,6.10,1.0,<Residue MET het=  resseq=61 icode= >,1sfu_A_A,2.0
444,34.416,MET, ,CE,26.83,6.03,0.0,1.71,1.0,<Residue MET het=  resseq=61 icode= >,1sfu_A_A,2.0
445,0.0,VAL, ,N,26.22,8.79,0.0,3.27,1.0,<Residue VAL het=  resseq=62 icode= >,1sfu_A_A,2.0
446,0.05,VAL, ,CA,27.87,9.48,0.0,2.33,1.0,<Residue VAL het=  resseq=62 icode= >,1sfu_A_A,2.0
447,0.0,VAL, ,C,28.4,8.57,0.0,3.88,1.0,<Residue VAL het=  resseq=62 icode= >,1sfu_A_A,2.0
448,0.0,VAL, ,O,27.11,8.05,0.0,4.12,1.0,<Residue VAL het=  resseq=62 icode= >,1sfu_A_A,2.0
449,0.0,VAL, ,CB,27.72,10.59,0.0,2.45,1.0,<Residue VAL het=  resseq=62 icode= >,1sfu_A_A,2.0
450,35.211,VAL, ,CG1,27.31,11.17,0.0,2.09,1.0,<Residue VAL het=  resseq=62 icode= >,1sfu_A_A,2.0
451,23.36,VAL, ,CG2,28.98,11.72,0.0,0.99,1.0,<Residue VAL het=  resseq=62 icode= >,1sfu_A_A,2.0
452,0.0,PRO, ,N,31.37,8.33,0.0,2.89,1.0,<Residue PRO het=  resseq=63 icode= >,1sfu_A_A,2.0
453,1.492,PRO, ,CA,33.21,7.42,0.0,2.49,1.0,<Residue PRO het=  resseq=63 icode= >,1sfu_A_A,2.0
454,1.346,PRO, ,C,35.24,7.45,0.0,3.66,1.0,<Residue PRO het=  resseq=63 icode= >,1sfu_A_A,2.0
455,22.245,PRO, ,O,37.64,7.59,0.0,1.59,1.0,<Residue PRO het=  resseq=63 icode= >,1sfu_A_A,2.0
456,30.11,PRO, ,CB,32.44,7.62,0.0,2.33,1.0,<Residue PRO het=  resseq=63 icode= >,1sfu_A_A,2.0
457,38.971,PRO, ,CG,32.83,9.09,0.0,1.61,1.0,<Residue PRO het=  resseq=63 icode= >,1sfu_A_A,2.0
458,15.682,PRO, ,CD,31.55,9.28,0.0,1.95,1.0,<Residue PRO het=  resseq=63 icode= >,1sfu_A_A,2.0
459,0.0,SER, ,N,35.45,7.52,0.0,3.12,1.0,<Residue SER het=  resseq=64 icode= >,1sfu_A_A,2.0
460,7.496,SER, ,CA,35.85,7.61,0.0,3.56,1.0,<Residue SER het=  resseq=64 icode= >,1sfu_A_A,2.0
461,0.0,SER, ,C,35.84,6.22,0.0,1.98,1.0,<Residue SER het=  resseq=64 icode= >,1sfu_A_A,2.0
462,4.967,SER, ,O,37.62,5.23,1.656,1.42,1.0,<Residue SER het=  resseq=64 icode= >,1sfu_A_A,2.0
463,3.162,SER, ,CB,36.95,8.61,0.0,2.26,1.0,<Residue SER het=  resseq=64 icode= >,1sfu_A_A,2.0
464,18.596,SER, ,OG,42.14,9.22,0.0,1.66,1.0,<Residue SER het=  resseq=64 icode= >,1sfu_A_A,2.0
465,2.51,ASN, ,N,33.19,6.35,0.0,2.97,1.0,<Residue ASN het=  resseq=65 icode= >,1sfu_A_A,2.0
466,0.669,ASN, ,CA,29.92,5.36,0.612,3.03,1.0,<Residue ASN het=  resseq=65 icode= >,1sfu_A_A,2.0
467,3.22,ASN, ,C,27.05,5.33,0.694,4.34,1.0,<Residue ASN het=  resseq=65 icode= >,1sfu_A_A,2.0
468,28.1,ASN, ,O,27.84,5.72,0.0,3.46,1.0,<Residue ASN het=  resseq=65 icode= >,1sfu_A_A,2.0
469,27.695,ASN, ,CB,32.43,5.60,0.967,1.90,1.0,<Residue ASN het=  resseq=65 icode= >,1sfu_A_A,2.0
470,5.609,ASN, ,CG,35.14,5.16,0.001,2.26,1.0,<Residue ASN het=  resseq=65 icode= >,1sfu_A_A,2.0
471,36.836,ASN, ,OD1,36.61,4.08,27.026,1.74,1.0,<Residue ASN het=  resseq=65 icode= >,1sfu_A_A,2.0
472,48.483,ASN, ,ND2,36.18,6.26,0.0,1.73,1.0,<Residue ASN het=  resseq=65 icode= >,1sfu_A_A,2.0
473,0.327,PRO, ,N,24.74,4.79,0.327,3.79,1.0,<Residue PRO het=  resseq=66 icode= >,1sfu_A_A,2.0
474,4.467,PRO, ,CA,23.67,4.22,4.467,3.10,1.0,<Residue PRO het=  resseq=66 icode= >,1sfu_A_A,2.0
475,0.0,PRO, ,C,21.46,5.25,0.0,3.88,1.0,<Residue PRO het=  resseq=66 icode= >,1sfu_A_A,2.0
476,0.269,PRO, ,O,20.12,6.44,0.0,4.31,1.0,<Residue PRO het=  resseq=66 icode= >,1sfu_A_A,2.0
477,28.82,PRO, ,CB,22.38,3.75,21.415,3.18,1.0,<Residue PRO het=  resseq=66 icode= >,1sfu_A_A,2.0
478,8.888,PRO, ,CG,22.0,4.70,1.111,3.09,1.0,<Residue PRO het=  resseq=66 icode= >,1sfu_A_A,2.0
479,36.085,PRO, ,CD,23.62,4.59,5.35,2.43,1.0,<Residue PRO het=  resseq=66 icode= >,1sfu_A_A,2.0
480,0.0,PRO, ,N,20.72,4.82,0.0,4.30,1.0,<Residue PRO het=  resseq=67 icode= >,1sfu_A_A,2.0
481,0.0,PRO, ,CA,19.85,5.55,0.0,3.16,1.0,<Residue PRO het=  resseq=67 icode= >,1sfu_A_A,2.0
482,0.0,PRO, ,C,20.76,6.38,0.0,4.40,1.0,<Residue PRO het=  resseq=67 icode= >,1sfu_A_A,2.0
483,0.749,PRO, ,O,20.64,6.30,0.0,4.17,1.0,<Residue PRO het=  resseq=67 icode= >,1sfu_A_A,2.0
484,0.282,PRO, ,CB,18.65,4.36,0.282,2.32,1.0,<Residue PRO het=  resseq=67 icode= >,1sfu_A_A,2.0
485,17.397,PRO, ,CG,20.85,3.38,12.886,2.37,1.0,<Residue PRO het=  resseq=67 icode= >,1sfu_A_A,2.0
486,24.048,PRO, ,CD,19.38,3.35,20.726,3.37,1.0,<Residue PRO het=  resseq=67 icode= >,1sfu_A_A,2.0
487,0.0,LYS, ,N,21.79,7.47,0.0,3.10,1.0,<Residue LYS het=  resseq=68 icode= >,1sfu_A_A,2.0
488,0.0,LYS, ,CA,22.57,8.51,0.0,3.27,1.0,<Residue LYS het=  resseq=68 icode= >,1sfu_A_A,2.0
489,0.0,LYS, ,C,22.16,8.58,0.0,4.08,1.0,<Residue LYS het=  resseq=68 icode= >,1sfu_A_A,2.0
490,0.0,LYS, ,O,21.65,8.47,0.0,3.50,1.0,<Residue LYS het=  resseq=68 icode= >,1sfu_A_A,2.0
491,0.0,LYS, ,CB,27.07,9.88,0.0,2.41,1.0,<Residue LYS het=  resseq=68 icode= >,1sfu_A_A,2.0
492,0.54,LYS, ,CG,31.68,10.21,0.0,1.27,1.0,<Residue LYS het=  resseq=68 icode= >,1sfu_A_A,2.0
493,5.945,LYS, ,CD,35.55,11.31,0.0,0.29,1.0,<Residue LYS het=  resseq=68 icode= >,1sfu_A_A,2.0
494,17.948,LYS, ,CE,37.69,11.06,0.0,0.56,1.0,<Residue LYS het=  resseq=68 icode= >,1sfu_A_A,2.0
495,38.338,LYS, ,NZ,38.71,11.95,0.0,1.15,1.0,<Residue LYS het=  resseq=68 icode= >,1sfu_A_A,2.0
496,0.0,TRP, ,N,21.49,9.05,0.0,4.14,1.0,<Residue TRP het=  resseq=69 icode= >,1sfu_A_A,2.0
497,0.0,TRP, ,CA,19.47,9.45,0.0,3.37,1.0,<Residue TRP het=  resseq=69 icode= >,1sfu_A_A,2.0
498,0.0,TRP, ,C,22.09,10.97,0.0,3.22,1.0,<Residue TRP het=  resseq=69 icode= >,1sfu_A_A,2.0
499,0.0,TRP, ,O,19.53,11.62,0.0,4.02,1.0,<Residue TRP het=  resseq=69 icode= >,1sfu_A_A,2.0
500,0.0,TRP, ,CB,18.44,8.89,0.0,2.99,1.0,<Residue TRP het=  resseq=69 icode= >,1sfu_A_A,2.0
501,0.0,TRP, ,CG,17.11,7.40,0.0,3.77,1.0,<Residue TRP het=  resseq=69 icode= >,1sfu_A_A,2.0
502,0.0,TRP, ,CD1,19.76,6.52,0.0,3.00,1.0,<Residue TRP het=  resseq=69 icode= >,1sfu_A_A,2.0
503,0.0,TRP, ,CD2,16.67,6.82,0.0,3.61,1.0,<Residue TRP het=  resseq=69 icode= >,1sfu_A_A,2.0
504,1.646,TRP, ,NE1,17.67,5.21,0.538,4.32,1.0,<Residue TRP het=  resseq=69 icode= >,1sfu_A_A,2.0
505,0.0,TRP, ,CE2,18.28,5.41,0.0,4.28,1.0,<Residue TRP het=  resseq=69 icode= >,1sfu_A_A,2.0
506,0.0,TRP, ,CE3,18.27,7.57,0.0,3.22,1.0,<Residue TRP het=  resseq=69 icode= >,1sfu_A_A,2.0
507,0.263,TRP, ,CZ2,17.23,4.77,0.263,3.70,1.0,<Residue TRP het=  resseq=69 icode= >,1sfu_A_A,2.0
508,0.0,TRP, ,CZ3,18.1,7.11,0.0,3.19,1.0,<Residue TRP het=  resseq=69 icode= >,1sfu_A_A,2.0
509,0.0,TRP, ,CH2,19.35,5.79,0.0,2.79,1.0,<Residue TRP het=  resseq=69 icode= >,1sfu_A_A,2.0
510,0.0,PHE, ,N,21.66,11.65,0.0,2.90,1.0,<Residue PHE het=  resseq=70 icode= >,1sfu_A_A,2.0
511,0.0,PHE, ,CA,24.2,13.11,0.0,2.36,1.0,<Residue PHE het=  resseq=70 icode= >,1sfu_A_A,2.0
512,0.0,PHE, ,C,25.16,13.69,0.0,3.18,1.0,<Residue PHE het=  resseq=70 icode= >,1sfu_A_A,2.0
513,0.0,PHE, ,O,22.17,13.20,0.0,3.78,1.0,<Residue PHE het=  resseq=70 icode= >,1sfu_A_A,2.0
514,7.049,PHE, ,CB,24.43,13.79,0.0,2.58,1.0,<Residue PHE het=  resseq=70 icode= >,1sfu_A_A,2.0
515,2.039,PHE, ,CG,27.65,13.66,0.0,2.50,1.0,<Residue PHE het=  resseq=70 icode= >,1sfu_A_A,2.0
516,0.88,PHE, ,CD1,27.5,12.54,0.0,2.40,1.0,<Residue PHE het=  resseq=70 icode= >,1sfu_A_A,2.0
517,8.089,PHE, ,CD2,29.6,14.80,0.0,1.92,1.0,<Residue PHE het=  resseq=70 icode= >,1sfu_A_A,2.0
518,0.221,PHE, ,CE1,26.43,12.66,0.0,2.65,1.0,<Residue PHE het=  resseq=70 icode= >,1sfu_A_A,2.0
519,17.486,PHE, ,CE2,28.87,14.91,0.0,3.03,1.0,<Residue PHE het=  resseq=70 icode= >,1sfu_A_A,2.0
520,17.941,PHE, ,CZ,27.78,13.89,0.0,2.80,1.0,<Residue PHE het=  resseq=70 icode= >,1sfu_A_A,2.0
521,0.0,LYS, ,N,25.63,14.86,0.0,3.48,1.0,<Residue LYS het=  resseq=71 icode= >,1sfu_A_A,2.0
522,0.0,LYS, ,CA,28.63,15.67,0.0,2.33,1.0,<Residue LYS het=  resseq=71 icode= >,1sfu_A_A,2.0
523,0.0,LYS, ,C,27.01,16.29,0.0,4.16,1.0,<Residue LYS het=  resseq=71 icode= >,1sfu_A_A,2.0
524,3.603,LYS, ,O,26.33,16.68,0.0,3.52,1.0,<Residue LYS het=  resseq=71 icode= >,1sfu_A_A,2.0
525,0.0,LYS, ,CB,29.98,16.85,0.0,2.47,1.0,<Residue LYS het=  resseq=71 icode= >,1sfu_A_A,2.0
526,0.0,LYS, ,CG,33.76,17.90,0.0,1.52,1.0,<Residue LYS het=  resseq=71 icode= >,1sfu_A_A,2.0
527,0.928,LYS, ,CD,35.56,19.08,0.0,1.25,1.0,<Residue LYS het=  resseq=71 icode= >,1sfu_A_A,2.0
528,0.0,LYS, ,CE,36.88,19.82,0.0,1.83,1.0,<Residue LYS het=  resseq=71 icode= >,1sfu_A_A,2.0
529,19.001,LYS, ,NZ,37.5,21.06,0.0,1.78,1.0,<Residue LYS het=  resseq=71 icode= >,1sfu_A_A,2.0
530,0.0,ASN, ,N,29.16,16.52,0.0,2.97,1.0,<Residue ASN het=  resseq=72 icode= >,1sfu_A_A,2.0
531,2.063,ASN, ,CA,30.15,17.28,0.0,2.71,1.0,<Residue ASN het=  resseq=72 icode= >,1sfu_A_A,2.0
532,0.0,ASN, ,C,31.43,18.59,0.0,3.47,1.0,<Residue ASN het=  resseq=72 icode= >,1sfu_A_A,2.0
533,0.0,ASN, ,O,30.23,19.31,0.0,2.76,1.0,<Residue ASN het=  resseq=72 icode= >,1sfu_A_A,2.0
534,0.416,ASN, ,CB,32.09,17.66,0.0,1.65,1.0,<Residue ASN het=  resseq=72 icode= >,1sfu_A_A,2.0
535,6.261,ASN, ,CG,32.18,18.34,0.0,3.15,1.0,<Residue ASN het=  resseq=72 icode= >,1sfu_A_A,2.0
536,17.424,ASN, ,OD1,34.47,17.87,0.0,2.67,1.0,<Residue ASN het=  resseq=72 icode= >,1sfu_A_A,2.0
537,1.031,ASN, ,ND2,29.15,19.53,0.0,2.88,1.0,<Residue ASN het=  resseq=72 icode= >,1sfu_A_A,2.0
538,0.716,TYR, ,N,32.73,1000.00,0.0,3.50,1.0,<Residue TYR het=  resseq=73 icode= >,1sfu_A_A,2.0
539,0.0,TYR, ,CA,35.91,1000.00,0.0,2.20,1.0,<Residue TYR het=  resseq=73 icode= >,1sfu_A_A,2.0
540,0.0,TYR, ,C,37.81,1000.00,0.0,2.62,1.0,<Residue TYR het=  resseq=73 icode= >,1sfu_A_A,2.0
541,16.581,TYR, ,O,38.75,1000.00,0.0,2.26,1.0,<Residue TYR het=  resseq=73 icode= >,1sfu_A_A,2.0
542,10.859,TYR, ,CB,35.9,1000.00,0.0,2.45,1.0,<Residue TYR het=  resseq=73 icode= >,1sfu_A_A,2.0
543,1.994,TYR, ,CG,36.65,1000.00,0.0,3.27,1.0,<Residue TYR het=  resseq=73 icode= >,1sfu_A_A,2.0
544,9.427,TYR, ,CD1,37.62,1000.00,0.0,1.87,1.0,<Residue TYR het=  resseq=73 icode= >,1sfu_A_A,2.0
545,26.214,TYR, ,CD2,38.09,1000.00,0.0,1.91,1.0,<Residue TYR het=  resseq=73 icode= >,1sfu_A_A,2.0
546,16.727,TYR, ,CE1,38.55,1000.00,0.0,1.03,1.0,<Residue TYR het=  resseq=73 icode= >,1sfu_A_A,2.0
547,34.195,TYR, ,CE2,37.89,1000.00,0.0,2.15,1.0,<Residue TYR het=  resseq=73 icode= >,1sfu_A_A,2.0
548,10.344,TYR, ,CZ,39.49,1000.00,0.0,2.01,1.0,<Residue TYR het=  resseq=73 icode= >,1sfu_A_A,2.0
549,43.459,TYR, ,OH,40.94,1000.00,0.0,1.84,1.0,<Residue TYR het=  resseq=73 icode= >,1sfu_A_A,2.0
550,0.0,ASN, ,N,39.46,1000.00,0.0,2.43,1.0,<Residue ASN het=  resseq=74 icode= >,1sfu_A_A,2.0
551,6.822,ASN, ,CA,40.9,1000.00,0.0,2.62,1.0,<Residue ASN het=  resseq=74 icode= >,1sfu_A_A,2.0
552,1.35,ASN, ,C,41.76,1000.00,0.0,2.47,1.0,<Residue ASN het=  resseq=74 icode= >,1sfu_A_A,2.0
553,26.998,ASN, ,O,41.63,1000.00,0.0,2.43,1.0,<Residue ASN het=  resseq=74 icode= >,1sfu_A_A,2.0
554,22.823,ASN, ,CB,42.61,1000.00,0.0,1.99,1.0,<Residue ASN het=  resseq=74 icode= >,1sfu_A_A,2.0
555,5.351,ASN, ,CG,45.03,1000.00,0.0,1.55,1.0,<Residue ASN het=  resseq=74 icode= >,1sfu_A_A,2.0
556,23.608,ASN, ,OD1,47.83,1000.00,0.0,0.97,1.0,<Residue ASN het=  resseq=74 icode= >,1sfu_A_A,2.0
557,36.656,ASN, ,ND2,44.83,1000.00,0.0,1.72,1.0,<Residue ASN het=  resseq=74 icode= >,1sfu_A_A,2.0
558,0.0,CYS, ,N,41.61,1000.00,0.0,2.44,1.0,<Residue CYS het=  resseq=75 icode= >,1sfu_A_A,2.0
559,10.407,CYS, ,CA,42.58,1000.00,0.0,2.75,1.0,<Residue CYS het=  resseq=75 icode= >,1sfu_A_A,2.0
560,8.897,CYS, ,C,43.47,1000.00,0.0,2.83,1.0,<Residue CYS het=  resseq=75 icode= >,1sfu_A_A,2.0
561,15.264,CYS, ,O,45.12,1000.00,0.0,1.45,1.0,<Residue CYS het=  resseq=75 icode= >,1sfu_A_A,2.0
562,7.626,CYS, ,CB,42.17,1000.00,0.0,2.15,1.0,<Residue CYS het=  resseq=75 icode= >,1sfu_A_A,2.0
563,23.319,CYS, ,SG,41.52,1000.00,0.0,4.39,1.0,<Residue CYS het=  resseq=75 icode= >,1sfu_A_A,2.0
564,28.521,CYS, ,OXT,46.42,1000.00,0.0,1.05,1.0,<Residue CYS het=  resseq=75 icode= >,1sfu_A_A,2.0
