,ASA,aa,altloc,atom,bfac,d2r,dASA,dens,occ,residue,id,resolu
0,58.079,GLY, ,N,100.0,8.73,0.0,0.71,1.0,<Residue GLY het=  resseq=456 icode= >,1skn_P_A,2.5
1,44.652,GLY, ,CA,100.0,7.80,0.0,1.31,1.0,<Residue GLY het=  resseq=456 icode= >,1skn_P_A,2.5
2,6.501,GLY, ,C,100.0,6.70,0.0,1.11,1.0,<Residue GLY het=  resseq=456 icode= >,1skn_P_A,2.5
3,26.474,GLY, ,O,100.0,6.49,0.0,0.04,1.0,<Residue GLY het=  resseq=456 icode= >,1skn_P_A,2.5
4,12.559,ARG, ,N,93.44,6.30,0.0,1.24,1.0,<Residue ARG het=  resseq=457 icode= >,1skn_P_A,2.5
5,8.055,ARG, ,CA,92.94,5.58,0.0,1.17,1.0,<Residue ARG het=  resseq=457 icode= >,1skn_P_A,2.5
6,3.702,ARG, ,C,95.7,5.56,0.0,1.02,1.0,<Residue ARG het=  resseq=457 icode= >,1skn_P_A,2.5
7,33.26,ARG, ,O,100.0,5.57,0.0,0.30,1.0,<Residue ARG het=  resseq=457 icode= >,1skn_P_A,2.5
8,21.431,ARG, ,CB,98.17,4.29,10.061,0.49,1.0,<Residue ARG het=  resseq=457 icode= >,1skn_P_A,2.5
9,22.304,ARG, ,CG,100.0,4.73,0.0,0.31,1.0,<Residue ARG het=  resseq=457 icode= >,1skn_P_A,2.5
10,14.352,ARG, ,CD,100.0,4.07,10.882,0.29,1.0,<Residue ARG het=  resseq=457 icode= >,1skn_P_A,2.5
11,14.273,ARG, ,NE,100.0,5.16,0.0,0.34,1.0,<Residue ARG het=  resseq=457 icode= >,1skn_P_A,2.5
12,5.617,ARG, ,CZ,100.0,4.54,0.0,0.50,1.0,<Residue ARG het=  resseq=457 icode= >,1skn_P_A,2.5
13,41.44,ARG, ,NH1,100.0,3.65,30.545,0.93,1.0,<Residue ARG het=  resseq=457 icode= >,1skn_P_A,2.5
14,58.428,ARG, ,NH2,100.0,4.44,4.03,0.16,1.0,<Residue ARG het=  resseq=457 icode= >,1skn_P_A,2.5
15,1.062,GLN, ,N,82.42,5.97,0.0,0.73,1.0,<Residue GLN het=  resseq=458 icode= >,1skn_P_A,2.5
16,3.63,GLN, ,CA,73.8,6.53,0.0,1.46,1.0,<Residue GLN het=  resseq=458 icode= >,1skn_P_A,2.5
17,2.692,GLN, ,C,68.79,5.93,0.0,2.02,1.0,<Residue GLN het=  resseq=458 icode= >,1skn_P_A,2.5
18,2.606,GLN, ,O,69.68,5.28,0.0,0.89,1.0,<Residue GLN het=  resseq=458 icode= >,1skn_P_A,2.5
19,3.448,GLN, ,CB,71.23,7.88,0.0,1.40,1.0,<Residue GLN het=  resseq=458 icode= >,1skn_P_A,2.5
20,25.492,GLN, ,CG,54.06,9.11,0.0,1.85,1.0,<Residue GLN het=  resseq=458 icode= >,1skn_P_A,2.5
21,7.159,GLN, ,CD,100.0,10.30,0.0,1.11,1.0,<Residue GLN het=  resseq=458 icode= >,1skn_P_A,2.5
22,11.647,GLN, ,OE1,100.0,11.12,0.0,0.62,1.0,<Residue GLN het=  resseq=458 icode= >,1skn_P_A,2.5
23,42.116,GLN, ,NE2,100.0,10.47,0.0,0.08,1.0,<Residue GLN het=  resseq=458 icode= >,1skn_P_A,2.5
24,3.48,SER, ,N,47.03,6.61,0.0,2.13,1.0,<Residue SER het=  resseq=459 icode= >,1skn_P_A,2.5
25,10.923,SER, ,CA,39.92,6.24,0.0,3.22,1.0,<Residue SER het=  resseq=459 icode= >,1skn_P_A,2.5
26,0.195,SER, ,C,45.67,6.12,0.0,3.83,1.0,<Residue SER het=  resseq=459 icode= >,1skn_P_A,2.5
27,0.107,SER, ,O,42.76,7.11,0.0,2.44,1.0,<Residue SER het=  resseq=459 icode= >,1skn_P_A,2.5
28,27.539,SER, ,CB,40.08,5.89,1.158,2.95,1.0,<Residue SER het=  resseq=459 icode= >,1skn_P_A,2.5
29,0.025,SER, ,OG,47.51,6.34,0.0,1.99,1.0,<Residue SER het=  resseq=459 icode= >,1skn_P_A,2.5
30,4.717,LYS, ,N,56.78,5.14,0.475,2.26,1.0,<Residue LYS het=  resseq=460 icode= >,1skn_P_A,2.5
31,2.299,LYS, ,CA,60.69,5.54,0.0,1.54,1.0,<Residue LYS het=  resseq=460 icode= >,1skn_P_A,2.5
32,0.0,LYS, ,C,56.95,5.82,0.0,3.14,1.0,<Residue LYS het=  resseq=460 icode= >,1skn_P_A,2.5
33,0.415,LYS, ,O,59.61,6.93,0.0,1.67,1.0,<Residue LYS het=  resseq=460 icode= >,1skn_P_A,2.5
34,24.039,LYS, ,CB,68.51,4.99,0.187,1.41,1.0,<Residue LYS het=  resseq=460 icode= >,1skn_P_A,2.5
35,17.253,LYS, ,CG,85.34,3.61,9.247,1.11,1.0,<Residue LYS het=  resseq=460 icode= >,1skn_P_A,2.5
36,25.223,LYS, ,CD,80.77,4.07,0.045,0.78,1.0,<Residue LYS het=  resseq=460 icode= >,1skn_P_A,2.5
37,13.916,LYS, ,CE,85.51,3.47,12.665,1.20,1.0,<Residue LYS het=  resseq=460 icode= >,1skn_P_A,2.5
38,41.765,LYS, ,NZ,78.47,4.00,15.783,1.28,1.0,<Residue LYS het=  resseq=460 icode= >,1skn_P_A,2.5
39,0.069,ASP, ,N,43.48,5.09,0.069,2.32,1.0,<Residue ASP het=  resseq=461 icode= >,1skn_P_A,2.5
40,0.0,ASP, ,CA,37.61,5.77,0.0,2.46,1.0,<Residue ASP het=  resseq=461 icode= >,1skn_P_A,2.5
41,0.0,ASP, ,C,35.83,7.11,0.0,4.07,1.0,<Residue ASP het=  resseq=461 icode= >,1skn_P_A,2.5
42,0.0,ASP, ,O,38.2,8.15,0.0,3.11,1.0,<Residue ASP het=  resseq=461 icode= >,1skn_P_A,2.5
43,8.963,ASP, ,CB,38.63,5.08,1.84,2.66,1.0,<Residue ASP het=  resseq=461 icode= >,1skn_P_A,2.5
44,2.939,ASP, ,CG,41.71,4.57,2.939,4.20,1.0,<Residue ASP het=  resseq=461 icode= >,1skn_P_A,2.5
45,0.0,ASP, ,OD1,46.88,4.46,0.0,2.46,1.0,<Residue ASP het=  resseq=461 icode= >,1skn_P_A,2.5
46,2.262,ASP, ,OD2,37.85,4.75,0.77,3.26,1.0,<Residue ASP het=  resseq=461 icode= >,1skn_P_A,2.5
47,0.0,GLU, ,N,29.24,7.31,0.0,3.78,1.0,<Residue GLU het=  resseq=462 icode= >,1skn_P_A,2.5
48,0.0,GLU, ,CA,34.11,8.71,0.0,3.22,1.0,<Residue GLU het=  resseq=462 icode= >,1skn_P_A,2.5
49,0.0,GLU, ,C,41.13,9.45,0.0,3.94,1.0,<Residue GLU het=  resseq=462 icode= >,1skn_P_A,2.5
50,2.197,GLU, ,O,38.91,10.62,0.0,3.46,1.0,<Residue GLU het=  resseq=462 icode= >,1skn_P_A,2.5
51,1.96,GLU, ,CB,37.0,9.13,0.0,2.11,1.0,<Residue GLU het=  resseq=462 icode= >,1skn_P_A,2.5
52,13.643,GLU, ,CG,64.55,9.13,0.0,0.95,1.0,<Residue GLU het=  resseq=462 icode= >,1skn_P_A,2.5
53,6.386,GLU, ,CD,71.02,10.10,0.0,2.92,1.0,<Residue GLU het=  resseq=462 icode= >,1skn_P_A,2.5
54,3.759,GLU, ,OE1,46.41,10.50,0.0,2.43,1.0,<Residue GLU het=  resseq=462 icode= >,1skn_P_A,2.5
55,13.774,GLU, ,OE2,32.28,10.44,0.0,3.99,1.0,<Residue GLU het=  resseq=462 icode= >,1skn_P_A,2.5
56,0.0,GLN, ,N,41.71,8.95,0.0,2.32,1.0,<Residue GLN het=  resseq=463 icode= >,1skn_P_A,2.5
57,0.0,GLN, ,CA,36.31,9.90,0.0,3.01,1.0,<Residue GLN het=  resseq=463 icode= >,1skn_P_A,2.5
58,0.0,GLN, ,C,38.67,10.28,0.0,3.91,1.0,<Residue GLN het=  resseq=463 icode= >,1skn_P_A,2.5
59,0.0,GLN, ,O,39.52,11.45,0.0,2.97,1.0,<Residue GLN het=  resseq=463 icode= >,1skn_P_A,2.5
60,5.649,GLN, ,CB,38.88,9.37,0.0,2.39,1.0,<Residue GLN het=  resseq=463 icode= >,1skn_P_A,2.5
61,22.886,GLN, ,CG,44.77,9.74,0.0,1.65,1.0,<Residue GLN het=  resseq=463 icode= >,1skn_P_A,2.5
62,6.154,GLN, ,CD,70.96,10.57,0.0,2.12,1.0,<Residue GLN het=  resseq=463 icode= >,1skn_P_A,2.5
63,18.647,GLN, ,OE1,66.79,11.72,0.0,1.59,1.0,<Residue GLN het=  resseq=463 icode= >,1skn_P_A,2.5
64,26.013,GLN, ,NE2,59.86,10.15,0.0,1.61,1.0,<Residue GLN het=  resseq=463 icode= >,1skn_P_A,2.5
65,0.106,LEU, ,N,39.96,9.37,0.0,2.87,1.0,<Residue LEU het=  resseq=464 icode= >,1skn_P_A,2.5
66,0.209,LEU, ,CA,35.93,9.77,0.0,2.65,1.0,<Residue LEU het=  resseq=464 icode= >,1skn_P_A,2.5
67,0.0,LEU, ,C,39.22,10.89,0.0,4.03,1.0,<Residue LEU het=  resseq=464 icode= >,1skn_P_A,2.5
68,0.0,LEU, ,O,42.83,12.00,0.0,2.88,1.0,<Residue LEU het=  resseq=464 icode= >,1skn_P_A,2.5
69,0.0,LEU, ,CB,35.67,8.66,0.0,1.83,1.0,<Residue LEU het=  resseq=464 icode= >,1skn_P_A,2.5
70,4.585,LEU, ,CG,40.74,8.24,0.0,1.92,1.0,<Residue LEU het=  resseq=464 icode= >,1skn_P_A,2.5
71,11.297,LEU, ,CD1,36.03,7.52,0.0,1.57,1.0,<Residue LEU het=  resseq=464 icode= >,1skn_P_A,2.5
72,30.371,LEU, ,CD2,33.94,9.56,0.0,2.03,1.0,<Residue LEU het=  resseq=464 icode= >,1skn_P_A,2.5
73,0.0,ALA, ,N,30.07,10.67,0.0,3.58,1.0,<Residue ALA het=  resseq=465 icode= >,1skn_P_A,2.5
74,0.0,ALA, ,CA,25.34,11.77,0.0,3.78,1.0,<Residue ALA het=  resseq=465 icode= >,1skn_P_A,2.5
75,1.483,ALA, ,C,31.66,12.89,0.0,4.74,1.0,<Residue ALA het=  resseq=465 icode= >,1skn_P_A,2.5
76,0.921,ALA, ,O,31.5,14.07,0.0,3.40,1.0,<Residue ALA het=  resseq=465 icode= >,1skn_P_A,2.5
77,3.35,ALA, ,CB,26.92,11.39,0.0,2.25,1.0,<Residue ALA het=  resseq=465 icode= >,1skn_P_A,2.5
78,0.433,SER, ,N,35.86,12.61,0.0,2.89,1.0,<Residue SER het=  resseq=466 icode= >,1skn_P_A,2.5
79,9.443,SER, ,CA,38.97,13.79,0.0,2.84,1.0,<Residue SER het=  resseq=466 icode= >,1skn_P_A,2.5
80,0.0,SER, ,C,37.36,14.42,0.0,4.36,1.0,<Residue SER het=  resseq=466 icode= >,1skn_P_A,2.5
81,8.423,SER, ,O,36.8,15.58,0.0,3.52,1.0,<Residue SER het=  resseq=466 icode= >,1skn_P_A,2.5
82,23.433,SER, ,CB,34.11,13.69,0.0,3.03,1.0,<Residue SER het=  resseq=466 icode= >,1skn_P_A,2.5
83,21.765,SER, ,OG,65.05,14.63,0.0,1.32,1.0,<Residue SER het=  resseq=466 icode= >,1skn_P_A,2.5
84,0.0,ASP, ,N,31.79,13.74,0.0,3.46,1.0,<Residue ASP het=  resseq=467 icode= >,1skn_P_A,2.5
85,5.693,ASP, ,CA,36.1,14.50,0.0,3.07,1.0,<Residue ASP het=  resseq=467 icode= >,1skn_P_A,2.5
86,0.189,ASP, ,C,34.76,15.18,0.0,4.38,1.0,<Residue ASP het=  resseq=467 icode= >,1skn_P_A,2.5
87,16.402,ASP, ,O,42.58,16.36,0.0,2.68,1.0,<Residue ASP het=  resseq=467 icode= >,1skn_P_A,2.5
88,19.245,ASP, ,CB,37.58,13.78,0.0,2.24,1.0,<Residue ASP het=  resseq=467 icode= >,1skn_P_A,2.5
89,10.457,ASP, ,CG,40.18,13.28,0.0,4.15,1.0,<Residue ASP het=  resseq=467 icode= >,1skn_P_A,2.5
90,16.265,ASP, ,OD1,43.29,13.77,0.0,2.61,1.0,<Residue ASP het=  resseq=467 icode= >,1skn_P_A,2.5
91,19.189,ASP, ,OD2,55.19,12.04,0.0,2.72,1.0,<Residue ASP het=  resseq=467 icode= >,1skn_P_A,2.5
92,0.0,ASN, ,N,29.86,14.55,0.0,3.42,1.0,<Residue ASN het=  resseq=468 icode= >,1skn_P_A,2.5
93,4.282,ASN, ,CA,29.8,15.37,0.0,2.98,1.0,<Residue ASN het=  resseq=468 icode= >,1skn_P_A,2.5
94,1.736,ASN, ,C,37.45,16.35,0.0,4.18,1.0,<Residue ASN het=  resseq=468 icode= >,1skn_P_A,2.5
95,0.982,ASN, ,O,33.66,16.96,0.0,3.87,1.0,<Residue ASN het=  resseq=468 icode= >,1skn_P_A,2.5
96,0.0,ASN, ,CB,28.97,14.59,0.0,2.33,1.0,<Residue ASN het=  resseq=468 icode= >,1skn_P_A,2.5
97,0.339,ASN, ,CG,59.81,14.24,0.0,2.70,1.0,<Residue ASN het=  resseq=468 icode= >,1skn_P_A,2.5
98,4.503,ASN, ,OD1,44.77,13.36,0.0,2.17,1.0,<Residue ASN het=  resseq=468 icode= >,1skn_P_A,2.5
99,20.535,ASN, ,ND2,50.54,14.72,0.0,1.95,1.0,<Residue ASN het=  resseq=468 icode= >,1skn_P_A,2.5
100,0.0,GLU, ,N,38.29,16.52,0.0,2.87,1.0,<Residue GLU het=  resseq=469 icode= >,1skn_P_A,2.5
101,8.42,GLU, ,CA,39.52,17.50,0.0,2.41,1.0,<Residue GLU het=  resseq=469 icode= >,1skn_P_A,2.5
102,1.142,GLU, ,C,45.36,17.47,0.0,3.43,1.0,<Residue GLU het=  resseq=469 icode= >,1skn_P_A,2.5
103,14.219,GLU, ,O,42.23,18.52,0.0,3.35,1.0,<Residue GLU het=  resseq=469 icode= >,1skn_P_A,2.5
104,19.313,GLU, ,CB,40.92,18.87,0.0,2.07,1.0,<Residue GLU het=  resseq=469 icode= >,1skn_P_A,2.5
105,13.068,GLU, ,CG,39.07,19.01,0.0,1.81,1.0,<Residue GLU het=  resseq=469 icode= >,1skn_P_A,2.5
106,13.79,GLU, ,CD,100.0,20.40,0.0,1.57,1.0,<Residue GLU het=  resseq=469 icode= >,1skn_P_A,2.5
107,40.518,GLU, ,OE1,100.0,21.41,0.0,1.09,1.0,<Residue GLU het=  resseq=469 icode= >,1skn_P_A,2.5
108,39.351,GLU, ,OE2,100.0,20.48,0.0,0.99,1.0,<Residue GLU het=  resseq=469 icode= >,1skn_P_A,2.5
109,0.083,LEU, ,N,36.68,16.32,0.0,3.07,1.0,<Residue LEU het=  resseq=470 icode= >,1skn_P_A,2.5
110,0.0,LEU, ,CA,31.02,16.35,0.0,2.92,1.0,<Residue LEU het=  resseq=470 icode= >,1skn_P_A,2.5
111,0.003,LEU, ,C,30.13,17.09,0.0,5.04,1.0,<Residue LEU het=  resseq=470 icode= >,1skn_P_A,2.5
112,16.557,LEU, ,O,33.83,17.08,0.0,3.88,1.0,<Residue LEU het=  resseq=470 icode= >,1skn_P_A,2.5
113,0.0,LEU, ,CB,29.0,14.94,0.0,2.67,1.0,<Residue LEU het=  resseq=470 icode= >,1skn_P_A,2.5
114,0.0,LEU, ,CG,28.13,14.33,0.0,3.97,1.0,<Residue LEU het=  resseq=470 icode= >,1skn_P_A,2.5
115,0.0,LEU, ,CD1,27.15,13.41,0.0,2.66,1.0,<Residue LEU het=  resseq=470 icode= >,1skn_P_A,2.5
116,0.0,LEU, ,CD2,26.65,15.30,0.0,1.95,1.0,<Residue LEU het=  resseq=470 icode= >,1skn_P_A,2.5
117,0.0,PRO, ,N,27.63,16.87,0.0,4.05,1.0,<Residue PRO het=  resseq=471 icode= >,1skn_P_A,2.5
118,11.307,PRO, ,CA,26.96,17.33,0.0,2.73,1.0,<Residue PRO het=  resseq=471 icode= >,1skn_P_A,2.5
119,2.899,PRO, ,C,37.96,16.67,0.0,3.72,1.0,<Residue PRO het=  resseq=471 icode= >,1skn_P_A,2.5
120,24.684,PRO, ,O,31.31,17.16,0.0,4.02,1.0,<Residue PRO het=  resseq=471 icode= >,1skn_P_A,2.5
121,21.714,PRO, ,CB,24.91,17.33,0.0,3.18,1.0,<Residue PRO het=  resseq=471 icode= >,1skn_P_A,2.5
122,0.371,PRO, ,CG,24.46,16.00,0.0,2.66,1.0,<Residue PRO het=  resseq=471 icode= >,1skn_P_A,2.5
123,3.767,PRO, ,CD,18.28,16.05,0.0,3.03,1.0,<Residue PRO het=  resseq=471 icode= >,1skn_P_A,2.5
124,0.0,VAL, ,N,37.24,15.62,0.0,2.63,1.0,<Residue VAL het=  resseq=472 icode= >,1skn_P_A,2.5
125,2.5,VAL, ,CA,27.65,15.04,0.0,3.14,1.0,<Residue VAL het=  resseq=472 icode= >,1skn_P_A,2.5
126,4.393,VAL, ,C,29.28,14.97,0.0,4.76,1.0,<Residue VAL het=  resseq=472 icode= >,1skn_P_A,2.5
127,2.113,VAL, ,O,30.41,14.86,0.0,4.06,1.0,<Residue VAL het=  resseq=472 icode= >,1skn_P_A,2.5
128,0.0,VAL, ,CB,18.27,13.73,0.0,4.41,1.0,<Residue VAL het=  resseq=472 icode= >,1skn_P_A,2.5
129,16.083,VAL, ,CG1,14.0,14.09,0.0,3.82,1.0,<Residue VAL het=  resseq=472 icode= >,1skn_P_A,2.5
130,0.32,VAL, ,CG2,18.37,12.83,0.0,3.35,1.0,<Residue VAL het=  resseq=472 icode= >,1skn_P_A,2.5
131,1.245,SER, ,N,26.46,14.60,0.0,3.71,1.0,<Residue SER het=  resseq=473 icode= >,1skn_P_A,2.5
132,3.401,SER, ,CA,20.82,13.39,0.0,3.70,1.0,<Residue SER het=  resseq=473 icode= >,1skn_P_A,2.5
133,0.0,SER, ,C,23.5,12.18,0.0,5.48,1.0,<Residue SER het=  resseq=473 icode= >,1skn_P_A,2.5
134,0.0,SER, ,O,34.13,12.37,0.0,2.82,1.0,<Residue SER het=  resseq=473 icode= >,1skn_P_A,2.5
135,30.945,SER, ,CB,21.08,13.57,0.0,3.95,1.0,<Residue SER het=  resseq=473 icode= >,1skn_P_A,2.5
136,2.229,SER, ,OG,31.91,13.33,0.0,3.90,1.0,<Residue SER het=  resseq=473 icode= >,1skn_P_A,2.5
137,0.0,ALA, ,N,22.01,11.04,0.0,4.25,1.0,<Residue ALA het=  resseq=474 icode= >,1skn_P_A,2.5
138,0.0,ALA, ,CA,27.46,9.72,0.0,2.73,1.0,<Residue ALA het=  resseq=474 icode= >,1skn_P_A,2.5
139,1.492,ALA, ,C,29.6,9.66,0.0,4.51,1.0,<Residue ALA het=  resseq=474 icode= >,1skn_P_A,2.5
140,0.0,ALA, ,O,32.08,9.52,0.0,3.35,1.0,<Residue ALA het=  resseq=474 icode= >,1skn_P_A,2.5
141,6.404,ALA, ,CB,30.13,8.73,0.0,2.16,1.0,<Residue ALA het=  resseq=474 icode= >,1skn_P_A,2.5
142,0.982,PHE, ,N,26.13,10.13,0.0,4.47,1.0,<Residue PHE het=  resseq=475 icode= >,1skn_P_A,2.5
143,4.084,PHE, ,CA,25.67,10.54,0.0,3.34,1.0,<Residue PHE het=  resseq=475 icode= >,1skn_P_A,2.5
144,0.0,PHE, ,C,26.13,11.59,0.0,4.33,1.0,<Residue PHE het=  resseq=475 icode= >,1skn_P_A,2.5
145,0.0,PHE, ,O,31.12,11.09,0.0,3.93,1.0,<Residue PHE het=  resseq=475 icode= >,1skn_P_A,2.5
146,15.672,PHE, ,CB,29.43,10.59,0.0,2.87,1.0,<Residue PHE het=  resseq=475 icode= >,1skn_P_A,2.5
147,3.438,PHE, ,CG,35.83,10.49,0.0,3.41,1.0,<Residue PHE het=  resseq=475 icode= >,1skn_P_A,2.5
148,22.615,PHE, ,CD1,40.92,9.32,0.0,2.33,1.0,<Residue PHE het=  resseq=475 icode= >,1skn_P_A,2.5
149,12.859,PHE, ,CD2,46.04,11.72,0.0,2.19,1.0,<Residue PHE het=  resseq=475 icode= >,1skn_P_A,2.5
150,26.465,PHE, ,CE1,46.92,9.54,0.0,2.13,1.0,<Residue PHE het=  resseq=475 icode= >,1skn_P_A,2.5
151,27.134,PHE, ,CE2,52.33,11.91,0.0,1.72,1.0,<Residue PHE het=  resseq=475 icode= >,1skn_P_A,2.5
152,25.463,PHE, ,CZ,52.22,10.88,0.0,1.90,1.0,<Residue PHE het=  resseq=475 icode= >,1skn_P_A,2.5
153,0.0,GLN, ,N,22.16,12.50,0.0,4.35,1.0,<Residue GLN het=  resseq=476 icode= >,1skn_P_A,2.5
154,3.046,GLN, ,CA,18.92,11.92,0.0,3.92,1.0,<Residue GLN het=  resseq=476 icode= >,1skn_P_A,2.5
155,0.0,GLN, ,C,23.81,10.60,0.0,5.22,1.0,<Residue GLN het=  resseq=476 icode= >,1skn_P_A,2.5
156,0.0,GLN, ,O,31.77,9.61,0.0,4.19,1.0,<Residue GLN het=  resseq=476 icode= >,1skn_P_A,2.5
157,0.614,GLN, ,CB,21.62,12.83,0.0,2.65,1.0,<Residue GLN het=  resseq=476 icode= >,1skn_P_A,2.5
158,14.945,GLN, ,CG,10.52,14.08,0.0,3.52,1.0,<Residue GLN het=  resseq=476 icode= >,1skn_P_A,2.5
159,5.375,GLN, ,CD,33.43,15.04,0.0,4.41,1.0,<Residue GLN het=  resseq=476 icode= >,1skn_P_A,2.5
160,8.569,GLN, ,OE1,38.96,15.29,0.0,3.23,1.0,<Residue GLN het=  resseq=476 icode= >,1skn_P_A,2.5
161,57.888,GLN, ,NE2,23.82,15.82,0.0,3.47,1.0,<Residue GLN het=  resseq=476 icode= >,1skn_P_A,2.5
162,0.0,ILE, ,N,20.83,10.45,0.0,3.97,1.0,<Residue ILE het=  resseq=477 icode= >,1skn_P_A,2.5
163,0.0,ILE, ,CA,22.6,9.20,0.0,3.73,1.0,<Residue ILE het=  resseq=477 icode= >,1skn_P_A,2.5
164,0.0,ILE, ,C,35.55,7.98,0.0,3.55,1.0,<Residue ILE het=  resseq=477 icode= >,1skn_P_A,2.5
165,0.0,ILE, ,O,42.85,7.05,0.0,2.88,1.0,<Residue ILE het=  resseq=477 icode= >,1skn_P_A,2.5
166,0.0,ILE, ,CB,23.64,9.61,0.0,4.31,1.0,<Residue ILE het=  resseq=477 icode= >,1skn_P_A,2.5
167,0.011,ILE, ,CG1,23.23,10.61,0.0,3.28,1.0,<Residue ILE het=  resseq=477 icode= >,1skn_P_A,2.5
168,0.0,ILE, ,CG2,17.22,8.60,0.0,3.21,1.0,<Residue ILE het=  resseq=477 icode= >,1skn_P_A,2.5
169,0.0,ILE, ,CD1,19.62,11.22,0.0,3.12,1.0,<Residue ILE het=  resseq=477 icode= >,1skn_P_A,2.5
170,0.0,SER, ,N,27.24,8.20,0.0,3.78,1.0,<Residue SER het=  resseq=478 icode= >,1skn_P_A,2.5
171,0.0,SER, ,CA,28.55,7.44,0.0,3.15,1.0,<Residue SER het=  resseq=478 icode= >,1skn_P_A,2.5
172,0.0,SER, ,C,31.52,7.46,0.0,4.64,1.0,<Residue SER het=  resseq=478 icode= >,1skn_P_A,2.5
173,0.0,SER, ,O,29.26,6.68,0.0,3.68,1.0,<Residue SER het=  resseq=478 icode= >,1skn_P_A,2.5
174,1.934,SER, ,CB,26.43,8.21,0.0,3.06,1.0,<Residue SER het=  resseq=478 icode= >,1skn_P_A,2.5
175,2.98,SER, ,OG,39.2,8.38,0.0,2.80,1.0,<Residue SER het=  resseq=478 icode= >,1skn_P_A,2.5
176,0.0,GLU, ,N,30.93,8.27,0.0,3.35,1.0,<Residue GLU het=  resseq=479 icode= >,1skn_P_A,2.5
177,0.729,GLU, ,CA,27.99,8.30,0.0,3.94,1.0,<Residue GLU het=  resseq=479 icode= >,1skn_P_A,2.5
178,0.624,GLU, ,C,41.94,8.01,0.0,3.63,1.0,<Residue GLU het=  resseq=479 icode= >,1skn_P_A,2.5
179,21.387,GLU, ,O,44.13,7.96,0.0,2.91,1.0,<Residue GLU het=  resseq=479 icode= >,1skn_P_A,2.5
180,18.36,GLU, ,CB,27.77,9.75,0.0,3.24,1.0,<Residue GLU het=  resseq=479 icode= >,1skn_P_A,2.5
181,3.476,GLU, ,CG,45.34,10.03,0.0,1.60,1.0,<Residue GLU het=  resseq=479 icode= >,1skn_P_A,2.5
182,4.268,GLU, ,CD,69.18,8.59,0.0,1.64,1.0,<Residue GLU het=  resseq=479 icode= >,1skn_P_A,2.5
183,24.736,GLU, ,OE1,100.0,7.84,0.0,0.81,1.0,<Residue GLU het=  resseq=479 icode= >,1skn_P_A,2.5
184,4.873,GLU, ,OE2,90.53,8.31,0.0,0.49,1.0,<Residue GLU het=  resseq=479 icode= >,1skn_P_A,2.5
185,0.355,MET, ,N,34.64,8.16,0.0,2.38,1.0,<Residue MET het=  resseq=480 icode= >,1skn_P_A,2.5
186,7.919,MET, ,CA,28.52,8.25,0.0,3.46,1.0,<Residue MET het=  resseq=480 icode= >,1skn_P_A,2.5
187,0.0,MET, ,C,36.12,7.02,0.0,4.23,1.0,<Residue MET het=  resseq=480 icode= >,1skn_P_A,2.5
188,1.038,MET, ,O,45.4,5.88,0.0,3.05,1.0,<Residue MET het=  resseq=480 icode= >,1skn_P_A,2.5
189,7.008,MET, ,CB,32.7,8.88,0.0,2.30,1.0,<Residue MET het=  resseq=480 icode= >,1skn_P_A,2.5
190,0.0,MET, ,CG,37.06,8.17,0.0,2.55,1.0,<Residue MET het=  resseq=480 icode= >,1skn_P_A,2.5
191,2.528,MET, ,SD,34.63,9.52,0.0,7.05,1.0,<Residue MET het=  resseq=480 icode= >,1skn_P_A,2.5
192,5.782,MET, ,CE,21.46,10.33,0.0,3.48,1.0,<Residue MET het=  resseq=480 icode= >,1skn_P_A,2.5
193,2.422,SER, ,N,37.65,7.41,0.0,3.17,1.0,<Residue SER het=  resseq=481 icode= >,1skn_P_A,2.5
194,7.037,SER, ,CA,37.3,6.53,0.0,2.22,1.0,<Residue SER het=  resseq=481 icode= >,1skn_P_A,2.5
195,0.0,SER, ,C,40.94,6.04,0.0,3.93,1.0,<Residue SER het=  resseq=481 icode= >,1skn_P_A,2.5
196,0.0,SER, ,O,29.55,6.81,0.0,3.78,1.0,<Residue SER het=  resseq=481 icode= >,1skn_P_A,2.5
197,41.052,SER, ,CB,25.74,7.51,0.0,3.41,1.0,<Residue SER het=  resseq=481 icode= >,1skn_P_A,2.5
198,5.512,SER, ,OG,24.09,8.37,0.0,4.09,1.0,<Residue SER het=  resseq=481 icode= >,1skn_P_A,2.5
199,2.811,LEU, ,N,39.72,5.03,0.0,3.41,1.0,<Residue LEU het=  resseq=482 icode= >,1skn_P_A,2.5
200,0.0,LEU, ,CA,35.61,4.87,0.0,3.46,1.0,<Residue LEU het=  resseq=482 icode= >,1skn_P_A,2.5
201,0.0,LEU, ,C,39.63,6.32,0.0,3.46,1.0,<Residue LEU het=  resseq=482 icode= >,1skn_P_A,2.5
202,0.0,LEU, ,O,34.43,6.92,0.0,3.52,1.0,<Residue LEU het=  resseq=482 icode= >,1skn_P_A,2.5
203,17.719,LEU, ,CB,33.06,4.29,1.577,2.91,1.0,<Residue LEU het=  resseq=482 icode= >,1skn_P_A,2.5
204,2.499,LEU, ,CG,44.11,4.56,0.0,2.15,1.0,<Residue LEU het=  resseq=482 icode= >,1skn_P_A,2.5
205,20.535,LEU, ,CD1,44.36,4.44,13.018,1.66,1.0,<Residue LEU het=  resseq=482 icode= >,1skn_P_A,2.5
206,63.068,LEU, ,CD2,46.98,4.25,23.55,0.87,1.0,<Residue LEU het=  resseq=482 icode= >,1skn_P_A,2.5
207,3.289,SER, ,N,30.17,7.14,0.0,3.46,1.0,<Residue SER het=  resseq=483 icode= >,1skn_P_A,2.5
208,0.198,SER, ,CA,27.72,8.46,0.0,3.13,1.0,<Residue SER het=  resseq=483 icode= >,1skn_P_A,2.5
209,0.203,SER, ,C,32.53,9.11,0.0,4.45,1.0,<Residue SER het=  resseq=483 icode= >,1skn_P_A,2.5
210,5.135,SER, ,O,32.47,10.15,0.0,4.32,1.0,<Residue SER het=  resseq=483 icode= >,1skn_P_A,2.5
211,42.883,SER, ,CB,31.99,9.48,0.0,3.00,1.0,<Residue SER het=  resseq=483 icode= >,1skn_P_A,2.5
212,23.697,SER, ,OG,52.02,9.58,0.0,2.38,1.0,<Residue SER het=  resseq=483 icode= >,1skn_P_A,2.5
213,0.0,GLU, ,N,25.39,8.71,0.0,3.43,1.0,<Residue GLU het=  resseq=484 icode= >,1skn_P_A,2.5
214,3.075,GLU, ,CA,21.14,9.66,0.0,4.00,1.0,<Residue GLU het=  resseq=484 icode= >,1skn_P_A,2.5
215,0.08,GLU, ,C,38.12,9.63,0.0,4.19,1.0,<Residue GLU het=  resseq=484 icode= >,1skn_P_A,2.5
216,1.645,GLU, ,O,37.23,10.73,0.0,3.06,1.0,<Residue GLU het=  resseq=484 icode= >,1skn_P_A,2.5
217,0.107,GLU, ,CB,21.56,9.59,0.0,2.89,1.0,<Residue GLU het=  resseq=484 icode= >,1skn_P_A,2.5
218,33.2,GLU, ,CG,24.27,10.92,0.0,2.79,1.0,<Residue GLU het=  resseq=484 icode= >,1skn_P_A,2.5
219,10.632,GLU, ,CD,37.37,10.96,0.0,4.70,1.0,<Residue GLU het=  resseq=484 icode= >,1skn_P_A,2.5
220,5.681,GLU, ,OE1,43.88,9.84,0.0,2.90,1.0,<Residue GLU het=  resseq=484 icode= >,1skn_P_A,2.5
221,42.345,GLU, ,OE2,29.16,12.00,0.0,3.53,1.0,<Residue GLU het=  resseq=484 icode= >,1skn_P_A,2.5
222,0.0,LEU, ,N,36.86,8.46,0.0,2.92,1.0,<Residue LEU het=  resseq=485 icode= >,1skn_P_A,2.5
223,0.0,LEU, ,CA,38.06,8.45,0.0,2.81,1.0,<Residue LEU het=  resseq=485 icode= >,1skn_P_A,2.5
224,0.0,LEU, ,C,38.62,9.19,0.0,4.39,1.0,<Residue LEU het=  resseq=485 icode= >,1skn_P_A,2.5
225,0.0,LEU, ,O,37.5,9.52,0.0,3.66,1.0,<Residue LEU het=  resseq=485 icode= >,1skn_P_A,2.5
226,0.0,LEU, ,CB,36.3,7.09,0.0,2.31,1.0,<Residue LEU het=  resseq=485 icode= >,1skn_P_A,2.5
227,0.0,LEU, ,CG,32.47,7.18,0.0,2.82,1.0,<Residue LEU het=  resseq=485 icode= >,1skn_P_A,2.5
228,0.393,LEU, ,CD1,29.16,7.75,0.0,2.54,1.0,<Residue LEU het=  resseq=485 icode= >,1skn_P_A,2.5
229,8.876,LEU, ,CD2,27.4,5.73,0.0,2.00,1.0,<Residue LEU het=  resseq=485 icode= >,1skn_P_A,2.5
230,0.0,GLN, ,N,28.73,8.98,0.0,4.18,1.0,<Residue GLN het=  resseq=486 icode= >,1skn_P_A,2.5
231,1.086,GLN, ,CA,31.41,9.09,0.0,3.25,1.0,<Residue GLN het=  resseq=486 icode= >,1skn_P_A,2.5
232,0.081,GLN, ,C,35.72,10.44,0.0,4.08,1.0,<Residue GLN het=  resseq=486 icode= >,1skn_P_A,2.5
233,2.247,GLN, ,O,39.91,10.63,0.0,3.56,1.0,<Residue GLN het=  resseq=486 icode= >,1skn_P_A,2.5
234,16.573,GLN, ,CB,32.91,8.93,0.0,1.98,1.0,<Residue GLN het=  resseq=486 icode= >,1skn_P_A,2.5
235,7.178,GLN, ,CG,32.86,7.54,0.0,1.60,1.0,<Residue GLN het=  resseq=486 icode= >,1skn_P_A,2.5
236,3.267,GLN, ,CD,100.0,7.45,0.0,0.95,1.0,<Residue GLN het=  resseq=486 icode= >,1skn_P_A,2.5
237,24.082,GLN, ,OE1,92.65,8.45,0.0,0.89,1.0,<Residue GLN het=  resseq=486 icode= >,1skn_P_A,2.5
238,45.593,GLN, ,NE2,85.44,6.50,0.0,1.27,1.0,<Residue GLN het=  resseq=486 icode= >,1skn_P_A,2.5
239,0.0,GLN, ,N,25.49,11.50,0.0,4.10,1.0,<Residue GLN het=  resseq=487 icode= >,1skn_P_A,2.5
240,0.0,GLN, ,CA,24.11,12.73,0.0,3.33,1.0,<Residue GLN het=  resseq=487 icode= >,1skn_P_A,2.5
241,0.456,GLN, ,C,31.8,12.76,0.0,4.09,1.0,<Residue GLN het=  resseq=487 icode= >,1skn_P_A,2.5
242,0.0,GLN, ,O,32.02,13.26,0.0,3.56,1.0,<Residue GLN het=  resseq=487 icode= >,1skn_P_A,2.5
243,16.648,GLN, ,CB,25.35,13.63,0.0,3.26,1.0,<Residue GLN het=  resseq=487 icode= >,1skn_P_A,2.5
244,30.634,GLN, ,CG,29.08,14.28,0.0,2.27,1.0,<Residue GLN het=  resseq=487 icode= >,1skn_P_A,2.5
245,6.127,GLN, ,CD,48.8,14.92,0.0,3.38,1.0,<Residue GLN het=  resseq=487 icode= >,1skn_P_A,2.5
246,18.632,GLN, ,OE1,62.25,15.76,0.0,1.91,1.0,<Residue GLN het=  resseq=487 icode= >,1skn_P_A,2.5
247,37.026,GLN, ,NE2,44.61,14.19,0.0,1.68,1.0,<Residue GLN het=  resseq=487 icode= >,1skn_P_A,2.5
248,0.006,VAL, ,N,24.44,12.40,0.0,3.73,1.0,<Residue VAL het=  resseq=488 icode= >,1skn_P_A,2.5
249,3.579,VAL, ,CA,18.45,12.65,0.0,4.19,1.0,<Residue VAL het=  resseq=488 icode= >,1skn_P_A,2.5
250,0.0,VAL, ,C,34.68,12.15,0.0,3.99,1.0,<Residue VAL het=  resseq=488 icode= >,1skn_P_A,2.5
251,0.0,VAL, ,O,39.68,12.87,0.0,3.31,1.0,<Residue VAL het=  resseq=488 icode= >,1skn_P_A,2.5
252,0.0,VAL, ,CB,16.27,12.27,0.0,4.54,1.0,<Residue VAL het=  resseq=488 icode= >,1skn_P_A,2.5
253,0.44,VAL, ,CG1,20.83,12.49,0.0,2.34,1.0,<Residue VAL het=  resseq=488 icode= >,1skn_P_A,2.5
254,22.71,VAL, ,CG2,12.62,12.63,0.0,3.05,1.0,<Residue VAL het=  resseq=488 icode= >,1skn_P_A,2.5
255,0.0,LEU, ,N,31.55,10.96,0.0,3.17,1.0,<Residue LEU het=  resseq=489 icode= >,1skn_P_A,2.5
256,0.0,LEU, ,CA,27.33,10.51,0.0,3.53,1.0,<Residue LEU het=  resseq=489 icode= >,1skn_P_A,2.5
257,1.059,LEU, ,C,29.69,11.24,0.0,4.47,1.0,<Residue LEU het=  resseq=489 icode= >,1skn_P_A,2.5
258,2.829,LEU, ,O,30.72,11.53,0.0,3.83,1.0,<Residue LEU het=  resseq=489 icode= >,1skn_P_A,2.5
259,8.306,LEU, ,CB,27.75,8.97,0.0,1.96,1.0,<Residue LEU het=  resseq=489 icode= >,1skn_P_A,2.5
260,0.0,LEU, ,CG,25.14,8.32,0.0,3.50,1.0,<Residue LEU het=  resseq=489 icode= >,1skn_P_A,2.5
261,33.76,LEU, ,CD1,17.8,6.81,0.0,2.95,1.0,<Residue LEU het=  resseq=489 icode= >,1skn_P_A,2.5
262,1.707,LEU, ,CD2,12.28,8.76,0.0,3.09,1.0,<Residue LEU het=  resseq=489 icode= >,1skn_P_A,2.5
263,0.943,LYS, ,N,33.83,11.68,0.0,2.80,1.0,<Residue LYS het=  resseq=490 icode= >,1skn_P_A,2.5
264,10.586,LYS, ,CA,29.25,12.63,0.0,3.16,1.0,<Residue LYS het=  resseq=490 icode= >,1skn_P_A,2.5
265,2.465,LYS, ,C,36.52,14.01,0.0,4.09,1.0,<Residue LYS het=  resseq=490 icode= >,1skn_P_A,2.5
266,21.641,LYS, ,O,48.2,14.92,0.0,2.49,1.0,<Residue LYS het=  resseq=490 icode= >,1skn_P_A,2.5
267,7.417,LYS, ,CB,35.53,12.91,0.0,2.26,1.0,<Residue LYS het=  resseq=490 icode= >,1skn_P_A,2.5
268,7.266,LYS, ,CG,64.18,14.08,0.0,1.30,1.0,<Residue LYS het=  resseq=490 icode= >,1skn_P_A,2.5
269,33.517,LYS, ,CD,62.89,13.97,0.0,1.59,1.0,<Residue LYS het=  resseq=490 icode= >,1skn_P_A,2.5
270,50.449,LYS, ,CE,85.46,15.32,0.0,1.36,1.0,<Residue LYS het=  resseq=490 icode= >,1skn_P_A,2.5
271,34.396,LYS, ,NZ,100.0,16.21,0.0,0.64,1.0,<Residue LYS het=  resseq=490 icode= >,1skn_P_A,2.5
272,0.0,ASN, ,N,34.51,14.33,0.0,2.67,1.0,<Residue ASN het=  resseq=491 icode= >,1skn_P_A,2.5
273,4.638,ASN, ,CA,29.29,15.72,0.0,3.00,1.0,<Residue ASN het=  resseq=491 icode= >,1skn_P_A,2.5
274,3.297,ASN, ,C,32.45,16.15,0.0,4.28,1.0,<Residue ASN het=  resseq=491 icode= >,1skn_P_A,2.5
275,25.972,ASN, ,O,41.09,17.35,0.0,3.15,1.0,<Residue ASN het=  resseq=491 icode= >,1skn_P_A,2.5
276,14.685,ASN, ,CB,20.34,16.39,0.0,2.77,1.0,<Residue ASN het=  resseq=491 icode= >,1skn_P_A,2.5
277,7.322,ASN, ,CG,52.86,16.55,0.0,3.21,1.0,<Residue ASN het=  resseq=491 icode= >,1skn_P_A,2.5
278,38.416,ASN, ,OD1,46.23,17.68,0.0,2.52,1.0,<Residue ASN het=  resseq=491 icode= >,1skn_P_A,2.5
279,0.645,ASN, ,ND2,74.56,15.50,0.0,0.61,1.0,<Residue ASN het=  resseq=491 icode= >,1skn_P_A,2.5
280,0.0,GLU, ,N,32.35,15.29,0.0,3.55,1.0,<Residue GLU het=  resseq=492 icode= >,1skn_P_A,2.5
281,1.476,GLU, ,CA,31.03,15.77,0.0,3.21,1.0,<Residue GLU het=  resseq=492 icode= >,1skn_P_A,2.5
282,2.794,GLU, ,C,37.56,15.75,0.0,3.95,1.0,<Residue GLU het=  resseq=492 icode= >,1skn_P_A,2.5
283,7.844,GLU, ,O,37.04,14.94,0.0,2.94,1.0,<Residue GLU het=  resseq=492 icode= >,1skn_P_A,2.5
284,0.034,GLU, ,CB,27.83,15.10,0.0,2.77,1.0,<Residue GLU het=  resseq=492 icode= >,1skn_P_A,2.5
285,1.74,GLU, ,CG,14.45,15.43,0.0,3.95,1.0,<Residue GLU het=  resseq=492 icode= >,1skn_P_A,2.5
286,5.227,GLU, ,CD,54.07,16.94,0.0,3.43,1.0,<Residue GLU het=  resseq=492 icode= >,1skn_P_A,2.5
287,21.808,GLU, ,OE1,61.21,17.60,0.0,1.79,1.0,<Residue GLU het=  resseq=492 icode= >,1skn_P_A,2.5
288,28.193,GLU, ,OE2,38.87,17.58,0.0,3.35,1.0,<Residue GLU het=  resseq=492 icode= >,1skn_P_A,2.5
289,7.088,SER, ,N,37.99,16.74,0.0,3.17,1.0,<Residue SER het=  resseq=493 icode= >,1skn_P_A,2.5
290,6.243,SER, ,CA,34.74,17.00,0.0,3.12,1.0,<Residue SER het=  resseq=493 icode= >,1skn_P_A,2.5
291,1.827,SER, ,C,42.41,16.44,0.0,4.25,1.0,<Residue SER het=  resseq=493 icode= >,1skn_P_A,2.5
292,15.657,SER, ,O,40.17,16.94,0.0,3.05,1.0,<Residue SER het=  resseq=493 icode= >,1skn_P_A,2.5
293,43.156,SER, ,CB,35.42,18.47,0.0,3.33,1.0,<Residue SER het=  resseq=493 icode= >,1skn_P_A,2.5
294,39.344,SER, ,OG,48.11,18.76,0.0,2.46,1.0,<Residue SER het=  resseq=493 icode= >,1skn_P_A,2.5
295,4.022,LEU, ,N,38.58,15.46,0.0,3.96,1.0,<Residue LEU het=  resseq=494 icode= >,1skn_P_A,2.5
296,0.0,LEU, ,CA,35.71,14.86,0.0,2.85,1.0,<Residue LEU het=  resseq=494 icode= >,1skn_P_A,2.5
297,2.497,LEU, ,C,37.89,14.77,0.0,3.29,1.0,<Residue LEU het=  resseq=494 icode= >,1skn_P_A,2.5
298,6.494,LEU, ,O,41.63,13.97,0.0,2.32,1.0,<Residue LEU het=  resseq=494 icode= >,1skn_P_A,2.5
299,0.0,LEU, ,CB,33.52,13.49,0.0,2.32,1.0,<Residue LEU het=  resseq=494 icode= >,1skn_P_A,2.5
300,0.0,LEU, ,CG,25.83,13.64,0.0,4.06,1.0,<Residue LEU het=  resseq=494 icode= >,1skn_P_A,2.5
301,0.0,LEU, ,CD1,23.42,12.35,0.0,2.58,1.0,<Residue LEU het=  resseq=494 icode= >,1skn_P_A,2.5
302,1.658,LEU, ,CD2,24.38,14.41,0.0,2.60,1.0,<Residue LEU het=  resseq=494 icode= >,1skn_P_A,2.5
303,6.042,SER, ,N,31.61,15.66,0.0,2.56,1.0,<Residue SER het=  resseq=495 icode= >,1skn_P_A,2.5
304,11.713,SER, ,CA,24.63,15.63,0.0,3.12,1.0,<Residue SER het=  resseq=495 icode= >,1skn_P_A,2.5
305,0.0,SER, ,C,35.12,14.26,0.0,3.62,1.0,<Residue SER het=  resseq=495 icode= >,1skn_P_A,2.5
306,0.0,SER, ,O,40.78,13.43,0.0,2.60,1.0,<Residue SER het=  resseq=495 icode= >,1skn_P_A,2.5
307,40.871,SER, ,CB,29.79,16.70,0.0,3.05,1.0,<Residue SER het=  resseq=495 icode= >,1skn_P_A,2.5
308,4.154,SER, ,OG,49.4,16.30,0.0,2.59,1.0,<Residue SER het=  resseq=495 icode= >,1skn_P_A,2.5
309,2.613,GLU, ,N,33.13,14.17,0.0,2.87,1.0,<Residue GLU het=  resseq=496 icode= >,1skn_P_A,2.5
310,0.004,GLU, ,CA,36.38,13.13,0.0,2.16,1.0,<Residue GLU het=  resseq=496 icode= >,1skn_P_A,2.5
311,0.114,GLU, ,C,42.94,12.97,0.0,3.13,1.0,<Residue GLU het=  resseq=496 icode= >,1skn_P_A,2.5
312,0.85,GLU, ,O,51.99,11.94,0.0,1.43,1.0,<Residue GLU het=  resseq=496 icode= >,1skn_P_A,2.5
313,25.208,GLU, ,CB,36.54,13.65,0.0,2.54,1.0,<Residue GLU het=  resseq=496 icode= >,1skn_P_A,2.5
314,35.458,GLU, ,CG,45.94,13.60,0.0,1.90,1.0,<Residue GLU het=  resseq=496 icode= >,1skn_P_A,2.5
315,8.981,GLU, ,CD,53.28,12.26,0.0,2.74,1.0,<Residue GLU het=  resseq=496 icode= >,1skn_P_A,2.5
316,39.334,GLU, ,OE1,63.17,11.71,0.0,1.90,1.0,<Residue GLU het=  resseq=496 icode= >,1skn_P_A,2.5
317,21.704,GLU, ,OE2,31.8,11.88,0.0,3.01,1.0,<Residue GLU het=  resseq=496 icode= >,1skn_P_A,2.5
318,3.123,TYR, ,N,24.97,14.14,0.0,3.95,1.0,<Residue TYR het=  resseq=497 icode= >,1skn_P_A,2.5
319,1.262,TYR, ,CA,31.63,14.36,0.0,2.92,1.0,<Residue TYR het=  resseq=497 icode= >,1skn_P_A,2.5
320,0.0,TYR, ,C,45.33,13.67,0.0,3.25,1.0,<Residue TYR het=  resseq=497 icode= >,1skn_P_A,2.5
321,0.0,TYR, ,O,40.18,12.89,0.0,2.81,1.0,<Residue TYR het=  resseq=497 icode= >,1skn_P_A,2.5
322,22.057,TYR, ,CB,32.32,14.90,0.0,2.66,1.0,<Residue TYR het=  resseq=497 icode= >,1skn_P_A,2.5
323,2.626,TYR, ,CG,37.54,13.73,0.0,2.95,1.0,<Residue TYR het=  resseq=497 icode= >,1skn_P_A,2.5
324,9.106,TYR, ,CD1,40.5,12.52,0.0,3.00,1.0,<Residue TYR het=  resseq=497 icode= >,1skn_P_A,2.5
325,13.053,TYR, ,CD2,43.01,13.96,0.0,2.02,1.0,<Residue TYR het=  resseq=497 icode= >,1skn_P_A,2.5
326,21.598,TYR, ,CE1,37.16,11.50,0.0,2.55,1.0,<Residue TYR het=  resseq=497 icode= >,1skn_P_A,2.5
327,12.623,TYR, ,CE2,40.78,13.08,0.0,2.44,1.0,<Residue TYR het=  resseq=497 icode= >,1skn_P_A,2.5
328,4.426,TYR, ,CZ,38.49,11.80,0.0,3.71,1.0,<Residue TYR het=  resseq=497 icode= >,1skn_P_A,2.5
329,26.386,TYR, ,OH,62.23,11.02,0.0,1.49,1.0,<Residue TYR het=  resseq=497 icode= >,1skn_P_A,2.5
330,0.0,GLN, ,N,39.57,14.09,0.0,2.74,1.0,<Residue GLN het=  resseq=498 icode= >,1skn_P_A,2.5
331,0.0,GLN, ,CA,32.27,13.63,0.0,3.33,1.0,<Residue GLN het=  resseq=498 icode= >,1skn_P_A,2.5
332,0.0,GLN, ,C,30.33,12.10,0.0,4.74,1.0,<Residue GLN het=  resseq=498 icode= >,1skn_P_A,2.5
333,0.0,GLN, ,O,29.33,11.61,0.0,4.18,1.0,<Residue GLN het=  resseq=498 icode= >,1skn_P_A,2.5
334,0.0,GLN, ,CB,32.88,14.38,0.0,2.98,1.0,<Residue GLN het=  resseq=498 icode= >,1skn_P_A,2.5
335,2.842,GLN, ,CG,17.6,15.89,0.0,3.37,1.0,<Residue GLN het=  resseq=498 icode= >,1skn_P_A,2.5
336,4.252,GLN, ,CD,35.68,16.62,0.0,4.61,1.0,<Residue GLN het=  resseq=498 icode= >,1skn_P_A,2.5
337,2.596,GLN, ,OE1,31.9,16.28,0.0,4.04,1.0,<Residue GLN het=  resseq=498 icode= >,1skn_P_A,2.5
338,24.248,GLN, ,NE2,33.23,17.61,0.0,2.48,1.0,<Residue GLN het=  resseq=498 icode= >,1skn_P_A,2.5
339,0.0,ARG, ,N,25.64,11.44,0.0,3.96,1.0,<Residue ARG het=  resseq=499 icode= >,1skn_P_A,2.5
340,0.0,ARG, ,CA,24.74,9.99,0.0,3.98,1.0,<Residue ARG het=  resseq=499 icode= >,1skn_P_A,2.5
341,0.534,ARG, ,C,38.35,9.29,0.0,3.72,1.0,<Residue ARG het=  resseq=499 icode= >,1skn_P_A,2.5
342,4.781,ARG, ,O,41.18,8.32,0.0,3.26,1.0,<Residue ARG het=  resseq=499 icode= >,1skn_P_A,2.5
343,14.722,ARG, ,CB,15.75,9.57,0.0,3.82,1.0,<Residue ARG het=  resseq=499 icode= >,1skn_P_A,2.5
344,0.0,ARG, ,CG,30.57,10.63,0.0,2.24,1.0,<Residue ARG het=  resseq=499 icode= >,1skn_P_A,2.5
345,12.333,ARG, ,CD,31.0,10.20,0.0,2.73,1.0,<Residue ARG het=  resseq=499 icode= >,1skn_P_A,2.5
346,4.192,ARG, ,NE,30.86,11.27,0.0,3.74,1.0,<Residue ARG het=  resseq=499 icode= >,1skn_P_A,2.5
347,4.062,ARG, ,CZ,48.3,11.18,0.0,4.05,1.0,<Residue ARG het=  resseq=499 icode= >,1skn_P_A,2.5
348,18.804,ARG, ,NH1,25.26,10.03,0.0,2.70,1.0,<Residue ARG het=  resseq=499 icode= >,1skn_P_A,2.5
349,20.85,ARG, ,NH2,42.55,12.35,0.0,2.44,1.0,<Residue ARG het=  resseq=499 icode= >,1skn_P_A,2.5
350,0.056,GLN, ,N,42.28,9.97,0.0,2.88,1.0,<Residue GLN het=  resseq=500 icode= >,1skn_P_A,2.5
351,8.859,GLN, ,CA,43.79,9.68,0.0,2.74,1.0,<Residue GLN het=  resseq=500 icode= >,1skn_P_A,2.5
352,0.0,GLN, ,C,43.57,9.85,0.0,4.34,1.0,<Residue GLN het=  resseq=500 icode= >,1skn_P_A,2.5
353,0.146,GLN, ,O,49.18,9.05,0.0,2.68,1.0,<Residue GLN het=  resseq=500 icode= >,1skn_P_A,2.5
354,7.648,GLN, ,CB,46.47,10.64,0.0,1.91,1.0,<Residue GLN het=  resseq=500 icode= >,1skn_P_A,2.5
355,12.57,GLN, ,CG,84.11,10.80,0.0,0.71,1.0,<Residue GLN het=  resseq=500 icode= >,1skn_P_A,2.5
356,5.945,GLN, ,CD,70.99,11.70,0.0,1.91,1.0,<Residue GLN het=  resseq=500 icode= >,1skn_P_A,2.5
357,29.565,GLN, ,OE1,61.74,12.43,0.0,1.46,1.0,<Residue GLN het=  resseq=500 icode= >,1skn_P_A,2.5
358,28.133,GLN, ,NE2,35.84,10.77,0.0,2.55,1.0,<Residue GLN het=  resseq=500 icode= >,1skn_P_A,2.5
359,0.031,LEU, ,N,36.19,11.12,0.0,3.46,1.0,<Residue LEU het=  resseq=501 icode= >,1skn_P_A,2.5
360,0.534,LEU, ,CA,32.47,10.63,0.0,3.25,1.0,<Residue LEU het=  resseq=501 icode= >,1skn_P_A,2.5
361,0.0,LEU, ,C,37.84,10.57,0.0,4.19,1.0,<Residue LEU het=  resseq=501 icode= >,1skn_P_A,2.5
362,0.0,LEU, ,O,41.9,9.56,0.0,2.90,1.0,<Residue LEU het=  resseq=501 icode= >,1skn_P_A,2.5
363,0.0,LEU, ,CB,29.82,11.50,0.0,2.69,1.0,<Residue LEU het=  resseq=501 icode= >,1skn_P_A,2.5
364,0.0,LEU, ,CG,39.35,10.85,0.0,2.86,1.0,<Residue LEU het=  resseq=501 icode= >,1skn_P_A,2.5
365,6.988,LEU, ,CD1,42.78,9.33,0.0,1.03,1.0,<Residue LEU het=  resseq=501 icode= >,1skn_P_A,2.5
366,0.0,LEU, ,CD2,20.92,11.53,0.0,2.11,1.0,<Residue LEU het=  resseq=501 icode= >,1skn_P_A,2.5
367,0.0,ILE, ,N,25.86,10.45,0.0,4.34,1.0,<Residue ILE het=  resseq=502 icode= >,1skn_P_A,2.5
368,0.0,ILE, ,CA,21.56,9.82,0.0,4.70,1.0,<Residue ILE het=  resseq=502 icode= >,1skn_P_A,2.5
369,0.0,ILE, ,C,29.83,8.48,0.0,4.67,1.0,<Residue ILE het=  resseq=502 icode= >,1skn_P_A,2.5
370,0.0,ILE, ,O,32.05,7.71,0.0,4.22,1.0,<Residue ILE het=  resseq=502 icode= >,1skn_P_A,2.5
371,0.0,ILE, ,CB,25.82,9.59,0.0,3.99,1.0,<Residue ILE het=  resseq=502 icode= >,1skn_P_A,2.5
372,0.0,ILE, ,CG1,25.43,11.01,0.0,3.00,1.0,<Residue ILE het=  resseq=502 icode= >,1skn_P_A,2.5
373,1.809,ILE, ,CG2,20.62,8.68,0.0,2.81,1.0,<Residue ILE het=  resseq=502 icode= >,1skn_P_A,2.5
374,0.272,ILE, ,CD1,18.47,11.33,0.0,2.76,1.0,<Residue ILE het=  resseq=502 icode= >,1skn_P_A,2.5
375,0.0,ARG, ,N,28.55,8.04,0.0,3.26,1.0,<Residue ARG het=  resseq=503 icode= >,1skn_P_A,2.5
376,0.061,ARG, ,CA,27.54,7.09,0.0,3.65,1.0,<Residue ARG het=  resseq=503 icode= >,1skn_P_A,2.5
377,0.782,ARG, ,C,36.88,7.48,0.0,4.52,1.0,<Residue ARG het=  resseq=503 icode= >,1skn_P_A,2.5
378,0.089,ARG, ,O,28.91,6.64,0.0,4.35,1.0,<Residue ARG het=  resseq=503 icode= >,1skn_P_A,2.5
379,12.091,ARG, ,CB,24.31,5.99,0.0,2.97,1.0,<Residue ARG het=  resseq=503 icode= >,1skn_P_A,2.5
380,25.349,ARG, ,CG,85.26,4.72,1.618,0.81,1.0,<Residue ARG het=  resseq=503 icode= >,1skn_P_A,2.5
381,36.513,ARG, ,CD,100.0,3.48,19.761,-0.26,1.0,<Residue ARG het=  resseq=503 icode= >,1skn_P_A,2.5
382,18.078,ARG, ,NE,100.0,3.54,15.017,-0.36,1.0,<Residue ARG het=  resseq=503 icode= >,1skn_P_A,2.5
383,4.711,ARG, ,CZ,100.0,3.64,0.611,1.86,1.0,<Residue ARG het=  resseq=503 icode= >,1skn_P_A,2.5
384,3.384,ARG, ,NH1,100.0,4.58,0.0,0.59,1.0,<Residue ARG het=  resseq=503 icode= >,1skn_P_A,2.5
385,29.918,ARG, ,NH2,69.89,2.36,26.979,0.99,1.0,<Residue ARG het=  resseq=503 icode= >,1skn_P_A,2.5
386,0.0,LYS, ,N,38.59,8.34,0.0,3.45,1.0,<Residue LYS het=  resseq=504 icode= >,1skn_P_A,2.5
387,1.284,LYS, ,CA,41.29,6.89,0.0,2.83,1.0,<Residue LYS het=  resseq=504 icode= >,1skn_P_A,2.5
388,0.0,LYS, ,C,38.29,6.76,0.0,4.41,1.0,<Residue LYS het=  resseq=504 icode= >,1skn_P_A,2.5
389,0.0,LYS, ,O,39.81,6.07,0.0,3.54,1.0,<Residue LYS het=  resseq=504 icode= >,1skn_P_A,2.5
390,1.504,LYS, ,CB,49.57,6.37,0.0,2.31,1.0,<Residue LYS het=  resseq=504 icode= >,1skn_P_A,2.5
391,9.639,LYS, ,CG,68.71,6.90,0.0,1.72,1.0,<Residue LYS het=  resseq=504 icode= >,1skn_P_A,2.5
392,19.393,LYS, ,CD,70.36,6.99,0.0,1.31,1.0,<Residue LYS het=  resseq=504 icode= >,1skn_P_A,2.5
393,22.719,LYS, ,CE,88.53,7.77,0.0,0.81,1.0,<Residue LYS het=  resseq=504 icode= >,1skn_P_A,2.5
394,39.863,LYS, ,NZ,82.49,7.68,0.0,1.11,1.0,<Residue LYS het=  resseq=504 icode= >,1skn_P_A,2.5
395,0.0,ILE, ,N,35.8,7.72,0.0,3.85,1.0,<Residue ILE het=  resseq=505 icode= >,1skn_P_A,2.5
396,0.0,ILE, ,CA,35.76,7.62,0.0,3.05,1.0,<Residue ILE het=  resseq=505 icode= >,1skn_P_A,2.5
397,0.0,ILE, ,C,34.62,7.53,0.0,4.86,1.0,<Residue ILE het=  resseq=505 icode= >,1skn_P_A,2.5
398,0.16,ILE, ,O,35.14,6.62,0.0,3.55,1.0,<Residue ILE het=  resseq=505 icode= >,1skn_P_A,2.5
399,0.0,ILE, ,CB,39.26,8.50,0.0,2.59,1.0,<Residue ILE het=  resseq=505 icode= >,1skn_P_A,2.5
400,0.0,ILE, ,CG1,31.86,8.78,0.0,2.69,1.0,<Residue ILE het=  resseq=505 icode= >,1skn_P_A,2.5
401,1.156,ILE, ,CG2,39.86,8.05,0.0,1.85,1.0,<Residue ILE het=  resseq=505 icode= >,1skn_P_A,2.5
402,0.0,ILE, ,CD1,14.05,9.25,0.0,3.54,1.0,<Residue ILE het=  resseq=505 icode= >,1skn_P_A,2.5
403,0.0,ARG, ,N,29.86,7.17,0.0,3.96,1.0,<Residue ARG het=  resseq=506 icode= >,1skn_P_A,2.5
404,0.0,ARG, ,CA,33.39,6.04,0.0,2.98,1.0,<Residue ARG het=  resseq=506 icode= >,1skn_P_A,2.5
405,0.0,ARG, ,C,39.16,5.83,0.0,4.09,1.0,<Residue ARG het=  resseq=506 icode= >,1skn_P_A,2.5
406,0.0,ARG, ,O,35.01,5.99,0.0,3.40,1.0,<Residue ARG het=  resseq=506 icode= >,1skn_P_A,2.5
407,0.0,ARG, ,CB,24.83,5.03,0.0,3.09,1.0,<Residue ARG het=  resseq=506 icode= >,1skn_P_A,2.5
408,0.0,ARG, ,CG,19.3,4.09,0.0,4.05,1.0,<Residue ARG het=  resseq=506 icode= >,1skn_P_A,2.5
409,0.812,ARG, ,CD,21.4,3.40,0.0,3.07,1.0,<Residue ARG het=  resseq=506 icode= >,1skn_P_A,2.5
410,4.161,ARG, ,NE,36.2,2.74,3.933,2.58,1.0,<Residue ARG het=  resseq=506 icode= >,1skn_P_A,2.5
411,0.0,ARG, ,CZ,36.87,3.44,0.0,4.74,1.0,<Residue ARG het=  resseq=506 icode= >,1skn_P_A,2.5
412,0.0,ARG, ,NH1,24.84,4.72,0.0,2.77,1.0,<Residue ARG het=  resseq=506 icode= >,1skn_P_A,2.5
413,10.114,ARG, ,NH2,21.38,2.66,7.07,3.71,1.0,<Residue ARG het=  resseq=506 icode= >,1skn_P_A,2.5
414,0.0,ARG, ,N,30.0,5.98,0.0,3.74,1.0,<Residue ARG het=  resseq=507 icode= >,1skn_P_A,2.5
415,4.896,ARG, ,CA,33.6,6.43,0.0,2.60,1.0,<Residue ARG het=  resseq=507 icode= >,1skn_P_A,2.5
416,0.0,ARG, ,C,41.58,7.11,0.0,3.75,1.0,<Residue ARG het=  resseq=507 icode= >,1skn_P_A,2.5
417,1.361,ARG, ,O,42.53,6.51,0.0,2.38,1.0,<Residue ARG het=  resseq=507 icode= >,1skn_P_A,2.5
418,0.147,ARG, ,CB,37.32,6.81,0.0,2.20,1.0,<Residue ARG het=  resseq=507 icode= >,1skn_P_A,2.5
419,29.938,ARG, ,CG,37.83,6.52,0.0,2.73,1.0,<Residue ARG het=  resseq=507 icode= >,1skn_P_A,2.5
420,29.493,ARG, ,CD,68.15,5.60,0.0,1.06,1.0,<Residue ARG het=  resseq=507 icode= >,1skn_P_A,2.5
421,3.233,ARG, ,NE,100.0,4.77,0.191,-0.40,1.0,<Residue ARG het=  resseq=507 icode= >,1skn_P_A,2.5
422,4.411,ARG, ,CZ,100.0,3.65,4.094,0.70,1.0,<Residue ARG het=  resseq=507 icode= >,1skn_P_A,2.5
423,48.079,ARG, ,NH1,100.0,3.05,33.786,0.63,1.0,<Residue ARG het=  resseq=507 icode= >,1skn_P_A,2.5
424,21.498,ARG, ,NH2,100.0,3.43,21.079,0.45,1.0,<Residue ARG het=  resseq=507 icode= >,1skn_P_A,2.5
425,0.0,ARG, ,N,26.46,6.10,0.0,3.25,1.0,<Residue ARG het=  resseq=508 icode= >,1skn_P_A,2.5
426,1.492,ARG, ,CA,29.12,4.77,0.0,3.50,1.0,<Residue ARG het=  resseq=508 icode= >,1skn_P_A,2.5
427,0.013,ARG, ,C,34.0,4.66,0.013,3.89,1.0,<Residue ARG het=  resseq=508 icode= >,1skn_P_A,2.5
428,0.866,ARG, ,O,35.8,4.57,0.239,2.90,1.0,<Residue ARG het=  resseq=508 icode= >,1skn_P_A,2.5
429,9.749,ARG, ,CB,25.03,3.88,8.856,2.78,1.0,<Residue ARG het=  resseq=508 icode= >,1skn_P_A,2.5
430,1.886,ARG, ,CG,24.48,3.82,1.513,2.61,1.0,<Residue ARG het=  resseq=508 icode= >,1skn_P_A,2.5
431,21.644,ARG, ,CD,26.94,3.67,21.644,3.45,1.0,<Residue ARG het=  resseq=508 icode= >,1skn_P_A,2.5
432,0.0,ARG, ,NE,43.17,4.58,0.0,2.67,1.0,<Residue ARG het=  resseq=508 icode= >,1skn_P_A,2.5
433,0.0,ARG, ,CZ,64.72,4.44,0.0,3.16,1.0,<Residue ARG het=  resseq=508 icode= >,1skn_P_A,2.5
434,23.022,ARG, ,NH1,46.65,3.37,12.853,1.87,1.0,<Residue ARG het=  resseq=508 icode= >,1skn_P_A,2.5
435,2.713,ARG, ,NH2,33.26,5.65,0.0,2.57,1.0,<Residue ARG het=  resseq=508 icode= >,1skn_P_A,2.5
436,0.0,GLY, ,N,30.35,5.20,0.0,3.10,1.0,<Residue GLY het=  resseq=509 icode= >,1skn_P_A,2.5
437,6.896,GLY, ,CA,28.87,5.66,0.13,2.96,1.0,<Residue GLY het=  resseq=509 icode= >,1skn_P_A,2.5
438,0.0,GLY, ,C,36.62,6.52,0.0,3.92,1.0,<Residue GLY het=  resseq=509 icode= >,1skn_P_A,2.5
439,1.14,GLY, ,O,41.39,6.70,0.0,2.98,1.0,<Residue GLY het=  resseq=509 icode= >,1skn_P_A,2.5
440,0.0,LYS, ,N,33.51,5.78,0.0,2.71,1.0,<Residue LYS het=  resseq=510 icode= >,1skn_P_A,2.5
441,3.916,LYS, ,CA,32.47,4.42,0.0,2.88,1.0,<Residue LYS het=  resseq=510 icode= >,1skn_P_A,2.5
442,0.878,LYS, ,C,42.99,4.42,0.517,3.77,1.0,<Residue LYS het=  resseq=510 icode= >,1skn_P_A,2.5
443,2.582,LYS, ,O,50.18,4.26,1.727,2.66,1.0,<Residue LYS het=  resseq=510 icode= >,1skn_P_A,2.5
444,20.935,LYS, ,CB,31.12,3.34,16.265,2.03,1.0,<Residue LYS het=  resseq=510 icode= >,1skn_P_A,2.5
445,0.855,LYS, ,CG,40.85,4.06,0.0,1.76,1.0,<Residue LYS het=  resseq=510 icode= >,1skn_P_A,2.5
446,26.898,LYS, ,CD,43.66,3.58,25.86,1.45,1.0,<Residue LYS het=  resseq=510 icode= >,1skn_P_A,2.5
447,14.698,LYS, ,CE,45.21,3.86,9.393,2.18,1.0,<Residue LYS het=  resseq=510 icode= >,1skn_P_A,2.5
448,21.425,LYS, ,NZ,44.96,5.00,1.089,1.87,1.0,<Residue LYS het=  resseq=510 icode= >,1skn_P_A,2.5
449,0.42,ASN, ,N,39.56,5.23,0.0,2.32,1.0,<Residue ASN het=  resseq=511 icode= >,1skn_P_A,2.5
450,2.0,ASN, ,CA,38.44,5.82,0.0,2.32,1.0,<Residue ASN het=  resseq=511 icode= >,1skn_P_A,2.5
451,0.0,ASN, ,C,43.56,4.84,0.0,3.00,1.0,<Residue ASN het=  resseq=511 icode= >,1skn_P_A,2.5
452,0.0,ASN, ,O,47.28,4.24,0.0,2.07,1.0,<Residue ASN het=  resseq=511 icode= >,1skn_P_A,2.5
453,6.118,ASN, ,CB,15.03,5.26,0.0,3.17,1.0,<Residue ASN het=  resseq=511 icode= >,1skn_P_A,2.5
454,2.127,ASN, ,CG,36.9,4.11,1.754,3.79,1.0,<Residue ASN het=  resseq=511 icode= >,1skn_P_A,2.5
455,25.974,ASN, ,OD1,32.98,3.23,25.327,3.52,1.0,<Residue ASN het=  resseq=511 icode= >,1skn_P_A,2.5
456,43.895,ASN, ,ND2,37.39,3.40,39.879,1.83,1.0,<Residue ASN het=  resseq=511 icode= >,1skn_P_A,2.5
457,0.098,LYS, ,N,34.26,4.99,0.0,2.93,1.0,<Residue LYS het=  resseq=512 icode= >,1skn_P_A,2.5
458,2.002,LYS, ,CA,35.07,4.31,2.002,2.64,1.0,<Residue LYS het=  resseq=512 icode= >,1skn_P_A,2.5
459,0.0,LYS, ,C,42.43,4.97,0.0,3.06,1.0,<Residue LYS het=  resseq=512 icode= >,1skn_P_A,2.5
460,0.555,LYS, ,O,39.93,4.74,0.157,2.59,1.0,<Residue LYS het=  resseq=512 icode= >,1skn_P_A,2.5
461,23.501,LYS, ,CB,30.99,4.00,22.517,2.23,1.0,<Residue LYS het=  resseq=512 icode= >,1skn_P_A,2.5
462,0.09,LYS, ,CG,30.61,3.95,0.09,2.56,1.0,<Residue LYS het=  resseq=512 icode= >,1skn_P_A,2.5
463,22.141,LYS, ,CD,25.76,3.77,22.141,2.36,1.0,<Residue LYS het=  resseq=512 icode= >,1skn_P_A,2.5
464,22.634,LYS, ,CE,31.56,4.21,3.023,2.76,1.0,<Residue LYS het=  resseq=512 icode= >,1skn_P_A,2.5
465,36.852,LYS, ,NZ,64.08,4.25,7.478,2.01,1.0,<Residue LYS het=  resseq=512 icode= >,1skn_P_A,2.5
466,0.0,VAL, ,N,32.84,5.63,0.0,3.34,1.0,<Residue VAL het=  resseq=513 icode= >,1skn_P_A,2.5
467,0.0,VAL, ,CA,23.61,6.02,0.0,4.81,1.0,<Residue VAL het=  resseq=513 icode= >,1skn_P_A,2.5
468,0.0,VAL, ,C,43.93,6.81,0.0,2.90,1.0,<Residue VAL het=  resseq=513 icode= >,1skn_P_A,2.5
469,0.0,VAL, ,O,47.47,6.59,0.0,2.75,1.0,<Residue VAL het=  resseq=513 icode= >,1skn_P_A,2.5
470,1.035,VAL, ,CB,31.86,6.62,0.0,3.51,1.0,<Residue VAL het=  resseq=513 icode= >,1skn_P_A,2.5
471,40.967,VAL, ,CG1,34.28,6.38,0.0,1.36,1.0,<Residue VAL het=  resseq=513 icode= >,1skn_P_A,2.5
472,26.542,VAL, ,CG2,39.14,6.67,0.0,0.89,1.0,<Residue VAL het=  resseq=513 icode= >,1skn_P_A,2.5
473,0.0,ALA, ,N,45.72,6.19,0.0,1.91,1.0,<Residue ALA het=  resseq=514 icode= >,1skn_P_A,2.5
474,2.701,ALA, ,CA,45.45,5.15,0.671,2.04,1.0,<Residue ALA het=  resseq=514 icode= >,1skn_P_A,2.5
475,1.874,ALA, ,C,50.56,4.61,1.786,2.55,1.0,<Residue ALA het=  resseq=514 icode= >,1skn_P_A,2.5
476,0.649,ALA, ,O,53.76,4.88,0.171,1.83,1.0,<Residue ALA het=  resseq=514 icode= >,1skn_P_A,2.5
477,40.454,ALA, ,CB,44.44,4.55,34.697,1.22,1.0,<Residue ALA het=  resseq=514 icode= >,1skn_P_A,2.5
478,0.468,ALA, ,N,43.88,4.40,0.468,1.90,1.0,<Residue ALA het=  resseq=515 icode= >,1skn_P_A,2.5
479,9.143,ALA, ,CA,42.88,4.51,6.811,2.97,1.0,<Residue ALA het=  resseq=515 icode= >,1skn_P_A,2.5
480,0.0,ALA, ,C,49.03,5.58,0.0,3.65,1.0,<Residue ALA het=  resseq=515 icode= >,1skn_P_A,2.5
481,0.143,ALA, ,O,48.68,5.66,0.0,2.84,1.0,<Residue ALA het=  resseq=515 icode= >,1skn_P_A,2.5
482,24.412,ALA, ,CB,44.23,3.33,21.905,1.66,1.0,<Residue ALA het=  resseq=515 icode= >,1skn_P_A,2.5
483,0.092,ARG, ,N,54.23,6.06,0.0,1.83,1.0,<Residue ARG het=  resseq=516 icode= >,1skn_P_A,2.5
484,2.809,ARG, ,CA,54.86,6.23,0.0,2.93,1.0,<Residue ARG het=  resseq=516 icode= >,1skn_P_A,2.5
485,1.264,ARG, ,C,63.98,7.54,0.0,2.89,1.0,<Residue ARG het=  resseq=516 icode= >,1skn_P_A,2.5
486,0.0,ARG, ,O,67.32,7.50,0.0,1.66,1.0,<Residue ARG het=  resseq=516 icode= >,1skn_P_A,2.5
487,4.999,ARG, ,CB,50.55,5.84,0.0,2.05,1.0,<Residue ARG het=  resseq=516 icode= >,1skn_P_A,2.5
488,33.289,ARG, ,CG,51.63,4.89,3.979,1.93,1.0,<Residue ARG het=  resseq=516 icode= >,1skn_P_A,2.5
489,18.276,ARG, ,CD,76.78,3.52,13.577,1.15,1.0,<Residue ARG het=  resseq=516 icode= >,1skn_P_A,2.5
490,14.069,ARG, ,NE,70.2,3.78,0.0,1.69,1.0,<Residue ARG het=  resseq=516 icode= >,1skn_P_A,2.5
491,4.339,ARG, ,CZ,83.12,3.30,1.242,2.17,1.0,<Residue ARG het=  resseq=516 icode= >,1skn_P_A,2.5
492,14.835,ARG, ,NH1,64.9,2.34,14.835,1.21,1.0,<Residue ARG het=  resseq=516 icode= >,1skn_P_A,2.5
493,42.566,ARG, ,NH2,36.25,4.28,0.687,2.75,1.0,<Residue ARG het=  resseq=516 icode= >,1skn_P_A,2.5
494,0.959,THR, ,N,62.02,7.15,0.0,2.04,1.0,<Residue THR het=  resseq=517 icode= >,1skn_P_A,2.5
495,4.696,THR, ,CA,61.42,6.62,0.0,1.75,1.0,<Residue THR het=  resseq=517 icode= >,1skn_P_A,2.5
496,0.0,THR, ,C,54.51,5.89,0.0,2.82,1.0,<Residue THR het=  resseq=517 icode= >,1skn_P_A,2.5
497,0.0,THR, ,O,47.76,6.12,0.0,1.85,1.0,<Residue THR het=  resseq=517 icode= >,1skn_P_A,2.5
498,11.812,THR, ,CB,62.75,5.36,0.0,2.31,1.0,<Residue THR het=  resseq=517 icode= >,1skn_P_A,2.5
499,7.007,THR, ,OG1,73.32,4.15,6.359,1.66,1.0,<Residue THR het=  resseq=517 icode= >,1skn_P_A,2.5
500,36.151,THR, ,CG2,61.71,5.77,0.0,1.48,1.0,<Residue THR het=  resseq=517 icode= >,1skn_P_A,2.5
501,0.0,CYS, ,N,42.19,4.99,0.0,2.28,1.0,<Residue CYS het=  resseq=518 icode= >,1skn_P_A,2.5
502,0.132,CYS, ,CA,51.21,4.14,0.132,1.53,1.0,<Residue CYS het=  resseq=518 icode= >,1skn_P_A,2.5
503,0.0,CYS, ,C,62.87,4.89,0.0,2.01,1.0,<Residue CYS het=  resseq=518 icode= >,1skn_P_A,2.5
504,1.59,CYS, ,O,59.14,4.75,0.491,1.45,1.0,<Residue CYS het=  resseq=518 icode= >,1skn_P_A,2.5
505,3.165,CYS, ,CB,57.75,4.54,2.514,1.33,1.0,<Residue CYS het=  resseq=518 icode= >,1skn_P_A,2.5
506,49.276,CYS, ,SG,66.36,3.10,44.004,2.73,1.0,<Residue CYS het=  resseq=518 icode= >,1skn_P_A,2.5
507,0.0,ARG, ,N,63.1,6.10,0.0,1.08,1.0,<Residue ARG het=  resseq=519 icode= >,1skn_P_A,2.5
508,0.0,ARG, ,CA,58.73,7.20,0.0,2.63,1.0,<Residue ARG het=  resseq=519 icode= >,1skn_P_A,2.5
509,0.515,ARG, ,C,64.34,7.73,0.0,2.40,1.0,<Residue ARG het=  resseq=519 icode= >,1skn_P_A,2.5
510,0.0,ARG, ,O,63.9,8.22,0.0,1.62,1.0,<Residue ARG het=  resseq=519 icode= >,1skn_P_A,2.5
511,12.053,ARG, ,CB,42.36,5.79,0.0,2.13,1.0,<Residue ARG het=  resseq=519 icode= >,1skn_P_A,2.5
512,6.781,ARG, ,CG,38.07,5.10,0.0,2.06,1.0,<Residue ARG het=  resseq=519 icode= >,1skn_P_A,2.5
513,17.492,ARG, ,CD,49.08,3.88,11.116,2.24,1.0,<Residue ARG het=  resseq=519 icode= >,1skn_P_A,2.5
514,13.654,ARG, ,NE,66.75,3.73,4.056,1.67,1.0,<Residue ARG het=  resseq=519 icode= >,1skn_P_A,2.5
515,5.292,ARG, ,CZ,84.01,3.55,4.456,1.54,1.0,<Residue ARG het=  resseq=519 icode= >,1skn_P_A,2.5
516,28.666,ARG, ,NH1,41.98,3.19,26.036,1.58,1.0,<Residue ARG het=  resseq=519 icode= >,1skn_P_A,2.5
517,57.765,ARG, ,NH2,32.77,2.26,54.593,2.26,1.0,<Residue ARG het=  resseq=519 icode= >,1skn_P_A,2.5
518,1.338,GLN, ,N,63.65,7.81,0.0,1.97,1.0,<Residue GLN het=  resseq=520 icode= >,1skn_P_A,2.5
519,3.445,GLN, ,CA,65.06,8.37,0.0,2.45,1.0,<Residue GLN het=  resseq=520 icode= >,1skn_P_A,2.5
520,0.0,GLN, ,C,73.2,7.83,0.0,1.31,1.0,<Residue GLN het=  resseq=520 icode= >,1skn_P_A,2.5
521,0.0,GLN, ,O,73.89,8.59,0.0,1.20,1.0,<Residue GLN het=  resseq=520 icode= >,1skn_P_A,2.5
522,16.827,GLN, ,CB,67.72,8.34,0.0,1.75,1.0,<Residue GLN het=  resseq=520 icode= >,1skn_P_A,2.5
523,18.308,GLN, ,CG,99.79,9.25,0.0,1.00,1.0,<Residue GLN het=  resseq=520 icode= >,1skn_P_A,2.5
524,4.124,GLN, ,CD,100.0,8.82,0.0,0.74,1.0,<Residue GLN het=  resseq=520 icode= >,1skn_P_A,2.5
525,14.198,GLN, ,OE1,100.0,8.43,0.0,0.33,1.0,<Residue GLN het=  resseq=520 icode= >,1skn_P_A,2.5
526,49.067,GLN, ,NE2,100.0,9.29,0.0,0.92,1.0,<Residue GLN het=  resseq=520 icode= >,1skn_P_A,2.5
527,0.0,ARG, ,N,63.16,6.58,0.0,1.38,1.0,<Residue ARG het=  resseq=521 icode= >,1skn_P_A,2.5
528,2.767,ARG, ,CA,59.29,6.13,0.0,1.89,1.0,<Residue ARG het=  resseq=521 icode= >,1skn_P_A,2.5
529,0.0,ARG, ,C,57.74,6.37,0.0,2.78,1.0,<Residue ARG het=  resseq=521 icode= >,1skn_P_A,2.5
530,0.0,ARG, ,O,47.37,7.07,0.0,2.25,1.0,<Residue ARG het=  resseq=521 icode= >,1skn_P_A,2.5
531,2.751,ARG, ,CB,60.4,4.84,0.483,1.41,1.0,<Residue ARG het=  resseq=521 icode= >,1skn_P_A,2.5
532,14.175,ARG, ,CG,100.0,4.73,0.0,0.05,1.0,<Residue ARG het=  resseq=521 icode= >,1skn_P_A,2.5
533,37.302,ARG, ,CD,100.0,3.92,0.455,0.50,1.0,<Residue ARG het=  resseq=521 icode= >,1skn_P_A,2.5
534,18.716,ARG, ,NE,72.74,2.58,13.506,1.57,1.0,<Residue ARG het=  resseq=521 icode= >,1skn_P_A,2.5
535,4.259,ARG, ,CZ,77.35,2.79,4.259,2.53,1.0,<Residue ARG het=  resseq=521 icode= >,1skn_P_A,2.5
536,4.218,ARG, ,NH1,62.11,4.08,1.584,1.54,1.0,<Residue ARG het=  resseq=521 icode= >,1skn_P_A,2.5
537,30.955,ARG, ,NH2,63.51,2.29,30.089,1.37,1.0,<Residue ARG het=  resseq=521 icode= >,1skn_P_A,2.5
538,0.0,ARG, ,N,54.83,6.11,0.0,1.67,1.0,<Residue ARG het=  resseq=522 icode= >,1skn_P_A,2.5
539,0.968,ARG, ,CA,54.49,6.72,0.0,2.38,1.0,<Residue ARG het=  resseq=522 icode= >,1skn_P_A,2.5
540,0.108,ARG, ,C,71.97,7.79,0.0,1.77,1.0,<Residue ARG het=  resseq=522 icode= >,1skn_P_A,2.5
541,2.476,ARG, ,O,80.02,8.08,0.0,0.85,1.0,<Residue ARG het=  resseq=522 icode= >,1skn_P_A,2.5
542,3.637,ARG, ,CB,47.38,5.94,0.0,1.75,1.0,<Residue ARG het=  resseq=522 icode= >,1skn_P_A,2.5
543,25.709,ARG, ,CG,37.21,5.40,1.795,2.76,1.0,<Residue ARG het=  resseq=522 icode= >,1skn_P_A,2.5
544,16.995,ARG, ,CD,100.0,5.28,0.0,0.52,1.0,<Residue ARG het=  resseq=522 icode= >,1skn_P_A,2.5
545,16.578,ARG, ,NE,100.0,4.29,1.281,0.81,1.0,<Residue ARG het=  resseq=522 icode= >,1skn_P_A,2.5
546,8.705,ARG, ,CZ,100.0,3.77,4.112,1.31,1.0,<Residue ARG het=  resseq=522 icode= >,1skn_P_A,2.5
547,20.355,ARG, ,NH1,94.36,4.15,14.582,0.95,1.0,<Residue ARG het=  resseq=522 icode= >,1skn_P_A,2.5
548,58.862,ARG, ,NH2,100.0,3.46,33.904,0.57,1.0,<Residue ARG het=  resseq=522 icode= >,1skn_P_A,2.5
549,0.0,THR, ,N,71.09,8.60,0.0,1.76,1.0,<Residue THR het=  resseq=523 icode= >,1skn_P_A,2.5
550,5.416,THR, ,CA,74.99,9.60,0.0,2.14,1.0,<Residue THR het=  resseq=523 icode= >,1skn_P_A,2.5
551,0.0,THR, ,C,92.76,10.38,0.0,1.10,1.0,<Residue THR het=  resseq=523 icode= >,1skn_P_A,2.5
552,0.0,THR, ,O,99.93,10.26,0.0,0.42,1.0,<Residue THR het=  resseq=523 icode= >,1skn_P_A,2.5
553,2.606,THR, ,CB,90.07,8.30,0.0,1.82,1.0,<Residue THR het=  resseq=523 icode= >,1skn_P_A,2.5
554,18.179,THR, ,OG1,83.34,7.68,0.0,1.67,1.0,<Residue THR het=  resseq=523 icode= >,1skn_P_A,2.5
555,41.582,THR, ,CG2,100.0,7.61,0.0,0.26,1.0,<Residue THR het=  resseq=523 icode= >,1skn_P_A,2.5
556,0.0,ASP, ,N,86.49,9.95,0.0,1.12,1.0,<Residue ASP het=  resseq=524 icode= >,1skn_P_A,2.5
557,0.0,ASP, ,CA,85.06,10.66,0.0,2.15,1.0,<Residue ASP het=  resseq=524 icode= >,1skn_P_A,2.5
558,2.363,ASP, ,C,98.74,10.87,0.0,1.87,1.0,<Residue ASP het=  resseq=524 icode= >,1skn_P_A,2.5
559,1.992,ASP, ,O,99.4,12.01,0.0,1.20,1.0,<Residue ASP het=  resseq=524 icode= >,1skn_P_A,2.5
560,9.152,ASP, ,CB,85.55,10.18,0.0,1.56,1.0,<Residue ASP het=  resseq=524 icode= >,1skn_P_A,2.5
561,7.842,ASP, ,CG,100.0,11.35,0.0,1.23,1.0,<Residue ASP het=  resseq=524 icode= >,1skn_P_A,2.5
562,20.932,ASP, ,OD1,100.0,11.84,0.0,0.61,1.0,<Residue ASP het=  resseq=524 icode= >,1skn_P_A,2.5
563,24.743,ASP, ,OD2,100.0,11.31,0.0,1.21,1.0,<Residue ASP het=  resseq=524 icode= >,1skn_P_A,2.5
564,0.137,ARG, ,N,100.0,9.80,0.0,0.79,1.0,<Residue ARG het=  resseq=525 icode= >,1skn_P_A,2.5
565,5.203,ARG, ,CA,100.0,9.97,0.0,0.74,1.0,<Residue ARG het=  resseq=525 icode= >,1skn_P_A,2.5
566,0.394,ARG, ,C,100.0,10.92,0.0,1.49,1.0,<Residue ARG het=  resseq=525 icode= >,1skn_P_A,2.5
567,5.747,ARG, ,O,100.0,11.65,0.0,0.34,1.0,<Residue ARG het=  resseq=525 icode= >,1skn_P_A,2.5
568,4.475,ARG, ,CB,100.0,8.69,0.0,-0.05,1.0,<Residue ARG het=  resseq=525 icode= >,1skn_P_A,2.5
569,18.261,ARG, ,CG,100.0,7.87,0.0,0.71,1.0,<Residue ARG het=  resseq=525 icode= >,1skn_P_A,2.5
570,32.43,ARG, ,CD,100.0,6.83,0.0,0.90,1.0,<Residue ARG het=  resseq=525 icode= >,1skn_P_A,2.5
571,11.392,ARG, ,NE,100.0,6.85,0.0,1.03,1.0,<Residue ARG het=  resseq=525 icode= >,1skn_P_A,2.5
572,4.243,ARG, ,CZ,100.0,6.17,0.0,1.25,1.0,<Residue ARG het=  resseq=525 icode= >,1skn_P_A,2.5
573,29.153,ARG, ,NH1,77.79,5.11,7.832,1.64,1.0,<Residue ARG het=  resseq=525 icode= >,1skn_P_A,2.5
574,46.518,ARG, ,NH2,100.0,6.84,0.0,0.98,1.0,<Residue ARG het=  resseq=525 icode= >,1skn_P_A,2.5
575,0.0,HIS, ,N,97.19,10.47,0.0,1.03,1.0,<Residue HIS het=  resseq=526 icode= >,1skn_P_A,2.5
576,0.0,HIS, ,CA,96.21,10.93,0.0,1.79,1.0,<Residue HIS het=  resseq=526 icode= >,1skn_P_A,2.5
577,0.794,HIS, ,C,95.95,12.05,0.0,1.55,1.0,<Residue HIS het=  resseq=526 icode= >,1skn_P_A,2.5
578,2.101,HIS, ,O,98.54,13.16,0.0,1.07,1.0,<Residue HIS het=  resseq=526 icode= >,1skn_P_A,2.5
579,18.447,HIS, ,CB,97.68,10.09,0.0,0.49,1.0,<Residue HIS het=  resseq=526 icode= >,1skn_P_A,2.5
580,3.121,HIS, ,CG,100.0,10.70,0.0,0.55,1.0,<Residue HIS het=  resseq=526 icode= >,1skn_P_A,2.5
581,9.818,HIS, ,ND1,100.0,11.47,0.0,0.21,1.0,<Residue HIS het=  resseq=526 icode= >,1skn_P_A,2.5
582,38.61,HIS, ,CD2,100.0,10.88,0.0,-0.17,1.0,<Residue HIS het=  resseq=526 icode= >,1skn_P_A,2.5
583,43.318,HIS, ,CE1,100.0,12.03,0.0,0.58,1.0,<Residue HIS het=  resseq=526 icode= >,1skn_P_A,2.5
584,31.645,HIS, ,NE2,100.0,11.72,0.0,0.31,1.0,<Residue HIS het=  resseq=526 icode= >,1skn_P_A,2.5
585,4.294,ASP, ,N,88.79,11.89,0.0,1.61,1.0,<Residue ASP het=  resseq=527 icode= >,1skn_P_A,2.5
586,15.911,ASP, ,CA,91.63,11.52,0.0,1.18,1.0,<Residue ASP het=  resseq=527 icode= >,1skn_P_A,2.5
587,0.227,ASP, ,C,100.0,12.64,0.0,1.05,1.0,<Residue ASP het=  resseq=527 icode= >,1skn_P_A,2.5
588,30.829,ASP, ,O,100.0,13.16,0.0,0.44,1.0,<Residue ASP het=  resseq=527 icode= >,1skn_P_A,2.5
589,15.617,ASP, ,CB,94.74,10.21,0.0,0.92,1.0,<Residue ASP het=  resseq=527 icode= >,1skn_P_A,2.5
590,1.289,ASP, ,CG,100.0,10.33,0.0,1.77,1.0,<Residue ASP het=  resseq=527 icode= >,1skn_P_A,2.5
591,9.153,ASP, ,OD1,100.0,10.96,0.0,0.45,1.0,<Residue ASP het=  resseq=527 icode= >,1skn_P_A,2.5
592,39.245,ASP, ,OD2,100.0,9.61,0.0,0.92,1.0,<Residue ASP het=  resseq=527 icode= >,1skn_P_A,2.5
593,0.0,LYS, ,N,94.44,13.18,0.0,1.09,1.0,<Residue LYS het=  resseq=528 icode= >,1skn_P_A,2.5
594,0.999,LYS, ,CA,94.75,14.36,0.0,1.08,1.0,<Residue LYS het=  resseq=528 icode= >,1skn_P_A,2.5
595,0.0,LYS, ,C,98.89,15.68,0.0,1.36,1.0,<Residue LYS het=  resseq=528 icode= >,1skn_P_A,2.5
596,18.674,LYS, ,O,100.0,16.16,0.0,0.35,1.0,<Residue LYS het=  resseq=528 icode= >,1skn_P_A,2.5
597,14.713,LYS, ,CB,100.0,14.52,0.0,0.48,1.0,<Residue LYS het=  resseq=528 icode= >,1skn_P_A,2.5
598,27.655,LYS, ,CG,100.0,15.21,0.0,0.23,1.0,<Residue LYS het=  resseq=528 icode= >,1skn_P_A,2.5
599,25.252,LYS, ,CD,100.0,16.52,0.0,0.31,1.0,<Residue LYS het=  resseq=528 icode= >,1skn_P_A,2.5
600,33.707,LYS, ,CE,100.0,17.73,0.0,0.14,1.0,<Residue LYS het=  resseq=528 icode= >,1skn_P_A,2.5
601,48.796,LYS, ,NZ,100.0,18.10,0.0,0.59,1.0,<Residue LYS het=  resseq=528 icode= >,1skn_P_A,2.5
602,0.04,MET, ,N,91.94,15.12,0.0,0.90,1.0,<Residue MET het=  resseq=529 icode= >,1skn_P_A,2.5
603,3.686,MET, ,CA,86.59,15.07,0.0,1.89,1.0,<Residue MET het=  resseq=529 icode= >,1skn_P_A,2.5
604,9.95,MET, ,C,100.0,14.18,0.0,0.39,1.0,<Residue MET het=  resseq=529 icode= >,1skn_P_A,2.5
605,21.261,MET, ,O,100.0,14.66,0.0,0.27,1.0,<Residue MET het=  resseq=529 icode= >,1skn_P_A,2.5
606,17.664,MET, ,CB,90.54,14.65,0.0,1.35,1.0,<Residue MET het=  resseq=529 icode= >,1skn_P_A,2.5
607,26.455,MET, ,CG,97.95,14.94,0.0,0.42,1.0,<Residue MET het=  resseq=529 icode= >,1skn_P_A,2.5
608,45.226,MET, ,SD,100.0,16.14,0.0,0.85,1.0,<Residue MET het=  resseq=529 icode= >,1skn_P_A,2.5
609,66.288,MET, ,CE,98.5,17.69,0.0,0.32,1.0,<Residue MET het=  resseq=529 icode= >,1skn_P_A,2.5
