,ASA,aa,altloc,atom,bfac,d2r,dASA,dens,occ,residue,id,resolu
0,38.155,THR, ,N,100.02,10.58,0.0,0.86,1.0,<Residue THR het=  resseq=3 icode= >,1t2k_A_A,3.0
1,7.419,THR, ,CA,100.39,10.69,0.0,1.05,1.0,<Residue THR het=  resseq=3 icode= >,1t2k_A_A,3.0
2,2.665,THR, ,C,98.68,9.44,0.0,1.75,1.0,<Residue THR het=  resseq=3 icode= >,1t2k_A_A,3.0
3,20.019,THR, ,O,99.54,8.92,0.0,1.22,1.0,<Residue THR het=  resseq=3 icode= >,1t2k_A_A,3.0
4,15.067,THR, ,CB,99.99,11.29,0.0,1.02,1.0,<Residue THR het=  resseq=3 icode= >,1t2k_A_A,3.0
5,30.317,THR, ,OG1,98.19,10.61,0.0,1.03,1.0,<Residue THR het=  resseq=3 icode= >,1t2k_A_A,3.0
6,68.361,THR, ,CG2,99.6,12.73,0.0,0.20,1.0,<Residue THR het=  resseq=3 icode= >,1t2k_A_A,3.0
7,0.108,PRO, ,N,95.35,9.15,0.0,2.43,1.0,<Residue PRO het=  resseq=4 icode= >,1t2k_A_A,3.0
8,11.816,PRO, ,CA,89.83,8.15,0.0,2.62,1.0,<Residue PRO het=  resseq=4 icode= >,1t2k_A_A,3.0
9,0.077,PRO, ,C,83.67,8.81,0.0,2.93,1.0,<Residue PRO het=  resseq=4 icode= >,1t2k_A_A,3.0
10,11.071,PRO, ,O,80.36,9.62,0.0,2.34,1.0,<Residue PRO het=  resseq=4 icode= >,1t2k_A_A,3.0
11,33.404,PRO, ,CB,91.35,8.35,0.0,1.53,1.0,<Residue PRO het=  resseq=4 icode= >,1t2k_A_A,3.0
12,44.134,PRO, ,CG,95.02,9.03,0.0,0.23,1.0,<Residue PRO het=  resseq=4 icode= >,1t2k_A_A,3.0
13,25.238,PRO, ,CD,95.27,9.93,0.0,1.05,1.0,<Residue PRO het=  resseq=4 icode= >,1t2k_A_A,3.0
14,9.074,LYS, ,N,76.98,8.18,0.0,2.40,1.0,<Residue LYS het=  resseq=5 icode= >,1t2k_A_A,3.0
15,4.36,LYS, ,CA,70.83,7.61,0.0,2.89,1.0,<Residue LYS het=  resseq=5 icode= >,1t2k_A_A,3.0
16,0.294,LYS, ,C,65.87,6.60,0.0,3.96,1.0,<Residue LYS het=  resseq=5 icode= >,1t2k_A_A,3.0
17,5.413,LYS, ,O,64.39,6.25,0.0,2.10,1.0,<Residue LYS het=  resseq=5 icode= >,1t2k_A_A,3.0
18,18.113,LYS, ,CB,71.6,7.20,0.0,1.38,1.0,<Residue LYS het=  resseq=5 icode= >,1t2k_A_A,3.0
19,2.328,LYS, ,CG,68.54,5.85,0.0,1.03,1.0,<Residue LYS het=  resseq=5 icode= >,1t2k_A_A,3.0
20,21.985,LYS, ,CD,69.28,5.11,0.0,0.60,1.0,<Residue LYS het=  resseq=5 icode= >,1t2k_A_A,3.0
21,15.254,LYS, ,CE,70.19,3.59,6.893,0.71,1.0,<Residue LYS het=  resseq=5 icode= >,1t2k_A_A,3.0
22,48.907,LYS, ,NZ,68.34,3.34,19.44,0.66,1.0,<Residue LYS het=  resseq=5 icode= >,1t2k_A_A,3.0
23,0.0,PRO, ,N,60.69,6.47,0.0,4.30,1.0,<Residue PRO het=  resseq=6 icode= >,1t2k_A_A,3.0
24,11.446,PRO, ,CA,60.4,5.91,0.0,3.99,1.0,<Residue PRO het=  resseq=6 icode= >,1t2k_A_A,3.0
25,0.0,PRO, ,C,60.53,4.42,0.0,2.94,1.0,<Residue PRO het=  resseq=6 icode= >,1t2k_A_A,3.0
26,1.115,PRO, ,O,63.41,3.83,0.602,1.19,1.0,<Residue PRO het=  resseq=6 icode= >,1t2k_A_A,3.0
27,9.13,PRO, ,CB,59.47,6.60,0.0,2.10,1.0,<Residue PRO het=  resseq=6 icode= >,1t2k_A_A,3.0
28,20.171,PRO, ,CG,62.62,7.65,0.0,2.03,1.0,<Residue PRO het=  resseq=6 icode= >,1t2k_A_A,3.0
29,2.826,PRO, ,CD,60.96,7.15,0.0,2.30,1.0,<Residue PRO het=  resseq=6 icode= >,1t2k_A_A,3.0
30,5.216,ARG, ,N,56.95,4.13,0.0,2.52,1.0,<Residue ARG het=  resseq=7 icode= >,1t2k_A_A,3.0
31,3.188,ARG, ,CA,53.94,2.89,3.188,3.67,1.0,<Residue ARG het=  resseq=7 icode= >,1t2k_A_A,3.0
32,0.0,ARG, ,C,53.19,3.09,0.0,4.39,1.0,<Residue ARG het=  resseq=7 icode= >,1t2k_A_A,3.0
33,0.161,ARG, ,O,53.41,4.31,0.0,2.84,1.0,<Residue ARG het=  resseq=7 icode= >,1t2k_A_A,3.0
34,10.423,ARG, ,CB,58.96,3.52,3.782,1.18,1.0,<Residue ARG het=  resseq=7 icode= >,1t2k_A_A,3.0
35,30.848,ARG, ,CG,61.99,3.80,16.269,1.46,1.0,<Residue ARG het=  resseq=7 icode= >,1t2k_A_A,3.0
36,21.067,ARG, ,CD,67.2,4.69,0.0,0.53,1.0,<Residue ARG het=  resseq=7 icode= >,1t2k_A_A,3.0
37,2.414,ARG, ,NE,72.16,4.52,1.416,0.97,1.0,<Residue ARG het=  resseq=7 icode= >,1t2k_A_A,3.0
38,7.425,ARG, ,CZ,72.12,3.67,3.222,1.84,1.0,<Residue ARG het=  resseq=7 icode= >,1t2k_A_A,3.0
39,47.266,ARG, ,NH1,71.44,3.23,22.168,0.69,1.0,<Residue ARG het=  resseq=7 icode= >,1t2k_A_A,3.0
40,42.569,ARG, ,NH2,68.6,3.78,12.829,1.42,1.0,<Residue ARG het=  resseq=7 icode= >,1t2k_A_A,3.0
41,3.703,ILE, ,N,51.53,2.43,3.703,3.08,1.0,<Residue ILE het=  resseq=8 icode= >,1t2k_A_A,3.0
42,0.0,ILE, ,CA,48.86,3.57,0.0,3.41,1.0,<Residue ILE het=  resseq=8 icode= >,1t2k_A_A,3.0
43,0.0,ILE, ,C,48.17,4.76,0.0,4.85,1.0,<Residue ILE het=  resseq=8 icode= >,1t2k_A_A,3.0
44,0.0,ILE, ,O,45.72,5.86,0.0,2.91,1.0,<Residue ILE het=  resseq=8 icode= >,1t2k_A_A,3.0
45,2.356,ILE, ,CB,46.55,3.60,2.356,2.49,1.0,<Residue ILE het=  resseq=8 icode= >,1t2k_A_A,3.0
46,0.0,ILE, ,CG1,42.47,4.91,0.0,1.20,1.0,<Residue ILE het=  resseq=8 icode= >,1t2k_A_A,3.0
47,5.097,ILE, ,CG2,42.09,3.39,5.097,0.62,1.0,<Residue ILE het=  resseq=8 icode= >,1t2k_A_A,3.0
48,0.0,ILE, ,CD1,39.84,5.57,0.0,0.05,1.0,<Residue ILE het=  resseq=8 icode= >,1t2k_A_A,3.0
49,0.428,LEU, ,N,50.99,4.85,0.337,3.60,1.0,<Residue LEU het=  resseq=9 icode= >,1t2k_A_A,3.0
50,0.0,LEU, ,CA,48.51,6.10,0.0,4.50,1.0,<Residue LEU het=  resseq=9 icode= >,1t2k_A_A,3.0
51,0.173,LEU, ,C,46.72,7.08,0.0,4.98,1.0,<Residue LEU het=  resseq=9 icode= >,1t2k_A_A,3.0
52,0.0,LEU, ,O,45.41,8.19,0.0,2.62,1.0,<Residue LEU het=  resseq=9 icode= >,1t2k_A_A,3.0
53,12.998,LEU, ,CB,48.31,5.84,0.05,2.12,1.0,<Residue LEU het=  resseq=9 icode= >,1t2k_A_A,3.0
54,0.0,LEU, ,CG,46.82,5.66,0.0,2.36,1.0,<Residue LEU het=  resseq=9 icode= >,1t2k_A_A,3.0
55,27.046,LEU, ,CD1,44.86,5.58,0.0,0.39,1.0,<Residue LEU het=  resseq=9 icode= >,1t2k_A_A,3.0
56,0.0,LEU, ,CD2,40.42,7.05,0.0,0.64,1.0,<Residue LEU het=  resseq=9 icode= >,1t2k_A_A,3.0
57,0.003,PRO, ,N,46.41,6.77,0.0,5.23,1.0,<Residue PRO het=  resseq=10 icode= >,1t2k_A_A,3.0
58,7.752,PRO, ,CA,46.36,7.90,0.0,4.70,1.0,<Residue PRO het=  resseq=10 icode= >,1t2k_A_A,3.0
59,1.903,PRO, ,C,49.79,8.28,0.0,5.08,1.0,<Residue PRO het=  resseq=10 icode= >,1t2k_A_A,3.0
60,3.033,PRO, ,O,53.28,9.47,0.0,2.30,1.0,<Residue PRO het=  resseq=10 icode= >,1t2k_A_A,3.0
61,33.91,PRO, ,CB,43.42,7.65,0.0,2.18,1.0,<Residue PRO het=  resseq=10 icode= >,1t2k_A_A,3.0
62,31.806,PRO, ,CG,44.02,6.68,0.0,1.81,1.0,<Residue PRO het=  resseq=10 icode= >,1t2k_A_A,3.0
63,2.625,PRO, ,CD,44.8,5.72,0.0,2.78,1.0,<Residue PRO het=  resseq=10 icode= >,1t2k_A_A,3.0
64,0.507,TRP, ,N,48.31,7.41,0.0,4.68,1.0,<Residue TRP het=  resseq=11 icode= >,1t2k_A_A,3.0
65,6.127,TRP, ,CA,49.05,8.04,0.0,4.23,1.0,<Residue TRP het=  resseq=11 icode= >,1t2k_A_A,3.0
66,0.0,TRP, ,C,50.25,8.83,0.0,5.18,1.0,<Residue TRP het=  resseq=11 icode= >,1t2k_A_A,3.0
67,0.0,TRP, ,O,53.23,10.01,0.0,2.83,1.0,<Residue TRP het=  resseq=11 icode= >,1t2k_A_A,3.0
68,1.442,TRP, ,CB,52.48,7.15,0.0,2.46,1.0,<Residue TRP het=  resseq=11 icode= >,1t2k_A_A,3.0
69,0.0,TRP, ,CG,54.12,8.05,0.0,2.79,1.0,<Residue TRP het=  resseq=11 icode= >,1t2k_A_A,3.0
70,13.434,TRP, ,CD1,58.04,8.89,0.0,2.01,1.0,<Residue TRP het=  resseq=11 icode= >,1t2k_A_A,3.0
71,0.0,TRP, ,CD2,54.56,8.51,0.0,3.69,1.0,<Residue TRP het=  resseq=11 icode= >,1t2k_A_A,3.0
72,9.548,TRP, ,NE1,58.48,9.75,0.0,2.37,1.0,<Residue TRP het=  resseq=11 icode= >,1t2k_A_A,3.0
73,0.0,TRP, ,CE2,57.83,9.56,0.0,3.69,1.0,<Residue TRP het=  resseq=11 icode= >,1t2k_A_A,3.0
74,0.0,TRP, ,CE3,57.87,8.37,0.0,1.49,1.0,<Residue TRP het=  resseq=11 icode= >,1t2k_A_A,3.0
75,1.15,TRP, ,CZ2,59.14,10.13,0.0,2.06,1.0,<Residue TRP het=  resseq=11 icode= >,1t2k_A_A,3.0
76,0.0,TRP, ,CZ3,59.95,9.20,0.0,1.60,1.0,<Residue TRP het=  resseq=11 icode= >,1t2k_A_A,3.0
77,0.0,TRP, ,CH2,59.85,9.67,0.0,1.86,1.0,<Residue TRP het=  resseq=11 icode= >,1t2k_A_A,3.0
78,0.0,LEU, ,N,51.37,8.36,0.0,4.02,1.0,<Residue LEU het=  resseq=12 icode= >,1t2k_A_A,3.0
79,0.0,LEU, ,CA,52.32,9.34,0.0,3.83,1.0,<Residue LEU het=  resseq=12 icode= >,1t2k_A_A,3.0
80,0.0,LEU, ,C,57.38,10.50,0.0,4.28,1.0,<Residue LEU het=  resseq=12 icode= >,1t2k_A_A,3.0
81,0.0,LEU, ,O,58.71,11.65,0.0,1.84,1.0,<Residue LEU het=  resseq=12 icode= >,1t2k_A_A,3.0
82,0.0,LEU, ,CB,46.98,8.92,0.0,2.35,1.0,<Residue LEU het=  resseq=12 icode= >,1t2k_A_A,3.0
83,0.0,LEU, ,CG,44.72,9.92,0.0,1.79,1.0,<Residue LEU het=  resseq=12 icode= >,1t2k_A_A,3.0
84,0.0,LEU, ,CD1,47.99,10.58,0.0,-0.21,1.0,<Residue LEU het=  resseq=12 icode= >,1t2k_A_A,3.0
85,0.0,LEU, ,CD2,39.83,11.08,0.0,0.31,1.0,<Residue LEU het=  resseq=12 icode= >,1t2k_A_A,3.0
86,0.0,VAL, ,N,58.41,10.34,0.0,3.41,1.0,<Residue VAL het=  resseq=13 icode= >,1t2k_A_A,3.0
87,0.0,VAL, ,CA,59.24,11.59,0.0,4.01,1.0,<Residue VAL het=  resseq=13 icode= >,1t2k_A_A,3.0
88,0.0,VAL, ,C,61.07,12.52,0.0,4.36,1.0,<Residue VAL het=  resseq=13 icode= >,1t2k_A_A,3.0
89,0.0,VAL, ,O,58.89,13.71,0.0,2.01,1.0,<Residue VAL het=  resseq=13 icode= >,1t2k_A_A,3.0
90,2.186,VAL, ,CB,58.63,11.47,0.0,3.03,1.0,<Residue VAL het=  resseq=13 icode= >,1t2k_A_A,3.0
91,18.298,VAL, ,CG1,58.02,12.89,0.0,0.46,1.0,<Residue VAL het=  resseq=13 icode= >,1t2k_A_A,3.0
92,14.049,VAL, ,CG2,58.87,10.79,0.0,1.16,1.0,<Residue VAL het=  resseq=13 icode= >,1t2k_A_A,3.0
93,0.376,SER, ,N,62.33,12.10,0.0,3.50,1.0,<Residue SER het=  resseq=14 icode= >,1t2k_A_A,3.0
94,2.157,SER, ,CA,63.36,13.15,0.0,3.69,1.0,<Residue SER het=  resseq=14 icode= >,1t2k_A_A,3.0
95,0.0,SER, ,C,64.42,13.83,0.0,4.57,1.0,<Residue SER het=  resseq=14 icode= >,1t2k_A_A,3.0
96,0.0,SER, ,O,66.24,15.05,0.0,2.23,1.0,<Residue SER het=  resseq=14 icode= >,1t2k_A_A,3.0
97,34.779,SER, ,CB,62.35,12.77,0.0,1.79,1.0,<Residue SER het=  resseq=14 icode= >,1t2k_A_A,3.0
98,7.282,SER, ,OG,68.81,11.81,0.0,0.49,1.0,<Residue SER het=  resseq=14 icode= >,1t2k_A_A,3.0
99,0.0,GLN, ,N,64.35,13.15,0.0,3.64,1.0,<Residue GLN het=  resseq=15 icode= >,1t2k_A_A,3.0
100,0.575,GLN, ,CA,64.17,13.97,0.0,4.06,1.0,<Residue GLN het=  resseq=15 icode= >,1t2k_A_A,3.0
101,0.0,GLN, ,C,62.61,14.97,0.0,4.76,1.0,<Residue GLN het=  resseq=15 icode= >,1t2k_A_A,3.0
102,0.412,GLN, ,O,61.57,16.12,0.0,2.71,1.0,<Residue GLN het=  resseq=15 icode= >,1t2k_A_A,3.0
103,0.0,GLN, ,CB,65.88,13.20,0.0,1.61,1.0,<Residue GLN het=  resseq=15 icode= >,1t2k_A_A,3.0
104,0.0,GLN, ,CG,71.7,12.23,0.0,1.25,1.0,<Residue GLN het=  resseq=15 icode= >,1t2k_A_A,3.0
105,0.272,GLN, ,CD,71.48,13.03,0.0,2.41,1.0,<Residue GLN het=  resseq=15 icode= >,1t2k_A_A,3.0
106,8.588,GLN, ,OE1,70.75,14.11,0.0,1.64,1.0,<Residue GLN het=  resseq=15 icode= >,1t2k_A_A,3.0
107,23.738,GLN, ,NE2,70.36,12.65,0.0,1.24,1.0,<Residue GLN het=  resseq=15 icode= >,1t2k_A_A,3.0
108,0.0,LEU, ,N,63.31,14.57,0.0,3.88,1.0,<Residue LEU het=  resseq=16 icode= >,1t2k_A_A,3.0
109,0.0,LEU, ,CA,63.93,15.63,0.0,3.97,1.0,<Residue LEU het=  resseq=16 icode= >,1t2k_A_A,3.0
110,0.0,LEU, ,C,65.85,16.67,0.0,4.13,1.0,<Residue LEU het=  resseq=16 icode= >,1t2k_A_A,3.0
111,2.953,LEU, ,O,68.9,17.80,0.0,2.16,1.0,<Residue LEU het=  resseq=16 icode= >,1t2k_A_A,3.0
112,0.0,LEU, ,CB,61.11,15.23,0.0,2.74,1.0,<Residue LEU het=  resseq=16 icode= >,1t2k_A_A,3.0
113,0.0,LEU, ,CG,57.32,14.56,0.0,2.89,1.0,<Residue LEU het=  resseq=16 icode= >,1t2k_A_A,3.0
114,0.0,LEU, ,CD1,55.66,14.16,0.0,0.65,1.0,<Residue LEU het=  resseq=16 icode= >,1t2k_A_A,3.0
115,0.0,LEU, ,CD2,57.71,15.59,0.0,0.56,1.0,<Residue LEU het=  resseq=16 icode= >,1t2k_A_A,3.0
116,0.0,ASP, ,N,65.83,16.42,0.0,3.69,1.0,<Residue ASP het=  resseq=17 icode= >,1t2k_A_A,3.0
117,4.504,ASP, ,CA,66.88,17.57,0.0,3.99,1.0,<Residue ASP het=  resseq=17 icode= >,1t2k_A_A,3.0
118,0.912,ASP, ,C,69.46,18.41,0.0,3.98,1.0,<Residue ASP het=  resseq=17 icode= >,1t2k_A_A,3.0
119,26.112,ASP, ,O,70.9,19.64,0.0,1.83,1.0,<Residue ASP het=  resseq=17 icode= >,1t2k_A_A,3.0
120,19.047,ASP, ,CB,65.68,17.21,0.0,2.05,1.0,<Residue ASP het=  resseq=17 icode= >,1t2k_A_A,3.0
121,6.172,ASP, ,CG,64.92,16.71,0.0,3.37,1.0,<Residue ASP het=  resseq=17 icode= >,1t2k_A_A,3.0
122,3.592,ASP, ,OD1,63.16,17.32,0.0,2.13,1.0,<Residue ASP het=  resseq=17 icode= >,1t2k_A_A,3.0
123,13.656,ASP, ,OD2,61.56,15.81,0.0,1.60,1.0,<Residue ASP het=  resseq=17 icode= >,1t2k_A_A,3.0
124,0.0,LEU, ,N,71.74,17.86,0.0,3.07,1.0,<Residue LEU het=  resseq=18 icode= >,1t2k_A_A,3.0
125,6.89,LEU, ,CA,72.44,18.77,0.0,3.40,1.0,<Residue LEU het=  resseq=18 icode= >,1t2k_A_A,3.0
126,0.209,LEU, ,C,73.54,19.44,0.0,3.69,1.0,<Residue LEU het=  resseq=18 icode= >,1t2k_A_A,3.0
127,18.251,LEU, ,O,73.67,20.55,0.0,2.17,1.0,<Residue LEU het=  resseq=18 icode= >,1t2k_A_A,3.0
128,7.749,LEU, ,CB,69.0,18.12,0.0,2.06,1.0,<Residue LEU het=  resseq=18 icode= >,1t2k_A_A,3.0
129,0.0,LEU, ,CG,70.83,17.16,0.0,1.26,1.0,<Residue LEU het=  resseq=18 icode= >,1t2k_A_A,3.0
130,50.123,LEU, ,CD1,71.15,16.95,0.0,0.11,1.0,<Residue LEU het=  resseq=18 icode= >,1t2k_A_A,3.0
131,45.538,LEU, ,CD2,68.97,17.83,0.0,0.30,1.0,<Residue LEU het=  resseq=18 icode= >,1t2k_A_A,3.0
132,0.0,GLY, ,N,75.02,18.82,0.0,2.69,1.0,<Residue GLY het=  resseq=19 icode= >,1t2k_A_A,3.0
133,12.104,GLY, ,CA,77.39,19.50,0.0,1.62,1.0,<Residue GLY het=  resseq=19 icode= >,1t2k_A_A,3.0
134,0.121,GLY, ,C,78.02,20.21,0.0,3.29,1.0,<Residue GLY het=  resseq=19 icode= >,1t2k_A_A,3.0
135,26.024,GLY, ,O,76.95,21.38,0.0,1.66,1.0,<Residue GLY het=  resseq=19 icode= >,1t2k_A_A,3.0
136,0.046,GLN, ,N,79.85,1000.00,0.0,2.94,1.0,<Residue GLN het=  resseq=20 icode= >,1t2k_A_A,3.0
137,0.138,GLN, ,CA,83.64,1000.00,0.0,2.88,1.0,<Residue GLN het=  resseq=20 icode= >,1t2k_A_A,3.0
138,0.109,GLN, ,C,82.23,1000.00,0.0,2.62,1.0,<Residue GLN het=  resseq=20 icode= >,1t2k_A_A,3.0
139,12.747,GLN, ,O,82.31,1000.00,0.0,1.41,1.0,<Residue GLN het=  resseq=20 icode= >,1t2k_A_A,3.0
140,11.842,GLN, ,CB,89.38,1000.00,0.0,0.97,1.0,<Residue GLN het=  resseq=20 icode= >,1t2k_A_A,3.0
141,34.858,GLN, ,CG,96.22,1000.00,0.0,0.29,1.0,<Residue GLN het=  resseq=20 icode= >,1t2k_A_A,3.0
142,6.681,GLN, ,CD,100.22,1000.00,0.0,0.46,1.0,<Residue GLN het=  resseq=20 icode= >,1t2k_A_A,3.0
143,37.588,GLN, ,OE1,99.97,1000.00,0.0,0.57,1.0,<Residue GLN het=  resseq=20 icode= >,1t2k_A_A,3.0
144,40.494,GLN, ,NE2,100.46,1000.00,0.0,0.45,1.0,<Residue GLN het=  resseq=20 icode= >,1t2k_A_A,3.0
145,0.195,LEU, ,N,79.17,1000.00,0.0,2.76,1.0,<Residue LEU het=  resseq=21 icode= >,1t2k_A_A,3.0
146,6.948,LEU, ,CA,75.13,1000.00,0.0,4.03,1.0,<Residue LEU het=  resseq=21 icode= >,1t2k_A_A,3.0
147,0.405,LEU, ,C,72.85,1000.00,0.0,4.46,1.0,<Residue LEU het=  resseq=21 icode= >,1t2k_A_A,3.0
148,2.452,LEU, ,O,70.08,1000.00,0.0,2.66,1.0,<Residue LEU het=  resseq=21 icode= >,1t2k_A_A,3.0
149,4.555,LEU, ,CB,73.73,1000.00,0.0,2.22,1.0,<Residue LEU het=  resseq=21 icode= >,1t2k_A_A,3.0
150,12.598,LEU, ,CG,76.14,1000.00,0.0,1.41,1.0,<Residue LEU het=  resseq=21 icode= >,1t2k_A_A,3.0
151,11.577,LEU, ,CD1,80.39,1000.00,0.0,-0.60,1.0,<Residue LEU het=  resseq=21 icode= >,1t2k_A_A,3.0
152,7.688,LEU, ,CD2,74.35,1000.00,0.0,0.00,1.0,<Residue LEU het=  resseq=21 icode= >,1t2k_A_A,3.0
153,6.469,GLU, ,N,73.82,17.25,0.0,3.39,1.0,<Residue GLU het=  resseq=22 icode= >,1t2k_A_A,3.0
154,5.473,GLU, ,CA,76.35,17.13,0.0,3.01,1.0,<Residue GLU het=  resseq=22 icode= >,1t2k_A_A,3.0
155,0.13,GLU, ,C,74.05,15.99,0.0,4.12,1.0,<Residue GLU het=  resseq=22 icode= >,1t2k_A_A,3.0
156,1.823,GLU, ,O,74.11,14.87,0.0,2.36,1.0,<Residue GLU het=  resseq=22 icode= >,1t2k_A_A,3.0
157,6.385,GLU, ,CB,82.59,17.20,0.0,0.88,1.0,<Residue GLU het=  resseq=22 icode= >,1t2k_A_A,3.0
158,27.612,GLU, ,CG,91.85,18.63,0.0,0.04,1.0,<Residue GLU het=  resseq=22 icode= >,1t2k_A_A,3.0
159,10.751,GLU, ,CD,95.31,18.86,0.0,0.81,1.0,<Residue GLU het=  resseq=22 icode= >,1t2k_A_A,3.0
160,33.912,GLU, ,OE1,96.87,18.49,0.0,0.40,1.0,<Residue GLU het=  resseq=22 icode= >,1t2k_A_A,3.0
161,42.165,GLU, ,OE2,96.68,19.54,0.0,0.34,1.0,<Residue GLU het=  resseq=22 icode= >,1t2k_A_A,3.0
162,12.96,GLY, ,N,71.51,16.37,0.0,2.81,1.0,<Residue GLY het=  resseq=23 icode= >,1t2k_A_A,3.0
163,18.517,GLY, ,CA,68.71,15.53,0.0,2.52,1.0,<Residue GLY het=  resseq=23 icode= >,1t2k_A_A,3.0
164,0.263,GLY, ,C,68.25,15.05,0.0,3.44,1.0,<Residue GLY het=  resseq=23 icode= >,1t2k_A_A,3.0
165,0.0,GLY, ,O,71.08,14.18,0.0,1.44,1.0,<Residue GLY het=  resseq=23 icode= >,1t2k_A_A,3.0
166,0.043,VAL, ,N,64.02,15.67,0.0,3.26,1.0,<Residue VAL het=  resseq=24 icode= >,1t2k_A_A,3.0
167,0.0,VAL, ,CA,60.75,15.42,0.0,4.20,1.0,<Residue VAL het=  resseq=24 icode= >,1t2k_A_A,3.0
168,0.0,VAL, ,C,61.18,16.60,0.0,4.70,1.0,<Residue VAL het=  resseq=24 icode= >,1t2k_A_A,3.0
169,1.645,VAL, ,O,64.57,17.69,0.0,2.59,1.0,<Residue VAL het=  resseq=24 icode= >,1t2k_A_A,3.0
170,0.224,VAL, ,CB,58.64,15.47,0.0,2.82,1.0,<Residue VAL het=  resseq=24 icode= >,1t2k_A_A,3.0
171,0.249,VAL, ,CG1,56.38,15.44,0.0,0.65,1.0,<Residue VAL het=  resseq=24 icode= >,1t2k_A_A,3.0
172,1.07,VAL, ,CG2,59.7,14.42,0.0,0.35,1.0,<Residue VAL het=  resseq=24 icode= >,1t2k_A_A,3.0
173,0.0,ALA, ,N,62.18,16.53,0.0,3.86,1.0,<Residue ALA het=  resseq=25 icode= >,1t2k_A_A,3.0
174,0.0,ALA, ,CA,66.13,17.78,0.0,3.38,1.0,<Residue ALA het=  resseq=25 icode= >,1t2k_A_A,3.0
175,0.0,ALA, ,C,68.13,17.67,0.0,4.21,1.0,<Residue ALA het=  resseq=25 icode= >,1t2k_A_A,3.0
176,0.0,ALA, ,O,69.38,16.71,0.0,2.69,1.0,<Residue ALA het=  resseq=25 icode= >,1t2k_A_A,3.0
177,39.737,ALA, ,CB,66.77,18.79,0.0,0.65,1.0,<Residue ALA het=  resseq=25 icode= >,1t2k_A_A,3.0
178,0.0,TRP, ,N,68.56,1000.00,0.0,3.30,1.0,<Residue TRP het=  resseq=26 icode= >,1t2k_A_A,3.0
179,0.0,TRP, ,CA,68.79,1000.00,0.0,3.57,1.0,<Residue TRP het=  resseq=26 icode= >,1t2k_A_A,3.0
180,0.0,TRP, ,C,72.91,1000.00,0.0,3.21,1.0,<Residue TRP het=  resseq=26 icode= >,1t2k_A_A,3.0
181,8.876,TRP, ,O,73.59,1000.00,0.0,1.58,1.0,<Residue TRP het=  resseq=26 icode= >,1t2k_A_A,3.0
182,0.328,TRP, ,CB,62.54,1000.00,0.0,1.99,1.0,<Residue TRP het=  resseq=26 icode= >,1t2k_A_A,3.0
183,0.014,TRP, ,CG,57.86,1000.00,0.0,3.76,1.0,<Residue TRP het=  resseq=26 icode= >,1t2k_A_A,3.0
184,14.42,TRP, ,CD1,60.07,1000.00,0.0,2.59,1.0,<Residue TRP het=  resseq=26 icode= >,1t2k_A_A,3.0
185,0.0,TRP, ,CD2,55.06,1000.00,0.0,4.61,1.0,<Residue TRP het=  resseq=26 icode= >,1t2k_A_A,3.0
186,0.368,TRP, ,NE1,61.86,1000.00,0.0,2.04,1.0,<Residue TRP het=  resseq=26 icode= >,1t2k_A_A,3.0
187,0.0,TRP, ,CE2,53.61,1000.00,0.0,4.70,1.0,<Residue TRP het=  resseq=26 icode= >,1t2k_A_A,3.0
188,0.0,TRP, ,CE3,55.57,1000.00,0.0,2.69,1.0,<Residue TRP het=  resseq=26 icode= >,1t2k_A_A,3.0
189,0.0,TRP, ,CZ2,53.71,1000.00,0.0,2.53,1.0,<Residue TRP het=  resseq=26 icode= >,1t2k_A_A,3.0
190,0.0,TRP, ,CZ3,57.71,1000.00,0.0,1.92,1.0,<Residue TRP het=  resseq=26 icode= >,1t2k_A_A,3.0
191,3.445,TRP, ,CH2,56.72,1000.00,0.0,1.72,1.0,<Residue TRP het=  resseq=26 icode= >,1t2k_A_A,3.0
192,0.0,VAL, ,N,77.99,1000.00,0.0,2.63,1.0,<Residue VAL het=  resseq=27 icode= >,1t2k_A_A,3.0
193,5.651,VAL, ,CA,83.86,1000.00,0.0,2.59,1.0,<Residue VAL het=  resseq=27 icode= >,1t2k_A_A,3.0
194,2.424,VAL, ,C,87.24,1000.00,0.0,2.37,1.0,<Residue VAL het=  resseq=27 icode= >,1t2k_A_A,3.0
195,23.471,VAL, ,O,88.9,1000.00,0.0,1.00,1.0,<Residue VAL het=  resseq=27 icode= >,1t2k_A_A,3.0
196,0.0,VAL, ,CB,84.47,1000.00,0.0,1.45,1.0,<Residue VAL het=  resseq=27 icode= >,1t2k_A_A,3.0
197,46.638,VAL, ,CG1,88.74,1000.00,0.0,-0.97,1.0,<Residue VAL het=  resseq=27 icode= >,1t2k_A_A,3.0
198,2.677,VAL, ,CG2,84.68,1000.00,0.0,-0.21,1.0,<Residue VAL het=  resseq=27 icode= >,1t2k_A_A,3.0
199,0.0,ASN, ,N,90.68,1000.00,0.0,2.46,1.0,<Residue ASN het=  resseq=28 icode= >,1t2k_A_A,3.0
200,5.951,ASN, ,CA,93.26,1000.00,0.0,3.46,1.0,<Residue ASN het=  resseq=28 icode= >,1t2k_A_A,3.0
201,0.0,ASN, ,C,94.55,1000.00,0.0,3.79,1.0,<Residue ASN het=  resseq=28 icode= >,1t2k_A_A,3.0
202,0.0,ASN, ,O,96.18,1000.00,0.0,2.32,1.0,<Residue ASN het=  resseq=28 icode= >,1t2k_A_A,3.0
203,1.841,ASN, ,CB,96.43,1000.00,0.0,2.31,1.0,<Residue ASN het=  resseq=28 icode= >,1t2k_A_A,3.0
204,2.678,ASN, ,CG,100.72,1000.00,0.0,2.22,1.0,<Residue ASN het=  resseq=28 icode= >,1t2k_A_A,3.0
205,0.86,ASN, ,OD1,102.45,1000.00,0.0,1.75,1.0,<Residue ASN het=  resseq=28 icode= >,1t2k_A_A,3.0
206,35.512,ASN, ,ND2,102.75,1000.00,0.0,0.73,1.0,<Residue ASN het=  resseq=28 icode= >,1t2k_A_A,3.0
207,6.948,LYS, ,N,94.64,1000.00,0.0,2.15,1.0,<Residue LYS het=  resseq=29 icode= >,1t2k_A_A,3.0
208,1.799,LYS, ,CA,93.45,1000.00,0.0,2.20,1.0,<Residue LYS het=  resseq=29 icode= >,1t2k_A_A,3.0
209,3.76,LYS, ,C,89.34,1000.00,0.0,3.09,1.0,<Residue LYS het=  resseq=29 icode= >,1t2k_A_A,3.0
210,24.292,LYS, ,O,90.53,1000.00,0.0,1.46,1.0,<Residue LYS het=  resseq=29 icode= >,1t2k_A_A,3.0
211,28.192,LYS, ,CB,95.64,1000.00,0.0,0.75,1.0,<Residue LYS het=  resseq=29 icode= >,1t2k_A_A,3.0
212,28.702,LYS, ,CG,97.9,1000.00,0.0,0.47,1.0,<Residue LYS het=  resseq=29 icode= >,1t2k_A_A,3.0
213,16.61,LYS, ,CD,98.15,1000.00,0.0,0.89,1.0,<Residue LYS het=  resseq=29 icode= >,1t2k_A_A,3.0
214,37.441,LYS, ,CE,99.26,1000.00,0.0,0.44,1.0,<Residue LYS het=  resseq=29 icode= >,1t2k_A_A,3.0
215,32.17,LYS, ,NZ,97.2,1000.00,0.0,0.04,1.0,<Residue LYS het=  resseq=29 icode= >,1t2k_A_A,3.0
216,0.92,SER, ,N,84.18,1000.00,0.0,3.36,1.0,<Residue SER het=  resseq=30 icode= >,1t2k_A_A,3.0
217,16.532,SER, ,CA,79.01,1000.00,0.0,3.59,1.0,<Residue SER het=  resseq=30 icode= >,1t2k_A_A,3.0
218,2.568,SER, ,C,75.73,1000.00,0.0,3.66,1.0,<Residue SER het=  resseq=30 icode= >,1t2k_A_A,3.0
219,13.679,SER, ,O,75.4,1000.00,0.0,2.22,1.0,<Residue SER het=  resseq=30 icode= >,1t2k_A_A,3.0
220,36.594,SER, ,CB,78.03,1000.00,0.0,2.65,1.0,<Residue SER het=  resseq=30 icode= >,1t2k_A_A,3.0
221,9.021,SER, ,OG,73.57,1000.00,0.0,2.71,1.0,<Residue SER het=  resseq=30 icode= >,1t2k_A_A,3.0
222,0.0,ARG, ,N,70.4,1000.00,0.0,3.46,1.0,<Residue ARG het=  resseq=31 icode= >,1t2k_A_A,3.0
223,0.0,ARG, ,CA,67.43,1000.00,0.0,3.79,1.0,<Residue ARG het=  resseq=31 icode= >,1t2k_A_A,3.0
224,0.0,ARG, ,C,66.46,1000.00,0.0,4.94,1.0,<Residue ARG het=  resseq=31 icode= >,1t2k_A_A,3.0
225,17.53,ARG, ,O,68.22,1000.00,0.0,1.86,1.0,<Residue ARG het=  resseq=31 icode= >,1t2k_A_A,3.0
226,2.927,ARG, ,CB,66.01,1000.00,0.0,2.29,1.0,<Residue ARG het=  resseq=31 icode= >,1t2k_A_A,3.0
227,15.607,ARG, ,CG,63.35,1000.00,0.0,1.63,1.0,<Residue ARG het=  resseq=31 icode= >,1t2k_A_A,3.0
228,18.411,ARG, ,CD,59.31,1000.00,0.0,1.38,1.0,<Residue ARG het=  resseq=31 icode= >,1t2k_A_A,3.0
229,12.31,ARG, ,NE,58.39,1000.00,0.0,2.20,1.0,<Residue ARG het=  resseq=31 icode= >,1t2k_A_A,3.0
230,4.095,ARG, ,CZ,60.12,1000.00,0.0,2.60,1.0,<Residue ARG het=  resseq=31 icode= >,1t2k_A_A,3.0
231,4.013,ARG, ,NH1,57.8,1000.00,0.0,1.53,1.0,<Residue ARG het=  resseq=31 icode= >,1t2k_A_A,3.0
232,56.903,ARG, ,NH2,61.95,1000.00,0.0,1.48,1.0,<Residue ARG het=  resseq=31 icode= >,1t2k_A_A,3.0
233,0.0,THR, ,N,63.73,18.41,0.0,4.60,1.0,<Residue THR het=  resseq=32 icode= >,1t2k_A_A,3.0
234,0.439,THR, ,CA,60.42,17.88,0.0,4.73,1.0,<Residue THR het=  resseq=32 icode= >,1t2k_A_A,3.0
235,0.0,THR, ,C,62.71,17.56,0.0,4.04,1.0,<Residue THR het=  resseq=32 icode= >,1t2k_A_A,3.0
236,0.0,THR, ,O,60.33,16.81,0.0,2.86,1.0,<Residue THR het=  resseq=32 icode= >,1t2k_A_A,3.0
237,7.938,THR, ,CB,59.62,19.01,0.0,3.00,1.0,<Residue THR het=  resseq=32 icode= >,1t2k_A_A,3.0
238,20.693,THR, ,OG1,58.07,18.55,0.0,1.55,1.0,<Residue THR het=  resseq=32 icode= >,1t2k_A_A,3.0
239,12.177,THR, ,CG2,58.12,20.14,0.0,0.86,1.0,<Residue THR het=  resseq=32 icode= >,1t2k_A_A,3.0
240,0.0,ARG, ,N,62.86,18.25,0.0,3.30,1.0,<Residue ARG het=  resseq=33 icode= >,1t2k_A_A,3.0
241,0.0,ARG, ,CA,62.74,17.37,0.0,4.08,1.0,<Residue ARG het=  resseq=33 icode= >,1t2k_A_A,3.0
242,0.0,ARG, ,C,63.38,16.95,0.0,4.16,1.0,<Residue ARG het=  resseq=33 icode= >,1t2k_A_A,3.0
243,0.0,ARG, ,O,64.29,17.72,0.0,3.10,1.0,<Residue ARG het=  resseq=33 icode= >,1t2k_A_A,3.0
244,0.0,ARG, ,CB,65.61,17.49,0.0,1.96,1.0,<Residue ARG het=  resseq=33 icode= >,1t2k_A_A,3.0
245,0.0,ARG, ,CG,69.61,17.51,0.0,1.20,1.0,<Residue ARG het=  resseq=33 icode= >,1t2k_A_A,3.0
246,11.537,ARG, ,CD,69.95,18.14,0.0,1.83,1.0,<Residue ARG het=  resseq=33 icode= >,1t2k_A_A,3.0
247,8.628,ARG, ,NE,68.54,17.71,0.0,2.37,1.0,<Residue ARG het=  resseq=33 icode= >,1t2k_A_A,3.0
248,4.281,ARG, ,CZ,70.7,16.86,0.0,2.42,1.0,<Residue ARG het=  resseq=33 icode= >,1t2k_A_A,3.0
249,16.424,ARG, ,NH1,68.15,16.15,0.0,1.56,1.0,<Residue ARG het=  resseq=33 icode= >,1t2k_A_A,3.0
250,21.547,ARG, ,NH2,66.63,16.52,0.0,1.38,1.0,<Residue ARG het=  resseq=33 icode= >,1t2k_A_A,3.0
251,0.0,PHE, ,N,64.0,15.83,0.0,2.97,1.0,<Residue PHE het=  resseq=34 icode= >,1t2k_A_A,3.0
252,0.0,PHE, ,CA,63.14,15.51,0.0,3.32,1.0,<Residue PHE het=  resseq=34 icode= >,1t2k_A_A,3.0
253,0.0,PHE, ,C,64.06,14.17,0.0,3.75,1.0,<Residue PHE het=  resseq=34 icode= >,1t2k_A_A,3.0
254,0.0,PHE, ,O,65.99,13.44,0.0,2.54,1.0,<Residue PHE het=  resseq=34 icode= >,1t2k_A_A,3.0
255,0.0,PHE, ,CB,62.02,15.63,0.0,2.14,1.0,<Residue PHE het=  resseq=34 icode= >,1t2k_A_A,3.0
256,0.0,PHE, ,CG,59.13,14.80,0.0,2.90,1.0,<Residue PHE het=  resseq=34 icode= >,1t2k_A_A,3.0
257,0.0,PHE, ,CD1,59.16,13.50,0.0,1.61,1.0,<Residue PHE het=  resseq=34 icode= >,1t2k_A_A,3.0
258,0.0,PHE, ,CD2,59.96,14.09,0.0,1.46,1.0,<Residue PHE het=  resseq=34 icode= >,1t2k_A_A,3.0
259,0.0,PHE, ,CE1,57.92,12.86,0.0,1.34,1.0,<Residue PHE het=  resseq=34 icode= >,1t2k_A_A,3.0
260,0.0,PHE, ,CE2,57.76,12.86,0.0,1.13,1.0,<Residue PHE het=  resseq=34 icode= >,1t2k_A_A,3.0
261,0.0,PHE, ,CZ,56.2,12.48,0.0,1.16,1.0,<Residue PHE het=  resseq=34 icode= >,1t2k_A_A,3.0
262,0.0,ARG, ,N,62.37,13.90,0.0,2.93,1.0,<Residue ARG het=  resseq=35 icode= >,1t2k_A_A,3.0
263,0.0,ARG, ,CA,58.81,12.80,0.0,3.78,1.0,<Residue ARG het=  resseq=35 icode= >,1t2k_A_A,3.0
264,0.0,ARG, ,C,58.26,12.21,0.0,4.21,1.0,<Residue ARG het=  resseq=35 icode= >,1t2k_A_A,3.0
265,0.0,ARG, ,O,59.85,13.02,0.0,2.47,1.0,<Residue ARG het=  resseq=35 icode= >,1t2k_A_A,3.0
266,0.0,ARG, ,CB,57.38,13.51,0.0,1.65,1.0,<Residue ARG het=  resseq=35 icode= >,1t2k_A_A,3.0
267,0.0,ARG, ,CG,57.58,14.54,0.0,1.45,1.0,<Residue ARG het=  resseq=35 icode= >,1t2k_A_A,3.0
268,13.763,ARG, ,CD,58.86,14.94,0.0,1.59,1.0,<Residue ARG het=  resseq=35 icode= >,1t2k_A_A,3.0
269,0.47,ARG, ,NE,60.55,14.24,0.0,2.47,1.0,<Residue ARG het=  resseq=35 icode= >,1t2k_A_A,3.0
270,3.162,ARG, ,CZ,63.74,14.18,0.0,2.56,1.0,<Residue ARG het=  resseq=35 icode= >,1t2k_A_A,3.0
271,21.742,ARG, ,NH1,59.64,14.73,0.0,1.29,1.0,<Residue ARG het=  resseq=35 icode= >,1t2k_A_A,3.0
272,5.22,ARG, ,NH2,64.78,13.72,0.0,1.00,1.0,<Residue ARG het=  resseq=35 icode= >,1t2k_A_A,3.0
273,0.0,ILE, ,N,54.65,10.92,0.0,4.03,1.0,<Residue ILE het=  resseq=36 icode= >,1t2k_A_A,3.0
274,0.0,ILE, ,CA,51.37,10.49,0.0,4.65,1.0,<Residue ILE het=  resseq=36 icode= >,1t2k_A_A,3.0
275,0.0,ILE, ,C,54.59,9.85,0.0,4.59,1.0,<Residue ILE het=  resseq=36 icode= >,1t2k_A_A,3.0
276,0.0,ILE, ,O,61.29,8.87,0.0,2.44,1.0,<Residue ILE het=  resseq=36 icode= >,1t2k_A_A,3.0
277,0.0,ILE, ,CB,45.74,9.70,0.0,3.69,1.0,<Residue ILE het=  resseq=36 icode= >,1t2k_A_A,3.0
278,0.0,ILE, ,CG1,44.82,10.54,0.0,1.65,1.0,<Residue ILE het=  resseq=36 icode= >,1t2k_A_A,3.0
279,0.0,ILE, ,CG2,43.53,9.71,0.0,0.21,1.0,<Residue ILE het=  resseq=36 icode= >,1t2k_A_A,3.0
280,0.0,ILE, ,CD1,45.47,11.90,0.0,-0.46,1.0,<Residue ILE het=  resseq=36 icode= >,1t2k_A_A,3.0
281,0.0,PRO, ,N,56.78,10.56,0.0,4.95,1.0,<Residue PRO het=  resseq=37 icode= >,1t2k_A_A,3.0
282,0.167,PRO, ,CA,56.24,10.28,0.0,4.79,1.0,<Residue PRO het=  resseq=37 icode= >,1t2k_A_A,3.0
283,0.0,PRO, ,C,56.95,8.89,0.0,5.28,1.0,<Residue PRO het=  resseq=37 icode= >,1t2k_A_A,3.0
284,0.0,PRO, ,O,58.6,8.50,0.0,2.27,1.0,<Residue PRO het=  resseq=37 icode= >,1t2k_A_A,3.0
285,5.293,PRO, ,CB,57.41,10.61,0.0,1.99,1.0,<Residue PRO het=  resseq=37 icode= >,1t2k_A_A,3.0
286,1.086,PRO, ,CG,59.13,12.00,0.0,1.26,1.0,<Residue PRO het=  resseq=37 icode= >,1t2k_A_A,3.0
287,0.0,PRO, ,CD,57.7,11.81,0.0,1.88,1.0,<Residue PRO het=  resseq=37 icode= >,1t2k_A_A,3.0
288,0.145,TRP, ,N,57.55,8.23,0.0,3.55,1.0,<Residue TRP het=  resseq=38 icode= >,1t2k_A_A,3.0
289,0.0,TRP, ,CA,57.92,6.92,0.0,3.86,1.0,<Residue TRP het=  resseq=38 icode= >,1t2k_A_A,3.0
290,0.0,TRP, ,C,59.58,6.22,0.0,4.24,1.0,<Residue TRP het=  resseq=38 icode= >,1t2k_A_A,3.0
291,1.515,TRP, ,O,61.83,5.71,0.0,2.53,1.0,<Residue TRP het=  resseq=38 icode= >,1t2k_A_A,3.0
292,0.0,TRP, ,CB,55.19,5.86,0.0,2.23,1.0,<Residue TRP het=  resseq=38 icode= >,1t2k_A_A,3.0
293,0.0,TRP, ,CG,48.94,4.58,0.0,3.38,1.0,<Residue TRP het=  resseq=38 icode= >,1t2k_A_A,3.0
294,2.402,TRP, ,CD1,52.34,3.56,1.522,2.26,1.0,<Residue TRP het=  resseq=38 icode= >,1t2k_A_A,3.0
295,0.0,TRP, ,CD2,47.37,4.60,0.0,3.88,1.0,<Residue TRP het=  resseq=38 icode= >,1t2k_A_A,3.0
296,6.539,TRP, ,NE1,46.55,2.81,6.539,2.96,1.0,<Residue TRP het=  resseq=38 icode= >,1t2k_A_A,3.0
297,0.0,TRP, ,CE2,47.07,3.60,0.0,3.57,1.0,<Residue TRP het=  resseq=38 icode= >,1t2k_A_A,3.0
298,0.0,TRP, ,CE3,47.85,5.73,0.0,1.84,1.0,<Residue TRP het=  resseq=38 icode= >,1t2k_A_A,3.0
299,0.0,TRP, ,CZ2,46.57,4.04,0.0,2.00,1.0,<Residue TRP het=  resseq=38 icode= >,1t2k_A_A,3.0
300,0.011,TRP, ,CZ3,45.19,5.99,0.0,2.06,1.0,<Residue TRP het=  resseq=38 icode= >,1t2k_A_A,3.0
301,0.017,TRP, ,CH2,46.01,5.26,0.0,1.54,1.0,<Residue TRP het=  resseq=38 icode= >,1t2k_A_A,3.0
302,0.326,LYS, ,N,60.55,6.51,0.0,3.42,1.0,<Residue LYS het=  resseq=39 icode= >,1t2k_A_A,3.0
303,0.0,LYS, ,CA,61.55,6.31,0.0,3.33,1.0,<Residue LYS het=  resseq=39 icode= >,1t2k_A_A,3.0
304,0.0,LYS, ,C,60.18,4.90,0.0,3.82,1.0,<Residue LYS het=  resseq=39 icode= >,1t2k_A_A,3.0
305,0.0,LYS, ,O,60.79,4.05,0.0,1.84,1.0,<Residue LYS het=  resseq=39 icode= >,1t2k_A_A,3.0
306,0.366,LYS, ,CB,64.14,7.22,0.0,1.31,1.0,<Residue LYS het=  resseq=39 icode= >,1t2k_A_A,3.0
307,0.054,LYS, ,CG,67.76,7.01,0.0,0.88,1.0,<Residue LYS het=  resseq=39 icode= >,1t2k_A_A,3.0
308,1.702,LYS, ,CD,71.57,7.53,0.0,1.03,1.0,<Residue LYS het=  resseq=39 icode= >,1t2k_A_A,3.0
309,0.175,LYS, ,CE,76.68,8.72,0.0,0.27,1.0,<Residue LYS het=  resseq=39 icode= >,1t2k_A_A,3.0
310,24.432,LYS, ,NZ,76.29,9.07,0.0,0.28,1.0,<Residue LYS het=  resseq=39 icode= >,1t2k_A_A,3.0
311,2.61,HIS, ,N,58.76,4.96,0.0,3.40,1.0,<Residue HIS het=  resseq=40 icode= >,1t2k_A_A,3.0
312,2.799,HIS, ,CA,60.0,4.05,1.552,3.76,1.0,<Residue HIS het=  resseq=40 icode= >,1t2k_A_A,3.0
313,0.0,HIS, ,C,60.36,4.04,0.0,4.15,1.0,<Residue HIS het=  resseq=40 icode= >,1t2k_A_A,3.0
314,0.0,HIS, ,O,62.3,5.19,0.0,1.86,1.0,<Residue HIS het=  resseq=40 icode= >,1t2k_A_A,3.0
315,21.591,HIS, ,CB,59.61,4.21,10.447,2.82,1.0,<Residue HIS het=  resseq=40 icode= >,1t2k_A_A,3.0
316,3.34,HIS, ,CG,61.51,3.97,3.34,4.31,1.0,<Residue HIS het=  resseq=40 icode= >,1t2k_A_A,3.0
317,26.821,HIS, ,ND1,62.68,3.56,21.022,2.80,1.0,<Residue HIS het=  resseq=40 icode= >,1t2k_A_A,3.0
318,2.081,HIS, ,CD2,64.82,3.55,2.081,3.24,1.0,<Residue HIS het=  resseq=40 icode= >,1t2k_A_A,3.0
319,42.677,HIS, ,CE1,63.99,3.24,40.652,2.52,1.0,<Residue HIS het=  resseq=40 icode= >,1t2k_A_A,3.0
320,12.725,HIS, ,NE2,67.06,3.29,12.725,2.42,1.0,<Residue HIS het=  resseq=40 icode= >,1t2k_A_A,3.0
321,4.241,GLY, ,N,62.55,3.11,4.241,2.27,1.0,<Residue GLY het=  resseq=41 icode= >,1t2k_A_A,3.0
322,11.578,GLY, ,CA,64.77,3.53,7.105,2.17,1.0,<Residue GLY het=  resseq=41 icode= >,1t2k_A_A,3.0
323,2.725,GLY, ,C,66.78,3.85,1.104,2.77,1.0,<Residue GLY het=  resseq=41 icode= >,1t2k_A_A,3.0
324,26.125,GLY, ,O,66.94,3.39,10.287,1.36,1.0,<Residue GLY het=  resseq=41 icode= >,1t2k_A_A,3.0
325,0.0,LEU, ,N,69.53,4.38,0.0,2.24,1.0,<Residue LEU het=  resseq=42 icode= >,1t2k_A_A,3.0
326,2.177,LEU, ,CA,72.2,4.09,0.0,2.73,1.0,<Residue LEU het=  resseq=42 icode= >,1t2k_A_A,3.0
327,2.183,LEU, ,C,75.19,3.42,1.082,3.57,1.0,<Residue LEU het=  resseq=42 icode= >,1t2k_A_A,3.0
328,15.801,LEU, ,O,75.87,3.10,11.48,1.52,1.0,<Residue LEU het=  resseq=42 icode= >,1t2k_A_A,3.0
329,12.05,LEU, ,CB,71.75,3.18,12.05,1.19,1.0,<Residue LEU het=  resseq=42 icode= >,1t2k_A_A,3.0
330,5.748,LEU, ,CG,70.62,3.64,5.748,1.26,1.0,<Residue LEU het=  resseq=42 icode= >,1t2k_A_A,3.0
331,54.812,LEU, ,CD1,72.14,3.33,54.812,0.15,1.0,<Residue LEU het=  resseq=42 icode= >,1t2k_A_A,3.0
332,52.066,LEU, ,CD2,69.68,3.83,25.752,0.05,1.0,<Residue LEU het=  resseq=42 icode= >,1t2k_A_A,3.0
333,0.2,ARG, ,N,76.5,3.42,0.2,2.91,1.0,<Residue ARG het=  resseq=43 icode= >,1t2k_A_A,3.0
334,7.154,ARG, ,CA,78.96,3.09,7.154,2.38,1.0,<Residue ARG het=  resseq=43 icode= >,1t2k_A_A,3.0
335,0.045,ARG, ,C,80.83,3.38,0.0,3.21,1.0,<Residue ARG het=  resseq=43 icode= >,1t2k_A_A,3.0
336,4.243,ARG, ,O,81.92,4.59,0.0,2.26,1.0,<Residue ARG het=  resseq=43 icode= >,1t2k_A_A,3.0
337,0.055,ARG, ,CB,75.72,3.97,0.055,1.72,1.0,<Residue ARG het=  resseq=43 icode= >,1t2k_A_A,3.0
338,21.709,ARG, ,CG,75.54,3.77,21.709,0.97,1.0,<Residue ARG het=  resseq=43 icode= >,1t2k_A_A,3.0
339,11.099,ARG, ,CD,73.19,4.58,8.527,0.50,1.0,<Residue ARG het=  resseq=43 icode= >,1t2k_A_A,3.0
340,5.993,ARG, ,NE,71.82,5.46,5.993,1.89,1.0,<Residue ARG het=  resseq=43 icode= >,1t2k_A_A,3.0
341,4.394,ARG, ,CZ,76.31,5.94,4.394,1.90,1.0,<Residue ARG het=  resseq=43 icode= >,1t2k_A_A,3.0
342,10.662,ARG, ,NH1,75.14,5.69,0.631,0.40,1.0,<Residue ARG het=  resseq=43 icode= >,1t2k_A_A,3.0
343,38.827,ARG, ,NH2,81.04,6.86,13.976,0.33,1.0,<Residue ARG het=  resseq=43 icode= >,1t2k_A_A,3.0
344,5.032,GLN, ,N,82.19,2.67,5.032,2.21,1.0,<Residue GLN het=  resseq=44 icode= >,1t2k_A_A,3.0
345,7.867,GLN, ,CA,82.64,3.76,0.0,3.00,1.0,<Residue GLN het=  resseq=44 icode= >,1t2k_A_A,3.0
346,1.335,GLN, ,C,81.57,4.75,0.625,3.86,1.0,<Residue GLN het=  resseq=44 icode= >,1t2k_A_A,3.0
347,21.11,GLN, ,O,79.44,5.93,0.0,2.33,1.0,<Residue GLN het=  resseq=44 icode= >,1t2k_A_A,3.0
348,19.998,GLN, ,CB,85.34,3.72,13.202,0.80,1.0,<Residue GLN het=  resseq=44 icode= >,1t2k_A_A,3.0
349,26.875,GLN, ,CG,90.15,3.99,6.742,0.58,1.0,<Residue GLN het=  resseq=44 icode= >,1t2k_A_A,3.0
350,10.947,GLN, ,CD,93.71,3.86,5.594,0.93,1.0,<Residue GLN het=  resseq=44 icode= >,1t2k_A_A,3.0
351,34.231,GLN, ,OE1,93.26,3.87,31.289,0.46,1.0,<Residue GLN het=  resseq=44 icode= >,1t2k_A_A,3.0
352,59.121,GLN, ,NE2,94.58,3.19,30.848,0.35,1.0,<Residue GLN het=  resseq=44 icode= >,1t2k_A_A,3.0
353,1.174,ASP, ,N,81.67,4.56,1.174,3.11,1.0,<Residue ASP het=  resseq=45 icode= >,1t2k_A_A,3.0
354,13.472,ASP, ,CA,83.1,5.85,4.009,2.42,1.0,<Residue ASP het=  resseq=45 icode= >,1t2k_A_A,3.0
355,2.88,ASP, ,C,83.25,6.46,0.0,2.86,1.0,<Residue ASP het=  resseq=45 icode= >,1t2k_A_A,3.0
356,1.694,ASP, ,O,83.41,6.74,0.0,1.71,1.0,<Residue ASP het=  resseq=45 icode= >,1t2k_A_A,3.0
357,38.39,ASP, ,CB,84.67,6.01,23.489,1.47,1.0,<Residue ASP het=  resseq=45 icode= >,1t2k_A_A,3.0
358,6.945,ASP, ,CG,86.07,5.48,5.774,2.55,1.0,<Residue ASP het=  resseq=45 icode= >,1t2k_A_A,3.0
359,10.214,ASP, ,OD1,87.87,4.29,9.38,1.15,1.0,<Residue ASP het=  resseq=45 icode= >,1t2k_A_A,3.0
360,13.443,ASP, ,OD2,83.4,6.46,0.78,1.76,1.0,<Residue ASP het=  resseq=45 icode= >,1t2k_A_A,3.0
361,1.816,ALA, ,N,83.63,7.00,0.0,2.51,1.0,<Residue ALA het=  resseq=46 icode= >,1t2k_A_A,3.0
362,0.0,ALA, ,CA,86.41,7.97,0.0,2.91,1.0,<Residue ALA het=  resseq=46 icode= >,1t2k_A_A,3.0
363,2.488,ALA, ,C,89.5,9.21,0.0,2.08,1.0,<Residue ALA het=  resseq=46 icode= >,1t2k_A_A,3.0
364,26.858,ALA, ,O,90.32,9.35,0.0,0.47,1.0,<Residue ALA het=  resseq=46 icode= >,1t2k_A_A,3.0
365,13.735,ALA, ,CB,86.92,7.65,0.0,0.64,1.0,<Residue ALA het=  resseq=46 icode= >,1t2k_A_A,3.0
366,0.114,GLN, ,N,92.95,10.27,0.0,1.84,1.0,<Residue GLN het=  resseq=47 icode= >,1t2k_A_A,3.0
367,5.833,GLN, ,CA,97.06,11.57,0.0,2.10,1.0,<Residue GLN het=  resseq=47 icode= >,1t2k_A_A,3.0
368,2.453,GLN, ,C,98.74,11.22,0.0,2.19,1.0,<Residue GLN het=  resseq=47 icode= >,1t2k_A_A,3.0
369,0.0,GLN, ,O,100.15,10.34,0.0,1.16,1.0,<Residue GLN het=  resseq=47 icode= >,1t2k_A_A,3.0
370,20.089,GLN, ,CB,99.06,12.36,0.0,0.84,1.0,<Residue GLN het=  resseq=47 icode= >,1t2k_A_A,3.0
371,2.625,GLN, ,CG,103.18,12.36,0.0,0.69,1.0,<Residue GLN het=  resseq=47 icode= >,1t2k_A_A,3.0
372,1.891,GLN, ,CD,105.59,13.24,0.0,0.55,1.0,<Residue GLN het=  resseq=47 icode= >,1t2k_A_A,3.0
373,20.728,GLN, ,OE1,108.03,14.46,0.0,0.12,1.0,<Residue GLN het=  resseq=47 icode= >,1t2k_A_A,3.0
374,52.946,GLN, ,NE2,104.85,12.96,0.0,0.26,1.0,<Residue GLN het=  resseq=47 icode= >,1t2k_A_A,3.0
375,6.973,GLN, ,N,99.3,11.74,0.0,1.98,1.0,<Residue GLN het=  resseq=48 icode= >,1t2k_A_A,3.0
376,2.194,GLN, ,CA,99.96,11.38,0.0,2.55,1.0,<Residue GLN het=  resseq=48 icode= >,1t2k_A_A,3.0
377,0.0,GLN, ,C,100.14,11.42,0.0,2.71,1.0,<Residue GLN het=  resseq=48 icode= >,1t2k_A_A,3.0
378,0.0,GLN, ,O,103.12,10.87,0.0,0.64,1.0,<Residue GLN het=  resseq=48 icode= >,1t2k_A_A,3.0
379,16.955,GLN, ,CB,100.89,12.49,0.0,1.04,1.0,<Residue GLN het=  resseq=48 icode= >,1t2k_A_A,3.0
380,26.187,GLN, ,CG,100.96,13.76,0.0,1.59,1.0,<Residue GLN het=  resseq=48 icode= >,1t2k_A_A,3.0
381,5.38,GLN, ,CD,102.66,14.32,0.0,1.59,1.0,<Residue GLN het=  resseq=48 icode= >,1t2k_A_A,3.0
382,25.522,GLN, ,OE1,104.84,14.69,0.0,0.26,1.0,<Residue GLN het=  resseq=48 icode= >,1t2k_A_A,3.0
383,22.303,GLN, ,NE2,101.95,14.66,0.0,1.13,1.0,<Residue GLN het=  resseq=48 icode= >,1t2k_A_A,3.0
384,0.0,GLU, ,N,97.87,12.27,0.0,2.72,1.0,<Residue GLU het=  resseq=49 icode= >,1t2k_A_A,3.0
385,7.348,GLU, ,CA,96.01,12.64,0.0,2.37,1.0,<Residue GLU het=  resseq=49 icode= >,1t2k_A_A,3.0
386,0.0,GLU, ,C,92.44,11.47,0.0,2.87,1.0,<Residue GLU het=  resseq=49 icode= >,1t2k_A_A,3.0
387,3.022,GLU, ,O,91.66,11.72,0.0,1.14,1.0,<Residue GLU het=  resseq=49 icode= >,1t2k_A_A,3.0
388,2.76,GLU, ,CB,98.47,13.45,0.0,0.63,1.0,<Residue GLU het=  resseq=49 icode= >,1t2k_A_A,3.0
389,8.743,GLU, ,CG,100.35,13.88,0.0,0.48,1.0,<Residue GLU het=  resseq=49 icode= >,1t2k_A_A,3.0
390,5.202,GLU, ,CD,102.54,13.52,0.0,0.52,1.0,<Residue GLU het=  resseq=49 icode= >,1t2k_A_A,3.0
391,21.524,GLU, ,OE1,103.02,14.03,0.0,0.22,1.0,<Residue GLU het=  resseq=49 icode= >,1t2k_A_A,3.0
392,15.588,GLU, ,OE2,100.93,12.89,0.0,0.54,1.0,<Residue GLU het=  resseq=49 icode= >,1t2k_A_A,3.0
393,0.0,ASP, ,N,87.63,10.31,0.0,2.72,1.0,<Residue ASP het=  resseq=50 icode= >,1t2k_A_A,3.0
394,0.0,ASP, ,CA,83.87,9.13,0.0,2.66,1.0,<Residue ASP het=  resseq=50 icode= >,1t2k_A_A,3.0
395,0.0,ASP, ,C,80.85,8.31,0.0,3.45,1.0,<Residue ASP het=  resseq=50 icode= >,1t2k_A_A,3.0
396,0.0,ASP, ,O,80.24,7.39,0.0,1.73,1.0,<Residue ASP het=  resseq=50 icode= >,1t2k_A_A,3.0
397,0.0,ASP, ,CB,85.69,8.39,0.0,1.61,1.0,<Residue ASP het=  resseq=50 icode= >,1t2k_A_A,3.0
398,0.0,ASP, ,CG,87.76,9.43,0.0,1.91,1.0,<Residue ASP het=  resseq=50 icode= >,1t2k_A_A,3.0
399,8.121,ASP, ,OD1,87.81,9.92,0.0,0.69,1.0,<Residue ASP het=  resseq=50 icode= >,1t2k_A_A,3.0
400,0.0,ASP, ,OD2,85.73,9.95,0.0,1.11,1.0,<Residue ASP het=  resseq=50 icode= >,1t2k_A_A,3.0
401,0.0,PHE, ,N,77.32,8.88,0.0,3.26,1.0,<Residue PHE het=  resseq=51 icode= >,1t2k_A_A,3.0
402,0.0,PHE, ,CA,73.69,8.56,0.0,3.52,1.0,<Residue PHE het=  resseq=51 icode= >,1t2k_A_A,3.0
403,0.0,PHE, ,C,72.49,9.93,0.0,3.57,1.0,<Residue PHE het=  resseq=51 icode= >,1t2k_A_A,3.0
404,0.0,PHE, ,O,71.09,10.20,0.0,2.50,1.0,<Residue PHE het=  resseq=51 icode= >,1t2k_A_A,3.0
405,0.019,PHE, ,CB,77.48,8.02,0.0,1.91,1.0,<Residue PHE het=  resseq=51 icode= >,1t2k_A_A,3.0
406,0.0,PHE, ,CG,85.78,6.64,0.0,0.75,1.0,<Residue PHE het=  resseq=51 icode= >,1t2k_A_A,3.0
407,1.648,PHE, ,CD1,87.94,6.55,0.0,0.03,1.0,<Residue PHE het=  resseq=51 icode= >,1t2k_A_A,3.0
408,0.0,PHE, ,CD2,88.49,5.65,0.0,-0.36,1.0,<Residue PHE het=  resseq=51 icode= >,1t2k_A_A,3.0
409,2.214,PHE, ,CE1,88.07,5.47,0.0,-0.11,1.0,<Residue PHE het=  resseq=51 icode= >,1t2k_A_A,3.0
410,1.254,PHE, ,CE2,88.9,4.35,1.254,0.46,1.0,<Residue PHE het=  resseq=51 icode= >,1t2k_A_A,3.0
411,0.341,PHE, ,CZ,87.79,4.24,0.0,0.53,1.0,<Residue PHE het=  resseq=51 icode= >,1t2k_A_A,3.0
412,0.0,GLY, ,N,70.65,10.92,0.0,2.58,1.0,<Residue GLY het=  resseq=52 icode= >,1t2k_A_A,3.0
413,15.543,GLY, ,CA,66.11,12.25,0.0,2.82,1.0,<Residue GLY het=  resseq=52 icode= >,1t2k_A_A,3.0
414,0.0,GLY, ,C,65.94,12.46,0.0,3.90,1.0,<Residue GLY het=  resseq=52 icode= >,1t2k_A_A,3.0
415,1.395,GLY, ,O,69.35,12.73,0.0,1.70,1.0,<Residue GLY het=  resseq=52 icode= >,1t2k_A_A,3.0
416,0.0,ILE, ,N,62.34,12.05,0.0,3.79,1.0,<Residue ILE het=  resseq=53 icode= >,1t2k_A_A,3.0
417,0.0,ILE, ,CA,58.76,11.74,0.0,4.40,1.0,<Residue ILE het=  resseq=53 icode= >,1t2k_A_A,3.0
418,0.0,ILE, ,C,57.77,10.48,0.0,4.57,1.0,<Residue ILE het=  resseq=53 icode= >,1t2k_A_A,3.0
419,0.0,ILE, ,O,57.23,9.58,0.0,2.17,1.0,<Residue ILE het=  resseq=53 icode= >,1t2k_A_A,3.0
420,0.0,ILE, ,CB,59.78,11.79,0.0,3.19,1.0,<Residue ILE het=  resseq=53 icode= >,1t2k_A_A,3.0
421,0.0,ILE, ,CG1,65.81,12.11,0.0,0.10,1.0,<Residue ILE het=  resseq=53 icode= >,1t2k_A_A,3.0
422,0.0,ILE, ,CG2,59.5,11.68,0.0,0.82,1.0,<Residue ILE het=  resseq=53 icode= >,1t2k_A_A,3.0
423,0.501,ILE, ,CD1,71.02,10.76,0.0,-0.53,1.0,<Residue ILE het=  resseq=53 icode= >,1t2k_A_A,3.0
424,0.0,PHE, ,N,56.35,10.53,0.0,3.78,1.0,<Residue PHE het=  resseq=54 icode= >,1t2k_A_A,3.0
425,0.0,PHE, ,CA,55.22,9.54,0.0,3.61,1.0,<Residue PHE het=  resseq=54 icode= >,1t2k_A_A,3.0
426,0.0,PHE, ,C,56.15,9.40,0.0,4.25,1.0,<Residue PHE het=  resseq=54 icode= >,1t2k_A_A,3.0
427,0.203,PHE, ,O,55.75,8.36,0.0,2.45,1.0,<Residue PHE het=  resseq=54 icode= >,1t2k_A_A,3.0
428,0.0,PHE, ,CB,50.57,8.51,0.0,1.92,1.0,<Residue PHE het=  resseq=54 icode= >,1t2k_A_A,3.0
429,0.0,PHE, ,CG,46.06,7.78,0.0,2.96,1.0,<Residue PHE het=  resseq=54 icode= >,1t2k_A_A,3.0
430,0.0,PHE, ,CD1,44.63,8.48,0.0,2.14,1.0,<Residue PHE het=  resseq=54 icode= >,1t2k_A_A,3.0
431,0.0,PHE, ,CD2,39.68,6.66,0.0,1.58,1.0,<Residue PHE het=  resseq=54 icode= >,1t2k_A_A,3.0
432,0.0,PHE, ,CE1,39.94,8.12,0.0,2.08,1.0,<Residue PHE het=  resseq=54 icode= >,1t2k_A_A,3.0
433,0.0,PHE, ,CE2,42.21,6.31,0.0,1.79,1.0,<Residue PHE het=  resseq=54 icode= >,1t2k_A_A,3.0
434,0.0,PHE, ,CZ,38.73,7.20,0.0,2.07,1.0,<Residue PHE het=  resseq=54 icode= >,1t2k_A_A,3.0
435,0.0,GLN, ,N,57.99,10.60,0.0,3.17,1.0,<Residue GLN het=  resseq=55 icode= >,1t2k_A_A,3.0
436,0.0,GLN, ,CA,58.58,10.89,0.0,3.71,1.0,<Residue GLN het=  resseq=55 icode= >,1t2k_A_A,3.0
437,0.0,GLN, ,C,58.79,10.57,0.0,3.90,1.0,<Residue GLN het=  resseq=55 icode= >,1t2k_A_A,3.0
438,0.0,GLN, ,O,60.41,10.16,0.0,1.71,1.0,<Residue GLN het=  resseq=55 icode= >,1t2k_A_A,3.0
439,0.0,GLN, ,CB,59.15,11.96,0.0,1.83,1.0,<Residue GLN het=  resseq=55 icode= >,1t2k_A_A,3.0
440,4.438,GLN, ,CG,58.33,13.03,0.0,1.46,1.0,<Residue GLN het=  resseq=55 icode= >,1t2k_A_A,3.0
441,4.667,GLN, ,CD,58.28,13.45,0.0,2.04,1.0,<Residue GLN het=  resseq=55 icode= >,1t2k_A_A,3.0
442,10.788,GLN, ,OE1,57.49,13.40,0.0,1.34,1.0,<Residue GLN het=  resseq=55 icode= >,1t2k_A_A,3.0
443,14.134,GLN, ,NE2,58.75,13.84,0.0,-0.16,1.0,<Residue GLN het=  resseq=55 icode= >,1t2k_A_A,3.0
444,0.0,ALA, ,N,56.57,10.91,0.0,3.16,1.0,<Residue ALA het=  resseq=56 icode= >,1t2k_A_A,3.0
445,2.008,ALA, ,CA,55.6,10.98,0.0,3.35,1.0,<Residue ALA het=  resseq=56 icode= >,1t2k_A_A,3.0
446,0.0,ALA, ,C,54.93,9.69,0.0,4.51,1.0,<Residue ALA het=  resseq=56 icode= >,1t2k_A_A,3.0
447,1.833,ALA, ,O,55.27,9.70,0.0,2.73,1.0,<Residue ALA het=  resseq=56 icode= >,1t2k_A_A,3.0
448,18.917,ALA, ,CB,53.19,11.73,0.0,0.65,1.0,<Residue ALA het=  resseq=56 icode= >,1t2k_A_A,3.0
449,0.0,TRP, ,N,53.78,8.69,0.0,3.53,1.0,<Residue TRP het=  resseq=57 icode= >,1t2k_A_A,3.0
450,0.0,TRP, ,CA,52.58,7.42,0.0,3.52,1.0,<Residue TRP het=  resseq=57 icode= >,1t2k_A_A,3.0
451,0.0,TRP, ,C,51.2,6.91,0.0,4.85,1.0,<Residue TRP het=  resseq=57 icode= >,1t2k_A_A,3.0
452,0.0,TRP, ,O,48.75,6.39,0.0,2.69,1.0,<Residue TRP het=  resseq=57 icode= >,1t2k_A_A,3.0
453,0.0,TRP, ,CB,47.7,6.62,0.0,1.68,1.0,<Residue TRP het=  resseq=57 icode= >,1t2k_A_A,3.0
454,0.0,TRP, ,CG,41.93,5.20,0.0,3.50,1.0,<Residue TRP het=  resseq=57 icode= >,1t2k_A_A,3.0
455,3.299,TRP, ,CD1,38.24,4.15,0.0,3.15,1.0,<Residue TRP het=  resseq=57 icode= >,1t2k_A_A,3.0
456,0.0,TRP, ,CD2,40.79,4.96,0.0,4.00,1.0,<Residue TRP het=  resseq=57 icode= >,1t2k_A_A,3.0
457,10.216,TRP, ,NE1,40.01,2.96,8.733,2.76,1.0,<Residue TRP het=  resseq=57 icode= >,1t2k_A_A,3.0
458,0.0,TRP, ,CE2,41.14,3.63,0.0,3.81,1.0,<Residue TRP het=  resseq=57 icode= >,1t2k_A_A,3.0
459,0.0,TRP, ,CE3,38.87,6.02,0.0,2.33,1.0,<Residue TRP het=  resseq=57 icode= >,1t2k_A_A,3.0
460,11.34,TRP, ,CZ2,41.06,3.63,11.34,2.36,1.0,<Residue TRP het=  resseq=57 icode= >,1t2k_A_A,3.0
461,0.0,TRP, ,CZ3,39.73,5.00,0.0,2.22,1.0,<Residue TRP het=  resseq=57 icode= >,1t2k_A_A,3.0
462,2.366,TRP, ,CH2,39.71,4.11,2.302,2.33,1.0,<Residue TRP het=  resseq=57 icode= >,1t2k_A_A,3.0
463,0.0,ALA, ,N,51.27,7.32,0.0,3.14,1.0,<Residue ALA het=  resseq=58 icode= >,1t2k_A_A,3.0
464,2.145,ALA, ,CA,52.39,7.26,0.0,4.77,1.0,<Residue ALA het=  resseq=58 icode= >,1t2k_A_A,3.0
465,0.0,ALA, ,C,55.12,7.86,0.0,5.51,1.0,<Residue ALA het=  resseq=58 icode= >,1t2k_A_A,3.0
466,0.0,ALA, ,O,55.83,7.30,0.0,2.76,1.0,<Residue ALA het=  resseq=58 icode= >,1t2k_A_A,3.0
467,4.262,ALA, ,CB,51.82,8.01,0.0,0.68,1.0,<Residue ALA het=  resseq=58 icode= >,1t2k_A_A,3.0
468,0.0,GLU, ,N,56.16,9.07,0.0,3.69,1.0,<Residue GLU het=  resseq=59 icode= >,1t2k_A_A,3.0
469,0.0,GLU, ,CA,57.47,9.72,0.0,4.43,1.0,<Residue GLU het=  resseq=59 icode= >,1t2k_A_A,3.0
470,0.852,GLU, ,C,55.11,9.23,0.0,4.39,1.0,<Residue GLU het=  resseq=59 icode= >,1t2k_A_A,3.0
471,13.628,GLU, ,O,54.74,9.38,0.0,1.99,1.0,<Residue GLU het=  resseq=59 icode= >,1t2k_A_A,3.0
472,7.006,GLU, ,CB,60.26,11.25,0.0,2.07,1.0,<Residue GLU het=  resseq=59 icode= >,1t2k_A_A,3.0
473,8.347,GLU, ,CG,66.05,12.00,0.0,1.31,1.0,<Residue GLU het=  resseq=59 icode= >,1t2k_A_A,3.0
474,7.672,GLU, ,CD,68.67,13.48,0.0,2.47,1.0,<Residue GLU het=  resseq=59 icode= >,1t2k_A_A,3.0
475,7.333,GLU, ,OE1,65.79,13.96,0.0,0.98,1.0,<Residue GLU het=  resseq=59 icode= >,1t2k_A_A,3.0
476,31.824,GLU, ,OE2,70.65,14.24,0.0,1.32,1.0,<Residue GLU het=  resseq=59 icode= >,1t2k_A_A,3.0
477,0.121,ALA, ,N,54.07,8.85,0.0,3.35,1.0,<Residue ALA het=  resseq=60 icode= >,1t2k_A_A,3.0
478,12.748,ALA, ,CA,51.77,8.66,0.0,4.05,1.0,<Residue ALA het=  resseq=60 icode= >,1t2k_A_A,3.0
479,0.0,ALA, ,C,53.13,7.59,0.0,4.74,1.0,<Residue ALA het=  resseq=60 icode= >,1t2k_A_A,3.0
480,15.159,ALA, ,O,54.28,7.97,0.0,2.38,1.0,<Residue ALA het=  resseq=60 icode= >,1t2k_A_A,3.0
481,7.393,ALA, ,CB,46.8,8.62,0.0,1.72,1.0,<Residue ALA het=  resseq=60 icode= >,1t2k_A_A,3.0
482,0.0,THR, ,N,54.63,6.44,0.0,3.78,1.0,<Residue THR het=  resseq=61 icode= >,1t2k_A_A,3.0
483,0.754,THR, ,CA,55.56,5.62,0.0,3.55,1.0,<Residue THR het=  resseq=61 icode= >,1t2k_A_A,3.0
484,3.174,THR, ,C,56.47,6.24,0.0,3.33,1.0,<Residue THR het=  resseq=61 icode= >,1t2k_A_A,3.0
485,23.846,THR, ,O,55.76,6.14,0.0,1.51,1.0,<Residue THR het=  resseq=61 icode= >,1t2k_A_A,3.0
486,5.297,THR, ,CB,58.09,4.09,1.931,2.90,1.0,<Residue THR het=  resseq=61 icode= >,1t2k_A_A,3.0
487,4.296,THR, ,OG1,62.57,4.08,1.991,2.03,1.0,<Residue THR het=  resseq=61 icode= >,1t2k_A_A,3.0
488,1.391,THR, ,CG2,58.31,3.72,1.391,0.15,1.0,<Residue THR het=  resseq=61 icode= >,1t2k_A_A,3.0
489,0.234,GLY, ,N,58.16,7.21,0.0,3.03,1.0,<Residue GLY het=  resseq=62 icode= >,1t2k_A_A,3.0
490,23.007,GLY, ,CA,59.05,8.10,0.0,2.26,1.0,<Residue GLY het=  resseq=62 icode= >,1t2k_A_A,3.0
491,2.539,GLY, ,C,60.51,7.87,0.0,3.35,1.0,<Residue GLY het=  resseq=62 icode= >,1t2k_A_A,3.0
492,14.863,GLY, ,O,61.76,8.63,0.0,1.36,1.0,<Residue GLY het=  resseq=62 icode= >,1t2k_A_A,3.0
493,0.0,ALA, ,N,60.01,7.10,0.0,2.78,1.0,<Residue ALA het=  resseq=63 icode= >,1t2k_A_A,3.0
494,10.783,ALA, ,CA,57.98,7.15,0.0,3.21,1.0,<Residue ALA het=  resseq=63 icode= >,1t2k_A_A,3.0
495,0.549,ALA, ,C,59.88,7.85,0.0,3.07,1.0,<Residue ALA het=  resseq=63 icode= >,1t2k_A_A,3.0
496,17.52,ALA, ,O,61.89,7.73,0.0,1.40,1.0,<Residue ALA het=  resseq=63 icode= >,1t2k_A_A,3.0
497,39.929,ALA, ,CB,56.18,6.09,0.0,0.38,1.0,<Residue ALA het=  resseq=63 icode= >,1t2k_A_A,3.0
498,0.0,TYR, ,N,60.04,8.86,0.0,3.14,1.0,<Residue TYR het=  resseq=64 icode= >,1t2k_A_A,3.0
499,0.31,TYR, ,CA,61.01,9.79,0.0,3.80,1.0,<Residue TYR het=  resseq=64 icode= >,1t2k_A_A,3.0
500,0.0,TYR, ,C,63.31,11.20,0.0,3.60,1.0,<Residue TYR het=  resseq=64 icode= >,1t2k_A_A,3.0
501,0.509,TYR, ,O,67.18,11.49,0.0,1.21,1.0,<Residue TYR het=  resseq=64 icode= >,1t2k_A_A,3.0
502,0.925,TYR, ,CB,58.46,9.94,0.0,2.48,1.0,<Residue TYR het=  resseq=64 icode= >,1t2k_A_A,3.0
503,0.0,TYR, ,CG,60.16,11.23,0.0,3.88,1.0,<Residue TYR het=  resseq=64 icode= >,1t2k_A_A,3.0
504,0.693,TYR, ,CD1,66.01,11.50,0.0,2.08,1.0,<Residue TYR het=  resseq=64 icode= >,1t2k_A_A,3.0
505,0.0,TYR, ,CD2,62.9,12.30,0.0,1.79,1.0,<Residue TYR het=  resseq=64 icode= >,1t2k_A_A,3.0
506,0.0,TYR, ,CE1,68.12,12.78,0.0,2.32,1.0,<Residue TYR het=  resseq=64 icode= >,1t2k_A_A,3.0
507,0.05,TYR, ,CE2,67.51,13.49,0.0,1.49,1.0,<Residue TYR het=  resseq=64 icode= >,1t2k_A_A,3.0
508,0.0,TYR, ,CZ,69.07,13.71,0.0,2.31,1.0,<Residue TYR het=  resseq=64 icode= >,1t2k_A_A,3.0
509,17.349,TYR, ,OH,69.95,14.26,0.0,0.94,1.0,<Residue TYR het=  resseq=64 icode= >,1t2k_A_A,3.0
510,0.0,VAL, ,N,65.07,11.71,0.0,2.64,1.0,<Residue VAL het=  resseq=65 icode= >,1t2k_A_A,3.0
511,1.269,VAL, ,CA,63.99,13.10,0.0,3.45,1.0,<Residue VAL het=  resseq=65 icode= >,1t2k_A_A,3.0
512,0.0,VAL, ,C,62.12,14.01,0.0,4.77,1.0,<Residue VAL het=  resseq=65 icode= >,1t2k_A_A,3.0
513,0.0,VAL, ,O,64.38,14.23,0.0,2.30,1.0,<Residue VAL het=  resseq=65 icode= >,1t2k_A_A,3.0
514,0.0,VAL, ,CB,64.83,13.09,0.0,1.33,1.0,<Residue VAL het=  resseq=65 icode= >,1t2k_A_A,3.0
515,43.644,VAL, ,CG1,65.64,14.50,0.0,-0.30,1.0,<Residue VAL het=  resseq=65 icode= >,1t2k_A_A,3.0
516,17.108,VAL, ,CG2,64.06,12.09,0.0,-0.56,1.0,<Residue VAL het=  resseq=65 icode= >,1t2k_A_A,3.0
517,0.0,PRO, ,N,62.7,14.70,0.0,5.07,1.0,<Residue PRO het=  resseq=66 icode= >,1t2k_A_A,3.0
518,0.281,PRO, ,CA,65.14,15.72,0.0,3.99,1.0,<Residue PRO het=  resseq=66 icode= >,1t2k_A_A,3.0
519,1.341,PRO, ,C,66.97,16.53,0.0,3.72,1.0,<Residue PRO het=  resseq=66 icode= >,1t2k_A_A,3.0
520,14.632,PRO, ,O,67.4,16.92,0.0,2.16,1.0,<Residue PRO het=  resseq=66 icode= >,1t2k_A_A,3.0
521,32.051,PRO, ,CB,64.46,16.65,0.0,2.28,1.0,<Residue PRO het=  resseq=66 icode= >,1t2k_A_A,3.0
522,12.869,PRO, ,CG,67.12,15.50,0.0,1.06,1.0,<Residue PRO het=  resseq=66 icode= >,1t2k_A_A,3.0
523,13.234,PRO, ,CD,66.27,14.58,0.0,1.97,1.0,<Residue PRO het=  resseq=66 icode= >,1t2k_A_A,3.0
524,8.989,GLY, ,N,65.92,16.92,0.0,2.32,1.0,<Residue GLY het=  resseq=67 icode= >,1t2k_A_A,3.0
525,39.437,GLY, ,CA,66.46,17.82,0.0,2.09,1.0,<Residue GLY het=  resseq=67 icode= >,1t2k_A_A,3.0
526,4.479,GLY, ,C,65.89,17.07,0.0,3.05,1.0,<Residue GLY het=  resseq=67 icode= >,1t2k_A_A,3.0
527,29.318,GLY, ,O,68.77,17.54,0.0,1.34,1.0,<Residue GLY het=  resseq=67 icode= >,1t2k_A_A,3.0
528,2.865,ARG, ,N,64.8,15.99,0.0,3.19,1.0,<Residue ARG het=  resseq=68 icode= >,1t2k_A_A,3.0
529,11.067,ARG, ,CA,64.68,15.26,0.0,3.37,1.0,<Residue ARG het=  resseq=68 icode= >,1t2k_A_A,3.0
530,0.148,ARG, ,C,64.65,14.48,0.0,3.56,1.0,<Residue ARG het=  resseq=68 icode= >,1t2k_A_A,3.0
531,18.537,ARG, ,O,66.46,14.56,0.0,2.00,1.0,<Residue ARG het=  resseq=68 icode= >,1t2k_A_A,3.0
532,15.494,ARG, ,CB,63.44,14.39,0.0,1.28,1.0,<Residue ARG het=  resseq=68 icode= >,1t2k_A_A,3.0
533,3.207,ARG, ,CG,60.19,13.09,0.0,1.64,1.0,<Residue ARG het=  resseq=68 icode= >,1t2k_A_A,3.0
534,37.807,ARG, ,CD,64.57,12.74,0.0,0.79,1.0,<Residue ARG het=  resseq=68 icode= >,1t2k_A_A,3.0
535,14.878,ARG, ,NE,66.85,12.04,0.0,2.05,1.0,<Residue ARG het=  resseq=68 icode= >,1t2k_A_A,3.0
536,4.54,ARG, ,CZ,67.86,10.85,0.0,2.64,1.0,<Residue ARG het=  resseq=68 icode= >,1t2k_A_A,3.0
537,17.145,ARG, ,NH1,72.38,10.18,0.0,1.46,1.0,<Residue ARG het=  resseq=68 icode= >,1t2k_A_A,3.0
538,23.928,ARG, ,NH2,69.17,10.47,0.0,1.45,1.0,<Residue ARG het=  resseq=68 icode= >,1t2k_A_A,3.0
539,0.0,ASP, ,N,65.53,13.88,0.0,2.40,1.0,<Residue ASP het=  resseq=69 icode= >,1t2k_A_A,3.0
540,0.0,ASP, ,CA,65.33,13.13,0.0,3.70,1.0,<Residue ASP het=  resseq=69 icode= >,1t2k_A_A,3.0
541,3.217,ASP, ,C,63.49,13.68,0.0,4.48,1.0,<Residue ASP het=  resseq=69 icode= >,1t2k_A_A,3.0
542,9.217,ASP, ,O,61.72,14.45,0.0,2.89,1.0,<Residue ASP het=  resseq=69 icode= >,1t2k_A_A,3.0
543,4.143,ASP, ,CB,69.24,11.70,0.0,2.09,1.0,<Residue ASP het=  resseq=69 icode= >,1t2k_A_A,3.0
544,6.328,ASP, ,CG,74.94,10.98,0.0,2.39,1.0,<Residue ASP het=  resseq=69 icode= >,1t2k_A_A,3.0
545,4.765,ASP, ,OD1,77.02,11.25,0.0,1.04,1.0,<Residue ASP het=  resseq=69 icode= >,1t2k_A_A,3.0
546,1.124,ASP, ,OD2,75.54,10.26,0.0,1.64,1.0,<Residue ASP het=  resseq=69 icode= >,1t2k_A_A,3.0
547,0.275,LYS, ,N,62.55,13.17,0.0,3.38,1.0,<Residue LYS het=  resseq=70 icode= >,1t2k_A_A,3.0
548,8.14,LYS, ,CA,63.46,11.96,0.0,3.11,1.0,<Residue LYS het=  resseq=70 icode= >,1t2k_A_A,3.0
549,0.0,LYS, ,C,63.58,11.00,0.0,3.44,1.0,<Residue LYS het=  resseq=70 icode= >,1t2k_A_A,3.0
550,2.939,LYS, ,O,66.52,10.81,0.0,1.29,1.0,<Residue LYS het=  resseq=70 icode= >,1t2k_A_A,3.0
551,24.392,LYS, ,CB,65.31,11.47,0.0,1.58,1.0,<Residue LYS het=  resseq=70 icode= >,1t2k_A_A,3.0
552,13.518,LYS, ,CG,69.54,11.95,0.0,1.53,1.0,<Residue LYS het=  resseq=70 icode= >,1t2k_A_A,3.0
553,35.895,LYS, ,CD,68.75,12.51,0.0,1.59,1.0,<Residue LYS het=  resseq=70 icode= >,1t2k_A_A,3.0
554,35.566,LYS, ,CE,69.96,13.06,0.0,0.80,1.0,<Residue LYS het=  resseq=70 icode= >,1t2k_A_A,3.0
555,23.301,LYS, ,NZ,67.94,11.98,0.0,1.05,1.0,<Residue LYS het=  resseq=70 icode= >,1t2k_A_A,3.0
556,0.0,PRO, ,N,60.98,10.55,0.0,4.52,1.0,<Residue PRO het=  resseq=71 icode= >,1t2k_A_A,3.0
557,0.0,PRO, ,CA,60.18,9.81,0.0,3.90,1.0,<Residue PRO het=  resseq=71 icode= >,1t2k_A_A,3.0
558,0.613,PRO, ,C,61.22,8.61,0.0,3.80,1.0,<Residue PRO het=  resseq=71 icode= >,1t2k_A_A,3.0
559,17.074,PRO, ,O,63.06,8.22,0.0,2.27,1.0,<Residue PRO het=  resseq=71 icode= >,1t2k_A_A,3.0
560,11.764,PRO, ,CB,58.95,9.63,0.0,1.34,1.0,<Residue PRO het=  resseq=71 icode= >,1t2k_A_A,3.0
561,26.797,PRO, ,CG,62.1,10.91,0.0,1.83,1.0,<Residue PRO het=  resseq=71 icode= >,1t2k_A_A,3.0
562,32.201,PRO, ,CD,61.86,11.03,0.0,1.98,1.0,<Residue PRO het=  resseq=71 icode= >,1t2k_A_A,3.0
563,0.0,ASP, ,N,61.31,8.27,0.0,2.40,1.0,<Residue ASP het=  resseq=72 icode= >,1t2k_A_A,3.0
564,4.873,ASP, ,CA,58.15,7.33,0.0,4.29,1.0,<Residue ASP het=  resseq=72 icode= >,1t2k_A_A,3.0
565,0.0,ASP, ,C,60.61,7.24,0.0,4.69,1.0,<Residue ASP het=  resseq=72 icode= >,1t2k_A_A,3.0
566,0.0,ASP, ,O,59.49,7.44,0.0,2.17,1.0,<Residue ASP het=  resseq=72 icode= >,1t2k_A_A,3.0
567,12.511,ASP, ,CB,51.64,8.13,0.0,3.31,1.0,<Residue ASP het=  resseq=72 icode= >,1t2k_A_A,3.0
568,7.525,ASP, ,CG,50.9,7.34,0.0,4.75,1.0,<Residue ASP het=  resseq=72 icode= >,1t2k_A_A,3.0
569,3.108,ASP, ,OD1,50.63,6.46,0.0,2.91,1.0,<Residue ASP het=  resseq=72 icode= >,1t2k_A_A,3.0
570,26.739,ASP, ,OD2,50.31,7.68,0.0,2.19,1.0,<Residue ASP het=  resseq=72 icode= >,1t2k_A_A,3.0
571,0.0,LEU, ,N,62.05,6.47,0.0,3.60,1.0,<Residue LEU het=  resseq=73 icode= >,1t2k_A_A,3.0
572,0.0,LEU, ,CA,65.92,5.98,0.0,3.71,1.0,<Residue LEU het=  resseq=73 icode= >,1t2k_A_A,3.0
573,0.0,LEU, ,C,69.71,4.75,0.0,3.53,1.0,<Residue LEU het=  resseq=73 icode= >,1t2k_A_A,3.0
574,0.0,LEU, ,O,74.04,4.67,0.0,1.38,1.0,<Residue LEU het=  resseq=73 icode= >,1t2k_A_A,3.0
575,3.737,LEU, ,CB,67.61,5.86,0.0,0.74,1.0,<Residue LEU het=  resseq=73 icode= >,1t2k_A_A,3.0
576,11.412,LEU, ,CG,70.83,6.91,0.0,0.77,1.0,<Residue LEU het=  resseq=73 icode= >,1t2k_A_A,3.0
577,8.163,LEU, ,CD1,72.69,8.06,0.0,-0.54,1.0,<Residue LEU het=  resseq=73 icode= >,1t2k_A_A,3.0
578,32.815,LEU, ,CD2,75.17,6.64,0.0,-0.94,1.0,<Residue LEU het=  resseq=73 icode= >,1t2k_A_A,3.0
579,0.0,PRO, ,N,68.02,4.19,0.0,4.00,1.0,<Residue PRO het=  resseq=74 icode= >,1t2k_A_A,3.0
580,5.935,PRO, ,CA,64.61,3.29,5.935,3.88,1.0,<Residue PRO het=  resseq=74 icode= >,1t2k_A_A,3.0
581,0.963,PRO, ,C,61.15,4.26,0.0,4.44,1.0,<Residue PRO het=  resseq=74 icode= >,1t2k_A_A,3.0
582,3.505,PRO, ,O,62.56,4.19,0.893,2.24,1.0,<Residue PRO het=  resseq=74 icode= >,1t2k_A_A,3.0
583,33.385,PRO, ,CB,66.87,3.51,13.891,1.71,1.0,<Residue PRO het=  resseq=74 icode= >,1t2k_A_A,3.0
584,39.149,PRO, ,CG,69.79,3.70,35.719,1.11,1.0,<Residue PRO het=  resseq=74 icode= >,1t2k_A_A,3.0
585,12.116,PRO, ,CD,69.36,4.33,3.345,1.70,1.0,<Residue PRO het=  resseq=74 icode= >,1t2k_A_A,3.0
586,0.0,THR, ,N,56.9,5.50,0.0,3.41,1.0,<Residue THR het=  resseq=75 icode= >,1t2k_A_A,3.0
587,0.733,THR, ,CA,57.46,6.62,0.0,4.01,1.0,<Residue THR het=  resseq=75 icode= >,1t2k_A_A,3.0
588,0.0,THR, ,C,59.0,7.00,0.0,3.95,1.0,<Residue THR het=  resseq=75 icode= >,1t2k_A_A,3.0
589,0.0,THR, ,O,59.35,6.45,0.0,2.11,1.0,<Residue THR het=  resseq=75 icode= >,1t2k_A_A,3.0
590,0.0,THR, ,CB,57.42,6.35,0.0,2.75,1.0,<Residue THR het=  resseq=75 icode= >,1t2k_A_A,3.0
591,14.41,THR, ,OG1,59.76,6.69,0.0,1.62,1.0,<Residue THR het=  resseq=75 icode= >,1t2k_A_A,3.0
592,28.517,THR, ,CG2,55.32,4.87,4.956,0.43,1.0,<Residue THR het=  resseq=75 icode= >,1t2k_A_A,3.0
593,0.0,TRP, ,N,57.95,7.10,0.0,3.93,1.0,<Residue TRP het=  resseq=76 icode= >,1t2k_A_A,3.0
594,2.34,TRP, ,CA,53.32,7.90,0.0,4.18,1.0,<Residue TRP het=  resseq=76 icode= >,1t2k_A_A,3.0
595,0.0,TRP, ,C,50.96,7.42,0.0,5.15,1.0,<Residue TRP het=  resseq=76 icode= >,1t2k_A_A,3.0
596,0.726,TRP, ,O,52.49,7.42,0.0,1.91,1.0,<Residue TRP het=  resseq=76 icode= >,1t2k_A_A,3.0
597,0.0,TRP, ,CB,52.74,8.23,0.0,2.36,1.0,<Residue TRP het=  resseq=76 icode= >,1t2k_A_A,3.0
598,0.0,TRP, ,CG,51.24,9.07,0.0,3.61,1.0,<Residue TRP het=  resseq=76 icode= >,1t2k_A_A,3.0
599,4.836,TRP, ,CD1,47.91,8.19,0.0,2.34,1.0,<Residue TRP het=  resseq=76 icode= >,1t2k_A_A,3.0
600,0.0,TRP, ,CD2,50.17,9.54,0.0,3.91,1.0,<Residue TRP het=  resseq=76 icode= >,1t2k_A_A,3.0
601,6.197,TRP, ,NE1,49.91,8.86,0.0,2.15,1.0,<Residue TRP het=  resseq=76 icode= >,1t2k_A_A,3.0
602,0.0,TRP, ,CE2,48.46,10.19,0.0,3.85,1.0,<Residue TRP het=  resseq=76 icode= >,1t2k_A_A,3.0
603,0.0,TRP, ,CE3,51.56,9.44,0.0,1.35,1.0,<Residue TRP het=  resseq=76 icode= >,1t2k_A_A,3.0
604,0.0,TRP, ,CZ2,49.81,11.32,0.0,1.61,1.0,<Residue TRP het=  resseq=76 icode= >,1t2k_A_A,3.0
605,2.235,TRP, ,CZ3,48.71,10.34,0.0,1.37,1.0,<Residue TRP het=  resseq=76 icode= >,1t2k_A_A,3.0
606,0.955,TRP, ,CH2,50.78,11.21,0.0,1.39,1.0,<Residue TRP het=  resseq=76 icode= >,1t2k_A_A,3.0
607,0.0,LYS, ,N,47.39,6.16,0.0,4.24,1.0,<Residue LYS het=  resseq=77 icode= >,1t2k_A_A,3.0
608,0.0,LYS, ,CA,48.36,5.91,0.0,3.88,1.0,<Residue LYS het=  resseq=77 icode= >,1t2k_A_A,3.0
609,0.0,LYS, ,C,51.22,6.13,0.0,4.47,1.0,<Residue LYS het=  resseq=77 icode= >,1t2k_A_A,3.0
610,0.0,LYS, ,O,51.28,5.87,0.0,2.43,1.0,<Residue LYS het=  resseq=77 icode= >,1t2k_A_A,3.0
611,0.134,LYS, ,CB,43.3,4.63,0.134,2.22,1.0,<Residue LYS het=  resseq=77 icode= >,1t2k_A_A,3.0
612,1.617,LYS, ,CG,35.56,4.66,0.39,1.94,1.0,<Residue LYS het=  resseq=77 icode= >,1t2k_A_A,3.0
613,11.081,LYS, ,CD,38.95,3.27,10.999,1.62,1.0,<Residue LYS het=  resseq=77 icode= >,1t2k_A_A,3.0
614,11.24,LYS, ,CE,44.06,3.42,11.24,1.71,1.0,<Residue LYS het=  resseq=77 icode= >,1t2k_A_A,3.0
615,7.775,LYS, ,NZ,51.66,2.69,7.084,1.37,1.0,<Residue LYS het=  resseq=77 icode= >,1t2k_A_A,3.0
616,0.159,ARG, ,N,51.48,5.92,0.0,3.93,1.0,<Residue ARG het=  resseq=78 icode= >,1t2k_A_A,3.0
617,1.449,ARG, ,CA,52.18,6.01,0.0,5.29,1.0,<Residue ARG het=  resseq=78 icode= >,1t2k_A_A,3.0
618,0.0,ARG, ,C,53.18,5.01,0.0,4.05,1.0,<Residue ARG het=  resseq=78 icode= >,1t2k_A_A,3.0
619,0.0,ARG, ,O,59.04,4.78,0.0,1.42,1.0,<Residue ARG het=  resseq=78 icode= >,1t2k_A_A,3.0
620,6.633,ARG, ,CB,54.55,5.77,0.0,2.52,1.0,<Residue ARG het=  resseq=78 icode= >,1t2k_A_A,3.0
621,0.518,ARG, ,CG,61.1,4.55,0.518,2.11,1.0,<Residue ARG het=  resseq=78 icode= >,1t2k_A_A,3.0
622,33.818,ARG, ,CD,67.69,4.05,22.246,1.54,1.0,<Residue ARG het=  resseq=78 icode= >,1t2k_A_A,3.0
623,15.195,ARG, ,NE,77.27,3.74,2.529,0.41,1.0,<Residue ARG het=  resseq=78 icode= >,1t2k_A_A,3.0
624,4.148,ARG, ,CZ,81.1,3.43,4.148,0.29,1.0,<Residue ARG het=  resseq=78 icode= >,1t2k_A_A,3.0
625,27.553,ARG, ,NH1,83.9,3.35,27.553,-0.26,1.0,<Residue ARG het=  resseq=78 icode= >,1t2k_A_A,3.0
626,36.359,ARG, ,NH2,77.54,3.91,15.705,-0.46,1.0,<Residue ARG het=  resseq=78 icode= >,1t2k_A_A,3.0
627,0.0,ASN, ,N,48.85,4.85,0.0,3.94,1.0,<Residue ASN het=  resseq=79 icode= >,1t2k_A_A,3.0
628,2.037,ASN, ,CA,45.41,4.24,2.037,4.28,1.0,<Residue ASN het=  resseq=79 icode= >,1t2k_A_A,3.0
629,0.0,ASN, ,C,47.73,4.98,0.0,5.00,1.0,<Residue ASN het=  resseq=79 icode= >,1t2k_A_A,3.0
630,2.034,ASN, ,O,48.58,4.56,2.023,2.48,1.0,<Residue ASN het=  resseq=79 icode= >,1t2k_A_A,3.0
631,12.609,ASN, ,CB,45.47,4.58,6.014,2.99,1.0,<Residue ASN het=  resseq=79 icode= >,1t2k_A_A,3.0
632,2.662,ASN, ,CG,49.35,3.93,2.177,4.15,1.0,<Residue ASN het=  resseq=79 icode= >,1t2k_A_A,3.0
633,0.034,ASN, ,OD1,54.05,4.03,0.034,1.49,1.0,<Residue ASN het=  resseq=79 icode= >,1t2k_A_A,3.0
634,52.506,ASN, ,ND2,54.14,2.92,44.8,1.11,1.0,<Residue ASN het=  resseq=79 icode= >,1t2k_A_A,3.0
635,0.0,PHE, ,N,44.67,5.66,0.0,4.30,1.0,<Residue PHE het=  resseq=80 icode= >,1t2k_A_A,3.0
636,0.0,PHE, ,CA,44.43,5.86,0.0,4.60,1.0,<Residue PHE het=  resseq=80 icode= >,1t2k_A_A,3.0
637,0.0,PHE, ,C,46.56,6.63,0.0,5.69,1.0,<Residue PHE het=  resseq=80 icode= >,1t2k_A_A,3.0
638,0.0,PHE, ,O,47.94,6.57,0.0,2.23,1.0,<Residue PHE het=  resseq=80 icode= >,1t2k_A_A,3.0
639,0.0,PHE, ,CB,44.73,6.93,0.0,2.31,1.0,<Residue PHE het=  resseq=80 icode= >,1t2k_A_A,3.0
640,0.0,PHE, ,CG,40.01,7.57,0.0,3.59,1.0,<Residue PHE het=  resseq=80 icode= >,1t2k_A_A,3.0
641,0.0,PHE, ,CD1,41.62,7.04,0.0,1.70,1.0,<Residue PHE het=  resseq=80 icode= >,1t2k_A_A,3.0
642,0.0,PHE, ,CD2,44.56,8.93,0.0,0.90,1.0,<Residue PHE het=  resseq=80 icode= >,1t2k_A_A,3.0
643,0.0,PHE, ,CE1,46.38,8.03,0.0,0.24,1.0,<Residue PHE het=  resseq=80 icode= >,1t2k_A_A,3.0
644,0.025,PHE, ,CE2,49.08,9.74,0.0,0.71,1.0,<Residue PHE het=  resseq=80 icode= >,1t2k_A_A,3.0
645,0.0,PHE, ,CZ,47.22,9.34,0.0,0.86,1.0,<Residue PHE het=  resseq=80 icode= >,1t2k_A_A,3.0
646,0.0,ARG, ,N,49.49,7.08,0.0,4.52,1.0,<Residue ARG het=  resseq=81 icode= >,1t2k_A_A,3.0
647,0.0,ARG, ,CA,52.8,6.54,0.0,4.38,1.0,<Residue ARG het=  resseq=81 icode= >,1t2k_A_A,3.0
648,0.0,ARG, ,C,50.19,6.63,0.0,6.08,1.0,<Residue ARG het=  resseq=81 icode= >,1t2k_A_A,3.0
649,0.0,ARG, ,O,49.53,6.52,0.0,3.55,1.0,<Residue ARG het=  resseq=81 icode= >,1t2k_A_A,3.0
650,0.0,ARG, ,CB,54.06,5.02,0.0,1.73,1.0,<Residue ARG het=  resseq=81 icode= >,1t2k_A_A,3.0
651,0.78,ARG, ,CG,49.5,4.75,0.0,1.60,1.0,<Residue ARG het=  resseq=81 icode= >,1t2k_A_A,3.0
652,17.451,ARG, ,CD,45.33,3.38,12.907,2.59,1.0,<Residue ARG het=  resseq=81 icode= >,1t2k_A_A,3.0
653,10.407,ARG, ,NE,45.82,2.77,10.37,3.46,1.0,<Residue ARG het=  resseq=81 icode= >,1t2k_A_A,3.0
654,4.44,ARG, ,CZ,53.82,3.67,4.44,3.87,1.0,<Residue ARG het=  resseq=81 icode= >,1t2k_A_A,3.0
655,26.4,ARG, ,NH1,54.59,3.66,22.385,1.73,1.0,<Residue ARG het=  resseq=81 icode= >,1t2k_A_A,3.0
656,32.986,ARG, ,NH2,51.21,3.64,30.137,1.85,1.0,<Residue ARG het=  resseq=81 icode= >,1t2k_A_A,3.0
657,0.0,SER, ,N,48.99,5.64,0.0,5.09,1.0,<Residue SER het=  resseq=82 icode= >,1t2k_A_A,3.0
658,0.509,SER, ,CA,53.16,4.60,0.0,4.78,1.0,<Residue SER het=  resseq=82 icode= >,1t2k_A_A,3.0
659,0.743,SER, ,C,54.33,3.87,0.743,4.45,1.0,<Residue SER het=  resseq=82 icode= >,1t2k_A_A,3.0
660,0.0,SER, ,O,55.61,3.86,0.0,2.27,1.0,<Residue SER het=  resseq=82 icode= >,1t2k_A_A,3.0
661,22.751,SER, ,CB,53.04,3.62,22.681,2.15,1.0,<Residue SER het=  resseq=82 icode= >,1t2k_A_A,3.0
662,13.192,SER, ,OG,64.01,3.57,10.592,0.99,1.0,<Residue SER het=  resseq=82 icode= >,1t2k_A_A,3.0
663,0.457,ALA, ,N,54.96,3.90,0.457,3.16,1.0,<Residue ALA het=  resseq=83 icode= >,1t2k_A_A,3.0
664,10.29,ALA, ,CA,53.21,3.88,10.29,3.09,1.0,<Residue ALA het=  resseq=83 icode= >,1t2k_A_A,3.0
665,0.0,ALA, ,C,53.11,5.05,0.0,4.56,1.0,<Residue ALA het=  resseq=83 icode= >,1t2k_A_A,3.0
666,1.87,ALA, ,O,52.78,5.10,1.259,1.73,1.0,<Residue ALA het=  resseq=83 icode= >,1t2k_A_A,3.0
667,19.332,ALA, ,CB,50.66,4.03,19.332,-0.06,1.0,<Residue ALA het=  resseq=83 icode= >,1t2k_A_A,3.0
668,0.0,LEU, ,N,50.24,6.09,0.0,3.79,1.0,<Residue LEU het=  resseq=84 icode= >,1t2k_A_A,3.0
669,0.0,LEU, ,CA,49.95,7.24,0.0,4.47,1.0,<Residue LEU het=  resseq=84 icode= >,1t2k_A_A,3.0
670,0.09,LEU, ,C,56.4,7.41,0.0,5.03,1.0,<Residue LEU het=  resseq=84 icode= >,1t2k_A_A,3.0
671,2.659,LEU, ,O,61.32,8.27,0.0,2.04,1.0,<Residue LEU het=  resseq=84 icode= >,1t2k_A_A,3.0
672,0.0,LEU, ,CB,44.64,8.35,0.0,2.99,1.0,<Residue LEU het=  resseq=84 icode= >,1t2k_A_A,3.0
673,0.0,LEU, ,CG,41.24,8.18,0.0,3.09,1.0,<Residue LEU het=  resseq=84 icode= >,1t2k_A_A,3.0
674,0.0,LEU, ,CD1,40.39,9.59,0.0,0.79,1.0,<Residue LEU het=  resseq=84 icode= >,1t2k_A_A,3.0
675,0.0,LEU, ,CD2,40.26,7.39,0.0,0.41,1.0,<Residue LEU het=  resseq=84 icode= >,1t2k_A_A,3.0
676,0.0,ASN, ,N,62.23,6.79,0.0,3.44,1.0,<Residue ASN het=  resseq=85 icode= >,1t2k_A_A,3.0
677,3.2,ASN, ,CA,65.75,7.05,0.0,3.41,1.0,<Residue ASN het=  resseq=85 icode= >,1t2k_A_A,3.0
678,0.0,ASN, ,C,66.69,7.37,0.0,4.34,1.0,<Residue ASN het=  resseq=85 icode= >,1t2k_A_A,3.0
679,21.049,ASN, ,O,67.29,8.40,0.0,2.83,1.0,<Residue ASN het=  resseq=85 icode= >,1t2k_A_A,3.0
680,0.224,ASN, ,CB,69.43,5.89,0.0,2.29,1.0,<Residue ASN het=  resseq=85 icode= >,1t2k_A_A,3.0
681,3.627,ASN, ,CG,74.65,4.67,0.611,2.11,1.0,<Residue ASN het=  resseq=85 icode= >,1t2k_A_A,3.0
682,32.27,ASN, ,OD1,79.87,4.37,9.987,0.63,1.0,<Residue ASN het=  resseq=85 icode= >,1t2k_A_A,3.0
683,17.715,ASN, ,ND2,74.55,4.38,5.963,0.64,1.0,<Residue ASN het=  resseq=85 icode= >,1t2k_A_A,3.0
684,0.0,ARG, ,N,68.45,6.35,0.0,3.08,1.0,<Residue ARG het=  resseq=86 icode= >,1t2k_A_A,3.0
685,8.542,ARG, ,CA,73.73,6.64,0.0,2.92,1.0,<Residue ARG het=  resseq=86 icode= >,1t2k_A_A,3.0
686,0.966,ARG, ,C,73.95,6.62,0.0,2.74,1.0,<Residue ARG het=  resseq=86 icode= >,1t2k_A_A,3.0
687,19.322,ARG, ,O,76.53,5.89,0.0,0.95,1.0,<Residue ARG het=  resseq=86 icode= >,1t2k_A_A,3.0
688,21.189,ARG, ,CB,78.1,5.47,0.019,1.56,1.0,<Residue ARG het=  resseq=86 icode= >,1t2k_A_A,3.0
689,10.443,ARG, ,CG,83.07,4.46,9.762,1.13,1.0,<Residue ARG het=  resseq=86 icode= >,1t2k_A_A,3.0
690,39.532,ARG, ,CD,88.73,3.35,33.38,0.60,1.0,<Residue ARG het=  resseq=86 icode= >,1t2k_A_A,3.0
691,15.754,ARG, ,NE,91.72,3.92,7.84,0.79,1.0,<Residue ARG het=  resseq=86 icode= >,1t2k_A_A,3.0
692,4.087,ARG, ,CZ,92.63,3.60,4.076,1.21,1.0,<Residue ARG het=  resseq=86 icode= >,1t2k_A_A,3.0
693,7.801,ARG, ,NH1,93.07,3.88,5.307,0.65,1.0,<Residue ARG het=  resseq=86 icode= >,1t2k_A_A,3.0
694,49.74,ARG, ,NH2,91.42,3.66,32.224,-0.59,1.0,<Residue ARG het=  resseq=86 icode= >,1t2k_A_A,3.0
695,0.014,LYS, ,N,71.28,7.61,0.0,2.68,1.0,<Residue LYS het=  resseq=87 icode= >,1t2k_A_A,3.0
696,1.213,LYS, ,CA,68.73,7.01,0.0,3.24,1.0,<Residue LYS het=  resseq=87 icode= >,1t2k_A_A,3.0
697,2.879,LYS, ,C,69.58,7.95,0.0,4.01,1.0,<Residue LYS het=  resseq=87 icode= >,1t2k_A_A,3.0
698,4.796,LYS, ,O,69.29,7.78,0.0,2.31,1.0,<Residue LYS het=  resseq=87 icode= >,1t2k_A_A,3.0
699,0.0,LYS, ,CB,63.46,6.58,0.0,1.36,1.0,<Residue LYS het=  resseq=87 icode= >,1t2k_A_A,3.0
700,0.065,LYS, ,CG,56.9,5.25,0.0,1.40,1.0,<Residue LYS het=  resseq=87 icode= >,1t2k_A_A,3.0
701,3.88,LYS, ,CD,51.08,4.21,2.546,2.07,1.0,<Residue LYS het=  resseq=87 icode= >,1t2k_A_A,3.0
702,19.016,LYS, ,CE,51.34,2.91,11.945,1.97,1.0,<Residue LYS het=  resseq=87 icode= >,1t2k_A_A,3.0
703,46.141,LYS, ,NZ,49.48,2.90,24.44,1.28,1.0,<Residue LYS het=  resseq=87 icode= >,1t2k_A_A,3.0
704,1.803,GLU, ,N,72.48,9.13,0.0,3.31,1.0,<Residue GLU het=  resseq=88 icode= >,1t2k_A_A,3.0
705,7.487,GLU, ,CA,75.8,10.22,0.0,2.50,1.0,<Residue GLU het=  resseq=88 icode= >,1t2k_A_A,3.0
706,0.0,GLU, ,C,75.25,10.03,0.0,3.83,1.0,<Residue GLU het=  resseq=88 icode= >,1t2k_A_A,3.0
707,17.593,GLU, ,O,77.44,9.44,0.0,1.97,1.0,<Residue GLU het=  resseq=88 icode= >,1t2k_A_A,3.0
708,29.578,GLU, ,CB,78.91,10.58,0.0,0.69,1.0,<Residue GLU het=  resseq=88 icode= >,1t2k_A_A,3.0
709,30.932,GLU, ,CG,87.79,10.93,0.0,0.63,1.0,<Residue GLU het=  resseq=88 icode= >,1t2k_A_A,3.0
710,11.705,GLU, ,CD,93.27,12.42,0.0,0.21,1.0,<Residue GLU het=  resseq=88 icode= >,1t2k_A_A,3.0
711,34.775,GLU, ,OE1,95.77,12.91,0.0,0.09,1.0,<Residue GLU het=  resseq=88 icode= >,1t2k_A_A,3.0
712,12.345,GLU, ,OE2,97.55,12.97,0.0,0.19,1.0,<Residue GLU het=  resseq=88 icode= >,1t2k_A_A,3.0
713,0.389,GLY, ,N,72.2,10.76,0.0,3.04,1.0,<Residue GLY het=  resseq=89 icode= >,1t2k_A_A,3.0
714,18.511,GLY, ,CA,67.83,10.95,0.0,2.38,1.0,<Residue GLY het=  resseq=89 icode= >,1t2k_A_A,3.0
715,1.094,GLY, ,C,66.53,11.15,0.0,3.35,1.0,<Residue GLY het=  resseq=89 icode= >,1t2k_A_A,3.0
716,1.877,GLY, ,O,68.51,11.62,0.0,1.67,1.0,<Residue GLY het=  resseq=89 icode= >,1t2k_A_A,3.0
717,0.0,LEU, ,N,63.64,11.01,0.0,3.46,1.0,<Residue LEU het=  resseq=90 icode= >,1t2k_A_A,3.0
718,0.0,LEU, ,CA,59.61,11.41,0.0,3.55,1.0,<Residue LEU het=  resseq=90 icode= >,1t2k_A_A,3.0
719,0.28,LEU, ,C,58.82,12.18,0.0,4.15,1.0,<Residue LEU het=  resseq=90 icode= >,1t2k_A_A,3.0
720,9.983,LEU, ,O,57.71,11.65,0.0,2.64,1.0,<Residue LEU het=  resseq=90 icode= >,1t2k_A_A,3.0
721,0.0,LEU, ,CB,57.17,10.25,0.0,2.19,1.0,<Residue LEU het=  resseq=90 icode= >,1t2k_A_A,3.0
722,0.13,LEU, ,CG,58.12,10.71,0.0,2.16,1.0,<Residue LEU het=  resseq=90 icode= >,1t2k_A_A,3.0
723,0.0,LEU, ,CD1,58.5,11.58,0.0,0.54,1.0,<Residue LEU het=  resseq=90 icode= >,1t2k_A_A,3.0
724,0.0,LEU, ,CD2,58.45,9.61,0.0,0.29,1.0,<Residue LEU het=  resseq=90 icode= >,1t2k_A_A,3.0
725,0.0,ARG, ,N,60.44,11.77,0.0,3.09,1.0,<Residue ARG het=  resseq=91 icode= >,1t2k_A_A,3.0
726,6.502,ARG, ,CA,63.8,10.55,0.0,3.81,1.0,<Residue ARG het=  resseq=91 icode= >,1t2k_A_A,3.0
727,0.0,ARG, ,C,64.71,10.20,0.0,4.31,1.0,<Residue ARG het=  resseq=91 icode= >,1t2k_A_A,3.0
728,0.0,ARG, ,O,66.69,11.17,0.0,2.72,1.0,<Residue ARG het=  resseq=91 icode= >,1t2k_A_A,3.0
729,21.16,ARG, ,CB,68.51,10.97,0.0,1.64,1.0,<Residue ARG het=  resseq=91 icode= >,1t2k_A_A,3.0
730,0.0,ARG, ,CG,74.5,12.13,0.0,1.02,1.0,<Residue ARG het=  resseq=91 icode= >,1t2k_A_A,3.0
731,13.95,ARG, ,CD,80.63,12.52,0.0,0.74,1.0,<Residue ARG het=  resseq=91 icode= >,1t2k_A_A,3.0
732,5.525,ARG, ,NE,86.17,11.87,0.0,1.08,1.0,<Residue ARG het=  resseq=91 icode= >,1t2k_A_A,3.0
733,5.324,ARG, ,CZ,87.12,12.54,0.0,1.65,1.0,<Residue ARG het=  resseq=91 icode= >,1t2k_A_A,3.0
734,45.468,ARG, ,NH1,89.87,13.78,0.0,0.72,1.0,<Residue ARG het=  resseq=91 icode= >,1t2k_A_A,3.0
735,42.822,ARG, ,NH2,84.29,12.08,0.0,1.02,1.0,<Residue ARG het=  resseq=91 icode= >,1t2k_A_A,3.0
736,3.334,LEU, ,N,64.62,8.96,0.0,3.82,1.0,<Residue LEU het=  resseq=92 icode= >,1t2k_A_A,3.0
737,0.0,LEU, ,CA,65.58,8.87,0.0,3.74,1.0,<Residue LEU het=  resseq=92 icode= >,1t2k_A_A,3.0
738,1.247,LEU, ,C,66.39,9.82,0.0,3.63,1.0,<Residue LEU het=  resseq=92 icode= >,1t2k_A_A,3.0
739,1.216,LEU, ,O,70.61,10.29,0.0,1.30,1.0,<Residue LEU het=  resseq=92 icode= >,1t2k_A_A,3.0
740,15.549,LEU, ,CB,64.02,7.53,0.0,2.45,1.0,<Residue LEU het=  resseq=92 icode= >,1t2k_A_A,3.0
741,0.0,LEU, ,CG,66.97,6.82,0.0,1.63,1.0,<Residue LEU het=  resseq=92 icode= >,1t2k_A_A,3.0
742,14.782,LEU, ,CD1,69.44,6.53,0.0,-1.07,1.0,<Residue LEU het=  resseq=92 icode= >,1t2k_A_A,3.0
743,24.529,LEU, ,CD2,64.76,5.76,3.183,-0.02,1.0,<Residue LEU het=  resseq=92 icode= >,1t2k_A_A,3.0
744,0.0,ALA, ,N,66.39,10.31,0.0,3.26,1.0,<Residue ALA het=  resseq=93 icode= >,1t2k_A_A,3.0
745,1.563,ALA, ,CA,66.06,11.38,0.0,2.88,1.0,<Residue ALA het=  resseq=93 icode= >,1t2k_A_A,3.0
746,4.613,ALA, ,C,68.19,11.44,0.0,3.01,1.0,<Residue ALA het=  resseq=93 icode= >,1t2k_A_A,3.0
747,21.171,ALA, ,O,69.21,12.23,0.0,1.15,1.0,<Residue ALA het=  resseq=93 icode= >,1t2k_A_A,3.0
748,3.991,ALA, ,CB,67.63,12.71,0.0,0.47,1.0,<Residue ALA het=  resseq=93 icode= >,1t2k_A_A,3.0
749,0.915,GLU, ,N,71.05,10.78,0.0,3.00,1.0,<Residue GLU het=  resseq=94 icode= >,1t2k_A_A,3.0
750,6.752,GLU, ,CA,75.86,11.00,0.0,3.16,1.0,<Residue GLU het=  resseq=94 icode= >,1t2k_A_A,3.0
751,0.393,GLU, ,C,76.31,9.64,0.0,3.53,1.0,<Residue GLU het=  resseq=94 icode= >,1t2k_A_A,3.0
752,0.0,GLU, ,O,78.82,9.07,0.0,1.90,1.0,<Residue GLU het=  resseq=94 icode= >,1t2k_A_A,3.0
753,0.059,GLU, ,CB,80.05,12.02,0.0,1.46,1.0,<Residue GLU het=  resseq=94 icode= >,1t2k_A_A,3.0
754,17.469,GLU, ,CG,86.47,13.17,0.0,1.08,1.0,<Residue GLU het=  resseq=94 icode= >,1t2k_A_A,3.0
755,8.13,GLU, ,CD,90.93,14.11,0.0,1.46,1.0,<Residue GLU het=  resseq=94 icode= >,1t2k_A_A,3.0
756,12.715,GLU, ,OE1,94.03,14.81,0.0,0.50,1.0,<Residue GLU het=  resseq=94 icode= >,1t2k_A_A,3.0
757,8.408,GLU, ,OE2,95.15,14.27,0.0,0.68,1.0,<Residue GLU het=  resseq=94 icode= >,1t2k_A_A,3.0
758,6.382,ASP, ,N,74.87,9.21,0.0,2.72,1.0,<Residue ASP het=  resseq=95 icode= >,1t2k_A_A,3.0
759,0.0,ASP, ,CA,72.11,7.91,0.0,3.47,1.0,<Residue ASP het=  resseq=95 icode= >,1t2k_A_A,3.0
760,0.191,ASP, ,C,72.4,8.23,0.0,4.52,1.0,<Residue ASP het=  resseq=95 icode= >,1t2k_A_A,3.0
761,12.888,ASP, ,O,73.13,8.34,0.0,2.39,1.0,<Residue ASP het=  resseq=95 icode= >,1t2k_A_A,3.0
762,21.972,ASP, ,CB,70.72,7.30,0.0,2.15,1.0,<Residue ASP het=  resseq=95 icode= >,1t2k_A_A,3.0
763,2.004,ASP, ,CG,72.98,5.98,0.0,2.87,1.0,<Residue ASP het=  resseq=95 icode= >,1t2k_A_A,3.0
764,28.138,ASP, ,OD1,71.96,5.54,0.0,1.90,1.0,<Residue ASP het=  resseq=95 icode= >,1t2k_A_A,3.0
765,0.0,ASP, ,OD2,74.02,5.65,0.0,1.83,1.0,<Residue ASP het=  resseq=95 icode= >,1t2k_A_A,3.0
766,0.016,ARG, ,N,73.58,8.71,0.0,3.39,1.0,<Residue ARG het=  resseq=96 icode= >,1t2k_A_A,3.0
767,3.193,ARG, ,CA,72.87,9.35,0.0,3.55,1.0,<Residue ARG het=  resseq=96 icode= >,1t2k_A_A,3.0
768,0.056,ARG, ,C,72.28,8.42,0.0,4.20,1.0,<Residue ARG het=  resseq=96 icode= >,1t2k_A_A,3.0
769,0.0,ARG, ,O,72.56,9.03,0.0,2.35,1.0,<Residue ARG het=  resseq=96 icode= >,1t2k_A_A,3.0
770,0.012,ARG, ,CB,75.86,10.47,0.0,1.59,1.0,<Residue ARG het=  resseq=96 icode= >,1t2k_A_A,3.0
771,0.961,ARG, ,CG,80.81,11.65,0.0,1.55,1.0,<Residue ARG het=  resseq=96 icode= >,1t2k_A_A,3.0
772,9.474,ARG, ,CD,87.72,12.61,0.0,1.13,1.0,<Residue ARG het=  resseq=96 icode= >,1t2k_A_A,3.0
773,17.099,ARG, ,NE,92.01,13.48,0.0,1.58,1.0,<Residue ARG het=  resseq=96 icode= >,1t2k_A_A,3.0
774,4.469,ARG, ,CZ,94.39,13.28,0.0,1.42,1.0,<Residue ARG het=  resseq=96 icode= >,1t2k_A_A,3.0
775,29.083,ARG, ,NH1,95.73,12.18,0.0,0.62,1.0,<Residue ARG het=  resseq=96 icode= >,1t2k_A_A,3.0
776,46.431,ARG, ,NH2,94.55,14.30,0.0,0.46,1.0,<Residue ARG het=  resseq=96 icode= >,1t2k_A_A,3.0
777,0.0,SER, ,N,70.78,7.13,0.0,4.35,1.0,<Residue SER het=  resseq=97 icode= >,1t2k_A_A,3.0
778,0.0,SER, ,CA,72.53,6.29,0.0,4.80,1.0,<Residue SER het=  resseq=97 icode= >,1t2k_A_A,3.0
779,0.155,SER, ,C,74.46,7.01,0.0,3.73,1.0,<Residue SER het=  resseq=97 icode= >,1t2k_A_A,3.0
780,5.5,SER, ,O,76.32,6.75,0.0,1.85,1.0,<Residue SER het=  resseq=97 icode= >,1t2k_A_A,3.0
781,2.616,SER, ,CB,72.31,4.87,0.409,2.98,1.0,<Residue SER het=  resseq=97 icode= >,1t2k_A_A,3.0
782,16.036,SER, ,OG,75.34,4.22,4.092,1.00,1.0,<Residue SER het=  resseq=97 icode= >,1t2k_A_A,3.0
783,0.0,LYS, ,N,76.22,6.60,0.0,2.67,1.0,<Residue LYS het=  resseq=98 icode= >,1t2k_A_A,3.0
784,8.614,LYS, ,CA,76.31,6.01,0.0,2.72,1.0,<Residue LYS het=  resseq=98 icode= >,1t2k_A_A,3.0
785,2.114,LYS, ,C,78.1,6.36,0.0,3.09,1.0,<Residue LYS het=  resseq=98 icode= >,1t2k_A_A,3.0
786,12.194,LYS, ,O,79.09,5.86,0.0,1.68,1.0,<Residue LYS het=  resseq=98 icode= >,1t2k_A_A,3.0
787,20.744,LYS, ,CB,71.9,4.55,3.467,2.02,1.0,<Residue LYS het=  resseq=98 icode= >,1t2k_A_A,3.0
788,28.228,LYS, ,CG,68.88,4.47,0.202,1.48,1.0,<Residue LYS het=  resseq=98 icode= >,1t2k_A_A,3.0
789,14.934,LYS, ,CD,65.72,4.10,0.0,1.67,1.0,<Residue LYS het=  resseq=98 icode= >,1t2k_A_A,3.0
790,35.843,LYS, ,CE,64.08,2.74,24.958,1.76,1.0,<Residue LYS het=  resseq=98 icode= >,1t2k_A_A,3.0
791,44.483,LYS, ,NZ,60.83,3.22,11.096,1.08,1.0,<Residue LYS het=  resseq=98 icode= >,1t2k_A_A,3.0
792,0.937,ASP, ,N,81.94,7.46,0.0,2.52,1.0,<Residue ASP het=  resseq=99 icode= >,1t2k_A_A,3.0
793,6.528,ASP, ,CA,83.58,8.17,0.0,3.04,1.0,<Residue ASP het=  resseq=99 icode= >,1t2k_A_A,3.0
794,0.128,ASP, ,C,83.33,7.58,0.0,4.07,1.0,<Residue ASP het=  resseq=99 icode= >,1t2k_A_A,3.0
795,1.056,ASP, ,O,84.11,7.43,0.0,1.85,1.0,<Residue ASP het=  resseq=99 icode= >,1t2k_A_A,3.0
796,3.036,ASP, ,CB,87.07,9.51,0.0,1.60,1.0,<Residue ASP het=  resseq=99 icode= >,1t2k_A_A,3.0
797,8.924,ASP, ,CG,90.79,10.50,0.0,2.07,1.0,<Residue ASP het=  resseq=99 icode= >,1t2k_A_A,3.0
798,11.089,ASP, ,OD1,92.09,10.23,0.0,1.40,1.0,<Residue ASP het=  resseq=99 icode= >,1t2k_A_A,3.0
799,24.354,ASP, ,OD2,90.97,11.68,0.0,1.67,1.0,<Residue ASP het=  resseq=99 icode= >,1t2k_A_A,3.0
800,0.0,PRO, ,N,83.57,7.58,0.0,4.28,1.0,<Residue PRO het=  resseq=100 icode= >,1t2k_A_A,3.0
801,6.269,PRO, ,CA,84.31,7.23,0.0,4.06,1.0,<Residue PRO het=  resseq=100 icode= >,1t2k_A_A,3.0
802,0.0,PRO, ,C,87.01,8.00,0.0,3.66,1.0,<Residue PRO het=  resseq=100 icode= >,1t2k_A_A,3.0
803,5.159,PRO, ,O,87.26,7.67,0.291,1.95,1.0,<Residue PRO het=  resseq=100 icode= >,1t2k_A_A,3.0
804,25.306,PRO, ,CB,83.49,7.87,4.89,1.77,1.0,<Residue PRO het=  resseq=100 icode= >,1t2k_A_A,3.0
805,43.273,PRO, ,CG,84.94,7.32,5.528,0.98,1.0,<Residue PRO het=  resseq=100 icode= >,1t2k_A_A,3.0
806,18.13,PRO, ,CD,83.55,7.12,0.0,1.77,1.0,<Residue PRO het=  resseq=100 icode= >,1t2k_A_A,3.0
807,0.0,HIS, ,N,88.47,9.22,0.0,3.35,1.0,<Residue HIS het=  resseq=101 icode= >,1t2k_A_A,3.0
808,1.466,HIS, ,CA,89.94,10.17,0.0,2.59,1.0,<Residue HIS het=  resseq=101 icode= >,1t2k_A_A,3.0
809,2.755,HIS, ,C,88.11,10.63,0.0,1.78,1.0,<Residue HIS het=  resseq=101 icode= >,1t2k_A_A,3.0
810,24.649,HIS, ,O,86.94,11.49,0.0,0.47,1.0,<Residue HIS het=  resseq=101 icode= >,1t2k_A_A,3.0
811,23.601,HIS, ,CB,95.14,11.48,0.0,1.15,1.0,<Residue HIS het=  resseq=101 icode= >,1t2k_A_A,3.0
812,2.007,HIS, ,CG,103.12,11.60,0.0,0.27,1.0,<Residue HIS het=  resseq=101 icode= >,1t2k_A_A,3.0
813,24.543,HIS, ,ND1,106.25,12.44,0.0,0.39,1.0,<Residue HIS het=  resseq=101 icode= >,1t2k_A_A,3.0
814,24.15,HIS, ,CD2,104.27,11.23,2.842,0.34,1.0,<Residue HIS het=  resseq=101 icode= >,1t2k_A_A,3.0
815,42.343,HIS, ,CE1,105.73,12.59,0.0,0.81,1.0,<Residue HIS het=  resseq=101 icode= >,1t2k_A_A,3.0
816,29.854,HIS, ,NE2,105.4,11.89,12.888,1.04,1.0,<Residue HIS het=  resseq=101 icode= >,1t2k_A_A,3.0
817,0.501,ASP, ,N,85.03,10.30,0.0,2.59,1.0,<Residue ASP het=  resseq=102 icode= >,1t2k_A_A,3.0
818,4.143,ASP, ,CA,80.64,10.98,0.0,2.84,1.0,<Residue ASP het=  resseq=102 icode= >,1t2k_A_A,3.0
819,0.0,ASP, ,C,76.28,10.50,0.0,4.52,1.0,<Residue ASP het=  resseq=102 icode= >,1t2k_A_A,3.0
820,1.248,ASP, ,O,76.48,11.27,0.0,2.68,1.0,<Residue ASP het=  resseq=102 icode= >,1t2k_A_A,3.0
821,26.131,ASP, ,CB,82.08,12.53,0.0,1.47,1.0,<Residue ASP het=  resseq=102 icode= >,1t2k_A_A,3.0
822,7.541,ASP, ,CG,84.76,13.26,0.0,2.00,1.0,<Residue ASP het=  resseq=102 icode= >,1t2k_A_A,3.0
823,13.974,ASP, ,OD1,87.18,13.02,0.0,0.28,1.0,<Residue ASP het=  resseq=102 icode= >,1t2k_A_A,3.0
824,9.803,ASP, ,OD2,84.42,14.20,0.0,1.58,1.0,<Residue ASP het=  resseq=102 icode= >,1t2k_A_A,3.0
825,0.0,PRO, ,N,72.39,9.39,0.0,5.14,1.0,<Residue PRO het=  resseq=103 icode= >,1t2k_A_A,3.0
826,0.0,PRO, ,CA,71.14,9.17,0.0,4.62,1.0,<Residue PRO het=  resseq=103 icode= >,1t2k_A_A,3.0
827,0.0,PRO, ,C,71.22,9.55,0.0,3.74,1.0,<Residue PRO het=  resseq=103 icode= >,1t2k_A_A,3.0
828,0.919,PRO, ,O,73.78,9.97,0.0,1.87,1.0,<Residue PRO het=  resseq=103 icode= >,1t2k_A_A,3.0
829,1.4,PRO, ,CB,71.72,7.77,0.0,1.98,1.0,<Residue PRO het=  resseq=103 icode= >,1t2k_A_A,3.0
830,2.857,PRO, ,CG,70.9,7.65,0.0,1.17,1.0,<Residue PRO het=  resseq=103 icode= >,1t2k_A_A,3.0
831,10.725,PRO, ,CD,71.36,8.57,0.0,2.16,1.0,<Residue PRO het=  resseq=103 icode= >,1t2k_A_A,3.0
832,0.0,HIS, ,N,69.29,8.98,0.0,3.17,1.0,<Residue HIS het=  resseq=104 icode= >,1t2k_A_A,3.0
833,0.0,HIS, ,CA,64.82,8.67,0.0,3.98,1.0,<Residue HIS het=  resseq=104 icode= >,1t2k_A_A,3.0
834,0.0,HIS, ,C,63.7,8.14,0.0,4.40,1.0,<Residue HIS het=  resseq=104 icode= >,1t2k_A_A,3.0
835,0.0,HIS, ,O,65.62,8.18,0.0,2.36,1.0,<Residue HIS het=  resseq=104 icode= >,1t2k_A_A,3.0
836,0.0,HIS, ,CB,64.6,10.03,0.0,2.40,1.0,<Residue HIS het=  resseq=104 icode= >,1t2k_A_A,3.0
837,0.0,HIS, ,CG,64.16,11.02,0.0,3.51,1.0,<Residue HIS het=  resseq=104 icode= >,1t2k_A_A,3.0
838,0.0,HIS, ,ND1,62.72,11.61,0.0,2.58,1.0,<Residue HIS het=  resseq=104 icode= >,1t2k_A_A,3.0
839,0.0,HIS, ,CD2,63.32,11.70,0.0,1.88,1.0,<Residue HIS het=  resseq=104 icode= >,1t2k_A_A,3.0
840,13.46,HIS, ,CE1,61.72,12.54,0.0,2.85,1.0,<Residue HIS het=  resseq=104 icode= >,1t2k_A_A,3.0
841,6.878,HIS, ,NE2,62.39,12.61,0.0,2.66,1.0,<Residue HIS het=  resseq=104 icode= >,1t2k_A_A,3.0
842,0.0,LYS, ,N,61.19,7.94,0.0,3.94,1.0,<Residue LYS het=  resseq=105 icode= >,1t2k_A_A,3.0
843,0.074,LYS, ,CA,57.81,7.82,0.0,4.57,1.0,<Residue LYS het=  resseq=105 icode= >,1t2k_A_A,3.0
844,0.0,LYS, ,C,60.1,9.12,0.0,4.40,1.0,<Residue LYS het=  resseq=105 icode= >,1t2k_A_A,3.0
845,0.0,LYS, ,O,62.86,9.64,0.0,2.27,1.0,<Residue LYS het=  resseq=105 icode= >,1t2k_A_A,3.0
846,0.0,LYS, ,CB,55.41,6.67,0.0,2.65,1.0,<Residue LYS het=  resseq=105 icode= >,1t2k_A_A,3.0
847,0.0,LYS, ,CG,55.19,5.30,0.0,1.88,1.0,<Residue LYS het=  resseq=105 icode= >,1t2k_A_A,3.0
848,0.057,LYS, ,CD,58.37,4.33,0.0,1.24,1.0,<Residue LYS het=  resseq=105 icode= >,1t2k_A_A,3.0
849,5.998,LYS, ,CE,57.1,2.92,5.324,1.51,1.0,<Residue LYS het=  resseq=105 icode= >,1t2k_A_A,3.0
850,13.593,LYS, ,NZ,58.46,3.37,4.642,0.58,1.0,<Residue LYS het=  resseq=105 icode= >,1t2k_A_A,3.0
851,0.007,ILE, ,N,60.42,9.83,0.0,3.69,1.0,<Residue ILE het=  resseq=106 icode= >,1t2k_A_A,3.0
852,0.0,ILE, ,CA,57.42,11.13,0.0,4.54,1.0,<Residue ILE het=  resseq=106 icode= >,1t2k_A_A,3.0
853,0.0,ILE, ,C,57.6,11.28,0.0,4.36,1.0,<Residue ILE het=  resseq=106 icode= >,1t2k_A_A,3.0
854,0.0,ILE, ,O,60.2,11.17,0.0,2.52,1.0,<Residue ILE het=  resseq=106 icode= >,1t2k_A_A,3.0
855,0.0,ILE, ,CB,58.19,12.25,0.0,3.23,1.0,<Residue ILE het=  resseq=106 icode= >,1t2k_A_A,3.0
856,0.072,ILE, ,CG1,57.23,12.52,0.0,1.80,1.0,<Residue ILE het=  resseq=106 icode= >,1t2k_A_A,3.0
857,0.0,ILE, ,CG2,62.49,13.55,0.0,0.44,1.0,<Residue ILE het=  resseq=106 icode= >,1t2k_A_A,3.0
858,11.503,ILE, ,CD1,54.77,13.64,0.0,0.03,1.0,<Residue ILE het=  resseq=106 icode= >,1t2k_A_A,3.0
859,0.0,TYR, ,N,58.04,11.74,0.0,3.24,1.0,<Residue TYR het=  resseq=107 icode= >,1t2k_A_A,3.0
860,0.0,TYR, ,CA,58.14,12.19,0.0,3.99,1.0,<Residue TYR het=  resseq=107 icode= >,1t2k_A_A,3.0
861,0.0,TYR, ,C,59.95,13.59,0.0,4.55,1.0,<Residue TYR het=  resseq=107 icode= >,1t2k_A_A,3.0
862,0.0,TYR, ,O,63.11,14.36,0.0,2.83,1.0,<Residue TYR het=  resseq=107 icode= >,1t2k_A_A,3.0
863,0.0,TYR, ,CB,56.82,11.98,0.0,1.73,1.0,<Residue TYR het=  resseq=107 icode= >,1t2k_A_A,3.0
864,0.0,TYR, ,CG,53.74,10.62,0.0,3.51,1.0,<Residue TYR het=  resseq=107 icode= >,1t2k_A_A,3.0
865,0.0,TYR, ,CD1,48.25,9.60,0.0,2.68,1.0,<Residue TYR het=  resseq=107 icode= >,1t2k_A_A,3.0
866,0.06,TYR, ,CD2,54.99,10.12,0.0,2.46,1.0,<Residue TYR het=  resseq=107 icode= >,1t2k_A_A,3.0
867,0.007,TYR, ,CE1,50.45,8.35,0.0,2.63,1.0,<Residue TYR het=  resseq=107 icode= >,1t2k_A_A,3.0
868,1.886,TYR, ,CE2,55.18,8.89,0.0,2.17,1.0,<Residue TYR het=  resseq=107 icode= >,1t2k_A_A,3.0
869,0.0,TYR, ,CZ,52.69,8.23,0.0,3.22,1.0,<Residue TYR het=  resseq=107 icode= >,1t2k_A_A,3.0
870,0.722,TYR, ,OH,59.31,7.16,0.0,1.02,1.0,<Residue TYR het=  resseq=107 icode= >,1t2k_A_A,3.0
871,0.0,GLU, ,N,59.4,13.59,0.0,4.04,1.0,<Residue GLU het=  resseq=108 icode= >,1t2k_A_A,3.0
872,0.0,GLU, ,CA,62.56,14.84,0.0,3.73,1.0,<Residue GLU het=  resseq=108 icode= >,1t2k_A_A,3.0
873,0.0,GLU, ,C,63.76,15.04,0.0,4.14,1.0,<Residue GLU het=  resseq=108 icode= >,1t2k_A_A,3.0
874,0.0,GLU, ,O,64.45,14.26,0.0,2.54,1.0,<Residue GLU het=  resseq=108 icode= >,1t2k_A_A,3.0
875,0.0,GLU, ,CB,68.13,14.95,0.0,1.32,1.0,<Residue GLU het=  resseq=108 icode= >,1t2k_A_A,3.0
876,0.2,GLU, ,CG,74.98,16.32,0.0,0.56,1.0,<Residue GLU het=  resseq=108 icode= >,1t2k_A_A,3.0
877,3.102,GLU, ,CD,77.76,16.54,0.0,1.60,1.0,<Residue GLU het=  resseq=108 icode= >,1t2k_A_A,3.0
878,6.469,GLU, ,OE1,76.68,16.21,0.0,0.86,1.0,<Residue GLU het=  resseq=108 icode= >,1t2k_A_A,3.0
879,31.525,GLU, ,OE2,76.52,17.15,0.0,0.83,1.0,<Residue GLU het=  resseq=108 icode= >,1t2k_A_A,3.0
880,0.0,PHE, ,N,64.28,15.04,0.0,3.36,1.0,<Residue PHE het=  resseq=109 icode= >,1t2k_A_A,3.0
881,0.0,PHE, ,CA,66.95,14.32,0.0,3.21,1.0,<Residue PHE het=  resseq=109 icode= >,1t2k_A_A,3.0
882,1.916,PHE, ,C,70.73,15.26,0.0,2.97,1.0,<Residue PHE het=  resseq=109 icode= >,1t2k_A_A,3.0
883,6.614,PHE, ,O,71.45,16.45,0.0,1.12,1.0,<Residue PHE het=  resseq=109 icode= >,1t2k_A_A,3.0
884,16.448,PHE, ,CB,63.57,14.07,0.0,1.84,1.0,<Residue PHE het=  resseq=109 icode= >,1t2k_A_A,3.0
885,2.04,PHE, ,CG,58.98,12.92,0.0,2.68,1.0,<Residue PHE het=  resseq=109 icode= >,1t2k_A_A,3.0
886,9.858,PHE, ,CD1,56.32,11.62,0.0,1.94,1.0,<Residue PHE het=  resseq=109 icode= >,1t2k_A_A,3.0
887,3.971,PHE, ,CD2,60.53,13.23,0.0,0.93,1.0,<Residue PHE het=  resseq=109 icode= >,1t2k_A_A,3.0
888,11.675,PHE, ,CE1,58.28,10.57,0.0,0.98,1.0,<Residue PHE het=  resseq=109 icode= >,1t2k_A_A,3.0
889,3.456,PHE, ,CE2,60.95,12.33,0.0,0.91,1.0,<Residue PHE het=  resseq=109 icode= >,1t2k_A_A,3.0
890,3.18,PHE, ,CZ,59.59,10.96,0.0,0.89,1.0,<Residue PHE het=  resseq=109 icode= >,1t2k_A_A,3.0
891,1.295,VAL, ,N,74.32,14.80,0.0,2.43,1.0,<Residue VAL het=  resseq=110 icode= >,1t2k_A_A,3.0
892,12.879,VAL, ,CA,77.65,15.73,0.0,2.48,1.0,<Residue VAL het=  resseq=110 icode= >,1t2k_A_A,3.0
893,2.166,VAL, ,C,83.93,15.29,0.0,1.99,1.0,<Residue VAL het=  resseq=110 icode= >,1t2k_A_A,3.0
894,8.393,VAL, ,O,85.85,14.26,0.0,1.07,1.0,<Residue VAL het=  resseq=110 icode= >,1t2k_A_A,3.0
895,10.45,VAL, ,CB,73.42,16.02,0.0,2.80,1.0,<Residue VAL het=  resseq=110 icode= >,1t2k_A_A,3.0
896,16.275,VAL, ,CG1,67.72,16.27,0.0,1.64,1.0,<Residue VAL het=  resseq=110 icode= >,1t2k_A_A,3.0
897,11.906,VAL, ,CG2,72.62,14.85,0.0,1.66,1.0,<Residue VAL het=  resseq=110 icode= >,1t2k_A_A,3.0
898,7.949,ASN, ,N,87.56,16.13,0.0,1.50,1.0,<Residue ASN het=  resseq=111 icode= >,1t2k_A_A,3.0
899,5.627,ASN, ,CA,91.38,15.50,0.0,1.58,1.0,<Residue ASN het=  resseq=111 icode= >,1t2k_A_A,3.0
900,3.288,ASN, ,C,93.99,16.30,0.0,2.21,1.0,<Residue ASN het=  resseq=111 icode= >,1t2k_A_A,3.0
901,12.145,ASN, ,O,93.5,17.17,0.0,0.91,1.0,<Residue ASN het=  resseq=111 icode= >,1t2k_A_A,3.0
902,22.085,ASN, ,CB,88.96,15.10,0.0,1.16,1.0,<Residue ASN het=  resseq=111 icode= >,1t2k_A_A,3.0
903,5.186,ASN, ,CG,86.23,15.77,0.0,2.01,1.0,<Residue ASN het=  resseq=111 icode= >,1t2k_A_A,3.0
904,40.309,ASN, ,OD1,84.14,15.19,0.0,0.65,1.0,<Residue ASN het=  resseq=111 icode= >,1t2k_A_A,3.0
905,43.369,ASN, ,ND2,82.73,17.10,0.0,0.60,1.0,<Residue ASN het=  resseq=111 icode= >,1t2k_A_A,3.0
906,5.39,SER, ,N,96.74,16.03,0.0,2.66,1.0,<Residue SER het=  resseq=112 icode= >,1t2k_A_A,3.0
907,19.002,SER, ,CA,97.54,16.45,0.0,2.19,1.0,<Residue SER het=  resseq=112 icode= >,1t2k_A_A,3.0
908,28.596,SER, ,C,97.74,16.44,0.0,1.11,1.0,<Residue SER het=  resseq=112 icode= >,1t2k_A_A,3.0
909,15.827,SER, ,O,96.06,16.32,0.0,0.65,1.0,<Residue SER het=  resseq=112 icode= >,1t2k_A_A,3.0
910,55.438,SER, ,CB,96.54,17.80,0.0,1.60,1.0,<Residue SER het=  resseq=112 icode= >,1t2k_A_A,3.0
911,14.248,SER, ,OXT,98.58,17.51,0.0,1.07,1.0,<Residue SER het=  resseq=112 icode= >,1t2k_A_A,3.0
