,ASA,aa,altloc,atom,bfac,d2r,dASA,dens,occ,residue,id,resolu
0,35.193,LYS, ,N,47.16,10.03,0.0,0.84,1.0,<Residue LYS het=  resseq=149 icode= >,1t2t_A_A,2.5
1,11.925,LYS, ,CA,48.16,9.96,0.0,1.49,1.0,<Residue LYS het=  resseq=149 icode= >,1t2t_A_A,2.5
2,0.0,LYS, ,C,49.03,9.32,0.0,1.56,1.0,<Residue LYS het=  resseq=149 icode= >,1t2t_A_A,2.5
3,0.0,LYS, ,O,48.88,8.42,0.0,1.31,1.0,<Residue LYS het=  resseq=149 icode= >,1t2t_A_A,2.5
4,7.523,LYS, ,CB,47.61,9.45,0.0,1.34,1.0,<Residue LYS het=  resseq=149 icode= >,1t2t_A_A,2.5
5,11.802,LYS, ,CG,47.28,9.46,0.0,1.43,1.0,<Residue LYS het=  resseq=149 icode= >,1t2t_A_A,2.5
6,3.634,LYS, ,CD,47.47,8.77,0.0,1.19,1.0,<Residue LYS het=  resseq=149 icode= >,1t2t_A_A,2.5
7,30.591,LYS, ,CE,47.8,8.34,0.0,1.31,1.0,<Residue LYS het=  resseq=149 icode= >,1t2t_A_A,2.5
8,13.133,LYS, ,NZ,47.48,7.02,0.0,1.38,1.0,<Residue LYS het=  resseq=149 icode= >,1t2t_A_A,2.5
9,3.327,PHE, ,N,49.83,10.00,0.0,0.90,1.0,<Residue PHE het=  resseq=150 icode= >,1t2t_A_A,2.5
10,0.0,PHE, ,CA,49.73,9.83,0.0,1.83,1.0,<Residue PHE het=  resseq=150 icode= >,1t2t_A_A,2.5
11,0.037,PHE, ,C,50.5,9.47,0.0,2.53,1.0,<Residue PHE het=  resseq=150 icode= >,1t2t_A_A,2.5
12,15.854,PHE, ,O,50.95,10.01,0.0,2.09,1.0,<Residue PHE het=  resseq=150 icode= >,1t2t_A_A,2.5
13,17.783,PHE, ,CB,48.77,11.22,0.0,0.95,1.0,<Residue PHE het=  resseq=150 icode= >,1t2t_A_A,2.5
14,2.323,PHE, ,CG,48.36,11.80,0.0,1.71,1.0,<Residue PHE het=  resseq=150 icode= >,1t2t_A_A,2.5
15,20.034,PHE, ,CD1,47.96,12.69,0.0,1.51,1.0,<Residue PHE het=  resseq=150 icode= >,1t2t_A_A,2.5
16,3.687,PHE, ,CD2,47.66,11.62,0.0,1.36,1.0,<Residue PHE het=  resseq=150 icode= >,1t2t_A_A,2.5
17,31.457,PHE, ,CE1,47.65,13.36,0.0,1.36,1.0,<Residue PHE het=  resseq=150 icode= >,1t2t_A_A,2.5
18,18.409,PHE, ,CE2,48.14,12.35,0.0,1.25,1.0,<Residue PHE het=  resseq=150 icode= >,1t2t_A_A,2.5
19,17.591,PHE, ,CZ,47.47,13.20,0.0,1.35,1.0,<Residue PHE het=  resseq=150 icode= >,1t2t_A_A,2.5
20,0.0,CYS, ,N,51.07,8.81,0.0,1.42,1.0,<Residue CYS het=  resseq=151 icode= >,1t2t_A_A,2.5
21,2.096,CYS, ,CA,51.01,8.61,0.0,1.13,1.0,<Residue CYS het=  resseq=151 icode= >,1t2t_A_A,2.5
22,1.126,CYS, ,C,51.08,9.79,0.0,2.02,1.0,<Residue CYS het=  resseq=151 icode= >,1t2t_A_A,2.5
23,5.555,CYS, ,O,51.4,10.49,0.0,1.10,1.0,<Residue CYS het=  resseq=151 icode= >,1t2t_A_A,2.5
24,0.0,CYS, ,CB,50.18,7.27,0.0,1.52,1.0,<Residue CYS het=  resseq=151 icode= >,1t2t_A_A,2.5
25,0.247,CYS, ,SG,49.82,7.38,0.0,2.97,1.0,<Residue CYS het=  resseq=151 icode= >,1t2t_A_A,2.5
26,6.041,LYS, ,N,50.59,10.18,0.0,1.83,1.0,<Residue LYS het=  resseq=152 icode= >,1t2t_A_A,2.5
27,12.801,LYS, ,CA,50.53,11.42,0.0,1.16,1.0,<Residue LYS het=  resseq=152 icode= >,1t2t_A_A,2.5
28,0.077,LYS, ,C,51.43,11.48,0.0,1.83,1.0,<Residue LYS het=  resseq=152 icode= >,1t2t_A_A,2.5
29,29.032,LYS, ,O,50.46,12.59,0.0,1.53,1.0,<Residue LYS het=  resseq=152 icode= >,1t2t_A_A,2.5
30,28.577,LYS, ,CB,48.44,11.90,0.0,1.32,1.0,<Residue LYS het=  resseq=152 icode= >,1t2t_A_A,2.5
31,2.555,LYS, ,CG,47.43,11.38,0.0,0.43,0.5,<Residue LYS het=  resseq=152 icode= >,1t2t_A_A,2.5
32,33.02,LYS, ,CD,46.69,11.83,0.0,0.74,0.5,<Residue LYS het=  resseq=152 icode= >,1t2t_A_A,2.5
33,46.843,LYS, ,CE,45.92,11.68,0.0,0.77,0.5,<Residue LYS het=  resseq=152 icode= >,1t2t_A_A,2.5
34,7.065,LYS, ,NZ,45.67,10.31,0.0,0.56,0.5,<Residue LYS het=  resseq=152 icode= >,1t2t_A_A,2.5
35,0.0,CYS, ,N,52.04,10.42,0.0,1.58,1.0,<Residue CYS het=  resseq=153 icode= >,1t2t_A_A,2.5
36,11.203,CYS, ,CA,52.73,10.66,0.0,1.76,1.0,<Residue CYS het=  resseq=153 icode= >,1t2t_A_A,2.5
37,1.896,CYS, ,C,53.31,10.91,0.0,1.30,1.0,<Residue CYS het=  resseq=153 icode= >,1t2t_A_A,2.5
38,29.9,CYS, ,O,53.03,11.55,0.0,1.35,1.0,<Residue CYS het=  resseq=153 icode= >,1t2t_A_A,2.5
39,19.78,CYS, ,CB,52.37,9.62,0.0,1.02,1.0,<Residue CYS het=  resseq=153 icode= >,1t2t_A_A,2.5
40,7.377,CYS, ,SG,53.66,8.16,0.0,2.60,1.0,<Residue CYS het=  resseq=153 icode= >,1t2t_A_A,2.5
41,0.0,GLY, ,N,52.61,10.60,0.0,1.40,1.0,<Residue GLY het=  resseq=154 icode= >,1t2t_A_A,2.5
42,29.071,GLY, ,CA,52.8,11.07,0.0,1.58,1.0,<Residue GLY het=  resseq=154 icode= >,1t2t_A_A,2.5
43,4.846,GLY, ,C,53.46,10.13,0.0,1.70,1.0,<Residue GLY het=  resseq=154 icode= >,1t2t_A_A,2.5
44,10.332,GLY, ,O,53.11,10.62,0.0,1.08,1.0,<Residue GLY het=  resseq=154 icode= >,1t2t_A_A,2.5
45,0.131,VAL, ,N,53.98,8.94,0.0,0.66,1.0,<Residue VAL het=  resseq=155 icode= >,1t2t_A_A,2.5
46,7.171,VAL, ,CA,54.31,8.14,0.0,1.31,1.0,<Residue VAL het=  resseq=155 icode= >,1t2t_A_A,2.5
47,0.0,VAL, ,C,54.58,7.70,0.0,1.68,1.0,<Residue VAL het=  resseq=155 icode= >,1t2t_A_A,2.5
48,0.0,VAL, ,O,54.15,7.53,0.0,1.02,1.0,<Residue VAL het=  resseq=155 icode= >,1t2t_A_A,2.5
49,9.621,VAL, ,CB,54.66,7.03,0.0,1.24,1.0,<Residue VAL het=  resseq=155 icode= >,1t2t_A_A,2.5
50,54.031,VAL, ,CG1,54.44,7.82,0.0,0.55,1.0,<Residue VAL het=  resseq=155 icode= >,1t2t_A_A,2.5
51,8.19,VAL, ,CG2,53.76,5.88,0.0,0.75,1.0,<Residue VAL het=  resseq=155 icode= >,1t2t_A_A,2.5
52,0.279,ARG, ,N,54.3,7.79,0.0,1.23,1.0,<Residue ARG het=  resseq=156 icode= >,1t2t_A_A,2.5
53,0.0,ARG, ,CA,54.23,7.61,0.0,1.12,1.0,<Residue ARG het=  resseq=156 icode= >,1t2t_A_A,2.5
54,0.826,ARG, ,C,53.58,6.11,0.0,1.68,1.0,<Residue ARG het=  resseq=156 icode= >,1t2t_A_A,2.5
55,22.238,ARG, ,O,52.96,5.56,0.0,1.60,1.0,<Residue ARG het=  resseq=156 icode= >,1t2t_A_A,2.5
56,7.303,ARG, ,CB,54.6,8.48,0.0,1.05,1.0,<Residue ARG het=  resseq=156 icode= >,1t2t_A_A,2.5
57,23.148,ARG, ,CG,55.84,9.06,0.0,0.42,1.0,<Residue ARG het=  resseq=156 icode= >,1t2t_A_A,2.5
58,33.431,ARG, ,CD,56.69,10.23,0.0,0.52,1.0,<Residue ARG het=  resseq=156 icode= >,1t2t_A_A,2.5
59,2.695,ARG, ,NE,57.03,11.12,0.0,0.61,1.0,<Residue ARG het=  resseq=156 icode= >,1t2t_A_A,2.5
60,8.578,ARG, ,CZ,56.06,12.13,0.0,1.48,1.0,<Residue ARG het=  resseq=156 icode= >,1t2t_A_A,2.5
61,51.112,ARG, ,NH1,56.25,12.45,0.0,0.58,1.0,<Residue ARG het=  resseq=156 icode= >,1t2t_A_A,2.5
62,35.128,ARG, ,NH2,55.54,12.95,0.0,0.98,1.0,<Residue ARG het=  resseq=156 icode= >,1t2t_A_A,2.5
63,0.0,ILE, ,N,53.01,5.71,0.0,0.62,1.0,<Residue ILE het=  resseq=157 icode= >,1t2t_A_A,2.5
64,5.32,ILE, ,CA,50.96,4.45,2.42,1.37,1.0,<Residue ILE het=  resseq=157 icode= >,1t2t_A_A,2.5
65,4.244,ILE, ,C,50.69,5.02,0.0,2.78,1.0,<Residue ILE het=  resseq=157 icode= >,1t2t_A_A,2.5
66,4.411,ILE, ,O,48.89,6.25,0.0,2.11,1.0,<Residue ILE het=  resseq=157 icode= >,1t2t_A_A,2.5
67,0.046,ILE, ,CB,49.87,4.21,0.046,1.80,1.0,<Residue ILE het=  resseq=157 icode= >,1t2t_A_A,2.5
68,0.0,ILE, ,CG1,49.17,5.67,0.0,1.53,1.0,<Residue ILE het=  resseq=157 icode= >,1t2t_A_A,2.5
69,8.186,ILE, ,CG2,49.45,3.97,7.331,0.99,1.0,<Residue ILE het=  resseq=157 icode= >,1t2t_A_A,2.5
70,1.058,ILE, ,CD1,46.27,6.14,0.0,1.63,1.0,<Residue ILE het=  resseq=157 icode= >,1t2t_A_A,2.5
71,2.79,GLN, ,N,51.32,4.42,0.035,1.80,1.0,<Residue GLN het=  resseq=158 icode= >,1t2t_A_A,2.5
72,10.203,GLN, ,CA,51.96,5.45,0.0,2.03,1.0,<Residue GLN het=  resseq=158 icode= >,1t2t_A_A,2.5
73,0.0,GLN, ,C,51.07,6.32,0.0,2.28,1.0,<Residue GLN het=  resseq=158 icode= >,1t2t_A_A,2.5
74,0.0,GLN, ,O,50.29,6.04,0.0,1.31,1.0,<Residue GLN het=  resseq=158 icode= >,1t2t_A_A,2.5
75,16.129,GLN, ,CB,54.08,5.18,0.0,1.16,1.0,<Residue GLN het=  resseq=158 icode= >,1t2t_A_A,2.5
76,12.841,GLN, ,CG,57.72,3.80,7.714,-0.26,1.0,<Residue GLN het=  resseq=158 icode= >,1t2t_A_A,2.5
77,5.988,GLN, ,CD,58.07,4.15,5.385,0.97,1.0,<Residue GLN het=  resseq=158 icode= >,1t2t_A_A,2.5
78,33.579,GLN, ,OE1,57.87,3.24,29.037,1.24,1.0,<Residue GLN het=  resseq=158 icode= >,1t2t_A_A,2.5
79,50.616,GLN, ,NE2,56.34,4.14,15.562,0.76,1.0,<Residue GLN het=  resseq=158 icode= >,1t2t_A_A,2.5
80,1.041,THR, ,N,50.33,7.62,0.0,1.72,1.0,<Residue THR het=  resseq=159 icode= >,1t2t_A_A,2.5
81,0.0,THR, ,CA,50.16,8.69,0.0,1.27,1.0,<Residue THR het=  resseq=159 icode= >,1t2t_A_A,2.5
82,0.399,THR, ,C,50.38,7.69,0.0,2.28,1.0,<Residue THR het=  resseq=159 icode= >,1t2t_A_A,2.5
83,15.075,THR, ,O,50.49,7.50,0.0,1.45,1.0,<Residue THR het=  resseq=159 icode= >,1t2t_A_A,2.5
84,16.805,THR, ,CB,50.32,10.04,0.0,1.59,1.0,<Residue THR het=  resseq=159 icode= >,1t2t_A_A,2.5
85,25.18,THR, ,OG1,48.08,9.97,0.0,1.59,1.0,<Residue THR het=  resseq=159 icode= >,1t2t_A_A,2.5
86,54.437,THR, ,CG2,50.0,10.26,0.0,0.72,1.0,<Residue THR het=  resseq=159 icode= >,1t2t_A_A,2.5
87,0.04,SER, ,N,50.98,7.16,0.0,1.56,1.0,<Residue SER het=  resseq=160 icode= >,1t2t_A_A,2.5
88,9.52,SER, ,CA,50.67,6.19,0.0,1.79,1.0,<Residue SER het=  resseq=160 icode= >,1t2t_A_A,2.5
89,1.787,SER, ,C,50.8,4.74,0.802,1.60,1.0,<Residue SER het=  resseq=160 icode= >,1t2t_A_A,2.5
90,26.117,SER, ,O,50.24,4.08,4.887,1.72,1.0,<Residue SER het=  resseq=160 icode= >,1t2t_A_A,2.5
91,44.043,SER, ,CB,51.35,6.00,0.0,1.21,1.0,<Residue SER het=  resseq=160 icode= >,1t2t_A_A,2.5
92,18.349,SER, ,OG,51.61,6.26,0.0,0.92,1.0,<Residue SER het=  resseq=160 icode= >,1t2t_A_A,2.5
93,0.061,ALA, ,N,51.05,4.53,0.0,0.74,1.0,<Residue ALA het=  resseq=161 icode= >,1t2t_A_A,2.5
94,9.289,ALA, ,CA,50.23,3.39,9.146,2.00,1.0,<Residue ALA het=  resseq=161 icode= >,1t2t_A_A,2.5
95,0.118,ALA, ,C,50.43,3.46,0.0,2.32,1.0,<Residue ALA het=  resseq=161 icode= >,1t2t_A_A,2.5
96,0.0,ALA, ,O,51.02,4.67,0.0,1.02,1.0,<Residue ALA het=  resseq=161 icode= >,1t2t_A_A,2.5
97,9.977,ALA, ,CB,48.77,3.77,9.977,1.50,1.0,<Residue ALA het=  resseq=161 icode= >,1t2t_A_A,2.5
98,6.388,TYR, ,N,50.32,2.64,6.388,2.54,1.0,<Residue TYR het=  resseq=162 icode= >,1t2t_A_A,2.5
99,2.205,TYR, ,CA,50.59,3.62,0.0,1.61,1.0,<Residue TYR het=  resseq=162 icode= >,1t2t_A_A,2.5
100,0.0,TYR, ,C,50.46,4.42,0.0,1.73,1.0,<Residue TYR het=  resseq=162 icode= >,1t2t_A_A,2.5
101,12.842,TYR, ,O,49.13,5.59,0.0,1.68,1.0,<Residue TYR het=  resseq=162 icode= >,1t2t_A_A,2.5
102,29.678,TYR, ,CB,51.59,3.56,7.921,0.84,1.0,<Residue TYR het=  resseq=162 icode= >,1t2t_A_A,2.5
103,2.921,TYR, ,CG,52.22,5.04,0.0,1.55,1.0,<Residue TYR het=  resseq=162 icode= >,1t2t_A_A,2.5
104,20.971,TYR, ,CD1,52.31,6.06,0.0,0.75,1.0,<Residue TYR het=  resseq=162 icode= >,1t2t_A_A,2.5
105,17.621,TYR, ,CD2,52.11,5.67,0.0,1.88,1.0,<Residue TYR het=  resseq=162 icode= >,1t2t_A_A,2.5
106,33.743,TYR, ,CE1,52.82,7.39,0.0,0.96,1.0,<Residue TYR het=  resseq=162 icode= >,1t2t_A_A,2.5
107,31.07,TYR, ,CE2,53.15,7.08,0.0,1.03,1.0,<Residue TYR het=  resseq=162 icode= >,1t2t_A_A,2.5
108,9.224,TYR, ,CZ,53.88,7.83,0.0,1.29,1.0,<Residue TYR het=  resseq=162 icode= >,1t2t_A_A,2.5
109,43.596,TYR, ,OH,53.26,9.21,0.0,1.17,1.0,<Residue TYR het=  resseq=162 icode= >,1t2t_A_A,2.5
110,1.719,THR, ,N,49.34,4.15,1.424,2.11,1.0,<Residue THR het=  resseq=163 icode= >,1t2t_A_A,2.5
111,0.041,THR, ,CA,49.2,5.13,0.0,2.44,1.0,<Residue THR het=  resseq=163 icode= >,1t2t_A_A,2.5
112,0.0,THR, ,C,49.57,4.37,0.0,2.86,1.0,<Residue THR het=  resseq=163 icode= >,1t2t_A_A,2.5
113,11.766,THR, ,O,49.55,3.20,11.766,1.54,1.0,<Residue THR het=  resseq=163 icode= >,1t2t_A_A,2.5
114,3.103,THR, ,CB,48.54,5.56,0.707,2.79,1.0,<Residue THR het=  resseq=163 icode= >,1t2t_A_A,2.5
115,9.02,THR, ,OG1,50.85,5.84,0.0,0.86,1.0,<Residue THR het=  resseq=163 icode= >,1t2t_A_A,2.5
116,4.939,THR, ,CG2,48.78,6.81,0.0,1.20,1.0,<Residue THR het=  resseq=163 icode= >,1t2t_A_A,2.5
117,0.0,CYS, ,N,49.06,4.82,0.0,2.23,1.0,<Residue CYS het=  resseq=164 icode= >,1t2t_A_A,2.5
118,2.576,CYS, ,CA,49.55,3.48,2.576,1.50,1.0,<Residue CYS het=  resseq=164 icode= >,1t2t_A_A,2.5
119,0.032,CYS, ,C,49.08,3.68,0.032,2.08,1.0,<Residue CYS het=  resseq=164 icode= >,1t2t_A_A,2.5
120,0.111,CYS, ,O,49.49,4.54,0.111,1.74,1.0,<Residue CYS het=  resseq=164 icode= >,1t2t_A_A,2.5
121,7.586,CYS, ,CB,49.13,3.73,4.683,1.91,1.0,<Residue CYS het=  resseq=164 icode= >,1t2t_A_A,2.5
122,2.864,CYS, ,SG,51.63,5.00,0.0,2.98,1.0,<Residue CYS het=  resseq=164 icode= >,1t2t_A_A,2.5
123,8.861,SER, ,N,48.27,2.96,8.761,2.24,1.0,<Residue SER het=  resseq=165 icode= >,1t2t_A_A,2.5
124,6.661,SER, ,CA,48.01,3.62,5.896,2.06,1.0,<Residue SER het=  resseq=165 icode= >,1t2t_A_A,2.5
125,0.157,SER, ,C,47.99,5.10,0.0,2.66,1.0,<Residue SER het=  resseq=165 icode= >,1t2t_A_A,2.5
126,13.352,SER, ,O,47.64,5.87,0.0,1.64,1.0,<Residue SER het=  resseq=165 icode= >,1t2t_A_A,2.5
127,47.547,SER, ,CB,48.11,3.48,22.357,1.23,1.0,<Residue SER het=  resseq=165 icode= >,1t2t_A_A,2.5
128,29.018,SER, ,OG,47.41,4.24,0.925,1.13,1.0,<Residue SER het=  resseq=165 icode= >,1t2t_A_A,2.5
129,0.0,LYS, ,N,48.7,5.01,0.0,1.41,1.0,<Residue LYS het=  resseq=166 icode= >,1t2t_A_A,2.5
130,3.003,LYS, ,CA,48.63,6.32,0.0,1.89,1.0,<Residue LYS het=  resseq=166 icode= >,1t2t_A_A,2.5
131,0.006,LYS, ,C,48.17,7.27,0.0,2.84,1.0,<Residue LYS het=  resseq=166 icode= >,1t2t_A_A,2.5
132,13.391,LYS, ,O,48.86,7.90,0.0,1.52,1.0,<Residue LYS het=  resseq=166 icode= >,1t2t_A_A,2.5
133,16.637,LYS, ,CB,50.58,6.44,0.0,0.24,1.0,<Residue LYS het=  resseq=166 icode= >,1t2t_A_A,2.5
134,24.583,LYS, ,CG,52.12,7.95,0.0,0.47,1.0,<Residue LYS het=  resseq=166 icode= >,1t2t_A_A,2.5
135,28.03,LYS, ,CD,52.83,7.22,0.0,0.59,1.0,<Residue LYS het=  resseq=166 icode= >,1t2t_A_A,2.5
136,48.651,LYS, ,CE,52.8,7.60,0.0,0.80,1.0,<Residue LYS het=  resseq=166 icode= >,1t2t_A_A,2.5
137,36.522,LYS, ,NZ,52.95,8.24,0.0,0.68,1.0,<Residue LYS het=  resseq=166 icode= >,1t2t_A_A,2.5
138,0.0,CYS, ,N,47.33,6.94,0.0,1.98,1.0,<Residue CYS het=  resseq=167 icode= >,1t2t_A_A,2.5
139,6.321,CYS, ,CA,47.04,8.14,0.0,1.36,1.0,<Residue CYS het=  resseq=167 icode= >,1t2t_A_A,2.5
140,0.947,CYS, ,C,45.41,7.82,0.0,2.48,1.0,<Residue CYS het=  resseq=167 icode= >,1t2t_A_A,2.5
141,13.848,CYS, ,O,45.18,8.62,0.0,1.90,1.0,<Residue CYS het=  resseq=167 icode= >,1t2t_A_A,2.5
142,0.415,CYS, ,CB,46.98,8.16,0.0,1.86,1.0,<Residue CYS het=  resseq=167 icode= >,1t2t_A_A,2.5
143,11.475,CYS, ,SG,47.81,8.33,0.0,3.92,1.0,<Residue CYS het=  resseq=167 icode= >,1t2t_A_A,2.5
144,0.0,ARG, ,N,43.84,6.69,0.0,2.38,1.0,<Residue ARG het=  resseq=168 icode= >,1t2t_A_A,2.5
145,2.808,ARG, ,CA,42.18,6.43,0.0,2.42,1.0,<Residue ARG het=  resseq=168 icode= >,1t2t_A_A,2.5
146,0.02,ARG, ,C,40.94,7.73,0.0,2.84,1.0,<Residue ARG het=  resseq=168 icode= >,1t2t_A_A,2.5
147,14.49,ARG, ,O,42.32,6.65,0.0,1.95,1.0,<Residue ARG het=  resseq=168 icode= >,1t2t_A_A,2.5
148,2.952,ARG, ,CB,42.03,5.45,2.173,1.80,1.0,<Residue ARG het=  resseq=168 icode= >,1t2t_A_A,2.5
149,8.856,ARG, ,CG,42.45,5.63,0.0,1.88,1.0,<Residue ARG het=  resseq=168 icode= >,1t2t_A_A,2.5
150,12.431,ARG, ,CD,44.74,4.67,11.372,1.51,1.0,<Residue ARG het=  resseq=168 icode= >,1t2t_A_A,2.5
151,6.027,ARG, ,NE,45.2,3.99,2.723,1.79,1.0,<Residue ARG het=  resseq=168 icode= >,1t2t_A_A,2.5
152,4.208,ARG, ,CZ,45.6,3.10,4.208,2.09,1.0,<Residue ARG het=  resseq=168 icode= >,1t2t_A_A,2.5
153,36.883,ARG, ,NH1,45.27,2.74,35.709,0.93,1.0,<Residue ARG het=  resseq=168 icode= >,1t2t_A_A,2.5
154,25.822,ARG, ,NH2,45.68,2.97,23.212,0.98,1.0,<Residue ARG het=  resseq=168 icode= >,1t2t_A_A,2.5
155,5.529,ASN, ,N,38.78,8.33,0.0,2.52,1.0,<Residue ASN het=  resseq=169 icode= >,1t2t_A_A,2.5
156,5.639,ASN, ,CA,36.64,7.42,0.0,2.68,1.0,<Residue ASN het=  resseq=169 icode= >,1t2t_A_A,2.5
157,0.0,ASN, ,C,35.29,6.72,0.0,3.63,1.0,<Residue ASN het=  resseq=169 icode= >,1t2t_A_A,2.5
158,5.617,ASN, ,O,35.53,7.36,0.0,2.48,1.0,<Residue ASN het=  resseq=169 icode= >,1t2t_A_A,2.5
159,15.504,ASN, ,CB,36.92,8.34,0.0,2.39,1.0,<Residue ASN het=  resseq=169 icode= >,1t2t_A_A,2.5
160,2.927,ASN, ,CG,38.89,7.89,0.0,2.91,1.0,<Residue ASN het=  resseq=169 icode= >,1t2t_A_A,2.5
161,0.851,ASN, ,OD1,37.26,6.95,0.0,2.08,1.0,<Residue ASN het=  resseq=169 icode= >,1t2t_A_A,2.5
162,53.546,ASN, ,ND2,41.1,8.80,0.0,0.60,1.0,<Residue ASN het=  resseq=169 icode= >,1t2t_A_A,2.5
163,3.393,ARG, ,N,33.82,5.41,0.122,2.97,1.0,<Residue ARG het=  resseq=170 icode= >,1t2t_A_A,2.5
164,0.0,ARG, ,CA,32.88,4.61,0.0,3.05,1.0,<Residue ARG het=  resseq=170 icode= >,1t2t_A_A,2.5
165,1.144,ARG, ,C,31.27,3.80,1.144,4.11,1.0,<Residue ARG het=  resseq=170 icode= >,1t2t_A_A,2.5
166,4.874,ARG, ,O,30.8,3.11,4.874,2.63,1.0,<Residue ARG het=  resseq=170 icode= >,1t2t_A_A,2.5
167,12.613,ARG, ,CB,34.06,4.09,10.794,1.64,1.0,<Residue ARG het=  resseq=170 icode= >,1t2t_A_A,2.5
168,1.341,ARG, ,CG,35.87,4.90,0.0,1.95,1.0,<Residue ARG het=  resseq=170 icode= >,1t2t_A_A,2.5
169,27.43,ARG, ,CD,39.15,3.51,21.936,1.02,1.0,<Residue ARG het=  resseq=170 icode= >,1t2t_A_A,2.5
170,6.951,ARG, ,NE,40.58,3.71,3.798,1.44,1.0,<Residue ARG het=  resseq=170 icode= >,1t2t_A_A,2.5
171,4.469,ARG, ,CZ,39.78,3.21,4.454,3.05,1.0,<Residue ARG het=  resseq=170 icode= >,1t2t_A_A,2.5
172,40.765,ARG, ,NH1,38.26,2.86,38.699,1.91,1.0,<Residue ARG het=  resseq=170 icode= >,1t2t_A_A,2.5
173,33.164,ARG, ,NH2,39.97,2.79,23.624,1.43,1.0,<Residue ARG het=  resseq=170 icode= >,1t2t_A_A,2.5
174,0.0,SER, ,N,31.9,4.34,0.0,2.27,1.0,<Residue SER het=  resseq=171 icode= >,1t2t_A_A,2.5
175,5.724,SER, ,CA,31.39,3.67,5.724,2.62,1.0,<Residue SER het=  resseq=171 icode= >,1t2t_A_A,2.5
176,0.946,SER, ,C,30.05,3.89,0.0,3.77,1.0,<Residue SER het=  resseq=171 icode= >,1t2t_A_A,2.5
177,1.129,SER, ,O,31.34,5.08,0.0,1.91,1.0,<Residue SER het=  resseq=171 icode= >,1t2t_A_A,2.5
178,33.593,SER, ,CB,30.85,4.09,4.792,2.62,1.0,<Residue SER het=  resseq=171 icode= >,1t2t_A_A,2.5
179,35.085,SER, ,OG,32.69,4.00,12.535,2.62,1.0,<Residue SER het=  resseq=171 icode= >,1t2t_A_A,2.5
180,13.247,GLY, ,N,29.61,3.05,11.827,3.25,1.0,<Residue GLY het=  resseq=172 icode= >,1t2t_A_A,2.5
181,37.744,GLY, ,CA,29.15,3.95,8.355,2.64,1.0,<Residue GLY het=  resseq=172 icode= >,1t2t_A_A,2.5
182,0.0,GLY, ,C,29.32,4.45,0.0,4.07,1.0,<Residue GLY het=  resseq=172 icode= >,1t2t_A_A,2.5
183,0.446,GLY, ,O,29.14,3.99,0.446,2.66,1.0,<Residue GLY het=  resseq=172 icode= >,1t2t_A_A,2.5
184,3.048,GLU, ,N,30.45,5.72,0.0,3.12,1.0,<Residue GLU het=  resseq=173 icode= >,1t2t_A_A,2.5
185,0.0,GLU, ,CA,31.39,6.61,0.0,3.22,1.0,<Residue GLU het=  resseq=173 icode= >,1t2t_A_A,2.5
186,0.32,GLU, ,C,31.76,6.90,0.0,3.49,1.0,<Residue GLU het=  resseq=173 icode= >,1t2t_A_A,2.5
187,19.844,GLU, ,O,33.52,7.66,0.0,2.61,1.0,<Residue GLU het=  resseq=173 icode= >,1t2t_A_A,2.5
188,10.288,GLU, ,CB,32.51,8.01,0.0,1.91,1.0,<Residue GLU het=  resseq=173 icode= >,1t2t_A_A,2.5
189,13.118,GLU, ,CG,31.53,8.61,0.0,2.00,1.0,<Residue GLU het=  resseq=173 icode= >,1t2t_A_A,2.5
190,15.327,GLU, ,CD,32.71,10.08,0.0,3.73,1.0,<Residue GLU het=  resseq=173 icode= >,1t2t_A_A,2.5
191,36.213,GLU, ,OE1,31.56,10.56,0.0,2.74,1.0,<Residue GLU het=  resseq=173 icode= >,1t2t_A_A,2.5
192,38.787,GLU, ,OE2,32.28,10.85,0.0,2.46,1.0,<Residue GLU het=  resseq=173 icode= >,1t2t_A_A,2.5
193,0.0,ASN, ,N,30.8,6.62,0.0,2.61,1.0,<Residue ASN het=  resseq=174 icode= >,1t2t_A_A,2.5
194,6.651,ASN, ,CA,29.43,7.30,0.0,4.00,1.0,<Residue ASN het=  resseq=174 icode= >,1t2t_A_A,2.5
195,1.012,ASN, ,C,28.69,6.79,0.0,4.32,1.0,<Residue ASN het=  resseq=174 icode= >,1t2t_A_A,2.5
196,12.544,ASN, ,O,28.38,6.78,0.0,3.02,1.0,<Residue ASN het=  resseq=174 icode= >,1t2t_A_A,2.5
197,2.165,ASN, ,CB,30.33,7.66,0.0,2.49,1.0,<Residue ASN het=  resseq=174 icode= >,1t2t_A_A,2.5
198,0.076,ASN, ,CG,31.76,8.47,0.0,3.23,1.0,<Residue ASN het=  resseq=174 icode= >,1t2t_A_A,2.5
199,30.776,ASN, ,OD1,29.03,9.48,0.0,2.73,1.0,<Residue ASN het=  resseq=174 icode= >,1t2t_A_A,2.5
200,15.861,ASN, ,ND2,32.8,7.82,0.0,1.33,1.0,<Residue ASN het=  resseq=174 icode= >,1t2t_A_A,2.5
201,0.0,ASN, ,N,29.09,5.55,0.0,2.69,1.0,<Residue ASN het=  resseq=175 icode= >,1t2t_A_A,2.5
202,0.063,ASN, ,CA,29.69,4.99,0.0,2.98,1.0,<Residue ASN het=  resseq=175 icode= >,1t2t_A_A,2.5
203,0.266,ASN, ,C,31.06,5.61,0.0,3.67,1.0,<Residue ASN het=  resseq=175 icode= >,1t2t_A_A,2.5
204,6.303,ASN, ,O,31.98,5.96,0.0,2.02,1.0,<Residue ASN het=  resseq=175 icode= >,1t2t_A_A,2.5
205,6.706,ASN, ,CB,29.95,3.48,6.706,1.89,1.0,<Residue ASN het=  resseq=175 icode= >,1t2t_A_A,2.5
206,6.378,ASN, ,CG,30.76,3.05,6.274,3.57,1.0,<Residue ASN het=  resseq=175 icode= >,1t2t_A_A,2.5
207,11.47,ASN, ,OD1,30.41,3.21,11.47,3.23,1.0,<Residue ASN het=  resseq=175 icode= >,1t2t_A_A,2.5
208,36.852,ASN, ,ND2,27.82,2.92,36.039,2.31,1.0,<Residue ASN het=  resseq=175 icode= >,1t2t_A_A,2.5
209,3.484,SER, ,N,31.23,4.92,0.251,2.70,1.0,<Residue SER het=  resseq=176 icode= >,1t2t_A_A,2.5
210,10.867,SER, ,CA,31.09,3.85,5.18,2.96,1.0,<Residue SER het=  resseq=176 icode= >,1t2t_A_A,2.5
211,1.87,SER, ,C,30.61,4.17,0.585,3.81,1.0,<Residue SER het=  resseq=176 icode= >,1t2t_A_A,2.5
212,16.41,SER, ,O,30.5,3.62,14.654,2.47,1.0,<Residue SER het=  resseq=176 icode= >,1t2t_A_A,2.5
213,42.749,SER, ,CB,32.13,2.97,41.951,1.82,1.0,<Residue SER het=  resseq=176 icode= >,1t2t_A_A,2.5
214,10.416,SER, ,OG,33.05,2.82,8.167,0.75,0.5,<Residue SER het=  resseq=176 icode= >,1t2t_A_A,2.5
215,0.0,PHE, ,N,29.05,4.54,0.0,2.37,1.0,<Residue PHE het=  resseq=177 icode= >,1t2t_A_A,2.5
216,0.0,PHE, ,CA,27.87,4.40,0.0,2.66,1.0,<Residue PHE het=  resseq=177 icode= >,1t2t_A_A,2.5
217,1.366,PHE, ,C,26.78,4.73,1.366,3.84,1.0,<Residue PHE het=  resseq=177 icode= >,1t2t_A_A,2.5
218,5.301,PHE, ,O,25.04,3.60,5.301,2.93,1.0,<Residue PHE het=  resseq=177 icode= >,1t2t_A_A,2.5
219,19.794,PHE, ,CB,28.64,3.85,19.794,1.44,1.0,<Residue PHE het=  resseq=177 icode= >,1t2t_A_A,2.5
220,2.134,PHE, ,CG,29.39,3.92,2.134,2.19,1.0,<Residue PHE het=  resseq=177 icode= >,1t2t_A_A,2.5
221,16.621,PHE, ,CD1,30.0,3.52,16.621,1.91,1.0,<Residue PHE het=  resseq=177 icode= >,1t2t_A_A,2.5
222,19.69,PHE, ,CD2,28.73,3.30,19.69,2.05,1.0,<Residue PHE het=  resseq=177 icode= >,1t2t_A_A,2.5
223,23.872,PHE, ,CE1,28.48,3.60,20.487,2.54,1.0,<Residue PHE het=  resseq=177 icode= >,1t2t_A_A,2.5
224,5.54,PHE, ,CE2,28.89,3.29,5.54,2.56,1.0,<Residue PHE het=  resseq=177 icode= >,1t2t_A_A,2.5
225,1.453,PHE, ,CZ,29.29,3.98,0.601,2.79,1.0,<Residue PHE het=  resseq=177 icode= >,1t2t_A_A,2.5
226,0.257,PHE, ,N,26.01,4.71,0.0,2.88,1.0,<Residue PHE het=  resseq=178 icode= >,1t2t_A_A,2.5
227,6.154,PHE, ,CA,24.93,3.92,6.154,3.10,1.0,<Residue PHE het=  resseq=178 icode= >,1t2t_A_A,2.5
228,0.0,PHE, ,C,25.61,3.99,0.0,3.94,1.0,<Residue PHE het=  resseq=178 icode= >,1t2t_A_A,2.5
229,7.357,PHE, ,O,25.83,5.12,0.0,2.63,1.0,<Residue PHE het=  resseq=178 icode= >,1t2t_A_A,2.5
230,1.757,PHE, ,CB,24.19,4.52,0.12,2.23,1.0,<Residue PHE het=  resseq=178 icode= >,1t2t_A_A,2.5
231,0.0,PHE, ,CG,23.19,4.64,0.0,2.81,1.0,<Residue PHE het=  resseq=178 icode= >,1t2t_A_A,2.5
232,10.538,PHE, ,CD1,22.35,3.82,10.062,2.28,1.0,<Residue PHE het=  resseq=178 icode= >,1t2t_A_A,2.5
233,8.984,PHE, ,CD2,21.36,5.63,0.0,2.71,1.0,<Residue PHE het=  resseq=178 icode= >,1t2t_A_A,2.5
234,22.296,PHE, ,CE1,22.77,4.23,3.828,2.66,1.0,<Residue PHE het=  resseq=178 icode= >,1t2t_A_A,2.5
235,12.656,PHE, ,CE2,20.5,5.90,0.0,2.93,1.0,<Residue PHE het=  resseq=178 icode= >,1t2t_A_A,2.5
236,19.867,PHE, ,CZ,22.77,5.28,0.0,2.88,1.0,<Residue PHE het=  resseq=178 icode= >,1t2t_A_A,2.5
237,6.377,ASN, ,N,26.8,2.98,6.377,3.13,1.0,<Residue ASN het=  resseq=179 icode= >,1t2t_A_A,2.5
238,5.938,ASN, ,CA,29.81,3.60,3.612,2.62,1.0,<Residue ASN het=  resseq=179 icode= >,1t2t_A_A,2.5
239,0.794,ASN, ,C,30.87,4.41,0.0,3.41,1.0,<Residue ASN het=  resseq=179 icode= >,1t2t_A_A,2.5
240,22.987,ASN, ,O,31.15,5.38,0.0,2.30,1.0,<Residue ASN het=  resseq=179 icode= >,1t2t_A_A,2.5
241,16.795,ASN, ,CB,29.73,4.84,0.0,1.93,1.0,<Residue ASN het=  resseq=179 icode= >,1t2t_A_A,2.5
242,5.246,ASN, ,CG,30.57,5.03,0.0,3.70,1.0,<Residue ASN het=  resseq=179 icode= >,1t2t_A_A,2.5
243,31.712,ASN, ,OD1,31.01,6.19,0.0,2.28,1.0,<Residue ASN het=  resseq=179 icode= >,1t2t_A_A,2.5
244,34.208,ASN, ,ND2,29.51,4.22,2.896,1.87,1.0,<Residue ASN het=  resseq=179 icode= >,1t2t_A_A,2.5
245,0.081,HIS, ,N,31.03,4.21,0.081,2.16,1.0,<Residue HIS het=  resseq=180 icode= >,1t2t_A_A,2.5
246,5.929,HIS, ,CA,29.73,4.77,0.0,3.23,1.0,<Residue HIS het=  resseq=180 icode= >,1t2t_A_A,2.5
247,0.0,HIS, ,C,30.68,4.28,0.0,3.87,1.0,<Residue HIS het=  resseq=180 icode= >,1t2t_A_A,2.5
248,13.968,HIS, ,O,29.17,3.31,13.379,3.03,1.0,<Residue HIS het=  resseq=180 icode= >,1t2t_A_A,2.5
249,1.091,HIS, ,CB,29.06,5.07,0.0,2.58,1.0,<Residue HIS het=  resseq=180 icode= >,1t2t_A_A,2.5
250,0.94,HIS, ,CG,28.91,5.00,0.0,3.56,1.0,<Residue HIS het=  resseq=180 icode= >,1t2t_A_A,2.5
251,17.898,HIS, ,ND1,29.32,4.04,2.947,3.28,1.0,<Residue HIS het=  resseq=180 icode= >,1t2t_A_A,2.5
252,4.731,HIS, ,CD2,29.34,5.28,0.0,2.12,1.0,<Residue HIS het=  resseq=180 icode= >,1t2t_A_A,2.5
253,39.773,HIS, ,CE1,29.14,4.00,18.95,3.09,1.0,<Residue HIS het=  resseq=180 icode= >,1t2t_A_A,2.5
254,21.837,HIS, ,NE2,30.11,4.63,1.966,2.93,1.0,<Residue HIS het=  resseq=180 icode= >,1t2t_A_A,2.5
255,5.116,LYS, ,N,33.08,4.56,0.0,1.74,1.0,<Residue LYS het=  resseq=181 icode= >,1t2t_A_A,2.5
256,1.396,LYS, ,CA,33.19,3.51,1.396,2.54,1.0,<Residue LYS het=  resseq=181 icode= >,1t2t_A_A,2.5
257,0.314,LYS, ,C,32.82,3.74,0.0,3.49,1.0,<Residue LYS het=  resseq=181 icode= >,1t2t_A_A,2.5
258,19.267,LYS, ,O,34.25,4.96,0.0,2.18,1.0,<Residue LYS het=  resseq=181 icode= >,1t2t_A_A,2.5
259,25.087,LYS, ,CB,33.88,3.90,0.114,1.95,1.0,<Residue LYS het=  resseq=181 icode= >,1t2t_A_A,2.5
260,25.477,LYS, ,CG,36.55,4.13,0.0,1.52,1.0,<Residue LYS het=  resseq=181 icode= >,1t2t_A_A,2.5
261,19.921,LYS, ,CD,39.99,3.11,12.178,0.89,1.0,<Residue LYS het=  resseq=181 icode= >,1t2t_A_A,2.5
262,40.651,LYS, ,CE,40.98,4.15,1.552,0.91,1.0,<Residue LYS het=  resseq=181 icode= >,1t2t_A_A,2.5
263,49.024,LYS, ,NZ,42.75,3.28,13.964,0.94,1.0,<Residue LYS het=  resseq=181 icode= >,1t2t_A_A,2.5
264,3.568,HIS, ,N,32.05,3.02,3.568,2.86,1.0,<Residue HIS het=  resseq=182 icode= >,1t2t_A_A,2.5
265,1.484,HIS, ,CA,31.36,4.06,0.0,3.17,1.0,<Residue HIS het=  resseq=182 icode= >,1t2t_A_A,2.5
266,1.154,HIS, ,C,31.8,4.69,0.0,4.14,1.0,<Residue HIS het=  resseq=182 icode= >,1t2t_A_A,2.5
267,9.099,HIS, ,O,31.97,4.30,0.167,2.47,1.0,<Residue HIS het=  resseq=182 icode= >,1t2t_A_A,2.5
268,1.87,HIS, ,CB,30.65,4.05,1.87,1.28,1.0,<Residue HIS het=  resseq=182 icode= >,1t2t_A_A,2.5
269,0.0,HIS, ,CG,29.46,4.17,0.0,2.77,1.0,<Residue HIS het=  resseq=182 icode= >,1t2t_A_A,2.5
270,4.17,HIS, ,ND1,29.18,4.04,3.097,2.94,1.0,<Residue HIS het=  resseq=182 icode= >,1t2t_A_A,2.5
271,26.558,HIS, ,CD2,29.15,3.31,26.558,2.40,1.0,<Residue HIS het=  resseq=182 icode= >,1t2t_A_A,2.5
272,18.722,HIS, ,CE1,28.74,3.61,18.722,3.20,1.0,<Residue HIS het=  resseq=182 icode= >,1t2t_A_A,2.5
273,19.775,HIS, ,NE2,28.08,3.01,19.775,3.27,1.0,<Residue HIS het=  resseq=182 icode= >,1t2t_A_A,2.5
274,3.612,SER, ,N,32.12,6.00,0.0,3.03,1.0,<Residue SER het=  resseq=183 icode= >,1t2t_A_A,2.5
275,9.033,SER, ,CA,32.52,6.97,0.0,2.97,1.0,<Residue SER het=  resseq=183 icode= >,1t2t_A_A,2.5
276,0.0,SER, ,C,33.06,7.24,0.0,3.24,1.0,<Residue SER het=  resseq=183 icode= >,1t2t_A_A,2.5
277,0.0,SER, ,O,33.71,6.93,0.0,2.13,1.0,<Residue SER het=  resseq=183 icode= >,1t2t_A_A,2.5
278,38.528,SER, ,CB,33.84,7.03,0.0,2.39,1.0,<Residue SER het=  resseq=183 icode= >,1t2t_A_A,2.5
279,6.805,SER, ,OG,33.79,5.72,0.0,2.37,1.0,<Residue SER het=  resseq=183 icode= >,1t2t_A_A,2.5
280,2.345,ASP, ,N,33.26,8.11,0.0,2.85,1.0,<Residue ASP het=  resseq=184 icode= >,1t2t_A_A,2.5
281,1.099,ASP, ,CA,31.65,7.76,0.0,3.20,1.0,<Residue ASP het=  resseq=184 icode= >,1t2t_A_A,2.5
282,1.198,ASP, ,C,31.18,8.14,0.0,3.95,1.0,<Residue ASP het=  resseq=184 icode= >,1t2t_A_A,2.5
283,5.217,ASP, ,O,30.28,7.66,0.0,2.51,1.0,<Residue ASP het=  resseq=184 icode= >,1t2t_A_A,2.5
284,30.33,ASP, ,CB,33.42,8.56,0.0,2.31,1.0,<Residue ASP het=  resseq=184 icode= >,1t2t_A_A,2.5
285,12.166,ASP, ,CG,36.47,8.42,0.0,3.32,1.0,<Residue ASP het=  resseq=184 icode= >,1t2t_A_A,2.5
286,24.32,ASP, ,OD1,40.14,8.38,0.0,1.73,1.0,<Residue ASP het=  resseq=184 icode= >,1t2t_A_A,2.5
287,41.726,ASP, ,OD2,37.99,8.59,0.0,1.81,1.0,<Residue ASP het=  resseq=184 icode= >,1t2t_A_A,2.5
288,0.03,ILE, ,N,30.47,7.95,0.0,3.00,1.0,<Residue ILE het=  resseq=185 icode= >,1t2t_A_A,2.5
289,3.049,ILE, ,CA,31.33,7.32,0.0,2.76,1.0,<Residue ILE het=  resseq=185 icode= >,1t2t_A_A,2.5
290,0.0,ILE, ,C,32.2,6.38,0.0,3.35,1.0,<Residue ILE het=  resseq=185 icode= >,1t2t_A_A,2.5
291,0.036,ILE, ,O,32.95,6.81,0.0,2.15,1.0,<Residue ILE het=  resseq=185 icode= >,1t2t_A_A,2.5
292,0.908,ILE, ,CB,31.44,6.80,0.0,2.30,1.0,<Residue ILE het=  resseq=185 icode= >,1t2t_A_A,2.5
293,24.635,ILE, ,CG1,32.73,8.12,0.0,1.45,1.0,<Residue ILE het=  resseq=185 icode= >,1t2t_A_A,2.5
294,23.229,ILE, ,CG2,32.1,6.21,0.0,1.03,1.0,<Residue ILE het=  resseq=185 icode= >,1t2t_A_A,2.5
295,68.794,ILE, ,CD1,30.56,8.21,0.0,1.52,1.0,<Residue ILE het=  resseq=185 icode= >,1t2t_A_A,2.5
296,0.0,THR, ,N,32.11,5.38,0.0,2.76,1.0,<Residue THR het=  resseq=186 icode= >,1t2t_A_A,2.5
297,0.009,THR, ,CA,31.35,4.72,0.0,2.97,1.0,<Residue THR het=  resseq=186 icode= >,1t2t_A_A,2.5
298,0.0,THR, ,C,31.27,5.45,0.0,3.70,1.0,<Residue THR het=  resseq=186 icode= >,1t2t_A_A,2.5
299,0.0,THR, ,O,30.84,4.88,0.0,2.44,1.0,<Residue THR het=  resseq=186 icode= >,1t2t_A_A,2.5
300,0.0,THR, ,CB,31.32,4.09,0.0,2.97,1.0,<Residue THR het=  resseq=186 icode= >,1t2t_A_A,2.5
301,23.274,THR, ,OG1,31.72,3.13,15.038,1.95,1.0,<Residue THR het=  resseq=186 icode= >,1t2t_A_A,2.5
302,22.042,THR, ,CG2,31.38,3.29,22.042,1.70,1.0,<Residue THR het=  resseq=186 icode= >,1t2t_A_A,2.5
303,0.0,LYS, ,N,30.4,5.98,0.0,3.64,1.0,<Residue LYS het=  resseq=187 icode= >,1t2t_A_A,2.5
304,2.043,LYS, ,CA,32.12,4.59,2.043,3.17,1.0,<Residue LYS het=  resseq=187 icode= >,1t2t_A_A,2.5
305,1.129,LYS, ,C,33.68,4.57,0.179,3.61,1.0,<Residue LYS het=  resseq=187 icode= >,1t2t_A_A,2.5
306,3.531,LYS, ,O,34.56,3.89,3.531,2.48,1.0,<Residue LYS het=  resseq=187 icode= >,1t2t_A_A,2.5
307,14.769,LYS, ,CB,30.9,4.36,6.757,2.11,1.0,<Residue LYS het=  resseq=187 icode= >,1t2t_A_A,2.5
308,8.203,LYS, ,CG,31.39,3.90,8.203,2.21,1.0,<Residue LYS het=  resseq=187 icode= >,1t2t_A_A,2.5
309,22.957,LYS, ,CD,30.58,3.80,12.482,2.07,1.0,<Residue LYS het=  resseq=187 icode= >,1t2t_A_A,2.5
310,18.226,LYS, ,CE,30.14,4.33,17.265,2.54,1.0,<Residue LYS het=  resseq=187 icode= >,1t2t_A_A,2.5
311,45.669,LYS, ,NZ,31.84,4.73,0.895,1.38,1.0,<Residue LYS het=  resseq=187 icode= >,1t2t_A_A,2.5
312,0.48,SER, ,N,35.96,5.72,0.0,2.24,1.0,<Residue SER het=  resseq=188 icode= >,1t2t_A_A,2.5
313,6.198,SER, ,CA,36.87,6.33,0.0,2.83,1.0,<Residue SER het=  resseq=188 icode= >,1t2t_A_A,2.5
314,0.0,SER, ,C,37.48,6.63,0.0,2.89,1.0,<Residue SER het=  resseq=188 icode= >,1t2t_A_A,2.5
315,0.0,SER, ,O,38.64,6.44,0.0,1.82,1.0,<Residue SER het=  resseq=188 icode= >,1t2t_A_A,2.5
316,25.584,SER, ,CB,37.91,7.72,0.0,2.07,1.0,<Residue SER het=  resseq=188 icode= >,1t2t_A_A,2.5
317,26.716,SER, ,OG,40.59,8.00,0.0,1.54,1.0,<Residue SER het=  resseq=188 icode= >,1t2t_A_A,2.5
318,0.0,LYS, ,N,37.21,6.74,0.0,2.32,1.0,<Residue LYS het=  resseq=189 icode= >,1t2t_A_A,2.5
319,6.139,LYS, ,CA,36.48,5.97,0.0,2.83,1.0,<Residue LYS het=  resseq=189 icode= >,1t2t_A_A,2.5
320,0.194,LYS, ,C,36.51,5.48,0.009,3.35,1.0,<Residue LYS het=  resseq=189 icode= >,1t2t_A_A,2.5
321,0.457,LYS, ,O,36.69,5.62,0.0,2.00,1.0,<Residue LYS het=  resseq=189 icode= >,1t2t_A_A,2.5
322,13.072,LYS, ,CB,35.96,5.00,8.583,2.11,1.0,<Residue LYS het=  resseq=189 icode= >,1t2t_A_A,2.5
323,13.288,LYS, ,CG,36.72,5.69,0.0,1.62,1.0,<Residue LYS het=  resseq=189 icode= >,1t2t_A_A,2.5
324,21.694,LYS, ,CD,38.03,4.79,12.851,0.98,1.0,<Residue LYS het=  resseq=189 icode= >,1t2t_A_A,2.5
325,27.513,LYS, ,CE,38.53,5.37,0.567,1.53,1.0,<Residue LYS het=  resseq=189 icode= >,1t2t_A_A,2.5
326,48.079,LYS, ,NZ,40.26,4.89,6.424,0.97,1.0,<Residue LYS het=  resseq=189 icode= >,1t2t_A_A,2.5
327,0.369,ILE, ,N,35.66,4.85,0.369,2.50,1.0,<Residue ILE het=  resseq=190 icode= >,1t2t_A_A,2.5
328,5.252,ILE, ,CA,34.55,4.76,5.252,2.88,1.0,<Residue ILE het=  resseq=190 icode= >,1t2t_A_A,2.5
329,0.0,ILE, ,C,35.55,4.45,0.0,3.13,1.0,<Residue ILE het=  resseq=190 icode= >,1t2t_A_A,2.5
330,0.0,ILE, ,O,34.57,4.94,0.0,2.03,1.0,<Residue ILE het=  resseq=190 icode= >,1t2t_A_A,2.5
331,1.47,ILE, ,CB,34.93,4.01,1.47,2.59,1.0,<Residue ILE het=  resseq=190 icode= >,1t2t_A_A,2.5
332,15.54,ILE, ,CG1,34.41,3.63,15.54,1.97,1.0,<Residue ILE het=  resseq=190 icode= >,1t2t_A_A,2.5
333,38.144,ILE, ,CG2,35.15,3.32,38.144,1.22,1.0,<Residue ILE het=  resseq=190 icode= >,1t2t_A_A,2.5
334,24.971,ILE, ,CD1,33.12,3.83,24.971,1.56,1.0,<Residue ILE het=  resseq=190 icode= >,1t2t_A_A,2.5
335,0.388,SER, ,N,35.37,3.85,0.388,2.75,1.0,<Residue SER het=  resseq=191 icode= >,1t2t_A_A,2.5
336,10.056,SER, ,CA,36.5,3.30,10.056,2.63,1.0,<Residue SER het=  resseq=191 icode= >,1t2t_A_A,2.5
337,0.0,SER, ,C,37.13,4.27,0.0,3.23,1.0,<Residue SER het=  resseq=191 icode= >,1t2t_A_A,2.5
338,1.687,SER, ,O,37.72,3.58,1.687,2.13,1.0,<Residue SER het=  resseq=191 icode= >,1t2t_A_A,2.5
339,18.391,SER, ,CB,35.85,3.34,10.532,2.35,1.0,<Residue SER het=  resseq=191 icode= >,1t2t_A_A,2.5
340,20.657,SER, ,OG,35.94,2.53,16.209,2.47,1.0,<Residue SER het=  resseq=191 icode= >,1t2t_A_A,2.5
341,0.0,GLU, ,N,37.57,5.43,0.0,2.40,1.0,<Residue GLU het=  resseq=192 icode= >,1t2t_A_A,2.5
342,0.0,GLU, ,CA,38.29,6.08,0.0,2.32,1.0,<Residue GLU het=  resseq=192 icode= >,1t2t_A_A,2.5
343,0.662,GLU, ,C,37.19,6.44,0.0,3.31,1.0,<Residue GLU het=  resseq=192 icode= >,1t2t_A_A,2.5
344,14.27,GLU, ,O,37.2,6.73,0.0,2.33,1.0,<Residue GLU het=  resseq=192 icode= >,1t2t_A_A,2.5
345,17.454,GLU, ,CB,38.62,7.49,0.0,1.59,1.0,<Residue GLU het=  resseq=192 icode= >,1t2t_A_A,2.5
346,18.846,GLU, ,CG,39.46,7.52,0.0,1.62,1.0,<Residue GLU het=  resseq=192 icode= >,1t2t_A_A,2.5
347,7.799,GLU, ,CD,40.85,7.11,0.0,2.53,1.0,<Residue GLU het=  resseq=192 icode= >,1t2t_A_A,2.5
348,26.238,GLU, ,OE1,42.4,7.74,0.0,1.70,1.0,<Residue GLU het=  resseq=192 icode= >,1t2t_A_A,2.5
349,11.538,GLU, ,OE2,42.0,6.12,0.0,1.57,1.0,<Residue GLU het=  resseq=192 icode= >,1t2t_A_A,2.5
350,0.0,LYS, ,N,36.06,6.23,0.0,2.17,1.0,<Residue LYS het=  resseq=193 icode= >,1t2t_A_A,2.5
351,6.167,LYS, ,CA,34.4,5.45,0.0,2.14,1.0,<Residue LYS het=  resseq=193 icode= >,1t2t_A_A,2.5
352,0.197,LYS, ,C,33.77,5.39,0.0,3.59,1.0,<Residue LYS het=  resseq=193 icode= >,1t2t_A_A,2.5
353,6.827,LYS, ,O,33.87,5.01,0.0,2.60,1.0,<Residue LYS het=  resseq=193 icode= >,1t2t_A_A,2.5
354,8.571,LYS, ,CB,33.51,4.23,7.371,1.53,1.0,<Residue LYS het=  resseq=193 icode= >,1t2t_A_A,2.5
355,14.564,LYS, ,CG,30.57,4.15,0.986,2.50,1.0,<Residue LYS het=  resseq=193 icode= >,1t2t_A_A,2.5
356,32.308,LYS, ,CD,32.52,3.19,21.77,1.97,1.0,<Residue LYS het=  resseq=193 icode= >,1t2t_A_A,2.5
357,45.203,LYS, ,CE,32.49,2.96,8.457,1.48,1.0,<Residue LYS het=  resseq=193 icode= >,1t2t_A_A,2.5
358,48.351,LYS, ,NZ,33.26,2.81,10.435,0.95,1.0,<Residue LYS het=  resseq=193 icode= >,1t2t_A_A,2.5
359,0.0,MET, ,N,33.57,5.19,0.0,2.82,1.0,<Residue MET het=  resseq=194 icode= >,1t2t_A_A,2.5
360,0.0,MET, ,CA,34.4,4.32,0.0,2.24,1.0,<Residue MET het=  resseq=194 icode= >,1t2t_A_A,2.5
361,1.238,MET, ,C,34.85,3.86,1.238,3.74,1.0,<Residue MET het=  resseq=194 icode= >,1t2t_A_A,2.5
362,8.772,MET, ,O,35.27,3.96,8.471,2.74,1.0,<Residue MET het=  resseq=194 icode= >,1t2t_A_A,2.5
363,17.577,MET, ,CB,33.95,3.38,17.577,1.73,1.0,<Residue MET het=  resseq=194 icode= >,1t2t_A_A,2.5
364,8.675,MET, ,CG,32.84,3.63,8.675,2.78,1.0,<Residue MET het=  resseq=194 icode= >,1t2t_A_A,2.5
365,18.937,MET, ,SD,36.35,3.70,18.937,5.15,1.0,<Residue MET het=  resseq=194 icode= >,1t2t_A_A,2.5
366,54.041,MET, ,CE,35.14,3.56,50.647,1.54,1.0,<Residue MET het=  resseq=194 icode= >,1t2t_A_A,2.5
367,0.0,LYS, ,N,36.07,3.84,0.0,2.75,1.0,<Residue LYS het=  resseq=195 icode= >,1t2t_A_A,2.5
368,7.068,LYS, ,CA,36.52,3.54,7.068,2.71,1.0,<Residue LYS het=  resseq=195 icode= >,1t2t_A_A,2.5
369,0.961,LYS, ,C,37.3,4.22,0.0,3.03,1.0,<Residue LYS het=  resseq=195 icode= >,1t2t_A_A,2.5
370,17.812,LYS, ,O,37.96,5.40,0.0,2.35,1.0,<Residue LYS het=  resseq=195 icode= >,1t2t_A_A,2.5
371,15.015,LYS, ,CB,35.7,4.24,1.114,2.14,1.0,<Residue LYS het=  resseq=195 icode= >,1t2t_A_A,2.5
372,18.699,LYS, ,CG,36.85,3.83,14.549,2.00,1.0,<Residue LYS het=  resseq=195 icode= >,1t2t_A_A,2.5
373,13.534,LYS, ,CD,37.21,4.81,0.0,1.89,1.0,<Residue LYS het=  resseq=195 icode= >,1t2t_A_A,2.5
374,28.229,LYS, ,CE,39.03,4.63,3.899,1.53,1.0,<Residue LYS het=  resseq=195 icode= >,1t2t_A_A,2.5
375,29.647,LYS, ,NZ,39.62,5.87,0.0,0.59,1.0,<Residue LYS het=  resseq=195 icode= >,1t2t_A_A,2.5
376,12.809,GLY, ,N,37.25,3.35,11.444,3.03,1.0,<Residue GLY het=  resseq=196 icode= >,1t2t_A_A,2.5
377,38.872,GLY, ,CA,38.18,4.19,4.015,1.95,1.0,<Residue GLY het=  resseq=196 icode= >,1t2t_A_A,2.5
378,4.96,GLY, ,C,39.11,4.80,0.203,2.33,1.0,<Residue GLY het=  resseq=196 icode= >,1t2t_A_A,2.5
379,30.481,GLY, ,O,40.14,5.48,0.0,1.25,1.0,<Residue GLY het=  resseq=196 icode= >,1t2t_A_A,2.5
380,0.0,LYS, ,N,38.88,4.42,0.0,2.18,1.0,<Residue LYS het=  resseq=197 icode= >,1t2t_A_A,2.5
381,6.895,LYS, ,CA,36.95,4.91,0.0,2.94,1.0,<Residue LYS het=  resseq=197 icode= >,1t2t_A_A,2.5
382,1.049,LYS, ,C,36.69,4.08,0.622,3.85,1.0,<Residue LYS het=  resseq=197 icode= >,1t2t_A_A,2.5
383,19.666,LYS, ,O,36.76,2.97,18.64,2.68,1.0,<Residue LYS het=  resseq=197 icode= >,1t2t_A_A,2.5
384,11.086,LYS, ,CB,35.78,5.54,0.089,2.33,1.0,<Residue LYS het=  resseq=197 icode= >,1t2t_A_A,2.5
385,14.088,LYS, ,CG,35.41,5.65,0.0,1.52,1.0,<Residue LYS het=  resseq=197 icode= >,1t2t_A_A,2.5
386,9.788,LYS, ,CD,34.87,4.30,5.353,2.28,1.0,<Residue LYS het=  resseq=197 icode= >,1t2t_A_A,2.5
387,35.922,LYS, ,CE,35.3,3.56,12.629,1.93,1.0,<Residue LYS het=  resseq=197 icode= >,1t2t_A_A,2.5
388,27.256,LYS, ,NZ,35.64,2.37,27.256,1.36,1.0,<Residue LYS het=  resseq=197 icode= >,1t2t_A_A,2.5
389,5.705,LYS, ,N,38.06,4.76,0.0,2.53,1.0,<Residue LYS het=  resseq=198 icode= >,1t2t_A_A,2.5
390,0.0,LYS, ,CA,38.47,4.49,0.0,2.08,1.0,<Residue LYS het=  resseq=198 icode= >,1t2t_A_A,2.5
391,1.141,LYS, ,C,38.03,5.24,0.0,2.92,1.0,<Residue LYS het=  resseq=198 icode= >,1t2t_A_A,2.5
392,21.839,LYS, ,O,36.47,6.02,0.0,2.22,1.0,<Residue LYS het=  resseq=198 icode= >,1t2t_A_A,2.5
393,13.116,LYS, ,CB,39.73,4.99,0.0,1.83,1.0,<Residue LYS het=  resseq=198 icode= >,1t2t_A_A,2.5
394,10.429,LYS, ,CG,42.14,3.99,5.38,1.26,1.0,<Residue LYS het=  resseq=198 icode= >,1t2t_A_A,2.5
395,15.278,LYS, ,CD,44.11,4.15,0.0,0.96,1.0,<Residue LYS het=  resseq=198 icode= >,1t2t_A_A,2.5
396,4.73,LYS, ,CE,45.23,3.25,2.334,1.11,1.0,<Residue LYS het=  resseq=198 icode= >,1t2t_A_A,2.5
397,30.059,LYS, ,NZ,46.21,3.28,2.595,1.17,1.0,<Residue LYS het=  resseq=198 icode= >,1t2t_A_A,2.5
398,0.495,PRO, ,N,37.45,4.61,0.098,3.85,1.0,<Residue PRO het=  resseq=199 icode= >,1t2t_A_A,2.5
399,12.485,PRO, ,CA,37.18,4.37,7.486,2.74,1.0,<Residue PRO het=  resseq=199 icode= >,1t2t_A_A,2.5
400,0.045,PRO, ,C,36.98,5.15,0.0,3.14,1.0,<Residue PRO het=  resseq=199 icode= >,1t2t_A_A,2.5
401,2.297,PRO, ,O,36.45,5.48,0.0,2.18,1.0,<Residue PRO het=  resseq=199 icode= >,1t2t_A_A,2.5
402,21.602,PRO, ,CB,38.46,3.49,21.602,1.44,1.0,<Residue PRO het=  resseq=199 icode= >,1t2t_A_A,2.5
403,18.072,PRO, ,CG,38.27,2.87,18.072,1.20,1.0,<Residue PRO het=  resseq=199 icode= >,1t2t_A_A,2.5
404,23.599,PRO, ,CD,37.95,3.34,23.021,2.50,1.0,<Residue PRO het=  resseq=199 icode= >,1t2t_A_A,2.5
405,6.413,SER, ,N,36.6,4.76,4.844,2.16,1.0,<Residue SER het=  resseq=200 icode= >,1t2t_A_A,2.5
406,10.78,SER, ,CA,35.79,5.17,0.0,2.35,1.0,<Residue SER het=  resseq=200 icode= >,1t2t_A_A,2.5
407,0.35,SER, ,C,35.07,5.09,0.0,3.41,1.0,<Residue SER het=  resseq=200 icode= >,1t2t_A_A,2.5
408,24.496,SER, ,O,35.96,5.86,0.0,2.29,1.0,<Residue SER het=  resseq=200 icode= >,1t2t_A_A,2.5
409,47.19,SER, ,CB,35.82,3.76,22.232,1.85,1.0,<Residue SER het=  resseq=200 icode= >,1t2t_A_A,2.5
410,31.102,SER, ,OG,37.48,3.09,26.775,1.77,1.0,<Residue SER het=  resseq=200 icode= >,1t2t_A_A,2.5
411,0.0,ASN, ,N,34.04,4.43,0.0,2.44,1.0,<Residue ASN het=  resseq=201 icode= >,1t2t_A_A,2.5
412,8.873,ASN, ,CA,32.47,4.86,0.01,2.82,1.0,<Residue ASN het=  resseq=201 icode= >,1t2t_A_A,2.5
413,0.727,ASN, ,C,31.67,4.64,0.0,3.98,1.0,<Residue ASN het=  resseq=201 icode= >,1t2t_A_A,2.5
414,10.511,ASN, ,O,31.94,3.72,8.151,2.95,1.0,<Residue ASN het=  resseq=201 icode= >,1t2t_A_A,2.5
415,33.569,ASN, ,CB,32.86,4.03,15.216,1.90,1.0,<Residue ASN het=  resseq=201 icode= >,1t2t_A_A,2.5
416,5.576,ASN, ,CG,33.81,3.81,5.576,3.59,1.0,<Residue ASN het=  resseq=201 icode= >,1t2t_A_A,2.5
417,15.092,ASN, ,OD1,35.84,2.94,15.092,1.94,1.0,<Residue ASN het=  resseq=201 icode= >,1t2t_A_A,2.5
418,44.541,ASN, ,ND2,33.82,3.29,39.745,1.88,1.0,<Residue ASN het=  resseq=201 icode= >,1t2t_A_A,2.5
419,0.0,ILE, ,N,32.33,4.49,0.0,3.12,1.0,<Residue ILE het=  resseq=202 icode= >,1t2t_A_A,2.5
420,4.75,ILE, ,CA,33.24,3.58,4.75,3.81,1.0,<Residue ILE het=  resseq=202 icode= >,1t2t_A_A,2.5
421,0.0,ILE, ,C,34.8,3.73,0.0,3.45,1.0,<Residue ILE het=  resseq=202 icode= >,1t2t_A_A,2.5
422,16.667,ILE, ,O,35.42,4.89,0.0,2.55,1.0,<Residue ILE het=  resseq=202 icode= >,1t2t_A_A,2.5
423,0.0,ILE, ,CB,32.55,3.84,0.0,3.44,1.0,<Residue ILE het=  resseq=202 icode= >,1t2t_A_A,2.5
424,10.395,ILE, ,CG1,32.01,5.24,0.0,1.95,1.0,<Residue ILE het=  resseq=202 icode= >,1t2t_A_A,2.5
425,8.049,ILE, ,CG2,31.38,3.45,8.049,2.11,1.0,<Residue ILE het=  resseq=202 icode= >,1t2t_A_A,2.5
426,29.944,ILE, ,CD1,31.71,6.12,0.0,1.20,1.0,<Residue ILE het=  resseq=202 icode= >,1t2t_A_A,2.5
427,2.167,LYS, ,N,36.28,3.01,2.167,1.80,1.0,<Residue LYS het=  resseq=203 icode= >,1t2t_A_A,2.5
428,4.515,LYS, ,CA,35.57,3.96,0.0,2.05,1.0,<Residue LYS het=  resseq=203 icode= >,1t2t_A_A,2.5
429,0.0,LYS, ,C,36.28,4.28,0.0,3.13,1.0,<Residue LYS het=  resseq=203 icode= >,1t2t_A_A,2.5
430,0.0,LYS, ,O,36.2,3.73,0.0,2.19,1.0,<Residue LYS het=  resseq=203 icode= >,1t2t_A_A,2.5
431,3.162,LYS, ,CB,34.23,4.07,1.9,1.64,1.0,<Residue LYS het=  resseq=203 icode= >,1t2t_A_A,2.5
432,14.063,LYS, ,CG,32.21,3.92,3.142,2.09,1.0,<Residue LYS het=  resseq=203 icode= >,1t2t_A_A,2.5
433,7.701,LYS, ,CD,30.39,3.69,3.865,2.48,1.0,<Residue LYS het=  resseq=203 icode= >,1t2t_A_A,2.5
434,43.527,LYS, ,CE,30.79,3.46,11.294,1.75,1.0,<Residue LYS het=  resseq=203 icode= >,1t2t_A_A,2.5
435,40.73,LYS, ,NZ,29.78,2.77,20.945,1.69,1.0,<Residue LYS het=  resseq=203 icode= >,1t2t_A_A,2.5
436,4.444,LYS, ,N,36.41,5.54,0.0,2.28,1.0,<Residue LYS het=  resseq=204 icode= >,1t2t_A_A,2.5
437,0.0,LYS, ,CA,36.47,6.32,0.0,2.75,1.0,<Residue LYS het=  resseq=204 icode= >,1t2t_A_A,2.5
438,0.0,LYS, ,C,34.78,6.61,0.0,3.82,1.0,<Residue LYS het=  resseq=204 icode= >,1t2t_A_A,2.5
439,0.0,LYS, ,O,33.25,6.88,0.0,3.00,1.0,<Residue LYS het=  resseq=204 icode= >,1t2t_A_A,2.5
440,0.634,LYS, ,CB,39.51,7.73,0.0,1.26,1.0,<Residue LYS het=  resseq=204 icode= >,1t2t_A_A,2.5
441,10.34,LYS, ,CG,41.84,8.10,0.0,1.34,1.0,<Residue LYS het=  resseq=204 icode= >,1t2t_A_A,2.5
442,9.559,LYS, ,CD,43.39,9.63,0.0,1.10,1.0,<Residue LYS het=  resseq=204 icode= >,1t2t_A_A,2.5
443,39.008,LYS, ,CE,45.79,10.30,0.0,0.61,1.0,<Residue LYS het=  resseq=204 icode= >,1t2t_A_A,2.5
444,48.665,LYS, ,NZ,46.85,11.78,0.0,0.33,1.0,<Residue LYS het=  resseq=204 icode= >,1t2t_A_A,2.5
445,0.0,ILE, ,N,34.2,6.96,0.0,2.86,1.0,<Residue ILE het=  resseq=205 icode= >,1t2t_A_A,2.5
446,0.0,ILE, ,CA,34.74,7.63,0.0,2.70,1.0,<Residue ILE het=  resseq=205 icode= >,1t2t_A_A,2.5
447,0.0,ILE, ,C,34.54,8.95,0.0,3.81,1.0,<Residue ILE het=  resseq=205 icode= >,1t2t_A_A,2.5
448,0.0,ILE, ,O,35.19,9.23,0.0,2.93,1.0,<Residue ILE het=  resseq=205 icode= >,1t2t_A_A,2.5
449,0.0,ILE, ,CB,34.96,6.91,0.0,2.60,1.0,<Residue ILE het=  resseq=205 icode= >,1t2t_A_A,2.5
450,0.0,ILE, ,CG1,36.08,7.89,0.0,1.73,1.0,<Residue ILE het=  resseq=205 icode= >,1t2t_A_A,2.5
451,0.0,ILE, ,CG2,34.22,6.93,0.0,2.05,1.0,<Residue ILE het=  resseq=205 icode= >,1t2t_A_A,2.5
452,0.0,ILE, ,CD1,36.04,7.09,0.0,1.16,1.0,<Residue ILE het=  resseq=205 icode= >,1t2t_A_A,2.5
453,0.0,SER, ,N,36.22,9.94,0.0,2.70,1.0,<Residue SER het=  resseq=206 icode= >,1t2t_A_A,2.5
454,0.0,SER, ,CA,36.85,11.26,0.0,2.78,1.0,<Residue SER het=  resseq=206 icode= >,1t2t_A_A,2.5
455,0.0,SER, ,C,37.05,11.79,0.0,2.71,1.0,<Residue SER het=  resseq=206 icode= >,1t2t_A_A,2.5
456,0.0,SER, ,O,37.02,11.72,0.0,2.24,1.0,<Residue SER het=  resseq=206 icode= >,1t2t_A_A,2.5
457,1.662,SER, ,CB,38.45,12.29,0.0,1.70,1.0,<Residue SER het=  resseq=206 icode= >,1t2t_A_A,2.5
458,5.569,SER, ,OG,40.18,13.58,0.0,1.28,1.0,<Residue SER het=  resseq=206 icode= >,1t2t_A_A,2.5
459,0.0,CYS, ,N,37.02,12.12,0.0,2.14,1.0,<Residue CYS het=  resseq=207 icode= >,1t2t_A_A,2.5
460,0.0,CYS, ,CA,37.56,12.74,0.0,2.53,1.0,<Residue CYS het=  resseq=207 icode= >,1t2t_A_A,2.5
461,0.0,CYS, ,C,37.57,14.04,0.0,3.93,1.0,<Residue CYS het=  resseq=207 icode= >,1t2t_A_A,2.5
462,5.066,CYS, ,O,37.03,14.42,0.0,2.23,1.0,<Residue CYS het=  resseq=207 icode= >,1t2t_A_A,2.5
463,0.486,CYS, ,CB,38.25,12.62,0.0,1.57,1.0,<Residue CYS het=  resseq=207 icode= >,1t2t_A_A,2.5
464,0.0,CYS, ,SG,38.27,10.93,0.0,4.26,1.0,<Residue CYS het=  resseq=207 icode= >,1t2t_A_A,2.5
465,0.0,ASP, ,N,38.7,14.23,0.0,2.29,1.0,<Residue ASP het=  resseq=208 icode= >,1t2t_A_A,2.5
466,0.0,ASP, ,CA,39.5,14.89,0.0,2.37,1.0,<Residue ASP het=  resseq=208 icode= >,1t2t_A_A,2.5
467,1.862,ASP, ,C,39.52,16.05,0.0,3.14,1.0,<Residue ASP het=  resseq=208 icode= >,1t2t_A_A,2.5
468,16.102,ASP, ,O,39.45,16.36,0.0,1.68,1.0,<Residue ASP het=  resseq=208 icode= >,1t2t_A_A,2.5
469,12.604,ASP, ,CB,40.98,14.00,0.0,1.81,1.0,<Residue ASP het=  resseq=208 icode= >,1t2t_A_A,2.5
470,7.632,ASP, ,CG,42.85,14.72,0.0,2.75,1.0,<Residue ASP het=  resseq=208 icode= >,1t2t_A_A,2.5
471,37.354,ASP, ,OD1,45.86,14.93,0.0,0.90,1.0,<Residue ASP het=  resseq=208 icode= >,1t2t_A_A,2.5
472,18.105,ASP, ,OD2,41.36,15.01,0.0,2.47,1.0,<Residue ASP het=  resseq=208 icode= >,1t2t_A_A,2.5
473,2.234,GLY, ,N,40.0,15.99,0.0,2.26,1.0,<Residue GLY het=  resseq=209 icode= >,1t2t_A_A,2.5
474,31.432,GLY, ,CA,39.6,16.58,0.0,2.02,1.0,<Residue GLY het=  resseq=209 icode= >,1t2t_A_A,2.5
475,3.885,GLY, ,C,39.69,15.77,0.0,3.78,1.0,<Residue GLY het=  resseq=209 icode= >,1t2t_A_A,2.5
476,18.192,GLY, ,O,39.84,15.71,0.0,2.03,1.0,<Residue GLY het=  resseq=209 icode= >,1t2t_A_A,2.5
477,0.0,VAL, ,N,40.57,15.31,0.0,2.34,1.0,<Residue VAL het=  resseq=210 icode= >,1t2t_A_A,2.5
478,5.478,VAL, ,CA,41.16,14.64,0.0,2.19,1.0,<Residue VAL het=  resseq=210 icode= >,1t2t_A_A,2.5
479,0.0,VAL, ,C,41.37,13.18,0.0,2.44,1.0,<Residue VAL het=  resseq=210 icode= >,1t2t_A_A,2.5
480,0.0,VAL, ,O,42.18,12.37,0.0,1.94,1.0,<Residue VAL het=  resseq=210 icode= >,1t2t_A_A,2.5
481,0.0,VAL, ,CB,41.89,14.81,0.0,1.81,1.0,<Residue VAL het=  resseq=210 icode= >,1t2t_A_A,2.5
482,21.073,VAL, ,CG1,42.58,14.27,0.0,0.40,1.0,<Residue VAL het=  resseq=210 icode= >,1t2t_A_A,2.5
483,56.395,VAL, ,CG2,40.9,16.30,0.0,1.00,1.0,<Residue VAL het=  resseq=210 icode= >,1t2t_A_A,2.5
484,2.461,ILE, ,N,40.86,12.94,0.0,1.86,1.0,<Residue ILE het=  resseq=211 icode= >,1t2t_A_A,2.5
485,0.0,ILE, ,CA,39.81,11.66,0.0,2.04,1.0,<Residue ILE het=  resseq=211 icode= >,1t2t_A_A,2.5
486,0.0,ILE, ,C,38.4,10.88,0.0,2.99,1.0,<Residue ILE het=  resseq=211 icode= >,1t2t_A_A,2.5
487,14.115,ILE, ,O,37.29,11.59,0.0,2.76,1.0,<Residue ILE het=  resseq=211 icode= >,1t2t_A_A,2.5
488,0.22,ILE, ,CB,39.57,12.00,0.0,2.30,1.0,<Residue ILE het=  resseq=211 icode= >,1t2t_A_A,2.5
489,17.068,ILE, ,CG1,41.13,12.74,0.0,1.06,1.0,<Residue ILE het=  resseq=211 icode= >,1t2t_A_A,2.5
490,15.902,ILE, ,CG2,39.18,13.04,0.0,1.57,1.0,<Residue ILE het=  resseq=211 icode= >,1t2t_A_A,2.5
491,63.374,ILE, ,CD1,41.18,13.26,0.0,0.57,1.0,<Residue ILE het=  resseq=211 icode= >,1t2t_A_A,2.5
492,0.0,PHE, ,N,37.01,9.55,0.0,2.45,1.0,<Residue PHE het=  resseq=212 icode= >,1t2t_A_A,2.5
493,5.568,PHE, ,CA,36.42,8.81,0.0,2.30,1.0,<Residue PHE het=  resseq=212 icode= >,1t2t_A_A,2.5
494,2.705,PHE, ,C,37.33,7.82,0.0,3.28,1.0,<Residue PHE het=  resseq=212 icode= >,1t2t_A_A,2.5
495,0.704,PHE, ,O,38.4,7.48,0.0,2.16,1.0,<Residue PHE het=  resseq=212 icode= >,1t2t_A_A,2.5
496,0.06,PHE, ,CB,33.89,8.28,0.0,2.36,1.0,<Residue PHE het=  resseq=212 icode= >,1t2t_A_A,2.5
497,0.0,PHE, ,CG,31.23,9.46,0.0,2.86,1.0,<Residue PHE het=  resseq=212 icode= >,1t2t_A_A,2.5
498,0.0,PHE, ,CD1,30.43,9.97,0.0,2.17,1.0,<Residue PHE het=  resseq=212 icode= >,1t2t_A_A,2.5
499,10.223,PHE, ,CD2,29.93,10.21,0.0,2.29,1.0,<Residue PHE het=  resseq=212 icode= >,1t2t_A_A,2.5
500,0.0,PHE, ,CE1,30.48,11.18,0.0,2.54,1.0,<Residue PHE het=  resseq=212 icode= >,1t2t_A_A,2.5
501,12.553,PHE, ,CE2,30.0,11.26,0.0,2.21,1.0,<Residue PHE het=  resseq=212 icode= >,1t2t_A_A,2.5
502,0.025,PHE, ,CZ,31.0,11.76,0.0,1.95,1.0,<Residue PHE het=  resseq=212 icode= >,1t2t_A_A,2.5
503,2.653,ASP, ,N,37.53,7.65,0.0,2.57,1.0,<Residue ASP het=  resseq=213 icode= >,1t2t_A_A,2.5
504,0.124,ASP, ,CA,37.76,6.99,0.0,2.14,1.0,<Residue ASP het=  resseq=213 icode= >,1t2t_A_A,2.5
505,0.0,ASP, ,C,37.04,5.47,0.0,2.64,1.0,<Residue ASP het=  resseq=213 icode= >,1t2t_A_A,2.5
506,0.157,ASP, ,O,37.4,5.06,0.0,2.51,1.0,<Residue ASP het=  resseq=213 icode= >,1t2t_A_A,2.5
507,2.632,ASP, ,CB,39.58,7.20,0.0,1.31,1.0,<Residue ASP het=  resseq=213 icode= >,1t2t_A_A,2.5
508,12.236,ASP, ,CG,42.07,8.39,0.0,2.21,1.0,<Residue ASP het=  resseq=213 icode= >,1t2t_A_A,2.5
509,26.488,ASP, ,OD1,43.05,9.49,0.0,1.61,1.0,<Residue ASP het=  resseq=213 icode= >,1t2t_A_A,2.5
510,38.326,ASP, ,OD2,41.92,8.37,0.0,1.69,1.0,<Residue ASP het=  resseq=213 icode= >,1t2t_A_A,2.5
511,0.0,CYS, ,N,34.8,4.90,0.0,2.21,1.0,<Residue CYS het=  resseq=214 icode= >,1t2t_A_A,2.5
512,0.0,CYS, ,CA,33.52,3.51,0.0,2.64,1.0,<Residue CYS het=  resseq=214 icode= >,1t2t_A_A,2.5
513,0.0,CYS, ,C,31.69,3.76,0.0,4.19,1.0,<Residue CYS het=  resseq=214 icode= >,1t2t_A_A,2.5
514,0.0,CYS, ,O,31.84,4.97,0.0,2.21,1.0,<Residue CYS het=  resseq=214 icode= >,1t2t_A_A,2.5
515,4.729,CYS, ,CB,33.46,3.15,4.729,2.67,1.0,<Residue CYS het=  resseq=214 icode= >,1t2t_A_A,2.5
516,3.662,CYS, ,SG,36.91,3.35,3.662,4.91,1.0,<Residue CYS het=  resseq=214 icode= >,1t2t_A_A,2.5
517,1.216,ALA, ,N,29.13,3.04,1.216,3.24,1.0,<Residue ALA het=  resseq=215 icode= >,1t2t_A_A,2.5
518,0.0,ALA, ,CA,27.4,3.65,0.0,3.29,1.0,<Residue ALA het=  resseq=215 icode= >,1t2t_A_A,2.5
519,0.0,ALA, ,C,26.41,3.71,0.0,3.85,1.0,<Residue ALA het=  resseq=215 icode= >,1t2t_A_A,2.5
520,0.0,ALA, ,O,26.13,4.83,0.0,2.48,1.0,<Residue ALA het=  resseq=215 icode= >,1t2t_A_A,2.5
521,21.481,ALA, ,CB,28.26,3.34,17.519,1.51,1.0,<Residue ALA het=  resseq=215 icode= >,1t2t_A_A,2.5
522,2.4,ALA, ,N,26.34,2.99,2.4,3.12,1.0,<Residue ALA het=  resseq=216 icode= >,1t2t_A_A,2.5
523,0.938,ALA, ,CA,26.12,3.88,0.151,3.24,1.0,<Residue ALA het=  resseq=216 icode= >,1t2t_A_A,2.5
524,0.0,ALA, ,C,26.59,5.23,0.0,4.33,1.0,<Residue ALA het=  resseq=216 icode= >,1t2t_A_A,2.5
525,0.033,ALA, ,O,27.15,6.22,0.0,2.90,1.0,<Residue ALA het=  resseq=216 icode= >,1t2t_A_A,2.5
526,28.576,ALA, ,CB,24.89,3.71,20.329,1.94,1.0,<Residue ALA het=  resseq=216 icode= >,1t2t_A_A,2.5
527,0.0,ASP, ,N,27.45,5.42,0.0,3.27,1.0,<Residue ASP het=  resseq=217 icode= >,1t2t_A_A,2.5
528,1.876,ASP, ,CA,26.96,6.21,0.0,2.87,1.0,<Residue ASP het=  resseq=217 icode= >,1t2t_A_A,2.5
529,0.0,ASP, ,C,27.17,7.53,0.0,3.59,1.0,<Residue ASP het=  resseq=217 icode= >,1t2t_A_A,2.5
530,1.47,ASP, ,O,28.37,8.52,0.0,2.45,1.0,<Residue ASP het=  resseq=217 icode= >,1t2t_A_A,2.5
531,7.835,ASP, ,CB,27.48,6.20,0.0,1.98,1.0,<Residue ASP het=  resseq=217 icode= >,1t2t_A_A,2.5
532,7.832,ASP, ,CG,28.85,5.12,0.0,3.82,1.0,<Residue ASP het=  resseq=217 icode= >,1t2t_A_A,2.5
533,8.514,ASP, ,OD1,29.19,4.53,0.0,2.37,1.0,<Residue ASP het=  resseq=217 icode= >,1t2t_A_A,2.5
534,6.987,ASP, ,OD2,28.6,5.23,0.0,2.64,1.0,<Residue ASP het=  resseq=217 icode= >,1t2t_A_A,2.5
535,0.0,ALA, ,N,25.61,7.06,0.0,2.90,1.0,<Residue ALA het=  resseq=218 icode= >,1t2t_A_A,2.5
536,0.0,ALA, ,CA,25.9,7.95,0.0,3.08,1.0,<Residue ALA het=  resseq=218 icode= >,1t2t_A_A,2.5
537,0.0,ALA, ,C,25.96,8.30,0.0,4.08,1.0,<Residue ALA het=  resseq=218 icode= >,1t2t_A_A,2.5
538,0.0,ALA, ,O,27.96,9.49,0.0,2.43,1.0,<Residue ALA het=  resseq=218 icode= >,1t2t_A_A,2.5
539,0.0,ALA, ,CB,24.8,7.58,0.0,1.50,1.0,<Residue ALA het=  resseq=218 icode= >,1t2t_A_A,2.5
540,0.0,ALA, ,N,25.86,7.42,0.0,2.64,1.0,<Residue ALA het=  resseq=219 icode= >,1t2t_A_A,2.5
541,0.0,ALA, ,CA,24.0,8.04,0.0,3.60,1.0,<Residue ALA het=  resseq=219 icode= >,1t2t_A_A,2.5
542,0.052,ALA, ,C,23.62,8.64,0.0,5.09,1.0,<Residue ALA het=  resseq=219 icode= >,1t2t_A_A,2.5
543,0.064,ALA, ,O,23.18,7.94,0.0,2.90,1.0,<Residue ALA het=  resseq=219 icode= >,1t2t_A_A,2.5
544,3.041,ALA, ,CB,24.91,7.17,0.0,1.43,1.0,<Residue ALA het=  resseq=219 icode= >,1t2t_A_A,2.5
545,0.036,ARG, ,N,24.03,8.57,0.0,3.21,1.0,<Residue ARG het=  resseq=220 icode= >,1t2t_A_A,2.5
546,5.922,ARG, ,CA,26.39,8.86,0.0,2.79,1.0,<Residue ARG het=  resseq=220 icode= >,1t2t_A_A,2.5
547,1.333,ARG, ,C,27.63,10.18,0.0,3.17,1.0,<Residue ARG het=  resseq=220 icode= >,1t2t_A_A,2.5
548,5.234,ARG, ,O,29.16,10.20,0.0,2.71,1.0,<Residue ARG het=  resseq=220 icode= >,1t2t_A_A,2.5
549,13.471,ARG, ,CB,26.34,7.79,0.0,2.78,1.0,<Residue ARG het=  resseq=220 icode= >,1t2t_A_A,2.5
550,21.707,ARG, ,CG,28.03,6.74,0.0,1.72,1.0,<Residue ARG het=  resseq=220 icode= >,1t2t_A_A,2.5
551,35.856,ARG, ,CD,26.84,6.02,0.0,2.06,1.0,<Residue ARG het=  resseq=220 icode= >,1t2t_A_A,2.5
552,10.981,ARG, ,NE,26.65,5.23,0.0,2.78,1.0,<Residue ARG het=  resseq=220 icode= >,1t2t_A_A,2.5
553,4.33,ARG, ,CZ,27.39,3.93,0.0,3.64,1.0,<Residue ARG het=  resseq=220 icode= >,1t2t_A_A,2.5
554,33.508,ARG, ,NH1,27.29,3.29,10.501,2.08,1.0,<Residue ARG het=  resseq=220 icode= >,1t2t_A_A,2.5
555,14.04,ARG, ,NH2,28.17,3.38,6.177,2.04,1.0,<Residue ARG het=  resseq=220 icode= >,1t2t_A_A,2.5
556,0.536,HIS, ,N,27.39,10.40,0.0,2.54,1.0,<Residue HIS het=  resseq=221 icode= >,1t2t_A_A,2.5
557,7.925,HIS, ,CA,26.3,11.50,0.0,2.97,1.0,<Residue HIS het=  resseq=221 icode= >,1t2t_A_A,2.5
558,0.0,HIS, ,C,25.36,10.55,0.0,4.18,1.0,<Residue HIS het=  resseq=221 icode= >,1t2t_A_A,2.5
559,13.729,HIS, ,O,26.33,10.75,0.0,3.22,1.0,<Residue HIS het=  resseq=221 icode= >,1t2t_A_A,2.5
560,4.531,HIS, ,CB,27.4,11.53,0.0,1.76,1.0,<Residue HIS het=  resseq=221 icode= >,1t2t_A_A,2.5
561,0.0,HIS, ,CG,27.05,12.88,0.0,3.93,1.0,<Residue HIS het=  resseq=221 icode= >,1t2t_A_A,2.5
562,19.57,HIS, ,ND1,26.79,13.44,0.0,3.22,1.0,<Residue HIS het=  resseq=221 icode= >,1t2t_A_A,2.5
563,0.756,HIS, ,CD2,26.55,13.29,0.0,3.32,1.0,<Residue HIS het=  resseq=221 icode= >,1t2t_A_A,2.5
564,41.532,HIS, ,CE1,25.47,14.66,0.0,3.28,1.0,<Residue HIS het=  resseq=221 icode= >,1t2t_A_A,2.5
565,24.714,HIS, ,NE2,27.72,14.17,0.0,2.88,1.0,<Residue HIS het=  resseq=221 icode= >,1t2t_A_A,2.5
566,0.0,PHE, ,N,23.66,9.73,0.0,3.75,1.0,<Residue PHE het=  resseq=222 icode= >,1t2t_A_A,2.5
567,6.998,PHE, ,CA,21.63,8.94,0.0,4.00,1.0,<Residue PHE het=  resseq=222 icode= >,1t2t_A_A,2.5
568,0.466,PHE, ,C,21.93,7.73,0.0,4.63,1.0,<Residue PHE het=  resseq=222 icode= >,1t2t_A_A,2.5
569,19.119,PHE, ,O,21.61,7.25,0.0,3.30,1.0,<Residue PHE het=  resseq=222 icode= >,1t2t_A_A,2.5
570,1.956,PHE, ,CB,21.22,8.68,0.0,2.22,1.0,<Residue PHE het=  resseq=222 icode= >,1t2t_A_A,2.5
571,0.029,PHE, ,CG,21.21,9.88,0.0,2.94,1.0,<Residue PHE het=  resseq=222 icode= >,1t2t_A_A,2.5
572,0.0,PHE, ,CD1,21.7,10.79,0.0,2.45,1.0,<Residue PHE het=  resseq=222 icode= >,1t2t_A_A,2.5
573,16.201,PHE, ,CD2,21.52,9.44,0.0,2.90,1.0,<Residue PHE het=  resseq=222 icode= >,1t2t_A_A,2.5
574,0.0,PHE, ,CE1,22.48,11.76,0.0,2.48,1.0,<Residue PHE het=  resseq=222 icode= >,1t2t_A_A,2.5
575,22.857,PHE, ,CE2,21.8,10.19,0.0,2.68,1.0,<Residue PHE het=  resseq=222 icode= >,1t2t_A_A,2.5
576,8.679,PHE, ,CZ,22.92,11.33,0.0,2.13,1.0,<Residue PHE het=  resseq=222 icode= >,1t2t_A_A,2.5
577,0.0,LYS, ,N,21.24,7.48,0.0,3.24,1.0,<Residue LYS het=  resseq=223 icode= >,1t2t_A_A,2.5
578,3.221,LYS, ,CA,21.73,6.54,0.0,3.40,1.0,<Residue LYS het=  resseq=223 icode= >,1t2t_A_A,2.5
579,4.113,LYS, ,C,22.03,5.08,0.0,4.19,1.0,<Residue LYS het=  resseq=223 icode= >,1t2t_A_A,2.5
580,21.632,LYS, ,O,21.14,4.30,4.459,3.34,1.0,<Residue LYS het=  resseq=223 icode= >,1t2t_A_A,2.5
581,17.592,LYS, ,CB,23.36,6.89,0.0,1.54,1.0,<Residue LYS het=  resseq=223 icode= >,1t2t_A_A,2.5
582,13.049,LYS, ,CG,24.83,8.32,0.0,1.81,1.0,<Residue LYS het=  resseq=223 icode= >,1t2t_A_A,2.5
583,27.693,LYS, ,CD,26.66,8.62,0.0,1.72,1.0,<Residue LYS het=  resseq=223 icode= >,1t2t_A_A,2.5
584,42.091,LYS, ,CE,29.73,10.13,0.0,1.90,1.0,<Residue LYS het=  resseq=223 icode= >,1t2t_A_A,2.5
585,37.269,LYS, ,NZ,33.78,10.69,0.0,0.99,1.0,<Residue LYS het=  resseq=223 icode= >,1t2t_A_A,2.5
586,0.528,ILE, ,N,23.32,5.03,0.0,2.52,1.0,<Residue ILE het=  resseq=224 icode= >,1t2t_A_A,2.5
587,6.9,ILE, ,CA,23.16,4.00,5.649,3.20,1.0,<Residue ILE het=  resseq=224 icode= >,1t2t_A_A,2.5
588,4.165,ILE, ,C,23.67,4.12,0.0,3.91,1.0,<Residue ILE het=  resseq=224 icode= >,1t2t_A_A,2.5
589,10.896,ILE, ,O,22.88,5.28,0.0,2.82,1.0,<Residue ILE het=  resseq=224 icode= >,1t2t_A_A,2.5
590,0.0,ILE, ,CB,21.63,3.99,0.0,3.61,1.0,<Residue ILE het=  resseq=224 icode= >,1t2t_A_A,2.5
591,0.0,ILE, ,CG1,22.0,5.27,0.0,2.38,1.0,<Residue ILE het=  resseq=224 icode= >,1t2t_A_A,2.5
592,17.077,ILE, ,CG2,19.44,4.42,3.263,2.63,1.0,<Residue ILE het=  resseq=224 icode= >,1t2t_A_A,2.5
593,0.0,ILE, ,CD1,22.56,5.78,0.0,2.04,1.0,<Residue ILE het=  resseq=224 icode= >,1t2t_A_A,2.5
594,5.478,SER, ,N,26.32,3.17,4.335,2.67,1.0,<Residue SER het=  resseq=225 icode= >,1t2t_A_A,2.5
595,10.71,SER, ,CA,25.86,3.94,0.171,2.93,1.0,<Residue SER het=  resseq=225 icode= >,1t2t_A_A,2.5
596,0.0,SER, ,C,26.86,4.78,0.0,4.28,1.0,<Residue SER het=  resseq=225 icode= >,1t2t_A_A,2.5
597,0.0,SER, ,O,28.13,4.63,0.0,2.99,1.0,<Residue SER het=  resseq=225 icode= >,1t2t_A_A,2.5
598,42.394,SER, ,CB,26.34,3.47,38.672,2.73,1.0,<Residue SER het=  resseq=225 icode= >,1t2t_A_A,2.5
599,16.964,SER, ,OG,24.81,2.45,16.964,3.02,1.0,<Residue SER het=  resseq=225 icode= >,1t2t_A_A,2.5
600,6.124,SER, ,N,27.78,6.00,0.0,3.35,1.0,<Residue SER het=  resseq=226 icode= >,1t2t_A_A,2.5
601,0.0,SER, ,CA,28.18,4.92,0.0,3.36,1.0,<Residue SER het=  resseq=226 icode= >,1t2t_A_A,2.5
602,1.018,SER, ,C,29.94,4.36,1.018,4.07,1.0,<Residue SER het=  resseq=226 icode= >,1t2t_A_A,2.5
603,2.877,SER, ,O,32.36,4.16,2.024,2.68,1.0,<Residue SER het=  resseq=226 icode= >,1t2t_A_A,2.5
604,37.215,SER, ,CB,28.68,4.11,20.812,1.50,1.0,<Residue SER het=  resseq=226 icode= >,1t2t_A_A,2.5
605,20.406,SER, ,OG,28.77,5.20,0.0,0.38,0.5,<Residue SER het=  resseq=226 icode= >,1t2t_A_A,2.5
606,5.457,GLY, ,N,30.7,4.36,4.275,2.37,1.0,<Residue GLY het=  resseq=227 icode= >,1t2t_A_A,2.5
607,33.966,GLY, ,CA,29.64,3.48,33.909,2.50,1.0,<Residue GLY het=  resseq=227 icode= >,1t2t_A_A,2.5
608,4.682,GLY, ,C,30.11,3.78,4.609,4.39,1.0,<Residue GLY het=  resseq=227 icode= >,1t2t_A_A,2.5
609,6.497,GLY, ,O,30.34,3.93,4.449,3.10,1.0,<Residue GLY het=  resseq=227 icode= >,1t2t_A_A,2.5
610,1.639,LEU, ,N,30.09,3.57,1.639,2.52,1.0,<Residue LEU het=  resseq=228 icode= >,1t2t_A_A,2.5
611,1.546,LEU, ,CA,29.58,3.82,1.546,2.72,1.0,<Residue LEU het=  resseq=228 icode= >,1t2t_A_A,2.5
612,0.0,LEU, ,C,29.19,5.29,0.0,4.13,1.0,<Residue LEU het=  resseq=228 icode= >,1t2t_A_A,2.5
613,0.0,LEU, ,O,28.18,5.93,0.0,3.15,1.0,<Residue LEU het=  resseq=228 icode= >,1t2t_A_A,2.5
614,0.241,LEU, ,CB,28.84,3.64,0.241,1.83,1.0,<Residue LEU het=  resseq=228 icode= >,1t2t_A_A,2.5
615,0.0,LEU, ,CG,28.12,3.97,0.0,3.00,1.0,<Residue LEU het=  resseq=228 icode= >,1t2t_A_A,2.5
616,36.442,LEU, ,CD1,25.91,3.59,36.416,1.93,1.0,<Residue LEU het=  resseq=228 icode= >,1t2t_A_A,2.5
617,23.179,LEU, ,CD2,27.18,3.34,22.367,2.13,1.0,<Residue LEU het=  resseq=228 icode= >,1t2t_A_A,2.5
618,0.0,VAL, ,N,29.8,6.06,0.0,2.96,1.0,<Residue VAL het=  resseq=229 icode= >,1t2t_A_A,2.5
619,0.0,VAL, ,CA,29.96,6.41,0.0,2.73,1.0,<Residue VAL het=  resseq=229 icode= >,1t2t_A_A,2.5
620,0.0,VAL, ,C,31.11,5.48,0.0,3.31,1.0,<Residue VAL het=  resseq=229 icode= >,1t2t_A_A,2.5
621,0.0,VAL, ,O,31.32,5.82,0.0,2.17,1.0,<Residue VAL het=  resseq=229 icode= >,1t2t_A_A,2.5
622,0.151,VAL, ,CB,29.21,5.93,0.0,2.29,1.0,<Residue VAL het=  resseq=229 icode= >,1t2t_A_A,2.5
623,0.0,VAL, ,CG1,26.41,5.61,0.0,2.07,1.0,<Residue VAL het=  resseq=229 icode= >,1t2t_A_A,2.5
624,0.0,VAL, ,CG2,26.74,7.23,0.0,2.34,1.0,<Residue VAL het=  resseq=229 icode= >,1t2t_A_A,2.5
625,0.0,THR, ,N,31.1,4.68,0.0,2.91,1.0,<Residue THR het=  resseq=230 icode= >,1t2t_A_A,2.5
626,0.44,THR, ,CA,31.61,4.13,0.007,2.51,1.0,<Residue THR het=  resseq=230 icode= >,1t2t_A_A,2.5
627,0.0,THR, ,C,31.93,5.36,0.0,3.28,1.0,<Residue THR het=  resseq=230 icode= >,1t2t_A_A,2.5
628,0.0,THR, ,O,34.69,5.72,0.0,1.89,1.0,<Residue THR het=  resseq=230 icode= >,1t2t_A_A,2.5
629,3.753,THR, ,CB,30.3,3.45,3.753,3.09,1.0,<Residue THR het=  resseq=230 icode= >,1t2t_A_A,2.5
630,19.857,THR, ,OG1,30.79,2.99,19.374,2.07,1.0,<Residue THR het=  resseq=230 icode= >,1t2t_A_A,2.5
631,43.915,THR, ,CG2,30.88,3.49,39.25,1.03,1.0,<Residue THR het=  resseq=230 icode= >,1t2t_A_A,2.5
632,0.258,TYR, ,N,30.68,5.29,0.142,2.84,1.0,<Residue TYR het=  resseq=231 icode= >,1t2t_A_A,2.5
633,5.3,TYR, ,CA,29.45,6.09,0.0,2.96,1.0,<Residue TYR het=  resseq=231 icode= >,1t2t_A_A,2.5
634,0.0,TYR, ,C,31.65,6.91,0.0,3.68,1.0,<Residue TYR het=  resseq=231 icode= >,1t2t_A_A,2.5
635,1.676,TYR, ,O,32.92,7.01,0.0,2.33,1.0,<Residue TYR het=  resseq=231 icode= >,1t2t_A_A,2.5
636,4.844,TYR, ,CB,26.25,4.71,2.156,2.58,1.0,<Residue TYR het=  resseq=231 icode= >,1t2t_A_A,2.5
637,0.164,TYR, ,CG,24.44,3.96,0.164,3.62,1.0,<Residue TYR het=  resseq=231 icode= >,1t2t_A_A,2.5
638,24.742,TYR, ,CD1,23.72,3.59,7.477,2.54,1.0,<Residue TYR het=  resseq=231 icode= >,1t2t_A_A,2.5
639,0.658,TYR, ,CD2,24.15,4.26,0.291,2.72,1.0,<Residue TYR het=  resseq=231 icode= >,1t2t_A_A,2.5
640,34.04,TYR, ,CE1,23.71,3.56,9.814,2.12,1.0,<Residue TYR het=  resseq=231 icode= >,1t2t_A_A,2.5
641,18.941,TYR, ,CE2,23.13,3.39,17.615,2.16,1.0,<Residue TYR het=  resseq=231 icode= >,1t2t_A_A,2.5
642,8.135,TYR, ,CZ,23.71,3.38,5.528,3.13,1.0,<Residue TYR het=  resseq=231 icode= >,1t2t_A_A,2.5
643,43.259,TYR, ,OH,23.42,2.54,33.621,2.60,1.0,<Residue TYR het=  resseq=231 icode= >,1t2t_A_A,2.5
644,0.0,ARG, ,N,31.95,7.38,0.0,2.82,1.0,<Residue ARG het=  resseq=232 icode= >,1t2t_A_A,2.5
645,0.0,ARG, ,CA,32.67,7.57,0.0,3.10,1.0,<Residue ARG het=  resseq=232 icode= >,1t2t_A_A,2.5
646,0.0,ARG, ,C,33.2,8.57,0.0,4.07,1.0,<Residue ARG het=  resseq=232 icode= >,1t2t_A_A,2.5
647,0.198,ARG, ,O,34.02,8.46,0.0,2.06,1.0,<Residue ARG het=  resseq=232 icode= >,1t2t_A_A,2.5
648,0.0,ARG, ,CB,31.81,7.19,0.0,3.03,1.0,<Residue ARG het=  resseq=232 icode= >,1t2t_A_A,2.5
649,0.33,ARG, ,CG,31.88,5.69,0.0,2.87,1.0,<Residue ARG het=  resseq=232 icode= >,1t2t_A_A,2.5
650,0.0,ARG, ,CD,32.05,5.51,0.0,2.89,1.0,<Residue ARG het=  resseq=232 icode= >,1t2t_A_A,2.5
651,2.01,ARG, ,NE,33.95,4.24,1.668,2.99,1.0,<Residue ARG het=  resseq=232 icode= >,1t2t_A_A,2.5
652,0.0,ARG, ,CZ,33.81,4.34,0.0,3.98,1.0,<Residue ARG het=  resseq=232 icode= >,1t2t_A_A,2.5
653,3.138,ARG, ,NH1,32.3,5.59,0.0,1.81,1.0,<Residue ARG het=  resseq=232 icode= >,1t2t_A_A,2.5
654,29.863,ARG, ,NH2,33.47,3.54,14.607,2.16,1.0,<Residue ARG het=  resseq=232 icode= >,1t2t_A_A,2.5
655,0.0,VAL, ,N,33.48,7.56,0.0,2.65,1.0,<Residue VAL het=  resseq=233 icode= >,1t2t_A_A,2.5
656,0.0,VAL, ,CA,34.07,7.39,0.0,2.82,1.0,<Residue VAL het=  resseq=233 icode= >,1t2t_A_A,2.5
657,0.046,VAL, ,C,35.71,7.90,0.0,3.34,1.0,<Residue VAL het=  resseq=233 icode= >,1t2t_A_A,2.5
658,16.603,VAL, ,O,37.65,8.25,0.0,1.74,1.0,<Residue VAL het=  resseq=233 icode= >,1t2t_A_A,2.5
659,0.0,VAL, ,CB,33.62,6.03,0.0,2.80,1.0,<Residue VAL het=  resseq=233 icode= >,1t2t_A_A,2.5
660,16.667,VAL, ,CG1,31.01,5.88,0.0,1.91,1.0,<Residue VAL het=  resseq=233 icode= >,1t2t_A_A,2.5
661,0.0,VAL, ,CG2,30.86,6.21,0.0,1.87,1.0,<Residue VAL het=  resseq=233 icode= >,1t2t_A_A,2.5
662,0.0,LYS, ,N,36.4,7.96,0.0,2.75,1.0,<Residue LYS het=  resseq=234 icode= >,1t2t_A_A,2.5
663,6.881,LYS, ,CA,36.67,7.81,0.0,2.48,1.0,<Residue LYS het=  resseq=234 icode= >,1t2t_A_A,2.5
664,1.726,LYS, ,C,37.17,8.62,0.0,2.95,1.0,<Residue LYS het=  resseq=234 icode= >,1t2t_A_A,2.5
665,26.886,LYS, ,O,38.48,8.94,0.0,1.72,1.0,<Residue LYS het=  resseq=234 icode= >,1t2t_A_A,2.5
666,12.98,LYS, ,CB,34.76,6.41,0.0,1.78,1.0,<Residue LYS het=  resseq=234 icode= >,1t2t_A_A,2.5
667,12.391,LYS, ,CG,32.67,5.33,0.0,1.03,0.5,<Residue LYS het=  resseq=234 icode= >,1t2t_A_A,2.5
668,9.837,LYS, ,CD,31.95,3.91,1.511,0.97,0.5,<Residue LYS het=  resseq=234 icode= >,1t2t_A_A,2.5
669,38.502,LYS, ,CE,30.93,3.82,0.877,1.15,0.5,<Residue LYS het=  resseq=234 icode= >,1t2t_A_A,2.5
670,47.359,LYS, ,NZ,28.68,2.78,21.677,1.12,0.5,<Residue LYS het=  resseq=234 icode= >,1t2t_A_A,2.5
671,0.164,SER, ,N,37.55,7.53,0.0,2.08,1.0,<Residue SER het=  resseq=235 icode= >,1t2t_A_A,2.5
672,9.851,SER, ,CA,36.11,6.57,0.0,2.57,1.0,<Residue SER het=  resseq=235 icode= >,1t2t_A_A,2.5
673,0.264,SER, ,C,35.61,7.40,0.0,3.26,1.0,<Residue SER het=  resseq=235 icode= >,1t2t_A_A,2.5
674,5.027,SER, ,O,35.29,8.26,0.0,2.97,1.0,<Residue SER het=  resseq=235 icode= >,1t2t_A_A,2.5
675,3.043,SER, ,CB,36.06,5.39,0.0,2.51,1.0,<Residue SER het=  resseq=235 icode= >,1t2t_A_A,2.5
676,6.042,SER, ,OG,36.17,4.65,2.024,2.32,1.0,<Residue SER het=  resseq=235 icode= >,1t2t_A_A,2.5
677,5.05,ASP, ,N,34.71,7.41,0.0,2.27,1.0,<Residue ASP het=  resseq=236 icode= >,1t2t_A_A,2.5
678,10.521,ASP, ,CA,33.18,8.46,0.0,3.09,1.0,<Residue ASP het=  resseq=236 icode= >,1t2t_A_A,2.5
679,0.288,ASP, ,C,33.21,8.14,0.0,3.76,1.0,<Residue ASP het=  resseq=236 icode= >,1t2t_A_A,2.5
680,24.718,ASP, ,O,33.81,9.01,0.0,2.59,1.0,<Residue ASP het=  resseq=236 icode= >,1t2t_A_A,2.5
681,36.371,ASP, ,CB,32.34,9.01,0.0,1.87,1.0,<Residue ASP het=  resseq=236 icode= >,1t2t_A_A,2.5
682,11.844,ASP, ,CG,32.13,8.41,0.0,2.19,0.5,<Residue ASP het=  resseq=236 icode= >,1t2t_A_A,2.5
683,7.77,ASP, ,OD1,32.36,7.41,0.0,0.52,0.5,<Residue ASP het=  resseq=236 icode= >,1t2t_A_A,2.5
684,41.7,ASP, ,OD2,32.69,8.74,0.0,1.21,0.5,<Residue ASP het=  resseq=236 icode= >,1t2t_A_A,2.5
685,0.0,LYS, ,N,32.74,6.96,0.0,2.60,1.0,<Residue LYS het=  resseq=237 icode= >,1t2t_A_A,2.5
686,7.061,LYS, ,CA,30.46,6.47,0.0,2.96,1.0,<Residue LYS het=  resseq=237 icode= >,1t2t_A_A,2.5
687,2.772,LYS, ,C,30.61,7.03,0.0,3.97,1.0,<Residue LYS het=  resseq=237 icode= >,1t2t_A_A,2.5
688,27.695,LYS, ,O,31.25,7.13,0.0,2.66,1.0,<Residue LYS het=  resseq=237 icode= >,1t2t_A_A,2.5
689,6.231,LYS, ,CB,29.94,4.95,0.0,2.36,1.0,<Residue LYS het=  resseq=237 icode= >,1t2t_A_A,2.5
690,10.739,LYS, ,CG,28.5,4.62,0.0,2.55,1.0,<Residue LYS het=  resseq=237 icode= >,1t2t_A_A,2.5
691,27.111,LYS, ,CD,29.42,3.21,17.927,2.26,1.0,<Residue LYS het=  resseq=237 icode= >,1t2t_A_A,2.5
692,47.645,LYS, ,CE,31.49,3.55,25.849,1.34,1.0,<Residue LYS het=  resseq=237 icode= >,1t2t_A_A,2.5
693,45.872,LYS, ,NZ,35.07,4.61,0.0,0.74,1.0,<Residue LYS het=  resseq=237 icode= >,1t2t_A_A,2.5
694,0.0,TRP, ,N,29.45,7.71,0.0,2.88,1.0,<Residue TRP het=  resseq=238 icode= >,1t2t_A_A,2.5
695,3.172,TRP, ,CA,29.82,8.56,0.0,3.41,1.0,<Residue TRP het=  resseq=238 icode= >,1t2t_A_A,2.5
696,3.681,TRP, ,C,31.03,10.01,0.0,3.88,1.0,<Residue TRP het=  resseq=238 icode= >,1t2t_A_A,2.5
697,12.906,TRP, ,O,32.93,10.37,0.0,1.68,1.0,<Residue TRP het=  resseq=238 icode= >,1t2t_A_A,2.5
698,0.0,TRP, ,CB,27.6,8.34,0.0,2.71,1.0,<Residue TRP het=  resseq=238 icode= >,1t2t_A_A,2.5
699,0.0,TRP, ,CG,27.95,7.07,0.0,2.97,1.0,<Residue TRP het=  resseq=238 icode= >,1t2t_A_A,2.5
700,0.0,TRP, ,CD1,28.14,5.89,0.0,2.64,1.0,<Residue TRP het=  resseq=238 icode= >,1t2t_A_A,2.5
701,0.661,TRP, ,CD2,27.79,6.94,0.0,3.52,1.0,<Residue TRP het=  resseq=238 icode= >,1t2t_A_A,2.5
702,9.601,TRP, ,NE1,28.27,5.04,5.368,3.24,1.0,<Residue TRP het=  resseq=238 icode= >,1t2t_A_A,2.5
703,2.568,TRP, ,CE2,28.77,5.71,0.0,4.04,1.0,<Residue TRP het=  resseq=238 icode= >,1t2t_A_A,2.5
704,8.907,TRP, ,CE3,28.58,7.44,0.0,2.41,1.0,<Residue TRP het=  resseq=238 icode= >,1t2t_A_A,2.5
705,21.799,TRP, ,CZ2,29.73,4.91,3.674,1.83,1.0,<Residue TRP het=  resseq=238 icode= >,1t2t_A_A,2.5
706,20.775,TRP, ,CZ3,29.62,6.84,0.0,2.09,1.0,<Residue TRP het=  resseq=238 icode= >,1t2t_A_A,2.5
707,20.022,TRP, ,CH2,29.82,5.59,0.0,1.80,1.0,<Residue TRP het=  resseq=238 icode= >,1t2t_A_A,2.5
708,5.554,ASN, ,N,32.43,10.94,0.0,2.67,1.0,<Residue ASN het=  resseq=239 icode= >,1t2t_A_A,2.5
709,5.362,ASN, ,CA,32.8,12.35,0.0,2.47,1.0,<Residue ASN het=  resseq=239 icode= >,1t2t_A_A,2.5
710,0.288,ASN, ,C,33.13,12.93,0.0,3.75,1.0,<Residue ASN het=  resseq=239 icode= >,1t2t_A_A,2.5
711,0.0,ASN, ,O,33.02,13.37,0.0,2.42,1.0,<Residue ASN het=  resseq=239 icode= >,1t2t_A_A,2.5
712,18.003,ASN, ,CB,32.51,13.20,0.0,1.62,1.0,<Residue ASN het=  resseq=239 icode= >,1t2t_A_A,2.5
713,5.163,ASN, ,CG,33.2,14.65,0.0,3.02,1.0,<Residue ASN het=  resseq=239 icode= >,1t2t_A_A,2.5
714,24.918,ASN, ,OD1,34.43,15.02,0.0,2.12,1.0,<Residue ASN het=  resseq=239 icode= >,1t2t_A_A,2.5
715,23.529,ASN, ,ND2,34.46,15.58,0.0,1.24,1.0,<Residue ASN het=  resseq=239 icode= >,1t2t_A_A,2.5
716,1.169,TRP, ,N,33.83,11.83,0.0,2.44,1.0,<Residue TRP het=  resseq=240 icode= >,1t2t_A_A,2.5
717,0.0,TRP, ,CA,34.68,10.69,0.0,3.26,1.0,<Residue TRP het=  resseq=240 icode= >,1t2t_A_A,2.5
718,0.481,TRP, ,C,35.98,9.92,0.0,3.45,1.0,<Residue TRP het=  resseq=240 icode= >,1t2t_A_A,2.5
719,5.459,TRP, ,O,35.44,9.49,0.0,2.57,1.0,<Residue TRP het=  resseq=240 icode= >,1t2t_A_A,2.5
720,0.0,TRP, ,CB,34.09,9.90,0.0,1.96,1.0,<Residue TRP het=  resseq=240 icode= >,1t2t_A_A,2.5
721,0.0,TRP, ,CG,34.45,10.74,0.0,2.19,1.0,<Residue TRP het=  resseq=240 icode= >,1t2t_A_A,2.5
722,0.033,TRP, ,CD1,34.11,11.01,0.0,2.44,1.0,<Residue TRP het=  resseq=240 icode= >,1t2t_A_A,2.5
723,0.0,TRP, ,CD2,33.94,9.92,0.0,2.90,1.0,<Residue TRP het=  resseq=240 icode= >,1t2t_A_A,2.5
724,5.104,TRP, ,NE1,34.57,10.39,0.0,2.72,1.0,<Residue TRP het=  resseq=240 icode= >,1t2t_A_A,2.5
725,0.0,TRP, ,CE2,34.03,9.68,0.0,3.32,1.0,<Residue TRP het=  resseq=240 icode= >,1t2t_A_A,2.5
726,0.0,TRP, ,CE3,32.92,9.34,0.0,2.54,1.0,<Residue TRP het=  resseq=240 icode= >,1t2t_A_A,2.5
727,0.268,TRP, ,CZ2,34.86,9.08,0.0,2.06,1.0,<Residue TRP het=  resseq=240 icode= >,1t2t_A_A,2.5
728,0.0,TRP, ,CZ3,32.59,8.95,0.0,2.58,1.0,<Residue TRP het=  resseq=240 icode= >,1t2t_A_A,2.5
729,0.0,TRP, ,CH2,34.25,8.70,0.0,2.47,1.0,<Residue TRP het=  resseq=240 icode= >,1t2t_A_A,2.5
730,0.0,PHE, ,N,37.6,9.96,0.0,2.67,1.0,<Residue PHE het=  resseq=241 icode= >,1t2t_A_A,2.5
731,1.003,PHE, ,CA,39.62,9.27,0.0,1.96,1.0,<Residue PHE het=  resseq=241 icode= >,1t2t_A_A,2.5
732,0.0,PHE, ,C,40.47,8.82,0.0,3.21,1.0,<Residue PHE het=  resseq=241 icode= >,1t2t_A_A,2.5
733,0.0,PHE, ,O,40.55,9.43,0.0,3.07,1.0,<Residue PHE het=  resseq=241 icode= >,1t2t_A_A,2.5
734,27.691,PHE, ,CB,40.64,10.32,0.0,1.50,1.0,<Residue PHE het=  resseq=241 icode= >,1t2t_A_A,2.5
735,2.52,PHE, ,CG,42.55,11.55,0.0,2.09,1.0,<Residue PHE het=  resseq=241 icode= >,1t2t_A_A,2.5
736,7.663,PHE, ,CD1,43.69,11.73,0.0,1.28,1.0,<Residue PHE het=  resseq=241 icode= >,1t2t_A_A,2.5
737,8.868,PHE, ,CD2,44.4,12.66,0.0,1.30,1.0,<Residue PHE het=  resseq=241 icode= >,1t2t_A_A,2.5
738,15.347,PHE, ,CE1,43.66,12.97,0.0,1.38,1.0,<Residue PHE het=  resseq=241 icode= >,1t2t_A_A,2.5
739,13.939,PHE, ,CE2,45.27,13.83,0.0,0.95,1.0,<Residue PHE het=  resseq=241 icode= >,1t2t_A_A,2.5
740,23.988,PHE, ,CZ,43.68,13.97,0.0,1.62,1.0,<Residue PHE het=  resseq=241 icode= >,1t2t_A_A,2.5
741,3.617,TYR, ,N,41.03,7.96,0.0,2.15,1.0,<Residue TYR het=  resseq=242 icode= >,1t2t_A_A,2.5
742,0.0,TYR, ,CA,42.24,7.80,0.0,2.39,1.0,<Residue TYR het=  resseq=242 icode= >,1t2t_A_A,2.5
743,0.057,TYR, ,C,44.33,9.03,0.0,2.89,1.0,<Residue TYR het=  resseq=242 icode= >,1t2t_A_A,2.5
744,18.558,TYR, ,O,43.4,9.42,0.0,2.32,1.0,<Residue TYR het=  resseq=242 icode= >,1t2t_A_A,2.5
745,17.805,TYR, ,CB,40.66,6.52,0.0,1.48,1.0,<Residue TYR het=  resseq=242 icode= >,1t2t_A_A,2.5
746,0.0,TYR, ,CG,38.71,5.36,0.0,2.49,1.0,<Residue TYR het=  resseq=242 icode= >,1t2t_A_A,2.5
747,11.669,TYR, ,CD1,37.83,4.14,0.12,2.05,1.0,<Residue TYR het=  resseq=242 icode= >,1t2t_A_A,2.5
748,0.0,TYR, ,CD2,38.1,5.78,0.0,1.90,1.0,<Residue TYR het=  resseq=242 icode= >,1t2t_A_A,2.5
749,11.02,TYR, ,CE1,37.02,3.27,9.367,2.83,1.0,<Residue TYR het=  resseq=242 icode= >,1t2t_A_A,2.5
750,0.0,TYR, ,CE2,37.63,4.75,0.0,1.65,1.0,<Residue TYR het=  resseq=242 icode= >,1t2t_A_A,2.5
751,0.249,TYR, ,CZ,37.51,3.51,0.249,3.08,1.0,<Residue TYR het=  resseq=242 icode= >,1t2t_A_A,2.5
752,9.109,TYR, ,OH,36.95,2.58,9.109,2.05,1.0,<Residue TYR het=  resseq=242 icode= >,1t2t_A_A,2.5
753,0.0,ILE, ,N,46.26,9.46,0.0,1.87,1.0,<Residue ILE het=  resseq=243 icode= >,1t2t_A_A,2.5
754,2.306,ILE, ,CA,48.58,10.45,0.0,2.19,1.0,<Residue ILE het=  resseq=243 icode= >,1t2t_A_A,2.5
755,0.766,ILE, ,C,51.63,10.50,0.0,2.11,1.0,<Residue ILE het=  resseq=243 icode= >,1t2t_A_A,2.5
756,8.456,ILE, ,O,52.74,9.56,0.0,1.15,1.0,<Residue ILE het=  resseq=243 icode= >,1t2t_A_A,2.5
757,0.0,ILE, ,CB,48.41,10.46,0.0,1.34,1.0,<Residue ILE het=  resseq=243 icode= >,1t2t_A_A,2.5
758,6.831,ILE, ,CG1,48.02,11.10,0.0,1.63,1.0,<Residue ILE het=  resseq=243 icode= >,1t2t_A_A,2.5
759,26.404,ILE, ,CG2,47.32,11.39,0.0,0.60,1.0,<Residue ILE het=  resseq=243 icode= >,1t2t_A_A,2.5
760,9.208,ILE, ,CD1,47.77,10.95,0.0,0.87,1.0,<Residue ILE het=  resseq=243 icode= >,1t2t_A_A,2.5
761,2.068,ASN, ,N,54.07,11.75,0.0,1.64,1.0,<Residue ASN het=  resseq=244 icode= >,1t2t_A_A,2.5
762,12.109,ASN, ,CA,57.19,12.16,0.0,1.33,1.0,<Residue ASN het=  resseq=244 icode= >,1t2t_A_A,2.5
763,28.054,ASN, ,C,58.67,11.34,0.0,1.40,1.0,<Residue ASN het=  resseq=244 icode= >,1t2t_A_A,2.5
764,29.146,ASN, ,O,58.87,11.67,0.0,1.42,1.0,<Residue ASN het=  resseq=244 icode= >,1t2t_A_A,2.5
765,22.462,ASN, ,CB,57.94,13.56,0.0,0.72,1.0,<Residue ASN het=  resseq=244 icode= >,1t2t_A_A,2.5
766,9.676,ASN, ,CG,59.66,14.24,0.0,0.78,1.0,<Residue ASN het=  resseq=244 icode= >,1t2t_A_A,2.5
767,32.177,ASN, ,OD1,60.42,13.51,0.0,0.82,1.0,<Residue ASN het=  resseq=244 icode= >,1t2t_A_A,2.5
768,58.71,ASN, ,ND2,60.63,15.54,0.0,0.06,1.0,<Residue ASN het=  resseq=244 icode= >,1t2t_A_A,2.5
