,ASA,aa,altloc,atom,bfac,d2r,dASA,dens,occ,residue,id,resolu
0,43.111,MET, ,N,78.41,3.06,22.876,0.76,1.0,<Residue MET het=  resseq=1 icode= >,1v15_B_A,2.4
1,7.11,MET, ,CA,78.56,3.64,2.02,1.27,1.0,<Residue MET het=  resseq=1 icode= >,1v15_B_A,2.4
2,3.422,MET, ,C,78.66,3.29,3.422,0.59,1.0,<Residue MET het=  resseq=1 icode= >,1v15_B_A,2.4
3,16.512,MET, ,O,78.77,2.83,9.587,-0.08,1.0,<Residue MET het=  resseq=1 icode= >,1v15_B_A,2.4
4,18.666,MET, ,CB,78.59,5.09,0.0,1.02,1.0,<Residue MET het=  resseq=1 icode= >,1v15_B_A,2.4
5,36.185,MET, ,CG,78.62,6.06,0.0,0.78,1.0,<Residue MET het=  resseq=1 icode= >,1v15_B_A,2.4
6,38.706,MET, ,SD,78.39,6.14,0.0,1.57,1.0,<Residue MET het=  resseq=1 icode= >,1v15_B_A,2.4
7,70.132,MET, ,CE,78.44,4.54,14.368,0.42,1.0,<Residue MET het=  resseq=1 icode= >,1v15_B_A,2.4
8,11.921,GLU, ,N,78.62,3.44,6.51,1.00,1.0,<Residue GLU het=  resseq=2 icode= >,1v15_B_A,2.4
9,10.276,GLU, ,CA,78.47,3.91,8.448,0.84,1.0,<Residue GLU het=  resseq=2 icode= >,1v15_B_A,2.4
10,0.0,GLU, ,C,78.21,4.78,0.0,1.25,1.0,<Residue GLU het=  resseq=2 icode= >,1v15_B_A,2.4
11,7.035,GLU, ,O,78.26,5.92,0.0,0.70,1.0,<Residue GLU het=  resseq=2 icode= >,1v15_B_A,2.4
12,18.066,GLU, ,CB,78.55,4.86,1.91,0.11,1.0,<Residue GLU het=  resseq=2 icode= >,1v15_B_A,2.4
13,16.931,GLU, ,CG,78.73,5.66,2.454,0.73,1.0,<Residue GLU het=  resseq=2 icode= >,1v15_B_A,2.4
14,12.944,GLU, ,CD,79.13,5.81,0.0,0.97,1.0,<Residue GLU het=  resseq=2 icode= >,1v15_B_A,2.4
15,38.906,GLU, ,OE1,78.5,5.14,3.374,0.36,1.0,<Residue GLU het=  resseq=2 icode= >,1v15_B_A,2.4
16,31.059,GLU, ,OE2,79.29,6.88,0.0,0.19,1.0,<Residue GLU het=  resseq=2 icode= >,1v15_B_A,2.4
17,3.486,SER, ,N,77.87,4.58,0.864,0.87,1.0,<Residue SER het=  resseq=3 icode= >,1v15_B_A,2.4
18,4.324,SER, ,CA,77.62,5.71,0.0,1.22,1.0,<Residue SER het=  resseq=3 icode= >,1v15_B_A,2.4
19,0.0,SER, ,C,77.25,7.06,0.0,2.29,1.0,<Residue SER het=  resseq=3 icode= >,1v15_B_A,2.4
20,0.037,SER, ,O,77.37,7.32,0.0,1.29,1.0,<Residue SER het=  resseq=3 icode= >,1v15_B_A,2.4
21,18.472,SER, ,CB,77.58,5.74,0.054,1.15,1.0,<Residue SER het=  resseq=3 icode= >,1v15_B_A,2.4
22,23.69,SER, ,OG,77.81,5.91,0.908,0.86,1.0,<Residue SER het=  resseq=3 icode= >,1v15_B_A,2.4
23,2.742,LYS, ,N,76.69,7.99,0.0,1.88,1.0,<Residue LYS het=  resseq=4 icode= >,1v15_B_A,2.4
24,0.0,LYS, ,CA,76.21,8.57,0.0,1.54,1.0,<Residue LYS het=  resseq=4 icode= >,1v15_B_A,2.4
25,0.0,LYS, ,C,75.81,8.81,0.0,1.30,1.0,<Residue LYS het=  resseq=4 icode= >,1v15_B_A,2.4
26,3.643,LYS, ,O,75.44,9.71,0.0,0.50,1.0,<Residue LYS het=  resseq=4 icode= >,1v15_B_A,2.4
27,2.223,LYS, ,CB,76.26,8.05,0.0,0.48,1.0,<Residue LYS het=  resseq=4 icode= >,1v15_B_A,2.4
28,10.63,LYS, ,CG,76.33,8.51,0.0,0.83,1.0,<Residue LYS het=  resseq=4 icode= >,1v15_B_A,2.4
29,22.178,LYS, ,CD,76.4,8.20,0.0,0.87,1.0,<Residue LYS het=  resseq=4 icode= >,1v15_B_A,2.4
30,27.321,LYS, ,CE,76.21,9.15,0.0,0.53,1.0,<Residue LYS het=  resseq=4 icode= >,1v15_B_A,2.4
31,43.427,LYS, ,NZ,76.54,10.56,0.0,0.06,1.0,<Residue LYS het=  resseq=4 icode= >,1v15_B_A,2.4
32,0.0,ARG, ,N,75.32,8.25,0.0,1.45,1.0,<Residue ARG het=  resseq=5 icode= >,1v15_B_A,2.4
33,0.0,ARG, ,CA,75.01,8.43,0.0,1.61,1.0,<Residue ARG het=  resseq=5 icode= >,1v15_B_A,2.4
34,0.0,ARG, ,C,74.58,8.68,0.0,1.79,1.0,<Residue ARG het=  resseq=5 icode= >,1v15_B_A,2.4
35,1.656,ARG, ,O,74.43,8.65,0.0,1.01,1.0,<Residue ARG het=  resseq=5 icode= >,1v15_B_A,2.4
36,0.0,ARG, ,CB,74.97,7.08,0.0,1.04,1.0,<Residue ARG het=  resseq=5 icode= >,1v15_B_A,2.4
37,7.772,ARG, ,CG,75.44,5.84,0.0,0.50,1.0,<Residue ARG het=  resseq=5 icode= >,1v15_B_A,2.4
38,30.048,ARG, ,CD,75.7,4.50,14.563,0.00,1.0,<Residue ARG het=  resseq=5 icode= >,1v15_B_A,2.4
39,4.888,ARG, ,NE,77.05,4.87,2.647,1.12,1.0,<Residue ARG het=  resseq=5 icode= >,1v15_B_A,2.4
40,4.602,ARG, ,CZ,77.77,4.15,4.602,1.39,1.0,<Residue ARG het=  resseq=5 icode= >,1v15_B_A,2.4
41,24.505,ARG, ,NH1,78.76,3.52,17.566,0.36,1.0,<Residue ARG het=  resseq=5 icode= >,1v15_B_A,2.4
42,29.519,ARG, ,NH2,76.93,3.41,28.025,1.15,1.0,<Residue ARG het=  resseq=5 icode= >,1v15_B_A,2.4
43,0.0,ASN, ,N,73.81,9.24,0.0,1.16,1.0,<Residue ASN het=  resseq=6 icode= >,1v15_B_A,2.4
44,0.721,ASN, ,CA,73.28,9.23,0.0,1.43,1.0,<Residue ASN het=  resseq=6 icode= >,1v15_B_A,2.4
45,0.216,ASN, ,C,72.82,9.55,0.0,2.29,1.0,<Residue ASN het=  resseq=6 icode= >,1v15_B_A,2.4
46,20.125,ASN, ,O,72.93,9.13,0.0,1.45,1.0,<Residue ASN het=  resseq=6 icode= >,1v15_B_A,2.4
47,19.558,ASN, ,CB,73.39,7.95,2.142,0.53,1.0,<Residue ASN het=  resseq=6 icode= >,1v15_B_A,2.4
48,5.584,ASN, ,CG,73.86,7.47,5.584,1.18,1.0,<Residue ASN het=  resseq=6 icode= >,1v15_B_A,2.4
49,20.365,ASN, ,OD1,73.7,6.72,6.017,0.76,1.0,<Residue ASN het=  resseq=6 icode= >,1v15_B_A,2.4
50,37.102,ASN, ,ND2,74.13,6.63,7.254,0.50,1.0,<Residue ASN het=  resseq=6 icode= >,1v15_B_A,2.4
51,0.0,LYS, ,N,72.34,10.22,0.0,1.21,1.0,<Residue LYS het=  resseq=7 icode= >,1v15_B_A,2.4
52,0.28,LYS, ,CA,71.6,10.83,0.0,0.91,1.0,<Residue LYS het=  resseq=7 icode= >,1v15_B_A,2.4
53,0.0,LYS, ,C,70.88,12.24,0.0,1.30,1.0,<Residue LYS het=  resseq=7 icode= >,1v15_B_A,2.4
54,0.371,LYS, ,O,70.83,12.62,0.0,0.91,1.0,<Residue LYS het=  resseq=7 icode= >,1v15_B_A,2.4
55,9.666,LYS, ,CB,71.73,10.81,0.0,0.12,1.0,<Residue LYS het=  resseq=7 icode= >,1v15_B_A,2.4
56,8.666,LYS, ,CG,71.81,9.55,0.0,0.34,1.0,<Residue LYS het=  resseq=7 icode= >,1v15_B_A,2.4
57,22.156,LYS, ,CD,71.57,9.86,0.0,0.85,1.0,<Residue LYS het=  resseq=7 icode= >,1v15_B_A,2.4
58,16.335,LYS, ,CE,71.58,8.79,0.0,0.67,1.0,<Residue LYS het=  resseq=7 icode= >,1v15_B_A,2.4
59,21.697,LYS, ,NZ,71.84,8.70,0.0,0.29,1.0,<Residue LYS het=  resseq=7 icode= >,1v15_B_A,2.4
60,0.0,PRO, ,N,70.27,12.64,0.0,1.47,1.0,<Residue PRO het=  resseq=8 icode= >,1v15_B_A,2.4
61,0.0,PRO, ,CA,69.68,14.05,0.0,2.23,1.0,<Residue PRO het=  resseq=8 icode= >,1v15_B_A,2.4
62,1.03,PRO, ,C,69.02,14.63,0.0,2.52,1.0,<Residue PRO het=  resseq=8 icode= >,1v15_B_A,2.4
63,18.211,PRO, ,O,69.07,14.82,0.0,1.27,1.0,<Residue PRO het=  resseq=8 icode= >,1v15_B_A,2.4
64,21.499,PRO, ,CB,69.43,14.28,0.0,1.63,1.0,<Residue PRO het=  resseq=8 icode= >,1v15_B_A,2.4
65,31.999,PRO, ,CG,69.61,13.03,0.0,1.64,1.0,<Residue PRO het=  resseq=8 icode= >,1v15_B_A,2.4
66,22.479,PRO, ,CD,69.99,11.90,0.0,1.14,1.0,<Residue PRO het=  resseq=8 icode= >,1v15_B_A,2.4
67,0.639,GLY, ,N,68.67,14.50,0.0,1.50,1.0,<Residue GLY het=  resseq=9 icode= >,1v15_B_A,2.4
68,16.91,GLY, ,CA,67.8,14.69,0.0,1.28,1.0,<Residue GLY het=  resseq=9 icode= >,1v15_B_A,2.4
69,1.69,GLY, ,C,67.17,14.94,0.0,3.00,1.0,<Residue GLY het=  resseq=9 icode= >,1v15_B_A,2.4
70,0.0,GLY, ,O,66.99,14.81,0.0,1.29,1.0,<Residue GLY het=  resseq=9 icode= >,1v15_B_A,2.4
71,6.384,LYS, ,N,67.0,15.47,0.0,2.25,1.0,<Residue LYS het=  resseq=10 icode= >,1v15_B_A,2.4
72,0.0,LYS, ,CA,66.74,15.94,0.0,1.96,1.0,<Residue LYS het=  resseq=10 icode= >,1v15_B_A,2.4
73,0.0,LYS, ,C,66.69,15.23,0.0,2.86,1.0,<Residue LYS het=  resseq=10 icode= >,1v15_B_A,2.4
74,7.352,LYS, ,O,66.42,14.92,0.0,2.32,1.0,<Residue LYS het=  resseq=10 icode= >,1v15_B_A,2.4
75,16.641,LYS, ,CB,66.67,17.44,0.0,0.32,1.0,<Residue LYS het=  resseq=10 icode= >,1v15_B_A,2.4
76,1.266,LYS, ,CG,66.19,18.19,0.0,0.65,1.0,<Residue LYS het=  resseq=10 icode= >,1v15_B_A,2.4
77,20.757,LYS, ,CD,66.59,19.67,0.0,0.14,1.0,<Residue LYS het=  resseq=10 icode= >,1v15_B_A,2.4
78,15.358,LYS, ,CE,66.64,19.70,0.0,-0.04,1.0,<Residue LYS het=  resseq=10 icode= >,1v15_B_A,2.4
79,49.671,LYS, ,NZ,65.93,20.87,0.0,0.61,1.0,<Residue LYS het=  resseq=10 icode= >,1v15_B_A,2.4
80,0.0,ALA, ,N,66.59,15.01,0.0,2.15,1.0,<Residue ALA het=  resseq=11 icode= >,1v15_B_A,2.4
81,0.0,ALA, ,CA,66.55,14.58,0.0,2.46,1.0,<Residue ALA het=  resseq=11 icode= >,1v15_B_A,2.4
82,0.0,ALA, ,C,66.5,15.79,0.0,2.31,1.0,<Residue ALA het=  resseq=11 icode= >,1v15_B_A,2.4
83,0.0,ALA, ,O,65.95,16.87,0.0,1.13,1.0,<Residue ALA het=  resseq=11 icode= >,1v15_B_A,2.4
84,0.0,ALA, ,CB,66.65,14.09,0.0,1.58,1.0,<Residue ALA het=  resseq=11 icode= >,1v15_B_A,2.4
85,0.0,THR, ,N,66.7,15.62,0.0,1.72,1.0,<Residue THR het=  resseq=12 icode= >,1v15_B_A,2.4
86,0.445,THR, ,CA,66.96,16.46,0.0,1.45,1.0,<Residue THR het=  resseq=12 icode= >,1v15_B_A,2.4
87,0.0,THR, ,C,67.26,16.13,0.0,1.83,1.0,<Residue THR het=  resseq=12 icode= >,1v15_B_A,2.4
88,0.0,THR, ,O,67.24,15.27,0.0,1.85,1.0,<Residue THR het=  resseq=12 icode= >,1v15_B_A,2.4
89,13.714,THR, ,CB,66.84,16.46,0.0,1.91,1.0,<Residue THR het=  resseq=12 icode= >,1v15_B_A,2.4
90,2.61,THR, ,OG1,66.56,15.14,0.0,1.60,1.0,<Residue THR het=  resseq=12 icode= >,1v15_B_A,2.4
91,30.087,THR, ,CG2,66.71,17.11,0.0,1.00,1.0,<Residue THR het=  resseq=12 icode= >,1v15_B_A,2.4
92,5.642,GLY, ,N,67.46,16.92,0.0,1.65,1.0,<Residue GLY het=  resseq=13 icode= >,1v15_B_A,2.4
93,9.019,GLY, ,CA,67.83,16.71,0.0,1.47,1.0,<Residue GLY het=  resseq=13 icode= >,1v15_B_A,2.4
94,1.195,GLY, ,C,68.17,17.65,0.0,2.55,1.0,<Residue GLY het=  resseq=13 icode= >,1v15_B_A,2.4
95,0.0,GLY, ,O,67.78,17.62,0.0,1.78,1.0,<Residue GLY het=  resseq=13 icode= >,1v15_B_A,2.4
96,0.578,LYS, ,N,68.81,18.01,0.0,1.73,1.0,<Residue LYS het=  resseq=14 icode= >,1v15_B_A,2.4
97,0.598,LYS, ,CA,69.34,18.91,0.0,1.69,1.0,<Residue LYS het=  resseq=14 icode= >,1v15_B_A,2.4
98,0.056,LYS, ,C,69.64,18.10,0.0,1.81,1.0,<Residue LYS het=  resseq=14 icode= >,1v15_B_A,2.4
99,6.06,LYS, ,O,69.82,18.46,0.0,0.83,1.0,<Residue LYS het=  resseq=14 icode= >,1v15_B_A,2.4
100,6.896,LYS, ,CB,69.3,19.63,0.0,0.20,1.0,<Residue LYS het=  resseq=14 icode= >,1v15_B_A,2.4
101,26.724,LYS, ,CG,69.51,20.94,0.0,-0.11,1.0,<Residue LYS het=  resseq=14 icode= >,1v15_B_A,2.4
102,31.575,LYS, ,CD,69.59,21.68,0.0,-0.25,1.0,<Residue LYS het=  resseq=14 icode= >,1v15_B_A,2.4
103,45.446,LYS, ,CE,69.36,23.18,0.0,0.14,1.0,<Residue LYS het=  resseq=14 icode= >,1v15_B_A,2.4
104,48.793,LYS, ,NZ,69.15,24.01,0.0,0.96,1.0,<Residue LYS het=  resseq=14 icode= >,1v15_B_A,2.4
105,0.0,GLY, ,N,70.1,17.11,0.0,1.24,1.0,<Residue GLY het=  resseq=15 icode= >,1v15_B_A,2.4
106,1.304,GLY, ,CA,70.56,16.50,0.0,2.05,1.0,<Residue GLY het=  resseq=15 icode= >,1v15_B_A,2.4
107,0.373,GLY, ,C,71.04,17.44,0.0,2.75,1.0,<Residue GLY het=  resseq=15 icode= >,1v15_B_A,2.4
108,10.968,GLY, ,O,70.8,18.29,0.0,0.96,1.0,<Residue GLY het=  resseq=15 icode= >,1v15_B_A,2.4
109,0.0,LYS, ,N,71.7,17.21,0.0,2.18,1.0,<Residue LYS het=  resseq=16 icode= >,1v15_B_A,2.4
110,0.44,LYS, ,CA,72.38,18.14,0.0,2.66,1.0,<Residue LYS het=  resseq=16 icode= >,1v15_B_A,2.4
111,0.0,LYS, ,C,72.97,18.41,0.0,2.47,1.0,<Residue LYS het=  resseq=16 icode= >,1v15_B_A,2.4
112,0.0,LYS, ,O,73.12,17.60,0.0,1.07,1.0,<Residue LYS het=  resseq=16 icode= >,1v15_B_A,2.4
113,0.53,LYS, ,CB,72.31,17.55,0.0,1.56,1.0,<Residue LYS het=  resseq=16 icode= >,1v15_B_A,2.4
114,13.242,LYS, ,CG,72.4,17.47,0.0,1.09,1.0,<Residue LYS het=  resseq=16 icode= >,1v15_B_A,2.4
115,16.88,LYS, ,CD,72.84,18.73,0.0,0.69,1.0,<Residue LYS het=  resseq=16 icode= >,1v15_B_A,2.4
116,43.32,LYS, ,CE,73.13,19.01,0.0,0.37,1.0,<Residue LYS het=  resseq=16 icode= >,1v15_B_A,2.4
117,49.304,LYS, ,NZ,72.67,20.17,0.0,0.09,1.0,<Residue LYS het=  resseq=16 icode= >,1v15_B_A,2.4
118,0.0,PRO, ,N,73.75,1000.00,0.0,1.57,1.0,<Residue PRO het=  resseq=17 icode= >,1v15_B_A,2.4
119,0.052,PRO, ,CA,74.41,1000.00,0.0,1.65,1.0,<Residue PRO het=  resseq=17 icode= >,1v15_B_A,2.4
120,1.203,PRO, ,C,75.22,1000.00,0.0,1.91,1.0,<Residue PRO het=  resseq=17 icode= >,1v15_B_A,2.4
121,16.457,PRO, ,O,75.55,1000.00,0.0,1.24,1.0,<Residue PRO het=  resseq=17 icode= >,1v15_B_A,2.4
122,32.8,PRO, ,CB,74.31,1000.00,0.0,1.53,1.0,<Residue PRO het=  resseq=17 icode= >,1v15_B_A,2.4
123,37.271,PRO, ,CG,73.68,1000.00,0.0,0.62,1.0,<Residue PRO het=  resseq=17 icode= >,1v15_B_A,2.4
124,15.819,PRO, ,CD,73.72,1000.00,0.0,1.14,1.0,<Residue PRO het=  resseq=17 icode= >,1v15_B_A,2.4
125,0.998,VAL, ,N,75.95,13.25,0.0,2.05,1.0,<Residue VAL het=  resseq=18 icode= >,1v15_B_A,2.4
126,4.683,VAL, ,CA,76.49,11.96,0.0,1.67,1.0,<Residue VAL het=  resseq=18 icode= >,1v15_B_A,2.4
127,3.458,VAL, ,C,76.8,11.49,0.0,1.81,1.0,<Residue VAL het=  resseq=18 icode= >,1v15_B_A,2.4
128,7.592,VAL, ,O,76.97,11.66,0.0,1.19,1.0,<Residue VAL het=  resseq=18 icode= >,1v15_B_A,2.4
129,0.973,VAL, ,CB,76.57,10.93,0.0,1.12,1.0,<Residue VAL het=  resseq=18 icode= >,1v15_B_A,2.4
130,7.227,VAL, ,CG1,77.13,11.54,0.0,0.25,1.0,<Residue VAL het=  resseq=18 icode= >,1v15_B_A,2.4
131,0.0,VAL, ,CG2,76.77,10.69,0.0,0.11,1.0,<Residue VAL het=  resseq=18 icode= >,1v15_B_A,2.4
132,15.355,GLY, ,N,76.77,11.13,0.0,1.91,1.0,<Residue GLY het=  resseq=19 icode= >,1v15_B_A,2.4
133,35.888,GLY, ,CA,76.74,10.72,0.0,0.86,1.0,<Residue GLY het=  resseq=19 icode= >,1v15_B_A,2.4
134,0.0,GLY, ,C,76.72,9.30,0.0,1.52,1.0,<Residue GLY het=  resseq=19 icode= >,1v15_B_A,2.4
135,0.056,GLY, ,O,77.08,8.57,0.0,0.22,1.0,<Residue GLY het=  resseq=19 icode= >,1v15_B_A,2.4
136,5.156,ASP, ,N,76.56,9.08,0.0,1.54,1.0,<Residue ASP het=  resseq=20 icode= >,1v15_B_A,2.4
137,0.292,ASP, ,CA,76.41,7.85,0.0,1.20,1.0,<Residue ASP het=  resseq=20 icode= >,1v15_B_A,2.4
138,0.0,ASP, ,C,76.4,6.63,0.0,0.39,1.0,<Residue ASP het=  resseq=20 icode= >,1v15_B_A,2.4
139,2.297,ASP, ,O,76.35,5.46,0.159,0.37,1.0,<Residue ASP het=  resseq=20 icode= >,1v15_B_A,2.4
140,0.002,ASP, ,CB,76.35,8.21,0.0,1.35,1.0,<Residue ASP het=  resseq=20 icode= >,1v15_B_A,2.4
141,2.914,ASP, ,CG,75.99,8.61,0.0,1.49,1.0,<Residue ASP het=  resseq=20 icode= >,1v15_B_A,2.4
142,13.091,ASP, ,OD1,76.77,9.67,0.0,0.31,1.0,<Residue ASP het=  resseq=20 icode= >,1v15_B_A,2.4
143,14.697,ASP, ,OD2,74.96,8.15,0.0,0.56,1.0,<Residue ASP het=  resseq=20 icode= >,1v15_B_A,2.4
144,0.0,LYS, ,N,76.18,7.13,0.0,0.76,1.0,<Residue LYS het=  resseq=21 icode= >,1v15_B_A,2.4
145,1.001,LYS, ,CA,75.88,6.62,0.0,1.12,1.0,<Residue LYS het=  resseq=21 icode= >,1v15_B_A,2.4
146,0.292,LYS, ,C,75.22,6.26,0.0,1.34,1.0,<Residue LYS het=  resseq=21 icode= >,1v15_B_A,2.4
147,0.0,LYS, ,O,75.16,5.75,0.0,0.83,1.0,<Residue LYS het=  resseq=21 icode= >,1v15_B_A,2.4
148,19.371,LYS, ,CB,76.06,7.58,0.0,1.13,1.0,<Residue LYS het=  resseq=21 icode= >,1v15_B_A,2.4
149,17.86,LYS, ,CG,77.19,7.25,0.0,0.78,1.0,<Residue LYS het=  resseq=21 icode= >,1v15_B_A,2.4
150,29.673,LYS, ,CD,78.88,8.17,0.0,1.22,1.0,<Residue LYS het=  resseq=21 icode= >,1v15_B_A,2.4
151,6.047,LYS, ,CE,79.33,7.55,0.0,0.97,1.0,<Residue LYS het=  resseq=21 icode= >,1v15_B_A,2.4
152,21.994,LYS, ,NZ,80.53,6.64,0.0,0.32,1.0,<Residue LYS het=  resseq=21 icode= >,1v15_B_A,2.4
153,0.0,TRP, ,N,74.54,6.45,0.0,1.69,1.0,<Residue TRP het=  resseq=22 icode= >,1v15_B_A,2.4
154,3.112,TRP, ,CA,73.86,6.86,0.0,1.85,1.0,<Residue TRP het=  resseq=22 icode= >,1v15_B_A,2.4
155,0.0,TRP, ,C,73.24,6.18,0.0,2.79,1.0,<Residue TRP het=  resseq=22 icode= >,1v15_B_A,2.4
156,0.035,TRP, ,O,72.73,7.05,0.0,2.17,1.0,<Residue TRP het=  resseq=22 icode= >,1v15_B_A,2.4
157,0.0,TRP, ,CB,73.49,7.52,0.0,0.82,1.0,<Residue TRP het=  resseq=22 icode= >,1v15_B_A,2.4
158,0.0,TRP, ,CG,73.57,6.81,0.0,1.82,1.0,<Residue TRP het=  resseq=22 icode= >,1v15_B_A,2.4
159,0.615,TRP, ,CD1,73.21,6.16,0.0,1.83,1.0,<Residue TRP het=  resseq=22 icode= >,1v15_B_A,2.4
160,0.0,TRP, ,CD2,73.01,7.12,0.0,1.92,1.0,<Residue TRP het=  resseq=22 icode= >,1v15_B_A,2.4
161,0.795,TRP, ,NE1,73.35,6.06,0.0,2.03,1.0,<Residue TRP het=  resseq=22 icode= >,1v15_B_A,2.4
162,0.0,TRP, ,CE2,73.12,6.66,0.0,2.17,1.0,<Residue TRP het=  resseq=22 icode= >,1v15_B_A,2.4
163,0.0,TRP, ,CE3,71.89,8.03,0.0,1.92,1.0,<Residue TRP het=  resseq=22 icode= >,1v15_B_A,2.4
164,0.0,TRP, ,CZ2,72.86,7.19,0.0,2.01,1.0,<Residue TRP het=  resseq=22 icode= >,1v15_B_A,2.4
165,0.14,TRP, ,CZ3,72.71,8.46,0.0,2.19,1.0,<Residue TRP het=  resseq=22 icode= >,1v15_B_A,2.4
166,1.276,TRP, ,CH2,72.64,8.06,0.0,1.85,1.0,<Residue TRP het=  resseq=22 icode= >,1v15_B_A,2.4
167,0.885,LEU, ,N,73.21,4.89,0.526,2.49,1.0,<Residue LEU het=  resseq=23 icode= >,1v15_B_A,2.4
168,0.0,LEU, ,CA,73.48,4.68,0.0,1.10,1.0,<Residue LEU het=  resseq=23 icode= >,1v15_B_A,2.4
169,1.757,LEU, ,C,73.48,4.31,1.757,1.00,1.0,<Residue LEU het=  resseq=23 icode= >,1v15_B_A,2.4
170,3.815,LEU, ,O,73.78,4.05,1.929,0.02,1.0,<Residue LEU het=  resseq=23 icode= >,1v15_B_A,2.4
171,11.024,LEU, ,CB,73.39,3.79,10.774,1.27,1.0,<Residue LEU het=  resseq=23 icode= >,1v15_B_A,2.4
172,0.0,LEU, ,CG,72.84,4.68,0.0,1.72,1.0,<Residue LEU het=  resseq=23 icode= >,1v15_B_A,2.4
173,1.641,LEU, ,CD1,73.18,4.30,1.197,0.53,1.0,<Residue LEU het=  resseq=23 icode= >,1v15_B_A,2.4
174,0.0,LEU, ,CD2,70.96,5.97,0.0,0.81,1.0,<Residue LEU het=  resseq=23 icode= >,1v15_B_A,2.4
175,0.0,ASP, ,N,73.72,4.31,0.0,1.11,1.0,<Residue ASP het=  resseq=24 icode= >,1v15_B_A,2.4
176,9.285,ASP, ,CA,73.56,4.01,8.747,2.19,1.0,<Residue ASP het=  resseq=24 icode= >,1v15_B_A,2.4
177,0.0,ASP, ,C,73.21,5.08,0.0,2.67,1.0,<Residue ASP het=  resseq=24 icode= >,1v15_B_A,2.4
178,10.203,ASP, ,O,73.33,5.06,0.953,0.58,1.0,<Residue ASP het=  resseq=24 icode= >,1v15_B_A,2.4
179,13.801,ASP, ,CB,73.81,4.01,6.844,1.47,1.0,<Residue ASP het=  resseq=24 icode= >,1v15_B_A,2.4
180,6.901,ASP, ,CG,74.67,3.78,6.901,1.49,1.0,<Residue ASP het=  resseq=24 icode= >,1v15_B_A,2.4
181,7.22,ASP, ,OD1,75.45,3.31,6.531,0.79,1.0,<Residue ASP het=  resseq=24 icode= >,1v15_B_A,2.4
182,35.309,ASP, ,OD2,74.87,3.96,10.08,1.21,1.0,<Residue ASP het=  resseq=24 icode= >,1v15_B_A,2.4
183,0.0,ASP, ,N,72.62,6.30,0.0,3.14,1.0,<Residue ASP het=  resseq=25 icode= >,1v15_B_A,2.4
184,0.0,ASP, ,CA,71.89,7.53,0.0,2.15,1.0,<Residue ASP het=  resseq=25 icode= >,1v15_B_A,2.4
185,0.0,ASP, ,C,71.53,7.97,0.0,2.77,1.0,<Residue ASP het=  resseq=25 icode= >,1v15_B_A,2.4
186,0.823,ASP, ,O,71.27,8.92,0.0,2.13,1.0,<Residue ASP het=  resseq=25 icode= >,1v15_B_A,2.4
187,9.894,ASP, ,CB,71.95,8.73,0.0,0.56,1.0,<Residue ASP het=  resseq=25 icode= >,1v15_B_A,2.4
188,7.899,ASP, ,CG,72.63,8.66,0.0,0.62,1.0,<Residue ASP het=  resseq=25 icode= >,1v15_B_A,2.4
189,19.285,ASP, ,OD1,71.09,9.33,0.0,0.66,1.0,<Residue ASP het=  resseq=25 icode= >,1v15_B_A,2.4
190,1.23,ASP, ,OD2,72.95,7.91,0.0,0.06,1.0,<Residue ASP het=  resseq=25 icode= >,1v15_B_A,2.4
191,0.0,ALA, ,N,70.61,7.52,0.0,2.01,1.0,<Residue ALA het=  resseq=26 icode= >,1v15_B_A,2.4
192,0.0,ALA, ,CA,70.57,8.15,0.0,1.24,1.0,<Residue ALA het=  resseq=26 icode= >,1v15_B_A,2.4
193,0.0,ALA, ,C,70.39,8.23,0.0,2.08,1.0,<Residue ALA het=  resseq=26 icode= >,1v15_B_A,2.4
194,0.0,ALA, ,O,69.73,9.35,0.0,1.86,1.0,<Residue ALA het=  resseq=26 icode= >,1v15_B_A,2.4
195,0.0,ALA, ,CB,70.1,7.42,0.0,0.76,1.0,<Residue ALA het=  resseq=26 icode= >,1v15_B_A,2.4
196,0.791,GLY, ,N,70.35,7.24,0.0,1.41,1.0,<Residue GLY het=  resseq=27 icode= >,1v15_B_A,2.4
197,4.032,GLY, ,CA,70.74,7.59,0.0,1.50,1.0,<Residue GLY het=  resseq=27 icode= >,1v15_B_A,2.4
198,1.744,GLY, ,C,71.21,8.47,0.0,1.71,1.0,<Residue GLY het=  resseq=27 icode= >,1v15_B_A,2.4
199,17.141,GLY, ,O,71.1,9.02,0.0,1.03,1.0,<Residue GLY het=  resseq=27 icode= >,1v15_B_A,2.4
200,0.0,LYS, ,N,71.25,8.82,0.0,1.55,1.0,<Residue LYS het=  resseq=28 icode= >,1v15_B_A,2.4
201,2.878,LYS, ,CA,71.82,9.86,0.0,2.12,1.0,<Residue LYS het=  resseq=28 icode= >,1v15_B_A,2.4
202,0.006,LYS, ,C,71.93,11.16,0.0,3.34,1.0,<Residue LYS het=  resseq=28 icode= >,1v15_B_A,2.4
203,0.0,LYS, ,O,70.52,11.28,0.0,2.76,1.0,<Residue LYS het=  resseq=28 icode= >,1v15_B_A,2.4
204,1.394,LYS, ,CB,72.02,9.62,0.0,0.74,1.0,<Residue LYS het=  resseq=28 icode= >,1v15_B_A,2.4
205,28.057,LYS, ,CG,72.38,8.91,0.0,1.11,1.0,<Residue LYS het=  resseq=28 icode= >,1v15_B_A,2.4
206,22.567,LYS, ,CD,72.4,8.11,0.0,0.81,1.0,<Residue LYS het=  resseq=28 icode= >,1v15_B_A,2.4
207,34.56,LYS, ,CE,73.4,9.14,0.0,0.90,1.0,<Residue LYS het=  resseq=28 icode= >,1v15_B_A,2.4
208,8.704,LYS, ,NZ,71.72,8.60,0.0,0.89,1.0,<Residue LYS het=  resseq=28 icode= >,1v15_B_A,2.4
209,2.541,ASP, ,N,72.47,12.24,0.0,1.53,1.0,<Residue ASP het=  resseq=29 icode= >,1v15_B_A,2.4
210,8.244,ASP, ,CA,72.9,13.58,0.0,1.17,1.0,<Residue ASP het=  resseq=29 icode= >,1v15_B_A,2.4
211,2.913,ASP, ,C,72.87,13.02,0.0,2.12,1.0,<Residue ASP het=  resseq=29 icode= >,1v15_B_A,2.4
212,1.959,ASP, ,O,72.64,12.41,0.0,1.53,1.0,<Residue ASP het=  resseq=29 icode= >,1v15_B_A,2.4
213,20.426,ASP, ,CB,73.09,13.91,0.0,0.74,1.0,<Residue ASP het=  resseq=29 icode= >,1v15_B_A,2.4
214,10.333,ASP, ,CG,74.26,14.03,0.0,1.34,1.0,<Residue ASP het=  resseq=29 icode= >,1v15_B_A,2.4
215,41.69,ASP, ,OD1,74.91,14.64,0.0,0.74,1.0,<Residue ASP het=  resseq=29 icode= >,1v15_B_A,2.4
216,27.304,ASP, ,OD2,76.01,13.68,0.0,0.35,1.0,<Residue ASP het=  resseq=29 icode= >,1v15_B_A,2.4
217,0.517,SER, ,N,72.7,12.54,0.0,1.98,1.0,<Residue SER het=  resseq=30 icode= >,1v15_B_A,2.4
218,0.0,SER, ,CA,72.74,11.17,0.0,1.43,1.0,<Residue SER het=  resseq=30 icode= >,1v15_B_A,2.4
219,0.0,SER, ,C,72.11,10.44,0.0,2.49,1.0,<Residue SER het=  resseq=30 icode= >,1v15_B_A,2.4
220,0.0,SER, ,O,72.08,9.50,0.0,1.31,1.0,<Residue SER het=  resseq=30 icode= >,1v15_B_A,2.4
221,20.149,SER, ,CB,72.99,11.33,0.0,0.86,1.0,<Residue SER het=  resseq=30 icode= >,1v15_B_A,2.4
222,31.224,SER, ,OG,73.57,11.52,0.0,1.19,1.0,<Residue SER het=  resseq=30 icode= >,1v15_B_A,2.4
223,0.0,GLY, ,N,71.47,11.07,0.0,2.83,1.0,<Residue GLY het=  resseq=31 icode= >,1v15_B_A,2.4
224,0.0,GLY, ,CA,70.67,10.77,0.0,1.84,1.0,<Residue GLY het=  resseq=31 icode= >,1v15_B_A,2.4
225,0.0,GLY, ,C,70.26,11.76,0.0,2.34,1.0,<Residue GLY het=  resseq=31 icode= >,1v15_B_A,2.4
226,6.279,GLY, ,O,70.4,12.56,0.0,0.94,1.0,<Residue GLY het=  resseq=31 icode= >,1v15_B_A,2.4
227,0.0,ALA, ,N,69.45,11.35,0.0,1.70,1.0,<Residue ALA het=  resseq=32 icode= >,1v15_B_A,2.4
228,0.0,ALA, ,CA,68.38,11.35,0.0,1.76,1.0,<Residue ALA het=  resseq=32 icode= >,1v15_B_A,2.4
229,0.0,ALA, ,C,68.04,12.19,0.0,2.55,1.0,<Residue ALA het=  resseq=32 icode= >,1v15_B_A,2.4
230,0.0,ALA, ,O,67.67,11.03,0.0,1.71,1.0,<Residue ALA het=  resseq=32 icode= >,1v15_B_A,2.4
231,0.586,ALA, ,CB,68.05,9.99,0.0,1.25,1.0,<Residue ALA het=  resseq=32 icode= >,1v15_B_A,2.4
232,0.0,PRO, ,N,68.18,13.00,0.0,1.24,1.0,<Residue PRO het=  resseq=33 icode= >,1v15_B_A,2.4
233,0.106,PRO, ,CA,68.17,12.95,0.0,1.20,1.0,<Residue PRO het=  resseq=33 icode= >,1v15_B_A,2.4
234,0.0,PRO, ,C,67.85,12.39,0.0,2.91,1.0,<Residue PRO het=  resseq=33 icode= >,1v15_B_A,2.4
235,0.0,PRO, ,O,67.53,12.16,0.0,2.52,1.0,<Residue PRO het=  resseq=33 icode= >,1v15_B_A,2.4
236,4.346,PRO, ,CB,68.08,14.18,0.0,-0.02,1.0,<Residue PRO het=  resseq=33 icode= >,1v15_B_A,2.4
237,10.3,PRO, ,CG,67.93,13.96,0.0,0.03,1.0,<Residue PRO het=  resseq=33 icode= >,1v15_B_A,2.4
238,12.734,PRO, ,CD,67.94,13.11,0.0,0.04,1.0,<Residue PRO het=  resseq=33 icode= >,1v15_B_A,2.4
239,0.409,ILE, ,N,67.61,11.98,0.0,2.95,1.0,<Residue ILE het=  resseq=34 icode= >,1v15_B_A,2.4
240,0.0,ILE, ,CA,67.8,11.91,0.0,2.28,1.0,<Residue ILE het=  resseq=34 icode= >,1v15_B_A,2.4
241,0.0,ILE, ,C,67.59,13.34,0.0,2.11,1.0,<Residue ILE het=  resseq=34 icode= >,1v15_B_A,2.4
242,0.108,ILE, ,O,67.54,14.29,0.0,1.47,1.0,<Residue ILE het=  resseq=34 icode= >,1v15_B_A,2.4
243,0.0,ILE, ,CB,67.77,11.60,0.0,1.30,1.0,<Residue ILE het=  resseq=34 icode= >,1v15_B_A,2.4
244,0.0,ILE, ,CG1,68.91,10.16,0.0,0.41,1.0,<Residue ILE het=  resseq=34 icode= >,1v15_B_A,2.4
245,0.0,ILE, ,CG2,67.43,12.10,0.0,0.56,1.0,<Residue ILE het=  resseq=34 icode= >,1v15_B_A,2.4
246,0.276,ILE, ,CD1,70.83,9.11,0.0,0.24,1.0,<Residue ILE het=  resseq=34 icode= >,1v15_B_A,2.4
247,0.0,PRO, ,N,67.46,13.25,0.0,1.67,1.0,<Residue PRO het=  resseq=35 icode= >,1v15_B_A,2.4
248,0.0,PRO, ,CA,67.12,13.50,0.0,0.45,1.0,<Residue PRO het=  resseq=35 icode= >,1v15_B_A,2.4
249,0.0,PRO, ,C,66.77,14.88,0.0,1.40,1.0,<Residue PRO het=  resseq=35 icode= >,1v15_B_A,2.4
250,0.0,PRO, ,O,66.36,15.21,0.0,1.77,1.0,<Residue PRO het=  resseq=35 icode= >,1v15_B_A,2.4
251,0.0,PRO, ,CB,67.05,12.40,0.0,0.60,1.0,<Residue PRO het=  resseq=35 icode= >,1v15_B_A,2.4
252,0.0,PRO, ,CG,67.58,11.27,0.0,0.35,1.0,<Residue PRO het=  resseq=35 icode= >,1v15_B_A,2.4
253,1.491,PRO, ,CD,67.52,12.10,0.0,0.91,1.0,<Residue PRO het=  resseq=35 icode= >,1v15_B_A,2.4
254,0.0,ASP, ,N,66.26,17.05,0.0,1.31,1.0,<Residue ASP het=  resseq=36 icode= >,1v15_B_A,2.4
255,0.0,ASP, ,CA,66.35,18.00,0.0,1.24,1.0,<Residue ASP het=  resseq=36 icode= >,1v15_B_A,2.4
256,0.24,ASP, ,C,66.26,18.21,0.0,2.69,1.0,<Residue ASP het=  resseq=36 icode= >,1v15_B_A,2.4
257,0.0,ASP, ,O,66.06,18.48,0.0,1.34,1.0,<Residue ASP het=  resseq=36 icode= >,1v15_B_A,2.4
258,16.612,ASP, ,CB,66.56,19.39,0.0,0.03,1.0,<Residue ASP het=  resseq=36 icode= >,1v15_B_A,2.4
259,0.898,ASP, ,CG,66.38,19.95,0.0,1.12,1.0,<Residue ASP het=  resseq=36 icode= >,1v15_B_A,2.4
260,0.0,ASP, ,OD1,66.96,19.23,0.0,1.44,1.0,<Residue ASP het=  resseq=36 icode= >,1v15_B_A,2.4
261,25.159,ASP, ,OD2,65.55,21.17,0.0,0.64,1.0,<Residue ASP het=  resseq=36 icode= >,1v15_B_A,2.4
262,0.0,ARG, ,N,66.3,18.23,0.0,3.01,1.0,<Residue ARG het=  resseq=37 icode= >,1v15_B_A,2.4
263,0.307,ARG, ,CA,66.46,18.56,0.0,2.32,1.0,<Residue ARG het=  resseq=37 icode= >,1v15_B_A,2.4
264,0.0,ARG, ,C,66.21,17.50,0.0,2.00,1.0,<Residue ARG het=  resseq=37 icode= >,1v15_B_A,2.4
265,0.995,ARG, ,O,65.62,17.92,0.0,2.28,1.0,<Residue ARG het=  resseq=37 icode= >,1v15_B_A,2.4
266,6.345,ARG, ,CB,66.64,19.05,0.0,0.83,1.0,<Residue ARG het=  resseq=37 icode= >,1v15_B_A,2.4
267,28.066,ARG, ,CG,67.74,20.48,0.0,0.90,1.0,<Residue ARG het=  resseq=37 icode= >,1v15_B_A,2.4
268,28.551,ARG, ,CD,69.09,20.72,0.0,1.60,1.0,<Residue ARG het=  resseq=37 icode= >,1v15_B_A,2.4
269,2.008,ARG, ,NE,71.27,19.97,0.0,1.40,1.0,<Residue ARG het=  resseq=37 icode= >,1v15_B_A,2.4
270,4.675,ARG, ,CZ,71.95,19.53,0.0,1.77,1.0,<Residue ARG het=  resseq=37 icode= >,1v15_B_A,2.4
271,15.641,ARG, ,NH1,72.88,19.78,0.0,1.19,1.0,<Residue ARG het=  resseq=37 icode= >,1v15_B_A,2.4
272,2.149,ARG, ,NH2,70.45,18.95,0.0,1.33,1.0,<Residue ARG het=  resseq=37 icode= >,1v15_B_A,2.4
273,0.0,ILE, ,N,66.57,15.59,0.0,0.59,1.0,<Residue ILE het=  resseq=38 icode= >,1v15_B_A,2.4
274,0.0,ILE, ,CA,66.57,15.12,0.0,1.60,1.0,<Residue ILE het=  resseq=38 icode= >,1v15_B_A,2.4
275,0.0,ILE, ,C,66.41,15.10,0.0,2.99,1.0,<Residue ILE het=  resseq=38 icode= >,1v15_B_A,2.4
276,0.0,ILE, ,O,65.98,15.08,0.0,1.70,1.0,<Residue ILE het=  resseq=38 icode= >,1v15_B_A,2.4
277,0.0,ILE, ,CB,66.88,13.77,0.0,1.64,1.0,<Residue ILE het=  resseq=38 icode= >,1v15_B_A,2.4
278,0.0,ILE, ,CG1,68.3,13.14,0.0,1.13,1.0,<Residue ILE het=  resseq=38 icode= >,1v15_B_A,2.4
279,0.051,ILE, ,CG2,66.38,12.62,0.0,0.31,1.0,<Residue ILE het=  resseq=38 icode= >,1v15_B_A,2.4
280,1.385,ILE, ,CD1,70.0,13.35,0.0,0.33,1.0,<Residue ILE het=  resseq=38 icode= >,1v15_B_A,2.4
281,0.0,ALA, ,N,66.38,15.31,0.0,2.47,1.0,<Residue ALA het=  resseq=39 icode= >,1v15_B_A,2.4
282,0.0,ALA, ,CA,66.48,15.70,0.0,1.87,1.0,<Residue ALA het=  resseq=39 icode= >,1v15_B_A,2.4
283,0.0,ALA, ,C,66.64,16.98,0.0,1.89,1.0,<Residue ALA het=  resseq=39 icode= >,1v15_B_A,2.4
284,0.0,ALA, ,O,66.79,17.22,0.0,1.04,1.0,<Residue ALA het=  resseq=39 icode= >,1v15_B_A,2.4
285,0.0,ALA, ,CB,66.46,16.02,0.0,0.94,1.0,<Residue ALA het=  resseq=39 icode= >,1v15_B_A,2.4
286,0.0,ASP, ,N,66.4,17.90,0.0,1.30,1.0,<Residue ASP het=  resseq=40 icode= >,1v15_B_A,2.4
287,0.0,ASP, ,CA,66.46,19.17,0.0,1.06,1.0,<Residue ASP het=  resseq=40 icode= >,1v15_B_A,2.4
288,1.633,ASP, ,C,66.16,19.01,0.0,2.34,1.0,<Residue ASP het=  resseq=40 icode= >,1v15_B_A,2.4
289,16.829,ASP, ,O,65.91,19.63,0.0,1.20,1.0,<Residue ASP het=  resseq=40 icode= >,1v15_B_A,2.4
290,18.165,ASP, ,CB,66.45,20.13,0.0,1.36,1.0,<Residue ASP het=  resseq=40 icode= >,1v15_B_A,2.4
291,2.376,ASP, ,CG,66.8,20.77,0.0,2.23,1.0,<Residue ASP het=  resseq=40 icode= >,1v15_B_A,2.4
292,5.82,ASP, ,OD1,67.47,20.34,0.0,1.67,1.0,<Residue ASP het=  resseq=40 icode= >,1v15_B_A,2.4
293,36.263,ASP, ,OD2,66.68,21.78,0.0,1.50,1.0,<Residue ASP het=  resseq=40 icode= >,1v15_B_A,2.4
294,0.0,LYS, ,N,65.84,18.26,0.0,2.18,1.0,<Residue LYS het=  resseq=41 icode= >,1v15_B_A,2.4
295,4.237,LYS, ,CA,65.67,18.14,0.0,1.92,1.0,<Residue LYS het=  resseq=41 icode= >,1v15_B_A,2.4
296,0.0,LYS, ,C,65.71,17.60,0.0,2.36,1.0,<Residue LYS het=  resseq=41 icode= >,1v15_B_A,2.4
297,4.196,LYS, ,O,65.46,18.20,0.0,1.47,1.0,<Residue LYS het=  resseq=41 icode= >,1v15_B_A,2.4
298,0.901,LYS, ,CB,65.61,17.39,0.0,1.03,1.0,<Residue LYS het=  resseq=41 icode= >,1v15_B_A,2.4
299,3.655,LYS, ,CG,65.45,18.16,0.0,1.05,1.0,<Residue LYS het=  resseq=41 icode= >,1v15_B_A,2.4
300,24.715,LYS, ,CD,65.57,19.54,0.0,0.52,1.0,<Residue LYS het=  resseq=41 icode= >,1v15_B_A,2.4
301,45.975,LYS, ,CE,65.08,20.12,0.0,0.86,1.0,<Residue LYS het=  resseq=41 icode= >,1v15_B_A,2.4
302,19.879,LYS, ,NZ,63.54,19.86,0.0,0.80,1.0,<Residue LYS het=  resseq=41 icode= >,1v15_B_A,2.4
303,0.0,LEU, ,N,65.48,16.60,0.0,2.32,1.0,<Residue LEU het=  resseq=42 icode= >,1v15_B_A,2.4
304,0.0,LEU, ,CA,65.56,15.95,0.0,1.77,1.0,<Residue LEU het=  resseq=42 icode= >,1v15_B_A,2.4
305,0.0,LEU, ,C,65.67,16.45,0.0,2.70,1.0,<Residue LEU het=  resseq=42 icode= >,1v15_B_A,2.4
306,0.0,LEU, ,O,65.88,16.17,0.0,1.78,1.0,<Residue LEU het=  resseq=42 icode= >,1v15_B_A,2.4
307,0.0,LEU, ,CB,65.44,14.42,0.0,0.65,1.0,<Residue LEU het=  resseq=42 icode= >,1v15_B_A,2.4
308,0.0,LEU, ,CG,64.86,13.82,0.0,1.09,1.0,<Residue LEU het=  resseq=42 icode= >,1v15_B_A,2.4
309,0.0,LEU, ,CD1,63.57,12.31,0.0,0.23,1.0,<Residue LEU het=  resseq=42 icode= >,1v15_B_A,2.4
310,7.09,LEU, ,CD2,63.73,14.33,0.0,0.41,1.0,<Residue LEU het=  resseq=42 icode= >,1v15_B_A,2.4
311,0.0,ARG, ,N,65.77,17.30,0.0,1.73,1.0,<Residue ARG het=  resseq=43 icode= >,1v15_B_A,2.4
312,0.0,ARG, ,CA,66.3,17.95,0.0,2.04,1.0,<Residue ARG het=  resseq=43 icode= >,1v15_B_A,2.4
313,0.0,ARG, ,C,66.66,18.79,0.0,2.96,1.0,<Residue ARG het=  resseq=43 icode= >,1v15_B_A,2.4
314,9.163,ARG, ,O,66.89,19.55,0.0,1.60,1.0,<Residue ARG het=  resseq=43 icode= >,1v15_B_A,2.4
315,3.323,ARG, ,CB,66.26,18.89,0.0,1.51,1.0,<Residue ARG het=  resseq=43 icode= >,1v15_B_A,2.4
316,1.074,ARG, ,CG,65.74,19.51,0.0,1.41,1.0,<Residue ARG het=  resseq=43 icode= >,1v15_B_A,2.4
317,19.854,ARG, ,CD,66.1,20.09,0.0,1.34,1.0,<Residue ARG het=  resseq=43 icode= >,1v15_B_A,2.4
318,16.278,ARG, ,NE,66.46,20.88,0.0,1.12,1.0,<Residue ARG het=  resseq=43 icode= >,1v15_B_A,2.4
319,3.48,ARG, ,CZ,66.23,20.56,0.0,1.78,1.0,<Residue ARG het=  resseq=43 icode= >,1v15_B_A,2.4
320,0.704,ARG, ,NH1,66.66,19.40,0.0,1.00,1.0,<Residue ARG het=  resseq=43 icode= >,1v15_B_A,2.4
321,34.787,ARG, ,NH2,65.99,21.47,0.0,0.79,1.0,<Residue ARG het=  resseq=43 icode= >,1v15_B_A,2.4
322,0.0,ASP, ,N,67.12,18.63,0.0,2.27,1.0,<Residue ASP het=  resseq=44 icode= >,1v15_B_A,2.4
323,0.0,ASP, ,CA,67.87,19.36,0.0,2.02,1.0,<Residue ASP het=  resseq=44 icode= >,1v15_B_A,2.4
324,1.591,ASP, ,C,68.08,19.00,0.0,2.89,1.0,<Residue ASP het=  resseq=44 icode= >,1v15_B_A,2.4
325,19.073,ASP, ,O,68.12,19.75,0.0,2.35,1.0,<Residue ASP het=  resseq=44 icode= >,1v15_B_A,2.4
326,23.555,ASP, ,CB,67.95,20.87,0.0,1.28,1.0,<Residue ASP het=  resseq=44 icode= >,1v15_B_A,2.4
327,7.819,ASP, ,CG,69.2,21.39,0.0,0.92,1.0,<Residue ASP het=  resseq=44 icode= >,1v15_B_A,2.4
328,19.093,ASP, ,OD1,69.51,21.21,0.0,1.26,1.0,<Residue ASP het=  resseq=44 icode= >,1v15_B_A,2.4
329,28.322,ASP, ,OD2,70.82,22.09,0.0,0.06,1.0,<Residue ASP het=  resseq=44 icode= >,1v15_B_A,2.4
330,0.0,LYS, ,N,68.25,17.97,0.0,2.90,1.0,<Residue LYS het=  resseq=45 icode= >,1v15_B_A,2.4
331,4.948,LYS, ,CA,69.02,17.65,0.0,2.84,1.0,<Residue LYS het=  resseq=45 icode= >,1v15_B_A,2.4
332,0.0,LYS, ,C,69.21,16.87,0.0,2.61,1.0,<Residue LYS het=  resseq=45 icode= >,1v15_B_A,2.4
333,0.0,LYS, ,O,69.23,15.96,0.0,1.36,1.0,<Residue LYS het=  resseq=45 icode= >,1v15_B_A,2.4
334,4.604,LYS, ,CB,69.27,16.95,0.0,1.23,1.0,<Residue LYS het=  resseq=45 icode= >,1v15_B_A,2.4
335,0.014,LYS, ,CG,70.03,17.63,0.0,1.23,1.0,<Residue LYS het=  resseq=45 icode= >,1v15_B_A,2.4
336,31.837,LYS, ,CD,70.69,18.63,0.0,1.16,1.0,<Residue LYS het=  resseq=45 icode= >,1v15_B_A,2.4
337,31.675,LYS, ,CE,71.15,19.07,0.0,1.59,1.0,<Residue LYS het=  resseq=45 icode= >,1v15_B_A,2.4
338,26.196,LYS, ,NZ,71.26,19.90,0.0,0.91,1.0,<Residue LYS het=  resseq=45 icode= >,1v15_B_A,2.4
339,6.822,GLU, ,N,69.45,17.33,0.0,2.40,1.0,<Residue GLU het=  resseq=46 icode= >,1v15_B_A,2.4
340,0.011,GLU, ,CA,69.64,16.86,0.0,1.89,1.0,<Residue GLU het=  resseq=46 icode= >,1v15_B_A,2.4
341,0.0,GLU, ,C,69.72,15.61,0.0,2.50,1.0,<Residue GLU het=  resseq=46 icode= >,1v15_B_A,2.4
342,13.501,GLU, ,O,69.69,15.54,0.0,1.67,1.0,<Residue GLU het=  resseq=46 icode= >,1v15_B_A,2.4
343,22.813,GLU, ,CB,69.36,18.03,0.0,1.58,1.0,<Residue GLU het=  resseq=46 icode= >,1v15_B_A,2.4
344,13.58,GLU, ,CG,69.37,18.16,0.0,0.90,1.0,<Residue GLU het=  resseq=46 icode= >,1v15_B_A,2.4
345,9.138,GLU, ,CD,70.04,19.10,0.0,0.71,1.0,<Residue GLU het=  resseq=46 icode= >,1v15_B_A,2.4
346,19.329,GLU, ,OE1,69.69,18.57,0.0,0.74,1.0,<Residue GLU het=  resseq=46 icode= >,1v15_B_A,2.4
347,42.517,GLU, ,OE2,69.41,20.17,0.0,0.84,1.0,<Residue GLU het=  resseq=46 icode= >,1v15_B_A,2.4
348,0.0,PHE, ,N,69.97,14.73,0.0,1.82,1.0,<Residue PHE het=  resseq=47 icode= >,1v15_B_A,2.4
349,1.241,PHE, ,CA,70.45,13.63,0.0,1.54,1.0,<Residue PHE het=  resseq=47 icode= >,1v15_B_A,2.4
350,0.0,PHE, ,C,70.55,13.60,0.0,1.88,1.0,<Residue PHE het=  resseq=47 icode= >,1v15_B_A,2.4
351,0.0,PHE, ,O,70.43,13.92,0.0,1.00,1.0,<Residue PHE het=  resseq=47 icode= >,1v15_B_A,2.4
352,0.0,PHE, ,CB,70.39,12.30,0.0,0.87,1.0,<Residue PHE het=  resseq=47 icode= >,1v15_B_A,2.4
353,0.0,PHE, ,CG,70.79,12.45,0.0,1.60,1.0,<Residue PHE het=  resseq=47 icode= >,1v15_B_A,2.4
354,0.0,PHE, ,CD1,71.42,12.81,0.0,0.80,1.0,<Residue PHE het=  resseq=47 icode= >,1v15_B_A,2.4
355,4.978,PHE, ,CD2,71.28,12.46,0.0,0.68,1.0,<Residue PHE het=  resseq=47 icode= >,1v15_B_A,2.4
356,0.0,PHE, ,CE1,71.57,13.16,0.0,0.59,1.0,<Residue PHE het=  resseq=47 icode= >,1v15_B_A,2.4
357,12.213,PHE, ,CE2,70.55,12.82,0.0,0.73,1.0,<Residue PHE het=  resseq=47 icode= >,1v15_B_A,2.4
358,0.643,PHE, ,CZ,71.37,13.17,0.0,0.56,1.0,<Residue PHE het=  resseq=47 icode= >,1v15_B_A,2.4
359,0.049,LYS, ,N,70.66,12.75,0.0,1.52,1.0,<Residue LYS het=  resseq=48 icode= >,1v15_B_A,2.4
360,0.0,LYS, ,CA,70.57,12.33,0.0,2.04,1.0,<Residue LYS het=  resseq=48 icode= >,1v15_B_A,2.4
361,0.122,LYS, ,C,70.06,11.21,0.0,2.59,1.0,<Residue LYS het=  resseq=48 icode= >,1v15_B_A,2.4
362,4.17,LYS, ,O,70.21,11.29,0.0,1.47,1.0,<Residue LYS het=  resseq=48 icode= >,1v15_B_A,2.4
363,16.509,LYS, ,CB,70.61,12.15,3.226,1.73,1.0,<Residue LYS het=  resseq=48 icode= >,1v15_B_A,2.4
364,28.173,LYS, ,CG,71.81,13.52,6.042,0.91,1.0,<Residue LYS het=  resseq=48 icode= >,1v15_B_A,2.4
365,33.162,LYS, ,CD,73.65,14.26,1.243,0.97,1.0,<Residue LYS het=  resseq=48 icode= >,1v15_B_A,2.4
366,10.199,LYS, ,CE,74.47,15.27,0.0,0.49,1.0,<Residue LYS het=  resseq=48 icode= >,1v15_B_A,2.4
367,14.489,LYS, ,NZ,74.18,16.21,0.0,0.21,1.0,<Residue LYS het=  resseq=48 icode= >,1v15_B_A,2.4
368,0.0,SER, ,N,69.31,10.32,0.0,2.23,1.0,<Residue SER het=  resseq=49 icode= >,1v15_B_A,2.4
369,0.0,SER, ,CA,68.57,9.40,0.0,2.64,1.0,<Residue SER het=  resseq=49 icode= >,1v15_B_A,2.4
370,0.0,SER, ,C,68.3,8.98,0.0,3.57,1.0,<Residue SER het=  resseq=49 icode= >,1v15_B_A,2.4
371,0.0,SER, ,O,68.48,9.25,0.0,1.53,1.0,<Residue SER het=  resseq=49 icode= >,1v15_B_A,2.4
372,16.208,SER, ,CB,68.32,8.07,2.264,1.89,1.0,<Residue SER het=  resseq=49 icode= >,1v15_B_A,2.4
373,2.512,SER, ,OG,67.71,7.40,0.0,1.18,1.0,<Residue SER het=  resseq=49 icode= >,1v15_B_A,2.4
374,0.0,PHE, ,N,67.95,7.90,0.0,3.38,1.0,<Residue PHE het=  resseq=50 icode= >,1v15_B_A,2.4
375,0.0,PHE, ,CA,67.85,6.82,0.0,3.03,1.0,<Residue PHE het=  resseq=50 icode= >,1v15_B_A,2.4
376,0.0,PHE, ,C,68.34,6.21,0.0,2.94,1.0,<Residue PHE het=  resseq=50 icode= >,1v15_B_A,2.4
377,0.0,PHE, ,O,68.8,5.99,0.0,1.46,1.0,<Residue PHE het=  resseq=50 icode= >,1v15_B_A,2.4
378,0.634,PHE, ,CB,67.33,5.97,0.0,1.68,1.0,<Residue PHE het=  resseq=50 icode= >,1v15_B_A,2.4
379,0.0,PHE, ,CG,66.23,5.13,0.0,2.60,1.0,<Residue PHE het=  resseq=50 icode= >,1v15_B_A,2.4
380,0.041,PHE, ,CD1,66.24,5.93,0.0,2.20,1.0,<Residue PHE het=  resseq=50 icode= >,1v15_B_A,2.4
381,0.0,PHE, ,CD2,65.44,3.82,0.0,1.71,1.0,<Residue PHE het=  resseq=50 icode= >,1v15_B_A,2.4
382,3.095,PHE, ,CE1,65.92,5.71,0.0,1.60,1.0,<Residue PHE het=  resseq=50 icode= >,1v15_B_A,2.4
383,2.706,PHE, ,CE2,67.23,3.44,2.706,0.99,1.0,<Residue PHE het=  resseq=50 icode= >,1v15_B_A,2.4
384,0.103,PHE, ,CZ,66.49,4.57,0.0,1.09,1.0,<Residue PHE het=  resseq=50 icode= >,1v15_B_A,2.4
385,0.13,ASP, ,N,68.35,6.33,0.0,2.38,1.0,<Residue ASP het=  resseq=51 icode= >,1v15_B_A,2.4
386,0.0,ASP, ,CA,68.29,6.13,0.0,2.76,1.0,<Residue ASP het=  resseq=51 icode= >,1v15_B_A,2.4
387,1.549,ASP, ,C,68.05,6.78,0.0,2.91,1.0,<Residue ASP het=  resseq=51 icode= >,1v15_B_A,2.4
388,2.143,ASP, ,O,68.91,5.96,0.0,1.23,1.0,<Residue ASP het=  resseq=51 icode= >,1v15_B_A,2.4
389,14.45,ASP, ,CB,68.16,5.21,0.231,1.82,1.0,<Residue ASP het=  resseq=51 icode= >,1v15_B_A,2.4
390,6.57,ASP, ,CG,69.87,4.04,3.881,2.37,1.0,<Residue ASP het=  resseq=51 icode= >,1v15_B_A,2.4
391,34.091,ASP, ,OD1,73.09,3.63,23.93,1.05,1.0,<Residue ASP het=  resseq=51 icode= >,1v15_B_A,2.4
392,15.811,ASP, ,OD2,66.47,3.91,7.371,2.06,1.0,<Residue ASP het=  resseq=51 icode= >,1v15_B_A,2.4
393,0.0,ASP, ,N,67.25,8.03,0.0,2.01,1.0,<Residue ASP het=  resseq=52 icode= >,1v15_B_A,2.4
394,0.429,ASP, ,CA,66.41,8.68,0.0,2.15,1.0,<Residue ASP het=  resseq=52 icode= >,1v15_B_A,2.4
395,0.0,ASP, ,C,65.74,8.87,0.0,3.46,1.0,<Residue ASP het=  resseq=52 icode= >,1v15_B_A,2.4
396,2.57,ASP, ,O,65.71,8.87,0.0,2.15,1.0,<Residue ASP het=  resseq=52 icode= >,1v15_B_A,2.4
397,13.413,ASP, ,CB,66.47,10.12,0.0,1.28,1.0,<Residue ASP het=  resseq=52 icode= >,1v15_B_A,2.4
398,7.608,ASP, ,CG,67.3,9.47,0.0,2.26,1.0,<Residue ASP het=  resseq=52 icode= >,1v15_B_A,2.4
399,26.836,ASP, ,OD1,67.21,8.70,13.711,1.69,1.0,<Residue ASP het=  resseq=52 icode= >,1v15_B_A,2.4
400,8.284,ASP, ,OD2,68.03,9.85,0.949,1.44,1.0,<Residue ASP het=  resseq=52 icode= >,1v15_B_A,2.4
401,0.0,PHE, ,N,64.64,8.91,0.0,3.22,1.0,<Residue PHE het=  resseq=53 icode= >,1v15_B_A,2.4
402,0.0,PHE, ,CA,64.08,8.94,0.0,3.44,1.0,<Residue PHE het=  resseq=53 icode= >,1v15_B_A,2.4
403,0.0,PHE, ,C,63.91,8.16,0.0,3.03,1.0,<Residue PHE het=  resseq=53 icode= >,1v15_B_A,2.4
404,0.0,PHE, ,O,62.97,8.83,0.0,1.64,1.0,<Residue PHE het=  resseq=53 icode= >,1v15_B_A,2.4
405,0.0,PHE, ,CB,64.22,8.75,0.0,2.05,1.0,<Residue PHE het=  resseq=53 icode= >,1v15_B_A,2.4
406,0.0,PHE, ,CG,63.68,8.73,0.0,2.31,1.0,<Residue PHE het=  resseq=53 icode= >,1v15_B_A,2.4
407,0.0,PHE, ,CD1,64.25,10.00,0.0,1.12,1.0,<Residue PHE het=  resseq=53 icode= >,1v15_B_A,2.4
408,0.0,PHE, ,CD2,64.3,7.64,0.0,1.69,1.0,<Residue PHE het=  resseq=53 icode= >,1v15_B_A,2.4
409,0.0,PHE, ,CE1,65.91,10.29,0.0,1.17,1.0,<Residue PHE het=  resseq=53 icode= >,1v15_B_A,2.4
410,0.0,PHE, ,CE2,65.51,7.95,0.0,1.05,1.0,<Residue PHE het=  resseq=53 icode= >,1v15_B_A,2.4
411,0.0,PHE, ,CZ,65.34,9.20,0.0,0.98,1.0,<Residue PHE het=  resseq=53 icode= >,1v15_B_A,2.4
412,0.0,ARG, ,N,63.44,6.93,0.0,2.53,1.0,<Residue ARG het=  resseq=54 icode= >,1v15_B_A,2.4
413,0.0,ARG, ,CA,64.03,6.31,0.0,2.89,1.0,<Residue ARG het=  resseq=54 icode= >,1v15_B_A,2.4
414,0.0,ARG, ,C,64.55,6.16,0.0,3.00,1.0,<Residue ARG het=  resseq=54 icode= >,1v15_B_A,2.4
415,0.0,ARG, ,O,65.14,6.43,0.0,1.58,1.0,<Residue ARG het=  resseq=54 icode= >,1v15_B_A,2.4
416,0.0,ARG, ,CB,64.13,4.93,0.0,1.38,1.0,<Residue ARG het=  resseq=54 icode= >,1v15_B_A,2.4
417,0.0,ARG, ,CG,63.49,4.29,0.0,1.43,1.0,<Residue ARG het=  resseq=54 icode= >,1v15_B_A,2.4
418,17.192,ARG, ,CD,63.84,3.52,17.192,0.63,1.0,<Residue ARG het=  resseq=54 icode= >,1v15_B_A,2.4
419,13.641,ARG, ,NE,62.01,2.82,12.273,2.06,1.0,<Residue ARG het=  resseq=54 icode= >,1v15_B_A,2.4
420,4.581,ARG, ,CZ,62.75,3.57,4.581,3.78,1.0,<Residue ARG het=  resseq=54 icode= >,1v15_B_A,2.4
421,15.863,ARG, ,NH1,59.74,2.76,15.818,3.39,1.0,<Residue ARG het=  resseq=54 icode= >,1v15_B_A,2.4
422,33.409,ARG, ,NH2,61.9,3.29,28.194,1.74,1.0,<Residue ARG het=  resseq=54 icode= >,1v15_B_A,2.4
423,0.21,LYS, ,N,64.07,6.01,0.0,3.01,1.0,<Residue LYS het=  resseq=55 icode= >,1v15_B_A,2.4
424,0.956,LYS, ,CA,64.16,6.33,0.0,2.72,1.0,<Residue LYS het=  resseq=55 icode= >,1v15_B_A,2.4
425,0.0,LYS, ,C,64.16,7.64,0.0,3.12,1.0,<Residue LYS het=  resseq=55 icode= >,1v15_B_A,2.4
426,0.0,LYS, ,O,64.36,7.87,0.0,1.85,1.0,<Residue LYS het=  resseq=55 icode= >,1v15_B_A,2.4
427,3.706,LYS, ,CB,64.45,6.80,0.0,2.88,1.0,<Residue LYS het=  resseq=55 icode= >,1v15_B_A,2.4
428,2.104,LYS, ,CG,64.84,7.25,0.0,2.47,1.0,<Residue LYS het=  resseq=55 icode= >,1v15_B_A,2.4
429,23.089,LYS, ,CD,65.5,7.60,5.965,1.56,1.0,<Residue LYS het=  resseq=55 icode= >,1v15_B_A,2.4
430,37.829,LYS, ,CE,65.49,9.01,14.333,1.34,1.0,<Residue LYS het=  resseq=55 icode= >,1v15_B_A,2.4
431,38.659,LYS, ,NZ,66.39,8.84,23.568,1.10,1.0,<Residue LYS het=  resseq=55 icode= >,1v15_B_A,2.4
432,0.005,ALA, ,N,63.81,8.66,0.0,2.68,1.0,<Residue ALA het=  resseq=56 icode= >,1v15_B_A,2.4
433,0.966,ALA, ,CA,63.87,10.00,0.0,2.37,1.0,<Residue ALA het=  resseq=56 icode= >,1v15_B_A,2.4
434,0.0,ALA, ,C,63.92,10.16,0.0,2.98,1.0,<Residue ALA het=  resseq=56 icode= >,1v15_B_A,2.4
435,0.0,ALA, ,O,63.71,11.00,0.0,2.62,1.0,<Residue ALA het=  resseq=56 icode= >,1v15_B_A,2.4
436,14.724,ALA, ,CB,63.48,11.01,0.0,1.57,1.0,<Residue ALA het=  resseq=56 icode= >,1v15_B_A,2.4
437,0.0,VAL, ,N,64.29,9.58,0.0,2.03,1.0,<Residue VAL het=  resseq=57 icode= >,1v15_B_A,2.4
438,0.0,VAL, ,CA,64.4,9.59,0.0,3.10,1.0,<Residue VAL het=  resseq=57 icode= >,1v15_B_A,2.4
439,0.0,VAL, ,C,64.75,9.77,0.0,3.41,1.0,<Residue VAL het=  resseq=57 icode= >,1v15_B_A,2.4
440,0.0,VAL, ,O,64.38,10.74,0.0,1.56,1.0,<Residue VAL het=  resseq=57 icode= >,1v15_B_A,2.4
441,0.0,VAL, ,CB,64.44,8.33,0.0,2.49,1.0,<Residue VAL het=  resseq=57 icode= >,1v15_B_A,2.4
442,2.234,VAL, ,CG1,64.33,8.16,0.0,0.73,1.0,<Residue VAL het=  resseq=57 icode= >,1v15_B_A,2.4
443,0.0,VAL, ,CG2,63.41,8.74,0.0,1.83,1.0,<Residue VAL het=  resseq=57 icode= >,1v15_B_A,2.4
444,0.0,TRP, ,N,65.62,8.62,0.0,2.76,1.0,<Residue TRP het=  resseq=58 icode= >,1v15_B_A,2.4
445,0.0,TRP, ,CA,66.54,8.68,0.0,2.05,1.0,<Residue TRP het=  resseq=58 icode= >,1v15_B_A,2.4
446,0.0,TRP, ,C,67.36,9.59,0.0,2.14,1.0,<Residue TRP het=  resseq=58 icode= >,1v15_B_A,2.4
447,0.0,TRP, ,O,67.47,10.17,0.0,1.37,1.0,<Residue TRP het=  resseq=58 icode= >,1v15_B_A,2.4
448,0.0,TRP, ,CB,66.43,7.23,0.0,1.28,1.0,<Residue TRP het=  resseq=58 icode= >,1v15_B_A,2.4
449,0.0,TRP, ,CG,65.98,6.65,0.0,2.66,1.0,<Residue TRP het=  resseq=58 icode= >,1v15_B_A,2.4
450,0.004,TRP, ,CD1,65.31,5.59,0.004,2.93,1.0,<Residue TRP het=  resseq=58 icode= >,1v15_B_A,2.4
451,0.0,TRP, ,CD2,66.1,7.26,0.0,2.50,1.0,<Residue TRP het=  resseq=58 icode= >,1v15_B_A,2.4
452,0.545,TRP, ,NE1,65.73,5.49,0.358,2.41,1.0,<Residue TRP het=  resseq=58 icode= >,1v15_B_A,2.4
453,0.0,TRP, ,CE2,65.8,6.22,0.0,2.44,1.0,<Residue TRP het=  resseq=58 icode= >,1v15_B_A,2.4
454,0.0,TRP, ,CE3,65.63,8.36,0.0,1.41,1.0,<Residue TRP het=  resseq=58 icode= >,1v15_B_A,2.4
455,0.03,TRP, ,CZ2,67.19,6.09,0.0,0.96,1.0,<Residue TRP het=  resseq=58 icode= >,1v15_B_A,2.4
456,0.0,TRP, ,CZ3,65.96,8.51,0.0,1.96,1.0,<Residue TRP het=  resseq=58 icode= >,1v15_B_A,2.4
457,0.093,TRP, ,CH2,66.03,7.34,0.0,1.34,1.0,<Residue TRP het=  resseq=58 icode= >,1v15_B_A,2.4
458,0.0,GLU, ,N,68.21,9.81,0.0,1.66,1.0,<Residue GLU het=  resseq=59 icode= >,1v15_B_A,2.4
459,0.0,GLU, ,CA,68.77,10.98,0.0,2.33,1.0,<Residue GLU het=  resseq=59 icode= >,1v15_B_A,2.4
460,0.0,GLU, ,C,68.81,12.32,0.0,3.17,1.0,<Residue GLU het=  resseq=59 icode= >,1v15_B_A,2.4
461,0.0,GLU, ,O,68.99,13.21,0.0,2.47,1.0,<Residue GLU het=  resseq=59 icode= >,1v15_B_A,2.4
462,4.186,GLU, ,CB,68.82,11.04,0.0,1.45,1.0,<Residue GLU het=  resseq=59 icode= >,1v15_B_A,2.4
463,0.498,GLU, ,CG,69.2,10.22,0.0,1.61,1.0,<Residue GLU het=  resseq=59 icode= >,1v15_B_A,2.4
464,6.482,GLU, ,CD,69.41,10.67,0.552,2.13,1.0,<Residue GLU het=  resseq=59 icode= >,1v15_B_A,2.4
465,22.879,GLU, ,OE1,70.61,11.08,2.073,1.54,1.0,<Residue GLU het=  resseq=59 icode= >,1v15_B_A,2.4
466,18.153,GLU, ,OE2,70.0,10.83,9.691,1.34,1.0,<Residue GLU het=  resseq=59 icode= >,1v15_B_A,2.4
467,0.0,GLU, ,N,68.78,12.48,0.0,3.02,1.0,<Residue GLU het=  resseq=60 icode= >,1v15_B_A,2.4
468,0.0,GLU, ,CA,68.86,13.75,0.0,2.93,1.0,<Residue GLU het=  resseq=60 icode= >,1v15_B_A,2.4
469,0.0,GLU, ,C,68.89,13.39,0.0,3.31,1.0,<Residue GLU het=  resseq=60 icode= >,1v15_B_A,2.4
470,1.548,GLU, ,O,69.23,13.33,0.0,1.61,1.0,<Residue GLU het=  resseq=60 icode= >,1v15_B_A,2.4
471,0.063,GLU, ,CB,69.08,14.03,0.0,1.62,1.0,<Residue GLU het=  resseq=60 icode= >,1v15_B_A,2.4
472,0.0,GLU, ,CG,69.63,14.27,0.0,0.04,1.0,<Residue GLU het=  resseq=60 icode= >,1v15_B_A,2.4
473,1.333,GLU, ,CD,69.71,15.30,0.0,1.75,1.0,<Residue GLU het=  resseq=60 icode= >,1v15_B_A,2.4
474,19.029,GLU, ,OE1,69.78,15.16,0.0,1.38,1.0,<Residue GLU het=  resseq=60 icode= >,1v15_B_A,2.4
475,0.997,GLU, ,OE2,69.08,16.33,0.0,0.80,1.0,<Residue GLU het=  resseq=60 icode= >,1v15_B_A,2.4
476,0.0,VAL, ,N,69.32,12.36,0.0,1.78,1.0,<Residue VAL het=  resseq=61 icode= >,1v15_B_A,2.4
477,0.0,VAL, ,CA,69.41,10.96,0.0,2.14,1.0,<Residue VAL het=  resseq=61 icode= >,1v15_B_A,2.4
478,0.0,VAL, ,C,69.67,10.82,0.0,2.66,1.0,<Residue VAL het=  resseq=61 icode= >,1v15_B_A,2.4
479,0.0,VAL, ,O,69.96,10.24,0.0,1.38,1.0,<Residue VAL het=  resseq=61 icode= >,1v15_B_A,2.4
480,0.0,VAL, ,CB,69.42,10.03,0.0,1.84,1.0,<Residue VAL het=  resseq=61 icode= >,1v15_B_A,2.4
481,0.0,VAL, ,CG1,69.07,8.59,0.0,0.99,1.0,<Residue VAL het=  resseq=61 icode= >,1v15_B_A,2.4
482,0.51,VAL, ,CG2,69.45,10.22,0.0,1.26,1.0,<Residue VAL het=  resseq=61 icode= >,1v15_B_A,2.4
483,0.0,SER, ,N,69.64,11.58,0.0,2.77,1.0,<Residue SER het=  resseq=62 icode= >,1v15_B_A,2.4
484,0.397,SER, ,CA,69.66,11.80,0.0,2.36,1.0,<Residue SER het=  resseq=62 icode= >,1v15_B_A,2.4
485,0.799,SER, ,C,69.79,12.63,0.0,2.31,1.0,<Residue SER het=  resseq=62 icode= >,1v15_B_A,2.4
486,21.234,SER, ,O,69.53,12.65,0.0,1.49,1.0,<Residue SER het=  resseq=62 icode= >,1v15_B_A,2.4
487,3.423,SER, ,CB,69.7,11.14,0.0,1.68,1.0,<Residue SER het=  resseq=62 icode= >,1v15_B_A,2.4
488,5.459,SER, ,OG,69.83,11.88,0.0,2.33,1.0,<Residue SER het=  resseq=62 icode= >,1v15_B_A,2.4
489,0.0,LYS, ,N,69.82,13.48,0.0,2.09,1.0,<Residue LYS het=  resseq=63 icode= >,1v15_B_A,2.4
490,6.803,LYS, ,CA,69.76,14.48,0.0,2.35,1.0,<Residue LYS het=  resseq=63 icode= >,1v15_B_A,2.4
491,1.153,LYS, ,C,69.79,14.00,0.0,1.99,1.0,<Residue LYS het=  resseq=63 icode= >,1v15_B_A,2.4
492,19.907,LYS, ,O,70.12,14.61,0.0,0.05,1.0,<Residue LYS het=  resseq=63 icode= >,1v15_B_A,2.4
493,9.37,LYS, ,CB,69.79,15.67,0.0,1.65,1.0,<Residue LYS het=  resseq=63 icode= >,1v15_B_A,2.4
494,19.22,LYS, ,CG,70.0,15.93,0.0,1.50,1.0,<Residue LYS het=  resseq=63 icode= >,1v15_B_A,2.4
495,6.881,LYS, ,CD,70.72,16.61,0.0,0.95,1.0,<Residue LYS het=  resseq=63 icode= >,1v15_B_A,2.4
496,29.676,LYS, ,CE,71.89,16.17,0.0,0.44,1.0,<Residue LYS het=  resseq=63 icode= >,1v15_B_A,2.4
497,38.691,LYS, ,NZ,73.38,16.62,0.0,-0.23,1.0,<Residue LYS het=  resseq=63 icode= >,1v15_B_A,2.4
498,0.318,ASP, ,N,69.55,13.07,0.0,2.00,1.0,<Residue ASP het=  resseq=64 icode= >,1v15_B_A,2.4
499,3.586,ASP, ,CA,69.41,12.75,0.0,3.05,1.0,<Residue ASP het=  resseq=64 icode= >,1v15_B_A,2.4
500,0.083,ASP, ,C,69.2,11.95,0.0,2.77,1.0,<Residue ASP het=  resseq=64 icode= >,1v15_B_A,2.4
501,0.0,ASP, ,O,69.39,10.80,0.0,1.59,1.0,<Residue ASP het=  resseq=64 icode= >,1v15_B_A,2.4
502,2.31,ASP, ,CB,69.47,12.20,0.0,1.72,1.0,<Residue ASP het=  resseq=64 icode= >,1v15_B_A,2.4
503,2.467,ASP, ,CG,69.94,12.55,0.0,2.14,1.0,<Residue ASP het=  resseq=64 icode= >,1v15_B_A,2.4
504,8.882,ASP, ,OD1,70.55,13.38,0.0,1.80,1.0,<Residue ASP het=  resseq=64 icode= >,1v15_B_A,2.4
505,4.258,ASP, ,OD2,69.83,12.22,0.0,1.77,1.0,<Residue ASP het=  resseq=64 icode= >,1v15_B_A,2.4
506,0.0,PRO, ,N,69.2,12.69,0.0,2.00,1.0,<Residue PRO het=  resseq=65 icode= >,1v15_B_A,2.4
507,14.042,PRO, ,CA,69.19,12.33,0.0,1.71,1.0,<Residue PRO het=  resseq=65 icode= >,1v15_B_A,2.4
508,2.168,PRO, ,C,69.3,11.00,0.0,2.32,1.0,<Residue PRO het=  resseq=65 icode= >,1v15_B_A,2.4
509,6.32,PRO, ,O,69.38,10.11,0.0,1.50,1.0,<Residue PRO het=  resseq=65 icode= >,1v15_B_A,2.4
510,32.743,PRO, ,CB,69.24,13.52,0.0,0.23,1.0,<Residue PRO het=  resseq=65 icode= >,1v15_B_A,2.4
511,34.532,PRO, ,CG,68.96,14.24,0.0,0.34,1.0,<Residue PRO het=  resseq=65 icode= >,1v15_B_A,2.4
512,20.088,PRO, ,CD,68.9,14.07,0.0,1.14,1.0,<Residue PRO het=  resseq=65 icode= >,1v15_B_A,2.4
513,0.0,GLU, ,N,69.38,11.02,0.0,1.83,1.0,<Residue GLU het=  resseq=66 icode= >,1v15_B_A,2.4
514,0.0,GLU, ,CA,69.72,10.03,0.0,1.76,1.0,<Residue GLU het=  resseq=66 icode= >,1v15_B_A,2.4
515,0.0,GLU, ,C,69.94,8.93,0.0,1.62,1.0,<Residue GLU het=  resseq=66 icode= >,1v15_B_A,2.4
516,0.197,GLU, ,O,69.84,8.43,0.0,1.34,1.0,<Residue GLU het=  resseq=66 icode= >,1v15_B_A,2.4
517,7.62,GLU, ,CB,69.79,10.83,0.0,0.75,1.0,<Residue GLU het=  resseq=66 icode= >,1v15_B_A,2.4
518,20.758,GLU, ,CG,70.15,11.75,0.0,0.53,1.0,<Residue GLU het=  resseq=66 icode= >,1v15_B_A,2.4
519,8.316,GLU, ,CD,70.16,11.95,0.0,0.96,1.0,<Residue GLU het=  resseq=66 icode= >,1v15_B_A,2.4
520,22.322,GLU, ,OE1,70.45,11.79,0.0,0.11,1.0,<Residue GLU het=  resseq=66 icode= >,1v15_B_A,2.4
521,28.616,GLU, ,OE2,70.26,12.52,0.0,0.67,1.0,<Residue GLU het=  resseq=66 icode= >,1v15_B_A,2.4
522,0.0,LEU, ,N,70.14,8.80,0.0,0.88,1.0,<Residue LEU het=  resseq=67 icode= >,1v15_B_A,2.4
523,0.0,LEU, ,CA,70.49,7.89,0.0,1.61,1.0,<Residue LEU het=  resseq=67 icode= >,1v15_B_A,2.4
524,0.295,LEU, ,C,70.22,6.95,0.0,2.56,1.0,<Residue LEU het=  resseq=67 icode= >,1v15_B_A,2.4
525,2.349,LEU, ,O,70.42,5.94,0.0,0.68,1.0,<Residue LEU het=  resseq=67 icode= >,1v15_B_A,2.4
526,0.0,LEU, ,CB,70.7,8.83,0.0,0.93,1.0,<Residue LEU het=  resseq=67 icode= >,1v15_B_A,2.4
527,0.0,LEU, ,CG,71.59,9.69,0.0,0.83,1.0,<Residue LEU het=  resseq=67 icode= >,1v15_B_A,2.4
528,0.0,LEU, ,CD1,72.67,10.46,0.0,0.30,1.0,<Residue LEU het=  resseq=67 icode= >,1v15_B_A,2.4
529,0.076,LEU, ,CD2,71.84,9.13,0.0,0.24,1.0,<Residue LEU het=  resseq=67 icode= >,1v15_B_A,2.4
530,0.0,SER, ,N,70.09,7.54,0.0,2.85,1.0,<Residue SER het=  resseq=68 icode= >,1v15_B_A,2.4
531,0.0,SER, ,CA,69.95,7.12,0.0,2.23,1.0,<Residue SER het=  resseq=68 icode= >,1v15_B_A,2.4
532,1.007,SER, ,C,69.86,7.00,0.0,2.21,1.0,<Residue SER het=  resseq=68 icode= >,1v15_B_A,2.4
533,0.045,SER, ,O,69.78,7.26,0.0,1.73,1.0,<Residue SER het=  resseq=68 icode= >,1v15_B_A,2.4
534,1.843,SER, ,CB,69.74,8.33,0.0,1.78,1.0,<Residue SER het=  resseq=68 icode= >,1v15_B_A,2.4
535,6.453,SER, ,OG,70.08,9.53,0.0,1.71,1.0,<Residue SER het=  resseq=68 icode= >,1v15_B_A,2.4
536,0.0,LYS, ,N,70.09,6.97,0.0,1.16,1.0,<Residue LYS het=  resseq=69 icode= >,1v15_B_A,2.4
537,6.395,LYS, ,CA,69.9,7.35,0.0,1.27,1.0,<Residue LYS het=  resseq=69 icode= >,1v15_B_A,2.4
538,0.0,LYS, ,C,69.89,6.36,0.0,1.66,1.0,<Residue LYS het=  resseq=69 icode= >,1v15_B_A,2.4
539,20.702,LYS, ,O,70.12,6.95,0.0,1.05,1.0,<Residue LYS het=  resseq=69 icode= >,1v15_B_A,2.4
540,0.224,LYS, ,CB,69.92,7.98,0.0,0.00,1.0,<Residue LYS het=  resseq=69 icode= >,1v15_B_A,2.4
541,17.185,LYS, ,CG,69.77,8.85,0.0,0.24,1.0,<Residue LYS het=  resseq=69 icode= >,1v15_B_A,2.4
542,0.44,LYS, ,CD,69.64,9.41,0.0,0.14,1.0,<Residue LYS het=  resseq=69 icode= >,1v15_B_A,2.4
543,31.42,LYS, ,CE,70.16,10.54,0.0,0.44,1.0,<Residue LYS het=  resseq=69 icode= >,1v15_B_A,2.4
544,39.793,LYS, ,NZ,69.66,10.22,0.0,0.85,1.0,<Residue LYS het=  resseq=69 icode= >,1v15_B_A,2.4
545,0.266,ASN, ,N,69.43,5.06,0.0,1.55,1.0,<Residue ASN het=  resseq=70 icode= >,1v15_B_A,2.4
546,4.32,ASN, ,CA,69.42,4.25,0.0,1.35,1.0,<Residue ASN het=  resseq=70 icode= >,1v15_B_A,2.4
547,2.781,ASN, ,C,69.33,3.78,0.566,2.20,1.0,<Residue ASN het=  resseq=70 icode= >,1v15_B_A,2.4
548,28.148,ASN, ,O,69.35,3.55,17.079,1.29,1.0,<Residue ASN het=  resseq=70 icode= >,1v15_B_A,2.4
549,23.236,ASN, ,CB,69.52,3.58,15.231,-0.12,1.0,<Residue ASN het=  resseq=70 icode= >,1v15_B_A,2.4
550,5.81,ASN, ,CG,69.58,4.90,0.0,0.71,1.0,<Residue ASN het=  resseq=70 icode= >,1v15_B_A,2.4
551,23.52,ASN, ,OD1,68.02,5.90,0.0,1.27,1.0,<Residue ASN het=  resseq=70 icode= >,1v15_B_A,2.4
552,5.831,ASN, ,ND2,69.26,5.18,0.0,0.86,1.0,<Residue ASN het=  resseq=70 icode= >,1v15_B_A,2.4
553,0.0,LEU, ,N,69.05,4.33,0.0,1.69,1.0,<Residue LEU het=  resseq=71 icode= >,1v15_B_A,2.4
554,0.773,LEU, ,CA,68.99,4.53,0.773,1.90,1.0,<Residue LEU het=  resseq=71 icode= >,1v15_B_A,2.4
555,1.831,LEU, ,C,68.82,4.82,0.0,3.05,1.0,<Residue LEU het=  resseq=71 icode= >,1v15_B_A,2.4
556,3.921,LEU, ,O,69.33,6.03,0.0,1.21,1.0,<Residue LEU het=  resseq=71 icode= >,1v15_B_A,2.4
557,0.0,LEU, ,CB,69.04,5.05,0.0,1.02,1.0,<Residue LEU het=  resseq=71 icode= >,1v15_B_A,2.4
558,1.606,LEU, ,CG,68.99,4.56,0.829,1.57,1.0,<Residue LEU het=  resseq=71 icode= >,1v15_B_A,2.4
559,0.0,LEU, ,CD1,68.99,5.81,0.0,0.49,1.0,<Residue LEU het=  resseq=71 icode= >,1v15_B_A,2.4
560,10.119,LEU, ,CD2,66.99,3.65,10.119,0.22,1.0,<Residue LEU het=  resseq=71 icode= >,1v15_B_A,2.4
561,1.841,ASN, ,N,68.67,4.00,1.116,1.91,1.0,<Residue ASN het=  resseq=72 icode= >,1v15_B_A,2.4
562,6.076,ASN, ,CA,68.33,4.71,0.0,1.93,1.0,<Residue ASN het=  resseq=72 icode= >,1v15_B_A,2.4
563,0.0,ASN, ,C,68.37,5.65,0.0,2.78,1.0,<Residue ASN het=  resseq=72 icode= >,1v15_B_A,2.4
564,0.0,ASN, ,O,68.48,5.53,0.0,1.26,1.0,<Residue ASN het=  resseq=72 icode= >,1v15_B_A,2.4
565,22.249,ASN, ,CB,68.24,4.00,3.69,0.74,1.0,<Residue ASN het=  resseq=72 icode= >,1v15_B_A,2.4
566,4.516,ASN, ,CG,68.13,3.12,4.516,1.74,1.0,<Residue ASN het=  resseq=72 icode= >,1v15_B_A,2.4
567,2.528,ASN, ,OD1,67.4,2.31,2.528,1.51,1.0,<Residue ASN het=  resseq=72 icode= >,1v15_B_A,2.4
568,41.066,ASN, ,ND2,66.64,3.45,34.079,1.18,1.0,<Residue ASN het=  resseq=72 icode= >,1v15_B_A,2.4
569,0.0,PRO, ,N,68.5,5.30,0.0,2.75,1.0,<Residue PRO het=  resseq=73 icode= >,1v15_B_A,2.4
570,1.122,PRO, ,CA,68.62,4.41,0.0,1.54,1.0,<Residue PRO het=  resseq=73 icode= >,1v15_B_A,2.4
571,1.447,PRO, ,C,68.86,3.61,1.447,1.86,1.0,<Residue PRO het=  resseq=73 icode= >,1v15_B_A,2.4
572,2.696,PRO, ,O,68.58,3.66,1.508,1.26,1.0,<Residue PRO het=  resseq=73 icode= >,1v15_B_A,2.4
573,34.248,PRO, ,CB,68.39,3.36,24.71,1.55,1.0,<Residue PRO het=  resseq=73 icode= >,1v15_B_A,2.4
574,41.627,PRO, ,CG,68.45,3.74,16.394,1.01,1.0,<Residue PRO het=  resseq=73 icode= >,1v15_B_A,2.4
575,24.442,PRO, ,CD,68.56,4.48,5.114,0.92,1.0,<Residue PRO het=  resseq=73 icode= >,1v15_B_A,2.4
576,2.479,SER, ,N,69.29,3.27,2.479,1.42,1.0,<Residue SER het=  resseq=74 icode= >,1v15_B_A,2.4
577,12.798,SER, ,CA,69.8,3.26,12.798,1.50,1.0,<Residue SER het=  resseq=74 icode= >,1v15_B_A,2.4
578,1.228,SER, ,C,69.7,3.50,1.025,2.64,1.0,<Residue SER het=  resseq=74 icode= >,1v15_B_A,2.4
579,3.186,SER, ,O,69.53,2.96,3.186,1.22,1.0,<Residue SER het=  resseq=74 icode= >,1v15_B_A,2.4
580,36.775,SER, ,CB,70.11,3.72,36.704,0.89,1.0,<Residue SER het=  resseq=74 icode= >,1v15_B_A,2.4
581,7.098,SER, ,OG,71.19,3.75,6.002,0.67,1.0,<Residue SER het=  resseq=74 icode= >,1v15_B_A,2.4
582,0.0,ASN, ,N,69.82,4.80,0.0,2.80,1.0,<Residue ASN het=  resseq=75 icode= >,1v15_B_A,2.4
583,0.0,ASN, ,CA,70.17,5.23,0.0,2.23,1.0,<Residue ASN het=  resseq=75 icode= >,1v15_B_A,2.4
584,0.0,ASN, ,C,70.7,6.12,0.0,2.07,1.0,<Residue ASN het=  resseq=75 icode= >,1v15_B_A,2.4
585,0.0,ASN, ,O,71.2,6.54,0.0,1.02,1.0,<Residue ASN het=  resseq=75 icode= >,1v15_B_A,2.4
586,0.0,ASN, ,CB,70.03,3.90,0.0,1.56,1.0,<Residue ASN het=  resseq=75 icode= >,1v15_B_A,2.4
587,0.23,ASN, ,CG,70.59,3.35,0.23,2.47,1.0,<Residue ASN het=  resseq=75 icode= >,1v15_B_A,2.4
588,0.975,ASN, ,OD1,71.61,4.27,0.975,1.07,1.0,<Residue ASN het=  resseq=75 icode= >,1v15_B_A,2.4
589,9.867,ASN, ,ND2,69.43,2.37,9.867,0.99,1.0,<Residue ASN het=  resseq=75 icode= >,1v15_B_A,2.4
590,0.0,LYS, ,N,70.57,6.03,0.0,1.71,1.0,<Residue LYS het=  resseq=76 icode= >,1v15_B_A,2.4
591,0.472,LYS, ,CA,70.82,6.69,0.0,1.71,1.0,<Residue LYS het=  resseq=76 icode= >,1v15_B_A,2.4
592,1.083,LYS, ,C,70.97,6.16,0.0,2.07,1.0,<Residue LYS het=  resseq=76 icode= >,1v15_B_A,2.4
593,0.608,LYS, ,O,70.99,7.06,0.0,0.82,1.0,<Residue LYS het=  resseq=76 icode= >,1v15_B_A,2.4
594,10.113,LYS, ,CB,70.97,6.87,0.0,0.61,1.0,<Residue LYS het=  resseq=76 icode= >,1v15_B_A,2.4
595,3.42,LYS, ,CG,70.81,7.95,0.0,0.12,1.0,<Residue LYS het=  resseq=76 icode= >,1v15_B_A,2.4
596,22.867,LYS, ,CD,70.74,7.93,0.0,0.50,1.0,<Residue LYS het=  resseq=76 icode= >,1v15_B_A,2.4
597,39.598,LYS, ,CE,70.51,9.33,0.0,0.60,1.0,<Residue LYS het=  resseq=76 icode= >,1v15_B_A,2.4
598,16.742,LYS, ,NZ,69.93,9.09,0.0,0.26,1.0,<Residue LYS het=  resseq=76 icode= >,1v15_B_A,2.4
599,0.369,SER, ,N,71.01,4.94,0.0,2.83,1.0,<Residue SER het=  resseq=77 icode= >,1v15_B_A,2.4
600,7.647,SER, ,CA,71.21,4.78,0.0,2.77,1.0,<Residue SER het=  resseq=77 icode= >,1v15_B_A,2.4
601,0.491,SER, ,C,71.56,4.57,0.491,1.65,1.0,<Residue SER het=  resseq=77 icode= >,1v15_B_A,2.4
602,0.664,SER, ,O,71.78,5.16,0.0,0.71,1.0,<Residue SER het=  resseq=77 icode= >,1v15_B_A,2.4
603,31.12,SER, ,CB,71.0,3.63,22.675,2.42,1.0,<Residue SER het=  resseq=77 icode= >,1v15_B_A,2.4
604,22.908,SER, ,OG,71.59,3.30,14.261,0.78,1.0,<Residue SER het=  resseq=77 icode= >,1v15_B_A,2.4
605,0.29,SER, ,N,71.45,3.88,0.29,1.34,1.0,<Residue SER het=  resseq=78 icode= >,1v15_B_A,2.4
606,3.474,SER, ,CA,71.42,3.87,3.474,2.32,1.0,<Residue SER het=  resseq=78 icode= >,1v15_B_A,2.4
607,0.0,SER, ,C,71.06,5.34,0.0,3.38,1.0,<Residue SER het=  resseq=78 icode= >,1v15_B_A,2.4
608,0.0,SER, ,O,71.58,5.86,0.0,1.80,1.0,<Residue SER het=  resseq=78 icode= >,1v15_B_A,2.4
609,0.113,SER, ,CB,71.33,3.70,0.005,0.96,1.0,<Residue SER het=  resseq=78 icode= >,1v15_B_A,2.4
610,15.31,SER, ,OG,72.01,2.53,14.908,0.01,1.0,<Residue SER het=  resseq=78 icode= >,1v15_B_A,2.4
611,0.0,VAL, ,N,70.78,6.23,0.0,2.42,1.0,<Residue VAL het=  resseq=79 icode= >,1v15_B_A,2.4
612,0.0,VAL, ,CA,70.72,7.64,0.0,2.00,1.0,<Residue VAL het=  resseq=79 icode= >,1v15_B_A,2.4
613,0.0,VAL, ,C,70.56,8.33,0.0,2.46,1.0,<Residue VAL het=  resseq=79 icode= >,1v15_B_A,2.4
614,0.0,VAL, ,O,70.51,9.32,0.0,1.70,1.0,<Residue VAL het=  resseq=79 icode= >,1v15_B_A,2.4
615,0.0,VAL, ,CB,71.02,8.61,0.0,1.07,1.0,<Residue VAL het=  resseq=79 icode= >,1v15_B_A,2.4
616,0.0,VAL, ,CG1,70.75,8.43,0.0,0.51,1.0,<Residue VAL het=  resseq=79 icode= >,1v15_B_A,2.4
617,0.227,VAL, ,CG2,70.84,8.61,0.0,-0.07,1.0,<Residue VAL het=  resseq=79 icode= >,1v15_B_A,2.4
618,0.0,SER, ,N,70.43,7.90,0.0,1.98,1.0,<Residue SER het=  resseq=80 icode= >,1v15_B_A,2.4
619,1.044,SER, ,CA,70.09,8.77,0.0,2.27,1.0,<Residue SER het=  resseq=80 icode= >,1v15_B_A,2.4
620,0.117,SER, ,C,69.88,8.43,0.0,3.10,1.0,<Residue SER het=  resseq=80 icode= >,1v15_B_A,2.4
621,17.031,SER, ,O,70.07,9.20,0.0,1.04,1.0,<Residue SER het=  resseq=80 icode= >,1v15_B_A,2.4
622,28.105,SER, ,CB,69.98,8.68,0.0,1.75,1.0,<Residue SER het=  resseq=80 icode= >,1v15_B_A,2.4
623,16.496,SER, ,OG,69.93,9.19,0.0,1.09,1.0,<Residue SER het=  resseq=80 icode= >,1v15_B_A,2.4
624,0.0,LYS, ,N,69.57,7.33,0.0,3.03,1.0,<Residue LYS het=  resseq=81 icode= >,1v15_B_A,2.4
625,4.078,LYS, ,CA,69.43,7.10,0.0,3.07,1.0,<Residue LYS het=  resseq=81 icode= >,1v15_B_A,2.4
626,0.0,LYS, ,C,69.35,7.53,0.0,3.59,1.0,<Residue LYS het=  resseq=81 icode= >,1v15_B_A,2.4
627,2.872,LYS, ,O,69.67,7.16,0.0,1.98,1.0,<Residue LYS het=  resseq=81 icode= >,1v15_B_A,2.4
628,3.992,LYS, ,CB,69.43,5.66,0.0,2.51,1.0,<Residue LYS het=  resseq=81 icode= >,1v15_B_A,2.4
629,13.398,LYS, ,CG,69.77,5.26,0.364,1.60,1.0,<Residue LYS het=  resseq=81 icode= >,1v15_B_A,2.4
630,32.733,LYS, ,CD,70.82,4.51,21.119,0.73,1.0,<Residue LYS het=  resseq=81 icode= >,1v15_B_A,2.4
631,31.341,LYS, ,CE,70.42,3.07,28.222,0.70,1.0,<Residue LYS het=  resseq=81 icode= >,1v15_B_A,2.4
632,38.056,LYS, ,NZ,69.5,3.44,12.949,0.71,1.0,<Residue LYS het=  resseq=81 icode= >,1v15_B_A,2.4
633,0.0,GLY, ,N,68.83,7.52,0.0,2.20,1.0,<Residue GLY het=  resseq=82 icode= >,1v15_B_A,2.4
634,0.0,GLY, ,CA,68.06,6.78,0.0,1.41,1.0,<Residue GLY het=  resseq=82 icode= >,1v15_B_A,2.4
635,0.839,GLY, ,C,67.72,5.27,0.0,2.22,1.0,<Residue GLY het=  resseq=82 icode= >,1v15_B_A,2.4
636,5.351,GLY, ,O,67.44,4.56,3.013,1.64,1.0,<Residue GLY het=  resseq=82 icode= >,1v15_B_A,2.4
637,0.0,TYR, ,N,67.05,4.83,0.0,1.91,1.0,<Residue TYR het=  resseq=83 icode= >,1v15_B_A,2.4
638,1.733,TYR, ,CA,66.57,3.52,1.733,2.21,1.0,<Residue TYR het=  resseq=83 icode= >,1v15_B_A,2.4
639,0.0,TYR, ,C,66.87,3.67,0.0,3.12,1.0,<Residue TYR het=  resseq=83 icode= >,1v15_B_A,2.4
640,0.0,TYR, ,O,66.97,4.87,0.0,1.31,1.0,<Residue TYR het=  resseq=83 icode= >,1v15_B_A,2.4
641,10.043,TYR, ,CB,66.06,3.74,6.051,1.16,1.0,<Residue TYR het=  resseq=83 icode= >,1v15_B_A,2.4
642,2.291,TYR, ,CG,65.33,4.00,2.291,1.70,1.0,<Residue TYR het=  resseq=83 icode= >,1v15_B_A,2.4
643,23.553,TYR, ,CD1,64.4,3.70,21.009,1.26,1.0,<Residue TYR het=  resseq=83 icode= >,1v15_B_A,2.4
644,7.136,TYR, ,CD2,64.92,3.67,7.136,1.16,1.0,<Residue TYR het=  resseq=83 icode= >,1v15_B_A,2.4
645,33.32,TYR, ,CE1,65.58,3.43,23.239,1.40,1.0,<Residue TYR het=  resseq=83 icode= >,1v15_B_A,2.4
646,10.177,TYR, ,CE2,63.4,3.34,8.891,2.34,1.0,<Residue TYR het=  resseq=83 icode= >,1v15_B_A,2.4
647,8.273,TYR, ,CZ,65.06,3.41,5.083,2.79,1.0,<Residue TYR het=  resseq=83 icode= >,1v15_B_A,2.4
648,42.984,TYR, ,OH,64.81,3.41,30.168,1.99,1.0,<Residue TYR het=  resseq=83 icode= >,1v15_B_A,2.4
649,6.082,SER, ,N,66.51,2.92,6.082,3.16,1.0,<Residue SER het=  resseq=84 icode= >,1v15_B_A,2.4
650,0.0,SER, ,CA,66.6,3.83,0.0,3.49,1.0,<Residue SER het=  resseq=84 icode= >,1v15_B_A,2.4
651,0.0,SER, ,C,66.5,4.55,0.0,2.45,1.0,<Residue SER het=  resseq=84 icode= >,1v15_B_A,2.4
652,3.652,SER, ,O,66.54,4.22,0.695,1.82,1.0,<Residue SER het=  resseq=84 icode= >,1v15_B_A,2.4
653,5.649,SER, ,CB,66.27,3.70,5.64,3.09,1.0,<Residue SER het=  resseq=84 icode= >,1v15_B_A,2.4
654,0.0,SER, ,OG,69.37,5.09,0.0,2.73,1.0,<Residue SER het=  resseq=84 icode= >,1v15_B_A,2.4
655,0.0,PRO, ,N,65.66,5.87,0.0,2.18,1.0,<Residue PRO het=  resseq=85 icode= >,1v15_B_A,2.4
656,0.0,PRO, ,CA,64.78,6.51,0.0,2.96,1.0,<Residue PRO het=  resseq=85 icode= >,1v15_B_A,2.4
657,0.0,PRO, ,C,64.51,6.16,0.0,3.70,1.0,<Residue PRO het=  resseq=85 icode= >,1v15_B_A,2.4
658,0.0,PRO, ,O,63.96,6.76,0.0,3.21,1.0,<Residue PRO het=  resseq=85 icode= >,1v15_B_A,2.4
659,0.0,PRO, ,CB,65.06,5.70,0.0,2.33,1.0,<Residue PRO het=  resseq=85 icode= >,1v15_B_A,2.4
660,0.0,PRO, ,CG,65.28,6.38,0.0,2.15,1.0,<Residue PRO het=  resseq=85 icode= >,1v15_B_A,2.4
661,0.0,PRO, ,CD,65.52,6.68,0.0,2.04,1.0,<Residue PRO het=  resseq=85 icode= >,1v15_B_A,2.4
662,0.0,PHE, ,N,64.14,5.26,0.0,3.01,1.0,<Residue PHE het=  resseq=86 icode= >,1v15_B_A,2.4
663,0.0,PHE, ,CA,64.22,4.78,0.0,2.54,1.0,<Residue PHE het=  resseq=86 icode= >,1v15_B_A,2.4
664,0.0,PHE, ,C,64.3,4.19,0.0,3.64,1.0,<Residue PHE het=  resseq=86 icode= >,1v15_B_A,2.4
665,4.681,PHE, ,O,64.34,3.39,4.681,2.55,1.0,<Residue PHE het=  resseq=86 icode= >,1v15_B_A,2.4
666,12.528,PHE, ,CB,64.39,3.58,12.528,1.80,1.0,<Residue PHE het=  resseq=86 icode= >,1v15_B_A,2.4
667,2.022,PHE, ,CG,63.71,3.66,2.022,2.28,1.0,<Residue PHE het=  resseq=86 icode= >,1v15_B_A,2.4
668,3.733,PHE, ,CD1,64.19,3.77,3.733,1.94,1.0,<Residue PHE het=  resseq=86 icode= >,1v15_B_A,2.4
669,8.483,PHE, ,CD2,62.95,3.43,8.266,1.95,1.0,<Residue PHE het=  resseq=86 icode= >,1v15_B_A,2.4
670,15.551,PHE, ,CE1,63.78,4.04,4.448,2.60,1.0,<Residue PHE het=  resseq=86 icode= >,1v15_B_A,2.4
671,25.52,PHE, ,CE2,61.56,2.85,24.521,1.64,1.0,<Residue PHE het=  resseq=86 icode= >,1v15_B_A,2.4
672,34.409,PHE, ,CZ,62.48,3.36,27.22,2.02,1.0,<Residue PHE het=  resseq=86 icode= >,1v15_B_A,2.4
673,0.0,THR, ,N,64.35,5.02,0.0,3.05,1.0,<Residue THR het=  resseq=87 icode= >,1v15_B_A,2.4
674,0.0,THR, ,CA,64.79,5.13,0.0,2.97,1.0,<Residue THR het=  resseq=87 icode= >,1v15_B_A,2.4
675,1.463,THR, ,C,64.92,4.41,1.463,2.92,1.0,<Residue THR het=  resseq=87 icode= >,1v15_B_A,2.4
676,6.114,THR, ,O,65.02,3.33,6.114,2.59,1.0,<Residue THR het=  resseq=87 icode= >,1v15_B_A,2.4
677,0.0,THR, ,CB,64.66,6.18,0.0,2.80,1.0,<Residue THR het=  resseq=87 icode= >,1v15_B_A,2.4
678,0.0,THR, ,OG1,66.18,6.59,0.0,2.24,1.0,<Residue THR het=  resseq=87 icode= >,1v15_B_A,2.4
679,0.0,THR, ,CG2,63.2,6.89,0.0,2.37,1.0,<Residue THR het=  resseq=87 icode= >,1v15_B_A,2.4
680,0.465,PRO, ,N,64.46,4.52,0.465,2.82,1.0,<Residue PRO het=  resseq=88 icode= >,1v15_B_A,2.4
681,12.364,PRO, ,CA,64.46,4.11,12.364,2.26,1.0,<Residue PRO het=  resseq=88 icode= >,1v15_B_A,2.4
682,0.0,PRO, ,C,64.59,4.13,0.0,3.29,1.0,<Residue PRO het=  resseq=88 icode= >,1v15_B_A,2.4
683,0.0,PRO, ,O,64.09,5.29,0.0,3.11,1.0,<Residue PRO het=  resseq=88 icode= >,1v15_B_A,2.4
684,20.579,PRO, ,CB,64.2,4.59,16.358,1.33,1.0,<Residue PRO het=  resseq=88 icode= >,1v15_B_A,2.4
685,26.821,PRO, ,CG,63.71,3.95,23.777,2.09,1.0,<Residue PRO het=  resseq=88 icode= >,1v15_B_A,2.4
686,13.629,PRO, ,CD,64.57,3.49,13.629,1.45,1.0,<Residue PRO het=  resseq=88 icode= >,1v15_B_A,2.4
687,7.247,LYS, ,N,64.5,3.20,7.247,2.18,1.0,<Residue LYS het=  resseq=89 icode= >,1v15_B_A,2.4
688,0.0,LYS, ,CA,64.96,3.91,0.0,2.47,1.0,<Residue LYS het=  resseq=89 icode= >,1v15_B_A,2.4
689,0.017,LYS, ,C,65.11,5.09,0.0,2.94,1.0,<Residue LYS het=  resseq=89 icode= >,1v15_B_A,2.4
690,4.853,LYS, ,O,64.94,6.22,0.0,1.50,1.0,<Residue LYS het=  resseq=89 icode= >,1v15_B_A,2.4
691,28.493,LYS, ,CB,64.52,3.36,20.419,1.64,1.0,<Residue LYS het=  resseq=89 icode= >,1v15_B_A,2.4
692,19.509,LYS, ,CG,65.58,3.62,7.64,0.88,1.0,<Residue LYS het=  resseq=89 icode= >,1v15_B_A,2.4
693,17.845,LYS, ,CD,63.96,3.12,14.744,0.86,1.0,<Residue LYS het=  resseq=89 icode= >,1v15_B_A,2.4
694,41.243,LYS, ,CE,64.13,3.16,4.685,1.51,1.0,<Residue LYS het=  resseq=89 icode= >,1v15_B_A,2.4
695,41.778,LYS, ,NZ,64.84,2.82,11.858,0.32,1.0,<Residue LYS het=  resseq=89 icode= >,1v15_B_A,2.4
696,0.24,ASN, ,N,65.37,5.08,0.0,2.52,1.0,<Residue ASN het=  resseq=90 icode= >,1v15_B_A,2.4
697,12.252,ASN, ,CA,66.03,6.40,0.0,2.66,1.0,<Residue ASN het=  resseq=90 icode= >,1v15_B_A,2.4
698,0.565,ASN, ,C,66.22,7.41,0.0,3.42,1.0,<Residue ASN het=  resseq=90 icode= >,1v15_B_A,2.4
699,6.843,ASN, ,O,66.74,8.56,0.0,2.47,1.0,<Residue ASN het=  resseq=90 icode= >,1v15_B_A,2.4
700,32.636,ASN, ,CB,65.83,6.52,0.0,0.97,1.0,<Residue ASN het=  resseq=90 icode= >,1v15_B_A,2.4
701,5.3,ASN, ,CG,66.26,6.03,0.0,2.00,1.0,<Residue ASN het=  resseq=90 icode= >,1v15_B_A,2.4
702,4.589,ASN, ,OD1,67.64,5.12,0.561,1.56,1.0,<Residue ASN het=  resseq=90 icode= >,1v15_B_A,2.4
703,47.999,ASN, ,ND2,64.95,5.97,0.789,0.89,1.0,<Residue ASN het=  resseq=90 icode= >,1v15_B_A,2.4
704,0.0,GLN, ,N,65.7,7.18,0.0,2.51,1.0,<Residue GLN het=  resseq=91 icode= >,1v15_B_A,2.4
705,0.0,GLN, ,CA,65.6,8.38,0.0,2.61,1.0,<Residue GLN het=  resseq=91 icode= >,1v15_B_A,2.4
706,0.0,GLN, ,C,65.87,8.87,0.0,4.02,1.0,<Residue GLN het=  resseq=91 icode= >,1v15_B_A,2.4
707,0.0,GLN, ,O,66.34,9.64,0.0,2.29,1.0,<Residue GLN het=  resseq=91 icode= >,1v15_B_A,2.4
708,0.0,GLN, ,CB,65.61,7.60,0.0,1.64,1.0,<Residue GLN het=  resseq=91 icode= >,1v15_B_A,2.4
709,4.287,GLN, ,CG,65.57,6.56,0.0,2.20,1.0,<Residue GLN het=  resseq=91 icode= >,1v15_B_A,2.4
710,0.04,GLN, ,CD,65.92,7.14,0.0,3.05,1.0,<Residue GLN het=  resseq=91 icode= >,1v15_B_A,2.4
711,1.175,GLN, ,OE1,65.16,8.14,0.0,2.33,1.0,<Residue GLN het=  resseq=91 icode= >,1v15_B_A,2.4
712,27.65,GLN, ,NE2,68.38,6.75,0.0,0.76,1.0,<Residue GLN het=  resseq=91 icode= >,1v15_B_A,2.4
713,0.0,GLN, ,N,65.2,8.08,0.0,3.01,1.0,<Residue GLN het=  resseq=92 icode= >,1v15_B_A,2.4
714,0.0,GLN, ,CA,65.24,8.04,0.0,2.80,1.0,<Residue GLN het=  resseq=92 icode= >,1v15_B_A,2.4
715,0.168,GLN, ,C,64.54,7.37,0.0,2.86,1.0,<Residue GLN het=  resseq=92 icode= >,1v15_B_A,2.4
716,15.821,GLN, ,O,64.24,7.89,0.0,2.00,1.0,<Residue GLN het=  resseq=92 icode= >,1v15_B_A,2.4
717,2.006,GLN, ,CB,65.03,6.78,0.0,2.05,1.0,<Residue GLN het=  resseq=92 icode= >,1v15_B_A,2.4
718,0.0,GLN, ,CG,65.33,5.47,0.0,2.00,1.0,<Residue GLN het=  resseq=92 icode= >,1v15_B_A,2.4
719,0.0,GLN, ,CD,65.38,4.26,0.0,3.28,1.0,<Residue GLN het=  resseq=92 icode= >,1v15_B_A,2.4
720,2.578,GLN, ,OE1,67.1,4.67,0.493,1.75,1.0,<Residue GLN het=  resseq=92 icode= >,1v15_B_A,2.4
721,12.436,GLN, ,NE2,64.66,3.06,12.411,1.25,1.0,<Residue GLN het=  resseq=92 icode= >,1v15_B_A,2.4
722,0.0,VAL, ,N,64.1,6.12,0.0,2.02,1.0,<Residue VAL het=  resseq=93 icode= >,1v15_B_A,2.4
723,1.956,VAL, ,CA,63.25,5.11,0.0,2.74,1.0,<Residue VAL het=  resseq=93 icode= >,1v15_B_A,2.4
724,0.09,VAL, ,C,63.06,4.14,0.09,4.38,1.0,<Residue VAL het=  resseq=93 icode= >,1v15_B_A,2.4
725,4.306,VAL, ,O,62.6,3.38,4.306,3.45,1.0,<Residue VAL het=  resseq=93 icode= >,1v15_B_A,2.4
726,0.484,VAL, ,CB,63.29,4.72,0.484,2.26,1.0,<Residue VAL het=  resseq=93 icode= >,1v15_B_A,2.4
727,45.649,VAL, ,CG1,60.33,3.75,24.751,1.69,1.0,<Residue VAL het=  resseq=93 icode= >,1v15_B_A,2.4
728,8.629,VAL, ,CG2,63.44,5.33,0.0,0.16,1.0,<Residue VAL het=  resseq=93 icode= >,1v15_B_A,2.4
729,11.582,GLY, ,N,63.2,4.39,0.0,2.69,1.0,<Residue GLY het=  resseq=94 icode= >,1v15_B_A,2.4
730,43.343,GLY, ,CA,63.52,3.34,11.101,1.64,1.0,<Residue GLY het=  resseq=94 icode= >,1v15_B_A,2.4
731,4.422,GLY, ,C,63.52,3.60,0.0,3.24,1.0,<Residue GLY het=  resseq=94 icode= >,1v15_B_A,2.4
732,5.337,GLY, ,O,63.95,4.84,0.0,1.99,1.0,<Residue GLY het=  resseq=94 icode= >,1v15_B_A,2.4
733,14.272,GLY, ,N,63.2,2.86,11.397,2.99,1.0,<Residue GLY het=  resseq=95 icode= >,1v15_B_A,2.4
734,28.692,GLY, ,CA,63.31,3.72,13.117,2.18,1.0,<Residue GLY het=  resseq=95 icode= >,1v15_B_A,2.4
735,3.334,GLY, ,C,63.25,3.96,3.334,4.61,1.0,<Residue GLY het=  resseq=95 icode= >,1v15_B_A,2.4
736,24.884,GLY, ,O,62.85,3.95,7.066,2.59,1.0,<Residue GLY het=  resseq=95 icode= >,1v15_B_A,2.4
737,0.959,ARG, ,N,64.58,4.18,0.959,2.77,1.0,<Residue ARG het=  resseq=96 icode= >,1v15_B_A,2.4
738,2.17,ARG, ,CA,64.97,5.20,0.0,2.95,1.0,<Residue ARG het=  resseq=96 icode= >,1v15_B_A,2.4
739,0.0,ARG, ,C,64.96,6.26,0.0,3.25,1.0,<Residue ARG het=  resseq=96 icode= >,1v15_B_A,2.4
740,0.0,ARG, ,O,66.05,6.19,0.0,1.89,1.0,<Residue ARG het=  resseq=96 icode= >,1v15_B_A,2.4
741,0.55,ARG, ,CB,65.33,4.65,0.0,1.97,1.0,<Residue ARG het=  resseq=96 icode= >,1v15_B_A,2.4
742,22.632,ARG, ,CG,65.25,4.38,13.17,1.51,1.0,<Residue ARG het=  resseq=96 icode= >,1v15_B_A,2.4
743,30.589,ARG, ,CD,67.88,3.49,30.589,1.92,1.0,<Residue ARG het=  resseq=96 icode= >,1v15_B_A,2.4
744,3.406,ARG, ,NE,71.8,4.27,3.322,2.25,1.0,<Residue ARG het=  resseq=96 icode= >,1v15_B_A,2.4
745,4.258,ARG, ,CZ,72.95,4.23,4.258,2.35,1.0,<Residue ARG het=  resseq=96 icode= >,1v15_B_A,2.4
746,37.439,ARG, ,NH1,72.62,3.04,34.472,0.67,1.0,<Residue ARG het=  resseq=96 icode= >,1v15_B_A,2.4
747,14.149,ARG, ,NH2,72.31,4.53,7.612,0.99,1.0,<Residue ARG het=  resseq=96 icode= >,1v15_B_A,2.4
748,2.249,LYS, ,N,64.68,7.44,0.0,2.70,1.0,<Residue LYS het=  resseq=97 icode= >,1v15_B_A,2.4
749,0.0,LYS, ,CA,64.19,6.71,0.0,2.60,1.0,<Residue LYS het=  resseq=97 icode= >,1v15_B_A,2.4
750,0.0,LYS, ,C,64.16,6.66,0.0,2.81,1.0,<Residue LYS het=  resseq=97 icode= >,1v15_B_A,2.4
751,0.0,LYS, ,O,64.21,5.76,0.0,1.66,1.0,<Residue LYS het=  resseq=97 icode= >,1v15_B_A,2.4
752,2.056,LYS, ,CB,64.2,5.38,0.0,2.97,1.0,<Residue LYS het=  resseq=97 icode= >,1v15_B_A,2.4
753,0.0,LYS, ,CG,63.02,5.34,0.0,2.53,1.0,<Residue LYS het=  resseq=97 icode= >,1v15_B_A,2.4
754,15.546,LYS, ,CD,61.2,4.63,4.682,2.06,1.0,<Residue LYS het=  resseq=97 icode= >,1v15_B_A,2.4
755,20.817,LYS, ,CE,65.26,5.19,0.167,1.31,1.0,<Residue LYS het=  resseq=97 icode= >,1v15_B_A,2.4
756,48.723,LYS, ,NZ,65.88,4.77,3.747,1.61,1.0,<Residue LYS het=  resseq=97 icode= >,1v15_B_A,2.4
757,0.178,VAL, ,N,63.32,6.47,0.0,2.98,1.0,<Residue VAL het=  resseq=98 icode= >,1v15_B_A,2.4
758,0.0,VAL, ,CA,62.89,6.18,0.0,3.47,1.0,<Residue VAL het=  resseq=98 icode= >,1v15_B_A,2.4
759,0.0,VAL, ,C,63.43,5.83,0.0,3.45,1.0,<Residue VAL het=  resseq=98 icode= >,1v15_B_A,2.4
760,0.191,VAL, ,O,64.87,5.41,0.0,2.26,1.0,<Residue VAL het=  resseq=98 icode= >,1v15_B_A,2.4
761,0.0,VAL, ,CB,62.73,4.99,0.0,2.50,1.0,<Residue VAL het=  resseq=98 icode= >,1v15_B_A,2.4
762,12.094,VAL, ,CG1,61.25,5.25,2.313,1.62,1.0,<Residue VAL het=  resseq=98 icode= >,1v15_B_A,2.4
763,39.547,VAL, ,CG2,60.74,3.81,27.469,0.87,1.0,<Residue VAL het=  resseq=98 icode= >,1v15_B_A,2.4
764,0.0,TYR, ,N,63.55,6.24,0.0,2.00,1.0,<Residue TYR het=  resseq=99 icode= >,1v15_B_A,2.4
765,0.0,TYR, ,CA,62.98,6.19,0.0,2.27,1.0,<Residue TYR het=  resseq=99 icode= >,1v15_B_A,2.4
766,0.0,TYR, ,C,63.45,4.88,0.0,4.10,1.0,<Residue TYR het=  resseq=99 icode= >,1v15_B_A,2.4
767,5.583,TYR, ,O,63.15,3.81,5.411,2.83,1.0,<Residue TYR het=  resseq=99 icode= >,1v15_B_A,2.4
768,0.0,TYR, ,CB,62.28,6.88,0.0,1.57,1.0,<Residue TYR het=  resseq=99 icode= >,1v15_B_A,2.4
769,0.0,TYR, ,CG,60.93,6.83,0.0,2.85,1.0,<Residue TYR het=  resseq=99 icode= >,1v15_B_A,2.4
770,0.0,TYR, ,CD1,58.38,5.87,0.0,3.00,1.0,<Residue TYR het=  resseq=99 icode= >,1v15_B_A,2.4
771,0.0,TYR, ,CD2,60.76,6.55,0.0,1.58,1.0,<Residue TYR het=  resseq=99 icode= >,1v15_B_A,2.4
772,0.548,TYR, ,CE1,59.15,4.58,0.548,2.56,1.0,<Residue TYR het=  resseq=99 icode= >,1v15_B_A,2.4
773,0.0,TYR, ,CE2,60.04,5.37,0.0,2.00,1.0,<Residue TYR het=  resseq=99 icode= >,1v15_B_A,2.4
774,0.0,TYR, ,CZ,61.09,4.27,0.0,2.02,1.0,<Residue TYR het=  resseq=99 icode= >,1v15_B_A,2.4
775,9.838,TYR, ,OH,62.27,3.05,9.472,1.09,1.0,<Residue TYR het=  resseq=99 icode= >,1v15_B_A,2.4
776,0.0,GLU, ,N,63.73,4.71,0.0,3.82,1.0,<Residue GLU het=  resseq=100 icode= >,1v15_B_A,2.4
777,3.175,GLU, ,CA,64.31,3.60,3.175,3.74,1.0,<Residue GLU het=  resseq=100 icode= >,1v15_B_A,2.4
778,0.0,GLU, ,C,64.62,3.77,0.0,3.19,1.0,<Residue GLU het=  resseq=100 icode= >,1v15_B_A,2.4
779,0.0,GLU, ,O,64.68,4.99,0.0,2.42,1.0,<Residue GLU het=  resseq=100 icode= >,1v15_B_A,2.4
780,5.21,GLU, ,CB,63.3,3.73,5.21,1.95,1.0,<Residue GLU het=  resseq=100 icode= >,1v15_B_A,2.4
781,10.978,GLU, ,CG,64.36,3.98,10.94,0.87,1.0,<Residue GLU het=  resseq=100 icode= >,1v15_B_A,2.4
782,5.997,GLU, ,CD,64.81,4.00,5.997,2.56,1.0,<Residue GLU het=  resseq=100 icode= >,1v15_B_A,2.4
783,0.406,GLU, ,OE1,63.72,3.99,0.406,2.11,1.0,<Residue GLU het=  resseq=100 icode= >,1v15_B_A,2.4
784,5.622,GLU, ,OE2,63.48,4.23,3.103,1.87,1.0,<Residue GLU het=  resseq=100 icode= >,1v15_B_A,2.4
785,5.14,LEU, ,N,64.97,2.93,5.14,2.63,1.0,<Residue LEU het=  resseq=101 icode= >,1v15_B_A,2.4
786,0.0,LEU, ,CA,64.64,3.83,0.0,3.17,1.0,<Residue LEU het=  resseq=101 icode= >,1v15_B_A,2.4
787,1.419,LEU, ,C,64.99,3.95,1.419,4.25,1.0,<Residue LEU het=  resseq=101 icode= >,1v15_B_A,2.4
788,7.162,LEU, ,O,65.12,3.50,6.334,3.22,1.0,<Residue LEU het=  resseq=101 icode= >,1v15_B_A,2.4
789,0.58,LEU, ,CB,64.62,3.70,0.58,1.94,1.0,<Residue LEU het=  resseq=101 icode= >,1v15_B_A,2.4
790,0.779,LEU, ,CG,64.89,3.60,0.731,1.91,1.0,<Residue LEU het=  resseq=101 icode= >,1v15_B_A,2.4
791,0.143,LEU, ,CD1,61.9,3.79,0.143,1.14,1.0,<Residue LEU het=  resseq=101 icode= >,1v15_B_A,2.4
792,0.0,LEU, ,CD2,62.25,5.00,0.0,0.67,1.0,<Residue LEU het=  resseq=101 icode= >,1v15_B_A,2.4
793,0.0,HIS, ,N,65.29,4.17,0.0,2.20,1.0,<Residue HIS het=  resseq=102 icode= >,1v15_B_A,2.4
794,1.825,HIS, ,CA,65.38,3.18,1.825,1.94,1.0,<Residue HIS het=  resseq=102 icode= >,1v15_B_A,2.4
795,0.0,HIS, ,C,65.48,3.62,0.0,3.19,1.0,<Residue HIS het=  resseq=102 icode= >,1v15_B_A,2.4
796,0.0,HIS, ,O,65.7,4.84,0.0,1.47,1.0,<Residue HIS het=  resseq=102 icode= >,1v15_B_A,2.4
797,0.0,HIS, ,CB,65.31,3.90,0.0,0.59,1.0,<Residue HIS het=  resseq=102 icode= >,1v15_B_A,2.4
798,0.0,HIS, ,CG,65.67,4.09,0.0,1.43,1.0,<Residue HIS het=  resseq=102 icode= >,1v15_B_A,2.4
799,0.582,HIS, ,ND1,65.9,3.48,0.582,1.99,1.0,<Residue HIS het=  resseq=102 icode= >,1v15_B_A,2.4
800,0.0,HIS, ,CD2,65.68,5.31,0.0,1.10,1.0,<Residue HIS het=  resseq=102 icode= >,1v15_B_A,2.4
801,3.253,HIS, ,CE1,66.51,4.53,0.0,1.56,1.0,<Residue HIS het=  resseq=102 icode= >,1v15_B_A,2.4
802,0.957,HIS, ,NE2,65.14,5.51,0.0,2.05,1.0,<Residue HIS het=  resseq=102 icode= >,1v15_B_A,2.4
803,4.542,ALA, ,N,65.17,3.08,4.542,3.07,1.0,<Residue ALA het=  resseq=103 icode= >,1v15_B_A,2.4
804,0.0,ALA, ,CA,65.22,4.22,0.0,3.37,1.0,<Residue ALA het=  resseq=103 icode= >,1v15_B_A,2.4
805,0.0,ALA, ,C,65.64,4.91,0.0,1.86,1.0,<Residue ALA het=  resseq=103 icode= >,1v15_B_A,2.4
806,3.237,ALA, ,O,65.7,4.62,0.225,1.71,1.0,<Residue ALA het=  resseq=103 icode= >,1v15_B_A,2.4
807,28.4,ALA, ,CB,64.83,4.05,10.788,1.85,1.0,<Residue ALA het=  resseq=103 icode= >,1v15_B_A,2.4
808,0.0,ASP, ,N,65.74,6.16,0.0,0.83,1.0,<Residue ASP het=  resseq=104 icode= >,1v15_B_A,2.4
809,0.0,ASP, ,CA,66.2,7.17,0.0,1.77,1.0,<Residue ASP het=  resseq=104 icode= >,1v15_B_A,2.4
810,0.702,ASP, ,C,66.2,7.63,0.0,3.55,1.0,<Residue ASP het=  resseq=104 icode= >,1v15_B_A,2.4
811,17.365,ASP, ,O,66.63,7.66,0.0,1.51,1.0,<Residue ASP het=  resseq=104 icode= >,1v15_B_A,2.4
812,1.549,ASP, ,CB,66.11,8.47,0.0,1.37,1.0,<Residue ASP het=  resseq=104 icode= >,1v15_B_A,2.4
813,5.374,ASP, ,CG,66.85,9.52,0.0,1.85,1.0,<Residue ASP het=  resseq=104 icode= >,1v15_B_A,2.4
814,14.157,ASP, ,OD1,67.46,9.36,0.0,1.73,1.0,<Residue ASP het=  resseq=104 icode= >,1v15_B_A,2.4
815,40.896,ASP, ,OD2,67.04,10.69,0.0,1.10,1.0,<Residue ASP het=  resseq=104 icode= >,1v15_B_A,2.4
816,0.495,LYS, ,N,66.28,8.30,0.0,3.21,1.0,<Residue LYS het=  resseq=105 icode= >,1v15_B_A,2.4
817,2.684,LYS, ,CA,66.45,8.81,0.0,2.60,1.0,<Residue LYS het=  resseq=105 icode= >,1v15_B_A,2.4
818,0.0,LYS, ,C,66.64,7.61,0.0,2.69,1.0,<Residue LYS het=  resseq=105 icode= >,1v15_B_A,2.4
819,0.339,LYS, ,O,66.67,7.05,0.0,2.22,1.0,<Residue LYS het=  resseq=105 icode= >,1v15_B_A,2.4
820,8.686,LYS, ,CB,66.53,9.99,0.0,1.26,1.0,<Residue LYS het=  resseq=105 icode= >,1v15_B_A,2.4
821,9.542,LYS, ,CG,66.47,10.16,0.0,1.45,1.0,<Residue LYS het=  resseq=105 icode= >,1v15_B_A,2.4
822,17.023,LYS, ,CD,67.01,11.32,0.0,1.35,1.0,<Residue LYS het=  resseq=105 icode= >,1v15_B_A,2.4
823,17.372,LYS, ,CE,68.29,11.81,0.0,0.36,1.0,<Residue LYS het=  resseq=105 icode= >,1v15_B_A,2.4
824,48.128,LYS, ,NZ,68.92,12.92,0.0,0.08,1.0,<Residue LYS het=  resseq=105 icode= >,1v15_B_A,2.4
825,0.0,PRO, ,N,66.69,6.66,0.0,2.41,1.0,<Residue PRO het=  resseq=106 icode= >,1v15_B_A,2.4
826,4.37,PRO, ,CA,66.88,5.40,0.0,2.38,1.0,<Residue PRO het=  resseq=106 icode= >,1v15_B_A,2.4
827,0.0,PRO, ,C,67.17,5.82,0.0,2.42,1.0,<Residue PRO het=  resseq=106 icode= >,1v15_B_A,2.4
828,0.0,PRO, ,O,67.34,6.87,0.0,1.12,1.0,<Residue PRO het=  resseq=106 icode= >,1v15_B_A,2.4
829,13.16,PRO, ,CB,66.73,4.59,8.728,1.65,1.0,<Residue PRO het=  resseq=106 icode= >,1v15_B_A,2.4
830,29.594,PRO, ,CG,66.55,5.46,0.0,1.04,1.0,<Residue PRO het=  resseq=106 icode= >,1v15_B_A,2.4
831,9.257,PRO, ,CD,66.87,6.79,0.0,0.91,1.0,<Residue PRO het=  resseq=106 icode= >,1v15_B_A,2.4
832,3.577,ILE, ,N,67.54,5.30,0.986,1.78,1.0,<Residue ILE het=  resseq=107 icode= >,1v15_B_A,2.4
833,0.0,ILE, ,CA,67.77,5.97,0.0,1.98,1.0,<Residue ILE het=  resseq=107 icode= >,1v15_B_A,2.4
834,0.0,ILE, ,C,67.7,6.19,0.0,2.39,1.0,<Residue ILE het=  resseq=107 icode= >,1v15_B_A,2.4
835,11.988,ILE, ,O,67.82,7.39,0.0,1.34,1.0,<Residue ILE het=  resseq=107 icode= >,1v15_B_A,2.4
836,7.122,ILE, ,CB,67.78,5.15,6.522,1.94,1.0,<Residue ILE het=  resseq=107 icode= >,1v15_B_A,2.4
837,6.95,ILE, ,CG1,67.1,5.64,0.0,2.09,1.0,<Residue ILE het=  resseq=107 icode= >,1v15_B_A,2.4
838,17.925,ILE, ,CG2,68.62,5.55,1.113,0.79,1.0,<Residue ILE het=  resseq=107 icode= >,1v15_B_A,2.4
839,26.236,ILE, ,CD1,67.69,5.15,7.615,1.07,1.0,<Residue ILE het=  resseq=107 icode= >,1v15_B_A,2.4
840,0.207,SER, ,N,67.56,5.26,0.188,2.32,1.0,<Residue SER het=  resseq=108 icode= >,1v15_B_A,2.4
841,9.856,SER, ,CA,67.49,5.83,0.0,1.47,1.0,<Residue SER het=  resseq=108 icode= >,1v15_B_A,2.4
842,0.696,SER, ,C,67.39,6.94,0.0,1.98,1.0,<Residue SER het=  resseq=108 icode= >,1v15_B_A,2.4
843,29.174,SER, ,O,67.35,7.91,0.0,1.40,1.0,<Residue SER het=  resseq=108 icode= >,1v15_B_A,2.4
844,41.013,SER, ,CB,67.59,4.96,1.149,0.39,1.0,<Residue SER het=  resseq=108 icode= >,1v15_B_A,2.4
845,19.279,SER, ,OG,67.3,3.88,9.982,0.82,1.0,<Residue SER het=  resseq=108 icode= >,1v15_B_A,2.4
846,0.0,GLN, ,N,67.37,7.03,0.0,1.61,1.0,<Residue GLN het=  resseq=109 icode= >,1v15_B_A,2.4
847,3.179,GLN, ,CA,67.39,8.26,0.0,1.11,1.0,<Residue GLN het=  resseq=109 icode= >,1v15_B_A,2.4
848,2.507,GLN, ,C,67.41,9.37,0.0,1.51,1.0,<Residue GLN het=  resseq=109 icode= >,1v15_B_A,2.4
849,24.001,GLN, ,O,67.34,10.54,0.0,0.53,1.0,<Residue GLN het=  resseq=109 icode= >,1v15_B_A,2.4
850,3.271,GLN, ,CB,67.31,8.20,0.0,0.91,1.0,<Residue GLN het=  resseq=109 icode= >,1v15_B_A,2.4
851,9.322,GLN, ,CG,67.42,7.52,0.0,0.44,1.0,<Residue GLN het=  resseq=109 icode= >,1v15_B_A,2.4
852,6.867,GLN, ,CD,67.63,8.47,0.0,1.64,1.0,<Residue GLN het=  resseq=109 icode= >,1v15_B_A,2.4
853,36.622,GLN, ,OE1,67.74,9.68,0.0,0.93,1.0,<Residue GLN het=  resseq=109 icode= >,1v15_B_A,2.4
854,48.887,GLN, ,NE2,68.06,8.10,0.0,0.83,1.0,<Residue GLN het=  resseq=109 icode= >,1v15_B_A,2.4
855,0.171,GLY, ,N,67.24,9.17,0.0,1.84,1.0,<Residue GLY het=  resseq=110 icode= >,1v15_B_A,2.4
856,25.527,GLY, ,CA,67.31,10.37,0.0,1.69,1.0,<Residue GLY het=  resseq=110 icode= >,1v15_B_A,2.4
857,1.401,GLY, ,C,67.45,10.48,0.0,1.76,1.0,<Residue GLY het=  resseq=110 icode= >,1v15_B_A,2.4
858,21.566,GLY, ,O,67.5,11.56,0.0,0.72,1.0,<Residue GLY het=  resseq=110 icode= >,1v15_B_A,2.4
859,0.0,GLY, ,N,67.6,9.51,0.0,0.65,1.0,<Residue GLY het=  resseq=111 icode= >,1v15_B_A,2.4
860,3.619,GLY, ,CA,67.36,9.32,0.0,1.24,1.0,<Residue GLY het=  resseq=111 icode= >,1v15_B_A,2.4
861,1.021,GLY, ,C,67.23,9.23,0.0,2.11,1.0,<Residue GLY het=  resseq=111 icode= >,1v15_B_A,2.4
862,7.894,GLY, ,O,67.28,9.02,0.0,1.21,1.0,<Residue GLY het=  resseq=111 icode= >,1v15_B_A,2.4
863,1.087,GLU, ,N,67.16,9.69,0.0,0.71,1.0,<Residue GLU het=  resseq=112 icode= >,1v15_B_A,2.4
864,5.31,GLU, ,CA,66.72,9.97,0.0,1.42,1.0,<Residue GLU het=  resseq=112 icode= >,1v15_B_A,2.4
865,0.822,GLU, ,C,66.18,8.97,0.0,3.00,1.0,<Residue GLU het=  resseq=112 icode= >,1v15_B_A,2.4
866,1.376,GLU, ,O,66.1,8.56,0.0,2.05,1.0,<Residue GLU het=  resseq=112 icode= >,1v15_B_A,2.4
867,8.924,GLU, ,CB,66.79,11.35,0.0,0.35,1.0,<Residue GLU het=  resseq=112 icode= >,1v15_B_A,2.4
868,23.055,GLU, ,CG,67.29,12.51,0.0,0.03,1.0,<Residue GLU het=  resseq=112 icode= >,1v15_B_A,2.4
869,13.193,GLU, ,CD,67.29,13.87,0.0,1.24,1.0,<Residue GLU het=  resseq=112 icode= >,1v15_B_A,2.4
870,18.15,GLU, ,OE1,67.42,14.09,0.0,0.55,1.0,<Residue GLU het=  resseq=112 icode= >,1v15_B_A,2.4
871,41.835,GLU, ,OE2,67.6,14.82,0.0,0.71,1.0,<Residue GLU het=  resseq=112 icode= >,1v15_B_A,2.4
872,4.635,VAL, ,N,65.64,8.83,0.0,2.29,1.0,<Residue VAL het=  resseq=113 icode= >,1v15_B_A,2.4
873,5.489,VAL, ,CA,64.67,8.01,0.0,3.49,1.0,<Residue VAL het=  resseq=113 icode= >,1v15_B_A,2.4
874,0.0,VAL, ,C,64.64,8.46,0.0,2.82,1.0,<Residue VAL het=  resseq=113 icode= >,1v15_B_A,2.4
875,3.044,VAL, ,O,64.65,7.76,0.0,1.04,1.0,<Residue VAL het=  resseq=113 icode= >,1v15_B_A,2.4
876,2.992,VAL, ,CB,64.81,8.40,0.0,2.79,1.0,<Residue VAL het=  resseq=113 icode= >,1v15_B_A,2.4
877,1.573,VAL, ,CG1,63.7,8.09,0.0,2.15,1.0,<Residue VAL het=  resseq=113 icode= >,1v15_B_A,2.4
878,7.529,VAL, ,CG2,64.5,8.06,0.0,1.48,1.0,<Residue VAL het=  resseq=113 icode= >,1v15_B_A,2.4
879,1.148,TYR, ,N,64.39,9.78,0.0,2.42,1.0,<Residue TYR het=  resseq=114 icode= >,1v15_B_A,2.4
880,0.0,TYR, ,CA,64.33,10.58,0.0,2.13,1.0,<Residue TYR het=  resseq=114 icode= >,1v15_B_A,2.4
881,0.73,TYR, ,C,64.3,11.24,0.0,2.97,1.0,<Residue TYR het=  resseq=114 icode= >,1v15_B_A,2.4
882,0.0,TYR, ,O,64.21,12.28,0.0,2.11,1.0,<Residue TYR het=  resseq=114 icode= >,1v15_B_A,2.4
883,1.719,TYR, ,CB,63.98,11.78,0.0,1.80,1.0,<Residue TYR het=  resseq=114 icode= >,1v15_B_A,2.4
884,0.0,TYR, ,CG,63.86,11.31,0.0,2.01,1.0,<Residue TYR het=  resseq=114 icode= >,1v15_B_A,2.4
885,7.741,TYR, ,CD1,63.46,11.68,0.0,2.12,1.0,<Residue TYR het=  resseq=114 icode= >,1v15_B_A,2.4
886,0.0,TYR, ,CD2,63.98,10.47,0.0,1.42,1.0,<Residue TYR het=  resseq=114 icode= >,1v15_B_A,2.4
887,3.542,TYR, ,CE1,63.61,11.65,0.0,2.20,1.0,<Residue TYR het=  resseq=114 icode= >,1v15_B_A,2.4
888,0.0,TYR, ,CE2,62.91,10.21,0.0,1.74,1.0,<Residue TYR het=  resseq=114 icode= >,1v15_B_A,2.4
889,0.0,TYR, ,CZ,64.22,10.83,0.0,2.32,1.0,<Residue TYR het=  resseq=114 icode= >,1v15_B_A,2.4
890,0.0,TYR, ,OH,63.45,10.86,0.0,0.79,1.0,<Residue TYR het=  resseq=114 icode= >,1v15_B_A,2.4
891,0.136,ASP, ,N,64.14,10.83,0.0,2.63,1.0,<Residue ASP het=  resseq=115 icode= >,1v15_B_A,2.4
892,0.0,ASP, ,CA,64.3,11.62,0.0,3.25,1.0,<Residue ASP het=  resseq=115 icode= >,1v15_B_A,2.4
893,0.0,ASP, ,C,64.43,11.30,0.0,3.06,1.0,<Residue ASP het=  resseq=115 icode= >,1v15_B_A,2.4
894,0.0,ASP, ,O,64.25,10.34,0.0,0.90,1.0,<Residue ASP het=  resseq=115 icode= >,1v15_B_A,2.4
895,0.383,ASP, ,CB,64.31,11.76,0.0,1.57,1.0,<Residue ASP het=  resseq=115 icode= >,1v15_B_A,2.4
896,5.945,ASP, ,CG,65.11,12.68,0.0,1.69,1.0,<Residue ASP het=  resseq=115 icode= >,1v15_B_A,2.4
897,4.461,ASP, ,OD1,67.56,13.66,0.0,0.94,1.0,<Residue ASP het=  resseq=115 icode= >,1v15_B_A,2.4
898,18.527,ASP, ,OD2,64.17,12.65,0.0,0.66,1.0,<Residue ASP het=  resseq=115 icode= >,1v15_B_A,2.4
899,0.0,MET, ,N,64.55,12.26,0.0,3.05,1.0,<Residue MET het=  resseq=116 icode= >,1v15_B_A,2.4
900,0.0,MET, ,CA,64.89,12.29,0.0,2.26,1.0,<Residue MET het=  resseq=116 icode= >,1v15_B_A,2.4
901,0.0,MET, ,C,65.38,12.42,0.0,1.90,1.0,<Residue MET het=  resseq=116 icode= >,1v15_B_A,2.4
902,1.577,MET, ,O,65.81,12.16,0.0,1.18,1.0,<Residue MET het=  resseq=116 icode= >,1v15_B_A,2.4
903,0.0,MET, ,CB,64.74,12.69,0.0,2.29,1.0,<Residue MET het=  resseq=116 icode= >,1v15_B_A,2.4
904,0.0,MET, ,CG,64.58,12.29,0.0,2.64,1.0,<Residue MET het=  resseq=116 icode= >,1v15_B_A,2.4
905,0.0,MET, ,SD,65.22,12.98,0.0,2.97,1.0,<Residue MET het=  resseq=116 icode= >,1v15_B_A,2.4
906,0.0,MET, ,CE,64.22,14.64,0.0,1.03,1.0,<Residue MET het=  resseq=116 icode= >,1v15_B_A,2.4
907,0.0,ASP, ,N,65.27,12.94,0.0,1.91,1.0,<Residue ASP het=  resseq=117 icode= >,1v15_B_A,2.4
908,4.129,ASP, ,CA,65.44,13.08,0.0,1.43,1.0,<Residue ASP het=  resseq=117 icode= >,1v15_B_A,2.4
909,1.374,ASP, ,C,65.52,11.85,0.0,1.79,1.0,<Residue ASP het=  resseq=117 icode= >,1v15_B_A,2.4
910,17.138,ASP, ,O,65.55,11.80,0.0,0.94,1.0,<Residue ASP het=  resseq=117 icode= >,1v15_B_A,2.4
911,23.528,ASP, ,CB,64.94,14.34,0.0,0.68,1.0,<Residue ASP het=  resseq=117 icode= >,1v15_B_A,2.4
912,5.511,ASP, ,CG,65.01,15.59,0.0,1.75,1.0,<Residue ASP het=  resseq=117 icode= >,1v15_B_A,2.4
913,3.667,ASP, ,OD1,63.52,15.83,0.0,2.47,1.0,<Residue ASP het=  resseq=117 icode= >,1v15_B_A,2.4
914,12.4,ASP, ,OD2,66.03,16.48,0.0,0.67,1.0,<Residue ASP het=  resseq=117 icode= >,1v15_B_A,2.4
915,0.0,ASN, ,N,65.7,11.00,0.0,1.70,1.0,<Residue ASN het=  resseq=118 icode= >,1v15_B_A,2.4
916,3.53,ASN, ,CA,66.22,9.83,0.0,2.16,1.0,<Residue ASN het=  resseq=118 icode= >,1v15_B_A,2.4
917,0.0,ASN, ,C,66.68,8.60,0.0,2.13,1.0,<Residue ASN het=  resseq=118 icode= >,1v15_B_A,2.4
918,0.0,ASN, ,O,67.01,7.74,0.0,1.09,1.0,<Residue ASN het=  resseq=118 icode= >,1v15_B_A,2.4
919,3.271,ASN, ,CB,66.06,9.50,0.0,1.68,1.0,<Residue ASN het=  resseq=118 icode= >,1v15_B_A,2.4
920,0.4,ASN, ,CG,65.8,8.75,0.0,2.68,1.0,<Residue ASN het=  resseq=118 icode= >,1v15_B_A,2.4
921,8.145,ASN, ,OD1,66.4,9.42,0.0,1.12,1.0,<Residue ASN het=  resseq=118 icode= >,1v15_B_A,2.4
922,0.727,ASN, ,ND2,64.46,7.50,0.0,1.77,1.0,<Residue ASN het=  resseq=118 icode= >,1v15_B_A,2.4
923,0.0,ILE, ,N,67.12,8.74,0.0,2.30,1.0,<Residue ILE het=  resseq=119 icode= >,1v15_B_A,2.4
924,0.0,ILE, ,CA,67.14,7.85,0.0,2.69,1.0,<Residue ILE het=  resseq=119 icode= >,1v15_B_A,2.4
925,0.0,ILE, ,C,67.25,8.25,0.0,3.52,1.0,<Residue ILE het=  resseq=119 icode= >,1v15_B_A,2.4
926,0.5,ILE, ,O,67.12,9.44,0.0,2.36,1.0,<Residue ILE het=  resseq=119 icode= >,1v15_B_A,2.4
927,0.0,ILE, ,CB,67.27,8.24,0.0,2.66,1.0,<Residue ILE het=  resseq=119 icode= >,1v15_B_A,2.4
928,1.799,ILE, ,CG1,66.44,7.93,0.0,2.58,1.0,<Residue ILE het=  resseq=119 icode= >,1v15_B_A,2.4
929,0.0,ILE, ,CG2,67.41,7.39,0.0,1.30,1.0,<Residue ILE het=  resseq=119 icode= >,1v15_B_A,2.4
930,0.0,ILE, ,CD1,66.41,8.42,0.0,1.11,1.0,<Residue ILE het=  resseq=119 icode= >,1v15_B_A,2.4
931,0.0,ARG, ,N,67.71,7.39,0.0,2.30,1.0,<Residue ARG het=  resseq=120 icode= >,1v15_B_A,2.4
932,0.0,ARG, ,CA,67.8,8.04,0.0,2.53,1.0,<Residue ARG het=  resseq=120 icode= >,1v15_B_A,2.4
933,0.0,ARG, ,C,67.79,7.78,0.0,3.95,1.0,<Residue ARG het=  resseq=120 icode= >,1v15_B_A,2.4
934,0.0,ARG, ,O,67.74,6.69,0.0,2.00,1.0,<Residue ARG het=  resseq=120 icode= >,1v15_B_A,2.4
935,0.0,ARG, ,CB,68.57,7.98,0.0,0.54,1.0,<Residue ARG het=  resseq=120 icode= >,1v15_B_A,2.4
936,0.0,ARG, ,CG,69.41,8.21,0.0,0.45,1.0,<Residue ARG het=  resseq=120 icode= >,1v15_B_A,2.4
937,1.795,ARG, ,CD,71.21,9.58,0.0,0.27,1.0,<Residue ARG het=  resseq=120 icode= >,1v15_B_A,2.4
938,0.31,ARG, ,NE,73.3,10.62,0.0,0.56,1.0,<Residue ARG het=  resseq=120 icode= >,1v15_B_A,2.4
939,3.978,ARG, ,CZ,72.46,11.90,0.0,0.81,1.0,<Residue ARG het=  resseq=120 icode= >,1v15_B_A,2.4
940,22.826,ARG, ,NH1,72.06,12.85,0.0,0.37,1.0,<Residue ARG het=  resseq=120 icode= >,1v15_B_A,2.4
941,22.675,ARG, ,NH2,71.49,12.34,0.0,0.70,1.0,<Residue ARG het=  resseq=120 icode= >,1v15_B_A,2.4
942,0.0,VAL, ,N,67.72,8.33,0.0,2.71,1.0,<Residue VAL het=  resseq=121 icode= >,1v15_B_A,2.4
943,0.0,VAL, ,CA,68.05,7.65,0.0,2.32,1.0,<Residue VAL het=  resseq=121 icode= >,1v15_B_A,2.4
944,0.0,VAL, ,C,68.34,8.28,0.0,2.06,1.0,<Residue VAL het=  resseq=121 icode= >,1v15_B_A,2.4
945,0.0,VAL, ,O,67.93,9.53,0.0,1.39,1.0,<Residue VAL het=  resseq=121 icode= >,1v15_B_A,2.4
946,0.0,VAL, ,CB,68.23,8.05,0.0,2.43,1.0,<Residue VAL het=  resseq=121 icode= >,1v15_B_A,2.4
947,0.0,VAL, ,CG1,67.98,7.62,0.0,1.01,1.0,<Residue VAL het=  resseq=121 icode= >,1v15_B_A,2.4
948,0.445,VAL, ,CG2,67.55,7.85,0.0,1.59,1.0,<Residue VAL het=  resseq=121 icode= >,1v15_B_A,2.4
949,0.0,THR, ,N,67.89,7.59,0.0,1.73,1.0,<Residue THR het=  resseq=122 icode= >,1v15_B_A,2.4
950,0.0,THR, ,CA,67.71,8.43,0.0,2.11,1.0,<Residue THR het=  resseq=122 icode= >,1v15_B_A,2.4
951,0.0,THR, ,C,67.02,8.25,0.0,2.59,1.0,<Residue THR het=  resseq=122 icode= >,1v15_B_A,2.4
952,0.0,THR, ,O,67.68,7.25,0.0,1.12,1.0,<Residue THR het=  resseq=122 icode= >,1v15_B_A,2.4
953,0.0,THR, ,CB,67.82,7.60,0.0,2.78,1.0,<Residue THR het=  resseq=122 icode= >,1v15_B_A,2.4
954,0.0,THR, ,OG1,67.76,6.18,0.0,2.17,1.0,<Residue THR het=  resseq=122 icode= >,1v15_B_A,2.4
955,0.0,THR, ,CG2,68.07,7.52,0.0,0.45,1.0,<Residue THR het=  resseq=122 icode= >,1v15_B_A,2.4
956,0.0,THR, ,N,66.22,9.41,0.0,2.30,1.0,<Residue THR het=  resseq=123 icode= >,1v15_B_A,2.4
957,0.0,THR, ,CA,65.33,9.22,0.0,2.18,1.0,<Residue THR het=  resseq=123 icode= >,1v15_B_A,2.4
958,0.0,THR, ,C,64.39,8.97,0.0,3.12,1.0,<Residue THR het=  resseq=123 icode= >,1v15_B_A,2.4
959,0.0,THR, ,O,64.69,8.60,0.0,2.38,1.0,<Residue THR het=  resseq=123 icode= >,1v15_B_A,2.4
960,0.0,THR, ,CB,65.48,8.52,0.0,2.56,1.0,<Residue THR het=  resseq=123 icode= >,1v15_B_A,2.4
961,0.0,THR, ,OG1,65.04,9.12,0.0,2.10,1.0,<Residue THR het=  resseq=123 icode= >,1v15_B_A,2.4
962,2.821,THR, ,CG2,65.44,7.31,0.0,0.51,1.0,<Residue THR het=  resseq=123 icode= >,1v15_B_A,2.4
963,0.0,PRO, ,N,64.08,8.81,0.0,3.04,1.0,<Residue PRO het=  resseq=124 icode= >,1v15_B_A,2.4
964,0.0,PRO, ,CA,62.92,7.98,0.0,4.08,1.0,<Residue PRO het=  resseq=124 icode= >,1v15_B_A,2.4
965,0.0,PRO, ,C,62.61,7.97,0.0,3.75,1.0,<Residue PRO het=  resseq=124 icode= >,1v15_B_A,2.4
966,0.0,PRO, ,O,62.22,7.46,0.0,3.09,1.0,<Residue PRO het=  resseq=124 icode= >,1v15_B_A,2.4
967,0.0,PRO, ,CB,62.65,7.25,0.0,2.64,1.0,<Residue PRO het=  resseq=124 icode= >,1v15_B_A,2.4
968,0.0,PRO, ,CG,63.4,8.18,0.0,2.07,1.0,<Residue PRO het=  resseq=124 icode= >,1v15_B_A,2.4
969,0.0,PRO, ,CD,63.87,8.62,0.0,1.82,1.0,<Residue PRO het=  resseq=124 icode= >,1v15_B_A,2.4
970,0.0,LYS, ,N,62.65,8.43,0.0,1.91,1.0,<Residue LYS het=  resseq=125 icode= >,1v15_B_A,2.4
971,0.172,LYS, ,CA,62.89,7.95,0.0,2.18,1.0,<Residue LYS het=  resseq=125 icode= >,1v15_B_A,2.4
972,0.0,LYS, ,C,62.72,8.50,0.0,3.31,1.0,<Residue LYS het=  resseq=125 icode= >,1v15_B_A,2.4
973,0.104,LYS, ,O,62.67,7.92,0.0,2.17,1.0,<Residue LYS het=  resseq=125 icode= >,1v15_B_A,2.4
974,0.0,LYS, ,CB,62.52,8.61,0.0,1.28,1.0,<Residue LYS het=  resseq=125 icode= >,1v15_B_A,2.4
975,13.087,LYS, ,CG,63.22,8.26,0.0,1.37,1.0,<Residue LYS het=  resseq=125 icode= >,1v15_B_A,2.4
976,3.82,LYS, ,CD,61.69,9.58,0.0,0.96,1.0,<Residue LYS het=  resseq=125 icode= >,1v15_B_A,2.4
977,38.716,LYS, ,CE,63.49,9.92,0.0,1.51,1.0,<Residue LYS het=  resseq=125 icode= >,1v15_B_A,2.4
978,40.602,LYS, ,NZ,58.3,10.92,0.0,1.99,1.0,<Residue LYS het=  resseq=125 icode= >,1v15_B_A,2.4
979,0.277,ARG, ,N,63.07,9.77,0.0,2.35,1.0,<Residue ARG het=  resseq=126 icode= >,1v15_B_A,2.4
980,1.28,ARG, ,CA,63.57,10.55,0.0,2.22,1.0,<Residue ARG het=  resseq=126 icode= >,1v15_B_A,2.4
981,0.0,ARG, ,C,63.41,9.65,0.0,3.49,1.0,<Residue ARG het=  resseq=126 icode= >,1v15_B_A,2.4
982,0.0,ARG, ,O,62.77,9.59,0.0,1.94,1.0,<Residue ARG het=  resseq=126 icode= >,1v15_B_A,2.4
983,0.203,ARG, ,CB,64.39,11.16,0.0,0.88,1.0,<Residue ARG het=  resseq=126 icode= >,1v15_B_A,2.4
984,0.0,ARG, ,CG,65.29,11.19,0.0,1.03,1.0,<Residue ARG het=  resseq=126 icode= >,1v15_B_A,2.4
985,2.674,ARG, ,CD,67.59,12.17,0.0,0.95,1.0,<Residue ARG het=  resseq=126 icode= >,1v15_B_A,2.4
986,0.0,ARG, ,NE,70.43,12.27,0.0,0.88,1.0,<Residue ARG het=  resseq=126 icode= >,1v15_B_A,2.4
987,1.78,ARG, ,CZ,73.79,12.95,0.0,1.10,1.0,<Residue ARG het=  resseq=126 icode= >,1v15_B_A,2.4
988,30.079,ARG, ,NH1,73.62,13.86,0.0,0.57,1.0,<Residue ARG het=  resseq=126 icode= >,1v15_B_A,2.4
989,30.728,ARG, ,NH2,76.41,12.01,0.0,0.31,1.0,<Residue ARG het=  resseq=126 icode= >,1v15_B_A,2.4
990,0.0,HIS, ,N,63.44,8.73,0.0,2.36,1.0,<Residue HIS het=  resseq=127 icode= >,1v15_B_A,2.4
991,0.0,HIS, ,CA,63.51,7.38,0.0,2.39,1.0,<Residue HIS het=  resseq=127 icode= >,1v15_B_A,2.4
992,0.351,HIS, ,C,63.38,7.58,0.0,3.24,1.0,<Residue HIS het=  resseq=127 icode= >,1v15_B_A,2.4
993,0.0,HIS, ,O,63.73,7.06,0.0,1.95,1.0,<Residue HIS het=  resseq=127 icode= >,1v15_B_A,2.4
994,0.0,HIS, ,CB,63.54,6.49,0.0,1.74,1.0,<Residue HIS het=  resseq=127 icode= >,1v15_B_A,2.4
995,0.072,HIS, ,CG,63.91,5.14,0.0,3.60,1.0,<Residue HIS het=  resseq=127 icode= >,1v15_B_A,2.4
996,0.273,HIS, ,ND1,66.48,4.13,0.0,2.94,1.0,<Residue HIS het=  resseq=127 icode= >,1v15_B_A,2.4
997,0.0,HIS, ,CD2,64.58,4.33,0.0,2.92,1.0,<Residue HIS het=  resseq=127 icode= >,1v15_B_A,2.4
998,25.242,HIS, ,CE1,64.7,3.28,22.159,2.78,1.0,<Residue HIS het=  resseq=127 icode= >,1v15_B_A,2.4
999,1.455,HIS, ,NE2,65.28,3.11,1.455,4.33,1.0,<Residue HIS het=  resseq=127 icode= >,1v15_B_A,2.4
1000,0.0,ILE, ,N,63.5,6.86,0.0,2.61,1.0,<Residue ILE het=  resseq=128 icode= >,1v15_B_A,2.4
1001,2.961,ILE, ,CA,63.47,5.66,0.0,2.96,1.0,<Residue ILE het=  resseq=128 icode= >,1v15_B_A,2.4
1002,0.0,ILE, ,C,64.0,6.26,0.0,3.05,1.0,<Residue ILE het=  resseq=128 icode= >,1v15_B_A,2.4
1003,0.042,ILE, ,O,64.13,5.86,0.0,2.08,1.0,<Residue ILE het=  resseq=128 icode= >,1v15_B_A,2.4
1004,0.052,ILE, ,CB,63.19,4.62,0.0,2.07,1.0,<Residue ILE het=  resseq=128 icode= >,1v15_B_A,2.4
1005,0.0,ILE, ,CG1,63.79,4.79,0.0,1.86,1.0,<Residue ILE het=  resseq=128 icode= >,1v15_B_A,2.4
1006,15.037,ILE, ,CG2,62.64,3.33,11.932,0.83,1.0,<Residue ILE het=  resseq=128 icode= >,1v15_B_A,2.4
1007,18.232,ILE, ,CD1,58.79,3.96,14.223,1.51,1.0,<Residue ILE het=  resseq=128 icode= >,1v15_B_A,2.4
1008,0.0,ASP, ,N,64.31,7.25,0.0,2.12,1.0,<Residue ASP het=  resseq=129 icode= >,1v15_B_A,2.4
1009,0.706,ASP, ,CA,64.75,7.80,0.0,1.79,1.0,<Residue ASP het=  resseq=129 icode= >,1v15_B_A,2.4
1010,0.0,ASP, ,C,64.44,7.96,0.0,2.34,1.0,<Residue ASP het=  resseq=129 icode= >,1v15_B_A,2.4
1011,4.728,ASP, ,O,64.14,7.57,0.0,1.50,1.0,<Residue ASP het=  resseq=129 icode= >,1v15_B_A,2.4
1012,5.917,ASP, ,CB,65.15,9.13,0.0,1.55,1.0,<Residue ASP het=  resseq=129 icode= >,1v15_B_A,2.4
1013,7.232,ASP, ,CG,66.65,8.95,0.0,2.26,1.0,<Residue ASP het=  resseq=129 icode= >,1v15_B_A,2.4
1014,9.737,ASP, ,OD1,69.56,9.46,0.0,0.79,1.0,<Residue ASP het=  resseq=129 icode= >,1v15_B_A,2.4
1015,19.607,ASP, ,OD2,67.2,8.11,0.0,1.27,1.0,<Residue ASP het=  resseq=129 icode= >,1v15_B_A,2.4
1016,0.0,ILE, ,N,64.32,8.82,0.0,2.16,1.0,<Residue ILE het=  resseq=130 icode= >,1v15_B_A,2.4
1017,5.356,ILE, ,CA,64.43,9.22,0.0,2.60,1.0,<Residue ILE het=  resseq=130 icode= >,1v15_B_A,2.4
1018,0.0,ILE, ,C,64.8,8.56,0.0,2.35,1.0,<Residue ILE het=  resseq=130 icode= >,1v15_B_A,2.4
1019,1.05,ILE, ,O,64.37,8.92,0.0,1.86,1.0,<Residue ILE het=  resseq=130 icode= >,1v15_B_A,2.4
1020,0.0,ILE, ,CB,64.41,8.13,0.0,2.29,1.0,<Residue ILE het=  resseq=130 icode= >,1v15_B_A,2.4
1021,3.806,ILE, ,CG1,63.97,8.87,0.0,1.90,1.0,<Residue ILE het=  resseq=130 icode= >,1v15_B_A,2.4
1022,20.376,ILE, ,CG2,64.11,7.71,0.0,1.20,1.0,<Residue ILE het=  resseq=130 icode= >,1v15_B_A,2.4
1023,0.0,ILE, ,CD1,61.36,8.13,0.0,0.66,1.0,<Residue ILE het=  resseq=130 icode= >,1v15_B_A,2.4
1024,0.0,HIS, ,N,65.82,7.62,0.0,2.09,1.0,<Residue HIS het=  resseq=131 icode= >,1v15_B_A,2.4
1025,0.239,HIS, ,CA,66.24,6.93,0.0,2.15,1.0,<Residue HIS het=  resseq=131 icode= >,1v15_B_A,2.4
1026,1.656,HIS, ,C,67.09,5.75,0.0,1.89,1.0,<Residue HIS het=  resseq=131 icode= >,1v15_B_A,2.4
1027,13.094,HIS, ,O,67.1,5.64,0.0,0.69,1.0,<Residue HIS het=  resseq=131 icode= >,1v15_B_A,2.4
1028,20.991,HIS, ,CB,65.65,6.67,0.0,1.16,1.0,<Residue HIS het=  resseq=131 icode= >,1v15_B_A,2.4
1029,2.638,HIS, ,CG,64.54,5.57,0.0,1.79,1.0,<Residue HIS het=  resseq=131 icode= >,1v15_B_A,2.4
1030,21.143,HIS, ,ND1,63.45,4.93,2.638,1.50,1.0,<Residue HIS het=  resseq=131 icode= >,1v15_B_A,2.4
1031,6.509,HIS, ,CD2,63.4,5.14,0.472,1.67,1.0,<Residue HIS het=  resseq=131 icode= >,1v15_B_A,2.4
1032,33.578,HIS, ,CE1,63.45,4.26,20.038,1.70,1.0,<Residue HIS het=  resseq=131 icode= >,1v15_B_A,2.4
1033,4.091,HIS, ,NE2,62.36,3.98,4.026,2.13,1.0,<Residue HIS het=  resseq=131 icode= >,1v15_B_A,2.4
1034,0.0,ARG, ,N,68.33,5.24,0.0,1.82,1.0,<Residue ARG het=  resseq=132 icode= >,1v15_B_A,2.4
1035,7.926,ARG, ,CA,70.1,4.56,2.575,1.70,1.0,<Residue ARG het=  resseq=132 icode= >,1v15_B_A,2.4
1036,0.653,ARG, ,C,70.18,5.73,0.0,1.03,1.0,<Residue ARG het=  resseq=132 icode= >,1v15_B_A,2.4
1037,16.101,ARG, ,O,70.77,5.77,0.0,0.05,1.0,<Residue ARG het=  resseq=132 icode= >,1v15_B_A,2.4
1038,13.537,ARG, ,CB,69.97,4.36,0.0,1.12,1.0,<Residue ARG het=  resseq=132 icode= >,1v15_B_A,2.4
1039,23.62,ARG, ,CG,71.5,3.28,17.693,1.22,1.0,<Residue ARG het=  resseq=132 icode= >,1v15_B_A,2.4
1040,13.567,ARG, ,CD,72.28,4.20,0.0,1.37,1.0,<Residue ARG het=  resseq=132 icode= >,1v15_B_A,2.4
1041,13.054,ARG, ,NE,77.76,3.95,8.3,0.32,1.0,<Residue ARG het=  resseq=132 icode= >,1v15_B_A,2.4
1042,4.374,ARG, ,CZ,78.64,3.86,0.0,0.65,1.0,<Residue ARG het=  resseq=132 icode= >,1v15_B_A,2.4
1043,22.818,ARG, ,NH1,79.26,4.37,0.046,0.45,1.0,<Residue ARG het=  resseq=132 icode= >,1v15_B_A,2.4
1044,47.905,ARG, ,NH2,76.9,2.73,27.398,0.44,1.0,<Residue ARG het=  resseq=132 icode= >,1v15_B_A,2.4
1045,0.0,GLY, ,N,70.6,6.93,0.0,0.63,1.0,<Residue GLY het=  resseq=133 icode= >,1v15_B_A,2.4
1046,28.252,GLY, ,CA,71.01,8.21,0.0,0.52,1.0,<Residue GLY het=  resseq=133 icode= >,1v15_B_A,2.4
1047,2.1,GLY, ,C,71.43,8.63,0.0,0.48,1.0,<Residue GLY het=  resseq=133 icode= >,1v15_B_A,2.4
1048,32.506,GLY, ,O,71.13,9.38,0.0,0.80,1.0,<Residue GLY het=  resseq=133 icode= >,1v15_B_A,2.4
1049,0.0,LYS, ,N,71.75,7.65,0.0,-0.07,1.0,<Residue LYS het=  resseq=134 icode= >,1v15_B_A,2.4
1050,8.132,LYS, ,CA,71.58,7.34,0.0,-0.12,1.0,<Residue LYS het=  resseq=134 icode= >,1v15_B_A,2.4
1051,33.496,LYS, ,C,71.62,6.35,0.0,-0.14,1.0,<Residue LYS het=  resseq=134 icode= >,1v15_B_A,2.4
1052,29.291,LYS, ,O,71.48,5.40,5.783,-0.30,1.0,<Residue LYS het=  resseq=134 icode= >,1v15_B_A,2.4
1053,29.977,LYS, ,CB,71.63,6.67,0.0,-0.12,1.0,<Residue LYS het=  resseq=134 icode= >,1v15_B_A,2.4
1054,17.845,LYS, ,CG,70.14,7.26,0.0,-0.00,1.0,<Residue LYS het=  resseq=134 icode= >,1v15_B_A,2.4
1055,27.867,LYS, ,CD,67.94,8.77,0.0,0.67,1.0,<Residue LYS het=  resseq=134 icode= >,1v15_B_A,2.4
1056,17.108,LYS, ,CE,66.93,9.37,0.0,0.82,1.0,<Residue LYS het=  resseq=134 icode= >,1v15_B_A,2.4
1057,30.676,LYS, ,NZ,65.17,10.45,0.0,0.42,1.0,<Residue LYS het=  resseq=134 icode= >,1v15_B_A,2.4
