,ASA,aa,altloc,atom,bfac,d2r,dASA,dens,occ,residue,id,resolu
0,45.464,LYS, ,N,30.78,4.46,12.94,1.43,1.0,<Residue LYS het=  resseq=446 icode= >,1w0u_A_A,1.8
1,12.109,LYS, ,CA,29.68,3.55,11.982,1.05,1.0,<Residue LYS het=  resseq=446 icode= >,1w0u_A_A,1.8
2,0.214,LYS, ,C,28.87,3.86,0.08,1.91,1.0,<Residue LYS het=  resseq=446 icode= >,1w0u_A_A,1.8
3,21.934,LYS, ,O,30.37,4.09,9.906,1.47,1.0,<Residue LYS het=  resseq=446 icode= >,1w0u_A_A,1.8
4,11.234,LYS, ,CB,30.21,4.00,2.059,0.86,1.0,<Residue LYS het=  resseq=446 icode= >,1w0u_A_A,1.8
5,24.942,LYS, ,CG,29.85,4.55,3.133,-0.33,0.0,<Residue LYS het=  resseq=446 icode= >,1w0u_A_A,1.8
6,38.929,LYS, ,CD,29.79,5.56,0.0,0.12,0.0,<Residue LYS het=  resseq=446 icode= >,1w0u_A_A,1.8
7,37.681,LYS, ,CE,29.69,5.22,0.093,0.87,0.0,<Residue LYS het=  resseq=446 icode= >,1w0u_A_A,1.8
8,44.095,LYS, ,NZ,29.63,4.62,5.822,0.45,0.0,<Residue LYS het=  resseq=446 icode= >,1w0u_A_A,1.8
9,4.722,LYS, ,N,26.39,3.18,4.722,2.55,1.0,<Residue LYS het=  resseq=447 icode= >,1w0u_A_A,1.8
10,2.797,LYS, ,CA,24.85,3.86,2.797,2.19,1.0,<Residue LYS het=  resseq=447 icode= >,1w0u_A_A,1.8
11,0.0,LYS, ,C,22.86,3.85,0.0,2.58,1.0,<Residue LYS het=  resseq=447 icode= >,1w0u_A_A,1.8
12,19.077,LYS, ,O,22.07,4.18,4.127,2.56,1.0,<Residue LYS het=  resseq=447 icode= >,1w0u_A_A,1.8
13,16.138,LYS, ,CB,26.11,3.89,14.046,1.46,1.0,<Residue LYS het=  resseq=447 icode= >,1w0u_A_A,1.8
14,27.413,LYS, ,CG,25.55,3.55,23.428,1.29,1.0,<Residue LYS het=  resseq=447 icode= >,1w0u_A_A,1.8
15,24.293,LYS, ,CD,23.49,3.78,23.521,1.64,1.0,<Residue LYS het=  resseq=447 icode= >,1w0u_A_A,1.8
16,45.113,LYS, ,CE,20.65,3.27,45.083,2.03,1.0,<Residue LYS het=  resseq=447 icode= >,1w0u_A_A,1.8
17,48.533,LYS, ,NZ,18.72,2.93,42.077,1.99,1.0,<Residue LYS het=  resseq=447 icode= >,1w0u_A_A,1.8
18,5.967,GLN, ,N,19.92,2.90,5.967,3.34,1.0,<Residue GLN het=  resseq=448 icode= >,1w0u_A_A,1.8
19,1.688,GLN, ,CA,18.64,3.67,0.0,2.42,1.0,<Residue GLN het=  resseq=448 icode= >,1w0u_A_A,1.8
20,0.418,GLN, ,C,15.57,4.07,0.418,3.31,1.0,<Residue GLN het=  resseq=448 icode= >,1w0u_A_A,1.8
21,3.862,GLN, ,O,12.52,3.63,3.862,5.11,1.0,<Residue GLN het=  resseq=448 icode= >,1w0u_A_A,1.8
22,2.034,GLN, ,CB,20.9,3.46,0.95,1.99,1.0,<Residue GLN het=  resseq=448 icode= >,1w0u_A_A,1.8
23,28.272,GLN, ,CG,26.93,4.16,1.514,1.19,1.0,<Residue GLN het=  resseq=448 icode= >,1w0u_A_A,1.8
24,6.679,GLN, ,CD,30.58,5.58,0.0,1.53,1.0,<Residue GLN het=  resseq=448 icode= >,1w0u_A_A,1.8
25,38.393,GLN, ,OE1,32.56,6.39,0.0,1.40,1.0,<Residue GLN het=  resseq=448 icode= >,1w0u_A_A,1.8
26,37.229,GLN, ,NE2,32.31,6.12,0.0,0.79,1.0,<Residue GLN het=  resseq=448 icode= >,1w0u_A_A,1.8
27,7.299,LYS, ,N,13.92,4.81,0.0,2.66,1.0,<Residue LYS het=  resseq=449 icode= >,1w0u_A_A,1.8
28,2.038,LYS, ,CA,12.42,3.81,2.038,3.19,1.0,<Residue LYS het=  resseq=449 icode= >,1w0u_A_A,1.8
29,0.0,LYS, ,C,11.04,3.84,0.0,3.52,1.0,<Residue LYS het=  resseq=449 icode= >,1w0u_A_A,1.8
30,8.428,LYS, ,O,12.09,5.02,0.0,4.27,1.0,<Residue LYS het=  resseq=449 icode= >,1w0u_A_A,1.8
31,24.208,LYS, ,CB,16.93,4.36,0.0,2.10,1.0,<Residue LYS het=  resseq=449 icode= >,1w0u_A_A,1.8
32,25.192,LYS, ,CG,19.82,3.70,0.04,1.14,1.0,<Residue LYS het=  resseq=449 icode= >,1w0u_A_A,1.8
33,29.678,LYS, ,CD,20.1,3.02,17.852,1.09,1.0,<Residue LYS het=  resseq=449 icode= >,1w0u_A_A,1.8
34,30.094,LYS, ,CE,20.26,4.03,2.505,0.62,0.0,<Residue LYS het=  resseq=449 icode= >,1w0u_A_A,1.8
35,44.386,LYS, ,NZ,20.43,3.58,22.64,0.55,0.0,<Residue LYS het=  resseq=449 icode= >,1w0u_A_A,1.8
36,0.485,TRP, ,N,8.32,2.95,0.485,3.92,1.0,<Residue TRP het=  resseq=450 icode= >,1w0u_A_A,1.8
37,0.0,TRP, ,CA,9.14,3.83,0.0,2.77,1.0,<Residue TRP het=  resseq=450 icode= >,1w0u_A_A,1.8
38,0.279,TRP, ,C,7.84,4.62,0.0,3.83,1.0,<Residue TRP het=  resseq=450 icode= >,1w0u_A_A,1.8
39,14.728,TRP, ,O,8.34,4.37,0.48,4.49,1.0,<Residue TRP het=  resseq=450 icode= >,1w0u_A_A,1.8
40,0.364,TRP, ,CB,9.98,3.60,0.364,2.88,1.0,<Residue TRP het=  resseq=450 icode= >,1w0u_A_A,1.8
41,0.0,TRP, ,CG,10.2,3.97,0.0,2.76,1.0,<Residue TRP het=  resseq=450 icode= >,1w0u_A_A,1.8
42,14.621,TRP, ,CD1,11.54,3.58,14.561,3.06,1.0,<Residue TRP het=  resseq=450 icode= >,1w0u_A_A,1.8
43,0.0,TRP, ,CD2,11.73,5.11,0.0,2.50,1.0,<Residue TRP het=  resseq=450 icode= >,1w0u_A_A,1.8
44,14.692,TRP, ,NE1,10.58,3.04,13.084,4.12,1.0,<Residue TRP het=  resseq=450 icode= >,1w0u_A_A,1.8
45,0.0,TRP, ,CE2,11.52,3.95,0.0,2.91,1.0,<Residue TRP het=  resseq=450 icode= >,1w0u_A_A,1.8
46,0.0,TRP, ,CE3,9.98,6.29,0.0,3.82,1.0,<Residue TRP het=  resseq=450 icode= >,1w0u_A_A,1.8
47,0.0,TRP, ,CZ2,12.16,4.26,0.0,2.78,1.0,<Residue TRP het=  resseq=450 icode= >,1w0u_A_A,1.8
48,0.0,TRP, ,CZ3,11.42,6.47,0.0,2.97,1.0,<Residue TRP het=  resseq=450 icode= >,1w0u_A_A,1.8
49,0.0,TRP, ,CH2,10.86,5.59,0.0,2.91,1.0,<Residue TRP het=  resseq=450 icode= >,1w0u_A_A,1.8
50,0.0,THR, ,N,7.16,5.91,0.0,4.73,1.0,<Residue THR het=  resseq=451 icode= >,1w0u_A_A,1.8
51,5.709,THR, ,CA,8.57,6.98,0.0,3.72,1.0,<Residue THR het=  resseq=451 icode= >,1w0u_A_A,1.8
52,1.078,THR, ,C,9.63,7.51,0.0,4.00,1.0,<Residue THR het=  resseq=451 icode= >,1w0u_A_A,1.8
53,0.0,THR, ,O,9.87,7.32,0.0,5.46,1.0,<Residue THR het=  resseq=451 icode= >,1w0u_A_A,1.8
54,9.144,THR, ,CB,9.25,8.29,0.0,3.45,1.0,<Residue THR het=  resseq=451 icode= >,1w0u_A_A,1.8
55,1.488,THR, ,OG1,11.55,8.82,0.0,4.07,1.0,<Residue THR het=  resseq=451 icode= >,1w0u_A_A,1.8
56,53.412,THR, ,CG2,11.76,8.31,0.0,2.91,1.0,<Residue THR het=  resseq=451 icode= >,1w0u_A_A,1.8
57,3.218,VAL, ,N,9.67,8.47,0.0,4.03,1.0,<Residue VAL het=  resseq=452 icode= >,1w0u_A_A,1.8
58,3.283,VAL, ,CA,10.95,9.35,0.0,2.97,1.0,<Residue VAL het=  resseq=452 icode= >,1w0u_A_A,1.8
59,0.0,VAL, ,C,11.63,10.15,0.0,3.79,1.0,<Residue VAL het=  resseq=452 icode= >,1w0u_A_A,1.8
60,0.0,VAL, ,O,11.71,10.43,0.0,3.73,1.0,<Residue VAL het=  resseq=452 icode= >,1w0u_A_A,1.8
61,9.965,VAL, ,CB,11.71,10.44,0.0,2.46,1.0,<Residue VAL het=  resseq=452 icode= >,1w0u_A_A,1.8
62,40.711,VAL, ,CG1,13.24,11.65,0.0,2.23,1.0,<Residue VAL het=  resseq=452 icode= >,1w0u_A_A,1.8
63,63.606,VAL, ,CG2,11.78,10.01,0.0,2.94,1.0,<Residue VAL het=  resseq=452 icode= >,1w0u_A_A,1.8
64,1.903,GLU, ,N,10.2,10.73,0.0,3.78,1.0,<Residue GLU het=  resseq=453 icode= >,1w0u_A_A,1.8
65,6.167,GLU, ,CA,12.74,11.69,0.0,2.03,1.0,<Residue GLU het=  resseq=453 icode= >,1w0u_A_A,1.8
66,0.0,GLU, ,C,10.35,11.19,0.0,3.67,1.0,<Residue GLU het=  resseq=453 icode= >,1w0u_A_A,1.8
67,0.101,GLU, ,O,10.12,11.93,0.0,4.06,1.0,<Residue GLU het=  resseq=453 icode= >,1w0u_A_A,1.8
68,17.407,GLU, ,CB,14.03,12.34,0.0,2.72,1.0,<Residue GLU het=  resseq=453 icode= >,1w0u_A_A,1.8
69,4.578,GLU, ,CG,20.5,13.32,0.0,1.54,1.0,<Residue GLU het=  resseq=453 icode= >,1w0u_A_A,1.8
70,4.709,GLU, ,CD,23.65,14.21,0.0,1.87,1.0,<Residue GLU het=  resseq=453 icode= >,1w0u_A_A,1.8
71,37.68,GLU, ,OE1,23.72,15.38,0.0,2.09,1.0,<Residue GLU het=  resseq=453 icode= >,1w0u_A_A,1.8
72,32.199,GLU, ,OE2,25.86,13.83,0.0,2.38,1.0,<Residue GLU het=  resseq=453 icode= >,1w0u_A_A,1.8
73,0.0,GLU, ,N,10.3,10.11,0.0,4.22,1.0,<Residue GLU het=  resseq=454 icode= >,1w0u_A_A,1.8
74,0.0,GLU, ,CA,10.16,9.78,0.0,3.17,1.0,<Residue GLU het=  resseq=454 icode= >,1w0u_A_A,1.8
75,0.0,GLU, ,C,9.64,9.58,0.0,4.43,1.0,<Residue GLU het=  resseq=454 icode= >,1w0u_A_A,1.8
76,0.0,GLU, ,O,10.5,10.07,0.0,4.21,1.0,<Residue GLU het=  resseq=454 icode= >,1w0u_A_A,1.8
77,0.0,GLU, ,CB,10.72,8.66,0.0,2.68,1.0,<Residue GLU het=  resseq=454 icode= >,1w0u_A_A,1.8
78,6.505,GLU, ,CG,12.49,9.23,0.0,2.02,1.0,<Residue GLU het=  resseq=454 icode= >,1w0u_A_A,1.8
79,3.714,GLU, ,CD,12.8,7.98,0.0,3.27,1.0,<Residue GLU het=  resseq=454 icode= >,1w0u_A_A,1.8
80,10.112,GLU, ,OE1,13.93,7.70,0.0,3.05,1.0,<Residue GLU het=  resseq=454 icode= >,1w0u_A_A,1.8
81,0.284,GLU, ,OE2,12.09,7.20,0.0,4.43,1.0,<Residue GLU het=  resseq=454 icode= >,1w0u_A_A,1.8
82,0.0,SER, ,N,9.28,8.91,0.0,4.57,1.0,<Residue SER het=  resseq=455 icode= >,1w0u_A_A,1.8
83,0.0,SER, ,CA,10.14,8.71,0.0,3.06,1.0,<Residue SER het=  resseq=455 icode= >,1w0u_A_A,1.8
84,0.0,SER, ,C,10.4,10.06,0.0,4.00,1.0,<Residue SER het=  resseq=455 icode= >,1w0u_A_A,1.8
85,0.0,SER, ,O,9.49,10.28,0.0,4.81,1.0,<Residue SER het=  resseq=455 icode= >,1w0u_A_A,1.8
86,3.271,SER, ,CB,10.55,8.03,0.0,3.03,1.0,<Residue SER het=  resseq=455 icode= >,1w0u_A_A,1.8
87,0.0,SER, ,OG,10.48,6.77,0.0,5.29,1.0,<Residue SER het=  resseq=455 icode= >,1w0u_A_A,1.8
88,0.0,GLU, ,N,9.52,11.09,0.0,4.14,1.0,<Residue GLU het=  resseq=456 icode= >,1w0u_A_A,1.8
89,0.0,GLU, ,CA,11.61,12.42,0.0,2.74,1.0,<Residue GLU het=  resseq=456 icode= >,1w0u_A_A,1.8
90,0.596,GLU, ,C,9.71,12.98,0.0,3.79,1.0,<Residue GLU het=  resseq=456 icode= >,1w0u_A_A,1.8
91,2.48,GLU, ,O,9.24,13.78,0.0,4.74,1.0,<Residue GLU het=  resseq=456 icode= >,1w0u_A_A,1.8
92,17.433,GLU, ,CB,13.65,13.45,0.0,2.54,1.0,<Residue GLU het=  resseq=456 icode= >,1w0u_A_A,1.8
93,17.067,GLU, ,CG,16.09,13.23,0.0,3.27,1.0,<Residue GLU het=  resseq=456 icode= >,1w0u_A_A,1.8
94,7.587,GLU, ,CD,20.84,13.24,0.0,2.93,1.0,<Residue GLU het=  resseq=456 icode= >,1w0u_A_A,1.8
95,16.78,GLU, ,OE1,25.67,14.07,0.0,2.22,1.0,<Residue GLU het=  resseq=456 icode= >,1w0u_A_A,1.8
96,19.416,GLU, ,OE2,23.82,12.48,0.0,1.72,1.0,<Residue GLU het=  resseq=456 icode= >,1w0u_A_A,1.8
97,0.0,TRP, ,N,10.07,12.73,0.0,3.56,1.0,<Residue TRP het=  resseq=457 icode= >,1w0u_A_A,1.8
98,0.0,TRP, ,CA,10.56,13.42,0.0,3.38,1.0,<Residue TRP het=  resseq=457 icode= >,1w0u_A_A,1.8
99,0.0,TRP, ,C,9.61,12.93,0.0,3.77,1.0,<Residue TRP het=  resseq=457 icode= >,1w0u_A_A,1.8
100,0.0,TRP, ,O,10.94,13.30,0.0,4.25,1.0,<Residue TRP het=  resseq=457 icode= >,1w0u_A_A,1.8
101,0.0,TRP, ,CB,12.7,13.46,0.0,2.64,1.0,<Residue TRP het=  resseq=457 icode= >,1w0u_A_A,1.8
102,0.0,TRP, ,CG,14.82,14.18,0.0,2.56,1.0,<Residue TRP het=  resseq=457 icode= >,1w0u_A_A,1.8
103,11.153,TRP, ,CD1,16.55,15.17,0.0,2.05,1.0,<Residue TRP het=  resseq=457 icode= >,1w0u_A_A,1.8
104,0.0,TRP, ,CD2,14.55,13.99,0.0,3.70,1.0,<Residue TRP het=  resseq=457 icode= >,1w0u_A_A,1.8
105,22.657,TRP, ,NE1,15.89,15.61,0.0,2.90,1.0,<Residue TRP het=  resseq=457 icode= >,1w0u_A_A,1.8
106,0.0,TRP, ,CE2,16.29,14.94,0.0,2.48,1.0,<Residue TRP het=  resseq=457 icode= >,1w0u_A_A,1.8
107,0.0,TRP, ,CE3,14.51,12.87,0.0,3.25,1.0,<Residue TRP het=  resseq=457 icode= >,1w0u_A_A,1.8
108,8.721,TRP, ,CZ2,16.95,15.21,0.0,2.02,1.0,<Residue TRP het=  resseq=457 icode= >,1w0u_A_A,1.8
109,3.324,TRP, ,CZ3,18.58,13.04,0.0,2.19,1.0,<Residue TRP het=  resseq=457 icode= >,1w0u_A_A,1.8
110,7.152,TRP, ,CH2,16.62,14.28,0.0,2.29,1.0,<Residue TRP het=  resseq=457 icode= >,1w0u_A_A,1.8
111,0.0,VAL, ,N,9.15,11.64,0.0,3.93,1.0,<Residue VAL het=  resseq=458 icode= >,1w0u_A_A,1.8
112,0.0,VAL, ,CA,9.69,11.31,0.0,3.04,1.0,<Residue VAL het=  resseq=458 icode= >,1w0u_A_A,1.8
113,0.0,VAL, ,C,9.67,12.08,0.0,4.56,1.0,<Residue VAL het=  resseq=458 icode= >,1w0u_A_A,1.8
114,0.0,VAL, ,O,9.79,11.88,0.0,5.34,1.0,<Residue VAL het=  resseq=458 icode= >,1w0u_A_A,1.8
115,0.0,VAL, ,CB,8.01,9.80,0.0,2.80,1.0,<Residue VAL het=  resseq=458 icode= >,1w0u_A_A,1.8
116,0.0,VAL, ,CG1,9.19,9.77,0.0,2.60,1.0,<Residue VAL het=  resseq=458 icode= >,1w0u_A_A,1.8
117,0.0,VAL, ,CG2,6.72,9.20,0.0,3.80,1.0,<Residue VAL het=  resseq=458 icode= >,1w0u_A_A,1.8
118,0.0,LYS, ,N,9.74,12.01,0.0,4.07,1.0,<Residue LYS het=  resseq=459 icode= >,1w0u_A_A,1.8
119,0.0,LYS, ,CA,10.12,12.90,0.0,3.46,1.0,<Residue LYS het=  resseq=459 icode= >,1w0u_A_A,1.8
120,0.0,LYS, ,C,11.26,14.22,0.0,4.26,1.0,<Residue LYS het=  resseq=459 icode= >,1w0u_A_A,1.8
121,1.466,LYS, ,O,12.58,13.83,0.0,4.21,1.0,<Residue LYS het=  resseq=459 icode= >,1w0u_A_A,1.8
122,0.0,LYS, ,CB,12.4,12.85,0.0,2.91,1.0,<Residue LYS het=  resseq=459 icode= >,1w0u_A_A,1.8
123,10.441,LYS, ,CG,14.34,13.88,0.0,2.37,1.0,<Residue LYS het=  resseq=459 icode= >,1w0u_A_A,1.8
124,27.715,LYS, ,CD,18.58,14.21,0.0,1.06,1.0,<Residue LYS het=  resseq=459 icode= >,1w0u_A_A,1.8
125,2.693,LYS, ,CE,19.04,13.10,0.0,1.81,1.0,<Residue LYS het=  resseq=459 icode= >,1w0u_A_A,1.8
126,30.074,LYS, ,NZ,17.81,13.63,0.0,1.74,1.0,<Residue LYS het=  resseq=459 icode= >,1w0u_A_A,1.8
127,0.12,ALA, ,N,10.7,14.82,0.0,3.96,1.0,<Residue ALA het=  resseq=460 icode= >,1w0u_A_A,1.8
128,2.696,ALA, ,CA,12.14,15.28,0.0,2.80,1.0,<Residue ALA het=  resseq=460 icode= >,1w0u_A_A,1.8
129,0.0,ALA, ,C,12.66,13.96,0.0,3.52,1.0,<Residue ALA het=  resseq=460 icode= >,1w0u_A_A,1.8
130,1.134,ALA, ,O,12.8,13.99,0.0,4.10,1.0,<Residue ALA het=  resseq=460 icode= >,1w0u_A_A,1.8
131,34.172,ALA, ,CB,12.26,16.01,0.0,2.67,1.0,<Residue ALA het=  resseq=460 icode= >,1w0u_A_A,1.8
132,0.0,GLY, ,N,11.65,12.93,0.0,4.15,1.0,<Residue GLY het=  resseq=461 icode= >,1w0u_A_A,1.8
133,0.0,GLY, ,CA,12.74,11.62,0.0,3.36,1.0,<Residue GLY het=  resseq=461 icode= >,1w0u_A_A,1.8
134,0.0,GLY, ,C,13.19,11.11,0.0,3.76,1.0,<Residue GLY het=  resseq=461 icode= >,1w0u_A_A,1.8
135,0.0,GLY, ,O,12.62,10.66,0.0,4.23,1.0,<Residue GLY het=  resseq=461 icode= >,1w0u_A_A,1.8
136,0.0,VAL, ,N,12.14,11.39,0.0,3.78,1.0,<Residue VAL het=  resseq=462 icode= >,1w0u_A_A,1.8
137,0.0,VAL, ,CA,11.12,10.62,0.0,2.98,1.0,<Residue VAL het=  resseq=462 icode= >,1w0u_A_A,1.8
138,0.0,VAL, ,C,13.07,11.57,0.0,3.28,1.0,<Residue VAL het=  resseq=462 icode= >,1w0u_A_A,1.8
139,3.323,VAL, ,O,11.66,11.23,0.0,4.40,1.0,<Residue VAL het=  resseq=462 icode= >,1w0u_A_A,1.8
140,0.048,VAL, ,CB,10.94,10.22,0.0,3.49,1.0,<Residue VAL het=  resseq=462 icode= >,1w0u_A_A,1.8
141,16.182,VAL, ,CG1,13.03,9.93,0.0,2.52,1.0,<Residue VAL het=  resseq=462 icode= >,1w0u_A_A,1.8
142,0.0,VAL, ,CG2,9.95,9.14,0.0,3.11,1.0,<Residue VAL het=  resseq=462 icode= >,1w0u_A_A,1.8
143,0.258,GLN, ,N,12.82,12.83,0.0,3.32,1.0,<Residue GLN het=  resseq=463 icode= >,1w0u_A_A,1.8
144,9.101,GLN, ,CA,15.49,13.88,0.0,2.60,1.0,<Residue GLN het=  resseq=463 icode= >,1w0u_A_A,1.8
145,0.043,GLN, ,C,15.97,14.05,0.0,2.99,1.0,<Residue GLN het=  resseq=463 icode= >,1w0u_A_A,1.8
146,23.014,GLN, ,O,17.28,14.15,0.0,2.71,1.0,<Residue GLN het=  resseq=463 icode= >,1w0u_A_A,1.8
147,6.503,GLN, ,CB,16.43,15.20,0.0,2.28,1.0,<Residue GLN het=  resseq=463 icode= >,1w0u_A_A,1.8
148,27.965,GLN, ,CG,18.25,16.25,0.0,2.37,1.0,<Residue GLN het=  resseq=463 icode= >,1w0u_A_A,1.8
149,9.988,GLN, ,CD,21.11,17.61,0.0,1.95,1.0,<Residue GLN het=  resseq=463 icode= >,1w0u_A_A,1.8
150,40.403,GLN, ,OE1,23.09,18.28,0.0,1.95,1.0,<Residue GLN het=  resseq=463 icode= >,1w0u_A_A,1.8
151,42.831,GLN, ,NE2,20.74,17.97,0.0,1.93,1.0,<Residue GLN het=  resseq=463 icode= >,1w0u_A_A,1.8
152,0.015,LYS, ,N,15.74,13.63,0.0,3.70,1.0,<Residue LYS het=  resseq=464 icode= >,1w0u_A_A,1.8
153,8.105,LYS, ,CA,17.06,13.57,0.0,2.74,1.0,<Residue LYS het=  resseq=464 icode= >,1w0u_A_A,1.8
154,0.004,LYS, ,C,17.5,12.44,0.0,2.59,1.0,<Residue LYS het=  resseq=464 icode= >,1w0u_A_A,1.8
155,25.987,LYS, ,O,17.87,12.82,0.0,2.96,1.0,<Residue LYS het=  resseq=464 icode= >,1w0u_A_A,1.8
156,7.998,LYS, ,CB,18.09,13.71,0.0,2.37,1.0,<Residue LYS het=  resseq=464 icode= >,1w0u_A_A,1.8
157,11.535,LYS, ,CG,22.26,13.94,0.0,2.00,1.0,<Residue LYS het=  resseq=464 icode= >,1w0u_A_A,1.8
158,14.49,LYS, ,CD,24.66,14.36,0.0,1.66,1.0,<Residue LYS het=  resseq=464 icode= >,1w0u_A_A,1.8
159,23.973,LYS, ,CE,27.64,14.69,0.0,1.43,1.0,<Residue LYS het=  resseq=464 icode= >,1w0u_A_A,1.8
160,44.167,LYS, ,NZ,29.82,15.83,0.0,0.34,1.0,<Residue LYS het=  resseq=464 icode= >,1w0u_A_A,1.8
161,0.0,TYR, ,N,16.99,11.19,0.0,2.76,1.0,<Residue TYR het=  resseq=465 icode= >,1w0u_A_A,1.8
162,4.535,TYR, ,CA,17.74,10.08,0.0,2.62,1.0,<Residue TYR het=  resseq=465 icode= >,1w0u_A_A,1.8
163,3.123,TYR, ,C,18.37,9.64,0.0,2.79,1.0,<Residue TYR het=  resseq=465 icode= >,1w0u_A_A,1.8
164,12.176,TYR, ,O,18.94,9.11,0.0,2.77,1.0,<Residue TYR het=  resseq=465 icode= >,1w0u_A_A,1.8
165,0.0,TYR, ,CB,19.54,9.00,0.0,2.05,1.0,<Residue TYR het=  resseq=465 icode= >,1w0u_A_A,1.8
166,0.0,TYR, ,CG,21.57,9.69,0.0,2.64,1.0,<Residue TYR het=  resseq=465 icode= >,1w0u_A_A,1.8
167,14.192,TYR, ,CD1,22.25,10.12,0.0,1.90,1.0,<Residue TYR het=  resseq=465 icode= >,1w0u_A_A,1.8
168,0.0,TYR, ,CD2,22.19,10.21,0.0,2.33,1.0,<Residue TYR het=  resseq=465 icode= >,1w0u_A_A,1.8
169,21.098,TYR, ,CE1,23.57,11.00,0.0,1.98,1.0,<Residue TYR het=  resseq=465 icode= >,1w0u_A_A,1.8
170,0.031,TYR, ,CE2,22.85,11.09,0.0,2.20,1.0,<Residue TYR het=  resseq=465 icode= >,1w0u_A_A,1.8
171,0.0,TYR, ,CZ,23.09,11.46,0.0,2.61,1.0,<Residue TYR het=  resseq=465 icode= >,1w0u_A_A,1.8
172,9.546,TYR, ,OH,25.59,12.47,0.0,2.34,1.0,<Residue TYR het=  resseq=465 icode= >,1w0u_A_A,1.8
173,0.574,GLY, ,N,16.44,10.10,0.0,3.49,1.0,<Residue GLY het=  resseq=466 icode= >,1w0u_A_A,1.8
174,25.783,GLY, ,CA,17.82,9.28,0.0,2.55,1.0,<Residue GLY het=  resseq=466 icode= >,1w0u_A_A,1.8
175,0.0,GLY, ,C,16.74,8.03,0.0,3.62,1.0,<Residue GLY het=  resseq=466 icode= >,1w0u_A_A,1.8
176,0.0,GLY, ,O,14.99,7.79,0.0,4.42,1.0,<Residue GLY het=  resseq=466 icode= >,1w0u_A_A,1.8
177,6.344,GLU, ,N,18.06,7.46,0.0,2.81,1.0,<Residue GLU het=  resseq=467 icode= >,1w0u_A_A,1.8
178,0.0,GLU, ,CA,18.65,6.38,0.0,2.04,1.0,<Residue GLU het=  resseq=467 icode= >,1w0u_A_A,1.8
179,0.21,GLU, ,C,18.08,5.16,0.022,3.14,1.0,<Residue GLU het=  resseq=467 icode= >,1w0u_A_A,1.8
180,22.713,GLU, ,O,18.38,5.03,0.076,3.31,1.0,<Residue GLU het=  resseq=467 icode= >,1w0u_A_A,1.8
181,15.259,GLU, ,CB,20.41,6.35,0.0,2.09,1.0,<Residue GLU het=  resseq=467 icode= >,1w0u_A_A,1.8
182,11.436,GLU, ,CG,23.56,5.62,1.987,2.10,1.0,<Residue GLU het=  resseq=467 icode= >,1w0u_A_A,1.8
183,8.21,GLU, ,CD,26.74,6.47,0.0,1.83,1.0,<Residue GLU het=  resseq=467 icode= >,1w0u_A_A,1.8
184,20.883,GLU, ,OE1,29.95,6.07,0.0,0.82,1.0,<Residue GLU het=  resseq=467 icode= >,1w0u_A_A,1.8
185,22.681,GLU, ,OE2,30.54,7.45,0.0,1.25,1.0,<Residue GLU het=  resseq=467 icode= >,1w0u_A_A,1.8
186,0.0,GLY, ,N,16.64,4.57,0.0,3.50,1.0,<Residue GLY het=  resseq=468 icode= >,1w0u_A_A,1.8
187,22.344,GLY, ,CA,17.38,3.80,17.236,2.62,1.0,<Residue GLY het=  resseq=468 icode= >,1w0u_A_A,1.8
188,1.184,GLY, ,C,17.23,4.37,0.0,3.13,1.0,<Residue GLY het=  resseq=468 icode= >,1w0u_A_A,1.8
189,20.92,GLY, ,O,18.76,3.40,18.826,3.41,1.0,<Residue GLY het=  resseq=468 icode= >,1w0u_A_A,1.8
190,0.0,ASN, ,N,15.17,4.90,0.0,3.39,1.0,<Residue ASN het=  resseq=469 icode= >,1w0u_A_A,1.8
191,5.479,ASN, ,CA,14.95,4.25,2.256,2.81,1.0,<Residue ASN het=  resseq=469 icode= >,1w0u_A_A,1.8
192,0.0,ASN, ,C,15.19,3.91,0.0,3.12,1.0,<Residue ASN het=  resseq=469 icode= >,1w0u_A_A,1.8
193,0.0,ASN, ,O,14.26,4.77,0.0,3.50,1.0,<Residue ASN het=  resseq=469 icode= >,1w0u_A_A,1.8
194,4.791,ASN, ,CB,18.06,5.52,0.0,1.69,1.0,<Residue ASN het=  resseq=469 icode= >,1w0u_A_A,1.8
195,5.36,ASN, ,CG,20.59,6.27,0.0,2.26,1.0,<Residue ASN het=  resseq=469 icode= >,1w0u_A_A,1.8
196,17.588,ASN, ,OD1,24.67,7.49,0.0,1.79,1.0,<Residue ASN het=  resseq=469 icode= >,1w0u_A_A,1.8
197,46.001,ASN, ,ND2,19.67,5.79,0.0,2.28,1.0,<Residue ASN het=  resseq=469 icode= >,1w0u_A_A,1.8
198,1.508,TRP, ,N,12.45,3.13,1.508,3.78,1.0,<Residue TRP het=  resseq=470 icode= >,1w0u_A_A,1.8
199,0.0,TRP, ,CA,12.66,3.59,0.0,3.16,1.0,<Residue TRP het=  resseq=470 icode= >,1w0u_A_A,1.8
200,0.0,TRP, ,C,13.51,3.66,0.0,2.99,1.0,<Residue TRP het=  resseq=470 icode= >,1w0u_A_A,1.8
201,0.0,TRP, ,O,13.24,4.83,0.0,3.74,1.0,<Residue TRP het=  resseq=470 icode= >,1w0u_A_A,1.8
202,3.835,TRP, ,CB,9.75,3.63,3.835,2.60,1.0,<Residue TRP het=  resseq=470 icode= >,1w0u_A_A,1.8
203,0.0,TRP, ,CG,10.64,4.29,0.0,3.14,1.0,<Residue TRP het=  resseq=470 icode= >,1w0u_A_A,1.8
204,18.417,TRP, ,CD1,10.38,3.54,17.054,2.80,1.0,<Residue TRP het=  resseq=470 icode= >,1w0u_A_A,1.8
205,0.0,TRP, ,CD2,8.29,4.83,0.0,3.25,1.0,<Residue TRP het=  resseq=470 icode= >,1w0u_A_A,1.8
206,8.646,TRP, ,NE1,11.65,2.62,8.646,3.26,1.0,<Residue TRP het=  resseq=470 icode= >,1w0u_A_A,1.8
207,0.0,TRP, ,CE2,11.25,3.64,0.0,2.89,1.0,<Residue TRP het=  resseq=470 icode= >,1w0u_A_A,1.8
208,0.0,TRP, ,CE3,11.05,6.05,0.0,2.94,1.0,<Residue TRP het=  resseq=470 icode= >,1w0u_A_A,1.8
209,5.834,TRP, ,CZ2,12.31,4.04,1.877,3.05,1.0,<Residue TRP het=  resseq=470 icode= >,1w0u_A_A,1.8
210,0.0,TRP, ,CZ3,11.21,6.28,0.0,2.94,1.0,<Residue TRP het=  resseq=470 icode= >,1w0u_A_A,1.8
211,0.0,TRP, ,CH2,12.93,5.41,0.0,2.85,1.0,<Residue TRP het=  resseq=470 icode= >,1w0u_A_A,1.8
212,3.9,ALA, ,N,13.97,2.91,3.9,3.16,1.0,<Residue ALA het=  resseq=471 icode= >,1w0u_A_A,1.8
213,2.476,ALA, ,CA,15.15,3.88,0.0,2.75,1.0,<Residue ALA het=  resseq=471 icode= >,1w0u_A_A,1.8
214,0.0,ALA, ,C,14.86,5.10,0.0,3.42,1.0,<Residue ALA het=  resseq=471 icode= >,1w0u_A_A,1.8
215,2.109,ALA, ,O,16.3,6.22,0.0,3.67,1.0,<Residue ALA het=  resseq=471 icode= >,1w0u_A_A,1.8
216,62.588,ALA, ,CB,16.65,3.73,23.218,2.13,1.0,<Residue ALA het=  resseq=471 icode= >,1w0u_A_A,1.8
217,1.753,ALA, ,N,14.53,5.16,0.0,3.72,1.0,<Residue ALA het=  resseq=472 icode= >,1w0u_A_A,1.8
218,0.0,ALA, ,CA,16.3,6.54,0.0,2.40,1.0,<Residue ALA het=  resseq=472 icode= >,1w0u_A_A,1.8
219,0.0,ALA, ,C,17.15,7.31,0.0,2.77,1.0,<Residue ALA het=  resseq=472 icode= >,1w0u_A_A,1.8
220,0.0,ALA, ,O,18.35,8.45,0.0,3.34,1.0,<Residue ALA het=  resseq=472 icode= >,1w0u_A_A,1.8
221,19.569,ALA, ,CB,16.33,6.80,0.0,1.80,1.0,<Residue ALA het=  resseq=472 icode= >,1w0u_A_A,1.8
222,0.0,ILE, ,N,16.11,6.90,0.0,2.99,1.0,<Residue ILE het=  resseq=473 icode= >,1w0u_A_A,1.8
223,0.0,ILE, ,CA,14.73,7.92,0.0,2.64,1.0,<Residue ILE het=  resseq=473 icode= >,1w0u_A_A,1.8
224,0.0,ILE, ,C,17.04,8.38,0.0,2.64,1.0,<Residue ILE het=  resseq=473 icode= >,1w0u_A_A,1.8
225,0.0,ILE, ,O,16.49,9.61,0.0,3.74,1.0,<Residue ILE het=  resseq=473 icode= >,1w0u_A_A,1.8
226,0.0,ILE, ,CB,13.16,7.71,0.0,2.72,1.0,<Residue ILE het=  resseq=473 icode= >,1w0u_A_A,1.8
227,0.0,ILE, ,CG1,12.44,7.79,0.0,2.57,1.0,<Residue ILE het=  resseq=473 icode= >,1w0u_A_A,1.8
228,0.0,ILE, ,CG2,9.66,8.96,0.0,3.63,1.0,<Residue ILE het=  resseq=473 icode= >,1w0u_A_A,1.8
229,0.0,ILE, ,CD1,14.05,7.76,0.0,2.09,1.0,<Residue ILE het=  resseq=473 icode= >,1w0u_A_A,1.8
230,0.0,SER, ,N,16.81,7.57,0.0,3.41,1.0,<Residue SER het=  resseq=474 icode= >,1w0u_A_A,1.8
231,0.0,SER, ,CA,18.78,8.29,0.0,3.09,1.0,<Residue SER het=  resseq=474 icode= >,1w0u_A_A,1.8
232,0.703,SER, ,C,20.35,9.28,0.0,3.21,1.0,<Residue SER het=  resseq=474 icode= >,1w0u_A_A,1.8
233,10.434,SER, ,O,20.99,10.39,0.0,3.03,1.0,<Residue SER het=  resseq=474 icode= >,1w0u_A_A,1.8
234,5.955,SER, ,CB,20.7,7.38,0.0,2.25,1.0,<Residue SER het=  resseq=474 icode= >,1w0u_A_A,1.8
235,12.241,SER, ,OG,25.61,8.04,0.0,1.87,1.0,<Residue SER het=  resseq=474 icode= >,1w0u_A_A,1.8
236,0.0,LYS, ,N,21.16,9.06,0.0,3.36,1.0,<Residue LYS het=  resseq=475 icode= >,1w0u_A_A,1.8
237,8.507,LYS, ,CA,23.22,10.17,0.0,1.94,1.0,<Residue LYS het=  resseq=475 icode= >,1w0u_A_A,1.8
238,0.994,LYS, ,C,23.48,11.19,0.0,2.39,1.0,<Residue LYS het=  resseq=475 icode= >,1w0u_A_A,1.8
239,24.954,LYS, ,O,25.15,12.21,0.0,1.72,1.0,<Residue LYS het=  resseq=475 icode= >,1w0u_A_A,1.8
240,25.614,LYS, ,CB,23.68,9.79,0.0,1.78,1.0,<Residue LYS het=  resseq=475 icode= >,1w0u_A_A,1.8
241,0.372,LYS, ,CG,23.47,9.09,0.0,-0.01,0.0,<Residue LYS het=  resseq=475 icode= >,1w0u_A_A,1.8
242,27.848,LYS, ,CD,23.48,8.93,0.0,-0.60,0.0,<Residue LYS het=  resseq=475 icode= >,1w0u_A_A,1.8
243,14.327,LYS, ,CE,23.43,8.70,0.0,0.62,0.0,<Residue LYS het=  resseq=475 icode= >,1w0u_A_A,1.8
244,48.667,LYS, ,NZ,23.4,8.59,0.0,-0.67,0.0,<Residue LYS het=  resseq=475 icode= >,1w0u_A_A,1.8
245,0.0,ASN, ,N,22.32,11.09,0.0,3.30,1.0,<Residue ASN het=  resseq=476 icode= >,1w0u_A_A,1.8
246,4.25,ASN, ,CA,22.98,12.23,0.0,1.93,1.0,<Residue ASN het=  resseq=476 icode= >,1w0u_A_A,1.8
247,4.38,ASN, ,C,21.47,13.13,0.0,2.87,1.0,<Residue ASN het=  resseq=476 icode= >,1w0u_A_A,1.8
248,20.554,ASN, ,O,21.44,14.07,0.0,3.15,1.0,<Residue ASN het=  resseq=476 icode= >,1w0u_A_A,1.8
249,3.909,ASN, ,CB,24.47,11.90,0.0,1.62,1.0,<Residue ASN het=  resseq=476 icode= >,1w0u_A_A,1.8
250,0.046,ASN, ,CG,27.6,11.73,0.0,1.46,1.0,<Residue ASN het=  resseq=476 icode= >,1w0u_A_A,1.8
251,33.223,ASN, ,OD1,27.44,12.72,0.0,2.01,1.0,<Residue ASN het=  resseq=476 icode= >,1w0u_A_A,1.8
252,6.564,ASN, ,ND2,27.02,10.60,0.0,1.59,1.0,<Residue ASN het=  resseq=476 icode= >,1w0u_A_A,1.8
253,0.231,TYR, ,N,18.48,12.99,0.0,3.45,1.0,<Residue TYR het=  resseq=477 icode= >,1w0u_A_A,1.8
254,0.967,TYR, ,CA,17.87,14.02,0.0,3.15,1.0,<Residue TYR het=  resseq=477 icode= >,1w0u_A_A,1.8
255,3.479,TYR, ,C,18.46,14.46,0.0,3.10,1.0,<Residue TYR het=  resseq=477 icode= >,1w0u_A_A,1.8
256,6.925,TYR, ,O,19.28,13.75,0.0,3.62,1.0,<Residue TYR het=  resseq=477 icode= >,1w0u_A_A,1.8
257,0.0,TYR, ,CB,17.57,13.65,0.0,2.55,1.0,<Residue TYR het=  resseq=477 icode= >,1w0u_A_A,1.8
258,0.0,TYR, ,CG,15.54,13.46,0.0,2.84,1.0,<Residue TYR het=  resseq=477 icode= >,1w0u_A_A,1.8
259,0.0,TYR, ,CD1,15.5,12.26,0.0,2.43,1.0,<Residue TYR het=  resseq=477 icode= >,1w0u_A_A,1.8
260,5.525,TYR, ,CD2,15.97,14.62,0.0,2.97,1.0,<Residue TYR het=  resseq=477 icode= >,1w0u_A_A,1.8
261,0.0,TYR, ,CE1,15.07,12.31,0.0,2.83,1.0,<Residue TYR het=  resseq=477 icode= >,1w0u_A_A,1.8
262,17.03,TYR, ,CE2,16.53,14.67,0.0,2.79,1.0,<Residue TYR het=  resseq=477 icode= >,1w0u_A_A,1.8
263,1.919,TYR, ,CZ,17.09,13.57,0.0,2.38,1.0,<Residue TYR het=  resseq=477 icode= >,1w0u_A_A,1.8
264,3.447,TYR, ,OH,16.86,13.83,0.0,3.47,1.0,<Residue TYR het=  resseq=477 icode= >,1w0u_A_A,1.8
265,0.142,PRO, ,N,18.69,15.53,0.0,3.07,1.0,<Residue PRO het=  resseq=478 icode= >,1w0u_A_A,1.8
266,12.173,PRO, ,CA,18.16,15.20,0.0,2.25,1.0,<Residue PRO het=  resseq=478 icode= >,1w0u_A_A,1.8
267,0.319,PRO, ,C,15.88,13.78,0.0,3.61,1.0,<Residue PRO het=  resseq=478 icode= >,1w0u_A_A,1.8
268,4.92,PRO, ,O,16.02,13.61,0.0,3.04,1.0,<Residue PRO het=  resseq=478 icode= >,1w0u_A_A,1.8
269,24.619,PRO, ,CB,19.42,16.04,0.0,2.01,1.0,<Residue PRO het=  resseq=478 icode= >,1w0u_A_A,1.8
270,39.223,PRO, ,CG,19.83,17.07,0.0,1.58,1.0,<Residue PRO het=  resseq=478 icode= >,1w0u_A_A,1.8
271,8.893,PRO, ,CD,18.95,16.34,0.0,1.79,1.0,<Residue PRO het=  resseq=478 icode= >,1w0u_A_A,1.8
272,0.0,PHE, ,N,15.27,12.87,0.0,3.25,1.0,<Residue PHE het=  resseq=479 icode= >,1w0u_A_A,1.8
273,0.241,PHE, ,CA,12.87,11.50,0.0,2.85,1.0,<Residue PHE het=  resseq=479 icode= >,1w0u_A_A,1.8
274,0.475,PHE, ,C,13.58,11.66,0.0,3.42,1.0,<Residue PHE het=  resseq=479 icode= >,1w0u_A_A,1.8
275,21.385,PHE, ,O,14.62,12.59,0.0,3.05,1.0,<Residue PHE het=  resseq=479 icode= >,1w0u_A_A,1.8
276,1.461,PHE, ,CB,13.87,10.67,0.0,2.23,1.0,<Residue PHE het=  resseq=479 icode= >,1w0u_A_A,1.8
277,0.0,PHE, ,CG,11.2,10.64,0.0,3.06,1.0,<Residue PHE het=  resseq=479 icode= >,1w0u_A_A,1.8
278,0.0,PHE, ,CD1,10.39,11.54,0.0,2.89,1.0,<Residue PHE het=  resseq=479 icode= >,1w0u_A_A,1.8
279,0.0,PHE, ,CD2,11.99,9.92,0.0,2.52,1.0,<Residue PHE het=  resseq=479 icode= >,1w0u_A_A,1.8
280,0.0,PHE, ,CE1,9.68,11.54,0.0,3.11,1.0,<Residue PHE het=  resseq=479 icode= >,1w0u_A_A,1.8
281,0.0,PHE, ,CE2,10.47,10.18,0.0,3.28,1.0,<Residue PHE het=  resseq=479 icode= >,1w0u_A_A,1.8
282,0.0,PHE, ,CZ,9.57,11.11,0.0,3.09,1.0,<Residue PHE het=  resseq=479 icode= >,1w0u_A_A,1.8
283,3.172,VAL, ,N,12.33,10.91,0.0,4.04,1.0,<Residue VAL het=  resseq=480 icode= >,1w0u_A_A,1.8
284,3.224,VAL, ,CA,12.87,11.17,0.0,2.74,1.0,<Residue VAL het=  resseq=480 icode= >,1w0u_A_A,1.8
285,0.0,VAL, ,C,13.07,9.77,0.0,3.41,1.0,<Residue VAL het=  resseq=480 icode= >,1w0u_A_A,1.8
286,8.909,VAL, ,O,12.88,8.81,0.0,4.48,1.0,<Residue VAL het=  resseq=480 icode= >,1w0u_A_A,1.8
287,10.336,VAL, ,CB,14.14,11.80,0.0,2.43,1.0,<Residue VAL het=  resseq=480 icode= >,1w0u_A_A,1.8
288,42.396,VAL, ,CG1,14.35,12.08,0.0,2.30,1.0,<Residue VAL het=  resseq=480 icode= >,1w0u_A_A,1.8
289,44.609,VAL, ,CG2,13.54,13.16,0.0,2.50,1.0,<Residue VAL het=  resseq=480 icode= >,1w0u_A_A,1.8
290,8.582,ASN, ,N,11.81,9.80,0.0,3.57,1.0,<Residue ASN het=  resseq=481 icode= >,1w0u_A_A,1.8
291,9.354,ASN, ,CA,13.3,8.69,0.0,2.32,1.0,<Residue ASN het=  resseq=481 icode= >,1w0u_A_A,1.8
292,2.942,ASN, ,C,12.95,7.64,0.0,3.17,1.0,<Residue ASN het=  resseq=481 icode= >,1w0u_A_A,1.8
293,9.214,ASN, ,O,12.31,6.45,0.0,4.40,1.0,<Residue ASN het=  resseq=481 icode= >,1w0u_A_A,1.8
294,20.789,ASN, ,CB,12.43,8.25,0.0,2.66,1.0,<Residue ASN het=  resseq=481 icode= >,1w0u_A_A,1.8
295,5.32,ASN, ,CG,17.4,9.44,0.0,2.33,1.0,<Residue ASN het=  resseq=481 icode= >,1w0u_A_A,1.8
296,32.239,ASN, ,OD1,15.58,9.86,0.0,3.67,1.0,<Residue ASN het=  resseq=481 icode= >,1w0u_A_A,1.8
297,48.866,ASN, ,ND2,12.38,10.18,0.0,3.82,1.0,<Residue ASN het=  resseq=481 icode= >,1w0u_A_A,1.8
298,2.397,ARG, ,N,12.62,7.97,0.0,3.26,1.0,<Residue ARG het=  resseq=482 icode= >,1w0u_A_A,1.8
299,0.0,ARG, ,CA,12.57,7.08,0.0,2.30,1.0,<Residue ARG het=  resseq=482 icode= >,1w0u_A_A,1.8
300,1.102,ARG, ,C,13.88,7.95,0.0,3.40,1.0,<Residue ARG het=  resseq=482 icode= >,1w0u_A_A,1.8
301,10.305,ARG, ,O,14.8,9.10,0.0,3.74,1.0,<Residue ARG het=  resseq=482 icode= >,1w0u_A_A,1.8
302,0.0,ARG, ,CB,12.23,7.03,0.0,2.92,1.0,<Residue ARG het=  resseq=482 icode= >,1w0u_A_A,1.8
303,0.0,ARG, ,CG,10.66,6.58,0.0,3.28,1.0,<Residue ARG het=  resseq=482 icode= >,1w0u_A_A,1.8
304,0.679,ARG, ,CD,9.27,5.15,0.0,3.29,1.0,<Residue ARG het=  resseq=482 icode= >,1w0u_A_A,1.8
305,1.964,ARG, ,NE,10.59,5.08,0.0,4.35,1.0,<Residue ARG het=  resseq=482 icode= >,1w0u_A_A,1.8
306,1.382,ARG, ,CZ,12.59,4.19,0.0,3.87,1.0,<Residue ARG het=  resseq=482 icode= >,1w0u_A_A,1.8
307,2.843,ARG, ,NH1,14.4,3.00,2.592,2.83,1.0,<Residue ARG het=  resseq=482 icode= >,1w0u_A_A,1.8
308,4.067,ARG, ,NH2,14.7,4.82,0.0,2.73,1.0,<Residue ARG het=  resseq=482 icode= >,1w0u_A_A,1.8
309,0.0,THR, ,N,12.38,7.61,0.0,4.36,1.0,<Residue THR het=  resseq=483 icode= >,1w0u_A_A,1.8
310,5.864,THR, ,CA,11.69,8.11,0.0,2.67,1.0,<Residue THR het=  resseq=483 icode= >,1w0u_A_A,1.8
311,0.0,THR, ,C,10.94,7.08,0.0,3.26,1.0,<Residue THR het=  resseq=483 icode= >,1w0u_A_A,1.8
312,0.0,THR, ,O,8.81,7.58,0.0,4.36,1.0,<Residue THR het=  resseq=483 icode= >,1w0u_A_A,1.8
313,11.097,THR, ,CB,12.42,7.09,0.0,2.45,1.0,<Residue THR het=  resseq=483 icode= >,1w0u_A_A,1.8
314,3.145,THR, ,OG1,10.64,6.11,0.0,4.28,1.0,<Residue THR het=  resseq=483 icode= >,1w0u_A_A,1.8
315,55.834,THR, ,CG2,14.15,6.68,0.0,2.06,1.0,<Residue THR het=  resseq=483 icode= >,1w0u_A_A,1.8
316,4.178,ALA, ,N,9.49,5.83,0.0,3.93,1.0,<Residue ALA het=  resseq=484 icode= >,1w0u_A_A,1.8
317,0.0,ALA, ,CA,9.99,4.90,0.0,3.00,1.0,<Residue ALA het=  resseq=484 icode= >,1w0u_A_A,1.8
318,0.446,ALA, ,C,10.45,4.94,0.346,3.69,1.0,<Residue ALA het=  resseq=484 icode= >,1w0u_A_A,1.8
319,0.0,ALA, ,O,9.16,5.22,0.0,3.90,1.0,<Residue ALA het=  resseq=484 icode= >,1w0u_A_A,1.8
320,25.255,ALA, ,CB,10.87,3.62,10.466,2.51,1.0,<Residue ALA het=  resseq=484 icode= >,1w0u_A_A,1.8
321,0.145,VAL, ,N,9.74,5.18,0.0,4.20,1.0,<Residue VAL het=  resseq=485 icode= >,1w0u_A_A,1.8
322,1.478,VAL, ,CA,10.66,5.80,0.008,3.13,1.0,<Residue VAL het=  resseq=485 icode= >,1w0u_A_A,1.8
323,0.0,VAL, ,C,10.78,6.54,0.0,3.20,1.0,<Residue VAL het=  resseq=485 icode= >,1w0u_A_A,1.8
324,0.0,VAL, ,O,10.56,5.90,0.0,4.59,1.0,<Residue VAL het=  resseq=485 icode= >,1w0u_A_A,1.8
325,4.309,VAL, ,CB,11.57,5.19,0.0,2.72,1.0,<Residue VAL het=  resseq=485 icode= >,1w0u_A_A,1.8
326,31.287,VAL, ,CG1,12.35,3.97,23.874,2.65,1.0,<Residue VAL het=  resseq=485 icode= >,1w0u_A_A,1.8
327,59.32,VAL, ,CG2,12.08,3.88,36.106,2.11,1.0,<Residue VAL het=  resseq=485 icode= >,1w0u_A_A,1.8
328,0.0,MET, ,N,8.89,6.73,0.0,4.17,1.0,<Residue MET het=  resseq=486 icode= >,1w0u_A_A,1.8
329,1.668,MET, ,CA,7.87,5.42,0.772,3.17,1.0,<Residue MET het=  resseq=486 icode= >,1w0u_A_A,1.8
330,0.0,MET, ,C,8.85,5.83,0.0,3.43,1.0,<Residue MET het=  resseq=486 icode= >,1w0u_A_A,1.8
331,0.65,MET, ,O,8.75,5.48,0.0,4.89,1.0,<Residue MET het=  resseq=486 icode= >,1w0u_A_A,1.8
332,1.398,MET, ,CB,9.12,4.61,1.27,3.01,1.0,<Residue MET het=  resseq=486 icode= >,1w0u_A_A,1.8
333,22.14,MET, ,CG,11.44,4.52,18.253,2.05,1.0,<Residue MET het=  resseq=486 icode= >,1w0u_A_A,1.8
334,13.158,MET, ,SD,19.28,4.78,3.085,5.97,1.0,<Residue MET het=  resseq=486 icode= >,1w0u_A_A,1.8
335,29.111,MET, ,CE,15.27,3.47,17.995,2.13,1.0,<Residue MET het=  resseq=486 icode= >,1w0u_A_A,1.8
336,0.0,ILE, ,N,7.49,6.90,0.0,4.52,1.0,<Residue ILE het=  resseq=487 icode= >,1w0u_A_A,1.8
337,0.0,ILE, ,CA,7.19,7.70,0.0,3.25,1.0,<Residue ILE het=  resseq=487 icode= >,1w0u_A_A,1.8
338,0.0,ILE, ,C,7.88,8.31,0.0,3.97,1.0,<Residue ILE het=  resseq=487 icode= >,1w0u_A_A,1.8
339,0.0,ILE, ,O,8.46,8.56,0.0,4.85,1.0,<Residue ILE het=  resseq=487 icode= >,1w0u_A_A,1.8
340,0.0,ILE, ,CB,9.74,8.34,0.0,2.80,1.0,<Residue ILE het=  resseq=487 icode= >,1w0u_A_A,1.8
341,0.0,ILE, ,CG1,10.18,8.56,0.0,3.75,1.0,<Residue ILE het=  resseq=487 icode= >,1w0u_A_A,1.8
342,0.0,ILE, ,CG2,10.67,8.96,0.0,2.31,1.0,<Residue ILE het=  resseq=487 icode= >,1w0u_A_A,1.8
343,0.0,ILE, ,CD1,12.82,8.81,0.0,2.52,1.0,<Residue ILE het=  resseq=487 icode= >,1w0u_A_A,1.8
344,0.0,LYS, ,N,7.5,7.18,0.0,4.38,1.0,<Residue LYS het=  resseq=488 icode= >,1w0u_A_A,1.8
345,0.0,LYS, ,CA,8.15,6.04,0.0,3.32,1.0,<Residue LYS het=  resseq=488 icode= >,1w0u_A_A,1.8
346,0.0,LYS, ,C,8.71,6.77,0.0,4.11,1.0,<Residue LYS het=  resseq=488 icode= >,1w0u_A_A,1.8
347,1.255,LYS, ,O,7.94,6.78,0.0,5.27,1.0,<Residue LYS het=  resseq=488 icode= >,1w0u_A_A,1.8
348,0.683,LYS, ,CB,8.41,5.03,0.0,3.44,1.0,<Residue LYS het=  resseq=488 icode= >,1w0u_A_A,1.8
349,11.305,LYS, ,CG,9.84,3.94,8.624,3.18,1.0,<Residue LYS het=  resseq=488 icode= >,1w0u_A_A,1.8
350,16.528,LYS, ,CD,9.91,4.00,10.83,2.65,1.0,<Residue LYS het=  resseq=488 icode= >,1w0u_A_A,1.8
351,14.766,LYS, ,CE,12.19,3.46,14.299,2.34,1.0,<Residue LYS het=  resseq=488 icode= >,1w0u_A_A,1.8
352,20.95,LYS, ,NZ,13.33,2.74,20.95,3.24,1.0,<Residue LYS het=  resseq=488 icode= >,1w0u_A_A,1.8
353,0.0,ASP, ,N,6.94,6.22,0.0,4.20,1.0,<Residue ASP het=  resseq=489 icode= >,1w0u_A_A,1.8
354,0.0,ASP, ,CA,8.19,5.16,0.0,2.89,1.0,<Residue ASP het=  resseq=489 icode= >,1w0u_A_A,1.8
355,1.04,ASP, ,C,7.9,5.61,0.204,3.58,1.0,<Residue ASP het=  resseq=489 icode= >,1w0u_A_A,1.8
356,1.829,ASP, ,O,7.25,5.70,0.373,4.63,1.0,<Residue ASP het=  resseq=489 icode= >,1w0u_A_A,1.8
357,19.031,ASP, ,CB,9.28,3.77,16.579,3.00,1.0,<Residue ASP het=  resseq=489 icode= >,1w0u_A_A,1.8
358,6.319,ASP, ,CG,11.64,3.52,6.319,3.20,1.0,<Residue ASP het=  resseq=489 icode= >,1w0u_A_A,1.8
359,22.94,ASP, ,OD1,11.95,2.88,22.402,3.87,1.0,<Residue ASP het=  resseq=489 icode= >,1w0u_A_A,1.8
360,0.235,ASP, ,OD2,12.88,3.43,0.235,3.65,1.0,<Residue ASP het=  resseq=489 icode= >,1w0u_A_A,1.8
361,0.354,ARG, ,N,6.78,6.08,0.0,5.14,1.0,<Residue ARG het=  resseq=490 icode= >,1w0u_A_A,1.8
362,2.562,ARG, ,CA,7.63,5.15,0.556,2.99,1.0,<Residue ARG het=  resseq=490 icode= >,1w0u_A_A,1.8
363,0.0,ARG, ,C,7.32,5.92,0.0,4.41,1.0,<Residue ARG het=  resseq=490 icode= >,1w0u_A_A,1.8
364,0.0,ARG, ,O,6.79,5.55,0.0,4.67,1.0,<Residue ARG het=  resseq=490 icode= >,1w0u_A_A,1.8
365,0.0,ARG, ,CB,8.57,5.28,0.0,3.01,1.0,<Residue ARG het=  resseq=490 icode= >,1w0u_A_A,1.8
366,0.0,ARG, ,CG,6.88,5.00,0.0,3.40,1.0,<Residue ARG het=  resseq=490 icode= >,1w0u_A_A,1.8
367,1.69,ARG, ,CD,7.72,3.61,1.69,3.30,1.0,<Residue ARG het=  resseq=490 icode= >,1w0u_A_A,1.8
368,0.0,ARG, ,NE,9.78,4.13,0.0,3.85,1.0,<Residue ARG het=  resseq=490 icode= >,1w0u_A_A,1.8
369,0.0,ARG, ,CZ,11.05,3.83,0.0,3.50,1.0,<Residue ARG het=  resseq=490 icode= >,1w0u_A_A,1.8
370,19.185,ARG, ,NH1,11.54,2.78,13.836,3.20,1.0,<Residue ARG het=  resseq=490 icode= >,1w0u_A_A,1.8
371,9.558,ARG, ,NH2,9.35,4.96,0.0,3.96,1.0,<Residue ARG het=  resseq=490 icode= >,1w0u_A_A,1.8
372,0.0,TRP, ,N,6.7,7.23,0.0,5.47,1.0,<Residue TRP het=  resseq=491 icode= >,1w0u_A_A,1.8
373,0.0,TRP, ,CA,9.29,8.21,0.0,2.84,1.0,<Residue TRP het=  resseq=491 icode= >,1w0u_A_A,1.8
374,0.0,TRP, ,C,7.53,8.24,0.0,4.12,1.0,<Residue TRP het=  resseq=491 icode= >,1w0u_A_A,1.8
375,0.0,TRP, ,O,8.44,8.60,0.0,4.69,1.0,<Residue TRP het=  resseq=491 icode= >,1w0u_A_A,1.8
376,0.236,TRP, ,CB,9.91,8.18,0.0,2.26,1.0,<Residue TRP het=  resseq=491 icode= >,1w0u_A_A,1.8
377,0.0,TRP, ,CG,9.31,8.45,0.0,3.38,1.0,<Residue TRP het=  resseq=491 icode= >,1w0u_A_A,1.8
378,1.93,TRP, ,CD1,13.51,7.76,0.0,2.15,1.0,<Residue TRP het=  resseq=491 icode= >,1w0u_A_A,1.8
379,0.0,TRP, ,CD2,10.06,9.72,0.0,2.88,1.0,<Residue TRP het=  resseq=491 icode= >,1w0u_A_A,1.8
380,0.312,TRP, ,NE1,9.76,8.67,0.0,3.22,1.0,<Residue TRP het=  resseq=491 icode= >,1w0u_A_A,1.8
381,0.0,TRP, ,CE2,12.25,9.81,0.0,2.48,1.0,<Residue TRP het=  resseq=491 icode= >,1w0u_A_A,1.8
382,0.0,TRP, ,CE3,11.07,10.40,0.0,3.30,1.0,<Residue TRP het=  resseq=491 icode= >,1w0u_A_A,1.8
383,11.559,TRP, ,CZ2,13.22,11.04,0.0,3.11,1.0,<Residue TRP het=  resseq=491 icode= >,1w0u_A_A,1.8
384,0.0,TRP, ,CZ3,14.46,11.22,0.0,2.76,1.0,<Residue TRP het=  resseq=491 icode= >,1w0u_A_A,1.8
385,3.253,TRP, ,CH2,13.7,12.06,0.0,2.50,1.0,<Residue TRP het=  resseq=491 icode= >,1w0u_A_A,1.8
386,0.347,ARG, ,N,8.54,8.20,0.0,4.48,1.0,<Residue ARG het=  resseq=492 icode= >,1w0u_A_A,1.8
387,2.256,ARG, ,CA,8.65,8.00,0.0,3.79,1.0,<Residue ARG het=  resseq=492 icode= >,1w0u_A_A,1.8
388,0.0,ARG, ,C,10.18,7.19,0.0,3.41,1.0,<Residue ARG het=  resseq=492 icode= >,1w0u_A_A,1.8
389,0.0,ARG, ,O,8.98,6.96,0.0,5.14,1.0,<Residue ARG het=  resseq=492 icode= >,1w0u_A_A,1.8
390,4.218,ARG, ,CB,9.53,6.66,0.0,3.52,1.0,<Residue ARG het=  resseq=492 icode= >,1w0u_A_A,1.8
391,4.517,ARG, ,CG,12.58,6.52,0.0,2.25,1.0,<Residue ARG het=  resseq=492 icode= >,1w0u_A_A,1.8
392,27.053,ARG, ,CD,14.21,5.19,2.554,2.22,1.0,<Residue ARG het=  resseq=492 icode= >,1w0u_A_A,1.8
393,5.648,ARG, ,NE,14.63,4.73,0.61,3.43,1.0,<Residue ARG het=  resseq=492 icode= >,1w0u_A_A,1.8
394,6.531,ARG, ,CZ,14.38,3.69,2.884,3.19,1.0,<Residue ARG het=  resseq=492 icode= >,1w0u_A_A,1.8
395,50.408,ARG, ,NH1,12.52,2.94,42.02,3.61,1.0,<Residue ARG het=  resseq=492 icode= >,1w0u_A_A,1.8
396,31.126,ARG, ,NH2,14.19,2.67,31.126,2.91,1.0,<Residue ARG het=  resseq=492 icode= >,1w0u_A_A,1.8
397,0.0,THR, ,N,7.67,6.36,0.0,4.83,1.0,<Residue THR het=  resseq=493 icode= >,1w0u_A_A,1.8
398,2.972,THR, ,CA,8.74,5.40,1.085,3.20,1.0,<Residue THR het=  resseq=493 icode= >,1w0u_A_A,1.8
399,0.0,THR, ,C,9.18,5.95,0.0,3.97,1.0,<Residue THR het=  resseq=493 icode= >,1w0u_A_A,1.8
400,0.0,THR, ,O,10.06,5.49,0.0,4.84,1.0,<Residue THR het=  resseq=493 icode= >,1w0u_A_A,1.8
401,0.708,THR, ,CB,9.04,4.10,0.708,2.76,1.0,<Residue THR het=  resseq=493 icode= >,1w0u_A_A,1.8
402,27.471,THR, ,OG1,7.52,3.83,20.988,4.40,1.0,<Residue THR het=  resseq=493 icode= >,1w0u_A_A,1.8
403,22.906,THR, ,CG2,8.99,3.73,22.906,2.49,1.0,<Residue THR het=  resseq=493 icode= >,1w0u_A_A,1.8
404,0.0,MET, ,N,7.44,6.25,0.0,4.84,1.0,<Residue MET het=  resseq=494 icode= >,1w0u_A_A,1.8
405,0.0,MET, ,CA,8.37,7.13,0.0,3.41,1.0,<Residue MET het=  resseq=494 icode= >,1w0u_A_A,1.8
406,0.0,MET, ,C,8.41,8.39,0.0,4.08,1.0,<Residue MET het=  resseq=494 icode= >,1w0u_A_A,1.8
407,0.0,MET, ,O,9.98,8.62,0.0,4.41,1.0,<Residue MET het=  resseq=494 icode= >,1w0u_A_A,1.8
408,0.0,MET, ,CB,7.53,7.46,0.0,4.38,1.0,<Residue MET het=  resseq=494 icode= >,1w0u_A_A,1.8
409,0.0,MET, ,CG,8.59,6.50,0.0,3.13,1.0,<Residue MET het=  resseq=494 icode= >,1w0u_A_A,1.8
410,0.0,MET, ,SD,9.96,7.44,0.0,9.79,1.0,<Residue MET het=  resseq=494 icode= >,1w0u_A_A,1.8
411,0.907,MET, ,CE,11.05,8.81,0.0,2.18,1.0,<Residue MET het=  resseq=494 icode= >,1w0u_A_A,1.8
412,0.0,LYS, ,N,8.52,8.67,0.0,5.11,1.0,<Residue LYS het=  resseq=495 icode= >,1w0u_A_A,1.8
413,0.0,LYS, ,CA,11.51,9.24,0.0,2.94,1.0,<Residue LYS het=  resseq=495 icode= >,1w0u_A_A,1.8
414,0.0,LYS, ,C,12.79,8.37,0.0,4.04,1.0,<Residue LYS het=  resseq=495 icode= >,1w0u_A_A,1.8
415,15.097,LYS, ,O,11.84,9.01,0.0,4.16,1.0,<Residue LYS het=  resseq=495 icode= >,1w0u_A_A,1.8
416,0.351,LYS, ,CB,12.27,9.75,0.0,2.39,1.0,<Residue LYS het=  resseq=495 icode= >,1w0u_A_A,1.8
417,0.0,LYS, ,CG,12.09,9.52,0.0,2.70,1.0,<Residue LYS het=  resseq=495 icode= >,1w0u_A_A,1.8
418,0.588,LYS, ,CD,15.0,8.16,0.0,2.43,1.0,<Residue LYS het=  resseq=495 icode= >,1w0u_A_A,1.8
419,32.941,LYS, ,CE,14.08,8.11,0.0,0.19,0.0,<Residue LYS het=  resseq=495 icode= >,1w0u_A_A,1.8
420,19.119,LYS, ,NZ,14.48,8.25,0.0,-0.78,0.0,<Residue LYS het=  resseq=495 icode= >,1w0u_A_A,1.8
421,0.0,ARG, ,N,12.76,7.09,0.0,3.75,1.0,<Residue ARG het=  resseq=496 icode= >,1w0u_A_A,1.8
422,5.396,ARG, ,CA,14.73,6.40,0.0,2.82,1.0,<Residue ARG het=  resseq=496 icode= >,1w0u_A_A,1.8
423,0.009,ARG, ,C,15.05,6.42,0.0,2.95,1.0,<Residue ARG het=  resseq=496 icode= >,1w0u_A_A,1.8
424,29.601,ARG, ,O,14.82,6.85,0.0,4.13,1.0,<Residue ARG het=  resseq=496 icode= >,1w0u_A_A,1.8
425,20.487,ARG, ,CB,17.46,5.08,5.675,3.13,1.0,<Residue ARG het=  resseq=496 icode= >,1w0u_A_A,1.8
426,17.777,ARG, ,CG,22.51,5.44,1.495,1.36,1.0,<Residue ARG het=  resseq=496 icode= >,1w0u_A_A,1.8
427,20.1,ARG, ,CD,27.3,6.91,0.0,0.31,1.0,<Residue ARG het=  resseq=496 icode= >,1w0u_A_A,1.8
428,1.133,ARG, ,NE,26.98,7.72,0.0,2.26,1.0,<Residue ARG het=  resseq=496 icode= >,1w0u_A_A,1.8
429,4.102,ARG, ,CZ,31.54,7.55,0.0,1.26,1.0,<Residue ARG het=  resseq=496 icode= >,1w0u_A_A,1.8
430,27.347,ARG, ,NH1,33.38,7.99,0.0,0.92,1.0,<Residue ARG het=  resseq=496 icode= >,1w0u_A_A,1.8
431,20.686,ARG, ,NH2,33.21,6.46,0.0,0.92,1.0,<Residue ARG het=  resseq=496 icode= >,1w0u_A_A,1.8
432,0.0,LEU, ,N,12.97,6.39,0.0,3.33,1.0,<Residue LEU het=  resseq=497 icode= >,1w0u_A_A,1.8
433,3.228,LEU, ,CA,12.59,6.31,0.0,2.88,1.0,<Residue LEU het=  resseq=497 icode= >,1w0u_A_A,1.8
434,3.804,LEU, ,C,13.04,7.73,0.0,3.08,1.0,<Residue LEU het=  resseq=497 icode= >,1w0u_A_A,1.8
435,21.426,LEU, ,O,13.33,8.05,0.0,4.05,1.0,<Residue LEU het=  resseq=497 icode= >,1w0u_A_A,1.8
436,3.846,LEU, ,CB,13.91,5.67,0.0,3.04,1.0,<Residue LEU het=  resseq=497 icode= >,1w0u_A_A,1.8
437,1.125,LEU, ,CG,15.11,4.19,1.125,2.17,1.0,<Residue LEU het=  resseq=497 icode= >,1w0u_A_A,1.8
438,28.336,LEU, ,CD1,15.86,4.21,12.804,2.42,1.0,<Residue LEU het=  resseq=497 icode= >,1w0u_A_A,1.8
439,56.402,LEU, ,CD2,18.19,3.46,18.073,2.04,1.0,<Residue LEU het=  resseq=497 icode= >,1w0u_A_A,1.8
440,1.026,GLY, ,N,12.46,8.74,0.0,4.56,1.0,<Residue GLY het=  resseq=498 icode= >,1w0u_A_A,1.8
441,30.582,GLY, ,CA,12.03,10.11,0.0,3.10,1.0,<Residue GLY het=  resseq=498 icode= >,1w0u_A_A,1.8
442,0.677,GLY, ,C,12.61,10.66,0.0,3.34,1.0,<Residue GLY het=  resseq=498 icode= >,1w0u_A_A,1.8
443,31.841,GLY, ,O,10.41,11.56,0.0,5.03,1.0,<Residue GLY het=  resseq=498 icode= >,1w0u_A_A,1.8
444,0.0,MET, ,N,11.16,10.32,0.0,4.70,1.0,<Residue MET het=  resseq=499 icode= >,1w0u_A_A,1.8
445,7.91,MET, ,CA,11.8,10.70,0.0,3.68,1.0,<Residue MET het=  resseq=499 icode= >,1w0u_A_A,1.8
446,2.313,MET, ,C,13.31,11.11,0.0,3.52,1.0,<Residue MET het=  resseq=499 icode= >,1w0u_A_A,1.8
447,2.135,MET, ,O,14.22,11.12,0.0,4.08,1.0,<Residue MET het=  resseq=499 icode= >,1w0u_A_A,1.8
448,2.029,MET, ,CB,12.09,9.31,0.0,3.11,1.0,<Residue MET het=  resseq=499 icode= >,1w0u_A_A,1.8
449,12.609,MET, ,CG,13.42,8.99,0.0,2.82,1.0,<Residue MET het=  resseq=499 icode= >,1w0u_A_A,1.8
450,8.909,MET, ,SD,17.7,7.39,0.0,7.02,1.0,<Residue MET het=  resseq=499 icode= >,1w0u_A_A,1.8
451,43.522,MET, ,CE,21.93,8.01,0.0,0.93,1.0,<Residue MET het=  resseq=499 icode= >,1w0u_A_A,1.8
452,0.0,ASN, ,N,14.11,11.68,0.0,3.12,1.0,<Residue ASN het=  resseq=500 icode= >,1w0u_A_A,1.8
453,0.0,ASN, ,CA,15.8,12.31,0.0,2.50,1.0,<Residue ASN het=  resseq=500 icode= >,1w0u_A_A,1.8
454,4.437,ASN, ,C,18.0,13.75,0.0,2.71,1.0,<Residue ASN het=  resseq=500 icode= >,1w0u_A_A,1.8
455,27.822,ASN, ,O,19.3,14.36,0.0,2.82,1.0,<Residue ASN het=  resseq=500 icode= >,1w0u_A_A,1.8
456,0.304,ASN, ,CB,15.51,12.38,0.0,3.24,1.0,<Residue ASN het=  resseq=500 icode= >,1w0u_A_A,1.8
457,0.156,ASN, ,CG,16.2,12.91,0.0,3.66,1.0,<Residue ASN het=  resseq=500 icode= >,1w0u_A_A,1.8
458,30.378,ASN, ,OD1,19.64,12.81,0.0,2.11,1.0,<Residue ASN het=  resseq=500 icode= >,1w0u_A_A,1.8
459,13.062,ASN, ,ND2,13.56,12.06,0.0,4.01,1.0,<Residue ASN het=  resseq=500 icode= >,1w0u_A_A,1.8
460,21.694,ASN, ,OXT,21.6,14.35,0.0,2.40,1.0,<Residue ASN het=  resseq=500 icode= >,1w0u_A_A,1.8
