,ASA,aa,altloc,atom,bfac,d2r,dASA,dens,occ,residue,id,resolu
0,52.201,SER, ,N,69.74,1000.00,0.0,0.87,1.0,<Residue SER het=  resseq=281 icode= >,2ayg_B_A,3.1
1,13.522,SER, ,CA,69.4,1000.00,0.0,1.86,1.0,<Residue SER het=  resseq=281 icode= >,2ayg_B_A,3.1
2,2.264,SER, ,C,68.75,1000.00,0.0,2.16,1.0,<Residue SER het=  resseq=281 icode= >,2ayg_B_A,3.1
3,20.781,SER, ,O,68.8,1000.00,0.0,1.68,1.0,<Residue SER het=  resseq=281 icode= >,2ayg_B_A,3.1
4,42.166,SER, ,CB,69.76,1000.00,0.0,1.51,1.0,<Residue SER het=  resseq=281 icode= >,2ayg_B_A,3.1
5,24.984,SER, ,OG,70.22,1000.00,0.0,1.29,1.0,<Residue SER het=  resseq=281 icode= >,2ayg_B_A,3.1
6,11.031,SER, ,N,67.75,1000.00,0.0,1.32,1.0,<Residue SER het=  resseq=282 icode= >,2ayg_B_A,3.1
7,7.86,SER, ,CA,66.54,1000.00,0.0,2.10,1.0,<Residue SER het=  resseq=282 icode= >,2ayg_B_A,3.1
8,4.223,SER, ,C,65.03,1000.00,0.0,1.88,1.0,<Residue SER het=  resseq=282 icode= >,2ayg_B_A,3.1
9,2.345,SER, ,O,64.95,1000.00,0.0,1.29,1.0,<Residue SER het=  resseq=282 icode= >,2ayg_B_A,3.1
10,46.801,SER, ,CB,66.77,1000.00,0.0,1.19,1.0,<Residue SER het=  resseq=282 icode= >,2ayg_B_A,3.1
11,2.514,SER, ,OG,68.22,1000.00,0.0,0.48,1.0,<Residue SER het=  resseq=282 icode= >,2ayg_B_A,3.1
12,1.534,ALA, ,N,62.76,1000.00,0.0,1.50,1.0,<Residue ALA het=  resseq=283 icode= >,2ayg_B_A,3.1
13,4.65,ALA, ,CA,60.0,1000.00,0.0,1.86,1.0,<Residue ALA het=  resseq=283 icode= >,2ayg_B_A,3.1
14,0.0,ALA, ,C,58.02,1000.00,0.0,2.23,1.0,<Residue ALA het=  resseq=283 icode= >,2ayg_B_A,3.1
15,13.37,ALA, ,O,58.33,1000.00,0.0,1.50,1.0,<Residue ALA het=  resseq=283 icode= >,2ayg_B_A,3.1
16,14.966,ALA, ,CB,59.98,1000.00,0.0,0.54,1.0,<Residue ALA het=  resseq=283 icode= >,2ayg_B_A,3.1
17,0.0,THR, ,N,54.93,1000.00,0.0,1.78,1.0,<Residue THR het=  resseq=284 icode= >,2ayg_B_A,3.1
18,0.0,THR, ,CA,51.85,1000.00,0.0,3.31,1.0,<Residue THR het=  resseq=284 icode= >,2ayg_B_A,3.1
19,0.0,THR, ,C,50.26,1000.00,0.0,2.87,1.0,<Residue THR het=  resseq=284 icode= >,2ayg_B_A,3.1
20,0.0,THR, ,O,49.76,1000.00,0.0,1.12,1.0,<Residue THR het=  resseq=284 icode= >,2ayg_B_A,3.1
21,0.0,THR, ,CB,51.68,1000.00,0.0,2.93,1.0,<Residue THR het=  resseq=284 icode= >,2ayg_B_A,3.1
22,9.24,THR, ,OG1,51.5,1000.00,0.0,1.35,1.0,<Residue THR het=  resseq=284 icode= >,2ayg_B_A,3.1
23,2.99,THR, ,CG2,51.22,1000.00,0.0,0.86,1.0,<Residue THR het=  resseq=284 icode= >,2ayg_B_A,3.1
24,0.0,PRO, ,N,48.77,1000.00,0.0,3.04,1.0,<Residue PRO het=  resseq=285 icode= >,2ayg_B_A,3.1
25,0.0,PRO, ,CA,47.57,1000.00,0.0,3.06,1.0,<Residue PRO het=  resseq=285 icode= >,2ayg_B_A,3.1
26,0.0,PRO, ,C,46.49,1000.00,0.0,3.27,1.0,<Residue PRO het=  resseq=285 icode= >,2ayg_B_A,3.1
27,0.0,PRO, ,O,46.34,1000.00,0.0,1.92,1.0,<Residue PRO het=  resseq=285 icode= >,2ayg_B_A,3.1
28,0.0,PRO, ,CB,47.71,1000.00,0.0,1.71,1.0,<Residue PRO het=  resseq=285 icode= >,2ayg_B_A,3.1
29,0.0,PRO, ,CG,48.07,1000.00,0.0,1.48,1.0,<Residue PRO het=  resseq=285 icode= >,2ayg_B_A,3.1
30,12.223,PRO, ,CD,48.64,1000.00,0.0,1.75,1.0,<Residue PRO het=  resseq=285 icode= >,2ayg_B_A,3.1
31,0.0,ILE, ,N,44.97,18.93,0.0,2.50,1.0,<Residue ILE het=  resseq=286 icode= >,2ayg_B_A,3.1
32,0.0,ILE, ,CA,43.74,17.54,0.0,3.31,1.0,<Residue ILE het=  resseq=286 icode= >,2ayg_B_A,3.1
33,0.0,ILE, ,C,43.87,17.44,0.0,3.31,1.0,<Residue ILE het=  resseq=286 icode= >,2ayg_B_A,3.1
34,0.0,ILE, ,O,43.82,18.43,0.0,1.89,1.0,<Residue ILE het=  resseq=286 icode= >,2ayg_B_A,3.1
35,0.0,ILE, ,CB,43.21,16.72,0.0,2.73,1.0,<Residue ILE het=  resseq=286 icode= >,2ayg_B_A,3.1
36,0.0,ILE, ,CG1,41.54,17.47,0.0,1.70,1.0,<Residue ILE het=  resseq=286 icode= >,2ayg_B_A,3.1
37,0.0,ILE, ,CG2,43.13,16.59,0.0,0.29,1.0,<Residue ILE het=  resseq=286 icode= >,2ayg_B_A,3.1
38,16.151,ILE, ,CD1,41.26,16.64,11.951,0.34,1.0,<Residue ILE het=  resseq=286 icode= >,2ayg_B_A,3.1
39,0.0,VAL, ,N,43.8,16.31,0.0,2.85,1.0,<Residue VAL het=  resseq=287 icode= >,2ayg_B_A,3.1
40,0.0,VAL, ,CA,44.08,16.22,0.0,3.63,1.0,<Residue VAL het=  resseq=287 icode= >,2ayg_B_A,3.1
41,0.0,VAL, ,C,44.77,14.90,0.0,3.68,1.0,<Residue VAL het=  resseq=287 icode= >,2ayg_B_A,3.1
42,0.0,VAL, ,O,44.74,13.81,0.0,2.17,1.0,<Residue VAL het=  resseq=287 icode= >,2ayg_B_A,3.1
43,0.0,VAL, ,CB,43.92,15.12,0.0,2.12,1.0,<Residue VAL het=  resseq=287 icode= >,2ayg_B_A,3.1
44,0.0,VAL, ,CG1,43.36,14.15,0.0,0.50,1.0,<Residue VAL het=  resseq=287 icode= >,2ayg_B_A,3.1
45,0.0,VAL, ,CG2,43.31,15.53,0.0,0.70,1.0,<Residue VAL het=  resseq=287 icode= >,2ayg_B_A,3.1
46,0.242,GLN, ,N,45.48,15.09,0.242,3.10,1.0,<Residue GLN het=  resseq=288 icode= >,2ayg_B_A,3.1
47,0.0,GLN, ,CA,47.18,14.04,0.0,3.42,1.0,<Residue GLN het=  resseq=288 icode= >,2ayg_B_A,3.1
48,0.0,GLN, ,C,47.61,13.96,0.0,3.32,1.0,<Residue GLN het=  resseq=288 icode= >,2ayg_B_A,3.1
49,0.028,GLN, ,O,47.93,14.14,0.0,1.82,1.0,<Residue GLN het=  resseq=288 icode= >,2ayg_B_A,3.1
50,5.174,GLN, ,CB,46.96,14.57,5.174,1.57,1.0,<Residue GLN het=  resseq=288 icode= >,2ayg_B_A,3.1
51,0.0,GLN, ,CG,48.48,13.87,0.0,1.48,1.0,<Residue GLN het=  resseq=288 icode= >,2ayg_B_A,3.1
52,3.832,GLN, ,CD,49.11,14.26,3.832,2.38,1.0,<Residue GLN het=  resseq=288 icode= >,2ayg_B_A,3.1
53,10.604,GLN, ,OE1,52.29,14.03,10.378,1.41,1.0,<Residue GLN het=  resseq=288 icode= >,2ayg_B_A,3.1
54,24.237,GLN, ,NE2,48.76,14.44,22.201,1.68,1.0,<Residue GLN het=  resseq=288 icode= >,2ayg_B_A,3.1
55,0.0,PHE, ,N,48.19,12.76,0.0,2.31,1.0,<Residue PHE het=  resseq=289 icode= >,2ayg_B_A,3.1
56,0.0,PHE, ,CA,48.69,12.01,0.0,3.27,1.0,<Residue PHE het=  resseq=289 icode= >,2ayg_B_A,3.1
57,0.0,PHE, ,C,49.37,11.74,0.0,4.00,1.0,<Residue PHE het=  resseq=289 icode= >,2ayg_B_A,3.1
58,0.0,PHE, ,O,49.9,10.94,0.0,1.77,1.0,<Residue PHE het=  resseq=289 icode= >,2ayg_B_A,3.1
59,0.0,PHE, ,CB,48.34,10.93,0.0,2.50,1.0,<Residue PHE het=  resseq=289 icode= >,2ayg_B_A,3.1
60,0.0,PHE, ,CG,49.45,11.30,0.0,2.15,1.0,<Residue PHE het=  resseq=289 icode= >,2ayg_B_A,3.1
61,0.412,PHE, ,CD1,50.44,12.02,0.0,1.28,1.0,<Residue PHE het=  resseq=289 icode= >,2ayg_B_A,3.1
62,0.0,PHE, ,CD2,49.7,10.59,0.0,1.09,1.0,<Residue PHE het=  resseq=289 icode= >,2ayg_B_A,3.1
63,0.0,PHE, ,CE1,51.01,11.91,0.0,0.89,1.0,<Residue PHE het=  resseq=289 icode= >,2ayg_B_A,3.1
64,0.0,PHE, ,CE2,48.24,10.48,0.0,1.47,1.0,<Residue PHE het=  resseq=289 icode= >,2ayg_B_A,3.1
65,0.116,PHE, ,CZ,48.43,11.16,0.0,1.49,1.0,<Residue PHE het=  resseq=289 icode= >,2ayg_B_A,3.1
66,0.0,GLN, ,N,50.06,11.20,0.0,2.60,1.0,<Residue GLN het=  resseq=290 icode= >,2ayg_B_A,3.1
67,0.0,GLN, ,CA,51.33,11.26,0.0,2.66,1.0,<Residue GLN het=  resseq=290 icode= >,2ayg_B_A,3.1
68,0.0,GLN, ,C,51.35,10.06,0.0,2.92,1.0,<Residue GLN het=  resseq=290 icode= >,2ayg_B_A,3.1
69,1.664,GLN, ,O,51.77,9.45,0.0,1.51,1.0,<Residue GLN het=  resseq=290 icode= >,2ayg_B_A,3.1
70,0.0,GLN, ,CB,51.96,12.45,0.0,1.38,1.0,<Residue GLN het=  resseq=290 icode= >,2ayg_B_A,3.1
71,0.035,GLN, ,CG,55.35,13.32,0.0,1.49,1.0,<Residue GLN het=  resseq=290 icode= >,2ayg_B_A,3.1
72,0.0,GLN, ,CD,59.96,14.06,0.0,1.97,1.0,<Residue GLN het=  resseq=290 icode= >,2ayg_B_A,3.1
73,3.457,GLN, ,OE1,61.81,13.98,1.975,0.92,1.0,<Residue GLN het=  resseq=290 icode= >,2ayg_B_A,3.1
74,11.915,GLN, ,NE2,60.84,14.13,0.0,0.99,1.0,<Residue GLN het=  resseq=290 icode= >,2ayg_B_A,3.1
75,0.0,GLY, ,N,51.25,9.96,0.0,2.21,1.0,<Residue GLY het=  resseq=291 icode= >,2ayg_B_A,3.1
76,7.634,GLY, ,CA,51.02,9.00,0.0,1.85,1.0,<Residue GLY het=  resseq=291 icode= >,2ayg_B_A,3.1
77,1.567,GLY, ,C,50.75,8.96,0.0,2.65,1.0,<Residue GLY het=  resseq=291 icode= >,2ayg_B_A,3.1
78,0.013,GLY, ,O,50.79,8.05,0.0,1.69,1.0,<Residue GLY het=  resseq=291 icode= >,2ayg_B_A,3.1
79,5.81,GLU, ,N,50.22,8.26,0.0,2.14,1.0,<Residue GLU het=  resseq=292 icode= >,2ayg_B_A,3.1
80,8.702,GLU, ,CA,49.24,7.74,0.0,2.36,1.0,<Residue GLU het=  resseq=292 icode= >,2ayg_B_A,3.1
81,0.0,GLU, ,C,48.51,6.93,0.0,3.47,1.0,<Residue GLU het=  resseq=292 icode= >,2ayg_B_A,3.1
82,0.0,GLU, ,O,47.68,7.39,0.0,2.00,1.0,<Residue GLU het=  resseq=292 icode= >,2ayg_B_A,3.1
83,19.633,GLU, ,CB,49.32,6.66,0.0,0.82,0.5,<Residue GLU het=  resseq=292 icode= >,2ayg_B_A,3.1
84,37.766,GLU, ,CG,49.57,6.18,0.0,0.28,0.5,<Residue GLU het=  resseq=292 icode= >,2ayg_B_A,3.1
85,7.159,GLU, ,CD,50.24,5.38,2.278,0.52,0.5,<Residue GLU het=  resseq=292 icode= >,2ayg_B_A,3.1
86,25.914,GLU, ,OE1,50.12,5.66,0.0,0.20,0.5,<Residue GLU het=  resseq=292 icode= >,2ayg_B_A,3.1
87,4.584,GLU, ,OE2,49.68,4.85,3.589,0.21,0.5,<Residue GLU het=  resseq=292 icode= >,2ayg_B_A,3.1
88,3.207,SER, ,N,47.94,5.62,0.0,2.43,1.0,<Residue SER het=  resseq=293 icode= >,2ayg_B_A,3.1
89,0.0,SER, ,CA,47.77,4.99,0.0,2.83,1.0,<Residue SER het=  resseq=293 icode= >,2ayg_B_A,3.1
90,0.733,SER, ,C,47.09,5.58,0.275,3.44,1.0,<Residue SER het=  resseq=293 icode= >,2ayg_B_A,3.1
91,0.501,SER, ,O,46.51,5.17,0.362,1.48,1.0,<Residue SER het=  resseq=293 icode= >,2ayg_B_A,3.1
92,27.205,SER, ,CB,47.87,3.48,17.95,1.23,1.0,<Residue SER het=  resseq=293 icode= >,2ayg_B_A,3.1
93,27.141,SER, ,OG,49.1,2.94,17.637,0.75,1.0,<Residue SER het=  resseq=293 icode= >,2ayg_B_A,3.1
94,0.0,ASN, ,N,47.0,5.77,0.0,2.40,1.0,<Residue ASN het=  resseq=294 icode= >,2ayg_B_A,3.1
95,2.962,ASN, ,CA,47.34,6.31,0.0,2.40,1.0,<Residue ASN het=  resseq=294 icode= >,2ayg_B_A,3.1
96,0.0,ASN, ,C,47.39,5.79,0.0,2.53,1.0,<Residue ASN het=  resseq=294 icode= >,2ayg_B_A,3.1
97,0.0,ASN, ,O,46.93,6.02,0.0,0.78,1.0,<Residue ASN het=  resseq=294 icode= >,2ayg_B_A,3.1
98,19.559,ASN, ,CB,47.41,5.16,2.31,1.17,1.0,<Residue ASN het=  resseq=294 icode= >,2ayg_B_A,3.1
99,5.648,ASN, ,CG,47.83,4.02,3.358,2.28,1.0,<Residue ASN het=  resseq=294 icode= >,2ayg_B_A,3.1
100,21.331,ASN, ,OD1,48.14,3.18,15.436,1.25,1.0,<Residue ASN het=  resseq=294 icode= >,2ayg_B_A,3.1
101,26.453,ASN, ,ND2,47.67,3.60,26.453,0.84,1.0,<Residue ASN het=  resseq=294 icode= >,2ayg_B_A,3.1
102,0.024,CYS, ,N,47.69,5.22,0.024,1.55,1.0,<Residue CYS het=  resseq=295 icode= >,2ayg_B_A,3.1
103,1.25,CYS, ,CA,47.81,4.20,1.25,2.05,1.0,<Residue CYS het=  resseq=295 icode= >,2ayg_B_A,3.1
104,0.0,CYS, ,C,47.52,4.62,0.0,2.56,1.0,<Residue CYS het=  resseq=295 icode= >,2ayg_B_A,3.1
105,0.274,CYS, ,O,47.43,4.30,0.274,1.22,1.0,<Residue CYS het=  resseq=295 icode= >,2ayg_B_A,3.1
106,22.12,CYS, ,CB,47.59,3.41,21.207,0.72,1.0,<Residue CYS het=  resseq=295 icode= >,2ayg_B_A,3.1
107,3.625,CYS, ,SG,48.62,4.67,0.061,0.57,0.5,<Residue CYS het=  resseq=295 icode= >,2ayg_B_A,3.1
108,0.0,LEU, ,N,47.11,5.80,0.0,1.47,1.0,<Residue LEU het=  resseq=296 icode= >,2ayg_B_A,3.1
109,0.0,LEU, ,CA,46.52,6.75,0.0,2.14,1.0,<Residue LEU het=  resseq=296 icode= >,2ayg_B_A,3.1
110,0.0,LEU, ,C,46.58,6.04,0.0,2.61,1.0,<Residue LEU het=  resseq=296 icode= >,2ayg_B_A,3.1
111,0.253,LEU, ,O,45.97,6.55,0.0,1.49,1.0,<Residue LEU het=  resseq=296 icode= >,2ayg_B_A,3.1
112,0.0,LEU, ,CB,46.03,6.80,0.0,1.39,1.0,<Residue LEU het=  resseq=296 icode= >,2ayg_B_A,3.1
113,0.0,LEU, ,CG,45.34,8.18,0.0,2.13,1.0,<Residue LEU het=  resseq=296 icode= >,2ayg_B_A,3.1
114,0.0,LEU, ,CD1,44.64,8.35,0.0,0.53,1.0,<Residue LEU het=  resseq=296 icode= >,2ayg_B_A,3.1
115,0.105,LEU, ,CD2,44.1,8.25,0.0,0.72,1.0,<Residue LEU het=  resseq=296 icode= >,2ayg_B_A,3.1
116,0.0,LYS, ,N,46.72,4.90,0.0,1.66,1.0,<Residue LYS het=  resseq=297 icode= >,2ayg_B_A,3.1
117,0.0,LYS, ,CA,46.77,4.13,0.0,2.39,1.0,<Residue LYS het=  resseq=297 icode= >,2ayg_B_A,3.1
118,0.0,LYS, ,C,47.82,5.29,0.0,3.02,1.0,<Residue LYS het=  resseq=297 icode= >,2ayg_B_A,3.1
119,0.66,LYS, ,O,47.99,4.91,0.62,1.27,1.0,<Residue LYS het=  resseq=297 icode= >,2ayg_B_A,3.1
120,1.992,LYS, ,CB,46.37,3.46,1.726,1.39,1.0,<Residue LYS het=  resseq=297 icode= >,2ayg_B_A,3.1
121,5.732,LYS, ,CG,45.76,3.50,4.735,1.11,1.0,<Residue LYS het=  resseq=297 icode= >,2ayg_B_A,3.1
122,31.26,LYS, ,CD,46.07,3.39,30.965,1.31,1.0,<Residue LYS het=  resseq=297 icode= >,2ayg_B_A,3.1
123,25.301,LYS, ,CE,44.17,3.47,23.791,1.42,1.0,<Residue LYS het=  resseq=297 icode= >,2ayg_B_A,3.1
124,33.789,LYS, ,NZ,44.67,2.95,33.127,0.91,1.0,<Residue LYS het=  resseq=297 icode= >,2ayg_B_A,3.1
125,0.0,CYS, ,N,48.86,6.27,0.0,1.83,1.0,<Residue CYS het=  resseq=298 icode= >,2ayg_B_A,3.1
126,0.51,CYS, ,CA,50.25,5.37,0.306,2.42,1.0,<Residue CYS het=  resseq=298 icode= >,2ayg_B_A,3.1
127,0.0,CYS, ,C,50.22,5.59,0.0,2.70,1.0,<Residue CYS het=  resseq=298 icode= >,2ayg_B_A,3.1
128,0.075,CYS, ,O,50.91,5.71,0.0,0.82,1.0,<Residue CYS het=  resseq=298 icode= >,2ayg_B_A,3.1
129,14.902,CYS, ,CB,50.21,4.00,10.685,1.57,1.0,<Residue CYS het=  resseq=298 icode= >,2ayg_B_A,3.1
130,22.365,CYS, ,SG,54.91,3.85,22.355,2.35,1.0,<Residue CYS het=  resseq=298 icode= >,2ayg_B_A,3.1
131,0.0,PHE, ,N,50.05,5.92,0.0,2.36,1.0,<Residue PHE het=  resseq=299 icode= >,2ayg_B_A,3.1
132,0.0,PHE, ,CA,49.87,6.20,0.0,2.65,1.0,<Residue PHE het=  resseq=299 icode= >,2ayg_B_A,3.1
133,0.0,PHE, ,C,50.31,7.36,0.0,2.94,1.0,<Residue PHE het=  resseq=299 icode= >,2ayg_B_A,3.1
134,0.0,PHE, ,O,50.55,7.13,0.0,1.34,1.0,<Residue PHE het=  resseq=299 icode= >,2ayg_B_A,3.1
135,0.0,PHE, ,CB,49.46,5.93,0.0,0.91,1.0,<Residue PHE het=  resseq=299 icode= >,2ayg_B_A,3.1
136,0.0,PHE, ,CG,47.94,6.20,0.0,2.01,1.0,<Residue PHE het=  resseq=299 icode= >,2ayg_B_A,3.1
137,0.911,PHE, ,CD1,48.37,5.18,0.094,1.10,1.0,<Residue PHE het=  resseq=299 icode= >,2ayg_B_A,3.1
138,2.922,PHE, ,CD2,46.12,7.26,0.0,1.41,1.0,<Residue PHE het=  resseq=299 icode= >,2ayg_B_A,3.1
139,4.553,PHE, ,CE1,47.72,5.46,0.228,0.95,1.0,<Residue PHE het=  resseq=299 icode= >,2ayg_B_A,3.1
140,0.0,PHE, ,CE2,46.32,7.47,0.0,1.73,1.0,<Residue PHE het=  resseq=299 icode= >,2ayg_B_A,3.1
141,0.001,PHE, ,CZ,46.87,6.66,0.0,1.71,1.0,<Residue PHE het=  resseq=299 icode= >,2ayg_B_A,3.1
142,0.384,ARG, ,N,50.65,7.31,0.0,1.93,1.0,<Residue ARG het=  resseq=300 icode= >,2ayg_B_A,3.1
143,0.391,ARG, ,CA,51.1,6.73,0.0,2.41,1.0,<Residue ARG het=  resseq=300 icode= >,2ayg_B_A,3.1
144,0.0,ARG, ,C,51.95,6.59,0.0,2.96,1.0,<Residue ARG het=  resseq=300 icode= >,2ayg_B_A,3.1
145,0.0,ARG, ,O,51.84,7.40,0.0,1.62,1.0,<Residue ARG het=  resseq=300 icode= >,2ayg_B_A,3.1
146,0.0,ARG, ,CB,51.09,5.54,0.0,0.59,1.0,<Residue ARG het=  resseq=300 icode= >,2ayg_B_A,3.1
147,0.468,ARG, ,CG,50.44,5.25,0.0,0.54,1.0,<Residue ARG het=  resseq=300 icode= >,2ayg_B_A,3.1
148,5.457,ARG, ,CD,50.05,4.81,5.456,1.66,1.0,<Residue ARG het=  resseq=300 icode= >,2ayg_B_A,3.1
149,12.859,ARG, ,NE,49.01,3.44,12.28,2.29,1.0,<Residue ARG het=  resseq=300 icode= >,2ayg_B_A,3.1
150,1.568,ARG, ,CZ,50.06,3.39,1.568,2.52,1.0,<Residue ARG het=  resseq=300 icode= >,2ayg_B_A,3.1
151,0.0,ARG, ,NH1,49.56,3.24,0.0,0.24,1.0,<Residue ARG het=  resseq=300 icode= >,2ayg_B_A,3.1
152,30.16,ARG, ,NH2,50.07,2.60,29.968,1.19,1.0,<Residue ARG het=  resseq=300 icode= >,2ayg_B_A,3.1
153,0.119,TYR, ,N,53.1,5.90,0.0,2.32,1.0,<Residue TYR het=  resseq=301 icode= >,2ayg_B_A,3.1
154,3.994,TYR, ,CA,54.51,6.03,0.129,2.61,1.0,<Residue TYR het=  resseq=301 icode= >,2ayg_B_A,3.1
155,0.0,TYR, ,C,54.92,6.98,0.0,2.91,1.0,<Residue TYR het=  resseq=301 icode= >,2ayg_B_A,3.1
156,0.0,TYR, ,O,54.99,6.59,0.0,1.72,1.0,<Residue TYR het=  resseq=301 icode= >,2ayg_B_A,3.1
157,7.817,TYR, ,CB,55.26,5.32,3.481,1.27,1.0,<Residue TYR het=  resseq=301 icode= >,2ayg_B_A,3.1
158,2.14,TYR, ,CG,57.07,4.78,1.104,1.61,1.0,<Residue TYR het=  resseq=301 icode= >,2ayg_B_A,3.1
159,28.766,TYR, ,CD1,58.89,3.56,25.7,0.56,1.0,<Residue TYR het=  resseq=301 icode= >,2ayg_B_A,3.1
160,3.039,TYR, ,CD2,57.1,5.08,1.804,1.15,1.0,<Residue TYR het=  resseq=301 icode= >,2ayg_B_A,3.1
161,34.054,TYR, ,CE1,58.41,3.38,34.054,1.22,1.0,<Residue TYR het=  resseq=301 icode= >,2ayg_B_A,3.1
162,18.31,TYR, ,CE2,58.11,4.65,4.575,1.10,1.0,<Residue TYR het=  resseq=301 icode= >,2ayg_B_A,3.1
163,6.451,TYR, ,CZ,58.77,3.88,6.451,1.62,1.0,<Residue TYR het=  resseq=301 icode= >,2ayg_B_A,3.1
164,42.721,TYR, ,OH,59.68,3.80,24.148,0.63,1.0,<Residue TYR het=  resseq=301 icode= >,2ayg_B_A,3.1
165,0.0,ARG, ,N,55.18,7.09,0.0,2.07,1.0,<Residue ARG het=  resseq=302 icode= >,2ayg_B_A,3.1
166,1.739,ARG, ,CA,55.65,5.84,0.0,2.48,1.0,<Residue ARG het=  resseq=302 icode= >,2ayg_B_A,3.1
167,0.604,ARG, ,C,55.84,6.13,0.0,3.15,1.0,<Residue ARG het=  resseq=302 icode= >,2ayg_B_A,3.1
168,0.0,ARG, ,O,56.03,6.11,0.0,1.38,1.0,<Residue ARG het=  resseq=302 icode= >,2ayg_B_A,3.1
169,8.996,ARG, ,CB,55.7,4.73,3.465,0.99,1.0,<Residue ARG het=  resseq=302 icode= >,2ayg_B_A,3.1
170,22.315,ARG, ,CG,56.98,4.50,3.801,0.45,1.0,<Residue ARG het=  resseq=302 icode= >,2ayg_B_A,3.1
171,29.854,ARG, ,CD,58.83,3.93,28.566,1.30,1.0,<Residue ARG het=  resseq=302 icode= >,2ayg_B_A,3.1
172,7.627,ARG, ,NE,61.61,3.83,7.476,1.66,1.0,<Residue ARG het=  resseq=302 icode= >,2ayg_B_A,3.1
173,4.855,ARG, ,CZ,63.73,3.73,4.855,1.50,1.0,<Residue ARG het=  resseq=302 icode= >,2ayg_B_A,3.1
174,21.774,ARG, ,NH1,63.9,2.64,21.508,1.05,1.0,<Residue ARG het=  resseq=302 icode= >,2ayg_B_A,3.1
175,22.765,ARG, ,NH2,63.27,3.04,22.765,0.78,1.0,<Residue ARG het=  resseq=302 icode= >,2ayg_B_A,3.1
176,0.17,LEU, ,N,56.14,6.82,0.0,2.41,1.0,<Residue LEU het=  resseq=303 icode= >,2ayg_B_A,3.1
177,0.855,LEU, ,CA,56.87,7.53,0.0,2.68,1.0,<Residue LEU het=  resseq=303 icode= >,2ayg_B_A,3.1
178,0.0,LEU, ,C,57.79,8.46,0.0,3.11,1.0,<Residue LEU het=  resseq=303 icode= >,2ayg_B_A,3.1
179,0.0,LEU, ,O,57.63,8.84,0.0,1.93,1.0,<Residue LEU het=  resseq=303 icode= >,2ayg_B_A,3.1
180,0.0,LEU, ,CB,56.69,8.53,0.0,1.44,1.0,<Residue LEU het=  resseq=303 icode= >,2ayg_B_A,3.1
181,0.788,LEU, ,CG,56.46,8.21,0.0,1.59,1.0,<Residue LEU het=  resseq=303 icode= >,2ayg_B_A,3.1
182,0.645,LEU, ,CD1,56.25,9.02,0.0,0.14,1.0,<Residue LEU het=  resseq=303 icode= >,2ayg_B_A,3.1
183,0.624,LEU, ,CD2,56.27,8.32,0.0,0.17,1.0,<Residue LEU het=  resseq=303 icode= >,2ayg_B_A,3.1
184,0.0,ASN, ,N,58.71,8.78,0.0,2.66,1.0,<Residue ASN het=  resseq=304 icode= >,2ayg_B_A,3.1
185,0.0,ASN, ,CA,59.93,8.18,0.0,2.44,1.0,<Residue ASN het=  resseq=304 icode= >,2ayg_B_A,3.1
186,0.0,ASN, ,C,61.03,8.05,0.0,2.25,1.0,<Residue ASN het=  resseq=304 icode= >,2ayg_B_A,3.1
187,0.606,ASN, ,O,61.92,8.50,0.0,1.08,1.0,<Residue ASN het=  resseq=304 icode= >,2ayg_B_A,3.1
188,7.995,ASN, ,CB,59.74,6.94,0.0,1.35,1.0,<Residue ASN het=  resseq=304 icode= >,2ayg_B_A,3.1
189,5.789,ASN, ,CG,59.85,7.03,1.149,1.90,1.0,<Residue ASN het=  resseq=304 icode= >,2ayg_B_A,3.1
190,12.882,ASN, ,OD1,58.64,7.65,5.355,1.43,1.0,<Residue ASN het=  resseq=304 icode= >,2ayg_B_A,3.1
191,22.691,ASN, ,ND2,60.34,5.79,6.793,0.68,1.0,<Residue ASN het=  resseq=304 icode= >,2ayg_B_A,3.1
192,0.0,ASP, ,N,61.43,7.77,0.0,2.00,1.0,<Residue ASP het=  resseq=304 icode=A>,2ayg_B_A,3.1
193,2.671,ASP, ,CA,61.5,7.64,0.0,2.03,1.0,<Residue ASP het=  resseq=304 icode=A>,2ayg_B_A,3.1
194,4.184,ASP, ,C,61.39,8.07,0.0,3.06,1.0,<Residue ASP het=  resseq=304 icode=A>,2ayg_B_A,3.1
195,11.331,ASP, ,O,61.79,7.64,0.0,1.45,1.0,<Residue ASP het=  resseq=304 icode=A>,2ayg_B_A,3.1
196,17.427,ASP, ,CB,61.68,6.37,0.0,0.64,0.7,<Residue ASP het=  resseq=304 icode=A>,2ayg_B_A,3.1
197,3.551,ASP, ,CG,61.51,5.12,1.507,0.93,0.7,<Residue ASP het=  resseq=304 icode=A>,2ayg_B_A,3.1
198,35.251,ASP, ,OD1,61.16,4.98,2.119,0.57,0.7,<Residue ASP het=  resseq=304 icode=A>,2ayg_B_A,3.1
199,5.757,ASP, ,OD2,60.0,4.63,2.606,0.91,0.7,<Residue ASP het=  resseq=304 icode=A>,2ayg_B_A,3.1
200,1.228,LYS, ,N,61.12,7.87,0.0,2.97,1.0,<Residue LYS het=  resseq=305 icode= >,2ayg_B_A,3.1
201,4.668,LYS, ,CA,61.36,7.25,0.0,2.75,1.0,<Residue LYS het=  resseq=305 icode= >,2ayg_B_A,3.1
202,3.596,LYS, ,C,61.48,7.81,0.0,3.11,1.0,<Residue LYS het=  resseq=305 icode= >,2ayg_B_A,3.1
203,11.235,LYS, ,O,61.58,8.10,0.0,1.88,1.0,<Residue LYS het=  resseq=305 icode= >,2ayg_B_A,3.1
204,2.412,LYS, ,CB,61.41,5.71,1.128,1.06,1.0,<Residue LYS het=  resseq=305 icode= >,2ayg_B_A,3.1
205,18.225,LYS, ,CG,60.62,5.42,4.263,0.33,0.5,<Residue LYS het=  resseq=305 icode= >,2ayg_B_A,3.1
206,30.932,LYS, ,CD,59.61,5.63,5.04,0.30,0.5,<Residue LYS het=  resseq=305 icode= >,2ayg_B_A,3.1
207,35.962,LYS, ,CE,58.45,7.13,0.0,0.56,0.5,<Residue LYS het=  resseq=305 icode= >,2ayg_B_A,3.1
208,40.086,LYS, ,NZ,56.89,8.10,0.0,0.61,0.5,<Residue LYS het=  resseq=305 icode= >,2ayg_B_A,3.1
209,0.0,HIS, ,N,61.57,8.26,0.0,2.33,1.0,<Residue HIS het=  resseq=306 icode= >,2ayg_B_A,3.1
210,0.0,HIS, ,CA,61.41,9.04,0.0,2.63,1.0,<Residue HIS het=  resseq=306 icode= >,2ayg_B_A,3.1
211,0.0,HIS, ,C,60.37,10.36,0.0,2.56,1.0,<Residue HIS het=  resseq=306 icode= >,2ayg_B_A,3.1
212,0.0,HIS, ,O,60.18,11.05,0.0,1.91,1.0,<Residue HIS het=  resseq=306 icode= >,2ayg_B_A,3.1
213,0.0,HIS, ,CB,62.17,8.34,0.0,1.55,1.0,<Residue HIS het=  resseq=306 icode= >,2ayg_B_A,3.1
214,0.0,HIS, ,CG,65.62,7.39,0.0,2.01,1.0,<Residue HIS het=  resseq=306 icode= >,2ayg_B_A,3.1
215,3.52,HIS, ,ND1,68.46,6.01,0.0,1.64,1.0,<Residue HIS het=  resseq=306 icode= >,2ayg_B_A,3.1
216,2.416,HIS, ,CD2,67.71,7.81,0.0,1.51,1.0,<Residue HIS het=  resseq=306 icode= >,2ayg_B_A,3.1
217,5.168,HIS, ,CE1,69.97,5.64,1.375,1.13,1.0,<Residue HIS het=  resseq=306 icode= >,2ayg_B_A,3.1
218,9.297,HIS, ,NE2,69.98,6.82,0.0,1.25,1.0,<Residue HIS het=  resseq=306 icode= >,2ayg_B_A,3.1
219,0.81,ARG, ,N,59.11,10.87,0.0,2.26,1.0,<Residue ARG het=  resseq=307 icode= >,2ayg_B_A,3.1
220,0.0,ARG, ,CA,57.61,12.18,0.0,2.80,1.0,<Residue ARG het=  resseq=307 icode= >,2ayg_B_A,3.1
221,0.029,ARG, ,C,56.85,13.25,0.0,3.21,1.0,<Residue ARG het=  resseq=307 icode= >,2ayg_B_A,3.1
222,5.954,ARG, ,O,57.39,14.02,3.058,1.48,1.0,<Residue ARG het=  resseq=307 icode= >,2ayg_B_A,3.1
223,3.228,ARG, ,CB,57.51,11.43,0.0,0.89,0.5,<Residue ARG het=  resseq=307 icode= >,2ayg_B_A,3.1
224,21.87,ARG, ,CG,57.6,11.29,10.106,-0.11,0.5,<Residue ARG het=  resseq=307 icode= >,2ayg_B_A,3.1
225,34.902,ARG, ,CD,57.59,10.38,2.604,0.22,0.5,<Residue ARG het=  resseq=307 icode= >,2ayg_B_A,3.1
226,6.158,ARG, ,NE,56.43,9.93,0.0,1.07,0.5,<Residue ARG het=  resseq=307 icode= >,2ayg_B_A,3.1
227,4.602,ARG, ,CZ,55.79,10.74,0.0,1.05,0.5,<Residue ARG het=  resseq=307 icode= >,2ayg_B_A,3.1
228,47.317,ARG, ,NH1,54.84,11.92,0.0,0.61,0.5,<Residue ARG het=  resseq=307 icode= >,2ayg_B_A,3.1
229,50.756,ARG, ,NH2,56.15,10.50,0.0,0.17,0.5,<Residue ARG het=  resseq=307 icode= >,2ayg_B_A,3.1
230,0.205,HIS, ,N,55.79,13.37,0.0,2.30,1.0,<Residue HIS het=  resseq=308 icode= >,2ayg_B_A,3.1
231,12.77,HIS, ,CA,54.44,14.56,0.0,2.47,1.0,<Residue HIS het=  resseq=308 icode= >,2ayg_B_A,3.1
232,1.407,HIS, ,C,53.71,14.64,0.0,3.49,1.0,<Residue HIS het=  resseq=308 icode= >,2ayg_B_A,3.1
233,14.817,HIS, ,O,53.27,15.65,0.0,2.31,1.0,<Residue HIS het=  resseq=308 icode= >,2ayg_B_A,3.1
234,35.051,HIS, ,CB,54.53,14.78,0.0,1.02,1.0,<Residue HIS het=  resseq=308 icode= >,2ayg_B_A,3.1
235,2.923,HIS, ,CG,53.73,13.83,0.0,1.24,0.5,<Residue HIS het=  resseq=308 icode= >,2ayg_B_A,3.1
236,12.564,HIS, ,ND1,52.97,12.62,0.0,1.36,0.5,<Residue HIS het=  resseq=308 icode= >,2ayg_B_A,3.1
237,21.137,HIS, ,CD2,53.16,14.05,0.0,0.89,0.5,<Residue HIS het=  resseq=308 icode= >,2ayg_B_A,3.1
238,21.679,HIS, ,CE1,53.09,12.10,0.0,1.13,0.5,<Residue HIS het=  resseq=308 icode= >,2ayg_B_A,3.1
239,17.316,HIS, ,NE2,52.92,13.01,0.0,0.90,0.5,<Residue HIS het=  resseq=308 icode= >,2ayg_B_A,3.1
240,0.0,LEU, ,N,52.83,13.71,0.0,2.71,1.0,<Residue LEU het=  resseq=309 icode= >,2ayg_B_A,3.1
241,0.0,LEU, ,CA,52.53,13.85,0.0,2.70,1.0,<Residue LEU het=  resseq=309 icode= >,2ayg_B_A,3.1
242,0.0,LEU, ,C,51.68,14.49,0.0,3.36,1.0,<Residue LEU het=  resseq=309 icode= >,2ayg_B_A,3.1
243,0.0,LEU, ,O,51.56,14.85,0.0,1.80,1.0,<Residue LEU het=  resseq=309 icode= >,2ayg_B_A,3.1
244,0.0,LEU, ,CB,52.97,12.63,0.0,1.03,1.0,<Residue LEU het=  resseq=309 icode= >,2ayg_B_A,3.1
245,0.0,LEU, ,CG,54.3,12.85,0.0,1.47,1.0,<Residue LEU het=  resseq=309 icode= >,2ayg_B_A,3.1
246,2.935,LEU, ,CD1,55.56,11.64,0.0,0.12,1.0,<Residue LEU het=  resseq=309 icode= >,2ayg_B_A,3.1
247,10.743,LEU, ,CD2,54.79,14.08,0.0,0.27,1.0,<Residue LEU het=  resseq=309 icode= >,2ayg_B_A,3.1
248,0.0,PHE, ,N,50.8,14.86,0.0,2.75,1.0,<Residue PHE het=  resseq=310 icode= >,2ayg_B_A,3.1
249,0.0,PHE, ,CA,49.86,15.63,0.0,3.24,1.0,<Residue PHE het=  resseq=310 icode= >,2ayg_B_A,3.1
250,0.002,PHE, ,C,49.54,15.11,0.0,3.27,1.0,<Residue PHE het=  resseq=310 icode= >,2ayg_B_A,3.1
251,8.337,PHE, ,O,49.3,14.59,5.709,2.40,1.0,<Residue PHE het=  resseq=310 icode= >,2ayg_B_A,3.1
252,0.0,PHE, ,CB,49.61,14.80,0.0,1.74,1.0,<Residue PHE het=  resseq=310 icode= >,2ayg_B_A,3.1
253,0.0,PHE, ,CG,49.22,13.60,0.0,2.14,1.0,<Residue PHE het=  resseq=310 icode= >,2ayg_B_A,3.1
254,0.0,PHE, ,CD1,48.56,12.49,0.0,1.05,1.0,<Residue PHE het=  resseq=310 icode= >,2ayg_B_A,3.1
255,0.0,PHE, ,CD2,48.79,12.60,0.0,1.43,1.0,<Residue PHE het=  resseq=310 icode= >,2ayg_B_A,3.1
256,3.413,PHE, ,CE1,48.46,11.20,0.159,1.48,1.0,<Residue PHE het=  resseq=310 icode= >,2ayg_B_A,3.1
257,0.0,PHE, ,CE2,49.09,11.82,0.0,1.21,1.0,<Residue PHE het=  resseq=310 icode= >,2ayg_B_A,3.1
258,1.724,PHE, ,CZ,48.55,11.11,0.0,2.10,1.0,<Residue PHE het=  resseq=310 icode= >,2ayg_B_A,3.1
259,0.0,ASP, ,N,48.98,15.26,0.0,2.64,1.0,<Residue ASP het=  resseq=311 icode= >,2ayg_B_A,3.1
260,1.196,ASP, ,CA,48.59,14.84,1.196,2.87,1.0,<Residue ASP het=  resseq=311 icode= >,2ayg_B_A,3.1
261,0.0,ASP, ,C,47.9,13.36,0.0,3.57,1.0,<Residue ASP het=  resseq=311 icode= >,2ayg_B_A,3.1
262,17.205,ASP, ,O,47.8,12.51,16.743,1.94,1.0,<Residue ASP het=  resseq=311 icode= >,2ayg_B_A,3.1
263,0.0,ASP, ,CB,49.05,15.83,0.0,1.94,1.0,<Residue ASP het=  resseq=311 icode= >,2ayg_B_A,3.1
264,1.125,ASP, ,CG,50.68,15.81,0.0,2.60,1.0,<Residue ASP het=  resseq=311 icode= >,2ayg_B_A,3.1
265,23.284,ASP, ,OD1,52.25,16.46,0.0,1.81,1.0,<Residue ASP het=  resseq=311 icode= >,2ayg_B_A,3.1
266,17.694,ASP, ,OD2,51.61,15.26,11.62,1.70,1.0,<Residue ASP het=  resseq=311 icode= >,2ayg_B_A,3.1
267,0.0,LEU, ,N,47.07,13.15,0.0,2.35,1.0,<Residue LEU het=  resseq=312 icode= >,2ayg_B_A,3.1
268,0.665,LEU, ,CA,46.19,11.94,0.665,3.02,1.0,<Residue LEU het=  resseq=312 icode= >,2ayg_B_A,3.1
269,0.0,LEU, ,C,45.38,11.24,0.0,3.84,1.0,<Residue LEU het=  resseq=312 icode= >,2ayg_B_A,3.1
270,0.0,LEU, ,O,45.05,11.94,0.0,2.33,1.0,<Residue LEU het=  resseq=312 icode= >,2ayg_B_A,3.1
271,4.442,LEU, ,CB,46.6,12.41,4.442,1.19,1.0,<Residue LEU het=  resseq=312 icode= >,2ayg_B_A,3.1
272,0.689,LEU, ,CG,46.88,12.93,0.0,1.57,1.0,<Residue LEU het=  resseq=312 icode= >,2ayg_B_A,3.1
273,26.092,LEU, ,CD1,47.06,13.66,20.689,1.02,1.0,<Residue LEU het=  resseq=312 icode= >,2ayg_B_A,3.1
274,53.653,LEU, ,CD2,47.65,11.92,53.337,0.49,1.0,<Residue LEU het=  resseq=312 icode= >,2ayg_B_A,3.1
275,1.899,ILE, ,N,44.75,10.01,1.899,3.10,1.0,<Residue ILE het=  resseq=313 icode= >,2ayg_B_A,3.1
276,0.423,ILE, ,CA,44.42,9.36,0.423,3.23,1.0,<Residue ILE het=  resseq=313 icode= >,2ayg_B_A,3.1
277,3.294,ILE, ,C,43.68,8.46,3.294,3.26,1.0,<Residue ILE het=  resseq=313 icode= >,2ayg_B_A,3.1
278,19.222,ILE, ,O,43.17,7.51,19.222,1.54,1.0,<Residue ILE het=  resseq=313 icode= >,2ayg_B_A,3.1
279,0.0,ILE, ,CB,44.71,8.80,0.0,1.87,1.0,<Residue ILE het=  resseq=313 icode= >,2ayg_B_A,3.1
280,0.0,ILE, ,CG1,45.92,8.55,0.0,0.82,1.0,<Residue ILE het=  resseq=313 icode= >,2ayg_B_A,3.1
281,17.459,ILE, ,CG2,44.39,7.73,17.297,0.35,1.0,<Residue ILE het=  resseq=313 icode= >,2ayg_B_A,3.1
282,0.498,ILE, ,CD1,47.31,8.39,0.0,0.10,1.0,<Residue ILE het=  resseq=313 icode= >,2ayg_B_A,3.1
283,1.592,SER, ,N,42.89,8.21,1.592,2.40,1.0,<Residue SER het=  resseq=314 icode= >,2ayg_B_A,3.1
284,8.737,SER, ,CA,42.33,7.24,8.737,3.11,1.0,<Residue SER het=  resseq=314 icode= >,2ayg_B_A,3.1
285,0.493,SER, ,C,42.14,5.79,0.493,3.64,1.0,<Residue SER het=  resseq=314 icode= >,2ayg_B_A,3.1
286,0.0,SER, ,O,42.08,5.63,0.0,1.76,1.0,<Residue SER het=  resseq=314 icode= >,2ayg_B_A,3.1
287,21.602,SER, ,CB,41.78,7.74,21.602,1.72,1.0,<Residue SER het=  resseq=314 icode= >,2ayg_B_A,3.1
288,0.0,SER, ,OG,41.75,7.53,0.0,1.50,1.0,<Residue SER het=  resseq=314 icode= >,2ayg_B_A,3.1
289,8.433,SER, ,N,42.21,5.00,8.433,2.81,1.0,<Residue SER het=  resseq=315 icode= >,2ayg_B_A,3.1
290,2.492,SER, ,CA,42.48,3.57,2.492,2.98,1.0,<Residue SER het=  resseq=315 icode= >,2ayg_B_A,3.1
291,0.0,SER, ,C,42.73,3.78,0.0,3.03,1.0,<Residue SER het=  resseq=315 icode= >,2ayg_B_A,3.1
292,0.0,SER, ,O,42.66,5.00,0.0,1.59,1.0,<Residue SER het=  resseq=315 icode= >,2ayg_B_A,3.1
293,41.21,SER, ,CB,42.51,3.33,37.404,1.64,1.0,<Residue SER het=  resseq=315 icode= >,2ayg_B_A,3.1
294,30.008,SER, ,OG,41.79,4.48,28.752,1.47,1.0,<Residue SER het=  resseq=315 icode= >,2ayg_B_A,3.1
295,2.214,THR, ,N,43.21,3.04,2.214,2.02,1.0,<Residue THR het=  resseq=316 icode= >,2ayg_B_A,3.1
296,0.0,THR, ,CA,43.49,4.06,0.0,2.68,1.0,<Residue THR het=  resseq=316 icode= >,2ayg_B_A,3.1
297,0.074,THR, ,C,43.99,4.66,0.0,2.51,1.0,<Residue THR het=  resseq=316 icode= >,2ayg_B_A,3.1
298,23.133,THR, ,O,44.59,4.07,13.171,1.54,1.0,<Residue THR het=  resseq=316 icode= >,2ayg_B_A,3.1
299,9.853,THR, ,CB,42.95,3.60,9.077,2.10,1.0,<Residue THR het=  resseq=316 icode= >,2ayg_B_A,3.1
300,5.784,THR, ,OG1,42.61,2.66,5.784,1.22,1.0,<Residue THR het=  resseq=316 icode= >,2ayg_B_A,3.1
301,0.0,THR, ,CG2,42.27,4.88,0.0,0.21,1.0,<Residue THR het=  resseq=316 icode= >,2ayg_B_A,3.1
302,0.0,TRP, ,N,43.84,5.99,0.0,2.44,1.0,<Residue TRP het=  resseq=317 icode= >,2ayg_B_A,3.1
303,3.004,TRP, ,CA,44.13,6.49,3.004,2.68,1.0,<Residue TRP het=  resseq=317 icode= >,2ayg_B_A,3.1
304,0.197,TRP, ,C,44.71,6.32,0.0,3.33,1.0,<Residue TRP het=  resseq=317 icode= >,2ayg_B_A,3.1
305,0.0,TRP, ,O,45.04,6.61,0.0,1.94,1.0,<Residue TRP het=  resseq=317 icode= >,2ayg_B_A,3.1
306,23.28,TRP, ,CB,43.4,7.26,22.923,1.99,1.0,<Residue TRP het=  resseq=317 icode= >,2ayg_B_A,3.1
307,1.855,TRP, ,CG,42.59,8.38,1.855,2.81,1.0,<Residue TRP het=  resseq=317 icode= >,2ayg_B_A,3.1
308,3.381,TRP, ,CD1,42.25,7.99,3.381,1.73,1.0,<Residue TRP het=  resseq=317 icode= >,2ayg_B_A,3.1
309,3.064,TRP, ,CD2,42.67,9.36,3.064,2.36,1.0,<Residue TRP het=  resseq=317 icode= >,2ayg_B_A,3.1
310,1.738,TRP, ,NE1,41.94,9.21,1.57,1.80,1.0,<Residue TRP het=  resseq=317 icode= >,2ayg_B_A,3.1
311,3.543,TRP, ,CE2,42.49,10.23,3.425,3.06,1.0,<Residue TRP het=  resseq=317 icode= >,2ayg_B_A,3.1
312,9.66,TRP, ,CE3,41.87,9.19,9.66,1.58,1.0,<Residue TRP het=  resseq=317 icode= >,2ayg_B_A,3.1
313,9.122,TRP, ,CZ2,42.95,11.61,2.002,1.10,1.0,<Residue TRP het=  resseq=317 icode= >,2ayg_B_A,3.1
314,4.254,TRP, ,CZ3,41.74,10.37,4.223,1.38,1.0,<Residue TRP het=  resseq=317 icode= >,2ayg_B_A,3.1
315,10.991,TRP, ,CH2,42.46,11.56,7.75,1.10,1.0,<Residue TRP het=  resseq=317 icode= >,2ayg_B_A,3.1
316,1.118,HIS, ,N,45.2,6.26,1.118,3.40,1.0,<Residue HIS het=  resseq=318 icode= >,2ayg_B_A,3.1
317,0.0,HIS, ,CA,46.15,6.80,0.0,2.91,1.0,<Residue HIS het=  resseq=318 icode= >,2ayg_B_A,3.1
318,0.0,HIS, ,C,46.97,7.81,0.0,3.75,1.0,<Residue HIS het=  resseq=318 icode= >,2ayg_B_A,3.1
319,8.922,HIS, ,O,47.44,7.24,8.922,2.20,1.0,<Residue HIS het=  resseq=318 icode= >,2ayg_B_A,3.1
320,7.387,HIS, ,CB,46.0,5.90,0.0,1.71,1.0,<Residue HIS het=  resseq=318 icode= >,2ayg_B_A,3.1
321,2.838,HIS, ,CG,46.22,5.05,0.0,3.16,1.0,<Residue HIS het=  resseq=318 icode= >,2ayg_B_A,3.1
322,11.795,HIS, ,ND1,46.94,3.85,7.435,2.32,1.0,<Residue HIS het=  resseq=318 icode= >,2ayg_B_A,3.1
323,10.594,HIS, ,CD2,45.98,5.59,0.0,1.96,1.0,<Residue HIS het=  resseq=318 icode= >,2ayg_B_A,3.1
324,43.806,HIS, ,CE1,47.28,3.75,32.662,1.57,1.0,<Residue HIS het=  resseq=318 icode= >,2ayg_B_A,3.1
325,22.58,HIS, ,NE2,47.03,4.88,9.39,2.16,1.0,<Residue HIS het=  resseq=318 icode= >,2ayg_B_A,3.1
326,0.201,TRP, ,N,48.19,8.69,0.0,2.29,1.0,<Residue TRP het=  resseq=319 icode= >,2ayg_B_A,3.1
327,0.048,TRP, ,CA,49.88,8.41,0.048,2.50,1.0,<Residue TRP het=  resseq=319 icode= >,2ayg_B_A,3.1
328,0.0,TRP, ,C,51.53,7.06,0.0,2.68,1.0,<Residue TRP het=  resseq=319 icode= >,2ayg_B_A,3.1
329,11.127,TRP, ,O,51.74,6.98,0.0,1.79,1.0,<Residue TRP het=  resseq=319 icode= >,2ayg_B_A,3.1
330,1.166,TRP, ,CB,49.3,9.56,1.166,1.55,1.0,<Residue TRP het=  resseq=319 icode= >,2ayg_B_A,3.1
331,0.0,TRP, ,CG,48.89,10.77,0.0,3.36,1.0,<Residue TRP het=  resseq=319 icode= >,2ayg_B_A,3.1
332,0.0,TRP, ,CD1,48.89,11.82,0.0,2.60,1.0,<Residue TRP het=  resseq=319 icode= >,2ayg_B_A,3.1
333,1.764,TRP, ,CD2,49.53,11.15,1.764,2.91,1.0,<Residue TRP het=  resseq=319 icode= >,2ayg_B_A,3.1
334,5.851,TRP, ,NE1,49.81,12.61,5.851,2.07,1.0,<Residue TRP het=  resseq=319 icode= >,2ayg_B_A,3.1
335,1.973,TRP, ,CE2,49.17,12.32,1.973,2.79,1.0,<Residue TRP het=  resseq=319 icode= >,2ayg_B_A,3.1
336,17.219,TRP, ,CE3,49.26,10.70,17.219,1.35,1.0,<Residue TRP het=  resseq=319 icode= >,2ayg_B_A,3.1
337,19.64,TRP, ,CZ2,48.78,12.78,19.64,1.63,1.0,<Residue TRP het=  resseq=319 icode= >,2ayg_B_A,3.1
338,33.691,TRP, ,CZ3,48.43,11.52,33.691,1.54,1.0,<Residue TRP het=  resseq=319 icode= >,2ayg_B_A,3.1
339,28.802,TRP, ,CH2,48.64,12.39,28.723,1.86,1.0,<Residue TRP het=  resseq=319 icode= >,2ayg_B_A,3.1
340,3.54,ALA, ,N,53.99,6.23,3.54,2.08,1.0,<Residue ALA het=  resseq=320 icode= >,2ayg_B_A,3.1
341,4.632,ALA, ,CA,56.16,4.83,0.268,2.24,1.0,<Residue ALA het=  resseq=320 icode= >,2ayg_B_A,3.1
342,3.231,ALA, ,C,58.02,4.86,2.127,2.02,1.0,<Residue ALA het=  resseq=320 icode= >,2ayg_B_A,3.1
343,25.686,ALA, ,O,58.93,4.03,14.261,0.98,1.0,<Residue ALA het=  resseq=320 icode= >,2ayg_B_A,3.1
344,51.992,ALA, ,CB,55.69,4.13,51.852,0.49,1.0,<Residue ALA het=  resseq=320 icode= >,2ayg_B_A,3.1
345,3.069,SER, ,N,60.02,6.12,3.069,1.78,1.0,<Residue SER het=  resseq=321 icode= >,2ayg_B_A,3.1
346,4.013,SER, ,CA,61.73,6.71,4.013,3.39,1.0,<Residue SER het=  resseq=321 icode= >,2ayg_B_A,3.1
347,1.305,SER, ,C,63.38,7.14,0.0,3.27,1.0,<Residue SER het=  resseq=321 icode= >,2ayg_B_A,3.1
348,5.086,SER, ,O,63.24,7.42,0.0,2.09,1.0,<Residue SER het=  resseq=321 icode= >,2ayg_B_A,3.1
349,24.36,SER, ,CB,61.61,8.05,22.552,1.71,1.0,<Residue SER het=  resseq=321 icode= >,2ayg_B_A,3.1
350,17.291,SER, ,OG,62.87,8.68,17.291,1.08,1.0,<Residue SER het=  resseq=321 icode= >,2ayg_B_A,3.1
351,0.478,PRO, ,N,65.2,7.54,0.0,2.75,1.0,<Residue PRO het=  resseq=322 icode= >,2ayg_B_A,3.1
352,13.171,PRO, ,CA,66.36,8.44,0.0,3.00,1.0,<Residue PRO het=  resseq=322 icode= >,2ayg_B_A,3.1
353,3.134,PRO, ,C,67.63,9.20,0.0,2.15,1.0,<Residue PRO het=  resseq=322 icode= >,2ayg_B_A,3.1
354,39.304,PRO, ,O,68.96,9.53,0.0,0.54,1.0,<Residue PRO het=  resseq=322 icode= >,2ayg_B_A,3.1
355,25.522,PRO, ,CB,66.12,9.44,0.0,1.23,1.0,<Residue PRO het=  resseq=322 icode= >,2ayg_B_A,3.1
356,37.693,PRO, ,CG,66.09,8.52,18.573,0.63,1.0,<Residue PRO het=  resseq=322 icode= >,2ayg_B_A,3.1
357,26.115,PRO, ,CD,65.75,7.48,13.825,0.88,1.0,<Residue PRO het=  resseq=322 icode= >,2ayg_B_A,3.1
358,0.697,LYS, ,N,68.29,9.79,0.0,2.29,1.0,<Residue LYS het=  resseq=323 icode= >,2ayg_B_A,3.1
359,2.337,LYS, ,CA,68.76,10.74,0.0,2.86,1.0,<Residue LYS het=  resseq=323 icode= >,2ayg_B_A,3.1
360,3.087,LYS, ,C,68.91,11.81,0.0,2.20,1.0,<Residue LYS het=  resseq=323 icode= >,2ayg_B_A,3.1
361,34.554,LYS, ,O,70.2,12.93,0.0,0.60,1.0,<Residue LYS het=  resseq=323 icode= >,2ayg_B_A,3.1
362,1.672,LYS, ,CB,68.91,10.44,1.672,1.15,1.0,<Residue LYS het=  resseq=323 icode= >,2ayg_B_A,3.1
363,1.686,LYS, ,CG,70.49,10.70,0.173,0.53,1.0,<Residue LYS het=  resseq=323 icode= >,2ayg_B_A,3.1
364,23.104,LYS, ,CD,70.65,12.20,3.913,1.38,1.0,<Residue LYS het=  resseq=323 icode= >,2ayg_B_A,3.1
365,39.829,LYS, ,CE,72.28,12.92,28.648,0.69,1.0,<Residue LYS het=  resseq=323 icode= >,2ayg_B_A,3.1
366,49.52,LYS, ,NZ,72.39,13.92,23.839,0.61,1.0,<Residue LYS het=  resseq=323 icode= >,2ayg_B_A,3.1
367,10.008,ALA, ,N,68.09,11.70,0.0,1.73,1.0,<Residue ALA het=  resseq=324 icode= >,2ayg_B_A,3.1
368,0.582,ALA, ,CA,66.61,11.02,0.582,2.69,1.0,<Residue ALA het=  resseq=324 icode= >,2ayg_B_A,3.1
369,1.73,ALA, ,C,66.04,12.38,1.633,2.69,1.0,<Residue ALA het=  resseq=324 icode= >,2ayg_B_A,3.1
370,22.033,ALA, ,O,66.69,13.10,7.261,0.89,1.0,<Residue ALA het=  resseq=324 icode= >,2ayg_B_A,3.1
371,16.214,ALA, ,CB,66.09,10.46,0.0,1.37,1.0,<Residue ALA het=  resseq=324 icode= >,2ayg_B_A,3.1
372,0.0,PRO, ,N,64.93,12.85,0.0,3.55,1.0,<Residue PRO het=  resseq=325 icode= >,2ayg_B_A,3.1
373,10.692,PRO, ,CA,63.93,14.25,0.0,3.25,1.0,<Residue PRO het=  resseq=325 icode= >,2ayg_B_A,3.1
374,4.775,PRO, ,C,63.17,14.59,0.0,3.14,1.0,<Residue PRO het=  resseq=325 icode= >,2ayg_B_A,3.1
375,27.115,PRO, ,O,63.46,15.76,0.0,2.08,1.0,<Residue PRO het=  resseq=325 icode= >,2ayg_B_A,3.1
376,33.346,PRO, ,CB,63.45,14.85,16.084,2.11,1.0,<Residue PRO het=  resseq=325 icode= >,2ayg_B_A,3.1
377,17.564,PRO, ,CG,64.01,13.72,17.564,1.76,1.0,<Residue PRO het=  resseq=325 icode= >,2ayg_B_A,3.1
378,1.965,PRO, ,CD,64.91,12.39,1.965,1.52,1.0,<Residue PRO het=  resseq=325 icode= >,2ayg_B_A,3.1
379,1.276,HIS, ,N,62.48,13.63,0.0,2.43,1.0,<Residue HIS het=  resseq=326 icode= >,2ayg_B_A,3.1
380,13.141,HIS, ,CA,61.53,13.21,0.0,2.74,1.0,<Residue HIS het=  resseq=326 icode= >,2ayg_B_A,3.1
381,1.617,HIS, ,C,61.11,11.72,0.0,2.98,1.0,<Residue HIS het=  resseq=326 icode= >,2ayg_B_A,3.1
382,2.923,HIS, ,O,61.32,10.94,0.0,2.14,1.0,<Residue HIS het=  resseq=326 icode= >,2ayg_B_A,3.1
383,20.948,HIS, ,CB,61.39,13.63,0.0,1.74,1.0,<Residue HIS het=  resseq=326 icode= >,2ayg_B_A,3.1
384,1.632,HIS, ,CG,61.1,12.78,0.0,2.99,1.0,<Residue HIS het=  resseq=326 icode= >,2ayg_B_A,3.1
385,10.26,HIS, ,ND1,61.78,13.24,3.983,2.15,1.0,<Residue HIS het=  resseq=326 icode= >,2ayg_B_A,3.1
386,0.0,HIS, ,CD2,60.06,11.63,0.0,2.57,1.0,<Residue HIS het=  resseq=326 icode= >,2ayg_B_A,3.1
387,3.951,HIS, ,CE1,60.3,12.48,3.951,2.56,1.0,<Residue HIS het=  resseq=326 icode= >,2ayg_B_A,3.1
388,0.128,HIS, ,NE2,60.43,11.45,0.0,2.20,1.0,<Residue HIS het=  resseq=326 icode= >,2ayg_B_A,3.1
389,4.241,LYS, ,N,60.31,11.43,0.0,2.08,1.0,<Residue LYS het=  resseq=327 icode= >,2ayg_B_A,3.1
390,4.812,LYS, ,CA,59.16,10.14,0.0,2.44,1.0,<Residue LYS het=  resseq=327 icode= >,2ayg_B_A,3.1
391,0.85,LYS, ,C,58.63,9.10,0.0,3.04,1.0,<Residue LYS het=  resseq=327 icode= >,2ayg_B_A,3.1
392,21.738,LYS, ,O,58.92,7.94,0.0,1.50,1.0,<Residue LYS het=  resseq=327 icode= >,2ayg_B_A,3.1
393,17.24,LYS, ,CB,59.2,10.52,0.0,-0.18,0.1,<Residue LYS het=  resseq=327 icode= >,2ayg_B_A,3.1
394,25.967,LYS, ,CG,58.7,10.74,0.0,-0.22,0.1,<Residue LYS het=  resseq=327 icode= >,2ayg_B_A,3.1
395,31.814,LYS, ,CD,57.8,10.18,0.0,0.32,0.1,<Residue LYS het=  resseq=327 icode= >,2ayg_B_A,3.1
396,44.953,LYS, ,CE,57.31,9.82,0.0,0.43,0.1,<Residue LYS het=  resseq=327 icode= >,2ayg_B_A,3.1
397,48.357,LYS, ,NZ,57.01,9.51,0.0,0.40,0.1,<Residue LYS het=  resseq=327 icode= >,2ayg_B_A,3.1
398,0.0,HIS, ,N,57.36,9.65,0.0,2.40,1.0,<Residue HIS het=  resseq=328 icode= >,2ayg_B_A,3.1
399,5.693,HIS, ,CA,56.2,9.17,0.0,2.55,1.0,<Residue HIS het=  resseq=328 icode= >,2ayg_B_A,3.1
400,0.0,HIS, ,C,54.43,8.11,0.0,3.34,1.0,<Residue HIS het=  resseq=328 icode= >,2ayg_B_A,3.1
401,0.047,HIS, ,O,54.66,8.21,0.0,1.68,1.0,<Residue HIS het=  resseq=328 icode= >,2ayg_B_A,3.1
402,0.0,HIS, ,CB,57.07,10.42,0.0,1.32,1.0,<Residue HIS het=  resseq=328 icode= >,2ayg_B_A,3.1
403,1.036,HIS, ,CG,59.81,11.59,0.0,2.76,1.0,<Residue HIS het=  resseq=328 icode= >,2ayg_B_A,3.1
404,0.459,HIS, ,ND1,62.0,12.61,0.0,2.18,1.0,<Residue HIS het=  resseq=328 icode= >,2ayg_B_A,3.1
405,10.005,HIS, ,CD2,61.34,11.95,0.0,1.74,1.0,<Residue HIS het=  resseq=328 icode= >,2ayg_B_A,3.1
406,31.91,HIS, ,CE1,62.98,13.11,0.0,1.99,1.0,<Residue HIS het=  resseq=328 icode= >,2ayg_B_A,3.1
407,28.331,HIS, ,NE2,63.05,13.13,0.0,1.75,1.0,<Residue HIS het=  resseq=328 icode= >,2ayg_B_A,3.1
408,4.193,ALA, ,N,52.06,7.37,0.0,2.51,1.0,<Residue ALA het=  resseq=329 icode= >,2ayg_B_A,3.1
409,0.533,ALA, ,CA,50.05,6.75,0.0,3.16,1.0,<Residue ALA het=  resseq=329 icode= >,2ayg_B_A,3.1
410,0.0,ALA, ,C,49.17,8.01,0.0,3.39,1.0,<Residue ALA het=  resseq=329 icode= >,2ayg_B_A,3.1
411,0.0,ALA, ,O,49.4,9.09,0.0,1.81,1.0,<Residue ALA het=  resseq=329 icode= >,2ayg_B_A,3.1
412,6.839,ALA, ,CB,49.83,6.06,0.0,0.86,1.0,<Residue ALA het=  resseq=329 icode= >,2ayg_B_A,3.1
413,0.0,ILE, ,N,47.78,8.03,0.0,2.12,1.0,<Residue ILE het=  resseq=330 icode= >,2ayg_B_A,3.1
414,0.0,ILE, ,CA,45.74,9.30,0.0,2.98,1.0,<Residue ILE het=  resseq=330 icode= >,2ayg_B_A,3.1
415,0.0,ILE, ,C,44.98,8.34,0.0,4.00,1.0,<Residue ILE het=  resseq=330 icode= >,2ayg_B_A,3.1
416,0.0,ILE, ,O,44.42,7.23,0.0,1.84,1.0,<Residue ILE het=  resseq=330 icode= >,2ayg_B_A,3.1
417,0.0,ILE, ,CB,45.71,9.90,0.0,2.08,1.0,<Residue ILE het=  resseq=330 icode= >,2ayg_B_A,3.1
418,0.0,ILE, ,CG1,45.25,9.79,0.0,1.89,1.0,<Residue ILE het=  resseq=330 icode= >,2ayg_B_A,3.1
419,0.0,ILE, ,CG2,45.6,11.09,0.0,0.48,1.0,<Residue ILE het=  resseq=330 icode= >,2ayg_B_A,3.1
420,0.0,ILE, ,CD1,45.36,10.64,0.0,0.76,1.0,<Residue ILE het=  resseq=330 icode= >,2ayg_B_A,3.1
421,0.0,VAL, ,N,43.83,8.82,0.0,3.15,1.0,<Residue VAL het=  resseq=331 icode= >,2ayg_B_A,3.1
422,0.0,VAL, ,CA,43.1,8.24,0.0,3.48,1.0,<Residue VAL het=  resseq=331 icode= >,2ayg_B_A,3.1
423,0.0,VAL, ,C,43.1,9.48,0.0,4.04,1.0,<Residue VAL het=  resseq=331 icode= >,2ayg_B_A,3.1
424,0.0,VAL, ,O,43.45,10.50,0.0,2.22,1.0,<Residue VAL het=  resseq=331 icode= >,2ayg_B_A,3.1
425,0.0,VAL, ,CB,42.89,7.75,0.0,2.11,1.0,<Residue VAL het=  resseq=331 icode= >,2ayg_B_A,3.1
426,2.657,VAL, ,CG1,42.21,7.90,0.0,0.64,1.0,<Residue VAL het=  resseq=331 icode= >,2ayg_B_A,3.1
427,0.0,VAL, ,CG2,42.77,6.39,0.0,0.22,1.0,<Residue VAL het=  resseq=331 icode= >,2ayg_B_A,3.1
428,0.0,THR, ,N,42.92,9.54,0.0,2.90,1.0,<Residue THR het=  resseq=332 icode= >,2ayg_B_A,3.1
429,0.0,THR, ,CA,43.07,10.80,0.0,3.20,1.0,<Residue THR het=  resseq=332 icode= >,2ayg_B_A,3.1
430,0.0,THR, ,C,43.69,10.93,0.0,3.01,1.0,<Residue THR het=  resseq=332 icode= >,2ayg_B_A,3.1
431,0.302,THR, ,O,43.98,10.11,0.302,1.61,1.0,<Residue THR het=  resseq=332 icode= >,2ayg_B_A,3.1
432,4.455,THR, ,CB,42.64,11.21,4.049,2.98,1.0,<Residue THR het=  resseq=332 icode= >,2ayg_B_A,3.1
433,4.008,THR, ,OG1,43.64,11.24,0.469,1.10,1.0,<Residue THR het=  resseq=332 icode= >,2ayg_B_A,3.1
434,5.904,THR, ,CG2,42.21,12.65,2.611,1.21,1.0,<Residue THR het=  resseq=332 icode= >,2ayg_B_A,3.1
435,0.0,VAL, ,N,43.99,12.13,0.0,2.51,1.0,<Residue VAL het=  resseq=333 icode= >,2ayg_B_A,3.1
436,0.0,VAL, ,CA,44.48,12.70,0.0,3.28,1.0,<Residue VAL het=  resseq=333 icode= >,2ayg_B_A,3.1
437,0.0,VAL, ,C,45.42,14.02,0.0,3.57,1.0,<Residue VAL het=  resseq=333 icode= >,2ayg_B_A,3.1
438,0.0,VAL, ,O,45.75,14.75,0.0,2.00,1.0,<Residue VAL het=  resseq=333 icode= >,2ayg_B_A,3.1
439,0.0,VAL, ,CB,44.41,13.09,0.0,2.06,1.0,<Residue VAL het=  resseq=333 icode= >,2ayg_B_A,3.1
440,0.0,VAL, ,CG1,43.31,13.52,0.0,0.78,1.0,<Residue VAL het=  resseq=333 icode= >,2ayg_B_A,3.1
441,0.338,VAL, ,CG2,43.8,11.92,0.0,0.65,1.0,<Residue VAL het=  resseq=333 icode= >,2ayg_B_A,3.1
442,0.0,THR, ,N,46.2,14.43,0.0,3.21,1.0,<Residue THR het=  resseq=334 icode= >,2ayg_B_A,3.1
443,0.0,THR, ,CA,46.9,15.67,0.0,3.27,1.0,<Residue THR het=  resseq=334 icode= >,2ayg_B_A,3.1
444,0.0,THR, ,C,48.15,16.14,0.0,3.70,1.0,<Residue THR het=  resseq=334 icode= >,2ayg_B_A,3.1
445,0.0,THR, ,O,47.88,15.41,0.0,2.16,1.0,<Residue THR het=  resseq=334 icode= >,2ayg_B_A,3.1
446,0.0,THR, ,CB,46.6,15.67,0.0,2.73,1.0,<Residue THR het=  resseq=334 icode= >,2ayg_B_A,3.1
447,0.692,THR, ,OG1,45.9,15.50,0.0,1.55,1.0,<Residue THR het=  resseq=334 icode= >,2ayg_B_A,3.1
448,5.513,THR, ,CG2,45.63,14.53,5.513,1.18,1.0,<Residue THR het=  resseq=334 icode= >,2ayg_B_A,3.1
449,0.0,TYR, ,N,49.71,17.42,0.0,2.82,1.0,<Residue TYR het=  resseq=335 icode= >,2ayg_B_A,3.1
450,0.0,TYR, ,CA,51.54,18.26,0.0,2.78,1.0,<Residue TYR het=  resseq=335 icode= >,2ayg_B_A,3.1
451,1.145,TYR, ,C,52.55,19.35,0.0,3.44,1.0,<Residue TYR het=  resseq=335 icode= >,2ayg_B_A,3.1
452,4.373,TYR, ,O,52.37,20.05,0.0,2.15,1.0,<Residue TYR het=  resseq=335 icode= >,2ayg_B_A,3.1
453,0.0,TYR, ,CB,51.91,19.05,0.0,0.75,1.0,<Residue TYR het=  resseq=335 icode= >,2ayg_B_A,3.1
454,0.0,TYR, ,CG,52.37,18.04,0.0,1.69,1.0,<Residue TYR het=  resseq=335 icode= >,2ayg_B_A,3.1
455,0.0,TYR, ,CD1,53.13,18.09,0.0,1.09,1.0,<Residue TYR het=  resseq=335 icode= >,2ayg_B_A,3.1
456,0.0,TYR, ,CD2,52.26,16.78,0.0,1.46,1.0,<Residue TYR het=  resseq=335 icode= >,2ayg_B_A,3.1
457,0.0,TYR, ,CE1,52.83,17.21,0.0,0.98,1.0,<Residue TYR het=  resseq=335 icode= >,2ayg_B_A,3.1
458,0.0,TYR, ,CE2,52.08,15.65,0.0,1.39,1.0,<Residue TYR het=  resseq=335 icode= >,2ayg_B_A,3.1
459,0.0,TYR, ,CZ,52.32,15.90,0.0,2.42,1.0,<Residue TYR het=  resseq=335 icode= >,2ayg_B_A,3.1
460,0.0,TYR, ,OH,52.23,14.93,0.0,1.73,1.0,<Residue TYR het=  resseq=335 icode= >,2ayg_B_A,3.1
461,0.0,HIS, ,N,54.01,1000.00,0.0,2.16,1.0,<Residue HIS het=  resseq=336 icode= >,2ayg_B_A,3.1
462,8.552,HIS, ,CA,55.55,1000.00,0.0,3.29,1.0,<Residue HIS het=  resseq=336 icode= >,2ayg_B_A,3.1
463,2.505,HIS, ,C,56.09,1000.00,0.0,2.94,1.0,<Residue HIS het=  resseq=336 icode= >,2ayg_B_A,3.1
464,22.627,HIS, ,O,56.92,1000.00,0.0,1.82,1.0,<Residue HIS het=  resseq=336 icode= >,2ayg_B_A,3.1
465,19.096,HIS, ,CB,55.68,1000.00,0.0,2.33,1.0,<Residue HIS het=  resseq=336 icode= >,2ayg_B_A,3.1
466,2.733,HIS, ,CG,59.67,1000.00,0.0,2.46,1.0,<Residue HIS het=  resseq=336 icode= >,2ayg_B_A,3.1
467,1.535,HIS, ,ND1,63.44,1000.00,0.0,1.70,1.0,<Residue HIS het=  resseq=336 icode= >,2ayg_B_A,3.1
468,35.246,HIS, ,CD2,63.24,1000.00,0.0,1.78,1.0,<Residue HIS het=  resseq=336 icode= >,2ayg_B_A,3.1
469,17.362,HIS, ,CE1,63.93,1000.00,8.591,1.49,1.0,<Residue HIS het=  resseq=336 icode= >,2ayg_B_A,3.1
470,24.54,HIS, ,NE2,64.3,1000.00,4.957,1.55,1.0,<Residue HIS het=  resseq=336 icode= >,2ayg_B_A,3.1
471,0.0,SER, ,N,56.4,1000.00,0.0,2.42,1.0,<Residue SER het=  resseq=337 icode= >,2ayg_B_A,3.1
472,6.455,SER, ,CA,56.73,1000.00,0.0,3.26,1.0,<Residue SER het=  resseq=337 icode= >,2ayg_B_A,3.1
473,0.0,SER, ,C,56.87,1000.00,0.0,3.10,1.0,<Residue SER het=  resseq=337 icode= >,2ayg_B_A,3.1
474,0.0,SER, ,O,56.95,1000.00,0.0,1.72,1.0,<Residue SER het=  resseq=337 icode= >,2ayg_B_A,3.1
475,30.898,SER, ,CB,56.6,1000.00,0.0,2.37,1.0,<Residue SER het=  resseq=337 icode= >,2ayg_B_A,3.1
476,7.251,SER, ,OG,57.73,1000.00,0.0,1.21,1.0,<Residue SER het=  resseq=337 icode= >,2ayg_B_A,3.1
477,2.338,GLU, ,N,56.96,1000.00,0.0,2.56,1.0,<Residue GLU het=  resseq=338 icode= >,2ayg_B_A,3.1
478,0.0,GLU, ,CA,57.17,1000.00,0.0,2.64,1.0,<Residue GLU het=  resseq=338 icode= >,2ayg_B_A,3.1
479,1.073,GLU, ,C,57.57,1000.00,0.0,3.00,1.0,<Residue GLU het=  resseq=338 icode= >,2ayg_B_A,3.1
480,1.116,GLU, ,O,57.16,1000.00,0.0,1.94,1.0,<Residue GLU het=  resseq=338 icode= >,2ayg_B_A,3.1
481,19.22,GLU, ,CB,56.87,1000.00,0.0,1.64,1.0,<Residue GLU het=  resseq=338 icode= >,2ayg_B_A,3.1
482,13.124,GLU, ,CG,55.84,1000.00,0.0,1.10,1.0,<Residue GLU het=  resseq=338 icode= >,2ayg_B_A,3.1
483,4.821,GLU, ,CD,54.74,1000.00,0.0,1.24,0.5,<Residue GLU het=  resseq=338 icode= >,2ayg_B_A,3.1
484,21.853,GLU, ,OE1,53.38,1000.00,0.0,0.82,0.5,<Residue GLU het=  resseq=338 icode= >,2ayg_B_A,3.1
485,41.159,GLU, ,OE2,55.03,1000.00,0.0,0.47,0.5,<Residue GLU het=  resseq=338 icode= >,2ayg_B_A,3.1
486,2.988,GLU, ,N,58.11,1000.00,0.0,2.60,1.0,<Residue GLU het=  resseq=339 icode= >,2ayg_B_A,3.1
487,7.093,GLU, ,CA,59.01,1000.00,0.0,2.79,1.0,<Residue GLU het=  resseq=339 icode= >,2ayg_B_A,3.1
488,0.0,GLU, ,C,59.28,1000.00,0.0,3.30,1.0,<Residue GLU het=  resseq=339 icode= >,2ayg_B_A,3.1
489,0.52,GLU, ,O,59.84,1000.00,0.0,1.47,1.0,<Residue GLU het=  resseq=339 icode= >,2ayg_B_A,3.1
490,18.405,GLU, ,CB,59.21,1000.00,0.0,1.44,1.0,<Residue GLU het=  resseq=339 icode= >,2ayg_B_A,3.1
491,20.747,GLU, ,CG,59.36,1000.00,0.0,1.12,1.0,<Residue GLU het=  resseq=339 icode= >,2ayg_B_A,3.1
492,15.31,GLU, ,CD,59.62,1000.00,0.0,0.83,0.5,<Residue GLU het=  resseq=339 icode= >,2ayg_B_A,3.1
493,36.182,GLU, ,OE1,60.78,1000.00,0.0,0.40,0.5,<Residue GLU het=  resseq=339 icode= >,2ayg_B_A,3.1
494,41.736,GLU, ,OE2,59.65,1000.00,0.0,0.50,0.5,<Residue GLU het=  resseq=339 icode= >,2ayg_B_A,3.1
495,0.065,GLN, ,N,59.2,1000.00,0.0,2.49,1.0,<Residue GLN het=  resseq=340 icode= >,2ayg_B_A,3.1
496,2.344,GLN, ,CA,59.43,1000.00,0.0,2.53,1.0,<Residue GLN het=  resseq=340 icode= >,2ayg_B_A,3.1
497,0.0,GLN, ,C,59.15,1000.00,0.0,2.47,1.0,<Residue GLN het=  resseq=340 icode= >,2ayg_B_A,3.1
498,0.0,GLN, ,O,59.06,1000.00,0.0,1.38,1.0,<Residue GLN het=  resseq=340 icode= >,2ayg_B_A,3.1
499,10.523,GLN, ,CB,59.61,1000.00,0.0,1.61,1.0,<Residue GLN het=  resseq=340 icode= >,2ayg_B_A,3.1
500,13.058,GLN, ,CG,60.13,1000.00,0.0,1.35,1.0,<Residue GLN het=  resseq=340 icode= >,2ayg_B_A,3.1
501,0.236,GLN, ,CD,61.24,1000.00,0.0,2.76,1.0,<Residue GLN het=  resseq=340 icode= >,2ayg_B_A,3.1
502,0.0,GLN, ,OE1,62.68,1000.00,0.0,1.13,1.0,<Residue GLN het=  resseq=340 icode= >,2ayg_B_A,3.1
503,9.867,GLN, ,NE2,61.1,1000.00,0.0,1.49,1.0,<Residue GLN het=  resseq=340 icode= >,2ayg_B_A,3.1
504,0.0,ARG, ,N,58.81,18.66,0.0,2.26,1.0,<Residue ARG het=  resseq=341 icode= >,2ayg_B_A,3.1
505,0.0,ARG, ,CA,58.52,17.67,0.0,3.02,1.0,<Residue ARG het=  resseq=341 icode= >,2ayg_B_A,3.1
506,0.0,ARG, ,C,58.96,16.92,0.0,2.85,1.0,<Residue ARG het=  resseq=341 icode= >,2ayg_B_A,3.1
507,0.0,ARG, ,O,58.6,15.69,0.0,1.64,1.0,<Residue ARG het=  resseq=341 icode= >,2ayg_B_A,3.1
508,0.0,ARG, ,CB,58.48,18.45,0.0,0.94,1.0,<Residue ARG het=  resseq=341 icode= >,2ayg_B_A,3.1
509,0.0,ARG, ,CG,57.24,17.72,0.0,1.15,1.0,<Residue ARG het=  resseq=341 icode= >,2ayg_B_A,3.1
510,4.139,ARG, ,CD,56.31,18.56,0.0,1.58,1.0,<Residue ARG het=  resseq=341 icode= >,2ayg_B_A,3.1
511,0.0,ARG, ,NE,56.72,19.03,0.0,1.77,1.0,<Residue ARG het=  resseq=341 icode= >,2ayg_B_A,3.1
512,0.0,ARG, ,CZ,56.87,20.15,0.0,2.10,1.0,<Residue ARG het=  resseq=341 icode= >,2ayg_B_A,3.1
513,12.334,ARG, ,NH1,55.73,20.90,0.0,1.40,1.0,<Residue ARG het=  resseq=341 icode= >,2ayg_B_A,3.1
514,1.276,ARG, ,NH2,58.25,20.62,0.0,0.51,1.0,<Residue ARG het=  resseq=341 icode= >,2ayg_B_A,3.1
515,0.013,GLN, ,N,59.37,17.74,0.0,1.61,1.0,<Residue GLN het=  resseq=342 icode= >,2ayg_B_A,3.1
516,0.025,GLN, ,CA,59.48,17.35,0.0,1.93,1.0,<Residue GLN het=  resseq=342 icode= >,2ayg_B_A,3.1
517,0.0,GLN, ,C,58.96,16.39,0.0,2.75,1.0,<Residue GLN het=  resseq=342 icode= >,2ayg_B_A,3.1
518,0.0,GLN, ,O,58.57,15.27,0.0,1.50,1.0,<Residue GLN het=  resseq=342 icode= >,2ayg_B_A,3.1
519,7.912,GLN, ,CB,59.42,18.62,0.0,1.55,1.0,<Residue GLN het=  resseq=342 icode= >,2ayg_B_A,3.1
520,36.191,GLN, ,CG,61.14,18.89,0.0,1.04,1.0,<Residue GLN het=  resseq=342 icode= >,2ayg_B_A,3.1
521,5.359,GLN, ,CD,62.52,17.67,0.0,2.02,1.0,<Residue GLN het=  resseq=342 icode= >,2ayg_B_A,3.1
522,7.049,GLN, ,OE1,63.56,16.96,0.0,1.45,1.0,<Residue GLN het=  resseq=342 icode= >,2ayg_B_A,3.1
523,39.239,GLN, ,NE2,61.6,17.53,0.0,1.43,1.0,<Residue GLN het=  resseq=342 icode= >,2ayg_B_A,3.1
524,0.0,GLN, ,N,58.64,16.91,0.0,2.56,1.0,<Residue GLN het=  resseq=343 icode= >,2ayg_B_A,3.1
525,0.0,GLN, ,CA,58.45,16.26,0.0,2.46,1.0,<Residue GLN het=  resseq=343 icode= >,2ayg_B_A,3.1
526,0.0,GLN, ,C,58.19,14.81,0.0,2.91,1.0,<Residue GLN het=  resseq=343 icode= >,2ayg_B_A,3.1
527,0.0,GLN, ,O,58.67,14.01,0.0,0.80,1.0,<Residue GLN het=  resseq=343 icode= >,2ayg_B_A,3.1
528,5.036,GLN, ,CB,58.41,16.89,0.0,1.03,1.0,<Residue GLN het=  resseq=343 icode= >,2ayg_B_A,3.1
529,24.467,GLN, ,CG,57.59,16.75,0.0,0.16,0.5,<Residue GLN het=  resseq=343 icode= >,2ayg_B_A,3.1
530,5.752,GLN, ,CD,56.14,17.13,0.0,1.00,0.5,<Residue GLN het=  resseq=343 icode= >,2ayg_B_A,3.1
531,11.045,GLN, ,OE1,54.92,16.28,0.0,1.23,0.5,<Residue GLN het=  resseq=343 icode= >,2ayg_B_A,3.1
532,41.263,GLN, ,NE2,55.12,18.42,0.0,0.52,0.5,<Residue GLN het=  resseq=343 icode= >,2ayg_B_A,3.1
533,0.0,PHE, ,N,57.6,14.56,0.0,2.75,1.0,<Residue PHE het=  resseq=344 icode= >,2ayg_B_A,3.1
534,0.0,PHE, ,CA,57.18,13.33,0.0,2.77,1.0,<Residue PHE het=  resseq=344 icode= >,2ayg_B_A,3.1
535,0.0,PHE, ,C,56.94,12.24,0.0,3.21,1.0,<Residue PHE het=  resseq=344 icode= >,2ayg_B_A,3.1
536,0.0,PHE, ,O,56.54,11.07,0.0,1.93,1.0,<Residue PHE het=  resseq=344 icode= >,2ayg_B_A,3.1
537,0.0,PHE, ,CB,56.99,13.72,0.0,1.42,1.0,<Residue PHE het=  resseq=344 icode= >,2ayg_B_A,3.1
538,0.0,PHE, ,CG,56.93,12.68,0.0,2.41,1.0,<Residue PHE het=  resseq=344 icode= >,2ayg_B_A,3.1
539,0.0,PHE, ,CD1,57.01,12.01,0.0,1.33,1.0,<Residue PHE het=  resseq=344 icode= >,2ayg_B_A,3.1
540,0.0,PHE, ,CD2,55.93,12.09,0.0,1.48,1.0,<Residue PHE het=  resseq=344 icode= >,2ayg_B_A,3.1
541,0.0,PHE, ,CE1,56.24,11.18,0.0,0.99,1.0,<Residue PHE het=  resseq=344 icode= >,2ayg_B_A,3.1
542,0.11,PHE, ,CE2,54.78,11.30,0.0,1.65,1.0,<Residue PHE het=  resseq=344 icode= >,2ayg_B_A,3.1
543,0.0,PHE, ,CZ,55.19,10.88,0.0,1.40,1.0,<Residue PHE het=  resseq=344 icode= >,2ayg_B_A,3.1
544,0.0,LEU, ,N,56.91,12.75,0.0,2.35,1.0,<Residue LEU het=  resseq=345 icode= >,2ayg_B_A,3.1
545,0.084,LEU, ,CA,56.91,12.05,0.0,2.53,1.0,<Residue LEU het=  resseq=345 icode= >,2ayg_B_A,3.1
546,1.401,LEU, ,C,57.57,11.74,0.0,2.40,1.0,<Residue LEU het=  resseq=345 icode= >,2ayg_B_A,3.1
547,14.869,LEU, ,O,58.08,10.86,0.0,1.36,1.0,<Residue LEU het=  resseq=345 icode= >,2ayg_B_A,3.1
548,10.717,LEU, ,CB,56.24,13.00,0.0,2.02,1.0,<Residue LEU het=  resseq=345 icode= >,2ayg_B_A,3.1
549,0.0,LEU, ,CG,53.72,13.31,0.0,2.21,1.0,<Residue LEU het=  resseq=345 icode= >,2ayg_B_A,3.1
550,6.05,LEU, ,CD1,52.37,14.72,0.0,0.65,1.0,<Residue LEU het=  resseq=345 icode= >,2ayg_B_A,3.1
551,4.348,LEU, ,CD2,50.21,12.43,0.0,1.13,1.0,<Residue LEU het=  resseq=345 icode= >,2ayg_B_A,3.1
552,0.0,ASN, ,N,57.68,12.62,0.0,2.26,1.0,<Residue ASN het=  resseq=346 icode= >,2ayg_B_A,3.1
553,10.12,ASN, ,CA,57.95,12.55,0.0,2.61,1.0,<Residue ASN het=  resseq=346 icode= >,2ayg_B_A,3.1
554,2.215,ASN, ,C,57.74,11.36,0.0,3.96,1.0,<Residue ASN het=  resseq=346 icode= >,2ayg_B_A,3.1
555,22.349,ASN, ,O,58.36,10.48,0.0,1.80,1.0,<Residue ASN het=  resseq=346 icode= >,2ayg_B_A,3.1
556,17.171,ASN, ,CB,58.39,13.83,0.0,1.75,1.0,<Residue ASN het=  resseq=346 icode= >,2ayg_B_A,3.1
557,5.944,ASN, ,CG,59.32,15.13,0.0,2.39,1.0,<Residue ASN het=  resseq=346 icode= >,2ayg_B_A,3.1
558,13.904,ASN, ,OD1,59.09,15.23,0.0,1.94,1.0,<Residue ASN het=  resseq=346 icode= >,2ayg_B_A,3.1
559,22.805,ASN, ,ND2,59.98,16.23,0.0,1.54,1.0,<Residue ASN het=  resseq=346 icode= >,2ayg_B_A,3.1
560,0.0,VAL, ,N,56.92,11.46,0.0,3.09,1.0,<Residue VAL het=  resseq=347 icode= >,2ayg_B_A,3.1
561,5.666,VAL, ,CA,56.59,10.77,0.0,2.65,1.0,<Residue VAL het=  resseq=347 icode= >,2ayg_B_A,3.1
562,0.035,VAL, ,C,56.3,9.26,0.0,2.95,1.0,<Residue VAL het=  resseq=347 icode= >,2ayg_B_A,3.1
563,11.47,VAL, ,O,56.58,8.53,0.0,1.58,1.0,<Residue VAL het=  resseq=347 icode= >,2ayg_B_A,3.1
564,0.0,VAL, ,CB,56.85,11.08,0.0,1.52,1.0,<Residue VAL het=  resseq=347 icode= >,2ayg_B_A,3.1
565,19.421,VAL, ,CG1,56.61,9.84,0.0,0.12,1.0,<Residue VAL het=  resseq=347 icode= >,2ayg_B_A,3.1
566,35.979,VAL, ,CG2,56.52,12.26,0.0,0.65,1.0,<Residue VAL het=  resseq=347 icode= >,2ayg_B_A,3.1
567,0.0,VAL, ,N,55.59,8.92,0.0,2.77,1.0,<Residue VAL het=  resseq=348 icode= >,2ayg_B_A,3.1
568,0.0,VAL, ,CA,55.06,7.68,0.0,3.18,1.0,<Residue VAL het=  resseq=348 icode= >,2ayg_B_A,3.1
569,1.288,VAL, ,C,55.0,6.57,0.0,3.66,1.0,<Residue VAL het=  resseq=348 icode= >,2ayg_B_A,3.1
570,5.819,VAL, ,O,55.39,6.98,0.0,2.20,1.0,<Residue VAL het=  resseq=348 icode= >,2ayg_B_A,3.1
571,0.046,VAL, ,CB,54.89,8.09,0.0,2.17,1.0,<Residue VAL het=  resseq=348 icode= >,2ayg_B_A,3.1
572,2.159,VAL, ,CG1,54.39,7.02,0.0,0.67,1.0,<Residue VAL het=  resseq=348 icode= >,2ayg_B_A,3.1
573,0.0,VAL, ,CG2,53.92,8.72,0.0,0.99,1.0,<Residue VAL het=  resseq=348 icode= >,2ayg_B_A,3.1
574,0.0,LYS, ,N,54.74,5.36,0.0,2.64,1.0,<Residue LYS het=  resseq=349 icode= >,2ayg_B_A,3.1
575,9.309,LYS, ,CA,54.77,4.23,0.0,2.47,1.0,<Residue LYS het=  resseq=349 icode= >,2ayg_B_A,3.1
576,0.432,LYS, ,C,54.54,3.78,0.402,2.91,1.0,<Residue LYS het=  resseq=349 icode= >,2ayg_B_A,3.1
577,5.274,LYS, ,O,54.48,3.33,3.837,1.73,1.0,<Residue LYS het=  resseq=349 icode= >,2ayg_B_A,3.1
578,30.642,LYS, ,CB,55.03,3.41,15.023,0.30,0.5,<Residue LYS het=  resseq=349 icode= >,2ayg_B_A,3.1
579,27.772,LYS, ,CG,55.73,4.52,4.992,-0.56,0.5,<Residue LYS het=  resseq=349 icode= >,2ayg_B_A,3.1
580,12.812,LYS, ,CD,55.77,4.62,8.783,-0.06,0.5,<Residue LYS het=  resseq=349 icode= >,2ayg_B_A,3.1
581,12.909,LYS, ,CE,55.53,4.62,0.0,-0.11,0.5,<Residue LYS het=  resseq=349 icode= >,2ayg_B_A,3.1
582,39.014,LYS, ,NZ,54.61,3.49,18.895,0.11,0.5,<Residue LYS het=  resseq=349 icode= >,2ayg_B_A,3.1
583,5.542,ILE, ,N,54.19,4.47,0.0,2.60,1.0,<Residue ILE het=  resseq=350 icode= >,2ayg_B_A,3.1
584,0.0,ILE, ,CA,54.23,4.81,0.0,3.45,1.0,<Residue ILE het=  resseq=350 icode= >,2ayg_B_A,3.1
585,2.216,ILE, ,C,54.61,4.29,0.805,3.29,1.0,<Residue ILE het=  resseq=350 icode= >,2ayg_B_A,3.1
586,15.331,ILE, ,O,54.62,4.75,0.0,2.01,1.0,<Residue ILE het=  resseq=350 icode= >,2ayg_B_A,3.1
587,6.85,ILE, ,CB,54.18,6.32,0.0,2.15,1.0,<Residue ILE het=  resseq=350 icode= >,2ayg_B_A,3.1
588,0.634,ILE, ,CG1,53.87,7.20,0.0,1.48,1.0,<Residue ILE het=  resseq=350 icode= >,2ayg_B_A,3.1
589,5.944,ILE, ,CG2,54.02,7.00,0.0,0.13,1.0,<Residue ILE het=  resseq=350 icode= >,2ayg_B_A,3.1
590,21.029,ILE, ,CD1,56.64,7.48,0.0,-0.17,1.0,<Residue ILE het=  resseq=350 icode= >,2ayg_B_A,3.1
591,0.353,PRO, ,N,55.19,3.93,0.353,3.00,1.0,<Residue PRO het=  resseq=351 icode= >,2ayg_B_A,3.1
592,5.318,PRO, ,CA,56.05,3.90,5.318,2.61,1.0,<Residue PRO het=  resseq=351 icode= >,2ayg_B_A,3.1
593,0.0,PRO, ,C,56.92,4.53,0.0,2.74,1.0,<Residue PRO het=  resseq=351 icode= >,2ayg_B_A,3.1
594,0.495,PRO, ,O,56.91,5.17,0.0,1.28,1.0,<Residue PRO het=  resseq=351 icode= >,2ayg_B_A,3.1
595,11.591,PRO, ,CB,55.85,3.25,11.591,1.59,1.0,<Residue PRO het=  resseq=351 icode= >,2ayg_B_A,3.1
596,0.413,PRO, ,CG,55.68,4.14,0.413,1.04,1.0,<Residue PRO het=  resseq=351 icode= >,2ayg_B_A,3.1
597,3.482,PRO, ,CD,55.23,3.78,3.482,1.06,1.0,<Residue PRO het=  resseq=351 icode= >,2ayg_B_A,3.1
598,0.0,PRO, ,N,57.87,4.61,0.0,2.06,1.0,<Residue PRO het=  resseq=352 icode= >,2ayg_B_A,3.1
599,13.758,PRO, ,CA,57.8,5.50,0.0,2.24,1.0,<Residue PRO het=  resseq=352 icode= >,2ayg_B_A,3.1
600,1.493,PRO, ,C,57.2,5.33,0.0,3.26,1.0,<Residue PRO het=  resseq=352 icode= >,2ayg_B_A,3.1
601,25.519,PRO, ,O,57.1,6.44,0.0,1.88,1.0,<Residue PRO het=  resseq=352 icode= >,2ayg_B_A,3.1
602,38.711,PRO, ,CB,58.22,5.61,0.0,0.80,1.0,<Residue PRO het=  resseq=352 icode= >,2ayg_B_A,3.1
603,36.494,PRO, ,CG,58.33,4.42,4.424,0.79,1.0,<Residue PRO het=  resseq=352 icode= >,2ayg_B_A,3.1
604,26.891,PRO, ,CD,58.1,4.27,11.117,0.74,1.0,<Residue PRO het=  resseq=352 icode= >,2ayg_B_A,3.1
605,0.087,THR, ,N,56.18,4.19,0.0,2.78,1.0,<Residue THR het=  resseq=353 icode= >,2ayg_B_A,3.1
606,11.121,THR, ,CA,55.91,4.49,0.0,2.78,1.0,<Residue THR het=  resseq=353 icode= >,2ayg_B_A,3.1
607,2.864,THR, ,C,55.33,5.30,0.0,2.58,1.0,<Residue THR het=  resseq=353 icode= >,2ayg_B_A,3.1
608,13.656,THR, ,O,55.08,6.06,0.0,1.65,1.0,<Residue THR het=  resseq=353 icode= >,2ayg_B_A,3.1
609,16.686,THR, ,CB,56.23,3.56,4.235,2.24,1.0,<Residue THR het=  resseq=353 icode= >,2ayg_B_A,3.1
610,26.17,THR, ,OG1,56.33,4.64,0.0,1.45,1.0,<Residue THR het=  resseq=353 icode= >,2ayg_B_A,3.1
611,11.64,THR, ,CG2,56.98,2.72,11.407,0.08,1.0,<Residue THR het=  resseq=353 icode= >,2ayg_B_A,3.1
612,0.0,ILE, ,N,54.52,5.55,0.0,2.38,1.0,<Residue ILE het=  resseq=354 icode= >,2ayg_B_A,3.1
613,0.41,ILE, ,CA,53.96,6.65,0.0,2.92,1.0,<Residue ILE het=  resseq=354 icode= >,2ayg_B_A,3.1
614,0.962,ILE, ,C,53.79,7.78,0.0,3.14,1.0,<Residue ILE het=  resseq=354 icode= >,2ayg_B_A,3.1
615,6.477,ILE, ,O,53.79,7.76,0.0,1.65,1.0,<Residue ILE het=  resseq=354 icode= >,2ayg_B_A,3.1
616,0.0,ILE, ,CB,54.12,6.46,0.0,1.55,1.0,<Residue ILE het=  resseq=354 icode= >,2ayg_B_A,3.1
617,0.0,ILE, ,CG1,54.17,6.97,0.0,0.91,1.0,<Residue ILE het=  resseq=354 icode= >,2ayg_B_A,3.1
618,0.0,ILE, ,CG2,54.22,5.19,0.0,-0.16,1.0,<Residue ILE het=  resseq=354 icode= >,2ayg_B_A,3.1
619,0.0,ILE, ,CD1,55.66,6.59,0.0,-0.78,1.0,<Residue ILE het=  resseq=354 icode= >,2ayg_B_A,3.1
620,0.933,ARG, ,N,53.64,8.97,0.0,1.82,1.0,<Residue ARG het=  resseq=355 icode= >,2ayg_B_A,3.1
621,6.029,ARG, ,CA,53.14,10.22,0.0,2.51,1.0,<Residue ARG het=  resseq=355 icode= >,2ayg_B_A,3.1
622,0.0,ARG, ,C,51.98,11.06,0.0,3.85,1.0,<Residue ARG het=  resseq=355 icode= >,2ayg_B_A,3.1
623,0.0,ARG, ,O,51.83,11.05,0.0,1.69,1.0,<Residue ARG het=  resseq=355 icode= >,2ayg_B_A,3.1
624,1.316,ARG, ,CB,53.15,11.13,0.0,1.75,1.0,<Residue ARG het=  resseq=355 icode= >,2ayg_B_A,3.1
625,12.15,ARG, ,CG,55.8,12.38,0.0,0.37,1.0,<Residue ARG het=  resseq=355 icode= >,2ayg_B_A,3.1
626,31.633,ARG, ,CD,57.66,13.20,0.0,1.26,1.0,<Residue ARG het=  resseq=355 icode= >,2ayg_B_A,3.1
627,18.964,ARG, ,NE,58.79,12.92,0.0,2.30,1.0,<Residue ARG het=  resseq=355 icode= >,2ayg_B_A,3.1
628,6.722,ARG, ,CZ,59.94,12.19,0.0,2.13,1.0,<Residue ARG het=  resseq=355 icode= >,2ayg_B_A,3.1
629,32.253,ARG, ,NH1,60.12,11.63,0.0,1.47,1.0,<Residue ARG het=  resseq=355 icode= >,2ayg_B_A,3.1
630,59.842,ARG, ,NH2,59.47,12.20,0.0,1.14,1.0,<Residue ARG het=  resseq=355 icode= >,2ayg_B_A,3.1
631,0.705,HIS, ,N,50.96,11.97,0.0,2.66,1.0,<Residue HIS het=  resseq=356 icode= >,2ayg_B_A,3.1
632,0.152,HIS, ,CA,50.39,12.93,0.0,2.61,1.0,<Residue HIS het=  resseq=356 icode= >,2ayg_B_A,3.1
633,0.096,HIS, ,C,50.17,14.43,0.0,2.54,1.0,<Residue HIS het=  resseq=356 icode= >,2ayg_B_A,3.1
634,12.419,HIS, ,O,50.58,14.83,0.0,1.32,1.0,<Residue HIS het=  resseq=356 icode= >,2ayg_B_A,3.1
635,0.0,HIS, ,CB,50.07,12.43,0.0,1.45,1.0,<Residue HIS het=  resseq=356 icode= >,2ayg_B_A,3.1
636,0.0,HIS, ,CG,50.51,12.42,0.0,2.81,1.0,<Residue HIS het=  resseq=356 icode= >,2ayg_B_A,3.1
637,9.605,HIS, ,ND1,51.75,12.63,0.0,1.95,1.0,<Residue HIS het=  resseq=356 icode= >,2ayg_B_A,3.1
638,0.0,HIS, ,CD2,51.08,12.42,0.0,2.03,1.0,<Residue HIS het=  resseq=356 icode= >,2ayg_B_A,3.1
639,41.721,HIS, ,CE1,51.85,12.78,0.0,1.73,1.0,<Residue HIS het=  resseq=356 icode= >,2ayg_B_A,3.1
640,10.236,HIS, ,NE2,51.02,12.64,0.0,2.59,1.0,<Residue HIS het=  resseq=356 icode= >,2ayg_B_A,3.1
641,0.0,LYS, ,N,49.51,15.33,0.0,2.00,1.0,<Residue LYS het=  resseq=357 icode= >,2ayg_B_A,3.1
642,5.445,LYS, ,CA,48.71,16.77,0.0,2.93,1.0,<Residue LYS het=  resseq=357 icode= >,2ayg_B_A,3.1
643,0.0,LYS, ,C,48.86,17.13,0.0,3.24,1.0,<Residue LYS het=  resseq=357 icode= >,2ayg_B_A,3.1
644,0.24,LYS, ,O,48.8,16.77,0.24,1.67,1.0,<Residue LYS het=  resseq=357 icode= >,2ayg_B_A,3.1
645,6.508,LYS, ,CB,47.99,17.36,6.349,1.87,1.0,<Residue LYS het=  resseq=357 icode= >,2ayg_B_A,3.1
646,20.293,LYS, ,CG,47.77,17.49,4.36,1.57,1.0,<Residue LYS het=  resseq=357 icode= >,2ayg_B_A,3.1
647,10.069,LYS, ,CD,48.77,17.45,9.482,1.60,1.0,<Residue LYS het=  resseq=357 icode= >,2ayg_B_A,3.1
648,40.825,LYS, ,CE,48.96,18.03,8.031,1.31,1.0,<Residue LYS het=  resseq=357 icode= >,2ayg_B_A,3.1
649,37.448,LYS, ,NZ,49.79,18.25,15.669,0.72,1.0,<Residue LYS het=  resseq=357 icode= >,2ayg_B_A,3.1
650,5.364,LEU, ,N,48.9,17.99,0.0,2.63,1.0,<Residue LEU het=  resseq=358 icode= >,2ayg_B_A,3.1
651,0.0,LEU, ,CA,49.09,18.62,0.0,3.18,1.0,<Residue LEU het=  resseq=358 icode= >,2ayg_B_A,3.1
652,2.589,LEU, ,C,49.92,20.03,1.951,3.16,1.0,<Residue LEU het=  resseq=358 icode= >,2ayg_B_A,3.1
653,26.452,LEU, ,O,50.33,20.75,22.269,1.51,1.0,<Residue LEU het=  resseq=358 icode= >,2ayg_B_A,3.1
654,10.164,LEU, ,CB,48.45,18.78,0.0,1.74,1.0,<Residue LEU het=  resseq=358 icode= >,2ayg_B_A,3.1
655,13.221,LEU, ,CG,47.76,17.72,0.0,2.18,1.0,<Residue LEU het=  resseq=358 icode= >,2ayg_B_A,3.1
656,28.101,LEU, ,CD1,45.67,18.15,0.0,0.76,1.0,<Residue LEU het=  resseq=358 icode= >,2ayg_B_A,3.1
657,3.437,LEU, ,CD2,47.72,16.30,0.0,0.56,1.0,<Residue LEU het=  resseq=358 icode= >,2ayg_B_A,3.1
658,0.556,GLY, ,N,50.67,1000.00,0.556,2.22,1.0,<Residue GLY het=  resseq=359 icode= >,2ayg_B_A,3.1
659,22.255,GLY, ,CA,51.69,1000.00,19.335,2.23,1.0,<Residue GLY het=  resseq=359 icode= >,2ayg_B_A,3.1
660,0.0,GLY, ,C,52.79,1000.00,0.0,2.59,1.0,<Residue GLY het=  resseq=359 icode= >,2ayg_B_A,3.1
661,0.0,GLY, ,O,52.78,1000.00,0.0,1.59,1.0,<Residue GLY het=  resseq=359 icode= >,2ayg_B_A,3.1
662,3.563,PHE, ,N,53.83,1000.00,3.563,2.05,1.0,<Residue PHE het=  resseq=360 icode= >,2ayg_B_A,3.1
663,0.0,PHE, ,CA,55.01,1000.00,0.0,2.42,1.0,<Residue PHE het=  resseq=360 icode= >,2ayg_B_A,3.1
664,0.337,PHE, ,C,55.37,1000.00,0.0,2.08,1.0,<Residue PHE het=  resseq=360 icode= >,2ayg_B_A,3.1
665,27.44,PHE, ,O,55.6,1000.00,27.169,1.09,1.0,<Residue PHE het=  resseq=360 icode= >,2ayg_B_A,3.1
666,10.547,PHE, ,CB,55.55,1000.00,2.793,0.87,1.0,<Residue PHE het=  resseq=360 icode= >,2ayg_B_A,3.1
667,0.0,PHE, ,CG,56.94,1000.00,0.0,1.41,1.0,<Residue PHE het=  resseq=360 icode= >,2ayg_B_A,3.1
668,18.961,PHE, ,CD1,57.13,1000.00,5.462,0.80,1.0,<Residue PHE het=  resseq=360 icode= >,2ayg_B_A,3.1
669,0.0,PHE, ,CD2,57.58,1000.00,0.0,0.85,1.0,<Residue PHE het=  resseq=360 icode= >,2ayg_B_A,3.1
670,33.309,PHE, ,CE1,55.7,1000.00,0.0,1.28,1.0,<Residue PHE het=  resseq=360 icode= >,2ayg_B_A,3.1
671,4.173,PHE, ,CE2,57.26,1000.00,0.0,1.26,1.0,<Residue PHE het=  resseq=360 icode= >,2ayg_B_A,3.1
672,15.481,PHE, ,CZ,56.58,1000.00,0.0,1.08,1.0,<Residue PHE het=  resseq=360 icode= >,2ayg_B_A,3.1
673,0.0,MET, ,N,55.73,1000.00,0.0,1.38,1.0,<Residue MET het=  resseq=361 icode= >,2ayg_B_A,3.1
674,7.195,MET, ,CA,55.64,1000.00,6.903,1.66,1.0,<Residue MET het=  resseq=361 icode= >,2ayg_B_A,3.1
675,0.938,MET, ,C,55.71,1000.00,0.07,2.46,1.0,<Residue MET het=  resseq=361 icode= >,2ayg_B_A,3.1
676,0.0,MET, ,O,55.89,1000.00,0.0,1.67,1.0,<Residue MET het=  resseq=361 icode= >,2ayg_B_A,3.1
677,15.644,MET, ,CB,55.13,1000.00,13.046,1.38,1.0,<Residue MET het=  resseq=361 icode= >,2ayg_B_A,3.1
678,0.0,MET, ,CG,54.92,1000.00,0.0,1.67,1.0,<Residue MET het=  resseq=361 icode= >,2ayg_B_A,3.1
679,14.836,MET, ,SD,55.89,1000.00,5.607,3.15,1.0,<Residue MET het=  resseq=361 icode= >,2ayg_B_A,3.1
680,19.127,MET, ,CE,58.76,1000.00,16.142,0.16,1.0,<Residue MET het=  resseq=361 icode= >,2ayg_B_A,3.1
681,5.452,SER, ,N,55.56,1000.00,4.719,1.88,1.0,<Residue SER het=  resseq=362 icode= >,2ayg_B_A,3.1
682,3.006,SER, ,CA,55.59,1000.00,0.0,3.18,1.0,<Residue SER het=  resseq=362 icode= >,2ayg_B_A,3.1
683,0.0,SER, ,C,56.14,1000.00,0.0,3.07,1.0,<Residue SER het=  resseq=362 icode= >,2ayg_B_A,3.1
684,0.0,SER, ,O,56.16,1000.00,0.0,1.76,1.0,<Residue SER het=  resseq=362 icode= >,2ayg_B_A,3.1
685,4.058,SER, ,CB,55.25,1000.00,0.656,1.68,1.0,<Residue SER het=  resseq=362 icode= >,2ayg_B_A,3.1
686,36.297,SER, ,OG,55.34,1000.00,30.592,0.90,1.0,<Residue SER het=  resseq=362 icode= >,2ayg_B_A,3.1
687,0.0,MET, ,N,57.12,1000.00,0.0,1.82,1.0,<Residue MET het=  resseq=363 icode= >,2ayg_B_A,3.1
688,0.0,MET, ,CA,57.74,1000.00,0.0,2.35,1.0,<Residue MET het=  resseq=363 icode= >,2ayg_B_A,3.1
689,0.0,MET, ,C,57.07,1000.00,0.0,3.57,1.0,<Residue MET het=  resseq=363 icode= >,2ayg_B_A,3.1
690,4.739,MET, ,O,56.96,1000.00,0.0,1.86,1.0,<Residue MET het=  resseq=363 icode= >,2ayg_B_A,3.1
691,0.122,MET, ,CB,58.49,1000.00,0.0,1.36,1.0,<Residue MET het=  resseq=363 icode= >,2ayg_B_A,3.1
692,15.442,MET, ,CG,61.82,1000.00,0.0,1.10,1.0,<Residue MET het=  resseq=363 icode= >,2ayg_B_A,3.1
693,46.138,MET, ,SD,70.66,1000.00,0.0,1.49,1.0,<Residue MET het=  resseq=363 icode= >,2ayg_B_A,3.1
694,31.551,MET, ,CE,66.43,1000.00,0.0,0.68,1.0,<Residue MET het=  resseq=363 icode= >,2ayg_B_A,3.1
695,0.0,HIS, ,N,56.61,1000.00,0.0,2.18,1.0,<Residue HIS het=  resseq=364 icode= >,2ayg_B_A,3.1
696,6.992,HIS, ,CA,56.19,1000.00,0.0,2.71,1.0,<Residue HIS het=  resseq=364 icode= >,2ayg_B_A,3.1
697,0.269,HIS, ,C,56.34,1000.00,0.0,2.89,1.0,<Residue HIS het=  resseq=364 icode= >,2ayg_B_A,3.1
698,24.215,HIS, ,O,56.34,1000.00,19.535,1.37,1.0,<Residue HIS het=  resseq=364 icode= >,2ayg_B_A,3.1
699,26.333,HIS, ,CB,55.66,1000.00,1.125,1.56,1.0,<Residue HIS het=  resseq=364 icode= >,2ayg_B_A,3.1
700,1.694,HIS, ,CG,55.44,1000.00,0.0,2.18,1.0,<Residue HIS het=  resseq=364 icode= >,2ayg_B_A,3.1
701,8.219,HIS, ,ND1,54.45,1000.00,5.101,1.58,1.0,<Residue HIS het=  resseq=364 icode= >,2ayg_B_A,3.1
702,20.599,HIS, ,CD2,54.41,1000.00,0.0,1.81,1.0,<Residue HIS het=  resseq=364 icode= >,2ayg_B_A,3.1
703,26.872,HIS, ,CE1,52.99,1000.00,18.932,1.83,1.0,<Residue HIS het=  resseq=364 icode= >,2ayg_B_A,3.1
704,24.14,HIS, ,NE2,53.42,1000.00,0.152,1.63,1.0,<Residue HIS het=  resseq=364 icode= >,2ayg_B_A,3.1
705,0.0,LEU, ,N,56.45,1000.00,0.0,2.26,1.0,<Residue LEU het=  resseq=365 icode= >,2ayg_B_A,3.1
706,3.005,LEU, ,CA,56.41,1000.00,3.005,2.40,1.0,<Residue LEU het=  resseq=365 icode= >,2ayg_B_A,3.1
707,0.371,LEU, ,C,56.91,1000.00,0.134,2.62,1.0,<Residue LEU het=  resseq=365 icode= >,2ayg_B_A,3.1
708,21.117,LEU, ,O,57.39,1000.00,20.84,1.26,1.0,<Residue LEU het=  resseq=365 icode= >,2ayg_B_A,3.1
709,3.04,LEU, ,CB,55.6,1000.00,3.04,2.11,1.0,<Residue LEU het=  resseq=365 icode= >,2ayg_B_A,3.1
710,0.017,LEU, ,CG,55.28,1000.00,0.017,1.97,1.0,<Residue LEU het=  resseq=365 icode= >,2ayg_B_A,3.1
711,37.186,LEU, ,CD1,56.4,1000.00,37.124,0.26,1.0,<Residue LEU het=  resseq=365 icode= >,2ayg_B_A,3.1
712,51.032,LEU, ,CD2,55.26,1000.00,51.032,0.30,1.0,<Residue LEU het=  resseq=365 icode= >,2ayg_B_A,3.1
713,0.004,LEU, ,N,57.14,17.94,0.0,2.34,1.0,<Residue LEU het=  resseq=366 icode= >,2ayg_B_A,3.1
714,2.459,LEU, ,CA,57.78,17.14,2.459,2.38,1.0,<Residue LEU het=  resseq=366 icode= >,2ayg_B_A,3.1
715,9.904,LEU, ,C,58.56,16.86,6.004,2.19,1.0,<Residue LEU het=  resseq=366 icode= >,2ayg_B_A,3.1
716,34.423,LEU, ,O,59.04,17.25,18.168,1.24,1.0,<Residue LEU het=  resseq=366 icode= >,2ayg_B_A,3.1
717,12.968,LEU, ,CB,57.44,17.46,0.0,0.95,1.0,<Residue LEU het=  resseq=366 icode= >,2ayg_B_A,3.1
718,5.238,LEU, ,CG,56.24,17.18,0.0,2.24,1.0,<Residue LEU het=  resseq=366 icode= >,2ayg_B_A,3.1
719,8.925,LEU, ,CD1,56.49,15.75,8.925,0.31,1.0,<Residue LEU het=  resseq=366 icode= >,2ayg_B_A,3.1
720,0.0,LEU, ,CD2,54.78,17.63,0.0,0.36,1.0,<Residue LEU het=  resseq=366 icode= >,2ayg_B_A,3.1
721,29.243,LEU, ,OXT,59.11,16.22,25.928,1.60,1.0,<Residue LEU het=  resseq=366 icode= >,2ayg_B_A,3.1
