,ASA,aa,altloc,atom,bfac,d2r,dASA,dens,occ,residue,id,resolu
0,50.24,ASP, ,N,52.28,12.88,0.0,1.36,1.0,<Residue ASP het=  resseq=23 icode= >,2bnw_A_A,2.45
1,13.072,ASP, ,CA,52.09,12.26,0.0,1.37,1.0,<Residue ASP het=  resseq=23 icode= >,2bnw_A_A,2.45
2,4.684,ASP, ,C,51.83,11.05,0.0,2.49,1.0,<Residue ASP het=  resseq=23 icode= >,2bnw_A_A,2.45
3,20.744,ASP, ,O,52.17,10.84,0.0,2.05,1.0,<Residue ASP het=  resseq=23 icode= >,2bnw_A_A,2.45
4,27.077,ASP, ,CB,52.51,13.37,0.0,1.08,1.0,<Residue ASP het=  resseq=23 icode= >,2bnw_A_A,2.45
5,12.107,ASP, ,CG,53.25,13.72,0.0,2.37,1.0,<Residue ASP het=  resseq=23 icode= >,2bnw_A_A,2.45
6,25.324,ASP, ,OD1,53.09,13.01,0.0,1.76,1.0,<Residue ASP het=  resseq=23 icode= >,2bnw_A_A,2.45
7,42.399,ASP, ,OD2,54.73,14.83,0.0,1.73,1.0,<Residue ASP het=  resseq=23 icode= >,2bnw_A_A,2.45
8,3.425,ILE, ,N,50.97,10.41,0.0,2.24,1.0,<Residue ILE het=  resseq=24 icode= >,2bnw_A_A,2.45
9,7.847,ILE, ,CA,50.34,9.31,0.0,2.10,1.0,<Residue ILE het=  resseq=24 icode= >,2bnw_A_A,2.45
10,0.0,ILE, ,C,49.49,10.02,0.0,3.19,1.0,<Residue ILE het=  resseq=24 icode= >,2bnw_A_A,2.45
11,11.42,ILE, ,O,49.7,11.21,0.0,2.20,1.0,<Residue ILE het=  resseq=24 icode= >,2bnw_A_A,2.45
12,13.197,ILE, ,CB,50.66,8.64,0.0,2.34,1.0,<Residue ILE het=  resseq=24 icode= >,2bnw_A_A,2.45
13,32.999,ILE, ,CG1,51.58,7.53,0.0,1.25,1.0,<Residue ILE het=  resseq=24 icode= >,2bnw_A_A,2.45
14,41.621,ILE, ,CG2,50.58,9.80,0.0,1.42,1.0,<Residue ILE het=  resseq=24 icode= >,2bnw_A_A,2.45
15,42.216,ILE, ,CD1,52.77,8.20,0.0,0.28,1.0,<Residue ILE het=  resseq=24 icode= >,2bnw_A_A,2.45
16,4.152,MET, ,N,48.14,9.33,0.0,2.97,1.0,<Residue MET het=  resseq=25 icode= >,2bnw_A_A,2.45
17,1.948,MET, ,CA,47.37,9.88,0.0,3.14,1.0,<Residue MET het=  resseq=25 icode= >,2bnw_A_A,2.45
18,0.0,MET, ,C,46.46,8.78,0.0,3.94,1.0,<Residue MET het=  resseq=25 icode= >,2bnw_A_A,2.45
19,18.14,MET, ,O,46.12,7.58,0.747,2.70,1.0,<Residue MET het=  resseq=25 icode= >,2bnw_A_A,2.45
20,18.522,MET, ,CB,47.31,10.16,7.982,2.57,1.0,<Residue MET het=  resseq=25 icode= >,2bnw_A_A,2.45
21,26.776,MET, ,CG,47.47,10.53,26.776,3.39,1.0,<Residue MET het=  resseq=25 icode= >,2bnw_A_A,2.45
22,30.965,MET, ,SD,47.69,11.57,21.503,5.15,1.0,<Residue MET het=  resseq=25 icode= >,2bnw_A_A,2.45
23,63.35,MET, ,CE,46.85,13.16,20.094,1.77,1.0,<Residue MET het=  resseq=25 icode= >,2bnw_A_A,2.45
24,6.58,GLY, ,N,45.53,9.34,0.0,3.55,1.0,<Residue GLY het=  resseq=26 icode= >,2bnw_A_A,2.45
25,36.11,GLY, ,CA,44.96,8.73,2.605,3.27,1.0,<Residue GLY het=  resseq=26 icode= >,2bnw_A_A,2.45
26,4.235,GLY, ,C,44.38,8.36,4.235,4.19,1.0,<Residue GLY het=  resseq=26 icode= >,2bnw_A_A,2.45
27,8.795,GLY, ,O,44.17,8.74,8.795,3.35,1.0,<Residue GLY het=  resseq=26 icode= >,2bnw_A_A,2.45
28,7.469,ASP, ,N,43.53,7.37,0.538,3.87,1.0,<Residue ASP het=  resseq=27 icode= >,2bnw_A_A,2.45
29,3.321,ASP, ,CA,43.06,7.10,3.321,2.92,1.0,<Residue ASP het=  resseq=27 icode= >,2bnw_A_A,2.45
30,3.03,ASP, ,C,42.33,5.71,3.03,4.19,1.0,<Residue ASP het=  resseq=27 icode= >,2bnw_A_A,2.45
31,21.787,ASP, ,O,41.98,4.76,12.8,3.15,1.0,<Residue ASP het=  resseq=27 icode= >,2bnw_A_A,2.45
32,28.765,ASP, ,CB,43.04,6.46,27.567,2.97,1.0,<Residue ASP het=  resseq=27 icode= >,2bnw_A_A,2.45
33,0.24,ASP, ,CG,43.06,5.48,0.188,4.53,1.0,<Residue ASP het=  resseq=27 icode= >,2bnw_A_A,2.45
34,13.147,ASP, ,OD1,43.22,6.01,12.081,3.44,1.0,<Residue ASP het=  resseq=27 icode= >,2bnw_A_A,2.45
35,24.671,ASP, ,OD2,44.16,4.39,6.057,2.83,1.0,<Residue ASP het=  resseq=27 icode= >,2bnw_A_A,2.45
36,5.317,LYS, ,N,41.73,5.85,5.317,3.27,1.0,<Residue LYS het=  resseq=28 icode= >,2bnw_A_A,2.45
37,3.325,LYS, ,CA,41.26,4.94,3.325,3.40,1.0,<Residue LYS het=  resseq=28 icode= >,2bnw_A_A,2.45
38,2.247,LYS, ,C,40.64,5.26,2.247,5.01,1.0,<Residue LYS het=  resseq=28 icode= >,2bnw_A_A,2.45
39,15.632,LYS, ,O,40.07,6.23,15.632,2.99,1.0,<Residue LYS het=  resseq=28 icode= >,2bnw_A_A,2.45
40,20.61,LYS, ,CB,41.41,5.29,20.61,2.57,1.0,<Residue LYS het=  resseq=28 icode= >,2bnw_A_A,2.45
41,22.831,LYS, ,CG,41.28,4.41,22.831,2.20,1.0,<Residue LYS het=  resseq=28 icode= >,2bnw_A_A,2.45
42,22.607,LYS, ,CD,40.94,4.13,18.787,2.07,1.0,<Residue LYS het=  resseq=28 icode= >,2bnw_A_A,2.45
43,45.04,LYS, ,CE,40.68,3.31,31.198,2.72,1.0,<Residue LYS het=  resseq=28 icode= >,2bnw_A_A,2.45
44,48.236,LYS, ,NZ,40.13,3.15,10.583,2.22,1.0,<Residue LYS het=  resseq=28 icode= >,2bnw_A_A,2.45
45,6.151,THR, ,N,40.2,4.24,6.151,3.46,1.0,<Residue THR het=  resseq=29 icode= >,2bnw_A_A,2.45
46,6.889,THR, ,CA,39.88,4.41,6.889,3.92,1.0,<Residue THR het=  resseq=29 icode= >,2bnw_A_A,2.45
47,0.304,THR, ,C,39.66,3.67,0.304,4.54,1.0,<Residue THR het=  resseq=29 icode= >,2bnw_A_A,2.45
48,21.22,THR, ,O,39.06,3.38,21.141,3.91,1.0,<Residue THR het=  resseq=29 icode= >,2bnw_A_A,2.45
49,16.107,THR, ,CB,39.95,3.33,16.107,3.82,1.0,<Residue THR het=  resseq=29 icode= >,2bnw_A_A,2.45
50,34.099,THR, ,OG1,38.69,2.76,34.099,3.03,1.0,<Residue THR het=  resseq=29 icode= >,2bnw_A_A,2.45
51,55.757,THR, ,CG2,40.25,3.20,55.757,1.30,1.0,<Residue THR het=  resseq=29 icode= >,2bnw_A_A,2.45
52,2.401,VAL, ,N,39.6,3.72,2.401,3.93,1.0,<Residue VAL het=  resseq=30 icode= >,2bnw_A_A,2.45
53,7.671,VAL, ,CA,39.79,3.48,6.841,3.77,1.0,<Residue VAL het=  resseq=30 icode= >,2bnw_A_A,2.45
54,1.208,VAL, ,C,40.02,3.49,1.208,5.55,1.0,<Residue VAL het=  resseq=30 icode= >,2bnw_A_A,2.45
55,16.394,VAL, ,O,40.14,3.93,16.394,3.47,1.0,<Residue VAL het=  resseq=30 icode= >,2bnw_A_A,2.45
56,10.09,VAL, ,CB,39.89,4.91,10.09,2.95,1.0,<Residue VAL het=  resseq=30 icode= >,2bnw_A_A,2.45
57,36.494,VAL, ,CG1,39.88,5.61,36.417,1.96,1.0,<Residue VAL het=  resseq=30 icode= >,2bnw_A_A,2.45
58,22.553,VAL, ,CG2,39.4,5.91,22.553,1.78,1.0,<Residue VAL het=  resseq=30 icode= >,2bnw_A_A,2.45
59,5.616,ARG, ,N,40.31,3.73,5.049,3.47,1.0,<Residue ARG het=  resseq=31 icode= >,2bnw_A_A,2.45
60,3.389,ARG, ,CA,40.35,4.56,3.389,3.51,1.0,<Residue ARG het=  resseq=31 icode= >,2bnw_A_A,2.45
61,0.537,ARG, ,C,40.49,6.00,0.537,4.80,1.0,<Residue ARG het=  resseq=31 icode= >,2bnw_A_A,2.45
62,19.461,ARG, ,O,40.51,5.66,19.461,3.06,1.0,<Residue ARG het=  resseq=31 icode= >,2bnw_A_A,2.45
63,21.204,ARG, ,CB,40.28,4.64,21.204,2.82,1.0,<Residue ARG het=  resseq=31 icode= >,2bnw_A_A,2.45
64,17.408,ARG, ,CG,40.52,3.98,17.347,3.10,1.0,<Residue ARG het=  resseq=31 icode= >,2bnw_A_A,2.45
65,33.771,ARG, ,CD,40.71,3.64,33.771,2.97,1.0,<Residue ARG het=  resseq=31 icode= >,2bnw_A_A,2.45
66,19.074,ARG, ,NE,41.0,2.83,19.074,3.33,1.0,<Residue ARG het=  resseq=31 icode= >,2bnw_A_A,2.45
67,6.759,ARG, ,CZ,41.4,3.60,6.759,3.87,1.0,<Residue ARG het=  resseq=31 icode= >,2bnw_A_A,2.45
68,46.868,ARG, ,NH1,41.96,3.93,34.501,2.23,1.0,<Residue ARG het=  resseq=31 icode= >,2bnw_A_A,2.45
69,59.424,ARG, ,NH2,41.54,2.86,48.309,2.45,1.0,<Residue ARG het=  resseq=31 icode= >,2bnw_A_A,2.45
70,2.144,VAL, ,N,40.51,6.91,2.144,3.57,1.0,<Residue VAL het=  resseq=32 icode= >,2bnw_A_A,2.45
71,5.189,VAL, ,CA,40.67,8.19,5.189,3.98,1.0,<Residue VAL het=  resseq=32 icode= >,2bnw_A_A,2.45
72,3.292,VAL, ,C,40.76,8.86,3.292,5.24,1.0,<Residue VAL het=  resseq=32 icode= >,2bnw_A_A,2.45
73,16.93,VAL, ,O,40.87,8.94,16.93,3.61,1.0,<Residue VAL het=  resseq=32 icode= >,2bnw_A_A,2.45
74,0.808,VAL, ,CB,40.87,9.13,0.808,4.30,1.0,<Residue VAL het=  resseq=32 icode= >,2bnw_A_A,2.45
75,20.133,VAL, ,CG1,42.04,9.08,20.133,1.14,1.0,<Residue VAL het=  resseq=32 icode= >,2bnw_A_A,2.45
76,17.516,VAL, ,CG2,41.99,8.57,16.868,0.77,1.0,<Residue VAL het=  resseq=32 icode= >,2bnw_A_A,2.45
77,7.241,ARG, ,N,40.86,8.75,7.241,2.75,1.0,<Residue ARG het=  resseq=33 icode= >,2bnw_A_A,2.45
78,7.774,ARG, ,CA,40.97,8.70,7.774,3.98,1.0,<Residue ARG het=  resseq=33 icode= >,2bnw_A_A,2.45
79,0.0,ARG, ,C,40.6,9.94,0.0,4.93,1.0,<Residue ARG het=  resseq=33 icode= >,2bnw_A_A,2.45
80,0.0,ARG, ,O,39.79,10.24,0.0,3.70,1.0,<Residue ARG het=  resseq=33 icode= >,2bnw_A_A,2.45
81,6.081,ARG, ,CB,41.1,8.97,6.081,3.22,1.0,<Residue ARG het=  resseq=33 icode= >,2bnw_A_A,2.45
82,25.636,ARG, ,CG,42.09,8.39,22.967,2.04,1.0,<Residue ARG het=  resseq=33 icode= >,2bnw_A_A,2.45
83,30.734,ARG, ,CD,42.65,8.92,21.03,1.69,1.0,<Residue ARG het=  resseq=33 icode= >,2bnw_A_A,2.45
84,0.047,ARG, ,NE,43.72,10.37,0.047,3.00,1.0,<Residue ARG het=  resseq=33 icode= >,2bnw_A_A,2.45
85,2.486,ARG, ,CZ,44.81,11.20,1.942,4.12,1.0,<Residue ARG het=  resseq=33 icode= >,2bnw_A_A,2.45
86,50.692,ARG, ,NH1,46.01,10.89,40.871,1.54,1.0,<Residue ARG het=  resseq=33 icode= >,2bnw_A_A,2.45
87,23.553,ARG, ,NH2,45.53,12.49,11.82,1.85,1.0,<Residue ARG het=  resseq=33 icode= >,2bnw_A_A,2.45
88,5.426,ALA, ,N,40.23,9.92,5.426,4.02,1.0,<Residue ALA het=  resseq=34 icode= >,2bnw_A_A,2.45
89,5.668,ALA, ,CA,40.15,9.62,5.668,3.63,1.0,<Residue ALA het=  resseq=34 icode= >,2bnw_A_A,2.45
90,0.896,ALA, ,C,39.91,9.94,0.0,4.72,1.0,<Residue ALA het=  resseq=34 icode= >,2bnw_A_A,2.45
91,3.012,ALA, ,O,40.06,9.14,1.043,3.05,1.0,<Residue ALA het=  resseq=34 icode= >,2bnw_A_A,2.45
92,67.767,ALA, ,CB,40.3,9.92,40.986,1.38,1.0,<Residue ALA het=  resseq=34 icode= >,2bnw_A_A,2.45
93,1.818,ASP, ,N,39.34,11.25,1.818,3.98,1.0,<Residue ASP het=  resseq=35 icode= >,2bnw_A_A,2.45
94,8.567,ASP, ,CA,39.37,11.86,0.313,3.82,1.0,<Residue ASP het=  resseq=35 icode= >,2bnw_A_A,2.45
95,0.0,ASP, ,C,39.07,11.64,0.0,4.50,1.0,<Residue ASP het=  resseq=35 icode= >,2bnw_A_A,2.45
96,1.39,ASP, ,O,39.05,11.53,0.0,3.23,1.0,<Residue ASP het=  resseq=35 icode= >,2bnw_A_A,2.45
97,35.831,ASP, ,CB,39.27,13.39,12.607,2.84,1.0,<Residue ASP het=  resseq=35 icode= >,2bnw_A_A,2.45
98,5.767,ASP, ,CG,39.88,12.68,5.656,4.39,1.0,<Residue ASP het=  resseq=35 icode= >,2bnw_A_A,2.45
99,0.143,ASP, ,OD1,42.13,11.70,0.143,2.58,1.0,<Residue ASP het=  resseq=35 icode= >,2bnw_A_A,2.45
100,20.606,ASP, ,OD2,40.81,12.90,8.899,2.64,1.0,<Residue ASP het=  resseq=35 icode= >,2bnw_A_A,2.45
101,0.0,LEU, ,N,38.66,11.77,0.0,4.24,1.0,<Residue LEU het=  resseq=36 icode= >,2bnw_A_A,2.45
102,0.343,LEU, ,CA,38.51,11.86,0.343,4.29,1.0,<Residue LEU het=  resseq=36 icode= >,2bnw_A_A,2.45
103,0.965,LEU, ,C,38.22,10.55,0.965,5.66,1.0,<Residue LEU het=  resseq=36 icode= >,2bnw_A_A,2.45
104,0.844,LEU, ,O,38.3,10.65,0.844,3.33,1.0,<Residue LEU het=  resseq=36 icode= >,2bnw_A_A,2.45
105,13.187,LEU, ,CB,38.51,12.51,13.187,2.95,1.0,<Residue LEU het=  resseq=36 icode= >,2bnw_A_A,2.45
106,0.0,LEU, ,CG,38.35,13.24,0.0,3.27,1.0,<Residue LEU het=  resseq=36 icode= >,2bnw_A_A,2.45
107,37.856,LEU, ,CD1,39.46,12.43,37.401,1.73,1.0,<Residue LEU het=  resseq=36 icode= >,2bnw_A_A,2.45
108,35.172,LEU, ,CD2,37.96,14.55,34.697,1.74,1.0,<Residue LEU het=  resseq=36 icode= >,2bnw_A_A,2.45
109,0.351,HIS, ,N,37.7,9.46,0.351,4.86,1.0,<Residue HIS het=  resseq=37 icode= >,2bnw_A_A,2.45
110,4.401,HIS, ,CA,37.8,8.17,4.202,3.75,1.0,<Residue HIS het=  resseq=37 icode= >,2bnw_A_A,2.45
111,0.0,HIS, ,C,37.86,7.97,0.0,4.72,1.0,<Residue HIS het=  resseq=37 icode= >,2bnw_A_A,2.45
112,0.0,HIS, ,O,37.93,7.80,0.0,4.43,1.0,<Residue HIS het=  resseq=37 icode= >,2bnw_A_A,2.45
113,2.6,HIS, ,CB,37.62,7.15,2.6,3.34,1.0,<Residue HIS het=  resseq=37 icode= >,2bnw_A_A,2.45
114,2.251,HIS, ,CG,37.65,5.75,2.251,4.08,1.0,<Residue HIS het=  resseq=37 icode= >,2bnw_A_A,2.45
115,5.144,HIS, ,ND1,37.69,5.47,4.421,3.23,1.0,<Residue HIS het=  resseq=37 icode= >,2bnw_A_A,2.45
116,13.898,HIS, ,CD2,36.85,4.79,12.096,3.78,1.0,<Residue HIS het=  resseq=37 icode= >,2bnw_A_A,2.45
117,27.017,HIS, ,CE1,37.01,4.30,23.596,4.20,1.0,<Residue HIS het=  resseq=37 icode= >,2bnw_A_A,2.45
118,16.292,HIS, ,NE2,36.81,3.73,15.77,4.35,1.0,<Residue HIS het=  resseq=37 icode= >,2bnw_A_A,2.45
119,0.095,HIS, ,N,37.5,8.34,0.0,4.01,1.0,<Residue HIS het=  resseq=38 icode= >,2bnw_A_A,2.45
120,1.078,HIS, ,CA,37.22,8.57,0.0,4.44,1.0,<Residue HIS het=  resseq=38 icode= >,2bnw_A_A,2.45
121,0.0,HIS, ,C,36.88,9.56,0.0,4.88,1.0,<Residue HIS het=  resseq=38 icode= >,2bnw_A_A,2.45
122,0.0,HIS, ,O,36.99,9.52,0.0,3.06,1.0,<Residue HIS het=  resseq=38 icode= >,2bnw_A_A,2.45
123,9.737,HIS, ,CB,37.52,9.37,0.0,3.37,1.0,<Residue HIS het=  resseq=38 icode= >,2bnw_A_A,2.45
124,2.419,HIS, ,CG,38.16,9.76,0.0,3.69,1.0,<Residue HIS het=  resseq=38 icode= >,2bnw_A_A,2.45
125,14.797,HIS, ,ND1,40.08,8.83,0.0,2.74,1.0,<Residue HIS het=  resseq=38 icode= >,2bnw_A_A,2.45
126,22.749,HIS, ,CD2,39.5,10.94,0.0,3.04,1.0,<Residue HIS het=  resseq=38 icode= >,2bnw_A_A,2.45
127,30.976,HIS, ,CE1,39.87,9.45,0.0,2.83,1.0,<Residue HIS het=  resseq=38 icode= >,2bnw_A_A,2.45
128,20.134,HIS, ,NE2,39.44,10.69,0.0,2.89,1.0,<Residue HIS het=  resseq=38 icode= >,2bnw_A_A,2.45
129,0.0,ILE, ,N,36.33,10.63,0.0,4.96,1.0,<Residue ILE het=  resseq=39 icode= >,2bnw_A_A,2.45
130,4.224,ILE, ,CA,36.24,11.71,0.853,4.60,1.0,<Residue ILE het=  resseq=39 icode= >,2bnw_A_A,2.45
131,0.0,ILE, ,C,36.17,10.59,0.0,5.33,1.0,<Residue ILE het=  resseq=39 icode= >,2bnw_A_A,2.45
132,1.059,ILE, ,O,35.84,10.62,0.692,3.32,1.0,<Residue ILE het=  resseq=39 icode= >,2bnw_A_A,2.45
133,0.354,ILE, ,CB,36.38,12.78,0.354,3.16,1.0,<Residue ILE het=  resseq=39 icode= >,2bnw_A_A,2.45
134,20.756,ILE, ,CG1,36.09,13.61,6.85,2.89,1.0,<Residue ILE het=  resseq=39 icode= >,2bnw_A_A,2.45
135,37.418,ILE, ,CG2,36.43,13.12,37.418,1.74,1.0,<Residue ILE het=  resseq=39 icode= >,2bnw_A_A,2.45
136,40.735,ILE, ,CD1,35.64,14.48,31.428,2.91,1.0,<Residue ILE het=  resseq=39 icode= >,2bnw_A_A,2.45
137,0.0,ILE, ,N,35.93,9.78,0.0,4.15,1.0,<Residue ILE het=  resseq=40 icode= >,2bnw_A_A,2.45
138,0.017,ILE, ,CA,36.28,8.78,0.0,4.08,1.0,<Residue ILE het=  resseq=40 icode= >,2bnw_A_A,2.45
139,0.0,ILE, ,C,36.42,7.67,0.0,6.11,1.0,<Residue ILE het=  resseq=40 icode= >,2bnw_A_A,2.45
140,0.0,ILE, ,O,36.01,7.31,0.0,4.36,1.0,<Residue ILE het=  resseq=40 icode= >,2bnw_A_A,2.45
141,0.042,ILE, ,CB,35.76,8.37,0.0,4.36,1.0,<Residue ILE het=  resseq=40 icode= >,2bnw_A_A,2.45
142,15.623,ILE, ,CG1,35.52,9.58,15.371,3.13,1.0,<Residue ILE het=  resseq=40 icode= >,2bnw_A_A,2.45
143,1.266,ILE, ,CG2,36.17,7.52,0.0,1.80,1.0,<Residue ILE het=  resseq=40 icode= >,2bnw_A_A,2.45
144,35.994,ILE, ,CD1,35.09,10.65,34.168,2.37,1.0,<Residue ILE het=  resseq=40 icode= >,2bnw_A_A,2.45
145,0.0,LYS, ,N,37.05,7.40,0.0,4.88,1.0,<Residue LYS het=  resseq=41 icode= >,2bnw_A_A,2.45
146,0.069,LYS, ,CA,37.48,6.63,0.0,4.12,1.0,<Residue LYS het=  resseq=41 icode= >,2bnw_A_A,2.45
147,0.006,LYS, ,C,37.45,7.40,0.0,5.50,1.0,<Residue LYS het=  resseq=41 icode= >,2bnw_A_A,2.45
148,0.786,LYS, ,O,37.09,7.01,0.0,3.91,1.0,<Residue LYS het=  resseq=41 icode= >,2bnw_A_A,2.45
149,0.0,LYS, ,CB,37.8,6.82,0.0,2.57,1.0,<Residue LYS het=  resseq=41 icode= >,2bnw_A_A,2.45
150,9.005,LYS, ,CG,37.87,6.27,0.0,2.74,1.0,<Residue LYS het=  resseq=41 icode= >,2bnw_A_A,2.45
151,6.013,LYS, ,CD,38.38,5.15,0.3,2.00,1.0,<Residue LYS het=  resseq=41 icode= >,2bnw_A_A,2.45
152,44.516,LYS, ,CE,38.84,4.15,8.938,1.99,1.0,<Residue LYS het=  resseq=41 icode= >,2bnw_A_A,2.45
153,48.223,LYS, ,NZ,40.91,3.30,21.623,0.07,1.0,<Residue LYS het=  resseq=41 icode= >,2bnw_A_A,2.45
154,0.0,ILE, ,N,37.98,8.70,0.0,3.89,1.0,<Residue ILE het=  resseq=42 icode= >,2bnw_A_A,2.45
155,0.248,ILE, ,CA,38.16,9.71,0.0,3.74,1.0,<Residue ILE het=  resseq=42 icode= >,2bnw_A_A,2.45
156,0.0,ILE, ,C,38.51,9.83,0.0,5.01,1.0,<Residue ILE het=  resseq=42 icode= >,2bnw_A_A,2.45
157,1.185,ILE, ,O,38.91,10.05,0.0,2.88,1.0,<Residue ILE het=  resseq=42 icode= >,2bnw_A_A,2.45
158,1.715,ILE, ,CB,38.4,11.10,0.0,2.93,1.0,<Residue ILE het=  resseq=42 icode= >,2bnw_A_A,2.45
159,5.65,ILE, ,CG1,39.43,11.00,0.0,1.90,1.0,<Residue ILE het=  resseq=42 icode= >,2bnw_A_A,2.45
160,26.182,ILE, ,CG2,38.25,12.22,3.537,1.40,1.0,<Residue ILE het=  resseq=42 icode= >,2bnw_A_A,2.45
161,42.335,ILE, ,CD1,39.54,10.46,0.0,1.12,1.0,<Residue ILE het=  resseq=42 icode= >,2bnw_A_A,2.45
162,0.0,GLU, ,N,38.58,9.97,0.0,4.17,1.0,<Residue GLU het=  resseq=43 icode= >,2bnw_A_A,2.45
163,0.008,GLU, ,CA,38.66,10.43,0.0,4.07,1.0,<Residue GLU het=  resseq=43 icode= >,2bnw_A_A,2.45
164,0.0,GLU, ,C,38.76,9.53,0.0,4.42,1.0,<Residue GLU het=  resseq=43 icode= >,2bnw_A_A,2.45
165,0.335,GLU, ,O,38.62,10.13,0.0,2.65,1.0,<Residue GLU het=  resseq=43 icode= >,2bnw_A_A,2.45
166,6.493,GLU, ,CB,38.51,10.98,5.532,2.83,1.0,<Residue GLU het=  resseq=43 icode= >,2bnw_A_A,2.45
167,31.375,GLU, ,CG,39.12,11.74,17.083,1.52,1.0,<Residue GLU het=  resseq=43 icode= >,2bnw_A_A,2.45
168,7.855,GLU, ,CD,40.09,12.97,6.75,4.00,1.0,<Residue GLU het=  resseq=43 icode= >,2bnw_A_A,2.45
169,20.938,GLU, ,OE1,40.35,13.53,16.64,2.25,1.0,<Residue GLU het=  resseq=43 icode= >,2bnw_A_A,2.45
170,17.383,GLU, ,OE2,41.29,13.51,2.217,2.96,1.0,<Residue GLU het=  resseq=43 icode= >,2bnw_A_A,2.45
171,0.0,THR, ,N,38.75,8.23,0.0,4.60,1.0,<Residue THR het=  resseq=44 icode= >,2bnw_A_A,2.45
172,0.68,THR, ,CA,39.38,7.50,0.0,3.90,1.0,<Residue THR het=  resseq=44 icode= >,2bnw_A_A,2.45
173,0.0,THR, ,C,39.88,7.53,0.0,4.29,1.0,<Residue THR het=  resseq=44 icode= >,2bnw_A_A,2.45
174,1.728,THR, ,O,39.72,7.93,0.0,3.17,1.0,<Residue THR het=  resseq=44 icode= >,2bnw_A_A,2.45
175,0.562,THR, ,CB,39.29,6.15,0.0,4.33,1.0,<Residue THR het=  resseq=44 icode= >,2bnw_A_A,2.45
176,3.676,THR, ,OG1,38.47,5.45,0.022,2.54,1.0,<Residue THR het=  resseq=44 icode= >,2bnw_A_A,2.45
177,7.028,THR, ,CG2,39.09,6.64,0.0,2.49,1.0,<Residue THR het=  resseq=44 icode= >,2bnw_A_A,2.45
178,1.082,ALA, ,N,40.41,7.46,0.0,3.16,1.0,<Residue ALA het=  resseq=45 icode= >,2bnw_A_A,2.45
179,11.879,ALA, ,CA,40.91,7.97,0.0,3.06,1.0,<Residue ALA het=  resseq=45 icode= >,2bnw_A_A,2.45
180,1.224,ALA, ,C,41.43,8.46,0.0,4.04,1.0,<Residue ALA het=  resseq=45 icode= >,2bnw_A_A,2.45
181,27.624,ALA, ,O,41.48,7.75,0.0,2.65,1.0,<Residue ALA het=  resseq=45 icode= >,2bnw_A_A,2.45
182,48.075,ALA, ,CB,40.69,7.92,0.0,2.07,1.0,<Residue ALA het=  resseq=45 icode= >,2bnw_A_A,2.45
183,0.15,LYS, ,N,42.15,9.76,0.0,3.18,1.0,<Residue LYS het=  resseq=46 icode= >,2bnw_A_A,2.45
184,9.049,LYS, ,CA,42.44,10.48,0.0,2.68,1.0,<Residue LYS het=  resseq=46 icode= >,2bnw_A_A,2.45
185,0.104,LYS, ,C,42.9,10.72,0.0,3.28,1.0,<Residue LYS het=  resseq=46 icode= >,2bnw_A_A,2.45
186,24.088,LYS, ,O,43.17,10.69,0.0,2.60,1.0,<Residue LYS het=  resseq=46 icode= >,2bnw_A_A,2.45
187,1.461,LYS, ,CB,42.65,11.88,0.0,2.04,1.0,<Residue LYS het=  resseq=46 icode= >,2bnw_A_A,2.45
188,19.809,LYS, ,CG,42.77,12.76,0.0,1.18,1.0,<Residue LYS het=  resseq=46 icode= >,2bnw_A_A,2.45
189,21.226,LYS, ,CD,42.6,14.11,0.0,2.63,1.0,<Residue LYS het=  resseq=46 icode= >,2bnw_A_A,2.45
190,26.526,LYS, ,CE,42.81,14.14,0.0,2.33,1.0,<Residue LYS het=  resseq=46 icode= >,2bnw_A_A,2.45
191,34.706,LYS, ,NZ,42.76,15.06,9.37,1.80,1.0,<Residue LYS het=  resseq=46 icode= >,2bnw_A_A,2.45
192,0.0,ASN, ,N,43.05,11.17,0.0,2.28,1.0,<Residue ASN het=  resseq=47 icode= >,2bnw_A_A,2.45
193,4.382,ASN, ,CA,43.07,11.26,0.0,2.66,1.0,<Residue ASN het=  resseq=47 icode= >,2bnw_A_A,2.45
194,4.254,ASN, ,C,43.16,10.52,0.0,3.80,1.0,<Residue ASN het=  resseq=47 icode= >,2bnw_A_A,2.45
195,26.646,ASN, ,O,43.54,10.82,0.0,2.28,1.0,<Residue ASN het=  resseq=47 icode= >,2bnw_A_A,2.45
196,16.481,ASN, ,CB,43.11,12.70,0.0,1.66,1.0,<Residue ASN het=  resseq=47 icode= >,2bnw_A_A,2.45
197,5.642,ASN, ,CG,43.42,13.46,0.0,3.45,1.0,<Residue ASN het=  resseq=47 icode= >,2bnw_A_A,2.45
198,18.746,ASN, ,OD1,42.59,14.65,0.0,2.16,1.0,<Residue ASN het=  resseq=47 icode= >,2bnw_A_A,2.45
199,38.521,ASN, ,ND2,42.66,12.85,0.0,1.79,1.0,<Residue ASN het=  resseq=47 icode= >,2bnw_A_A,2.45
200,3.634,GLY, ,N,43.03,9.65,0.0,2.40,1.0,<Residue GLY het=  resseq=48 icode= >,2bnw_A_A,2.45
201,34.068,GLY, ,CA,42.86,8.79,0.0,1.95,1.0,<Residue GLY het=  resseq=48 icode= >,2bnw_A_A,2.45
202,4.027,GLY, ,C,42.91,8.51,0.0,2.87,1.0,<Residue GLY het=  resseq=48 icode= >,2bnw_A_A,2.45
203,10.53,GLY, ,O,43.25,8.82,0.0,2.51,1.0,<Residue GLY het=  resseq=48 icode= >,2bnw_A_A,2.45
204,15.023,GLY, ,N,42.52,7.52,0.0,2.75,1.0,<Residue GLY het=  resseq=49 icode= >,2bnw_A_A,2.45
205,20.21,GLY, ,CA,42.07,7.19,0.0,2.43,1.0,<Residue GLY het=  resseq=49 icode= >,2bnw_A_A,2.45
206,2.038,GLY, ,C,41.75,5.86,0.0,4.53,1.0,<Residue GLY het=  resseq=49 icode= >,2bnw_A_A,2.45
207,17.025,GLY, ,O,41.45,5.42,0.0,3.00,1.0,<Residue GLY het=  resseq=49 icode= >,2bnw_A_A,2.45
208,0.053,ASN, ,N,41.37,5.24,0.0,3.89,1.0,<Residue ASN het=  resseq=50 icode= >,2bnw_A_A,2.45
209,3.837,ASN, ,CA,41.2,3.83,2.037,3.61,1.0,<Residue ASN het=  resseq=50 icode= >,2bnw_A_A,2.45
210,0.0,ASN, ,C,40.82,3.99,0.0,5.32,1.0,<Residue ASN het=  resseq=50 icode= >,2bnw_A_A,2.45
211,0.001,ASN, ,O,41.02,5.18,0.0,3.96,1.0,<Residue ASN het=  resseq=50 icode= >,2bnw_A_A,2.45
212,29.713,ASN, ,CB,41.21,3.50,20.357,2.68,1.0,<Residue ASN het=  resseq=50 icode= >,2bnw_A_A,2.45
213,4.733,ASN, ,CG,42.13,4.10,4.733,4.01,1.0,<Residue ASN het=  resseq=50 icode= >,2bnw_A_A,2.45
214,1.879,ASN, ,OD1,44.38,4.15,1.664,2.25,1.0,<Residue ASN het=  resseq=50 icode= >,2bnw_A_A,2.45
215,36.956,ASN, ,ND2,42.0,4.12,10.494,2.52,1.0,<Residue ASN het=  resseq=50 icode= >,2bnw_A_A,2.45
216,2.739,VAL, ,N,40.49,3.18,2.739,3.63,1.0,<Residue VAL het=  resseq=51 icode= >,2bnw_A_A,2.45
217,0.0,VAL, ,CA,40.21,3.67,0.0,3.13,1.0,<Residue VAL het=  resseq=51 icode= >,2bnw_A_A,2.45
218,0.0,VAL, ,C,40.09,3.80,0.0,4.14,1.0,<Residue VAL het=  resseq=51 icode= >,2bnw_A_A,2.45
219,0.0,VAL, ,O,40.34,4.96,0.0,2.63,1.0,<Residue VAL het=  resseq=51 icode= >,2bnw_A_A,2.45
220,8.536,VAL, ,CB,39.92,3.31,7.868,3.40,1.0,<Residue VAL het=  resseq=51 icode= >,2bnw_A_A,2.45
221,13.811,VAL, ,CG1,40.09,4.28,10.043,2.08,1.0,<Residue VAL het=  resseq=51 icode= >,2bnw_A_A,2.45
222,14.488,VAL, ,CG2,39.43,3.76,9.909,1.55,1.0,<Residue VAL het=  resseq=51 icode= >,2bnw_A_A,2.45
223,2.031,LYS, ,N,39.75,3.06,2.031,3.49,1.0,<Residue LYS het=  resseq=52 icode= >,2bnw_A_A,2.45
224,3.938,LYS, ,CA,39.78,3.93,3.938,3.28,1.0,<Residue LYS het=  resseq=52 icode= >,2bnw_A_A,2.45
225,0.0,LYS, ,C,39.7,5.30,0.0,5.17,1.0,<Residue LYS het=  resseq=52 icode= >,2bnw_A_A,2.45
226,0.0,LYS, ,O,39.94,6.31,0.0,3.59,1.0,<Residue LYS het=  resseq=52 icode= >,2bnw_A_A,2.45
227,16.979,LYS, ,CB,39.77,3.76,15.377,1.77,1.0,<Residue LYS het=  resseq=52 icode= >,2bnw_A_A,2.45
228,13.295,LYS, ,CG,39.58,4.51,12.602,2.72,1.0,<Residue LYS het=  resseq=52 icode= >,2bnw_A_A,2.45
229,33.865,LYS, ,CD,39.28,3.29,29.108,2.72,1.0,<Residue LYS het=  resseq=52 icode= >,2bnw_A_A,2.45
230,22.179,LYS, ,CE,39.24,3.91,15.428,2.91,1.0,<Residue LYS het=  resseq=52 icode= >,2bnw_A_A,2.45
231,8.411,LYS, ,NZ,38.33,4.78,2.369,2.63,1.0,<Residue LYS het=  resseq=52 icode= >,2bnw_A_A,2.45
232,0.496,GLU, ,N,39.52,5.57,0.0,4.53,1.0,<Residue GLU het=  resseq=53 icode= >,2bnw_A_A,2.45
233,5.015,GLU, ,CA,39.88,6.48,0.0,4.51,1.0,<Residue GLU het=  resseq=53 icode= >,2bnw_A_A,2.45
234,0.995,GLU, ,C,39.47,7.65,0.0,5.43,1.0,<Residue GLU het=  resseq=53 icode= >,2bnw_A_A,2.45
235,5.157,GLU, ,O,39.42,8.54,0.0,3.21,1.0,<Residue GLU het=  resseq=53 icode= >,2bnw_A_A,2.45
236,5.076,GLU, ,CB,39.97,6.73,0.0,2.55,1.0,<Residue GLU het=  resseq=53 icode= >,2bnw_A_A,2.45
237,28.533,GLU, ,CG,41.17,6.26,0.0,1.80,1.0,<Residue GLU het=  resseq=53 icode= >,2bnw_A_A,2.45
238,12.543,GLU, ,CD,41.76,7.18,0.0,2.28,1.0,<Residue GLU het=  resseq=53 icode= >,2bnw_A_A,2.45
239,42.645,GLU, ,OE1,45.46,7.93,0.0,1.08,1.0,<Residue GLU het=  resseq=53 icode= >,2bnw_A_A,2.45
240,9.058,GLU, ,OE2,42.85,7.45,0.0,1.66,1.0,<Residue GLU het=  resseq=53 icode= >,2bnw_A_A,2.45
241,0.0,VAL, ,N,39.39,7.23,0.0,4.03,1.0,<Residue VAL het=  resseq=54 icode= >,2bnw_A_A,2.45
242,0.458,VAL, ,CA,39.57,8.21,0.0,4.28,1.0,<Residue VAL het=  resseq=54 icode= >,2bnw_A_A,2.45
243,0.0,VAL, ,C,39.61,8.53,0.0,5.48,1.0,<Residue VAL het=  resseq=54 icode= >,2bnw_A_A,2.45
244,0.125,VAL, ,O,39.77,9.72,0.125,3.34,1.0,<Residue VAL het=  resseq=54 icode= >,2bnw_A_A,2.45
245,0.0,VAL, ,CB,39.57,8.05,0.0,3.49,1.0,<Residue VAL het=  resseq=54 icode= >,2bnw_A_A,2.45
246,21.27,VAL, ,CG1,39.54,9.22,20.976,1.59,1.0,<Residue VAL het=  resseq=54 icode= >,2bnw_A_A,2.45
247,26.032,VAL, ,CG2,39.83,8.34,6.6,1.78,1.0,<Residue VAL het=  resseq=54 icode= >,2bnw_A_A,2.45
248,0.267,MET, ,N,40.01,7.64,0.0,4.44,1.0,<Residue MET het=  resseq=55 icode= >,2bnw_A_A,2.45
249,1.09,MET, ,CA,39.98,8.27,0.787,3.64,1.0,<Residue MET het=  resseq=55 icode= >,2bnw_A_A,2.45
250,0.0,MET, ,C,39.3,9.25,0.0,5.43,1.0,<Residue MET het=  resseq=55 icode= >,2bnw_A_A,2.45
251,0.0,MET, ,O,38.04,10.41,0.0,4.85,1.0,<Residue MET het=  resseq=55 icode= >,2bnw_A_A,2.45
252,6.317,MET, ,CB,40.77,7.40,5.588,3.28,1.0,<Residue MET het=  resseq=55 icode= >,2bnw_A_A,2.45
253,17.546,MET, ,CG,41.67,8.38,17.546,2.48,1.0,<Residue MET het=  resseq=55 icode= >,2bnw_A_A,2.45
254,18.404,MET, ,SD,48.51,9.35,17.104,3.89,1.0,<Residue MET het=  resseq=55 icode= >,2bnw_A_A,2.45
255,28.455,MET, ,CE,45.7,10.99,28.455,1.78,1.0,<Residue MET het=  resseq=55 icode= >,2bnw_A_A,2.45
256,0.0,ASP, ,N,39.22,8.92,0.0,4.07,1.0,<Residue ASP het=  resseq=56 icode= >,2bnw_A_A,2.45
257,1.377,ASP, ,CA,39.64,9.64,1.377,3.70,1.0,<Residue ASP het=  resseq=56 icode= >,2bnw_A_A,2.45
258,1.128,ASP, ,C,39.5,10.79,0.087,5.65,1.0,<Residue ASP het=  resseq=56 icode= >,2bnw_A_A,2.45
259,2.199,ASP, ,O,39.53,11.76,2.199,3.35,1.0,<Residue ASP het=  resseq=56 icode= >,2bnw_A_A,2.45
260,17.524,ASP, ,CB,39.72,8.42,5.962,1.95,1.0,<Residue ASP het=  resseq=56 icode= >,2bnw_A_A,2.45
261,7.521,ASP, ,CG,39.97,7.66,7.521,4.55,1.0,<Residue ASP het=  resseq=56 icode= >,2bnw_A_A,2.45
262,23.804,ASP, ,OD1,41.04,8.30,23.767,2.84,1.0,<Residue ASP het=  resseq=56 icode= >,2bnw_A_A,2.45
263,17.982,ASP, ,OD2,40.54,6.60,9.355,2.70,1.0,<Residue ASP het=  resseq=56 icode= >,2bnw_A_A,2.45
264,0.35,GLN, ,N,39.4,10.83,0.0,4.41,1.0,<Residue GLN het=  resseq=57 icode= >,2bnw_A_A,2.45
265,2.93,GLN, ,CA,39.62,12.01,0.0,4.98,1.0,<Residue GLN het=  resseq=57 icode= >,2bnw_A_A,2.45
266,0.0,GLN, ,C,39.12,13.01,0.0,5.60,1.0,<Residue GLN het=  resseq=57 icode= >,2bnw_A_A,2.45
267,0.0,GLN, ,O,38.95,14.23,0.0,3.79,1.0,<Residue GLN het=  resseq=57 icode= >,2bnw_A_A,2.45
268,6.093,GLN, ,CB,39.62,12.02,0.954,3.08,1.0,<Residue GLN het=  resseq=57 icode= >,2bnw_A_A,2.45
269,18.985,GLN, ,CG,40.43,13.16,0.0,1.72,1.0,<Residue GLN het=  resseq=57 icode= >,2bnw_A_A,2.45
270,8.682,GLN, ,CD,41.59,13.70,3.347,3.02,1.0,<Residue GLN het=  resseq=57 icode= >,2bnw_A_A,2.45
271,32.972,GLN, ,OE1,44.3,13.01,6.032,2.51,1.0,<Residue GLN het=  resseq=57 icode= >,2bnw_A_A,2.45
272,38.066,GLN, ,NE2,43.92,14.87,21.92,1.23,1.0,<Residue GLN het=  resseq=57 icode= >,2bnw_A_A,2.45
273,0.953,ALA, ,N,38.87,12.37,0.953,4.24,1.0,<Residue ALA het=  resseq=58 icode= >,2bnw_A_A,2.45
274,7.913,ALA, ,CA,39.22,13.19,7.842,3.80,1.0,<Residue ALA het=  resseq=58 icode= >,2bnw_A_A,2.45
275,1.297,ALA, ,C,39.18,13.90,1.297,4.85,1.0,<Residue ALA het=  resseq=58 icode= >,2bnw_A_A,2.45
276,4.712,ALA, ,O,39.53,15.11,3.612,3.63,1.0,<Residue ALA het=  resseq=58 icode= >,2bnw_A_A,2.45
277,36.898,ALA, ,CB,39.01,12.46,36.898,2.51,1.0,<Residue ALA het=  resseq=58 icode= >,2bnw_A_A,2.45
278,0.0,LEU, ,N,39.06,13.26,0.0,4.24,1.0,<Residue LEU het=  resseq=59 icode= >,2bnw_A_A,2.45
279,2.712,LEU, ,CA,39.19,13.78,2.712,4.37,1.0,<Residue LEU het=  resseq=59 icode= >,2bnw_A_A,2.45
280,0.0,LEU, ,C,39.19,14.69,0.0,5.47,1.0,<Residue LEU het=  resseq=59 icode= >,2bnw_A_A,2.45
281,0.0,LEU, ,O,39.09,14.79,0.0,3.88,1.0,<Residue LEU het=  resseq=59 icode= >,2bnw_A_A,2.45
282,2.266,LEU, ,CB,39.17,12.74,2.266,2.22,1.0,<Residue LEU het=  resseq=59 icode= >,2bnw_A_A,2.45
283,5.963,LEU, ,CG,38.62,11.38,5.963,3.52,1.0,<Residue LEU het=  resseq=59 icode= >,2bnw_A_A,2.45
284,52.576,LEU, ,CD1,38.82,10.32,52.576,1.22,1.0,<Residue LEU het=  resseq=59 icode= >,2bnw_A_A,2.45
285,20.266,LEU, ,CD2,38.07,11.59,20.266,1.69,1.0,<Residue LEU het=  resseq=59 icode= >,2bnw_A_A,2.45
286,1.149,GLU, ,N,39.37,14.50,1.149,4.89,1.0,<Residue GLU het=  resseq=60 icode= >,2bnw_A_A,2.45
287,5.314,GLU, ,CA,39.63,15.17,4.993,4.44,1.0,<Residue GLU het=  resseq=60 icode= >,2bnw_A_A,2.45
288,0.0,GLU, ,C,39.63,16.47,0.0,4.96,1.0,<Residue GLU het=  resseq=60 icode= >,2bnw_A_A,2.45
289,0.158,GLU, ,O,39.83,17.51,0.0,3.38,1.0,<Residue GLU het=  resseq=60 icode= >,2bnw_A_A,2.45
290,9.594,GLU, ,CB,39.68,14.38,9.371,2.96,1.0,<Residue GLU het=  resseq=60 icode= >,2bnw_A_A,2.45
291,6.31,GLU, ,CG,40.07,15.35,1.675,2.30,1.0,<Residue GLU het=  resseq=60 icode= >,2bnw_A_A,2.45
292,14.102,GLU, ,CD,40.92,14.81,5.189,2.62,1.0,<Residue GLU het=  resseq=60 icode= >,2bnw_A_A,2.45
293,32.621,GLU, ,OE1,42.89,13.64,6.837,1.91,1.0,<Residue GLU het=  resseq=60 icode= >,2bnw_A_A,2.45
294,17.311,GLU, ,OE2,43.39,15.66,0.0,1.44,1.0,<Residue GLU het=  resseq=60 icode= >,2bnw_A_A,2.45
295,0.0,GLU, ,N,39.5,16.48,0.0,3.54,1.0,<Residue GLU het=  resseq=61 icode= >,2bnw_A_A,2.45
296,0.702,GLU, ,CA,39.38,17.74,0.0,4.46,1.0,<Residue GLU het=  resseq=61 icode= >,2bnw_A_A,2.45
297,2.483,GLU, ,C,39.33,17.99,0.0,5.36,1.0,<Residue GLU het=  resseq=61 icode= >,2bnw_A_A,2.45
298,3.825,GLU, ,O,39.61,18.72,0.0,2.97,1.0,<Residue GLU het=  resseq=61 icode= >,2bnw_A_A,2.45
299,11.184,GLU, ,CB,39.47,17.39,0.598,2.44,1.0,<Residue GLU het=  resseq=61 icode= >,2bnw_A_A,2.45
300,15.215,GLU, ,CG,39.26,17.13,0.278,1.95,1.0,<Residue GLU het=  resseq=61 icode= >,2bnw_A_A,2.45
301,10.57,GLU, ,CD,38.88,17.17,7.784,5.17,1.0,<Residue GLU het=  resseq=61 icode= >,2bnw_A_A,2.45
302,35.76,GLU, ,OE1,37.34,17.72,33.273,3.42,1.0,<Residue GLU het=  resseq=61 icode= >,2bnw_A_A,2.45
303,12.633,GLU, ,OE2,39.52,16.70,6.684,3.16,1.0,<Residue GLU het=  resseq=61 icode= >,2bnw_A_A,2.45
304,0.721,TYR, ,N,38.99,16.69,0.0,4.59,1.0,<Residue TYR het=  resseq=62 icode= >,2bnw_A_A,2.45
305,4.215,TYR, ,CA,39.34,16.04,1.298,3.43,1.0,<Residue TYR het=  resseq=62 icode= >,2bnw_A_A,2.45
306,0.0,TYR, ,C,39.55,16.20,0.0,4.63,1.0,<Residue TYR het=  resseq=62 icode= >,2bnw_A_A,2.45
307,0.0,TYR, ,O,39.59,16.40,0.0,3.85,1.0,<Residue TYR het=  resseq=62 icode= >,2bnw_A_A,2.45
308,10.463,TYR, ,CB,38.81,14.59,9.31,3.30,1.0,<Residue TYR het=  resseq=62 icode= >,2bnw_A_A,2.45
309,1.898,TYR, ,CG,38.62,13.88,1.898,4.56,1.0,<Residue TYR het=  resseq=62 icode= >,2bnw_A_A,2.45
310,1.644,TYR, ,CD1,38.6,13.41,1.644,3.06,1.0,<Residue TYR het=  resseq=62 icode= >,2bnw_A_A,2.45
311,17.856,TYR, ,CD2,38.58,13.80,17.856,3.13,1.0,<Residue TYR het=  resseq=62 icode= >,2bnw_A_A,2.45
312,12.14,TYR, ,CE1,37.91,12.74,11.783,3.22,1.0,<Residue TYR het=  resseq=62 icode= >,2bnw_A_A,2.45
313,21.702,TYR, ,CE2,38.44,13.33,21.702,2.67,1.0,<Residue TYR het=  resseq=62 icode= >,2bnw_A_A,2.45
314,5.03,TYR, ,CZ,38.46,12.72,5.03,4.21,1.0,<Residue TYR het=  resseq=62 icode= >,2bnw_A_A,2.45
315,39.237,TYR, ,OH,38.49,12.26,15.145,3.19,1.0,<Residue TYR het=  resseq=62 icode= >,2bnw_A_A,2.45
316,0.0,ILE, ,N,39.68,16.09,0.0,4.24,1.0,<Residue ILE het=  resseq=63 icode= >,2bnw_A_A,2.45
317,0.0,ILE, ,CA,40.22,16.14,0.0,3.35,1.0,<Residue ILE het=  resseq=63 icode= >,2bnw_A_A,2.45
318,0.0,ILE, ,C,40.45,17.58,0.0,4.62,1.0,<Residue ILE het=  resseq=63 icode= >,2bnw_A_A,2.45
319,0.0,ILE, ,O,40.41,17.89,0.0,3.46,1.0,<Residue ILE het=  resseq=63 icode= >,2bnw_A_A,2.45
320,0.073,ILE, ,CB,40.0,15.28,0.073,2.76,1.0,<Residue ILE het=  resseq=63 icode= >,2bnw_A_A,2.45
321,1.987,ILE, ,CG1,39.67,13.83,1.987,2.65,1.0,<Residue ILE het=  resseq=63 icode= >,2bnw_A_A,2.45
322,6.9,ILE, ,CG2,40.46,15.76,6.072,1.40,1.0,<Residue ILE het=  resseq=63 icode= >,2bnw_A_A,2.45
323,39.876,ILE, ,CD1,40.27,12.86,39.876,2.24,1.0,<Residue ILE het=  resseq=63 icode= >,2bnw_A_A,2.45
324,0.0,ARG, ,N,41.22,18.40,0.0,2.73,1.0,<Residue ARG het=  resseq=64 icode= >,2bnw_A_A,2.45
325,0.185,ARG, ,CA,41.52,19.83,0.0,3.53,1.0,<Residue ARG het=  resseq=64 icode= >,2bnw_A_A,2.45
326,1.165,ARG, ,C,41.23,20.26,0.0,5.35,1.0,<Residue ARG het=  resseq=64 icode= >,2bnw_A_A,2.45
327,10.206,ARG, ,O,41.05,21.10,0.0,3.57,1.0,<Residue ARG het=  resseq=64 icode= >,2bnw_A_A,2.45
328,12.39,ARG, ,CB,41.59,20.57,0.0,3.88,1.0,<Residue ARG het=  resseq=64 icode= >,2bnw_A_A,2.45
329,1.628,ARG, ,CG,42.45,20.57,0.0,2.43,1.0,<Residue ARG het=  resseq=64 icode= >,2bnw_A_A,2.45
330,22.901,ARG, ,CD,43.59,21.48,0.0,1.59,1.0,<Residue ARG het=  resseq=64 icode= >,2bnw_A_A,2.45
331,5.774,ARG, ,NE,45.08,21.46,0.0,1.89,1.0,<Residue ARG het=  resseq=64 icode= >,2bnw_A_A,2.45
332,4.546,ARG, ,CZ,46.78,22.06,0.0,1.67,1.0,<Residue ARG het=  resseq=64 icode= >,2bnw_A_A,2.45
333,32.98,ARG, ,NH1,47.29,22.71,0.0,0.88,1.0,<Residue ARG het=  resseq=64 icode= >,2bnw_A_A,2.45
334,43.623,ARG, ,NH2,47.1,22.12,0.0,0.87,1.0,<Residue ARG het=  resseq=64 icode= >,2bnw_A_A,2.45
335,0.2,LYS, ,N,41.44,1000.00,0.0,4.61,1.0,<Residue LYS het=  resseq=65 icode= >,2bnw_A_A,2.45
336,9.53,LYS, ,CA,41.57,1000.00,0.0,3.93,1.0,<Residue LYS het=  resseq=65 icode= >,2bnw_A_A,2.45
337,0.0,LYS, ,C,41.57,1000.00,0.0,4.69,1.0,<Residue LYS het=  resseq=65 icode= >,2bnw_A_A,2.45
338,19.568,LYS, ,O,41.07,1000.00,0.0,3.36,1.0,<Residue LYS het=  resseq=65 icode= >,2bnw_A_A,2.45
339,5.794,LYS, ,CB,41.77,1000.00,0.0,1.92,1.0,<Residue LYS het=  resseq=65 icode= >,2bnw_A_A,2.45
340,13.335,LYS, ,CG,41.65,1000.00,0.0,2.49,1.0,<Residue LYS het=  resseq=65 icode= >,2bnw_A_A,2.45
341,23.551,LYS, ,CD,41.87,1000.00,2.833,2.64,1.0,<Residue LYS het=  resseq=65 icode= >,2bnw_A_A,2.45
342,28.701,LYS, ,CE,42.46,1000.00,0.0,2.72,1.0,<Residue LYS het=  resseq=65 icode= >,2bnw_A_A,2.45
343,38.758,LYS, ,NZ,42.84,1000.00,12.158,1.81,1.0,<Residue LYS het=  resseq=65 icode= >,2bnw_A_A,2.45
344,0.0,TYR, ,N,41.72,18.26,0.0,3.83,1.0,<Residue TYR het=  resseq=66 icode= >,2bnw_A_A,2.45
345,3.804,TYR, ,CA,41.88,17.78,0.0,3.59,1.0,<Residue TYR het=  resseq=66 icode= >,2bnw_A_A,2.45
346,0.149,TYR, ,C,41.94,17.67,0.0,5.05,1.0,<Residue TYR het=  resseq=66 icode= >,2bnw_A_A,2.45
347,20.821,TYR, ,O,41.93,17.81,0.0,3.75,1.0,<Residue TYR het=  resseq=66 icode= >,2bnw_A_A,2.45
348,8.476,TYR, ,CB,41.63,16.49,0.0,2.58,1.0,<Residue TYR het=  resseq=66 icode= >,2bnw_A_A,2.45
349,0.556,TYR, ,CG,41.02,16.76,0.0,4.34,1.0,<Residue TYR het=  resseq=66 icode= >,2bnw_A_A,2.45
350,23.088,TYR, ,CD1,40.15,17.56,0.009,2.60,1.0,<Residue TYR het=  resseq=66 icode= >,2bnw_A_A,2.45
351,0.087,TYR, ,CD2,40.9,16.32,0.065,2.69,1.0,<Residue TYR het=  resseq=66 icode= >,2bnw_A_A,2.45
352,27.019,TYR, ,CE1,40.57,17.97,1.579,2.60,1.0,<Residue TYR het=  resseq=66 icode= >,2bnw_A_A,2.45
353,6.807,TYR, ,CE2,41.44,16.73,6.807,2.84,1.0,<Residue TYR het=  resseq=66 icode= >,2bnw_A_A,2.45
354,4.811,TYR, ,CZ,41.41,17.56,4.811,3.35,1.0,<Residue TYR het=  resseq=66 icode= >,2bnw_A_A,2.45
355,27.661,TYR, ,OH,41.67,17.99,18.437,2.05,1.0,<Residue TYR het=  resseq=66 icode= >,2bnw_A_A,2.45
356,0.0,LEU, ,N,42.24,17.60,0.0,4.53,1.0,<Residue LEU het=  resseq=67 icode= >,2bnw_A_A,2.45
357,0.05,LEU, ,CA,42.81,17.55,0.0,4.23,1.0,<Residue LEU het=  resseq=67 icode= >,2bnw_A_A,2.45
358,0.0,LEU, ,C,43.23,18.63,0.0,5.23,1.0,<Residue LEU het=  resseq=67 icode= >,2bnw_A_A,2.45
359,0.0,LEU, ,O,42.98,18.26,0.0,3.77,1.0,<Residue LEU het=  resseq=67 icode= >,2bnw_A_A,2.45
360,0.0,LEU, ,CB,42.76,16.17,0.0,3.02,1.0,<Residue LEU het=  resseq=67 icode= >,2bnw_A_A,2.45
361,0.363,LEU, ,CG,42.76,14.99,0.0,3.66,1.0,<Residue LEU het=  resseq=67 icode= >,2bnw_A_A,2.45
362,32.242,LEU, ,CD1,42.81,13.69,31.084,2.06,1.0,<Residue LEU het=  resseq=67 icode= >,2bnw_A_A,2.45
363,40.119,LEU, ,CD2,42.81,15.16,23.238,2.00,1.0,<Residue LEU het=  resseq=67 icode= >,2bnw_A_A,2.45
364,0.0,PRO, ,N,43.97,1000.00,0.0,4.49,1.0,<Residue PRO het=  resseq=68 icode= >,2bnw_A_A,2.45
365,0.398,PRO, ,CA,44.91,1000.00,0.0,3.87,1.0,<Residue PRO het=  resseq=68 icode= >,2bnw_A_A,2.45
366,1.479,PRO, ,C,45.59,1000.00,0.0,3.94,1.0,<Residue PRO het=  resseq=68 icode= >,2bnw_A_A,2.45
367,7.248,PRO, ,O,45.61,1000.00,0.0,2.92,1.0,<Residue PRO het=  resseq=68 icode= >,2bnw_A_A,2.45
368,28.337,PRO, ,CB,44.88,1000.00,0.0,2.22,1.0,<Residue PRO het=  resseq=68 icode= >,2bnw_A_A,2.45
369,33.574,PRO, ,CG,44.51,1000.00,0.0,2.84,1.0,<Residue PRO het=  resseq=68 icode= >,2bnw_A_A,2.45
370,4.808,PRO, ,CD,44.14,1000.00,0.0,3.49,1.0,<Residue PRO het=  resseq=68 icode= >,2bnw_A_A,2.45
371,1.311,ASP, ,N,46.48,1000.00,0.0,3.23,1.0,<Residue ASP het=  resseq=69 icode= >,2bnw_A_A,2.45
372,13.633,ASP, ,CA,47.32,1000.00,0.0,3.17,1.0,<Residue ASP het=  resseq=69 icode= >,2bnw_A_A,2.45
373,0.152,ASP, ,C,47.79,1000.00,0.0,4.27,1.0,<Residue ASP het=  resseq=69 icode= >,2bnw_A_A,2.45
374,22.507,ASP, ,O,47.81,1000.00,0.0,3.42,1.0,<Residue ASP het=  resseq=69 icode= >,2bnw_A_A,2.45
375,34.87,ASP, ,CB,47.76,1000.00,0.0,1.65,1.0,<Residue ASP het=  resseq=69 icode= >,2bnw_A_A,2.45
376,8.249,ASP, ,CG,49.17,1000.00,0.0,2.17,1.0,<Residue ASP het=  resseq=69 icode= >,2bnw_A_A,2.45
377,16.0,ASP, ,OD1,50.6,1000.00,0.0,2.52,1.0,<Residue ASP het=  resseq=69 icode= >,2bnw_A_A,2.45
378,9.369,ASP, ,OD2,50.76,1000.00,0.0,1.55,1.0,<Residue ASP het=  resseq=69 icode= >,2bnw_A_A,2.45
379,0.0,LYS, ,N,48.28,18.79,0.0,3.42,1.0,<Residue LYS het=  resseq=70 icode= >,2bnw_A_A,2.45
380,3.993,LYS, ,CA,48.63,17.64,0.0,3.89,1.0,<Residue LYS het=  resseq=70 icode= >,2bnw_A_A,2.45
381,1.339,LYS, ,C,49.11,17.57,0.879,3.70,1.0,<Residue LYS het=  resseq=70 icode= >,2bnw_A_A,2.45
382,30.06,LYS, ,O,49.44,17.04,10.051,2.23,1.0,<Residue LYS het=  resseq=70 icode= >,2bnw_A_A,2.45
383,13.292,LYS, ,CB,48.56,16.36,13.045,3.48,1.0,<Residue LYS het=  resseq=70 icode= >,2bnw_A_A,2.45
384,3.886,LYS, ,CG,48.93,16.43,3.848,2.66,1.0,<Residue LYS het=  resseq=70 icode= >,2bnw_A_A,2.45
385,21.169,LYS, ,CD,49.14,16.73,1.78,2.31,1.0,<Residue LYS het=  resseq=70 icode= >,2bnw_A_A,2.45
386,24.939,LYS, ,CE,49.68,16.93,13.73,1.78,1.0,<Residue LYS het=  resseq=70 icode= >,2bnw_A_A,2.45
387,47.306,LYS, ,NZ,50.58,17.54,14.513,0.99,1.0,<Residue LYS het=  resseq=70 icode= >,2bnw_A_A,2.45
388,0.0,LEU, ,N,49.61,18.20,0.0,3.14,1.0,<Residue LEU het=  resseq=71 icode= >,2bnw_A_A,2.45
389,9.05,LEU, ,CA,50.01,18.31,3.963,2.91,1.0,<Residue LEU het=  resseq=71 icode= >,2bnw_A_A,2.45
390,6.239,LEU, ,C,50.33,19.64,0.0,2.89,1.0,<Residue LEU het=  resseq=71 icode= >,2bnw_A_A,2.45
391,34.124,LEU, ,O,50.49,20.08,0.0,2.05,1.0,<Residue LEU het=  resseq=71 icode= >,2bnw_A_A,2.45
392,24.308,LEU, ,CB,50.3,18.30,8.519,2.24,1.0,<Residue LEU het=  resseq=71 icode= >,2bnw_A_A,2.45
393,1.094,LEU, ,CG,51.55,19.38,0.0,1.45,1.0,<Residue LEU het=  resseq=71 icode= >,2bnw_A_A,2.45
394,0.522,LEU, ,CD1,52.67,18.94,0.0,0.29,1.0,<Residue LEU het=  resseq=71 icode= >,2bnw_A_A,2.45
395,21.105,LEU, ,CD2,52.18,20.72,0.0,0.45,1.0,<Residue LEU het=  resseq=71 icode= >,2bnw_A_A,2.45
396,21.798,LEU, ,OXT,50.43,20.38,0.0,2.29,1.0,<Residue LEU het=  resseq=71 icode= >,2bnw_A_A,2.45
