,ASA,aa,altloc,atom,bfac,d2r,dASA,dens,occ,residue,id,resolu
0,41.526,MET, ,N,73.55,11.02,0.0,0.75,1.0,<Residue MET het=  resseq=174 icode= >,2c9l_Y_B,2.25
1,6.544,MET, ,CA,73.18,9.62,0.0,1.08,1.0,<Residue MET het=  resseq=174 icode= >,2c9l_Y_B,2.25
2,0.0,MET, ,C,68.39,9.58,0.0,1.76,1.0,<Residue MET het=  resseq=174 icode= >,2c9l_Y_B,2.25
3,0.104,MET, ,O,61.24,9.24,0.0,0.98,1.0,<Residue MET het=  resseq=174 icode= >,2c9l_Y_B,2.25
4,15.632,MET, ,CB,86.3,8.80,0.0,0.20,1.0,<Residue MET het=  resseq=174 icode= >,2c9l_Y_B,2.25
5,28.244,MET, ,CG,100.61,8.89,0.0,-0.39,1.0,<Residue MET het=  resseq=174 icode= >,2c9l_Y_B,2.25
6,44.427,MET, ,SD,110.88,7.92,0.0,0.91,1.0,<Residue MET het=  resseq=174 icode= >,2c9l_Y_B,2.25
7,72.931,MET, ,CE,110.96,8.69,0.0,-0.04,1.0,<Residue MET het=  resseq=174 icode= >,2c9l_Y_B,2.25
8,2.893,LEU, ,N,52.35,8.73,0.0,2.52,1.0,<Residue LEU het=  resseq=175 icode= >,2c9l_Y_B,2.25
9,1.15,LEU, ,CA,53.93,7.28,0.0,1.81,1.0,<Residue LEU het=  resseq=175 icode= >,2c9l_Y_B,2.25
10,0.0,LEU, ,C,47.56,6.94,0.0,2.81,1.0,<Residue LEU het=  resseq=175 icode= >,2c9l_Y_B,2.25
11,0.0,LEU, ,O,45.36,6.09,0.0,2.11,1.0,<Residue LEU het=  resseq=175 icode= >,2c9l_Y_B,2.25
12,22.29,LEU, ,CB,54.7,6.78,0.0,1.29,1.0,<Residue LEU het=  resseq=175 icode= >,2c9l_Y_B,2.25
13,0.06,LEU, ,CG,60.53,5.29,0.0,1.47,1.0,<Residue LEU het=  resseq=175 icode= >,2c9l_Y_B,2.25
14,23.576,LEU, ,CD1,59.61,4.76,4.469,0.78,1.0,<Residue LEU het=  resseq=175 icode= >,2c9l_Y_B,2.25
15,47.963,LEU, ,CD2,55.44,5.39,0.0,0.81,1.0,<Residue LEU het=  resseq=175 icode= >,2c9l_Y_B,2.25
16,2.843,GLU, ,N,43.3,7.87,0.0,2.69,1.0,<Residue GLU het=  resseq=176 icode= >,2c9l_Y_B,2.25
17,0.332,GLU, ,CA,46.06,8.05,0.0,2.33,1.0,<Residue GLU het=  resseq=176 icode= >,2c9l_Y_B,2.25
18,0.0,GLU, ,C,41.77,8.28,0.0,3.13,1.0,<Residue GLU het=  resseq=176 icode= >,2c9l_Y_B,2.25
19,1.967,GLU, ,O,35.04,7.19,0.0,2.68,1.0,<Residue GLU het=  resseq=176 icode= >,2c9l_Y_B,2.25
20,21.802,GLU, ,CB,52.45,9.33,0.0,1.07,1.0,<Residue GLU het=  resseq=176 icode= >,2c9l_Y_B,2.25
21,26.579,GLU, ,CG,62.64,8.83,0.0,0.85,1.0,<Residue GLU het=  resseq=176 icode= >,2c9l_Y_B,2.25
22,11.902,GLU, ,CD,76.88,9.98,0.0,1.05,1.0,<Residue GLU het=  resseq=176 icode= >,2c9l_Y_B,2.25
23,36.12,GLU, ,OE1,80.21,10.87,0.0,0.67,1.0,<Residue GLU het=  resseq=176 icode= >,2c9l_Y_B,2.25
24,41.055,GLU, ,OE2,69.04,10.16,0.0,1.04,1.0,<Residue GLU het=  resseq=176 icode= >,2c9l_Y_B,2.25
25,0.693,ILE, ,N,31.41,9.38,0.0,3.04,1.0,<Residue ILE het=  resseq=177 icode= >,2c9l_Y_B,2.25
26,0.764,ILE, ,CA,40.99,9.53,0.0,2.41,1.0,<Residue ILE het=  resseq=177 icode= >,2c9l_Y_B,2.25
27,0.0,ILE, ,C,32.6,8.75,0.0,3.81,1.0,<Residue ILE het=  resseq=177 icode= >,2c9l_Y_B,2.25
28,0.0,ILE, ,O,33.15,8.05,0.0,2.38,1.0,<Residue ILE het=  resseq=177 icode= >,2c9l_Y_B,2.25
29,9.75,ILE, ,CB,40.39,9.68,0.0,2.58,1.0,<Residue ILE het=  resseq=177 icode= >,2c9l_Y_B,2.25
30,14.142,ILE, ,CG1,50.41,8.81,0.0,1.63,1.0,<Residue ILE het=  resseq=177 icode= >,2c9l_Y_B,2.25
31,29.004,ILE, ,CG2,51.47,8.57,0.0,0.51,1.0,<Residue ILE het=  resseq=177 icode= >,2c9l_Y_B,2.25
32,45.381,ILE, ,CD1,53.14,9.55,0.0,1.09,1.0,<Residue ILE het=  resseq=177 icode= >,2c9l_Y_B,2.25
33,0.0,LYS, ,N,23.87,8.74,0.0,3.70,1.0,<Residue LYS het=  resseq=178 icode= >,2c9l_Y_B,2.25
34,0.99,LYS, ,CA,29.67,7.96,0.0,3.07,1.0,<Residue LYS het=  resseq=178 icode= >,2c9l_Y_B,2.25
35,0.052,LYS, ,C,26.22,7.26,0.0,4.95,1.0,<Residue LYS het=  resseq=178 icode= >,2c9l_Y_B,2.25
36,0.656,LYS, ,O,26.48,7.52,0.0,4.10,1.0,<Residue LYS het=  resseq=178 icode= >,2c9l_Y_B,2.25
37,4.816,LYS, ,CB,43.38,7.91,0.0,1.83,1.0,<Residue LYS het=  resseq=178 icode= >,2c9l_Y_B,2.25
38,22.188,LYS, ,CG,67.05,7.24,0.0,0.54,1.0,<Residue LYS het=  resseq=178 icode= >,2c9l_Y_B,2.25
39,34.034,LYS, ,CD,69.71,6.76,0.0,0.92,1.0,<Residue LYS het=  resseq=178 icode= >,2c9l_Y_B,2.25
40,18.381,LYS, ,CE,79.73,6.66,0.0,0.75,1.0,<Residue LYS het=  resseq=178 icode= >,2c9l_Y_B,2.25
41,44.69,LYS, ,NZ,72.48,6.57,0.0,0.86,1.0,<Residue LYS het=  resseq=178 icode= >,2c9l_Y_B,2.25
42,0.0,ARG, ,N,23.58,6.36,0.0,4.71,1.0,<Residue ARG het=  resseq=179 icode= >,2c9l_Y_B,2.25
43,6.412,ARG, ,CA,26.76,5.44,0.019,4.01,1.0,<Residue ARG het=  resseq=179 icode= >,2c9l_Y_B,2.25
44,0.0,ARG, ,C,39.12,4.87,0.0,3.36,1.0,<Residue ARG het=  resseq=179 icode= >,2c9l_Y_B,2.25
45,1.775,ARG, ,O,24.93,4.22,0.328,4.07,1.0,<Residue ARG het=  resseq=179 icode= >,2c9l_Y_B,2.25
46,0.877,ARG, ,CB,33.76,4.85,0.655,2.90,1.0,<Residue ARG het=  resseq=179 icode= >,2c9l_Y_B,2.25
47,16.291,ARG, ,CG,36.53,3.70,14.814,2.04,1.0,<Residue ARG het=  resseq=179 icode= >,2c9l_Y_B,2.25
48,25.092,ARG, ,CD,37.66,3.95,15.113,1.48,1.0,<Residue ARG het=  resseq=179 icode= >,2c9l_Y_B,2.25
49,12.092,ARG, ,NE,51.56,3.04,11.808,1.91,1.0,<Residue ARG het=  resseq=179 icode= >,2c9l_Y_B,2.25
50,4.183,ARG, ,CZ,60.28,3.58,0.693,1.93,1.0,<Residue ARG het=  resseq=179 icode= >,2c9l_Y_B,2.25
51,37.033,ARG, ,NH1,51.75,4.88,0.0,0.96,1.0,<Residue ARG het=  resseq=179 icode= >,2c9l_Y_B,2.25
52,27.921,ARG, ,NH2,58.53,3.26,18.096,1.07,1.0,<Residue ARG het=  resseq=179 icode= >,2c9l_Y_B,2.25
53,0.0,TYR, ,N,22.72,5.55,0.0,3.34,1.0,<Residue TYR het=  resseq=180 icode= >,2c9l_Y_B,2.25
54,0.0,TYR, ,CA,17.44,5.70,0.0,3.10,1.0,<Residue TYR het=  resseq=180 icode= >,2c9l_Y_B,2.25
55,0.0,TYR, ,C,10.98,6.44,0.0,5.53,1.0,<Residue TYR het=  resseq=180 icode= >,2c9l_Y_B,2.25
56,0.0,TYR, ,O,22.04,6.39,0.0,4.38,1.0,<Residue TYR het=  resseq=180 icode= >,2c9l_Y_B,2.25
57,9.776,TYR, ,CB,26.8,6.82,0.0,1.53,1.0,<Residue TYR het=  resseq=180 icode= >,2c9l_Y_B,2.25
58,2.321,TYR, ,CG,16.21,7.59,0.0,3.63,1.0,<Residue TYR het=  resseq=180 icode= >,2c9l_Y_B,2.25
59,8.433,TYR, ,CD1,17.55,7.30,0.0,3.09,1.0,<Residue TYR het=  resseq=180 icode= >,2c9l_Y_B,2.25
60,1.506,TYR, ,CD2,27.05,8.83,0.0,3.07,1.0,<Residue TYR het=  resseq=180 icode= >,2c9l_Y_B,2.25
61,19.164,TYR, ,CE1,29.13,8.29,0.0,3.17,1.0,<Residue TYR het=  resseq=180 icode= >,2c9l_Y_B,2.25
62,23.342,TYR, ,CE2,30.26,9.54,0.0,2.79,1.0,<Residue TYR het=  resseq=180 icode= >,2c9l_Y_B,2.25
63,4.975,TYR, ,CZ,31.61,9.43,0.0,3.88,1.0,<Residue TYR het=  resseq=180 icode= >,2c9l_Y_B,2.25
64,35.921,TYR, ,OH,43.82,10.25,0.0,2.42,1.0,<Residue TYR het=  resseq=180 icode= >,2c9l_Y_B,2.25
65,0.0,LYS, ,N,10.85,7.46,0.0,5.70,1.0,<Residue LYS het=  resseq=181 icode= >,2c9l_Y_B,2.25
66,0.956,LYS, ,CA,24.33,6.42,0.0,3.79,1.0,<Residue LYS het=  resseq=181 icode= >,2c9l_Y_B,2.25
67,1.127,LYS, ,C,31.68,6.56,0.0,4.42,1.0,<Residue LYS het=  resseq=181 icode= >,2c9l_Y_B,2.25
68,4.238,LYS, ,O,24.78,6.43,0.0,3.96,1.0,<Residue LYS het=  resseq=181 icode= >,2c9l_Y_B,2.25
69,10.712,LYS, ,CB,22.01,5.20,0.939,3.02,1.0,<Residue LYS het=  resseq=181 icode= >,2c9l_Y_B,2.25
70,12.298,LYS, ,CG,34.98,5.31,0.0,1.81,1.0,<Residue LYS het=  resseq=181 icode= >,2c9l_Y_B,2.25
71,9.151,LYS, ,CD,45.17,5.00,0.0,1.55,1.0,<Residue LYS het=  resseq=181 icode= >,2c9l_Y_B,2.25
72,40.001,LYS, ,CE,58.17,3.61,11.782,0.60,1.0,<Residue LYS het=  resseq=181 icode= >,2c9l_Y_B,2.25
73,44.431,LYS, ,NZ,70.74,3.01,21.257,0.33,1.0,<Residue LYS het=  resseq=181 icode= >,2c9l_Y_B,2.25
74,0.438,ASN, ,N,23.77,6.48,0.0,4.11,1.0,<Residue ASN het=  resseq=182 icode= >,2c9l_Y_B,2.25
75,2.912,ASN, ,CA,27.28,5.40,0.0,2.85,1.0,<Residue ASN het=  resseq=182 icode= >,2c9l_Y_B,2.25
76,0.0,ASN, ,C,21.94,4.41,0.0,4.66,1.0,<Residue ASN het=  resseq=182 icode= >,2c9l_Y_B,2.25
77,0.0,ASN, ,O,21.0,4.06,0.0,3.67,1.0,<Residue ASN het=  resseq=182 icode= >,2c9l_Y_B,2.25
78,13.163,ASN, ,CB,18.72,5.03,1.133,2.99,1.0,<Residue ASN het=  resseq=182 icode= >,2c9l_Y_B,2.25
79,5.63,ASN, ,CG,27.48,3.72,5.236,4.48,1.0,<Residue ASN het=  resseq=182 icode= >,2c9l_Y_B,2.25
80,34.106,ASN, ,OD1,16.15,2.83,33.884,4.52,1.0,<Residue ASN het=  resseq=182 icode= >,2c9l_Y_B,2.25
81,43.413,ASN, ,ND2,16.37,2.80,39.706,3.93,1.0,<Residue ASN het=  resseq=182 icode= >,2c9l_Y_B,2.25
82,0.462,ARG, ,N,18.19,4.45,0.456,4.12,1.0,<Residue ARG het=  resseq=183 icode= >,2c9l_Y_B,2.25
83,6.251,ARG, ,CA,17.66,4.14,6.222,4.30,1.0,<Residue ARG het=  resseq=183 icode= >,2c9l_Y_B,2.25
84,0.0,ARG, ,C,24.16,5.15,0.0,4.86,1.0,<Residue ARG het=  resseq=183 icode= >,2c9l_Y_B,2.25
85,0.001,ARG, ,O,22.63,4.51,0.0,4.48,1.0,<Residue ARG het=  resseq=183 icode= >,2c9l_Y_B,2.25
86,2.257,ARG, ,CB,23.35,4.09,2.257,3.18,1.0,<Residue ARG het=  resseq=183 icode= >,2c9l_Y_B,2.25
87,17.826,ARG, ,CG,27.04,3.85,17.584,2.07,1.0,<Residue ARG het=  resseq=183 icode= >,2c9l_Y_B,2.25
88,10.891,ARG, ,CD,24.06,3.80,7.686,2.13,1.0,<Residue ARG het=  resseq=183 icode= >,2c9l_Y_B,2.25
89,11.605,ARG, ,NE,23.72,2.69,10.763,2.87,1.0,<Residue ARG het=  resseq=183 icode= >,2c9l_Y_B,2.25
90,4.525,ARG, ,CZ,25.15,3.28,0.16,4.37,1.0,<Residue ARG het=  resseq=183 icode= >,2c9l_Y_B,2.25
91,27.268,ARG, ,NH1,22.7,4.61,0.0,2.44,1.0,<Residue ARG het=  resseq=183 icode= >,2c9l_Y_B,2.25
92,30.391,ARG, ,NH2,25.97,3.03,8.801,2.63,1.0,<Residue ARG het=  resseq=183 icode= >,2c9l_Y_B,2.25
93,0.0,VAL, ,N,24.54,6.25,0.0,4.31,1.0,<Residue VAL het=  resseq=184 icode= >,2c9l_Y_B,2.25
94,0.0,VAL, ,CA,26.15,6.90,0.0,3.88,1.0,<Residue VAL het=  resseq=184 icode= >,2c9l_Y_B,2.25
95,0.0,VAL, ,C,20.49,6.21,0.0,5.47,1.0,<Residue VAL het=  resseq=184 icode= >,2c9l_Y_B,2.25
96,1.148,VAL, ,O,30.15,6.17,0.0,3.73,1.0,<Residue VAL het=  resseq=184 icode= >,2c9l_Y_B,2.25
97,1.486,VAL, ,CB,32.07,7.42,0.0,2.99,1.0,<Residue VAL het=  resseq=184 icode= >,2c9l_Y_B,2.25
98,52.87,VAL, ,CG1,27.42,6.86,0.0,2.13,1.0,<Residue VAL het=  resseq=184 icode= >,2c9l_Y_B,2.25
99,9.476,VAL, ,CG2,39.28,8.16,0.0,1.37,1.0,<Residue VAL het=  resseq=184 icode= >,2c9l_Y_B,2.25
100,0.168,ALA, ,N,24.14,5.45,0.0,3.93,1.0,<Residue ALA het=  resseq=185 icode= >,2c9l_Y_B,2.25
101,2.44,ALA, ,CA,25.52,4.35,0.776,2.81,1.0,<Residue ALA het=  resseq=185 icode= >,2c9l_Y_B,2.25
102,1.269,ALA, ,C,23.05,3.71,1.269,4.63,1.0,<Residue ALA het=  resseq=185 icode= >,2c9l_Y_B,2.25
103,2.641,ALA, ,O,24.65,3.67,2.135,3.53,1.0,<Residue ALA het=  resseq=185 icode= >,2c9l_Y_B,2.25
104,45.185,ALA, ,CB,22.12,3.94,37.761,2.70,1.0,<Residue ALA het=  resseq=185 icode= >,2c9l_Y_B,2.25
105,0.189,ALA, ,N,20.96,3.76,0.189,4.15,1.0,<Residue ALA het=  resseq=186 icode= >,2c9l_Y_B,2.25
106,6.616,ALA, ,CA,24.31,3.81,5.344,3.82,1.0,<Residue ALA het=  resseq=186 icode= >,2c9l_Y_B,2.25
107,0.0,ALA, ,C,26.03,5.06,0.0,4.15,1.0,<Residue ALA het=  resseq=186 icode= >,2c9l_Y_B,2.25
108,0.25,ALA, ,O,27.28,5.37,0.0,3.82,1.0,<Residue ALA het=  resseq=186 icode= >,2c9l_Y_B,2.25
109,32.861,ALA, ,CB,10.16,3.68,27.911,3.01,1.0,<Residue ALA het=  resseq=186 icode= >,2c9l_Y_B,2.25
110,0.0,ARG, ,N,22.29,5.57,0.0,3.73,1.0,<Residue ARG het=  resseq=187 icode= >,2c9l_Y_B,2.25
111,0.17,ARG, ,CA,29.74,5.55,0.0,2.92,1.0,<Residue ARG het=  resseq=187 icode= >,2c9l_Y_B,2.25
112,1.533,ARG, ,C,21.78,7.05,0.0,4.86,1.0,<Residue ARG het=  resseq=187 icode= >,2c9l_Y_B,2.25
113,3.764,ARG, ,O,29.5,6.68,0.0,3.73,1.0,<Residue ARG het=  resseq=187 icode= >,2c9l_Y_B,2.25
114,15.701,ARG, ,CB,35.39,5.08,0.0,2.22,1.0,<Residue ARG het=  resseq=187 icode= >,2c9l_Y_B,2.25
115,8.049,ARG, ,CG,40.67,3.64,1.96,2.01,1.0,<Residue ARG het=  resseq=187 icode= >,2c9l_Y_B,2.25
116,18.537,ARG, ,CD,29.69,3.89,0.0,2.83,1.0,<Residue ARG het=  resseq=187 icode= >,2c9l_Y_B,2.25
117,10.003,ARG, ,NE,31.13,2.94,6.609,3.15,1.0,<Residue ARG het=  resseq=187 icode= >,2c9l_Y_B,2.25
118,4.467,ARG, ,CZ,33.51,3.66,0.0,3.47,1.0,<Residue ARG het=  resseq=187 icode= >,2c9l_Y_B,2.25
119,29.918,ARG, ,NH1,29.41,4.93,0.0,2.63,1.0,<Residue ARG het=  resseq=187 icode= >,2c9l_Y_B,2.25
120,35.274,ARG, ,NH2,21.95,2.74,16.441,2.90,1.0,<Residue ARG het=  resseq=187 icode= >,2c9l_Y_B,2.25
121,0.399,LYS, ,N,17.85,6.80,0.0,4.97,1.0,<Residue LYS het=  resseq=188 icode= >,2c9l_Y_B,2.25
122,5.974,LYS, ,CA,21.56,6.30,0.0,4.13,1.0,<Residue LYS het=  resseq=188 icode= >,2c9l_Y_B,2.25
123,0.0,LYS, ,C,33.91,5.54,0.0,3.57,1.0,<Residue LYS het=  resseq=188 icode= >,2c9l_Y_B,2.25
124,1.005,LYS, ,O,27.23,5.52,0.0,3.34,1.0,<Residue LYS het=  resseq=188 icode= >,2c9l_Y_B,2.25
125,6.699,LYS, ,CB,19.26,5.01,0.052,3.30,1.0,<Residue LYS het=  resseq=188 icode= >,2c9l_Y_B,2.25
126,15.751,LYS, ,CG,25.68,4.85,0.0,2.58,1.0,<Residue LYS het=  resseq=188 icode= >,2c9l_Y_B,2.25
127,28.081,LYS, ,CD,35.22,3.85,11.485,2.33,1.0,<Residue LYS het=  resseq=188 icode= >,2c9l_Y_B,2.25
128,43.092,LYS, ,CE,26.83,3.52,4.516,2.75,1.0,<Residue LYS het=  resseq=188 icode= >,2c9l_Y_B,2.25
129,49.058,LYS, ,NZ,33.58,2.75,17.981,2.14,1.0,<Residue LYS het=  resseq=188 icode= >,2c9l_Y_B,2.25
130,0.145,SER, ,N,20.37,4.78,0.0,4.00,1.0,<Residue SER het=  resseq=189 icode= >,2c9l_Y_B,2.25
131,2.763,SER, ,CA,22.84,3.67,1.353,3.83,1.0,<Residue SER het=  resseq=189 icode= >,2c9l_Y_B,2.25
132,0.725,SER, ,C,21.43,4.49,0.0,5.26,1.0,<Residue SER het=  resseq=189 icode= >,2c9l_Y_B,2.25
133,2.503,SER, ,O,26.46,4.39,0.308,3.78,1.0,<Residue SER het=  resseq=189 icode= >,2c9l_Y_B,2.25
134,24.412,SER, ,CB,29.45,3.39,20.29,2.99,1.0,<Residue SER het=  resseq=189 icode= >,2c9l_Y_B,2.25
135,35.246,SER, ,OG,34.05,2.67,28.734,2.77,1.0,<Residue SER het=  resseq=189 icode= >,2c9l_Y_B,2.25
136,0.058,ARG, ,N,23.2,5.69,0.0,4.69,1.0,<Residue ARG het=  resseq=190 icode= >,2c9l_Y_B,2.25
137,3.079,ARG, ,CA,25.76,6.77,0.0,3.86,1.0,<Residue ARG het=  resseq=190 icode= >,2c9l_Y_B,2.25
138,0.452,ARG, ,C,29.49,6.93,0.0,4.02,1.0,<Residue ARG het=  resseq=190 icode= >,2c9l_Y_B,2.25
139,0.712,ARG, ,O,28.0,7.22,0.0,3.44,1.0,<Residue ARG het=  resseq=190 icode= >,2c9l_Y_B,2.25
140,8.672,ARG, ,CB,26.4,5.69,0.303,3.08,1.0,<Residue ARG het=  resseq=190 icode= >,2c9l_Y_B,2.25
141,28.892,ARG, ,CG,26.85,5.52,0.0,2.91,1.0,<Residue ARG het=  resseq=190 icode= >,2c9l_Y_B,2.25
142,35.382,ARG, ,CD,27.52,4.05,20.77,1.85,1.0,<Residue ARG het=  resseq=190 icode= >,2c9l_Y_B,2.25
143,9.18,ARG, ,NE,30.86,4.11,7.416,1.17,1.0,<Residue ARG het=  resseq=190 icode= >,2c9l_Y_B,2.25
144,4.219,ARG, ,CZ,28.9,3.59,4.219,2.11,1.0,<Residue ARG het=  resseq=190 icode= >,2c9l_Y_B,2.25
145,36.534,ARG, ,NH1,30.49,3.49,32.275,1.20,1.0,<Residue ARG het=  resseq=190 icode= >,2c9l_Y_B,2.25
146,17.826,ARG, ,NH2,25.69,3.47,17.599,1.82,1.0,<Residue ARG het=  resseq=190 icode= >,2c9l_Y_B,2.25
147,0.513,ALA, ,N,23.56,6.93,0.0,3.70,1.0,<Residue ALA het=  resseq=191 icode= >,2c9l_Y_B,2.25
148,5.825,ALA, ,CA,31.9,7.30,0.0,2.99,1.0,<Residue ALA het=  resseq=191 icode= >,2c9l_Y_B,2.25
149,0.794,ALA, ,C,27.64,7.76,0.0,4.58,1.0,<Residue ALA het=  resseq=191 icode= >,2c9l_Y_B,2.25
150,2.428,ALA, ,O,34.54,8.56,0.0,3.21,1.0,<Residue ALA het=  resseq=191 icode= >,2c9l_Y_B,2.25
151,52.272,ALA, ,CB,27.3,7.43,0.0,1.50,1.0,<Residue ALA het=  resseq=191 icode= >,2c9l_Y_B,2.25
152,0.433,LYS, ,N,27.51,6.50,0.0,4.07,1.0,<Residue LYS het=  resseq=192 icode= >,2c9l_Y_B,2.25
153,4.04,LYS, ,CA,28.53,6.09,0.0,3.33,1.0,<Residue LYS het=  resseq=192 icode= >,2c9l_Y_B,2.25
154,0.0,LYS, ,C,37.34,6.36,0.0,4.19,1.0,<Residue LYS het=  resseq=192 icode= >,2c9l_Y_B,2.25
155,0.0,LYS, ,O,30.64,7.07,0.0,3.39,1.0,<Residue LYS het=  resseq=192 icode= >,2c9l_Y_B,2.25
156,4.536,LYS, ,CB,28.03,4.77,0.0,2.54,1.0,<Residue LYS het=  resseq=192 icode= >,2c9l_Y_B,2.25
157,7.06,LYS, ,CG,39.53,4.76,0.0,2.33,1.0,<Residue LYS het=  resseq=192 icode= >,2c9l_Y_B,2.25
158,23.329,LYS, ,CD,51.25,3.67,9.695,1.37,1.0,<Residue LYS het=  resseq=192 icode= >,2c9l_Y_B,2.25
159,30.124,LYS, ,CE,62.0,3.74,3.041,1.05,1.0,<Residue LYS het=  resseq=192 icode= >,2c9l_Y_B,2.25
160,48.945,LYS, ,NZ,48.69,2.83,21.746,1.67,1.0,<Residue LYS het=  resseq=192 icode= >,2c9l_Y_B,2.25
161,0.246,PHE,x,N,30.83,6.18,0.0,3.53,0.5,<Residue PHE het=  resseq=193 icode= >,2c9l_Y_B,2.25
162,2.252,PHE,x,CA,37.56,6.90,0.0,2.79,0.5,<Residue PHE het=  resseq=193 icode= >,2c9l_Y_B,2.25
163,0.0,PHE,x,C,38.65,8.38,0.0,3.51,0.5,<Residue PHE het=  resseq=193 icode= >,2c9l_Y_B,2.25
164,0.036,PHE,x,O,26.17,9.17,0.036,4.11,0.5,<Residue PHE het=  resseq=193 icode= >,2c9l_Y_B,2.25
165,14.104,PHE,x,CB,33.2,6.87,0.0,2.36,0.5,<Residue PHE het=  resseq=193 icode= >,2c9l_Y_B,2.25
166,2.24,PHE,x,CG,35.5,6.72,0.0,1.34,0.5,<Residue PHE het=  resseq=193 icode= >,2c9l_Y_B,2.25
167,19.892,PHE,x,CD1,43.95,5.95,12.419,0.08,0.5,<Residue PHE het=  resseq=193 icode= >,2c9l_Y_B,2.25
168,6.18,PHE,x,CD2,42.84,7.72,0.0,0.99,0.5,<Residue PHE het=  resseq=193 icode= >,2c9l_Y_B,2.25
169,35.538,PHE,x,CE1,41.99,6.27,35.362,-0.05,0.5,<Residue PHE het=  resseq=193 icode= >,2c9l_Y_B,2.25
170,16.048,PHE,x,CE2,50.3,7.93,0.932,1.67,0.5,<Residue PHE het=  resseq=193 icode= >,2c9l_Y_B,2.25
171,29.012,PHE,x,CZ,43.44,7.32,26.725,0.86,0.5,<Residue PHE het=  resseq=193 icode= >,2c9l_Y_B,2.25
172,0.0,LYS, ,N,29.62,8.63,0.0,3.76,1.0,<Residue LYS het=  resseq=194 icode= >,2c9l_Y_B,2.25
173,0.0,LYS, ,CA,37.41,8.21,0.0,3.12,1.0,<Residue LYS het=  resseq=194 icode= >,2c9l_Y_B,2.25
174,1.408,LYS, ,C,32.39,9.33,0.0,4.04,1.0,<Residue LYS het=  resseq=194 icode= >,2c9l_Y_B,2.25
175,4.349,LYS, ,O,43.04,9.45,0.0,2.49,1.0,<Residue LYS het=  resseq=194 icode= >,2c9l_Y_B,2.25
176,17.73,LYS, ,CB,39.86,7.23,0.0,2.82,1.0,<Residue LYS het=  resseq=194 icode= >,2c9l_Y_B,2.25
177,15.217,LYS, ,CG,48.84,5.96,0.0,1.87,1.0,<Residue LYS het=  resseq=194 icode= >,2c9l_Y_B,2.25
178,13.146,LYS, ,CD,56.08,5.17,0.0,1.51,1.0,<Residue LYS het=  resseq=194 icode= >,2c9l_Y_B,2.25
179,40.116,LYS, ,CE,62.9,3.84,17.896,1.18,1.0,<Residue LYS het=  resseq=194 icode= >,2c9l_Y_B,2.25
180,44.271,LYS, ,NZ,62.52,3.52,14.704,1.19,1.0,<Residue LYS het=  resseq=194 icode= >,2c9l_Y_B,2.25
181,0.517,GLN, ,N,27.28,10.30,0.0,4.19,1.0,<Residue GLN het=  resseq=195 icode= >,2c9l_Y_B,2.25
182,5.551,GLN, ,CA,35.26,11.05,0.0,3.58,1.0,<Residue GLN het=  resseq=195 icode= >,2c9l_Y_B,2.25
183,0.0,GLN, ,C,37.74,11.07,0.0,4.13,1.0,<Residue GLN het=  resseq=195 icode= >,2c9l_Y_B,2.25
184,1.378,GLN, ,O,33.3,12.14,0.0,3.46,1.0,<Residue GLN het=  resseq=195 icode= >,2c9l_Y_B,2.25
185,28.987,GLN, ,CB,38.04,10.70,0.0,2.60,1.0,<Residue GLN het=  resseq=195 icode= >,2c9l_Y_B,2.25
186,10.946,GLN, ,CG,55.22,9.32,0.0,1.05,1.0,<Residue GLN het=  resseq=195 icode= >,2c9l_Y_B,2.25
187,5.399,GLN, ,CD,70.58,9.39,0.0,1.24,1.0,<Residue GLN het=  resseq=195 icode= >,2c9l_Y_B,2.25
188,14.672,GLN, ,OE1,53.93,8.51,0.0,1.37,1.0,<Residue GLN het=  resseq=195 icode= >,2c9l_Y_B,2.25
189,21.788,GLN, ,NE2,78.58,10.62,0.0,0.30,1.0,<Residue GLN het=  resseq=195 icode= >,2c9l_Y_B,2.25
190,0.0,LEU, ,N,29.61,10.02,0.0,3.83,1.0,<Residue LEU het=  resseq=196 icode= >,2c9l_Y_B,2.25
191,0.0,LEU, ,CA,33.91,9.85,0.0,3.38,1.0,<Residue LEU het=  resseq=196 icode= >,2c9l_Y_B,2.25
192,0.419,LEU, ,C,29.29,10.94,0.419,5.16,1.0,<Residue LEU het=  resseq=196 icode= >,2c9l_Y_B,2.25
193,0.0,LEU, ,O,22.9,11.70,0.0,4.34,1.0,<Residue LEU het=  resseq=196 icode= >,2c9l_Y_B,2.25
194,1.683,LEU, ,CB,39.3,8.47,1.683,2.20,1.0,<Residue LEU het=  resseq=196 icode= >,2c9l_Y_B,2.25
195,1.975,LEU, ,CG,55.28,8.14,1.975,2.15,1.0,<Residue LEU het=  resseq=196 icode= >,2c9l_Y_B,2.25
196,24.584,LEU, ,CD1,40.84,8.53,0.281,1.52,1.0,<Residue LEU het=  resseq=196 icode= >,2c9l_Y_B,2.25
197,41.178,LEU, ,CD2,40.61,6.74,18.875,1.04,1.0,<Residue LEU het=  resseq=196 icode= >,2c9l_Y_B,2.25
198,0.622,LEU, ,N,23.93,11.20,0.622,4.09,1.0,<Residue LEU het=  resseq=197 icode= >,2c9l_Y_B,2.25
199,4.228,LEU, ,CA,34.29,11.64,4.228,3.30,1.0,<Residue LEU het=  resseq=197 icode= >,2c9l_Y_B,2.25
200,0.0,LEU, ,C,38.35,11.96,0.0,3.81,1.0,<Residue LEU het=  resseq=197 icode= >,2c9l_Y_B,2.25
201,0.085,LEU, ,O,31.01,12.64,0.085,3.54,1.0,<Residue LEU het=  resseq=197 icode= >,2c9l_Y_B,2.25
202,0.475,LEU, ,CB,27.14,10.26,0.475,3.07,1.0,<Residue LEU het=  resseq=197 icode= >,2c9l_Y_B,2.25
203,0.088,LEU, ,CG,37.53,10.20,0.0,2.88,1.0,<Residue LEU het=  resseq=197 icode= >,2c9l_Y_B,2.25
204,49.24,LEU, ,CD1,43.24,11.10,49.1,0.81,1.0,<Residue LEU het=  resseq=197 icode= >,2c9l_Y_B,2.25
205,45.6,LEU, ,CD2,42.94,8.82,13.9,1.28,1.0,<Residue LEU het=  resseq=197 icode= >,2c9l_Y_B,2.25
206,0.118,GLN, ,N,35.78,11.64,0.0,3.12,1.0,<Residue GLN het=  resseq=198 icode= >,2c9l_Y_B,2.25
207,2.534,GLN, ,CA,33.58,12.14,0.0,2.60,1.0,<Residue GLN het=  resseq=198 icode= >,2c9l_Y_B,2.25
208,0.0,GLN, ,C,30.14,13.66,0.0,4.33,1.0,<Residue GLN het=  resseq=198 icode= >,2c9l_Y_B,2.25
209,0.0,GLN, ,O,30.63,14.40,0.0,3.62,1.0,<Residue GLN het=  resseq=198 icode= >,2c9l_Y_B,2.25
210,6.74,GLN, ,CB,35.54,11.71,0.0,1.90,1.0,<Residue GLN het=  resseq=198 icode= >,2c9l_Y_B,2.25
211,35.217,GLN, ,CG,49.39,11.98,0.0,1.89,1.0,<Residue GLN het=  resseq=198 icode= >,2c9l_Y_B,2.25
212,5.089,GLN, ,CD,69.24,13.48,0.0,1.17,1.0,<Residue GLN het=  resseq=198 icode= >,2c9l_Y_B,2.25
213,20.05,GLN, ,OE1,77.75,14.19,0.0,0.54,1.0,<Residue GLN het=  resseq=198 icode= >,2c9l_Y_B,2.25
214,23.881,GLN, ,NE2,78.55,14.05,0.0,0.10,1.0,<Residue GLN het=  resseq=198 icode= >,2c9l_Y_B,2.25
215,0.0,HIS, ,N,27.75,14.19,0.0,3.73,1.0,<Residue HIS het=  resseq=199 icode= >,2c9l_Y_B,2.25
216,0.463,HIS, ,CA,30.85,14.65,0.0,3.40,1.0,<Residue HIS het=  resseq=199 icode= >,2c9l_Y_B,2.25
217,0.0,HIS, ,C,38.22,15.15,0.0,3.71,1.0,<Residue HIS het=  resseq=199 icode= >,2c9l_Y_B,2.25
218,0.0,HIS, ,O,32.91,16.23,0.0,2.39,1.0,<Residue HIS het=  resseq=199 icode= >,2c9l_Y_B,2.25
219,4.158,HIS, ,CB,29.4,13.51,0.0,2.95,1.0,<Residue HIS het=  resseq=199 icode= >,2c9l_Y_B,2.25
220,1.956,HIS, ,CG,44.28,13.89,0.0,3.09,1.0,<Residue HIS het=  resseq=199 icode= >,2c9l_Y_B,2.25
221,18.361,HIS, ,ND1,51.32,14.82,0.0,2.17,1.0,<Residue HIS het=  resseq=199 icode= >,2c9l_Y_B,2.25
222,4.017,HIS, ,CD2,45.67,13.64,0.0,2.56,1.0,<Residue HIS het=  resseq=199 icode= >,2c9l_Y_B,2.25
223,34.029,HIS, ,CE1,48.99,15.12,4.515,2.18,1.0,<Residue HIS het=  resseq=199 icode= >,2c9l_Y_B,2.25
224,19.749,HIS, ,NE2,49.22,14.45,8.854,2.31,1.0,<Residue HIS het=  resseq=199 icode= >,2c9l_Y_B,2.25
225,0.0,TYR, ,N,33.81,14.48,0.0,2.98,1.0,<Residue TYR het=  resseq=200 icode= >,2c9l_Y_B,2.25
226,0.0,TYR, ,CA,29.07,15.10,0.0,3.00,1.0,<Residue TYR het=  resseq=200 icode= >,2c9l_Y_B,2.25
227,1.277,TYR, ,C,31.51,16.38,1.277,4.44,1.0,<Residue TYR het=  resseq=200 icode= >,2c9l_Y_B,2.25
228,3.954,TYR, ,O,30.21,17.28,3.954,3.38,1.0,<Residue TYR het=  resseq=200 icode= >,2c9l_Y_B,2.25
229,20.223,TYR, ,CB,41.63,14.18,20.223,1.55,1.0,<Residue TYR het=  resseq=200 icode= >,2c9l_Y_B,2.25
230,2.555,TYR, ,CG,47.7,13.29,2.555,2.28,1.0,<Residue TYR het=  resseq=200 icode= >,2c9l_Y_B,2.25
231,12.137,TYR, ,CD1,53.13,13.96,12.137,1.89,1.0,<Residue TYR het=  resseq=200 icode= >,2c9l_Y_B,2.25
232,11.757,TYR, ,CD2,53.8,11.90,11.757,1.79,1.0,<Residue TYR het=  resseq=200 icode= >,2c9l_Y_B,2.25
233,24.832,TYR, ,CE1,63.84,13.37,11.462,1.61,1.0,<Residue TYR het=  resseq=200 icode= >,2c9l_Y_B,2.25
234,11.745,TYR, ,CE2,63.81,11.19,11.745,1.10,1.0,<Residue TYR het=  resseq=200 icode= >,2c9l_Y_B,2.25
235,5.211,TYR, ,CZ,62.24,12.00,5.056,2.02,1.0,<Residue TYR het=  resseq=200 icode= >,2c9l_Y_B,2.25
236,41.172,TYR, ,OH,73.03,11.58,12.559,1.17,1.0,<Residue TYR het=  resseq=200 icode= >,2c9l_Y_B,2.25
237,0.502,ARG, ,N,28.67,15.67,0.502,3.91,1.0,<Residue ARG het=  resseq=201 icode= >,2c9l_Y_B,2.25
238,7.141,ARG, ,CA,32.46,15.69,7.141,3.75,1.0,<Residue ARG het=  resseq=201 icode= >,2c9l_Y_B,2.25
239,0.839,ARG, ,C,37.31,16.81,0.0,3.74,1.0,<Residue ARG het=  resseq=201 icode= >,2c9l_Y_B,2.25
240,5.476,ARG, ,O,30.56,17.65,0.064,3.26,1.0,<Residue ARG het=  resseq=201 icode= >,2c9l_Y_B,2.25
241,0.76,ARG, ,CB,23.77,14.36,0.694,3.48,1.0,<Residue ARG het=  resseq=201 icode= >,2c9l_Y_B,2.25
242,17.818,ARG, ,CG,35.26,14.16,11.642,2.95,1.0,<Residue ARG het=  resseq=201 icode= >,2c9l_Y_B,2.25
243,20.87,ARG, ,CD,43.49,12.94,0.0,2.20,1.0,<Residue ARG het=  resseq=201 icode= >,2c9l_Y_B,2.25
244,14.835,ARG, ,NE,73.51,11.95,4.98,1.26,1.0,<Residue ARG het=  resseq=201 icode= >,2c9l_Y_B,2.25
245,7.429,ARG, ,CZ,80.9,12.09,2.906,0.79,1.0,<Residue ARG het=  resseq=201 icode= >,2c9l_Y_B,2.25
246,45.442,ARG, ,NH1,83.86,13.32,2.268,0.16,1.0,<Residue ARG het=  resseq=201 icode= >,2c9l_Y_B,2.25
247,58.844,ARG, ,NH2,80.67,11.13,15.485,0.77,1.0,<Residue ARG het=  resseq=201 icode= >,2c9l_Y_B,2.25
248,0.0,GLU, ,N,27.94,16.92,0.0,3.45,1.0,<Residue GLU het=  resseq=202 icode= >,2c9l_Y_B,2.25
249,4.865,GLU, ,CA,37.41,18.02,0.0,3.14,1.0,<Residue GLU het=  resseq=202 icode= >,2c9l_Y_B,2.25
250,0.683,GLU, ,C,32.9,19.36,0.0,3.96,1.0,<Residue GLU het=  resseq=202 icode= >,2c9l_Y_B,2.25
251,3.359,GLU, ,O,35.32,20.36,0.0,2.74,1.0,<Residue GLU het=  resseq=202 icode= >,2c9l_Y_B,2.25
252,14.691,GLU, ,CB,38.55,17.88,0.0,2.22,1.0,<Residue GLU het=  resseq=202 icode= >,2c9l_Y_B,2.25
253,11.799,GLU, ,CG,58.51,16.71,0.0,0.92,1.0,<Residue GLU het=  resseq=202 icode= >,2c9l_Y_B,2.25
254,6.183,GLU, ,CD,72.59,16.85,0.0,0.87,1.0,<Residue GLU het=  resseq=202 icode= >,2c9l_Y_B,2.25
255,19.368,GLU, ,OE1,77.85,17.12,0.0,0.53,1.0,<Residue GLU het=  resseq=202 icode= >,2c9l_Y_B,2.25
256,30.704,GLU, ,OE2,79.36,16.82,0.0,0.60,1.0,<Residue GLU het=  resseq=202 icode= >,2c9l_Y_B,2.25
257,0.01,VAL, ,N,25.24,1000.00,0.0,3.93,1.0,<Residue VAL het=  resseq=203 icode= >,2c9l_Y_B,2.25
258,0.653,VAL, ,CA,30.29,1000.00,0.0,3.47,1.0,<Residue VAL het=  resseq=203 icode= >,2c9l_Y_B,2.25
259,0.0,VAL, ,C,32.92,1000.00,0.0,4.38,1.0,<Residue VAL het=  resseq=203 icode= >,2c9l_Y_B,2.25
260,0.0,VAL, ,O,25.69,1000.00,0.0,4.08,1.0,<Residue VAL het=  resseq=203 icode= >,2c9l_Y_B,2.25
261,0.0,VAL, ,CB,40.47,1000.00,0.0,2.33,1.0,<Residue VAL het=  resseq=203 icode= >,2c9l_Y_B,2.25
262,23.78,VAL, ,CG1,42.18,1000.00,20.598,1.42,1.0,<Residue VAL het=  resseq=203 icode= >,2c9l_Y_B,2.25
263,27.0,VAL, ,CG2,44.8,1000.00,15.521,1.02,1.0,<Residue VAL het=  resseq=203 icode= >,2c9l_Y_B,2.25
264,0.406,ALA, ,N,24.17,1000.00,0.406,3.64,1.0,<Residue ALA het=  resseq=204 icode= >,2c9l_Y_B,2.25
265,9.258,ALA, ,CA,28.13,1000.00,9.258,3.00,1.0,<Residue ALA het=  resseq=204 icode= >,2c9l_Y_B,2.25
266,1.185,ALA, ,C,30.66,1000.00,0.126,4.23,1.0,<Residue ALA het=  resseq=204 icode= >,2c9l_Y_B,2.25
267,5.149,ALA, ,O,24.5,1000.00,4.901,3.72,1.0,<Residue ALA het=  resseq=204 icode= >,2c9l_Y_B,2.25
268,46.527,ALA, ,CB,21.7,1000.00,39.906,2.27,1.0,<Residue ALA het=  resseq=204 icode= >,2c9l_Y_B,2.25
269,0.472,ALA, ,N,28.56,1000.00,0.0,3.82,1.0,<Residue ALA het=  resseq=205 icode= >,2c9l_Y_B,2.25
270,7.795,ALA, ,CA,28.51,1000.00,0.0,3.37,1.0,<Residue ALA het=  resseq=205 icode= >,2c9l_Y_B,2.25
271,0.918,ALA, ,C,33.11,1000.00,0.0,4.18,1.0,<Residue ALA het=  resseq=205 icode= >,2c9l_Y_B,2.25
272,2.815,ALA, ,O,27.22,1000.00,0.0,3.49,1.0,<Residue ALA het=  resseq=205 icode= >,2c9l_Y_B,2.25
273,49.914,ALA, ,CB,29.74,1000.00,0.0,2.48,1.0,<Residue ALA het=  resseq=205 icode= >,2c9l_Y_B,2.25
274,0.796,ALA, ,N,25.62,1000.00,0.0,3.14,1.0,<Residue ALA het=  resseq=206 icode= >,2c9l_Y_B,2.25
275,6.646,ALA, ,CA,33.55,1000.00,0.0,2.72,1.0,<Residue ALA het=  resseq=206 icode= >,2c9l_Y_B,2.25
276,1.142,ALA, ,C,32.96,1000.00,1.142,4.09,1.0,<Residue ALA het=  resseq=206 icode= >,2c9l_Y_B,2.25
277,3.164,ALA, ,O,30.12,1000.00,1.139,3.37,1.0,<Residue ALA het=  resseq=206 icode= >,2c9l_Y_B,2.25
278,47.806,ALA, ,CB,25.91,1000.00,16.01,2.12,1.0,<Residue ALA het=  resseq=206 icode= >,2c9l_Y_B,2.25
279,0.0,LYS, ,N,31.83,1000.00,0.0,3.00,1.0,<Residue LYS het=  resseq=207 icode= >,2c9l_Y_B,2.25
280,0.258,LYS, ,CA,23.9,1000.00,0.258,3.51,1.0,<Residue LYS het=  resseq=207 icode= >,2c9l_Y_B,2.25
281,0.97,LYS, ,C,34.78,1000.00,0.97,4.03,1.0,<Residue LYS het=  resseq=207 icode= >,2c9l_Y_B,2.25
282,4.359,LYS, ,O,28.87,1000.00,4.359,3.53,1.0,<Residue LYS het=  resseq=207 icode= >,2c9l_Y_B,2.25
283,18.625,LYS, ,CB,34.32,1000.00,18.625,2.36,1.0,<Residue LYS het=  resseq=207 icode= >,2c9l_Y_B,2.25
284,8.492,LYS, ,CG,43.66,1000.00,8.492,1.69,1.0,<Residue LYS het=  resseq=207 icode= >,2c9l_Y_B,2.25
285,14.718,LYS, ,CD,56.5,1000.00,14.55,1.17,1.0,<Residue LYS het=  resseq=207 icode= >,2c9l_Y_B,2.25
286,34.325,LYS, ,CE,64.0,1000.00,33.909,0.38,1.0,<Residue LYS het=  resseq=207 icode= >,2c9l_Y_B,2.25
287,45.918,LYS, ,NZ,67.24,1000.00,36.284,0.65,1.0,<Residue LYS het=  resseq=207 icode= >,2c9l_Y_B,2.25
288,0.442,SER, ,N,28.99,1000.00,0.442,3.28,1.0,<Residue SER het=  resseq=208 icode= >,2c9l_Y_B,2.25
289,6.127,SER, ,CA,30.02,1000.00,6.127,3.20,1.0,<Residue SER het=  resseq=208 icode= >,2c9l_Y_B,2.25
290,0.225,SER, ,C,35.57,1000.00,0.0,3.61,1.0,<Residue SER het=  resseq=208 icode= >,2c9l_Y_B,2.25
291,0.198,SER, ,O,42.39,1000.00,0.0,2.01,1.0,<Residue SER het=  resseq=208 icode= >,2c9l_Y_B,2.25
292,12.757,SER, ,CB,30.67,1000.00,3.653,2.86,1.0,<Residue SER het=  resseq=208 icode= >,2c9l_Y_B,2.25
293,16.776,SER, ,OG,54.61,1000.00,4.274,0.89,1.0,<Residue SER het=  resseq=208 icode= >,2c9l_Y_B,2.25
294,0.487,SER, ,N,35.09,1000.00,0.0,3.23,1.0,<Residue SER het=  resseq=209 icode= >,2c9l_Y_B,2.25
295,4.384,SER, ,CA,45.88,1000.00,0.0,3.00,1.0,<Residue SER het=  resseq=209 icode= >,2c9l_Y_B,2.25
296,0.0,SER, ,C,43.27,1000.00,0.0,3.39,1.0,<Residue SER het=  resseq=209 icode= >,2c9l_Y_B,2.25
297,0.631,SER, ,O,44.98,1000.00,0.0,1.88,1.0,<Residue SER het=  resseq=209 icode= >,2c9l_Y_B,2.25
298,41.771,SER, ,CB,47.72,1000.00,0.0,2.03,1.0,<Residue SER het=  resseq=209 icode= >,2c9l_Y_B,2.25
299,13.437,SER, ,OG,74.28,1000.00,0.0,0.16,1.0,<Residue SER het=  resseq=209 icode= >,2c9l_Y_B,2.25
300,0.064,GLU, ,N,41.01,1000.00,0.0,3.30,1.0,<Residue GLU het=  resseq=210 icode= >,2c9l_Y_B,2.25
301,1.97,GLU, ,CA,41.24,1000.00,0.168,3.20,1.0,<Residue GLU het=  resseq=210 icode= >,2c9l_Y_B,2.25
302,0.0,GLU, ,C,34.59,1000.00,0.0,4.15,1.0,<Residue GLU het=  resseq=210 icode= >,2c9l_Y_B,2.25
303,0.0,GLU, ,O,34.93,1000.00,0.0,3.07,1.0,<Residue GLU het=  resseq=210 icode= >,2c9l_Y_B,2.25
304,8.088,GLU, ,CB,38.3,1000.00,2.708,2.09,1.0,<Residue GLU het=  resseq=210 icode= >,2c9l_Y_B,2.25
305,11.592,GLU, ,CG,54.61,1000.00,11.545,1.29,1.0,<Residue GLU het=  resseq=210 icode= >,2c9l_Y_B,2.25
306,7.301,GLU, ,CD,72.04,1000.00,7.301,1.39,1.0,<Residue GLU het=  resseq=210 icode= >,2c9l_Y_B,2.25
307,33.311,GLU, ,OE1,79.79,1000.00,32.265,0.37,1.0,<Residue GLU het=  resseq=210 icode= >,2c9l_Y_B,2.25
308,27.001,GLU, ,OE2,70.19,1000.00,24.403,1.31,1.0,<Residue GLU het=  resseq=210 icode= >,2c9l_Y_B,2.25
309,0.036,ASN, ,N,35.51,1000.00,0.036,2.89,1.0,<Residue ASN het=  resseq=211 icode= >,2c9l_Y_B,2.25
310,3.388,ASN, ,CA,35.39,1000.00,3.388,2.99,1.0,<Residue ASN het=  resseq=211 icode= >,2c9l_Y_B,2.25
311,0.0,ASN, ,C,38.78,1000.00,0.0,3.66,1.0,<Residue ASN het=  resseq=211 icode= >,2c9l_Y_B,2.25
312,0.352,ASN, ,O,42.43,1000.00,0.352,2.73,1.0,<Residue ASN het=  resseq=211 icode= >,2c9l_Y_B,2.25
313,8.62,ASN, ,CB,29.79,1000.00,8.263,2.22,1.0,<Residue ASN het=  resseq=211 icode= >,2c9l_Y_B,2.25
314,5.474,ASN, ,CG,41.01,1000.00,5.306,2.29,1.0,<Residue ASN het=  resseq=211 icode= >,2c9l_Y_B,2.25
315,3.852,ASN, ,OD1,51.65,1000.00,1.077,1.36,1.0,<Residue ASN het=  resseq=211 icode= >,2c9l_Y_B,2.25
316,42.933,ASN, ,ND2,42.18,1000.00,42.933,1.70,1.0,<Residue ASN het=  resseq=211 icode= >,2c9l_Y_B,2.25
317,0.0,ASP, ,N,31.56,1000.00,0.0,3.53,1.0,<Residue ASP het=  resseq=212 icode= >,2c9l_Y_B,2.25
318,0.104,ASP, ,CA,41.66,1000.00,0.0,2.92,1.0,<Residue ASP het=  resseq=212 icode= >,2c9l_Y_B,2.25
319,0.974,ASP, ,C,41.27,1000.00,0.0,3.66,1.0,<Residue ASP het=  resseq=212 icode= >,2c9l_Y_B,2.25
320,5.665,ASP, ,O,40.03,1000.00,0.0,2.31,1.0,<Residue ASP het=  resseq=212 icode= >,2c9l_Y_B,2.25
321,20.306,ASP, ,CB,46.43,1000.00,0.0,2.09,1.0,<Residue ASP het=  resseq=212 icode= >,2c9l_Y_B,2.25
322,5.843,ASP, ,CG,63.54,1000.00,0.0,1.71,1.0,<Residue ASP het=  resseq=212 icode= >,2c9l_Y_B,2.25
323,32.608,ASP, ,OD1,64.23,1000.00,0.0,1.19,1.0,<Residue ASP het=  resseq=212 icode= >,2c9l_Y_B,2.25
324,5.43,ASP, ,OD2,60.13,1000.00,0.0,1.09,1.0,<Residue ASP het=  resseq=212 icode= >,2c9l_Y_B,2.25
325,0.0,ARG, ,N,29.41,1000.00,0.0,4.31,1.0,<Residue ARG het=  resseq=213 icode= >,2c9l_Y_B,2.25
326,4.175,ARG, ,CA,32.03,1000.00,0.0,3.98,1.0,<Residue ARG het=  resseq=213 icode= >,2c9l_Y_B,2.25
327,1.035,ARG, ,C,32.67,1000.00,1.035,4.85,1.0,<Residue ARG het=  resseq=213 icode= >,2c9l_Y_B,2.25
328,3.353,ARG, ,O,36.15,1000.00,0.957,3.24,1.0,<Residue ARG het=  resseq=213 icode= >,2c9l_Y_B,2.25
329,8.119,ARG, ,CB,49.37,1000.00,7.557,1.90,1.0,<Residue ARG het=  resseq=213 icode= >,2c9l_Y_B,2.25
330,17.554,ARG, ,CG,58.12,1000.00,0.0,1.56,1.0,<Residue ARG het=  resseq=213 icode= >,2c9l_Y_B,2.25
331,25.761,ARG, ,CD,67.37,1000.00,4.591,1.75,1.0,<Residue ARG het=  resseq=213 icode= >,2c9l_Y_B,2.25
332,9.545,ARG, ,NE,76.45,1000.00,2.354,1.46,1.0,<Residue ARG het=  resseq=213 icode= >,2c9l_Y_B,2.25
333,8.449,ARG, ,CZ,76.27,1000.00,4.351,1.58,1.0,<Residue ARG het=  resseq=213 icode= >,2c9l_Y_B,2.25
334,50.214,ARG, ,NH1,80.81,1000.00,8.529,0.77,1.0,<Residue ARG het=  resseq=213 icode= >,2c9l_Y_B,2.25
335,59.377,ARG, ,NH2,82.18,1000.00,24.057,0.45,1.0,<Residue ARG het=  resseq=213 icode= >,2c9l_Y_B,2.25
336,0.021,LEU, ,N,26.6,1000.00,0.021,3.86,1.0,<Residue LEU het=  resseq=214 icode= >,2c9l_Y_B,2.25
337,0.644,LEU, ,CA,36.64,1000.00,0.644,3.32,1.0,<Residue LEU het=  resseq=214 icode= >,2c9l_Y_B,2.25
338,1.132,LEU, ,C,37.51,1000.00,1.132,3.74,1.0,<Residue LEU het=  resseq=214 icode= >,2c9l_Y_B,2.25
339,2.884,LEU, ,O,40.26,1000.00,2.154,2.65,1.0,<Residue LEU het=  resseq=214 icode= >,2c9l_Y_B,2.25
340,12.486,LEU, ,CB,27.46,1000.00,12.002,2.11,1.0,<Residue LEU het=  resseq=214 icode= >,2c9l_Y_B,2.25
341,3.978,LEU, ,CG,43.28,1000.00,3.978,2.29,1.0,<Residue LEU het=  resseq=214 icode= >,2c9l_Y_B,2.25
342,26.865,LEU, ,CD1,37.44,1000.00,26.865,1.00,1.0,<Residue LEU het=  resseq=214 icode= >,2c9l_Y_B,2.25
343,53.997,LEU, ,CD2,25.62,1000.00,53.872,1.99,1.0,<Residue LEU het=  resseq=214 icode= >,2c9l_Y_B,2.25
344,0.001,ARG, ,N,35.13,1000.00,0.001,3.53,1.0,<Residue ARG het=  resseq=215 icode= >,2c9l_Y_B,2.25
345,0.878,ARG, ,CA,37.53,1000.00,0.878,3.02,1.0,<Residue ARG het=  resseq=215 icode= >,2c9l_Y_B,2.25
346,1.113,ARG, ,C,40.09,1000.00,0.0,3.96,1.0,<Residue ARG het=  resseq=215 icode= >,2c9l_Y_B,2.25
347,2.574,ARG, ,O,36.36,1000.00,0.0,2.98,1.0,<Residue ARG het=  resseq=215 icode= >,2c9l_Y_B,2.25
348,6.293,ARG, ,CB,27.84,1000.00,0.0,2.56,1.0,<Residue ARG het=  resseq=215 icode= >,2c9l_Y_B,2.25
349,7.261,ARG, ,CG,46.72,1000.00,7.261,1.59,1.0,<Residue ARG het=  resseq=215 icode= >,2c9l_Y_B,2.25
350,0.243,ARG, ,CD,31.59,1000.00,0.0,2.93,1.0,<Residue ARG het=  resseq=215 icode= >,2c9l_Y_B,2.25
351,0.0,ARG, ,NE,29.07,1000.00,0.0,3.52,1.0,<Residue ARG het=  resseq=215 icode= >,2c9l_Y_B,2.25
352,1.538,ARG, ,CZ,43.58,1000.00,1.538,3.61,1.0,<Residue ARG het=  resseq=215 icode= >,2c9l_Y_B,2.25
353,0.245,ARG, ,NH1,50.38,1000.00,0.245,1.81,1.0,<Residue ARG het=  resseq=215 icode= >,2c9l_Y_B,2.25
354,3.706,ARG, ,NH2,43.28,1000.00,3.706,2.13,1.0,<Residue ARG het=  resseq=215 icode= >,2c9l_Y_B,2.25
355,0.222,LEU, ,N,34.63,1000.00,0.0,4.04,1.0,<Residue LEU het=  resseq=216 icode= >,2c9l_Y_B,2.25
356,1.748,LEU, ,CA,42.36,1000.00,0.0,3.20,1.0,<Residue LEU het=  resseq=216 icode= >,2c9l_Y_B,2.25
357,0.0,LEU, ,C,42.03,1000.00,0.0,3.69,1.0,<Residue LEU het=  resseq=216 icode= >,2c9l_Y_B,2.25
358,0.0,LEU, ,O,35.53,1000.00,0.0,2.58,1.0,<Residue LEU het=  resseq=216 icode= >,2c9l_Y_B,2.25
359,3.897,LEU, ,CB,34.65,1000.00,0.0,2.65,1.0,<Residue LEU het=  resseq=216 icode= >,2c9l_Y_B,2.25
360,0.587,LEU, ,CG,55.01,1000.00,0.0,1.78,1.0,<Residue LEU het=  resseq=216 icode= >,2c9l_Y_B,2.25
361,47.156,LEU, ,CD1,59.36,1000.00,0.0,0.22,1.0,<Residue LEU het=  resseq=216 icode= >,2c9l_Y_B,2.25
362,60.385,LEU, ,CD2,56.94,1000.00,0.0,0.44,1.0,<Residue LEU het=  resseq=216 icode= >,2c9l_Y_B,2.25
363,0.574,LEU, ,N,37.73,1000.00,0.0,2.92,1.0,<Residue LEU het=  resseq=217 icode= >,2c9l_Y_B,2.25
364,1.481,LEU, ,CA,42.55,1000.00,0.0,3.14,1.0,<Residue LEU het=  resseq=217 icode= >,2c9l_Y_B,2.25
365,0.0,LEU, ,C,38.6,1000.00,0.0,4.31,1.0,<Residue LEU het=  resseq=217 icode= >,2c9l_Y_B,2.25
366,0.0,LEU, ,O,42.55,1000.00,0.0,3.41,1.0,<Residue LEU het=  resseq=217 icode= >,2c9l_Y_B,2.25
367,6.616,LEU, ,CB,38.94,1000.00,2.798,2.58,1.0,<Residue LEU het=  resseq=217 icode= >,2c9l_Y_B,2.25
368,3.864,LEU, ,CG,52.11,1000.00,3.864,1.94,1.0,<Residue LEU het=  resseq=217 icode= >,2c9l_Y_B,2.25
369,25.365,LEU, ,CD1,44.08,1000.00,11.649,0.97,1.0,<Residue LEU het=  resseq=217 icode= >,2c9l_Y_B,2.25
370,55.874,LEU, ,CD2,59.63,1000.00,55.845,0.27,1.0,<Residue LEU het=  resseq=217 icode= >,2c9l_Y_B,2.25
371,0.231,LEU, ,N,37.48,1000.00,0.231,3.34,1.0,<Residue LEU het=  resseq=218 icode= >,2c9l_Y_B,2.25
372,2.63,LEU, ,CA,41.81,1000.00,2.63,3.13,1.0,<Residue LEU het=  resseq=218 icode= >,2c9l_Y_B,2.25
373,0.0,LEU, ,C,43.84,1000.00,0.0,3.51,1.0,<Residue LEU het=  resseq=218 icode= >,2c9l_Y_B,2.25
374,0.0,LEU, ,O,40.26,1000.00,0.0,2.59,1.0,<Residue LEU het=  resseq=218 icode= >,2c9l_Y_B,2.25
375,3.911,LEU, ,CB,44.07,1000.00,3.518,2.51,1.0,<Residue LEU het=  resseq=218 icode= >,2c9l_Y_B,2.25
376,0.0,LEU, ,CG,55.93,1000.00,0.0,2.07,1.0,<Residue LEU het=  resseq=218 icode= >,2c9l_Y_B,2.25
377,32.141,LEU, ,CD1,50.2,1000.00,32.141,0.98,1.0,<Residue LEU het=  resseq=218 icode= >,2c9l_Y_B,2.25
378,28.569,LEU, ,CD2,51.22,1000.00,28.182,0.84,1.0,<Residue LEU het=  resseq=218 icode= >,2c9l_Y_B,2.25
379,0.0,LYS, ,N,45.32,1000.00,0.0,2.21,1.0,<Residue LYS het=  resseq=219 icode= >,2c9l_Y_B,2.25
380,0.0,LYS, ,CA,41.96,1000.00,0.0,2.93,1.0,<Residue LYS het=  resseq=219 icode= >,2c9l_Y_B,2.25
381,0.496,LYS, ,C,37.74,1000.00,0.0,3.47,1.0,<Residue LYS het=  resseq=219 icode= >,2c9l_Y_B,2.25
382,1.348,LYS, ,O,39.33,1000.00,0.0,2.30,1.0,<Residue LYS het=  resseq=219 icode= >,2c9l_Y_B,2.25
383,2.312,LYS, ,CB,42.2,1000.00,0.0,2.41,1.0,<Residue LYS het=  resseq=219 icode= >,2c9l_Y_B,2.25
384,23.917,LYS, ,CG,54.85,1000.00,0.0,1.52,1.0,<Residue LYS het=  resseq=219 icode= >,2c9l_Y_B,2.25
385,4.427,LYS, ,CD,52.06,1000.00,0.0,1.76,1.0,<Residue LYS het=  resseq=219 icode= >,2c9l_Y_B,2.25
386,32.21,LYS, ,CE,47.06,1000.00,0.0,1.96,1.0,<Residue LYS het=  resseq=219 icode= >,2c9l_Y_B,2.25
387,16.933,LYS, ,NZ,49.85,1000.00,0.0,1.97,1.0,<Residue LYS het=  resseq=219 icode= >,2c9l_Y_B,2.25
388,0.12,GLN, ,N,36.07,1000.00,0.0,2.68,1.0,<Residue GLN het=  resseq=220 icode= >,2c9l_Y_B,2.25
389,8.37,GLN, ,CA,43.83,1000.00,0.0,2.74,1.0,<Residue GLN het=  resseq=220 icode= >,2c9l_Y_B,2.25
390,0.193,GLN, ,C,53.2,1000.00,0.0,2.68,1.0,<Residue GLN het=  resseq=220 icode= >,2c9l_Y_B,2.25
391,15.352,GLN, ,O,47.86,1000.00,0.0,1.75,1.0,<Residue GLN het=  resseq=220 icode= >,2c9l_Y_B,2.25
392,8.94,GLN, ,CB,47.22,1000.00,0.0,2.69,1.0,<Residue GLN het=  resseq=220 icode= >,2c9l_Y_B,2.25
393,10.214,GLN, ,CG,62.94,1000.00,0.0,1.44,1.0,<Residue GLN het=  resseq=220 icode= >,2c9l_Y_B,2.25
394,5.16,GLN, ,CD,68.5,1000.00,0.0,1.90,1.0,<Residue GLN het=  resseq=220 icode= >,2c9l_Y_B,2.25
395,21.299,GLN, ,OE1,82.03,1000.00,0.0,0.53,1.0,<Residue GLN het=  resseq=220 icode= >,2c9l_Y_B,2.25
396,50.115,GLN, ,NE2,72.07,1000.00,0.0,1.04,1.0,<Residue GLN het=  resseq=220 icode= >,2c9l_Y_B,2.25
397,0.0,MET, ,N,50.01,1000.00,0.0,2.46,1.0,<Residue MET het=  resseq=221 icode= >,2c9l_Y_B,2.25
398,3.26,MET, ,CA,53.62,1000.00,0.0,2.83,1.0,<Residue MET het=  resseq=221 icode= >,2c9l_Y_B,2.25
399,0.0,MET, ,C,56.91,1000.00,0.0,2.70,1.0,<Residue MET het=  resseq=221 icode= >,2c9l_Y_B,2.25
400,23.337,MET, ,O,62.25,1000.00,0.861,1.75,1.0,<Residue MET het=  resseq=221 icode= >,2c9l_Y_B,2.25
401,10.642,MET, ,CB,50.54,1000.00,10.415,2.10,1.0,<Residue MET het=  resseq=221 icode= >,2c9l_Y_B,2.25
402,10.277,MET, ,CG,54.12,1000.00,10.277,1.96,1.0,<Residue MET het=  resseq=221 icode= >,2c9l_Y_B,2.25
403,21.995,MET, ,SD,63.94,1000.00,0.394,3.11,1.0,<Residue MET het=  resseq=221 icode= >,2c9l_Y_B,2.25
404,71.795,MET, ,CE,67.42,1000.00,23.964,0.66,1.0,<Residue MET het=  resseq=221 icode= >,2c9l_Y_B,2.25
405,0.0,CYS, ,N,50.53,1000.00,0.0,2.56,1.0,<Residue CYS het=  resseq=222 icode= >,2c9l_Y_B,2.25
406,3.431,CYS, ,CA,45.81,1000.00,0.0,2.36,1.0,<Residue CYS het=  resseq=222 icode= >,2c9l_Y_B,2.25
407,0.0,CYS, ,C,51.86,1000.00,0.0,3.03,1.0,<Residue CYS het=  resseq=222 icode= >,2c9l_Y_B,2.25
408,0.0,CYS, ,O,46.34,1000.00,0.0,2.65,1.0,<Residue CYS het=  resseq=222 icode= >,2c9l_Y_B,2.25
409,5.103,CYS, ,CB,45.29,1000.00,1.113,1.81,1.0,<Residue CYS het=  resseq=222 icode= >,2c9l_Y_B,2.25
410,42.99,CYS, ,SG,58.53,1000.00,32.025,3.17,1.0,<Residue CYS het=  resseq=222 icode= >,2c9l_Y_B,2.25
411,0.0,PRO, ,N,51.31,1000.00,0.0,2.60,1.0,<Residue PRO het=  resseq=223 icode= >,2c9l_Y_B,2.25
412,1.923,PRO, ,CA,51.94,1000.00,0.0,2.25,1.0,<Residue PRO het=  resseq=223 icode= >,2c9l_Y_B,2.25
413,0.942,PRO, ,C,49.66,1000.00,0.0,3.30,1.0,<Residue PRO het=  resseq=223 icode= >,2c9l_Y_B,2.25
414,17.2,PRO, ,O,55.54,1000.00,0.0,2.09,1.0,<Residue PRO het=  resseq=223 icode= >,2c9l_Y_B,2.25
415,35.439,PRO, ,CB,49.94,1000.00,0.0,1.91,1.0,<Residue PRO het=  resseq=223 icode= >,2c9l_Y_B,2.25
416,27.972,PRO, ,CG,57.32,1000.00,0.0,1.81,1.0,<Residue PRO het=  resseq=223 icode= >,2c9l_Y_B,2.25
417,13.998,PRO, ,CD,51.12,1000.00,0.0,1.91,1.0,<Residue PRO het=  resseq=223 icode= >,2c9l_Y_B,2.25
418,0.12,SER, ,N,55.94,1000.00,0.0,2.24,1.0,<Residue SER het=  resseq=224 icode= >,2c9l_Y_B,2.25
419,9.866,SER, ,CA,62.98,1000.00,0.0,1.79,1.0,<Residue SER het=  resseq=224 icode= >,2c9l_Y_B,2.25
420,3.846,SER, ,C,62.95,1000.00,0.0,2.72,1.0,<Residue SER het=  resseq=224 icode= >,2c9l_Y_B,2.25
421,27.286,SER, ,O,68.74,1000.00,0.0,1.09,1.0,<Residue SER het=  resseq=224 icode= >,2c9l_Y_B,2.25
422,45.11,SER, ,CB,69.1,1000.00,0.0,1.34,1.0,<Residue SER het=  resseq=224 icode= >,2c9l_Y_B,2.25
423,29.926,SER, ,OG,78.15,1000.00,0.0,1.20,1.0,<Residue SER het=  resseq=224 icode= >,2c9l_Y_B,2.25
424,0.0,LEU, ,N,56.24,1000.00,0.0,2.46,1.0,<Residue LEU het=  resseq=225 icode= >,2c9l_Y_B,2.25
425,0.418,LEU, ,CA,56.29,1000.00,0.0,2.13,1.0,<Residue LEU het=  resseq=225 icode= >,2c9l_Y_B,2.25
426,0.662,LEU, ,C,57.59,1000.00,0.0,2.52,1.0,<Residue LEU het=  resseq=225 icode= >,2c9l_Y_B,2.25
427,0.0,LEU, ,O,49.56,1000.00,0.0,2.56,1.0,<Residue LEU het=  resseq=225 icode= >,2c9l_Y_B,2.25
428,3.16,LEU, ,CB,51.8,1000.00,0.808,2.04,1.0,<Residue LEU het=  resseq=225 icode= >,2c9l_Y_B,2.25
429,0.0,LEU, ,CG,57.03,1000.00,0.0,2.17,1.0,<Residue LEU het=  resseq=225 icode= >,2c9l_Y_B,2.25
430,36.616,LEU, ,CD1,59.06,1000.00,7.796,0.82,1.0,<Residue LEU het=  resseq=225 icode= >,2c9l_Y_B,2.25
431,20.183,LEU, ,CD2,57.45,1000.00,20.033,0.58,1.0,<Residue LEU het=  resseq=225 icode= >,2c9l_Y_B,2.25
432,3.708,ASP, ,N,52.88,1000.00,0.0,1.68,1.0,<Residue ASP het=  resseq=226 icode= >,2c9l_Y_B,2.25
433,0.839,ASP, ,CA,51.68,1000.00,0.0,1.96,1.0,<Residue ASP het=  resseq=226 icode= >,2c9l_Y_B,2.25
434,0.0,ASP, ,C,48.73,1000.00,0.0,2.88,1.0,<Residue ASP het=  resseq=226 icode= >,2c9l_Y_B,2.25
435,0.0,ASP, ,O,49.15,1000.00,0.0,1.96,1.0,<Residue ASP het=  resseq=226 icode= >,2c9l_Y_B,2.25
436,26.894,ASP, ,CB,51.8,1000.00,0.0,1.54,1.0,<Residue ASP het=  resseq=226 icode= >,2c9l_Y_B,2.25
437,6.57,ASP, ,CG,53.55,1000.00,0.0,2.64,1.0,<Residue ASP het=  resseq=226 icode= >,2c9l_Y_B,2.25
438,6.156,ASP, ,OD1,42.88,1000.00,0.0,2.39,1.0,<Residue ASP het=  resseq=226 icode= >,2c9l_Y_B,2.25
439,34.098,ASP, ,OD2,58.72,1000.00,0.0,1.27,1.0,<Residue ASP het=  resseq=226 icode= >,2c9l_Y_B,2.25
440,0.875,VAL, ,N,43.79,1000.00,0.0,3.19,1.0,<Residue VAL het=  resseq=227 icode= >,2c9l_Y_B,2.25
441,0.028,VAL, ,CA,50.9,1000.00,0.028,2.82,1.0,<Residue VAL het=  resseq=227 icode= >,2c9l_Y_B,2.25
442,0.0,VAL, ,C,52.16,1000.00,0.0,3.24,1.0,<Residue VAL het=  resseq=227 icode= >,2c9l_Y_B,2.25
443,0.0,VAL, ,O,55.25,1000.00,0.0,2.14,1.0,<Residue VAL het=  resseq=227 icode= >,2c9l_Y_B,2.25
444,2.959,VAL, ,CB,49.5,1000.00,0.0,2.12,1.0,<Residue VAL het=  resseq=227 icode= >,2c9l_Y_B,2.25
445,3.066,VAL, ,CG1,41.75,1000.00,3.066,0.99,1.0,<Residue VAL het=  resseq=227 icode= >,2c9l_Y_B,2.25
446,0.27,VAL, ,CG2,50.54,1000.00,0.0,1.12,1.0,<Residue VAL het=  resseq=227 icode= >,2c9l_Y_B,2.25
447,0.0,ASP, ,N,52.97,1000.00,0.0,3.06,1.0,<Residue ASP het=  resseq=228 icode= >,2c9l_Y_B,2.25
448,0.0,ASP, ,CA,54.44,1000.00,0.0,2.49,1.0,<Residue ASP het=  resseq=228 icode= >,2c9l_Y_B,2.25
449,0.965,ASP, ,C,58.47,1000.00,0.0,2.83,1.0,<Residue ASP het=  resseq=228 icode= >,2c9l_Y_B,2.25
450,8.971,ASP, ,O,52.79,1000.00,0.0,2.36,1.0,<Residue ASP het=  resseq=228 icode= >,2c9l_Y_B,2.25
451,23.243,ASP, ,CB,62.84,1000.00,0.0,1.45,1.0,<Residue ASP het=  resseq=228 icode= >,2c9l_Y_B,2.25
452,8.192,ASP, ,CG,61.85,1000.00,0.0,2.38,1.0,<Residue ASP het=  resseq=228 icode= >,2c9l_Y_B,2.25
453,28.354,ASP, ,OD1,70.27,1000.00,0.0,1.11,1.0,<Residue ASP het=  resseq=228 icode= >,2c9l_Y_B,2.25
454,5.367,ASP, ,OD2,71.12,1000.00,0.0,1.01,1.0,<Residue ASP het=  resseq=228 icode= >,2c9l_Y_B,2.25
455,0.0,SER, ,N,57.44,1000.00,0.0,2.57,1.0,<Residue SER het=  resseq=229 icode= >,2c9l_Y_B,2.25
456,9.002,SER, ,CA,62.73,1000.00,0.0,2.11,1.0,<Residue SER het=  resseq=229 icode= >,2c9l_Y_B,2.25
457,0.962,SER, ,C,64.46,1000.00,0.0,2.12,1.0,<Residue SER het=  resseq=229 icode= >,2c9l_Y_B,2.25
458,23.993,SER, ,O,68.46,1000.00,0.0,1.28,1.0,<Residue SER het=  resseq=229 icode= >,2c9l_Y_B,2.25
459,28.164,SER, ,CB,63.02,1000.00,0.0,1.34,1.0,<Residue SER het=  resseq=229 icode= >,2c9l_Y_B,2.25
460,18.719,SER, ,OG,76.98,1000.00,0.0,0.02,1.0,<Residue SER het=  resseq=229 icode= >,2c9l_Y_B,2.25
461,0.0,ILE, ,N,59.22,1000.00,0.0,2.13,1.0,<Residue ILE het=  resseq=230 icode= >,2c9l_Y_B,2.25
462,6.555,ILE, ,CA,58.87,1000.00,0.0,2.05,1.0,<Residue ILE het=  resseq=230 icode= >,2c9l_Y_B,2.25
463,0.0,ILE, ,C,58.39,1000.00,0.0,2.27,1.0,<Residue ILE het=  resseq=230 icode= >,2c9l_Y_B,2.25
464,17.98,ILE, ,O,61.45,1000.00,0.0,1.34,1.0,<Residue ILE het=  resseq=230 icode= >,2c9l_Y_B,2.25
465,0.445,ILE, ,CB,55.23,1000.00,0.445,2.04,1.0,<Residue ILE het=  resseq=230 icode= >,2c9l_Y_B,2.25
466,17.787,ILE, ,CG1,60.61,1000.00,0.0,1.49,1.0,<Residue ILE het=  resseq=230 icode= >,2c9l_Y_B,2.25
467,37.698,ILE, ,CG2,57.67,1000.00,10.78,0.95,1.0,<Residue ILE het=  resseq=230 icode= >,2c9l_Y_B,2.25
468,21.396,ILE, ,CD1,69.34,1000.00,8.32,0.18,1.0,<Residue ILE het=  resseq=230 icode= >,2c9l_Y_B,2.25
469,0.0,ILE, ,N,53.57,1000.00,0.0,2.29,1.0,<Residue ILE het=  resseq=231 icode= >,2c9l_Y_B,2.25
470,1.437,ILE, ,CA,54.95,1000.00,0.17,2.05,1.0,<Residue ILE het=  resseq=231 icode= >,2c9l_Y_B,2.25
471,0.0,ILE, ,C,55.8,1000.00,0.0,2.93,1.0,<Residue ILE het=  resseq=231 icode= >,2c9l_Y_B,2.25
472,0.0,ILE, ,O,53.04,1000.00,0.0,2.25,1.0,<Residue ILE het=  resseq=231 icode= >,2c9l_Y_B,2.25
473,0.225,ILE, ,CB,58.97,1000.00,0.225,1.72,1.0,<Residue ILE het=  resseq=231 icode= >,2c9l_Y_B,2.25
474,10.945,ILE, ,CG1,50.93,1000.00,4.777,1.69,1.0,<Residue ILE het=  resseq=231 icode= >,2c9l_Y_B,2.25
475,35.551,ILE, ,CG2,56.19,1000.00,35.551,0.47,1.0,<Residue ILE het=  resseq=231 icode= >,2c9l_Y_B,2.25
476,57.323,ILE, ,CD1,51.48,1000.00,54.76,0.96,1.0,<Residue ILE het=  resseq=231 icode= >,2c9l_Y_B,2.25
477,0.0,PRO, ,N,58.01,1000.00,0.0,2.62,1.0,<Residue PRO het=  resseq=232 icode= >,2c9l_Y_B,2.25
478,0.611,PRO, ,CA,58.45,1000.00,0.0,1.79,1.0,<Residue PRO het=  resseq=232 icode= >,2c9l_Y_B,2.25
479,0.0,PRO, ,C,55.7,1000.00,0.0,2.66,1.0,<Residue PRO het=  resseq=232 icode= >,2c9l_Y_B,2.25
480,7.403,PRO, ,O,54.58,1000.00,5.792,1.87,1.0,<Residue PRO het=  resseq=232 icode= >,2c9l_Y_B,2.25
481,31.109,PRO, ,CB,65.15,1000.00,0.0,0.99,1.0,<Residue PRO het=  resseq=232 icode= >,2c9l_Y_B,2.25
482,39.663,PRO, ,CG,63.3,1000.00,2.923,1.08,1.0,<Residue PRO het=  resseq=232 icode= >,2c9l_Y_B,2.25
483,14.099,PRO, ,CD,54.51,1000.00,2.055,1.87,1.0,<Residue PRO het=  resseq=232 icode= >,2c9l_Y_B,2.25
484,4.508,ARG, ,N,51.93,1000.00,0.0,2.47,1.0,<Residue ARG het=  resseq=233 icode= >,2c9l_Y_B,2.25
485,0.628,ARG, ,CA,58.96,1000.00,0.628,2.54,1.0,<Residue ARG het=  resseq=233 icode= >,2c9l_Y_B,2.25
486,0.682,ARG, ,C,59.7,1000.00,0.0,2.72,1.0,<Residue ARG het=  resseq=233 icode= >,2c9l_Y_B,2.25
487,21.68,ARG, ,O,63.03,1000.00,0.0,1.21,1.0,<Residue ARG het=  resseq=233 icode= >,2c9l_Y_B,2.25
488,18.542,ARG, ,CB,60.89,1000.00,0.158,1.50,1.0,<Residue ARG het=  resseq=233 icode= >,2c9l_Y_B,2.25
489,0.506,ARG, ,CG,58.03,1000.00,0.12,1.95,1.0,<Residue ARG het=  resseq=233 icode= >,2c9l_Y_B,2.25
490,27.356,ARG, ,CD,65.06,1000.00,0.0,1.69,1.0,<Residue ARG het=  resseq=233 icode= >,2c9l_Y_B,2.25
491,5.293,ARG, ,NE,69.46,1000.00,0.0,2.12,1.0,<Residue ARG het=  resseq=233 icode= >,2c9l_Y_B,2.25
492,4.469,ARG, ,CZ,76.0,1000.00,0.0,2.23,1.0,<Residue ARG het=  resseq=233 icode= >,2c9l_Y_B,2.25
493,20.733,ARG, ,NH1,72.17,1000.00,0.0,1.19,1.0,<Residue ARG het=  resseq=233 icode= >,2c9l_Y_B,2.25
494,33.303,ARG, ,NH2,75.64,1000.00,0.0,0.82,1.0,<Residue ARG het=  resseq=233 icode= >,2c9l_Y_B,2.25
495,5.637,THR, ,N,61.0,1000.00,4.984,2.38,1.0,<Residue THR het=  resseq=234 icode= >,2c9l_Y_B,2.25
496,1.155,THR, ,CA,65.1,1000.00,0.0,2.01,1.0,<Residue THR het=  resseq=234 icode= >,2c9l_Y_B,2.25
497,2.097,THR, ,C,62.85,1000.00,0.0,2.48,1.0,<Residue THR het=  resseq=234 icode= >,2c9l_Y_B,2.25
498,11.409,THR, ,O,60.99,1000.00,5.085,1.71,1.0,<Residue THR het=  resseq=234 icode= >,2c9l_Y_B,2.25
499,15.925,THR, ,CB,66.21,1000.00,15.883,1.55,1.0,<Residue THR het=  resseq=234 icode= >,2c9l_Y_B,2.25
500,31.275,THR, ,OG1,71.44,1000.00,9.903,0.67,1.0,<Residue THR het=  resseq=234 icode= >,2c9l_Y_B,2.25
501,40.002,THR, ,CG2,68.43,1000.00,23.2,0.93,1.0,<Residue THR het=  resseq=234 icode= >,2c9l_Y_B,2.25
502,0.608,PRO, ,N,65.57,1000.00,0.0,2.34,1.0,<Residue PRO het=  resseq=235 icode= >,2c9l_Y_B,2.25
503,11.508,PRO, ,CA,67.71,1000.00,0.0,2.06,1.0,<Residue PRO het=  resseq=235 icode= >,2c9l_Y_B,2.25
504,1.158,PRO, ,C,72.6,1000.00,0.0,1.51,1.0,<Residue PRO het=  resseq=235 icode= >,2c9l_Y_B,2.25
505,8.433,PRO, ,O,67.22,1000.00,7.061,1.23,1.0,<Residue PRO het=  resseq=235 icode= >,2c9l_Y_B,2.25
506,33.557,PRO, ,CB,70.37,1000.00,0.0,1.00,1.0,<Residue PRO het=  resseq=235 icode= >,2c9l_Y_B,2.25
507,37.488,PRO, ,CG,69.35,1000.00,0.0,1.10,1.0,<Residue PRO het=  resseq=235 icode= >,2c9l_Y_B,2.25
508,26.047,PRO, ,CD,68.36,1000.00,0.0,1.06,1.0,<Residue PRO het=  resseq=235 icode= >,2c9l_Y_B,2.25
509,4.764,ASP, ,N,79.79,1000.00,0.0,0.75,1.0,<Residue ASP het=  resseq=236 icode= >,2c9l_Y_B,2.25
510,9.75,ASP, ,CA,79.62,1000.00,8.927,1.33,1.0,<Residue ASP het=  resseq=236 icode= >,2c9l_Y_B,2.25
511,12.656,ASP, ,C,80.29,1000.00,6.524,1.67,1.0,<Residue ASP het=  resseq=236 icode= >,2c9l_Y_B,2.25
512,34.411,ASP, ,O,79.17,1000.00,1.623,1.27,1.0,<Residue ASP het=  resseq=236 icode= >,2c9l_Y_B,2.25
513,32.271,ASP, ,CB,85.28,1000.00,2.687,0.57,1.0,<Residue ASP het=  resseq=236 icode= >,2c9l_Y_B,2.25
514,7.112,ASP, ,CG,89.06,1000.00,1.342,1.14,1.0,<Residue ASP het=  resseq=236 icode= >,2c9l_Y_B,2.25
515,15.802,ASP, ,OD1,91.95,1000.00,3.214,0.52,1.0,<Residue ASP het=  resseq=236 icode= >,2c9l_Y_B,2.25
516,13.833,ASP, ,OD2,86.68,1000.00,11.629,0.89,1.0,<Residue ASP het=  resseq=236 icode= >,2c9l_Y_B,2.25
517,38.462,ASP, ,OXT,83.59,1000.00,20.187,0.52,1.0,<Residue ASP het=  resseq=236 icode= >,2c9l_Y_B,2.25
