,ASA,aa,altloc,atom,bfac,d2r,dASA,dens,occ,residue,id,resolu
0,51.516,MET, ,N,51.61,1000.00,0.0,1.36,1.0,<Residue MET het=  resseq=-6 icode= >,2ccz_A_A,2.7
1,5.756,MET, ,CA,52.72,1000.00,0.0,0.96,1.0,<Residue MET het=  resseq=-6 icode= >,2ccz_A_A,2.7
2,1.648,MET, ,C,52.91,1000.00,0.0,1.35,1.0,<Residue MET het=  resseq=-6 icode= >,2ccz_A_A,2.7
3,26.381,MET, ,O,53.71,1000.00,0.0,0.77,1.0,<Residue MET het=  resseq=-6 icode= >,2ccz_A_A,2.7
4,56.727,MET, ,CB,52.59,1000.00,0.0,0.68,1.0,<Residue MET het=  resseq=-6 icode= >,2ccz_A_A,2.7
5,1.427,ASP, ,N,52.56,1000.00,0.0,1.49,1.0,<Residue ASP het=  resseq=-5 icode= >,2ccz_A_A,2.7
6,5.687,ASP, ,CA,52.71,1000.00,0.0,1.00,1.0,<Residue ASP het=  resseq=-5 icode= >,2ccz_A_A,2.7
7,2.039,ASP, ,C,52.58,1000.00,0.0,1.39,1.0,<Residue ASP het=  resseq=-5 icode= >,2ccz_A_A,2.7
8,5.719,ASP, ,O,53.63,1000.00,0.0,0.99,1.0,<Residue ASP het=  resseq=-5 icode= >,2ccz_A_A,2.7
9,58.105,ASP, ,CB,53.33,1000.00,0.0,-0.06,1.0,<Residue ASP het=  resseq=-5 icode= >,2ccz_A_A,2.7
10,0.096,PRO, ,N,51.74,1000.00,0.0,1.61,1.0,<Residue PRO het=  resseq=-4 icode= >,2ccz_A_A,2.7
11,11.364,PRO, ,CA,51.05,1000.00,0.0,1.22,1.0,<Residue PRO het=  resseq=-4 icode= >,2ccz_A_A,2.7
12,0.0,PRO, ,C,51.03,1000.00,0.0,1.29,1.0,<Residue PRO het=  resseq=-4 icode= >,2ccz_A_A,2.7
13,7.322,PRO, ,O,51.22,1000.00,0.0,1.21,1.0,<Residue PRO het=  resseq=-4 icode= >,2ccz_A_A,2.7
14,18.49,PRO, ,CB,50.41,1000.00,0.0,1.39,1.0,<Residue PRO het=  resseq=-4 icode= >,2ccz_A_A,2.7
15,43.118,PRO, ,CG,49.93,1000.00,0.0,1.35,1.0,<Residue PRO het=  resseq=-4 icode= >,2ccz_A_A,2.7
16,16.945,PRO, ,CD,50.67,1000.00,0.0,0.87,1.0,<Residue PRO het=  resseq=-4 icode= >,2ccz_A_A,2.7
17,0.0,ASN, ,N,50.08,1000.00,0.0,1.02,1.0,<Residue ASN het=  resseq=-3 icode= >,2ccz_A_A,2.7
18,0.0,ASN, ,CA,47.92,1000.00,0.0,1.44,1.0,<Residue ASN het=  resseq=-3 icode= >,2ccz_A_A,2.7
19,0.469,ASN, ,C,45.48,1000.00,0.0,2.87,1.0,<Residue ASN het=  resseq=-3 icode= >,2ccz_A_A,2.7
20,23.687,ASN, ,O,44.13,1000.00,0.0,2.22,1.0,<Residue ASN het=  resseq=-3 icode= >,2ccz_A_A,2.7
21,20.992,ASN, ,CB,48.92,1000.00,0.0,1.00,1.0,<Residue ASN het=  resseq=-3 icode= >,2ccz_A_A,2.7
22,5.622,ASN, ,CG,49.19,1000.00,0.0,1.85,1.0,<Residue ASN het=  resseq=-3 icode= >,2ccz_A_A,2.7
23,26.793,ASN, ,OD1,48.5,1000.00,0.0,1.24,1.0,<Residue ASN het=  resseq=-3 icode= >,2ccz_A_A,2.7
24,10.472,ASN, ,ND2,49.62,1000.00,0.0,0.85,1.0,<Residue ASN het=  resseq=-3 icode= >,2ccz_A_A,2.7
25,0.0,SER, ,N,43.73,1000.00,0.0,2.77,1.0,<Residue SER het=  resseq=-2 icode= >,2ccz_A_A,2.7
26,8.978,SER, ,CA,42.24,1000.00,0.0,2.61,1.0,<Residue SER het=  resseq=-2 icode= >,2ccz_A_A,2.7
27,4.526,SER, ,C,40.54,1000.00,0.01,2.16,1.0,<Residue SER het=  resseq=-2 icode= >,2ccz_A_A,2.7
28,24.351,SER, ,O,41.79,1000.00,20.083,1.13,1.0,<Residue SER het=  resseq=-2 icode= >,2ccz_A_A,2.7
29,23.383,SER, ,CB,42.44,1000.00,5.992,2.24,1.0,<Residue SER het=  resseq=-2 icode= >,2ccz_A_A,2.7
30,35.532,SER, ,OG,45.19,1000.00,12.486,1.44,1.0,<Residue SER het=  resseq=-2 icode= >,2ccz_A_A,2.7
31,0.339,LEU, ,N,38.88,1000.00,0.0,1.70,1.0,<Residue LEU het=  resseq=-1 icode= >,2ccz_A_A,2.7
32,6.937,LEU, ,CA,36.75,1000.00,4.772,2.31,1.0,<Residue LEU het=  resseq=-1 icode= >,2ccz_A_A,2.7
33,1.165,LEU, ,C,36.04,1000.00,1.16,2.98,1.0,<Residue LEU het=  resseq=-1 icode= >,2ccz_A_A,2.7
34,25.441,LEU, ,O,33.87,1000.00,24.788,2.01,1.0,<Residue LEU het=  resseq=-1 icode= >,2ccz_A_A,2.7
35,55.775,LEU, ,CB,35.7,1000.00,37.775,1.25,1.0,<Residue LEU het=  resseq=-1 icode= >,2ccz_A_A,2.7
36,0.614,MET, ,N,35.88,13.34,0.0,2.35,1.0,<Residue MET het=  resseq=1 icode= >,2ccz_A_A,2.7
37,6.913,MET, ,CA,37.6,12.58,6.913,3.09,1.0,<Residue MET het=  resseq=1 icode= >,2ccz_A_A,2.7
38,4.004,MET, ,C,37.77,13.39,1.156,3.50,1.0,<Residue MET het=  resseq=1 icode= >,2ccz_A_A,2.7
39,14.125,MET, ,O,37.24,13.41,5.934,2.52,1.0,<Residue MET het=  resseq=1 icode= >,2ccz_A_A,2.7
40,10.275,MET, ,CB,39.42,12.46,5.047,1.28,1.0,<Residue MET het=  resseq=1 icode= >,2ccz_A_A,2.7
41,11.292,MET, ,CG,43.14,11.60,10.085,0.70,1.0,<Residue MET het=  resseq=1 icode= >,2ccz_A_A,2.7
42,18.366,MET, ,SD,45.03,11.79,12.403,1.92,1.0,<Residue MET het=  resseq=1 icode= >,2ccz_A_A,2.7
43,59.203,MET, ,CE,43.45,10.35,40.241,0.88,1.0,<Residue MET het=  resseq=1 icode= >,2ccz_A_A,2.7
44,0.986,THR, ,N,36.93,1000.00,0.628,2.18,1.0,<Residue THR het=  resseq=2 icode= >,2ccz_A_A,2.7
45,2.618,THR, ,CA,35.21,1000.00,0.0,2.80,1.0,<Residue THR het=  resseq=2 icode= >,2ccz_A_A,2.7
46,0.084,THR, ,C,35.98,1000.00,0.084,2.91,1.0,<Residue THR het=  resseq=2 icode= >,2ccz_A_A,2.7
47,19.767,THR, ,O,36.5,1000.00,19.767,1.33,1.0,<Residue THR het=  resseq=2 icode= >,2ccz_A_A,2.7
48,19.848,THR, ,CB,34.48,1000.00,0.0,2.70,1.0,<Residue THR het=  resseq=2 icode= >,2ccz_A_A,2.7
49,28.239,THR, ,OG1,33.52,1000.00,17.115,2.01,1.0,<Residue THR het=  resseq=2 icode= >,2ccz_A_A,2.7
50,46.414,THR, ,CG2,33.8,1000.00,24.521,1.20,1.0,<Residue THR het=  resseq=2 icode= >,2ccz_A_A,2.7
51,0.0,ASN, ,N,35.18,19.02,0.0,2.22,1.0,<Residue ASN het=  resseq=3 icode= >,2ccz_A_A,2.7
52,6.229,ASN, ,CA,35.11,18.50,6.229,1.93,1.0,<Residue ASN het=  resseq=3 icode= >,2ccz_A_A,2.7
53,0.0,ASN, ,C,34.08,18.29,0.0,3.36,1.0,<Residue ASN het=  resseq=3 icode= >,2ccz_A_A,2.7
54,0.0,ASN, ,O,34.6,17.52,0.0,2.17,1.0,<Residue ASN het=  resseq=3 icode= >,2ccz_A_A,2.7
55,25.682,ASN, ,CB,35.03,17.32,25.682,1.15,1.0,<Residue ASN het=  resseq=3 icode= >,2ccz_A_A,2.7
56,4.826,ASN, ,CG,33.63,16.01,4.826,2.28,1.0,<Residue ASN het=  resseq=3 icode= >,2ccz_A_A,2.7
57,17.183,ASN, ,OD1,35.76,15.64,17.183,0.99,1.0,<Residue ASN het=  resseq=3 icode= >,2ccz_A_A,2.7
58,2.11,ASN, ,ND2,31.81,15.39,2.11,1.17,1.0,<Residue ASN het=  resseq=3 icode= >,2ccz_A_A,2.7
59,4.98,ARG, ,N,32.29,19.17,4.679,2.96,1.0,<Residue ARG het=  resseq=4 icode= >,2ccz_A_A,2.7
60,0.0,ARG, ,CA,31.59,19.36,0.0,2.89,1.0,<Residue ARG het=  resseq=4 icode= >,2ccz_A_A,2.7
61,1.199,ARG, ,C,29.37,19.54,0.941,4.31,1.0,<Residue ARG het=  resseq=4 icode= >,2ccz_A_A,2.7
62,27.125,ARG, ,O,28.1,20.26,26.867,2.71,1.0,<Residue ARG het=  resseq=4 icode= >,2ccz_A_A,2.7
63,20.676,ARG, ,CB,35.53,20.71,9.415,1.90,1.0,<Residue ARG het=  resseq=4 icode= >,2ccz_A_A,2.7
64,13.876,ARG, ,CG,40.72,20.77,0.0,1.66,1.0,<Residue ARG het=  resseq=4 icode= >,2ccz_A_A,2.7
65,27.533,ARG, ,CD,44.68,20.58,0.0,1.70,1.0,<Residue ARG het=  resseq=4 icode= >,2ccz_A_A,2.7
66,4.166,ARG, ,NE,48.95,19.20,0.0,1.75,1.0,<Residue ARG het=  resseq=4 icode= >,2ccz_A_A,2.7
67,3.885,ARG, ,CZ,51.01,18.90,0.0,1.55,1.0,<Residue ARG het=  resseq=4 icode= >,2ccz_A_A,2.7
68,30.09,ARG, ,NH1,50.68,19.92,0.0,0.81,1.0,<Residue ARG het=  resseq=4 icode= >,2ccz_A_A,2.7
69,20.584,ARG, ,NH2,50.21,17.67,11.497,1.40,1.0,<Residue ARG het=  resseq=4 icode= >,2ccz_A_A,2.7
70,0.0,LEU, ,N,28.07,18.50,0.0,2.40,1.0,<Residue LEU het=  resseq=5 icode= >,2ccz_A_A,2.7
71,0.796,LEU, ,CA,25.18,18.13,0.796,2.58,1.0,<Residue LEU het=  resseq=5 icode= >,2ccz_A_A,2.7
72,0.0,LEU, ,C,24.0,18.54,0.0,3.32,1.0,<Residue LEU het=  resseq=5 icode= >,2ccz_A_A,2.7
73,0.0,LEU, ,O,22.36,18.42,0.0,2.33,1.0,<Residue LEU het=  resseq=5 icode= >,2ccz_A_A,2.7
74,3.827,LEU, ,CB,26.07,16.64,3.827,1.54,1.0,<Residue LEU het=  resseq=5 icode= >,2ccz_A_A,2.7
75,4.638,LEU, ,CG,26.97,16.18,4.638,2.67,1.0,<Residue LEU het=  resseq=5 icode= >,2ccz_A_A,2.7
76,0.066,LEU, ,CD1,28.26,15.33,0.066,1.52,1.0,<Residue LEU het=  resseq=5 icode= >,2ccz_A_A,2.7
77,35.967,LEU, ,CD2,26.76,17.05,35.597,1.64,1.0,<Residue LEU het=  resseq=5 icode= >,2ccz_A_A,2.7
78,3.802,VAL, ,N,22.09,1000.00,3.802,2.29,1.0,<Residue VAL het=  resseq=6 icode= >,2ccz_A_A,2.7
79,0.0,VAL, ,CA,20.18,1000.00,0.0,2.40,1.0,<Residue VAL het=  resseq=6 icode= >,2ccz_A_A,2.7
80,0.0,VAL, ,C,18.46,1000.00,0.0,3.59,1.0,<Residue VAL het=  resseq=6 icode= >,2ccz_A_A,2.7
81,18.143,VAL, ,O,17.88,1000.00,18.143,3.01,1.0,<Residue VAL het=  resseq=6 icode= >,2ccz_A_A,2.7
82,10.025,VAL, ,CB,20.89,1000.00,9.201,1.95,1.0,<Residue VAL het=  resseq=6 icode= >,2ccz_A_A,2.7
83,30.222,VAL, ,CG1,19.75,1000.00,17.226,1.38,1.0,<Residue VAL het=  resseq=6 icode= >,2ccz_A_A,2.7
84,25.685,VAL, ,CG2,18.28,1000.00,3.332,1.08,1.0,<Residue VAL het=  resseq=6 icode= >,2ccz_A_A,2.7
85,0.0,LEU, ,N,17.6,16.20,0.0,2.98,1.0,<Residue LEU het=  resseq=7 icode= >,2ccz_A_A,2.7
86,1.17,LEU, ,CA,18.27,14.76,1.17,2.74,1.0,<Residue LEU het=  resseq=7 icode= >,2ccz_A_A,2.7
87,0.0,LEU, ,C,19.43,14.43,0.0,3.58,1.0,<Residue LEU het=  resseq=7 icode= >,2ccz_A_A,2.7
88,0.0,LEU, ,O,19.9,14.99,0.0,2.71,1.0,<Residue LEU het=  resseq=7 icode= >,2ccz_A_A,2.7
89,0.0,LEU, ,CB,13.23,14.13,0.0,2.34,1.0,<Residue LEU het=  resseq=7 icode= >,2ccz_A_A,2.7
90,0.0,LEU, ,CG,15.03,12.68,0.0,2.32,1.0,<Residue LEU het=  resseq=7 icode= >,2ccz_A_A,2.7
91,21.017,LEU, ,CD1,9.32,12.55,20.013,1.37,1.0,<Residue LEU het=  resseq=7 icode= >,2ccz_A_A,2.7
92,1.162,LEU, ,CD2,16.25,12.45,0.263,0.58,1.0,<Residue LEU het=  resseq=7 icode= >,2ccz_A_A,2.7
93,2.926,SER, ,N,20.6,13.72,2.926,2.65,1.0,<Residue SER het=  resseq=8 icode= >,2ccz_A_A,2.7
94,0.0,SER, ,CA,22.97,13.50,0.0,2.58,1.0,<Residue SER het=  resseq=8 icode= >,2ccz_A_A,2.7
95,0.967,SER, ,C,23.97,12.03,0.415,3.99,1.0,<Residue SER het=  resseq=8 icode= >,2ccz_A_A,2.7
96,0.078,SER, ,O,24.38,11.33,0.0,2.95,1.0,<Residue SER het=  resseq=8 icode= >,2ccz_A_A,2.7
97,34.761,SER, ,CB,22.72,13.82,33.224,2.02,1.0,<Residue SER het=  resseq=8 icode= >,2ccz_A_A,2.7
98,17.102,SER, ,OG,21.91,15.21,15.719,1.29,1.0,<Residue SER het=  resseq=8 icode= >,2ccz_A_A,2.7
99,2.259,GLY, ,N,25.08,11.68,0.0,3.21,1.0,<Residue GLY het=  resseq=9 icode= >,2ccz_A_A,2.7
100,10.595,GLY, ,CA,27.04,10.36,0.0,2.48,1.0,<Residue GLY het=  resseq=9 icode= >,2ccz_A_A,2.7
101,0.087,GLY, ,C,27.97,10.52,0.0,3.26,1.0,<Residue GLY het=  resseq=9 icode= >,2ccz_A_A,2.7
102,0.0,GLY, ,O,28.58,11.68,0.0,1.74,1.0,<Residue GLY het=  resseq=9 icode= >,2ccz_A_A,2.7
103,0.0,THR, ,N,27.65,9.49,0.0,2.09,1.0,<Residue THR het=  resseq=10 icode= >,2ccz_A_A,2.7
104,0.0,THR, ,CA,28.43,9.86,0.0,2.60,1.0,<Residue THR het=  resseq=10 icode= >,2ccz_A_A,2.7
105,0.0,THR, ,C,28.73,10.00,0.0,3.26,1.0,<Residue THR het=  resseq=10 icode= >,2ccz_A_A,2.7
106,0.0,THR, ,O,31.84,9.00,0.0,1.18,1.0,<Residue THR het=  resseq=10 icode= >,2ccz_A_A,2.7
107,2.785,THR, ,CB,27.94,9.00,0.0,2.41,1.0,<Residue THR het=  resseq=10 icode= >,2ccz_A_A,2.7
108,11.011,THR, ,OG1,27.69,7.76,0.0,1.51,1.0,<Residue THR het=  resseq=10 icode= >,2ccz_A_A,2.7
109,37.754,THR, ,CG2,27.69,8.90,0.0,1.27,1.0,<Residue THR het=  resseq=10 icode= >,2ccz_A_A,2.7
110,0.0,VAL, ,N,27.76,10.88,0.0,2.35,1.0,<Residue VAL het=  resseq=11 icode= >,2ccz_A_A,2.7
111,0.0,VAL, ,CA,29.51,10.64,0.0,2.01,1.0,<Residue VAL het=  resseq=11 icode= >,2ccz_A_A,2.7
112,0.0,VAL, ,C,30.86,9.72,0.0,2.24,1.0,<Residue VAL het=  resseq=11 icode= >,2ccz_A_A,2.7
113,1.06,VAL, ,O,31.0,10.00,0.0,1.31,1.0,<Residue VAL het=  resseq=11 icode= >,2ccz_A_A,2.7
114,0.0,VAL, ,CB,28.93,12.02,0.0,1.66,1.0,<Residue VAL het=  resseq=11 icode= >,2ccz_A_A,2.7
115,0.0,VAL, ,CG1,28.45,13.09,0.0,0.66,1.0,<Residue VAL het=  resseq=11 icode= >,2ccz_A_A,2.7
116,0.0,VAL, ,CG2,27.2,11.81,0.0,0.92,1.0,<Residue VAL het=  resseq=11 icode= >,2ccz_A_A,2.7
117,0.0,CYS, ,N,33.21,8.80,0.0,1.65,1.0,<Residue CYS het=  resseq=12 icode= >,2ccz_A_A,2.7
118,3.552,CYS, ,CA,35.47,8.05,0.0,1.44,1.0,<Residue CYS het=  resseq=12 icode= >,2ccz_A_A,2.7
119,0.0,CYS, ,C,35.68,7.88,0.0,2.12,1.0,<Residue CYS het=  resseq=12 icode= >,2ccz_A_A,2.7
120,22.378,CYS, ,O,35.53,7.46,0.0,2.17,1.0,<Residue CYS het=  resseq=12 icode= >,2ccz_A_A,2.7
121,27.536,CYS, ,CB,37.85,6.56,0.0,0.91,1.0,<Residue CYS het=  resseq=12 icode= >,2ccz_A_A,2.7
122,1.894,CYS, ,SG,41.84,6.51,0.0,2.43,1.0,<Residue CYS het=  resseq=12 icode= >,2ccz_A_A,2.7
123,0.0,ARG, ,N,35.45,8.50,0.0,1.53,1.0,<Residue ARG het=  resseq=13 icode= >,2ccz_A_A,2.7
124,2.19,ARG, ,CA,35.51,7.37,0.0,1.87,1.0,<Residue ARG het=  resseq=13 icode= >,2ccz_A_A,2.7
125,0.0,ARG, ,C,36.07,7.76,0.0,2.26,1.0,<Residue ARG het=  resseq=13 icode= >,2ccz_A_A,2.7
126,0.0,ARG, ,O,35.67,8.41,0.0,1.87,1.0,<Residue ARG het=  resseq=13 icode= >,2ccz_A_A,2.7
127,0.0,ARG, ,CB,35.02,6.52,0.0,0.87,1.0,<Residue ARG het=  resseq=13 icode= >,2ccz_A_A,2.7
128,23.936,ARG, ,CG,33.78,5.02,3.156,1.39,1.0,<Residue ARG het=  resseq=13 icode= >,2ccz_A_A,2.7
129,15.272,ARG, ,CD,33.19,5.09,0.0,1.11,1.0,<Residue ARG het=  resseq=13 icode= >,2ccz_A_A,2.7
130,17.004,ARG, ,NE,33.62,4.00,8.891,1.65,1.0,<Residue ARG het=  resseq=13 icode= >,2ccz_A_A,2.7
131,8.402,ARG, ,CZ,33.97,3.75,2.185,2.37,1.0,<Residue ARG het=  resseq=13 icode= >,2ccz_A_A,2.7
132,58.62,ARG, ,NH1,34.87,3.98,48.576,1.29,1.0,<Residue ARG het=  resseq=13 icode= >,2ccz_A_A,2.7
133,39.341,ARG, ,NH2,32.62,2.81,35.088,1.68,1.0,<Residue ARG het=  resseq=13 icode= >,2ccz_A_A,2.7
134,3.83,ALA, ,N,36.28,7.70,0.0,1.72,1.0,<Residue ALA het=  resseq=14 icode= >,2ccz_A_A,2.7
135,0.0,ALA, ,CA,35.44,8.39,0.0,1.81,1.0,<Residue ALA het=  resseq=14 icode= >,2ccz_A_A,2.7
136,0.179,ALA, ,C,35.46,8.10,0.0,2.23,1.0,<Residue ALA het=  resseq=14 icode= >,2ccz_A_A,2.7
137,6.345,ALA, ,O,36.13,7.05,0.0,1.26,1.0,<Residue ALA het=  resseq=14 icode= >,2ccz_A_A,2.7
138,43.404,ALA, ,CB,35.69,8.45,0.0,0.77,1.0,<Residue ALA het=  resseq=14 icode= >,2ccz_A_A,2.7
139,0.0,PRO, ,N,35.1,9.14,0.0,2.31,1.0,<Residue PRO het=  resseq=15 icode= >,2ccz_A_A,2.7
140,0.0,PRO, ,CA,34.8,8.98,0.0,2.29,1.0,<Residue PRO het=  resseq=15 icode= >,2ccz_A_A,2.7
141,0.728,PRO, ,C,35.59,8.10,0.0,2.35,1.0,<Residue PRO het=  resseq=15 icode= >,2ccz_A_A,2.7
142,12.819,PRO, ,O,35.2,8.60,0.0,1.66,1.0,<Residue PRO het=  resseq=15 icode= >,2ccz_A_A,2.7
143,0.0,PRO, ,CB,34.89,10.42,0.0,1.52,1.0,<Residue PRO het=  resseq=15 icode= >,2ccz_A_A,2.7
144,10.62,PRO, ,CG,35.95,11.10,0.0,1.68,1.0,<Residue PRO het=  resseq=15 icode= >,2ccz_A_A,2.7
145,3.242,PRO, ,CD,34.89,10.55,0.0,1.53,1.0,<Residue PRO het=  resseq=15 icode= >,2ccz_A_A,2.7
146,0.0,LEU, ,N,36.99,6.88,0.0,1.03,1.0,<Residue LEU het=  resseq=16 icode= >,2ccz_A_A,2.7
147,10.577,LEU, ,CA,36.87,5.97,0.0,1.57,1.0,<Residue LEU het=  resseq=16 icode= >,2ccz_A_A,2.7
148,0.405,LEU, ,C,37.13,6.53,0.0,2.19,1.0,<Residue LEU het=  resseq=16 icode= >,2ccz_A_A,2.7
149,5.378,LEU, ,O,36.57,6.37,0.0,1.70,1.0,<Residue LEU het=  resseq=16 icode= >,2ccz_A_A,2.7
150,51.514,LEU, ,CB,36.02,4.49,19.477,1.42,1.0,<Residue LEU het=  resseq=16 icode= >,2ccz_A_A,2.7
151,5.826,ARG, ,N,38.02,7.52,0.0,1.66,1.0,<Residue ARG het=  resseq=17 icode= >,2ccz_A_A,2.7
152,0.0,ARG, ,CA,40.02,8.36,0.0,1.66,1.0,<Residue ARG het=  resseq=17 icode= >,2ccz_A_A,2.7
153,1.225,ARG, ,C,39.91,8.02,0.0,3.10,1.0,<Residue ARG het=  resseq=17 icode= >,2ccz_A_A,2.7
154,23.443,ARG, ,O,40.32,7.63,0.0,1.74,1.0,<Residue ARG het=  resseq=17 icode= >,2ccz_A_A,2.7
155,22.233,ARG, ,CB,42.1,9.79,0.0,1.20,1.0,<Residue ARG het=  resseq=17 icode= >,2ccz_A_A,2.7
156,0.0,ARG, ,CG,44.25,10.49,0.0,1.76,1.0,<Residue ARG het=  resseq=17 icode= >,2ccz_A_A,2.7
157,17.34,ARG, ,CD,46.17,11.89,0.0,1.49,1.0,<Residue ARG het=  resseq=17 icode= >,2ccz_A_A,2.7
158,0.0,ARG, ,NE,48.76,12.65,0.0,1.08,1.0,<Residue ARG het=  resseq=17 icode= >,2ccz_A_A,2.7
159,0.94,ARG, ,CZ,49.25,12.46,0.0,1.49,1.0,<Residue ARG het=  resseq=17 icode= >,2ccz_A_A,2.7
160,18.338,ARG, ,NH1,49.42,11.49,0.0,0.49,1.0,<Residue ARG het=  resseq=17 icode= >,2ccz_A_A,2.7
161,3.017,ARG, ,NH2,49.95,13.38,0.0,0.66,1.0,<Residue ARG het=  resseq=17 icode= >,2ccz_A_A,2.7
162,0.126,LYS, ,N,40.8,7.64,0.0,2.65,1.0,<Residue LYS het=  resseq=18 icode= >,2ccz_A_A,2.7
163,6.378,LYS, ,CA,40.89,7.27,0.0,2.61,1.0,<Residue LYS het=  resseq=18 icode= >,2ccz_A_A,2.7
164,0.0,LYS, ,C,41.13,7.87,0.0,2.76,1.0,<Residue LYS het=  resseq=18 icode= >,2ccz_A_A,2.7
165,0.342,LYS, ,O,41.56,8.29,0.0,2.07,1.0,<Residue LYS het=  resseq=18 icode= >,2ccz_A_A,2.7
166,9.44,LYS, ,CB,41.49,5.80,0.195,1.53,1.0,<Residue LYS het=  resseq=18 icode= >,2ccz_A_A,2.7
167,13.499,LYS, ,CG,43.23,5.31,0.0,0.91,1.0,<Residue LYS het=  resseq=18 icode= >,2ccz_A_A,2.7
168,34.164,LYS, ,CD,41.93,3.84,17.794,1.09,1.0,<Residue LYS het=  resseq=18 icode= >,2ccz_A_A,2.7
169,46.598,LYS, ,CE,40.91,3.48,18.718,1.20,1.0,<Residue LYS het=  resseq=18 icode= >,2ccz_A_A,2.7
170,46.055,LYS, ,NZ,38.4,4.09,7.754,1.33,1.0,<Residue LYS het=  resseq=18 icode= >,2ccz_A_A,2.7
171,3.603,VAL, ,N,41.75,8.13,0.0,1.64,1.0,<Residue VAL het=  resseq=19 icode= >,2ccz_A_A,2.7
172,0.0,VAL, ,CA,42.95,9.09,0.0,1.63,1.0,<Residue VAL het=  resseq=19 icode= >,2ccz_A_A,2.7
173,0.783,VAL, ,C,43.86,7.73,0.0,2.33,1.0,<Residue VAL het=  resseq=19 icode= >,2ccz_A_A,2.7
174,19.583,VAL, ,O,44.57,7.79,0.0,1.56,1.0,<Residue VAL het=  resseq=19 icode= >,2ccz_A_A,2.7
175,9.81,VAL, ,CB,42.93,9.94,0.0,1.25,1.0,<Residue VAL het=  resseq=19 icode= >,2ccz_A_A,2.7
176,17.72,VAL, ,CG1,41.9,9.38,0.0,0.75,1.0,<Residue VAL het=  resseq=19 icode= >,2ccz_A_A,2.7
177,36.205,VAL, ,CG2,44.1,11.03,0.0,0.09,1.0,<Residue VAL het=  resseq=19 icode= >,2ccz_A_A,2.7
178,0.0,SER, ,N,44.08,6.68,0.0,2.08,1.0,<Residue SER het=  resseq=20 icode= >,2ccz_A_A,2.7
179,2.389,SER, ,CA,44.0,5.35,0.0,2.51,1.0,<Residue SER het=  resseq=20 icode= >,2ccz_A_A,2.7
180,0.196,SER, ,C,44.71,5.09,0.0,2.77,1.0,<Residue SER het=  resseq=20 icode= >,2ccz_A_A,2.7
181,0.0,SER, ,O,42.04,5.58,0.0,2.84,1.0,<Residue SER het=  resseq=20 icode= >,2ccz_A_A,2.7
182,32.77,SER, ,CB,44.23,4.45,18.791,1.43,1.0,<Residue SER het=  resseq=20 icode= >,2ccz_A_A,2.7
183,0.097,PRO, ,N,45.99,4.81,0.0,2.07,1.0,<Residue PRO het=  resseq=21 icode= >,2ccz_A_A,2.7
184,14.586,PRO, ,CA,47.86,5.10,0.0,1.38,1.0,<Residue PRO het=  resseq=21 icode= >,2ccz_A_A,2.7
185,1.744,PRO, ,C,49.22,5.55,0.0,1.99,1.0,<Residue PRO het=  resseq=21 icode= >,2ccz_A_A,2.7
186,28.109,PRO, ,O,50.06,6.70,0.0,1.54,1.0,<Residue PRO het=  resseq=21 icode= >,2ccz_A_A,2.7
187,32.914,PRO, ,CB,47.43,4.14,7.621,0.77,1.0,<Residue PRO het=  resseq=21 icode= >,2ccz_A_A,2.7
188,43.628,PRO, ,CG,46.74,3.94,19.588,0.91,1.0,<Residue PRO het=  resseq=21 icode= >,2ccz_A_A,2.7
189,23.011,PRO, ,CD,46.74,4.52,2.0,0.78,1.0,<Residue PRO het=  resseq=21 icode= >,2ccz_A_A,2.7
190,0.009,SER, ,N,50.25,4.96,0.009,1.91,1.0,<Residue SER het=  resseq=22 icode= >,2ccz_A_A,2.7
191,11.512,SER, ,CA,51.53,5.85,0.0,2.09,1.0,<Residue SER het=  resseq=22 icode= >,2ccz_A_A,2.7
192,3.135,SER, ,C,51.55,7.07,0.0,2.77,1.0,<Residue SER het=  resseq=22 icode= >,2ccz_A_A,2.7
193,23.324,SER, ,O,51.83,7.99,0.0,1.60,1.0,<Residue SER het=  resseq=22 icode= >,2ccz_A_A,2.7
194,28.899,SER, ,CB,53.26,5.38,0.0,0.59,1.0,<Residue SER het=  resseq=22 icode= >,2ccz_A_A,2.7
195,33.632,SER, ,OG,52.05,4.21,18.549,1.16,1.0,<Residue SER het=  resseq=22 icode= >,2ccz_A_A,2.7
196,0.0,GLY, ,N,51.23,7.29,0.0,2.48,1.0,<Residue GLY het=  resseq=23 icode= >,2ccz_A_A,2.7
197,27.446,GLY, ,CA,50.99,8.61,0.0,1.40,1.0,<Residue GLY het=  resseq=23 icode= >,2ccz_A_A,2.7
198,1.371,GLY, ,C,50.94,8.93,0.0,1.45,1.0,<Residue GLY het=  resseq=23 icode= >,2ccz_A_A,2.7
199,12.699,GLY, ,O,50.53,10.13,0.0,1.00,1.0,<Residue GLY het=  resseq=23 icode= >,2ccz_A_A,2.7
200,0.0,ILE, ,N,50.86,8.02,0.0,0.61,1.0,<Residue ILE het=  resseq=24 icode= >,2ccz_A_A,2.7
201,0.0,ILE, ,CA,48.93,8.61,0.0,1.29,1.0,<Residue ILE het=  resseq=24 icode= >,2ccz_A_A,2.7
202,0.0,ILE, ,C,48.02,9.05,0.0,2.07,1.0,<Residue ILE het=  resseq=24 icode= >,2ccz_A_A,2.7
203,0.0,ILE, ,O,47.6,8.41,0.0,1.51,1.0,<Residue ILE het=  resseq=24 icode= >,2ccz_A_A,2.7
204,2.525,ILE, ,CB,49.1,7.85,0.0,1.02,1.0,<Residue ILE het=  resseq=24 icode= >,2ccz_A_A,2.7
205,17.629,ILE, ,CG1,50.62,7.50,0.0,0.81,1.0,<Residue ILE het=  resseq=24 icode= >,2ccz_A_A,2.7
206,5.067,ILE, ,CG2,49.0,8.71,0.0,-0.13,1.0,<Residue ILE het=  resseq=24 icode= >,2ccz_A_A,2.7
207,41.725,ILE, ,CD1,52.78,8.46,5.963,0.10,1.0,<Residue ILE het=  resseq=24 icode= >,2ccz_A_A,2.7
208,0.0,PRO, ,N,47.28,10.33,0.0,1.49,1.0,<Residue PRO het=  resseq=25 icode= >,2ccz_A_A,2.7
209,0.0,PRO, ,CA,46.46,10.81,0.0,1.06,1.0,<Residue PRO het=  resseq=25 icode= >,2ccz_A_A,2.7
210,0.0,PRO, ,C,46.37,10.39,0.0,1.44,1.0,<Residue PRO het=  resseq=25 icode= >,2ccz_A_A,2.7
211,0.0,PRO, ,O,47.59,10.93,0.0,0.74,1.0,<Residue PRO het=  resseq=25 icode= >,2ccz_A_A,2.7
212,19.227,PRO, ,CB,45.47,12.24,0.0,1.31,1.0,<Residue PRO het=  resseq=25 icode= >,2ccz_A_A,2.7
213,3.651,PRO, ,CG,45.51,12.63,0.0,1.69,1.0,<Residue PRO het=  resseq=25 icode= >,2ccz_A_A,2.7
214,0.488,PRO, ,CD,46.14,11.48,0.0,1.30,1.0,<Residue PRO het=  resseq=25 icode= >,2ccz_A_A,2.7
215,0.115,HIS, ,N,44.78,9.17,0.0,1.62,1.0,<Residue HIS het=  resseq=26 icode= >,2ccz_A_A,2.7
216,0.0,HIS, ,CA,43.71,8.73,0.0,1.56,1.0,<Residue HIS het=  resseq=26 icode= >,2ccz_A_A,2.7
217,1.149,HIS, ,C,42.3,8.37,0.0,2.75,1.0,<Residue HIS het=  resseq=26 icode= >,2ccz_A_A,2.7
218,0.393,HIS, ,O,41.69,7.99,0.0,1.85,1.0,<Residue HIS het=  resseq=26 icode= >,2ccz_A_A,2.7
219,1.801,HIS, ,CB,45.18,7.82,0.0,1.63,1.0,<Residue HIS het=  resseq=26 icode= >,2ccz_A_A,2.7
220,2.901,HIS, ,CG,46.83,7.05,0.0,2.52,1.0,<Residue HIS het=  resseq=26 icode= >,2ccz_A_A,2.7
221,14.473,HIS, ,ND1,48.1,6.45,0.0,1.73,1.0,<Residue HIS het=  resseq=26 icode= >,2ccz_A_A,2.7
222,1.966,HIS, ,CD2,48.21,6.81,0.0,1.86,1.0,<Residue HIS het=  resseq=26 icode= >,2ccz_A_A,2.7
223,24.931,HIS, ,CE1,48.58,5.82,1.377,0.70,1.0,<Residue HIS het=  resseq=26 icode= >,2ccz_A_A,2.7
224,5.123,HIS, ,NE2,48.25,6.47,0.0,1.38,1.0,<Residue HIS het=  resseq=26 icode= >,2ccz_A_A,2.7
225,0.057,CYS, ,N,40.87,8.78,0.0,1.86,1.0,<Residue CYS het=  resseq=27 icode= >,2ccz_A_A,2.7
226,0.002,CYS, ,CA,40.55,8.90,0.0,1.55,1.0,<Residue CYS het=  resseq=27 icode= >,2ccz_A_A,2.7
227,0.0,CYS, ,C,38.62,8.78,0.0,2.47,1.0,<Residue CYS het=  resseq=27 icode= >,2ccz_A_A,2.7
228,0.0,CYS, ,O,41.02,9.59,0.0,1.13,1.0,<Residue CYS het=  resseq=27 icode= >,2ccz_A_A,2.7
229,0.0,CYS, ,CB,42.28,10.35,0.0,1.34,1.0,<Residue CYS het=  resseq=27 icode= >,2ccz_A_A,2.7
230,0.0,CYS, ,SG,46.48,10.99,0.0,1.75,1.0,<Residue CYS het=  resseq=27 icode= >,2ccz_A_A,2.7
231,1.231,GLN, ,N,36.72,7.83,0.0,2.58,1.0,<Residue GLN het=  resseq=28 icode= >,2ccz_A_A,2.7
232,0.0,GLN, ,CA,36.28,7.74,0.0,2.62,1.0,<Residue GLN het=  resseq=28 icode= >,2ccz_A_A,2.7
233,0.165,GLN, ,C,36.22,7.87,0.0,2.54,1.0,<Residue GLN het=  resseq=28 icode= >,2ccz_A_A,2.7
234,0.0,GLN, ,O,37.06,7.92,0.0,1.00,1.0,<Residue GLN het=  resseq=28 icode= >,2ccz_A_A,2.7
235,8.52,GLN, ,CB,37.25,6.58,0.0,1.05,1.0,<Residue GLN het=  resseq=28 icode= >,2ccz_A_A,2.7
236,2.451,GLN, ,CG,39.27,6.76,0.0,0.49,1.0,<Residue GLN het=  resseq=28 icode= >,2ccz_A_A,2.7
237,10.313,GLN, ,CD,40.51,5.95,0.0,1.28,1.0,<Residue GLN het=  resseq=28 icode= >,2ccz_A_A,2.7
238,32.554,GLN, ,OE1,43.41,4.96,13.144,0.41,1.0,<Residue GLN het=  resseq=28 icode= >,2ccz_A_A,2.7
239,27.263,GLN, ,NE2,37.2,4.85,14.908,1.52,1.0,<Residue GLN het=  resseq=28 icode= >,2ccz_A_A,2.7
240,0.0,PHE, ,N,34.74,8.27,0.0,1.80,1.0,<Residue PHE het=  resseq=29 icode= >,2ccz_A_A,2.7
241,1.683,PHE, ,CA,32.41,8.32,0.0,2.16,1.0,<Residue PHE het=  resseq=29 icode= >,2ccz_A_A,2.7
242,0.0,PHE, ,C,33.28,7.58,0.0,2.40,1.0,<Residue PHE het=  resseq=29 icode= >,2ccz_A_A,2.7
243,0.0,PHE, ,O,33.05,7.47,0.0,1.20,1.0,<Residue PHE het=  resseq=29 icode= >,2ccz_A_A,2.7
244,0.0,PHE, ,CB,30.1,9.47,0.0,1.49,1.0,<Residue PHE het=  resseq=29 icode= >,2ccz_A_A,2.7
245,0.0,PHE, ,CG,28.96,10.64,0.0,1.90,1.0,<Residue PHE het=  resseq=29 icode= >,2ccz_A_A,2.7
246,0.0,PHE, ,CD1,29.36,11.30,0.0,1.14,1.0,<Residue PHE het=  resseq=29 icode= >,2ccz_A_A,2.7
247,0.0,PHE, ,CD2,27.61,10.92,0.0,1.88,1.0,<Residue PHE het=  resseq=29 icode= >,2ccz_A_A,2.7
248,3.738,PHE, ,CE1,26.73,12.56,0.0,1.30,1.0,<Residue PHE het=  resseq=29 icode= >,2ccz_A_A,2.7
249,0.0,PHE, ,CE2,25.65,12.00,0.0,2.01,1.0,<Residue PHE het=  resseq=29 icode= >,2ccz_A_A,2.7
250,3.47,PHE, ,CZ,24.02,12.79,0.0,1.71,1.0,<Residue PHE het=  resseq=29 icode= >,2ccz_A_A,2.7
251,0.0,VAL, ,N,32.08,7.37,0.0,1.63,1.0,<Residue VAL het=  resseq=30 icode= >,2ccz_A_A,2.7
252,0.0,VAL, ,CA,31.53,7.00,0.0,2.10,1.0,<Residue VAL het=  resseq=30 icode= >,2ccz_A_A,2.7
253,0.0,VAL, ,C,32.78,8.30,0.0,2.62,1.0,<Residue VAL het=  resseq=30 icode= >,2ccz_A_A,2.7
254,0.0,VAL, ,O,34.03,8.78,0.0,1.34,1.0,<Residue VAL het=  resseq=30 icode= >,2ccz_A_A,2.7
255,0.211,VAL, ,CB,30.36,5.95,0.0,1.72,1.0,<Residue VAL het=  resseq=30 icode= >,2ccz_A_A,2.7
256,3.338,VAL, ,CG1,29.94,5.88,1.201,1.44,1.0,<Residue VAL het=  resseq=30 icode= >,2ccz_A_A,2.7
257,11.456,VAL, ,CG2,27.87,4.72,8.29,1.46,1.0,<Residue VAL het=  resseq=30 icode= >,2ccz_A_A,2.7
258,0.0,LEU, ,N,32.12,9.00,0.0,2.16,1.0,<Residue LEU het=  resseq=31 icode= >,2ccz_A_A,2.7
259,0.0,LEU, ,CA,28.6,10.01,0.0,2.83,1.0,<Residue LEU het=  resseq=31 icode= >,2ccz_A_A,2.7
260,0.0,LEU, ,C,26.76,8.83,0.0,3.63,1.0,<Residue LEU het=  resseq=31 icode= >,2ccz_A_A,2.7
261,0.0,LEU, ,O,28.01,8.69,0.0,2.30,1.0,<Residue LEU het=  resseq=31 icode= >,2ccz_A_A,2.7
262,0.0,LEU, ,CB,28.35,11.21,0.0,1.77,1.0,<Residue LEU het=  resseq=31 icode= >,2ccz_A_A,2.7
263,0.0,LEU, ,CG,29.31,11.60,0.0,1.64,1.0,<Residue LEU het=  resseq=31 icode= >,2ccz_A_A,2.7
264,0.0,LEU, ,CD1,27.02,12.33,0.0,1.58,1.0,<Residue LEU het=  resseq=31 icode= >,2ccz_A_A,2.7
265,0.0,LEU, ,CD2,28.54,12.46,0.0,0.76,1.0,<Residue LEU het=  resseq=31 icode= >,2ccz_A_A,2.7
266,0.0,GLU, ,N,25.0,8.15,0.0,2.18,1.0,<Residue GLU het=  resseq=32 icode= >,2ccz_A_A,2.7
267,0.0,GLU, ,CA,23.59,7.18,0.0,2.20,1.0,<Residue GLU het=  resseq=32 icode= >,2ccz_A_A,2.7
268,0.064,GLU, ,C,25.68,7.14,0.0,2.70,1.0,<Residue GLU het=  resseq=32 icode= >,2ccz_A_A,2.7
269,3.647,GLU, ,O,27.57,7.42,0.0,2.01,1.0,<Residue GLU het=  resseq=32 icode= >,2ccz_A_A,2.7
270,0.0,GLU, ,CB,20.97,5.92,0.0,1.78,1.0,<Residue GLU het=  resseq=32 icode= >,2ccz_A_A,2.7
271,0.0,GLU, ,CG,19.58,4.77,0.0,1.69,1.0,<Residue GLU het=  resseq=32 icode= >,2ccz_A_A,2.7
272,7.093,GLU, ,CD,18.47,3.77,4.491,3.02,1.0,<Residue GLU het=  resseq=32 icode= >,2ccz_A_A,2.7
273,26.661,GLU, ,OE1,16.94,2.85,26.661,1.98,1.0,<Residue GLU het=  resseq=32 icode= >,2ccz_A_A,2.7
274,28.767,GLU, ,OE2,21.55,4.07,5.037,1.64,1.0,<Residue GLU het=  resseq=32 icode= >,2ccz_A_A,2.7
275,0.0,HIS, ,N,23.8,7.25,0.0,2.88,1.0,<Residue HIS het=  resseq=33 icode= >,2ccz_A_A,2.7
276,0.0,HIS, ,CA,22.75,7.63,0.0,2.60,1.0,<Residue HIS het=  resseq=33 icode= >,2ccz_A_A,2.7
277,0.0,HIS, ,C,23.47,6.62,0.0,2.70,1.0,<Residue HIS het=  resseq=33 icode= >,2ccz_A_A,2.7
278,0.0,HIS, ,O,25.28,6.03,0.0,2.08,1.0,<Residue HIS het=  resseq=33 icode= >,2ccz_A_A,2.7
279,0.0,HIS, ,CB,21.76,8.97,0.0,1.17,1.0,<Residue HIS het=  resseq=33 icode= >,2ccz_A_A,2.7
280,0.0,HIS, ,CG,22.21,9.55,0.0,2.10,1.0,<Residue HIS het=  resseq=33 icode= >,2ccz_A_A,2.7
281,1.803,HIS, ,ND1,19.05,9.01,1.755,2.72,1.0,<Residue HIS het=  resseq=33 icode= >,2ccz_A_A,2.7
282,2.814,HIS, ,CD2,21.32,10.56,2.001,1.92,1.0,<Residue HIS het=  resseq=33 icode= >,2ccz_A_A,2.7
283,4.622,HIS, ,CE1,20.6,9.49,4.622,2.38,1.0,<Residue HIS het=  resseq=33 icode= >,2ccz_A_A,2.7
284,16.642,HIS, ,NE2,21.39,10.41,16.642,3.20,1.0,<Residue HIS het=  resseq=33 icode= >,2ccz_A_A,2.7
285,3.288,ARG, ,N,23.48,6.72,0.0,2.41,1.0,<Residue ARG het=  resseq=34 icode= >,2ccz_A_A,2.7
286,0.0,ARG, ,CA,23.81,5.65,0.0,3.05,1.0,<Residue ARG het=  resseq=34 icode= >,2ccz_A_A,2.7
287,0.953,ARG, ,C,23.75,6.46,0.0,3.91,1.0,<Residue ARG het=  resseq=34 icode= >,2ccz_A_A,2.7
288,22.216,ARG, ,O,25.5,7.23,11.777,2.24,1.0,<Residue ARG het=  resseq=34 icode= >,2ccz_A_A,2.7
289,22.902,ARG, ,CB,26.95,4.49,0.142,0.91,1.0,<Residue ARG het=  resseq=34 icode= >,2ccz_A_A,2.7
290,16.248,ARG, ,CG,29.25,3.07,12.54,1.03,1.0,<Residue ARG het=  resseq=34 icode= >,2ccz_A_A,2.7
291,9.748,ARG, ,CD,31.57,3.11,2.647,1.27,1.0,<Residue ARG het=  resseq=34 icode= >,2ccz_A_A,2.7
292,5.386,ARG, ,NE,31.41,2.70,5.386,1.79,1.0,<Residue ARG het=  resseq=34 icode= >,2ccz_A_A,2.7
293,4.192,ARG, ,CZ,31.98,3.33,3.14,2.38,1.0,<Residue ARG het=  resseq=34 icode= >,2ccz_A_A,2.7
294,39.648,ARG, ,NH1,29.02,3.34,16.185,1.26,1.0,<Residue ARG het=  resseq=34 icode= >,2ccz_A_A,2.7
295,24.726,ARG, ,NH2,30.85,4.12,0.171,0.94,1.0,<Residue ARG het=  resseq=34 icode= >,2ccz_A_A,2.7
296,0.0,SER, ,N,23.38,6.65,0.0,1.98,1.0,<Residue SER het=  resseq=35 icode= >,2ccz_A_A,2.7
297,9.243,SER, ,CA,22.95,7.73,6.72,2.06,1.0,<Residue SER het=  resseq=35 icode= >,2ccz_A_A,2.7
298,1.339,SER, ,C,22.87,7.93,0.0,2.29,1.0,<Residue SER het=  resseq=35 icode= >,2ccz_A_A,2.7
299,0.0,SER, ,O,24.01,7.41,0.0,1.54,1.0,<Residue SER het=  resseq=35 icode= >,2ccz_A_A,2.7
300,18.423,SER, ,CB,21.67,9.08,18.423,1.78,1.0,<Residue SER het=  resseq=35 icode= >,2ccz_A_A,2.7
301,0.0,SER, ,OG,15.71,9.48,0.0,2.32,1.0,<Residue SER het=  resseq=35 icode= >,2ccz_A_A,2.7
302,0.068,VAL, ,N,21.95,8.93,0.0,2.19,1.0,<Residue VAL het=  resseq=36 icode= >,2ccz_A_A,2.7
303,0.0,VAL, ,CA,21.27,9.58,0.0,2.10,1.0,<Residue VAL het=  resseq=36 icode= >,2ccz_A_A,2.7
304,0.101,VAL, ,C,20.8,10.77,0.101,3.35,1.0,<Residue VAL het=  resseq=36 icode= >,2ccz_A_A,2.7
305,10.876,VAL, ,O,18.31,11.39,10.038,2.62,1.0,<Residue VAL het=  resseq=36 icode= >,2ccz_A_A,2.7
306,2.609,VAL, ,CB,21.03,10.24,0.68,2.36,1.0,<Residue VAL het=  resseq=36 icode= >,2ccz_A_A,2.7
307,48.292,VAL, ,CG1,23.29,9.64,0.0,0.67,1.0,<Residue VAL het=  resseq=36 icode= >,2ccz_A_A,2.7
308,51.709,VAL, ,CG2,22.69,10.39,29.23,0.75,1.0,<Residue VAL het=  resseq=36 icode= >,2ccz_A_A,2.7
309,0.0,GLN, ,N,20.42,11.22,0.0,2.61,1.0,<Residue GLN het=  resseq=37 icode= >,2ccz_A_A,2.7
310,0.827,GLN, ,CA,21.48,12.50,0.157,1.87,1.0,<Residue GLN het=  resseq=37 icode= >,2ccz_A_A,2.7
311,0.0,GLN, ,C,22.71,13.45,0.0,3.54,1.0,<Residue GLN het=  resseq=37 icode= >,2ccz_A_A,2.7
312,0.0,GLN, ,O,22.27,13.13,0.0,2.34,1.0,<Residue GLN het=  resseq=37 icode= >,2ccz_A_A,2.7
313,11.877,GLN, ,CB,20.23,12.41,11.871,1.47,1.0,<Residue GLN het=  resseq=37 icode= >,2ccz_A_A,2.7
314,10.491,GLN, ,CG,16.79,11.90,10.491,1.38,1.0,<Residue GLN het=  resseq=37 icode= >,2ccz_A_A,2.7
315,5.48,GLN, ,CD,15.62,12.70,5.467,3.44,1.0,<Residue GLN het=  resseq=37 icode= >,2ccz_A_A,2.7
316,25.064,GLN, ,OE1,17.84,12.60,21.567,2.43,1.0,<Residue GLN het=  resseq=37 icode= >,2ccz_A_A,2.7
317,32.952,GLN, ,NE2,17.21,13.66,18.794,1.69,1.0,<Residue GLN het=  resseq=37 icode= >,2ccz_A_A,2.7
318,1.724,GLU, ,N,24.41,1000.00,0.529,1.80,1.0,<Residue GLU het=  resseq=38 icode= >,2ccz_A_A,2.7
319,0.0,GLU, ,CA,25.76,1000.00,0.0,1.47,1.0,<Residue GLU het=  resseq=38 icode= >,2ccz_A_A,2.7
320,0.0,GLU, ,C,24.11,1000.00,0.0,2.66,1.0,<Residue GLU het=  resseq=38 icode= >,2ccz_A_A,2.7
321,15.918,GLU, ,O,23.42,1000.00,10.993,1.81,1.0,<Residue GLU het=  resseq=38 icode= >,2ccz_A_A,2.7
322,0.513,GLU, ,CB,26.58,1000.00,0.502,1.35,1.0,<Residue GLU het=  resseq=38 icode= >,2ccz_A_A,2.7
323,25.987,GLU, ,CG,30.78,1000.00,3.575,0.80,1.0,<Residue GLU het=  resseq=38 icode= >,2ccz_A_A,2.7
324,7.855,GLU, ,CD,33.2,1000.00,0.0,2.43,1.0,<Residue GLU het=  resseq=38 icode= >,2ccz_A_A,2.7
325,25.924,GLU, ,OE1,33.02,1000.00,0.0,1.74,1.0,<Residue GLU het=  resseq=38 icode= >,2ccz_A_A,2.7
326,31.894,GLU, ,OE2,37.63,1000.00,0.0,1.28,1.0,<Residue GLU het=  resseq=38 icode= >,2ccz_A_A,2.7
327,0.0,GLU, ,N,24.15,1000.00,0.0,2.08,1.0,<Residue GLU het=  resseq=39 icode= >,2ccz_A_A,2.7
328,2.829,GLU, ,CA,25.37,1000.00,0.0,2.07,1.0,<Residue GLU het=  resseq=39 icode= >,2ccz_A_A,2.7
329,0.0,GLU, ,C,24.4,1000.00,0.0,3.05,1.0,<Residue GLU het=  resseq=39 icode= >,2ccz_A_A,2.7
330,0.364,GLU, ,O,24.12,1000.00,0.0,1.65,1.0,<Residue GLU het=  resseq=39 icode= >,2ccz_A_A,2.7
331,0.176,GLU, ,CB,26.41,1000.00,0.0,1.47,1.0,<Residue GLU het=  resseq=39 icode= >,2ccz_A_A,2.7
332,27.344,GLU, ,CG,30.07,1000.00,23.15,1.39,1.0,<Residue GLU het=  resseq=39 icode= >,2ccz_A_A,2.7
333,12.331,GLU, ,CD,31.7,1000.00,12.223,2.90,1.0,<Residue GLU het=  resseq=39 icode= >,2ccz_A_A,2.7
334,19.456,GLU, ,OE1,33.89,1000.00,15.787,1.48,1.0,<Residue GLU het=  resseq=39 icode= >,2ccz_A_A,2.7
335,40.093,GLU, ,OE2,31.16,1000.00,38.597,2.16,1.0,<Residue GLU het=  resseq=39 icode= >,2ccz_A_A,2.7
336,12.72,ALA, ,N,22.7,1000.00,3.573,2.17,1.0,<Residue ALA het=  resseq=40 icode= >,2ccz_A_A,2.7
337,18.311,ALA, ,CA,23.24,1000.00,6.956,1.92,1.0,<Residue ALA het=  resseq=40 icode= >,2ccz_A_A,2.7
338,4.646,ALA, ,C,22.34,1000.00,0.0,2.43,1.0,<Residue ALA het=  resseq=40 icode= >,2ccz_A_A,2.7
339,12.387,ALA, ,O,21.72,1000.00,0.0,1.91,1.0,<Residue ALA het=  resseq=40 icode= >,2ccz_A_A,2.7
340,49.574,ALA, ,CB,21.98,1000.00,30.56,0.60,1.0,<Residue ALA het=  resseq=40 icode= >,2ccz_A_A,2.7
341,6.145,GLY, ,N,22.71,1000.00,0.0,1.24,1.0,<Residue GLY het=  resseq=41 icode= >,2ccz_A_A,2.7
342,32.998,GLY, ,CA,23.98,1000.00,0.0,1.66,1.0,<Residue GLY het=  resseq=41 icode= >,2ccz_A_A,2.7
343,1.231,GLY, ,C,24.49,1000.00,0.0,2.87,1.0,<Residue GLY het=  resseq=41 icode= >,2ccz_A_A,2.7
344,24.022,GLY, ,O,26.4,1000.00,0.0,1.86,1.0,<Residue GLY het=  resseq=41 icode= >,2ccz_A_A,2.7
345,0.0,PHE, ,N,24.26,1000.00,0.0,2.51,1.0,<Residue PHE het=  resseq=42 icode= >,2ccz_A_A,2.7
346,1.239,PHE, ,CA,24.04,1000.00,0.0,3.22,1.0,<Residue PHE het=  resseq=42 icode= >,2ccz_A_A,2.7
347,0.0,PHE, ,C,23.66,1000.00,0.0,4.26,1.0,<Residue PHE het=  resseq=42 icode= >,2ccz_A_A,2.7
348,0.0,PHE, ,O,24.13,1000.00,0.0,2.11,1.0,<Residue PHE het=  resseq=42 icode= >,2ccz_A_A,2.7
349,11.864,PHE, ,CB,26.24,1000.00,0.0,1.73,1.0,<Residue PHE het=  resseq=42 icode= >,2ccz_A_A,2.7
350,1.593,PHE, ,CG,26.94,1000.00,0.0,2.11,1.0,<Residue PHE het=  resseq=42 icode= >,2ccz_A_A,2.7
351,25.22,PHE, ,CD1,27.35,1000.00,0.0,1.49,1.0,<Residue PHE het=  resseq=42 icode= >,2ccz_A_A,2.7
352,6.889,PHE, ,CD2,28.26,1000.00,0.0,1.36,1.0,<Residue PHE het=  resseq=42 icode= >,2ccz_A_A,2.7
353,36.307,PHE, ,CE1,28.38,1000.00,0.0,1.68,1.0,<Residue PHE het=  resseq=42 icode= >,2ccz_A_A,2.7
354,33.538,PHE, ,CE2,29.25,1000.00,0.0,0.78,1.0,<Residue PHE het=  resseq=42 icode= >,2ccz_A_A,2.7
355,36.859,PHE, ,CZ,28.96,1000.00,0.0,1.30,1.0,<Residue PHE het=  resseq=42 icode= >,2ccz_A_A,2.7
356,3.064,HIS, ,N,22.63,1000.00,0.0,2.59,1.0,<Residue HIS het=  resseq=43 icode= >,2ccz_A_A,2.7
357,0.0,HIS, ,CA,22.82,1000.00,0.0,2.50,1.0,<Residue HIS het=  resseq=43 icode= >,2ccz_A_A,2.7
358,1.262,HIS, ,C,24.09,1000.00,0.0,3.09,1.0,<Residue HIS het=  resseq=43 icode= >,2ccz_A_A,2.7
359,25.961,HIS, ,O,24.42,1000.00,0.0,1.52,1.0,<Residue HIS het=  resseq=43 icode= >,2ccz_A_A,2.7
360,17.121,HIS, ,CB,21.9,1000.00,0.0,1.12,1.0,<Residue HIS het=  resseq=43 icode= >,2ccz_A_A,2.7
361,2.524,HIS, ,CG,18.53,1000.00,0.0,2.70,1.0,<Residue HIS het=  resseq=43 icode= >,2ccz_A_A,2.7
362,13.353,HIS, ,ND1,15.73,1000.00,0.0,2.87,1.0,<Residue HIS het=  resseq=43 icode= >,2ccz_A_A,2.7
363,12.555,HIS, ,CD2,16.63,1000.00,7.539,2.96,1.0,<Residue HIS het=  resseq=43 icode= >,2ccz_A_A,2.7
364,34.0,HIS, ,CE1,17.97,1000.00,0.0,2.64,1.0,<Residue HIS het=  resseq=43 icode= >,2ccz_A_A,2.7
365,23.035,HIS, ,NE2,18.14,1000.00,13.634,2.74,1.0,<Residue HIS het=  resseq=43 icode= >,2ccz_A_A,2.7
366,0.0,ARG, ,N,25.62,12.20,0.0,2.08,1.0,<Residue ARG het=  resseq=44 icode= >,2ccz_A_A,2.7
367,10.257,ARG, ,CA,27.66,11.12,0.0,2.12,1.0,<Residue ARG het=  resseq=44 icode= >,2ccz_A_A,2.7
368,0.311,ARG, ,C,27.41,10.05,0.0,2.92,1.0,<Residue ARG het=  resseq=44 icode= >,2ccz_A_A,2.7
369,0.0,ARG, ,O,27.4,10.27,0.0,1.81,1.0,<Residue ARG het=  resseq=44 icode= >,2ccz_A_A,2.7
370,7.181,ARG, ,CB,31.65,11.64,0.0,1.19,1.0,<Residue ARG het=  resseq=44 icode= >,2ccz_A_A,2.7
371,0.392,ARG, ,CG,36.43,12.28,0.392,1.04,1.0,<Residue ARG het=  resseq=44 icode= >,2ccz_A_A,2.7
372,17.417,ARG, ,CD,41.1,13.03,14.341,1.04,1.0,<Residue ARG het=  resseq=44 icode= >,2ccz_A_A,2.7
373,0.228,ARG, ,NE,45.94,13.83,0.0,0.91,1.0,<Residue ARG het=  resseq=44 icode= >,2ccz_A_A,2.7
374,2.696,ARG, ,CZ,47.52,13.47,0.295,0.76,1.0,<Residue ARG het=  resseq=44 icode= >,2ccz_A_A,2.7
375,39.779,ARG, ,NH1,44.89,12.24,6.176,1.08,1.0,<Residue ARG het=  resseq=44 icode= >,2ccz_A_A,2.7
376,48.879,ARG, ,NH2,46.71,14.43,0.803,0.50,1.0,<Residue ARG het=  resseq=44 icode= >,2ccz_A_A,2.7
377,8.875,GLN, ,N,28.65,8.80,0.0,1.56,1.0,<Residue GLN het=  resseq=45 icode= >,2ccz_A_A,2.7
378,0.0,GLN, ,CA,27.79,7.71,0.0,1.64,1.0,<Residue GLN het=  resseq=45 icode= >,2ccz_A_A,2.7
379,0.004,GLN, ,C,26.51,7.87,0.0,2.58,1.0,<Residue GLN het=  resseq=45 icode= >,2ccz_A_A,2.7
380,22.007,GLN, ,O,25.85,8.22,8.776,1.68,1.0,<Residue GLN het=  resseq=45 icode= >,2ccz_A_A,2.7
381,23.278,GLN, ,CB,27.67,6.43,0.0,0.48,1.0,<Residue GLN het=  resseq=45 icode= >,2ccz_A_A,2.7
382,0.0,ALA, ,N,25.83,7.62,0.0,2.38,1.0,<Residue ALA het=  resseq=46 icode= >,2ccz_A_A,2.7
383,6.334,ALA, ,CA,27.47,8.13,6.334,2.50,1.0,<Residue ALA het=  resseq=46 icode= >,2ccz_A_A,2.7
384,0.898,ALA, ,C,28.56,7.16,0.872,3.12,1.0,<Residue ALA het=  resseq=46 icode= >,2ccz_A_A,2.7
385,0.0,ALA, ,O,31.59,7.04,0.0,1.77,1.0,<Residue ALA het=  resseq=46 icode= >,2ccz_A_A,2.7
386,25.724,ALA, ,CB,25.85,9.38,25.724,1.29,1.0,<Residue ALA het=  resseq=46 icode= >,2ccz_A_A,2.7
387,6.603,TRP, ,N,30.33,6.78,5.099,1.97,1.0,<Residue TRP het=  resseq=47 icode= >,2ccz_A_A,2.7
388,0.0,TRP, ,CA,32.2,6.03,0.0,2.03,1.0,<Residue TRP het=  resseq=47 icode= >,2ccz_A_A,2.7
389,0.175,TRP, ,C,31.94,6.93,0.175,2.70,1.0,<Residue TRP het=  resseq=47 icode= >,2ccz_A_A,2.7
390,14.023,TRP, ,O,30.58,7.43,13.87,1.65,1.0,<Residue TRP het=  resseq=47 icode= >,2ccz_A_A,2.7
391,9.082,TRP, ,CB,33.71,4.71,1.979,1.74,1.0,<Residue TRP het=  resseq=47 icode= >,2ccz_A_A,2.7
392,3.155,TRP, ,CG,35.03,4.18,3.155,2.04,1.0,<Residue TRP het=  resseq=47 icode= >,2ccz_A_A,2.7
393,6.533,TRP, ,CD1,35.16,3.54,6.533,1.83,1.0,<Residue TRP het=  resseq=47 icode= >,2ccz_A_A,2.7
394,2.858,TRP, ,CD2,35.75,4.45,2.858,1.34,1.0,<Residue TRP het=  resseq=47 icode= >,2ccz_A_A,2.7
395,3.122,TRP, ,NE1,35.29,3.79,3.122,2.13,1.0,<Residue TRP het=  resseq=47 icode= >,2ccz_A_A,2.7
396,3.203,TRP, ,CE2,36.94,4.22,3.203,1.38,1.0,<Residue TRP het=  resseq=47 icode= >,2ccz_A_A,2.7
397,18.458,TRP, ,CE3,35.03,4.70,13.463,1.12,1.0,<Residue TRP het=  resseq=47 icode= >,2ccz_A_A,2.7
398,9.205,TRP, ,CZ2,37.0,3.62,9.205,0.19,1.0,<Residue TRP het=  resseq=47 icode= >,2ccz_A_A,2.7
399,33.99,TRP, ,CZ3,33.87,4.18,27.208,1.86,1.0,<Residue TRP het=  resseq=47 icode= >,2ccz_A_A,2.7
400,26.853,TRP, ,CH2,34.81,3.49,23.341,1.76,1.0,<Residue TRP het=  resseq=47 icode= >,2ccz_A_A,2.7
401,0.0,CYS, ,N,32.94,7.20,0.0,2.44,1.0,<Residue CYS het=  resseq=48 icode= >,2ccz_A_A,2.7
402,0.021,CYS, ,CA,34.22,8.13,0.021,2.59,1.0,<Residue CYS het=  resseq=48 icode= >,2ccz_A_A,2.7
403,0.0,CYS, ,C,33.49,7.88,0.0,3.26,1.0,<Residue CYS het=  resseq=48 icode= >,2ccz_A_A,2.7
404,0.0,CYS, ,O,34.68,7.92,0.0,1.34,1.0,<Residue CYS het=  resseq=48 icode= >,2ccz_A_A,2.7
405,13.121,CYS, ,CB,36.86,9.37,12.317,1.53,1.0,<Residue CYS het=  resseq=48 icode= >,2ccz_A_A,2.7
406,47.369,CYS, ,SG,43.03,9.21,45.299,2.25,1.0,<Residue CYS het=  resseq=48 icode= >,2ccz_A_A,2.7
407,2.475,GLN, ,N,32.03,7.08,0.302,2.28,1.0,<Residue GLN het=  resseq=49 icode= >,2ccz_A_A,2.7
408,0.0,GLN, ,CA,31.47,7.22,0.0,2.03,1.0,<Residue GLN het=  resseq=49 icode= >,2ccz_A_A,2.7
409,0.0,GLN, ,C,30.22,7.31,0.0,3.86,1.0,<Residue GLN het=  resseq=49 icode= >,2ccz_A_A,2.7
410,12.849,GLN, ,O,30.99,6.70,2.189,2.54,1.0,<Residue GLN het=  resseq=49 icode= >,2ccz_A_A,2.7
411,12.746,GLN, ,CB,30.59,6.00,0.0,1.26,1.0,<Residue GLN het=  resseq=49 icode= >,2ccz_A_A,2.7
412,0.0,GLN, ,CG,31.62,5.32,0.0,1.41,1.0,<Residue GLN het=  resseq=49 icode= >,2ccz_A_A,2.7
413,5.101,GLN, ,CD,31.85,4.37,1.882,2.05,1.0,<Residue GLN het=  resseq=49 icode= >,2ccz_A_A,2.7
414,23.232,GLN, ,OE1,31.43,3.23,22.459,1.11,1.0,<Residue GLN het=  resseq=49 icode= >,2ccz_A_A,2.7
415,25.228,GLN, ,NE2,32.78,4.21,15.415,0.92,1.0,<Residue GLN het=  resseq=49 icode= >,2ccz_A_A,2.7
416,0.0,MET, ,N,29.29,8.19,0.0,2.56,1.0,<Residue MET het=  resseq=50 icode= >,2ccz_A_A,2.7
417,0.0,MET, ,CA,28.8,8.45,0.0,2.55,1.0,<Residue MET het=  resseq=50 icode= >,2ccz_A_A,2.7
418,0.0,MET, ,C,29.89,7.81,0.0,3.52,1.0,<Residue MET het=  resseq=50 icode= >,2ccz_A_A,2.7
419,0.0,MET, ,O,32.85,8.23,0.0,2.05,1.0,<Residue MET het=  resseq=50 icode= >,2ccz_A_A,2.7
420,0.0,MET, ,CB,29.46,9.99,0.0,1.44,1.0,<Residue MET het=  resseq=50 icode= >,2ccz_A_A,2.7
421,0.0,MET, ,CG,29.92,10.57,0.0,2.65,1.0,<Residue MET het=  resseq=50 icode= >,2ccz_A_A,2.7
422,0.398,MET, ,SD,31.67,10.25,0.398,4.03,1.0,<Residue MET het=  resseq=50 icode= >,2ccz_A_A,2.7
423,24.807,MET, ,CE,28.6,11.23,24.275,1.22,1.0,<Residue MET het=  resseq=50 icode= >,2ccz_A_A,2.7
424,0.0,PRO, ,N,28.95,6.90,0.0,3.33,1.0,<Residue PRO het=  resseq=51 icode= >,2ccz_A_A,2.7
425,0.0,PRO, ,CA,27.34,6.40,0.0,2.72,1.0,<Residue PRO het=  resseq=51 icode= >,2ccz_A_A,2.7
426,0.118,PRO, ,C,25.97,7.66,0.0,3.75,1.0,<Residue PRO het=  resseq=51 icode= >,2ccz_A_A,2.7
427,0.0,PRO, ,O,27.31,7.74,0.0,1.88,1.0,<Residue PRO het=  resseq=51 icode= >,2ccz_A_A,2.7
428,5.873,PRO, ,CB,26.79,5.36,0.092,1.56,1.0,<Residue PRO het=  resseq=51 icode= >,2ccz_A_A,2.7
429,17.964,PRO, ,CG,27.77,4.96,11.455,1.21,1.0,<Residue PRO het=  resseq=51 icode= >,2ccz_A_A,2.7
430,4.466,PRO, ,CD,29.82,6.37,0.594,1.57,1.0,<Residue PRO het=  resseq=51 icode= >,2ccz_A_A,2.7
431,0.0,VAL, ,N,25.7,8.49,0.0,3.40,1.0,<Residue VAL het=  resseq=52 icode= >,2ccz_A_A,2.7
432,0.0,VAL, ,CA,26.84,9.74,0.0,3.24,1.0,<Residue VAL het=  resseq=52 icode= >,2ccz_A_A,2.7
433,0.278,VAL, ,C,28.43,9.68,0.0,3.51,1.0,<Residue VAL het=  resseq=52 icode= >,2ccz_A_A,2.7
434,0.0,VAL, ,O,30.17,9.16,0.0,2.12,1.0,<Residue VAL het=  resseq=52 icode= >,2ccz_A_A,2.7
435,0.0,VAL, ,CB,28.94,10.89,0.0,1.60,1.0,<Residue VAL het=  resseq=52 icode= >,2ccz_A_A,2.7
436,0.0,VAL, ,CG1,28.68,10.84,0.0,1.13,1.0,<Residue VAL het=  resseq=52 icode= >,2ccz_A_A,2.7
437,0.778,VAL, ,CG2,29.77,11.10,0.0,0.60,1.0,<Residue VAL het=  resseq=52 icode= >,2ccz_A_A,2.7
438,0.0,ILE, ,N,30.59,10.25,0.0,2.37,1.0,<Residue ILE het=  resseq=53 icode= >,2ccz_A_A,2.7
439,0.0,ILE, ,CA,32.39,9.76,0.0,1.95,1.0,<Residue ILE het=  resseq=53 icode= >,2ccz_A_A,2.7
440,0.0,ILE, ,C,32.04,10.70,0.0,3.46,1.0,<Residue ILE het=  resseq=53 icode= >,2ccz_A_A,2.7
441,0.435,ILE, ,O,31.62,11.50,0.0,1.97,1.0,<Residue ILE het=  resseq=53 icode= >,2ccz_A_A,2.7
442,4.354,ILE, ,CB,34.28,8.52,0.0,0.56,1.0,<Residue ILE het=  resseq=53 icode= >,2ccz_A_A,2.7
443,12.714,ILE, ,CG1,33.18,7.93,0.0,1.01,1.0,<Residue ILE het=  resseq=53 icode= >,2ccz_A_A,2.7
444,4.586,ILE, ,CG2,34.51,9.00,0.0,0.14,1.0,<Residue ILE het=  resseq=53 icode= >,2ccz_A_A,2.7
445,6.107,ILE, ,CD1,37.05,8.93,0.0,0.00,1.0,<Residue ILE het=  resseq=53 icode= >,2ccz_A_A,2.7
446,0.0,VAL, ,N,30.75,10.78,0.0,3.39,1.0,<Residue VAL het=  resseq=54 icode= >,2ccz_A_A,2.7
447,0.031,VAL, ,CA,33.87,11.83,0.0,2.75,1.0,<Residue VAL het=  resseq=54 icode= >,2ccz_A_A,2.7
448,0.0,VAL, ,C,35.24,11.29,0.0,3.06,1.0,<Residue VAL het=  resseq=54 icode= >,2ccz_A_A,2.7
449,0.0,VAL, ,O,35.52,10.64,0.0,1.82,1.0,<Residue VAL het=  resseq=54 icode= >,2ccz_A_A,2.7
450,3.832,VAL, ,CB,34.6,12.91,0.0,1.16,1.0,<Residue VAL het=  resseq=54 icode= >,2ccz_A_A,2.7
451,3.163,VAL, ,CG1,35.59,12.40,0.0,0.09,1.0,<Residue VAL het=  resseq=54 icode= >,2ccz_A_A,2.7
452,5.503,VAL, ,CG2,34.5,14.03,0.0,0.34,1.0,<Residue VAL het=  resseq=54 icode= >,2ccz_A_A,2.7
453,2.988,SER, ,N,37.23,11.34,0.0,2.40,1.0,<Residue SER het=  resseq=55 icode= >,2ccz_A_A,2.7
454,0.0,SER, ,CA,38.8,10.53,0.0,2.77,1.0,<Residue SER het=  resseq=55 icode= >,2ccz_A_A,2.7
455,1.578,SER, ,C,39.3,11.34,0.721,1.86,1.0,<Residue SER het=  resseq=55 icode= >,2ccz_A_A,2.7
456,17.284,SER, ,O,38.72,12.32,2.196,1.33,1.0,<Residue SER het=  resseq=55 icode= >,2ccz_A_A,2.7
457,23.066,SER, ,CB,40.47,9.17,2.639,1.38,1.0,<Residue SER het=  resseq=55 icode= >,2ccz_A_A,2.7
458,12.411,SER, ,OG,45.45,8.43,0.0,0.53,1.0,<Residue SER het=  resseq=55 icode= >,2ccz_A_A,2.7
459,0.026,GLY, ,N,40.65,11.10,0.0,1.26,1.0,<Residue GLY het=  resseq=56 icode= >,2ccz_A_A,2.7
460,19.394,GLY, ,CA,41.73,11.57,12.424,1.84,1.0,<Residue GLY het=  resseq=56 icode= >,2ccz_A_A,2.7
461,1.086,GLY, ,C,43.61,12.99,0.0,2.54,1.0,<Residue GLY het=  resseq=56 icode= >,2ccz_A_A,2.7
462,0.0,GLY, ,O,43.17,13.70,0.0,1.47,1.0,<Residue GLY het=  resseq=56 icode= >,2ccz_A_A,2.7
463,5.697,HIS, ,N,44.52,14.02,0.0,2.31,1.0,<Residue HIS het=  resseq=57 icode= >,2ccz_A_A,2.7
464,0.813,HIS, ,CA,46.7,15.29,0.0,1.75,1.0,<Residue HIS het=  resseq=57 icode= >,2ccz_A_A,2.7
465,2.541,HIS, ,C,47.89,16.48,0.0,2.21,1.0,<Residue HIS het=  resseq=57 icode= >,2ccz_A_A,2.7
466,4.179,HIS, ,O,48.77,16.90,0.0,1.68,1.0,<Residue HIS het=  resseq=57 icode= >,2ccz_A_A,2.7
467,26.835,HIS, ,CB,47.68,15.63,0.0,0.85,1.0,<Residue HIS het=  resseq=57 icode= >,2ccz_A_A,2.7
468,2.477,HIS, ,CG,48.7,14.69,0.0,1.84,1.0,<Residue HIS het=  resseq=57 icode= >,2ccz_A_A,2.7
469,13.11,HIS, ,ND1,50.02,14.46,0.0,0.97,1.0,<Residue HIS het=  resseq=57 icode= >,2ccz_A_A,2.7
470,29.923,HIS, ,CD2,49.57,14.10,0.0,1.16,1.0,<Residue HIS het=  resseq=57 icode= >,2ccz_A_A,2.7
471,25.252,HIS, ,CE1,49.29,13.75,0.0,1.45,1.0,<Residue HIS het=  resseq=57 icode= >,2ccz_A_A,2.7
472,22.178,HIS, ,NE2,49.06,13.51,0.0,1.41,1.0,<Residue HIS het=  resseq=57 icode= >,2ccz_A_A,2.7
473,6.548,GLU, ,N,48.43,1000.00,0.0,1.77,1.0,<Residue GLU het=  resseq=58 icode= >,2ccz_A_A,2.7
474,12.886,GLU, ,CA,49.51,1000.00,0.0,2.05,1.0,<Residue GLU het=  resseq=58 icode= >,2ccz_A_A,2.7
475,0.0,GLU, ,C,47.51,1000.00,0.0,2.61,1.0,<Residue GLU het=  resseq=58 icode= >,2ccz_A_A,2.7
476,15.445,GLU, ,O,47.57,1000.00,0.0,2.04,1.0,<Residue GLU het=  resseq=58 icode= >,2ccz_A_A,2.7
477,20.991,GLU, ,CB,53.53,1000.00,0.0,0.39,1.0,<Residue GLU het=  resseq=58 icode= >,2ccz_A_A,2.7
478,28.003,GLU, ,CG,57.27,1000.00,0.0,0.85,1.0,<Residue GLU het=  resseq=58 icode= >,2ccz_A_A,2.7
479,14.444,GLU, ,CD,61.51,1000.00,0.0,0.54,1.0,<Residue GLU het=  resseq=58 icode= >,2ccz_A_A,2.7
480,42.398,GLU, ,OE1,62.92,1000.00,0.0,0.51,1.0,<Residue GLU het=  resseq=58 icode= >,2ccz_A_A,2.7
481,29.346,GLU, ,OE2,62.95,1000.00,1.423,0.50,1.0,<Residue GLU het=  resseq=58 icode= >,2ccz_A_A,2.7
482,0.932,ASN, ,N,46.26,1000.00,0.0,1.56,1.0,<Residue ASN het=  resseq=59 icode= >,2ccz_A_A,2.7
483,1.717,ASN, ,CA,44.29,1000.00,0.0,1.40,1.0,<Residue ASN het=  resseq=59 icode= >,2ccz_A_A,2.7
484,0.0,ASN, ,C,41.89,1000.00,0.0,2.27,1.0,<Residue ASN het=  resseq=59 icode= >,2ccz_A_A,2.7
485,0.0,ASN, ,O,40.48,1000.00,0.0,1.21,1.0,<Residue ASN het=  resseq=59 icode= >,2ccz_A_A,2.7
486,14.682,ASN, ,CB,45.31,1000.00,0.0,0.39,1.0,<Residue ASN het=  resseq=59 icode= >,2ccz_A_A,2.7
487,0.0,GLN, ,N,39.25,18.57,0.0,2.44,1.0,<Residue GLN het=  resseq=60 icode= >,2ccz_A_A,2.7
488,0.0,GLN, ,CA,38.27,18.22,0.0,2.01,1.0,<Residue GLN het=  resseq=60 icode= >,2ccz_A_A,2.7
489,0.0,GLN, ,C,37.67,19.39,0.0,2.22,1.0,<Residue GLN het=  resseq=60 icode= >,2ccz_A_A,2.7
490,0.0,GLN, ,O,36.78,19.27,0.0,1.43,1.0,<Residue GLN het=  resseq=60 icode= >,2ccz_A_A,2.7
491,11.97,GLN, ,CB,39.16,18.02,0.0,1.16,1.0,<Residue GLN het=  resseq=60 icode= >,2ccz_A_A,2.7
492,1.756,GLN, ,CG,37.66,16.75,0.0,1.82,1.0,<Residue GLN het=  resseq=60 icode= >,2ccz_A_A,2.7
493,0.0,GLN, ,CD,37.7,15.50,0.0,3.10,1.0,<Residue GLN het=  resseq=60 icode= >,2ccz_A_A,2.7
494,0.0,GLN, ,OE1,40.89,14.62,0.0,1.60,1.0,<Residue GLN het=  resseq=60 icode= >,2ccz_A_A,2.7
495,1.888,GLN, ,NE2,36.81,15.52,0.0,1.97,1.0,<Residue GLN het=  resseq=60 icode= >,2ccz_A_A,2.7
496,2.328,ALA, ,N,36.51,1000.00,0.0,1.47,1.0,<Residue ALA het=  resseq=61 icode= >,2ccz_A_A,2.7
497,4.661,ALA, ,CA,34.86,1000.00,0.0,2.33,1.0,<Residue ALA het=  resseq=61 icode= >,2ccz_A_A,2.7
498,1.998,ALA, ,C,34.4,1000.00,0.0,3.23,1.0,<Residue ALA het=  resseq=61 icode= >,2ccz_A_A,2.7
499,1.669,ALA, ,O,34.14,1000.00,0.0,2.30,1.0,<Residue ALA het=  resseq=61 icode= >,2ccz_A_A,2.7
500,57.998,ALA, ,CB,34.81,1000.00,0.0,0.77,1.0,<Residue ALA het=  resseq=61 icode= >,2ccz_A_A,2.7
501,2.748,ILE, ,N,36.02,1000.00,0.0,2.43,1.0,<Residue ILE het=  resseq=62 icode= >,2ccz_A_A,2.7
502,5.829,ILE, ,CA,38.06,1000.00,0.0,1.88,1.0,<Residue ILE het=  resseq=62 icode= >,2ccz_A_A,2.7
503,0.0,ILE, ,C,38.5,1000.00,0.0,2.24,1.0,<Residue ILE het=  resseq=62 icode= >,2ccz_A_A,2.7
504,0.0,ILE, ,O,38.9,1000.00,0.0,1.38,1.0,<Residue ILE het=  resseq=62 icode= >,2ccz_A_A,2.7
505,10.849,ILE, ,CB,39.34,1000.00,0.0,1.58,1.0,<Residue ILE het=  resseq=62 icode= >,2ccz_A_A,2.7
506,0.876,ILE, ,CG1,41.53,1000.00,0.0,0.62,1.0,<Residue ILE het=  resseq=62 icode= >,2ccz_A_A,2.7
507,11.581,ILE, ,CG2,38.0,1000.00,0.0,0.88,1.0,<Residue ILE het=  resseq=62 icode= >,2ccz_A_A,2.7
508,21.839,ILE, ,CD1,42.84,1000.00,0.0,0.32,1.0,<Residue ILE het=  resseq=62 icode= >,2ccz_A_A,2.7
509,0.0,THR, ,N,39.01,1000.00,0.0,2.13,1.0,<Residue THR het=  resseq=63 icode= >,2ccz_A_A,2.7
510,0.786,THR, ,CA,40.01,1000.00,0.0,2.40,1.0,<Residue THR het=  resseq=63 icode= >,2ccz_A_A,2.7
511,0.0,THR, ,C,42.17,1000.00,0.0,2.08,1.0,<Residue THR het=  resseq=63 icode= >,2ccz_A_A,2.7
512,0.351,THR, ,O,42.74,1000.00,0.0,1.29,1.0,<Residue THR het=  resseq=63 icode= >,2ccz_A_A,2.7
513,1.392,THR, ,CB,39.29,1000.00,0.0,2.10,1.0,<Residue THR het=  resseq=63 icode= >,2ccz_A_A,2.7
514,0.0,THR, ,OG1,39.57,1000.00,0.0,1.01,1.0,<Residue THR het=  resseq=63 icode= >,2ccz_A_A,2.7
515,0.0,THR, ,CG2,39.44,1000.00,0.0,1.44,1.0,<Residue THR het=  resseq=63 icode= >,2ccz_A_A,2.7
516,0.0,HIS, ,N,43.61,1000.00,0.0,1.65,1.0,<Residue HIS het=  resseq=64 icode= >,2ccz_A_A,2.7
517,0.812,HIS, ,CA,45.76,1000.00,0.0,1.84,1.0,<Residue HIS het=  resseq=64 icode= >,2ccz_A_A,2.7
518,0.857,HIS, ,C,46.01,1000.00,0.0,2.37,1.0,<Residue HIS het=  resseq=64 icode= >,2ccz_A_A,2.7
519,31.89,HIS, ,O,47.63,1000.00,0.0,0.95,1.0,<Residue HIS het=  resseq=64 icode= >,2ccz_A_A,2.7
520,22.794,HIS, ,CB,47.58,1000.00,0.0,0.89,1.0,<Residue HIS het=  resseq=64 icode= >,2ccz_A_A,2.7
521,3.146,HIS, ,CG,49.25,1000.00,0.0,1.44,1.0,<Residue HIS het=  resseq=64 icode= >,2ccz_A_A,2.7
522,6.265,HIS, ,ND1,50.13,1000.00,0.0,1.46,1.0,<Residue HIS het=  resseq=64 icode= >,2ccz_A_A,2.7
523,20.709,HIS, ,CD2,48.83,1000.00,0.0,1.51,1.0,<Residue HIS het=  resseq=64 icode= >,2ccz_A_A,2.7
524,20.61,HIS, ,CE1,49.62,1000.00,0.0,1.83,1.0,<Residue HIS het=  resseq=64 icode= >,2ccz_A_A,2.7
525,14.11,HIS, ,NE2,49.74,1000.00,0.0,2.03,1.0,<Residue HIS het=  resseq=64 icode= >,2ccz_A_A,2.7
526,0.0,SER, ,N,45.53,1000.00,0.0,2.02,1.0,<Residue SER het=  resseq=65 icode= >,2ccz_A_A,2.7
527,7.381,SER, ,CA,44.83,1000.00,0.0,2.02,1.0,<Residue SER het=  resseq=65 icode= >,2ccz_A_A,2.7
528,2.057,SER, ,C,46.33,1000.00,0.0,1.69,1.0,<Residue SER het=  resseq=65 icode= >,2ccz_A_A,2.7
529,14.663,SER, ,O,47.47,1000.00,0.0,0.57,1.0,<Residue SER het=  resseq=65 icode= >,2ccz_A_A,2.7
530,15.197,SER, ,CB,44.08,1000.00,0.0,1.51,1.0,<Residue SER het=  resseq=65 icode= >,2ccz_A_A,2.7
531,35.836,SER, ,OG,42.34,1000.00,0.0,2.10,1.0,<Residue SER het=  resseq=65 icode= >,2ccz_A_A,2.7
532,0.028,ILE, ,N,46.7,1000.00,0.0,1.19,1.0,<Residue ILE het=  resseq=66 icode= >,2ccz_A_A,2.7
533,0.0,ILE, ,CA,46.65,1000.00,0.0,1.16,1.0,<Residue ILE het=  resseq=66 icode= >,2ccz_A_A,2.7
534,2.076,ILE, ,C,46.99,1000.00,0.0,1.25,1.0,<Residue ILE het=  resseq=66 icode= >,2ccz_A_A,2.7
535,2.836,ILE, ,O,47.31,1000.00,0.0,1.44,1.0,<Residue ILE het=  resseq=66 icode= >,2ccz_A_A,2.7
536,0.0,ILE, ,CB,46.18,1000.00,0.0,1.98,1.0,<Residue ILE het=  resseq=66 icode= >,2ccz_A_A,2.7
537,0.0,ILE, ,CG1,46.2,1000.00,0.0,1.08,1.0,<Residue ILE het=  resseq=66 icode= >,2ccz_A_A,2.7
538,0.292,ILE, ,CG2,47.37,1000.00,0.0,-0.11,1.0,<Residue ILE het=  resseq=66 icode= >,2ccz_A_A,2.7
539,3.141,ILE, ,CD1,48.01,1000.00,0.0,0.47,1.0,<Residue ILE het=  resseq=66 icode= >,2ccz_A_A,2.7
540,0.274,THR, ,N,46.05,16.87,0.0,0.80,1.0,<Residue THR het=  resseq=67 icode= >,2ccz_A_A,2.7
541,7.039,THR, ,CA,43.8,15.57,0.0,1.90,1.0,<Residue THR het=  resseq=67 icode= >,2ccz_A_A,2.7
542,0.0,THR, ,C,42.64,14.65,0.0,2.69,1.0,<Residue THR het=  resseq=67 icode= >,2ccz_A_A,2.7
543,0.0,THR, ,O,43.73,14.82,0.0,1.33,1.0,<Residue THR het=  resseq=67 icode= >,2ccz_A_A,2.7
544,8.39,THR, ,CB,44.74,15.81,0.0,1.95,1.0,<Residue THR het=  resseq=67 icode= >,2ccz_A_A,2.7
545,26.021,THR, ,OG1,42.42,17.18,0.0,2.04,1.0,<Residue THR het=  resseq=67 icode= >,2ccz_A_A,2.7
546,60.544,THR, ,CG2,46.15,14.98,0.0,0.57,1.0,<Residue THR het=  resseq=67 icode= >,2ccz_A_A,2.7
547,1.346,VAL, ,N,41.27,13.37,0.0,1.95,1.0,<Residue VAL het=  resseq=68 icode= >,2ccz_A_A,2.7
548,0.0,VAL, ,CA,38.91,12.56,0.0,1.54,1.0,<Residue VAL het=  resseq=68 icode= >,2ccz_A_A,2.7
549,0.397,VAL, ,C,39.67,12.73,0.0,1.92,1.0,<Residue VAL het=  resseq=68 icode= >,2ccz_A_A,2.7
550,14.529,VAL, ,O,38.99,13.44,0.0,1.56,1.0,<Residue VAL het=  resseq=68 icode= >,2ccz_A_A,2.7
551,10.685,VAL, ,CB,37.82,11.05,0.0,1.98,1.0,<Residue VAL het=  resseq=68 icode= >,2ccz_A_A,2.7
552,35.544,VAL, ,CG1,34.81,10.35,0.0,1.31,1.0,<Residue VAL het=  resseq=68 icode= >,2ccz_A_A,2.7
553,24.365,VAL, ,CG2,37.2,10.65,0.0,1.10,1.0,<Residue VAL het=  resseq=68 icode= >,2ccz_A_A,2.7
554,0.0,GLY, ,N,39.7,11.63,0.0,1.31,1.0,<Residue GLY het=  resseq=69 icode= >,2ccz_A_A,2.7
555,27.83,GLY, ,CA,38.45,11.32,0.0,1.37,1.0,<Residue GLY het=  resseq=69 icode= >,2ccz_A_A,2.7
556,0.089,GLY, ,C,37.28,12.50,0.0,2.81,1.0,<Residue GLY het=  resseq=69 icode= >,2ccz_A_A,2.7
557,27.103,GLY, ,O,38.26,12.87,0.0,1.85,1.0,<Residue GLY het=  resseq=69 icode= >,2ccz_A_A,2.7
558,0.0,SER, ,N,35.04,13.12,0.0,2.73,1.0,<Residue SER het=  resseq=70 icode= >,2ccz_A_A,2.7
559,6.344,SER, ,CA,34.87,14.24,0.0,2.70,1.0,<Residue SER het=  resseq=70 icode= >,2ccz_A_A,2.7
560,0.0,SER, ,C,34.67,13.46,0.0,3.64,1.0,<Residue SER het=  resseq=70 icode= >,2ccz_A_A,2.7
561,0.0,SER, ,O,34.99,12.41,0.0,2.28,1.0,<Residue SER het=  resseq=70 icode= >,2ccz_A_A,2.7
562,1.839,SER, ,CB,34.5,15.18,0.0,1.97,1.0,<Residue SER het=  resseq=70 icode= >,2ccz_A_A,2.7
563,10.475,SER, ,OG,36.48,16.27,0.0,1.37,1.0,<Residue SER het=  resseq=70 icode= >,2ccz_A_A,2.7
564,6.716,ARG, ,N,34.79,14.07,0.0,3.04,1.0,<Residue ARG het=  resseq=71 icode= >,2ccz_A_A,2.7
565,0.111,ARG, ,CA,36.83,13.61,0.0,2.53,1.0,<Residue ARG het=  resseq=71 icode= >,2ccz_A_A,2.7
566,0.251,ARG, ,C,36.4,14.67,0.0,2.80,1.0,<Residue ARG het=  resseq=71 icode= >,2ccz_A_A,2.7
567,1.636,ARG, ,O,36.27,15.79,0.0,1.79,1.0,<Residue ARG het=  resseq=71 icode= >,2ccz_A_A,2.7
568,2.629,ARG, ,CB,38.02,13.67,0.475,1.42,1.0,<Residue ARG het=  resseq=71 icode= >,2ccz_A_A,2.7
569,7.712,ARG, ,CG,40.57,12.36,1.186,1.78,1.0,<Residue ARG het=  resseq=71 icode= >,2ccz_A_A,2.7
570,27.767,ARG, ,CD,44.0,12.72,0.0,0.63,1.0,<Residue ARG het=  resseq=71 icode= >,2ccz_A_A,2.7
571,8.371,ARG, ,NE,46.45,13.58,6.461,0.27,1.0,<Residue ARG het=  resseq=71 icode= >,2ccz_A_A,2.7
572,4.508,ARG, ,CZ,49.02,14.36,0.164,1.15,1.0,<Residue ARG het=  resseq=71 icode= >,2ccz_A_A,2.7
573,35.89,ARG, ,NH1,50.49,14.43,0.0,0.48,1.0,<Residue ARG het=  resseq=71 icode= >,2ccz_A_A,2.7
574,42.028,ARG, ,NH2,49.05,15.22,12.243,0.71,1.0,<Residue ARG het=  resseq=71 icode= >,2ccz_A_A,2.7
575,0.469,ILE, ,N,36.0,14.39,0.0,2.47,1.0,<Residue ILE het=  resseq=72 icode= >,2ccz_A_A,2.7
576,0.0,ILE, ,CA,37.0,15.47,0.0,2.07,1.0,<Residue ILE het=  resseq=72 icode= >,2ccz_A_A,2.7
577,0.0,ILE, ,C,36.87,15.21,0.0,2.88,1.0,<Residue ILE het=  resseq=72 icode= >,2ccz_A_A,2.7
578,0.586,ILE, ,O,36.14,14.11,0.0,2.16,1.0,<Residue ILE het=  resseq=72 icode= >,2ccz_A_A,2.7
579,0.0,ILE, ,CB,37.27,15.97,0.0,1.53,1.0,<Residue ILE het=  resseq=72 icode= >,2ccz_A_A,2.7
580,0.0,ILE, ,CG1,37.85,17.16,0.0,0.97,1.0,<Residue ILE het=  resseq=72 icode= >,2ccz_A_A,2.7
581,0.0,ILE, ,CG2,35.86,14.91,0.0,0.65,1.0,<Residue ILE het=  resseq=72 icode= >,2ccz_A_A,2.7
582,2.051,ILE, ,CD1,40.73,18.07,0.0,0.18,1.0,<Residue ILE het=  resseq=72 icode= >,2ccz_A_A,2.7
583,0.0,THR, ,N,36.08,1000.00,0.0,1.95,1.0,<Residue THR het=  resseq=73 icode= >,2ccz_A_A,2.7
584,0.0,THR, ,CA,36.02,1000.00,0.0,1.51,1.0,<Residue THR het=  resseq=73 icode= >,2ccz_A_A,2.7
585,0.0,THR, ,C,34.17,1000.00,0.0,3.14,1.0,<Residue THR het=  resseq=73 icode= >,2ccz_A_A,2.7
586,0.558,THR, ,O,32.43,1000.00,0.0,2.10,1.0,<Residue THR het=  resseq=73 icode= >,2ccz_A_A,2.7
587,2.626,THR, ,CB,36.02,1000.00,0.393,1.20,1.0,<Residue THR het=  resseq=73 icode= >,2ccz_A_A,2.7
588,4.986,THR, ,OG1,39.24,1000.00,1.142,0.84,1.0,<Residue THR het=  resseq=73 icode= >,2ccz_A_A,2.7
589,18.615,THR, ,CG2,35.4,1000.00,0.0,-0.00,1.0,<Residue THR het=  resseq=73 icode= >,2ccz_A_A,2.7
590,0.0,VAL, ,N,33.06,17.52,0.0,2.49,1.0,<Residue VAL het=  resseq=74 icode= >,2ccz_A_A,2.7
591,0.0,VAL, ,CA,32.7,17.32,0.0,2.53,1.0,<Residue VAL het=  resseq=74 icode= >,2ccz_A_A,2.7
592,0.0,VAL, ,C,31.11,17.81,0.0,3.62,1.0,<Residue VAL het=  resseq=74 icode= >,2ccz_A_A,2.7
593,0.0,VAL, ,O,29.56,17.93,0.0,2.84,1.0,<Residue VAL het=  resseq=74 icode= >,2ccz_A_A,2.7
594,0.193,VAL, ,CB,33.0,15.90,0.0,1.79,1.0,<Residue VAL het=  resseq=74 icode= >,2ccz_A_A,2.7
595,1.403,VAL, ,CG1,32.66,15.37,0.0,0.77,1.0,<Residue VAL het=  resseq=74 icode= >,2ccz_A_A,2.7
596,0.0,VAL, ,CG2,34.85,15.04,0.0,0.35,1.0,<Residue VAL het=  resseq=74 icode= >,2ccz_A_A,2.7
597,0.0,GLN, ,N,30.71,18.21,0.0,2.47,1.0,<Residue GLN het=  resseq=75 icode= >,2ccz_A_A,2.7
598,0.0,GLN, ,CA,30.52,18.83,0.0,2.62,1.0,<Residue GLN het=  resseq=75 icode= >,2ccz_A_A,2.7
599,0.0,GLN, ,C,31.82,18.33,0.0,2.82,1.0,<Residue GLN het=  resseq=75 icode= >,2ccz_A_A,2.7
600,0.0,GLN, ,O,32.93,18.51,0.0,1.61,1.0,<Residue GLN het=  resseq=75 icode= >,2ccz_A_A,2.7
601,0.0,GLN, ,CB,29.67,20.34,0.0,2.29,1.0,<Residue GLN het=  resseq=75 icode= >,2ccz_A_A,2.7
602,1.321,GLN, ,CG,30.37,21.21,0.0,1.76,1.0,<Residue GLN het=  resseq=75 icode= >,2ccz_A_A,2.7
603,0.31,GLN, ,CD,31.4,22.65,0.0,2.85,1.0,<Residue GLN het=  resseq=75 icode= >,2ccz_A_A,2.7
604,28.665,GLN, ,OE1,33.91,23.61,0.0,1.31,1.0,<Residue GLN het=  resseq=75 icode= >,2ccz_A_A,2.7
605,16.593,GLN, ,NE2,31.11,22.65,0.0,1.10,1.0,<Residue GLN het=  resseq=75 icode= >,2ccz_A_A,2.7
606,0.0,GLY, ,N,31.04,17.83,0.0,1.50,1.0,<Residue GLY het=  resseq=76 icode= >,2ccz_A_A,2.7
607,1.448,GLY, ,CA,28.76,17.13,0.0,2.37,1.0,<Residue GLY het=  resseq=76 icode= >,2ccz_A_A,2.7
608,0.0,GLY, ,C,29.13,16.41,0.0,3.28,1.0,<Residue GLY het=  resseq=76 icode= >,2ccz_A_A,2.7
609,0.0,GLY, ,O,28.99,16.89,0.0,1.91,1.0,<Residue GLY het=  resseq=76 icode= >,2ccz_A_A,2.7
610,0.542,PHE, ,N,29.42,15.10,0.0,1.76,1.0,<Residue PHE het=  resseq=77 icode= >,2ccz_A_A,2.7
611,0.0,PHE, ,CA,29.03,14.17,0.0,2.28,1.0,<Residue PHE het=  resseq=77 icode= >,2ccz_A_A,2.7
612,0.0,PHE, ,C,29.38,13.40,0.0,3.57,1.0,<Residue PHE het=  resseq=77 icode= >,2ccz_A_A,2.7
613,0.0,PHE, ,O,30.12,13.25,0.0,2.32,1.0,<Residue PHE het=  resseq=77 icode= >,2ccz_A_A,2.7
614,1.754,PHE, ,CB,26.78,13.31,1.754,1.65,1.0,<Residue PHE het=  resseq=77 icode= >,2ccz_A_A,2.7
615,1.898,PHE, ,CG,23.54,12.45,1.898,1.56,1.0,<Residue PHE het=  resseq=77 icode= >,2ccz_A_A,2.7
616,14.533,PHE, ,CD1,21.8,13.07,6.951,1.02,1.0,<Residue PHE het=  resseq=77 icode= >,2ccz_A_A,2.7
617,7.257,PHE, ,CD2,23.45,11.13,7.257,1.10,1.0,<Residue PHE het=  resseq=77 icode= >,2ccz_A_A,2.7
618,30.961,PHE, ,CE1,20.61,12.49,22.248,1.23,1.0,<Residue PHE het=  resseq=77 icode= >,2ccz_A_A,2.7
619,13.449,PHE, ,CE2,19.57,10.43,13.37,2.04,1.0,<Residue PHE het=  resseq=77 icode= >,2ccz_A_A,2.7
620,24.224,PHE, ,CZ,20.17,11.18,22.606,1.65,1.0,<Residue PHE het=  resseq=77 icode= >,2ccz_A_A,2.7
621,0.0,ILE, ,N,30.68,12.93,0.0,2.11,1.0,<Residue ILE het=  resseq=78 icode= >,2ccz_A_A,2.7
622,0.0,ILE, ,CA,31.52,12.24,0.0,2.06,1.0,<Residue ILE het=  resseq=78 icode= >,2ccz_A_A,2.7
623,0.0,ILE, ,C,33.14,10.77,0.0,3.23,1.0,<Residue ILE het=  resseq=78 icode= >,2ccz_A_A,2.7
624,10.397,ILE, ,O,32.23,10.29,10.397,1.94,1.0,<Residue ILE het=  resseq=78 icode= >,2ccz_A_A,2.7
625,3.026,ILE, ,CB,31.52,12.93,3.026,1.56,1.0,<Residue ILE het=  resseq=78 icode= >,2ccz_A_A,2.7
626,11.145,ILE, ,CG1,31.18,12.76,9.06,1.26,1.0,<Residue ILE het=  resseq=78 icode= >,2ccz_A_A,2.7
627,37.128,ILE, ,CG2,32.7,12.01,37.128,0.06,1.0,<Residue ILE het=  resseq=78 icode= >,2ccz_A_A,2.7
628,1.186,ILE, ,CD1,35.6,12.87,1.186,0.08,1.0,<Residue ILE het=  resseq=78 icode= >,2ccz_A_A,2.7
629,0.0,SER, ,N,35.36,9.97,0.0,2.02,1.0,<Residue SER het=  resseq=79 icode= >,2ccz_A_A,2.7
630,6.164,SER, ,CA,37.76,8.54,6.164,2.28,1.0,<Residue SER het=  resseq=79 icode= >,2ccz_A_A,2.7
631,0.0,SER, ,C,38.65,8.17,0.0,3.06,1.0,<Residue SER het=  resseq=79 icode= >,2ccz_A_A,2.7
632,0.0,SER, ,O,38.59,8.83,0.0,2.01,1.0,<Residue SER het=  resseq=79 icode= >,2ccz_A_A,2.7
633,26.092,SER, ,CB,37.67,7.90,17.293,1.62,1.0,<Residue SER het=  resseq=79 icode= >,2ccz_A_A,2.7
634,2.971,SER, ,OG,39.19,8.04,0.0,1.16,1.0,<Residue SER het=  resseq=79 icode= >,2ccz_A_A,2.7
635,7.63,CYS, ,N,40.18,7.36,7.235,1.68,1.0,<Residue CYS het=  resseq=80 icode= >,2ccz_A_A,2.7
636,1.747,CYS, ,CA,41.52,7.41,0.0,1.70,1.0,<Residue CYS het=  resseq=80 icode= >,2ccz_A_A,2.7
637,3.086,CYS, ,C,42.94,6.40,1.655,2.39,1.0,<Residue CYS het=  resseq=80 icode= >,2ccz_A_A,2.7
638,21.957,CYS, ,O,42.54,5.21,14.554,1.93,1.0,<Residue CYS het=  resseq=80 icode= >,2ccz_A_A,2.7
639,1.397,CYS, ,CB,40.86,8.78,0.218,1.10,1.0,<Residue CYS het=  resseq=80 icode= >,2ccz_A_A,2.7
640,61.296,CYS, ,SG,39.32,9.10,45.753,2.71,1.0,<Residue CYS het=  resseq=80 icode= >,2ccz_A_A,2.7
641,0.0,HIS, ,N,45.76,6.85,0.0,1.24,1.0,<Residue HIS het=  resseq=81 icode= >,2ccz_A_A,2.7
642,11.193,HIS, ,CA,48.72,5.92,9.69,0.81,1.0,<Residue HIS het=  resseq=81 icode= >,2ccz_A_A,2.7
643,0.0,HIS, ,C,49.83,6.66,0.0,1.93,1.0,<Residue HIS het=  resseq=81 icode= >,2ccz_A_A,2.7
644,0.0,HIS, ,O,49.68,7.33,0.0,1.36,1.0,<Residue HIS het=  resseq=81 icode= >,2ccz_A_A,2.7
645,42.25,HIS, ,CB,48.21,4.52,28.681,0.76,1.0,<Residue HIS het=  resseq=81 icode= >,2ccz_A_A,2.7
646,8.554,LYS, ,N,51.8,6.87,2.194,1.70,1.0,<Residue LYS het=  resseq=82 icode= >,2ccz_A_A,2.7
647,0.0,LYS, ,CA,54.21,7.87,0.0,1.38,1.0,<Residue LYS het=  resseq=82 icode= >,2ccz_A_A,2.7
648,3.495,LYS, ,C,56.28,8.01,0.0,1.17,1.0,<Residue LYS het=  resseq=82 icode= >,2ccz_A_A,2.7
649,12.162,LYS, ,O,56.41,9.15,0.0,1.05,1.0,<Residue LYS het=  resseq=82 icode= >,2ccz_A_A,2.7
650,16.833,LYS, ,CB,54.02,9.26,0.0,0.55,1.0,<Residue LYS het=  resseq=82 icode= >,2ccz_A_A,2.7
651,13.85,LYS, ,CG,54.96,9.08,0.0,0.81,1.0,<Residue LYS het=  resseq=82 icode= >,2ccz_A_A,2.7
652,0.21,LYS, ,CD,54.42,7.99,0.0,1.01,1.0,<Residue LYS het=  resseq=82 icode= >,2ccz_A_A,2.7
653,16.426,LYS, ,CE,53.87,8.70,0.0,1.27,1.0,<Residue LYS het=  resseq=82 icode= >,2ccz_A_A,2.7
654,41.669,LYS, ,NZ,53.01,8.78,1.517,0.99,1.0,<Residue LYS het=  resseq=82 icode= >,2ccz_A_A,2.7
655,1.788,ALA, ,N,58.17,7.03,0.0,1.00,1.0,<Residue ALA het=  resseq=83 icode= >,2ccz_A_A,2.7
656,11.397,ALA, ,CA,59.78,7.43,0.0,1.32,1.0,<Residue ALA het=  resseq=83 icode= >,2ccz_A_A,2.7
657,0.0,ALA, ,C,61.16,7.35,0.0,1.76,1.0,<Residue ALA het=  resseq=83 icode= >,2ccz_A_A,2.7
658,0.0,ALA, ,O,61.26,6.57,0.0,1.15,1.0,<Residue ALA het=  resseq=83 icode= >,2ccz_A_A,2.7
659,56.012,ALA, ,CB,59.83,6.38,0.0,0.39,1.0,<Residue ALA het=  resseq=83 icode= >,2ccz_A_A,2.7
660,6.967,LYS, ,N,62.88,8.23,0.0,1.66,1.0,<Residue LYS het=  resseq=84 icode= >,2ccz_A_A,2.7
661,0.177,LYS, ,CA,65.1,8.03,0.0,1.47,1.0,<Residue LYS het=  resseq=84 icode= >,2ccz_A_A,2.7
662,3.0,LYS, ,C,65.88,6.75,0.0,1.28,1.0,<Residue LYS het=  resseq=84 icode= >,2ccz_A_A,2.7
663,22.1,LYS, ,O,66.58,6.92,0.0,0.81,1.0,<Residue LYS het=  resseq=84 icode= >,2ccz_A_A,2.7
664,26.887,LYS, ,CB,65.99,9.25,0.0,0.60,1.0,<Residue LYS het=  resseq=84 icode= >,2ccz_A_A,2.7
665,24.853,LYS, ,CG,68.03,10.53,0.0,0.43,1.0,<Residue LYS het=  resseq=84 icode= >,2ccz_A_A,2.7
666,23.868,LYS, ,CD,67.98,10.64,0.0,1.13,1.0,<Residue LYS het=  resseq=84 icode= >,2ccz_A_A,2.7
667,24.412,LYS, ,CE,69.0,11.63,0.0,1.07,1.0,<Residue LYS het=  resseq=84 icode= >,2ccz_A_A,2.7
668,43.335,LYS, ,NZ,68.46,12.89,0.0,0.95,1.0,<Residue LYS het=  resseq=84 icode= >,2ccz_A_A,2.7
669,0.131,ASN, ,N,66.12,5.75,0.0,0.28,1.0,<Residue ASN het=  resseq=85 icode= >,2ccz_A_A,2.7
670,2.995,ASN, ,CA,65.33,4.43,0.0,0.89,1.0,<Residue ASN het=  resseq=85 icode= >,2ccz_A_A,2.7
671,4.893,ASN, ,C,64.33,3.40,3.751,1.78,1.0,<Residue ASN het=  resseq=85 icode= >,2ccz_A_A,2.7
672,24.949,ASN, ,O,63.31,2.76,21.393,1.68,1.0,<Residue ASN het=  resseq=85 icode= >,2ccz_A_A,2.7
673,26.362,ASN, ,CB,66.34,4.77,0.0,0.91,1.0,<Residue ASN het=  resseq=85 icode= >,2ccz_A_A,2.7
674,7.301,ASN, ,CG,67.08,4.40,0.859,1.59,1.0,<Residue ASN het=  resseq=85 icode= >,2ccz_A_A,2.7
675,36.606,ASN, ,OD1,67.05,3.84,6.459,0.91,1.0,<Residue ASN het=  resseq=85 icode= >,2ccz_A_A,2.7
676,50.161,ASN, ,ND2,67.16,5.20,0.0,0.71,1.0,<Residue ASN het=  resseq=85 icode= >,2ccz_A_A,2.7
677,7.347,GLY, ,N,63.83,4.01,0.031,0.75,1.0,<Residue GLY het=  resseq=86 icode= >,2ccz_A_A,2.7
678,36.593,GLY, ,CA,62.77,3.59,27.623,1.05,1.0,<Residue GLY het=  resseq=86 icode= >,2ccz_A_A,2.7
679,1.203,GLY, ,C,62.07,4.59,0.879,1.64,1.0,<Residue GLY het=  resseq=86 icode= >,2ccz_A_A,2.7
680,12.109,GLY, ,O,62.54,4.57,4.411,0.61,1.0,<Residue GLY het=  resseq=86 icode= >,2ccz_A_A,2.7
681,3.857,LEU, ,N,61.08,5.70,0.0,1.30,1.0,<Residue LEU het=  resseq=87 icode= >,2ccz_A_A,2.7
682,0.0,LEU, ,CA,60.72,6.73,0.0,1.34,1.0,<Residue LEU het=  resseq=87 icode= >,2ccz_A_A,2.7
683,0.898,LEU, ,C,60.3,6.17,0.0,1.14,1.0,<Residue LEU het=  resseq=87 icode= >,2ccz_A_A,2.7
684,17.534,LEU, ,O,62.72,5.43,0.048,0.02,1.0,<Residue LEU het=  resseq=87 icode= >,2ccz_A_A,2.7
685,0.185,LEU, ,CB,60.81,8.07,0.0,0.90,1.0,<Residue LEU het=  resseq=87 icode= >,2ccz_A_A,2.7
686,6.232,LEU, ,CG,60.2,8.42,0.0,1.78,1.0,<Residue LEU het=  resseq=87 icode= >,2ccz_A_A,2.7
687,53.337,LEU, ,CD1,60.05,9.42,0.0,1.37,1.0,<Residue LEU het=  resseq=87 icode= >,2ccz_A_A,2.7
688,2.482,LEU, ,CD2,60.71,8.78,0.0,0.88,1.0,<Residue LEU het=  resseq=87 icode= >,2ccz_A_A,2.7
689,0.0,SER, ,N,58.46,5.99,0.0,1.15,1.0,<Residue SER het=  resseq=88 icode= >,2ccz_A_A,2.7
690,7.696,SER, ,CA,57.86,4.83,5.264,1.10,1.0,<Residue SER het=  resseq=88 icode= >,2ccz_A_A,2.7
691,0.672,SER, ,C,56.69,4.79,0.672,1.17,1.0,<Residue SER het=  resseq=88 icode= >,2ccz_A_A,2.7
692,0.0,SER, ,O,56.4,4.76,0.0,0.79,1.0,<Residue SER het=  resseq=88 icode= >,2ccz_A_A,2.7
693,23.924,SER, ,CB,58.56,5.24,3.987,0.59,1.0,<Residue SER het=  resseq=88 icode= >,2ccz_A_A,2.7
694,33.355,SER, ,OG,60.61,3.94,21.663,1.21,1.0,<Residue SER het=  resseq=88 icode= >,2ccz_A_A,2.7
695,0.832,LYS, ,N,54.49,4.96,0.094,1.02,1.0,<Residue LYS het=  resseq=89 icode= >,2ccz_A_A,2.7
696,0.28,LYS, ,CA,52.3,5.12,0.0,1.62,1.0,<Residue LYS het=  resseq=89 icode= >,2ccz_A_A,2.7
697,0.068,LYS, ,C,49.91,5.82,0.0,2.44,1.0,<Residue LYS het=  resseq=89 icode= >,2ccz_A_A,2.7
698,5.472,LYS, ,O,50.43,5.99,0.0,1.67,1.0,<Residue LYS het=  resseq=89 icode= >,2ccz_A_A,2.7
699,11.0,LYS, ,CB,53.01,4.03,6.912,1.00,1.0,<Residue LYS het=  resseq=89 icode= >,2ccz_A_A,2.7
700,19.645,LYS, ,CG,55.68,4.75,1.816,0.23,1.0,<Residue LYS het=  resseq=89 icode= >,2ccz_A_A,2.7
701,20.239,LYS, ,CD,56.39,4.56,4.643,0.76,1.0,<Residue LYS het=  resseq=89 icode= >,2ccz_A_A,2.7
702,36.043,LYS, ,CE,58.34,3.40,35.197,0.47,1.0,<Residue LYS het=  resseq=89 icode= >,2ccz_A_A,2.7
703,40.713,LYS, ,NZ,59.99,3.17,26.039,0.27,1.0,<Residue LYS het=  resseq=89 icode= >,2ccz_A_A,2.7
704,3.44,MET, ,N,46.53,6.61,0.0,1.84,1.0,<Residue MET het=  resseq=90 icode= >,2ccz_A_A,2.7
705,0.0,MET, ,CA,43.2,7.61,0.0,1.84,1.0,<Residue MET het=  resseq=90 icode= >,2ccz_A_A,2.7
706,0.0,MET, ,C,41.12,7.17,0.0,2.52,1.0,<Residue MET het=  resseq=90 icode= >,2ccz_A_A,2.7
707,0.434,MET, ,O,40.22,6.56,0.0,1.92,1.0,<Residue MET het=  resseq=90 icode= >,2ccz_A_A,2.7
708,38.928,MET, ,CB,44.33,8.76,27.568,0.49,1.0,<Residue MET het=  resseq=90 icode= >,2ccz_A_A,2.7
709,0.0,VAL, ,N,38.32,7.80,0.0,1.32,1.0,<Residue VAL het=  resseq=91 icode= >,2ccz_A_A,2.7
710,0.0,VAL, ,CA,34.48,7.85,0.0,1.14,1.0,<Residue VAL het=  resseq=91 icode= >,2ccz_A_A,2.7
711,0.0,VAL, ,C,32.19,9.28,0.0,3.72,1.0,<Residue VAL het=  resseq=91 icode= >,2ccz_A_A,2.7
712,0.0,VAL, ,O,31.07,9.94,0.0,2.67,1.0,<Residue VAL het=  resseq=91 icode= >,2ccz_A_A,2.7
713,6.262,VAL, ,CB,34.04,6.94,0.0,0.79,1.0,<Residue VAL het=  resseq=91 icode= >,2ccz_A_A,2.7
714,18.555,VAL, ,CG1,33.71,7.22,0.0,0.76,1.0,<Residue VAL het=  resseq=91 icode= >,2ccz_A_A,2.7
715,7.754,VAL, ,CG2,33.37,7.60,0.0,0.69,1.0,<Residue VAL het=  resseq=91 icode= >,2ccz_A_A,2.7
716,0.0,LEU, ,N,28.89,9.89,0.0,3.31,1.0,<Residue LEU het=  resseq=92 icode= >,2ccz_A_A,2.7
717,0.0,LEU, ,CA,27.11,11.28,0.0,3.20,1.0,<Residue LEU het=  resseq=92 icode= >,2ccz_A_A,2.7
718,0.0,LEU, ,C,28.3,11.56,0.0,2.91,1.0,<Residue LEU het=  resseq=92 icode= >,2ccz_A_A,2.7
719,0.0,LEU, ,O,29.33,11.65,0.0,1.65,1.0,<Residue LEU het=  resseq=92 icode= >,2ccz_A_A,2.7
720,0.0,LEU, ,CB,25.19,12.05,0.0,1.72,1.0,<Residue LEU het=  resseq=92 icode= >,2ccz_A_A,2.7
721,0.0,LEU, ,CG,24.39,13.45,0.0,2.01,1.0,<Residue LEU het=  resseq=92 icode= >,2ccz_A_A,2.7
722,0.0,LEU, ,CD1,23.53,14.36,0.0,1.22,1.0,<Residue LEU het=  resseq=92 icode= >,2ccz_A_A,2.7
723,0.0,LEU, ,CD2,22.84,14.02,0.0,0.95,1.0,<Residue LEU het=  resseq=92 icode= >,2ccz_A_A,2.7
724,0.0,HIS, ,N,27.36,11.91,0.0,2.48,1.0,<Residue HIS het=  resseq=93 icode= >,2ccz_A_A,2.7
725,0.0,HIS, ,CA,26.72,12.01,0.0,2.75,1.0,<Residue HIS het=  resseq=93 icode= >,2ccz_A_A,2.7
726,0.199,HIS, ,C,26.95,13.48,0.0,2.82,1.0,<Residue HIS het=  resseq=93 icode= >,2ccz_A_A,2.7
727,0.192,HIS, ,O,28.7,14.11,0.0,1.84,1.0,<Residue HIS het=  resseq=93 icode= >,2ccz_A_A,2.7
728,6.806,HIS, ,CB,26.07,11.21,0.0,1.47,1.0,<Residue HIS het=  resseq=93 icode= >,2ccz_A_A,2.7
729,0.0,HIS, ,CG,25.54,9.74,0.0,2.49,1.0,<Residue HIS het=  resseq=93 icode= >,2ccz_A_A,2.7
730,11.578,HIS, ,ND1,25.86,8.90,4.656,2.03,1.0,<Residue HIS het=  resseq=93 icode= >,2ccz_A_A,2.7
731,0.0,HIS, ,CD2,23.91,9.11,0.0,2.51,1.0,<Residue HIS het=  resseq=93 icode= >,2ccz_A_A,2.7
732,33.322,HIS, ,CE1,22.72,7.67,24.715,2.62,1.0,<Residue HIS het=  resseq=93 icode= >,2ccz_A_A,2.7
733,5.308,HIS, ,NE2,23.99,7.78,1.33,2.30,1.0,<Residue HIS het=  resseq=93 icode= >,2ccz_A_A,2.7
734,0.203,ALA, ,N,26.26,13.87,0.0,1.57,1.0,<Residue ALA het=  resseq=94 icode= >,2ccz_A_A,2.7
735,0.0,ALA, ,CA,24.27,15.27,0.0,2.61,1.0,<Residue ALA het=  resseq=94 icode= >,2ccz_A_A,2.7
736,1.187,ALA, ,C,22.77,15.50,0.0,3.75,1.0,<Residue ALA het=  resseq=94 icode= >,2ccz_A_A,2.7
737,12.055,ALA, ,O,23.22,14.65,0.0,1.67,1.0,<Residue ALA het=  resseq=94 icode= >,2ccz_A_A,2.7
738,6.276,ALA, ,CB,25.21,15.20,0.0,0.80,1.0,<Residue ALA het=  resseq=94 icode= >,2ccz_A_A,2.7
739,0.0,GLU, ,N,23.3,16.60,0.0,2.23,1.0,<Residue GLU het=  resseq=95 icode= >,2ccz_A_A,2.7
740,6.666,GLU, ,CA,23.73,16.89,0.0,2.05,1.0,<Residue GLU het=  resseq=95 icode= >,2ccz_A_A,2.7
741,0.79,GLU, ,C,23.82,18.16,0.0,3.05,1.0,<Residue GLU het=  resseq=95 icode= >,2ccz_A_A,2.7
742,16.014,GLU, ,O,23.07,18.50,0.0,2.22,1.0,<Residue GLU het=  resseq=95 icode= >,2ccz_A_A,2.7
743,22.991,GLU, ,CB,24.88,17.25,0.811,1.02,1.0,<Residue GLU het=  resseq=95 icode= >,2ccz_A_A,2.7
744,2.002,GLU, ,CG,25.91,18.53,0.0,0.81,1.0,<Residue GLU het=  resseq=95 icode= >,2ccz_A_A,2.7
745,11.333,GLU, ,CD,26.66,19.37,0.0,2.55,1.0,<Residue GLU het=  resseq=95 icode= >,2ccz_A_A,2.7
746,37.382,GLU, ,OE1,27.38,18.87,4.041,1.61,1.0,<Residue GLU het=  resseq=95 icode= >,2ccz_A_A,2.7
747,28.346,GLU, ,OE2,23.21,20.61,0.0,2.41,1.0,<Residue GLU het=  resseq=95 icode= >,2ccz_A_A,2.7
748,0.2,GLN, ,N,23.21,1000.00,0.0,2.53,1.0,<Residue GLN het=  resseq=96 icode= >,2ccz_A_A,2.7
749,5.355,GLN, ,CA,25.42,1000.00,0.0,2.39,1.0,<Residue GLN het=  resseq=96 icode= >,2ccz_A_A,2.7
750,0.304,GLN, ,C,26.28,1000.00,0.0,3.16,1.0,<Residue GLN het=  resseq=96 icode= >,2ccz_A_A,2.7
751,0.0,GLN, ,O,27.73,1000.00,0.0,1.84,1.0,<Residue GLN het=  resseq=96 icode= >,2ccz_A_A,2.7
752,7.998,GLN, ,CB,24.45,1000.00,0.0,2.45,1.0,<Residue GLN het=  resseq=96 icode= >,2ccz_A_A,2.7
753,0.364,GLN, ,CG,26.1,1000.00,0.0,1.38,1.0,<Residue GLN het=  resseq=96 icode= >,2ccz_A_A,2.7
754,2.413,GLN, ,CD,28.15,1000.00,0.0,2.22,1.0,<Residue GLN het=  resseq=96 icode= >,2ccz_A_A,2.7
755,31.423,GLN, ,OE1,29.22,1000.00,0.0,1.19,1.0,<Residue GLN het=  resseq=96 icode= >,2ccz_A_A,2.7
756,29.39,GLN, ,NE2,26.53,1000.00,0.0,1.36,1.0,<Residue GLN het=  resseq=96 icode= >,2ccz_A_A,2.7
757,6.011,ILE, ,N,25.16,1000.00,0.0,2.85,1.0,<Residue ILE het=  resseq=97 icode= >,2ccz_A_A,2.7
758,0.0,ILE, ,CA,26.58,1000.00,0.0,2.82,1.0,<Residue ILE het=  resseq=97 icode= >,2ccz_A_A,2.7
759,0.105,ILE, ,C,28.59,1000.00,0.0,3.36,1.0,<Residue ILE het=  resseq=97 icode= >,2ccz_A_A,2.7
760,15.55,ILE, ,O,27.11,1000.00,0.0,2.56,1.0,<Residue ILE het=  resseq=97 icode= >,2ccz_A_A,2.7
761,11.349,ILE, ,CB,26.61,1000.00,0.0,1.51,1.0,<Residue ILE het=  resseq=97 icode= >,2ccz_A_A,2.7
762,0.0,GLU, ,N,29.51,1000.00,0.0,2.50,1.0,<Residue GLU het=  resseq=98 icode= >,2ccz_A_A,2.7
763,4.548,GLU, ,CA,30.94,1000.00,0.0,2.59,1.0,<Residue GLU het=  resseq=98 icode= >,2ccz_A_A,2.7
764,0.0,GLU, ,C,31.45,1000.00,0.0,3.46,1.0,<Residue GLU het=  resseq=98 icode= >,2ccz_A_A,2.7
765,0.0,GLU, ,O,29.78,1000.00,0.0,2.75,1.0,<Residue GLU het=  resseq=98 icode= >,2ccz_A_A,2.7
766,24.38,GLU, ,CB,32.78,1000.00,0.0,1.43,1.0,<Residue GLU het=  resseq=98 icode= >,2ccz_A_A,2.7
767,3.741,GLU, ,CG,32.79,1000.00,0.0,1.23,1.0,<Residue GLU het=  resseq=98 icode= >,2ccz_A_A,2.7
768,5.311,GLU, ,CD,34.44,1000.00,0.0,2.09,1.0,<Residue GLU het=  resseq=98 icode= >,2ccz_A_A,2.7
769,12.79,GLU, ,OE1,35.3,1000.00,0.0,1.40,1.0,<Residue GLU het=  resseq=98 icode= >,2ccz_A_A,2.7
770,41.963,GLU, ,OE2,32.46,1000.00,0.0,1.50,1.0,<Residue GLU het=  resseq=98 icode= >,2ccz_A_A,2.7
771,4.128,LEU, ,N,33.17,1000.00,0.0,1.76,1.0,<Residue LEU het=  resseq=99 icode= >,2ccz_A_A,2.7
772,0.0,LEU, ,CA,34.01,1000.00,0.0,2.04,1.0,<Residue LEU het=  resseq=99 icode= >,2ccz_A_A,2.7
773,0.106,LEU, ,C,34.67,1000.00,0.0,2.92,1.0,<Residue LEU het=  resseq=99 icode= >,2ccz_A_A,2.7
774,23.562,LEU, ,O,36.41,1000.00,0.0,1.67,1.0,<Residue LEU het=  resseq=99 icode= >,2ccz_A_A,2.7
775,16.431,LEU, ,CB,34.06,1000.00,0.0,0.70,1.0,<Residue LEU het=  resseq=99 icode= >,2ccz_A_A,2.7
776,1.89,LEU, ,CG,34.0,1000.00,0.0,1.56,1.0,<Residue LEU het=  resseq=99 icode= >,2ccz_A_A,2.7
777,43.805,LEU, ,CD1,34.23,1000.00,0.0,0.67,1.0,<Residue LEU het=  resseq=99 icode= >,2ccz_A_A,2.7
778,3.15,LEU, ,CD2,32.9,1000.00,0.0,0.52,1.0,<Residue LEU het=  resseq=99 icode= >,2ccz_A_A,2.7
779,0.0,ILE, ,N,35.11,1000.00,0.0,2.47,1.0,<Residue ILE het=  resseq=100 icode= >,2ccz_A_A,2.7
780,6.626,ILE, ,CA,35.22,1000.00,0.0,2.60,1.0,<Residue ILE het=  resseq=100 icode= >,2ccz_A_A,2.7
781,2.062,ILE, ,C,35.81,1000.00,0.0,2.94,1.0,<Residue ILE het=  resseq=100 icode= >,2ccz_A_A,2.7
782,14.797,ILE, ,O,36.27,1000.00,0.24,2.09,1.0,<Residue ILE het=  resseq=100 icode= >,2ccz_A_A,2.7
783,27.496,ILE, ,CB,33.98,1000.00,15.019,1.19,1.0,<Residue ILE het=  resseq=100 icode= >,2ccz_A_A,2.7
784,0.412,ASP, ,N,38.35,1000.00,0.0,1.75,1.0,<Residue ASP het=  resseq=101 icode= >,2ccz_A_A,2.7
785,1.331,ASP, ,CA,39.98,1000.00,0.0,1.56,1.0,<Residue ASP het=  resseq=101 icode= >,2ccz_A_A,2.7
786,0.724,ASP, ,C,40.41,1000.00,0.0,1.48,1.0,<Residue ASP het=  resseq=101 icode= >,2ccz_A_A,2.7
787,17.924,ASP, ,O,40.35,1000.00,0.0,0.50,1.0,<Residue ASP het=  resseq=101 icode= >,2ccz_A_A,2.7
788,32.037,ASP, ,CB,39.6,1000.00,0.0,1.48,1.0,<Residue ASP het=  resseq=101 icode= >,2ccz_A_A,2.7
789,3.201,SER, ,N,41.23,1000.00,0.0,1.41,1.0,<Residue SER het=  resseq=102 icode= >,2ccz_A_A,2.7
790,8.799,SER, ,CA,41.53,1000.00,0.0,1.62,1.0,<Residue SER het=  resseq=102 icode= >,2ccz_A_A,2.7
791,0.0,SER, ,C,42.24,1000.00,0.0,2.42,1.0,<Residue SER het=  resseq=102 icode= >,2ccz_A_A,2.7
792,0.0,SER, ,O,41.52,1000.00,0.0,2.02,1.0,<Residue SER het=  resseq=102 icode= >,2ccz_A_A,2.7
793,33.678,SER, ,CB,42.17,1000.00,0.0,0.83,1.0,<Residue SER het=  resseq=102 icode= >,2ccz_A_A,2.7
794,18.321,SER, ,OG,42.15,1000.00,0.0,1.18,1.0,<Residue SER het=  resseq=102 icode= >,2ccz_A_A,2.7
795,1.671,VAL, ,N,42.44,1000.00,0.0,1.96,1.0,<Residue VAL het=  resseq=103 icode= >,2ccz_A_A,2.7
796,8.56,VAL, ,CA,43.14,1000.00,0.0,1.40,1.0,<Residue VAL het=  resseq=103 icode= >,2ccz_A_A,2.7
797,0.0,VAL, ,C,43.37,1000.00,0.0,2.39,1.0,<Residue VAL het=  resseq=103 icode= >,2ccz_A_A,2.7
798,0.529,VAL, ,O,43.04,1000.00,0.0,1.48,1.0,<Residue VAL het=  resseq=103 icode= >,2ccz_A_A,2.7
799,15.889,VAL, ,CB,42.69,1000.00,0.0,1.52,1.0,<Residue VAL het=  resseq=103 icode= >,2ccz_A_A,2.7
800,53.836,VAL, ,CG1,41.23,1000.00,0.0,1.33,1.0,<Residue VAL het=  resseq=103 icode= >,2ccz_A_A,2.7
801,40.068,VAL, ,CG2,43.55,1000.00,0.0,0.09,1.0,<Residue VAL het=  resseq=103 icode= >,2ccz_A_A,2.7
802,0.0,ASP, ,N,43.7,1000.00,0.0,1.70,1.0,<Residue ASP het=  resseq=104 icode= >,2ccz_A_A,2.7
803,6.671,ASP, ,CA,44.67,1000.00,0.0,2.26,1.0,<Residue ASP het=  resseq=104 icode= >,2ccz_A_A,2.7
804,0.699,ASP, ,C,44.94,1000.00,0.0,2.94,1.0,<Residue ASP het=  resseq=104 icode= >,2ccz_A_A,2.7
805,11.475,ASP, ,O,44.59,1000.00,0.0,1.87,1.0,<Residue ASP het=  resseq=104 icode= >,2ccz_A_A,2.7
806,31.531,ASP, ,CB,45.26,1000.00,0.0,1.87,1.0,<Residue ASP het=  resseq=104 icode= >,2ccz_A_A,2.7
807,9.214,ASP, ,CG,47.78,1000.00,0.0,1.96,1.0,<Residue ASP het=  resseq=104 icode= >,2ccz_A_A,2.7
808,41.32,ASP, ,OD1,46.85,1000.00,0.0,0.94,1.0,<Residue ASP het=  resseq=104 icode= >,2ccz_A_A,2.7
809,9.971,ASP, ,OD2,50.49,1000.00,0.0,0.41,1.0,<Residue ASP het=  resseq=104 icode= >,2ccz_A_A,2.7
810,0.349,LYS, ,N,45.15,1000.00,0.0,2.64,1.0,<Residue LYS het=  resseq=105 icode= >,2ccz_A_A,2.7
811,4.572,LYS, ,CA,45.33,1000.00,0.0,1.88,1.0,<Residue LYS het=  resseq=105 icode= >,2ccz_A_A,2.7
812,0.0,LYS, ,C,45.0,1000.00,0.0,1.83,1.0,<Residue LYS het=  resseq=105 icode= >,2ccz_A_A,2.7
813,0.0,LYS, ,O,45.02,1000.00,0.0,1.11,1.0,<Residue LYS het=  resseq=105 icode= >,2ccz_A_A,2.7
814,0.994,LYS, ,CB,44.31,1000.00,0.0,1.45,1.0,<Residue LYS het=  resseq=105 icode= >,2ccz_A_A,2.7
815,29.165,LYS, ,CG,43.84,1000.00,0.0,1.26,1.0,<Residue LYS het=  resseq=105 icode= >,2ccz_A_A,2.7
816,16.98,LYS, ,CD,44.36,1000.00,0.0,1.36,1.0,<Residue LYS het=  resseq=105 icode= >,2ccz_A_A,2.7
817,46.844,LYS, ,CE,44.03,1000.00,0.0,1.43,1.0,<Residue LYS het=  resseq=105 icode= >,2ccz_A_A,2.7
818,6.111,LYS, ,NZ,44.02,1000.00,0.0,1.50,1.0,<Residue LYS het=  resseq=105 icode= >,2ccz_A_A,2.7
819,0.0,LEU, ,N,44.57,1000.00,0.0,2.36,1.0,<Residue LEU het=  resseq=106 icode= >,2ccz_A_A,2.7
820,6.916,LEU, ,CA,44.5,1000.00,0.0,2.77,1.0,<Residue LEU het=  resseq=106 icode= >,2ccz_A_A,2.7
821,0.706,LEU, ,C,45.12,1000.00,0.0,2.13,1.0,<Residue LEU het=  resseq=106 icode= >,2ccz_A_A,2.7
822,3.225,LEU, ,O,45.59,1000.00,0.0,1.39,1.0,<Residue LEU het=  resseq=106 icode= >,2ccz_A_A,2.7
823,48.674,LEU, ,CB,44.75,1000.00,0.0,1.15,1.0,<Residue LEU het=  resseq=106 icode= >,2ccz_A_A,2.7
824,1.426,ALA, ,N,45.23,1000.00,0.0,1.07,1.0,<Residue ALA het=  resseq=107 icode= >,2ccz_A_A,2.7
825,3.424,ALA, ,CA,44.78,1000.00,0.0,1.50,1.0,<Residue ALA het=  resseq=107 icode= >,2ccz_A_A,2.7
826,0.0,ALA, ,C,44.09,1000.00,0.0,2.07,1.0,<Residue ALA het=  resseq=107 icode= >,2ccz_A_A,2.7
827,0.288,ALA, ,O,45.07,1000.00,0.0,1.13,1.0,<Residue ALA het=  resseq=107 icode= >,2ccz_A_A,2.7
828,34.557,ALA, ,CB,44.41,1000.00,0.0,0.57,1.0,<Residue ALA het=  resseq=107 icode= >,2ccz_A_A,2.7
829,0.0,ALA, ,N,43.56,1000.00,0.0,2.17,1.0,<Residue ALA het=  resseq=108 icode= >,2ccz_A_A,2.7
830,6.995,ALA, ,CA,45.04,1000.00,0.0,2.57,1.0,<Residue ALA het=  resseq=108 icode= >,2ccz_A_A,2.7
831,1.549,ALA, ,C,45.4,1000.00,0.0,2.97,1.0,<Residue ALA het=  resseq=108 icode= >,2ccz_A_A,2.7
832,0.314,ALA, ,O,45.0,1000.00,0.0,2.43,1.0,<Residue ALA het=  resseq=108 icode= >,2ccz_A_A,2.7
833,39.205,ALA, ,CB,45.29,1000.00,0.0,0.74,1.0,<Residue ALA het=  resseq=108 icode= >,2ccz_A_A,2.7
834,0.064,ALA, ,N,47.24,1000.00,0.0,2.13,1.0,<Residue ALA het=  resseq=109 icode= >,2ccz_A_A,2.7
835,9.151,ALA, ,CA,49.14,1000.00,0.0,1.58,1.0,<Residue ALA het=  resseq=109 icode= >,2ccz_A_A,2.7
836,2.597,ALA, ,C,50.22,1000.00,0.0,2.28,1.0,<Residue ALA het=  resseq=109 icode= >,2ccz_A_A,2.7
837,22.182,ALA, ,O,50.81,1000.00,0.0,1.34,1.0,<Residue ALA het=  resseq=109 icode= >,2ccz_A_A,2.7
838,51.349,ALA, ,CB,48.66,1000.00,0.0,0.10,1.0,<Residue ALA het=  resseq=109 icode= >,2ccz_A_A,2.7
839,0.0,LEU, ,N,51.0,1000.00,0.0,1.80,1.0,<Residue LEU het=  resseq=110 icode= >,2ccz_A_A,2.7
840,1.189,LEU, ,CA,52.64,1000.00,0.0,1.23,1.0,<Residue LEU het=  resseq=110 icode= >,2ccz_A_A,2.7
841,0.786,LEU, ,C,54.89,1000.00,0.0,2.01,1.0,<Residue LEU het=  resseq=110 icode= >,2ccz_A_A,2.7
842,11.483,LEU, ,O,55.25,1000.00,0.0,1.27,1.0,<Residue LEU het=  resseq=110 icode= >,2ccz_A_A,2.7
843,1.948,LEU, ,CB,49.81,1000.00,0.0,0.88,1.0,<Residue LEU het=  resseq=110 icode= >,2ccz_A_A,2.7
844,9.592,LEU, ,CG,47.4,1000.00,0.0,1.40,1.0,<Residue LEU het=  resseq=110 icode= >,2ccz_A_A,2.7
845,60.426,LEU, ,CD1,44.57,1000.00,0.0,1.24,1.0,<Residue LEU het=  resseq=110 icode= >,2ccz_A_A,2.7
846,60.67,LEU, ,CD2,47.01,1000.00,0.0,0.31,1.0,<Residue LEU het=  resseq=110 icode= >,2ccz_A_A,2.7
847,0.0,GLU, ,N,57.12,1000.00,0.0,1.85,1.0,<Residue GLU het=  resseq=111 icode= >,2ccz_A_A,2.7
848,6.954,GLU, ,CA,59.78,1000.00,0.0,1.74,1.0,<Residue GLU het=  resseq=111 icode= >,2ccz_A_A,2.7
849,0.0,GLU, ,C,60.67,1000.00,0.0,1.44,1.0,<Residue GLU het=  resseq=111 icode= >,2ccz_A_A,2.7
850,13.833,GLU, ,O,62.17,1000.00,0.0,0.98,1.0,<Residue GLU het=  resseq=111 icode= >,2ccz_A_A,2.7
851,24.761,GLU, ,CB,60.76,1000.00,0.0,1.12,1.0,<Residue GLU het=  resseq=111 icode= >,2ccz_A_A,2.7
852,7.397,GLU, ,CG,63.26,1000.00,0.0,0.80,1.0,<Residue GLU het=  resseq=111 icode= >,2ccz_A_A,2.7
853,12.821,GLU, ,CD,65.02,1000.00,0.0,1.34,1.0,<Residue GLU het=  resseq=111 icode= >,2ccz_A_A,2.7
854,22.141,GLU, ,OE1,65.34,1000.00,0.0,0.93,1.0,<Residue GLU het=  resseq=111 icode= >,2ccz_A_A,2.7
855,36.398,GLU, ,OE2,65.88,1000.00,0.0,0.71,1.0,<Residue GLU het=  resseq=111 icode= >,2ccz_A_A,2.7
856,0.001,HIS, ,N,61.05,1000.00,0.0,1.33,1.0,<Residue HIS het=  resseq=112 icode= >,2ccz_A_A,2.7
857,8.048,HIS, ,CA,61.61,1000.00,0.0,1.31,1.0,<Residue HIS het=  resseq=112 icode= >,2ccz_A_A,2.7
858,0.97,HIS, ,C,61.53,1000.00,0.0,2.31,1.0,<Residue HIS het=  resseq=112 icode= >,2ccz_A_A,2.7
859,21.099,HIS, ,O,61.0,1000.00,0.0,1.53,1.0,<Residue HIS het=  resseq=112 icode= >,2ccz_A_A,2.7
860,50.308,HIS, ,CB,62.01,1000.00,0.0,0.46,1.0,<Residue HIS het=  resseq=112 icode= >,2ccz_A_A,2.7
861,3.09,HIS, ,N,62.17,1000.00,0.0,1.88,1.0,<Residue HIS het=  resseq=113 icode= >,2ccz_A_A,2.7
862,13.121,HIS, ,CA,62.6,1000.00,0.0,1.86,1.0,<Residue HIS het=  resseq=113 icode= >,2ccz_A_A,2.7
863,0.656,HIS, ,C,62.21,1000.00,0.0,1.61,1.0,<Residue HIS het=  resseq=113 icode= >,2ccz_A_A,2.7
864,23.641,HIS, ,O,61.61,1000.00,0.0,1.55,1.0,<Residue HIS het=  resseq=113 icode= >,2ccz_A_A,2.7
865,35.98,HIS, ,CB,64.45,1000.00,0.0,1.10,1.0,<Residue HIS het=  resseq=113 icode= >,2ccz_A_A,2.7
866,2.405,HIS, ,CG,66.77,1000.00,0.0,0.87,1.0,<Residue HIS het=  resseq=113 icode= >,2ccz_A_A,2.7
867,5.96,HIS, ,ND1,67.34,1000.00,0.0,0.79,1.0,<Residue HIS het=  resseq=113 icode= >,2ccz_A_A,2.7
868,24.241,HIS, ,CD2,67.85,1000.00,0.0,0.69,1.0,<Residue HIS het=  resseq=113 icode= >,2ccz_A_A,2.7
869,29.493,HIS, ,CE1,67.29,1000.00,0.0,1.07,1.0,<Residue HIS het=  resseq=113 icode= >,2ccz_A_A,2.7
870,21.975,HIS, ,NE2,67.61,1000.00,0.0,1.14,1.0,<Residue HIS het=  resseq=113 icode= >,2ccz_A_A,2.7
871,0.0,HIS, ,N,61.13,1000.00,0.0,1.44,1.0,<Residue HIS het=  resseq=114 icode= >,2ccz_A_A,2.7
872,8.697,HIS, ,CA,59.56,1000.00,0.0,1.95,1.0,<Residue HIS het=  resseq=114 icode= >,2ccz_A_A,2.7
873,4.561,HIS, ,C,58.7,1000.00,0.0,1.70,1.0,<Residue HIS het=  resseq=114 icode= >,2ccz_A_A,2.7
874,22.013,HIS, ,O,57.9,1000.00,0.0,1.08,1.0,<Residue HIS het=  resseq=114 icode= >,2ccz_A_A,2.7
875,40.195,HIS, ,CB,59.42,1000.00,0.0,1.13,1.0,<Residue HIS het=  resseq=114 icode= >,2ccz_A_A,2.7
876,3.326,HIS, ,N,58.4,1000.00,0.0,0.92,1.0,<Residue HIS het=  resseq=115 icode= >,2ccz_A_A,2.7
877,13.441,HIS, ,CA,57.68,1000.00,0.0,1.11,1.0,<Residue HIS het=  resseq=115 icode= >,2ccz_A_A,2.7
878,33.361,HIS, ,C,57.35,1000.00,0.0,1.50,1.0,<Residue HIS het=  resseq=115 icode= >,2ccz_A_A,2.7
879,35.585,HIS, ,O,56.77,1000.00,0.0,1.52,1.0,<Residue HIS het=  resseq=115 icode= >,2ccz_A_A,2.7
880,64.556,HIS, ,CB,56.87,1000.00,0.0,0.60,1.0,<Residue HIS het=  resseq=115 icode= >,2ccz_A_A,2.7
