,ASA,aa,altloc,atom,bfac,d2r,dASA,dens,occ,residue,id,resolu
0,43.123,ALA, ,N,84.18,1000.00,0.0,1.48,1.0,<Residue ALA het=  resseq=10 icode= >,2zhg_A_A,2.8
1,14.166,ALA, ,CA,90.15,1000.00,0.0,2.03,1.0,<Residue ALA het=  resseq=10 icode= >,2zhg_A_A,2.8
2,0.506,ALA, ,C,138.64,1000.00,0.0,0.94,1.0,<Residue ALA het=  resseq=10 icode= >,2zhg_A_A,2.8
3,5.008,ALA, ,O,103.44,1000.00,0.0,0.87,1.0,<Residue ALA het=  resseq=10 icode= >,2zhg_A_A,2.8
4,55.786,ALA, ,CB,74.76,1000.00,0.0,1.52,1.0,<Residue ALA het=  resseq=10 icode= >,2zhg_A_A,2.8
5,3.789,LEU, ,N,120.29,1000.00,0.0,0.66,1.0,<Residue LEU het=  resseq=11 icode= >,2zhg_A_A,2.8
6,0.0,LEU, ,CA,82.31,1000.00,0.0,2.59,1.0,<Residue LEU het=  resseq=11 icode= >,2zhg_A_A,2.8
7,0.0,LEU, ,C,87.9,1000.00,0.0,2.77,1.0,<Residue LEU het=  resseq=11 icode= >,2zhg_A_A,2.8
8,14.944,LEU, ,O,91.39,1000.00,0.0,1.48,1.0,<Residue LEU het=  resseq=11 icode= >,2zhg_A_A,2.8
9,7.49,LEU, ,CB,77.0,1000.00,0.0,2.27,1.0,<Residue LEU het=  resseq=11 icode= >,2zhg_A_A,2.8
10,7.059,LEU, ,CG,73.87,1000.00,0.0,1.89,1.0,<Residue LEU het=  resseq=11 icode= >,2zhg_A_A,2.8
11,6.189,LEU, ,CD1,89.59,1000.00,0.0,-0.11,1.0,<Residue LEU het=  resseq=11 icode= >,2zhg_A_A,2.8
12,49.24,LEU, ,CD2,83.06,1000.00,0.0,-0.01,1.0,<Residue LEU het=  resseq=11 icode= >,2zhg_A_A,2.8
13,0.0,LEU, ,N,92.34,1000.00,0.0,1.88,1.0,<Residue LEU het=  resseq=12 icode= >,2zhg_A_A,2.8
14,0.0,LEU, ,CA,81.07,1000.00,0.0,2.75,1.0,<Residue LEU het=  resseq=12 icode= >,2zhg_A_A,2.8
15,0.0,LEU, ,C,79.0,1000.00,0.0,3.47,1.0,<Residue LEU het=  resseq=12 icode= >,2zhg_A_A,2.8
16,0.0,LEU, ,O,65.64,1000.00,0.0,2.49,1.0,<Residue LEU het=  resseq=12 icode= >,2zhg_A_A,2.8
17,0.0,LEU, ,CB,83.01,1000.00,0.0,1.42,1.0,<Residue LEU het=  resseq=12 icode= >,2zhg_A_A,2.8
18,0.0,LEU, ,CG,78.85,1000.00,0.0,1.86,1.0,<Residue LEU het=  resseq=12 icode= >,2zhg_A_A,2.8
19,0.0,LEU, ,CD1,93.18,1000.00,0.0,0.10,1.0,<Residue LEU het=  resseq=12 icode= >,2zhg_A_A,2.8
20,3.041,LEU, ,CD2,79.43,1000.00,0.0,0.25,1.0,<Residue LEU het=  resseq=12 icode= >,2zhg_A_A,2.8
21,0.0,THR, ,N,101.67,17.08,0.0,2.54,1.0,<Residue THR het=  resseq=13 icode= >,2zhg_A_A,2.8
22,0.0,THR, ,CA,92.33,16.32,0.0,2.80,1.0,<Residue THR het=  resseq=13 icode= >,2zhg_A_A,2.8
23,0.0,THR, ,C,93.08,14.83,0.0,2.69,1.0,<Residue THR het=  resseq=13 icode= >,2zhg_A_A,2.8
24,0.0,THR, ,O,91.53,14.51,0.0,1.50,1.0,<Residue THR het=  resseq=13 icode= >,2zhg_A_A,2.8
25,2.054,THR, ,CB,92.08,16.81,0.0,2.29,1.0,<Residue THR het=  resseq=13 icode= >,2zhg_A_A,2.8
26,12.447,THR, ,OG1,102.25,15.74,0.0,1.49,1.0,<Residue THR het=  resseq=13 icode= >,2zhg_A_A,2.8
27,26.503,THR, ,CG2,96.35,17.71,0.0,0.48,1.0,<Residue THR het=  resseq=13 icode= >,2zhg_A_A,2.8
28,0.0,PRO, ,N,86.97,14.00,0.0,3.19,1.0,<Residue PRO het=  resseq=14 icode= >,2zhg_A_A,2.8
29,0.0,PRO, ,CA,79.25,12.55,0.0,3.13,1.0,<Residue PRO het=  resseq=14 icode= >,2zhg_A_A,2.8
30,0.0,PRO, ,C,101.28,12.11,0.0,3.22,1.0,<Residue PRO het=  resseq=14 icode= >,2zhg_A_A,2.8
31,0.0,PRO, ,O,76.74,11.32,0.0,1.34,1.0,<Residue PRO het=  resseq=14 icode= >,2zhg_A_A,2.8
32,7.395,PRO, ,CB,76.23,12.11,0.0,1.72,1.0,<Residue PRO het=  resseq=14 icode= >,2zhg_A_A,2.8
33,9.529,PRO, ,CG,76.1,13.29,0.0,1.23,1.0,<Residue PRO het=  resseq=14 icode= >,2zhg_A_A,2.8
34,6.057,PRO, ,CD,76.11,14.44,0.0,2.03,1.0,<Residue PRO het=  resseq=14 icode= >,2zhg_A_A,2.8
35,2.92,GLY, ,N,68.76,12.81,0.0,3.11,1.0,<Residue GLY het=  resseq=15 icode= >,2zhg_A_A,2.8
36,28.973,GLY, ,CA,75.22,12.72,0.0,2.18,1.0,<Residue GLY het=  resseq=15 icode= >,2zhg_A_A,2.8
37,4.626,GLY, ,C,75.95,13.11,0.0,3.33,1.0,<Residue GLY het=  resseq=15 icode= >,2zhg_A_A,2.8
38,3.8,GLY, ,O,76.14,12.50,0.0,2.02,1.0,<Residue GLY het=  resseq=15 icode= >,2zhg_A_A,2.8
39,2.007,GLU, ,N,87.5,14.29,0.0,2.05,1.0,<Residue GLU het=  resseq=16 icode= >,2zhg_A_A,2.8
40,6.983,GLU, ,CA,92.72,14.94,0.0,1.87,1.0,<Residue GLU het=  resseq=16 icode= >,2zhg_A_A,2.8
41,0.0,GLU, ,C,95.25,14.08,0.0,1.90,1.0,<Residue GLU het=  resseq=16 icode= >,2zhg_A_A,2.8
42,0.0,GLU, ,O,92.8,13.75,0.0,1.24,1.0,<Residue GLU het=  resseq=16 icode= >,2zhg_A_A,2.8
43,0.709,GLU, ,CB,105.15,16.21,0.0,1.04,1.0,<Residue GLU het=  resseq=16 icode= >,2zhg_A_A,2.8
44,19.582,GLU, ,CG,103.3,17.18,0.0,1.10,1.0,<Residue GLU het=  resseq=16 icode= >,2zhg_A_A,2.8
45,2.052,GLU, ,CD,113.82,18.39,0.0,1.51,1.0,<Residue GLU het=  resseq=16 icode= >,2zhg_A_A,2.8
46,31.744,GLU, ,OE1,110.15,19.38,0.0,1.13,1.0,<Residue GLU het=  resseq=16 icode= >,2zhg_A_A,2.8
47,1.472,GLU, ,OE2,105.15,18.42,0.0,0.84,1.0,<Residue GLU het=  resseq=16 icode= >,2zhg_A_A,2.8
48,0.0,VAL, ,N,90.18,13.77,0.0,1.52,1.0,<Residue VAL het=  resseq=17 icode= >,2zhg_A_A,2.8
49,0.0,VAL, ,CA,88.08,13.12,0.0,2.89,1.0,<Residue VAL het=  resseq=17 icode= >,2zhg_A_A,2.8
50,0.0,VAL, ,C,88.08,11.90,0.0,3.76,1.0,<Residue VAL het=  resseq=17 icode= >,2zhg_A_A,2.8
51,0.0,VAL, ,O,70.86,11.71,0.0,2.06,1.0,<Residue VAL het=  resseq=17 icode= >,2zhg_A_A,2.8
52,0.0,VAL, ,CB,63.01,12.86,0.0,2.77,1.0,<Residue VAL het=  resseq=17 icode= >,2zhg_A_A,2.8
53,0.0,VAL, ,CG1,57.39,12.43,0.0,1.04,1.0,<Residue VAL het=  resseq=17 icode= >,2zhg_A_A,2.8
54,0.0,VAL, ,CG2,51.7,14.20,0.0,0.66,1.0,<Residue VAL het=  resseq=17 icode= >,2zhg_A_A,2.8
55,0.0,ALA, ,N,77.86,11.23,0.0,3.15,1.0,<Residue ALA het=  resseq=18 icode= >,2zhg_A_A,2.8
56,0.0,ALA, ,CA,83.7,10.10,0.0,2.80,1.0,<Residue ALA het=  resseq=18 icode= >,2zhg_A_A,2.8
57,1.193,ALA, ,C,86.06,10.41,0.0,3.02,1.0,<Residue ALA het=  resseq=18 icode= >,2zhg_A_A,2.8
58,3.292,ALA, ,O,87.47,9.74,0.0,1.42,1.0,<Residue ALA het=  resseq=18 icode= >,2zhg_A_A,2.8
59,13.112,ALA, ,CB,92.16,9.52,0.0,0.66,1.0,<Residue ALA het=  resseq=18 icode= >,2zhg_A_A,2.8
60,0.382,LYS, ,N,83.61,11.61,0.0,2.77,1.0,<Residue LYS het=  resseq=19 icode= >,2zhg_A_A,2.8
61,10.807,LYS, ,CA,88.32,12.21,0.0,3.66,1.0,<Residue LYS het=  resseq=19 icode= >,2zhg_A_A,2.8
62,1.299,LYS, ,C,83.8,12.74,0.0,3.87,1.0,<Residue LYS het=  resseq=19 icode= >,2zhg_A_A,2.8
63,21.082,LYS, ,O,94.65,12.68,0.0,2.23,1.0,<Residue LYS het=  resseq=19 icode= >,2zhg_A_A,2.8
64,51.395,LYS, ,CB,72.53,13.44,0.0,1.43,1.0,<Residue LYS het=  resseq=19 icode= >,2zhg_A_A,2.8
65,0.0,ARG, ,N,102.2,13.43,0.0,2.66,1.0,<Residue ARG het=  resseq=20 icode= >,2zhg_A_A,2.8
66,8.14,ARG, ,CA,94.0,14.17,0.0,2.50,1.0,<Residue ARG het=  resseq=20 icode= >,2zhg_A_A,2.8
67,1.305,ARG, ,C,96.11,13.41,0.0,2.95,1.0,<Residue ARG het=  resseq=20 icode= >,2zhg_A_A,2.8
68,26.396,ARG, ,O,95.34,14.05,0.0,1.51,1.0,<Residue ARG het=  resseq=20 icode= >,2zhg_A_A,2.8
69,4.968,ARG, ,CB,96.14,15.32,0.0,0.71,1.0,<Residue ARG het=  resseq=20 icode= >,2zhg_A_A,2.8
70,18.394,ARG, ,CG,100.58,16.33,0.0,0.40,1.0,<Residue ARG het=  resseq=20 icode= >,2zhg_A_A,2.8
71,12.287,ARG, ,CD,104.58,17.51,0.0,0.83,1.0,<Residue ARG het=  resseq=20 icode= >,2zhg_A_A,2.8
72,11.601,ARG, ,NE,107.69,18.29,0.0,1.31,1.0,<Residue ARG het=  resseq=20 icode= >,2zhg_A_A,2.8
73,4.538,ARG, ,CZ,111.03,19.30,0.0,1.12,1.0,<Residue ARG het=  resseq=20 icode= >,2zhg_A_A,2.8
74,3.308,ARG, ,NH1,111.08,19.67,0.0,0.12,1.0,<Residue ARG het=  resseq=20 icode= >,2zhg_A_A,2.8
75,37.623,ARG, ,NH2,104.58,20.03,0.0,0.31,1.0,<Residue ARG het=  resseq=20 icode= >,2zhg_A_A,2.8
76,0.0,SER, ,N,90.9,12.17,0.0,2.20,1.0,<Residue SER het=  resseq=21 icode= >,2zhg_A_A,2.8
77,5.815,SER, ,CA,93.26,11.48,0.0,2.95,1.0,<Residue SER het=  resseq=21 icode= >,2zhg_A_A,2.8
78,2.392,SER, ,C,84.24,10.53,0.0,3.56,1.0,<Residue SER het=  resseq=21 icode= >,2zhg_A_A,2.8
79,12.954,SER, ,O,93.26,10.33,0.0,1.51,1.0,<Residue SER het=  resseq=21 icode= >,2zhg_A_A,2.8
80,0.041,SER, ,CB,85.93,10.85,0.0,1.98,1.0,<Residue SER het=  resseq=21 icode= >,2zhg_A_A,2.8
81,0.02,SER, ,OG,98.95,11.89,0.0,-0.16,1.0,<Residue SER het=  resseq=21 icode= >,2zhg_A_A,2.8
82,0.009,GLY, ,N,82.69,9.95,0.0,2.61,1.0,<Residue GLY het=  resseq=22 icode= >,2zhg_A_A,2.8
83,30.647,GLY, ,CA,80.94,9.19,0.0,2.41,1.0,<Residue GLY het=  resseq=22 icode= >,2zhg_A_A,2.8
84,4.432,GLY, ,C,81.51,7.73,0.0,3.11,1.0,<Residue GLY het=  resseq=22 icode= >,2zhg_A_A,2.8
85,23.442,GLY, ,O,97.91,7.18,0.0,1.86,1.0,<Residue GLY het=  resseq=22 icode= >,2zhg_A_A,2.8
86,0.136,VAL, ,N,80.07,7.32,0.0,2.93,1.0,<Residue VAL het=  resseq=23 icode= >,2zhg_A_A,2.8
87,5.284,VAL, ,CA,77.65,6.06,0.0,3.48,1.0,<Residue VAL het=  resseq=23 icode= >,2zhg_A_A,2.8
88,3.771,VAL, ,C,75.96,5.67,0.0,4.11,1.0,<Residue VAL het=  resseq=23 icode= >,2zhg_A_A,2.8
89,3.072,VAL, ,O,79.31,6.67,0.0,2.04,1.0,<Residue VAL het=  resseq=23 icode= >,2zhg_A_A,2.8
90,0.335,VAL, ,CB,76.8,6.51,0.0,2.56,1.0,<Residue VAL het=  resseq=23 icode= >,2zhg_A_A,2.8
91,5.124,VAL, ,CG1,84.43,6.81,0.0,0.99,1.0,<Residue VAL het=  resseq=23 icode= >,2zhg_A_A,2.8
92,0.0,VAL, ,CG2,81.77,7.69,0.0,0.51,1.0,<Residue VAL het=  resseq=23 icode= >,2zhg_A_A,2.8
93,6.379,ALA, ,N,84.59,4.46,1.518,3.24,1.0,<Residue ALA het=  resseq=24 icode= >,2zhg_A_A,2.8
94,11.162,ALA, ,CA,67.88,4.54,0.0,3.32,1.0,<Residue ALA het=  resseq=24 icode= >,2zhg_A_A,2.8
95,0.0,ALA, ,C,74.41,4.93,0.0,3.51,1.0,<Residue ALA het=  resseq=24 icode= >,2zhg_A_A,2.8
96,0.0,ALA, ,O,84.59,5.01,0.0,2.25,1.0,<Residue ALA het=  resseq=24 icode= >,2zhg_A_A,2.8
97,40.005,ALA, ,CB,72.92,3.28,19.643,0.24,1.0,<Residue ALA het=  resseq=24 icode= >,2zhg_A_A,2.8
98,5.153,VAL, ,N,67.61,5.65,0.0,3.05,1.0,<Residue VAL het=  resseq=25 icode= >,2zhg_A_A,2.8
99,0.0,VAL, ,CA,62.21,6.43,0.0,3.78,1.0,<Residue VAL het=  resseq=25 icode= >,2zhg_A_A,2.8
100,0.0,VAL, ,C,62.96,5.66,0.0,4.33,1.0,<Residue VAL het=  resseq=25 icode= >,2zhg_A_A,2.8
101,0.0,VAL, ,O,60.07,6.25,0.0,2.30,1.0,<Residue VAL het=  resseq=25 icode= >,2zhg_A_A,2.8
102,10.471,VAL, ,CB,60.94,7.54,0.0,2.40,1.0,<Residue VAL het=  resseq=25 icode= >,2zhg_A_A,2.8
103,17.328,VAL, ,CG1,79.62,8.26,0.0,0.85,1.0,<Residue VAL het=  resseq=25 icode= >,2zhg_A_A,2.8
104,22.21,VAL, ,CG2,63.58,8.66,0.0,0.50,1.0,<Residue VAL het=  resseq=25 icode= >,2zhg_A_A,2.8
105,1.358,SER, ,N,65.78,4.65,0.0,2.81,1.0,<Residue SER het=  resseq=26 icode= >,2zhg_A_A,2.8
106,1.687,SER, ,CA,60.13,4.22,0.0,3.58,1.0,<Residue SER het=  resseq=26 icode= >,2zhg_A_A,2.8
107,0.623,SER, ,C,65.78,3.76,0.623,4.72,1.0,<Residue SER het=  resseq=26 icode= >,2zhg_A_A,2.8
108,3.224,SER, ,O,52.21,3.99,2.668,2.43,1.0,<Residue SER het=  resseq=26 icode= >,2zhg_A_A,2.8
109,43.842,SER, ,CB,64.72,3.60,34.542,2.51,1.0,<Residue SER het=  resseq=26 icode= >,2zhg_A_A,2.8
110,24.988,SER, ,OG,72.79,3.69,10.761,1.14,1.0,<Residue SER het=  resseq=26 icode= >,2zhg_A_A,2.8
111,0.493,ALA, ,N,56.94,3.24,0.493,3.96,1.0,<Residue ALA het=  resseq=27 icode= >,2zhg_A_A,2.8
112,6.774,ALA, ,CA,50.46,3.59,6.774,3.92,1.0,<Residue ALA het=  resseq=27 icode= >,2zhg_A_A,2.8
113,0.0,ALA, ,C,65.61,5.10,0.0,3.53,1.0,<Residue ALA het=  resseq=27 icode= >,2zhg_A_A,2.8
114,0.0,ALA, ,O,60.77,5.35,0.0,1.60,1.0,<Residue ALA het=  resseq=27 icode= >,2zhg_A_A,2.8
115,16.426,ALA, ,CB,73.68,3.67,12.312,1.58,1.0,<Residue ALA het=  resseq=27 icode= >,2zhg_A_A,2.8
116,0.0,LEU, ,N,57.39,5.81,0.0,3.14,1.0,<Residue LEU het=  resseq=28 icode= >,2zhg_A_A,2.8
117,0.0,LEU, ,CA,73.22,7.25,0.0,3.32,1.0,<Residue LEU het=  resseq=28 icode= >,2zhg_A_A,2.8
118,0.0,LEU, ,C,55.35,7.71,0.0,4.66,1.0,<Residue LEU het=  resseq=28 icode= >,2zhg_A_A,2.8
119,0.0,LEU, ,O,59.26,8.65,0.0,2.72,1.0,<Residue LEU het=  resseq=28 icode= >,2zhg_A_A,2.8
120,0.0,LEU, ,CB,50.46,8.06,0.0,2.08,1.0,<Residue LEU het=  resseq=28 icode= >,2zhg_A_A,2.8
121,0.0,LEU, ,CG,61.18,8.20,0.0,2.70,1.0,<Residue LEU het=  resseq=28 icode= >,2zhg_A_A,2.8
122,0.0,LEU, ,CD1,49.48,9.24,0.0,0.87,1.0,<Residue LEU het=  resseq=28 icode= >,2zhg_A_A,2.8
123,0.0,LEU, ,CD2,68.61,8.90,0.0,0.74,1.0,<Residue LEU het=  resseq=28 icode= >,2zhg_A_A,2.8
124,0.0,HIS, ,N,51.93,7.19,0.0,3.82,1.0,<Residue HIS het=  resseq=29 icode= >,2zhg_A_A,2.8
125,0.0,HIS, ,CA,78.13,7.18,0.0,4.07,1.0,<Residue HIS het=  resseq=29 icode= >,2zhg_A_A,2.8
126,0.99,HIS, ,C,61.47,6.83,0.0,3.77,1.0,<Residue HIS het=  resseq=29 icode= >,2zhg_A_A,2.8
127,2.823,HIS, ,O,78.13,7.72,0.0,2.09,1.0,<Residue HIS het=  resseq=29 icode= >,2zhg_A_A,2.8
128,16.539,HIS, ,CB,59.02,6.49,0.0,1.66,1.0,<Residue HIS het=  resseq=29 icode= >,2zhg_A_A,2.8
129,0.0,HIS, ,CG,58.87,7.37,0.0,3.53,1.0,<Residue HIS het=  resseq=29 icode= >,2zhg_A_A,2.8
130,0.0,HIS, ,ND1,80.35,8.55,0.0,2.19,1.0,<Residue HIS het=  resseq=29 icode= >,2zhg_A_A,2.8
131,27.253,HIS, ,CD2,51.48,7.14,0.0,2.84,1.0,<Residue HIS het=  resseq=29 icode= >,2zhg_A_A,2.8
132,4.392,HIS, ,CE1,60.27,9.04,0.0,1.87,1.0,<Residue HIS het=  resseq=29 icode= >,2zhg_A_A,2.8
133,19.768,HIS, ,NE2,61.71,7.76,0.0,2.14,1.0,<Residue HIS het=  resseq=29 icode= >,2zhg_A_A,2.8
134,0.464,PHE, ,N,66.86,5.76,0.0,2.65,1.0,<Residue PHE het=  resseq=30 icode= >,2zhg_A_A,2.8
135,4.124,PHE, ,CA,65.79,5.70,0.0,3.55,1.0,<Residue PHE het=  resseq=30 icode= >,2zhg_A_A,2.8
136,0.0,PHE, ,C,63.53,6.57,0.0,4.77,1.0,<Residue PHE het=  resseq=30 icode= >,2zhg_A_A,2.8
137,0.0,PHE, ,O,67.16,7.25,0.0,2.06,1.0,<Residue PHE het=  resseq=30 icode= >,2zhg_A_A,2.8
138,11.11,PHE, ,CB,61.28,4.60,9.501,2.03,1.0,<Residue PHE het=  resseq=30 icode= >,2zhg_A_A,2.8
139,2.03,PHE, ,CG,71.02,4.17,2.03,2.18,1.0,<Residue PHE het=  resseq=30 icode= >,2zhg_A_A,2.8
140,15.604,PHE, ,CD1,62.94,3.85,6.978,1.41,1.0,<Residue PHE het=  resseq=30 icode= >,2zhg_A_A,2.8
141,10.219,PHE, ,CD2,64.86,3.36,10.219,1.61,1.0,<Residue PHE het=  resseq=30 icode= >,2zhg_A_A,2.8
142,21.463,PHE, ,CE1,60.81,3.67,10.331,1.99,1.0,<Residue PHE het=  resseq=30 icode= >,2zhg_A_A,2.8
143,11.494,PHE, ,CE2,71.02,3.40,11.494,1.84,1.0,<Residue PHE het=  resseq=30 icode= >,2zhg_A_A,2.8
144,16.158,PHE, ,CZ,59.52,3.69,16.013,1.58,1.0,<Residue PHE het=  resseq=30 icode= >,2zhg_A_A,2.8
145,0.0,TYR, ,N,84.32,6.43,0.0,4.04,1.0,<Residue TYR het=  resseq=31 icode= >,2zhg_A_A,2.8
146,0.0,TYR, ,CA,65.58,6.92,0.0,4.04,1.0,<Residue TYR het=  resseq=31 icode= >,2zhg_A_A,2.8
147,0.0,TYR, ,C,70.74,8.42,0.0,3.55,1.0,<Residue TYR het=  resseq=31 icode= >,2zhg_A_A,2.8
148,0.0,TYR, ,O,72.11,9.08,0.0,1.79,1.0,<Residue TYR het=  resseq=31 icode= >,2zhg_A_A,2.8
149,0.0,TYR, ,CB,62.01,6.85,0.0,2.67,1.0,<Residue TYR het=  resseq=31 icode= >,2zhg_A_A,2.8
150,0.0,TYR, ,CG,65.87,5.59,0.0,2.93,1.0,<Residue TYR het=  resseq=31 icode= >,2zhg_A_A,2.8
151,0.0,TYR, ,CD1,71.63,5.69,0.0,1.17,1.0,<Residue TYR het=  resseq=31 icode= >,2zhg_A_A,2.8
152,0.0,TYR, ,CD2,65.69,4.60,0.0,1.91,1.0,<Residue TYR het=  resseq=31 icode= >,2zhg_A_A,2.8
153,0.0,TYR, ,CE1,61.56,4.90,0.0,2.25,1.0,<Residue TYR het=  resseq=31 icode= >,2zhg_A_A,2.8
154,3.433,TYR, ,CE2,66.19,3.43,3.433,2.12,1.0,<Residue TYR het=  resseq=31 icode= >,2zhg_A_A,2.8
155,0.427,TYR, ,CZ,71.63,3.57,0.427,3.56,1.0,<Residue TYR het=  resseq=31 icode= >,2zhg_A_A,2.8
156,14.996,TYR, ,OH,58.65,2.82,11.213,1.89,1.0,<Residue TYR het=  resseq=31 icode= >,2zhg_A_A,2.8
157,0.0,GLU, ,N,74.76,9.11,0.0,3.19,1.0,<Residue GLU het=  resseq=32 icode= >,2zhg_A_A,2.8
158,0.0,GLU, ,CA,59.19,10.55,0.0,3.74,1.0,<Residue GLU het=  resseq=32 icode= >,2zhg_A_A,2.8
159,0.158,GLU, ,C,57.21,10.86,0.0,4.90,1.0,<Residue GLU het=  resseq=32 icode= >,2zhg_A_A,2.8
160,10.184,GLU, ,O,74.76,11.86,0.0,2.35,1.0,<Residue GLU het=  resseq=32 icode= >,2zhg_A_A,2.8
161,0.543,GLU, ,CB,60.29,11.05,0.0,1.46,1.0,<Residue GLU het=  resseq=32 icode= >,2zhg_A_A,2.8
162,12.66,GLU, ,CG,59.35,12.37,0.0,1.37,1.0,<Residue GLU het=  resseq=32 icode= >,2zhg_A_A,2.8
163,1.703,GLU, ,CD,91.01,12.62,0.0,3.34,1.0,<Residue GLU het=  resseq=32 icode= >,2zhg_A_A,2.8
164,12.295,GLU, ,OE1,64.58,13.58,0.0,1.84,1.0,<Residue GLU het=  resseq=32 icode= >,2zhg_A_A,2.8
165,0.0,GLU, ,OE2,61.76,12.00,0.0,2.55,1.0,<Residue GLU het=  resseq=32 icode= >,2zhg_A_A,2.8
166,0.362,SER, ,N,55.34,9.90,0.0,3.30,1.0,<Residue SER het=  resseq=33 icode= >,2zhg_A_A,2.8
167,11.999,SER, ,CA,55.39,9.75,0.0,4.12,1.0,<Residue SER het=  resseq=33 icode= >,2zhg_A_A,2.8
168,0.387,SER, ,C,60.05,9.72,0.0,4.38,1.0,<Residue SER het=  resseq=33 icode= >,2zhg_A_A,2.8
169,29.639,SER, ,O,64.31,10.38,0.0,2.47,1.0,<Residue SER het=  resseq=33 icode= >,2zhg_A_A,2.8
170,40.346,SER, ,CB,43.95,8.67,0.0,2.98,1.0,<Residue SER het=  resseq=33 icode= >,2zhg_A_A,2.8
171,8.32,SER, ,OG,64.03,7.36,0.0,2.02,1.0,<Residue SER het=  resseq=33 icode= >,2zhg_A_A,2.8
172,0.0,LYS, ,N,67.35,9.20,0.0,2.88,1.0,<Residue LYS het=  resseq=34 icode= >,2zhg_A_A,2.8
173,2.421,LYS, ,CA,88.21,9.05,0.0,2.84,1.0,<Residue LYS het=  resseq=34 icode= >,2zhg_A_A,2.8
174,3.997,LYS, ,C,67.45,9.70,0.0,4.01,1.0,<Residue LYS het=  resseq=34 icode= >,2zhg_A_A,2.8
175,16.068,LYS, ,O,70.06,9.27,0.0,1.92,1.0,<Residue LYS het=  resseq=34 icode= >,2zhg_A_A,2.8
176,2.112,LYS, ,CB,63.29,7.63,0.0,1.29,1.0,<Residue LYS het=  resseq=34 icode= >,2zhg_A_A,2.8
177,0.051,LYS, ,CG,63.24,6.87,0.0,0.77,1.0,<Residue LYS het=  resseq=34 icode= >,2zhg_A_A,2.8
178,25.441,LYS, ,CD,78.0,6.88,0.0,0.40,1.0,<Residue LYS het=  resseq=34 icode= >,2zhg_A_A,2.8
179,38.011,LYS, ,CE,90.23,6.05,0.16,0.63,1.0,<Residue LYS het=  resseq=34 icode= >,2zhg_A_A,2.8
180,21.27,LYS, ,NZ,83.39,4.56,11.155,0.44,1.0,<Residue LYS het=  resseq=34 icode= >,2zhg_A_A,2.8
181,0.192,GLY, ,N,79.76,10.92,0.0,2.85,1.0,<Residue GLY het=  resseq=35 icode= >,2zhg_A_A,2.8
182,26.909,GLY, ,CA,65.01,11.84,0.0,2.66,1.0,<Residue GLY het=  resseq=35 icode= >,2zhg_A_A,2.8
183,1.595,GLY, ,C,63.1,11.60,0.0,3.71,1.0,<Residue GLY het=  resseq=35 icode= >,2zhg_A_A,2.8
184,18.674,GLY, ,O,72.82,12.02,0.0,2.12,1.0,<Residue GLY het=  resseq=35 icode= >,2zhg_A_A,2.8
185,0.0,LEU, ,N,84.44,10.61,0.0,3.34,1.0,<Residue LEU het=  resseq=36 icode= >,2zhg_A_A,2.8
186,0.102,LEU, ,CA,62.84,10.27,0.0,2.86,1.0,<Residue LEU het=  resseq=36 icode= >,2zhg_A_A,2.8
187,3.387,LEU, ,C,66.56,10.86,0.0,3.05,1.0,<Residue LEU het=  resseq=36 icode= >,2zhg_A_A,2.8
188,3.087,LEU, ,O,69.68,11.13,0.0,1.62,1.0,<Residue LEU het=  resseq=36 icode= >,2zhg_A_A,2.8
189,0.0,LEU, ,CB,58.05,8.80,0.0,1.39,1.0,<Residue LEU het=  resseq=36 icode= >,2zhg_A_A,2.8
190,0.0,LEU, ,CG,59.49,8.34,0.0,2.06,1.0,<Residue LEU het=  resseq=36 icode= >,2zhg_A_A,2.8
191,0.0,LEU, ,CD1,68.8,6.88,0.0,0.46,1.0,<Residue LEU het=  resseq=36 icode= >,2zhg_A_A,2.8
192,1.141,LEU, ,CD2,45.18,8.77,0.0,1.27,1.0,<Residue LEU het=  resseq=36 icode= >,2zhg_A_A,2.8
193,0.232,ILE, ,N,63.04,11.27,0.0,2.95,1.0,<Residue ILE het=  resseq=37 icode= >,2zhg_A_A,2.8
194,5.177,ILE, ,CA,56.79,12.10,0.0,3.60,1.0,<Residue ILE het=  resseq=37 icode= >,2zhg_A_A,2.8
195,0.988,ILE, ,C,60.27,13.08,0.0,3.48,1.0,<Residue ILE het=  resseq=37 icode= >,2zhg_A_A,2.8
196,4.644,ILE, ,O,62.72,12.94,0.0,2.51,1.0,<Residue ILE het=  resseq=37 icode= >,2zhg_A_A,2.8
197,0.0,ILE, ,CB,48.3,11.35,0.0,3.49,1.0,<Residue ILE het=  resseq=37 icode= >,2zhg_A_A,2.8
198,0.0,ILE, ,CG1,78.63,10.47,0.0,1.74,1.0,<Residue ILE het=  resseq=37 icode= >,2zhg_A_A,2.8
199,0.0,ILE, ,CG2,45.54,10.50,0.0,1.82,1.0,<Residue ILE het=  resseq=37 icode= >,2zhg_A_A,2.8
200,0.0,ILE, ,CD1,54.2,9.99,0.0,0.25,1.0,<Residue ILE het=  resseq=37 icode= >,2zhg_A_A,2.8
201,5.036,THR, ,N,85.69,14.17,0.0,1.86,1.0,<Residue THR het=  resseq=38 icode= >,2zhg_A_A,2.8
202,1.054,THR, ,CA,71.32,15.20,0.0,3.11,1.0,<Residue THR het=  resseq=38 icode= >,2zhg_A_A,2.8
203,0.676,THR, ,C,72.23,15.57,0.0,3.81,1.0,<Residue THR het=  resseq=38 icode= >,2zhg_A_A,2.8
204,5.922,THR, ,O,70.04,15.46,0.0,2.07,1.0,<Residue THR het=  resseq=38 icode= >,2zhg_A_A,2.8
205,16.717,THR, ,CB,72.79,16.53,0.0,2.27,1.0,<Residue THR het=  resseq=38 icode= >,2zhg_A_A,2.8
206,31.217,THR, ,OG1,84.58,16.39,0.0,0.60,1.0,<Residue THR het=  resseq=38 icode= >,2zhg_A_A,2.8
207,48.5,THR, ,CG2,95.41,17.54,0.0,0.53,1.0,<Residue THR het=  resseq=38 icode= >,2zhg_A_A,2.8
208,1.28,SER, ,N,72.26,16.21,0.0,2.91,1.0,<Residue SER het=  resseq=39 icode= >,2zhg_A_A,2.8
209,0.944,SER, ,CA,93.3,16.51,0.0,3.15,1.0,<Residue SER het=  resseq=39 icode= >,2zhg_A_A,2.8
210,2.982,SER, ,C,74.4,17.78,0.0,2.90,1.0,<Residue SER het=  resseq=39 icode= >,2zhg_A_A,2.8
211,15.858,SER, ,O,93.3,18.44,0.0,2.02,1.0,<Residue SER het=  resseq=39 icode= >,2zhg_A_A,2.8
212,1.139,SER, ,CB,68.08,15.32,0.0,1.64,1.0,<Residue SER het=  resseq=39 icode= >,2zhg_A_A,2.8
213,0.0,SER, ,OG,83.16,15.67,0.0,0.85,1.0,<Residue SER het=  resseq=39 icode= >,2zhg_A_A,2.8
214,0.0,ILE, ,N,87.16,18.20,0.0,2.30,1.0,<Residue ILE het=  resseq=40 icode= >,2zhg_A_A,2.8
215,4.147,ILE, ,CA,88.31,19.42,0.0,2.92,1.0,<Residue ILE het=  resseq=40 icode= >,2zhg_A_A,2.8
216,0.0,ILE, ,C,91.19,19.15,0.0,3.21,1.0,<Residue ILE het=  resseq=40 icode= >,2zhg_A_A,2.8
217,0.0,ILE, ,O,82.95,18.58,0.0,2.17,1.0,<Residue ILE het=  resseq=40 icode= >,2zhg_A_A,2.8
218,1.837,ILE, ,CB,91.98,20.60,0.0,1.70,1.0,<Residue ILE het=  resseq=40 icode= >,2zhg_A_A,2.8
219,24.556,ILE, ,CG1,93.62,21.58,0.0,0.77,1.0,<Residue ILE het=  resseq=40 icode= >,2zhg_A_A,2.8
220,16.114,ILE, ,CG2,106.58,21.34,0.0,0.20,1.0,<Residue ILE het=  resseq=40 icode= >,2zhg_A_A,2.8
221,60.003,ILE, ,CD1,95.65,22.81,0.0,-0.17,1.0,<Residue ILE het=  resseq=40 icode= >,2zhg_A_A,2.8
222,5.485,ARG, ,N,92.54,1000.00,0.0,2.69,1.0,<Residue ARG het=  resseq=41 icode= >,2zhg_A_A,2.8
223,0.0,ARG, ,CA,92.84,1000.00,0.0,2.74,1.0,<Residue ARG het=  resseq=41 icode= >,2zhg_A_A,2.8
224,0.0,ARG, ,C,93.25,1000.00,0.0,2.19,1.0,<Residue ARG het=  resseq=41 icode= >,2zhg_A_A,2.8
225,21.535,ARG, ,O,96.07,1000.00,0.0,1.44,1.0,<Residue ARG het=  resseq=41 icode= >,2zhg_A_A,2.8
226,13.466,ARG, ,CB,88.07,1000.00,0.0,1.78,1.0,<Residue ARG het=  resseq=41 icode= >,2zhg_A_A,2.8
227,21.766,ARG, ,CG,92.87,1000.00,0.0,0.77,1.0,<Residue ARG het=  resseq=41 icode= >,2zhg_A_A,2.8
228,0.0,ARG, ,CD,84.93,1000.00,0.0,0.91,1.0,<Residue ARG het=  resseq=41 icode= >,2zhg_A_A,2.8
229,5.028,ARG, ,NE,81.21,1000.00,0.0,2.38,1.0,<Residue ARG het=  resseq=41 icode= >,2zhg_A_A,2.8
230,3.272,ARG, ,CZ,77.64,1000.00,0.0,3.07,1.0,<Residue ARG het=  resseq=41 icode= >,2zhg_A_A,2.8
231,12.034,ARG, ,NH1,92.87,1000.00,0.0,1.73,1.0,<Residue ARG het=  resseq=41 icode= >,2zhg_A_A,2.8
232,28.575,ARG, ,NH2,76.76,1000.00,0.0,0.96,1.0,<Residue ARG het=  resseq=41 icode= >,2zhg_A_A,2.8
233,0.0,ASN, ,N,93.36,13.77,0.0,1.97,1.0,<Residue ASN het=  resseq=42 icode= >,2zhg_A_A,2.8
234,8.294,ASN, ,CA,95.44,13.93,0.0,2.79,1.0,<Residue ASN het=  resseq=42 icode= >,2zhg_A_A,2.8
235,2.656,ASN, ,C,95.16,12.87,0.0,2.91,1.0,<Residue ASN het=  resseq=42 icode= >,2zhg_A_A,2.8
236,6.703,ASN, ,O,100.26,12.26,0.0,2.04,1.0,<Residue ASN het=  resseq=42 icode= >,2zhg_A_A,2.8
237,12.71,ASN, ,CB,96.84,13.53,0.0,1.47,1.0,<Residue ASN het=  resseq=42 icode= >,2zhg_A_A,2.8
238,0.0,ASN, ,CG,96.42,12.04,0.0,1.75,1.0,<Residue ASN het=  resseq=42 icode= >,2zhg_A_A,2.8
239,0.0,ASN, ,OD1,127.52,11.27,0.0,0.29,1.0,<Residue ASN het=  resseq=42 icode= >,2zhg_A_A,2.8
240,23.72,ASN, ,ND2,96.94,11.74,0.0,0.49,1.0,<Residue ASN het=  resseq=42 icode= >,2zhg_A_A,2.8
241,6.651,SER, ,N,131.48,12.82,0.0,1.51,1.0,<Residue SER het=  resseq=43 icode= >,2zhg_A_A,2.8
242,11.749,SER, ,CA,89.84,12.04,0.0,2.57,1.0,<Residue SER het=  resseq=43 icode= >,2zhg_A_A,2.8
243,2.43,SER, ,C,131.48,10.54,0.0,2.99,1.0,<Residue SER het=  resseq=43 icode= >,2zhg_A_A,2.8
244,28.644,SER, ,O,92.54,9.95,0.0,1.50,1.0,<Residue SER het=  resseq=43 icode= >,2zhg_A_A,2.8
245,42.674,SER, ,CB,82.17,12.38,0.0,2.17,1.0,<Residue SER het=  resseq=43 icode= >,2zhg_A_A,2.8
246,36.863,SER, ,OG,91.29,12.48,0.0,0.40,1.0,<Residue SER het=  resseq=43 icode= >,2zhg_A_A,2.8
247,1.164,GLY, ,N,88.73,10.05,0.0,2.31,1.0,<Residue GLY het=  resseq=44 icode= >,2zhg_A_A,2.8
248,31.37,GLY, ,CA,86.99,8.68,0.0,1.63,1.0,<Residue GLY het=  resseq=44 icode= >,2zhg_A_A,2.8
249,2.472,GLY, ,C,92.48,8.72,0.0,2.43,1.0,<Residue GLY het=  resseq=44 icode= >,2zhg_A_A,2.8
250,13.001,GLY, ,O,92.31,8.08,0.0,1.56,1.0,<Residue GLY het=  resseq=44 icode= >,2zhg_A_A,2.8
251,4.03,ASN, ,N,95.68,9.69,0.0,1.79,1.0,<Residue ASN het=  resseq=45 icode= >,2zhg_A_A,2.8
252,2.878,ASN, ,CA,90.23,9.70,0.0,2.57,1.0,<Residue ASN het=  resseq=45 icode= >,2zhg_A_A,2.8
253,1.171,ASN, ,C,91.15,9.33,0.0,3.47,1.0,<Residue ASN het=  resseq=45 icode= >,2zhg_A_A,2.8
254,2.209,ASN, ,O,86.99,9.32,0.0,1.66,1.0,<Residue ASN het=  resseq=45 icode= >,2zhg_A_A,2.8
255,25.054,ASN, ,CB,92.72,8.82,0.0,1.85,1.0,<Residue ASN het=  resseq=45 icode= >,2zhg_A_A,2.8
256,5.471,ASN, ,CG,88.54,9.07,0.0,2.76,1.0,<Residue ASN het=  resseq=45 icode= >,2zhg_A_A,2.8
257,19.021,ASN, ,OD1,79.46,10.25,0.0,2.48,1.0,<Residue ASN het=  resseq=45 icode= >,2zhg_A_A,2.8
258,47.43,ASN, ,ND2,91.88,8.12,0.0,0.86,1.0,<Residue ASN het=  resseq=45 icode= >,2zhg_A_A,2.8
259,0.0,GLN, ,N,88.1,9.32,0.0,2.72,1.0,<Residue GLN het=  resseq=46 icode= >,2zhg_A_A,2.8
260,5.46,GLN, ,CA,86.93,9.33,0.0,2.78,1.0,<Residue GLN het=  resseq=46 icode= >,2zhg_A_A,2.8
261,0.0,GLN, ,C,88.69,10.71,0.0,3.20,1.0,<Residue GLN het=  resseq=46 icode= >,2zhg_A_A,2.8
262,0.0,GLN, ,O,90.43,11.70,0.0,1.49,1.0,<Residue GLN het=  resseq=46 icode= >,2zhg_A_A,2.8
263,0.419,GLN, ,CB,84.47,9.30,0.0,1.93,1.0,<Residue GLN het=  resseq=46 icode= >,2zhg_A_A,2.8
264,24.475,GLN, ,CG,81.69,7.98,0.0,1.66,1.0,<Residue GLN het=  resseq=46 icode= >,2zhg_A_A,2.8
265,5.698,GLN, ,CD,79.19,7.79,0.0,2.38,1.0,<Residue GLN het=  resseq=46 icode= >,2zhg_A_A,2.8
266,18.331,GLN, ,OE1,73.44,8.75,0.0,1.83,1.0,<Residue GLN het=  resseq=46 icode= >,2zhg_A_A,2.8
267,53.836,GLN, ,NE2,86.0,6.71,0.0,1.06,1.0,<Residue GLN het=  resseq=46 icode= >,2zhg_A_A,2.8
268,2.072,ARG, ,N,84.98,11.93,0.0,1.98,1.0,<Residue ARG het=  resseq=47 icode= >,2zhg_A_A,2.8
269,0.0,ARG, ,CA,75.36,13.37,0.0,2.74,1.0,<Residue ARG het=  resseq=47 icode= >,2zhg_A_A,2.8
270,0.0,ARG, ,C,90.72,14.00,0.0,3.13,1.0,<Residue ARG het=  resseq=47 icode= >,2zhg_A_A,2.8
271,0.0,ARG, ,O,75.92,13.46,0.0,1.49,1.0,<Residue ARG het=  resseq=47 icode= >,2zhg_A_A,2.8
272,0.0,ARG, ,CB,65.29,13.83,0.0,0.86,1.0,<Residue ARG het=  resseq=47 icode= >,2zhg_A_A,2.8
273,0.248,ARG, ,CG,57.53,13.64,0.0,1.22,1.0,<Residue ARG het=  resseq=47 icode= >,2zhg_A_A,2.8
274,0.0,ARG, ,CD,57.5,12.51,0.0,1.08,1.0,<Residue ARG het=  resseq=47 icode= >,2zhg_A_A,2.8
275,0.0,ARG, ,NE,60.17,11.67,0.0,2.77,1.0,<Residue ARG het=  resseq=47 icode= >,2zhg_A_A,2.8
276,0.0,ARG, ,CZ,57.5,11.35,0.0,3.71,1.0,<Residue ARG het=  resseq=47 icode= >,2zhg_A_A,2.8
277,20.132,ARG, ,NH1,58.32,11.82,0.0,1.38,1.0,<Residue ARG het=  resseq=47 icode= >,2zhg_A_A,2.8
278,27.145,ARG, ,NH2,53.4,10.74,0.0,1.55,1.0,<Residue ARG het=  resseq=47 icode= >,2zhg_A_A,2.8
279,0.0,ARG, ,N,70.39,17.25,0.0,3.07,1.0,<Residue ARG het=  resseq=48 icode= >,2zhg_A_A,2.8
280,0.0,ARG, ,CA,69.54,17.85,0.0,2.69,1.0,<Residue ARG het=  resseq=48 icode= >,2zhg_A_A,2.8
281,0.0,ARG, ,C,72.78,17.68,0.0,3.80,1.0,<Residue ARG het=  resseq=48 icode= >,2zhg_A_A,2.8
282,1.223,ARG, ,O,81.66,18.00,0.0,2.56,1.0,<Residue ARG het=  resseq=48 icode= >,2zhg_A_A,2.8
283,0.73,ARG, ,CB,77.34,19.35,0.0,0.40,1.0,<Residue ARG het=  resseq=48 icode= >,2zhg_A_A,2.8
284,5.638,ARG, ,CG,72.38,19.72,0.0,0.53,1.0,<Residue ARG het=  resseq=48 icode= >,2zhg_A_A,2.8
285,5.785,ARG, ,CD,84.1,19.38,0.0,0.58,1.0,<Residue ARG het=  resseq=48 icode= >,2zhg_A_A,2.8
286,0.0,ARG, ,NE,78.83,18.71,0.0,1.61,1.0,<Residue ARG het=  resseq=48 icode= >,2zhg_A_A,2.8
287,2.688,ARG, ,CZ,87.61,19.39,0.0,2.23,1.0,<Residue ARG het=  resseq=48 icode= >,2zhg_A_A,2.8
288,26.626,ARG, ,NH1,84.16,20.70,0.0,0.64,1.0,<Residue ARG het=  resseq=48 icode= >,2zhg_A_A,2.8
289,16.105,ARG, ,NH2,76.0,18.83,0.0,1.49,1.0,<Residue ARG het=  resseq=48 icode= >,2zhg_A_A,2.8
290,0.0,TYR, ,N,77.21,17.30,0.0,2.87,1.0,<Residue TYR het=  resseq=49 icode= >,2zhg_A_A,2.8
291,0.263,TYR, ,CA,79.06,17.24,0.0,2.76,1.0,<Residue TYR het=  resseq=49 icode= >,2zhg_A_A,2.8
292,0.0,TYR, ,C,83.5,18.39,0.0,3.29,1.0,<Residue TYR het=  resseq=49 icode= >,2zhg_A_A,2.8
293,0.0,TYR, ,O,82.4,18.97,0.0,1.63,1.0,<Residue TYR het=  resseq=49 icode= >,2zhg_A_A,2.8
294,0.0,TYR, ,CB,76.85,15.94,0.0,0.74,1.0,<Residue TYR het=  resseq=49 icode= >,2zhg_A_A,2.8
295,0.0,TYR, ,CG,93.91,14.69,0.0,1.30,1.0,<Residue TYR het=  resseq=49 icode= >,2zhg_A_A,2.8
296,0.0,TYR, ,CD1,74.78,14.08,0.0,0.75,1.0,<Residue TYR het=  resseq=49 icode= >,2zhg_A_A,2.8
297,0.0,TYR, ,CD2,73.36,14.25,0.0,1.17,1.0,<Residue TYR het=  resseq=49 icode= >,2zhg_A_A,2.8
298,0.0,TYR, ,CE1,72.82,13.01,0.0,1.62,1.0,<Residue TYR het=  resseq=49 icode= >,2zhg_A_A,2.8
299,0.0,TYR, ,CE2,93.24,13.19,0.0,1.34,1.0,<Residue TYR het=  resseq=49 icode= >,2zhg_A_A,2.8
300,0.0,TYR, ,CZ,73.12,12.54,0.0,2.29,1.0,<Residue TYR het=  resseq=49 icode= >,2zhg_A_A,2.8
301,0.0,TYR, ,OH,76.43,11.60,0.0,0.54,1.0,<Residue TYR het=  resseq=49 icode= >,2zhg_A_A,2.8
302,2.187,LYS, ,N,85.74,18.74,0.0,3.18,1.0,<Residue LYS het=  resseq=50 icode= >,2zhg_A_A,2.8
303,1.717,LYS, ,CA,91.12,19.65,0.0,3.27,1.0,<Residue LYS het=  resseq=50 icode= >,2zhg_A_A,2.8
304,0.115,LYS, ,C,91.66,19.08,0.0,3.66,1.0,<Residue LYS het=  resseq=50 icode= >,2zhg_A_A,2.8
305,0.0,LYS, ,O,107.77,18.18,0.0,1.35,1.0,<Residue LYS het=  resseq=50 icode= >,2zhg_A_A,2.8
306,12.096,LYS, ,CB,89.74,19.83,0.0,2.05,1.0,<Residue LYS het=  resseq=50 icode= >,2zhg_A_A,2.8
307,14.796,LYS, ,CG,97.4,21.26,0.0,1.13,1.0,<Residue LYS het=  resseq=50 icode= >,2zhg_A_A,2.8
308,22.374,LYS, ,CD,85.79,21.31,0.0,1.75,1.0,<Residue LYS het=  resseq=50 icode= >,2zhg_A_A,2.8
309,43.818,LYS, ,CE,87.93,22.72,0.0,0.93,1.0,<Residue LYS het=  resseq=50 icode= >,2zhg_A_A,2.8
310,43.441,LYS, ,NZ,94.15,23.59,0.0,0.19,1.0,<Residue LYS het=  resseq=50 icode= >,2zhg_A_A,2.8
311,1.433,ARG, ,N,98.02,1000.00,0.0,2.63,1.0,<Residue ARG het=  resseq=51 icode= >,2zhg_A_A,2.8
312,0.0,ARG, ,CA,100.84,1000.00,0.0,2.66,1.0,<Residue ARG het=  resseq=51 icode= >,2zhg_A_A,2.8
313,1.273,ARG, ,C,94.97,1000.00,0.0,3.32,1.0,<Residue ARG het=  resseq=51 icode= >,2zhg_A_A,2.8
314,0.791,ARG, ,O,95.44,1000.00,0.0,2.21,1.0,<Residue ARG het=  resseq=51 icode= >,2zhg_A_A,2.8
315,23.179,ARG, ,CB,102.41,1000.00,0.0,1.47,1.0,<Residue ARG het=  resseq=51 icode= >,2zhg_A_A,2.8
316,20.824,ARG, ,CG,119.83,1000.00,0.0,0.81,1.0,<Residue ARG het=  resseq=51 icode= >,2zhg_A_A,2.8
317,8.091,ARG, ,CD,129.36,1000.00,0.0,-0.08,1.0,<Residue ARG het=  resseq=51 icode= >,2zhg_A_A,2.8
318,4.081,ARG, ,NE,126.29,1000.00,0.0,0.83,1.0,<Residue ARG het=  resseq=51 icode= >,2zhg_A_A,2.8
319,4.57,ARG, ,CZ,119.56,1000.00,0.0,1.39,1.0,<Residue ARG het=  resseq=51 icode= >,2zhg_A_A,2.8
320,21.805,ARG, ,NH1,127.88,1000.00,0.0,0.48,1.0,<Residue ARG het=  resseq=51 icode= >,2zhg_A_A,2.8
321,35.219,ARG, ,NH2,123.9,1000.00,0.0,0.87,1.0,<Residue ARG het=  resseq=51 icode= >,2zhg_A_A,2.8
322,3.158,ASP, ,N,91.26,18.73,0.0,3.27,1.0,<Residue ASP het=  resseq=52 icode= >,2zhg_A_A,2.8
323,4.064,ASP, ,CA,89.53,18.06,0.0,3.53,1.0,<Residue ASP het=  resseq=52 icode= >,2zhg_A_A,2.8
324,0.0,ASP, ,C,90.89,16.53,0.0,3.45,1.0,<Residue ASP het=  resseq=52 icode= >,2zhg_A_A,2.8
325,0.0,ASP, ,O,86.06,15.87,0.0,2.09,1.0,<Residue ASP het=  resseq=52 icode= >,2zhg_A_A,2.8
326,9.081,ASP, ,CB,90.87,18.60,0.0,2.57,1.0,<Residue ASP het=  resseq=52 icode= >,2zhg_A_A,2.8
327,8.224,ASP, ,CG,101.49,18.98,0.0,2.19,1.0,<Residue ASP het=  resseq=52 icode= >,2zhg_A_A,2.8
328,9.675,ASP, ,OD1,99.96,19.05,0.0,1.15,1.0,<Residue ASP het=  resseq=52 icode= >,2zhg_A_A,2.8
329,2.361,ASP, ,OD2,96.46,19.36,0.0,1.68,1.0,<Residue ASP het=  resseq=52 icode= >,2zhg_A_A,2.8
330,0.958,VAL, ,N,86.39,16.06,0.0,3.09,1.0,<Residue VAL het=  resseq=53 icode= >,2zhg_A_A,2.8
331,1.47,VAL, ,CA,82.18,14.65,0.0,3.81,1.0,<Residue VAL het=  resseq=53 icode= >,2zhg_A_A,2.8
332,0.0,VAL, ,C,81.17,13.99,0.0,4.09,1.0,<Residue VAL het=  resseq=53 icode= >,2zhg_A_A,2.8
333,0.0,VAL, ,O,89.95,12.87,0.0,1.36,1.0,<Residue VAL het=  resseq=53 icode= >,2zhg_A_A,2.8
334,2.647,VAL, ,CB,78.33,14.51,0.0,2.53,1.0,<Residue VAL het=  resseq=53 icode= >,2zhg_A_A,2.8
335,0.0,VAL, ,CG1,82.13,14.67,0.0,0.65,1.0,<Residue VAL het=  resseq=53 icode= >,2zhg_A_A,2.8
336,1.277,VAL, ,CG2,81.18,13.18,0.0,0.10,1.0,<Residue VAL het=  resseq=53 icode= >,2zhg_A_A,2.8
337,0.0,LEU, ,N,76.75,14.80,0.0,4.20,1.0,<Residue LEU het=  resseq=54 icode= >,2zhg_A_A,2.8
338,0.0,LEU, ,CA,64.79,14.49,0.0,4.03,1.0,<Residue LEU het=  resseq=54 icode= >,2zhg_A_A,2.8
339,1.296,LEU, ,C,70.84,14.14,0.0,4.14,1.0,<Residue LEU het=  resseq=54 icode= >,2zhg_A_A,2.8
340,4.054,LEU, ,O,71.85,13.25,0.0,1.75,1.0,<Residue LEU het=  resseq=54 icode= >,2zhg_A_A,2.8
341,13.832,LEU, ,CB,68.12,15.76,0.0,1.97,1.0,<Residue LEU het=  resseq=54 icode= >,2zhg_A_A,2.8
342,0.0,LEU, ,CG,74.57,16.12,0.0,1.70,1.0,<Residue LEU het=  resseq=54 icode= >,2zhg_A_A,2.8
343,21.804,LEU, ,CD1,79.94,17.55,0.0,-0.46,1.0,<Residue LEU het=  resseq=54 icode= >,2zhg_A_A,2.8
344,2.954,LEU, ,CD2,76.01,15.21,0.0,0.50,1.0,<Residue LEU het=  resseq=54 icode= >,2zhg_A_A,2.8
345,0.027,ARG, ,N,78.44,14.98,0.0,3.15,1.0,<Residue ARG het=  resseq=55 icode= >,2zhg_A_A,2.8
346,3.897,ARG, ,CA,82.58,14.96,0.0,2.65,1.0,<Residue ARG het=  resseq=55 icode= >,2zhg_A_A,2.8
347,0.0,ARG, ,C,82.71,13.75,0.0,3.45,1.0,<Residue ARG het=  resseq=55 icode= >,2zhg_A_A,2.8
348,0.337,ARG, ,O,89.88,13.30,0.0,1.25,1.0,<Residue ARG het=  resseq=55 icode= >,2zhg_A_A,2.8
349,0.644,ARG, ,CB,82.88,16.24,0.0,1.29,1.0,<Residue ARG het=  resseq=55 icode= >,2zhg_A_A,2.8
350,17.703,ARG, ,CG,89.14,17.52,0.0,1.14,1.0,<Residue ARG het=  resseq=55 icode= >,2zhg_A_A,2.8
351,23.586,ARG, ,CD,98.84,18.73,0.0,0.84,1.0,<Residue ARG het=  resseq=55 icode= >,2zhg_A_A,2.8
352,4.929,ARG, ,NE,102.57,18.76,0.0,1.43,1.0,<Residue ARG het=  resseq=55 icode= >,2zhg_A_A,2.8
353,5.524,ARG, ,CZ,105.01,19.00,0.0,2.02,1.0,<Residue ARG het=  resseq=55 icode= >,2zhg_A_A,2.8
354,44.703,ARG, ,NH1,101.49,19.22,0.0,1.36,1.0,<Residue ARG het=  resseq=55 icode= >,2zhg_A_A,2.8
355,26.987,ARG, ,NH2,97.46,19.15,0.0,1.08,1.0,<Residue ARG het=  resseq=55 icode= >,2zhg_A_A,2.8
356,0.0,TYR, ,N,80.81,13.37,0.0,3.27,1.0,<Residue TYR het=  resseq=56 icode= >,2zhg_A_A,2.8
357,0.0,TYR, ,CA,76.87,12.33,0.0,3.93,1.0,<Residue TYR het=  resseq=56 icode= >,2zhg_A_A,2.8
358,0.0,TYR, ,C,70.74,10.98,0.0,4.19,1.0,<Residue TYR het=  resseq=56 icode= >,2zhg_A_A,2.8
359,0.0,TYR, ,O,64.31,10.38,0.0,2.46,1.0,<Residue TYR het=  resseq=56 icode= >,2zhg_A_A,2.8
360,0.0,TYR, ,CB,85.24,12.37,0.0,2.35,1.0,<Residue TYR het=  resseq=56 icode= >,2zhg_A_A,2.8
361,0.261,TYR, ,CG,97.54,13.62,0.0,2.68,1.0,<Residue TYR het=  resseq=56 icode= >,2zhg_A_A,2.8
362,0.579,TYR, ,CD1,98.17,13.84,0.0,1.29,1.0,<Residue TYR het=  resseq=56 icode= >,2zhg_A_A,2.8
363,4.024,TYR, ,CD2,98.79,14.74,0.0,1.50,1.0,<Residue TYR het=  resseq=56 icode= >,2zhg_A_A,2.8
364,10.697,TYR, ,CE1,99.92,15.11,0.0,0.95,1.0,<Residue TYR het=  resseq=56 icode= >,2zhg_A_A,2.8
365,10.932,TYR, ,CE2,103.3,15.94,0.0,1.32,1.0,<Residue TYR het=  resseq=56 icode= >,2zhg_A_A,2.8
366,4.928,TYR, ,CZ,106.9,16.11,0.0,1.66,1.0,<Residue TYR het=  resseq=56 icode= >,2zhg_A_A,2.8
367,9.642,TYR, ,OH,96.9,17.37,0.0,0.68,1.0,<Residue TYR het=  resseq=56 icode= >,2zhg_A_A,2.8
368,0.0,VAL, ,N,61.9,10.67,0.0,3.64,1.0,<Residue VAL het=  resseq=57 icode= >,2zhg_A_A,2.8
369,0.0,VAL, ,CA,64.9,9.50,0.0,4.09,1.0,<Residue VAL het=  resseq=57 icode= >,2zhg_A_A,2.8
370,0.0,VAL, ,C,66.43,9.55,0.0,4.61,1.0,<Residue VAL het=  resseq=57 icode= >,2zhg_A_A,2.8
371,0.0,VAL, ,O,53.61,8.63,0.0,2.62,1.0,<Residue VAL het=  resseq=57 icode= >,2zhg_A_A,2.8
372,0.18,VAL, ,CB,54.67,9.73,0.0,3.17,1.0,<Residue VAL het=  resseq=57 icode= >,2zhg_A_A,2.8
373,1.219,VAL, ,CG1,55.94,8.77,0.0,1.41,1.0,<Residue VAL het=  resseq=57 icode= >,2zhg_A_A,2.8
374,0.0,VAL, ,CG2,60.15,9.88,0.0,1.44,1.0,<Residue VAL het=  resseq=57 icode= >,2zhg_A_A,2.8
375,0.445,ALA, ,N,69.52,10.79,0.0,3.13,1.0,<Residue ALA het=  resseq=58 icode= >,2zhg_A_A,2.8
376,7.827,ALA, ,CA,65.58,11.27,0.0,2.80,1.0,<Residue ALA het=  resseq=58 icode= >,2zhg_A_A,2.8
377,0.0,ALA, ,C,65.14,10.98,0.0,3.61,1.0,<Residue ALA het=  resseq=58 icode= >,2zhg_A_A,2.8
378,0.97,ALA, ,O,66.3,10.73,0.0,1.21,1.0,<Residue ALA het=  resseq=58 icode= >,2zhg_A_A,2.8
379,39.704,ALA, ,CB,72.14,12.78,0.0,0.10,1.0,<Residue ALA het=  resseq=58 icode= >,2zhg_A_A,2.8
380,0.0,ILE, ,N,57.43,11.25,0.0,3.89,1.0,<Residue ILE het=  resseq=59 icode= >,2zhg_A_A,2.8
381,0.033,ILE, ,CA,65.63,11.28,0.0,3.72,1.0,<Residue ILE het=  resseq=59 icode= >,2zhg_A_A,2.8
382,0.0,ILE, ,C,61.81,9.93,0.0,4.28,1.0,<Residue ILE het=  resseq=59 icode= >,2zhg_A_A,2.8
383,0.0,ILE, ,O,63.38,9.89,0.0,1.78,1.0,<Residue ILE het=  resseq=59 icode= >,2zhg_A_A,2.8
384,0.0,ILE, ,CB,63.22,12.12,0.0,2.53,1.0,<Residue ILE het=  resseq=59 icode= >,2zhg_A_A,2.8
385,5.175,ILE, ,CG1,65.28,13.56,0.0,1.22,1.0,<Residue ILE het=  resseq=59 icode= >,2zhg_A_A,2.8
386,0.05,ILE, ,CG2,58.39,12.18,0.0,0.64,1.0,<Residue ILE het=  resseq=59 icode= >,2zhg_A_A,2.8
387,0.103,ILE, ,CD1,68.34,14.51,0.0,0.19,1.0,<Residue ILE het=  resseq=59 icode= >,2zhg_A_A,2.8
388,0.0,ILE, ,N,60.55,8.97,0.0,3.79,1.0,<Residue ILE het=  resseq=60 icode= >,2zhg_A_A,2.8
389,0.0,ILE, ,CA,72.7,7.66,0.0,4.29,1.0,<Residue ILE het=  resseq=60 icode= >,2zhg_A_A,2.8
390,0.0,ILE, ,C,62.37,7.17,0.0,4.95,1.0,<Residue ILE het=  resseq=60 icode= >,2zhg_A_A,2.8
391,0.0,ILE, ,O,60.63,6.83,0.0,2.27,1.0,<Residue ILE het=  resseq=60 icode= >,2zhg_A_A,2.8
392,0.0,ILE, ,CB,62.48,6.80,0.0,3.10,1.0,<Residue ILE het=  resseq=60 icode= >,2zhg_A_A,2.8
393,0.0,ILE, ,CG1,63.62,7.61,0.0,1.71,1.0,<Residue ILE het=  resseq=60 icode= >,2zhg_A_A,2.8
394,0.0,ILE, ,CG2,63.87,5.38,0.0,0.65,1.0,<Residue ILE het=  resseq=60 icode= >,2zhg_A_A,2.8
395,0.0,ILE, ,CD1,80.03,7.30,0.0,0.04,1.0,<Residue ILE het=  resseq=60 icode= >,2zhg_A_A,2.8
396,0.0,LYS, ,N,58.58,7.51,0.0,4.12,1.0,<Residue LYS het=  resseq=61 icode= >,2zhg_A_A,2.8
397,0.391,LYS, ,CA,67.35,7.50,0.0,4.26,1.0,<Residue LYS het=  resseq=61 icode= >,2zhg_A_A,2.8
398,0.48,LYS, ,C,63.91,8.58,0.0,4.91,1.0,<Residue LYS het=  resseq=61 icode= >,2zhg_A_A,2.8
399,1.84,LYS, ,O,69.54,8.59,0.0,2.46,1.0,<Residue LYS het=  resseq=61 icode= >,2zhg_A_A,2.8
400,13.847,LYS, ,CB,67.3,8.02,0.0,2.41,1.0,<Residue LYS het=  resseq=61 icode= >,2zhg_A_A,2.8
401,5.556,LYS, ,CG,76.59,7.17,0.0,2.02,1.0,<Residue LYS het=  resseq=61 icode= >,2zhg_A_A,2.8
402,22.903,LYS, ,CD,84.57,7.80,0.0,1.00,1.0,<Residue LYS het=  resseq=61 icode= >,2zhg_A_A,2.8
403,16.259,LYS, ,CE,86.25,6.94,0.0,1.05,1.0,<Residue LYS het=  resseq=61 icode= >,2zhg_A_A,2.8
404,17.58,LYS, ,NZ,90.97,7.80,0.0,0.72,1.0,<Residue LYS het=  resseq=61 icode= >,2zhg_A_A,2.8
405,0.0,ILE, ,N,68.1,9.68,0.0,4.00,1.0,<Residue ILE het=  resseq=62 icode= >,2zhg_A_A,2.8
406,0.302,ILE, ,CA,62.12,10.80,0.0,4.18,1.0,<Residue ILE het=  resseq=62 icode= >,2zhg_A_A,2.8
407,0.0,ILE, ,C,58.4,10.49,0.0,4.77,1.0,<Residue ILE het=  resseq=62 icode= >,2zhg_A_A,2.8
408,0.0,ILE, ,O,56.73,10.93,0.0,2.60,1.0,<Residue ILE het=  resseq=62 icode= >,2zhg_A_A,2.8
409,0.204,ILE, ,CB,55.99,12.08,0.0,2.81,1.0,<Residue ILE het=  resseq=62 icode= >,2zhg_A_A,2.8
410,13.913,ILE, ,CG1,63.32,12.58,0.0,1.69,1.0,<Residue ILE het=  resseq=62 icode= >,2zhg_A_A,2.8
411,23.677,ILE, ,CG2,57.27,13.22,0.0,0.81,1.0,<Residue ILE het=  resseq=62 icode= >,2zhg_A_A,2.8
412,34.498,ILE, ,CD1,45.7,13.78,0.0,0.40,1.0,<Residue ILE het=  resseq=62 icode= >,2zhg_A_A,2.8
413,0.0,ALA, ,N,61.78,9.93,0.0,3.56,1.0,<Residue ALA het=  resseq=63 icode= >,2zhg_A_A,2.8
414,0.0,ALA, ,CA,63.07,9.57,0.0,3.44,1.0,<Residue ALA het=  resseq=63 icode= >,2zhg_A_A,2.8
415,0.0,ALA, ,C,65.12,8.45,0.0,4.26,1.0,<Residue ALA het=  resseq=63 icode= >,2zhg_A_A,2.8
416,0.0,ALA, ,O,59.31,8.22,0.0,2.22,1.0,<Residue ALA het=  resseq=63 icode= >,2zhg_A_A,2.8
417,0.0,ALA, ,CB,66.89,9.18,0.0,1.05,1.0,<Residue ALA het=  resseq=63 icode= >,2zhg_A_A,2.8
418,0.0,GLN, ,N,56.82,7.98,0.0,3.85,1.0,<Residue GLN het=  resseq=64 icode= >,2zhg_A_A,2.8
419,0.76,GLN, ,CA,54.74,7.12,0.0,4.68,1.0,<Residue GLN het=  resseq=64 icode= >,2zhg_A_A,2.8
420,1.373,GLN, ,C,67.27,8.01,0.0,4.38,1.0,<Residue GLN het=  resseq=64 icode= >,2zhg_A_A,2.8
421,10.439,GLN, ,O,63.18,7.72,0.0,2.17,1.0,<Residue GLN het=  resseq=64 icode= >,2zhg_A_A,2.8
422,18.39,GLN, ,CB,55.72,6.16,0.0,2.88,1.0,<Residue GLN het=  resseq=64 icode= >,2zhg_A_A,2.8
423,0.206,GLN, ,CG,70.65,5.08,0.0,1.87,1.0,<Residue GLN het=  resseq=64 icode= >,2zhg_A_A,2.8
424,2.375,GLN, ,CD,62.73,3.82,0.023,3.17,1.0,<Residue GLN het=  resseq=64 icode= >,2zhg_A_A,2.8
425,14.653,GLN, ,OE1,55.58,4.14,8.88,1.80,1.0,<Residue GLN het=  resseq=64 icode= >,2zhg_A_A,2.8
426,28.611,GLN, ,NE2,52.37,2.74,15.565,2.10,1.0,<Residue GLN het=  resseq=64 icode= >,2zhg_A_A,2.8
427,0.34,ARG, ,N,55.08,9.19,0.0,3.37,1.0,<Residue ARG het=  resseq=65 icode= >,2zhg_A_A,2.8
428,8.491,ARG, ,CA,62.65,10.33,0.0,3.81,1.0,<Residue ARG het=  resseq=65 icode= >,2zhg_A_A,2.8
429,1.356,ARG, ,C,59.06,10.46,0.0,3.97,1.0,<Residue ARG het=  resseq=65 icode= >,2zhg_A_A,2.8
430,20.498,ARG, ,O,64.4,10.78,0.0,2.16,1.0,<Residue ARG het=  resseq=65 icode= >,2zhg_A_A,2.8
431,3.293,ARG, ,CB,71.35,11.24,0.0,1.97,1.0,<Residue ARG het=  resseq=65 icode= >,2zhg_A_A,2.8
432,28.548,ARG, ,CG,75.75,11.27,0.0,2.22,1.0,<Residue ARG het=  resseq=65 icode= >,2zhg_A_A,2.8
433,24.436,ARG, ,CD,82.27,12.33,0.0,2.27,1.0,<Residue ARG het=  resseq=65 icode= >,2zhg_A_A,2.8
434,12.188,ARG, ,NE,91.25,13.68,0.0,2.00,1.0,<Residue ARG het=  resseq=65 icode= >,2zhg_A_A,2.8
435,7.474,ARG, ,CZ,90.81,14.75,0.0,2.32,1.0,<Residue ARG het=  resseq=65 icode= >,2zhg_A_A,2.8
436,42.713,ARG, ,NH1,96.37,14.75,0.0,1.18,1.0,<Residue ARG het=  resseq=65 icode= >,2zhg_A_A,2.8
437,59.309,ARG, ,NH2,101.06,15.93,0.0,0.81,1.0,<Residue ARG het=  resseq=65 icode= >,2zhg_A_A,2.8
438,0.0,ILE, ,N,63.52,10.45,0.0,2.97,1.0,<Residue ILE het=  resseq=66 icode= >,2zhg_A_A,2.8
439,0.825,ILE, ,CA,63.41,10.82,0.0,3.55,1.0,<Residue ILE het=  resseq=66 icode= >,2zhg_A_A,2.8
440,0.0,ILE, ,C,69.6,9.92,0.0,3.58,1.0,<Residue ILE het=  resseq=66 icode= >,2zhg_A_A,2.8
441,1.088,ILE, ,O,76.37,10.46,0.0,1.95,1.0,<Residue ILE het=  resseq=66 icode= >,2zhg_A_A,2.8
442,0.0,ILE, ,CB,66.4,11.00,0.0,1.92,1.0,<Residue ILE het=  resseq=66 icode= >,2zhg_A_A,2.8
443,0.0,ILE, ,CG1,60.41,11.84,0.0,1.21,1.0,<Residue ILE het=  resseq=66 icode= >,2zhg_A_A,2.8
444,0.416,ILE, ,CG2,73.12,11.85,0.0,0.13,1.0,<Residue ILE het=  resseq=66 icode= >,2zhg_A_A,2.8
445,26.845,ILE, ,CD1,64.2,13.25,0.0,0.10,1.0,<Residue ILE het=  resseq=66 icode= >,2zhg_A_A,2.8
446,0.0,GLY, ,N,76.11,8.67,0.0,2.85,1.0,<Residue GLY het=  resseq=67 icode= >,2zhg_A_A,2.8
447,17.037,GLY, ,CA,74.29,7.86,0.0,2.57,1.0,<Residue GLY het=  resseq=67 icode= >,2zhg_A_A,2.8
448,3.935,GLY, ,C,76.32,6.96,0.0,3.66,1.0,<Residue GLY het=  resseq=67 icode= >,2zhg_A_A,2.8
449,24.943,GLY, ,O,84.96,6.72,0.0,1.90,1.0,<Residue GLY het=  resseq=67 icode= >,2zhg_A_A,2.8
450,0.0,ILE, ,N,76.48,6.80,0.0,3.66,1.0,<Residue ILE het=  resseq=68 icode= >,2zhg_A_A,2.8
451,0.509,ILE, ,CA,77.15,6.35,0.0,3.98,1.0,<Residue ILE het=  resseq=68 icode= >,2zhg_A_A,2.8
452,1.356,ILE, ,C,76.54,4.91,0.0,4.54,1.0,<Residue ILE het=  resseq=68 icode= >,2zhg_A_A,2.8
453,2.373,ILE, ,O,80.68,4.53,0.188,2.64,1.0,<Residue ILE het=  resseq=68 icode= >,2zhg_A_A,2.8
454,0.0,ILE, ,CB,77.21,7.38,0.0,2.89,1.0,<Residue ILE het=  resseq=68 icode= >,2zhg_A_A,2.8
455,3.052,ILE, ,CG1,71.02,8.76,0.0,1.95,1.0,<Residue ILE het=  resseq=68 icode= >,2zhg_A_A,2.8
456,0.049,ILE, ,CG2,74.03,7.40,0.0,1.28,1.0,<Residue ILE het=  resseq=68 icode= >,2zhg_A_A,2.8
457,0.629,ILE, ,CD1,66.15,9.90,0.0,0.48,1.0,<Residue ILE het=  resseq=68 icode= >,2zhg_A_A,2.8
458,0.264,PRO, ,N,75.6,4.45,0.0,4.31,1.0,<Residue PRO het=  resseq=69 icode= >,2zhg_A_A,2.8
459,9.51,PRO, ,CA,73.89,3.30,7.677,3.60,1.0,<Residue PRO het=  resseq=69 icode= >,2zhg_A_A,2.8
460,0.0,PRO, ,C,71.78,3.82,0.0,3.82,1.0,<Residue PRO het=  resseq=69 icode= >,2zhg_A_A,2.8
461,0.0,PRO, ,O,68.92,5.04,0.0,2.14,1.0,<Residue PRO het=  resseq=69 icode= >,2zhg_A_A,2.8
462,32.803,PRO, ,CB,73.09,3.75,10.606,2.27,1.0,<Residue PRO het=  resseq=69 icode= >,2zhg_A_A,2.8
463,17.299,PRO, ,CG,68.33,5.19,0.0,2.12,1.0,<Residue PRO het=  resseq=69 icode= >,2zhg_A_A,2.8
464,17.758,PRO, ,CD,71.36,5.41,0.0,2.47,1.0,<Residue PRO het=  resseq=69 icode= >,2zhg_A_A,2.8
465,3.708,LEU, ,N,82.98,3.29,3.708,2.93,1.0,<Residue LEU het=  resseq=70 icode= >,2zhg_A_A,2.8
466,0.0,LEU, ,CA,61.89,4.04,0.0,3.85,1.0,<Residue LEU het=  resseq=70 icode= >,2zhg_A_A,2.8
467,0.785,LEU, ,C,61.68,4.77,0.0,4.91,1.0,<Residue LEU het=  resseq=70 icode= >,2zhg_A_A,2.8
468,0.0,LEU, ,O,65.72,5.97,0.0,2.28,1.0,<Residue LEU het=  resseq=70 icode= >,2zhg_A_A,2.8
469,4.389,LEU, ,CB,58.11,3.42,4.144,2.44,1.0,<Residue LEU het=  resseq=70 icode= >,2zhg_A_A,2.8
470,6.856,LEU, ,CG,55.1,3.59,6.856,2.91,1.0,<Residue LEU het=  resseq=70 icode= >,2zhg_A_A,2.8
471,18.225,LEU, ,CD1,64.51,3.62,18.174,0.66,1.0,<Residue LEU het=  resseq=70 icode= >,2zhg_A_A,2.8
472,0.0,LEU, ,CD2,57.26,3.91,0.0,0.22,1.0,<Residue LEU het=  resseq=70 icode= >,2zhg_A_A,2.8
473,1.943,ALA, ,N,70.25,4.38,1.865,3.15,1.0,<Residue ALA het=  resseq=71 icode= >,2zhg_A_A,2.8
474,11.536,ALA, ,CA,76.73,5.56,0.0,2.61,1.0,<Residue ALA het=  resseq=71 icode= >,2zhg_A_A,2.8
475,0.0,ALA, ,C,80.0,6.73,0.0,3.63,1.0,<Residue ALA het=  resseq=71 icode= >,2zhg_A_A,2.8
476,4.421,ALA, ,O,76.5,7.83,0.0,2.15,1.0,<Residue ALA het=  resseq=71 icode= >,2zhg_A_A,2.8
477,52.812,ALA, ,CB,82.79,5.33,8.063,0.01,1.0,<Residue ALA het=  resseq=71 icode= >,2zhg_A_A,2.8
478,0.109,THR, ,N,77.74,6.69,0.0,2.83,1.0,<Residue THR het=  resseq=72 icode= >,2zhg_A_A,2.8
479,0.0,THR, ,CA,72.66,7.97,0.0,3.78,1.0,<Residue THR het=  resseq=72 icode= >,2zhg_A_A,2.8
480,0.0,THR, ,C,71.36,8.54,0.0,4.11,1.0,<Residue THR het=  resseq=72 icode= >,2zhg_A_A,2.8
481,0.108,THR, ,O,74.84,9.76,0.0,2.22,1.0,<Residue THR het=  resseq=72 icode= >,2zhg_A_A,2.8
482,0.0,THR, ,CB,71.79,7.75,0.0,2.57,1.0,<Residue THR het=  resseq=72 icode= >,2zhg_A_A,2.8
483,19.134,THR, ,OG1,69.01,8.07,0.0,1.58,1.0,<Residue THR het=  resseq=72 icode= >,2zhg_A_A,2.8
484,17.457,THR, ,CG2,72.05,8.80,0.0,0.76,1.0,<Residue THR het=  resseq=72 icode= >,2zhg_A_A,2.8
485,0.0,ILE, ,N,64.21,7.80,0.0,2.92,1.0,<Residue ILE het=  resseq=73 icode= >,2zhg_A_A,2.8
486,0.0,ILE, ,CA,69.1,8.58,0.0,3.21,1.0,<Residue ILE het=  resseq=73 icode= >,2zhg_A_A,2.8
487,0.0,ILE, ,C,69.68,9.37,0.0,4.08,1.0,<Residue ILE het=  resseq=73 icode= >,2zhg_A_A,2.8
488,0.0,ILE, ,O,77.86,10.52,0.0,1.78,1.0,<Residue ILE het=  resseq=73 icode= >,2zhg_A_A,2.8
489,0.0,ILE, ,CB,60.98,7.87,0.0,2.85,1.0,<Residue ILE het=  resseq=73 icode= >,2zhg_A_A,2.8
490,0.0,ILE, ,CG1,58.6,7.25,0.0,2.06,1.0,<Residue ILE het=  resseq=73 icode= >,2zhg_A_A,2.8
491,0.0,ILE, ,CG2,63.58,9.05,0.0,0.77,1.0,<Residue ILE het=  resseq=73 icode= >,2zhg_A_A,2.8
492,0.0,ILE, ,CD1,56.34,6.81,0.0,0.80,1.0,<Residue ILE het=  resseq=73 icode= >,2zhg_A_A,2.8
493,0.0,GLY, ,N,68.11,8.82,0.0,3.24,1.0,<Residue GLY het=  resseq=74 icode= >,2zhg_A_A,2.8
494,9.053,GLY, ,CA,71.86,9.73,0.0,2.46,1.0,<Residue GLY het=  resseq=74 icode= >,2zhg_A_A,2.8
495,4.928,GLY, ,C,80.65,10.72,0.0,3.69,1.0,<Residue GLY het=  resseq=74 icode= >,2zhg_A_A,2.8
496,2.113,GLY, ,O,77.7,11.91,0.0,2.27,1.0,<Residue GLY het=  resseq=74 icode= >,2zhg_A_A,2.8
497,1.108,GLU, ,N,94.84,10.32,0.0,2.46,1.0,<Residue GLU het=  resseq=75 icode= >,2zhg_A_A,2.8
498,8.882,GLU, ,CA,99.74,11.36,0.0,1.93,1.0,<Residue GLU het=  resseq=75 icode= >,2zhg_A_A,2.8
499,1.049,GLU, ,C,101.48,12.42,0.0,2.28,1.0,<Residue GLU het=  resseq=75 icode= >,2zhg_A_A,2.8
500,27.742,GLU, ,O,110.31,13.54,0.0,0.42,1.0,<Residue GLU het=  resseq=75 icode= >,2zhg_A_A,2.8
501,4.441,GLU, ,CB,105.0,10.89,0.0,0.37,1.0,<Residue GLU het=  resseq=75 icode= >,2zhg_A_A,2.8
502,32.137,GLU, ,CG,113.87,10.57,0.0,0.60,1.0,<Residue GLU het=  resseq=75 icode= >,2zhg_A_A,2.8
503,8.667,GLU, ,CD,129.16,9.62,0.0,0.40,1.0,<Residue GLU het=  resseq=75 icode= >,2zhg_A_A,2.8
504,35.958,GLU, ,OE1,123.62,8.84,0.0,0.31,1.0,<Residue GLU het=  resseq=75 icode= >,2zhg_A_A,2.8
505,26.074,GLU, ,OE2,127.0,9.84,0.0,-0.09,1.0,<Residue GLU het=  resseq=75 icode= >,2zhg_A_A,2.8
506,0.0,ALA, ,N,102.29,12.18,0.0,1.98,1.0,<Residue ALA het=  resseq=76 icode= >,2zhg_A_A,2.8
507,5.185,ALA, ,CA,99.71,13.29,0.0,1.74,1.0,<Residue ALA het=  resseq=76 icode= >,2zhg_A_A,2.8
508,0.383,ALA, ,C,102.94,14.01,0.0,2.60,1.0,<Residue ALA het=  resseq=76 icode= >,2zhg_A_A,2.8
509,20.806,ALA, ,O,88.21,15.20,0.0,1.88,1.0,<Residue ALA het=  resseq=76 icode= >,2zhg_A_A,2.8
510,0.361,ALA, ,CB,99.08,12.71,0.0,-0.12,1.0,<Residue ALA het=  resseq=76 icode= >,2zhg_A_A,2.8
511,0.0,PHE, ,N,99.75,13.37,0.0,2.11,1.0,<Residue PHE het=  resseq=77 icode= >,2zhg_A_A,2.8
512,4.211,PHE, ,CA,102.96,14.14,0.0,1.83,1.0,<Residue PHE het=  resseq=77 icode= >,2zhg_A_A,2.8
513,2.164,PHE, ,C,105.47,15.13,0.0,2.24,1.0,<Residue PHE het=  resseq=77 icode= >,2zhg_A_A,2.8
514,22.507,PHE, ,O,112.81,16.06,0.0,1.03,1.0,<Residue PHE het=  resseq=77 icode= >,2zhg_A_A,2.8
515,7.942,PHE, ,CB,102.82,13.29,0.0,1.08,1.0,<Residue PHE het=  resseq=77 icode= >,2zhg_A_A,2.8
516,0.533,PHE, ,CG,91.74,12.91,0.0,2.22,1.0,<Residue PHE het=  resseq=77 icode= >,2zhg_A_A,2.8
517,2.549,PHE, ,CD1,89.32,13.18,0.0,1.32,1.0,<Residue PHE het=  resseq=77 icode= >,2zhg_A_A,2.8
518,3.324,PHE, ,CD2,87.72,12.01,0.0,1.86,1.0,<Residue PHE het=  resseq=77 icode= >,2zhg_A_A,2.8
519,0.089,PHE, ,CE1,96.55,12.60,0.0,1.15,1.0,<Residue PHE het=  resseq=77 icode= >,2zhg_A_A,2.8
520,0.0,PHE, ,CE2,81.4,11.37,0.0,1.56,1.0,<Residue PHE het=  resseq=77 icode= >,2zhg_A_A,2.8
521,0.0,PHE, ,CZ,78.65,11.69,0.0,1.83,1.0,<Residue PHE het=  resseq=77 icode= >,2zhg_A_A,2.8
522,0.306,GLY, ,N,106.9,15.07,0.0,2.14,1.0,<Residue GLY het=  resseq=78 icode= >,2zhg_A_A,2.8
523,37.815,GLY, ,CA,107.85,16.12,0.0,1.92,1.0,<Residue GLY het=  resseq=78 icode= >,2zhg_A_A,2.8
524,0.282,GLY, ,C,113.38,15.87,0.0,1.69,1.0,<Residue GLY het=  resseq=78 icode= >,2zhg_A_A,2.8
525,19.163,GLY, ,O,127.05,15.08,0.0,0.29,1.0,<Residue GLY het=  resseq=78 icode= >,2zhg_A_A,2.8
526,6.84,VAL, ,N,115.4,16.66,0.0,1.37,1.0,<Residue VAL het=  resseq=79 icode= >,2zhg_A_A,2.8
527,6.245,VAL, ,CA,116.36,16.66,0.0,1.39,1.0,<Residue VAL het=  resseq=79 icode= >,2zhg_A_A,2.8
528,28.54,VAL, ,C,116.09,17.04,0.0,0.95,1.0,<Residue VAL het=  resseq=79 icode= >,2zhg_A_A,2.8
529,33.354,VAL, ,O,115.28,18.24,0.0,0.48,1.0,<Residue VAL het=  resseq=79 icode= >,2zhg_A_A,2.8
530,10.066,VAL, ,CB,116.05,17.77,0.0,0.74,1.0,<Residue VAL het=  resseq=79 icode= >,2zhg_A_A,2.8
531,58.798,VAL, ,CG1,119.86,17.84,0.0,0.32,1.0,<Residue VAL het=  resseq=79 icode= >,2zhg_A_A,2.8
532,51.086,VAL, ,CG2,115.94,17.65,0.0,-0.20,1.0,<Residue VAL het=  resseq=79 icode= >,2zhg_A_A,2.8
533,21.671,THR, ,N,117.96,1000.00,0.0,1.78,1.0,<Residue THR het=  resseq=85 icode= >,2zhg_A_A,2.8
534,18.794,THR, ,CA,111.0,1000.00,0.0,2.65,1.0,<Residue THR het=  resseq=85 icode= >,2zhg_A_A,2.8
535,3.25,THR, ,C,114.96,1000.00,0.0,2.46,1.0,<Residue THR het=  resseq=85 icode= >,2zhg_A_A,2.8
536,23.051,THR, ,O,120.55,1000.00,0.0,1.55,1.0,<Residue THR het=  resseq=85 icode= >,2zhg_A_A,2.8
537,64.637,THR, ,CB,104.81,1000.00,0.0,2.01,1.0,<Residue THR het=  resseq=85 icode= >,2zhg_A_A,2.8
538,3.551,LEU, ,N,114.63,1000.00,0.0,2.24,1.0,<Residue LEU het=  resseq=86 icode= >,2zhg_A_A,2.8
539,0.065,LEU, ,CA,116.37,1000.00,0.0,1.82,1.0,<Residue LEU het=  resseq=86 icode= >,2zhg_A_A,2.8
540,1.932,LEU, ,C,115.9,1000.00,0.0,2.21,1.0,<Residue LEU het=  resseq=86 icode= >,2zhg_A_A,2.8
541,26.092,LEU, ,O,119.43,1000.00,0.0,1.35,1.0,<Residue LEU het=  resseq=86 icode= >,2zhg_A_A,2.8
542,0.433,LEU, ,CB,110.9,1000.00,0.0,1.17,1.0,<Residue LEU het=  resseq=86 icode= >,2zhg_A_A,2.8
543,0.0,LEU, ,CG,110.27,1000.00,0.0,1.10,1.0,<Residue LEU het=  resseq=86 icode= >,2zhg_A_A,2.8
544,7.65,LEU, ,CD1,95.91,1000.00,0.0,0.75,1.0,<Residue LEU het=  resseq=86 icode= >,2zhg_A_A,2.8
545,0.484,LEU, ,CD2,107.43,1000.00,0.0,-0.10,1.0,<Residue LEU het=  resseq=86 icode= >,2zhg_A_A,2.8
546,0.509,SER, ,N,114.34,1000.00,0.0,2.10,1.0,<Residue SER het=  resseq=87 icode= >,2zhg_A_A,2.8
547,9.538,SER, ,CA,111.19,1000.00,0.0,2.11,1.0,<Residue SER het=  resseq=87 icode= >,2zhg_A_A,2.8
548,3.51,SER, ,C,107.26,1000.00,0.0,3.25,1.0,<Residue SER het=  resseq=87 icode= >,2zhg_A_A,2.8
549,3.782,SER, ,O,102.09,1000.00,0.0,2.07,1.0,<Residue SER het=  resseq=87 icode= >,2zhg_A_A,2.8
550,37.047,SER, ,CB,111.23,1000.00,0.0,1.57,1.0,<Residue SER het=  resseq=87 icode= >,2zhg_A_A,2.8
551,8.183,SER, ,OG,108.9,1000.00,0.0,1.89,1.0,<Residue SER het=  resseq=87 icode= >,2zhg_A_A,2.8
552,4.28,ALA, ,N,104.56,1000.00,0.0,2.56,1.0,<Residue ALA het=  resseq=88 icode= >,2zhg_A_A,2.8
553,8.922,ALA, ,CA,110.05,1000.00,0.0,1.80,1.0,<Residue ALA het=  resseq=88 icode= >,2zhg_A_A,2.8
554,1.315,ALA, ,C,104.27,1000.00,0.0,2.35,1.0,<Residue ALA het=  resseq=88 icode= >,2zhg_A_A,2.8
555,4.947,ALA, ,O,110.33,1000.00,0.0,0.88,1.0,<Residue ALA het=  resseq=88 icode= >,2zhg_A_A,2.8
556,68.149,ALA, ,CB,104.81,1000.00,0.0,-0.24,1.0,<Residue ALA het=  resseq=88 icode= >,2zhg_A_A,2.8
557,1.928,LYS, ,N,104.45,1000.00,0.0,2.26,1.0,<Residue LYS het=  resseq=89 icode= >,2zhg_A_A,2.8
558,8.263,LYS, ,CA,88.4,1000.00,0.0,2.69,1.0,<Residue LYS het=  resseq=89 icode= >,2zhg_A_A,2.8
559,0.593,LYS, ,C,87.01,1000.00,0.0,3.05,1.0,<Residue LYS het=  resseq=89 icode= >,2zhg_A_A,2.8
560,2.29,LYS, ,O,97.88,1000.00,0.0,1.64,1.0,<Residue LYS het=  resseq=89 icode= >,2zhg_A_A,2.8
561,60.837,LYS, ,CB,71.12,1000.00,0.0,1.44,1.0,<Residue LYS het=  resseq=89 icode= >,2zhg_A_A,2.8
562,0.673,GLU, ,N,94.02,1000.00,0.0,2.40,1.0,<Residue GLU het=  resseq=90 icode= >,2zhg_A_A,2.8
563,7.382,GLU, ,CA,85.78,1000.00,0.0,2.76,1.0,<Residue GLU het=  resseq=90 icode= >,2zhg_A_A,2.8
564,0.0,GLU, ,C,89.83,1000.00,0.0,3.82,1.0,<Residue GLU het=  resseq=90 icode= >,2zhg_A_A,2.8
565,0.0,GLU, ,O,75.96,1000.00,0.0,2.00,1.0,<Residue GLU het=  resseq=90 icode= >,2zhg_A_A,2.8
566,21.023,GLU, ,CB,93.51,1000.00,0.0,0.74,1.0,<Residue GLU het=  resseq=90 icode= >,2zhg_A_A,2.8
567,0.0,TRP, ,N,76.3,1000.00,0.0,3.15,1.0,<Residue TRP het=  resseq=91 icode= >,2zhg_A_A,2.8
568,0.0,TRP, ,CA,82.17,1000.00,0.0,3.43,1.0,<Residue TRP het=  resseq=91 icode= >,2zhg_A_A,2.8
569,0.0,TRP, ,C,83.66,1000.00,0.0,3.46,1.0,<Residue TRP het=  resseq=91 icode= >,2zhg_A_A,2.8
570,0.0,TRP, ,O,81.92,1000.00,0.0,1.58,1.0,<Residue TRP het=  resseq=91 icode= >,2zhg_A_A,2.8
571,3.061,TRP, ,CB,80.34,1000.00,0.0,2.32,1.0,<Residue TRP het=  resseq=91 icode= >,2zhg_A_A,2.8
572,0.948,TRP, ,CG,92.64,1000.00,0.0,3.05,1.0,<Residue TRP het=  resseq=91 icode= >,2zhg_A_A,2.8
573,21.507,TRP, ,CD1,99.08,1000.00,0.0,2.00,1.0,<Residue TRP het=  resseq=91 icode= >,2zhg_A_A,2.8
574,0.983,TRP, ,CD2,100.34,1000.00,0.0,2.93,1.0,<Residue TRP het=  resseq=91 icode= >,2zhg_A_A,2.8
575,24.924,TRP, ,NE1,100.57,1000.00,0.0,2.09,1.0,<Residue TRP het=  resseq=91 icode= >,2zhg_A_A,2.8
576,3.231,TRP, ,CE2,101.2,1000.00,0.0,2.80,1.0,<Residue TRP het=  resseq=91 icode= >,2zhg_A_A,2.8
577,0.145,TRP, ,CE3,91.16,1000.00,0.0,1.23,1.0,<Residue TRP het=  resseq=91 icode= >,2zhg_A_A,2.8
578,27.06,TRP, ,CZ2,100.95,1000.00,0.0,1.14,1.0,<Residue TRP het=  resseq=91 icode= >,2zhg_A_A,2.8
579,5.597,TRP, ,CZ3,89.48,1000.00,0.0,1.00,1.0,<Residue TRP het=  resseq=91 icode= >,2zhg_A_A,2.8
580,18.257,TRP, ,CH2,98.79,1000.00,0.0,0.96,1.0,<Residue TRP het=  resseq=91 icode= >,2zhg_A_A,2.8
581,0.0,LYS, ,N,87.93,1000.00,0.0,2.99,1.0,<Residue LYS het=  resseq=92 icode= >,2zhg_A_A,2.8
582,2.336,LYS, ,CA,83.67,1000.00,0.0,2.73,1.0,<Residue LYS het=  resseq=92 icode= >,2zhg_A_A,2.8
583,1.134,LYS, ,C,80.99,1000.00,0.0,3.22,1.0,<Residue LYS het=  resseq=92 icode= >,2zhg_A_A,2.8
584,3.419,LYS, ,O,85.98,1000.00,0.0,1.68,1.0,<Residue LYS het=  resseq=92 icode= >,2zhg_A_A,2.8
585,48.3,LYS, ,CB,84.88,1000.00,0.0,0.77,1.0,<Residue LYS het=  resseq=92 icode= >,2zhg_A_A,2.8
586,0.369,GLN, ,N,78.49,1000.00,0.0,3.12,1.0,<Residue GLN het=  resseq=93 icode= >,2zhg_A_A,2.8
587,10.901,GLN, ,CA,75.64,1000.00,0.0,2.86,1.0,<Residue GLN het=  resseq=93 icode= >,2zhg_A_A,2.8
588,0.016,GLN, ,C,85.4,1000.00,0.0,3.18,1.0,<Residue GLN het=  resseq=93 icode= >,2zhg_A_A,2.8
589,3.118,GLN, ,O,75.22,1000.00,0.0,1.04,1.0,<Residue GLN het=  resseq=93 icode= >,2zhg_A_A,2.8
590,44.948,GLN, ,CB,70.71,1000.00,0.0,1.61,1.0,<Residue GLN het=  resseq=93 icode= >,2zhg_A_A,2.8
591,0.0,LEU, ,N,67.97,17.91,0.0,2.99,1.0,<Residue LEU het=  resseq=94 icode= >,2zhg_A_A,2.8
592,0.0,LEU, ,CA,65.12,16.55,0.0,3.22,1.0,<Residue LEU het=  resseq=94 icode= >,2zhg_A_A,2.8
593,0.0,LEU, ,C,84.16,16.61,0.0,3.68,1.0,<Residue LEU het=  resseq=94 icode= >,2zhg_A_A,2.8
594,0.0,LEU, ,O,72.37,16.18,0.0,1.54,1.0,<Residue LEU het=  resseq=94 icode= >,2zhg_A_A,2.8
595,0.0,LEU, ,CB,82.92,16.01,0.0,1.69,1.0,<Residue LEU het=  resseq=94 icode= >,2zhg_A_A,2.8
596,1.989,LEU, ,CG,66.1,15.99,0.0,2.06,1.0,<Residue LEU het=  resseq=94 icode= >,2zhg_A_A,2.8
597,3.397,LEU, ,CD1,68.16,16.01,0.0,0.02,1.0,<Residue LEU het=  resseq=94 icode= >,2zhg_A_A,2.8
598,3.635,LEU, ,CD2,66.76,14.88,0.0,0.65,1.0,<Residue LEU het=  resseq=94 icode= >,2zhg_A_A,2.8
599,0.0,SER, ,N,70.73,17.28,0.0,2.82,1.0,<Residue SER het=  resseq=95 icode= >,2zhg_A_A,2.8
600,4.21,SER, ,CA,78.84,17.56,0.0,2.47,1.0,<Residue SER het=  resseq=95 icode= >,2zhg_A_A,2.8
601,0.562,SER, ,C,72.8,17.86,0.0,3.87,1.0,<Residue SER het=  resseq=95 icode= >,2zhg_A_A,2.8
602,2.694,SER, ,O,73.84,17.35,0.0,2.07,1.0,<Residue SER het=  resseq=95 icode= >,2zhg_A_A,2.8
603,15.822,SER, ,CB,94.26,18.82,0.0,1.45,1.0,<Residue SER het=  resseq=95 icode= >,2zhg_A_A,2.8
604,12.694,SER, ,OG,98.9,20.00,0.0,0.41,1.0,<Residue SER het=  resseq=95 icode= >,2zhg_A_A,2.8
605,0.0,SER, ,N,91.8,1000.00,0.0,2.93,1.0,<Residue SER het=  resseq=96 icode= >,2zhg_A_A,2.8
606,3.848,SER, ,CA,86.56,1000.00,0.0,2.79,1.0,<Residue SER het=  resseq=96 icode= >,2zhg_A_A,2.8
607,0.847,SER, ,C,94.24,1000.00,0.0,3.12,1.0,<Residue SER het=  resseq=96 icode= >,2zhg_A_A,2.8
608,0.0,SER, ,O,82.2,1000.00,0.0,2.10,1.0,<Residue SER het=  resseq=96 icode= >,2zhg_A_A,2.8
609,38.122,SER, ,CB,90.82,1000.00,0.0,1.61,1.0,<Residue SER het=  resseq=96 icode= >,2zhg_A_A,2.8
610,13.366,SER, ,OG,93.49,1000.00,0.0,0.86,1.0,<Residue SER het=  resseq=96 icode= >,2zhg_A_A,2.8
611,0.086,GLN, ,N,90.75,17.65,0.0,2.58,1.0,<Residue GLN het=  resseq=97 icode= >,2zhg_A_A,2.8
612,9.68,GLN, ,CA,100.11,16.68,0.0,2.47,1.0,<Residue GLN het=  resseq=97 icode= >,2zhg_A_A,2.8
613,0.0,GLN, ,C,98.31,15.56,0.0,2.76,1.0,<Residue GLN het=  resseq=97 icode= >,2zhg_A_A,2.8
614,1.829,GLN, ,O,103.03,14.98,0.0,0.60,1.0,<Residue GLN het=  resseq=97 icode= >,2zhg_A_A,2.8
615,8.364,GLN, ,CB,103.0,16.20,0.0,1.19,1.0,<Residue GLN het=  resseq=97 icode= >,2zhg_A_A,2.8
616,14.53,GLN, ,CG,121.62,15.07,0.0,0.31,1.0,<Residue GLN het=  resseq=97 icode= >,2zhg_A_A,2.8
617,4.703,GLN, ,CD,131.18,14.77,0.0,0.14,1.0,<Residue GLN het=  resseq=97 icode= >,2zhg_A_A,2.8
618,7.775,GLN, ,OE1,128.99,15.13,0.0,-0.27,1.0,<Residue GLN het=  resseq=97 icode= >,2zhg_A_A,2.8
619,37.925,GLN, ,NE2,113.35,14.26,0.0,-0.41,1.0,<Residue GLN het=  resseq=97 icode= >,2zhg_A_A,2.8
620,0.0,TRP, ,N,90.57,15.38,0.0,3.33,1.0,<Residue TRP het=  resseq=98 icode= >,2zhg_A_A,2.8
621,0.0,TRP, ,CA,95.59,14.47,0.0,3.80,1.0,<Residue TRP het=  resseq=98 icode= >,2zhg_A_A,2.8
622,0.0,TRP, ,C,87.91,15.28,0.0,3.99,1.0,<Residue TRP het=  resseq=98 icode= >,2zhg_A_A,2.8
623,0.0,TRP, ,O,96.94,14.89,0.0,1.70,1.0,<Residue TRP het=  resseq=98 icode= >,2zhg_A_A,2.8
624,2.641,TRP, ,CB,93.01,13.83,0.0,1.57,1.0,<Residue TRP het=  resseq=98 icode= >,2zhg_A_A,2.8
625,0.0,TRP, ,CG,97.41,12.98,0.0,1.85,1.0,<Residue TRP het=  resseq=98 icode= >,2zhg_A_A,2.8
626,1.453,TRP, ,CD1,95.31,12.60,0.0,1.67,1.0,<Residue TRP het=  resseq=98 icode= >,2zhg_A_A,2.8
627,0.0,TRP, ,CD2,94.15,12.58,0.0,2.89,1.0,<Residue TRP het=  resseq=98 icode= >,2zhg_A_A,2.8
628,0.491,TRP, ,NE1,87.33,11.98,0.0,2.19,1.0,<Residue TRP het=  resseq=98 icode= >,2zhg_A_A,2.8
629,0.0,TRP, ,CE2,86.18,11.95,0.0,3.33,1.0,<Residue TRP het=  resseq=98 icode= >,2zhg_A_A,2.8
630,3.852,TRP, ,CE3,95.18,12.88,0.0,1.86,1.0,<Residue TRP het=  resseq=98 icode= >,2zhg_A_A,2.8
631,0.0,TRP, ,CZ2,87.85,11.62,0.0,1.87,1.0,<Residue TRP het=  resseq=98 icode= >,2zhg_A_A,2.8
632,0.581,TRP, ,CZ3,101.19,12.57,0.0,0.58,1.0,<Residue TRP het=  resseq=98 icode= >,2zhg_A_A,2.8
633,0.0,TRP, ,CH2,107.92,11.95,0.0,0.44,1.0,<Residue TRP het=  resseq=98 icode= >,2zhg_A_A,2.8
634,0.646,ARG, ,N,94.35,16.51,0.0,3.08,1.0,<Residue ARG het=  resseq=99 icode= >,2zhg_A_A,2.8
635,6.015,ARG, ,CA,93.45,17.47,0.0,2.71,1.0,<Residue ARG het=  resseq=99 icode= >,2zhg_A_A,2.8
636,0.0,ARG, ,C,97.04,17.72,0.0,3.14,1.0,<Residue ARG het=  resseq=99 icode= >,2zhg_A_A,2.8
637,0.297,ARG, ,O,99.65,18.22,0.0,1.29,1.0,<Residue ARG het=  resseq=99 icode= >,2zhg_A_A,2.8
638,14.918,ARG, ,CB,99.66,18.80,0.0,0.79,1.0,<Residue ARG het=  resseq=99 icode= >,2zhg_A_A,2.8
639,15.495,ARG, ,CG,95.05,20.05,0.0,1.48,1.0,<Residue ARG het=  resseq=99 icode= >,2zhg_A_A,2.8
640,19.606,ARG, ,CD,106.0,20.55,0.0,1.49,1.0,<Residue ARG het=  resseq=99 icode= >,2zhg_A_A,2.8
641,7.914,ARG, ,NE,115.83,21.50,0.0,1.01,1.0,<Residue ARG het=  resseq=99 icode= >,2zhg_A_A,2.8
642,4.39,ARG, ,CZ,114.04,22.26,0.0,1.66,1.0,<Residue ARG het=  resseq=99 icode= >,2zhg_A_A,2.8
643,48.85,ARG, ,NH1,106.42,22.23,0.0,1.20,1.0,<Residue ARG het=  resseq=99 icode= >,2zhg_A_A,2.8
644,41.074,ARG, ,NH2,116.17,23.14,0.0,0.98,1.0,<Residue ARG het=  resseq=99 icode= >,2zhg_A_A,2.8
645,0.0,GLU, ,N,96.8,17.50,0.0,3.30,1.0,<Residue GLU het=  resseq=100 icode= >,2zhg_A_A,2.8
646,0.0,GLU, ,CA,105.5,17.88,0.0,2.75,1.0,<Residue GLU het=  resseq=100 icode= >,2zhg_A_A,2.8
647,0.59,GLU, ,C,104.66,16.93,0.0,2.66,1.0,<Residue GLU het=  resseq=100 icode= >,2zhg_A_A,2.8
648,0.744,GLU, ,O,103.76,17.43,0.0,1.70,1.0,<Residue GLU het=  resseq=100 icode= >,2zhg_A_A,2.8
649,8.048,GLU, ,CB,108.6,18.11,0.0,1.40,1.0,<Residue GLU het=  resseq=100 icode= >,2zhg_A_A,2.8
650,36.651,GLU, ,CG,119.37,19.39,0.0,1.54,1.0,<Residue GLU het=  resseq=100 icode= >,2zhg_A_A,2.8
651,8.447,GLU, ,CD,114.44,20.59,0.0,1.25,1.0,<Residue GLU het=  resseq=100 icode= >,2zhg_A_A,2.8
652,31.785,GLU, ,OE1,136.62,21.46,0.0,0.33,1.0,<Residue GLU het=  resseq=100 icode= >,2zhg_A_A,2.8
653,19.687,GLU, ,OE2,131.81,20.72,0.0,0.22,1.0,<Residue GLU het=  resseq=100 icode= >,2zhg_A_A,2.8
654,0.127,GLU, ,N,104.16,15.66,0.0,2.47,1.0,<Residue GLU het=  resseq=101 icode= >,2zhg_A_A,2.8
655,1.209,GLU, ,CA,96.65,14.71,0.0,3.19,1.0,<Residue GLU het=  resseq=101 icode= >,2zhg_A_A,2.8
656,0.102,GLU, ,C,97.63,14.76,0.0,4.11,1.0,<Residue GLU het=  resseq=101 icode= >,2zhg_A_A,2.8
657,0.396,GLU, ,O,97.66,14.91,0.0,1.69,1.0,<Residue GLU het=  resseq=101 icode= >,2zhg_A_A,2.8
658,2.556,GLU, ,CB,105.33,13.31,0.0,1.83,1.0,<Residue GLU het=  resseq=101 icode= >,2zhg_A_A,2.8
659,14.861,GLU, ,CG,114.05,13.25,0.0,1.60,1.0,<Residue GLU het=  resseq=101 icode= >,2zhg_A_A,2.8
660,12.501,GLU, ,CD,121.62,12.39,0.0,1.67,1.0,<Residue GLU het=  resseq=101 icode= >,2zhg_A_A,2.8
661,33.443,GLU, ,OE1,124.55,12.76,0.0,1.33,1.0,<Residue GLU het=  resseq=101 icode= >,2zhg_A_A,2.8
662,26.516,GLU, ,OE2,126.23,11.46,0.0,0.81,1.0,<Residue GLU het=  resseq=101 icode= >,2zhg_A_A,2.8
663,0.0,LEU, ,N,85.53,14.81,0.0,3.32,1.0,<Residue LEU het=  resseq=102 icode= >,2zhg_A_A,2.8
664,0.0,LEU, ,CA,85.3,15.07,0.0,3.01,1.0,<Residue LEU het=  resseq=102 icode= >,2zhg_A_A,2.8
665,0.0,LEU, ,C,95.41,16.36,0.0,3.34,1.0,<Residue LEU het=  resseq=102 icode= >,2zhg_A_A,2.8
666,0.0,LEU, ,O,95.62,16.70,0.0,1.19,1.0,<Residue LEU het=  resseq=102 icode= >,2zhg_A_A,2.8
667,0.257,LEU, ,CB,88.28,15.37,0.0,1.53,1.0,<Residue LEU het=  resseq=102 icode= >,2zhg_A_A,2.8
668,5.94,LEU, ,CG,73.6,15.40,0.0,1.80,1.0,<Residue LEU het=  resseq=102 icode= >,2zhg_A_A,2.8
669,34.486,LEU, ,CD1,76.06,16.76,0.0,0.14,1.0,<Residue LEU het=  resseq=102 icode= >,2zhg_A_A,2.8
670,16.392,LEU, ,CD2,69.6,14.32,0.0,0.65,1.0,<Residue LEU het=  resseq=102 icode= >,2zhg_A_A,2.8
671,0.0,ASP, ,N,98.93,17.17,0.0,3.16,1.0,<Residue ASP het=  resseq=103 icode= >,2zhg_A_A,2.8
672,0.464,ASP, ,CA,110.85,18.48,0.0,2.78,1.0,<Residue ASP het=  resseq=103 icode= >,2zhg_A_A,2.8
673,0.0,ASP, ,C,97.75,18.44,0.0,2.59,1.0,<Residue ASP het=  resseq=103 icode= >,2zhg_A_A,2.8
674,0.0,ASP, ,O,112.14,18.95,0.0,1.53,1.0,<Residue ASP het=  resseq=103 icode= >,2zhg_A_A,2.8
675,2.93,ASP, ,CB,103.48,19.43,0.0,2.06,1.0,<Residue ASP het=  resseq=103 icode= >,2zhg_A_A,2.8
676,0.083,ASP, ,CG,127.24,20.84,0.0,1.82,1.0,<Residue ASP het=  resseq=103 icode= >,2zhg_A_A,2.8
677,19.658,ASP, ,OD1,133.53,21.78,0.0,1.17,1.0,<Residue ASP het=  resseq=103 icode= >,2zhg_A_A,2.8
678,14.828,ASP, ,OD2,134.27,21.07,0.0,0.59,1.0,<Residue ASP het=  resseq=103 icode= >,2zhg_A_A,2.8
679,0.953,ARG, ,N,107.35,17.96,0.0,2.32,1.0,<Residue ARG het=  resseq=104 icode= >,2zhg_A_A,2.8
680,7.88,ARG, ,CA,98.35,18.05,0.0,3.22,1.0,<Residue ARG het=  resseq=104 icode= >,2zhg_A_A,2.8
681,0.233,ARG, ,C,101.01,17.47,0.0,3.48,1.0,<Residue ARG het=  resseq=104 icode= >,2zhg_A_A,2.8
682,0.802,ARG, ,O,99.46,18.21,0.0,1.91,1.0,<Residue ARG het=  resseq=104 icode= >,2zhg_A_A,2.8
683,49.395,ARG, ,CB,89.62,17.40,0.0,2.00,1.0,<Residue ARG het=  resseq=104 icode= >,2zhg_A_A,2.8
684,0.934,ARG, ,N,99.43,16.25,0.0,2.85,1.0,<Residue ARG het=  resseq=105 icode= >,2zhg_A_A,2.8
685,5.06,ARG, ,CA,94.89,15.67,0.0,3.32,1.0,<Residue ARG het=  resseq=105 icode= >,2zhg_A_A,2.8
686,0.0,ARG, ,C,94.92,16.72,0.0,3.55,1.0,<Residue ARG het=  resseq=105 icode= >,2zhg_A_A,2.8
687,0.0,ARG, ,O,106.31,17.09,0.0,0.91,1.0,<Residue ARG het=  resseq=105 icode= >,2zhg_A_A,2.8
688,2.454,ARG, ,CB,94.92,14.39,0.0,1.76,1.0,<Residue ARG het=  resseq=105 icode= >,2zhg_A_A,2.8
689,11.384,ARG, ,CG,95.95,13.42,0.0,1.35,1.0,<Residue ARG het=  resseq=105 icode= >,2zhg_A_A,2.8
690,25.766,ARG, ,CD,104.27,11.97,0.0,1.35,1.0,<Residue ARG het=  resseq=105 icode= >,2zhg_A_A,2.8
691,0.031,ARG, ,NE,99.23,11.68,0.0,1.05,1.0,<Residue ARG het=  resseq=105 icode= >,2zhg_A_A,2.8
692,3.303,ARG, ,CZ,118.9,11.77,0.0,1.39,1.0,<Residue ARG het=  resseq=105 icode= >,2zhg_A_A,2.8
693,30.692,ARG, ,NH1,121.71,12.13,0.0,0.67,1.0,<Residue ARG het=  resseq=105 icode= >,2zhg_A_A,2.8
694,34.15,ARG, ,NH2,120.52,11.72,0.0,0.51,1.0,<Residue ARG het=  resseq=105 icode= >,2zhg_A_A,2.8
695,0.044,ILE, ,N,95.1,17.33,0.0,2.84,1.0,<Residue ILE het=  resseq=106 icode= >,2zhg_A_A,2.8
696,0.163,ILE, ,CA,85.26,18.44,0.0,2.86,1.0,<Residue ILE het=  resseq=106 icode= >,2zhg_A_A,2.8
697,0.0,ILE, ,C,101.9,19.59,0.0,3.07,1.0,<Residue ILE het=  resseq=106 icode= >,2zhg_A_A,2.8
698,0.0,ILE, ,O,93.59,20.15,0.0,0.99,1.0,<Residue ILE het=  resseq=106 icode= >,2zhg_A_A,2.8
699,0.0,ILE, ,CB,94.99,19.08,0.0,1.99,1.0,<Residue ILE het=  resseq=106 icode= >,2zhg_A_A,2.8
700,12.457,ILE, ,CG1,81.03,18.26,0.0,0.88,1.0,<Residue ILE het=  resseq=106 icode= >,2zhg_A_A,2.8
701,25.309,ILE, ,CG2,72.46,20.46,0.0,0.73,1.0,<Residue ILE het=  resseq=106 icode= >,2zhg_A_A,2.8
702,41.429,ILE, ,CD1,82.57,19.06,0.0,-0.14,1.0,<Residue ILE het=  resseq=106 icode= >,2zhg_A_A,2.8
703,0.0,HIS, ,N,91.68,1000.00,0.0,2.69,1.0,<Residue HIS het=  resseq=107 icode= >,2zhg_A_A,2.8
704,0.045,HIS, ,CA,103.24,1000.00,0.0,2.55,1.0,<Residue HIS het=  resseq=107 icode= >,2zhg_A_A,2.8
705,1.145,HIS, ,C,89.32,1000.00,0.0,3.51,1.0,<Residue HIS het=  resseq=107 icode= >,2zhg_A_A,2.8
706,3.852,HIS, ,O,90.42,1000.00,0.0,2.06,1.0,<Residue HIS het=  resseq=107 icode= >,2zhg_A_A,2.8
707,20.391,HIS, ,CB,116.93,1000.00,0.0,1.47,1.0,<Residue HIS het=  resseq=107 icode= >,2zhg_A_A,2.8
708,2.716,HIS, ,CG,135.53,1000.00,0.0,1.32,1.0,<Residue HIS het=  resseq=107 icode= >,2zhg_A_A,2.8
709,14.875,HIS, ,ND1,143.93,1000.00,0.0,1.18,1.0,<Residue HIS het=  resseq=107 icode= >,2zhg_A_A,2.8
710,16.546,HIS, ,CD2,141.61,1000.00,0.0,0.86,1.0,<Residue HIS het=  resseq=107 icode= >,2zhg_A_A,2.8
711,43.625,HIS, ,CE1,124.3,1000.00,0.0,1.55,1.0,<Residue HIS het=  resseq=107 icode= >,2zhg_A_A,2.8
712,20.531,HIS, ,NE2,142.51,1000.00,0.0,0.99,1.0,<Residue HIS het=  resseq=107 icode= >,2zhg_A_A,2.8
713,0.262,THR, ,N,102.31,1000.00,0.0,3.05,1.0,<Residue THR het=  resseq=108 icode= >,2zhg_A_A,2.8
714,6.092,THR, ,CA,82.75,1000.00,0.0,3.35,1.0,<Residue THR het=  resseq=108 icode= >,2zhg_A_A,2.8
715,0.0,THR, ,C,82.87,1000.00,0.0,3.99,1.0,<Residue THR het=  resseq=108 icode= >,2zhg_A_A,2.8
716,1.74,THR, ,O,85.53,1000.00,0.0,1.59,1.0,<Residue THR het=  resseq=108 icode= >,2zhg_A_A,2.8
717,1.684,THR, ,CB,80.67,1000.00,0.0,2.35,1.0,<Residue THR het=  resseq=108 icode= >,2zhg_A_A,2.8
718,21.308,THR, ,OG1,81.09,1000.00,0.0,1.63,1.0,<Residue THR het=  resseq=108 icode= >,2zhg_A_A,2.8
719,57.612,THR, ,CG2,100.51,1000.00,0.0,0.23,1.0,<Residue THR het=  resseq=108 icode= >,2zhg_A_A,2.8
720,0.0,LEU, ,N,80.1,1000.00,0.0,3.49,1.0,<Residue LEU het=  resseq=109 icode= >,2zhg_A_A,2.8
721,0.338,LEU, ,CA,93.79,1000.00,0.0,2.99,1.0,<Residue LEU het=  resseq=109 icode= >,2zhg_A_A,2.8
722,1.031,LEU, ,C,83.28,1000.00,0.0,3.27,1.0,<Residue LEU het=  resseq=109 icode= >,2zhg_A_A,2.8
723,4.513,LEU, ,O,88.46,1000.00,0.0,1.08,1.0,<Residue LEU het=  resseq=109 icode= >,2zhg_A_A,2.8
724,13.111,LEU, ,CB,76.42,1000.00,0.0,2.05,1.0,<Residue LEU het=  resseq=109 icode= >,2zhg_A_A,2.8
725,12.364,LEU, ,CG,75.99,1000.00,0.0,1.93,1.0,<Residue LEU het=  resseq=109 icode= >,2zhg_A_A,2.8
726,18.82,LEU, ,CD1,80.51,1000.00,0.0,0.53,1.0,<Residue LEU het=  resseq=109 icode= >,2zhg_A_A,2.8
727,43.862,LEU, ,CD2,86.7,1000.00,0.0,-0.13,1.0,<Residue LEU het=  resseq=109 icode= >,2zhg_A_A,2.8
728,0.0,VAL, ,N,85.07,1000.00,0.0,2.69,1.0,<Residue VAL het=  resseq=110 icode= >,2zhg_A_A,2.8
729,0.633,VAL, ,CA,93.0,1000.00,0.0,2.67,1.0,<Residue VAL het=  resseq=110 icode= >,2zhg_A_A,2.8
730,0.0,VAL, ,C,92.37,1000.00,0.0,3.51,1.0,<Residue VAL het=  resseq=110 icode= >,2zhg_A_A,2.8
731,0.0,VAL, ,O,73.45,1000.00,0.0,1.90,1.0,<Residue VAL het=  resseq=110 icode= >,2zhg_A_A,2.8
732,0.559,VAL, ,CB,72.25,1000.00,0.0,2.71,1.0,<Residue VAL het=  resseq=110 icode= >,2zhg_A_A,2.8
733,24.872,VAL, ,CG1,71.7,1000.00,0.0,1.19,1.0,<Residue VAL het=  resseq=110 icode= >,2zhg_A_A,2.8
734,22.75,VAL, ,CG2,61.84,1000.00,0.0,1.05,1.0,<Residue VAL het=  resseq=110 icode= >,2zhg_A_A,2.8
735,0.324,ALA, ,N,75.07,1000.00,0.0,2.74,1.0,<Residue ALA het=  resseq=111 icode= >,2zhg_A_A,2.8
736,8.055,ALA, ,CA,78.1,1000.00,0.0,2.83,1.0,<Residue ALA het=  resseq=111 icode= >,2zhg_A_A,2.8
737,0.0,ALA, ,C,81.58,1000.00,0.0,3.57,1.0,<Residue ALA het=  resseq=111 icode= >,2zhg_A_A,2.8
738,0.211,ALA, ,O,84.35,1000.00,0.0,1.95,1.0,<Residue ALA het=  resseq=111 icode= >,2zhg_A_A,2.8
739,43.762,ALA, ,CB,87.16,1000.00,0.0,0.63,1.0,<Residue ALA het=  resseq=111 icode= >,2zhg_A_A,2.8
740,0.688,LEU, ,N,77.42,1000.00,0.0,3.11,1.0,<Residue LEU het=  resseq=112 icode= >,2zhg_A_A,2.8
741,0.366,LEU, ,CA,87.77,1000.00,0.0,3.37,1.0,<Residue LEU het=  resseq=112 icode= >,2zhg_A_A,2.8
742,0.066,LEU, ,C,75.23,1000.00,0.0,3.63,1.0,<Residue LEU het=  resseq=112 icode= >,2zhg_A_A,2.8
743,0.0,LEU, ,O,78.81,1000.00,0.0,1.64,1.0,<Residue LEU het=  resseq=112 icode= >,2zhg_A_A,2.8
744,1.651,LEU, ,CB,69.43,1000.00,0.0,2.21,1.0,<Residue LEU het=  resseq=112 icode= >,2zhg_A_A,2.8
745,12.965,LEU, ,CG,64.11,1000.00,0.0,2.08,1.0,<Residue LEU het=  resseq=112 icode= >,2zhg_A_A,2.8
746,61.117,LEU, ,CD1,72.02,1000.00,0.0,0.24,1.0,<Residue LEU het=  resseq=112 icode= >,2zhg_A_A,2.8
747,18.063,LEU, ,CD2,92.76,1000.00,0.0,-0.71,1.0,<Residue LEU het=  resseq=112 icode= >,2zhg_A_A,2.8
748,0.502,ARG, ,N,76.13,1000.00,0.0,2.47,1.0,<Residue ARG het=  resseq=113 icode= >,2zhg_A_A,2.8
749,2.706,ARG, ,CA,92.8,1000.00,0.0,2.62,1.0,<Residue ARG het=  resseq=113 icode= >,2zhg_A_A,2.8
750,0.0,ARG, ,C,95.22,1000.00,0.0,2.75,1.0,<Residue ARG het=  resseq=113 icode= >,2zhg_A_A,2.8
751,0.05,ARG, ,O,100.79,1000.00,0.0,1.80,1.0,<Residue ARG het=  resseq=113 icode= >,2zhg_A_A,2.8
752,4.285,ARG, ,CB,82.24,1000.00,0.0,1.31,1.0,<Residue ARG het=  resseq=113 icode= >,2zhg_A_A,2.8
753,20.087,ARG, ,CG,86.76,1000.00,0.0,1.07,1.0,<Residue ARG het=  resseq=113 icode= >,2zhg_A_A,2.8
754,30.883,ARG, ,CD,95.92,1000.00,0.0,1.18,1.0,<Residue ARG het=  resseq=113 icode= >,2zhg_A_A,2.8
755,2.579,ARG, ,NE,114.25,1000.00,0.0,1.34,1.0,<Residue ARG het=  resseq=113 icode= >,2zhg_A_A,2.8
756,4.389,ARG, ,CZ,116.79,1000.00,0.0,1.56,1.0,<Residue ARG het=  resseq=113 icode= >,2zhg_A_A,2.8
757,47.731,ARG, ,NH1,121.43,1000.00,0.0,0.79,1.0,<Residue ARG het=  resseq=113 icode= >,2zhg_A_A,2.8
758,31.372,ARG, ,NH2,121.82,1000.00,0.0,0.85,1.0,<Residue ARG het=  resseq=113 icode= >,2zhg_A_A,2.8
759,0.0,ASP, ,N,101.31,1000.00,0.0,2.63,1.0,<Residue ASP het=  resseq=114 icode= >,2zhg_A_A,2.8
760,2.584,ASP, ,CA,93.83,1000.00,0.0,2.97,1.0,<Residue ASP het=  resseq=114 icode= >,2zhg_A_A,2.8
761,1.893,ASP, ,C,96.4,1000.00,0.0,3.44,1.0,<Residue ASP het=  resseq=114 icode= >,2zhg_A_A,2.8
762,6.639,ASP, ,O,90.94,1000.00,0.0,2.52,1.0,<Residue ASP het=  resseq=114 icode= >,2zhg_A_A,2.8
763,22.399,ASP, ,CB,95.77,1000.00,0.0,2.20,1.0,<Residue ASP het=  resseq=114 icode= >,2zhg_A_A,2.8
764,7.769,ASP, ,CG,90.58,1000.00,0.0,3.10,1.0,<Residue ASP het=  resseq=114 icode= >,2zhg_A_A,2.8
765,17.036,ASP, ,OD1,88.86,1000.00,0.0,2.15,1.0,<Residue ASP het=  resseq=114 icode= >,2zhg_A_A,2.8
766,25.713,ASP, ,OD2,87.34,1000.00,0.0,1.89,1.0,<Residue ASP het=  resseq=114 icode= >,2zhg_A_A,2.8
767,0.244,GLU, ,N,89.82,1000.00,0.0,3.16,1.0,<Residue GLU het=  resseq=115 icode= >,2zhg_A_A,2.8
768,8.086,GLU, ,CA,90.19,1000.00,0.0,2.89,1.0,<Residue GLU het=  resseq=115 icode= >,2zhg_A_A,2.8
769,0.0,GLU, ,C,91.86,1000.00,0.0,3.32,1.0,<Residue GLU het=  resseq=115 icode= >,2zhg_A_A,2.8
770,1.15,GLU, ,O,91.28,1000.00,0.0,1.58,1.0,<Residue GLU het=  resseq=115 icode= >,2zhg_A_A,2.8
771,0.0,GLU, ,CB,90.97,1000.00,0.0,2.32,1.0,<Residue GLU het=  resseq=115 icode= >,2zhg_A_A,2.8
772,13.731,GLU, ,CG,80.13,1000.00,0.0,2.75,1.0,<Residue GLU het=  resseq=115 icode= >,2zhg_A_A,2.8
773,4.06,GLU, ,CD,90.23,1000.00,0.0,3.55,1.0,<Residue GLU het=  resseq=115 icode= >,2zhg_A_A,2.8
774,8.746,GLU, ,OE1,84.85,1000.00,0.0,2.22,1.0,<Residue GLU het=  resseq=115 icode= >,2zhg_A_A,2.8
775,18.263,GLU, ,OE2,90.51,1000.00,0.0,2.21,1.0,<Residue GLU het=  resseq=115 icode= >,2zhg_A_A,2.8
776,0.0,LEU, ,N,86.17,1000.00,0.0,3.31,1.0,<Residue LEU het=  resseq=116 icode= >,2zhg_A_A,2.8
777,0.0,LEU, ,CA,89.5,1000.00,0.0,3.73,1.0,<Residue LEU het=  resseq=116 icode= >,2zhg_A_A,2.8
778,0.0,LEU, ,C,88.33,1000.00,0.0,3.60,1.0,<Residue LEU het=  resseq=116 icode= >,2zhg_A_A,2.8
779,0.0,LEU, ,O,101.93,1000.00,0.0,1.02,1.0,<Residue LEU het=  resseq=116 icode= >,2zhg_A_A,2.8
780,0.052,LEU, ,CB,76.25,1000.00,0.0,2.13,1.0,<Residue LEU het=  resseq=116 icode= >,2zhg_A_A,2.8
781,5.954,LEU, ,CG,66.35,1000.00,0.0,2.26,1.0,<Residue LEU het=  resseq=116 icode= >,2zhg_A_A,2.8
782,54.366,LEU, ,CD1,65.86,1000.00,0.0,0.57,1.0,<Residue LEU het=  resseq=116 icode= >,2zhg_A_A,2.8
783,19.227,LEU, ,CD2,86.69,1000.00,0.0,0.08,1.0,<Residue LEU het=  resseq=116 icode= >,2zhg_A_A,2.8
784,0.0,ASP, ,N,96.44,1000.00,0.0,3.25,1.0,<Residue ASP het=  resseq=117 icode= >,2zhg_A_A,2.8
785,0.0,ASP, ,CA,92.75,1000.00,0.0,2.91,1.0,<Residue ASP het=  resseq=117 icode= >,2zhg_A_A,2.8
786,1.171,ASP, ,C,103.74,1000.00,0.0,2.77,1.0,<Residue ASP het=  resseq=117 icode= >,2zhg_A_A,2.8
787,15.554,ASP, ,O,108.78,1000.00,0.0,0.98,1.0,<Residue ASP het=  resseq=117 icode= >,2zhg_A_A,2.8
788,21.895,ASP, ,CB,103.54,1000.00,0.0,1.90,1.0,<Residue ASP het=  resseq=117 icode= >,2zhg_A_A,2.8
789,8.847,ASP, ,CG,110.25,1000.00,0.0,2.22,1.0,<Residue ASP het=  resseq=117 icode= >,2zhg_A_A,2.8
790,27.29,ASP, ,OD1,107.27,1000.00,0.0,1.12,1.0,<Residue ASP het=  resseq=117 icode= >,2zhg_A_A,2.8
791,16.179,ASP, ,OD2,105.67,1000.00,0.0,1.68,1.0,<Residue ASP het=  resseq=117 icode= >,2zhg_A_A,2.8
792,1.119,GLY, ,N,102.09,1000.00,0.0,2.51,1.0,<Residue GLY het=  resseq=118 icode= >,2zhg_A_A,2.8
793,37.608,GLY, ,CA,92.79,1000.00,0.0,2.02,1.0,<Residue GLY het=  resseq=118 icode= >,2zhg_A_A,2.8
794,4.579,GLY, ,C,100.98,1000.00,0.0,2.38,1.0,<Residue GLY het=  resseq=118 icode= >,2zhg_A_A,2.8
795,15.351,GLY, ,O,95.65,1000.00,0.0,1.36,1.0,<Residue GLY het=  resseq=118 icode= >,2zhg_A_A,2.8
796,0.0,CYS, ,N,97.43,1000.00,0.0,2.23,1.0,<Residue CYS het=  resseq=119 icode= >,2zhg_A_A,2.8
797,0.731,CYS, ,CA,97.36,1000.00,0.0,2.74,1.0,<Residue CYS het=  resseq=119 icode= >,2zhg_A_A,2.8
798,0.458,CYS, ,C,92.43,1000.00,0.0,2.89,1.0,<Residue CYS het=  resseq=119 icode= >,2zhg_A_A,2.8
799,5.907,CYS, ,O,89.0,1000.00,0.0,1.84,1.0,<Residue CYS het=  resseq=119 icode= >,2zhg_A_A,2.8
800,3.328,CYS, ,CB,90.45,1000.00,0.0,2.13,1.0,<Residue CYS het=  resseq=119 icode= >,2zhg_A_A,2.8
801,9.06,CYS, ,SG,94.57,1000.00,0.0,3.71,1.0,<Residue CYS het=  resseq=119 icode= >,2zhg_A_A,2.8
802,0.0,ILE, ,N,91.11,1000.00,0.0,2.37,1.0,<Residue ILE het=  resseq=120 icode= >,2zhg_A_A,2.8
803,5.487,ILE, ,CA,95.26,1000.00,0.0,2.35,1.0,<Residue ILE het=  resseq=120 icode= >,2zhg_A_A,2.8
804,0.0,ILE, ,C,94.68,1000.00,0.0,2.99,1.0,<Residue ILE het=  resseq=120 icode= >,2zhg_A_A,2.8
805,21.626,ILE, ,O,105.39,1000.00,0.0,1.70,1.0,<Residue ILE het=  resseq=120 icode= >,2zhg_A_A,2.8
806,3.187,ILE, ,CB,96.31,1000.00,0.0,1.26,1.0,<Residue ILE het=  resseq=120 icode= >,2zhg_A_A,2.8
807,5.341,ILE, ,CG1,97.89,1000.00,0.0,0.49,1.0,<Residue ILE het=  resseq=120 icode= >,2zhg_A_A,2.8
808,48.038,ILE, ,CG2,102.01,1000.00,0.0,0.49,1.0,<Residue ILE het=  resseq=120 icode= >,2zhg_A_A,2.8
809,37.686,ILE, ,CD1,92.96,1000.00,0.0,-0.08,1.0,<Residue ILE het=  resseq=120 icode= >,2zhg_A_A,2.8
810,2.981,GLY, ,N,97.36,1000.00,0.0,1.86,1.0,<Residue GLY het=  resseq=121 icode= >,2zhg_A_A,2.8
811,39.285,GLY, ,CA,92.27,1000.00,0.0,1.43,1.0,<Residue GLY het=  resseq=121 icode= >,2zhg_A_A,2.8
812,6.244,GLY, ,C,93.63,1000.00,0.0,2.19,1.0,<Residue GLY het=  resseq=121 icode= >,2zhg_A_A,2.8
813,32.619,GLY, ,O,106.9,1000.00,0.0,0.84,1.0,<Residue GLY het=  resseq=121 icode= >,2zhg_A_A,2.8
814,0.0,CYS, ,N,87.52,1000.00,0.0,2.19,1.0,<Residue CYS het=  resseq=122 icode= >,2zhg_A_A,2.8
815,5.858,CYS, ,CA,81.34,1000.00,0.0,3.83,1.0,<Residue CYS het=  resseq=122 icode= >,2zhg_A_A,2.8
816,0.578,CYS, ,C,85.95,1000.00,0.0,3.81,1.0,<Residue CYS het=  resseq=122 icode= >,2zhg_A_A,2.8
817,28.614,CYS, ,O,93.44,1000.00,0.0,1.77,1.0,<Residue CYS het=  resseq=122 icode= >,2zhg_A_A,2.8
818,8.85,CYS, ,CB,78.08,1000.00,0.0,3.14,1.0,<Residue CYS het=  resseq=122 icode= >,2zhg_A_A,2.8
819,35.402,CYS, ,SG,80.78,1000.00,0.0,4.75,1.0,<Residue CYS het=  resseq=122 icode= >,2zhg_A_A,2.8
820,0.566,GLY, ,N,87.57,1000.00,0.0,2.53,1.0,<Residue GLY het=  resseq=123 icode= >,2zhg_A_A,2.8
821,27.436,GLY, ,CA,84.32,1000.00,0.0,2.28,1.0,<Residue GLY het=  resseq=123 icode= >,2zhg_A_A,2.8
822,3.305,GLY, ,C,78.5,1000.00,0.0,3.81,1.0,<Residue GLY het=  resseq=123 icode= >,2zhg_A_A,2.8
823,23.167,GLY, ,O,86.2,1000.00,0.0,1.78,1.0,<Residue GLY het=  resseq=123 icode= >,2zhg_A_A,2.8
824,0.572,CYS, ,N,67.11,1000.00,0.0,3.95,1.0,<Residue CYS het=  resseq=124 icode= >,2zhg_A_A,2.8
825,12.502,CYS, ,CA,81.57,1000.00,0.0,4.36,1.0,<Residue CYS het=  resseq=124 icode= >,2zhg_A_A,2.8
826,0.0,CYS, ,C,71.43,1000.00,0.0,4.35,1.0,<Residue CYS het=  resseq=124 icode= >,2zhg_A_A,2.8
827,22.256,CYS, ,O,73.05,1000.00,0.0,2.49,1.0,<Residue CYS het=  resseq=124 icode= >,2zhg_A_A,2.8
828,29.089,CYS, ,CB,74.99,1000.00,0.0,2.20,1.0,<Residue CYS het=  resseq=124 icode= >,2zhg_A_A,2.8
829,15.549,CYS, ,SG,87.42,1000.00,0.0,4.36,1.0,<Residue CYS het=  resseq=124 icode= >,2zhg_A_A,2.8
830,0.833,LEU, ,N,74.15,1000.00,0.0,3.30,1.0,<Residue LEU het=  resseq=125 icode= >,2zhg_A_A,2.8
831,0.0,LEU, ,CA,67.1,1000.00,0.0,3.84,1.0,<Residue LEU het=  resseq=125 icode= >,2zhg_A_A,2.8
832,0.0,LEU, ,C,65.01,1000.00,0.0,4.79,1.0,<Residue LEU het=  resseq=125 icode= >,2zhg_A_A,2.8
833,6.247,LEU, ,O,74.48,1000.00,0.0,3.10,1.0,<Residue LEU het=  resseq=125 icode= >,2zhg_A_A,2.8
834,4.049,LEU, ,CB,60.18,1000.00,0.0,2.35,1.0,<Residue LEU het=  resseq=125 icode= >,2zhg_A_A,2.8
835,0.09,LEU, ,CG,63.91,1000.00,0.0,2.32,1.0,<Residue LEU het=  resseq=125 icode= >,2zhg_A_A,2.8
836,60.721,LEU, ,CD1,52.94,1000.00,0.0,0.84,1.0,<Residue LEU het=  resseq=125 icode= >,2zhg_A_A,2.8
837,19.601,LEU, ,CD2,54.49,1000.00,0.0,0.70,1.0,<Residue LEU het=  resseq=125 icode= >,2zhg_A_A,2.8
838,0.0,SER, ,N,70.72,1000.00,0.0,3.89,1.0,<Residue SER het=  resseq=126 icode= >,2zhg_A_A,2.8
839,10.461,SER, ,CA,70.49,1000.00,0.0,3.65,1.0,<Residue SER het=  resseq=126 icode= >,2zhg_A_A,2.8
840,0.0,SER, ,C,86.23,1000.00,0.0,4.94,1.0,<Residue SER het=  resseq=126 icode= >,2zhg_A_A,2.8
841,0.0,SER, ,O,76.85,1000.00,0.0,2.53,1.0,<Residue SER het=  resseq=126 icode= >,2zhg_A_A,2.8
842,23.461,SER, ,CB,67.93,1000.00,0.0,1.52,1.0,<Residue SER het=  resseq=126 icode= >,2zhg_A_A,2.8
843,5.786,ARG, ,N,76.23,1000.00,0.0,3.71,1.0,<Residue ARG het=  resseq=127 icode= >,2zhg_A_A,2.8
844,0.0,ARG, ,CA,87.36,1000.00,0.0,3.56,1.0,<Residue ARG het=  resseq=127 icode= >,2zhg_A_A,2.8
845,1.54,ARG, ,C,85.25,1000.00,0.0,3.73,1.0,<Residue ARG het=  resseq=127 icode= >,2zhg_A_A,2.8
846,1.552,ARG, ,O,101.34,1000.00,0.0,1.80,1.0,<Residue ARG het=  resseq=127 icode= >,2zhg_A_A,2.8
847,17.319,ARG, ,CB,101.0,1000.00,0.0,1.87,1.0,<Residue ARG het=  resseq=127 icode= >,2zhg_A_A,2.8
848,2.115,ARG, ,CG,102.46,1000.00,0.0,1.57,1.0,<Residue ARG het=  resseq=127 icode= >,2zhg_A_A,2.8
849,39.159,ARG, ,CD,107.9,1000.00,0.0,1.08,1.0,<Residue ARG het=  resseq=127 icode= >,2zhg_A_A,2.8
850,19.699,ARG, ,NE,118.9,1000.00,0.0,0.80,1.0,<Residue ARG het=  resseq=127 icode= >,2zhg_A_A,2.8
851,4.521,ARG, ,CZ,125.2,1000.00,0.0,1.16,1.0,<Residue ARG het=  resseq=127 icode= >,2zhg_A_A,2.8
852,19.311,ARG, ,NH1,127.17,1000.00,0.0,0.56,1.0,<Residue ARG het=  resseq=127 icode= >,2zhg_A_A,2.8
853,57.203,ARG, ,NH2,124.6,1000.00,0.0,0.39,1.0,<Residue ARG het=  resseq=127 icode= >,2zhg_A_A,2.8
854,2.29,SER, ,N,89.78,1000.00,0.0,3.01,1.0,<Residue SER het=  resseq=128 icode= >,2zhg_A_A,2.8
855,9.823,SER, ,CA,89.52,1000.00,0.0,3.17,1.0,<Residue SER het=  resseq=128 icode= >,2zhg_A_A,2.8
856,0.317,SER, ,C,91.33,1000.00,0.0,3.86,1.0,<Residue SER het=  resseq=128 icode= >,2zhg_A_A,2.8
857,15.845,SER, ,O,96.29,1000.00,0.0,1.83,1.0,<Residue SER het=  resseq=128 icode= >,2zhg_A_A,2.8
858,62.418,SER, ,CB,88.89,1000.00,0.0,0.82,1.0,<Residue SER het=  resseq=128 icode= >,2zhg_A_A,2.8
859,0.0,ASP, ,N,88.06,1000.00,0.0,3.85,1.0,<Residue ASP het=  resseq=129 icode= >,2zhg_A_A,2.8
860,4.784,ASP, ,CA,93.55,1000.00,0.0,2.94,1.0,<Residue ASP het=  resseq=129 icode= >,2zhg_A_A,2.8
861,2.537,ASP, ,C,101.16,1000.00,0.0,2.81,1.0,<Residue ASP het=  resseq=129 icode= >,2zhg_A_A,2.8
862,24.806,ASP, ,O,90.01,1000.00,0.0,1.95,1.0,<Residue ASP het=  resseq=129 icode= >,2zhg_A_A,2.8
863,11.903,ASP, ,CB,115.51,1000.00,0.0,1.13,1.0,<Residue ASP het=  resseq=129 icode= >,2zhg_A_A,2.8
864,8.573,ASP, ,CG,120.0,1000.00,0.0,1.36,1.0,<Residue ASP het=  resseq=129 icode= >,2zhg_A_A,2.8
865,32.021,ASP, ,OD1,126.62,1000.00,0.0,0.82,1.0,<Residue ASP het=  resseq=129 icode= >,2zhg_A_A,2.8
866,34.774,ASP, ,OD2,128.1,1000.00,0.0,0.58,1.0,<Residue ASP het=  resseq=129 icode= >,2zhg_A_A,2.8
867,0.0,CYS, ,N,88.22,1000.00,0.0,2.71,1.0,<Residue CYS het=  resseq=130 icode= >,2zhg_A_A,2.8
868,1.989,CYS, ,CA,84.71,1000.00,0.0,3.36,1.0,<Residue CYS het=  resseq=130 icode= >,2zhg_A_A,2.8
869,0.926,CYS, ,C,98.03,1000.00,0.0,3.04,1.0,<Residue CYS het=  resseq=130 icode= >,2zhg_A_A,2.8
870,0.0,CYS, ,O,103.05,1000.00,0.0,1.72,1.0,<Residue CYS het=  resseq=130 icode= >,2zhg_A_A,2.8
871,1.036,CYS, ,CB,79.04,1000.00,0.0,3.50,1.0,<Residue CYS het=  resseq=130 icode= >,2zhg_A_A,2.8
872,1.188,CYS, ,SG,73.58,1000.00,0.0,5.97,1.0,<Residue CYS het=  resseq=130 icode= >,2zhg_A_A,2.8
873,0.0,PRO, ,N,98.49,1000.00,0.0,2.90,1.0,<Residue PRO het=  resseq=131 icode= >,2zhg_A_A,2.8
874,5.67,PRO, ,CA,86.63,1000.00,0.0,2.82,1.0,<Residue PRO het=  resseq=131 icode= >,2zhg_A_A,2.8
875,0.0,PRO, ,C,88.44,1000.00,0.0,3.53,1.0,<Residue PRO het=  resseq=131 icode= >,2zhg_A_A,2.8
876,0.012,PRO, ,O,87.49,1000.00,0.0,2.79,1.0,<Residue PRO het=  resseq=131 icode= >,2zhg_A_A,2.8
877,1.093,PRO, ,CB,76.02,1000.00,0.0,2.25,1.0,<Residue PRO het=  resseq=131 icode= >,2zhg_A_A,2.8
878,37.577,PRO, ,CG,94.39,1000.00,0.0,1.70,1.0,<Residue PRO het=  resseq=131 icode= >,2zhg_A_A,2.8
879,18.09,PRO, ,CD,80.36,1000.00,0.0,1.43,1.0,<Residue PRO het=  resseq=131 icode= >,2zhg_A_A,2.8
880,0.0,LEU, ,N,84.64,1000.00,0.0,2.89,1.0,<Residue LEU het=  resseq=132 icode= >,2zhg_A_A,2.8
881,0.571,LEU, ,CA,90.36,1000.00,0.0,3.54,1.0,<Residue LEU het=  resseq=132 icode= >,2zhg_A_A,2.8
882,0.487,LEU, ,C,73.31,1000.00,0.0,3.65,1.0,<Residue LEU het=  resseq=132 icode= >,2zhg_A_A,2.8
883,24.173,LEU, ,O,71.88,1000.00,0.0,1.36,1.0,<Residue LEU het=  resseq=132 icode= >,2zhg_A_A,2.8
884,2.984,LEU, ,CB,71.89,1000.00,0.0,2.48,1.0,<Residue LEU het=  resseq=132 icode= >,2zhg_A_A,2.8
885,10.639,LEU, ,CG,69.21,1000.00,0.0,1.92,1.0,<Residue LEU het=  resseq=132 icode= >,2zhg_A_A,2.8
886,0.0,LEU, ,CD1,68.1,1000.00,0.0,0.48,1.0,<Residue LEU het=  resseq=132 icode= >,2zhg_A_A,2.8
887,14.369,LEU, ,CD2,82.47,1000.00,0.0,0.47,1.0,<Residue LEU het=  resseq=132 icode= >,2zhg_A_A,2.8
888,0.0,ARG, ,N,69.31,1000.00,0.0,3.17,1.0,<Residue ARG het=  resseq=133 icode= >,2zhg_A_A,2.8
889,3.957,ARG, ,CA,97.28,1000.00,0.0,2.72,1.0,<Residue ARG het=  resseq=133 icode= >,2zhg_A_A,2.8
890,0.218,ARG, ,C,99.5,1000.00,0.0,3.30,1.0,<Residue ARG het=  resseq=133 icode= >,2zhg_A_A,2.8
891,19.317,ARG, ,O,122.15,1000.00,0.0,1.22,1.0,<Residue ARG het=  resseq=133 icode= >,2zhg_A_A,2.8
892,1.011,ARG, ,CB,76.89,1000.00,0.0,1.89,1.0,<Residue ARG het=  resseq=133 icode= >,2zhg_A_A,2.8
893,12.293,ARG, ,CG,81.58,1000.00,0.0,1.48,1.0,<Residue ARG het=  resseq=133 icode= >,2zhg_A_A,2.8
894,3.356,ARG, ,CD,81.58,1000.00,0.0,1.63,1.0,<Residue ARG het=  resseq=133 icode= >,2zhg_A_A,2.8
895,3.942,ARG, ,NE,97.82,1000.00,0.0,2.15,1.0,<Residue ARG het=  resseq=133 icode= >,2zhg_A_A,2.8
896,4.212,ARG, ,CZ,100.54,1000.00,0.0,1.98,1.0,<Residue ARG het=  resseq=133 icode= >,2zhg_A_A,2.8
897,36.589,ARG, ,NH1,110.52,1000.00,0.0,0.20,1.0,<Residue ARG het=  resseq=133 icode= >,2zhg_A_A,2.8
898,25.407,ARG, ,NH2,110.67,1000.00,0.0,0.74,1.0,<Residue ARG het=  resseq=133 icode= >,2zhg_A_A,2.8
899,0.0,ASN, ,N,117.63,1000.00,0.0,3.00,1.0,<Residue ASN het=  resseq=134 icode= >,2zhg_A_A,2.8
900,6.162,ASN, ,CA,124.77,1000.00,0.0,2.45,1.0,<Residue ASN het=  resseq=134 icode= >,2zhg_A_A,2.8
901,1.536,ASN, ,C,119.29,1000.00,0.0,2.63,1.0,<Residue ASN het=  resseq=134 icode= >,2zhg_A_A,2.8
902,14.731,ASN, ,O,121.31,1000.00,0.0,1.45,1.0,<Residue ASN het=  resseq=134 icode= >,2zhg_A_A,2.8
903,31.666,ASN, ,CB,102.78,1000.00,0.0,0.98,1.0,<Residue ASN het=  resseq=134 icode= >,2zhg_A_A,2.8
904,0.062,ASN, ,CG,142.82,1000.00,0.0,0.62,1.0,<Residue ASN het=  resseq=134 icode= >,2zhg_A_A,2.8
905,0.0,ASN, ,OD1,150.49,1000.00,0.0,0.31,1.0,<Residue ASN het=  resseq=134 icode= >,2zhg_A_A,2.8
906,20.651,ASN, ,ND2,144.41,1000.00,0.0,0.19,1.0,<Residue ASN het=  resseq=134 icode= >,2zhg_A_A,2.8
907,0.0,PRO, ,N,118.87,1000.00,0.0,2.61,1.0,<Residue PRO het=  resseq=135 icode= >,2zhg_A_A,2.8
908,1.247,PRO, ,CA,130.02,1000.00,0.0,2.52,1.0,<Residue PRO het=  resseq=135 icode= >,2zhg_A_A,2.8
909,31.639,PRO, ,C,128.73,1000.00,0.0,1.74,1.0,<Residue PRO het=  resseq=135 icode= >,2zhg_A_A,2.8
910,33.43,PRO, ,O,131.19,1000.00,0.0,1.58,1.0,<Residue PRO het=  resseq=135 icode= >,2zhg_A_A,2.8
911,33.143,PRO, ,CB,114.46,1000.00,0.0,1.87,1.0,<Residue PRO het=  resseq=135 icode= >,2zhg_A_A,2.8
912,39.109,PRO, ,CG,107.64,1000.00,0.0,2.57,1.0,<Residue PRO het=  resseq=135 icode= >,2zhg_A_A,2.8
913,18.323,PRO, ,CD,111.64,1000.00,0.0,2.19,1.0,<Residue PRO het=  resseq=135 icode= >,2zhg_A_A,2.8
