,ASA,aa,altloc,atom,bfac,d2r,dASA,dens,occ,residue,id,resolu
0,32.302,MET, ,N,116.98,18.49,0.0,0.84,1.0,<Residue MET het=  resseq=20 icode= >,3a5t_B_A,2.8
1,0.0,MET, ,CA,117.81,18.02,0.0,2.08,1.0,<Residue MET het=  resseq=20 icode= >,3a5t_B_A,2.8
2,2.284,MET, ,C,118.05,18.57,0.0,1.72,1.0,<Residue MET het=  resseq=20 icode= >,3a5t_B_A,2.8
3,19.627,MET, ,O,117.92,18.24,0.0,1.32,1.0,<Residue MET het=  resseq=20 icode= >,3a5t_B_A,2.8
4,10.529,MET, ,CB,117.87,18.60,0.0,1.31,1.0,<Residue MET het=  resseq=20 icode= >,3a5t_B_A,2.8
5,1.346,MET, ,CG,118.9,18.15,0.0,0.63,1.0,<Residue MET het=  resseq=20 icode= >,3a5t_B_A,2.8
6,32.87,MET, ,S,123.72,19.15,0.0,0.78,1.0,<Residue MET het=  resseq=20 icode= >,3a5t_B_A,2.8
7,9.157,MET, ,CE,118.67,18.34,0.0,1.30,1.0,<Residue MET het=  resseq=20 icode= >,3a5t_B_A,2.8
8,4.738,GLY, ,N,118.34,1000.00,0.0,1.09,1.0,<Residue GLY het=  resseq=21 icode= >,3a5t_B_A,2.8
9,34.448,GLY, ,CA,118.49,1000.00,0.0,0.51,1.0,<Residue GLY het=  resseq=21 icode= >,3a5t_B_A,2.8
10,0.295,GLY, ,C,118.8,1000.00,0.0,1.71,1.0,<Residue GLY het=  resseq=21 icode= >,3a5t_B_A,2.8
11,14.176,GLY, ,O,118.09,1000.00,0.0,1.58,1.0,<Residue GLY het=  resseq=21 icode= >,3a5t_B_A,2.8
12,6.104,THR, ,N,119.37,1000.00,0.0,1.29,1.0,<Residue THR het=  resseq=22 icode= >,3a5t_B_A,2.8
13,7.821,THR, ,CA,119.51,1000.00,0.0,1.30,1.0,<Residue THR het=  resseq=22 icode= >,3a5t_B_A,2.8
14,4.862,THR, ,C,119.59,1000.00,0.0,1.12,1.0,<Residue THR het=  resseq=22 icode= >,3a5t_B_A,2.8
15,9.489,THR, ,O,119.54,1000.00,0.0,1.32,1.0,<Residue THR het=  resseq=22 icode= >,3a5t_B_A,2.8
16,10.171,THR, ,CB,119.43,1000.00,0.0,0.93,1.0,<Residue THR het=  resseq=22 icode= >,3a5t_B_A,2.8
17,27.236,THR, ,OG1,118.6,1000.00,0.0,0.63,1.0,<Residue THR het=  resseq=22 icode= >,3a5t_B_A,2.8
18,63.192,THR, ,CG2,118.98,1000.00,0.0,0.19,1.0,<Residue THR het=  resseq=22 icode= >,3a5t_B_A,2.8
19,4.307,SER, ,N,119.01,1000.00,0.0,1.09,1.0,<Residue SER het=  resseq=23 icode= >,3a5t_B_A,2.8
20,6.956,SER, ,CA,117.77,1000.00,0.0,1.04,1.0,<Residue SER het=  resseq=23 icode= >,3a5t_B_A,2.8
21,0.439,SER, ,C,117.33,1000.00,0.0,1.72,1.0,<Residue SER het=  resseq=23 icode= >,3a5t_B_A,2.8
22,20.692,SER, ,O,117.01,1000.00,0.0,1.36,1.0,<Residue SER het=  resseq=23 icode= >,3a5t_B_A,2.8
23,45.056,SER, ,CB,117.03,1000.00,0.0,1.04,1.0,<Residue SER het=  resseq=23 icode= >,3a5t_B_A,2.8
24,29.52,SER, ,OG,116.3,1000.00,0.0,0.71,1.0,<Residue SER het=  resseq=23 icode= >,3a5t_B_A,2.8
25,0.0,LEU, ,N,116.39,16.14,0.0,1.99,1.0,<Residue LEU het=  resseq=24 icode= >,3a5t_B_A,2.8
26,1.365,LEU, ,CA,115.1,15.75,0.0,2.07,1.0,<Residue LEU het=  resseq=24 icode= >,3a5t_B_A,2.8
27,1.557,LEU, ,C,114.27,14.39,0.0,2.32,1.0,<Residue LEU het=  resseq=24 icode= >,3a5t_B_A,2.8
28,5.052,LEU, ,O,114.18,13.48,0.0,1.41,1.0,<Residue LEU het=  resseq=24 icode= >,3a5t_B_A,2.8
29,4.489,LEU, ,CB,114.85,14.52,0.0,1.14,1.0,<Residue LEU het=  resseq=24 icode= >,3a5t_B_A,2.8
30,1.372,LEU, ,CG,114.84,14.22,0.0,0.49,1.0,<Residue LEU het=  resseq=24 icode= >,3a5t_B_A,2.8
31,9.429,LEU, ,CD1,114.35,14.15,0.0,-0.26,1.0,<Residue LEU het=  resseq=24 icode= >,3a5t_B_A,2.8
32,0.741,LEU, ,CD2,114.47,13.01,0.0,-0.74,1.0,<Residue LEU het=  resseq=24 icode= >,3a5t_B_A,2.8
33,0.0,THR, ,N,113.15,14.36,0.0,2.43,1.0,<Residue THR het=  resseq=25 icode= >,3a5t_B_A,2.8
34,6.4,THR, ,CA,112.43,13.22,0.0,2.26,1.0,<Residue THR het=  resseq=25 icode= >,3a5t_B_A,2.8
35,0.0,THR, ,C,112.13,12.25,0.0,2.83,1.0,<Residue THR het=  resseq=25 icode= >,3a5t_B_A,2.8
36,0.0,THR, ,O,111.95,12.63,0.0,2.82,1.0,<Residue THR het=  resseq=25 icode= >,3a5t_B_A,2.8
37,13.214,THR, ,CB,112.28,13.78,0.0,1.18,1.0,<Residue THR het=  resseq=25 icode= >,3a5t_B_A,2.8
38,3.171,THR, ,OG1,111.96,14.26,0.0,0.98,1.0,<Residue THR het=  resseq=25 icode= >,3a5t_B_A,2.8
39,53.809,THR, ,CG2,111.92,15.00,0.0,0.08,1.0,<Residue THR het=  resseq=25 icode= >,3a5t_B_A,2.8
40,2.087,ASP, ,N,111.48,11.14,0.0,2.47,1.0,<Residue ASP het=  resseq=26 icode= >,3a5t_B_A,2.8
41,0.0,ASP, ,CA,110.7,10.25,0.0,2.71,1.0,<Residue ASP het=  resseq=26 icode= >,3a5t_B_A,2.8
42,0.457,ASP, ,C,110.97,11.07,0.0,2.10,1.0,<Residue ASP het=  resseq=26 icode= >,3a5t_B_A,2.8
43,0.0,ASP, ,O,111.42,11.09,0.0,1.23,1.0,<Residue ASP het=  resseq=26 icode= >,3a5t_B_A,2.8
44,20.347,ASP, ,CB,109.62,9.09,0.0,1.07,1.0,<Residue ASP het=  resseq=26 icode= >,3a5t_B_A,2.8
45,7.308,ASP, ,CG,108.77,8.12,0.0,1.27,1.0,<Residue ASP het=  resseq=26 icode= >,3a5t_B_A,2.8
46,19.108,ASP, ,OD1,108.09,7.08,0.0,0.68,1.0,<Residue ASP het=  resseq=26 icode= >,3a5t_B_A,2.8
47,8.087,ASP, ,OD2,108.26,8.58,0.0,0.97,1.0,<Residue ASP het=  resseq=26 icode= >,3a5t_B_A,2.8
48,2.068,GLU, ,N,110.57,11.79,0.0,1.76,1.0,<Residue GLU het=  resseq=27 icode= >,3a5t_B_A,2.8
49,2.066,GLU, ,CA,110.14,12.28,0.0,1.95,1.0,<Residue GLU het=  resseq=27 icode= >,3a5t_B_A,2.8
50,0.0,GLU, ,C,108.95,13.43,0.0,2.87,1.0,<Residue GLU het=  resseq=27 icode= >,3a5t_B_A,2.8
51,5.684,GLU, ,O,108.53,13.28,0.0,1.90,1.0,<Residue GLU het=  resseq=27 icode= >,3a5t_B_A,2.8
52,23.515,GLU, ,CB,111.61,12.38,0.0,0.66,1.0,<Residue GLU het=  resseq=27 icode= >,3a5t_B_A,2.8
53,34.062,GLU, ,CG,113.59,12.93,0.0,0.32,1.0,<Residue GLU het=  resseq=27 icode= >,3a5t_B_A,2.8
54,8.31,GLU, ,CD,114.75,12.25,0.0,1.05,1.0,<Residue GLU het=  resseq=27 icode= >,3a5t_B_A,2.8
55,36.1,GLU, ,OE1,115.3,11.04,0.0,0.88,1.0,<Residue GLU het=  resseq=27 icode= >,3a5t_B_A,2.8
56,22.555,GLU, ,OE2,114.6,12.68,0.0,1.14,1.0,<Residue GLU het=  resseq=27 icode= >,3a5t_B_A,2.8
57,0.0,GLU, ,N,107.51,13.31,0.0,3.01,1.0,<Residue GLU het=  resseq=28 icode= >,3a5t_B_A,2.8
58,3.857,GLU, ,CA,106.4,12.91,0.0,2.33,1.0,<Residue GLU het=  resseq=28 icode= >,3a5t_B_A,2.8
59,0.0,GLU, ,C,105.1,11.49,0.0,3.01,1.0,<Residue GLU het=  resseq=28 icode= >,3a5t_B_A,2.8
60,0.791,GLU, ,O,104.78,10.72,0.0,2.29,1.0,<Residue GLU het=  resseq=28 icode= >,3a5t_B_A,2.8
61,4.883,GLU, ,CB,107.67,13.92,0.0,1.49,1.0,<Residue GLU het=  resseq=28 icode= >,3a5t_B_A,2.8
62,16.256,GLU, ,CG,108.59,15.35,0.0,1.20,1.0,<Residue GLU het=  resseq=28 icode= >,3a5t_B_A,2.8
63,7.726,GLU, ,CD,108.57,16.42,0.0,1.25,1.0,<Residue GLU het=  resseq=28 icode= >,3a5t_B_A,2.8
64,34.614,GLU, ,OE1,108.29,17.57,0.0,1.02,1.0,<Residue GLU het=  resseq=28 icode= >,3a5t_B_A,2.8
65,8.949,GLU, ,OE2,108.62,16.18,0.0,1.38,1.0,<Residue GLU het=  resseq=28 icode= >,3a5t_B_A,2.8
66,0.0,LEU, ,N,103.47,11.30,0.0,2.81,1.0,<Residue LEU het=  resseq=29 icode= >,3a5t_B_A,2.8
67,0.0,LEU, ,CA,102.44,10.11,0.0,2.27,1.0,<Residue LEU het=  resseq=29 icode= >,3a5t_B_A,2.8
68,0.0,LEU, ,C,102.95,8.87,0.0,3.38,1.0,<Residue LEU het=  resseq=29 icode= >,3a5t_B_A,2.8
69,0.0,LEU, ,O,103.54,7.84,0.0,1.81,1.0,<Residue LEU het=  resseq=29 icode= >,3a5t_B_A,2.8
70,0.0,LEU, ,CB,100.79,10.42,0.0,1.28,1.0,<Residue LEU het=  resseq=29 icode= >,3a5t_B_A,2.8
71,0.0,LEU, ,CG,99.78,9.62,0.0,1.00,1.0,<Residue LEU het=  resseq=29 icode= >,3a5t_B_A,2.8
72,0.0,LEU, ,CD1,100.07,9.67,0.0,-0.89,1.0,<Residue LEU het=  resseq=29 icode= >,3a5t_B_A,2.8
73,0.0,LEU, ,CD2,99.7,10.46,0.0,0.11,1.0,<Residue LEU het=  resseq=29 icode= >,3a5t_B_A,2.8
74,0.0,VAL, ,N,103.58,9.16,0.0,3.95,1.0,<Residue VAL het=  resseq=30 icode= >,3a5t_B_A,2.8
75,0.0,VAL, ,CA,104.59,8.31,0.0,3.04,1.0,<Residue VAL het=  resseq=30 icode= >,3a5t_B_A,2.8
76,0.037,VAL, ,C,105.93,8.14,0.0,2.60,1.0,<Residue VAL het=  resseq=30 icode= >,3a5t_B_A,2.8
77,5.767,VAL, ,O,105.65,6.96,0.0,1.56,1.0,<Residue VAL het=  resseq=30 icode= >,3a5t_B_A,2.8
78,0.007,VAL, ,CB,104.29,8.66,0.0,1.16,1.0,<Residue VAL het=  resseq=30 icode= >,3a5t_B_A,2.8
79,18.933,VAL, ,CG1,103.72,9.49,0.0,0.44,1.0,<Residue VAL het=  resseq=30 icode= >,3a5t_B_A,2.8
80,16.993,VAL, ,CG2,104.25,7.32,0.0,0.01,1.0,<Residue VAL het=  resseq=30 icode= >,3a5t_B_A,2.8
81,0.0,THR, ,N,107.85,9.17,0.0,1.25,1.0,<Residue THR het=  resseq=31 icode= >,3a5t_B_A,2.8
82,6.389,THR, ,CA,109.02,9.19,0.0,2.45,1.0,<Residue THR het=  resseq=31 icode= >,3a5t_B_A,2.8
83,0.0,THR, ,C,110.28,8.49,0.0,2.76,1.0,<Residue THR het=  resseq=31 icode= >,3a5t_B_A,2.8
84,23.107,THR, ,O,109.95,8.03,0.0,1.59,1.0,<Residue THR het=  resseq=31 icode= >,3a5t_B_A,2.8
85,5.198,THR, ,CB,108.72,10.54,0.0,1.96,1.0,<Residue THR het=  resseq=31 icode= >,3a5t_B_A,2.8
86,2.715,THR, ,OG1,108.67,10.87,0.0,1.52,1.0,<Residue THR het=  resseq=31 icode= >,3a5t_B_A,2.8
87,61.414,THR, ,CG2,108.2,10.69,0.0,0.52,1.0,<Residue THR het=  resseq=31 icode= >,3a5t_B_A,2.8
88,0.525,MET, ,N,111.96,8.60,0.0,2.73,1.0,<Residue MET het=  resseq=32 icode= >,3a5t_B_A,2.8
89,7.007,MET, ,CA,113.98,8.22,0.0,2.18,1.0,<Residue MET het=  resseq=32 icode= >,3a5t_B_A,2.8
90,0.327,MET, ,C,115.22,6.75,0.0,1.40,1.0,<Residue MET het=  resseq=32 icode= >,3a5t_B_A,2.8
91,2.462,MET, ,O,115.63,5.90,0.0,0.87,1.0,<Residue MET het=  resseq=32 icode= >,3a5t_B_A,2.8
92,4.614,MET, ,CB,113.86,9.09,0.0,1.44,1.0,<Residue MET het=  resseq=32 icode= >,3a5t_B_A,2.8
93,0.0,MET, ,CG,114.31,8.95,0.0,1.82,1.0,<Residue MET het=  resseq=32 icode= >,3a5t_B_A,2.8
94,0.0,MET, ,S,117.83,10.28,0.0,1.52,1.0,<Residue MET het=  resseq=32 icode= >,3a5t_B_A,2.8
95,11.175,MET, ,CE,113.65,11.62,0.0,0.50,1.0,<Residue MET het=  resseq=32 icode= >,3a5t_B_A,2.8
96,2.942,SER, ,N,116.09,6.70,0.0,0.92,1.0,<Residue SER het=  resseq=33 icode= >,3a5t_B_A,2.8
97,8.18,SER, ,CA,116.23,5.61,0.0,1.59,1.0,<Residue SER het=  resseq=33 icode= >,3a5t_B_A,2.8
98,0.0,SER, ,C,116.75,5.34,0.0,2.08,1.0,<Residue SER het=  resseq=33 icode= >,3a5t_B_A,2.8
99,0.0,SER, ,O,116.44,6.13,0.0,1.81,1.0,<Residue SER het=  resseq=33 icode= >,3a5t_B_A,2.8
100,29.659,SER, ,CB,115.6,6.34,0.0,1.41,1.0,<Residue SER het=  resseq=33 icode= >,3a5t_B_A,2.8
101,21.431,SER, ,OG,114.55,5.73,0.0,1.66,1.0,<Residue SER het=  resseq=33 icode= >,3a5t_B_A,2.8
102,2.335,VAL, ,N,117.71,4.62,1.965,0.98,1.0,<Residue VAL het=  resseq=34 icode= >,3a5t_B_A,2.8
103,0.0,VAL, ,CA,118.81,4.88,0.0,0.04,1.0,<Residue VAL het=  resseq=34 icode= >,3a5t_B_A,2.8
104,0.0,VAL, ,C,119.04,6.36,0.0,1.48,1.0,<Residue VAL het=  resseq=34 icode= >,3a5t_B_A,2.8
105,0.204,VAL, ,O,119.11,7.12,0.0,0.96,1.0,<Residue VAL het=  resseq=34 icode= >,3a5t_B_A,2.8
106,8.315,VAL, ,CB,119.02,4.17,8.315,-0.06,1.0,<Residue VAL het=  resseq=34 icode= >,3a5t_B_A,2.8
107,38.658,VAL, ,CG1,118.55,4.82,5.264,0.18,1.0,<Residue VAL het=  resseq=34 icode= >,3a5t_B_A,2.8
108,47.365,VAL, ,CG2,118.27,4.18,26.68,-0.61,1.0,<Residue VAL het=  resseq=34 icode= >,3a5t_B_A,2.8
109,0.0,ARG, ,N,118.92,6.96,0.0,2.11,1.0,<Residue ARG het=  resseq=35 icode= >,3a5t_B_A,2.8
110,0.02,ARG, ,CA,118.3,8.40,0.0,1.65,1.0,<Residue ARG het=  resseq=35 icode= >,3a5t_B_A,2.8
111,1.048,ARG, ,C,117.79,9.19,0.0,2.45,1.0,<Residue ARG het=  resseq=35 icode= >,3a5t_B_A,2.8
112,4.913,ARG, ,O,117.73,10.23,0.0,1.91,1.0,<Residue ARG het=  resseq=35 icode= >,3a5t_B_A,2.8
113,18.872,ARG, ,CB,117.98,9.02,0.0,0.90,1.0,<Residue ARG het=  resseq=35 icode= >,3a5t_B_A,2.8
114,14.358,ARG, ,CG,117.33,8.81,0.0,0.96,1.0,<Residue ARG het=  resseq=35 icode= >,3a5t_B_A,2.8
115,25.583,ARG, ,CD,117.49,9.71,0.0,0.47,1.0,<Residue ARG het=  resseq=35 icode= >,3a5t_B_A,2.8
116,17.491,ARG, ,NE,117.44,9.95,0.0,0.73,1.0,<Residue ARG het=  resseq=35 icode= >,3a5t_B_A,2.8
117,9.178,ARG, ,CZ,117.18,10.77,0.0,0.86,1.0,<Residue ARG het=  resseq=35 icode= >,3a5t_B_A,2.8
118,50.155,ARG, ,NH1,116.44,11.39,0.0,0.53,1.0,<Residue ARG het=  resseq=35 icode= >,3a5t_B_A,2.8
119,59.346,ARG, ,NH2,116.99,11.15,0.0,0.20,1.0,<Residue ARG het=  resseq=35 icode= >,3a5t_B_A,2.8
120,1.117,GLU, ,N,116.89,8.86,0.0,2.55,1.0,<Residue GLU het=  resseq=36 icode= >,3a5t_B_A,2.8
121,4.56,GLU, ,CA,116.18,9.80,0.0,2.66,1.0,<Residue GLU het=  resseq=36 icode= >,3a5t_B_A,2.8
122,0.0,GLU, ,C,115.82,10.01,0.0,2.52,1.0,<Residue GLU het=  resseq=36 icode= >,3a5t_B_A,2.8
123,0.0,GLU, ,O,115.93,11.06,0.0,1.72,1.0,<Residue GLU het=  resseq=36 icode= >,3a5t_B_A,2.8
124,6.197,GLU, ,CB,115.97,9.53,0.0,2.04,1.0,<Residue GLU het=  resseq=36 icode= >,3a5t_B_A,2.8
125,8.299,GLU, ,CG,116.99,10.77,0.0,1.24,1.0,<Residue GLU het=  resseq=36 icode= >,3a5t_B_A,2.8
126,8.319,GLU, ,CD,117.72,10.74,0.0,1.22,1.0,<Residue GLU het=  resseq=36 icode= >,3a5t_B_A,2.8
127,22.586,GLU, ,OE1,118.02,10.18,0.0,1.00,1.0,<Residue GLU het=  resseq=36 icode= >,3a5t_B_A,2.8
128,22.165,GLU, ,OE2,118.07,11.47,0.0,0.60,1.0,<Residue GLU het=  resseq=36 icode= >,3a5t_B_A,2.8
129,0.0,LEU, ,N,115.4,9.17,0.0,2.11,1.0,<Residue LEU het=  resseq=37 icode= >,3a5t_B_A,2.8
130,0.0,LEU, ,CA,115.05,9.58,0.0,1.06,1.0,<Residue LEU het=  resseq=37 icode= >,3a5t_B_A,2.8
131,0.0,LEU, ,C,115.33,10.41,0.0,1.94,1.0,<Residue LEU het=  resseq=37 icode= >,3a5t_B_A,2.8
132,0.0,LEU, ,O,114.98,11.17,0.0,1.55,1.0,<Residue LEU het=  resseq=37 icode= >,3a5t_B_A,2.8
133,0.0,LEU, ,CB,113.89,8.27,0.0,0.53,1.0,<Residue LEU het=  resseq=37 icode= >,3a5t_B_A,2.8
134,0.0,LEU, ,CG,112.99,8.63,0.0,0.08,1.0,<Residue LEU het=  resseq=37 icode= >,3a5t_B_A,2.8
135,0.0,LEU, ,CD1,112.41,9.27,0.0,-0.63,1.0,<Residue LEU het=  resseq=37 icode= >,3a5t_B_A,2.8
136,7.329,LEU, ,CD2,111.78,7.58,0.0,-0.87,1.0,<Residue LEU het=  resseq=37 icode= >,3a5t_B_A,2.8
137,0.0,ASN, ,N,115.84,9.90,0.0,2.69,1.0,<Residue ASN het=  resseq=38 icode= >,3a5t_B_A,2.8
138,0.0,ASN, ,CA,116.91,10.30,0.0,2.13,1.0,<Residue ASN het=  resseq=38 icode= >,3a5t_B_A,2.8
139,1.232,ASN, ,C,117.55,11.82,0.0,2.17,1.0,<Residue ASN het=  resseq=38 icode= >,3a5t_B_A,2.8
140,11.406,ASN, ,O,117.16,12.50,0.0,1.72,1.0,<Residue ASN het=  resseq=38 icode= >,3a5t_B_A,2.8
141,23.437,ASN, ,CB,116.63,9.63,0.0,0.88,1.0,<Residue ASN het=  resseq=38 icode= >,3a5t_B_A,2.8
142,5.394,ASN, ,CG,116.49,8.11,0.0,0.94,1.0,<Residue ASN het=  resseq=38 icode= >,3a5t_B_A,2.8
143,20.317,ASN, ,OD1,115.93,7.62,0.0,0.27,1.0,<Residue ASN het=  resseq=38 icode= >,3a5t_B_A,2.8
144,21.995,ASN, ,ND2,115.91,7.54,0.0,0.52,1.0,<Residue ASN het=  resseq=38 icode= >,3a5t_B_A,2.8
145,0.335,GLN, ,N,118.17,12.36,0.0,2.13,1.0,<Residue GLN het=  resseq=39 icode= >,3a5t_B_A,2.8
146,6.195,GLN, ,CA,118.44,13.81,0.0,2.27,1.0,<Residue GLN het=  resseq=39 icode= >,3a5t_B_A,2.8
147,0.0,GLN, ,C,118.87,14.53,0.0,2.63,1.0,<Residue GLN het=  resseq=39 icode= >,3a5t_B_A,2.8
148,0.0,GLN, ,O,119.59,15.41,0.0,1.74,1.0,<Residue GLN het=  resseq=39 icode= >,3a5t_B_A,2.8
149,7.548,GLN, ,CB,118.49,13.69,0.0,1.18,1.0,<Residue GLN het=  resseq=39 icode= >,3a5t_B_A,2.8
150,3.715,GLN, ,CG,119.06,15.03,0.0,0.67,1.0,<Residue GLN het=  resseq=39 icode= >,3a5t_B_A,2.8
151,5.407,GLN, ,CD,119.23,15.05,0.0,0.84,1.0,<Residue GLN het=  resseq=39 icode= >,3a5t_B_A,2.8
152,22.539,GLN, ,OE1,119.17,16.13,0.0,0.71,1.0,<Residue GLN het=  resseq=39 icode= >,3a5t_B_A,2.8
153,23.669,GLN, ,NE2,119.36,13.94,0.0,0.48,1.0,<Residue GLN het=  resseq=39 icode= >,3a5t_B_A,2.8
154,0.0,HIS, ,N,118.5,14.09,0.0,2.49,1.0,<Residue HIS het=  resseq=40 icode= >,3a5t_B_A,2.8
155,0.0,HIS, ,CA,118.12,14.81,0.0,2.37,1.0,<Residue HIS het=  resseq=40 icode= >,3a5t_B_A,2.8
156,0.011,HIS, ,C,118.39,14.68,0.0,2.03,1.0,<Residue HIS het=  resseq=40 icode= >,3a5t_B_A,2.8
157,9.2,HIS, ,O,117.64,15.17,0.0,1.47,1.0,<Residue HIS het=  resseq=40 icode= >,3a5t_B_A,2.8
158,2.076,HIS, ,CB,116.87,14.38,0.0,1.42,1.0,<Residue HIS het=  resseq=40 icode= >,3a5t_B_A,2.8
159,0.0,HIS, ,CG,116.46,14.45,0.0,1.63,1.0,<Residue HIS het=  resseq=40 icode= >,3a5t_B_A,2.8
160,3.747,HIS, ,ND1,116.03,14.92,0.0,1.24,1.0,<Residue HIS het=  resseq=40 icode= >,3a5t_B_A,2.8
161,0.0,HIS, ,CD2,116.12,14.10,0.0,1.71,1.0,<Residue HIS het=  resseq=40 icode= >,3a5t_B_A,2.8
162,19.331,HIS, ,CE1,116.14,14.87,0.0,0.66,1.0,<Residue HIS het=  resseq=40 icode= >,3a5t_B_A,2.8
163,6.472,HIS, ,NE2,116.25,14.37,0.0,1.03,1.0,<Residue HIS het=  resseq=40 icode= >,3a5t_B_A,2.8
164,0.0,LEU, ,N,119.3,13.81,0.0,1.70,1.0,<Residue LEU het=  resseq=41 icode= >,3a5t_B_A,2.8
165,0.0,LEU, ,CA,120.15,13.42,0.0,1.36,1.0,<Residue LEU het=  resseq=41 icode= >,3a5t_B_A,2.8
166,0.34,LEU, ,C,120.82,14.32,0.0,1.44,1.0,<Residue LEU het=  resseq=41 icode= >,3a5t_B_A,2.8
167,0.389,LEU, ,O,121.03,14.57,0.0,1.05,1.0,<Residue LEU het=  resseq=41 icode= >,3a5t_B_A,2.8
168,0.0,LEU, ,CB,119.2,11.93,0.0,1.77,1.0,<Residue LEU het=  resseq=41 icode= >,3a5t_B_A,2.8
169,1.9,LEU, ,CG,118.91,11.41,0.0,0.77,1.0,<Residue LEU het=  resseq=41 icode= >,3a5t_B_A,2.8
170,0.443,LEU, ,CD1,118.4,11.57,0.0,-0.19,1.0,<Residue LEU het=  resseq=41 icode= >,3a5t_B_A,2.8
171,18.974,LEU, ,CD2,118.61,10.02,0.0,0.08,1.0,<Residue LEU het=  resseq=41 icode= >,3a5t_B_A,2.8
172,0.035,ARG, ,N,121.28,14.95,0.0,1.32,1.0,<Residue ARG het=  resseq=42 icode= >,3a5t_B_A,2.8
173,10.303,ARG, ,CA,121.22,15.85,0.0,1.23,1.0,<Residue ARG het=  resseq=42 icode= >,3a5t_B_A,2.8
174,1.286,ARG, ,C,120.9,16.97,0.0,1.60,1.0,<Residue ARG het=  resseq=42 icode= >,3a5t_B_A,2.8
175,5.148,ARG, ,O,120.93,17.65,0.0,1.37,1.0,<Residue ARG het=  resseq=42 icode= >,3a5t_B_A,2.8
176,26.7,ARG, ,CB,121.37,16.54,0.0,0.17,1.0,<Residue ARG het=  resseq=42 icode= >,3a5t_B_A,2.8
177,8.199,ARG, ,CG,121.79,17.33,0.0,-0.03,1.0,<Residue ARG het=  resseq=42 icode= >,3a5t_B_A,2.8
178,22.19,ARG, ,CD,122.3,17.48,0.0,-0.06,1.0,<Residue ARG het=  resseq=42 icode= >,3a5t_B_A,2.8
179,2.44,ARG, ,NE,122.85,17.78,0.0,0.96,1.0,<Residue ARG het=  resseq=42 icode= >,3a5t_B_A,2.8
180,3.672,ARG, ,CZ,122.99,17.90,0.0,0.84,1.0,<Residue ARG het=  resseq=42 icode= >,3a5t_B_A,2.8
181,37.832,ARG, ,NH1,122.82,17.86,0.0,0.31,1.0,<Residue ARG het=  resseq=42 icode= >,3a5t_B_A,2.8
182,8.587,ARG, ,NH2,123.09,17.82,0.0,0.04,1.0,<Residue ARG het=  resseq=42 icode= >,3a5t_B_A,2.8
183,13.07,GLY, ,N,120.48,17.23,0.0,1.01,1.0,<Residue GLY het=  resseq=43 icode= >,3a5t_B_A,2.8
184,39.484,GLY, ,CA,120.27,18.35,0.0,1.15,1.0,<Residue GLY het=  resseq=43 icode= >,3a5t_B_A,2.8
185,4.972,GLY, ,C,120.39,18.09,0.0,1.39,1.0,<Residue GLY het=  resseq=43 icode= >,3a5t_B_A,2.8
186,14.774,GLY, ,O,120.39,18.39,0.0,0.76,1.0,<Residue GLY het=  resseq=43 icode= >,3a5t_B_A,2.8
187,7.21,LEU, ,N,120.68,17.57,0.0,0.78,1.0,<Residue LEU het=  resseq=44 icode= >,3a5t_B_A,2.8
188,5.526,LEU, ,CA,120.84,17.36,0.0,0.78,1.0,<Residue LEU het=  resseq=44 icode= >,3a5t_B_A,2.8
189,2.111,LEU, ,C,120.83,17.12,0.0,1.94,1.0,<Residue LEU het=  resseq=44 icode= >,3a5t_B_A,2.8
190,7.018,LEU, ,O,120.45,16.14,0.0,1.90,1.0,<Residue LEU het=  resseq=44 icode= >,3a5t_B_A,2.8
191,0.0,LEU, ,CB,121.07,16.23,0.0,0.20,1.0,<Residue LEU het=  resseq=44 icode= >,3a5t_B_A,2.8
192,1.313,LEU, ,CG,120.84,16.67,0.0,0.60,1.0,<Residue LEU het=  resseq=44 icode= >,3a5t_B_A,2.8
193,10.308,LEU, ,CD1,120.68,15.53,0.0,-0.47,1.0,<Residue LEU het=  resseq=44 icode= >,3a5t_B_A,2.8
194,40.809,LEU, ,CD2,120.08,17.69,0.0,0.61,1.0,<Residue LEU het=  resseq=44 icode= >,3a5t_B_A,2.8
195,8.005,SER, ,N,120.76,18.05,0.0,1.93,1.0,<Residue SER het=  resseq=45 icode= >,3a5t_B_A,2.8
196,13.053,SER, ,CA,121.11,18.09,0.0,1.12,1.0,<Residue SER het=  resseq=45 icode= >,3a5t_B_A,2.8
197,0.0,SER, ,C,122.02,16.76,0.0,1.21,1.0,<Residue SER het=  resseq=45 icode= >,3a5t_B_A,2.8
198,0.0,SER, ,O,123.02,15.85,0.0,1.28,1.0,<Residue SER het=  resseq=45 icode= >,3a5t_B_A,2.8
199,40.596,SER, ,CB,119.87,19.16,0.0,0.88,1.0,<Residue SER het=  resseq=45 icode= >,3a5t_B_A,2.8
200,10.135,SER, ,OG,117.42,19.07,0.0,1.45,1.0,<Residue SER het=  resseq=45 icode= >,3a5t_B_A,2.8
201,9.764,LYS, ,N,122.02,16.72,0.0,1.15,1.0,<Residue LYS het=  resseq=46 icode= >,3a5t_B_A,2.8
202,7.304,LYS, ,CA,122.02,15.61,0.0,1.12,1.0,<Residue LYS het=  resseq=46 icode= >,3a5t_B_A,2.8
203,1.362,LYS, ,C,122.11,15.05,0.0,1.13,1.0,<Residue LYS het=  resseq=46 icode= >,3a5t_B_A,2.8
204,7.958,LYS, ,O,121.7,13.85,0.0,1.29,1.0,<Residue LYS het=  resseq=46 icode= >,3a5t_B_A,2.8
205,67.843,LYS, ,CB,121.23,16.18,0.0,0.84,1.0,<Residue LYS het=  resseq=46 icode= >,3a5t_B_A,2.8
206,1.806,GLU, ,N,122.25,16.01,0.0,0.89,1.0,<Residue GLU het=  resseq=47 icode= >,3a5t_B_A,2.8
207,3.913,GLU, ,CA,122.42,15.75,0.0,1.02,1.0,<Residue GLU het=  resseq=47 icode= >,3a5t_B_A,2.8
208,0.0,GLU, ,C,122.37,15.14,0.0,1.98,1.0,<Residue GLU het=  resseq=47 icode= >,3a5t_B_A,2.8
209,0.0,GLU, ,O,122.71,14.04,0.0,1.78,1.0,<Residue GLU het=  resseq=47 icode= >,3a5t_B_A,2.8
210,18.468,GLU, ,CB,122.67,15.78,0.0,0.35,1.0,<Residue GLU het=  resseq=47 icode= >,3a5t_B_A,2.8
211,13.677,GLU, ,CG,122.83,14.45,0.0,0.60,1.0,<Residue GLU het=  resseq=47 icode= >,3a5t_B_A,2.8
212,8.958,GLU, ,CD,122.69,14.54,0.0,1.07,1.0,<Residue GLU het=  resseq=47 icode= >,3a5t_B_A,2.8
213,36.622,GLU, ,OE1,122.57,13.56,0.0,0.85,1.0,<Residue GLU het=  resseq=47 icode= >,3a5t_B_A,2.8
214,31.395,GLU, ,OE2,122.35,15.69,0.0,0.68,1.0,<Residue GLU het=  resseq=47 icode= >,3a5t_B_A,2.8
215,0.0,GLU, ,N,122.24,15.74,0.0,1.76,1.0,<Residue GLU het=  resseq=48 icode= >,3a5t_B_A,2.8
216,0.0,GLU, ,CA,121.88,15.44,0.0,1.64,1.0,<Residue GLU het=  resseq=48 icode= >,3a5t_B_A,2.8
217,0.0,GLU, ,C,120.99,14.00,0.0,1.80,1.0,<Residue GLU het=  resseq=48 icode= >,3a5t_B_A,2.8
218,0.171,GLU, ,O,120.94,13.49,0.0,1.32,1.0,<Residue GLU het=  resseq=48 icode= >,3a5t_B_A,2.8
219,0.672,GLU, ,CB,122.77,16.41,0.0,0.91,1.0,<Residue GLU het=  resseq=48 icode= >,3a5t_B_A,2.8
220,6.815,GLU, ,CG,124.38,17.44,0.0,0.00,1.0,<Residue GLU het=  resseq=48 icode= >,3a5t_B_A,2.8
221,7.982,GLU, ,CD,125.24,16.45,0.0,0.22,1.0,<Residue GLU het=  resseq=48 icode= >,3a5t_B_A,2.8
222,10.562,GLU, ,OE1,125.03,15.38,0.0,0.39,1.0,<Residue GLU het=  resseq=48 icode= >,3a5t_B_A,2.8
223,35.014,GLU, ,OE2,125.83,16.83,0.0,-0.41,1.0,<Residue GLU het=  resseq=48 icode= >,3a5t_B_A,2.8
224,0.0,ILE, ,N,119.59,13.46,0.0,1.95,1.0,<Residue ILE het=  resseq=49 icode= >,3a5t_B_A,2.8
225,0.0,ILE, ,CA,117.83,12.12,0.0,1.95,1.0,<Residue ILE het=  resseq=49 icode= >,3a5t_B_A,2.8
226,0.0,ILE, ,C,116.62,11.12,0.0,2.41,1.0,<Residue ILE het=  resseq=49 icode= >,3a5t_B_A,2.8
227,0.241,ILE, ,O,116.18,10.41,0.0,1.38,1.0,<Residue ILE het=  resseq=49 icode= >,3a5t_B_A,2.8
228,1.076,ILE, ,CB,117.65,11.99,0.0,1.29,1.0,<Residue ILE het=  resseq=49 icode= >,3a5t_B_A,2.8
229,10.407,ILE, ,CG1,117.37,13.11,0.0,0.74,1.0,<Residue ILE het=  resseq=49 icode= >,3a5t_B_A,2.8
230,37.058,ILE, ,CG2,117.25,10.61,0.0,-0.17,1.0,<Residue ILE het=  resseq=49 icode= >,3a5t_B_A,2.8
231,12.022,ILE, ,CD1,116.56,13.32,0.0,0.84,1.0,<Residue ILE het=  resseq=49 icode= >,3a5t_B_A,2.8
232,0.057,ILE, ,N,115.29,11.25,0.0,2.27,1.0,<Residue ILE het=  resseq=50 icode= >,3a5t_B_A,2.8
233,4.185,ILE, ,CA,114.27,10.58,0.0,2.01,1.0,<Residue ILE het=  resseq=50 icode= >,3a5t_B_A,2.8
234,0.0,ILE, ,C,113.84,11.08,0.0,2.41,1.0,<Residue ILE het=  resseq=50 icode= >,3a5t_B_A,2.8
235,0.0,ILE, ,O,113.82,10.40,0.0,2.14,1.0,<Residue ILE het=  resseq=50 icode= >,3a5t_B_A,2.8
236,11.54,ILE, ,CB,114.11,11.06,0.0,1.82,1.0,<Residue ILE het=  resseq=50 icode= >,3a5t_B_A,2.8
237,13.389,ILE, ,CG1,113.81,10.70,0.0,0.88,1.0,<Residue ILE het=  resseq=50 icode= >,3a5t_B_A,2.8
238,17.729,ILE, ,CG2,113.74,12.59,0.0,1.09,1.0,<Residue ILE het=  resseq=50 icode= >,3a5t_B_A,2.8
239,68.612,ILE, ,CD1,113.46,10.61,0.0,0.43,1.0,<Residue ILE het=  resseq=50 icode= >,3a5t_B_A,2.8
240,0.0,GLN, ,N,112.9,11.69,0.0,2.45,1.0,<Residue GLN het=  resseq=51 icode= >,3a5t_B_A,2.8
241,4.673,GLN, ,CA,111.88,10.69,0.0,1.62,1.0,<Residue GLN het=  resseq=51 icode= >,3a5t_B_A,2.8
242,0.0,GLN, ,C,110.61,10.58,0.0,2.48,1.0,<Residue GLN het=  resseq=51 icode= >,3a5t_B_A,2.8
243,3.162,GLN, ,O,110.92,9.59,0.0,1.74,1.0,<Residue GLN het=  resseq=51 icode= >,3a5t_B_A,2.8
244,17.384,GLN, ,CB,112.45,11.22,0.0,0.97,1.0,<Residue GLN het=  resseq=51 icode= >,3a5t_B_A,2.8
245,2.545,GLN, ,CG,113.87,12.31,0.0,0.11,1.0,<Residue GLN het=  resseq=51 icode= >,3a5t_B_A,2.8
246,2.559,GLN, ,CD,113.94,11.90,0.0,0.80,1.0,<Residue GLN het=  resseq=51 icode= >,3a5t_B_A,2.8
247,31.86,GLN, ,OE1,112.92,11.16,0.0,0.96,1.0,<Residue GLN het=  resseq=51 icode= >,3a5t_B_A,2.8
248,10.035,GLN, ,NE2,113.59,12.57,0.0,1.05,1.0,<Residue GLN het=  resseq=51 icode= >,3a5t_B_A,2.8
249,0.0,LEU, ,N,108.49,11.72,0.0,3.18,1.0,<Residue LEU het=  resseq=52 icode= >,3a5t_B_A,2.8
250,0.0,LEU, ,CA,106.67,11.77,0.0,2.65,1.0,<Residue LEU het=  resseq=52 icode= >,3a5t_B_A,2.8
251,0.0,LEU, ,C,105.91,10.26,0.0,2.58,1.0,<Residue LEU het=  resseq=52 icode= >,3a5t_B_A,2.8
252,0.0,LEU, ,O,105.76,9.78,0.0,1.98,1.0,<Residue LEU het=  resseq=52 icode= >,3a5t_B_A,2.8
253,0.49,LEU, ,CB,105.96,12.18,0.0,1.34,1.0,<Residue LEU het=  resseq=52 icode= >,3a5t_B_A,2.8
254,0.0,LEU, ,CG,105.12,12.06,0.0,0.57,1.0,<Residue LEU het=  resseq=52 icode= >,3a5t_B_A,2.8
255,15.353,LEU, ,CD1,104.28,13.12,0.0,-0.08,1.0,<Residue LEU het=  resseq=52 icode= >,3a5t_B_A,2.8
256,5.473,LEU, ,CD2,104.15,12.47,0.0,-0.60,1.0,<Residue LEU het=  resseq=52 icode= >,3a5t_B_A,2.8
257,0.084,LYS, ,N,104.64,9.65,0.0,2.02,1.0,<Residue LYS het=  resseq=53 icode= >,3a5t_B_A,2.8
258,0.0,LYS, ,CA,102.88,8.22,0.0,2.17,1.0,<Residue LYS het=  resseq=53 icode= >,3a5t_B_A,2.8
259,1.191,LYS, ,C,101.49,8.10,0.0,2.91,1.0,<Residue LYS het=  resseq=53 icode= >,3a5t_B_A,2.8
260,4.466,LYS, ,O,100.55,7.10,0.0,1.43,1.0,<Residue LYS het=  resseq=53 icode= >,3a5t_B_A,2.8
261,39.727,LYS, ,CB,102.58,7.39,0.0,0.41,1.0,<Residue LYS het=  resseq=53 icode= >,3a5t_B_A,2.8
262,0.324,GLN, ,N,99.88,9.31,0.0,2.50,1.0,<Residue GLN het=  resseq=54 icode= >,3a5t_B_A,2.8
263,2.549,GLN, ,CA,98.21,8.04,0.0,2.16,1.0,<Residue GLN het=  resseq=54 icode= >,3a5t_B_A,2.8
264,0.0,GLN, ,C,96.14,7.49,0.0,3.50,1.0,<Residue GLN het=  resseq=54 icode= >,3a5t_B_A,2.8
265,0.0,GLN, ,O,96.61,6.98,0.0,1.70,1.0,<Residue GLN het=  resseq=54 icode= >,3a5t_B_A,2.8
266,1.144,GLN, ,CB,99.36,7.59,0.0,1.88,1.0,<Residue GLN het=  resseq=54 icode= >,3a5t_B_A,2.8
267,32.787,GLN, ,CG,101.12,6.15,0.0,1.43,1.0,<Residue GLN het=  resseq=54 icode= >,3a5t_B_A,2.8
268,5.337,GLN, ,CD,102.45,5.76,0.0,1.28,1.0,<Residue GLN het=  resseq=54 icode= >,3a5t_B_A,2.8
269,27.94,GLN, ,OE1,102.22,6.64,0.0,1.11,1.0,<Residue GLN het=  resseq=54 icode= >,3a5t_B_A,2.8
270,19.31,GLN, ,NE2,102.73,4.73,4.453,0.29,1.0,<Residue GLN het=  resseq=54 icode= >,3a5t_B_A,2.8
271,0.243,ARG, ,N,93.11,7.90,0.0,3.28,1.0,<Residue ARG het=  resseq=55 icode= >,3a5t_B_A,2.8
272,5.058,ARG, ,CA,90.37,7.86,0.0,2.32,1.0,<Residue ARG het=  resseq=55 icode= >,3a5t_B_A,2.8
273,0.0,ARG, ,C,87.32,8.50,0.0,3.57,1.0,<Residue ARG het=  resseq=55 icode= >,3a5t_B_A,2.8
274,0.0,ARG, ,O,86.99,7.91,0.0,1.82,1.0,<Residue ARG het=  resseq=55 icode= >,3a5t_B_A,2.8
275,9.373,ARG, ,CB,91.83,8.88,0.0,1.54,1.0,<Residue ARG het=  resseq=55 icode= >,3a5t_B_A,2.8
276,6.677,ARG, ,CG,93.9,8.80,0.0,0.92,1.0,<Residue ARG het=  resseq=55 icode= >,3a5t_B_A,2.8
277,19.42,ARG, ,CD,96.02,9.83,0.0,-0.05,1.0,<Residue ARG het=  resseq=55 icode= >,3a5t_B_A,2.8
278,3.67,ARG, ,NE,97.38,10.25,0.0,0.91,1.0,<Residue ARG het=  resseq=55 icode= >,3a5t_B_A,2.8
279,4.563,ARG, ,CZ,97.69,9.61,0.0,1.51,1.0,<Residue ARG het=  resseq=55 icode= >,3a5t_B_A,2.8
280,20.472,ARG, ,NH1,97.08,8.35,0.0,0.86,1.0,<Residue ARG het=  resseq=55 icode= >,3a5t_B_A,2.8
281,3.66,ARG, ,NH2,97.54,10.37,0.0,1.38,1.0,<Residue ARG het=  resseq=55 icode= >,3a5t_B_A,2.8
282,0.0,ARG, ,N,83.37,8.64,0.0,3.32,1.0,<Residue ARG het=  resseq=56 icode= >,3a5t_B_A,2.8
283,0.0,ARG, ,CA,79.88,7.56,0.0,3.13,1.0,<Residue ARG het=  resseq=56 icode= >,3a5t_B_A,2.8
284,0.0,ARG, ,C,78.22,7.08,0.0,3.77,1.0,<Residue ARG het=  resseq=56 icode= >,3a5t_B_A,2.8
285,0.0,ARG, ,O,77.1,7.35,0.0,1.95,1.0,<Residue ARG het=  resseq=56 icode= >,3a5t_B_A,2.8
286,0.0,ARG, ,CB,78.92,6.57,0.0,0.73,1.0,<Residue ARG het=  resseq=56 icode= >,3a5t_B_A,2.8
287,0.1,ARG, ,CG,77.05,5.46,0.0,0.33,1.0,<Residue ARG het=  resseq=56 icode= >,3a5t_B_A,2.8
288,6.921,ARG, ,CD,75.07,4.64,0.0,0.41,1.0,<Residue ARG het=  resseq=56 icode= >,3a5t_B_A,2.8
289,11.341,ARG, ,NE,73.79,3.39,8.425,0.98,1.0,<Residue ARG het=  resseq=56 icode= >,3a5t_B_A,2.8
290,0.0,ARG, ,CZ,73.75,3.67,0.0,1.97,1.0,<Residue ARG het=  resseq=56 icode= >,3a5t_B_A,2.8
291,0.0,ARG, ,NH1,72.96,4.98,0.0,1.27,1.0,<Residue ARG het=  resseq=56 icode= >,3a5t_B_A,2.8
292,21.291,ARG, ,NH2,73.23,3.05,17.916,1.47,1.0,<Residue ARG het=  resseq=56 icode= >,3a5t_B_A,2.8
293,0.154,ARG, ,N,76.48,6.73,0.0,2.76,1.0,<Residue ARG het=  resseq=57 icode= >,3a5t_B_A,2.8
294,2.201,ARG, ,CA,73.26,6.69,0.0,2.70,1.0,<Residue ARG het=  resseq=57 icode= >,3a5t_B_A,2.8
295,0.0,ARG, ,C,72.4,7.45,0.0,3.37,1.0,<Residue ARG het=  resseq=57 icode= >,3a5t_B_A,2.8
296,0.0,ARG, ,O,72.76,7.22,0.0,1.66,1.0,<Residue ARG het=  resseq=57 icode= >,3a5t_B_A,2.8
297,9.003,ARG, ,CB,71.92,6.64,0.0,1.43,1.0,<Residue ARG het=  resseq=57 icode= >,3a5t_B_A,2.8
298,11.997,ARG, ,CG,69.76,5.93,0.0,1.30,1.0,<Residue ARG het=  resseq=57 icode= >,3a5t_B_A,2.8
299,17.308,ARG, ,CD,67.32,4.60,5.624,1.80,1.0,<Residue ARG het=  resseq=57 icode= >,3a5t_B_A,2.8
300,10.658,ARG, ,NE,65.66,4.34,0.869,1.95,1.0,<Residue ARG het=  resseq=57 icode= >,3a5t_B_A,2.8
301,4.334,ARG, ,CZ,64.65,3.75,4.217,2.87,1.0,<Residue ARG het=  resseq=57 icode= >,3a5t_B_A,2.8
302,27.877,ARG, ,NH1,63.23,2.94,26.497,0.96,1.0,<Residue ARG het=  resseq=57 icode= >,3a5t_B_A,2.8
303,51.983,ARG, ,NH2,63.9,2.78,43.167,1.79,1.0,<Residue ARG het=  resseq=57 icode= >,3a5t_B_A,2.8
304,0.0,THR, ,N,70.15,6.40,0.0,3.10,1.0,<Residue THR het=  resseq=58 icode= >,3a5t_B_A,2.8
305,2.646,THR, ,CA,68.87,5.53,0.338,2.29,1.0,<Residue THR het=  resseq=58 icode= >,3a5t_B_A,2.8
306,0.0,THR, ,C,68.8,4.91,0.0,2.93,1.0,<Residue THR het=  resseq=58 icode= >,3a5t_B_A,2.8
307,1.494,THR, ,O,69.41,4.20,0.78,1.93,1.0,<Residue THR het=  resseq=58 icode= >,3a5t_B_A,2.8
308,1.13,THR, ,CB,68.92,4.71,0.0,2.14,1.0,<Residue THR het=  resseq=58 icode= >,3a5t_B_A,2.8
309,16.656,THR, ,OG1,69.12,3.58,11.547,1.31,1.0,<Residue THR het=  resseq=58 icode= >,3a5t_B_A,2.8
310,39.31,THR, ,CG2,68.14,4.08,24.32,0.38,1.0,<Residue THR het=  resseq=58 icode= >,3a5t_B_A,2.8
311,0.0,LEU, ,N,67.96,5.55,0.0,3.06,1.0,<Residue LEU het=  resseq=59 icode= >,3a5t_B_A,2.8
312,0.0,LEU, ,CA,66.89,5.58,0.0,3.27,1.0,<Residue LEU het=  resseq=59 icode= >,3a5t_B_A,2.8
313,0.0,LEU, ,C,66.15,6.14,0.0,3.91,1.0,<Residue LEU het=  resseq=59 icode= >,3a5t_B_A,2.8
314,6.497,LEU, ,O,65.45,6.12,0.0,2.40,1.0,<Residue LEU het=  resseq=59 icode= >,3a5t_B_A,2.8
315,0.147,LEU, ,CB,67.8,6.76,0.0,2.64,1.0,<Residue LEU het=  resseq=59 icode= >,3a5t_B_A,2.8
316,3.761,LEU, ,CG,68.36,6.77,0.0,2.09,1.0,<Residue LEU het=  resseq=59 icode= >,3a5t_B_A,2.8
317,4.089,LEU, ,CD1,68.6,5.59,0.0,0.39,1.0,<Residue LEU het=  resseq=59 icode= >,3a5t_B_A,2.8
318,0.0,LEU, ,CD2,69.61,8.03,0.0,0.65,1.0,<Residue LEU het=  resseq=59 icode= >,3a5t_B_A,2.8
319,0.0,LYS, ,N,64.46,7.00,0.0,3.64,1.0,<Residue LYS het=  resseq=60 icode= >,3a5t_B_A,2.8
320,1.012,LYS, ,CA,62.56,6.43,0.0,4.38,1.0,<Residue LYS het=  resseq=60 icode= >,3a5t_B_A,2.8
321,0.0,LYS, ,C,61.21,6.72,0.0,4.52,1.0,<Residue LYS het=  resseq=60 icode= >,3a5t_B_A,2.8
322,1.403,LYS, ,O,60.01,6.51,0.0,2.54,1.0,<Residue LYS het=  resseq=60 icode= >,3a5t_B_A,2.8
323,0.131,LYS, ,CB,64.02,5.64,0.0,1.38,1.0,<Residue LYS het=  resseq=60 icode= >,3a5t_B_A,2.8
324,4.097,LYS, ,CG,64.52,5.30,1.097,0.70,1.0,<Residue LYS het=  resseq=60 icode= >,3a5t_B_A,2.8
325,5.8,LYS, ,CD,65.92,4.07,0.146,0.14,1.0,<Residue LYS het=  resseq=60 icode= >,3a5t_B_A,2.8
326,4.006,LYS, ,CE,66.15,4.12,3.058,0.62,1.0,<Residue LYS het=  resseq=60 icode= >,3a5t_B_A,2.8
327,39.685,LYS, ,NZ,66.15,3.08,18.251,0.91,1.0,<Residue LYS het=  resseq=60 icode= >,3a5t_B_A,2.8
328,0.0,ASN, ,N,59.47,6.66,0.0,2.77,1.0,<Residue ASN het=  resseq=61 icode= >,3a5t_B_A,2.8
329,0.0,ASN, ,CA,56.87,5.48,0.0,2.66,1.0,<Residue ASN het=  resseq=61 icode= >,3a5t_B_A,2.8
330,0.933,ASN, ,C,55.13,4.55,0.933,5.06,1.0,<Residue ASN het=  resseq=61 icode= >,3a5t_B_A,2.8
331,1.819,ASN, ,O,54.85,4.26,1.819,3.28,1.0,<Residue ASN het=  resseq=61 icode= >,3a5t_B_A,2.8
332,19.679,ASN, ,CB,56.89,4.53,17.827,0.95,1.0,<Residue ASN het=  resseq=61 icode= >,3a5t_B_A,2.8
333,5.531,ASN, ,CG,56.29,4.44,5.531,3.30,1.0,<Residue ASN het=  resseq=61 icode= >,3a5t_B_A,2.8
334,7.78,ASN, ,OD1,55.74,3.46,7.78,1.53,1.0,<Residue ASN het=  resseq=61 icode= >,3a5t_B_A,2.8
335,29.83,ASN, ,ND2,56.77,4.19,20.142,-0.27,1.0,<Residue ASN het=  resseq=61 icode= >,3a5t_B_A,2.8
336,0.626,ARG, ,N,52.89,4.58,0.469,4.26,1.0,<Residue ARG het=  resseq=62 icode= >,3a5t_B_A,2.8
337,8.415,ARG, ,CA,51.2,4.26,8.415,3.53,1.0,<Residue ARG het=  resseq=62 icode= >,3a5t_B_A,2.8
338,0.0,ARG, ,C,49.32,5.17,0.0,3.29,1.0,<Residue ARG het=  resseq=62 icode= >,3a5t_B_A,2.8
339,2.052,ARG, ,O,47.91,4.72,1.488,2.61,1.0,<Residue ARG het=  resseq=62 icode= >,3a5t_B_A,2.8
340,3.723,ARG, ,CB,51.89,3.51,3.715,3.90,1.0,<Residue ARG het=  resseq=62 icode= >,3a5t_B_A,2.8
341,24.719,ARG, ,CG,54.51,3.75,20.296,2.79,1.0,<Residue ARG het=  resseq=62 icode= >,3a5t_B_A,2.8
342,27.567,ARG, ,CD,58.19,3.88,9.644,2.29,1.0,<Residue ARG het=  resseq=62 icode= >,3a5t_B_A,2.8
343,10.782,ARG, ,NE,60.41,2.88,10.77,2.59,1.0,<Residue ARG het=  resseq=62 icode= >,3a5t_B_A,2.8
344,4.468,ARG, ,CZ,60.31,3.58,0.865,3.32,1.0,<Residue ARG het=  resseq=62 icode= >,3a5t_B_A,2.8
345,21.945,ARG, ,NH1,58.97,4.84,0.0,2.08,1.0,<Residue ARG het=  resseq=62 icode= >,3a5t_B_A,2.8
346,41.316,ARG, ,NH2,61.43,2.61,19.249,0.98,1.0,<Residue ARG het=  resseq=62 icode= >,3a5t_B_A,2.8
347,0.061,GLY, ,N,48.49,6.32,0.0,2.88,1.0,<Residue GLY het=  resseq=63 icode= >,3a5t_B_A,2.8
348,30.702,GLY, ,CA,47.55,6.75,0.0,4.06,1.0,<Residue GLY het=  resseq=63 icode= >,3a5t_B_A,2.8
349,3.354,GLY, ,C,47.75,6.15,0.0,5.64,1.0,<Residue GLY het=  resseq=63 icode= >,3a5t_B_A,2.8
350,2.454,GLY, ,O,47.11,5.98,0.0,3.56,1.0,<Residue GLY het=  resseq=63 icode= >,3a5t_B_A,2.8
351,0.0,TYR, ,N,48.59,5.52,0.0,4.61,1.0,<Residue TYR het=  resseq=64 icode= >,3a5t_B_A,2.8
352,2.021,TYR, ,CA,48.35,4.44,1.975,4.90,1.0,<Residue TYR het=  resseq=64 icode= >,3a5t_B_A,2.8
353,1.03,TYR, ,C,48.16,3.81,1.03,5.82,1.0,<Residue TYR het=  resseq=64 icode= >,3a5t_B_A,2.8
354,2.944,TYR, ,O,48.85,3.82,1.976,3.11,1.0,<Residue TYR het=  resseq=64 icode= >,3a5t_B_A,2.8
355,22.014,TYR, ,CB,49.52,3.84,21.943,1.59,1.0,<Residue TYR het=  resseq=64 icode= >,3a5t_B_A,2.8
356,2.041,TYR, ,CG,52.29,4.04,2.041,2.08,1.0,<Residue TYR het=  resseq=64 icode= >,3a5t_B_A,2.8
357,8.662,TYR, ,CD1,52.45,3.59,8.662,1.14,1.0,<Residue TYR het=  resseq=64 icode= >,3a5t_B_A,2.8
358,18.989,TYR, ,CD2,51.8,3.71,12.615,1.82,1.0,<Residue TYR het=  resseq=64 icode= >,3a5t_B_A,2.8
359,4.237,TYR, ,CE1,53.08,3.50,4.237,1.13,1.0,<Residue TYR het=  resseq=64 icode= >,3a5t_B_A,2.8
360,25.774,TYR, ,CE2,52.99,3.48,18.696,1.48,1.0,<Residue TYR het=  resseq=64 icode= >,3a5t_B_A,2.8
361,4.98,TYR, ,CZ,53.67,3.59,4.98,2.85,1.0,<Residue TYR het=  resseq=64 icode= >,3a5t_B_A,2.8
362,19.315,TYR, ,OH,53.44,2.98,17.612,1.59,1.0,<Residue TYR het=  resseq=64 icode= >,3a5t_B_A,2.8
363,0.713,ALA, ,N,47.4,3.87,0.713,2.89,1.0,<Residue ALA het=  resseq=65 icode= >,3a5t_B_A,2.8
364,8.141,ALA, ,CA,47.75,4.01,5.938,1.61,1.0,<Residue ALA het=  resseq=65 icode= >,3a5t_B_A,2.8
365,0.0,ALA, ,C,48.18,5.17,0.0,3.76,1.0,<Residue ALA het=  resseq=65 icode= >,3a5t_B_A,2.8
366,0.237,ALA, ,O,48.79,5.44,0.0,3.34,1.0,<Residue ALA het=  resseq=65 icode= >,3a5t_B_A,2.8
367,36.397,ALA, ,CB,45.33,3.61,30.629,0.97,1.0,<Residue ALA het=  resseq=65 icode= >,3a5t_B_A,2.8
368,0.0,ALA, ,N,48.5,5.82,0.0,2.65,1.0,<Residue ALA het=  resseq=66 icode= >,3a5t_B_A,2.8
369,0.23,ALA, ,CA,47.57,5.78,0.0,4.93,1.0,<Residue ALA het=  resseq=66 icode= >,3a5t_B_A,2.8
370,0.906,ALA, ,C,48.08,7.02,0.0,4.63,1.0,<Residue ALA het=  resseq=66 icode= >,3a5t_B_A,2.8
371,1.002,ALA, ,O,49.88,6.44,0.0,2.45,1.0,<Residue ALA het=  resseq=66 icode= >,3a5t_B_A,2.8
372,36.621,ALA, ,CB,47.66,5.21,1.351,2.76,1.0,<Residue ALA het=  resseq=66 icode= >,3a5t_B_A,2.8
373,0.387,SER, ,N,48.1,6.36,0.0,5.17,1.0,<Residue SER het=  resseq=67 icode= >,3a5t_B_A,2.8
374,6.838,SER, ,CA,49.11,5.97,0.0,6.34,1.0,<Residue SER het=  resseq=67 icode= >,3a5t_B_A,2.8
375,0.138,SER, ,C,50.03,5.62,0.0,5.51,1.0,<Residue SER het=  resseq=67 icode= >,3a5t_B_A,2.8
376,0.759,SER, ,O,50.48,5.78,0.0,3.05,1.0,<Residue SER het=  resseq=67 icode= >,3a5t_B_A,2.8
377,40.201,SER, ,CB,48.53,4.57,11.845,3.88,1.0,<Residue SER het=  resseq=67 icode= >,3a5t_B_A,2.8
378,19.336,SER, ,OG,49.44,4.26,2.818,3.01,1.0,<Residue SER het=  resseq=67 icode= >,3a5t_B_A,2.8
379,0.677,CYS, ,N,50.16,4.85,0.0,3.82,1.0,<Residue CYS het=  resseq=68 icode= >,3a5t_B_A,2.8
380,3.274,CYS, ,CA,49.84,4.01,2.432,3.85,1.0,<Residue CYS het=  resseq=68 icode= >,3a5t_B_A,2.8
381,0.0,CYS, ,C,49.58,5.02,0.0,5.29,1.0,<Residue CYS het=  resseq=68 icode= >,3a5t_B_A,2.8
382,0.877,CYS, ,O,49.81,4.95,0.0,4.93,1.0,<Residue CYS het=  resseq=68 icode= >,3a5t_B_A,2.8
383,10.911,CYS, ,CB,50.32,3.98,9.172,2.22,1.0,<Residue CYS het=  resseq=68 icode= >,3a5t_B_A,2.8
384,43.701,CYS, ,SG,51.77,3.54,37.57,4.29,1.0,<Residue CYS het=  resseq=68 icode= >,3a5t_B_A,2.8
385,0.0,ARG, ,N,48.72,6.25,0.0,3.45,1.0,<Residue ARG het=  resseq=69 icode= >,3a5t_B_A,2.8
386,1.095,ARG, ,CA,47.02,6.27,0.0,2.90,1.0,<Residue ARG het=  resseq=69 icode= >,3a5t_B_A,2.8
387,0.674,ARG, ,C,46.3,6.62,0.0,3.77,1.0,<Residue ARG het=  resseq=69 icode= >,3a5t_B_A,2.8
388,1.169,ARG, ,O,45.62,7.15,0.0,3.52,1.0,<Residue ARG het=  resseq=69 icode= >,3a5t_B_A,2.8
389,12.015,ARG, ,CB,46.56,4.81,1.152,1.62,1.0,<Residue ARG het=  resseq=69 icode= >,3a5t_B_A,2.8
390,9.153,ARG, ,CG,45.82,4.79,0.0,1.50,1.0,<Residue ARG het=  resseq=69 icode= >,3a5t_B_A,2.8
391,38.488,ARG, ,CD,46.21,3.57,28.95,2.46,1.0,<Residue ARG het=  resseq=69 icode= >,3a5t_B_A,2.8
392,17.706,ARG, ,NE,45.4,2.78,16.923,4.78,1.0,<Residue ARG het=  resseq=69 icode= >,3a5t_B_A,2.8
393,4.639,ARG, ,CZ,45.42,3.50,4.639,5.23,1.0,<Residue ARG het=  resseq=69 icode= >,3a5t_B_A,2.8
394,15.712,ARG, ,NH1,45.43,3.74,14.891,0.83,1.0,<Residue ARG het=  resseq=69 icode= >,3a5t_B_A,2.8
395,41.344,ARG, ,NH2,44.8,3.28,31.677,3.11,1.0,<Residue ARG het=  resseq=69 icode= >,3a5t_B_A,2.8
396,0.092,VAL, ,N,45.64,6.71,0.0,2.59,1.0,<Residue VAL het=  resseq=70 icode= >,3a5t_B_A,2.8
397,3.315,VAL, ,CA,44.56,7.44,0.0,5.13,1.0,<Residue VAL het=  resseq=70 icode= >,3a5t_B_A,2.8
398,0.0,VAL, ,C,44.7,7.87,0.0,6.98,1.0,<Residue VAL het=  resseq=70 icode= >,3a5t_B_A,2.8
399,0.0,VAL, ,O,45.15,8.59,0.0,4.87,1.0,<Residue VAL het=  resseq=70 icode= >,3a5t_B_A,2.8
400,2.194,VAL, ,CB,44.36,7.90,0.0,4.61,1.0,<Residue VAL het=  resseq=70 icode= >,3a5t_B_A,2.8
401,35.816,VAL, ,CG1,43.05,8.90,0.0,0.46,1.0,<Residue VAL het=  resseq=70 icode= >,3a5t_B_A,2.8
402,44.357,VAL, ,CG2,43.67,6.88,0.0,2.57,1.0,<Residue VAL het=  resseq=70 icode= >,3a5t_B_A,2.8
403,0.572,LYS, ,N,43.44,6.70,0.0,6.85,1.0,<Residue LYS het=  resseq=71 icode= >,3a5t_B_A,2.8
404,4.553,LYS, ,CA,43.38,6.23,0.0,6.49,1.0,<Residue LYS het=  resseq=71 icode= >,3a5t_B_A,2.8
405,0.0,LYS, ,C,44.74,6.63,0.0,6.51,1.0,<Residue LYS het=  resseq=71 icode= >,3a5t_B_A,2.8
406,0.0,LYS, ,O,44.96,7.56,0.0,3.81,1.0,<Residue LYS het=  resseq=71 icode= >,3a5t_B_A,2.8
407,7.823,LYS, ,CB,41.9,4.79,0.0,4.19,1.0,<Residue LYS het=  resseq=71 icode= >,3a5t_B_A,2.8
408,8.368,LYS, ,CG,40.99,4.59,0.0,2.39,1.0,<Residue LYS het=  resseq=71 icode= >,3a5t_B_A,2.8
409,28.15,LYS, ,CD,42.13,3.58,10.72,2.63,1.0,<Residue LYS het=  resseq=71 icode= >,3a5t_B_A,2.8
410,20.438,LYS, ,CE,42.84,3.39,5.785,2.97,1.0,<Residue LYS het=  resseq=71 icode= >,3a5t_B_A,2.8
411,49.569,LYS, ,NZ,43.09,2.72,17.717,2.86,1.0,<Residue LYS het=  resseq=71 icode= >,3a5t_B_A,2.8
412,0.139,ARG, ,N,45.39,6.24,0.0,2.50,1.0,<Residue ARG het=  resseq=72 icode= >,3a5t_B_A,2.8
413,6.829,ARG, ,CA,45.72,6.97,0.0,3.58,1.0,<Residue ARG het=  resseq=72 icode= >,3a5t_B_A,2.8
414,0.256,ARG, ,C,45.77,8.43,0.0,7.06,1.0,<Residue ARG het=  resseq=72 icode= >,3a5t_B_A,2.8
415,6.34,ARG, ,O,46.62,9.15,0.0,4.92,1.0,<Residue ARG het=  resseq=72 icode= >,3a5t_B_A,2.8
416,1.129,ARG, ,CB,46.98,7.00,0.0,1.24,1.0,<Residue ARG het=  resseq=72 icode= >,3a5t_B_A,2.8
417,27.676,ARG, ,CG,49.02,6.69,6.023,0.99,1.0,<Residue ARG het=  resseq=72 icode= >,3a5t_B_A,2.8
418,28.621,ARG, ,CD,50.67,5.96,20.212,0.52,1.0,<Residue ARG het=  resseq=72 icode= >,3a5t_B_A,2.8
419,11.05,ARG, ,NE,53.41,4.71,3.953,1.48,1.0,<Residue ARG het=  resseq=72 icode= >,3a5t_B_A,2.8
420,3.974,ARG, ,CZ,54.47,4.37,3.974,2.79,1.0,<Residue ARG het=  resseq=72 icode= >,3a5t_B_A,2.8
421,36.246,ARG, ,NH1,54.18,5.31,12.704,1.40,1.0,<Residue ARG het=  resseq=72 icode= >,3a5t_B_A,2.8
422,35.913,ARG, ,NH2,53.38,3.48,29.121,1.20,1.0,<Residue ARG het=  resseq=72 icode= >,3a5t_B_A,2.8
423,0.0,VAL, ,N,45.98,8.92,0.0,4.03,1.0,<Residue VAL het=  resseq=73 icode= >,3a5t_B_A,2.8
424,1.865,VAL, ,CA,46.62,8.69,0.0,3.15,1.0,<Residue VAL het=  resseq=73 icode= >,3a5t_B_A,2.8
425,0.0,VAL, ,C,47.74,10.08,0.0,4.39,1.0,<Residue VAL het=  resseq=73 icode= >,3a5t_B_A,2.8
426,0.277,VAL, ,O,48.18,10.47,0.0,4.80,1.0,<Residue VAL het=  resseq=73 icode= >,3a5t_B_A,2.8
427,1.618,VAL, ,CB,45.21,8.03,0.0,3.05,1.0,<Residue VAL het=  resseq=73 icode= >,3a5t_B_A,2.8
428,41.984,VAL, ,CG1,43.04,8.35,0.0,0.97,1.0,<Residue VAL het=  resseq=73 icode= >,3a5t_B_A,2.8
429,47.415,VAL, ,CG2,46.9,6.58,0.0,-0.96,1.0,<Residue VAL het=  resseq=73 icode= >,3a5t_B_A,2.8
430,0.0,THR, ,N,48.51,10.35,0.0,3.69,1.0,<Residue THR het=  resseq=74 icode= >,3a5t_B_A,2.8
431,0.43,THR, ,CA,49.95,10.98,0.0,4.70,1.0,<Residue THR het=  resseq=74 icode= >,3a5t_B_A,2.8
432,0.102,THR, ,C,50.58,10.88,0.0,5.65,1.0,<Residue THR het=  resseq=74 icode= >,3a5t_B_A,2.8
433,7.98,THR, ,O,50.06,11.72,0.0,2.77,1.0,<Residue THR het=  resseq=74 icode= >,3a5t_B_A,2.8
434,16.723,THR, ,CB,49.18,10.67,0.0,5.23,1.0,<Residue THR het=  resseq=74 icode= >,3a5t_B_A,2.8
435,15.387,THR, ,OG1,46.55,9.54,0.0,3.63,1.0,<Residue THR het=  resseq=74 icode= >,3a5t_B_A,2.8
436,29.783,THR, ,CG2,50.59,10.67,0.0,2.34,1.0,<Residue THR het=  resseq=74 icode= >,3a5t_B_A,2.8
437,0.0,GLN, ,N,51.63,9.97,0.0,4.82,1.0,<Residue GLN het=  resseq=75 icode= >,3a5t_B_A,2.8
438,0.532,GLN, ,CA,51.86,9.83,0.0,5.53,1.0,<Residue GLN het=  resseq=75 icode= >,3a5t_B_A,2.8
439,0.763,GLN, ,C,51.66,10.95,0.139,6.69,1.0,<Residue GLN het=  resseq=75 icode= >,3a5t_B_A,2.8
440,0.432,GLN, ,O,52.35,11.72,0.0,3.55,1.0,<Residue GLN het=  resseq=75 icode= >,3a5t_B_A,2.8
441,8.893,GLN, ,CB,53.91,8.50,4.506,2.33,1.0,<Residue GLN het=  resseq=75 icode= >,3a5t_B_A,2.8
442,16.951,GLN, ,CG,56.59,7.65,0.0,0.95,1.0,<Residue GLN het=  resseq=75 icode= >,3a5t_B_A,2.8
443,6.54,GLN, ,CD,57.93,6.44,0.0,3.12,1.0,<Residue GLN het=  resseq=75 icode= >,3a5t_B_A,2.8
444,34.173,GLN, ,OE1,59.4,6.52,18.328,1.59,1.0,<Residue GLN het=  resseq=75 icode= >,3a5t_B_A,2.8
445,25.105,GLN, ,NE2,57.28,5.56,0.0,1.66,1.0,<Residue GLN het=  resseq=75 icode= >,3a5t_B_A,2.8
446,0.716,LYS, ,N,52.07,11.23,0.0,4.00,1.0,<Residue LYS het=  resseq=76 icode= >,3a5t_B_A,2.8
447,3.704,LYS, ,CA,51.55,12.12,1.326,2.92,1.0,<Residue LYS het=  resseq=76 icode= >,3a5t_B_A,2.8
448,0.0,LYS, ,C,52.83,12.64,0.0,4.21,1.0,<Residue LYS het=  resseq=76 icode= >,3a5t_B_A,2.8
449,0.0,LYS, ,O,51.81,13.27,0.0,3.56,1.0,<Residue LYS het=  resseq=76 icode= >,3a5t_B_A,2.8
450,8.313,LYS, ,CB,49.18,10.74,1.082,1.39,1.0,<Residue LYS het=  resseq=76 icode= >,3a5t_B_A,2.8
451,7.098,LYS, ,CG,46.17,10.87,5.984,1.87,1.0,<Residue LYS het=  resseq=76 icode= >,3a5t_B_A,2.8
452,32.012,LYS, ,CD,44.97,9.81,14.357,2.63,1.0,<Residue LYS het=  resseq=76 icode= >,3a5t_B_A,2.8
453,23.108,LYS, ,CE,44.81,8.75,0.0,1.84,1.0,<Residue LYS het=  resseq=76 icode= >,3a5t_B_A,2.8
454,48.847,LYS, ,NZ,46.31,7.95,10.011,1.65,1.0,<Residue LYS het=  resseq=76 icode= >,3a5t_B_A,2.8
455,0.199,GLU, ,N,55.13,12.55,0.0,3.33,1.0,<Residue GLU het=  resseq=77 icode= >,3a5t_B_A,2.8
456,1.513,GLU, ,CA,57.92,13.22,0.0,3.88,1.0,<Residue GLU het=  resseq=77 icode= >,3a5t_B_A,2.8
457,0.0,GLU, ,C,59.29,14.66,0.0,5.64,1.0,<Residue GLU het=  resseq=77 icode= >,3a5t_B_A,2.8
458,0.0,GLU, ,O,59.17,15.30,0.0,3.98,1.0,<Residue GLU het=  resseq=77 icode= >,3a5t_B_A,2.8
459,3.013,GLU, ,CB,59.03,13.25,0.0,2.28,1.0,<Residue GLU het=  resseq=77 icode= >,3a5t_B_A,2.8
460,32.595,GLU, ,CG,59.9,13.38,0.0,2.53,1.0,<Residue GLU het=  resseq=77 icode= >,3a5t_B_A,2.8
461,8.269,GLU, ,CD,59.64,14.56,0.0,4.10,1.0,<Residue GLU het=  resseq=77 icode= >,3a5t_B_A,2.8
462,8.36,GLU, ,OE1,61.88,15.61,0.0,1.28,1.0,<Residue GLU het=  resseq=77 icode= >,3a5t_B_A,2.8
463,32.959,GLU, ,OE2,58.42,14.54,0.0,3.67,1.0,<Residue GLU het=  resseq=77 icode= >,3a5t_B_A,2.8
464,0.143,GLU, ,N,62.21,14.25,0.0,3.97,1.0,<Residue GLU het=  resseq=78 icode= >,3a5t_B_A,2.8
465,1.332,GLU, ,CA,64.8,14.66,0.0,5.05,1.0,<Residue GLU het=  resseq=78 icode= >,3a5t_B_A,2.8
466,0.0,GLU, ,C,64.57,15.30,0.0,6.34,1.0,<Residue GLU het=  resseq=78 icode= >,3a5t_B_A,2.8
467,0.0,GLU, ,O,65.33,16.36,0.0,2.27,1.0,<Residue GLU het=  resseq=78 icode= >,3a5t_B_A,2.8
468,1.762,GLU, ,CB,68.26,13.58,0.0,2.61,1.0,<Residue GLU het=  resseq=78 icode= >,3a5t_B_A,2.8
469,21.741,GLU, ,CG,76.02,14.23,0.0,1.30,1.0,<Residue GLU het=  resseq=78 icode= >,3a5t_B_A,2.8
470,10.172,GLU, ,CD,80.68,13.40,0.0,1.09,1.0,<Residue GLU het=  resseq=78 icode= >,3a5t_B_A,2.8
471,29.974,GLU, ,OE1,81.53,12.19,0.0,0.33,1.0,<Residue GLU het=  resseq=78 icode= >,3a5t_B_A,2.8
472,24.917,GLU, ,OE2,82.41,14.06,0.0,1.15,1.0,<Residue GLU het=  resseq=78 icode= >,3a5t_B_A,2.8
473,0.0,LEU, ,N,63.89,14.77,0.0,4.28,1.0,<Residue LEU het=  resseq=79 icode= >,3a5t_B_A,2.8
474,0.979,LEU, ,CA,63.14,15.55,0.979,3.61,1.0,<Residue LEU het=  resseq=79 icode= >,3a5t_B_A,2.8
475,0.489,LEU, ,C,63.82,16.88,0.489,3.84,1.0,<Residue LEU het=  resseq=79 icode= >,3a5t_B_A,2.8
476,1.508,LEU, ,O,65.85,17.93,1.019,1.88,1.0,<Residue LEU het=  resseq=79 icode= >,3a5t_B_A,2.8
477,12.817,LEU, ,CB,62.27,14.96,11.851,1.66,1.0,<Residue LEU het=  resseq=79 icode= >,3a5t_B_A,2.8
478,1.949,LEU, ,CG,63.33,13.62,1.632,1.95,1.0,<Residue LEU het=  resseq=79 icode= >,3a5t_B_A,2.8
479,65.636,LEU, ,CD1,63.5,13.75,65.514,0.37,1.0,<Residue LEU het=  resseq=79 icode= >,3a5t_B_A,2.8
480,31.153,LEU, ,CD2,64.29,13.39,7.728,0.60,1.0,<Residue LEU het=  resseq=79 icode= >,3a5t_B_A,2.8
481,0.002,GLU, ,N,63.55,15.99,0.002,3.33,1.0,<Residue GLU het=  resseq=80 icode= >,3a5t_B_A,2.8
482,0.491,GLU, ,CA,63.05,16.16,0.454,3.11,1.0,<Residue GLU het=  resseq=80 icode= >,3a5t_B_A,2.8
483,1.086,GLU, ,C,65.22,17.31,0.0,3.36,1.0,<Residue GLU het=  resseq=80 icode= >,3a5t_B_A,2.8
484,7.471,GLU, ,O,65.08,18.04,0.0,1.88,1.0,<Residue GLU het=  resseq=80 icode= >,3a5t_B_A,2.8
485,13.499,GLU, ,CB,59.93,14.91,0.0,1.93,1.0,<Residue GLU het=  resseq=80 icode= >,3a5t_B_A,2.8
486,12.834,GLU, ,CG,55.06,13.74,10.579,2.44,1.0,<Residue GLU het=  resseq=80 icode= >,3a5t_B_A,2.8
487,5.867,GLU, ,CD,53.69,12.62,0.0,4.32,1.0,<Residue GLU het=  resseq=80 icode= >,3a5t_B_A,2.8
488,20.893,GLU, ,OE1,51.4,12.27,0.0,4.96,1.0,<Residue GLU het=  resseq=80 icode= >,3a5t_B_A,2.8
489,33.221,GLU, ,OE2,51.75,12.24,1.75,2.74,1.0,<Residue GLU het=  resseq=80 icode= >,3a5t_B_A,2.8
490,0.117,LYS, ,N,68.26,17.57,0.0,1.94,1.0,<Residue LYS het=  resseq=81 icode= >,3a5t_B_A,2.8
491,5.692,LYS, ,CA,71.56,18.73,0.0,3.23,1.0,<Residue LYS het=  resseq=81 icode= >,3a5t_B_A,2.8
492,0.0,LYS, ,C,72.9,20.00,0.0,4.67,1.0,<Residue LYS het=  resseq=81 icode= >,3a5t_B_A,2.8
493,0.019,LYS, ,O,73.35,20.95,0.0,2.43,1.0,<Residue LYS het=  resseq=81 icode= >,3a5t_B_A,2.8
494,1.032,LYS, ,CB,72.53,18.72,0.0,2.61,1.0,<Residue LYS het=  resseq=81 icode= >,3a5t_B_A,2.8
495,12.04,LYS, ,CG,75.1,19.80,0.0,1.28,1.0,<Residue LYS het=  resseq=81 icode= >,3a5t_B_A,2.8
496,16.533,LYS, ,CD,78.23,19.29,0.0,-0.08,1.0,<Residue LYS het=  resseq=81 icode= >,3a5t_B_A,2.8
497,38.07,LYS, ,CE,79.16,20.47,0.0,1.20,1.0,<Residue LYS het=  resseq=81 icode= >,3a5t_B_A,2.8
498,49.048,LYS, ,NZ,78.91,20.08,0.0,1.19,1.0,<Residue LYS het=  resseq=81 icode= >,3a5t_B_A,2.8
499,0.0,GLN, ,N,74.41,1000.00,0.0,4.10,1.0,<Residue GLN het=  resseq=82 icode= >,3a5t_B_A,2.8
500,0.142,GLN, ,CA,75.36,1000.00,0.0,3.41,1.0,<Residue GLN het=  resseq=82 icode= >,3a5t_B_A,2.8
501,0.0,GLN, ,C,76.9,1000.00,0.0,4.24,1.0,<Residue GLN het=  resseq=82 icode= >,3a5t_B_A,2.8
502,0.0,GLN, ,O,77.6,1000.00,0.0,2.54,1.0,<Residue GLN het=  resseq=82 icode= >,3a5t_B_A,2.8
503,3.335,GLN, ,CB,73.5,1000.00,3.308,2.28,1.0,<Residue GLN het=  resseq=82 icode= >,3a5t_B_A,2.8
504,18.868,GLN, ,CG,72.22,1000.00,0.0,1.79,1.0,<Residue GLN het=  resseq=82 icode= >,3a5t_B_A,2.8
505,5.337,GLN, ,CD,71.57,1000.00,0.0,3.00,1.0,<Residue GLN het=  resseq=82 icode= >,3a5t_B_A,2.8
506,26.021,GLN, ,OE1,71.17,1000.00,20.91,2.58,1.0,<Residue GLN het=  resseq=82 icode= >,3a5t_B_A,2.8
507,17.391,GLN, ,NE2,70.32,1000.00,0.0,2.60,1.0,<Residue GLN het=  resseq=82 icode= >,3a5t_B_A,2.8
508,1.289,LYS, ,N,78.76,1000.00,1.289,2.43,1.0,<Residue LYS het=  resseq=83 icode= >,3a5t_B_A,2.8
509,8.174,LYS, ,CA,80.59,1000.00,8.174,2.03,1.0,<Residue LYS het=  resseq=83 icode= >,3a5t_B_A,2.8
510,0.015,LYS, ,C,82.75,1000.00,0.0,2.95,1.0,<Residue LYS het=  resseq=83 icode= >,3a5t_B_A,2.8
511,1.362,LYS, ,O,83.48,1000.00,1.25,2.17,1.0,<Residue LYS het=  resseq=83 icode= >,3a5t_B_A,2.8
512,5.785,LYS, ,CB,79.53,1000.00,5.044,0.69,1.0,<Residue LYS het=  resseq=83 icode= >,3a5t_B_A,2.8
513,18.536,LYS, ,CG,77.99,1000.00,14.866,0.71,1.0,<Residue LYS het=  resseq=83 icode= >,3a5t_B_A,2.8
514,23.167,LYS, ,CD,76.51,1000.00,11.656,0.28,1.0,<Residue LYS het=  resseq=83 icode= >,3a5t_B_A,2.8
515,45.338,LYS, ,CE,75.03,1000.00,26.898,1.57,1.0,<Residue LYS het=  resseq=83 icode= >,3a5t_B_A,2.8
516,48.471,LYS, ,NZ,73.83,1000.00,18.297,1.34,1.0,<Residue LYS het=  resseq=83 icode= >,3a5t_B_A,2.8
517,0.053,ALA, ,N,84.75,1000.00,0.0,3.54,1.0,<Residue ALA het=  resseq=84 icode= >,3a5t_B_A,2.8
518,11.787,ALA, ,CA,87.47,1000.00,0.0,3.11,1.0,<Residue ALA het=  resseq=84 icode= >,3a5t_B_A,2.8
519,1.956,ALA, ,C,89.99,1000.00,0.0,2.40,1.0,<Residue ALA het=  resseq=84 icode= >,3a5t_B_A,2.8
520,4.436,ALA, ,O,90.72,1000.00,0.0,2.13,1.0,<Residue ALA het=  resseq=84 icode= >,3a5t_B_A,2.8
521,42.382,ALA, ,CB,87.0,1000.00,0.0,1.07,1.0,<Residue ALA het=  resseq=84 icode= >,3a5t_B_A,2.8
522,0.048,GLU, ,N,92.25,1000.00,0.0,2.21,1.0,<Residue GLU het=  resseq=85 icode= >,3a5t_B_A,2.8
523,0.639,GLU, ,CA,94.21,1000.00,0.0,2.80,1.0,<Residue GLU het=  resseq=85 icode= >,3a5t_B_A,2.8
524,0.808,GLU, ,C,95.54,1000.00,0.0,4.26,1.0,<Residue GLU het=  resseq=85 icode= >,3a5t_B_A,2.8
525,2.187,GLU, ,O,95.7,1000.00,0.0,2.23,1.0,<Residue GLU het=  resseq=85 icode= >,3a5t_B_A,2.8
526,11.621,GLU, ,CB,93.84,1000.00,0.0,2.36,1.0,<Residue GLU het=  resseq=85 icode= >,3a5t_B_A,2.8
527,22.677,GLU, ,CG,93.03,1000.00,0.0,1.96,1.0,<Residue GLU het=  resseq=85 icode= >,3a5t_B_A,2.8
528,8.161,GLU, ,CD,93.06,1000.00,0.0,1.88,1.0,<Residue GLU het=  resseq=85 icode= >,3a5t_B_A,2.8
529,26.271,GLU, ,OE1,92.41,1000.00,0.0,1.49,1.0,<Residue GLU het=  resseq=85 icode= >,3a5t_B_A,2.8
530,23.886,GLU, ,OE2,92.91,1000.00,0.0,0.90,1.0,<Residue GLU het=  resseq=85 icode= >,3a5t_B_A,2.8
531,0.0,LEU, ,N,97.63,1000.00,0.0,3.61,1.0,<Residue LEU het=  resseq=86 icode= >,3a5t_B_A,2.8
532,1.621,LEU, ,CA,99.9,1000.00,0.0,2.69,1.0,<Residue LEU het=  resseq=86 icode= >,3a5t_B_A,2.8
533,0.0,LEU, ,C,101.75,1000.00,0.0,2.29,1.0,<Residue LEU het=  resseq=86 icode= >,3a5t_B_A,2.8
534,16.522,LEU, ,O,101.84,1000.00,16.522,1.45,1.0,<Residue LEU het=  resseq=86 icode= >,3a5t_B_A,2.8
535,6.852,LEU, ,CB,100.06,1000.00,6.852,1.18,1.0,<Residue LEU het=  resseq=86 icode= >,3a5t_B_A,2.8
536,12.154,LEU, ,CG,100.66,1000.00,0.82,0.07,1.0,<Residue LEU het=  resseq=86 icode= >,3a5t_B_A,2.8
537,33.252,LEU, ,CD1,100.17,1000.00,0.0,0.13,1.0,<Residue LEU het=  resseq=86 icode= >,3a5t_B_A,2.8
538,61.077,LEU, ,CD2,100.72,1000.00,52.849,-1.08,1.0,<Residue LEU het=  resseq=86 icode= >,3a5t_B_A,2.8
539,0.0,GLN, ,N,103.64,1000.00,0.0,1.89,1.0,<Residue GLN het=  resseq=87 icode= >,3a5t_B_A,2.8
540,3.944,GLN, ,CA,105.33,1000.00,2.257,1.25,1.0,<Residue GLN het=  resseq=87 icode= >,3a5t_B_A,2.8
541,1.281,GLN, ,C,106.91,1000.00,0.0,1.40,1.0,<Residue GLN het=  resseq=87 icode= >,3a5t_B_A,2.8
542,6.269,GLN, ,O,107.23,1000.00,0.0,1.12,1.0,<Residue GLN het=  resseq=87 icode= >,3a5t_B_A,2.8
543,44.585,GLN, ,CB,104.52,1000.00,12.93,0.60,1.0,<Residue GLN het=  resseq=87 icode= >,3a5t_B_A,2.8
544,0.122,GLN, ,N,108.44,1000.00,0.0,1.54,1.0,<Residue GLN het=  resseq=88 icode= >,3a5t_B_A,2.8
545,2.263,GLN, ,CA,109.61,1000.00,0.0,1.52,1.0,<Residue GLN het=  resseq=88 icode= >,3a5t_B_A,2.8
546,0.202,GLN, ,C,110.89,1000.00,0.0,2.59,1.0,<Residue GLN het=  resseq=88 icode= >,3a5t_B_A,2.8
547,0.82,GLN, ,O,110.21,1000.00,0.0,2.63,1.0,<Residue GLN het=  resseq=88 icode= >,3a5t_B_A,2.8
548,2.843,GLN, ,CB,108.33,1000.00,0.0,1.56,1.0,<Residue GLN het=  resseq=88 icode= >,3a5t_B_A,2.8
549,28.414,GLN, ,CG,106.75,1000.00,0.0,1.88,1.0,<Residue GLN het=  resseq=88 icode= >,3a5t_B_A,2.8
550,7.462,GLN, ,CD,106.7,1000.00,0.0,1.71,1.0,<Residue GLN het=  resseq=88 icode= >,3a5t_B_A,2.8
551,14.067,GLN, ,OE1,106.97,1000.00,0.0,0.98,1.0,<Residue GLN het=  resseq=88 icode= >,3a5t_B_A,2.8
552,58.373,GLN, ,NE2,106.07,1000.00,0.0,0.71,1.0,<Residue GLN het=  resseq=88 icode= >,3a5t_B_A,2.8
553,0.26,GLU, ,N,112.42,1000.00,0.0,2.08,1.0,<Residue GLU het=  resseq=89 icode= >,3a5t_B_A,2.8
554,2.996,GLU, ,CA,114.18,1000.00,0.0,1.09,1.0,<Residue GLU het=  resseq=89 icode= >,3a5t_B_A,2.8
555,0.0,GLU, ,C,115.38,1000.00,0.0,0.89,1.0,<Residue GLU het=  resseq=89 icode= >,3a5t_B_A,2.8
556,0.084,GLU, ,O,116.66,1000.00,0.0,-0.51,1.0,<Residue GLU het=  resseq=89 icode= >,3a5t_B_A,2.8
557,47.286,GLU, ,CB,113.06,1000.00,7.682,0.59,1.0,<Residue GLU het=  resseq=89 icode= >,3a5t_B_A,2.8
558,0.0,VAL, ,N,115.79,1000.00,0.0,1.57,1.0,<Residue VAL het=  resseq=90 icode= >,3a5t_B_A,2.8
559,0.0,VAL, ,CA,115.81,1000.00,0.0,1.31,1.0,<Residue VAL het=  resseq=90 icode= >,3a5t_B_A,2.8
560,0.0,VAL, ,C,116.04,1000.00,0.0,1.48,1.0,<Residue VAL het=  resseq=90 icode= >,3a5t_B_A,2.8
561,11.642,VAL, ,O,115.78,1000.00,2.097,0.51,1.0,<Residue VAL het=  resseq=90 icode= >,3a5t_B_A,2.8
562,4.01,VAL, ,CB,115.74,1000.00,2.55,0.61,1.0,<Residue VAL het=  resseq=90 icode= >,3a5t_B_A,2.8
563,48.102,VAL, ,CG1,114.76,1000.00,47.564,1.13,1.0,<Residue VAL het=  resseq=90 icode= >,3a5t_B_A,2.8
564,32.895,VAL, ,CG2,115.81,1000.00,31.84,0.10,1.0,<Residue VAL het=  resseq=90 icode= >,3a5t_B_A,2.8
565,0.0,GLU, ,N,115.93,1000.00,0.0,1.79,1.0,<Residue GLU het=  resseq=91 icode= >,3a5t_B_A,2.8
566,6.083,GLU, ,CA,115.77,1000.00,0.0,1.15,1.0,<Residue GLU het=  resseq=91 icode= >,3a5t_B_A,2.8
567,0.0,GLU, ,C,116.15,1000.00,0.0,0.67,1.0,<Residue GLU het=  resseq=91 icode= >,3a5t_B_A,2.8
568,6.121,GLU, ,O,116.31,1000.00,0.0,0.66,1.0,<Residue GLU het=  resseq=91 icode= >,3a5t_B_A,2.8
569,8.863,GLU, ,CB,115.11,1000.00,0.0,1.71,1.0,<Residue GLU het=  resseq=91 icode= >,3a5t_B_A,2.8
570,28.696,GLU, ,CG,113.81,1000.00,0.0,1.73,1.0,<Residue GLU het=  resseq=91 icode= >,3a5t_B_A,2.8
571,8.279,GLU, ,CD,113.28,1000.00,0.0,1.91,1.0,<Residue GLU het=  resseq=91 icode= >,3a5t_B_A,2.8
572,11.818,GLU, ,OE1,111.86,1000.00,0.0,1.76,1.0,<Residue GLU het=  resseq=91 icode= >,3a5t_B_A,2.8
573,30.964,GLU, ,OE2,112.94,1000.00,0.0,1.58,1.0,<Residue GLU het=  resseq=91 icode= >,3a5t_B_A,2.8
574,0.0,LYS, ,N,115.64,1000.00,0.0,1.40,1.0,<Residue LYS het=  resseq=92 icode= >,3a5t_B_A,2.8
575,3.053,LYS, ,CA,114.39,1000.00,0.0,2.09,1.0,<Residue LYS het=  resseq=92 icode= >,3a5t_B_A,2.8
576,0.0,LYS, ,C,114.65,1000.00,0.0,2.30,1.0,<Residue LYS het=  resseq=92 icode= >,3a5t_B_A,2.8
577,0.919,LYS, ,O,115.51,1000.00,0.0,1.03,1.0,<Residue LYS het=  resseq=92 icode= >,3a5t_B_A,2.8
578,19.989,LYS, ,CB,112.53,1000.00,0.0,2.63,1.0,<Residue LYS het=  resseq=92 icode= >,3a5t_B_A,2.8
579,0.431,LYS, ,CG,110.61,1000.00,0.0,2.18,1.0,<Residue LYS het=  resseq=92 icode= >,3a5t_B_A,2.8
580,30.489,LYS, ,CD,109.64,1000.00,0.0,1.22,1.0,<Residue LYS het=  resseq=92 icode= >,3a5t_B_A,2.8
581,31.689,LYS, ,CE,109.31,1000.00,0.0,0.68,1.0,<Residue LYS het=  resseq=92 icode= >,3a5t_B_A,2.8
582,48.57,LYS, ,NZ,108.97,1000.00,0.0,0.07,1.0,<Residue LYS het=  resseq=92 icode= >,3a5t_B_A,2.8
583,0.0,LEU, ,N,114.19,1000.00,0.0,2.50,1.0,<Residue LEU het=  resseq=93 icode= >,3a5t_B_A,2.8
584,1.671,LEU, ,CA,113.68,1000.00,0.0,2.81,1.0,<Residue LEU het=  resseq=93 icode= >,3a5t_B_A,2.8
585,0.915,LEU, ,C,114.31,1000.00,0.915,3.12,1.0,<Residue LEU het=  resseq=93 icode= >,3a5t_B_A,2.8
586,2.187,LEU, ,O,114.42,1000.00,2.187,2.15,1.0,<Residue LEU het=  resseq=93 icode= >,3a5t_B_A,2.8
587,1.351,LEU, ,CB,112.1,1000.00,0.492,1.86,1.0,<Residue LEU het=  resseq=93 icode= >,3a5t_B_A,2.8
588,14.451,LEU, ,CG,110.47,1000.00,2.871,1.79,1.0,<Residue LEU het=  resseq=93 icode= >,3a5t_B_A,2.8
589,49.75,LEU, ,CD1,109.62,1000.00,41.523,1.12,1.0,<Residue LEU het=  resseq=93 icode= >,3a5t_B_A,2.8
590,28.182,LEU, ,CD2,109.9,1000.00,27.533,1.84,1.0,<Residue LEU het=  resseq=93 icode= >,3a5t_B_A,2.8
591,0.0,ALA, ,N,114.94,1000.00,0.0,2.56,1.0,<Residue ALA het=  resseq=94 icode= >,3a5t_B_A,2.8
592,7.637,ALA, ,CA,115.64,1000.00,5.405,1.13,1.0,<Residue ALA het=  resseq=94 icode= >,3a5t_B_A,2.8
593,1.389,ALA, ,C,116.18,1000.00,0.0,0.86,1.0,<Residue ALA het=  resseq=94 icode= >,3a5t_B_A,2.8
594,13.77,ALA, ,O,116.02,1000.00,0.0,0.69,1.0,<Residue ALA het=  resseq=94 icode= >,3a5t_B_A,2.8
595,44.505,ALA, ,CB,115.54,1000.00,10.179,-0.63,1.0,<Residue ALA het=  resseq=94 icode= >,3a5t_B_A,2.8
596,0.025,SER, ,N,116.82,1000.00,0.0,0.70,1.0,<Residue SER het=  resseq=95 icode= >,3a5t_B_A,2.8
597,2.686,SER, ,CA,117.13,1000.00,0.0,0.90,1.0,<Residue SER het=  resseq=95 icode= >,3a5t_B_A,2.8
598,0.997,SER, ,C,117.48,1000.00,0.0,1.42,1.0,<Residue SER het=  resseq=95 icode= >,3a5t_B_A,2.8
599,3.859,SER, ,O,117.39,1000.00,0.0,1.40,1.0,<Residue SER het=  resseq=95 icode= >,3a5t_B_A,2.8
600,25.044,SER, ,CB,116.78,1000.00,0.0,1.26,1.0,<Residue SER het=  resseq=95 icode= >,3a5t_B_A,2.8
601,36.376,SER, ,OG,116.08,1000.00,0.0,0.40,1.0,<Residue SER het=  resseq=95 icode= >,3a5t_B_A,2.8
602,0.556,GLU, ,N,117.6,1000.00,0.0,1.50,1.0,<Residue GLU het=  resseq=96 icode= >,3a5t_B_A,2.8
603,8.957,GLU, ,CA,117.56,1000.00,0.0,2.36,1.0,<Residue GLU het=  resseq=96 icode= >,3a5t_B_A,2.8
604,0.0,GLU, ,C,117.85,1000.00,0.0,1.99,1.0,<Residue GLU het=  resseq=96 icode= >,3a5t_B_A,2.8
605,0.466,GLU, ,O,118.34,1000.00,0.0,0.73,1.0,<Residue GLU het=  resseq=96 icode= >,3a5t_B_A,2.8
606,40.56,GLU, ,CB,116.33,1000.00,1.748,1.98,1.0,<Residue GLU het=  resseq=96 icode= >,3a5t_B_A,2.8
607,0.0,ASN, ,N,117.66,1000.00,0.0,1.60,1.0,<Residue ASN het=  resseq=97 icode= >,3a5t_B_A,2.8
608,0.0,ASN, ,CA,117.17,1000.00,0.0,1.35,1.0,<Residue ASN het=  resseq=97 icode= >,3a5t_B_A,2.8
609,1.357,ASN, ,C,117.21,1000.00,0.0,1.85,1.0,<Residue ASN het=  resseq=97 icode= >,3a5t_B_A,2.8
610,10.447,ASN, ,O,117.11,1000.00,0.0,1.29,1.0,<Residue ASN het=  resseq=97 icode= >,3a5t_B_A,2.8
611,12.269,ASN, ,CB,116.02,1000.00,3.092,1.35,1.0,<Residue ASN het=  resseq=97 icode= >,3a5t_B_A,2.8
612,3.966,ASN, ,CG,115.24,1000.00,2.219,2.09,1.0,<Residue ASN het=  resseq=97 icode= >,3a5t_B_A,2.8
613,20.621,ASN, ,OD1,114.77,1000.00,19.854,1.62,1.0,<Residue ASN het=  resseq=97 icode= >,3a5t_B_A,2.8
614,46.283,ASN, ,ND2,114.13,1000.00,45.665,1.78,1.0,<Residue ASN het=  resseq=97 icode= >,3a5t_B_A,2.8
615,0.002,ALA, ,N,117.4,1000.00,0.0,1.81,1.0,<Residue ALA het=  resseq=98 icode= >,3a5t_B_A,2.8
616,8.857,ALA, ,CA,117.68,1000.00,0.0,1.44,1.0,<Residue ALA het=  resseq=98 icode= >,3a5t_B_A,2.8
617,1.119,ALA, ,C,118.06,1000.00,0.0,1.08,1.0,<Residue ALA het=  resseq=98 icode= >,3a5t_B_A,2.8
618,6.606,ALA, ,O,117.61,1000.00,0.0,0.97,1.0,<Residue ALA het=  resseq=98 icode= >,3a5t_B_A,2.8
619,40.926,ALA, ,CB,116.98,1000.00,0.0,0.54,1.0,<Residue ALA het=  resseq=98 icode= >,3a5t_B_A,2.8
620,0.183,SER, ,N,118.8,1000.00,0.0,0.62,1.0,<Residue SER het=  resseq=99 icode= >,3a5t_B_A,2.8
621,1.56,SER, ,CA,119.2,1000.00,0.0,0.86,1.0,<Residue SER het=  resseq=99 icode= >,3a5t_B_A,2.8
622,0.0,SER, ,C,119.85,1000.00,0.0,1.53,1.0,<Residue SER het=  resseq=99 icode= >,3a5t_B_A,2.8
623,1.408,SER, ,O,119.8,1000.00,0.0,0.81,1.0,<Residue SER het=  resseq=99 icode= >,3a5t_B_A,2.8
624,24.038,SER, ,CB,118.39,1000.00,0.0,1.09,1.0,<Residue SER het=  resseq=99 icode= >,3a5t_B_A,2.8
625,28.888,SER, ,OG,116.65,1000.00,0.0,0.77,1.0,<Residue SER het=  resseq=99 icode= >,3a5t_B_A,2.8
626,0.0,MET, ,N,120.4,1000.00,0.0,1.70,1.0,<Residue MET het=  resseq=100 icode= >,3a5t_B_A,2.8
627,3.31,MET, ,CA,120.8,1000.00,0.0,1.56,1.0,<Residue MET het=  resseq=100 icode= >,3a5t_B_A,2.8
628,0.0,MET, ,C,121.24,1000.00,0.0,1.90,1.0,<Residue MET het=  resseq=100 icode= >,3a5t_B_A,2.8
629,16.795,MET, ,O,121.03,1000.00,1.963,1.39,1.0,<Residue MET het=  resseq=100 icode= >,3a5t_B_A,2.8
630,16.527,MET, ,CB,120.36,1000.00,0.139,1.36,1.0,<Residue MET het=  resseq=100 icode= >,3a5t_B_A,2.8
631,8.142,MET, ,CG,120.65,1000.00,4.649,0.49,1.0,<Residue MET het=  resseq=100 icode= >,3a5t_B_A,2.8
632,29.432,MET, ,S,124.06,1000.00,8.291,0.80,1.0,<Residue MET het=  resseq=100 icode= >,3a5t_B_A,2.8
633,74.529,MET, ,CE,120.15,1000.00,2.588,0.94,1.0,<Residue MET het=  resseq=100 icode= >,3a5t_B_A,2.8
634,0.0,LYS, ,N,121.77,1000.00,0.0,1.93,1.0,<Residue LYS het=  resseq=101 icode= >,3a5t_B_A,2.8
635,0.582,LYS, ,CA,122.23,1000.00,0.0,1.60,1.0,<Residue LYS het=  resseq=101 icode= >,3a5t_B_A,2.8
636,1.186,LYS, ,C,122.95,1000.00,0.0,1.46,1.0,<Residue LYS het=  resseq=101 icode= >,3a5t_B_A,2.8
637,6.58,LYS, ,O,123.11,1000.00,0.0,1.13,1.0,<Residue LYS het=  resseq=101 icode= >,3a5t_B_A,2.8
638,43.503,LYS, ,CB,121.45,1000.00,0.0,0.53,1.0,<Residue LYS het=  resseq=101 icode= >,3a5t_B_A,2.8
639,0.073,LEU, ,N,123.65,1000.00,0.0,1.68,1.0,<Residue LEU het=  resseq=102 icode= >,3a5t_B_A,2.8
640,1.803,LEU, ,CA,124.27,1000.00,0.0,1.51,1.0,<Residue LEU het=  resseq=102 icode= >,3a5t_B_A,2.8
641,0.541,LEU, ,C,125.42,1000.00,0.0,1.47,1.0,<Residue LEU het=  resseq=102 icode= >,3a5t_B_A,2.8
642,7.956,LEU, ,O,125.13,1000.00,0.0,1.21,1.0,<Residue LEU het=  resseq=102 icode= >,3a5t_B_A,2.8
643,2.09,LEU, ,CB,122.98,1000.00,0.0,1.34,1.0,<Residue LEU het=  resseq=102 icode= >,3a5t_B_A,2.8
644,8.957,LEU, ,CG,121.87,1000.00,0.0,0.55,1.0,<Residue LEU het=  resseq=102 icode= >,3a5t_B_A,2.8
645,58.043,LEU, ,CD1,120.25,1000.00,0.0,0.85,1.0,<Residue LEU het=  resseq=102 icode= >,3a5t_B_A,2.8
646,63.413,LEU, ,CD2,120.57,1000.00,0.0,0.27,1.0,<Residue LEU het=  resseq=102 icode= >,3a5t_B_A,2.8
647,0.005,GLU, ,N,126.79,1000.00,0.0,1.09,1.0,<Residue GLU het=  resseq=103 icode= >,3a5t_B_A,2.8
648,0.805,GLU, ,CA,128.03,1000.00,0.0,0.82,1.0,<Residue GLU het=  resseq=103 icode= >,3a5t_B_A,2.8
649,1.249,GLU, ,C,129.12,1000.00,0.0,1.19,1.0,<Residue GLU het=  resseq=103 icode= >,3a5t_B_A,2.8
650,5.065,GLU, ,O,129.61,1000.00,0.0,0.02,1.0,<Residue GLU het=  resseq=103 icode= >,3a5t_B_A,2.8
651,12.307,GLU, ,CB,127.34,1000.00,0.0,0.75,1.0,<Residue GLU het=  resseq=103 icode= >,3a5t_B_A,2.8
652,24.853,GLU, ,CG,126.64,1000.00,0.0,1.07,1.0,<Residue GLU het=  resseq=103 icode= >,3a5t_B_A,2.8
653,13.21,GLU, ,CD,126.55,1000.00,0.0,1.02,1.0,<Residue GLU het=  resseq=103 icode= >,3a5t_B_A,2.8
654,34.643,GLU, ,OE1,126.57,1000.00,0.0,0.73,1.0,<Residue GLU het=  resseq=103 icode= >,3a5t_B_A,2.8
655,41.693,GLU, ,OE2,126.13,1000.00,0.0,0.44,1.0,<Residue GLU het=  resseq=103 icode= >,3a5t_B_A,2.8
656,0.747,LEU, ,N,130.04,1000.00,0.0,1.61,1.0,<Residue LEU het=  resseq=104 icode= >,3a5t_B_A,2.8
657,2.529,LEU, ,CA,130.95,1000.00,2.058,1.22,1.0,<Residue LEU het=  resseq=104 icode= >,3a5t_B_A,2.8
658,0.0,LEU, ,C,131.74,1000.00,0.0,1.46,1.0,<Residue LEU het=  resseq=104 icode= >,3a5t_B_A,2.8
659,0.0,LEU, ,O,132.11,1000.00,0.0,1.10,1.0,<Residue LEU het=  resseq=104 icode= >,3a5t_B_A,2.8
660,8.099,LEU, ,CB,130.51,1000.00,4.637,0.72,1.0,<Residue LEU het=  resseq=104 icode= >,3a5t_B_A,2.8
661,12.459,LEU, ,CG,130.24,1000.00,12.135,0.48,1.0,<Residue LEU het=  resseq=104 icode= >,3a5t_B_A,2.8
662,42.214,LEU, ,CD1,129.3,1000.00,14.335,0.55,1.0,<Residue LEU het=  resseq=104 icode= >,3a5t_B_A,2.8
663,40.393,LEU, ,CD2,129.81,1000.00,40.393,0.16,1.0,<Residue LEU het=  resseq=104 icode= >,3a5t_B_A,2.8
664,0.0,ASP, ,N,132.27,1000.00,0.0,1.88,1.0,<Residue ASP het=  resseq=105 icode= >,3a5t_B_A,2.8
665,0.63,ASP, ,CA,132.8,1000.00,0.0,1.20,1.0,<Residue ASP het=  resseq=105 icode= >,3a5t_B_A,2.8
666,0.442,ASP, ,C,133.1,1000.00,0.0,1.03,1.0,<Residue ASP het=  resseq=105 icode= >,3a5t_B_A,2.8
667,1.341,ASP, ,O,133.0,1000.00,0.0,0.82,1.0,<Residue ASP het=  resseq=105 icode= >,3a5t_B_A,2.8
668,7.08,ASP, ,CB,132.8,1000.00,0.0,0.77,1.0,<Residue ASP het=  resseq=105 icode= >,3a5t_B_A,2.8
669,9.396,ASP, ,CG,132.88,1000.00,0.0,0.91,1.0,<Residue ASP het=  resseq=105 icode= >,3a5t_B_A,2.8
670,33.647,ASP, ,OD1,132.96,1000.00,0.0,0.28,1.0,<Residue ASP het=  resseq=105 icode= >,3a5t_B_A,2.8
671,40.466,ASP, ,OD2,132.48,1000.00,0.0,0.98,1.0,<Residue ASP het=  resseq=105 icode= >,3a5t_B_A,2.8
672,0.152,ALA, ,N,133.29,1000.00,0.0,0.76,1.0,<Residue ALA het=  resseq=106 icode= >,3a5t_B_A,2.8
673,3.729,ALA, ,CA,133.4,1000.00,0.0,0.48,1.0,<Residue ALA het=  resseq=106 icode= >,3a5t_B_A,2.8
674,1.351,ALA, ,C,133.66,1000.00,0.0,0.45,1.0,<Residue ALA het=  resseq=106 icode= >,3a5t_B_A,2.8
675,8.429,ALA, ,O,133.99,1000.00,0.0,-0.30,1.0,<Residue ALA het=  resseq=106 icode= >,3a5t_B_A,2.8
676,45.887,ALA, ,CB,132.44,1000.00,0.0,0.42,1.0,<Residue ALA het=  resseq=106 icode= >,3a5t_B_A,2.8
677,0.0,LEU, ,N,133.53,1000.00,0.0,1.52,1.0,<Residue LEU het=  resseq=107 icode= >,3a5t_B_A,2.8
678,0.822,LEU, ,CA,133.17,1000.00,0.0,1.60,1.0,<Residue LEU het=  resseq=107 icode= >,3a5t_B_A,2.8
679,0.53,LEU, ,C,133.4,1000.00,0.53,1.60,1.0,<Residue LEU het=  resseq=107 icode= >,3a5t_B_A,2.8
680,16.558,LEU, ,O,133.32,1000.00,12.585,0.59,1.0,<Residue LEU het=  resseq=107 icode= >,3a5t_B_A,2.8
681,1.749,LEU, ,CB,132.24,1000.00,0.163,1.24,1.0,<Residue LEU het=  resseq=107 icode= >,3a5t_B_A,2.8
682,7.487,LEU, ,CG,131.49,1000.00,7.487,0.67,1.0,<Residue LEU het=  resseq=107 icode= >,3a5t_B_A,2.8
683,56.086,LEU, ,CD1,130.86,1000.00,36.142,-0.33,1.0,<Residue LEU het=  resseq=107 icode= >,3a5t_B_A,2.8
684,53.277,LEU, ,CD2,130.7,1000.00,48.132,0.48,1.0,<Residue LEU het=  resseq=107 icode= >,3a5t_B_A,2.8
685,0.0,ARG, ,N,133.62,1000.00,0.0,1.47,1.0,<Residue ARG het=  resseq=108 icode= >,3a5t_B_A,2.8
686,3.12,ARG, ,CA,133.83,1000.00,2.468,1.13,1.0,<Residue ARG het=  resseq=108 icode= >,3a5t_B_A,2.8
687,1.415,ARG, ,C,134.15,1000.00,0.0,0.91,1.0,<Residue ARG het=  resseq=108 icode= >,3a5t_B_A,2.8
688,12.858,ARG, ,O,134.31,1000.00,0.0,0.16,1.0,<Residue ARG het=  resseq=108 icode= >,3a5t_B_A,2.8
689,44.116,ARG, ,CB,133.05,1000.00,10.335,0.43,1.0,<Residue ARG het=  resseq=108 icode= >,3a5t_B_A,2.8
690,0.341,SER, ,N,134.39,1000.00,0.0,1.20,1.0,<Residue SER het=  resseq=109 icode= >,3a5t_B_A,2.8
691,10.201,SER, ,CA,134.42,1000.00,0.0,0.93,1.0,<Residue SER het=  resseq=109 icode= >,3a5t_B_A,2.8
692,0.624,SER, ,C,134.89,1000.00,0.0,0.94,1.0,<Residue SER het=  resseq=109 icode= >,3a5t_B_A,2.8
693,11.415,SER, ,O,134.64,1000.00,0.0,0.75,1.0,<Residue SER het=  resseq=109 icode= >,3a5t_B_A,2.8
694,28.216,SER, ,CB,133.82,1000.00,0.0,0.77,1.0,<Residue SER het=  resseq=109 icode= >,3a5t_B_A,2.8
695,34.537,SER, ,OG,132.62,1000.00,0.0,0.65,1.0,<Residue SER het=  resseq=109 icode= >,3a5t_B_A,2.8
696,0.752,LYS, ,N,135.35,1000.00,0.0,0.72,1.0,<Residue LYS het=  resseq=110 icode= >,3a5t_B_A,2.8
697,14.973,LYS, ,CA,135.5,1000.00,0.0,0.63,1.0,<Residue LYS het=  resseq=110 icode= >,3a5t_B_A,2.8
698,1.301,LYS, ,C,135.59,1000.00,0.0,0.39,1.0,<Residue LYS het=  resseq=110 icode= >,3a5t_B_A,2.8
699,22.256,LYS, ,O,136.44,1000.00,0.0,-0.15,1.0,<Residue LYS het=  resseq=110 icode= >,3a5t_B_A,2.8
700,41.954,LYS, ,CB,134.78,1000.00,1.912,0.75,1.0,<Residue LYS het=  resseq=110 icode= >,3a5t_B_A,2.8
701,0.401,TYR, ,N,134.81,1000.00,0.0,1.07,1.0,<Residue TYR het=  resseq=111 icode= >,3a5t_B_A,2.8
702,12.062,TYR, ,CA,133.41,1000.00,0.0,0.73,1.0,<Residue TYR het=  resseq=111 icode= >,3a5t_B_A,2.8
703,3.945,TYR, ,C,132.23,1000.00,0.0,0.94,1.0,<Residue TYR het=  resseq=111 icode= >,3a5t_B_A,2.8
704,17.85,TYR, ,O,131.58,1000.00,0.0,0.57,1.0,<Residue TYR het=  resseq=111 icode= >,3a5t_B_A,2.8
705,42.532,TYR, ,CB,133.81,1000.00,5.589,0.32,1.0,<Residue TYR het=  resseq=111 icode= >,3a5t_B_A,2.8
706,4.875,GLU, ,N,130.48,1000.00,0.0,0.99,1.0,<Residue GLU het=  resseq=112 icode= >,3a5t_B_A,2.8
707,15.031,GLU, ,CA,129.0,1000.00,0.0,0.92,1.0,<Residue GLU het=  resseq=112 icode= >,3a5t_B_A,2.8
708,33.91,GLU, ,C,128.55,1000.00,0.0,1.01,1.0,<Residue GLU het=  resseq=112 icode= >,3a5t_B_A,2.8
709,37.208,GLU, ,O,128.47,1000.00,0.0,0.49,1.0,<Residue GLU het=  resseq=112 icode= >,3a5t_B_A,2.8
710,47.773,GLU, ,CB,125.09,1000.00,0.0,0.71,1.0,<Residue GLU het=  resseq=112 icode= >,3a5t_B_A,2.8
