,ASA,aa,altloc,atom,bfac,d2r,dASA,dens,occ,residue,id,resolu
0,53.22,MET, ,N,82.78,3.35,53.22,1.29,1.0,<Residue MET het=  resseq=1 icode= >,3a5u_A_A,2.8
1,12.438,MET, ,CA,82.9,3.77,12.438,1.09,1.0,<Residue MET het=  resseq=1 icode= >,3a5u_A_A,2.8
2,2.568,MET, ,C,80.68,5.32,2.568,1.31,1.0,<Residue MET het=  resseq=1 icode= >,3a5u_A_A,2.8
3,16.119,MET, ,O,79.36,6.07,13.527,1.82,1.0,<Residue MET het=  resseq=1 icode= >,3a5u_A_A,2.8
4,30.125,MET, ,CB,85.25,3.39,30.125,-0.49,1.0,<Residue MET het=  resseq=1 icode= >,3a5u_A_A,2.8
5,29.5,MET, ,CG,89.09,4.15,28.881,-0.18,1.0,<Residue MET het=  resseq=1 icode= >,3a5u_A_A,2.8
6,32.446,MET, ,SD,94.18,5.76,28.479,1.36,1.0,<Residue MET het=  resseq=1 icode= >,3a5u_A_A,2.8
7,54.201,MET, ,CE,92.16,6.30,25.137,0.32,1.0,<Residue MET het=  resseq=1 icode= >,3a5u_A_A,2.8
8,0.744,ALA, ,N,79.52,6.00,0.744,0.42,1.0,<Residue ALA het=  resseq=2 icode= >,3a5u_A_A,2.8
9,5.741,ALA, ,CA,77.14,6.95,1.46,0.92,1.0,<Residue ALA het=  resseq=2 icode= >,3a5u_A_A,2.8
10,4.577,ALA, ,C,74.76,7.61,0.0,0.75,1.0,<Residue ALA het=  resseq=2 icode= >,3a5u_A_A,2.8
11,12.459,ALA, ,O,74.22,8.09,0.0,0.44,1.0,<Residue ALA het=  resseq=2 icode= >,3a5u_A_A,2.8
12,63.146,ALA, ,CB,76.86,6.93,34.212,0.27,1.0,<Residue ALA het=  resseq=2 icode= >,3a5u_A_A,2.8
13,2.722,GLY, ,N,72.57,7.41,0.472,0.79,1.0,<Residue GLY het=  resseq=3 icode= >,3a5u_A_A,2.8
14,41.452,GLY, ,CA,67.81,7.47,10.015,1.35,1.0,<Residue GLY het=  resseq=3 icode= >,3a5u_A_A,2.8
15,4.361,GLY, ,C,64.09,8.05,4.361,1.90,1.0,<Residue GLY het=  resseq=3 icode= >,3a5u_A_A,2.8
16,11.5,GLY, ,O,64.78,8.09,10.838,1.31,1.0,<Residue GLY het=  resseq=3 icode= >,3a5u_A_A,2.8
17,8.744,ASP, ,N,59.09,7.18,0.165,2.23,1.0,<Residue ASP het=  resseq=4 icode= >,3a5u_A_A,2.8
18,2.655,ASP, ,CA,53.64,7.20,1.549,3.85,1.0,<Residue ASP het=  resseq=4 icode= >,3a5u_A_A,2.8
19,0.583,ASP, ,C,49.37,8.13,0.0,4.72,1.0,<Residue ASP het=  resseq=4 icode= >,3a5u_A_A,2.8
20,11.029,ASP, ,O,47.67,8.01,0.0,3.18,1.0,<Residue ASP het=  resseq=4 icode= >,3a5u_A_A,2.8
21,4.808,ASP, ,CB,54.23,5.89,0.0,1.71,1.0,<Residue ASP het=  resseq=4 icode= >,3a5u_A_A,2.8
22,3.192,ASP, ,CG,57.78,5.47,3.071,2.65,1.0,<Residue ASP het=  resseq=4 icode= >,3a5u_A_A,2.8
23,19.361,ASP, ,OD1,60.28,6.44,16.175,1.82,1.0,<Residue ASP het=  resseq=4 icode= >,3a5u_A_A,2.8
24,26.511,ASP, ,OD2,63.11,4.40,9.791,1.79,1.0,<Residue ASP het=  resseq=4 icode= >,3a5u_A_A,2.8
25,2.13,THR, ,N,45.32,8.68,0.0,3.16,1.0,<Residue THR het=  resseq=5 icode= >,3a5u_A_A,2.8
26,6.027,THR, ,CA,40.42,9.77,1.86,3.74,1.0,<Residue THR het=  resseq=5 icode= >,3a5u_A_A,2.8
27,0.0,THR, ,C,37.39,9.33,0.0,4.69,1.0,<Residue THR het=  resseq=5 icode= >,3a5u_A_A,2.8
28,0.0,THR, ,O,36.14,8.94,0.0,3.35,1.0,<Residue THR het=  resseq=5 icode= >,3a5u_A_A,2.8
29,6.511,THR, ,CB,40.51,10.83,5.613,3.98,1.0,<Residue THR het=  resseq=5 icode= >,3a5u_A_A,2.8
30,34.298,THR, ,OG1,41.18,10.28,30.735,3.65,1.0,<Residue THR het=  resseq=5 icode= >,3a5u_A_A,2.8
31,35.025,THR, ,CG2,39.65,11.47,35.025,1.66,1.0,<Residue THR het=  resseq=5 icode= >,3a5u_A_A,2.8
32,3.623,THR, ,N,34.12,9.52,1.275,3.98,1.0,<Residue THR het=  resseq=6 icode= >,3a5u_A_A,2.8
33,0.0,THR, ,CA,31.61,8.78,0.0,3.40,1.0,<Residue THR het=  resseq=6 icode= >,3a5u_A_A,2.8
34,0.245,THR, ,C,29.41,9.71,0.0,4.56,1.0,<Residue THR het=  resseq=6 icode= >,3a5u_A_A,2.8
35,15.548,THR, ,O,29.25,10.81,12.312,2.68,1.0,<Residue THR het=  resseq=6 icode= >,3a5u_A_A,2.8
36,11.083,THR, ,CB,32.93,7.64,0.0,2.88,1.0,<Residue THR het=  resseq=6 icode= >,3a5u_A_A,2.8
37,30.597,THR, ,OG1,35.85,8.40,0.0,1.84,1.0,<Residue THR het=  resseq=6 icode= >,3a5u_A_A,2.8
38,39.96,THR, ,CG2,30.69,6.82,0.0,1.80,1.0,<Residue THR het=  resseq=6 icode= >,3a5u_A_A,2.8
39,0.624,ILE, ,N,27.37,9.44,0.0,3.05,1.0,<Residue ILE het=  resseq=7 icode= >,3a5u_A_A,2.8
40,7.372,ILE, ,CA,26.79,10.53,2.639,3.53,1.0,<Residue ILE het=  resseq=7 icode= >,3a5u_A_A,2.8
41,1.31,ILE, ,C,26.3,10.11,0.0,4.84,1.0,<Residue ILE het=  resseq=7 icode= >,3a5u_A_A,2.8
42,0.189,ILE, ,O,27.02,9.24,0.0,2.55,1.0,<Residue ILE het=  resseq=7 icode= >,3a5u_A_A,2.8
43,0.727,ILE, ,CB,26.55,11.65,0.727,3.27,1.0,<Residue ILE het=  resseq=7 icode= >,3a5u_A_A,2.8
44,14.458,ILE, ,CG1,27.85,12.92,14.458,2.81,1.0,<Residue ILE het=  resseq=7 icode= >,3a5u_A_A,2.8
45,0.017,ILE, ,CG2,27.23,11.31,0.0,1.20,1.0,<Residue ILE het=  resseq=7 icode= >,3a5u_A_A,2.8
46,18.374,ILE, ,CD1,26.03,14.05,18.374,1.97,1.0,<Residue ILE het=  resseq=7 icode= >,3a5u_A_A,2.8
47,5.617,THR, ,N,26.48,10.77,2.265,3.22,1.0,<Residue THR het=  resseq=8 icode= >,3a5u_A_A,2.8
48,0.0,THR, ,CA,26.4,10.55,0.0,4.02,1.0,<Residue THR het=  resseq=8 icode= >,3a5u_A_A,2.8
49,0.0,THR, ,C,27.63,11.93,0.0,5.25,1.0,<Residue THR het=  resseq=8 icode= >,3a5u_A_A,2.8
50,20.741,THR, ,O,28.72,12.93,13.866,3.99,1.0,<Residue THR het=  resseq=8 icode= >,3a5u_A_A,2.8
51,15.334,THR, ,CB,26.24,10.33,0.0,4.14,1.0,<Residue THR het=  resseq=8 icode= >,3a5u_A_A,2.8
52,18.475,THR, ,OG1,22.58,9.13,0.0,3.58,1.0,<Residue THR het=  resseq=8 icode= >,3a5u_A_A,2.8
53,23.108,THR, ,CG2,28.12,10.44,0.0,1.33,1.0,<Residue THR het=  resseq=8 icode= >,3a5u_A_A,2.8
54,0.029,VAL, ,N,28.41,12.12,0.0,3.29,1.0,<Residue VAL het=  resseq=9 icode= >,3a5u_A_A,2.8
55,3.284,VAL, ,CA,30.16,13.49,2.487,3.25,1.0,<Residue VAL het=  resseq=9 icode= >,3a5u_A_A,2.8
56,0.0,VAL, ,C,30.28,13.11,0.0,4.68,1.0,<Residue VAL het=  resseq=9 icode= >,3a5u_A_A,2.8
57,0.0,VAL, ,O,31.22,13.00,0.0,3.26,1.0,<Residue VAL het=  resseq=9 icode= >,3a5u_A_A,2.8
58,0.075,VAL, ,CB,29.95,12.82,0.0,2.07,1.0,<Residue VAL het=  resseq=9 icode= >,3a5u_A_A,2.8
59,2.141,VAL, ,CG1,30.94,11.31,1.966,0.41,1.0,<Residue VAL het=  resseq=9 icode= >,3a5u_A_A,2.8
60,3.236,VAL, ,CG2,35.27,13.41,3.225,-0.67,1.0,<Residue VAL het=  resseq=9 icode= >,3a5u_A_A,2.8
61,5.22,VAL, ,N,30.61,12.32,1.688,3.15,1.0,<Residue VAL het=  resseq=10 icode= >,3a5u_A_A,2.8
62,0.0,VAL, ,CA,30.38,11.88,0.0,3.32,1.0,<Residue VAL het=  resseq=10 icode= >,3a5u_A_A,2.8
63,0.0,VAL, ,C,31.82,10.34,0.0,4.82,1.0,<Residue VAL het=  resseq=10 icode= >,3a5u_A_A,2.8
64,5.473,VAL, ,O,31.01,9.74,5.473,3.87,1.0,<Residue VAL het=  resseq=10 icode= >,3a5u_A_A,2.8
65,11.448,VAL, ,CB,31.4,12.60,8.442,3.13,1.0,<Residue VAL het=  resseq=10 icode= >,3a5u_A_A,2.8
66,10.454,VAL, ,CG1,33.13,12.33,3.708,1.32,1.0,<Residue VAL het=  resseq=10 icode= >,3a5u_A_A,2.8
67,27.722,VAL, ,CG2,29.13,14.10,0.0,1.56,1.0,<Residue VAL het=  resseq=10 icode= >,3a5u_A_A,2.8
68,0.0,GLY, ,N,34.09,9.84,0.0,2.98,1.0,<Residue GLY het=  resseq=11 icode= >,3a5u_A_A,2.8
69,4.791,GLY, ,CA,37.37,8.42,4.791,2.35,1.0,<Residue GLY het=  resseq=11 icode= >,3a5u_A_A,2.8
70,0.0,GLY, ,C,39.63,8.35,0.0,4.82,1.0,<Residue GLY het=  resseq=11 icode= >,3a5u_A_A,2.8
71,0.0,GLY, ,O,40.35,9.43,0.0,2.64,1.0,<Residue GLY het=  resseq=11 icode= >,3a5u_A_A,2.8
72,0.0,ASN, ,N,41.96,7.24,0.0,3.26,1.0,<Residue ASN het=  resseq=12 icode= >,3a5u_A_A,2.8
73,0.0,ASN, ,CA,44.06,7.44,0.0,3.17,1.0,<Residue ASN het=  resseq=12 icode= >,3a5u_A_A,2.8
74,0.0,ASN, ,C,44.41,7.37,0.0,3.50,1.0,<Residue ASN het=  resseq=12 icode= >,3a5u_A_A,2.8
75,0.079,ASN, ,O,44.31,6.58,0.0,2.08,1.0,<Residue ASN het=  resseq=12 icode= >,3a5u_A_A,2.8
76,9.28,ASN, ,CB,46.28,6.74,0.0,1.51,1.0,<Residue ASN het=  resseq=12 icode= >,3a5u_A_A,2.8
77,2.527,ASN, ,CG,47.68,7.24,0.0,3.44,1.0,<Residue ASN het=  resseq=12 icode= >,3a5u_A_A,2.8
78,4.59,ASN, ,OD1,48.37,8.46,0.0,2.12,1.0,<Residue ASN het=  resseq=12 icode= >,3a5u_A_A,2.8
79,39.382,ASN, ,ND2,49.67,6.51,27.129,2.03,1.0,<Residue ASN het=  resseq=12 icode= >,3a5u_A_A,2.8
80,0.0,LEU, ,N,45.35,8.45,0.0,2.67,1.0,<Residue LEU het=  resseq=13 icode= >,3a5u_A_A,2.8
81,0.0,LEU, ,CA,45.66,8.12,0.0,3.56,1.0,<Residue LEU het=  resseq=13 icode= >,3a5u_A_A,2.8
82,0.182,LEU, ,C,47.25,6.95,0.0,4.23,1.0,<Residue LEU het=  resseq=13 icode= >,3a5u_A_A,2.8
83,1.971,LEU, ,O,48.39,6.81,0.0,2.10,1.0,<Residue LEU het=  resseq=13 icode= >,3a5u_A_A,2.8
84,0.0,LEU, ,CB,45.76,8.45,0.0,2.60,1.0,<Residue LEU het=  resseq=13 icode= >,3a5u_A_A,2.8
85,0.0,LEU, ,CG,45.6,9.63,0.0,2.43,1.0,<Residue LEU het=  resseq=13 icode= >,3a5u_A_A,2.8
86,0.0,LEU, ,CD1,46.97,9.58,0.0,0.47,1.0,<Residue LEU het=  resseq=13 icode= >,3a5u_A_A,2.8
87,0.0,LEU, ,CD2,46.34,9.66,0.0,0.19,1.0,<Residue LEU het=  resseq=13 icode= >,3a5u_A_A,2.8
88,0.0,THR, ,N,47.63,5.91,0.0,2.55,1.0,<Residue THR het=  resseq=14 icode= >,3a5u_A_A,2.8
89,8.601,THR, ,CA,49.4,4.70,0.724,2.44,1.0,<Residue THR het=  resseq=14 icode= >,3a5u_A_A,2.8
90,0.088,THR, ,C,51.25,4.81,0.088,2.27,1.0,<Residue THR het=  resseq=14 icode= >,3a5u_A_A,2.8
91,14.48,THR, ,O,53.08,4.09,10.295,1.60,1.0,<Residue THR het=  resseq=14 icode= >,3a5u_A_A,2.8
92,16.903,THR, ,CB,49.44,3.46,16.903,3.23,1.0,<Residue THR het=  resseq=14 icode= >,3a5u_A_A,2.8
93,14.283,THR, ,OG1,48.47,3.12,14.207,2.17,1.0,<Residue THR het=  resseq=14 icode= >,3a5u_A_A,2.8
94,5.576,THR, ,CG2,47.38,3.67,5.007,1.51,1.0,<Residue THR het=  resseq=14 icode= >,3a5u_A_A,2.8
95,0.238,ALA, ,N,50.8,4.97,0.0,1.46,1.0,<Residue ALA het=  resseq=15 icode= >,3a5u_A_A,2.8
96,0.096,ALA, ,CA,52.35,4.85,0.0,2.07,1.0,<Residue ALA het=  resseq=15 icode= >,3a5u_A_A,2.8
97,0.107,ALA, ,C,51.43,5.66,0.0,3.84,1.0,<Residue ALA het=  resseq=15 icode= >,3a5u_A_A,2.8
98,0.0,ALA, ,O,50.88,6.39,0.0,1.84,1.0,<Residue ALA het=  resseq=15 icode= >,3a5u_A_A,2.8
99,52.394,ALA, ,CB,52.81,3.45,28.755,0.55,1.0,<Residue ALA het=  resseq=15 icode= >,3a5u_A_A,2.8
100,2.168,ASP, ,N,52.02,5.91,0.0,2.92,1.0,<Residue ASP het=  resseq=16 icode= >,3a5u_A_A,2.8
101,0.0,ASP, ,CA,51.72,6.89,0.0,3.17,1.0,<Residue ASP het=  resseq=16 icode= >,3a5u_A_A,2.8
102,0.0,ASP, ,C,49.96,6.49,0.0,4.12,1.0,<Residue ASP het=  resseq=16 icode= >,3a5u_A_A,2.8
103,5.354,ASP, ,O,49.58,5.51,0.078,2.64,1.0,<Residue ASP het=  resseq=16 icode= >,3a5u_A_A,2.8
104,25.09,ASP, ,CB,54.12,7.62,0.0,1.12,1.0,<Residue ASP het=  resseq=16 icode= >,3a5u_A_A,2.8
105,6.08,ASP, ,CG,58.7,8.49,0.0,1.95,1.0,<Residue ASP het=  resseq=16 icode= >,3a5u_A_A,2.8
106,2.395,ASP, ,OD1,63.73,9.03,0.0,0.25,1.0,<Residue ASP het=  resseq=16 icode= >,3a5u_A_A,2.8
107,41.403,ASP, ,OD2,64.19,8.87,0.0,1.07,1.0,<Residue ASP het=  resseq=16 icode= >,3a5u_A_A,2.8
108,0.0,PRO, ,N,49.24,7.51,0.0,3.63,1.0,<Residue PRO het=  resseq=17 icode= >,3a5u_A_A,2.8
109,0.0,PRO, ,CA,48.95,7.60,0.0,2.97,1.0,<Residue PRO het=  resseq=17 icode= >,3a5u_A_A,2.8
110,0.337,PRO, ,C,51.03,7.68,0.0,2.78,1.0,<Residue PRO het=  resseq=17 icode= >,3a5u_A_A,2.8
111,12.063,PRO, ,O,52.06,8.59,0.0,1.19,1.0,<Residue PRO het=  resseq=17 icode= >,3a5u_A_A,2.8
112,0.0,PRO, ,CB,48.23,9.03,0.0,1.18,1.0,<Residue PRO het=  resseq=17 icode= >,3a5u_A_A,2.8
113,1.026,PRO, ,CG,49.41,9.72,0.0,1.03,1.0,<Residue PRO het=  resseq=17 icode= >,3a5u_A_A,2.8
114,0.86,PRO, ,CD,49.45,8.80,0.0,1.43,1.0,<Residue PRO het=  resseq=17 icode= >,3a5u_A_A,2.8
115,0.016,GLU, ,N,52.83,6.99,0.0,2.04,1.0,<Residue GLU het=  resseq=18 icode= >,3a5u_A_A,2.8
116,7.351,GLU, ,CA,56.43,7.51,0.0,2.88,1.0,<Residue GLU het=  resseq=18 icode= >,3a5u_A_A,2.8
117,0.0,GLU, ,C,56.5,8.48,0.0,3.57,1.0,<Residue GLU het=  resseq=18 icode= >,3a5u_A_A,2.8
118,0.0,GLU, ,O,55.17,7.77,0.0,1.94,1.0,<Residue GLU het=  resseq=18 icode= >,3a5u_A_A,2.8
119,2.704,GLU, ,CB,57.2,6.77,0.0,1.82,1.0,<Residue GLU het=  resseq=18 icode= >,3a5u_A_A,2.8
120,24.721,GLU, ,CG,63.2,5.51,1.054,1.31,1.0,<Residue GLU het=  resseq=18 icode= >,3a5u_A_A,2.8
121,8.411,GLU, ,CD,70.26,5.17,0.0,1.40,1.0,<Residue GLU het=  resseq=18 icode= >,3a5u_A_A,2.8
122,19.37,GLU, ,OE1,72.86,5.66,3.081,1.10,1.0,<Residue GLU het=  resseq=18 icode= >,3a5u_A_A,2.8
123,32.43,GLU, ,OE2,73.48,4.04,14.211,0.61,1.0,<Residue GLU het=  resseq=18 icode= >,3a5u_A_A,2.8
124,4.537,LEU, ,N,59.76,8.60,0.0,1.60,1.0,<Residue LEU het=  resseq=19 icode= >,3a5u_A_A,2.8
125,0.0,LEU, ,CA,61.18,7.96,0.0,2.31,1.0,<Residue LEU het=  resseq=19 icode= >,3a5u_A_A,2.8
126,0.0,LEU, ,C,63.4,6.69,0.0,2.00,1.0,<Residue LEU het=  resseq=19 icode= >,3a5u_A_A,2.8
127,20.4,LEU, ,O,66.19,6.83,0.0,0.92,1.0,<Residue LEU het=  resseq=19 icode= >,3a5u_A_A,2.8
128,10.436,LEU, ,CB,60.71,9.05,0.0,1.58,1.0,<Residue LEU het=  resseq=19 icode= >,3a5u_A_A,2.8
129,0.353,LEU, ,CG,59.73,9.01,0.0,1.71,1.0,<Residue LEU het=  resseq=19 icode= >,3a5u_A_A,2.8
130,0.0,LEU, ,CD1,57.68,8.89,0.0,0.60,1.0,<Residue LEU het=  resseq=19 icode= >,3a5u_A_A,2.8
131,27.576,LEU, ,CD2,57.86,10.36,0.0,0.16,1.0,<Residue LEU het=  resseq=19 icode= >,3a5u_A_A,2.8
132,0.0,ARG, ,N,63.29,5.65,0.0,2.71,1.0,<Residue ARG het=  resseq=20 icode= >,3a5u_A_A,2.8
133,3.704,ARG, ,CA,63.91,4.50,0.0,3.34,1.0,<Residue ARG het=  resseq=20 icode= >,3a5u_A_A,2.8
134,0.0,ARG, ,C,62.86,4.36,0.0,4.39,1.0,<Residue ARG het=  resseq=20 icode= >,3a5u_A_A,2.8
135,0.0,ARG, ,O,61.61,5.25,0.0,2.74,1.0,<Residue ARG het=  resseq=20 icode= >,3a5u_A_A,2.8
136,4.945,ARG, ,CB,64.49,3.42,3.632,1.37,1.0,<Residue ARG het=  resseq=20 icode= >,3a5u_A_A,2.8
137,17.804,ARG, ,CG,68.58,4.16,0.0,1.31,1.0,<Residue ARG het=  resseq=20 icode= >,3a5u_A_A,2.8
138,29.083,ARG, ,CD,78.17,3.75,6.686,0.47,1.0,<Residue ARG het=  resseq=20 icode= >,3a5u_A_A,2.8
139,0.327,ARG, ,NE,85.23,3.62,0.327,0.14,1.0,<Residue ARG het=  resseq=20 icode= >,3a5u_A_A,2.8
140,5.526,ARG, ,CZ,89.95,3.32,4.221,0.67,1.0,<Residue ARG het=  resseq=20 icode= >,3a5u_A_A,2.8
141,51.252,ARG, ,NH1,92.85,3.59,26.954,0.44,1.0,<Residue ARG het=  resseq=20 icode= >,3a5u_A_A,2.8
142,29.699,ARG, ,NH2,90.96,2.88,27.209,-0.07,1.0,<Residue ARG het=  resseq=20 icode= >,3a5u_A_A,2.8
143,3.87,PHE, ,N,62.96,3.72,0.212,2.47,1.0,<Residue PHE het=  resseq=21 icode= >,3a5u_A_A,2.8
144,0.001,PHE, ,CA,62.52,4.34,0.0,2.96,1.0,<Residue PHE het=  resseq=21 icode= >,3a5u_A_A,2.8
145,3.649,PHE, ,C,63.34,3.81,1.258,3.04,1.0,<Residue PHE het=  resseq=21 icode= >,3a5u_A_A,2.8
146,28.906,PHE, ,O,63.91,2.84,21.299,1.29,1.0,<Residue PHE het=  resseq=21 icode= >,3a5u_A_A,2.8
147,20.101,PHE, ,CB,62.77,5.58,0.0,2.27,1.0,<Residue PHE het=  resseq=21 icode= >,3a5u_A_A,2.8
148,1.995,PHE, ,CG,59.5,6.65,0.0,3.13,1.0,<Residue PHE het=  resseq=21 icode= >,3a5u_A_A,2.8
149,14.815,PHE, ,CD1,58.46,6.90,0.0,1.72,1.0,<Residue PHE het=  resseq=21 icode= >,3a5u_A_A,2.8
150,4.51,PHE, ,CD2,57.96,7.70,0.0,2.52,1.0,<Residue PHE het=  resseq=21 icode= >,3a5u_A_A,2.8
151,18.492,PHE, ,CE1,57.14,8.14,0.0,1.56,1.0,<Residue PHE het=  resseq=21 icode= >,3a5u_A_A,2.8
152,12.665,PHE, ,CE2,56.77,8.82,0.0,1.75,1.0,<Residue PHE het=  resseq=21 icode= >,3a5u_A_A,2.8
153,17.02,PHE, ,CZ,54.35,9.01,0.0,1.29,1.0,<Residue PHE het=  resseq=21 icode= >,3a5u_A_A,2.8
154,0.0,THR, ,N,63.2,4.42,0.0,2.99,1.0,<Residue THR het=  resseq=22 icode= >,3a5u_A_A,2.8
155,1.927,THR, ,CA,63.86,4.39,1.696,2.65,1.0,<Residue THR het=  resseq=22 icode= >,3a5u_A_A,2.8
156,2.717,THR, ,C,65.45,5.79,0.0,2.64,1.0,<Residue THR het=  resseq=22 icode= >,3a5u_A_A,2.8
157,4.192,THR, ,O,66.0,6.64,0.0,1.63,1.0,<Residue THR het=  resseq=22 icode= >,3a5u_A_A,2.8
158,18.972,THR, ,CB,62.75,4.67,14.417,2.56,1.0,<Residue THR het=  resseq=22 icode= >,3a5u_A_A,2.8
159,15.993,THR, ,OG1,66.1,4.41,8.111,0.56,1.0,<Residue THR het=  resseq=22 icode= >,3a5u_A_A,2.8
160,5.41,THR, ,CG2,60.99,5.78,0.764,2.03,1.0,<Residue THR het=  resseq=22 icode= >,3a5u_A_A,2.8
161,0.412,PRO, ,N,66.25,6.27,0.0,2.71,1.0,<Residue PRO het=  resseq=23 icode= >,3a5u_A_A,2.8
162,13.651,PRO, ,CA,68.05,7.72,0.0,2.81,1.0,<Residue PRO het=  resseq=23 icode= >,3a5u_A_A,2.8
163,1.042,PRO, ,C,68.3,8.38,0.0,3.42,1.0,<Residue PRO het=  resseq=23 icode= >,3a5u_A_A,2.8
164,30.358,PRO, ,O,69.83,9.55,0.0,1.07,1.0,<Residue PRO het=  resseq=23 icode= >,3a5u_A_A,2.8
165,33.982,PRO, ,CB,68.36,7.73,0.0,1.49,1.0,<Residue PRO het=  resseq=23 icode= >,3a5u_A_A,2.8
166,43.299,PRO, ,CG,68.02,6.82,0.0,0.74,1.0,<Residue PRO het=  resseq=23 icode= >,3a5u_A_A,2.8
167,25.858,PRO, ,CD,66.07,5.80,1.484,0.95,1.0,<Residue PRO het=  resseq=23 icode= >,3a5u_A_A,2.8
168,0.0,SER, ,N,67.37,7.60,0.0,2.25,1.0,<Residue SER het=  resseq=24 icode= >,3a5u_A_A,2.8
169,9.058,SER, ,CA,68.03,8.31,0.0,2.31,1.0,<Residue SER het=  resseq=24 icode= >,3a5u_A_A,2.8
170,2.402,SER, ,C,67.02,9.12,0.0,2.69,1.0,<Residue SER het=  resseq=24 icode= >,3a5u_A_A,2.8
171,31.087,SER, ,O,68.27,9.89,0.0,1.17,1.0,<Residue SER het=  resseq=24 icode= >,3a5u_A_A,2.8
172,33.854,SER, ,CB,67.91,7.54,0.0,1.05,1.0,<Residue SER het=  resseq=24 icode= >,3a5u_A_A,2.8
173,32.624,SER, ,OG,70.22,6.85,0.0,0.52,1.0,<Residue SER het=  resseq=24 icode= >,3a5u_A_A,2.8
174,0.021,GLY, ,N,64.86,8.80,0.0,2.64,1.0,<Residue GLY het=  resseq=25 icode= >,3a5u_A_A,2.8
175,26.498,GLY, ,CA,63.55,9.28,0.0,1.83,1.0,<Residue GLY het=  resseq=25 icode= >,3a5u_A_A,2.8
176,4.646,GLY, ,C,61.44,8.39,0.0,1.86,1.0,<Residue GLY het=  resseq=25 icode= >,3a5u_A_A,2.8
177,14.299,GLY, ,O,61.19,8.80,0.0,1.15,1.0,<Residue GLY het=  resseq=25 icode= >,3a5u_A_A,2.8
178,2.579,ALA, ,N,59.78,7.15,0.0,0.95,1.0,<Residue ALA het=  resseq=26 icode= >,3a5u_A_A,2.8
179,9.173,ALA, ,CA,56.78,6.06,0.0,1.99,1.0,<Residue ALA het=  resseq=26 icode= >,3a5u_A_A,2.8
180,0.0,ALA, ,C,54.71,6.63,0.0,3.75,1.0,<Residue ALA het=  resseq=26 icode= >,3a5u_A_A,2.8
181,1.259,ALA, ,O,53.87,6.19,0.0,2.76,1.0,<Residue ALA het=  resseq=26 icode= >,3a5u_A_A,2.8
182,33.436,ALA, ,CB,55.63,4.72,11.829,0.52,1.0,<Residue ALA het=  resseq=26 icode= >,3a5u_A_A,2.8
183,0.998,ALA, ,N,53.39,6.89,0.0,2.78,1.0,<Residue ALA het=  resseq=27 icode= >,3a5u_A_A,2.8
184,0.0,ALA, ,CA,52.38,7.77,0.0,2.71,1.0,<Residue ALA het=  resseq=27 icode= >,3a5u_A_A,2.8
185,0.0,ALA, ,C,50.52,7.17,0.0,3.62,1.0,<Residue ALA het=  resseq=27 icode= >,3a5u_A_A,2.8
186,0.0,ALA, ,O,50.71,6.19,0.0,1.47,1.0,<Residue ALA het=  resseq=27 icode= >,3a5u_A_A,2.8
187,0.0,ALA, ,CB,52.39,8.74,0.0,0.53,1.0,<Residue ALA het=  resseq=27 icode= >,3a5u_A_A,2.8
188,0.0,VAL, ,N,48.92,6.69,0.0,3.27,1.0,<Residue VAL het=  resseq=28 icode= >,3a5u_A_A,2.8
189,0.0,VAL, ,CA,47.67,6.75,0.0,3.16,1.0,<Residue VAL het=  resseq=28 icode= >,3a5u_A_A,2.8
190,0.0,VAL, ,C,47.14,6.83,0.0,3.23,1.0,<Residue VAL het=  resseq=28 icode= >,3a5u_A_A,2.8
191,0.0,VAL, ,O,48.21,6.38,0.0,1.62,1.0,<Residue VAL het=  resseq=28 icode= >,3a5u_A_A,2.8
192,0.502,VAL, ,CB,48.01,5.48,0.0,1.52,1.0,<Residue VAL het=  resseq=28 icode= >,3a5u_A_A,2.8
193,15.729,VAL, ,CG1,48.78,4.20,15.182,0.13,1.0,<Residue VAL het=  resseq=28 icode= >,3a5u_A_A,2.8
194,3.427,VAL, ,CG2,47.55,5.37,1.772,0.98,1.0,<Residue VAL het=  resseq=28 icode= >,3a5u_A_A,2.8
195,0.0,ALA, ,N,45.03,7.69,0.0,2.42,1.0,<Residue ALA het=  resseq=29 icode= >,3a5u_A_A,2.8
196,0.0,ALA, ,CA,44.21,8.08,0.0,3.03,1.0,<Residue ALA het=  resseq=29 icode= >,3a5u_A_A,2.8
197,0.0,ALA, ,C,43.33,7.81,0.0,5.14,1.0,<Residue ALA het=  resseq=29 icode= >,3a5u_A_A,2.8
198,0.0,ALA, ,O,42.76,7.92,0.0,2.99,1.0,<Residue ALA het=  resseq=29 icode= >,3a5u_A_A,2.8
199,0.0,ALA, ,CB,44.22,9.56,0.0,0.97,1.0,<Residue ALA het=  resseq=29 icode= >,3a5u_A_A,2.8
200,0.0,ASN, ,N,43.64,7.64,0.0,3.21,1.0,<Residue ASN het=  resseq=30 icode= >,3a5u_A_A,2.8
201,0.0,ASN, ,CA,43.56,7.21,0.0,3.18,1.0,<Residue ASN het=  resseq=30 icode= >,3a5u_A_A,2.8
202,0.0,ASN, ,C,43.32,7.41,0.0,3.86,1.0,<Residue ASN het=  resseq=30 icode= >,3a5u_A_A,2.8
203,0.0,ASN, ,O,43.53,7.11,0.0,2.00,1.0,<Residue ASN het=  resseq=30 icode= >,3a5u_A_A,2.8
204,0.07,ASN, ,CB,44.79,5.99,0.0,1.98,1.0,<Residue ASN het=  resseq=30 icode= >,3a5u_A_A,2.8
205,2.401,ASN, ,CG,48.81,4.84,2.043,2.18,1.0,<Residue ASN het=  resseq=30 icode= >,3a5u_A_A,2.8
206,5.011,ASN, ,OD1,52.89,4.42,3.71,0.93,1.0,<Residue ASN het=  resseq=30 icode= >,3a5u_A_A,2.8
207,7.553,ASN, ,ND2,54.06,4.14,6.916,0.89,1.0,<Residue ASN het=  resseq=30 icode= >,3a5u_A_A,2.8
208,0.0,PHE, ,N,42.35,7.13,0.0,2.31,1.0,<Residue PHE het=  resseq=31 icode= >,3a5u_A_A,2.8
209,4.421,PHE, ,CA,42.37,6.34,0.0,2.06,1.0,<Residue PHE het=  resseq=31 icode= >,3a5u_A_A,2.8
210,0.0,PHE, ,C,42.02,6.24,0.0,3.29,1.0,<Residue PHE het=  resseq=31 icode= >,3a5u_A_A,2.8
211,0.0,PHE, ,O,40.48,6.94,0.0,2.25,1.0,<Residue PHE het=  resseq=31 icode= >,3a5u_A_A,2.8
212,0.419,PHE, ,CB,41.34,7.08,0.0,2.25,1.0,<Residue PHE het=  resseq=31 icode= >,3a5u_A_A,2.8
213,0.0,PHE, ,CG,37.83,8.52,0.0,3.75,1.0,<Residue PHE het=  resseq=31 icode= >,3a5u_A_A,2.8
214,0.0,PHE, ,CD1,37.45,9.43,0.0,3.04,1.0,<Residue PHE het=  resseq=31 icode= >,3a5u_A_A,2.8
215,0.0,PHE, ,CD2,37.23,8.97,0.0,3.22,1.0,<Residue PHE het=  resseq=31 icode= >,3a5u_A_A,2.8
216,0.0,PHE, ,CE1,36.07,10.81,0.0,1.97,1.0,<Residue PHE het=  resseq=31 icode= >,3a5u_A_A,2.8
217,0.0,PHE, ,CE2,35.18,10.30,0.0,2.26,1.0,<Residue PHE het=  resseq=31 icode= >,3a5u_A_A,2.8
218,0.0,PHE, ,CZ,33.79,11.26,0.0,2.19,1.0,<Residue PHE het=  resseq=31 icode= >,3a5u_A_A,2.8
219,1.168,THR, ,N,42.14,5.61,0.235,1.97,1.0,<Residue THR het=  resseq=32 icode= >,3a5u_A_A,2.8
220,0.0,THR, ,CA,41.89,5.79,0.0,3.35,1.0,<Residue THR het=  resseq=32 icode= >,3a5u_A_A,2.8
221,0.0,THR, ,C,41.76,6.60,0.0,3.91,1.0,<Residue THR het=  resseq=32 icode= >,3a5u_A_A,2.8
222,0.0,THR, ,O,44.46,6.41,0.0,1.69,1.0,<Residue THR het=  resseq=32 icode= >,3a5u_A_A,2.8
223,2.654,THR, ,CB,41.58,4.66,2.654,3.87,1.0,<Residue THR het=  resseq=32 icode= >,3a5u_A_A,2.8
224,6.894,THR, ,OG1,42.83,4.26,5.144,2.78,1.0,<Residue THR het=  resseq=32 icode= >,3a5u_A_A,2.8
225,9.829,THR, ,CG2,43.37,4.64,8.902,1.68,1.0,<Residue THR het=  resseq=32 icode= >,3a5u_A_A,2.8
226,0.0,VAL, ,N,38.57,7.63,0.0,3.26,1.0,<Residue VAL het=  resseq=33 icode= >,3a5u_A_A,2.8
227,0.0,VAL, ,CA,37.22,8.48,0.0,3.75,1.0,<Residue VAL het=  resseq=33 icode= >,3a5u_A_A,2.8
228,0.0,VAL, ,C,37.68,7.53,0.0,4.69,1.0,<Residue VAL het=  resseq=33 icode= >,3a5u_A_A,2.8
229,0.122,VAL, ,O,37.17,7.55,0.0,3.03,1.0,<Residue VAL het=  resseq=33 icode= >,3a5u_A_A,2.8
230,0.0,VAL, ,CB,36.13,9.22,0.0,2.63,1.0,<Residue VAL het=  resseq=33 icode= >,3a5u_A_A,2.8
231,0.0,VAL, ,CG1,36.67,9.28,0.0,0.89,1.0,<Residue VAL het=  resseq=33 icode= >,3a5u_A_A,2.8
232,0.0,VAL, ,CG2,34.4,9.89,0.0,1.47,1.0,<Residue VAL het=  resseq=33 icode= >,3a5u_A_A,2.8
233,0.0,ALA, ,N,38.96,6.35,0.0,2.92,1.0,<Residue ALA het=  resseq=34 icode= >,3a5u_A_A,2.8
234,0.0,ALA, ,CA,41.47,5.20,0.0,3.14,1.0,<Residue ALA het=  resseq=34 icode= >,3a5u_A_A,2.8
235,0.0,ALA, ,C,42.6,5.42,0.0,3.70,1.0,<Residue ALA het=  resseq=34 icode= >,3a5u_A_A,2.8
236,1.393,ALA, ,O,43.7,5.47,1.054,1.90,1.0,<Residue ALA het=  resseq=34 icode= >,3a5u_A_A,2.8
237,17.358,ALA, ,CB,42.2,3.91,11.767,0.74,1.0,<Residue ALA het=  resseq=34 icode= >,3a5u_A_A,2.8
238,0.0,SER, ,N,44.52,6.03,0.0,2.89,1.0,<Residue SER het=  resseq=35 icode= >,3a5u_A_A,2.8
239,0.0,SER, ,CA,48.91,6.62,0.0,3.32,1.0,<Residue SER het=  resseq=35 icode= >,3a5u_A_A,2.8
240,0.0,SER, ,C,54.28,6.17,0.0,2.86,1.0,<Residue SER het=  resseq=35 icode= >,3a5u_A_A,2.8
241,0.379,SER, ,O,53.48,6.48,0.0,1.88,1.0,<Residue SER het=  resseq=35 icode= >,3a5u_A_A,2.8
242,1.525,SER, ,CB,47.76,8.10,1.278,1.77,1.0,<Residue SER het=  resseq=35 icode= >,3a5u_A_A,2.8
243,22.51,SER, ,OG,47.87,8.84,20.877,1.83,1.0,<Residue SER het=  resseq=35 icode= >,3a5u_A_A,2.8
244,5.431,THR, ,N,62.16,5.82,5.431,2.03,1.0,<Residue THR het=  resseq=36 icode= >,3a5u_A_A,2.8
245,0.0,THR, ,CA,70.74,5.82,0.0,1.87,1.0,<Residue THR het=  resseq=36 icode= >,3a5u_A_A,2.8
246,0.585,THR, ,C,75.14,7.26,0.585,2.18,1.0,<Residue THR het=  resseq=36 icode= >,3a5u_A_A,2.8
247,15.542,THR, ,O,77.17,7.77,15.542,1.29,1.0,<Residue THR het=  resseq=36 icode= >,3a5u_A_A,2.8
248,14.829,THR, ,CB,71.56,4.89,14.385,2.14,1.0,<Residue THR het=  resseq=36 icode= >,3a5u_A_A,2.8
249,17.548,THR, ,OG1,71.13,3.49,13.702,1.57,1.0,<Residue THR het=  resseq=36 icode= >,3a5u_A_A,2.8
250,14.3,THR, ,CG2,73.41,5.57,4.143,1.20,1.0,<Residue THR het=  resseq=36 icode= >,3a5u_A_A,2.8
251,0.0,PRO, ,N,77.53,8.10,0.0,2.32,1.0,<Residue PRO het=  resseq=37 icode= >,3a5u_A_A,2.8
252,12.062,PRO, ,CA,79.92,9.48,12.051,2.04,1.0,<Residue PRO het=  resseq=37 icode= >,3a5u_A_A,2.8
253,0.0,PRO, ,C,83.54,9.70,0.0,2.05,1.0,<Residue PRO het=  resseq=37 icode= >,3a5u_A_A,2.8
254,0.0,PRO, ,O,85.5,9.60,0.0,1.34,1.0,<Residue PRO het=  resseq=37 icode= >,3a5u_A_A,2.8
255,16.955,PRO, ,CB,80.35,10.26,14.657,1.27,1.0,<Residue PRO het=  resseq=37 icode= >,3a5u_A_A,2.8
256,32.35,PRO, ,CG,78.77,9.55,19.234,1.48,1.0,<Residue PRO het=  resseq=37 icode= >,3a5u_A_A,2.8
257,0.0,PRO, ,CD,77.66,8.08,0.0,2.04,1.0,<Residue PRO het=  resseq=37 icode= >,3a5u_A_A,2.8
258,5.423,ARG, ,N,85.45,10.22,5.423,1.94,1.0,<Residue ARG het=  resseq=38 icode= >,3a5u_A_A,2.8
259,0.0,ARG, ,CA,89.44,10.77,0.0,2.01,1.0,<Residue ARG het=  resseq=38 icode= >,3a5u_A_A,2.8
260,0.286,ARG, ,C,92.35,12.21,0.0,0.90,1.0,<Residue ARG het=  resseq=38 icode= >,3a5u_A_A,2.8
261,16.423,ARG, ,O,91.92,12.88,4.006,0.43,1.0,<Residue ARG het=  resseq=38 icode= >,3a5u_A_A,2.8
262,54.954,ARG, ,CB,88.74,10.91,19.507,1.67,1.0,<Residue ARG het=  resseq=38 icode= >,3a5u_A_A,2.8
263,4.25,MET, ,N,96.1,12.78,0.0,0.63,1.0,<Residue MET het=  resseq=39 icode= >,3a5u_A_A,2.8
264,5.679,MET, ,CA,99.15,14.06,0.0,0.61,1.0,<Residue MET het=  resseq=39 icode= >,3a5u_A_A,2.8
265,2.072,MET, ,C,100.06,14.37,0.0,0.02,1.0,<Residue MET het=  resseq=39 icode= >,3a5u_A_A,2.8
266,25.441,MET, ,O,100.08,15.31,0.0,-0.47,1.0,<Residue MET het=  resseq=39 icode= >,3a5u_A_A,2.8
267,62.055,MET, ,CB,99.21,15.23,0.0,-0.62,1.0,<Residue MET het=  resseq=39 icode= >,3a5u_A_A,2.8
268,0.0,PHE, ,N,106.67,11.10,0.0,-0.21,1.0,<Residue PHE het=  resseq=40 icode= >,3a5u_A_A,2.8
269,7.659,PHE, ,CA,106.58,9.75,0.0,-0.18,1.0,<Residue PHE het=  resseq=40 icode= >,3a5u_A_A,2.8
270,1.243,PHE, ,C,108.74,8.70,0.0,0.01,1.0,<Residue PHE het=  resseq=40 icode= >,3a5u_A_A,2.8
271,1.842,PHE, ,O,108.8,8.06,0.0,0.49,1.0,<Residue PHE het=  resseq=40 icode= >,3a5u_A_A,2.8
272,24.636,PHE, ,CB,100.15,9.79,3.328,-0.09,1.0,<Residue PHE het=  resseq=40 icode= >,3a5u_A_A,2.8
273,4.636,ASP, ,N,107.15,8.76,0.0,0.55,1.0,<Residue ASP het=  resseq=41 icode= >,3a5u_A_A,2.8
274,1.023,ASP, ,CA,109.92,8.09,0.0,0.83,1.0,<Residue ASP het=  resseq=41 icode= >,3a5u_A_A,2.8
275,1.955,ASP, ,C,110.19,6.60,0.0,0.91,1.0,<Residue ASP het=  resseq=41 icode= >,3a5u_A_A,2.8
276,27.266,ASP, ,O,109.61,5.81,0.0,0.89,1.0,<Residue ASP het=  resseq=41 icode= >,3a5u_A_A,2.8
277,41.61,ASP, ,CB,111.78,8.47,0.0,0.75,1.0,<Residue ASP het=  resseq=41 icode= >,3a5u_A_A,2.8
278,2.44,ARG, ,N,117.73,6.47,0.0,0.74,1.0,<Residue ARG het=  resseq=42 icode= >,3a5u_A_A,2.8
279,7.112,ARG, ,CA,118.54,5.38,4.286,1.02,1.0,<Residue ARG het=  resseq=42 icode= >,3a5u_A_A,2.8
280,2.784,ARG, ,C,121.64,5.39,0.0,0.26,1.0,<Residue ARG het=  resseq=42 icode= >,3a5u_A_A,2.8
281,30.033,ARG, ,O,122.8,4.50,9.778,0.03,1.0,<Residue ARG het=  resseq=42 icode= >,3a5u_A_A,2.8
282,23.684,ARG, ,CB,109.04,5.89,0.323,0.40,1.0,<Residue ARG het=  resseq=42 icode= >,3a5u_A_A,2.8
283,3.838,ARG, ,CG,109.67,7.35,0.0,0.33,1.0,<Residue ARG het=  resseq=42 icode= >,3a5u_A_A,2.8
284,16.872,ARG, ,CD,109.28,8.02,0.0,0.63,1.0,<Residue ARG het=  resseq=42 icode= >,3a5u_A_A,2.8
285,0.706,ARG, ,NE,110.71,9.44,0.0,0.46,1.0,<Residue ARG het=  resseq=42 icode= >,3a5u_A_A,2.8
286,6.087,ARG, ,CZ,113.39,10.06,0.0,0.89,1.0,<Residue ARG het=  resseq=42 icode= >,3a5u_A_A,2.8
287,22.578,ARG, ,NH1,115.56,9.51,0.0,0.51,1.0,<Residue ARG het=  resseq=42 icode= >,3a5u_A_A,2.8
288,49.034,ARG, ,NH2,113.32,11.38,0.0,1.23,1.0,<Residue ARG het=  resseq=42 icode= >,3a5u_A_A,2.8
289,2.846,GLN, ,N,119.98,6.67,0.0,-0.23,1.0,<Residue GLN het=  resseq=43 icode= >,3a5u_A_A,2.8
290,8.845,GLN, ,CA,122.72,7.20,0.0,0.20,1.0,<Residue GLN het=  resseq=43 icode= >,3a5u_A_A,2.8
291,5.767,GLN, ,C,125.53,7.81,0.0,-0.67,1.0,<Residue GLN het=  resseq=43 icode= >,3a5u_A_A,2.8
292,24.021,GLN, ,O,125.91,7.26,0.0,-0.68,1.0,<Residue GLN het=  resseq=43 icode= >,3a5u_A_A,2.8
293,38.686,GLN, ,CB,117.61,8.42,0.0,0.32,1.0,<Residue GLN het=  resseq=43 icode= >,3a5u_A_A,2.8
294,3.451,SER, ,N,121.34,9.19,0.0,-0.58,1.0,<Residue SER het=  resseq=44 icode= >,3a5u_A_A,2.8
295,12.056,SER, ,CA,123.15,10.14,0.0,0.86,1.0,<Residue SER het=  resseq=44 icode= >,3a5u_A_A,2.8
296,0.363,SER, ,C,122.5,10.19,0.0,0.85,1.0,<Residue SER het=  resseq=44 icode= >,3a5u_A_A,2.8
297,4.256,SER, ,O,119.85,9.69,0.0,-0.11,1.0,<Residue SER het=  resseq=44 icode= >,3a5u_A_A,2.8
298,37.66,SER, ,CB,87.1,11.53,0.0,1.20,1.0,<Residue SER het=  resseq=44 icode= >,3a5u_A_A,2.8
299,35.259,SER, ,OG,90.96,12.55,0.0,0.82,1.0,<Residue SER het=  resseq=44 icode= >,3a5u_A_A,2.8
300,10.249,GLY, ,N,125.06,11.05,0.0,0.45,1.0,<Residue GLY het=  resseq=45 icode= >,3a5u_A_A,2.8
301,44.053,GLY, ,CA,124.69,11.50,0.0,0.02,1.0,<Residue GLY het=  resseq=45 icode= >,3a5u_A_A,2.8
302,5.198,GLY, ,C,121.82,11.83,0.0,1.27,1.0,<Residue GLY het=  resseq=45 icode= >,3a5u_A_A,2.8
303,31.748,GLY, ,O,120.51,11.81,0.0,1.32,1.0,<Residue GLY het=  resseq=45 icode= >,3a5u_A_A,2.8
304,4.379,GLU, ,N,120.71,12.34,0.0,1.12,1.0,<Residue GLU het=  resseq=46 icode= >,3a5u_A_A,2.8
305,10.038,GLU, ,CA,118.86,12.93,0.0,1.17,1.0,<Residue GLU het=  resseq=46 icode= >,3a5u_A_A,2.8
306,3.083,GLU, ,C,115.59,11.97,0.0,1.22,1.0,<Residue GLU het=  resseq=46 icode= >,3a5u_A_A,2.8
307,4.632,GLU, ,O,114.87,10.74,0.0,0.51,1.0,<Residue GLU het=  resseq=46 icode= >,3a5u_A_A,2.8
308,61.432,GLU, ,CB,119.73,14.03,0.0,0.25,1.0,<Residue GLU het=  resseq=46 icode= >,3a5u_A_A,2.8
309,5.339,TRP, ,N,113.79,15.03,0.0,1.04,1.0,<Residue TRP het=  resseq=47 icode= >,3a5u_A_A,2.8
310,1.963,TRP, ,CA,110.58,14.49,0.0,0.52,1.0,<Residue TRP het=  resseq=47 icode= >,3a5u_A_A,2.8
311,3.014,TRP, ,C,109.09,15.59,0.0,0.45,1.0,<Residue TRP het=  resseq=47 icode= >,3a5u_A_A,2.8
312,25.296,TRP, ,O,110.2,16.77,0.0,0.71,1.0,<Residue TRP het=  resseq=47 icode= >,3a5u_A_A,2.8
313,42.327,TRP, ,CB,109.57,13.96,0.0,0.13,1.0,<Residue TRP het=  resseq=47 icode= >,3a5u_A_A,2.8
314,3.97,LYS, ,N,106.44,12.19,0.0,-0.01,1.0,<Residue LYS het=  resseq=48 icode= >,3a5u_A_A,2.8
315,11.458,LYS, ,CA,104.44,11.07,0.0,0.71,1.0,<Residue LYS het=  resseq=48 icode= >,3a5u_A_A,2.8
316,1.137,LYS, ,C,101.63,10.61,0.0,0.90,1.0,<Residue LYS het=  resseq=48 icode= >,3a5u_A_A,2.8
317,0.0,LYS, ,O,100.69,11.47,0.0,0.55,1.0,<Residue LYS het=  resseq=48 icode= >,3a5u_A_A,2.8
318,51.896,LYS, ,CB,105.83,9.98,0.0,0.39,1.0,<Residue LYS het=  resseq=48 icode= >,3a5u_A_A,2.8
319,0.06,ASP, ,N,100.13,9.29,0.0,1.26,1.0,<Residue ASP het=  resseq=49 icode= >,3a5u_A_A,2.8
320,0.0,ASP, ,CA,96.93,8.77,0.0,1.85,1.0,<Residue ASP het=  resseq=49 icode= >,3a5u_A_A,2.8
321,0.154,ASP, ,C,96.41,8.76,0.0,2.04,1.0,<Residue ASP het=  resseq=49 icode= >,3a5u_A_A,2.8
322,3.83,ASP, ,O,98.18,8.55,0.0,1.20,1.0,<Residue ASP het=  resseq=49 icode= >,3a5u_A_A,2.8
323,13.459,ASP, ,CB,96.29,7.46,0.0,1.75,1.0,<Residue ASP het=  resseq=49 icode= >,3a5u_A_A,2.8
324,6.272,ASP, ,CG,96.11,7.76,2.261,1.96,1.0,<Residue ASP het=  resseq=49 icode= >,3a5u_A_A,2.8
325,14.532,ASP, ,OD1,96.34,8.96,2.515,0.96,1.0,<Residue ASP het=  resseq=49 icode= >,3a5u_A_A,2.8
326,39.732,ASP, ,OD2,96.32,6.94,10.825,0.85,1.0,<Residue ASP het=  resseq=49 icode= >,3a5u_A_A,2.8
327,0.0,GLY, ,N,93.84,9.12,0.0,1.90,1.0,<Residue GLY het=  resseq=50 icode= >,3a5u_A_A,2.8
328,3.528,GLY, ,CA,92.86,9.24,0.0,1.45,1.0,<Residue GLY het=  resseq=50 icode= >,3a5u_A_A,2.8
329,1.58,GLY, ,C,91.16,8.08,0.0,2.13,1.0,<Residue GLY het=  resseq=50 icode= >,3a5u_A_A,2.8
330,4.116,GLY, ,O,90.43,7.09,0.0,0.96,1.0,<Residue GLY het=  resseq=50 icode= >,3a5u_A_A,2.8
331,3.681,GLU, ,N,90.68,8.26,0.0,1.46,1.0,<Residue GLU het=  resseq=51 icode= >,3a5u_A_A,2.8
332,1.68,GLU, ,CA,89.18,7.38,0.0,1.22,1.0,<Residue GLU het=  resseq=51 icode= >,3a5u_A_A,2.8
333,0.784,GLU, ,C,85.53,7.50,0.0,1.51,1.0,<Residue GLU het=  resseq=51 icode= >,3a5u_A_A,2.8
334,6.751,GLU, ,O,84.11,8.07,0.0,1.58,1.0,<Residue GLU het=  resseq=51 icode= >,3a5u_A_A,2.8
335,26.416,GLU, ,CB,90.39,7.93,0.0,0.75,1.0,<Residue GLU het=  resseq=51 icode= >,3a5u_A_A,2.8
336,33.279,GLU, ,CG,91.87,7.27,5.921,0.78,1.0,<Residue GLU het=  resseq=51 icode= >,3a5u_A_A,2.8
337,8.964,GLU, ,CD,95.41,5.75,0.167,0.70,1.0,<Residue GLU het=  resseq=51 icode= >,3a5u_A_A,2.8
338,31.558,GLU, ,OE1,95.97,5.27,2.603,0.55,1.0,<Residue GLU het=  resseq=51 icode= >,3a5u_A_A,2.8
339,22.393,GLU, ,OE2,96.43,5.27,2.404,0.13,1.0,<Residue GLU het=  resseq=51 icode= >,3a5u_A_A,2.8
340,0.507,ALA, ,N,83.64,6.53,0.0,0.94,1.0,<Residue ALA het=  resseq=52 icode= >,3a5u_A_A,2.8
341,0.0,ALA, ,CA,78.1,5.86,0.0,1.72,1.0,<Residue ALA het=  resseq=52 icode= >,3a5u_A_A,2.8
342,2.277,ALA, ,C,73.5,6.72,0.104,2.10,1.0,<Residue ALA het=  resseq=52 icode= >,3a5u_A_A,2.8
343,14.986,ALA, ,O,74.59,6.08,12.662,1.81,1.0,<Residue ALA het=  resseq=52 icode= >,3a5u_A_A,2.8
344,11.533,ALA, ,CB,77.84,4.38,7.772,1.17,1.0,<Residue ALA het=  resseq=52 icode= >,3a5u_A_A,2.8
345,0.07,LEU, ,N,66.07,6.98,0.0,1.64,1.0,<Residue LEU het=  resseq=53 icode= >,3a5u_A_A,2.8
346,0.98,LEU, ,CA,58.35,7.30,0.98,2.74,1.0,<Residue LEU het=  resseq=53 icode= >,3a5u_A_A,2.8
347,0.0,LEU, ,C,54.23,6.83,0.0,4.55,1.0,<Residue LEU het=  resseq=53 icode= >,3a5u_A_A,2.8
348,0.224,LEU, ,O,51.59,6.99,0.0,3.70,1.0,<Residue LEU het=  resseq=53 icode= >,3a5u_A_A,2.8
349,12.474,LEU, ,CB,57.05,7.96,4.053,1.89,1.0,<Residue LEU het=  resseq=53 icode= >,3a5u_A_A,2.8
350,0.0,LEU, ,CG,54.21,7.02,0.0,2.25,1.0,<Residue LEU het=  resseq=53 icode= >,3a5u_A_A,2.8
351,48.944,LEU, ,CD1,53.48,6.38,48.944,1.39,1.0,<Residue LEU het=  resseq=53 icode= >,3a5u_A_A,2.8
352,33.522,LEU, ,CD2,51.52,7.89,33.522,0.36,1.0,<Residue LEU het=  resseq=53 icode= >,3a5u_A_A,2.8
353,2.192,PHE, ,N,51.64,5.57,2.192,2.96,1.0,<Residue PHE het=  resseq=54 icode= >,3a5u_A_A,2.8
354,0.0,PHE, ,CA,49.31,5.00,0.0,3.70,1.0,<Residue PHE het=  resseq=54 icode= >,3a5u_A_A,2.8
355,0.187,PHE, ,C,47.16,4.36,0.187,4.40,1.0,<Residue PHE het=  resseq=54 icode= >,3a5u_A_A,2.8
356,19.486,PHE, ,O,48.25,3.21,19.486,2.50,1.0,<Residue PHE het=  resseq=54 icode= >,3a5u_A_A,2.8
357,18.548,PHE, ,CB,50.52,3.79,18.536,2.01,1.0,<Residue PHE het=  resseq=54 icode= >,3a5u_A_A,2.8
358,2.338,PHE, ,CG,52.05,3.85,2.338,2.43,1.0,<Residue PHE het=  resseq=54 icode= >,3a5u_A_A,2.8
359,14.621,PHE, ,CD1,53.39,3.34,14.504,1.41,1.0,<Residue PHE het=  resseq=54 icode= >,3a5u_A_A,2.8
360,6.557,PHE, ,CD2,51.3,4.05,6.557,2.19,1.0,<Residue PHE het=  resseq=54 icode= >,3a5u_A_A,2.8
361,12.458,PHE, ,CE1,54.39,3.48,7.432,1.57,1.0,<Residue PHE het=  resseq=54 icode= >,3a5u_A_A,2.8
362,16.015,PHE, ,CE2,51.02,3.80,16.015,2.00,1.0,<Residue PHE het=  resseq=54 icode= >,3a5u_A_A,2.8
363,24.65,PHE, ,CZ,51.88,3.75,19.762,1.93,1.0,<Residue PHE het=  resseq=54 icode= >,3a5u_A_A,2.8
364,0.0,LEU, ,N,44.01,4.79,0.0,3.94,1.0,<Residue LEU het=  resseq=55 icode= >,3a5u_A_A,2.8
365,1.021,LEU, ,CA,41.49,4.04,1.021,4.19,1.0,<Residue LEU het=  resseq=55 icode= >,3a5u_A_A,2.8
366,0.0,LEU, ,C,41.08,4.12,0.0,4.87,1.0,<Residue LEU het=  resseq=55 icode= >,3a5u_A_A,2.8
367,0.0,LEU, ,O,40.98,5.19,0.0,2.54,1.0,<Residue LEU het=  resseq=55 icode= >,3a5u_A_A,2.8
368,0.057,LEU, ,CB,39.74,4.73,0.0,3.64,1.0,<Residue LEU het=  resseq=55 icode= >,3a5u_A_A,2.8
369,0.0,LEU, ,CG,39.38,5.08,0.0,3.28,1.0,<Residue LEU het=  resseq=55 icode= >,3a5u_A_A,2.8
370,0.459,LEU, ,CD1,36.43,6.42,0.088,1.78,1.0,<Residue LEU het=  resseq=55 icode= >,3a5u_A_A,2.8
371,18.183,LEU, ,CD2,37.46,4.19,18.183,1.26,1.0,<Residue LEU het=  resseq=55 icode= >,3a5u_A_A,2.8
372,4.356,ARG, ,N,41.41,3.27,4.356,2.75,1.0,<Residue ARG het=  resseq=56 icode= >,3a5u_A_A,2.8
373,0.0,ARG, ,CA,41.92,4.00,0.0,2.83,1.0,<Residue ARG het=  resseq=56 icode= >,3a5u_A_A,2.8
374,0.0,ARG, ,C,38.99,4.92,0.0,3.92,1.0,<Residue ARG het=  resseq=56 icode= >,3a5u_A_A,2.8
375,0.0,ARG, ,O,38.72,4.47,0.0,2.86,1.0,<Residue ARG het=  resseq=56 icode= >,3a5u_A_A,2.8
376,13.859,ARG, ,CB,43.65,3.55,12.628,1.10,1.0,<Residue ARG het=  resseq=56 icode= >,3a5u_A_A,2.8
377,0.0,ARG, ,CG,50.68,4.99,0.0,0.51,1.0,<Residue ARG het=  resseq=56 icode= >,3a5u_A_A,2.8
378,27.728,ARG, ,CD,63.08,4.58,22.512,0.62,1.0,<Residue ARG het=  resseq=56 icode= >,3a5u_A_A,2.8
379,11.938,ARG, ,NE,71.66,4.41,11.051,0.82,1.0,<Residue ARG het=  resseq=56 icode= >,3a5u_A_A,2.8
380,4.046,ARG, ,CZ,75.28,5.25,0.822,1.27,1.0,<Residue ARG het=  resseq=56 icode= >,3a5u_A_A,2.8
381,3.841,ARG, ,NH1,77.17,5.37,1.524,0.22,1.0,<Residue ARG het=  resseq=56 icode= >,3a5u_A_A,2.8
382,11.416,ARG, ,NH2,76.09,4.65,10.02,-0.33,1.0,<Residue ARG het=  resseq=56 icode= >,3a5u_A_A,2.8
383,0.0,CYS, ,N,37.16,6.24,0.0,2.98,1.0,<Residue CYS het=  resseq=57 icode= >,3a5u_A_A,2.8
384,0.0,CYS, ,CA,35.26,7.18,0.0,3.17,1.0,<Residue CYS het=  resseq=57 icode= >,3a5u_A_A,2.8
385,0.0,CYS, ,C,35.03,7.69,0.0,4.33,1.0,<Residue CYS het=  resseq=57 icode= >,3a5u_A_A,2.8
386,0.0,CYS, ,O,36.42,7.18,0.0,2.64,1.0,<Residue CYS het=  resseq=57 icode= >,3a5u_A_A,2.8
387,0.0,CYS, ,CB,35.01,8.16,0.0,2.20,1.0,<Residue CYS het=  resseq=57 icode= >,3a5u_A_A,2.8
388,0.198,CYS, ,SG,38.21,7.66,0.0,4.48,1.0,<Residue CYS het=  resseq=57 icode= >,3a5u_A_A,2.8
389,0.0,ASN, ,N,33.52,7.77,0.0,3.65,1.0,<Residue ASN het=  resseq=58 icode= >,3a5u_A_A,2.8
390,0.0,ASN, ,CA,34.41,7.37,0.0,3.98,1.0,<Residue ASN het=  resseq=58 icode= >,3a5u_A_A,2.8
391,0.0,ASN, ,C,33.42,8.70,0.0,5.45,1.0,<Residue ASN het=  resseq=58 icode= >,3a5u_A_A,2.8
392,0.041,ASN, ,O,31.43,8.54,0.0,3.79,1.0,<Residue ASN het=  resseq=58 icode= >,3a5u_A_A,2.8
393,0.969,ASN, ,CB,35.38,6.54,0.0,2.50,1.0,<Residue ASN het=  resseq=58 icode= >,3a5u_A_A,2.8
394,3.933,ASN, ,CG,40.82,5.40,0.0,2.67,1.0,<Residue ASN het=  resseq=58 icode= >,3a5u_A_A,2.8
395,1.003,ASN, ,OD1,46.56,4.64,0.762,1.18,1.0,<Residue ASN het=  resseq=58 icode= >,3a5u_A_A,2.8
396,8.342,ASN, ,ND2,44.57,5.62,0.0,1.52,1.0,<Residue ASN het=  resseq=58 icode= >,3a5u_A_A,2.8
397,0.0,ILE, ,N,34.93,8.73,0.0,3.05,1.0,<Residue ILE het=  resseq=59 icode= >,3a5u_A_A,2.8
398,0.087,ILE, ,CA,37.54,7.91,0.0,3.10,1.0,<Residue ILE het=  resseq=59 icode= >,3a5u_A_A,2.8
399,0.0,ILE, ,C,40.93,7.41,0.0,3.85,1.0,<Residue ILE het=  resseq=59 icode= >,3a5u_A_A,2.8
400,0.0,ILE, ,O,41.65,7.96,0.0,2.41,1.0,<Residue ILE het=  resseq=59 icode= >,3a5u_A_A,2.8
401,0.0,ILE, ,CB,37.35,8.92,0.0,3.39,1.0,<Residue ILE het=  resseq=59 icode= >,3a5u_A_A,2.8
402,4.749,ILE, ,CG1,36.26,8.48,0.0,3.80,1.0,<Residue ILE het=  resseq=59 icode= >,3a5u_A_A,2.8
403,0.0,ILE, ,CG2,36.01,10.18,0.0,1.32,1.0,<Residue ILE het=  resseq=59 icode= >,3a5u_A_A,2.8
404,2.464,ILE, ,CD1,38.27,9.72,0.0,1.58,1.0,<Residue ILE het=  resseq=59 icode= >,3a5u_A_A,2.8
405,2.799,TRP, ,N,43.36,6.34,0.0,3.43,1.0,<Residue TRP het=  resseq=60 icode= >,3a5u_A_A,2.8
406,0.0,TRP, ,CA,46.78,5.60,0.0,3.04,1.0,<Residue TRP het=  resseq=60 icode= >,3a5u_A_A,2.8
407,0.0,TRP, ,C,48.15,5.90,0.0,3.66,1.0,<Residue TRP het=  resseq=60 icode= >,3a5u_A_A,2.8
408,4.305,TRP, ,O,49.26,6.50,0.0,2.06,1.0,<Residue TRP het=  resseq=60 icode= >,3a5u_A_A,2.8
409,9.083,TRP, ,CB,48.0,4.14,6.486,1.24,1.0,<Residue TRP het=  resseq=60 icode= >,3a5u_A_A,2.8
410,2.214,TRP, ,CG,50.99,4.35,2.214,2.52,1.0,<Residue TRP het=  resseq=60 icode= >,3a5u_A_A,2.8
411,10.593,TRP, ,CD1,53.88,4.64,5.87,2.06,1.0,<Residue TRP het=  resseq=60 icode= >,3a5u_A_A,2.8
412,2.864,TRP, ,CD2,54.48,4.22,2.864,2.92,1.0,<Residue TRP het=  resseq=60 icode= >,3a5u_A_A,2.8
413,1.174,TRP, ,NE1,55.96,4.71,1.053,2.52,1.0,<Residue TRP het=  resseq=60 icode= >,3a5u_A_A,2.8
414,3.238,TRP, ,CE2,55.33,4.44,3.187,3.29,1.0,<Residue TRP het=  resseq=60 icode= >,3a5u_A_A,2.8
415,9.342,TRP, ,CE3,57.94,3.95,9.321,1.57,1.0,<Residue TRP het=  resseq=60 icode= >,3a5u_A_A,2.8
416,25.423,TRP, ,CZ2,58.12,4.47,11.081,1.48,1.0,<Residue TRP het=  resseq=60 icode= >,3a5u_A_A,2.8
417,22.586,TRP, ,CZ3,59.73,3.94,18.449,1.49,1.0,<Residue TRP het=  resseq=60 icode= >,3a5u_A_A,2.8
418,30.841,TRP, ,CH2,60.24,4.05,30.219,0.94,1.0,<Residue TRP het=  resseq=60 icode= >,3a5u_A_A,2.8
419,0.0,ARG, ,N,50.02,5.63,0.0,3.25,1.0,<Residue ARG het=  resseq=61 icode= >,3a5u_A_A,2.8
420,3.926,ARG, ,CA,52.91,6.03,0.0,2.40,1.0,<Residue ARG het=  resseq=61 icode= >,3a5u_A_A,2.8
421,0.0,ARG, ,C,53.08,7.55,0.0,2.44,1.0,<Residue ARG het=  resseq=61 icode= >,3a5u_A_A,2.8
422,0.0,ARG, ,O,51.9,8.30,0.0,1.50,1.0,<Residue ARG het=  resseq=61 icode= >,3a5u_A_A,2.8
423,13.429,ARG, ,CB,54.23,5.57,0.0,1.11,1.0,<Residue ARG het=  resseq=61 icode= >,3a5u_A_A,2.8
424,14.525,ARG, ,CG,60.23,4.11,6.514,1.20,1.0,<Residue ARG het=  resseq=61 icode= >,3a5u_A_A,2.8
425,17.828,ARG, ,CD,71.9,3.75,4.325,1.14,1.0,<Residue ARG het=  resseq=61 icode= >,3a5u_A_A,2.8
426,14.833,ARG, ,NE,83.07,4.23,0.308,1.12,1.0,<Residue ARG het=  resseq=61 icode= >,3a5u_A_A,2.8
427,8.579,ARG, ,CZ,89.72,4.03,2.522,0.55,1.0,<Residue ARG het=  resseq=61 icode= >,3a5u_A_A,2.8
428,59.388,ARG, ,NH1,93.0,5.07,1.543,0.35,1.0,<Residue ARG het=  resseq=61 icode= >,3a5u_A_A,2.8
429,50.976,ARG, ,NH2,91.68,3.25,30.582,0.02,1.0,<Residue ARG het=  resseq=61 icode= >,3a5u_A_A,2.8
430,4.305,GLU, ,N,55.42,8.17,0.0,1.81,1.0,<Residue GLU het=  resseq=62 icode= >,3a5u_A_A,2.8
431,1.57,GLU, ,CA,57.81,9.63,0.0,2.99,1.0,<Residue GLU het=  resseq=62 icode= >,3a5u_A_A,2.8
432,0.0,GLU, ,C,55.07,10.31,0.0,3.34,1.0,<Residue GLU het=  resseq=62 icode= >,3a5u_A_A,2.8
433,0.0,GLU, ,O,55.58,11.25,0.0,2.32,1.0,<Residue GLU het=  resseq=62 icode= >,3a5u_A_A,2.8
434,18.367,GLU, ,CB,59.55,10.15,0.0,1.06,1.0,<Residue GLU het=  resseq=62 icode= >,3a5u_A_A,2.8
435,21.351,GLU, ,CG,68.53,11.64,0.0,-0.26,1.0,<Residue GLU het=  resseq=62 icode= >,3a5u_A_A,2.8
436,12.541,GLU, ,CD,77.27,12.44,0.0,0.14,1.0,<Residue GLU het=  resseq=62 icode= >,3a5u_A_A,2.8
437,38.584,GLU, ,OE1,80.95,11.93,0.0,0.01,1.0,<Residue GLU het=  resseq=62 icode= >,3a5u_A_A,2.8
438,32.177,GLU, ,OE2,79.91,13.52,0.0,0.13,1.0,<Residue GLU het=  resseq=62 icode= >,3a5u_A_A,2.8
439,2.325,ALA, ,N,52.12,9.75,0.0,1.99,1.0,<Residue ALA het=  resseq=63 icode= >,3a5u_A_A,2.8
440,1.226,ALA, ,CA,49.11,10.42,0.0,2.19,1.0,<Residue ALA het=  resseq=63 icode= >,3a5u_A_A,2.8
441,0.0,ALA, ,C,47.28,10.71,0.0,3.18,1.0,<Residue ALA het=  resseq=63 icode= >,3a5u_A_A,2.8
442,0.032,ALA, ,O,46.97,11.84,0.0,1.84,1.0,<Residue ALA het=  resseq=63 icode= >,3a5u_A_A,2.8
443,36.916,ALA, ,CB,47.72,9.62,0.0,0.95,1.0,<Residue ALA het=  resseq=63 icode= >,3a5u_A_A,2.8
444,0.0,ALA, ,N,45.09,9.84,0.0,2.81,1.0,<Residue ALA het=  resseq=64 icode= >,3a5u_A_A,2.8
445,0.0,ALA, ,CA,43.05,10.32,0.0,4.23,1.0,<Residue ALA het=  resseq=64 icode= >,3a5u_A_A,2.8
446,0.0,ALA, ,C,44.1,11.48,0.0,3.25,1.0,<Residue ALA het=  resseq=64 icode= >,3a5u_A_A,2.8
447,0.0,ALA, ,O,43.63,12.36,0.0,1.49,1.0,<Residue ALA het=  resseq=64 icode= >,3a5u_A_A,2.8
448,0.0,ALA, ,CB,42.35,9.28,0.0,1.26,1.0,<Residue ALA het=  resseq=64 icode= >,3a5u_A_A,2.8
449,0.0,GLU, ,N,45.25,11.41,0.0,2.55,1.0,<Residue GLU het=  resseq=65 icode= >,3a5u_A_A,2.8
450,0.135,GLU, ,CA,47.48,12.60,0.0,3.75,1.0,<Residue GLU het=  resseq=65 icode= >,3a5u_A_A,2.8
451,0.0,GLU, ,C,46.81,13.83,0.0,3.73,1.0,<Residue GLU het=  resseq=65 icode= >,3a5u_A_A,2.8
452,0.0,GLU, ,O,46.66,14.83,0.0,2.91,1.0,<Residue GLU het=  resseq=65 icode= >,3a5u_A_A,2.8
453,3.7,GLU, ,CB,49.7,12.46,0.0,1.35,1.0,<Residue GLU het=  resseq=65 icode= >,3a5u_A_A,2.8
454,7.235,GLU, ,CG,55.21,11.59,0.0,0.88,1.0,<Residue GLU het=  resseq=65 icode= >,3a5u_A_A,2.8
455,6.886,GLU, ,CD,62.27,11.17,0.0,2.64,1.0,<Residue GLU het=  resseq=65 icode= >,3a5u_A_A,2.8
456,32.536,GLU, ,OE1,66.74,12.12,0.0,1.28,1.0,<Residue GLU het=  resseq=65 icode= >,3a5u_A_A,2.8
457,17.704,GLU, ,OE2,61.86,10.06,0.0,1.89,1.0,<Residue GLU het=  resseq=65 icode= >,3a5u_A_A,2.8
458,0.0,ASN, ,N,45.65,13.71,0.0,2.31,1.0,<Residue ASN het=  resseq=66 icode= >,3a5u_A_A,2.8
459,1.216,ASN, ,CA,45.74,14.82,0.0,3.78,1.0,<Residue ASN het=  resseq=66 icode= >,3a5u_A_A,2.8
460,0.827,ASN, ,C,43.83,15.27,0.0,4.90,1.0,<Residue ASN het=  resseq=66 icode= >,3a5u_A_A,2.8
461,0.0,ASN, ,O,44.08,16.48,0.0,2.34,1.0,<Residue ASN het=  resseq=66 icode= >,3a5u_A_A,2.8
462,20.293,ASN, ,CB,45.92,14.52,0.0,1.33,1.0,<Residue ASN het=  resseq=66 icode= >,3a5u_A_A,2.8
463,5.139,ASN, ,CG,49.51,14.31,0.0,2.68,1.0,<Residue ASN het=  resseq=66 icode= >,3a5u_A_A,2.8
464,23.951,ASN, ,OD1,53.61,14.96,0.0,2.10,1.0,<Residue ASN het=  resseq=66 icode= >,3a5u_A_A,2.8
465,18.207,ASN, ,ND2,50.32,13.53,0.0,0.77,1.0,<Residue ASN het=  resseq=66 icode= >,3a5u_A_A,2.8
466,0.137,VAL, ,N,40.97,14.38,0.0,4.01,1.0,<Residue VAL het=  resseq=67 icode= >,3a5u_A_A,2.8
467,2.177,VAL, ,CA,39.81,14.94,0.0,4.28,1.0,<Residue VAL het=  resseq=67 icode= >,3a5u_A_A,2.8
468,0.0,VAL, ,C,42.41,15.19,0.0,4.60,1.0,<Residue VAL het=  resseq=67 icode= >,3a5u_A_A,2.8
469,0.0,VAL, ,O,41.89,15.96,0.0,2.95,1.0,<Residue VAL het=  resseq=67 icode= >,3a5u_A_A,2.8
470,0.0,VAL, ,CB,38.29,13.87,0.0,4.29,1.0,<Residue VAL het=  resseq=67 icode= >,3a5u_A_A,2.8
471,0.0,VAL, ,CG1,36.39,13.92,0.0,1.80,1.0,<Residue VAL het=  resseq=67 icode= >,3a5u_A_A,2.8
472,4.14,VAL, ,CG2,36.41,13.11,0.0,2.30,1.0,<Residue VAL het=  resseq=67 icode= >,3a5u_A_A,2.8
473,0.0,ALA, ,N,45.51,14.34,0.0,2.31,1.0,<Residue ALA het=  resseq=68 icode= >,3a5u_A_A,2.8
474,0.065,ALA, ,CA,49.71,14.11,0.0,2.31,1.0,<Residue ALA het=  resseq=68 icode= >,3a5u_A_A,2.8
475,0.968,ALA, ,C,53.45,15.29,0.0,2.59,1.0,<Residue ALA het=  resseq=68 icode= >,3a5u_A_A,2.8
476,19.992,ALA, ,O,54.59,15.74,0.0,1.94,1.0,<Residue ALA het=  resseq=68 icode= >,3a5u_A_A,2.8
477,8.567,ALA, ,CB,50.54,12.82,0.0,0.50,1.0,<Residue ALA het=  resseq=68 icode= >,3a5u_A_A,2.8
478,0.0,GLU, ,N,56.46,15.92,0.0,2.48,1.0,<Residue GLU het=  resseq=69 icode= >,3a5u_A_A,2.8
479,6.96,GLU, ,CA,61.25,17.16,0.0,2.03,1.0,<Residue GLU het=  resseq=69 icode= >,3a5u_A_A,2.8
480,0.628,GLU, ,C,61.04,18.35,0.0,2.24,1.0,<Residue GLU het=  resseq=69 icode= >,3a5u_A_A,2.8
481,31.501,GLU, ,O,62.82,19.30,0.0,1.85,1.0,<Residue GLU het=  resseq=69 icode= >,3a5u_A_A,2.8
482,12.746,GLU, ,CB,62.72,17.57,0.0,0.39,1.0,<Residue GLU het=  resseq=69 icode= >,3a5u_A_A,2.8
483,22.456,GLU, ,CG,70.09,16.73,0.0,0.23,1.0,<Residue GLU het=  resseq=69 icode= >,3a5u_A_A,2.8
484,11.034,GLU, ,CD,77.53,17.42,0.0,1.39,1.0,<Residue GLU het=  resseq=69 icode= >,3a5u_A_A,2.8
485,38.167,GLU, ,OE1,79.4,18.63,0.0,1.03,1.0,<Residue GLU het=  resseq=69 icode= >,3a5u_A_A,2.8
486,22.493,GLU, ,OE2,80.19,16.81,0.0,1.63,1.0,<Residue GLU het=  resseq=69 icode= >,3a5u_A_A,2.8
487,0.0,SER, ,N,59.62,18.36,0.0,1.72,1.0,<Residue SER het=  resseq=70 icode= >,3a5u_A_A,2.8
488,6.085,SER, ,CA,58.46,19.62,0.0,3.62,1.0,<Residue SER het=  resseq=70 icode= >,3a5u_A_A,2.8
489,1.184,SER, ,C,57.68,19.65,0.0,3.65,1.0,<Residue SER het=  resseq=70 icode= >,3a5u_A_A,2.8
490,27.031,SER, ,O,58.56,20.74,0.0,1.86,1.0,<Residue SER het=  resseq=70 icode= >,3a5u_A_A,2.8
491,20.434,SER, ,CB,56.5,19.89,0.0,3.02,1.0,<Residue SER het=  resseq=70 icode= >,3a5u_A_A,2.8
492,28.157,SER, ,OG,56.46,20.34,0.0,1.87,1.0,<Residue SER het=  resseq=70 icode= >,3a5u_A_A,2.8
493,0.0,LEU, ,N,56.63,16.63,0.0,2.67,1.0,<Residue LEU het=  resseq=71 icode= >,3a5u_A_A,2.8
494,0.408,LEU, ,CA,56.07,15.31,0.0,2.45,1.0,<Residue LEU het=  resseq=71 icode= >,3a5u_A_A,2.8
495,0.0,LEU, ,C,57.31,14.34,0.0,3.00,1.0,<Residue LEU het=  resseq=71 icode= >,3a5u_A_A,2.8
496,2.627,LEU, ,O,57.64,14.60,0.0,1.74,1.0,<Residue LEU het=  resseq=71 icode= >,3a5u_A_A,2.8
497,0.0,LEU, ,CB,54.08,14.86,0.0,1.59,1.0,<Residue LEU het=  resseq=71 icode= >,3a5u_A_A,2.8
498,0.932,LEU, ,CG,50.33,15.90,0.0,2.95,1.0,<Residue LEU het=  resseq=71 icode= >,3a5u_A_A,2.8
499,0.963,LEU, ,CD1,46.98,15.44,0.0,1.38,1.0,<Residue LEU het=  resseq=71 icode= >,3a5u_A_A,2.8
500,4.079,LEU, ,CD2,47.84,16.40,0.0,2.04,1.0,<Residue LEU het=  resseq=71 icode= >,3a5u_A_A,2.8
501,0.342,THR, ,N,58.2,11.66,0.0,2.03,1.0,<Residue THR het=  resseq=72 icode= >,3a5u_A_A,2.8
502,0.0,THR, ,CA,59.37,10.67,0.0,1.97,1.0,<Residue THR het=  resseq=72 icode= >,3a5u_A_A,2.8
503,0.0,THR, ,C,59.22,9.90,0.0,3.49,1.0,<Residue THR het=  resseq=72 icode= >,3a5u_A_A,2.8
504,0.0,THR, ,O,57.79,10.23,0.0,1.89,1.0,<Residue THR het=  resseq=72 icode= >,3a5u_A_A,2.8
505,6.356,THR, ,CB,61.34,11.50,0.0,1.22,1.0,<Residue THR het=  resseq=72 icode= >,3a5u_A_A,2.8
506,17.716,THR, ,OG1,60.37,12.18,0.0,1.52,1.0,<Residue THR het=  resseq=72 icode= >,3a5u_A_A,2.8
507,53.178,THR, ,CG2,62.05,12.62,0.0,-0.40,1.0,<Residue THR het=  resseq=72 icode= >,3a5u_A_A,2.8
508,0.0,ARG, ,N,60.66,9.10,0.0,3.04,1.0,<Residue ARG het=  resseq=73 icode= >,3a5u_A_A,2.8
509,0.0,ARG, ,CA,61.45,8.62,0.0,3.26,1.0,<Residue ARG het=  resseq=73 icode= >,3a5u_A_A,2.8
510,0.069,ARG, ,C,62.14,8.98,0.0,1.96,1.0,<Residue ARG het=  resseq=73 icode= >,3a5u_A_A,2.8
511,14.398,ARG, ,O,64.28,10.00,0.0,1.14,1.0,<Residue ARG het=  resseq=73 icode= >,3a5u_A_A,2.8
512,9.452,ARG, ,CB,62.36,8.00,0.0,1.93,1.0,<Residue ARG het=  resseq=73 icode= >,3a5u_A_A,2.8
513,2.277,ARG, ,CG,64.08,6.66,0.0,1.64,1.0,<Residue ARG het=  resseq=73 icode= >,3a5u_A_A,2.8
514,23.327,ARG, ,CD,69.66,6.84,0.0,1.31,1.0,<Residue ARG het=  resseq=73 icode= >,3a5u_A_A,2.8
515,10.082,ARG, ,NE,73.76,5.71,0.052,1.39,1.0,<Residue ARG het=  resseq=73 icode= >,3a5u_A_A,2.8
516,8.728,ARG, ,CZ,76.26,6.05,0.0,2.32,1.0,<Residue ARG het=  resseq=73 icode= >,3a5u_A_A,2.8
517,51.128,ARG, ,NH1,78.55,7.35,0.0,0.68,1.0,<Residue ARG het=  resseq=73 icode= >,3a5u_A_A,2.8
518,59.308,ARG, ,NH2,77.84,5.33,4.818,1.25,1.0,<Residue ARG het=  resseq=73 icode= >,3a5u_A_A,2.8
519,0.045,GLY, ,N,60.59,8.36,0.0,1.33,1.0,<Residue GLY het=  resseq=74 icode= >,3a5u_A_A,2.8
520,26.79,GLY, ,CA,59.01,8.83,0.0,1.99,1.0,<Residue GLY het=  resseq=74 icode= >,3a5u_A_A,2.8
521,4.159,GLY, ,C,57.21,9.57,0.0,3.71,1.0,<Residue GLY het=  resseq=74 icode= >,3a5u_A_A,2.8
522,14.947,GLY, ,O,56.89,9.34,0.0,1.86,1.0,<Residue GLY het=  resseq=74 icode= >,3a5u_A_A,2.8
523,0.595,SER, ,N,55.89,10.58,0.0,3.04,1.0,<Residue SER het=  resseq=75 icode= >,3a5u_A_A,2.8
524,9.701,SER, ,CA,54.59,11.44,0.0,2.83,1.0,<Residue SER het=  resseq=75 icode= >,3a5u_A_A,2.8
525,0.0,SER, ,C,52.44,10.80,0.0,3.45,1.0,<Residue SER het=  resseq=75 icode= >,3a5u_A_A,2.8
526,0.0,SER, ,O,52.54,10.07,0.0,1.94,1.0,<Residue SER het=  resseq=75 icode= >,3a5u_A_A,2.8
527,6.329,SER, ,CB,53.66,12.65,0.0,2.83,1.0,<Residue SER het=  resseq=75 icode= >,3a5u_A_A,2.8
528,11.332,SER, ,OG,56.92,13.07,0.0,2.71,1.0,<Residue SER het=  resseq=75 icode= >,3a5u_A_A,2.8
529,5.923,ARG, ,N,50.06,11.27,0.0,2.60,1.0,<Residue ARG het=  resseq=76 icode= >,3a5u_A_A,2.8
530,0.0,ARG, ,CA,46.49,11.06,0.0,2.95,1.0,<Residue ARG het=  resseq=76 icode= >,3a5u_A_A,2.8
531,0.0,ARG, ,C,44.11,12.15,0.0,3.61,1.0,<Residue ARG het=  resseq=76 icode= >,3a5u_A_A,2.8
532,1.349,ARG, ,O,45.35,13.29,0.0,2.61,1.0,<Residue ARG het=  resseq=76 icode= >,3a5u_A_A,2.8
533,14.998,ARG, ,CB,46.41,11.47,0.0,1.70,1.0,<Residue ARG het=  resseq=76 icode= >,3a5u_A_A,2.8
534,0.0,ARG, ,CG,46.27,11.40,0.0,1.49,1.0,<Residue ARG het=  resseq=76 icode= >,3a5u_A_A,2.8
535,1.552,ARG, ,CD,43.95,12.30,0.0,2.03,1.0,<Residue ARG het=  resseq=76 icode= >,3a5u_A_A,2.8
536,0.504,ARG, ,NE,41.05,12.46,0.0,3.14,1.0,<Residue ARG het=  resseq=76 icode= >,3a5u_A_A,2.8
537,0.0,ARG, ,CZ,43.16,11.64,0.0,4.15,1.0,<Residue ARG het=  resseq=76 icode= >,3a5u_A_A,2.8
538,22.819,ARG, ,NH1,41.0,10.50,20.991,2.46,1.0,<Residue ARG het=  resseq=76 icode= >,3a5u_A_A,2.8
539,24.66,ARG, ,NH2,43.97,12.08,16.125,2.43,1.0,<Residue ARG het=  resseq=76 icode= >,3a5u_A_A,2.8
540,0.0,VAL, ,N,40.32,11.94,0.0,2.13,1.0,<Residue VAL het=  resseq=77 icode= >,3a5u_A_A,2.8
541,0.0,VAL, ,CA,36.36,13.10,0.0,3.48,1.0,<Residue VAL het=  resseq=77 icode= >,3a5u_A_A,2.8
542,0.0,VAL, ,C,35.48,13.39,0.0,4.37,1.0,<Residue VAL het=  resseq=77 icode= >,3a5u_A_A,2.8
543,0.0,VAL, ,O,35.02,12.54,0.0,2.73,1.0,<Residue VAL het=  resseq=77 icode= >,3a5u_A_A,2.8
544,0.0,VAL, ,CB,36.48,13.11,0.0,2.59,1.0,<Residue VAL het=  resseq=77 icode= >,3a5u_A_A,2.8
545,0.0,VAL, ,CG1,36.93,13.17,0.0,1.50,1.0,<Residue VAL het=  resseq=77 icode= >,3a5u_A_A,2.8
546,0.0,VAL, ,CG2,31.28,12.09,0.0,1.52,1.0,<Residue VAL het=  resseq=77 icode= >,3a5u_A_A,2.8
547,0.0,ILE, ,N,34.49,14.69,0.0,3.78,1.0,<Residue ILE het=  resseq=78 icode= >,3a5u_A_A,2.8
548,0.0,ILE, ,CA,33.72,15.32,0.0,4.34,1.0,<Residue ILE het=  resseq=78 icode= >,3a5u_A_A,2.8
549,0.959,ILE, ,C,32.47,15.84,0.0,5.54,1.0,<Residue ILE het=  resseq=78 icode= >,3a5u_A_A,2.8
550,1.296,ILE, ,O,34.06,15.79,0.0,3.24,1.0,<Residue ILE het=  resseq=78 icode= >,3a5u_A_A,2.8
551,3.678,ILE, ,CB,33.81,16.57,0.0,2.81,1.0,<Residue ILE het=  resseq=78 icode= >,3a5u_A_A,2.8
552,0.949,ILE, ,CG1,39.47,16.43,0.0,1.79,1.0,<Residue ILE het=  resseq=78 icode= >,3a5u_A_A,2.8
553,26.619,ILE, ,CG2,33.52,17.02,0.0,1.53,1.0,<Residue ILE het=  resseq=78 icode= >,3a5u_A_A,2.8
554,47.204,ILE, ,CD1,42.57,17.79,0.0,0.58,1.0,<Residue ILE het=  resseq=78 icode= >,3a5u_A_A,2.8
555,0.0,VAL, ,N,30.5,10.81,0.0,4.00,1.0,<Residue VAL het=  resseq=79 icode= >,3a5u_A_A,2.8
556,0.144,VAL, ,CA,29.29,10.07,0.0,4.43,1.0,<Residue VAL het=  resseq=79 icode= >,3a5u_A_A,2.8
557,0.493,VAL, ,C,29.36,9.15,0.0,5.03,1.0,<Residue VAL het=  resseq=79 icode= >,3a5u_A_A,2.8
558,0.0,VAL, ,O,29.6,9.68,0.0,3.22,1.0,<Residue VAL het=  resseq=79 icode= >,3a5u_A_A,2.8
559,0.0,VAL, ,CB,29.13,11.17,0.0,3.05,1.0,<Residue VAL het=  resseq=79 icode= >,3a5u_A_A,2.8
560,0.0,VAL, ,CG1,28.54,10.77,0.0,1.32,1.0,<Residue VAL het=  resseq=79 icode= >,3a5u_A_A,2.8
561,0.0,VAL, ,CG2,30.39,12.04,0.0,1.77,1.0,<Residue VAL het=  resseq=79 icode= >,3a5u_A_A,2.8
562,0.472,THR, ,N,29.16,7.95,0.0,3.11,1.0,<Residue THR het=  resseq=80 icode= >,3a5u_A_A,2.8
563,0.0,THR, ,CA,29.35,7.24,0.0,3.74,1.0,<Residue THR het=  resseq=80 icode= >,3a5u_A_A,2.8
564,0.0,THR, ,C,29.2,7.06,0.0,5.62,1.0,<Residue THR het=  resseq=80 icode= >,3a5u_A_A,2.8
565,0.0,THR, ,O,28.54,6.82,0.0,3.76,1.0,<Residue THR het=  resseq=80 icode= >,3a5u_A_A,2.8
566,10.43,THR, ,CB,29.19,6.01,0.714,4.04,1.0,<Residue THR het=  resseq=80 icode= >,3a5u_A_A,2.8
567,8.725,THR, ,OG1,31.49,5.29,1.147,2.89,1.0,<Residue THR het=  resseq=80 icode= >,3a5u_A_A,2.8
568,31.563,THR, ,CG2,31.11,6.67,0.0,1.44,1.0,<Residue THR het=  resseq=80 icode= >,3a5u_A_A,2.8
569,0.671,GLY, ,N,29.07,7.40,0.0,3.40,1.0,<Residue GLY het=  resseq=81 icode= >,3a5u_A_A,2.8
570,0.0,GLY, ,CA,29.82,7.35,0.0,2.63,1.0,<Residue GLY het=  resseq=81 icode= >,3a5u_A_A,2.8
571,0.0,GLY, ,C,30.46,7.40,0.0,5.35,1.0,<Residue GLY het=  resseq=81 icode= >,3a5u_A_A,2.8
572,0.651,GLY, ,O,30.22,7.60,0.0,2.59,1.0,<Residue GLY het=  resseq=81 icode= >,3a5u_A_A,2.8
573,0.0,ARG, ,N,31.71,7.24,0.0,3.59,1.0,<Residue ARG het=  resseq=82 icode= >,3a5u_A_A,2.8
574,0.0,ARG, ,CA,33.26,7.28,0.0,3.72,1.0,<Residue ARG het=  resseq=82 icode= >,3a5u_A_A,2.8
575,0.0,ARG, ,C,33.19,8.10,0.0,5.10,1.0,<Residue ARG het=  resseq=82 icode= >,3a5u_A_A,2.8
576,0.0,ARG, ,O,34.18,8.05,0.0,2.78,1.0,<Residue ARG het=  resseq=82 icode= >,3a5u_A_A,2.8
577,0.0,ARG, ,CB,34.68,5.97,0.0,1.65,1.0,<Residue ARG het=  resseq=82 icode= >,3a5u_A_A,2.8
578,0.0,ARG, ,CG,37.84,4.84,0.0,1.58,1.0,<Residue ARG het=  resseq=82 icode= >,3a5u_A_A,2.8
579,14.411,ARG, ,CD,42.4,3.57,10.705,1.78,1.0,<Residue ARG het=  resseq=82 icode= >,3a5u_A_A,2.8
580,4.768,ARG, ,NE,44.63,3.22,4.768,2.05,1.0,<Residue ARG het=  resseq=82 icode= >,3a5u_A_A,2.8
581,4.265,ARG, ,CZ,46.02,3.15,4.265,2.99,1.0,<Residue ARG het=  resseq=82 icode= >,3a5u_A_A,2.8
582,13.677,ARG, ,NH1,46.89,3.31,7.856,1.29,1.0,<Residue ARG het=  resseq=82 icode= >,3a5u_A_A,2.8
583,28.558,ARG, ,NH2,48.06,3.50,16.685,1.86,1.0,<Residue ARG het=  resseq=82 icode= >,3a5u_A_A,2.8
584,0.0,LEU, ,N,32.42,9.12,0.0,3.39,1.0,<Residue LEU het=  resseq=83 icode= >,3a5u_A_A,2.8
585,0.0,LEU, ,CA,32.85,8.63,0.0,3.79,1.0,<Residue LEU het=  resseq=83 icode= >,3a5u_A_A,2.8
586,0.803,LEU, ,C,35.24,8.94,0.803,4.53,1.0,<Residue LEU het=  resseq=83 icode= >,3a5u_A_A,2.8
587,10.449,LEU, ,O,35.56,9.42,8.611,3.42,1.0,<Residue LEU het=  resseq=83 icode= >,3a5u_A_A,2.8
588,4.166,LEU, ,CB,31.57,8.59,4.166,3.12,1.0,<Residue LEU het=  resseq=83 icode= >,3a5u_A_A,2.8
589,0.0,LEU, ,CG,28.6,8.05,0.0,4.94,1.0,<Residue LEU het=  resseq=83 icode= >,3a5u_A_A,2.8
590,37.751,LEU, ,CD1,29.1,8.38,37.751,1.99,1.0,<Residue LEU het=  resseq=83 icode= >,3a5u_A_A,2.8
591,0.78,LEU, ,CD2,26.46,6.66,0.78,2.49,1.0,<Residue LEU het=  resseq=83 icode= >,3a5u_A_A,2.8
592,0.0,LYS, ,N,39.01,8.12,0.0,3.04,1.0,<Residue LYS het=  resseq=84 icode= >,3a5u_A_A,2.8
593,1.931,LYS, ,CA,44.3,8.64,1.319,3.26,1.0,<Residue LYS het=  resseq=84 icode= >,3a5u_A_A,2.8
594,0.723,LYS, ,C,47.82,7.77,0.59,3.82,1.0,<Residue LYS het=  resseq=84 icode= >,3a5u_A_A,2.8
595,0.191,LYS, ,O,47.26,6.55,0.0,2.16,1.0,<Residue LYS het=  resseq=84 icode= >,3a5u_A_A,2.8
596,16.126,LYS, ,CB,44.19,9.12,0.0,1.75,1.0,<Residue LYS het=  resseq=84 icode= >,3a5u_A_A,2.8
597,3.63,LYS, ,CG,47.69,7.97,0.0,1.27,1.0,<Residue LYS het=  resseq=84 icode= >,3a5u_A_A,2.8
598,18.26,LYS, ,CD,53.04,7.57,4.752,1.31,1.0,<Residue LYS het=  resseq=84 icode= >,3a5u_A_A,2.8
599,4.643,LYS, ,CE,55.81,6.10,0.22,1.40,1.0,<Residue LYS het=  resseq=84 icode= >,3a5u_A_A,2.8
600,27.803,LYS, ,NZ,59.24,5.62,0.0,0.76,1.0,<Residue LYS het=  resseq=84 icode= >,3a5u_A_A,2.8
601,8.669,GLN, ,N,53.25,8.06,6.629,2.43,1.0,<Residue GLN het=  resseq=85 icode= >,3a5u_A_A,2.8
602,0.0,GLN, ,CA,59.71,6.92,0.0,2.33,1.0,<Residue GLN het=  resseq=85 icode= >,3a5u_A_A,2.8
603,0.794,GLN, ,C,63.07,7.64,0.653,2.87,1.0,<Residue GLN het=  resseq=85 icode= >,3a5u_A_A,2.8
604,21.112,GLN, ,O,64.65,8.53,13.91,1.64,1.0,<Residue GLN het=  resseq=85 icode= >,3a5u_A_A,2.8
605,17.374,GLN, ,CB,60.26,6.35,15.123,1.26,1.0,<Residue GLN het=  resseq=85 icode= >,3a5u_A_A,2.8
606,1.732,GLN, ,CG,63.21,4.85,0.266,2.02,1.0,<Residue GLN het=  resseq=85 icode= >,3a5u_A_A,2.8
607,7.303,GLN, ,CD,66.88,4.45,7.303,2.80,1.0,<Residue GLN het=  resseq=85 icode= >,3a5u_A_A,2.8
608,32.016,GLN, ,OE1,68.64,3.41,32.016,2.28,1.0,<Residue GLN het=  resseq=85 icode= >,3a5u_A_A,2.8
609,49.92,GLN, ,NE2,68.7,5.01,46.769,0.96,1.0,<Residue GLN het=  resseq=85 icode= >,3a5u_A_A,2.8
610,0.0,ARG, ,N,66.02,7.19,0.0,3.17,1.0,<Residue ARG het=  resseq=86 icode= >,3a5u_A_A,2.8
611,2.751,ARG, ,CA,69.53,8.17,1.668,3.44,1.0,<Residue ARG het=  resseq=86 icode= >,3a5u_A_A,2.8
612,0.424,ARG, ,C,72.34,7.59,0.0,3.02,1.0,<Residue ARG het=  resseq=86 icode= >,3a5u_A_A,2.8
613,0.0,ARG, ,O,72.34,7.02,0.0,1.94,1.0,<Residue ARG het=  resseq=86 icode= >,3a5u_A_A,2.8
614,1.3,ARG, ,CB,69.26,6.97,0.0,1.88,1.0,<Residue ARG het=  resseq=86 icode= >,3a5u_A_A,2.8
615,22.658,ARG, ,CG,72.63,5.74,0.0,1.06,1.0,<Residue ARG het=  resseq=86 icode= >,3a5u_A_A,2.8
616,26.528,ARG, ,CD,78.27,4.67,9.69,0.28,1.0,<Residue ARG het=  resseq=86 icode= >,3a5u_A_A,2.8
617,1.034,ARG, ,NE,83.51,4.33,0.623,0.23,1.0,<Residue ARG het=  resseq=86 icode= >,3a5u_A_A,2.8
618,2.779,ARG, ,CZ,85.97,3.22,2.779,0.09,1.0,<Residue ARG het=  resseq=86 icode= >,3a5u_A_A,2.8
619,18.197,ARG, ,NH1,88.18,2.99,17.453,-0.09,1.0,<Residue ARG het=  resseq=86 icode= >,3a5u_A_A,2.8
620,29.59,ARG, ,NH2,86.06,2.61,24.634,-0.30,1.0,<Residue ARG het=  resseq=86 icode= >,3a5u_A_A,2.8
621,6.193,SER, ,N,75.79,7.32,2.41,1.67,1.0,<Residue SER het=  resseq=87 icode= >,3a5u_A_A,2.8
622,0.0,SER, ,CA,79.6,7.13,0.0,1.77,1.0,<Residue SER het=  resseq=87 icode= >,3a5u_A_A,2.8
623,0.0,SER, ,C,81.75,8.18,0.0,2.20,1.0,<Residue SER het=  resseq=87 icode= >,3a5u_A_A,2.8
624,25.071,SER, ,O,81.85,7.57,0.0,2.17,1.0,<Residue SER het=  resseq=87 icode= >,3a5u_A_A,2.8
625,30.802,SER, ,CB,80.44,6.67,0.74,1.26,1.0,<Residue SER het=  resseq=87 icode= >,3a5u_A_A,2.8
626,33.529,SER, ,OG,81.35,5.41,10.315,0.67,1.0,<Residue SER het=  resseq=87 icode= >,3a5u_A_A,2.8
627,0.0,PHE, ,N,84.31,7.38,0.0,0.86,1.0,<Residue PHE het=  resseq=88 icode= >,3a5u_A_A,2.8
628,2.882,PHE, ,CA,87.09,6.25,0.0,0.72,1.0,<Residue PHE het=  resseq=88 icode= >,3a5u_A_A,2.8
629,3.938,PHE, ,C,88.81,6.06,0.0,0.82,1.0,<Residue PHE het=  resseq=88 icode= >,3a5u_A_A,2.8
630,3.454,PHE, ,O,89.56,7.05,0.0,0.81,1.0,<Residue PHE het=  resseq=88 icode= >,3a5u_A_A,2.8
631,2.65,PHE, ,CB,87.37,5.10,1.047,0.28,1.0,<Residue PHE het=  resseq=88 icode= >,3a5u_A_A,2.8
632,0.155,PHE, ,CG,90.77,4.72,0.0,0.35,1.0,<Residue PHE het=  resseq=88 icode= >,3a5u_A_A,2.8
633,7.987,PHE, ,CD1,92.56,4.41,0.0,0.71,1.0,<Residue PHE het=  resseq=88 icode= >,3a5u_A_A,2.8
634,16.804,PHE, ,CD2,94.33,3.49,13.903,-0.02,1.0,<Residue PHE het=  resseq=88 icode= >,3a5u_A_A,2.8
635,24.166,PHE, ,CE1,94.4,3.32,8.906,-0.03,1.0,<Residue PHE het=  resseq=88 icode= >,3a5u_A_A,2.8
636,29.648,PHE, ,CE2,95.47,2.97,27.564,0.03,1.0,<Residue PHE het=  resseq=88 icode= >,3a5u_A_A,2.8
637,31.415,PHE, ,CZ,95.56,3.12,25.975,-0.38,1.0,<Residue PHE het=  resseq=88 icode= >,3a5u_A_A,2.8
638,5.878,THR, ,N,112.64,5.23,0.0,0.81,1.0,<Residue THR het=  resseq=90 icode= >,3a5u_A_A,2.8
639,12.415,THR, ,CA,112.47,4.41,0.0,0.78,1.0,<Residue THR het=  resseq=90 icode= >,3a5u_A_A,2.8
640,3.685,THR, ,C,114.72,4.38,0.0,0.70,1.0,<Residue THR het=  resseq=90 icode= >,3a5u_A_A,2.8
641,34.053,THR, ,O,115.61,5.29,0.0,0.80,1.0,<Residue THR het=  resseq=90 icode= >,3a5u_A_A,2.8
642,25.948,THR, ,CB,111.0,3.17,15.866,-0.06,1.0,<Residue THR het=  resseq=90 icode= >,3a5u_A_A,2.8
643,0.089,ARG, ,N,115.65,3.80,0.051,0.87,1.0,<Residue ARG het=  resseq=91 icode= >,3a5u_A_A,2.8
644,9.087,ARG, ,CA,117.59,4.43,0.0,0.82,1.0,<Residue ARG het=  resseq=91 icode= >,3a5u_A_A,2.8
645,1.263,ARG, ,C,118.88,5.12,0.0,0.60,1.0,<Residue ARG het=  resseq=91 icode= >,3a5u_A_A,2.8
646,30.738,ARG, ,O,120.5,6.35,0.0,0.73,1.0,<Residue ARG het=  resseq=91 icode= >,3a5u_A_A,2.8
647,56.617,ARG, ,CB,117.6,3.86,10.999,0.41,1.0,<Residue ARG het=  resseq=91 icode= >,3a5u_A_A,2.8
648,3.322,GLU, ,N,117.92,4.63,3.322,0.56,1.0,<Residue GLU het=  resseq=92 icode= >,3a5u_A_A,2.8
649,6.754,GLU, ,CA,118.76,5.70,0.0,0.90,1.0,<Residue GLU het=  resseq=92 icode= >,3a5u_A_A,2.8
650,5.669,GLU, ,C,116.57,5.78,0.41,1.24,1.0,<Residue GLU het=  resseq=92 icode= >,3a5u_A_A,2.8
651,29.802,GLU, ,O,115.54,5.73,1.147,1.20,1.0,<Residue GLU het=  resseq=92 icode= >,3a5u_A_A,2.8
652,19.999,GLU, ,CB,119.87,5.98,1.935,1.11,1.0,<Residue GLU het=  resseq=92 icode= >,3a5u_A_A,2.8
653,23.089,GLU, ,CG,121.84,6.42,0.0,0.95,1.0,<Residue GLU het=  resseq=92 icode= >,3a5u_A_A,2.8
654,14.766,GLU, ,CD,123.86,6.69,0.0,1.41,1.0,<Residue GLU het=  resseq=92 icode= >,3a5u_A_A,2.8
655,37.064,GLU, ,OE1,122.62,5.91,0.0,1.14,1.0,<Residue GLU het=  resseq=92 icode= >,3a5u_A_A,2.8
656,42.592,GLU, ,OE2,127.38,7.87,0.0,0.22,1.0,<Residue GLU het=  resseq=92 icode= >,3a5u_A_A,2.8
657,5.221,GLY, ,N,115.71,6.38,0.0,0.67,1.0,<Residue GLY het=  resseq=93 icode= >,3a5u_A_A,2.8
658,26.435,GLY, ,CA,113.27,6.96,0.0,0.48,1.0,<Residue GLY het=  resseq=93 icode= >,3a5u_A_A,2.8
659,1.647,GLY, ,C,111.83,7.44,0.0,0.71,1.0,<Residue GLY het=  resseq=93 icode= >,3a5u_A_A,2.8
660,0.0,GLY, ,O,110.09,6.95,0.0,0.08,1.0,<Residue GLY het=  resseq=93 icode= >,3a5u_A_A,2.8
661,10.491,GLU, ,N,112.46,8.63,0.0,1.01,1.0,<Residue GLU het=  resseq=94 icode= >,3a5u_A_A,2.8
662,15.006,GLU, ,CA,111.48,9.50,0.0,-0.11,1.0,<Residue GLU het=  resseq=94 icode= >,3a5u_A_A,2.8
663,0.786,GLU, ,C,108.2,9.35,0.0,0.53,1.0,<Residue GLU het=  resseq=94 icode= >,3a5u_A_A,2.8
664,27.445,GLU, ,O,107.78,9.38,0.0,0.67,1.0,<Residue GLU het=  resseq=94 icode= >,3a5u_A_A,2.8
665,66.354,GLU, ,CB,113.23,10.99,0.0,-0.40,1.0,<Residue GLU het=  resseq=94 icode= >,3a5u_A_A,2.8
666,3.923,LYS, ,N,105.28,9.50,0.0,0.79,1.0,<Residue LYS het=  resseq=95 icode= >,3a5u_A_A,2.8
667,2.697,LYS, ,CA,101.75,8.78,0.0,1.14,1.0,<Residue LYS het=  resseq=95 icode= >,3a5u_A_A,2.8
668,2.886,LYS, ,C,98.84,7.90,0.0,1.96,1.0,<Residue LYS het=  resseq=95 icode= >,3a5u_A_A,2.8
669,14.325,LYS, ,O,98.12,6.68,0.0,1.11,1.0,<Residue LYS het=  resseq=95 icode= >,3a5u_A_A,2.8
670,56.923,LYS, ,CB,102.31,8.13,0.0,0.10,1.0,<Residue LYS het=  resseq=95 icode= >,3a5u_A_A,2.8
671,0.184,ARG, ,N,96.78,7.83,0.0,1.68,1.0,<Residue ARG het=  resseq=96 icode= >,3a5u_A_A,2.8
672,10.399,ARG, ,CA,93.8,7.23,0.0,0.92,1.0,<Residue ARG het=  resseq=96 icode= >,3a5u_A_A,2.8
673,0.0,ARG, ,C,90.18,7.35,0.0,1.51,1.0,<Residue ARG het=  resseq=96 icode= >,3a5u_A_A,2.8
674,0.0,ARG, ,O,89.77,6.90,0.0,0.94,1.0,<Residue ARG het=  resseq=96 icode= >,3a5u_A_A,2.8
675,26.363,ARG, ,CB,93.88,5.69,4.157,0.34,1.0,<Residue ARG het=  resseq=96 icode= >,3a5u_A_A,2.8
676,4.65,THR, ,N,86.55,6.18,0.0,1.72,1.0,<Residue THR het=  resseq=97 icode= >,3a5u_A_A,2.8
677,0.0,THR, ,CA,82.18,5.28,0.0,1.84,1.0,<Residue THR het=  resseq=97 icode= >,3a5u_A_A,2.8
678,0.134,THR, ,C,78.61,4.38,0.011,2.52,1.0,<Residue THR het=  resseq=97 icode= >,3a5u_A_A,2.8
679,21.857,THR, ,O,78.65,3.51,12.464,1.77,1.0,<Residue THR het=  resseq=97 icode= >,3a5u_A_A,2.8
680,4.205,THR, ,CB,82.76,4.81,3.299,1.44,1.0,<Residue THR het=  resseq=97 icode= >,3a5u_A_A,2.8
681,5.715,THR, ,OG1,81.9,4.01,4.639,1.29,1.0,<Residue THR het=  resseq=97 icode= >,3a5u_A_A,2.8
682,51.315,THR, ,CG2,84.81,4.51,21.258,0.43,1.0,<Residue THR het=  resseq=97 icode= >,3a5u_A_A,2.8
683,0.0,VAL, ,N,74.7,4.84,0.0,1.33,1.0,<Residue VAL het=  resseq=98 icode= >,3a5u_A_A,2.8
684,3.768,VAL, ,CA,70.46,4.06,3.768,1.79,1.0,<Residue VAL het=  resseq=98 icode= >,3a5u_A_A,2.8
685,0.0,VAL, ,C,65.83,4.36,0.0,3.82,1.0,<Residue VAL het=  resseq=98 icode= >,3a5u_A_A,2.8
686,0.0,VAL, ,O,65.57,5.46,0.0,2.96,1.0,<Residue VAL het=  resseq=98 icode= >,3a5u_A_A,2.8
687,6.36,VAL, ,CB,70.45,4.69,6.36,1.62,1.0,<Residue VAL het=  resseq=98 icode= >,3a5u_A_A,2.8
688,55.209,VAL, ,CG1,71.99,5.24,17.533,-0.23,1.0,<Residue VAL het=  resseq=98 icode= >,3a5u_A_A,2.8
689,13.565,VAL, ,CG2,69.57,4.96,2.197,1.36,1.0,<Residue VAL het=  resseq=98 icode= >,3a5u_A_A,2.8
690,4.835,VAL, ,N,60.47,3.79,4.835,2.90,1.0,<Residue VAL het=  resseq=99 icode= >,3a5u_A_A,2.8
691,0.0,VAL, ,CA,53.38,4.23,0.0,3.29,1.0,<Residue VAL het=  resseq=99 icode= >,3a5u_A_A,2.8
692,0.0,VAL, ,C,51.23,3.23,0.0,2.59,1.0,<Residue VAL het=  resseq=99 icode= >,3a5u_A_A,2.8
693,8.339,VAL, ,O,51.78,2.22,8.339,0.82,1.0,<Residue VAL het=  resseq=99 icode= >,3a5u_A_A,2.8
694,11.195,VAL, ,CB,48.5,4.29,11.195,3.43,1.0,<Residue VAL het=  resseq=99 icode= >,3a5u_A_A,2.8
695,7.946,VAL, ,CG1,44.8,5.30,7.946,1.40,1.0,<Residue VAL het=  resseq=99 icode= >,3a5u_A_A,2.8
696,33.771,VAL, ,CG2,47.06,3.77,33.771,1.14,1.0,<Residue VAL het=  resseq=99 icode= >,3a5u_A_A,2.8
697,0.0,GLU, ,N,47.02,3.95,0.0,2.33,1.0,<Residue GLU het=  resseq=100 icode= >,3a5u_A_A,2.8
698,0.0,GLU, ,CA,43.46,3.91,0.0,3.24,1.0,<Residue GLU het=  resseq=100 icode= >,3a5u_A_A,2.8
699,0.0,GLU, ,C,39.56,5.07,0.0,5.03,1.0,<Residue GLU het=  resseq=100 icode= >,3a5u_A_A,2.8
700,0.0,GLU, ,O,39.53,5.91,0.0,3.32,1.0,<Residue GLU het=  resseq=100 icode= >,3a5u_A_A,2.8
701,0.642,GLU, ,CB,43.96,4.64,0.0,1.76,1.0,<Residue GLU het=  resseq=100 icode= >,3a5u_A_A,2.8
702,0.0,GLU, ,CG,49.26,4.32,0.0,1.32,1.0,<Residue GLU het=  resseq=100 icode= >,3a5u_A_A,2.8
703,0.0,GLU, ,CD,53.48,4.90,0.0,2.33,1.0,<Residue GLU het=  resseq=100 icode= >,3a5u_A_A,2.8
704,3.321,GLU, ,OE1,52.86,4.83,0.0,1.13,1.0,<Residue GLU het=  resseq=100 icode= >,3a5u_A_A,2.8
705,4.175,GLU, ,OE2,55.35,4.09,3.089,1.42,1.0,<Residue GLU het=  resseq=100 icode= >,3a5u_A_A,2.8
706,0.0,VAL, ,N,35.71,5.46,0.0,3.26,1.0,<Residue VAL het=  resseq=101 icode= >,3a5u_A_A,2.8
707,0.0,VAL, ,CA,33.87,6.81,0.0,3.49,1.0,<Residue VAL het=  resseq=101 icode= >,3a5u_A_A,2.8
708,0.071,VAL, ,C,33.34,7.80,0.0,5.13,1.0,<Residue VAL het=  resseq=101 icode= >,3a5u_A_A,2.8
709,0.0,VAL, ,O,32.21,7.80,0.0,3.85,1.0,<Residue VAL het=  resseq=101 icode= >,3a5u_A_A,2.8
710,0.0,VAL, ,CB,33.99,7.19,0.0,2.60,1.0,<Residue VAL het=  resseq=101 icode= >,3a5u_A_A,2.8
711,0.0,VAL, ,CG1,30.22,8.69,0.0,1.89,1.0,<Residue VAL het=  resseq=101 icode= >,3a5u_A_A,2.8
712,0.0,VAL, ,CG2,34.04,6.58,0.0,1.20,1.0,<Residue VAL het=  resseq=101 icode= >,3a5u_A_A,2.8
713,0.03,GLU, ,N,33.58,8.83,0.0,3.09,1.0,<Residue GLU het=  resseq=102 icode= >,3a5u_A_A,2.8
714,0.0,GLU, ,CA,34.78,8.04,0.0,3.67,1.0,<Residue GLU het=  resseq=102 icode= >,3a5u_A_A,2.8
715,0.0,GLU, ,C,33.59,7.75,0.0,3.96,1.0,<Residue GLU het=  resseq=102 icode= >,3a5u_A_A,2.8
716,0.0,GLU, ,O,34.66,6.89,0.0,2.35,1.0,<Residue GLU het=  resseq=102 icode= >,3a5u_A_A,2.8
717,0.002,GLU, ,CB,36.24,6.87,0.0,2.11,1.0,<Residue GLU het=  resseq=102 icode= >,3a5u_A_A,2.8
718,2.925,GLU, ,CG,45.32,6.29,0.0,1.15,1.0,<Residue GLU het=  resseq=102 icode= >,3a5u_A_A,2.8
719,8.491,GLU, ,CD,57.65,6.09,0.0,1.64,1.0,<Residue GLU het=  resseq=102 icode= >,3a5u_A_A,2.8
720,8.376,GLU, ,OE1,62.42,5.11,3.754,0.69,1.0,<Residue GLU het=  resseq=102 icode= >,3a5u_A_A,2.8
721,13.016,GLU, ,OE2,61.26,6.89,0.0,1.58,1.0,<Residue GLU het=  resseq=102 icode= >,3a5u_A_A,2.8
722,0.0,VAL, ,N,31.58,8.65,0.0,2.81,1.0,<Residue VAL het=  resseq=103 icode= >,3a5u_A_A,2.8
723,0.0,VAL, ,CA,29.43,8.75,0.0,4.08,1.0,<Residue VAL het=  resseq=103 icode= >,3a5u_A_A,2.8
724,0.0,VAL, ,C,29.36,7.41,0.0,4.52,1.0,<Residue VAL het=  resseq=103 icode= >,3a5u_A_A,2.8
725,10.23,VAL, ,O,28.94,6.88,0.0,3.16,1.0,<Residue VAL het=  resseq=103 icode= >,3a5u_A_A,2.8
726,0.0,VAL, ,CB,29.96,9.65,0.0,3.09,1.0,<Residue VAL het=  resseq=103 icode= >,3a5u_A_A,2.8
727,0.0,VAL, ,CG1,31.25,9.10,0.0,1.18,1.0,<Residue VAL het=  resseq=103 icode= >,3a5u_A_A,2.8
728,0.0,VAL, ,CG2,28.3,10.85,0.0,2.27,1.0,<Residue VAL het=  resseq=103 icode= >,3a5u_A_A,2.8
729,0.0,ASP, ,N,30.72,6.44,0.0,3.11,1.0,<Residue ASP het=  resseq=104 icode= >,3a5u_A_A,2.8
730,5.138,ASP, ,CA,31.35,5.07,0.661,3.53,1.0,<Residue ASP het=  resseq=104 icode= >,3a5u_A_A,2.8
731,0.342,ASP, ,C,31.5,5.08,0.0,4.39,1.0,<Residue ASP het=  resseq=104 icode= >,3a5u_A_A,2.8
732,21.421,ASP, ,O,33.39,4.83,2.108,2.40,1.0,<Residue ASP het=  resseq=104 icode= >,3a5u_A_A,2.8
733,16.175,ASP, ,CB,31.33,4.14,15.828,2.61,1.0,<Residue ASP het=  resseq=104 icode= >,3a5u_A_A,2.8
734,7.781,ASP, ,CG,36.02,4.10,7.781,4.29,1.0,<Residue ASP het=  resseq=104 icode= >,3a5u_A_A,2.8
735,6.002,ASP, ,OD1,41.08,3.91,3.813,2.21,1.0,<Residue ASP het=  resseq=104 icode= >,3a5u_A_A,2.8
736,14.777,ASP, ,OD2,38.57,3.95,9.87,2.85,1.0,<Residue ASP het=  resseq=104 icode= >,3a5u_A_A,2.8
737,0.0,GLU, ,N,30.14,5.86,0.0,3.80,1.0,<Residue GLU het=  resseq=105 icode= >,3a5u_A_A,2.8
738,3.779,GLU, ,CA,29.47,6.26,0.0,4.34,1.0,<Residue GLU het=  resseq=105 icode= >,3a5u_A_A,2.8
739,0.531,GLU, ,C,28.85,7.41,0.0,5.43,1.0,<Residue GLU het=  resseq=105 icode= >,3a5u_A_A,2.8
740,0.187,GLU, ,O,28.86,7.60,0.0,3.75,1.0,<Residue GLU het=  resseq=105 icode= >,3a5u_A_A,2.8
741,13.52,GLU, ,CB,29.63,5.31,0.0,3.17,1.0,<Residue GLU het=  resseq=105 icode= >,3a5u_A_A,2.8
742,17.797,GLU, ,CG,31.38,4.01,11.214,3.16,1.0,<Residue GLU het=  resseq=105 icode= >,3a5u_A_A,2.8
743,11.006,GLU, ,CD,38.98,4.46,0.302,4.91,1.0,<Residue GLU het=  resseq=105 icode= >,3a5u_A_A,2.8
744,36.002,GLU, ,OE1,42.33,5.62,0.0,2.35,1.0,<Residue GLU het=  resseq=105 icode= >,3a5u_A_A,2.8
745,39.584,GLU, ,OE2,44.66,3.92,12.857,2.50,1.0,<Residue GLU het=  resseq=105 icode= >,3a5u_A_A,2.8
746,1.834,ILE, ,N,29.3,8.41,0.0,2.83,1.0,<Residue ILE het=  resseq=106 icode= >,3a5u_A_A,2.8
747,1.044,ILE, ,CA,28.84,9.65,0.0,2.66,1.0,<Residue ILE het=  resseq=106 icode= >,3a5u_A_A,2.8
748,3.909,ILE, ,C,29.57,10.35,0.0,4.31,1.0,<Residue ILE het=  resseq=106 icode= >,3a5u_A_A,2.8
749,22.302,ILE, ,O,31.39,10.30,0.0,2.10,1.0,<Residue ILE het=  resseq=106 icode= >,3a5u_A_A,2.8
750,0.0,ILE, ,CB,28.33,10.67,0.0,2.86,1.0,<Residue ILE het=  resseq=106 icode= >,3a5u_A_A,2.8
751,0.0,ILE, ,CG1,27.38,11.96,0.0,3.27,1.0,<Residue ILE het=  resseq=106 icode= >,3a5u_A_A,2.8
752,8.163,ILE, ,CG2,29.06,10.99,0.0,1.01,1.0,<Residue ILE het=  resseq=106 icode= >,3a5u_A_A,2.8
753,0.0,ILE, ,CD1,26.24,12.89,0.0,1.52,1.0,<Residue ILE het=  resseq=106 icode= >,3a5u_A_A,2.8
754,1.842,GLY, ,N,29.06,11.19,0.0,3.96,1.0,<Residue GLY het=  resseq=107 icode= >,3a5u_A_A,2.8
755,18.137,GLY, ,CA,29.08,12.18,0.0,4.13,1.0,<Residue GLY het=  resseq=107 icode= >,3a5u_A_A,2.8
756,0.0,GLY, ,C,29.09,13.36,0.0,5.99,1.0,<Residue GLY het=  resseq=107 icode= >,3a5u_A_A,2.8
757,0.0,GLY, ,O,29.86,13.32,0.0,3.66,1.0,<Residue GLY het=  resseq=107 icode= >,3a5u_A_A,2.8
758,0.0,PRO, ,N,29.66,17.41,0.0,5.19,1.0,<Residue PRO het=  resseq=108 icode= >,3a5u_A_A,2.8
759,0.0,PRO, ,CA,30.56,16.52,0.0,4.36,1.0,<Residue PRO het=  resseq=108 icode= >,3a5u_A_A,2.8
760,0.0,PRO, ,C,32.16,16.85,0.0,4.40,1.0,<Residue PRO het=  resseq=108 icode= >,3a5u_A_A,2.8
761,7.48,PRO, ,O,31.85,18.06,0.0,3.05,1.0,<Residue PRO het=  resseq=108 icode= >,3a5u_A_A,2.8
762,20.315,PRO, ,CB,31.76,17.16,0.0,3.14,1.0,<Residue PRO het=  resseq=108 icode= >,3a5u_A_A,2.8
763,16.546,PRO, ,CG,31.3,18.60,0.0,2.66,1.0,<Residue PRO het=  resseq=108 icode= >,3a5u_A_A,2.8
764,20.068,PRO, ,CD,30.65,18.57,0.0,3.15,1.0,<Residue PRO het=  resseq=108 icode= >,3a5u_A_A,2.8
765,0.0,SER, ,N,34.72,15.88,0.0,3.05,1.0,<Residue SER het=  resseq=109 icode= >,3a5u_A_A,2.8
766,0.0,SER, ,CA,37.18,16.27,0.0,3.51,1.0,<Residue SER het=  resseq=109 icode= >,3a5u_A_A,2.8
767,0.0,SER, ,C,40.11,16.98,0.0,3.96,1.0,<Residue SER het=  resseq=109 icode= >,3a5u_A_A,2.8
768,3.537,SER, ,O,42.5,16.67,0.0,2.38,1.0,<Residue SER het=  resseq=109 icode= >,3a5u_A_A,2.8
769,0.453,SER, ,CB,37.05,15.10,0.0,2.51,1.0,<Residue SER het=  resseq=109 icode= >,3a5u_A_A,2.8
770,8.814,SER, ,OG,38.17,15.61,0.0,2.29,1.0,<Residue SER het=  resseq=109 icode= >,3a5u_A_A,2.8
771,4.984,LEU, ,N,41.99,1000.00,0.0,3.02,1.0,<Residue LEU het=  resseq=110 icode= >,3a5u_A_A,2.8
772,0.0,LEU, ,CA,44.25,1000.00,0.0,2.97,1.0,<Residue LEU het=  resseq=110 icode= >,3a5u_A_A,2.8
773,2.971,LEU, ,C,46.25,1000.00,0.0,4.10,1.0,<Residue LEU het=  resseq=110 icode= >,3a5u_A_A,2.8
774,18.713,LEU, ,O,48.53,1000.00,0.0,1.94,1.0,<Residue LEU het=  resseq=110 icode= >,3a5u_A_A,2.8
775,17.109,LEU, ,CB,43.69,1000.00,0.0,2.29,1.0,<Residue LEU het=  resseq=110 icode= >,3a5u_A_A,2.8
776,4.457,LEU, ,CG,42.92,1000.00,0.0,3.28,1.0,<Residue LEU het=  resseq=110 icode= >,3a5u_A_A,2.8
777,67.075,LEU, ,CD1,42.5,1000.00,0.0,1.82,1.0,<Residue LEU het=  resseq=110 icode= >,3a5u_A_A,2.8
778,4.462,LEU, ,CD2,39.1,1000.00,0.0,1.52,1.0,<Residue LEU het=  resseq=110 icode= >,3a5u_A_A,2.8
779,1.415,ARG, ,N,47.12,1000.00,0.0,2.86,1.0,<Residue ARG het=  resseq=111 icode= >,3a5u_A_A,2.8
780,10.353,ARG, ,CA,49.57,1000.00,0.0,2.74,1.0,<Residue ARG het=  resseq=111 icode= >,3a5u_A_A,2.8
781,0.164,ARG, ,C,52.47,1000.00,0.0,3.07,1.0,<Residue ARG het=  resseq=111 icode= >,3a5u_A_A,2.8
782,23.746,ARG, ,O,53.59,1000.00,0.0,1.64,1.0,<Residue ARG het=  resseq=111 icode= >,3a5u_A_A,2.8
783,7.126,ARG, ,CB,48.5,1000.00,0.0,1.80,1.0,<Residue ARG het=  resseq=111 icode= >,3a5u_A_A,2.8
784,7.94,ARG, ,CG,50.36,1000.00,0.0,1.45,1.0,<Residue ARG het=  resseq=111 icode= >,3a5u_A_A,2.8
785,0.01,ARG, ,CD,54.35,1000.00,0.0,1.15,1.0,<Residue ARG het=  resseq=111 icode= >,3a5u_A_A,2.8
786,6.165,ARG, ,NE,57.67,1000.00,0.0,1.35,1.0,<Residue ARG het=  resseq=111 icode= >,3a5u_A_A,2.8
787,5.74,ARG, ,CZ,59.12,1000.00,0.0,2.41,1.0,<Residue ARG het=  resseq=111 icode= >,3a5u_A_A,2.8
788,39.911,ARG, ,NH1,62.2,1000.00,0.0,0.79,1.0,<Residue ARG het=  resseq=111 icode= >,3a5u_A_A,2.8
789,57.933,ARG, ,NH2,57.81,1000.00,0.0,1.46,1.0,<Residue ARG het=  resseq=111 icode= >,3a5u_A_A,2.8
790,0.795,TYR, ,N,54.68,1000.00,0.0,2.35,1.0,<Residue TYR het=  resseq=112 icode= >,3a5u_A_A,2.8
791,7.085,TYR, ,CA,58.07,1000.00,0.0,2.35,1.0,<Residue TYR het=  resseq=112 icode= >,3a5u_A_A,2.8
792,4.914,TYR, ,C,58.77,1000.00,0.0,3.51,1.0,<Residue TYR het=  resseq=112 icode= >,3a5u_A_A,2.8
793,26.768,TYR, ,O,60.29,1000.00,0.0,2.12,1.0,<Residue TYR het=  resseq=112 icode= >,3a5u_A_A,2.8
794,25.261,TYR, ,CB,58.9,1000.00,0.0,0.44,1.0,<Residue TYR het=  resseq=112 icode= >,3a5u_A_A,2.8
795,1.747,TYR, ,CG,61.26,1000.00,0.0,1.62,1.0,<Residue TYR het=  resseq=112 icode= >,3a5u_A_A,2.8
796,15.63,TYR, ,CD1,64.58,1000.00,0.0,0.97,1.0,<Residue TYR het=  resseq=112 icode= >,3a5u_A_A,2.8
797,15.587,TYR, ,CD2,62.08,1000.00,0.0,1.26,1.0,<Residue TYR het=  resseq=112 icode= >,3a5u_A_A,2.8
798,23.076,TYR, ,CE1,67.05,1000.00,0.0,0.56,1.0,<Residue TYR het=  resseq=112 icode= >,3a5u_A_A,2.8
799,14.054,TYR, ,CE2,64.08,1000.00,6.311,1.11,1.0,<Residue TYR het=  resseq=112 icode= >,3a5u_A_A,2.8
800,5.123,TYR, ,CZ,67.12,1000.00,0.0,1.33,1.0,<Residue TYR het=  resseq=112 icode= >,3a5u_A_A,2.8
801,27.589,TYR, ,OH,71.01,1000.00,0.0,-0.23,1.0,<Residue TYR het=  resseq=112 icode= >,3a5u_A_A,2.8
802,1.764,ALA, ,N,58.59,1000.00,0.0,3.27,1.0,<Residue ALA het=  resseq=113 icode= >,3a5u_A_A,2.8
803,7.548,ALA, ,CA,60.23,1000.00,0.0,3.02,1.0,<Residue ALA het=  resseq=113 icode= >,3a5u_A_A,2.8
804,1.162,ALA, ,C,61.28,1000.00,0.0,3.75,1.0,<Residue ALA het=  resseq=113 icode= >,3a5u_A_A,2.8
805,3.273,ALA, ,O,59.51,1000.00,0.0,1.54,1.0,<Residue ALA het=  resseq=113 icode= >,3a5u_A_A,2.8
806,45.895,ALA, ,CB,59.44,1000.00,0.0,-0.32,1.0,<Residue ALA het=  resseq=113 icode= >,3a5u_A_A,2.8
807,3.241,THR, ,N,64.98,1000.00,0.0,2.75,1.0,<Residue THR het=  resseq=114 icode= >,3a5u_A_A,2.8
808,3.566,THR, ,CA,68.3,1000.00,0.0,2.43,1.0,<Residue THR het=  resseq=114 icode= >,3a5u_A_A,2.8
809,0.42,THR, ,C,69.8,1000.00,0.0,2.60,1.0,<Residue THR het=  resseq=114 icode= >,3a5u_A_A,2.8
810,18.143,THR, ,O,70.11,1000.00,0.0,1.97,1.0,<Residue THR het=  resseq=114 icode= >,3a5u_A_A,2.8
811,14.678,THR, ,CB,70.12,1000.00,0.0,2.10,1.0,<Residue THR het=  resseq=114 icode= >,3a5u_A_A,2.8
812,30.859,THR, ,OG1,70.64,1000.00,0.0,2.23,1.0,<Residue THR het=  resseq=114 icode= >,3a5u_A_A,2.8
813,65.35,THR, ,CG2,70.99,1000.00,0.0,0.49,1.0,<Residue THR het=  resseq=114 icode= >,3a5u_A_A,2.8
814,5.225,ALA, ,N,72.06,1000.00,0.0,1.53,1.0,<Residue ALA het=  resseq=115 icode= >,3a5u_A_A,2.8
815,6.47,ALA, ,CA,73.15,1000.00,0.0,1.42,1.0,<Residue ALA het=  resseq=115 icode= >,3a5u_A_A,2.8
816,3.938,ALA, ,C,75.23,1000.00,0.0,1.88,1.0,<Residue ALA het=  resseq=115 icode= >,3a5u_A_A,2.8
817,19.658,ALA, ,O,76.05,1000.00,0.0,0.90,1.0,<Residue ALA het=  resseq=115 icode= >,3a5u_A_A,2.8
818,22.093,ALA, ,CB,70.57,1000.00,0.0,-0.30,1.0,<Residue ALA het=  resseq=115 icode= >,3a5u_A_A,2.8
819,10.865,LYS, ,N,77.13,1000.00,0.0,1.79,1.0,<Residue LYS het=  resseq=116 icode= >,3a5u_A_A,2.8
820,7.233,LYS, ,CA,79.12,1000.00,0.0,2.12,1.0,<Residue LYS het=  resseq=116 icode= >,3a5u_A_A,2.8
821,0.116,LYS, ,C,78.6,1000.00,0.0,2.91,1.0,<Residue LYS het=  resseq=116 icode= >,3a5u_A_A,2.8
822,16.457,LYS, ,O,77.29,1000.00,0.0,2.00,1.0,<Residue LYS het=  resseq=116 icode= >,3a5u_A_A,2.8
823,57.877,LYS, ,CB,80.99,1000.00,0.0,0.34,1.0,<Residue LYS het=  resseq=116 icode= >,3a5u_A_A,2.8
824,5.054,VAL, ,N,80.08,1000.00,0.0,2.12,1.0,<Residue VAL het=  resseq=117 icode= >,3a5u_A_A,2.8
825,3.857,VAL, ,CA,80.47,1000.00,0.0,2.45,1.0,<Residue VAL het=  resseq=117 icode= >,3a5u_A_A,2.8
826,0.175,VAL, ,C,83.16,1000.00,0.0,2.51,1.0,<Residue VAL het=  resseq=117 icode= >,3a5u_A_A,2.8
827,29.264,VAL, ,O,84.62,1000.00,0.0,1.93,1.0,<Residue VAL het=  resseq=117 icode= >,3a5u_A_A,2.8
828,9.048,VAL, ,CB,80.09,1000.00,0.0,1.44,1.0,<Residue VAL het=  resseq=117 icode= >,3a5u_A_A,2.8
829,55.865,VAL, ,CG1,78.21,1000.00,0.0,0.50,1.0,<Residue VAL het=  resseq=117 icode= >,3a5u_A_A,2.8
830,48.772,VAL, ,CG2,79.02,1000.00,0.0,0.64,1.0,<Residue VAL het=  resseq=117 icode= >,3a5u_A_A,2.8
831,1.26,ASN, ,N,84.44,1000.00,0.0,1.01,1.0,<Residue ASN het=  resseq=118 icode= >,3a5u_A_A,2.8
832,6.44,ASN, ,CA,87.08,1000.00,0.0,1.34,1.0,<Residue ASN het=  resseq=118 icode= >,3a5u_A_A,2.8
833,0.937,ASN, ,C,87.1,1000.00,0.0,2.16,1.0,<Residue ASN het=  resseq=118 icode= >,3a5u_A_A,2.8
834,17.791,ASN, ,O,85.46,1000.00,0.0,1.44,1.0,<Residue ASN het=  resseq=118 icode= >,3a5u_A_A,2.8
835,30.545,ASN, ,CB,88.35,1000.00,0.0,0.30,1.0,<Residue ASN het=  resseq=118 icode= >,3a5u_A_A,2.8
836,5.507,ASN, ,CG,86.67,1000.00,0.0,1.70,1.0,<Residue ASN het=  resseq=118 icode= >,3a5u_A_A,2.8
837,27.543,ASN, ,OD1,84.46,1000.00,0.0,1.50,1.0,<Residue ASN het=  resseq=118 icode= >,3a5u_A_A,2.8
838,29.65,ASN, ,ND2,85.87,1000.00,0.0,0.68,1.0,<Residue ASN het=  resseq=118 icode= >,3a5u_A_A,2.8
839,8.926,LYS, ,N,89.49,1000.00,0.0,2.00,1.0,<Residue LYS het=  resseq=119 icode= >,3a5u_A_A,2.8
840,6.853,LYS, ,CA,90.24,1000.00,0.0,1.55,1.0,<Residue LYS het=  resseq=119 icode= >,3a5u_A_A,2.8
841,36.154,LYS, ,C,90.24,1000.00,0.0,1.78,1.0,<Residue LYS het=  resseq=119 icode= >,3a5u_A_A,2.8
842,28.737,LYS, ,O,90.84,1000.00,0.0,1.02,1.0,<Residue LYS het=  resseq=119 icode= >,3a5u_A_A,2.8
843,24.892,LYS, ,CB,92.02,1000.00,0.0,0.95,1.0,<Residue LYS het=  resseq=119 icode= >,3a5u_A_A,2.8
844,26.633,LYS, ,CG,93.35,1000.00,0.0,0.98,1.0,<Residue LYS het=  resseq=119 icode= >,3a5u_A_A,2.8
845,32.88,LYS, ,CD,98.47,1000.00,0.0,0.15,1.0,<Residue LYS het=  resseq=119 icode= >,3a5u_A_A,2.8
846,46.583,LYS, ,CE,98.84,1000.00,0.0,0.39,1.0,<Residue LYS het=  resseq=119 icode= >,3a5u_A_A,2.8
847,48.373,LYS, ,NZ,100.87,1000.00,0.0,0.77,1.0,<Residue LYS het=  resseq=119 icode= >,3a5u_A_A,2.8
