,ASA,aa,altloc,atom,bfac,d2r,dASA,dens,occ,residue,id,resolu
0,38.744,SER, ,N,47.45,1000.00,0.0,0.94,1.0,<Residue SER het=  resseq=956 icode= >,3aaf_A_A,1.9
1,0.0,SER, ,CA,47.33,1000.00,0.0,1.49,1.0,<Residue SER het=  resseq=956 icode= >,3aaf_A_A,1.9
2,1.779,SER, ,C,46.9,1000.00,0.0,2.28,1.0,<Residue SER het=  resseq=956 icode= >,3aaf_A_A,1.9
3,23.862,SER, ,O,46.77,1000.00,0.0,1.65,1.0,<Residue SER het=  resseq=956 icode= >,3aaf_A_A,1.9
4,30.183,SER, ,CB,47.56,1000.00,0.0,1.84,1.0,<Residue SER het=  resseq=956 icode= >,3aaf_A_A,1.9
5,13.239,SER, ,OG,48.81,1000.00,0.0,1.20,1.0,<Residue SER het=  resseq=956 icode= >,3aaf_A_A,1.9
6,0.0,TRP, ,N,46.45,1000.00,0.0,2.28,1.0,<Residue TRP het=  resseq=957 icode= >,3aaf_A_A,1.9
7,2.549,TRP, ,CA,45.8,1000.00,0.0,2.41,1.0,<Residue TRP het=  resseq=957 icode= >,3aaf_A_A,1.9
8,0.0,TRP, ,C,44.79,1000.00,0.0,2.68,1.0,<Residue TRP het=  resseq=957 icode= >,3aaf_A_A,1.9
9,0.0,TRP, ,O,44.41,1000.00,0.0,2.24,1.0,<Residue TRP het=  resseq=957 icode= >,3aaf_A_A,1.9
10,9.024,TRP, ,CB,46.6,1000.00,0.0,2.11,1.0,<Residue TRP het=  resseq=957 icode= >,3aaf_A_A,1.9
11,1.884,TRP, ,CG,47.48,1000.00,0.0,1.99,1.0,<Residue TRP het=  resseq=957 icode= >,3aaf_A_A,1.9
12,1.289,TRP, ,CD1,48.73,1000.00,0.0,1.05,1.0,<Residue TRP het=  resseq=957 icode= >,3aaf_A_A,1.9
13,2.945,TRP, ,CD2,48.32,1000.00,0.0,1.54,1.0,<Residue TRP het=  resseq=957 icode= >,3aaf_A_A,1.9
14,13.963,TRP, ,NE1,49.29,1000.00,0.0,1.25,1.0,<Residue TRP het=  resseq=957 icode= >,3aaf_A_A,1.9
15,4.752,TRP, ,CE2,48.7,1000.00,0.0,1.67,1.0,<Residue TRP het=  resseq=957 icode= >,3aaf_A_A,1.9
16,21.257,TRP, ,CE3,48.44,1000.00,0.0,0.78,1.0,<Residue TRP het=  resseq=957 icode= >,3aaf_A_A,1.9
17,33.91,TRP, ,CZ2,48.33,1000.00,0.0,1.34,1.0,<Residue TRP het=  resseq=957 icode= >,3aaf_A_A,1.9
18,36.065,TRP, ,CZ3,48.68,1000.00,0.0,0.93,1.0,<Residue TRP het=  resseq=957 icode= >,3aaf_A_A,1.9
19,36.149,TRP, ,CH2,48.46,1000.00,0.0,0.87,1.0,<Residue TRP het=  resseq=957 icode= >,3aaf_A_A,1.9
20,3.548,ASP, ,N,43.67,1000.00,0.0,2.36,1.0,<Residue ASP het=  resseq=958 icode= >,3aaf_A_A,1.9
21,0.0,ASP, ,CA,42.82,1000.00,0.0,3.05,1.0,<Residue ASP het=  resseq=958 icode= >,3aaf_A_A,1.9
22,0.0,ASP, ,C,42.25,1000.00,0.0,3.77,1.0,<Residue ASP het=  resseq=958 icode= >,3aaf_A_A,1.9
23,5.512,ASP, ,O,42.41,1000.00,0.0,2.64,1.0,<Residue ASP het=  resseq=958 icode= >,3aaf_A_A,1.9
24,21.52,ASP, ,CB,42.9,1000.00,0.0,2.04,1.0,<Residue ASP het=  resseq=958 icode= >,3aaf_A_A,1.9
25,0.709,ASP, ,CG,42.45,1000.00,0.0,2.84,1.0,<Residue ASP het=  resseq=958 icode= >,3aaf_A_A,1.9
26,0.0,ASP, ,OD1,40.93,1000.00,0.0,3.05,1.0,<Residue ASP het=  resseq=958 icode= >,3aaf_A_A,1.9
27,25.972,ASP, ,OD2,42.89,1000.00,0.0,1.98,1.0,<Residue ASP het=  resseq=958 icode= >,3aaf_A_A,1.9
28,0.0,PHE, ,N,41.12,1000.00,0.0,3.43,1.0,<Residue PHE het=  resseq=959 icode= >,3aaf_A_A,1.9
29,0.0,PHE, ,CA,40.63,1000.00,0.0,2.94,1.0,<Residue PHE het=  resseq=959 icode= >,3aaf_A_A,1.9
30,0.0,PHE, ,C,40.04,1000.00,0.0,4.02,1.0,<Residue PHE het=  resseq=959 icode= >,3aaf_A_A,1.9
31,0.0,PHE, ,O,39.57,1000.00,0.0,3.36,1.0,<Residue PHE het=  resseq=959 icode= >,3aaf_A_A,1.9
32,0.0,PHE, ,CB,40.89,1000.00,0.0,1.97,1.0,<Residue PHE het=  resseq=959 icode= >,3aaf_A_A,1.9
33,0.0,PHE, ,CG,41.18,1000.00,0.0,2.53,1.0,<Residue PHE het=  resseq=959 icode= >,3aaf_A_A,1.9
34,0.564,PHE, ,CD1,42.49,1000.00,0.0,1.72,1.0,<Residue PHE het=  resseq=959 icode= >,3aaf_A_A,1.9
35,0.0,PHE, ,CD2,41.89,1000.00,0.0,2.02,1.0,<Residue PHE het=  resseq=959 icode= >,3aaf_A_A,1.9
36,12.209,PHE, ,CE1,42.48,1000.00,0.0,1.90,1.0,<Residue PHE het=  resseq=959 icode= >,3aaf_A_A,1.9
37,1.136,PHE, ,CE2,42.88,1000.00,0.0,1.36,1.0,<Residue PHE het=  resseq=959 icode= >,3aaf_A_A,1.9
38,23.925,PHE, ,CZ,42.64,1000.00,0.0,1.80,1.0,<Residue PHE het=  resseq=959 icode= >,3aaf_A_A,1.9
39,0.0,GLY, ,N,39.77,1000.00,0.0,3.88,1.0,<Residue GLY het=  resseq=960 icode= >,3aaf_A_A,1.9
40,0.0,GLY, ,CA,39.54,1000.00,0.0,3.30,1.0,<Residue GLY het=  resseq=960 icode= >,3aaf_A_A,1.9
41,2.056,GLY, ,C,39.72,1000.00,0.0,3.99,1.0,<Residue GLY het=  resseq=960 icode= >,3aaf_A_A,1.9
42,0.7,GLY, ,O,40.49,1000.00,0.0,3.07,1.0,<Residue GLY het=  resseq=960 icode= >,3aaf_A_A,1.9
43,0.495,PRO, ,N,39.74,1000.00,0.0,4.36,1.0,<Residue PRO het=  resseq=961 icode= >,3aaf_A_A,1.9
44,8.538,PRO, ,CA,39.55,1000.00,0.0,3.48,1.0,<Residue PRO het=  resseq=961 icode= >,3aaf_A_A,1.9
45,0.058,PRO, ,C,39.54,1000.00,0.0,4.23,1.0,<Residue PRO het=  resseq=961 icode= >,3aaf_A_A,1.9
46,1.396,PRO, ,O,39.61,1000.00,0.0,3.74,1.0,<Residue PRO het=  resseq=961 icode= >,3aaf_A_A,1.9
47,22.669,PRO, ,CB,39.57,1000.00,0.0,2.72,1.0,<Residue PRO het=  resseq=961 icode= >,3aaf_A_A,1.9
48,42.403,PRO, ,CG,39.61,1000.00,0.0,2.79,1.0,<Residue PRO het=  resseq=961 icode= >,3aaf_A_A,1.9
49,6.511,PRO, ,CD,39.84,1000.00,0.0,3.15,1.0,<Residue PRO het=  resseq=961 icode= >,3aaf_A_A,1.9
50,0.0,GLN, ,N,39.06,18.43,0.0,3.42,1.0,<Residue GLN het=  resseq=962 icode= >,3aaf_A_A,1.9
51,0.0,GLN, ,CA,39.16,17.29,0.0,2.94,1.0,<Residue GLN het=  resseq=962 icode= >,3aaf_A_A,1.9
52,0.0,GLN, ,C,38.73,17.67,0.0,5.12,1.0,<Residue GLN het=  resseq=962 icode= >,3aaf_A_A,1.9
53,0.0,GLN, ,O,38.92,16.97,0.0,4.24,1.0,<Residue GLN het=  resseq=962 icode= >,3aaf_A_A,1.9
54,0.0,GLN, ,CB,39.22,16.70,0.0,2.28,1.0,<Residue GLN het=  resseq=962 icode= >,3aaf_A_A,1.9
55,2.049,GLN, ,CG,40.63,16.16,0.0,2.18,1.0,<Residue GLN het=  resseq=962 icode= >,3aaf_A_A,1.9
56,2.5,GLN, ,CD,43.29,17.25,0.0,3.22,1.0,<Residue GLN het=  resseq=962 icode= >,3aaf_A_A,1.9
57,1.149,GLN, ,OE1,44.11,18.42,0.0,2.57,1.0,<Residue GLN het=  resseq=962 icode= >,3aaf_A_A,1.9
58,37.001,GLN, ,NE2,45.39,16.94,0.0,1.58,1.0,<Residue GLN het=  resseq=962 icode= >,3aaf_A_A,1.9
59,0.0,ALA, ,N,38.35,18.16,0.0,4.19,1.0,<Residue ALA het=  resseq=963 icode= >,3aaf_A_A,1.9
60,0.0,ALA, ,CA,37.93,17.62,0.0,3.85,1.0,<Residue ALA het=  resseq=963 icode= >,3aaf_A_A,1.9
61,0.0,ALA, ,C,38.28,17.97,0.0,4.24,1.0,<Residue ALA het=  resseq=963 icode= >,3aaf_A_A,1.9
62,0.0,ALA, ,O,38.1,17.24,0.0,4.13,1.0,<Residue ALA het=  resseq=963 icode= >,3aaf_A_A,1.9
63,0.0,ALA, ,CB,37.92,18.29,0.0,2.42,1.0,<Residue ALA het=  resseq=963 icode= >,3aaf_A_A,1.9
64,0.0,PHE, ,N,38.14,1000.00,0.0,4.21,1.0,<Residue PHE het=  resseq=964 icode= >,3aaf_A_A,1.9
65,0.0,PHE, ,CA,38.43,1000.00,0.0,4.49,1.0,<Residue PHE het=  resseq=964 icode= >,3aaf_A_A,1.9
66,0.0,PHE, ,C,38.14,1000.00,0.0,5.25,1.0,<Residue PHE het=  resseq=964 icode= >,3aaf_A_A,1.9
67,0.0,PHE, ,O,39.18,1000.00,0.0,4.85,1.0,<Residue PHE het=  resseq=964 icode= >,3aaf_A_A,1.9
68,7.366,PHE, ,CB,38.75,1000.00,0.0,3.32,1.0,<Residue PHE het=  resseq=964 icode= >,3aaf_A_A,1.9
69,1.98,PHE, ,CG,40.01,1000.00,0.0,4.24,1.0,<Residue PHE het=  resseq=964 icode= >,3aaf_A_A,1.9
70,1.574,PHE, ,CD1,40.42,1000.00,0.0,2.90,1.0,<Residue PHE het=  resseq=964 icode= >,3aaf_A_A,1.9
71,11.961,PHE, ,CD2,40.94,1000.00,0.0,3.46,1.0,<Residue PHE het=  resseq=964 icode= >,3aaf_A_A,1.9
72,0.26,PHE, ,CE1,40.73,1000.00,0.0,3.28,1.0,<Residue PHE het=  resseq=964 icode= >,3aaf_A_A,1.9
73,15.266,PHE, ,CE2,40.87,1000.00,0.0,3.19,1.0,<Residue PHE het=  resseq=964 icode= >,3aaf_A_A,1.9
74,17.515,PHE, ,CZ,40.89,1000.00,0.0,2.81,1.0,<Residue PHE het=  resseq=964 icode= >,3aaf_A_A,1.9
75,0.0,LYS, ,N,37.85,18.15,0.0,4.80,1.0,<Residue LYS het=  resseq=965 icode= >,3aaf_A_A,1.9
76,0.0,LYS, ,CA,37.74,17.03,0.0,3.99,1.0,<Residue LYS het=  resseq=965 icode= >,3aaf_A_A,1.9
77,0.0,LYS, ,C,37.43,15.75,0.0,4.60,1.0,<Residue LYS het=  resseq=965 icode= >,3aaf_A_A,1.9
78,0.0,LYS, ,O,36.66,15.02,0.0,4.92,1.0,<Residue LYS het=  resseq=965 icode= >,3aaf_A_A,1.9
79,0.0,LYS, ,CB,37.63,15.80,0.0,3.27,1.0,<Residue LYS het=  resseq=965 icode= >,3aaf_A_A,1.9
80,1.19,LYS, ,CG,38.16,16.01,0.0,2.71,1.0,<Residue LYS het=  resseq=965 icode= >,3aaf_A_A,1.9
81,0.728,LYS, ,CD,38.75,15.02,0.0,2.13,1.0,<Residue LYS het=  resseq=965 icode= >,3aaf_A_A,1.9
82,23.302,LYS, ,CE,40.94,15.58,0.0,1.38,1.0,<Residue LYS het=  resseq=965 icode= >,3aaf_A_A,1.9
83,25.493,LYS, ,NZ,44.17,14.79,0.0,0.51,1.0,<Residue LYS het=  resseq=965 icode= >,3aaf_A_A,1.9
84,0.0,LEU, ,N,37.36,15.42,0.0,4.45,1.0,<Residue LEU het=  resseq=966 icode= >,3aaf_A_A,1.9
85,0.0,LEU, ,CA,37.97,14.06,0.0,3.17,1.0,<Residue LEU het=  resseq=966 icode= >,3aaf_A_A,1.9
86,0.0,LEU, ,C,38.24,13.76,0.0,4.06,1.0,<Residue LEU het=  resseq=966 icode= >,3aaf_A_A,1.9
87,0.0,LEU, ,O,38.49,12.70,0.0,5.27,1.0,<Residue LEU het=  resseq=966 icode= >,3aaf_A_A,1.9
88,0.0,LEU, ,CB,37.89,13.50,0.0,2.57,1.0,<Residue LEU het=  resseq=966 icode= >,3aaf_A_A,1.9
89,0.0,LEU, ,CG,38.84,12.01,0.0,3.94,1.0,<Residue LEU het=  resseq=966 icode= >,3aaf_A_A,1.9
90,0.0,LEU, ,CD1,39.8,11.25,0.0,2.59,1.0,<Residue LEU het=  resseq=966 icode= >,3aaf_A_A,1.9
91,0.0,LEU, ,CD2,38.13,11.55,0.0,2.23,1.0,<Residue LEU het=  resseq=966 icode= >,3aaf_A_A,1.9
92,0.0,LEU, ,N,38.11,14.78,0.0,4.42,1.0,<Residue LEU het=  resseq=967 icode= >,3aaf_A_A,1.9
93,0.0,LEU, ,CA,38.74,14.77,0.0,3.49,1.0,<Residue LEU het=  resseq=967 icode= >,3aaf_A_A,1.9
94,0.0,LEU, ,C,38.92,14.81,0.0,4.95,1.0,<Residue LEU het=  resseq=967 icode= >,3aaf_A_A,1.9
95,0.0,LEU, ,O,39.16,14.28,0.0,4.69,1.0,<Residue LEU het=  resseq=967 icode= >,3aaf_A_A,1.9
96,0.0,LEU, ,CB,38.95,16.01,0.0,4.07,1.0,<Residue LEU het=  resseq=967 icode= >,3aaf_A_A,1.9
97,0.0,LEU, ,CG,40.89,16.01,0.0,3.07,1.0,<Residue LEU het=  resseq=967 icode= >,3aaf_A_A,1.9
98,0.0,LEU, ,CD1,41.34,17.16,0.0,2.00,1.0,<Residue LEU het=  resseq=967 icode= >,3aaf_A_A,1.9
99,0.0,LEU, ,CD2,41.72,14.69,0.0,2.14,1.0,<Residue LEU het=  resseq=967 icode= >,3aaf_A_A,1.9
100,0.0,SER, ,N,38.91,15.56,0.0,4.32,1.0,<Residue SER het=  resseq=968 icode= >,3aaf_A_A,1.9
101,1.286,SER, ,CA,38.88,15.75,0.0,4.30,1.0,<Residue SER het=  resseq=968 icode= >,3aaf_A_A,1.9
102,0.0,SER, ,C,39.04,14.48,0.0,5.07,1.0,<Residue SER het=  resseq=968 icode= >,3aaf_A_A,1.9
103,0.094,SER, ,O,38.72,14.29,0.0,4.91,1.0,<Residue SER het=  resseq=968 icode= >,3aaf_A_A,1.9
104,4.656,SER, ,CB,39.49,16.82,0.0,3.63,1.0,<Residue SER het=  resseq=968 icode= >,3aaf_A_A,1.9
105,1.726,SER, ,OG,39.27,18.09,0.0,4.63,1.0,<Residue SER het=  resseq=968 icode= >,3aaf_A_A,1.9
106,0.0,ALA, ,N,39.0,13.71,0.0,4.32,1.0,<Residue ALA het=  resseq=969 icode= >,3aaf_A_A,1.9
107,0.0,ALA, ,CA,39.37,12.54,0.0,3.75,1.0,<Residue ALA het=  resseq=969 icode= >,3aaf_A_A,1.9
108,0.0,ALA, ,C,39.16,11.47,0.0,5.05,1.0,<Residue ALA het=  resseq=969 icode= >,3aaf_A_A,1.9
109,0.0,ALA, ,O,39.34,10.98,0.0,4.68,1.0,<Residue ALA het=  resseq=969 icode= >,3aaf_A_A,1.9
110,0.0,ALA, ,CB,39.25,12.10,0.0,2.68,1.0,<Residue ALA het=  resseq=969 icode= >,3aaf_A_A,1.9
111,0.0,VAL, ,N,39.31,11.27,0.0,4.57,1.0,<Residue VAL het=  resseq=970 icode= >,3aaf_A_A,1.9
112,0.639,VAL, ,CA,39.58,10.55,0.0,3.91,1.0,<Residue VAL het=  resseq=970 icode= >,3aaf_A_A,1.9
113,0.0,VAL, ,C,40.45,11.20,0.0,4.68,1.0,<Residue VAL het=  resseq=970 icode= >,3aaf_A_A,1.9
114,0.142,VAL, ,O,40.91,10.62,0.0,4.47,1.0,<Residue VAL het=  resseq=970 icode= >,3aaf_A_A,1.9
115,0.0,VAL, ,CB,39.33,10.81,0.0,3.84,1.0,<Residue VAL het=  resseq=970 icode= >,3aaf_A_A,1.9
116,0.311,VAL, ,CG1,39.16,10.63,0.0,2.82,1.0,<Residue VAL het=  resseq=970 icode= >,3aaf_A_A,1.9
117,0.0,VAL, ,CG2,39.68,10.14,0.0,2.69,1.0,<Residue VAL het=  resseq=970 icode= >,3aaf_A_A,1.9
118,0.0,ASP, ,N,40.65,12.53,0.0,4.60,1.0,<Residue ASP het=  resseq=971 icode= >,3aaf_A_A,1.9
119,0.395,ASP, ,CA,40.85,13.39,0.0,3.66,1.0,<Residue ASP het=  resseq=971 icode= >,3aaf_A_A,1.9
120,0.0,ASP, ,C,40.06,13.34,0.0,5.11,1.0,<Residue ASP het=  resseq=971 icode= >,3aaf_A_A,1.9
121,8.767,ASP, ,O,39.51,12.93,0.0,4.98,1.0,<Residue ASP het=  resseq=971 icode= >,3aaf_A_A,1.9
122,0.391,ASP, ,CB,41.5,14.85,0.0,2.04,1.0,<Residue ASP het=  resseq=971 icode= >,3aaf_A_A,1.9
123,4.149,ASP, ,CG,45.47,15.76,0.0,3.34,1.0,<Residue ASP het=  resseq=971 icode= >,3aaf_A_A,1.9
124,11.467,ASP, ,OD1,47.98,15.68,0.0,3.17,1.0,<Residue ASP het=  resseq=971 icode= >,3aaf_A_A,1.9
125,29.37,ASP, ,OD2,49.27,16.22,0.0,2.36,1.0,<Residue ASP het=  resseq=971 icode= >,3aaf_A_A,1.9
126,0.0,ILE, ,N,38.61,13.39,0.0,5.09,1.0,<Residue ILE het=  resseq=972 icode= >,3aaf_A_A,1.9
127,5.656,ILE, ,CA,38.98,13.65,0.0,4.42,1.0,<Residue ILE het=  resseq=972 icode= >,3aaf_A_A,1.9
128,0.0,ILE, ,C,38.45,12.50,0.0,5.35,1.0,<Residue ILE het=  resseq=972 icode= >,3aaf_A_A,1.9
129,14.357,ILE, ,O,38.19,12.32,0.0,4.58,1.0,<Residue ILE het=  resseq=972 icode= >,3aaf_A_A,1.9
130,0.0,ILE, ,CB,38.87,13.97,0.0,3.44,1.0,<Residue ILE het=  resseq=972 icode= >,3aaf_A_A,1.9
131,12.308,ILE, ,CG1,38.31,15.34,0.0,3.18,1.0,<Residue ILE het=  resseq=972 icode= >,3aaf_A_A,1.9
132,7.232,ILE, ,CG2,40.22,14.13,0.0,2.10,1.0,<Residue ILE het=  resseq=972 icode= >,3aaf_A_A,1.9
133,1.767,ILE, ,CD1,37.4,15.65,0.0,2.29,1.0,<Residue ILE het=  resseq=972 icode= >,3aaf_A_A,1.9
134,0.0,LEU, ,N,38.36,11.31,0.0,3.74,1.0,<Residue LEU het=  resseq=973 icode= >,3aaf_A_A,1.9
135,0.0,LEU, ,CA,38.85,10.26,0.0,3.85,1.0,<Residue LEU het=  resseq=973 icode= >,3aaf_A_A,1.9
136,1.084,LEU, ,C,38.83,9.32,0.0,4.55,1.0,<Residue LEU het=  resseq=973 icode= >,3aaf_A_A,1.9
137,3.277,LEU, ,O,38.83,8.11,0.0,4.60,1.0,<Residue LEU het=  resseq=973 icode= >,3aaf_A_A,1.9
138,1.635,LEU, ,CB,39.39,9.02,0.0,3.14,1.0,<Residue LEU het=  resseq=973 icode= >,3aaf_A_A,1.9
139,0.0,LEU, ,CG,40.94,9.42,0.0,3.63,1.0,<Residue LEU het=  resseq=973 icode= >,3aaf_A_A,1.9
140,0.0,LEU, ,CD1,42.04,8.57,0.0,2.30,1.0,<Residue LEU het=  resseq=973 icode= >,3aaf_A_A,1.9
141,0.638,LEU, ,CD2,43.98,9.67,0.0,1.61,1.0,<Residue LEU het=  resseq=973 icode= >,3aaf_A_A,1.9
142,0.0,GLY, ,N,38.38,10.03,0.0,4.48,1.0,<Residue GLY het=  resseq=974 icode= >,3aaf_A_A,1.9
143,28.066,GLY, ,CA,39.4,9.64,0.0,3.76,1.0,<Residue GLY het=  resseq=974 icode= >,3aaf_A_A,1.9
144,1.126,GLY, ,C,40.24,8.88,0.0,5.56,1.0,<Residue GLY het=  resseq=974 icode= >,3aaf_A_A,1.9
145,15.354,GLY, ,O,39.94,8.41,0.0,4.95,1.0,<Residue GLY het=  resseq=974 icode= >,3aaf_A_A,1.9
146,0.013,GLU, ,N,41.26,9.01,0.0,4.51,1.0,<Residue GLU het=  resseq=975 icode= >,3aaf_A_A,1.9
147,2.378,GLU, ,CA,42.93,8.68,0.0,3.60,1.0,<Residue GLU het=  resseq=975 icode= >,3aaf_A_A,1.9
148,0.0,GLU, ,C,42.88,7.22,0.0,4.74,1.0,<Residue GLU het=  resseq=975 icode= >,3aaf_A_A,1.9
149,0.504,GLU, ,O,42.72,7.06,0.0,4.87,1.0,<Residue GLU het=  resseq=975 icode= >,3aaf_A_A,1.9
150,2.058,GLU, ,CB,42.71,9.67,0.0,3.18,1.0,<Residue GLU het=  resseq=975 icode= >,3aaf_A_A,1.9
151,1.689,GLU, ,CG,44.7,11.13,0.0,2.62,1.0,<Residue GLU het=  resseq=975 icode= >,3aaf_A_A,1.9
152,0.669,GLU, ,CD,45.75,12.15,0.0,3.79,1.0,<Residue GLU het=  resseq=975 icode= >,3aaf_A_A,1.9
153,0.899,GLU, ,OE1,48.76,13.30,0.0,3.15,1.0,<Residue GLU het=  resseq=975 icode= >,3aaf_A_A,1.9
154,27.778,GLU, ,OE2,52.06,11.91,0.0,1.58,1.0,<Residue GLU het=  resseq=975 icode= >,3aaf_A_A,1.9
155,0.183,LYS, ,N,42.37,6.36,0.0,4.68,1.0,<Residue LYS het=  resseq=976 icode= >,3aaf_A_A,1.9
156,0.0,LYS, ,CA,42.48,4.93,0.0,3.79,1.0,<Residue LYS het=  resseq=976 icode= >,3aaf_A_A,1.9
157,0.0,LYS, ,C,41.74,4.36,0.0,4.75,1.0,<Residue LYS het=  resseq=976 icode= >,3aaf_A_A,1.9
158,7.255,LYS, ,O,41.98,3.20,7.255,4.17,1.0,<Residue LYS het=  resseq=976 icode= >,3aaf_A_A,1.9
159,1.225,LYS, ,CB,43.03,4.67,0.15,3.28,1.0,<Residue LYS het=  resseq=976 icode= >,3aaf_A_A,1.9
160,14.819,LYS, ,CG,45.32,5.35,0.0,2.19,1.0,<Residue LYS het=  resseq=976 icode= >,3aaf_A_A,1.9
161,21.805,LYS, ,CD,49.26,4.73,0.0,0.72,1.0,<Residue LYS het=  resseq=976 icode= >,3aaf_A_A,1.9
162,35.156,LYS, ,CE,50.42,3.77,7.39,1.16,1.0,<Residue LYS het=  resseq=976 icode= >,3aaf_A_A,1.9
163,31.107,LYS, ,NZ,51.82,3.18,9.053,1.27,1.0,<Residue LYS het=  resseq=976 icode= >,3aaf_A_A,1.9
164,1.219,PHE, ,N,40.56,4.96,0.0,4.46,1.0,<Residue PHE het=  resseq=977 icode= >,3aaf_A_A,1.9
165,2.541,PHE, ,CA,39.98,3.79,2.541,4.15,1.0,<Residue PHE het=  resseq=977 icode= >,3aaf_A_A,1.9
166,0.0,PHE, ,C,38.97,3.71,0.0,4.94,1.0,<Residue PHE het=  resseq=977 icode= >,3aaf_A_A,1.9
167,1.607,PHE, ,O,38.22,4.87,0.0,5.21,1.0,<Residue PHE het=  resseq=977 icode= >,3aaf_A_A,1.9
168,2.372,PHE, ,CB,40.05,3.51,1.224,3.74,1.0,<Residue PHE het=  resseq=977 icode= >,3aaf_A_A,1.9
169,0.0,PHE, ,CG,41.16,4.31,0.0,4.12,1.0,<Residue PHE het=  resseq=977 icode= >,3aaf_A_A,1.9
170,12.345,PHE, ,CD1,43.04,3.54,12.345,3.02,1.0,<Residue PHE het=  resseq=977 icode= >,3aaf_A_A,1.9
171,0.0,PHE, ,CD2,42.12,5.66,0.0,2.99,1.0,<Residue PHE het=  resseq=977 icode= >,3aaf_A_A,1.9
172,27.023,PHE, ,CE1,44.12,3.61,14.329,2.81,1.0,<Residue PHE het=  resseq=977 icode= >,3aaf_A_A,1.9
173,7.606,PHE, ,CE2,42.95,5.71,0.0,2.57,1.0,<Residue PHE het=  resseq=977 icode= >,3aaf_A_A,1.9
174,24.751,PHE, ,CZ,42.31,4.81,0.963,2.89,1.0,<Residue PHE het=  resseq=977 icode= >,3aaf_A_A,1.9
175,8.984,GLY, ,N,39.1,2.72,8.984,4.25,1.0,<Residue GLY het=  resseq=978 icode= >,3aaf_A_A,1.9
176,17.512,GLY, ,CA,39.01,3.40,14.972,3.68,1.0,<Residue GLY het=  resseq=978 icode= >,3aaf_A_A,1.9
177,0.159,GLY, ,C,39.63,3.95,0.159,4.83,1.0,<Residue GLY het=  resseq=978 icode= >,3aaf_A_A,1.9
178,0.0,GLY, ,O,40.2,4.03,0.0,4.90,1.0,<Residue GLY het=  resseq=978 icode= >,3aaf_A_A,1.9
179,4.088,ILE, ,N,39.33,4.86,2.561,4.62,1.0,<Residue ILE het=  resseq=979 icode= >,3aaf_A_A,1.9
180,0.0,ILE, ,CA,39.35,5.81,0.0,3.40,1.0,<Residue ILE het=  resseq=979 icode= >,3aaf_A_A,1.9
181,0.0,ILE, ,C,39.21,5.80,0.0,4.95,1.0,<Residue ILE het=  resseq=979 icode= >,3aaf_A_A,1.9
182,0.0,ILE, ,O,39.27,6.78,0.0,3.90,1.0,<Residue ILE het=  resseq=979 icode= >,3aaf_A_A,1.9
183,2.137,ILE, ,CB,39.25,5.74,0.0,3.65,1.0,<Residue ILE het=  resseq=979 icode= >,3aaf_A_A,1.9
184,0.0,ILE, ,CG1,38.0,7.20,0.0,3.03,1.0,<Residue ILE het=  resseq=979 icode= >,3aaf_A_A,1.9
185,22.751,ILE, ,CG2,39.79,4.86,8.787,2.28,1.0,<Residue ILE het=  resseq=979 icode= >,3aaf_A_A,1.9
186,0.0,ILE, ,CD1,37.15,8.22,0.0,2.21,1.0,<Residue ILE het=  resseq=979 icode= >,3aaf_A_A,1.9
187,5.053,GLY, ,N,38.81,4.89,4.826,4.57,1.0,<Residue GLY het=  resseq=980 icode= >,3aaf_A_A,1.9
188,14.329,GLY, ,CA,38.76,5.29,4.723,4.20,1.0,<Residue GLY het=  resseq=980 icode= >,3aaf_A_A,1.9
189,0.0,GLY, ,C,38.79,5.60,0.0,4.77,1.0,<Residue GLY het=  resseq=980 icode= >,3aaf_A_A,1.9
190,0.639,GLY, ,O,38.41,6.75,0.0,3.79,1.0,<Residue GLY het=  resseq=980 icode= >,3aaf_A_A,1.9
191,0.346,LEU, ,N,38.94,4.88,0.346,4.03,1.0,<Residue LEU het=  resseq=981 icode= >,3aaf_A_A,1.9
192,0.0,LEU, ,CA,39.19,5.70,0.0,4.20,1.0,<Residue LEU het=  resseq=981 icode= >,3aaf_A_A,1.9
193,0.0,LEU, ,C,38.37,6.96,0.0,4.49,1.0,<Residue LEU het=  resseq=981 icode= >,3aaf_A_A,1.9
194,0.0,LEU, ,O,38.02,8.05,0.0,3.84,1.0,<Residue LEU het=  resseq=981 icode= >,3aaf_A_A,1.9
195,0.0,LEU, ,CB,40.33,5.21,0.0,2.36,1.0,<Residue LEU het=  resseq=981 icode= >,3aaf_A_A,1.9
196,0.0,LEU, ,CG,43.6,5.45,0.0,2.43,1.0,<Residue LEU het=  resseq=981 icode= >,3aaf_A_A,1.9
197,3.128,LEU, ,CD1,46.37,4.57,0.526,0.34,1.0,<Residue LEU het=  resseq=981 icode= >,3aaf_A_A,1.9
198,1.042,LEU, ,CD2,45.22,6.87,0.0,2.27,1.0,<Residue LEU het=  resseq=981 icode= >,3aaf_A_A,1.9
199,0.0,PRO, ,N,37.6,7.03,0.0,4.87,1.0,<Residue PRO het=  resseq=982 icode= >,3aaf_A_A,1.9
200,0.0,PRO, ,CA,37.38,8.43,0.0,3.49,1.0,<Residue PRO het=  resseq=982 icode= >,3aaf_A_A,1.9
201,0.0,PRO, ,C,36.96,9.27,0.0,4.23,1.0,<Residue PRO het=  resseq=982 icode= >,3aaf_A_A,1.9
202,0.0,PRO, ,O,37.16,10.43,0.0,4.25,1.0,<Residue PRO het=  resseq=982 icode= >,3aaf_A_A,1.9
203,0.0,PRO, ,CB,37.48,8.48,0.0,3.39,1.0,<Residue PRO het=  resseq=982 icode= >,3aaf_A_A,1.9
204,3.88,PRO, ,CG,37.35,7.42,0.0,3.20,1.0,<Residue PRO het=  resseq=982 icode= >,3aaf_A_A,1.9
205,0.006,PRO, ,CD,38.27,6.21,0.0,2.99,1.0,<Residue PRO het=  resseq=982 icode= >,3aaf_A_A,1.9
206,0.0,ILE, ,N,36.61,8.87,0.0,4.12,1.0,<Residue ILE het=  resseq=983 icode= >,3aaf_A_A,1.9
207,0.0,ILE, ,CA,37.0,9.63,0.0,3.49,1.0,<Residue ILE het=  resseq=983 icode= >,3aaf_A_A,1.9
208,0.0,ILE, ,C,36.89,8.24,0.0,3.98,1.0,<Residue ILE het=  resseq=983 icode= >,3aaf_A_A,1.9
209,0.0,ILE, ,O,37.51,8.04,0.0,3.14,1.0,<Residue ILE het=  resseq=983 icode= >,3aaf_A_A,1.9
210,0.661,ILE, ,CB,37.13,9.55,0.0,3.60,1.0,<Residue ILE het=  resseq=983 icode= >,3aaf_A_A,1.9
211,0.0,ILE, ,CG1,37.45,9.30,0.0,3.10,1.0,<Residue ILE het=  resseq=983 icode= >,3aaf_A_A,1.9
212,0.033,ILE, ,CG2,37.76,8.20,0.0,1.54,1.0,<Residue ILE het=  resseq=983 icode= >,3aaf_A_A,1.9
213,0.0,ILE, ,CD1,37.39,8.23,0.0,2.76,1.0,<Residue ILE het=  resseq=983 icode= >,3aaf_A_A,1.9
214,0.0,LEU, ,N,36.29,7.47,0.0,4.18,1.0,<Residue LEU het=  resseq=984 icode= >,3aaf_A_A,1.9
215,0.148,LEU, ,CA,36.14,6.24,0.0,3.51,1.0,<Residue LEU het=  resseq=984 icode= >,3aaf_A_A,1.9
216,0.0,LEU, ,C,35.98,6.71,0.0,3.47,1.0,<Residue LEU het=  resseq=984 icode= >,3aaf_A_A,1.9
217,0.0,LEU, ,O,35.69,6.25,0.0,3.52,1.0,<Residue LEU het=  resseq=984 icode= >,3aaf_A_A,1.9
218,0.0,LEU, ,CB,36.38,5.93,0.0,2.74,1.0,<Residue LEU het=  resseq=984 icode= >,3aaf_A_A,1.9
219,2.137,LEU, ,CG,36.42,5.51,0.0,2.72,1.0,<Residue LEU het=  resseq=984 icode= >,3aaf_A_A,1.9
220,2.415,LEU, ,CD1,37.34,5.96,0.0,1.70,1.0,<Residue LEU het=  resseq=984 icode= >,3aaf_A_A,1.9
221,25.836,LEU, ,CD2,37.5,4.14,6.216,1.46,1.0,<Residue LEU het=  resseq=984 icode= >,3aaf_A_A,1.9
222,0.0,PHE, ,N,35.69,7.92,0.0,3.60,1.0,<Residue PHE het=  resseq=985 icode= >,3aaf_A_A,1.9
223,0.0,PHE, ,CA,35.79,8.84,0.0,2.74,1.0,<Residue PHE het=  resseq=985 icode= >,3aaf_A_A,1.9
224,0.0,PHE, ,C,35.39,9.22,0.0,5.47,1.0,<Residue PHE het=  resseq=985 icode= >,3aaf_A_A,1.9
225,0.0,PHE, ,O,35.37,9.33,0.0,4.47,1.0,<Residue PHE het=  resseq=985 icode= >,3aaf_A_A,1.9
226,0.0,PHE, ,CB,35.38,10.17,0.0,2.46,1.0,<Residue PHE het=  resseq=985 icode= >,3aaf_A_A,1.9
227,0.0,PHE, ,CG,36.07,11.34,0.0,3.85,1.0,<Residue PHE het=  resseq=985 icode= >,3aaf_A_A,1.9
228,0.0,PHE, ,CD1,34.43,11.66,0.0,3.91,1.0,<Residue PHE het=  resseq=985 icode= >,3aaf_A_A,1.9
229,0.0,PHE, ,CD2,36.33,12.30,0.0,3.34,1.0,<Residue PHE het=  resseq=985 icode= >,3aaf_A_A,1.9
230,0.0,PHE, ,CE1,34.64,12.86,0.0,3.33,1.0,<Residue PHE het=  resseq=985 icode= >,3aaf_A_A,1.9
231,0.0,PHE, ,CE2,35.64,13.46,0.0,3.32,1.0,<Residue PHE het=  resseq=985 icode= >,3aaf_A_A,1.9
232,0.0,PHE, ,CZ,35.5,13.71,0.0,3.42,1.0,<Residue PHE het=  resseq=985 icode= >,3aaf_A_A,1.9
233,0.0,LEU, ,N,35.43,9.69,0.0,4.72,1.0,<Residue LEU het=  resseq=986 icode= >,3aaf_A_A,1.9
234,0.0,LEU, ,CA,35.87,10.40,0.0,3.73,1.0,<Residue LEU het=  resseq=986 icode= >,3aaf_A_A,1.9
235,0.0,LEU, ,C,36.1,9.38,0.0,3.05,1.0,<Residue LEU het=  resseq=986 icode= >,3aaf_A_A,1.9
236,0.0,LEU, ,O,36.57,9.45,0.0,2.72,1.0,<Residue LEU het=  resseq=986 icode= >,3aaf_A_A,1.9
237,0.0,LEU, ,CB,35.8,11.13,0.0,3.26,1.0,<Residue LEU het=  resseq=986 icode= >,3aaf_A_A,1.9
238,0.0,LEU, ,CG,36.5,12.50,0.0,3.56,1.0,<Residue LEU het=  resseq=986 icode= >,3aaf_A_A,1.9
239,0.0,LEU, ,CD1,36.93,13.03,0.0,2.90,1.0,<Residue LEU het=  resseq=986 icode= >,3aaf_A_A,1.9
240,0.0,LEU, ,CD2,35.09,13.45,0.0,2.59,1.0,<Residue LEU het=  resseq=986 icode= >,3aaf_A_A,1.9
241,0.0,ARG, ,N,36.47,8.30,0.0,3.02,1.0,<Residue ARG het=  resseq=987 icode= >,3aaf_A_A,1.9
242,0.0,ARG, ,CA,36.85,6.96,0.0,2.79,1.0,<Residue ARG het=  resseq=987 icode= >,3aaf_A_A,1.9
243,0.0,ARG, ,C,36.85,6.75,0.0,4.13,1.0,<Residue ARG het=  resseq=987 icode= >,3aaf_A_A,1.9
244,9.57,ARG, ,O,37.18,5.83,0.0,2.12,1.0,<Residue ARG het=  resseq=987 icode= >,3aaf_A_A,1.9
245,2.445,ARG, ,CB,37.15,5.99,0.0,2.59,1.0,<Residue ARG het=  resseq=987 icode= >,3aaf_A_A,1.9
246,0.0,ARG, ,CG,38.03,6.67,0.0,2.20,1.0,<Residue ARG het=  resseq=987 icode= >,3aaf_A_A,1.9
247,0.361,ARG, ,CD,39.49,5.66,0.0,1.42,1.0,<Residue ARG het=  resseq=987 icode= >,3aaf_A_A,1.9
248,0.0,ARG, ,NE,38.45,4.91,0.0,2.08,1.0,<Residue ARG het=  resseq=987 icode= >,3aaf_A_A,1.9
249,0.456,ARG, ,CZ,40.77,3.67,0.219,1.89,1.0,<Residue ARG het=  resseq=987 icode= >,3aaf_A_A,1.9
250,30.392,ARG, ,NH1,40.33,3.00,20.073,1.45,1.0,<Residue ARG het=  resseq=987 icode= >,3aaf_A_A,1.9
251,38.812,ARG, ,NH2,40.54,3.14,18.949,1.35,1.0,<Residue ARG het=  resseq=987 icode= >,3aaf_A_A,1.9
252,0.0,GLY, ,N,36.65,7.29,0.0,4.12,1.0,<Residue GLY het=  resseq=988 icode= >,3aaf_A_A,1.9
253,0.012,GLY, ,CA,36.5,7.15,0.0,2.79,1.0,<Residue GLY het=  resseq=988 icode= >,3aaf_A_A,1.9
254,0.581,GLY, ,C,36.59,5.66,0.0,2.95,1.0,<Residue GLY het=  resseq=988 icode= >,3aaf_A_A,1.9
255,15.736,GLY, ,O,35.81,5.19,0.0,2.49,1.0,<Residue GLY het=  resseq=988 icode= >,3aaf_A_A,1.9
256,0.0,SER, ,N,36.63,5.07,0.0,2.75,1.0,<Residue SER het=  resseq=989 icode= >,3aaf_A_A,1.9
257,9.603,SER, ,CA,37.41,3.83,4.764,2.89,1.0,<Residue SER het=  resseq=989 icode= >,3aaf_A_A,1.9
258,0.0,SER, ,C,38.29,3.73,0.0,4.25,1.0,<Residue SER het=  resseq=989 icode= >,3aaf_A_A,1.9
259,0.0,SER, ,O,38.32,4.87,0.0,3.38,1.0,<Residue SER het=  resseq=989 icode= >,3aaf_A_A,1.9
260,5.242,SER, ,CB,36.88,3.36,3.315,2.28,1.0,<Residue SER het=  resseq=989 icode= >,3aaf_A_A,1.9
261,6.876,SER, ,OG,36.66,2.54,6.876,2.91,1.0,<Residue SER het=  resseq=989 icode= >,3aaf_A_A,1.9
262,6.238,ASN, ,N,39.23,2.69,6.064,3.95,1.0,<Residue ASN het=  resseq=990 icode= >,3aaf_A_A,1.9
263,0.295,ASN, ,CA,40.72,3.34,0.014,3.32,1.0,<Residue ASN het=  resseq=990 icode= >,3aaf_A_A,1.9
264,2.384,ASN, ,C,41.53,3.76,2.384,4.40,1.0,<Residue ASN het=  resseq=990 icode= >,3aaf_A_A,1.9
265,21.109,ASN, ,O,41.65,4.62,4.279,3.26,1.0,<Residue ASN het=  resseq=990 icode= >,3aaf_A_A,1.9
266,28.118,ASN, ,CB,41.14,3.29,10.675,1.49,1.0,<Residue ASN het=  resseq=990 icode= >,3aaf_A_A,1.9
267,5.578,ASN, ,CG,42.43,4.19,0.0,1.54,1.0,<Residue ASN het=  resseq=990 icode= >,3aaf_A_A,1.9
268,23.457,ASN, ,OD1,45.99,5.21,0.0,0.91,1.0,<Residue ASN het=  resseq=990 icode= >,3aaf_A_A,1.9
269,55.051,ASN, ,ND2,44.0,4.25,2.387,0.62,1.0,<Residue ASN het=  resseq=990 icode= >,3aaf_A_A,1.9
270,1.523,SER, ,N,42.47,3.77,1.523,2.91,1.0,<Residue SER het=  resseq=991 icode= >,3aaf_A_A,1.9
271,11.065,SER, ,CA,43.94,3.50,11.065,2.88,1.0,<Residue SER het=  resseq=991 icode= >,3aaf_A_A,1.9
272,0.046,SER, ,C,44.72,3.58,0.0,3.07,1.0,<Residue SER het=  resseq=991 icode= >,3aaf_A_A,1.9
273,0.67,SER, ,O,44.99,4.79,0.0,2.04,1.0,<Residue SER het=  resseq=991 icode= >,3aaf_A_A,1.9
274,10.107,SER, ,CB,43.9,4.02,6.886,2.69,1.0,<Residue SER het=  resseq=991 icode= >,3aaf_A_A,1.9
275,6.062,SER, ,OG,45.49,3.56,3.283,2.32,1.0,<Residue SER het=  resseq=991 icode= >,3aaf_A_A,1.9
276,5.814,GLN, ,N,45.28,2.71,5.666,2.88,1.0,<Residue GLN het=  resseq=992 icode= >,3aaf_A_A,1.9
277,12.515,GLN, ,CA,46.41,3.57,0.06,2.15,1.0,<Residue GLN het=  resseq=992 icode= >,3aaf_A_A,1.9
278,0.0,GLN, ,C,46.42,4.57,0.0,3.80,1.0,<Residue GLN het=  resseq=992 icode= >,3aaf_A_A,1.9
279,23.081,GLN, ,O,47.08,5.72,0.0,2.53,1.0,<Residue GLN het=  resseq=992 icode= >,3aaf_A_A,1.9
280,27.354,GLN, ,CB,46.36,3.31,8.26,1.14,1.0,<Residue GLN het=  resseq=992 icode= >,3aaf_A_A,1.9
281,11.145,GLN, ,CG,46.65,3.16,6.505,0.81,1.0,<Residue GLN het=  resseq=992 icode= >,3aaf_A_A,1.9
282,10.635,GLN, ,CD,47.59,3.62,5.479,1.21,1.0,<Residue GLN het=  resseq=992 icode= >,3aaf_A_A,1.9
283,34.765,GLN, ,OE1,49.54,3.39,15.834,1.11,1.0,<Residue GLN het=  resseq=992 icode= >,3aaf_A_A,1.9
284,54.344,GLN, ,NE2,48.75,3.02,28.985,1.42,1.0,<Residue GLN het=  resseq=992 icode= >,3aaf_A_A,1.9
285,0.0,ARG, ,N,46.63,4.46,0.0,2.72,1.0,<Residue ARG het=  resseq=993 icode= >,3aaf_A_A,1.9
286,8.912,ARG, ,CA,46.59,5.74,0.0,2.83,1.0,<Residue ARG het=  resseq=993 icode= >,3aaf_A_A,1.9
287,0.117,ARG, ,C,46.33,6.85,0.0,3.13,1.0,<Residue ARG het=  resseq=993 icode= >,3aaf_A_A,1.9
288,14.426,ARG, ,O,46.24,7.91,0.0,2.82,1.0,<Residue ARG het=  resseq=993 icode= >,3aaf_A_A,1.9
289,1.045,ARG, ,CB,46.52,5.88,0.0,3.07,1.0,<Residue ARG het=  resseq=993 icode= >,3aaf_A_A,1.9
290,15.683,ARG, ,CG,47.1,5.54,0.0,2.42,1.0,<Residue ARG het=  resseq=993 icode= >,3aaf_A_A,1.9
291,24.323,ARG, ,CD,47.65,5.57,9.122,2.11,1.0,<Residue ARG het=  resseq=993 icode= >,3aaf_A_A,1.9
292,10.235,ARG, ,NE,50.3,4.42,0.59,2.86,1.0,<Residue ARG het=  resseq=993 icode= >,3aaf_A_A,1.9
293,4.801,ARG, ,CZ,51.54,3.96,0.0,2.66,1.0,<Residue ARG het=  resseq=993 icode= >,3aaf_A_A,1.9
294,29.222,ARG, ,NH1,52.52,4.97,0.455,1.78,1.0,<Residue ARG het=  resseq=993 icode= >,3aaf_A_A,1.9
295,32.531,ARG, ,NH2,55.02,2.85,28.581,0.68,1.0,<Residue ARG het=  resseq=993 icode= >,3aaf_A_A,1.9
296,0.0,LEU, ,N,45.88,6.68,0.0,3.00,1.0,<Residue LEU het=  resseq=994 icode= >,3aaf_A_A,1.9
297,0.311,LEU, ,CA,45.93,7.93,0.0,3.16,1.0,<Residue LEU het=  resseq=994 icode= >,3aaf_A_A,1.9
298,0.0,LEU, ,C,46.31,8.34,0.0,3.24,1.0,<Residue LEU het=  resseq=994 icode= >,3aaf_A_A,1.9
299,2.955,LEU, ,O,46.44,7.81,0.0,2.06,1.0,<Residue LEU het=  resseq=994 icode= >,3aaf_A_A,1.9
300,0.0,LEU, ,CB,45.35,8.12,0.0,2.25,1.0,<Residue LEU het=  resseq=994 icode= >,3aaf_A_A,1.9
301,0.0,LEU, ,CG,45.0,9.06,0.0,2.86,1.0,<Residue LEU het=  resseq=994 icode= >,3aaf_A_A,1.9
302,0.0,LEU, ,CD1,43.1,9.87,0.0,2.12,1.0,<Residue LEU het=  resseq=994 icode= >,3aaf_A_A,1.9
303,0.0,LEU, ,CD2,43.86,8.36,0.0,1.64,1.0,<Residue LEU het=  resseq=994 icode= >,3aaf_A_A,1.9
304,3.331,ALA, ,N,46.29,9.52,0.0,2.94,1.0,<Residue ALA het=  resseq=995 icode= >,3aaf_A_A,1.9
305,9.537,ALA, ,CA,46.75,10.29,0.0,2.64,1.0,<Residue ALA het=  resseq=995 icode= >,3aaf_A_A,1.9
306,0.0,ALA, ,C,46.92,10.77,0.0,3.47,1.0,<Residue ALA het=  resseq=995 icode= >,3aaf_A_A,1.9
307,0.0,ALA, ,O,46.89,11.14,0.0,3.06,1.0,<Residue ALA het=  resseq=995 icode= >,3aaf_A_A,1.9
308,36.892,ALA, ,CB,46.84,11.56,0.0,1.41,1.0,<Residue ALA het=  resseq=995 icode= >,3aaf_A_A,1.9
309,5.837,ASP, ,N,47.19,11.02,0.0,2.38,1.0,<Residue ASP het=  resseq=996 icode= >,3aaf_A_A,1.9
310,0.0,ASP, ,CA,47.38,11.67,0.0,2.88,1.0,<Residue ASP het=  resseq=996 icode= >,3aaf_A_A,1.9
311,0.0,ASP, ,C,47.14,13.03,0.0,3.95,1.0,<Residue ASP het=  resseq=996 icode= >,3aaf_A_A,1.9
312,1.884,ASP, ,O,46.99,12.97,0.0,2.35,1.0,<Residue ASP het=  resseq=996 icode= >,3aaf_A_A,1.9
313,25.583,ASP, ,CB,47.92,11.96,0.0,1.00,1.0,<Residue ASP het=  resseq=996 icode= >,3aaf_A_A,1.9
314,12.761,ASP, ,CG,49.32,10.73,0.0,1.20,1.0,<Residue ASP het=  resseq=996 icode= >,3aaf_A_A,1.9
315,9.744,ASP, ,OD1,51.08,9.90,0.0,1.27,1.0,<Residue ASP het=  resseq=996 icode= >,3aaf_A_A,1.9
316,41.812,ASP, ,OD2,50.19,10.72,0.0,0.21,1.0,<Residue ASP het=  resseq=996 icode= >,3aaf_A_A,1.9
317,3.19,GLN, ,N,46.97,13.72,0.0,2.77,1.0,<Residue GLN het=  resseq=997 icode= >,3aaf_A_A,1.9
318,0.185,GLN, ,CA,46.82,15.08,0.0,2.79,1.0,<Residue GLN het=  resseq=997 icode= >,3aaf_A_A,1.9
319,0.0,GLN, ,C,45.92,14.79,0.0,3.31,1.0,<Residue GLN het=  resseq=997 icode= >,3aaf_A_A,1.9
320,6.646,GLN, ,O,45.8,15.44,0.0,2.43,1.0,<Residue GLN het=  resseq=997 icode= >,3aaf_A_A,1.9
321,15.653,GLN, ,CB,47.17,15.74,0.0,2.39,1.0,<Residue GLN het=  resseq=997 icode= >,3aaf_A_A,1.9
322,13.181,GLN, ,CG,50.18,15.00,0.0,0.63,1.0,<Residue GLN het=  resseq=997 icode= >,3aaf_A_A,1.9
323,3.464,GLN, ,CD,53.66,13.71,0.0,0.63,1.0,<Residue GLN het=  resseq=997 icode= >,3aaf_A_A,1.9
324,13.734,GLN, ,OE1,55.35,12.90,0.0,0.78,1.0,<Residue GLN het=  resseq=997 icode= >,3aaf_A_A,1.9
325,45.546,GLN, ,NE2,54.29,13.61,0.0,0.50,1.0,<Residue GLN het=  resseq=997 icode= >,3aaf_A_A,1.9
326,0.0,TYR, ,N,44.96,13.82,0.0,2.92,1.0,<Residue TYR het=  resseq=998 icode= >,3aaf_A_A,1.9
327,0.871,TYR, ,CA,44.06,13.54,0.0,3.20,1.0,<Residue TYR het=  resseq=998 icode= >,3aaf_A_A,1.9
328,0.0,TYR, ,C,43.65,12.82,0.0,4.02,1.0,<Residue TYR het=  resseq=998 icode= >,3aaf_A_A,1.9
329,0.0,TYR, ,O,43.51,13.07,0.0,3.13,1.0,<Residue TYR het=  resseq=998 icode= >,3aaf_A_A,1.9
330,0.0,TYR, ,CB,43.86,12.88,0.0,2.85,1.0,<Residue TYR het=  resseq=998 icode= >,3aaf_A_A,1.9
331,0.0,TYR, ,CG,43.31,13.15,0.0,3.22,1.0,<Residue TYR het=  resseq=998 icode= >,3aaf_A_A,1.9
332,3.282,TYR, ,CD1,42.95,13.36,0.0,2.60,1.0,<Residue TYR het=  resseq=998 icode= >,3aaf_A_A,1.9
333,0.0,TYR, ,CD2,42.86,12.15,0.0,2.43,1.0,<Residue TYR het=  resseq=998 icode= >,3aaf_A_A,1.9
334,5.241,TYR, ,CE1,42.55,12.39,0.0,3.13,1.0,<Residue TYR het=  resseq=998 icode= >,3aaf_A_A,1.9
335,7.482,TYR, ,CE2,43.24,11.13,0.0,1.88,1.0,<Residue TYR het=  resseq=998 icode= >,3aaf_A_A,1.9
336,0.0,TYR, ,CZ,43.75,11.23,0.0,2.92,1.0,<Residue TYR het=  resseq=998 icode= >,3aaf_A_A,1.9
337,23.784,TYR, ,OH,43.59,10.34,0.0,3.20,1.0,<Residue TYR het=  resseq=998 icode= >,3aaf_A_A,1.9
338,0.0,ARG, ,N,43.17,12.13,0.0,3.16,1.0,<Residue ARG het=  resseq=999 icode= >,3aaf_A_A,1.9
339,0.0,ARG, ,CA,43.12,11.58,0.0,2.13,1.0,<Residue ARG het=  resseq=999 icode= >,3aaf_A_A,1.9
340,0.616,ARG, ,C,43.1,12.80,0.0,2.53,1.0,<Residue ARG het=  resseq=999 icode= >,3aaf_A_A,1.9
341,18.308,ARG, ,O,42.61,12.78,0.0,2.41,1.0,<Residue ARG het=  resseq=999 icode= >,3aaf_A_A,1.9
342,13.874,ARG, ,CB,42.84,10.69,0.0,2.38,1.0,<Residue ARG het=  resseq=999 icode= >,3aaf_A_A,1.9
343,0.0,ARG, ,CG,42.76,9.51,0.0,1.72,1.0,<Residue ARG het=  resseq=999 icode= >,3aaf_A_A,1.9
344,17.407,ARG, ,CD,43.44,8.51,0.0,2.01,1.0,<Residue ARG het=  resseq=999 icode= >,3aaf_A_A,1.9
345,0.222,ARG, ,NE,44.75,7.27,0.0,2.23,1.0,<Residue ARG het=  resseq=999 icode= >,3aaf_A_A,1.9
346,2.165,ARG, ,CZ,45.71,7.26,0.0,2.93,1.0,<Residue ARG het=  resseq=999 icode= >,3aaf_A_A,1.9
347,5.95,ARG, ,NH1,47.21,8.40,0.0,1.87,1.0,<Residue ARG het=  resseq=999 icode= >,3aaf_A_A,1.9
348,0.0,ARG, ,NH2,45.47,6.33,0.0,1.59,1.0,<Residue ARG het=  resseq=999 icode= >,3aaf_A_A,1.9
349,0.0,ARG, ,N,43.15,13.97,0.0,2.98,1.0,<Residue ARG het=  resseq=1000 icode= >,3aaf_A_A,1.9
350,6.761,ARG, ,CA,43.17,15.25,0.0,2.52,1.0,<Residue ARG het=  resseq=1000 icode= >,3aaf_A_A,1.9
351,2.471,ARG, ,C,42.51,15.92,0.0,3.10,1.0,<Residue ARG het=  resseq=1000 icode= >,3aaf_A_A,1.9
352,26.55,ARG, ,O,42.27,16.93,0.0,2.63,1.0,<Residue ARG het=  resseq=1000 icode= >,3aaf_A_A,1.9
353,14.036,ARG, ,CB,43.55,16.26,0.0,2.48,1.0,<Residue ARG het=  resseq=1000 icode= >,3aaf_A_A,1.9
354,20.915,ARG, ,CG,45.69,16.04,0.0,1.54,1.0,<Residue ARG het=  resseq=1000 icode= >,3aaf_A_A,1.9
355,34.987,ARG, ,CD,49.88,17.32,0.0,1.32,1.0,<Residue ARG het=  resseq=1000 icode= >,3aaf_A_A,1.9
356,12.273,ARG, ,NE,52.64,17.70,0.0,0.67,1.0,<Residue ARG het=  resseq=1000 icode= >,3aaf_A_A,1.9
357,4.591,ARG, ,CZ,54.1,17.54,0.0,0.74,1.0,<Residue ARG het=  resseq=1000 icode= >,3aaf_A_A,1.9
358,35.926,ARG, ,NH1,54.11,16.98,0.0,1.03,1.0,<Residue ARG het=  resseq=1000 icode= >,3aaf_A_A,1.9
359,35.096,ARG, ,NH2,55.12,18.08,0.0,0.48,1.0,<Residue ARG het=  resseq=1000 icode= >,3aaf_A_A,1.9
360,0.612,HIS, ,N,41.73,15.47,0.0,3.20,1.0,<Residue HIS het=  resseq=1001 icode= >,3aaf_A_A,1.9
361,6.891,HIS, ,CA,41.45,16.21,0.0,2.90,1.0,<Residue HIS het=  resseq=1001 icode= >,3aaf_A_A,1.9
362,0.249,HIS, ,C,41.67,16.08,0.0,4.02,1.0,<Residue HIS het=  resseq=1001 icode= >,3aaf_A_A,1.9
363,5.635,HIS, ,O,41.58,15.04,0.0,2.91,1.0,<Residue HIS het=  resseq=1001 icode= >,3aaf_A_A,1.9
364,3.035,HIS, ,CB,41.13,15.97,0.0,2.37,1.0,<Residue HIS het=  resseq=1001 icode= >,3aaf_A_A,1.9
365,0.055,HIS, ,CG,40.28,17.04,0.0,4.22,1.0,<Residue HIS het=  resseq=1001 icode= >,3aaf_A_A,1.9
366,17.09,HIS, ,ND1,40.89,18.03,0.0,3.60,1.0,<Residue HIS het=  resseq=1001 icode= >,3aaf_A_A,1.9
367,0.0,HIS, ,CD2,38.74,17.32,0.0,3.53,1.0,<Residue HIS het=  resseq=1001 icode= >,3aaf_A_A,1.9
368,29.772,HIS, ,CE1,40.2,18.83,0.0,3.69,1.0,<Residue HIS het=  resseq=1001 icode= >,3aaf_A_A,1.9
369,9.629,HIS, ,NE2,41.27,18.44,0.0,3.42,1.0,<Residue HIS het=  resseq=1001 icode= >,3aaf_A_A,1.9
370,4.14,SER, ,N,41.81,17.23,0.0,3.43,1.0,<Residue SER het=  resseq=1002 icode= >,3aaf_A_A,1.9
371,11.275,SER, ,CA,41.76,17.44,0.0,3.33,1.0,<Residue SER het=  resseq=1002 icode= >,3aaf_A_A,1.9
372,0.173,SER, ,C,41.43,16.70,0.0,3.79,1.0,<Residue SER het=  resseq=1002 icode= >,3aaf_A_A,1.9
373,13.433,SER, ,O,42.06,16.47,0.0,2.71,1.0,<Residue SER het=  resseq=1002 icode= >,3aaf_A_A,1.9
374,48.22,SER, ,CB,41.86,18.94,0.0,2.39,1.0,<Residue SER het=  resseq=1002 icode= >,3aaf_A_A,1.9
375,19.532,SER, ,OG,43.18,19.41,0.0,2.16,1.0,<Residue SER het=  resseq=1002 icode= >,3aaf_A_A,1.9
376,0.0,LEU, ,N,40.71,16.40,0.0,3.55,1.0,<Residue LEU het=  resseq=1003 icode= >,3aaf_A_A,1.9
377,0.0,LEU, ,CA,40.19,15.66,0.0,2.90,1.0,<Residue LEU het=  resseq=1003 icode= >,3aaf_A_A,1.9
378,0.0,LEU, ,C,39.59,14.13,0.0,4.15,1.0,<Residue LEU het=  resseq=1003 icode= >,3aaf_A_A,1.9
379,0.0,LEU, ,O,39.09,13.53,0.0,3.84,1.0,<Residue LEU het=  resseq=1003 icode= >,3aaf_A_A,1.9
380,0.0,LEU, ,CB,40.43,16.03,0.0,2.47,1.0,<Residue LEU het=  resseq=1003 icode= >,3aaf_A_A,1.9
381,2.309,LEU, ,CG,40.87,17.50,0.0,2.37,1.0,<Residue LEU het=  resseq=1003 icode= >,3aaf_A_A,1.9
382,4.53,LEU, ,CD1,41.18,17.85,0.0,1.38,1.0,<Residue LEU het=  resseq=1003 icode= >,3aaf_A_A,1.9
383,20.399,LEU, ,CD2,42.51,17.79,0.0,1.42,1.0,<Residue LEU het=  resseq=1003 icode= >,3aaf_A_A,1.9
384,0.0,PHE, ,N,38.92,13.63,0.0,3.73,1.0,<Residue PHE het=  resseq=1004 icode= >,3aaf_A_A,1.9
385,0.0,PHE, ,CA,38.7,12.22,0.0,3.24,1.0,<Residue PHE het=  resseq=1004 icode= >,3aaf_A_A,1.9
386,0.0,PHE, ,C,38.9,11.79,0.0,3.56,1.0,<Residue PHE het=  resseq=1004 icode= >,3aaf_A_A,1.9
387,14.821,PHE, ,O,37.79,12.37,0.0,2.94,1.0,<Residue PHE het=  resseq=1004 icode= >,3aaf_A_A,1.9
388,0.674,PHE, ,CB,38.45,11.85,0.0,3.26,1.0,<Residue PHE het=  resseq=1004 icode= >,3aaf_A_A,1.9
389,0.0,PHE, ,CG,38.6,10.41,0.0,2.22,1.0,<Residue PHE het=  resseq=1004 icode= >,3aaf_A_A,1.9
390,0.0,PHE, ,CD1,38.81,9.55,0.0,2.31,1.0,<Residue PHE het=  resseq=1004 icode= >,3aaf_A_A,1.9
391,9.763,PHE, ,CD2,37.79,10.06,0.0,1.52,1.0,<Residue PHE het=  resseq=1004 icode= >,3aaf_A_A,1.9
392,0.0,PHE, ,CE1,38.55,8.20,0.0,2.18,1.0,<Residue PHE het=  resseq=1004 icode= >,3aaf_A_A,1.9
393,20.661,PHE, ,CE2,38.52,8.80,0.0,1.64,1.0,<Residue PHE het=  resseq=1004 icode= >,3aaf_A_A,1.9
394,0.72,PHE, ,CZ,37.44,7.78,0.0,2.36,1.0,<Residue PHE het=  resseq=1004 icode= >,3aaf_A_A,1.9
395,0.0,GLY, ,N,39.27,10.89,0.0,3.33,1.0,<Residue GLY het=  resseq=1005 icode= >,3aaf_A_A,1.9
396,1.088,GLY, ,CA,39.69,10.28,0.0,2.67,1.0,<Residue GLY het=  resseq=1005 icode= >,3aaf_A_A,1.9
397,2.194,GLY, ,C,40.09,10.64,0.0,3.69,1.0,<Residue GLY het=  resseq=1005 icode= >,3aaf_A_A,1.9
398,9.276,GLY, ,O,40.17,10.19,0.0,2.16,1.0,<Residue GLY het=  resseq=1005 icode= >,3aaf_A_A,1.9
399,0.0,THR, ,N,40.4,11.65,0.0,3.89,1.0,<Residue THR het=  resseq=1006 icode= >,3aaf_A_A,1.9
400,7.146,THR, ,CA,40.91,12.34,0.0,3.95,1.0,<Residue THR het=  resseq=1006 icode= >,3aaf_A_A,1.9
401,1.023,THR, ,C,41.54,11.84,0.0,3.83,1.0,<Residue THR het=  resseq=1006 icode= >,3aaf_A_A,1.9
402,7.585,THR, ,O,41.31,12.47,0.0,3.53,1.0,<Residue THR het=  resseq=1006 icode= >,3aaf_A_A,1.9
403,5.918,THR, ,CB,41.07,13.85,0.0,2.63,1.0,<Residue THR het=  resseq=1006 icode= >,3aaf_A_A,1.9
404,0.0,THR, ,OG1,40.69,14.11,0.0,2.95,1.0,<Residue THR het=  resseq=1006 icode= >,3aaf_A_A,1.9
405,31.425,THR, ,CG2,41.22,14.57,0.0,1.61,1.0,<Residue THR het=  resseq=1006 icode= >,3aaf_A_A,1.9
406,0.0,GLY, ,N,41.82,10.89,0.0,4.08,1.0,<Residue GLY het=  resseq=1007 icode= >,3aaf_A_A,1.9
407,0.083,GLY, ,CA,43.03,10.49,0.0,2.88,1.0,<Residue GLY het=  resseq=1007 icode= >,3aaf_A_A,1.9
408,0.0,GLY, ,C,44.01,9.13,0.0,3.71,1.0,<Residue GLY het=  resseq=1007 icode= >,3aaf_A_A,1.9
409,0.0,GLY, ,O,44.29,8.73,0.0,3.03,1.0,<Residue GLY het=  resseq=1007 icode= >,3aaf_A_A,1.9
410,0.662,LYS, ,N,44.75,8.63,0.0,2.54,1.0,<Residue LYS het=  resseq=1008 icode= >,3aaf_A_A,1.9
411,0.0,LYS, ,CA,45.98,7.42,0.0,1.80,1.0,<Residue LYS het=  resseq=1008 icode= >,3aaf_A_A,1.9
412,0.753,LYS, ,C,46.37,7.55,0.0,3.39,1.0,<Residue LYS het=  resseq=1008 icode= >,3aaf_A_A,1.9
413,14.762,LYS, ,O,46.58,6.66,0.0,2.00,1.0,<Residue LYS het=  resseq=1008 icode= >,3aaf_A_A,1.9
414,17.412,LYS, ,CB,46.17,7.49,0.0,1.32,1.0,<Residue LYS het=  resseq=1008 icode= >,3aaf_A_A,1.9
415,3.757,LYS, ,CG,47.1,7.02,0.0,1.70,1.0,<Residue LYS het=  resseq=1008 icode= >,3aaf_A_A,1.9
416,30.229,LYS, ,CD,48.87,7.43,0.0,1.58,1.0,<Residue LYS het=  resseq=1008 icode= >,3aaf_A_A,1.9
417,33.685,LYS, ,CE,50.38,7.56,0.0,0.25,1.0,<Residue LYS het=  resseq=1008 icode= >,3aaf_A_A,1.9
418,18.682,LYS, ,NZ,50.91,8.81,0.0,0.46,1.0,<Residue LYS het=  resseq=1008 icode= >,3aaf_A_A,1.9
419,1.426,ASP, ,N,46.83,8.83,0.0,3.00,1.0,<Residue ASP het=  resseq=1009 icode= >,3aaf_A_A,1.9
420,9.588,ASP, ,CA,47.65,9.36,0.0,2.60,1.0,<Residue ASP het=  resseq=1009 icode= >,3aaf_A_A,1.9
421,2.572,ASP, ,C,47.3,9.48,0.0,2.83,1.0,<Residue ASP het=  resseq=1009 icode= >,3aaf_A_A,1.9
422,22.557,ASP, ,O,47.36,10.15,0.0,1.62,1.0,<Residue ASP het=  resseq=1009 icode= >,3aaf_A_A,1.9
423,35.274,ASP, ,CB,48.18,10.78,0.0,1.05,1.0,<Residue ASP het=  resseq=1009 icode= >,3aaf_A_A,1.9
424,7.898,ASP, ,CG,50.04,11.78,0.0,1.16,1.0,<Residue ASP het=  resseq=1009 icode= >,3aaf_A_A,1.9
425,3.793,ASP, ,OD1,53.03,11.51,0.0,0.61,1.0,<Residue ASP het=  resseq=1009 icode= >,3aaf_A_A,1.9
426,39.541,ASP, ,OD2,52.58,12.98,0.0,0.39,1.0,<Residue ASP het=  resseq=1009 icode= >,3aaf_A_A,1.9
427,0.0,GLN, ,N,46.72,9.06,0.0,2.37,1.0,<Residue GLN het=  resseq=1010 icode= >,3aaf_A_A,1.9
428,1.64,GLN, ,CA,46.29,9.26,0.0,2.76,1.0,<Residue GLN het=  resseq=1010 icode= >,3aaf_A_A,1.9
429,1.16,GLN, ,C,45.59,7.83,0.0,3.27,1.0,<Residue GLN het=  resseq=1010 icode= >,3aaf_A_A,1.9
430,0.0,GLN, ,O,45.41,7.22,0.0,2.86,1.0,<Residue GLN het=  resseq=1010 icode= >,3aaf_A_A,1.9
431,0.0,GLN, ,CB,46.53,10.27,0.0,1.82,1.0,<Residue GLN het=  resseq=1010 icode= >,3aaf_A_A,1.9
432,1.755,GLN, ,CG,48.36,11.72,0.0,1.66,1.0,<Residue GLN het=  resseq=1010 icode= >,3aaf_A_A,1.9
433,0.423,GLN, ,CD,51.17,12.47,0.0,1.53,1.0,<Residue GLN het=  resseq=1010 icode= >,3aaf_A_A,1.9
434,15.605,GLN, ,OE1,52.72,12.02,0.0,0.71,1.0,<Residue GLN het=  resseq=1010 icode= >,3aaf_A_A,1.9
435,31.378,GLN, ,NE2,51.87,13.72,0.0,0.53,1.0,<Residue GLN het=  resseq=1010 icode= >,3aaf_A_A,1.9
436,0.514,THR, ,N,44.99,7.52,0.0,2.68,1.0,<Residue THR het=  resseq=1011 icode= >,3aaf_A_A,1.9
437,0.16,THR, ,CA,44.3,6.30,0.0,1.99,1.0,<Residue THR het=  resseq=1011 icode= >,3aaf_A_A,1.9
438,0.0,THR, ,C,44.15,6.42,0.0,3.28,1.0,<Residue THR het=  resseq=1011 icode= >,3aaf_A_A,1.9
439,0.0,THR, ,O,43.56,7.58,0.0,3.31,1.0,<Residue THR het=  resseq=1011 icode= >,3aaf_A_A,1.9
440,9.913,THR, ,CB,44.27,6.49,0.0,2.52,1.0,<Residue THR het=  resseq=1011 icode= >,3aaf_A_A,1.9
441,5.317,THR, ,OG1,43.47,7.69,0.0,2.64,1.0,<Residue THR het=  resseq=1011 icode= >,3aaf_A_A,1.9
442,65.62,THR, ,CG2,43.95,6.33,0.0,0.79,1.0,<Residue THR het=  resseq=1011 icode= >,3aaf_A_A,1.9
443,1.662,GLU, ,N,43.96,5.46,0.166,3.01,1.0,<Residue GLU het=  resseq=1012 icode= >,3aaf_A_A,1.9
444,0.0,GLU, ,CA,44.15,6.03,0.0,3.50,1.0,<Residue GLU het=  resseq=1012 icode= >,3aaf_A_A,1.9
445,0.0,GLU, ,C,43.61,7.22,0.0,3.98,1.0,<Residue GLU het=  resseq=1012 icode= >,3aaf_A_A,1.9
446,0.0,GLU, ,O,44.27,8.30,0.0,2.34,1.0,<Residue GLU het=  resseq=1012 icode= >,3aaf_A_A,1.9
447,12.182,GLU, ,CB,44.44,5.18,2.492,2.19,1.0,<Residue GLU het=  resseq=1012 icode= >,3aaf_A_A,1.9
448,2.601,GLU, ,CG,46.41,6.21,0.0,1.75,1.0,<Residue GLU het=  resseq=1012 icode= >,3aaf_A_A,1.9
449,9.83,GLU, ,CD,49.46,5.90,0.0,2.36,1.0,<Residue GLU het=  resseq=1012 icode= >,3aaf_A_A,1.9
450,10.062,GLU, ,OE1,49.9,5.66,0.0,2.19,1.0,<Residue GLU het=  resseq=1012 icode= >,3aaf_A_A,1.9
451,33.025,GLU, ,OE2,50.03,6.00,0.012,1.76,1.0,<Residue GLU het=  resseq=1012 icode= >,3aaf_A_A,1.9
452,2.811,SER, ,N,43.33,7.23,0.0,3.54,1.0,<Residue SER het=  resseq=1013 icode= >,3aaf_A_A,1.9
453,5.534,SER, ,CA,42.74,8.53,0.0,2.99,1.0,<Residue SER het=  resseq=1013 icode= >,3aaf_A_A,1.9
454,0.881,SER, ,C,42.01,9.63,0.0,4.04,1.0,<Residue SER het=  resseq=1013 icode= >,3aaf_A_A,1.9
455,2.343,SER, ,O,41.79,10.75,0.0,3.87,1.0,<Residue SER het=  resseq=1013 icode= >,3aaf_A_A,1.9
456,34.15,SER, ,CB,43.02,8.29,0.0,2.19,1.0,<Residue SER het=  resseq=1013 icode= >,3aaf_A_A,1.9
457,36.947,SER, ,OG,44.0,9.00,0.0,1.84,1.0,<Residue SER het=  resseq=1013 icode= >,3aaf_A_A,1.9
458,0.55,TRP, ,N,41.24,9.46,0.0,3.41,1.0,<Residue TRP het=  resseq=1014 icode= >,3aaf_A_A,1.9
459,4.658,TRP, ,CA,40.72,10.63,0.0,2.92,1.0,<Residue TRP het=  resseq=1014 icode= >,3aaf_A_A,1.9
460,0.0,TRP, ,C,40.47,11.16,0.0,4.30,1.0,<Residue TRP het=  resseq=1014 icode= >,3aaf_A_A,1.9
461,0.255,TRP, ,O,40.2,12.36,0.0,3.49,1.0,<Residue TRP het=  resseq=1014 icode= >,3aaf_A_A,1.9
462,5.127,TRP, ,CB,40.64,10.52,0.0,2.32,1.0,<Residue TRP het=  resseq=1014 icode= >,3aaf_A_A,1.9
463,0.0,TRP, ,CG,40.87,11.90,0.0,2.34,1.0,<Residue TRP het=  resseq=1014 icode= >,3aaf_A_A,1.9
464,28.799,TRP, ,CD1,40.93,12.66,0.0,2.16,1.0,<Residue TRP het=  resseq=1014 icode= >,3aaf_A_A,1.9
465,0.0,TRP, ,CD2,40.48,12.57,0.0,2.47,1.0,<Residue TRP het=  resseq=1014 icode= >,3aaf_A_A,1.9
466,25.527,TRP, ,NE1,40.98,13.97,0.0,1.87,1.0,<Residue TRP het=  resseq=1014 icode= >,3aaf_A_A,1.9
467,1.202,TRP, ,CE2,40.77,13.88,0.0,1.83,1.0,<Residue TRP het=  resseq=1014 icode= >,3aaf_A_A,1.9
468,0.0,TRP, ,CE3,40.18,12.33,0.0,2.71,1.0,<Residue TRP het=  resseq=1014 icode= >,3aaf_A_A,1.9
469,4.06,TRP, ,CZ2,40.78,14.89,0.0,1.59,1.0,<Residue TRP het=  resseq=1014 icode= >,3aaf_A_A,1.9
470,0.0,TRP, ,CZ3,40.36,13.44,0.0,1.97,1.0,<Residue TRP het=  resseq=1014 icode= >,3aaf_A_A,1.9
471,0.0,TRP, ,CH2,41.07,14.66,0.0,1.46,1.0,<Residue TRP het=  resseq=1014 icode= >,3aaf_A_A,1.9
472,0.0,TRP, ,N,40.01,10.39,0.0,3.60,1.0,<Residue TRP het=  resseq=1015 icode= >,3aaf_A_A,1.9
473,0.0,TRP, ,CA,39.85,11.06,0.0,3.10,1.0,<Residue TRP het=  resseq=1015 icode= >,3aaf_A_A,1.9
474,0.0,TRP, ,C,40.19,10.36,0.0,3.65,1.0,<Residue TRP het=  resseq=1015 icode= >,3aaf_A_A,1.9
475,0.0,TRP, ,O,40.6,10.21,0.0,3.25,1.0,<Residue TRP het=  resseq=1015 icode= >,3aaf_A_A,1.9
476,0.0,TRP, ,CB,39.62,10.22,0.0,2.17,1.0,<Residue TRP het=  resseq=1015 icode= >,3aaf_A_A,1.9
477,0.0,TRP, ,CG,39.45,10.10,0.0,2.74,1.0,<Residue TRP het=  resseq=1015 icode= >,3aaf_A_A,1.9
478,0.0,TRP, ,CD1,38.9,9.05,0.0,2.72,1.0,<Residue TRP het=  resseq=1015 icode= >,3aaf_A_A,1.9
479,0.0,TRP, ,CD2,38.81,11.27,0.0,3.10,1.0,<Residue TRP het=  resseq=1015 icode= >,3aaf_A_A,1.9
480,0.0,TRP, ,NE1,39.17,9.64,0.0,3.50,1.0,<Residue TRP het=  resseq=1015 icode= >,3aaf_A_A,1.9
481,0.0,TRP, ,CE2,38.75,10.98,0.0,3.35,1.0,<Residue TRP het=  resseq=1015 icode= >,3aaf_A_A,1.9
482,0.0,TRP, ,CE3,38.87,12.64,0.0,2.68,1.0,<Residue TRP het=  resseq=1015 icode= >,3aaf_A_A,1.9
483,1.892,TRP, ,CZ2,38.45,12.03,0.0,2.30,1.0,<Residue TRP het=  resseq=1015 icode= >,3aaf_A_A,1.9
484,0.0,TRP, ,CZ3,38.77,13.59,0.0,2.62,1.0,<Residue TRP het=  resseq=1015 icode= >,3aaf_A_A,1.9
485,0.111,TRP, ,CH2,39.1,13.31,0.0,2.70,1.0,<Residue TRP het=  resseq=1015 icode= >,3aaf_A_A,1.9
486,0.0,LYS, ,N,40.46,9.60,0.0,3.18,1.0,<Residue LYS het=  resseq=1016 icode= >,3aaf_A_A,1.9
487,0.0,LYS, ,CA,41.22,8.47,0.0,3.20,1.0,<Residue LYS het=  resseq=1016 icode= >,3aaf_A_A,1.9
488,0.985,LYS, ,C,40.87,9.10,0.0,4.10,1.0,<Residue LYS het=  resseq=1016 icode= >,3aaf_A_A,1.9
489,0.65,LYS, ,O,41.06,8.75,0.0,3.80,1.0,<Residue LYS het=  resseq=1016 icode= >,3aaf_A_A,1.9
490,14.662,LYS, ,CB,41.2,7.86,0.0,2.16,1.0,<Residue LYS het=  resseq=1016 icode= >,3aaf_A_A,1.9
491,1.147,LYS, ,CG,42.23,6.99,0.0,1.59,1.0,<Residue LYS het=  resseq=1016 icode= >,3aaf_A_A,1.9
492,22.882,LYS, ,CD,43.3,6.45,0.0,1.75,1.0,<Residue LYS het=  resseq=1016 icode= >,3aaf_A_A,1.9
493,12.636,LYS, ,CE,46.29,5.81,4.086,1.69,1.0,<Residue LYS het=  resseq=1016 icode= >,3aaf_A_A,1.9
494,42.097,LYS, ,NZ,48.9,5.11,6.379,1.20,1.0,<Residue LYS het=  resseq=1016 icode= >,3aaf_A_A,1.9
495,1.891,ALA, ,N,40.48,10.23,0.0,3.56,1.0,<Residue ALA het=  resseq=1017 icode= >,3aaf_A_A,1.9
496,6.032,ALA, ,CA,40.38,11.17,0.0,2.67,1.0,<Residue ALA het=  resseq=1017 icode= >,3aaf_A_A,1.9
497,1.177,ALA, ,C,40.39,11.66,0.0,3.87,1.0,<Residue ALA het=  resseq=1017 icode= >,3aaf_A_A,1.9
498,2.47,ALA, ,O,40.26,11.91,0.0,3.32,1.0,<Residue ALA het=  resseq=1017 icode= >,3aaf_A_A,1.9
499,49.321,ALA, ,CB,40.43,12.24,0.0,1.89,1.0,<Residue ALA het=  resseq=1017 icode= >,3aaf_A_A,1.9
500,0.422,PHE, ,N,40.02,11.99,0.0,3.13,1.0,<Residue PHE het=  resseq=1018 icode= >,3aaf_A_A,1.9
501,3.823,PHE, ,CA,39.59,12.70,0.0,2.78,1.0,<Residue PHE het=  resseq=1018 icode= >,3aaf_A_A,1.9
502,0.0,PHE, ,C,39.57,11.91,0.0,5.30,1.0,<Residue PHE het=  resseq=1018 icode= >,3aaf_A_A,1.9
503,0.0,PHE, ,O,39.49,12.52,0.0,4.07,1.0,<Residue PHE het=  resseq=1018 icode= >,3aaf_A_A,1.9
504,0.603,PHE, ,CB,39.32,13.31,0.0,2.22,1.0,<Residue PHE het=  resseq=1018 icode= >,3aaf_A_A,1.9
505,0.0,PHE, ,CG,39.05,14.26,0.0,3.44,1.0,<Residue PHE het=  resseq=1018 icode= >,3aaf_A_A,1.9
506,3.459,PHE, ,CD1,38.55,15.27,0.0,2.73,1.0,<Residue PHE het=  resseq=1018 icode= >,3aaf_A_A,1.9
507,0.0,PHE, ,CD2,37.57,14.29,0.0,3.30,1.0,<Residue PHE het=  resseq=1018 icode= >,3aaf_A_A,1.9
508,0.0,PHE, ,CE1,39.34,16.24,0.0,2.37,1.0,<Residue PHE het=  resseq=1018 icode= >,3aaf_A_A,1.9
509,0.0,PHE, ,CE2,39.06,15.32,0.0,2.96,1.0,<Residue PHE het=  resseq=1018 icode= >,3aaf_A_A,1.9
510,0.0,PHE, ,CZ,38.4,16.26,0.0,2.98,1.0,<Residue PHE het=  resseq=1018 icode= >,3aaf_A_A,1.9
511,0.0,SER, ,N,39.53,10.68,0.0,3.94,1.0,<Residue SER het=  resseq=1019 icode= >,3aaf_A_A,1.9
512,0.0,SER, ,CA,40.14,9.96,0.0,3.99,1.0,<Residue SER het=  resseq=1019 icode= >,3aaf_A_A,1.9
513,0.0,SER, ,C,40.58,9.89,0.0,4.36,1.0,<Residue SER het=  resseq=1019 icode= >,3aaf_A_A,1.9
514,0.0,SER, ,O,41.32,10.19,0.0,3.80,1.0,<Residue SER het=  resseq=1019 icode= >,3aaf_A_A,1.9
515,0.023,SER, ,CB,39.77,8.65,0.0,2.82,1.0,<Residue SER het=  resseq=1019 icode= >,3aaf_A_A,1.9
516,2.199,SER, ,OG,39.61,7.62,0.0,3.09,1.0,<Residue SER het=  resseq=1019 icode= >,3aaf_A_A,1.9
517,0.0,ARG, ,N,41.09,9.78,0.0,3.19,1.0,<Residue ARG het=  resseq=1020 icode= >,3aaf_A_A,1.9
518,0.0,ARG, ,CA,41.2,10.07,0.0,3.52,1.0,<Residue ARG het=  resseq=1020 icode= >,3aaf_A_A,1.9
519,1.192,ARG, ,C,40.82,11.49,0.0,4.85,1.0,<Residue ARG het=  resseq=1020 icode= >,3aaf_A_A,1.9
520,0.776,ARG, ,O,40.38,11.82,0.0,3.62,1.0,<Residue ARG het=  resseq=1020 icode= >,3aaf_A_A,1.9
521,15.424,ARG, ,CB,41.84,10.09,0.0,2.13,1.0,<Residue ARG het=  resseq=1020 icode= >,3aaf_A_A,1.9
522,18.778,ARG, ,CG,44.62,8.80,0.0,2.17,1.0,<Residue ARG het=  resseq=1020 icode= >,3aaf_A_A,1.9
523,23.026,ARG, ,CD,50.53,8.48,0.0,0.91,1.0,<Residue ARG het=  resseq=1020 icode= >,3aaf_A_A,1.9
524,12.083,ARG, ,NE,53.29,7.11,0.0,0.72,1.0,<Residue ARG het=  resseq=1020 icode= >,3aaf_A_A,1.9
525,5.011,ARG, ,CZ,53.91,6.92,0.0,1.84,1.0,<Residue ARG het=  resseq=1020 icode= >,3aaf_A_A,1.9
526,26.186,ARG, ,NH1,52.77,8.06,0.0,1.61,1.0,<Residue ARG het=  resseq=1020 icode= >,3aaf_A_A,1.9
527,19.067,ARG, ,NH2,54.57,5.76,0.411,1.12,1.0,<Residue ARG het=  resseq=1020 icode= >,3aaf_A_A,1.9
528,0.082,GLN, ,N,40.32,12.43,0.0,3.65,1.0,<Residue GLN het=  resseq=1021 icode= >,3aaf_A_A,1.9
529,0.048,GLN, ,CA,40.65,13.81,0.0,3.11,1.0,<Residue GLN het=  resseq=1021 icode= >,3aaf_A_A,1.9
530,0.0,GLN, ,C,39.98,14.03,0.0,4.64,1.0,<Residue GLN het=  resseq=1021 icode= >,3aaf_A_A,1.9
531,0.0,GLN, ,O,39.99,14.87,0.0,3.80,1.0,<Residue GLN het=  resseq=1021 icode= >,3aaf_A_A,1.9
532,0.0,GLN, ,CB,41.09,14.72,0.0,1.86,1.0,<Residue GLN het=  resseq=1021 icode= >,3aaf_A_A,1.9
533,21.354,GLN, ,CG,44.0,15.26,0.0,1.26,1.0,<Residue GLN het=  resseq=1021 icode= >,3aaf_A_A,1.9
534,5.686,GLN, ,CD,47.41,16.22,0.0,1.75,1.0,<Residue GLN het=  resseq=1021 icode= >,3aaf_A_A,1.9
535,32.923,GLN, ,OE1,49.22,16.04,0.0,0.63,1.0,<Residue GLN het=  resseq=1021 icode= >,3aaf_A_A,1.9
536,10.194,GLN, ,NE2,48.02,17.34,0.0,1.17,1.0,<Residue GLN het=  resseq=1021 icode= >,3aaf_A_A,1.9
537,0.0,LEU, ,N,39.25,13.43,0.0,4.02,1.0,<Residue LEU het=  resseq=1022 icode= >,3aaf_A_A,1.9
538,0.0,LEU, ,CA,39.27,13.77,0.0,3.45,1.0,<Residue LEU het=  resseq=1022 icode= >,3aaf_A_A,1.9
539,0.0,LEU, ,C,39.24,13.38,0.0,4.75,1.0,<Residue LEU het=  resseq=1022 icode= >,3aaf_A_A,1.9
540,0.0,LEU, ,O,39.11,14.18,0.0,4.25,1.0,<Residue LEU het=  resseq=1022 icode= >,3aaf_A_A,1.9
541,0.0,LEU, ,CB,38.95,13.39,0.0,2.96,1.0,<Residue LEU het=  resseq=1022 icode= >,3aaf_A_A,1.9
542,0.0,LEU, ,CG,39.28,14.15,0.0,3.08,1.0,<Residue LEU het=  resseq=1022 icode= >,3aaf_A_A,1.9
543,0.0,LEU, ,CD1,39.66,13.99,0.0,2.16,1.0,<Residue LEU het=  resseq=1022 icode= >,3aaf_A_A,1.9
544,0.0,LEU, ,CD2,40.7,15.65,0.0,2.12,1.0,<Residue LEU het=  resseq=1022 icode= >,3aaf_A_A,1.9
545,0.0,ILE, ,N,39.33,12.27,0.0,4.03,1.0,<Residue ILE het=  resseq=1023 icode= >,3aaf_A_A,1.9
546,0.0,ILE, ,CA,39.52,12.10,0.0,3.85,1.0,<Residue ILE het=  resseq=1023 icode= >,3aaf_A_A,1.9
547,0.0,ILE, ,C,40.15,13.28,0.0,4.38,1.0,<Residue ILE het=  resseq=1023 icode= >,3aaf_A_A,1.9
548,9.052,ILE, ,O,40.3,14.06,0.0,3.87,1.0,<Residue ILE het=  resseq=1023 icode= >,3aaf_A_A,1.9
549,0.0,ILE, ,CB,39.79,10.76,0.0,3.44,1.0,<Residue ILE het=  resseq=1023 icode= >,3aaf_A_A,1.9
550,0.0,ILE, ,CG1,39.12,9.65,0.0,3.24,1.0,<Residue ILE het=  resseq=1023 icode= >,3aaf_A_A,1.9
551,28.492,ILE, ,CG2,40.05,10.97,0.0,2.49,1.0,<Residue ILE het=  resseq=1023 icode= >,3aaf_A_A,1.9
552,2.386,ILE, ,CD1,41.32,8.23,0.0,2.26,1.0,<Residue ILE het=  resseq=1023 icode= >,3aaf_A_A,1.9
553,0.0,THR, ,N,40.31,13.54,0.0,3.22,1.0,<Residue THR het=  resseq=1024 icode= >,3aaf_A_A,1.9
554,8.279,THR, ,CA,40.81,14.76,0.0,3.20,1.0,<Residue THR het=  resseq=1024 icode= >,3aaf_A_A,1.9
555,0.0,THR, ,C,41.04,16.01,0.0,3.90,1.0,<Residue THR het=  resseq=1024 icode= >,3aaf_A_A,1.9
556,23.543,THR, ,O,41.12,16.91,0.0,2.34,1.0,<Residue THR het=  resseq=1024 icode= >,3aaf_A_A,1.9
557,0.052,THR, ,CB,40.59,15.00,0.0,3.40,1.0,<Residue THR het=  resseq=1024 icode= >,3aaf_A_A,1.9
558,25.391,THR, ,OG1,41.0,14.02,0.0,2.35,1.0,<Residue THR het=  resseq=1024 icode= >,3aaf_A_A,1.9
559,47.338,THR, ,CG2,41.33,16.37,0.0,1.56,1.0,<Residue THR het=  resseq=1024 icode= >,3aaf_A_A,1.9
560,0.0,GLU, ,N,41.21,16.16,0.0,3.42,1.0,<Residue GLU het=  resseq=1025 icode= >,3aaf_A_A,1.9
561,2.707,GLU, ,CA,41.65,17.41,0.0,3.30,1.0,<Residue GLU het=  resseq=1025 icode= >,3aaf_A_A,1.9
562,2.954,GLU, ,C,41.0,17.53,0.0,4.17,1.0,<Residue GLU het=  resseq=1025 icode= >,3aaf_A_A,1.9
563,3.169,GLU, ,O,41.0,18.60,0.0,3.58,1.0,<Residue GLU het=  resseq=1025 icode= >,3aaf_A_A,1.9
564,1.677,GLU, ,CB,42.19,17.81,0.0,2.49,1.0,<Residue GLU het=  resseq=1025 icode= >,3aaf_A_A,1.9
565,0.307,GLU, ,CG,44.76,18.12,0.0,1.66,1.0,<Residue GLU het=  resseq=1025 icode= >,3aaf_A_A,1.9
566,8.254,GLU, ,CD,48.19,19.19,0.0,1.88,1.0,<Residue GLU het=  resseq=1025 icode= >,3aaf_A_A,1.9
567,36.732,GLU, ,OE1,50.46,20.26,0.0,1.59,1.0,<Residue GLU het=  resseq=1025 icode= >,3aaf_A_A,1.9
568,21.868,GLU, ,OE2,49.91,19.04,0.0,1.24,1.0,<Residue GLU het=  resseq=1025 icode= >,3aaf_A_A,1.9
569,0.0,GLY, ,N,40.6,16.50,0.0,3.38,1.0,<Residue GLY het=  resseq=1026 icode= >,3aaf_A_A,1.9
570,23.928,GLY, ,CA,39.65,16.75,0.0,2.95,1.0,<Residue GLY het=  resseq=1026 icode= >,3aaf_A_A,1.9
571,0.0,GLY, ,C,39.41,16.72,0.0,4.81,1.0,<Residue GLY het=  resseq=1026 icode= >,3aaf_A_A,1.9
572,2.822,GLY, ,O,39.76,17.42,0.0,4.39,1.0,<Residue GLY het=  resseq=1026 icode= >,3aaf_A_A,1.9
573,0.0,PHE, ,N,38.5,16.04,0.0,4.07,1.0,<Residue PHE het=  resseq=1027 icode= >,3aaf_A_A,1.9
574,0.0,PHE, ,CA,37.78,16.07,0.0,3.33,1.0,<Residue PHE het=  resseq=1027 icode= >,3aaf_A_A,1.9
575,0.0,PHE, ,C,37.73,14.92,0.0,4.20,1.0,<Residue PHE het=  resseq=1027 icode= >,3aaf_A_A,1.9
576,0.0,PHE, ,O,37.29,15.17,0.0,4.24,1.0,<Residue PHE het=  resseq=1027 icode= >,3aaf_A_A,1.9
577,0.0,PHE, ,CB,37.59,16.25,0.0,3.03,1.0,<Residue PHE het=  resseq=1027 icode= >,3aaf_A_A,1.9
578,0.0,PHE, ,CG,38.16,17.59,0.0,3.44,1.0,<Residue PHE het=  resseq=1027 icode= >,3aaf_A_A,1.9
579,0.0,PHE, ,CD1,39.18,18.69,0.0,2.68,1.0,<Residue PHE het=  resseq=1027 icode= >,3aaf_A_A,1.9
580,0.0,PHE, ,CD2,38.99,17.84,0.0,2.83,1.0,<Residue PHE het=  resseq=1027 icode= >,3aaf_A_A,1.9
581,1.447,PHE, ,CE1,40.37,19.95,0.0,2.31,1.0,<Residue PHE het=  resseq=1027 icode= >,3aaf_A_A,1.9
582,4.6,PHE, ,CE2,40.31,19.14,0.0,2.19,1.0,<Residue PHE het=  resseq=1027 icode= >,3aaf_A_A,1.9
583,15.644,PHE, ,CZ,39.43,20.16,0.0,2.07,1.0,<Residue PHE het=  resseq=1027 icode= >,3aaf_A_A,1.9
584,0.0,LEU, ,N,37.43,13.79,0.0,4.24,1.0,<Residue LEU het=  resseq=1028 icode= >,3aaf_A_A,1.9
585,0.0,LEU, ,CA,37.73,12.60,0.0,4.13,1.0,<Residue LEU het=  resseq=1028 icode= >,3aaf_A_A,1.9
586,0.0,LEU, ,C,38.17,12.28,0.0,4.93,1.0,<Residue LEU het=  resseq=1028 icode= >,3aaf_A_A,1.9
587,1.636,LEU, ,O,37.69,12.70,0.0,4.07,1.0,<Residue LEU het=  resseq=1028 icode= >,3aaf_A_A,1.9
588,0.0,LEU, ,CB,37.65,11.48,0.0,3.38,1.0,<Residue LEU het=  resseq=1028 icode= >,3aaf_A_A,1.9
589,0.0,LEU, ,CG,37.71,11.81,0.0,3.36,1.0,<Residue LEU het=  resseq=1028 icode= >,3aaf_A_A,1.9
590,0.0,LEU, ,CD1,36.79,10.93,0.0,2.81,1.0,<Residue LEU het=  resseq=1028 icode= >,3aaf_A_A,1.9
591,0.0,LEU, ,CD2,39.01,11.99,0.0,2.86,1.0,<Residue LEU het=  resseq=1028 icode= >,3aaf_A_A,1.9
592,0.0,VAL, ,N,39.22,11.75,0.0,3.91,1.0,<Residue VAL het=  resseq=1029 icode= >,3aaf_A_A,1.9
593,0.0,VAL, ,CA,40.1,11.51,0.0,3.23,1.0,<Residue VAL het=  resseq=1029 icode= >,3aaf_A_A,1.9
594,0.0,VAL, ,C,39.97,10.33,0.0,4.51,1.0,<Residue VAL het=  resseq=1029 icode= >,3aaf_A_A,1.9
595,0.0,VAL, ,O,40.85,10.14,0.0,4.64,1.0,<Residue VAL het=  resseq=1029 icode= >,3aaf_A_A,1.9
596,0.0,VAL, ,CB,40.83,12.67,0.0,2.69,1.0,<Residue VAL het=  resseq=1029 icode= >,3aaf_A_A,1.9
597,51.939,VAL, ,CG1,40.81,13.33,0.0,2.05,1.0,<Residue VAL het=  resseq=1029 icode= >,3aaf_A_A,1.9
598,13.924,VAL, ,CG2,42.41,13.71,0.0,2.32,1.0,<Residue VAL het=  resseq=1029 icode= >,3aaf_A_A,1.9
599,2.185,GLU, ,N,39.84,9.76,0.0,3.79,1.0,<Residue GLU het=  resseq=1030 icode= >,3aaf_A_A,1.9
600,0.0,GLU, ,CA,40.1,8.85,0.0,3.57,1.0,<Residue GLU het=  resseq=1030 icode= >,3aaf_A_A,1.9
601,1.56,GLU, ,C,39.2,9.24,0.0,4.42,1.0,<Residue GLU het=  resseq=1030 icode= >,3aaf_A_A,1.9
602,19.151,GLU, ,O,37.87,10.27,0.0,4.10,1.0,<Residue GLU het=  resseq=1030 icode= >,3aaf_A_A,1.9
603,12.9,GLU, ,CB,40.25,7.91,0.0,2.80,1.0,<Residue GLU het=  resseq=1030 icode= >,3aaf_A_A,1.9
604,1.111,GLU, ,CG,42.19,6.85,0.0,2.19,1.0,<Residue GLU het=  resseq=1030 icode= >,3aaf_A_A,1.9
605,0.388,GLU, ,CD,43.08,6.03,0.0,3.02,1.0,<Residue GLU het=  resseq=1030 icode= >,3aaf_A_A,1.9
606,17.527,GLU, ,OE1,48.42,6.60,0.0,1.85,1.0,<Residue GLU het=  resseq=1030 icode= >,3aaf_A_A,1.9
607,8.446,GLU, ,OE2,48.04,5.08,1.538,1.98,1.0,<Residue GLU het=  resseq=1030 icode= >,3aaf_A_A,1.9
608,0.0,VAL, ,N,38.09,8.62,0.0,4.82,1.0,<Residue VAL het=  resseq=1031 icode= >,3aaf_A_A,1.9
609,3.551,VAL, ,CA,38.75,9.34,0.0,3.91,1.0,<Residue VAL het=  resseq=1031 icode= >,3aaf_A_A,1.9
610,0.055,VAL, ,C,38.06,8.50,0.0,4.39,1.0,<Residue VAL het=  resseq=1031 icode= >,3aaf_A_A,1.9
611,0.0,VAL, ,O,37.57,7.57,0.0,4.64,1.0,<Residue VAL het=  resseq=1031 icode= >,3aaf_A_A,1.9
612,0.0,VAL, ,CB,38.49,10.14,0.0,3.69,1.0,<Residue VAL het=  resseq=1031 icode= >,3aaf_A_A,1.9
613,30.853,VAL, ,CG1,40.34,11.17,0.0,2.00,1.0,<Residue VAL het=  resseq=1031 icode= >,3aaf_A_A,1.9
614,15.544,VAL, ,CG2,39.85,10.92,0.0,2.15,1.0,<Residue VAL het=  resseq=1031 icode= >,3aaf_A_A,1.9
615,9.735,SER, ,N,37.47,8.90,0.0,4.39,1.0,<Residue SER het=  resseq=1032 icode= >,3aaf_A_A,1.9
616,0.517,SER, ,CA,38.17,8.33,0.0,4.24,1.0,<Residue SER het=  resseq=1032 icode= >,3aaf_A_A,1.9
617,0.674,SER, ,C,38.08,8.71,0.0,5.85,1.0,<Residue SER het=  resseq=1032 icode= >,3aaf_A_A,1.9
618,13.12,SER, ,O,37.93,9.73,0.0,4.35,1.0,<Residue SER het=  resseq=1032 icode= >,3aaf_A_A,1.9
619,45.223,SER, ,CB,38.65,9.21,0.0,3.14,1.0,<Residue SER het=  resseq=1032 icode= >,3aaf_A_A,1.9
620,23.462,SER, ,OG,42.73,9.06,0.0,1.67,1.0,<Residue SER het=  resseq=1032 icode= >,3aaf_A_A,1.9
621,0.0,ARG, ,N,38.38,7.83,0.0,4.46,1.0,<Residue ARG het=  resseq=1033 icode= >,3aaf_A_A,1.9
622,7.621,ARG, ,CA,38.68,7.64,0.0,3.72,1.0,<Residue ARG het=  resseq=1033 icode= >,3aaf_A_A,1.9
623,1.412,ARG, ,C,38.02,6.49,0.0,5.62,1.0,<Residue ARG het=  resseq=1033 icode= >,3aaf_A_A,1.9
624,0.0,ARG, ,O,37.73,5.92,0.0,5.11,1.0,<Residue ARG het=  resseq=1033 icode= >,3aaf_A_A,1.9
625,0.0,ARG, ,CB,39.28,7.11,0.0,3.26,1.0,<Residue ARG het=  resseq=1033 icode= >,3aaf_A_A,1.9
626,11.901,ARG, ,CG,42.14,7.07,0.0,2.55,1.0,<Residue ARG het=  resseq=1033 icode= >,3aaf_A_A,1.9
627,7.98,ARG, ,CD,45.2,7.20,0.0,2.99,1.0,<Residue ARG het=  resseq=1033 icode= >,3aaf_A_A,1.9
628,8.155,ARG, ,NE,46.92,8.64,0.0,2.51,1.0,<Residue ARG het=  resseq=1033 icode= >,3aaf_A_A,1.9
629,4.313,ARG, ,CZ,47.83,9.21,0.0,3.68,1.0,<Residue ARG het=  resseq=1033 icode= >,3aaf_A_A,1.9
630,27.029,ARG, ,NH1,48.86,8.61,0.0,2.70,1.0,<Residue ARG het=  resseq=1033 icode= >,3aaf_A_A,1.9
631,41.8,ARG, ,NH2,46.96,10.52,0.0,3.12,1.0,<Residue ARG het=  resseq=1033 icode= >,3aaf_A_A,1.9
632,9.09,TYR, ,N,38.01,6.24,0.0,4.38,1.0,<Residue TYR het=  resseq=1034 icode= >,3aaf_A_A,1.9
633,9.701,TYR, ,CA,37.57,5.12,0.0,4.56,1.0,<Residue TYR het=  resseq=1034 icode= >,3aaf_A_A,1.9
634,3.694,TYR, ,C,37.09,5.66,0.0,5.41,1.0,<Residue TYR het=  resseq=1034 icode= >,3aaf_A_A,1.9
635,31.487,TYR, ,O,37.64,6.17,0.0,3.08,1.0,<Residue TYR het=  resseq=1034 icode= >,3aaf_A_A,1.9
636,9.402,TYR, ,CB,39.02,3.79,7.075,3.26,1.0,<Residue TYR het=  resseq=1034 icode= >,3aaf_A_A,1.9
637,2.138,TYR, ,CG,41.41,3.70,2.138,4.38,1.0,<Residue TYR het=  resseq=1034 icode= >,3aaf_A_A,1.9
638,21.304,TYR, ,CD1,42.69,3.57,10.38,2.77,1.0,<Residue TYR het=  resseq=1034 icode= >,3aaf_A_A,1.9
639,5.886,TYR, ,CD2,43.94,3.51,5.886,3.13,1.0,<Residue TYR het=  resseq=1034 icode= >,3aaf_A_A,1.9
640,19.676,TYR, ,CE1,45.83,3.65,5.25,2.64,1.0,<Residue TYR het=  resseq=1034 icode= >,3aaf_A_A,1.9
641,6.194,TYR, ,CE2,45.09,3.50,6.194,2.18,1.0,<Residue TYR het=  resseq=1034 icode= >,3aaf_A_A,1.9
642,2.18,TYR, ,CZ,44.87,3.33,2.18,3.26,1.0,<Residue TYR het=  resseq=1034 icode= >,3aaf_A_A,1.9
643,1.686,TYR, ,OH,47.24,3.56,0.0,2.08,1.0,<Residue TYR het=  resseq=1034 icode= >,3aaf_A_A,1.9
644,0.338,ASN, ,N,35.66,5.70,0.0,5.33,1.0,<Residue ASN het=  resseq=1035 icode= >,3aaf_A_A,1.9
645,9.809,ASN, ,CA,35.1,6.52,0.0,3.57,1.0,<Residue ASN het=  resseq=1035 icode= >,3aaf_A_A,1.9
646,4.129,ASN, ,C,34.38,7.29,0.0,5.20,1.0,<Residue ASN het=  resseq=1035 icode= >,3aaf_A_A,1.9
647,0.29,ASN, ,O,33.84,7.21,0.0,5.19,1.0,<Residue ASN het=  resseq=1035 icode= >,3aaf_A_A,1.9
648,27.685,ASN, ,CB,34.3,6.00,0.0,3.52,1.0,<Residue ASN het=  resseq=1035 icode= >,3aaf_A_A,1.9
649,2.723,ASN, ,CG,35.49,5.04,0.0,5.23,1.0,<Residue ASN het=  resseq=1035 icode= >,3aaf_A_A,1.9
650,0.0,ASN, ,OD1,34.54,5.56,0.0,5.39,1.0,<Residue ASN het=  resseq=1035 icode= >,3aaf_A_A,1.9
651,32.553,ASN, ,ND2,33.59,3.95,8.403,4.47,1.0,<Residue ASN het=  resseq=1035 icode= >,3aaf_A_A,1.9
652,5.68,LYS, ,N,34.25,7.22,0.0,5.41,1.0,<Residue LYS het=  resseq=1036 icode= >,3aaf_A_A,1.9
653,11.379,LYS, ,CA,35.25,6.12,0.0,4.16,1.0,<Residue LYS het=  resseq=1036 icode= >,3aaf_A_A,1.9
654,0.341,LYS, ,C,35.98,4.90,0.0,4.56,1.0,<Residue LYS het=  resseq=1036 icode= >,3aaf_A_A,1.9
655,29.185,LYS, ,O,35.64,4.28,5.256,4.84,1.0,<Residue LYS het=  resseq=1036 icode= >,3aaf_A_A,1.9
656,28.473,LYS, ,CB,35.53,5.59,0.0,2.97,1.0,<Residue LYS het=  resseq=1036 icode= >,3aaf_A_A,1.9
657,5.373,LYS, ,CG,36.65,4.58,1.99,3.47,1.0,<Residue LYS het=  resseq=1036 icode= >,3aaf_A_A,1.9
658,30.928,LYS, ,CD,41.64,3.58,8.71,1.89,1.0,<Residue LYS het=  resseq=1036 icode= >,3aaf_A_A,1.9
659,21.718,LYS, ,CE,45.15,3.28,8.633,1.27,1.0,<Residue LYS het=  resseq=1036 icode= >,3aaf_A_A,1.9
660,48.922,LYS, ,NZ,48.92,3.49,4.868,0.84,1.0,<Residue LYS het=  resseq=1036 icode= >,3aaf_A_A,1.9
661,0.0,PHE, ,N,35.12,4.96,0.0,5.01,1.0,<Residue PHE het=  resseq=1037 icode= >,3aaf_A_A,1.9
662,3.251,PHE, ,CA,35.11,4.29,3.078,3.87,1.0,<Residue PHE het=  resseq=1037 icode= >,3aaf_A_A,1.9
663,1.566,PHE, ,C,35.9,4.11,0.0,4.82,1.0,<Residue PHE het=  resseq=1037 icode= >,3aaf_A_A,1.9
664,27.498,PHE, ,O,35.86,3.13,18.972,4.07,1.0,<Residue PHE het=  resseq=1037 icode= >,3aaf_A_A,1.9
665,9.327,PHE, ,CB,34.22,4.23,9.291,3.11,1.0,<Residue PHE het=  resseq=1037 icode= >,3aaf_A_A,1.9
666,2.429,PHE, ,CG,33.76,4.07,2.429,3.66,1.0,<Residue PHE het=  resseq=1037 icode= >,3aaf_A_A,1.9
667,22.891,PHE, ,CD1,32.8,3.33,22.891,3.40,1.0,<Residue PHE het=  resseq=1037 icode= >,3aaf_A_A,1.9
668,12.562,PHE, ,CD2,33.23,4.61,2.706,3.44,1.0,<Residue PHE het=  resseq=1037 icode= >,3aaf_A_A,1.9
669,32.586,PHE, ,CE1,33.34,3.17,32.586,2.97,1.0,<Residue PHE het=  resseq=1037 icode= >,3aaf_A_A,1.9
670,25.025,PHE, ,CE2,34.49,4.62,2.645,2.51,1.0,<Residue PHE het=  resseq=1037 icode= >,3aaf_A_A,1.9
671,24.026,PHE, ,CZ,34.39,3.70,17.205,3.02,1.0,<Residue PHE het=  resseq=1037 icode= >,3aaf_A_A,1.9
672,0.0,MET, ,N,35.76,4.64,0.0,4.48,1.0,<Residue MET het=  resseq=1038 icode= >,3aaf_A_A,1.9
673,1.092,MET, ,CA,36.27,3.69,1.092,3.42,1.0,<Residue MET het=  resseq=1038 icode= >,3aaf_A_A,1.9
674,1.174,MET, ,C,36.72,4.01,0.0,4.66,1.0,<Residue MET het=  resseq=1038 icode= >,3aaf_A_A,1.9
675,3.931,MET, ,O,36.19,5.19,0.0,5.15,1.0,<Residue MET het=  resseq=1038 icode= >,3aaf_A_A,1.9
676,2.565,MET, ,CB,35.91,4.28,2.565,3.49,1.0,<Residue MET het=  resseq=1038 icode= >,3aaf_A_A,1.9
677,3.597,MET, ,CG,36.32,3.76,3.597,2.43,1.0,<Residue MET het=  resseq=1038 icode= >,3aaf_A_A,1.9
678,28.293,MET, ,SD,35.14,3.18,28.293,9.72,1.0,<Residue MET het=  resseq=1038 icode= >,3aaf_A_A,1.9
679,56.532,MET, ,CE,35.1,3.57,37.594,3.56,1.0,<Residue MET het=  resseq=1038 icode= >,3aaf_A_A,1.9
680,2.391,LYS, ,N,37.56,3.34,2.391,4.45,1.0,<Residue LYS het=  resseq=1039 icode= >,3aaf_A_A,1.9
681,0.0,LYS, ,CA,39.0,4.39,0.0,3.54,1.0,<Residue LYS het=  resseq=1039 icode= >,3aaf_A_A,1.9
682,0.0,LYS, ,C,39.46,4.20,0.0,4.17,1.0,<Residue LYS het=  resseq=1039 icode= >,3aaf_A_A,1.9
683,9.283,LYS, ,O,40.28,3.01,9.283,3.83,1.0,<Residue LYS het=  resseq=1039 icode= >,3aaf_A_A,1.9
684,9.206,LYS, ,CB,39.09,4.68,0.0,3.97,1.0,<Residue LYS het=  resseq=1039 icode= >,3aaf_A_A,1.9
685,11.941,LYS, ,CG,41.97,3.70,8.824,2.02,1.0,<Residue LYS het=  resseq=1039 icode= >,3aaf_A_A,1.9
686,15.285,LYS, ,CD,44.93,4.60,0.0,1.07,1.0,<Residue LYS het=  resseq=1039 icode= >,3aaf_A_A,1.9
687,32.572,LYS, ,CE,45.62,3.64,28.638,1.86,1.0,<Residue LYS het=  resseq=1039 icode= >,3aaf_A_A,1.9
688,27.946,LYS, ,NZ,48.69,4.34,5.843,1.43,1.0,<Residue LYS het=  resseq=1039 icode= >,3aaf_A_A,1.9
689,0.0,ILE, ,N,39.14,5.21,0.0,4.52,1.0,<Residue ILE het=  resseq=1040 icode= >,3aaf_A_A,1.9
690,0.0,ILE, ,CA,39.81,5.26,0.0,4.38,1.0,<Residue ILE het=  resseq=1040 icode= >,3aaf_A_A,1.9
691,0.335,ILE, ,C,40.45,6.11,0.0,5.31,1.0,<Residue ILE het=  resseq=1040 icode= >,3aaf_A_A,1.9
692,0.0,ILE, ,O,40.27,6.80,0.0,4.28,1.0,<Residue ILE het=  resseq=1040 icode= >,3aaf_A_A,1.9
693,0.0,ILE, ,CB,39.63,6.04,0.0,4.24,1.0,<Residue ILE het=  resseq=1040 icode= >,3aaf_A_A,1.9
694,0.0,ILE, ,CG1,39.93,7.17,0.0,3.46,1.0,<Residue ILE het=  resseq=1040 icode= >,3aaf_A_A,1.9
695,2.425,ILE, ,CG2,39.86,4.73,2.425,3.09,1.0,<Residue ILE het=  resseq=1040 icode= >,3aaf_A_A,1.9
696,0.236,ILE, ,CD1,42.14,8.52,0.0,2.19,1.0,<Residue ILE het=  resseq=1040 icode= >,3aaf_A_A,1.9
697,0.0,CYS, ,N,40.76,6.38,0.0,4.12,1.0,<Residue CYS het=  resseq=1041 icode= >,3aaf_A_A,1.9
698,0.0,CYS, ,CA,40.63,7.54,0.0,3.56,1.0,<Residue CYS het=  resseq=1041 icode= >,3aaf_A_A,1.9
699,0.0,CYS, ,C,40.44,8.68,0.0,5.09,1.0,<Residue CYS het=  resseq=1041 icode= >,3aaf_A_A,1.9
700,1.316,CYS, ,O,40.34,8.36,0.0,5.05,1.0,<Residue CYS het=  resseq=1041 icode= >,3aaf_A_A,1.9
701,1.998,CYS, ,CB,41.08,7.26,0.0,3.00,1.0,<Residue CYS het=  resseq=1041 icode= >,3aaf_A_A,1.9
702,0.669,CYS, ,SG,42.7,8.02,0.0,6.63,1.0,<Residue CYS het=  resseq=1041 icode= >,3aaf_A_A,1.9
703,0.0,ALA, ,N,40.03,9.75,0.0,4.34,1.0,<Residue ALA het=  resseq=1042 icode= >,3aaf_A_A,1.9
704,0.0,ALA, ,CA,39.69,10.98,0.0,4.15,1.0,<Residue ALA het=  resseq=1042 icode= >,3aaf_A_A,1.9
705,0.0,ALA, ,C,39.8,12.17,0.0,4.89,1.0,<Residue ALA het=  resseq=1042 icode= >,3aaf_A_A,1.9
706,0.0,ALA, ,O,39.15,12.31,0.0,5.09,1.0,<Residue ALA het=  resseq=1042 icode= >,3aaf_A_A,1.9
707,10.366,ALA, ,CB,39.72,11.42,0.0,3.19,1.0,<Residue ALA het=  resseq=1042 icode= >,3aaf_A_A,1.9
708,0.0,LEU, ,N,39.33,13.01,0.0,4.36,1.0,<Residue LEU het=  resseq=1043 icode= >,3aaf_A_A,1.9
709,0.0,LEU, ,CA,39.24,14.33,0.0,3.83,1.0,<Residue LEU het=  resseq=1043 icode= >,3aaf_A_A,1.9
710,0.0,LEU, ,C,39.5,15.22,0.0,5.14,1.0,<Residue LEU het=  resseq=1043 icode= >,3aaf_A_A,1.9
711,15.014,LEU, ,O,39.55,15.27,0.0,4.75,1.0,<Residue LEU het=  resseq=1043 icode= >,3aaf_A_A,1.9
712,0.0,LEU, ,CB,39.24,15.05,0.0,3.45,1.0,<Residue LEU het=  resseq=1043 icode= >,3aaf_A_A,1.9
713,0.0,LEU, ,CG,39.23,14.60,0.0,4.02,1.0,<Residue LEU het=  resseq=1043 icode= >,3aaf_A_A,1.9
714,0.0,LEU, ,CD1,41.15,15.61,0.0,1.54,1.0,<Residue LEU het=  resseq=1043 icode= >,3aaf_A_A,1.9
715,0.0,LEU, ,CD2,41.41,14.75,0.0,2.41,1.0,<Residue LEU het=  resseq=1043 icode= >,3aaf_A_A,1.9
716,0.0,THR, ,N,39.45,15.85,0.0,5.50,1.0,<Residue THR het=  resseq=1044 icode= >,3aaf_A_A,1.9
717,5.202,THR, ,CA,39.42,16.88,0.0,4.41,1.0,<Residue THR het=  resseq=1044 icode= >,3aaf_A_A,1.9
718,1.819,THR, ,C,39.71,18.13,0.0,5.44,1.0,<Residue THR het=  resseq=1044 icode= >,3aaf_A_A,1.9
719,0.116,THR, ,O,39.48,18.21,0.0,5.65,1.0,<Residue THR het=  resseq=1044 icode= >,3aaf_A_A,1.9
720,8.993,THR, ,CB,39.3,16.99,0.0,4.16,1.0,<Residue THR het=  resseq=1044 icode= >,3aaf_A_A,1.9
721,0.0,THR, ,OG1,39.81,17.33,0.0,4.42,1.0,<Residue THR het=  resseq=1044 icode= >,3aaf_A_A,1.9
722,12.657,THR, ,CG2,38.45,15.76,0.0,2.23,1.0,<Residue THR het=  resseq=1044 icode= >,3aaf_A_A,1.9
723,4.524,LYS, ,N,39.71,1000.00,0.0,4.43,1.0,<Residue LYS het=  resseq=1045 icode= >,3aaf_A_A,1.9
724,5.365,LYS, ,CA,40.13,1000.00,0.0,4.13,1.0,<Residue LYS het=  resseq=1045 icode= >,3aaf_A_A,1.9
725,0.0,LYS, ,C,39.53,1000.00,0.0,4.85,1.0,<Residue LYS het=  resseq=1045 icode= >,3aaf_A_A,1.9
726,0.439,LYS, ,O,38.93,1000.00,0.0,4.23,1.0,<Residue LYS het=  resseq=1045 icode= >,3aaf_A_A,1.9
727,16.963,LYS, ,CB,40.57,1000.00,0.0,3.64,1.0,<Residue LYS het=  resseq=1045 icode= >,3aaf_A_A,1.9
728,25.003,LYS, ,CG,43.16,1000.00,0.0,1.74,1.0,<Residue LYS het=  resseq=1045 icode= >,3aaf_A_A,1.9
729,30.631,LYS, ,CD,47.8,1000.00,0.0,1.17,1.0,<Residue LYS het=  resseq=1045 icode= >,3aaf_A_A,1.9
730,45.933,LYS, ,CE,50.71,1000.00,0.0,1.19,1.0,<Residue LYS het=  resseq=1045 icode= >,3aaf_A_A,1.9
731,49.048,LYS, ,NZ,54.38,1000.00,0.0,0.96,1.0,<Residue LYS het=  resseq=1045 icode= >,3aaf_A_A,1.9
732,2.92,LYS, ,N,39.09,1000.00,0.0,4.88,1.0,<Residue LYS het=  resseq=1046 icode= >,3aaf_A_A,1.9
733,4.116,LYS, ,CA,39.21,1000.00,0.0,3.35,1.0,<Residue LYS het=  resseq=1046 icode= >,3aaf_A_A,1.9
734,0.0,LYS, ,C,38.9,1000.00,0.0,4.27,1.0,<Residue LYS het=  resseq=1046 icode= >,3aaf_A_A,1.9
735,0.936,LYS, ,O,37.84,1000.00,0.0,4.36,1.0,<Residue LYS het=  resseq=1046 icode= >,3aaf_A_A,1.9
736,12.353,LYS, ,CB,39.14,1000.00,0.0,3.32,1.0,<Residue LYS het=  resseq=1046 icode= >,3aaf_A_A,1.9
737,13.518,LYS, ,CG,40.25,1000.00,0.0,3.39,1.0,<Residue LYS het=  resseq=1046 icode= >,3aaf_A_A,1.9
738,33.189,LYS, ,CD,42.29,1000.00,0.0,2.33,1.0,<Residue LYS het=  resseq=1046 icode= >,3aaf_A_A,1.9
739,2.17,LYS, ,CE,44.73,1000.00,0.0,2.05,1.0,<Residue LYS het=  resseq=1046 icode= >,3aaf_A_A,1.9
740,32.687,LYS, ,NZ,44.38,1000.00,0.0,1.76,1.0,<Residue LYS het=  resseq=1046 icode= >,3aaf_A_A,1.9
741,0.0,GLY, ,N,38.43,1000.00,0.0,4.76,1.0,<Residue GLY het=  resseq=1047 icode= >,3aaf_A_A,1.9
742,0.0,GLY, ,CA,38.78,1000.00,0.0,3.62,1.0,<Residue GLY het=  resseq=1047 icode= >,3aaf_A_A,1.9
743,0.0,GLY, ,C,39.45,1000.00,0.0,4.43,1.0,<Residue GLY het=  resseq=1047 icode= >,3aaf_A_A,1.9
744,0.0,GLY, ,O,38.85,1000.00,0.0,5.59,1.0,<Residue GLY het=  resseq=1047 icode= >,3aaf_A_A,1.9
745,0.0,ARG, ,N,39.3,1000.00,0.0,5.00,1.0,<Residue ARG het=  resseq=1048 icode= >,3aaf_A_A,1.9
746,0.0,ARG, ,CA,40.22,1000.00,0.0,4.00,1.0,<Residue ARG het=  resseq=1048 icode= >,3aaf_A_A,1.9
747,0.36,ARG, ,C,39.54,1000.00,0.0,4.81,1.0,<Residue ARG het=  resseq=1048 icode= >,3aaf_A_A,1.9
748,0.184,ARG, ,O,40.3,1000.00,0.0,4.71,1.0,<Residue ARG het=  resseq=1048 icode= >,3aaf_A_A,1.9
749,3.95,ARG, ,CB,40.98,1000.00,0.0,3.72,1.0,<Residue ARG het=  resseq=1048 icode= >,3aaf_A_A,1.9
750,14.433,ARG, ,CG,44.78,1000.00,0.0,1.95,1.0,<Residue ARG het=  resseq=1048 icode= >,3aaf_A_A,1.9
751,36.015,ARG, ,CD,45.43,1000.00,0.0,2.15,1.0,<Residue ARG het=  resseq=1048 icode= >,3aaf_A_A,1.9
752,11.339,ARG, ,NE,48.44,1000.00,0.0,3.49,1.0,<Residue ARG het=  resseq=1048 icode= >,3aaf_A_A,1.9
753,4.508,ARG, ,CZ,48.29,1000.00,0.0,3.53,1.0,<Residue ARG het=  resseq=1048 icode= >,3aaf_A_A,1.9
754,22.12,ARG, ,NH1,50.39,1000.00,0.0,2.09,1.0,<Residue ARG het=  resseq=1048 icode= >,3aaf_A_A,1.9
755,12.974,ARG, ,NH2,46.97,1000.00,0.0,3.56,1.0,<Residue ARG het=  resseq=1048 icode= >,3aaf_A_A,1.9
756,0.0,ASN, ,N,38.44,1000.00,0.0,5.19,1.0,<Residue ASN het=  resseq=1049 icode= >,3aaf_A_A,1.9
757,1.23,ASN, ,CA,38.4,1000.00,0.0,4.14,1.0,<Residue ASN het=  resseq=1049 icode= >,3aaf_A_A,1.9
758,0.0,ASN, ,C,38.02,1000.00,0.0,4.83,1.0,<Residue ASN het=  resseq=1049 icode= >,3aaf_A_A,1.9
759,0.753,ASN, ,O,37.82,1000.00,0.0,4.80,1.0,<Residue ASN het=  resseq=1049 icode= >,3aaf_A_A,1.9
760,15.232,ASN, ,CB,38.6,1000.00,0.0,3.26,1.0,<Residue ASN het=  resseq=1049 icode= >,3aaf_A_A,1.9
761,6.168,ASN, ,CG,39.39,1000.00,0.0,5.20,1.0,<Residue ASN het=  resseq=1049 icode= >,3aaf_A_A,1.9
762,32.241,ASN, ,OD1,40.03,1000.00,0.0,4.47,1.0,<Residue ASN het=  resseq=1049 icode= >,3aaf_A_A,1.9
763,41.437,ASN, ,ND2,39.85,1000.00,0.0,3.06,1.0,<Residue ASN het=  resseq=1049 icode= >,3aaf_A_A,1.9
764,0.409,TRP, ,N,37.51,1000.00,0.0,4.75,1.0,<Residue TRP het=  resseq=1050 icode= >,3aaf_A_A,1.9
765,1.052,TRP, ,CA,37.07,1000.00,0.0,3.75,1.0,<Residue TRP het=  resseq=1050 icode= >,3aaf_A_A,1.9
766,0.0,TRP, ,C,36.72,1000.00,0.0,4.96,1.0,<Residue TRP het=  resseq=1050 icode= >,3aaf_A_A,1.9
767,0.0,TRP, ,O,35.5,1000.00,0.0,5.22,1.0,<Residue TRP het=  resseq=1050 icode= >,3aaf_A_A,1.9
768,2.837,TRP, ,CB,37.5,1000.00,0.0,3.53,1.0,<Residue TRP het=  resseq=1050 icode= >,3aaf_A_A,1.9
769,0.0,TRP, ,CG,36.82,1000.00,0.0,4.01,1.0,<Residue TRP het=  resseq=1050 icode= >,3aaf_A_A,1.9
770,16.689,TRP, ,CD1,37.18,1000.00,0.0,3.33,1.0,<Residue TRP het=  resseq=1050 icode= >,3aaf_A_A,1.9
771,0.0,TRP, ,CD2,37.79,1000.00,0.0,3.97,1.0,<Residue TRP het=  resseq=1050 icode= >,3aaf_A_A,1.9
772,0.388,TRP, ,NE1,36.02,1000.00,0.0,4.27,1.0,<Residue TRP het=  resseq=1050 icode= >,3aaf_A_A,1.9
773,0.0,TRP, ,CE2,37.14,1000.00,0.0,4.19,1.0,<Residue TRP het=  resseq=1050 icode= >,3aaf_A_A,1.9
774,0.0,TRP, ,CE3,38.06,1000.00,0.0,3.24,1.0,<Residue TRP het=  resseq=1050 icode= >,3aaf_A_A,1.9
775,0.0,TRP, ,CZ2,37.9,1000.00,0.0,3.58,1.0,<Residue TRP het=  resseq=1050 icode= >,3aaf_A_A,1.9
776,0.0,TRP, ,CZ3,38.0,1000.00,0.0,2.77,1.0,<Residue TRP het=  resseq=1050 icode= >,3aaf_A_A,1.9
777,0.635,TRP, ,CH2,38.45,1000.00,0.0,3.08,1.0,<Residue TRP het=  resseq=1050 icode= >,3aaf_A_A,1.9
778,0.0,LEU, ,N,36.22,1000.00,0.0,5.03,1.0,<Residue LEU het=  resseq=1051 icode= >,3aaf_A_A,1.9
779,0.0,LEU, ,CA,37.13,1000.00,0.0,3.85,1.0,<Residue LEU het=  resseq=1051 icode= >,3aaf_A_A,1.9
780,0.0,LEU, ,C,36.51,1000.00,0.0,4.78,1.0,<Residue LEU het=  resseq=1051 icode= >,3aaf_A_A,1.9
781,0.0,LEU, ,O,36.85,1000.00,0.0,4.63,1.0,<Residue LEU het=  resseq=1051 icode= >,3aaf_A_A,1.9
782,0.309,LEU, ,CB,37.43,1000.00,0.0,3.42,1.0,<Residue LEU het=  resseq=1051 icode= >,3aaf_A_A,1.9
783,1.27,LEU, ,CG,38.72,1000.00,0.0,3.81,1.0,<Residue LEU het=  resseq=1051 icode= >,3aaf_A_A,1.9
784,0.214,LEU, ,CD1,41.06,1000.00,0.0,1.96,1.0,<Residue LEU het=  resseq=1051 icode= >,3aaf_A_A,1.9
785,9.948,LEU, ,CD2,38.65,1000.00,0.0,2.02,1.0,<Residue LEU het=  resseq=1051 icode= >,3aaf_A_A,1.9
786,0.467,HIS, ,N,36.75,1000.00,0.0,4.01,1.0,<Residue HIS het=  resseq=1052 icode= >,3aaf_A_A,1.9
787,3.913,HIS, ,CA,36.8,1000.00,0.0,3.68,1.0,<Residue HIS het=  resseq=1052 icode= >,3aaf_A_A,1.9
788,0.0,HIS, ,C,36.85,1000.00,0.0,4.94,1.0,<Residue HIS het=  resseq=1052 icode= >,3aaf_A_A,1.9
789,3.071,HIS, ,O,35.71,1000.00,0.0,4.97,1.0,<Residue HIS het=  resseq=1052 icode= >,3aaf_A_A,1.9
790,6.332,HIS, ,CB,36.57,1000.00,0.0,3.83,1.0,<Residue HIS het=  resseq=1052 icode= >,3aaf_A_A,1.9
791,2.84,HIS, ,CG,38.85,1000.00,0.0,3.47,1.0,<Residue HIS het=  resseq=1052 icode= >,3aaf_A_A,1.9
792,23.869,HIS, ,ND1,39.43,1000.00,0.0,3.72,1.0,<Residue HIS het=  resseq=1052 icode= >,3aaf_A_A,1.9
793,23.191,HIS, ,CD2,38.57,1000.00,0.0,3.38,1.0,<Residue HIS het=  resseq=1052 icode= >,3aaf_A_A,1.9
794,44.907,HIS, ,CE1,40.41,1000.00,0.0,3.31,1.0,<Residue HIS het=  resseq=1052 icode= >,3aaf_A_A,1.9
795,31.222,HIS, ,NE2,40.15,1000.00,0.0,4.39,1.0,<Residue HIS het=  resseq=1052 icode= >,3aaf_A_A,1.9
796,0.0,LYS, ,N,36.33,1000.00,0.0,4.94,1.0,<Residue LYS het=  resseq=1053 icode= >,3aaf_A_A,1.9
797,3.657,LYS, ,CA,36.35,1000.00,0.0,4.13,1.0,<Residue LYS het=  resseq=1053 icode= >,3aaf_A_A,1.9
798,0.0,LYS, ,C,36.64,1000.00,0.0,5.03,1.0,<Residue LYS het=  resseq=1053 icode= >,3aaf_A_A,1.9
799,0.274,LYS, ,O,36.21,1000.00,0.0,4.90,1.0,<Residue LYS het=  resseq=1053 icode= >,3aaf_A_A,1.9
800,0.972,LYS, ,CB,36.11,1000.00,0.0,3.41,1.0,<Residue LYS het=  resseq=1053 icode= >,3aaf_A_A,1.9
801,18.27,LYS, ,CG,36.4,1000.00,0.0,3.66,1.0,<Residue LYS het=  resseq=1053 icode= >,3aaf_A_A,1.9
802,30.582,LYS, ,CD,36.96,1000.00,0.0,3.30,1.0,<Residue LYS het=  resseq=1053 icode= >,3aaf_A_A,1.9
803,11.677,LYS, ,CE,37.16,1000.00,0.0,2.87,1.0,<Residue LYS het=  resseq=1053 icode= >,3aaf_A_A,1.9
804,46.231,LYS, ,NZ,35.79,1000.00,0.0,2.96,1.0,<Residue LYS het=  resseq=1053 icode= >,3aaf_A_A,1.9
805,0.0,ALA, ,N,37.31,1000.00,0.0,4.35,1.0,<Residue ALA het=  resseq=1054 icode= >,3aaf_A_A,1.9
806,0.0,ALA, ,CA,37.9,1000.00,0.0,4.12,1.0,<Residue ALA het=  resseq=1054 icode= >,3aaf_A_A,1.9
807,0.0,ALA, ,C,38.98,1000.00,0.0,4.79,1.0,<Residue ALA het=  resseq=1054 icode= >,3aaf_A_A,1.9
808,10.187,ALA, ,O,38.69,1000.00,0.0,4.19,1.0,<Residue ALA het=  resseq=1054 icode= >,3aaf_A_A,1.9
809,1.607,ALA, ,CB,38.28,1000.00,0.0,2.74,1.0,<Residue ALA het=  resseq=1054 icode= >,3aaf_A_A,1.9
810,0.0,ASN, ,N,39.32,1000.00,0.0,4.73,1.0,<Residue ASN het=  resseq=1055 icode= >,3aaf_A_A,1.9
811,0.808,ASN, ,CA,40.75,1000.00,0.0,4.49,1.0,<Residue ASN het=  resseq=1055 icode= >,3aaf_A_A,1.9
812,0.58,ASN, ,C,41.17,1000.00,0.0,4.38,1.0,<Residue ASN het=  resseq=1055 icode= >,3aaf_A_A,1.9
813,29.222,ASN, ,O,42.01,1000.00,0.0,3.47,1.0,<Residue ASN het=  resseq=1055 icode= >,3aaf_A_A,1.9
814,14.818,ASN, ,CB,41.12,1000.00,0.0,3.35,1.0,<Residue ASN het=  resseq=1055 icode= >,3aaf_A_A,1.9
815,5.247,ASN, ,CG,43.53,1000.00,0.0,4.02,1.0,<Residue ASN het=  resseq=1055 icode= >,3aaf_A_A,1.9
816,25.022,ASN, ,OD1,48.88,1000.00,0.0,2.75,1.0,<Residue ASN het=  resseq=1055 icode= >,3aaf_A_A,1.9
817,22.321,ASN, ,ND2,43.64,1000.00,0.0,2.58,1.0,<Residue ASN het=  resseq=1055 icode= >,3aaf_A_A,1.9
818,0.0,THR, ,N,40.82,1000.00,0.0,3.96,1.0,<Residue THR het=  resseq=1056 icode= >,3aaf_A_A,1.9
819,4.812,THR, ,CA,40.0,1000.00,0.0,3.33,1.0,<Residue THR het=  resseq=1056 icode= >,3aaf_A_A,1.9
820,3.083,THR, ,C,39.96,1000.00,0.0,4.75,1.0,<Residue THR het=  resseq=1056 icode= >,3aaf_A_A,1.9
821,29.244,THR, ,O,39.28,1000.00,0.0,3.97,1.0,<Residue THR het=  resseq=1056 icode= >,3aaf_A_A,1.9
822,16.089,THR, ,CB,40.31,1000.00,0.0,3.58,1.0,<Residue THR het=  resseq=1056 icode= >,3aaf_A_A,1.9
823,18.954,THR, ,OG1,39.18,1000.00,0.0,4.47,1.0,<Residue THR het=  resseq=1056 icode= >,3aaf_A_A,1.9
824,51.565,THR, ,CG2,39.14,1000.00,0.0,2.65,1.0,<Residue THR het=  resseq=1056 icode= >,3aaf_A_A,1.9
825,0.0,GLU, ,N,39.84,1000.00,0.0,4.24,1.0,<Residue GLU het=  resseq=1057 icode= >,3aaf_A_A,1.9
826,8.101,GLU, ,CA,40.47,1000.00,0.0,3.33,1.0,<Residue GLU het=  resseq=1057 icode= >,3aaf_A_A,1.9
827,0.079,GLU, ,C,40.61,1000.00,0.0,4.13,1.0,<Residue GLU het=  resseq=1057 icode= >,3aaf_A_A,1.9
828,0.0,GLU, ,O,40.2,1000.00,0.0,3.74,1.0,<Residue GLU het=  resseq=1057 icode= >,3aaf_A_A,1.9
829,19.785,GLU, ,CB,40.69,1000.00,0.0,3.00,1.0,<Residue GLU het=  resseq=1057 icode= >,3aaf_A_A,1.9
830,4.603,GLU, ,CG,41.16,1000.00,0.0,2.70,1.0,<Residue GLU het=  resseq=1057 icode= >,3aaf_A_A,1.9
831,15.544,GLU, ,CD,41.02,1000.00,0.0,4.24,1.0,<Residue GLU het=  resseq=1057 icode= >,3aaf_A_A,1.9
832,38.325,GLU, ,OE1,41.89,1000.00,0.0,3.20,1.0,<Residue GLU het=  resseq=1057 icode= >,3aaf_A_A,1.9
833,35.94,GLU, ,OE2,42.52,1000.00,0.0,3.04,1.0,<Residue GLU het=  resseq=1057 icode= >,3aaf_A_A,1.9
834,7.71,SER, ,N,40.87,1000.00,0.0,4.36,1.0,<Residue SER het=  resseq=1058 icode= >,3aaf_A_A,1.9
835,7.41,SER, ,CA,41.65,1000.00,0.0,3.08,1.0,<Residue SER het=  resseq=1058 icode= >,3aaf_A_A,1.9
836,0.601,SER, ,C,40.99,1000.00,0.0,4.34,1.0,<Residue SER het=  resseq=1058 icode= >,3aaf_A_A,1.9
837,16.641,SER, ,O,41.07,1000.00,0.0,3.60,1.0,<Residue SER het=  resseq=1058 icode= >,3aaf_A_A,1.9
838,42.687,SER, ,CB,41.83,1000.00,0.0,2.58,1.0,<Residue SER het=  resseq=1058 icode= >,3aaf_A_A,1.9
839,37.431,SER, ,OG,45.5,1000.00,0.0,1.76,1.0,<Residue SER het=  resseq=1058 icode= >,3aaf_A_A,1.9
840,2.073,GLN, ,N,41.11,1000.00,0.0,3.65,1.0,<Residue GLN het=  resseq=1059 icode= >,3aaf_A_A,1.9
841,2.235,GLN, ,CA,41.38,1000.00,0.0,3.12,1.0,<Residue GLN het=  resseq=1059 icode= >,3aaf_A_A,1.9
842,3.004,GLN, ,C,41.4,1000.00,0.0,4.23,1.0,<Residue GLN het=  resseq=1059 icode= >,3aaf_A_A,1.9
843,4.655,GLN, ,O,40.61,1000.00,0.0,3.58,1.0,<Residue GLN het=  resseq=1059 icode= >,3aaf_A_A,1.9
844,0.588,GLN, ,CB,41.46,1000.00,0.0,2.54,1.0,<Residue GLN het=  resseq=1059 icode= >,3aaf_A_A,1.9
845,0.0,GLN, ,CG,42.29,1000.00,0.0,2.66,1.0,<Residue GLN het=  resseq=1059 icode= >,3aaf_A_A,1.9
846,1.106,GLN, ,CD,43.53,1000.00,0.0,4.47,1.0,<Residue GLN het=  resseq=1059 icode= >,3aaf_A_A,1.9
847,19.455,GLN, ,OE1,44.16,1000.00,0.0,3.71,1.0,<Residue GLN het=  resseq=1059 icode= >,3aaf_A_A,1.9
848,8.474,GLN, ,NE2,43.43,1000.00,0.0,3.28,1.0,<Residue GLN het=  resseq=1059 icode= >,3aaf_A_A,1.9
849,8.476,SER, ,N,41.65,1000.00,0.0,4.56,1.0,<Residue SER het=  resseq=1060 icode= >,3aaf_A_A,1.9
850,0.408,SER, ,CA,42.45,1000.00,0.0,2.77,1.0,<Residue SER het=  resseq=1060 icode= >,3aaf_A_A,1.9
851,0.121,SER, ,C,42.69,1000.00,0.0,3.90,1.0,<Residue SER het=  resseq=1060 icode= >,3aaf_A_A,1.9
852,9.137,SER, ,O,42.78,1000.00,0.0,3.58,1.0,<Residue SER het=  resseq=1060 icode= >,3aaf_A_A,1.9
853,18.823,SER, ,CB,42.79,1000.00,0.0,3.17,1.0,<Residue SER het=  resseq=1060 icode= >,3aaf_A_A,1.9
854,28.699,SER, ,OG,43.22,1000.00,0.0,3.18,1.0,<Residue SER het=  resseq=1060 icode= >,3aaf_A_A,1.9
855,0.0,LEU, ,N,42.9,1000.00,0.0,3.04,1.0,<Residue LEU het=  resseq=1061 icode= >,3aaf_A_A,1.9
856,3.818,LEU, ,CA,43.04,1000.00,0.0,2.79,1.0,<Residue LEU het=  resseq=1061 icode= >,3aaf_A_A,1.9
857,0.0,LEU, ,C,43.77,1000.00,0.0,3.55,1.0,<Residue LEU het=  resseq=1061 icode= >,3aaf_A_A,1.9
858,0.0,LEU, ,O,43.83,1000.00,0.0,2.96,1.0,<Residue LEU het=  resseq=1061 icode= >,3aaf_A_A,1.9
859,0.0,LEU, ,CB,42.71,1000.00,0.0,2.44,1.0,<Residue LEU het=  resseq=1061 icode= >,3aaf_A_A,1.9
860,1.327,LEU, ,CG,42.15,1000.00,0.0,2.68,1.0,<Residue LEU het=  resseq=1061 icode= >,3aaf_A_A,1.9
861,0.0,LEU, ,CD1,42.57,1000.00,0.0,1.18,1.0,<Residue LEU het=  resseq=1061 icode= >,3aaf_A_A,1.9
862,2.688,LEU, ,CD2,42.09,1000.00,0.0,2.20,1.0,<Residue LEU het=  resseq=1061 icode= >,3aaf_A_A,1.9
863,4.817,ILE, ,N,44.69,1000.00,0.0,2.80,1.0,<Residue ILE het=  resseq=1062 icode= >,3aaf_A_A,1.9
864,0.0,ILE, ,CA,45.66,1000.00,0.0,2.12,1.0,<Residue ILE het=  resseq=1062 icode= >,3aaf_A_A,1.9
865,0.151,ILE, ,C,46.54,1000.00,0.0,2.86,1.0,<Residue ILE het=  resseq=1062 icode= >,3aaf_A_A,1.9
866,18.274,ILE, ,O,46.69,1000.00,0.0,2.21,1.0,<Residue ILE het=  resseq=1062 icode= >,3aaf_A_A,1.9
867,9.491,ILE, ,CB,45.67,1000.00,0.0,1.94,1.0,<Residue ILE het=  resseq=1062 icode= >,3aaf_A_A,1.9
868,23.973,ILE, ,CG1,45.45,1000.00,0.0,1.45,1.0,<Residue ILE het=  resseq=1062 icode= >,3aaf_A_A,1.9
869,18.009,ILE, ,CG2,45.71,1000.00,0.0,0.73,1.0,<Residue ILE het=  resseq=1062 icode= >,3aaf_A_A,1.9
870,25.003,ILE, ,CD1,45.98,1000.00,0.0,1.39,1.0,<Residue ILE het=  resseq=1062 icode= >,3aaf_A_A,1.9
871,0.0,LEU, ,N,47.34,1000.00,0.0,2.33,1.0,<Residue LEU het=  resseq=1063 icode= >,3aaf_A_A,1.9
872,0.824,LEU, ,CA,48.39,1000.00,0.0,1.78,1.0,<Residue LEU het=  resseq=1063 icode= >,3aaf_A_A,1.9
873,0.413,LEU, ,C,48.89,1000.00,0.0,2.22,1.0,<Residue LEU het=  resseq=1063 icode= >,3aaf_A_A,1.9
874,0.0,LEU, ,O,49.06,1000.00,0.0,2.29,1.0,<Residue LEU het=  resseq=1063 icode= >,3aaf_A_A,1.9
875,0.183,LEU, ,CB,48.34,1000.00,0.0,1.58,1.0,<Residue LEU het=  resseq=1063 icode= >,3aaf_A_A,1.9
876,0.0,LEU, ,CG,48.59,1000.00,0.0,2.03,1.0,<Residue LEU het=  resseq=1063 icode= >,3aaf_A_A,1.9
877,1.441,LEU, ,CD1,48.67,1000.00,0.0,1.32,1.0,<Residue LEU het=  resseq=1063 icode= >,3aaf_A_A,1.9
878,2.497,LEU, ,CD2,48.68,1000.00,0.0,1.05,1.0,<Residue LEU het=  resseq=1063 icode= >,3aaf_A_A,1.9
879,8.843,GLN, ,N,49.74,1000.00,0.0,1.61,1.0,<Residue GLN het=  resseq=1064 icode= >,3aaf_A_A,1.9
880,15.844,GLN, ,CA,50.47,1000.00,0.0,1.42,1.0,<Residue GLN het=  resseq=1064 icode= >,3aaf_A_A,1.9
881,4.507,GLN, ,C,50.59,1000.00,0.0,1.14,1.0,<Residue GLN het=  resseq=1064 icode= >,3aaf_A_A,1.9
882,29.063,GLN, ,O,51.05,1000.00,0.0,0.79,1.0,<Residue GLN het=  resseq=1064 icode= >,3aaf_A_A,1.9
883,27.213,GLN, ,CB,50.7,1000.00,0.0,1.44,1.0,<Residue GLN het=  resseq=1064 icode= >,3aaf_A_A,1.9
884,27.707,GLN, ,CG,51.75,1000.00,0.0,1.01,1.0,<Residue GLN het=  resseq=1064 icode= >,3aaf_A_A,1.9
885,5.469,GLN, ,CD,52.63,1000.00,0.0,1.24,1.0,<Residue GLN het=  resseq=1064 icode= >,3aaf_A_A,1.9
886,13.412,GLN, ,OE1,52.64,1000.00,0.0,1.09,1.0,<Residue GLN het=  resseq=1064 icode= >,3aaf_A_A,1.9
887,25.16,GLN, ,NE2,52.86,1000.00,0.0,1.02,1.0,<Residue GLN het=  resseq=1064 icode= >,3aaf_A_A,1.9
