,ASA,aa,altloc,atom,bfac,dens,occ,residue,id,resolu
0,53.977,GLY, ,N,48.38,1.43,1.0,<Residue GLY het=  resseq=3 icode= >,3afp_A_A,2.05
1,47.466,GLY, ,CA,47.56,1.68,1.0,<Residue GLY het=  resseq=3 icode= >,3afp_A_A,2.05
2,5.857,GLY, ,C,45.5,3.06,1.0,<Residue GLY het=  resseq=3 icode= >,3afp_A_A,2.05
3,27.503,GLY, ,O,46.89,2.14,1.0,<Residue GLY het=  resseq=3 icode= >,3afp_A_A,2.05
4,3.813,ASP, ,N,43.65,3.19,1.0,<Residue ASP het=  resseq=4 icode= >,3afp_A_A,2.05
5,5.314,ASP, ,CA,41.67,3.14,1.0,<Residue ASP het=  resseq=4 icode= >,3afp_A_A,2.05
6,0.0,ASP, ,C,39.59,3.68,1.0,<Residue ASP het=  resseq=4 icode= >,3afp_A_A,2.05
7,17.809,ASP, ,O,40.08,3.11,1.0,<Residue ASP het=  resseq=4 icode= >,3afp_A_A,2.05
8,5.374,ASP, ,CB,42.6,2.24,1.0,<Residue ASP het=  resseq=4 icode= >,3afp_A_A,2.05
9,3.194,ASP, ,CG,46.64,3.08,1.0,<Residue ASP het=  resseq=4 icode= >,3afp_A_A,2.05
10,36.519,ASP, ,OD1,50.16,2.32,1.0,<Residue ASP het=  resseq=4 icode= >,3afp_A_A,2.05
11,28.525,ASP, ,OD2,51.04,2.05,1.0,<Residue ASP het=  resseq=4 icode= >,3afp_A_A,2.05
12,4.386,THR, ,N,35.64,3.45,1.0,<Residue THR het=  resseq=5 icode= >,3afp_A_A,2.05
13,5.393,THR, ,CA,33.94,3.35,1.0,<Residue THR het=  resseq=5 icode= >,3afp_A_A,2.05
14,0.0,THR, ,C,33.28,4.40,1.0,<Residue THR het=  resseq=5 icode= >,3afp_A_A,2.05
15,0.0,THR, ,O,32.72,4.02,1.0,<Residue THR het=  resseq=5 icode= >,3afp_A_A,2.05
16,7.162,THR, ,CB,33.06,2.85,1.0,<Residue THR het=  resseq=5 icode= >,3afp_A_A,2.05
17,32.963,THR, ,OG1,32.38,3.09,1.0,<Residue THR het=  resseq=5 icode= >,3afp_A_A,2.05
18,40.457,THR, ,CG2,29.71,2.14,1.0,<Residue THR het=  resseq=5 icode= >,3afp_A_A,2.05
19,4.329,THR, ,N,32.73,3.72,1.0,<Residue THR het=  resseq=6 icode= >,3afp_A_A,2.05
20,0.0,THR, ,CA,32.35,3.33,1.0,<Residue THR het=  resseq=6 icode= >,3afp_A_A,2.05
21,0.988,THR, ,C,32.3,3.91,1.0,<Residue THR het=  resseq=6 icode= >,3afp_A_A,2.05
22,18.81,THR, ,O,31.18,3.66,1.0,<Residue THR het=  resseq=6 icode= >,3afp_A_A,2.05
23,7.734,THR, ,CB,34.23,3.64,1.0,<Residue THR het=  resseq=6 icode= >,3afp_A_A,2.05
24,31.404,THR, ,OG1,37.74,3.04,1.0,<Residue THR het=  resseq=6 icode= >,3afp_A_A,2.05
25,28.86,THR, ,CG2,33.49,1.82,1.0,<Residue THR het=  resseq=6 icode= >,3afp_A_A,2.05
26,0.18,ILE, ,N,30.3,3.80,1.0,<Residue ILE het=  resseq=7 icode= >,3afp_A_A,2.05
27,6.342,ILE, ,CA,30.44,4.09,1.0,<Residue ILE het=  resseq=7 icode= >,3afp_A_A,2.05
28,1.383,ILE, ,C,28.66,5.66,1.0,<Residue ILE het=  resseq=7 icode= >,3afp_A_A,2.05
29,0.029,ILE, ,O,27.41,4.05,1.0,<Residue ILE het=  resseq=7 icode= >,3afp_A_A,2.05
30,1.179,ILE, ,CB,32.2,4.08,1.0,<Residue ILE het=  resseq=7 icode= >,3afp_A_A,2.05
31,12.084,ILE, ,CG1,36.22,2.29,1.0,<Residue ILE het=  resseq=7 icode= >,3afp_A_A,2.05
32,0.153,ILE, ,CG2,28.75,3.08,1.0,<Residue ILE het=  resseq=7 icode= >,3afp_A_A,2.05
33,24.299,ILE, ,CD1,37.02,1.74,1.0,<Residue ILE het=  resseq=7 icode= >,3afp_A_A,2.05
34,5.6,THR, ,N,27.29,5.44,1.0,<Residue THR het=  resseq=8 icode= >,3afp_A_A,2.05
35,0.0,THR, ,CA,27.23,3.70,1.0,<Residue THR het=  resseq=8 icode= >,3afp_A_A,2.05
36,0.0,THR, ,C,26.75,5.19,1.0,<Residue THR het=  resseq=8 icode= >,3afp_A_A,2.05
37,19.469,THR, ,O,26.44,4.48,1.0,<Residue THR het=  resseq=8 icode= >,3afp_A_A,2.05
38,15.04,THR, ,CB,28.06,4.10,1.0,<Residue THR het=  resseq=8 icode= >,3afp_A_A,2.05
39,21.162,THR, ,OG1,29.63,3.65,1.0,<Residue THR het=  resseq=8 icode= >,3afp_A_A,2.05
40,24.657,THR, ,CG2,28.57,2.74,1.0,<Residue THR het=  resseq=8 icode= >,3afp_A_A,2.05
41,0.0,ILE, ,N,26.87,4.60,1.0,<Residue ILE het=  resseq=9 icode= >,3afp_A_A,2.05
42,2.949,ILE, ,CA,27.15,4.04,1.0,<Residue ILE het=  resseq=9 icode= >,3afp_A_A,2.05
43,0.0,ILE, ,C,28.4,5.05,1.0,<Residue ILE het=  resseq=9 icode= >,3afp_A_A,2.05
44,0.0,ILE, ,O,28.6,4.81,1.0,<Residue ILE het=  resseq=9 icode= >,3afp_A_A,2.05
45,0.384,ILE, ,CB,27.31,3.51,1.0,<Residue ILE het=  resseq=9 icode= >,3afp_A_A,2.05
46,5.028,ILE, ,CG1,27.31,2.57,1.0,<Residue ILE het=  resseq=9 icode= >,3afp_A_A,2.05
47,0.222,ILE, ,CG2,27.84,2.17,1.0,<Residue ILE het=  resseq=9 icode= >,3afp_A_A,2.05
48,0.0,ILE, ,CD1,26.67,2.61,1.0,<Residue ILE het=  resseq=9 icode= >,3afp_A_A,2.05
49,4.582,VAL, ,N,27.79,4.58,1.0,<Residue VAL het=  resseq=10 icode= >,3afp_A_A,2.05
50,0.0,VAL, ,CA,26.95,3.22,1.0,<Residue VAL het=  resseq=10 icode= >,3afp_A_A,2.05
51,0.048,VAL, ,C,27.12,4.62,1.0,<Residue VAL het=  resseq=10 icode= >,3afp_A_A,2.05
52,5.865,VAL, ,O,28.21,4.33,1.0,<Residue VAL het=  resseq=10 icode= >,3afp_A_A,2.05
53,10.46,VAL, ,CB,26.88,4.00,1.0,<Residue VAL het=  resseq=10 icode= >,3afp_A_A,2.05
54,9.697,VAL, ,CG1,28.6,2.42,1.0,<Residue VAL het=  resseq=10 icode= >,3afp_A_A,2.05
55,28.257,VAL, ,CG2,26.96,2.60,1.0,<Residue VAL het=  resseq=10 icode= >,3afp_A_A,2.05
56,0.0,GLY, ,N,26.65,4.12,1.0,<Residue GLY het=  resseq=11 icode= >,3afp_A_A,2.05
57,3.395,GLY, ,CA,26.74,3.47,1.0,<Residue GLY het=  resseq=11 icode= >,3afp_A_A,2.05
58,0.0,GLY, ,C,26.83,5.68,1.0,<Residue GLY het=  resseq=11 icode= >,3afp_A_A,2.05
59,0.0,GLY, ,O,27.14,4.77,1.0,<Residue GLY het=  resseq=11 icode= >,3afp_A_A,2.05
60,0.0,ASN, ,N,27.37,4.34,1.0,<Residue ASN het=  resseq=12 icode= >,3afp_A_A,2.05
61,0.0,ASN, ,CA,30.39,2.71,1.0,<Residue ASN het=  resseq=12 icode= >,3afp_A_A,2.05
62,0.0,ASN, ,C,30.46,4.41,1.0,<Residue ASN het=  resseq=12 icode= >,3afp_A_A,2.05
63,0.082,ASN, ,O,30.58,4.34,1.0,<Residue ASN het=  resseq=12 icode= >,3afp_A_A,2.05
64,12.796,ASN, ,CB,29.91,2.90,1.0,<Residue ASN het=  resseq=12 icode= >,3afp_A_A,2.05
65,6.157,ASN, ,CG,32.57,4.51,1.0,<Residue ASN het=  resseq=12 icode= >,3afp_A_A,2.05
66,20.048,ASN, ,OD1,39.32,3.06,1.0,<Residue ASN het=  resseq=12 icode= >,3afp_A_A,2.05
67,17.463,ASN, ,ND2,34.37,3.25,1.0,<Residue ASN het=  resseq=12 icode= >,3afp_A_A,2.05
68,0.0,LEU, ,N,31.65,3.38,1.0,<Residue LEU het=  resseq=13 icode= >,3afp_A_A,2.05
69,0.0,LEU, ,CA,33.6,3.03,1.0,<Residue LEU het=  resseq=13 icode= >,3afp_A_A,2.05
70,0.017,LEU, ,C,34.67,3.66,1.0,<Residue LEU het=  resseq=13 icode= >,3afp_A_A,2.05
71,2.914,LEU, ,O,34.55,3.34,1.0,<Residue LEU het=  resseq=13 icode= >,3afp_A_A,2.05
72,0.0,LEU, ,CB,32.62,2.86,1.0,<Residue LEU het=  resseq=13 icode= >,3afp_A_A,2.05
73,0.014,LEU, ,CG,36.69,3.61,1.0,<Residue LEU het=  resseq=13 icode= >,3afp_A_A,2.05
74,0.0,LEU, ,CD1,34.8,2.23,1.0,<Residue LEU het=  resseq=13 icode= >,3afp_A_A,2.05
75,0.0,LEU, ,CD2,37.63,1.44,1.0,<Residue LEU het=  resseq=13 icode= >,3afp_A_A,2.05
76,0.004,THR, ,N,34.5,3.47,1.0,<Residue THR het=  resseq=14 icode= >,3afp_A_A,2.05
77,7.833,THR, ,CA,36.71,3.74,1.0,<Residue THR het=  resseq=14 icode= >,3afp_A_A,2.05
78,0.0,THR, ,C,38.64,4.13,1.0,<Residue THR het=  resseq=14 icode= >,3afp_A_A,2.05
79,14.029,THR, ,O,39.43,2.78,1.0,<Residue THR het=  resseq=14 icode= >,3afp_A_A,2.05
80,16.217,THR, ,CB,36.23,3.67,1.0,<Residue THR het=  resseq=14 icode= >,3afp_A_A,2.05
81,10.644,THR, ,OG1,36.73,2.85,1.0,<Residue THR het=  resseq=14 icode= >,3afp_A_A,2.05
82,7.94,THR, ,CG2,34.62,2.54,1.0,<Residue THR het=  resseq=14 icode= >,3afp_A_A,2.05
83,0.819,ALA, ,N,39.85,3.46,1.0,<Residue ALA het=  resseq=15 icode= >,3afp_A_A,2.05
84,0.0,ALA, ,CA,42.0,2.97,1.0,<Residue ALA het=  resseq=15 icode= >,3afp_A_A,2.05
85,0.001,ALA, ,C,42.47,4.80,1.0,<Residue ALA het=  resseq=15 icode= >,3afp_A_A,2.05
86,0.841,ALA, ,O,41.35,3.58,1.0,<Residue ALA het=  resseq=15 icode= >,3afp_A_A,2.05
87,50.689,ALA, ,CB,42.55,1.15,1.0,<Residue ALA het=  resseq=15 icode= >,3afp_A_A,2.05
88,1.531,ASP, ,N,45.07,3.21,1.0,<Residue ASP het=  resseq=16 icode= >,3afp_A_A,2.05
89,0.0,ASP, ,CA,47.72,3.08,1.0,<Residue ASP het=  resseq=16 icode= >,3afp_A_A,2.05
90,0.0,ASP, ,C,48.1,3.64,1.0,<Residue ASP het=  resseq=16 icode= >,3afp_A_A,2.05
91,12.337,ASP, ,O,48.64,2.31,1.0,<Residue ASP het=  resseq=16 icode= >,3afp_A_A,2.05
92,26.691,ASP, ,CB,49.43,1.97,1.0,<Residue ASP het=  resseq=16 icode= >,3afp_A_A,2.05
93,7.111,ASP, ,CG,53.25,2.91,1.0,<Residue ASP het=  resseq=16 icode= >,3afp_A_A,2.05
94,40.433,ASP, ,OD1,60.47,1.87,1.0,<Residue ASP het=  resseq=16 icode= >,3afp_A_A,2.05
95,2.984,ASP, ,OD2,53.54,2.45,1.0,<Residue ASP het=  resseq=16 icode= >,3afp_A_A,2.05
96,0.0,PRO, ,N,49.03,3.53,1.0,<Residue PRO het=  resseq=17 icode= >,3afp_A_A,2.05
97,0.131,PRO, ,CA,50.74,2.22,1.0,<Residue PRO het=  resseq=17 icode= >,3afp_A_A,2.05
98,0.0,PRO, ,C,52.8,3.00,1.0,<Residue PRO het=  resseq=17 icode= >,3afp_A_A,2.05
99,11.873,PRO, ,O,52.78,2.04,1.0,<Residue PRO het=  resseq=17 icode= >,3afp_A_A,2.05
100,0.0,PRO, ,CB,50.36,1.77,1.0,<Residue PRO het=  resseq=17 icode= >,3afp_A_A,2.05
101,1.777,PRO, ,CG,50.59,1.71,1.0,<Residue PRO het=  resseq=17 icode= >,3afp_A_A,2.05
102,0.763,PRO, ,CD,48.58,2.23,1.0,<Residue PRO het=  resseq=17 icode= >,3afp_A_A,2.05
103,0.622,GLU, ,N,54.31,2.50,1.0,<Residue GLU het=  resseq=18 icode= >,3afp_A_A,2.05
104,7.239,GLU, ,CA,57.24,2.36,1.0,<Residue GLU het=  resseq=18 icode= >,3afp_A_A,2.05
105,0.0,GLU, ,C,57.46,2.50,1.0,<Residue GLU het=  resseq=18 icode= >,3afp_A_A,2.05
106,12.909,GLU, ,O,59.72,0.78,1.0,<Residue GLU het=  resseq=18 icode= >,3afp_A_A,2.05
107,16.021,GLU, ,CB,58.06,1.60,1.0,<Residue GLU het=  resseq=18 icode= >,3afp_A_A,2.05
108,0.0,GLU, ,CG,60.93,0.97,1.0,<Residue GLU het=  resseq=18 icode= >,3afp_A_A,2.05
109,0.05,GLU, ,CD,66.39,1.19,1.0,<Residue GLU het=  resseq=18 icode= >,3afp_A_A,2.05
110,25.091,GLU, ,OE1,70.53,0.99,1.0,<Residue GLU het=  resseq=18 icode= >,3afp_A_A,2.05
111,4.071,GLU, ,OE2,66.29,1.00,1.0,<Residue GLU het=  resseq=18 icode= >,3afp_A_A,2.05
112,0.0,LEU, ,N,56.9,2.16,1.0,<Residue LEU het=  resseq=19 icode= >,3afp_A_A,2.05
113,0.0,LEU, ,CA,56.81,1.51,1.0,<Residue LEU het=  resseq=19 icode= >,3afp_A_A,2.05
114,0.0,LEU, ,C,57.1,2.89,1.0,<Residue LEU het=  resseq=19 icode= >,3afp_A_A,2.05
115,9.754,LEU, ,O,56.66,2.39,1.0,<Residue LEU het=  resseq=19 icode= >,3afp_A_A,2.05
116,4.504,LEU, ,CB,55.47,2.10,1.0,<Residue LEU het=  resseq=19 icode= >,3afp_A_A,2.05
117,0.77,LEU, ,CG,55.98,2.15,1.0,<Residue LEU het=  resseq=19 icode= >,3afp_A_A,2.05
118,0.0,LEU, ,CD1,53.07,1.80,1.0,<Residue LEU het=  resseq=19 icode= >,3afp_A_A,2.05
119,41.491,LEU, ,CD2,57.25,0.21,1.0,<Residue LEU het=  resseq=19 icode= >,3afp_A_A,2.05
120,0.0,ARG, ,N,57.87,2.56,1.0,<Residue ARG het=  resseq=20 icode= >,3afp_A_A,2.05
121,2.212,ARG, ,CA,59.16,2.49,1.0,<Residue ARG het=  resseq=20 icode= >,3afp_A_A,2.05
122,0.0,ARG, ,C,59.61,2.81,1.0,<Residue ARG het=  resseq=20 icode= >,3afp_A_A,2.05
123,0.0,ARG, ,O,57.22,3.11,1.0,<Residue ARG het=  resseq=20 icode= >,3afp_A_A,2.05
124,9.472,ARG, ,CB,59.99,1.41,1.0,<Residue ARG het=  resseq=20 icode= >,3afp_A_A,2.05
125,9.551,ARG, ,CG,61.78,1.47,1.0,<Residue ARG het=  resseq=20 icode= >,3afp_A_A,2.05
126,22.553,ARG, ,CD,67.76,0.96,1.0,<Residue ARG het=  resseq=20 icode= >,3afp_A_A,2.05
127,0.32,ARG, ,NE,71.43,1.33,1.0,<Residue ARG het=  resseq=20 icode= >,3afp_A_A,2.05
128,5.902,ARG, ,CZ,72.22,1.79,1.0,<Residue ARG het=  resseq=20 icode= >,3afp_A_A,2.05
129,49.817,ARG, ,NH1,75.74,0.29,1.0,<Residue ARG het=  resseq=20 icode= >,3afp_A_A,2.05
130,43.698,ARG, ,NH2,72.26,1.39,1.0,<Residue ARG het=  resseq=20 icode= >,3afp_A_A,2.05
131,2.959,PHE, ,N,62.02,1.70,1.0,<Residue PHE het=  resseq=21 icode= >,3afp_A_A,2.05
132,0.0,PHE, ,CA,63.99,1.70,1.0,<Residue PHE het=  resseq=21 icode= >,3afp_A_A,2.05
133,0.262,PHE, ,C,65.37,2.43,1.0,<Residue PHE het=  resseq=21 icode= >,3afp_A_A,2.05
134,24.642,PHE, ,O,66.69,1.75,1.0,<Residue PHE het=  resseq=21 icode= >,3afp_A_A,2.05
135,17.754,PHE, ,CB,63.75,1.54,1.0,<Residue PHE het=  resseq=21 icode= >,3afp_A_A,2.05
136,2.72,PHE, ,CG,63.05,1.98,1.0,<Residue PHE het=  resseq=21 icode= >,3afp_A_A,2.05
137,17.653,PHE, ,CD1,62.78,1.44,1.0,<Residue PHE het=  resseq=21 icode= >,3afp_A_A,2.05
138,5.909,PHE, ,CD2,62.4,1.18,1.0,<Residue PHE het=  resseq=21 icode= >,3afp_A_A,2.05
139,20.24,PHE, ,CE1,62.31,0.95,1.0,<Residue PHE het=  resseq=21 icode= >,3afp_A_A,2.05
140,14.276,PHE, ,CE2,60.87,1.17,1.0,<Residue PHE het=  resseq=21 icode= >,3afp_A_A,2.05
141,16.492,PHE, ,CZ,62.09,0.81,1.0,<Residue PHE het=  resseq=21 icode= >,3afp_A_A,2.05
142,0.0,THR, ,N,71.45,1.86,1.0,<Residue THR het=  resseq=22 icode= >,3afp_A_A,2.05
143,7.919,THR, ,CA,72.02,1.73,1.0,<Residue THR het=  resseq=22 icode= >,3afp_A_A,2.05
144,3.025,THR, ,C,72.92,1.83,1.0,<Residue THR het=  resseq=22 icode= >,3afp_A_A,2.05
145,8.125,THR, ,O,72.92,1.81,1.0,<Residue THR het=  resseq=22 icode= >,3afp_A_A,2.05
146,13.14,THR, ,CB,71.68,1.81,1.0,<Residue THR het=  resseq=22 icode= >,3afp_A_A,2.05
147,2.097,THR, ,OG1,73.73,1.10,1.0,<Residue THR het=  resseq=22 icode= >,3afp_A_A,2.05
148,15.873,THR, ,CG2,71.18,0.86,1.0,<Residue THR het=  resseq=22 icode= >,3afp_A_A,2.05
149,5.252,SER, ,N,73.5,0.88,1.0,<Residue SER het=  resseq=23 icode= >,3afp_A_A,2.05
150,11.702,SER, ,CA,74.51,1.35,1.0,<Residue SER het=  resseq=23 icode= >,3afp_A_A,2.05
151,2.171,SER, ,C,74.48,2.19,1.0,<Residue SER het=  resseq=23 icode= >,3afp_A_A,2.05
152,24.943,SER, ,O,75.53,1.10,1.0,<Residue SER het=  resseq=23 icode= >,3afp_A_A,2.05
153,43.481,SER, ,CB,74.93,0.83,1.0,<Residue SER het=  resseq=23 icode= >,3afp_A_A,2.05
154,38.211,SER, ,OG,76.17,0.87,1.0,<Residue SER het=  resseq=23 icode= >,3afp_A_A,2.05
155,1.135,SER, ,N,73.32,1.92,1.0,<Residue SER het=  resseq=24 icode= >,3afp_A_A,2.05
156,13.458,SER, ,CA,73.29,1.65,1.0,<Residue SER het=  resseq=24 icode= >,3afp_A_A,2.05
157,3.491,SER, ,C,72.52,1.72,1.0,<Residue SER het=  resseq=24 icode= >,3afp_A_A,2.05
158,29.288,SER, ,O,73.12,1.63,1.0,<Residue SER het=  resseq=24 icode= >,3afp_A_A,2.05
159,45.063,SER, ,CB,74.16,0.38,1.0,<Residue SER het=  resseq=24 icode= >,3afp_A_A,2.05
160,10.429,SER, ,OG,73.79,0.71,1.0,<Residue SER het=  resseq=24 icode= >,3afp_A_A,2.05
161,0.338,GLY, ,N,70.55,0.81,1.0,<Residue GLY het=  resseq=25 icode= >,3afp_A_A,2.05
162,27.697,GLY, ,CA,68.86,0.10,1.0,<Residue GLY het=  resseq=25 icode= >,3afp_A_A,2.05
163,2.419,GLY, ,C,66.84,0.88,1.0,<Residue GLY het=  resseq=25 icode= >,3afp_A_A,2.05
164,22.796,GLY, ,O,67.1,1.36,1.0,<Residue GLY het=  resseq=25 icode= >,3afp_A_A,2.05
165,0.122,ALA, ,N,64.08,0.92,1.0,<Residue ALA het=  resseq=26 icode= >,3afp_A_A,2.05
166,6.957,ALA, ,CA,61.64,1.19,1.0,<Residue ALA het=  resseq=26 icode= >,3afp_A_A,2.05
167,0.0,ALA, ,C,58.48,2.96,1.0,<Residue ALA het=  resseq=26 icode= >,3afp_A_A,2.05
168,0.0,ALA, ,O,57.43,2.50,1.0,<Residue ALA het=  resseq=26 icode= >,3afp_A_A,2.05
169,22.66,ALA, ,CB,62.33,0.16,1.0,<Residue ALA het=  resseq=26 icode= >,3afp_A_A,2.05
170,2.748,ALA, ,N,56.41,1.95,1.0,<Residue ALA het=  resseq=27 icode= >,3afp_A_A,2.05
171,0.0,ALA, ,CA,53.56,2.60,1.0,<Residue ALA het=  resseq=27 icode= >,3afp_A_A,2.05
172,0.0,ALA, ,C,52.15,4.04,1.0,<Residue ALA het=  resseq=27 icode= >,3afp_A_A,2.05
173,0.0,ALA, ,O,50.39,3.09,1.0,<Residue ALA het=  resseq=27 icode= >,3afp_A_A,2.05
174,0.864,ALA, ,CB,52.74,1.79,1.0,<Residue ALA het=  resseq=27 icode= >,3afp_A_A,2.05
175,0.0,VAL, ,N,45.45,2.80,1.0,<Residue VAL het=  resseq=28 icode= >,3afp_A_A,2.05
176,0.0,VAL, ,CA,45.22,2.27,1.0,<Residue VAL het=  resseq=28 icode= >,3afp_A_A,2.05
177,0.0,VAL, ,C,44.8,3.36,1.0,<Residue VAL het=  resseq=28 icode= >,3afp_A_A,2.05
178,0.0,VAL, ,O,45.4,2.65,1.0,<Residue VAL het=  resseq=28 icode= >,3afp_A_A,2.05
179,0.0,VAL, ,CB,46.15,1.92,1.0,<Residue VAL het=  resseq=28 icode= >,3afp_A_A,2.05
180,12.101,VAL, ,CG1,44.41,1.67,1.0,<Residue VAL het=  resseq=28 icode= >,3afp_A_A,2.05
181,4.035,VAL, ,CG2,45.6,0.63,1.0,<Residue VAL het=  resseq=28 icode= >,3afp_A_A,2.05
182,0.0,VAL, ,N,43.0,3.28,1.0,<Residue VAL het=  resseq=29 icode= >,3afp_A_A,2.05
183,0.0,VAL, ,CA,41.22,3.10,1.0,<Residue VAL het=  resseq=29 icode= >,3afp_A_A,2.05
184,0.0,VAL, ,C,40.83,3.76,1.0,<Residue VAL het=  resseq=29 icode= >,3afp_A_A,2.05
185,0.0,VAL, ,O,41.01,2.71,1.0,<Residue VAL het=  resseq=29 icode= >,3afp_A_A,2.05
186,0.0,VAL, ,CB,42.17,2.55,1.0,<Residue VAL het=  resseq=29 icode= >,3afp_A_A,2.05
187,0.0,VAL, ,CG1,40.77,1.52,1.0,<Residue VAL het=  resseq=29 icode= >,3afp_A_A,2.05
188,0.0,VAL, ,CG2,43.8,0.75,1.0,<Residue VAL het=  resseq=29 icode= >,3afp_A_A,2.05
189,0.0,ASN, ,N,39.09,3.57,1.0,<Residue ASN het=  resseq=30 icode= >,3afp_A_A,2.05
190,0.0,ASN, ,CA,39.5,3.10,1.0,<Residue ASN het=  resseq=30 icode= >,3afp_A_A,2.05
191,0.651,ASN, ,C,38.85,3.72,1.0,<Residue ASN het=  resseq=30 icode= >,3afp_A_A,2.05
192,3.968,ASN, ,O,39.6,3.07,1.0,<Residue ASN het=  resseq=30 icode= >,3afp_A_A,2.05
193,16.958,ASN, ,CB,39.55,2.50,1.0,<Residue ASN het=  resseq=30 icode= >,3afp_A_A,2.05
194,3.909,ASN, ,CG,41.75,3.64,1.0,<Residue ASN het=  resseq=30 icode= >,3afp_A_A,2.05
195,6.195,ASN, ,OD1,44.65,2.64,1.0,<Residue ASN het=  resseq=30 icode= >,3afp_A_A,2.05
196,31.409,ASN, ,ND2,43.31,1.99,1.0,<Residue ASN het=  resseq=30 icode= >,3afp_A_A,2.05
197,0.404,PHE, ,N,36.0,3.92,1.0,<Residue PHE het=  resseq=31 icode= >,3afp_A_A,2.05
198,9.517,PHE, ,CA,34.67,3.68,1.0,<Residue PHE het=  resseq=31 icode= >,3afp_A_A,2.05
199,1.641,PHE, ,C,33.56,5.33,1.0,<Residue PHE het=  resseq=31 icode= >,3afp_A_A,2.05
200,0.706,PHE, ,O,33.26,4.11,1.0,<Residue PHE het=  resseq=31 icode= >,3afp_A_A,2.05
201,1.022,PHE, ,CB,33.18,2.79,1.0,<Residue PHE het=  resseq=31 icode= >,3afp_A_A,2.05
202,0.0,PHE, ,CG,36.35,3.23,1.0,<Residue PHE het=  resseq=31 icode= >,3afp_A_A,2.05
203,0.016,PHE, ,CD1,36.55,2.15,1.0,<Residue PHE het=  resseq=31 icode= >,3afp_A_A,2.05
204,0.0,PHE, ,CD2,33.19,3.02,1.0,<Residue PHE het=  resseq=31 icode= >,3afp_A_A,2.05
205,0.0,PHE, ,CE1,35.09,2.76,1.0,<Residue PHE het=  resseq=31 icode= >,3afp_A_A,2.05
206,0.0,PHE, ,CE2,30.22,3.21,1.0,<Residue PHE het=  resseq=31 icode= >,3afp_A_A,2.05
207,0.0,PHE, ,CZ,35.73,2.59,1.0,<Residue PHE het=  resseq=31 icode= >,3afp_A_A,2.05
208,3.395,THR, ,N,33.31,4.27,1.0,<Residue THR het=  resseq=32 icode= >,3afp_A_A,2.05
209,0.0,THR, ,CA,33.35,3.31,1.0,<Residue THR het=  resseq=32 icode= >,3afp_A_A,2.05
210,0.0,THR, ,C,31.64,4.86,1.0,<Residue THR het=  resseq=32 icode= >,3afp_A_A,2.05
211,0.0,THR, ,O,30.73,3.61,1.0,<Residue THR het=  resseq=32 icode= >,3afp_A_A,2.05
212,4.993,THR, ,CB,34.26,3.02,1.0,<Residue THR het=  resseq=32 icode= >,3afp_A_A,2.05
213,16.111,THR, ,OG1,38.2,2.45,1.0,<Residue THR het=  resseq=32 icode= >,3afp_A_A,2.05
214,8.686,THR, ,CG2,34.4,1.21,1.0,<Residue THR het=  resseq=32 icode= >,3afp_A_A,2.05
215,0.0,VAL, ,N,30.45,3.51,1.0,<Residue VAL het=  resseq=33 icode= >,3afp_A_A,2.05
216,0.0,VAL, ,CA,29.98,3.35,1.0,<Residue VAL het=  resseq=33 icode= >,3afp_A_A,2.05
217,0.0,VAL, ,C,29.9,3.99,1.0,<Residue VAL het=  resseq=33 icode= >,3afp_A_A,2.05
218,0.0,VAL, ,O,28.88,3.78,1.0,<Residue VAL het=  resseq=33 icode= >,3afp_A_A,2.05
219,0.0,VAL, ,CB,29.84,3.85,1.0,<Residue VAL het=  resseq=33 icode= >,3afp_A_A,2.05
220,0.0,VAL, ,CG1,26.91,2.91,1.0,<Residue VAL het=  resseq=33 icode= >,3afp_A_A,2.05
221,0.0,VAL, ,CG2,29.68,2.41,1.0,<Residue VAL het=  resseq=33 icode= >,3afp_A_A,2.05
222,0.0,ALA, ,N,29.28,3.95,1.0,<Residue ALA het=  resseq=34 icode= >,3afp_A_A,2.05
223,0.0,ALA, ,CA,30.28,3.16,1.0,<Residue ALA het=  resseq=34 icode= >,3afp_A_A,2.05
224,0.0,ALA, ,C,30.36,5.17,1.0,<Residue ALA het=  resseq=34 icode= >,3afp_A_A,2.05
225,0.791,ALA, ,O,29.1,4.80,1.0,<Residue ALA het=  resseq=34 icode= >,3afp_A_A,2.05
226,13.744,ALA, ,CB,31.09,1.72,1.0,<Residue ALA het=  resseq=34 icode= >,3afp_A_A,2.05
227,0.0,SER, ,N,33.04,4.52,1.0,<Residue SER het=  resseq=35 icode= >,3afp_A_A,2.05
228,0.329,SER, ,CA,35.44,3.85,1.0,<Residue SER het=  resseq=35 icode= >,3afp_A_A,2.05
229,0.0,SER, ,C,37.93,3.65,1.0,<Residue SER het=  resseq=35 icode= >,3afp_A_A,2.05
230,0.38,SER, ,O,36.44,3.22,1.0,<Residue SER het=  resseq=35 icode= >,3afp_A_A,2.05
231,0.509,SER, ,CB,34.52,3.97,1.0,<Residue SER het=  resseq=35 icode= >,3afp_A_A,2.05
232,21.043,SER, ,OG,36.96,3.85,1.0,<Residue SER het=  resseq=35 icode= >,3afp_A_A,2.05
233,5.478,THR, ,N,41.88,3.27,1.0,<Residue THR het=  resseq=36 icode= >,3afp_A_A,2.05
234,0.0,THR, ,CA,46.79,2.67,1.0,<Residue THR het=  resseq=36 icode= >,3afp_A_A,2.05
235,1.056,THR, ,C,47.12,4.30,1.0,<Residue THR het=  resseq=36 icode= >,3afp_A_A,2.05
236,13.918,THR, ,O,48.19,2.80,1.0,<Residue THR het=  resseq=36 icode= >,3afp_A_A,2.05
237,0.926,THR, ,CB,48.37,2.09,1.0,<Residue THR het=  resseq=36 icode= >,3afp_A_A,2.05
238,20.587,THR, ,OG1,54.57,1.31,1.0,<Residue THR het=  resseq=36 icode= >,3afp_A_A,2.05
239,30.738,THR, ,CG2,48.76,1.38,1.0,<Residue THR het=  resseq=36 icode= >,3afp_A_A,2.05
240,0.0,PRO, ,N,48.55,3.75,1.0,<Residue PRO het=  resseq=37 icode= >,3afp_A_A,2.05
241,15.397,PRO, ,CA,50.34,2.02,1.0,<Residue PRO het=  resseq=37 icode= >,3afp_A_A,2.05
242,0.264,PRO, ,C,51.01,1.88,1.0,<Residue PRO het=  resseq=37 icode= >,3afp_A_A,2.05
243,0.179,PRO, ,O,50.73,2.31,1.0,<Residue PRO het=  resseq=37 icode= >,3afp_A_A,2.05
244,26.328,PRO, ,CB,51.29,1.00,1.0,<Residue PRO het=  resseq=37 icode= >,3afp_A_A,2.05
245,26.945,PRO, ,CG,50.42,1.55,1.0,<Residue PRO het=  resseq=37 icode= >,3afp_A_A,2.05
246,0.76,PRO, ,CD,48.97,1.93,1.0,<Residue PRO het=  resseq=37 icode= >,3afp_A_A,2.05
247,50.769,GLU, ,N,94.7,0.52,1.0,<Residue GLU het=  resseq=46 icode= >,3afp_A_A,2.05
248,15.066,GLU, ,CA,93.89,0.65,1.0,<Residue GLU het=  resseq=46 icode= >,3afp_A_A,2.05
249,4.33,GLU, ,C,94.26,0.90,1.0,<Residue GLU het=  resseq=46 icode= >,3afp_A_A,2.05
250,29.657,GLU, ,O,95.39,0.71,1.0,<Residue GLU het=  resseq=46 icode= >,3afp_A_A,2.05
251,56.218,GLU, ,CB,93.82,0.26,1.0,<Residue GLU het=  resseq=46 icode= >,3afp_A_A,2.05
252,0.0,TRP, ,N,93.17,0.87,1.0,<Residue TRP het=  resseq=47 icode= >,3afp_A_A,2.05
253,6.398,TRP, ,CA,93.45,0.86,1.0,<Residue TRP het=  resseq=47 icode= >,3afp_A_A,2.05
254,0.0,TRP, ,C,92.41,0.77,1.0,<Residue TRP het=  resseq=47 icode= >,3afp_A_A,2.05
255,1.937,TRP, ,O,92.3,0.45,1.0,<Residue TRP het=  resseq=47 icode= >,3afp_A_A,2.05
256,27.587,TRP, ,CB,93.81,0.76,1.0,<Residue TRP het=  resseq=47 icode= >,3afp_A_A,2.05
257,1.531,TRP, ,CG,94.32,0.85,1.0,<Residue TRP het=  resseq=47 icode= >,3afp_A_A,2.05
258,34.176,TRP, ,CD1,96.44,-0.34,1.0,<Residue TRP het=  resseq=47 icode= >,3afp_A_A,2.05
259,0.334,TRP, ,CD2,94.13,1.62,1.0,<Residue TRP het=  resseq=47 icode= >,3afp_A_A,2.05
260,24.056,TRP, ,NE1,96.02,0.07,1.0,<Residue TRP het=  resseq=47 icode= >,3afp_A_A,2.05
261,3.317,TRP, ,CE2,94.96,1.07,1.0,<Residue TRP het=  resseq=47 icode= >,3afp_A_A,2.05
262,0.054,TRP, ,CE3,94.57,0.68,1.0,<Residue TRP het=  resseq=47 icode= >,3afp_A_A,2.05
263,23.827,TRP, ,CZ2,95.22,0.55,1.0,<Residue TRP het=  resseq=47 icode= >,3afp_A_A,2.05
264,13.644,TRP, ,CZ3,94.04,1.00,1.0,<Residue TRP het=  resseq=47 icode= >,3afp_A_A,2.05
265,26.595,TRP, ,CH2,94.13,1.10,1.0,<Residue TRP het=  resseq=47 icode= >,3afp_A_A,2.05
266,4.992,LYS, ,N,91.41,0.67,1.0,<Residue LYS het=  resseq=48 icode= >,3afp_A_A,2.05
267,15.839,LYS, ,CA,90.23,0.40,1.0,<Residue LYS het=  resseq=48 icode= >,3afp_A_A,2.05
268,3.82,LYS, ,C,87.31,1.00,1.0,<Residue LYS het=  resseq=48 icode= >,3afp_A_A,2.05
269,6.851,LYS, ,O,86.53,0.93,1.0,<Residue LYS het=  resseq=48 icode= >,3afp_A_A,2.05
270,22.723,LYS, ,CB,92.23,0.41,1.0,<Residue LYS het=  resseq=48 icode= >,3afp_A_A,2.05
271,27.035,LYS, ,CG,94.44,0.52,1.0,<Residue LYS het=  resseq=48 icode= >,3afp_A_A,2.05
272,21.551,LYS, ,CD,94.75,0.49,1.0,<Residue LYS het=  resseq=48 icode= >,3afp_A_A,2.05
273,19.624,LYS, ,CE,96.15,0.02,1.0,<Residue LYS het=  resseq=48 icode= >,3afp_A_A,2.05
274,43.774,LYS, ,NZ,98.55,0.02,1.0,<Residue LYS het=  resseq=48 icode= >,3afp_A_A,2.05
275,2.979,ASP, ,N,85.14,0.92,1.0,<Residue ASP het=  resseq=49 icode= >,3afp_A_A,2.05
276,0.0,ASP, ,CA,81.58,1.46,1.0,<Residue ASP het=  resseq=49 icode= >,3afp_A_A,2.05
277,0.0,ASP, ,C,79.3,1.70,1.0,<Residue ASP het=  resseq=49 icode= >,3afp_A_A,2.05
278,15.295,ASP, ,O,80.82,0.79,1.0,<Residue ASP het=  resseq=49 icode= >,3afp_A_A,2.05
279,24.816,ASP, ,CB,82.54,1.21,1.0,<Residue ASP het=  resseq=49 icode= >,3afp_A_A,2.05
280,7.974,ASP, ,CG,83.19,1.27,1.0,<Residue ASP het=  resseq=49 icode= >,3afp_A_A,2.05
281,16.476,ASP, ,OD1,85.25,0.49,1.0,<Residue ASP het=  resseq=49 icode= >,3afp_A_A,2.05
282,35.921,ASP, ,OD2,84.43,0.75,1.0,<Residue ASP het=  resseq=49 icode= >,3afp_A_A,2.05
283,0.158,GLY, ,N,75.14,1.55,1.0,<Residue GLY het=  resseq=50 icode= >,3afp_A_A,2.05
284,18.943,GLY, ,CA,71.96,1.00,1.0,<Residue GLY het=  resseq=50 icode= >,3afp_A_A,2.05
285,2.44,GLY, ,C,68.65,1.82,1.0,<Residue GLY het=  resseq=50 icode= >,3afp_A_A,2.05
286,9.73,GLY, ,O,68.35,1.38,1.0,<Residue GLY het=  resseq=50 icode= >,3afp_A_A,2.05
287,2.065,GLU, ,N,65.82,1.97,1.0,<Residue GLU het=  resseq=51 icode= >,3afp_A_A,2.05
288,8.283,GLU, ,CA,62.77,1.77,1.0,<Residue GLU het=  resseq=51 icode= >,3afp_A_A,2.05
289,0.006,GLU, ,C,58.37,2.30,1.0,<Residue GLU het=  resseq=51 icode= >,3afp_A_A,2.05
290,5.61,GLU, ,O,57.53,2.21,1.0,<Residue GLU het=  resseq=51 icode= >,3afp_A_A,2.05
291,26.162,GLU, ,CB,64.69,1.52,1.0,<Residue GLU het=  resseq=51 icode= >,3afp_A_A,2.05
292,21.457,GLU, ,CG,67.98,1.73,1.0,<Residue GLU het=  resseq=51 icode= >,3afp_A_A,2.05
293,13.084,GLU, ,CD,73.8,1.89,1.0,<Residue GLU het=  resseq=51 icode= >,3afp_A_A,2.05
294,38.849,GLU, ,OE1,77.59,0.72,1.0,<Residue GLU het=  resseq=51 icode= >,3afp_A_A,2.05
295,41.778,GLU, ,OE2,76.98,1.02,1.0,<Residue GLU het=  resseq=51 icode= >,3afp_A_A,2.05
296,7.97,ALA, ,N,53.74,2.29,1.0,<Residue ALA het=  resseq=52 icode= >,3afp_A_A,2.05
297,0.0,ALA, ,CA,49.47,2.36,1.0,<Residue ALA het=  resseq=52 icode= >,3afp_A_A,2.05
298,0.065,ALA, ,C,45.26,3.98,1.0,<Residue ALA het=  resseq=52 icode= >,3afp_A_A,2.05
299,23.428,ALA, ,O,44.95,2.81,1.0,<Residue ALA het=  resseq=52 icode= >,3afp_A_A,2.05
300,17.212,ALA, ,CB,50.28,1.07,1.0,<Residue ALA het=  resseq=52 icode= >,3afp_A_A,2.05
301,0.0,LEU, ,N,40.97,3.10,1.0,<Residue LEU het=  resseq=53 icode= >,3afp_A_A,2.05
302,1.407,LEU, ,CA,37.08,3.47,1.0,<Residue LEU het=  resseq=53 icode= >,3afp_A_A,2.05
303,0.0,LEU, ,C,35.34,3.96,1.0,<Residue LEU het=  resseq=53 icode= >,3afp_A_A,2.05
304,0.0,LEU, ,O,33.25,3.43,1.0,<Residue LEU het=  resseq=53 icode= >,3afp_A_A,2.05
305,10.89,LEU, ,CB,36.75,3.28,1.0,<Residue LEU het=  resseq=53 icode= >,3afp_A_A,2.05
306,0.0,LEU, ,CG,38.94,2.89,1.0,<Residue LEU het=  resseq=53 icode= >,3afp_A_A,2.05
307,42.084,LEU, ,CD1,38.65,1.44,1.0,<Residue LEU het=  resseq=53 icode= >,3afp_A_A,2.05
308,35.258,LEU, ,CD2,36.73,1.36,1.0,<Residue LEU het=  resseq=53 icode= >,3afp_A_A,2.05
309,3.366,PHE, ,N,33.27,3.40,1.0,<Residue PHE het=  resseq=54 icode= >,3afp_A_A,2.05
310,0.0,PHE, ,CA,33.18,3.68,1.0,<Residue PHE het=  resseq=54 icode= >,3afp_A_A,2.05
311,0.0,PHE, ,C,32.56,4.83,1.0,<Residue PHE het=  resseq=54 icode= >,3afp_A_A,2.05
312,18.001,PHE, ,O,33.99,3.80,1.0,<Residue PHE het=  resseq=54 icode= >,3afp_A_A,2.05
313,16.763,PHE, ,CB,33.78,2.68,1.0,<Residue PHE het=  resseq=54 icode= >,3afp_A_A,2.05
314,2.349,PHE, ,CG,35.73,3.10,1.0,<Residue PHE het=  resseq=54 icode= >,3afp_A_A,2.05
315,16.391,PHE, ,CD1,40.78,2.23,1.0,<Residue PHE het=  resseq=54 icode= >,3afp_A_A,2.05
316,6.117,PHE, ,CD2,36.17,2.35,1.0,<Residue PHE het=  resseq=54 icode= >,3afp_A_A,2.05
317,19.833,PHE, ,CE1,39.89,2.17,1.0,<Residue PHE het=  resseq=54 icode= >,3afp_A_A,2.05
318,16.957,PHE, ,CE2,40.8,1.95,1.0,<Residue PHE het=  resseq=54 icode= >,3afp_A_A,2.05
319,26.559,PHE, ,CZ,42.66,1.80,1.0,<Residue PHE het=  resseq=54 icode= >,3afp_A_A,2.05
320,0.0,LEU, ,N,31.29,4.09,1.0,<Residue LEU het=  resseq=55 icode= >,3afp_A_A,2.05
321,0.194,LEU, ,CA,31.24,3.43,1.0,<Residue LEU het=  resseq=55 icode= >,3afp_A_A,2.05
322,0.0,LEU, ,C,30.73,4.31,1.0,<Residue LEU het=  resseq=55 icode= >,3afp_A_A,2.05
323,0.0,LEU, ,O,29.42,4.02,1.0,<Residue LEU het=  resseq=55 icode= >,3afp_A_A,2.05
324,0.0,LEU, ,CB,30.56,3.04,1.0,<Residue LEU het=  resseq=55 icode= >,3afp_A_A,2.05
325,0.0,LEU, ,CG,32.1,3.25,1.0,<Residue LEU het=  resseq=55 icode= >,3afp_A_A,2.05
326,0.108,LEU, ,CD1,31.99,2.03,1.0,<Residue LEU het=  resseq=55 icode= >,3afp_A_A,2.05
327,7.577,LEU, ,CD2,34.79,1.73,1.0,<Residue LEU het=  resseq=55 icode= >,3afp_A_A,2.05
328,1.2,ARG, ,N,31.55,4.02,1.0,<Residue ARG het=  resseq=56 icode= >,3afp_A_A,2.05
329,0.0,ARG, ,CA,31.21,3.99,1.0,<Residue ARG het=  resseq=56 icode= >,3afp_A_A,2.05
330,0.135,ARG, ,C,30.08,5.69,1.0,<Residue ARG het=  resseq=56 icode= >,3afp_A_A,2.05
331,0.0,ARG, ,O,30.33,4.95,1.0,<Residue ARG het=  resseq=56 icode= >,3afp_A_A,2.05
332,4.469,ARG, ,CB,31.68,3.03,1.0,<Residue ARG het=  resseq=56 icode= >,3afp_A_A,2.05
333,14.065,ARG, ,CG,36.12,1.76,1.0,<Residue ARG het=  resseq=56 icode= >,3afp_A_A,2.05
334,34.52,ARG, ,CD,39.69,2.07,1.0,<Residue ARG het=  resseq=56 icode= >,3afp_A_A,2.05
335,1.089,ARG, ,NE,42.9,3.08,1.0,<Residue ARG het=  resseq=56 icode= >,3afp_A_A,2.05
336,2.47,ARG, ,CZ,40.17,4.23,1.0,<Residue ARG het=  resseq=56 icode= >,3afp_A_A,2.05
337,6.251,ARG, ,NH1,36.77,2.70,1.0,<Residue ARG het=  resseq=56 icode= >,3afp_A_A,2.05
338,30.9,ARG, ,NH2,40.3,3.35,1.0,<Residue ARG het=  resseq=56 icode= >,3afp_A_A,2.05
339,0.168,CYS, ,N,30.58,3.99,1.0,<Residue CYS het=  resseq=57 icode= >,3afp_A_A,2.05
340,0.0,CYS, ,CA,31.35,3.62,1.0,<Residue CYS het=  resseq=57 icode= >,3afp_A_A,2.05
341,0.639,CYS, ,C,31.79,5.18,1.0,<Residue CYS het=  resseq=57 icode= >,3afp_A_A,2.05
342,0.983,CYS, ,O,33.7,3.84,1.0,<Residue CYS het=  resseq=57 icode= >,3afp_A_A,2.05
343,0.0,CYS, ,CB,30.8,2.81,1.0,<Residue CYS het=  resseq=57 icode= >,3afp_A_A,2.05
344,0.0,CYS, ,SG,31.07,8.19,1.0,<Residue CYS het=  resseq=57 icode= >,3afp_A_A,2.05
345,0.0,ASN, ,N,32.47,4.52,1.0,<Residue ASN het=  resseq=58 icode= >,3afp_A_A,2.05
346,0.0,ASN, ,CA,34.44,3.62,1.0,<Residue ASN het=  resseq=58 icode= >,3afp_A_A,2.05
347,0.0,ASN, ,C,33.95,4.15,1.0,<Residue ASN het=  resseq=58 icode= >,3afp_A_A,2.05
348,0.892,ASN, ,O,32.33,4.01,1.0,<Residue ASN het=  resseq=58 icode= >,3afp_A_A,2.05
349,1.041,ASN, ,CB,37.61,2.13,1.0,<Residue ASN het=  resseq=58 icode= >,3afp_A_A,2.05
350,1.455,ASN, ,CG,38.99,3.99,1.0,<Residue ASN het=  resseq=58 icode= >,3afp_A_A,2.05
351,2.483,ASN, ,OD1,46.44,2.28,1.0,<Residue ASN het=  resseq=58 icode= >,3afp_A_A,2.05
352,9.453,ASN, ,ND2,44.29,2.13,1.0,<Residue ASN het=  resseq=58 icode= >,3afp_A_A,2.05
353,0.0,ILE, ,N,33.95,3.34,1.0,<Residue ILE het=  resseq=59 icode= >,3afp_A_A,2.05
354,1.211,ILE, ,CA,35.54,3.55,1.0,<Residue ILE het=  resseq=59 icode= >,3afp_A_A,2.05
355,0.0,ILE, ,C,36.66,4.58,1.0,<Residue ILE het=  resseq=59 icode= >,3afp_A_A,2.05
356,0.0,ILE, ,O,36.6,4.43,1.0,<Residue ILE het=  resseq=59 icode= >,3afp_A_A,2.05
357,0.0,ILE, ,CB,34.76,3.31,1.0,<Residue ILE het=  resseq=59 icode= >,3afp_A_A,2.05
358,5.309,ILE, ,CG1,37.65,2.25,1.0,<Residue ILE het=  resseq=59 icode= >,3afp_A_A,2.05
359,0.0,ILE, ,CG2,35.86,1.40,1.0,<Residue ILE het=  resseq=59 icode= >,3afp_A_A,2.05
360,2.104,ILE, ,CD1,36.97,1.29,1.0,<Residue ILE het=  resseq=59 icode= >,3afp_A_A,2.05
361,2.112,TRP, ,N,38.97,3.53,1.0,<Residue TRP het=  resseq=60 icode= >,3afp_A_A,2.05
362,0.0,TRP, ,CA,42.09,2.82,1.0,<Residue TRP het=  resseq=60 icode= >,3afp_A_A,2.05
363,0.0,TRP, ,C,43.03,3.62,1.0,<Residue TRP het=  resseq=60 icode= >,3afp_A_A,2.05
364,1.406,TRP, ,O,43.01,2.56,1.0,<Residue TRP het=  resseq=60 icode= >,3afp_A_A,2.05
365,3.608,TRP, ,CB,43.09,2.32,1.0,<Residue TRP het=  resseq=60 icode= >,3afp_A_A,2.05
366,2.705,TRP, ,CG,47.1,2.54,1.0,<Residue TRP het=  resseq=60 icode= >,3afp_A_A,2.05
367,18.809,TRP, ,CD1,49.37,2.10,1.0,<Residue TRP het=  resseq=60 icode= >,3afp_A_A,2.05
368,2.479,TRP, ,CD2,52.03,2.04,1.0,<Residue TRP het=  resseq=60 icode= >,3afp_A_A,2.05
369,8.776,TRP, ,NE1,51.22,2.51,1.0,<Residue TRP het=  resseq=60 icode= >,3afp_A_A,2.05
370,3.239,TRP, ,CE2,53.18,2.46,1.0,<Residue TRP het=  resseq=60 icode= >,3afp_A_A,2.05
371,6.429,TRP, ,CE3,55.87,0.87,1.0,<Residue TRP het=  resseq=60 icode= >,3afp_A_A,2.05
372,24.096,TRP, ,CZ2,57.17,0.92,1.0,<Residue TRP het=  resseq=60 icode= >,3afp_A_A,2.05
373,6.903,TRP, ,CZ3,57.62,1.00,1.0,<Residue TRP het=  resseq=60 icode= >,3afp_A_A,2.05
374,26.196,TRP, ,CH2,55.89,0.84,1.0,<Residue TRP het=  resseq=60 icode= >,3afp_A_A,2.05
375,0.0,ARG, ,N,44.81,2.58,1.0,<Residue ARG het=  resseq=61 icode= >,3afp_A_A,2.05
376,1.741,ARG, ,CA,45.92,2.75,1.0,<Residue ARG het=  resseq=61 icode= >,3afp_A_A,2.05
377,0.0,ARG, ,C,45.43,4.60,1.0,<Residue ARG het=  resseq=61 icode= >,3afp_A_A,2.05
378,0.0,ARG, ,O,44.66,3.10,1.0,<Residue ARG het=  resseq=61 icode= >,3afp_A_A,2.05
379,1.834,ARG, ,CB,47.14,1.87,1.0,<Residue ARG het=  resseq=61 icode= >,3afp_A_A,2.05
380,16.38,ARG, ,CG,53.61,1.14,1.0,<Residue ARG het=  resseq=61 icode= >,3afp_A_A,2.05
381,22.736,ARG, ,CD,60.89,1.37,1.0,<Residue ARG het=  resseq=61 icode= >,3afp_A_A,2.05
382,11.793,ARG, ,NE,66.09,1.76,1.0,<Residue ARG het=  resseq=61 icode= >,3afp_A_A,2.05
383,5.874,ARG, ,CZ,69.15,1.52,1.0,<Residue ARG het=  resseq=61 icode= >,3afp_A_A,2.05
384,59.664,ARG, ,NH1,69.84,1.09,1.0,<Residue ARG het=  resseq=61 icode= >,3afp_A_A,2.05
385,38.128,ARG, ,NH2,69.02,1.21,1.0,<Residue ARG het=  resseq=61 icode= >,3afp_A_A,2.05
386,0.066,GLU, ,N,46.31,3.43,1.0,<Residue GLU het=  resseq=62 icode= >,3afp_A_A,2.05
387,0.598,GLU, ,CA,47.22,3.11,1.0,<Residue GLU het=  resseq=62 icode= >,3afp_A_A,2.05
388,0.0,GLU, ,C,45.28,3.46,1.0,<Residue GLU het=  resseq=62 icode= >,3afp_A_A,2.05
389,0.0,GLU, ,O,45.85,2.71,1.0,<Residue GLU het=  resseq=62 icode= >,3afp_A_A,2.05
390,20.023,GLU, ,CB,48.33,2.08,1.0,<Residue GLU het=  resseq=62 icode= >,3afp_A_A,2.05
391,38.638,GLU, ,CG,54.87,1.62,1.0,<Residue GLU het=  resseq=62 icode= >,3afp_A_A,2.05
392,8.774,GLU, ,CD,62.83,1.96,1.0,<Residue GLU het=  resseq=62 icode= >,3afp_A_A,2.05
393,25.775,GLU, ,OE1,65.19,1.36,1.0,<Residue GLU het=  resseq=62 icode= >,3afp_A_A,2.05
394,25.946,GLU, ,OE2,66.73,1.28,1.0,<Residue GLU het=  resseq=62 icode= >,3afp_A_A,2.05
395,3.313,ALA, ,N,43.33,2.27,1.0,<Residue ALA het=  resseq=63 icode= >,3afp_A_A,2.05
396,4.949,ALA, ,CA,41.69,2.68,1.0,<Residue ALA het=  resseq=63 icode= >,3afp_A_A,2.05
397,0.0,ALA, ,C,40.76,3.92,1.0,<Residue ALA het=  resseq=63 icode= >,3afp_A_A,2.05
398,0.276,ALA, ,O,40.81,2.88,1.0,<Residue ALA het=  resseq=63 icode= >,3afp_A_A,2.05
399,36.538,ALA, ,CB,40.11,1.94,1.0,<Residue ALA het=  resseq=63 icode= >,3afp_A_A,2.05
400,0.0,ALA, ,N,39.33,3.88,1.0,<Residue ALA het=  resseq=64 icode= >,3afp_A_A,2.05
401,0.0,ALA, ,CA,39.1,3.65,1.0,<Residue ALA het=  resseq=64 icode= >,3afp_A_A,2.05
402,0.0,ALA, ,C,39.74,3.91,1.0,<Residue ALA het=  resseq=64 icode= >,3afp_A_A,2.05
403,0.0,ALA, ,O,39.47,3.01,1.0,<Residue ALA het=  resseq=64 icode= >,3afp_A_A,2.05
404,0.0,ALA, ,CB,38.79,2.14,1.0,<Residue ALA het=  resseq=64 icode= >,3afp_A_A,2.05
405,0.0,GLU, ,N,40.58,2.54,1.0,<Residue GLU het=  resseq=65 icode= >,3afp_A_A,2.05
406,0.228,GLU, ,CA,41.96,1.93,1.0,<Residue GLU het=  resseq=65 icode= >,3afp_A_A,2.05
407,0.029,GLU, ,C,40.21,4.09,1.0,<Residue GLU het=  resseq=65 icode= >,3afp_A_A,2.05
408,2.867,GLU, ,O,39.64,3.35,1.0,<Residue GLU het=  resseq=65 icode= >,3afp_A_A,2.05
409,15.21,GLU, ,CB,42.21,1.77,1.0,<Residue GLU het=  resseq=65 icode= >,3afp_A_A,2.05
410,0.918,GLU, ,CG,49.32,0.95,1.0,<Residue GLU het=  resseq=65 icode= >,3afp_A_A,2.05
411,5.208,GLU, ,CD,56.81,2.57,1.0,<Residue GLU het=  resseq=65 icode= >,3afp_A_A,2.05
412,14.256,GLU, ,OE1,61.19,1.92,1.0,<Residue GLU het=  resseq=65 icode= >,3afp_A_A,2.05
413,32.428,GLU, ,OE2,60.97,1.78,1.0,<Residue GLU het=  resseq=65 icode= >,3afp_A_A,2.05
414,0.0,ASN, ,N,40.37,3.07,1.0,<Residue ASN het=  resseq=66 icode= >,3afp_A_A,2.05
415,1.226,ASN, ,CA,41.1,2.67,1.0,<Residue ASN het=  resseq=66 icode= >,3afp_A_A,2.05
416,1.102,ASN, ,C,41.02,3.70,1.0,<Residue ASN het=  resseq=66 icode= >,3afp_A_A,2.05
417,0.0,ASN, ,O,40.72,2.79,1.0,<Residue ASN het=  resseq=66 icode= >,3afp_A_A,2.05
418,21.24,ASN, ,CB,40.76,2.36,1.0,<Residue ASN het=  resseq=66 icode= >,3afp_A_A,2.05
419,4.15,ASN, ,CG,43.86,3.56,1.0,<Residue ASN het=  resseq=66 icode= >,3afp_A_A,2.05
420,25.489,ASN, ,OD1,42.88,2.43,1.0,<Residue ASN het=  resseq=66 icode= >,3afp_A_A,2.05
421,14.583,ASN, ,ND2,40.65,2.53,1.0,<Residue ASN het=  resseq=66 icode= >,3afp_A_A,2.05
422,0.116,VAL, ,N,39.82,3.85,1.0,<Residue VAL het=  resseq=67 icode= >,3afp_A_A,2.05
423,2.032,VAL, ,CA,39.57,3.31,1.0,<Residue VAL het=  resseq=67 icode= >,3afp_A_A,2.05
424,0.0,VAL, ,C,40.97,3.83,1.0,<Residue VAL het=  resseq=67 icode= >,3afp_A_A,2.05
425,0.0,VAL, ,O,39.63,3.62,1.0,<Residue VAL het=  resseq=67 icode= >,3afp_A_A,2.05
426,0.0,VAL, ,CB,38.16,3.54,1.0,<Residue VAL het=  resseq=67 icode= >,3afp_A_A,2.05
427,0.0,VAL, ,CG1,37.7,2.98,1.0,<Residue VAL het=  resseq=67 icode= >,3afp_A_A,2.05
428,5.793,VAL, ,CG2,37.63,2.49,1.0,<Residue VAL het=  resseq=67 icode= >,3afp_A_A,2.05
429,0.0,ALA, ,N,42.43,2.81,1.0,<Residue ALA het=  resseq=68 icode= >,3afp_A_A,2.05
430,0.118,ALA, ,CA,42.52,2.71,1.0,<Residue ALA het=  resseq=68 icode= >,3afp_A_A,2.05
431,1.075,ALA, ,C,43.16,3.60,1.0,<Residue ALA het=  resseq=68 icode= >,3afp_A_A,2.05
432,21.219,ALA, ,O,43.77,2.59,1.0,<Residue ALA het=  resseq=68 icode= >,3afp_A_A,2.05
433,5.696,ALA, ,CB,42.69,1.28,1.0,<Residue ALA het=  resseq=68 icode= >,3afp_A_A,2.05
434,0.635,GLU, ,N,43.89,3.22,1.0,<Residue GLU het=  resseq=69 icode= >,3afp_A_A,2.05
435,9.347,GLU, ,CA,45.78,2.72,1.0,<Residue GLU het=  resseq=69 icode= >,3afp_A_A,2.05
436,1.166,GLU, ,C,45.12,3.53,1.0,<Residue GLU het=  resseq=69 icode= >,3afp_A_A,2.05
437,25.428,GLU, ,O,44.26,2.72,1.0,<Residue GLU het=  resseq=69 icode= >,3afp_A_A,2.05
438,5.714,GLU, ,CB,47.0,1.55,1.0,<Residue GLU het=  resseq=69 icode= >,3afp_A_A,2.05
439,27.993,GLU, ,CG,53.76,1.17,1.0,<Residue GLU het=  resseq=69 icode= >,3afp_A_A,2.05
440,12.355,GLU, ,CD,62.77,1.34,1.0,<Residue GLU het=  resseq=69 icode= >,3afp_A_A,2.05
441,31.379,GLU, ,OE1,67.48,0.98,1.0,<Residue GLU het=  resseq=69 icode= >,3afp_A_A,2.05
442,40.753,GLU, ,OE2,68.97,0.81,1.0,<Residue GLU het=  resseq=69 icode= >,3afp_A_A,2.05
443,0.0,SER, ,N,43.19,3.14,1.0,<Residue SER het=  resseq=70 icode= >,3afp_A_A,2.05
444,6.941,SER, ,CA,42.19,3.57,1.0,<Residue SER het=  resseq=70 icode= >,3afp_A_A,2.05
445,1.797,SER, ,C,41.73,3.98,1.0,<Residue SER het=  resseq=70 icode= >,3afp_A_A,2.05
446,25.758,SER, ,O,41.79,2.73,1.0,<Residue SER het=  resseq=70 icode= >,3afp_A_A,2.05
447,23.124,SER, ,CB,40.62,3.30,1.0,<Residue SER het=  resseq=70 icode= >,3afp_A_A,2.05
448,21.122,SER, ,OG,43.11,2.84,1.0,<Residue SER het=  resseq=70 icode= >,3afp_A_A,2.05
449,0.0,LEU, ,N,40.28,3.39,1.0,<Residue LEU het=  resseq=71 icode= >,3afp_A_A,2.05
450,0.852,LEU, ,CA,40.13,3.25,1.0,<Residue LEU het=  resseq=71 icode= >,3afp_A_A,2.05
451,0.0,LEU, ,C,41.34,3.49,1.0,<Residue LEU het=  resseq=71 icode= >,3afp_A_A,2.05
452,4.789,LEU, ,O,41.46,2.60,1.0,<Residue LEU het=  resseq=71 icode= >,3afp_A_A,2.05
453,0.0,LEU, ,CB,39.5,2.27,1.0,<Residue LEU het=  resseq=71 icode= >,3afp_A_A,2.05
454,1.184,LEU, ,CG,38.34,3.08,1.0,<Residue LEU het=  resseq=71 icode= >,3afp_A_A,2.05
455,2.46,LEU, ,CD1,34.4,1.77,1.0,<Residue LEU het=  resseq=71 icode= >,3afp_A_A,2.05
456,5.655,LEU, ,CD2,37.94,1.41,1.0,<Residue LEU het=  resseq=71 icode= >,3afp_A_A,2.05
457,0.838,THR, ,N,41.06,3.54,1.0,<Residue THR het=  resseq=72 icode= >,3afp_A_A,2.05
458,0.0,THR, ,CA,42.89,3.01,1.0,<Residue THR het=  resseq=72 icode= >,3afp_A_A,2.05
459,0.0,THR, ,C,42.11,3.69,1.0,<Residue THR het=  resseq=72 icode= >,3afp_A_A,2.05
460,0.0,THR, ,O,40.89,2.84,1.0,<Residue THR het=  resseq=72 icode= >,3afp_A_A,2.05
461,8.21,THR, ,CB,43.41,2.72,1.0,<Residue THR het=  resseq=72 icode= >,3afp_A_A,2.05
462,22.053,THR, ,OG1,45.0,2.53,1.0,<Residue THR het=  resseq=72 icode= >,3afp_A_A,2.05
463,52.395,THR, ,CG2,47.57,0.95,1.0,<Residue THR het=  resseq=72 icode= >,3afp_A_A,2.05
464,0.0,ARG, ,N,42.04,3.31,1.0,<Residue ARG het=  resseq=73 icode= >,3afp_A_A,2.05
465,0.0,ARG, ,CA,42.75,3.03,1.0,<Residue ARG het=  resseq=73 icode= >,3afp_A_A,2.05
466,0.107,ARG, ,C,42.03,3.53,1.0,<Residue ARG het=  resseq=73 icode= >,3afp_A_A,2.05
467,17.547,ARG, ,O,39.85,3.21,1.0,<Residue ARG het=  resseq=73 icode= >,3afp_A_A,2.05
468,5.735,ARG, ,CB,43.82,2.29,1.0,<Residue ARG het=  resseq=73 icode= >,3afp_A_A,2.05
469,2.472,ARG, ,CG,49.38,1.43,1.0,<Residue ARG het=  resseq=73 icode= >,3afp_A_A,2.05
470,17.09,ARG, ,CD,57.39,1.71,1.0,<Residue ARG het=  resseq=73 icode= >,3afp_A_A,2.05
471,14.477,ARG, ,NE,64.35,1.75,1.0,<Residue ARG het=  resseq=73 icode= >,3afp_A_A,2.05
472,6.56,ARG, ,CZ,68.58,1.56,1.0,<Residue ARG het=  resseq=73 icode= >,3afp_A_A,2.05
473,60.073,ARG, ,NH1,70.72,0.42,1.0,<Residue ARG het=  resseq=73 icode= >,3afp_A_A,2.05
474,41.975,ARG, ,NH2,70.09,1.18,1.0,<Residue ARG het=  resseq=73 icode= >,3afp_A_A,2.05
475,0.0,GLY, ,N,40.98,2.79,1.0,<Residue GLY het=  resseq=74 icode= >,3afp_A_A,2.05
476,25.644,GLY, ,CA,38.64,2.38,1.0,<Residue GLY het=  resseq=74 icode= >,3afp_A_A,2.05
477,4.345,GLY, ,C,37.03,4.61,1.0,<Residue GLY het=  resseq=74 icode= >,3afp_A_A,2.05
478,9.599,GLY, ,O,37.62,3.31,1.0,<Residue GLY het=  resseq=74 icode= >,3afp_A_A,2.05
479,0.539,ALA, ,N,34.99,4.27,1.0,<Residue ALA het=  resseq=75 icode= >,3afp_A_A,2.05
480,10.985,ALA, ,CA,34.36,3.27,1.0,<Residue ALA het=  resseq=75 icode= >,3afp_A_A,2.05
481,0.0,ALA, ,C,33.91,4.14,1.0,<Residue ALA het=  resseq=75 icode= >,3afp_A_A,2.05
482,0.0,ALA, ,O,32.35,4.01,1.0,<Residue ALA het=  resseq=75 icode= >,3afp_A_A,2.05
483,11.96,ALA, ,CB,34.31,1.92,1.0,<Residue ALA het=  resseq=75 icode= >,3afp_A_A,2.05
484,6.281,ARG, ,N,31.9,3.80,1.0,<Residue ARG het=  resseq=76 icode= >,3afp_A_A,2.05
485,0.0,ARG, ,CA,29.81,3.83,1.0,<Residue ARG het=  resseq=76 icode= >,3afp_A_A,2.05
486,0.0,ARG, ,C,29.71,4.57,1.0,<Residue ARG het=  resseq=76 icode= >,3afp_A_A,2.05
487,1.006,ARG, ,O,31.09,3.52,1.0,<Residue ARG het=  resseq=76 icode= >,3afp_A_A,2.05
488,14.2,ARG, ,CB,28.74,2.85,1.0,<Residue ARG het=  resseq=76 icode= >,3afp_A_A,2.05
489,0.0,ARG, ,CG,27.86,3.11,1.0,<Residue ARG het=  resseq=76 icode= >,3afp_A_A,2.05
490,0.568,ARG, ,CD,29.35,3.11,1.0,<Residue ARG het=  resseq=76 icode= >,3afp_A_A,2.05
491,0.573,ARG, ,NE,30.4,4.12,1.0,<Residue ARG het=  resseq=76 icode= >,3afp_A_A,2.05
492,0.012,ARG, ,CZ,30.74,4.74,1.0,<Residue ARG het=  resseq=76 icode= >,3afp_A_A,2.05
493,23.549,ARG, ,NH1,28.77,3.17,1.0,<Residue ARG het=  resseq=76 icode= >,3afp_A_A,2.05
494,23.968,ARG, ,NH2,31.0,3.55,1.0,<Residue ARG het=  resseq=76 icode= >,3afp_A_A,2.05
495,0.0,VAL, ,N,28.01,4.15,1.0,<Residue VAL het=  resseq=77 icode= >,3afp_A_A,2.05
496,0.0,VAL, ,CA,27.45,4.33,1.0,<Residue VAL het=  resseq=77 icode= >,3afp_A_A,2.05
497,0.0,VAL, ,C,27.66,5.55,1.0,<Residue VAL het=  resseq=77 icode= >,3afp_A_A,2.05
498,0.0,VAL, ,O,27.78,4.45,1.0,<Residue VAL het=  resseq=77 icode= >,3afp_A_A,2.05
499,0.0,VAL, ,CB,29.0,2.88,1.0,<Residue VAL het=  resseq=77 icode= >,3afp_A_A,2.05
500,0.0,VAL, ,CG1,27.02,2.16,1.0,<Residue VAL het=  resseq=77 icode= >,3afp_A_A,2.05
501,0.0,VAL, ,CG2,28.1,2.57,1.0,<Residue VAL het=  resseq=77 icode= >,3afp_A_A,2.05
502,0.0,ILE, ,N,26.75,4.89,1.0,<Residue ILE het=  resseq=78 icode= >,3afp_A_A,2.05
503,0.0,ILE, ,CA,28.84,3.29,1.0,<Residue ILE het=  resseq=78 icode= >,3afp_A_A,2.05
504,0.247,ILE, ,C,29.44,4.69,1.0,<Residue ILE het=  resseq=78 icode= >,3afp_A_A,2.05
505,1.886,ILE, ,O,29.15,4.79,1.0,<Residue ILE het=  resseq=78 icode= >,3afp_A_A,2.05
506,2.709,ILE, ,CB,27.37,3.80,1.0,<Residue ILE het=  resseq=78 icode= >,3afp_A_A,2.05
507,2.413,ILE, ,CG1,32.38,2.54,1.0,<Residue ILE het=  resseq=78 icode= >,3afp_A_A,2.05
508,26.783,ILE, ,CG2,29.38,2.86,1.0,<Residue ILE het=  resseq=78 icode= >,3afp_A_A,2.05
509,44.369,ILE, ,CD1,34.5,1.84,1.0,<Residue ILE het=  resseq=78 icode= >,3afp_A_A,2.05
510,0.0,VAL, ,N,29.05,4.42,1.0,<Residue VAL het=  resseq=79 icode= >,3afp_A_A,2.05
511,0.009,VAL, ,CA,29.76,4.00,1.0,<Residue VAL het=  resseq=79 icode= >,3afp_A_A,2.05
512,0.0,VAL, ,C,29.73,4.88,1.0,<Residue VAL het=  resseq=79 icode= >,3afp_A_A,2.05
513,0.212,VAL, ,O,29.07,4.12,1.0,<Residue VAL het=  resseq=79 icode= >,3afp_A_A,2.05
514,0.0,VAL, ,CB,29.29,3.65,1.0,<Residue VAL het=  resseq=79 icode= >,3afp_A_A,2.05
515,0.0,VAL, ,CG1,30.6,2.25,1.0,<Residue VAL het=  resseq=79 icode= >,3afp_A_A,2.05
516,0.0,VAL, ,CG2,29.11,2.11,1.0,<Residue VAL het=  resseq=79 icode= >,3afp_A_A,2.05
517,0.618,THR, ,N,30.14,4.70,1.0,<Residue THR het=  resseq=80 icode= >,3afp_A_A,2.05
518,0.071,THR, ,CA,31.04,3.59,1.0,<Residue THR het=  resseq=80 icode= >,3afp_A_A,2.05
519,0.0,THR, ,C,30.6,4.54,1.0,<Residue THR het=  resseq=80 icode= >,3afp_A_A,2.05
520,0.0,THR, ,O,30.32,4.18,1.0,<Residue THR het=  resseq=80 icode= >,3afp_A_A,2.05
521,8.811,THR, ,CB,31.58,4.19,1.0,<Residue THR het=  resseq=80 icode= >,3afp_A_A,2.05
522,16.021,THR, ,OG1,37.77,2.76,1.0,<Residue THR het=  resseq=80 icode= >,3afp_A_A,2.05
523,18.292,THR, ,CG2,29.1,2.78,1.0,<Residue THR het=  resseq=80 icode= >,3afp_A_A,2.05
524,0.002,GLY, ,N,30.23,4.00,1.0,<Residue GLY het=  resseq=81 icode= >,3afp_A_A,2.05
525,0.426,GLY, ,CA,29.28,3.29,1.0,<Residue GLY het=  resseq=81 icode= >,3afp_A_A,2.05
526,0.0,GLY, ,C,30.81,4.48,1.0,<Residue GLY het=  resseq=81 icode= >,3afp_A_A,2.05
527,0.0,GLY, ,O,30.95,3.70,1.0,<Residue GLY het=  resseq=81 icode= >,3afp_A_A,2.05
528,0.0,ARG, ,N,30.92,4.41,1.0,<Residue ARG het=  resseq=82 icode= >,3afp_A_A,2.05
529,0.0,ARG, ,CA,33.78,2.99,1.0,<Residue ARG het=  resseq=82 icode= >,3afp_A_A,2.05
530,0.0,ARG, ,C,31.7,4.60,1.0,<Residue ARG het=  resseq=82 icode= >,3afp_A_A,2.05
531,0.0,ARG, ,O,29.72,4.07,1.0,<Residue ARG het=  resseq=82 icode= >,3afp_A_A,2.05
532,3.921,ARG, ,CB,34.43,2.45,1.0,<Residue ARG het=  resseq=82 icode= >,3afp_A_A,2.05
533,0.257,ARG, ,CG,44.03,0.79,1.0,<Residue ARG het=  resseq=82 icode= >,3afp_A_A,2.05
534,10.1,ARG, ,CD,54.31,0.95,1.0,<Residue ARG het=  resseq=82 icode= >,3afp_A_A,2.05
535,7.47,ARG, ,NE,60.08,1.23,1.0,<Residue ARG het=  resseq=82 icode= >,3afp_A_A,2.05
536,4.281,ARG, ,CZ,62.91,1.81,1.0,<Residue ARG het=  resseq=82 icode= >,3afp_A_A,2.05
537,9.169,ARG, ,NH1,57.32,1.67,1.0,<Residue ARG het=  resseq=82 icode= >,3afp_A_A,2.05
538,37.304,ARG, ,NH2,63.65,0.99,1.0,<Residue ARG het=  resseq=82 icode= >,3afp_A_A,2.05
539,0.0,LEU, ,N,30.48,3.91,1.0,<Residue LEU het=  resseq=83 icode= >,3afp_A_A,2.05
540,0.0,LEU, ,CA,32.08,3.12,1.0,<Residue LEU het=  resseq=83 icode= >,3afp_A_A,2.05
541,0.419,LEU, ,C,31.94,4.48,1.0,<Residue LEU het=  resseq=83 icode= >,3afp_A_A,2.05
542,17.81,LEU, ,O,32.87,3.56,1.0,<Residue LEU het=  resseq=83 icode= >,3afp_A_A,2.05
543,1.437,LEU, ,CB,31.99,2.86,1.0,<Residue LEU het=  resseq=83 icode= >,3afp_A_A,2.05
544,0.0,LEU, ,CG,35.3,3.11,1.0,<Residue LEU het=  resseq=83 icode= >,3afp_A_A,2.05
545,42.646,LEU, ,CD1,32.58,1.97,1.0,<Residue LEU het=  resseq=83 icode= >,3afp_A_A,2.05
546,0.941,LEU, ,CD2,32.99,1.69,1.0,<Residue LEU het=  resseq=83 icode= >,3afp_A_A,2.05
547,0.0,LYS, ,N,32.43,4.03,1.0,<Residue LYS het=  resseq=84 icode= >,3afp_A_A,2.05
548,5.363,LYS, ,CA,34.28,3.55,1.0,<Residue LYS het=  resseq=84 icode= >,3afp_A_A,2.05
549,1.877,LYS, ,C,33.83,4.52,1.0,<Residue LYS het=  resseq=84 icode= >,3afp_A_A,2.05
550,0.005,LYS, ,O,34.08,4.19,1.0,<Residue LYS het=  resseq=84 icode= >,3afp_A_A,2.05
551,5.907,LYS, ,CB,34.76,2.55,1.0,<Residue LYS het=  resseq=84 icode= >,3afp_A_A,2.05
552,10.38,LYS, ,CG,39.07,2.28,1.0,<Residue LYS het=  resseq=84 icode= >,3afp_A_A,2.05
553,20.443,LYS, ,CD,50.71,0.98,1.0,<Residue LYS het=  resseq=84 icode= >,3afp_A_A,2.05
554,4.033,LYS, ,CE,54.59,0.69,1.0,<Residue LYS het=  resseq=84 icode= >,3afp_A_A,2.05
555,23.228,LYS, ,NZ,58.02,0.99,1.0,<Residue LYS het=  resseq=84 icode= >,3afp_A_A,2.05
556,4.489,GLN, ,N,32.65,3.96,1.0,<Residue GLN het=  resseq=85 icode= >,3afp_A_A,2.05
557,1.261,GLN, ,CA,32.85,3.80,1.0,<Residue GLN het=  resseq=85 icode= >,3afp_A_A,2.05
558,0.708,GLN, ,C,34.08,4.71,1.0,<Residue GLN het=  resseq=85 icode= >,3afp_A_A,2.05
559,23.3,GLN, ,O,32.53,4.33,1.0,<Residue GLN het=  resseq=85 icode= >,3afp_A_A,2.05
560,16.454,GLN, ,CB,31.68,3.10,1.0,<Residue GLN het=  resseq=85 icode= >,3afp_A_A,2.05
561,1.713,GLN, ,CG,30.81,2.98,1.0,<Residue GLN het=  resseq=85 icode= >,3afp_A_A,2.05
562,5.86,GLN, ,CD,29.63,4.91,1.0,<Residue GLN het=  resseq=85 icode= >,3afp_A_A,2.05
563,37.805,GLN, ,OE1,30.41,4.41,1.0,<Residue GLN het=  resseq=85 icode= >,3afp_A_A,2.05
564,36.812,GLN, ,NE2,33.38,2.23,1.0,<Residue GLN het=  resseq=85 icode= >,3afp_A_A,2.05
565,0.22,ARG, ,N,37.22,3.37,1.0,<Residue ARG het=  resseq=86 icode= >,3afp_A_A,2.05
566,6.197,ARG, ,CA,40.44,2.66,1.0,<Residue ARG het=  resseq=86 icode= >,3afp_A_A,2.05
567,0.39,ARG, ,C,42.5,3.71,1.0,<Residue ARG het=  resseq=86 icode= >,3afp_A_A,2.05
568,0.0,ARG, ,O,40.63,2.94,1.0,<Residue ARG het=  resseq=86 icode= >,3afp_A_A,2.05
569,1.429,ARG, ,CB,39.71,2.62,1.0,<Residue ARG het=  resseq=86 icode= >,3afp_A_A,2.05
570,17.555,ARG, ,CG,41.8,2.23,1.0,<Residue ARG het=  resseq=86 icode= >,3afp_A_A,2.05
571,11.908,ARG, ,CD,36.47,3.10,1.0,<Residue ARG het=  resseq=86 icode= >,3afp_A_A,2.05
572,11.031,ARG, ,NE,40.77,2.61,1.0,<Residue ARG het=  resseq=86 icode= >,3afp_A_A,2.05
573,7.967,ARG, ,CZ,36.88,3.72,1.0,<Residue ARG het=  resseq=86 icode= >,3afp_A_A,2.05
574,46.66,ARG, ,NH1,34.55,2.48,1.0,<Residue ARG het=  resseq=86 icode= >,3afp_A_A,2.05
575,49.649,ARG, ,NH2,39.81,2.36,1.0,<Residue ARG het=  resseq=86 icode= >,3afp_A_A,2.05
576,5.528,SER, ,N,45.42,3.23,1.0,<Residue SER het=  resseq=87 icode= >,3afp_A_A,2.05
577,0.0,SER, ,CA,49.46,2.04,1.0,<Residue SER het=  resseq=87 icode= >,3afp_A_A,2.05
578,0.028,SER, ,C,51.09,2.95,1.0,<Residue SER het=  resseq=87 icode= >,3afp_A_A,2.05
579,22.163,SER, ,O,51.49,3.19,1.0,<Residue SER het=  resseq=87 icode= >,3afp_A_A,2.05
580,9.371,SER, ,CB,50.03,2.13,1.0,<Residue SER het=  resseq=87 icode= >,3afp_A_A,2.05
581,32.586,SER, ,OG,54.49,1.47,1.0,<Residue SER het=  resseq=87 icode= >,3afp_A_A,2.05
582,0.0,PHE, ,N,53.1,1.80,1.0,<Residue PHE het=  resseq=88 icode= >,3afp_A_A,2.05
583,3.889,PHE, ,CA,55.55,1.86,1.0,<Residue PHE het=  resseq=88 icode= >,3afp_A_A,2.05
584,0.753,PHE, ,C,57.42,2.70,1.0,<Residue PHE het=  resseq=88 icode= >,3afp_A_A,2.05
585,1.531,PHE, ,O,57.15,2.13,1.0,<Residue PHE het=  resseq=88 icode= >,3afp_A_A,2.05
586,21.3,PHE, ,CB,54.66,1.80,1.0,<Residue PHE het=  resseq=88 icode= >,3afp_A_A,2.05
587,2.445,PHE, ,CG,55.2,2.16,1.0,<Residue PHE het=  resseq=88 icode= >,3afp_A_A,2.05
588,22.782,PHE, ,CD1,55.57,1.43,1.0,<Residue PHE het=  resseq=88 icode= >,3afp_A_A,2.05
589,1.438,PHE, ,CD2,54.41,1.21,1.0,<Residue PHE het=  resseq=88 icode= >,3afp_A_A,2.05
590,25.568,PHE, ,CE1,51.06,1.46,1.0,<Residue PHE het=  resseq=88 icode= >,3afp_A_A,2.05
591,7.271,PHE, ,CE2,53.57,0.99,1.0,<Residue PHE het=  resseq=88 icode= >,3afp_A_A,2.05
592,16.248,PHE, ,CZ,54.9,1.07,1.0,<Residue PHE het=  resseq=88 icode= >,3afp_A_A,2.05
593,6.403,GLU, ,N,60.77,1.10,1.0,<Residue GLU het=  resseq=89 icode= >,3afp_A_A,2.05
594,0.705,GLU, ,CA,62.9,1.24,1.0,<Residue GLU het=  resseq=89 icode= >,3afp_A_A,2.05
595,25.33,GLU, ,C,63.42,1.80,1.0,<Residue GLU het=  resseq=89 icode= >,3afp_A_A,2.05
596,7.884,GLU, ,O,65.09,1.55,1.0,<Residue GLU het=  resseq=89 icode= >,3afp_A_A,2.05
597,21.69,GLU, ,CB,64.03,0.73,1.0,<Residue GLU het=  resseq=89 icode= >,3afp_A_A,2.05
598,2.415,GLU, ,CG,67.41,0.57,1.0,<Residue GLU het=  resseq=89 icode= >,3afp_A_A,2.05
599,14.79,GLU, ,CD,70.82,1.67,1.0,<Residue GLU het=  resseq=89 icode= >,3afp_A_A,2.05
600,24.335,GLU, ,OE1,72.62,1.37,1.0,<Residue GLU het=  resseq=89 icode= >,3afp_A_A,2.05
601,35.916,GLU, ,OE2,72.34,0.89,1.0,<Residue GLU het=  resseq=89 icode= >,3afp_A_A,2.05
602,22.726,ARG, ,N,91.11,0.54,1.0,<Residue ARG het=  resseq=91 icode= >,3afp_A_A,2.05
603,0.252,ARG, ,CA,91.05,0.96,1.0,<Residue ARG het=  resseq=91 icode= >,3afp_A_A,2.05
604,0.42,ARG, ,C,90.15,1.54,1.0,<Residue ARG het=  resseq=91 icode= >,3afp_A_A,2.05
605,22.155,ARG, ,O,90.18,1.25,1.0,<Residue ARG het=  resseq=91 icode= >,3afp_A_A,2.05
606,24.077,ARG, ,CB,91.92,0.75,1.0,<Residue ARG het=  resseq=91 icode= >,3afp_A_A,2.05
607,17.759,ARG, ,CG,93.2,0.69,1.0,<Residue ARG het=  resseq=91 icode= >,3afp_A_A,2.05
608,30.036,ARG, ,CD,95.78,0.74,1.0,<Residue ARG het=  resseq=91 icode= >,3afp_A_A,2.05
609,8.26,ARG, ,NE,97.44,0.75,1.0,<Residue ARG het=  resseq=91 icode= >,3afp_A_A,2.05
610,8.806,ARG, ,CZ,99.13,0.76,1.0,<Residue ARG het=  resseq=91 icode= >,3afp_A_A,2.05
611,50.417,ARG, ,NH1,100.09,0.33,1.0,<Residue ARG het=  resseq=91 icode= >,3afp_A_A,2.05
612,59.613,ARG, ,NH2,99.38,0.48,1.0,<Residue ARG het=  resseq=91 icode= >,3afp_A_A,2.05
613,1.841,GLU, ,N,89.22,0.61,1.0,<Residue GLU het=  resseq=92 icode= >,3afp_A_A,2.05
614,7.511,GLU, ,CA,88.07,0.44,1.0,<Residue GLU het=  resseq=92 icode= >,3afp_A_A,2.05
615,1.67,GLU, ,C,86.47,1.46,1.0,<Residue GLU het=  resseq=92 icode= >,3afp_A_A,2.05
616,11.189,GLU, ,O,86.31,1.23,1.0,<Residue GLU het=  resseq=92 icode= >,3afp_A_A,2.05
617,15.283,GLU, ,CB,88.57,0.63,1.0,<Residue GLU het=  resseq=92 icode= >,3afp_A_A,2.05
618,28.997,GLU, ,CG,89.55,0.71,1.0,<Residue GLU het=  resseq=92 icode= >,3afp_A_A,2.05
619,15.346,GLU, ,CD,91.82,0.76,1.0,<Residue GLU het=  resseq=92 icode= >,3afp_A_A,2.05
620,36.072,GLU, ,OE1,92.23,0.65,1.0,<Residue GLU het=  resseq=92 icode= >,3afp_A_A,2.05
621,41.762,GLU, ,OE2,91.62,1.09,1.0,<Residue GLU het=  resseq=92 icode= >,3afp_A_A,2.05
622,1.618,GLY, ,N,84.92,1.19,1.0,<Residue GLY het=  resseq=93 icode= >,3afp_A_A,2.05
623,35.521,GLY, ,CA,82.56,1.01,1.0,<Residue GLY het=  resseq=93 icode= >,3afp_A_A,2.05
624,1.695,GLY, ,C,80.16,1.56,1.0,<Residue GLY het=  resseq=93 icode= >,3afp_A_A,2.05
625,22.512,GLY, ,O,80.5,0.56,1.0,<Residue GLY het=  resseq=93 icode= >,3afp_A_A,2.05
626,0.0,GLU, ,N,77.78,1.71,1.0,<Residue GLU het=  resseq=94 icode= >,3afp_A_A,2.05
627,6.82,GLU, ,CA,75.55,0.70,1.0,<Residue GLU het=  resseq=94 icode= >,3afp_A_A,2.05
628,0.0,GLU, ,C,72.79,1.42,1.0,<Residue GLU het=  resseq=94 icode= >,3afp_A_A,2.05
629,8.163,GLU, ,O,72.49,1.13,1.0,<Residue GLU het=  resseq=94 icode= >,3afp_A_A,2.05
630,15.536,GLU, ,CB,76.26,0.96,1.0,<Residue GLU het=  resseq=94 icode= >,3afp_A_A,2.05
631,29.244,GLU, ,CG,77.91,1.17,1.0,<Residue GLU het=  resseq=94 icode= >,3afp_A_A,2.05
632,16.042,GLU, ,CD,81.1,1.31,1.0,<Residue GLU het=  resseq=94 icode= >,3afp_A_A,2.05
633,35.13,GLU, ,OE1,82.14,0.96,1.0,<Residue GLU het=  resseq=94 icode= >,3afp_A_A,2.05
634,41.573,GLU, ,OE2,80.04,1.65,1.0,<Residue GLU het=  resseq=94 icode= >,3afp_A_A,2.05
635,8.933,LYS, ,N,69.6,1.29,1.0,<Residue LYS het=  resseq=95 icode= >,3afp_A_A,2.05
636,0.892,LYS, ,CA,66.0,1.95,1.0,<Residue LYS het=  resseq=95 icode= >,3afp_A_A,2.05
637,0.29,LYS, ,C,62.83,2.97,1.0,<Residue LYS het=  resseq=95 icode= >,3afp_A_A,2.05
638,22.592,LYS, ,O,62.7,1.71,1.0,<Residue LYS het=  resseq=95 icode= >,3afp_A_A,2.05
639,24.457,LYS, ,CB,66.71,1.01,1.0,<Residue LYS het=  resseq=95 icode= >,3afp_A_A,2.05
640,3.508,LYS, ,CG,67.49,0.27,1.0,<Residue LYS het=  resseq=95 icode= >,3afp_A_A,2.05
641,23.415,LYS, ,CD,68.42,1.01,1.0,<Residue LYS het=  resseq=95 icode= >,3afp_A_A,2.05
642,27.3,LYS, ,CE,69.1,1.39,1.0,<Residue LYS het=  resseq=95 icode= >,3afp_A_A,2.05
643,48.363,LYS, ,NZ,71.76,1.24,1.0,<Residue LYS het=  resseq=95 icode= >,3afp_A_A,2.05
644,0.0,ARG, ,N,58.88,2.55,1.0,<Residue ARG het=  resseq=96 icode= >,3afp_A_A,2.05
645,3.002,ARG, ,CA,55.48,2.34,1.0,<Residue ARG het=  resseq=96 icode= >,3afp_A_A,2.05
646,0.0,ARG, ,C,52.42,2.67,1.0,<Residue ARG het=  resseq=96 icode= >,3afp_A_A,2.05
647,0.0,ARG, ,O,49.77,2.44,1.0,<Residue ARG het=  resseq=96 icode= >,3afp_A_A,2.05
648,8.343,ARG, ,CB,56.63,1.56,1.0,<Residue ARG het=  resseq=96 icode= >,3afp_A_A,2.05
649,27.915,ARG, ,CG,58.89,0.70,1.0,<Residue ARG het=  resseq=96 icode= >,3afp_A_A,2.05
650,1.874,ARG, ,CD,63.15,0.91,1.0,<Residue ARG het=  resseq=96 icode= >,3afp_A_A,2.05
651,8.735,ARG, ,NE,65.12,1.70,1.0,<Residue ARG het=  resseq=96 icode= >,3afp_A_A,2.05
652,7.768,ARG, ,CZ,67.3,1.56,1.0,<Residue ARG het=  resseq=96 icode= >,3afp_A_A,2.05
653,46.353,ARG, ,NH1,67.46,0.72,1.0,<Residue ARG het=  resseq=96 icode= >,3afp_A_A,2.05
654,59.461,ARG, ,NH2,66.42,1.23,1.0,<Residue ARG het=  resseq=96 icode= >,3afp_A_A,2.05
655,2.563,THR, ,N,48.66,2.94,1.0,<Residue THR het=  resseq=97 icode= >,3afp_A_A,2.05
656,0.0,THR, ,CA,45.43,4.00,1.0,<Residue THR het=  resseq=97 icode= >,3afp_A_A,2.05
657,0.0,THR, ,C,43.44,3.74,1.0,<Residue THR het=  resseq=97 icode= >,3afp_A_A,2.05
658,17.93,THR, ,O,42.11,3.08,1.0,<Residue THR het=  resseq=97 icode= >,3afp_A_A,2.05
659,1.997,THR, ,CB,46.47,3.67,1.0,<Residue THR het=  resseq=97 icode= >,3afp_A_A,2.05
660,2.281,THR, ,OG1,47.91,1.47,1.0,<Residue THR het=  resseq=97 icode= >,3afp_A_A,2.05
661,52.848,THR, ,CG2,47.38,0.83,1.0,<Residue THR het=  resseq=97 icode= >,3afp_A_A,2.05
662,0.0,VAL, ,N,37.34,3.62,1.0,<Residue VAL het=  resseq=98 icode= >,3afp_A_A,2.05
663,4.433,VAL, ,CA,35.31,3.11,1.0,<Residue VAL het=  resseq=98 icode= >,3afp_A_A,2.05
664,0.02,VAL, ,C,33.54,4.34,1.0,<Residue VAL het=  resseq=98 icode= >,3afp_A_A,2.05
665,0.046,VAL, ,O,32.83,4.55,1.0,<Residue VAL het=  resseq=98 icode= >,3afp_A_A,2.05
666,1.039,VAL, ,CB,36.71,2.93,1.0,<Residue VAL het=  resseq=98 icode= >,3afp_A_A,2.05
667,7.907,VAL, ,CG1,34.48,1.89,1.0,<Residue VAL het=  resseq=98 icode= >,3afp_A_A,2.05
668,30.482,VAL, ,CG2,39.0,1.56,1.0,<Residue VAL het=  resseq=98 icode= >,3afp_A_A,2.05
669,2.13,VAL, ,N,32.12,3.99,1.0,<Residue VAL het=  resseq=99 icode= >,3afp_A_A,2.05
670,0.387,VAL, ,CA,30.44,3.37,1.0,<Residue VAL het=  resseq=99 icode= >,3afp_A_A,2.05
671,0.202,VAL, ,C,28.52,5.21,1.0,<Residue VAL het=  resseq=99 icode= >,3afp_A_A,2.05
672,2.581,VAL, ,O,28.14,4.38,1.0,<Residue VAL het=  resseq=99 icode= >,3afp_A_A,2.05
673,0.0,VAL, ,CB,30.61,3.27,1.0,<Residue VAL het=  resseq=99 icode= >,3afp_A_A,2.05
674,21.388,VAL, ,CG1,28.97,2.04,1.0,<Residue VAL het=  resseq=99 icode= >,3afp_A_A,2.05
675,26.324,VAL, ,CG2,30.85,2.11,1.0,<Residue VAL het=  resseq=99 icode= >,3afp_A_A,2.05
676,0.0,GLU, ,N,28.19,4.33,1.0,<Residue GLU het=  resseq=100 icode= >,3afp_A_A,2.05
677,0.0,GLU, ,CA,28.94,3.11,1.0,<Residue GLU het=  resseq=100 icode= >,3afp_A_A,2.05
678,0.0,GLU, ,C,28.01,4.96,1.0,<Residue GLU het=  resseq=100 icode= >,3afp_A_A,2.05
679,0.0,GLU, ,O,29.5,4.58,1.0,<Residue GLU het=  resseq=100 icode= >,3afp_A_A,2.05
680,0.0,GLU, ,CB,30.64,3.16,1.0,<Residue GLU het=  resseq=100 icode= >,3afp_A_A,2.05
681,3.342,GLU, ,CG,34.34,2.79,1.0,<Residue GLU het=  resseq=100 icode= >,3afp_A_A,2.05
682,6.395,GLU, ,CD,31.88,4.23,1.0,<Residue GLU het=  resseq=100 icode= >,3afp_A_A,2.05
683,8.36,GLU, ,OE1,34.75,2.61,1.0,<Residue GLU het=  resseq=100 icode= >,3afp_A_A,2.05
684,9.773,GLU, ,OE2,33.17,3.12,1.0,<Residue GLU het=  resseq=100 icode= >,3afp_A_A,2.05
685,0.0,VAL, ,N,26.56,4.31,1.0,<Residue VAL het=  resseq=101 icode= >,3afp_A_A,2.05
686,0.0,VAL, ,CA,27.72,3.95,1.0,<Residue VAL het=  resseq=101 icode= >,3afp_A_A,2.05
687,0.0,VAL, ,C,29.9,4.98,1.0,<Residue VAL het=  resseq=101 icode= >,3afp_A_A,2.05
688,0.0,VAL, ,O,30.22,3.96,1.0,<Residue VAL het=  resseq=101 icode= >,3afp_A_A,2.05
689,0.0,VAL, ,CB,27.77,3.45,1.0,<Residue VAL het=  resseq=101 icode= >,3afp_A_A,2.05
690,0.286,VAL, ,CG1,27.07,2.28,1.0,<Residue VAL het=  resseq=101 icode= >,3afp_A_A,2.05
691,0.0,VAL, ,CG2,27.78,2.41,1.0,<Residue VAL het=  resseq=101 icode= >,3afp_A_A,2.05
692,0.0,GLU, ,N,30.77,3.78,1.0,<Residue GLU het=  resseq=102 icode= >,3afp_A_A,2.05
693,0.228,GLU, ,CA,32.83,2.94,1.0,<Residue GLU het=  resseq=102 icode= >,3afp_A_A,2.05
694,0.046,GLU, ,C,30.5,4.86,1.0,<Residue GLU het=  resseq=102 icode= >,3afp_A_A,2.05
695,0.0,GLU, ,O,28.45,3.88,1.0,<Residue GLU het=  resseq=102 icode= >,3afp_A_A,2.05
696,3.806,GLU, ,CB,33.34,2.06,1.0,<Residue GLU het=  resseq=102 icode= >,3afp_A_A,2.05
697,1.15,GLU, ,CG,43.31,0.94,1.0,<Residue GLU het=  resseq=102 icode= >,3afp_A_A,2.05
698,7.649,GLU, ,CD,54.54,1.53,1.0,<Residue GLU het=  resseq=102 icode= >,3afp_A_A,2.05
699,22.152,GLU, ,OE1,56.33,1.26,1.0,<Residue GLU het=  resseq=102 icode= >,3afp_A_A,2.05
700,11.54,GLU, ,OE2,56.67,1.34,1.0,<Residue GLU het=  resseq=102 icode= >,3afp_A_A,2.05
701,0.465,VAL, ,N,30.75,4.30,1.0,<Residue VAL het=  resseq=103 icode= >,3afp_A_A,2.05
702,0.0,VAL, ,CA,30.22,3.91,1.0,<Residue VAL het=  resseq=103 icode= >,3afp_A_A,2.05
703,0.0,VAL, ,C,31.7,5.30,1.0,<Residue VAL het=  resseq=103 icode= >,3afp_A_A,2.05
704,13.62,VAL, ,O,32.2,3.47,1.0,<Residue VAL het=  resseq=103 icode= >,3afp_A_A,2.05
705,0.0,VAL, ,CB,31.46,3.08,1.0,<Residue VAL het=  resseq=103 icode= >,3afp_A_A,2.05
706,0.0,VAL, ,CG1,32.55,1.85,1.0,<Residue VAL het=  resseq=103 icode= >,3afp_A_A,2.05
707,0.0,VAL, ,CG2,27.94,2.63,1.0,<Residue VAL het=  resseq=103 icode= >,3afp_A_A,2.05
708,0.0,ASP, ,N,30.71,4.75,1.0,<Residue ASP het=  resseq=104 icode= >,3afp_A_A,2.05
709,4.553,ASP, ,CA,33.85,3.55,1.0,<Residue ASP het=  resseq=104 icode= >,3afp_A_A,2.05
710,0.0,ASP, ,C,34.28,3.60,1.0,<Residue ASP het=  resseq=104 icode= >,3afp_A_A,2.05
711,20.774,ASP, ,O,35.07,3.02,1.0,<Residue ASP het=  resseq=104 icode= >,3afp_A_A,2.05
712,13.256,ASP, ,CB,34.07,3.11,1.0,<Residue ASP het=  resseq=104 icode= >,3afp_A_A,2.05
713,7.675,ASP, ,CG,40.91,3.18,1.0,<Residue ASP het=  resseq=104 icode= >,3afp_A_A,2.05
714,12.952,ASP, ,OD1,41.61,2.26,1.0,<Residue ASP het=  resseq=104 icode= >,3afp_A_A,2.05
715,12.318,ASP, ,OD2,44.19,2.18,1.0,<Residue ASP het=  resseq=104 icode= >,3afp_A_A,2.05
716,0.0,GLU, ,N,33.31,3.30,1.0,<Residue GLU het=  resseq=105 icode= >,3afp_A_A,2.05
717,2.45,GLU, ,CA,33.25,3.08,1.0,<Residue GLU het=  resseq=105 icode= >,3afp_A_A,2.05
718,0.817,GLU, ,C,32.55,4.21,1.0,<Residue GLU het=  resseq=105 icode= >,3afp_A_A,2.05
719,0.363,GLU, ,O,31.33,4.20,1.0,<Residue GLU het=  resseq=105 icode= >,3afp_A_A,2.05
720,15.464,GLU, ,CB,33.54,3.01,1.0,<Residue GLU het=  resseq=105 icode= >,3afp_A_A,2.05
721,18.699,GLU, ,CG,38.4,1.81,1.0,<Residue GLU het=  resseq=105 icode= >,3afp_A_A,2.05
722,9.603,GLU, ,CD,36.82,4.12,1.0,<Residue GLU het=  resseq=105 icode= >,3afp_A_A,2.05
723,36.351,GLU, ,OE1,37.26,3.55,1.0,<Residue GLU het=  resseq=105 icode= >,3afp_A_A,2.05
724,38.983,GLU, ,OE2,41.98,2.41,1.0,<Residue GLU het=  resseq=105 icode= >,3afp_A_A,2.05
725,2.572,ILE, ,N,31.17,3.95,1.0,<Residue ILE het=  resseq=106 icode= >,3afp_A_A,2.05
726,0.799,ILE, ,CA,31.24,3.69,1.0,<Residue ILE het=  resseq=106 icode= >,3afp_A_A,2.05
727,3.462,ILE, ,C,32.4,4.35,1.0,<Residue ILE het=  resseq=106 icode= >,3afp_A_A,2.05
728,24.398,ILE, ,O,31.03,4.58,1.0,<Residue ILE het=  resseq=106 icode= >,3afp_A_A,2.05
729,0.0,ILE, ,CB,32.42,3.24,1.0,<Residue ILE het=  resseq=106 icode= >,3afp_A_A,2.05
730,0.506,ILE, ,CG1,30.41,3.70,1.0,<Residue ILE het=  resseq=106 icode= >,3afp_A_A,2.05
731,5.969,ILE, ,CG2,31.96,1.83,1.0,<Residue ILE het=  resseq=106 icode= >,3afp_A_A,2.05
732,0.0,ILE, ,CD1,33.28,2.38,1.0,<Residue ILE het=  resseq=106 icode= >,3afp_A_A,2.05
733,2.596,GLY, ,N,32.09,3.64,1.0,<Residue GLY het=  resseq=107 icode= >,3afp_A_A,2.05
734,21.252,GLY, ,CA,31.92,2.81,1.0,<Residue GLY het=  resseq=107 icode= >,3afp_A_A,2.05
735,0.146,GLY, ,C,30.54,4.44,1.0,<Residue GLY het=  resseq=107 icode= >,3afp_A_A,2.05
736,0.0,GLY, ,O,28.82,3.71,1.0,<Residue GLY het=  resseq=107 icode= >,3afp_A_A,2.05
737,0.0,PRO, ,N,30.44,4.15,1.0,<Residue PRO het=  resseq=108 icode= >,3afp_A_A,2.05
738,0.0,PRO, ,CA,29.38,3.06,1.0,<Residue PRO het=  resseq=108 icode= >,3afp_A_A,2.05
739,0.0,PRO, ,C,28.15,5.33,1.0,<Residue PRO het=  resseq=108 icode= >,3afp_A_A,2.05
740,8.654,PRO, ,O,29.06,3.58,1.0,<Residue PRO het=  resseq=108 icode= >,3afp_A_A,2.05
741,15.545,PRO, ,CB,29.67,2.79,1.0,<Residue PRO het=  resseq=108 icode= >,3afp_A_A,2.05
742,15.127,PRO, ,CG,29.83,2.85,1.0,<Residue PRO het=  resseq=108 icode= >,3afp_A_A,2.05
743,23.276,PRO, ,CD,31.13,2.92,1.0,<Residue PRO het=  resseq=108 icode= >,3afp_A_A,2.05
744,0.0,SER, ,N,28.09,3.92,1.0,<Residue SER het=  resseq=109 icode= >,3afp_A_A,2.05
745,0.288,SER, ,CA,29.0,3.41,1.0,<Residue SER het=  resseq=109 icode= >,3afp_A_A,2.05
746,0.0,SER, ,C,29.19,5.13,1.0,<Residue SER het=  resseq=109 icode= >,3afp_A_A,2.05
747,3.977,SER, ,O,29.32,4.48,1.0,<Residue SER het=  resseq=109 icode= >,3afp_A_A,2.05
748,0.0,SER, ,CB,28.14,2.81,1.0,<Residue SER het=  resseq=109 icode= >,3afp_A_A,2.05
749,8.26,SER, ,OG,30.34,3.42,1.0,<Residue SER het=  resseq=109 icode= >,3afp_A_A,2.05
750,4.578,LEU, ,N,29.65,4.47,1.0,<Residue LEU het=  resseq=110 icode= >,3afp_A_A,2.05
751,0.0,LEU, ,CA,30.87,3.46,1.0,<Residue LEU het=  resseq=110 icode= >,3afp_A_A,2.05
752,2.189,LEU, ,C,32.47,4.40,1.0,<Residue LEU het=  resseq=110 icode= >,3afp_A_A,2.05
753,16.834,LEU, ,O,32.05,4.69,1.0,<Residue LEU het=  resseq=110 icode= >,3afp_A_A,2.05
754,18.594,LEU, ,CB,30.17,3.01,1.0,<Residue LEU het=  resseq=110 icode= >,3afp_A_A,2.05
755,4.828,LEU, ,CG,29.63,3.11,1.0,<Residue LEU het=  resseq=110 icode= >,3afp_A_A,2.05
756,68.856,LEU, ,CD1,31.53,1.33,1.0,<Residue LEU het=  resseq=110 icode= >,3afp_A_A,2.05
757,4.946,LEU, ,CD2,26.58,2.18,1.0,<Residue LEU het=  resseq=110 icode= >,3afp_A_A,2.05
758,1.716,ARG, ,N,32.5,4.43,1.0,<Residue ARG het=  resseq=111 icode= >,3afp_A_A,2.05
759,10.394,ARG, ,CA,34.63,3.25,1.0,<Residue ARG het=  resseq=111 icode= >,3afp_A_A,2.05
760,0.0,ARG, ,C,35.04,4.56,1.0,<Residue ARG het=  resseq=111 icode= >,3afp_A_A,2.05
761,21.958,ARG, ,O,34.75,3.61,1.0,<Residue ARG het=  resseq=111 icode= >,3afp_A_A,2.05
762,5.57,ARG, ,CB,36.29,2.33,1.0,<Residue ARG het=  resseq=111 icode= >,3afp_A_A,2.05
763,13.046,ARG, ,CG,40.62,2.18,1.0,<Residue ARG het=  resseq=111 icode= >,3afp_A_A,2.05
764,0.0,ARG, ,CD,49.83,2.17,1.0,<Residue ARG het=  resseq=111 icode= >,3afp_A_A,2.05
765,5.495,ARG, ,NE,54.63,1.81,1.0,<Residue ARG het=  resseq=111 icode= >,3afp_A_A,2.05
766,5.147,ARG, ,CZ,59.55,2.28,1.0,<Residue ARG het=  resseq=111 icode= >,3afp_A_A,2.05
767,40.148,ARG, ,NH1,58.27,1.92,1.0,<Residue ARG het=  resseq=111 icode= >,3afp_A_A,2.05
768,55.746,ARG, ,NH2,61.06,1.58,1.0,<Residue ARG het=  resseq=111 icode= >,3afp_A_A,2.05
769,0.499,TYR, ,N,34.27,4.03,1.0,<Residue TYR het=  resseq=112 icode= >,3afp_A_A,2.05
770,7.059,TYR, ,CA,36.22,3.73,1.0,<Residue TYR het=  resseq=112 icode= >,3afp_A_A,2.05
771,4.913,TYR, ,C,36.02,4.67,1.0,<Residue TYR het=  resseq=112 icode= >,3afp_A_A,2.05
772,23.497,TYR, ,O,38.53,3.05,1.0,<Residue TYR het=  resseq=112 icode= >,3afp_A_A,2.05
773,24.041,TYR, ,CB,35.93,2.99,1.0,<Residue TYR het=  resseq=112 icode= >,3afp_A_A,2.05
774,2.268,TYR, ,CG,38.26,3.05,1.0,<Residue TYR het=  resseq=112 icode= >,3afp_A_A,2.05
775,10.465,TYR, ,CD1,37.22,2.73,1.0,<Residue TYR het=  resseq=112 icode= >,3afp_A_A,2.05
776,18.317,TYR, ,CD2,37.71,2.48,1.0,<Residue TYR het=  resseq=112 icode= >,3afp_A_A,2.05
777,9.771,TYR, ,CE1,40.98,2.18,1.0,<Residue TYR het=  resseq=112 icode= >,3afp_A_A,2.05
778,28.309,TYR, ,CE2,39.67,2.33,1.0,<Residue TYR het=  resseq=112 icode= >,3afp_A_A,2.05
779,5.523,TYR, ,CZ,42.83,3.61,1.0,<Residue TYR het=  resseq=112 icode= >,3afp_A_A,2.05
780,28.112,TYR, ,OH,47.67,2.22,1.0,<Residue TYR het=  resseq=112 icode= >,3afp_A_A,2.05
781,2.353,ALA, ,N,35.3,3.37,1.0,<Residue ALA het=  resseq=113 icode= >,3afp_A_A,2.05
782,9.108,ALA, ,CA,34.9,3.24,1.0,<Residue ALA het=  resseq=113 icode= >,3afp_A_A,2.05
783,1.471,ALA, ,C,35.04,4.80,1.0,<Residue ALA het=  resseq=113 icode= >,3afp_A_A,2.05
784,3.914,ALA, ,O,32.75,3.22,1.0,<Residue ALA het=  resseq=113 icode= >,3afp_A_A,2.05
785,41.91,ALA, ,CB,35.53,1.88,1.0,<Residue ALA het=  resseq=113 icode= >,3afp_A_A,2.05
786,3.43,THR, ,N,36.04,4.00,1.0,<Residue THR het=  resseq=114 icode= >,3afp_A_A,2.05
787,3.244,THR, ,CA,37.47,2.92,1.0,<Residue THR het=  resseq=114 icode= >,3afp_A_A,2.05
788,0.064,THR, ,C,37.32,3.83,1.0,<Residue THR het=  resseq=114 icode= >,3afp_A_A,2.05
789,16.161,THR, ,O,38.32,2.88,1.0,<Residue THR het=  resseq=114 icode= >,3afp_A_A,2.05
790,15.371,THR, ,CB,37.5,3.44,1.0,<Residue THR het=  resseq=114 icode= >,3afp_A_A,2.05
791,29.531,THR, ,OG1,38.11,2.89,1.0,<Residue THR het=  resseq=114 icode= >,3afp_A_A,2.05
792,64.264,THR, ,CG2,38.09,1.59,1.0,<Residue THR het=  resseq=114 icode= >,3afp_A_A,2.05
793,3.156,ALA, ,N,38.29,3.38,1.0,<Residue ALA het=  resseq=115 icode= >,3afp_A_A,2.05
794,7.382,ALA, ,CA,40.55,3.22,1.0,<Residue ALA het=  resseq=115 icode= >,3afp_A_A,2.05
795,3.848,ALA, ,C,42.92,3.84,1.0,<Residue ALA het=  resseq=115 icode= >,3afp_A_A,2.05
796,22.278,ALA, ,O,42.46,3.34,1.0,<Residue ALA het=  resseq=115 icode= >,3afp_A_A,2.05
797,19.337,ALA, ,CB,39.76,1.97,1.0,<Residue ALA het=  resseq=115 icode= >,3afp_A_A,2.05
798,8.995,LYS, ,N,45.48,3.04,1.0,<Residue LYS het=  resseq=116 icode= >,3afp_A_A,2.05
799,3.993,LYS, ,CA,48.95,2.12,1.0,<Residue LYS het=  resseq=116 icode= >,3afp_A_A,2.05
800,0.0,LYS, ,C,48.98,3.57,1.0,<Residue LYS het=  resseq=116 icode= >,3afp_A_A,2.05
801,19.863,LYS, ,O,48.05,2.81,1.0,<Residue LYS het=  resseq=116 icode= >,3afp_A_A,2.05
802,27.657,LYS, ,CB,49.4,1.81,1.0,<Residue LYS het=  resseq=116 icode= >,3afp_A_A,2.05
803,29.805,LYS, ,CG,55.37,1.56,1.0,<Residue LYS het=  resseq=116 icode= >,3afp_A_A,2.05
804,2.056,LYS, ,CD,60.12,0.88,1.0,<Residue LYS het=  resseq=116 icode= >,3afp_A_A,2.05
805,36.248,LYS, ,CE,63.23,0.81,1.0,<Residue LYS het=  resseq=116 icode= >,3afp_A_A,2.05
806,37.66,LYS, ,NZ,66.48,0.66,1.0,<Residue LYS het=  resseq=116 icode= >,3afp_A_A,2.05
807,4.025,VAL, ,N,50.03,3.20,1.0,<Residue VAL het=  resseq=117 icode= >,3afp_A_A,2.05
808,2.894,VAL, ,CA,52.17,2.64,1.0,<Residue VAL het=  resseq=117 icode= >,3afp_A_A,2.05
809,0.0,VAL, ,C,54.87,2.86,1.0,<Residue VAL het=  resseq=117 icode= >,3afp_A_A,2.05
810,19.41,VAL, ,O,55.07,1.85,1.0,<Residue VAL het=  resseq=117 icode= >,3afp_A_A,2.05
811,10.288,VAL, ,CB,51.42,2.34,1.0,<Residue VAL het=  resseq=117 icode= >,3afp_A_A,2.05
812,44.492,VAL, ,CG1,50.5,1.11,1.0,<Residue VAL het=  resseq=117 icode= >,3afp_A_A,2.05
813,41.254,VAL, ,CG2,49.82,1.00,1.0,<Residue VAL het=  resseq=117 icode= >,3afp_A_A,2.05
814,4.911,ASN, ,N,57.58,2.95,1.0,<Residue ASN het=  resseq=118 icode= >,3afp_A_A,2.05
815,3.663,ASN, ,CA,61.14,3.10,1.0,<Residue ASN het=  resseq=118 icode= >,3afp_A_A,2.05
816,0.0,ASN, ,C,63.41,2.69,1.0,<Residue ASN het=  resseq=118 icode= >,3afp_A_A,2.05
817,14.682,ASN, ,O,63.74,1.46,1.0,<Residue ASN het=  resseq=118 icode= >,3afp_A_A,2.05
818,27.394,ASN, ,CB,61.39,1.72,1.0,<Residue ASN het=  resseq=118 icode= >,3afp_A_A,2.05
819,4.565,ASN, ,CG,64.46,1.61,1.0,<Residue ASN het=  resseq=118 icode= >,3afp_A_A,2.05
820,15.747,ASN, ,OD1,66.93,1.13,1.0,<Residue ASN het=  resseq=118 icode= >,3afp_A_A,2.05
821,33.839,ASN, ,ND2,66.75,1.04,1.0,<Residue ASN het=  resseq=118 icode= >,3afp_A_A,2.05
822,7.082,LYS, ,N,66.67,1.74,1.0,<Residue LYS het=  resseq=119 icode= >,3afp_A_A,2.05
823,7.53,LYS, ,CA,69.7,1.60,1.0,<Residue LYS het=  resseq=119 icode= >,3afp_A_A,2.05
824,0.598,LYS, ,C,71.41,2.30,1.0,<Residue LYS het=  resseq=119 icode= >,3afp_A_A,2.05
825,25.483,LYS, ,O,71.75,1.96,1.0,<Residue LYS het=  resseq=119 icode= >,3afp_A_A,2.05
826,22.009,LYS, ,CB,70.36,1.13,1.0,<Residue LYS het=  resseq=119 icode= >,3afp_A_A,2.05
827,18.014,LYS, ,CG,71.54,1.01,1.0,<Residue LYS het=  resseq=119 icode= >,3afp_A_A,2.05
828,32.212,LYS, ,CD,73.19,1.45,1.0,<Residue LYS het=  resseq=119 icode= >,3afp_A_A,2.05
829,43.6,LYS, ,CE,75.17,0.45,1.0,<Residue LYS het=  resseq=119 icode= >,3afp_A_A,2.05
830,49.597,LYS, ,NZ,76.73,0.21,1.0,<Residue LYS het=  resseq=119 icode= >,3afp_A_A,2.05
831,4.227,ALA, ,N,72.97,1.35,1.0,<Residue ALA het=  resseq=120 icode= >,3afp_A_A,2.05
832,12.406,ALA, ,CA,74.65,1.35,1.0,<Residue ALA het=  resseq=120 icode= >,3afp_A_A,2.05
833,33.038,ALA, ,C,75.23,1.36,1.0,<Residue ALA het=  resseq=120 icode= >,3afp_A_A,2.05
834,33.41,ALA, ,O,76.13,1.03,1.0,<Residue ALA het=  resseq=120 icode= >,3afp_A_A,2.05
835,43.378,ALA, ,CB,74.33,1.28,1.0,<Residue ALA het=  resseq=120 icode= >,3afp_A_A,2.05
