,ASA,aa,altloc,atom,bfac,d2r,dASA,dens,occ,residue,id,resolu
0,50.709,MET, ,N,29.55,1000.00,0.0,1.85,1.0,<Residue MET het=  resseq=136 icode= >,3bs1_A_A,1.6
1,6.501,MET, ,CA,29.57,1000.00,0.0,2.35,1.0,<Residue MET het=  resseq=136 icode= >,3bs1_A_A,1.6
2,3.387,MET, ,C,28.92,1000.00,0.0,2.03,1.0,<Residue MET het=  resseq=136 icode= >,3bs1_A_A,1.6
3,15.405,MET, ,O,28.81,1000.00,0.0,2.70,1.0,<Residue MET het=  resseq=136 icode= >,3bs1_A_A,1.6
4,15.872,MET, ,CB,30.37,1000.00,0.0,1.46,1.0,<Residue MET het=  resseq=136 icode= >,3bs1_A_A,1.6
5,17.785,MET, ,CG,32.65,1000.00,0.0,0.92,1.0,<Residue MET het=  resseq=136 icode= >,3bs1_A_A,1.6
6,7.32,MET, ,SD,38.83,1000.00,0.0,1.75,1.0,<Residue MET het=  resseq=136 icode= >,3bs1_A_A,1.6
7,53.191,MET, ,CE,37.75,1000.00,0.0,0.57,1.0,<Residue MET het=  resseq=136 icode= >,3bs1_A_A,1.6
8,6.408,ASP, ,N,28.28,1000.00,0.0,1.50,1.0,<Residue ASP het=  resseq=137 icode= >,3bs1_A_A,1.6
9,7.657,ASP, ,CA,27.35,1000.00,0.0,2.00,1.0,<Residue ASP het=  resseq=137 icode= >,3bs1_A_A,1.6
10,0.0,ASP, ,C,26.85,1000.00,0.0,2.18,1.0,<Residue ASP het=  resseq=137 icode= >,3bs1_A_A,1.6
11,5.644,ASP, ,O,26.92,1000.00,0.0,3.37,1.0,<Residue ASP het=  resseq=137 icode= >,3bs1_A_A,1.6
12,20.488,ASP, ,CB,27.58,1000.00,0.0,1.48,1.0,<Residue ASP het=  resseq=137 icode= >,3bs1_A_A,1.6
13,7.382,ASP, ,CG,27.85,1000.00,0.0,1.83,1.0,<Residue ASP het=  resseq=137 icode= >,3bs1_A_A,1.6
14,3.364,ASP, ,OD1,27.11,1000.00,0.0,3.12,1.0,<Residue ASP het=  resseq=137 icode= >,3bs1_A_A,1.6
15,4.264,ASP, ,OD2,29.05,1000.00,0.0,1.83,1.0,<Residue ASP het=  resseq=137 icode= >,3bs1_A_A,1.6
16,3.505,ASN, ,N,25.73,1000.00,0.0,2.86,1.0,<Residue ASN het=  resseq=138 icode= >,3bs1_A_A,1.6
17,4.679,ASN, ,CA,24.91,1000.00,0.0,2.50,1.0,<Residue ASN het=  resseq=138 icode= >,3bs1_A_A,1.6
18,0.684,ASN, ,C,23.46,1000.00,0.0,3.03,1.0,<Residue ASN het=  resseq=138 icode= >,3bs1_A_A,1.6
19,26.558,ASN, ,O,24.44,1000.00,0.0,2.16,1.0,<Residue ASN het=  resseq=138 icode= >,3bs1_A_A,1.6
20,28.916,ASN, ,CB,25.7,1000.00,0.0,1.67,1.0,<Residue ASN het=  resseq=138 icode= >,3bs1_A_A,1.6
21,5.362,ASN, ,CG,27.4,1000.00,0.0,1.46,1.0,<Residue ASN het=  resseq=138 icode= >,3bs1_A_A,1.6
22,25.111,ASN, ,OD1,30.52,1000.00,0.0,1.62,1.0,<Residue ASN het=  resseq=138 icode= >,3bs1_A_A,1.6
23,39.965,ASN, ,ND2,28.39,1000.00,0.0,1.77,1.0,<Residue ASN het=  resseq=138 icode= >,3bs1_A_A,1.6
24,1.466,SER, ,N,21.32,1000.00,0.0,3.71,1.0,<Residue SER het=  resseq=139 icode= >,3bs1_A_A,1.6
25,9.606,SER, ,CA,19.78,1000.00,0.0,2.97,1.0,<Residue SER het=  resseq=139 icode= >,3bs1_A_A,1.6
26,1.95,SER, ,C,18.63,1000.00,0.0,3.83,1.0,<Residue SER het=  resseq=139 icode= >,3bs1_A_A,1.6
27,27.812,SER, ,O,18.64,1000.00,0.0,4.31,1.0,<Residue SER het=  resseq=139 icode= >,3bs1_A_A,1.6
28,45.343,SER, ,CB,19.64,1000.00,0.0,3.36,1.0,<Residue SER het=  resseq=139 icode= >,3bs1_A_A,1.6
29,21.656,SER, ,OG,21.1,1000.00,0.0,3.01,1.0,<Residue SER het=  resseq=139 icode= >,3bs1_A_A,1.6
30,0.0,VAL, ,N,17.29,1000.00,0.0,4.52,1.0,<Residue VAL het=  resseq=140 icode= >,3bs1_A_A,1.6
31,4.47,VAL, ,CA,16.62,1000.00,0.0,2.88,1.0,<Residue VAL het=  resseq=140 icode= >,3bs1_A_A,1.6
32,0.931,VAL, ,C,16.13,1000.00,0.0,3.46,1.0,<Residue VAL het=  resseq=140 icode= >,3bs1_A_A,1.6
33,1.442,VAL, ,O,16.05,1000.00,0.0,4.55,1.0,<Residue VAL het=  resseq=140 icode= >,3bs1_A_A,1.6
34,0.0,VAL, ,CB,16.29,1000.00,0.0,2.98,1.0,<Residue VAL het=  resseq=140 icode= >,3bs1_A_A,1.6
35,25.684,VAL, ,CG1,16.87,1000.00,0.0,2.21,1.0,<Residue VAL het=  resseq=140 icode= >,3bs1_A_A,1.6
36,36.451,VAL, ,CG2,16.24,1000.00,0.0,3.09,1.0,<Residue VAL het=  resseq=140 icode= >,3bs1_A_A,1.6
37,2.671,GLU, ,N,15.54,1000.00,0.0,4.77,1.0,<Residue GLU het=  resseq=141 icode= >,3bs1_A_A,1.6
38,6.409,GLU, ,CA,15.5,1000.00,0.0,3.51,1.0,<Residue GLU het=  resseq=141 icode= >,3bs1_A_A,1.6
39,0.0,GLU, ,C,15.57,1000.00,0.0,4.46,1.0,<Residue GLU het=  resseq=141 icode= >,3bs1_A_A,1.6
40,0.0,GLU, ,O,15.16,1000.00,0.0,5.47,1.0,<Residue GLU het=  resseq=141 icode= >,3bs1_A_A,1.6
41,2.961,GLU, ,CB,15.78,1000.00,0.0,3.49,1.0,<Residue GLU het=  resseq=141 icode= >,3bs1_A_A,1.6
42,29.835,GLU, ,CG,17.01,1000.00,0.0,3.47,1.0,<Residue GLU het=  resseq=141 icode= >,3bs1_A_A,1.6
43,8.217,GLU, ,CD,19.38,1000.00,0.0,3.54,1.0,<Residue GLU het=  resseq=141 icode= >,3bs1_A_A,1.6
44,20.896,GLU, ,OE1,21.28,1000.00,0.0,3.40,1.0,<Residue GLU het=  resseq=141 icode= >,3bs1_A_A,1.6
45,19.624,GLU, ,OE2,20.4,1000.00,0.0,4.03,1.0,<Residue GLU het=  resseq=141 icode= >,3bs1_A_A,1.6
46,4.033,THR, ,N,16.09,1000.00,0.0,4.42,1.0,<Residue THR het=  resseq=142 icode= >,3bs1_A_A,1.6
47,0.0,THR, ,CA,16.54,1000.00,0.0,3.45,1.0,<Residue THR het=  resseq=142 icode= >,3bs1_A_A,1.6
48,0.0,THR, ,C,16.33,1000.00,0.0,4.20,1.0,<Residue THR het=  resseq=142 icode= >,3bs1_A_A,1.6
49,18.956,THR, ,O,16.19,1000.00,0.0,5.03,1.0,<Residue THR het=  resseq=142 icode= >,3bs1_A_A,1.6
50,0.0,THR, ,CB,17.06,1000.00,0.0,2.89,1.0,<Residue THR het=  resseq=142 icode= >,3bs1_A_A,1.6
51,10.694,THR, ,OG1,20.13,1000.00,0.0,2.60,1.0,<Residue THR het=  resseq=142 icode= >,3bs1_A_A,1.6
52,1.856,THR, ,CG2,16.13,1000.00,0.0,2.87,1.0,<Residue THR het=  resseq=142 icode= >,3bs1_A_A,1.6
53,0.0,ILE, ,N,15.78,17.29,0.0,4.95,1.0,<Residue ILE het=  resseq=143 icode= >,3bs1_A_A,1.6
54,3.508,ILE, ,CA,16.05,16.11,0.0,3.33,1.0,<Residue ILE het=  resseq=143 icode= >,3bs1_A_A,1.6
55,0.0,ILE, ,C,16.03,16.31,0.0,4.47,1.0,<Residue ILE het=  resseq=143 icode= >,3bs1_A_A,1.6
56,0.0,ILE, ,O,15.42,16.38,0.0,5.38,1.0,<Residue ILE het=  resseq=143 icode= >,3bs1_A_A,1.6
57,0.051,ILE, ,CB,16.44,14.80,0.0,3.28,1.0,<Residue ILE het=  resseq=143 icode= >,3bs1_A_A,1.6
58,8.586,ILE, ,CG1,16.28,13.60,0.0,3.18,1.0,<Residue ILE het=  resseq=143 icode= >,3bs1_A_A,1.6
59,0.0,ILE, ,CG2,15.61,14.86,0.0,2.82,1.0,<Residue ILE het=  resseq=143 icode= >,3bs1_A_A,1.6
60,5.502,ILE, ,CD1,19.83,12.28,0.0,2.29,1.0,<Residue ILE het=  resseq=143 icode= >,3bs1_A_A,1.6
61,5.083,GLU, ,N,16.92,15.39,0.0,4.47,1.0,<Residue GLU het=  resseq=144 icode= >,3bs1_A_A,1.6
62,0.0,GLU, ,CA,18.44,14.25,0.0,3.42,1.0,<Residue GLU het=  resseq=144 icode= >,3bs1_A_A,1.6
63,0.0,GLU, ,C,18.26,13.13,0.0,4.00,1.0,<Residue GLU het=  resseq=144 icode= >,3bs1_A_A,1.6
64,14.83,GLU, ,O,18.86,12.75,0.0,4.89,1.0,<Residue GLU het=  resseq=144 icode= >,3bs1_A_A,1.6
65,10.732,GLU, ,CB,18.17,13.94,0.0,3.28,1.0,<Residue GLU het=  resseq=144 icode= >,3bs1_A_A,1.6
66,0.0,GLU, ,CG,20.8,12.89,0.0,2.16,1.0,<Residue GLU het=  resseq=144 icode= >,3bs1_A_A,1.6
67,0.363,GLU, ,CD,21.35,12.74,0.0,2.19,1.0,<Residue GLU het=  resseq=144 icode= >,3bs1_A_A,1.6
68,21.917,GLU, ,OE1,25.12,13.45,0.0,2.85,1.0,<Residue GLU het=  resseq=144 icode= >,3bs1_A_A,1.6
69,11.56,GLU, ,OE2,24.98,12.05,0.0,2.47,1.0,<Residue GLU het=  resseq=144 icode= >,3bs1_A_A,1.6
70,0.0,LEU, ,N,18.53,12.79,0.0,4.37,1.0,<Residue LEU het=  resseq=145 icode= >,3bs1_A_A,1.6
71,0.388,LEU, ,CA,19.08,11.75,0.0,3.38,1.0,<Residue LEU het=  resseq=145 icode= >,3bs1_A_A,1.6
72,0.015,LEU, ,C,20.11,10.61,0.0,3.76,1.0,<Residue LEU het=  resseq=145 icode= >,3bs1_A_A,1.6
73,0.349,LEU, ,O,21.24,10.95,0.0,3.08,1.0,<Residue LEU het=  resseq=145 icode= >,3bs1_A_A,1.6
74,0.0,LEU, ,CB,18.31,12.44,0.0,2.84,1.0,<Residue LEU het=  resseq=145 icode= >,3bs1_A_A,1.6
75,0.0,LEU, ,CG,15.66,13.77,0.0,3.53,1.0,<Residue LEU het=  resseq=145 icode= >,3bs1_A_A,1.6
76,0.0,LEU, ,CD1,13.95,14.12,0.0,4.24,1.0,<Residue LEU het=  resseq=145 icode= >,3bs1_A_A,1.6
77,0.688,LEU, ,CD2,16.42,12.60,0.0,3.23,1.0,<Residue LEU het=  resseq=145 icode= >,3bs1_A_A,1.6
78,2.691,LYS, ,N,22.03,9.40,0.0,3.11,1.0,<Residue LYS het=  resseq=146 icode= >,3bs1_A_A,1.6
79,0.0,LYS, ,CA,22.87,8.34,0.0,2.16,1.0,<Residue LYS het=  resseq=146 icode= >,3bs1_A_A,1.6
80,0.47,LYS, ,C,23.12,7.43,0.0,3.16,1.0,<Residue LYS het=  resseq=146 icode= >,3bs1_A_A,1.6
81,2.994,LYS, ,O,22.95,7.29,0.0,4.13,1.0,<Residue LYS het=  resseq=146 icode= >,3bs1_A_A,1.6
82,13.039,LYS, ,CB,23.22,7.71,0.0,1.65,1.0,<Residue LYS het=  resseq=146 icode= >,3bs1_A_A,1.6
83,1.016,LYS, ,CG,23.41,8.86,0.0,2.50,1.0,<Residue LYS het=  resseq=146 icode= >,3bs1_A_A,1.6
84,30.454,LYS, ,CD,24.38,8.65,0.0,1.65,1.0,<Residue LYS het=  resseq=146 icode= >,3bs1_A_A,1.6
85,18.557,LYS, ,CE,26.33,9.98,0.0,1.89,1.0,<Residue LYS het=  resseq=146 icode= >,3bs1_A_A,1.6
86,48.843,LYS, ,NZ,27.96,10.17,0.0,2.01,1.0,<Residue LYS het=  resseq=146 icode= >,3bs1_A_A,1.6
87,0.357,ARG, ,N,23.48,7.13,0.0,2.53,1.0,<Residue ARG het=  resseq=147 icode= >,3bs1_A_A,1.6
88,4.666,ARG, ,CA,24.13,6.34,0.0,2.14,1.0,<Residue ARG het=  resseq=147 icode= >,3bs1_A_A,1.6
89,2.594,ARG, ,C,23.37,5.62,0.0,2.90,1.0,<Residue ARG het=  resseq=147 icode= >,3bs1_A_A,1.6
90,2.099,ARG, ,O,22.65,6.30,0.0,3.47,1.0,<Residue ARG het=  resseq=147 icode= >,3bs1_A_A,1.6
91,9.737,ARG, ,CB,23.98,7.42,0.0,1.71,1.0,<Residue ARG het=  resseq=147 icode= >,3bs1_A_A,1.6
92,4.054,ARG, ,CG,26.13,7.84,0.0,1.19,1.0,<Residue ARG het=  resseq=147 icode= >,3bs1_A_A,1.6
93,24.894,ARG, ,CD,26.85,8.16,0.0,0.96,1.0,<Residue ARG het=  resseq=147 icode= >,3bs1_A_A,1.6
94,11.035,ARG, ,NE,32.61,7.16,0.0,1.80,1.0,<Residue ARG het=  resseq=147 icode= >,3bs1_A_A,1.6
95,7.778,ARG, ,CZ,33.85,6.62,0.0,2.35,1.0,<Residue ARG het=  resseq=147 icode= >,3bs1_A_A,1.6
96,15.066,ARG, ,NH1,34.88,7.09,0.0,1.34,1.0,<Residue ARG het=  resseq=147 icode= >,3bs1_A_A,1.6
97,58.605,ARG, ,NH2,35.03,5.96,0.0,0.98,1.0,<Residue ARG het=  resseq=147 icode= >,3bs1_A_A,1.6
98,16.49,GLY, ,N,23.46,4.34,4.863,3.06,1.0,<Residue GLY het=  resseq=148 icode= >,3bs1_A_A,1.6
99,44.223,GLY, ,CA,23.94,3.82,24.577,1.87,1.0,<Residue GLY het=  resseq=148 icode= >,3bs1_A_A,1.6
100,4.867,GLY, ,C,23.7,5.07,0.0,1.86,1.0,<Residue GLY het=  resseq=148 icode= >,3bs1_A_A,1.6
101,13.439,GLY, ,O,23.93,5.46,0.0,2.69,1.0,<Residue GLY het=  resseq=148 icode= >,3bs1_A_A,1.6
102,6.382,SER, ,N,23.89,5.80,0.0,2.51,1.0,<Residue SER het=  resseq=149 icode= >,3bs1_A_A,1.6
103,9.784,SER, ,CA,23.98,7.11,0.0,2.32,1.0,<Residue SER het=  resseq=149 icode= >,3bs1_A_A,1.6
104,1.357,SER, ,C,24.21,8.23,0.0,2.10,1.0,<Residue SER het=  resseq=149 icode= >,3bs1_A_A,1.6
105,25.556,SER, ,O,24.29,9.38,0.0,2.91,1.0,<Residue SER het=  resseq=149 icode= >,3bs1_A_A,1.6
106,45.73,SER, ,CB,24.56,7.68,0.0,1.34,1.0,<Residue SER het=  resseq=149 icode= >,3bs1_A_A,1.6
107,29.481,SER, ,OG,23.94,7.80,0.0,2.42,1.0,<Residue SER het=  resseq=149 icode= >,3bs1_A_A,1.6
108,0.0,ASN, ,N,23.87,8.07,0.0,2.84,1.0,<Residue ASN het=  resseq=150 icode= >,3bs1_A_A,1.6
109,3.561,ASN, ,CA,24.24,9.29,0.0,1.81,1.0,<Residue ASN het=  resseq=150 icode= >,3bs1_A_A,1.6
110,0.38,ASN, ,C,24.44,9.57,0.0,2.32,1.0,<Residue ASN het=  resseq=150 icode= >,3bs1_A_A,1.6
111,0.208,ASN, ,O,24.51,8.66,0.0,3.12,1.0,<Residue ASN het=  resseq=150 icode= >,3bs1_A_A,1.6
112,18.239,ASN, ,CB,23.64,9.42,0.0,2.71,1.0,<Residue ASN het=  resseq=150 icode= >,3bs1_A_A,1.6
113,6.225,ASN, ,CG,23.86,9.35,0.0,2.91,1.0,<Residue ASN het=  resseq=150 icode= >,3bs1_A_A,1.6
114,35.313,ASN, ,OD1,24.34,9.02,0.0,2.55,1.0,<Residue ASN het=  resseq=150 icode= >,3bs1_A_A,1.6
115,40.734,ASN, ,ND2,22.82,9.92,0.0,2.60,1.0,<Residue ASN het=  resseq=150 icode= >,3bs1_A_A,1.6
116,5.463,SER, ,N,24.8,10.84,0.0,2.51,1.0,<Residue SER het=  resseq=151 icode= >,3bs1_A_A,1.6
117,0.189,SER, ,CA,25.37,11.32,0.0,2.36,1.0,<Residue SER het=  resseq=151 icode= >,3bs1_A_A,1.6
118,2.134,SER, ,C,25.1,12.50,0.0,2.35,1.0,<Residue SER het=  resseq=151 icode= >,3bs1_A_A,1.6
119,26.62,SER, ,O,25.54,13.26,0.0,2.51,1.0,<Residue SER het=  resseq=151 icode= >,3bs1_A_A,1.6
120,13.822,SER, ,CB,25.24,11.91,0.0,2.34,1.0,<Residue SER het=  resseq=151 icode= >,3bs1_A_A,1.6
121,10.386,SER, ,OG,27.64,11.02,0.0,1.82,1.0,<Residue SER het=  resseq=151 icode= >,3bs1_A_A,1.6
122,0.078,VAL, ,N,24.8,12.80,0.0,2.64,1.0,<Residue VAL het=  resseq=152 icode= >,3bs1_A_A,1.6
123,2.896,VAL, ,CA,24.6,14.13,0.0,2.65,1.0,<Residue VAL het=  resseq=152 icode= >,3bs1_A_A,1.6
124,0.0,VAL, ,C,23.73,14.77,0.0,3.78,1.0,<Residue VAL het=  resseq=152 icode= >,3bs1_A_A,1.6
125,0.0,VAL, ,O,23.62,14.27,0.0,4.47,1.0,<Residue VAL het=  resseq=152 icode= >,3bs1_A_A,1.6
126,9.534,VAL, ,CB,24.86,14.25,0.0,2.40,1.0,<Residue VAL het=  resseq=152 icode= >,3bs1_A_A,1.6
127,9.352,VAL, ,CG1,24.95,13.56,0.0,1.90,1.0,<Residue VAL het=  resseq=152 icode= >,3bs1_A_A,1.6
128,41.939,VAL, ,CG2,25.95,15.75,0.0,1.02,1.0,<Residue VAL het=  resseq=152 icode= >,3bs1_A_A,1.6
129,4.126,TYR, ,N,23.49,15.97,0.0,3.44,1.0,<Residue TYR het=  resseq=153 icode= >,3bs1_A_A,1.6
130,0.0,TYR, ,CA,22.88,16.83,0.0,3.02,1.0,<Residue TYR het=  resseq=153 icode= >,3bs1_A_A,1.6
131,0.239,TYR, ,C,21.61,17.78,0.0,2.97,1.0,<Residue TYR het=  resseq=153 icode= >,3bs1_A_A,1.6
132,22.411,TYR, ,O,22.14,18.47,0.0,2.80,1.0,<Residue TYR het=  resseq=153 icode= >,3bs1_A_A,1.6
133,14.821,TYR, ,CB,24.45,17.68,0.0,2.00,1.0,<Residue TYR het=  resseq=153 icode= >,3bs1_A_A,1.6
134,0.648,TYR, ,CG,26.03,17.05,0.0,2.68,1.0,<Residue TYR het=  resseq=153 icode= >,3bs1_A_A,1.6
135,15.446,TYR, ,CD1,27.89,16.42,0.0,2.40,1.0,<Residue TYR het=  resseq=153 icode= >,3bs1_A_A,1.6
136,0.542,TYR, ,CD2,27.44,17.25,0.0,2.16,1.0,<Residue TYR het=  resseq=153 icode= >,3bs1_A_A,1.6
137,13.36,TYR, ,CE1,28.48,15.99,0.0,1.58,1.0,<Residue TYR het=  resseq=153 icode= >,3bs1_A_A,1.6
138,12.009,TYR, ,CE2,28.93,16.83,0.0,1.59,1.0,<Residue TYR het=  resseq=153 icode= >,3bs1_A_A,1.6
139,0.0,TYR, ,CZ,28.11,16.19,0.0,1.61,1.0,<Residue TYR het=  resseq=153 icode= >,3bs1_A_A,1.6
140,16.369,TYR, ,OH,29.6,15.94,0.0,1.44,1.0,<Residue TYR het=  resseq=153 icode= >,3bs1_A_A,1.6
141,0.0,VAL, ,N,18.67,17.89,0.0,4.08,1.0,<Residue VAL het=  resseq=154 icode= >,3bs1_A_A,1.6
142,1.679,VAL, ,CA,17.48,18.80,0.0,3.11,1.0,<Residue VAL het=  resseq=154 icode= >,3bs1_A_A,1.6
143,0.0,VAL, ,C,16.18,19.01,0.0,4.03,1.0,<Residue VAL het=  resseq=154 icode= >,3bs1_A_A,1.6
144,0.0,VAL, ,O,16.39,18.27,0.0,4.27,1.0,<Residue VAL het=  resseq=154 icode= >,3bs1_A_A,1.6
145,0.0,VAL, ,CB,17.12,17.66,0.0,3.43,1.0,<Residue VAL het=  resseq=154 icode= >,3bs1_A_A,1.6
146,0.189,VAL, ,CG1,18.69,17.85,0.0,2.62,1.0,<Residue VAL het=  resseq=154 icode= >,3bs1_A_A,1.6
147,2.474,VAL, ,CG2,17.99,17.02,0.0,2.75,1.0,<Residue VAL het=  resseq=154 icode= >,3bs1_A_A,1.6
148,0.603,GLN, ,N,15.38,1000.00,0.0,4.91,1.0,<Residue GLN het=  resseq=155 icode= >,3bs1_A_A,1.6
149,0.0,GLN, ,CA,14.91,1000.00,0.0,3.77,1.0,<Residue GLN het=  resseq=155 icode= >,3bs1_A_A,1.6
150,0.0,GLN, ,C,13.46,1000.00,0.0,4.80,1.0,<Residue GLN het=  resseq=155 icode= >,3bs1_A_A,1.6
151,0.0,GLN, ,O,13.1,1000.00,0.0,5.23,1.0,<Residue GLN het=  resseq=155 icode= >,3bs1_A_A,1.6
152,0.982,GLN, ,CB,14.91,1000.00,0.0,3.12,1.0,<Residue GLN het=  resseq=155 icode= >,3bs1_A_A,1.6
153,7.241,GLN, ,CG,16.26,1000.00,0.0,3.32,1.0,<Residue GLN het=  resseq=155 icode= >,3bs1_A_A,1.6
154,4.584,GLN, ,CD,17.06,1000.00,0.0,3.42,1.0,<Residue GLN het=  resseq=155 icode= >,3bs1_A_A,1.6
155,23.078,GLN, ,OE1,19.93,1000.00,0.0,3.97,1.0,<Residue GLN het=  resseq=155 icode= >,3bs1_A_A,1.6
156,29.078,GLN, ,NE2,19.42,1000.00,0.0,2.71,1.0,<Residue GLN het=  resseq=155 icode= >,3bs1_A_A,1.6
157,0.0,TYR, ,N,12.79,18.96,0.0,4.97,1.0,<Residue TYR het=  resseq=156 icode= >,3bs1_A_A,1.6
158,0.0,TYR, ,CA,11.78,18.02,0.0,3.68,1.0,<Residue TYR het=  resseq=156 icode= >,3bs1_A_A,1.6
159,0.0,TYR, ,C,11.67,18.33,0.0,4.31,1.0,<Residue TYR het=  resseq=156 icode= >,3bs1_A_A,1.6
160,0.0,TYR, ,O,11.6,17.48,0.0,5.91,1.0,<Residue TYR het=  resseq=156 icode= >,3bs1_A_A,1.6
161,1.278,TYR, ,CB,12.39,18.22,0.0,4.20,1.0,<Residue TYR het=  resseq=156 icode= >,3bs1_A_A,1.6
162,0.0,TYR, ,CG,12.54,17.54,0.0,4.02,1.0,<Residue TYR het=  resseq=156 icode= >,3bs1_A_A,1.6
163,0.0,TYR, ,CD1,13.98,17.11,0.0,3.77,1.0,<Residue TYR het=  resseq=156 icode= >,3bs1_A_A,1.6
164,0.0,TYR, ,CD2,13.29,17.50,0.0,4.00,1.0,<Residue TYR het=  resseq=156 icode= >,3bs1_A_A,1.6
165,0.129,TYR, ,CE1,14.81,16.65,0.0,3.56,1.0,<Residue TYR het=  resseq=156 icode= >,3bs1_A_A,1.6
166,0.125,TYR, ,CE2,14.04,17.06,0.0,3.25,1.0,<Residue TYR het=  resseq=156 icode= >,3bs1_A_A,1.6
167,0.213,TYR, ,CZ,14.39,16.62,0.0,3.84,1.0,<Residue TYR het=  resseq=156 icode= >,3bs1_A_A,1.6
168,14.338,TYR, ,OH,16.34,16.32,0.0,4.07,1.0,<Residue TYR het=  resseq=156 icode= >,3bs1_A_A,1.6
169,0.864,ASP, ,N,11.42,1000.00,0.0,4.82,1.0,<Residue ASP het=  resseq=157 icode= >,3bs1_A_A,1.6
170,0.0,ASP, ,CA,11.28,1000.00,0.0,3.85,1.0,<Residue ASP het=  resseq=157 icode= >,3bs1_A_A,1.6
171,2.641,ASP, ,C,11.2,1000.00,0.0,4.52,1.0,<Residue ASP het=  resseq=157 icode= >,3bs1_A_A,1.6
172,3.899,ASP, ,O,11.29,1000.00,0.0,5.26,1.0,<Residue ASP het=  resseq=157 icode= >,3bs1_A_A,1.6
173,26.548,ASP, ,CB,11.14,1000.00,0.0,3.82,1.0,<Residue ASP het=  resseq=157 icode= >,3bs1_A_A,1.6
174,0.973,ASP, ,CG,11.82,1000.00,0.0,4.66,1.0,<Residue ASP het=  resseq=157 icode= >,3bs1_A_A,1.6
175,0.0,ASP, ,OD1,11.21,1000.00,0.0,6.31,1.0,<Residue ASP het=  resseq=157 icode= >,3bs1_A_A,1.6
176,19.479,ASP, ,OD2,12.19,1000.00,0.0,5.06,1.0,<Residue ASP het=  resseq=157 icode= >,3bs1_A_A,1.6
177,0.32,ASP, ,N,11.07,1000.00,0.0,5.05,1.0,<Residue ASP het=  resseq=158 icode= >,3bs1_A_A,1.6
178,0.48,ASP, ,CA,12.11,1000.00,0.0,3.51,1.0,<Residue ASP het=  resseq=158 icode= >,3bs1_A_A,1.6
179,0.0,ASP, ,C,11.4,1000.00,0.0,4.46,1.0,<Residue ASP het=  resseq=158 icode= >,3bs1_A_A,1.6
180,0.0,ASP, ,O,12.33,1000.00,0.0,6.30,1.0,<Residue ASP het=  resseq=158 icode= >,3bs1_A_A,1.6
181,0.288,ASP, ,CB,13.1,1000.00,0.0,3.24,1.0,<Residue ASP het=  resseq=158 icode= >,3bs1_A_A,1.6
182,5.954,ASP, ,CG,17.31,1000.00,0.0,3.00,1.0,<Residue ASP het=  resseq=158 icode= >,3bs1_A_A,1.6
183,20.205,ASP, ,OD1,19.89,1000.00,0.0,3.50,1.0,<Residue ASP het=  resseq=158 icode= >,3bs1_A_A,1.6
184,14.187,ASP, ,OD2,22.42,1000.00,0.0,3.15,1.0,<Residue ASP het=  resseq=158 icode= >,3bs1_A_A,1.6
185,0.0,ILE, ,N,11.32,17.88,0.0,5.34,1.0,<Residue ILE het=  resseq=159 icode= >,3bs1_A_A,1.6
186,0.0,ILE, ,CA,11.66,16.64,0.0,4.12,1.0,<Residue ILE het=  resseq=159 icode= >,3bs1_A_A,1.6
187,0.0,ILE, ,C,10.83,16.69,0.0,4.72,1.0,<Residue ILE het=  resseq=159 icode= >,3bs1_A_A,1.6
188,0.0,ILE, ,O,11.46,16.90,0.0,6.22,1.0,<Residue ILE het=  resseq=159 icode= >,3bs1_A_A,1.6
189,0.0,ILE, ,CB,11.61,15.40,0.0,3.70,1.0,<Residue ILE het=  resseq=159 icode= >,3bs1_A_A,1.6
190,0.0,ILE, ,CG1,12.87,15.57,0.0,3.19,1.0,<Residue ILE het=  resseq=159 icode= >,3bs1_A_A,1.6
191,0.088,ILE, ,CG2,12.28,14.10,0.0,3.69,1.0,<Residue ILE het=  resseq=159 icode= >,3bs1_A_A,1.6
192,0.0,ILE, ,CD1,14.13,14.74,0.0,2.91,1.0,<Residue ILE het=  resseq=159 icode= >,3bs1_A_A,1.6
193,0.0,MET, ,N,10.14,16.62,0.0,6.15,1.0,<Residue MET het=  resseq=160 icode= >,3bs1_A_A,1.6
194,0.0,MET, ,CA,10.33,16.76,0.0,3.70,1.0,<Residue MET het=  resseq=160 icode= >,3bs1_A_A,1.6
195,0.0,MET, ,C,10.61,15.45,0.0,4.07,1.0,<Residue MET het=  resseq=160 icode= >,3bs1_A_A,1.6
196,0.0,MET, ,O,10.16,15.45,0.0,6.38,1.0,<Residue MET het=  resseq=160 icode= >,3bs1_A_A,1.6
197,0.0,MET, ,CB,11.06,16.93,0.0,4.09,1.0,<Residue MET het=  resseq=160 icode= >,3bs1_A_A,1.6
198,0.0,MET, ,CG,11.34,18.18,0.0,3.25,1.0,<Residue MET het=  resseq=160 icode= >,3bs1_A_A,1.6
199,0.0,MET, ,SD,12.67,19.72,0.0,11.09,1.0,<Residue MET het=  resseq=160 icode= >,3bs1_A_A,1.6
200,0.0,MET, ,CE,14.61,20.33,0.0,4.04,1.0,<Residue MET het=  resseq=160 icode= >,3bs1_A_A,1.6
201,0.0,PHE, ,N,10.26,14.43,0.0,4.55,1.0,<Residue PHE het=  resseq=161 icode= >,3bs1_A_A,1.6
202,0.08,PHE, ,CA,10.03,13.11,0.0,4.06,1.0,<Residue PHE het=  resseq=161 icode= >,3bs1_A_A,1.6
203,0.0,PHE, ,C,10.45,12.09,0.0,4.50,1.0,<Residue PHE het=  resseq=161 icode= >,3bs1_A_A,1.6
204,0.0,PHE, ,O,9.92,12.56,0.0,6.34,1.0,<Residue PHE het=  resseq=161 icode= >,3bs1_A_A,1.6
205,0.0,PHE, ,CB,10.26,12.65,0.0,4.24,1.0,<Residue PHE het=  resseq=161 icode= >,3bs1_A_A,1.6
206,0.0,PHE, ,CG,10.88,12.38,0.0,4.20,1.0,<Residue PHE het=  resseq=161 icode= >,3bs1_A_A,1.6
207,0.0,PHE, ,CD1,12.44,13.49,0.0,2.89,1.0,<Residue PHE het=  resseq=161 icode= >,3bs1_A_A,1.6
208,0.0,PHE, ,CD2,11.82,11.14,0.0,4.40,1.0,<Residue PHE het=  resseq=161 icode= >,3bs1_A_A,1.6
209,0.0,PHE, ,CE1,12.17,13.47,0.0,4.30,1.0,<Residue PHE het=  resseq=161 icode= >,3bs1_A_A,1.6
210,0.351,PHE, ,CE2,11.61,11.11,0.0,3.57,1.0,<Residue PHE het=  resseq=161 icode= >,3bs1_A_A,1.6
211,4.435,PHE, ,CZ,11.65,12.34,0.0,3.74,1.0,<Residue PHE het=  resseq=161 icode= >,3bs1_A_A,1.6
212,0.0,PHE, ,N,10.3,10.80,0.0,5.73,1.0,<Residue PHE het=  resseq=162 icode= >,3bs1_A_A,1.6
213,0.0,PHE, ,CA,11.14,9.75,0.0,3.54,1.0,<Residue PHE het=  resseq=162 icode= >,3bs1_A_A,1.6
214,0.0,PHE, ,C,10.94,9.13,0.0,4.63,1.0,<Residue PHE het=  resseq=162 icode= >,3bs1_A_A,1.6
215,0.0,PHE, ,O,10.21,8.80,0.0,6.81,1.0,<Residue PHE het=  resseq=162 icode= >,3bs1_A_A,1.6
216,0.0,PHE, ,CB,11.04,8.74,0.0,4.74,1.0,<Residue PHE het=  resseq=162 icode= >,3bs1_A_A,1.6
217,0.0,PHE, ,CG,11.43,9.51,0.0,4.09,1.0,<Residue PHE het=  resseq=162 icode= >,3bs1_A_A,1.6
218,0.0,PHE, ,CD1,11.33,9.89,0.0,4.12,1.0,<Residue PHE het=  resseq=162 icode= >,3bs1_A_A,1.6
219,0.143,PHE, ,CD2,12.24,10.05,0.0,4.00,1.0,<Residue PHE het=  resseq=162 icode= >,3bs1_A_A,1.6
220,0.0,PHE, ,CE1,10.85,10.77,0.0,4.92,1.0,<Residue PHE het=  resseq=162 icode= >,3bs1_A_A,1.6
221,0.052,PHE, ,CE2,11.86,10.93,0.0,3.92,1.0,<Residue PHE het=  resseq=162 icode= >,3bs1_A_A,1.6
222,0.0,PHE, ,CZ,11.72,11.26,0.0,4.20,1.0,<Residue PHE het=  resseq=162 icode= >,3bs1_A_A,1.6
223,0.0,GLU, ,N,11.47,8.48,0.0,5.20,1.0,<Residue GLU het=  resseq=163 icode= >,3bs1_A_A,1.6
224,0.0,GLU, ,CA,12.26,7.14,0.0,3.65,1.0,<Residue GLU het=  resseq=163 icode= >,3bs1_A_A,1.6
225,0.0,GLU, ,C,12.2,6.47,0.0,4.30,1.0,<Residue GLU het=  resseq=163 icode= >,3bs1_A_A,1.6
226,0.0,GLU, ,O,12.63,7.31,0.0,4.97,1.0,<Residue GLU het=  resseq=163 icode= >,3bs1_A_A,1.6
227,0.816,GLU, ,CB,12.89,7.39,0.0,4.13,1.0,<Residue GLU het=  resseq=163 icode= >,3bs1_A_A,1.6
228,0.0,GLU, ,CG,16.37,8.19,0.0,1.53,1.0,<Residue GLU het=  resseq=163 icode= >,3bs1_A_A,1.6
229,4.134,GLU, ,CD,20.69,8.65,0.0,1.70,1.0,<Residue GLU het=  resseq=163 icode= >,3bs1_A_A,1.6
230,21.624,GLU, ,OE1,21.29,8.22,0.0,4.25,1.0,<Residue GLU het=  resseq=163 icode= >,3bs1_A_A,1.6
231,10.44,GLU, ,OE2,22.6,9.65,0.0,3.34,1.0,<Residue GLU het=  resseq=163 icode= >,3bs1_A_A,1.6
232,0.0,SER, ,N,12.51,5.16,0.0,4.34,1.0,<Residue SER het=  resseq=164 icode= >,3bs1_A_A,1.6
233,0.0,SER,x,CA,12.72,4.78,0.0,3.75,0.5,<Residue SER het=  resseq=164 icode= >,3bs1_A_A,1.6
234,0.0,SER, ,C,13.37,5.54,0.0,4.26,1.0,<Residue SER het=  resseq=164 icode= >,3bs1_A_A,1.6
235,10.515,SER, ,O,13.44,5.71,0.0,5.42,1.0,<Residue SER het=  resseq=164 icode= >,3bs1_A_A,1.6
236,25.904,SER,x,CB,12.54,3.33,20.616,3.27,0.5,<Residue SER het=  resseq=164 icode= >,3bs1_A_A,1.6
237,14.514,SER,x,OG,11.04,2.69,5.133,3.13,0.5,<Residue SER het=  resseq=164 icode= >,3bs1_A_A,1.6
238,0.0,SER, ,N,14.03,6.02,0.0,4.28,1.0,<Residue SER het=  resseq=165 icode= >,3bs1_A_A,1.6
239,0.254,SER, ,CA,14.95,6.78,0.0,3.67,1.0,<Residue SER het=  resseq=165 icode= >,3bs1_A_A,1.6
240,1.262,SER, ,C,15.88,6.09,0.0,4.18,1.0,<Residue SER het=  resseq=165 icode= >,3bs1_A_A,1.6
241,15.639,SER, ,O,16.72,4.95,2.743,3.97,1.0,<Residue SER het=  resseq=165 icode= >,3bs1_A_A,1.6
242,0.0,SER, ,CB,14.94,7.77,0.0,3.32,1.0,<Residue SER het=  resseq=165 icode= >,3bs1_A_A,1.6
243,1.187,SER, ,OG,15.75,8.69,0.0,4.40,1.0,<Residue SER het=  resseq=165 icode= >,3bs1_A_A,1.6
244,1.66,THR, ,N,16.95,7.01,0.0,4.72,1.0,<Residue THR het=  resseq=166 icode= >,3bs1_A_A,1.6
245,8.767,THR, ,CA,18.05,7.02,0.0,3.69,1.0,<Residue THR het=  resseq=166 icode= >,3bs1_A_A,1.6
246,1.316,THR, ,C,18.35,7.30,0.0,3.40,1.0,<Residue THR het=  resseq=166 icode= >,3bs1_A_A,1.6
247,28.261,THR, ,O,18.99,7.31,0.0,3.93,1.0,<Residue THR het=  resseq=166 icode= >,3bs1_A_A,1.6
248,16.111,THR, ,CB,18.42,8.29,0.0,2.73,1.0,<Residue THR het=  resseq=166 icode= >,3bs1_A_A,1.6
249,23.219,THR, ,OG1,20.38,9.44,0.0,3.54,1.0,<Residue THR het=  resseq=166 icode= >,3bs1_A_A,1.6
250,68.569,THR, ,CG2,19.27,8.39,0.0,2.09,1.0,<Residue THR het=  resseq=166 icode= >,3bs1_A_A,1.6
251,0.0,LYS, ,N,17.52,7.86,0.0,4.22,1.0,<Residue LYS het=  resseq=167 icode= >,3bs1_A_A,1.6
252,5.737,LYS, ,CA,17.53,7.83,0.0,3.31,1.0,<Residue LYS het=  resseq=167 icode= >,3bs1_A_A,1.6
253,0.14,LYS, ,C,17.11,7.53,0.0,3.14,1.0,<Residue LYS het=  resseq=167 icode= >,3bs1_A_A,1.6
254,0.215,LYS, ,O,16.54,7.18,0.0,5.48,1.0,<Residue LYS het=  resseq=167 icode= >,3bs1_A_A,1.6
255,0.688,LYS, ,CB,17.58,7.25,0.0,2.69,1.0,<Residue LYS het=  resseq=167 icode= >,3bs1_A_A,1.6
256,12.8,LYS, ,CG,18.9,7.81,0.0,2.60,1.0,<Residue LYS het=  resseq=167 icode= >,3bs1_A_A,1.6
257,4.923,LYS, ,CD,18.89,6.93,0.0,2.62,1.0,<Residue LYS het=  resseq=167 icode= >,3bs1_A_A,1.6
258,44.009,LYS, ,CE,21.33,7.65,0.0,3.00,1.0,<Residue LYS het=  resseq=167 icode= >,3bs1_A_A,1.6
259,31.226,LYS, ,NZ,24.36,8.72,0.0,2.37,1.0,<Residue LYS het=  resseq=167 icode= >,3bs1_A_A,1.6
260,4.166,SER, ,N,16.84,6.98,0.0,3.72,1.0,<Residue SER het=  resseq=168 icode= >,3bs1_A_A,1.6
261,10.876,SER, ,CA,16.49,6.08,0.0,2.90,1.0,<Residue SER het=  resseq=168 icode= >,3bs1_A_A,1.6
262,0.0,SER, ,C,15.43,5.93,0.0,3.91,1.0,<Residue SER het=  resseq=168 icode= >,3bs1_A_A,1.6
263,1.293,SER, ,O,14.92,5.75,0.0,4.45,1.0,<Residue SER het=  resseq=168 icode= >,3bs1_A_A,1.6
264,40.995,SER, ,CB,16.95,5.79,2.026,2.86,1.0,<Residue SER het=  resseq=168 icode= >,3bs1_A_A,1.6
265,16.925,SER, ,OG,19.08,4.89,14.112,3.16,1.0,<Residue SER het=  resseq=168 icode= >,3bs1_A_A,1.6
266,10.029,HIS, ,N,15.15,4.95,3.556,4.22,1.0,<Residue HIS het=  resseq=169 icode= >,3bs1_A_A,1.6
267,10.935,HIS, ,CA,14.4,5.14,4.163,2.79,1.0,<Residue HIS het=  resseq=169 icode= >,3bs1_A_A,1.6
268,0.597,HIS, ,C,13.67,6.35,0.0,3.97,1.0,<Residue HIS het=  resseq=169 icode= >,3bs1_A_A,1.6
269,1.878,HIS, ,O,13.98,6.81,0.0,5.74,1.0,<Residue HIS het=  resseq=169 icode= >,3bs1_A_A,1.6
270,8.804,HIS, ,CB,14.92,5.42,0.0,3.36,1.0,<Residue HIS het=  resseq=169 icode= >,3bs1_A_A,1.6
271,3.507,HIS, ,CG,16.87,4.46,0.0,2.88,1.0,<Residue HIS het=  resseq=169 icode= >,3bs1_A_A,1.6
272,25.853,HIS, ,ND1,21.45,3.94,9.09,2.16,1.0,<Residue HIS het=  resseq=169 icode= >,3bs1_A_A,1.6
273,13.715,HIS, ,CD2,19.06,3.95,8.533,3.27,1.0,<Residue HIS het=  resseq=169 icode= >,3bs1_A_A,1.6
274,45.692,HIS, ,CE1,18.84,2.81,37.283,3.11,1.0,<Residue HIS het=  resseq=169 icode= >,3bs1_A_A,1.6
275,31.094,HIS, ,NE2,21.21,2.76,31.05,3.10,1.0,<Residue HIS het=  resseq=169 icode= >,3bs1_A_A,1.6
276,0.0,ARG, ,N,12.86,7.10,0.0,5.41,1.0,<Residue ARG het=  resseq=170 icode= >,3bs1_A_A,1.6
277,0.0,ARG, ,CA,12.17,7.89,0.0,3.80,1.0,<Residue ARG het=  resseq=170 icode= >,3bs1_A_A,1.6
278,0.0,ARG, ,C,12.18,7.26,0.0,4.00,1.0,<Residue ARG het=  resseq=170 icode= >,3bs1_A_A,1.6
279,3.415,ARG, ,O,12.46,6.77,0.0,5.19,1.0,<Residue ARG het=  resseq=170 icode= >,3bs1_A_A,1.6
280,0.0,ARG, ,CB,12.42,7.30,0.0,3.38,1.0,<Residue ARG het=  resseq=170 icode= >,3bs1_A_A,1.6
281,0.394,ARG, ,CG,12.05,5.88,0.0,4.05,1.0,<Residue ARG het=  resseq=170 icode= >,3bs1_A_A,1.6
282,6.706,ARG, ,CD,13.25,4.90,0.839,3.74,1.0,<Residue ARG het=  resseq=170 icode= >,3bs1_A_A,1.6
283,0.0,ARG, ,NE,15.28,5.11,0.0,4.62,1.0,<Residue ARG het=  resseq=170 icode= >,3bs1_A_A,1.6
284,0.0,ARG, ,CZ,16.09,4.14,0.0,3.67,1.0,<Residue ARG het=  resseq=170 icode= >,3bs1_A_A,1.6
285,27.546,ARG, ,NH1,17.42,4.07,15.347,3.03,1.0,<Residue ARG het=  resseq=170 icode= >,3bs1_A_A,1.6
286,26.626,ARG, ,NH2,17.15,3.74,14.696,3.25,1.0,<Residue ARG het=  resseq=170 icode= >,3bs1_A_A,1.6
287,0.0,LEU, ,N,11.7,7.57,0.0,4.97,1.0,<Residue LEU het=  resseq=171 icode= >,3bs1_A_A,1.6
288,0.0,LEU, ,CA,11.44,7.47,0.0,3.86,1.0,<Residue LEU het=  resseq=171 icode= >,3bs1_A_A,1.6
289,0.0,LEU, ,C,11.32,8.92,0.0,4.70,1.0,<Residue LEU het=  resseq=171 icode= >,3bs1_A_A,1.6
290,0.0,LEU, ,O,11.47,9.75,0.0,6.01,1.0,<Residue LEU het=  resseq=171 icode= >,3bs1_A_A,1.6
291,0.0,LEU, ,CB,11.09,6.79,0.0,4.20,1.0,<Residue LEU het=  resseq=171 icode= >,3bs1_A_A,1.6
292,0.0,LEU, ,CG,11.17,5.35,0.0,4.00,1.0,<Residue LEU het=  resseq=171 icode= >,3bs1_A_A,1.6
293,0.0,LEU, ,CD1,11.64,5.33,0.0,3.59,1.0,<Residue LEU het=  resseq=171 icode= >,3bs1_A_A,1.6
294,7.913,LEU, ,CD2,13.84,4.49,3.72,3.29,1.0,<Residue LEU het=  resseq=171 icode= >,3bs1_A_A,1.6
295,0.0,ILE, ,N,11.07,9.35,0.0,4.70,1.0,<Residue ILE het=  resseq=172 icode= >,3bs1_A_A,1.6
296,0.0,ILE, ,CA,11.83,10.76,0.0,3.59,1.0,<Residue ILE het=  resseq=172 icode= >,3bs1_A_A,1.6
297,0.0,ILE, ,C,11.19,10.95,0.0,4.29,1.0,<Residue ILE het=  resseq=172 icode= >,3bs1_A_A,1.6
298,0.0,ILE, ,O,11.07,10.64,0.0,5.57,1.0,<Residue ILE het=  resseq=172 icode= >,3bs1_A_A,1.6
299,0.0,ILE, ,CB,11.67,10.87,0.0,3.87,1.0,<Residue ILE het=  resseq=172 icode= >,3bs1_A_A,1.6
300,0.156,ILE, ,CG1,13.96,10.49,0.0,3.77,1.0,<Residue ILE het=  resseq=172 icode= >,3bs1_A_A,1.6
301,2.098,ILE, ,CG2,11.64,12.27,0.0,3.33,1.0,<Residue ILE het=  resseq=172 icode= >,3bs1_A_A,1.6
302,28.81,ILE, ,CD1,15.58,10.54,0.0,1.65,1.0,<Residue ILE het=  resseq=172 icode= >,3bs1_A_A,1.6
303,0.0,ALA, ,N,11.45,11.70,0.0,5.24,1.0,<Residue ALA het=  resseq=173 icode= >,3bs1_A_A,1.6
304,0.0,ALA, ,CA,11.34,12.34,0.0,4.27,1.0,<Residue ALA het=  resseq=173 icode= >,3bs1_A_A,1.6
305,0.0,ALA, ,C,11.56,13.64,0.0,4.80,1.0,<Residue ALA het=  resseq=173 icode= >,3bs1_A_A,1.6
306,0.0,ALA, ,O,12.18,14.47,0.0,6.35,1.0,<Residue ALA het=  resseq=173 icode= >,3bs1_A_A,1.6
307,0.0,ALA, ,CB,11.41,12.74,0.0,3.60,1.0,<Residue ALA het=  resseq=173 icode= >,3bs1_A_A,1.6
308,0.0,HIS, ,N,11.44,13.91,0.0,5.03,1.0,<Residue HIS het=  resseq=174 icode= >,3bs1_A_A,1.6
309,0.0,HIS, ,CA,11.48,14.95,0.0,3.72,1.0,<Residue HIS het=  resseq=174 icode= >,3bs1_A_A,1.6
310,0.0,HIS, ,C,12.05,16.16,0.0,4.13,1.0,<Residue HIS het=  resseq=174 icode= >,3bs1_A_A,1.6
311,0.0,HIS, ,O,12.05,16.10,0.0,6.37,1.0,<Residue HIS het=  resseq=174 icode= >,3bs1_A_A,1.6
312,0.0,HIS, ,CB,11.9,14.32,0.0,3.59,1.0,<Residue HIS het=  resseq=174 icode= >,3bs1_A_A,1.6
313,0.0,HIS, ,CG,13.49,13.32,0.0,3.87,1.0,<Residue HIS het=  resseq=174 icode= >,3bs1_A_A,1.6
314,0.0,HIS, ,ND1,14.85,13.69,0.0,3.82,1.0,<Residue HIS het=  resseq=174 icode= >,3bs1_A_A,1.6
315,0.0,HIS, ,CD2,12.39,12.06,0.0,4.30,1.0,<Residue HIS het=  resseq=174 icode= >,3bs1_A_A,1.6
316,12.942,HIS, ,CE1,14.98,12.76,0.0,3.49,1.0,<Residue HIS het=  resseq=174 icode= >,3bs1_A_A,1.6
317,0.0,HIS, ,NE2,13.39,11.71,0.0,4.59,1.0,<Residue HIS het=  resseq=174 icode= >,3bs1_A_A,1.6
318,0.0,LEU, ,N,12.51,17.11,0.0,4.40,1.0,<Residue LEU het=  resseq=175 icode= >,3bs1_A_A,1.6
319,0.0,LEU, ,CA,13.95,18.16,0.0,3.72,1.0,<Residue LEU het=  resseq=175 icode= >,3bs1_A_A,1.6
320,0.0,LEU, ,C,14.3,19.38,0.0,4.42,1.0,<Residue LEU het=  resseq=175 icode= >,3bs1_A_A,1.6
321,1.632,LEU, ,O,14.14,19.05,0.0,6.31,1.0,<Residue LEU het=  resseq=175 icode= >,3bs1_A_A,1.6
322,1.595,LEU, ,CB,14.34,18.61,0.0,3.58,1.0,<Residue LEU het=  resseq=175 icode= >,3bs1_A_A,1.6
323,0.0,LEU, ,CG,15.54,17.91,0.0,3.26,1.0,<Residue LEU het=  resseq=175 icode= >,3bs1_A_A,1.6
324,0.0,LEU, ,CD1,17.15,16.47,0.0,2.83,1.0,<Residue LEU het=  resseq=175 icode= >,3bs1_A_A,1.6
325,16.949,LEU, ,CD2,15.39,18.77,0.0,2.86,1.0,<Residue LEU het=  resseq=175 icode= >,3bs1_A_A,1.6
326,0.0,ASP, ,N,15.19,1000.00,0.0,3.81,1.0,<Residue ASP het=  resseq=176 icode= >,3bs1_A_A,1.6
327,0.0,ASP, ,CA,17.23,1000.00,0.0,2.68,1.0,<Residue ASP het=  resseq=176 icode= >,3bs1_A_A,1.6
328,0.008,ASP, ,C,17.35,1000.00,0.0,3.60,1.0,<Residue ASP het=  resseq=176 icode= >,3bs1_A_A,1.6
329,4.291,ASP, ,O,18.08,1000.00,0.0,4.07,1.0,<Residue ASP het=  resseq=176 icode= >,3bs1_A_A,1.6
330,15.698,ASP, ,CB,17.48,1000.00,0.0,2.54,1.0,<Residue ASP het=  resseq=176 icode= >,3bs1_A_A,1.6
331,8.088,ASP, ,CG,19.06,1000.00,0.0,2.69,1.0,<Residue ASP het=  resseq=176 icode= >,3bs1_A_A,1.6
332,8.741,ASP, ,OD1,20.86,1000.00,0.0,2.24,1.0,<Residue ASP het=  resseq=176 icode= >,3bs1_A_A,1.6
333,12.563,ASP, ,OD2,22.52,1000.00,0.0,2.81,1.0,<Residue ASP het=  resseq=176 icode= >,3bs1_A_A,1.6
334,1.216,ASN, ,N,18.28,1000.00,0.0,3.61,1.0,<Residue ASN het=  resseq=177 icode= >,3bs1_A_A,1.6
335,9.013,ASN, ,CA,18.9,1000.00,0.0,3.00,1.0,<Residue ASN het=  resseq=177 icode= >,3bs1_A_A,1.6
336,4.889,ASN, ,C,18.81,1000.00,0.0,2.95,1.0,<Residue ASN het=  resseq=177 icode= >,3bs1_A_A,1.6
337,14.999,ASN, ,O,19.46,1000.00,0.0,2.76,1.0,<Residue ASN het=  resseq=177 icode= >,3bs1_A_A,1.6
338,12.6,ASN, ,CB,19.62,1000.00,0.0,2.97,1.0,<Residue ASN het=  resseq=177 icode= >,3bs1_A_A,1.6
339,5.64,ASN, ,CG,23.13,1000.00,0.0,1.31,1.0,<Residue ASN het=  resseq=177 icode= >,3bs1_A_A,1.6
340,29.874,ASN, ,OD1,27.76,1000.00,0.0,1.15,1.0,<Residue ASN het=  resseq=177 icode= >,3bs1_A_A,1.6
341,44.657,ASN, ,ND2,26.9,1000.00,0.0,0.43,1.0,<Residue ASN het=  resseq=177 icode= >,3bs1_A_A,1.6
342,1.618,ARG, ,N,16.91,1000.00,0.0,3.89,1.0,<Residue ARG het=  resseq=178 icode= >,3bs1_A_A,1.6
343,7.641,ARG, ,CA,16.63,1000.00,0.0,3.06,1.0,<Residue ARG het=  resseq=178 icode= >,3bs1_A_A,1.6
344,0.633,ARG, ,C,16.01,1000.00,0.0,3.40,1.0,<Residue ARG het=  resseq=178 icode= >,3bs1_A_A,1.6
345,0.239,ARG, ,O,15.26,1000.00,0.0,5.54,1.0,<Residue ARG het=  resseq=178 icode= >,3bs1_A_A,1.6
346,4.707,ARG, ,CB,16.45,1000.00,0.0,3.13,1.0,<Residue ARG het=  resseq=178 icode= >,3bs1_A_A,1.6
347,16.159,ARG, ,CG,19.63,1000.00,0.0,2.04,1.0,<Residue ARG het=  resseq=178 icode= >,3bs1_A_A,1.6
348,29.394,ARG, ,CD,21.29,1000.00,0.0,2.37,1.0,<Residue ARG het=  resseq=178 icode= >,3bs1_A_A,1.6
349,17.891,ARG, ,NE,23.85,1000.00,0.0,3.25,1.0,<Residue ARG het=  resseq=178 icode= >,3bs1_A_A,1.6
350,7.437,ARG, ,CZ,25.46,1000.00,0.0,2.21,1.0,<Residue ARG het=  resseq=178 icode= >,3bs1_A_A,1.6
351,24.721,ARG, ,NH1,26.12,1000.00,0.0,2.11,1.0,<Residue ARG het=  resseq=178 icode= >,3bs1_A_A,1.6
352,59.454,ARG, ,NH2,26.14,1000.00,0.0,1.84,1.0,<Residue ARG het=  resseq=178 icode= >,3bs1_A_A,1.6
353,6.582,GLN, ,N,14.88,16.59,0.0,5.01,1.0,<Residue GLN het=  resseq=179 icode= >,3bs1_A_A,1.6
354,0.0,GLN, ,CA,15.21,15.59,0.0,4.62,1.0,<Residue GLN het=  resseq=179 icode= >,3bs1_A_A,1.6
355,0.801,GLN, ,C,14.1,14.29,0.0,4.25,1.0,<Residue GLN het=  resseq=179 icode= >,3bs1_A_A,1.6
356,24.857,GLN, ,O,14.04,13.92,0.0,5.29,1.0,<Residue GLN het=  resseq=179 icode= >,3bs1_A_A,1.6
357,11.026,GLN, ,CB,15.38,15.48,0.0,3.42,1.0,<Residue GLN het=  resseq=179 icode= >,3bs1_A_A,1.6
358,7.529,GLN, ,CG,17.73,15.73,0.0,2.42,1.0,<Residue GLN het=  resseq=179 icode= >,3bs1_A_A,1.6
359,5.221,GLN, ,CD,21.55,15.12,0.0,1.24,1.0,<Residue GLN het=  resseq=179 icode= >,3bs1_A_A,1.6
360,21.348,GLN, ,OE1,27.02,15.39,0.0,0.45,1.0,<Residue GLN het=  resseq=179 icode= >,3bs1_A_A,1.6
361,28.6,GLN, ,NE2,25.08,14.45,0.0,1.59,1.0,<Residue GLN het=  resseq=179 icode= >,3bs1_A_A,1.6
362,0.0,ILE, ,N,13.11,13.70,0.0,4.73,1.0,<Residue ILE het=  resseq=180 icode= >,3bs1_A_A,1.6
363,3.527,ILE, ,CA,12.95,12.52,0.0,4.32,1.0,<Residue ILE het=  resseq=180 icode= >,3bs1_A_A,1.6
364,0.0,ILE, ,C,13.05,11.52,0.0,4.26,1.0,<Residue ILE het=  resseq=180 icode= >,3bs1_A_A,1.6
365,0.0,ILE, ,O,12.17,11.97,0.0,5.84,1.0,<Residue ILE het=  resseq=180 icode= >,3bs1_A_A,1.6
366,0.0,ILE, ,CB,13.04,13.00,0.0,3.43,1.0,<Residue ILE het=  resseq=180 icode= >,3bs1_A_A,1.6
367,10.815,ILE, ,CG1,13.57,14.12,0.0,3.10,1.0,<Residue ILE het=  resseq=180 icode= >,3bs1_A_A,1.6
368,3.92,ILE, ,CG2,13.03,11.92,0.0,3.14,1.0,<Residue ILE het=  resseq=180 icode= >,3bs1_A_A,1.6
369,8.873,ILE, ,CD1,14.03,14.92,0.0,2.99,1.0,<Residue ILE het=  resseq=180 icode= >,3bs1_A_A,1.6
370,3.94,GLU, ,N,13.34,10.31,0.0,4.56,1.0,<Residue GLU het=  resseq=181 icode= >,3bs1_A_A,1.6
371,0.0,GLU, ,CA,13.69,9.33,0.0,3.47,1.0,<Residue GLU het=  resseq=181 icode= >,3bs1_A_A,1.6
372,0.27,GLU, ,C,13.42,8.42,0.0,4.72,1.0,<Residue GLU het=  resseq=181 icode= >,3bs1_A_A,1.6
373,0.688,GLU, ,O,14.01,7.96,0.0,5.52,1.0,<Residue GLU het=  resseq=181 icode= >,3bs1_A_A,1.6
374,11.064,GLU, ,CB,14.23,8.73,0.0,3.39,1.0,<Residue GLU het=  resseq=181 icode= >,3bs1_A_A,1.6
375,0.468,GLU, ,CG,15.49,8.02,0.0,3.69,1.0,<Residue GLU het=  resseq=181 icode= >,3bs1_A_A,1.6
376,3.324,GLU, ,CD,19.55,7.88,0.0,3.51,1.0,<Residue GLU het=  resseq=181 icode= >,3bs1_A_A,1.6
377,12.81,GLU, ,OE1,21.97,7.32,0.0,3.65,1.0,<Residue GLU het=  resseq=181 icode= >,3bs1_A_A,1.6
378,2.646,GLU, ,OE2,20.73,8.57,0.0,3.31,1.0,<Residue GLU het=  resseq=181 icode= >,3bs1_A_A,1.6
379,0.0,PHE, ,N,12.81,8.40,0.0,5.39,1.0,<Residue PHE het=  resseq=182 icode= >,3bs1_A_A,1.6
380,2.777,PHE, ,CA,12.21,7.99,0.0,3.90,1.0,<Residue PHE het=  resseq=182 icode= >,3bs1_A_A,1.6
381,0.0,PHE, ,C,12.22,7.86,0.0,4.54,1.0,<Residue PHE het=  resseq=182 icode= >,3bs1_A_A,1.6
382,0.0,PHE, ,O,12.04,8.42,0.0,5.25,1.0,<Residue PHE het=  resseq=182 icode= >,3bs1_A_A,1.6
383,0.17,PHE, ,CB,12.53,9.21,0.0,3.74,1.0,<Residue PHE het=  resseq=182 icode= >,3bs1_A_A,1.6
384,0.0,PHE, ,CG,11.9,10.47,0.0,4.14,1.0,<Residue PHE het=  resseq=182 icode= >,3bs1_A_A,1.6
385,0.0,PHE, ,CD1,11.95,10.67,0.0,3.56,1.0,<Residue PHE het=  resseq=182 icode= >,3bs1_A_A,1.6
386,3.426,PHE, ,CD2,12.97,9.79,0.0,3.75,1.0,<Residue PHE het=  resseq=182 icode= >,3bs1_A_A,1.6
387,0.0,PHE, ,CE1,11.61,9.99,0.0,4.38,1.0,<Residue PHE het=  resseq=182 icode= >,3bs1_A_A,1.6
388,5.062,PHE, ,CE2,11.46,9.05,0.0,3.90,1.0,<Residue PHE het=  resseq=182 icode= >,3bs1_A_A,1.6
389,0.0,PHE, ,CZ,12.48,9.16,0.0,4.12,1.0,<Residue PHE het=  resseq=182 icode= >,3bs1_A_A,1.6
390,0.511,TYR, ,N,12.75,7.41,0.0,5.38,1.0,<Residue TYR het=  resseq=183 icode= >,3bs1_A_A,1.6
391,0.0,TYR, ,CA,13.49,7.78,0.0,4.02,1.0,<Residue TYR het=  resseq=183 icode= >,3bs1_A_A,1.6
392,1.14,TYR, ,C,13.85,8.48,0.0,4.64,1.0,<Residue TYR het=  resseq=183 icode= >,3bs1_A_A,1.6
393,20.602,TYR, ,O,14.9,9.01,0.0,5.25,1.0,<Residue TYR het=  resseq=183 icode= >,3bs1_A_A,1.6
394,26.089,TYR, ,CB,13.61,6.73,0.0,3.38,1.0,<Residue TYR het=  resseq=183 icode= >,3bs1_A_A,1.6
395,2.437,TYR, ,CG,13.29,5.74,0.418,3.68,1.0,<Residue TYR het=  resseq=183 icode= >,3bs1_A_A,1.6
396,10.439,TYR, ,CD1,13.8,5.12,0.306,3.16,1.0,<Residue TYR het=  resseq=183 icode= >,3bs1_A_A,1.6
397,16.576,TYR, ,CD2,15.48,4.63,4.326,2.55,1.0,<Residue TYR het=  resseq=183 icode= >,3bs1_A_A,1.6
398,15.03,TYR, ,CE1,13.3,4.01,13.165,3.41,1.0,<Residue TYR het=  resseq=183 icode= >,3bs1_A_A,1.6
399,27.668,TYR, ,CE2,14.24,3.32,20.335,3.33,1.0,<Residue TYR het=  resseq=183 icode= >,3bs1_A_A,1.6
400,5.719,TYR, ,CZ,14.34,3.47,5.719,3.89,1.0,<Residue TYR het=  resseq=183 icode= >,3bs1_A_A,1.6
401,25.113,TYR, ,OH,14.43,2.73,25.113,4.78,1.0,<Residue TYR het=  resseq=183 icode= >,3bs1_A_A,1.6
402,1.412,GLY, ,N,14.77,7.16,0.0,3.79,1.0,<Residue GLY het=  resseq=184 icode= >,3bs1_A_A,1.6
403,19.889,GLY, ,CA,14.54,6.53,0.0,3.51,1.0,<Residue GLY het=  resseq=184 icode= >,3bs1_A_A,1.6
404,2.607,GLY, ,C,14.7,5.02,0.0,4.84,1.0,<Residue GLY het=  resseq=184 icode= >,3bs1_A_A,1.6
405,6.708,GLY, ,O,15.71,4.52,0.529,4.37,1.0,<Residue GLY het=  resseq=184 icode= >,3bs1_A_A,1.6
406,0.662,ASN, ,N,14.77,4.61,0.0,4.54,1.0,<Residue ASN het=  resseq=185 icode= >,3bs1_A_A,1.6
407,2.312,ASN, ,CA,14.2,3.29,2.312,3.80,1.0,<Residue ASN het=  resseq=185 icode= >,3bs1_A_A,1.6
408,0.0,ASN, ,C,12.93,3.53,0.0,4.73,1.0,<Residue ASN het=  resseq=185 icode= >,3bs1_A_A,1.6
409,0.0,ASN, ,O,13.05,4.74,0.0,6.10,1.0,<Residue ASN het=  resseq=185 icode= >,3bs1_A_A,1.6
410,31.405,ASN, ,CB,15.26,3.41,28.445,2.90,1.0,<Residue ASN het=  resseq=185 icode= >,3bs1_A_A,1.6
411,5.695,ASN, ,CG,15.99,4.50,5.644,3.62,1.0,<Residue ASN het=  resseq=185 icode= >,3bs1_A_A,1.6
412,6.151,ASN, ,OD1,18.64,4.11,2.283,4.13,1.0,<Residue ASN het=  resseq=185 icode= >,3bs1_A_A,1.6
413,35.943,ASN, ,ND2,19.93,4.52,8.683,2.69,1.0,<Residue ASN het=  resseq=185 icode= >,3bs1_A_A,1.6
414,3.369,LEU, ,N,12.57,2.82,3.369,4.37,1.0,<Residue LEU het=  resseq=186 icode= >,3bs1_A_A,1.6
415,0.0,LEU, ,CA,12.6,3.69,0.0,3.92,1.0,<Residue LEU het=  resseq=186 icode= >,3bs1_A_A,1.6
416,0.0,LEU, ,C,13.09,3.71,0.0,4.08,1.0,<Residue LEU het=  resseq=186 icode= >,3bs1_A_A,1.6
417,0.0,LEU, ,O,12.38,4.86,0.0,5.23,1.0,<Residue LEU het=  resseq=186 icode= >,3bs1_A_A,1.6
418,1.191,LEU, ,CB,12.59,3.68,1.191,3.58,1.0,<Residue LEU het=  resseq=186 icode= >,3bs1_A_A,1.6
419,1.211,LEU, ,CG,11.65,3.80,1.211,3.44,1.0,<Residue LEU het=  resseq=186 icode= >,3bs1_A_A,1.6
420,7.402,LEU, ,CD1,13.04,4.25,7.402,3.06,1.0,<Residue LEU het=  resseq=186 icode= >,3bs1_A_A,1.6
421,0.0,LEU, ,CD2,9.8,5.15,0.0,3.59,1.0,<Residue LEU het=  resseq=186 icode= >,3bs1_A_A,1.6
422,1.448,LYS, ,N,13.46,2.85,1.448,4.99,1.0,<Residue LYS het=  resseq=187 icode= >,3bs1_A_A,1.6
423,0.0,LYS, ,CA,14.94,3.75,0.0,4.06,1.0,<Residue LYS het=  resseq=187 icode= >,3bs1_A_A,1.6
424,0.0,LYS, ,C,14.95,5.03,0.0,5.02,1.0,<Residue LYS het=  resseq=187 icode= >,3bs1_A_A,1.6
425,0.0,LYS, ,O,16.19,6.11,0.0,4.67,1.0,<Residue LYS het=  resseq=187 icode= >,3bs1_A_A,1.6
426,17.165,LYS, ,CB,15.02,3.54,10.178,3.50,1.0,<Residue LYS het=  resseq=187 icode= >,3bs1_A_A,1.6
427,18.926,LYS, ,CG,18.41,4.99,0.0,1.94,1.0,<Residue LYS het=  resseq=187 icode= >,3bs1_A_A,1.6
428,14.66,LYS, ,CD,24.01,5.68,0.0,0.56,1.0,<Residue LYS het=  resseq=187 icode= >,3bs1_A_A,1.6
429,27.038,LYS, ,CE,27.6,7.11,0.0,0.08,1.0,<Residue LYS het=  resseq=187 icode= >,3bs1_A_A,1.6
430,38.336,LYS, ,NZ,30.67,8.15,0.0,0.84,1.0,<Residue LYS het=  resseq=187 icode= >,3bs1_A_A,1.6
431,0.055,GLU, ,N,15.27,5.19,0.0,5.02,1.0,<Residue GLU het=  resseq=188 icode= >,3bs1_A_A,1.6
432,0.521,GLU, ,CA,15.51,6.59,0.0,3.91,1.0,<Residue GLU het=  resseq=188 icode= >,3bs1_A_A,1.6
433,0.0,GLU, ,C,15.68,7.37,0.0,4.06,1.0,<Residue GLU het=  resseq=188 icode= >,3bs1_A_A,1.6
434,0.746,GLU, ,O,15.89,8.51,0.0,4.59,1.0,<Residue GLU het=  resseq=188 icode= >,3bs1_A_A,1.6
435,5.374,GLU, ,CB,16.47,6.95,0.0,2.74,1.0,<Residue GLU het=  resseq=188 icode= >,3bs1_A_A,1.6
436,33.125,GLU, ,CG,18.83,7.93,0.0,2.20,1.0,<Residue GLU het=  resseq=188 icode= >,3bs1_A_A,1.6
437,7.207,GLU, ,CD,21.31,9.24,0.0,2.50,1.0,<Residue GLU het=  resseq=188 icode= >,3bs1_A_A,1.6
438,10.514,GLU, ,OE1,22.88,8.81,0.0,3.12,1.0,<Residue GLU het=  resseq=188 icode= >,3bs1_A_A,1.6
439,20.905,GLU, ,OE2,24.58,10.27,0.0,2.37,1.0,<Residue GLU het=  resseq=188 icode= >,3bs1_A_A,1.6
440,0.0,LEU, ,N,15.02,6.96,0.0,4.80,1.0,<Residue LEU het=  resseq=189 icode= >,3bs1_A_A,1.6
441,0.0,LEU, ,CA,15.11,8.01,0.0,3.47,1.0,<Residue LEU het=  resseq=189 icode= >,3bs1_A_A,1.6
442,0.0,LEU, ,C,15.27,8.50,0.0,4.43,1.0,<Residue LEU het=  resseq=189 icode= >,3bs1_A_A,1.6
443,0.0,LEU, ,O,15.56,9.72,0.0,5.11,1.0,<Residue LEU het=  resseq=189 icode= >,3bs1_A_A,1.6
444,0.0,LEU, ,CB,14.58,7.83,0.0,3.58,1.0,<Residue LEU het=  resseq=189 icode= >,3bs1_A_A,1.6
445,0.129,LEU, ,CG,14.58,7.73,0.0,3.30,1.0,<Residue LEU het=  resseq=189 icode= >,3bs1_A_A,1.6
446,0.0,LEU, ,CD1,15.03,7.37,0.0,3.05,1.0,<Residue LEU het=  resseq=189 icode= >,3bs1_A_A,1.6
447,3.189,LEU, ,CD2,15.93,9.07,0.0,3.12,1.0,<Residue LEU het=  resseq=189 icode= >,3bs1_A_A,1.6
448,0.0,SER, ,N,15.66,7.70,0.0,4.68,1.0,<Residue SER het=  resseq=190 icode= >,3bs1_A_A,1.6
449,0.0,SER, ,CA,16.33,8.46,0.0,3.60,1.0,<Residue SER het=  resseq=190 icode= >,3bs1_A_A,1.6
450,0.86,SER, ,C,17.08,9.37,0.0,4.09,1.0,<Residue SER het=  resseq=190 icode= >,3bs1_A_A,1.6
451,10.99,SER, ,O,17.92,10.48,0.0,4.68,1.0,<Residue SER het=  resseq=190 icode= >,3bs1_A_A,1.6
452,7.246,SER, ,CB,16.5,7.74,0.0,3.57,1.0,<Residue SER het=  resseq=190 icode= >,3bs1_A_A,1.6
453,5.57,SER, ,OG,16.79,7.08,0.0,4.83,1.0,<Residue SER het=  resseq=190 icode= >,3bs1_A_A,1.6
454,0.0,GLN, ,N,17.83,9.07,0.0,3.81,1.0,<Residue GLN het=  resseq=191 icode= >,3bs1_A_A,1.6
455,7.041,GLN, ,CA,18.49,10.14,0.0,3.85,1.0,<Residue GLN het=  resseq=191 icode= >,3bs1_A_A,1.6
456,1.384,GLN, ,C,18.63,11.29,0.0,3.41,1.0,<Residue GLN het=  resseq=191 icode= >,3bs1_A_A,1.6
457,27.095,GLN, ,O,18.86,12.37,0.0,4.31,1.0,<Residue GLN het=  resseq=191 icode= >,3bs1_A_A,1.6
458,15.026,GLN, ,CB,18.61,9.74,0.0,3.41,1.0,<Residue GLN het=  resseq=191 icode= >,3bs1_A_A,1.6
459,13.574,GLN, ,CG,20.67,9.05,0.0,2.34,1.0,<Residue GLN het=  resseq=191 icode= >,3bs1_A_A,1.6
460,4.62,GLN, ,CD,23.45,8.73,0.0,2.32,1.0,<Residue GLN het=  resseq=191 icode= >,3bs1_A_A,1.6
461,20.96,GLN, ,OE1,26.3,8.33,0.0,2.31,1.0,<Residue GLN het=  resseq=191 icode= >,3bs1_A_A,1.6
462,31.38,GLN, ,NE2,27.15,8.86,0.0,1.53,1.0,<Residue GLN het=  resseq=191 icode= >,3bs1_A_A,1.6
463,0.0,LEU, ,N,18.37,11.17,0.0,4.46,1.0,<Residue LEU het=  resseq=192 icode= >,3bs1_A_A,1.6
464,4.272,LEU, ,CA,18.6,12.35,0.0,3.46,1.0,<Residue LEU het=  resseq=192 icode= >,3bs1_A_A,1.6
465,0.437,LEU, ,C,18.44,13.58,0.0,3.23,1.0,<Residue LEU het=  resseq=192 icode= >,3bs1_A_A,1.6
466,22.053,LEU, ,O,18.98,14.70,0.0,4.39,1.0,<Residue LEU het=  resseq=192 icode= >,3bs1_A_A,1.6
467,0.0,LEU, ,CB,19.08,12.15,0.0,2.56,1.0,<Residue LEU het=  resseq=192 icode= >,3bs1_A_A,1.6
468,0.194,LEU, ,CG,20.68,12.18,0.0,2.08,1.0,<Residue LEU het=  resseq=192 icode= >,3bs1_A_A,1.6
469,2.952,LEU, ,CD1,20.09,12.28,0.0,2.25,1.0,<Residue LEU het=  resseq=192 icode= >,3bs1_A_A,1.6
470,40.658,LEU, ,CD2,20.34,13.50,0.0,2.43,1.0,<Residue LEU het=  resseq=192 icode= >,3bs1_A_A,1.6
471,0.047,ASP, ,N,17.23,13.48,0.0,3.86,1.0,<Residue ASP het=  resseq=193 icode= >,3bs1_A_A,1.6
472,7.491,ASP, ,CA,17.22,14.71,0.0,3.48,1.0,<Residue ASP het=  resseq=193 icode= >,3bs1_A_A,1.6
473,2.412,ASP, ,C,16.85,14.55,0.0,3.50,1.0,<Residue ASP het=  resseq=193 icode= >,3bs1_A_A,1.6
474,0.086,ASP, ,O,15.54,13.54,0.0,4.53,1.0,<Residue ASP het=  resseq=193 icode= >,3bs1_A_A,1.6
475,0.0,ASP, ,CB,17.58,15.29,0.0,2.92,1.0,<Residue ASP het=  resseq=193 icode= >,3bs1_A_A,1.6
476,2.485,ASP, ,CG,19.11,16.75,0.0,3.01,1.0,<Residue ASP het=  resseq=193 icode= >,3bs1_A_A,1.6
477,5.463,ASP, ,OD1,18.93,17.09,0.0,4.33,1.0,<Residue ASP het=  resseq=193 icode= >,3bs1_A_A,1.6
478,14.622,ASP, ,OD2,22.6,17.63,0.0,3.02,1.0,<Residue ASP het=  resseq=193 icode= >,3bs1_A_A,1.6
479,2.989,ASP, ,N,16.74,15.64,0.0,4.02,1.0,<Residue ASP het=  resseq=194 icode= >,3bs1_A_A,1.6
480,6.792,ASP, ,CA,17.07,15.84,0.0,3.86,1.0,<Residue ASP het=  resseq=194 icode= >,3bs1_A_A,1.6
481,0.854,ASP, ,C,15.69,15.71,0.0,4.14,1.0,<Residue ASP het=  resseq=194 icode= >,3bs1_A_A,1.6
482,1.279,ASP, ,O,16.06,15.49,0.0,4.78,1.0,<Residue ASP het=  resseq=194 icode= >,3bs1_A_A,1.6
483,26.647,ASP, ,CB,17.91,17.26,0.0,2.54,1.0,<Residue ASP het=  resseq=194 icode= >,3bs1_A_A,1.6
484,13.781,ASP, ,CG,22.13,17.52,0.0,1.59,1.0,<Residue ASP het=  resseq=194 icode= >,3bs1_A_A,1.6
485,33.636,ASP, ,OD1,24.93,16.60,0.0,1.94,1.0,<Residue ASP het=  resseq=194 icode= >,3bs1_A_A,1.6
486,41.486,ASP, ,OD2,26.98,18.73,0.0,1.46,1.0,<Residue ASP het=  resseq=194 icode= >,3bs1_A_A,1.6
487,0.73,ARG, ,N,14.33,16.01,0.0,4.96,1.0,<Residue ARG het=  resseq=195 icode= >,3bs1_A_A,1.6
488,3.055,ARG, ,CA,13.32,16.18,0.0,3.63,1.0,<Residue ARG het=  resseq=195 icode= >,3bs1_A_A,1.6
489,0.0,ARG, ,C,12.79,14.90,0.0,4.30,1.0,<Residue ARG het=  resseq=195 icode= >,3bs1_A_A,1.6
490,0.0,ARG, ,O,12.61,15.03,0.0,6.64,1.0,<Residue ARG het=  resseq=195 icode= >,3bs1_A_A,1.6
491,3.062,ARG, ,CB,13.1,17.12,0.0,3.35,1.0,<Residue ARG het=  resseq=195 icode= >,3bs1_A_A,1.6
492,0.0,ARG, ,CG,12.89,16.55,0.0,3.32,1.0,<Residue ARG het=  resseq=195 icode= >,3bs1_A_A,1.6
493,0.0,ARG, ,CD,12.93,17.70,0.0,3.42,1.0,<Residue ARG het=  resseq=195 icode= >,3bs1_A_A,1.6
494,0.486,ARG, ,NE,14.03,18.42,0.0,4.29,1.0,<Residue ARG het=  resseq=195 icode= >,3bs1_A_A,1.6
495,0.0,ARG, ,CZ,13.47,19.51,0.0,4.16,1.0,<Residue ARG het=  resseq=195 icode= >,3bs1_A_A,1.6
496,8.632,ARG, ,NH1,12.71,20.02,0.0,4.60,1.0,<Residue ARG het=  resseq=195 icode= >,3bs1_A_A,1.6
497,19.838,ARG, ,NH2,14.55,20.18,0.0,3.64,1.0,<Residue ARG het=  resseq=195 icode= >,3bs1_A_A,1.6
498,0.0,PHE, ,N,12.44,13.79,0.0,4.95,1.0,<Residue PHE het=  resseq=196 icode= >,3bs1_A_A,1.6
499,0.0,PHE, ,CA,11.86,12.52,0.0,3.83,1.0,<Residue PHE het=  resseq=196 icode= >,3bs1_A_A,1.6
500,0.0,PHE, ,C,12.26,11.81,0.0,4.15,1.0,<Residue PHE het=  resseq=196 icode= >,3bs1_A_A,1.6
501,4.536,PHE, ,O,13.33,11.41,0.0,5.29,1.0,<Residue PHE het=  resseq=196 icode= >,3bs1_A_A,1.6
502,0.0,PHE, ,CB,12.25,11.77,0.0,3.33,1.0,<Residue PHE het=  resseq=196 icode= >,3bs1_A_A,1.6
503,0.0,PHE, ,CG,11.37,12.59,0.0,3.70,1.0,<Residue PHE het=  resseq=196 icode= >,3bs1_A_A,1.6
504,0.066,PHE, ,CD1,11.42,13.10,0.0,4.04,1.0,<Residue PHE het=  resseq=196 icode= >,3bs1_A_A,1.6
505,0.0,PHE, ,CD2,15.09,13.04,0.0,3.13,1.0,<Residue PHE het=  resseq=196 icode= >,3bs1_A_A,1.6
506,0.0,PHE, ,CE1,11.0,14.00,0.0,3.96,1.0,<Residue PHE het=  resseq=196 icode= >,3bs1_A_A,1.6
507,0.0,PHE, ,CE2,14.54,13.94,0.0,3.05,1.0,<Residue PHE het=  resseq=196 icode= >,3bs1_A_A,1.6
508,0.0,PHE, ,CZ,12.36,14.40,0.0,3.89,1.0,<Residue PHE het=  resseq=196 icode= >,3bs1_A_A,1.6
509,0.0,PHE, ,N,11.46,11.90,0.0,5.11,1.0,<Residue PHE het=  resseq=197 icode= >,3bs1_A_A,1.6
510,1.535,PHE, ,CA,11.35,11.41,0.0,4.35,1.0,<Residue PHE het=  resseq=197 icode= >,3bs1_A_A,1.6
511,0.0,PHE, ,C,11.2,10.04,0.0,4.56,1.0,<Residue PHE het=  resseq=197 icode= >,3bs1_A_A,1.6
512,0.0,PHE, ,O,10.48,9.88,0.0,6.26,1.0,<Residue PHE het=  resseq=197 icode= >,3bs1_A_A,1.6
513,0.021,PHE, ,CB,11.58,11.66,0.0,4.14,1.0,<Residue PHE het=  resseq=197 icode= >,3bs1_A_A,1.6
514,0.0,PHE, ,CG,12.24,10.71,0.0,4.21,1.0,<Residue PHE het=  resseq=197 icode= >,3bs1_A_A,1.6
515,11.176,PHE, ,CD1,15.18,10.77,0.0,3.13,1.0,<Residue PHE het=  resseq=197 icode= >,3bs1_A_A,1.6
516,0.0,PHE, ,CD2,11.5,9.95,0.0,4.28,1.0,<Residue PHE het=  resseq=197 icode= >,3bs1_A_A,1.6
517,22.905,PHE, ,CE1,15.74,10.10,0.0,2.91,1.0,<Residue PHE het=  resseq=197 icode= >,3bs1_A_A,1.6
518,0.0,PHE, ,CE2,13.6,9.22,0.0,3.53,1.0,<Residue PHE het=  resseq=197 icode= >,3bs1_A_A,1.6
519,2.307,PHE, ,CZ,13.86,9.29,0.0,3.41,1.0,<Residue PHE het=  resseq=197 icode= >,3bs1_A_A,1.6
520,1.236,ARG, ,N,10.53,9.22,0.0,5.58,1.0,<Residue ARG het=  resseq=198 icode= >,3bs1_A_A,1.6
521,0.0,ARG, ,CA,11.05,7.87,0.0,3.53,1.0,<Residue ARG het=  resseq=198 icode= >,3bs1_A_A,1.6
522,0.0,ARG, ,C,11.25,6.95,0.0,4.05,1.0,<Residue ARG het=  resseq=198 icode= >,3bs1_A_A,1.6
523,2.275,ARG, ,O,12.59,6.48,0.0,5.44,1.0,<Residue ARG het=  resseq=198 icode= >,3bs1_A_A,1.6
524,15.748,ARG, ,CB,11.21,7.58,0.0,3.90,1.0,<Residue ARG het=  resseq=198 icode= >,3bs1_A_A,1.6
525,11.219,ARG, ,CG,11.12,6.51,0.0,3.93,1.0,<Residue ARG het=  resseq=198 icode= >,3bs1_A_A,1.6
526,0.0,ARG, ,CD,11.86,6.05,0.0,3.85,1.0,<Residue ARG het=  resseq=198 icode= >,3bs1_A_A,1.6
527,0.0,ARG, ,NE,13.49,5.19,0.0,5.13,1.0,<Residue ARG het=  resseq=198 icode= >,3bs1_A_A,1.6
528,2.48,ARG, ,CZ,12.99,4.09,0.0,4.69,1.0,<Residue ARG het=  resseq=198 icode= >,3bs1_A_A,1.6
529,12.415,ARG, ,NH1,13.41,3.82,0.483,4.52,1.0,<Residue ARG het=  resseq=198 icode= >,3bs1_A_A,1.6
530,22.064,ARG, ,NH2,13.58,3.38,15.572,4.16,1.0,<Residue ARG het=  resseq=198 icode= >,3bs1_A_A,1.6
531,0.0,CYS, ,N,10.88,7.06,0.0,5.05,1.0,<Residue CYS het=  resseq=199 icode= >,3bs1_A_A,1.6
532,0.0,CYS, ,CA,11.6,6.62,0.0,4.35,1.0,<Residue CYS het=  resseq=199 icode= >,3bs1_A_A,1.6
533,0.0,CYS, ,C,10.95,5.26,0.0,5.36,1.0,<Residue CYS het=  resseq=199 icode= >,3bs1_A_A,1.6
534,0.0,CYS, ,O,11.07,5.06,0.0,5.98,1.0,<Residue CYS het=  resseq=199 icode= >,3bs1_A_A,1.6
535,0.0,CYS, ,CB,11.8,7.77,0.0,3.88,1.0,<Residue CYS het=  resseq=199 icode= >,3bs1_A_A,1.6
536,0.0,CYS, ,SG,15.07,8.14,0.0,9.99,1.0,<Residue CYS het=  resseq=199 icode= >,3bs1_A_A,1.6
537,0.0,HIS, ,N,11.23,4.66,0.0,4.74,1.0,<Residue HIS het=  resseq=200 icode= >,3bs1_A_A,1.6
538,0.0,HIS, ,CA,11.14,3.61,0.0,4.21,1.0,<Residue HIS het=  resseq=200 icode= >,3bs1_A_A,1.6
539,0.0,HIS, ,C,11.3,3.65,0.0,4.68,1.0,<Residue HIS het=  resseq=200 icode= >,3bs1_A_A,1.6
540,0.0,HIS, ,O,10.73,4.75,0.0,6.27,1.0,<Residue HIS het=  resseq=200 icode= >,3bs1_A_A,1.6
541,0.0,HIS, ,CB,11.19,4.54,0.0,3.39,1.0,<Residue HIS het=  resseq=200 icode= >,3bs1_A_A,1.6
542,0.0,HIS, ,CG,11.52,4.32,0.0,4.54,1.0,<Residue HIS het=  resseq=200 icode= >,3bs1_A_A,1.6
543,0.0,HIS, ,ND1,11.91,4.45,0.0,5.36,1.0,<Residue HIS het=  resseq=200 icode= >,3bs1_A_A,1.6
544,1.696,HIS, ,CD2,11.21,4.21,1.441,4.62,1.0,<Residue HIS het=  resseq=200 icode= >,3bs1_A_A,1.6
545,21.961,HIS, ,CE1,12.46,4.00,7.581,4.28,1.0,<Residue HIS het=  resseq=200 icode= >,3bs1_A_A,1.6
546,25.902,HIS, ,NE2,12.28,3.96,14.026,4.93,1.0,<Residue HIS het=  resseq=200 icode= >,3bs1_A_A,1.6
547,3.068,ASN, ,N,11.12,2.91,2.983,4.85,1.0,<Residue ASN het=  resseq=201 icode= >,3bs1_A_A,1.6
548,3.664,ASN, ,CA,11.66,3.82,1.12,3.96,1.0,<Residue ASN het=  resseq=201 icode= >,3bs1_A_A,1.6
549,0.14,ASN, ,C,11.61,4.06,0.14,4.65,1.0,<Residue ASN het=  resseq=201 icode= >,3bs1_A_A,1.6
550,3.518,ASN, ,O,12.12,3.36,3.518,5.68,1.0,<Residue ASN het=  resseq=201 icode= >,3bs1_A_A,1.6
551,20.634,ASN, ,CB,11.42,3.34,19.767,3.70,1.0,<Residue ASN het=  resseq=201 icode= >,3bs1_A_A,1.6
552,5.245,ASN, ,CG,11.83,3.86,5.245,4.39,1.0,<Residue ASN het=  resseq=201 icode= >,3bs1_A_A,1.6
553,21.772,ASN, ,OD1,12.73,3.74,13.073,4.97,1.0,<Residue ASN het=  resseq=201 icode= >,3bs1_A_A,1.6
554,55.677,ASN, ,ND2,13.67,3.65,49.835,4.48,1.0,<Residue ASN het=  resseq=201 icode= >,3bs1_A_A,1.6
555,0.0,SER, ,N,11.3,4.50,0.0,5.21,1.0,<Residue SER het=  resseq=202 icode= >,3bs1_A_A,1.6
556,1.257,SER, ,CA,11.41,3.74,1.257,4.12,1.0,<Residue SER het=  resseq=202 icode= >,3bs1_A_A,1.6
557,0.0,SER, ,C,11.06,4.90,0.0,3.86,1.0,<Residue SER het=  resseq=202 icode= >,3bs1_A_A,1.6
558,0.0,SER, ,O,11.14,4.95,0.0,5.87,1.0,<Residue SER het=  resseq=202 icode= >,3bs1_A_A,1.6
559,8.944,SER, ,CB,12.0,3.24,0.0,3.50,1.0,<Residue SER het=  resseq=202 icode= >,3bs1_A_A,1.6
560,24.284,SER, ,OG,13.44,2.54,17.454,5.74,1.0,<Residue SER het=  resseq=202 icode= >,3bs1_A_A,1.6
561,0.0,PHE, ,N,10.65,6.11,0.0,5.18,1.0,<Residue PHE het=  resseq=203 icode= >,3bs1_A_A,1.6
562,0.0,PHE, ,CA,10.42,7.35,0.0,4.29,1.0,<Residue PHE het=  resseq=203 icode= >,3bs1_A_A,1.6
563,0.0,PHE, ,C,10.11,8.40,0.0,4.92,1.0,<Residue PHE het=  resseq=203 icode= >,3bs1_A_A,1.6
564,0.0,PHE, ,O,10.41,7.52,0.0,6.46,1.0,<Residue PHE het=  resseq=203 icode= >,3bs1_A_A,1.6
565,0.0,PHE, ,CB,10.51,8.12,0.0,4.40,1.0,<Residue PHE het=  resseq=203 icode= >,3bs1_A_A,1.6
566,0.0,PHE, ,CG,10.35,7.62,0.0,4.27,1.0,<Residue PHE het=  resseq=203 icode= >,3bs1_A_A,1.6
567,0.0,PHE, ,CD1,10.76,7.97,0.0,4.57,1.0,<Residue PHE het=  resseq=203 icode= >,3bs1_A_A,1.6
568,0.0,PHE, ,CD2,11.11,7.19,0.0,4.28,1.0,<Residue PHE het=  resseq=203 icode= >,3bs1_A_A,1.6
569,2.384,PHE, ,CE1,12.02,7.91,0.0,3.15,1.0,<Residue PHE het=  resseq=203 icode= >,3bs1_A_A,1.6
570,6.005,PHE, ,CE2,12.8,7.12,0.0,3.35,1.0,<Residue PHE het=  resseq=203 icode= >,3bs1_A_A,1.6
571,16.507,PHE, ,CZ,11.94,7.48,0.0,3.74,1.0,<Residue PHE het=  resseq=203 icode= >,3bs1_A_A,1.6
572,0.0,VAL, ,N,9.86,8.92,0.0,5.25,1.0,<Residue VAL het=  resseq=204 icode= >,3bs1_A_A,1.6
573,0.0,VAL, ,CA,10.05,9.26,0.0,3.99,1.0,<Residue VAL het=  resseq=204 icode= >,3bs1_A_A,1.6
574,0.0,VAL, ,C,10.15,10.69,0.0,4.49,1.0,<Residue VAL het=  resseq=204 icode= >,3bs1_A_A,1.6
575,0.0,VAL, ,O,11.36,10.86,0.0,6.11,1.0,<Residue VAL het=  resseq=204 icode= >,3bs1_A_A,1.6
576,0.0,VAL, ,CB,9.97,8.39,0.0,4.19,1.0,<Residue VAL het=  resseq=204 icode= >,3bs1_A_A,1.6
577,0.0,VAL, ,CG1,10.55,9.24,0.0,3.90,1.0,<Residue VAL het=  resseq=204 icode= >,3bs1_A_A,1.6
578,0.0,VAL, ,CG2,9.94,7.01,0.0,4.66,1.0,<Residue VAL het=  resseq=204 icode= >,3bs1_A_A,1.6
579,0.0,VAL, ,N,9.64,11.38,0.0,5.03,1.0,<Residue VAL het=  resseq=205 icode= >,3bs1_A_A,1.6
580,0.0,VAL, ,CA,10.59,12.48,0.0,4.53,1.0,<Residue VAL het=  resseq=205 icode= >,3bs1_A_A,1.6
581,0.0,VAL, ,C,10.66,13.57,0.0,4.83,1.0,<Residue VAL het=  resseq=205 icode= >,3bs1_A_A,1.6
582,0.0,VAL, ,O,11.81,13.21,0.0,5.55,1.0,<Residue VAL het=  resseq=205 icode= >,3bs1_A_A,1.6
583,0.0,VAL, ,CB,10.6,12.16,0.0,3.96,1.0,<Residue VAL het=  resseq=205 icode= >,3bs1_A_A,1.6
584,0.0,VAL, ,CG1,13.72,11.24,0.0,2.82,1.0,<Residue VAL het=  resseq=205 icode= >,3bs1_A_A,1.6
585,0.0,VAL, ,CG2,13.51,11.76,0.0,3.32,1.0,<Residue VAL het=  resseq=205 icode= >,3bs1_A_A,1.6
586,0.0,ASN, ,N,10.1,14.58,0.0,5.46,1.0,<Residue ASN het=  resseq=206 icode= >,3bs1_A_A,1.6
587,0.0,ASN, ,CA,9.87,15.46,0.0,3.77,1.0,<Residue ASN het=  resseq=206 icode= >,3bs1_A_A,1.6
588,0.0,ASN, ,C,10.03,16.35,0.0,4.58,1.0,<Residue ASN het=  resseq=206 icode= >,3bs1_A_A,1.6
589,0.0,ASN, ,O,10.29,16.84,0.0,6.62,1.0,<Residue ASN het=  resseq=206 icode= >,3bs1_A_A,1.6
590,0.087,ASN, ,CB,10.09,16.05,0.0,3.78,1.0,<Residue ASN het=  resseq=206 icode= >,3bs1_A_A,1.6
591,0.0,ASN, ,CG,10.82,17.04,0.0,4.95,1.0,<Residue ASN het=  resseq=206 icode= >,3bs1_A_A,1.6
592,0.0,ASN, ,OD1,11.81,17.49,0.0,6.42,1.0,<Residue ASN het=  resseq=206 icode= >,3bs1_A_A,1.6
593,0.0,ASN, ,ND2,9.39,17.51,0.0,5.86,1.0,<Residue ASN het=  resseq=206 icode= >,3bs1_A_A,1.6
594,0.0,ARG, ,N,9.87,16.22,0.0,5.07,1.0,<Residue ARG het=  resseq=207 icode= >,3bs1_A_A,1.6
595,0.0,ARG, ,CA,10.4,16.64,0.0,4.23,1.0,<Residue ARG het=  resseq=207 icode= >,3bs1_A_A,1.6
596,0.63,ARG, ,C,10.34,18.08,0.0,4.81,1.0,<Residue ARG het=  resseq=207 icode= >,3bs1_A_A,1.6
597,13.901,ARG, ,O,11.7,18.49,0.0,5.79,1.0,<Residue ARG het=  resseq=207 icode= >,3bs1_A_A,1.6
598,13.19,ARG, ,CB,10.61,16.62,0.0,4.38,1.0,<Residue ARG het=  resseq=207 icode= >,3bs1_A_A,1.6
599,1.849,ARG, ,CG,11.11,15.27,0.0,3.69,1.0,<Residue ARG het=  resseq=207 icode= >,3bs1_A_A,1.6
600,14.599,ARG, ,CD,13.2,15.48,0.0,4.39,1.0,<Residue ARG het=  resseq=207 icode= >,3bs1_A_A,1.6
601,0.839,ARG, ,NE,15.11,14.52,0.0,4.73,1.0,<Residue ARG het=  resseq=207 icode= >,3bs1_A_A,1.6
602,4.422,ARG, ,CZ,17.16,14.29,0.0,3.89,1.0,<Residue ARG het=  resseq=207 icode= >,3bs1_A_A,1.6
603,23.153,ARG, ,NH1,19.07,14.91,0.0,2.96,1.0,<Residue ARG het=  resseq=207 icode= >,3bs1_A_A,1.6
604,15.812,ARG, ,NH2,17.96,13.55,0.0,4.01,1.0,<Residue ARG het=  resseq=207 icode= >,3bs1_A_A,1.6
605,0.0,HIS, ,N,11.17,1000.00,0.0,5.03,1.0,<Residue HIS het=  resseq=208 icode= >,3bs1_A_A,1.6
606,7.069,HIS, ,CA,10.94,1000.00,0.0,4.06,1.0,<Residue HIS het=  resseq=208 icode= >,3bs1_A_A,1.6
607,0.341,HIS, ,C,11.2,1000.00,0.0,4.64,1.0,<Residue HIS het=  resseq=208 icode= >,3bs1_A_A,1.6
608,25.827,HIS, ,O,12.35,1000.00,0.0,5.18,1.0,<Residue HIS het=  resseq=208 icode= >,3bs1_A_A,1.6
609,5.147,HIS, ,CB,11.21,1000.00,0.0,3.71,1.0,<Residue HIS het=  resseq=208 icode= >,3bs1_A_A,1.6
610,2.348,HIS, ,CG,11.59,1000.00,0.0,3.98,1.0,<Residue HIS het=  resseq=208 icode= >,3bs1_A_A,1.6
611,4.654,HIS, ,ND1,13.18,1000.00,0.0,4.58,1.0,<Residue HIS het=  resseq=208 icode= >,3bs1_A_A,1.6
612,14.434,HIS, ,CD2,12.97,1000.00,0.0,3.53,1.0,<Residue HIS het=  resseq=208 icode= >,3bs1_A_A,1.6
613,22.96,HIS, ,CE1,14.01,1000.00,0.0,3.64,1.0,<Residue HIS het=  resseq=208 icode= >,3bs1_A_A,1.6
614,24.442,HIS, ,NE2,12.58,1000.00,0.0,4.66,1.0,<Residue HIS het=  resseq=208 icode= >,3bs1_A_A,1.6
615,0.0,ASN, ,N,10.59,1000.00,0.0,5.37,1.0,<Residue ASN het=  resseq=209 icode= >,3bs1_A_A,1.6
616,0.611,ASN, ,CA,10.97,1000.00,0.0,3.93,1.0,<Residue ASN het=  resseq=209 icode= >,3bs1_A_A,1.6
617,0.584,ASN, ,C,10.74,1000.00,0.0,4.84,1.0,<Residue ASN het=  resseq=209 icode= >,3bs1_A_A,1.6
618,0.0,ASN, ,O,11.18,1000.00,0.0,5.84,1.0,<Residue ASN het=  resseq=209 icode= >,3bs1_A_A,1.6
619,0.0,ASN, ,CB,10.53,1000.00,0.0,3.98,1.0,<Residue ASN het=  resseq=209 icode= >,3bs1_A_A,1.6
620,0.0,ASN, ,CG,11.52,1000.00,0.0,4.64,1.0,<Residue ASN het=  resseq=209 icode= >,3bs1_A_A,1.6
621,4.021,ASN, ,OD1,13.4,1000.00,0.0,5.07,1.0,<Residue ASN het=  resseq=209 icode= >,3bs1_A_A,1.6
622,0.0,ASN, ,ND2,11.85,1000.00,0.0,4.58,1.0,<Residue ASN het=  resseq=209 icode= >,3bs1_A_A,1.6
623,0.0,ILE, ,N,10.78,18.49,0.0,5.21,1.0,<Residue ILE het=  resseq=210 icode= >,3bs1_A_A,1.6
624,0.0,ILE, ,CA,11.2,17.98,0.0,4.27,1.0,<Residue ILE het=  resseq=210 icode= >,3bs1_A_A,1.6
625,0.073,ILE, ,C,11.85,19.22,0.0,4.43,1.0,<Residue ILE het=  resseq=210 icode= >,3bs1_A_A,1.6
626,22.008,ILE, ,O,12.47,20.03,0.0,5.36,1.0,<Residue ILE het=  resseq=210 icode= >,3bs1_A_A,1.6
627,3.135,ILE, ,CB,10.5,16.95,0.0,3.94,1.0,<Residue ILE het=  resseq=210 icode= >,3bs1_A_A,1.6
628,0.0,ILE, ,CG1,11.11,15.67,0.0,3.77,1.0,<Residue ILE het=  resseq=210 icode= >,3bs1_A_A,1.6
629,9.481,ILE, ,CG2,10.54,16.74,0.0,4.43,1.0,<Residue ILE het=  resseq=210 icode= >,3bs1_A_A,1.6
630,2.844,ILE, ,CD1,12.15,14.66,0.0,3.53,1.0,<Residue ILE het=  resseq=210 icode= >,3bs1_A_A,1.6
631,0.0,GLU, ,N,12.89,1000.00,0.0,4.82,1.0,<Residue GLU het=  resseq=211 icode= >,3bs1_A_A,1.6
632,5.861,GLU, ,CA,14.19,1000.00,0.0,3.55,1.0,<Residue GLU het=  resseq=211 icode= >,3bs1_A_A,1.6
633,0.337,GLU, ,C,14.32,1000.00,0.0,3.67,1.0,<Residue GLU het=  resseq=211 icode= >,3bs1_A_A,1.6
634,27.516,GLU, ,O,14.68,1000.00,0.0,4.63,1.0,<Residue GLU het=  resseq=211 icode= >,3bs1_A_A,1.6
635,0.191,GLU, ,CB,14.34,1000.00,0.0,3.90,1.0,<Residue GLU het=  resseq=211 icode= >,3bs1_A_A,1.6
636,22.065,GLU, ,CG,16.98,1000.00,0.0,2.36,1.0,<Residue GLU het=  resseq=211 icode= >,3bs1_A_A,1.6
637,7.936,GLU, ,CD,20.47,1000.00,0.0,3.39,1.0,<Residue GLU het=  resseq=211 icode= >,3bs1_A_A,1.6
638,19.568,GLU, ,OE1,21.7,1000.00,0.0,3.25,1.0,<Residue GLU het=  resseq=211 icode= >,3bs1_A_A,1.6
639,22.77,GLU, ,OE2,22.64,1000.00,0.0,3.38,1.0,<Residue GLU het=  resseq=211 icode= >,3bs1_A_A,1.6
640,0.0,SER, ,N,13.62,17.87,0.0,4.35,1.0,<Residue SER het=  resseq=212 icode= >,3bs1_A_A,1.6
641,8.368,SER, ,CA,13.43,17.34,0.0,4.13,1.0,<Residue SER het=  resseq=212 icode= >,3bs1_A_A,1.6
642,0.0,SER, ,C,13.39,15.83,0.0,4.12,1.0,<Residue SER het=  resseq=212 icode= >,3bs1_A_A,1.6
643,0.0,SER, ,O,13.55,15.26,0.0,5.34,1.0,<Residue SER het=  resseq=212 icode= >,3bs1_A_A,1.6
644,34.428,SER, ,CB,14.11,17.92,0.0,2.73,1.0,<Residue SER het=  resseq=212 icode= >,3bs1_A_A,1.6
645,12.208,SER, ,OG,14.24,17.53,0.0,4.86,1.0,<Residue SER het=  resseq=212 icode= >,3bs1_A_A,1.6
646,5.443,ILE, ,N,13.58,15.28,0.0,4.50,1.0,<Residue ILE het=  resseq=213 icode= >,3bs1_A_A,1.6
647,0.0,ILE, ,CA,14.11,13.86,0.0,3.50,1.0,<Residue ILE het=  resseq=213 icode= >,3bs1_A_A,1.6
648,1.43,ILE, ,C,14.75,13.77,0.0,4.14,1.0,<Residue ILE het=  resseq=213 icode= >,3bs1_A_A,1.6
649,22.848,ILE, ,O,15.37,14.56,0.0,4.35,1.0,<Residue ILE het=  resseq=213 icode= >,3bs1_A_A,1.6
650,6.698,ILE, ,CB,13.4,13.29,0.0,3.74,1.0,<Residue ILE het=  resseq=213 icode= >,3bs1_A_A,1.6
651,0.222,ILE, ,CG1,14.53,13.55,0.0,2.82,1.0,<Residue ILE het=  resseq=213 icode= >,3bs1_A_A,1.6
652,1.757,ILE, ,CG2,15.09,11.82,0.0,2.36,1.0,<Residue ILE het=  resseq=213 icode= >,3bs1_A_A,1.6
653,28.521,ILE, ,CD1,17.03,13.77,0.0,2.89,1.0,<Residue ILE het=  resseq=213 icode= >,3bs1_A_A,1.6
654,0.307,ASP, ,N,15.55,12.96,0.0,4.45,1.0,<Residue ASP het=  resseq=214 icode= >,3bs1_A_A,1.6
655,7.522,ASP, ,CA,17.12,12.80,0.0,3.73,1.0,<Residue ASP het=  resseq=214 icode= >,3bs1_A_A,1.6
656,0.0,ASP, ,C,18.32,11.66,0.0,4.20,1.0,<Residue ASP het=  resseq=214 icode= >,3bs1_A_A,1.6
657,0.0,ASP, ,O,18.28,10.48,0.0,4.73,1.0,<Residue ASP het=  resseq=214 icode= >,3bs1_A_A,1.6
658,5.821,ASP, ,CB,16.83,12.68,0.0,2.69,1.0,<Residue ASP het=  resseq=214 icode= >,3bs1_A_A,1.6
659,7.373,ASP, ,CG,18.96,12.81,0.0,3.59,1.0,<Residue ASP het=  resseq=214 icode= >,3bs1_A_A,1.6
660,6.695,ASP, ,OD1,20.93,12.40,0.0,3.85,1.0,<Residue ASP het=  resseq=214 icode= >,3bs1_A_A,1.6
661,23.82,ASP, ,OD2,22.01,13.22,0.0,3.94,1.0,<Residue ASP het=  resseq=214 icode= >,3bs1_A_A,1.6
662,4.029,SER, ,N,19.93,12.08,0.0,4.00,1.0,<Residue SER het=  resseq=215 icode= >,3bs1_A_A,1.6
663,0.0,SER, ,CA,21.76,11.22,0.0,3.06,1.0,<Residue SER het=  resseq=215 icode= >,3bs1_A_A,1.6
664,1.148,SER, ,C,22.09,10.58,0.0,3.53,1.0,<Residue SER het=  resseq=215 icode= >,3bs1_A_A,1.6
665,8.981,SER, ,O,23.14,9.58,0.0,3.21,1.0,<Residue SER het=  resseq=215 icode= >,3bs1_A_A,1.6
666,33.717,SER, ,CB,22.65,12.09,0.0,1.62,1.0,<Residue SER het=  resseq=215 icode= >,3bs1_A_A,1.6
667,33.688,SER, ,OG,26.05,12.89,0.0,2.18,1.0,<Residue SER het=  resseq=215 icode= >,3bs1_A_A,1.6
668,1.348,LYS, ,N,22.6,10.82,0.0,2.78,1.0,<Residue LYS het=  resseq=216 icode= >,3bs1_A_A,1.6
669,10.195,LYS, ,CA,23.3,9.76,0.0,2.03,1.0,<Residue LYS het=  resseq=216 icode= >,3bs1_A_A,1.6
670,0.0,LYS, ,C,22.59,8.66,0.0,3.36,1.0,<Residue LYS het=  resseq=216 icode= >,3bs1_A_A,1.6
671,15.584,LYS, ,O,23.21,7.46,0.0,3.51,1.0,<Residue LYS het=  resseq=216 icode= >,3bs1_A_A,1.6
672,16.025,LYS, ,CB,23.52,10.46,0.0,1.90,1.0,<Residue LYS het=  resseq=216 icode= >,3bs1_A_A,1.6
673,14.42,LYS, ,CG,24.84,9.74,0.0,1.26,1.0,<Residue LYS het=  resseq=216 icode= >,3bs1_A_A,1.6
674,27.153,LYS, ,CD,25.31,10.82,0.0,0.99,1.0,<Residue LYS het=  resseq=216 icode= >,3bs1_A_A,1.6
675,41.32,LYS, ,CE,28.47,10.49,0.0,1.19,1.0,<Residue LYS het=  resseq=216 icode= >,3bs1_A_A,1.6
676,46.024,LYS, ,NZ,30.21,10.61,0.0,1.17,1.0,<Residue LYS het=  resseq=216 icode= >,3bs1_A_A,1.6
677,0.0,GLU, ,N,21.63,9.22,0.0,3.76,1.0,<Residue GLU het=  resseq=217 icode= >,3bs1_A_A,1.6
678,1.982,GLU, ,CA,20.78,8.59,0.0,3.27,1.0,<Residue GLU het=  resseq=217 icode= >,3bs1_A_A,1.6
679,0.0,GLU, ,C,19.6,7.82,0.0,3.66,1.0,<Residue GLU het=  resseq=217 icode= >,3bs1_A_A,1.6
680,11.401,GLU, ,O,19.66,6.99,0.0,4.21,1.0,<Residue GLU het=  resseq=217 icode= >,3bs1_A_A,1.6
681,3.242,GLU, ,CB,21.51,9.58,0.0,2.32,1.0,<Residue GLU het=  resseq=217 icode= >,3bs1_A_A,1.6
682,19.068,GLU, ,CG,23.89,10.03,0.0,2.16,1.0,<Residue GLU het=  resseq=217 icode= >,3bs1_A_A,1.6
683,8.478,GLU, ,CD,27.98,9.01,0.0,1.89,1.0,<Residue GLU het=  resseq=217 icode= >,3bs1_A_A,1.6
684,33.295,GLU, ,OE1,30.01,7.99,0.0,2.06,1.0,<Residue GLU het=  resseq=217 icode= >,3bs1_A_A,1.6
685,16.184,GLU, ,OE2,30.69,9.41,0.0,0.87,1.0,<Residue GLU het=  resseq=217 icode= >,3bs1_A_A,1.6
686,0.0,ARG, ,N,18.06,8.01,0.0,4.40,1.0,<Residue ARG het=  resseq=218 icode= >,3bs1_A_A,1.6
687,0.0,ARG, ,CA,17.04,7.35,0.0,3.49,1.0,<Residue ARG het=  resseq=218 icode= >,3bs1_A_A,1.6
688,0.0,ARG, ,C,16.22,7.56,0.0,4.01,1.0,<Residue ARG het=  resseq=218 icode= >,3bs1_A_A,1.6
689,0.234,ARG, ,O,16.8,6.78,0.0,4.42,1.0,<Residue ARG het=  resseq=218 icode= >,3bs1_A_A,1.6
690,0.467,ARG, ,CB,17.65,5.97,0.0,2.42,1.0,<Residue ARG het=  resseq=218 icode= >,3bs1_A_A,1.6
691,1.105,ARG, ,CG,17.92,6.23,0.0,2.91,1.0,<Residue ARG het=  resseq=218 icode= >,3bs1_A_A,1.6
692,4.577,ARG, ,CD,19.11,5.21,0.0,2.73,1.0,<Residue ARG het=  resseq=218 icode= >,3bs1_A_A,1.6
693,0.0,ARG, ,NE,21.72,3.89,0.0,3.22,1.0,<Residue ARG het=  resseq=218 icode= >,3bs1_A_A,1.6
694,0.0,ARG, ,CZ,21.44,3.87,0.0,3.16,1.0,<Residue ARG het=  resseq=218 icode= >,3bs1_A_A,1.6
695,29.027,ARG, ,NH1,23.93,4.73,7.284,2.50,1.0,<Residue ARG het=  resseq=218 icode= >,3bs1_A_A,1.6
696,44.336,ARG, ,NH2,22.77,3.02,27.06,2.70,1.0,<Residue ARG het=  resseq=218 icode= >,3bs1_A_A,1.6
697,0.0,ILE, ,N,15.18,8.83,0.0,4.66,1.0,<Residue ILE het=  resseq=219 icode= >,3bs1_A_A,1.6
698,0.0,ILE, ,CA,14.27,9.50,0.0,4.58,1.0,<Residue ILE het=  resseq=219 icode= >,3bs1_A_A,1.6
699,0.0,ILE, ,C,13.54,10.58,0.0,3.94,1.0,<Residue ILE het=  resseq=219 icode= >,3bs1_A_A,1.6
700,0.0,ILE, ,O,13.51,11.36,0.0,4.62,1.0,<Residue ILE het=  resseq=219 icode= >,3bs1_A_A,1.6
701,0.0,ILE, ,CB,14.56,10.28,0.0,3.69,1.0,<Residue ILE het=  resseq=219 icode= >,3bs1_A_A,1.6
702,0.126,ILE, ,CG1,16.11,9.44,0.0,2.93,1.0,<Residue ILE het=  resseq=219 icode= >,3bs1_A_A,1.6
703,0.0,ILE, ,CG2,14.21,11.22,0.0,3.45,1.0,<Residue ILE het=  resseq=219 icode= >,3bs1_A_A,1.6
704,28.287,ILE, ,CD1,16.25,10.41,0.0,1.99,1.0,<Residue ILE het=  resseq=219 icode= >,3bs1_A_A,1.6
705,0.0,VAL, ,N,12.43,10.76,0.0,4.84,1.0,<Residue VAL het=  resseq=220 icode= >,3bs1_A_A,1.6
706,0.0,VAL, ,CA,12.08,11.91,0.0,3.82,1.0,<Residue VAL het=  resseq=220 icode= >,3bs1_A_A,1.6
707,0.0,VAL, ,C,12.09,13.04,0.0,5.22,1.0,<Residue VAL het=  resseq=220 icode= >,3bs1_A_A,1.6
708,0.0,VAL, ,O,12.26,12.97,0.0,5.44,1.0,<Residue VAL het=  resseq=220 icode= >,3bs1_A_A,1.6
709,0.0,VAL, ,CB,11.83,11.68,0.0,3.99,1.0,<Residue VAL het=  resseq=220 icode= >,3bs1_A_A,1.6
710,0.0,VAL, ,CG1,12.3,13.01,0.0,3.03,1.0,<Residue VAL het=  resseq=220 icode= >,3bs1_A_A,1.6
711,0.0,VAL, ,CG2,11.73,10.56,0.0,3.55,1.0,<Residue VAL het=  resseq=220 icode= >,3bs1_A_A,1.6
712,0.0,TYR, ,N,12.4,14.19,0.0,5.15,1.0,<Residue TYR het=  resseq=221 icode= >,3bs1_A_A,1.6
713,0.0,TYR, ,CA,13.9,15.42,0.0,3.37,1.0,<Residue TYR het=  resseq=221 icode= >,3bs1_A_A,1.6
714,0.0,TYR, ,C,13.87,16.43,0.0,4.27,1.0,<Residue TYR het=  resseq=221 icode= >,3bs1_A_A,1.6
715,0.0,TYR, ,O,13.74,16.70,0.0,5.52,1.0,<Residue TYR het=  resseq=221 icode= >,3bs1_A_A,1.6
716,4.166,TYR, ,CB,13.78,16.13,0.0,3.69,1.0,<Residue TYR het=  resseq=221 icode= >,3bs1_A_A,1.6
717,2.163,TYR, ,CG,15.25,15.46,0.0,3.87,1.0,<Residue TYR het=  resseq=221 icode= >,3bs1_A_A,1.6
718,10.274,TYR, ,CD1,17.81,15.75,0.0,3.07,1.0,<Residue TYR het=  resseq=221 icode= >,3bs1_A_A,1.6
719,3.165,TYR, ,CD2,16.1,14.63,0.0,3.31,1.0,<Residue TYR het=  resseq=221 icode= >,3bs1_A_A,1.6
720,18.211,TYR, ,CE1,17.45,15.30,0.0,2.73,1.0,<Residue TYR het=  resseq=221 icode= >,3bs1_A_A,1.6
721,7.211,TYR, ,CE2,18.3,14.14,0.0,2.84,1.0,<Residue TYR het=  resseq=221 icode= >,3bs1_A_A,1.6
722,5.12,TYR, ,CZ,18.11,14.49,0.0,3.23,1.0,<Residue TYR het=  resseq=221 icode= >,3bs1_A_A,1.6
723,25.147,TYR, ,OH,20.4,14.20,0.0,3.08,1.0,<Residue TYR het=  resseq=221 icode= >,3bs1_A_A,1.6
724,0.0,PHE, ,N,14.17,17.09,0.0,4.37,1.0,<Residue PHE het=  resseq=222 icode= >,3bs1_A_A,1.6
725,0.0,PHE, ,CA,14.45,18.12,0.0,3.94,1.0,<Residue PHE het=  resseq=222 icode= >,3bs1_A_A,1.6
726,0.0,PHE, ,C,14.88,19.51,0.0,4.17,1.0,<Residue PHE het=  resseq=222 icode= >,3bs1_A_A,1.6
727,0.595,PHE, ,O,15.35,19.73,0.0,6.09,1.0,<Residue PHE het=  resseq=222 icode= >,3bs1_A_A,1.6
728,0.0,PHE, ,CB,15.1,17.95,0.0,3.17,1.0,<Residue PHE het=  resseq=222 icode= >,3bs1_A_A,1.6
729,0.0,PHE, ,CG,13.38,16.72,0.0,3.61,1.0,<Residue PHE het=  resseq=222 icode= >,3bs1_A_A,1.6
730,0.0,PHE, ,CD1,13.74,16.66,0.0,3.80,1.0,<Residue PHE het=  resseq=222 icode= >,3bs1_A_A,1.6
731,0.0,PHE, ,CD2,14.18,15.54,0.0,3.33,1.0,<Residue PHE het=  resseq=222 icode= >,3bs1_A_A,1.6
732,0.0,PHE, ,CE1,14.33,15.36,0.0,3.47,1.0,<Residue PHE het=  resseq=222 icode= >,3bs1_A_A,1.6
733,0.0,PHE, ,CE2,14.6,14.40,0.0,3.43,1.0,<Residue PHE het=  resseq=222 icode= >,3bs1_A_A,1.6
734,0.0,PHE, ,CZ,14.71,14.32,0.0,3.05,1.0,<Residue PHE het=  resseq=222 icode= >,3bs1_A_A,1.6
735,0.0,LYS, ,N,15.5,1000.00,0.0,4.46,1.0,<Residue LYS het=  resseq=223 icode= >,3bs1_A_A,1.6
736,0.0,LYS, ,CA,16.08,1000.00,0.0,3.43,1.0,<Residue LYS het=  resseq=223 icode= >,3bs1_A_A,1.6
737,0.279,LYS, ,C,16.24,1000.00,0.0,3.48,1.0,<Residue LYS het=  resseq=223 icode= >,3bs1_A_A,1.6
738,17.854,LYS, ,O,17.0,1000.00,0.0,4.52,1.0,<Residue LYS het=  resseq=223 icode= >,3bs1_A_A,1.6
739,19.49,LYS, ,CB,16.28,1000.00,0.0,2.39,1.0,<Residue LYS het=  resseq=223 icode= >,3bs1_A_A,1.6
740,2.653,LYS, ,CG,17.64,1000.00,0.0,2.36,1.0,<Residue LYS het=  resseq=223 icode= >,3bs1_A_A,1.6
741,20.747,LYS, ,CD,20.3,1000.00,0.0,1.79,1.0,<Residue LYS het=  resseq=223 icode= >,3bs1_A_A,1.6
742,8.225,LYS, ,CE,20.48,1000.00,0.0,1.62,1.0,<Residue LYS het=  resseq=223 icode= >,3bs1_A_A,1.6
743,43.308,LYS, ,NZ,23.41,1000.00,0.0,1.88,1.0,<Residue LYS het=  resseq=223 icode= >,3bs1_A_A,1.6
744,0.0,ASN, ,N,16.4,1000.00,0.0,3.69,1.0,<Residue ASN het=  resseq=224 icode= >,3bs1_A_A,1.6
745,9.531,ASN, ,CA,16.4,1000.00,0.0,2.91,1.0,<Residue ASN het=  resseq=224 icode= >,3bs1_A_A,1.6
746,0.111,ASN, ,C,16.43,1000.00,0.0,4.07,1.0,<Residue ASN het=  resseq=224 icode= >,3bs1_A_A,1.6
747,16.268,ASN, ,O,16.61,1000.00,0.0,4.93,1.0,<Residue ASN het=  resseq=224 icode= >,3bs1_A_A,1.6
748,9.006,ASN, ,CB,16.2,1000.00,0.0,2.80,1.0,<Residue ASN het=  resseq=224 icode= >,3bs1_A_A,1.6
749,0.0,ASN, ,CG,16.31,1000.00,0.0,2.86,1.0,<Residue ASN het=  resseq=224 icode= >,3bs1_A_A,1.6
750,0.0,ASN, ,OD1,17.36,1000.00,0.0,4.05,1.0,<Residue ASN het=  resseq=224 icode= >,3bs1_A_A,1.6
751,3.082,ASN, ,ND2,15.52,1000.00,0.0,3.61,1.0,<Residue ASN het=  resseq=224 icode= >,3bs1_A_A,1.6
752,0.0,LYS, ,N,16.86,1000.00,0.0,3.81,1.0,<Residue LYS het=  resseq=225 icode= >,3bs1_A_A,1.6
753,2.76,LYS, ,CA,17.6,1000.00,0.0,3.68,1.0,<Residue LYS het=  resseq=225 icode= >,3bs1_A_A,1.6
754,1.753,LYS, ,C,17.43,1000.00,0.0,4.24,1.0,<Residue LYS het=  resseq=225 icode= >,3bs1_A_A,1.6
755,18.549,LYS, ,O,18.17,1000.00,0.0,4.57,1.0,<Residue LYS het=  resseq=225 icode= >,3bs1_A_A,1.6
756,22.316,LYS, ,CB,18.53,1000.00,0.0,2.09,1.0,<Residue LYS het=  resseq=225 icode= >,3bs1_A_A,1.6
757,20.483,LYS, ,CG,21.02,1000.00,0.0,1.77,1.0,<Residue LYS het=  resseq=225 icode= >,3bs1_A_A,1.6
758,16.117,LYS, ,CD,24.45,1000.00,0.0,1.67,1.0,<Residue LYS het=  resseq=225 icode= >,3bs1_A_A,1.6
759,41.92,LYS, ,CE,25.98,1000.00,0.0,1.37,1.0,<Residue LYS het=  resseq=225 icode= >,3bs1_A_A,1.6
760,37.847,LYS, ,NZ,27.47,1000.00,0.0,1.61,1.0,<Residue LYS het=  resseq=225 icode= >,3bs1_A_A,1.6
761,0.0,GLU, ,N,16.52,1000.00,0.0,4.57,1.0,<Residue GLU het=  resseq=226 icode= >,3bs1_A_A,1.6
762,5.804,GLU, ,CA,16.29,1000.00,0.0,3.23,1.0,<Residue GLU het=  resseq=226 icode= >,3bs1_A_A,1.6
763,0.0,GLU, ,C,15.71,1000.00,0.0,3.76,1.0,<Residue GLU het=  resseq=226 icode= >,3bs1_A_A,1.6
764,0.0,GLU, ,O,15.35,1000.00,0.0,5.75,1.0,<Residue GLU het=  resseq=226 icode= >,3bs1_A_A,1.6
765,1.369,GLU, ,CB,16.22,1000.00,0.0,2.92,1.0,<Residue GLU het=  resseq=226 icode= >,3bs1_A_A,1.6
766,21.054,GLU, ,CG,17.37,1000.00,0.0,2.93,1.0,<Residue GLU het=  resseq=226 icode= >,3bs1_A_A,1.6
767,6.404,GLU, ,CD,17.96,1000.00,0.0,3.34,1.0,<Residue GLU het=  resseq=226 icode= >,3bs1_A_A,1.6
768,0.936,GLU, ,OE1,18.25,1000.00,0.0,4.20,1.0,<Residue GLU het=  resseq=226 icode= >,3bs1_A_A,1.6
769,10.586,GLU, ,OE2,21.01,1000.00,0.0,3.78,1.0,<Residue GLU het=  resseq=226 icode= >,3bs1_A_A,1.6
770,1.727,HIS, ,N,15.52,15.25,0.0,4.26,1.0,<Residue HIS het=  resseq=227 icode= >,3bs1_A_A,1.6
771,0.0,HIS, ,CA,15.18,13.96,0.0,3.66,1.0,<Residue HIS het=  resseq=227 icode= >,3bs1_A_A,1.6
772,0.0,HIS, ,C,14.8,12.93,0.0,3.48,1.0,<Residue HIS het=  resseq=227 icode= >,3bs1_A_A,1.6
773,11.629,HIS, ,O,14.26,13.19,0.0,5.36,1.0,<Residue HIS het=  resseq=227 icode= >,3bs1_A_A,1.6
774,0.0,HIS, ,CB,16.03,13.60,0.0,3.12,1.0,<Residue HIS het=  resseq=227 icode= >,3bs1_A_A,1.6
775,0.0,HIS, ,CG,18.55,13.41,0.0,3.08,1.0,<Residue HIS het=  resseq=227 icode= >,3bs1_A_A,1.6
776,8.676,HIS, ,ND1,22.8,14.52,0.0,2.65,1.0,<Residue HIS het=  resseq=227 icode= >,3bs1_A_A,1.6
777,0.083,HIS, ,CD2,20.44,12.35,0.0,3.05,1.0,<Residue HIS het=  resseq=227 icode= >,3bs1_A_A,1.6
778,43.949,HIS, ,CE1,22.04,14.25,0.0,3.25,1.0,<Residue HIS het=  resseq=227 icode= >,3bs1_A_A,1.6
779,12.732,HIS, ,NE2,23.49,12.96,0.0,2.98,1.0,<Residue HIS het=  resseq=227 icode= >,3bs1_A_A,1.6
780,0.0,CYS, ,N,13.68,11.88,0.0,4.56,1.0,<Residue CYS het=  resseq=228 icode= >,3bs1_A_A,1.6
781,0.639,CYS, ,CA,13.96,10.79,0.0,3.38,1.0,<Residue CYS het=  resseq=228 icode= >,3bs1_A_A,1.6
782,0.0,CYS, ,C,13.77,9.48,0.0,4.50,1.0,<Residue CYS het=  resseq=228 icode= >,3bs1_A_A,1.6
783,0.0,CYS, ,O,13.59,9.57,0.0,5.47,1.0,<Residue CYS het=  resseq=228 icode= >,3bs1_A_A,1.6
784,0.029,CYS, ,CB,14.0,11.15,0.0,3.11,1.0,<Residue CYS het=  resseq=228 icode= >,3bs1_A_A,1.6
785,0.0,CYS, ,SG,13.99,11.15,0.0,11.57,1.0,<Residue CYS het=  resseq=228 icode= >,3bs1_A_A,1.6
786,0.0,TYR, ,N,13.75,8.39,0.0,4.61,1.0,<Residue TYR het=  resseq=229 icode= >,3bs1_A_A,1.6
787,0.0,TYR, ,CA,14.08,7.07,0.0,4.19,1.0,<Residue TYR het=  resseq=229 icode= >,3bs1_A_A,1.6
788,0.0,TYR, ,C,12.94,6.65,0.0,4.31,1.0,<Residue TYR het=  resseq=229 icode= >,3bs1_A_A,1.6
789,0.0,TYR, ,O,12.96,7.16,0.0,6.02,1.0,<Residue TYR het=  resseq=229 icode= >,3bs1_A_A,1.6
790,8.987,TYR, ,CB,15.63,6.25,0.0,3.64,1.0,<Residue TYR het=  resseq=229 icode= >,3bs1_A_A,1.6
791,2.8,TYR, ,CG,17.73,7.17,0.0,3.03,1.0,<Residue TYR het=  resseq=229 icode= >,3bs1_A_A,1.6
792,11.431,TYR, ,CD1,19.32,7.21,0.0,2.64,1.0,<Residue TYR het=  resseq=229 icode= >,3bs1_A_A,1.6
793,5.615,TYR, ,CD2,20.86,8.34,0.0,1.27,1.0,<Residue TYR het=  resseq=229 icode= >,3bs1_A_A,1.6
794,15.329,TYR, ,CE1,20.79,8.35,0.0,2.21,1.0,<Residue TYR het=  resseq=229 icode= >,3bs1_A_A,1.6
795,21.499,TYR, ,CE2,22.15,9.35,0.0,1.32,1.0,<Residue TYR het=  resseq=229 icode= >,3bs1_A_A,1.6
796,4.92,TYR, ,CZ,21.44,9.35,0.0,1.73,1.0,<Residue TYR het=  resseq=229 icode= >,3bs1_A_A,1.6
797,26.06,TYR, ,OH,21.9,10.52,0.0,2.29,1.0,<Residue TYR het=  resseq=229 icode= >,3bs1_A_A,1.6
798,0.0,ALA, ,N,12.24,6.10,0.0,4.98,1.0,<Residue ALA het=  resseq=230 icode= >,3bs1_A_A,1.6
799,0.0,ALA, ,CA,11.92,5.89,0.0,3.77,1.0,<Residue ALA het=  resseq=230 icode= >,3bs1_A_A,1.6
800,0.0,ALA, ,C,12.14,4.50,0.0,4.57,1.0,<Residue ALA het=  resseq=230 icode= >,3bs1_A_A,1.6
801,2.407,ALA, ,O,12.96,3.87,0.972,5.41,1.0,<Residue ALA het=  resseq=230 icode= >,3bs1_A_A,1.6
802,0.0,ALA, ,CB,11.96,6.94,0.0,3.32,1.0,<Residue ALA het=  resseq=230 icode= >,3bs1_A_A,1.6
803,0.0,SER, ,N,11.88,4.41,0.0,5.13,1.0,<Residue SER het=  resseq=231 icode= >,3bs1_A_A,1.6
804,2.858,SER, ,CA,12.2,3.47,2.858,4.27,1.0,<Residue SER het=  resseq=231 icode= >,3bs1_A_A,1.6
805,0.0,SER, ,C,12.2,3.71,0.0,4.97,1.0,<Residue SER het=  resseq=231 icode= >,3bs1_A_A,1.6
806,0.0,SER, ,O,12.94,4.90,0.0,5.98,1.0,<Residue SER het=  resseq=231 icode= >,3bs1_A_A,1.6
807,21.77,SER, ,CB,11.96,3.04,21.77,4.15,1.0,<Residue SER het=  resseq=231 icode= >,3bs1_A_A,1.6
808,1.698,SER, ,OG,12.58,2.92,1.698,5.81,1.0,<Residue SER het=  resseq=231 icode= >,3bs1_A_A,1.6
809,2.193,VAL, ,N,12.47,2.86,2.193,4.91,1.0,<Residue VAL het=  resseq=232 icode= >,3bs1_A_A,1.6
810,0.399,VAL, ,CA,13.58,3.76,0.0,3.25,1.0,<Residue VAL het=  resseq=232 icode= >,3bs1_A_A,1.6
811,0.0,VAL, ,C,13.4,4.74,0.0,4.13,1.0,<Residue VAL het=  resseq=232 icode= >,3bs1_A_A,1.6
812,10.124,VAL, ,O,14.33,5.94,0.0,5.10,1.0,<Residue VAL het=  resseq=232 icode= >,3bs1_A_A,1.6
813,0.913,VAL, ,CB,13.53,3.48,0.913,3.28,1.0,<Residue VAL het=  resseq=232 icode= >,3bs1_A_A,1.6
814,50.196,VAL, ,CG1,15.2,4.22,11.536,2.70,1.0,<Residue VAL het=  resseq=232 icode= >,3bs1_A_A,1.6
815,35.284,VAL, ,CG2,14.69,3.38,29.601,3.07,1.0,<Residue VAL het=  resseq=232 icode= >,3bs1_A_A,1.6
816,0.053,ARG, ,N,13.29,4.55,0.053,4.90,1.0,<Residue ARG het=  resseq=233 icode= >,3bs1_A_A,1.6
817,6.272,ARG, ,CA,13.59,5.08,0.0,3.91,1.0,<Residue ARG het=  resseq=233 icode= >,3bs1_A_A,1.6
818,1.371,ARG, ,C,13.91,5.63,0.0,3.48,1.0,<Residue ARG het=  resseq=233 icode= >,3bs1_A_A,1.6
819,8.487,ARG, ,O,14.86,6.42,0.0,4.74,1.0,<Residue ARG het=  resseq=233 icode= >,3bs1_A_A,1.6
820,14.179,ARG, ,CB,12.98,4.12,2.632,3.86,1.0,<Residue ARG het=  resseq=233 icode= >,3bs1_A_A,1.6
821,14.75,ARG, ,CG,13.34,4.39,0.08,3.40,1.0,<Residue ARG het=  resseq=233 icode= >,3bs1_A_A,1.6
822,33.493,ARG, ,CD,12.95,3.83,14.969,3.36,1.0,<Residue ARG het=  resseq=233 icode= >,3bs1_A_A,1.6
823,19.5,ARG, ,NE,13.65,3.85,3.76,4.66,1.0,<Residue ARG het=  resseq=233 icode= >,3bs1_A_A,1.6
824,7.34,ARG, ,CZ,14.07,3.64,4.882,4.03,1.0,<Residue ARG het=  resseq=233 icode= >,3bs1_A_A,1.6
825,36.339,ARG, ,NH1,12.58,2.93,36.339,4.99,1.0,<Residue ARG het=  resseq=233 icode= >,3bs1_A_A,1.6
826,59.881,ARG, ,NH2,13.23,2.84,52.678,5.16,1.0,<Residue ARG het=  resseq=233 icode= >,3bs1_A_A,1.6
827,0.0,ASN, ,N,14.11,5.63,0.0,4.21,1.0,<Residue ASN het=  resseq=234 icode= >,3bs1_A_A,1.6
828,0.0,ASN, ,CA,14.23,6.36,0.0,3.99,1.0,<Residue ASN het=  resseq=234 icode= >,3bs1_A_A,1.6
829,0.0,ASN, ,C,14.09,7.46,0.0,4.92,1.0,<Residue ASN het=  resseq=234 icode= >,3bs1_A_A,1.6
830,0.0,ASN, ,O,14.2,8.33,0.0,6.44,1.0,<Residue ASN het=  resseq=234 icode= >,3bs1_A_A,1.6
831,0.195,ASN, ,CB,14.22,5.39,0.0,3.48,1.0,<Residue ASN het=  resseq=234 icode= >,3bs1_A_A,1.6
832,4.578,ASN, ,CG,16.68,4.46,0.02,3.34,1.0,<Residue ASN het=  resseq=234 icode= >,3bs1_A_A,1.6
833,17.192,ASN, ,OD1,17.68,4.45,2.156,4.05,1.0,<Residue ASN het=  resseq=234 icode= >,3bs1_A_A,1.6
834,15.48,ASN, ,ND2,18.3,3.87,4.335,3.55,1.0,<Residue ASN het=  resseq=234 icode= >,3bs1_A_A,1.6
835,0.0,VAL, ,N,14.24,7.64,0.0,4.90,1.0,<Residue VAL het=  resseq=235 icode= >,3bs1_A_A,1.6
836,0.0,VAL, ,CA,15.17,8.59,0.0,3.84,1.0,<Residue VAL het=  resseq=235 icode= >,3bs1_A_A,1.6
837,0.0,VAL, ,C,15.44,9.95,0.0,4.38,1.0,<Residue VAL het=  resseq=235 icode= >,3bs1_A_A,1.6
838,4.694,VAL, ,O,15.56,10.94,0.0,5.07,1.0,<Residue VAL het=  resseq=235 icode= >,3bs1_A_A,1.6
839,0.0,VAL, ,CB,14.79,7.90,0.0,3.77,1.0,<Residue VAL het=  resseq=235 icode= >,3bs1_A_A,1.6
840,8.974,VAL, ,CG1,16.16,7.80,0.0,3.47,1.0,<Residue VAL het=  resseq=235 icode= >,3bs1_A_A,1.6
841,2.841,VAL, ,CG2,15.37,8.74,0.0,3.30,1.0,<Residue VAL het=  resseq=235 icode= >,3bs1_A_A,1.6
842,0.166,LYS, ,N,16.46,10.06,0.0,3.82,1.0,<Residue LYS het=  resseq=236 icode= >,3bs1_A_A,1.6
843,7.514,LYS, ,CA,17.32,9.95,0.0,3.25,1.0,<Residue LYS het=  resseq=236 icode= >,3bs1_A_A,1.6
844,0.675,LYS, ,C,17.44,10.35,0.0,3.95,1.0,<Residue LYS het=  resseq=236 icode= >,3bs1_A_A,1.6
845,27.981,LYS, ,O,17.99,10.31,0.0,4.74,1.0,<Residue LYS het=  resseq=236 icode= >,3bs1_A_A,1.6
846,19.432,LYS, ,CB,17.68,8.43,0.0,2.67,1.0,<Residue LYS het=  resseq=236 icode= >,3bs1_A_A,1.6
847,12.756,LYS, ,CG,20.16,7.97,0.0,2.59,1.0,<Residue LYS het=  resseq=236 icode= >,3bs1_A_A,1.6
848,31.578,LYS, ,CD,24.88,6.49,0.0,1.82,1.0,<Residue LYS het=  resseq=236 icode= >,3bs1_A_A,1.6
849,42.095,LYS, ,CE,26.19,6.38,0.0,1.76,1.0,<Residue LYS het=  resseq=236 icode= >,3bs1_A_A,1.6
850,48.379,LYS, ,NZ,29.75,5.09,5.269,0.82,1.0,<Residue LYS het=  resseq=236 icode= >,3bs1_A_A,1.6
851,0.0,LYS, ,N,16.57,10.89,0.0,4.35,1.0,<Residue LYS het=  resseq=237 icode= >,3bs1_A_A,1.6
852,6.656,LYS, ,CA,16.87,11.41,0.0,3.48,1.0,<Residue LYS het=  resseq=237 icode= >,3bs1_A_A,1.6
853,0.931,LYS, ,C,16.18,11.97,0.0,4.58,1.0,<Residue LYS het=  resseq=237 icode= >,3bs1_A_A,1.6
854,8.779,LYS, ,O,16.46,12.60,0.0,3.97,1.0,<Residue LYS het=  resseq=237 icode= >,3bs1_A_A,1.6
855,6.953,LYS, ,CB,17.19,10.93,0.0,3.21,1.0,<Residue LYS het=  resseq=237 icode= >,3bs1_A_A,1.6
856,16.903,LYS, ,CG,19.57,9.90,0.0,2.04,1.0,<Residue LYS het=  resseq=237 icode= >,3bs1_A_A,1.6
857,19.838,LYS, ,CD,24.07,9.70,0.0,2.06,1.0,<Residue LYS het=  resseq=237 icode= >,3bs1_A_A,1.6
858,38.24,LYS, ,CE,26.86,8.23,0.0,1.30,1.0,<Residue LYS het=  resseq=237 icode= >,3bs1_A_A,1.6
859,43.624,LYS, ,NZ,28.1,7.68,0.0,1.53,1.0,<Residue LYS het=  resseq=237 icode= >,3bs1_A_A,1.6
860,0.013,ILE, ,N,15.46,11.70,0.0,4.68,1.0,<Residue ILE het=  resseq=238 icode= >,3bs1_A_A,1.6
861,0.0,ILE, ,CA,15.14,12.21,0.0,4.04,1.0,<Residue ILE het=  resseq=238 icode= >,3bs1_A_A,1.6
862,2.048,ILE, ,C,15.81,13.72,0.0,4.20,1.0,<Residue ILE het=  resseq=238 icode= >,3bs1_A_A,1.6
863,10.718,ILE, ,O,16.8,14.31,0.0,5.27,1.0,<Residue ILE het=  resseq=238 icode= >,3bs1_A_A,1.6
864,0.862,ILE, ,CB,14.26,12.02,0.0,4.06,1.0,<Residue ILE het=  resseq=238 icode= >,3bs1_A_A,1.6
865,0.0,ILE, ,CG1,14.08,10.58,0.0,3.45,1.0,<Residue ILE het=  resseq=238 icode= >,3bs1_A_A,1.6
866,4.289,ILE, ,CG2,15.53,12.96,0.0,2.66,1.0,<Residue ILE het=  resseq=238 icode= >,3bs1_A_A,1.6
867,0.0,ILE, ,CD1,14.91,10.53,0.0,2.71,1.0,<Residue ILE het=  resseq=238 icode= >,3bs1_A_A,1.6
868,30.743,ILE, ,OXT,16.48,14.45,0.0,4.51,1.0,<Residue ILE het=  resseq=238 icode= >,3bs1_A_A,1.6
