,ASA,aa,altloc,atom,bfac,d2r,dASA,dens,occ,residue,id,resolu
0,26.023,GLU, ,N,60.37,6.46,0.0,0.27,1.0,<Residue GLU het=  resseq=8 icode= >,3coq_A_A,2.4
1,1.744,GLU, ,CA,60.12,5.42,0.0,1.80,1.0,<Residue GLU het=  resseq=8 icode= >,3coq_A_A,2.4
2,0.495,GLU, ,C,59.44,4.42,0.0,2.67,1.0,<Residue GLU het=  resseq=8 icode= >,3coq_A_A,2.4
3,11.196,GLU, ,O,59.54,3.20,10.855,1.73,1.0,<Residue GLU het=  resseq=8 icode= >,3coq_A_A,2.4
4,28.861,GLU, ,CB,59.9,6.30,0.0,1.39,1.0,<Residue GLU het=  resseq=8 icode= >,3coq_A_A,2.4
5,41.38,GLU, ,CG,62.63,6.09,0.0,1.01,1.0,<Residue GLU het=  resseq=8 icode= >,3coq_A_A,2.4
6,8.323,GLU, ,CD,63.58,4.77,0.092,1.88,1.0,<Residue GLU het=  resseq=8 icode= >,3coq_A_A,2.4
7,39.404,GLU, ,OE1,64.76,4.43,8.992,0.45,1.0,<Residue GLU het=  resseq=8 icode= >,3coq_A_A,2.4
8,22.002,GLU, ,OE2,58.35,4.46,5.454,1.56,1.0,<Residue GLU het=  resseq=8 icode= >,3coq_A_A,2.4
9,6.053,GLN, ,N,58.24,4.57,0.0,2.41,1.0,<Residue GLN het=  resseq=9 icode= >,3coq_A_A,2.4
10,4.234,GLN, ,CA,57.13,3.62,1.898,2.53,1.0,<Residue GLN het=  resseq=9 icode= >,3coq_A_A,2.4
11,0.0,GLN, ,C,55.38,3.67,0.0,2.92,1.0,<Residue GLN het=  resseq=9 icode= >,3coq_A_A,2.4
12,2.505,GLN, ,O,55.77,4.85,0.0,1.50,1.0,<Residue GLN het=  resseq=9 icode= >,3coq_A_A,2.4
13,17.827,GLN, ,CB,58.31,4.57,0.0,1.06,1.0,<Residue GLN het=  resseq=9 icode= >,3coq_A_A,2.4
14,14.862,GLN, ,CG,62.11,4.43,0.065,1.06,1.0,<Residue GLN het=  resseq=9 icode= >,3coq_A_A,2.4
15,0.179,GLN, ,CD,66.16,5.04,0.0,2.02,1.0,<Residue GLN het=  resseq=9 icode= >,3coq_A_A,2.4
16,0.384,GLN, ,OE1,66.2,4.82,0.0,0.79,1.0,<Residue GLN het=  resseq=9 icode= >,3coq_A_A,2.4
17,7.805,GLN, ,NE2,67.07,6.17,0.0,1.10,1.0,<Residue GLN het=  resseq=9 icode= >,3coq_A_A,2.4
18,0.818,ALA, ,N,53.09,2.82,0.818,2.41,1.0,<Residue ALA het=  resseq=10 icode= >,3coq_A_A,2.4
19,0.0,ALA, ,CA,49.99,3.66,0.0,3.39,1.0,<Residue ALA het=  resseq=10 icode= >,3coq_A_A,2.4
20,0.0,ALA, ,C,49.54,4.36,0.0,3.41,1.0,<Residue ALA het=  resseq=10 icode= >,3coq_A_A,2.4
21,0.002,ALA, ,O,49.5,4.18,0.0,2.03,1.0,<Residue ALA het=  resseq=10 icode= >,3coq_A_A,2.4
22,23.968,ALA, ,CB,48.62,3.40,21.551,1.49,1.0,<Residue ALA het=  resseq=10 icode= >,3coq_A_A,2.4
23,0.0,CYS, ,N,49.69,5.55,0.0,2.49,1.0,<Residue CYS het=  resseq=11 icode= >,3coq_A_A,2.4
24,0.0,CYS, ,CA,51.0,6.63,0.0,2.48,1.0,<Residue CYS het=  resseq=11 icode= >,3coq_A_A,2.4
25,0.0,CYS, ,C,50.94,6.82,0.0,2.94,1.0,<Residue CYS het=  resseq=11 icode= >,3coq_A_A,2.4
26,0.0,CYS, ,O,50.42,6.48,0.0,2.15,1.0,<Residue CYS het=  resseq=11 icode= >,3coq_A_A,2.4
27,0.0,CYS, ,CB,50.58,8.01,0.0,1.71,1.0,<Residue CYS het=  resseq=11 icode= >,3coq_A_A,2.4
28,0.0,CYS, ,SG,53.01,8.52,0.0,3.03,1.0,<Residue CYS het=  resseq=11 icode= >,3coq_A_A,2.4
29,0.213,ASP, ,N,51.15,7.56,0.0,2.84,1.0,<Residue ASP het=  resseq=12 icode= >,3coq_A_A,2.4
30,2.812,ASP, ,CA,51.99,7.97,0.0,2.65,1.0,<Residue ASP het=  resseq=12 icode= >,3coq_A_A,2.4
31,0.0,ASP, ,C,52.47,8.01,0.0,2.85,1.0,<Residue ASP het=  resseq=12 icode= >,3coq_A_A,2.4
32,0.213,ASP, ,O,52.41,7.52,0.0,1.74,1.0,<Residue ASP het=  resseq=12 icode= >,3coq_A_A,2.4
33,8.07,ASP, ,CB,52.17,9.41,0.0,1.95,1.0,<Residue ASP het=  resseq=12 icode= >,3coq_A_A,2.4
34,6.447,ASP, ,CG,54.35,9.58,0.0,2.48,1.0,<Residue ASP het=  resseq=12 icode= >,3coq_A_A,2.4
35,4.032,ASP, ,OD1,50.24,8.69,0.0,2.15,1.0,<Residue ASP het=  resseq=12 icode= >,3coq_A_A,2.4
36,2.259,ASP, ,OD2,57.1,10.79,0.0,1.77,1.0,<Residue ASP het=  resseq=12 icode= >,3coq_A_A,2.4
37,0.0,ILE, ,N,53.26,8.88,0.0,2.45,1.0,<Residue ILE het=  resseq=13 icode= >,3coq_A_A,2.4
38,0.05,ILE, ,CA,53.37,9.46,0.0,2.77,1.0,<Residue ILE het=  resseq=13 icode= >,3coq_A_A,2.4
39,0.0,ILE, ,C,52.17,8.66,0.0,3.56,1.0,<Residue ILE het=  resseq=13 icode= >,3coq_A_A,2.4
40,0.0,ILE, ,O,51.71,8.18,0.0,2.14,1.0,<Residue ILE het=  resseq=13 icode= >,3coq_A_A,2.4
41,0.0,ILE, ,CB,55.33,9.63,0.0,1.35,1.0,<Residue ILE het=  resseq=13 icode= >,3coq_A_A,2.4
42,0.0,ILE, ,CG1,58.61,10.51,0.0,0.75,1.0,<Residue ILE het=  resseq=13 icode= >,3coq_A_A,2.4
43,2.126,ILE, ,CG2,55.71,8.30,0.0,0.09,1.0,<Residue ILE het=  resseq=13 icode= >,3coq_A_A,2.4
44,42.544,ILE, ,CD1,64.16,10.08,0.0,-0.05,1.0,<Residue ILE het=  resseq=13 icode= >,3coq_A_A,2.4
45,0.0,CYS, ,N,50.85,8.23,0.0,2.77,1.0,<Residue CYS het=  resseq=14 icode= >,3coq_A_A,2.4
46,0.154,CYS, ,CA,49.9,7.07,0.0,2.17,1.0,<Residue CYS het=  resseq=14 icode= >,3coq_A_A,2.4
47,0.461,CYS, ,C,50.84,6.19,0.0,2.48,1.0,<Residue CYS het=  resseq=14 icode= >,3coq_A_A,2.4
48,0.849,CYS, ,O,50.83,5.27,0.476,1.87,1.0,<Residue CYS het=  resseq=14 icode= >,3coq_A_A,2.4
49,0.011,CYS, ,CB,49.73,5.85,0.0,1.05,1.0,<Residue CYS het=  resseq=14 icode= >,3coq_A_A,2.4
50,1.796,CYS, ,SG,41.27,6.44,0.0,4.88,1.0,<Residue CYS het=  resseq=14 icode= >,3coq_A_A,2.4
51,0.0,ARG, ,N,52.19,5.89,0.0,1.82,1.0,<Residue ARG het=  resseq=15 icode= >,3coq_A_A,2.4
52,5.935,ARG, ,CA,52.55,4.94,3.744,2.16,1.0,<Residue ARG het=  resseq=15 icode= >,3coq_A_A,2.4
53,0.277,ARG, ,C,53.1,5.94,0.0,2.59,1.0,<Residue ARG het=  resseq=15 icode= >,3coq_A_A,2.4
54,9.177,ARG, ,O,52.91,5.20,1.154,1.46,1.0,<Residue ARG het=  resseq=15 icode= >,3coq_A_A,2.4
55,0.0,ARG, ,CB,52.44,4.65,0.0,1.60,1.0,<Residue ARG het=  resseq=15 icode= >,3coq_A_A,2.4
56,25.366,ARG, ,CG,53.45,4.03,1.271,1.28,1.0,<Residue ARG het=  resseq=15 icode= >,3coq_A_A,2.4
57,19.843,ARG, ,CD,61.36,3.02,13.995,1.03,1.0,<Residue ARG het=  resseq=15 icode= >,3coq_A_A,2.4
58,12.082,ARG, ,NE,64.55,4.00,0.0,1.51,1.0,<Residue ARG het=  resseq=15 icode= >,3coq_A_A,2.4
59,4.933,ARG, ,CZ,66.79,3.88,3.014,1.92,1.0,<Residue ARG het=  resseq=15 icode= >,3coq_A_A,2.4
60,22.101,ARG, ,NH1,68.79,2.62,19.593,1.20,1.0,<Residue ARG het=  resseq=15 icode= >,3coq_A_A,2.4
61,17.294,ARG, ,NH2,66.67,4.88,0.326,0.92,1.0,<Residue ARG het=  resseq=15 icode= >,3coq_A_A,2.4
62,0.0,LEU, ,N,53.17,7.14,0.0,2.82,1.0,<Residue LEU het=  resseq=16 icode= >,3coq_A_A,2.4
63,6.921,LEU, ,CA,54.66,7.15,0.0,3.18,1.0,<Residue LEU het=  resseq=16 icode= >,3coq_A_A,2.4
64,0.023,LEU, ,C,54.77,5.80,0.0,3.65,1.0,<Residue LEU het=  resseq=16 icode= >,3coq_A_A,2.4
65,21.405,LEU, ,O,54.77,5.00,6.693,2.84,1.0,<Residue LEU het=  resseq=16 icode= >,3coq_A_A,2.4
66,0.229,LEU, ,CB,56.45,7.46,0.0,2.10,1.0,<Residue LEU het=  resseq=16 icode= >,3coq_A_A,2.4
67,13.811,LEU, ,CG,61.6,7.51,0.0,1.34,1.0,<Residue LEU het=  resseq=16 icode= >,3coq_A_A,2.4
68,48.242,LEU, ,CD1,63.44,9.03,0.0,0.92,1.0,<Residue LEU het=  resseq=16 icode= >,3coq_A_A,2.4
69,57.485,LEU, ,CD2,64.42,7.06,0.0,0.03,1.0,<Residue LEU het=  resseq=16 icode= >,3coq_A_A,2.4
70,0.0,LYS, ,N,54.16,5.80,0.0,3.11,1.0,<Residue LYS het=  resseq=17 icode= >,3coq_A_A,2.4
71,5.938,LYS, ,CA,53.99,4.83,1.851,2.60,1.0,<Residue LYS het=  resseq=17 icode= >,3coq_A_A,2.4
72,0.593,LYS, ,C,53.43,3.92,0.593,3.55,1.0,<Residue LYS het=  resseq=17 icode= >,3coq_A_A,2.4
73,14.855,LYS, ,O,53.79,2.90,14.721,2.03,1.0,<Residue LYS het=  resseq=17 icode= >,3coq_A_A,2.4
74,3.629,LYS, ,CB,54.81,5.39,0.488,0.97,1.0,<Residue LYS het=  resseq=17 icode= >,3coq_A_A,2.4
75,3.253,LYS, ,CG,57.48,4.83,0.711,0.28,1.0,<Residue LYS het=  resseq=17 icode= >,3coq_A_A,2.4
76,13.338,LYS, ,CD,60.97,4.16,5.923,0.16,1.0,<Residue LYS het=  resseq=17 icode= >,3coq_A_A,2.4
77,20.873,LYS, ,CE,59.72,4.03,1.415,0.70,1.0,<Residue LYS het=  resseq=17 icode= >,3coq_A_A,2.4
78,43.93,LYS, ,NZ,63.86,3.09,17.647,0.87,1.0,<Residue LYS het=  resseq=17 icode= >,3coq_A_A,2.4
79,0.0,LYS, ,N,52.55,4.56,0.0,2.64,1.0,<Residue LYS het=  resseq=18 icode= >,3coq_A_A,2.4
80,6.164,LYS, ,CA,51.33,3.91,6.164,2.51,1.0,<Residue LYS het=  resseq=18 icode= >,3coq_A_A,2.4
81,2.331,LYS, ,C,50.82,3.83,2.331,3.31,1.0,<Residue LYS het=  resseq=18 icode= >,3coq_A_A,2.4
82,25.286,LYS, ,O,49.91,2.77,25.286,2.41,1.0,<Residue LYS het=  resseq=18 icode= >,3coq_A_A,2.4
83,11.929,LYS, ,CB,51.95,3.35,11.929,1.54,1.0,<Residue LYS het=  resseq=18 icode= >,3coq_A_A,2.4
84,12.08,LYS, ,CG,51.22,3.31,11.738,1.40,1.0,<Residue LYS het=  resseq=18 icode= >,3coq_A_A,2.4
85,28.368,LYS, ,CD,49.34,3.21,28.368,1.69,1.0,<Residue LYS het=  resseq=18 icode= >,3coq_A_A,2.4
86,46.227,LYS, ,CE,48.06,3.63,15.864,1.38,1.0,<Residue LYS het=  resseq=18 icode= >,3coq_A_A,2.4
87,47.634,LYS, ,NZ,48.6,2.63,39.977,1.10,1.0,<Residue LYS het=  resseq=18 icode= >,3coq_A_A,2.4
88,0.0,LEU, ,N,50.31,4.62,0.0,2.75,1.0,<Residue LEU het=  resseq=19 icode= >,3coq_A_A,2.4
89,6.095,LEU, ,CA,51.74,4.22,4.187,1.66,1.0,<Residue LEU het=  resseq=19 icode= >,3coq_A_A,2.4
90,2.649,LEU, ,C,52.5,3.65,2.649,2.49,1.0,<Residue LEU het=  resseq=19 icode= >,3coq_A_A,2.4
91,8.341,LEU, ,O,53.23,3.92,7.117,1.63,1.0,<Residue LEU het=  resseq=19 icode= >,3coq_A_A,2.4
92,13.676,LEU, ,CB,51.41,5.52,0.0,0.75,1.0,<Residue LEU het=  resseq=19 icode= >,3coq_A_A,2.4
93,0.0,LEU, ,CG,50.03,4.88,0.0,1.66,1.0,<Residue LEU het=  resseq=19 icode= >,3coq_A_A,2.4
94,1.742,LEU, ,CD1,46.53,6.09,0.0,0.57,1.0,<Residue LEU het=  resseq=19 icode= >,3coq_A_A,2.4
95,48.254,LEU, ,CD2,50.71,4.08,23.316,0.18,1.0,<Residue LEU het=  resseq=19 icode= >,3coq_A_A,2.4
96,6.579,LYS, ,N,52.35,3.53,4.382,2.49,1.0,<Residue LYS het=  resseq=20 icode= >,3coq_A_A,2.4
97,10.638,LYS, ,CA,51.37,3.65,10.638,3.25,1.0,<Residue LYS het=  resseq=20 icode= >,3coq_A_A,2.4
98,0.0,LYS, ,C,50.6,3.70,0.0,3.79,1.0,<Residue LYS het=  resseq=20 icode= >,3coq_A_A,2.4
99,12.823,LYS, ,O,50.76,4.85,0.0,2.08,1.0,<Residue LYS het=  resseq=20 icode= >,3coq_A_A,2.4
100,23.976,LYS, ,CB,50.94,4.00,9.716,1.76,1.0,<Residue LYS het=  resseq=20 icode= >,3coq_A_A,2.4
101,8.383,LYS, ,CG,51.8,4.06,5.454,1.48,1.0,<Residue LYS het=  resseq=20 icode= >,3coq_A_A,2.4
102,33.159,LYS, ,CD,53.66,3.07,26.508,1.27,1.0,<Residue LYS het=  resseq=20 icode= >,3coq_A_A,2.4
103,49.924,LYS, ,CE,52.33,4.00,7.567,0.56,1.0,<Residue LYS het=  resseq=20 icode= >,3coq_A_A,2.4
104,43.11,LYS, ,NZ,52.52,5.04,0.0,0.41,1.0,<Residue LYS het=  resseq=20 icode= >,3coq_A_A,2.4
105,3.677,CYS, ,N,50.03,2.84,3.677,2.46,1.0,<Residue CYS het=  resseq=21 icode= >,3coq_A_A,2.4
106,0.0,CYS, ,CA,51.48,3.76,0.0,2.81,1.0,<Residue CYS het=  resseq=21 icode= >,3coq_A_A,2.4
107,0.34,CYS, ,C,53.85,4.40,0.0,1.78,1.0,<Residue CYS het=  resseq=21 icode= >,3coq_A_A,2.4
108,4.905,CYS, ,O,52.78,3.98,0.001,1.35,1.0,<Residue CYS het=  resseq=21 icode= >,3coq_A_A,2.4
109,0.011,CYS, ,CB,50.15,3.70,0.011,2.18,1.0,<Residue CYS het=  resseq=21 icode= >,3coq_A_A,2.4
110,0.0,CYS, ,SG,48.53,5.42,0.0,5.39,1.0,<Residue CYS het=  resseq=21 icode= >,3coq_A_A,2.4
111,1.668,SER, ,N,56.5,5.75,0.0,1.82,1.0,<Residue SER het=  resseq=22 icode= >,3coq_A_A,2.4
112,11.479,SER, ,CA,60.14,6.70,0.0,2.02,1.0,<Residue SER het=  resseq=22 icode= >,3coq_A_A,2.4
113,0.0,SER, ,C,62.84,6.85,0.0,2.16,1.0,<Residue SER het=  resseq=22 icode= >,3coq_A_A,2.4
114,23.103,SER, ,O,63.49,7.32,0.0,1.25,1.0,<Residue SER het=  resseq=22 icode= >,3coq_A_A,2.4
115,21.288,SER, ,CB,59.79,8.11,0.0,1.13,1.0,<Residue SER het=  resseq=22 icode= >,3coq_A_A,2.4
116,0.0,SER, ,OG,59.82,8.90,0.0,1.00,1.0,<Residue SER het=  resseq=22 icode= >,3coq_A_A,2.4
117,0.0,LYS, ,N,65.5,6.78,0.0,1.85,1.0,<Residue LYS het=  resseq=23 icode= >,3coq_A_A,2.4
118,0.0,LYS, ,CA,67.79,7.23,0.0,1.32,1.0,<Residue LYS het=  resseq=23 icode= >,3coq_A_A,2.4
119,1.768,LYS, ,C,69.32,8.79,0.0,1.57,1.0,<Residue LYS het=  resseq=23 icode= >,3coq_A_A,2.4
120,7.91,LYS, ,O,69.65,9.44,0.0,1.21,1.0,<Residue LYS het=  resseq=23 icode= >,3coq_A_A,2.4
121,13.582,LYS, ,CB,67.65,6.66,0.0,1.23,1.0,<Residue LYS het=  resseq=23 icode= >,3coq_A_A,2.4
122,0.0,LYS, ,CG,67.63,5.22,0.0,1.47,1.0,<Residue LYS het=  resseq=23 icode= >,3coq_A_A,2.4
123,9.87,LYS, ,CD,67.28,4.97,0.0,1.40,1.0,<Residue LYS het=  resseq=23 icode= >,3coq_A_A,2.4
124,14.825,LYS, ,CE,67.37,3.57,9.027,1.22,1.0,<Residue LYS het=  resseq=23 icode= >,3coq_A_A,2.4
125,25.062,LYS, ,NZ,69.3,3.27,14.293,0.54,1.0,<Residue LYS het=  resseq=23 icode= >,3coq_A_A,2.4
126,0.336,GLU, ,N,70.77,9.51,0.0,1.86,1.0,<Residue GLU het=  resseq=24 icode= >,3coq_A_A,2.4
127,10.387,GLU, ,CA,72.41,10.97,0.0,1.57,1.0,<Residue GLU het=  resseq=24 icode= >,3coq_A_A,2.4
128,0.0,GLU, ,C,73.41,11.62,0.0,1.73,1.0,<Residue GLU het=  resseq=24 icode= >,3coq_A_A,2.4
129,0.0,GLU, ,O,73.87,11.25,0.0,1.06,1.0,<Residue GLU het=  resseq=24 icode= >,3coq_A_A,2.4
130,23.673,GLU, ,CB,72.35,11.74,0.0,0.69,1.0,<Residue GLU het=  resseq=24 icode= >,3coq_A_A,2.4
131,6.061,GLU, ,CG,72.64,11.87,0.0,0.80,1.0,<Residue GLU het=  resseq=24 icode= >,3coq_A_A,2.4
132,7.789,GLU, ,CD,72.19,12.06,0.0,1.43,1.0,<Residue GLU het=  resseq=24 icode= >,3coq_A_A,2.4
133,28.883,GLU, ,OE1,72.08,11.94,0.0,1.12,1.0,<Residue GLU het=  resseq=24 icode= >,3coq_A_A,2.4
134,17.539,GLU, ,OE2,71.26,12.51,0.0,0.78,1.0,<Residue GLU het=  resseq=24 icode= >,3coq_A_A,2.4
135,6.194,LYS, ,N,74.21,12.72,0.0,1.68,1.0,<Residue LYS het=  resseq=25 icode= >,3coq_A_A,2.4
136,0.0,LYS, ,CA,74.87,13.56,0.0,1.60,1.0,<Residue LYS het=  resseq=25 icode= >,3coq_A_A,2.4
137,1.951,LYS, ,C,75.08,14.89,0.0,1.95,1.0,<Residue LYS het=  resseq=25 icode= >,3coq_A_A,2.4
138,25.781,LYS, ,O,75.04,15.35,0.0,1.22,1.0,<Residue LYS het=  resseq=25 icode= >,3coq_A_A,2.4
139,19.793,LYS, ,CB,75.08,13.41,0.0,0.47,1.0,<Residue LYS het=  resseq=25 icode= >,3coq_A_A,2.4
140,3.867,LYS, ,CG,75.17,11.88,0.0,0.35,1.0,<Residue LYS het=  resseq=25 icode= >,3coq_A_A,2.4
141,15.806,LYS, ,CD,74.88,11.63,0.0,0.58,1.0,<Residue LYS het=  resseq=25 icode= >,3coq_A_A,2.4
142,45.637,LYS, ,CE,74.14,11.65,0.0,0.46,1.0,<Residue LYS het=  resseq=25 icode= >,3coq_A_A,2.4
143,45.793,LYS, ,NZ,71.46,13.05,0.0,0.77,1.0,<Residue LYS het=  resseq=25 icode= >,3coq_A_A,2.4
144,0.402,PRO, ,N,75.51,15.61,0.0,1.67,1.0,<Residue PRO het=  resseq=26 icode= >,3coq_A_A,2.4
145,5.566,PRO, ,CA,75.85,15.28,0.0,1.08,1.0,<Residue PRO het=  resseq=26 icode= >,3coq_A_A,2.4
146,0.507,PRO, ,C,76.18,14.69,0.0,1.22,1.0,<Residue PRO het=  resseq=26 icode= >,3coq_A_A,2.4
147,4.116,PRO, ,O,76.12,13.76,0.0,0.29,1.0,<Residue PRO het=  resseq=26 icode= >,3coq_A_A,2.4
148,36.978,PRO, ,CB,75.7,16.58,0.0,0.93,1.0,<Residue PRO het=  resseq=26 icode= >,3coq_A_A,2.4
149,35.045,PRO, ,CG,75.69,17.63,0.0,0.41,1.0,<Residue PRO het=  resseq=26 icode= >,3coq_A_A,2.4
150,31.557,PRO, ,CD,75.36,16.86,0.0,0.79,1.0,<Residue PRO het=  resseq=26 icode= >,3coq_A_A,2.4
151,0.007,LYS, ,N,76.47,14.89,0.0,1.42,1.0,<Residue LYS het=  resseq=27 icode= >,3coq_A_A,2.4
152,0.0,LYS, ,CA,76.87,14.25,0.0,1.33,1.0,<Residue LYS het=  resseq=27 icode= >,3coq_A_A,2.4
153,0.0,LYS, ,C,77.11,13.16,0.0,1.27,1.0,<Residue LYS het=  resseq=27 icode= >,3coq_A_A,2.4
154,4.93,LYS, ,O,77.23,13.47,0.0,0.68,1.0,<Residue LYS het=  resseq=27 icode= >,3coq_A_A,2.4
155,3.073,LYS, ,CB,77.05,15.40,0.0,0.95,1.0,<Residue LYS het=  resseq=27 icode= >,3coq_A_A,2.4
156,10.475,LYS, ,CG,77.23,16.48,0.0,0.29,1.0,<Residue LYS het=  resseq=27 icode= >,3coq_A_A,2.4
157,26.362,LYS, ,CD,76.79,17.76,0.0,-0.12,1.0,<Residue LYS het=  resseq=27 icode= >,3coq_A_A,2.4
158,26.321,LYS, ,CE,76.31,17.76,0.0,0.45,1.0,<Residue LYS het=  resseq=27 icode= >,3coq_A_A,2.4
159,1.296,LYS, ,NZ,75.28,16.66,0.0,0.86,1.0,<Residue LYS het=  resseq=27 icode= >,3coq_A_A,2.4
160,0.0,CYS, ,N,76.67,12.01,0.0,1.01,1.0,<Residue CYS het=  resseq=28 icode= >,3coq_A_A,2.4
161,0.0,CYS, ,CA,75.98,10.98,0.0,2.15,1.0,<Residue CYS het=  resseq=28 icode= >,3coq_A_A,2.4
162,0.0,CYS, ,C,76.26,11.18,0.0,2.04,1.0,<Residue CYS het=  resseq=28 icode= >,3coq_A_A,2.4
163,0.0,CYS, ,O,76.34,11.95,0.0,1.81,1.0,<Residue CYS het=  resseq=28 icode= >,3coq_A_A,2.4
164,0.0,CYS, ,CB,75.78,9.57,0.0,1.95,1.0,<Residue CYS het=  resseq=28 icode= >,3coq_A_A,2.4
165,0.0,CYS, ,SG,72.74,9.20,0.0,3.76,1.0,<Residue CYS het=  resseq=28 icode= >,3coq_A_A,2.4
166,0.0,ALA, ,N,76.26,10.72,0.0,2.08,1.0,<Residue ALA het=  resseq=29 icode= >,3coq_A_A,2.4
167,9.253,ALA, ,CA,75.88,10.95,0.0,1.98,1.0,<Residue ALA het=  resseq=29 icode= >,3coq_A_A,2.4
168,0.0,ALA, ,C,75.42,11.68,0.0,2.19,1.0,<Residue ALA het=  resseq=29 icode= >,3coq_A_A,2.4
169,0.956,ALA, ,O,75.61,12.76,0.0,1.52,1.0,<Residue ALA het=  resseq=29 icode= >,3coq_A_A,2.4
170,29.439,ALA, ,CB,76.32,9.72,0.0,0.80,1.0,<Residue ALA het=  resseq=29 icode= >,3coq_A_A,2.4
171,0.584,LYS, ,N,74.9,11.07,0.0,1.88,1.0,<Residue LYS het=  resseq=30 icode= >,3coq_A_A,2.4
172,0.0,LYS, ,CA,74.24,10.08,0.0,2.05,1.0,<Residue LYS het=  resseq=30 icode= >,3coq_A_A,2.4
173,0.0,LYS, ,C,73.74,10.77,0.0,2.09,1.0,<Residue LYS het=  resseq=30 icode= >,3coq_A_A,2.4
174,0.0,LYS, ,O,74.67,10.79,0.0,0.71,1.0,<Residue LYS het=  resseq=30 icode= >,3coq_A_A,2.4
175,0.901,LYS, ,CB,74.5,9.01,0.0,1.00,1.0,<Residue LYS het=  resseq=30 icode= >,3coq_A_A,2.4
176,13.297,LYS, ,CG,74.9,7.86,0.0,0.77,1.0,<Residue LYS het=  resseq=30 icode= >,3coq_A_A,2.4
177,0.592,LYS, ,CD,74.38,6.51,0.0,1.01,1.0,<Residue LYS het=  resseq=30 icode= >,3coq_A_A,2.4
178,23.185,LYS, ,CE,74.96,5.31,7.196,0.78,1.0,<Residue LYS het=  resseq=30 icode= >,3coq_A_A,2.4
179,41.816,LYS, ,NZ,72.48,5.77,0.0,0.65,1.0,<Residue LYS het=  resseq=30 icode= >,3coq_A_A,2.4
180,0.0,CYS, ,N,72.75,11.55,0.0,1.59,1.0,<Residue CYS het=  resseq=31 icode= >,3coq_A_A,2.4
181,0.0,CYS, ,CA,71.62,12.33,0.0,1.39,1.0,<Residue CYS het=  resseq=31 icode= >,3coq_A_A,2.4
182,0.0,CYS, ,C,71.79,13.28,0.0,2.00,1.0,<Residue CYS het=  resseq=31 icode= >,3coq_A_A,2.4
183,0.0,CYS, ,O,71.07,13.71,0.0,1.80,1.0,<Residue CYS het=  resseq=31 icode= >,3coq_A_A,2.4
184,0.0,CYS, ,CB,71.33,12.59,0.0,0.78,1.0,<Residue CYS het=  resseq=31 icode= >,3coq_A_A,2.4
185,0.102,CYS, ,SG,67.96,11.64,0.0,3.25,1.0,<Residue CYS het=  resseq=31 icode= >,3coq_A_A,2.4
186,0.0,LEU, ,N,71.76,13.74,0.0,2.16,1.0,<Residue LEU het=  resseq=32 icode= >,3coq_A_A,2.4
187,0.0,LEU, ,CA,72.52,14.63,0.0,1.70,1.0,<Residue LEU het=  resseq=32 icode= >,3coq_A_A,2.4
188,0.525,LEU, ,C,73.12,13.92,0.0,2.29,1.0,<Residue LEU het=  resseq=32 icode= >,3coq_A_A,2.4
189,6.913,LEU, ,O,72.64,14.37,0.0,1.65,1.0,<Residue LEU het=  resseq=32 icode= >,3coq_A_A,2.4
190,3.663,LEU, ,CB,72.66,15.48,0.0,1.07,1.0,<Residue LEU het=  resseq=32 icode= >,3coq_A_A,2.4
191,10.039,LEU, ,CG,71.81,16.89,0.0,0.64,1.0,<Residue LEU het=  resseq=32 icode= >,3coq_A_A,2.4
192,30.075,LEU, ,CD1,69.38,17.58,0.0,0.54,1.0,<Residue LEU het=  resseq=32 icode= >,3coq_A_A,2.4
193,55.643,LEU, ,CD2,72.05,16.89,0.0,0.07,1.0,<Residue LEU het=  resseq=32 icode= >,3coq_A_A,2.4
194,0.289,LYS, ,N,73.75,12.92,0.0,2.17,1.0,<Residue LYS het=  resseq=33 icode= >,3coq_A_A,2.4
195,11.372,LYS, ,CA,74.3,12.26,0.0,2.48,1.0,<Residue LYS het=  resseq=33 icode= >,3coq_A_A,2.4
196,2.852,LYS, ,C,74.91,11.86,0.0,3.00,1.0,<Residue LYS het=  resseq=33 icode= >,3coq_A_A,2.4
197,17.552,LYS, ,O,74.92,12.68,0.0,1.09,1.0,<Residue LYS het=  resseq=33 icode= >,3coq_A_A,2.4
198,0.0,LYS, ,CB,73.85,11.14,0.0,1.88,1.0,<Residue LYS het=  resseq=33 icode= >,3coq_A_A,2.4
199,18.019,LYS, ,CG,73.57,11.72,0.0,0.96,1.0,<Residue LYS het=  resseq=33 icode= >,3coq_A_A,2.4
200,30.814,LYS, ,CD,72.99,10.96,0.0,0.67,1.0,<Residue LYS het=  resseq=33 icode= >,3coq_A_A,2.4
201,29.418,LYS, ,CE,72.74,10.52,0.0,0.68,1.0,<Residue LYS het=  resseq=33 icode= >,3coq_A_A,2.4
202,48.823,LYS, ,NZ,72.98,11.02,0.0,0.50,1.0,<Residue LYS het=  resseq=33 icode= >,3coq_A_A,2.4
203,0.038,ASN, ,N,76.1,10.74,0.0,2.25,1.0,<Residue ASN het=  resseq=34 icode= >,3coq_A_A,2.4
204,6.269,ASN, ,CA,77.26,10.40,0.0,1.89,1.0,<Residue ASN het=  resseq=34 icode= >,3coq_A_A,2.4
205,2.176,ASN, ,C,77.5,11.53,0.0,2.19,1.0,<Residue ASN het=  resseq=34 icode= >,3coq_A_A,2.4
206,12.518,ASN, ,O,77.05,11.51,0.0,1.93,1.0,<Residue ASN het=  resseq=34 icode= >,3coq_A_A,2.4
207,1.309,ASN, ,CB,77.95,9.09,0.0,0.75,1.0,<Residue ASN het=  resseq=34 icode= >,3coq_A_A,2.4
208,0.368,ASN, ,CG,79.11,7.90,0.0,0.77,1.0,<Residue ASN het=  resseq=34 icode= >,3coq_A_A,2.4
209,9.884,ASN, ,OD1,77.93,7.16,0.0,0.32,1.0,<Residue ASN het=  resseq=34 icode= >,3coq_A_A,2.4
210,51.661,ASN, ,ND2,79.15,7.95,0.0,-0.02,1.0,<Residue ASN het=  resseq=34 icode= >,3coq_A_A,2.4
211,0.0,ASN, ,N,78.28,12.65,0.0,2.29,1.0,<Residue ASN het=  resseq=35 icode= >,3coq_A_A,2.4
212,0.0,ASN, ,CA,79.21,13.90,0.0,2.06,1.0,<Residue ASN het=  resseq=35 icode= >,3coq_A_A,2.4
213,0.315,ASN, ,C,80.15,13.68,0.0,1.68,1.0,<Residue ASN het=  resseq=35 icode= >,3coq_A_A,2.4
214,17.775,ASN, ,O,80.33,13.90,0.0,1.32,1.0,<Residue ASN het=  resseq=35 icode= >,3coq_A_A,2.4
215,19.334,ASN, ,CB,79.33,14.66,0.0,0.71,1.0,<Residue ASN het=  resseq=35 icode= >,3coq_A_A,2.4
216,6.554,ASN, ,CG,78.93,16.14,0.0,0.64,1.0,<Residue ASN het=  resseq=35 icode= >,3coq_A_A,2.4
217,22.418,ASN, ,OD1,77.89,16.61,0.0,0.57,1.0,<Residue ASN het=  resseq=35 icode= >,3coq_A_A,2.4
218,58.121,ASN, ,ND2,77.13,16.98,0.0,0.09,1.0,<Residue ASN het=  resseq=35 icode= >,3coq_A_A,2.4
219,0.0,TRP, ,N,81.07,13.38,0.0,1.24,1.0,<Residue TRP het=  resseq=36 icode= >,3coq_A_A,2.4
220,0.508,TRP, ,CA,81.79,13.06,0.0,1.44,1.0,<Residue TRP het=  resseq=36 icode= >,3coq_A_A,2.4
221,3.003,TRP, ,C,81.5,13.95,0.0,1.51,1.0,<Residue TRP het=  resseq=36 icode= >,3coq_A_A,2.4
222,0.191,TRP, ,O,81.34,14.89,0.0,1.10,1.0,<Residue TRP het=  resseq=36 icode= >,3coq_A_A,2.4
223,0.054,TRP, ,CB,82.84,11.72,0.0,0.91,1.0,<Residue TRP het=  resseq=36 icode= >,3coq_A_A,2.4
224,0.049,TRP, ,CG,84.83,10.56,0.0,1.54,1.0,<Residue TRP het=  resseq=36 icode= >,3coq_A_A,2.4
225,17.466,TRP, ,CD1,86.21,10.68,0.0,1.18,1.0,<Residue TRP het=  resseq=36 icode= >,3coq_A_A,2.4
226,0.111,TRP, ,CD2,85.89,9.25,0.0,1.76,1.0,<Residue TRP het=  resseq=36 icode= >,3coq_A_A,2.4
227,27.467,TRP, ,NE1,87.6,9.57,0.0,0.52,1.0,<Residue TRP het=  resseq=36 icode= >,3coq_A_A,2.4
228,3.074,TRP, ,CE2,86.37,8.59,0.0,1.47,1.0,<Residue TRP het=  resseq=36 icode= >,3coq_A_A,2.4
229,0.0,TRP, ,CE3,86.0,8.47,0.0,0.93,1.0,<Residue TRP het=  resseq=36 icode= >,3coq_A_A,2.4
230,26.59,TRP, ,CZ2,85.43,7.33,0.0,0.79,1.0,<Residue TRP het=  resseq=36 icode= >,3coq_A_A,2.4
231,0.048,TRP, ,CZ3,85.39,7.08,0.0,0.93,1.0,<Residue TRP het=  resseq=36 icode= >,3coq_A_A,2.4
232,15.342,TRP, ,CH2,85.05,6.67,0.0,1.11,1.0,<Residue TRP het=  resseq=36 icode= >,3coq_A_A,2.4
233,3.596,GLU, ,N,81.1,13.78,0.0,1.37,1.0,<Residue GLU het=  resseq=37 icode= >,3coq_A_A,2.4
234,8.973,GLU, ,CA,80.36,14.70,0.0,1.45,1.0,<Residue GLU het=  resseq=37 icode= >,3coq_A_A,2.4
235,0.484,GLU, ,C,80.04,14.54,0.0,1.09,1.0,<Residue GLU het=  resseq=37 icode= >,3coq_A_A,2.4
236,0.0,GLU, ,O,80.19,14.05,0.0,0.48,1.0,<Residue GLU het=  resseq=37 icode= >,3coq_A_A,2.4
237,22.412,GLU, ,CB,80.75,14.65,0.0,1.14,1.0,<Residue GLU het=  resseq=37 icode= >,3coq_A_A,2.4
238,29.214,GLU, ,CG,82.33,15.90,0.0,0.31,1.0,<Residue GLU het=  resseq=37 icode= >,3coq_A_A,2.4
239,8.026,GLU, ,CD,84.18,15.70,0.0,0.89,1.0,<Residue GLU het=  resseq=37 icode= >,3coq_A_A,2.4
240,12.903,GLU, ,OE1,80.27,15.11,0.0,0.85,1.0,<Residue GLU het=  resseq=37 icode= >,3coq_A_A,2.4
241,42.084,GLU, ,OE2,86.29,16.27,0.0,0.48,1.0,<Residue GLU het=  resseq=37 icode= >,3coq_A_A,2.4
242,4.678,CYS, ,N,78.61,14.56,0.0,1.26,1.0,<Residue CYS het=  resseq=38 icode= >,3coq_A_A,2.4
243,0.0,CYS, ,CA,78.34,13.16,0.0,2.14,1.0,<Residue CYS het=  resseq=38 icode= >,3coq_A_A,2.4
244,0.02,CYS, ,C,77.7,12.60,0.0,1.38,1.0,<Residue CYS het=  resseq=38 icode= >,3coq_A_A,2.4
245,12.688,CYS, ,O,77.38,13.05,0.0,1.00,1.0,<Residue CYS het=  resseq=38 icode= >,3coq_A_A,2.4
246,0.071,CYS, ,CB,78.12,13.24,0.0,1.61,1.0,<Residue CYS het=  resseq=38 icode= >,3coq_A_A,2.4
247,0.0,CYS, ,SG,76.24,11.74,0.0,3.29,1.0,<Residue CYS het=  resseq=38 icode= >,3coq_A_A,2.4
248,0.0,ARG, ,N,77.09,11.77,0.0,0.58,1.0,<Residue ARG het=  resseq=39 icode= >,3coq_A_A,2.4
249,0.599,ARG, ,CA,76.31,11.33,0.0,1.53,1.0,<Residue ARG het=  resseq=39 icode= >,3coq_A_A,2.4
250,0.0,ARG, ,C,74.03,9.86,0.0,2.31,1.0,<Residue ARG het=  resseq=39 icode= >,3coq_A_A,2.4
251,0.0,ARG, ,O,73.75,9.01,0.0,1.27,1.0,<Residue ARG het=  resseq=39 icode= >,3coq_A_A,2.4
252,1.245,ARG, ,CB,76.26,12.12,0.0,1.23,1.0,<Residue ARG het=  resseq=39 icode= >,3coq_A_A,2.4
253,25.18,ARG, ,CG,78.42,13.60,0.0,0.71,1.0,<Residue ARG het=  resseq=39 icode= >,3coq_A_A,2.4
254,22.03,ARG, ,CD,78.54,14.71,0.0,0.52,1.0,<Residue ARG het=  resseq=39 icode= >,3coq_A_A,2.4
255,18.093,ARG, ,NE,83.36,14.61,0.0,0.99,1.0,<Residue ARG het=  resseq=39 icode= >,3coq_A_A,2.4
256,3.038,ARG, ,CZ,86.35,14.01,0.0,0.45,1.0,<Residue ARG het=  resseq=39 icode= >,3coq_A_A,2.4
257,11.437,ARG, ,NH1,86.77,13.36,0.0,0.32,1.0,<Residue ARG het=  resseq=39 icode= >,3coq_A_A,2.4
258,47.451,ARG, ,NH2,87.29,14.20,0.0,-0.09,1.0,<Residue ARG het=  resseq=39 icode= >,3coq_A_A,2.4
259,4.396,TYR, ,N,72.32,9.75,0.0,2.00,1.0,<Residue TYR het=  resseq=40 icode= >,3coq_A_A,2.4
260,0.0,TYR, ,CA,71.11,8.63,0.0,1.73,1.0,<Residue TYR het=  resseq=40 icode= >,3coq_A_A,2.4
261,1.218,TYR, ,C,69.75,9.01,0.0,2.80,1.0,<Residue TYR het=  resseq=40 icode= >,3coq_A_A,2.4
262,18.0,TYR, ,O,69.23,9.62,0.0,1.60,1.0,<Residue TYR het=  resseq=40 icode= >,3coq_A_A,2.4
263,16.776,TYR, ,CB,71.16,8.68,0.0,1.33,1.0,<Residue TYR het=  resseq=40 icode= >,3coq_A_A,2.4
264,0.0,TYR, ,CG,71.44,8.52,0.0,1.79,1.0,<Residue TYR het=  resseq=40 icode= >,3coq_A_A,2.4
265,6.071,TYR, ,CD1,72.12,9.72,0.0,0.83,1.0,<Residue TYR het=  resseq=40 icode= >,3coq_A_A,2.4
266,3.088,TYR, ,CD2,71.96,7.37,0.0,0.77,1.0,<Residue TYR het=  resseq=40 icode= >,3coq_A_A,2.4
267,0.0,TYR, ,CE1,72.74,9.91,0.0,0.79,1.0,<Residue TYR het=  resseq=40 icode= >,3coq_A_A,2.4
268,1.525,TYR, ,CE2,73.14,7.60,0.0,0.46,1.0,<Residue TYR het=  resseq=40 icode= >,3coq_A_A,2.4
269,0.0,TYR, ,CZ,73.16,8.94,0.0,0.94,1.0,<Residue TYR het=  resseq=40 icode= >,3coq_A_A,2.4
270,0.0,TYR, ,OH,72.11,9.00,0.0,1.15,1.0,<Residue TYR het=  resseq=40 icode= >,3coq_A_A,2.4
271,0.0,SER, ,N,68.63,8.93,0.0,2.79,1.0,<Residue SER het=  resseq=41 icode= >,3coq_A_A,2.4
272,2.77,SER, ,CA,69.79,9.65,0.0,2.91,1.0,<Residue SER het=  resseq=41 icode= >,3coq_A_A,2.4
273,0.0,SER, ,C,69.27,9.22,0.0,2.63,1.0,<Residue SER het=  resseq=41 icode= >,3coq_A_A,2.4
274,0.059,SER, ,O,68.44,8.06,0.0,1.86,1.0,<Residue SER het=  resseq=41 icode= >,3coq_A_A,2.4
275,24.633,SER, ,CB,70.48,9.91,0.0,1.47,1.0,<Residue SER het=  resseq=41 icode= >,3coq_A_A,2.4
276,5.117,SER, ,OG,72.73,10.82,0.0,1.08,1.0,<Residue SER het=  resseq=41 icode= >,3coq_A_A,2.4
277,0.0,PRO, ,N,69.2,10.31,0.0,2.42,1.0,<Residue PRO het=  resseq=42 icode= >,3coq_A_A,2.4
278,5.823,PRO, ,CA,68.77,10.10,0.0,2.56,1.0,<Residue PRO het=  resseq=42 icode= >,3coq_A_A,2.4
279,0.515,PRO, ,C,67.91,8.69,0.0,2.46,1.0,<Residue PRO het=  resseq=42 icode= >,3coq_A_A,2.4
280,9.733,PRO, ,O,67.1,8.29,0.0,1.83,1.0,<Residue PRO het=  resseq=42 icode= >,3coq_A_A,2.4
281,33.662,PRO, ,CB,68.52,11.19,0.0,1.87,1.0,<Residue PRO het=  resseq=42 icode= >,3coq_A_A,2.4
282,40.107,PRO, ,CG,69.72,11.87,0.0,1.56,1.0,<Residue PRO het=  resseq=42 icode= >,3coq_A_A,2.4
283,27.005,PRO, ,CD,69.46,11.72,0.0,1.76,1.0,<Residue PRO het=  resseq=42 icode= >,3coq_A_A,2.4
284,0.053,LYS, ,N,67.79,8.16,0.0,1.82,1.0,<Residue LYS het=  resseq=43 icode= >,3coq_A_A,2.4
285,4.943,LYS, ,CA,68.23,6.87,0.0,1.57,1.0,<Residue LYS het=  resseq=43 icode= >,3coq_A_A,2.4
286,2.011,LYS, ,C,66.36,6.73,0.0,1.67,1.0,<Residue LYS het=  resseq=43 icode= >,3coq_A_A,2.4
287,4.698,LYS, ,O,66.87,7.58,0.0,0.81,1.0,<Residue LYS het=  resseq=43 icode= >,3coq_A_A,2.4
288,19.388,LYS, ,CB,68.93,6.81,0.0,0.49,1.0,<Residue LYS het=  resseq=43 icode= >,3coq_A_A,2.4
289,12.314,LYS, ,CG,69.72,8.17,0.0,1.07,1.0,<Residue LYS het=  resseq=43 icode= >,3coq_A_A,2.4
290,33.896,LYS, ,CD,70.86,8.28,0.0,0.15,1.0,<Residue LYS het=  resseq=43 icode= >,3coq_A_A,2.4
291,39.403,LYS, ,CE,74.56,7.92,0.0,-0.37,1.0,<Residue LYS het=  resseq=43 icode= >,3coq_A_A,2.4
292,38.179,LYS, ,NZ,69.28,8.76,0.0,0.17,1.0,<Residue LYS het=  resseq=43 icode= >,3coq_A_A,2.4
293,2.87,THR, ,N,63.26,5.97,0.0,2.09,1.0,<Residue THR het=  resseq=44 icode= >,3coq_A_A,2.4
294,6.991,THR, ,CA,60.97,6.42,0.0,2.06,1.0,<Residue THR het=  resseq=44 icode= >,3coq_A_A,2.4
295,0.569,THR, ,C,59.61,6.28,0.0,2.74,1.0,<Residue THR het=  resseq=44 icode= >,3coq_A_A,2.4
296,8.098,THR, ,O,57.75,5.28,1.159,1.92,1.0,<Residue THR het=  resseq=44 icode= >,3coq_A_A,2.4
297,13.015,THR, ,CB,63.05,6.23,0.0,1.72,1.0,<Residue THR het=  resseq=44 icode= >,3coq_A_A,2.4
298,33.095,THR, ,OG1,68.27,7.10,0.0,0.93,1.0,<Residue THR het=  resseq=44 icode= >,3coq_A_A,2.4
299,52.584,THR, ,CG2,62.6,4.77,11.759,0.90,1.0,<Residue THR het=  resseq=44 icode= >,3coq_A_A,2.4
300,8.459,LYS, ,N,55.93,7.50,0.0,2.92,1.0,<Residue LYS het=  resseq=45 icode= >,3coq_A_A,2.4
301,1.008,LYS, ,CA,55.74,7.80,0.0,2.39,1.0,<Residue LYS het=  resseq=45 icode= >,3coq_A_A,2.4
302,1.551,LYS, ,C,51.63,8.05,0.0,3.19,1.0,<Residue LYS het=  resseq=45 icode= >,3coq_A_A,2.4
303,30.858,LYS, ,O,50.84,8.54,0.0,2.24,1.0,<Residue LYS het=  resseq=45 icode= >,3coq_A_A,2.4
304,24.359,LYS, ,CB,56.27,8.97,0.0,1.49,1.0,<Residue LYS het=  resseq=45 icode= >,3coq_A_A,2.4
305,25.419,LYS, ,CG,62.72,8.47,0.0,0.64,1.0,<Residue LYS het=  resseq=45 icode= >,3coq_A_A,2.4
306,12.164,LYS, ,CD,65.61,8.75,0.0,0.91,1.0,<Residue LYS het=  resseq=45 icode= >,3coq_A_A,2.4
307,33.065,LYS, ,CE,70.04,9.16,0.0,0.52,1.0,<Residue LYS het=  resseq=45 icode= >,3coq_A_A,2.4
308,44.351,LYS, ,NZ,70.16,10.35,0.0,0.12,1.0,<Residue LYS het=  resseq=45 icode= >,3coq_A_A,2.4
309,1.601,ARG, ,N,45.99,7.05,0.0,3.22,1.0,<Residue ARG het=  resseq=46 icode= >,3coq_A_A,2.4
310,8.322,ARG, ,CA,40.89,6.51,0.071,3.45,1.0,<Residue ARG het=  resseq=46 icode= >,3coq_A_A,2.4
311,3.345,ARG, ,C,35.68,6.78,0.0,4.25,1.0,<Residue ARG het=  resseq=46 icode= >,3coq_A_A,2.4
312,14.872,ARG, ,O,33.54,7.12,0.0,2.76,1.0,<Residue ARG het=  resseq=46 icode= >,3coq_A_A,2.4
313,17.039,ARG, ,CB,40.55,5.06,11.696,2.74,1.0,<Residue ARG het=  resseq=46 icode= >,3coq_A_A,2.4
314,16.774,ARG, ,CG,44.26,5.03,5.049,1.80,1.0,<Residue ARG het=  resseq=46 icode= >,3coq_A_A,2.4
315,16.823,ARG, ,CD,53.21,4.78,3.768,1.93,1.0,<Residue ARG het=  resseq=46 icode= >,3coq_A_A,2.4
316,17.075,ARG, ,NE,59.5,4.13,14.243,2.32,1.0,<Residue ARG het=  resseq=46 icode= >,3coq_A_A,2.4
317,8.841,ARG, ,CZ,67.17,4.03,4.469,1.97,1.0,<Residue ARG het=  resseq=46 icode= >,3coq_A_A,2.4
318,49.912,ARG, ,NH1,66.61,4.57,17.879,1.30,1.0,<Residue ARG het=  resseq=46 icode= >,3coq_A_A,2.4
319,60.124,ARG, ,NH2,65.82,4.05,24.994,1.07,1.0,<Residue ARG het=  resseq=46 icode= >,3coq_A_A,2.4
320,5.737,SER, ,N,30.27,6.96,1.274,4.04,1.0,<Residue SER het=  resseq=47 icode= >,3coq_A_A,2.4
321,3.922,SER, ,CA,25.79,7.59,0.0,4.76,1.0,<Residue SER het=  resseq=47 icode= >,3coq_A_A,2.4
322,0.0,SER, ,C,24.3,6.59,0.0,5.89,1.0,<Residue SER het=  resseq=47 icode= >,3coq_A_A,2.4
323,9.17,SER, ,O,21.74,5.44,7.876,4.31,1.0,<Residue SER het=  resseq=47 icode= >,3coq_A_A,2.4
324,26.606,SER, ,CB,26.3,8.55,4.484,3.35,1.0,<Residue SER het=  resseq=47 icode= >,3coq_A_A,2.4
325,27.173,SER, ,OG,24.47,7.91,25.438,3.53,1.0,<Residue SER het=  resseq=47 icode= >,3coq_A_A,2.4
326,0.0,PRO, ,N,23.93,6.34,0.0,4.97,1.0,<Residue PRO het=  resseq=48 icode= >,3coq_A_A,2.4
327,12.01,PRO, ,CA,23.43,5.05,3.253,4.21,1.0,<Residue PRO het=  resseq=48 icode= >,3coq_A_A,2.4
328,0.083,PRO, ,C,21.48,5.43,0.083,6.55,1.0,<Residue PRO het=  resseq=48 icode= >,3coq_A_A,2.4
329,2.473,PRO, ,O,21.16,6.50,2.43,4.77,1.0,<Residue PRO het=  resseq=48 icode= >,3coq_A_A,2.4
330,15.999,PRO, ,CB,21.57,5.14,2.95,2.77,1.0,<Residue PRO het=  resseq=48 icode= >,3coq_A_A,2.4
331,30.653,PRO, ,CG,23.67,6.44,0.0,2.53,1.0,<Residue PRO het=  resseq=48 icode= >,3coq_A_A,2.4
332,18.998,PRO, ,CD,24.46,7.11,0.0,3.02,1.0,<Residue PRO het=  resseq=48 icode= >,3coq_A_A,2.4
333,7.717,LEU, ,N,19.99,4.87,5.189,5.33,1.0,<Residue LEU het=  resseq=49 icode= >,3coq_A_A,2.4
334,0.93,LEU, ,CA,19.83,5.10,0.793,4.83,1.0,<Residue LEU het=  resseq=49 icode= >,3coq_A_A,2.4
335,0.102,LEU, ,C,23.11,4.36,0.102,4.59,1.0,<Residue LEU het=  resseq=49 icode= >,3coq_A_A,2.4
336,20.687,LEU, ,O,25.86,3.36,20.077,2.66,1.0,<Residue LEU het=  resseq=49 icode= >,3coq_A_A,2.4
337,18.83,LEU, ,CB,17.94,4.72,15.442,3.48,1.0,<Residue LEU het=  resseq=49 icode= >,3coq_A_A,2.4
338,8.604,LEU, ,CG,16.36,5.05,8.519,5.32,1.0,<Residue LEU het=  resseq=49 icode= >,3coq_A_A,2.4
339,55.121,LEU, ,CD1,20.83,5.71,55.103,2.95,1.0,<Residue LEU het=  resseq=49 icode= >,3coq_A_A,2.4
340,66.079,LEU, ,CD2,17.9,3.56,58.68,2.55,1.0,<Residue LEU het=  resseq=49 icode= >,3coq_A_A,2.4
341,0.172,THR, ,N,21.3,4.57,0.036,3.67,1.0,<Residue THR het=  resseq=50 icode= >,3coq_A_A,2.4
342,6.065,THR, ,CA,21.26,3.40,6.065,5.19,1.0,<Residue THR het=  resseq=50 icode= >,3coq_A_A,2.4
343,4.734,THR, ,C,22.35,3.46,4.734,5.83,1.0,<Residue THR het=  resseq=50 icode= >,3coq_A_A,2.4
344,0.974,THR, ,O,25.24,4.62,0.974,3.41,1.0,<Residue THR het=  resseq=50 icode= >,3coq_A_A,2.4
345,9.024,THR, ,CB,21.25,3.34,5.875,5.44,1.0,<Residue THR het=  resseq=50 icode= >,3coq_A_A,2.4
346,4.019,THR, ,OG1,23.06,4.54,0.0,3.21,1.0,<Residue THR het=  resseq=50 icode= >,3coq_A_A,2.4
347,48.19,THR, ,CG2,21.71,3.31,25.419,2.22,1.0,<Residue THR het=  resseq=50 icode= >,3coq_A_A,2.4
348,9.711,ARG, ,N,20.65,2.73,9.711,4.10,1.0,<Residue ARG het=  resseq=51 icode= >,3coq_A_A,2.4
349,3.657,ARG, ,CA,18.64,3.80,3.657,4.20,1.0,<Residue ARG het=  resseq=51 icode= >,3coq_A_A,2.4
350,0.0,ARG, ,C,20.4,4.66,0.0,4.97,1.0,<Residue ARG het=  resseq=51 icode= >,3coq_A_A,2.4
351,0.0,ARG, ,O,22.61,5.89,0.0,4.11,1.0,<Residue ARG het=  resseq=51 icode= >,3coq_A_A,2.4
352,27.421,ARG, ,CB,18.39,3.37,19.311,2.78,1.0,<Residue ARG het=  resseq=51 icode= >,3coq_A_A,2.4
353,29.373,ARG, ,CG,13.77,3.46,10.002,3.36,1.0,<Residue ARG het=  resseq=51 icode= >,3coq_A_A,2.4
354,12.396,ARG, ,CD,9.82,3.74,5.123,4.31,1.0,<Residue ARG het=  resseq=51 icode= >,3coq_A_A,2.4
355,10.843,ARG, ,NE,11.92,2.83,10.843,5.13,1.0,<Residue ARG het=  resseq=51 icode= >,3coq_A_A,2.4
356,6.754,ARG, ,CZ,24.04,3.48,6.754,5.39,1.0,<Residue ARG het=  resseq=51 icode= >,3coq_A_A,2.4
357,23.607,ARG, ,NH1,19.23,4.76,20.605,2.73,1.0,<Residue ARG het=  resseq=51 icode= >,3coq_A_A,2.4
358,60.913,ARG, ,NH2,18.93,2.54,57.069,3.28,1.0,<Residue ARG het=  resseq=51 icode= >,3coq_A_A,2.4
359,0.702,ALA, ,N,20.68,4.40,0.0,3.93,1.0,<Residue ALA het=  resseq=52 icode= >,3coq_A_A,2.4
360,7.1,ALA, ,CA,18.96,5.68,0.0,4.27,1.0,<Residue ALA het=  resseq=52 icode= >,3coq_A_A,2.4
361,0.844,ALA, ,C,20.18,6.61,0.0,5.54,1.0,<Residue ALA het=  resseq=52 icode= >,3coq_A_A,2.4
362,5.992,ALA, ,O,20.76,7.82,0.0,3.90,1.0,<Residue ALA het=  resseq=52 icode= >,3coq_A_A,2.4
363,60.865,ALA, ,CB,17.98,5.69,0.018,2.32,1.0,<Residue ALA het=  resseq=52 icode= >,3coq_A_A,2.4
364,0.0,HIS, ,N,19.89,6.28,0.0,4.26,1.0,<Residue HIS het=  resseq=53 icode= >,3coq_A_A,2.4
365,2.59,HIS, ,CA,20.04,7.46,0.0,5.22,1.0,<Residue HIS het=  resseq=53 icode= >,3coq_A_A,2.4
366,0.0,HIS, ,C,21.54,8.06,0.0,6.98,1.0,<Residue HIS het=  resseq=53 icode= >,3coq_A_A,2.4
367,0.0,HIS, ,O,20.45,9.25,0.0,4.58,1.0,<Residue HIS het=  resseq=53 icode= >,3coq_A_A,2.4
368,7.464,HIS, ,CB,17.3,7.53,0.0,3.64,1.0,<Residue HIS het=  resseq=53 icode= >,3coq_A_A,2.4
369,0.0,HIS, ,CG,22.56,8.88,0.0,5.08,1.0,<Residue HIS het=  resseq=53 icode= >,3coq_A_A,2.4
370,13.311,HIS, ,ND1,20.07,10.03,0.0,4.61,1.0,<Residue HIS het=  resseq=53 icode= >,3coq_A_A,2.4
371,8.331,HIS, ,CD2,26.03,9.40,8.331,3.92,1.0,<Residue HIS het=  resseq=53 icode= >,3coq_A_A,2.4
372,25.472,HIS, ,CE1,20.55,10.98,0.0,4.54,1.0,<Residue HIS het=  resseq=53 icode= >,3coq_A_A,2.4
373,6.9,HIS, ,NE2,28.18,10.49,6.559,4.56,1.0,<Residue HIS het=  resseq=53 icode= >,3coq_A_A,2.4
374,1.123,LEU, ,N,21.54,7.47,0.903,5.03,1.0,<Residue LEU het=  resseq=54 icode= >,3coq_A_A,2.4
375,4.529,LEU, ,CA,22.44,8.39,4.529,5.08,1.0,<Residue LEU het=  resseq=54 icode= >,3coq_A_A,2.4
376,0.0,LEU, ,C,23.38,9.17,0.0,6.32,1.0,<Residue LEU het=  resseq=54 icode= >,3coq_A_A,2.4
377,0.0,LEU, ,O,25.42,10.35,0.0,4.12,1.0,<Residue LEU het=  resseq=54 icode= >,3coq_A_A,2.4
378,1.991,LEU, ,CB,21.33,7.89,1.981,3.81,1.0,<Residue LEU het=  resseq=54 icode= >,3coq_A_A,2.4
379,6.586,LEU, ,CG,23.49,8.44,6.381,4.71,1.0,<Residue LEU het=  resseq=54 icode= >,3coq_A_A,2.4
380,28.625,LEU, ,CD1,19.93,7.58,28.575,2.57,1.0,<Residue LEU het=  resseq=54 icode= >,3coq_A_A,2.4
381,29.855,LEU, ,CD2,19.68,9.86,29.855,2.13,1.0,<Residue LEU het=  resseq=54 icode= >,3coq_A_A,2.4
382,0.0,THR, ,N,23.31,8.65,0.0,3.80,1.0,<Residue THR het=  resseq=55 icode= >,3coq_A_A,2.4
383,0.032,THR, ,CA,23.58,9.35,0.0,4.20,1.0,<Residue THR het=  resseq=55 icode= >,3coq_A_A,2.4
384,0.0,THR, ,C,23.94,10.60,0.0,6.22,1.0,<Residue THR het=  resseq=55 icode= >,3coq_A_A,2.4
385,0.154,THR, ,O,23.99,11.60,0.0,4.28,1.0,<Residue THR het=  resseq=55 icode= >,3coq_A_A,2.4
386,0.754,THR, ,CB,24.31,8.60,0.0,4.13,1.0,<Residue THR het=  resseq=55 icode= >,3coq_A_A,2.4
387,5.652,THR, ,OG1,32.23,7.26,0.0,2.32,1.0,<Residue THR het=  resseq=55 icode= >,3coq_A_A,2.4
388,57.685,THR, ,CG2,15.82,9.34,0.0,2.42,1.0,<Residue THR het=  resseq=55 icode= >,3coq_A_A,2.4
389,0.205,GLU, ,N,25.87,10.33,0.0,4.52,1.0,<Residue GLU het=  resseq=56 icode= >,3coq_A_A,2.4
390,2.33,GLU, ,CA,26.79,11.50,0.0,5.10,1.0,<Residue GLU het=  resseq=56 icode= >,3coq_A_A,2.4
391,0.0,GLU, ,C,27.74,12.40,0.0,5.43,1.0,<Residue GLU het=  resseq=56 icode= >,3coq_A_A,2.4
392,0.0,GLU, ,O,29.8,13.59,0.0,3.30,1.0,<Residue GLU het=  resseq=56 icode= >,3coq_A_A,2.4
393,5.771,GLU, ,CB,30.21,11.33,0.0,2.57,1.0,<Residue GLU het=  resseq=56 icode= >,3coq_A_A,2.4
394,23.236,GLU, ,CG,32.44,12.67,0.0,2.30,1.0,<Residue GLU het=  resseq=56 icode= >,3coq_A_A,2.4
395,8.221,GLU, ,CD,49.4,13.42,0.0,2.12,1.0,<Residue GLU het=  resseq=56 icode= >,3coq_A_A,2.4
396,12.785,GLU, ,OE1,51.98,14.68,0.0,1.80,1.0,<Residue GLU het=  resseq=56 icode= >,3coq_A_A,2.4
397,36.339,GLU, ,OE2,50.41,12.83,0.0,1.18,1.0,<Residue GLU het=  resseq=56 icode= >,3coq_A_A,2.4
398,0.0,VAL, ,N,23.93,11.99,0.0,4.86,1.0,<Residue VAL het=  resseq=57 icode= >,3coq_A_A,2.4
399,0.0,VAL, ,CA,23.54,13.06,0.0,5.80,1.0,<Residue VAL het=  resseq=57 icode= >,3coq_A_A,2.4
400,0.0,VAL, ,C,25.43,13.68,0.0,5.83,1.0,<Residue VAL het=  resseq=57 icode= >,3coq_A_A,2.4
401,0.0,VAL, ,O,24.56,14.89,0.0,4.17,1.0,<Residue VAL het=  resseq=57 icode= >,3coq_A_A,2.4
402,0.737,VAL, ,CB,24.17,12.71,0.737,5.09,1.0,<Residue VAL het=  resseq=57 icode= >,3coq_A_A,2.4
403,42.782,VAL, ,CG1,24.29,13.79,42.782,2.96,1.0,<Residue VAL het=  resseq=57 icode= >,3coq_A_A,2.4
404,22.63,VAL, ,CG2,17.93,12.60,12.577,2.45,1.0,<Residue VAL het=  resseq=57 icode= >,3coq_A_A,2.4
405,0.0,GLU, ,N,25.04,12.92,0.0,4.07,1.0,<Residue GLU het=  resseq=58 icode= >,3coq_A_A,2.4
406,0.406,GLU, ,CA,26.38,13.30,0.304,4.27,1.0,<Residue GLU het=  resseq=58 icode= >,3coq_A_A,2.4
407,1.465,GLU, ,C,26.58,14.14,0.0,5.78,1.0,<Residue GLU het=  resseq=58 icode= >,3coq_A_A,2.4
408,0.604,GLU, ,O,26.5,15.12,0.0,4.51,1.0,<Residue GLU het=  resseq=58 icode= >,3coq_A_A,2.4
409,17.361,GLU, ,CB,25.05,12.22,0.0,2.56,1.0,<Residue GLU het=  resseq=58 icode= >,3coq_A_A,2.4
410,13.947,GLU, ,CG,24.94,11.49,10.61,2.25,1.0,<Residue GLU het=  resseq=58 icode= >,3coq_A_A,2.4
411,7.24,GLU, ,CD,32.36,10.23,1.32,4.01,1.0,<Residue GLU het=  resseq=58 icode= >,3coq_A_A,2.4
412,20.132,GLU, ,OE1,42.73,9.82,19.515,2.10,1.0,<Residue GLU het=  resseq=58 icode= >,3coq_A_A,2.4
413,24.393,GLU, ,OE2,39.61,9.61,4.555,2.73,1.0,<Residue GLU het=  resseq=58 icode= >,3coq_A_A,2.4
414,0.014,SER, ,N,26.16,14.05,0.0,4.20,1.0,<Residue SER het=  resseq=59 icode= >,3coq_A_A,2.4
415,4.091,SER, ,CA,26.1,15.08,0.0,5.72,1.0,<Residue SER het=  resseq=59 icode= >,3coq_A_A,2.4
416,0.0,SER, ,C,27.14,16.39,0.0,5.20,1.0,<Residue SER het=  resseq=59 icode= >,3coq_A_A,2.4
417,0.227,SER, ,O,29.98,17.40,0.0,3.00,1.0,<Residue SER het=  resseq=59 icode= >,3coq_A_A,2.4
418,10.223,SER, ,CB,26.44,14.92,0.0,3.73,1.0,<Residue SER het=  resseq=59 icode= >,3coq_A_A,2.4
419,21.478,SER, ,OG,32.61,13.75,0.0,2.50,1.0,<Residue SER het=  resseq=59 icode= >,3coq_A_A,2.4
420,0.0,ARG, ,N,23.66,16.39,0.0,4.26,1.0,<Residue ARG het=  resseq=60 icode= >,3coq_A_A,2.4
421,0.632,ARG, ,CA,24.0,17.58,0.632,4.49,1.0,<Residue ARG het=  resseq=60 icode= >,3coq_A_A,2.4
422,0.152,ARG, ,C,24.84,18.40,0.152,6.33,1.0,<Residue ARG het=  resseq=60 icode= >,3coq_A_A,2.4
423,0.8,ARG, ,O,24.86,19.50,0.8,3.24,1.0,<Residue ARG het=  resseq=60 icode= >,3coq_A_A,2.4
424,17.646,ARG, ,CB,25.23,17.41,17.646,2.41,1.0,<Residue ARG het=  resseq=60 icode= >,3coq_A_A,2.4
425,5.208,ARG, ,CG,25.78,16.99,5.202,2.74,1.0,<Residue ARG het=  resseq=60 icode= >,3coq_A_A,2.4
426,18.854,ARG, ,CD,34.18,16.52,10.79,2.49,1.0,<Residue ARG het=  resseq=60 icode= >,3coq_A_A,2.4
427,3.54,ARG, ,NE,43.41,16.36,0.0,3.05,1.0,<Residue ARG het=  resseq=60 icode= >,3coq_A_A,2.4
428,5.34,ARG, ,CZ,49.29,17.40,1.391,2.99,1.0,<Residue ARG het=  resseq=60 icode= >,3coq_A_A,2.4
429,48.971,ARG, ,NH1,51.36,18.52,32.368,1.60,1.0,<Residue ARG het=  resseq=60 icode= >,3coq_A_A,2.4
430,49.333,ARG, ,NH2,53.7,17.34,4.221,1.52,1.0,<Residue ARG het=  resseq=60 icode= >,3coq_A_A,2.4
431,0.44,LEU, ,N,23.3,17.73,0.44,5.14,1.0,<Residue LEU het=  resseq=61 icode= >,3coq_A_A,2.4
432,4.687,LEU, ,CA,23.4,18.36,4.687,5.45,1.0,<Residue LEU het=  resseq=61 icode= >,3coq_A_A,2.4
433,0.0,LEU, ,C,25.85,18.82,0.0,4.92,1.0,<Residue LEU het=  resseq=61 icode= >,3coq_A_A,2.4
434,0.0,LEU, ,O,26.91,19.97,0.0,3.34,1.0,<Residue LEU het=  resseq=61 icode= >,3coq_A_A,2.4
435,3.939,LEU, ,CB,24.1,17.44,3.431,3.81,1.0,<Residue LEU het=  resseq=61 icode= >,3coq_A_A,2.4
436,2.698,LEU, ,CG,21.59,18.19,0.0,3.96,1.0,<Residue LEU het=  resseq=61 icode= >,3coq_A_A,2.4
437,35.307,LEU, ,CD1,20.5,19.59,35.307,2.06,1.0,<Residue LEU het=  resseq=61 icode= >,3coq_A_A,2.4
438,59.733,LEU, ,CD2,20.03,17.47,39.284,2.32,1.0,<Residue LEU het=  resseq=61 icode= >,3coq_A_A,2.4
439,0.084,GLU, ,N,24.62,18.05,0.0,3.98,1.0,<Residue GLU het=  resseq=62 icode= >,3coq_A_A,2.4
440,0.554,GLU, ,CA,23.45,18.65,0.0,4.62,1.0,<Residue GLU het=  resseq=62 icode= >,3coq_A_A,2.4
441,0.085,GLU, ,C,22.09,19.91,0.0,5.56,1.0,<Residue GLU het=  resseq=62 icode= >,3coq_A_A,2.4
442,0.0,GLU, ,O,21.96,20.92,0.0,2.93,1.0,<Residue GLU het=  resseq=62 icode= >,3coq_A_A,2.4
443,10.473,GLU, ,CB,25.69,17.81,0.0,2.85,1.0,<Residue GLU het=  resseq=62 icode= >,3coq_A_A,2.4
444,32.366,GLU, ,CG,37.93,17.26,0.0,1.50,1.0,<Residue GLU het=  resseq=62 icode= >,3coq_A_A,2.4
445,8.631,GLU, ,CD,51.74,18.48,0.0,2.15,1.0,<Residue GLU het=  resseq=62 icode= >,3coq_A_A,2.4
446,41.372,GLU, ,OE1,60.29,18.38,0.0,1.19,1.0,<Residue GLU het=  resseq=62 icode= >,3coq_A_A,2.4
447,7.593,GLU, ,OE2,50.62,19.60,0.0,1.50,1.0,<Residue GLU het=  resseq=62 icode= >,3coq_A_A,2.4
448,0.0,ARG, ,N,20.59,1000.00,0.0,4.23,1.0,<Residue ARG het=  resseq=63 icode= >,3coq_A_A,2.4
449,3.991,ARG, ,CA,19.92,1000.00,3.21,5.33,1.0,<Residue ARG het=  resseq=63 icode= >,3coq_A_A,2.4
450,1.564,ARG, ,C,19.43,1000.00,1.564,5.92,1.0,<Residue ARG het=  resseq=63 icode= >,3coq_A_A,2.4
451,3.012,ARG, ,O,17.68,1000.00,3.012,4.03,1.0,<Residue ARG het=  resseq=63 icode= >,3coq_A_A,2.4
452,18.074,ARG, ,CB,20.98,1000.00,18.069,3.58,1.0,<Residue ARG het=  resseq=63 icode= >,3coq_A_A,2.4
453,18.098,ARG, ,CG,22.59,1000.00,8.91,2.94,1.0,<Residue ARG het=  resseq=63 icode= >,3coq_A_A,2.4
454,25.549,ARG, ,CD,22.67,1000.00,25.549,2.86,1.0,<Residue ARG het=  resseq=63 icode= >,3coq_A_A,2.4
455,16.93,ARG, ,NE,24.27,1000.00,15.377,3.19,1.0,<Residue ARG het=  resseq=63 icode= >,3coq_A_A,2.4
456,5.643,ARG, ,CZ,24.84,1000.00,5.393,4.40,1.0,<Residue ARG het=  resseq=63 icode= >,3coq_A_A,2.4
457,8.866,ARG, ,NH1,26.4,1000.00,7.349,2.05,1.0,<Residue ARG het=  resseq=63 icode= >,3coq_A_A,2.4
458,46.384,ARG, ,NH2,20.04,1000.00,15.12,2.25,1.0,<Residue ARG het=  resseq=63 icode= >,3coq_A_A,2.4
459,0.115,LEU, ,N,18.46,1000.00,0.115,4.87,1.0,<Residue LEU het=  resseq=64 icode= >,3coq_A_A,2.4
460,0.105,LEU, ,CA,21.92,1000.00,0.105,4.80,1.0,<Residue LEU het=  resseq=64 icode= >,3coq_A_A,2.4
461,0.08,LEU, ,C,21.81,1000.00,0.08,5.75,1.0,<Residue LEU het=  resseq=64 icode= >,3coq_A_A,2.4
462,0.0,LEU, ,O,24.68,1000.00,0.0,3.23,1.0,<Residue LEU het=  resseq=64 icode= >,3coq_A_A,2.4
463,4.258,LEU, ,CB,22.31,1000.00,4.258,2.83,1.0,<Residue LEU het=  resseq=64 icode= >,3coq_A_A,2.4
464,8.545,LEU, ,CG,29.26,1000.00,8.545,3.63,1.0,<Residue LEU het=  resseq=64 icode= >,3coq_A_A,2.4
465,57.089,LEU, ,CD1,27.73,1000.00,57.089,1.84,1.0,<Residue LEU het=  resseq=64 icode= >,3coq_A_A,2.4
466,29.568,LEU, ,CD2,22.54,1000.00,29.568,1.92,1.0,<Residue LEU het=  resseq=64 icode= >,3coq_A_A,2.4
467,0.0,GLU, ,N,18.36,1000.00,0.0,4.20,1.0,<Residue GLU het=  resseq=65 icode= >,3coq_A_A,2.4
468,2.053,GLU, ,CA,20.65,1000.00,2.053,4.16,1.0,<Residue GLU het=  resseq=65 icode= >,3coq_A_A,2.4
469,0.374,GLU, ,C,21.53,1000.00,0.0,5.49,1.0,<Residue GLU het=  resseq=65 icode= >,3coq_A_A,2.4
470,3.17,GLU, ,O,21.32,1000.00,0.0,4.39,1.0,<Residue GLU het=  resseq=65 icode= >,3coq_A_A,2.4
471,2.153,GLU, ,CB,21.94,1000.00,0.0,2.70,1.0,<Residue GLU het=  resseq=65 icode= >,3coq_A_A,2.4
472,31.757,GLU, ,CG,27.58,1000.00,0.0,2.47,1.0,<Residue GLU het=  resseq=65 icode= >,3coq_A_A,2.4
473,10.581,GLU, ,CD,36.11,1000.00,4.217,4.50,1.0,<Residue GLU het=  resseq=65 icode= >,3coq_A_A,2.4
474,16.392,GLU, ,OE1,42.3,1000.00,11.509,2.50,1.0,<Residue GLU het=  resseq=65 icode= >,3coq_A_A,2.4
475,20.135,GLU, ,OE2,33.35,1000.00,13.421,3.25,1.0,<Residue GLU het=  resseq=65 icode= >,3coq_A_A,2.4
476,0.0,GLN, ,N,20.67,1000.00,0.0,4.74,1.0,<Residue GLN het=  resseq=66 icode= >,3coq_A_A,2.4
477,1.091,GLN, ,CA,21.18,1000.00,0.0,4.56,1.0,<Residue GLN het=  resseq=66 icode= >,3coq_A_A,2.4
478,0.208,GLN, ,C,19.77,1000.00,0.208,4.54,1.0,<Residue GLN het=  resseq=66 icode= >,3coq_A_A,2.4
479,0.523,GLN, ,O,20.3,1000.00,0.0,3.56,1.0,<Residue GLN het=  resseq=66 icode= >,3coq_A_A,2.4
480,14.319,GLN, ,CB,19.95,1000.00,13.737,3.48,1.0,<Residue GLN het=  resseq=66 icode= >,3coq_A_A,2.4
481,11.759,GLN, ,CG,17.86,1000.00,6.954,2.31,1.0,<Residue GLN het=  resseq=66 icode= >,3coq_A_A,2.4
482,5.278,GLN, ,CD,14.58,1000.00,2.121,4.62,1.0,<Residue GLN het=  resseq=66 icode= >,3coq_A_A,2.4
483,28.241,GLN, ,OE1,21.9,1000.00,0.0,2.83,1.0,<Residue GLN het=  resseq=66 icode= >,3coq_A_A,2.4
484,43.028,GLN, ,NE2,17.59,1000.00,25.633,2.91,1.0,<Residue GLN het=  resseq=66 icode= >,3coq_A_A,2.4
485,0.72,LEU, ,N,18.75,1000.00,0.72,3.99,1.0,<Residue LEU het=  resseq=67 icode= >,3coq_A_A,2.4
486,1.601,LEU, ,CA,18.17,1000.00,1.601,4.84,1.0,<Residue LEU het=  resseq=67 icode= >,3coq_A_A,2.4
487,0.0,LEU, ,C,17.84,1000.00,0.0,6.50,1.0,<Residue LEU het=  resseq=67 icode= >,3coq_A_A,2.4
488,0.0,LEU, ,O,16.66,1000.00,0.0,4.40,1.0,<Residue LEU het=  resseq=67 icode= >,3coq_A_A,2.4
489,4.369,LEU, ,CB,18.25,1000.00,4.369,2.94,1.0,<Residue LEU het=  resseq=67 icode= >,3coq_A_A,2.4
490,11.824,LEU, ,CG,22.6,1000.00,11.824,3.30,1.0,<Residue LEU het=  resseq=67 icode= >,3coq_A_A,2.4
491,23.596,LEU, ,CD1,22.78,1000.00,23.546,1.85,1.0,<Residue LEU het=  resseq=67 icode= >,3coq_A_A,2.4
492,49.345,LEU, ,CD2,18.25,1000.00,49.345,0.97,1.0,<Residue LEU het=  resseq=67 icode= >,3coq_A_A,2.4
493,0.0,PHE, ,N,19.16,1000.00,0.0,5.18,1.0,<Residue PHE het=  resseq=68 icode= >,3coq_A_A,2.4
494,0.0,PHE, ,CA,20.08,1000.00,0.0,5.46,1.0,<Residue PHE het=  resseq=68 icode= >,3coq_A_A,2.4
495,0.388,PHE, ,C,23.85,1000.00,0.0,4.16,1.0,<Residue PHE het=  resseq=68 icode= >,3coq_A_A,2.4
496,0.42,PHE, ,O,29.51,1000.00,0.0,2.59,1.0,<Residue PHE het=  resseq=68 icode= >,3coq_A_A,2.4
497,1.064,PHE, ,CB,19.51,1000.00,1.06,3.58,1.0,<Residue PHE het=  resseq=68 icode= >,3coq_A_A,2.4
498,1.276,PHE, ,CG,24.84,1000.00,1.276,3.67,1.0,<Residue PHE het=  resseq=68 icode= >,3coq_A_A,2.4
499,0.551,PHE, ,CD1,25.81,1000.00,0.551,2.14,1.0,<Residue PHE het=  resseq=68 icode= >,3coq_A_A,2.4
500,4.616,PHE, ,CD2,26.49,1000.00,4.616,2.35,1.0,<Residue PHE het=  resseq=68 icode= >,3coq_A_A,2.4
501,17.662,PHE, ,CE1,28.52,1000.00,17.662,2.21,1.0,<Residue PHE het=  resseq=68 icode= >,3coq_A_A,2.4
502,7.998,PHE, ,CE2,26.81,1000.00,7.998,2.51,1.0,<Residue PHE het=  resseq=68 icode= >,3coq_A_A,2.4
503,34.292,PHE, ,CZ,25.03,1000.00,33.74,3.16,1.0,<Residue PHE het=  resseq=68 icode= >,3coq_A_A,2.4
504,0.184,LEU, ,N,22.81,1000.00,0.0,3.12,1.0,<Residue LEU het=  resseq=69 icode= >,3coq_A_A,2.4
505,6.09,LEU, ,CA,21.22,1000.00,0.0,3.91,1.0,<Residue LEU het=  resseq=69 icode= >,3coq_A_A,2.4
506,0.0,LEU, ,C,22.2,1000.00,0.0,5.07,1.0,<Residue LEU het=  resseq=69 icode= >,3coq_A_A,2.4
507,0.623,LEU, ,O,23.31,1000.00,0.0,3.68,1.0,<Residue LEU het=  resseq=69 icode= >,3coq_A_A,2.4
508,1.387,LEU, ,CB,22.77,1000.00,0.0,2.28,1.0,<Residue LEU het=  resseq=69 icode= >,3coq_A_A,2.4
509,15.897,LEU, ,CG,21.74,1000.00,0.0,3.64,1.0,<Residue LEU het=  resseq=69 icode= >,3coq_A_A,2.4
510,39.356,LEU, ,CD1,20.83,1000.00,0.0,1.88,1.0,<Residue LEU het=  resseq=69 icode= >,3coq_A_A,2.4
511,39.066,LEU, ,CD2,24.51,1000.00,0.0,2.26,1.0,<Residue LEU het=  resseq=69 icode= >,3coq_A_A,2.4
512,0.0,LEU, ,N,22.63,1000.00,0.0,3.76,1.0,<Residue LEU het=  resseq=70 icode= >,3coq_A_A,2.4
513,2.092,LEU, ,CA,23.5,1000.00,0.0,3.72,1.0,<Residue LEU het=  resseq=70 icode= >,3coq_A_A,2.4
514,0.0,LEU, ,C,25.05,1000.00,0.0,4.53,1.0,<Residue LEU het=  resseq=70 icode= >,3coq_A_A,2.4
515,14.698,LEU, ,O,22.71,1000.00,3.303,2.99,1.0,<Residue LEU het=  resseq=70 icode= >,3coq_A_A,2.4
516,13.35,LEU, ,CB,22.4,1000.00,9.036,3.40,1.0,<Residue LEU het=  resseq=70 icode= >,3coq_A_A,2.4
517,0.746,LEU, ,CG,20.67,1000.00,0.0,4.39,1.0,<Residue LEU het=  resseq=70 icode= >,3coq_A_A,2.4
518,48.973,LEU, ,CD1,15.53,1000.00,42.136,1.99,1.0,<Residue LEU het=  resseq=70 icode= >,3coq_A_A,2.4
519,44.67,LEU, ,CD2,8.86,1000.00,11.562,1.64,1.0,<Residue LEU het=  resseq=70 icode= >,3coq_A_A,2.4
520,0.0,ILE, ,N,28.21,1000.00,0.0,2.96,1.0,<Residue ILE het=  resseq=71 icode= >,3coq_A_A,2.4
521,3.206,ILE, ,CA,30.75,1000.00,0.0,3.57,1.0,<Residue ILE het=  resseq=71 icode= >,3coq_A_A,2.4
522,0.0,ILE, ,C,32.43,1000.00,0.0,4.14,1.0,<Residue ILE het=  resseq=71 icode= >,3coq_A_A,2.4
523,11.967,ILE, ,O,30.92,1000.00,0.0,2.00,1.0,<Residue ILE het=  resseq=71 icode= >,3coq_A_A,2.4
524,0.0,ILE, ,CB,30.88,1000.00,0.0,2.93,1.0,<Residue ILE het=  resseq=71 icode= >,3coq_A_A,2.4
525,12.736,ILE, ,CG1,31.12,1000.00,12.03,2.78,1.0,<Residue ILE het=  resseq=71 icode= >,3coq_A_A,2.4
526,10.037,ILE, ,CG2,29.38,1000.00,6.685,1.55,1.0,<Residue ILE het=  resseq=71 icode= >,3coq_A_A,2.4
527,31.189,ILE, ,CD1,36.67,1000.00,27.854,1.33,1.0,<Residue ILE het=  resseq=71 icode= >,3coq_A_A,2.4
528,0.0,PHE, ,N,34.17,1000.00,0.0,4.27,1.0,<Residue PHE het=  resseq=72 icode= >,3coq_A_A,2.4
529,1.567,PHE, ,CA,37.48,1000.00,0.0,3.97,1.0,<Residue PHE het=  resseq=72 icode= >,3coq_A_A,2.4
530,0.0,PHE, ,C,40.3,1000.00,0.0,3.87,1.0,<Residue PHE het=  resseq=72 icode= >,3coq_A_A,2.4
531,7.731,PHE, ,O,39.36,1000.00,0.0,2.47,1.0,<Residue PHE het=  resseq=72 icode= >,3coq_A_A,2.4
532,0.109,PHE, ,CB,37.31,1000.00,0.0,2.44,1.0,<Residue PHE het=  resseq=72 icode= >,3coq_A_A,2.4
533,0.02,PHE, ,CG,39.32,1000.00,0.0,2.11,1.0,<Residue PHE het=  resseq=72 icode= >,3coq_A_A,2.4
534,0.0,PHE, ,CD1,41.97,1000.00,0.0,0.77,1.0,<Residue PHE het=  resseq=72 icode= >,3coq_A_A,2.4
535,14.139,PHE, ,CD2,42.28,1000.00,0.0,1.84,1.0,<Residue PHE het=  resseq=72 icode= >,3coq_A_A,2.4
536,2.899,PHE, ,CE1,40.95,1000.00,2.899,0.94,1.0,<Residue PHE het=  resseq=72 icode= >,3coq_A_A,2.4
537,6.302,PHE, ,CE2,43.76,1000.00,0.0,1.50,1.0,<Residue PHE het=  resseq=72 icode= >,3coq_A_A,2.4
538,6.057,PHE, ,CZ,40.3,1000.00,6.057,1.28,1.0,<Residue PHE het=  resseq=72 icode= >,3coq_A_A,2.4
539,0.0,PRO, ,N,43.06,1000.00,0.0,3.42,1.0,<Residue PRO het=  resseq=73 icode= >,3coq_A_A,2.4
540,0.103,PRO, ,CA,47.16,1000.00,0.0,2.34,1.0,<Residue PRO het=  resseq=73 icode= >,3coq_A_A,2.4
541,0.0,PRO, ,C,49.7,1000.00,0.0,2.96,1.0,<Residue PRO het=  resseq=73 icode= >,3coq_A_A,2.4
542,21.817,PRO, ,O,49.22,1000.00,0.0,2.12,1.0,<Residue PRO het=  resseq=73 icode= >,3coq_A_A,2.4
543,24.953,PRO, ,CB,46.47,1000.00,0.0,1.29,1.0,<Residue PRO het=  resseq=73 icode= >,3coq_A_A,2.4
544,31.469,PRO, ,CG,45.88,1000.00,0.0,1.71,1.0,<Residue PRO het=  resseq=73 icode= >,3coq_A_A,2.4
545,14.435,PRO, ,CD,43.3,1000.00,0.0,2.00,1.0,<Residue PRO het=  resseq=73 icode= >,3coq_A_A,2.4
546,0.372,ARG, ,N,52.56,1000.00,0.0,2.50,1.0,<Residue ARG het=  resseq=74 icode= >,3coq_A_A,2.4
547,0.439,ARG, ,CA,55.58,1000.00,0.0,2.34,1.0,<Residue ARG het=  resseq=74 icode= >,3coq_A_A,2.4
548,0.736,ARG, ,C,57.65,1000.00,0.0,2.55,1.0,<Residue ARG het=  resseq=74 icode= >,3coq_A_A,2.4
549,14.898,ARG, ,O,58.92,1000.00,0.0,1.31,1.0,<Residue ARG het=  resseq=74 icode= >,3coq_A_A,2.4
550,27.778,ARG, ,CB,56.16,1000.00,0.0,0.67,1.0,<Residue ARG het=  resseq=74 icode= >,3coq_A_A,2.4
551,23.976,ARG, ,CG,56.74,1000.00,0.0,0.89,1.0,<Residue ARG het=  resseq=74 icode= >,3coq_A_A,2.4
552,14.219,ARG, ,CD,59.76,1000.00,0.0,0.93,1.0,<Residue ARG het=  resseq=74 icode= >,3coq_A_A,2.4
553,16.177,ARG, ,NE,67.96,1000.00,0.0,0.39,1.0,<Residue ARG het=  resseq=74 icode= >,3coq_A_A,2.4
554,7.886,ARG, ,CZ,69.8,1000.00,0.0,0.43,1.0,<Residue ARG het=  resseq=74 icode= >,3coq_A_A,2.4
555,47.706,ARG, ,NH1,69.9,1000.00,0.0,0.50,1.0,<Residue ARG het=  resseq=74 icode= >,3coq_A_A,2.4
556,59.591,ARG, ,NH2,69.92,1000.00,0.0,0.58,1.0,<Residue ARG het=  resseq=74 icode= >,3coq_A_A,2.4
557,5.003,GLU, ,N,59.17,1000.00,0.0,2.71,1.0,<Residue GLU het=  resseq=75 icode= >,3coq_A_A,2.4
558,10.488,GLU, ,CA,59.94,1000.00,0.0,2.87,1.0,<Residue GLU het=  resseq=75 icode= >,3coq_A_A,2.4
559,1.6,GLU, ,C,58.5,1000.00,0.0,3.92,1.0,<Residue GLU het=  resseq=75 icode= >,3coq_A_A,2.4
560,7.469,GLU, ,O,58.45,1000.00,0.0,2.73,1.0,<Residue GLU het=  resseq=75 icode= >,3coq_A_A,2.4
561,22.301,GLU, ,CB,60.69,1000.00,0.0,0.87,1.0,<Residue GLU het=  resseq=75 icode= >,3coq_A_A,2.4
562,14.774,GLU, ,CG,60.73,1000.00,0.0,1.09,1.0,<Residue GLU het=  resseq=75 icode= >,3coq_A_A,2.4
563,13.413,GLU, ,CD,63.39,1000.00,0.0,1.17,1.0,<Residue GLU het=  resseq=75 icode= >,3coq_A_A,2.4
564,37.17,GLU, ,OE1,67.38,1000.00,0.0,1.01,1.0,<Residue GLU het=  resseq=75 icode= >,3coq_A_A,2.4
565,42.028,GLU, ,OE2,66.54,1000.00,0.0,0.78,1.0,<Residue GLU het=  resseq=75 icode= >,3coq_A_A,2.4
566,0.046,ASP, ,N,58.15,1000.00,0.0,3.29,1.0,<Residue ASP het=  resseq=76 icode= >,3coq_A_A,2.4
567,3.747,ASP, ,CA,57.88,1000.00,0.0,2.67,1.0,<Residue ASP het=  resseq=76 icode= >,3coq_A_A,2.4
568,0.0,ASP, ,C,56.74,1000.00,0.0,3.34,1.0,<Residue ASP het=  resseq=76 icode= >,3coq_A_A,2.4
569,0.0,ASP, ,O,56.99,1000.00,0.0,2.76,1.0,<Residue ASP het=  resseq=76 icode= >,3coq_A_A,2.4
570,6.96,ASP, ,CB,59.46,1000.00,0.0,1.40,1.0,<Residue ASP het=  resseq=76 icode= >,3coq_A_A,2.4
571,8.245,ASP, ,CG,63.89,1000.00,0.0,1.72,1.0,<Residue ASP het=  resseq=76 icode= >,3coq_A_A,2.4
572,24.763,ASP, ,OD1,65.26,1000.00,0.0,1.22,1.0,<Residue ASP het=  resseq=76 icode= >,3coq_A_A,2.4
573,14.899,ASP, ,OD2,69.44,1000.00,0.0,0.86,1.0,<Residue ASP het=  resseq=76 icode= >,3coq_A_A,2.4
574,1.32,LEU, ,N,55.07,1000.00,0.0,2.57,1.0,<Residue LEU het=  resseq=77 icode= >,3coq_A_A,2.4
575,0.0,LEU, ,CA,54.69,1000.00,0.0,3.00,1.0,<Residue LEU het=  resseq=77 icode= >,3coq_A_A,2.4
576,0.0,LEU, ,C,55.33,1000.00,0.0,3.58,1.0,<Residue LEU het=  resseq=77 icode= >,3coq_A_A,2.4
577,0.0,LEU, ,O,54.71,1000.00,0.0,1.98,1.0,<Residue LEU het=  resseq=77 icode= >,3coq_A_A,2.4
578,12.406,LEU, ,CB,52.96,1000.00,0.0,1.98,1.0,<Residue LEU het=  resseq=77 icode= >,3coq_A_A,2.4
579,0.0,LEU, ,CG,52.16,1000.00,0.0,2.98,1.0,<Residue LEU het=  resseq=77 icode= >,3coq_A_A,2.4
580,16.965,LEU, ,CD1,48.59,1000.00,5.672,1.00,1.0,<Residue LEU het=  resseq=77 icode= >,3coq_A_A,2.4
581,1.72,LEU, ,CD2,45.79,1000.00,1.72,1.61,1.0,<Residue LEU het=  resseq=77 icode= >,3coq_A_A,2.4
582,0.582,ASP, ,N,54.87,1000.00,0.0,3.98,1.0,<Residue ASP het=  resseq=78 icode= >,3coq_A_A,2.4
583,0.255,ASP, ,CA,55.85,1000.00,0.0,3.25,1.0,<Residue ASP het=  resseq=78 icode= >,3coq_A_A,2.4
584,0.0,ASP, ,C,54.22,1000.00,0.0,3.96,1.0,<Residue ASP het=  resseq=78 icode= >,3coq_A_A,2.4
585,0.0,ASP, ,O,52.6,1000.00,0.0,2.76,1.0,<Residue ASP het=  resseq=78 icode= >,3coq_A_A,2.4
586,7.122,ASP, ,CB,57.52,1000.00,0.0,1.32,1.0,<Residue ASP het=  resseq=78 icode= >,3coq_A_A,2.4
587,9.783,ASP, ,CG,64.53,1000.00,1.459,1.65,1.0,<Residue ASP het=  resseq=78 icode= >,3coq_A_A,2.4
588,28.095,ASP, ,OD1,69.26,1000.00,12.881,1.12,1.0,<Residue ASP het=  resseq=78 icode= >,3coq_A_A,2.4
589,37.038,ASP, ,OD2,70.22,1000.00,4.229,0.98,1.0,<Residue ASP het=  resseq=78 icode= >,3coq_A_A,2.4
590,0.0,MET, ,N,54.03,1000.00,0.0,3.39,1.0,<Residue MET het=  resseq=79 icode= >,3coq_A_A,2.4
591,6.741,MET, ,CA,56.45,1000.00,0.0,2.75,1.0,<Residue MET het=  resseq=79 icode= >,3coq_A_A,2.4
592,0.0,MET, ,C,53.21,1000.00,0.0,3.40,1.0,<Residue MET het=  resseq=79 icode= >,3coq_A_A,2.4
593,3.025,MET, ,O,53.54,1000.00,0.0,2.47,1.0,<Residue MET het=  resseq=79 icode= >,3coq_A_A,2.4
594,11.446,MET, ,CB,56.35,1000.00,0.0,1.58,1.0,<Residue MET het=  resseq=79 icode= >,3coq_A_A,2.4
595,13.13,MET, ,CG,61.56,1000.00,0.0,0.21,1.0,<Residue MET het=  resseq=79 icode= >,3coq_A_A,2.4
596,16.875,MET, ,SD,65.49,1000.00,0.0,1.19,1.0,<Residue MET het=  resseq=79 icode= >,3coq_A_A,2.4
597,53.829,MET, ,CE,68.42,1000.00,0.0,-0.01,1.0,<Residue MET het=  resseq=79 icode= >,3coq_A_A,2.4
598,0.0,ILE, ,N,50.5,1000.00,0.0,3.10,1.0,<Residue ILE het=  resseq=80 icode= >,3coq_A_A,2.4
599,0.0,ILE, ,CA,47.1,1000.00,0.0,3.77,1.0,<Residue ILE het=  resseq=80 icode= >,3coq_A_A,2.4
600,0.0,ILE, ,C,46.16,1000.00,0.0,4.37,1.0,<Residue ILE het=  resseq=80 icode= >,3coq_A_A,2.4
601,1.575,ILE, ,O,46.11,1000.00,0.858,2.59,1.0,<Residue ILE het=  resseq=80 icode= >,3coq_A_A,2.4
602,0.0,ILE, ,CB,47.11,1000.00,0.0,3.65,1.0,<Residue ILE het=  resseq=80 icode= >,3coq_A_A,2.4
603,0.0,ILE, ,CG1,47.2,1000.00,0.0,2.24,1.0,<Residue ILE het=  resseq=80 icode= >,3coq_A_A,2.4
604,10.713,ILE, ,CG2,40.8,1000.00,10.713,1.54,1.0,<Residue ILE het=  resseq=80 icode= >,3coq_A_A,2.4
605,5.694,ILE, ,CD1,50.99,1000.00,0.0,0.89,1.0,<Residue ILE het=  resseq=80 icode= >,3coq_A_A,2.4
606,0.0,LEU, ,N,44.77,1000.00,0.0,3.17,1.0,<Residue LEU het=  resseq=81 icode= >,3coq_A_A,2.4
607,3.234,LEU, ,CA,45.55,1000.00,3.046,3.41,1.0,<Residue LEU het=  resseq=81 icode= >,3coq_A_A,2.4
608,0.475,LEU, ,C,46.12,1000.00,0.057,4.44,1.0,<Residue LEU het=  resseq=81 icode= >,3coq_A_A,2.4
609,25.253,LEU, ,O,47.11,1000.00,20.663,2.52,1.0,<Residue LEU het=  resseq=81 icode= >,3coq_A_A,2.4
610,9.616,LEU, ,CB,46.91,1000.00,2.333,2.25,1.0,<Residue LEU het=  resseq=81 icode= >,3coq_A_A,2.4
611,0.0,LEU, ,CG,46.57,1000.00,0.0,2.83,1.0,<Residue LEU het=  resseq=81 icode= >,3coq_A_A,2.4
612,39.194,LEU, ,CD1,48.37,1000.00,35.723,0.52,1.0,<Residue LEU het=  resseq=81 icode= >,3coq_A_A,2.4
613,42.188,LEU, ,CD2,40.82,1000.00,42.188,1.78,1.0,<Residue LEU het=  resseq=81 icode= >,3coq_A_A,2.4
614,0.0,LYS, ,N,46.84,1000.00,0.0,3.84,1.0,<Residue LYS het=  resseq=82 icode= >,3coq_A_A,2.4
615,2.724,LYS, ,CA,47.73,1000.00,0.857,3.19,1.0,<Residue LYS het=  resseq=82 icode= >,3coq_A_A,2.4
616,1.831,LYS, ,C,47.2,1000.00,0.646,3.55,1.0,<Residue LYS het=  resseq=82 icode= >,3coq_A_A,2.4
617,23.29,LYS, ,O,47.85,1000.00,2.768,2.63,1.0,<Residue LYS het=  resseq=82 icode= >,3coq_A_A,2.4
618,14.183,LYS, ,CB,47.54,1000.00,0.0,2.08,1.0,<Residue LYS het=  resseq=82 icode= >,3coq_A_A,2.4
619,24.032,LYS, ,CG,50.95,1000.00,0.0,1.09,1.0,<Residue LYS het=  resseq=82 icode= >,3coq_A_A,2.4
620,33.924,LYS, ,CD,56.51,1000.00,0.0,0.59,1.0,<Residue LYS het=  resseq=82 icode= >,3coq_A_A,2.4
621,16.585,LYS, ,CE,60.55,1000.00,0.0,0.71,1.0,<Residue LYS het=  resseq=82 icode= >,3coq_A_A,2.4
622,45.266,LYS, ,NZ,65.58,1000.00,0.0,0.44,1.0,<Residue LYS het=  resseq=82 icode= >,3coq_A_A,2.4
623,0.0,MET, ,N,45.87,1000.00,0.0,2.37,1.0,<Residue MET het=  resseq=83 icode= >,3coq_A_A,2.4
624,5.335,MET, ,CA,44.47,1000.00,0.0,2.76,1.0,<Residue MET het=  resseq=83 icode= >,3coq_A_A,2.4
625,0.0,MET, ,C,41.39,1000.00,0.0,3.69,1.0,<Residue MET het=  resseq=83 icode= >,3coq_A_A,2.4
626,13.354,MET, ,O,38.57,1000.00,12.982,3.15,1.0,<Residue MET het=  resseq=83 icode= >,3coq_A_A,2.4
627,1.477,MET, ,CB,44.06,1000.00,0.0,2.12,1.0,<Residue MET het=  resseq=83 icode= >,3coq_A_A,2.4
628,24.579,MET, ,CG,41.36,1000.00,0.0,2.76,1.0,<Residue MET het=  resseq=83 icode= >,3coq_A_A,2.4
629,18.183,MET, ,SD,50.71,1000.00,0.0,3.45,1.0,<Residue MET het=  resseq=83 icode= >,3coq_A_A,2.4
630,0.819,MET, ,CE,39.35,1000.00,0.0,1.86,1.0,<Residue MET het=  resseq=83 icode= >,3coq_A_A,2.4
631,2.459,ASP, ,N,40.22,1000.00,0.0,3.12,1.0,<Residue ASP het=  resseq=84 icode= >,3coq_A_A,2.4
632,6.774,ASP, ,CA,38.14,1000.00,3.681,3.24,1.0,<Residue ASP het=  resseq=84 icode= >,3coq_A_A,2.4
633,0.317,ASP, ,C,36.22,1000.00,0.0,4.13,1.0,<Residue ASP het=  resseq=84 icode= >,3coq_A_A,2.4
634,13.293,ASP, ,O,38.4,1000.00,0.0,2.31,1.0,<Residue ASP het=  resseq=84 icode= >,3coq_A_A,2.4
635,29.644,ASP, ,CB,37.74,1000.00,1.767,2.72,1.0,<Residue ASP het=  resseq=84 icode= >,3coq_A_A,2.4
636,8.995,ASP, ,CG,43.62,1000.00,0.0,3.55,1.0,<Residue ASP het=  resseq=84 icode= >,3coq_A_A,2.4
637,35.197,ASP, ,OD1,49.94,1000.00,0.0,1.54,1.0,<Residue ASP het=  resseq=84 icode= >,3coq_A_A,2.4
638,39.447,ASP, ,OD2,42.95,1000.00,3.099,2.44,1.0,<Residue ASP het=  resseq=84 icode= >,3coq_A_A,2.4
639,2.026,SER, ,N,33.42,1000.00,0.0,3.52,1.0,<Residue SER het=  resseq=85 icode= >,3coq_A_A,2.4
640,5.101,SER, ,CA,30.55,1000.00,0.0,4.36,1.0,<Residue SER het=  resseq=85 icode= >,3coq_A_A,2.4
641,0.0,SER, ,C,30.89,1000.00,0.0,4.91,1.0,<Residue SER het=  resseq=85 icode= >,3coq_A_A,2.4
642,0.0,SER, ,O,32.25,1000.00,0.0,2.90,1.0,<Residue SER het=  resseq=85 icode= >,3coq_A_A,2.4
643,28.571,SER, ,CB,28.87,1000.00,0.0,3.37,1.0,<Residue SER het=  resseq=85 icode= >,3coq_A_A,2.4
644,5.504,SER, ,OG,30.44,1000.00,0.0,2.54,1.0,<Residue SER het=  resseq=85 icode= >,3coq_A_A,2.4
645,4.096,LEU, ,N,30.16,1000.00,0.0,3.93,1.0,<Residue LEU het=  resseq=86 icode= >,3coq_A_A,2.4
646,0.836,LEU, ,CA,31.07,1000.00,0.836,4.10,1.0,<Residue LEU het=  resseq=86 icode= >,3coq_A_A,2.4
647,0.0,LEU, ,C,33.03,1000.00,0.0,4.28,1.0,<Residue LEU het=  resseq=86 icode= >,3coq_A_A,2.4
648,1.128,LEU, ,O,34.91,1000.00,1.128,2.52,1.0,<Residue LEU het=  resseq=86 icode= >,3coq_A_A,2.4
649,11.83,LEU, ,CB,29.91,1000.00,0.0,2.60,1.0,<Residue LEU het=  resseq=86 icode= >,3coq_A_A,2.4
650,12.303,LEU, ,CG,28.88,1000.00,7.375,2.97,1.0,<Residue LEU het=  resseq=86 icode= >,3coq_A_A,2.4
651,42.836,LEU, ,CD1,30.92,1000.00,12.914,0.75,1.0,<Residue LEU het=  resseq=86 icode= >,3coq_A_A,2.4
652,63.871,LEU, ,CD2,25.21,1000.00,0.0,1.42,1.0,<Residue LEU het=  resseq=86 icode= >,3coq_A_A,2.4
653,0.699,GLN, ,N,35.02,1000.00,0.0,2.95,1.0,<Residue GLN het=  resseq=87 icode= >,3coq_A_A,2.4
654,2.084,GLN, ,CA,37.28,1000.00,0.0,2.65,1.0,<Residue GLN het=  resseq=87 icode= >,3coq_A_A,2.4
655,0.0,GLN, ,C,38.37,1000.00,0.0,3.80,1.0,<Residue GLN het=  resseq=87 icode= >,3coq_A_A,2.4
656,0.866,GLN, ,O,38.87,1000.00,0.0,2.65,1.0,<Residue GLN het=  resseq=87 icode= >,3coq_A_A,2.4
657,19.625,GLN, ,CB,37.62,1000.00,0.0,1.35,1.0,<Residue GLN het=  resseq=87 icode= >,3coq_A_A,2.4
658,34.506,GLN, ,CG,43.52,1000.00,0.0,0.54,1.0,<Residue GLN het=  resseq=87 icode= >,3coq_A_A,2.4
659,10.153,GLN, ,CD,49.53,1000.00,0.0,1.08,1.0,<Residue GLN het=  resseq=87 icode= >,3coq_A_A,2.4
660,41.831,GLN, ,OE1,49.41,1000.00,0.0,0.66,1.0,<Residue GLN het=  resseq=87 icode= >,3coq_A_A,2.4
661,35.387,GLN, ,NE2,50.13,1000.00,0.0,0.58,1.0,<Residue GLN het=  resseq=87 icode= >,3coq_A_A,2.4
662,0.0,ASP, ,N,39.08,1000.00,0.0,3.37,1.0,<Residue ASP het=  resseq=88 icode= >,3coq_A_A,2.4
663,1.519,ASP, ,CA,39.51,1000.00,0.0,3.90,1.0,<Residue ASP het=  resseq=88 icode= >,3coq_A_A,2.4
664,0.045,ASP, ,C,39.56,1000.00,0.0,4.17,1.0,<Residue ASP het=  resseq=88 icode= >,3coq_A_A,2.4
665,2.927,ASP, ,O,40.32,1000.00,0.0,2.75,1.0,<Residue ASP het=  resseq=88 icode= >,3coq_A_A,2.4
666,3.035,ASP, ,CB,39.49,1000.00,0.0,2.61,1.0,<Residue ASP het=  resseq=88 icode= >,3coq_A_A,2.4
667,10.243,ASP, ,CG,43.33,1000.00,0.0,2.57,1.0,<Residue ASP het=  resseq=88 icode= >,3coq_A_A,2.4
668,32.548,ASP, ,OD1,43.28,1000.00,0.0,1.67,1.0,<Residue ASP het=  resseq=88 icode= >,3coq_A_A,2.4
669,31.957,ASP, ,OD2,43.69,1000.00,0.0,1.74,1.0,<Residue ASP het=  resseq=88 icode= >,3coq_A_A,2.4
670,0.0,ILE, ,N,38.19,1000.00,0.0,3.54,1.0,<Residue ILE het=  resseq=89 icode= >,3coq_A_A,2.4
671,0.0,ILE, ,CA,36.53,1000.00,0.0,3.78,1.0,<Residue ILE het=  resseq=89 icode= >,3coq_A_A,2.4
672,0.0,ILE, ,C,39.61,1000.00,0.0,3.67,1.0,<Residue ILE het=  resseq=89 icode= >,3coq_A_A,2.4
673,0.0,ILE, ,O,40.23,1000.00,0.0,2.66,1.0,<Residue ILE het=  resseq=89 icode= >,3coq_A_A,2.4
674,0.733,ILE, ,CB,34.39,1000.00,0.733,3.21,1.0,<Residue ILE het=  resseq=89 icode= >,3coq_A_A,2.4
675,0.0,ILE, ,CG1,29.29,1000.00,0.0,3.08,1.0,<Residue ILE het=  resseq=89 icode= >,3coq_A_A,2.4
676,16.897,ILE, ,CG2,28.86,1000.00,16.897,2.21,1.0,<Residue ILE het=  resseq=89 icode= >,3coq_A_A,2.4
677,23.453,ILE, ,CD1,21.58,1000.00,15.091,1.52,1.0,<Residue ILE het=  resseq=89 icode= >,3coq_A_A,2.4
678,0.0,LYS, ,N,41.33,1000.00,0.0,2.48,1.0,<Residue LYS het=  resseq=90 icode= >,3coq_A_A,2.4
679,0.057,LYS, ,CA,44.76,1000.00,0.057,2.61,1.0,<Residue LYS het=  resseq=90 icode= >,3coq_A_A,2.4
680,1.039,LYS, ,C,44.67,1000.00,0.0,3.46,1.0,<Residue LYS het=  resseq=90 icode= >,3coq_A_A,2.4
681,1.134,LYS, ,O,44.99,1000.00,0.0,2.38,1.0,<Residue LYS het=  resseq=90 icode= >,3coq_A_A,2.4
682,5.079,LYS, ,CB,44.29,1000.00,2.624,2.11,1.0,<Residue LYS het=  resseq=90 icode= >,3coq_A_A,2.4
683,18.081,LYS, ,CG,49.33,1000.00,10.032,1.37,1.0,<Residue LYS het=  resseq=90 icode= >,3coq_A_A,2.4
684,37.425,LYS, ,CD,48.85,1000.00,0.406,0.07,1.0,<Residue LYS het=  resseq=90 icode= >,3coq_A_A,2.4
685,23.758,LYS, ,CE,51.88,1000.00,17.003,0.43,1.0,<Residue LYS het=  resseq=90 icode= >,3coq_A_A,2.4
686,48.987,LYS, ,NZ,54.02,1000.00,0.135,0.84,1.0,<Residue LYS het=  resseq=90 icode= >,3coq_A_A,2.4
687,0.078,ALA, ,N,45.85,1000.00,0.0,3.10,1.0,<Residue ALA het=  resseq=91 icode= >,3coq_A_A,2.4
688,9.402,ALA, ,CA,46.84,1000.00,0.0,2.52,1.0,<Residue ALA het=  resseq=91 icode= >,3coq_A_A,2.4
689,1.935,ALA, ,C,47.74,1000.00,0.0,3.00,1.0,<Residue ALA het=  resseq=91 icode= >,3coq_A_A,2.4
690,10.987,ALA, ,O,48.23,1000.00,0.0,1.49,1.0,<Residue ALA het=  resseq=91 icode= >,3coq_A_A,2.4
691,49.589,ALA, ,CB,45.95,1000.00,0.0,0.92,1.0,<Residue ALA het=  resseq=91 icode= >,3coq_A_A,2.4
692,0.3,LEU, ,N,47.94,1000.00,0.0,2.76,1.0,<Residue LEU het=  resseq=92 icode= >,3coq_A_A,2.4
693,6.205,LEU, ,CA,48.67,1000.00,0.0,3.39,1.0,<Residue LEU het=  resseq=92 icode= >,3coq_A_A,2.4
694,0.0,LEU, ,C,49.63,1000.00,0.0,3.94,1.0,<Residue LEU het=  resseq=92 icode= >,3coq_A_A,2.4
695,4.223,LEU, ,O,51.27,1000.00,0.0,2.12,1.0,<Residue LEU het=  resseq=92 icode= >,3coq_A_A,2.4
696,0.854,LEU, ,CB,48.99,1000.00,0.0,1.82,1.0,<Residue LEU het=  resseq=92 icode= >,3coq_A_A,2.4
697,0.03,LEU, ,CG,46.79,1000.00,0.0,2.36,1.0,<Residue LEU het=  resseq=92 icode= >,3coq_A_A,2.4
698,14.622,LEU, ,CD1,46.11,1000.00,0.0,1.47,1.0,<Residue LEU het=  resseq=92 icode= >,3coq_A_A,2.4
699,50.829,LEU, ,CD2,45.81,1000.00,0.0,1.27,1.0,<Residue LEU het=  resseq=92 icode= >,3coq_A_A,2.4
700,0.0,LEU, ,N,50.46,1000.00,0.0,3.43,1.0,<Residue LEU het=  resseq=93 icode= >,3coq_A_A,2.4
701,1.084,LEU, ,CA,51.36,1000.00,0.0,3.63,1.0,<Residue LEU het=  resseq=93 icode= >,3coq_A_A,2.4
702,0.0,LEU, ,C,52.83,1000.00,0.0,3.97,1.0,<Residue LEU het=  resseq=93 icode= >,3coq_A_A,2.4
703,0.0,LEU, ,O,52.64,1000.00,0.0,2.96,1.0,<Residue LEU het=  resseq=93 icode= >,3coq_A_A,2.4
704,3.664,LEU, ,CB,50.74,1000.00,0.202,1.71,1.0,<Residue LEU het=  resseq=93 icode= >,3coq_A_A,2.4
705,0.0,LEU, ,CG,49.26,1000.00,0.0,2.11,1.0,<Residue LEU het=  resseq=93 icode= >,3coq_A_A,2.4
706,34.578,LEU, ,CD1,47.15,1000.00,33.232,0.94,1.0,<Residue LEU het=  resseq=93 icode= >,3coq_A_A,2.4
707,4.5,LEU, ,CD2,50.69,1000.00,3.691,1.04,1.0,<Residue LEU het=  resseq=93 icode= >,3coq_A_A,2.4
708,0.0,THR, ,N,54.26,1000.00,0.0,2.67,1.0,<Residue THR het=  resseq=94 icode= >,3coq_A_A,2.4
709,1.971,THR, ,CA,56.93,1000.00,0.0,2.27,1.0,<Residue THR het=  resseq=94 icode= >,3coq_A_A,2.4
710,2.246,THR, ,C,58.15,1000.00,0.0,2.51,1.0,<Residue THR het=  resseq=94 icode= >,3coq_A_A,2.4
711,27.692,THR, ,O,57.94,1000.00,0.0,1.33,1.0,<Residue THR het=  resseq=94 icode= >,3coq_A_A,2.4
712,14.902,THR, ,CB,56.75,1000.00,0.0,2.15,1.0,<Residue THR het=  resseq=94 icode= >,3coq_A_A,2.4
713,14.558,THR, ,OG1,57.99,1000.00,0.0,1.33,1.0,<Residue THR het=  resseq=94 icode= >,3coq_A_A,2.4
714,46.63,THR, ,CG2,56.88,1000.00,0.0,0.36,1.0,<Residue THR het=  resseq=94 icode= >,3coq_A_A,2.4
715,3.126,GLY, ,N,59.95,1000.00,0.0,1.74,1.0,<Residue GLY het=  resseq=95 icode= >,3coq_A_A,2.4
716,36.561,GLY, ,CA,61.13,1000.00,0.0,1.64,1.0,<Residue GLY het=  resseq=95 icode= >,3coq_A_A,2.4
717,2.789,GLY, ,C,61.91,1000.00,0.0,2.52,1.0,<Residue GLY het=  resseq=95 icode= >,3coq_A_A,2.4
718,31.31,GLY, ,O,60.73,1000.00,0.0,2.52,1.0,<Residue GLY het=  resseq=95 icode= >,3coq_A_A,2.4
719,0.156,LEU, ,N,63.38,1000.00,0.0,2.10,1.0,<Residue LEU het=  resseq=96 icode= >,3coq_A_A,2.4
720,3.741,LEU, ,CA,64.7,1000.00,0.0,1.85,1.0,<Residue LEU het=  resseq=96 icode= >,3coq_A_A,2.4
721,35.812,LEU, ,C,64.95,1000.00,0.0,0.75,1.0,<Residue LEU het=  resseq=96 icode= >,3coq_A_A,2.4
722,36.162,LEU, ,O,65.46,1000.00,0.0,0.48,1.0,<Residue LEU het=  resseq=96 icode= >,3coq_A_A,2.4
723,17.254,LEU, ,CB,64.18,1000.00,0.0,1.60,1.0,<Residue LEU het=  resseq=96 icode= >,3coq_A_A,2.4
724,0.142,LEU, ,CG,66.13,1000.00,0.0,1.28,1.0,<Residue LEU het=  resseq=96 icode= >,3coq_A_A,2.4
725,41.265,LEU, ,CD1,63.44,1000.00,12.506,0.38,1.0,<Residue LEU het=  resseq=96 icode= >,3coq_A_A,2.4
726,30.653,LEU, ,CD2,65.45,1000.00,2.072,0.78,1.0,<Residue LEU het=  resseq=96 icode= >,3coq_A_A,2.4
