,ASA,aa,altloc,atom,bfac,d2r,dASA,dens,occ,residue,id,resolu
0,47.196,HIS, ,N,15.46,1000.00,0.0,2.37,1.0,<Residue HIS het=  resseq=-4 icode= >,3eyi_B_A,1.45
1,12.886,HIS, ,CA,14.74,1000.00,0.0,2.60,1.0,<Residue HIS het=  resseq=-4 icode= >,3eyi_B_A,1.45
2,0.377,HIS, ,C,15.06,1000.00,0.0,3.21,1.0,<Residue HIS het=  resseq=-4 icode= >,3eyi_B_A,1.45
3,25.538,HIS, ,O,15.4,1000.00,0.0,3.95,1.0,<Residue HIS het=  resseq=-4 icode= >,3eyi_B_A,1.45
4,26.918,HIS, ,CB,13.63,1000.00,0.0,2.71,1.0,<Residue HIS het=  resseq=-4 icode= >,3eyi_B_A,1.45
5,4.055,HIS, ,CG,10.77,1000.00,0.0,2.94,1.0,<Residue HIS het=  resseq=-4 icode= >,3eyi_B_A,1.45
6,7.459,HIS, ,ND1,11.66,1000.00,0.0,3.62,1.0,<Residue HIS het=  resseq=-4 icode= >,3eyi_B_A,1.45
7,37.291,HIS, ,CD2,9.28,1000.00,0.0,4.11,1.0,<Residue HIS het=  resseq=-4 icode= >,3eyi_B_A,1.45
8,41.446,HIS, ,CE1,6.97,1000.00,0.0,4.51,1.0,<Residue HIS het=  resseq=-4 icode= >,3eyi_B_A,1.45
9,32.016,HIS, ,NE2,13.44,1000.00,0.0,3.06,1.0,<Residue HIS het=  resseq=-4 icode= >,3eyi_B_A,1.45
10,3.349,MET, ,N,16.11,1000.00,0.0,3.04,1.0,<Residue MET het=  resseq=-3 icode= >,3eyi_B_A,1.45
11,2.804,MET, ,CA,16.65,1000.00,0.0,2.79,1.0,<Residue MET het=  resseq=-3 icode= >,3eyi_B_A,1.45
12,1.341,MET, ,C,16.36,1000.00,0.0,3.25,1.0,<Residue MET het=  resseq=-3 icode= >,3eyi_B_A,1.45
13,9.837,MET, ,O,16.19,1000.00,0.0,4.17,1.0,<Residue MET het=  resseq=-3 icode= >,3eyi_B_A,1.45
14,9.731,MET, ,CB,17.44,1000.00,0.0,2.20,1.0,<Residue MET het=  resseq=-3 icode= >,3eyi_B_A,1.45
15,30.564,MET, ,CG,21.45,1000.00,0.0,1.18,1.0,<Residue MET het=  resseq=-3 icode= >,3eyi_B_A,1.45
16,36.947,MET, ,SD,23.9,1000.00,0.0,5.28,1.0,<Residue MET het=  resseq=-3 icode= >,3eyi_B_A,1.45
17,53.766,MET, ,CE,16.34,1000.00,0.0,2.99,1.0,<Residue MET het=  resseq=-3 icode= >,3eyi_B_A,1.45
18,6.78,ALA, ,N,16.35,1000.00,0.0,3.27,1.0,<Residue ALA het=  resseq=-2 icode= >,3eyi_B_A,1.45
19,11.743,ALA, ,CA,16.4,1000.00,0.0,2.50,1.0,<Residue ALA het=  resseq=-2 icode= >,3eyi_B_A,1.45
20,0.0,ALA, ,C,15.61,1000.00,0.0,3.10,1.0,<Residue ALA het=  resseq=-2 icode= >,3eyi_B_A,1.45
21,1.417,ALA, ,O,15.82,1000.00,0.0,3.78,1.0,<Residue ALA het=  resseq=-2 icode= >,3eyi_B_A,1.45
22,56.795,ALA, ,CB,16.97,1000.00,0.0,1.91,1.0,<Residue ALA het=  resseq=-2 icode= >,3eyi_B_A,1.45
23,4.627,SER, ,N,14.72,1000.00,0.0,3.58,1.0,<Residue SER het=  resseq=-1 icode= >,3eyi_B_A,1.45
24,0.338,SER, ,CA,16.66,1000.00,0.0,2.28,1.0,<Residue SER het=  resseq=-1 icode= >,3eyi_B_A,1.45
25,2.071,SER, ,C,16.53,1000.00,0.0,2.56,1.0,<Residue SER het=  resseq=-1 icode= >,3eyi_B_A,1.45
26,28.969,SER, ,O,18.7,1000.00,0.0,2.87,1.0,<Residue SER het=  resseq=-1 icode= >,3eyi_B_A,1.45
27,39.936,SER, ,CB,16.78,1000.00,0.0,2.16,1.0,<Residue SER het=  resseq=-1 icode= >,3eyi_B_A,1.45
28,30.945,SER, ,OG,21.17,1000.00,0.0,2.63,1.0,<Residue SER het=  resseq=-1 icode= >,3eyi_B_A,1.45
29,0.0,PRO, ,N,16.1,1000.00,0.0,3.45,1.0,<Residue PRO het=  resseq=103 icode= >,3eyi_B_A,1.45
30,6.786,PRO, ,CA,15.17,1000.00,0.0,2.98,1.0,<Residue PRO het=  resseq=103 icode= >,3eyi_B_A,1.45
31,0.0,PRO, ,C,14.11,1000.00,0.0,3.08,1.0,<Residue PRO het=  resseq=103 icode= >,3eyi_B_A,1.45
32,7.298,PRO, ,O,14.26,1000.00,0.0,4.45,1.0,<Residue PRO het=  resseq=103 icode= >,3eyi_B_A,1.45
33,4.607,PRO, ,CB,15.86,1000.00,0.0,2.77,1.0,<Residue PRO het=  resseq=103 icode= >,3eyi_B_A,1.45
34,10.916,PRO, ,CG,17.45,1000.00,0.0,2.11,1.0,<Residue PRO het=  resseq=103 icode= >,3eyi_B_A,1.45
35,19.243,PRO, ,CD,16.32,1000.00,0.0,2.51,1.0,<Residue PRO het=  resseq=103 icode= >,3eyi_B_A,1.45
36,5.543,GLN, ,N,13.93,1000.00,0.0,3.53,1.0,<Residue GLN het=  resseq=104 icode= >,3eyi_B_A,1.45
37,0.682,GLN, ,CA,14.09,1000.00,0.0,2.55,1.0,<Residue GLN het=  resseq=104 icode= >,3eyi_B_A,1.45
38,0.654,GLN, ,C,14.18,1000.00,0.0,2.62,1.0,<Residue GLN het=  resseq=104 icode= >,3eyi_B_A,1.45
39,15.001,GLN, ,O,16.6,1000.00,0.0,3.68,1.0,<Residue GLN het=  resseq=104 icode= >,3eyi_B_A,1.45
40,26.396,GLN, ,CB,14.12,1000.00,0.0,3.05,1.0,<Residue GLN het=  resseq=104 icode= >,3eyi_B_A,1.45
41,22.373,GLN, ,CG,13.83,1000.00,0.0,3.02,1.0,<Residue GLN het=  resseq=104 icode= >,3eyi_B_A,1.45
42,1.49,GLN, ,CD,15.73,1000.00,0.0,3.10,1.0,<Residue GLN het=  resseq=104 icode= >,3eyi_B_A,1.45
43,25.169,GLN, ,OE1,16.75,1000.00,0.0,3.88,1.0,<Residue GLN het=  resseq=104 icode= >,3eyi_B_A,1.45
44,9.775,GLN, ,NE2,14.29,1000.00,0.0,3.72,1.0,<Residue GLN het=  resseq=104 icode= >,3eyi_B_A,1.45
45,2.864,PHE, ,N,12.62,18.89,0.0,3.82,1.0,<Residue PHE het=  resseq=105 icode= >,3eyi_B_A,1.45
46,0.483,PHE, ,CA,12.05,17.54,0.0,3.05,1.0,<Residue PHE het=  resseq=105 icode= >,3eyi_B_A,1.45
47,2.315,PHE, ,C,11.24,17.21,0.0,3.70,1.0,<Residue PHE het=  resseq=105 icode= >,3eyi_B_A,1.45
48,22.172,PHE, ,O,12.36,18.01,0.0,4.69,1.0,<Residue PHE het=  resseq=105 icode= >,3eyi_B_A,1.45
49,0.863,PHE, ,CB,12.6,17.59,0.0,2.96,1.0,<Residue PHE het=  resseq=105 icode= >,3eyi_B_A,1.45
50,0.0,PHE, ,CG,12.67,18.19,0.0,3.35,1.0,<Residue PHE het=  resseq=105 icode= >,3eyi_B_A,1.45
51,0.0,PHE, ,CD1,14.37,17.49,0.0,2.53,1.0,<Residue PHE het=  resseq=105 icode= >,3eyi_B_A,1.45
52,2.676,PHE, ,CD2,15.09,19.53,0.0,2.87,1.0,<Residue PHE het=  resseq=105 icode= >,3eyi_B_A,1.45
53,0.0,PHE, ,CE1,11.99,18.21,0.0,3.23,1.0,<Residue PHE het=  resseq=105 icode= >,3eyi_B_A,1.45
54,10.25,PHE, ,CE2,15.27,20.20,0.0,2.47,1.0,<Residue PHE het=  resseq=105 icode= >,3eyi_B_A,1.45
55,0.0,PHE, ,CZ,13.93,19.55,0.0,3.56,1.0,<Residue PHE het=  resseq=105 icode= >,3eyi_B_A,1.45
56,4.389,SER, ,N,12.13,16.08,0.0,4.10,1.0,<Residue SER het=  resseq=106 icode= >,3eyi_B_A,1.45
57,11.425,SER, ,CA,11.86,15.81,0.0,3.21,1.0,<Residue SER het=  resseq=106 icode= >,3eyi_B_A,1.45
58,1.358,SER, ,C,11.71,15.54,0.0,3.38,1.0,<Residue SER het=  resseq=106 icode= >,3eyi_B_A,1.45
59,27.763,SER, ,O,12.0,15.82,0.0,5.17,1.0,<Residue SER het=  resseq=106 icode= >,3eyi_B_A,1.45
60,46.099,SER, ,CB,13.76,14.80,0.0,2.46,1.0,<Residue SER het=  resseq=106 icode= >,3eyi_B_A,1.45
61,10.337,SER, ,OG,17.33,13.46,0.0,3.26,1.0,<Residue SER het=  resseq=106 icode= >,3eyi_B_A,1.45
62,0.0,GLN, ,N,11.14,15.23,0.0,4.18,1.0,<Residue GLN het=  resseq=107 icode= >,3eyi_B_A,1.45
63,6.901,GLN, ,CA,11.11,15.11,0.0,2.88,1.0,<Residue GLN het=  resseq=107 icode= >,3eyi_B_A,1.45
64,2.272,GLN, ,C,9.89,15.89,0.0,3.95,1.0,<Residue GLN het=  resseq=107 icode= >,3eyi_B_A,1.45
65,0.0,GLN, ,O,10.5,15.95,0.0,5.80,1.0,<Residue GLN het=  resseq=107 icode= >,3eyi_B_A,1.45
66,5.022,GLN, ,CB,11.14,13.66,0.0,2.91,1.0,<Residue GLN het=  resseq=107 icode= >,3eyi_B_A,1.45
67,12.647,GLN, ,CG,12.5,12.85,0.0,3.00,1.0,<Residue GLN het=  resseq=107 icode= >,3eyi_B_A,1.45
68,5.104,GLN, ,CD,14.68,11.42,0.0,2.90,1.0,<Residue GLN het=  resseq=107 icode= >,3eyi_B_A,1.45
69,27.589,GLN, ,OE1,19.16,10.73,0.0,3.39,1.0,<Residue GLN het=  resseq=107 icode= >,3eyi_B_A,1.45
70,19.14,GLN, ,NE2,14.0,11.14,0.0,4.17,1.0,<Residue GLN het=  resseq=107 icode= >,3eyi_B_A,1.45
71,10.3,GLN, ,N,9.32,16.60,0.0,5.48,1.0,<Residue GLN het=  resseq=108 icode= >,3eyi_B_A,1.45
72,4.675,GLN, ,CA,10.63,17.41,0.0,3.71,1.0,<Residue GLN het=  resseq=108 icode= >,3eyi_B_A,1.45
73,0.0,GLN, ,C,10.04,16.62,0.0,3.50,1.0,<Residue GLN het=  resseq=108 icode= >,3eyi_B_A,1.45
74,0.0,GLN, ,O,9.34,17.16,0.0,5.41,1.0,<Residue GLN het=  resseq=108 icode= >,3eyi_B_A,1.45
75,26.39,GLN, ,CB,12.08,18.13,0.0,3.01,1.0,<Residue GLN het=  resseq=108 icode= >,3eyi_B_A,1.45
76,18.668,GLN, ,CG,17.47,18.99,0.0,1.63,1.0,<Residue GLN het=  resseq=108 icode= >,3eyi_B_A,1.45
77,7.526,GLN, ,CD,22.16,20.43,0.0,1.42,1.0,<Residue GLN het=  resseq=108 icode= >,3eyi_B_A,1.45
78,37.46,GLN, ,OE1,22.51,21.13,0.0,3.03,1.0,<Residue GLN het=  resseq=108 icode= >,3eyi_B_A,1.45
79,33.649,GLN, ,NE2,22.39,20.99,0.0,2.25,1.0,<Residue GLN het=  resseq=108 icode= >,3eyi_B_A,1.45
80,3.287,ARG, ,N,9.32,15.44,0.0,4.83,1.0,<Residue ARG het=  resseq=109 icode= >,3eyi_B_A,1.45
81,0.0,ARG, ,CA,9.79,14.71,0.0,3.70,1.0,<Residue ARG het=  resseq=109 icode= >,3eyi_B_A,1.45
82,0.0,ARG, ,C,8.7,14.59,0.0,4.20,1.0,<Residue ARG het=  resseq=109 icode= >,3eyi_B_A,1.45
83,0.0,ARG, ,O,8.78,14.81,0.0,5.64,1.0,<Residue ARG het=  resseq=109 icode= >,3eyi_B_A,1.45
84,11.371,ARG, ,CB,10.47,13.36,0.0,3.39,1.0,<Residue ARG het=  resseq=109 icode= >,3eyi_B_A,1.45
85,2.954,ARG, ,CG,14.66,12.59,0.0,2.44,1.0,<Residue ARG het=  resseq=109 icode= >,3eyi_B_A,1.45
86,0.0,ARG, ,CD,16.83,13.19,0.0,2.75,1.0,<Residue ARG het=  resseq=109 icode= >,3eyi_B_A,1.45
87,3.955,ARG, ,NE,24.66,13.40,0.0,1.87,1.0,<Residue ARG het=  resseq=109 icode= >,3eyi_B_A,1.45
88,1.196,ARG, ,CZ,27.37,14.53,0.0,0.47,1.0,<Residue ARG het=  resseq=109 icode= >,3eyi_B_A,1.45
89,9.316,ARG, ,NH1,23.96,15.63,0.0,2.17,1.0,<Residue ARG het=  resseq=109 icode= >,3eyi_B_A,1.45
90,35.606,ARG, ,NH2,28.41,14.66,0.0,1.16,1.0,<Residue ARG het=  resseq=109 icode= >,3eyi_B_A,1.45
91,0.0,GLU, ,N,8.39,14.29,0.0,4.90,1.0,<Residue GLU het=  resseq=110 icode= >,3eyi_B_A,1.45
92,0.0,GLU, ,CA,8.59,14.36,0.0,3.58,1.0,<Residue GLU het=  resseq=110 icode= >,3eyi_B_A,1.45
93,0.0,GLU, ,C,8.68,15.82,0.0,3.55,1.0,<Residue GLU het=  resseq=110 icode= >,3eyi_B_A,1.45
94,0.0,GLU, ,O,9.07,16.00,0.0,6.55,1.0,<Residue GLU het=  resseq=110 icode= >,3eyi_B_A,1.45
95,0.0,GLU, ,CB,8.35,14.04,0.0,3.25,1.0,<Residue GLU het=  resseq=110 icode= >,3eyi_B_A,1.45
96,0.0,GLU, ,CG,10.76,12.59,0.0,2.93,1.0,<Residue GLU het=  resseq=110 icode= >,3eyi_B_A,1.45
97,1.332,GLU, ,CD,16.13,12.51,0.0,3.00,1.0,<Residue GLU het=  resseq=110 icode= >,3eyi_B_A,1.45
98,3.304,GLU, ,OE1,17.32,13.61,0.0,3.50,1.0,<Residue GLU het=  resseq=110 icode= >,3eyi_B_A,1.45
99,0.633,GLU, ,OE2,16.57,11.44,0.0,3.73,1.0,<Residue GLU het=  resseq=110 icode= >,3eyi_B_A,1.45
100,0.0,GLU, ,N,8.4,16.78,0.0,4.73,1.0,<Residue GLU het=  resseq=111 icode= >,3eyi_B_A,1.45
101,0.0,GLU, ,CA,9.91,18.20,0.0,3.06,1.0,<Residue GLU het=  resseq=111 icode= >,3eyi_B_A,1.45
102,0.014,GLU, ,C,9.88,18.46,0.0,3.38,1.0,<Residue GLU het=  resseq=111 icode= >,3eyi_B_A,1.45
103,0.595,GLU, ,O,9.87,18.98,0.0,5.94,1.0,<Residue GLU het=  resseq=111 icode= >,3eyi_B_A,1.45
104,0.262,GLU, ,CB,10.05,19.12,0.0,3.21,1.0,<Residue GLU het=  resseq=111 icode= >,3eyi_B_A,1.45
105,10.205,GLU, ,CG,13.35,20.57,0.0,3.18,1.0,<Residue GLU het=  resseq=111 icode= >,3eyi_B_A,1.45
106,8.652,GLU, ,CD,20.8,21.59,0.0,2.20,1.0,<Residue GLU het=  resseq=111 icode= >,3eyi_B_A,1.45
107,30.635,GLU, ,OE1,20.33,21.29,0.0,3.13,1.0,<Residue GLU het=  resseq=111 icode= >,3eyi_B_A,1.45
108,41.037,GLU, ,OE2,23.53,22.78,0.0,2.41,1.0,<Residue GLU het=  resseq=111 icode= >,3eyi_B_A,1.45
109,0.0,ASP, ,N,9.04,17.95,0.0,4.81,1.0,<Residue ASP het=  resseq=112 icode= >,3eyi_B_A,1.45
110,2.688,ASP, ,CA,9.38,18.10,0.0,3.72,1.0,<Residue ASP het=  resseq=112 icode= >,3eyi_B_A,1.45
111,0.0,ASP, ,C,8.29,17.15,0.0,4.09,1.0,<Residue ASP het=  resseq=112 icode= >,3eyi_B_A,1.45
112,1.429,ASP, ,O,8.45,17.31,0.0,5.64,1.0,<Residue ASP het=  resseq=112 icode= >,3eyi_B_A,1.45
113,1.166,ASP, ,CB,9.94,17.57,0.0,3.27,1.0,<Residue ASP het=  resseq=112 icode= >,3eyi_B_A,1.45
114,6.307,ASP, ,CG,12.79,18.62,0.0,2.99,1.0,<Residue ASP het=  resseq=112 icode= >,3eyi_B_A,1.45
115,13.389,ASP, ,OD1,16.11,19.81,0.0,4.03,1.0,<Residue ASP het=  resseq=112 icode= >,3eyi_B_A,1.45
116,10.216,ASP, ,OD2,17.88,18.38,0.0,3.44,1.0,<Residue ASP het=  resseq=112 icode= >,3eyi_B_A,1.45
117,0.0,ILE, ,N,8.76,16.02,0.0,4.19,1.0,<Residue ILE het=  resseq=113 icode= >,3eyi_B_A,1.45
118,0.0,ILE, ,CA,8.15,14.85,0.0,3.45,1.0,<Residue ILE het=  resseq=113 icode= >,3eyi_B_A,1.45
119,0.0,ILE, ,C,8.41,15.31,0.0,3.77,1.0,<Residue ILE het=  resseq=113 icode= >,3eyi_B_A,1.45
120,0.0,ILE, ,O,8.12,15.14,0.0,6.55,1.0,<Residue ILE het=  resseq=113 icode= >,3eyi_B_A,1.45
121,0.0,ILE, ,CB,7.16,13.67,0.0,4.41,1.0,<Residue ILE het=  resseq=113 icode= >,3eyi_B_A,1.45
122,0.0,ILE, ,CG1,7.28,13.07,0.0,4.44,1.0,<Residue ILE het=  resseq=113 icode= >,3eyi_B_A,1.45
123,0.0,ILE, ,CG2,8.48,12.65,0.0,3.71,1.0,<Residue ILE het=  resseq=113 icode= >,3eyi_B_A,1.45
124,0.0,ILE, ,CD1,9.66,11.80,0.0,3.71,1.0,<Residue ILE het=  resseq=113 icode= >,3eyi_B_A,1.45
125,0.0,TYR, ,N,8.62,16.03,0.0,5.37,1.0,<Residue TYR het=  resseq=114 icode= >,3eyi_B_A,1.45
126,0.0,TYR, ,CA,8.75,16.62,0.0,3.43,1.0,<Residue TYR het=  resseq=114 icode= >,3eyi_B_A,1.45
127,0.0,TYR, ,C,8.91,17.63,0.0,3.64,1.0,<Residue TYR het=  resseq=114 icode= >,3eyi_B_A,1.45
128,0.0,TYR, ,O,9.46,17.70,0.0,6.50,1.0,<Residue TYR het=  resseq=114 icode= >,3eyi_B_A,1.45
129,0.159,TYR, ,CB,9.39,17.42,0.0,3.06,1.0,<Residue TYR het=  resseq=114 icode= >,3eyi_B_A,1.45
130,0.0,TYR, ,CG,10.61,17.93,0.0,3.77,1.0,<Residue TYR het=  resseq=114 icode= >,3eyi_B_A,1.45
131,0.0,TYR, ,CD1,12.21,17.32,0.0,3.11,1.0,<Residue TYR het=  resseq=114 icode= >,3eyi_B_A,1.45
132,6.042,TYR, ,CD2,13.67,19.15,0.0,3.00,1.0,<Residue TYR het=  resseq=114 icode= >,3eyi_B_A,1.45
133,0.707,TYR, ,CE1,15.2,17.94,0.0,2.66,1.0,<Residue TYR het=  resseq=114 icode= >,3eyi_B_A,1.45
134,4.957,TYR, ,CE2,12.35,19.76,0.0,3.56,1.0,<Residue TYR het=  resseq=114 icode= >,3eyi_B_A,1.45
135,0.0,TYR, ,CZ,13.64,19.14,0.0,3.26,1.0,<Residue TYR het=  resseq=114 icode= >,3eyi_B_A,1.45
136,23.138,TYR, ,OH,16.75,19.80,0.0,3.19,1.0,<Residue TYR het=  resseq=114 icode= >,3eyi_B_A,1.45
137,0.208,ARG, ,N,9.97,18.45,0.0,4.04,1.0,<Residue ARG het=  resseq=115 icode= >,3eyi_B_A,1.45
138,1.006,ARG, ,CA,10.96,19.51,0.0,3.28,1.0,<Residue ARG het=  resseq=115 icode= >,3eyi_B_A,1.45
139,0.0,ARG, ,C,10.97,19.01,0.0,3.00,1.0,<Residue ARG het=  resseq=115 icode= >,3eyi_B_A,1.45
140,0.0,ARG, ,O,11.81,19.57,0.0,5.47,1.0,<Residue ARG het=  resseq=115 icode= >,3eyi_B_A,1.45
141,8.862,ARG, ,CB,12.83,20.49,0.0,3.28,1.0,<Residue ARG het=  resseq=115 icode= >,3eyi_B_A,1.45
142,24.517,ARG, ,CG,18.52,21.55,0.0,1.68,1.0,<Residue ARG het=  resseq=115 icode= >,3eyi_B_A,1.45
143,27.863,ARG, ,CD,30.07,22.80,0.0,0.63,1.0,<Residue ARG het=  resseq=115 icode= >,3eyi_B_A,1.45
144,1.581,ARG, ,NE,35.49,22.91,0.0,0.75,1.0,<Residue ARG het=  resseq=115 icode= >,3eyi_B_A,1.45
145,4.462,ARG, ,CZ,39.06,23.51,0.0,0.36,1.0,<Residue ARG het=  resseq=115 icode= >,3eyi_B_A,1.45
146,39.793,ARG, ,NH1,39.4,24.01,0.0,0.97,1.0,<Residue ARG het=  resseq=115 icode= >,3eyi_B_A,1.45
147,18.416,ARG, ,NH2,39.74,23.70,0.0,0.77,1.0,<Residue ARG het=  resseq=115 icode= >,3eyi_B_A,1.45
148,0.288,PHE, ,N,10.16,18.02,0.0,4.00,1.0,<Residue PHE het=  resseq=116 icode= >,3eyi_B_A,1.45
149,4.885,PHE, ,CA,9.06,17.59,0.0,3.73,1.0,<Residue PHE het=  resseq=116 icode= >,3eyi_B_A,1.45
150,0.0,PHE, ,C,9.52,17.08,0.0,3.36,1.0,<Residue PHE het=  resseq=116 icode= >,3eyi_B_A,1.45
151,0.0,PHE, ,O,9.87,17.55,0.0,5.48,1.0,<Residue PHE het=  resseq=116 icode= >,3eyi_B_A,1.45
152,2.585,PHE, ,CB,8.09,16.60,0.0,4.38,1.0,<Residue PHE het=  resseq=116 icode= >,3eyi_B_A,1.45
153,0.0,PHE, ,CG,7.94,16.16,0.0,3.61,1.0,<Residue PHE het=  resseq=116 icode= >,3eyi_B_A,1.45
154,10.153,PHE, ,CD1,7.45,17.15,0.0,3.72,1.0,<Residue PHE het=  resseq=116 icode= >,3eyi_B_A,1.45
155,0.0,PHE, ,CD2,8.92,14.88,0.0,3.94,1.0,<Residue PHE het=  resseq=116 icode= >,3eyi_B_A,1.45
156,11.317,PHE, ,CE1,9.49,16.95,0.0,3.59,1.0,<Residue PHE het=  resseq=116 icode= >,3eyi_B_A,1.45
157,0.0,PHE, ,CE2,10.38,14.67,0.0,3.11,1.0,<Residue PHE het=  resseq=116 icode= >,3eyi_B_A,1.45
158,4.676,PHE, ,CZ,10.38,15.75,0.0,2.89,1.0,<Residue PHE het=  resseq=116 icode= >,3eyi_B_A,1.45
159,0.0,LEU, ,N,8.38,16.24,0.0,4.99,1.0,<Residue LEU het=  resseq=117 icode= >,3eyi_B_A,1.45
160,0.0,LEU, ,CA,8.95,15.83,0.0,3.32,1.0,<Residue LEU het=  resseq=117 icode= >,3eyi_B_A,1.45
161,0.0,LEU, ,C,9.6,17.05,0.0,3.37,1.0,<Residue LEU het=  resseq=117 icode= >,3eyi_B_A,1.45
162,4.886,LEU, ,O,10.87,17.25,0.0,4.71,1.0,<Residue LEU het=  resseq=117 icode= >,3eyi_B_A,1.45
163,0.0,LEU, ,CB,8.09,14.72,0.0,4.31,1.0,<Residue LEU het=  resseq=117 icode= >,3eyi_B_A,1.45
164,0.0,LEU, ,CG,8.94,13.37,0.0,3.71,1.0,<Residue LEU het=  resseq=117 icode= >,3eyi_B_A,1.45
165,0.0,LEU, ,CD1,9.13,12.32,0.0,3.82,1.0,<Residue LEU het=  resseq=117 icode= >,3eyi_B_A,1.45
166,0.0,LEU, ,CD2,9.52,13.01,0.0,3.66,1.0,<Residue LEU het=  resseq=117 icode= >,3eyi_B_A,1.45
167,0.0,LYS, ,N,10.73,17.97,0.0,4.35,1.0,<Residue LYS het=  resseq=118 icode= >,3eyi_B_A,1.45
168,1.021,LYS, ,CA,12.36,19.21,0.0,3.02,1.0,<Residue LYS het=  resseq=118 icode= >,3eyi_B_A,1.45
169,0.0,LYS, ,C,13.76,19.97,0.0,3.34,1.0,<Residue LYS het=  resseq=118 icode= >,3eyi_B_A,1.45
170,24.877,LYS, ,O,15.36,20.58,0.0,4.37,1.0,<Residue LYS het=  resseq=118 icode= >,3eyi_B_A,1.45
171,0.0,LYS, ,CB,13.01,20.10,0.0,3.13,1.0,<Residue LYS het=  resseq=118 icode= >,3eyi_B_A,1.45
172,6.572,LYS, ,CG,17.19,21.40,0.0,2.50,1.0,<Residue LYS het=  resseq=118 icode= >,3eyi_B_A,1.45
173,3.311,LYS, ,CD,24.12,22.22,0.0,1.54,1.0,<Residue LYS het=  resseq=118 icode= >,3eyi_B_A,1.45
174,42.875,LYS, ,CE,29.49,23.41,0.0,0.45,1.0,<Residue LYS het=  resseq=118 icode= >,3eyi_B_A,1.45
175,33.296,LYS, ,NZ,31.12,23.08,0.0,0.80,1.0,<Residue LYS het=  resseq=118 icode= >,3eyi_B_A,1.45
176,0.0,ASP, ,N,13.91,1000.00,0.0,3.68,1.0,<Residue ASP het=  resseq=119 icode= >,3eyi_B_A,1.45
177,5.866,ASP, ,CA,15.39,1000.00,0.0,2.92,1.0,<Residue ASP het=  resseq=119 icode= >,3eyi_B_A,1.45
178,2.22,ASP, ,C,15.1,1000.00,0.0,2.85,1.0,<Residue ASP het=  resseq=119 icode= >,3eyi_B_A,1.45
179,28.318,ASP, ,O,16.75,1000.00,0.0,3.57,1.0,<Residue ASP het=  resseq=119 icode= >,3eyi_B_A,1.45
180,14.485,ASP, ,CB,16.43,1000.00,0.0,2.60,1.0,<Residue ASP het=  resseq=119 icode= >,3eyi_B_A,1.45
181,7.63,ASP, ,CG,21.24,1000.00,0.0,2.19,1.0,<Residue ASP het=  resseq=119 icode= >,3eyi_B_A,1.45
182,9.929,ASP, ,OD1,27.69,1000.00,0.0,2.02,1.0,<Residue ASP het=  resseq=119 icode= >,3eyi_B_A,1.45
183,20.644,ASP, ,OD2,24.41,1000.00,0.0,2.60,1.0,<Residue ASP het=  resseq=119 icode= >,3eyi_B_A,1.45
184,0.0,ASN, ,N,13.31,1000.00,0.0,3.85,1.0,<Residue ASN het=  resseq=120 icode= >,3eyi_B_A,1.45
185,7.289,ASN, ,CA,13.91,1000.00,0.0,2.78,1.0,<Residue ASN het=  resseq=120 icode= >,3eyi_B_A,1.45
186,2.899,ASN, ,C,15.23,1000.00,0.0,2.87,1.0,<Residue ASN het=  resseq=120 icode= >,3eyi_B_A,1.45
187,8.082,ASN, ,O,16.13,1000.00,0.0,4.04,1.0,<Residue ASN het=  resseq=120 icode= >,3eyi_B_A,1.45
188,3.022,ASN, ,CB,12.56,1000.00,0.0,3.36,1.0,<Residue ASN het=  resseq=120 icode= >,3eyi_B_A,1.45
189,0.202,ASN, ,CG,12.69,1000.00,0.0,3.36,1.0,<Residue ASN het=  resseq=120 icode= >,3eyi_B_A,1.45
190,37.341,ASN, ,OD1,16.27,1000.00,0.0,3.98,1.0,<Residue ASN het=  resseq=120 icode= >,3eyi_B_A,1.45
191,13.237,ASN, ,ND2,12.8,1000.00,0.0,3.82,1.0,<Residue ASN het=  resseq=120 icode= >,3eyi_B_A,1.45
192,1.666,GLY, ,N,15.61,17.03,0.0,2.92,1.0,<Residue GLY het=  resseq=121 icode= >,3eyi_B_A,1.45
193,0.619,GLY, ,CA,14.31,15.80,0.0,3.83,1.0,<Residue GLY het=  resseq=121 icode= >,3eyi_B_A,1.45
194,4.292,GLY, ,C,15.73,16.18,0.0,2.38,1.0,<Residue GLY het=  resseq=121 icode= >,3eyi_B_A,1.45
195,25.767,GLY, ,O,16.79,17.40,0.0,2.93,1.0,<Residue GLY het=  resseq=121 icode= >,3eyi_B_A,1.45
196,0.0,PRO, ,N,14.54,15.29,0.0,3.30,1.0,<Residue PRO het=  resseq=122 icode= >,3eyi_B_A,1.45
197,0.0,PRO, ,CA,12.19,13.83,0.0,2.98,1.0,<Residue PRO het=  resseq=122 icode= >,3eyi_B_A,1.45
198,0.0,PRO, ,C,10.4,13.38,0.0,3.55,1.0,<Residue PRO het=  resseq=122 icode= >,3eyi_B_A,1.45
199,10.648,PRO, ,O,8.99,13.93,0.0,5.97,1.0,<Residue PRO het=  resseq=122 icode= >,3eyi_B_A,1.45
200,3.993,PRO, ,CB,13.23,13.41,0.0,2.61,1.0,<Residue PRO het=  resseq=122 icode= >,3eyi_B_A,1.45
201,30.462,PRO, ,CG,16.03,14.73,0.0,2.03,1.0,<Residue PRO het=  resseq=122 icode= >,3eyi_B_A,1.45
202,34.796,PRO, ,CD,14.94,15.74,0.0,2.03,1.0,<Residue PRO het=  resseq=122 icode= >,3eyi_B_A,1.45
203,0.0,GLN, ,N,7.8,12.26,0.0,5.29,1.0,<Residue GLN het=  resseq=123 icode= >,3eyi_B_A,1.45
204,1.396,GLN, ,CA,7.1,11.70,0.0,3.66,1.0,<Residue GLN het=  resseq=123 icode= >,3eyi_B_A,1.45
205,0.0,GLN, ,C,6.83,10.31,0.0,3.75,1.0,<Residue GLN het=  resseq=123 icode= >,3eyi_B_A,1.45
206,0.0,GLN, ,O,7.63,9.64,0.0,5.76,1.0,<Residue GLN het=  resseq=123 icode= >,3eyi_B_A,1.45
207,0.0,GLN, ,CB,7.78,12.22,0.0,3.50,1.0,<Residue GLN het=  resseq=123 icode= >,3eyi_B_A,1.45
208,0.0,GLN, ,CG,7.23,13.50,0.0,3.82,1.0,<Residue GLN het=  resseq=123 icode= >,3eyi_B_A,1.45
209,1.306,GLN, ,CD,8.26,13.48,0.0,3.74,1.0,<Residue GLN het=  resseq=123 icode= >,3eyi_B_A,1.45
210,16.22,GLN, ,OE1,8.79,12.50,0.0,5.73,1.0,<Residue GLN het=  resseq=123 icode= >,3eyi_B_A,1.45
211,32.627,GLN, ,NE2,9.73,14.70,0.0,4.23,1.0,<Residue GLN het=  resseq=123 icode= >,3eyi_B_A,1.45
212,1.547,ARG, ,N,6.43,9.26,0.0,4.86,1.0,<Residue ARG het=  resseq=124 icode= >,3eyi_B_A,1.45
213,0.0,ARG, ,CA,6.48,7.93,0.0,4.14,1.0,<Residue ARG het=  resseq=124 icode= >,3eyi_B_A,1.45
214,0.0,ARG, ,C,6.24,7.97,0.0,3.88,1.0,<Residue ARG het=  resseq=124 icode= >,3eyi_B_A,1.45
215,0.0,ARG, ,O,7.39,8.82,0.0,5.96,1.0,<Residue ARG het=  resseq=124 icode= >,3eyi_B_A,1.45
216,3.79,ARG, ,CB,6.79,6.86,0.0,4.04,1.0,<Residue ARG het=  resseq=124 icode= >,3eyi_B_A,1.45
217,5.656,ARG, ,CG,8.05,6.95,0.0,3.60,1.0,<Residue ARG het=  resseq=124 icode= >,3eyi_B_A,1.45
218,21.484,ARG, ,CD,11.31,6.16,0.0,3.24,1.0,<Residue ARG het=  resseq=124 icode= >,3eyi_B_A,1.45
219,3.619,ARG, ,NE,14.12,6.28,0.0,3.31,1.0,<Residue ARG het=  resseq=124 icode= >,3eyi_B_A,1.45
220,4.56,ARG, ,CZ,17.72,5.91,0.0,1.98,1.0,<Residue ARG het=  resseq=124 icode= >,3eyi_B_A,1.45
221,48.172,ARG, ,NH1,17.56,5.27,4.218,2.86,1.0,<Residue ARG het=  resseq=124 icode= >,3eyi_B_A,1.45
222,37.124,ARG, ,NH2,16.01,6.54,0.0,2.97,1.0,<Residue ARG het=  resseq=124 icode= >,3eyi_B_A,1.45
223,1.819,ALA, ,N,6.58,7.14,0.0,5.75,1.0,<Residue ALA het=  resseq=125 icode= >,3eyi_B_A,1.45
224,0.0,ALA, ,CA,5.7,7.08,0.0,3.62,1.0,<Residue ALA het=  resseq=125 icode= >,3eyi_B_A,1.45
225,0.0,ALA, ,C,6.53,7.51,0.0,3.69,1.0,<Residue ALA het=  resseq=125 icode= >,3eyi_B_A,1.45
226,0.0,ALA, ,O,6.46,8.44,0.0,7.04,1.0,<Residue ALA het=  resseq=125 icode= >,3eyi_B_A,1.45
227,7.485,ALA, ,CB,7.48,5.75,0.847,3.95,1.0,<Residue ALA het=  resseq=125 icode= >,3eyi_B_A,1.45
228,1.352,LEU, ,N,6.21,6.52,0.0,5.65,1.0,<Residue LEU het=  resseq=126 icode= >,3eyi_B_A,1.45
229,0.0,LEU, ,CA,7.03,6.85,0.0,3.99,1.0,<Residue LEU het=  resseq=126 icode= >,3eyi_B_A,1.45
230,0.0,LEU, ,C,6.71,8.25,0.0,4.37,1.0,<Residue LEU het=  resseq=126 icode= >,3eyi_B_A,1.45
231,0.0,LEU, ,O,7.16,9.11,0.0,7.13,1.0,<Residue LEU het=  resseq=126 icode= >,3eyi_B_A,1.45
232,9.887,LEU, ,CB,7.82,5.90,1.612,3.65,1.0,<Residue LEU het=  resseq=126 icode= >,3eyi_B_A,1.45
233,0.536,LEU, ,CG,7.99,6.62,0.0,2.97,1.0,<Residue LEU het=  resseq=126 icode= >,3eyi_B_A,1.45
234,11.8,LEU, ,CD1,9.74,7.16,0.0,3.46,1.0,<Residue LEU het=  resseq=126 icode= >,3eyi_B_A,1.45
235,65.938,LEU, ,CD2,8.83,6.00,0.587,3.50,1.0,<Residue LEU het=  resseq=126 icode= >,3eyi_B_A,1.45
236,0.0,VAL, ,N,6.67,8.63,0.0,5.51,1.0,<Residue VAL het=  resseq=127 icode= >,3eyi_B_A,1.45
237,0.189,VAL, ,CA,6.86,10.02,0.0,3.53,1.0,<Residue VAL het=  resseq=127 icode= >,3eyi_B_A,1.45
238,0.0,VAL, ,C,6.96,11.00,0.0,3.86,1.0,<Residue VAL het=  resseq=127 icode= >,3eyi_B_A,1.45
239,0.595,VAL, ,O,7.31,12.00,0.0,6.32,1.0,<Residue VAL het=  resseq=127 icode= >,3eyi_B_A,1.45
240,0.0,VAL, ,CB,6.14,10.37,0.0,3.82,1.0,<Residue VAL het=  resseq=127 icode= >,3eyi_B_A,1.45
241,19.075,VAL, ,CG1,6.98,11.92,0.0,3.84,1.0,<Residue VAL het=  resseq=127 icode= >,3eyi_B_A,1.45
242,35.312,VAL, ,CG2,7.62,9.86,0.0,4.23,1.0,<Residue VAL het=  resseq=127 icode= >,3eyi_B_A,1.45
243,0.0,ILE, ,N,6.26,10.85,0.0,5.38,1.0,<Residue ILE het=  resseq=128 icode= >,3eyi_B_A,1.45
244,0.0,ILE, ,CA,6.68,11.89,0.0,3.54,1.0,<Residue ILE het=  resseq=128 icode= >,3eyi_B_A,1.45
245,0.0,ILE, ,C,7.17,11.90,0.0,3.91,1.0,<Residue ILE het=  resseq=128 icode= >,3eyi_B_A,1.45
246,0.0,ILE, ,O,7.15,12.80,0.0,6.16,1.0,<Residue ILE het=  resseq=128 icode= >,3eyi_B_A,1.45
247,0.0,ILE, ,CB,6.54,10.99,0.0,3.89,1.0,<Residue ILE het=  resseq=128 icode= >,3eyi_B_A,1.45
248,0.0,ILE, ,CG1,6.77,10.85,0.0,3.94,1.0,<Residue ILE het=  resseq=128 icode= >,3eyi_B_A,1.45
249,0.0,ILE, ,CG2,7.9,11.62,0.0,3.93,1.0,<Residue ILE het=  resseq=128 icode= >,3eyi_B_A,1.45
250,0.0,ILE, ,CD1,7.86,9.87,0.0,4.08,1.0,<Residue ILE het=  resseq=128 icode= >,3eyi_B_A,1.45
251,0.0,ALA, ,N,6.97,10.75,0.0,4.80,1.0,<Residue ALA het=  resseq=129 icode= >,3eyi_B_A,1.45
252,0.0,ALA, ,CA,7.18,10.56,0.0,3.49,1.0,<Residue ALA het=  resseq=129 icode= >,3eyi_B_A,1.45
253,0.0,ALA, ,C,7.55,11.82,0.0,3.54,1.0,<Residue ALA het=  resseq=129 icode= >,3eyi_B_A,1.45
254,0.0,ALA, ,O,8.05,12.49,0.0,6.90,1.0,<Residue ALA het=  resseq=129 icode= >,3eyi_B_A,1.45
255,0.0,ALA, ,CB,6.82,9.31,0.0,4.75,1.0,<Residue ALA het=  resseq=129 icode= >,3eyi_B_A,1.45
256,0.0,GLN, ,N,7.37,12.09,0.0,4.47,1.0,<Residue GLN het=  resseq=130 icode= >,3eyi_B_A,1.45
257,1.392,GLN, ,CA,6.87,13.08,0.0,3.62,1.0,<Residue GLN het=  resseq=130 icode= >,3eyi_B_A,1.45
258,0.889,GLN, ,C,6.93,14.34,0.0,4.30,1.0,<Residue GLN het=  resseq=130 icode= >,3eyi_B_A,1.45
259,14.498,GLN, ,O,8.33,15.46,0.0,6.24,1.0,<Residue GLN het=  resseq=130 icode= >,3eyi_B_A,1.45
260,14.242,GLN, ,CB,7.09,12.64,0.0,3.83,1.0,<Residue GLN het=  resseq=130 icode= >,3eyi_B_A,1.45
261,10.993,GLN, ,CG,8.27,11.68,0.0,3.20,1.0,<Residue GLN het=  resseq=130 icode= >,3eyi_B_A,1.45
262,6.687,GLN, ,CD,8.24,11.44,0.0,3.82,1.0,<Residue GLN het=  resseq=130 icode= >,3eyi_B_A,1.45
263,38.839,GLN, ,OE1,11.41,12.34,0.0,4.75,1.0,<Residue GLN het=  resseq=130 icode= >,3eyi_B_A,1.45
264,18.857,GLN, ,NE2,8.74,10.45,0.0,4.98,1.0,<Residue GLN het=  resseq=130 icode= >,3eyi_B_A,1.45
265,0.325,ALA, ,N,6.6,14.28,0.0,5.16,1.0,<Residue ALA het=  resseq=131 icode= >,3eyi_B_A,1.45
266,11.896,ALA, ,CA,7.22,15.56,0.0,3.90,1.0,<Residue ALA het=  resseq=131 icode= >,3eyi_B_A,1.45
267,0.0,ALA, ,C,8.84,16.21,0.0,3.74,1.0,<Residue ALA het=  resseq=131 icode= >,3eyi_B_A,1.45
268,27.815,ALA, ,O,11.12,17.40,0.0,5.56,1.0,<Residue ALA het=  resseq=131 icode= >,3eyi_B_A,1.45
269,11.82,ALA, ,CB,8.49,15.43,0.0,3.91,1.0,<Residue ALA het=  resseq=131 icode= >,3eyi_B_A,1.45
270,0.0,LEU, ,N,8.89,15.17,0.0,4.58,1.0,<Residue LEU het=  resseq=132 icode= >,3eyi_B_A,1.45
271,3.606,LEU, ,CA,10.33,15.44,0.0,3.25,1.0,<Residue LEU het=  resseq=132 icode= >,3eyi_B_A,1.45
272,4.105,LEU, ,C,9.69,15.49,0.0,3.74,1.0,<Residue LEU het=  resseq=132 icode= >,3eyi_B_A,1.45
273,15.265,LEU, ,O,12.89,15.61,0.0,4.92,1.0,<Residue LEU het=  resseq=132 icode= >,3eyi_B_A,1.45
274,0.524,LEU, ,CB,11.75,14.59,0.0,3.20,1.0,<Residue LEU het=  resseq=132 icode= >,3eyi_B_A,1.45
275,0.0,LEU, ,CG,14.22,14.89,0.0,2.66,1.0,<Residue LEU het=  resseq=132 icode= >,3eyi_B_A,1.45
276,0.0,LEU, ,CD1,18.05,14.25,0.0,1.97,1.0,<Residue LEU het=  resseq=132 icode= >,3eyi_B_A,1.45
277,19.673,LEU, ,CD2,18.72,16.40,0.0,1.92,1.0,<Residue LEU het=  resseq=132 icode= >,3eyi_B_A,1.45
278,0.883,GLY, ,N,9.89,15.57,0.0,4.50,1.0,<Residue GLY het=  resseq=133 icode= >,3eyi_B_A,1.45
279,33.766,GLY, ,CA,9.81,15.96,0.0,3.76,1.0,<Residue GLY het=  resseq=133 icode= >,3eyi_B_A,1.45
280,2.06,GLY, ,C,11.39,14.91,0.0,3.08,1.0,<Residue GLY het=  resseq=133 icode= >,3eyi_B_A,1.45
281,31.62,GLY, ,O,12.51,15.34,0.0,4.42,1.0,<Residue GLY het=  resseq=133 icode= >,3eyi_B_A,1.45
282,0.0,MET, ,N,9.83,13.63,0.0,4.68,1.0,<Residue MET het=  resseq=134 icode= >,3eyi_B_A,1.45
283,3.476,MET, ,CA,11.27,12.59,0.0,3.38,1.0,<Residue MET het=  resseq=134 icode= >,3eyi_B_A,1.45
284,0.0,MET, ,C,10.96,12.18,0.0,3.68,1.0,<Residue MET het=  resseq=134 icode= >,3eyi_B_A,1.45
285,10.052,MET, ,O,12.54,13.02,0.0,5.05,1.0,<Residue MET het=  resseq=134 icode= >,3eyi_B_A,1.45
286,0.968,MET, ,CB,11.32,11.55,0.0,2.84,1.0,<Residue MET het=  resseq=134 icode= >,3eyi_B_A,1.45
287,17.831,MET, ,CG,14.79,12.33,0.0,2.38,1.0,<Residue MET het=  resseq=134 icode= >,3eyi_B_A,1.45
288,16.294,MET, ,SD,14.66,11.54,0.0,8.17,1.0,<Residue MET het=  resseq=134 icode= >,3eyi_B_A,1.45
289,0.0,MET, ,CE,13.94,11.62,0.0,1.48,1.0,<Residue MET het=  resseq=134 icode= >,3eyi_B_A,1.45
290,0.0,ARG, ,N,10.36,11.08,0.0,4.84,1.0,<Residue ARG het=  resseq=135 icode= >,3eyi_B_A,1.45
291,3.188,ARG, ,CA,10.05,11.07,0.0,3.31,1.0,<Residue ARG het=  resseq=135 icode= >,3eyi_B_A,1.45
292,0.0,ARG, ,C,10.34,9.98,0.0,3.39,1.0,<Residue ARG het=  resseq=135 icode= >,3eyi_B_A,1.45
293,9.779,ARG, ,O,11.48,10.26,0.0,4.73,1.0,<Residue ARG het=  resseq=135 icode= >,3eyi_B_A,1.45
294,6.078,ARG, ,CB,10.86,10.14,0.0,3.67,1.0,<Residue ARG het=  resseq=135 icode= >,3eyi_B_A,1.45
295,11.966,ARG, ,CG,11.97,10.89,0.0,3.09,1.0,<Residue ARG het=  resseq=135 icode= >,3eyi_B_A,1.45
296,39.61,ARG, ,CD,13.97,10.16,0.0,2.77,1.0,<Residue ARG het=  resseq=135 icode= >,3eyi_B_A,1.45
297,13.395,ARG, ,NE,14.96,9.18,0.0,3.33,1.0,<Residue ARG het=  resseq=135 icode= >,3eyi_B_A,1.45
298,6.315,ARG, ,CZ,14.97,9.61,0.0,2.81,1.0,<Residue ARG het=  resseq=135 icode= >,3eyi_B_A,1.45
299,47.218,ARG, ,NH1,15.58,10.93,0.0,3.05,1.0,<Residue ARG het=  resseq=135 icode= >,3eyi_B_A,1.45
300,57.532,ARG, ,NH2,15.17,8.84,0.0,3.69,1.0,<Residue ARG het=  resseq=135 icode= >,3eyi_B_A,1.45
301,0.0,THR, ,N,9.52,8.71,0.0,4.48,1.0,<Residue THR het=  resseq=136 icode= >,3eyi_B_A,1.45
302,0.0,THR, ,CA,9.4,7.75,0.0,3.58,1.0,<Residue THR het=  resseq=136 icode= >,3eyi_B_A,1.45
303,0.0,THR, ,C,8.15,6.65,0.0,4.17,1.0,<Residue THR het=  resseq=136 icode= >,3eyi_B_A,1.45
304,0.0,THR, ,O,8.62,6.71,0.0,5.49,1.0,<Residue THR het=  resseq=136 icode= >,3eyi_B_A,1.45
305,10.93,THR, ,CB,10.12,7.33,0.0,3.31,1.0,<Residue THR het=  resseq=136 icode= >,3eyi_B_A,1.45
306,9.337,THR, ,OG1,12.01,6.57,0.0,5.54,1.0,<Residue THR het=  resseq=136 icode= >,3eyi_B_A,1.45
307,49.403,THR, ,CG2,10.91,7.49,0.0,2.86,1.0,<Residue THR het=  resseq=136 icode= >,3eyi_B_A,1.45
308,1.377,ALA, ,N,8.54,5.94,0.0,5.01,1.0,<Residue ALA het=  resseq=137 icode= >,3eyi_B_A,1.45
309,0.0,ALA, ,CA,7.93,5.14,0.0,3.63,1.0,<Residue ALA het=  resseq=137 icode= >,3eyi_B_A,1.45
310,0.0,ALA, ,C,7.3,4.10,0.0,3.88,1.0,<Residue ALA het=  resseq=137 icode= >,3eyi_B_A,1.45
311,0.0,ALA, ,O,7.41,4.18,0.0,6.23,1.0,<Residue ALA het=  resseq=137 icode= >,3eyi_B_A,1.45
312,26.742,ALA, ,CB,7.69,4.75,10.007,3.88,1.0,<Residue ALA het=  resseq=137 icode= >,3eyi_B_A,1.45
313,2.53,LYS, ,N,7.83,3.70,0.626,5.25,1.0,<Residue LYS het=  resseq=138 icode= >,3eyi_B_A,1.45
314,4.107,LYS, ,CA,9.03,3.27,4.107,3.37,1.0,<Residue LYS het=  resseq=138 icode= >,3eyi_B_A,1.45
315,0.087,LYS, ,C,8.35,4.46,0.0,3.79,1.0,<Residue LYS het=  resseq=138 icode= >,3eyi_B_A,1.45
316,15.782,LYS, ,O,9.56,4.70,0.595,5.92,1.0,<Residue LYS het=  resseq=138 icode= >,3eyi_B_A,1.45
317,12.835,LYS, ,CB,9.7,3.72,3.691,3.47,1.0,<Residue LYS het=  resseq=138 icode= >,3eyi_B_A,1.45
318,20.631,LYS, ,CG,13.57,3.67,12.514,1.79,1.0,<Residue LYS het=  resseq=138 icode= >,3eyi_B_A,1.45
319,30.657,LYS, ,CD,14.03,3.67,9.123,2.90,1.0,<Residue LYS het=  resseq=138 icode= >,3eyi_B_A,1.45
320,44.357,LYS, ,CE,16.32,3.65,6.337,2.63,1.0,<Residue LYS het=  resseq=138 icode= >,3eyi_B_A,1.45
321,48.797,LYS, ,NZ,17.94,2.83,22.106,2.87,1.0,<Residue LYS het=  resseq=138 icode= >,3eyi_B_A,1.45
322,0.0,ASP, ,N,7.81,5.55,0.0,4.83,1.0,<Residue ASP het=  resseq=139 icode= >,3eyi_B_A,1.45
323,5.711,ASP, ,CA,7.81,6.80,0.0,4.07,1.0,<Residue ASP het=  resseq=139 icode= >,3eyi_B_A,1.45
324,1.687,ASP, ,C,8.99,7.06,0.0,3.56,1.0,<Residue ASP het=  resseq=139 icode= >,3eyi_B_A,1.45
325,12.524,ASP, ,O,11.16,8.09,0.0,5.10,1.0,<Residue ASP het=  resseq=139 icode= >,3eyi_B_A,1.45
326,0.875,ASP, ,CB,7.89,8.00,0.0,3.96,1.0,<Residue ASP het=  resseq=139 icode= >,3eyi_B_A,1.45
327,3.694,ASP, ,CG,9.27,8.41,0.0,3.71,1.0,<Residue ASP het=  resseq=139 icode= >,3eyi_B_A,1.45
328,34.588,ASP, ,OD1,14.34,8.47,0.0,4.34,1.0,<Residue ASP het=  resseq=139 icode= >,3eyi_B_A,1.45
329,3.556,ASP, ,OD2,11.33,8.98,0.0,4.85,1.0,<Residue ASP het=  resseq=139 icode= >,3eyi_B_A,1.45
330,0.0,VAL, ,N,7.81,6.41,0.0,4.62,1.0,<Residue VAL het=  resseq=140 icode= >,3eyi_B_A,1.45
331,0.339,VAL, ,CA,7.8,7.14,0.0,3.09,1.0,<Residue VAL het=  resseq=140 icode= >,3eyi_B_A,1.45
332,0.095,VAL, ,C,7.0,6.40,0.0,4.16,1.0,<Residue VAL het=  resseq=140 icode= >,3eyi_B_A,1.45
333,0.0,VAL, ,O,7.07,6.99,0.0,6.43,1.0,<Residue VAL het=  resseq=140 icode= >,3eyi_B_A,1.45
334,0.0,VAL, ,CB,8.41,8.08,0.0,3.04,1.0,<Residue VAL het=  resseq=140 icode= >,3eyi_B_A,1.45
335,0.0,VAL, ,CG1,9.2,9.19,0.0,3.42,1.0,<Residue VAL het=  resseq=140 icode= >,3eyi_B_A,1.45
336,0.0,VAL, ,CG2,9.32,7.51,0.0,3.54,1.0,<Residue VAL het=  resseq=140 icode= >,3eyi_B_A,1.45
337,0.0,ASN, ,N,7.13,5.14,0.0,5.29,1.0,<Residue ASN het=  resseq=141 icode= >,3eyi_B_A,1.45
338,0.0,ASN, ,CA,6.25,4.47,0.0,3.78,1.0,<Residue ASN het=  resseq=141 icode= >,3eyi_B_A,1.45
339,0.488,ASN, ,C,6.67,4.20,0.488,4.15,1.0,<Residue ASN het=  resseq=141 icode= >,3eyi_B_A,1.45
340,0.0,ASN, ,O,7.35,4.32,0.0,5.95,1.0,<Residue ASN het=  resseq=141 icode= >,3eyi_B_A,1.45
341,15.288,ASN, ,CB,5.87,3.22,15.288,3.70,1.0,<Residue ASN het=  resseq=141 icode= >,3eyi_B_A,1.45
342,0.093,ASN, ,CG,7.1,3.74,0.093,3.73,1.0,<Residue ASN het=  resseq=141 icode= >,3eyi_B_A,1.45
343,2.581,ASN, ,OD1,7.98,3.87,2.581,6.10,1.0,<Residue ASN het=  resseq=141 icode= >,3eyi_B_A,1.45
344,32.279,ASN, ,ND2,7.36,2.88,31.979,5.35,1.0,<Residue ASN het=  resseq=141 icode= >,3eyi_B_A,1.45
345,2.802,ARG, ,N,6.77,3.99,2.093,4.79,1.0,<Residue ARG het=  resseq=142 icode= >,3eyi_B_A,1.45
346,9.613,ARG, ,CA,6.7,3.89,9.363,4.07,1.0,<Residue ARG het=  resseq=142 icode= >,3eyi_B_A,1.45
347,0.0,ARG, ,C,6.3,5.16,0.0,4.01,1.0,<Residue ARG het=  resseq=142 icode= >,3eyi_B_A,1.45
348,2.607,ARG, ,O,7.31,5.33,0.005,5.74,1.0,<Residue ARG het=  resseq=142 icode= >,3eyi_B_A,1.45
349,22.411,ARG, ,CB,7.33,3.73,9.101,4.02,1.0,<Residue ARG het=  resseq=142 icode= >,3eyi_B_A,1.45
350,12.616,ARG, ,CG,9.9,3.40,8.568,3.16,1.0,<Residue ARG het=  resseq=142 icode= >,3eyi_B_A,1.45
351,33.23,ARG, ,CD,11.19,3.43,8.702,3.09,1.0,<Residue ARG het=  resseq=142 icode= >,3eyi_B_A,1.45
352,18.601,ARG, ,NE,15.99,3.78,4.05,3.02,1.0,<Residue ARG het=  resseq=142 icode= >,3eyi_B_A,1.45
353,4.755,ARG, ,CZ,14.46,5.03,0.0,3.64,1.0,<Residue ARG het=  resseq=142 icode= >,3eyi_B_A,1.45
354,21.641,ARG, ,NH1,17.91,5.92,0.0,3.02,1.0,<Residue ARG het=  resseq=142 icode= >,3eyi_B_A,1.45
355,56.116,ARG, ,NH2,20.1,5.63,0.0,2.36,1.0,<Residue ARG het=  resseq=142 icode= >,3eyi_B_A,1.45
356,0.0,ASP, ,N,7.38,6.29,0.0,5.63,1.0,<Residue ASP het=  resseq=143 icode= >,3eyi_B_A,1.45
357,0.0,ASP, ,CA,7.66,7.57,0.0,4.20,1.0,<Residue ASP het=  resseq=143 icode= >,3eyi_B_A,1.45
358,0.0,ASP, ,C,7.75,8.01,0.0,3.72,1.0,<Residue ASP het=  resseq=143 icode= >,3eyi_B_A,1.45
359,0.0,ASP, ,O,8.37,8.69,0.0,6.78,1.0,<Residue ASP het=  resseq=143 icode= >,3eyi_B_A,1.45
360,0.0,ASP, ,CB,9.07,8.67,0.0,3.66,1.0,<Residue ASP het=  resseq=143 icode= >,3eyi_B_A,1.45
361,0.181,ASP, ,CG,12.81,8.47,0.0,2.93,1.0,<Residue ASP het=  resseq=143 icode= >,3eyi_B_A,1.45
362,1.21,ASP, ,OD1,15.89,7.94,0.0,3.80,1.0,<Residue ASP het=  resseq=143 icode= >,3eyi_B_A,1.45
363,14.603,ASP, ,OD2,19.61,8.92,0.0,3.32,1.0,<Residue ASP het=  resseq=143 icode= >,3eyi_B_A,1.45
364,0.0,LEU, ,N,7.21,7.44,0.0,4.92,1.0,<Residue LEU het=  resseq=144 icode= >,3eyi_B_A,1.45
365,0.0,LEU, ,CA,7.22,7.79,0.0,3.75,1.0,<Residue LEU het=  resseq=144 icode= >,3eyi_B_A,1.45
366,0.0,LEU, ,C,7.45,7.27,0.0,4.01,1.0,<Residue LEU het=  resseq=144 icode= >,3eyi_B_A,1.45
367,0.0,LEU, ,O,6.87,8.11,0.0,6.36,1.0,<Residue LEU het=  resseq=144 icode= >,3eyi_B_A,1.45
368,0.0,LEU, ,CB,6.92,7.35,0.0,3.79,1.0,<Residue LEU het=  resseq=144 icode= >,3eyi_B_A,1.45
369,0.0,LEU, ,CG,5.56,7.82,0.0,3.53,1.0,<Residue LEU het=  resseq=144 icode= >,3eyi_B_A,1.45
370,0.0,LEU, ,CD1,8.41,6.81,0.0,3.53,1.0,<Residue LEU het=  resseq=144 icode= >,3eyi_B_A,1.45
371,0.0,LEU, ,CD2,8.71,9.00,0.0,3.49,1.0,<Residue LEU het=  resseq=144 icode= >,3eyi_B_A,1.45
372,0.0,TYR, ,N,6.74,5.97,0.0,5.81,1.0,<Residue TYR het=  resseq=145 icode= >,3eyi_B_A,1.45
373,0.0,TYR, ,CA,6.82,5.64,0.0,4.02,1.0,<Residue TYR het=  resseq=145 icode= >,3eyi_B_A,1.45
374,1.598,TYR, ,C,8.62,6.50,0.0,3.47,1.0,<Residue TYR het=  resseq=145 icode= >,3eyi_B_A,1.45
375,4.239,TYR, ,O,9.09,7.21,0.0,5.23,1.0,<Residue TYR het=  resseq=145 icode= >,3eyi_B_A,1.45
376,20.919,TYR, ,CB,7.95,4.18,9.503,3.76,1.0,<Residue TYR het=  resseq=145 icode= >,3eyi_B_A,1.45
377,2.397,TYR, ,CG,7.48,3.82,2.397,3.88,1.0,<Residue TYR het=  resseq=145 icode= >,3eyi_B_A,1.45
378,15.93,TYR, ,CD1,7.0,3.75,5.283,4.13,1.0,<Residue TYR het=  resseq=145 icode= >,3eyi_B_A,1.45
379,5.526,TYR, ,CD2,7.0,3.57,5.526,3.70,1.0,<Residue TYR het=  resseq=145 icode= >,3eyi_B_A,1.45
380,18.331,TYR, ,CE1,7.86,3.60,7.65,4.18,1.0,<Residue TYR het=  resseq=145 icode= >,3eyi_B_A,1.45
381,9.014,TYR, ,CE2,7.57,3.45,9.014,3.99,1.0,<Residue TYR het=  resseq=145 icode= >,3eyi_B_A,1.45
382,5.23,TYR, ,CZ,6.2,3.45,5.23,4.24,1.0,<Residue TYR het=  resseq=145 icode= >,3eyi_B_A,1.45
383,23.769,TYR, ,OH,9.83,2.62,17.927,4.95,1.0,<Residue TYR het=  resseq=145 icode= >,3eyi_B_A,1.45
384,1.053,ARG, ,N,7.01,6.71,0.0,5.09,1.0,<Residue ARG het=  resseq=146 icode= >,3eyi_B_A,1.45
385,4.971,ARG, ,CA,7.61,7.70,0.0,3.64,1.0,<Residue ARG het=  resseq=146 icode= >,3eyi_B_A,1.45
386,0.0,ARG, ,C,7.92,9.08,0.0,3.39,1.0,<Residue ARG het=  resseq=146 icode= >,3eyi_B_A,1.45
387,0.0,ARG, ,O,8.54,9.90,0.0,6.44,1.0,<Residue ARG het=  resseq=146 icode= >,3eyi_B_A,1.45
388,5.728,ARG, ,CB,8.13,7.45,0.0,3.29,1.0,<Residue ARG het=  resseq=146 icode= >,3eyi_B_A,1.45
389,8.058,ARG, ,CG,10.83,8.19,0.0,3.03,1.0,<Residue ARG het=  resseq=146 icode= >,3eyi_B_A,1.45
390,21.922,ARG, ,CD,12.72,8.06,0.0,3.30,1.0,<Residue ARG het=  resseq=146 icode= >,3eyi_B_A,1.45
391,3.814,ARG, ,NE,13.86,8.54,0.0,3.78,1.0,<Residue ARG het=  resseq=146 icode= >,3eyi_B_A,1.45
392,1.435,ARG, ,CZ,12.99,7.97,0.0,3.30,1.0,<Residue ARG het=  resseq=146 icode= >,3eyi_B_A,1.45
393,1.365,ARG, ,NH1,14.72,6.66,0.0,3.46,1.0,<Residue ARG het=  resseq=146 icode= >,3eyi_B_A,1.45
394,0.0,ARG, ,NH2,14.46,8.89,0.0,3.85,1.0,<Residue ARG het=  resseq=146 icode= >,3eyi_B_A,1.45
395,0.0,MET, ,N,6.71,9.51,0.0,5.53,1.0,<Residue MET het=  resseq=147 icode= >,3eyi_B_A,1.45
396,0.052,MET, ,CA,7.83,10.80,0.0,2.94,1.0,<Residue MET het=  resseq=147 icode= >,3eyi_B_A,1.45
397,0.0,MET, ,C,7.52,10.91,0.0,3.94,1.0,<Residue MET het=  resseq=147 icode= >,3eyi_B_A,1.45
398,0.0,MET, ,O,8.84,12.03,0.0,6.32,1.0,<Residue MET het=  resseq=147 icode= >,3eyi_B_A,1.45
399,0.0,MET, ,CB,6.64,11.25,0.0,3.78,1.0,<Residue MET het=  resseq=147 icode= >,3eyi_B_A,1.45
400,0.736,MET, ,CG,9.09,11.69,0.0,3.19,1.0,<Residue MET het=  resseq=147 icode= >,3eyi_B_A,1.45
401,0.0,MET, ,SD,5.82,12.27,0.0,9.11,1.0,<Residue MET het=  resseq=147 icode= >,3eyi_B_A,1.45
402,0.0,MET, ,CE,13.28,13.87,0.0,2.60,1.0,<Residue MET het=  resseq=147 icode= >,3eyi_B_A,1.45
403,0.0,LYS, ,N,8.08,9.92,0.0,4.55,1.0,<Residue LYS het=  resseq=148 icode= >,3eyi_B_A,1.45
404,0.0,LYS, ,CA,8.71,10.16,0.0,3.48,1.0,<Residue LYS het=  resseq=148 icode= >,3eyi_B_A,1.45
405,0.017,LYS, ,C,9.47,10.50,0.0,3.89,1.0,<Residue LYS het=  resseq=148 icode= >,3eyi_B_A,1.45
406,1.284,LYS, ,O,10.53,11.37,0.0,5.32,1.0,<Residue LYS het=  resseq=148 icode= >,3eyi_B_A,1.45
407,0.556,LYS, ,CB,10.41,8.93,0.0,3.60,1.0,<Residue LYS het=  resseq=148 icode= >,3eyi_B_A,1.45
408,7.559,LYS, ,CG,13.03,9.18,0.0,2.91,1.0,<Residue LYS het=  resseq=148 icode= >,3eyi_B_A,1.45
409,3.944,LYS, ,CD,16.27,8.11,0.0,2.66,1.0,<Residue LYS het=  resseq=148 icode= >,3eyi_B_A,1.45
410,6.417,LYS, ,CE,19.03,8.77,0.0,2.05,1.0,<Residue LYS het=  resseq=148 icode= >,3eyi_B_A,1.45
411,46.17,LYS, ,NZ,19.74,8.84,0.0,2.21,1.0,<Residue LYS het=  resseq=148 icode= >,3eyi_B_A,1.45
412,0.18,SER, ,N,9.65,10.04,0.0,4.31,1.0,<Residue SER het=  resseq=149 icode= >,3eyi_B_A,1.45
413,9.969,SER, ,CA,10.82,10.56,0.0,3.11,1.0,<Residue SER het=  resseq=149 icode= >,3eyi_B_A,1.45
414,0.0,SER, ,C,11.25,11.93,0.0,3.41,1.0,<Residue SER het=  resseq=149 icode= >,3eyi_B_A,1.45
415,19.18,SER, ,O,12.84,12.73,0.0,4.59,1.0,<Residue SER het=  resseq=149 icode= >,3eyi_B_A,1.45
416,38.28,SER, ,CB,11.21,9.61,0.0,3.58,1.0,<Residue SER het=  resseq=149 icode= >,3eyi_B_A,1.45
417,11.213,SER, ,OG,15.45,9.80,0.0,3.32,1.0,<Residue SER het=  resseq=149 icode= >,3eyi_B_A,1.45
418,0.0,ARG, ,N,11.13,12.30,0.0,4.60,1.0,<Residue ARG het=  resseq=150 icode= >,3eyi_B_A,1.45
419,6.501,ARG, ,CA,12.52,13.67,0.0,2.90,1.0,<Residue ARG het=  resseq=150 icode= >,3eyi_B_A,1.45
420,0.093,ARG, ,C,11.62,14.61,0.0,3.99,1.0,<Residue ARG het=  resseq=150 icode= >,3eyi_B_A,1.45
421,16.585,ARG, ,O,11.96,15.78,0.0,5.14,1.0,<Residue ARG het=  resseq=150 icode= >,3eyi_B_A,1.45
422,7.19,ARG, ,CB,14.09,13.78,0.0,2.91,1.0,<Residue ARG het=  resseq=150 icode= >,3eyi_B_A,1.45
423,7.278,ARG, ,CG,19.62,13.06,0.0,1.66,1.0,<Residue ARG het=  resseq=150 icode= >,3eyi_B_A,1.45
424,19.166,ARG, ,CD,28.49,12.97,0.0,0.78,1.0,<Residue ARG het=  resseq=150 icode= >,3eyi_B_A,1.45
425,3.07,ARG, ,NE,35.34,11.86,0.0,0.69,1.0,<Residue ARG het=  resseq=150 icode= >,3eyi_B_A,1.45
426,5.956,ARG, ,CZ,38.57,11.98,0.0,0.56,1.0,<Residue ARG het=  resseq=150 icode= >,3eyi_B_A,1.45
427,47.403,ARG, ,NH1,38.59,13.13,0.0,1.03,1.0,<Residue ARG het=  resseq=150 icode= >,3eyi_B_A,1.45
428,40.392,ARG, ,NH2,39.64,11.07,0.0,0.70,1.0,<Residue ARG het=  resseq=150 icode= >,3eyi_B_A,1.45
429,0.0,HIS, ,N,11.36,14.04,0.0,4.43,1.0,<Residue HIS het=  resseq=151 icode= >,3eyi_B_A,1.45
430,0.0,HIS, ,CA,11.38,14.75,0.0,2.73,1.0,<Residue HIS het=  resseq=151 icode= >,3eyi_B_A,1.45
431,0.0,HIS, ,C,11.49,15.51,0.0,2.91,1.0,<Residue HIS het=  resseq=151 icode= >,3eyi_B_A,1.45
432,10.954,HIS, ,O,12.32,16.64,0.0,4.48,1.0,<Residue HIS het=  resseq=151 icode= >,3eyi_B_A,1.45
433,14.782,HIS, ,CB,11.77,15.73,0.0,3.19,1.0,<Residue HIS het=  resseq=151 icode= >,3eyi_B_A,1.45
434,2.462,HIS, ,CG,12.89,15.15,0.0,3.09,1.0,<Residue HIS het=  resseq=151 icode= >,3eyi_B_A,1.45
435,7.488,HIS, ,ND1,14.46,14.33,0.0,3.04,1.0,<Residue HIS het=  resseq=151 icode= >,3eyi_B_A,1.45
436,23.987,HIS, ,CD2,12.97,15.29,0.0,3.53,1.0,<Residue HIS het=  resseq=151 icode= >,3eyi_B_A,1.45
437,37.244,HIS, ,CE1,11.68,14.04,0.0,3.13,1.0,<Residue HIS het=  resseq=151 icode= >,3eyi_B_A,1.45
438,23.875,HIS, ,NE2,17.46,14.62,0.0,2.41,1.0,<Residue HIS het=  resseq=151 icode= >,3eyi_B_A,1.45
439,0.0,LEU, ,N,10.26,14.84,0.0,4.71,1.0,<Residue LEU het=  resseq=152 icode= >,3eyi_B_A,1.45
440,1.486,LEU, ,CA,10.92,15.39,0.0,3.61,1.0,<Residue LEU het=  resseq=152 icode= >,3eyi_B_A,1.45
441,0.0,LEU, ,C,10.09,15.05,0.0,4.15,1.0,<Residue LEU het=  resseq=152 icode= >,3eyi_B_A,1.45
442,0.515,LEU, ,O,10.58,15.55,0.0,5.32,1.0,<Residue LEU het=  resseq=152 icode= >,3eyi_B_A,1.45
443,0.0,LEU, ,CB,12.93,15.10,0.0,3.45,1.0,<Residue LEU het=  resseq=152 icode= >,3eyi_B_A,1.45
444,0.462,LEU, ,CG,18.01,15.86,0.0,2.14,1.0,<Residue LEU het=  resseq=152 icode= >,3eyi_B_A,1.45
445,6.747,LEU, ,CD1,21.2,15.77,0.0,2.00,1.0,<Residue LEU het=  resseq=152 icode= >,3eyi_B_A,1.45
446,27.437,LEU, ,CD2,23.72,17.35,0.0,1.19,1.0,<Residue LEU het=  resseq=152 icode= >,3eyi_B_A,1.45
447,0.0,LEU, ,N,9.25,13.81,0.0,5.23,1.0,<Residue LEU het=  resseq=153 icode= >,3eyi_B_A,1.45
448,0.0,LEU, ,CA,9.01,12.91,0.0,3.70,1.0,<Residue LEU het=  resseq=153 icode= >,3eyi_B_A,1.45
449,0.0,LEU, ,C,9.8,12.42,0.0,3.73,1.0,<Residue LEU het=  resseq=153 icode= >,3eyi_B_A,1.45
450,1.152,LEU, ,O,10.52,12.52,0.0,4.46,1.0,<Residue LEU het=  resseq=153 icode= >,3eyi_B_A,1.45
451,0.0,LEU, ,CB,8.48,11.74,0.0,3.30,1.0,<Residue LEU het=  resseq=153 icode= >,3eyi_B_A,1.45
452,0.0,LEU, ,CG,8.04,12.23,0.0,3.20,1.0,<Residue LEU het=  resseq=153 icode= >,3eyi_B_A,1.45
453,0.0,LEU, ,CD1,9.04,11.11,0.0,3.92,1.0,<Residue LEU het=  resseq=153 icode= >,3eyi_B_A,1.45
454,0.0,LEU, ,CD2,9.75,13.24,0.0,3.48,1.0,<Residue LEU het=  resseq=153 icode= >,3eyi_B_A,1.45
455,0.0,ASP, ,N,10.35,12.06,0.0,4.44,1.0,<Residue ASP het=  resseq=154 icode= >,3eyi_B_A,1.45
456,0.0,ASP, ,CA,11.8,11.46,0.0,3.42,1.0,<Residue ASP het=  resseq=154 icode= >,3eyi_B_A,1.45
457,0.0,ASP, ,C,12.17,10.33,0.0,2.83,1.0,<Residue ASP het=  resseq=154 icode= >,3eyi_B_A,1.45
458,0.0,ASP, ,O,10.52,10.27,0.0,5.00,1.0,<Residue ASP het=  resseq=154 icode= >,3eyi_B_A,1.45
459,5.616,ASP, ,CB,13.86,12.61,0.0,3.01,1.0,<Residue ASP het=  resseq=154 icode= >,3eyi_B_A,1.45
460,4.09,ASP, ,CG,15.63,12.49,0.0,2.65,1.0,<Residue ASP het=  resseq=154 icode= >,3eyi_B_A,1.45
461,11.023,ASP, ,OD1,16.24,11.64,0.0,3.82,1.0,<Residue ASP het=  resseq=154 icode= >,3eyi_B_A,1.45
462,40.214,ASP, ,OD2,22.11,13.38,0.0,2.64,1.0,<Residue ASP het=  resseq=154 icode= >,3eyi_B_A,1.45
463,0.0,MET, ,N,12.96,9.62,0.0,3.64,1.0,<Residue MET het=  resseq=155 icode= >,3eyi_B_A,1.45
464,0.0,MET, ,CA,12.42,8.64,0.0,3.29,1.0,<Residue MET het=  resseq=155 icode= >,3eyi_B_A,1.45
465,1.456,MET, ,C,13.82,9.24,0.0,3.25,1.0,<Residue MET het=  resseq=155 icode= >,3eyi_B_A,1.45
466,9.669,MET, ,O,13.87,9.65,0.0,3.97,1.0,<Residue MET het=  resseq=155 icode= >,3eyi_B_A,1.45
467,0.0,MET, ,CB,13.03,7.21,0.0,2.95,1.0,<Residue MET het=  resseq=155 icode= >,3eyi_B_A,1.45
468,0.0,MET, ,CG,15.02,6.13,0.0,2.07,1.0,<Residue MET het=  resseq=155 icode= >,3eyi_B_A,1.45
469,7.858,MET, ,SD,15.33,4.41,4.893,8.61,1.0,<Residue MET het=  resseq=155 icode= >,3eyi_B_A,1.45
470,13.027,MET, ,CE,22.94,5.18,0.0,1.16,1.0,<Residue MET het=  resseq=155 icode= >,3eyi_B_A,1.45
471,1.0,ASP, ,N,14.14,9.57,0.0,3.67,1.0,<Residue ASP het=  resseq=156 icode= >,3eyi_B_A,1.45
472,7.256,ASP, ,CA,16.67,10.26,0.0,2.53,1.0,<Residue ASP het=  resseq=156 icode= >,3eyi_B_A,1.45
473,0.0,ASP, ,C,16.67,9.37,0.0,3.40,1.0,<Residue ASP het=  resseq=156 icode= >,3eyi_B_A,1.45
474,0.0,ASP, ,O,16.49,8.61,0.0,4.20,1.0,<Residue ASP het=  resseq=156 icode= >,3eyi_B_A,1.45
475,14.293,ASP, ,CB,16.41,11.17,0.0,2.39,1.0,<Residue ASP het=  resseq=156 icode= >,3eyi_B_A,1.45
476,5.279,ASP, ,CG,21.72,12.18,0.0,2.33,1.0,<Residue ASP het=  resseq=156 icode= >,3eyi_B_A,1.45
477,39.409,ASP, ,OD1,28.27,13.35,0.0,1.64,1.0,<Residue ASP het=  resseq=156 icode= >,3eyi_B_A,1.45
478,0.641,ASP, ,OD2,24.45,11.80,0.0,2.82,1.0,<Residue ASP het=  resseq=156 icode= >,3eyi_B_A,1.45
479,4.79,GLU, ,N,18.81,9.63,0.0,3.19,1.0,<Residue GLU het=  resseq=157 icode= >,3eyi_B_A,1.45
480,0.031,GLU, ,CA,20.95,8.78,0.0,1.85,1.0,<Residue GLU het=  resseq=157 icode= >,3eyi_B_A,1.45
481,1.371,GLU, ,C,20.79,8.78,0.0,2.68,1.0,<Residue GLU het=  resseq=157 icode= >,3eyi_B_A,1.45
482,15.109,GLU, ,O,23.04,7.71,0.0,2.47,1.0,<Residue GLU het=  resseq=157 icode= >,3eyi_B_A,1.45
483,26.755,GLU, ,CB,22.09,9.42,0.0,1.68,1.0,<Residue GLU het=  resseq=157 icode= >,3eyi_B_A,1.45
484,32.957,GLU, ,CG,27.38,9.40,0.0,0.96,1.0,<Residue GLU het=  resseq=157 icode= >,3eyi_B_A,1.45
485,8.13,GLU, ,CD,33.78,8.09,0.0,0.75,1.0,<Residue GLU het=  resseq=157 icode= >,3eyi_B_A,1.45
486,24.45,GLU, ,OE1,35.57,7.12,0.0,1.51,1.0,<Residue GLU het=  resseq=157 icode= >,3eyi_B_A,1.45
487,23.072,GLU, ,OE2,35.72,8.06,0.0,1.07,1.0,<Residue GLU het=  resseq=157 icode= >,3eyi_B_A,1.45
488,1.488,GLN, ,N,20.73,9.87,0.0,2.63,1.0,<Residue GLN het=  resseq=158 icode= >,3eyi_B_A,1.45
489,11.128,GLN, ,CA,19.58,10.08,0.0,2.31,1.0,<Residue GLN het=  resseq=158 icode= >,3eyi_B_A,1.45
490,0.0,GLN, ,C,19.13,9.47,0.0,2.45,1.0,<Residue GLN het=  resseq=158 icode= >,3eyi_B_A,1.45
491,18.745,GLN, ,O,19.61,8.80,0.0,2.86,1.0,<Residue GLN het=  resseq=158 icode= >,3eyi_B_A,1.45
492,23.158,GLN, ,CB,20.06,11.59,0.0,1.96,1.0,<Residue GLN het=  resseq=158 icode= >,3eyi_B_A,1.45
493,34.214,GLN, ,CG,21.3,12.06,0.0,1.80,1.0,<Residue GLN het=  resseq=158 icode= >,3eyi_B_A,1.45
494,5.536,GLN, ,CD,21.12,12.40,0.0,2.37,1.0,<Residue GLN het=  resseq=158 icode= >,3eyi_B_A,1.45
495,23.11,GLN, ,OE1,21.9,13.23,0.0,2.76,1.0,<Residue GLN het=  resseq=158 icode= >,3eyi_B_A,1.45
496,37.474,GLN, ,NE2,18.67,11.67,0.0,3.34,1.0,<Residue GLN het=  resseq=158 icode= >,3eyi_B_A,1.45
497,0.0,SER, ,N,16.45,9.88,0.0,3.68,1.0,<Residue SER het=  resseq=159 icode= >,3eyi_B_A,1.45
498,0.801,SER, ,CA,15.97,9.47,0.0,2.70,1.0,<Residue SER het=  resseq=159 icode= >,3eyi_B_A,1.45
499,0.0,SER, ,C,14.89,8.38,0.0,3.05,1.0,<Residue SER het=  resseq=159 icode= >,3eyi_B_A,1.45
500,0.34,SER, ,O,13.83,7.72,0.0,4.65,1.0,<Residue SER het=  resseq=159 icode= >,3eyi_B_A,1.45
501,25.668,SER, ,CB,15.69,10.60,0.0,2.39,1.0,<Residue SER het=  resseq=159 icode= >,3eyi_B_A,1.45
502,3.707,SER, ,OG,14.2,11.12,0.0,5.07,1.0,<Residue SER het=  resseq=159 icode= >,3eyi_B_A,1.45
503,0.0,LYS, ,N,14.09,7.98,0.0,3.87,1.0,<Residue LYS het=  resseq=160 icode= >,3eyi_B_A,1.45
504,0.159,LYS, ,CA,14.64,6.98,0.0,1.91,1.0,<Residue LYS het=  resseq=160 icode= >,3eyi_B_A,1.45
505,0.0,LYS, ,C,12.96,7.35,0.0,2.77,1.0,<Residue LYS het=  resseq=160 icode= >,3eyi_B_A,1.45
506,1.67,LYS, ,O,12.03,6.59,0.0,4.47,1.0,<Residue LYS het=  resseq=160 icode= >,3eyi_B_A,1.45
507,9.355,LYS, ,CB,15.84,5.84,0.016,2.54,1.0,<Residue LYS het=  resseq=160 icode= >,3eyi_B_A,1.45
508,11.027,LYS, ,CG,19.83,5.03,3.135,1.59,1.0,<Residue LYS het=  resseq=160 icode= >,3eyi_B_A,1.45
509,9.113,LYS, ,CD,25.13,4.19,5.113,0.85,1.0,<Residue LYS het=  resseq=160 icode= >,3eyi_B_A,1.45
510,45.534,LYS, ,CE,25.69,3.38,25.613,0.85,1.0,<Residue LYS het=  resseq=160 icode= >,3eyi_B_A,1.45
511,48.676,LYS, ,NZ,30.68,3.06,28.519,0.88,1.0,<Residue LYS het=  resseq=160 icode= >,3eyi_B_A,1.45
512,0.0,ALA, ,N,10.84,8.62,0.0,4.35,1.0,<Residue ALA het=  resseq=161 icode= >,3eyi_B_A,1.45
513,0.0,ALA, ,CA,9.88,9.21,0.0,3.53,1.0,<Residue ALA het=  resseq=161 icode= >,3eyi_B_A,1.45
514,0.0,ALA, ,C,9.93,9.18,0.0,3.54,1.0,<Residue ALA het=  resseq=161 icode= >,3eyi_B_A,1.45
515,0.691,ALA, ,O,11.43,9.39,0.0,5.32,1.0,<Residue ALA het=  resseq=161 icode= >,3eyi_B_A,1.45
516,13.218,ALA, ,CB,10.3,10.67,0.0,3.48,1.0,<Residue ALA het=  resseq=161 icode= >,3eyi_B_A,1.45
517,0.0,TRP, ,N,8.39,9.14,0.0,4.94,1.0,<Residue TRP het=  resseq=162 icode= >,3eyi_B_A,1.45
518,0.0,TRP, ,CA,7.74,9.45,0.0,3.58,1.0,<Residue TRP het=  resseq=162 icode= >,3eyi_B_A,1.45
519,0.0,TRP, ,C,8.64,10.94,0.0,3.86,1.0,<Residue TRP het=  resseq=162 icode= >,3eyi_B_A,1.45
520,0.0,TRP, ,O,8.81,11.62,0.0,5.24,1.0,<Residue TRP het=  resseq=162 icode= >,3eyi_B_A,1.45
521,0.0,TRP, ,CB,7.29,8.92,0.0,3.94,1.0,<Residue TRP het=  resseq=162 icode= >,3eyi_B_A,1.45
522,0.0,TRP, ,CG,7.02,7.45,0.0,3.76,1.0,<Residue TRP het=  resseq=162 icode= >,3eyi_B_A,1.45
523,0.0,TRP, ,CD1,7.85,6.47,0.0,3.67,1.0,<Residue TRP het=  resseq=162 icode= >,3eyi_B_A,1.45
524,0.0,TRP, ,CD2,7.62,6.98,0.0,3.82,1.0,<Residue TRP het=  resseq=162 icode= >,3eyi_B_A,1.45
525,3.525,TRP, ,NE1,8.19,5.22,1.537,4.99,1.0,<Residue TRP het=  resseq=162 icode= >,3eyi_B_A,1.45
526,0.0,TRP, ,CE2,7.14,5.56,0.0,3.79,1.0,<Residue TRP het=  resseq=162 icode= >,3eyi_B_A,1.45
527,0.0,TRP, ,CE3,8.13,7.83,0.0,3.59,1.0,<Residue TRP het=  resseq=162 icode= >,3eyi_B_A,1.45
528,0.014,TRP, ,CZ2,9.43,5.07,0.014,3.30,1.0,<Residue TRP het=  resseq=162 icode= >,3eyi_B_A,1.45
529,0.0,TRP, ,CZ3,9.85,7.45,0.0,3.58,1.0,<Residue TRP het=  resseq=162 icode= >,3eyi_B_A,1.45
530,0.0,TRP, ,CH2,9.33,6.17,0.0,3.78,1.0,<Residue TRP het=  resseq=162 icode= >,3eyi_B_A,1.45
531,0.0,THR, ,N,8.49,11.58,0.0,5.10,1.0,<Residue THR het=  resseq=163 icode= >,3eyi_B_A,1.45
532,0.183,THR, ,CA,10.02,13.04,0.0,3.37,1.0,<Residue THR het=  resseq=163 icode= >,3eyi_B_A,1.45
533,0.0,THR, ,C,9.73,13.56,0.0,3.46,1.0,<Residue THR het=  resseq=163 icode= >,3eyi_B_A,1.45
534,0.0,THR, ,O,9.6,12.98,0.0,5.74,1.0,<Residue THR het=  resseq=163 icode= >,3eyi_B_A,1.45
535,1.663,THR, ,CB,10.4,13.74,0.0,3.27,1.0,<Residue THR het=  resseq=163 icode= >,3eyi_B_A,1.45
536,18.057,THR, ,OG1,13.23,15.15,0.0,4.40,1.0,<Residue THR het=  resseq=163 icode= >,3eyi_B_A,1.45
537,23.699,THR, ,CG2,11.21,13.47,0.0,2.96,1.0,<Residue THR het=  resseq=163 icode= >,3eyi_B_A,1.45
538,0.58,ILE, ,N,8.9,14.76,0.0,4.78,1.0,<Residue ILE het=  resseq=164 icode= >,3eyi_B_A,1.45
539,0.0,ILE, ,CA,10.67,15.54,0.0,3.14,1.0,<Residue ILE het=  resseq=164 icode= >,3eyi_B_A,1.45
540,0.0,ILE, ,C,11.14,15.88,0.0,3.61,1.0,<Residue ILE het=  resseq=164 icode= >,3eyi_B_A,1.45
541,4.684,ILE, ,O,12.27,16.05,0.0,5.10,1.0,<Residue ILE het=  resseq=164 icode= >,3eyi_B_A,1.45
542,0.0,ILE, ,CB,11.16,16.85,0.0,3.05,1.0,<Residue ILE het=  resseq=164 icode= >,3eyi_B_A,1.45
543,13.987,ILE, ,CG1,12.35,17.82,0.0,2.88,1.0,<Residue ILE het=  resseq=164 icode= >,3eyi_B_A,1.45
544,0.0,ILE, ,CG2,10.92,16.67,0.0,3.05,1.0,<Residue ILE het=  resseq=164 icode= >,3eyi_B_A,1.45
545,24.159,ILE, ,CD1,16.58,19.19,0.0,1.69,1.0,<Residue ILE het=  resseq=164 icode= >,3eyi_B_A,1.45
546,0.282,TYR, ,N,13.27,16.10,0.0,4.08,1.0,<Residue TYR het=  resseq=165 icode= >,3eyi_B_A,1.45
547,0.865,TYR, ,CA,14.69,16.46,0.0,3.22,1.0,<Residue TYR het=  resseq=165 icode= >,3eyi_B_A,1.45
548,21.697,TYR, ,C,16.44,17.88,0.0,3.04,1.0,<Residue TYR het=  resseq=165 icode= >,3eyi_B_A,1.45
549,31.188,TYR, ,O,20.5,18.10,0.0,2.63,1.0,<Residue TYR het=  resseq=165 icode= >,3eyi_B_A,1.45
550,4.765,TYR, ,CB,14.28,16.52,0.0,2.86,1.0,<Residue TYR het=  resseq=165 icode= >,3eyi_B_A,1.45
551,0.385,TYR, ,CG,14.52,16.85,0.0,2.53,1.0,<Residue TYR het=  resseq=165 icode= >,3eyi_B_A,1.45
552,0.453,TYR, ,CD1,14.81,15.96,0.0,2.86,1.0,<Residue TYR het=  resseq=165 icode= >,3eyi_B_A,1.45
553,14.268,TYR, ,CD2,16.93,18.15,0.0,2.31,1.0,<Residue TYR het=  resseq=165 icode= >,3eyi_B_A,1.45
554,11.968,TYR, ,CE1,15.48,16.44,0.0,3.13,1.0,<Residue TYR het=  resseq=165 icode= >,3eyi_B_A,1.45
555,33.306,TYR, ,CE2,16.85,18.59,0.0,2.37,1.0,<Residue TYR het=  resseq=165 icode= >,3eyi_B_A,1.45
556,6.755,TYR, ,CZ,16.36,17.77,0.0,2.48,1.0,<Residue TYR het=  resseq=165 icode= >,3eyi_B_A,1.45
557,41.733,TYR, ,OH,16.98,18.38,0.0,3.55,1.0,<Residue TYR het=  resseq=165 icode= >,3eyi_B_A,1.45
