,ASA,aa,altloc,atom,bfac,dens,occ,residue,id,resolu
0,52.945,GLY, ,N,33.14,1.42,1.0,<Residue GLY het=  resseq=111 icode= >,3fgh_A_B,1.35
1,43.279,GLY, ,CA,31.12,1.51,1.0,<Residue GLY het=  resseq=111 icode= >,3fgh_A_B,1.35
2,1.58,GLY, ,C,31.4,2.46,1.0,<Residue GLY het=  resseq=111 icode= >,3fgh_A_B,1.35
3,12.004,GLY, ,O,30.54,3.00,1.0,<Residue GLY het=  resseq=111 icode= >,3fgh_A_B,1.35
4,7.485,LYS, ,N,29.94,2.72,1.0,<Residue LYS het=  resseq=112 icode= >,3fgh_A_B,1.35
5,0.0,LYS, ,CA,28.94,2.14,1.0,<Residue LYS het=  resseq=112 icode= >,3fgh_A_B,1.35
6,0.134,LYS, ,C,25.88,2.70,1.0,<Residue LYS het=  resseq=112 icode= >,3fgh_A_B,1.35
7,12.788,LYS, ,O,24.85,3.84,1.0,<Residue LYS het=  resseq=112 icode= >,3fgh_A_B,1.35
8,15.822,LYS, ,CB,31.29,1.23,1.0,<Residue LYS het=  resseq=112 icode= >,3fgh_A_B,1.35
9,0.0,LYS, ,CG,33.43,1.25,1.0,<Residue LYS het=  resseq=112 icode= >,3fgh_A_B,1.35
10,19.595,LYS, ,CD,35.74,1.08,1.0,<Residue LYS het=  resseq=112 icode= >,3fgh_A_B,1.35
11,31.68,LYS, ,CE,36.34,1.47,1.0,<Residue LYS het=  resseq=112 icode= >,3fgh_A_B,1.35
12,41.808,LYS, ,NZ,37.51,1.20,1.0,<Residue LYS het=  resseq=112 icode= >,3fgh_A_B,1.35
13,0.0,PRO, ,N,24.06,2.83,1.0,<Residue PRO het=  resseq=113 icode= >,3fgh_A_B,1.35
14,10.705,PRO, ,CA,23.02,2.11,1.0,<Residue PRO het=  resseq=113 icode= >,3fgh_A_B,1.35
15,0.0,PRO, ,C,21.63,3.95,1.0,<Residue PRO het=  resseq=113 icode= >,3fgh_A_B,1.35
16,1.778,PRO, ,O,21.94,4.20,1.0,<Residue PRO het=  resseq=113 icode= >,3fgh_A_B,1.35
17,0.427,PRO, ,CB,23.94,2.71,1.0,<Residue PRO het=  resseq=113 icode= >,3fgh_A_B,1.35
18,7.647,PRO, ,CG,25.04,2.49,1.0,<Residue PRO het=  resseq=113 icode= >,3fgh_A_B,1.35
19,0.015,PRO, ,CD,25.29,2.04,1.0,<Residue PRO het=  resseq=113 icode= >,3fgh_A_B,1.35
20,5.114,LYS, ,N,21.92,3.43,1.0,<Residue LYS het=  resseq=114 icode= >,3fgh_A_B,1.35
21,4.704,LYS, ,CA,21.43,3.08,1.0,<Residue LYS het=  resseq=114 icode= >,3fgh_A_B,1.35
22,0.0,LYS, ,C,18.71,4.58,1.0,<Residue LYS het=  resseq=114 icode= >,3fgh_A_B,1.35
23,10.103,LYS, ,O,18.78,6.05,1.0,<Residue LYS het=  resseq=114 icode= >,3fgh_A_B,1.35
24,16.759,LYS, ,CB,25.68,1.89,1.0,<Residue LYS het=  resseq=114 icode= >,3fgh_A_B,1.35
25,17.621,LYS, ,CG,31.75,0.50,1.0,<Residue LYS het=  resseq=114 icode= >,3fgh_A_B,1.35
26,34.137,LYS, ,CD,35.94,-0.17,1.0,<Residue LYS het=  resseq=114 icode= >,3fgh_A_B,1.35
27,42.424,LYS, ,CE,37.34,0.43,1.0,<Residue LYS het=  resseq=114 icode= >,3fgh_A_B,1.35
28,48.826,LYS, ,NZ,39.09,0.69,1.0,<Residue LYS het=  resseq=114 icode= >,3fgh_A_B,1.35
29,6.768,ARG, ,N,15.54,5.03,1.0,<Residue ARG het=  resseq=115 icode= >,3fgh_A_B,1.35
30,0.0,ARG, ,CA,13.97,3.92,1.0,<Residue ARG het=  resseq=115 icode= >,3fgh_A_B,1.35
31,0.0,ARG, ,C,12.71,4.37,1.0,<Residue ARG het=  resseq=115 icode= >,3fgh_A_B,1.35
32,19.149,ARG, ,O,15.76,6.06,1.0,<Residue ARG het=  resseq=115 icode= >,3fgh_A_B,1.35
33,18.246,ARG, ,CB,13.05,3.94,1.0,<Residue ARG het=  resseq=115 icode= >,3fgh_A_B,1.35
34,0.401,ARG, ,CG,12.57,4.15,1.0,<Residue ARG het=  resseq=115 icode= >,3fgh_A_B,1.35
35,24.1,ARG, ,CD,13.26,4.02,1.0,<Residue ARG het=  resseq=115 icode= >,3fgh_A_B,1.35
36,10.434,ARG, ,NE,11.39,7.07,1.0,<Residue ARG het=  resseq=115 icode= >,3fgh_A_B,1.35
37,7.9,ARG, ,CZ,11.84,4.76,1.0,<Residue ARG het=  resseq=115 icode= >,3fgh_A_B,1.35
38,50.723,ARG, ,NH1,13.47,5.52,1.0,<Residue ARG het=  resseq=115 icode= >,3fgh_A_B,1.35
39,58.457,ARG, ,NH2,11.69,5.87,1.0,<Residue ARG het=  resseq=115 icode= >,3fgh_A_B,1.35
40,0.0,PRO, ,N,12.85,5.83,1.0,<Residue PRO het=  resseq=116 icode= >,3fgh_A_B,1.35
41,9.093,PRO, ,CA,14.04,3.85,1.0,<Residue PRO het=  resseq=116 icode= >,3fgh_A_B,1.35
42,0.192,PRO, ,C,12.61,4.62,1.0,<Residue PRO het=  resseq=116 icode= >,3fgh_A_B,1.35
43,7.847,PRO, ,O,12.88,6.73,1.0,<Residue PRO het=  resseq=116 icode= >,3fgh_A_B,1.35
44,10.885,PRO, ,CB,16.89,3.47,1.0,<Residue PRO het=  resseq=116 icode= >,3fgh_A_B,1.35
45,0.585,PRO, ,CG,15.56,3.99,1.0,<Residue PRO het=  resseq=116 icode= >,3fgh_A_B,1.35
46,0.785,PRO, ,CD,12.75,4.29,1.0,<Residue PRO het=  resseq=116 icode= >,3fgh_A_B,1.35
47,7.201,ARG, ,N,14.59,5.18,1.0,<Residue ARG het=  resseq=117 icode= >,3fgh_A_B,1.35
48,9.293,ARG, ,CA,14.18,4.23,1.0,<Residue ARG het=  resseq=117 icode= >,3fgh_A_B,1.35
49,0.0,ARG, ,C,13.44,4.52,1.0,<Residue ARG het=  resseq=117 icode= >,3fgh_A_B,1.35
50,0.902,ARG, ,O,14.41,6.58,1.0,<Residue ARG het=  resseq=117 icode= >,3fgh_A_B,1.35
51,13.427,ARG, ,CB,16.65,3.31,1.0,<Residue ARG het=  resseq=117 icode= >,3fgh_A_B,1.35
52,4.17,ARG, ,CG,19.96,2.26,1.0,<Residue ARG het=  resseq=117 icode= >,3fgh_A_B,1.35
53,2.971,ARG, ,CD,22.8,2.09,1.0,<Residue ARG het=  resseq=117 icode= >,3fgh_A_B,1.35
54,10.895,ARG, ,NE,24.58,2.52,1.0,<Residue ARG het=  resseq=117 icode= >,3fgh_A_B,1.35
55,7.99,ARG, ,CZ,27.75,2.19,1.0,<Residue ARG het=  resseq=117 icode= >,3fgh_A_B,1.35
56,31.67,ARG, ,NH1,29.08,1.84,1.0,<Residue ARG het=  resseq=117 icode= >,3fgh_A_B,1.35
57,59.564,ARG, ,NH2,30.45,2.06,1.0,<Residue ARG het=  resseq=117 icode= >,3fgh_A_B,1.35
58,4.593,SER, ,N,12.19,6.47,1.0,<Residue SER het=  resseq=118 icode= >,3fgh_A_B,1.35
59,0.486,SER, ,CA,12.59,3.84,1.0,<Residue SER het=  resseq=118 icode= >,3fgh_A_B,1.35
60,0.0,SER, ,C,11.75,3.96,1.0,<Residue SER het=  resseq=118 icode= >,3fgh_A_B,1.35
61,0.0,SER, ,O,14.05,6.02,1.0,<Residue SER het=  resseq=118 icode= >,3fgh_A_B,1.35
62,41.078,SER, ,CB,13.74,4.04,1.0,<Residue SER het=  resseq=118 icode= >,3fgh_A_B,1.35
63,2.422,SER, ,OG,12.7,5.71,1.0,<Residue SER het=  resseq=118 icode= >,3fgh_A_B,1.35
64,2.317,ALA, ,N,11.52,5.18,1.0,<Residue ALA het=  resseq=119 icode= >,3fgh_A_B,1.35
65,0.124,ALA, ,CA,11.36,3.48,1.0,<Residue ALA het=  resseq=119 icode= >,3fgh_A_B,1.35
66,0.0,ALA, ,C,11.87,4.33,1.0,<Residue ALA het=  resseq=119 icode= >,3fgh_A_B,1.35
67,0.0,ALA, ,O,14.32,5.94,1.0,<Residue ALA het=  resseq=119 icode= >,3fgh_A_B,1.35
68,7.893,ALA, ,CB,13.82,3.85,1.0,<Residue ALA het=  resseq=119 icode= >,3fgh_A_B,1.35
69,1.903,TYR,x,N,14.22,5.84,0.5,<Residue TYR het=  resseq=120 icode= >,3fgh_A_B,1.35
70,0.0,TYR,x,CA,15.54,4.38,0.5,<Residue TYR het=  resseq=120 icode= >,3fgh_A_B,1.35
71,0.0,TYR,x,C,10.96,3.88,0.5,<Residue TYR het=  resseq=120 icode= >,3fgh_A_B,1.35
72,0.0,TYR,x,O,23.17,4.48,0.5,<Residue TYR het=  resseq=120 icode= >,3fgh_A_B,1.35
73,18.221,TYR,x,CB,14.18,3.81,0.5,<Residue TYR het=  resseq=120 icode= >,3fgh_A_B,1.35
74,2.237,TYR,x,CG,16.05,2.87,0.5,<Residue TYR het=  resseq=120 icode= >,3fgh_A_B,1.35
75,4.853,TYR,x,CD1,16.79,1.73,0.5,<Residue TYR het=  resseq=120 icode= >,3fgh_A_B,1.35
76,10.613,TYR,x,CD2,18.27,1.80,0.5,<Residue TYR het=  resseq=120 icode= >,3fgh_A_B,1.35
77,10.448,TYR,x,CE1,17.52,2.08,0.5,<Residue TYR het=  resseq=120 icode= >,3fgh_A_B,1.35
78,19.334,TYR,x,CE2,18.73,0.17,0.5,<Residue TYR het=  resseq=120 icode= >,3fgh_A_B,1.35
79,5.186,TYR,x,CZ,17.66,1.42,0.5,<Residue TYR het=  resseq=120 icode= >,3fgh_A_B,1.35
80,7.855,TYR,x,OH,19.49,1.76,0.5,<Residue TYR het=  resseq=120 icode= >,3fgh_A_B,1.35
81,0.0,ASN, ,N,13.76,5.85,1.0,<Residue ASN het=  resseq=121 icode= >,3fgh_A_B,1.35
82,0.0,ASN, ,CA,15.12,3.94,1.0,<Residue ASN het=  resseq=121 icode= >,3fgh_A_B,1.35
83,0.0,ASN, ,C,15.71,4.09,1.0,<Residue ASN het=  resseq=121 icode= >,3fgh_A_B,1.35
84,1.339,ASN, ,O,15.84,5.55,1.0,<Residue ASN het=  resseq=121 icode= >,3fgh_A_B,1.35
85,5.58,ASN, ,CB,16.48,3.71,1.0,<Residue ASN het=  resseq=121 icode= >,3fgh_A_B,1.35
86,5.405,ASN, ,CG,17.93,3.53,1.0,<Residue ASN het=  resseq=121 icode= >,3fgh_A_B,1.35
87,29.571,ASN, ,OD1,20.16,4.51,1.0,<Residue ASN het=  resseq=121 icode= >,3fgh_A_B,1.35
88,24.817,ASN, ,ND2,18.53,3.90,1.0,<Residue ASN het=  resseq=121 icode= >,3fgh_A_B,1.35
89,0.0,VAL, ,N,15.28,5.28,1.0,<Residue VAL het=  resseq=122 icode= >,3fgh_A_B,1.35
90,1.082,VAL, ,CA,15.68,3.20,1.0,<Residue VAL het=  resseq=122 icode= >,3fgh_A_B,1.35
91,0.0,VAL, ,C,16.04,3.76,1.0,<Residue VAL het=  resseq=122 icode= >,3fgh_A_B,1.35
92,0.498,VAL, ,O,21.51,4.30,1.0,<Residue VAL het=  resseq=122 icode= >,3fgh_A_B,1.35
93,0.223,VAL, ,CB,17.45,3.36,1.0,<Residue VAL het=  resseq=122 icode= >,3fgh_A_B,1.35
94,28.123,VAL, ,CG1,18.55,2.51,1.0,<Residue VAL het=  resseq=122 icode= >,3fgh_A_B,1.35
95,18.026,VAL, ,CG2,18.27,3.01,1.0,<Residue VAL het=  resseq=122 icode= >,3fgh_A_B,1.35
96,0.0,TYR, ,N,15.75,5.24,1.0,<Residue TYR het=  resseq=123 icode= >,3fgh_A_B,1.35
97,0.0,TYR, ,CA,17.67,3.08,1.0,<Residue TYR het=  resseq=123 icode= >,3fgh_A_B,1.35
98,0.0,TYR, ,C,17.73,3.26,1.0,<Residue TYR het=  resseq=123 icode= >,3fgh_A_B,1.35
99,0.0,TYR, ,O,20.26,4.28,1.0,<Residue TYR het=  resseq=123 icode= >,3fgh_A_B,1.35
100,0.0,TYR, ,CB,19.02,3.32,1.0,<Residue TYR het=  resseq=123 icode= >,3fgh_A_B,1.35
101,0.0,TYR, ,CG,21.11,1.66,1.0,<Residue TYR het=  resseq=123 icode= >,3fgh_A_B,1.35
102,0.0,TYR, ,CD1,21.27,1.82,1.0,<Residue TYR het=  resseq=123 icode= >,3fgh_A_B,1.35
103,0.0,TYR, ,CD2,22.31,2.14,1.0,<Residue TYR het=  resseq=123 icode= >,3fgh_A_B,1.35
104,0.0,TYR, ,CE1,22.21,1.27,1.0,<Residue TYR het=  resseq=123 icode= >,3fgh_A_B,1.35
105,0.0,TYR, ,CE2,23.84,2.30,1.0,<Residue TYR het=  resseq=123 icode= >,3fgh_A_B,1.35
106,0.0,TYR, ,CZ,22.38,1.61,1.0,<Residue TYR het=  resseq=123 icode= >,3fgh_A_B,1.35
107,4.892,TYR, ,OH,24.61,2.64,1.0,<Residue TYR het=  resseq=123 icode= >,3fgh_A_B,1.35
108,0.0,VAL, ,N,17.71,3.54,1.0,<Residue VAL het=  resseq=124 icode= >,3fgh_A_B,1.35
109,0.0,VAL, ,CA,21.93,3.15,1.0,<Residue VAL het=  resseq=124 icode= >,3fgh_A_B,1.35
110,0.0,VAL, ,C,15.63,3.14,1.0,<Residue VAL het=  resseq=124 icode= >,3fgh_A_B,1.35
111,0.0,VAL, ,O,29.44,3.92,1.0,<Residue VAL het=  resseq=124 icode= >,3fgh_A_B,1.35
112,0.081,VAL, ,CB,17.43,3.47,1.0,<Residue VAL het=  resseq=124 icode= >,3fgh_A_B,1.35
113,12.751,VAL, ,CG1,17.25,3.16,1.0,<Residue VAL het=  resseq=124 icode= >,3fgh_A_B,1.35
114,0.0,VAL, ,CG2,19.44,3.49,1.0,<Residue VAL het=  resseq=124 icode= >,3fgh_A_B,1.35
115,0.003,ALA, ,N,25.55,3.98,1.0,<Residue ALA het=  resseq=125 icode= >,3fgh_A_B,1.35
116,5.747,ALA, ,CA,22.72,3.53,1.0,<Residue ALA het=  resseq=125 icode= >,3fgh_A_B,1.35
117,1.292,ALA, ,C,20.89,3.11,1.0,<Residue ALA het=  resseq=125 icode= >,3fgh_A_B,1.35
118,13.448,ALA, ,O,30.81,2.89,1.0,<Residue ALA het=  resseq=125 icode= >,3fgh_A_B,1.35
119,28.509,ALA, ,CB,21.61,2.33,1.0,<Residue ALA het=  resseq=125 icode= >,3fgh_A_B,1.35
120,0.0,GLU, ,N,24.46,3.43,1.0,<Residue GLU het=  resseq=126 icode= >,3fgh_A_B,1.35
121,11.24,GLU, ,CA,25.16,2.16,1.0,<Residue GLU het=  resseq=126 icode= >,3fgh_A_B,1.35
122,0.0,GLU, ,C,26.67,2.44,1.0,<Residue GLU het=  resseq=126 icode= >,3fgh_A_B,1.35
123,22.359,GLU, ,O,28.83,2.57,1.0,<Residue GLU het=  resseq=126 icode= >,3fgh_A_B,1.35
124,16.577,GLU, ,CB,26.77,2.59,1.0,<Residue GLU het=  resseq=126 icode= >,3fgh_A_B,1.35
125,5.334,GLU, ,CG,32.39,0.97,1.0,<Residue GLU het=  resseq=126 icode= >,3fgh_A_B,1.35
126,8.622,GLU, ,CD,33.92,1.61,1.0,<Residue GLU het=  resseq=126 icode= >,3fgh_A_B,1.35
127,8.675,GLU, ,OE1,33.78,2.16,1.0,<Residue GLU het=  resseq=126 icode= >,3fgh_A_B,1.35
128,22.89,GLU, ,OE2,34.33,1.12,1.0,<Residue GLU het=  resseq=126 icode= >,3fgh_A_B,1.35
129,0.0,ARG, ,N,25.39,3.28,1.0,<Residue ARG het=  resseq=127 icode= >,3fgh_A_B,1.35
130,2.335,ARG, ,CA,25.61,2.56,1.0,<Residue ARG het=  resseq=127 icode= >,3fgh_A_B,1.35
131,0.05,ARG, ,C,26.38,2.50,1.0,<Residue ARG het=  resseq=127 icode= >,3fgh_A_B,1.35
132,2.259,ARG, ,O,26.16,3.04,1.0,<Residue ARG het=  resseq=127 icode= >,3fgh_A_B,1.35
133,4.087,ARG, ,CB,23.53,3.54,1.0,<Residue ARG het=  resseq=127 icode= >,3fgh_A_B,1.35
134,0.091,ARG, ,CG,28.46,1.79,1.0,<Residue ARG het=  resseq=127 icode= >,3fgh_A_B,1.35
135,18.498,ARG, ,CD,30.77,0.83,1.0,<Residue ARG het=  resseq=127 icode= >,3fgh_A_B,1.35
136,3.795,ARG, ,NE,34.85,1.77,1.0,<Residue ARG het=  resseq=127 icode= >,3fgh_A_B,1.35
137,4.43,ARG, ,CZ,37.33,1.39,1.0,<Residue ARG het=  resseq=127 icode= >,3fgh_A_B,1.35
138,35.263,ARG, ,NH1,38.66,1.29,1.0,<Residue ARG het=  resseq=127 icode= >,3fgh_A_B,1.35
139,23.298,ARG, ,NH2,38.8,0.65,1.0,<Residue ARG het=  resseq=127 icode= >,3fgh_A_B,1.35
140,0.0,PHE, ,N,26.98,3.08,1.0,<Residue PHE het=  resseq=128 icode= >,3fgh_A_B,1.35
141,0.0,PHE, ,CA,27.92,1.81,1.0,<Residue PHE het=  resseq=128 icode= >,3fgh_A_B,1.35
142,0.0,PHE, ,C,30.94,1.98,1.0,<Residue PHE het=  resseq=128 icode= >,3fgh_A_B,1.35
143,0.0,PHE, ,O,33.06,2.38,1.0,<Residue PHE het=  resseq=128 icode= >,3fgh_A_B,1.35
144,4.981,PHE, ,CB,26.53,1.98,1.0,<Residue PHE het=  resseq=128 icode= >,3fgh_A_B,1.35
145,2.21,PHE, ,CG,27.11,3.14,1.0,<Residue PHE het=  resseq=128 icode= >,3fgh_A_B,1.35
146,1.223,PHE, ,CD1,26.16,2.49,1.0,<Residue PHE het=  resseq=128 icode= >,3fgh_A_B,1.35
147,14.549,PHE, ,CD2,28.38,2.75,1.0,<Residue PHE het=  resseq=128 icode= >,3fgh_A_B,1.35
148,0.182,PHE, ,CE1,27.5,2.67,1.0,<Residue PHE het=  resseq=128 icode= >,3fgh_A_B,1.35
149,26.599,PHE, ,CE2,29.81,2.04,1.0,<Residue PHE het=  resseq=128 icode= >,3fgh_A_B,1.35
150,8.54,PHE, ,CZ,29.31,2.18,1.0,<Residue PHE het=  resseq=128 icode= >,3fgh_A_B,1.35
151,0.0,GLN, ,N,32.71,2.07,1.0,<Residue GLN het=  resseq=129 icode= >,3fgh_A_B,1.35
152,1.205,GLN, ,CA,36.53,2.02,1.0,<Residue GLN het=  resseq=129 icode= >,3fgh_A_B,1.35
153,0.0,GLN, ,C,37.8,1.58,1.0,<Residue GLN het=  resseq=129 icode= >,3fgh_A_B,1.35
154,13.698,GLN, ,O,38.24,1.89,1.0,<Residue GLN het=  resseq=129 icode= >,3fgh_A_B,1.35
155,18.263,GLN, ,CB,38.53,0.80,1.0,<Residue GLN het=  resseq=129 icode= >,3fgh_A_B,1.35
156,23.383,GLN, ,CG,41.23,0.89,1.0,<Residue GLN het=  resseq=129 icode= >,3fgh_A_B,1.35
157,8.339,GLN, ,CD,43.58,1.03,1.0,<Residue GLN het=  resseq=129 icode= >,3fgh_A_B,1.35
158,38.146,GLN, ,OE1,45.45,0.41,1.0,<Residue GLN het=  resseq=129 icode= >,3fgh_A_B,1.35
159,57.714,GLN, ,NE2,44.59,0.85,1.0,<Residue GLN het=  resseq=129 icode= >,3fgh_A_B,1.35
160,0.673,GLU, ,N,38.46,1.79,1.0,<Residue GLU het=  resseq=130 icode= >,3fgh_A_B,1.35
161,8.832,GLU, ,CA,38.82,1.23,1.0,<Residue GLU het=  resseq=130 icode= >,3fgh_A_B,1.35
162,2.619,GLU, ,C,38.29,1.97,1.0,<Residue GLU het=  resseq=130 icode= >,3fgh_A_B,1.35
163,20.976,GLU, ,O,40.05,1.75,1.0,<Residue GLU het=  resseq=130 icode= >,3fgh_A_B,1.35
164,64.493,GLU, ,CB,39.34,0.99,1.0,<Residue GLU het=  resseq=130 icode= >,3fgh_A_B,1.35
165,0.0,ALA, ,N,35.64,2.61,1.0,<Residue ALA het=  resseq=131 icode= >,3fgh_A_B,1.35
166,9.74,ALA, ,CA,34.04,2.67,1.0,<Residue ALA het=  resseq=131 icode= >,3fgh_A_B,1.35
167,0.0,ALA, ,C,34.6,1.22,1.0,<Residue ALA het=  resseq=131 icode= >,3fgh_A_B,1.35
168,20.529,ALA, ,O,37.75,1.03,1.0,<Residue ALA het=  resseq=131 icode= >,3fgh_A_B,1.35
169,0.505,ALA, ,CB,33.49,1.23,1.0,<Residue ALA het=  resseq=131 icode= >,3fgh_A_B,1.35
170,0.549,LYS, ,N,34.07,1.99,1.0,<Residue LYS het=  resseq=132 icode= >,3fgh_A_B,1.35
171,1.795,LYS, ,CA,33.27,0.38,1.0,<Residue LYS het=  resseq=132 icode= >,3fgh_A_B,1.35
172,2.489,LYS, ,C,32.6,1.53,1.0,<Residue LYS het=  resseq=132 icode= >,3fgh_A_B,1.35
173,1.457,LYS, ,O,35.31,1.52,1.0,<Residue LYS het=  resseq=132 icode= >,3fgh_A_B,1.35
174,47.27,LYS, ,CB,34.76,0.37,1.0,<Residue LYS het=  resseq=132 icode= >,3fgh_A_B,1.35
175,12.689,GLY, ,N,32.36,1.53,1.0,<Residue GLY het=  resseq=133 icode= >,3fgh_A_B,1.35
176,26.142,GLY, ,CA,32.17,0.35,1.0,<Residue GLY het=  resseq=133 icode= >,3fgh_A_B,1.35
177,2.159,GLY, ,C,28.95,3.06,1.0,<Residue GLY het=  resseq=133 icode= >,3fgh_A_B,1.35
178,11.156,GLY, ,O,31.92,2.09,1.0,<Residue GLY het=  resseq=133 icode= >,3fgh_A_B,1.35
179,2.6,ASP, ,N,31.14,1.90,1.0,<Residue ASP het=  resseq=134 icode= >,3fgh_A_B,1.35
180,10.193,ASP, ,CA,30.83,1.74,1.0,<Residue ASP het=  resseq=134 icode= >,3fgh_A_B,1.35
181,2.642,ASP, ,C,29.5,2.25,1.0,<Residue ASP het=  resseq=134 icode= >,3fgh_A_B,1.35
182,29.383,ASP, ,O,31.49,2.15,1.0,<Residue ASP het=  resseq=134 icode= >,3fgh_A_B,1.35
183,59.216,ASP, ,CB,31.89,0.98,1.0,<Residue ASP het=  resseq=134 icode= >,3fgh_A_B,1.35
184,0.027,SER, ,N,26.65,1.89,1.0,<Residue SER het=  resseq=135 icode= >,3fgh_A_B,1.35
185,5.462,SER, ,CA,24.35,2.74,1.0,<Residue SER het=  resseq=135 icode= >,3fgh_A_B,1.35
186,0.106,SER, ,C,23.79,3.24,1.0,<Residue SER het=  resseq=135 icode= >,3fgh_A_B,1.35
187,0.0,SER, ,O,23.05,3.86,1.0,<Residue SER het=  resseq=135 icode= >,3fgh_A_B,1.35
188,23.03,SER, ,CB,24.33,2.55,1.0,<Residue SER het=  resseq=135 icode= >,3fgh_A_B,1.35
189,2.581,SER, ,OG,24.27,3.82,1.0,<Residue SER het=  resseq=135 icode= >,3fgh_A_B,1.35
190,0.0,PRO, ,N,22.46,3.73,1.0,<Residue PRO het=  resseq=136 icode= >,3fgh_A_B,1.35
191,0.0,PRO, ,CA,22.02,2.59,1.0,<Residue PRO het=  resseq=136 icode= >,3fgh_A_B,1.35
192,0.0,PRO, ,C,21.4,2.71,1.0,<Residue PRO het=  resseq=136 icode= >,3fgh_A_B,1.35
193,0.0,PRO, ,O,19.14,4.34,1.0,<Residue PRO het=  resseq=136 icode= >,3fgh_A_B,1.35
194,19.218,PRO, ,CB,25.75,1.73,1.0,<Residue PRO het=  resseq=136 icode= >,3fgh_A_B,1.35
195,40.061,PRO, ,CG,26.31,1.37,1.0,<Residue PRO het=  resseq=136 icode= >,3fgh_A_B,1.35
196,21.682,PRO, ,CD,24.08,2.79,1.0,<Residue PRO het=  resseq=136 icode= >,3fgh_A_B,1.35
197,0.829,GLN, ,N,20.94,3.61,1.0,<Residue GLN het=  resseq=137 icode= >,3fgh_A_B,1.35
198,5.661,GLN, ,CA,22.24,2.38,1.0,<Residue GLN het=  resseq=137 icode= >,3fgh_A_B,1.35
199,0.106,GLN, ,C,22.82,2.73,1.0,<Residue GLN het=  resseq=137 icode= >,3fgh_A_B,1.35
200,4.721,GLN, ,O,21.82,4.36,1.0,<Residue GLN het=  resseq=137 icode= >,3fgh_A_B,1.35
201,17.039,GLN, ,CB,25.11,1.80,1.0,<Residue GLN het=  resseq=137 icode= >,3fgh_A_B,1.35
202,37.396,GLN, ,CG,23.12,2.02,1.0,<Residue GLN het=  resseq=137 icode= >,3fgh_A_B,1.35
203,5.655,GLN, ,CD,18.48,3.05,1.0,<Residue GLN het=  resseq=137 icode= >,3fgh_A_B,1.35
204,38.43,GLN, ,OE1,21.75,4.18,1.0,<Residue GLN het=  resseq=137 icode= >,3fgh_A_B,1.35
205,10.003,GLN, ,NE2,16.63,4.82,1.0,<Residue GLN het=  resseq=137 icode= >,3fgh_A_B,1.35
206,0.0,GLU, ,N,22.21,3.19,1.0,<Residue GLU het=  resseq=138 icode= >,3fgh_A_B,1.35
207,0.0,GLU, ,CA,25.66,2.32,1.0,<Residue GLU het=  resseq=138 icode= >,3fgh_A_B,1.35
208,0.0,GLU, ,C,24.11,3.21,1.0,<Residue GLU het=  resseq=138 icode= >,3fgh_A_B,1.35
209,0.0,GLU, ,O,26.36,3.14,1.0,<Residue GLU het=  resseq=138 icode= >,3fgh_A_B,1.35
210,4.066,GLU, ,CB,28.79,1.56,1.0,<Residue GLU het=  resseq=138 icode= >,3fgh_A_B,1.35
211,18.597,GLU, ,CG,36.03,0.90,1.0,<Residue GLU het=  resseq=138 icode= >,3fgh_A_B,1.35
212,8.222,GLU, ,CD,39.59,0.23,1.0,<Residue GLU het=  resseq=138 icode= >,3fgh_A_B,1.35
213,24.199,GLU, ,OE1,41.23,0.43,1.0,<Residue GLU het=  resseq=138 icode= >,3fgh_A_B,1.35
214,21.272,GLU, ,OE2,41.81,0.90,1.0,<Residue GLU het=  resseq=138 icode= >,3fgh_A_B,1.35
215,0.0,LYS, ,N,24.71,3.02,1.0,<Residue LYS het=  resseq=139 icode= >,3fgh_A_B,1.35
216,0.0,LYS, ,CA,21.37,3.14,1.0,<Residue LYS het=  resseq=139 icode= >,3fgh_A_B,1.35
217,0.0,LYS, ,C,21.68,3.09,1.0,<Residue LYS het=  resseq=139 icode= >,3fgh_A_B,1.35
218,0.0,LYS, ,O,24.68,3.18,1.0,<Residue LYS het=  resseq=139 icode= >,3fgh_A_B,1.35
219,0.0,LYS, ,CB,23.11,2.89,1.0,<Residue LYS het=  resseq=139 icode= >,3fgh_A_B,1.35
220,0.0,LYS, ,CG,26.13,2.26,1.0,<Residue LYS het=  resseq=139 icode= >,3fgh_A_B,1.35
221,5.627,LYS, ,CD,29.64,1.98,1.0,<Residue LYS het=  resseq=139 icode= >,3fgh_A_B,1.35
222,2.218,LYS, ,CE,32.89,1.27,1.0,<Residue LYS het=  resseq=139 icode= >,3fgh_A_B,1.35
223,32.402,LYS, ,NZ,35.97,0.86,1.0,<Residue LYS het=  resseq=139 icode= >,3fgh_A_B,1.35
224,0.0,LEU,x,N,20.7,3.63,0.5,<Residue LEU het=  resseq=140 icode= >,3fgh_A_B,1.35
225,0.0,LEU,x,CA,20.66,2.36,0.5,<Residue LEU het=  resseq=140 icode= >,3fgh_A_B,1.35
226,0.0,LEU,x,C,21.7,3.22,0.5,<Residue LEU het=  resseq=140 icode= >,3fgh_A_B,1.35
227,0.0,LEU,x,O,21.48,3.96,0.5,<Residue LEU het=  resseq=140 icode= >,3fgh_A_B,1.35
228,7.73,LEU,x,CB,18.77,3.24,0.5,<Residue LEU het=  resseq=140 icode= >,3fgh_A_B,1.35
229,0.0,LEU,x,CG,18.84,1.11,0.5,<Residue LEU het=  resseq=140 icode= >,3fgh_A_B,1.35
230,46.055,LEU,x,CD1,18.87,0.63,0.5,<Residue LEU het=  resseq=140 icode= >,3fgh_A_B,1.35
231,19.277,LEU,x,CD2,17.66,1.23,0.5,<Residue LEU het=  resseq=140 icode= >,3fgh_A_B,1.35
232,0.801,LYS, ,N,23.57,3.52,1.0,<Residue LYS het=  resseq=141 icode= >,3fgh_A_B,1.35
233,5.004,LYS, ,CA,26.92,2.27,1.0,<Residue LYS het=  resseq=141 icode= >,3fgh_A_B,1.35
234,0.0,LYS, ,C,27.05,3.42,1.0,<Residue LYS het=  resseq=141 icode= >,3fgh_A_B,1.35
235,1.115,LYS, ,O,28.65,2.87,1.0,<Residue LYS het=  resseq=141 icode= >,3fgh_A_B,1.35
236,5.373,LYS, ,CB,28.58,1.89,1.0,<Residue LYS het=  resseq=141 icode= >,3fgh_A_B,1.35
237,15.519,LYS, ,CG,33.95,0.89,1.0,<Residue LYS het=  resseq=141 icode= >,3fgh_A_B,1.35
238,12.578,LYS, ,CD,35.17,1.31,1.0,<Residue LYS het=  resseq=141 icode= >,3fgh_A_B,1.35
239,43.135,LYS, ,CE,37.78,0.71,1.0,<Residue LYS het=  resseq=141 icode= >,3fgh_A_B,1.35
240,25.933,LYS, ,NZ,38.85,0.77,1.0,<Residue LYS het=  resseq=141 icode= >,3fgh_A_B,1.35
241,0.0,THR, ,N,27.85,3.24,1.0,<Residue THR het=  resseq=142 icode= >,3fgh_A_B,1.35
242,0.057,THR, ,CA,30.02,2.27,1.0,<Residue THR het=  resseq=142 icode= >,3fgh_A_B,1.35
243,0.0,THR, ,C,27.08,2.84,1.0,<Residue THR het=  resseq=142 icode= >,3fgh_A_B,1.35
244,0.0,THR, ,O,28.12,3.06,1.0,<Residue THR het=  resseq=142 icode= >,3fgh_A_B,1.35
245,12.684,THR, ,CB,33.49,1.44,1.0,<Residue THR het=  resseq=142 icode= >,3fgh_A_B,1.35
246,0.926,THR, ,OG1,36.64,0.71,1.0,<Residue THR het=  resseq=142 icode= >,3fgh_A_B,1.35
247,29.059,THR, ,CG2,32.94,1.99,1.0,<Residue THR het=  resseq=142 icode= >,3fgh_A_B,1.35
248,0.0,VAL,x,N,25.68,2.79,0.5,<Residue VAL het=  resseq=143 icode= >,3fgh_A_B,1.35
249,0.0,VAL,x,CA,22.76,2.79,0.5,<Residue VAL het=  resseq=143 icode= >,3fgh_A_B,1.35
250,0.0,VAL,x,C,23.92,2.63,0.5,<Residue VAL het=  resseq=143 icode= >,3fgh_A_B,1.35
251,0.0,VAL,x,O,24.2,2.39,0.5,<Residue VAL het=  resseq=143 icode= >,3fgh_A_B,1.35
252,0.0,VAL,x,CB,21.48,2.05,0.5,<Residue VAL het=  resseq=143 icode= >,3fgh_A_B,1.35
253,0.936,VAL,x,CG1,22.15,1.74,0.5,<Residue VAL het=  resseq=143 icode= >,3fgh_A_B,1.35
254,0.0,VAL,x,CG2,21.24,0.98,0.5,<Residue VAL het=  resseq=143 icode= >,3fgh_A_B,1.35
255,0.0,LYS, ,N,22.33,4.10,1.0,<Residue LYS het=  resseq=144 icode= >,3fgh_A_B,1.35
256,0.0,LYS, ,CA,25.36,3.17,1.0,<Residue LYS het=  resseq=144 icode= >,3fgh_A_B,1.35
257,0.0,LYS, ,C,26.76,2.06,1.0,<Residue LYS het=  resseq=144 icode= >,3fgh_A_B,1.35
258,1.224,LYS, ,O,28.1,2.72,1.0,<Residue LYS het=  resseq=144 icode= >,3fgh_A_B,1.35
259,6.527,LYS, ,CB,25.96,2.72,1.0,<Residue LYS het=  resseq=144 icode= >,3fgh_A_B,1.35
260,0.0,LYS, ,CG,26.64,2.66,1.0,<Residue LYS het=  resseq=144 icode= >,3fgh_A_B,1.35
261,8.993,LYS, ,CD,31.96,1.11,1.0,<Residue LYS het=  resseq=144 icode= >,3fgh_A_B,1.35
262,29.412,LYS, ,CE,34.89,0.43,1.0,<Residue LYS het=  resseq=144 icode= >,3fgh_A_B,1.35
263,48.647,LYS, ,NZ,36.94,0.47,1.0,<Residue LYS het=  resseq=144 icode= >,3fgh_A_B,1.35
264,0.0,GLU, ,N,28.82,2.37,1.0,<Residue GLU het=  resseq=145 icode= >,3fgh_A_B,1.35
265,0.611,GLU, ,CA,31.06,2.04,1.0,<Residue GLU het=  resseq=145 icode= >,3fgh_A_B,1.35
266,0.197,GLU, ,C,29.24,3.18,1.0,<Residue GLU het=  resseq=145 icode= >,3fgh_A_B,1.35
267,0.0,GLU, ,O,30.49,1.89,1.0,<Residue GLU het=  resseq=145 icode= >,3fgh_A_B,1.35
268,6.62,GLU, ,CB,34.24,0.49,1.0,<Residue GLU het=  resseq=145 icode= >,3fgh_A_B,1.35
269,17.975,GLU, ,CG,38.14,0.30,1.0,<Residue GLU het=  resseq=145 icode= >,3fgh_A_B,1.35
270,8.983,GLU, ,CD,40.37,0.50,1.0,<Residue GLU het=  resseq=145 icode= >,3fgh_A_B,1.35
271,36.514,GLU, ,OE1,41.63,0.75,1.0,<Residue GLU het=  resseq=145 icode= >,3fgh_A_B,1.35
272,10.294,GLU, ,OE2,41.31,1.48,1.0,<Residue GLU het=  resseq=145 icode= >,3fgh_A_B,1.35
273,0.0,ASN, ,N,28.83,3.09,1.0,<Residue ASN het=  resseq=146 icode= >,3fgh_A_B,1.35
274,2.264,ASN, ,CA,28.57,1.79,1.0,<Residue ASN het=  resseq=146 icode= >,3fgh_A_B,1.35
275,0.0,ASN, ,C,26.52,2.14,1.0,<Residue ASN het=  resseq=146 icode= >,3fgh_A_B,1.35
276,1.619,ASN, ,O,25.19,3.70,1.0,<Residue ASN het=  resseq=146 icode= >,3fgh_A_B,1.35
277,5.447,ASN, ,CB,30.3,1.03,1.0,<Residue ASN het=  resseq=146 icode= >,3fgh_A_B,1.35
278,5.747,ASN, ,CG,31.1,1.37,1.0,<Residue ASN het=  resseq=146 icode= >,3fgh_A_B,1.35
279,27.035,ASN, ,OD1,32.73,1.71,1.0,<Residue ASN het=  resseq=146 icode= >,3fgh_A_B,1.35
280,33.747,ASN, ,ND2,30.47,2.35,1.0,<Residue ASN het=  resseq=146 icode= >,3fgh_A_B,1.35
281,0.0,TRP, ,N,24.52,2.33,1.0,<Residue TRP het=  resseq=147 icode= >,3fgh_A_B,1.35
282,0.0,TRP, ,CA,22.85,2.01,1.0,<Residue TRP het=  resseq=147 icode= >,3fgh_A_B,1.35
283,0.0,TRP, ,C,24.29,2.59,1.0,<Residue TRP het=  resseq=147 icode= >,3fgh_A_B,1.35
284,0.0,TRP, ,O,24.2,3.36,1.0,<Residue TRP het=  resseq=147 icode= >,3fgh_A_B,1.35
285,0.0,TRP, ,CB,24.04,1.45,1.0,<Residue TRP het=  resseq=147 icode= >,3fgh_A_B,1.35
286,0.0,TRP, ,CG,25.59,1.80,1.0,<Residue TRP het=  resseq=147 icode= >,3fgh_A_B,1.35
287,7.64,TRP, ,CD1,27.1,1.59,1.0,<Residue TRP het=  resseq=147 icode= >,3fgh_A_B,1.35
288,0.0,TRP, ,CD2,23.45,3.20,1.0,<Residue TRP het=  resseq=147 icode= >,3fgh_A_B,1.35
289,14.818,TRP, ,NE1,30.09,1.14,1.0,<Residue TRP het=  resseq=147 icode= >,3fgh_A_B,1.35
290,0.0,TRP, ,CE2,28.0,1.32,1.0,<Residue TRP het=  resseq=147 icode= >,3fgh_A_B,1.35
291,0.0,TRP, ,CE3,23.41,2.23,1.0,<Residue TRP het=  resseq=147 icode= >,3fgh_A_B,1.35
292,9.919,TRP, ,CZ2,27.24,1.43,1.0,<Residue TRP het=  resseq=147 icode= >,3fgh_A_B,1.35
293,0.0,TRP, ,CZ3,23.75,2.43,1.0,<Residue TRP het=  resseq=147 icode= >,3fgh_A_B,1.35
294,0.0,TRP, ,CH2,25.39,1.29,1.0,<Residue TRP het=  resseq=147 icode= >,3fgh_A_B,1.35
295,0.0,LYS, ,N,28.29,2.38,1.0,<Residue LYS het=  resseq=148 icode= >,3fgh_A_B,1.35
296,3.263,LYS, ,CA,29.98,1.85,1.0,<Residue LYS het=  resseq=148 icode= >,3fgh_A_B,1.35
297,0.0,LYS, ,C,27.79,3.77,1.0,<Residue LYS het=  resseq=148 icode= >,3fgh_A_B,1.35
298,22.492,LYS, ,O,31.37,2.57,1.0,<Residue LYS het=  resseq=148 icode= >,3fgh_A_B,1.35
299,8.736,LYS, ,CB,32.35,1.49,1.0,<Residue LYS het=  resseq=148 icode= >,3fgh_A_B,1.35
300,10.687,LYS, ,CG,35.38,1.13,1.0,<Residue LYS het=  resseq=148 icode= >,3fgh_A_B,1.35
301,30.137,LYS, ,CD,36.06,1.15,1.0,<Residue LYS het=  resseq=148 icode= >,3fgh_A_B,1.35
302,25.878,LYS, ,CE,37.09,0.08,1.0,<Residue LYS het=  resseq=148 icode= >,3fgh_A_B,1.35
303,45.108,LYS, ,NZ,38.2,0.21,1.0,<Residue LYS het=  resseq=148 icode= >,3fgh_A_B,1.35
304,0.0,ASN, ,N,26.31,2.19,1.0,<Residue ASN het=  resseq=149 icode= >,3fgh_A_B,1.35
305,4.57,ASN, ,CA,23.97,3.45,1.0,<Residue ASN het=  resseq=149 icode= >,3fgh_A_B,1.35
306,2.126,ASN, ,C,24.7,2.99,1.0,<Residue ASN het=  resseq=149 icode= >,3fgh_A_B,1.35
307,23.899,ASN, ,O,23.47,3.69,1.0,<Residue ASN het=  resseq=149 icode= >,3fgh_A_B,1.35
308,23.336,ASN, ,CB,30.05,1.23,1.0,<Residue ASN het=  resseq=149 icode= >,3fgh_A_B,1.35
309,5.439,ASN, ,CG,32.22,1.14,1.0,<Residue ASN het=  resseq=149 icode= >,3fgh_A_B,1.35
310,23.435,ASN, ,OD1,32.67,2.00,1.0,<Residue ASN het=  resseq=149 icode= >,3fgh_A_B,1.35
311,43.815,ASN, ,ND2,32.18,1.34,1.0,<Residue ASN het=  resseq=149 icode= >,3fgh_A_B,1.35
312,0.0,LEU, ,N,19.93,3.27,1.0,<Residue LEU het=  resseq=150 icode= >,3fgh_A_B,1.35
313,3.21,LEU, ,CA,17.09,3.80,1.0,<Residue LEU het=  resseq=150 icode= >,3fgh_A_B,1.35
314,0.197,LEU, ,C,14.78,4.46,1.0,<Residue LEU het=  resseq=150 icode= >,3fgh_A_B,1.35
315,15.899,LEU, ,O,16.81,5.64,1.0,<Residue LEU het=  resseq=150 icode= >,3fgh_A_B,1.35
316,0.0,LEU, ,CB,16.26,3.30,1.0,<Residue LEU het=  resseq=150 icode= >,3fgh_A_B,1.35
317,0.0,LEU, ,CG,17.73,2.75,1.0,<Residue LEU het=  resseq=150 icode= >,3fgh_A_B,1.35
318,0.0,LEU, ,CD1,18.4,2.81,1.0,<Residue LEU het=  resseq=150 icode= >,3fgh_A_B,1.35
319,10.905,LEU, ,CD2,19.19,2.88,1.0,<Residue LEU het=  resseq=150 icode= >,3fgh_A_B,1.35
320,5.26,SER, ,N,13.78,5.35,1.0,<Residue SER het=  resseq=151 icode= >,3fgh_A_B,1.35
321,11.097,SER, ,CA,13.23,3.85,1.0,<Residue SER het=  resseq=151 icode= >,3fgh_A_B,1.35
322,0.118,SER, ,C,11.62,4.32,1.0,<Residue SER het=  resseq=151 icode= >,3fgh_A_B,1.35
323,0.0,SER, ,O,12.11,7.44,1.0,<Residue SER het=  resseq=151 icode= >,3fgh_A_B,1.35
324,42.023,SER, ,CB,14.29,3.39,1.0,<Residue SER het=  resseq=151 icode= >,3fgh_A_B,1.35
325,5.28,SER, ,OG,13.27,6.60,1.0,<Residue SER het=  resseq=151 icode= >,3fgh_A_B,1.35
326,4.864,ASP, ,N,11.65,5.41,1.0,<Residue ASP het=  resseq=152 icode= >,3fgh_A_B,1.35
327,4.4,ASP, ,CA,11.57,4.87,1.0,<Residue ASP het=  resseq=152 icode= >,3fgh_A_B,1.35
328,0.973,ASP, ,C,10.66,5.43,1.0,<Residue ASP het=  resseq=152 icode= >,3fgh_A_B,1.35
329,3.52,ASP, ,O,12.03,6.90,1.0,<Residue ASP het=  resseq=152 icode= >,3fgh_A_B,1.35
330,31.433,ASP, ,CB,12.09,4.43,1.0,<Residue ASP het=  resseq=152 icode= >,3fgh_A_B,1.35
331,14.205,ASP, ,CG,13.17,5.40,1.0,<Residue ASP het=  resseq=152 icode= >,3fgh_A_B,1.35
332,41.613,ASP, ,OD1,13.65,7.51,1.0,<Residue ASP het=  resseq=152 icode= >,3fgh_A_B,1.35
333,32.573,ASP, ,OD2,13.67,7.48,1.0,<Residue ASP het=  resseq=152 icode= >,3fgh_A_B,1.35
334,2.165,SER, ,N,10.4,5.78,1.0,<Residue SER het=  resseq=153 icode= >,3fgh_A_B,1.35
335,3.51,SER, ,CA,11.29,4.33,1.0,<Residue SER het=  resseq=153 icode= >,3fgh_A_B,1.35
336,1.413,SER, ,C,10.34,4.62,1.0,<Residue SER het=  resseq=153 icode= >,3fgh_A_B,1.35
337,4.864,SER, ,O,11.31,7.41,1.0,<Residue SER het=  resseq=153 icode= >,3fgh_A_B,1.35
338,48.248,SER, ,CB,11.24,4.93,1.0,<Residue SER het=  resseq=153 icode= >,3fgh_A_B,1.35
339,24.845,SER, ,OG,12.22,7.36,1.0,<Residue SER het=  resseq=153 icode= >,3fgh_A_B,1.35
340,0.0,GLU, ,N,11.58,5.97,1.0,<Residue GLU het=  resseq=154 icode= >,3fgh_A_B,1.35
341,3.743,GLU, ,CA,12.82,3.89,1.0,<Residue GLU het=  resseq=154 icode= >,3fgh_A_B,1.35
342,0.0,GLU, ,C,12.85,4.27,1.0,<Residue GLU het=  resseq=154 icode= >,3fgh_A_B,1.35
343,0.0,GLU, ,O,12.34,6.30,1.0,<Residue GLU het=  resseq=154 icode= >,3fgh_A_B,1.35
344,5.171,GLU, ,CB,14.31,4.15,1.0,<Residue GLU het=  resseq=154 icode= >,3fgh_A_B,1.35
345,9.004,GLU, ,CG,17.89,2.65,1.0,<Residue GLU het=  resseq=154 icode= >,3fgh_A_B,1.35
346,8.098,GLU, ,CD,19.58,2.79,1.0,<Residue GLU het=  resseq=154 icode= >,3fgh_A_B,1.35
347,28.68,GLU, ,OE1,19.82,3.50,1.0,<Residue GLU het=  resseq=154 icode= >,3fgh_A_B,1.35
348,7.029,GLU, ,OE2,23.21,3.52,1.0,<Residue GLU het=  resseq=154 icode= >,3fgh_A_B,1.35
349,0.0,LYS,x,N,11.23,5.52,0.5,<Residue LYS het=  resseq=155 icode= >,3fgh_A_B,1.35
350,0.0,LYS,x,CA,12.29,4.41,0.5,<Residue LYS het=  resseq=155 icode= >,3fgh_A_B,1.35
351,0.0,LYS,x,C,10.87,4.50,0.5,<Residue LYS het=  resseq=155 icode= >,3fgh_A_B,1.35
352,0.0,LYS,x,O,11.69,6.31,0.5,<Residue LYS het=  resseq=155 icode= >,3fgh_A_B,1.35
353,2.438,LYS,x,CB,11.58,3.53,0.5,<Residue LYS het=  resseq=155 icode= >,3fgh_A_B,1.35
354,2.101,LYS,x,CG,12.75,1.88,0.5,<Residue LYS het=  resseq=155 icode= >,3fgh_A_B,1.35
355,27.961,LYS,x,CD,11.92,1.68,0.5,<Residue LYS het=  resseq=155 icode= >,3fgh_A_B,1.35
356,0.41,LYS,x,CE,16.09,1.55,0.5,<Residue LYS het=  resseq=155 icode= >,3fgh_A_B,1.35
357,17.298,LYS,x,NZ,15.2,1.68,0.5,<Residue LYS het=  resseq=155 icode= >,3fgh_A_B,1.35
358,1.063,GLU, ,N,11.71,6.56,1.0,<Residue GLU het=  resseq=156 icode= >,3fgh_A_B,1.35
359,5.521,GLU, ,CA,12.37,4.66,1.0,<Residue GLU het=  resseq=156 icode= >,3fgh_A_B,1.35
360,0.0,GLU, ,C,12.04,3.80,1.0,<Residue GLU het=  resseq=156 icode= >,3fgh_A_B,1.35
361,0.792,GLU, ,O,11.43,6.75,1.0,<Residue GLU het=  resseq=156 icode= >,3fgh_A_B,1.35
362,7.08,GLU, ,CB,13.35,4.68,1.0,<Residue GLU het=  resseq=156 icode= >,3fgh_A_B,1.35
363,16.477,GLU, ,CG,21.42,2.65,1.0,<Residue GLU het=  resseq=156 icode= >,3fgh_A_B,1.35
364,13.093,GLU, ,CD,28.76,1.20,1.0,<Residue GLU het=  resseq=156 icode= >,3fgh_A_B,1.35
365,38.603,GLU, ,OE1,30.78,1.75,1.0,<Residue GLU het=  resseq=156 icode= >,3fgh_A_B,1.35
366,41.506,GLU, ,OE2,33.73,0.62,1.0,<Residue GLU het=  resseq=156 icode= >,3fgh_A_B,1.35
367,0.038,LEU, ,N,11.11,5.62,1.0,<Residue LEU het=  resseq=157 icode= >,3fgh_A_B,1.35
368,1.794,LEU, ,CA,11.7,4.11,1.0,<Residue LEU het=  resseq=157 icode= >,3fgh_A_B,1.35
369,0.0,LEU, ,C,10.99,4.88,1.0,<Residue LEU het=  resseq=157 icode= >,3fgh_A_B,1.35
370,0.0,LEU, ,O,11.4,7.10,1.0,<Residue LEU het=  resseq=157 icode= >,3fgh_A_B,1.35
371,4.302,LEU, ,CB,13.77,3.50,1.0,<Residue LEU het=  resseq=157 icode= >,3fgh_A_B,1.35
372,0.613,LEU, ,CG,13.65,3.86,1.0,<Residue LEU het=  resseq=157 icode= >,3fgh_A_B,1.35
373,30.715,LEU, ,CD1,17.51,3.59,1.0,<Residue LEU het=  resseq=157 icode= >,3fgh_A_B,1.35
374,56.826,LEU, ,CD2,17.49,3.32,1.0,<Residue LEU het=  resseq=157 icode= >,3fgh_A_B,1.35
375,0.0,TYR,x,N,12.35,5.56,0.5,<Residue TYR het=  resseq=158 icode= >,3fgh_A_B,1.35
376,0.006,TYR,x,CA,15.51,4.25,0.5,<Residue TYR het=  resseq=158 icode= >,3fgh_A_B,1.35
377,0.0,TYR,x,C,13.99,4.69,0.5,<Residue TYR het=  resseq=158 icode= >,3fgh_A_B,1.35
378,0.8,TYR,x,O,10.14,7.62,0.5,<Residue TYR het=  resseq=158 icode= >,3fgh_A_B,1.35
379,0.0,TYR,x,CB,20.08,4.24,0.5,<Residue TYR het=  resseq=158 icode= >,3fgh_A_B,1.35
380,0.077,TYR,x,CG,24.93,1.44,0.5,<Residue TYR het=  resseq=158 icode= >,3fgh_A_B,1.35
381,1.589,TYR,x,CD1,26.37,-0.50,0.5,<Residue TYR het=  resseq=158 icode= >,3fgh_A_B,1.35
382,3.592,TYR,x,CD2,26.21,0.72,0.5,<Residue TYR het=  resseq=158 icode= >,3fgh_A_B,1.35
383,0.941,TYR,x,CE1,27.67,-0.40,0.5,<Residue TYR het=  resseq=158 icode= >,3fgh_A_B,1.35
384,11.746,TYR,x,CE2,26.87,1.08,0.5,<Residue TYR het=  resseq=158 icode= >,3fgh_A_B,1.35
385,2.58,TYR,x,CZ,26.76,0.99,0.5,<Residue TYR het=  resseq=158 icode= >,3fgh_A_B,1.35
386,0.0,TYR,x,OH,26.74,-0.04,0.5,<Residue TYR het=  resseq=158 icode= >,3fgh_A_B,1.35
387,0.0,ILE, ,N,10.59,6.23,1.0,<Residue ILE het=  resseq=159 icode= >,3fgh_A_B,1.35
388,0.0,ILE, ,CA,10.17,4.14,1.0,<Residue ILE het=  resseq=159 icode= >,3fgh_A_B,1.35
389,0.0,ILE, ,C,10.52,4.62,1.0,<Residue ILE het=  resseq=159 icode= >,3fgh_A_B,1.35
390,0.359,ILE, ,O,10.98,8.11,1.0,<Residue ILE het=  resseq=159 icode= >,3fgh_A_B,1.35
391,0.317,ILE, ,CB,11.22,4.39,1.0,<Residue ILE het=  resseq=159 icode= >,3fgh_A_B,1.35
392,4.197,ILE, ,CG1,13.73,3.70,1.0,<Residue ILE het=  resseq=159 icode= >,3fgh_A_B,1.35
393,46.706,ILE, ,CG2,13.49,3.60,1.0,<Residue ILE het=  resseq=159 icode= >,3fgh_A_B,1.35
394,38.059,ILE, ,CD1,13.01,3.70,1.0,<Residue ILE het=  resseq=159 icode= >,3fgh_A_B,1.35
395,0.284,GLN, ,N,10.07,6.07,1.0,<Residue GLN het=  resseq=160 icode= >,3fgh_A_B,1.35
396,2.053,GLN, ,CA,11.73,3.75,1.0,<Residue GLN het=  resseq=160 icode= >,3fgh_A_B,1.35
397,0.0,GLN, ,C,10.39,4.67,1.0,<Residue GLN het=  resseq=160 icode= >,3fgh_A_B,1.35
398,0.0,GLN, ,O,11.1,6.98,1.0,<Residue GLN het=  resseq=160 icode= >,3fgh_A_B,1.35
399,7.207,GLN, ,CB,15.34,3.71,1.0,<Residue GLN het=  resseq=160 icode= >,3fgh_A_B,1.35
400,17.515,GLN, ,CG,22.51,2.79,1.0,<Residue GLN het=  resseq=160 icode= >,3fgh_A_B,1.35
401,5.341,GLN, ,CD,27.17,1.34,1.0,<Residue GLN het=  resseq=160 icode= >,3fgh_A_B,1.35
402,15.668,GLN, ,OE1,30.22,1.07,1.0,<Residue GLN het=  resseq=160 icode= >,3fgh_A_B,1.35
403,30.253,GLN, ,NE2,25.42,1.93,1.0,<Residue GLN het=  resseq=160 icode= >,3fgh_A_B,1.35
404,0.0,HIS, ,N,10.92,6.04,1.0,<Residue HIS het=  resseq=161 icode= >,3fgh_A_B,1.35
405,0.382,HIS, ,CA,12.93,3.97,1.0,<Residue HIS het=  resseq=161 icode= >,3fgh_A_B,1.35
406,0.328,HIS, ,C,10.44,4.60,1.0,<Residue HIS het=  resseq=161 icode= >,3fgh_A_B,1.35
407,1.333,HIS, ,O,11.58,7.29,1.0,<Residue HIS het=  resseq=161 icode= >,3fgh_A_B,1.35
408,18.377,HIS, ,CB,11.22,4.52,1.0,<Residue HIS het=  resseq=161 icode= >,3fgh_A_B,1.35
409,2.484,HIS, ,CG,11.87,4.34,1.0,<Residue HIS het=  resseq=161 icode= >,3fgh_A_B,1.35
410,15.825,HIS, ,ND1,13.68,4.74,1.0,<Residue HIS het=  resseq=161 icode= >,3fgh_A_B,1.35
411,9.409,HIS, ,CD2,13.29,3.89,1.0,<Residue HIS het=  resseq=161 icode= >,3fgh_A_B,1.35
412,26.351,HIS, ,CE1,15.32,3.51,1.0,<Residue HIS het=  resseq=161 icode= >,3fgh_A_B,1.35
413,21.237,HIS, ,NE2,14.38,5.02,1.0,<Residue HIS het=  resseq=161 icode= >,3fgh_A_B,1.35
414,0.702,ALA, ,N,11.25,5.85,1.0,<Residue ALA het=  resseq=162 icode= >,3fgh_A_B,1.35
415,1.779,ALA, ,CA,10.54,4.82,1.0,<Residue ALA het=  resseq=162 icode= >,3fgh_A_B,1.35
416,0.0,ALA, ,C,10.75,4.79,1.0,<Residue ALA het=  resseq=162 icode= >,3fgh_A_B,1.35
417,0.0,ALA, ,O,10.23,6.92,1.0,<Residue ALA het=  resseq=162 icode= >,3fgh_A_B,1.35
418,3.956,ALA, ,CB,12.72,4.44,1.0,<Residue ALA het=  resseq=162 icode= >,3fgh_A_B,1.35
419,0.497,LYS, ,N,10.78,6.30,1.0,<Residue LYS het=  resseq=163 icode= >,3fgh_A_B,1.35
420,0.169,LYS, ,CA,11.11,4.93,1.0,<Residue LYS het=  resseq=163 icode= >,3fgh_A_B,1.35
421,0.0,LYS, ,C,10.42,4.61,1.0,<Residue LYS het=  resseq=163 icode= >,3fgh_A_B,1.35
422,0.051,LYS, ,O,10.03,8.32,1.0,<Residue LYS het=  resseq=163 icode= >,3fgh_A_B,1.35
423,3.46,LYS, ,CB,12.79,4.37,1.0,<Residue LYS het=  resseq=163 icode= >,3fgh_A_B,1.35
424,11.927,LYS, ,CG,16.05,3.55,1.0,<Residue LYS het=  resseq=163 icode= >,3fgh_A_B,1.35
425,23.449,LYS, ,CD,19.23,2.28,1.0,<Residue LYS het=  resseq=163 icode= >,3fgh_A_B,1.35
426,39.332,LYS, ,CE,27.03,0.57,1.0,<Residue LYS het=  resseq=163 icode= >,3fgh_A_B,1.35
427,42.253,LYS, ,NZ,31.44,-0.19,1.0,<Residue LYS het=  resseq=163 icode= >,3fgh_A_B,1.35
428,0.0,GLU, ,N,10.81,6.53,1.0,<Residue GLU het=  resseq=164 icode= >,3fgh_A_B,1.35
429,2.908,GLU, ,CA,11.0,4.92,1.0,<Residue GLU het=  resseq=164 icode= >,3fgh_A_B,1.35
430,1.229,GLU, ,C,10.55,5.18,1.0,<Residue GLU het=  resseq=164 icode= >,3fgh_A_B,1.35
431,5.262,GLU, ,O,10.93,7.62,1.0,<Residue GLU het=  resseq=164 icode= >,3fgh_A_B,1.35
432,14.658,GLU, ,CB,11.08,5.11,1.0,<Residue GLU het=  resseq=164 icode= >,3fgh_A_B,1.35
433,14.46,GLU, ,CG,12.03,3.74,1.0,<Residue GLU het=  resseq=164 icode= >,3fgh_A_B,1.35
434,7.169,GLU, ,CD,11.68,3.81,1.0,<Residue GLU het=  resseq=164 icode= >,3fgh_A_B,1.35
435,27.615,GLU, ,OE1,16.23,6.10,1.0,<Residue GLU het=  resseq=164 icode= >,3fgh_A_B,1.35
436,19.535,GLU, ,OE2,13.89,6.97,1.0,<Residue GLU het=  resseq=164 icode= >,3fgh_A_B,1.35
437,0.0,ASP, ,N,10.56,7.10,1.0,<Residue ASP het=  resseq=165 icode= >,3fgh_A_B,1.35
438,0.284,ASP, ,CA,10.91,5.08,1.0,<Residue ASP het=  resseq=165 icode= >,3fgh_A_B,1.35
439,0.0,ASP, ,C,10.73,4.73,1.0,<Residue ASP het=  resseq=165 icode= >,3fgh_A_B,1.35
440,0.742,ASP, ,O,10.92,7.84,1.0,<Residue ASP het=  resseq=165 icode= >,3fgh_A_B,1.35
441,0.0,ASP, ,CB,14.81,4.32,1.0,<Residue ASP het=  resseq=165 icode= >,3fgh_A_B,1.35
442,1.578,ASP, ,CG,20.03,2.75,1.0,<Residue ASP het=  resseq=165 icode= >,3fgh_A_B,1.35
443,17.22,ASP, ,OD1,25.19,3.69,1.0,<Residue ASP het=  resseq=165 icode= >,3fgh_A_B,1.35
444,26.373,ASP, ,OD2,20.51,3.79,1.0,<Residue ASP het=  resseq=165 icode= >,3fgh_A_B,1.35
445,0.0,GLU, ,N,9.32,5.96,1.0,<Residue GLU het=  resseq=166 icode= >,3fgh_A_B,1.35
446,0.0,GLU, ,CA,9.14,5.04,1.0,<Residue GLU het=  resseq=166 icode= >,3fgh_A_B,1.35
447,0.0,GLU, ,C,10.22,4.88,1.0,<Residue GLU het=  resseq=166 icode= >,3fgh_A_B,1.35
448,0.0,GLU, ,O,10.41,9.72,1.0,<Residue GLU het=  resseq=166 icode= >,3fgh_A_B,1.35
449,3.906,GLU, ,CB,9.75,4.47,1.0,<Residue GLU het=  resseq=166 icode= >,3fgh_A_B,1.35
450,4.403,GLU, ,CG,11.35,3.45,1.0,<Residue GLU het=  resseq=166 icode= >,3fgh_A_B,1.35
451,6.885,GLU, ,CD,10.15,4.43,1.0,<Residue GLU het=  resseq=166 icode= >,3fgh_A_B,1.35
452,23.642,GLU, ,OE1,10.05,7.61,1.0,<Residue GLU het=  resseq=166 icode= >,3fgh_A_B,1.35
453,16.777,GLU, ,OE2,11.05,7.77,1.0,<Residue GLU het=  resseq=166 icode= >,3fgh_A_B,1.35
454,0.125,THR, ,N,10.02,6.23,1.0,<Residue THR het=  resseq=167 icode= >,3fgh_A_B,1.35
455,0.001,THR, ,CA,9.65,4.80,1.0,<Residue THR het=  resseq=167 icode= >,3fgh_A_B,1.35
456,0.0,THR, ,C,8.93,5.06,1.0,<Residue THR het=  resseq=167 icode= >,3fgh_A_B,1.35
457,0.0,THR, ,O,10.33,7.74,1.0,<Residue THR het=  resseq=167 icode= >,3fgh_A_B,1.35
458,2.946,THR, ,CB,10.47,4.35,1.0,<Residue THR het=  resseq=167 icode= >,3fgh_A_B,1.35
459,14.011,THR, ,OG1,11.35,6.16,1.0,<Residue THR het=  resseq=167 icode= >,3fgh_A_B,1.35
460,49.849,THR, ,CG2,12.41,3.91,1.0,<Residue THR het=  resseq=167 icode= >,3fgh_A_B,1.35
461,0.503,ARG, ,N,9.7,7.16,1.0,<Residue ARG het=  resseq=168 icode= >,3fgh_A_B,1.35
462,3.452,ARG, ,CA,9.66,5.68,1.0,<Residue ARG het=  resseq=168 icode= >,3fgh_A_B,1.35
463,0.0,ARG, ,C,10.9,4.74,1.0,<Residue ARG het=  resseq=168 icode= >,3fgh_A_B,1.35
464,0.001,ARG, ,O,10.63,7.11,1.0,<Residue ARG het=  resseq=168 icode= >,3fgh_A_B,1.35
465,10.804,ARG, ,CB,11.31,4.55,1.0,<Residue ARG het=  resseq=168 icode= >,3fgh_A_B,1.35
466,10.272,ARG, ,CG,13.33,4.09,1.0,<Residue ARG het=  resseq=168 icode= >,3fgh_A_B,1.35
467,24.259,ARG, ,CD,18.37,2.98,1.0,<Residue ARG het=  resseq=168 icode= >,3fgh_A_B,1.35
468,6.903,ARG, ,NE,25.65,2.60,1.0,<Residue ARG het=  resseq=168 icode= >,3fgh_A_B,1.35
469,4.84,ARG, ,CZ,30.48,1.82,1.0,<Residue ARG het=  resseq=168 icode= >,3fgh_A_B,1.35
470,48.48,ARG, ,NH1,33.04,1.31,1.0,<Residue ARG het=  resseq=168 icode= >,3fgh_A_B,1.35
471,27.785,ARG, ,NH2,33.55,1.66,1.0,<Residue ARG het=  resseq=168 icode= >,3fgh_A_B,1.35
472,0.085,TYR, ,N,10.02,6.94,1.0,<Residue TYR het=  resseq=169 icode= >,3fgh_A_B,1.35
473,0.166,TYR, ,CA,9.77,6.32,1.0,<Residue TYR het=  resseq=169 icode= >,3fgh_A_B,1.35
474,0.0,TYR, ,C,10.43,4.51,1.0,<Residue TYR het=  resseq=169 icode= >,3fgh_A_B,1.35
475,0.0,TYR, ,O,10.71,7.03,1.0,<Residue TYR het=  resseq=169 icode= >,3fgh_A_B,1.35
476,2.407,TYR, ,CB,11.81,4.58,1.0,<Residue TYR het=  resseq=169 icode= >,3fgh_A_B,1.35
477,0.0,TYR, ,CG,11.55,5.13,1.0,<Residue TYR het=  resseq=169 icode= >,3fgh_A_B,1.35
478,0.0,TYR, ,CD1,13.17,5.04,1.0,<Residue TYR het=  resseq=169 icode= >,3fgh_A_B,1.35
479,1.42,TYR, ,CD2,11.3,4.53,1.0,<Residue TYR het=  resseq=169 icode= >,3fgh_A_B,1.35
480,0.0,TYR, ,CE1,13.61,3.73,1.0,<Residue TYR het=  resseq=169 icode= >,3fgh_A_B,1.35
481,12.934,TYR, ,CE2,12.29,4.16,1.0,<Residue TYR het=  resseq=169 icode= >,3fgh_A_B,1.35
482,0.044,TYR, ,CZ,13.06,4.12,1.0,<Residue TYR het=  resseq=169 icode= >,3fgh_A_B,1.35
483,19.923,TYR, ,OH,14.78,5.74,1.0,<Residue TYR het=  resseq=169 icode= >,3fgh_A_B,1.35
484,0.0,HIS, ,N,9.7,6.11,1.0,<Residue HIS het=  resseq=170 icode= >,3fgh_A_B,1.35
485,2.312,HIS, ,CA,10.17,4.38,1.0,<Residue HIS het=  resseq=170 icode= >,3fgh_A_B,1.35
486,0.0,HIS, ,C,9.65,4.79,1.0,<Residue HIS het=  resseq=170 icode= >,3fgh_A_B,1.35
487,0.383,HIS, ,O,11.13,7.31,1.0,<Residue HIS het=  resseq=170 icode= >,3fgh_A_B,1.35
488,9.123,HIS, ,CB,9.19,4.93,1.0,<Residue HIS het=  resseq=170 icode= >,3fgh_A_B,1.35
489,2.667,HIS, ,CG,9.55,4.82,1.0,<Residue HIS het=  resseq=170 icode= >,3fgh_A_B,1.35
490,16.515,HIS, ,ND1,10.53,5.94,1.0,<Residue HIS het=  resseq=170 icode= >,3fgh_A_B,1.35
491,13.234,HIS, ,CD2,10.47,4.79,1.0,<Residue HIS het=  resseq=170 icode= >,3fgh_A_B,1.35
492,32.989,HIS, ,CE1,10.78,5.78,1.0,<Residue HIS het=  resseq=170 icode= >,3fgh_A_B,1.35
493,21.752,HIS, ,NE2,8.9,7.31,1.0,<Residue HIS het=  resseq=170 icode= >,3fgh_A_B,1.35
494,0.0,ASN, ,N,9.74,6.69,1.0,<Residue ASN het=  resseq=171 icode= >,3fgh_A_B,1.35
495,1.05,ASN, ,CA,10.2,4.52,1.0,<Residue ASN het=  resseq=171 icode= >,3fgh_A_B,1.35
496,0.737,ASN, ,C,11.31,4.91,1.0,<Residue ASN het=  resseq=171 icode= >,3fgh_A_B,1.35
497,2.2,ASN, ,O,10.91,8.20,1.0,<Residue ASN het=  resseq=171 icode= >,3fgh_A_B,1.35
498,20.886,ASN, ,CB,10.0,5.03,1.0,<Residue ASN het=  resseq=171 icode= >,3fgh_A_B,1.35
499,5.48,ASN, ,CG,11.61,4.72,1.0,<Residue ASN het=  resseq=171 icode= >,3fgh_A_B,1.35
500,20.61,ASN, ,OD1,14.11,6.27,1.0,<Residue ASN het=  resseq=171 icode= >,3fgh_A_B,1.35
501,34.58,ASN, ,ND2,12.39,5.80,1.0,<Residue ASN het=  resseq=171 icode= >,3fgh_A_B,1.35
502,0.047,GLU, ,N,10.9,6.28,1.0,<Residue GLU het=  resseq=172 icode= >,3fgh_A_B,1.35
503,1.913,GLU, ,CA,12.56,4.14,1.0,<Residue GLU het=  resseq=172 icode= >,3fgh_A_B,1.35
504,0.0,GLU, ,C,12.72,3.76,1.0,<Residue GLU het=  resseq=172 icode= >,3fgh_A_B,1.35
505,1.218,GLU, ,O,16.43,6.19,1.0,<Residue GLU het=  resseq=172 icode= >,3fgh_A_B,1.35
506,3.645,GLU, ,CB,14.57,3.84,1.0,<Residue GLU het=  resseq=172 icode= >,3fgh_A_B,1.35
507,22.644,GLU, ,CG,18.15,4.07,1.0,<Residue GLU het=  resseq=172 icode= >,3fgh_A_B,1.35
508,6.955,GLU, ,CD,23.83,2.28,1.0,<Residue GLU het=  resseq=172 icode= >,3fgh_A_B,1.35
509,9.937,GLU, ,OE1,28.29,2.51,1.0,<Residue GLU het=  resseq=172 icode= >,3fgh_A_B,1.35
510,25.868,GLU, ,OE2,28.08,1.95,1.0,<Residue GLU het=  resseq=172 icode= >,3fgh_A_B,1.35
511,0.0,MET,x,N,11.8,6.26,0.5,<Residue MET het=  resseq=173 icode= >,3fgh_A_B,1.35
512,0.0,MET,x,CA,13.49,4.36,0.5,<Residue MET het=  resseq=173 icode= >,3fgh_A_B,1.35
513,0.737,MET,x,C,13.53,3.29,0.5,<Residue MET het=  resseq=173 icode= >,3fgh_A_B,1.35
514,18.427,MET,x,O,15.86,3.23,0.5,<Residue MET het=  resseq=173 icode= >,3fgh_A_B,1.35
515,12.416,MET,x,CB,15.3,3.90,0.5,<Residue MET het=  resseq=173 icode= >,3fgh_A_B,1.35
516,3.534,MET,x,CG,15.39,3.16,0.5,<Residue MET het=  resseq=173 icode= >,3fgh_A_B,1.35
517,0.0,MET,x,SD,15.17,5.81,0.5,<Residue MET het=  resseq=173 icode= >,3fgh_A_B,1.35
518,37.549,MET,x,CE,16.13,1.45,0.5,<Residue MET het=  resseq=173 icode= >,3fgh_A_B,1.35
519,0.0,LYS, ,N,13.51,5.06,1.0,<Residue LYS het=  resseq=174 icode= >,3fgh_A_B,1.35
520,6.571,LYS, ,CA,15.08,3.87,1.0,<Residue LYS het=  resseq=174 icode= >,3fgh_A_B,1.35
521,1.242,LYS, ,C,18.5,2.99,1.0,<Residue LYS het=  resseq=174 icode= >,3fgh_A_B,1.35
522,29.963,LYS, ,O,20.67,4.14,1.0,<Residue LYS het=  resseq=174 icode= >,3fgh_A_B,1.35
523,14.915,LYS, ,CB,13.73,4.07,1.0,<Residue LYS het=  resseq=174 icode= >,3fgh_A_B,1.35
524,19.794,LYS, ,CG,13.46,4.05,1.0,<Residue LYS het=  resseq=174 icode= >,3fgh_A_B,1.35
525,17.223,LYS, ,CD,18.32,3.60,1.0,<Residue LYS het=  resseq=174 icode= >,3fgh_A_B,1.35
526,33.817,LYS, ,CE,20.81,2.12,1.0,<Residue LYS het=  resseq=174 icode= >,3fgh_A_B,1.35
527,41.46,LYS, ,NZ,19.42,3.19,1.0,<Residue LYS het=  resseq=174 icode= >,3fgh_A_B,1.35
528,0.0,SER,x,N,16.75,4.10,0.5,<Residue SER het=  resseq=175 icode= >,3fgh_A_B,1.35
529,8.059,SER,x,CA,17.17,3.04,0.5,<Residue SER het=  resseq=175 icode= >,3fgh_A_B,1.35
530,2.206,SER,x,C,20.76,3.38,0.5,<Residue SER het=  resseq=175 icode= >,3fgh_A_B,1.35
531,22.745,SER,x,O,18.45,2.59,0.5,<Residue SER het=  resseq=175 icode= >,3fgh_A_B,1.35
532,42.765,SER,x,CB,16.14,2.79,0.5,<Residue SER het=  resseq=175 icode= >,3fgh_A_B,1.35
533,18.413,SER,x,OG,13.66,3.80,0.5,<Residue SER het=  resseq=175 icode= >,3fgh_A_B,1.35
534,0.0,TRP, ,N,22.18,3.10,1.0,<Residue TRP het=  resseq=176 icode= >,3fgh_A_B,1.35
535,6.723,TRP, ,CA,24.17,3.34,1.0,<Residue TRP het=  resseq=176 icode= >,3fgh_A_B,1.35
536,0.123,TRP, ,C,25.53,2.24,1.0,<Residue TRP het=  resseq=176 icode= >,3fgh_A_B,1.35
537,23.341,TRP, ,O,27.84,2.77,1.0,<Residue TRP het=  resseq=176 icode= >,3fgh_A_B,1.35
538,0.591,TRP, ,CB,29.44,1.69,1.0,<Residue TRP het=  resseq=176 icode= >,3fgh_A_B,1.35
539,0.0,TRP, ,CG,30.3,1.71,1.0,<Residue TRP het=  resseq=176 icode= >,3fgh_A_B,1.35
540,13.111,TRP, ,CD1,31.48,1.70,1.0,<Residue TRP het=  resseq=176 icode= >,3fgh_A_B,1.35
541,0.07,TRP, ,CD2,31.38,1.64,1.0,<Residue TRP het=  resseq=176 icode= >,3fgh_A_B,1.35
542,5.547,TRP, ,NE1,33.16,2.27,1.0,<Residue TRP het=  resseq=176 icode= >,3fgh_A_B,1.35
543,0.043,TRP, ,CE2,32.05,1.65,1.0,<Residue TRP het=  resseq=176 icode= >,3fgh_A_B,1.35
544,11.045,TRP, ,CE3,31.79,1.52,1.0,<Residue TRP het=  resseq=176 icode= >,3fgh_A_B,1.35
545,18.602,TRP, ,CZ2,32.24,0.96,1.0,<Residue TRP het=  resseq=176 icode= >,3fgh_A_B,1.35
546,23.393,TRP, ,CZ3,32.8,0.78,1.0,<Residue TRP het=  resseq=176 icode= >,3fgh_A_B,1.35
547,22.97,TRP, ,CH2,31.81,1.52,1.0,<Residue TRP het=  resseq=176 icode= >,3fgh_A_B,1.35
548,3.958,ALA, ,N,28.22,2.23,1.0,<Residue ALA het=  resseq=177 icode= >,3fgh_A_B,1.35
549,9.384,ALA, ,CA,30.16,1.34,1.0,<Residue ALA het=  resseq=177 icode= >,3fgh_A_B,1.35
550,43.477,ALA, ,C,32.57,1.38,1.0,<Residue ALA het=  resseq=177 icode= >,3fgh_A_B,1.35
551,66.717,ALA, ,CB,29.7,1.67,1.0,<Residue ALA het=  resseq=177 icode= >,3fgh_A_B,1.35
