,ASA,aa,altloc,atom,bfac,dens,occ,residue,id,resolu
0,51.545,ALA, ,N,24.01,1.09,0.5,<Residue ALA het=  resseq=66 icode= >,3fmy_A_B,1.4
1,14.62,ALA, ,CA,22.6,1.51,0.5,<Residue ALA het=  resseq=66 icode= >,3fmy_A_B,1.4
2,3.455,ALA, ,C,22.33,1.77,0.5,<Residue ALA het=  resseq=66 icode= >,3fmy_A_B,1.4
3,12.17,ALA, ,O,23.04,2.49,0.5,<Residue ALA het=  resseq=66 icode= >,3fmy_A_B,1.4
4,51.811,ALA, ,CB,22.39,1.39,0.5,<Residue ALA het=  resseq=66 icode= >,3fmy_A_B,1.4
5,11.924,GLU, ,N,23.5,2.24,1.0,<Residue GLU het=  resseq=67 icode= >,3fmy_A_B,1.4
6,10.462,GLU, ,CA,22.76,2.11,1.0,<Residue GLU het=  resseq=67 icode= >,3fmy_A_B,1.4
7,0.0,GLU, ,C,22.23,2.85,1.0,<Residue GLU het=  resseq=67 icode= >,3fmy_A_B,1.4
8,5.182,GLU, ,O,23.19,2.80,1.0,<Residue GLU het=  resseq=67 icode= >,3fmy_A_B,1.4
9,16.744,GLU, ,CB,22.74,1.68,1.0,<Residue GLU het=  resseq=67 icode= >,3fmy_A_B,1.4
10,15.804,GLU, ,CG,23.41,1.86,1.0,<Residue GLU het=  resseq=67 icode= >,3fmy_A_B,1.4
11,5.041,GLU, ,CD,23.96,2.56,1.0,<Residue GLU het=  resseq=67 icode= >,3fmy_A_B,1.4
12,1.138,GLU, ,OE1,31.26,1.93,1.0,<Residue GLU het=  resseq=67 icode= >,3fmy_A_B,1.4
13,6.588,GLU, ,OE2,24.75,2.88,1.0,<Residue GLU het=  resseq=67 icode= >,3fmy_A_B,1.4
14,4.534,THR, ,N,21.35,3.21,1.0,<Residue THR het=  resseq=68 icode= >,3fmy_A_B,1.4
15,2.654,THR, ,CA,23.46,2.08,1.0,<Residue THR het=  resseq=68 icode= >,3fmy_A_B,1.4
16,0.747,THR, ,C,22.4,2.36,1.0,<Residue THR het=  resseq=68 icode= >,3fmy_A_B,1.4
17,15.7,THR, ,O,22.51,3.74,1.0,<Residue THR het=  resseq=68 icode= >,3fmy_A_B,1.4
18,12.65,THR, ,CB,25.88,2.02,1.0,<Residue THR het=  resseq=68 icode= >,3fmy_A_B,1.4
19,30.984,THR, ,OG1,30.62,2.30,1.0,<Residue THR het=  resseq=68 icode= >,3fmy_A_B,1.4
20,51.951,THR, ,CG2,29.18,0.90,1.0,<Residue THR het=  resseq=68 icode= >,3fmy_A_B,1.4
21,0.718,VAL, ,N,21.91,3.11,1.0,<Residue VAL het=  resseq=69 icode= >,3fmy_A_B,1.4
22,5.6,VAL, ,CA,21.68,2.32,1.0,<Residue VAL het=  resseq=69 icode= >,3fmy_A_B,1.4
23,2.848,VAL, ,C,19.87,3.80,1.0,<Residue VAL het=  resseq=69 icode= >,3fmy_A_B,1.4
24,13.95,VAL, ,O,21.62,3.72,1.0,<Residue VAL het=  resseq=69 icode= >,3fmy_A_B,1.4
25,0.18,VAL, ,CB,21.48,2.07,1.0,<Residue VAL het=  resseq=69 icode= >,3fmy_A_B,1.4
26,6.147,VAL, ,CG1,24.29,1.36,1.0,<Residue VAL het=  resseq=69 icode= >,3fmy_A_B,1.4
27,3.937,VAL, ,CG2,20.78,2.20,1.0,<Residue VAL het=  resseq=69 icode= >,3fmy_A_B,1.4
28,7.373,ALA, ,N,19.23,3.55,1.0,<Residue ALA het=  resseq=70 icode= >,3fmy_A_B,1.4
29,5.1,ALA, ,CA,17.18,3.18,1.0,<Residue ALA het=  resseq=70 icode= >,3fmy_A_B,1.4
30,0.0,ALA, ,C,15.34,3.43,1.0,<Residue ALA het=  resseq=70 icode= >,3fmy_A_B,1.4
31,0.0,ALA, ,O,14.36,5.48,1.0,<Residue ALA het=  resseq=70 icode= >,3fmy_A_B,1.4
32,33.808,ALA, ,CB,19.26,2.31,1.0,<Residue ALA het=  resseq=70 icode= >,3fmy_A_B,1.4
33,0.0,PRO, ,N,14.85,4.38,1.0,<Residue PRO het=  resseq=71 icode= >,3fmy_A_B,1.4
34,0.007,PRO, ,CA,14.75,3.29,1.0,<Residue PRO het=  resseq=71 icode= >,3fmy_A_B,1.4
35,0.284,PRO, ,C,14.35,3.87,1.0,<Residue PRO het=  resseq=71 icode= >,3fmy_A_B,1.4
36,0.0,PRO, ,O,13.12,6.37,1.0,<Residue PRO het=  resseq=71 icode= >,3fmy_A_B,1.4
37,9.08,PRO, ,CB,15.96,3.06,1.0,<Residue PRO het=  resseq=71 icode= >,3fmy_A_B,1.4
38,16.306,PRO, ,CG,18.6,3.13,1.0,<Residue PRO het=  resseq=71 icode= >,3fmy_A_B,1.4
39,25.617,PRO, ,CD,16.75,3.03,1.0,<Residue PRO het=  resseq=71 icode= >,3fmy_A_B,1.4
40,1.95,GLU, ,N,13.96,4.82,1.0,<Residue GLU het=  resseq=72 icode= >,3fmy_A_B,1.4
41,4.913,GLU,x,CA,15.89,3.60,0.4,<Residue GLU het=  resseq=72 icode= >,3fmy_A_B,1.4
42,0.353,GLU, ,C,12.64,4.48,1.0,<Residue GLU het=  resseq=72 icode= >,3fmy_A_B,1.4
43,4.368,GLU, ,O,13.14,6.55,1.0,<Residue GLU het=  resseq=72 icode= >,3fmy_A_B,1.4
44,28.235,GLU,x,CB,17.49,2.95,0.4,<Residue GLU het=  resseq=72 icode= >,3fmy_A_B,1.4
45,8.995,GLU,x,CG,21.5,0.39,0.4,<Residue GLU het=  resseq=72 icode= >,3fmy_A_B,1.4
46,15.452,GLU,x,CD,22.8,0.24,0.4,<Residue GLU het=  resseq=72 icode= >,3fmy_A_B,1.4
47,36.434,GLU,x,OE1,29.82,0.26,0.4,<Residue GLU het=  resseq=72 icode= >,3fmy_A_B,1.4
48,36.133,GLU,x,OE2,26.67,1.39,0.4,<Residue GLU het=  resseq=72 icode= >,3fmy_A_B,1.4
49,0.0,PHE, ,N,11.86,5.09,1.0,<Residue PHE het=  resseq=73 icode= >,3fmy_A_B,1.4
50,2.305,PHE, ,CA,11.14,4.26,1.0,<Residue PHE het=  resseq=73 icode= >,3fmy_A_B,1.4
51,0.0,PHE, ,C,10.17,4.36,1.0,<Residue PHE het=  resseq=73 icode= >,3fmy_A_B,1.4
52,0.0,PHE, ,O,10.93,6.72,1.0,<Residue PHE het=  resseq=73 icode= >,3fmy_A_B,1.4
53,6.466,PHE, ,CB,11.65,3.99,1.0,<Residue PHE het=  resseq=73 icode= >,3fmy_A_B,1.4
54,1.745,PHE, ,CG,12.33,4.15,1.0,<Residue PHE het=  resseq=73 icode= >,3fmy_A_B,1.4
55,15.934,PHE, ,CD1,13.24,3.75,1.0,<Residue PHE het=  resseq=73 icode= >,3fmy_A_B,1.4
56,0.499,PHE, ,CD2,13.61,4.28,1.0,<Residue PHE het=  resseq=73 icode= >,3fmy_A_B,1.4
57,15.148,PHE, ,CE1,15.51,3.25,1.0,<Residue PHE het=  resseq=73 icode= >,3fmy_A_B,1.4
58,1.567,PHE, ,CE2,12.75,4.44,1.0,<Residue PHE het=  resseq=73 icode= >,3fmy_A_B,1.4
59,2.818,PHE, ,CZ,13.73,4.16,1.0,<Residue PHE het=  resseq=73 icode= >,3fmy_A_B,1.4
60,0.0,ILE, ,N,9.51,5.86,1.0,<Residue ILE het=  resseq=74 icode= >,3fmy_A_B,1.4
61,0.0,ILE,x,CA,9.15,4.60,0.5,<Residue ILE het=  resseq=74 icode= >,3fmy_A_B,1.4
62,0.0,ILE, ,C,9.7,4.20,1.0,<Residue ILE het=  resseq=74 icode= >,3fmy_A_B,1.4
63,0.0,ILE, ,O,9.46,7.48,1.0,<Residue ILE het=  resseq=74 icode= >,3fmy_A_B,1.4
64,0.0,ILE,x,CB,9.28,4.40,0.5,<Residue ILE het=  resseq=74 icode= >,3fmy_A_B,1.4
65,0.025,ILE,x,CG1,9.0,4.26,0.5,<Residue ILE het=  resseq=74 icode= >,3fmy_A_B,1.4
66,0.0,ILE,x,CG2,11.39,4.60,0.5,<Residue ILE het=  resseq=74 icode= >,3fmy_A_B,1.4
67,1.834,ILE,x,CD1,8.41,2.32,0.5,<Residue ILE het=  resseq=74 icode= >,3fmy_A_B,1.4
68,0.0,VAL, ,N,10.11,5.16,1.0,<Residue VAL het=  resseq=75 icode= >,3fmy_A_B,1.4
69,0.0,VAL, ,CA,11.36,3.95,1.0,<Residue VAL het=  resseq=75 icode= >,3fmy_A_B,1.4
70,0.0,VAL, ,C,10.71,4.07,1.0,<Residue VAL het=  resseq=75 icode= >,3fmy_A_B,1.4
71,0.0,VAL, ,O,11.29,6.98,1.0,<Residue VAL het=  resseq=75 icode= >,3fmy_A_B,1.4
72,1.335,VAL, ,CB,14.03,3.12,1.0,<Residue VAL het=  resseq=75 icode= >,3fmy_A_B,1.4
73,23.104,VAL, ,CG1,16.25,3.08,1.0,<Residue VAL het=  resseq=75 icode= >,3fmy_A_B,1.4
74,15.821,VAL, ,CG2,15.1,3.18,1.0,<Residue VAL het=  resseq=75 icode= >,3fmy_A_B,1.4
75,0.133,LYS, ,N,11.4,4.91,1.0,<Residue LYS het=  resseq=76 icode= >,3fmy_A_B,1.4
76,7.465,LYS, ,CA,13.43,3.85,1.0,<Residue LYS het=  resseq=76 icode= >,3fmy_A_B,1.4
77,0.0,LYS, ,C,11.32,4.40,1.0,<Residue LYS het=  resseq=76 icode= >,3fmy_A_B,1.4
78,1.777,LYS, ,O,12.12,6.13,1.0,<Residue LYS het=  resseq=76 icode= >,3fmy_A_B,1.4
79,6.771,LYS, ,CB,14.01,3.67,1.0,<Residue LYS het=  resseq=76 icode= >,3fmy_A_B,1.4
80,18.795,LYS, ,CG,18.56,2.89,1.0,<Residue LYS het=  resseq=76 icode= >,3fmy_A_B,1.4
81,33.068,LYS, ,CD,20.58,2.67,1.0,<Residue LYS het=  resseq=76 icode= >,3fmy_A_B,1.4
82,1.45,LYS, ,CE,21.93,2.56,1.0,<Residue LYS het=  resseq=76 icode= >,3fmy_A_B,1.4
83,27.48,LYS, ,NZ,20.33,3.26,1.0,<Residue LYS het=  resseq=76 icode= >,3fmy_A_B,1.4
84,0.0,VAL, ,N,9.72,5.51,1.0,<Residue VAL het=  resseq=77 icode= >,3fmy_A_B,1.4
85,0.0,VAL, ,CA,9.43,4.08,1.0,<Residue VAL het=  resseq=77 icode= >,3fmy_A_B,1.4
86,0.0,VAL, ,C,10.2,4.37,1.0,<Residue VAL het=  resseq=77 icode= >,3fmy_A_B,1.4
87,0.0,VAL, ,O,9.82,6.68,1.0,<Residue VAL het=  resseq=77 icode= >,3fmy_A_B,1.4
88,0.0,VAL, ,CB,9.45,4.12,1.0,<Residue VAL het=  resseq=77 icode= >,3fmy_A_B,1.4
89,0.0,VAL, ,CG1,11.06,3.87,1.0,<Residue VAL het=  resseq=77 icode= >,3fmy_A_B,1.4
90,0.0,VAL, ,CG2,10.85,4.15,1.0,<Residue VAL het=  resseq=77 icode= >,3fmy_A_B,1.4
91,0.0,ARG, ,N,9.42,6.33,1.0,<Residue ARG het=  resseq=78 icode= >,3fmy_A_B,1.4
92,0.579,ARG, ,CA,10.07,4.62,1.0,<Residue ARG het=  resseq=78 icode= >,3fmy_A_B,1.4
93,0.0,ARG, ,C,11.4,4.24,1.0,<Residue ARG het=  resseq=78 icode= >,3fmy_A_B,1.4
94,0.0,ARG, ,O,11.47,6.11,1.0,<Residue ARG het=  resseq=78 icode= >,3fmy_A_B,1.4
95,0.235,ARG, ,CB,9.75,4.39,1.0,<Residue ARG het=  resseq=78 icode= >,3fmy_A_B,1.4
96,0.0,ARG, ,CG,11.57,3.79,1.0,<Residue ARG het=  resseq=78 icode= >,3fmy_A_B,1.4
97,0.0,ARG, ,CD,11.68,3.88,1.0,<Residue ARG het=  resseq=78 icode= >,3fmy_A_B,1.4
98,0.0,ARG, ,NE,10.67,5.31,1.0,<Residue ARG het=  resseq=78 icode= >,3fmy_A_B,1.4
99,0.0,ARG, ,CZ,11.25,3.87,1.0,<Residue ARG het=  resseq=78 icode= >,3fmy_A_B,1.4
100,13.459,ARG, ,NH1,13.55,4.89,1.0,<Residue ARG het=  resseq=78 icode= >,3fmy_A_B,1.4
101,11.507,ARG, ,NH2,14.47,4.96,1.0,<Residue ARG het=  resseq=78 icode= >,3fmy_A_B,1.4
102,0.0,LYS, ,N,12.64,5.50,1.0,<Residue LYS het=  resseq=79 icode= >,3fmy_A_B,1.4
103,2.906,LYS, ,CA,13.72,3.23,1.0,<Residue LYS het=  resseq=79 icode= >,3fmy_A_B,1.4
104,1.774,LYS, ,C,14.5,3.62,1.0,<Residue LYS het=  resseq=79 icode= >,3fmy_A_B,1.4
105,14.049,LYS, ,O,15.78,5.48,1.0,<Residue LYS het=  resseq=79 icode= >,3fmy_A_B,1.4
106,17.274,LYS, ,CB,14.72,3.33,1.0,<Residue LYS het=  resseq=79 icode= >,3fmy_A_B,1.4
107,4.297,LYS, ,CG,18.0,3.53,1.0,<Residue LYS het=  resseq=79 icode= >,3fmy_A_B,1.4
108,25.411,LYS, ,CD,22.13,2.42,1.0,<Residue LYS het=  resseq=79 icode= >,3fmy_A_B,1.4
109,18.278,LYS, ,CE,25.82,1.83,1.0,<Residue LYS het=  resseq=79 icode= >,3fmy_A_B,1.4
110,45.09,LYS, ,NZ,29.84,0.33,0.5,<Residue LYS het=  resseq=79 icode= >,3fmy_A_B,1.4
111,1.13,LYS, ,N,13.81,4.85,1.0,<Residue LYS het=  resseq=80 icode= >,3fmy_A_B,1.4
112,12.275,LYS, ,CA,16.19,4.14,1.0,<Residue LYS het=  resseq=80 icode= >,3fmy_A_B,1.4
113,0.0,LYS, ,C,15.26,3.49,1.0,<Residue LYS het=  resseq=80 icode= >,3fmy_A_B,1.4
114,22.367,LYS, ,O,16.85,4.98,1.0,<Residue LYS het=  resseq=80 icode= >,3fmy_A_B,1.4
115,4.044,LYS, ,CB,18.17,3.04,1.0,<Residue LYS het=  resseq=80 icode= >,3fmy_A_B,1.4
116,14.374,LYS, ,CG,20.65,2.35,1.0,<Residue LYS het=  resseq=80 icode= >,3fmy_A_B,1.4
117,1.242,LYS, ,CD,22.82,2.12,1.0,<Residue LYS het=  resseq=80 icode= >,3fmy_A_B,1.4
118,21.55,LYS, ,CE,24.86,2.56,1.0,<Residue LYS het=  resseq=80 icode= >,3fmy_A_B,1.4
119,20.864,LYS, ,NZ,20.99,2.98,1.0,<Residue LYS het=  resseq=80 icode= >,3fmy_A_B,1.4
120,0.0,LEU, ,N,12.25,5.11,1.0,<Residue LEU het=  resseq=81 icode= >,3fmy_A_B,1.4
121,3.175,LEU, ,CA,13.24,4.12,1.0,<Residue LEU het=  resseq=81 icode= >,3fmy_A_B,1.4
122,1.591,LEU, ,C,12.97,4.85,1.0,<Residue LEU het=  resseq=81 icode= >,3fmy_A_B,1.4
123,5.373,LEU, ,O,12.92,6.28,1.0,<Residue LEU het=  resseq=81 icode= >,3fmy_A_B,1.4
124,0.0,LEU, ,CB,11.73,3.84,1.0,<Residue LEU het=  resseq=81 icode= >,3fmy_A_B,1.4
125,0.0,LEU, ,CG,10.81,4.45,1.0,<Residue LEU het=  resseq=81 icode= >,3fmy_A_B,1.4
126,0.009,LEU, ,CD1,12.86,4.20,1.0,<Residue LEU het=  resseq=81 icode= >,3fmy_A_B,1.4
127,1.975,LEU, ,CD2,14.06,3.62,1.0,<Residue LEU het=  resseq=81 icode= >,3fmy_A_B,1.4
128,0.0,SER, ,N,12.68,5.26,1.0,<Residue SER het=  resseq=82 icode= >,3fmy_A_B,1.4
129,7.295,SER,x,CA,14.11,3.53,0.25,<Residue SER het=  resseq=82 icode= >,3fmy_A_B,1.4
130,3.088,SER, ,C,13.49,3.85,1.0,<Residue SER het=  resseq=82 icode= >,3fmy_A_B,1.4
131,14.261,SER, ,O,16.23,4.76,1.0,<Residue SER het=  resseq=82 icode= >,3fmy_A_B,1.4
132,36.38,SER,x,CB,15.25,3.02,0.25,<Residue SER het=  resseq=82 icode= >,3fmy_A_B,1.4
133,35.699,SER,x,OG,18.0,0.84,0.25,<Residue SER het=  resseq=82 icode= >,3fmy_A_B,1.4
134,0.02,LEU, ,N,11.44,5.37,1.0,<Residue LEU het=  resseq=83 icode= >,3fmy_A_B,1.4
135,0.0,LEU, ,CA,10.65,3.95,1.0,<Residue LEU het=  resseq=83 icode= >,3fmy_A_B,1.4
136,2.528,LEU, ,C,10.53,4.09,1.0,<Residue LEU het=  resseq=83 icode= >,3fmy_A_B,1.4
137,4.104,LEU, ,O,12.15,6.22,1.0,<Residue LEU het=  resseq=83 icode= >,3fmy_A_B,1.4
138,0.0,LEU, ,CB,10.06,3.92,1.0,<Residue LEU het=  resseq=83 icode= >,3fmy_A_B,1.4
139,0.0,LEU, ,CG,10.9,3.72,1.0,<Residue LEU het=  resseq=83 icode= >,3fmy_A_B,1.4
140,0.068,LEU, ,CD1,11.99,3.91,1.0,<Residue LEU het=  resseq=83 icode= >,3fmy_A_B,1.4
141,0.0,LEU, ,CD2,12.98,3.89,1.0,<Residue LEU het=  resseq=83 icode= >,3fmy_A_B,1.4
142,0.0,THR, ,N,10.11,5.70,1.0,<Residue THR het=  resseq=84 icode= >,3fmy_A_B,1.4
143,3.513,THR, ,CA,10.42,4.02,1.0,<Residue THR het=  resseq=84 icode= >,3fmy_A_B,1.4
144,0.0,THR, ,C,10.13,4.25,1.0,<Residue THR het=  resseq=84 icode= >,3fmy_A_B,1.4
145,0.0,THR, ,O,9.13,7.65,1.0,<Residue THR het=  resseq=84 icode= >,3fmy_A_B,1.4
146,11.556,THR, ,CB,10.29,4.12,1.0,<Residue THR het=  resseq=84 icode= >,3fmy_A_B,1.4
147,2.211,THR, ,OG1,12.41,6.24,1.0,<Residue THR het=  resseq=84 icode= >,3fmy_A_B,1.4
148,54.767,THR, ,CG2,12.59,3.84,1.0,<Residue THR het=  resseq=84 icode= >,3fmy_A_B,1.4
149,2.918,GLN, ,N,9.27,6.01,1.0,<Residue GLN het=  resseq=85 icode= >,3fmy_A_B,1.4
150,0.0,GLN, ,CA,8.21,4.87,1.0,<Residue GLN het=  resseq=85 icode= >,3fmy_A_B,1.4
151,0.298,GLN, ,C,8.38,4.52,1.0,<Residue GLN het=  resseq=85 icode= >,3fmy_A_B,1.4
152,0.0,GLN, ,O,9.18,7.80,1.0,<Residue GLN het=  resseq=85 icode= >,3fmy_A_B,1.4
153,10.794,GLN, ,CB,8.26,4.67,1.0,<Residue GLN het=  resseq=85 icode= >,3fmy_A_B,1.4
154,4.517,GLN, ,CG,8.87,4.42,1.0,<Residue GLN het=  resseq=85 icode= >,3fmy_A_B,1.4
155,5.395,GLN, ,CD,8.98,4.50,1.0,<Residue GLN het=  resseq=85 icode= >,3fmy_A_B,1.4
156,22.285,GLN, ,OE1,11.84,5.70,1.0,<Residue GLN het=  resseq=85 icode= >,3fmy_A_B,1.4
157,19.223,GLN, ,NE2,10.54,5.30,1.0,<Residue GLN het=  resseq=85 icode= >,3fmy_A_B,1.4
158,2.93,LYS, ,N,10.03,5.14,1.0,<Residue LYS het=  resseq=86 icode= >,3fmy_A_B,1.4
159,1.667,LYS, ,CA,10.91,4.25,1.0,<Residue LYS het=  resseq=86 icode= >,3fmy_A_B,1.4
160,0.0,LYS, ,C,9.81,4.91,1.0,<Residue LYS het=  resseq=86 icode= >,3fmy_A_B,1.4
161,0.166,LYS, ,O,10.81,6.64,1.0,<Residue LYS het=  resseq=86 icode= >,3fmy_A_B,1.4
162,17.453,LYS, ,CB,12.38,4.26,1.0,<Residue LYS het=  resseq=86 icode= >,3fmy_A_B,1.4
163,6.654,LYS, ,CG,15.52,3.76,1.0,<Residue LYS het=  resseq=86 icode= >,3fmy_A_B,1.4
164,33.472,LYS, ,CD,18.11,2.27,1.0,<Residue LYS het=  resseq=86 icode= >,3fmy_A_B,1.4
165,43.279,LYS, ,CE,23.39,1.95,1.0,<Residue LYS het=  resseq=86 icode= >,3fmy_A_B,1.4
166,28.686,LYS, ,NZ,30.03,1.41,1.0,<Residue LYS het=  resseq=86 icode= >,3fmy_A_B,1.4
167,0.0,GLU, ,N,9.96,5.23,1.0,<Residue GLU het=  resseq=87 icode= >,3fmy_A_B,1.4
168,0.344,GLU, ,CA,9.8,3.82,1.0,<Residue GLU het=  resseq=87 icode= >,3fmy_A_B,1.4
169,0.0,GLU, ,C,9.7,4.48,1.0,<Residue GLU het=  resseq=87 icode= >,3fmy_A_B,1.4
170,0.0,GLU, ,O,10.58,7.77,1.0,<Residue GLU het=  resseq=87 icode= >,3fmy_A_B,1.4
171,0.208,GLU, ,CB,10.19,3.74,1.0,<Residue GLU het=  resseq=87 icode= >,3fmy_A_B,1.4
172,12.437,GLU, ,CG,12.18,3.82,1.0,<Residue GLU het=  resseq=87 icode= >,3fmy_A_B,1.4
173,0.321,GLU, ,CD,15.22,3.16,1.0,<Residue GLU het=  resseq=87 icode= >,3fmy_A_B,1.4
174,2.944,GLU, ,OE1,12.79,5.89,1.0,<Residue GLU het=  resseq=87 icode= >,3fmy_A_B,1.4
175,33.59,GLU, ,OE2,24.02,2.64,1.0,<Residue GLU het=  resseq=87 icode= >,3fmy_A_B,1.4
176,0.0,ALA, ,N,8.41,6.21,1.0,<Residue ALA het=  resseq=88 icode= >,3fmy_A_B,1.4
177,0.0,ALA, ,CA,8.41,3.69,1.0,<Residue ALA het=  resseq=88 icode= >,3fmy_A_B,1.4
178,0.0,ALA, ,C,8.04,4.96,1.0,<Residue ALA het=  resseq=88 icode= >,3fmy_A_B,1.4
179,0.0,ALA, ,O,9.03,7.51,1.0,<Residue ALA het=  resseq=88 icode= >,3fmy_A_B,1.4
180,0.121,ALA, ,CB,9.12,4.58,1.0,<Residue ALA het=  resseq=88 icode= >,3fmy_A_B,1.4
181,0.0,SER, ,N,8.98,6.18,1.0,<Residue SER het=  resseq=89 icode= >,3fmy_A_B,1.4
182,0.0,SER, ,CA,9.88,4.02,1.0,<Residue SER het=  resseq=89 icode= >,3fmy_A_B,1.4
183,0.868,SER, ,C,10.17,4.21,1.0,<Residue SER het=  resseq=89 icode= >,3fmy_A_B,1.4
184,2.701,SER, ,O,12.41,6.37,1.0,<Residue SER het=  resseq=89 icode= >,3fmy_A_B,1.4
185,0.55,SER, ,CB,10.81,4.19,1.0,<Residue SER het=  resseq=89 icode= >,3fmy_A_B,1.4
186,0.331,SER, ,OG,12.56,5.60,1.0,<Residue SER het=  resseq=89 icode= >,3fmy_A_B,1.4
187,0.0,GLU, ,N,11.15,5.10,1.0,<Residue GLU het=  resseq=90 icode= >,3fmy_A_B,1.4
188,8.078,GLU, ,CA,13.88,3.34,1.0,<Residue GLU het=  resseq=90 icode= >,3fmy_A_B,1.4
189,1.569,GLU, ,C,12.6,4.06,1.0,<Residue GLU het=  resseq=90 icode= >,3fmy_A_B,1.4
190,24.09,GLU, ,O,16.04,4.64,1.0,<Residue GLU het=  resseq=90 icode= >,3fmy_A_B,1.4
191,13.997,GLU, ,CB,14.81,3.20,1.0,<Residue GLU het=  resseq=90 icode= >,3fmy_A_B,1.4
192,22.849,GLU, ,CG,18.03,2.34,1.0,<Residue GLU het=  resseq=90 icode= >,3fmy_A_B,1.4
193,7.804,GLU, ,CD,19.8,2.33,0.75,<Residue GLU het=  resseq=90 icode= >,3fmy_A_B,1.4
194,19.446,GLU, ,OE1,22.61,2.63,0.75,<Residue GLU het=  resseq=90 icode= >,3fmy_A_B,1.4
195,14.434,GLU, ,OE2,26.26,2.15,0.75,<Residue GLU het=  resseq=90 icode= >,3fmy_A_B,1.4
196,0.0,ILE, ,N,10.26,5.22,1.0,<Residue ILE het=  resseq=91 icode= >,3fmy_A_B,1.4
197,7.229,ILE, ,CA,10.54,4.07,1.0,<Residue ILE het=  resseq=91 icode= >,3fmy_A_B,1.4
198,0.0,ILE, ,C,9.27,4.37,1.0,<Residue ILE het=  resseq=91 icode= >,3fmy_A_B,1.4
199,26.028,ILE, ,O,11.04,6.81,1.0,<Residue ILE het=  resseq=91 icode= >,3fmy_A_B,1.4
200,0.0,ILE, ,CB,10.34,4.64,1.0,<Residue ILE het=  resseq=91 icode= >,3fmy_A_B,1.4
201,9.972,ILE, ,CG1,11.8,3.78,1.0,<Residue ILE het=  resseq=91 icode= >,3fmy_A_B,1.4
202,2.871,ILE, ,CG2,12.85,3.62,1.0,<Residue ILE het=  resseq=91 icode= >,3fmy_A_B,1.4
203,0.0,ILE, ,CD1,14.18,3.48,1.0,<Residue ILE het=  resseq=91 icode= >,3fmy_A_B,1.4
204,0.0,PHE, ,N,9.42,5.68,1.0,<Residue PHE het=  resseq=92 icode= >,3fmy_A_B,1.4
205,2.578,PHE, ,CA,8.99,4.54,1.0,<Residue PHE het=  resseq=92 icode= >,3fmy_A_B,1.4
206,2.118,PHE, ,C,9.6,4.46,1.0,<Residue PHE het=  resseq=92 icode= >,3fmy_A_B,1.4
207,20.394,PHE, ,O,10.76,6.35,1.0,<Residue PHE het=  resseq=92 icode= >,3fmy_A_B,1.4
208,0.0,PHE, ,CB,9.36,4.97,1.0,<Residue PHE het=  resseq=92 icode= >,3fmy_A_B,1.4
209,0.0,PHE, ,CG,9.33,4.38,1.0,<Residue PHE het=  resseq=92 icode= >,3fmy_A_B,1.4
210,0.418,PHE, ,CD1,17.23,2.99,1.0,<Residue PHE het=  resseq=92 icode= >,3fmy_A_B,1.4
211,0.0,PHE, ,CD2,8.94,4.93,1.0,<Residue PHE het=  resseq=92 icode= >,3fmy_A_B,1.4
212,0.0,PHE, ,CE1,18.78,2.74,1.0,<Residue PHE het=  resseq=92 icode= >,3fmy_A_B,1.4
213,0.788,PHE, ,CE2,10.57,3.86,1.0,<Residue PHE het=  resseq=92 icode= >,3fmy_A_B,1.4
214,0.0,PHE, ,CZ,15.41,3.02,1.0,<Residue PHE het=  resseq=92 icode= >,3fmy_A_B,1.4
215,0.28,GLY, ,N,11.64,5.06,1.0,<Residue GLY het=  resseq=93 icode= >,3fmy_A_B,1.4
216,27.328,GLY, ,CA,12.55,4.22,1.0,<Residue GLY het=  resseq=93 icode= >,3fmy_A_B,1.4
217,2.269,GLY, ,C,14.71,3.25,1.0,<Residue GLY het=  resseq=93 icode= >,3fmy_A_B,1.4
218,0.074,GLY, ,O,14.95,5.12,1.0,<Residue GLY het=  resseq=93 icode= >,3fmy_A_B,1.4
219,12.403,GLY, ,N,15.69,3.97,1.0,<Residue GLY het=  resseq=94 icode= >,3fmy_A_B,1.4
220,21.278,GLY, ,CA,18.26,2.51,1.0,<Residue GLY het=  resseq=94 icode= >,3fmy_A_B,1.4
221,4.911,GLY, ,C,18.51,3.23,1.0,<Residue GLY het=  resseq=94 icode= >,3fmy_A_B,1.4
222,13.391,GLY, ,O,21.6,3.67,1.0,<Residue GLY het=  resseq=94 icode= >,3fmy_A_B,1.4
223,7.054,GLY, ,N,19.23,3.41,1.0,<Residue GLY het=  resseq=95 icode= >,3fmy_A_B,1.4
224,36.138,GLY, ,CA,20.68,2.61,1.0,<Residue GLY het=  resseq=95 icode= >,3fmy_A_B,1.4
225,2.562,GLY, ,C,22.2,3.32,1.0,<Residue GLY het=  resseq=95 icode= >,3fmy_A_B,1.4
226,0.0,GLY, ,O,18.95,4.62,1.0,<Residue GLY het=  resseq=95 icode= >,3fmy_A_B,1.4
227,3.577,VAL, ,N,25.77,2.15,1.0,<Residue VAL het=  resseq=96 icode= >,3fmy_A_B,1.4
228,4.01,VAL,x,CA,26.18,1.84,0.6,<Residue VAL het=  resseq=96 icode= >,3fmy_A_B,1.4
229,0.0,VAL, ,C,25.47,2.11,1.0,<Residue VAL het=  resseq=96 icode= >,3fmy_A_B,1.4
230,7.459,VAL, ,O,27.3,2.89,1.0,<Residue VAL het=  resseq=96 icode= >,3fmy_A_B,1.4
231,9.754,VAL,x,CB,27.22,1.43,0.6,<Residue VAL het=  resseq=96 icode= >,3fmy_A_B,1.4
232,63.204,VAL,x,CG1,29.01,1.09,0.6,<Residue VAL het=  resseq=96 icode= >,3fmy_A_B,1.4
233,33.703,VAL,x,CG2,26.28,1.13,0.6,<Residue VAL het=  resseq=96 icode= >,3fmy_A_B,1.4
234,0.968,ASN, ,N,21.1,3.50,1.0,<Residue ASN het=  resseq=97 icode= >,3fmy_A_B,1.4
235,1.751,ASN, ,CA,20.39,3.17,1.0,<Residue ASN het=  resseq=97 icode= >,3fmy_A_B,1.4
236,0.0,ASN, ,C,16.88,4.25,1.0,<Residue ASN het=  resseq=97 icode= >,3fmy_A_B,1.4
237,0.0,ASN, ,O,18.06,4.83,1.0,<Residue ASN het=  resseq=97 icode= >,3fmy_A_B,1.4
238,5.873,ASN, ,CB,23.95,1.87,1.0,<Residue ASN het=  resseq=97 icode= >,3fmy_A_B,1.4
239,5.404,ASN, ,CG,25.89,2.19,0.7,<Residue ASN het=  resseq=97 icode= >,3fmy_A_B,1.4
240,26.634,ASN, ,OD1,24.87,2.51,0.7,<Residue ASN het=  resseq=97 icode= >,3fmy_A_B,1.4
241,44.851,ASN, ,ND2,33.19,0.61,0.7,<Residue ASN het=  resseq=97 icode= >,3fmy_A_B,1.4
242,0.0,ALA, ,N,14.55,4.11,1.0,<Residue ALA het=  resseq=98 icode= >,3fmy_A_B,1.4
243,0.0,ALA, ,CA,12.68,3.12,1.0,<Residue ALA het=  resseq=98 icode= >,3fmy_A_B,1.4
244,0.0,ALA, ,C,11.4,4.25,1.0,<Residue ALA het=  resseq=98 icode= >,3fmy_A_B,1.4
245,0.0,ALA, ,O,11.84,6.47,1.0,<Residue ALA het=  resseq=98 icode= >,3fmy_A_B,1.4
246,0.0,ALA, ,CB,14.77,2.82,1.0,<Residue ALA het=  resseq=98 icode= >,3fmy_A_B,1.4
247,0.0,PHE, ,N,11.42,5.24,1.0,<Residue PHE het=  resseq=99 icode= >,3fmy_A_B,1.4
248,0.0,PHE, ,CA,10.21,4.64,1.0,<Residue PHE het=  resseq=99 icode= >,3fmy_A_B,1.4
249,0.0,PHE, ,C,11.07,4.64,1.0,<Residue PHE het=  resseq=99 icode= >,3fmy_A_B,1.4
250,0.0,PHE, ,O,10.08,6.77,1.0,<Residue PHE het=  resseq=99 icode= >,3fmy_A_B,1.4
251,0.0,PHE, ,CB,10.2,4.34,1.0,<Residue PHE het=  resseq=99 icode= >,3fmy_A_B,1.4
252,0.0,PHE, ,CG,9.01,4.79,1.0,<Residue PHE het=  resseq=99 icode= >,3fmy_A_B,1.4
253,0.0,PHE, ,CD1,11.09,4.26,1.0,<Residue PHE het=  resseq=99 icode= >,3fmy_A_B,1.4
254,0.0,PHE, ,CD2,10.08,4.26,1.0,<Residue PHE het=  resseq=99 icode= >,3fmy_A_B,1.4
255,0.0,PHE, ,CE1,11.42,4.00,1.0,<Residue PHE het=  resseq=99 icode= >,3fmy_A_B,1.4
256,0.073,PHE, ,CE2,10.86,3.86,1.0,<Residue PHE het=  resseq=99 icode= >,3fmy_A_B,1.4
257,0.0,PHE, ,CZ,11.4,4.25,1.0,<Residue PHE het=  resseq=99 icode= >,3fmy_A_B,1.4
258,0.519,SER, ,N,12.35,5.07,1.0,<Residue SER het=  resseq=100 icode= >,3fmy_A_B,1.4
259,0.389,SER,x,CA,14.06,3.67,0.33,<Residue SER het=  resseq=100 icode= >,3fmy_A_B,1.4
260,0.758,SER, ,C,14.95,4.00,1.0,<Residue SER het=  resseq=100 icode= >,3fmy_A_B,1.4
261,0.768,SER, ,O,16.43,5.09,1.0,<Residue SER het=  resseq=100 icode= >,3fmy_A_B,1.4
262,28.132,SER,x,CB,14.39,3.21,0.33,<Residue SER het=  resseq=100 icode= >,3fmy_A_B,1.4
263,7.392,SER,x,OG,14.06,1.57,0.33,<Residue SER het=  resseq=100 icode= >,3fmy_A_B,1.4
264,0.0,ARG, ,N,12.74,4.88,1.0,<Residue ARG het=  resseq=101 icode= >,3fmy_A_B,1.4
265,1.12,ARG, ,CA,13.86,3.46,1.0,<Residue ARG het=  resseq=101 icode= >,3fmy_A_B,1.4
266,0.0,ARG, ,C,12.52,4.17,1.0,<Residue ARG het=  resseq=101 icode= >,3fmy_A_B,1.4
267,0.0,ARG, ,O,14.18,5.62,1.0,<Residue ARG het=  resseq=101 icode= >,3fmy_A_B,1.4
268,0.0,ARG, ,CB,14.9,3.71,1.0,<Residue ARG het=  resseq=101 icode= >,3fmy_A_B,1.4
269,12.814,ARG, ,CG,19.5,2.63,1.0,<Residue ARG het=  resseq=101 icode= >,3fmy_A_B,1.4
270,29.768,ARG, ,CD,29.55,1.18,1.0,<Residue ARG het=  resseq=101 icode= >,3fmy_A_B,1.4
271,5.49,ARG, ,NE,33.58,1.01,0.5,<Residue ARG het=  resseq=101 icode= >,3fmy_A_B,1.4
272,4.336,ARG, ,CZ,36.43,0.76,0.5,<Residue ARG het=  resseq=101 icode= >,3fmy_A_B,1.4
273,23.178,ARG, ,NH1,38.37,0.39,0.5,<Residue ARG het=  resseq=101 icode= >,3fmy_A_B,1.4
274,29.722,ARG, ,NH2,36.51,0.80,0.5,<Residue ARG het=  resseq=101 icode= >,3fmy_A_B,1.4
275,0.0,TYR, ,N,11.61,5.07,1.0,<Residue TYR het=  resseq=102 icode= >,3fmy_A_B,1.4
276,0.0,TYR, ,CA,11.21,4.30,1.0,<Residue TYR het=  resseq=102 icode= >,3fmy_A_B,1.4
277,0.0,TYR, ,C,11.66,4.62,1.0,<Residue TYR het=  resseq=102 icode= >,3fmy_A_B,1.4
278,1.611,TYR, ,O,13.28,5.88,1.0,<Residue TYR het=  resseq=102 icode= >,3fmy_A_B,1.4
279,0.0,TYR, ,CB,11.61,4.13,1.0,<Residue TYR het=  resseq=102 icode= >,3fmy_A_B,1.4
280,0.0,TYR, ,CG,11.27,4.40,1.0,<Residue TYR het=  resseq=102 icode= >,3fmy_A_B,1.4
281,0.0,TYR, ,CD1,11.67,4.11,1.0,<Residue TYR het=  resseq=102 icode= >,3fmy_A_B,1.4
282,0.0,TYR, ,CD2,11.19,4.10,1.0,<Residue TYR het=  resseq=102 icode= >,3fmy_A_B,1.4
283,4.656,TYR, ,CE1,13.76,3.42,1.0,<Residue TYR het=  resseq=102 icode= >,3fmy_A_B,1.4
284,0.012,TYR, ,CE2,12.74,3.56,1.0,<Residue TYR het=  resseq=102 icode= >,3fmy_A_B,1.4
285,0.0,TYR, ,CZ,15.31,3.09,1.0,<Residue TYR het=  resseq=102 icode= >,3fmy_A_B,1.4
286,10.271,TYR, ,OH,18.89,3.97,1.0,<Residue TYR het=  resseq=102 icode= >,3fmy_A_B,1.4
287,0.0,GLU, ,N,11.88,5.04,1.0,<Residue GLU het=  resseq=103 icode= >,3fmy_A_B,1.4
288,0.0,GLU, ,CA,11.62,3.77,1.0,<Residue GLU het=  resseq=103 icode= >,3fmy_A_B,1.4
289,0.522,GLU, ,C,13.78,3.30,1.0,<Residue GLU het=  resseq=103 icode= >,3fmy_A_B,1.4
290,16.717,GLU, ,O,15.97,4.75,1.0,<Residue GLU het=  resseq=103 icode= >,3fmy_A_B,1.4
291,5.725,GLU, ,CB,12.59,3.57,1.0,<Residue GLU het=  resseq=103 icode= >,3fmy_A_B,1.4
292,0.0,GLU, ,CG,10.7,4.78,1.0,<Residue GLU het=  resseq=103 icode= >,3fmy_A_B,1.4
293,0.0,GLU, ,CD,11.91,3.79,1.0,<Residue GLU het=  resseq=103 icode= >,3fmy_A_B,1.4
294,2.585,GLU, ,OE1,11.86,6.06,1.0,<Residue GLU het=  resseq=103 icode= >,3fmy_A_B,1.4
295,0.0,GLU, ,OE2,12.04,6.64,1.0,<Residue GLU het=  resseq=103 icode= >,3fmy_A_B,1.4
296,0.0,LYS, ,N,15.78,4.13,1.0,<Residue LYS het=  resseq=104 icode= >,3fmy_A_B,1.4
297,7.222,LYS,x,CA,17.23,2.72,0.5,<Residue LYS het=  resseq=104 icode= >,3fmy_A_B,1.4
298,2.494,LYS, ,C,16.81,3.21,1.0,<Residue LYS het=  resseq=104 icode= >,3fmy_A_B,1.4
299,19.546,LYS, ,O,18.91,3.72,1.0,<Residue LYS het=  resseq=104 icode= >,3fmy_A_B,1.4
300,0.479,LYS,x,CB,18.07,2.73,0.5,<Residue LYS het=  resseq=104 icode= >,3fmy_A_B,1.4
301,16.01,LYS,x,CG,20.15,2.09,0.5,<Residue LYS het=  resseq=104 icode= >,3fmy_A_B,1.4
302,21.163,LYS,x,CD,22.66,2.05,0.5,<Residue LYS het=  resseq=104 icode= >,3fmy_A_B,1.4
303,47.666,LYS,x,CE,25.43,0.77,0.5,<Residue LYS het=  resseq=104 icode= >,3fmy_A_B,1.4
304,39.474,LYS,x,NZ,24.41,1.36,0.5,<Residue LYS het=  resseq=104 icode= >,3fmy_A_B,1.4
305,0.0,GLY, ,N,16.37,4.02,1.0,<Residue GLY het=  resseq=105 icode= >,3fmy_A_B,1.4
306,13.434,GLY, ,CA,15.46,3.31,1.0,<Residue GLY het=  resseq=105 icode= >,3fmy_A_B,1.4
307,0.811,GLY, ,C,17.63,3.38,1.0,<Residue GLY het=  resseq=105 icode= >,3fmy_A_B,1.4
308,30.622,GLY, ,O,18.99,4.47,1.0,<Residue GLY het=  resseq=105 icode= >,3fmy_A_B,1.4
309,0.0,ASN, ,N,14.87,5.14,1.0,<Residue ASN het=  resseq=106 icode= >,3fmy_A_B,1.4
310,5.281,ASN, ,CA,16.44,3.74,1.0,<Residue ASN het=  resseq=106 icode= >,3fmy_A_B,1.4
311,2.891,ASN, ,C,17.12,3.56,1.0,<Residue ASN het=  resseq=106 icode= >,3fmy_A_B,1.4
312,25.421,ASN, ,O,19.16,3.85,1.0,<Residue ASN het=  resseq=106 icode= >,3fmy_A_B,1.4
313,14.058,ASN, ,CB,16.96,3.08,1.0,<Residue ASN het=  resseq=106 icode= >,3fmy_A_B,1.4
314,6.115,ASN, ,CG,18.25,3.45,1.0,<Residue ASN het=  resseq=106 icode= >,3fmy_A_B,1.4
315,26.422,ASN, ,OD1,18.31,4.59,1.0,<Residue ASN het=  resseq=106 icode= >,3fmy_A_B,1.4
316,26.763,ASN, ,ND2,19.59,3.52,1.0,<Residue ASN het=  resseq=106 icode= >,3fmy_A_B,1.4
317,0.0,ALA, ,N,15.9,4.46,1.0,<Residue ALA het=  resseq=107 icode= >,3fmy_A_B,1.4
318,13.462,ALA, ,CA,15.96,3.42,1.0,<Residue ALA het=  resseq=107 icode= >,3fmy_A_B,1.4
319,21.621,ALA, ,C,15.54,3.46,1.0,<Residue ALA het=  resseq=107 icode= >,3fmy_A_B,1.4
320,5.773,ALA, ,O,14.2,5.08,1.0,<Residue ALA het=  resseq=107 icode= >,3fmy_A_B,1.4
321,18.498,ALA, ,CB,17.21,2.71,1.0,<Residue ALA het=  resseq=107 icode= >,3fmy_A_B,1.4
322,7.88,PRO, ,N,14.6,4.55,1.0,<Residue PRO het=  resseq=109 icode= >,3fmy_A_B,1.4
323,2.408,PRO, ,CA,13.88,2.97,1.0,<Residue PRO het=  resseq=109 icode= >,3fmy_A_B,1.4
324,4.503,PRO, ,C,12.08,3.94,1.0,<Residue PRO het=  resseq=109 icode= >,3fmy_A_B,1.4
325,11.632,PRO, ,O,13.6,5.12,1.0,<Residue PRO het=  resseq=109 icode= >,3fmy_A_B,1.4
326,0.0,PRO, ,CB,13.14,4.28,1.0,<Residue PRO het=  resseq=109 icode= >,3fmy_A_B,1.4
327,0.006,PRO, ,CG,15.61,3.03,1.0,<Residue PRO het=  resseq=109 icode= >,3fmy_A_B,1.4
328,9.034,PRO, ,CD,15.13,3.48,1.0,<Residue PRO het=  resseq=109 icode= >,3fmy_A_B,1.4
329,4.217,HIS, ,N,11.62,4.94,1.0,<Residue HIS het=  resseq=110 icode= >,3fmy_A_B,1.4
330,6.137,HIS, ,CA,10.38,4.00,1.0,<Residue HIS het=  resseq=110 icode= >,3fmy_A_B,1.4
331,0.0,HIS, ,C,10.34,4.06,1.0,<Residue HIS het=  resseq=110 icode= >,3fmy_A_B,1.4
332,0.0,HIS, ,O,10.13,6.89,1.0,<Residue HIS het=  resseq=110 icode= >,3fmy_A_B,1.4
333,16.305,HIS, ,CB,11.15,3.71,1.0,<Residue HIS het=  resseq=110 icode= >,3fmy_A_B,1.4
334,1.984,HIS, ,CG,11.39,3.70,1.0,<Residue HIS het=  resseq=110 icode= >,3fmy_A_B,1.4
335,0.827,HIS, ,ND1,11.32,5.50,1.0,<Residue HIS het=  resseq=110 icode= >,3fmy_A_B,1.4
336,33.975,HIS, ,CD2,12.37,3.74,1.0,<Residue HIS het=  resseq=110 icode= >,3fmy_A_B,1.4
337,25.171,HIS, ,CE1,11.57,4.32,1.0,<Residue HIS het=  resseq=110 icode= >,3fmy_A_B,1.4
338,30.527,HIS, ,NE2,13.04,4.69,1.0,<Residue HIS het=  resseq=110 icode= >,3fmy_A_B,1.4
339,0.0,PRO, ,N,9.45,6.13,1.0,<Residue PRO het=  resseq=111 icode= >,3fmy_A_B,1.4
340,2.569,PRO, ,CA,9.36,4.24,1.0,<Residue PRO het=  resseq=111 icode= >,3fmy_A_B,1.4
341,0.169,PRO, ,C,8.31,5.24,1.0,<Residue PRO het=  resseq=111 icode= >,3fmy_A_B,1.4
342,0.0,PRO, ,O,8.99,6.83,1.0,<Residue PRO het=  resseq=111 icode= >,3fmy_A_B,1.4
343,23.359,PRO, ,CB,10.81,3.95,1.0,<Residue PRO het=  resseq=111 icode= >,3fmy_A_B,1.4
344,31.87,PRO, ,CG,11.19,4.07,1.0,<Residue PRO het=  resseq=111 icode= >,3fmy_A_B,1.4
345,16.816,PRO, ,CD,10.63,3.76,1.0,<Residue PRO het=  resseq=111 icode= >,3fmy_A_B,1.4
346,0.0,SER, ,N,8.07,6.56,1.0,<Residue SER het=  resseq=112 icode= >,3fmy_A_B,1.4
347,3.254,SER, ,CA,8.46,4.97,1.0,<Residue SER het=  resseq=112 icode= >,3fmy_A_B,1.4
348,0.876,SER, ,C,7.43,4.85,1.0,<Residue SER het=  resseq=112 icode= >,3fmy_A_B,1.4
349,1.568,SER, ,O,8.11,7.85,1.0,<Residue SER het=  resseq=112 icode= >,3fmy_A_B,1.4
350,31.173,SER, ,CB,8.01,5.50,1.0,<Residue SER het=  resseq=112 icode= >,3fmy_A_B,1.4
351,33.56,SER, ,OG,9.94,6.91,1.0,<Residue SER het=  resseq=112 icode= >,3fmy_A_B,1.4
352,0.334,THR, ,N,8.28,5.77,1.0,<Residue THR het=  resseq=113 icode= >,3fmy_A_B,1.4
353,1.552,THR, ,CA,7.33,4.66,1.0,<Residue THR het=  resseq=113 icode= >,3fmy_A_B,1.4
354,0.0,THR, ,C,7.68,5.06,1.0,<Residue THR het=  resseq=113 icode= >,3fmy_A_B,1.4
355,0.0,THR, ,O,8.24,7.50,1.0,<Residue THR het=  resseq=113 icode= >,3fmy_A_B,1.4
356,0.0,THR, ,CB,7.37,4.63,1.0,<Residue THR het=  resseq=113 icode= >,3fmy_A_B,1.4
357,5.344,THR, ,OG1,8.65,7.42,1.0,<Residue THR het=  resseq=113 icode= >,3fmy_A_B,1.4
358,0.027,THR, ,CG2,9.56,4.47,1.0,<Residue THR het=  resseq=113 icode= >,3fmy_A_B,1.4
359,0.0,ILE, ,N,8.18,5.62,1.0,<Residue ILE het=  resseq=114 icode= >,3fmy_A_B,1.4
360,0.115,ILE, ,CA,8.93,3.95,1.0,<Residue ILE het=  resseq=114 icode= >,3fmy_A_B,1.4
361,0.0,ILE, ,C,9.03,4.05,1.0,<Residue ILE het=  resseq=114 icode= >,3fmy_A_B,1.4
362,0.048,ILE, ,O,9.23,7.72,1.0,<Residue ILE het=  resseq=114 icode= >,3fmy_A_B,1.4
363,0.372,ILE, ,CB,10.18,3.99,1.0,<Residue ILE het=  resseq=114 icode= >,3fmy_A_B,1.4
364,0.0,ILE, ,CG1,11.61,3.97,1.0,<Residue ILE het=  resseq=114 icode= >,3fmy_A_B,1.4
365,0.718,ILE, ,CG2,13.05,3.33,1.0,<Residue ILE het=  resseq=114 icode= >,3fmy_A_B,1.4
366,6.618,ILE, ,CD1,14.46,3.85,1.0,<Residue ILE het=  resseq=114 icode= >,3fmy_A_B,1.4
367,0.0,LYS, ,N,8.91,5.49,1.0,<Residue LYS het=  resseq=115 icode= >,3fmy_A_B,1.4
368,0.03,LYS,x,CA,8.03,3.83,0.5,<Residue LYS het=  resseq=115 icode= >,3fmy_A_B,1.4
369,0.753,LYS, ,C,7.64,4.87,1.0,<Residue LYS het=  resseq=115 icode= >,3fmy_A_B,1.4
370,0.708,LYS, ,O,8.7,7.71,1.0,<Residue LYS het=  resseq=115 icode= >,3fmy_A_B,1.4
371,17.342,LYS,x,CB,10.46,3.72,0.5,<Residue LYS het=  resseq=115 icode= >,3fmy_A_B,1.4
372,1.322,LYS,x,CG,13.09,3.53,0.5,<Residue LYS het=  resseq=115 icode= >,3fmy_A_B,1.4
373,26.245,LYS,x,CD,16.23,3.17,0.5,<Residue LYS het=  resseq=115 icode= >,3fmy_A_B,1.4
374,30.53,LYS,x,CE,18.72,2.96,0.5,<Residue LYS het=  resseq=115 icode= >,3fmy_A_B,1.4
375,21.805,LYS,x,NZ,19.56,1.32,0.5,<Residue LYS het=  resseq=115 icode= >,3fmy_A_B,1.4
376,0.898,LEU, ,N,7.32,6.06,1.0,<Residue LEU het=  resseq=116 icode= >,3fmy_A_B,1.4
377,2.053,LEU, ,CA,7.91,4.67,1.0,<Residue LEU het=  resseq=116 icode= >,3fmy_A_B,1.4
378,0.0,LEU, ,C,7.72,5.21,1.0,<Residue LEU het=  resseq=116 icode= >,3fmy_A_B,1.4
379,0.0,LEU, ,O,8.23,8.50,1.0,<Residue LEU het=  resseq=116 icode= >,3fmy_A_B,1.4
380,4.313,LEU, ,CB,8.53,4.63,1.0,<Residue LEU het=  resseq=116 icode= >,3fmy_A_B,1.4
381,0.0,LEU, ,CG,9.13,4.68,1.0,<Residue LEU het=  resseq=116 icode= >,3fmy_A_B,1.4
382,24.927,LEU, ,CD1,10.06,4.52,1.0,<Residue LEU het=  resseq=116 icode= >,3fmy_A_B,1.4
383,29.937,LEU, ,CD2,10.14,4.27,1.0,<Residue LEU het=  resseq=116 icode= >,3fmy_A_B,1.4
384,0.0,LEU, ,N,7.7,7.17,1.0,<Residue LEU het=  resseq=117 icode= >,3fmy_A_B,1.4
385,0.0,LEU, ,CA,7.69,4.62,1.0,<Residue LEU het=  resseq=117 icode= >,3fmy_A_B,1.4
386,0.0,LEU, ,C,7.33,5.02,1.0,<Residue LEU het=  resseq=117 icode= >,3fmy_A_B,1.4
387,0.0,LEU, ,O,8.19,7.10,1.0,<Residue LEU het=  resseq=117 icode= >,3fmy_A_B,1.4
388,0.132,LEU, ,CB,8.68,4.51,1.0,<Residue LEU het=  resseq=117 icode= >,3fmy_A_B,1.4
389,0.0,LEU, ,CG,10.32,4.28,1.0,<Residue LEU het=  resseq=117 icode= >,3fmy_A_B,1.4
390,0.049,LEU, ,CD1,12.05,3.61,1.0,<Residue LEU het=  resseq=117 icode= >,3fmy_A_B,1.4
391,0.404,LEU, ,CD2,12.23,4.01,1.0,<Residue LEU het=  resseq=117 icode= >,3fmy_A_B,1.4
392,0.0,ARG, ,N,8.1,6.35,1.0,<Residue ARG het=  resseq=118 icode= >,3fmy_A_B,1.4
393,0.397,ARG, ,CA,8.58,5.32,1.0,<Residue ARG het=  resseq=118 icode= >,3fmy_A_B,1.4
394,1.239,ARG, ,C,9.01,5.13,1.0,<Residue ARG het=  resseq=118 icode= >,3fmy_A_B,1.4
395,1.353,ARG, ,O,9.75,7.37,1.0,<Residue ARG het=  resseq=118 icode= >,3fmy_A_B,1.4
396,2.942,ARG, ,CB,9.16,5.14,1.0,<Residue ARG het=  resseq=118 icode= >,3fmy_A_B,1.4
397,0.682,ARG, ,CG,11.66,3.66,1.0,<Residue ARG het=  resseq=118 icode= >,3fmy_A_B,1.4
398,28.825,ARG, ,CD,18.26,2.15,1.0,<Residue ARG het=  resseq=118 icode= >,3fmy_A_B,1.4
399,0.551,ARG, ,NE,18.62,2.66,0.75,<Residue ARG het=  resseq=118 icode= >,3fmy_A_B,1.4
400,4.646,ARG, ,CZ,19.96,2.13,0.75,<Residue ARG het=  resseq=118 icode= >,3fmy_A_B,1.4
401,36.108,ARG, ,NH1,18.44,2.85,0.75,<Residue ARG het=  resseq=118 icode= >,3fmy_A_B,1.4
402,21.844,ARG, ,NH2,16.1,3.44,0.75,<Residue ARG het=  resseq=118 icode= >,3fmy_A_B,1.4
403,0.0,VAL, ,N,8.46,6.87,1.0,<Residue VAL het=  resseq=119 icode= >,3fmy_A_B,1.4
404,3.6,VAL, ,CA,8.99,4.49,1.0,<Residue VAL het=  resseq=119 icode= >,3fmy_A_B,1.4
405,0.0,VAL, ,C,9.37,4.52,1.0,<Residue VAL het=  resseq=119 icode= >,3fmy_A_B,1.4
406,0.0,VAL, ,O,9.85,6.83,1.0,<Residue VAL het=  resseq=119 icode= >,3fmy_A_B,1.4
407,0.0,VAL, ,CB,9.79,4.39,1.0,<Residue VAL het=  resseq=119 icode= >,3fmy_A_B,1.4
408,14.527,VAL, ,CG1,12.55,3.65,1.0,<Residue VAL het=  resseq=119 icode= >,3fmy_A_B,1.4
409,48.113,VAL, ,CG2,11.78,4.01,1.0,<Residue VAL het=  resseq=119 icode= >,3fmy_A_B,1.4
410,0.0,LEU, ,N,8.23,6.55,1.0,<Residue LEU het=  resseq=120 icode= >,3fmy_A_B,1.4
411,0.0,LEU, ,CA,8.97,4.30,1.0,<Residue LEU het=  resseq=120 icode= >,3fmy_A_B,1.4
412,0.0,LEU, ,C,9.8,4.12,1.0,<Residue LEU het=  resseq=120 icode= >,3fmy_A_B,1.4
413,0.0,LEU, ,O,11.56,6.20,1.0,<Residue LEU het=  resseq=120 icode= >,3fmy_A_B,1.4
414,0.0,LEU, ,CB,8.09,4.80,1.0,<Residue LEU het=  resseq=120 icode= >,3fmy_A_B,1.4
415,0.0,LEU, ,CG,8.91,4.27,1.0,<Residue LEU het=  resseq=120 icode= >,3fmy_A_B,1.4
416,0.0,LEU, ,CD1,10.12,4.53,1.0,<Residue LEU het=  resseq=120 icode= >,3fmy_A_B,1.4
417,0.267,LEU, ,CD2,12.19,3.23,1.0,<Residue LEU het=  resseq=120 icode= >,3fmy_A_B,1.4
418,0.0,ASP, ,N,9.39,5.73,1.0,<Residue ASP het=  resseq=121 icode= >,3fmy_A_B,1.4
419,0.0,ASP, ,CA,10.96,3.88,1.0,<Residue ASP het=  resseq=121 icode= >,3fmy_A_B,1.4
420,0.187,ASP, ,C,12.3,3.99,1.0,<Residue ASP het=  resseq=121 icode= >,3fmy_A_B,1.4
421,6.13,ASP, ,O,14.37,5.22,1.0,<Residue ASP het=  resseq=121 icode= >,3fmy_A_B,1.4
422,0.0,ASP, ,CB,11.28,4.61,1.0,<Residue ASP het=  resseq=121 icode= >,3fmy_A_B,1.4
423,2.023,ASP, ,CG,13.88,5.08,1.0,<Residue ASP het=  resseq=121 icode= >,3fmy_A_B,1.4
424,0.0,ASP, ,OD1,18.24,4.90,1.0,<Residue ASP het=  resseq=121 icode= >,3fmy_A_B,1.4
425,14.212,ASP, ,OD2,19.94,4.57,1.0,<Residue ASP het=  resseq=121 icode= >,3fmy_A_B,1.4
426,0.0,LYS, ,N,11.52,5.19,1.0,<Residue LYS het=  resseq=122 icode= >,3fmy_A_B,1.4
427,6.903,LYS, ,CA,12.79,4.08,1.0,<Residue LYS het=  resseq=122 icode= >,3fmy_A_B,1.4
428,0.0,LYS, ,C,12.04,4.32,1.0,<Residue LYS het=  resseq=122 icode= >,3fmy_A_B,1.4
429,22.298,LYS, ,O,14.49,5.66,1.0,<Residue LYS het=  resseq=122 icode= >,3fmy_A_B,1.4
430,3.435,LYS, ,CB,14.33,3.51,1.0,<Residue LYS het=  resseq=122 icode= >,3fmy_A_B,1.4
431,8.746,LYS, ,CG,21.73,2.07,1.0,<Residue LYS het=  resseq=122 icode= >,3fmy_A_B,1.4
432,29.347,LYS, ,CD,24.89,0.38,0.5,<Residue LYS het=  resseq=122 icode= >,3fmy_A_B,1.4
433,45.905,LYS, ,CE,24.4,1.29,0.5,<Residue LYS het=  resseq=122 icode= >,3fmy_A_B,1.4
434,36.879,LYS, ,NZ,23.86,1.43,0.5,<Residue LYS het=  resseq=122 icode= >,3fmy_A_B,1.4
435,0.0,HIS, ,N,11.08,5.45,1.0,<Residue HIS het=  resseq=123 icode= >,3fmy_A_B,1.4
436,0.173,HIS, ,CA,11.01,4.57,1.0,<Residue HIS het=  resseq=123 icode= >,3fmy_A_B,1.4
437,0.0,HIS, ,C,10.68,4.75,1.0,<Residue HIS het=  resseq=123 icode= >,3fmy_A_B,1.4
438,0.0,HIS, ,O,10.41,7.10,1.0,<Residue HIS het=  resseq=123 icode= >,3fmy_A_B,1.4
439,0.269,HIS, ,CB,11.53,4.61,1.0,<Residue HIS het=  resseq=123 icode= >,3fmy_A_B,1.4
440,1.239,HIS, ,CG,12.22,3.88,1.0,<Residue HIS het=  resseq=123 icode= >,3fmy_A_B,1.4
441,13.291,HIS, ,ND1,15.96,3.84,1.0,<Residue HIS het=  resseq=123 icode= >,3fmy_A_B,1.4
442,8.979,HIS, ,CD2,12.13,4.20,1.0,<Residue HIS het=  resseq=123 icode= >,3fmy_A_B,1.4
443,41.14,HIS, ,CE1,15.29,3.47,1.0,<Residue HIS het=  resseq=123 icode= >,3fmy_A_B,1.4
444,22.545,HIS, ,NE2,13.61,4.78,1.0,<Residue HIS het=  resseq=123 icode= >,3fmy_A_B,1.4
445,0.0,PRO, ,N,12.13,5.14,1.0,<Residue PRO het=  resseq=124 icode= >,3fmy_A_B,1.4
446,0.0,PRO, ,CA,12.88,3.64,1.0,<Residue PRO het=  resseq=124 icode= >,3fmy_A_B,1.4
447,1.544,PRO, ,C,13.24,4.56,1.0,<Residue PRO het=  resseq=124 icode= >,3fmy_A_B,1.4
448,4.239,PRO, ,O,12.99,5.81,1.0,<Residue PRO het=  resseq=124 icode= >,3fmy_A_B,1.4
449,7.905,PRO, ,CB,14.36,3.63,1.0,<Residue PRO het=  resseq=124 icode= >,3fmy_A_B,1.4
450,29.275,PRO, ,CG,15.28,3.83,1.0,<Residue PRO het=  resseq=124 icode= >,3fmy_A_B,1.4
451,8.184,PRO, ,CD,13.03,3.66,1.0,<Residue PRO het=  resseq=124 icode= >,3fmy_A_B,1.4
452,1.057,GLU, ,N,13.27,5.36,1.0,<Residue GLU het=  resseq=125 icode= >,3fmy_A_B,1.4
453,6.689,GLU, ,CA,13.58,3.71,1.0,<Residue GLU het=  resseq=125 icode= >,3fmy_A_B,1.4
454,0.068,GLU, ,C,12.92,4.59,1.0,<Residue GLU het=  resseq=125 icode= >,3fmy_A_B,1.4
455,3.514,GLU, ,O,13.39,6.54,1.0,<Residue GLU het=  resseq=125 icode= >,3fmy_A_B,1.4
456,29.807,GLU, ,CB,15.1,3.66,1.0,<Residue GLU het=  resseq=125 icode= >,3fmy_A_B,1.4
457,23.992,GLU, ,CG,19.33,3.22,1.0,<Residue GLU het=  resseq=125 icode= >,3fmy_A_B,1.4
458,7.852,GLU, ,CD,20.23,3.15,1.0,<Residue GLU het=  resseq=125 icode= >,3fmy_A_B,1.4
459,11.235,GLU, ,OE1,19.97,4.03,1.0,<Residue GLU het=  resseq=125 icode= >,3fmy_A_B,1.4
460,22.547,GLU, ,OE2,26.93,2.60,1.0,<Residue GLU het=  resseq=125 icode= >,3fmy_A_B,1.4
461,0.0,LEU, ,N,11.08,5.67,1.0,<Residue LEU het=  resseq=126 icode= >,3fmy_A_B,1.4
462,0.021,LEU, ,CA,11.38,4.70,1.0,<Residue LEU het=  resseq=126 icode= >,3fmy_A_B,1.4
463,0.0,LEU, ,C,10.72,5.00,1.0,<Residue LEU het=  resseq=126 icode= >,3fmy_A_B,1.4
464,0.0,LEU, ,O,10.87,6.80,1.0,<Residue LEU het=  resseq=126 icode= >,3fmy_A_B,1.4
465,4.808,LEU, ,CB,12.2,3.75,1.0,<Residue LEU het=  resseq=126 icode= >,3fmy_A_B,1.4
466,0.111,LEU, ,CG,13.66,3.54,1.0,<Residue LEU het=  resseq=126 icode= >,3fmy_A_B,1.4
467,25.295,LEU, ,CD1,15.84,2.98,1.0,<Residue LEU het=  resseq=126 icode= >,3fmy_A_B,1.4
468,35.648,LEU, ,CD2,18.87,1.97,1.0,<Residue LEU het=  resseq=126 icode= >,3fmy_A_B,1.4
469,0.0,LEU, ,N,10.57,5.29,1.0,<Residue LEU het=  resseq=127 icode= >,3fmy_A_B,1.4
470,0.0,LEU, ,CA,11.41,4.16,1.0,<Residue LEU het=  resseq=127 icode= >,3fmy_A_B,1.4
471,0.0,LEU, ,C,11.75,4.41,1.0,<Residue LEU het=  resseq=127 icode= >,3fmy_A_B,1.4
472,0.0,LEU, ,O,12.7,5.78,1.0,<Residue LEU het=  resseq=127 icode= >,3fmy_A_B,1.4
473,2.975,LEU, ,CB,12.92,3.58,1.0,<Residue LEU het=  resseq=127 icode= >,3fmy_A_B,1.4
474,1.735,LEU, ,CG,14.31,3.77,1.0,<Residue LEU het=  resseq=127 icode= >,3fmy_A_B,1.4
475,0.0,LEU, ,CD1,15.79,2.83,1.0,<Residue LEU het=  resseq=127 icode= >,3fmy_A_B,1.4
476,19.425,LEU, ,CD2,16.02,3.48,1.0,<Residue LEU het=  resseq=127 icode= >,3fmy_A_B,1.4
477,0.0,ASN, ,N,11.98,5.16,1.0,<Residue ASN het=  resseq=128 icode= >,3fmy_A_B,1.4
478,5.918,ASN,x,CA,12.88,4.41,0.5,<Residue ASN het=  resseq=128 icode= >,3fmy_A_B,1.4
479,0.569,ASN, ,C,12.37,4.09,1.0,<Residue ASN het=  resseq=128 icode= >,3fmy_A_B,1.4
480,27.535,ASN, ,O,13.19,5.72,1.0,<Residue ASN het=  resseq=128 icode= >,3fmy_A_B,1.4
481,21.922,ASN,x,CB,14.53,3.65,0.5,<Residue ASN het=  resseq=128 icode= >,3fmy_A_B,1.4
482,6.882,ASN,x,CG,19.25,1.67,0.2,<Residue ASN het=  resseq=128 icode= >,3fmy_A_B,1.4
483,38.77,ASN,x,OD1,21.6,1.67,0.2,<Residue ASN het=  resseq=128 icode= >,3fmy_A_B,1.4
484,34.629,ASN,x,ND2,22.87,0.91,0.2,<Residue ASN het=  resseq=128 icode= >,3fmy_A_B,1.4
485,0.0,GLU, ,N,11.4,5.56,1.0,<Residue GLU het=  resseq=129 icode= >,3fmy_A_B,1.4
486,4.186,GLU,x,CA,12.72,4.24,0.3,<Residue GLU het=  resseq=129 icode= >,3fmy_A_B,1.4
487,2.104,GLU, ,C,12.39,4.40,1.0,<Residue GLU het=  resseq=129 icode= >,3fmy_A_B,1.4
488,26.557,GLU, ,O,16.98,5.33,1.0,<Residue GLU het=  resseq=129 icode= >,3fmy_A_B,1.4
489,6.711,GLU,x,CB,13.44,4.36,0.3,<Residue GLU het=  resseq=129 icode= >,3fmy_A_B,1.4
490,10.712,GLU,x,CG,16.0,2.61,0.3,<Residue GLU het=  resseq=129 icode= >,3fmy_A_B,1.4
491,14.504,GLU,x,CD,17.77,1.15,0.3,<Residue GLU het=  resseq=129 icode= >,3fmy_A_B,1.4
492,31.711,GLU,x,OE1,16.46,0.71,0.3,<Residue GLU het=  resseq=129 icode= >,3fmy_A_B,1.4
493,41.98,GLU,x,OE2,22.28,0.86,0.3,<Residue GLU het=  resseq=129 icode= >,3fmy_A_B,1.4
494,0.0,ILE, ,N,12.58,5.01,1.0,<Residue ILE het=  resseq=130 icode= >,3fmy_A_B,1.4
495,5.278,ILE, ,CA,14.44,3.54,1.0,<Residue ILE het=  resseq=130 icode= >,3fmy_A_B,1.4
496,2.002,ILE, ,C,14.58,4.18,1.0,<Residue ILE het=  resseq=130 icode= >,3fmy_A_B,1.4
497,21.868,ILE, ,O,16.37,5.11,1.0,<Residue ILE het=  resseq=130 icode= >,3fmy_A_B,1.4
498,6.749,ILE, ,CB,14.85,3.59,1.0,<Residue ILE het=  resseq=130 icode= >,3fmy_A_B,1.4
499,0.0,ILE, ,CG1,15.01,3.12,1.0,<Residue ILE het=  resseq=130 icode= >,3fmy_A_B,1.4
500,31.32,ILE, ,CG2,18.47,2.60,1.0,<Residue ILE het=  resseq=130 icode= >,3fmy_A_B,1.4
501,1.141,ILE, ,CD1,16.49,2.65,1.0,<Residue ILE het=  resseq=130 icode= >,3fmy_A_B,1.4
502,0.0,ARG, ,N,14.91,4.20,1.0,<Residue ARG het=  resseq=131 icode= >,3fmy_A_B,1.4
503,0.139,ARG, ,CA,17.67,3.30,1.0,<Residue ARG het=  resseq=131 icode= >,3fmy_A_B,1.4
504,4.615,ARG, ,C,20.07,3.33,1.0,<Residue ARG het=  resseq=131 icode= >,3fmy_A_B,1.4
505,33.904,ARG, ,O,19.46,4.35,1.0,<Residue ARG het=  resseq=131 icode= >,3fmy_A_B,1.4
506,8.954,ARG, ,CB,20.45,3.15,1.0,<Residue ARG het=  resseq=131 icode= >,3fmy_A_B,1.4
507,9.071,ARG, ,CG,22.88,1.72,1.0,<Residue ARG het=  resseq=131 icode= >,3fmy_A_B,1.4
508,13.701,ARG, ,CD,22.98,2.21,1.0,<Residue ARG het=  resseq=131 icode= >,3fmy_A_B,1.4
509,8.19,ARG, ,NE,23.74,2.51,1.0,<Residue ARG het=  resseq=131 icode= >,3fmy_A_B,1.4
510,4.059,ARG, ,CZ,20.5,2.75,1.0,<Residue ARG het=  resseq=131 icode= >,3fmy_A_B,1.4
511,27.586,ARG, ,NH1,22.22,2.69,1.0,<Residue ARG het=  resseq=131 icode= >,3fmy_A_B,1.4
512,24.23,ARG, ,NH2,29.15,1.27,1.0,<Residue ARG het=  resseq=131 icode= >,3fmy_A_B,1.4
513,33.257,ARG, ,OXT,24.51,2.39,1.0,<Residue ARG het=  resseq=131 icode= >,3fmy_A_B,1.4
