,ASA,aa,altloc,atom,bfac,d2r,dASA,dens,occ,residue,id,resolu
0,58.423,GLY, ,N,90.97,3.21,0.0,1.04,1.0,<Residue GLY het=  resseq=389 icode= >,3gna_A_A,2.4
1,45.127,GLY, ,CA,91.46,3.56,0.0,0.91,1.0,<Residue GLY het=  resseq=389 icode= >,3gna_A_A,2.4
2,4.659,GLY, ,C,91.43,4.42,0.0,1.59,1.0,<Residue GLY het=  resseq=389 icode= >,3gna_A_A,2.4
3,34.397,GLY, ,O,91.67,4.42,0.0,0.98,1.0,<Residue GLY het=  resseq=389 icode= >,3gna_A_A,2.4
4,12.131,GLY, ,N,91.06,3.33,0.0,1.65,1.0,<Residue GLY het=  resseq=390 icode= >,3gna_A_A,2.4
5,35.084,GLY, ,CA,90.32,3.30,0.0,1.79,1.0,<Residue GLY het=  resseq=390 icode= >,3gna_A_A,2.4
6,5.192,GLY, ,C,89.97,3.92,0.0,2.82,1.0,<Residue GLY het=  resseq=390 icode= >,3gna_A_A,2.4
7,18.355,GLY, ,O,89.11,3.55,0.0,1.42,1.0,<Residue GLY het=  resseq=390 icode= >,3gna_A_A,2.4
8,11.141,ARG, ,N,90.06,2.95,0.0,2.40,1.0,<Residue ARG het=  resseq=391 icode= >,3gna_A_A,2.4
9,5.128,ARG, ,CA,90.97,3.62,0.0,2.87,1.0,<Residue ARG het=  resseq=391 icode= >,3gna_A_A,2.4
10,0.098,ARG, ,C,91.47,4.09,0.0,2.69,1.0,<Residue ARG het=  resseq=391 icode= >,3gna_A_A,2.4
11,17.461,ARG, ,O,91.29,3.25,0.0,0.76,1.0,<Residue ARG het=  resseq=391 icode= >,3gna_A_A,2.4
12,26.203,ARG, ,CB,90.99,3.11,0.0,2.09,1.0,<Residue ARG het=  resseq=391 icode= >,3gna_A_A,2.4
13,9.05,ARG, ,CG,91.41,3.64,0.0,1.67,1.0,<Residue ARG het=  resseq=391 icode= >,3gna_A_A,2.4
14,26.22,ARG, ,CD,91.86,3.37,0.0,1.29,1.0,<Residue ARG het=  resseq=391 icode= >,3gna_A_A,2.4
15,11.301,ARG, ,NE,91.85,3.90,0.0,1.61,1.0,<Residue ARG het=  resseq=391 icode= >,3gna_A_A,2.4
16,8.642,ARG, ,CZ,92.14,3.70,0.0,1.98,1.0,<Residue ARG het=  resseq=391 icode= >,3gna_A_A,2.4
17,50.723,ARG, ,NH1,92.27,3.18,0.0,0.73,1.0,<Residue ARG het=  resseq=391 icode= >,3gna_A_A,2.4
18,35.627,ARG, ,NH2,92.44,3.62,0.0,0.37,1.0,<Residue ARG het=  resseq=391 icode= >,3gna_A_A,2.4
19,0.0,PRO, ,N,91.53,4.88,0.0,2.68,1.0,<Residue PRO het=  resseq=392 icode= >,3gna_A_A,2.4
20,10.432,PRO, ,CA,91.44,5.31,0.0,1.93,1.0,<Residue PRO het=  resseq=392 icode= >,3gna_A_A,2.4
21,0.412,PRO, ,C,90.69,4.58,0.0,2.70,1.0,<Residue PRO het=  resseq=392 icode= >,3gna_A_A,2.4
22,5.169,PRO, ,O,89.2,4.10,0.0,1.91,1.0,<Residue PRO het=  resseq=392 icode= >,3gna_A_A,2.4
23,33.936,PRO, ,CB,91.29,4.70,0.0,0.68,1.0,<Residue PRO het=  resseq=392 icode= >,3gna_A_A,2.4
24,42.026,PRO, ,CG,91.64,3.66,0.0,0.70,1.0,<Residue PRO het=  resseq=392 icode= >,3gna_A_A,2.4
25,22.404,PRO, ,CD,91.7,3.51,0.0,0.89,1.0,<Residue PRO het=  resseq=392 icode= >,3gna_A_A,2.4
26,6.151,ARG, ,N,90.7,4.64,0.0,1.88,1.0,<Residue ARG het=  resseq=393 icode= >,3gna_A_A,2.4
27,5.061,ARG, ,CA,91.29,3.48,0.0,2.54,1.0,<Residue ARG het=  resseq=393 icode= >,3gna_A_A,2.4
28,0.598,ARG, ,C,91.67,3.55,0.0,2.87,1.0,<Residue ARG het=  resseq=393 icode= >,3gna_A_A,2.4
29,24.504,ARG, ,O,91.84,4.75,0.0,1.39,1.0,<Residue ARG het=  resseq=393 icode= >,3gna_A_A,2.4
30,11.438,ARG, ,CB,90.65,4.00,0.0,1.94,1.0,<Residue ARG het=  resseq=393 icode= >,3gna_A_A,2.4
31,19.395,ARG, ,CG,90.37,3.94,0.0,1.89,1.0,<Residue ARG het=  resseq=393 icode= >,3gna_A_A,2.4
32,12.623,ARG, ,CD,90.09,4.24,0.0,2.23,1.0,<Residue ARG het=  resseq=393 icode= >,3gna_A_A,2.4
33,13.454,ARG, ,NE,90.42,3.05,0.0,2.66,1.0,<Residue ARG het=  resseq=393 icode= >,3gna_A_A,2.4
34,4.712,ARG, ,CZ,91.1,3.47,0.0,2.34,1.0,<Residue ARG het=  resseq=393 icode= >,3gna_A_A,2.4
35,41.268,ARG, ,NH1,91.95,4.80,0.0,0.60,1.0,<Residue ARG het=  resseq=393 icode= >,3gna_A_A,2.4
36,56.423,ARG, ,NH2,90.55,3.04,0.0,1.24,1.0,<Residue ARG het=  resseq=393 icode= >,3gna_A_A,2.4
37,1.423,GLN, ,N,91.75,2.72,0.0,2.50,1.0,<Residue GLN het=  resseq=394 icode= >,3gna_A_A,2.4
38,8.581,GLN, ,CA,92.06,3.62,0.0,2.68,1.0,<Residue GLN het=  resseq=394 icode= >,3gna_A_A,2.4
39,0.979,GLN, ,C,92.25,4.13,0.0,3.02,1.0,<Residue GLN het=  resseq=394 icode= >,3gna_A_A,2.4
40,1.235,GLN, ,O,90.57,3.81,0.0,2.36,1.0,<Residue GLN het=  resseq=394 icode= >,3gna_A_A,2.4
41,3.733,GLN, ,CB,92.2,3.56,0.0,1.75,1.0,<Residue GLN het=  resseq=394 icode= >,3gna_A_A,2.4
42,17.42,GLN, ,CG,92.49,3.71,0.0,1.44,1.0,<Residue GLN het=  resseq=394 icode= >,3gna_A_A,2.4
43,6.066,GLN, ,CD,92.57,3.89,0.0,2.23,1.0,<Residue GLN het=  resseq=394 icode= >,3gna_A_A,2.4
44,13.964,GLN, ,OE1,93.49,3.92,0.0,1.14,1.0,<Residue GLN het=  resseq=394 icode= >,3gna_A_A,2.4
45,32.094,GLN, ,NE2,92.3,3.81,0.0,0.47,1.0,<Residue GLN het=  resseq=394 icode= >,3gna_A_A,2.4
46,7.658,HIS, ,N,92.94,5.34,0.0,2.08,1.0,<Residue HIS het=  resseq=395 icode= >,3gna_A_A,2.4
47,4.885,HIS, ,CA,93.22,6.20,0.0,2.67,1.0,<Residue HIS het=  resseq=395 icode= >,3gna_A_A,2.4
48,0.0,HIS, ,C,92.89,5.95,0.0,3.63,1.0,<Residue HIS het=  resseq=395 icode= >,3gna_A_A,2.4
49,0.0,HIS, ,O,92.57,5.68,0.0,2.20,1.0,<Residue HIS het=  resseq=395 icode= >,3gna_A_A,2.4
50,24.999,HIS, ,CB,93.71,7.66,0.0,1.06,1.0,<Residue HIS het=  resseq=395 icode= >,3gna_A_A,2.4
51,2.798,HIS, ,CG,94.54,8.67,0.0,2.59,1.0,<Residue HIS het=  resseq=395 icode= >,3gna_A_A,2.4
52,21.319,HIS, ,ND1,95.35,9.10,0.0,1.93,1.0,<Residue HIS het=  resseq=395 icode= >,3gna_A_A,2.4
53,10.075,HIS, ,CD2,94.84,9.54,0.0,2.17,1.0,<Residue HIS het=  resseq=395 icode= >,3gna_A_A,2.4
54,40.605,HIS, ,CE1,95.16,10.12,0.0,2.24,1.0,<Residue HIS het=  resseq=395 icode= >,3gna_A_A,2.4
55,10.415,HIS, ,NE2,94.65,10.38,0.0,2.30,1.0,<Residue HIS het=  resseq=395 icode= >,3gna_A_A,2.4
56,0.208,LEU, ,N,92.15,6.44,0.0,3.35,1.0,<Residue LEU het=  resseq=396 icode= >,3gna_A_A,2.4
57,0.0,LEU, ,CA,92.36,6.71,0.0,3.69,1.0,<Residue LEU het=  resseq=396 icode= >,3gna_A_A,2.4
58,0.0,LEU, ,C,92.04,7.49,0.0,4.41,1.0,<Residue LEU het=  resseq=396 icode= >,3gna_A_A,2.4
59,0.0,LEU, ,O,92.28,7.18,0.0,1.99,1.0,<Residue LEU het=  resseq=396 icode= >,3gna_A_A,2.4
60,6.443,LEU, ,CB,92.19,7.78,0.0,2.17,1.0,<Residue LEU het=  resseq=396 icode= >,3gna_A_A,2.4
61,0.595,LEU, ,CG,92.82,8.32,0.0,1.98,1.0,<Residue LEU het=  resseq=396 icode= >,3gna_A_A,2.4
62,1.745,LEU, ,CD1,92.3,7.15,0.0,0.47,1.0,<Residue LEU het=  resseq=396 icode= >,3gna_A_A,2.4
63,37.149,LEU, ,CD2,92.16,9.48,0.0,0.46,1.0,<Residue LEU het=  resseq=396 icode= >,3gna_A_A,2.4
64,0.0,LEU, ,N,92.24,8.43,0.0,3.98,1.0,<Residue LEU het=  resseq=397 icode= >,3gna_A_A,2.4
65,0.329,LEU, ,CA,93.1,9.19,0.0,3.25,1.0,<Residue LEU het=  resseq=397 icode= >,3gna_A_A,2.4
66,1.23,LEU, ,C,93.57,8.35,0.0,2.79,1.0,<Residue LEU het=  resseq=397 icode= >,3gna_A_A,2.4
67,25.516,LEU, ,O,93.86,8.58,0.0,1.67,1.0,<Residue LEU het=  resseq=397 icode= >,3gna_A_A,2.4
68,15.421,LEU, ,CB,93.19,10.65,0.0,2.26,1.0,<Residue LEU het=  resseq=397 icode= >,3gna_A_A,2.4
69,1.093,LEU, ,CG,93.84,11.32,0.0,2.24,1.0,<Residue LEU het=  resseq=397 icode= >,3gna_A_A,2.4
70,53.541,LEU, ,CD1,94.01,12.53,0.0,0.37,1.0,<Residue LEU het=  resseq=397 icode= >,3gna_A_A,2.4
71,41.69,LEU, ,CD2,93.87,11.79,0.0,0.29,1.0,<Residue LEU het=  resseq=397 icode= >,3gna_A_A,2.4
72,0.461,SER, ,N,93.57,7.66,0.0,2.17,1.0,<Residue SER het=  resseq=398 icode= >,3gna_A_A,2.4
73,9.849,SER, ,CA,93.42,6.72,0.0,2.49,1.0,<Residue SER het=  resseq=398 icode= >,3gna_A_A,2.4
74,0.692,SER, ,C,93.09,5.36,0.0,2.89,1.0,<Residue SER het=  resseq=398 icode= >,3gna_A_A,2.4
75,25.736,SER, ,O,92.43,4.61,0.0,1.39,1.0,<Residue SER het=  resseq=398 icode= >,3gna_A_A,2.4
76,38.752,SER, ,CB,93.83,6.80,0.0,1.48,1.0,<Residue SER het=  resseq=398 icode= >,3gna_A_A,2.4
77,1.152,SER, ,OG,94.34,6.42,0.0,1.08,1.0,<Residue SER het=  resseq=398 icode= >,3gna_A_A,2.4
78,0.0,LEU, ,N,93.13,4.99,0.0,2.45,1.0,<Residue LEU het=  resseq=399 icode= >,3gna_A_A,2.4
79,1.968,LEU, ,CA,92.67,3.64,0.0,3.06,1.0,<Residue LEU het=  resseq=399 icode= >,3gna_A_A,2.4
80,0.77,LEU, ,C,92.84,3.78,0.0,3.23,1.0,<Residue LEU het=  resseq=399 icode= >,3gna_A_A,2.4
81,10.961,LEU, ,O,93.77,4.98,0.0,1.95,1.0,<Residue LEU het=  resseq=399 icode= >,3gna_A_A,2.4
82,0.0,LEU, ,CB,92.0,3.75,0.0,2.49,1.0,<Residue LEU het=  resseq=399 icode= >,3gna_A_A,2.4
83,0.0,LEU, ,CG,91.71,4.17,0.0,1.42,1.0,<Residue LEU het=  resseq=399 icode= >,3gna_A_A,2.4
84,1.128,LEU, ,CD1,90.48,3.97,0.0,0.27,1.0,<Residue LEU het=  resseq=399 icode= >,3gna_A_A,2.4
85,16.923,LEU, ,CD2,90.54,3.32,0.0,-0.14,1.0,<Residue LEU het=  resseq=399 icode= >,3gna_A_A,2.4
86,1.626,THR, ,N,92.3,2.93,0.0,2.60,1.0,<Residue THR het=  resseq=400 icode= >,3gna_A_A,2.4
87,7.5,THR, ,CA,91.46,3.83,0.0,2.71,1.0,<Residue THR het=  resseq=400 icode= >,3gna_A_A,2.4
88,0.0,THR, ,C,91.45,4.67,0.0,3.13,1.0,<Residue THR het=  resseq=400 icode= >,3gna_A_A,2.4
89,0.0,THR, ,O,90.77,4.51,0.0,1.86,1.0,<Residue THR het=  resseq=400 icode= >,3gna_A_A,2.4
90,8.4,THR, ,CB,90.77,3.63,0.0,2.55,1.0,<Residue THR het=  resseq=400 icode= >,3gna_A_A,2.4
91,6.572,THR, ,OG1,89.27,2.94,0.0,1.71,1.0,<Residue THR het=  resseq=400 icode= >,3gna_A_A,2.4
92,68.065,THR, ,CG2,90.4,3.16,0.0,0.62,1.0,<Residue THR het=  resseq=400 icode= >,3gna_A_A,2.4
93,2.069,ARG, ,N,91.79,5.91,0.0,2.78,1.0,<Residue ARG het=  resseq=401 icode= >,3gna_A_A,2.4
94,0.477,ARG, ,CA,92.57,7.00,0.0,2.77,1.0,<Residue ARG het=  resseq=401 icode= >,3gna_A_A,2.4
95,0.0,ARG, ,C,92.25,6.88,0.0,3.64,1.0,<Residue ARG het=  resseq=401 icode= >,3gna_A_A,2.4
96,2.332,ARG, ,O,91.64,7.14,0.0,1.95,1.0,<Residue ARG het=  resseq=401 icode= >,3gna_A_A,2.4
97,21.977,ARG, ,CB,93.09,7.44,0.0,1.46,1.0,<Residue ARG het=  resseq=401 icode= >,3gna_A_A,2.4
98,18.908,ARG, ,CG,94.48,8.10,0.0,0.89,1.0,<Residue ARG het=  resseq=401 icode= >,3gna_A_A,2.4
99,31.403,ARG, ,CD,95.78,7.34,0.0,0.25,1.0,<Residue ARG het=  resseq=401 icode= >,3gna_A_A,2.4
100,15.021,ARG, ,NE,96.11,5.97,0.0,0.91,1.0,<Residue ARG het=  resseq=401 icode= >,3gna_A_A,2.4
101,7.743,ARG, ,CZ,96.42,5.79,0.0,1.43,1.0,<Residue ARG het=  resseq=401 icode= >,3gna_A_A,2.4
102,49.017,ARG, ,NH1,96.43,6.94,0.0,0.99,1.0,<Residue ARG het=  resseq=401 icode= >,3gna_A_A,2.4
103,59.066,ARG, ,NH2,96.24,4.67,0.0,0.39,1.0,<Residue ARG het=  resseq=401 icode= >,3gna_A_A,2.4
104,2.826,ARG, ,N,92.15,6.10,0.0,3.43,1.0,<Residue ARG het=  resseq=402 icode= >,3gna_A_A,2.4
105,2.986,ARG, ,CA,92.13,5.23,0.0,2.69,1.0,<Residue ARG het=  resseq=402 icode= >,3gna_A_A,2.4
106,0.0,ARG, ,C,91.27,4.32,0.0,3.34,1.0,<Residue ARG het=  resseq=402 icode= >,3gna_A_A,2.4
107,0.292,ARG, ,O,90.04,4.41,0.0,2.31,1.0,<Residue ARG het=  resseq=402 icode= >,3gna_A_A,2.4
108,20.64,ARG, ,CB,92.86,4.79,0.0,0.85,1.0,<Residue ARG het=  resseq=402 icode= >,3gna_A_A,2.4
109,22.823,ARG, ,CG,94.32,3.73,0.0,0.31,1.0,<Residue ARG het=  resseq=402 icode= >,3gna_A_A,2.4
110,25.53,ARG, ,CD,95.19,4.31,0.0,0.60,1.0,<Residue ARG het=  resseq=402 icode= >,3gna_A_A,2.4
111,18.306,ARG, ,NE,95.33,3.39,0.0,0.74,1.0,<Residue ARG het=  resseq=402 icode= >,3gna_A_A,2.4
112,7.361,ARG, ,CZ,95.2,3.60,0.0,0.65,1.0,<Residue ARG het=  resseq=402 icode= >,3gna_A_A,2.4
113,14.48,ARG, ,NH1,96.51,3.17,0.0,-0.61,1.0,<Residue ARG het=  resseq=402 icode= >,3gna_A_A,2.4
114,58.435,ARG, ,NH2,95.66,2.71,0.0,-0.60,1.0,<Residue ARG het=  resseq=402 icode= >,3gna_A_A,2.4
115,0.0,ALA, ,N,90.9,4.00,0.0,2.66,1.0,<Residue ALA het=  resseq=403 icode= >,3gna_A_A,2.4
116,1.736,ALA, ,CA,90.91,3.74,0.0,2.22,1.0,<Residue ALA het=  resseq=403 icode= >,3gna_A_A,2.4
117,0.0,ALA, ,C,91.18,5.09,0.0,2.79,1.0,<Residue ALA het=  resseq=403 icode= >,3gna_A_A,2.4
118,0.938,ALA, ,O,90.87,5.06,0.0,1.68,1.0,<Residue ALA het=  resseq=403 icode= >,3gna_A_A,2.4
119,28.481,ALA, ,CB,90.19,3.11,0.0,0.10,1.0,<Residue ALA het=  resseq=403 icode= >,3gna_A_A,2.4
120,0.0,GLN, ,N,91.45,5.51,0.0,2.39,1.0,<Residue GLN het=  resseq=404 icode= >,3gna_A_A,2.4
121,0.0,GLN, ,CA,91.65,6.74,0.0,2.97,1.0,<Residue GLN het=  resseq=404 icode= >,3gna_A_A,2.4
122,0.227,GLN, ,C,91.16,7.59,0.0,4.11,1.0,<Residue GLN het=  resseq=404 icode= >,3gna_A_A,2.4
123,0.0,GLN, ,O,91.81,7.65,0.0,2.27,1.0,<Residue GLN het=  resseq=404 icode= >,3gna_A_A,2.4
124,6.675,GLN, ,CB,91.74,7.17,0.0,2.59,1.0,<Residue GLN het=  resseq=404 icode= >,3gna_A_A,2.4
125,0.0,GLN, ,CG,91.91,6.72,0.0,1.94,1.0,<Residue GLN het=  resseq=404 icode= >,3gna_A_A,2.4
126,4.12,GLN, ,CD,91.79,7.67,0.0,2.47,1.0,<Residue GLN het=  resseq=404 icode= >,3gna_A_A,2.4
127,16.779,GLN, ,OE1,91.36,8.10,0.0,1.46,1.0,<Residue GLN het=  resseq=404 icode= >,3gna_A_A,2.4
128,16.684,GLN, ,NE2,91.83,8.25,0.0,0.70,1.0,<Residue GLN het=  resseq=404 icode= >,3gna_A_A,2.4
129,0.22,LYS, ,N,91.52,7.38,0.0,3.30,1.0,<Residue LYS het=  resseq=405 icode= >,3gna_A_A,2.4
130,6.317,LYS, ,CA,92.44,6.89,0.0,3.22,1.0,<Residue LYS het=  resseq=405 icode= >,3gna_A_A,2.4
131,1.325,LYS, ,C,91.75,6.90,0.0,4.08,1.0,<Residue LYS het=  resseq=405 icode= >,3gna_A_A,2.4
132,3.436,LYS, ,O,90.7,6.62,0.0,2.22,1.0,<Residue LYS het=  resseq=405 icode= >,3gna_A_A,2.4
133,3.584,LYS, ,CB,92.75,5.88,0.0,1.91,1.0,<Residue LYS het=  resseq=405 icode= >,3gna_A_A,2.4
134,16.181,LYS, ,CG,93.5,4.67,0.0,1.03,1.0,<Residue LYS het=  resseq=405 icode= >,3gna_A_A,2.4
135,21.267,LYS, ,CD,94.37,3.89,0.0,0.66,1.0,<Residue LYS het=  resseq=405 icode= >,3gna_A_A,2.4
136,32.21,LYS, ,CE,95.19,3.02,0.0,0.21,1.0,<Residue LYS het=  resseq=405 icode= >,3gna_A_A,2.4
137,49.25,LYS, ,NZ,95.58,3.04,0.0,-0.52,1.0,<Residue LYS het=  resseq=405 icode= >,3gna_A_A,2.4
138,0.236,HIS, ,N,91.47,6.29,0.0,3.18,1.0,<Residue HIS het=  resseq=406 icode= >,3gna_A_A,2.4
139,5.141,HIS, ,CA,91.71,6.15,0.0,3.25,1.0,<Residue HIS het=  resseq=406 icode= >,3gna_A_A,2.4
140,0.0,HIS, ,C,90.86,6.77,0.0,4.00,1.0,<Residue HIS het=  resseq=406 icode= >,3gna_A_A,2.4
141,8.623,HIS, ,O,90.97,7.33,0.0,2.49,1.0,<Residue HIS het=  resseq=406 icode= >,3gna_A_A,2.4
142,0.233,HIS, ,CB,92.82,4.75,0.0,1.64,1.0,<Residue HIS het=  resseq=406 icode= >,3gna_A_A,2.4
143,0.018,HIS, ,CG,94.12,4.98,0.0,2.57,1.0,<Residue HIS het=  resseq=406 icode= >,3gna_A_A,2.4
144,18.402,HIS, ,ND1,95.31,3.89,0.0,1.82,1.0,<Residue HIS het=  resseq=406 icode= >,3gna_A_A,2.4
145,15.861,HIS, ,CD2,95.43,5.34,0.0,1.48,1.0,<Residue HIS het=  resseq=406 icode= >,3gna_A_A,2.4
146,44.134,HIS, ,CE1,96.3,3.63,0.0,1.11,1.0,<Residue HIS het=  resseq=406 icode= >,3gna_A_A,2.4
147,31.478,HIS, ,NE2,96.23,4.59,0.0,0.86,1.0,<Residue HIS het=  resseq=406 icode= >,3gna_A_A,2.4
148,0.0,ARG, ,N,90.49,6.06,0.0,3.05,1.0,<Residue ARG het=  resseq=407 icode= >,3gna_A_A,2.4
149,2.696,ARG, ,CA,91.58,6.01,0.0,2.72,1.0,<Residue ARG het=  resseq=407 icode= >,3gna_A_A,2.4
150,0.099,ARG, ,C,92.14,7.42,0.0,3.43,1.0,<Residue ARG het=  resseq=407 icode= >,3gna_A_A,2.4
151,25.281,ARG, ,O,91.14,7.96,0.0,2.77,1.0,<Residue ARG het=  resseq=407 icode= >,3gna_A_A,2.4
152,2.682,ARG, ,CB,91.58,5.09,0.0,1.67,1.0,<Residue ARG het=  resseq=407 icode= >,3gna_A_A,2.4
153,12.072,ARG, ,CG,91.35,4.02,0.0,1.25,1.0,<Residue ARG het=  resseq=407 icode= >,3gna_A_A,2.4
154,10.323,ARG, ,CD,91.59,3.12,0.0,1.58,1.0,<Residue ARG het=  resseq=407 icode= >,3gna_A_A,2.4
155,3.536,ARG, ,NE,90.76,4.14,0.0,2.46,1.0,<Residue ARG het=  resseq=407 icode= >,3gna_A_A,2.4
156,0.0,ARG, ,CZ,91.27,4.25,0.0,2.52,1.0,<Residue ARG het=  resseq=407 icode= >,3gna_A_A,2.4
157,2.296,ARG, ,NH1,91.65,2.96,0.0,0.80,1.0,<Residue ARG het=  resseq=407 icode= >,3gna_A_A,2.4
158,22.157,ARG, ,NH2,91.44,5.17,0.0,1.02,1.0,<Residue ARG het=  resseq=407 icode= >,3gna_A_A,2.4
159,0.0,LEU, ,N,92.88,8.22,0.0,2.67,1.0,<Residue LEU het=  resseq=408 icode= >,3gna_A_A,2.4
160,0.662,LEU, ,CA,93.55,9.61,0.0,2.65,1.0,<Residue LEU het=  resseq=408 icode= >,3gna_A_A,2.4
161,0.039,LEU, ,C,94.11,8.75,0.0,3.35,1.0,<Residue LEU het=  resseq=408 icode= >,3gna_A_A,2.4
162,0.0,LEU, ,O,94.78,8.69,0.0,2.15,1.0,<Residue LEU het=  resseq=408 icode= >,3gna_A_A,2.4
163,7.676,LEU, ,CB,93.92,9.82,0.0,1.52,1.0,<Residue LEU het=  resseq=408 icode= >,3gna_A_A,2.4
164,0.0,LEU, ,CG,93.24,9.88,0.0,2.16,1.0,<Residue LEU het=  resseq=408 icode= >,3gna_A_A,2.4
165,44.911,LEU, ,CD1,93.86,10.78,0.0,0.51,1.0,<Residue LEU het=  resseq=408 icode= >,3gna_A_A,2.4
166,25.303,LEU, ,CD2,91.43,10.23,0.0,0.30,1.0,<Residue LEU het=  resseq=408 icode= >,3gna_A_A,2.4
167,0.003,ARG, ,N,94.28,8.10,0.0,2.94,1.0,<Residue ARG het=  resseq=409 icode= >,3gna_A_A,2.4
168,1.069,ARG, ,CA,95.09,7.13,0.0,3.42,1.0,<Residue ARG het=  resseq=409 icode= >,3gna_A_A,2.4
169,0.0,ARG, ,C,93.86,7.55,0.0,4.48,1.0,<Residue ARG het=  resseq=409 icode= >,3gna_A_A,2.4
170,0.527,ARG, ,O,93.5,6.88,0.0,2.61,1.0,<Residue ARG het=  resseq=409 icode= >,3gna_A_A,2.4
171,3.566,ARG, ,CB,95.24,6.86,0.0,1.75,1.0,<Residue ARG het=  resseq=409 icode= >,3gna_A_A,2.4
172,12.417,ARG, ,CG,97.29,5.55,0.0,0.41,1.0,<Residue ARG het=  resseq=409 icode= >,3gna_A_A,2.4
173,24.08,ARG, ,CD,97.73,4.71,0.0,0.08,1.0,<Residue ARG het=  resseq=409 icode= >,3gna_A_A,2.4
174,19.055,ARG, ,NE,99.28,3.62,0.0,0.95,1.0,<Residue ARG het=  resseq=409 icode= >,3gna_A_A,2.4
175,4.498,ARG, ,CZ,100.21,4.14,0.0,0.49,1.0,<Residue ARG het=  resseq=409 icode= >,3gna_A_A,2.4
176,17.603,ARG, ,NH1,100.87,5.46,0.0,0.23,1.0,<Residue ARG het=  resseq=409 icode= >,3gna_A_A,2.4
177,52.805,ARG, ,NH2,100.45,3.65,0.0,-0.62,1.0,<Residue ARG het=  resseq=409 icode= >,3gna_A_A,2.4
178,0.37,GLU, ,N,93.74,8.87,0.0,4.22,1.0,<Residue GLU het=  resseq=410 icode= >,3gna_A_A,2.4
179,0.0,GLU, ,CA,93.87,9.62,0.0,4.38,1.0,<Residue GLU het=  resseq=410 icode= >,3gna_A_A,2.4
180,0.713,GLU, ,C,93.89,9.95,0.0,4.26,1.0,<Residue GLU het=  resseq=410 icode= >,3gna_A_A,2.4
181,1.091,GLU, ,O,94.2,10.15,0.0,2.58,1.0,<Residue GLU het=  resseq=410 icode= >,3gna_A_A,2.4
182,26.665,GLU, ,CB,94.32,10.44,0.0,2.33,1.0,<Residue GLU het=  resseq=410 icode= >,3gna_A_A,2.4
183,29.972,GLU, ,CG,95.25,9.67,0.0,1.14,1.0,<Residue GLU het=  resseq=410 icode= >,3gna_A_A,2.4
184,7.967,GLU, ,CD,96.76,9.19,0.0,1.28,1.0,<Residue GLU het=  resseq=410 icode= >,3gna_A_A,2.4
185,16.441,GLU, ,OE1,97.56,9.41,0.0,0.85,1.0,<Residue GLU het=  resseq=410 icode= >,3gna_A_A,2.4
186,29.074,GLU, ,OE2,97.41,8.85,0.0,1.02,1.0,<Residue GLU het=  resseq=410 icode= >,3gna_A_A,2.4
187,3.765,LEU, ,N,93.49,10.28,0.0,3.45,1.0,<Residue LEU het=  resseq=411 icode= >,3gna_A_A,2.4
188,1.06,LEU, ,CA,92.91,10.78,0.0,2.90,1.0,<Residue LEU het=  resseq=411 icode= >,3gna_A_A,2.4
189,0.03,LEU, ,C,92.99,9.75,0.0,3.63,1.0,<Residue LEU het=  resseq=411 icode= >,3gna_A_A,2.4
190,0.0,LEU, ,O,92.77,10.18,0.0,2.03,1.0,<Residue LEU het=  resseq=411 icode= >,3gna_A_A,2.4
191,10.156,LEU, ,CB,93.04,11.60,0.0,1.59,1.0,<Residue LEU het=  resseq=411 icode= >,3gna_A_A,2.4
192,0.759,LEU, ,CG,92.27,12.49,0.0,1.68,1.0,<Residue LEU het=  resseq=411 icode= >,3gna_A_A,2.4
193,34.44,LEU, ,CD1,91.78,13.56,0.0,0.46,1.0,<Residue LEU het=  resseq=411 icode= >,3gna_A_A,2.4
194,50.427,LEU, ,CD2,92.44,13.28,0.0,-0.19,1.0,<Residue LEU het=  resseq=411 icode= >,3gna_A_A,2.4
195,0.299,LYS, ,N,92.65,8.53,0.0,3.36,1.0,<Residue LYS het=  resseq=412 icode= >,3gna_A_A,2.4
196,4.689,LYS, ,CA,92.93,7.55,0.0,3.42,1.0,<Residue LYS het=  resseq=412 icode= >,3gna_A_A,2.4
197,0.227,LYS, ,C,92.29,7.45,0.0,3.97,1.0,<Residue LYS het=  resseq=412 icode= >,3gna_A_A,2.4
198,1.393,LYS, ,O,91.52,7.59,0.0,1.97,1.0,<Residue LYS het=  resseq=412 icode= >,3gna_A_A,2.4
199,2.306,LYS, ,CB,93.36,6.27,0.0,2.36,1.0,<Residue LYS het=  resseq=412 icode= >,3gna_A_A,2.4
200,19.162,LYS, ,CG,93.73,5.52,0.0,1.95,1.0,<Residue LYS het=  resseq=412 icode= >,3gna_A_A,2.4
201,19.195,LYS, ,CD,93.98,4.25,0.0,0.97,1.0,<Residue LYS het=  resseq=412 icode= >,3gna_A_A,2.4
202,43.972,LYS, ,CE,94.56,3.93,0.0,0.68,1.0,<Residue LYS het=  resseq=412 icode= >,3gna_A_A,2.4
203,32.34,LYS, ,NZ,94.18,3.03,0.0,0.70,1.0,<Residue LYS het=  resseq=412 icode= >,3gna_A_A,2.4
204,0.0,ILE, ,N,92.2,7.58,0.0,3.71,1.0,<Residue ILE het=  resseq=413 icode= >,3gna_A_A,2.4
205,1.466,ILE, ,CA,92.47,7.94,0.0,3.76,1.0,<Residue ILE het=  resseq=413 icode= >,3gna_A_A,2.4
206,0.0,ILE, ,C,91.76,9.34,0.0,5.01,1.0,<Residue ILE het=  resseq=413 icode= >,3gna_A_A,2.4
207,0.0,ILE, ,O,91.52,9.70,0.0,2.54,1.0,<Residue ILE het=  resseq=413 icode= >,3gna_A_A,2.4
208,0.0,ILE, ,CB,92.54,8.18,0.0,2.80,1.0,<Residue ILE het=  resseq=413 icode= >,3gna_A_A,2.4
209,18.96,ILE, ,CG1,92.57,6.98,0.0,1.53,1.0,<Residue ILE het=  resseq=413 icode= >,3gna_A_A,2.4
210,27.164,ILE, ,CG2,92.42,9.11,0.0,1.13,1.0,<Residue ILE het=  resseq=413 icode= >,3gna_A_A,2.4
211,26.062,ILE, ,CD1,92.75,6.88,0.0,0.04,1.0,<Residue ILE het=  resseq=413 icode= >,3gna_A_A,2.4
212,0.0,GLN, ,N,91.6,10.26,0.0,3.96,1.0,<Residue GLN het=  resseq=414 icode= >,3gna_A_A,2.4
213,0.842,GLN, ,CA,91.46,11.62,0.0,3.93,1.0,<Residue GLN het=  resseq=414 icode= >,3gna_A_A,2.4
214,1.173,GLN, ,C,91.26,11.78,0.0,4.51,1.0,<Residue GLN het=  resseq=414 icode= >,3gna_A_A,2.4
215,4.908,GLN, ,O,90.39,12.66,0.0,2.33,1.0,<Residue GLN het=  resseq=414 icode= >,3gna_A_A,2.4
216,9.44,GLN, ,CB,91.44,12.59,0.0,2.27,1.0,<Residue GLN het=  resseq=414 icode= >,3gna_A_A,2.4
217,18.369,GLN, ,CG,92.0,13.17,0.0,1.55,1.0,<Residue GLN het=  resseq=414 icode= >,3gna_A_A,2.4
218,8.531,GLN, ,CD,92.28,14.34,0.0,1.40,1.0,<Residue GLN het=  resseq=414 icode= >,3gna_A_A,2.4
219,18.116,GLN, ,OE1,92.63,14.44,0.0,0.54,1.0,<Residue GLN het=  resseq=414 icode= >,3gna_A_A,2.4
220,58.902,GLN, ,NE2,92.62,15.34,0.0,0.18,0.5,<Residue GLN het=  resseq=414 icode= >,3gna_A_A,2.4
221,0.0,VAL, ,N,91.41,11.09,0.0,3.87,1.0,<Residue VAL het=  resseq=415 icode= >,3gna_A_A,2.4
222,2.458,VAL, ,CA,91.51,11.40,0.0,4.04,1.0,<Residue VAL het=  resseq=415 icode= >,3gna_A_A,2.4
223,0.0,VAL, ,C,91.59,11.03,0.0,4.33,1.0,<Residue VAL het=  resseq=415 icode= >,3gna_A_A,2.4
224,0.0,VAL, ,O,91.2,11.93,0.0,2.43,1.0,<Residue VAL het=  resseq=415 icode= >,3gna_A_A,2.4
225,1.107,VAL, ,CB,91.38,10.94,0.0,2.63,1.0,<Residue VAL het=  resseq=415 icode= >,3gna_A_A,2.4
226,1.725,VAL, ,CG1,92.31,11.43,0.0,0.94,1.0,<Residue VAL het=  resseq=415 icode= >,3gna_A_A,2.4
227,17.509,VAL, ,CG2,90.71,11.69,0.0,0.06,1.0,<Residue VAL het=  resseq=415 icode= >,3gna_A_A,2.4
228,0.085,LYS, ,N,92.15,9.84,0.0,3.23,1.0,<Residue LYS het=  resseq=416 icode= >,3gna_A_A,2.4
229,0.09,LYS, ,CA,92.02,9.61,0.0,3.55,1.0,<Residue LYS het=  resseq=416 icode= >,3gna_A_A,2.4
230,0.0,LYS, ,C,92.08,10.81,0.0,4.38,1.0,<Residue LYS het=  resseq=416 icode= >,3gna_A_A,2.4
231,0.0,LYS, ,O,91.88,11.58,0.0,2.51,1.0,<Residue LYS het=  resseq=416 icode= >,3gna_A_A,2.4
232,5.567,LYS, ,CB,92.69,8.31,0.0,1.60,1.0,<Residue LYS het=  resseq=416 icode= >,3gna_A_A,2.4
233,20.284,LYS, ,CG,93.51,8.22,0.0,1.23,1.0,<Residue LYS het=  resseq=416 icode= >,3gna_A_A,2.4
234,13.268,LYS, ,CD,94.48,8.01,0.0,0.46,1.0,<Residue LYS het=  resseq=416 icode= >,3gna_A_A,2.4
235,45.435,LYS, ,CE,94.33,8.32,0.0,0.27,1.0,<Residue LYS het=  resseq=416 icode= >,3gna_A_A,2.4
236,16.831,LYS, ,NZ,95.53,9.79,0.0,0.11,1.0,<Residue LYS het=  resseq=416 icode= >,3gna_A_A,2.4
237,0.0,GLU, ,N,92.85,11.13,0.0,3.55,1.0,<Residue GLU het=  resseq=417 icode= >,3gna_A_A,2.4
238,0.445,GLU, ,CA,93.69,12.38,0.0,3.36,1.0,<Residue GLU het=  resseq=417 icode= >,3gna_A_A,2.4
239,0.204,GLU, ,C,93.42,13.62,0.0,3.40,1.0,<Residue GLU het=  resseq=417 icode= >,3gna_A_A,2.4
240,0.0,GLU, ,O,94.32,14.53,0.0,0.99,1.0,<Residue GLU het=  resseq=417 icode= >,3gna_A_A,2.4
241,7.228,GLU, ,CB,93.8,12.71,0.0,2.02,1.0,<Residue GLU het=  resseq=417 icode= >,3gna_A_A,2.4
242,20.798,GLU, ,CG,95.19,12.51,0.0,0.23,1.0,<Residue GLU het=  resseq=417 icode= >,3gna_A_A,2.4
243,10.204,GLU, ,CD,95.49,12.55,0.0,0.35,1.0,<Residue GLU het=  resseq=417 icode= >,3gna_A_A,2.4
244,7.426,GLU, ,OE1,96.79,11.93,0.0,-0.17,1.0,<Residue GLU het=  resseq=417 icode= >,3gna_A_A,2.4
245,36.981,GLU, ,OE2,97.32,12.75,0.0,0.07,1.0,<Residue GLU het=  resseq=417 icode= >,3gna_A_A,2.4
246,0.476,PHE, ,N,93.23,13.75,0.0,3.30,1.0,<Residue PHE het=  resseq=418 icode= >,3gna_A_A,2.4
247,3.929,PHE, ,CA,92.96,14.98,0.0,3.19,1.0,<Residue PHE het=  resseq=418 icode= >,3gna_A_A,2.4
248,0.0,PHE, ,C,92.58,15.12,0.0,3.59,1.0,<Residue PHE het=  resseq=418 icode= >,3gna_A_A,2.4
249,0.0,PHE, ,O,92.05,16.16,0.0,1.46,1.0,<Residue PHE het=  resseq=418 icode= >,3gna_A_A,2.4
250,11.017,PHE, ,CB,93.43,15.23,0.0,1.91,1.0,<Residue PHE het=  resseq=418 icode= >,3gna_A_A,2.4
251,3.02,PHE, ,CG,93.81,16.52,0.0,3.11,1.0,<Residue PHE het=  resseq=418 icode= >,3gna_A_A,2.4
252,20.665,PHE, ,CD1,94.13,17.72,0.0,2.25,1.0,<Residue PHE het=  resseq=418 icode= >,3gna_A_A,2.4
253,3.69,PHE, ,CD2,94.55,16.62,0.0,1.65,1.0,<Residue PHE het=  resseq=418 icode= >,3gna_A_A,2.4
254,25.017,PHE, ,CE1,94.41,18.93,0.0,1.52,1.0,<Residue PHE het=  resseq=418 icode= >,3gna_A_A,2.4
255,10.522,PHE, ,CE2,94.58,17.90,0.0,1.34,1.0,<Residue PHE het=  resseq=418 icode= >,3gna_A_A,2.4
256,23.323,PHE, ,CZ,94.38,19.01,0.0,1.09,1.0,<Residue PHE het=  resseq=418 icode= >,3gna_A_A,2.4
257,0.0,ALA, ,N,91.63,14.19,0.0,3.45,1.0,<Residue ALA het=  resseq=419 icode= >,3gna_A_A,2.4
258,0.0,ALA, ,CA,91.44,14.42,0.0,3.55,1.0,<Residue ALA het=  resseq=419 icode= >,3gna_A_A,2.4
259,0.0,ALA, ,C,91.6,14.78,0.0,3.52,1.0,<Residue ALA het=  resseq=419 icode= >,3gna_A_A,2.4
260,0.0,ALA, ,O,91.97,15.76,0.0,1.49,1.0,<Residue ALA het=  resseq=419 icode= >,3gna_A_A,2.4
261,0.0,ALA, ,CB,90.89,13.33,0.0,1.02,1.0,<Residue ALA het=  resseq=419 icode= >,3gna_A_A,2.4
262,0.0,ASP, ,N,91.9,14.15,0.0,3.16,1.0,<Residue ASP het=  resseq=420 icode= >,3gna_A_A,2.4
263,1.134,ASP, ,CA,93.04,14.64,0.0,2.82,1.0,<Residue ASP het=  resseq=420 icode= >,3gna_A_A,2.4
264,1.249,ASP, ,C,93.33,16.07,0.0,2.93,1.0,<Residue ASP het=  resseq=420 icode= >,3gna_A_A,2.4
265,18.955,ASP, ,O,92.82,16.98,0.0,1.16,1.0,<Residue ASP het=  resseq=420 icode= >,3gna_A_A,2.4
266,19.301,ASP, ,CB,93.33,13.81,0.0,2.20,1.0,<Residue ASP het=  resseq=420 icode= >,3gna_A_A,2.4
267,6.926,ASP, ,CG,94.07,12.48,0.0,2.07,1.0,<Residue ASP het=  resseq=420 icode= >,3gna_A_A,2.4
268,6.373,ASP, ,OD1,93.68,12.43,0.0,1.81,1.0,<Residue ASP het=  resseq=420 icode= >,3gna_A_A,2.4
269,16.089,ASP, ,OD2,94.47,11.59,0.0,1.18,1.0,<Residue ASP het=  resseq=420 icode= >,3gna_A_A,2.4
270,0.0,LYS, ,N,93.7,16.34,0.0,2.86,1.0,<Residue LYS het=  resseq=421 icode= >,3gna_A_A,2.4
271,8.035,LYS, ,CA,94.32,17.69,0.0,2.92,1.0,<Residue LYS het=  resseq=421 icode= >,3gna_A_A,2.4
272,0.416,LYS, ,C,93.75,18.73,0.0,2.70,1.0,<Residue LYS het=  resseq=421 icode= >,3gna_A_A,2.4
273,27.159,LYS, ,O,93.78,19.88,0.0,0.77,1.0,<Residue LYS het=  resseq=421 icode= >,3gna_A_A,2.4
274,7.617,LYS, ,CB,94.85,17.78,0.0,1.55,1.0,<Residue LYS het=  resseq=421 icode= >,3gna_A_A,2.4
275,18.709,LYS, ,CG,95.93,17.23,0.0,0.34,1.0,<Residue LYS het=  resseq=421 icode= >,3gna_A_A,2.4
276,22.151,LYS, ,CD,95.9,17.26,0.0,0.34,1.0,<Residue LYS het=  resseq=421 icode= >,3gna_A_A,2.4
277,34.38,LYS, ,CE,96.04,16.90,0.0,0.52,1.0,<Residue LYS het=  resseq=421 icode= >,3gna_A_A,2.4
278,36.152,LYS, ,NZ,95.88,16.92,0.0,0.33,1.0,<Residue LYS het=  resseq=421 icode= >,3gna_A_A,2.4
279,0.0,GLU, ,N,93.4,18.41,0.0,2.41,1.0,<Residue GLU het=  resseq=422 icode= >,3gna_A_A,2.4
280,1.837,GLU, ,CA,93.25,19.49,0.0,2.89,1.0,<Residue GLU het=  resseq=422 icode= >,3gna_A_A,2.4
281,3.168,GLU, ,C,93.01,19.53,0.0,3.27,1.0,<Residue GLU het=  resseq=422 icode= >,3gna_A_A,2.4
282,21.241,GLU, ,O,92.8,20.63,0.0,1.56,1.0,<Residue GLU het=  resseq=422 icode= >,3gna_A_A,2.4
283,3.336,GLU, ,CB,93.28,19.62,0.0,1.33,1.0,<Residue GLU het=  resseq=422 icode= >,3gna_A_A,2.4
284,5.958,GLU, ,CG,93.93,19.88,0.0,1.35,1.0,<Residue GLU het=  resseq=422 icode= >,3gna_A_A,2.4
285,9.842,GLU, ,CD,95.26,21.24,0.0,1.70,1.0,<Residue GLU het=  resseq=422 icode= >,3gna_A_A,2.4
286,28.892,GLU, ,OE1,95.13,22.00,0.0,0.95,1.0,<Residue GLU het=  resseq=422 icode= >,3gna_A_A,2.4
287,39.231,GLU, ,OE2,96.45,21.63,0.0,0.51,1.0,<Residue GLU het=  resseq=422 icode= >,3gna_A_A,2.4
288,0.0,GLU, ,N,93.24,18.43,0.0,3.22,1.0,<Residue GLU het=  resseq=423 icode= >,3gna_A_A,2.4
289,3.451,GLU, ,CA,93.38,18.57,0.0,3.35,1.0,<Residue GLU het=  resseq=423 icode= >,3gna_A_A,2.4
290,4.526,GLU, ,C,93.27,18.12,0.0,3.10,1.0,<Residue GLU het=  resseq=423 icode= >,3gna_A_A,2.4
291,8.884,GLU, ,O,93.16,17.90,0.0,2.38,1.0,<Residue GLU het=  resseq=423 icode= >,3gna_A_A,2.4
292,3.672,GLU, ,CB,93.94,17.98,0.0,1.40,1.0,<Residue GLU het=  resseq=423 icode= >,3gna_A_A,2.4
293,3.049,GLU, ,CG,94.9,18.54,0.0,0.81,1.0,<Residue GLU het=  resseq=423 icode= >,3gna_A_A,2.4
294,8.577,GLU, ,CD,96.57,20.07,0.0,2.02,1.0,<Residue GLU het=  resseq=423 icode= >,3gna_A_A,2.4
295,30.183,GLU, ,OE1,96.48,20.66,0.0,1.42,1.0,<Residue GLU het=  resseq=423 icode= >,3gna_A_A,2.4
296,24.894,GLU, ,OE2,98.42,20.72,0.0,0.58,1.0,<Residue GLU het=  resseq=423 icode= >,3gna_A_A,2.4
297,6.162,GLY, ,N,93.47,18.15,0.0,1.98,1.0,<Residue GLY het=  resseq=424 icode= >,3gna_A_A,2.4
298,38.122,GLY, ,CA,93.47,17.92,0.0,1.40,1.0,<Residue GLY het=  resseq=424 icode= >,3gna_A_A,2.4
299,4.87,GLY, ,C,93.42,16.57,0.0,2.50,1.0,<Residue GLY het=  resseq=424 icode= >,3gna_A_A,2.4
300,26.886,GLY, ,O,94.42,16.55,0.0,1.25,1.0,<Residue GLY het=  resseq=424 icode= >,3gna_A_A,2.4
301,0.756,GLY, ,N,92.93,15.52,0.0,1.89,1.0,<Residue GLY het=  resseq=425 icode= >,3gna_A_A,2.4
302,9.637,GLY, ,CA,92.62,14.14,0.0,1.69,1.0,<Residue GLY het=  resseq=425 icode= >,3gna_A_A,2.4
303,1.691,GLY, ,C,92.43,13.91,0.0,2.53,1.0,<Residue GLY het=  resseq=425 icode= >,3gna_A_A,2.4
304,20.248,GLY, ,O,92.58,13.02,0.0,1.44,1.0,<Residue GLY het=  resseq=425 icode= >,3gna_A_A,2.4
305,0.0,ASP, ,N,91.94,14.83,0.0,2.81,1.0,<Residue ASP het=  resseq=426 icode= >,3gna_A_A,2.4
306,5.21,ASP, ,CA,91.28,14.94,0.0,3.64,1.0,<Residue ASP het=  resseq=426 icode= >,3gna_A_A,2.4
307,0.0,ASP, ,C,90.46,14.24,0.0,4.27,1.0,<Residue ASP het=  resseq=426 icode= >,3gna_A_A,2.4
308,0.0,ASP, ,O,90.22,14.93,0.0,2.11,1.0,<Residue ASP het=  resseq=426 icode= >,3gna_A_A,2.4
309,11.611,ASP, ,CB,91.43,16.36,0.0,2.59,1.0,<Residue ASP het=  resseq=426 icode= >,3gna_A_A,2.4
310,6.695,ASP, ,CG,91.25,16.26,0.0,3.47,1.0,<Residue ASP het=  resseq=426 icode= >,3gna_A_A,2.4
311,9.819,ASP, ,OD1,91.15,15.23,0.0,2.43,1.0,<Residue ASP het=  resseq=426 icode= >,3gna_A_A,2.4
312,30.23,ASP, ,OD2,91.76,17.32,0.0,2.08,1.0,<Residue ASP het=  resseq=426 icode= >,3gna_A_A,2.4
313,2.166,VAL, ,N,89.81,12.94,0.0,3.28,1.0,<Residue VAL het=  resseq=427 icode= >,3gna_A_A,2.4
314,0.0,VAL, ,CA,88.41,12.24,0.0,3.40,1.0,<Residue VAL het=  resseq=427 icode= >,3gna_A_A,2.4
315,0.0,VAL, ,C,88.31,12.89,0.0,4.61,1.0,<Residue VAL het=  resseq=427 icode= >,3gna_A_A,2.4
316,0.0,VAL, ,O,85.9,13.34,0.0,2.50,1.0,<Residue VAL het=  resseq=427 icode= >,3gna_A_A,2.4
317,9.864,VAL, ,CB,88.01,10.70,0.0,2.16,1.0,<Residue VAL het=  resseq=427 icode= >,3gna_A_A,2.4
318,27.804,VAL, ,CG1,87.2,10.14,0.0,-0.22,1.0,<Residue VAL het=  resseq=427 icode= >,3gna_A_A,2.4
319,9.829,VAL, ,CG2,86.14,10.18,0.0,0.44,1.0,<Residue VAL het=  resseq=427 icode= >,3gna_A_A,2.4
320,2.959,LYS, ,N,89.62,12.65,0.0,4.15,1.0,<Residue LYS het=  resseq=428 icode= >,3gna_A_A,2.4
321,7.49,LYS, ,CA,90.81,12.91,0.0,4.02,1.0,<Residue LYS het=  resseq=428 icode= >,3gna_A_A,2.4
322,0.0,LYS, ,C,91.0,14.29,0.0,4.20,1.0,<Residue LYS het=  resseq=428 icode= >,3gna_A_A,2.4
323,0.923,LYS, ,O,90.98,14.47,0.0,2.74,1.0,<Residue LYS het=  resseq=428 icode= >,3gna_A_A,2.4
324,18.804,LYS, ,CB,91.03,12.85,0.0,2.59,1.0,<Residue LYS het=  resseq=428 icode= >,3gna_A_A,2.4
325,12.636,LYS, ,CG,91.43,13.30,0.0,2.40,1.0,<Residue LYS het=  resseq=428 icode= >,3gna_A_A,2.4
326,32.653,LYS, ,CD,92.0,13.12,0.0,1.61,1.0,<Residue LYS het=  resseq=428 icode= >,3gna_A_A,2.4
327,17.16,LYS, ,CE,92.49,13.85,0.0,0.98,1.0,<Residue LYS het=  resseq=428 icode= >,3gna_A_A,2.4
328,46.368,LYS, ,NZ,92.13,13.45,0.0,1.01,1.0,<Residue LYS het=  resseq=428 icode= >,3gna_A_A,2.4
329,0.151,ALA, ,N,91.27,15.34,0.0,2.81,1.0,<Residue ALA het=  resseq=429 icode= >,3gna_A_A,2.4
330,1.86,ALA, ,CA,91.33,16.71,0.0,2.74,1.0,<Residue ALA het=  resseq=429 icode= >,3gna_A_A,2.4
331,1.363,ALA, ,C,91.04,17.01,0.0,3.66,1.0,<Residue ALA het=  resseq=429 icode= >,3gna_A_A,2.4
332,0.107,ALA, ,O,91.03,17.77,0.0,2.22,1.0,<Residue ALA het=  resseq=429 icode= >,3gna_A_A,2.4
333,38.983,ALA, ,CB,91.64,17.66,0.0,0.59,1.0,<Residue ALA het=  resseq=429 icode= >,3gna_A_A,2.4
334,0.02,VAL, ,N,90.52,16.42,0.0,3.76,1.0,<Residue VAL het=  resseq=430 icode= >,3gna_A_A,2.4
335,4.514,VAL, ,CA,90.12,16.40,0.0,4.46,1.0,<Residue VAL het=  resseq=430 icode= >,3gna_A_A,2.4
336,0.0,VAL, ,C,90.85,16.14,0.0,4.36,1.0,<Residue VAL het=  resseq=430 icode= >,3gna_A_A,2.4
337,0.656,VAL, ,O,91.51,17.04,0.0,2.34,1.0,<Residue VAL het=  resseq=430 icode= >,3gna_A_A,2.4
338,0.0,VAL, ,CB,89.89,15.50,0.0,3.20,1.0,<Residue VAL het=  resseq=430 icode= >,3gna_A_A,2.4
339,7.782,VAL, ,CG1,88.85,15.46,0.0,0.44,1.0,<Residue VAL het=  resseq=430 icode= >,3gna_A_A,2.4
340,5.937,VAL, ,CG2,88.67,16.15,0.0,0.88,1.0,<Residue VAL het=  resseq=430 icode= >,3gna_A_A,2.4
341,0.0,CYS, ,N,91.66,15.02,0.0,3.55,1.0,<Residue CYS het=  resseq=431 icode= >,3gna_A_A,2.4
342,0.42,CYS,x,CA,91.2,14.57,0.0,3.87,0.5,<Residue CYS het=  resseq=431 icode= >,3gna_A_A,2.4
343,1.115,CYS, ,C,91.58,15.21,0.0,4.57,1.0,<Residue CYS het=  resseq=431 icode= >,3gna_A_A,2.4
344,3.583,CYS, ,O,91.64,15.65,0.0,2.40,1.0,<Residue CYS het=  resseq=431 icode= >,3gna_A_A,2.4
345,24.629,CYS,x,CB,90.74,13.05,0.0,3.16,0.5,<Residue CYS het=  resseq=431 icode= >,3gna_A_A,2.4
346,25.639,CYS,x,SG,89.2,12.15,0.0,1.27,0.5,<Residue CYS het=  resseq=431 icode= >,3gna_A_A,2.4
347,0.791,LEU, ,N,91.79,15.41,0.0,3.85,1.0,<Residue LEU het=  resseq=432 icode= >,3gna_A_A,2.4
348,5.873,LEU, ,CA,91.69,16.24,0.0,3.49,1.0,<Residue LEU het=  resseq=432 icode= >,3gna_A_A,2.4
349,0.0,LEU, ,C,91.65,17.63,0.0,4.07,1.0,<Residue LEU het=  resseq=432 icode= >,3gna_A_A,2.4
350,0.0,LEU, ,O,90.8,18.22,0.0,2.46,1.0,<Residue LEU het=  resseq=432 icode= >,3gna_A_A,2.4
351,2.532,LEU, ,CB,91.89,16.47,0.0,1.72,1.0,<Residue LEU het=  resseq=432 icode= >,3gna_A_A,2.4
352,0.061,LEU, ,CG,92.25,17.64,0.0,1.82,1.0,<Residue LEU het=  resseq=432 icode= >,3gna_A_A,2.4
353,5.079,LEU, ,CD1,91.71,17.48,0.0,0.18,1.0,<Residue LEU het=  resseq=432 icode= >,3gna_A_A,2.4
354,27.566,LEU, ,CD2,91.39,18.00,0.0,-0.24,1.0,<Residue LEU het=  resseq=432 icode= >,3gna_A_A,2.4
355,0.0,THR, ,N,91.47,18.23,0.0,3.34,1.0,<Residue THR het=  resseq=433 icode= >,3gna_A_A,2.4
356,0.0,THR, ,CA,91.17,19.61,0.0,3.69,1.0,<Residue THR het=  resseq=433 icode= >,3gna_A_A,2.4
357,0.0,THR, ,C,91.22,19.79,0.0,4.54,1.0,<Residue THR het=  resseq=433 icode= >,3gna_A_A,2.4
358,0.0,THR, ,O,90.52,20.80,0.0,2.34,1.0,<Residue THR het=  resseq=433 icode= >,3gna_A_A,2.4
359,5.151,THR, ,CB,91.45,20.26,0.0,2.80,1.0,<Residue THR het=  resseq=433 icode= >,3gna_A_A,2.4
360,20.635,THR, ,OG1,90.21,20.27,0.0,1.82,1.0,<Residue THR het=  resseq=433 icode= >,3gna_A_A,2.4
361,38.005,THR, ,CG2,90.58,21.72,0.0,0.78,1.0,<Residue THR het=  resseq=433 icode= >,3gna_A_A,2.4
362,0.442,LEU, ,N,91.5,1000.00,0.0,4.22,1.0,<Residue LEU het=  resseq=434 icode= >,3gna_A_A,2.4
363,0.592,LEU, ,CA,91.92,1000.00,0.0,4.27,1.0,<Residue LEU het=  resseq=434 icode= >,3gna_A_A,2.4
364,0.776,LEU, ,C,91.72,1000.00,0.0,4.70,1.0,<Residue LEU het=  resseq=434 icode= >,3gna_A_A,2.4
365,2.959,LEU, ,O,91.65,1000.00,0.0,2.40,1.0,<Residue LEU het=  resseq=434 icode= >,3gna_A_A,2.4
366,9.751,LEU, ,CB,92.84,1000.00,0.0,2.82,1.0,<Residue LEU het=  resseq=434 icode= >,3gna_A_A,2.4
367,1.379,LEU, ,CG,94.42,1000.00,0.0,2.36,1.0,<Residue LEU het=  resseq=434 icode= >,3gna_A_A,2.4
368,29.219,LEU, ,CD1,93.92,1000.00,0.0,-0.12,1.0,<Residue LEU het=  resseq=434 icode= >,3gna_A_A,2.4
369,60.703,LEU, ,CD2,94.47,1000.00,0.0,0.95,1.0,<Residue LEU het=  resseq=434 icode= >,3gna_A_A,2.4
370,0.213,PHE, ,N,91.19,18.24,0.0,4.23,1.0,<Residue PHE het=  resseq=435 icode= >,3gna_A_A,2.4
371,3.441,PHE, ,CA,91.43,18.35,0.0,4.02,1.0,<Residue PHE het=  resseq=435 icode= >,3gna_A_A,2.4
372,0.0,PHE, ,C,91.44,19.65,0.0,4.13,1.0,<Residue PHE het=  resseq=435 icode= >,3gna_A_A,2.4
373,0.0,PHE, ,O,91.37,20.45,0.0,2.11,1.0,<Residue PHE het=  resseq=435 icode= >,3gna_A_A,2.4
374,11.75,PHE, ,CB,91.38,17.14,0.0,2.15,1.0,<Residue PHE het=  resseq=435 icode= >,3gna_A_A,2.4
375,2.432,PHE, ,CG,91.44,17.34,0.0,2.93,1.0,<Residue PHE het=  resseq=435 icode= >,3gna_A_A,2.4
376,9.101,PHE, ,CD1,91.56,17.31,0.0,1.92,1.0,<Residue PHE het=  resseq=435 icode= >,3gna_A_A,2.4
377,15.183,PHE, ,CD2,91.18,17.76,0.0,2.12,1.0,<Residue PHE het=  resseq=435 icode= >,3gna_A_A,2.4
378,18.043,PHE, ,CE1,91.01,17.67,0.0,1.82,1.0,<Residue PHE het=  resseq=435 icode= >,3gna_A_A,2.4
379,24.288,PHE, ,CE2,90.79,18.12,0.0,1.48,1.0,<Residue PHE het=  resseq=435 icode= >,3gna_A_A,2.4
380,23.599,PHE, ,CZ,90.6,18.08,0.0,1.76,1.0,<Residue PHE het=  resseq=435 icode= >,3gna_A_A,2.4
381,0.0,LEU, ,N,91.48,1000.00,0.0,3.14,1.0,<Residue LEU het=  resseq=436 icode= >,3gna_A_A,2.4
382,0.0,LEU, ,CA,92.08,1000.00,0.0,2.80,1.0,<Residue LEU het=  resseq=436 icode= >,3gna_A_A,2.4
383,0.046,LEU, ,C,92.31,1000.00,0.0,3.67,1.0,<Residue LEU het=  resseq=436 icode= >,3gna_A_A,2.4
384,0.0,LEU, ,O,93.17,1000.00,0.0,1.87,1.0,<Residue LEU het=  resseq=436 icode= >,3gna_A_A,2.4
385,4.671,LEU, ,CB,91.51,1000.00,0.0,1.58,1.0,<Residue LEU het=  resseq=436 icode= >,3gna_A_A,2.4
386,0.0,LEU, ,CG,91.14,1000.00,0.0,1.77,1.0,<Residue LEU het=  resseq=436 icode= >,3gna_A_A,2.4
387,18.544,LEU, ,CD1,89.91,1000.00,0.0,-0.66,1.0,<Residue LEU het=  resseq=436 icode= >,3gna_A_A,2.4
388,0.0,LEU, ,CD2,90.29,1000.00,0.0,0.48,1.0,<Residue LEU het=  resseq=436 icode= >,3gna_A_A,2.4
389,0.0,LEU, ,N,92.25,1000.00,0.0,3.64,1.0,<Residue LEU het=  resseq=437 icode= >,3gna_A_A,2.4
390,0.0,LEU, ,CA,92.46,1000.00,0.0,3.34,1.0,<Residue LEU het=  resseq=437 icode= >,3gna_A_A,2.4
391,1.291,LEU, ,C,91.89,1000.00,0.0,3.74,1.0,<Residue LEU het=  resseq=437 icode= >,3gna_A_A,2.4
392,3.08,LEU, ,O,92.51,1000.00,0.0,1.70,1.0,<Residue LEU het=  resseq=437 icode= >,3gna_A_A,2.4
393,12.251,LEU, ,CB,92.38,1000.00,0.0,2.18,1.0,<Residue LEU het=  resseq=437 icode= >,3gna_A_A,2.4
394,1.752,LEU, ,CG,92.36,1000.00,0.0,2.21,1.0,<Residue LEU het=  resseq=437 icode= >,3gna_A_A,2.4
395,41.603,LEU, ,CD1,93.65,1000.00,0.0,0.20,1.0,<Residue LEU het=  resseq=437 icode= >,3gna_A_A,2.4
396,52.507,LEU, ,CD2,91.87,1000.00,0.0,0.72,1.0,<Residue LEU het=  resseq=437 icode= >,3gna_A_A,2.4
397,0.566,ALA, ,N,91.34,1000.00,0.0,3.30,1.0,<Residue ALA het=  resseq=438 icode= >,3gna_A_A,2.4
398,8.114,ALA, ,CA,91.28,1000.00,0.0,3.19,1.0,<Residue ALA het=  resseq=438 icode= >,3gna_A_A,2.4
399,0.341,ALA, ,C,90.71,1000.00,0.0,4.19,1.0,<Residue ALA het=  resseq=438 icode= >,3gna_A_A,2.4
400,1.18,ALA, ,O,89.71,1000.00,0.0,2.74,1.0,<Residue ALA het=  resseq=438 icode= >,3gna_A_A,2.4
401,41.614,ALA, ,CB,90.75,1000.00,0.0,1.20,1.0,<Residue ALA het=  resseq=438 icode= >,3gna_A_A,2.4
402,0.025,LEU, ,N,90.59,1000.00,0.0,3.40,1.0,<Residue LEU het=  resseq=439 icode= >,3gna_A_A,2.4
403,0.022,LEU, ,CA,91.18,1000.00,0.0,3.16,1.0,<Residue LEU het=  resseq=439 icode= >,3gna_A_A,2.4
404,0.0,LEU, ,C,90.56,1000.00,0.0,3.73,1.0,<Residue LEU het=  resseq=439 icode= >,3gna_A_A,2.4
405,0.0,LEU, ,O,90.74,1000.00,0.0,2.30,1.0,<Residue LEU het=  resseq=439 icode= >,3gna_A_A,2.4
406,0.0,LEU, ,CB,91.09,1000.00,0.0,2.14,1.0,<Residue LEU het=  resseq=439 icode= >,3gna_A_A,2.4
407,0.001,LEU, ,CG,90.94,1000.00,0.0,2.09,1.0,<Residue LEU het=  resseq=439 icode= >,3gna_A_A,2.4
408,1.815,LEU, ,CD1,89.89,1000.00,0.0,0.54,1.0,<Residue LEU het=  resseq=439 icode= >,3gna_A_A,2.4
409,10.847,LEU, ,CD2,90.31,1000.00,0.0,0.23,1.0,<Residue LEU het=  resseq=439 icode= >,3gna_A_A,2.4
410,0.0,ARG, ,N,90.58,1000.00,0.0,3.26,1.0,<Residue ARG het=  resseq=440 icode= >,3gna_A_A,2.4
411,0.0,ARG, ,CA,90.66,1000.00,0.0,3.70,1.0,<Residue ARG het=  resseq=440 icode= >,3gna_A_A,2.4
412,1.324,ARG, ,C,90.38,1000.00,0.0,4.03,1.0,<Residue ARG het=  resseq=440 icode= >,3gna_A_A,2.4
413,9.116,ARG, ,O,89.72,1000.00,0.0,1.72,1.0,<Residue ARG het=  resseq=440 icode= >,3gna_A_A,2.4
414,9.247,ARG, ,CB,90.95,1000.00,0.0,2.09,1.0,<Residue ARG het=  resseq=440 icode= >,3gna_A_A,2.4
415,0.0,ARG, ,CG,91.53,1000.00,0.0,1.65,1.0,<Residue ARG het=  resseq=440 icode= >,3gna_A_A,2.4
416,20.611,ARG, ,CD,92.23,1000.00,0.0,1.92,1.0,<Residue ARG het=  resseq=440 icode= >,3gna_A_A,2.4
417,8.361,ARG, ,NE,92.44,1000.00,0.0,2.56,1.0,<Residue ARG het=  resseq=440 icode= >,3gna_A_A,2.4
418,4.471,ARG, ,CZ,92.6,1000.00,0.0,2.92,1.0,<Residue ARG het=  resseq=440 icode= >,3gna_A_A,2.4
419,9.853,ARG, ,NH1,92.44,1000.00,0.0,1.66,1.0,<Residue ARG het=  resseq=440 icode= >,3gna_A_A,2.4
420,10.354,ARG, ,NH2,93.12,1000.00,0.0,1.21,1.0,<Residue ARG het=  resseq=440 icode= >,3gna_A_A,2.4
421,0.786,ALA, ,N,90.34,1000.00,0.0,3.18,1.0,<Residue ALA het=  resseq=441 icode= >,3gna_A_A,2.4
422,12.69,ALA, ,CA,90.74,1000.00,0.0,2.54,1.0,<Residue ALA het=  resseq=441 icode= >,3gna_A_A,2.4
423,0.489,ALA, ,C,91.4,1000.00,0.0,2.80,1.0,<Residue ALA het=  resseq=441 icode= >,3gna_A_A,2.4
424,28.108,ALA, ,O,91.54,1000.00,0.0,1.03,1.0,<Residue ALA het=  resseq=441 icode= >,3gna_A_A,2.4
425,43.939,ALA, ,CB,89.84,1000.00,0.0,0.47,1.0,<Residue ALA het=  resseq=441 icode= >,3gna_A_A,2.4
426,0.0,ARG, ,N,92.21,1000.00,0.0,2.77,1.0,<Residue ARG het=  resseq=442 icode= >,3gna_A_A,2.4
427,7.393,ARG, ,CA,92.75,1000.00,0.0,2.74,1.0,<Residue ARG het=  resseq=442 icode= >,3gna_A_A,2.4
428,1.902,ARG, ,C,92.65,1000.00,0.0,3.19,1.0,<Residue ARG het=  resseq=442 icode= >,3gna_A_A,2.4
429,15.982,ARG, ,O,93.13,1000.00,0.0,1.69,1.0,<Residue ARG het=  resseq=442 icode= >,3gna_A_A,2.4
430,0.405,ARG, ,CB,93.51,1000.00,0.0,1.68,1.0,<Residue ARG het=  resseq=442 icode= >,3gna_A_A,2.4
431,21.186,ARG, ,CG,94.99,1000.00,0.0,1.50,1.0,<Residue ARG het=  resseq=442 icode= >,3gna_A_A,2.4
432,12.932,ARG, ,CD,96.44,1000.00,0.0,1.38,1.0,<Residue ARG het=  resseq=442 icode= >,3gna_A_A,2.4
433,18.407,ARG, ,NE,98.37,1000.00,0.0,1.26,1.0,<Residue ARG het=  resseq=442 icode= >,3gna_A_A,2.4
434,7.131,ARG, ,CZ,98.18,1000.00,0.0,1.86,1.0,<Residue ARG het=  resseq=442 icode= >,3gna_A_A,2.4
435,25.467,ARG, ,NH1,98.69,1000.00,0.0,1.27,1.0,<Residue ARG het=  resseq=442 icode= >,3gna_A_A,2.4
436,59.395,ARG, ,NH2,99.01,1000.00,0.0,1.11,1.0,<Residue ARG het=  resseq=442 icode= >,3gna_A_A,2.4
437,0.0,ASN, ,N,92.48,1000.00,0.0,2.53,1.0,<Residue ASN het=  resseq=443 icode= >,3gna_A_A,2.4
438,0.0,ASN, ,CA,92.45,1000.00,0.0,2.98,1.0,<Residue ASN het=  resseq=443 icode= >,3gna_A_A,2.4
439,0.133,ASN, ,C,92.48,1000.00,0.0,3.75,1.0,<Residue ASN het=  resseq=443 icode= >,3gna_A_A,2.4
440,22.032,ASN, ,O,92.04,1000.00,0.0,1.59,1.0,<Residue ASN het=  resseq=443 icode= >,3gna_A_A,2.4
441,20.764,ASN, ,CB,92.3,1000.00,0.0,1.93,1.0,<Residue ASN het=  resseq=443 icode= >,3gna_A_A,2.4
442,6.717,ASN, ,CG,92.02,1000.00,0.0,2.20,1.0,<Residue ASN het=  resseq=443 icode= >,3gna_A_A,2.4
443,35.758,ASN, ,OD1,91.98,1000.00,0.0,0.79,1.0,<Residue ASN het=  resseq=443 icode= >,3gna_A_A,2.4
444,30.499,ASN, ,ND2,90.98,1000.00,0.0,1.14,1.0,<Residue ASN het=  resseq=443 icode= >,3gna_A_A,2.4
445,0.0,GLU, ,N,92.91,1000.00,0.0,3.29,1.0,<Residue GLU het=  resseq=444 icode= >,3gna_A_A,2.4
446,6.11,GLU, ,CA,93.45,1000.00,0.0,3.03,1.0,<Residue GLU het=  resseq=444 icode= >,3gna_A_A,2.4
447,0.0,GLU, ,C,92.95,1000.00,0.0,3.25,1.0,<Residue GLU het=  resseq=444 icode= >,3gna_A_A,2.4
448,0.0,GLU, ,O,92.14,1000.00,0.0,1.62,1.0,<Residue GLU het=  resseq=444 icode= >,3gna_A_A,2.4
449,0.065,GLU, ,CB,94.4,1000.00,0.0,2.00,1.0,<Residue GLU het=  resseq=444 icode= >,3gna_A_A,2.4
450,16.152,GLU, ,CG,96.18,1000.00,0.0,1.71,1.0,<Residue GLU het=  resseq=444 icode= >,3gna_A_A,2.4
451,0.47,GLU, ,CD,98.31,1000.00,0.0,1.58,1.0,<Residue GLU het=  resseq=444 icode= >,3gna_A_A,2.4
452,1.202,GLU, ,OE1,101.6,1000.00,0.0,0.27,1.0,<Residue GLU het=  resseq=444 icode= >,3gna_A_A,2.4
453,21.937,GLU, ,OE2,101.24,1000.00,0.0,0.64,1.0,<Residue GLU het=  resseq=444 icode= >,3gna_A_A,2.4
454,1.167,HIS, ,N,92.76,1000.00,0.0,2.72,1.0,<Residue HIS het=  resseq=445 icode= >,3gna_A_A,2.4
455,0.0,HIS, ,CA,93.47,1000.00,0.0,1.76,1.0,<Residue HIS het=  resseq=445 icode= >,3gna_A_A,2.4
456,0.061,HIS, ,C,93.48,1000.00,0.0,2.33,1.0,<Residue HIS het=  resseq=445 icode= >,3gna_A_A,2.4
457,0.0,HIS, ,O,93.83,1000.00,0.0,1.57,1.0,<Residue HIS het=  resseq=445 icode= >,3gna_A_A,2.4
458,22.118,HIS, ,CB,93.66,1000.00,0.0,1.28,1.0,<Residue HIS het=  resseq=445 icode= >,3gna_A_A,2.4
459,2.556,HIS, ,CG,94.17,1000.00,0.0,2.44,1.0,<Residue HIS het=  resseq=445 icode= >,3gna_A_A,2.4
460,5.145,HIS, ,ND1,94.73,1000.00,0.0,2.37,1.0,<Residue HIS het=  resseq=445 icode= >,3gna_A_A,2.4
461,18.692,HIS, ,CD2,94.71,1000.00,0.0,1.75,1.0,<Residue HIS het=  resseq=445 icode= >,3gna_A_A,2.4
462,9.715,HIS, ,CE1,94.57,1000.00,0.0,2.52,1.0,<Residue HIS het=  resseq=445 icode= >,3gna_A_A,2.4
463,23.542,HIS, ,NE2,94.7,1000.00,0.0,1.91,1.0,<Residue HIS het=  resseq=445 icode= >,3gna_A_A,2.4
464,1.131,ARG, ,N,93.36,1000.00,0.0,2.01,1.0,<Residue ARG het=  resseq=446 icode= >,3gna_A_A,2.4
465,2.497,ARG, ,CA,93.4,1000.00,0.0,1.92,1.0,<Residue ARG het=  resseq=446 icode= >,3gna_A_A,2.4
466,0.139,ARG, ,C,93.35,1000.00,0.0,2.89,1.0,<Residue ARG het=  resseq=446 icode= >,3gna_A_A,2.4
467,0.728,ARG, ,O,93.0,1000.00,0.0,2.04,1.0,<Residue ARG het=  resseq=446 icode= >,3gna_A_A,2.4
468,17.469,ARG, ,CB,93.51,1000.00,0.0,0.80,1.0,<Residue ARG het=  resseq=446 icode= >,3gna_A_A,2.4
469,27.085,ARG, ,CG,93.83,1000.00,0.0,-0.02,1.0,<Residue ARG het=  resseq=446 icode= >,3gna_A_A,2.4
470,26.597,ARG, ,CD,93.86,1000.00,0.0,0.14,1.0,<Residue ARG het=  resseq=446 icode= >,3gna_A_A,2.4
471,16.472,ARG, ,NE,93.89,1000.00,0.0,0.56,1.0,<Residue ARG het=  resseq=446 icode= >,3gna_A_A,2.4
472,8.939,ARG, ,CZ,93.92,1000.00,0.0,0.69,1.0,<Residue ARG het=  resseq=446 icode= >,3gna_A_A,2.4
473,50.439,ARG, ,NH1,94.16,1000.00,0.0,0.40,1.0,<Residue ARG het=  resseq=446 icode= >,3gna_A_A,2.4
474,59.224,ARG, ,NH2,93.9,1000.00,0.0,0.13,1.0,<Residue ARG het=  resseq=446 icode= >,3gna_A_A,2.4
475,0.056,GLN, ,N,93.39,1000.00,0.0,2.29,1.0,<Residue GLN het=  resseq=447 icode= >,3gna_A_A,2.4
476,1.504,GLN, ,CA,93.9,1000.00,0.0,2.41,1.0,<Residue GLN het=  resseq=447 icode= >,3gna_A_A,2.4
477,0.0,GLN, ,C,93.92,1000.00,0.0,2.76,1.0,<Residue GLN het=  resseq=447 icode= >,3gna_A_A,2.4
478,3.63,GLN, ,O,94.37,1000.00,0.0,1.63,1.0,<Residue GLN het=  resseq=447 icode= >,3gna_A_A,2.4
479,5.948,GLN, ,CB,93.82,1000.00,0.0,1.61,1.0,<Residue GLN het=  resseq=447 icode= >,3gna_A_A,2.4
480,25.351,GLN, ,CG,94.23,1000.00,0.0,1.88,1.0,<Residue GLN het=  resseq=447 icode= >,3gna_A_A,2.4
481,5.433,GLN, ,CD,94.87,1000.00,0.0,2.09,1.0,<Residue GLN het=  resseq=447 icode= >,3gna_A_A,2.4
482,25.932,GLN, ,OE1,96.03,1000.00,0.0,0.87,1.0,<Residue GLN het=  resseq=447 icode= >,3gna_A_A,2.4
483,31.412,GLN, ,NE2,94.55,1000.00,0.0,0.80,1.0,<Residue GLN het=  resseq=447 icode= >,3gna_A_A,2.4
484,0.0,ALA, ,N,93.75,1000.00,0.0,2.52,1.0,<Residue ALA het=  resseq=448 icode= >,3gna_A_A,2.4
485,0.0,ALA, ,CA,93.35,1000.00,0.0,2.76,1.0,<Residue ALA het=  resseq=448 icode= >,3gna_A_A,2.4
486,0.0,ALA, ,C,93.48,1000.00,0.0,3.10,1.0,<Residue ALA het=  resseq=448 icode= >,3gna_A_A,2.4
487,0.0,ALA, ,O,93.48,1000.00,0.0,1.83,1.0,<Residue ALA het=  resseq=448 icode= >,3gna_A_A,2.4
488,0.0,ALA, ,CB,93.41,1000.00,0.0,0.79,1.0,<Residue ALA het=  resseq=448 icode= >,3gna_A_A,2.4
489,0.0,ASP, ,N,93.73,1000.00,0.0,2.42,1.0,<Residue ASP het=  resseq=449 icode= >,3gna_A_A,2.4
490,1.821,ASP, ,CA,93.62,1000.00,0.0,2.24,1.0,<Residue ASP het=  resseq=449 icode= >,3gna_A_A,2.4
491,0.971,ASP, ,C,93.71,1000.00,0.0,3.33,1.0,<Residue ASP het=  resseq=449 icode= >,3gna_A_A,2.4
492,5.126,ASP, ,O,93.79,1000.00,0.0,2.12,1.0,<Residue ASP het=  resseq=449 icode= >,3gna_A_A,2.4
493,20.241,ASP, ,CB,93.64,1000.00,0.0,0.89,1.0,<Residue ASP het=  resseq=449 icode= >,3gna_A_A,2.4
494,7.164,ASP, ,CG,93.63,1000.00,0.0,1.32,1.0,<Residue ASP het=  resseq=449 icode= >,3gna_A_A,2.4
495,1.519,ASP, ,OD1,93.48,1000.00,0.0,1.10,1.0,<Residue ASP het=  resseq=449 icode= >,3gna_A_A,2.4
496,38.439,ASP, ,OD2,92.91,1000.00,0.0,0.50,1.0,<Residue ASP het=  resseq=449 icode= >,3gna_A_A,2.4
497,0.0,GLU, ,N,93.82,1000.00,0.0,2.59,1.0,<Residue GLU het=  resseq=450 icode= >,3gna_A_A,2.4
498,1.604,GLU, ,CA,94.07,1000.00,0.0,2.75,1.0,<Residue GLU het=  resseq=450 icode= >,3gna_A_A,2.4
499,0.038,GLU, ,C,93.9,1000.00,0.0,2.76,1.0,<Residue GLU het=  resseq=450 icode= >,3gna_A_A,2.4
500,1.316,GLU, ,O,94.39,1000.00,0.0,1.65,1.0,<Residue GLU het=  resseq=450 icode= >,3gna_A_A,2.4
501,12.165,GLU, ,CB,94.3,1000.00,0.0,0.69,1.0,<Residue GLU het=  resseq=450 icode= >,3gna_A_A,2.4
502,22.268,GLU, ,CG,94.82,1000.00,0.0,-0.07,1.0,<Residue GLU het=  resseq=450 icode= >,3gna_A_A,2.4
503,11.073,GLU, ,CD,94.92,1000.00,0.0,0.57,1.0,<Residue GLU het=  resseq=450 icode= >,3gna_A_A,2.4
504,31.328,GLU, ,OE1,94.58,1000.00,0.0,0.01,1.0,<Residue GLU het=  resseq=450 icode= >,3gna_A_A,2.4
505,39.734,GLU, ,OE2,95.98,1000.00,0.0,0.40,1.0,<Residue GLU het=  resseq=450 icode= >,3gna_A_A,2.4
506,1.045,LEU, ,N,93.06,1000.00,0.0,2.51,1.0,<Residue LEU het=  resseq=451 icode= >,3gna_A_A,2.4
507,0.894,LEU, ,CA,92.5,1000.00,0.0,2.25,1.0,<Residue LEU het=  resseq=451 icode= >,3gna_A_A,2.4
508,0.0,LEU, ,C,92.93,1000.00,0.0,3.00,1.0,<Residue LEU het=  resseq=451 icode= >,3gna_A_A,2.4
509,0.0,LEU, ,O,92.69,1000.00,0.0,1.50,1.0,<Residue LEU het=  resseq=451 icode= >,3gna_A_A,2.4
510,6.866,LEU, ,CB,92.35,1000.00,0.0,1.39,1.0,<Residue LEU het=  resseq=451 icode= >,3gna_A_A,2.4
511,0.0,LEU, ,CG,92.03,1000.00,0.0,1.73,1.0,<Residue LEU het=  resseq=451 icode= >,3gna_A_A,2.4
512,22.423,LEU, ,CD1,91.55,1000.00,0.0,0.38,1.0,<Residue LEU het=  resseq=451 icode= >,3gna_A_A,2.4
513,1.4,LEU, ,CD2,91.28,1000.00,0.0,0.35,1.0,<Residue LEU het=  resseq=451 icode= >,3gna_A_A,2.4
514,0.0,GLU, ,N,93.36,1000.00,0.0,2.75,1.0,<Residue GLU het=  resseq=452 icode= >,3gna_A_A,2.4
515,0.45,GLU, ,CA,94.12,1000.00,0.0,2.23,1.0,<Residue GLU het=  resseq=452 icode= >,3gna_A_A,2.4
516,1.352,GLU, ,C,94.36,1000.00,0.0,2.38,1.0,<Residue GLU het=  resseq=452 icode= >,3gna_A_A,2.4
517,7.982,GLU, ,O,94.68,1000.00,0.0,0.89,1.0,<Residue GLU het=  resseq=452 icode= >,3gna_A_A,2.4
518,3.833,GLU, ,CB,94.67,1000.00,0.0,1.59,1.0,<Residue GLU het=  resseq=452 icode= >,3gna_A_A,2.4
519,23.946,GLU, ,CG,95.93,1000.00,0.0,0.50,1.0,<Residue GLU het=  resseq=452 icode= >,3gna_A_A,2.4
520,7.333,GLU, ,CD,96.65,1000.00,0.0,1.28,1.0,<Residue GLU het=  resseq=452 icode= >,3gna_A_A,2.4
521,3.577,GLU, ,OE1,98.04,1000.00,0.0,0.43,1.0,<Residue GLU het=  resseq=452 icode= >,3gna_A_A,2.4
522,40.471,GLU, ,OE2,98.54,1000.00,0.0,0.37,1.0,<Residue GLU het=  resseq=452 icode= >,3gna_A_A,2.4
523,0.091,ALA, ,N,94.55,1000.00,0.0,2.52,1.0,<Residue ALA het=  resseq=453 icode= >,3gna_A_A,2.4
524,10.357,ALA, ,CA,94.46,1000.00,0.0,2.38,1.0,<Residue ALA het=  resseq=453 icode= >,3gna_A_A,2.4
525,1.448,ALA, ,C,94.62,1000.00,0.0,2.25,1.0,<Residue ALA het=  resseq=453 icode= >,3gna_A_A,2.4
526,9.484,ALA, ,O,94.86,1000.00,0.0,1.35,1.0,<Residue ALA het=  resseq=453 icode= >,3gna_A_A,2.4
527,47.521,ALA, ,CB,94.41,1000.00,0.0,0.92,1.0,<Residue ALA het=  resseq=453 icode= >,3gna_A_A,2.4
528,0.1,ILE, ,N,94.11,1000.00,0.0,2.21,1.0,<Residue ILE het=  resseq=454 icode= >,3gna_A_A,2.4
529,7.631,ILE, ,CA,94.33,1000.00,0.0,2.31,1.0,<Residue ILE het=  resseq=454 icode= >,3gna_A_A,2.4
530,0.0,ILE, ,C,94.51,1000.00,0.0,2.74,1.0,<Residue ILE het=  resseq=454 icode= >,3gna_A_A,2.4
531,14.939,ILE, ,O,94.71,1000.00,0.0,1.47,1.0,<Residue ILE het=  resseq=454 icode= >,3gna_A_A,2.4
532,0.0,ILE, ,CB,94.46,1000.00,0.0,1.30,1.0,<Residue ILE het=  resseq=454 icode= >,3gna_A_A,2.4
533,21.047,ILE, ,CG1,94.28,1000.00,0.0,0.52,1.0,<Residue ILE het=  resseq=454 icode= >,3gna_A_A,2.4
534,33.827,ILE, ,CG2,94.89,1000.00,0.0,-0.28,1.0,<Residue ILE het=  resseq=454 icode= >,3gna_A_A,2.4
535,50.867,ILE, ,CD1,93.99,1000.00,0.0,-0.64,1.0,<Residue ILE het=  resseq=454 icode= >,3gna_A_A,2.4
536,0.0,MET, ,N,94.82,1000.00,0.0,2.28,1.0,<Residue MET het=  resseq=455 icode= >,3gna_A_A,2.4
537,2.808,MET, ,CA,95.13,1000.00,0.0,2.04,1.0,<Residue MET het=  resseq=455 icode= >,3gna_A_A,2.4
538,1.508,MET, ,C,95.53,1000.00,0.0,1.98,1.0,<Residue MET het=  resseq=455 icode= >,3gna_A_A,2.4
539,7.781,MET, ,O,96.34,1000.00,0.0,0.60,1.0,<Residue MET het=  resseq=455 icode= >,3gna_A_A,2.4
540,7.896,MET, ,CB,95.16,1000.00,0.0,0.64,1.0,<Residue MET het=  resseq=455 icode= >,3gna_A_A,2.4
541,0.0,MET, ,CG,95.6,1000.00,0.0,1.22,1.0,<Residue MET het=  resseq=455 icode= >,3gna_A_A,2.4
542,24.715,MET, ,SD,96.77,1000.00,0.0,2.59,1.0,<Residue MET het=  resseq=455 icode= >,3gna_A_A,2.4
543,14.666,MET, ,CE,97.22,1000.00,0.0,0.67,1.0,<Residue MET het=  resseq=455 icode= >,3gna_A_A,2.4
544,7.492,GLN, ,N,95.84,1000.00,0.0,1.87,1.0,<Residue GLN het=  resseq=456 icode= >,3gna_A_A,2.4
545,10.05,GLN, ,CA,96.11,1000.00,0.0,2.10,1.0,<Residue GLN het=  resseq=456 icode= >,3gna_A_A,2.4
546,25.101,GLN, ,C,96.35,1000.00,0.0,1.92,1.0,<Residue GLN het=  resseq=456 icode= >,3gna_A_A,2.4
547,41.285,GLN, ,O,96.34,1000.00,0.0,1.49,1.0,<Residue GLN het=  resseq=456 icode= >,3gna_A_A,2.4
548,28.578,GLN, ,CB,96.33,1000.00,0.0,1.50,1.0,<Residue GLN het=  resseq=456 icode= >,3gna_A_A,2.4
549,9.55,GLN, ,CG,97.07,1000.00,0.0,1.12,1.0,<Residue GLN het=  resseq=456 icode= >,3gna_A_A,2.4
550,5.172,GLN, ,CD,97.7,1000.00,0.0,1.06,1.0,<Residue GLN het=  resseq=456 icode= >,3gna_A_A,2.4
551,22.124,GLN, ,OE1,98.42,1000.00,0.0,0.61,1.0,<Residue GLN het=  resseq=456 icode= >,3gna_A_A,2.4
552,52.068,GLN, ,NE2,98.16,1000.00,0.0,0.89,1.0,<Residue GLN het=  resseq=456 icode= >,3gna_A_A,2.4
