,ASA,aa,altloc,atom,bfac,dens,occ,residue,id,resolu
0,44.982,ARG, ,N,59.07,0.81,1.0,<Residue ARG het=  resseq=2 icode= >,3gva_A_A,2.0
1,7.305,ARG, ,CA,56.65,1.56,1.0,<Residue ARG het=  resseq=2 icode= >,3gva_A_A,2.0
2,0.0,ARG, ,C,54.23,3.01,1.0,<Residue ARG het=  resseq=2 icode= >,3gva_A_A,2.0
3,0.0,ARG, ,O,53.37,2.79,1.0,<Residue ARG het=  resseq=2 icode= >,3gva_A_A,2.0
4,28.714,ARG, ,CB,50.55,1.81,1.0,<Residue ARG het=  resseq=2 icode= >,3gva_A_A,2.0
5,11.367,ARG, ,CG,52.37,1.44,1.0,<Residue ARG het=  resseq=2 icode= >,3gva_A_A,2.0
6,27.682,ARG, ,CD,52.33,1.83,1.0,<Residue ARG het=  resseq=2 icode= >,3gva_A_A,2.0
7,2.945,ARG, ,NE,52.34,1.20,1.0,<Residue ARG het=  resseq=2 icode= >,3gva_A_A,2.0
8,4.399,ARG, ,CZ,52.91,2.18,1.0,<Residue ARG het=  resseq=2 icode= >,3gva_A_A,2.0
9,10.798,ARG, ,NH1,48.32,2.25,1.0,<Residue ARG het=  resseq=2 icode= >,3gva_A_A,2.0
10,18.953,ARG, ,NH2,52.85,1.03,1.0,<Residue ARG het=  resseq=2 icode= >,3gva_A_A,2.0
11,0.532,MET, ,N,43.1,2.74,1.0,<Residue MET het=  resseq=3 icode= >,3gva_A_A,2.0
12,0.0,MET, ,CA,41.66,2.14,1.0,<Residue MET het=  resseq=3 icode= >,3gva_A_A,2.0
13,0.111,MET, ,C,41.3,2.25,1.0,<Residue MET het=  resseq=3 icode= >,3gva_A_A,2.0
14,0.0,MET, ,O,38.09,3.14,1.0,<Residue MET het=  resseq=3 icode= >,3gva_A_A,2.0
15,18.707,MET, ,CB,42.94,2.05,1.0,<Residue MET het=  resseq=3 icode= >,3gva_A_A,2.0
16,31.945,MET, ,CG,45.57,1.58,1.0,<Residue MET het=  resseq=3 icode= >,3gva_A_A,2.0
17,5.879,MET, ,SD,49.4,2.95,1.0,<Residue MET het=  resseq=3 icode= >,3gva_A_A,2.0
18,11.746,MET, ,CE,45.07,1.62,1.0,<Residue MET het=  resseq=3 icode= >,3gva_A_A,2.0
19,4.087,ASP, ,N,40.46,1.51,1.0,<Residue ASP het=  resseq=4 icode= >,3gva_A_A,2.0
20,9.899,ASP, ,CA,38.4,1.43,1.0,<Residue ASP het=  resseq=4 icode= >,3gva_A_A,2.0
21,1.421,ASP, ,C,34.73,2.80,1.0,<Residue ASP het=  resseq=4 icode= >,3gva_A_A,2.0
22,4.39,ASP, ,O,31.86,2.96,1.0,<Residue ASP het=  resseq=4 icode= >,3gva_A_A,2.0
23,37.991,ASP, ,CB,50.98,1.74,1.0,<Residue ASP het=  resseq=4 icode= >,3gva_A_A,2.0
24,8.036,ASP, ,CG,54.25,2.21,1.0,<Residue ASP het=  resseq=4 icode= >,3gva_A_A,2.0
25,41.807,ASP, ,OD1,57.07,0.94,1.0,<Residue ASP het=  resseq=4 icode= >,3gva_A_A,2.0
26,4.928,ASP, ,OD2,53.73,1.81,1.0,<Residue ASP het=  resseq=4 icode= >,3gva_A_A,2.0
27,0.0,GLU, ,N,30.02,3.23,1.0,<Residue GLU het=  resseq=5 icode= >,3gva_A_A,2.0
28,3.048,GLU, ,CA,28.6,2.35,1.0,<Residue GLU het=  resseq=5 icode= >,3gva_A_A,2.0
29,0.0,GLU, ,C,25.61,3.23,1.0,<Residue GLU het=  resseq=5 icode= >,3gva_A_A,2.0
30,0.125,GLU, ,O,22.23,3.70,1.0,<Residue GLU het=  resseq=5 icode= >,3gva_A_A,2.0
31,5.061,GLU, ,CB,36.54,2.53,1.0,<Residue GLU het=  resseq=5 icode= >,3gva_A_A,2.0
32,16.848,GLU, ,CG,44.37,1.16,1.0,<Residue GLU het=  resseq=5 icode= >,3gva_A_A,2.0
33,12.346,GLU, ,CD,48.93,1.77,1.0,<Residue GLU het=  resseq=5 icode= >,3gva_A_A,2.0
34,37.546,GLU, ,OE1,51.17,1.22,1.0,<Residue GLU het=  resseq=5 icode= >,3gva_A_A,2.0
35,41.021,GLU, ,OE2,51.48,1.20,1.0,<Residue GLU het=  resseq=5 icode= >,3gva_A_A,2.0
36,0.0,PHE, ,N,23.95,2.81,1.0,<Residue PHE het=  resseq=6 icode= >,3gva_A_A,2.0
37,0.0,PHE, ,CA,21.08,3.11,1.0,<Residue PHE het=  resseq=6 icode= >,3gva_A_A,2.0
38,0.0,PHE, ,C,20.51,4.15,1.0,<Residue PHE het=  resseq=6 icode= >,3gva_A_A,2.0
39,0.0,PHE, ,O,20.22,4.16,1.0,<Residue PHE het=  resseq=6 icode= >,3gva_A_A,2.0
40,0.0,PHE, ,CB,20.09,2.81,1.0,<Residue PHE het=  resseq=6 icode= >,3gva_A_A,2.0
41,0.0,PHE, ,CG,20.56,3.18,1.0,<Residue PHE het=  resseq=6 icode= >,3gva_A_A,2.0
42,0.153,PHE, ,CD1,20.62,2.72,1.0,<Residue PHE het=  resseq=6 icode= >,3gva_A_A,2.0
43,0.0,PHE, ,CD2,21.06,2.58,1.0,<Residue PHE het=  resseq=6 icode= >,3gva_A_A,2.0
44,0.0,PHE, ,CE1,22.18,2.65,1.0,<Residue PHE het=  resseq=6 icode= >,3gva_A_A,2.0
45,0.0,PHE, ,CE2,20.48,2.85,1.0,<Residue PHE het=  resseq=6 icode= >,3gva_A_A,2.0
46,0.0,PHE, ,CZ,22.68,2.45,1.0,<Residue PHE het=  resseq=6 icode= >,3gva_A_A,2.0
47,0.0,TYR, ,N,18.9,3.84,1.0,<Residue TYR het=  resseq=7 icode= >,3gva_A_A,2.0
48,0.0,TYR, ,CA,22.21,2.71,1.0,<Residue TYR het=  resseq=7 icode= >,3gva_A_A,2.0
49,0.0,TYR, ,C,19.43,3.90,1.0,<Residue TYR het=  resseq=7 icode= >,3gva_A_A,2.0
50,0.0,TYR, ,O,16.09,4.53,1.0,<Residue TYR het=  resseq=7 icode= >,3gva_A_A,2.0
51,4.351,TYR, ,CB,26.71,2.83,1.0,<Residue TYR het=  resseq=7 icode= >,3gva_A_A,2.0
52,0.0,TYR, ,CG,31.73,3.18,1.0,<Residue TYR het=  resseq=7 icode= >,3gva_A_A,2.0
53,0.0,TYR, ,CD1,34.29,2.35,1.0,<Residue TYR het=  resseq=7 icode= >,3gva_A_A,2.0
54,14.057,TYR, ,CD2,34.43,1.94,1.0,<Residue TYR het=  resseq=7 icode= >,3gva_A_A,2.0
55,0.0,TYR, ,CE1,36.46,1.71,1.0,<Residue TYR het=  resseq=7 icode= >,3gva_A_A,2.0
56,10.08,TYR, ,CE2,36.42,1.64,1.0,<Residue TYR het=  resseq=7 icode= >,3gva_A_A,2.0
57,0.804,TYR, ,CZ,39.1,2.56,1.0,<Residue TYR het=  resseq=7 icode= >,3gva_A_A,2.0
58,8.039,TYR, ,OH,38.74,2.07,1.0,<Residue TYR het=  resseq=7 icode= >,3gva_A_A,2.0
59,0.0,THR, ,N,19.63,3.43,1.0,<Residue THR het=  resseq=8 icode= >,3gva_A_A,2.0
60,1.122,THR, ,CA,18.6,3.44,1.0,<Residue THR het=  resseq=8 icode= >,3gva_A_A,2.0
61,0.0,THR, ,C,18.49,4.45,1.0,<Residue THR het=  resseq=8 icode= >,3gva_A_A,2.0
62,0.962,THR, ,O,20.51,3.36,1.0,<Residue THR het=  resseq=8 icode= >,3gva_A_A,2.0
63,15.333,THR, ,CB,20.77,3.53,1.0,<Residue THR het=  resseq=8 icode= >,3gva_A_A,2.0
64,9.212,THR, ,OG1,28.72,2.15,1.0,<Residue THR het=  resseq=8 icode= >,3gva_A_A,2.0
65,45.917,THR, ,CG2,18.15,2.71,1.0,<Residue THR het=  resseq=8 icode= >,3gva_A_A,2.0
66,0.0,LYS, ,N,17.62,4.30,1.0,<Residue LYS het=  resseq=9 icode= >,3gva_A_A,2.0
67,1.757,LYS, ,CA,18.84,3.08,1.0,<Residue LYS het=  resseq=9 icode= >,3gva_A_A,2.0
68,0.0,LYS, ,C,19.34,4.02,1.0,<Residue LYS het=  resseq=9 icode= >,3gva_A_A,2.0
69,0.98,LYS, ,O,14.21,5.51,1.0,<Residue LYS het=  resseq=9 icode= >,3gva_A_A,2.0
70,3.098,LYS, ,CB,34.59,2.38,1.0,<Residue LYS het=  resseq=9 icode= >,3gva_A_A,2.0
71,13.517,LYS, ,CG,44.23,1.11,1.0,<Residue LYS het=  resseq=9 icode= >,3gva_A_A,2.0
72,4.87,LYS, ,CD,50.93,0.79,1.0,<Residue LYS het=  resseq=9 icode= >,3gva_A_A,2.0
73,40.228,LYS, ,CE,56.0,0.81,1.0,<Residue LYS het=  resseq=9 icode= >,3gva_A_A,2.0
74,17.365,LYS, ,NZ,60.32,0.64,1.0,<Residue LYS het=  resseq=9 icode= >,3gva_A_A,2.0
75,0.0,VAL, ,N,20.81,3.16,1.0,<Residue VAL het=  resseq=10 icode= >,3gva_A_A,2.0
76,0.0,VAL, ,CA,18.88,3.27,1.0,<Residue VAL het=  resseq=10 icode= >,3gva_A_A,2.0
77,0.0,VAL, ,C,19.07,3.86,1.0,<Residue VAL het=  resseq=10 icode= >,3gva_A_A,2.0
78,0.0,VAL, ,O,15.89,5.32,1.0,<Residue VAL het=  resseq=10 icode= >,3gva_A_A,2.0
79,0.0,VAL, ,CB,18.02,3.65,1.0,<Residue VAL het=  resseq=10 icode= >,3gva_A_A,2.0
80,0.0,VAL, ,CG1,17.41,2.66,1.0,<Residue VAL het=  resseq=10 icode= >,3gva_A_A,2.0
81,0.0,VAL, ,CG2,21.35,1.86,1.0,<Residue VAL het=  resseq=10 icode= >,3gva_A_A,2.0
82,0.0,TYR, ,N,16.46,3.86,1.0,<Residue TYR het=  resseq=11 icode= >,3gva_A_A,2.0
83,0.0,TYR, ,CA,19.43,2.98,1.0,<Residue TYR het=  resseq=11 icode= >,3gva_A_A,2.0
84,0.116,TYR, ,C,16.85,4.89,1.0,<Residue TYR het=  resseq=11 icode= >,3gva_A_A,2.0
85,0.0,TYR, ,O,18.34,3.87,1.0,<Residue TYR het=  resseq=11 icode= >,3gva_A_A,2.0
86,8.666,TYR, ,CB,17.48,3.26,1.0,<Residue TYR het=  resseq=11 icode= >,3gva_A_A,2.0
87,0.0,TYR, ,CG,19.64,3.09,1.0,<Residue TYR het=  resseq=11 icode= >,3gva_A_A,2.0
88,0.0,TYR, ,CD1,20.93,2.59,1.0,<Residue TYR het=  resseq=11 icode= >,3gva_A_A,2.0
89,11.452,TYR, ,CD2,19.74,2.88,1.0,<Residue TYR het=  resseq=11 icode= >,3gva_A_A,2.0
90,0.0,TYR, ,CE1,17.34,3.43,1.0,<Residue TYR het=  resseq=11 icode= >,3gva_A_A,2.0
91,15.282,TYR, ,CE2,19.49,3.39,1.0,<Residue TYR het=  resseq=11 icode= >,3gva_A_A,2.0
92,0.0,TYR, ,CZ,20.41,4.28,1.0,<Residue TYR het=  resseq=11 icode= >,3gva_A_A,2.0
93,3.547,TYR, ,OH,23.02,3.15,1.0,<Residue TYR het=  resseq=11 icode= >,3gva_A_A,2.0
94,0.068,ASP, ,N,19.87,4.65,1.0,<Residue ASP het=  resseq=12 icode= >,3gva_A_A,2.0
95,1.344,ASP, ,CA,22.67,3.53,1.0,<Residue ASP het=  resseq=12 icode= >,3gva_A_A,2.0
96,0.0,ASP, ,C,22.02,3.91,1.0,<Residue ASP het=  resseq=12 icode= >,3gva_A_A,2.0
97,1.962,ASP, ,O,25.79,3.48,1.0,<Residue ASP het=  resseq=12 icode= >,3gva_A_A,2.0
98,19.013,ASP, ,CB,32.4,2.56,1.0,<Residue ASP het=  resseq=12 icode= >,3gva_A_A,2.0
99,8.663,ASP, ,CG,40.7,2.90,1.0,<Residue ASP het=  resseq=12 icode= >,3gva_A_A,2.0
100,35.946,ASP, ,OD1,45.82,1.55,1.0,<Residue ASP het=  resseq=12 icode= >,3gva_A_A,2.0
101,24.207,ASP, ,OD2,47.29,1.17,1.0,<Residue ASP het=  resseq=12 icode= >,3gva_A_A,2.0
102,0.243,ALA, ,N,20.15,3.95,1.0,<Residue ALA het=  resseq=13 icode= >,3gva_A_A,2.0
103,1.034,ALA, ,CA,20.36,2.61,1.0,<Residue ALA het=  resseq=13 icode= >,3gva_A_A,2.0
104,0.0,ALA, ,C,17.18,4.95,1.0,<Residue ALA het=  resseq=13 icode= >,3gva_A_A,2.0
105,0.0,ALA, ,O,18.23,4.43,1.0,<Residue ALA het=  resseq=13 icode= >,3gva_A_A,2.0
106,0.939,ALA, ,CB,22.94,1.88,1.0,<Residue ALA het=  resseq=13 icode= >,3gva_A_A,2.0
107,0.0,VAL, ,N,17.01,4.59,1.0,<Residue VAL het=  resseq=14 icode= >,3gva_A_A,2.0
108,0.0,VAL, ,CA,16.33,3.03,1.0,<Residue VAL het=  resseq=14 icode= >,3gva_A_A,2.0
109,0.0,VAL, ,C,16.78,4.40,1.0,<Residue VAL het=  resseq=14 icode= >,3gva_A_A,2.0
110,0.0,VAL, ,O,15.28,4.46,1.0,<Residue VAL het=  resseq=14 icode= >,3gva_A_A,2.0
111,0.0,VAL, ,CB,18.66,3.31,1.0,<Residue VAL het=  resseq=14 icode= >,3gva_A_A,2.0
112,0.0,VAL, ,CG1,16.54,2.43,1.0,<Residue VAL het=  resseq=14 icode= >,3gva_A_A,2.0
113,0.246,VAL, ,CG2,17.04,2.57,1.0,<Residue VAL het=  resseq=14 icode= >,3gva_A_A,2.0
114,0.0,CYS, ,N,21.41,2.91,1.0,<Residue CYS het=  resseq=15 icode= >,3gva_A_A,2.0
115,0.415,CYS, ,CA,24.5,2.83,1.0,<Residue CYS het=  resseq=15 icode= >,3gva_A_A,2.0
116,0.277,CYS, ,C,24.91,3.63,1.0,<Residue CYS het=  resseq=15 icode= >,3gva_A_A,2.0
117,23.933,CYS, ,O,25.26,3.02,1.0,<Residue CYS het=  resseq=15 icode= >,3gva_A_A,2.0
118,20.296,CYS, ,CB,23.09,2.91,1.0,<Residue CYS het=  resseq=15 icode= >,3gva_A_A,2.0
119,15.076,CYS, ,SG,31.29,6.17,1.0,<Residue CYS het=  resseq=15 icode= >,3gva_A_A,2.0
120,0.0,GLU, ,N,25.29,3.86,1.0,<Residue GLU het=  resseq=16 icode= >,3gva_A_A,2.0
121,5.306,GLU, ,CA,26.28,3.13,1.0,<Residue GLU het=  resseq=16 icode= >,3gva_A_A,2.0
122,0.627,GLU, ,C,24.28,4.52,1.0,<Residue GLU het=  resseq=16 icode= >,3gva_A_A,2.0
123,10.909,GLU, ,O,22.55,4.31,1.0,<Residue GLU het=  resseq=16 icode= >,3gva_A_A,2.0
124,3.182,GLU, ,CB,33.42,2.20,1.0,<Residue GLU het=  resseq=16 icode= >,3gva_A_A,2.0
125,20.96,GLU, ,CG,37.67,1.41,1.0,<Residue GLU het=  resseq=16 icode= >,3gva_A_A,2.0
126,7.292,GLU, ,CD,43.92,2.31,1.0,<Residue GLU het=  resseq=16 icode= >,3gva_A_A,2.0
127,9.149,GLU, ,OE1,42.12,2.24,1.0,<Residue GLU het=  resseq=16 icode= >,3gva_A_A,2.0
128,36.58,GLU, ,OE2,48.81,0.98,1.0,<Residue GLU het=  resseq=16 icode= >,3gva_A_A,2.0
129,0.0,ILE, ,N,21.88,3.41,1.0,<Residue ILE het=  resseq=17 icode= >,3gva_A_A,2.0
130,0.0,ILE, ,CA,18.91,3.05,1.0,<Residue ILE het=  resseq=17 icode= >,3gva_A_A,2.0
131,0.0,ILE, ,C,19.86,4.14,1.0,<Residue ILE het=  resseq=17 icode= >,3gva_A_A,2.0
132,1.508,ILE, ,O,19.7,3.73,1.0,<Residue ILE het=  resseq=17 icode= >,3gva_A_A,2.0
133,0.0,ILE, ,CB,21.73,3.29,1.0,<Residue ILE het=  resseq=17 icode= >,3gva_A_A,2.0
134,0.0,ILE, ,CG1,21.37,2.65,1.0,<Residue ILE het=  resseq=17 icode= >,3gva_A_A,2.0
135,0.0,ILE, ,CG2,18.51,2.56,1.0,<Residue ILE het=  resseq=17 icode= >,3gva_A_A,2.0
136,0.0,ILE, ,CD1,17.57,2.85,1.0,<Residue ILE het=  resseq=17 icode= >,3gva_A_A,2.0
137,0.0,PRO, ,N,24.71,4.04,1.0,<Residue PRO het=  resseq=18 icode= >,3gva_A_A,2.0
138,7.178,PRO, ,CA,25.43,3.24,1.0,<Residue PRO het=  resseq=18 icode= >,3gva_A_A,2.0
139,0.0,PRO, ,C,27.18,3.98,1.0,<Residue PRO het=  resseq=18 icode= >,3gva_A_A,2.0
140,0.0,PRO, ,O,25.19,3.56,1.0,<Residue PRO het=  resseq=18 icode= >,3gva_A_A,2.0
141,33.004,PRO, ,CB,23.21,2.72,1.0,<Residue PRO het=  resseq=18 icode= >,3gva_A_A,2.0
142,13.087,PRO, ,CG,24.01,2.18,1.0,<Residue PRO het=  resseq=18 icode= >,3gva_A_A,2.0
143,1.373,PRO, ,CD,20.98,3.18,1.0,<Residue PRO het=  resseq=18 icode= >,3gva_A_A,2.0
144,4.802,TYR, ,N,23.09,2.98,1.0,<Residue TYR het=  resseq=19 icode= >,3gva_A_A,2.0
145,0.0,TYR, ,CA,24.56,3.05,1.0,<Residue TYR het=  resseq=19 icode= >,3gva_A_A,2.0
146,0.0,TYR, ,C,24.31,3.31,1.0,<Residue TYR het=  resseq=19 icode= >,3gva_A_A,2.0
147,14.031,TYR, ,O,23.63,3.59,1.0,<Residue TYR het=  resseq=19 icode= >,3gva_A_A,2.0
148,25.794,TYR, ,CB,28.78,2.26,1.0,<Residue TYR het=  resseq=19 icode= >,3gva_A_A,2.0
149,2.017,TYR, ,CG,30.41,3.11,1.0,<Residue TYR het=  resseq=19 icode= >,3gva_A_A,2.0
150,13.224,TYR, ,CD1,31.62,2.10,1.0,<Residue TYR het=  resseq=19 icode= >,3gva_A_A,2.0
151,16.51,TYR, ,CD2,30.05,2.19,1.0,<Residue TYR het=  resseq=19 icode= >,3gva_A_A,2.0
152,22.837,TYR, ,CE1,34.33,1.04,1.0,<Residue TYR het=  resseq=19 icode= >,3gva_A_A,2.0
153,21.03,TYR, ,CE2,32.04,1.85,1.0,<Residue TYR het=  resseq=19 icode= >,3gva_A_A,2.0
154,5.025,TYR, ,CZ,31.95,2.68,1.0,<Residue TYR het=  resseq=19 icode= >,3gva_A_A,2.0
155,25.152,TYR, ,OH,30.88,2.69,1.0,<Residue TYR het=  resseq=19 icode= >,3gva_A_A,2.0
156,0.0,GLY, ,N,23.59,3.15,1.0,<Residue GLY het=  resseq=20 icode= >,3gva_A_A,2.0
157,7.161,GLY, ,CA,19.22,3.56,1.0,<Residue GLY het=  resseq=20 icode= >,3gva_A_A,2.0
158,0.499,GLY, ,C,19.23,4.61,1.0,<Residue GLY het=  resseq=20 icode= >,3gva_A_A,2.0
159,4.354,GLY, ,O,18.34,3.83,1.0,<Residue GLY het=  resseq=20 icode= >,3gva_A_A,2.0
160,0.0,LYS, ,N,21.6,3.53,1.0,<Residue LYS het=  resseq=21 icode= >,3gva_A_A,2.0
161,0.0,LYS, ,CA,21.14,3.37,1.0,<Residue LYS het=  resseq=21 icode= >,3gva_A_A,2.0
162,0.0,LYS, ,C,20.01,4.39,1.0,<Residue LYS het=  resseq=21 icode= >,3gva_A_A,2.0
163,0.141,LYS, ,O,16.51,4.24,1.0,<Residue LYS het=  resseq=21 icode= >,3gva_A_A,2.0
164,0.0,LYS, ,CB,24.3,2.85,1.0,<Residue LYS het=  resseq=21 icode= >,3gva_A_A,2.0
165,1.729,LYS, ,CG,31.82,2.45,1.0,<Residue LYS het=  resseq=21 icode= >,3gva_A_A,2.0
166,0.242,LYS, ,CD,35.24,1.68,1.0,<Residue LYS het=  resseq=21 icode= >,3gva_A_A,2.0
167,42.775,LYS, ,CE,39.04,1.95,1.0,<Residue LYS het=  resseq=21 icode= >,3gva_A_A,2.0
168,31.032,LYS, ,NZ,41.2,1.08,1.0,<Residue LYS het=  resseq=21 icode= >,3gva_A_A,2.0
169,0.0,VAL, ,N,16.04,4.81,1.0,<Residue VAL het=  resseq=22 icode= >,3gva_A_A,2.0
170,0.0,VAL, ,CA,15.42,3.82,1.0,<Residue VAL het=  resseq=22 icode= >,3gva_A_A,2.0
171,0.0,VAL, ,C,19.14,4.47,1.0,<Residue VAL het=  resseq=22 icode= >,3gva_A_A,2.0
172,0.0,VAL, ,O,20.72,4.09,1.0,<Residue VAL het=  resseq=22 icode= >,3gva_A_A,2.0
173,0.0,VAL, ,CB,18.05,3.33,1.0,<Residue VAL het=  resseq=22 icode= >,3gva_A_A,2.0
174,0.0,VAL, ,CG1,18.98,2.40,1.0,<Residue VAL het=  resseq=22 icode= >,3gva_A_A,2.0
175,0.0,VAL, ,CG2,17.54,3.18,1.0,<Residue VAL het=  resseq=22 icode= >,3gva_A_A,2.0
176,0.0,SER, ,N,17.41,4.53,1.0,<Residue SER het=  resseq=23 icode= >,3gva_A_A,2.0
177,0.0,SER, ,CA,18.61,3.55,1.0,<Residue SER het=  resseq=23 icode= >,3gva_A_A,2.0
178,0.0,SER, ,C,18.52,4.95,1.0,<Residue SER het=  resseq=23 icode= >,3gva_A_A,2.0
179,0.0,SER, ,O,17.6,4.97,1.0,<Residue SER het=  resseq=23 icode= >,3gva_A_A,2.0
180,0.0,SER, ,CB,23.52,3.36,1.0,<Residue SER het=  resseq=23 icode= >,3gva_A_A,2.0
181,1.957,SER, ,OG,27.13,3.28,1.0,<Residue SER het=  resseq=23 icode= >,3gva_A_A,2.0
182,0.0,THR, ,N,19.83,3.98,1.0,<Residue THR het=  resseq=24 icode= >,3gva_A_A,2.0
183,0.0,THR, ,CA,18.18,3.28,1.0,<Residue THR het=  resseq=24 icode= >,3gva_A_A,2.0
184,0.0,THR, ,C,21.03,3.78,1.0,<Residue THR het=  resseq=24 icode= >,3gva_A_A,2.0
185,0.0,THR, ,O,21.55,4.45,1.0,<Residue THR het=  resseq=24 icode= >,3gva_A_A,2.0
186,1.057,THR, ,CB,18.19,3.81,1.0,<Residue THR het=  resseq=24 icode= >,3gva_A_A,2.0
187,3.666,THR, ,OG1,21.63,3.94,1.0,<Residue THR het=  resseq=24 icode= >,3gva_A_A,2.0
188,1.199,THR, ,CG2,17.49,2.67,1.0,<Residue THR het=  resseq=24 icode= >,3gva_A_A,2.0
189,1.41,TYR, ,N,16.19,4.20,1.0,<Residue TYR het=  resseq=25 icode= >,3gva_A_A,2.0
190,0.0,TYR, ,CA,18.95,3.19,1.0,<Residue TYR het=  resseq=25 icode= >,3gva_A_A,2.0
191,0.0,TYR, ,C,20.0,3.92,1.0,<Residue TYR het=  resseq=25 icode= >,3gva_A_A,2.0
192,0.0,TYR, ,O,18.35,3.65,1.0,<Residue TYR het=  resseq=25 icode= >,3gva_A_A,2.0
193,6.372,TYR, ,CB,21.34,2.74,1.0,<Residue TYR het=  resseq=25 icode= >,3gva_A_A,2.0
194,0.384,TYR, ,CG,22.59,3.35,1.0,<Residue TYR het=  resseq=25 icode= >,3gva_A_A,2.0
195,0.229,TYR, ,CD1,23.39,2.16,1.0,<Residue TYR het=  resseq=25 icode= >,3gva_A_A,2.0
196,20.628,TYR, ,CD2,22.13,2.48,1.0,<Residue TYR het=  resseq=25 icode= >,3gva_A_A,2.0
197,1.989,TYR, ,CE1,24.53,1.94,1.0,<Residue TYR het=  resseq=25 icode= >,3gva_A_A,2.0
198,24.258,TYR, ,CE2,25.62,2.59,1.0,<Residue TYR het=  resseq=25 icode= >,3gva_A_A,2.0
199,4.068,TYR, ,CZ,27.52,2.66,1.0,<Residue TYR het=  resseq=25 icode= >,3gva_A_A,2.0
200,24.476,TYR, ,OH,29.39,2.77,1.0,<Residue TYR het=  resseq=25 icode= >,3gva_A_A,2.0
201,3.647,GLY, ,N,20.45,4.02,1.0,<Residue GLY het=  resseq=26 icode= >,3gva_A_A,2.0
202,11.163,GLY, ,CA,22.77,2.82,1.0,<Residue GLY het=  resseq=26 icode= >,3gva_A_A,2.0
203,0.0,GLY, ,C,24.45,4.16,1.0,<Residue GLY het=  resseq=26 icode= >,3gva_A_A,2.0
204,0.0,GLY, ,O,23.84,3.68,1.0,<Residue GLY het=  resseq=26 icode= >,3gva_A_A,2.0
205,0.0,GLU, ,N,24.76,3.33,1.0,<Residue GLU het=  resseq=27 icode= >,3gva_A_A,2.0
206,0.159,GLU, ,CA,24.39,2.76,1.0,<Residue GLU het=  resseq=27 icode= >,3gva_A_A,2.0
207,0.599,GLU, ,C,22.64,4.41,1.0,<Residue GLU het=  resseq=27 icode= >,3gva_A_A,2.0
208,3.468,GLU, ,O,19.62,4.27,1.0,<Residue GLU het=  resseq=27 icode= >,3gva_A_A,2.0
209,4.6,GLU, ,CB,24.26,2.95,1.0,<Residue GLU het=  resseq=27 icode= >,3gva_A_A,2.0
210,1.662,GLU, ,CG,31.58,2.36,1.0,<Residue GLU het=  resseq=27 icode= >,3gva_A_A,2.0
211,2.996,GLU, ,CD,37.29,2.58,1.0,<Residue GLU het=  resseq=27 icode= >,3gva_A_A,2.0
212,16.336,GLU, ,OE1,38.3,1.74,1.0,<Residue GLU het=  resseq=27 icode= >,3gva_A_A,2.0
213,24.552,GLU, ,OE2,37.34,1.88,1.0,<Residue GLU het=  resseq=27 icode= >,3gva_A_A,2.0
214,0.0,ILE, ,N,17.56,4.23,1.0,<Residue ILE het=  resseq=28 icode= >,3gva_A_A,2.0
215,0.0,ILE, ,CA,19.82,3.12,1.0,<Residue ILE het=  resseq=28 icode= >,3gva_A_A,2.0
216,0.0,ILE, ,C,23.31,3.92,1.0,<Residue ILE het=  resseq=28 icode= >,3gva_A_A,2.0
217,0.0,ILE, ,O,23.51,3.45,1.0,<Residue ILE het=  resseq=28 icode= >,3gva_A_A,2.0
218,0.0,ILE, ,CB,20.91,3.39,1.0,<Residue ILE het=  resseq=28 icode= >,3gva_A_A,2.0
219,0.114,ILE, ,CG1,21.63,3.14,1.0,<Residue ILE het=  resseq=28 icode= >,3gva_A_A,2.0
220,0.0,ILE, ,CG2,22.14,2.49,1.0,<Residue ILE het=  resseq=28 icode= >,3gva_A_A,2.0
221,0.481,ILE, ,CD1,24.36,2.19,1.0,<Residue ILE het=  resseq=28 icode= >,3gva_A_A,2.0
222,0.0,ALA, ,N,22.49,3.10,1.0,<Residue ALA het=  resseq=29 icode= >,3gva_A_A,2.0
223,0.0,ALA, ,CA,25.82,2.88,1.0,<Residue ALA het=  resseq=29 icode= >,3gva_A_A,2.0
224,0.0,ALA, ,C,24.36,4.17,1.0,<Residue ALA het=  resseq=29 icode= >,3gva_A_A,2.0
225,0.0,ALA, ,O,27.52,2.33,1.0,<Residue ALA het=  resseq=29 icode= >,3gva_A_A,2.0
226,0.034,ALA, ,CB,35.36,1.78,1.0,<Residue ALA het=  resseq=29 icode= >,3gva_A_A,2.0
227,0.0,ARG, ,N,29.79,3.55,1.0,<Residue ARG het=  resseq=30 icode= >,3gva_A_A,2.0
228,0.498,ARG, ,CA,30.17,2.83,1.0,<Residue ARG het=  resseq=30 icode= >,3gva_A_A,2.0
229,1.311,ARG, ,C,32.48,3.77,1.0,<Residue ARG het=  resseq=30 icode= >,3gva_A_A,2.0
230,18.44,ARG, ,O,32.16,3.80,1.0,<Residue ARG het=  resseq=30 icode= >,3gva_A_A,2.0
231,14.819,ARG, ,CB,26.36,1.70,1.0,<Residue ARG het=  resseq=30 icode= >,3gva_A_A,2.0
232,1.153,ARG, ,CG,22.57,2.30,1.0,<Residue ARG het=  resseq=30 icode= >,3gva_A_A,2.0
233,35.322,ARG, ,CD,23.27,2.61,1.0,<Residue ARG het=  resseq=30 icode= >,3gva_A_A,2.0
234,9.882,ARG, ,NE,26.18,3.29,1.0,<Residue ARG het=  resseq=30 icode= >,3gva_A_A,2.0
235,4.26,ARG, ,CZ,26.98,3.31,1.0,<Residue ARG het=  resseq=30 icode= >,3gva_A_A,2.0
236,28.581,ARG, ,NH1,25.84,2.35,1.0,<Residue ARG het=  resseq=30 icode= >,3gva_A_A,2.0
237,22.89,ARG, ,NH2,24.77,2.80,1.0,<Residue ARG het=  resseq=30 icode= >,3gva_A_A,2.0
238,0.523,TYR, ,N,27.21,3.60,1.0,<Residue TYR het=  resseq=31 icode= >,3gva_A_A,2.0
239,7.696,TYR, ,CA,30.19,2.51,1.0,<Residue TYR het=  resseq=31 icode= >,3gva_A_A,2.0
240,0.0,TYR, ,C,28.77,3.46,1.0,<Residue TYR het=  resseq=31 icode= >,3gva_A_A,2.0
241,20.159,TYR, ,O,30.88,2.62,1.0,<Residue TYR het=  resseq=31 icode= >,3gva_A_A,2.0
242,3.615,TYR, ,CB,28.02,2.60,1.0,<Residue TYR het=  resseq=31 icode= >,3gva_A_A,2.0
243,0.0,TYR, ,CG,30.54,2.94,1.0,<Residue TYR het=  resseq=31 icode= >,3gva_A_A,2.0
244,8.68,TYR, ,CD1,32.85,1.95,1.0,<Residue TYR het=  resseq=31 icode= >,3gva_A_A,2.0
245,0.043,TYR, ,CD2,31.8,2.36,1.0,<Residue TYR het=  resseq=31 icode= >,3gva_A_A,2.0
246,15.039,TYR, ,CE1,32.06,2.05,1.0,<Residue TYR het=  resseq=31 icode= >,3gva_A_A,2.0
247,6.452,TYR, ,CE2,30.06,2.34,1.0,<Residue TYR het=  resseq=31 icode= >,3gva_A_A,2.0
248,5.097,TYR, ,CZ,32.69,3.04,1.0,<Residue TYR het=  resseq=31 icode= >,3gva_A_A,2.0
249,21.292,TYR, ,OH,33.53,2.26,1.0,<Residue TYR het=  resseq=31 icode= >,3gva_A_A,2.0
250,0.0,VAL, ,N,23.43,2.99,1.0,<Residue VAL het=  resseq=32 icode= >,3gva_A_A,2.0
251,2.832,VAL, ,CA,26.04,2.57,1.0,<Residue VAL het=  resseq=32 icode= >,3gva_A_A,2.0
252,3.214,VAL, ,C,27.42,3.46,1.0,<Residue VAL het=  resseq=32 icode= >,3gva_A_A,2.0
253,4.469,VAL, ,O,26.62,3.13,1.0,<Residue VAL het=  resseq=32 icode= >,3gva_A_A,2.0
254,0.0,VAL, ,CB,25.38,3.00,1.0,<Residue VAL het=  resseq=32 icode= >,3gva_A_A,2.0
255,4.378,VAL, ,CG1,23.4,2.26,1.0,<Residue VAL het=  resseq=32 icode= >,3gva_A_A,2.0
256,0.0,VAL, ,CG2,27.45,2.12,1.0,<Residue VAL het=  resseq=32 icode= >,3gva_A_A,2.0
257,1.244,GLY, ,N,33.82,3.36,1.0,<Residue GLY het=  resseq=33 icode= >,3gva_A_A,2.0
258,32.255,GLY, ,CA,36.17,2.05,1.0,<Residue GLY het=  resseq=33 icode= >,3gva_A_A,2.0
259,0.048,GLY, ,C,39.56,3.60,1.0,<Residue GLY het=  resseq=33 icode= >,3gva_A_A,2.0
260,17.859,GLY, ,O,41.23,2.39,1.0,<Residue GLY het=  resseq=33 icode= >,3gva_A_A,2.0
261,0.0,MET, ,N,27.75,3.74,1.0,<Residue MET het=  resseq=34 icode= >,3gva_A_A,2.0
262,1.235,MET, ,CA,27.8,3.44,1.0,<Residue MET het=  resseq=34 icode= >,3gva_A_A,2.0
263,0.032,MET, ,C,27.27,4.00,1.0,<Residue MET het=  resseq=34 icode= >,3gva_A_A,2.0
264,0.0,MET, ,O,27.8,3.09,1.0,<Residue MET het=  resseq=34 icode= >,3gva_A_A,2.0
265,0.0,MET, ,CB,44.85,2.15,1.0,<Residue MET het=  resseq=34 icode= >,3gva_A_A,2.0
266,0.649,MET, ,CG,49.78,1.48,1.0,<Residue MET het=  resseq=34 icode= >,3gva_A_A,2.0
267,2.148,MET, ,SD,60.09,2.55,1.0,<Residue MET het=  resseq=34 icode= >,3gva_A_A,2.0
268,43.001,MET, ,CE,50.34,1.87,1.0,<Residue MET het=  resseq=34 icode= >,3gva_A_A,2.0
269,0.0,PRO, ,N,35.25,3.66,1.0,<Residue PRO het=  resseq=35 icode= >,3gva_A_A,2.0
270,0.0,PRO, ,CA,35.47,2.49,1.0,<Residue PRO het=  resseq=35 icode= >,3gva_A_A,2.0
271,1.273,PRO, ,C,34.18,3.65,1.0,<Residue PRO het=  resseq=35 icode= >,3gva_A_A,2.0
272,14.914,PRO, ,O,36.36,2.41,1.0,<Residue PRO het=  resseq=35 icode= >,3gva_A_A,2.0
273,23.158,PRO, ,CB,40.1,1.78,1.0,<Residue PRO het=  resseq=35 icode= >,3gva_A_A,2.0
274,39.531,PRO, ,CG,42.35,1.27,1.0,<Residue PRO het=  resseq=35 icode= >,3gva_A_A,2.0
275,12.257,PRO, ,CD,39.52,2.41,1.0,<Residue PRO het=  resseq=35 icode= >,3gva_A_A,2.0
276,0.271,SER, ,N,32.46,2.93,1.0,<Residue SER het=  resseq=36 icode= >,3gva_A_A,2.0
277,9.069,SER, ,CA,32.33,2.93,1.0,<Residue SER het=  resseq=36 icode= >,3gva_A_A,2.0
278,0.651,SER, ,C,32.16,3.41,1.0,<Residue SER het=  resseq=36 icode= >,3gva_A_A,2.0
279,22.338,SER, ,O,32.12,2.89,1.0,<Residue SER het=  resseq=36 icode= >,3gva_A_A,2.0
280,45.252,SER, ,CB,29.19,2.24,1.0,<Residue SER het=  resseq=36 icode= >,3gva_A_A,2.0
281,16.067,SER, ,OG,32.21,2.57,1.0,<Residue SER het=  resseq=36 icode= >,3gva_A_A,2.0
282,0.0,TYR, ,N,27.16,3.14,1.0,<Residue TYR het=  resseq=37 icode= >,3gva_A_A,2.0
283,0.0,TYR, ,CA,24.92,3.30,1.0,<Residue TYR het=  resseq=37 icode= >,3gva_A_A,2.0
284,0.0,TYR, ,C,24.26,3.34,1.0,<Residue TYR het=  resseq=37 icode= >,3gva_A_A,2.0
285,0.0,TYR, ,O,24.22,3.49,1.0,<Residue TYR het=  resseq=37 icode= >,3gva_A_A,2.0
286,0.0,TYR, ,CB,37.31,1.82,1.0,<Residue TYR het=  resseq=37 icode= >,3gva_A_A,2.0
287,0.131,TYR, ,CG,39.1,2.89,1.0,<Residue TYR het=  resseq=37 icode= >,3gva_A_A,2.0
288,0.382,TYR, ,CD1,44.01,1.41,1.0,<Residue TYR het=  resseq=37 icode= >,3gva_A_A,2.0
289,0.141,TYR, ,CD2,43.1,2.01,1.0,<Residue TYR het=  resseq=37 icode= >,3gva_A_A,2.0
290,12.056,TYR, ,CE1,46.63,1.41,1.0,<Residue TYR het=  resseq=37 icode= >,3gva_A_A,2.0
291,14.97,TYR, ,CE2,46.98,1.43,1.0,<Residue TYR het=  resseq=37 icode= >,3gva_A_A,2.0
292,5.581,TYR, ,CZ,47.28,1.83,1.0,<Residue TYR het=  resseq=37 icode= >,3gva_A_A,2.0
293,41.866,TYR, ,OH,51.02,1.56,1.0,<Residue TYR het=  resseq=37 icode= >,3gva_A_A,2.0
294,0.291,ALA, ,N,20.9,3.49,1.0,<Residue ALA het=  resseq=38 icode= >,3gva_A_A,2.0
295,0.0,ALA, ,CA,22.12,3.10,1.0,<Residue ALA het=  resseq=38 icode= >,3gva_A_A,2.0
296,1.178,ALA, ,C,21.73,3.48,1.0,<Residue ALA het=  resseq=38 icode= >,3gva_A_A,2.0
297,0.024,ALA, ,O,17.5,4.82,1.0,<Residue ALA het=  resseq=38 icode= >,3gva_A_A,2.0
298,32.905,ALA, ,CB,18.04,2.62,1.0,<Residue ALA het=  resseq=38 icode= >,3gva_A_A,2.0
299,1.109,ARG, ,N,25.2,3.19,1.0,<Residue ARG het=  resseq=39 icode= >,3gva_A_A,2.0
300,4.882,ARG, ,CA,26.36,2.97,1.0,<Residue ARG het=  resseq=39 icode= >,3gva_A_A,2.0
301,0.882,ARG, ,C,27.25,3.49,1.0,<Residue ARG het=  resseq=39 icode= >,3gva_A_A,2.0
302,2.155,ARG, ,O,27.62,3.19,1.0,<Residue ARG het=  resseq=39 icode= >,3gva_A_A,2.0
303,9.409,ARG, ,CB,38.43,1.19,1.0,<Residue ARG het=  resseq=39 icode= >,3gva_A_A,2.0
304,27.585,ARG, ,CG,40.33,1.13,1.0,<Residue ARG het=  resseq=39 icode= >,3gva_A_A,2.0
305,30.373,ARG, ,CD,46.71,1.63,1.0,<Residue ARG het=  resseq=39 icode= >,3gva_A_A,2.0
306,12.682,ARG, ,NE,51.48,2.03,1.0,<Residue ARG het=  resseq=39 icode= >,3gva_A_A,2.0
307,8.278,ARG, ,CZ,54.95,1.85,1.0,<Residue ARG het=  resseq=39 icode= >,3gva_A_A,2.0
308,50.709,ARG, ,NH1,54.61,1.82,1.0,<Residue ARG het=  resseq=39 icode= >,3gva_A_A,2.0
309,59.398,ARG, ,NH2,58.53,0.67,1.0,<Residue ARG het=  resseq=39 icode= >,3gva_A_A,2.0
310,0.0,GLN, ,N,25.79,3.34,1.0,<Residue GLN het=  resseq=40 icode= >,3gva_A_A,2.0
311,1.133,GLN, ,CA,27.56,2.33,1.0,<Residue GLN het=  resseq=40 icode= >,3gva_A_A,2.0
312,0.0,GLN, ,C,26.65,3.48,1.0,<Residue GLN het=  resseq=40 icode= >,3gva_A_A,2.0
313,0.0,GLN, ,O,26.86,3.75,1.0,<Residue GLN het=  resseq=40 icode= >,3gva_A_A,2.0
314,0.0,GLN, ,CB,32.86,1.84,1.0,<Residue GLN het=  resseq=40 icode= >,3gva_A_A,2.0
315,7.857,GLN, ,CG,37.2,1.91,1.0,<Residue GLN het=  resseq=40 icode= >,3gva_A_A,2.0
316,2.276,GLN, ,CD,40.32,2.31,1.0,<Residue GLN het=  resseq=40 icode= >,3gva_A_A,2.0
317,3.075,GLN, ,OE1,43.39,1.99,1.0,<Residue GLN het=  resseq=40 icode= >,3gva_A_A,2.0
318,46.194,GLN, ,NE2,45.61,0.87,1.0,<Residue GLN het=  resseq=40 icode= >,3gva_A_A,2.0
319,0.0,VAL, ,N,26.5,3.73,1.0,<Residue VAL het=  resseq=41 icode= >,3gva_A_A,2.0
320,0.0,VAL, ,CA,26.28,3.17,1.0,<Residue VAL het=  resseq=41 icode= >,3gva_A_A,2.0
321,0.0,VAL, ,C,27.29,3.74,1.0,<Residue VAL het=  resseq=41 icode= >,3gva_A_A,2.0
322,0.0,VAL, ,O,24.35,3.57,1.0,<Residue VAL het=  resseq=41 icode= >,3gva_A_A,2.0
323,0.0,VAL, ,CB,23.1,3.17,1.0,<Residue VAL het=  resseq=41 icode= >,3gva_A_A,2.0
324,0.249,VAL, ,CG1,19.29,2.43,1.0,<Residue VAL het=  resseq=41 icode= >,3gva_A_A,2.0
325,0.0,VAL, ,CG2,18.41,2.42,1.0,<Residue VAL het=  resseq=41 icode= >,3gva_A_A,2.0
326,0.0,GLY, ,N,23.07,3.30,1.0,<Residue GLY het=  resseq=42 icode= >,3gva_A_A,2.0
327,3.881,GLY, ,CA,21.68,2.29,1.0,<Residue GLY het=  resseq=42 icode= >,3gva_A_A,2.0
328,0.975,GLY, ,C,21.74,4.31,1.0,<Residue GLY het=  resseq=42 icode= >,3gva_A_A,2.0
329,0.0,GLY, ,O,20.33,4.16,1.0,<Residue GLY het=  resseq=42 icode= >,3gva_A_A,2.0
330,0.027,GLN, ,N,22.07,3.80,1.0,<Residue GLN het=  resseq=43 icode= >,3gva_A_A,2.0
331,0.0,GLN, ,CA,24.51,3.18,1.0,<Residue GLN het=  resseq=43 icode= >,3gva_A_A,2.0
332,0.0,GLN, ,C,23.76,4.17,1.0,<Residue GLN het=  resseq=43 icode= >,3gva_A_A,2.0
333,0.0,GLN, ,O,20.35,3.47,1.0,<Residue GLN het=  resseq=43 icode= >,3gva_A_A,2.0
334,1.54,GLN, ,CB,47.99,2.01,1.0,<Residue GLN het=  resseq=43 icode= >,3gva_A_A,2.0
335,17.665,GLN, ,CG,58.51,0.39,1.0,<Residue GLN het=  resseq=43 icode= >,3gva_A_A,2.0
336,5.689,GLN, ,CD,61.38,1.74,1.0,<Residue GLN het=  resseq=43 icode= >,3gva_A_A,2.0
337,26.661,GLN, ,OE1,67.57,0.30,1.0,<Residue GLN het=  resseq=43 icode= >,3gva_A_A,2.0
338,31.027,GLN, ,NE2,59.77,1.39,1.0,<Residue GLN het=  resseq=43 icode= >,3gva_A_A,2.0
339,0.0,ALA, ,N,24.85,3.43,1.0,<Residue ALA het=  resseq=44 icode= >,3gva_A_A,2.0
340,0.0,ALA, ,CA,27.15,2.68,1.0,<Residue ALA het=  resseq=44 icode= >,3gva_A_A,2.0
341,0.0,ALA, ,C,26.15,3.57,1.0,<Residue ALA het=  resseq=44 icode= >,3gva_A_A,2.0
342,0.0,ALA, ,O,27.46,3.04,1.0,<Residue ALA het=  resseq=44 icode= >,3gva_A_A,2.0
343,0.0,ALA, ,CB,25.09,2.17,1.0,<Residue ALA het=  resseq=44 icode= >,3gva_A_A,2.0
344,0.0,MET, ,N,28.01,2.53,1.0,<Residue MET het=  resseq=45 icode= >,3gva_A_A,2.0
345,0.0,MET, ,CA,27.12,2.27,1.0,<Residue MET het=  resseq=45 icode= >,3gva_A_A,2.0
346,1.234,MET, ,C,28.98,3.33,1.0,<Residue MET het=  resseq=45 icode= >,3gva_A_A,2.0
347,10.469,MET, ,O,28.85,2.92,1.0,<Residue MET het=  resseq=45 icode= >,3gva_A_A,2.0
348,5.264,MET, ,CB,16.98,2.67,1.0,<Residue MET het=  resseq=45 icode= >,3gva_A_A,2.0
349,0.16,MET, ,CG,18.22,2.40,1.0,<Residue MET het=  resseq=45 icode= >,3gva_A_A,2.0
350,0.0,MET, ,SD,22.73,6.84,1.0,<Residue MET het=  resseq=45 icode= >,3gva_A_A,2.0
351,1.998,MET, ,CE,19.79,1.60,1.0,<Residue MET het=  resseq=45 icode= >,3gva_A_A,2.0
352,0.0,LYS, ,N,24.44,2.97,1.0,<Residue LYS het=  resseq=46 icode= >,3gva_A_A,2.0
353,7.948,LYS, ,CA,29.98,1.75,1.0,<Residue LYS het=  resseq=46 icode= >,3gva_A_A,2.0
354,0.096,LYS, ,C,28.81,3.38,1.0,<Residue LYS het=  resseq=46 icode= >,3gva_A_A,2.0
355,25.476,LYS, ,O,29.3,2.37,1.0,<Residue LYS het=  resseq=46 icode= >,3gva_A_A,2.0
356,4.585,LYS, ,CB,46.41,1.30,1.0,<Residue LYS het=  resseq=46 icode= >,3gva_A_A,2.0
357,8.014,LYS, ,CG,52.42,1.26,1.0,<Residue LYS het=  resseq=46 icode= >,3gva_A_A,2.0
358,15.323,LYS, ,CD,57.26,0.36,1.0,<Residue LYS het=  resseq=46 icode= >,3gva_A_A,2.0
359,37.078,LYS, ,CE,61.07,-0.11,1.0,<Residue LYS het=  resseq=46 icode= >,3gva_A_A,2.0
360,48.545,LYS, ,NZ,61.8,0.16,1.0,<Residue LYS het=  resseq=46 icode= >,3gva_A_A,2.0
361,0.0,HIS, ,N,33.36,3.05,1.0,<Residue HIS het=  resseq=47 icode= >,3gva_A_A,2.0
362,5.894,HIS, ,CA,36.28,2.04,1.0,<Residue HIS het=  resseq=47 icode= >,3gva_A_A,2.0
363,1.358,HIS, ,C,35.16,3.01,1.0,<Residue HIS het=  resseq=47 icode= >,3gva_A_A,2.0
364,24.79,HIS, ,O,35.59,2.39,1.0,<Residue HIS het=  resseq=47 icode= >,3gva_A_A,2.0
365,12.475,HIS, ,CB,68.79,1.23,1.0,<Residue HIS het=  resseq=47 icode= >,3gva_A_A,2.0
366,2.588,HIS, ,CG,76.12,0.71,1.0,<Residue HIS het=  resseq=47 icode= >,3gva_A_A,2.0
367,10.114,HIS, ,ND1,78.61,0.60,1.0,<Residue HIS het=  resseq=47 icode= >,3gva_A_A,2.0
368,13.805,HIS, ,CD2,78.43,0.88,1.0,<Residue HIS het=  resseq=47 icode= >,3gva_A_A,2.0
369,26.791,HIS, ,CE1,78.71,1.70,1.0,<Residue HIS het=  resseq=47 icode= >,3gva_A_A,2.0
370,13.84,HIS, ,NE2,81.8,1.00,1.0,<Residue HIS het=  resseq=47 icode= >,3gva_A_A,2.0
371,0.0,LEU, ,N,34.92,2.85,1.0,<Residue LEU het=  resseq=48 icode= >,3gva_A_A,2.0
372,1.01,LEU, ,CA,31.55,3.27,1.0,<Residue LEU het=  resseq=48 icode= >,3gva_A_A,2.0
373,0.25,LEU, ,C,33.59,3.31,1.0,<Residue LEU het=  resseq=48 icode= >,3gva_A_A,2.0
374,15.472,LEU, ,O,33.11,2.66,1.0,<Residue LEU het=  resseq=48 icode= >,3gva_A_A,2.0
375,4.319,LEU, ,CB,26.37,2.71,1.0,<Residue LEU het=  resseq=48 icode= >,3gva_A_A,2.0
376,0.0,LEU, ,CG,24.91,2.41,1.0,<Residue LEU het=  resseq=48 icode= >,3gva_A_A,2.0
377,0.0,LEU, ,CD1,20.95,1.97,1.0,<Residue LEU het=  resseq=48 icode= >,3gva_A_A,2.0
378,11.131,LEU, ,CD2,23.49,1.73,1.0,<Residue LEU het=  resseq=48 icode= >,3gva_A_A,2.0
379,3.615,HIS, ,N,30.83,2.13,1.0,<Residue HIS het=  resseq=49 icode= >,3gva_A_A,2.0
380,5.066,HIS, ,CA,27.97,2.88,1.0,<Residue HIS het=  resseq=49 icode= >,3gva_A_A,2.0
381,0.14,HIS, ,C,27.57,3.76,1.0,<Residue HIS het=  resseq=49 icode= >,3gva_A_A,2.0
382,0.617,HIS, ,O,26.87,4.14,1.0,<Residue HIS het=  resseq=49 icode= >,3gva_A_A,2.0
383,23.422,HIS, ,CB,26.86,2.44,1.0,<Residue HIS het=  resseq=49 icode= >,3gva_A_A,2.0
384,2.444,HIS, ,CG,27.26,3.35,1.0,<Residue HIS het=  resseq=49 icode= >,3gva_A_A,2.0
385,20.936,HIS, ,ND1,31.84,2.98,1.0,<Residue HIS het=  resseq=49 icode= >,3gva_A_A,2.0
386,7.159,HIS, ,CD2,28.56,2.44,1.0,<Residue HIS het=  resseq=49 icode= >,3gva_A_A,2.0
387,38.974,HIS, ,CE1,31.6,2.09,1.0,<Residue HIS het=  resseq=49 icode= >,3gva_A_A,2.0
388,15.902,HIS, ,NE2,28.25,3.03,1.0,<Residue HIS het=  resseq=49 icode= >,3gva_A_A,2.0
389,0.0,PRO, ,N,28.45,4.17,1.0,<Residue PRO het=  resseq=50 icode= >,3gva_A_A,2.0
390,9.206,PRO, ,CA,31.59,2.68,1.0,<Residue PRO het=  resseq=50 icode= >,3gva_A_A,2.0
391,0.0,PRO, ,C,31.01,3.96,1.0,<Residue PRO het=  resseq=50 icode= >,3gva_A_A,2.0
392,0.463,PRO, ,O,31.61,3.10,1.0,<Residue PRO het=  resseq=50 icode= >,3gva_A_A,2.0
393,21.561,PRO, ,CB,33.74,2.42,1.0,<Residue PRO het=  resseq=50 icode= >,3gva_A_A,2.0
394,27.697,PRO, ,CG,35.49,2.01,1.0,<Residue PRO het=  resseq=50 icode= >,3gva_A_A,2.0
395,19.835,PRO, ,CD,32.94,2.54,1.0,<Residue PRO het=  resseq=50 icode= >,3gva_A_A,2.0
396,0.0,GLU, ,N,29.28,3.13,1.0,<Residue GLU het=  resseq=51 icode= >,3gva_A_A,2.0
397,2.211,GLU, ,CA,27.93,2.66,1.0,<Residue GLU het=  resseq=51 icode= >,3gva_A_A,2.0
398,1.902,GLU, ,C,26.02,3.68,1.0,<Residue GLU het=  resseq=51 icode= >,3gva_A_A,2.0
399,22.373,GLU, ,O,21.69,3.76,1.0,<Residue GLU het=  resseq=51 icode= >,3gva_A_A,2.0
400,14.52,GLU, ,CB,37.88,1.45,1.0,<Residue GLU het=  resseq=51 icode= >,3gva_A_A,2.0
401,25.195,GLU, ,CG,42.79,1.64,1.0,<Residue GLU het=  resseq=51 icode= >,3gva_A_A,2.0
402,8.8,GLU, ,CD,45.86,2.13,1.0,<Residue GLU het=  resseq=51 icode= >,3gva_A_A,2.0
403,37.112,GLU, ,OE1,50.4,1.73,1.0,<Residue GLU het=  resseq=51 icode= >,3gva_A_A,2.0
404,9.437,GLU, ,OE2,46.75,1.84,1.0,<Residue GLU het=  resseq=51 icode= >,3gva_A_A,2.0
405,0.0,THR, ,N,27.44,2.79,1.0,<Residue THR het=  resseq=52 icode= >,3gva_A_A,2.0
406,9.212,THR, ,CA,24.55,2.75,1.0,<Residue THR het=  resseq=52 icode= >,3gva_A_A,2.0
407,0.006,THR, ,C,24.8,4.19,1.0,<Residue THR het=  resseq=52 icode= >,3gva_A_A,2.0
408,9.749,THR, ,O,23.63,4.13,1.0,<Residue THR het=  resseq=52 icode= >,3gva_A_A,2.0
409,3.317,THR, ,CB,19.89,3.56,1.0,<Residue THR het=  resseq=52 icode= >,3gva_A_A,2.0
410,3.915,THR, ,OG1,20.17,3.66,1.0,<Residue THR het=  resseq=52 icode= >,3gva_A_A,2.0
411,0.116,THR, ,CG2,18.22,2.20,1.0,<Residue THR het=  resseq=52 icode= >,3gva_A_A,2.0
412,2.148,HIS, ,N,25.77,2.85,1.0,<Residue HIS het=  resseq=53 icode= >,3gva_A_A,2.0
413,12.233,HIS, ,CA,25.95,2.67,1.0,<Residue HIS het=  resseq=53 icode= >,3gva_A_A,2.0
414,0.477,HIS, ,C,23.12,4.24,1.0,<Residue HIS het=  resseq=53 icode= >,3gva_A_A,2.0
415,18.305,HIS, ,O,21.73,4.32,1.0,<Residue HIS het=  resseq=53 icode= >,3gva_A_A,2.0
416,36.184,HIS, ,CB,31.3,2.22,1.0,<Residue HIS het=  resseq=53 icode= >,3gva_A_A,2.0
417,2.587,HIS, ,CG,35.88,2.41,1.0,<Residue HIS het=  resseq=53 icode= >,3gva_A_A,2.0
418,13.834,HIS, ,ND1,37.45,2.02,1.0,<Residue HIS het=  resseq=53 icode= >,3gva_A_A,2.0
419,24.883,HIS, ,CD2,35.32,2.94,1.0,<Residue HIS het=  resseq=53 icode= >,3gva_A_A,2.0
420,21.062,HIS, ,CE1,38.88,2.12,1.0,<Residue HIS het=  resseq=53 icode= >,3gva_A_A,2.0
421,23.923,HIS, ,NE2,37.52,2.24,1.0,<Residue HIS het=  resseq=53 icode= >,3gva_A_A,2.0
422,0.0,VAL, ,N,19.94,4.02,1.0,<Residue VAL het=  resseq=54 icode= >,3gva_A_A,2.0
423,0.0,VAL, ,CA,21.18,2.86,1.0,<Residue VAL het=  resseq=54 icode= >,3gva_A_A,2.0
424,0.0,VAL, ,C,18.46,4.76,1.0,<Residue VAL het=  resseq=54 icode= >,3gva_A_A,2.0
425,1.211,VAL, ,O,20.96,4.13,1.0,<Residue VAL het=  resseq=54 icode= >,3gva_A_A,2.0
426,0.0,VAL, ,CB,21.57,3.51,1.0,<Residue VAL het=  resseq=54 icode= >,3gva_A_A,2.0
427,0.0,VAL, ,CG1,24.97,2.45,1.0,<Residue VAL het=  resseq=54 icode= >,3gva_A_A,2.0
428,2.396,VAL, ,CG2,23.86,2.52,1.0,<Residue VAL het=  resseq=54 icode= >,3gva_A_A,2.0
429,0.0,PRO, ,N,22.69,3.76,1.0,<Residue PRO het=  resseq=55 icode= >,3gva_A_A,2.0
430,3.09,PRO, ,CA,20.49,3.23,1.0,<Residue PRO het=  resseq=55 icode= >,3gva_A_A,2.0
431,0.0,PRO, ,C,20.54,4.82,1.0,<Residue PRO het=  resseq=55 icode= >,3gva_A_A,2.0
432,0.0,PRO, ,O,22.3,3.42,1.0,<Residue PRO het=  resseq=55 icode= >,3gva_A_A,2.0
433,6.805,PRO, ,CB,20.9,3.06,1.0,<Residue PRO het=  resseq=55 icode= >,3gva_A_A,2.0
434,2.479,PRO, ,CG,21.11,2.50,1.0,<Residue PRO het=  resseq=55 icode= >,3gva_A_A,2.0
435,6.196,PRO, ,CD,19.04,2.82,1.0,<Residue PRO het=  resseq=55 icode= >,3gva_A_A,2.0
436,0.0,TRP, ,N,16.14,4.43,1.0,<Residue TRP het=  resseq=56 icode= >,3gva_A_A,2.0
437,0.0,TRP, ,CA,17.94,2.82,1.0,<Residue TRP het=  resseq=56 icode= >,3gva_A_A,2.0
438,0.0,TRP, ,C,17.28,4.22,1.0,<Residue TRP het=  resseq=56 icode= >,3gva_A_A,2.0
439,2.292,TRP, ,O,16.33,4.48,1.0,<Residue TRP het=  resseq=56 icode= >,3gva_A_A,2.0
440,4.027,TRP, ,CB,18.19,3.37,1.0,<Residue TRP het=  resseq=56 icode= >,3gva_A_A,2.0
441,1.74,TRP, ,CG,22.01,2.41,1.0,<Residue TRP het=  resseq=56 icode= >,3gva_A_A,2.0
442,1.191,TRP, ,CD1,17.4,3.12,1.0,<Residue TRP het=  resseq=56 icode= >,3gva_A_A,2.0
443,2.848,TRP, ,CD2,20.74,3.30,1.0,<Residue TRP het=  resseq=56 icode= >,3gva_A_A,2.0
444,0.353,TRP, ,NE1,24.18,2.88,1.0,<Residue TRP het=  resseq=56 icode= >,3gva_A_A,2.0
445,2.586,TRP, ,CE2,23.48,2.99,1.0,<Residue TRP het=  resseq=56 icode= >,3gva_A_A,2.0
446,14.091,TRP, ,CE3,19.82,3.54,1.0,<Residue TRP het=  resseq=56 icode= >,3gva_A_A,2.0
447,3.871,TRP, ,CZ2,25.05,2.80,1.0,<Residue TRP het=  resseq=56 icode= >,3gva_A_A,2.0
448,9.623,TRP, ,CZ3,24.39,2.35,1.0,<Residue TRP het=  resseq=56 icode= >,3gva_A_A,2.0
449,2.338,TRP, ,CH2,22.4,2.58,1.0,<Residue TRP het=  resseq=56 icode= >,3gva_A_A,2.0
450,0.0,HIS, ,N,16.94,4.13,1.0,<Residue HIS het=  resseq=57 icode= >,3gva_A_A,2.0
451,0.0,HIS, ,CA,18.84,3.26,1.0,<Residue HIS het=  resseq=57 icode= >,3gva_A_A,2.0
452,0.0,HIS, ,C,17.83,4.77,1.0,<Residue HIS het=  resseq=57 icode= >,3gva_A_A,2.0
453,0.0,HIS, ,O,13.99,4.80,1.0,<Residue HIS het=  resseq=57 icode= >,3gva_A_A,2.0
454,0.0,HIS, ,CB,19.41,2.78,1.0,<Residue HIS het=  resseq=57 icode= >,3gva_A_A,2.0
455,0.0,HIS, ,CG,18.6,3.67,1.0,<Residue HIS het=  resseq=57 icode= >,3gva_A_A,2.0
456,0.043,HIS, ,ND1,17.7,4.18,1.0,<Residue HIS het=  resseq=57 icode= >,3gva_A_A,2.0
457,0.0,HIS, ,CD2,20.54,2.34,1.0,<Residue HIS het=  resseq=57 icode= >,3gva_A_A,2.0
458,11.276,HIS, ,CE1,18.77,3.46,1.0,<Residue HIS het=  resseq=57 icode= >,3gva_A_A,2.0
459,0.418,HIS, ,NE2,15.09,4.05,1.0,<Residue HIS het=  resseq=57 icode= >,3gva_A_A,2.0
460,0.0,ARG, ,N,16.12,4.97,1.0,<Residue ARG het=  resseq=58 icode= >,3gva_A_A,2.0
461,0.0,ARG, ,CA,15.09,4.18,1.0,<Residue ARG het=  resseq=58 icode= >,3gva_A_A,2.0
462,0.0,ARG, ,C,18.64,4.36,1.0,<Residue ARG het=  resseq=58 icode= >,3gva_A_A,2.0
463,0.0,ARG, ,O,19.88,4.02,1.0,<Residue ARG het=  resseq=58 icode= >,3gva_A_A,2.0
464,0.0,ARG, ,CB,17.8,2.66,1.0,<Residue ARG het=  resseq=58 icode= >,3gva_A_A,2.0
465,0.0,ARG, ,CG,20.09,2.36,1.0,<Residue ARG het=  resseq=58 icode= >,3gva_A_A,2.0
466,0.0,ARG, ,CD,17.73,3.44,1.0,<Residue ARG het=  resseq=58 icode= >,3gva_A_A,2.0
467,0.0,ARG, ,NE,22.66,3.19,1.0,<Residue ARG het=  resseq=58 icode= >,3gva_A_A,2.0
468,0.0,ARG, ,CZ,23.7,3.96,1.0,<Residue ARG het=  resseq=58 icode= >,3gva_A_A,2.0
469,11.649,ARG, ,NH1,19.69,3.55,1.0,<Residue ARG het=  resseq=58 icode= >,3gva_A_A,2.0
470,19.103,ARG, ,NH2,21.47,3.05,1.0,<Residue ARG het=  resseq=58 icode= >,3gva_A_A,2.0
471,0.0,VAL, ,N,19.73,4.33,1.0,<Residue VAL het=  resseq=59 icode= >,3gva_A_A,2.0
472,0.0,VAL, ,CA,21.96,2.50,1.0,<Residue VAL het=  resseq=59 icode= >,3gva_A_A,2.0
473,0.173,VAL, ,C,23.06,3.77,1.0,<Residue VAL het=  resseq=59 icode= >,3gva_A_A,2.0
474,9.257,VAL, ,O,19.6,4.64,1.0,<Residue VAL het=  resseq=59 icode= >,3gva_A_A,2.0
475,1.919,VAL, ,CB,17.59,2.98,1.0,<Residue VAL het=  resseq=59 icode= >,3gva_A_A,2.0
476,0.857,VAL, ,CG1,19.71,2.39,1.0,<Residue VAL het=  resseq=59 icode= >,3gva_A_A,2.0
477,0.058,VAL, ,CG2,17.87,2.05,1.0,<Residue VAL het=  resseq=59 icode= >,3gva_A_A,2.0
478,0.0,ILE, ,N,20.25,3.90,1.0,<Residue ILE het=  resseq=60 icode= >,3gva_A_A,2.0
479,5.143,ILE, ,CA,25.88,2.79,1.0,<Residue ILE het=  resseq=60 icode= >,3gva_A_A,2.0
480,1.749,ILE, ,C,24.44,3.78,1.0,<Residue ILE het=  resseq=60 icode= >,3gva_A_A,2.0
481,0.318,ILE, ,O,25.47,2.72,1.0,<Residue ILE het=  resseq=60 icode= >,3gva_A_A,2.0
482,0.0,ILE, ,CB,28.25,2.86,1.0,<Residue ILE het=  resseq=60 icode= >,3gva_A_A,2.0
483,0.0,ILE, ,CG1,26.33,2.96,1.0,<Residue ILE het=  resseq=60 icode= >,3gva_A_A,2.0
484,0.0,ILE, ,CG2,35.5,0.35,1.0,<Residue ILE het=  resseq=60 icode= >,3gva_A_A,2.0
485,0.0,ILE, ,CD1,34.51,1.16,1.0,<Residue ILE het=  resseq=60 icode= >,3gva_A_A,2.0
486,3.647,ASN, ,N,26.64,3.03,1.0,<Residue ASN het=  resseq=61 icode= >,3gva_A_A,2.0
487,4.852,ASN, ,CA,27.62,2.39,1.0,<Residue ASN het=  resseq=61 icode= >,3gva_A_A,2.0
488,0.0,ASN, ,C,25.62,3.87,1.0,<Residue ASN het=  resseq=61 icode= >,3gva_A_A,2.0
489,0.0,ASN, ,O,19.59,4.41,1.0,<Residue ASN het=  resseq=61 icode= >,3gva_A_A,2.0
490,30.691,ASN, ,CB,42.08,1.59,1.0,<Residue ASN het=  resseq=61 icode= >,3gva_A_A,2.0
491,3.109,ASN, ,CG,44.71,3.16,1.0,<Residue ASN het=  resseq=61 icode= >,3gva_A_A,2.0
492,0.0,ASN, ,OD1,48.56,1.51,1.0,<Residue ASN het=  resseq=61 icode= >,3gva_A_A,2.0
493,27.644,ASN, ,ND2,46.86,1.81,1.0,<Residue ASN het=  resseq=61 icode= >,3gva_A_A,2.0
494,2.383,SER, ,N,29.38,2.62,1.0,<Residue SER het=  resseq=62 icode= >,3gva_A_A,2.0
495,0.0,SER, ,CA,29.21,2.37,1.0,<Residue SER het=  resseq=62 icode= >,3gva_A_A,2.0
496,0.833,SER, ,C,29.88,3.20,1.0,<Residue SER het=  resseq=62 icode= >,3gva_A_A,2.0
497,11.367,SER, ,O,28.74,3.65,1.0,<Residue SER het=  resseq=62 icode= >,3gva_A_A,2.0
498,39.641,SER, ,CB,33.04,2.53,1.0,<Residue SER het=  resseq=62 icode= >,3gva_A_A,2.0
499,26.362,SER, ,OG,42.56,1.48,1.0,<Residue SER het=  resseq=62 icode= >,3gva_A_A,2.0
500,0.0,ARG, ,N,22.68,4.13,1.0,<Residue ARG het=  resseq=63 icode= >,3gva_A_A,2.0
501,8.762,ARG, ,CA,27.46,2.71,1.0,<Residue ARG het=  resseq=63 icode= >,3gva_A_A,2.0
502,1.244,ARG, ,C,28.75,2.57,1.0,<Residue ARG het=  resseq=63 icode= >,3gva_A_A,2.0
503,5.752,ARG, ,O,30.57,2.45,1.0,<Residue ARG het=  resseq=63 icode= >,3gva_A_A,2.0
504,3.902,ARG, ,CB,30.59,2.27,1.0,<Residue ARG het=  resseq=63 icode= >,3gva_A_A,2.0
505,21.46,ARG, ,CG,30.38,2.58,1.0,<Residue ARG het=  resseq=63 icode= >,3gva_A_A,2.0
506,26.949,ARG, ,CD,35.19,1.60,1.0,<Residue ARG het=  resseq=63 icode= >,3gva_A_A,2.0
507,11.647,ARG, ,NE,36.29,2.17,1.0,<Residue ARG het=  resseq=63 icode= >,3gva_A_A,2.0
508,7.788,ARG, ,CZ,36.41,3.20,1.0,<Residue ARG het=  resseq=63 icode= >,3gva_A_A,2.0
509,44.452,ARG, ,NH1,41.7,1.03,1.0,<Residue ARG het=  resseq=63 icode= >,3gva_A_A,2.0
510,59.324,ARG, ,NH2,34.63,1.90,1.0,<Residue ARG het=  resseq=63 icode= >,3gva_A_A,2.0
511,0.0,GLY, ,N,30.19,2.11,1.0,<Residue GLY het=  resseq=64 icode= >,3gva_A_A,2.0
512,0.171,GLY, ,CA,25.64,2.48,1.0,<Residue GLY het=  resseq=64 icode= >,3gva_A_A,2.0
513,0.0,GLY, ,C,25.29,3.68,1.0,<Residue GLY het=  resseq=64 icode= >,3gva_A_A,2.0
514,0.0,GLY, ,O,22.83,4.08,1.0,<Residue GLY het=  resseq=64 icode= >,3gva_A_A,2.0
515,0.0,THR, ,N,18.05,3.82,1.0,<Residue THR het=  resseq=65 icode= >,3gva_A_A,2.0
516,0.0,THR, ,CA,21.51,2.34,1.0,<Residue THR het=  resseq=65 icode= >,3gva_A_A,2.0
517,0.0,THR, ,C,23.83,3.27,1.0,<Residue THR het=  resseq=65 icode= >,3gva_A_A,2.0
518,0.273,THR, ,O,22.08,3.03,1.0,<Residue THR het=  resseq=65 icode= >,3gva_A_A,2.0
519,1.426,THR, ,CB,26.92,2.53,1.0,<Residue THR het=  resseq=65 icode= >,3gva_A_A,2.0
520,6.627,THR, ,OG1,29.09,2.37,1.0,<Residue THR het=  resseq=65 icode= >,3gva_A_A,2.0
521,6.02,THR, ,CG2,27.75,1.42,1.0,<Residue THR het=  resseq=65 icode= >,3gva_A_A,2.0
522,0.0,ILE, ,N,25.95,3.73,1.0,<Residue ILE het=  resseq=66 icode= >,3gva_A_A,2.0
523,3.486,ILE, ,CA,33.15,2.29,1.0,<Residue ILE het=  resseq=66 icode= >,3gva_A_A,2.0
524,4.0,ILE, ,C,39.03,1.92,1.0,<Residue ILE het=  resseq=66 icode= >,3gva_A_A,2.0
525,3.395,ILE, ,O,39.9,1.54,1.0,<Residue ILE het=  resseq=66 icode= >,3gva_A_A,2.0
526,0.0,ILE, ,CB,32.97,2.37,1.0,<Residue ILE het=  resseq=66 icode= >,3gva_A_A,2.0
527,0.027,ILE, ,CG1,30.02,2.02,1.0,<Residue ILE het=  resseq=66 icode= >,3gva_A_A,2.0
528,0.103,ILE, ,CG2,35.38,0.88,1.0,<Residue ILE het=  resseq=66 icode= >,3gva_A_A,2.0
529,0.335,ILE, ,CD1,29.94,1.48,1.0,<Residue ILE het=  resseq=66 icode= >,3gva_A_A,2.0
530,1.446,SER, ,N,48.42,2.05,1.0,<Residue SER het=  resseq=67 icode= >,3gva_A_A,2.0
531,2.443,SER, ,CA,55.79,1.28,1.0,<Residue SER het=  resseq=67 icode= >,3gva_A_A,2.0
532,0.343,SER, ,C,60.54,1.24,1.0,<Residue SER het=  resseq=67 icode= >,3gva_A_A,2.0
533,2.033,SER, ,O,60.21,1.19,1.0,<Residue SER het=  resseq=67 icode= >,3gva_A_A,2.0
534,0.275,SER, ,CB,49.64,1.55,1.0,<Residue SER het=  resseq=67 icode= >,3gva_A_A,2.0
535,0.296,SER, ,OG,49.06,1.56,1.0,<Residue SER het=  resseq=67 icode= >,3gva_A_A,2.0
536,0.0,LYS, ,N,77.01,1.49,1.0,<Residue LYS het=  resseq=68 icode= >,3gva_A_A,2.0
537,0.242,LYS, ,CA,82.01,1.14,1.0,<Residue LYS het=  resseq=68 icode= >,3gva_A_A,2.0
538,0.196,LYS, ,C,84.78,1.05,1.0,<Residue LYS het=  resseq=68 icode= >,3gva_A_A,2.0
539,0.107,LYS, ,O,86.01,0.35,1.0,<Residue LYS het=  resseq=68 icode= >,3gva_A_A,2.0
540,19.472,LYS, ,CB,80.49,0.01,1.0,<Residue LYS het=  resseq=68 icode= >,3gva_A_A,2.0
541,4.293,LYS, ,CG,81.99,-0.02,1.0,<Residue LYS het=  resseq=68 icode= >,3gva_A_A,2.0
542,33.261,LYS, ,CD,82.51,0.40,1.0,<Residue LYS het=  resseq=68 icode= >,3gva_A_A,2.0
543,45.023,LYS, ,CE,83.08,0.45,1.0,<Residue LYS het=  resseq=68 icode= >,3gva_A_A,2.0
544,44.528,LYS, ,NZ,82.57,0.65,1.0,<Residue LYS het=  resseq=68 icode= >,3gva_A_A,2.0
545,3.357,ARG, ,N,87.81,0.40,1.0,<Residue ARG het=  resseq=69 icode= >,3gva_A_A,2.0
546,0.521,ARG, ,CA,89.71,0.61,1.0,<Residue ARG het=  resseq=69 icode= >,3gva_A_A,2.0
547,0.0,ARG, ,C,90.59,1.17,1.0,<Residue ARG het=  resseq=69 icode= >,3gva_A_A,2.0
548,13.383,ARG, ,O,91.28,0.38,1.0,<Residue ARG het=  resseq=69 icode= >,3gva_A_A,2.0
549,13.409,ARG, ,CB,86.38,0.37,1.0,<Residue ARG het=  resseq=69 icode= >,3gva_A_A,2.0
550,8.43,ARG, ,CG,87.6,0.50,1.0,<Residue ARG het=  resseq=69 icode= >,3gva_A_A,2.0
551,21.022,ARG, ,CD,88.79,0.52,1.0,<Residue ARG het=  resseq=69 icode= >,3gva_A_A,2.0
552,5.945,ARG, ,NE,90.47,0.71,1.0,<Residue ARG het=  resseq=69 icode= >,3gva_A_A,2.0
553,4.458,ARG, ,CZ,91.92,0.46,1.0,<Residue ARG het=  resseq=69 icode= >,3gva_A_A,2.0
554,27.888,ARG, ,NH1,91.0,0.54,1.0,<Residue ARG het=  resseq=69 icode= >,3gva_A_A,2.0
555,32.457,ARG, ,NH2,92.46,-0.17,1.0,<Residue ARG het=  resseq=69 icode= >,3gva_A_A,2.0
556,0.0,ASP, ,N,94.11,0.61,1.0,<Residue ASP het=  resseq=70 icode= >,3gva_A_A,2.0
557,10.024,ASP, ,CA,93.91,0.68,1.0,<Residue ASP het=  resseq=70 icode= >,3gva_A_A,2.0
558,1.996,ASP, ,C,92.78,1.07,1.0,<Residue ASP het=  resseq=70 icode= >,3gva_A_A,2.0
559,15.125,ASP, ,O,93.31,-0.05,1.0,<Residue ASP het=  resseq=70 icode= >,3gva_A_A,2.0
560,20.901,ASP, ,CB,97.63,0.33,1.0,<Residue ASP het=  resseq=70 icode= >,3gva_A_A,2.0
561,9.918,ASP, ,CG,98.77,0.33,1.0,<Residue ASP het=  resseq=70 icode= >,3gva_A_A,2.0
562,41.783,ASP, ,OD1,98.77,0.22,1.0,<Residue ASP het=  resseq=70 icode= >,3gva_A_A,2.0
563,28.313,ASP, ,OD2,98.77,-0.26,1.0,<Residue ASP het=  resseq=70 icode= >,3gva_A_A,2.0
564,0.0,ILE, ,N,87.97,1.12,1.0,<Residue ILE het=  resseq=71 icode= >,3gva_A_A,2.0
565,0.0,ILE, ,CA,85.69,1.10,1.0,<Residue ILE het=  resseq=71 icode= >,3gva_A_A,2.0
566,0.0,ILE, ,C,83.79,0.85,1.0,<Residue ILE het=  resseq=71 icode= >,3gva_A_A,2.0
567,14.329,ILE, ,O,84.93,0.51,1.0,<Residue ILE het=  resseq=71 icode= >,3gva_A_A,2.0
568,0.89,ILE, ,CB,75.42,1.43,1.0,<Residue ILE het=  resseq=71 icode= >,3gva_A_A,2.0
569,0.0,ILE, ,CG1,75.6,0.95,1.0,<Residue ILE het=  resseq=71 icode= >,3gva_A_A,2.0
570,27.044,ILE, ,CG2,76.66,0.04,1.0,<Residue ILE het=  resseq=71 icode= >,3gva_A_A,2.0
571,0.875,ILE, ,CD1,75.92,0.36,1.0,<Residue ILE het=  resseq=71 icode= >,3gva_A_A,2.0
572,0.421,SER, ,N,64.39,1.04,1.0,<Residue SER het=  resseq=72 icode= >,3gva_A_A,2.0
573,8.607,SER, ,CA,60.14,1.21,1.0,<Residue SER het=  resseq=72 icode= >,3gva_A_A,2.0
574,0.546,SER, ,C,56.32,1.99,1.0,<Residue SER het=  resseq=72 icode= >,3gva_A_A,2.0
575,0.0,SER, ,O,55.35,2.16,1.0,<Residue SER het=  resseq=72 icode= >,3gva_A_A,2.0
576,40.182,SER, ,CB,59.61,0.84,1.0,<Residue SER het=  resseq=72 icode= >,3gva_A_A,2.0
577,7.282,SER, ,OG,57.79,0.90,1.0,<Residue SER het=  resseq=72 icode= >,3gva_A_A,2.0
578,8.983,ALA, ,N,47.71,1.30,1.0,<Residue ALA het=  resseq=73 icode= >,3gva_A_A,2.0
579,8.442,ALA, ,CA,43.24,1.79,1.0,<Residue ALA het=  resseq=73 icode= >,3gva_A_A,2.0
580,0.0,ALA, ,C,39.92,2.79,1.0,<Residue ALA het=  resseq=73 icode= >,3gva_A_A,2.0
581,0.143,ALA, ,O,37.0,2.97,1.0,<Residue ALA het=  resseq=73 icode= >,3gva_A_A,2.0
582,62.014,ALA, ,CB,43.91,0.77,1.0,<Residue ALA het=  resseq=73 icode= >,3gva_A_A,2.0
583,5.87,GLY, ,N,43.55,1.78,1.0,<Residue GLY het=  resseq=74 icode= >,3gva_A_A,2.0
584,24.795,GLY, ,CA,40.49,1.87,1.0,<Residue GLY het=  resseq=74 icode= >,3gva_A_A,2.0
585,2.752,GLY, ,C,37.26,3.21,1.0,<Residue GLY het=  resseq=74 icode= >,3gva_A_A,2.0
586,0.0,GLY, ,O,37.62,2.32,1.0,<Residue GLY het=  resseq=74 icode= >,3gva_A_A,2.0
587,0.668,GLU, ,N,35.62,2.35,1.0,<Residue GLU het=  resseq=75 icode= >,3gva_A_A,2.0
588,0.692,GLU, ,CA,34.15,2.07,1.0,<Residue GLU het=  resseq=75 icode= >,3gva_A_A,2.0
589,0.0,GLU, ,C,32.69,2.19,1.0,<Residue GLU het=  resseq=75 icode= >,3gva_A_A,2.0
590,0.36,GLU, ,O,28.33,3.04,1.0,<Residue GLU het=  resseq=75 icode= >,3gva_A_A,2.0
591,0.0,GLU, ,CB,38.44,2.13,1.0,<Residue GLU het=  resseq=75 icode= >,3gva_A_A,2.0
592,12.868,GLU, ,CG,45.99,0.61,1.0,<Residue GLU het=  resseq=75 icode= >,3gva_A_A,2.0
593,0.938,GLU, ,CD,49.09,1.68,1.0,<Residue GLU het=  resseq=75 icode= >,3gva_A_A,2.0
594,23.12,GLU, ,OE1,52.23,1.31,1.0,<Residue GLU het=  resseq=75 icode= >,3gva_A_A,2.0
595,1.787,GLU, ,OE2,52.76,0.59,1.0,<Residue GLU het=  resseq=75 icode= >,3gva_A_A,2.0
596,0.0,GLN, ,N,29.63,2.41,1.0,<Residue GLN het=  resseq=76 icode= >,3gva_A_A,2.0
597,0.0,GLN, ,CA,29.17,2.08,1.0,<Residue GLN het=  resseq=76 icode= >,3gva_A_A,2.0
598,0.0,GLN, ,C,25.2,3.82,1.0,<Residue GLN het=  resseq=76 icode= >,3gva_A_A,2.0
599,0.0,GLN, ,O,22.58,3.47,1.0,<Residue GLN het=  resseq=76 icode= >,3gva_A_A,2.0
600,5.115,GLN, ,CB,32.44,2.32,1.0,<Residue GLN het=  resseq=76 icode= >,3gva_A_A,2.0
601,23.746,GLN, ,CG,36.96,2.19,1.0,<Residue GLN het=  resseq=76 icode= >,3gva_A_A,2.0
602,2.499,GLN, ,CD,43.05,1.87,1.0,<Residue GLN het=  resseq=76 icode= >,3gva_A_A,2.0
603,2.364,GLN, ,OE1,46.48,1.85,1.0,<Residue GLN het=  resseq=76 icode= >,3gva_A_A,2.0
604,44.495,GLN, ,NE2,42.89,1.53,1.0,<Residue GLN het=  resseq=76 icode= >,3gva_A_A,2.0
605,0.0,ARG, ,N,20.15,3.69,1.0,<Residue ARG het=  resseq=77 icode= >,3gva_A_A,2.0
606,3.414,ARG, ,CA,24.05,2.65,1.0,<Residue ARG het=  resseq=77 icode= >,3gva_A_A,2.0
607,0.0,ARG, ,C,22.44,4.19,1.0,<Residue ARG het=  resseq=77 icode= >,3gva_A_A,2.0
608,0.0,ARG, ,O,21.26,4.05,1.0,<Residue ARG het=  resseq=77 icode= >,3gva_A_A,2.0
609,0.811,ARG, ,CB,35.7,1.64,1.0,<Residue ARG het=  resseq=77 icode= >,3gva_A_A,2.0
610,16.739,ARG, ,CG,40.9,1.35,1.0,<Residue ARG het=  resseq=77 icode= >,3gva_A_A,2.0
611,11.088,ARG, ,CD,44.67,2.08,1.0,<Residue ARG het=  resseq=77 icode= >,3gva_A_A,2.0
612,6.444,ARG, ,NE,49.94,1.28,1.0,<Residue ARG het=  resseq=77 icode= >,3gva_A_A,2.0
613,4.368,ARG, ,CZ,52.57,1.39,1.0,<Residue ARG het=  resseq=77 icode= >,3gva_A_A,2.0
614,19.123,ARG, ,NH1,54.43,0.99,1.0,<Residue ARG het=  resseq=77 icode= >,3gva_A_A,2.0
615,16.515,ARG, ,NH2,55.46,0.55,1.0,<Residue ARG het=  resseq=77 icode= >,3gva_A_A,2.0
616,0.0,GLN, ,N,23.76,3.67,1.0,<Residue GLN het=  resseq=78 icode= >,3gva_A_A,2.0
617,0.0,GLN, ,CA,20.76,3.29,1.0,<Residue GLN het=  resseq=78 icode= >,3gva_A_A,2.0
618,0.0,GLN, ,C,20.62,3.97,1.0,<Residue GLN het=  resseq=78 icode= >,3gva_A_A,2.0
619,0.0,GLN, ,O,19.72,3.68,1.0,<Residue GLN het=  resseq=78 icode= >,3gva_A_A,2.0
620,0.057,GLN, ,CB,23.65,2.95,1.0,<Residue GLN het=  resseq=78 icode= >,3gva_A_A,2.0
621,0.0,GLN, ,CG,20.93,2.61,1.0,<Residue GLN het=  resseq=78 icode= >,3gva_A_A,2.0
622,0.219,GLN, ,CD,20.12,4.04,1.0,<Residue GLN het=  resseq=78 icode= >,3gva_A_A,2.0
623,17.062,GLN, ,OE1,19.01,5.11,1.0,<Residue GLN het=  resseq=78 icode= >,3gva_A_A,2.0
624,0.555,GLN, ,NE2,19.73,3.18,1.0,<Residue GLN het=  resseq=78 icode= >,3gva_A_A,2.0
625,0.0,LYS, ,N,19.51,4.10,1.0,<Residue LYS het=  resseq=79 icode= >,3gva_A_A,2.0
626,0.0,LYS, ,CA,19.65,2.92,1.0,<Residue LYS het=  resseq=79 icode= >,3gva_A_A,2.0
627,0.0,LYS, ,C,19.31,4.09,1.0,<Residue LYS het=  resseq=79 icode= >,3gva_A_A,2.0
628,0.0,LYS, ,O,18.59,4.55,1.0,<Residue LYS het=  resseq=79 icode= >,3gva_A_A,2.0
629,0.0,LYS, ,CB,24.7,2.12,1.0,<Residue LYS het=  resseq=79 icode= >,3gva_A_A,2.0
630,0.0,LYS, ,CG,27.78,2.36,1.0,<Residue LYS het=  resseq=79 icode= >,3gva_A_A,2.0
631,0.786,LYS, ,CD,31.75,1.63,1.0,<Residue LYS het=  resseq=79 icode= >,3gva_A_A,2.0
632,5.943,LYS, ,CE,36.8,1.03,1.0,<Residue LYS het=  resseq=79 icode= >,3gva_A_A,2.0
633,24.296,LYS, ,NZ,34.52,1.35,1.0,<Residue LYS het=  resseq=79 icode= >,3gva_A_A,2.0
634,0.0,ASP, ,N,20.98,3.40,1.0,<Residue ASP het=  resseq=80 icode= >,3gva_A_A,2.0
635,2.179,ASP, ,CA,20.07,3.84,1.0,<Residue ASP het=  resseq=80 icode= >,3gva_A_A,2.0
636,0.0,ASP, ,C,21.36,4.39,1.0,<Residue ASP het=  resseq=80 icode= >,3gva_A_A,2.0
637,1.287,ASP, ,O,20.18,3.78,1.0,<Residue ASP het=  resseq=80 icode= >,3gva_A_A,2.0
638,10.908,ASP, ,CB,20.66,2.83,1.0,<Residue ASP het=  resseq=80 icode= >,3gva_A_A,2.0
639,8.37,ASP, ,CG,23.78,3.29,1.0,<Residue ASP het=  resseq=80 icode= >,3gva_A_A,2.0
640,17.287,ASP, ,OD1,26.05,2.94,1.0,<Residue ASP het=  resseq=80 icode= >,3gva_A_A,2.0
641,31.414,ASP, ,OD2,27.7,3.09,1.0,<Residue ASP het=  resseq=80 icode= >,3gva_A_A,2.0
642,0.0,ARG, ,N,19.2,4.01,1.0,<Residue ARG het=  resseq=81 icode= >,3gva_A_A,2.0
643,0.234,ARG, ,CA,19.97,3.66,1.0,<Residue ARG het=  resseq=81 icode= >,3gva_A_A,2.0
644,0.0,ARG, ,C,20.48,4.59,1.0,<Residue ARG het=  resseq=81 icode= >,3gva_A_A,2.0
645,0.591,ARG, ,O,18.6,3.89,1.0,<Residue ARG het=  resseq=81 icode= >,3gva_A_A,2.0
646,2.983,ARG, ,CB,20.75,2.59,1.0,<Residue ARG het=  resseq=81 icode= >,3gva_A_A,2.0
647,10.569,ARG, ,CG,24.19,2.02,1.0,<Residue ARG het=  resseq=81 icode= >,3gva_A_A,2.0
648,5.865,ARG, ,CD,26.38,2.29,1.0,<Residue ARG het=  resseq=81 icode= >,3gva_A_A,2.0
649,5.306,ARG, ,NE,29.13,3.19,1.0,<Residue ARG het=  resseq=81 icode= >,3gva_A_A,2.0
650,4.553,ARG, ,CZ,31.88,3.11,1.0,<Residue ARG het=  resseq=81 icode= >,3gva_A_A,2.0
651,23.249,ARG, ,NH1,32.65,2.24,1.0,<Residue ARG het=  resseq=81 icode= >,3gva_A_A,2.0
652,11.728,ARG, ,NH2,34.61,1.57,1.0,<Residue ARG het=  resseq=81 icode= >,3gva_A_A,2.0
653,0.0,LEU, ,N,19.7,3.66,1.0,<Residue LEU het=  resseq=82 icode= >,3gva_A_A,2.0
654,0.0,LEU, ,CA,16.79,3.11,1.0,<Residue LEU het=  resseq=82 icode= >,3gva_A_A,2.0
655,0.0,LEU, ,C,19.49,4.47,1.0,<Residue LEU het=  resseq=82 icode= >,3gva_A_A,2.0
656,0.0,LEU, ,O,20.02,4.06,1.0,<Residue LEU het=  resseq=82 icode= >,3gva_A_A,2.0
657,0.0,LEU, ,CB,16.45,2.73,1.0,<Residue LEU het=  resseq=82 icode= >,3gva_A_A,2.0
658,0.0,LEU, ,CG,17.45,3.37,1.0,<Residue LEU het=  resseq=82 icode= >,3gva_A_A,2.0
659,0.0,LEU, ,CD1,14.97,2.85,1.0,<Residue LEU het=  resseq=82 icode= >,3gva_A_A,2.0
660,0.318,LEU, ,CD2,20.16,2.48,1.0,<Residue LEU het=  resseq=82 icode= >,3gva_A_A,2.0
661,0.0,GLU, ,N,17.68,4.39,1.0,<Residue GLU het=  resseq=83 icode= >,3gva_A_A,2.0
662,0.247,GLU, ,CA,22.92,2.55,1.0,<Residue GLU het=  resseq=83 icode= >,3gva_A_A,2.0
663,1.345,GLU, ,C,23.62,4.08,1.0,<Residue GLU het=  resseq=83 icode= >,3gva_A_A,2.0
664,15.371,GLU, ,O,22.41,4.02,1.0,<Residue GLU het=  resseq=83 icode= >,3gva_A_A,2.0
665,16.298,GLU, ,CB,25.73,2.52,1.0,<Residue GLU het=  resseq=83 icode= >,3gva_A_A,2.0
666,0.932,GLU, ,CG,28.31,2.20,1.0,<Residue GLU het=  resseq=83 icode= >,3gva_A_A,2.0
667,4.696,GLU, ,CD,31.78,3.55,1.0,<Residue GLU het=  resseq=83 icode= >,3gva_A_A,2.0
668,13.897,GLU, ,OE1,37.24,2.17,1.0,<Residue GLU het=  resseq=83 icode= >,3gva_A_A,2.0
669,23.995,GLU, ,OE2,35.4,2.54,1.0,<Residue GLU het=  resseq=83 icode= >,3gva_A_A,2.0
670,0.05,GLU, ,N,24.4,3.95,1.0,<Residue GLU het=  resseq=84 icode= >,3gva_A_A,2.0
671,7.914,GLU, ,CA,27.23,2.35,1.0,<Residue GLU het=  resseq=84 icode= >,3gva_A_A,2.0
672,0.0,GLU, ,C,27.16,3.28,1.0,<Residue GLU het=  resseq=84 icode= >,3gva_A_A,2.0
673,17.958,GLU, ,O,27.21,3.05,1.0,<Residue GLU het=  resseq=84 icode= >,3gva_A_A,2.0
674,10.609,GLU, ,CB,29.19,2.32,1.0,<Residue GLU het=  resseq=84 icode= >,3gva_A_A,2.0
675,24.512,GLU, ,CG,33.05,1.69,1.0,<Residue GLU het=  resseq=84 icode= >,3gva_A_A,2.0
676,8.842,GLU, ,CD,33.53,3.16,1.0,<Residue GLU het=  resseq=84 icode= >,3gva_A_A,2.0
677,37.13,GLU, ,OE1,32.21,3.15,1.0,<Residue GLU het=  resseq=84 icode= >,3gva_A_A,2.0
678,24.651,GLU, ,OE2,37.38,1.62,1.0,<Residue GLU het=  resseq=84 icode= >,3gva_A_A,2.0
679,0.0,GLU, ,N,27.76,2.91,1.0,<Residue GLU het=  resseq=85 icode= >,3gva_A_A,2.0
680,0.0,GLU, ,CA,27.4,2.33,1.0,<Residue GLU het=  resseq=85 icode= >,3gva_A_A,2.0
681,1.959,GLU, ,C,28.29,3.51,1.0,<Residue GLU het=  resseq=85 icode= >,3gva_A_A,2.0
682,8.438,GLU, ,O,29.65,3.13,1.0,<Residue GLU het=  resseq=85 icode= >,3gva_A_A,2.0
683,0.0,GLU, ,CB,23.39,2.46,1.0,<Residue GLU het=  resseq=85 icode= >,3gva_A_A,2.0
684,3.689,GLU, ,CG,23.27,2.17,1.0,<Residue GLU het=  resseq=85 icode= >,3gva_A_A,2.0
685,0.0,GLU, ,CD,24.64,3.82,1.0,<Residue GLU het=  resseq=85 icode= >,3gva_A_A,2.0
686,8.539,GLU, ,OE1,24.32,3.43,1.0,<Residue GLU het=  resseq=85 icode= >,3gva_A_A,2.0
687,0.155,GLU, ,OE2,21.0,4.15,1.0,<Residue GLU het=  resseq=85 icode= >,3gva_A_A,2.0
688,1.33,GLY, ,N,25.92,3.70,1.0,<Residue GLY het=  resseq=86 icode= >,3gva_A_A,2.0
689,33.85,GLY, ,CA,25.17,2.39,1.0,<Residue GLY het=  resseq=86 icode= >,3gva_A_A,2.0
690,3.594,GLY, ,C,23.87,4.10,1.0,<Residue GLY het=  resseq=86 icode= >,3gva_A_A,2.0
691,19.362,GLY, ,O,25.41,3.09,1.0,<Residue GLY het=  resseq=86 icode= >,3gva_A_A,2.0
692,0.0,VAL, ,N,22.19,3.33,1.0,<Residue VAL het=  resseq=87 icode= >,3gva_A_A,2.0
693,0.0,VAL, ,CA,19.0,3.57,1.0,<Residue VAL het=  resseq=87 icode= >,3gva_A_A,2.0
694,0.72,VAL, ,C,19.25,4.86,1.0,<Residue VAL het=  resseq=87 icode= >,3gva_A_A,2.0
695,3.986,VAL, ,O,20.58,4.35,1.0,<Residue VAL het=  resseq=87 icode= >,3gva_A_A,2.0
696,0.0,VAL, ,CB,22.57,2.92,1.0,<Residue VAL het=  resseq=87 icode= >,3gva_A_A,2.0
697,0.0,VAL, ,CG1,19.83,3.38,1.0,<Residue VAL het=  resseq=87 icode= >,3gva_A_A,2.0
698,0.0,VAL, ,CG2,20.47,2.47,1.0,<Residue VAL het=  resseq=87 icode= >,3gva_A_A,2.0
699,0.0,GLU, ,N,18.21,3.74,1.0,<Residue GLU het=  resseq=88 icode= >,3gva_A_A,2.0
700,2.788,GLU, ,CA,22.01,2.62,1.0,<Residue GLU het=  resseq=88 icode= >,3gva_A_A,2.0
701,0.0,GLU, ,C,22.71,4.14,1.0,<Residue GLU het=  resseq=88 icode= >,3gva_A_A,2.0
702,1.084,GLU, ,O,20.33,4.28,1.0,<Residue GLU het=  resseq=88 icode= >,3gva_A_A,2.0
703,14.381,GLU, ,CB,23.05,2.42,1.0,<Residue GLU het=  resseq=88 icode= >,3gva_A_A,2.0
704,26.313,GLU, ,CG,32.84,2.02,1.0,<Residue GLU het=  resseq=88 icode= >,3gva_A_A,2.0
705,9.916,GLU, ,CD,35.23,3.14,1.0,<Residue GLU het=  resseq=88 icode= >,3gva_A_A,2.0
706,34.432,GLU, ,OE1,37.9,2.20,1.0,<Residue GLU het=  resseq=88 icode= >,3gva_A_A,2.0
707,32.155,GLU, ,OE2,41.75,1.75,1.0,<Residue GLU het=  resseq=88 icode= >,3gva_A_A,2.0
708,1.153,ILE, ,N,21.86,4.12,1.0,<Residue ILE het=  resseq=89 icode= >,3gva_A_A,2.0
709,0.0,ILE, ,CA,24.23,3.49,1.0,<Residue ILE het=  resseq=89 icode= >,3gva_A_A,2.0
710,0.0,ILE, ,C,23.92,3.42,1.0,<Residue ILE het=  resseq=89 icode= >,3gva_A_A,2.0
711,16.064,ILE, ,O,25.92,3.30,1.0,<Residue ILE het=  resseq=89 icode= >,3gva_A_A,2.0
712,0.0,ILE, ,CB,25.5,2.91,1.0,<Residue ILE het=  resseq=89 icode= >,3gva_A_A,2.0
713,0.087,ILE, ,CG1,29.14,2.35,1.0,<Residue ILE het=  resseq=89 icode= >,3gva_A_A,2.0
714,0.062,ILE, ,CG2,26.71,1.85,1.0,<Residue ILE het=  resseq=89 icode= >,3gva_A_A,2.0
715,0.0,ILE, ,CD1,34.05,0.89,1.0,<Residue ILE het=  resseq=89 icode= >,3gva_A_A,2.0
716,0.0,TYR, ,N,20.78,3.94,1.0,<Residue TYR het=  resseq=90 icode= >,3gva_A_A,2.0
717,5.965,TYR, ,CA,21.75,3.32,1.0,<Residue TYR het=  resseq=90 icode= >,3gva_A_A,2.0
718,0.379,TYR, ,C,21.59,3.90,1.0,<Residue TYR het=  resseq=90 icode= >,3gva_A_A,2.0
719,0.0,TYR, ,O,22.72,3.39,1.0,<Residue TYR het=  resseq=90 icode= >,3gva_A_A,2.0
720,26.638,TYR, ,CB,25.26,2.85,1.0,<Residue TYR het=  resseq=90 icode= >,3gva_A_A,2.0
721,2.642,TYR, ,CG,27.19,3.10,1.0,<Residue TYR het=  resseq=90 icode= >,3gva_A_A,2.0
722,9.4,TYR, ,CD1,29.67,2.36,1.0,<Residue TYR het=  resseq=90 icode= >,3gva_A_A,2.0
723,8.198,TYR, ,CD2,27.97,2.35,1.0,<Residue TYR het=  resseq=90 icode= >,3gva_A_A,2.0
724,13.922,TYR, ,CE1,31.48,1.58,1.0,<Residue TYR het=  resseq=90 icode= >,3gva_A_A,2.0
725,15.189,TYR, ,CE2,32.2,1.73,1.0,<Residue TYR het=  resseq=90 icode= >,3gva_A_A,2.0
726,4.763,TYR, ,CZ,29.67,3.03,1.0,<Residue TYR het=  resseq=90 icode= >,3gva_A_A,2.0
727,15.496,TYR, ,OH,34.12,2.74,1.0,<Residue TYR het=  resseq=90 icode= >,3gva_A_A,2.0
728,5.009,GLN, ,N,19.6,3.84,1.0,<Residue GLN het=  resseq=91 icode= >,3gva_A_A,2.0
729,0.0,GLN, ,CA,22.37,3.08,1.0,<Residue GLN het=  resseq=91 icode= >,3gva_A_A,2.0
730,0.0,GLN, ,C,23.28,3.33,1.0,<Residue GLN het=  resseq=91 icode= >,3gva_A_A,2.0
731,23.671,GLN, ,O,22.27,3.41,1.0,<Residue GLN het=  resseq=91 icode= >,3gva_A_A,2.0
732,13.882,GLN, ,CB,26.73,2.51,1.0,<Residue GLN het=  resseq=91 icode= >,3gva_A_A,2.0
733,3.685,GLN, ,CG,32.71,2.41,1.0,<Residue GLN het=  resseq=91 icode= >,3gva_A_A,2.0
734,4.135,GLN, ,CD,34.04,3.04,1.0,<Residue GLN het=  resseq=91 icode= >,3gva_A_A,2.0
735,28.813,GLN, ,OE1,39.85,1.98,1.0,<Residue GLN het=  resseq=91 icode= >,3gva_A_A,2.0
736,0.016,GLN, ,NE2,37.51,1.18,1.0,<Residue GLN het=  resseq=91 icode= >,3gva_A_A,2.0
737,0.0,THR, ,N,25.6,3.06,1.0,<Residue THR het=  resseq=92 icode= >,3gva_A_A,2.0
738,7.328,THR, ,CA,26.88,1.95,1.0,<Residue THR het=  resseq=92 icode= >,3gva_A_A,2.0
739,2.097,THR, ,C,28.32,3.90,1.0,<Residue THR het=  resseq=92 icode= >,3gva_A_A,2.0
740,6.019,THR, ,O,27.44,3.17,1.0,<Residue THR het=  resseq=92 icode= >,3gva_A_A,2.0
741,8.902,THR, ,CB,27.68,2.81,1.0,<Residue THR het=  resseq=92 icode= >,3gva_A_A,2.0
742,0.0,THR, ,OG1,23.89,3.75,1.0,<Residue THR het=  resseq=92 icode= >,3gva_A_A,2.0
743,11.189,THR, ,CG2,27.4,2.15,1.0,<Residue THR het=  resseq=92 icode= >,3gva_A_A,2.0
744,6.228,SER, ,N,36.3,2.68,1.0,<Residue SER het=  resseq=93 icode= >,3gva_A_A,2.0
745,12.876,SER, ,CA,39.06,2.15,1.0,<Residue SER het=  resseq=93 icode= >,3gva_A_A,2.0
746,0.835,SER, ,C,39.73,3.60,1.0,<Residue SER het=  resseq=93 icode= >,3gva_A_A,2.0
747,28.8,SER, ,O,41.46,2.44,1.0,<Residue SER het=  resseq=93 icode= >,3gva_A_A,2.0
748,46.472,SER, ,CB,41.58,1.21,1.0,<Residue SER het=  resseq=93 icode= >,3gva_A_A,2.0
749,27.055,SER, ,OG,43.28,2.00,1.0,<Residue SER het=  resseq=93 icode= >,3gva_A_A,2.0
750,0.0,LEU, ,N,33.37,2.63,1.0,<Residue LEU het=  resseq=94 icode= >,3gva_A_A,2.0
751,2.939,LEU, ,CA,36.73,2.37,1.0,<Residue LEU het=  resseq=94 icode= >,3gva_A_A,2.0
752,3.271,LEU, ,C,35.58,3.14,1.0,<Residue LEU het=  resseq=94 icode= >,3gva_A_A,2.0
753,15.567,LEU, ,O,36.2,2.78,1.0,<Residue LEU het=  resseq=94 icode= >,3gva_A_A,2.0
754,3.782,LEU, ,CB,45.73,1.31,1.0,<Residue LEU het=  resseq=94 icode= >,3gva_A_A,2.0
755,4.422,LEU, ,CG,50.22,0.73,1.0,<Residue LEU het=  resseq=94 icode= >,3gva_A_A,2.0
756,48.787,LEU, ,CD1,49.06,0.51,1.0,<Residue LEU het=  resseq=94 icode= >,3gva_A_A,2.0
757,56.874,LEU, ,CD2,48.39,0.92,1.0,<Residue LEU het=  resseq=94 icode= >,3gva_A_A,2.0
758,0.839,GLY, ,N,36.92,2.47,1.0,<Residue GLY het=  resseq=95 icode= >,3gva_A_A,2.0
759,6.462,GLY, ,CA,34.57,2.00,1.0,<Residue GLY het=  resseq=95 icode= >,3gva_A_A,2.0
760,0.0,GLY, ,C,34.33,2.42,1.0,<Residue GLY het=  resseq=95 icode= >,3gva_A_A,2.0
761,0.733,GLY, ,O,34.94,2.76,1.0,<Residue GLY het=  resseq=95 icode= >,3gva_A_A,2.0
762,0.0,GLU, ,N,27.47,3.11,1.0,<Residue GLU het=  resseq=96 icode= >,3gva_A_A,2.0
763,0.0,GLU, ,CA,27.54,2.63,1.0,<Residue GLU het=  resseq=96 icode= >,3gva_A_A,2.0
764,0.0,GLU, ,C,23.79,3.76,1.0,<Residue GLU het=  resseq=96 icode= >,3gva_A_A,2.0
765,0.0,GLU, ,O,23.63,2.86,1.0,<Residue GLU het=  resseq=96 icode= >,3gva_A_A,2.0
766,0.0,GLU, ,CB,32.64,1.99,1.0,<Residue GLU het=  resseq=96 icode= >,3gva_A_A,2.0
767,3.272,GLU, ,CG,38.45,1.63,1.0,<Residue GLU het=  resseq=96 icode= >,3gva_A_A,2.0
768,1.096,GLU, ,CD,40.81,2.45,1.0,<Residue GLU het=  resseq=96 icode= >,3gva_A_A,2.0
769,6.56,GLU, ,OE1,41.78,2.18,1.0,<Residue GLU het=  resseq=96 icode= >,3gva_A_A,2.0
770,19.601,GLU, ,OE2,43.91,1.68,1.0,<Residue GLU het=  resseq=96 icode= >,3gva_A_A,2.0
771,0.0,TYR, ,N,20.43,4.05,1.0,<Residue TYR het=  resseq=97 icode= >,3gva_A_A,2.0
772,0.0,TYR, ,CA,20.33,3.23,1.0,<Residue TYR het=  resseq=97 icode= >,3gva_A_A,2.0
773,0.0,TYR, ,C,19.87,4.19,1.0,<Residue TYR het=  resseq=97 icode= >,3gva_A_A,2.0
774,0.0,TYR, ,O,20.32,3.62,1.0,<Residue TYR het=  resseq=97 icode= >,3gva_A_A,2.0
775,0.0,TYR, ,CB,20.41,2.95,1.0,<Residue TYR het=  resseq=97 icode= >,3gva_A_A,2.0
776,0.0,TYR, ,CG,26.67,3.26,1.0,<Residue TYR het=  resseq=97 icode= >,3gva_A_A,2.0
777,0.477,TYR, ,CD1,26.15,2.87,1.0,<Residue TYR het=  resseq=97 icode= >,3gva_A_A,2.0
778,0.315,TYR, ,CD2,31.01,2.15,1.0,<Residue TYR het=  resseq=97 icode= >,3gva_A_A,2.0
779,8.992,TYR, ,CE1,34.53,1.59,1.0,<Residue TYR het=  resseq=97 icode= >,3gva_A_A,2.0
780,0.67,TYR, ,CE2,34.65,2.01,1.0,<Residue TYR het=  resseq=97 icode= >,3gva_A_A,2.0
781,0.338,TYR, ,CZ,35.83,2.03,1.0,<Residue TYR het=  resseq=97 icode= >,3gva_A_A,2.0
782,22.392,TYR, ,OH,42.99,0.96,1.0,<Residue TYR het=  resseq=97 icode= >,3gva_A_A,2.0
783,0.0,LYS, ,N,22.21,3.68,1.0,<Residue LYS het=  resseq=98 icode= >,3gva_A_A,2.0
784,0.0,LYS, ,CA,20.88,3.66,1.0,<Residue LYS het=  resseq=98 icode= >,3gva_A_A,2.0
785,0.34,LYS, ,C,18.77,4.44,1.0,<Residue LYS het=  resseq=98 icode= >,3gva_A_A,2.0
786,0.0,LYS, ,O,20.37,3.59,1.0,<Residue LYS het=  resseq=98 icode= >,3gva_A_A,2.0
787,0.0,LYS, ,CB,23.83,2.82,1.0,<Residue LYS het=  resseq=98 icode= >,3gva_A_A,2.0
788,0.0,LYS, ,CG,30.57,1.72,1.0,<Residue LYS het=  resseq=98 icode= >,3gva_A_A,2.0
789,5.308,LYS, ,CD,33.48,1.67,1.0,<Residue LYS het=  resseq=98 icode= >,3gva_A_A,2.0
790,30.679,LYS, ,CE,37.34,1.85,1.0,<Residue LYS het=  resseq=98 icode= >,3gva_A_A,2.0
791,17.351,LYS, ,NZ,42.25,1.54,1.0,<Residue LYS het=  resseq=98 icode= >,3gva_A_A,2.0
792,0.0,LEU, ,N,18.2,4.03,1.0,<Residue LEU het=  resseq=99 icode= >,3gva_A_A,2.0
793,0.0,LEU, ,CA,21.62,2.88,1.0,<Residue LEU het=  resseq=99 icode= >,3gva_A_A,2.0
794,0.0,LEU, ,C,23.74,3.62,1.0,<Residue LEU het=  resseq=99 icode= >,3gva_A_A,2.0
795,0.032,LEU, ,O,24.11,3.45,1.0,<Residue LEU het=  resseq=99 icode= >,3gva_A_A,2.0
796,0.0,LEU, ,CB,19.68,2.33,1.0,<Residue LEU het=  resseq=99 icode= >,3gva_A_A,2.0
797,0.09,LEU, ,CG,23.2,2.41,1.0,<Residue LEU het=  resseq=99 icode= >,3gva_A_A,2.0
798,0.0,LEU, ,CD1,23.49,1.79,1.0,<Residue LEU het=  resseq=99 icode= >,3gva_A_A,2.0
799,0.126,LEU, ,CD2,24.69,1.88,1.0,<Residue LEU het=  resseq=99 icode= >,3gva_A_A,2.0
800,0.98,ASN, ,N,20.32,3.71,1.0,<Residue ASN het=  resseq=100 icode= >,3gva_A_A,2.0
801,2.019,ASN, ,CA,24.87,2.28,1.0,<Residue ASN het=  resseq=100 icode= >,3gva_A_A,2.0
802,0.0,ASN, ,C,22.61,3.63,1.0,<Residue ASN het=  resseq=100 icode= >,3gva_A_A,2.0
803,0.0,ASN, ,O,24.36,3.13,1.0,<Residue ASN het=  resseq=100 icode= >,3gva_A_A,2.0
804,13.819,ASN, ,CB,24.78,2.45,1.0,<Residue ASN het=  resseq=100 icode= >,3gva_A_A,2.0
805,5.587,ASN, ,CG,30.2,3.40,1.0,<Residue ASN het=  resseq=100 icode= >,3gva_A_A,2.0
806,13.068,ASN, ,OD1,31.63,2.56,1.0,<Residue ASN het=  resseq=100 icode= >,3gva_A_A,2.0
807,26.711,ASN, ,ND2,31.8,1.54,1.0,<Residue ASN het=  resseq=100 icode= >,3gva_A_A,2.0
808,1.518,LEU, ,N,23.97,3.09,1.0,<Residue LEU het=  resseq=101 icode= >,3gva_A_A,2.0
809,0.0,LEU, ,CA,25.11,2.53,1.0,<Residue LEU het=  resseq=101 icode= >,3gva_A_A,2.0
810,0.0,LEU, ,C,25.24,3.66,1.0,<Residue LEU het=  resseq=101 icode= >,3gva_A_A,2.0
811,0.0,LEU, ,O,27.56,3.36,1.0,<Residue LEU het=  resseq=101 icode= >,3gva_A_A,2.0
812,5.549,LEU, ,CB,25.42,2.44,1.0,<Residue LEU het=  resseq=101 icode= >,3gva_A_A,2.0
813,0.38,LEU, ,CG,30.78,1.94,1.0,<Residue LEU het=  resseq=101 icode= >,3gva_A_A,2.0
814,0.0,LEU, ,CD1,29.7,1.56,1.0,<Residue LEU het=  resseq=101 icode= >,3gva_A_A,2.0
815,15.918,LEU, ,CD2,30.44,1.25,1.0,<Residue LEU het=  resseq=101 icode= >,3gva_A_A,2.0
816,0.0,PRO, ,N,28.1,3.91,1.0,<Residue PRO het=  resseq=102 icode= >,3gva_A_A,2.0
817,5.333,PRO, ,CA,29.61,2.79,1.0,<Residue PRO het=  resseq=102 icode= >,3gva_A_A,2.0
818,1.582,PRO, ,C,28.34,3.91,1.0,<Residue PRO het=  resseq=102 icode= >,3gva_A_A,2.0
819,16.814,PRO, ,O,28.71,3.13,1.0,<Residue PRO het=  resseq=102 icode= >,3gva_A_A,2.0
820,39.275,PRO, ,CB,26.63,2.80,1.0,<Residue PRO het=  resseq=102 icode= >,3gva_A_A,2.0
821,24.623,PRO, ,CG,29.36,2.16,1.0,<Residue PRO het=  resseq=102 icode= >,3gva_A_A,2.0
822,17.865,PRO, ,CD,27.78,2.88,1.0,<Residue PRO het=  resseq=102 icode= >,3gva_A_A,2.0
823,0.274,GLU, ,N,26.44,3.67,1.0,<Residue GLU het=  resseq=103 icode= >,3gva_A_A,2.0
824,9.501,GLU, ,CA,25.29,2.80,1.0,<Residue GLU het=  resseq=103 icode= >,3gva_A_A,2.0
825,0.455,GLU, ,C,25.55,4.03,1.0,<Residue GLU het=  resseq=103 icode= >,3gva_A_A,2.0
826,13.502,GLU, ,O,25.0,3.20,1.0,<Residue GLU het=  resseq=103 icode= >,3gva_A_A,2.0
827,2.798,GLU, ,CB,29.35,2.27,1.0,<Residue GLU het=  resseq=103 icode= >,3gva_A_A,2.0
828,16.267,GLU, ,CG,28.44,2.61,1.0,<Residue GLU het=  resseq=103 icode= >,3gva_A_A,2.0
829,8.487,GLU, ,CD,31.6,3.54,1.0,<Residue GLU het=  resseq=103 icode= >,3gva_A_A,2.0
830,31.324,GLU, ,OE1,32.6,2.61,1.0,<Residue GLU het=  resseq=103 icode= >,3gva_A_A,2.0
831,16.462,GLU, ,OE2,31.84,3.03,1.0,<Residue GLU het=  resseq=103 icode= >,3gva_A_A,2.0
832,0.0,TYR, ,N,20.79,3.46,1.0,<Residue TYR het=  resseq=104 icode= >,3gva_A_A,2.0
833,0.0,TYR, ,CA,21.61,2.78,1.0,<Residue TYR het=  resseq=104 icode= >,3gva_A_A,2.0
834,0.08,TYR, ,C,21.26,3.78,1.0,<Residue TYR het=  resseq=104 icode= >,3gva_A_A,2.0
835,0.0,TYR, ,O,17.79,4.44,1.0,<Residue TYR het=  resseq=104 icode= >,3gva_A_A,2.0
836,0.0,TYR, ,CB,20.81,2.93,1.0,<Residue TYR het=  resseq=104 icode= >,3gva_A_A,2.0
837,0.0,TYR, ,CG,20.28,3.41,1.0,<Residue TYR het=  resseq=104 icode= >,3gva_A_A,2.0
838,0.0,TYR, ,CD1,20.86,3.54,1.0,<Residue TYR het=  resseq=104 icode= >,3gva_A_A,2.0
839,3.624,TYR, ,CD2,22.49,2.79,1.0,<Residue TYR het=  resseq=104 icode= >,3gva_A_A,2.0
840,1.156,TYR, ,CE1,22.15,2.59,1.0,<Residue TYR het=  resseq=104 icode= >,3gva_A_A,2.0
841,13.741,TYR, ,CE2,24.44,2.32,1.0,<Residue TYR het=  resseq=104 icode= >,3gva_A_A,2.0
842,0.163,TYR, ,CZ,24.5,3.47,1.0,<Residue TYR het=  resseq=104 icode= >,3gva_A_A,2.0
843,7.016,TYR, ,OH,23.16,3.63,1.0,<Residue TYR het=  resseq=104 icode= >,3gva_A_A,2.0
844,0.0,MET, ,N,25.49,2.95,1.0,<Residue MET het=  resseq=105 icode= >,3gva_A_A,2.0
845,0.0,MET, ,CA,28.69,3.65,1.0,<Residue MET het=  resseq=105 icode= >,3gva_A_A,2.0
846,0.0,MET, ,C,29.91,3.61,1.0,<Residue MET het=  resseq=105 icode= >,3gva_A_A,2.0
847,4.565,MET, ,O,28.61,3.11,1.0,<Residue MET het=  resseq=105 icode= >,3gva_A_A,2.0
848,0.752,MET, ,CB,42.08,1.05,1.0,<Residue MET het=  resseq=105 icode= >,3gva_A_A,2.0
849,7.52,MET, ,CG,45.59,1.60,1.0,<Residue MET het=  resseq=105 icode= >,3gva_A_A,2.0
850,0.392,MET, ,SD,51.95,3.44,1.0,<Residue MET het=  resseq=105 icode= >,3gva_A_A,2.0
851,29.651,MET, ,CE,47.03,1.66,1.0,<Residue MET het=  resseq=105 icode= >,3gva_A_A,2.0
852,0.0,TRP, ,N,27.14,3.18,1.0,<Residue TRP het=  resseq=106 icode= >,3gva_A_A,2.0
853,0.263,TRP, ,CA,27.51,3.43,1.0,<Residue TRP het=  resseq=106 icode= >,3gva_A_A,2.0
854,0.0,TRP, ,C,29.24,3.72,1.0,<Residue TRP het=  resseq=106 icode= >,3gva_A_A,2.0
855,2.793,TRP, ,O,29.41,3.33,1.0,<Residue TRP het=  resseq=106 icode= >,3gva_A_A,2.0
856,0.0,TRP, ,CB,25.46,3.26,1.0,<Residue TRP het=  resseq=106 icode= >,3gva_A_A,2.0
857,0.0,TRP, ,CG,24.45,3.04,1.0,<Residue TRP het=  resseq=106 icode= >,3gva_A_A,2.0
858,4.882,TRP, ,CD1,26.43,2.83,1.0,<Residue TRP het=  resseq=106 icode= >,3gva_A_A,2.0
859,0.0,TRP, ,CD2,25.04,3.05,1.0,<Residue TRP het=  resseq=106 icode= >,3gva_A_A,2.0
860,10.33,TRP, ,NE1,27.26,2.67,1.0,<Residue TRP het=  resseq=106 icode= >,3gva_A_A,2.0
861,0.0,TRP, ,CE2,26.19,3.15,1.0,<Residue TRP het=  resseq=106 icode= >,3gva_A_A,2.0
862,1.964,TRP, ,CE3,25.21,2.39,1.0,<Residue TRP het=  resseq=106 icode= >,3gva_A_A,2.0
863,10.304,TRP, ,CZ2,27.95,2.47,1.0,<Residue TRP het=  resseq=106 icode= >,3gva_A_A,2.0
864,0.417,TRP, ,CZ3,29.15,1.97,1.0,<Residue TRP het=  resseq=106 icode= >,3gva_A_A,2.0
865,0.0,TRP, ,CH2,28.04,2.32,1.0,<Residue TRP het=  resseq=106 icode= >,3gva_A_A,2.0
866,3.473,LYS, ,N,33.99,2.95,1.0,<Residue LYS het=  resseq=107 icode= >,3gva_A_A,2.0
867,0.0,LYS, ,CA,40.37,2.00,1.0,<Residue LYS het=  resseq=107 icode= >,3gva_A_A,2.0
868,1.078,LYS, ,C,42.0,1.41,1.0,<Residue LYS het=  resseq=107 icode= >,3gva_A_A,2.0
869,16.905,LYS, ,O,43.6,1.39,1.0,<Residue LYS het=  resseq=107 icode= >,3gva_A_A,2.0
870,16.895,LYS, ,CB,62.31,1.07,1.0,<Residue LYS het=  resseq=107 icode= >,3gva_A_A,2.0
871,25.476,LYS, ,CG,67.37,1.05,1.0,<Residue LYS het=  resseq=107 icode= >,3gva_A_A,2.0
872,38.587,LYS, ,CD,70.28,0.97,1.0,<Residue LYS het=  resseq=107 icode= >,3gva_A_A,2.0
873,37.307,LYS, ,CE,72.22,0.69,1.0,<Residue LYS het=  resseq=107 icode= >,3gva_A_A,2.0
874,11.619,LYS, ,NZ,70.26,0.92,1.0,<Residue LYS het=  resseq=107 icode= >,3gva_A_A,2.0
875,0.14,PRO, ,N,35.64,2.93,1.0,<Residue PRO het=  resseq=108 icode= >,3gva_A_A,2.0
876,1.022,PRO, ,CA,38.42,1.52,1.0,<Residue PRO het=  resseq=108 icode= >,3gva_A_A,2.0
877,28.497,PRO, ,C,38.94,2.52,1.0,<Residue PRO het=  resseq=108 icode= >,3gva_A_A,2.0
878,37.932,PRO, ,O,37.33,2.83,1.0,<Residue PRO het=  resseq=108 icode= >,3gva_A_A,2.0
879,16.777,PRO, ,CB,39.62,1.50,1.0,<Residue PRO het=  resseq=108 icode= >,3gva_A_A,2.0
880,9.467,PRO, ,CG,38.1,1.93,1.0,<Residue PRO het=  resseq=108 icode= >,3gva_A_A,2.0
881,14.115,PRO, ,CD,34.78,3.40,1.0,<Residue PRO het=  resseq=108 icode= >,3gva_A_A,2.0
