,ASA,aa,altloc,atom,bfac,d2r,dASA,dens,occ,residue,id,resolu
0,49.647,MET, ,N,57.48,6.24,0.0,0.20,1.0,<Residue MET het=  resseq=62 icode= >,3igm_B_A,2.2
1,14.034,MET, ,CA,57.45,4.82,2.641,0.90,1.0,<Residue MET het=  resseq=62 icode= >,3igm_B_A,2.2
2,4.536,MET, ,C,56.79,4.65,0.0,1.01,1.0,<Residue MET het=  resseq=62 icode= >,3igm_B_A,2.2
3,24.579,MET, ,O,56.87,5.77,0.0,0.78,1.0,<Residue MET het=  resseq=62 icode= >,3igm_B_A,2.2
4,11.744,MET, ,CB,57.79,4.93,0.0,1.47,1.0,<Residue MET het=  resseq=62 icode= >,3igm_B_A,2.2
5,12.482,MET, ,CG,59.53,3.83,10.892,0.65,1.0,<Residue MET het=  resseq=62 icode= >,3igm_B_A,2.2
6,13.458,MET, ,SD,64.11,3.85,4.024,1.35,1.0,<Residue MET het=  resseq=62 icode= >,3igm_B_A,2.2
7,20.945,MET, ,CE,63.12,3.09,20.945,0.42,1.0,<Residue MET het=  resseq=62 icode= >,3igm_B_A,2.2
8,5.404,SER, ,N,55.88,3.57,4.404,0.84,1.0,<Residue SER het=  resseq=63 icode= >,3igm_B_A,2.2
9,10.402,SER, ,CA,54.59,4.07,0.0,1.10,1.0,<Residue SER het=  resseq=63 icode= >,3igm_B_A,2.2
10,0.179,SER, ,C,53.54,4.99,0.0,1.98,1.0,<Residue SER het=  resseq=63 icode= >,3igm_B_A,2.2
11,20.958,SER, ,O,53.81,6.11,1.515,1.23,1.0,<Residue SER het=  resseq=63 icode= >,3igm_B_A,2.2
12,31.147,SER, ,CB,54.84,3.38,10.279,0.80,1.0,<Residue SER het=  resseq=63 icode= >,3igm_B_A,2.2
13,3.009,SER, ,OG,54.2,2.61,3.009,1.56,1.0,<Residue SER het=  resseq=63 icode= >,3igm_B_A,2.2
14,0.0,SER, ,N,51.78,4.84,0.0,1.57,1.0,<Residue SER het=  resseq=64 icode= >,3igm_B_A,2.2
15,2.351,SER, ,CA,50.05,6.05,2.351,1.71,1.0,<Residue SER het=  resseq=64 icode= >,3igm_B_A,2.2
16,3.206,SER, ,C,49.03,7.05,0.143,2.63,1.0,<Residue SER het=  resseq=64 icode= >,3igm_B_A,2.2
17,29.007,SER, ,O,49.01,8.25,23.429,1.86,1.0,<Residue SER het=  resseq=64 icode= >,3igm_B_A,2.2
18,4.489,SER, ,CB,49.9,5.98,4.489,2.13,1.0,<Residue SER het=  resseq=64 icode= >,3igm_B_A,2.2
19,0.0,SER, ,OG,48.99,5.70,0.0,2.59,1.0,<Residue SER het=  resseq=64 icode= >,3igm_B_A,2.2
20,0.418,GLY, ,N,47.48,6.75,0.0,1.89,1.0,<Residue GLY het=  resseq=65 icode= >,3igm_B_A,2.2
21,29.715,GLY, ,CA,45.56,7.91,0.0,1.33,1.0,<Residue GLY het=  resseq=65 icode= >,3igm_B_A,2.2
22,4.727,GLY, ,C,44.12,7.44,0.765,2.36,1.0,<Residue GLY het=  resseq=65 icode= >,3igm_B_A,2.2
23,27.599,GLY, ,O,44.39,8.14,0.014,1.08,1.0,<Residue GLY het=  resseq=65 icode= >,3igm_B_A,2.2
24,0.0,TYR, ,N,42.43,6.41,0.0,2.38,1.0,<Residue TYR het=  resseq=66 icode= >,3igm_B_A,2.2
25,0.03,TYR, ,CA,40.44,6.13,0.0,2.84,1.0,<Residue TYR het=  resseq=66 icode= >,3igm_B_A,2.2
26,0.023,TYR, ,C,39.4,4.73,0.0,4.10,1.0,<Residue TYR het=  resseq=66 icode= >,3igm_B_A,2.2
27,0.0,TYR, ,O,39.36,4.18,0.0,2.57,1.0,<Residue TYR het=  resseq=66 icode= >,3igm_B_A,2.2
28,13.193,TYR, ,CB,40.31,7.17,11.865,2.00,1.0,<Residue TYR het=  resseq=66 icode= >,3igm_B_A,2.2
29,2.463,TYR, ,CG,39.26,7.61,2.463,2.61,1.0,<Residue TYR het=  resseq=66 icode= >,3igm_B_A,2.2
30,3.704,TYR, ,CD1,37.46,7.35,3.704,2.38,1.0,<Residue TYR het=  resseq=66 icode= >,3igm_B_A,2.2
31,19.199,TYR, ,CD2,39.21,8.56,5.161,1.41,1.0,<Residue TYR het=  resseq=66 icode= >,3igm_B_A,2.2
32,23.688,TYR, ,CE1,38.13,8.10,23.482,1.88,1.0,<Residue TYR het=  resseq=66 icode= >,3igm_B_A,2.2
33,31.076,TYR, ,CE2,38.84,9.23,11.749,1.57,1.0,<Residue TYR het=  resseq=66 icode= >,3igm_B_A,2.2
34,7.767,TYR, ,CZ,38.92,9.01,5.333,2.92,1.0,<Residue TYR het=  resseq=66 icode= >,3igm_B_A,2.2
35,43.096,TYR, ,OH,39.8,9.91,27.97,2.00,1.0,<Residue TYR het=  resseq=66 icode= >,3igm_B_A,2.2
36,0.077,PRO, ,N,38.6,4.51,0.0,3.91,1.0,<Residue PRO het=  resseq=67 icode= >,3igm_B_A,2.2
37,7.562,PRO, ,CA,37.89,3.50,5.121,3.36,1.0,<Residue PRO het=  resseq=67 icode= >,3igm_B_A,2.2
38,1.351,PRO, ,C,37.13,3.59,0.018,3.41,1.0,<Residue PRO het=  resseq=67 icode= >,3igm_B_A,2.2
39,10.232,PRO, ,O,36.69,4.79,10.002,1.90,1.0,<Residue PRO het=  resseq=67 icode= >,3igm_B_A,2.2
40,34.521,PRO, ,CB,38.15,4.51,2.976,1.60,1.0,<Residue PRO het=  resseq=67 icode= >,3igm_B_A,2.2
41,41.778,PRO, ,CG,38.54,5.43,0.0,1.39,1.0,<Residue PRO het=  resseq=67 icode= >,3igm_B_A,2.2
42,14.146,PRO, ,CD,38.81,5.65,0.0,1.71,1.0,<Residue PRO het=  resseq=67 icode= >,3igm_B_A,2.2
43,7.834,GLY, ,N,36.14,2.74,6.433,2.64,1.0,<Residue GLY het=  resseq=68 icode= >,3igm_B_A,2.2
44,23.698,GLY, ,CA,34.72,3.29,15.59,2.72,1.0,<Residue GLY het=  resseq=68 icode= >,3igm_B_A,2.2
45,2.436,GLY, ,C,33.78,3.82,2.436,4.62,1.0,<Residue GLY het=  resseq=68 icode= >,3igm_B_A,2.2
46,0.0,GLY, ,O,33.52,4.19,0.0,3.04,1.0,<Residue GLY het=  resseq=68 icode= >,3igm_B_A,2.2
47,0.0,VAL, ,N,33.29,4.38,0.0,4.03,1.0,<Residue VAL het=  resseq=69 icode= >,3igm_B_A,2.2
48,0.0,VAL, ,CA,32.99,5.50,0.0,3.13,1.0,<Residue VAL het=  resseq=69 icode= >,3igm_B_A,2.2
49,0.0,VAL, ,C,33.64,5.44,0.0,3.82,1.0,<Residue VAL het=  resseq=69 icode= >,3igm_B_A,2.2
50,0.0,VAL, ,O,33.93,4.73,0.0,3.03,1.0,<Residue VAL het=  resseq=69 icode= >,3igm_B_A,2.2
51,0.0,VAL, ,CB,32.86,6.56,0.0,2.93,1.0,<Residue VAL het=  resseq=69 icode= >,3igm_B_A,2.2
52,15.863,VAL, ,CG1,30.47,7.73,15.863,2.00,1.0,<Residue VAL het=  resseq=69 icode= >,3igm_B_A,2.2
53,22.594,VAL, ,CG2,32.71,7.15,22.594,1.20,1.0,<Residue VAL het=  resseq=69 icode= >,3igm_B_A,2.2
54,0.0,SER, ,N,34.1,5.27,0.0,2.54,1.0,<Residue SER het=  resseq=70 icode= >,3igm_B_A,2.2
55,0.0,SER, ,CA,34.61,4.11,0.0,2.20,1.0,<Residue SER het=  resseq=70 icode= >,3igm_B_A,2.2
56,0.083,SER, ,C,35.06,4.83,0.0,3.73,1.0,<Residue SER het=  resseq=70 icode= >,3igm_B_A,2.2
57,0.58,SER, ,O,34.97,5.89,0.0,2.51,1.0,<Residue SER het=  resseq=70 icode= >,3igm_B_A,2.2
58,24.983,SER, ,CB,34.42,3.55,24.983,3.26,1.0,<Residue SER het=  resseq=70 icode= >,3igm_B_A,2.2
59,14.51,SER, ,OG,34.77,3.45,13.973,3.35,1.0,<Residue SER het=  resseq=70 icode= >,3igm_B_A,2.2
60,0.054,TRP, ,N,35.25,4.43,0.054,3.25,1.0,<Residue TRP het=  resseq=71 icode= >,3igm_B_A,2.2
61,0.0,TRP, ,CA,35.96,5.48,0.0,2.90,1.0,<Residue TRP het=  resseq=71 icode= >,3igm_B_A,2.2
62,0.845,TRP, ,C,36.38,4.51,0.766,3.71,1.0,<Residue TRP het=  resseq=71 icode= >,3igm_B_A,2.2
63,19.819,TRP, ,O,36.33,3.47,17.937,2.14,1.0,<Residue TRP het=  resseq=71 icode= >,3igm_B_A,2.2
64,2.855,TRP, ,CB,35.7,5.56,0.041,2.70,1.0,<Residue TRP het=  resseq=71 icode= >,3igm_B_A,2.2
65,1.933,TRP, ,CG,36.14,6.37,1.585,2.89,1.0,<Residue TRP het=  resseq=71 icode= >,3igm_B_A,2.2
66,10.423,TRP, ,CD1,36.04,5.85,2.107,2.68,1.0,<Residue TRP het=  resseq=71 icode= >,3igm_B_A,2.2
67,2.006,TRP, ,CD2,36.18,7.32,2.006,2.69,1.0,<Residue TRP het=  resseq=71 icode= >,3igm_B_A,2.2
68,15.724,TRP, ,NE1,36.17,6.52,3.07,2.87,1.0,<Residue TRP het=  resseq=71 icode= >,3igm_B_A,2.2
69,3.296,TRP, ,CE2,36.68,7.38,3.296,3.24,1.0,<Residue TRP het=  resseq=71 icode= >,3igm_B_A,2.2
70,0.387,TRP, ,CE3,35.84,8.36,0.387,2.56,1.0,<Residue TRP het=  resseq=71 icode= >,3igm_B_A,2.2
71,13.774,TRP, ,CZ2,37.44,8.44,10.727,2.12,1.0,<Residue TRP het=  resseq=71 icode= >,3igm_B_A,2.2
72,2.938,TRP, ,CZ3,35.33,9.29,2.938,2.50,1.0,<Residue TRP het=  resseq=71 icode= >,3igm_B_A,2.2
73,8.0,TRP, ,CH2,37.49,9.32,8.0,1.51,1.0,<Residue TRP het=  resseq=71 icode= >,3igm_B_A,2.2
74,0.0,ASN, ,N,36.92,4.47,0.0,2.91,1.0,<Residue ASN het=  resseq=72 icode= >,3igm_B_A,2.2
75,6.09,ASN, ,CA,37.09,3.50,6.09,2.80,1.0,<Residue ASN het=  resseq=72 icode= >,3igm_B_A,2.2
76,0.0,ASN, ,C,37.71,3.54,0.0,3.84,1.0,<Residue ASN het=  resseq=72 icode= >,3igm_B_A,2.2
77,0.0,ASN, ,O,37.83,4.72,0.0,2.36,1.0,<Residue ASN het=  resseq=72 icode= >,3igm_B_A,2.2
78,2.836,ASN, ,CB,36.44,4.46,0.873,2.01,1.0,<Residue ASN het=  resseq=72 icode= >,3igm_B_A,2.2
79,2.325,ASN, ,CG,35.38,3.95,2.325,3.84,1.0,<Residue ASN het=  resseq=72 icode= >,3igm_B_A,2.2
80,1.485,ASN, ,OD1,32.95,3.57,1.485,2.84,1.0,<Residue ASN het=  resseq=72 icode= >,3igm_B_A,2.2
81,38.302,ASN, ,ND2,34.63,2.91,37.416,2.04,1.0,<Residue ASN het=  resseq=72 icode= >,3igm_B_A,2.2
82,5.068,LYS, ,N,38.97,2.71,5.068,2.49,1.0,<Residue LYS het=  resseq=73 icode= >,3igm_B_A,2.2
83,0.782,LYS, ,CA,40.27,3.66,0.0,2.17,1.0,<Residue LYS het=  resseq=73 icode= >,3igm_B_A,2.2
84,1.815,LYS, ,C,40.39,4.57,0.0,3.71,1.0,<Residue LYS het=  resseq=73 icode= >,3igm_B_A,2.2
85,14.678,LYS, ,O,40.67,5.78,1.972,2.73,1.0,<Residue LYS het=  resseq=73 icode= >,3igm_B_A,2.2
86,24.068,LYS, ,CB,40.41,3.55,5.603,1.26,1.0,<Residue LYS het=  resseq=73 icode= >,3igm_B_A,2.2
87,6.367,LYS, ,CG,42.2,3.51,2.049,1.68,1.0,<Residue LYS het=  resseq=73 icode= >,3igm_B_A,2.2
88,33.363,LYS, ,CD,44.8,3.09,12.808,1.34,1.0,<Residue LYS het=  resseq=73 icode= >,3igm_B_A,2.2
89,39.663,LYS, ,CE,46.89,3.79,4.53,0.56,1.0,<Residue LYS het=  resseq=73 icode= >,3igm_B_A,2.2
90,49.095,LYS, ,NZ,48.65,4.19,1.125,0.08,1.0,<Residue LYS het=  resseq=73 icode= >,3igm_B_A,2.2
91,5.282,ARG, ,N,41.06,4.35,1.441,3.29,1.0,<Residue ARG het=  resseq=74 icode= >,3igm_B_A,2.2
92,10.609,ARG, ,CA,41.29,5.08,3.915,2.64,1.0,<Residue ARG het=  resseq=74 icode= >,3igm_B_A,2.2
93,0.0,ARG, ,C,41.25,5.69,0.0,2.91,1.0,<Residue ARG het=  resseq=74 icode= >,3igm_B_A,2.2
94,22.132,ARG, ,O,41.61,6.70,0.0,2.45,1.0,<Residue ARG het=  resseq=74 icode= >,3igm_B_A,2.2
95,18.274,ARG, ,CB,41.45,3.89,7.829,1.87,1.0,<Residue ARG het=  resseq=74 icode= >,3igm_B_A,2.2
96,18.062,ARG, ,CG,43.15,4.60,3.619,2.04,1.0,<Residue ARG het=  resseq=74 icode= >,3igm_B_A,2.2
97,39.3,ARG, ,CD,45.88,4.18,2.965,1.73,1.0,<Residue ARG het=  resseq=74 icode= >,3igm_B_A,2.2
98,17.935,ARG, ,NE,48.08,3.55,15.769,2.14,1.0,<Residue ARG het=  resseq=74 icode= >,3igm_B_A,2.2
99,4.726,ARG, ,CZ,49.55,3.88,2.454,1.92,1.0,<Residue ARG het=  resseq=74 icode= >,3igm_B_A,2.2
100,30.357,ARG, ,NH1,50.7,4.51,3.136,0.80,1.0,<Residue ARG het=  resseq=74 icode= >,3igm_B_A,2.2
101,44.212,ARG, ,NH2,48.89,2.77,44.124,1.16,1.0,<Residue ARG het=  resseq=74 icode= >,3igm_B_A,2.2
102,0.0,MET, ,N,40.85,5.44,0.0,2.30,1.0,<Residue MET het=  resseq=75 icode= >,3igm_B_A,2.2
103,4.884,MET, ,CA,40.46,6.34,0.0,2.90,1.0,<Residue MET het=  resseq=75 icode= >,3igm_B_A,2.2
104,0.362,MET, ,C,40.67,6.63,0.0,4.12,1.0,<Residue MET het=  resseq=75 icode= >,3igm_B_A,2.2
105,6.168,MET, ,O,40.42,5.97,0.0,2.95,1.0,<Residue MET het=  resseq=75 icode= >,3igm_B_A,2.2
106,0.53,MET, ,CB,40.48,5.59,0.0,2.43,1.0,<Residue MET het=  resseq=75 icode= >,3igm_B_A,2.2
107,2.407,MET, ,CG,39.6,4.28,0.802,2.40,1.0,<Residue MET het=  resseq=75 icode= >,3igm_B_A,2.2
108,10.334,MET, ,SD,38.08,3.27,10.334,5.42,1.0,<Residue MET het=  resseq=75 icode= >,3igm_B_A,2.2
109,24.906,MET, ,CE,38.43,3.47,24.795,1.72,1.0,<Residue MET het=  resseq=75 icode= >,3igm_B_A,2.2
110,0.0,CYS, ,N,41.13,7.22,0.0,2.46,1.0,<Residue CYS het=  resseq=76 icode= >,3igm_B_A,2.2
111,0.23,CYS, ,CA,41.77,7.98,0.0,2.31,1.0,<Residue CYS het=  resseq=76 icode= >,3igm_B_A,2.2
112,0.0,CYS, ,C,40.47,7.84,0.0,2.94,1.0,<Residue CYS het=  resseq=76 icode= >,3igm_B_A,2.2
113,0.0,CYS, ,O,41.29,7.73,0.0,2.31,1.0,<Residue CYS het=  resseq=76 icode= >,3igm_B_A,2.2
114,13.632,CYS, ,CB,42.02,8.78,2.241,1.85,1.0,<Residue CYS het=  resseq=76 icode= >,3igm_B_A,2.2
115,24.282,CYS, ,SG,48.81,10.06,23.542,2.92,1.0,<Residue CYS het=  resseq=76 icode= >,3igm_B_A,2.2
116,0.0,ALA, ,N,38.92,7.74,0.0,2.30,1.0,<Residue ALA het=  resseq=77 icode= >,3igm_B_A,2.2
117,0.0,ALA, ,CA,36.91,7.46,0.0,3.07,1.0,<Residue ALA het=  resseq=77 icode= >,3igm_B_A,2.2
118,0.0,ALA, ,C,36.12,8.16,0.0,3.81,1.0,<Residue ALA het=  resseq=77 icode= >,3igm_B_A,2.2
119,0.0,ALA, ,O,36.01,6.96,0.0,2.62,1.0,<Residue ALA het=  resseq=77 icode= >,3igm_B_A,2.2
120,0.0,ALA, ,CB,36.48,6.01,0.0,1.75,1.0,<Residue ALA het=  resseq=77 icode= >,3igm_B_A,2.2
121,0.0,TRP, ,N,34.83,8.96,0.0,3.58,1.0,<Residue TRP het=  resseq=78 icode= >,3igm_B_A,2.2
122,0.0,TRP, ,CA,34.08,8.81,0.0,3.24,1.0,<Residue TRP het=  resseq=78 icode= >,3igm_B_A,2.2
123,0.0,TRP, ,C,34.07,8.35,0.0,4.16,1.0,<Residue TRP het=  resseq=78 icode= >,3igm_B_A,2.2
124,0.0,TRP, ,O,34.03,7.36,0.0,3.20,1.0,<Residue TRP het=  resseq=78 icode= >,3igm_B_A,2.2
125,4.264,TRP, ,CB,34.08,9.15,4.264,1.99,1.0,<Residue TRP het=  resseq=78 icode= >,3igm_B_A,2.2
126,1.813,TRP, ,CG,32.7,9.08,1.813,3.53,1.0,<Residue TRP het=  resseq=78 icode= >,3igm_B_A,2.2
127,14.705,TRP, ,CD1,32.25,10.20,14.705,3.58,1.0,<Residue TRP het=  resseq=78 icode= >,3igm_B_A,2.2
128,1.508,TRP, ,CD2,31.78,8.03,1.508,3.58,1.0,<Residue TRP het=  resseq=78 icode= >,3igm_B_A,2.2
129,21.08,TRP, ,NE1,31.72,10.04,21.08,3.72,1.0,<Residue TRP het=  resseq=78 icode= >,3igm_B_A,2.2
130,3.318,TRP, ,CE2,31.19,8.76,3.318,4.09,1.0,<Residue TRP het=  resseq=78 icode= >,3igm_B_A,2.2
131,0.091,TRP, ,CE3,31.41,6.68,0.091,2.55,1.0,<Residue TRP het=  resseq=78 icode= >,3igm_B_A,2.2
132,30.024,TRP, ,CZ2,31.69,8.35,26.275,2.91,1.0,<Residue TRP het=  resseq=78 icode= >,3igm_B_A,2.2
133,0.0,TRP, ,CZ3,31.28,6.12,0.0,2.66,1.0,<Residue TRP het=  resseq=78 icode= >,3igm_B_A,2.2
134,9.375,TRP, ,CH2,30.24,7.08,5.72,3.13,1.0,<Residue TRP het=  resseq=78 icode= >,3igm_B_A,2.2
135,0.0,LEU, ,N,33.54,7.61,0.0,3.43,1.0,<Residue LEU het=  resseq=79 icode= >,3igm_B_A,2.2
136,0.0,LEU, ,CA,33.65,7.28,0.0,3.01,1.0,<Residue LEU het=  resseq=79 icode= >,3igm_B_A,2.2
137,0.002,LEU, ,C,33.48,7.20,0.002,4.26,1.0,<Residue LEU het=  resseq=79 icode= >,3igm_B_A,2.2
138,0.0,LEU, ,O,33.78,6.54,0.0,2.58,1.0,<Residue LEU het=  resseq=79 icode= >,3igm_B_A,2.2
139,0.047,LEU, ,CB,33.62,5.75,0.0,2.21,1.0,<Residue LEU het=  resseq=79 icode= >,3igm_B_A,2.2
140,0.714,LEU, ,CG,34.26,4.99,0.0,2.36,1.0,<Residue LEU het=  resseq=79 icode= >,3igm_B_A,2.2
141,13.105,LEU, ,CD1,33.18,3.55,13.061,1.33,1.0,<Residue LEU het=  resseq=79 icode= >,3igm_B_A,2.2
142,0.0,LEU, ,CD2,33.58,5.16,0.0,1.79,1.0,<Residue LEU het=  resseq=79 icode= >,3igm_B_A,2.2
143,0.128,ALA, ,N,33.48,7.66,0.128,3.11,1.0,<Residue ALA het=  resseq=80 icode= >,3igm_B_A,2.2
144,0.105,ALA, ,CA,33.37,7.59,0.105,3.18,1.0,<Residue ALA het=  resseq=80 icode= >,3igm_B_A,2.2
145,0.0,ALA, ,C,33.18,7.34,0.0,4.27,1.0,<Residue ALA het=  resseq=80 icode= >,3igm_B_A,2.2
146,0.0,ALA, ,O,33.14,6.89,0.0,3.68,1.0,<Residue ALA het=  resseq=80 icode= >,3igm_B_A,2.2
147,27.528,ALA, ,CB,32.96,8.51,27.528,1.48,1.0,<Residue ALA het=  resseq=80 icode= >,3igm_B_A,2.2
148,0.0,PHE, ,N,33.36,6.13,0.0,3.36,1.0,<Residue PHE het=  resseq=81 icode= >,3igm_B_A,2.2
149,0.0,PHE, ,CA,33.41,6.10,0.0,3.04,1.0,<Residue PHE het=  resseq=81 icode= >,3igm_B_A,2.2
150,1.316,PHE, ,C,33.95,6.35,0.022,3.98,1.0,<Residue PHE het=  resseq=81 icode= >,3igm_B_A,2.2
151,14.374,PHE, ,O,34.54,5.83,10.955,2.88,1.0,<Residue PHE het=  resseq=81 icode= >,3igm_B_A,2.2
152,3.481,PHE, ,CB,33.57,5.02,0.909,1.78,1.0,<Residue PHE het=  resseq=81 icode= >,3igm_B_A,2.2
153,0.0,PHE, ,CG,32.56,4.26,0.0,2.49,1.0,<Residue PHE het=  resseq=81 icode= >,3igm_B_A,2.2
154,0.809,PHE, ,CD1,31.71,3.76,0.809,2.14,1.0,<Residue PHE het=  resseq=81 icode= >,3igm_B_A,2.2
155,3.378,PHE, ,CD2,32.02,3.99,3.378,2.65,1.0,<Residue PHE het=  resseq=81 icode= >,3igm_B_A,2.2
156,22.703,PHE, ,CE1,31.12,2.92,22.703,1.99,1.0,<Residue PHE het=  resseq=81 icode= >,3igm_B_A,2.2
157,7.524,PHE, ,CE2,33.27,3.46,5.993,1.75,1.0,<Residue PHE het=  resseq=81 icode= >,3igm_B_A,2.2
158,20.114,PHE, ,CZ,32.59,3.36,19.726,1.64,1.0,<Residue PHE het=  resseq=81 icode= >,3igm_B_A,2.2
159,0.002,PHE, ,N,34.04,7.39,0.0,3.02,1.0,<Residue PHE het=  resseq=82 icode= >,3igm_B_A,2.2
160,6.493,PHE, ,CA,34.32,7.55,3.49,2.81,1.0,<Residue PHE het=  resseq=82 icode= >,3igm_B_A,2.2
161,0.006,PHE, ,C,34.72,7.72,0.0,3.97,1.0,<Residue PHE het=  resseq=82 icode= >,3igm_B_A,2.2
162,0.0,PHE, ,O,34.66,6.85,0.0,3.01,1.0,<Residue PHE het=  resseq=82 icode= >,3igm_B_A,2.2
163,27.76,PHE, ,CB,33.43,8.35,25.622,2.39,1.0,<Residue PHE het=  resseq=82 icode= >,3igm_B_A,2.2
164,1.881,PHE, ,CG,32.61,7.18,1.881,3.43,1.0,<Residue PHE het=  resseq=82 icode= >,3igm_B_A,2.2
165,10.739,PHE, ,CD1,33.35,7.21,9.309,2.08,1.0,<Residue PHE het=  resseq=82 icode= >,3igm_B_A,2.2
166,5.018,PHE, ,CD2,31.54,6.35,5.018,2.47,1.0,<Residue PHE het=  resseq=82 icode= >,3igm_B_A,2.2
167,14.532,PHE, ,CE1,33.38,6.42,8.356,1.91,1.0,<Residue PHE het=  resseq=82 icode= >,3igm_B_A,2.2
168,3.182,PHE, ,CE2,30.69,5.44,3.028,2.54,1.0,<Residue PHE het=  resseq=82 icode= >,3igm_B_A,2.2
169,14.906,PHE, ,CZ,30.93,5.49,4.5,2.54,1.0,<Residue PHE het=  resseq=82 icode= >,3igm_B_A,2.2
170,5.065,TYR, ,N,35.64,7.70,0.0,2.83,1.0,<Residue TYR het=  resseq=83 icode= >,3igm_B_A,2.2
171,0.0,TYR, ,CA,36.71,8.34,0.0,2.75,1.0,<Residue TYR het=  resseq=83 icode= >,3igm_B_A,2.2
172,0.0,TYR, ,C,37.03,9.17,0.0,3.54,1.0,<Residue TYR het=  resseq=83 icode= >,3igm_B_A,2.2
173,21.268,TYR, ,O,37.66,9.82,0.0,2.49,1.0,<Residue TYR het=  resseq=83 icode= >,3igm_B_A,2.2
174,18.611,TYR, ,CB,36.71,7.87,0.0,2.03,1.0,<Residue TYR het=  resseq=83 icode= >,3igm_B_A,2.2
175,2.633,TYR, ,CG,38.2,6.71,0.0,2.63,1.0,<Residue TYR het=  resseq=83 icode= >,3igm_B_A,2.2
176,3.508,TYR, ,CD1,38.15,6.71,0.0,2.33,1.0,<Residue TYR het=  resseq=83 icode= >,3igm_B_A,2.2
177,20.028,TYR, ,CD2,39.78,5.40,0.0,2.10,1.0,<Residue TYR het=  resseq=83 icode= >,3igm_B_A,2.2
178,14.49,TYR, ,CE1,39.91,5.40,0.0,2.40,1.0,<Residue TYR het=  resseq=83 icode= >,3igm_B_A,2.2
179,28.213,TYR, ,CE2,40.4,4.42,10.759,2.05,1.0,<Residue TYR het=  resseq=83 icode= >,3igm_B_A,2.2
180,4.776,TYR, ,CZ,40.03,4.45,0.0,3.15,1.0,<Residue TYR het=  resseq=83 icode= >,3igm_B_A,2.2
181,32.248,TYR, ,OH,42.46,3.15,19.01,1.35,1.0,<Residue TYR het=  resseq=83 icode= >,3igm_B_A,2.2
182,0.0,ASP, ,N,37.08,8.65,0.0,3.33,1.0,<Residue ASP het=  resseq=84 icode= >,3igm_B_A,2.2
183,4.345,ASP, ,CA,37.08,8.80,0.0,2.81,1.0,<Residue ASP het=  resseq=84 icode= >,3igm_B_A,2.2
184,0.07,ASP, ,C,37.32,9.50,0.0,3.13,1.0,<Residue ASP het=  resseq=84 icode= >,3igm_B_A,2.2
185,6.631,ASP, ,O,37.07,8.86,0.0,2.51,1.0,<Residue ASP het=  resseq=84 icode= >,3igm_B_A,2.2
186,0.834,ASP, ,CB,36.98,7.44,0.0,1.66,1.0,<Residue ASP het=  resseq=84 icode= >,3igm_B_A,2.2
187,11.677,ASP, ,CG,36.22,7.71,0.0,3.94,1.0,<Residue ASP het=  resseq=84 icode= >,3igm_B_A,2.2
188,15.551,ASP, ,OD1,35.79,6.87,0.0,2.52,1.0,<Residue ASP het=  resseq=84 icode= >,3igm_B_A,2.2
189,29.618,ASP, ,OD2,35.26,8.90,0.0,2.63,1.0,<Residue ASP het=  resseq=84 icode= >,3igm_B_A,2.2
190,12.052,GLY, ,N,37.71,10.82,0.0,2.20,1.0,<Residue GLY het=  resseq=85 icode= >,3igm_B_A,2.2
191,42.8,GLY, ,CA,38.24,11.16,0.0,1.57,1.0,<Residue GLY het=  resseq=85 icode= >,3igm_B_A,2.2
192,4.807,GLY, ,C,38.57,10.44,0.0,2.81,1.0,<Residue GLY het=  resseq=85 icode= >,3igm_B_A,2.2
193,13.557,GLY, ,O,38.86,10.67,0.0,2.46,1.0,<Residue GLY het=  resseq=85 icode= >,3igm_B_A,2.2
194,8.284,ALA, ,N,38.37,9.73,0.0,2.66,1.0,<Residue ALA het=  resseq=86 icode= >,3igm_B_A,2.2
195,8.279,ALA, ,CA,38.3,9.12,0.0,2.05,1.0,<Residue ALA het=  resseq=86 icode= >,3igm_B_A,2.2
196,0.931,ALA, ,C,38.12,7.70,0.0,2.81,1.0,<Residue ALA het=  resseq=86 icode= >,3igm_B_A,2.2
197,15.175,ALA, ,O,38.19,7.43,0.0,2.06,1.0,<Residue ALA het=  resseq=86 icode= >,3igm_B_A,2.2
198,67.102,ALA, ,CB,38.37,9.34,0.0,0.72,1.0,<Residue ALA het=  resseq=86 icode= >,3igm_B_A,2.2
199,0.0,SER, ,N,37.82,7.03,0.0,1.75,1.0,<Residue SER het=  resseq=87 icode= >,3igm_B_A,2.2
200,8.161,SER, ,CA,37.29,5.65,0.469,1.95,1.0,<Residue SER het=  resseq=87 icode= >,3igm_B_A,2.2
201,0.0,SER, ,C,36.8,5.75,0.0,3.26,1.0,<Residue SER het=  resseq=87 icode= >,3igm_B_A,2.2
202,0.0,SER, ,O,37.11,6.63,0.0,2.29,1.0,<Residue SER het=  resseq=87 icode= >,3igm_B_A,2.2
203,23.277,SER, ,CB,37.5,5.33,5.387,1.70,1.0,<Residue SER het=  resseq=87 icode= >,3igm_B_A,2.2
204,34.878,SER, ,OG,37.15,5.85,0.0,1.78,1.0,<Residue SER het=  resseq=87 icode= >,3igm_B_A,2.2
205,6.161,ARG, ,N,35.8,5.22,1.478,2.90,1.0,<Residue ARG het=  resseq=88 icode= >,3igm_B_A,2.2
206,0.0,ARG, ,CA,35.07,4.89,0.0,2.83,1.0,<Residue ARG het=  resseq=88 icode= >,3igm_B_A,2.2
207,0.657,ARG, ,C,34.52,4.12,0.657,3.69,1.0,<Residue ARG het=  resseq=88 icode= >,3igm_B_A,2.2
208,25.207,ARG, ,O,34.29,3.65,24.638,2.87,1.0,<Residue ARG het=  resseq=88 icode= >,3igm_B_A,2.2
209,16.765,ARG, ,CB,35.08,4.29,3.686,2.01,1.0,<Residue ARG het=  resseq=88 icode= >,3igm_B_A,2.2
210,1.767,ARG, ,CG,35.03,4.18,1.535,1.93,1.0,<Residue ARG het=  resseq=88 icode= >,3igm_B_A,2.2
211,14.74,ARG, ,CD,35.33,4.28,7.929,1.92,1.0,<Residue ARG het=  resseq=88 icode= >,3igm_B_A,2.2
212,2.38,ARG, ,NE,33.98,4.08,0.733,2.67,1.0,<Residue ARG het=  resseq=88 icode= >,3igm_B_A,2.2
213,4.004,ARG, ,CZ,34.68,3.61,4.004,3.23,1.0,<Residue ARG het=  resseq=88 icode= >,3igm_B_A,2.2
214,47.67,ARG, ,NH1,33.56,2.79,45.659,2.16,1.0,<Residue ARG het=  resseq=88 icode= >,3igm_B_A,2.2
215,43.975,ARG, ,NH2,34.21,2.81,43.261,2.28,1.0,<Residue ARG het=  resseq=88 icode= >,3igm_B_A,2.2
216,0.0,ARG, ,N,33.52,4.56,0.0,2.69,1.0,<Residue ARG het=  resseq=89 icode= >,3igm_B_A,2.2
217,6.818,ARG, ,CA,32.67,3.24,6.818,2.93,1.0,<Residue ARG het=  resseq=89 icode= >,3igm_B_A,2.2
218,0.778,ARG, ,C,32.17,3.49,0.778,4.62,1.0,<Residue ARG het=  resseq=89 icode= >,3igm_B_A,2.2
219,0.0,ARG, ,O,32.18,4.70,0.0,3.40,1.0,<Residue ARG het=  resseq=89 icode= >,3igm_B_A,2.2
220,2.446,ARG, ,CB,32.31,3.23,2.266,1.87,1.0,<Residue ARG het=  resseq=89 icode= >,3igm_B_A,2.2
221,9.681,ARG, ,CG,31.52,3.79,6.523,1.89,1.0,<Residue ARG het=  resseq=89 icode= >,3igm_B_A,2.2
222,5.177,ARG, ,CD,28.7,3.88,0.0,2.84,1.0,<Residue ARG het=  resseq=89 icode= >,3igm_B_A,2.2
223,11.647,ARG, ,NE,27.41,2.86,9.793,2.91,1.0,<Residue ARG het=  resseq=89 icode= >,3igm_B_A,2.2
224,5.318,ARG, ,CZ,27.55,3.51,0.08,3.04,1.0,<Residue ARG het=  resseq=89 icode= >,3igm_B_A,2.2
225,29.225,ARG, ,NH1,24.82,4.81,0.0,2.35,1.0,<Residue ARG het=  resseq=89 icode= >,3igm_B_A,2.2
226,59.738,ARG, ,NH2,25.26,3.32,11.191,1.85,1.0,<Residue ARG het=  resseq=89 icode= >,3igm_B_A,2.2
227,5.084,SER, ,N,32.23,2.80,5.084,2.70,1.0,<Residue SER het=  resseq=90 icode= >,3igm_B_A,2.2
228,0.0,SER, ,CA,31.62,3.89,0.0,2.60,1.0,<Residue SER het=  resseq=90 icode= >,3igm_B_A,2.2
229,0.0,SER, ,C,31.46,4.07,0.0,4.37,1.0,<Residue SER het=  resseq=90 icode= >,3igm_B_A,2.2
230,24.745,SER, ,O,31.61,3.41,20.208,3.27,1.0,<Residue SER het=  resseq=90 icode= >,3igm_B_A,2.2
231,1.367,SER, ,CB,31.32,3.65,1.367,2.98,1.0,<Residue SER het=  resseq=90 icode= >,3igm_B_A,2.2
232,22.639,SER, ,OG,30.91,2.79,22.639,3.16,1.0,<Residue SER het=  resseq=90 icode= >,3igm_B_A,2.2
233,0.0,ARG, ,N,31.67,4.65,0.0,3.23,1.0,<Residue ARG het=  resseq=91 icode= >,3igm_B_A,2.2
234,1.585,ARG, ,CA,31.71,3.62,1.585,3.27,1.0,<Residue ARG het=  resseq=91 icode= >,3igm_B_A,2.2
235,0.0,ARG, ,C,31.93,3.71,0.0,4.74,1.0,<Residue ARG het=  resseq=91 icode= >,3igm_B_A,2.2
236,0.0,ARG, ,O,31.92,4.91,0.0,3.29,1.0,<Residue ARG het=  resseq=91 icode= >,3igm_B_A,2.2
237,5.462,ARG, ,CB,31.16,4.44,5.289,2.68,1.0,<Residue ARG het=  resseq=91 icode= >,3igm_B_A,2.2
238,2.957,ARG, ,CG,32.56,4.33,2.957,2.55,1.0,<Residue ARG het=  resseq=91 icode= >,3igm_B_A,2.2
239,22.862,ARG, ,CD,34.15,3.81,12.312,2.53,1.0,<Residue ARG het=  resseq=91 icode= >,3igm_B_A,2.2
240,10.673,ARG, ,NE,34.83,4.23,4.994,3.24,1.0,<Residue ARG het=  resseq=91 icode= >,3igm_B_A,2.2
241,8.01,ARG, ,CZ,35.9,5.11,3.648,3.79,1.0,<Residue ARG het=  resseq=91 icode= >,3igm_B_A,2.2
242,46.487,ARG, ,NH1,34.71,5.82,6.612,2.21,1.0,<Residue ARG het=  resseq=91 icode= >,3igm_B_A,2.2
243,56.731,ARG, ,NH2,37.23,5.64,10.659,1.24,1.0,<Residue ARG het=  resseq=91 icode= >,3igm_B_A,2.2
244,3.652,THR, ,N,31.5,2.84,3.652,3.63,1.0,<Residue THR het=  resseq=92 icode= >,3igm_B_A,2.2
245,0.0,THR, ,CA,32.3,3.69,0.0,3.62,1.0,<Residue THR het=  resseq=92 icode= >,3igm_B_A,2.2
246,0.0,THR, ,C,33.11,4.51,0.0,4.42,1.0,<Residue THR het=  resseq=92 icode= >,3igm_B_A,2.2
247,18.081,THR, ,O,32.67,4.29,0.697,3.76,1.0,<Residue THR het=  resseq=92 icode= >,3igm_B_A,2.2
248,15.171,THR, ,CB,32.29,3.45,14.56,4.15,1.0,<Residue THR het=  resseq=92 icode= >,3igm_B_A,2.2
249,11.918,THR, ,OG1,32.66,3.41,11.791,2.87,1.0,<Residue THR het=  resseq=92 icode= >,3igm_B_A,2.2
250,4.884,THR, ,CG2,31.7,4.16,3.938,1.93,1.0,<Residue THR het=  resseq=92 icode= >,3igm_B_A,2.2
251,0.0,PHE, ,N,33.9,5.81,0.0,3.60,1.0,<Residue PHE het=  resseq=93 icode= >,3igm_B_A,2.2
252,3.496,PHE, ,CA,35.01,6.92,0.0,3.33,1.0,<Residue PHE het=  resseq=93 icode= >,3igm_B_A,2.2
253,0.099,PHE, ,C,36.46,7.37,0.099,4.31,1.0,<Residue PHE het=  resseq=93 icode= >,3igm_B_A,2.2
254,0.412,PHE, ,O,36.59,8.17,0.412,3.56,1.0,<Residue PHE het=  resseq=93 icode= >,3igm_B_A,2.2
255,10.449,PHE, ,CB,34.35,7.77,10.425,2.32,1.0,<Residue PHE het=  resseq=93 icode= >,3igm_B_A,2.2
256,2.218,PHE, ,CG,32.41,7.33,2.218,3.14,1.0,<Residue PHE het=  resseq=93 icode= >,3igm_B_A,2.2
257,13.634,PHE, ,CD1,30.93,7.80,7.592,2.82,1.0,<Residue PHE het=  resseq=93 icode= >,3igm_B_A,2.2
258,4.44,PHE, ,CD2,29.42,6.81,4.44,3.33,1.0,<Residue PHE het=  resseq=93 icode= >,3igm_B_A,2.2
259,34.3,PHE, ,CE1,29.46,7.79,13.434,2.86,1.0,<Residue PHE het=  resseq=93 icode= >,3igm_B_A,2.2
260,3.894,PHE, ,CE2,29.24,6.79,3.894,2.58,1.0,<Residue PHE het=  resseq=93 icode= >,3igm_B_A,2.2
261,22.623,PHE, ,CZ,28.44,7.31,21.685,2.55,1.0,<Residue PHE het=  resseq=93 icode= >,3igm_B_A,2.2
262,4.106,HIS, ,N,37.95,6.39,0.0,3.09,1.0,<Residue HIS het=  resseq=94 icode= >,3igm_B_A,2.2
263,0.0,HIS, ,CA,39.58,6.63,0.0,3.20,1.0,<Residue HIS het=  resseq=94 icode= >,3igm_B_A,2.2
264,0.804,HIS, ,C,40.88,7.84,0.804,3.27,1.0,<Residue HIS het=  resseq=94 icode= >,3igm_B_A,2.2
265,7.809,HIS, ,O,40.52,8.09,1.841,2.26,1.0,<Residue HIS het=  resseq=94 icode= >,3igm_B_A,2.2
266,14.991,HIS, ,CB,39.53,5.54,0.0,2.67,1.0,<Residue HIS het=  resseq=94 icode= >,3igm_B_A,2.2
267,3.168,HIS, ,CG,39.94,4.54,0.0,3.19,1.0,<Residue HIS het=  resseq=94 icode= >,3igm_B_A,2.2
268,1.337,HIS, ,ND1,39.25,4.55,0.0,3.57,1.0,<Residue HIS het=  resseq=94 icode= >,3igm_B_A,2.2
269,22.947,HIS, ,CD2,39.55,3.30,12.579,2.62,1.0,<Residue HIS het=  resseq=94 icode= >,3igm_B_A,2.2
270,17.122,HIS, ,CE1,40.32,3.42,1.444,2.85,1.0,<Residue HIS het=  resseq=94 icode= >,3igm_B_A,2.2
271,16.795,HIS, ,NE2,39.67,2.47,15.914,2.69,1.0,<Residue HIS het=  resseq=94 icode= >,3igm_B_A,2.2
272,0.0,PRO, ,N,42.2,8.79,0.0,3.68,1.0,<Residue PRO het=  resseq=95 icode= >,3igm_B_A,2.2
273,11.227,PRO, ,CA,43.37,9.92,11.227,3.40,1.0,<Residue PRO het=  resseq=95 icode= >,3igm_B_A,2.2
274,0.0,PRO, ,C,44.86,9.62,0.0,3.07,1.0,<Residue PRO het=  resseq=95 icode= >,3igm_B_A,2.2
275,2.631,PRO, ,O,45.23,8.77,0.0,2.05,1.0,<Residue PRO het=  resseq=95 icode= >,3igm_B_A,2.2
276,22.653,PRO, ,CB,43.39,10.71,21.594,2.21,1.0,<Residue PRO het=  resseq=95 icode= >,3igm_B_A,2.2
277,15.04,PRO, ,CG,42.99,10.38,15.04,1.81,1.0,<Residue PRO het=  resseq=95 icode= >,3igm_B_A,2.2
278,0.0,PRO, ,CD,42.28,8.96,0.0,2.40,1.0,<Residue PRO het=  resseq=95 icode= >,3igm_B_A,2.2
279,2.532,LYS, ,N,46.4,10.48,2.532,2.29,1.0,<Residue LYS het=  resseq=96 icode= >,3igm_B_A,2.2
280,5.01,LYS, ,CA,47.97,10.65,0.0,1.73,1.0,<Residue LYS het=  resseq=96 icode= >,3igm_B_A,2.2
281,0.0,LYS, ,C,48.75,10.93,0.0,2.62,1.0,<Residue LYS het=  resseq=96 icode= >,3igm_B_A,2.2
282,11.963,LYS, ,O,49.02,11.70,11.125,1.79,1.0,<Residue LYS het=  resseq=96 icode= >,3igm_B_A,2.2
283,15.576,LYS, ,CB,48.32,11.94,8.21,0.29,1.0,<Residue LYS het=  resseq=96 icode= >,3igm_B_A,2.2
284,28.611,LYS, ,CG,49.48,12.19,23.056,0.29,1.0,<Residue LYS het=  resseq=96 icode= >,3igm_B_A,2.2
285,20.835,LYS, ,CD,51.12,11.27,0.0,0.47,1.0,<Residue LYS het=  resseq=96 icode= >,3igm_B_A,2.2
286,42.701,LYS, ,CE,51.31,11.82,27.695,1.07,1.0,<Residue LYS het=  resseq=96 icode= >,3igm_B_A,2.2
287,32.547,LYS, ,NZ,51.86,11.03,10.458,1.03,1.0,<Residue LYS het=  resseq=96 icode= >,3igm_B_A,2.2
288,9.742,HIS, ,N,49.47,10.47,0.0,2.47,1.0,<Residue HIS het=  resseq=97 icode= >,3igm_B_A,2.2
289,9.341,HIS, ,CA,50.51,10.94,0.0,1.93,1.0,<Residue HIS het=  resseq=97 icode= >,3igm_B_A,2.2
290,0.039,HIS, ,C,50.78,10.76,0.0,2.48,1.0,<Residue HIS het=  resseq=97 icode= >,3igm_B_A,2.2
291,0.0,HIS, ,O,50.92,11.71,0.0,1.60,1.0,<Residue HIS het=  resseq=97 icode= >,3igm_B_A,2.2
292,1.03,HIS, ,CB,50.81,12.46,0.115,1.09,1.0,<Residue HIS het=  resseq=97 icode= >,3igm_B_A,2.2
293,0.306,HIS, ,CG,52.38,12.99,0.0,1.42,1.0,<Residue HIS het=  resseq=97 icode= >,3igm_B_A,2.2
294,9.863,HIS, ,ND1,53.48,13.02,0.0,1.78,1.0,<Residue HIS het=  resseq=97 icode= >,3igm_B_A,2.2
295,20.459,HIS, ,CD2,53.43,13.71,5.952,1.42,1.0,<Residue HIS het=  resseq=97 icode= >,3igm_B_A,2.2
296,42.195,HIS, ,CE1,54.29,13.73,0.0,1.20,1.0,<Residue HIS het=  resseq=97 icode= >,3igm_B_A,2.2
297,27.782,HIS, ,NE2,54.44,14.14,0.0,1.70,1.0,<Residue HIS het=  resseq=97 icode= >,3igm_B_A,2.2
298,3.158,PHE, ,N,50.89,9.72,0.0,2.07,1.0,<Residue PHE het=  resseq=98 icode= >,3igm_B_A,2.2
299,1.856,PHE, ,CA,51.3,9.82,0.0,2.08,1.0,<Residue PHE het=  resseq=98 icode= >,3igm_B_A,2.2
300,0.0,PHE, ,C,51.48,10.03,0.0,3.07,1.0,<Residue PHE het=  resseq=98 icode= >,3igm_B_A,2.2
301,0.0,PHE, ,O,51.37,11.04,0.0,1.92,1.0,<Residue PHE het=  resseq=98 icode= >,3igm_B_A,2.2
302,2.547,PHE, ,CB,50.99,8.84,0.0,1.99,1.0,<Residue PHE het=  resseq=98 icode= >,3igm_B_A,2.2
303,0.0,PHE, ,CG,50.95,9.34,0.0,2.39,1.0,<Residue PHE het=  resseq=98 icode= >,3igm_B_A,2.2
304,8.669,PHE, ,CD1,50.09,10.48,7.308,1.58,1.0,<Residue PHE het=  resseq=98 icode= >,3igm_B_A,2.2
305,4.145,PHE, ,CD2,50.25,8.67,0.0,2.02,1.0,<Residue PHE het=  resseq=98 icode= >,3igm_B_A,2.2
306,20.542,PHE, ,CE1,49.78,10.88,20.542,1.77,1.0,<Residue PHE het=  resseq=98 icode= >,3igm_B_A,2.2
307,11.83,PHE, ,CE2,50.19,9.14,0.0,1.92,1.0,<Residue PHE het=  resseq=98 icode= >,3igm_B_A,2.2
308,10.801,PHE, ,CZ,49.52,10.26,10.311,1.66,1.0,<Residue PHE het=  resseq=98 icode= >,3igm_B_A,2.2
309,0.554,ASN, ,N,52.13,9.27,0.0,2.83,1.0,<Residue ASN het=  resseq=99 icode= >,3igm_B_A,2.2
310,3.151,ASN, ,CA,52.9,9.72,0.0,2.60,1.0,<Residue ASN het=  resseq=99 icode= >,3igm_B_A,2.2
311,2.192,ASN, ,C,53.11,11.19,0.0,2.79,1.0,<Residue ASN het=  resseq=99 icode= >,3igm_B_A,2.2
312,2.478,ASN, ,O,53.0,12.04,0.0,1.88,1.0,<Residue ASN het=  resseq=99 icode= >,3igm_B_A,2.2
313,27.917,ASN, ,CB,53.16,8.94,0.0,2.06,1.0,<Residue ASN het=  resseq=99 icode= >,3igm_B_A,2.2
314,6.213,ASN, ,CG,54.35,7.48,0.0,1.99,1.0,<Residue ASN het=  resseq=99 icode= >,3igm_B_A,2.2
315,25.693,ASN, ,OD1,55.48,7.21,0.0,1.69,1.0,<Residue ASN het=  resseq=99 icode= >,3igm_B_A,2.2
316,58.674,ASN, ,ND2,55.09,6.72,0.0,0.88,1.0,<Residue ASN het=  resseq=99 icode= >,3igm_B_A,2.2
317,0.773,MET, ,N,53.41,11.59,0.0,2.12,1.0,<Residue MET het=  resseq=100 icode= >,3igm_B_A,2.2
318,7.781,MET, ,CA,53.71,13.03,0.0,2.50,1.0,<Residue MET het=  resseq=100 icode= >,3igm_B_A,2.2
319,0.0,MET, ,C,53.3,13.88,0.0,3.00,1.0,<Residue MET het=  resseq=100 icode= >,3igm_B_A,2.2
320,0.584,MET, ,O,53.29,14.84,0.0,1.47,1.0,<Residue MET het=  resseq=100 icode= >,3igm_B_A,2.2
321,0.0,MET, ,CB,54.1,13.41,0.0,1.08,1.0,<Residue MET het=  resseq=100 icode= >,3igm_B_A,2.2
322,28.314,MET, ,CG,56.04,13.16,0.0,1.05,1.0,<Residue MET het=  resseq=100 icode= >,3igm_B_A,2.2
323,38.045,MET, ,SD,59.84,14.56,0.0,2.35,1.0,<Residue MET het=  resseq=100 icode= >,3igm_B_A,2.2
324,25.381,MET, ,CE,59.08,14.71,0.0,1.20,1.0,<Residue MET het=  resseq=100 icode= >,3igm_B_A,2.2
325,0.0,ASP, ,N,52.82,13.66,0.0,2.66,1.0,<Residue ASP het=  resseq=101 icode= >,3igm_B_A,2.2
326,0.573,ASP, ,CA,52.55,14.66,0.573,2.26,1.0,<Residue ASP het=  resseq=101 icode= >,3igm_B_A,2.2
327,1.493,ASP, ,C,52.16,14.23,1.493,2.83,1.0,<Residue ASP het=  resseq=101 icode= >,3igm_B_A,2.2
328,5.4,ASP, ,O,52.2,13.41,5.4,1.96,1.0,<Residue ASP het=  resseq=101 icode= >,3igm_B_A,2.2
329,22.35,ASP, ,CB,52.39,14.29,19.595,1.64,1.0,<Residue ASP het=  resseq=101 icode= >,3igm_B_A,2.2
330,8.312,ASP, ,CG,53.18,14.97,7.52,2.08,1.0,<Residue ASP het=  resseq=101 icode= >,3igm_B_A,2.2
331,12.762,ASP, ,OD1,52.65,15.76,2.933,1.57,1.0,<Residue ASP het=  resseq=101 icode= >,3igm_B_A,2.2
332,29.495,ASP, ,OD2,53.08,14.85,23.293,1.34,1.0,<Residue ASP het=  resseq=101 icode= >,3igm_B_A,2.2
333,0.605,LYS, ,N,51.64,13.71,0.605,2.45,1.0,<Residue LYS het=  resseq=102 icode= >,3igm_B_A,2.2
334,5.061,LYS, ,CA,51.29,13.65,5.061,1.70,1.0,<Residue LYS het=  resseq=102 icode= >,3igm_B_A,2.2
335,0.019,LYS, ,C,50.62,13.80,0.019,2.97,1.0,<Residue LYS het=  resseq=102 icode= >,3igm_B_A,2.2
336,1.002,LYS, ,O,50.24,13.01,1.002,2.74,1.0,<Residue LYS het=  resseq=102 icode= >,3igm_B_A,2.2
337,1.19,LYS, ,CB,51.41,12.20,0.262,1.35,1.0,<Residue LYS het=  resseq=102 icode= >,3igm_B_A,2.2
338,18.866,LYS, ,CG,51.47,12.06,17.071,1.41,1.0,<Residue LYS het=  resseq=102 icode= >,3igm_B_A,2.2
339,10.183,LYS, ,CD,52.7,10.69,0.117,1.19,1.0,<Residue LYS het=  resseq=102 icode= >,3igm_B_A,2.2
340,43.423,LYS, ,CE,54.42,10.44,39.4,1.17,1.0,<Residue LYS het=  resseq=102 icode= >,3igm_B_A,2.2
341,46.711,LYS, ,NZ,54.19,9.48,6.564,0.71,1.0,<Residue LYS het=  resseq=102 icode= >,3igm_B_A,2.2
342,0.659,GLU, ,N,50.0,13.78,0.0,2.99,1.0,<Residue GLU het=  resseq=103 icode= >,3igm_B_A,2.2
343,1.828,GLU, ,CA,49.68,14.39,0.262,2.95,1.0,<Residue GLU het=  resseq=103 icode= >,3igm_B_A,2.2
344,0.0,GLU, ,C,49.49,14.96,0.0,3.61,1.0,<Residue GLU het=  resseq=103 icode= >,3igm_B_A,2.2
345,0.0,GLU, ,O,49.51,14.50,0.0,2.67,1.0,<Residue GLU het=  resseq=103 icode= >,3igm_B_A,2.2
346,12.343,GLU, ,CB,49.65,13.94,0.0,1.75,1.0,<Residue GLU het=  resseq=103 icode= >,3igm_B_A,2.2
347,30.311,GLU, ,CG,49.49,14.71,0.0,1.73,1.0,<Residue GLU het=  resseq=103 icode= >,3igm_B_A,2.2
348,6.059,GLU, ,CD,50.16,14.32,0.0,2.51,1.0,<Residue GLU het=  resseq=103 icode= >,3igm_B_A,2.2
349,16.779,GLU, ,OE1,48.98,13.29,0.0,2.04,1.0,<Residue GLU het=  resseq=103 icode= >,3igm_B_A,2.2
350,3.231,GLU, ,OE2,50.45,14.47,0.0,1.20,1.0,<Residue GLU het=  resseq=103 icode= >,3igm_B_A,2.2
351,0.0,LYS, ,N,49.12,16.02,0.0,3.10,1.0,<Residue LYS het=  resseq=104 icode= >,3igm_B_A,2.2
352,0.408,LYS, ,CA,49.08,15.86,0.0,2.84,1.0,<Residue LYS het=  resseq=104 icode= >,3igm_B_A,2.2
353,1.426,LYS, ,C,48.76,14.62,1.399,2.63,1.0,<Residue LYS het=  resseq=104 icode= >,3igm_B_A,2.2
354,5.001,LYS, ,O,49.02,14.53,1.371,1.76,1.0,<Residue LYS het=  resseq=104 icode= >,3igm_B_A,2.2
355,14.87,LYS, ,CB,49.08,15.84,12.955,2.19,1.0,<Residue LYS het=  resseq=104 icode= >,3igm_B_A,2.2
356,16.283,LYS, ,CG,50.16,17.26,0.408,1.22,1.0,<Residue LYS het=  resseq=104 icode= >,3igm_B_A,2.2
357,17.927,LYS, ,CD,51.85,17.43,9.965,1.23,1.0,<Residue LYS het=  resseq=104 icode= >,3igm_B_A,2.2
358,37.223,LYS, ,CE,52.55,18.24,0.0,0.93,1.0,<Residue LYS het=  resseq=104 icode= >,3igm_B_A,2.2
359,25.494,LYS, ,NZ,53.87,17.92,0.0,0.66,1.0,<Residue LYS het=  resseq=104 icode= >,3igm_B_A,2.2
360,0.915,ALA, ,N,48.05,13.64,0.915,2.09,1.0,<Residue ALA het=  resseq=105 icode= >,3igm_B_A,2.2
361,6.804,ALA, ,CA,47.32,12.48,3.298,2.42,1.0,<Residue ALA het=  resseq=105 icode= >,3igm_B_A,2.2
362,1.364,ALA, ,C,46.72,12.63,1.364,3.28,1.0,<Residue ALA het=  resseq=105 icode= >,3igm_B_A,2.2
363,4.053,ALA, ,O,46.62,11.71,4.053,2.46,1.0,<Residue ALA het=  resseq=105 icode= >,3igm_B_A,2.2
364,46.475,ALA, ,CB,47.24,11.50,46.315,1.64,1.0,<Residue ALA het=  resseq=105 icode= >,3igm_B_A,2.2
365,0.452,ARG, ,N,46.11,12.63,0.452,2.93,1.0,<Residue ARG het=  resseq=106 icode= >,3igm_B_A,2.2
366,4.912,ARG, ,CA,45.52,11.64,4.912,2.92,1.0,<Residue ARG het=  resseq=106 icode= >,3igm_B_A,2.2
367,0.0,ARG, ,C,45.33,12.35,0.0,3.26,1.0,<Residue ARG het=  resseq=106 icode= >,3igm_B_A,2.2
368,0.0,ARG, ,O,45.06,11.90,0.0,2.76,1.0,<Residue ARG het=  resseq=106 icode= >,3igm_B_A,2.2
369,4.379,ARG, ,CB,45.6,11.14,4.379,2.53,1.0,<Residue ARG het=  resseq=106 icode= >,3igm_B_A,2.2
370,18.591,ARG, ,CG,45.62,9.98,18.591,2.22,1.0,<Residue ARG het=  resseq=106 icode= >,3igm_B_A,2.2
371,34.589,ARG, ,CD,45.84,9.90,26.041,1.96,1.0,<Residue ARG het=  resseq=106 icode= >,3igm_B_A,2.2
372,2.497,ARG, ,NE,46.22,11.22,0.0,2.15,1.0,<Residue ARG het=  resseq=106 icode= >,3igm_B_A,2.2
373,4.339,ARG, ,CZ,45.6,11.67,0.291,2.96,1.0,<Residue ARG het=  resseq=106 icode= >,3igm_B_A,2.2
374,32.368,ARG, ,NH1,44.1,11.00,21.999,1.93,1.0,<Residue ARG het=  resseq=106 icode= >,3igm_B_A,2.2
375,28.247,ARG, ,NH2,43.32,12.95,0.0,2.12,1.0,<Residue ARG het=  resseq=106 icode= >,3igm_B_A,2.2
376,0.0,LEU, ,N,44.92,13.59,0.0,2.59,1.0,<Residue LEU het=  resseq=107 icode= >,3igm_B_A,2.2
377,0.601,LEU, ,CA,44.82,14.54,0.0,2.55,1.0,<Residue LEU het=  resseq=107 icode= >,3igm_B_A,2.2
378,0.0,LEU, ,C,44.73,14.49,0.0,3.37,1.0,<Residue LEU het=  resseq=107 icode= >,3igm_B_A,2.2
379,0.463,LEU, ,O,44.51,14.49,0.0,2.40,1.0,<Residue LEU het=  resseq=107 icode= >,3igm_B_A,2.2
380,6.138,LEU, ,CB,44.89,15.83,0.0,2.09,1.0,<Residue LEU het=  resseq=107 icode= >,3igm_B_A,2.2
381,0.0,LEU, ,CG,44.95,15.85,0.0,2.10,1.0,<Residue LEU het=  resseq=107 icode= >,3igm_B_A,2.2
382,40.33,LEU, ,CD1,45.0,17.21,0.0,1.18,1.0,<Residue LEU het=  resseq=107 icode= >,3igm_B_A,2.2
383,38.007,LEU, ,CD2,44.75,15.65,0.0,1.54,1.0,<Residue LEU het=  resseq=107 icode= >,3igm_B_A,2.2
384,0.955,ALA, ,N,44.71,13.71,0.0,3.00,1.0,<Residue ALA het=  resseq=108 icode= >,3igm_B_A,2.2
385,1.826,ALA, ,CA,44.98,12.69,0.0,2.79,1.0,<Residue ALA het=  resseq=108 icode= >,3igm_B_A,2.2
386,1.289,ALA, ,C,45.37,11.68,1.289,3.50,1.0,<Residue ALA het=  resseq=108 icode= >,3igm_B_A,2.2
387,6.022,ALA, ,O,45.46,11.40,2.696,2.76,1.0,<Residue ALA het=  resseq=108 icode= >,3igm_B_A,2.2
388,48.883,ALA, ,CB,44.65,12.12,18.438,1.31,1.0,<Residue ALA het=  resseq=108 icode= >,3igm_B_A,2.2
389,0.316,ALA, ,N,45.47,11.35,0.316,3.05,1.0,<Residue ALA het=  resseq=109 icode= >,3igm_B_A,2.2
390,6.806,ALA, ,CA,45.98,10.57,6.806,2.26,1.0,<Residue ALA het=  resseq=109 icode= >,3igm_B_A,2.2
391,1.344,ALA, ,C,46.23,11.47,1.344,2.71,1.0,<Residue ALA het=  resseq=109 icode= >,3igm_B_A,2.2
392,3.236,ALA, ,O,45.84,11.12,3.236,2.24,1.0,<Residue ALA het=  resseq=109 icode= >,3igm_B_A,2.2
393,48.388,ALA, ,CB,45.27,10.25,48.388,1.85,1.0,<Residue ALA het=  resseq=109 icode= >,3igm_B_A,2.2
394,0.0,VAL, ,N,46.9,11.78,0.0,2.38,1.0,<Residue VAL het=  resseq=110 icode= >,3igm_B_A,2.2
395,0.592,VAL, ,CA,47.51,11.26,0.592,2.88,1.0,<Residue VAL het=  resseq=110 icode= >,3igm_B_A,2.2
396,0.0,VAL, ,C,48.11,12.12,0.0,3.18,1.0,<Residue VAL het=  resseq=110 icode= >,3igm_B_A,2.2
397,0.0,VAL, ,O,48.21,11.72,0.0,2.29,1.0,<Residue VAL het=  resseq=110 icode= >,3igm_B_A,2.2
398,0.008,VAL, ,CB,47.57,11.50,0.0,2.38,1.0,<Residue VAL het=  resseq=110 icode= >,3igm_B_A,2.2
399,31.948,VAL, ,CG1,47.59,11.61,13.624,0.93,1.0,<Residue VAL het=  resseq=110 icode= >,3igm_B_A,2.2
400,28.929,VAL, ,CG2,47.51,10.59,28.338,1.64,1.0,<Residue VAL het=  resseq=110 icode= >,3igm_B_A,2.2
401,0.0,GLU, ,N,49.12,13.42,0.0,2.46,1.0,<Residue GLU het=  resseq=111 icode= >,3igm_B_A,2.2
402,1.186,GLU, ,CA,49.96,14.45,0.0,2.81,1.0,<Residue GLU het=  resseq=111 icode= >,3igm_B_A,2.2
403,1.319,GLU, ,C,50.19,13.58,0.0,3.12,1.0,<Residue GLU het=  resseq=111 icode= >,3igm_B_A,2.2
404,5.409,GLU, ,O,49.95,14.15,0.0,1.78,1.0,<Residue GLU het=  resseq=111 icode= >,3igm_B_A,2.2
405,10.325,GLU, ,CB,50.31,14.68,0.0,1.83,1.0,<Residue GLU het=  resseq=111 icode= >,3igm_B_A,2.2
406,27.932,GLU, ,CG,52.56,16.08,0.0,1.34,1.0,<Residue GLU het=  resseq=111 icode= >,3igm_B_A,2.2
407,8.864,GLU, ,CD,56.42,16.30,0.0,1.22,1.0,<Residue GLU het=  resseq=111 icode= >,3igm_B_A,2.2
408,31.145,GLU, ,OE1,58.21,15.64,0.0,1.07,1.0,<Residue GLU het=  resseq=111 icode= >,3igm_B_A,2.2
409,32.336,GLU, ,OE2,57.21,17.26,0.0,1.34,1.0,<Residue GLU het=  resseq=111 icode= >,3igm_B_A,2.2
410,0.631,PHE, ,N,50.54,12.26,0.0,2.63,1.0,<Residue PHE het=  resseq=112 icode= >,3igm_B_A,2.2
411,4.547,PHE, ,CA,51.11,11.40,0.0,1.84,1.0,<Residue PHE het=  resseq=112 icode= >,3igm_B_A,2.2
412,0.0,PHE, ,C,51.53,11.67,0.0,2.41,1.0,<Residue PHE het=  resseq=112 icode= >,3igm_B_A,2.2
413,0.0,PHE, ,O,51.37,11.89,0.0,2.14,1.0,<Residue PHE het=  resseq=112 icode= >,3igm_B_A,2.2
414,14.932,PHE, ,CB,50.68,9.91,8.912,1.55,1.0,<Residue PHE het=  resseq=112 icode= >,3igm_B_A,2.2
415,2.551,PHE, ,CG,50.39,9.12,2.551,2.42,1.0,<Residue PHE het=  resseq=112 icode= >,3igm_B_A,2.2
416,18.364,PHE, ,CD1,50.25,9.28,7.061,1.62,1.0,<Residue PHE het=  resseq=112 icode= >,3igm_B_A,2.2
417,14.811,PHE, ,CD2,49.25,8.49,14.811,2.02,1.0,<Residue PHE het=  resseq=112 icode= >,3igm_B_A,2.2
418,26.048,PHE, ,CE1,50.24,8.61,14.855,1.18,1.0,<Residue PHE het=  resseq=112 icode= >,3igm_B_A,2.2
419,25.078,PHE, ,CE2,48.86,8.04,25.078,1.82,1.0,<Residue PHE het=  resseq=112 icode= >,3igm_B_A,2.2
420,25.508,PHE, ,CZ,49.79,8.09,23.68,1.19,1.0,<Residue PHE het=  resseq=112 icode= >,3igm_B_A,2.2
421,0.0,MET, ,N,52.11,11.54,0.0,2.20,1.0,<Residue MET het=  resseq=113 icode= >,3igm_B_A,2.2
422,0.0,MET, ,CA,52.93,10.38,0.0,2.25,1.0,<Residue MET het=  resseq=113 icode= >,3igm_B_A,2.2
423,0.0,MET, ,C,53.39,10.82,0.0,3.30,1.0,<Residue MET het=  resseq=113 icode= >,3igm_B_A,2.2
424,0.0,MET, ,O,53.51,10.63,0.0,2.26,1.0,<Residue MET het=  resseq=113 icode= >,3igm_B_A,2.2
425,2.572,MET, ,CB,52.74,9.17,2.572,1.72,1.0,<Residue MET het=  resseq=113 icode= >,3igm_B_A,2.2
426,17.583,MET, ,CG,53.32,7.90,17.544,1.68,1.0,<Residue MET het=  resseq=113 icode= >,3igm_B_A,2.2
427,18.941,MET, ,SD,53.44,7.57,11.785,4.16,1.0,<Residue MET het=  resseq=113 icode= >,3igm_B_A,2.2
428,67.356,MET, ,CE,55.43,6.92,67.356,0.08,1.0,<Residue MET het=  resseq=113 icode= >,3igm_B_A,2.2
429,0.0,LYS, ,N,54.09,11.64,0.0,2.72,1.0,<Residue LYS het=  resseq=114 icode= >,3igm_B_A,2.2
430,0.0,LYS, ,CA,54.9,12.36,0.0,2.65,1.0,<Residue LYS het=  resseq=114 icode= >,3igm_B_A,2.2
431,1.405,LYS, ,C,55.55,13.38,0.0,2.44,1.0,<Residue LYS het=  resseq=114 icode= >,3igm_B_A,2.2
432,16.768,LYS, ,O,55.6,13.73,0.0,1.49,1.0,<Residue LYS het=  resseq=114 icode= >,3igm_B_A,2.2
433,14.388,LYS, ,CB,54.66,13.19,0.0,2.36,1.0,<Residue LYS het=  resseq=114 icode= >,3igm_B_A,2.2
434,1.741,LYS, ,CG,55.37,12.49,1.39,2.04,1.0,<Residue LYS het=  resseq=114 icode= >,3igm_B_A,2.2
435,27.398,LYS, ,CD,56.37,13.59,0.0,1.39,1.0,<Residue LYS het=  resseq=114 icode= >,3igm_B_A,2.2
436,30.647,LYS, ,CE,57.8,13.13,1.722,1.48,1.0,<Residue LYS het=  resseq=114 icode= >,3igm_B_A,2.2
437,40.928,LYS, ,NZ,59.12,12.37,17.855,0.38,1.0,<Residue LYS het=  resseq=114 icode= >,3igm_B_A,2.2
438,0.723,THR, ,N,56.23,13.99,0.0,2.03,1.0,<Residue THR het=  resseq=115 icode= >,3igm_B_A,2.2
439,10.891,THR, ,CA,56.91,14.81,0.0,3.05,1.0,<Residue THR het=  resseq=115 icode= >,3igm_B_A,2.2
440,0.165,THR, ,C,57.53,14.02,0.0,2.81,1.0,<Residue THR het=  resseq=115 icode= >,3igm_B_A,2.2
441,13.856,THR, ,O,57.46,14.30,0.0,1.74,1.0,<Residue THR het=  resseq=115 icode= >,3igm_B_A,2.2
442,0.319,THR, ,CB,56.89,13.71,0.0,2.02,1.0,<Residue THR het=  resseq=115 icode= >,3igm_B_A,2.2
443,27.82,THR, ,OG1,56.92,14.35,0.0,1.56,1.0,<Residue THR het=  resseq=115 icode= >,3igm_B_A,2.2
444,37.137,THR, ,CG2,57.34,13.25,0.0,-0.01,1.0,<Residue THR het=  resseq=115 icode= >,3igm_B_A,2.2
445,0.0,VAL, ,N,58.38,13.16,0.0,2.50,1.0,<Residue VAL het=  resseq=116 icode= >,3igm_B_A,2.2
446,0.038,VAL, ,CA,59.38,12.28,0.0,2.51,1.0,<Residue VAL het=  resseq=116 icode= >,3igm_B_A,2.2
447,0.0,VAL, ,C,60.12,12.11,0.0,2.84,1.0,<Residue VAL het=  resseq=116 icode= >,3igm_B_A,2.2
448,11.709,VAL, ,O,60.02,11.60,5.069,2.11,1.0,<Residue VAL het=  resseq=116 icode= >,3igm_B_A,2.2
449,0.029,VAL, ,CB,59.32,10.79,0.0,2.32,1.0,<Residue VAL het=  resseq=116 icode= >,3igm_B_A,2.2
450,12.033,VAL, ,CG1,59.05,10.46,12.003,1.09,1.0,<Residue VAL het=  resseq=116 icode= >,3igm_B_A,2.2
451,19.32,VAL, ,CG2,60.06,9.96,15.71,0.35,1.0,<Residue VAL het=  resseq=116 icode= >,3igm_B_A,2.2
452,0.117,GLU, ,N,61.08,12.15,0.0,2.57,1.0,<Residue GLU het=  resseq=117 icode= >,3igm_B_A,2.2
453,5.632,GLU, ,CA,62.41,11.61,0.0,2.22,1.0,<Residue GLU het=  resseq=117 icode= >,3igm_B_A,2.2
454,4.926,GLU, ,C,63.49,12.74,0.0,2.38,1.0,<Residue GLU het=  resseq=117 icode= >,3igm_B_A,2.2
455,25.671,GLU, ,O,63.52,13.33,0.0,1.58,1.0,<Residue GLU het=  resseq=117 icode= >,3igm_B_A,2.2
456,12.325,GLU, ,CB,62.09,11.18,0.0,1.89,1.0,<Residue GLU het=  resseq=117 icode= >,3igm_B_A,2.2
457,16.794,GLU, ,CG,61.73,9.82,0.0,1.93,1.0,<Residue GLU het=  resseq=117 icode= >,3igm_B_A,2.2
458,7.814,GLU, ,CD,62.15,9.77,0.831,2.57,1.0,<Residue GLU het=  resseq=117 icode= >,3igm_B_A,2.2
459,20.76,GLU, ,OE1,61.22,10.83,2.561,1.89,1.0,<Residue GLU het=  resseq=117 icode= >,3igm_B_A,2.2
460,22.158,GLU, ,OE2,63.02,8.79,17.388,1.43,1.0,<Residue GLU het=  resseq=117 icode= >,3igm_B_A,2.2
461,1.87,ASN, ,N,65.01,13.20,0.0,1.58,1.0,<Residue ASN het=  resseq=118 icode= >,3igm_B_A,2.2
462,9.996,ASN, ,CA,66.63,14.37,0.0,2.36,1.0,<Residue ASN het=  resseq=118 icode= >,3igm_B_A,2.2
463,4.043,ASN, ,C,67.86,14.02,0.0,3.16,1.0,<Residue ASN het=  resseq=118 icode= >,3igm_B_A,2.2
464,14.244,ASN, ,O,68.11,13.00,3.572,1.94,1.0,<Residue ASN het=  resseq=118 icode= >,3igm_B_A,2.2
465,26.579,ASN, ,CB,66.33,15.67,0.0,1.99,1.0,<Residue ASN het=  resseq=118 icode= >,3igm_B_A,2.2
466,5.49,ASN, ,CG,66.83,15.20,0.0,2.73,1.0,<Residue ASN het=  resseq=118 icode= >,3igm_B_A,2.2
467,5.065,ASN, ,OD1,66.92,14.84,0.0,2.07,1.0,<Residue ASN het=  resseq=118 icode= >,3igm_B_A,2.2
468,17.723,ASN, ,ND2,66.08,14.81,0.0,1.61,1.0,<Residue ASN het=  resseq=118 icode= >,3igm_B_A,2.2
469,1.252,ASN, ,N,69.73,14.64,0.0,1.84,1.0,<Residue ASN het=  resseq=119 icode= >,3igm_B_A,2.2
470,6.169,ASN, ,CA,71.43,14.22,0.0,1.69,1.0,<Residue ASN het=  resseq=119 icode= >,3igm_B_A,2.2
471,0.653,ASN, ,C,72.67,15.09,0.232,2.12,1.0,<Residue ASN het=  resseq=119 icode= >,3igm_B_A,2.2
472,28.168,ASN, ,O,72.78,14.95,9.09,1.15,1.0,<Residue ASN het=  resseq=119 icode= >,3igm_B_A,2.2
473,34.601,ASN, ,CB,71.35,14.26,0.0,1.00,1.0,<Residue ASN het=  resseq=119 icode= >,3igm_B_A,2.2
474,9.759,ASN, ,CG,71.71,15.63,0.0,2.30,1.0,<Residue ASN het=  resseq=119 icode= >,3igm_B_A,2.2
475,40.591,ASN, ,OD1,72.33,15.89,0.0,1.28,1.0,<Residue ASN het=  resseq=119 icode= >,3igm_B_A,2.2
476,34.682,ASN, ,ND2,71.67,16.58,0.0,1.55,1.0,<Residue ASN het=  resseq=119 icode= >,3igm_B_A,2.2
477,0.976,GLY, ,N,74.11,15.82,0.0,1.81,1.0,<Residue GLY het=  resseq=120 icode= >,3igm_B_A,2.2
478,33.653,GLY, ,CA,75.91,15.75,0.0,1.14,1.0,<Residue GLY het=  resseq=120 icode= >,3igm_B_A,2.2
479,0.705,GLY, ,C,77.15,14.35,0.647,1.75,1.0,<Residue GLY het=  resseq=120 icode= >,3igm_B_A,2.2
480,4.007,GLY, ,O,77.04,13.36,3.989,1.91,1.0,<Residue GLY het=  resseq=120 icode= >,3igm_B_A,2.2
481,6.567,ARG, ,N,78.56,14.36,0.0,1.29,1.0,<Residue ARG het=  resseq=121 icode= >,3igm_B_A,2.2
482,1.194,ARG, ,CA,79.99,13.07,1.194,1.74,1.0,<Residue ARG het=  resseq=121 icode= >,3igm_B_A,2.2
483,0.53,ARG, ,C,80.63,12.70,0.0,2.35,1.0,<Residue ARG het=  resseq=121 icode= >,3igm_B_A,2.2
484,24.66,ARG, ,O,80.76,13.59,0.0,1.64,1.0,<Residue ARG het=  resseq=121 icode= >,3igm_B_A,2.2
485,22.705,ARG, ,CB,80.03,13.27,0.0,1.35,1.0,<Residue ARG het=  resseq=121 icode= >,3igm_B_A,2.2
486,34.446,ARG, ,CG,81.35,13.50,0.1,0.67,1.0,<Residue ARG het=  resseq=121 icode= >,3igm_B_A,2.2
487,26.692,ARG, ,CD,82.79,12.28,15.287,1.25,1.0,<Residue ARG het=  resseq=121 icode= >,3igm_B_A,2.2
488,7.416,ARG, ,NE,84.49,11.29,0.0,1.45,1.0,<Residue ARG het=  resseq=121 icode= >,3igm_B_A,2.2
489,8.226,ARG, ,CZ,85.63,10.29,3.747,1.27,1.0,<Residue ARG het=  resseq=121 icode= >,3igm_B_A,2.2
490,51.177,ARG, ,NH1,85.97,10.20,34.398,0.49,1.0,<Residue ARG het=  resseq=121 icode= >,3igm_B_A,2.2
491,58.678,ARG, ,NH2,86.19,9.57,15.569,0.63,1.0,<Residue ARG het=  resseq=121 icode= >,3igm_B_A,2.2
492,2.122,LYS, ,N,81.55,11.42,2.122,1.65,1.0,<Residue LYS het=  resseq=122 icode= >,3igm_B_A,2.2
493,3.155,LYS, ,CA,82.52,11.00,0.0,1.78,1.0,<Residue LYS het=  resseq=122 icode= >,3igm_B_A,2.2
494,3.291,LYS, ,C,83.06,11.04,0.158,2.63,1.0,<Residue LYS het=  resseq=122 icode= >,3igm_B_A,2.2
495,22.738,LYS, ,O,83.22,11.13,1.945,1.60,1.0,<Residue LYS het=  resseq=122 icode= >,3igm_B_A,2.2
496,22.872,LYS, ,CB,82.55,9.63,19.854,1.12,1.0,<Residue LYS het=  resseq=122 icode= >,3igm_B_A,2.2
497,15.057,LYS, ,CG,82.7,9.85,6.766,0.67,1.0,<Residue LYS het=  resseq=122 icode= >,3igm_B_A,2.2
498,15.436,LYS, ,CD,82.78,10.58,15.436,0.59,1.0,<Residue LYS het=  resseq=122 icode= >,3igm_B_A,2.2
499,3.751,LYS, ,CE,82.48,11.55,1.073,1.42,1.0,<Residue LYS het=  resseq=122 icode= >,3igm_B_A,2.2
500,6.792,LYS, ,NZ,82.3,12.28,6.531,1.01,1.0,<Residue LYS het=  resseq=122 icode= >,3igm_B_A,2.2
501,4.506,LYS, ,N,83.88,11.12,0.0,1.55,1.0,<Residue LYS het=  resseq=123 icode= >,3igm_B_A,2.2
502,8.455,LYS, ,CA,84.51,11.25,0.0,1.63,1.0,<Residue LYS het=  resseq=123 icode= >,3igm_B_A,2.2
503,35.405,LYS, ,C,84.71,9.95,2.107,1.01,1.0,<Residue LYS het=  resseq=123 icode= >,3igm_B_A,2.2
504,29.115,LYS, ,O,85.0,9.05,14.087,0.47,1.0,<Residue LYS het=  resseq=123 icode= >,3igm_B_A,2.2
505,18.899,LYS, ,CB,84.65,11.64,0.0,1.64,1.0,<Residue LYS het=  resseq=123 icode= >,3igm_B_A,2.2
506,27.634,LYS, ,CG,85.65,13.04,0.0,1.09,1.0,<Residue LYS het=  resseq=123 icode= >,3igm_B_A,2.2
507,38.34,LYS, ,CD,87.48,13.25,0.0,0.27,1.0,<Residue LYS het=  resseq=123 icode= >,3igm_B_A,2.2
508,42.889,LYS, ,CE,88.15,12.61,0.0,0.73,1.0,<Residue LYS het=  resseq=123 icode= >,3igm_B_A,2.2
509,36.42,LYS, ,NZ,88.89,13.28,0.0,0.39,1.0,<Residue LYS het=  resseq=123 icode= >,3igm_B_A,2.2
