,ASA,aa,altloc,atom,bfac,d2r,dASA,dens,occ,residue,id,resolu
0,42.979,MET, ,N,42.04,1000.00,0.0,1.34,1.0,<Residue MET het=  resseq=1 icode= >,3jr9_B_B,2.9
1,13.352,MET, ,CA,41.58,1000.00,0.0,2.48,1.0,<Residue MET het=  resseq=1 icode= >,3jr9_B_B,2.9
2,0.0,MET, ,C,41.7,1000.00,0.0,2.70,1.0,<Residue MET het=  resseq=1 icode= >,3jr9_B_B,2.9
3,24.088,MET, ,O,42.58,1000.00,0.0,1.79,1.0,<Residue MET het=  resseq=1 icode= >,3jr9_B_B,2.9
4,67.742,MET, ,CB,42.52,1000.00,0.0,0.70,1.0,<Residue MET het=  resseq=1 icode= >,3jr9_B_B,2.9
5,6.399,PHE, ,N,38.89,1000.00,0.0,2.26,1.0,<Residue PHE het=  resseq=2 icode= >,3jr9_B_B,2.9
6,2.543,PHE, ,CA,35.66,1000.00,0.0,3.64,1.0,<Residue PHE het=  resseq=2 icode= >,3jr9_B_B,2.9
7,1.038,PHE, ,C,31.12,1000.00,0.0,4.31,1.0,<Residue PHE het=  resseq=2 icode= >,3jr9_B_B,2.9
8,24.486,PHE, ,O,28.04,1000.00,0.0,2.91,1.0,<Residue PHE het=  resseq=2 icode= >,3jr9_B_B,2.9
9,25.231,PHE, ,CB,36.69,1000.00,0.0,2.45,1.0,<Residue PHE het=  resseq=2 icode= >,3jr9_B_B,2.9
10,2.423,PHE, ,CG,36.64,1000.00,0.0,3.09,1.0,<Residue PHE het=  resseq=2 icode= >,3jr9_B_B,2.9
11,17.95,PHE, ,CD1,37.49,1000.00,0.0,2.05,1.0,<Residue PHE het=  resseq=2 icode= >,3jr9_B_B,2.9
12,24.562,PHE, ,CD2,37.39,1000.00,0.0,2.61,1.0,<Residue PHE het=  resseq=2 icode= >,3jr9_B_B,2.9
13,29.66,PHE, ,CE1,37.95,1000.00,0.0,1.55,1.0,<Residue PHE het=  resseq=2 icode= >,3jr9_B_B,2.9
14,35.596,PHE, ,CE2,36.89,1000.00,0.0,2.28,1.0,<Residue PHE het=  resseq=2 icode= >,3jr9_B_B,2.9
15,35.552,PHE, ,CZ,36.97,1000.00,0.0,2.07,1.0,<Residue PHE het=  resseq=2 icode= >,3jr9_B_B,2.9
16,6.923,GLU, ,N,28.06,1000.00,0.0,3.71,1.0,<Residue GLU het=  resseq=3 icode= >,3jr9_B_B,2.9
17,3.933,GLU, ,CA,29.92,1000.00,0.0,3.91,1.0,<Residue GLU het=  resseq=3 icode= >,3jr9_B_B,2.9
18,0.676,GLU, ,C,27.95,1000.00,0.0,4.19,1.0,<Residue GLU het=  resseq=3 icode= >,3jr9_B_B,2.9
19,17.22,GLU, ,O,26.24,1000.00,0.0,2.89,1.0,<Residue GLU het=  resseq=3 icode= >,3jr9_B_B,2.9
20,20.084,GLU, ,CB,30.34,1000.00,0.0,1.46,1.0,<Residue GLU het=  resseq=3 icode= >,3jr9_B_B,2.9
21,27.12,GLU, ,CG,31.21,1000.00,0.0,1.56,1.0,<Residue GLU het=  resseq=3 icode= >,3jr9_B_B,2.9
22,14.158,GLU, ,CD,32.41,1000.00,0.0,2.91,1.0,<Residue GLU het=  resseq=3 icode= >,3jr9_B_B,2.9
23,38.535,GLU, ,OE1,32.03,1000.00,0.0,1.65,1.0,<Residue GLU het=  resseq=3 icode= >,3jr9_B_B,2.9
24,41.711,GLU, ,OE2,32.86,1000.00,0.0,1.96,1.0,<Residue GLU het=  resseq=3 icode= >,3jr9_B_B,2.9
25,8.236,GLN, ,N,27.47,1000.00,0.0,3.09,1.0,<Residue GLN het=  resseq=4 icode= >,3jr9_B_B,2.9
26,9.375,GLN, ,CA,27.31,1000.00,0.0,4.32,1.0,<Residue GLN het=  resseq=4 icode= >,3jr9_B_B,2.9
27,0.181,GLN, ,C,26.35,1000.00,0.0,3.96,1.0,<Residue GLN het=  resseq=4 icode= >,3jr9_B_B,2.9
28,23.058,GLN, ,O,27.31,1000.00,0.0,1.59,1.0,<Residue GLN het=  resseq=4 icode= >,3jr9_B_B,2.9
29,23.452,GLN, ,CB,27.77,1000.00,0.0,2.11,1.0,<Residue GLN het=  resseq=4 icode= >,3jr9_B_B,2.9
30,12.332,GLN, ,CG,26.75,1000.00,0.0,2.80,1.0,<Residue GLN het=  resseq=4 icode= >,3jr9_B_B,2.9
31,3.688,GLN, ,CD,27.61,1000.00,0.0,4.05,1.0,<Residue GLN het=  resseq=4 icode= >,3jr9_B_B,2.9
32,30.682,GLN, ,OE1,27.74,1000.00,0.0,2.35,1.0,<Residue GLN het=  resseq=4 icode= >,3jr9_B_B,2.9
33,50.184,GLN, ,NE2,27.57,1000.00,0.0,1.93,1.0,<Residue GLN het=  resseq=4 icode= >,3jr9_B_B,2.9
34,4.925,ARG, ,N,26.38,1000.00,0.0,2.21,1.0,<Residue ARG het=  resseq=5 icode= >,3jr9_B_B,2.9
35,3.285,ARG, ,CA,26.3,1000.00,0.0,3.34,1.0,<Residue ARG het=  resseq=5 icode= >,3jr9_B_B,2.9
36,0.0,ARG, ,C,26.03,1000.00,0.0,4.12,1.0,<Residue ARG het=  resseq=5 icode= >,3jr9_B_B,2.9
37,16.173,ARG, ,O,27.01,1000.00,0.0,2.21,1.0,<Residue ARG het=  resseq=5 icode= >,3jr9_B_B,2.9
38,19.232,ARG, ,CB,24.93,1000.00,0.0,2.46,1.0,<Residue ARG het=  resseq=5 icode= >,3jr9_B_B,2.9
39,0.793,ARG, ,CG,24.99,1000.00,0.0,3.14,1.0,<Residue ARG het=  resseq=5 icode= >,3jr9_B_B,2.9
40,14.846,ARG, ,CD,26.48,1000.00,1.492,3.13,1.0,<Residue ARG het=  resseq=5 icode= >,3jr9_B_B,2.9
41,1.964,ARG, ,NE,26.38,1000.00,0.0,3.96,1.0,<Residue ARG het=  resseq=5 icode= >,3jr9_B_B,2.9
42,7.694,ARG, ,CZ,28.82,1000.00,3.32,3.83,1.0,<Residue ARG het=  resseq=5 icode= >,3jr9_B_B,2.9
43,50.712,ARG, ,NH1,30.68,1000.00,15.774,1.44,1.0,<Residue ARG het=  resseq=5 icode= >,3jr9_B_B,2.9
44,53.182,ARG, ,NH2,29.95,1000.00,5.16,1.77,1.0,<Residue ARG het=  resseq=5 icode= >,3jr9_B_B,2.9
45,0.825,VAL, ,N,24.75,1000.00,0.0,3.22,1.0,<Residue VAL het=  resseq=6 icode= >,3jr9_B_B,2.9
46,4.632,VAL, ,CA,25.88,1000.00,0.0,2.90,1.0,<Residue VAL het=  resseq=6 icode= >,3jr9_B_B,2.9
47,0.0,VAL, ,C,28.2,1000.00,0.0,2.96,1.0,<Residue VAL het=  resseq=6 icode= >,3jr9_B_B,2.9
48,0.0,VAL, ,O,28.35,1000.00,0.0,1.68,1.0,<Residue VAL het=  resseq=6 icode= >,3jr9_B_B,2.9
49,6.926,VAL, ,CB,22.62,1000.00,0.0,3.26,1.0,<Residue VAL het=  resseq=6 icode= >,3jr9_B_B,2.9
50,35.473,VAL, ,CG1,19.33,1000.00,0.0,1.59,1.0,<Residue VAL het=  resseq=6 icode= >,3jr9_B_B,2.9
51,26.69,VAL, ,CG2,19.83,1000.00,0.0,0.78,1.0,<Residue VAL het=  resseq=6 icode= >,3jr9_B_B,2.9
52,2.443,ASN, ,N,31.34,1000.00,0.0,2.85,1.0,<Residue ASN het=  resseq=7 icode= >,3jr9_B_B,2.9
53,0.335,ASN, ,CA,32.46,1000.00,0.335,3.46,1.0,<Residue ASN het=  resseq=7 icode= >,3jr9_B_B,2.9
54,0.057,ASN, ,C,33.03,1000.00,0.057,4.53,1.0,<Residue ASN het=  resseq=7 icode= >,3jr9_B_B,2.9
55,10.764,ASN, ,O,33.42,1000.00,10.549,2.05,1.0,<Residue ASN het=  resseq=7 icode= >,3jr9_B_B,2.9
56,23.778,ASN, ,CB,35.71,1000.00,8.335,1.79,1.0,<Residue ASN het=  resseq=7 icode= >,3jr9_B_B,2.9
57,7.798,ASN, ,CG,37.48,1000.00,0.592,3.02,1.0,<Residue ASN het=  resseq=7 icode= >,3jr9_B_B,2.9
58,40.598,ASN, ,OD1,39.68,1000.00,0.0,1.38,1.0,<Residue ASN het=  resseq=7 icode= >,3jr9_B_B,2.9
59,39.878,ASN, ,ND2,37.45,1000.00,2.871,1.54,1.0,<Residue ASN het=  resseq=7 icode= >,3jr9_B_B,2.9
60,1.397,SER, ,N,33.18,1000.00,0.0,2.36,1.0,<Residue SER het=  resseq=8 icode= >,3jr9_B_B,2.9
61,1.947,SER, ,CA,32.92,1000.00,1.947,3.08,1.0,<Residue SER het=  resseq=8 icode= >,3jr9_B_B,2.9
62,0.269,SER, ,C,32.55,1000.00,0.269,4.07,1.0,<Residue SER het=  resseq=8 icode= >,3jr9_B_B,2.9
63,1.145,SER, ,O,35.86,1000.00,1.145,1.83,1.0,<Residue SER het=  resseq=8 icode= >,3jr9_B_B,2.9
64,12.105,SER, ,CB,33.71,1000.00,0.0,2.67,1.0,<Residue SER het=  resseq=8 icode= >,3jr9_B_B,2.9
65,13.825,SER, ,OG,34.94,1000.00,0.0,1.51,1.0,<Residue SER het=  resseq=8 icode= >,3jr9_B_B,2.9
66,0.0,ASP, ,N,31.64,1000.00,0.0,1.98,1.0,<Residue ASP het=  resseq=9 icode= >,3jr9_B_B,2.9
67,0.0,ASP, ,CA,31.07,1000.00,0.0,2.56,1.0,<Residue ASP het=  resseq=9 icode= >,3jr9_B_B,2.9
68,0.0,ASP, ,C,28.06,1000.00,0.0,4.16,1.0,<Residue ASP het=  resseq=9 icode= >,3jr9_B_B,2.9
69,3.891,ASP, ,O,27.42,1000.00,0.0,2.97,1.0,<Residue ASP het=  resseq=9 icode= >,3jr9_B_B,2.9
70,1.981,ASP, ,CB,35.95,1000.00,0.0,1.44,1.0,<Residue ASP het=  resseq=9 icode= >,3jr9_B_B,2.9
71,8.403,ASP, ,CG,40.43,1000.00,0.0,1.97,1.0,<Residue ASP het=  resseq=9 icode= >,3jr9_B_B,2.9
72,9.626,ASP, ,OD1,45.49,1000.00,0.0,0.74,1.0,<Residue ASP het=  resseq=9 icode= >,3jr9_B_B,2.9
73,26.472,ASP, ,OD2,43.5,1000.00,0.0,1.04,1.0,<Residue ASP het=  resseq=9 icode= >,3jr9_B_B,2.9
74,0.0,VAL, ,N,25.05,1000.00,0.0,3.04,1.0,<Residue VAL het=  resseq=10 icode= >,3jr9_B_B,2.9
75,1.238,VAL, ,CA,24.08,1000.00,0.0,4.17,1.0,<Residue VAL het=  resseq=10 icode= >,3jr9_B_B,2.9
76,0.0,VAL, ,C,24.0,1000.00,0.0,4.69,1.0,<Residue VAL het=  resseq=10 icode= >,3jr9_B_B,2.9
77,21.5,VAL, ,O,24.45,1000.00,19.97,2.58,1.0,<Residue VAL het=  resseq=10 icode= >,3jr9_B_B,2.9
78,3.109,VAL, ,CB,19.72,1000.00,3.109,4.35,1.0,<Residue VAL het=  resseq=10 icode= >,3jr9_B_B,2.9
79,42.705,VAL, ,CG1,17.16,1000.00,36.554,2.28,1.0,<Residue VAL het=  resseq=10 icode= >,3jr9_B_B,2.9
80,22.567,VAL, ,CG2,19.15,1000.00,1.929,2.20,1.0,<Residue VAL het=  resseq=10 icode= >,3jr9_B_B,2.9
81,0.197,LEU, ,N,24.96,1000.00,0.197,3.43,1.0,<Residue LEU het=  resseq=11 icode= >,3jr9_B_B,2.9
82,2.644,LEU, ,CA,25.04,1000.00,2.644,3.37,1.0,<Residue LEU het=  resseq=11 icode= >,3jr9_B_B,2.9
83,0.512,LEU, ,C,24.32,1000.00,0.512,4.33,1.0,<Residue LEU het=  resseq=11 icode= >,3jr9_B_B,2.9
84,0.659,LEU, ,O,23.11,1000.00,0.659,2.86,1.0,<Residue LEU het=  resseq=11 icode= >,3jr9_B_B,2.9
85,6.335,LEU, ,CB,24.64,1000.00,6.335,3.03,1.0,<Residue LEU het=  resseq=11 icode= >,3jr9_B_B,2.9
86,0.864,LEU, ,CG,24.6,1000.00,0.677,3.26,1.0,<Residue LEU het=  resseq=11 icode= >,3jr9_B_B,2.9
87,55.602,LEU, ,CD1,24.76,1000.00,55.456,1.67,1.0,<Residue LEU het=  resseq=11 icode= >,3jr9_B_B,2.9
88,49.297,LEU, ,CD2,25.88,1000.00,49.297,1.83,1.0,<Residue LEU het=  resseq=11 icode= >,3jr9_B_B,2.9
89,4.384,THR, ,N,25.16,1000.00,4.384,3.68,1.0,<Residue THR het=  resseq=12 icode= >,3jr9_B_B,2.9
90,0.0,THR, ,CA,26.07,1000.00,0.0,4.44,1.0,<Residue THR het=  resseq=12 icode= >,3jr9_B_B,2.9
91,0.024,THR, ,C,25.94,1000.00,0.024,4.73,1.0,<Residue THR het=  resseq=12 icode= >,3jr9_B_B,2.9
92,21.808,THR, ,O,26.76,1000.00,21.406,3.03,1.0,<Residue THR het=  resseq=12 icode= >,3jr9_B_B,2.9
93,0.0,THR, ,CB,27.94,1000.00,0.0,3.86,1.0,<Residue THR het=  resseq=12 icode= >,3jr9_B_B,2.9
94,14.389,THR, ,OG1,28.52,1000.00,10.547,1.83,1.0,<Residue THR het=  resseq=12 icode= >,3jr9_B_B,2.9
95,2.217,THR, ,CG2,28.44,1000.00,0.0,1.63,1.0,<Residue THR het=  resseq=12 icode= >,3jr9_B_B,2.9
96,0.0,VAL, ,N,26.1,1000.00,0.0,2.39,1.0,<Residue VAL het=  resseq=13 icode= >,3jr9_B_B,2.9
97,3.852,VAL, ,CA,25.21,1000.00,3.852,3.48,1.0,<Residue VAL het=  resseq=13 icode= >,3jr9_B_B,2.9
98,0.0,VAL, ,C,24.65,1000.00,0.0,4.47,1.0,<Residue VAL het=  resseq=13 icode= >,3jr9_B_B,2.9
99,0.0,VAL, ,O,27.15,1000.00,0.0,1.48,1.0,<Residue VAL het=  resseq=13 icode= >,3jr9_B_B,2.9
100,0.738,VAL, ,CB,24.61,1000.00,0.0,3.81,1.0,<Residue VAL het=  resseq=13 icode= >,3jr9_B_B,2.9
101,41.569,VAL, ,CG1,26.83,1000.00,33.705,1.30,1.0,<Residue VAL het=  resseq=13 icode= >,3jr9_B_B,2.9
102,17.14,VAL, ,CG2,26.41,1000.00,17.14,1.84,1.0,<Residue VAL het=  resseq=13 icode= >,3jr9_B_B,2.9
103,3.489,SER, ,N,23.07,1000.00,3.489,3.60,1.0,<Residue SER het=  resseq=14 icode= >,3jr9_B_B,2.9
104,0.0,SER, ,CA,23.82,1000.00,0.0,4.29,1.0,<Residue SER het=  resseq=14 icode= >,3jr9_B_B,2.9
105,0.934,SER, ,C,23.83,1000.00,0.0,4.69,1.0,<Residue SER het=  resseq=14 icode= >,3jr9_B_B,2.9
106,18.551,SER, ,O,26.46,1000.00,0.461,3.69,1.0,<Residue SER het=  resseq=14 icode= >,3jr9_B_B,2.9
107,27.456,SER, ,CB,22.91,1000.00,9.045,3.55,1.0,<Residue SER het=  resseq=14 icode= >,3jr9_B_B,2.9
108,22.185,SER, ,OG,23.74,1000.00,6.59,2.47,1.0,<Residue SER het=  resseq=14 icode= >,3jr9_B_B,2.9
109,0.0,THR, ,N,25.06,1000.00,0.0,3.36,1.0,<Residue THR het=  resseq=15 icode= >,3jr9_B_B,2.9
110,6.623,THR, ,CA,27.66,1000.00,0.0,3.99,1.0,<Residue THR het=  resseq=15 icode= >,3jr9_B_B,2.9
111,0.454,THR, ,C,28.83,1000.00,0.0,3.88,1.0,<Residue THR het=  resseq=15 icode= >,3jr9_B_B,2.9
112,0.0,THR, ,O,28.53,1000.00,0.0,2.36,1.0,<Residue THR het=  resseq=15 icode= >,3jr9_B_B,2.9
113,11.156,THR, ,CB,28.75,1000.00,0.0,3.52,1.0,<Residue THR het=  resseq=15 icode= >,3jr9_B_B,2.9
114,0.0,THR, ,OG1,28.69,1000.00,0.0,2.12,1.0,<Residue THR het=  resseq=15 icode= >,3jr9_B_B,2.9
115,22.219,THR, ,CG2,29.42,1000.00,0.0,0.74,1.0,<Residue THR het=  resseq=15 icode= >,3jr9_B_B,2.9
116,4.833,VAL, ,N,30.57,1000.00,0.728,2.93,1.0,<Residue VAL het=  resseq=16 icode= >,3jr9_B_B,2.9
117,0.0,VAL, ,CA,31.19,1000.00,0.0,3.61,1.0,<Residue VAL het=  resseq=16 icode= >,3jr9_B_B,2.9
118,0.0,VAL, ,C,32.7,1000.00,0.0,3.62,1.0,<Residue VAL het=  resseq=16 icode= >,3jr9_B_B,2.9
119,24.04,VAL, ,O,32.31,1000.00,0.888,2.82,1.0,<Residue VAL het=  resseq=16 icode= >,3jr9_B_B,2.9
120,10.233,VAL, ,CB,30.28,1000.00,10.21,3.38,1.0,<Residue VAL het=  resseq=16 icode= >,3jr9_B_B,2.9
121,15.971,VAL, ,CG1,29.53,1000.00,4.952,0.92,1.0,<Residue VAL het=  resseq=16 icode= >,3jr9_B_B,2.9
122,46.121,VAL, ,CG2,28.19,1000.00,15.688,1.81,1.0,<Residue VAL het=  resseq=16 icode= >,3jr9_B_B,2.9
123,0.0,ASN, ,N,35.53,1000.00,0.0,2.46,1.0,<Residue ASN het=  resseq=17 icode= >,3jr9_B_B,2.9
124,3.88,ASN, ,CA,37.21,1000.00,0.0,2.08,1.0,<Residue ASN het=  resseq=17 icode= >,3jr9_B_B,2.9
125,2.752,ASN, ,C,38.25,1000.00,0.0,2.59,1.0,<Residue ASN het=  resseq=17 icode= >,3jr9_B_B,2.9
126,4.139,ASN, ,O,39.16,1000.00,0.0,1.36,1.0,<Residue ASN het=  resseq=17 icode= >,3jr9_B_B,2.9
127,9.774,ASN, ,CB,36.91,1000.00,0.0,1.53,1.0,<Residue ASN het=  resseq=17 icode= >,3jr9_B_B,2.9
128,0.0,ASN, ,CG,36.25,1000.00,0.0,3.17,1.0,<Residue ASN het=  resseq=17 icode= >,3jr9_B_B,2.9
129,0.0,ASN, ,OD1,36.33,1000.00,0.0,1.30,1.0,<Residue ASN het=  resseq=17 icode= >,3jr9_B_B,2.9
130,24.953,ASN, ,ND2,36.3,1000.00,0.0,1.62,1.0,<Residue ASN het=  resseq=17 icode= >,3jr9_B_B,2.9
131,6.123,SER, ,N,39.59,1000.00,0.0,2.16,1.0,<Residue SER het=  resseq=18 icode= >,3jr9_B_B,2.9
132,12.96,SER, ,CA,41.15,1000.00,0.0,2.68,1.0,<Residue SER het=  resseq=18 icode= >,3jr9_B_B,2.9
133,0.862,SER, ,C,41.87,1000.00,0.0,2.44,1.0,<Residue SER het=  resseq=18 icode= >,3jr9_B_B,2.9
134,27.158,SER, ,O,42.48,1000.00,0.0,0.91,1.0,<Residue SER het=  resseq=18 icode= >,3jr9_B_B,2.9
135,43.141,SER, ,CB,42.09,1000.00,0.0,1.76,1.0,<Residue SER het=  resseq=18 icode= >,3jr9_B_B,2.9
136,21.257,SER, ,OG,43.3,1000.00,0.0,1.49,1.0,<Residue SER het=  resseq=18 icode= >,3jr9_B_B,2.9
137,0.0,GLN, ,N,42.83,1000.00,0.0,1.78,1.0,<Residue GLN het=  resseq=19 icode= >,3jr9_B_B,2.9
138,6.577,GLN, ,CA,43.57,1000.00,0.0,2.23,1.0,<Residue GLN het=  resseq=19 icode= >,3jr9_B_B,2.9
139,2.34,GLN, ,C,42.09,1000.00,0.0,3.74,1.0,<Residue GLN het=  resseq=19 icode= >,3jr9_B_B,2.9
140,10.06,GLN, ,O,40.08,1000.00,0.0,2.17,1.0,<Residue GLN het=  resseq=19 icode= >,3jr9_B_B,2.9
141,11.45,GLN, ,CB,45.86,1000.00,0.0,1.59,1.0,<Residue GLN het=  resseq=19 icode= >,3jr9_B_B,2.9
142,36.92,GLN, ,CG,48.28,1000.00,0.0,1.18,1.0,<Residue GLN het=  resseq=19 icode= >,3jr9_B_B,2.9
143,5.498,GLN, ,CD,50.25,1000.00,0.0,2.07,1.0,<Residue GLN het=  resseq=19 icode= >,3jr9_B_B,2.9
144,12.26,GLN, ,OE1,51.64,1000.00,0.0,0.86,1.0,<Residue GLN het=  resseq=19 icode= >,3jr9_B_B,2.9
145,41.815,GLN, ,NE2,52.2,1000.00,0.0,0.48,1.0,<Residue GLN het=  resseq=19 icode= >,3jr9_B_B,2.9
146,0.387,ASP, ,N,42.87,1000.00,0.0,2.89,1.0,<Residue ASP het=  resseq=20 icode= >,3jr9_B_B,2.9
147,0.0,ASP, ,CA,44.3,1000.00,0.0,2.91,1.0,<Residue ASP het=  resseq=20 icode= >,3jr9_B_B,2.9
148,0.271,ASP, ,C,42.57,1000.00,0.0,3.12,1.0,<Residue ASP het=  resseq=20 icode= >,3jr9_B_B,2.9
149,19.672,ASP, ,O,41.71,1000.00,0.0,2.31,1.0,<Residue ASP het=  resseq=20 icode= >,3jr9_B_B,2.9
150,21.76,ASP, ,CB,48.27,1000.00,0.0,0.74,1.0,<Residue ASP het=  resseq=20 icode= >,3jr9_B_B,2.9
151,12.99,ASP, ,CG,51.01,1000.00,0.163,1.05,1.0,<Residue ASP het=  resseq=20 icode= >,3jr9_B_B,2.9
152,27.161,ASP, ,OD1,52.21,1000.00,6.689,0.95,1.0,<Residue ASP het=  resseq=20 icode= >,3jr9_B_B,2.9
153,41.406,ASP, ,OD2,52.61,1000.00,2.465,0.28,1.0,<Residue ASP het=  resseq=20 icode= >,3jr9_B_B,2.9
154,0.0,GLN, ,N,40.4,1000.00,0.0,2.05,1.0,<Residue GLN het=  resseq=21 icode= >,3jr9_B_B,2.9
155,1.28,GLN, ,CA,39.58,1000.00,0.0,2.85,1.0,<Residue GLN het=  resseq=21 icode= >,3jr9_B_B,2.9
156,0.0,GLN, ,C,38.76,1000.00,0.0,3.02,1.0,<Residue GLN het=  resseq=21 icode= >,3jr9_B_B,2.9
157,0.0,GLN, ,O,39.63,1000.00,0.0,1.59,1.0,<Residue GLN het=  resseq=21 icode= >,3jr9_B_B,2.9
158,2.321,GLN, ,CB,39.53,1000.00,0.0,2.21,1.0,<Residue GLN het=  resseq=21 icode= >,3jr9_B_B,2.9
159,31.65,GLN, ,CG,41.09,1000.00,0.0,2.14,1.0,<Residue GLN het=  resseq=21 icode= >,3jr9_B_B,2.9
160,5.993,GLN, ,CD,43.19,1000.00,0.0,2.13,1.0,<Residue GLN het=  resseq=21 icode= >,3jr9_B_B,2.9
161,10.412,GLN, ,OE1,45.0,1000.00,0.0,0.92,1.0,<Residue GLN het=  resseq=21 icode= >,3jr9_B_B,2.9
162,58.771,GLN, ,NE2,43.96,1000.00,0.0,0.78,1.0,<Residue GLN het=  resseq=21 icode= >,3jr9_B_B,2.9
163,3.019,VAL, ,N,36.06,1000.00,0.0,2.85,1.0,<Residue VAL het=  resseq=22 icode= >,3jr9_B_B,2.9
164,0.0,VAL, ,CA,35.3,1000.00,0.0,3.64,1.0,<Residue VAL het=  resseq=22 icode= >,3jr9_B_B,2.9
165,0.085,VAL, ,C,35.48,1000.00,0.0,4.48,1.0,<Residue VAL het=  resseq=22 icode= >,3jr9_B_B,2.9
166,20.811,VAL, ,O,35.59,1000.00,0.0,2.58,1.0,<Residue VAL het=  resseq=22 icode= >,3jr9_B_B,2.9
167,9.353,VAL, ,CB,32.9,1000.00,0.0,2.63,1.0,<Residue VAL het=  resseq=22 icode= >,3jr9_B_B,2.9
168,26.337,VAL, ,CG1,30.72,1000.00,0.0,1.91,1.0,<Residue VAL het=  resseq=22 icode= >,3jr9_B_B,2.9
169,49.036,VAL, ,CG2,31.15,1000.00,0.0,1.20,1.0,<Residue VAL het=  resseq=22 icode= >,3jr9_B_B,2.9
170,0.0,THR, ,N,35.14,1000.00,0.0,3.35,1.0,<Residue THR het=  resseq=23 icode= >,3jr9_B_B,2.9
171,4.5,THR, ,CA,35.16,1000.00,0.0,3.63,1.0,<Residue THR het=  resseq=23 icode= >,3jr9_B_B,2.9
172,0.098,THR, ,C,33.9,1000.00,0.0,4.44,1.0,<Residue THR het=  resseq=23 icode= >,3jr9_B_B,2.9
173,0.0,THR, ,O,32.76,1000.00,0.0,2.58,1.0,<Residue THR het=  resseq=23 icode= >,3jr9_B_B,2.9
174,7.469,THR, ,CB,35.73,1000.00,0.0,2.82,1.0,<Residue THR het=  resseq=23 icode= >,3jr9_B_B,2.9
175,0.38,THR, ,OG1,34.85,1000.00,0.0,1.95,1.0,<Residue THR het=  resseq=23 icode= >,3jr9_B_B,2.9
176,42.551,THR, ,CG2,37.64,1000.00,0.0,0.15,1.0,<Residue THR het=  resseq=23 icode= >,3jr9_B_B,2.9
177,4.126,GLN, ,N,34.16,1000.00,0.0,2.38,1.0,<Residue GLN het=  resseq=24 icode= >,3jr9_B_B,2.9
178,0.0,GLN, ,CA,34.96,1000.00,0.0,2.78,1.0,<Residue GLN het=  resseq=24 icode= >,3jr9_B_B,2.9
179,0.0,GLN, ,C,34.07,1000.00,0.0,4.05,1.0,<Residue GLN het=  resseq=24 icode= >,3jr9_B_B,2.9
180,14.689,GLN, ,O,37.64,1000.00,0.0,1.84,1.0,<Residue GLN het=  resseq=24 icode= >,3jr9_B_B,2.9
181,12.383,GLN, ,CB,36.2,1000.00,0.0,1.64,1.0,<Residue GLN het=  resseq=24 icode= >,3jr9_B_B,2.9
182,33.229,GLN, ,CG,36.01,1000.00,0.141,1.77,1.0,<Residue GLN het=  resseq=24 icode= >,3jr9_B_B,2.9
183,5.87,GLN, ,CD,37.08,1000.00,2.009,3.42,1.0,<Residue GLN het=  resseq=24 icode= >,3jr9_B_B,2.9
184,11.923,GLN, ,OE1,39.12,1000.00,0.0,1.56,1.0,<Residue GLN het=  resseq=24 icode= >,3jr9_B_B,2.9
185,12.439,GLN, ,NE2,36.55,1000.00,10.511,1.57,1.0,<Residue GLN het=  resseq=24 icode= >,3jr9_B_B,2.9
186,0.0,LYS, ,N,32.19,1000.00,0.0,3.06,1.0,<Residue LYS het=  resseq=25 icode= >,3jr9_B_B,2.9
187,0.0,LYS, ,CA,33.72,1000.00,0.0,3.39,1.0,<Residue LYS het=  resseq=25 icode= >,3jr9_B_B,2.9
188,0.0,LYS, ,C,31.28,1000.00,0.0,4.41,1.0,<Residue LYS het=  resseq=25 icode= >,3jr9_B_B,2.9
189,0.146,LYS, ,O,30.95,1000.00,0.0,2.79,1.0,<Residue LYS het=  resseq=25 icode= >,3jr9_B_B,2.9
190,3.004,LYS, ,CB,36.46,1000.00,0.0,2.23,1.0,<Residue LYS het=  resseq=25 icode= >,3jr9_B_B,2.9
191,13.029,LYS, ,CG,38.66,1000.00,0.0,1.45,1.0,<Residue LYS het=  resseq=25 icode= >,3jr9_B_B,2.9
192,19.078,LYS, ,CD,39.03,1000.00,0.0,1.11,1.0,<Residue LYS het=  resseq=25 icode= >,3jr9_B_B,2.9
193,27.44,LYS, ,CE,39.45,1000.00,0.0,1.10,1.0,<Residue LYS het=  resseq=25 icode= >,3jr9_B_B,2.9
194,16.41,LYS, ,NZ,38.82,1000.00,0.0,1.59,1.0,<Residue LYS het=  resseq=25 icode= >,3jr9_B_B,2.9
195,0.0,PRO, ,N,29.46,1000.00,0.0,4.97,1.0,<Residue PRO het=  resseq=26 icode= >,3jr9_B_B,2.9
196,0.0,PRO, ,CA,28.99,1000.00,0.0,4.16,1.0,<Residue PRO het=  resseq=26 icode= >,3jr9_B_B,2.9
197,0.0,PRO, ,C,28.52,1000.00,0.0,4.79,1.0,<Residue PRO het=  resseq=26 icode= >,3jr9_B_B,2.9
198,0.805,PRO, ,O,30.77,1000.00,0.0,2.04,1.0,<Residue PRO het=  resseq=26 icode= >,3jr9_B_B,2.9
199,0.087,PRO, ,CB,28.32,1000.00,0.087,3.46,1.0,<Residue PRO het=  resseq=26 icode= >,3jr9_B_B,2.9
200,14.461,PRO, ,CG,29.41,1000.00,0.0,3.13,1.0,<Residue PRO het=  resseq=26 icode= >,3jr9_B_B,2.9
201,10.555,PRO, ,CD,29.68,1000.00,0.0,2.76,1.0,<Residue PRO het=  resseq=26 icode= >,3jr9_B_B,2.9
202,0.722,LEU, ,N,27.07,1000.00,0.722,3.37,1.0,<Residue LEU het=  resseq=27 icode= >,3jr9_B_B,2.9
203,0.0,LEU, ,CA,26.04,1000.00,0.0,3.75,1.0,<Residue LEU het=  resseq=27 icode= >,3jr9_B_B,2.9
204,0.02,LEU, ,C,25.36,1000.00,0.02,4.23,1.0,<Residue LEU het=  resseq=27 icode= >,3jr9_B_B,2.9
205,0.0,LEU, ,O,25.12,1000.00,0.0,1.77,1.0,<Residue LEU het=  resseq=27 icode= >,3jr9_B_B,2.9
206,5.058,LEU, ,CB,24.68,1000.00,5.058,2.64,1.0,<Residue LEU het=  resseq=27 icode= >,3jr9_B_B,2.9
207,1.113,LEU, ,CG,23.08,1000.00,1.113,4.01,1.0,<Residue LEU het=  resseq=27 icode= >,3jr9_B_B,2.9
208,26.159,LEU, ,CD1,21.57,1000.00,26.159,2.62,1.0,<Residue LEU het=  resseq=27 icode= >,3jr9_B_B,2.9
209,41.986,LEU, ,CD2,22.01,1000.00,41.738,2.10,1.0,<Residue LEU het=  resseq=27 icode= >,3jr9_B_B,2.9
210,3.122,ARG, ,N,26.41,1000.00,3.122,3.47,1.0,<Residue ARG het=  resseq=28 icode= >,3jr9_B_B,2.9
211,6.246,ARG, ,CA,28.7,1000.00,6.246,3.82,1.0,<Residue ARG het=  resseq=28 icode= >,3jr9_B_B,2.9
212,0.0,ARG, ,C,28.2,1000.00,0.0,3.36,1.0,<Residue ARG het=  resseq=28 icode= >,3jr9_B_B,2.9
213,1.342,ARG, ,O,26.38,1000.00,1.342,1.86,1.0,<Residue ARG het=  resseq=28 icode= >,3jr9_B_B,2.9
214,4.208,ARG, ,CB,30.78,1000.00,2.56,2.76,1.0,<Residue ARG het=  resseq=28 icode= >,3jr9_B_B,2.9
215,23.118,ARG, ,CG,33.27,1000.00,22.904,2.41,1.0,<Residue ARG het=  resseq=28 icode= >,3jr9_B_B,2.9
216,11.667,ARG, ,CD,35.75,1000.00,0.0,2.38,1.0,<Residue ARG het=  resseq=28 icode= >,3jr9_B_B,2.9
217,17.556,ARG, ,NE,37.86,1000.00,4.036,2.32,1.0,<Residue ARG het=  resseq=28 icode= >,3jr9_B_B,2.9
218,3.698,ARG, ,CZ,39.99,1000.00,3.023,2.69,1.0,<Residue ARG het=  resseq=28 icode= >,3jr9_B_B,2.9
219,16.241,ARG, ,NH1,40.18,1000.00,15.043,1.27,1.0,<Residue ARG het=  resseq=28 icode= >,3jr9_B_B,2.9
220,56.997,ARG, ,NH2,41.65,1000.00,32.987,0.79,1.0,<Residue ARG het=  resseq=28 icode= >,3jr9_B_B,2.9
221,0.0,ASP, ,N,28.41,1000.00,0.0,2.52,1.0,<Residue ASP het=  resseq=29 icode= >,3jr9_B_B,2.9
222,0.0,ASP, ,CA,27.63,1000.00,0.0,4.11,1.0,<Residue ASP het=  resseq=29 icode= >,3jr9_B_B,2.9
223,1.647,ASP, ,C,26.03,1000.00,0.0,4.19,1.0,<Residue ASP het=  resseq=29 icode= >,3jr9_B_B,2.9
224,2.967,ASP, ,O,27.24,1000.00,0.0,1.68,1.0,<Residue ASP het=  resseq=29 icode= >,3jr9_B_B,2.9
225,18.5,ASP, ,CB,29.96,1000.00,0.0,1.84,1.0,<Residue ASP het=  resseq=29 icode= >,3jr9_B_B,2.9
226,7.999,ASP, ,CG,33.5,1000.00,0.0,2.68,1.0,<Residue ASP het=  resseq=29 icode= >,3jr9_B_B,2.9
227,18.098,ASP, ,OD1,36.67,1000.00,0.0,1.36,1.0,<Residue ASP het=  resseq=29 icode= >,3jr9_B_B,2.9
228,18.77,ASP, ,OD2,34.96,1000.00,0.0,2.08,1.0,<Residue ASP het=  resseq=29 icode= >,3jr9_B_B,2.9
229,0.661,SER, ,N,23.3,1000.00,0.0,3.03,1.0,<Residue SER het=  resseq=30 icode= >,3jr9_B_B,2.9
230,4.283,SER, ,CA,23.97,1000.00,1.616,4.16,1.0,<Residue SER het=  resseq=30 icode= >,3jr9_B_B,2.9
231,1.183,SER, ,C,24.16,1000.00,1.183,4.89,1.0,<Residue SER het=  resseq=30 icode= >,3jr9_B_B,2.9
232,4.786,SER, ,O,24.53,1000.00,4.786,2.03,1.0,<Residue SER het=  resseq=30 icode= >,3jr9_B_B,2.9
233,21.49,SER, ,CB,24.64,1000.00,21.321,2.93,1.0,<Residue SER het=  resseq=30 icode= >,3jr9_B_B,2.9
234,12.261,SER, ,OG,26.39,1000.00,1.089,2.23,1.0,<Residue SER het=  resseq=30 icode= >,3jr9_B_B,2.9
235,0.0,VAL, ,N,25.92,1000.00,0.0,2.20,1.0,<Residue VAL het=  resseq=31 icode= >,3jr9_B_B,2.9
236,2.528,VAL, ,CA,25.77,1000.00,2.528,3.75,1.0,<Residue VAL het=  resseq=31 icode= >,3jr9_B_B,2.9
237,0.0,VAL, ,C,25.68,1000.00,0.0,5.09,1.0,<Residue VAL het=  resseq=31 icode= >,3jr9_B_B,2.9
238,0.0,VAL, ,O,25.27,1000.00,0.0,2.18,1.0,<Residue VAL het=  resseq=31 icode= >,3jr9_B_B,2.9
239,2.357,VAL, ,CB,24.4,1000.00,2.357,3.51,1.0,<Residue VAL het=  resseq=31 icode= >,3jr9_B_B,2.9
240,26.572,VAL, ,CG1,22.32,1000.00,26.188,1.81,1.0,<Residue VAL het=  resseq=31 icode= >,3jr9_B_B,2.9
241,23.493,VAL, ,CG2,23.71,1000.00,23.493,1.44,1.0,<Residue VAL het=  resseq=31 icode= >,3jr9_B_B,2.9
242,0.065,LYS, ,N,29.63,1000.00,0.065,2.98,1.0,<Residue LYS het=  resseq=32 icode= >,3jr9_B_B,2.9
243,2.54,LYS, ,CA,34.04,1000.00,2.54,3.27,1.0,<Residue LYS het=  resseq=32 icode= >,3jr9_B_B,2.9
244,0.0,LYS, ,C,34.99,1000.00,0.0,3.71,1.0,<Residue LYS het=  resseq=32 icode= >,3jr9_B_B,2.9
245,0.825,LYS, ,O,37.07,1000.00,0.825,1.39,1.0,<Residue LYS het=  resseq=32 icode= >,3jr9_B_B,2.9
246,4.797,LYS, ,CB,36.81,1000.00,0.856,2.90,1.0,<Residue LYS het=  resseq=32 icode= >,3jr9_B_B,2.9
247,13.662,LYS, ,CG,39.22,1000.00,13.662,2.29,1.0,<Residue LYS het=  resseq=32 icode= >,3jr9_B_B,2.9
248,14.874,LYS, ,CD,40.32,1000.00,4.08,1.34,1.0,<Residue LYS het=  resseq=32 icode= >,3jr9_B_B,2.9
249,42.082,LYS, ,CE,42.06,1000.00,22.27,0.14,1.0,<Residue LYS het=  resseq=32 icode= >,3jr9_B_B,2.9
250,49.712,LYS, ,NZ,41.88,1000.00,28.583,0.24,1.0,<Residue LYS het=  resseq=32 icode= >,3jr9_B_B,2.9
251,0.101,GLN, ,N,34.67,1000.00,0.0,2.61,1.0,<Residue GLN het=  resseq=33 icode= >,3jr9_B_B,2.9
252,0.825,GLN, ,CA,35.76,1000.00,0.0,3.27,1.0,<Residue GLN het=  resseq=33 icode= >,3jr9_B_B,2.9
253,0.477,GLN, ,C,31.37,1000.00,0.43,4.32,1.0,<Residue GLN het=  resseq=33 icode= >,3jr9_B_B,2.9
254,0.252,GLN, ,O,29.54,1000.00,0.0,1.89,1.0,<Residue GLN het=  resseq=33 icode= >,3jr9_B_B,2.9
255,4.111,GLN, ,CB,39.47,1000.00,0.984,1.38,1.0,<Residue GLN het=  resseq=33 icode= >,3jr9_B_B,2.9
256,26.774,GLN, ,CG,42.36,1000.00,0.0,2.00,1.0,<Residue GLN het=  resseq=33 icode= >,3jr9_B_B,2.9
257,9.064,GLN, ,CD,44.96,1000.00,3.286,1.53,1.0,<Residue GLN het=  resseq=33 icode= >,3jr9_B_B,2.9
258,37.99,GLN, ,OE1,50.53,1000.00,25.049,0.22,1.0,<Residue GLN het=  resseq=33 icode= >,3jr9_B_B,2.9
259,49.902,GLN, ,NE2,45.88,1000.00,24.538,0.66,1.0,<Residue GLN het=  resseq=33 icode= >,3jr9_B_B,2.9
260,1.325,ALA, ,N,29.48,1000.00,1.325,2.85,1.0,<Residue ALA het=  resseq=34 icode= >,3jr9_B_B,2.9
261,9.333,ALA, ,CA,29.61,1000.00,9.333,3.58,1.0,<Residue ALA het=  resseq=34 icode= >,3jr9_B_B,2.9
262,0.75,ALA, ,C,28.88,1000.00,0.75,4.59,1.0,<Residue ALA het=  resseq=34 icode= >,3jr9_B_B,2.9
263,4.761,ALA, ,O,28.29,1000.00,4.761,2.14,1.0,<Residue ALA het=  resseq=34 icode= >,3jr9_B_B,2.9
264,47.112,ALA, ,CB,28.63,1000.00,47.112,2.31,1.0,<Residue ALA het=  resseq=34 icode= >,3jr9_B_B,2.9
265,0.0,LEU, ,N,27.83,1000.00,0.0,2.69,1.0,<Residue LEU het=  resseq=35 icode= >,3jr9_B_B,2.9
266,0.0,LEU, ,CA,26.96,1000.00,0.0,3.66,1.0,<Residue LEU het=  resseq=35 icode= >,3jr9_B_B,2.9
267,0.0,LEU, ,C,26.67,1000.00,0.0,3.92,1.0,<Residue LEU het=  resseq=35 icode= >,3jr9_B_B,2.9
268,0.0,LEU, ,O,24.95,1000.00,0.0,2.56,1.0,<Residue LEU het=  resseq=35 icode= >,3jr9_B_B,2.9
269,4.185,LEU, ,CB,24.63,1000.00,4.185,2.38,1.0,<Residue LEU het=  resseq=35 icode= >,3jr9_B_B,2.9
270,1.285,LEU, ,CG,23.68,1000.00,0.491,3.44,1.0,<Residue LEU het=  resseq=35 icode= >,3jr9_B_B,2.9
271,36.226,LEU, ,CD1,23.07,1000.00,36.226,1.68,1.0,<Residue LEU het=  resseq=35 icode= >,3jr9_B_B,2.9
272,6.643,LEU, ,CD2,23.01,1000.00,6.643,1.71,1.0,<Residue LEU het=  resseq=35 icode= >,3jr9_B_B,2.9
273,0.436,LYS, ,N,29.16,1000.00,0.436,2.75,1.0,<Residue LYS het=  resseq=36 icode= >,3jr9_B_B,2.9
274,2.467,LYS, ,CA,33.2,1000.00,0.048,3.81,1.0,<Residue LYS het=  resseq=36 icode= >,3jr9_B_B,2.9
275,1.433,LYS, ,C,33.6,1000.00,0.0,3.99,1.0,<Residue LYS het=  resseq=36 icode= >,3jr9_B_B,2.9
276,7.806,LYS, ,O,31.67,1000.00,0.0,2.25,1.0,<Residue LYS het=  resseq=36 icode= >,3jr9_B_B,2.9
277,12.789,LYS, ,CB,35.29,1000.00,0.0,2.13,1.0,<Residue LYS het=  resseq=36 icode= >,3jr9_B_B,2.9
278,20.602,LYS, ,CG,37.81,1000.00,9.053,1.70,1.0,<Residue LYS het=  resseq=36 icode= >,3jr9_B_B,2.9
279,22.136,LYS, ,CD,38.56,1000.00,0.0,1.10,1.0,<Residue LYS het=  resseq=36 icode= >,3jr9_B_B,2.9
280,38.266,LYS, ,CE,38.46,1000.00,15.065,1.79,1.0,<Residue LYS het=  resseq=36 icode= >,3jr9_B_B,2.9
281,38.571,LYS, ,NZ,38.31,1000.00,0.0,1.74,1.0,<Residue LYS het=  resseq=36 icode= >,3jr9_B_B,2.9
282,0.48,ASN, ,N,35.76,1000.00,0.0,3.60,1.0,<Residue ASN het=  resseq=37 icode= >,3jr9_B_B,2.9
283,4.278,ASN, ,CA,35.42,1000.00,0.0,3.79,1.0,<Residue ASN het=  resseq=37 icode= >,3jr9_B_B,2.9
284,0.0,ASN, ,C,35.44,1000.00,0.0,4.00,1.0,<Residue ASN het=  resseq=37 icode= >,3jr9_B_B,2.9
285,0.0,ASN, ,O,34.82,1000.00,0.0,1.75,1.0,<Residue ASN het=  resseq=37 icode= >,3jr9_B_B,2.9
286,9.084,ASN, ,CB,38.5,1000.00,2.799,2.13,1.0,<Residue ASN het=  resseq=37 icode= >,3jr9_B_B,2.9
287,5.447,ASN, ,CG,41.79,1000.00,3.689,1.81,1.0,<Residue ASN het=  resseq=37 icode= >,3jr9_B_B,2.9
288,27.706,ASN, ,OD1,47.84,1000.00,0.9,0.76,1.0,<Residue ASN het=  resseq=37 icode= >,3jr9_B_B,2.9
289,45.35,ASN, ,ND2,44.92,1000.00,33.45,0.50,1.0,<Residue ASN het=  resseq=37 icode= >,3jr9_B_B,2.9
290,0.0,TYR, ,N,35.46,1000.00,0.0,2.22,1.0,<Residue TYR het=  resseq=38 icode= >,3jr9_B_B,2.9
291,5.158,TYR, ,CA,34.16,1000.00,3.427,3.63,1.0,<Residue TYR het=  resseq=38 icode= >,3jr9_B_B,2.9
292,0.0,TYR, ,C,34.15,1000.00,0.0,3.56,1.0,<Residue TYR het=  resseq=38 icode= >,3jr9_B_B,2.9
293,0.638,TYR, ,O,35.78,1000.00,0.0,1.48,1.0,<Residue TYR het=  resseq=38 icode= >,3jr9_B_B,2.9
294,7.57,TYR, ,CB,32.73,1000.00,7.57,2.32,1.0,<Residue TYR het=  resseq=38 icode= >,3jr9_B_B,2.9
295,0.906,TYR, ,CG,33.2,1000.00,0.906,2.70,1.0,<Residue TYR het=  resseq=38 icode= >,3jr9_B_B,2.9
296,0.0,TYR, ,CD1,33.28,1000.00,0.0,1.92,1.0,<Residue TYR het=  resseq=38 icode= >,3jr9_B_B,2.9
297,19.251,TYR, ,CD2,32.97,1000.00,15.676,2.67,1.0,<Residue TYR het=  resseq=38 icode= >,3jr9_B_B,2.9
298,0.0,TYR, ,CE1,32.78,1000.00,0.0,2.39,1.0,<Residue TYR het=  resseq=38 icode= >,3jr9_B_B,2.9
299,20.67,TYR, ,CE2,32.34,1000.00,12.181,2.36,1.0,<Residue TYR het=  resseq=38 icode= >,3jr9_B_B,2.9
300,0.0,TYR, ,CZ,32.04,1000.00,0.0,4.46,1.0,<Residue TYR het=  resseq=38 icode= >,3jr9_B_B,2.9
301,10.401,TYR, ,OH,32.37,1000.00,0.0,1.90,1.0,<Residue TYR het=  resseq=38 icode= >,3jr9_B_B,2.9
302,0.0,PHE, ,N,35.04,1000.00,0.0,2.48,1.0,<Residue PHE het=  resseq=39 icode= >,3jr9_B_B,2.9
303,0.0,PHE, ,CA,37.18,1000.00,0.0,3.55,1.0,<Residue PHE het=  resseq=39 icode= >,3jr9_B_B,2.9
304,1.373,PHE, ,C,40.11,1000.00,0.0,3.14,1.0,<Residue PHE het=  resseq=39 icode= >,3jr9_B_B,2.9
305,6.844,PHE, ,O,41.35,1000.00,1.487,1.39,1.0,<Residue PHE het=  resseq=39 icode= >,3jr9_B_B,2.9
306,20.849,PHE, ,CB,34.45,1000.00,10.814,2.50,1.0,<Residue PHE het=  resseq=39 icode= >,3jr9_B_B,2.9
307,2.152,PHE, ,CG,34.04,1000.00,2.152,3.92,1.0,<Residue PHE het=  resseq=39 icode= >,3jr9_B_B,2.9
308,5.37,PHE, ,CD1,34.79,1000.00,5.37,2.40,1.0,<Residue PHE het=  resseq=39 icode= >,3jr9_B_B,2.9
309,13.676,PHE, ,CD2,34.24,1000.00,6.473,2.39,1.0,<Residue PHE het=  resseq=39 icode= >,3jr9_B_B,2.9
310,12.37,PHE, ,CE1,33.99,1000.00,12.37,2.29,1.0,<Residue PHE het=  resseq=39 icode= >,3jr9_B_B,2.9
311,22.591,PHE, ,CE2,34.01,1000.00,22.313,2.73,1.0,<Residue PHE het=  resseq=39 icode= >,3jr9_B_B,2.9
312,17.749,PHE, ,CZ,33.69,1000.00,17.749,2.43,1.0,<Residue PHE het=  resseq=39 icode= >,3jr9_B_B,2.9
313,0.819,ALA, ,N,43.38,1000.00,0.0,2.53,1.0,<Residue ALA het=  resseq=40 icode= >,3jr9_B_B,2.9
314,13.529,ALA, ,CA,45.96,1000.00,0.0,2.90,1.0,<Residue ALA het=  resseq=40 icode= >,3jr9_B_B,2.9
315,0.666,ALA, ,C,48.93,1000.00,0.0,3.62,1.0,<Residue ALA het=  resseq=40 icode= >,3jr9_B_B,2.9
316,9.513,ALA, ,O,48.72,1000.00,0.0,1.41,1.0,<Residue ALA het=  resseq=40 icode= >,3jr9_B_B,2.9
317,39.092,ALA, ,CB,45.44,1000.00,0.0,0.70,1.0,<Residue ALA het=  resseq=40 icode= >,3jr9_B_B,2.9
318,0.0,GLN, ,N,53.0,1000.00,0.0,2.83,1.0,<Residue GLN het=  resseq=41 icode= >,3jr9_B_B,2.9
319,3.745,GLN, ,CA,57.0,1000.00,0.0,2.50,1.0,<Residue GLN het=  resseq=41 icode= >,3jr9_B_B,2.9
320,0.813,GLN, ,C,59.51,1000.00,0.0,2.29,1.0,<Residue GLN het=  resseq=41 icode= >,3jr9_B_B,2.9
321,21.088,GLN, ,O,59.15,1000.00,0.0,1.10,1.0,<Residue GLN het=  resseq=41 icode= >,3jr9_B_B,2.9
322,17.083,GLN, ,CB,59.38,1000.00,0.0,2.13,1.0,<Residue GLN het=  resseq=41 icode= >,3jr9_B_B,2.9
323,35.892,GLN, ,CG,61.67,1000.00,0.0,1.64,1.0,<Residue GLN het=  resseq=41 icode= >,3jr9_B_B,2.9
324,5.458,GLN, ,CD,63.99,1000.00,0.0,1.25,1.0,<Residue GLN het=  resseq=41 icode= >,3jr9_B_B,2.9
325,0.941,GLN, ,OE1,65.63,1000.00,0.0,0.55,1.0,<Residue GLN het=  resseq=41 icode= >,3jr9_B_B,2.9
326,52.13,GLN, ,NE2,64.85,1000.00,0.0,0.52,1.0,<Residue GLN het=  resseq=41 icode= >,3jr9_B_B,2.9
327,0.0,LEU, ,N,62.47,1000.00,0.0,1.94,1.0,<Residue LEU het=  resseq=42 icode= >,3jr9_B_B,2.9
328,0.223,LEU, ,CA,64.35,1000.00,0.0,2.50,1.0,<Residue LEU het=  resseq=42 icode= >,3jr9_B_B,2.9
329,0.0,LEU, ,C,66.92,1000.00,0.0,1.62,1.0,<Residue LEU het=  resseq=42 icode= >,3jr9_B_B,2.9
330,12.792,LEU, ,O,69.24,1000.00,8.806,-0.06,1.0,<Residue LEU het=  resseq=42 icode= >,3jr9_B_B,2.9
331,0.111,LEU, ,CB,64.23,1000.00,0.109,1.43,1.0,<Residue LEU het=  resseq=42 icode= >,3jr9_B_B,2.9
332,0.037,LEU, ,CG,63.89,1000.00,0.037,1.96,1.0,<Residue LEU het=  resseq=42 icode= >,3jr9_B_B,2.9
333,16.027,LEU, ,CD1,63.71,1000.00,0.0,0.89,1.0,<Residue LEU het=  resseq=42 icode= >,3jr9_B_B,2.9
334,15.046,LEU, ,CD2,63.92,1000.00,14.576,0.78,1.0,<Residue LEU het=  resseq=42 icode= >,3jr9_B_B,2.9
335,1.21,ASN,x,N,67.31,1000.00,0.0,1.55,0.5,<Residue ASN het=  resseq=43 icode= >,3jr9_B_B,2.9
336,4.377,ASN,x,CA,67.57,1000.00,0.0,1.42,0.5,<Residue ASN het=  resseq=43 icode= >,3jr9_B_B,2.9
337,6.261,ASN,x,C,69.13,1000.00,0.0,1.24,0.5,<Residue ASN het=  resseq=43 icode= >,3jr9_B_B,2.9
338,28.437,ASN,x,O,70.04,1000.00,0.0,0.21,0.5,<Residue ASN het=  resseq=43 icode= >,3jr9_B_B,2.9
339,27.458,ASN,x,CB,67.63,1000.00,0.0,0.55,0.5,<Residue ASN het=  resseq=43 icode= >,3jr9_B_B,2.9
340,0.912,ASN,x,CG,66.76,1000.00,0.0,0.69,0.5,<Residue ASN het=  resseq=43 icode= >,3jr9_B_B,2.9
341,13.555,ASN,x,OD1,65.8,1000.00,0.0,0.37,0.5,<Residue ASN het=  resseq=43 icode= >,3jr9_B_B,2.9
342,52.609,ASN,x,ND2,66.61,1000.00,0.0,0.40,0.5,<Residue ASN het=  resseq=43 icode= >,3jr9_B_B,2.9
343,16.765,GLY, ,N,69.65,17.36,0.0,1.22,1.0,<Residue GLY het=  resseq=44 icode= >,3jr9_B_B,2.9
344,23.064,GLY, ,CA,69.76,16.07,4.404,1.47,1.0,<Residue GLY het=  resseq=44 icode= >,3jr9_B_B,2.9
345,4.156,GLY, ,C,70.24,15.46,0.682,1.29,1.0,<Residue GLY het=  resseq=44 icode= >,3jr9_B_B,2.9
346,29.762,GLY, ,O,70.26,14.35,0.442,0.86,1.0,<Residue GLY het=  resseq=44 icode= >,3jr9_B_B,2.9
347,1.611,GLN, ,N,70.25,16.32,0.0,1.08,1.0,<Residue GLN het=  resseq=45 icode= >,3jr9_B_B,2.9
348,5.634,GLN, ,CA,68.64,16.14,0.0,2.15,1.0,<Residue GLN het=  resseq=45 icode= >,3jr9_B_B,2.9
349,0.012,GLN, ,C,67.37,14.97,0.0,2.46,1.0,<Residue GLN het=  resseq=45 icode= >,3jr9_B_B,2.9
350,4.948,GLN, ,O,67.54,14.60,1.238,1.16,1.0,<Residue GLN het=  resseq=45 icode= >,3jr9_B_B,2.9
351,18.602,GLN, ,CB,70.26,17.48,0.0,2.12,1.0,<Residue GLN het=  resseq=45 icode= >,3jr9_B_B,2.9
352,21.924,GLN, ,CG,72.06,17.61,0.0,0.99,1.0,<Residue GLN het=  resseq=45 icode= >,3jr9_B_B,2.9
353,5.525,GLN, ,CD,74.42,17.38,0.0,0.35,1.0,<Residue GLN het=  resseq=45 icode= >,3jr9_B_B,2.9
354,19.633,GLN, ,OE1,76.12,17.13,0.0,-0.23,1.0,<Residue GLN het=  resseq=45 icode= >,3jr9_B_B,2.9
355,43.942,GLN, ,NE2,74.94,17.63,0.0,-0.06,1.0,<Residue GLN het=  resseq=45 icode= >,3jr9_B_B,2.9
356,2.017,ASP, ,N,64.5,14.50,0.0,2.38,1.0,<Residue ASP het=  resseq=46 icode= >,3jr9_B_B,2.9
357,6.497,ASP, ,CA,62.71,13.53,0.0,2.03,1.0,<Residue ASP het=  resseq=46 icode= >,3jr9_B_B,2.9
358,0.0,ASP, ,C,61.12,14.31,0.0,1.49,1.0,<Residue ASP het=  resseq=46 icode= >,3jr9_B_B,2.9
359,10.591,ASP, ,O,61.59,15.49,0.0,1.11,1.0,<Residue ASP het=  resseq=46 icode= >,3jr9_B_B,2.9
360,35.211,ASP, ,CB,63.27,12.69,0.0,1.26,1.0,<Residue ASP het=  resseq=46 icode= >,3jr9_B_B,2.9
361,8.642,ASP, ,CG,62.81,13.56,0.0,2.14,1.0,<Residue ASP het=  resseq=46 icode= >,3jr9_B_B,2.9
362,21.631,ASP, ,OD1,63.33,14.51,0.0,0.93,1.0,<Residue ASP het=  resseq=46 icode= >,3jr9_B_B,2.9
363,26.948,ASP, ,OD2,61.11,13.40,0.0,1.78,1.0,<Residue ASP het=  resseq=46 icode= >,3jr9_B_B,2.9
364,3.592,VAL, ,N,57.8,13.72,1.569,1.29,1.0,<Residue VAL het=  resseq=47 icode= >,3jr9_B_B,2.9
365,3.396,VAL, ,CA,54.19,14.50,0.0,2.36,1.0,<Residue VAL het=  resseq=47 icode= >,3jr9_B_B,2.9
366,0.93,VAL, ,C,50.01,13.32,0.849,3.68,1.0,<Residue VAL het=  resseq=47 icode= >,3jr9_B_B,2.9
367,21.732,VAL, ,O,50.08,12.75,13.603,1.70,1.0,<Residue VAL het=  resseq=47 icode= >,3jr9_B_B,2.9
368,8.254,VAL, ,CB,55.14,14.63,8.254,1.90,1.0,<Residue VAL het=  resseq=47 icode= >,3jr9_B_B,2.9
369,2.097,VAL, ,CG1,55.92,14.09,0.08,0.14,1.0,<Residue VAL het=  resseq=47 icode= >,3jr9_B_B,2.9
370,8.293,VAL, ,CG2,54.57,14.97,7.645,1.22,1.0,<Residue VAL het=  resseq=47 icode= >,3jr9_B_B,2.9
371,0.0,ASN, ,N,47.16,12.47,0.0,2.53,1.0,<Residue ASN het=  resseq=48 icode= >,3jr9_B_B,2.9
372,11.454,ASN, ,CA,45.3,11.13,11.454,2.06,1.0,<Residue ASN het=  resseq=48 icode= >,3jr9_B_B,2.9
373,4.953,ASN, ,C,42.95,10.19,4.953,2.75,1.0,<Residue ASN het=  resseq=48 icode= >,3jr9_B_B,2.9
374,22.523,ASN, ,O,43.92,9.34,10.772,1.45,1.0,<Residue ASN het=  resseq=48 icode= >,3jr9_B_B,2.9
375,23.778,ASN, ,CB,47.02,11.04,6.57,2.22,1.0,<Residue ASN het=  resseq=48 icode= >,3jr9_B_B,2.9
376,4.453,ASN, ,CG,48.63,11.37,0.0,2.81,1.0,<Residue ASN het=  resseq=48 icode= >,3jr9_B_B,2.9
377,19.112,ASN, ,OD1,50.43,12.41,0.0,1.53,1.0,<Residue ASN het=  resseq=48 icode= >,3jr9_B_B,2.9
378,56.065,ASN, ,ND2,50.12,10.64,0.0,1.13,1.0,<Residue ASN het=  resseq=48 icode= >,3jr9_B_B,2.9
379,0.362,ASP, ,N,38.7,10.54,0.362,3.21,1.0,<Residue ASP het=  resseq=49 icode= >,3jr9_B_B,2.9
380,8.433,ASP,x,CA,36.82,10.11,4.955,3.46,0.5,<Residue ASP het=  resseq=49 icode= >,3jr9_B_B,2.9
381,0.264,ASP, ,C,34.31,10.40,0.264,4.46,1.0,<Residue ASP het=  resseq=49 icode= >,3jr9_B_B,2.9
382,0.0,ASP, ,O,33.71,10.62,0.0,1.61,1.0,<Residue ASP het=  resseq=49 icode= >,3jr9_B_B,2.9
383,23.097,ASP,x,CB,36.94,11.10,0.0,2.05,0.5,<Residue ASP het=  resseq=49 icode= >,3jr9_B_B,2.9
384,6.676,ASP,x,CG,36.89,12.55,0.0,1.36,0.5,<Residue ASP het=  resseq=49 icode= >,3jr9_B_B,2.9
385,7.108,ASP,x,OD1,35.03,12.95,0.0,1.21,0.5,<Residue ASP het=  resseq=49 icode= >,3jr9_B_B,2.9
386,19.156,ASP,x,OD2,37.33,13.39,0.0,1.17,0.5,<Residue ASP het=  resseq=49 icode= >,3jr9_B_B,2.9
387,4.128,LEU, ,N,30.86,10.66,4.128,3.45,1.0,<Residue LEU het=  resseq=50 icode= >,3jr9_B_B,2.9
388,0.0,LEU, ,CA,29.99,11.46,0.0,3.28,1.0,<Residue LEU het=  resseq=50 icode= >,3jr9_B_B,2.9
389,0.466,LEU, ,C,28.56,10.89,0.466,3.29,1.0,<Residue LEU het=  resseq=50 icode= >,3jr9_B_B,2.9
390,0.016,LEU, ,O,29.88,11.73,0.016,1.16,1.0,<Residue LEU het=  resseq=50 icode= >,3jr9_B_B,2.9
391,14.436,LEU, ,CB,28.31,12.06,14.436,2.06,1.0,<Residue LEU het=  resseq=50 icode= >,3jr9_B_B,2.9
392,4.53,LEU, ,CG,28.91,13.27,4.53,2.52,1.0,<Residue LEU het=  resseq=50 icode= >,3jr9_B_B,2.9
393,0.167,LEU, ,CD1,29.39,14.29,0.167,1.41,1.0,<Residue LEU het=  resseq=50 icode= >,3jr9_B_B,2.9
394,28.229,LEU, ,CD2,28.36,14.01,28.229,1.26,1.0,<Residue LEU het=  resseq=50 icode= >,3jr9_B_B,2.9
395,4.565,TYR, ,N,26.36,9.60,4.565,2.64,1.0,<Residue TYR het=  resseq=51 icode= >,3jr9_B_B,2.9
396,4.323,TYR, ,CA,26.23,9.19,4.323,3.41,1.0,<Residue TYR het=  resseq=51 icode= >,3jr9_B_B,2.9
397,0.0,TYR, ,C,26.54,9.44,0.0,4.13,1.0,<Residue TYR het=  resseq=51 icode= >,3jr9_B_B,2.9
398,0.271,TYR, ,O,28.05,10.27,0.039,1.10,1.0,<Residue TYR het=  resseq=51 icode= >,3jr9_B_B,2.9
399,29.034,TYR, ,CB,22.25,7.83,28.111,2.50,1.0,<Residue TYR het=  resseq=51 icode= >,3jr9_B_B,2.9
400,2.228,TYR, ,CG,22.23,7.80,2.228,3.24,1.0,<Residue TYR het=  resseq=51 icode= >,3jr9_B_B,2.9
401,26.351,TYR, ,CD1,22.34,8.46,26.168,2.22,1.0,<Residue TYR het=  resseq=51 icode= >,3jr9_B_B,2.9
402,13.462,TYR, ,CD2,22.1,7.40,6.813,2.38,1.0,<Residue TYR het=  resseq=51 icode= >,3jr9_B_B,2.9
403,34.347,TYR, ,CE1,22.0,7.83,31.413,2.42,1.0,<Residue TYR het=  resseq=51 icode= >,3jr9_B_B,2.9
404,14.669,TYR, ,CE2,22.09,7.41,1.16,2.87,1.0,<Residue TYR het=  resseq=51 icode= >,3jr9_B_B,2.9
405,5.82,TYR, ,CZ,21.24,7.14,5.177,3.75,1.0,<Residue TYR het=  resseq=51 icode= >,3jr9_B_B,2.9
406,34.535,TYR, ,OH,20.69,6.52,27.068,2.23,1.0,<Residue TYR het=  resseq=51 icode= >,3jr9_B_B,2.9
407,1.344,GLU, ,N,30.31,8.98,0.737,2.99,1.0,<Residue GLU het=  resseq=52 icode= >,3jr9_B_B,2.9
408,0.0,GLU, ,CA,30.17,9.46,0.0,3.81,1.0,<Residue GLU het=  resseq=52 icode= >,3jr9_B_B,2.9
409,0.004,GLU, ,C,29.79,10.99,0.0,3.07,1.0,<Residue GLU het=  resseq=52 icode= >,3jr9_B_B,2.9
410,0.092,GLU, ,O,26.84,11.72,0.0,1.53,1.0,<Residue GLU het=  resseq=52 icode= >,3jr9_B_B,2.9
411,17.32,GLU, ,CB,33.95,9.00,0.095,2.13,1.0,<Residue GLU het=  resseq=52 icode= >,3jr9_B_B,2.9
412,34.175,GLU, ,CG,37.77,9.82,0.0,0.46,1.0,<Residue GLU het=  resseq=52 icode= >,3jr9_B_B,2.9
413,6.287,GLU, ,CD,42.52,9.38,0.0,1.67,1.0,<Residue GLU het=  resseq=52 icode= >,3jr9_B_B,2.9
414,4.364,GLU, ,OE1,43.27,9.74,0.0,1.56,1.0,<Residue GLU het=  resseq=52 icode= >,3jr9_B_B,2.9
415,17.28,GLU, ,OE2,43.61,8.68,0.0,1.00,1.0,<Residue GLU het=  resseq=52 icode= >,3jr9_B_B,2.9
416,0.326,LEU, ,N,31.29,11.57,0.0,1.47,1.0,<Residue LEU het=  resseq=53 icode= >,3jr9_B_B,2.9
417,5.912,LEU, ,CA,29.87,13.03,0.0,2.65,1.0,<Residue LEU het=  resseq=53 icode= >,3jr9_B_B,2.9
418,0.072,LEU, ,C,28.94,13.67,0.072,3.40,1.0,<Residue LEU het=  resseq=53 icode= >,3jr9_B_B,2.9
419,3.968,LEU, ,O,29.47,14.64,0.67,1.85,1.0,<Residue LEU het=  resseq=53 icode= >,3jr9_B_B,2.9
420,0.0,LEU, ,CB,31.7,13.53,0.0,2.58,1.0,<Residue LEU het=  resseq=53 icode= >,3jr9_B_B,2.9
421,5.638,LEU, ,CG,32.85,15.05,4.49,2.98,1.0,<Residue LEU het=  resseq=53 icode= >,3jr9_B_B,2.9
422,51.056,LEU, ,CD1,34.58,15.50,14.638,1.18,1.0,<Residue LEU het=  resseq=53 icode= >,3jr9_B_B,2.9
423,17.201,LEU, ,CD2,33.02,15.64,16.894,1.29,1.0,<Residue LEU het=  resseq=53 icode= >,3jr9_B_B,2.9
424,0.0,VAL, ,N,25.85,13.26,0.0,3.00,1.0,<Residue VAL het=  resseq=54 icode= >,3jr9_B_B,2.9
425,2.657,VAL, ,CA,24.64,13.97,2.657,4.34,1.0,<Residue VAL het=  resseq=54 icode= >,3jr9_B_B,2.9
426,0.0,VAL, ,C,23.98,13.64,0.0,4.63,1.0,<Residue VAL het=  resseq=54 icode= >,3jr9_B_B,2.9
427,0.0,VAL, ,O,27.08,13.92,0.0,1.76,1.0,<Residue VAL het=  resseq=54 icode= >,3jr9_B_B,2.9
428,1.568,VAL, ,CB,24.66,13.66,1.499,3.12,1.0,<Residue VAL het=  resseq=54 icode= >,3jr9_B_B,2.9
429,27.704,VAL, ,CG1,24.46,14.27,26.021,1.36,1.0,<Residue VAL het=  resseq=54 icode= >,3jr9_B_B,2.9
430,14.049,VAL, ,CG2,25.06,14.18,13.335,2.06,1.0,<Residue VAL het=  resseq=54 icode= >,3jr9_B_B,2.9
431,0.307,LEU, ,N,23.9,12.43,0.0,2.68,1.0,<Residue LEU het=  resseq=55 icode= >,3jr9_B_B,2.9
432,2.595,LEU, ,CA,23.15,11.22,0.528,2.97,1.0,<Residue LEU het=  resseq=55 icode= >,3jr9_B_B,2.9
433,0.0,LEU, ,C,20.71,11.37,0.0,5.29,1.0,<Residue LEU het=  resseq=55 icode= >,3jr9_B_B,2.9
434,0.0,LEU, ,O,18.26,11.28,0.0,2.85,1.0,<Residue LEU het=  resseq=55 icode= >,3jr9_B_B,2.9
435,0.294,LEU, ,CB,24.82,9.97,0.0,1.45,1.0,<Residue LEU het=  resseq=55 icode= >,3jr9_B_B,2.9
436,0.0,LEU, ,CG,25.76,8.58,0.0,3.44,1.0,<Residue LEU het=  resseq=55 icode= >,3jr9_B_B,2.9
437,30.464,LEU, ,CD1,23.76,8.55,24.473,2.11,1.0,<Residue LEU het=  resseq=55 icode= >,3jr9_B_B,2.9
438,23.411,LEU, ,CD2,24.15,7.47,0.742,2.09,1.0,<Residue LEU het=  resseq=55 icode= >,3jr9_B_B,2.9
439,0.0,ALA, ,N,22.6,11.84,0.0,2.99,1.0,<Residue ALA het=  resseq=56 icode= >,3jr9_B_B,2.9
440,0.0,ALA, ,CA,23.9,12.23,0.0,3.85,1.0,<Residue ALA het=  resseq=56 icode= >,3jr9_B_B,2.9
441,1.169,ALA, ,C,24.55,13.37,0.0,4.92,1.0,<Residue ALA het=  resseq=56 icode= >,3jr9_B_B,2.9
442,1.211,ALA, ,O,26.28,13.52,0.0,2.19,1.0,<Residue ALA het=  resseq=56 icode= >,3jr9_B_B,2.9
443,29.341,ALA, ,CB,22.67,12.82,0.0,1.45,1.0,<Residue ALA het=  resseq=56 icode= >,3jr9_B_B,2.9
444,0.144,GLU, ,N,25.65,14.30,0.0,3.11,1.0,<Residue GLU het=  resseq=57 icode= >,3jr9_B_B,2.9
445,2.931,GLU, ,CA,25.9,15.53,1.087,3.49,1.0,<Residue GLU het=  resseq=57 icode= >,3jr9_B_B,2.9
446,0.0,GLU, ,C,25.2,15.34,0.0,4.50,1.0,<Residue GLU het=  resseq=57 icode= >,3jr9_B_B,2.9
447,5.286,GLU, ,O,27.0,16.19,5.286,2.63,1.0,<Residue GLU het=  resseq=57 icode= >,3jr9_B_B,2.9
448,5.93,GLU, ,CB,28.01,16.52,5.93,2.29,1.0,<Residue GLU het=  resseq=57 icode= >,3jr9_B_B,2.9
449,30.226,GLU, ,CG,29.06,17.97,30.226,2.51,1.0,<Residue GLU het=  resseq=57 icode= >,3jr9_B_B,2.9
450,14.499,GLU, ,CD,29.99,18.72,14.261,4.96,1.0,<Residue GLU het=  resseq=57 icode= >,3jr9_B_B,2.9
451,31.736,GLU, ,OE1,28.2,18.23,13.539,3.29,1.0,<Residue GLU het=  resseq=57 icode= >,3jr9_B_B,2.9
452,42.082,GLU, ,OE2,31.39,19.90,42.082,2.50,1.0,<Residue GLU het=  resseq=57 icode= >,3jr9_B_B,2.9
453,0.0,VAL, ,N,24.95,14.31,0.0,3.12,1.0,<Residue VAL het=  resseq=58 icode= >,3jr9_B_B,2.9
454,3.266,VAL, ,CA,25.54,14.22,3.266,4.05,1.0,<Residue VAL het=  resseq=58 icode= >,3jr9_B_B,2.9
455,0.0,VAL, ,C,25.9,13.36,0.0,4.26,1.0,<Residue VAL het=  resseq=58 icode= >,3jr9_B_B,2.9
456,2.343,VAL, ,O,26.95,13.82,2.343,2.36,1.0,<Residue VAL het=  resseq=58 icode= >,3jr9_B_B,2.9
457,1.12,VAL, ,CB,26.64,13.89,0.743,3.77,1.0,<Residue VAL het=  resseq=58 icode= >,3jr9_B_B,2.9
458,42.512,VAL, ,CG1,25.03,13.63,36.593,1.31,1.0,<Residue VAL het=  resseq=58 icode= >,3jr9_B_B,2.9
459,25.405,VAL, ,CG2,26.34,15.13,25.405,1.12,1.0,<Residue VAL het=  resseq=58 icode= >,3jr9_B_B,2.9
460,0.0,GLU, ,N,24.3,12.23,0.0,3.13,1.0,<Residue GLU het=  resseq=59 icode= >,3jr9_B_B,2.9
461,0.145,GLU, ,CA,23.44,11.50,0.0,3.76,1.0,<Residue GLU het=  resseq=59 icode= >,3jr9_B_B,2.9
462,0.0,GLU, ,C,21.59,12.39,0.0,5.01,1.0,<Residue GLU het=  resseq=59 icode= >,3jr9_B_B,2.9
463,0.0,GLU, ,O,20.64,12.56,0.0,2.27,1.0,<Residue GLU het=  resseq=59 icode= >,3jr9_B_B,2.9
464,0.143,GLU, ,CB,25.29,10.18,0.0,1.71,1.0,<Residue GLU het=  resseq=59 icode= >,3jr9_B_B,2.9
465,9.78,GLU, ,CG,26.52,9.11,6.874,3.20,1.0,<Residue GLU het=  resseq=59 icode= >,3jr9_B_B,2.9
466,0.057,GLU, ,CD,27.68,7.75,0.0,5.25,1.0,<Residue GLU het=  resseq=59 icode= >,3jr9_B_B,2.9
467,7.846,GLU, ,OE1,30.52,6.77,7.846,2.21,1.0,<Residue GLU het=  resseq=59 icode= >,3jr9_B_B,2.9
468,2.03,GLU, ,OE2,29.1,7.81,0.0,2.82,1.0,<Residue GLU het=  resseq=59 icode= >,3jr9_B_B,2.9
469,0.0,GLN, ,N,18.97,13.09,0.0,3.93,1.0,<Residue GLN het=  resseq=60 icode= >,3jr9_B_B,2.9
470,0.0,GLN,x,CA,20.68,14.09,0.0,4.82,0.5,<Residue GLN het=  resseq=60 icode= >,3jr9_B_B,2.9
471,0.0,GLN, ,C,20.0,15.07,0.0,3.92,1.0,<Residue GLN het=  resseq=60 icode= >,3jr9_B_B,2.9
472,0.0,GLN, ,O,20.89,15.32,0.0,1.85,1.0,<Residue GLN het=  resseq=60 icode= >,3jr9_B_B,2.9
473,3.561,GLN,x,CB,21.97,14.91,0.0,2.53,0.5,<Residue GLN het=  resseq=60 icode= >,3jr9_B_B,2.9
474,18.362,GLN,x,CG,23.8,16.45,14.385,0.15,0.5,<Residue GLN het=  resseq=60 icode= >,3jr9_B_B,2.9
475,5.353,GLN,x,CD,24.11,17.10,1.531,1.21,0.5,<Residue GLN het=  resseq=60 icode= >,3jr9_B_B,2.9
476,13.539,GLN,x,OE1,23.64,17.92,0.355,1.48,0.5,<Residue GLN het=  resseq=60 icode= >,3jr9_B_B,2.9
477,31.795,GLN,x,NE2,23.18,16.89,0.0,0.47,0.5,<Residue GLN het=  resseq=60 icode= >,3jr9_B_B,2.9
478,0.0,PRO, ,N,20.92,15.77,0.0,4.19,1.0,<Residue PRO het=  resseq=61 icode= >,3jr9_B_B,2.9
479,2.26,PRO, ,CA,20.99,16.84,1.906,3.37,1.0,<Residue PRO het=  resseq=61 icode= >,3jr9_B_B,2.9
480,1.159,PRO, ,C,20.42,16.48,1.159,4.55,1.0,<Residue PRO het=  resseq=61 icode= >,3jr9_B_B,2.9
481,0.966,PRO, ,O,20.86,16.78,0.966,1.72,1.0,<Residue PRO het=  resseq=61 icode= >,3jr9_B_B,2.9
482,35.195,PRO, ,CB,22.47,17.61,34.635,2.01,1.0,<Residue PRO het=  resseq=61 icode= >,3jr9_B_B,2.9
483,23.791,PRO, ,CG,23.22,17.20,23.25,2.65,1.0,<Residue PRO het=  resseq=61 icode= >,3jr9_B_B,2.9
484,0.0,PRO, ,CD,22.69,15.78,0.0,2.42,1.0,<Residue PRO het=  resseq=61 icode= >,3jr9_B_B,2.9
485,1.06,LEU, ,N,19.49,15.40,1.06,2.90,1.0,<Residue LEU het=  resseq=62 icode= >,3jr9_B_B,2.9
486,5.105,LEU, ,CA,18.14,15.03,5.105,3.68,1.0,<Residue LEU het=  resseq=62 icode= >,3jr9_B_B,2.9
487,0.0,LEU, ,C,16.46,14.48,0.0,3.67,1.0,<Residue LEU het=  resseq=62 icode= >,3jr9_B_B,2.9
488,0.0,LEU, ,O,15.01,14.38,0.0,1.47,1.0,<Residue LEU het=  resseq=62 icode= >,3jr9_B_B,2.9
489,5.165,LEU, ,CB,18.17,13.88,5.165,2.14,1.0,<Residue LEU het=  resseq=62 icode= >,3jr9_B_B,2.9
490,0.0,LEU, ,CG,16.83,12.90,0.0,3.61,1.0,<Residue LEU het=  resseq=62 icode= >,3jr9_B_B,2.9
491,34.515,LEU, ,CD1,14.23,13.67,34.515,1.72,1.0,<Residue LEU het=  resseq=62 icode= >,3jr9_B_B,2.9
492,35.755,LEU, ,CD2,15.31,12.08,32.514,2.27,1.0,<Residue LEU het=  resseq=62 icode= >,3jr9_B_B,2.9
493,0.0,LEU, ,N,17.27,14.01,0.0,2.13,1.0,<Residue LEU het=  resseq=63 icode= >,3jr9_B_B,2.9
494,0.065,LEU, ,CA,18.29,13.36,0.0,3.71,1.0,<Residue LEU het=  resseq=63 icode= >,3jr9_B_B,2.9
495,0.0,LEU, ,C,18.89,12.98,0.0,4.88,1.0,<Residue LEU het=  resseq=63 icode= >,3jr9_B_B,2.9
496,0.0,LEU, ,O,19.17,11.97,0.0,1.40,1.0,<Residue LEU het=  resseq=63 icode= >,3jr9_B_B,2.9
497,0.0,LEU, ,CB,16.72,13.06,0.0,2.06,1.0,<Residue LEU het=  resseq=63 icode= >,3jr9_B_B,2.9
498,0.591,LEU, ,CG,14.17,11.54,0.0,4.06,1.0,<Residue LEU het=  resseq=63 icode= >,3jr9_B_B,2.9
499,0.0,LEU, ,CD1,10.63,10.97,0.0,2.92,1.0,<Residue LEU het=  resseq=63 icode= >,3jr9_B_B,2.9
500,0.036,LEU, ,CD2,12.18,10.90,0.0,2.15,1.0,<Residue LEU het=  resseq=63 icode= >,3jr9_B_B,2.9
501,0.0,ASP, ,N,22.41,13.96,0.0,1.91,1.0,<Residue ASP het=  resseq=64 icode= >,3jr9_B_B,2.9
502,0.003,ASP, ,CA,21.58,14.02,0.0,3.63,1.0,<Residue ASP het=  resseq=64 icode= >,3jr9_B_B,2.9
503,0.0,ASP, ,C,19.12,13.78,0.0,5.21,1.0,<Residue ASP het=  resseq=64 icode= >,3jr9_B_B,2.9
504,0.705,ASP, ,O,19.22,12.98,0.0,2.03,1.0,<Residue ASP het=  resseq=64 icode= >,3jr9_B_B,2.9
505,1.437,ASP, ,CB,25.1,15.46,1.437,2.34,1.0,<Residue ASP het=  resseq=64 icode= >,3jr9_B_B,2.9
506,8.725,ASP, ,CG,30.14,15.70,6.496,3.98,1.0,<Residue ASP het=  resseq=64 icode= >,3jr9_B_B,2.9
507,9.251,ASP, ,OD1,33.45,15.12,0.632,1.60,1.0,<Residue ASP het=  resseq=64 icode= >,3jr9_B_B,2.9
508,27.832,ASP, ,OD2,34.8,16.62,11.823,1.94,1.0,<Residue ASP het=  resseq=64 icode= >,3jr9_B_B,2.9
509,0.0,MET, ,N,18.42,14.56,0.0,3.56,1.0,<Residue MET het=  resseq=65 icode= >,3jr9_B_B,2.9
510,0.0,MET, ,CA,21.2,14.75,0.0,3.81,1.0,<Residue MET het=  resseq=65 icode= >,3jr9_B_B,2.9
511,1.015,MET, ,C,21.95,13.60,1.015,4.96,1.0,<Residue MET het=  resseq=65 icode= >,3jr9_B_B,2.9
512,1.449,MET, ,O,24.44,13.31,0.776,1.71,1.0,<Residue MET het=  resseq=65 icode= >,3jr9_B_B,2.9
513,8.783,MET, ,CB,24.48,16.03,8.783,2.48,1.0,<Residue MET het=  resseq=65 icode= >,3jr9_B_B,2.9
514,31.435,MET, ,CG,26.46,16.94,31.435,3.09,1.0,<Residue MET het=  resseq=65 icode= >,3jr9_B_B,2.9
515,27.349,MET, ,SD,30.93,17.53,27.349,5.70,1.0,<Residue MET het=  resseq=65 icode= >,3jr9_B_B,2.9
516,50.512,MET, ,CE,31.88,17.64,36.292,1.05,1.0,<Residue MET het=  resseq=65 icode= >,3jr9_B_B,2.9
517,0.0,VAL, ,N,20.73,13.08,0.0,2.75,1.0,<Residue VAL het=  resseq=66 icode= >,3jr9_B_B,2.9
518,1.097,VAL, ,CA,19.15,12.12,1.097,4.02,1.0,<Residue VAL het=  resseq=66 icode= >,3jr9_B_B,2.9
519,0.0,VAL, ,C,17.33,10.76,0.0,5.38,1.0,<Residue VAL het=  resseq=66 icode= >,3jr9_B_B,2.9
520,0.0,VAL, ,O,13.42,10.22,0.0,2.99,1.0,<Residue VAL het=  resseq=66 icode= >,3jr9_B_B,2.9
521,0.255,VAL, ,CB,17.93,12.04,0.0,3.49,1.0,<Residue VAL het=  resseq=66 icode= >,3jr9_B_B,2.9
522,0.256,VAL, ,CG1,18.47,10.99,0.0,1.59,1.0,<Residue VAL het=  resseq=66 icode= >,3jr9_B_B,2.9
523,12.374,VAL, ,CG2,16.02,13.42,12.374,2.69,1.0,<Residue VAL het=  resseq=66 icode= >,3jr9_B_B,2.9
524,0.0,MET, ,N,19.19,10.38,0.0,4.12,1.0,<Residue MET het=  resseq=67 icode= >,3jr9_B_B,2.9
525,0.0,MET, ,CA,23.12,9.23,0.0,3.72,1.0,<Residue MET het=  resseq=67 icode= >,3jr9_B_B,2.9
526,1.277,MET, ,C,24.89,9.61,0.0,3.80,1.0,<Residue MET het=  resseq=67 icode= >,3jr9_B_B,2.9
527,0.045,MET, ,O,25.35,8.90,0.0,1.34,1.0,<Residue MET het=  resseq=67 icode= >,3jr9_B_B,2.9
528,12.015,MET, ,CB,25.15,9.13,0.0,1.92,1.0,<Residue MET het=  resseq=67 icode= >,3jr9_B_B,2.9
529,2.436,MET, ,CG,26.46,8.84,0.0,2.35,1.0,<Residue MET het=  resseq=67 icode= >,3jr9_B_B,2.9
530,0.34,MET, ,SD,28.55,7.44,0.0,5.39,1.0,<Residue MET het=  resseq=67 icode= >,3jr9_B_B,2.9
531,8.364,MET, ,CE,27.96,6.05,0.0,1.31,1.0,<Residue MET het=  resseq=67 icode= >,3jr9_B_B,2.9
532,0.288,GLN, ,N,26.52,10.89,0.0,2.91,1.0,<Residue GLN het=  resseq=68 icode= >,3jr9_B_B,2.9
533,7.36,GLN, ,CA,26.7,11.63,0.0,4.05,1.0,<Residue GLN het=  resseq=68 icode= >,3jr9_B_B,2.9
534,1.75,GLN, ,C,25.44,11.65,0.0,3.95,1.0,<Residue GLN het=  resseq=68 icode= >,3jr9_B_B,2.9
535,10.94,GLN, ,O,23.46,11.41,0.0,1.53,1.0,<Residue GLN het=  resseq=68 icode= >,3jr9_B_B,2.9
536,6.922,GLN, ,CB,28.65,13.09,0.0,2.40,1.0,<Residue GLN het=  resseq=68 icode= >,3jr9_B_B,2.9
537,22.437,GLN, ,CG,30.95,13.42,0.0,2.01,1.0,<Residue GLN het=  resseq=68 icode= >,3jr9_B_B,2.9
538,5.534,GLN, ,CD,31.97,14.92,0.0,3.29,1.0,<Residue GLN het=  resseq=68 icode= >,3jr9_B_B,2.9
539,22.27,GLN, ,OE1,35.62,15.46,5.525,1.53,1.0,<Residue GLN het=  resseq=68 icode= >,3jr9_B_B,2.9
540,36.06,GLN, ,NE2,32.66,15.69,0.0,2.02,1.0,<Residue GLN het=  resseq=68 icode= >,3jr9_B_B,2.9
541,1.399,TYR, ,N,26.45,11.99,0.0,3.39,1.0,<Residue TYR het=  resseq=69 icode= >,3jr9_B_B,2.9
542,7.132,TYR, ,CA,26.5,12.15,0.0,3.98,1.0,<Residue TYR het=  resseq=69 icode= >,3jr9_B_B,2.9
543,0.0,TYR, ,C,25.7,10.94,0.0,4.65,1.0,<Residue TYR het=  resseq=69 icode= >,3jr9_B_B,2.9
544,6.291,TYR, ,O,24.63,10.14,0.0,2.23,1.0,<Residue TYR het=  resseq=69 icode= >,3jr9_B_B,2.9
545,5.458,TYR, ,CB,31.64,12.71,4.885,2.23,1.0,<Residue TYR het=  resseq=69 icode= >,3jr9_B_B,2.9
546,1.136,TYR, ,CG,32.77,12.89,1.136,2.48,1.0,<Residue TYR het=  resseq=69 icode= >,3jr9_B_B,2.9
547,25.797,TYR, ,CD1,35.46,14.03,13.101,1.54,1.0,<Residue TYR het=  resseq=69 icode= >,3jr9_B_B,2.9
548,0.499,TYR, ,CD2,34.19,11.96,0.0,1.23,1.0,<Residue TYR het=  resseq=69 icode= >,3jr9_B_B,2.9
549,34.965,TYR, ,CE1,34.77,14.29,18.996,1.33,1.0,<Residue TYR het=  resseq=69 icode= >,3jr9_B_B,2.9
550,17.139,TYR, ,CE2,34.03,12.26,1.734,1.57,1.0,<Residue TYR het=  resseq=69 icode= >,3jr9_B_B,2.9
551,9.27,TYR, ,CZ,34.28,13.46,4.37,3.12,1.0,<Residue TYR het=  resseq=69 icode= >,3jr9_B_B,2.9
552,43.679,TYR, ,OH,34.18,13.95,37.13,2.06,1.0,<Residue TYR het=  resseq=69 icode= >,3jr9_B_B,2.9
553,0.0,THR, ,N,22.46,9.80,0.0,3.66,1.0,<Residue THR het=  resseq=70 icode= >,3jr9_B_B,2.9
554,0.0,THR, ,CA,22.51,8.69,0.0,4.67,1.0,<Residue THR het=  resseq=70 icode= >,3jr9_B_B,2.9
555,0.0,THR, ,C,21.75,8.01,0.0,4.61,1.0,<Residue THR het=  resseq=70 icode= >,3jr9_B_B,2.9
556,2.069,THR, ,O,19.99,7.06,0.0,2.75,1.0,<Residue THR het=  resseq=70 icode= >,3jr9_B_B,2.9
557,0.0,THR, ,CB,23.8,7.82,0.0,4.03,1.0,<Residue THR het=  resseq=70 icode= >,3jr9_B_B,2.9
558,0.0,THR, ,OG1,25.12,7.30,0.0,1.76,1.0,<Residue THR het=  resseq=70 icode= >,3jr9_B_B,2.9
559,0.0,THR, ,CG2,24.41,8.79,0.0,1.42,1.0,<Residue THR het=  resseq=70 icode= >,3jr9_B_B,2.9
560,0.0,ARG, ,N,23.77,8.72,0.0,3.17,1.0,<Residue ARG het=  resseq=71 icode= >,3jr9_B_B,2.9
561,6.196,ARG, ,CA,25.59,8.38,0.0,3.47,1.0,<Residue ARG het=  resseq=71 icode= >,3jr9_B_B,2.9
562,4.691,ARG, ,C,22.68,7.24,0.0,4.34,1.0,<Residue ARG het=  resseq=71 icode= >,3jr9_B_B,2.9
563,24.078,ARG, ,O,23.3,6.83,0.0,2.66,1.0,<Residue ARG het=  resseq=71 icode= >,3jr9_B_B,2.9
564,15.601,ARG, ,CB,25.9,7.25,0.0,2.94,1.0,<Residue ARG het=  resseq=71 icode= >,3jr9_B_B,2.9
565,12.57,ARG, ,CG,29.78,7.96,0.0,2.52,1.0,<Residue ARG het=  resseq=71 icode= >,3jr9_B_B,2.9
566,40.381,ARG, ,CD,33.93,7.35,0.0,2.86,1.0,<Residue ARG het=  resseq=71 icode= >,3jr9_B_B,2.9
567,15.521,ARG, ,NE,38.78,6.08,0.0,1.58,1.0,<Residue ARG het=  resseq=71 icode= >,3jr9_B_B,2.9
568,4.488,ARG, ,CZ,40.03,6.11,0.0,2.15,1.0,<Residue ARG het=  resseq=71 icode= >,3jr9_B_B,2.9
569,22.548,ARG, ,NH1,38.79,7.31,0.0,1.95,1.0,<Residue ARG het=  resseq=71 icode= >,3jr9_B_B,2.9
570,50.167,ARG, ,NH2,40.5,5.13,6.705,0.96,1.0,<Residue ARG het=  resseq=71 icode= >,3jr9_B_B,2.9
571,2.707,GLY, ,N,23.69,6.81,0.0,2.39,1.0,<Residue GLY het=  resseq=72 icode= >,3jr9_B_B,2.9
572,24.202,GLY, ,CA,23.65,5.68,0.0,2.33,1.0,<Residue GLY het=  resseq=72 icode= >,3jr9_B_B,2.9
573,3.186,GLY, ,C,24.85,4.30,0.0,3.34,1.0,<Residue GLY het=  resseq=72 icode= >,3jr9_B_B,2.9
574,17.795,GLY, ,O,24.39,3.35,5.738,2.29,1.0,<Residue GLY het=  resseq=72 icode= >,3jr9_B_B,2.9
575,0.134,ASN, ,N,23.45,4.48,0.0,3.09,1.0,<Residue ASN het=  resseq=73 icode= >,3jr9_B_B,2.9
576,7.365,ASN, ,CA,22.3,3.69,4.255,3.80,1.0,<Residue ASN het=  resseq=73 icode= >,3jr9_B_B,2.9
577,0.0,ASN, ,C,22.12,3.89,0.0,4.19,1.0,<Residue ASN het=  resseq=73 icode= >,3jr9_B_B,2.9
578,0.0,ASN, ,O,24.37,5.11,0.0,1.92,1.0,<Residue ASN het=  resseq=73 icode= >,3jr9_B_B,2.9
579,5.738,ASN, ,CB,21.81,4.70,0.0,2.01,1.0,<Residue ASN het=  resseq=73 icode= >,3jr9_B_B,2.9
580,3.664,ASN, ,CG,21.34,4.06,3.368,4.41,1.0,<Residue ASN het=  resseq=73 icode= >,3jr9_B_B,2.9
581,3.57,ASN, ,OD1,22.65,3.71,3.57,2.19,1.0,<Residue ASN het=  resseq=73 icode= >,3jr9_B_B,2.9
582,40.635,ASN, ,ND2,19.94,3.07,26.361,2.69,1.0,<Residue ASN het=  resseq=73 icode= >,3jr9_B_B,2.9
583,3.271,GLN, ,N,21.88,3.10,3.271,2.77,1.0,<Residue GLN het=  resseq=74 icode= >,3jr9_B_B,2.9
584,0.0,GLN, ,CA,23.0,3.74,0.0,4.29,1.0,<Residue GLN het=  resseq=74 icode= >,3jr9_B_B,2.9
585,0.0,GLN, ,C,23.96,3.75,0.0,3.92,1.0,<Residue GLN het=  resseq=74 icode= >,3jr9_B_B,2.9
586,0.0,GLN, ,O,25.05,4.80,0.0,1.51,1.0,<Residue GLN het=  resseq=74 icode= >,3jr9_B_B,2.9
587,5.801,GLN, ,CB,22.76,3.45,5.801,3.37,1.0,<Residue GLN het=  resseq=74 icode= >,3jr9_B_B,2.9
588,8.353,GLN, ,CG,24.31,3.72,5.532,3.55,1.0,<Residue GLN het=  resseq=74 icode= >,3jr9_B_B,2.9
589,5.292,GLN, ,CD,24.75,4.45,3.997,4.33,1.0,<Residue GLN het=  resseq=74 icode= >,3jr9_B_B,2.9
590,4.284,GLN, ,OE1,29.44,4.01,3.83,2.17,1.0,<Residue GLN het=  resseq=74 icode= >,3jr9_B_B,2.9
591,19.398,GLN, ,NE2,26.81,4.37,3.973,1.12,1.0,<Residue GLN het=  resseq=74 icode= >,3jr9_B_B,2.9
592,0.355,THR, ,N,24.58,3.07,0.355,2.86,1.0,<Residue THR het=  resseq=75 icode= >,3jr9_B_B,2.9
593,0.079,THR, ,CA,24.85,3.88,0.0,3.80,1.0,<Residue THR het=  resseq=75 icode= >,3jr9_B_B,2.9
594,0.0,THR, ,C,24.65,5.22,0.0,4.47,1.0,<Residue THR het=  resseq=75 icode= >,3jr9_B_B,2.9
595,0.689,THR, ,O,25.85,6.23,0.0,2.77,1.0,<Residue THR het=  resseq=75 icode= >,3jr9_B_B,2.9
596,5.519,THR, ,CB,25.09,3.66,5.519,3.58,1.0,<Residue THR het=  resseq=75 icode= >,3jr9_B_B,2.9
597,21.956,THR, ,OG1,26.7,2.72,21.956,2.36,1.0,<Residue THR het=  resseq=75 icode= >,3jr9_B_B,2.9
598,42.192,THR, ,CG2,24.76,4.21,16.052,1.82,1.0,<Residue THR het=  resseq=75 icode= >,3jr9_B_B,2.9
599,0.0,ARG, ,N,25.96,5.48,0.0,2.76,1.0,<Residue ARG het=  resseq=76 icode= >,3jr9_B_B,2.9
600,0.793,ARG, ,CA,29.18,5.97,0.0,2.97,1.0,<Residue ARG het=  resseq=76 icode= >,3jr9_B_B,2.9
601,0.0,ARG, ,C,24.37,7.45,0.0,4.59,1.0,<Residue ARG het=  resseq=76 icode= >,3jr9_B_B,2.9
602,0.881,ARG, ,O,20.94,8.31,0.0,2.49,1.0,<Residue ARG het=  resseq=76 icode= >,3jr9_B_B,2.9
603,3.17,ARG, ,CB,34.65,5.41,0.0,0.86,1.0,<Residue ARG het=  resseq=76 icode= >,3jr9_B_B,2.9
604,11.608,ARG, ,CG,40.47,4.05,5.234,1.02,1.0,<Residue ARG het=  resseq=76 icode= >,3jr9_B_B,2.9
605,34.323,ARG, ,CD,44.44,4.39,3.67,0.89,1.0,<Residue ARG het=  resseq=76 icode= >,3jr9_B_B,2.9
606,7.109,ARG, ,NE,49.33,4.92,0.0,0.56,1.0,<Residue ARG het=  resseq=76 icode= >,3jr9_B_B,2.9
607,4.317,ARG, ,CZ,51.57,6.26,0.0,0.72,1.0,<Residue ARG het=  resseq=76 icode= >,3jr9_B_B,2.9
608,28.774,ARG, ,NH1,52.06,7.14,0.0,-0.39,1.0,<Residue ARG het=  resseq=76 icode= >,3jr9_B_B,2.9
609,5.764,ARG, ,NH2,51.78,6.91,0.0,0.88,1.0,<Residue ARG het=  resseq=76 icode= >,3jr9_B_B,2.9
610,0.0,ALA, ,N,20.54,7.05,0.0,3.56,1.0,<Residue ALA het=  resseq=77 icode= >,3jr9_B_B,2.9
611,0.0,ALA, ,CA,20.78,7.97,0.0,4.97,1.0,<Residue ALA het=  resseq=77 icode= >,3jr9_B_B,2.9
612,0.0,ALA, ,C,20.66,8.47,0.0,4.93,1.0,<Residue ALA het=  resseq=77 icode= >,3jr9_B_B,2.9
613,0.0,ALA, ,O,21.33,9.69,0.0,1.96,1.0,<Residue ALA het=  resseq=77 icode= >,3jr9_B_B,2.9
614,0.0,ALA, ,CB,18.63,7.61,0.0,1.86,1.0,<Residue ALA het=  resseq=77 icode= >,3jr9_B_B,2.9
615,0.0,ALA, ,N,21.73,7.71,0.0,3.40,1.0,<Residue ALA het=  resseq=78 icode= >,3jr9_B_B,2.9
616,0.0,ALA, ,CA,21.11,8.19,0.0,4.22,1.0,<Residue ALA het=  resseq=78 icode= >,3jr9_B_B,2.9
617,0.374,ALA, ,C,20.17,8.25,0.0,4.41,1.0,<Residue ALA het=  resseq=78 icode= >,3jr9_B_B,2.9
618,0.475,ALA, ,O,17.57,7.50,0.0,2.39,1.0,<Residue ALA het=  resseq=78 icode= >,3jr9_B_B,2.9
619,2.917,ALA, ,CB,16.86,7.61,0.0,2.28,1.0,<Residue ALA het=  resseq=78 icode= >,3jr9_B_B,2.9
620,0.159,LEU, ,N,22.67,8.86,0.0,2.50,1.0,<Residue LEU het=  resseq=79 icode= >,3jr9_B_B,2.9
621,2.732,LEU, ,CA,25.53,8.82,0.0,2.66,1.0,<Residue LEU het=  resseq=79 icode= >,3jr9_B_B,2.9
622,1.084,LEU, ,C,29.45,9.74,0.047,2.94,1.0,<Residue LEU het=  resseq=79 icode= >,3jr9_B_B,2.9
623,18.118,LEU, ,O,30.92,9.28,14.229,1.80,1.0,<Residue LEU het=  resseq=79 icode= >,3jr9_B_B,2.9
624,9.537,LEU, ,CB,25.17,8.52,0.0,1.55,1.0,<Residue LEU het=  resseq=79 icode= >,3jr9_B_B,2.9
625,5.316,LEU, ,CG,25.25,7.72,0.0,2.56,1.0,<Residue LEU het=  resseq=79 icode= >,3jr9_B_B,2.9
626,40.688,LEU, ,CD1,23.84,6.44,0.0,0.90,1.0,<Residue LEU het=  resseq=79 icode= >,3jr9_B_B,2.9
627,60.634,LEU, ,CD2,23.78,7.91,0.0,1.22,1.0,<Residue LEU het=  resseq=79 icode= >,3jr9_B_B,2.9
628,0.0,MET, ,N,31.57,10.68,0.0,1.34,1.0,<Residue MET het=  resseq=80 icode= >,3jr9_B_B,2.9
629,8.078,MET, ,CA,29.89,11.61,7.649,2.60,1.0,<Residue MET het=  resseq=80 icode= >,3jr9_B_B,2.9
630,0.292,MET, ,C,26.76,10.83,0.292,3.91,1.0,<Residue MET het=  resseq=80 icode= >,3jr9_B_B,2.9
631,28.454,MET, ,O,29.46,11.10,28.454,2.00,1.0,<Residue MET het=  resseq=80 icode= >,3jr9_B_B,2.9
632,19.185,MET, ,CB,32.57,11.23,11.889,1.01,1.0,<Residue MET het=  resseq=80 icode= >,3jr9_B_B,2.9
633,0.71,MET, ,CG,34.75,11.37,0.71,1.17,1.0,<Residue MET het=  resseq=80 icode= >,3jr9_B_B,2.9
634,5.709,MET, ,SD,37.99,11.18,0.11,4.01,1.0,<Residue MET het=  resseq=80 icode= >,3jr9_B_B,2.9
635,43.095,MET, ,CE,38.3,12.90,42.559,0.48,1.0,<Residue MET het=  resseq=80 icode= >,3jr9_B_B,2.9
636,0.0,MET, ,N,23.57,9.93,0.0,3.87,1.0,<Residue MET het=  resseq=81 icode= >,3jr9_B_B,2.9
637,8.12,MET, ,CA,24.16,9.24,8.12,4.62,1.0,<Residue MET het=  resseq=81 icode= >,3jr9_B_B,2.9
638,2.09,MET, ,C,24.18,8.03,2.09,4.62,1.0,<Residue MET het=  resseq=81 icode= >,3jr9_B_B,2.9
639,23.19,MET, ,O,25.9,7.59,21.6,1.76,1.0,<Residue MET het=  resseq=81 icode= >,3jr9_B_B,2.9
640,1.382,MET, ,CB,23.61,8.64,1.382,3.13,1.0,<Residue MET het=  resseq=81 icode= >,3jr9_B_B,2.9
641,2.828,MET, ,CG,23.16,9.78,2.828,4.00,1.0,<Residue MET het=  resseq=81 icode= >,3jr9_B_B,2.9
642,0.077,MET, ,SD,27.23,9.34,0.0,5.77,1.0,<Residue MET het=  resseq=81 icode= >,3jr9_B_B,2.9
643,11.612,MET, ,CE,22.06,9.17,10.775,1.77,1.0,<Residue MET het=  resseq=81 icode= >,3jr9_B_B,2.9
644,0.0,GLY, ,N,25.28,7.67,0.0,2.69,1.0,<Residue GLY het=  resseq=82 icode= >,3jr9_B_B,2.9
645,29.834,GLY, ,CA,24.2,6.67,18.717,2.51,1.0,<Residue GLY het=  resseq=82 icode= >,3jr9_B_B,2.9
646,4.285,GLY, ,C,23.22,5.22,0.0,3.78,1.0,<Residue GLY het=  resseq=82 icode= >,3jr9_B_B,2.9
647,29.921,GLY, ,O,25.14,4.39,4.645,2.40,1.0,<Residue GLY het=  resseq=82 icode= >,3jr9_B_B,2.9
648,0.265,ILE, ,N,22.07,5.19,0.0,3.24,1.0,<Residue ILE het=  resseq=83 icode= >,3jr9_B_B,2.9
649,5.207,ILE, ,CA,21.99,3.77,4.418,3.87,1.0,<Residue ILE het=  resseq=83 icode= >,3jr9_B_B,2.9
650,3.853,ILE, ,C,20.88,3.70,0.0,5.28,1.0,<Residue ILE het=  resseq=83 icode= >,3jr9_B_B,2.9
651,4.689,ILE, ,O,22.33,4.84,0.0,2.50,1.0,<Residue ILE het=  resseq=83 icode= >,3jr9_B_B,2.9
652,2.896,ILE, ,CB,20.0,3.68,2.896,3.63,1.0,<Residue ILE het=  resseq=83 icode= >,3jr9_B_B,2.9
653,0.0,ILE, ,CG1,18.2,4.75,0.0,3.41,1.0,<Residue ILE het=  resseq=83 icode= >,3jr9_B_B,2.9
654,35.314,ILE, ,CG2,17.23,4.49,24.013,2.13,1.0,<Residue ILE het=  resseq=83 icode= >,3jr9_B_B,2.9
655,0.181,ILE, ,CD1,17.72,5.42,0.181,2.58,1.0,<Residue ILE het=  resseq=83 icode= >,3jr9_B_B,2.9
656,9.178,ASN, ,N,21.38,2.80,7.37,3.76,1.0,<Residue ASN het=  resseq=84 icode= >,3jr9_B_B,2.9
657,8.104,ASN, ,CA,23.98,3.60,4.268,2.71,1.0,<Residue ASN het=  resseq=84 icode= >,3jr9_B_B,2.9
658,0.0,ASN, ,C,23.11,4.43,0.0,4.36,1.0,<Residue ASN het=  resseq=84 icode= >,3jr9_B_B,2.9
659,0.0,ASN, ,O,23.08,4.25,0.0,2.62,1.0,<Residue ASN het=  resseq=84 icode= >,3jr9_B_B,2.9
660,16.551,ASN, ,CB,26.93,3.32,16.551,1.60,1.0,<Residue ASN het=  resseq=84 icode= >,3jr9_B_B,2.9
661,5.11,ASN, ,CG,27.54,3.75,5.11,3.04,1.0,<Residue ASN het=  resseq=84 icode= >,3jr9_B_B,2.9
662,21.639,ASN, ,OD1,30.14,3.07,17.92,2.46,1.0,<Residue ASN het=  resseq=84 icode= >,3jr9_B_B,2.9
663,49.298,ASN, ,ND2,29.89,2.89,37.906,1.72,1.0,<Residue ASN het=  resseq=84 icode= >,3jr9_B_B,2.9
664,3.178,ARG, ,N,21.42,5.49,0.0,3.23,1.0,<Residue ARG het=  resseq=85 icode= >,3jr9_B_B,2.9
665,0.0,ARG, ,CA,22.27,6.80,0.0,3.57,1.0,<Residue ARG het=  resseq=85 icode= >,3jr9_B_B,2.9
666,0.0,ARG, ,C,22.07,6.23,0.0,4.52,1.0,<Residue ARG het=  resseq=85 icode= >,3jr9_B_B,2.9
667,0.0,ARG, ,O,21.21,6.40,0.0,2.58,1.0,<Residue ARG het=  resseq=85 icode= >,3jr9_B_B,2.9
668,13.602,ARG, ,CB,21.72,6.27,0.0,1.42,1.0,<Residue ARG het=  resseq=85 icode= >,3jr9_B_B,2.9
669,0.214,ARG, ,CG,22.45,5.47,0.0,2.31,1.0,<Residue ARG het=  resseq=85 icode= >,3jr9_B_B,2.9
670,2.184,ARG, ,CD,23.34,4.25,1.749,2.72,1.0,<Residue ARG het=  resseq=85 icode= >,3jr9_B_B,2.9
671,10.688,ARG, ,NE,22.75,3.76,2.227,3.79,1.0,<Residue ARG het=  resseq=85 icode= >,3jr9_B_B,2.9
672,6.929,ARG, ,CZ,23.89,3.45,5.909,4.83,1.0,<Residue ARG het=  resseq=85 icode= >,3jr9_B_B,2.9
673,33.574,ARG, ,NH1,24.87,2.88,33.177,3.08,1.0,<Residue ARG het=  resseq=85 icode= >,3jr9_B_B,2.9
674,59.817,ARG, ,NH2,24.47,2.99,44.782,2.12,1.0,<Residue ARG het=  resseq=85 icode= >,3jr9_B_B,2.9
675,2.318,GLY, ,N,22.6,5.04,0.0,2.69,1.0,<Residue GLY het=  resseq=86 icode= >,3jr9_B_B,2.9
676,25.884,GLY, ,CA,21.97,4.65,7.906,2.58,1.0,<Residue GLY het=  resseq=86 icode= >,3jr9_B_B,2.9
677,4.297,GLY, ,C,22.27,4.57,2.361,4.61,1.0,<Residue GLY het=  resseq=86 icode= >,3jr9_B_B,2.9
678,7.914,GLY, ,O,23.7,5.28,0.0,2.44,1.0,<Residue GLY het=  resseq=86 icode= >,3jr9_B_B,2.9
679,0.0,THR, ,N,22.03,4.21,0.0,4.04,1.0,<Residue THR het=  resseq=87 icode= >,3jr9_B_B,2.9
680,1.519,THR, ,CA,22.38,4.79,0.373,3.62,1.0,<Residue THR het=  resseq=87 icode= >,3jr9_B_B,2.9
681,0.0,THR, ,C,21.64,5.84,0.0,4.32,1.0,<Residue THR het=  resseq=87 icode= >,3jr9_B_B,2.9
682,0.0,THR, ,O,19.21,5.92,0.0,2.20,1.0,<Residue THR het=  resseq=87 icode= >,3jr9_B_B,2.9
683,12.354,THR, ,CB,23.68,3.82,11.255,3.22,1.0,<Residue THR het=  resseq=87 icode= >,3jr9_B_B,2.9
684,3.379,THR, ,OG1,24.08,3.61,1.308,2.45,1.0,<Residue THR het=  resseq=87 icode= >,3jr9_B_B,2.9
685,35.817,THR, ,CG2,24.27,2.86,35.652,2.07,1.0,<Residue THR het=  resseq=87 icode= >,3jr9_B_B,2.9
686,0.0,LEU, ,N,21.96,5.98,0.0,2.96,1.0,<Residue LEU het=  resseq=88 icode= >,3jr9_B_B,2.9
687,0.0,LEU, ,CA,21.59,7.15,0.0,4.50,1.0,<Residue LEU het=  resseq=88 icode= >,3jr9_B_B,2.9
688,0.0,LEU, ,C,23.65,8.40,0.0,4.87,1.0,<Residue LEU het=  resseq=88 icode= >,3jr9_B_B,2.9
689,0.0,LEU, ,O,26.77,9.20,0.0,1.58,1.0,<Residue LEU het=  resseq=88 icode= >,3jr9_B_B,2.9
690,0.0,LEU, ,CB,19.94,7.49,0.0,2.72,1.0,<Residue LEU het=  resseq=88 icode= >,3jr9_B_B,2.9
691,0.0,LEU, ,CG,19.76,8.36,0.0,4.47,1.0,<Residue LEU het=  resseq=88 icode= >,3jr9_B_B,2.9
692,0.224,LEU, ,CD1,18.89,9.11,0.0,1.88,1.0,<Residue LEU het=  resseq=88 icode= >,3jr9_B_B,2.9
693,0.0,LEU, ,CD2,18.97,7.23,0.0,1.83,1.0,<Residue LEU het=  resseq=88 icode= >,3jr9_B_B,2.9
694,0.0,ARG, ,N,23.68,7.56,0.0,3.69,1.0,<Residue ARG het=  resseq=89 icode= >,3jr9_B_B,2.9
695,0.568,ARG, ,CA,25.68,7.09,0.0,4.06,1.0,<Residue ARG het=  resseq=89 icode= >,3jr9_B_B,2.9
696,1.454,ARG, ,C,24.8,7.74,0.0,4.17,1.0,<Residue ARG het=  resseq=89 icode= >,3jr9_B_B,2.9
697,3.657,ARG, ,O,22.92,8.21,0.0,2.78,1.0,<Residue ARG het=  resseq=89 icode= >,3jr9_B_B,2.9
698,10.712,ARG, ,CB,27.77,5.59,0.0,1.28,1.0,<Residue ARG het=  resseq=89 icode= >,3jr9_B_B,2.9
699,0.0,ARG, ,CG,29.65,5.24,0.0,1.84,1.0,<Residue ARG het=  resseq=89 icode= >,3jr9_B_B,2.9
700,7.734,ARG, ,CD,31.76,3.79,7.309,1.75,1.0,<Residue ARG het=  resseq=89 icode= >,3jr9_B_B,2.9
701,13.268,ARG, ,NE,32.8,3.45,8.673,2.54,1.0,<Residue ARG het=  resseq=89 icode= >,3jr9_B_B,2.9
702,5.967,ARG, ,CZ,34.1,3.39,4.339,3.22,1.0,<Residue ARG het=  resseq=89 icode= >,3jr9_B_B,2.9
703,59.58,ARG, ,NH1,34.68,3.34,38.206,1.85,1.0,<Residue ARG het=  resseq=89 icode= >,3jr9_B_B,2.9
704,26.078,ARG, ,NH2,34.46,2.63,26.078,1.69,1.0,<Residue ARG het=  resseq=89 icode= >,3jr9_B_B,2.9
705,0.567,LYS, ,N,24.26,7.55,0.0,3.33,1.0,<Residue LYS het=  resseq=90 icode= >,3jr9_B_B,2.9
706,5.95,LYS, ,CA,25.43,6.88,0.0,3.41,1.0,<Residue LYS het=  resseq=90 icode= >,3jr9_B_B,2.9
707,0.0,LYS, ,C,24.34,7.18,0.0,3.91,1.0,<Residue LYS het=  resseq=90 icode= >,3jr9_B_B,2.9
708,1.821,LYS, ,O,21.45,7.82,0.0,2.09,1.0,<Residue LYS het=  resseq=90 icode= >,3jr9_B_B,2.9
709,7.0,LYS, ,CB,26.97,5.43,0.0,1.60,1.0,<Residue LYS het=  resseq=90 icode= >,3jr9_B_B,2.9
710,18.986,LYS, ,CG,27.28,4.94,0.0,2.00,1.0,<Residue LYS het=  resseq=90 icode= >,3jr9_B_B,2.9
711,21.02,LYS, ,CD,29.11,3.49,8.796,1.76,1.0,<Residue LYS het=  resseq=90 icode= >,3jr9_B_B,2.9
712,45.533,LYS, ,CE,30.52,3.67,1.427,0.89,1.0,<Residue LYS het=  resseq=90 icode= >,3jr9_B_B,2.9
713,49.009,LYS, ,NZ,30.31,2.94,39.491,1.63,1.0,<Residue LYS het=  resseq=90 icode= >,3jr9_B_B,2.9
714,0.0,LYS, ,N,24.33,7.04,0.0,2.15,1.0,<Residue LYS het=  resseq=91 icode= >,3jr9_B_B,2.9
715,0.56,LYS, ,CA,24.59,7.69,0.0,4.14,1.0,<Residue LYS het=  resseq=91 icode= >,3jr9_B_B,2.9
716,0.0,LYS, ,C,25.46,9.17,0.0,3.89,1.0,<Residue LYS het=  resseq=91 icode= >,3jr9_B_B,2.9
717,0.0,LYS, ,O,24.19,9.85,0.0,1.95,1.0,<Residue LYS het=  resseq=91 icode= >,3jr9_B_B,2.9
718,0.0,LYS, ,CB,24.6,7.67,0.0,3.90,1.0,<Residue LYS het=  resseq=91 icode= >,3jr9_B_B,2.9
719,5.87,LYS, ,CG,25.9,6.25,0.0,2.68,1.0,<Residue LYS het=  resseq=91 icode= >,3jr9_B_B,2.9
720,1.07,LYS, ,CD,26.14,6.35,0.766,2.91,1.0,<Residue LYS het=  resseq=91 icode= >,3jr9_B_B,2.9
721,13.989,LYS, ,CE,26.65,5.13,9.877,2.38,1.0,<Residue LYS het=  resseq=91 icode= >,3jr9_B_B,2.9
722,32.876,LYS, ,NZ,26.36,4.14,17.663,1.30,1.0,<Residue LYS het=  resseq=91 icode= >,3jr9_B_B,2.9
723,0.0,LEU, ,N,24.26,9.80,0.0,3.23,1.0,<Residue LEU het=  resseq=92 icode= >,3jr9_B_B,2.9
724,0.0,LEU, ,CA,25.05,10.09,0.0,3.76,1.0,<Residue LEU het=  resseq=92 icode= >,3jr9_B_B,2.9
725,0.0,LEU, ,C,26.14,10.17,0.0,4.65,1.0,<Residue LEU het=  resseq=92 icode= >,3jr9_B_B,2.9
726,0.0,LEU, ,O,24.41,10.86,0.0,1.84,1.0,<Residue LEU het=  resseq=92 icode= >,3jr9_B_B,2.9
727,0.481,LEU, ,CB,23.71,8.74,0.0,2.14,1.0,<Residue LEU het=  resseq=92 icode= >,3jr9_B_B,2.9
728,0.0,LEU, ,CG,22.52,8.90,0.0,3.33,1.0,<Residue LEU het=  resseq=92 icode= >,3jr9_B_B,2.9
729,0.961,LEU, ,CD1,19.08,7.61,0.0,1.59,1.0,<Residue LEU het=  resseq=92 icode= >,3jr9_B_B,2.9
730,0.0,LEU, ,CD2,18.43,10.00,0.0,2.75,1.0,<Residue LEU het=  resseq=92 icode= >,3jr9_B_B,2.9
731,0.0,LYS, ,N,30.16,9.69,0.0,2.53,1.0,<Residue LYS het=  resseq=93 icode= >,3jr9_B_B,2.9
732,0.0,LYS, ,CA,30.85,10.03,0.0,2.84,1.0,<Residue LYS het=  resseq=93 icode= >,3jr9_B_B,2.9
733,0.188,LYS, ,C,29.26,11.43,0.0,3.60,1.0,<Residue LYS het=  resseq=93 icode= >,3jr9_B_B,2.9
734,11.917,LYS, ,O,28.82,12.10,0.0,2.08,1.0,<Residue LYS het=  resseq=93 icode= >,3jr9_B_B,2.9
735,1.185,LYS, ,CB,34.45,9.35,0.0,1.56,1.0,<Residue LYS het=  resseq=93 icode= >,3jr9_B_B,2.9
736,16.587,LYS, ,CG,35.21,9.06,0.0,0.96,1.0,<Residue LYS het=  resseq=93 icode= >,3jr9_B_B,2.9
737,26.011,LYS, ,CD,36.33,7.81,0.0,1.11,1.0,<Residue LYS het=  resseq=93 icode= >,3jr9_B_B,2.9
738,45.798,LYS, ,CE,37.95,7.91,0.0,0.98,1.0,<Residue LYS het=  resseq=93 icode= >,3jr9_B_B,2.9
739,48.636,LYS, ,NZ,39.12,8.67,0.0,0.64,1.0,<Residue LYS het=  resseq=93 icode= >,3jr9_B_B,2.9
740,0.751,LYS, ,N,28.47,10.36,0.0,2.99,1.0,<Residue LYS het=  resseq=94 icode= >,3jr9_B_B,2.9
741,12.833,LYS, ,CA,29.19,10.53,0.0,3.57,1.0,<Residue LYS het=  resseq=94 icode= >,3jr9_B_B,2.9
742,0.0,LYS, ,C,28.03,11.84,0.0,4.30,1.0,<Residue LYS het=  resseq=94 icode= >,3jr9_B_B,2.9
743,24.772,LYS, ,O,30.57,12.59,0.0,2.08,1.0,<Residue LYS het=  resseq=94 icode= >,3jr9_B_B,2.9
744,4.729,LYS, ,CB,29.11,9.41,0.0,2.77,1.0,<Residue LYS het=  resseq=94 icode= >,3jr9_B_B,2.9
745,10.673,LYS, ,CG,28.45,9.82,0.0,2.82,1.0,<Residue LYS het=  resseq=94 icode= >,3jr9_B_B,2.9
746,21.794,LYS, ,CD,29.48,8.66,0.0,3.08,1.0,<Residue LYS het=  resseq=94 icode= >,3jr9_B_B,2.9
747,32.25,LYS, ,CE,30.06,9.06,0.0,2.12,1.0,<Residue LYS het=  resseq=94 icode= >,3jr9_B_B,2.9
748,1.676,LYS, ,NZ,31.5,8.92,0.0,1.12,1.0,<Residue LYS het=  resseq=94 icode= >,3jr9_B_B,2.9
749,0.0,TYR, ,N,28.01,12.24,0.0,2.52,1.0,<Residue TYR het=  resseq=95 icode= >,3jr9_B_B,2.9
750,4.923,TYR, ,CA,29.27,13.49,0.0,3.40,1.0,<Residue TYR het=  resseq=95 icode= >,3jr9_B_B,2.9
751,4.311,TYR, ,C,30.76,13.88,0.0,3.61,1.0,<Residue TYR het=  resseq=95 icode= >,3jr9_B_B,2.9
752,17.367,TYR, ,O,30.99,14.47,0.0,1.87,1.0,<Residue TYR het=  resseq=95 icode= >,3jr9_B_B,2.9
753,0.327,TYR, ,CB,26.87,13.34,0.0,1.83,1.0,<Residue TYR het=  resseq=95 icode= >,3jr9_B_B,2.9
754,0.0,TYR, ,CG,26.39,12.23,0.0,2.75,1.0,<Residue TYR het=  resseq=95 icode= >,3jr9_B_B,2.9
755,12.567,TYR, ,CD1,24.89,12.49,0.0,2.89,1.0,<Residue TYR het=  resseq=95 icode= >,3jr9_B_B,2.9
756,0.0,TYR, ,CD2,26.35,11.05,0.0,2.01,1.0,<Residue TYR het=  resseq=95 icode= >,3jr9_B_B,2.9
757,5.504,TYR, ,CE1,25.07,11.67,0.0,3.22,1.0,<Residue TYR het=  resseq=95 icode= >,3jr9_B_B,2.9
758,0.0,TYR, ,CE2,25.99,10.11,0.0,2.69,1.0,<Residue TYR het=  resseq=95 icode= >,3jr9_B_B,2.9
759,0.0,TYR, ,CZ,24.63,10.47,0.0,5.31,1.0,<Residue TYR het=  resseq=95 icode= >,3jr9_B_B,2.9
760,0.0,TYR, ,OH,25.42,9.79,0.0,2.55,1.0,<Residue TYR het=  resseq=95 icode= >,3jr9_B_B,2.9
761,1.349,GLY, ,N,32.32,12.89,0.0,2.69,1.0,<Residue GLY het=  resseq=96 icode= >,3jr9_B_B,2.9
762,30.009,GLY, ,CA,34.3,12.49,0.0,2.01,1.0,<Residue GLY het=  resseq=96 icode= >,3jr9_B_B,2.9
763,0.723,GLY, ,C,36.22,11.80,0.0,3.11,1.0,<Residue GLY het=  resseq=96 icode= >,3jr9_B_B,2.9
764,30.677,GLY, ,O,36.74,12.16,0.0,2.32,1.0,<Residue GLY het=  resseq=96 icode= >,3jr9_B_B,2.9
765,0.0,MET, ,N,37.91,10.96,0.0,3.58,1.0,<Residue MET het=  resseq=97 icode= >,3jr9_B_B,2.9
766,7.468,MET, ,CA,41.04,10.51,0.0,3.46,1.0,<Residue MET het=  resseq=97 icode= >,3jr9_B_B,2.9
767,4.247,MET, ,C,44.79,9.02,0.0,2.90,1.0,<Residue MET het=  resseq=97 icode= >,3jr9_B_B,2.9
768,9.865,MET, ,O,47.93,8.37,0.0,1.32,1.0,<Residue MET het=  resseq=97 icode= >,3jr9_B_B,2.9
769,2.138,MET, ,CB,40.94,11.00,0.0,2.31,1.0,<Residue MET het=  resseq=97 icode= >,3jr9_B_B,2.9
770,6.616,MET, ,CG,40.39,12.46,0.0,2.32,1.0,<Residue MET het=  resseq=97 icode= >,3jr9_B_B,2.9
771,0.935,MET, ,SD,38.56,13.37,0.0,4.76,1.0,<Residue MET het=  resseq=97 icode= >,3jr9_B_B,2.9
772,19.045,MET, ,CE,38.07,12.54,0.0,2.01,1.0,<Residue MET het=  resseq=97 icode= >,3jr9_B_B,2.9
773,3.059,ASN, ,N,49.49,8.67,0.0,1.41,1.0,<Residue ASN het=  resseq=98 icode= >,3jr9_B_B,2.9
774,11.831,ASN, ,CA,51.15,7.34,0.0,0.49,1.0,<Residue ASN het=  resseq=98 icode= >,3jr9_B_B,2.9
775,29.353,ASN, ,C,53.52,7.62,0.0,0.20,1.0,<Residue ASN het=  resseq=98 icode= >,3jr9_B_B,2.9
776,41.038,ASN, ,O,54.12,8.10,0.0,0.48,1.0,<Residue ASN het=  resseq=98 icode= >,3jr9_B_B,2.9
777,13.733,ASN, ,CB,52.31,6.47,0.0,1.24,1.0,<Residue ASN het=  resseq=98 icode= >,3jr9_B_B,2.9
778,1.031,ASN, ,CG,53.2,7.32,0.0,2.23,1.0,<Residue ASN het=  resseq=98 icode= >,3jr9_B_B,2.9
779,8.5,ASN, ,OD1,53.81,8.54,0.0,1.23,1.0,<Residue ASN het=  resseq=98 icode= >,3jr9_B_B,2.9
780,36.949,ASN, ,ND2,54.46,6.87,0.0,0.61,1.0,<Residue ASN het=  resseq=98 icode= >,3jr9_B_B,2.9
