,ASA,aa,altloc,atom,bfac,dens,occ,residue,id,resolu
0,39.777,SER, ,N,24.11,1.12,1.0,<Residue SER het=  resseq=2 icode= >,3jtz_A_B,1.3
1,0.0,SER, ,CA,23.51,1.47,1.0,<Residue SER het=  resseq=2 icode= >,3jtz_A_B,1.3
2,0.0,SER, ,C,22.38,2.61,1.0,<Residue SER het=  resseq=2 icode= >,3jtz_A_B,1.3
3,5.749,SER, ,O,23.46,1.95,1.0,<Residue SER het=  resseq=2 icode= >,3jtz_A_B,1.3
4,29.714,SER, ,CB,23.81,2.03,1.0,<Residue SER het=  resseq=2 icode= >,3jtz_A_B,1.3
5,26.177,SER, ,OG,25.96,1.88,1.0,<Residue SER het=  resseq=2 icode= >,3jtz_A_B,1.3
6,0.0,LEU, ,N,20.38,3.30,1.0,<Residue LEU het=  resseq=3 icode= >,3jtz_A_B,1.3
7,0.0,LEU, ,CA,18.36,2.73,1.0,<Residue LEU het=  resseq=3 icode= >,3jtz_A_B,1.3
8,0.0,LEU, ,C,16.9,3.45,1.0,<Residue LEU het=  resseq=3 icode= >,3jtz_A_B,1.3
9,3.483,LEU, ,O,15.78,5.48,1.0,<Residue LEU het=  resseq=3 icode= >,3jtz_A_B,1.3
10,0.0,LEU, ,CB,17.98,3.74,1.0,<Residue LEU het=  resseq=3 icode= >,3jtz_A_B,1.3
11,0.0,LEU, ,CG,17.91,3.82,1.0,<Residue LEU het=  resseq=3 icode= >,3jtz_A_B,1.3
12,0.0,LEU, ,CD1,18.17,3.17,1.0,<Residue LEU het=  resseq=3 icode= >,3jtz_A_B,1.3
13,10.082,LEU, ,CD2,20.64,2.34,1.0,<Residue LEU het=  resseq=3 icode= >,3jtz_A_B,1.3
14,0.0,THR, ,N,15.67,3.90,1.0,<Residue THR het=  resseq=4 icode= >,3jtz_A_B,1.3
15,2.725,THR, ,CA,15.4,3.24,1.0,<Residue THR het=  resseq=4 icode= >,3jtz_A_B,1.3
16,0.0,THR, ,C,14.62,4.21,1.0,<Residue THR het=  resseq=4 icode= >,3jtz_A_B,1.3
17,0.0,THR, ,O,13.03,7.44,1.0,<Residue THR het=  resseq=4 icode= >,3jtz_A_B,1.3
18,10.646,THR, ,CB,15.55,3.46,1.0,<Residue THR het=  resseq=4 icode= >,3jtz_A_B,1.3
19,2.394,THR, ,OG1,16.14,4.87,1.0,<Residue THR het=  resseq=4 icode= >,3jtz_A_B,1.3
20,46.122,THR, ,CG2,17.06,2.82,1.0,<Residue THR het=  resseq=4 icode= >,3jtz_A_B,1.3
21,4.047,ASP, ,N,14.46,4.58,1.0,<Residue ASP het=  resseq=5 icode= >,3jtz_A_B,1.3
22,0.0,ASP, ,CA,15.02,3.95,1.0,<Residue ASP het=  resseq=5 icode= >,3jtz_A_B,1.3
23,0.0,ASP, ,C,14.76,4.18,1.0,<Residue ASP het=  resseq=5 icode= >,3jtz_A_B,1.3
24,0.0,ASP, ,O,14.74,5.57,1.0,<Residue ASP het=  resseq=5 icode= >,3jtz_A_B,1.3
25,26.645,ASP, ,CB,15.06,3.49,1.0,<Residue ASP het=  resseq=5 icode= >,3jtz_A_B,1.3
26,7.342,ASP, ,CG,15.96,3.82,1.0,<Residue ASP het=  resseq=5 icode= >,3jtz_A_B,1.3
27,3.834,ASP, ,OD1,18.42,4.04,1.0,<Residue ASP het=  resseq=5 icode= >,3jtz_A_B,1.3
28,15.097,ASP, ,OD2,17.11,4.80,1.0,<Residue ASP het=  resseq=5 icode= >,3jtz_A_B,1.3
29,3.007,ALA, ,N,15.02,3.95,1.0,<Residue ALA het=  resseq=6 icode= >,3jtz_A_B,1.3
30,5.924,ALA, ,CA,15.02,3.28,1.0,<Residue ALA het=  resseq=6 icode= >,3jtz_A_B,1.3
31,0.916,ALA, ,C,14.79,4.58,1.0,<Residue ALA het=  resseq=6 icode= >,3jtz_A_B,1.3
32,0.53,ALA, ,O,15.03,5.34,1.0,<Residue ALA het=  resseq=6 icode= >,3jtz_A_B,1.3
33,61.692,ALA, ,CB,15.58,2.89,1.0,<Residue ALA het=  resseq=6 icode= >,3jtz_A_B,1.3
34,0.156,LYS, ,N,14.85,4.77,1.0,<Residue LYS het=  resseq=7 icode= >,3jtz_A_B,1.3
35,3.58,LYS, ,CA,14.77,4.11,1.0,<Residue LYS het=  resseq=7 icode= >,3jtz_A_B,1.3
36,0.197,LYS, ,C,14.65,4.44,1.0,<Residue LYS het=  resseq=7 icode= >,3jtz_A_B,1.3
37,1.63,LYS, ,O,14.95,5.91,1.0,<Residue LYS het=  resseq=7 icode= >,3jtz_A_B,1.3
38,7.101,LYS, ,CB,15.09,3.94,1.0,<Residue LYS het=  resseq=7 icode= >,3jtz_A_B,1.3
39,21.49,LYS, ,CG,18.65,2.30,1.0,<Residue LYS het=  resseq=7 icode= >,3jtz_A_B,1.3
40,11.758,LYS, ,CD,23.09,1.69,1.0,<Residue LYS het=  resseq=7 icode= >,3jtz_A_B,1.3
41,36.829,LYS, ,CE,25.86,1.21,1.0,<Residue LYS het=  resseq=7 icode= >,3jtz_A_B,1.3
42,29.748,LYS, ,NZ,28.18,1.07,1.0,<Residue LYS het=  resseq=7 icode= >,3jtz_A_B,1.3
43,0.0,ILE, ,N,13.91,5.61,1.0,<Residue ILE het=  resseq=8 icode= >,3jtz_A_B,1.3
44,0.0,ILE, ,CA,14.71,3.29,1.0,<Residue ILE het=  resseq=8 icode= >,3jtz_A_B,1.3
45,0.0,ILE, ,C,15.05,4.21,1.0,<Residue ILE het=  resseq=8 icode= >,3jtz_A_B,1.3
46,0.0,ILE, ,O,15.11,4.78,1.0,<Residue ILE het=  resseq=8 icode= >,3jtz_A_B,1.3
47,0.0,ILE, ,CB,14.18,4.22,1.0,<Residue ILE het=  resseq=8 icode= >,3jtz_A_B,1.3
48,0.0,ILE, ,CG1,15.2,3.86,1.0,<Residue ILE het=  resseq=8 icode= >,3jtz_A_B,1.3
49,0.0,ILE, ,CG2,14.82,3.71,1.0,<Residue ILE het=  resseq=8 icode= >,3jtz_A_B,1.3
50,0.0,ILE, ,CD1,15.59,3.47,1.0,<Residue ILE het=  resseq=8 icode= >,3jtz_A_B,1.3
51,0.0,ARG, ,N,15.55,4.92,1.0,<Residue ARG het=  resseq=9 icode= >,3jtz_A_B,1.3
52,0.319,ARG, ,CA,16.89,3.33,1.0,<Residue ARG het=  resseq=9 icode= >,3jtz_A_B,1.3
53,1.489,ARG, ,C,18.0,3.02,1.0,<Residue ARG het=  resseq=9 icode= >,3jtz_A_B,1.3
54,22.21,ARG, ,O,18.61,3.68,1.0,<Residue ARG het=  resseq=9 icode= >,3jtz_A_B,1.3
55,15.626,ARG, ,CB,16.54,2.91,1.0,<Residue ARG het=  resseq=9 icode= >,3jtz_A_B,1.3
56,1.046,ARG, ,CG,17.29,3.00,1.0,<Residue ARG het=  resseq=9 icode= >,3jtz_A_B,1.3
57,24.847,ARG, ,CD,18.07,3.23,1.0,<Residue ARG het=  resseq=9 icode= >,3jtz_A_B,1.3
58,3.325,ARG, ,NE,19.84,3.14,1.0,<Residue ARG het=  resseq=9 icode= >,3jtz_A_B,1.3
59,4.222,ARG, ,CZ,21.22,3.12,1.0,<Residue ARG het=  resseq=9 icode= >,3jtz_A_B,1.3
60,37.089,ARG, ,NH1,21.83,3.20,1.0,<Residue ARG het=  resseq=9 icode= >,3jtz_A_B,1.3
61,31.678,ARG, ,NH2,23.0,2.52,1.0,<Residue ARG het=  resseq=9 icode= >,3jtz_A_B,1.3
62,0.0,THR, ,N,18.73,4.30,1.0,<Residue THR het=  resseq=10 icode= >,3jtz_A_B,1.3
63,7.428,THR, ,CA,20.71,2.97,1.0,<Residue THR het=  resseq=10 icode= >,3jtz_A_B,1.3
64,0.383,THR, ,C,21.15,3.34,1.0,<Residue THR het=  resseq=10 icode= >,3jtz_A_B,1.3
65,17.007,THR, ,O,22.05,2.69,1.0,<Residue THR het=  resseq=10 icode= >,3jtz_A_B,1.3
66,3.834,THR, ,CB,20.51,3.27,1.0,<Residue THR het=  resseq=10 icode= >,3jtz_A_B,1.3
67,23.133,THR, ,OG1,21.83,3.18,1.0,<Residue THR het=  resseq=10 icode= >,3jtz_A_B,1.3
68,62.149,THR, ,CG2,22.04,1.10,1.0,<Residue THR het=  resseq=10 icode= >,3jtz_A_B,1.3
69,0.0,LEU, ,N,21.9,3.15,1.0,<Residue LEU het=  resseq=11 icode= >,3jtz_A_B,1.3
70,3.286,LEU, ,CA,22.54,2.51,1.0,<Residue LEU het=  resseq=11 icode= >,3jtz_A_B,1.3
71,0.294,LEU, ,C,22.85,1.71,1.0,<Residue LEU het=  resseq=11 icode= >,3jtz_A_B,1.3
72,9.07,LEU, ,O,23.51,2.33,1.0,<Residue LEU het=  resseq=11 icode= >,3jtz_A_B,1.3
73,0.147,LEU, ,CB,22.45,2.67,1.0,<Residue LEU het=  resseq=11 icode= >,3jtz_A_B,1.3
74,0.009,LEU, ,CG,22.57,2.97,1.0,<Residue LEU het=  resseq=11 icode= >,3jtz_A_B,1.3
75,0.614,LEU, ,CD1,24.67,1.45,1.0,<Residue LEU het=  resseq=11 icode= >,3jtz_A_B,1.3
76,35.007,LEU, ,CD2,23.62,2.31,1.0,<Residue LEU het=  resseq=11 icode= >,3jtz_A_B,1.3
77,3.396,LYS, ,N,22.44,2.82,1.0,<Residue LYS het=  resseq=12 icode= >,3jtz_A_B,1.3
78,0.494,LYS, ,CA,22.08,2.03,1.0,<Residue LYS het=  resseq=12 icode= >,3jtz_A_B,1.3
79,0.0,LYS, ,C,21.32,3.20,1.0,<Residue LYS het=  resseq=12 icode= >,3jtz_A_B,1.3
80,2.155,LYS, ,O,21.05,4.72,1.0,<Residue LYS het=  resseq=12 icode= >,3jtz_A_B,1.3
81,26.805,LYS, ,CB,22.49,1.24,1.0,<Residue LYS het=  resseq=12 icode= >,3jtz_A_B,1.3
82,49.579,LYS, ,CG,23.59,1.34,1.0,<Residue LYS het=  resseq=12 icode= >,3jtz_A_B,1.3
83,0.0,PRO, ,N,20.8,2.96,1.0,<Residue PRO het=  resseq=13 icode= >,3jtz_A_B,1.3
84,0.0,PRO, ,CA,20.04,2.59,1.0,<Residue PRO het=  resseq=13 icode= >,3jtz_A_B,1.3
85,0.402,PRO, ,C,19.06,2.77,1.0,<Residue PRO het=  resseq=13 icode= >,3jtz_A_B,1.3
86,15.075,PRO, ,O,19.19,3.82,1.0,<Residue PRO het=  resseq=13 icode= >,3jtz_A_B,1.3
87,7.761,PRO, ,CB,20.39,2.34,1.0,<Residue PRO het=  resseq=13 icode= >,3jtz_A_B,1.3
88,11.445,PRO, ,CG,21.21,1.33,1.0,<Residue PRO het=  resseq=13 icode= >,3jtz_A_B,1.3
89,21.639,PRO, ,CD,21.15,2.13,1.0,<Residue PRO het=  resseq=13 icode= >,3jtz_A_B,1.3
90,0.0,SER, ,N,17.88,3.46,1.0,<Residue SER het=  resseq=14 icode= >,3jtz_A_B,1.3
91,8.632,SER, ,CA,17.33,3.81,1.0,<Residue SER het=  resseq=14 icode= >,3jtz_A_B,1.3
92,4.327,SER, ,C,16.54,4.40,1.0,<Residue SER het=  resseq=14 icode= >,3jtz_A_B,1.3
93,5.056,SER, ,O,17.04,4.64,1.0,<Residue SER het=  resseq=14 icode= >,3jtz_A_B,1.3
94,30.063,SER, ,CB,17.41,3.04,1.0,<Residue SER het=  resseq=14 icode= >,3jtz_A_B,1.3
95,3.525,SER, ,OG,18.08,3.66,1.0,<Residue SER het=  resseq=14 icode= >,3jtz_A_B,1.3
96,2.916,ASP, ,N,15.5,4.90,1.0,<Residue ASP het=  resseq=15 icode= >,3jtz_A_B,1.3
97,5.053,ASP, ,CA,15.55,3.42,1.0,<Residue ASP het=  resseq=15 icode= >,3jtz_A_B,1.3
98,0.0,ASP, ,C,14.44,4.45,1.0,<Residue ASP het=  resseq=15 icode= >,3jtz_A_B,1.3
99,23.501,ASP, ,O,14.17,6.15,1.0,<Residue ASP het=  resseq=15 icode= >,3jtz_A_B,1.3
100,36.421,ASP, ,CB,16.55,2.82,1.0,<Residue ASP het=  resseq=15 icode= >,3jtz_A_B,1.3
101,12.846,ASP, ,CG,18.95,2.96,1.0,<Residue ASP het=  resseq=15 icode= >,3jtz_A_B,1.3
102,41.572,ASP, ,OD1,23.11,2.57,1.0,<Residue ASP het=  resseq=15 icode= >,3jtz_A_B,1.3
103,17.202,ASP, ,OD2,22.14,3.24,1.0,<Residue ASP het=  resseq=15 icode= >,3jtz_A_B,1.3
104,0.0,LYS, ,N,14.03,5.28,1.0,<Residue LYS het=  resseq=16 icode= >,3jtz_A_B,1.3
105,0.292,LYS, ,CA,14.07,3.57,1.0,<Residue LYS het=  resseq=16 icode= >,3jtz_A_B,1.3
106,0.0,LYS, ,C,12.29,4.73,1.0,<Residue LYS het=  resseq=16 icode= >,3jtz_A_B,1.3
107,0.588,LYS, ,O,12.37,7.14,1.0,<Residue LYS het=  resseq=16 icode= >,3jtz_A_B,1.3
108,12.328,LYS, ,CB,15.15,3.44,1.0,<Residue LYS het=  resseq=16 icode= >,3jtz_A_B,1.3
109,5.625,LYS, ,CG,18.13,1.82,1.0,<Residue LYS het=  resseq=16 icode= >,3jtz_A_B,1.3
110,34.267,LYS, ,CD,21.4,1.57,1.0,<Residue LYS het=  resseq=16 icode= >,3jtz_A_B,1.3
111,45.021,LYS, ,CE,21.71,2.09,1.0,<Residue LYS het=  resseq=16 icode= >,3jtz_A_B,1.3
112,44.349,LYS, ,NZ,20.24,3.57,1.0,<Residue LYS het=  resseq=16 icode= >,3jtz_A_B,1.3
113,0.0,PRO, ,N,11.08,5.49,1.0,<Residue PRO het=  resseq=17 icode= >,3jtz_A_B,1.3
114,0.0,PRO, ,CA,10.36,4.95,1.0,<Residue PRO het=  resseq=17 icode= >,3jtz_A_B,1.3
115,0.535,PRO, ,C,9.8,4.90,1.0,<Residue PRO het=  resseq=17 icode= >,3jtz_A_B,1.3
116,13.335,PRO, ,O,9.58,7.17,1.0,<Residue PRO het=  resseq=17 icode= >,3jtz_A_B,1.3
117,12.552,PRO, ,CB,10.36,4.66,1.0,<Residue PRO het=  resseq=17 icode= >,3jtz_A_B,1.3
118,25.96,PRO, ,CG,12.79,3.77,1.0,<Residue PRO het=  resseq=17 icode= >,3jtz_A_B,1.3
119,16.508,PRO, ,CD,11.73,3.90,1.0,<Residue PRO het=  resseq=17 icode= >,3jtz_A_B,1.3
120,0.0,PHE, ,N,9.1,6.70,1.0,<Residue PHE het=  resseq=18 icode= >,3jtz_A_B,1.3
121,6.043,PHE, ,CA,9.09,5.02,1.0,<Residue PHE het=  resseq=18 icode= >,3jtz_A_B,1.3
122,0.0,PHE, ,C,8.94,4.83,1.0,<Residue PHE het=  resseq=18 icode= >,3jtz_A_B,1.3
123,0.0,PHE, ,O,9.17,7.56,1.0,<Residue PHE het=  resseq=18 icode= >,3jtz_A_B,1.3
124,26.844,PHE, ,CB,9.37,5.29,1.0,<Residue PHE het=  resseq=18 icode= >,3jtz_A_B,1.3
125,2.242,PHE, ,CG,9.08,4.94,1.0,<Residue PHE het=  resseq=18 icode= >,3jtz_A_B,1.3
126,5.178,PHE, ,CD1,10.11,4.66,1.0,<Residue PHE het=  resseq=18 icode= >,3jtz_A_B,1.3
127,6.212,PHE, ,CD2,9.47,4.94,1.0,<Residue PHE het=  resseq=18 icode= >,3jtz_A_B,1.3
128,3.472,PHE, ,CE1,10.79,4.93,1.0,<Residue PHE het=  resseq=18 icode= >,3jtz_A_B,1.3
129,3.548,PHE, ,CE2,9.94,4.83,1.0,<Residue PHE het=  resseq=18 icode= >,3jtz_A_B,1.3
130,5.186,PHE, ,CZ,10.65,5.04,1.0,<Residue PHE het=  resseq=18 icode= >,3jtz_A_B,1.3
131,3.626,LYS, ,N,8.93,6.90,1.0,<Residue LYS het=  resseq=19 icode= >,3jtz_A_B,1.3
132,0.0,LYS, ,CA,9.92,5.23,1.0,<Residue LYS het=  resseq=19 icode= >,3jtz_A_B,1.3
133,0.279,LYS, ,C,10.19,4.56,1.0,<Residue LYS het=  resseq=19 icode= >,3jtz_A_B,1.3
134,21.593,LYS, ,O,10.74,6.58,1.0,<Residue LYS het=  resseq=19 icode= >,3jtz_A_B,1.3
135,10.731,LYS, ,CB,10.96,4.06,1.0,<Residue LYS het=  resseq=19 icode= >,3jtz_A_B,1.3
136,2.444,LYS, ,CG,13.89,2.76,1.0,<Residue LYS het=  resseq=19 icode= >,3jtz_A_B,1.3
137,19.509,LYS, ,CD,16.98,2.99,1.0,<Residue LYS het=  resseq=19 icode= >,3jtz_A_B,1.3
138,16.778,LYS, ,CE,19.09,2.19,1.0,<Residue LYS het=  resseq=19 icode= >,3jtz_A_B,1.3
139,42.984,LYS, ,NZ,21.84,1.95,1.0,<Residue LYS het=  resseq=19 icode= >,3jtz_A_B,1.3
140,0.0,VAL, ,N,10.07,6.14,1.0,<Residue VAL het=  resseq=20 icode= >,3jtz_A_B,1.3
141,3.246,VAL, ,CA,11.34,4.25,1.0,<Residue VAL het=  resseq=20 icode= >,3jtz_A_B,1.3
142,0.0,VAL, ,C,10.9,5.37,1.0,<Residue VAL het=  resseq=20 icode= >,3jtz_A_B,1.3
143,0.0,VAL, ,O,10.62,7.92,1.0,<Residue VAL het=  resseq=20 icode= >,3jtz_A_B,1.3
144,2.612,VAL, ,CB,11.85,3.65,1.0,<Residue VAL het=  resseq=20 icode= >,3jtz_A_B,1.3
145,24.427,VAL, ,CG1,13.19,3.59,1.0,<Residue VAL het=  resseq=20 icode= >,3jtz_A_B,1.3
146,0.0,VAL, ,CG2,13.95,3.25,1.0,<Residue VAL het=  resseq=20 icode= >,3jtz_A_B,1.3
147,7.437,SER, ,N,11.93,5.30,1.0,<Residue SER het=  resseq=21 icode= >,3jtz_A_B,1.3
148,0.0,SER, ,CA,13.26,4.04,1.0,<Residue SER het=  resseq=21 icode= >,3jtz_A_B,1.3
149,0.0,SER, ,C,13.88,4.34,1.0,<Residue SER het=  resseq=21 icode= >,3jtz_A_B,1.3
150,6.149,SER, ,O,14.74,6.22,1.0,<Residue SER het=  resseq=21 icode= >,3jtz_A_B,1.3
151,41.121,SER, ,CB,14.23,3.35,1.0,<Residue SER het=  resseq=21 icode= >,3jtz_A_B,1.3
152,16.763,SER, ,OG,18.92,2.23,1.0,<Residue SER het=  resseq=21 icode= >,3jtz_A_B,1.3
153,0.0,ASP, ,N,14.24,5.19,1.0,<Residue ASP het=  resseq=22 icode= >,3jtz_A_B,1.3
154,0.0,ASP, ,CA,15.83,3.81,1.0,<Residue ASP het=  resseq=22 icode= >,3jtz_A_B,1.3
155,0.0,ASP, ,C,17.11,3.50,1.0,<Residue ASP het=  resseq=22 icode= >,3jtz_A_B,1.3
156,6.6,ASP, ,O,18.79,3.08,1.0,<Residue ASP het=  resseq=22 icode= >,3jtz_A_B,1.3
157,0.0,ASP, ,CB,15.37,3.72,1.0,<Residue ASP het=  resseq=22 icode= >,3jtz_A_B,1.3
158,0.694,ASP, ,CG,15.93,4.09,1.0,<Residue ASP het=  resseq=22 icode= >,3jtz_A_B,1.3
159,0.81,ASP, ,OD1,14.75,6.07,1.0,<Residue ASP het=  resseq=22 icode= >,3jtz_A_B,1.3
160,0.388,ASP, ,OD2,16.21,5.30,1.0,<Residue ASP het=  resseq=22 icode= >,3jtz_A_B,1.3
161,0.0,SER, ,N,18.12,3.33,1.0,<Residue SER het=  resseq=23 icode= >,3jtz_A_B,1.3
162,6.666,SER, ,CA,18.14,2.37,1.0,<Residue SER het=  resseq=23 icode= >,3jtz_A_B,1.3
163,0.125,SER, ,C,17.42,3.33,1.0,<Residue SER het=  resseq=23 icode= >,3jtz_A_B,1.3
164,0.0,SER, ,O,16.26,5.68,1.0,<Residue SER het=  resseq=23 icode= >,3jtz_A_B,1.3
165,26.769,SER, ,CB,18.57,2.81,1.0,<Residue SER het=  resseq=23 icode= >,3jtz_A_B,1.3
166,10.732,SER, ,OG,21.6,2.48,1.0,<Residue SER het=  resseq=23 icode= >,3jtz_A_B,1.3
167,10.664,HIS, ,N,16.77,3.74,1.0,<Residue HIS het=  resseq=24 icode= >,3jtz_A_B,1.3
168,10.812,HIS, ,CA,16.64,3.56,1.0,<Residue HIS het=  resseq=24 icode= >,3jtz_A_B,1.3
169,4.342,HIS, ,C,15.67,3.77,1.0,<Residue HIS het=  resseq=24 icode= >,3jtz_A_B,1.3
170,4.965,HIS, ,O,15.61,5.26,1.0,<Residue HIS het=  resseq=24 icode= >,3jtz_A_B,1.3
171,1.412,HIS, ,CB,17.64,3.11,1.0,<Residue HIS het=  resseq=24 icode= >,3jtz_A_B,1.3
172,0.0,HIS, ,CG,20.36,3.21,1.0,<Residue HIS het=  resseq=24 icode= >,3jtz_A_B,1.3
173,14.861,HIS, ,ND1,24.14,2.62,1.0,<Residue HIS het=  resseq=24 icode= >,3jtz_A_B,1.3
174,7.444,HIS, ,CD2,22.73,2.39,1.0,<Residue HIS het=  resseq=24 icode= >,3jtz_A_B,1.3
175,35.417,HIS, ,CE1,24.45,2.48,1.0,<Residue HIS het=  resseq=24 icode= >,3jtz_A_B,1.3
176,27.353,HIS, ,NE2,24.51,2.02,1.0,<Residue HIS het=  resseq=24 icode= >,3jtz_A_B,1.3
177,9.823,GLY, ,N,14.56,5.31,1.0,<Residue GLY het=  resseq=25 icode= >,3jtz_A_B,1.3
178,7.26,GLY, ,CA,13.97,3.42,1.0,<Residue GLY het=  resseq=25 icode= >,3jtz_A_B,1.3
179,0.755,GLY, ,C,12.68,4.35,1.0,<Residue GLY het=  resseq=25 icode= >,3jtz_A_B,1.3
180,0.0,GLY, ,O,13.14,6.36,1.0,<Residue GLY het=  resseq=25 icode= >,3jtz_A_B,1.3
181,0.0,LEU, ,N,11.68,5.77,1.0,<Residue LEU het=  resseq=26 icode= >,3jtz_A_B,1.3
182,0.0,LEU, ,CA,11.01,4.52,1.0,<Residue LEU het=  resseq=26 icode= >,3jtz_A_B,1.3
183,0.0,LEU, ,C,10.94,5.37,1.0,<Residue LEU het=  resseq=26 icode= >,3jtz_A_B,1.3
184,0.213,LEU, ,O,11.51,7.13,1.0,<Residue LEU het=  resseq=26 icode= >,3jtz_A_B,1.3
185,0.0,LEU, ,CB,11.01,4.47,1.0,<Residue LEU het=  resseq=26 icode= >,3jtz_A_B,1.3
186,0.0,LEU, ,CG,11.26,4.14,1.0,<Residue LEU het=  resseq=26 icode= >,3jtz_A_B,1.3
187,0.0,LEU, ,CD1,11.2,4.47,1.0,<Residue LEU het=  resseq=26 icode= >,3jtz_A_B,1.3
188,0.0,LEU, ,CD2,11.85,4.98,1.0,<Residue LEU het=  resseq=26 icode= >,3jtz_A_B,1.3
189,0.0,TYR, ,N,9.76,7.28,1.0,<Residue TYR het=  resseq=27 icode= >,3jtz_A_B,1.3
190,0.0,TYR, ,CA,9.7,4.69,1.0,<Residue TYR het=  resseq=27 icode= >,3jtz_A_B,1.3
191,0.0,TYR, ,C,9.17,5.68,1.0,<Residue TYR het=  resseq=27 icode= >,3jtz_A_B,1.3
192,0.0,TYR, ,O,9.03,7.59,1.0,<Residue TYR het=  resseq=27 icode= >,3jtz_A_B,1.3
193,3.622,TYR, ,CB,9.9,5.01,1.0,<Residue TYR het=  resseq=27 icode= >,3jtz_A_B,1.3
194,0.053,TYR, ,CG,10.36,4.03,1.0,<Residue TYR het=  resseq=27 icode= >,3jtz_A_B,1.3
195,1.85,TYR, ,CD1,12.41,3.79,1.0,<Residue TYR het=  resseq=27 icode= >,3jtz_A_B,1.3
196,0.0,TYR, ,CD2,9.8,4.90,1.0,<Residue TYR het=  resseq=27 icode= >,3jtz_A_B,1.3
197,1.457,TYR, ,CE1,13.16,4.08,1.0,<Residue TYR het=  resseq=27 icode= >,3jtz_A_B,1.3
198,0.0,TYR, ,CE2,10.11,4.34,1.0,<Residue TYR het=  resseq=27 icode= >,3jtz_A_B,1.3
199,0.004,TYR, ,CZ,12.35,4.00,1.0,<Residue TYR het=  resseq=27 icode= >,3jtz_A_B,1.3
200,4.171,TYR, ,OH,15.54,5.42,1.0,<Residue TYR het=  resseq=27 icode= >,3jtz_A_B,1.3
201,0.0,LEU, ,N,8.33,7.15,1.0,<Residue LEU het=  resseq=28 icode= >,3jtz_A_B,1.3
202,0.0,LEU, ,CA,8.44,5.87,1.0,<Residue LEU het=  resseq=28 icode= >,3jtz_A_B,1.3
203,0.0,LEU, ,C,8.1,5.64,1.0,<Residue LEU het=  resseq=28 icode= >,3jtz_A_B,1.3
204,0.0,LEU, ,O,8.87,7.54,1.0,<Residue LEU het=  resseq=28 icode= >,3jtz_A_B,1.3
205,0.0,LEU, ,CB,8.52,5.31,1.0,<Residue LEU het=  resseq=28 icode= >,3jtz_A_B,1.3
206,0.0,LEU, ,CG,8.61,5.45,1.0,<Residue LEU het=  resseq=28 icode= >,3jtz_A_B,1.3
207,0.0,LEU, ,CD1,9.46,4.97,1.0,<Residue LEU het=  resseq=28 icode= >,3jtz_A_B,1.3
208,0.0,LEU, ,CD2,10.1,4.55,1.0,<Residue LEU het=  resseq=28 icode= >,3jtz_A_B,1.3
209,0.0,LEU, ,N,8.03,6.80,1.0,<Residue LEU het=  resseq=29 icode= >,3jtz_A_B,1.3
210,0.0,LEU, ,CA,8.55,4.98,1.0,<Residue LEU het=  resseq=29 icode= >,3jtz_A_B,1.3
211,0.0,LEU, ,C,8.55,5.15,1.0,<Residue LEU het=  resseq=29 icode= >,3jtz_A_B,1.3
212,0.3,LEU, ,O,8.28,8.44,1.0,<Residue LEU het=  resseq=29 icode= >,3jtz_A_B,1.3
213,0.0,LEU, ,CB,9.67,5.64,1.0,<Residue LEU het=  resseq=29 icode= >,3jtz_A_B,1.3
214,0.194,LEU, ,CG,11.63,4.46,1.0,<Residue LEU het=  resseq=29 icode= >,3jtz_A_B,1.3
215,4.19,LEU, ,CD1,13.5,3.55,1.0,<Residue LEU het=  resseq=29 icode= >,3jtz_A_B,1.3
216,15.64,LEU, ,CD2,14.16,3.46,1.0,<Residue LEU het=  resseq=29 icode= >,3jtz_A_B,1.3
217,0.0,VAL, ,N,7.94,6.82,1.0,<Residue VAL het=  resseq=30 icode= >,3jtz_A_B,1.3
218,0.0,VAL, ,CA,8.66,5.00,1.0,<Residue VAL het=  resseq=30 icode= >,3jtz_A_B,1.3
219,0.0,VAL, ,C,8.87,5.52,1.0,<Residue VAL het=  resseq=30 icode= >,3jtz_A_B,1.3
220,0.101,VAL, ,O,8.81,7.70,1.0,<Residue VAL het=  resseq=30 icode= >,3jtz_A_B,1.3
221,0.0,VAL, ,CB,8.95,5.42,1.0,<Residue VAL het=  resseq=30 icode= >,3jtz_A_B,1.3
222,0.285,VAL, ,CG1,10.99,4.15,1.0,<Residue VAL het=  resseq=30 icode= >,3jtz_A_B,1.3
223,0.0,VAL, ,CG2,10.23,3.91,1.0,<Residue VAL het=  resseq=30 icode= >,3jtz_A_B,1.3
224,0.0,LYS, ,N,9.12,6.21,1.0,<Residue LYS het=  resseq=31 icode= >,3jtz_A_B,1.3
225,0.0,LYS, ,CA,9.79,4.14,1.0,<Residue LYS het=  resseq=31 icode= >,3jtz_A_B,1.3
226,0.0,LYS, ,C,10.28,5.03,1.0,<Residue LYS het=  resseq=31 icode= >,3jtz_A_B,1.3
227,0.0,LYS, ,O,10.68,6.85,1.0,<Residue LYS het=  resseq=31 icode= >,3jtz_A_B,1.3
228,1.344,LYS, ,CB,10.91,4.03,1.0,<Residue LYS het=  resseq=31 icode= >,3jtz_A_B,1.3
229,0.181,LYS, ,CG,13.02,4.03,1.0,<Residue LYS het=  resseq=31 icode= >,3jtz_A_B,1.3
230,8.14,LYS, ,CD,18.94,2.65,1.0,<Residue LYS het=  resseq=31 icode= >,3jtz_A_B,1.3
231,33.129,LYS, ,CE,21.61,1.53,1.0,<Residue LYS het=  resseq=31 icode= >,3jtz_A_B,1.3
232,48.281,LYS, ,NZ,24.79,1.44,1.0,<Residue LYS het=  resseq=31 icode= >,3jtz_A_B,1.3
233,0.0,PRO, ,N,10.52,5.50,1.0,<Residue PRO het=  resseq=32 icode= >,3jtz_A_B,1.3
234,0.0,PRO, ,CA,11.85,4.05,1.0,<Residue PRO het=  resseq=32 icode= >,3jtz_A_B,1.3
235,1.232,PRO, ,C,13.32,4.07,1.0,<Residue PRO het=  resseq=32 icode= >,3jtz_A_B,1.3
236,18.203,PRO, ,O,15.15,4.79,1.0,<Residue PRO het=  resseq=32 icode= >,3jtz_A_B,1.3
237,25.51,PRO, ,CB,12.35,3.56,1.0,<Residue PRO het=  resseq=32 icode= >,3jtz_A_B,1.3
238,8.774,PRO, ,CG,12.27,3.89,1.0,<Residue PRO het=  resseq=32 icode= >,3jtz_A_B,1.3
239,5.254,PRO, ,CD,10.72,4.22,1.0,<Residue PRO het=  resseq=32 icode= >,3jtz_A_B,1.3
240,5.247,GLY, ,N,13.72,5.33,1.0,<Residue GLY het=  resseq=33 icode= >,3jtz_A_B,1.3
241,41.891,GLY, ,CA,14.74,3.13,1.0,<Residue GLY het=  resseq=33 icode= >,3jtz_A_B,1.3
242,4.507,GLY, ,C,15.11,3.56,1.0,<Residue GLY het=  resseq=33 icode= >,3jtz_A_B,1.3
243,32.816,GLY, ,O,16.88,3.88,1.0,<Residue GLY het=  resseq=33 icode= >,3jtz_A_B,1.3
244,0.0,GLY, ,N,14.38,5.60,1.0,<Residue GLY het=  resseq=34 icode= >,3jtz_A_B,1.3
245,15.862,GLY, ,CA,14.64,3.11,1.0,<Residue GLY het=  resseq=34 icode= >,3jtz_A_B,1.3
246,4.607,GLY, ,C,14.57,4.33,1.0,<Residue GLY het=  resseq=34 icode= >,3jtz_A_B,1.3
247,13.805,GLY, ,O,15.42,5.41,1.0,<Residue GLY het=  resseq=34 icode= >,3jtz_A_B,1.3
248,3.246,SER, ,N,14.08,5.25,1.0,<Residue SER het=  resseq=35 icode= >,3jtz_A_B,1.3
249,11.507,SER, ,CA,14.39,3.35,1.0,<Residue SER het=  resseq=35 icode= >,3jtz_A_B,1.3
250,0.0,SER, ,C,12.94,3.74,1.0,<Residue SER het=  resseq=35 icode= >,3jtz_A_B,1.3
251,0.0,SER, ,O,12.12,6.41,1.0,<Residue SER het=  resseq=35 icode= >,3jtz_A_B,1.3
252,22.688,SER, ,CB,15.45,3.41,1.0,<Residue SER het=  resseq=35 icode= >,3jtz_A_B,1.3
253,16.522,SER, ,OG,18.44,3.00,1.0,<Residue SER het=  resseq=35 icode= >,3jtz_A_B,1.3
254,4.691,ARG, ,N,11.37,6.10,1.0,<Residue ARG het=  resseq=36 icode= >,3jtz_A_B,1.3
255,0.0,ARG, ,CA,10.84,4.81,1.0,<Residue ARG het=  resseq=36 icode= >,3jtz_A_B,1.3
256,0.0,ARG, ,C,10.39,4.74,1.0,<Residue ARG het=  resseq=36 icode= >,3jtz_A_B,1.3
257,0.495,ARG, ,O,11.42,6.84,1.0,<Residue ARG het=  resseq=36 icode= >,3jtz_A_B,1.3
258,0.022,ARG, ,CB,11.06,4.43,1.0,<Residue ARG het=  resseq=36 icode= >,3jtz_A_B,1.3
259,0.0,ARG, ,CG,13.58,4.00,1.0,<Residue ARG het=  resseq=36 icode= >,3jtz_A_B,1.3
260,3.354,ARG, ,CD,16.8,3.84,1.0,<Residue ARG het=  resseq=36 icode= >,3jtz_A_B,1.3
261,3.23,ARG, ,NE,20.13,3.47,1.0,<Residue ARG het=  resseq=36 icode= >,3jtz_A_B,1.3
262,4.488,ARG, ,CZ,21.1,2.72,1.0,<Residue ARG het=  resseq=36 icode= >,3jtz_A_B,1.3
263,32.273,ARG, ,NH1,22.82,2.84,1.0,<Residue ARG het=  resseq=36 icode= >,3jtz_A_B,1.3
264,15.081,ARG, ,NH2,23.14,2.43,1.0,<Residue ARG het=  resseq=36 icode= >,3jtz_A_B,1.3
265,0.0,HIS, ,N,9.31,6.56,1.0,<Residue HIS het=  resseq=37 icode= >,3jtz_A_B,1.3
266,0.0,HIS, ,CA,9.07,5.19,1.0,<Residue HIS het=  resseq=37 icode= >,3jtz_A_B,1.3
267,0.0,HIS, ,C,8.6,5.06,1.0,<Residue HIS het=  resseq=37 icode= >,3jtz_A_B,1.3
268,0.0,HIS, ,O,9.28,7.77,1.0,<Residue HIS het=  resseq=37 icode= >,3jtz_A_B,1.3
269,3.716,HIS, ,CB,9.95,5.05,1.0,<Residue HIS het=  resseq=37 icode= >,3jtz_A_B,1.3
270,1.14,HIS, ,CG,11.35,3.74,1.0,<Residue HIS het=  resseq=37 icode= >,3jtz_A_B,1.3
271,9.579,HIS, ,ND1,12.32,4.57,1.0,<Residue HIS het=  resseq=37 icode= >,3jtz_A_B,1.3
272,0.377,HIS, ,CD2,12.58,4.32,1.0,<Residue HIS het=  resseq=37 icode= >,3jtz_A_B,1.3
273,27.322,HIS, ,CE1,13.19,2.95,1.0,<Residue HIS het=  resseq=37 icode= >,3jtz_A_B,1.3
274,6.043,HIS, ,NE2,13.46,4.39,1.0,<Residue HIS het=  resseq=37 icode= >,3jtz_A_B,1.3
275,0.0,TRP, ,N,8.16,7.02,1.0,<Residue TRP het=  resseq=38 icode= >,3jtz_A_B,1.3
276,0.0,TRP, ,CA,7.7,5.16,1.0,<Residue TRP het=  resseq=38 icode= >,3jtz_A_B,1.3
277,0.0,TRP, ,C,7.61,5.63,1.0,<Residue TRP het=  resseq=38 icode= >,3jtz_A_B,1.3
278,0.0,TRP, ,O,7.81,8.50,1.0,<Residue TRP het=  resseq=38 icode= >,3jtz_A_B,1.3
279,0.0,TRP, ,CB,8.13,5.06,1.0,<Residue TRP het=  resseq=38 icode= >,3jtz_A_B,1.3
280,0.0,TRP, ,CG,7.32,5.47,1.0,<Residue TRP het=  resseq=38 icode= >,3jtz_A_B,1.3
281,0.0,TRP, ,CD1,8.2,5.18,1.0,<Residue TRP het=  resseq=38 icode= >,3jtz_A_B,1.3
282,0.0,TRP, ,CD2,7.78,5.08,1.0,<Residue TRP het=  resseq=38 icode= >,3jtz_A_B,1.3
283,0.0,TRP, ,NE1,9.21,6.66,1.0,<Residue TRP het=  resseq=38 icode= >,3jtz_A_B,1.3
284,0.0,TRP, ,CE2,8.0,5.63,1.0,<Residue TRP het=  resseq=38 icode= >,3jtz_A_B,1.3
285,0.0,TRP, ,CE3,8.37,5.65,1.0,<Residue TRP het=  resseq=38 icode= >,3jtz_A_B,1.3
286,0.0,TRP, ,CZ2,9.16,5.34,1.0,<Residue TRP het=  resseq=38 icode= >,3jtz_A_B,1.3
287,0.0,TRP, ,CZ3,10.01,4.68,1.0,<Residue TRP het=  resseq=38 icode= >,3jtz_A_B,1.3
288,0.0,TRP, ,CH2,10.11,4.49,1.0,<Residue TRP het=  resseq=38 icode= >,3jtz_A_B,1.3
289,0.0,TYR, ,N,8.08,7.10,1.0,<Residue TYR het=  resseq=39 icode= >,3jtz_A_B,1.3
290,0.0,TYR, ,CA,8.88,4.21,1.0,<Residue TYR het=  resseq=39 icode= >,3jtz_A_B,1.3
291,0.0,TYR, ,C,9.3,4.48,1.0,<Residue TYR het=  resseq=39 icode= >,3jtz_A_B,1.3
292,0.0,TYR, ,O,10.21,6.94,1.0,<Residue TYR het=  resseq=39 icode= >,3jtz_A_B,1.3
293,0.0,TYR, ,CB,8.83,5.26,1.0,<Residue TYR het=  resseq=39 icode= >,3jtz_A_B,1.3
294,0.0,TYR, ,CG,9.56,5.52,1.0,<Residue TYR het=  resseq=39 icode= >,3jtz_A_B,1.3
295,0.0,TYR, ,CD1,10.6,4.48,1.0,<Residue TYR het=  resseq=39 icode= >,3jtz_A_B,1.3
296,0.0,TYR, ,CD2,10.37,4.93,1.0,<Residue TYR het=  resseq=39 icode= >,3jtz_A_B,1.3
297,0.0,TYR, ,CE1,12.55,3.89,1.0,<Residue TYR het=  resseq=39 icode= >,3jtz_A_B,1.3
298,6.26,TYR, ,CE2,12.44,3.91,1.0,<Residue TYR het=  resseq=39 icode= >,3jtz_A_B,1.3
299,0.0,TYR, ,CZ,12.24,3.68,1.0,<Residue TYR het=  resseq=39 icode= >,3jtz_A_B,1.3
300,23.981,TYR, ,OH,15.99,4.74,1.0,<Residue TYR het=  resseq=39 icode= >,3jtz_A_B,1.3
301,0.0,LEU, ,N,9.66,6.04,1.0,<Residue LEU het=  resseq=40 icode= >,3jtz_A_B,1.3
302,0.0,LEU, ,CA,10.19,5.07,1.0,<Residue LEU het=  resseq=40 icode= >,3jtz_A_B,1.3
303,0.0,LEU, ,C,10.61,4.76,1.0,<Residue LEU het=  resseq=40 icode= >,3jtz_A_B,1.3
304,0.0,LEU, ,O,10.48,7.60,1.0,<Residue LEU het=  resseq=40 icode= >,3jtz_A_B,1.3
305,0.0,LEU, ,CB,11.77,4.38,1.0,<Residue LEU het=  resseq=40 icode= >,3jtz_A_B,1.3
306,0.315,LEU, ,CG,13.42,4.22,1.0,<Residue LEU het=  resseq=40 icode= >,3jtz_A_B,1.3
307,0.842,LEU, ,CD1,16.66,2.85,1.0,<Residue LEU het=  resseq=40 icode= >,3jtz_A_B,1.3
308,0.687,LEU, ,CD2,17.54,2.56,1.0,<Residue LEU het=  resseq=40 icode= >,3jtz_A_B,1.3
309,0.0,LYS, ,N,11.24,5.38,1.0,<Residue LYS het=  resseq=41 icode= >,3jtz_A_B,1.3
310,0.0,LYS, ,CA,12.17,4.14,1.0,<Residue LYS het=  resseq=41 icode= >,3jtz_A_B,1.3
311,0.89,LYS, ,C,12.97,3.81,1.0,<Residue LYS het=  resseq=41 icode= >,3jtz_A_B,1.3
312,8.298,LYS, ,O,14.08,5.51,1.0,<Residue LYS het=  resseq=41 icode= >,3jtz_A_B,1.3
313,1.62,LYS, ,CB,14.21,3.36,1.0,<Residue LYS het=  resseq=41 icode= >,3jtz_A_B,1.3
314,3.399,LYS, ,CG,15.39,2.60,1.0,<Residue LYS het=  resseq=41 icode= >,3jtz_A_B,1.3
315,6.289,LYS, ,CD,17.72,3.09,1.0,<Residue LYS het=  resseq=41 icode= >,3jtz_A_B,1.3
316,27.967,LYS, ,CE,19.14,2.55,1.0,<Residue LYS het=  resseq=41 icode= >,3jtz_A_B,1.3
317,45.387,LYS, ,NZ,20.14,3.50,1.0,<Residue LYS het=  resseq=41 icode= >,3jtz_A_B,1.3
318,0.063,TYR, ,N,12.94,5.93,1.0,<Residue TYR het=  resseq=42 icode= >,3jtz_A_B,1.3
319,8.449,TYR, ,CA,14.27,3.48,1.0,<Residue TYR het=  resseq=42 icode= >,3jtz_A_B,1.3
320,0.281,TYR, ,C,14.9,4.02,1.0,<Residue TYR het=  resseq=42 icode= >,3jtz_A_B,1.3
321,0.0,TYR, ,O,14.2,6.19,1.0,<Residue TYR het=  resseq=42 icode= >,3jtz_A_B,1.3
322,1.283,TYR, ,CB,14.46,4.09,1.0,<Residue TYR het=  resseq=42 icode= >,3jtz_A_B,1.3
323,0.147,TYR, ,CG,16.04,3.86,1.0,<Residue TYR het=  resseq=42 icode= >,3jtz_A_B,1.3
324,2.061,TYR, ,CD1,18.0,2.88,1.0,<Residue TYR het=  resseq=42 icode= >,3jtz_A_B,1.3
325,0.068,TYR, ,CD2,17.9,3.44,1.0,<Residue TYR het=  resseq=42 icode= >,3jtz_A_B,1.3
326,2.238,TYR, ,CE1,18.08,3.66,1.0,<Residue TYR het=  resseq=42 icode= >,3jtz_A_B,1.3
327,15.473,TYR, ,CE2,19.58,3.00,1.0,<Residue TYR het=  resseq=42 icode= >,3jtz_A_B,1.3
328,4.757,TYR, ,CZ,19.92,2.88,1.0,<Residue TYR het=  resseq=42 icode= >,3jtz_A_B,1.3
329,26.185,TYR, ,OH,22.32,3.02,1.0,<Residue TYR het=  resseq=42 icode= >,3jtz_A_B,1.3
330,5.513,ARG, ,N,16.47,4.34,1.0,<Residue ARG het=  resseq=43 icode= >,3jtz_A_B,1.3
331,0.0,ARG, ,CA,18.12,3.66,1.0,<Residue ARG het=  resseq=43 icode= >,3jtz_A_B,1.3
332,0.255,ARG, ,C,19.08,2.62,1.0,<Residue ARG het=  resseq=43 icode= >,3jtz_A_B,1.3
333,23.558,ARG, ,O,19.73,3.29,1.0,<Residue ARG het=  resseq=43 icode= >,3jtz_A_B,1.3
334,17.034,ARG, ,CB,18.77,3.05,1.0,<Residue ARG het=  resseq=43 icode= >,3jtz_A_B,1.3
335,3.121,ARG, ,CG,21.85,1.18,1.0,<Residue ARG het=  resseq=43 icode= >,3jtz_A_B,1.3
336,33.544,ARG, ,CD,25.18,1.51,1.0,<Residue ARG het=  resseq=43 icode= >,3jtz_A_B,1.3
337,39.676,ARG, ,NE,27.84,1.10,1.0,<Residue ARG het=  resseq=43 icode= >,3jtz_A_B,1.3
338,0.128,ILE, ,N,19.78,3.96,1.0,<Residue ILE het=  resseq=44 icode= >,3jtz_A_B,1.3
339,3.501,ILE, ,CA,21.5,2.68,1.0,<Residue ILE het=  resseq=44 icode= >,3jtz_A_B,1.3
340,0.0,ILE, ,C,21.79,3.16,1.0,<Residue ILE het=  resseq=44 icode= >,3jtz_A_B,1.3
341,1.686,ILE, ,O,21.77,3.76,1.0,<Residue ILE het=  resseq=44 icode= >,3jtz_A_B,1.3
342,7.352,ILE, ,CB,21.79,2.26,1.0,<Residue ILE het=  resseq=44 icode= >,3jtz_A_B,1.3
343,7.942,ILE, ,CG1,23.41,1.43,1.0,<Residue ILE het=  resseq=44 icode= >,3jtz_A_B,1.3
344,41.04,ILE, ,CG2,22.98,1.18,1.0,<Residue ILE het=  resseq=44 icode= >,3jtz_A_B,1.3
345,36.799,ILE, ,CD1,24.7,1.33,1.0,<Residue ILE het=  resseq=44 icode= >,3jtz_A_B,1.3
346,11.127,SER, ,N,22.62,2.27,1.0,<Residue SER het=  resseq=45 icode= >,3jtz_A_B,1.3
347,15.245,SER, ,CA,23.27,1.40,1.0,<Residue SER het=  resseq=45 icode= >,3jtz_A_B,1.3
348,3.965,SER, ,C,22.24,3.14,1.0,<Residue SER het=  resseq=45 icode= >,3jtz_A_B,1.3
349,10.197,SER, ,O,22.86,3.24,1.0,<Residue SER het=  resseq=45 icode= >,3jtz_A_B,1.3
350,43.022,SER, ,CB,23.68,1.37,1.0,<Residue SER het=  resseq=45 icode= >,3jtz_A_B,1.3
351,19.914,SER, ,OG,26.97,0.97,1.0,<Residue SER het=  resseq=45 icode= >,3jtz_A_B,1.3
352,6.896,GLY, ,N,21.18,3.30,1.0,<Residue GLY het=  resseq=46 icode= >,3jtz_A_B,1.3
353,28.052,GLY, ,CA,19.59,2.24,1.0,<Residue GLY het=  resseq=46 icode= >,3jtz_A_B,1.3
354,1.134,GLY, ,C,18.24,3.78,1.0,<Residue GLY het=  resseq=46 icode= >,3jtz_A_B,1.3
355,29.991,GLY, ,O,19.27,3.93,1.0,<Residue GLY het=  resseq=46 icode= >,3jtz_A_B,1.3
356,0.0,LYS, ,N,16.18,4.51,1.0,<Residue LYS het=  resseq=47 icode= >,3jtz_A_B,1.3
357,4.294,LYS, ,CA,14.78,4.27,1.0,<Residue LYS het=  resseq=47 icode= >,3jtz_A_B,1.3
358,0.228,LYS, ,C,13.63,3.88,1.0,<Residue LYS het=  resseq=47 icode= >,3jtz_A_B,1.3
359,2.813,LYS, ,O,14.18,6.36,1.0,<Residue LYS het=  resseq=47 icode= >,3jtz_A_B,1.3
360,15.285,LYS, ,CB,14.77,3.87,1.0,<Residue LYS het=  resseq=47 icode= >,3jtz_A_B,1.3
361,12.479,LYS, ,CG,16.65,3.25,1.0,<Residue LYS het=  resseq=47 icode= >,3jtz_A_B,1.3
362,33.177,LYS, ,CD,19.94,2.93,1.0,<Residue LYS het=  resseq=47 icode= >,3jtz_A_B,1.3
363,47.729,LYS, ,CE,22.31,1.54,1.0,<Residue LYS het=  resseq=47 icode= >,3jtz_A_B,1.3
364,35.207,LYS, ,NZ,25.17,1.35,1.0,<Residue LYS het=  resseq=47 icode= >,3jtz_A_B,1.3
365,7.455,GLU, ,N,11.84,5.73,1.0,<Residue GLU het=  resseq=48 icode= >,3jtz_A_B,1.3
366,0.0,GLU, ,CA,11.88,4.37,1.0,<Residue GLU het=  resseq=48 icode= >,3jtz_A_B,1.3
367,0.088,GLU, ,C,11.48,4.51,1.0,<Residue GLU het=  resseq=48 icode= >,3jtz_A_B,1.3
368,25.339,GLU, ,O,10.71,6.74,1.0,<Residue GLU het=  resseq=48 icode= >,3jtz_A_B,1.3
369,16.412,GLU, ,CB,12.36,4.14,1.0,<Residue GLU het=  resseq=48 icode= >,3jtz_A_B,1.3
370,1.862,GLU, ,CG,14.48,3.15,1.0,<Residue GLU het=  resseq=48 icode= >,3jtz_A_B,1.3
371,4.459,GLU, ,CD,16.89,3.97,1.0,<Residue GLU het=  resseq=48 icode= >,3jtz_A_B,1.3
372,27.002,GLU, ,OE1,18.61,4.68,1.0,<Residue GLU het=  resseq=48 icode= >,3jtz_A_B,1.3
373,29.235,GLU, ,OE2,20.21,3.43,1.0,<Residue GLU het=  resseq=48 icode= >,3jtz_A_B,1.3
374,0.404,SER, ,N,11.43,4.73,1.0,<Residue SER het=  resseq=49 icode= >,3jtz_A_B,1.3
375,8.557,SER, ,CA,11.78,3.91,1.0,<Residue SER het=  resseq=49 icode= >,3jtz_A_B,1.3
376,1.475,SER, ,C,11.55,3.98,1.0,<Residue SER het=  resseq=49 icode= >,3jtz_A_B,1.3
377,0.0,SER, ,O,11.76,6.31,1.0,<Residue SER het=  resseq=49 icode= >,3jtz_A_B,1.3
378,14.783,SER, ,CB,12.59,3.75,1.0,<Residue SER het=  resseq=49 icode= >,3jtz_A_B,1.3
379,31.929,SER, ,OG,14.13,5.03,1.0,<Residue SER het=  resseq=49 icode= >,3jtz_A_B,1.3
380,2.54,ARG, ,N,11.59,5.28,1.0,<Residue ARG het=  resseq=50 icode= >,3jtz_A_B,1.3
381,0.0,ARG, ,CA,12.15,4.44,1.0,<Residue ARG het=  resseq=50 icode= >,3jtz_A_B,1.3
382,0.0,ARG, ,C,12.25,4.70,1.0,<Residue ARG het=  resseq=50 icode= >,3jtz_A_B,1.3
383,15.597,ARG, ,O,13.43,5.70,1.0,<Residue ARG het=  resseq=50 icode= >,3jtz_A_B,1.3
384,3.143,ARG, ,CB,12.86,3.99,1.0,<Residue ARG het=  resseq=50 icode= >,3jtz_A_B,1.3
385,8.891,ARG, ,CG,15.23,4.00,1.0,<Residue ARG het=  resseq=50 icode= >,3jtz_A_B,1.3
386,11.19,ARG, ,CD,19.22,2.49,1.0,<Residue ARG het=  resseq=50 icode= >,3jtz_A_B,1.3
387,11.55,ARG, ,NE,21.27,3.59,1.0,<Residue ARG het=  resseq=50 icode= >,3jtz_A_B,1.3
388,4.37,ARG, ,CZ,23.82,2.38,1.0,<Residue ARG het=  resseq=50 icode= >,3jtz_A_B,1.3
389,13.268,ARG, ,NH1,25.64,2.31,1.0,<Residue ARG het=  resseq=50 icode= >,3jtz_A_B,1.3
390,44.817,ARG, ,NH2,25.53,2.10,1.0,<Residue ARG het=  resseq=50 icode= >,3jtz_A_B,1.3
391,0.0,ILE, ,N,11.79,5.14,1.0,<Residue ILE het=  resseq=51 icode= >,3jtz_A_B,1.3
392,2.376,ILE, ,CA,12.73,3.96,1.0,<Residue ILE het=  resseq=51 icode= >,3jtz_A_B,1.3
393,0.0,ILE, ,C,11.32,5.37,1.0,<Residue ILE het=  resseq=51 icode= >,3jtz_A_B,1.3
394,0.0,ILE, ,O,11.2,7.42,1.0,<Residue ILE het=  resseq=51 icode= >,3jtz_A_B,1.3
395,3.69,ILE, ,CB,13.95,3.40,1.0,<Residue ILE het=  resseq=51 icode= >,3jtz_A_B,1.3
396,0.078,ILE, ,CG1,13.21,4.38,1.0,<Residue ILE het=  resseq=51 icode= >,3jtz_A_B,1.3
397,37.86,ILE, ,CG2,16.29,1.49,1.0,<Residue ILE het=  resseq=51 icode= >,3jtz_A_B,1.3
398,28.247,ILE, ,CD1,18.7,1.16,1.0,<Residue ILE het=  resseq=51 icode= >,3jtz_A_B,1.3
399,5.596,ALA, ,N,10.77,6.55,1.0,<Residue ALA het=  resseq=52 icode= >,3jtz_A_B,1.3
400,0.0,ALA, ,CA,9.76,4.53,1.0,<Residue ALA het=  resseq=52 icode= >,3jtz_A_B,1.3
401,0.332,ALA, ,C,9.78,5.03,1.0,<Residue ALA het=  resseq=52 icode= >,3jtz_A_B,1.3
402,19.642,ALA, ,O,10.45,7.16,1.0,<Residue ALA het=  resseq=52 icode= >,3jtz_A_B,1.3
403,33.594,ALA, ,CB,10.43,4.44,1.0,<Residue ALA het=  resseq=52 icode= >,3jtz_A_B,1.3
404,0.0,LEU, ,N,9.31,7.37,1.0,<Residue LEU het=  resseq=53 icode= >,3jtz_A_B,1.3
405,2.574,LEU, ,CA,9.64,4.66,1.0,<Residue LEU het=  resseq=53 icode= >,3jtz_A_B,1.3
406,4.179,LEU, ,C,10.32,4.80,1.0,<Residue LEU het=  resseq=53 icode= >,3jtz_A_B,1.3
407,6.2,LEU, ,O,11.54,6.25,1.0,<Residue LEU het=  resseq=53 icode= >,3jtz_A_B,1.3
408,0.0,LEU, ,CB,10.22,4.87,1.0,<Residue LEU het=  resseq=53 icode= >,3jtz_A_B,1.3
409,0.0,LEU, ,CG,10.27,5.28,1.0,<Residue LEU het=  resseq=53 icode= >,3jtz_A_B,1.3
410,0.0,LEU, ,CD1,11.48,4.52,1.0,<Residue LEU het=  resseq=53 icode= >,3jtz_A_B,1.3
411,3.874,LEU, ,CD2,10.93,4.47,1.0,<Residue LEU het=  resseq=53 icode= >,3jtz_A_B,1.3
412,0.875,GLY, ,N,9.36,6.77,1.0,<Residue GLY het=  resseq=54 icode= >,3jtz_A_B,1.3
413,17.413,GLY, ,CA,9.74,4.98,1.0,<Residue GLY het=  resseq=54 icode= >,3jtz_A_B,1.3
414,0.0,GLY, ,C,9.43,5.47,1.0,<Residue GLY het=  resseq=54 icode= >,3jtz_A_B,1.3
415,0.0,GLY, ,O,9.88,7.43,1.0,<Residue GLY het=  resseq=54 icode= >,3jtz_A_B,1.3
416,4.278,ALA, ,N,8.8,6.91,1.0,<Residue ALA het=  resseq=55 icode= >,3jtz_A_B,1.3
417,0.0,ALA, ,CA,9.56,5.55,1.0,<Residue ALA het=  resseq=55 icode= >,3jtz_A_B,1.3
418,0.0,ALA, ,C,9.81,5.06,1.0,<Residue ALA het=  resseq=55 icode= >,3jtz_A_B,1.3
419,0.0,ALA, ,O,10.13,6.95,1.0,<Residue ALA het=  resseq=55 icode= >,3jtz_A_B,1.3
420,42.982,ALA, ,CB,10.19,4.15,1.0,<Residue ALA het=  resseq=55 icode= >,3jtz_A_B,1.3
421,0.0,TYR, ,N,9.28,7.25,1.0,<Residue TYR het=  resseq=56 icode= >,3jtz_A_B,1.3
422,0.0,TYR, ,CA,9.88,5.02,1.0,<Residue TYR het=  resseq=56 icode= >,3jtz_A_B,1.3
423,0.36,TYR, ,C,10.69,4.42,1.0,<Residue TYR het=  resseq=56 icode= >,3jtz_A_B,1.3
424,8.469,TYR, ,O,11.91,6.82,1.0,<Residue TYR het=  resseq=56 icode= >,3jtz_A_B,1.3
425,0.0,TYR, ,CB,9.49,6.05,1.0,<Residue TYR het=  resseq=56 icode= >,3jtz_A_B,1.3
426,0.0,TYR, ,CG,10.48,4.90,1.0,<Residue TYR het=  resseq=56 icode= >,3jtz_A_B,1.3
427,0.0,TYR, ,CD1,11.37,5.03,1.0,<Residue TYR het=  resseq=56 icode= >,3jtz_A_B,1.3
428,0.0,TYR, ,CD2,11.73,4.45,1.0,<Residue TYR het=  resseq=56 icode= >,3jtz_A_B,1.3
429,1.432,TYR, ,CE1,12.49,4.77,1.0,<Residue TYR het=  resseq=56 icode= >,3jtz_A_B,1.3
430,0.0,TYR, ,CE2,13.23,4.14,1.0,<Residue TYR het=  resseq=56 icode= >,3jtz_A_B,1.3
431,0.0,TYR, ,CZ,13.27,4.79,1.0,<Residue TYR het=  resseq=56 icode= >,3jtz_A_B,1.3
432,0.0,TYR, ,OH,16.46,5.18,1.0,<Residue TYR het=  resseq=56 icode= >,3jtz_A_B,1.3
433,0.0,PRO, ,N,11.35,5.44,1.0,<Residue PRO het=  resseq=57 icode= >,3jtz_A_B,1.3
434,0.0,PRO, ,CA,11.38,4.63,1.0,<Residue PRO het=  resseq=57 icode= >,3jtz_A_B,1.3
435,0.641,PRO, ,C,11.52,4.90,1.0,<Residue PRO het=  resseq=57 icode= >,3jtz_A_B,1.3
436,11.776,PRO, ,O,12.55,5.93,1.0,<Residue PRO het=  resseq=57 icode= >,3jtz_A_B,1.3
437,8.59,PRO, ,CB,12.19,3.72,1.0,<Residue PRO het=  resseq=57 icode= >,3jtz_A_B,1.3
438,32.506,PRO, ,CG,13.13,3.69,1.0,<Residue PRO het=  resseq=57 icode= >,3jtz_A_B,1.3
439,18.85,PRO, ,CD,11.35,3.68,1.0,<Residue PRO het=  resseq=57 icode= >,3jtz_A_B,1.3
440,1.631,ALA, ,N,11.23,5.72,1.0,<Residue ALA het=  resseq=58 icode= >,3jtz_A_B,1.3
441,13.174,ALA, ,CA,11.64,4.46,1.0,<Residue ALA het=  resseq=58 icode= >,3jtz_A_B,1.3
442,0.0,ALA, ,C,11.56,4.12,1.0,<Residue ALA het=  resseq=58 icode= >,3jtz_A_B,1.3
443,21.959,ALA, ,O,11.8,7.18,1.0,<Residue ALA het=  resseq=58 icode= >,3jtz_A_B,1.3
444,51.383,ALA, ,CB,12.54,4.07,1.0,<Residue ALA het=  resseq=58 icode= >,3jtz_A_B,1.3
445,0.0,ILE, ,N,10.38,6.52,1.0,<Residue ILE het=  resseq=59 icode= >,3jtz_A_B,1.3
446,0.0,ILE, ,CA,10.95,4.42,1.0,<Residue ILE het=  resseq=59 icode= >,3jtz_A_B,1.3
447,0.0,ILE, ,C,10.47,4.74,1.0,<Residue ILE het=  resseq=59 icode= >,3jtz_A_B,1.3
448,0.0,ILE, ,O,10.22,6.91,1.0,<Residue ILE het=  resseq=59 icode= >,3jtz_A_B,1.3
449,0.0,ILE, ,CB,10.59,4.62,1.0,<Residue ILE het=  resseq=59 icode= >,3jtz_A_B,1.3
450,4.76,ILE, ,CG1,12.42,4.35,1.0,<Residue ILE het=  resseq=59 icode= >,3jtz_A_B,1.3
451,0.0,ILE, ,CG2,11.97,4.03,1.0,<Residue ILE het=  resseq=59 icode= >,3jtz_A_B,1.3
452,40.001,ILE, ,CD1,17.18,1.73,1.0,<Residue ILE het=  resseq=59 icode= >,3jtz_A_B,1.3
453,0.005,SER, ,N,9.96,6.55,1.0,<Residue SER het=  resseq=60 icode= >,3jtz_A_B,1.3
454,0.569,SER, ,CA,10.52,4.25,1.0,<Residue SER het=  resseq=60 icode= >,3jtz_A_B,1.3
455,0.0,SER, ,C,9.91,5.19,1.0,<Residue SER het=  resseq=60 icode= >,3jtz_A_B,1.3
456,0.0,SER, ,O,9.28,8.26,1.0,<Residue SER het=  resseq=60 icode= >,3jtz_A_B,1.3
457,36.814,SER, ,CB,10.73,4.34,1.0,<Residue SER het=  resseq=60 icode= >,3jtz_A_B,1.3
458,3.15,SER, ,OG,11.91,5.75,1.0,<Residue SER het=  resseq=60 icode= >,3jtz_A_B,1.3
459,0.725,LEU, ,N,10.43,6.04,1.0,<Residue LEU het=  resseq=61 icode= >,3jtz_A_B,1.3
460,0.0,LEU, ,CA,10.99,4.26,1.0,<Residue LEU het=  resseq=61 icode= >,3jtz_A_B,1.3
461,0.0,LEU, ,C,11.2,4.05,1.0,<Residue LEU het=  resseq=61 icode= >,3jtz_A_B,1.3
462,0.0,LEU, ,O,10.93,7.49,1.0,<Residue LEU het=  resseq=61 icode= >,3jtz_A_B,1.3
463,4.137,LEU, ,CB,11.47,4.29,1.0,<Residue LEU het=  resseq=61 icode= >,3jtz_A_B,1.3
464,0.067,LEU, ,CG,12.26,3.96,1.0,<Residue LEU het=  resseq=61 icode= >,3jtz_A_B,1.3
465,0.0,LEU, ,CD1,12.26,4.75,1.0,<Residue LEU het=  resseq=61 icode= >,3jtz_A_B,1.3
466,8.118,LEU, ,CD2,13.67,3.49,1.0,<Residue LEU het=  resseq=61 icode= >,3jtz_A_B,1.3
467,0.737,SER, ,N,11.58,5.15,1.0,<Residue SER het=  resseq=62 icode= >,3jtz_A_B,1.3
468,2.078,SER, ,CA,12.55,4.49,1.0,<Residue SER het=  resseq=62 icode= >,3jtz_A_B,1.3
469,0.846,SER, ,C,11.55,5.23,1.0,<Residue SER het=  resseq=62 icode= >,3jtz_A_B,1.3
470,0.797,SER, ,O,11.77,6.90,1.0,<Residue SER het=  resseq=62 icode= >,3jtz_A_B,1.3
471,33.893,SER, ,CB,13.21,3.87,1.0,<Residue SER het=  resseq=62 icode= >,3jtz_A_B,1.3
472,36.483,SER, ,OG,19.35,1.76,1.0,<Residue SER het=  resseq=62 icode= >,3jtz_A_B,1.3
473,0.0,ASP, ,N,10.96,5.76,1.0,<Residue ASP het=  resseq=63 icode= >,3jtz_A_B,1.3
474,2.245,ASP, ,CA,11.43,4.45,1.0,<Residue ASP het=  resseq=63 icode= >,3jtz_A_B,1.3
475,0.0,ASP, ,C,10.31,5.41,1.0,<Residue ASP het=  resseq=63 icode= >,3jtz_A_B,1.3
476,0.985,ASP, ,O,10.41,8.15,1.0,<Residue ASP het=  resseq=63 icode= >,3jtz_A_B,1.3
477,6.26,ASP, ,CB,12.74,4.26,1.0,<Residue ASP het=  resseq=63 icode= >,3jtz_A_B,1.3
478,7.66,ASP, ,CG,16.72,2.70,1.0,<Residue ASP het=  resseq=63 icode= >,3jtz_A_B,1.3
479,31.793,ASP, ,OD1,19.3,3.50,1.0,<Residue ASP het=  resseq=63 icode= >,3jtz_A_B,1.3
480,14.466,ASP, ,OD2,20.88,3.20,1.0,<Residue ASP het=  resseq=63 icode= >,3jtz_A_B,1.3
481,0.0,ALA, ,N,9.6,6.28,1.0,<Residue ALA het=  resseq=64 icode= >,3jtz_A_B,1.3
482,0.0,ALA, ,CA,8.9,5.28,1.0,<Residue ALA het=  resseq=64 icode= >,3jtz_A_B,1.3
483,0.0,ALA, ,C,8.87,5.03,1.0,<Residue ALA het=  resseq=64 icode= >,3jtz_A_B,1.3
484,0.0,ALA, ,O,8.37,8.95,1.0,<Residue ALA het=  resseq=64 icode= >,3jtz_A_B,1.3
485,0.0,ALA, ,CB,9.21,4.65,1.0,<Residue ALA het=  resseq=64 icode= >,3jtz_A_B,1.3
486,0.0,ARG, ,N,8.83,6.55,1.0,<Residue ARG het=  resseq=65 icode= >,3jtz_A_B,1.3
487,0.0,ARG, ,CA,9.82,5.05,1.0,<Residue ARG het=  resseq=65 icode= >,3jtz_A_B,1.3
488,0.125,ARG, ,C,9.15,5.09,1.0,<Residue ARG het=  resseq=65 icode= >,3jtz_A_B,1.3
489,0.0,ARG, ,O,9.33,8.24,1.0,<Residue ARG het=  resseq=65 icode= >,3jtz_A_B,1.3
490,7.864,ARG, ,CB,10.05,4.73,1.0,<Residue ARG het=  resseq=65 icode= >,3jtz_A_B,1.3
491,0.0,ARG, ,CG,10.96,4.77,1.0,<Residue ARG het=  resseq=65 icode= >,3jtz_A_B,1.3
492,13.129,ARG, ,CD,12.02,4.81,1.0,<Residue ARG het=  resseq=65 icode= >,3jtz_A_B,1.3
493,1.997,ARG, ,NE,13.51,4.97,1.0,<Residue ARG het=  resseq=65 icode= >,3jtz_A_B,1.3
494,4.32,ARG, ,CZ,13.3,4.41,1.0,<Residue ARG het=  resseq=65 icode= >,3jtz_A_B,1.3
495,35.348,ARG, ,NH1,16.88,3.89,1.0,<Residue ARG het=  resseq=65 icode= >,3jtz_A_B,1.3
496,9.984,ARG, ,NH2,15.86,4.63,1.0,<Residue ARG het=  resseq=65 icode= >,3jtz_A_B,1.3
497,0.0,GLN, ,N,9.19,5.90,1.0,<Residue GLN het=  resseq=66 icode= >,3jtz_A_B,1.3
498,0.0,GLN, ,CA,9.45,5.25,1.0,<Residue GLN het=  resseq=66 icode= >,3jtz_A_B,1.3
499,1.592,GLN, ,C,9.38,4.52,1.0,<Residue GLN het=  resseq=66 icode= >,3jtz_A_B,1.3
500,5.337,GLN, ,O,8.6,8.33,1.0,<Residue GLN het=  resseq=66 icode= >,3jtz_A_B,1.3
501,17.064,GLN, ,CB,10.96,4.58,1.0,<Residue GLN het=  resseq=66 icode= >,3jtz_A_B,1.3
502,22.651,GLN, ,CG,13.79,4.06,1.0,<Residue GLN het=  resseq=66 icode= >,3jtz_A_B,1.3
503,5.677,GLN, ,CD,18.04,2.93,1.0,<Residue GLN het=  resseq=66 icode= >,3jtz_A_B,1.3
504,37.9,GLN, ,OE1,22.33,2.46,1.0,<Residue GLN het=  resseq=66 icode= >,3jtz_A_B,1.3
505,39.634,GLN, ,NE2,15.94,4.42,1.0,<Residue GLN het=  resseq=66 icode= >,3jtz_A_B,1.3
506,0.182,GLN, ,N,8.87,6.01,1.0,<Residue GLN het=  resseq=67 icode= >,3jtz_A_B,1.3
507,8.283,GLN, ,CA,8.85,4.85,1.0,<Residue GLN het=  resseq=67 icode= >,3jtz_A_B,1.3
508,0.0,GLN, ,C,8.31,5.09,1.0,<Residue GLN het=  resseq=67 icode= >,3jtz_A_B,1.3
509,0.88,GLN, ,O,8.62,7.51,1.0,<Residue GLN het=  resseq=67 icode= >,3jtz_A_B,1.3
510,1.267,GLN, ,CB,8.51,4.97,1.0,<Residue GLN het=  resseq=67 icode= >,3jtz_A_B,1.3
511,23.171,GLN, ,CG,10.18,4.65,1.0,<Residue GLN het=  resseq=67 icode= >,3jtz_A_B,1.3
512,6.067,GLN, ,CD,11.02,5.36,1.0,<Residue GLN het=  resseq=67 icode= >,3jtz_A_B,1.3
513,17.8,GLN, ,OE1,10.67,7.90,1.0,<Residue GLN het=  resseq=67 icode= >,3jtz_A_B,1.3
514,5.374,GLN, ,NE2,13.51,4.21,1.0,<Residue GLN het=  resseq=67 icode= >,3jtz_A_B,1.3
515,0.0,ARG, ,N,8.65,6.42,1.0,<Residue ARG het=  resseq=68 icode= >,3jtz_A_B,1.3
516,0.0,ARG, ,CA,8.7,4.66,1.0,<Residue ARG het=  resseq=68 icode= >,3jtz_A_B,1.3
517,0.0,ARG, ,C,9.06,4.62,1.0,<Residue ARG het=  resseq=68 icode= >,3jtz_A_B,1.3
518,0.0,ARG, ,O,9.66,7.66,1.0,<Residue ARG het=  resseq=68 icode= >,3jtz_A_B,1.3
519,0.0,ARG, ,CB,8.99,4.67,1.0,<Residue ARG het=  resseq=68 icode= >,3jtz_A_B,1.3
520,0.0,ARG, ,CG,9.77,4.74,1.0,<Residue ARG het=  resseq=68 icode= >,3jtz_A_B,1.3
521,0.0,ARG, ,CD,12.02,4.52,1.0,<Residue ARG het=  resseq=68 icode= >,3jtz_A_B,1.3
522,0.0,ARG, ,NE,12.92,5.14,1.0,<Residue ARG het=  resseq=68 icode= >,3jtz_A_B,1.3
523,0.0,ARG, ,CZ,14.48,3.75,1.0,<Residue ARG het=  resseq=68 icode= >,3jtz_A_B,1.3
524,0.0,ARG, ,NH1,14.9,4.34,1.0,<Residue ARG het=  resseq=68 icode= >,3jtz_A_B,1.3
525,19.233,ARG, ,NH2,16.48,4.57,1.0,<Residue ARG het=  resseq=68 icode= >,3jtz_A_B,1.3
526,0.0,GLU, ,N,9.6,6.02,1.0,<Residue GLU het=  resseq=69 icode= >,3jtz_A_B,1.3
527,0.0,GLU, ,CA,10.43,4.72,1.0,<Residue GLU het=  resseq=69 icode= >,3jtz_A_B,1.3
528,0.0,GLU, ,C,9.95,5.27,1.0,<Residue GLU het=  resseq=69 icode= >,3jtz_A_B,1.3
529,0.277,GLU, ,O,10.74,6.67,1.0,<Residue GLU het=  resseq=69 icode= >,3jtz_A_B,1.3
530,5.627,GLU, ,CB,11.29,4.38,1.0,<Residue GLU het=  resseq=69 icode= >,3jtz_A_B,1.3
531,17.252,GLU, ,CG,15.26,2.98,1.0,<Residue GLU het=  resseq=69 icode= >,3jtz_A_B,1.3
532,5.616,GLU, ,CD,18.36,3.05,1.0,<Residue GLU het=  resseq=69 icode= >,3jtz_A_B,1.3
533,0.241,GLU, ,OE1,20.09,3.92,1.0,<Residue GLU het=  resseq=69 icode= >,3jtz_A_B,1.3
534,22.592,GLU, ,OE2,21.07,3.16,1.0,<Residue GLU het=  resseq=69 icode= >,3jtz_A_B,1.3
535,1.167,GLY, ,N,9.03,6.81,1.0,<Residue GLY het=  resseq=70 icode= >,3jtz_A_B,1.3
536,30.07,GLY, ,CA,8.79,5.07,1.0,<Residue GLY het=  resseq=70 icode= >,3jtz_A_B,1.3
537,4.513,GLY, ,C,8.42,4.48,1.0,<Residue GLY het=  resseq=70 icode= >,3jtz_A_B,1.3
538,3.646,GLY, ,O,9.31,7.40,1.0,<Residue GLY het=  resseq=70 icode= >,3jtz_A_B,1.3
539,0.39,ILE, ,N,9.13,6.32,1.0,<Residue ILE het=  resseq=71 icode= >,3jtz_A_B,1.3
540,1.688,ILE, ,CA,9.55,4.00,1.0,<Residue ILE het=  resseq=71 icode= >,3jtz_A_B,1.3
541,0.0,ILE, ,C,9.9,4.66,1.0,<Residue ILE het=  resseq=71 icode= >,3jtz_A_B,1.3
542,0.0,ILE, ,O,10.27,7.45,1.0,<Residue ILE het=  resseq=71 icode= >,3jtz_A_B,1.3
543,0.0,ILE, ,CB,9.87,4.80,1.0,<Residue ILE het=  resseq=71 icode= >,3jtz_A_B,1.3
544,21.648,ILE, ,CG1,10.38,4.49,1.0,<Residue ILE het=  resseq=71 icode= >,3jtz_A_B,1.3
545,6.4,ILE, ,CG2,11.45,4.73,1.0,<Residue ILE het=  resseq=71 icode= >,3jtz_A_B,1.3
546,5.617,ILE, ,CD1,11.08,4.69,1.0,<Residue ILE het=  resseq=71 icode= >,3jtz_A_B,1.3
547,0.0,ARG, ,N,10.13,6.23,1.0,<Residue ARG het=  resseq=72 icode= >,3jtz_A_B,1.3
548,0.772,ARG, ,CA,11.07,3.99,1.0,<Residue ARG het=  resseq=72 icode= >,3jtz_A_B,1.3
549,1.407,ARG, ,C,10.67,3.89,1.0,<Residue ARG het=  resseq=72 icode= >,3jtz_A_B,1.3
550,6.182,ARG, ,O,11.53,7.11,1.0,<Residue ARG het=  resseq=72 icode= >,3jtz_A_B,1.3
551,9.816,ARG, ,CB,11.29,4.50,1.0,<Residue ARG het=  resseq=72 icode= >,3jtz_A_B,1.3
552,8.737,ARG, ,CG,13.41,3.89,1.0,<Residue ARG het=  resseq=72 icode= >,3jtz_A_B,1.3
553,0.226,ARG, ,CD,16.88,3.32,1.0,<Residue ARG het=  resseq=72 icode= >,3jtz_A_B,1.3
554,8.402,ARG, ,NE,20.79,3.74,1.0,<Residue ARG het=  resseq=72 icode= >,3jtz_A_B,1.3
555,2.795,ARG, ,CZ,22.89,2.90,1.0,<Residue ARG het=  resseq=72 icode= >,3jtz_A_B,1.3
556,40.7,ARG, ,NH1,25.7,1.60,1.0,<Residue ARG het=  resseq=72 icode= >,3jtz_A_B,1.3
557,10.757,ARG, ,NH2,24.87,1.67,1.0,<Residue ARG het=  resseq=72 icode= >,3jtz_A_B,1.3
558,0.0,LYS, ,N,10.03,6.26,1.0,<Residue LYS het=  resseq=73 icode= >,3jtz_A_B,1.3
559,4.461,LYS, ,CA,10.51,4.55,1.0,<Residue LYS het=  resseq=73 icode= >,3jtz_A_B,1.3
560,1.468,LYS, ,C,11.41,3.98,1.0,<Residue LYS het=  resseq=73 icode= >,3jtz_A_B,1.3
561,6.19,LYS, ,O,12.91,6.20,1.0,<Residue LYS het=  resseq=73 icode= >,3jtz_A_B,1.3
562,19.043,LYS, ,CB,10.22,5.16,1.0,<Residue LYS het=  resseq=73 icode= >,3jtz_A_B,1.3
563,17.206,LYS, ,CG,10.12,5.13,1.0,<Residue LYS het=  resseq=73 icode= >,3jtz_A_B,1.3
564,24.799,LYS, ,CD,11.11,4.39,1.0,<Residue LYS het=  resseq=73 icode= >,3jtz_A_B,1.3
565,25.919,LYS, ,CE,12.53,4.92,1.0,<Residue LYS het=  resseq=73 icode= >,3jtz_A_B,1.3
566,45.071,LYS, ,NZ,13.72,4.74,1.0,<Residue LYS het=  resseq=73 icode= >,3jtz_A_B,1.3
567,0.63,MET, ,N,11.11,6.16,1.0,<Residue MET het=  resseq=74 icode= >,3jtz_A_B,1.3
568,3.003,MET, ,CA,13.18,3.68,1.0,<Residue MET het=  resseq=74 icode= >,3jtz_A_B,1.3
569,0.0,MET, ,C,12.94,4.00,1.0,<Residue MET het=  resseq=74 icode= >,3jtz_A_B,1.3
570,0.4,MET, ,O,13.8,6.09,1.0,<Residue MET het=  resseq=74 icode= >,3jtz_A_B,1.3
571,15.072,MET, ,CB,13.25,4.29,1.0,<Residue MET het=  resseq=74 icode= >,3jtz_A_B,1.3
572,28.297,MET, ,CG,17.7,2.08,1.0,<Residue MET het=  resseq=74 icode= >,3jtz_A_B,1.3
573,10.331,MET,x,SD,23.1,3.62,0.7,<Residue MET het=  resseq=74 icode= >,3jtz_A_B,1.3
574,68.302,MET,x,CE,14.99,0.74,0.0,<Residue MET het=  resseq=74 icode= >,3jtz_A_B,1.3
575,0.0,LEU, ,N,13.18,5.09,1.0,<Residue LEU het=  resseq=75 icode= >,3jtz_A_B,1.3
576,1.184,LEU, ,CA,14.04,4.09,1.0,<Residue LEU het=  resseq=75 icode= >,3jtz_A_B,1.3
577,1.407,LEU, ,C,14.94,3.98,1.0,<Residue LEU het=  resseq=75 icode= >,3jtz_A_B,1.3
578,7.929,LEU, ,O,15.54,5.46,1.0,<Residue LEU het=  resseq=75 icode= >,3jtz_A_B,1.3
579,12.52,LEU, ,CB,14.28,3.58,1.0,<Residue LEU het=  resseq=75 icode= >,3jtz_A_B,1.3
580,0.0,LEU, ,CG,14.48,4.02,1.0,<Residue LEU het=  resseq=75 icode= >,3jtz_A_B,1.3
581,14.724,LEU, ,CD1,15.31,3.55,1.0,<Residue LEU het=  resseq=75 icode= >,3jtz_A_B,1.3
582,10.847,LEU, ,CD2,18.02,2.16,1.0,<Residue LEU het=  resseq=75 icode= >,3jtz_A_B,1.3
583,0.319,ALA, ,N,16.02,4.67,1.0,<Residue ALA het=  resseq=76 icode= >,3jtz_A_B,1.3
584,10.262,ALA, ,CA,17.66,2.92,1.0,<Residue ALA het=  resseq=76 icode= >,3jtz_A_B,1.3
585,0.0,ALA, ,C,19.29,3.13,1.0,<Residue ALA het=  resseq=76 icode= >,3jtz_A_B,1.3
586,11.72,ALA, ,O,19.04,4.04,1.0,<Residue ALA het=  resseq=76 icode= >,3jtz_A_B,1.3
587,41.064,ALA, ,CB,17.01,2.73,1.0,<Residue ALA het=  resseq=76 icode= >,3jtz_A_B,1.3
588,0.0,LEU, ,N,21.58,3.34,1.0,<Residue LEU het=  resseq=77 icode= >,3jtz_A_B,1.3
589,4.101,LEU, ,CA,24.44,2.36,1.0,<Residue LEU het=  resseq=77 icode= >,3jtz_A_B,1.3
590,2.932,LEU, ,C,26.31,2.09,1.0,<Residue LEU het=  resseq=77 icode= >,3jtz_A_B,1.3
591,23.394,LEU, ,O,27.97,0.01,1.0,<Residue LEU het=  resseq=77 icode= >,3jtz_A_B,1.3
592,16.965,LEU, ,CB,24.21,2.69,1.0,<Residue LEU het=  resseq=77 icode= >,3jtz_A_B,1.3
593,0.0,LEU, ,CG,24.52,2.45,1.0,<Residue LEU het=  resseq=77 icode= >,3jtz_A_B,1.3
594,51.436,LEU, ,CD1,25.05,1.88,1.0,<Residue LEU het=  resseq=77 icode= >,3jtz_A_B,1.3
595,50.215,LEU, ,CD2,26.02,1.22,1.0,<Residue LEU het=  resseq=77 icode= >,3jtz_A_B,1.3
596,10.851,ASN, ,N,28.26,2.23,1.0,<Residue ASN het=  resseq=78 icode= >,3jtz_A_B,1.3
597,0.204,ASN, ,CA,29.52,0.50,1.0,<Residue ASN het=  resseq=78 icode= >,3jtz_A_B,1.3
598,21.839,ASN, ,C,30.01,0.77,1.0,<Residue ASN het=  resseq=78 icode= >,3jtz_A_B,1.3
599,20.004,ASN, ,O,30.59,1.56,1.0,<Residue ASN het=  resseq=78 icode= >,3jtz_A_B,1.3
600,33.4,ASN, ,CB,30.05,0.76,1.0,<Residue ASN het=  resseq=78 icode= >,3jtz_A_B,1.3
601,7.884,ASN, ,CG,31.15,1.52,1.0,<Residue ASN het=  resseq=78 icode= >,3jtz_A_B,1.3
602,40.573,ASN, ,OD1,33.49,1.31,1.0,<Residue ASN het=  resseq=78 icode= >,3jtz_A_B,1.3
603,37.514,ASN, ,ND2,32.89,-0.04,1.0,<Residue ASN het=  resseq=78 icode= >,3jtz_A_B,1.3
