,ASA,aa,altloc,atom,bfac,d2r,dASA,dens,occ,residue,id,resolu
0,53.008,PHE, ,N,47.1,1000.00,0.0,2.38,1.0,<Residue PHE het=  resseq=9 icode= >,3kmp_A_A,2.7
1,11.741,PHE, ,CA,55.63,1000.00,0.0,3.02,1.0,<Residue PHE het=  resseq=9 icode= >,3kmp_A_A,2.7
2,0.045,PHE, ,C,64.74,1000.00,0.0,3.17,1.0,<Residue PHE het=  resseq=9 icode= >,3kmp_A_A,2.7
3,24.766,PHE, ,O,50.87,1000.00,0.0,2.60,1.0,<Residue PHE het=  resseq=9 icode= >,3kmp_A_A,2.7
4,31.56,PHE, ,CB,48.48,1000.00,0.0,1.73,1.0,<Residue PHE het=  resseq=9 icode= >,3kmp_A_A,2.7
5,2.328,PHE, ,CG,52.65,1000.00,0.0,2.93,1.0,<Residue PHE het=  resseq=9 icode= >,3kmp_A_A,2.7
6,17.536,PHE, ,CD1,56.3,1000.00,0.0,2.09,1.0,<Residue PHE het=  resseq=9 icode= >,3kmp_A_A,2.7
7,22.257,PHE, ,CD2,76.23,1000.00,0.0,1.68,1.0,<Residue PHE het=  resseq=9 icode= >,3kmp_A_A,2.7
8,22.045,PHE, ,CE1,53.14,1000.00,0.0,1.68,1.0,<Residue PHE het=  resseq=9 icode= >,3kmp_A_A,2.7
9,27.597,PHE, ,CE2,42.79,1000.00,0.0,2.27,1.0,<Residue PHE het=  resseq=9 icode= >,3kmp_A_A,2.7
10,20.042,PHE, ,CZ,47.6,1000.00,0.0,2.63,1.0,<Residue PHE het=  resseq=9 icode= >,3kmp_A_A,2.7
11,2.28,THR, ,N,67.36,1000.00,0.0,2.40,1.0,<Residue THR het=  resseq=10 icode= >,3kmp_A_A,2.7
12,3.326,THR, ,CA,58.08,1000.00,0.0,2.88,1.0,<Residue THR het=  resseq=10 icode= >,3kmp_A_A,2.7
13,0.0,THR, ,C,55.74,1000.00,0.0,3.02,1.0,<Residue THR het=  resseq=10 icode= >,3kmp_A_A,2.7
14,0.33,THR, ,O,44.57,1000.00,0.0,2.17,1.0,<Residue THR het=  resseq=10 icode= >,3kmp_A_A,2.7
15,7.973,THR, ,CB,56.8,1000.00,0.0,2.28,1.0,<Residue THR het=  resseq=10 icode= >,3kmp_A_A,2.7
16,28.195,THR, ,OG1,61.11,1000.00,0.0,1.63,1.0,<Residue THR het=  resseq=10 icode= >,3kmp_A_A,2.7
17,8.792,THR, ,CG2,50.32,1000.00,0.0,0.95,1.0,<Residue THR het=  resseq=10 icode= >,3kmp_A_A,2.7
18,4.402,SER, ,N,63.21,1000.00,0.0,2.77,1.0,<Residue SER het=  resseq=11 icode= >,3kmp_A_A,2.7
19,0.324,SER, ,CA,51.25,1000.00,0.0,3.94,1.0,<Residue SER het=  resseq=11 icode= >,3kmp_A_A,2.7
20,0.0,SER, ,C,65.28,1000.00,0.0,3.16,1.0,<Residue SER het=  resseq=11 icode= >,3kmp_A_A,2.7
21,0.0,SER, ,O,54.26,1000.00,0.0,1.62,1.0,<Residue SER het=  resseq=11 icode= >,3kmp_A_A,2.7
22,29.502,SER, ,CB,47.46,1000.00,0.0,2.76,1.0,<Residue SER het=  resseq=11 icode= >,3kmp_A_A,2.7
23,9.917,SER, ,OG,71.25,1000.00,0.0,0.79,1.0,<Residue SER het=  resseq=11 icode= >,3kmp_A_A,2.7
24,0.0,PRO, ,N,70.47,1000.00,0.0,2.65,1.0,<Residue PRO het=  resseq=12 icode= >,3kmp_A_A,2.7
25,0.286,PRO, ,CA,61.66,1000.00,0.0,2.86,1.0,<Residue PRO het=  resseq=12 icode= >,3kmp_A_A,2.7
26,0.0,PRO, ,C,57.71,1000.00,0.0,3.81,1.0,<Residue PRO het=  resseq=12 icode= >,3kmp_A_A,2.7
27,0.388,PRO, ,O,54.58,1000.00,0.0,2.07,1.0,<Residue PRO het=  resseq=12 icode= >,3kmp_A_A,2.7
28,24.522,PRO, ,CB,57.11,1000.00,0.0,1.66,1.0,<Residue PRO het=  resseq=12 icode= >,3kmp_A_A,2.7
29,41.633,PRO, ,CG,47.84,1000.00,0.0,1.91,1.0,<Residue PRO het=  resseq=12 icode= >,3kmp_A_A,2.7
30,16.375,PRO, ,CD,57.39,1000.00,0.0,1.79,1.0,<Residue PRO het=  resseq=12 icode= >,3kmp_A_A,2.7
31,1.047,ALA, ,N,59.13,1000.00,0.0,2.77,1.0,<Residue ALA het=  resseq=13 icode= >,3kmp_A_A,2.7
32,0.0,ALA, ,CA,63.19,1000.00,0.0,2.26,1.0,<Residue ALA het=  resseq=13 icode= >,3kmp_A_A,2.7
33,0.0,ALA, ,C,56.26,1000.00,0.0,3.37,1.0,<Residue ALA het=  resseq=13 icode= >,3kmp_A_A,2.7
34,0.229,ALA, ,O,59.95,1000.00,0.0,1.38,1.0,<Residue ALA het=  resseq=13 icode= >,3kmp_A_A,2.7
35,41.364,ALA, ,CB,48.11,1000.00,0.0,0.93,1.0,<Residue ALA het=  resseq=13 icode= >,3kmp_A_A,2.7
36,0.0,VAL, ,N,42.89,1000.00,0.0,3.11,1.0,<Residue VAL het=  resseq=14 icode= >,3kmp_A_A,2.7
37,0.442,VAL, ,CA,43.92,1000.00,0.0,3.79,1.0,<Residue VAL het=  resseq=14 icode= >,3kmp_A_A,2.7
38,0.0,VAL, ,C,51.66,1000.00,0.0,3.83,1.0,<Residue VAL het=  resseq=14 icode= >,3kmp_A_A,2.7
39,0.0,VAL, ,O,50.57,1000.00,0.0,2.31,1.0,<Residue VAL het=  resseq=14 icode= >,3kmp_A_A,2.7
40,0.027,VAL, ,CB,54.79,1000.00,0.0,2.50,1.0,<Residue VAL het=  resseq=14 icode= >,3kmp_A_A,2.7
41,25.341,VAL, ,CG1,44.69,1000.00,0.0,1.91,1.0,<Residue VAL het=  resseq=14 icode= >,3kmp_A_A,2.7
42,45.082,VAL, ,CG2,44.47,1000.00,0.0,1.01,1.0,<Residue VAL het=  resseq=14 icode= >,3kmp_A_A,2.7
43,0.0,LYS, ,N,55.67,1000.00,0.0,2.77,1.0,<Residue LYS het=  resseq=15 icode= >,3kmp_A_A,2.7
44,0.288,LYS, ,CA,60.65,1000.00,0.0,3.01,1.0,<Residue LYS het=  resseq=15 icode= >,3kmp_A_A,2.7
45,0.045,LYS, ,C,59.32,1000.00,0.0,3.49,1.0,<Residue LYS het=  resseq=15 icode= >,3kmp_A_A,2.7
46,10.07,LYS, ,O,38.02,1000.00,0.0,2.55,1.0,<Residue LYS het=  resseq=15 icode= >,3kmp_A_A,2.7
47,14.166,LYS, ,CB,58.97,1000.00,0.0,2.20,1.0,<Residue LYS het=  resseq=15 icode= >,3kmp_A_A,2.7
48,7.641,LYS, ,CG,94.85,1000.00,0.0,0.32,1.0,<Residue LYS het=  resseq=15 icode= >,3kmp_A_A,2.7
49,30.747,LYS, ,CD,126.69,1000.00,0.0,-0.67,1.0,<Residue LYS het=  resseq=15 icode= >,3kmp_A_A,2.7
50,5.012,LYS, ,CE,139.62,1000.00,0.0,-0.99,1.0,<Residue LYS het=  resseq=15 icode= >,3kmp_A_A,2.7
51,34.82,LYS, ,NZ,139.03,1000.00,0.0,-0.18,1.0,<Residue LYS het=  resseq=15 icode= >,3kmp_A_A,2.7
52,0.0,ARG, ,N,46.23,1000.00,0.0,2.92,1.0,<Residue ARG het=  resseq=16 icode= >,3kmp_A_A,2.7
53,6.899,ARG, ,CA,53.08,1000.00,0.0,2.84,1.0,<Residue ARG het=  resseq=16 icode= >,3kmp_A_A,2.7
54,0.324,ARG, ,C,57.71,1000.00,0.0,3.13,1.0,<Residue ARG het=  resseq=16 icode= >,3kmp_A_A,2.7
55,2.126,ARG, ,O,47.32,1000.00,0.0,1.81,1.0,<Residue ARG het=  resseq=16 icode= >,3kmp_A_A,2.7
56,4.366,ARG, ,CB,41.29,1000.00,0.0,2.44,1.0,<Residue ARG het=  resseq=16 icode= >,3kmp_A_A,2.7
57,23.38,ARG, ,CG,73.9,1000.00,0.0,1.05,1.0,<Residue ARG het=  resseq=16 icode= >,3kmp_A_A,2.7
58,36.725,ARG, ,CD,73.95,1000.00,0.0,1.40,1.0,<Residue ARG het=  resseq=16 icode= >,3kmp_A_A,2.7
59,13.503,ARG, ,NE,72.9,1000.00,0.0,2.03,1.0,<Residue ARG het=  resseq=16 icode= >,3kmp_A_A,2.7
60,4.444,ARG, ,CZ,82.58,1000.00,0.0,1.84,1.0,<Residue ARG het=  resseq=16 icode= >,3kmp_A_A,2.7
61,29.06,ARG, ,NH1,84.98,1000.00,0.0,1.06,1.0,<Residue ARG het=  resseq=16 icode= >,3kmp_A_A,2.7
62,35.695,ARG, ,NH2,73.06,1000.00,0.0,1.76,1.0,<Residue ARG het=  resseq=16 icode= >,3kmp_A_A,2.7
63,0.051,LEU, ,N,38.32,1000.00,0.0,2.97,1.0,<Residue LEU het=  resseq=17 icode= >,3kmp_A_A,2.7
64,0.0,LEU, ,CA,44.47,1000.00,0.0,3.83,1.0,<Residue LEU het=  resseq=17 icode= >,3kmp_A_A,2.7
65,1.209,LEU, ,C,36.59,1000.00,0.0,4.72,1.0,<Residue LEU het=  resseq=17 icode= >,3kmp_A_A,2.7
66,7.222,LEU, ,O,41.5,1000.00,0.0,2.20,1.0,<Residue LEU het=  resseq=17 icode= >,3kmp_A_A,2.7
67,13.347,LEU, ,CB,38.6,1000.00,0.0,2.22,1.0,<Residue LEU het=  resseq=17 icode= >,3kmp_A_A,2.7
68,2.748,LEU, ,CG,55.88,1000.00,0.0,2.28,1.0,<Residue LEU het=  resseq=17 icode= >,3kmp_A_A,2.7
69,50.134,LEU, ,CD1,44.17,1000.00,0.0,0.88,1.0,<Residue LEU het=  resseq=17 icode= >,3kmp_A_A,2.7
70,53.389,LEU, ,CD2,45.02,1000.00,0.0,0.32,1.0,<Residue LEU het=  resseq=17 icode= >,3kmp_A_A,2.7
71,0.0,LEU, ,N,36.1,1000.00,0.0,3.12,1.0,<Residue LEU het=  resseq=18 icode= >,3kmp_A_A,2.7
72,0.205,LEU, ,CA,38.21,1000.00,0.0,3.40,1.0,<Residue LEU het=  resseq=18 icode= >,3kmp_A_A,2.7
73,1.104,LEU, ,C,36.67,1000.00,0.0,4.61,1.0,<Residue LEU het=  resseq=18 icode= >,3kmp_A_A,2.7
74,9.641,LEU, ,O,35.12,1000.00,0.0,3.16,1.0,<Residue LEU het=  resseq=18 icode= >,3kmp_A_A,2.7
75,10.866,LEU, ,CB,42.53,1000.00,0.0,1.97,1.0,<Residue LEU het=  resseq=18 icode= >,3kmp_A_A,2.7
76,0.697,LEU, ,CG,47.91,1000.00,0.0,2.74,1.0,<Residue LEU het=  resseq=18 icode= >,3kmp_A_A,2.7
77,37.757,LEU, ,CD1,34.2,1000.00,0.0,1.51,1.0,<Residue LEU het=  resseq=18 icode= >,3kmp_A_A,2.7
78,36.466,LEU, ,CD2,36.63,1000.00,0.0,1.12,1.0,<Residue LEU het=  resseq=18 icode= >,3kmp_A_A,2.7
79,0.05,GLY, ,N,38.37,1000.00,0.0,3.26,1.0,<Residue GLY het=  resseq=19 icode= >,3kmp_A_A,2.7
80,31.082,GLY, ,CA,53.41,1000.00,0.0,2.30,1.0,<Residue GLY het=  resseq=19 icode= >,3kmp_A_A,2.7
81,2.313,GLY, ,C,58.83,1000.00,0.0,2.82,1.0,<Residue GLY het=  resseq=19 icode= >,3kmp_A_A,2.7
82,27.61,GLY, ,O,71.38,1000.00,0.0,1.05,1.0,<Residue GLY het=  resseq=19 icode= >,3kmp_A_A,2.7
83,0.0,TRP, ,N,53.62,1000.00,0.0,2.50,1.0,<Residue TRP het=  resseq=20 icode= >,3kmp_A_A,2.7
84,3.694,TRP, ,CA,50.94,1000.00,0.0,3.53,1.0,<Residue TRP het=  resseq=20 icode= >,3kmp_A_A,2.7
85,2.389,TRP, ,C,38.38,1000.00,0.0,4.43,1.0,<Residue TRP het=  resseq=20 icode= >,3kmp_A_A,2.7
86,16.296,TRP, ,O,42.34,1000.00,0.0,2.47,1.0,<Residue TRP het=  resseq=20 icode= >,3kmp_A_A,2.7
87,21.474,TRP, ,CB,51.3,1000.00,0.0,1.57,1.0,<Residue TRP het=  resseq=20 icode= >,3kmp_A_A,2.7
88,2.215,TRP, ,CG,66.15,1000.00,0.0,2.07,1.0,<Residue TRP het=  resseq=20 icode= >,3kmp_A_A,2.7
89,6.4,TRP, ,CD1,68.14,1000.00,0.0,1.67,1.0,<Residue TRP het=  resseq=20 icode= >,3kmp_A_A,2.7
90,3.414,TRP, ,CD2,72.5,1000.00,0.0,2.41,1.0,<Residue TRP het=  resseq=20 icode= >,3kmp_A_A,2.7
91,23.796,TRP, ,NE1,68.34,1000.00,0.0,2.37,1.0,<Residue TRP het=  resseq=20 icode= >,3kmp_A_A,2.7
92,6.142,TRP, ,CE2,81.25,1000.00,0.0,2.49,1.0,<Residue TRP het=  resseq=20 icode= >,3kmp_A_A,2.7
93,24.409,TRP, ,CE3,68.28,1000.00,0.0,1.23,1.0,<Residue TRP het=  resseq=20 icode= >,3kmp_A_A,2.7
94,34.1,TRP, ,CZ2,91.45,1000.00,0.0,0.69,1.0,<Residue TRP het=  resseq=20 icode= >,3kmp_A_A,2.7
95,36.129,TRP, ,CZ3,85.36,1000.00,0.0,1.01,1.0,<Residue TRP het=  resseq=20 icode= >,3kmp_A_A,2.7
96,36.03,TRP, ,CH2,89.81,1000.00,0.0,0.97,1.0,<Residue TRP het=  resseq=20 icode= >,3kmp_A_A,2.7
97,0.038,LYS, ,N,43.21,1000.00,0.0,3.05,1.0,<Residue LYS het=  resseq=21 icode= >,3kmp_A_A,2.7
98,8.433,LYS, ,CA,40.67,1000.00,0.0,3.55,1.0,<Residue LYS het=  resseq=21 icode= >,3kmp_A_A,2.7
99,0.0,LYS, ,C,50.29,1000.00,0.0,3.55,1.0,<Residue LYS het=  resseq=21 icode= >,3kmp_A_A,2.7
100,18.324,LYS, ,O,58.03,1000.00,0.0,2.42,1.0,<Residue LYS het=  resseq=21 icode= >,3kmp_A_A,2.7
101,3.616,LYS, ,CB,37.97,1000.00,0.0,2.49,1.0,<Residue LYS het=  resseq=21 icode= >,3kmp_A_A,2.7
102,16.715,LYS, ,CG,40.03,1000.00,0.0,1.95,1.0,<Residue LYS het=  resseq=21 icode= >,3kmp_A_A,2.7
103,18.809,LYS, ,CD,43.85,1000.00,0.0,2.10,1.0,<Residue LYS het=  resseq=21 icode= >,3kmp_A_A,2.7
104,38.867,LYS, ,CE,34.39,1000.00,0.0,2.10,1.0,<Residue LYS het=  resseq=21 icode= >,3kmp_A_A,2.7
105,20.171,LYS, ,NZ,52.26,1000.00,0.0,0.71,1.0,<Residue LYS het=  resseq=21 icode= >,3kmp_A_A,2.7
106,3.949,GLN, ,N,50.26,1000.00,0.0,2.38,1.0,<Residue GLN het=  resseq=22 icode= >,3kmp_A_A,2.7
107,0.587,GLN, ,CA,41.34,1000.00,0.0,3.46,1.0,<Residue GLN het=  resseq=22 icode= >,3kmp_A_A,2.7
108,0.0,GLN, ,C,46.71,1000.00,0.0,3.85,1.0,<Residue GLN het=  resseq=22 icode= >,3kmp_A_A,2.7
109,7.567,GLN, ,O,50.35,1000.00,0.0,1.83,1.0,<Residue GLN het=  resseq=22 icode= >,3kmp_A_A,2.7
110,22.692,GLN, ,CB,49.03,1000.00,0.0,1.31,1.0,<Residue GLN het=  resseq=22 icode= >,3kmp_A_A,2.7
111,34.395,GLN, ,CG,67.48,1000.00,0.0,1.26,1.0,<Residue GLN het=  resseq=22 icode= >,3kmp_A_A,2.7
112,6.622,GLN, ,CD,71.7,1000.00,0.0,2.43,1.0,<Residue GLN het=  resseq=22 icode= >,3kmp_A_A,2.7
113,34.797,GLN, ,OE1,58.49,1000.00,0.0,2.25,1.0,<Residue GLN het=  resseq=22 icode= >,3kmp_A_A,2.7
114,22.638,GLN, ,NE2,66.97,1000.00,0.0,1.43,1.0,<Residue GLN het=  resseq=22 icode= >,3kmp_A_A,2.7
115,7.386,GLY, ,N,34.15,1000.00,0.0,3.01,1.0,<Residue GLY het=  resseq=23 icode= >,3kmp_A_A,2.7
116,7.382,GLY, ,CA,32.69,1000.00,0.0,2.91,1.0,<Residue GLY het=  resseq=23 icode= >,3kmp_A_A,2.7
117,0.996,GLY, ,C,47.06,1000.00,0.0,3.49,1.0,<Residue GLY het=  resseq=23 icode= >,3kmp_A_A,2.7
118,5.635,GLY, ,O,48.81,1000.00,0.0,2.00,1.0,<Residue GLY het=  resseq=23 icode= >,3kmp_A_A,2.7
119,0.03,ASP, ,N,39.48,18.17,0.0,3.41,1.0,<Residue ASP het=  resseq=24 icode= >,3kmp_A_A,2.7
120,8.452,ASP, ,CA,32.73,17.62,0.0,3.24,1.0,<Residue ASP het=  resseq=24 icode= >,3kmp_A_A,2.7
121,0.024,ASP, ,C,54.54,16.41,0.0,3.58,1.0,<Residue ASP het=  resseq=24 icode= >,3kmp_A_A,2.7
122,0.0,ASP, ,O,38.64,15.58,0.0,1.90,1.0,<Residue ASP het=  resseq=24 icode= >,3kmp_A_A,2.7
123,33.576,ASP, ,CB,56.09,17.18,0.0,1.76,1.0,<Residue ASP het=  resseq=24 icode= >,3kmp_A_A,2.7
124,5.863,ASP, ,CG,57.93,16.78,0.0,2.73,1.0,<Residue ASP het=  resseq=24 icode= >,3kmp_A_A,2.7
125,3.76,ASP, ,OD1,76.9,16.92,0.0,0.28,1.0,<Residue ASP het=  resseq=24 icode= >,3kmp_A_A,2.7
126,35.252,ASP, ,OD2,45.76,16.45,0.0,2.76,1.0,<Residue ASP het=  resseq=24 icode= >,3kmp_A_A,2.7
127,2.172,GLU, ,N,33.01,15.44,0.0,3.01,1.0,<Residue GLU het=  resseq=25 icode= >,3kmp_A_A,2.7
128,0.0,GLU, ,CA,51.44,14.47,0.0,2.69,1.0,<Residue GLU het=  resseq=25 icode= >,3kmp_A_A,2.7
129,0.0,GLU, ,C,43.42,14.00,0.0,3.73,1.0,<Residue GLU het=  resseq=25 icode= >,3kmp_A_A,2.7
130,0.971,GLU, ,O,47.38,12.90,0.0,1.86,1.0,<Residue GLU het=  resseq=25 icode= >,3kmp_A_A,2.7
131,17.278,GLU, ,CB,57.87,13.37,0.0,1.21,1.0,<Residue GLU het=  resseq=25 icode= >,3kmp_A_A,2.7
132,39.554,GLU, ,CG,74.11,13.53,0.0,1.49,1.0,<Residue GLU het=  resseq=25 icode= >,3kmp_A_A,2.7
133,8.358,GLU, ,CD,94.06,13.80,0.0,1.41,1.0,<Residue GLU het=  resseq=25 icode= >,3kmp_A_A,2.7
134,25.006,GLU, ,OE1,94.09,13.13,0.0,0.82,1.0,<Residue GLU het=  resseq=25 icode= >,3kmp_A_A,2.7
135,28.77,GLU, ,OE2,98.52,14.80,0.0,0.54,1.0,<Residue GLU het=  resseq=25 icode= >,3kmp_A_A,2.7
136,1.72,GLU, ,N,45.34,13.81,0.0,2.59,1.0,<Residue GLU het=  resseq=26 icode= >,3kmp_A_A,2.7
137,0.0,GLU, ,CA,32.17,13.50,0.0,2.98,1.0,<Residue GLU het=  resseq=26 icode= >,3kmp_A_A,2.7
138,0.064,GLU, ,C,39.12,14.24,0.0,4.27,1.0,<Residue GLU het=  resseq=26 icode= >,3kmp_A_A,2.7
139,0.053,GLU, ,O,41.78,13.40,0.0,2.16,1.0,<Residue GLU het=  resseq=26 icode= >,3kmp_A_A,2.7
140,15.517,GLU, ,CB,39.89,13.33,0.0,2.17,1.0,<Residue GLU het=  resseq=26 icode= >,3kmp_A_A,2.7
141,34.082,GLU, ,CG,32.28,12.93,0.0,2.28,1.0,<Residue GLU het=  resseq=26 icode= >,3kmp_A_A,2.7
142,8.246,GLU, ,CD,64.33,11.46,0.0,2.52,1.0,<Residue GLU het=  resseq=26 icode= >,3kmp_A_A,2.7
143,17.493,GLU, ,OE1,63.34,10.66,0.0,1.30,1.0,<Residue GLU het=  resseq=26 icode= >,3kmp_A_A,2.7
144,15.362,GLU, ,OE2,48.1,11.19,0.0,1.59,1.0,<Residue GLU het=  resseq=26 icode= >,3kmp_A_A,2.7
145,0.293,GLU, ,N,31.77,15.05,0.0,3.84,1.0,<Residue GLU het=  resseq=27 icode= >,3kmp_A_A,2.7
146,4.198,GLU, ,CA,36.59,15.02,0.0,3.77,1.0,<Residue GLU het=  resseq=27 icode= >,3kmp_A_A,2.7
147,0.0,GLU, ,C,43.12,13.90,0.0,4.23,1.0,<Residue GLU het=  resseq=27 icode= >,3kmp_A_A,2.7
148,0.0,GLU, ,O,35.14,13.41,0.0,2.59,1.0,<Residue GLU het=  resseq=27 icode= >,3kmp_A_A,2.7
149,9.175,GLU, ,CB,31.73,16.38,0.0,2.73,1.0,<Residue GLU het=  resseq=27 icode= >,3kmp_A_A,2.7
150,12.384,GLU, ,CG,34.95,16.51,0.0,2.54,1.0,<Residue GLU het=  resseq=27 icode= >,3kmp_A_A,2.7
151,8.577,GLU, ,CD,39.21,17.92,0.0,2.91,1.0,<Residue GLU het=  resseq=27 icode= >,3kmp_A_A,2.7
152,11.364,GLU, ,OE1,57.8,18.76,0.0,1.42,1.0,<Residue GLU het=  resseq=27 icode= >,3kmp_A_A,2.7
153,35.42,GLU, ,OE2,58.99,18.25,0.0,1.42,1.0,<Residue GLU het=  resseq=27 icode= >,3kmp_A_A,2.7
154,0.0,LYS, ,N,32.18,13.66,0.0,3.01,1.0,<Residue LYS het=  resseq=28 icode= >,3kmp_A_A,2.7
155,0.295,LYS, ,CA,41.13,12.68,0.0,3.20,1.0,<Residue LYS het=  resseq=28 icode= >,3kmp_A_A,2.7
156,0.0,LYS, ,C,41.83,11.26,0.0,4.47,1.0,<Residue LYS het=  resseq=28 icode= >,3kmp_A_A,2.7
157,1.735,LYS, ,O,38.41,10.49,0.0,3.07,1.0,<Residue LYS het=  resseq=28 icode= >,3kmp_A_A,2.7
158,6.687,LYS, ,CB,39.66,12.80,0.0,1.60,1.0,<Residue LYS het=  resseq=28 icode= >,3kmp_A_A,2.7
159,9.515,LYS, ,CG,40.79,13.71,0.0,1.55,1.0,<Residue LYS het=  resseq=28 icode= >,3kmp_A_A,2.7
160,13.014,LYS, ,CD,61.27,13.84,0.0,0.98,1.0,<Residue LYS het=  resseq=28 icode= >,3kmp_A_A,2.7
161,19.554,LYS, ,CE,90.58,14.74,0.0,0.02,1.0,<Residue LYS het=  resseq=28 icode= >,3kmp_A_A,2.7
162,34.043,LYS, ,NZ,103.19,15.03,0.0,-0.30,1.0,<Residue LYS het=  resseq=28 icode= >,3kmp_A_A,2.7
163,0.222,TRP, ,N,36.42,11.06,0.0,2.91,1.0,<Residue TRP het=  resseq=29 icode= >,3kmp_A_A,2.7
164,0.168,TRP, ,CA,36.77,9.87,0.0,3.87,1.0,<Residue TRP het=  resseq=29 icode= >,3kmp_A_A,2.7
165,0.0,TRP, ,C,38.82,9.79,0.0,4.68,1.0,<Residue TRP het=  resseq=29 icode= >,3kmp_A_A,2.7
166,0.0,TRP, ,O,34.2,8.81,0.0,2.27,1.0,<Residue TRP het=  resseq=29 icode= >,3kmp_A_A,2.7
167,2.85,TRP, ,CB,32.34,10.13,0.0,2.25,1.0,<Residue TRP het=  resseq=29 icode= >,3kmp_A_A,2.7
168,0.0,TRP, ,CG,33.74,9.08,0.0,3.44,1.0,<Residue TRP het=  resseq=29 icode= >,3kmp_A_A,2.7
169,4.757,TRP, ,CD1,32.86,8.06,0.0,2.58,1.0,<Residue TRP het=  resseq=29 icode= >,3kmp_A_A,2.7
170,0.0,TRP, ,CD2,41.53,9.14,0.0,3.21,1.0,<Residue TRP het=  resseq=29 icode= >,3kmp_A_A,2.7
171,0.0,TRP, ,NE1,40.1,7.43,0.0,2.85,1.0,<Residue TRP het=  resseq=29 icode= >,3kmp_A_A,2.7
172,0.0,TRP, ,CE2,39.58,8.15,0.0,3.90,1.0,<Residue TRP het=  resseq=29 icode= >,3kmp_A_A,2.7
173,0.132,TRP, ,CE3,37.25,10.14,0.0,2.25,1.0,<Residue TRP het=  resseq=29 icode= >,3kmp_A_A,2.7
174,0.987,TRP, ,CZ2,47.5,8.24,0.0,2.65,1.0,<Residue TRP het=  resseq=29 icode= >,3kmp_A_A,2.7
175,9.508,TRP, ,CZ3,32.53,10.21,0.0,2.72,1.0,<Residue TRP het=  resseq=29 icode= >,3kmp_A_A,2.7
176,5.517,TRP, ,CH2,43.55,9.31,0.0,1.98,1.0,<Residue TRP het=  resseq=29 icode= >,3kmp_A_A,2.7
177,0.0,ALA, ,N,36.16,10.99,0.0,2.72,1.0,<Residue ALA het=  resseq=30 icode= >,3kmp_A_A,2.7
178,0.0,ALA, ,CA,42.08,11.31,0.0,2.92,1.0,<Residue ALA het=  resseq=30 icode= >,3kmp_A_A,2.7
179,0.803,ALA, ,C,35.27,10.98,0.0,4.13,1.0,<Residue ALA het=  resseq=30 icode= >,3kmp_A_A,2.7
180,0.0,ALA, ,O,34.84,10.51,0.0,2.39,1.0,<Residue ALA het=  resseq=30 icode= >,3kmp_A_A,2.7
181,23.003,ALA, ,CB,32.02,12.81,0.0,1.78,1.0,<Residue ALA het=  resseq=30 icode= >,3kmp_A_A,2.7
182,0.026,GLU, ,N,32.77,11.23,0.0,3.58,1.0,<Residue GLU het=  resseq=31 icode= >,3kmp_A_A,2.7
183,4.565,GLU, ,CA,42.24,11.07,0.0,3.71,1.0,<Residue GLU het=  resseq=31 icode= >,3kmp_A_A,2.7
184,1.248,GLU, ,C,35.81,9.59,0.0,4.19,1.0,<Residue GLU het=  resseq=31 icode= >,3kmp_A_A,2.7
185,2.767,GLU, ,O,37.45,9.21,0.0,2.65,1.0,<Residue GLU het=  resseq=31 icode= >,3kmp_A_A,2.7
186,16.487,GLU, ,CB,41.28,11.90,0.0,1.88,1.0,<Residue GLU het=  resseq=31 icode= >,3kmp_A_A,2.7
187,16.114,GLU, ,CG,61.58,13.28,0.0,1.10,1.0,<Residue GLU het=  resseq=31 icode= >,3kmp_A_A,2.7
188,8.486,GLU, ,CD,79.94,13.65,0.0,1.90,1.0,<Residue GLU het=  resseq=31 icode= >,3kmp_A_A,2.7
189,32.382,GLU, ,OE1,88.37,12.74,0.0,0.91,1.0,<Residue GLU het=  resseq=31 icode= >,3kmp_A_A,2.7
190,21.834,GLU, ,OE2,81.72,14.79,0.0,0.89,1.0,<Residue GLU het=  resseq=31 icode= >,3kmp_A_A,2.7
191,0.098,LYS, ,N,33.54,8.86,0.0,3.42,1.0,<Residue LYS het=  resseq=32 icode= >,3kmp_A_A,2.7
192,2.936,LYS, ,CA,33.89,7.49,0.0,3.64,1.0,<Residue LYS het=  resseq=32 icode= >,3kmp_A_A,2.7
193,0.0,LYS, ,C,56.06,6.79,0.0,4.43,1.0,<Residue LYS het=  resseq=32 icode= >,3kmp_A_A,2.7
194,2.204,LYS, ,O,34.54,5.97,0.0,2.53,1.0,<Residue LYS het=  resseq=32 icode= >,3kmp_A_A,2.7
195,3.7,LYS, ,CB,43.02,6.71,0.0,1.97,1.0,<Residue LYS het=  resseq=32 icode= >,3kmp_A_A,2.7
196,21.058,LYS, ,CG,39.02,7.22,0.0,1.79,1.0,<Residue LYS het=  resseq=32 icode= >,3kmp_A_A,2.7
197,3.04,LYS, ,CD,63.45,7.01,0.0,0.92,1.0,<Residue LYS het=  resseq=32 icode= >,3kmp_A_A,2.7
198,34.268,LYS, ,CE,66.11,7.63,0.0,1.10,1.0,<Residue LYS het=  resseq=32 icode= >,3kmp_A_A,2.7
199,30.874,LYS, ,NZ,68.34,8.38,0.0,0.43,1.0,<Residue LYS het=  resseq=32 icode= >,3kmp_A_A,2.7
200,0.0,ALA, ,N,33.43,7.38,0.0,3.43,1.0,<Residue ALA het=  resseq=33 icode= >,3kmp_A_A,2.7
201,0.0,ALA, ,CA,33.58,7.15,0.0,3.78,1.0,<Residue ALA het=  resseq=33 icode= >,3kmp_A_A,2.7
202,0.0,ALA, ,C,44.46,7.63,0.0,4.21,1.0,<Residue ALA het=  resseq=33 icode= >,3kmp_A_A,2.7
203,0.0,ALA, ,O,35.74,7.33,0.0,2.39,1.0,<Residue ALA het=  resseq=33 icode= >,3kmp_A_A,2.7
204,0.0,ALA, ,CB,33.13,8.12,0.0,2.24,1.0,<Residue ALA het=  resseq=33 icode= >,3kmp_A_A,2.7
205,0.0,VAL, ,N,34.33,8.63,0.0,3.39,1.0,<Residue VAL het=  resseq=34 icode= >,3kmp_A_A,2.7
206,0.0,VAL, ,CA,44.12,9.36,0.0,3.96,1.0,<Residue VAL het=  resseq=34 icode= >,3kmp_A_A,2.7
207,0.0,VAL, ,C,37.63,8.74,0.0,4.21,1.0,<Residue VAL het=  resseq=34 icode= >,3kmp_A_A,2.7
208,0.0,VAL, ,O,37.0,8.93,0.0,2.41,1.0,<Residue VAL het=  resseq=34 icode= >,3kmp_A_A,2.7
209,2.039,VAL, ,CB,35.2,10.76,0.0,3.12,1.0,<Residue VAL het=  resseq=34 icode= >,3kmp_A_A,2.7
210,32.91,VAL, ,CG1,36.44,11.48,0.0,1.64,1.0,<Residue VAL het=  resseq=34 icode= >,3kmp_A_A,2.7
211,8.964,VAL, ,CG2,34.62,11.64,0.0,2.24,1.0,<Residue VAL het=  resseq=34 icode= >,3kmp_A_A,2.7
212,0.272,ASP, ,N,37.98,8.23,0.0,3.75,1.0,<Residue ASP het=  resseq=35 icode= >,3kmp_A_A,2.7
213,3.608,ASP, ,CA,36.92,7.82,0.0,4.43,1.0,<Residue ASP het=  resseq=35 icode= >,3kmp_A_A,2.7
214,0.0,ASP, ,C,37.16,6.76,0.0,4.51,1.0,<Residue ASP het=  resseq=35 icode= >,3kmp_A_A,2.7
215,0.0,ASP, ,O,46.74,7.11,0.0,2.28,1.0,<Residue ASP het=  resseq=35 icode= >,3kmp_A_A,2.7
216,11.949,ASP, ,CB,47.45,7.64,0.0,2.54,1.0,<Residue ASP het=  resseq=35 icode= >,3kmp_A_A,2.7
217,8.51,ASP, ,CG,69.49,7.78,0.0,1.90,1.0,<Residue ASP het=  resseq=35 icode= >,3kmp_A_A,2.7
218,28.307,ASP, ,OD1,68.61,8.73,0.0,1.41,1.0,<Residue ASP het=  resseq=35 icode= >,3kmp_A_A,2.7
219,21.448,ASP, ,OD2,91.41,7.07,0.0,0.36,1.0,<Residue ASP het=  resseq=35 icode= >,3kmp_A_A,2.7
220,0.408,ALA, ,N,36.28,5.70,0.0,3.42,1.0,<Residue ALA het=  resseq=36 icode= >,3kmp_A_A,2.7
221,1.108,ALA, ,CA,36.5,4.81,0.124,3.83,1.0,<Residue ALA het=  resseq=36 icode= >,3kmp_A_A,2.7
222,0.0,ALA, ,C,40.51,5.85,0.0,4.31,1.0,<Residue ALA het=  resseq=36 icode= >,3kmp_A_A,2.7
223,1.079,ALA, ,O,47.75,5.97,0.0,2.29,1.0,<Residue ALA het=  resseq=36 icode= >,3kmp_A_A,2.7
224,20.428,ALA, ,CB,35.58,3.89,15.352,1.09,1.0,<Residue ALA het=  resseq=36 icode= >,3kmp_A_A,2.7
225,0.0,LEU, ,N,36.92,6.90,0.0,3.29,1.0,<Residue LEU het=  resseq=37 icode= >,3kmp_A_A,2.7
226,0.224,LEU, ,CA,43.05,8.01,0.0,4.00,1.0,<Residue LEU het=  resseq=37 icode= >,3kmp_A_A,2.7
227,0.0,LEU, ,C,46.98,8.89,0.0,4.41,1.0,<Residue LEU het=  resseq=37 icode= >,3kmp_A_A,2.7
228,0.0,LEU, ,O,40.06,9.56,0.0,2.91,1.0,<Residue LEU het=  resseq=37 icode= >,3kmp_A_A,2.7
229,0.0,LEU, ,CB,37.08,8.97,0.0,2.46,1.0,<Residue LEU het=  resseq=37 icode= >,3kmp_A_A,2.7
230,0.0,LEU, ,CG,50.79,10.31,0.0,3.08,1.0,<Residue LEU het=  resseq=37 icode= >,3kmp_A_A,2.7
231,0.181,LEU, ,CD1,38.32,10.36,0.0,1.86,1.0,<Residue LEU het=  resseq=37 icode= >,3kmp_A_A,2.7
232,0.662,LEU, ,CD2,37.6,11.35,0.0,1.56,1.0,<Residue LEU het=  resseq=37 icode= >,3kmp_A_A,2.7
233,0.0,VAL, ,N,43.06,9.12,0.0,3.28,1.0,<Residue VAL het=  resseq=38 icode= >,3kmp_A_A,2.7
234,0.0,VAL, ,CA,40.79,10.12,0.0,3.89,1.0,<Residue VAL het=  resseq=38 icode= >,3kmp_A_A,2.7
235,0.0,VAL, ,C,49.47,9.79,0.0,4.06,1.0,<Residue VAL het=  resseq=38 icode= >,3kmp_A_A,2.7
236,0.0,VAL, ,O,43.25,10.74,0.0,2.31,1.0,<Residue VAL het=  resseq=38 icode= >,3kmp_A_A,2.7
237,1.195,VAL, ,CB,41.59,10.65,0.0,3.22,1.0,<Residue VAL het=  resseq=38 icode= >,3kmp_A_A,2.7
238,19.399,VAL, ,CG1,42.93,11.73,0.0,1.11,1.0,<Residue VAL het=  resseq=38 icode= >,3kmp_A_A,2.7
239,18.083,VAL, ,CG2,40.26,11.38,0.0,1.57,1.0,<Residue VAL het=  resseq=38 icode= >,3kmp_A_A,2.7
240,0.0,LYS, ,N,47.82,8.60,0.0,2.61,1.0,<Residue LYS het=  resseq=39 icode= >,3kmp_A_A,2.7
241,0.0,LYS, ,CA,41.99,8.55,0.0,3.58,1.0,<Residue LYS het=  resseq=39 icode= >,3kmp_A_A,2.7
242,0.159,LYS, ,C,47.03,9.07,0.0,3.69,1.0,<Residue LYS het=  resseq=39 icode= >,3kmp_A_A,2.7
243,0.202,LYS, ,O,60.33,8.43,0.0,1.47,1.0,<Residue LYS het=  resseq=39 icode= >,3kmp_A_A,2.7
244,12.561,LYS, ,CB,41.12,7.30,0.0,2.79,1.0,<Residue LYS het=  resseq=39 icode= >,3kmp_A_A,2.7
245,10.159,LYS, ,CG,83.62,7.17,0.0,1.78,1.0,<Residue LYS het=  resseq=39 icode= >,3kmp_A_A,2.7
246,24.915,LYS, ,CD,96.13,5.98,0.274,0.71,1.0,<Residue LYS het=  resseq=39 icode= >,3kmp_A_A,2.7
247,20.281,LYS, ,CE,103.02,6.10,0.0,0.47,1.0,<Residue LYS het=  resseq=39 icode= >,3kmp_A_A,2.7
248,38.915,LYS, ,NZ,106.55,5.07,15.228,0.18,1.0,<Residue LYS het=  resseq=39 icode= >,3kmp_A_A,2.7
249,0.0,LYS, ,N,41.57,8.74,0.0,3.08,1.0,<Residue LYS het=  resseq=40 icode= >,3kmp_A_A,2.7
250,1.571,LYS, ,CA,42.16,9.51,0.0,4.08,1.0,<Residue LYS het=  resseq=40 icode= >,3kmp_A_A,2.7
251,0.0,LYS, ,C,44.86,10.98,0.0,3.61,1.0,<Residue LYS het=  resseq=40 icode= >,3kmp_A_A,2.7
252,2.195,LYS, ,O,54.35,10.93,0.0,1.85,1.0,<Residue LYS het=  resseq=40 icode= >,3kmp_A_A,2.7
253,5.28,LYS, ,CB,40.86,8.74,0.0,2.90,1.0,<Residue LYS het=  resseq=40 icode= >,3kmp_A_A,2.7
254,8.305,LYS, ,CG,42.47,7.34,0.0,1.92,1.0,<Residue LYS het=  resseq=40 icode= >,3kmp_A_A,2.7
255,1.812,LYS, ,CD,39.96,6.45,0.0,2.26,1.0,<Residue LYS het=  resseq=40 icode= >,3kmp_A_A,2.7
256,8.538,LYS, ,CE,37.75,5.11,0.578,2.50,1.0,<Residue LYS het=  resseq=40 icode= >,3kmp_A_A,2.7
257,40.667,LYS, ,NZ,84.17,4.53,9.254,1.00,1.0,<Residue LYS het=  resseq=40 icode= >,3kmp_A_A,2.7
258,0.0,LEU, ,N,43.42,11.31,0.0,2.84,1.0,<Residue LEU het=  resseq=41 icode= >,3kmp_A_A,2.7
259,0.0,LEU, ,CA,55.4,12.72,0.0,3.14,1.0,<Residue LEU het=  resseq=41 icode= >,3kmp_A_A,2.7
260,0.0,LEU, ,C,59.57,12.67,0.0,3.70,1.0,<Residue LEU het=  resseq=41 icode= >,3kmp_A_A,2.7
261,0.311,LEU, ,O,63.86,13.35,0.0,2.06,1.0,<Residue LEU het=  resseq=41 icode= >,3kmp_A_A,2.7
262,0.0,LEU, ,CB,56.09,12.98,0.0,1.87,1.0,<Residue LEU het=  resseq=41 icode= >,3kmp_A_A,2.7
263,0.0,LEU, ,CG,57.72,12.53,0.0,2.22,1.0,<Residue LEU het=  resseq=41 icode= >,3kmp_A_A,2.7
264,0.04,LEU, ,CD1,41.89,13.19,0.0,1.09,1.0,<Residue LEU het=  resseq=41 icode= >,3kmp_A_A,2.7
265,0.059,LEU, ,CD2,52.22,12.68,0.0,1.81,1.0,<Residue LEU het=  resseq=41 icode= >,3kmp_A_A,2.7
266,0.0,LYS, ,N,57.27,11.83,0.0,3.02,1.0,<Residue LYS het=  resseq=42 icode= >,3kmp_A_A,2.7
267,5.496,LYS, ,CA,54.26,11.62,0.0,3.44,1.0,<Residue LYS het=  resseq=42 icode= >,3kmp_A_A,2.7
268,0.821,LYS, ,C,59.94,11.16,0.0,3.17,1.0,<Residue LYS het=  resseq=42 icode= >,3kmp_A_A,2.7
269,12.124,LYS, ,O,64.96,11.59,0.0,1.85,1.0,<Residue LYS het=  resseq=42 icode= >,3kmp_A_A,2.7
270,10.448,LYS, ,CB,55.79,10.74,0.0,2.22,1.0,<Residue LYS het=  resseq=42 icode= >,3kmp_A_A,2.7
271,9.798,LYS, ,CG,68.17,11.47,0.0,1.68,1.0,<Residue LYS het=  resseq=42 icode= >,3kmp_A_A,2.7
272,28.972,LYS, ,CD,81.4,10.79,0.0,1.24,1.0,<Residue LYS het=  resseq=42 icode= >,3kmp_A_A,2.7
273,15.366,LYS, ,CE,90.82,9.30,0.0,0.48,1.0,<Residue LYS het=  resseq=42 icode= >,3kmp_A_A,2.7
274,39.093,LYS, ,NZ,92.23,8.30,0.0,0.16,1.0,<Residue LYS het=  resseq=42 icode= >,3kmp_A_A,2.7
275,0.0,LYS, ,N,57.35,10.48,0.0,2.70,1.0,<Residue LYS het=  resseq=43 icode= >,3kmp_A_A,2.7
276,8.368,LYS, ,CA,61.9,10.17,0.0,2.51,1.0,<Residue LYS het=  resseq=43 icode= >,3kmp_A_A,2.7
277,0.315,LYS, ,C,63.58,11.47,0.0,3.03,1.0,<Residue LYS het=  resseq=43 icode= >,3kmp_A_A,2.7
278,26.304,LYS, ,O,70.61,11.60,0.0,1.33,1.0,<Residue LYS het=  resseq=43 icode= >,3kmp_A_A,2.7
279,13.548,LYS, ,CB,61.66,9.16,0.0,1.52,1.0,<Residue LYS het=  resseq=43 icode= >,3kmp_A_A,2.7
280,17.065,LYS, ,CG,68.93,7.75,0.0,1.17,1.0,<Residue LYS het=  resseq=43 icode= >,3kmp_A_A,2.7
281,21.055,LYS, ,CD,74.53,7.08,0.0,1.40,1.0,<Residue LYS het=  resseq=43 icode= >,3kmp_A_A,2.7
282,33.575,LYS, ,CE,88.1,5.72,3.026,1.06,1.0,<Residue LYS het=  resseq=43 icode= >,3kmp_A_A,2.7
283,43.751,LYS, ,NZ,93.15,5.53,0.683,0.21,1.0,<Residue LYS het=  resseq=43 icode= >,3kmp_A_A,2.7
284,0.0,LYS, ,N,59.98,12.57,0.0,2.71,1.0,<Residue LYS het=  resseq=44 icode= >,3kmp_A_A,2.7
285,4.58,LYS, ,CA,62.9,13.85,0.0,3.15,1.0,<Residue LYS het=  resseq=44 icode= >,3kmp_A_A,2.7
286,0.022,LYS, ,C,77.94,14.92,0.0,2.69,1.0,<Residue LYS het=  resseq=44 icode= >,3kmp_A_A,2.7
287,2.982,LYS, ,O,84.68,15.27,0.0,1.09,1.0,<Residue LYS het=  resseq=44 icode= >,3kmp_A_A,2.7
288,7.51,LYS, ,CB,70.15,14.36,0.0,1.96,1.0,<Residue LYS het=  resseq=44 icode= >,3kmp_A_A,2.7
289,14.01,LYS, ,CG,76.25,13.48,0.0,1.14,1.0,<Residue LYS het=  resseq=44 icode= >,3kmp_A_A,2.7
290,10.322,LYS, ,CD,80.4,13.46,0.0,0.77,1.0,<Residue LYS het=  resseq=44 icode= >,3kmp_A_A,2.7
291,36.41,LYS, ,CE,75.35,14.19,0.0,1.30,1.0,<Residue LYS het=  resseq=44 icode= >,3kmp_A_A,2.7
292,2.807,LYS, ,NZ,73.64,13.39,0.0,0.70,1.0,<Residue LYS het=  resseq=44 icode= >,3kmp_A_A,2.7
293,6.567,LYS, ,N,74.32,15.55,0.0,1.81,1.0,<Residue LYS het=  resseq=45 icode= >,3kmp_A_A,2.7
294,1.401,LYS, ,CA,85.79,16.60,0.0,1.80,1.0,<Residue LYS het=  resseq=45 icode= >,3kmp_A_A,2.7
295,1.584,LYS, ,C,78.01,17.73,0.0,2.40,1.0,<Residue LYS het=  resseq=45 icode= >,3kmp_A_A,2.7
296,24.233,LYS, ,O,76.0,18.18,0.0,1.44,1.0,<Residue LYS het=  resseq=45 icode= >,3kmp_A_A,2.7
297,29.515,LYS, ,CB,93.67,17.17,0.0,1.17,1.0,<Residue LYS het=  resseq=45 icode= >,3kmp_A_A,2.7
298,28.788,LYS, ,CG,118.47,16.28,0.0,0.16,1.0,<Residue LYS het=  resseq=45 icode= >,3kmp_A_A,2.7
299,26.47,LYS, ,CD,126.76,16.09,0.0,-0.39,1.0,<Residue LYS het=  resseq=45 icode= >,3kmp_A_A,2.7
300,47.199,LYS, ,CE,119.24,14.94,0.0,0.14,1.0,<Residue LYS het=  resseq=45 icode= >,3kmp_A_A,2.7
301,21.144,LYS, ,NZ,106.14,13.61,0.0,0.62,1.0,<Residue LYS het=  resseq=45 icode= >,3kmp_A_A,2.7
302,4.427,GLY, ,N,62.98,18.25,0.0,2.04,1.0,<Residue GLY het=  resseq=46 icode= >,3kmp_A_A,2.7
303,27.239,GLY, ,CA,70.06,19.42,0.0,1.59,1.0,<Residue GLY het=  resseq=46 icode= >,3kmp_A_A,2.7
304,3.734,GLY, ,C,76.44,19.23,0.0,1.96,1.0,<Residue GLY het=  resseq=46 icode= >,3kmp_A_A,2.7
305,1.086,GLY, ,O,82.66,20.19,0.0,0.96,1.0,<Residue GLY het=  resseq=46 icode= >,3kmp_A_A,2.7
306,1.407,ALA, ,N,68.43,18.09,0.0,1.38,1.0,<Residue ALA het=  resseq=47 icode= >,3kmp_A_A,2.7
307,4.883,ALA, ,CA,63.81,17.99,0.0,2.19,1.0,<Residue ALA het=  resseq=47 icode= >,3kmp_A_A,2.7
308,0.0,ALA, ,C,63.05,18.24,0.0,3.36,1.0,<Residue ALA het=  resseq=47 icode= >,3kmp_A_A,2.7
309,0.0,ALA, ,O,56.55,19.18,0.0,1.90,1.0,<Residue ALA het=  resseq=47 icode= >,3kmp_A_A,2.7
310,5.872,ALA, ,CB,52.6,16.75,0.0,0.98,1.0,<Residue ALA het=  resseq=47 icode= >,3kmp_A_A,2.7
311,0.099,MET, ,N,62.2,17.28,0.0,2.92,1.0,<Residue MET het=  resseq=48 icode= >,3kmp_A_A,2.7
312,0.0,MET, ,CA,55.2,17.16,0.0,3.35,1.0,<Residue MET het=  resseq=48 icode= >,3kmp_A_A,2.7
313,0.182,MET, ,C,65.48,18.48,0.0,3.08,1.0,<Residue MET het=  resseq=48 icode= >,3kmp_A_A,2.7
314,1.505,MET, ,O,65.11,18.56,0.0,1.29,1.0,<Residue MET het=  resseq=48 icode= >,3kmp_A_A,2.7
315,12.851,MET, ,CB,56.75,16.92,0.0,1.80,1.0,<Residue MET het=  resseq=48 icode= >,3kmp_A_A,2.7
316,6.707,MET, ,CG,57.75,15.51,0.0,1.57,1.0,<Residue MET het=  resseq=48 icode= >,3kmp_A_A,2.7
317,0.213,MET, ,SD,68.59,14.35,0.0,3.45,1.0,<Residue MET het=  resseq=48 icode= >,3kmp_A_A,2.7
318,38.96,MET, ,CE,45.01,14.90,0.0,2.07,1.0,<Residue MET het=  resseq=48 icode= >,3kmp_A_A,2.7
319,0.046,GLU, ,N,66.41,1000.00,0.0,2.50,1.0,<Residue GLU het=  resseq=49 icode= >,3kmp_A_A,2.7
320,5.12,GLU, ,CA,68.29,1000.00,0.0,2.57,1.0,<Residue GLU het=  resseq=49 icode= >,3kmp_A_A,2.7
321,0.0,GLU, ,C,63.65,1000.00,0.0,3.58,1.0,<Residue GLU het=  resseq=49 icode= >,3kmp_A_A,2.7
322,0.661,GLU, ,O,63.88,1000.00,0.0,1.91,1.0,<Residue GLU het=  resseq=49 icode= >,3kmp_A_A,2.7
323,8.06,GLU, ,CB,69.14,1000.00,0.0,1.03,1.0,<Residue GLU het=  resseq=49 icode= >,3kmp_A_A,2.7
324,38.159,GLU, ,CG,83.41,1000.00,0.0,1.09,1.0,<Residue GLU het=  resseq=49 icode= >,3kmp_A_A,2.7
325,2.376,GLU, ,CD,91.6,1000.00,0.0,1.77,1.0,<Residue GLU het=  resseq=49 icode= >,3kmp_A_A,2.7
326,0.469,GLU, ,OE1,98.92,1000.00,0.0,1.30,1.0,<Residue GLU het=  resseq=49 icode= >,3kmp_A_A,2.7
327,34.383,GLU, ,OE2,85.73,1000.00,0.0,0.87,1.0,<Residue GLU het=  resseq=49 icode= >,3kmp_A_A,2.7
328,0.0,GLU, ,N,51.44,1000.00,0.0,3.34,1.0,<Residue GLU het=  resseq=50 icode= >,3kmp_A_A,2.7
329,0.0,GLU, ,CA,60.04,1000.00,0.0,3.19,1.0,<Residue GLU het=  resseq=50 icode= >,3kmp_A_A,2.7
330,0.0,GLU, ,C,61.64,1000.00,0.0,2.75,1.0,<Residue GLU het=  resseq=50 icode= >,3kmp_A_A,2.7
331,0.0,GLU, ,O,59.22,1000.00,0.0,1.27,1.0,<Residue GLU het=  resseq=50 icode= >,3kmp_A_A,2.7
332,3.477,GLU, ,CB,51.01,1000.00,0.0,1.90,1.0,<Residue GLU het=  resseq=50 icode= >,3kmp_A_A,2.7
333,3.063,GLU, ,CG,66.73,1000.00,0.0,1.17,1.0,<Residue GLU het=  resseq=50 icode= >,3kmp_A_A,2.7
334,0.408,GLU, ,CD,83.03,1000.00,0.0,1.81,1.0,<Residue GLU het=  resseq=50 icode= >,3kmp_A_A,2.7
335,12.97,GLU, ,OE1,79.31,1000.00,0.0,0.71,1.0,<Residue GLU het=  resseq=50 icode= >,3kmp_A_A,2.7
336,5.743,GLU, ,OE2,82.22,1000.00,0.0,1.13,1.0,<Residue GLU het=  resseq=50 icode= >,3kmp_A_A,2.7
337,0.0,LEU, ,N,51.21,1000.00,0.0,1.90,1.0,<Residue LEU het=  resseq=51 icode= >,3kmp_A_A,2.7
338,0.0,LEU, ,CA,55.07,1000.00,0.0,2.14,1.0,<Residue LEU het=  resseq=51 icode= >,3kmp_A_A,2.7
339,0.0,LEU, ,C,57.52,1000.00,0.0,3.19,1.0,<Residue LEU het=  resseq=51 icode= >,3kmp_A_A,2.7
340,0.0,LEU, ,O,47.74,1000.00,0.0,2.04,1.0,<Residue LEU het=  resseq=51 icode= >,3kmp_A_A,2.7
341,0.197,LEU, ,CB,43.47,1000.00,0.0,1.38,1.0,<Residue LEU het=  resseq=51 icode= >,3kmp_A_A,2.7
342,0.458,LEU, ,CG,49.13,1000.00,0.0,2.20,1.0,<Residue LEU het=  resseq=51 icode= >,3kmp_A_A,2.7
343,0.0,LEU, ,CD1,40.99,1000.00,0.0,0.93,1.0,<Residue LEU het=  resseq=51 icode= >,3kmp_A_A,2.7
344,10.656,LEU, ,CD2,40.48,1000.00,0.0,0.94,1.0,<Residue LEU het=  resseq=51 icode= >,3kmp_A_A,2.7
345,0.559,GLU, ,N,58.78,1000.00,0.0,2.77,1.0,<Residue GLU het=  resseq=52 icode= >,3kmp_A_A,2.7
346,1.054,GLU, ,CA,53.47,1000.00,0.0,3.21,1.0,<Residue GLU het=  resseq=52 icode= >,3kmp_A_A,2.7
347,0.689,GLU, ,C,62.11,1000.00,0.0,2.98,1.0,<Residue GLU het=  resseq=52 icode= >,3kmp_A_A,2.7
348,0.076,GLU, ,O,62.83,1000.00,0.0,1.75,1.0,<Residue GLU het=  resseq=52 icode= >,3kmp_A_A,2.7
349,5.861,GLU, ,CB,55.69,1000.00,0.0,2.26,1.0,<Residue GLU het=  resseq=52 icode= >,3kmp_A_A,2.7
350,25.041,GLU, ,CG,68.29,1000.00,0.0,1.42,1.0,<Residue GLU het=  resseq=52 icode= >,3kmp_A_A,2.7
351,15.742,GLU, ,CD,85.5,1000.00,0.0,1.72,1.0,<Residue GLU het=  resseq=52 icode= >,3kmp_A_A,2.7
352,21.434,GLU, ,OE1,86.03,1000.00,0.0,1.00,1.0,<Residue GLU het=  resseq=52 icode= >,3kmp_A_A,2.7
353,42.061,GLU, ,OE2,91.41,1000.00,0.0,1.20,1.0,<Residue GLU het=  resseq=52 icode= >,3kmp_A_A,2.7
354,0.066,LYS, ,N,57.28,1000.00,0.0,2.78,1.0,<Residue LYS het=  resseq=53 icode= >,3kmp_A_A,2.7
355,1.334,LYS, ,CA,60.72,1000.00,0.0,2.83,1.0,<Residue LYS het=  resseq=53 icode= >,3kmp_A_A,2.7
356,1.229,LYS, ,C,61.64,1000.00,0.0,3.15,1.0,<Residue LYS het=  resseq=53 icode= >,3kmp_A_A,2.7
357,0.221,LYS, ,O,61.05,1000.00,0.0,1.31,1.0,<Residue LYS het=  resseq=53 icode= >,3kmp_A_A,2.7
358,9.311,LYS, ,CB,80.93,1000.00,0.0,1.10,1.0,<Residue LYS het=  resseq=53 icode= >,3kmp_A_A,2.7
359,19.34,LYS, ,CG,109.84,1000.00,0.0,0.16,1.0,<Residue LYS het=  resseq=53 icode= >,3kmp_A_A,2.7
360,14.286,LYS, ,CD,127.97,1000.00,0.0,-0.82,1.0,<Residue LYS het=  resseq=53 icode= >,3kmp_A_A,2.7
361,27.049,LYS, ,CE,126.74,1000.00,0.0,-0.38,1.0,<Residue LYS het=  resseq=53 icode= >,3kmp_A_A,2.7
362,35.209,LYS, ,NZ,115.23,1000.00,0.0,0.26,1.0,<Residue LYS het=  resseq=53 icode= >,3kmp_A_A,2.7
363,0.0,ALA, ,N,57.16,1000.00,0.0,2.43,1.0,<Residue ALA het=  resseq=54 icode= >,3kmp_A_A,2.7
364,1.05,ALA, ,CA,54.86,1000.00,0.0,2.93,1.0,<Residue ALA het=  resseq=54 icode= >,3kmp_A_A,2.7
365,0.0,ALA, ,C,57.67,1000.00,0.0,3.25,1.0,<Residue ALA het=  resseq=54 icode= >,3kmp_A_A,2.7
366,0.187,ALA, ,O,59.85,1000.00,0.0,2.12,1.0,<Residue ALA het=  resseq=54 icode= >,3kmp_A_A,2.7
367,0.0,ALA, ,CB,45.12,1000.00,0.0,1.05,1.0,<Residue ALA het=  resseq=54 icode= >,3kmp_A_A,2.7
368,0.0,LEU, ,N,50.24,1000.00,0.0,2.28,1.0,<Residue LEU het=  resseq=55 icode= >,3kmp_A_A,2.7
369,0.0,LEU, ,CA,60.44,1000.00,0.0,2.74,1.0,<Residue LEU het=  resseq=55 icode= >,3kmp_A_A,2.7
370,0.799,LEU, ,C,66.41,1000.00,0.0,3.02,1.0,<Residue LEU het=  resseq=55 icode= >,3kmp_A_A,2.7
371,15.996,LEU, ,O,63.03,1000.00,0.0,1.42,1.0,<Residue LEU het=  resseq=55 icode= >,3kmp_A_A,2.7
372,14.352,LEU, ,CB,51.42,1000.00,0.0,1.46,1.0,<Residue LEU het=  resseq=55 icode= >,3kmp_A_A,2.7
373,0.0,LEU, ,CG,52.6,1000.00,0.0,2.68,1.0,<Residue LEU het=  resseq=55 icode= >,3kmp_A_A,2.7
374,16.474,LEU, ,CD1,51.77,1000.00,0.0,0.84,1.0,<Residue LEU het=  resseq=55 icode= >,3kmp_A_A,2.7
375,1.866,LEU, ,CD2,39.34,1000.00,0.0,1.25,1.0,<Residue LEU het=  resseq=55 icode= >,3kmp_A_A,2.7
376,0.0,SER, ,N,67.63,1000.00,0.0,2.51,1.0,<Residue SER het=  resseq=56 icode= >,3kmp_A_A,2.7
377,9.121,SER, ,CA,70.91,1000.00,0.0,2.58,1.0,<Residue SER het=  resseq=56 icode= >,3kmp_A_A,2.7
378,0.0,SER, ,C,76.84,1000.00,0.0,2.46,1.0,<Residue SER het=  resseq=56 icode= >,3kmp_A_A,2.7
379,24.609,SER, ,O,82.9,1000.00,0.0,1.44,1.0,<Residue SER het=  resseq=56 icode= >,3kmp_A_A,2.7
380,35.743,SER, ,CB,70.75,1000.00,0.0,1.45,1.0,<Residue SER het=  resseq=56 icode= >,3kmp_A_A,2.7
381,6.754,SER, ,OG,80.2,1000.00,0.0,0.71,1.0,<Residue SER het=  resseq=56 icode= >,3kmp_A_A,2.7
382,0.0,CYS, ,N,73.01,1000.00,0.0,1.76,1.0,<Residue CYS het=  resseq=57 icode= >,3kmp_A_A,2.7
383,5.272,CYS, ,CA,73.31,1000.00,0.0,2.38,1.0,<Residue CYS het=  resseq=57 icode= >,3kmp_A_A,2.7
384,0.0,CYS, ,C,74.35,1000.00,0.0,3.10,1.0,<Residue CYS het=  resseq=57 icode= >,3kmp_A_A,2.7
385,0.246,CYS, ,O,78.56,1000.00,0.0,1.65,1.0,<Residue CYS het=  resseq=57 icode= >,3kmp_A_A,2.7
386,3.37,CYS, ,CB,74.93,1000.00,0.0,1.37,1.0,<Residue CYS het=  resseq=57 icode= >,3kmp_A_A,2.7
387,37.185,CYS, ,SG,101.19,1000.00,0.0,1.76,1.0,<Residue CYS het=  resseq=57 icode= >,3kmp_A_A,2.7
388,0.0,PRO, ,N,87.86,1000.00,0.0,2.61,1.0,<Residue PRO het=  resseq=58 icode= >,3kmp_A_A,2.7
389,0.625,PRO, ,CA,90.36,1000.00,0.0,1.74,1.0,<Residue PRO het=  resseq=58 icode= >,3kmp_A_A,2.7
390,1.023,PRO, ,C,90.68,1000.00,0.0,1.99,1.0,<Residue PRO het=  resseq=58 icode= >,3kmp_A_A,2.7
391,16.891,PRO, ,O,93.8,1000.00,0.0,1.22,1.0,<Residue PRO het=  resseq=58 icode= >,3kmp_A_A,2.7
392,17.929,PRO, ,CB,79.84,1000.00,0.0,1.00,1.0,<Residue PRO het=  resseq=58 icode= >,3kmp_A_A,2.7
393,21.975,PRO, ,CG,77.15,1000.00,0.0,0.69,1.0,<Residue PRO het=  resseq=58 icode= >,3kmp_A_A,2.7
394,16.148,PRO, ,CD,86.79,1000.00,0.0,1.22,1.0,<Residue PRO het=  resseq=58 icode= >,3kmp_A_A,2.7
395,6.192,GLY, ,N,76.45,1000.00,0.0,1.73,1.0,<Residue GLY het=  resseq=59 icode= >,3kmp_A_A,2.7
396,41.248,GLY, ,CA,81.16,1000.00,0.0,1.03,1.0,<Residue GLY het=  resseq=59 icode= >,3kmp_A_A,2.7
397,2.948,GLY, ,C,89.05,1000.00,0.0,1.77,1.0,<Residue GLY het=  resseq=59 icode= >,3kmp_A_A,2.7
398,24.992,GLY, ,O,84.8,1000.00,0.0,1.38,1.0,<Residue GLY het=  resseq=59 icode= >,3kmp_A_A,2.7
399,0.0,GLN, ,N,91.43,1000.00,0.0,1.62,1.0,<Residue GLN het=  resseq=60 icode= >,3kmp_A_A,2.7
400,1.35,GLN, ,CA,97.51,1000.00,0.0,1.88,1.0,<Residue GLN het=  resseq=60 icode= >,3kmp_A_A,2.7
401,0.0,GLN, ,C,88.15,1000.00,0.0,2.26,1.0,<Residue GLN het=  resseq=60 icode= >,3kmp_A_A,2.7
402,4.144,GLN, ,O,94.94,1000.00,0.0,1.03,1.0,<Residue GLN het=  resseq=60 icode= >,3kmp_A_A,2.7
403,13.365,GLN, ,CB,111.17,1000.00,0.0,1.75,1.0,<Residue GLN het=  resseq=60 icode= >,3kmp_A_A,2.7
404,22.447,GLN, ,CG,128.5,1000.00,0.0,0.54,1.0,<Residue GLN het=  resseq=60 icode= >,3kmp_A_A,2.7
405,5.725,GLN, ,CD,137.75,1000.00,0.0,0.56,1.0,<Residue GLN het=  resseq=60 icode= >,3kmp_A_A,2.7
406,25.259,GLN, ,OE1,138.17,1000.00,0.0,0.54,1.0,<Residue GLN het=  resseq=60 icode= >,3kmp_A_A,2.7
407,47.307,GLN, ,NE2,136.94,1000.00,0.0,0.29,1.0,<Residue GLN het=  resseq=60 icode= >,3kmp_A_A,2.7
408,0.357,PRO, ,N,89.83,1000.00,0.0,1.99,1.0,<Residue PRO het=  resseq=61 icode= >,3kmp_A_A,2.7
409,12.025,PRO, ,CA,89.3,1000.00,0.0,1.69,1.0,<Residue PRO het=  resseq=61 icode= >,3kmp_A_A,2.7
410,1.035,PRO, ,C,83.76,1000.00,0.0,2.16,1.0,<Residue PRO het=  resseq=61 icode= >,3kmp_A_A,2.7
411,22.471,PRO, ,O,78.83,1000.00,0.0,1.47,1.0,<Residue PRO het=  resseq=61 icode= >,3kmp_A_A,2.7
412,35.232,PRO, ,CB,86.51,1000.00,0.0,1.41,1.0,<Residue PRO het=  resseq=61 icode= >,3kmp_A_A,2.7
413,42.639,PRO, ,CG,88.82,1000.00,0.0,1.00,1.0,<Residue PRO het=  resseq=61 icode= >,3kmp_A_A,2.7
414,21.864,PRO, ,CD,90.2,1000.00,0.0,1.18,1.0,<Residue PRO het=  resseq=61 icode= >,3kmp_A_A,2.7
415,3.046,SER, ,N,81.06,1000.00,0.0,1.64,1.0,<Residue SER het=  resseq=62 icode= >,3kmp_A_A,2.7
416,3.916,SER, ,CA,52.29,1000.00,0.0,2.95,1.0,<Residue SER het=  resseq=62 icode= >,3kmp_A_A,2.7
417,2.639,SER, ,C,68.32,1000.00,0.0,3.11,1.0,<Residue SER het=  resseq=62 icode= >,3kmp_A_A,2.7
418,9.091,SER, ,O,61.59,1000.00,0.0,1.72,1.0,<Residue SER het=  resseq=62 icode= >,3kmp_A_A,2.7
419,1.975,SER, ,CB,50.79,1000.00,0.0,1.77,1.0,<Residue SER het=  resseq=62 icode= >,3kmp_A_A,2.7
420,4.186,SER, ,OG,57.24,1000.00,0.0,1.14,1.0,<Residue SER het=  resseq=62 icode= >,3kmp_A_A,2.7
421,0.0,ASN, ,N,63.29,1000.00,0.0,2.31,1.0,<Residue ASN het=  resseq=63 icode= >,3kmp_A_A,2.7
422,2.18,ASN, ,CA,61.62,1000.00,0.0,2.15,1.0,<Residue ASN het=  resseq=63 icode= >,3kmp_A_A,2.7
423,0.0,ASN, ,C,61.19,1000.00,0.0,2.89,1.0,<Residue ASN het=  resseq=63 icode= >,3kmp_A_A,2.7
424,0.0,ASN, ,O,54.03,1000.00,0.0,1.54,1.0,<Residue ASN het=  resseq=63 icode= >,3kmp_A_A,2.7
425,10.957,ASN, ,CB,70.29,1000.00,0.0,0.81,1.0,<Residue ASN het=  resseq=63 icode= >,3kmp_A_A,2.7
426,7.052,ASN, ,CG,82.35,1000.00,0.0,1.72,1.0,<Residue ASN het=  resseq=63 icode= >,3kmp_A_A,2.7
427,33.944,ASN, ,OD1,74.96,1000.00,0.0,1.50,1.0,<Residue ASN het=  resseq=63 icode= >,3kmp_A_A,2.7
428,47.399,ASN, ,ND2,75.11,1000.00,0.0,0.93,1.0,<Residue ASN het=  resseq=63 icode= >,3kmp_A_A,2.7
429,3.808,CYS, ,N,58.88,1000.00,0.0,2.50,1.0,<Residue CYS het=  resseq=64 icode= >,3kmp_A_A,2.7
430,0.0,CYS, ,CA,56.72,1000.00,0.0,2.95,1.0,<Residue CYS het=  resseq=64 icode= >,3kmp_A_A,2.7
431,0.0,CYS, ,C,56.76,1000.00,0.0,3.00,1.0,<Residue CYS het=  resseq=64 icode= >,3kmp_A_A,2.7
432,16.785,CYS, ,O,51.57,1000.00,0.0,1.75,1.0,<Residue CYS het=  resseq=64 icode= >,3kmp_A_A,2.7
433,7.471,CYS, ,CB,48.52,1000.00,0.0,2.97,1.0,<Residue CYS het=  resseq=64 icode= >,3kmp_A_A,2.7
434,2.829,CYS, ,SG,68.43,1000.00,0.0,3.92,1.0,<Residue CYS het=  resseq=64 icode= >,3kmp_A_A,2.7
435,0.0,VAL, ,N,49.51,17.09,0.0,1.98,1.0,<Residue VAL het=  resseq=65 icode= >,3kmp_A_A,2.7
436,2.999,VAL, ,CA,49.57,16.10,0.0,2.38,1.0,<Residue VAL het=  resseq=65 icode= >,3kmp_A_A,2.7
437,0.0,VAL, ,C,51.52,14.75,0.0,3.54,1.0,<Residue VAL het=  resseq=65 icode= >,3kmp_A_A,2.7
438,0.0,VAL, ,O,46.61,14.27,0.0,2.14,1.0,<Residue VAL het=  resseq=65 icode= >,3kmp_A_A,2.7
439,0.0,VAL, ,CB,56.67,16.23,0.0,2.46,1.0,<Residue VAL het=  resseq=65 icode= >,3kmp_A_A,2.7
440,0.002,VAL, ,CG1,52.46,15.39,0.0,1.10,1.0,<Residue VAL het=  resseq=65 icode= >,3kmp_A_A,2.7
441,0.269,VAL, ,CG2,55.92,17.70,0.0,0.73,1.0,<Residue VAL het=  resseq=65 icode= >,3kmp_A_A,2.7
442,2.897,THR, ,N,48.38,14.24,0.0,2.50,1.0,<Residue THR het=  resseq=66 icode= >,3kmp_A_A,2.7
443,0.0,THR, ,CA,53.62,13.14,0.0,2.87,1.0,<Residue THR het=  resseq=66 icode= >,3kmp_A_A,2.7
444,0.0,THR, ,C,42.61,11.87,0.0,3.81,1.0,<Residue THR het=  resseq=66 icode= >,3kmp_A_A,2.7
445,0.11,THR, ,O,56.25,11.98,0.0,2.62,1.0,<Residue THR het=  resseq=66 icode= >,3kmp_A_A,2.7
446,0.0,THR, ,CB,45.37,13.68,0.0,3.16,1.0,<Residue THR het=  resseq=66 icode= >,3kmp_A_A,2.7
447,7.129,THR, ,OG1,50.65,13.91,0.0,2.23,1.0,<Residue THR het=  resseq=66 icode= >,3kmp_A_A,2.7
448,3.152,THR, ,CG2,50.63,15.04,0.0,0.87,1.0,<Residue THR het=  resseq=66 icode= >,3kmp_A_A,2.7
449,0.0,ILE, ,N,55.56,10.78,0.0,2.93,1.0,<Residue ILE het=  resseq=67 icode= >,3kmp_A_A,2.7
450,0.279,ILE, ,CA,47.46,9.53,0.0,3.21,1.0,<Residue ILE het=  resseq=67 icode= >,3kmp_A_A,2.7
451,0.0,ILE, ,C,48.78,9.25,0.0,4.04,1.0,<Residue ILE het=  resseq=67 icode= >,3kmp_A_A,2.7
452,0.0,ILE, ,O,53.15,9.89,0.0,2.49,1.0,<Residue ILE het=  resseq=67 icode= >,3kmp_A_A,2.7
453,0.074,ILE, ,CB,39.63,8.46,0.0,3.13,1.0,<Residue ILE het=  resseq=67 icode= >,3kmp_A_A,2.7
454,0.0,ILE, ,CG1,38.79,8.38,0.0,2.33,1.0,<Residue ILE het=  resseq=67 icode= >,3kmp_A_A,2.7
455,0.541,ILE, ,CG2,39.61,9.02,0.0,1.96,1.0,<Residue ILE het=  resseq=67 icode= >,3kmp_A_A,2.7
456,2.454,ILE, ,CD1,38.29,7.55,0.0,0.59,1.0,<Residue ILE het=  resseq=67 icode= >,3kmp_A_A,2.7
457,0.0,PRO, ,N,52.11,8.56,0.0,3.96,1.0,<Residue PRO het=  resseq=68 icode= >,3kmp_A_A,2.7
458,0.081,PRO, ,CA,53.82,8.43,0.0,3.27,1.0,<Residue PRO het=  resseq=68 icode= >,3kmp_A_A,2.7
459,0.059,PRO, ,C,52.82,7.95,0.0,3.54,1.0,<Residue PRO het=  resseq=68 icode= >,3kmp_A_A,2.7
460,10.792,PRO, ,O,48.55,7.06,0.0,1.66,1.0,<Residue PRO het=  resseq=68 icode= >,3kmp_A_A,2.7
461,32.135,PRO, ,CB,56.4,7.63,0.0,1.70,1.0,<Residue PRO het=  resseq=68 icode= >,3kmp_A_A,2.7
462,37.287,PRO, ,CG,46.14,7.98,0.0,1.71,1.0,<Residue PRO het=  resseq=68 icode= >,3kmp_A_A,2.7
463,8.379,PRO, ,CD,61.82,8.16,0.0,1.73,1.0,<Residue PRO het=  resseq=68 icode= >,3kmp_A_A,2.7
464,0.019,ARG, ,N,51.9,7.82,0.0,3.63,1.0,<Residue ARG het=  resseq=69 icode= >,3kmp_A_A,2.7
465,1.202,ARG, ,CA,46.99,7.19,0.0,3.49,1.0,<Residue ARG het=  resseq=69 icode= >,3kmp_A_A,2.7
466,1.027,ARG, ,C,58.18,5.68,0.0,3.51,1.0,<Residue ARG het=  resseq=69 icode= >,3kmp_A_A,2.7
467,22.759,ARG, ,O,66.16,5.38,0.0,1.85,1.0,<Residue ARG het=  resseq=69 icode= >,3kmp_A_A,2.7
468,1.242,ARG, ,CB,49.11,8.01,0.0,2.08,1.0,<Residue ARG het=  resseq=69 icode= >,3kmp_A_A,2.7
469,0.316,ARG, ,CG,85.21,8.09,0.0,0.59,1.0,<Residue ARG het=  resseq=69 icode= >,3kmp_A_A,2.7
470,6.76,ARG, ,CD,98.79,8.74,0.0,0.68,1.0,<Residue ARG het=  resseq=69 icode= >,3kmp_A_A,2.7
471,5.01,ARG, ,NE,108.2,8.57,0.0,0.60,1.0,<Residue ARG het=  resseq=69 icode= >,3kmp_A_A,2.7
472,0.0,ARG, ,CZ,99.58,9.43,0.0,1.52,1.0,<Residue ARG het=  resseq=69 icode= >,3kmp_A_A,2.7
473,0.14,ARG, ,NH1,88.78,10.43,0.0,0.84,1.0,<Residue ARG het=  resseq=69 icode= >,3kmp_A_A,2.7
474,3.78,ARG, ,NH2,88.09,9.50,0.0,1.34,1.0,<Residue ARG het=  resseq=69 icode= >,3kmp_A_A,2.7
475,3.001,SER, ,N,63.27,4.99,0.0,2.21,1.0,<Residue SER het=  resseq=70 icode= >,3kmp_A_A,2.7
476,9.578,SER, ,CA,54.16,3.57,5.186,2.68,1.0,<Residue SER het=  resseq=70 icode= >,3kmp_A_A,2.7
477,1.588,SER, ,C,56.31,3.76,0.0,3.43,1.0,<Residue SER het=  resseq=70 icode= >,3kmp_A_A,2.7
478,1.953,SER, ,O,58.87,4.97,0.0,2.28,1.0,<Residue SER het=  resseq=70 icode= >,3kmp_A_A,2.7
479,31.859,SER, ,CB,54.28,3.38,24.934,1.55,1.0,<Residue SER het=  resseq=70 icode= >,3kmp_A_A,2.7
480,0.026,SER, ,OG,45.57,4.60,0.0,1.74,1.0,<Residue SER het=  resseq=70 icode= >,3kmp_A_A,2.7
481,3.499,LEU, ,N,45.61,2.98,3.117,2.97,1.0,<Residue LEU het=  resseq=71 icode= >,3kmp_A_A,2.7
482,4.202,LEU, ,CA,49.46,3.97,0.0,2.95,1.0,<Residue LEU het=  resseq=71 icode= >,3kmp_A_A,2.7
483,1.383,LEU, ,C,45.85,5.02,0.0,3.75,1.0,<Residue LEU het=  resseq=71 icode= >,3kmp_A_A,2.7
484,24.959,LEU, ,O,54.97,6.19,0.0,2.45,1.0,<Residue LEU het=  resseq=71 icode= >,3kmp_A_A,2.7
485,19.013,LEU, ,CB,56.61,3.78,2.962,1.72,1.0,<Residue LEU het=  resseq=71 icode= >,3kmp_A_A,2.7
486,9.297,LEU, ,CG,55.8,3.59,9.297,1.98,1.0,<Residue LEU het=  resseq=71 icode= >,3kmp_A_A,2.7
487,67.054,LEU, ,CD1,58.17,3.50,40.712,0.41,1.0,<Residue LEU het=  resseq=71 icode= >,3kmp_A_A,2.7
488,60.803,LEU, ,CD2,49.77,4.49,2.238,1.38,1.0,<Residue LEU het=  resseq=71 icode= >,3kmp_A_A,2.7
489,0.968,ASP, ,N,46.75,4.89,0.177,2.50,1.0,<Residue ASP het=  resseq=72 icode= >,3kmp_A_A,2.7
490,8.93,ASP, ,CA,52.15,6.20,0.0,2.79,1.0,<Residue ASP het=  resseq=72 icode= >,3kmp_A_A,2.7
491,0.589,ASP, ,C,55.35,6.88,0.0,3.61,1.0,<Residue ASP het=  resseq=72 icode= >,3kmp_A_A,2.7
492,17.299,ASP, ,O,50.98,7.22,0.0,2.76,1.0,<Residue ASP het=  resseq=72 icode= >,3kmp_A_A,2.7
493,35.662,ASP, ,CB,48.9,6.47,0.0,1.74,1.0,<Residue ASP het=  resseq=72 icode= >,3kmp_A_A,2.7
494,7.356,ASP, ,CG,56.81,5.97,2.799,2.64,1.0,<Residue ASP het=  resseq=72 icode= >,3kmp_A_A,2.7
495,3.947,ASP, ,OD1,68.41,5.47,0.0,1.03,1.0,<Residue ASP het=  resseq=72 icode= >,3kmp_A_A,2.7
496,8.942,ASP, ,OD2,57.39,5.56,1.914,1.70,1.0,<Residue ASP het=  resseq=72 icode= >,3kmp_A_A,2.7
497,0.0,GLY, ,N,49.08,6.36,0.0,2.62,1.0,<Residue GLY het=  resseq=73 icode= >,3kmp_A_A,2.7
498,0.0,GLY, ,CA,62.36,7.33,0.0,1.84,1.0,<Residue GLY het=  resseq=73 icode= >,3kmp_A_A,2.7
499,0.0,GLY, ,C,65.41,7.47,0.0,2.42,1.0,<Residue GLY het=  resseq=73 icode= >,3kmp_A_A,2.7
500,0.982,GLY, ,O,58.56,7.40,0.0,1.51,1.0,<Residue GLY het=  resseq=73 icode= >,3kmp_A_A,2.7
501,0.0,ARG, ,N,51.11,6.90,0.0,2.05,1.0,<Residue ARG het=  resseq=74 icode= >,3kmp_A_A,2.7
502,0.0,ARG, ,CA,44.11,6.14,0.0,2.93,1.0,<Residue ARG het=  resseq=74 icode= >,3kmp_A_A,2.7
503,0.652,ARG, ,C,36.46,4.76,0.139,3.47,1.0,<Residue ARG het=  resseq=74 icode= >,3kmp_A_A,2.7
504,8.879,ARG, ,O,48.96,4.15,3.811,2.04,1.0,<Residue ARG het=  resseq=74 icode= >,3kmp_A_A,2.7
505,0.544,ARG, ,CB,42.01,6.34,0.0,1.48,1.0,<Residue ARG het=  resseq=74 icode= >,3kmp_A_A,2.7
506,4.27,ARG, ,CG,56.27,5.71,0.0,1.35,1.0,<Residue ARG het=  resseq=74 icode= >,3kmp_A_A,2.7
507,16.989,ARG, ,CD,49.49,4.67,5.032,1.81,1.0,<Residue ARG het=  resseq=74 icode= >,3kmp_A_A,2.7
508,2.514,ARG, ,NE,46.57,4.27,1.838,2.28,1.0,<Residue ARG het=  resseq=74 icode= >,3kmp_A_A,2.7
509,4.388,ARG, ,CZ,55.06,3.80,4.388,3.48,1.0,<Residue ARG het=  resseq=74 icode= >,3kmp_A_A,2.7
510,37.434,ARG, ,NH1,55.62,3.10,34.456,0.78,1.0,<Residue ARG het=  resseq=74 icode= >,3kmp_A_A,2.7
511,40.507,ARG, ,NH2,39.65,2.85,36.688,1.64,1.0,<Residue ARG het=  resseq=74 icode= >,3kmp_A_A,2.7
512,0.0,LEU, ,N,36.42,4.65,0.0,2.93,1.0,<Residue LEU het=  resseq=75 icode= >,3kmp_A_A,2.7
513,1.864,LEU, ,CA,35.39,3.75,1.849,3.47,1.0,<Residue LEU het=  resseq=75 icode= >,3kmp_A_A,2.7
514,0.0,LEU, ,C,47.17,3.77,0.0,3.64,1.0,<Residue LEU het=  resseq=75 icode= >,3kmp_A_A,2.7
515,0.249,LEU, ,O,39.75,4.88,0.0,2.24,1.0,<Residue LEU het=  resseq=75 icode= >,3kmp_A_A,2.7
516,1.106,LEU, ,CB,35.19,4.77,0.0,2.74,1.0,<Residue LEU het=  resseq=75 icode= >,3kmp_A_A,2.7
517,0.0,LEU, ,CG,42.63,4.77,0.0,2.59,1.0,<Residue LEU het=  resseq=75 icode= >,3kmp_A_A,2.7
518,23.467,LEU, ,CD1,35.43,3.67,14.803,1.42,1.0,<Residue LEU het=  resseq=75 icode= >,3kmp_A_A,2.7
519,0.605,LEU, ,CD2,45.11,6.08,0.0,0.97,1.0,<Residue LEU het=  resseq=75 icode= >,3kmp_A_A,2.7
520,4.627,GLN, ,N,34.96,2.96,4.627,3.42,1.0,<Residue GLN het=  resseq=76 icode= >,3kmp_A_A,2.7
521,0.0,GLN, ,CA,38.93,3.84,0.0,3.47,1.0,<Residue GLN het=  resseq=76 icode= >,3kmp_A_A,2.7
522,0.26,GLN, ,C,36.04,4.10,0.26,4.27,1.0,<Residue GLN het=  resseq=76 icode= >,3kmp_A_A,2.7
523,19.297,GLN, ,O,41.63,3.15,18.728,3.22,1.0,<Residue GLN het=  resseq=76 icode= >,3kmp_A_A,2.7
524,11.999,GLN, ,CB,39.0,3.66,11.999,1.76,1.0,<Residue GLN het=  resseq=76 icode= >,3kmp_A_A,2.7
525,0.349,GLN, ,CG,35.08,4.13,0.349,2.08,1.0,<Residue GLN het=  resseq=76 icode= >,3kmp_A_A,2.7
526,6.316,GLN, ,CD,37.83,3.76,4.738,4.37,1.0,<Residue GLN het=  resseq=76 icode= >,3kmp_A_A,2.7
527,15.47,GLN, ,OE1,44.68,3.10,15.47,1.70,1.0,<Residue GLN het=  resseq=76 icode= >,3kmp_A_A,2.7
528,36.84,GLN, ,NE2,38.81,3.73,34.521,1.86,1.0,<Residue GLN het=  resseq=76 icode= >,3kmp_A_A,2.7
529,0.109,VAL, ,N,36.36,4.55,0.0,3.07,1.0,<Residue VAL het=  resseq=77 icode= >,3kmp_A_A,2.7
530,3.706,VAL, ,CA,42.84,3.67,3.706,2.99,1.0,<Residue VAL het=  resseq=77 icode= >,3kmp_A_A,2.7
531,0.0,VAL, ,C,42.23,3.78,0.0,3.80,1.0,<Residue VAL het=  resseq=77 icode= >,3kmp_A_A,2.7
532,0.0,VAL, ,O,38.27,4.98,0.0,2.34,1.0,<Residue VAL het=  resseq=77 icode= >,3kmp_A_A,2.7
533,0.0,VAL, ,CB,45.64,4.66,0.0,2.57,1.0,<Residue VAL het=  resseq=77 icode= >,3kmp_A_A,2.7
534,4.715,VAL, ,CG1,43.37,4.49,2.336,0.79,1.0,<Residue VAL het=  resseq=77 icode= >,3kmp_A_A,2.7
535,0.248,VAL, ,CG2,33.82,4.94,0.084,0.84,1.0,<Residue VAL het=  resseq=77 icode= >,3kmp_A_A,2.7
536,11.555,SER, ,N,39.58,2.93,11.547,2.89,1.0,<Residue SER het=  resseq=78 icode= >,3kmp_A_A,2.7
537,15.157,SER, ,CA,36.95,3.82,4.989,3.28,1.0,<Residue SER het=  resseq=78 icode= >,3kmp_A_A,2.7
538,0.0,SER, ,C,44.85,5.01,0.0,3.30,1.0,<Residue SER het=  resseq=78 icode= >,3kmp_A_A,2.7
539,1.878,SER, ,O,64.85,6.11,0.0,1.13,1.0,<Residue SER het=  resseq=78 icode= >,3kmp_A_A,2.7
540,10.101,SER, ,CB,35.83,4.64,0.404,2.85,1.0,<Residue SER het=  resseq=78 icode= >,3kmp_A_A,2.7
541,13.894,SER, ,OG,51.82,5.77,0.0,1.87,1.0,<Residue SER het=  resseq=78 icode= >,3kmp_A_A,2.7
542,3.035,HIS,x,N,37.73,5.10,2.11,3.14,0.53,<Residue HIS het=  resseq=79 icode= >,3kmp_A_A,2.7
543,1.174,HIS,x,CA,47.95,5.94,0.0,3.09,0.53,<Residue HIS het=  resseq=79 icode= >,3kmp_A_A,2.7
544,2.011,HIS,x,C,54.61,5.69,1.38,3.28,0.53,<Residue HIS het=  resseq=79 icode= >,3kmp_A_A,2.7
545,17.268,HIS,x,O,63.36,4.53,11.191,0.79,0.53,<Residue HIS het=  resseq=79 icode= >,3kmp_A_A,2.7
546,30.742,HIS,x,CB,53.96,5.84,2.845,1.56,0.53,<Residue HIS het=  resseq=79 icode= >,3kmp_A_A,2.7
547,1.796,HIS,x,CG,56.37,5.85,0.0,1.50,0.53,<Residue HIS het=  resseq=79 icode= >,3kmp_A_A,2.7
548,14.846,HIS,x,ND1,58.4,7.06,0.0,1.20,0.53,<Residue HIS het=  resseq=79 icode= >,3kmp_A_A,2.7
549,24.278,HIS,x,CD2,46.06,5.01,6.114,0.95,0.53,<Residue HIS het=  resseq=79 icode= >,3kmp_A_A,2.7
550,39.785,HIS,x,CE1,47.34,7.11,0.0,1.52,0.53,<Residue HIS het=  resseq=79 icode= >,3kmp_A_A,2.7
551,31.604,HIS,x,NE2,37.79,5.97,0.0,1.78,0.53,<Residue HIS het=  resseq=79 icode= >,3kmp_A_A,2.7
552,0.0,ARG, ,N,57.16,6.54,0.0,1.95,1.0,<Residue ARG het=  resseq=80 icode= >,3kmp_A_A,2.7
553,4.704,ARG, ,CA,45.35,6.36,0.247,3.19,1.0,<Residue ARG het=  resseq=80 icode= >,3kmp_A_A,2.7
554,0.0,ARG, ,C,43.05,6.27,0.0,3.62,1.0,<Residue ARG het=  resseq=80 icode= >,3kmp_A_A,2.7
555,0.124,ARG, ,O,44.97,6.97,0.0,2.17,1.0,<Residue ARG het=  resseq=80 icode= >,3kmp_A_A,2.7
556,3.621,ARG, ,CB,34.03,7.26,0.0,2.74,1.0,<Residue ARG het=  resseq=80 icode= >,3kmp_A_A,2.7
557,16.514,ARG, ,CG,44.49,7.19,0.0,1.67,1.0,<Residue ARG het=  resseq=80 icode= >,3kmp_A_A,2.7
558,14.633,ARG, ,CD,54.33,7.58,0.0,1.67,1.0,<Residue ARG het=  resseq=80 icode= >,3kmp_A_A,2.7
559,13.186,ARG, ,NE,68.54,8.37,0.0,1.70,1.0,<Residue ARG het=  resseq=80 icode= >,3kmp_A_A,2.7
560,4.053,ARG, ,CZ,68.75,9.03,0.0,2.86,1.0,<Residue ARG het=  resseq=80 icode= >,3kmp_A_A,2.7
561,11.74,ARG, ,NH1,52.25,9.02,0.0,1.88,1.0,<Residue ARG het=  resseq=80 icode= >,3kmp_A_A,2.7
562,25.198,ARG, ,NH2,62.36,9.85,0.0,1.55,1.0,<Residue ARG het=  resseq=80 icode= >,3kmp_A_A,2.7
563,7.045,LYS, ,N,41.31,5.67,1.442,2.79,1.0,<Residue LYS het=  resseq=81 icode= >,3kmp_A_A,2.7
564,0.0,LYS, ,CA,40.26,6.14,0.0,3.27,1.0,<Residue LYS het=  resseq=81 icode= >,3kmp_A_A,2.7
565,1.202,LYS, ,C,41.97,6.13,0.0,3.19,1.0,<Residue LYS het=  resseq=81 icode= >,3kmp_A_A,2.7
566,27.86,LYS, ,O,51.61,5.02,4.713,1.14,1.0,<Residue LYS het=  resseq=81 icode= >,3kmp_A_A,2.7
567,4.285,LYS, ,CB,39.01,5.21,2.561,1.82,1.0,<Residue LYS het=  resseq=81 icode= >,3kmp_A_A,2.7
568,3.276,LYS, ,CG,55.11,4.67,3.181,1.02,1.0,<Residue LYS het=  resseq=81 icode= >,3kmp_A_A,2.7
569,10.102,LYS, ,CD,51.58,3.65,10.102,1.74,1.0,<Residue LYS het=  resseq=81 icode= >,3kmp_A_A,2.7
570,29.505,LYS, ,CE,36.99,3.03,29.457,1.97,1.0,<Residue LYS het=  resseq=81 icode= >,3kmp_A_A,2.7
571,28.074,LYS, ,NZ,81.88,3.18,24.271,0.11,1.0,<Residue LYS het=  resseq=81 icode= >,3kmp_A_A,2.7
572,0.095,GLY, ,N,44.84,7.25,0.0,2.71,1.0,<Residue GLY het=  resseq=82 icode= >,3kmp_A_A,2.7
573,19.412,GLY, ,CA,35.29,7.46,0.0,2.39,1.0,<Residue GLY het=  resseq=82 icode= >,3kmp_A_A,2.7
574,0.0,GLY, ,C,43.21,8.33,0.0,3.57,1.0,<Residue GLY het=  resseq=82 icode= >,3kmp_A_A,2.7
575,0.0,GLY, ,O,48.26,7.19,0.0,2.00,1.0,<Residue GLY het=  resseq=82 icode= >,3kmp_A_A,2.7
576,3.027,LEU, ,N,47.61,8.29,0.0,2.23,1.0,<Residue LEU het=  resseq=83 icode= >,3kmp_A_A,2.7
577,0.0,LEU, ,CA,46.86,9.32,0.0,2.92,1.0,<Residue LEU het=  resseq=83 icode= >,3kmp_A_A,2.7
578,0.0,LEU, ,C,38.14,9.68,0.0,4.37,1.0,<Residue LEU het=  resseq=83 icode= >,3kmp_A_A,2.7
579,0.0,LEU, ,O,44.24,10.41,0.0,2.02,1.0,<Residue LEU het=  resseq=83 icode= >,3kmp_A_A,2.7
580,0.0,LEU, ,CB,55.1,8.87,0.0,1.47,1.0,<Residue LEU het=  resseq=83 icode= >,3kmp_A_A,2.7
581,7.413,LEU, ,CG,55.53,7.55,0.0,2.32,1.0,<Residue LEU het=  resseq=83 icode= >,3kmp_A_A,2.7
582,15.856,LEU, ,CD1,39.1,6.51,0.0,1.03,1.0,<Residue LEU het=  resseq=83 icode= >,3kmp_A_A,2.7
583,6.363,LEU, ,CD2,38.17,7.91,0.0,0.98,1.0,<Residue LEU het=  resseq=83 icode= >,3kmp_A_A,2.7
584,0.0,PRO, ,N,36.8,9.14,0.0,4.93,1.0,<Residue PRO het=  resseq=84 icode= >,3kmp_A_A,2.7
585,0.0,PRO, ,CA,46.27,9.41,0.0,3.57,1.0,<Residue PRO het=  resseq=84 icode= >,3kmp_A_A,2.7
586,0.0,PRO, ,C,41.31,10.92,0.0,4.32,1.0,<Residue PRO het=  resseq=84 icode= >,3kmp_A_A,2.7
587,0.0,PRO, ,O,39.85,11.43,0.0,2.34,1.0,<Residue PRO het=  resseq=84 icode= >,3kmp_A_A,2.7
588,0.0,PRO, ,CB,49.65,9.00,0.0,2.00,1.0,<Residue PRO het=  resseq=84 icode= >,3kmp_A_A,2.7
589,4.333,PRO, ,CG,51.15,8.09,0.0,2.28,1.0,<Residue PRO het=  resseq=84 icode= >,3kmp_A_A,2.7
590,0.0,PRO, ,CD,40.41,8.60,0.0,2.78,1.0,<Residue PRO het=  resseq=84 icode= >,3kmp_A_A,2.7
591,0.0,HIS, ,N,36.81,11.75,0.0,3.14,1.0,<Residue HIS het=  resseq=85 icode= >,3kmp_A_A,2.7
592,0.421,HIS, ,CA,54.15,13.17,0.0,3.08,1.0,<Residue HIS het=  resseq=85 icode= >,3kmp_A_A,2.7
593,0.0,HIS, ,C,44.03,13.11,0.0,3.94,1.0,<Residue HIS het=  resseq=85 icode= >,3kmp_A_A,2.7
594,0.0,HIS, ,O,38.13,13.78,0.0,2.36,1.0,<Residue HIS het=  resseq=85 icode= >,3kmp_A_A,2.7
595,0.0,HIS, ,CB,38.29,13.52,0.0,2.12,1.0,<Residue HIS het=  resseq=85 icode= >,3kmp_A_A,2.7
596,0.0,HIS, ,CG,54.15,12.09,0.0,4.00,1.0,<Residue HIS het=  resseq=85 icode= >,3kmp_A_A,2.7
597,0.0,HIS, ,ND1,46.09,11.13,0.0,2.75,1.0,<Residue HIS het=  resseq=85 icode= >,3kmp_A_A,2.7
598,1.436,HIS, ,CD2,39.54,11.58,0.0,3.10,1.0,<Residue HIS het=  resseq=85 icode= >,3kmp_A_A,2.7
599,0.0,HIS, ,CE1,40.76,9.96,0.0,3.41,1.0,<Residue HIS het=  resseq=85 icode= >,3kmp_A_A,2.7
600,3.908,HIS, ,NE2,47.54,10.24,0.0,3.56,1.0,<Residue HIS het=  resseq=85 icode= >,3kmp_A_A,2.7
601,0.0,VAL, ,N,36.41,11.78,0.0,2.97,1.0,<Residue VAL het=  resseq=86 icode= >,3kmp_A_A,2.7
602,0.0,VAL, ,CA,43.27,11.07,0.0,3.42,1.0,<Residue VAL het=  resseq=86 icode= >,3kmp_A_A,2.7
603,0.0,VAL, ,C,41.64,11.46,0.0,4.07,1.0,<Residue VAL het=  resseq=86 icode= >,3kmp_A_A,2.7
604,0.0,VAL, ,O,36.16,11.92,0.0,3.02,1.0,<Residue VAL het=  resseq=86 icode= >,3kmp_A_A,2.7
605,0.07,VAL, ,CB,49.05,9.54,0.0,2.53,1.0,<Residue VAL het=  resseq=86 icode= >,3kmp_A_A,2.7
606,5.608,VAL, ,CG1,36.05,8.98,0.0,1.23,1.0,<Residue VAL het=  resseq=86 icode= >,3kmp_A_A,2.7
607,1.413,VAL, ,CG2,37.42,9.33,0.0,1.33,1.0,<Residue VAL het=  resseq=86 icode= >,3kmp_A_A,2.7
608,0.0,ILE, ,N,34.72,11.50,0.0,3.80,1.0,<Residue ILE het=  resseq=87 icode= >,3kmp_A_A,2.7
609,0.597,ILE, ,CA,44.66,12.09,0.0,4.05,1.0,<Residue ILE het=  resseq=87 icode= >,3kmp_A_A,2.7
610,0.0,ILE, ,C,34.0,13.29,0.0,4.83,1.0,<Residue ILE het=  resseq=87 icode= >,3kmp_A_A,2.7
611,0.754,ILE, ,O,37.94,13.87,0.0,3.15,1.0,<Residue ILE het=  resseq=87 icode= >,3kmp_A_A,2.7
612,0.0,ILE, ,CB,33.9,10.88,0.0,3.59,1.0,<Residue ILE het=  resseq=87 icode= >,3kmp_A_A,2.7
613,1.32,ILE, ,CG1,33.89,10.19,0.0,3.00,1.0,<Residue ILE het=  resseq=87 icode= >,3kmp_A_A,2.7
614,0.054,ILE, ,CG2,33.49,10.71,0.0,1.69,1.0,<Residue ILE het=  resseq=87 icode= >,3kmp_A_A,2.7
615,0.284,ILE, ,CD1,37.29,8.71,0.0,1.31,1.0,<Residue ILE het=  resseq=87 icode= >,3kmp_A_A,2.7
616,0.0,TYR, ,N,34.56,13.27,0.0,3.46,1.0,<Residue TYR het=  resseq=88 icode= >,3kmp_A_A,2.7
617,0.0,TYR, ,CA,42.73,13.91,0.0,3.29,1.0,<Residue TYR het=  resseq=88 icode= >,3kmp_A_A,2.7
618,0.0,TYR, ,C,45.86,15.40,0.0,4.08,1.0,<Residue TYR het=  resseq=88 icode= >,3kmp_A_A,2.7
619,0.0,TYR, ,O,44.58,15.90,0.0,2.96,1.0,<Residue TYR het=  resseq=88 icode= >,3kmp_A_A,2.7
620,0.165,TYR, ,CB,35.5,13.51,0.0,2.81,1.0,<Residue TYR het=  resseq=88 icode= >,3kmp_A_A,2.7
621,0.0,TYR, ,CG,35.23,12.03,0.0,4.13,1.0,<Residue TYR het=  resseq=88 icode= >,3kmp_A_A,2.7
622,0.0,TYR, ,CD1,35.98,11.12,0.0,2.81,1.0,<Residue TYR het=  resseq=88 icode= >,3kmp_A_A,2.7
623,0.0,TYR, ,CD2,34.81,11.41,0.0,2.37,1.0,<Residue TYR het=  resseq=88 icode= >,3kmp_A_A,2.7
624,0.0,TYR, ,CE1,35.23,9.89,0.0,3.32,1.0,<Residue TYR het=  resseq=88 icode= >,3kmp_A_A,2.7
625,0.0,TYR, ,CE2,34.68,10.04,0.0,2.74,1.0,<Residue TYR het=  resseq=88 icode= >,3kmp_A_A,2.7
626,0.0,TYR, ,CZ,43.36,9.25,0.0,4.55,1.0,<Residue TYR het=  resseq=88 icode= >,3kmp_A_A,2.7
627,0.995,TYR, ,OH,38.74,7.89,0.0,2.84,1.0,<Residue TYR het=  resseq=88 icode= >,3kmp_A_A,2.7
628,0.0,CYS, ,N,35.36,15.32,0.0,3.10,1.0,<Residue CYS het=  resseq=89 icode= >,3kmp_A_A,2.7
629,0.0,CYS, ,CA,36.53,15.67,0.0,3.30,1.0,<Residue CYS het=  resseq=89 icode= >,3kmp_A_A,2.7
630,0.0,CYS, ,C,45.21,15.46,0.0,4.24,1.0,<Residue CYS het=  resseq=89 icode= >,3kmp_A_A,2.7
631,0.0,CYS, ,O,37.02,16.32,0.0,2.99,1.0,<Residue CYS het=  resseq=89 icode= >,3kmp_A_A,2.7
632,0.0,CYS, ,CB,36.77,15.09,0.0,1.50,1.0,<Residue CYS het=  resseq=89 icode= >,3kmp_A_A,2.7
633,0.609,CYS, ,SG,43.08,15.98,0.0,3.89,1.0,<Residue CYS het=  resseq=89 icode= >,3kmp_A_A,2.7
634,0.0,ARG, ,N,34.4,14.43,0.0,2.94,1.0,<Residue ARG het=  resseq=90 icode= >,3kmp_A_A,2.7
635,0.0,ARG, ,CA,37.92,14.43,0.0,3.69,1.0,<Residue ARG het=  resseq=90 icode= >,3kmp_A_A,2.7
636,0.652,ARG, ,C,45.32,15.68,0.0,3.80,1.0,<Residue ARG het=  resseq=90 icode= >,3kmp_A_A,2.7
637,3.436,ARG, ,O,50.63,16.35,0.0,1.79,1.0,<Residue ARG het=  resseq=90 icode= >,3kmp_A_A,2.7
638,7.252,ARG, ,CB,33.54,13.28,0.0,2.39,1.0,<Residue ARG het=  resseq=90 icode= >,3kmp_A_A,2.7
639,0.0,ARG, ,CG,43.51,12.07,0.0,2.05,1.0,<Residue ARG het=  resseq=90 icode= >,3kmp_A_A,2.7
640,11.364,ARG, ,CD,33.89,11.23,0.0,2.31,1.0,<Residue ARG het=  resseq=90 icode= >,3kmp_A_A,2.7
641,3.92,ARG, ,NE,71.2,9.94,0.0,1.88,1.0,<Residue ARG het=  resseq=90 icode= >,3kmp_A_A,2.7
642,4.755,ARG, ,CZ,61.23,8.81,0.0,2.48,1.0,<Residue ARG het=  resseq=90 icode= >,3kmp_A_A,2.7
643,22.213,ARG, ,NH1,51.8,8.96,0.0,1.35,1.0,<Residue ARG het=  resseq=90 icode= >,3kmp_A_A,2.7
644,21.843,ARG, ,NH2,47.49,7.68,0.0,1.73,1.0,<Residue ARG het=  resseq=90 icode= >,3kmp_A_A,2.7
645,0.0,VAL, ,N,33.43,16.07,0.0,2.98,1.0,<Residue VAL het=  resseq=91 icode= >,3kmp_A_A,2.7
646,6.753,VAL, ,CA,39.56,16.02,0.0,3.89,1.0,<Residue VAL het=  resseq=91 icode= >,3kmp_A_A,2.7
647,0.0,VAL, ,C,39.54,17.21,0.0,4.59,1.0,<Residue VAL het=  resseq=91 icode= >,3kmp_A_A,2.7
648,23.15,VAL, ,O,43.4,17.88,0.0,2.28,1.0,<Residue VAL het=  resseq=91 icode= >,3kmp_A_A,2.7
649,0.0,VAL, ,CB,45.99,14.70,0.0,3.18,1.0,<Residue VAL het=  resseq=91 icode= >,3kmp_A_A,2.7
650,12.918,VAL, ,CG1,33.7,14.84,0.0,1.38,1.0,<Residue VAL het=  resseq=91 icode= >,3kmp_A_A,2.7
651,3.163,VAL, ,CG2,32.97,13.55,0.0,1.74,1.0,<Residue VAL het=  resseq=91 icode= >,3kmp_A_A,2.7
652,0.0,TRP, ,N,34.41,17.59,0.0,3.04,1.0,<Residue TRP het=  resseq=92 icode= >,3kmp_A_A,2.7
653,3.139,TRP, ,CA,37.88,18.61,0.0,3.52,1.0,<Residue TRP het=  resseq=92 icode= >,3kmp_A_A,2.7
654,3.589,TRP, ,C,43.9,19.95,0.0,3.78,1.0,<Residue TRP het=  resseq=92 icode= >,3kmp_A_A,2.7
655,15.485,TRP, ,O,37.08,20.92,0.0,2.47,1.0,<Residue TRP het=  resseq=92 icode= >,3kmp_A_A,2.7
656,0.902,TRP, ,CB,37.82,18.27,0.0,1.87,1.0,<Residue TRP het=  resseq=92 icode= >,3kmp_A_A,2.7
657,0.0,TRP, ,CG,47.61,17.28,0.0,3.21,1.0,<Residue TRP het=  resseq=92 icode= >,3kmp_A_A,2.7
658,19.215,TRP, ,CD1,45.45,17.45,0.0,2.88,1.0,<Residue TRP het=  resseq=92 icode= >,3kmp_A_A,2.7
659,0.0,TRP, ,CD2,50.67,16.06,0.0,3.18,1.0,<Residue TRP het=  resseq=92 icode= >,3kmp_A_A,2.7
660,18.012,TRP, ,NE1,41.17,16.43,0.0,3.08,1.0,<Residue TRP het=  resseq=92 icode= >,3kmp_A_A,2.7
661,0.0,TRP, ,CE2,49.84,15.51,0.0,3.86,1.0,<Residue TRP het=  resseq=92 icode= >,3kmp_A_A,2.7
662,0.0,TRP, ,CE3,48.18,15.48,0.0,2.31,1.0,<Residue TRP het=  resseq=92 icode= >,3kmp_A_A,2.7
663,6.687,TRP, ,CZ2,41.27,14.35,0.0,2.49,1.0,<Residue TRP het=  resseq=92 icode= >,3kmp_A_A,2.7
664,0.0,TRP, ,CZ3,42.53,14.31,0.0,2.45,1.0,<Residue TRP het=  resseq=92 icode= >,3kmp_A_A,2.7
665,0.397,TRP, ,CH2,44.63,13.73,0.0,2.86,1.0,<Residue TRP het=  resseq=92 icode= >,3kmp_A_A,2.7
666,0.488,ARG, ,N,45.22,1000.00,0.0,2.83,1.0,<Residue ARG het=  resseq=93 icode= >,3kmp_A_A,2.7
667,6.196,ARG, ,CA,40.3,1000.00,0.0,3.19,1.0,<Residue ARG het=  resseq=93 icode= >,3kmp_A_A,2.7
668,0.39,ARG, ,C,39.19,1000.00,0.0,3.60,1.0,<Residue ARG het=  resseq=93 icode= >,3kmp_A_A,2.7
669,20.543,ARG, ,O,46.26,1000.00,0.0,2.15,1.0,<Residue ARG het=  resseq=93 icode= >,3kmp_A_A,2.7
670,1.598,ARG, ,CB,36.73,1000.00,0.0,1.78,1.0,<Residue ARG het=  resseq=93 icode= >,3kmp_A_A,2.7
671,1.339,ARG, ,CG,44.71,1000.00,0.0,1.87,1.0,<Residue ARG het=  resseq=93 icode= >,3kmp_A_A,2.7
672,0.0,ARG, ,CD,38.55,1000.00,0.0,2.09,1.0,<Residue ARG het=  resseq=93 icode= >,3kmp_A_A,2.7
673,3.874,ARG, ,NE,59.03,1000.00,0.0,2.46,1.0,<Residue ARG het=  resseq=93 icode= >,3kmp_A_A,2.7
674,0.0,ARG, ,CZ,52.52,1000.00,0.0,3.01,1.0,<Residue ARG het=  resseq=93 icode= >,3kmp_A_A,2.7
675,3.519,ARG, ,NH1,50.12,1000.00,0.0,1.30,1.0,<Residue ARG het=  resseq=93 icode= >,3kmp_A_A,2.7
676,40.154,ARG, ,NH2,58.75,1000.00,0.0,1.18,1.0,<Residue ARG het=  resseq=93 icode= >,3kmp_A_A,2.7
677,0.0,TRP, ,N,49.36,17.33,0.0,2.41,1.0,<Residue TRP het=  resseq=94 icode= >,3kmp_A_A,2.7
678,0.699,TRP, ,CA,35.35,16.73,0.0,3.58,1.0,<Residue TRP het=  resseq=94 icode= >,3kmp_A_A,2.7
679,0.0,TRP, ,C,37.97,15.76,0.0,4.35,1.0,<Residue TRP het=  resseq=94 icode= >,3kmp_A_A,2.7
680,0.0,TRP, ,O,40.06,14.54,0.0,2.15,1.0,<Residue TRP het=  resseq=94 icode= >,3kmp_A_A,2.7
681,0.0,TRP, ,CB,36.31,16.11,0.0,1.98,1.0,<Residue TRP het=  resseq=94 icode= >,3kmp_A_A,2.7
682,0.0,TRP, ,CG,45.4,17.14,0.0,3.03,1.0,<Residue TRP het=  resseq=94 icode= >,3kmp_A_A,2.7
683,13.969,TRP, ,CD1,37.63,18.32,0.0,2.43,1.0,<Residue TRP het=  resseq=94 icode= >,3kmp_A_A,2.7
684,0.0,TRP, ,CD2,43.57,17.22,0.0,2.82,1.0,<Residue TRP het=  resseq=94 icode= >,3kmp_A_A,2.7
685,21.187,TRP, ,NE1,54.15,19.09,0.0,2.15,1.0,<Residue TRP het=  resseq=94 icode= >,3kmp_A_A,2.7
686,0.0,TRP, ,CE2,55.5,18.47,0.0,2.51,1.0,<Residue TRP het=  resseq=94 icode= >,3kmp_A_A,2.7
687,0.0,TRP, ,CE3,42.02,16.47,0.0,1.55,1.0,<Residue TRP het=  resseq=94 icode= >,3kmp_A_A,2.7
688,4.872,TRP, ,CZ2,53.68,19.01,0.0,1.06,1.0,<Residue TRP het=  resseq=94 icode= >,3kmp_A_A,2.7
689,0.0,TRP, ,CZ3,48.54,17.06,0.0,1.80,1.0,<Residue TRP het=  resseq=94 icode= >,3kmp_A_A,2.7
690,0.0,TRP, ,CH2,61.16,18.32,0.0,1.15,1.0,<Residue TRP het=  resseq=94 icode= >,3kmp_A_A,2.7
691,0.0,PRO, ,N,39.83,16.37,0.0,4.38,1.0,<Residue PRO het=  resseq=95 icode= >,3kmp_A_A,2.7
692,1.667,PRO, ,CA,33.55,15.71,0.0,3.73,1.0,<Residue PRO het=  resseq=95 icode= >,3kmp_A_A,2.7
693,0.984,PRO, ,C,34.02,14.62,0.0,3.88,1.0,<Residue PRO het=  resseq=95 icode= >,3kmp_A_A,2.7
694,18.355,PRO, ,O,36.27,13.73,0.0,2.87,1.0,<Residue PRO het=  resseq=95 icode= >,3kmp_A_A,2.7
695,34.553,PRO, ,CB,33.14,16.91,0.0,2.18,1.0,<Residue PRO het=  resseq=95 icode= >,3kmp_A_A,2.7
696,36.583,PRO, ,CG,46.35,18.10,0.0,2.44,1.0,<Residue PRO het=  resseq=95 icode= >,3kmp_A_A,2.7
697,15.212,PRO, ,CD,33.97,17.83,0.0,2.34,1.0,<Residue PRO het=  resseq=95 icode= >,3kmp_A_A,2.7
698,0.01,ASP, ,N,47.61,14.79,0.0,2.44,1.0,<Residue ASP het=  resseq=96 icode= >,3kmp_A_A,2.7
699,10.175,ASP, ,CA,42.73,14.05,0.0,3.36,1.0,<Residue ASP het=  resseq=96 icode= >,3kmp_A_A,2.7
700,1.05,ASP, ,C,57.94,13.00,0.0,3.41,1.0,<Residue ASP het=  resseq=96 icode= >,3kmp_A_A,2.7
701,0.418,ASP, ,O,67.79,12.49,0.0,1.28,1.0,<Residue ASP het=  resseq=96 icode= >,3kmp_A_A,2.7
702,33.321,ASP, ,CB,49.52,15.08,0.0,2.23,1.0,<Residue ASP het=  resseq=96 icode= >,3kmp_A_A,2.7
703,8.114,ASP, ,CG,65.28,15.74,0.0,2.76,1.0,<Residue ASP het=  resseq=96 icode= >,3kmp_A_A,2.7
704,9.92,ASP, ,OD1,59.67,16.32,0.0,2.05,1.0,<Residue ASP het=  resseq=96 icode= >,3kmp_A_A,2.7
705,22.397,ASP, ,OD2,65.2,15.81,0.0,1.66,1.0,<Residue ASP het=  resseq=96 icode= >,3kmp_A_A,2.7
706,0.0,LEU, ,N,49.74,12.86,0.0,3.02,1.0,<Residue LEU het=  resseq=97 icode= >,3kmp_A_A,2.7
707,0.0,LEU, ,CA,42.87,12.02,0.0,3.04,1.0,<Residue LEU het=  resseq=97 icode= >,3kmp_A_A,2.7
708,0.0,LEU, ,C,55.11,10.57,0.0,3.37,1.0,<Residue LEU het=  resseq=97 icode= >,3kmp_A_A,2.7
709,5.348,LEU, ,O,68.85,9.97,0.0,2.24,1.0,<Residue LEU het=  resseq=97 icode= >,3kmp_A_A,2.7
710,0.0,LEU, ,CB,47.69,12.18,0.0,1.60,1.0,<Residue LEU het=  resseq=97 icode= >,3kmp_A_A,2.7
711,0.0,LEU, ,CG,56.81,11.73,0.0,1.58,1.0,<Residue LEU het=  resseq=97 icode= >,3kmp_A_A,2.7
712,0.0,LEU, ,CD1,41.56,12.63,0.0,1.18,1.0,<Residue LEU het=  resseq=97 icode= >,3kmp_A_A,2.7
713,0.0,LEU, ,CD2,59.03,12.02,0.0,0.35,1.0,<Residue LEU het=  resseq=97 icode= >,3kmp_A_A,2.7
714,0.0,GLN, ,N,51.43,10.15,0.0,2.86,1.0,<Residue GLN het=  resseq=98 icode= >,3kmp_A_A,2.7
715,0.466,GLN, ,CA,57.67,8.95,0.0,2.94,1.0,<Residue GLN het=  resseq=98 icode= >,3kmp_A_A,2.7
716,0.174,GLN, ,C,61.24,7.70,0.0,3.16,1.0,<Residue GLN het=  resseq=98 icode= >,3kmp_A_A,2.7
717,16.777,GLN, ,O,61.49,6.67,0.0,2.03,1.0,<Residue GLN het=  resseq=98 icode= >,3kmp_A_A,2.7
718,11.654,GLN, ,CB,80.64,9.37,0.0,0.51,1.0,<Residue GLN het=  resseq=98 icode= >,3kmp_A_A,2.7
719,20.18,GLN, ,CG,90.36,10.48,0.0,0.40,1.0,<Residue GLN het=  resseq=98 icode= >,3kmp_A_A,2.7
720,5.801,GLN, ,CD,114.42,10.27,0.0,0.54,1.0,<Residue GLN het=  resseq=98 icode= >,3kmp_A_A,2.7
721,30.356,GLN, ,OE1,118.48,9.21,0.0,0.60,1.0,<Residue GLN het=  resseq=98 icode= >,3kmp_A_A,2.7
722,39.321,GLN, ,NE2,123.56,11.43,0.0,-0.25,1.0,<Residue GLN het=  resseq=98 icode= >,3kmp_A_A,2.7
723,0.0,SER, ,N,59.21,7.97,0.0,2.77,1.0,<Residue SER het=  resseq=99 icode= >,3kmp_A_A,2.7
724,3.473,SER, ,CA,50.13,7.17,0.0,3.12,1.0,<Residue SER het=  resseq=99 icode= >,3kmp_A_A,2.7
725,0.0,SER, ,C,57.76,8.13,0.0,3.41,1.0,<Residue SER het=  resseq=99 icode= >,3kmp_A_A,2.7
726,0.0,SER, ,O,60.23,9.19,0.0,2.20,1.0,<Residue SER het=  resseq=99 icode= >,3kmp_A_A,2.7
727,27.857,SER, ,CB,53.25,6.34,0.0,2.36,1.0,<Residue SER het=  resseq=99 icode= >,3kmp_A_A,2.7
728,6.305,SER, ,OG,57.81,7.01,0.0,1.66,1.0,<Residue SER het=  resseq=99 icode= >,3kmp_A_A,2.7
729,0.793,HIS, ,N,48.81,7.24,0.0,2.63,1.0,<Residue HIS het=  resseq=100 icode= >,3kmp_A_A,2.7
730,0.0,HIS, ,CA,56.75,7.66,0.0,2.59,1.0,<Residue HIS het=  resseq=100 icode= >,3kmp_A_A,2.7
731,0.0,HIS, ,C,67.44,7.86,0.0,2.92,1.0,<Residue HIS het=  resseq=100 icode= >,3kmp_A_A,2.7
732,4.799,HIS, ,O,70.72,8.72,0.0,1.08,1.0,<Residue HIS het=  resseq=100 icode= >,3kmp_A_A,2.7
733,0.847,HIS, ,CB,57.68,6.95,0.0,1.07,1.0,<Residue HIS het=  resseq=100 icode= >,3kmp_A_A,2.7
734,0.0,HIS, ,CG,72.57,5.63,0.0,2.09,1.0,<Residue HIS het=  resseq=100 icode= >,3kmp_A_A,2.7
735,4.637,HIS, ,ND1,74.5,4.44,0.0,1.78,1.0,<Residue HIS het=  resseq=100 icode= >,3kmp_A_A,2.7
736,18.116,HIS, ,CD2,77.25,5.56,0.0,1.51,1.0,<Residue HIS het=  resseq=100 icode= >,3kmp_A_A,2.7
737,25.539,HIS, ,CE1,79.41,3.48,16.892,1.80,1.0,<Residue HIS het=  resseq=100 icode= >,3kmp_A_A,2.7
738,16.604,HIS, ,NE2,83.59,4.31,0.084,1.35,1.0,<Residue HIS het=  resseq=100 icode= >,3kmp_A_A,2.7
739,0.0,HIS, ,N,61.42,7.35,0.0,2.24,1.0,<Residue HIS het=  resseq=101 icode= >,3kmp_A_A,2.7
740,4.775,HIS, ,CA,64.72,7.90,0.0,2.60,1.0,<Residue HIS het=  resseq=101 icode= >,3kmp_A_A,2.7
741,0.047,HIS, ,C,71.23,9.38,0.0,2.92,1.0,<Residue HIS het=  resseq=101 icode= >,3kmp_A_A,2.7
742,5.238,HIS, ,O,71.32,10.20,0.0,1.37,1.0,<Residue HIS het=  resseq=101 icode= >,3kmp_A_A,2.7
743,4.268,HIS, ,CB,63.43,7.38,0.0,2.17,1.0,<Residue HIS het=  resseq=101 icode= >,3kmp_A_A,2.7
744,2.29,HIS, ,CG,72.4,6.04,0.0,2.61,1.0,<Residue HIS het=  resseq=101 icode= >,3kmp_A_A,2.7
745,17.14,HIS, ,ND1,83.93,5.90,0.0,1.65,1.0,<Residue HIS het=  resseq=101 icode= >,3kmp_A_A,2.7
746,22.264,HIS, ,CD2,71.66,5.02,0.0,1.70,1.0,<Residue HIS het=  resseq=101 icode= >,3kmp_A_A,2.7
747,31.113,HIS, ,CE1,85.3,4.75,1.822,1.38,1.0,<Residue HIS het=  resseq=101 icode= >,3kmp_A_A,2.7
748,23.52,HIS, ,NE2,85.33,4.07,15.328,1.51,1.0,<Residue HIS het=  resseq=101 icode= >,3kmp_A_A,2.7
749,0.0,GLU, ,N,57.72,9.88,0.0,2.51,1.0,<Residue GLU het=  resseq=102 icode= >,3kmp_A_A,2.7
750,0.0,GLU, ,CA,50.97,11.33,0.0,3.12,1.0,<Residue GLU het=  resseq=102 icode= >,3kmp_A_A,2.7
751,0.0,GLU, ,C,59.62,12.07,0.0,3.72,1.0,<Residue GLU het=  resseq=102 icode= >,3kmp_A_A,2.7
752,0.0,GLU, ,O,52.95,13.26,0.0,2.12,1.0,<Residue GLU het=  resseq=102 icode= >,3kmp_A_A,2.7
753,0.0,GLU, ,CB,49.9,11.84,0.0,2.27,1.0,<Residue GLU het=  resseq=102 icode= >,3kmp_A_A,2.7
754,5.95,GLU, ,CG,68.12,11.69,0.0,1.19,1.0,<Residue GLU het=  resseq=102 icode= >,3kmp_A_A,2.7
755,1.012,GLU, ,CD,81.08,12.49,0.0,1.75,1.0,<Residue GLU het=  resseq=102 icode= >,3kmp_A_A,2.7
756,0.0,GLU, ,OE1,74.24,12.09,0.0,1.08,1.0,<Residue GLU het=  resseq=102 icode= >,3kmp_A_A,2.7
757,15.455,GLU, ,OE2,85.64,13.46,0.0,0.98,1.0,<Residue GLU het=  resseq=102 icode= >,3kmp_A_A,2.7
758,0.0,LEU, ,N,42.76,11.50,0.0,2.76,1.0,<Residue LEU het=  resseq=103 icode= >,3kmp_A_A,2.7
759,0.0,LEU, ,CA,55.15,12.35,0.0,2.22,1.0,<Residue LEU het=  resseq=103 icode= >,3kmp_A_A,2.7
760,0.082,LEU, ,C,57.48,12.50,0.0,2.65,1.0,<Residue LEU het=  resseq=103 icode= >,3kmp_A_A,2.7
761,12.841,LEU, ,O,57.78,11.59,0.0,2.09,1.0,<Residue LEU het=  resseq=103 icode= >,3kmp_A_A,2.7
762,1.247,LEU, ,CB,41.17,12.04,0.0,1.59,1.0,<Residue LEU het=  resseq=103 icode= >,3kmp_A_A,2.7
763,0.0,LEU, ,CG,42.57,12.52,0.0,2.09,1.0,<Residue LEU het=  resseq=103 icode= >,3kmp_A_A,2.7
764,0.0,LEU, ,CD1,42.08,12.37,0.0,0.72,1.0,<Residue LEU het=  resseq=103 icode= >,3kmp_A_A,2.7
765,0.0,LEU, ,CD2,45.76,14.01,0.0,0.81,1.0,<Residue LEU het=  resseq=103 icode= >,3kmp_A_A,2.7
766,0.0,LYS, ,N,65.35,13.78,0.0,1.66,1.0,<Residue LYS het=  resseq=104 icode= >,3kmp_A_A,2.7
767,0.0,LYS, ,CA,64.06,14.27,0.0,2.81,1.0,<Residue LYS het=  resseq=104 icode= >,3kmp_A_A,2.7
768,0.0,LYS, ,C,57.14,15.27,0.0,3.92,1.0,<Residue LYS het=  resseq=104 icode= >,3kmp_A_A,2.7
769,0.0,LYS, ,O,44.85,15.98,0.0,2.99,1.0,<Residue LYS het=  resseq=104 icode= >,3kmp_A_A,2.7
770,0.0,LYS, ,CB,61.54,15.03,0.0,1.61,1.0,<Residue LYS het=  resseq=104 icode= >,3kmp_A_A,2.7
771,16.674,LYS, ,CG,73.21,14.31,0.0,1.14,1.0,<Residue LYS het=  resseq=104 icode= >,3kmp_A_A,2.7
772,23.909,LYS, ,CD,93.75,15.34,0.0,0.62,1.0,<Residue LYS het=  resseq=104 icode= >,3kmp_A_A,2.7
773,26.902,LYS, ,CE,99.64,16.33,0.0,0.62,1.0,<Residue LYS het=  resseq=104 icode= >,3kmp_A_A,2.7
774,39.163,LYS, ,NZ,109.81,17.29,0.0,0.51,1.0,<Residue LYS het=  resseq=104 icode= >,3kmp_A_A,2.7
775,0.0,PRO, ,N,50.33,15.40,0.0,3.51,1.0,<Residue PRO het=  resseq=105 icode= >,3kmp_A_A,2.7
776,0.0,PRO, ,CA,51.95,16.48,0.0,3.58,1.0,<Residue PRO het=  resseq=105 icode= >,3kmp_A_A,2.7
777,0.0,PRO, ,C,65.01,17.84,0.0,3.05,1.0,<Residue PRO het=  resseq=105 icode= >,3kmp_A_A,2.7
778,9.732,PRO, ,O,57.48,18.02,0.0,2.30,1.0,<Residue PRO het=  resseq=105 icode= >,3kmp_A_A,2.7
779,0.843,PRO, ,CB,47.56,16.16,0.0,1.75,1.0,<Residue PRO het=  resseq=105 icode= >,3kmp_A_A,2.7
780,28.661,PRO, ,CG,47.31,15.33,0.0,1.95,1.0,<Residue PRO het=  resseq=105 icode= >,3kmp_A_A,2.7
781,17.824,PRO, ,CD,54.95,14.44,0.0,2.42,1.0,<Residue PRO het=  resseq=105 icode= >,3kmp_A_A,2.7
782,0.0,LEU, ,N,65.08,1000.00,0.0,2.32,1.0,<Residue LEU het=  resseq=106 icode= >,3kmp_A_A,2.7
783,0.039,LEU, ,CA,65.54,1000.00,0.0,2.76,1.0,<Residue LEU het=  resseq=106 icode= >,3kmp_A_A,2.7
784,0.375,LEU, ,C,79.39,1000.00,0.0,2.67,1.0,<Residue LEU het=  resseq=106 icode= >,3kmp_A_A,2.7
785,2.855,LEU, ,O,74.36,1000.00,0.0,1.56,1.0,<Residue LEU het=  resseq=106 icode= >,3kmp_A_A,2.7
786,2.121,LEU, ,CB,49.09,1000.00,0.0,2.52,1.0,<Residue LEU het=  resseq=106 icode= >,3kmp_A_A,2.7
787,0.0,LEU, ,CG,62.98,1000.00,0.0,2.27,1.0,<Residue LEU het=  resseq=106 icode= >,3kmp_A_A,2.7
788,31.736,LEU, ,CD1,64.43,1000.00,0.0,0.83,1.0,<Residue LEU het=  resseq=106 icode= >,3kmp_A_A,2.7
789,15.168,LEU, ,CD2,53.33,1000.00,0.0,1.23,1.0,<Residue LEU het=  resseq=106 icode= >,3kmp_A_A,2.7
790,0.026,GLU, ,N,85.71,1000.00,0.0,1.85,1.0,<Residue GLU het=  resseq=107 icode= >,3kmp_A_A,2.7
791,9.3,GLU, ,CA,85.05,1000.00,0.0,2.57,1.0,<Residue GLU het=  resseq=107 icode= >,3kmp_A_A,2.7
792,1.418,GLU, ,C,69.76,1000.00,0.0,3.14,1.0,<Residue GLU het=  resseq=107 icode= >,3kmp_A_A,2.7
793,22.071,GLU, ,O,78.54,1000.00,0.0,1.19,1.0,<Residue GLU het=  resseq=107 icode= >,3kmp_A_A,2.7
794,28.569,GLU, ,CB,101.48,1000.00,0.0,1.30,1.0,<Residue GLU het=  resseq=107 icode= >,3kmp_A_A,2.7
795,39.298,GLU, ,CG,126.51,1000.00,0.0,0.62,1.0,<Residue GLU het=  resseq=107 icode= >,3kmp_A_A,2.7
796,8.976,GLU, ,CD,158.62,1000.00,0.0,-0.38,1.0,<Residue GLU het=  resseq=107 icode= >,3kmp_A_A,2.7
797,16.303,GLU, ,OE1,157.45,1000.00,0.0,0.06,1.0,<Residue GLU het=  resseq=107 icode= >,3kmp_A_A,2.7
798,35.946,GLU, ,OE2,176.86,1000.00,0.0,-0.76,1.0,<Residue GLU het=  resseq=107 icode= >,3kmp_A_A,2.7
799,2.917,CYS, ,N,64.17,1000.00,0.0,2.81,1.0,<Residue CYS het=  resseq=108 icode= >,3kmp_A_A,2.7
800,11.592,CYS, ,CA,61.82,1000.00,0.0,2.38,1.0,<Residue CYS het=  resseq=108 icode= >,3kmp_A_A,2.7
801,0.774,CYS, ,C,74.22,1000.00,0.0,2.12,1.0,<Residue CYS het=  resseq=108 icode= >,3kmp_A_A,2.7
802,16.803,CYS, ,O,68.91,1000.00,0.0,1.38,1.0,<Residue CYS het=  resseq=108 icode= >,3kmp_A_A,2.7
803,36.162,CYS, ,CB,53.78,1000.00,0.0,1.82,1.0,<Residue CYS het=  resseq=108 icode= >,3kmp_A_A,2.7
804,15.468,CYS, ,SG,73.05,1000.00,0.0,2.49,1.0,<Residue CYS het=  resseq=108 icode= >,3kmp_A_A,2.7
805,0.0,CYS, ,N,75.34,1000.00,0.0,1.61,1.0,<Residue CYS het=  resseq=109 icode= >,3kmp_A_A,2.7
806,0.0,CYS, ,CA,56.77,1000.00,0.0,2.19,1.0,<Residue CYS het=  resseq=109 icode= >,3kmp_A_A,2.7
807,0.446,CYS, ,C,65.91,1000.00,0.0,2.71,1.0,<Residue CYS het=  resseq=109 icode= >,3kmp_A_A,2.7
808,9.552,CYS, ,O,64.6,1000.00,0.0,2.04,1.0,<Residue CYS het=  resseq=109 icode= >,3kmp_A_A,2.7
809,0.0,CYS, ,CB,55.82,1000.00,0.0,1.71,1.0,<Residue CYS het=  resseq=109 icode= >,3kmp_A_A,2.7
810,0.0,CYS, ,SG,46.35,1000.00,0.0,5.52,1.0,<Residue CYS het=  resseq=109 icode= >,3kmp_A_A,2.7
811,0.0,GLU, ,N,62.06,1000.00,0.0,2.81,1.0,<Residue GLU het=  resseq=110 icode= >,3kmp_A_A,2.7
812,9.473,GLU, ,CA,51.78,1000.00,0.0,2.95,1.0,<Residue GLU het=  resseq=110 icode= >,3kmp_A_A,2.7
813,0.102,GLU, ,C,57.67,1000.00,0.0,2.50,1.0,<Residue GLU het=  resseq=110 icode= >,3kmp_A_A,2.7
814,6.674,GLU, ,O,58.37,1000.00,0.0,1.68,1.0,<Residue GLU het=  resseq=110 icode= >,3kmp_A_A,2.7
815,10.641,GLU, ,CB,72.4,1000.00,0.0,1.79,1.0,<Residue GLU het=  resseq=110 icode= >,3kmp_A_A,2.7
816,13.65,GLU, ,CG,78.56,1000.00,0.0,1.20,1.0,<Residue GLU het=  resseq=110 icode= >,3kmp_A_A,2.7
817,9.101,GLU, ,CD,80.87,1000.00,0.0,2.41,1.0,<Residue GLU het=  resseq=110 icode= >,3kmp_A_A,2.7
818,32.855,GLU, ,OE1,76.73,1000.00,0.0,1.61,1.0,<Residue GLU het=  resseq=110 icode= >,3kmp_A_A,2.7
819,32.983,GLU, ,OE2,85.8,1000.00,0.0,1.05,1.0,<Residue GLU het=  resseq=110 icode= >,3kmp_A_A,2.7
820,0.0,PHE, ,N,51.56,18.61,0.0,1.36,1.0,<Residue PHE het=  resseq=111 icode= >,3kmp_A_A,2.7
821,0.0,PHE, ,CA,48.25,17.13,0.0,2.90,1.0,<Residue PHE het=  resseq=111 icode= >,3kmp_A_A,2.7
822,0.0,PHE, ,C,48.21,16.59,0.0,3.73,1.0,<Residue PHE het=  resseq=111 icode= >,3kmp_A_A,2.7
823,0.0,PHE, ,O,56.87,15.65,0.0,2.32,1.0,<Residue PHE het=  resseq=111 icode= >,3kmp_A_A,2.7
824,0.0,PHE, ,CB,46.62,16.46,0.0,1.66,1.0,<Residue PHE het=  resseq=111 icode= >,3kmp_A_A,2.7
825,0.0,PHE, ,CG,48.21,17.03,0.0,1.82,1.0,<Residue PHE het=  resseq=111 icode= >,3kmp_A_A,2.7
826,0.0,PHE, ,CD1,63.19,18.09,0.0,1.15,1.0,<Residue PHE het=  resseq=111 icode= >,3kmp_A_A,2.7
827,0.0,PHE, ,CD2,57.29,16.63,0.0,1.36,1.0,<Residue PHE het=  resseq=111 icode= >,3kmp_A_A,2.7
828,14.367,PHE, ,CE1,70.49,18.76,0.0,1.21,1.0,<Residue PHE het=  resseq=111 icode= >,3kmp_A_A,2.7
829,19.247,PHE, ,CE2,50.63,17.34,0.0,1.29,1.0,<Residue PHE het=  resseq=111 icode= >,3kmp_A_A,2.7
830,20.575,PHE, ,CZ,66.4,18.37,0.0,0.68,1.0,<Residue PHE het=  resseq=111 icode= >,3kmp_A_A,2.7
831,0.0,PRO, ,N,59.39,17.24,0.0,3.13,1.0,<Residue PRO het=  resseq=112 icode= >,3kmp_A_A,2.7
832,0.0,PRO, ,CA,57.08,16.25,0.0,2.28,1.0,<Residue PRO het=  resseq=112 icode= >,3kmp_A_A,2.7
833,0.0,PRO, ,C,51.66,14.93,0.0,3.32,1.0,<Residue PRO het=  resseq=112 icode= >,3kmp_A_A,2.7
834,1.011,PRO, ,O,44.83,14.69,0.0,2.12,1.0,<Residue PRO het=  resseq=112 icode= >,3kmp_A_A,2.7
835,1.455,PRO, ,CB,46.06,16.17,0.0,1.16,1.0,<Residue PRO het=  resseq=112 icode= >,3kmp_A_A,2.7
836,15.528,PRO, ,CG,48.84,17.21,0.0,1.04,1.0,<Residue PRO het=  resseq=112 icode= >,3kmp_A_A,2.7
837,3.487,PRO, ,CD,47.73,17.45,0.0,1.87,1.0,<Residue PRO het=  resseq=112 icode= >,3kmp_A_A,2.7
838,0.301,PHE, ,N,49.32,14.02,0.0,2.06,1.0,<Residue PHE het=  resseq=113 icode= >,3kmp_A_A,2.7
839,0.0,PHE, ,CA,56.14,12.88,0.0,2.50,1.0,<Residue PHE het=  resseq=113 icode= >,3kmp_A_A,2.7
840,0.0,PHE, ,C,64.01,12.11,0.0,3.10,1.0,<Residue PHE het=  resseq=113 icode= >,3kmp_A_A,2.7
841,0.633,PHE, ,O,72.03,11.84,0.0,1.58,1.0,<Residue PHE het=  resseq=113 icode= >,3kmp_A_A,2.7
842,2.573,PHE, ,CB,48.17,11.74,0.0,1.80,1.0,<Residue PHE het=  resseq=113 icode= >,3kmp_A_A,2.7
843,0.0,PHE, ,CG,56.4,10.52,0.0,2.06,1.0,<Residue PHE het=  resseq=113 icode= >,3kmp_A_A,2.7
844,7.003,PHE, ,CD1,49.08,9.34,0.0,1.93,1.0,<Residue PHE het=  resseq=113 icode= >,3kmp_A_A,2.7
845,0.167,PHE, ,CD2,73.57,10.72,0.0,1.02,1.0,<Residue PHE het=  resseq=113 icode= >,3kmp_A_A,2.7
846,16.682,PHE, ,CE1,64.04,8.26,0.0,1.87,1.0,<Residue PHE het=  resseq=113 icode= >,3kmp_A_A,2.7
847,0.08,PHE, ,CE2,72.28,9.81,0.0,1.41,1.0,<Residue PHE het=  resseq=113 icode= >,3kmp_A_A,2.7
848,6.056,PHE, ,CZ,70.56,8.53,0.0,1.58,1.0,<Residue PHE het=  resseq=113 icode= >,3kmp_A_A,2.7
849,3.618,GLY, ,N,46.07,11.84,0.0,3.39,1.0,<Residue GLY het=  resseq=114 icode= >,3kmp_A_A,2.7
850,33.536,GLY, ,CA,69.72,11.07,0.0,2.04,1.0,<Residue GLY het=  resseq=114 icode= >,3kmp_A_A,2.7
851,4.318,GLY, ,C,75.82,11.75,0.0,2.11,1.0,<Residue GLY het=  resseq=114 icode= >,3kmp_A_A,2.7
852,14.921,GLY, ,O,71.48,11.19,0.0,1.21,1.0,<Residue GLY het=  resseq=114 icode= >,3kmp_A_A,2.7
853,1.915,SER, ,N,73.18,13.05,0.0,1.66,1.0,<Residue SER het=  resseq=115 icode= >,3kmp_A_A,2.7
854,11.558,SER, ,CA,65.55,13.93,0.0,3.08,1.0,<Residue SER het=  resseq=115 icode= >,3kmp_A_A,2.7
855,0.868,SER, ,C,70.29,13.79,0.0,3.06,1.0,<Residue SER het=  resseq=115 icode= >,3kmp_A_A,2.7
856,14.263,SER, ,O,78.13,14.48,0.0,1.38,1.0,<Residue SER het=  resseq=115 icode= >,3kmp_A_A,2.7
857,20.638,SER, ,CB,67.69,15.41,0.0,1.60,1.0,<Residue SER het=  resseq=115 icode= >,3kmp_A_A,2.7
858,0.067,SER, ,OG,67.27,15.86,0.0,1.50,1.0,<Residue SER het=  resseq=115 icode= >,3kmp_A_A,2.7
859,0.407,LYS, ,N,85.24,13.03,0.0,2.12,1.0,<Residue LYS het=  resseq=116 icode= >,3kmp_A_A,2.7
860,0.009,LYS, ,CA,95.82,12.19,0.0,1.43,1.0,<Residue LYS het=  resseq=116 icode= >,3kmp_A_A,2.7
861,1.01,LYS, ,C,90.72,12.24,0.0,2.74,1.0,<Residue LYS het=  resseq=116 icode= >,3kmp_A_A,2.7
862,23.451,LYS, ,O,86.59,12.38,0.0,1.37,1.0,<Residue LYS het=  resseq=116 icode= >,3kmp_A_A,2.7
863,15.789,LYS, ,CB,93.01,12.02,0.0,1.33,1.0,<Residue LYS het=  resseq=116 icode= >,3kmp_A_A,2.7
864,0.496,LYS, ,CG,90.63,10.52,0.0,1.10,1.0,<Residue LYS het=  resseq=116 icode= >,3kmp_A_A,2.7
865,33.145,LYS, ,CD,93.84,9.75,0.0,0.87,1.0,<Residue LYS het=  resseq=116 icode= >,3kmp_A_A,2.7
866,44.827,LYS, ,CE,95.65,8.22,0.0,0.88,1.0,<Residue LYS het=  resseq=116 icode= >,3kmp_A_A,2.7
867,28.286,LYS, ,NZ,96.79,7.77,0.0,0.31,1.0,<Residue LYS het=  resseq=116 icode= >,3kmp_A_A,2.7
868,0.948,GLN, ,N,85.77,12.37,0.0,2.57,1.0,<Residue GLN het=  resseq=117 icode= >,3kmp_A_A,2.7
869,5.542,GLN, ,CA,72.61,12.48,0.0,2.51,1.0,<Residue GLN het=  resseq=117 icode= >,3kmp_A_A,2.7
870,4.01,GLN, ,C,75.14,11.28,0.0,2.62,1.0,<Residue GLN het=  resseq=117 icode= >,3kmp_A_A,2.7
871,1.7,GLN, ,O,75.94,10.31,0.0,1.19,1.0,<Residue GLN het=  resseq=117 icode= >,3kmp_A_A,2.7
872,6.445,GLN, ,CB,65.14,13.72,0.0,1.22,1.0,<Residue GLN het=  resseq=117 icode= >,3kmp_A_A,2.7
873,14.694,GLN, ,CG,81.16,14.99,0.0,0.54,1.0,<Residue GLN het=  resseq=117 icode= >,3kmp_A_A,2.7
874,3.073,GLN, ,CD,88.55,16.21,0.0,1.33,1.0,<Residue GLN het=  resseq=117 icode= >,3kmp_A_A,2.7
875,0.0,GLN, ,OE1,85.43,16.18,0.0,0.96,1.0,<Residue GLN het=  resseq=117 icode= >,3kmp_A_A,2.7
876,45.389,GLN, ,NE2,105.04,17.38,0.0,-0.05,1.0,<Residue GLN het=  resseq=117 icode= >,3kmp_A_A,2.7
877,5.572,LYS, ,N,77.78,11.35,0.0,1.85,1.0,<Residue LYS het=  resseq=118 icode= >,3kmp_A_A,2.7
878,8.002,LYS, ,CA,81.25,10.40,0.0,2.13,1.0,<Residue LYS het=  resseq=118 icode= >,3kmp_A_A,2.7
879,0.0,LYS, ,C,73.42,10.47,0.0,2.83,1.0,<Residue LYS het=  resseq=118 icode= >,3kmp_A_A,2.7
880,4.044,LYS, ,O,59.86,9.52,0.0,1.85,1.0,<Residue LYS het=  resseq=118 icode= >,3kmp_A_A,2.7
881,13.661,LYS, ,CB,89.74,10.94,0.0,0.83,1.0,<Residue LYS het=  resseq=118 icode= >,3kmp_A_A,2.7
882,26.748,LYS, ,CG,107.44,10.52,0.0,0.27,1.0,<Residue LYS het=  resseq=118 icode= >,3kmp_A_A,2.7
883,32.664,LYS, ,CD,122.79,11.12,0.0,0.11,1.0,<Residue LYS het=  resseq=118 icode= >,3kmp_A_A,2.7
884,45.093,LYS, ,CE,129.06,10.74,0.0,-0.14,1.0,<Residue LYS het=  resseq=118 icode= >,3kmp_A_A,2.7
885,49.205,LYS, ,NZ,123.27,11.53,0.0,-0.27,1.0,<Residue LYS het=  resseq=118 icode= >,3kmp_A_A,2.7
886,0.773,GLU, ,N,64.9,11.73,0.0,2.47,1.0,<Residue GLU het=  resseq=119 icode= >,3kmp_A_A,2.7
887,0.0,GLU, ,CA,55.77,12.02,0.0,3.26,1.0,<Residue GLU het=  resseq=119 icode= >,3kmp_A_A,2.7
888,0.0,GLU, ,C,66.79,12.24,0.0,3.29,1.0,<Residue GLU het=  resseq=119 icode= >,3kmp_A_A,2.7
889,0.999,GLU, ,O,71.39,12.73,0.0,1.76,1.0,<Residue GLU het=  resseq=119 icode= >,3kmp_A_A,2.7
890,0.435,GLU, ,CB,73.07,13.37,0.0,1.57,1.0,<Residue GLU het=  resseq=119 icode= >,3kmp_A_A,2.7
891,24.867,GLU, ,CG,88.73,13.24,0.0,0.65,1.0,<Residue GLU het=  resseq=119 icode= >,3kmp_A_A,2.7
892,4.826,GLU, ,CD,93.83,12.39,0.0,1.57,1.0,<Residue GLU het=  resseq=119 icode= >,3kmp_A_A,2.7
893,0.005,GLU, ,OE1,99.92,12.13,0.0,0.62,1.0,<Residue GLU het=  resseq=119 icode= >,3kmp_A_A,2.7
894,18.831,GLU, ,OE2,90.64,11.64,0.0,0.84,1.0,<Residue GLU het=  resseq=119 icode= >,3kmp_A_A,2.7
895,0.0,VAL, ,N,55.94,12.09,0.0,2.70,1.0,<Residue VAL het=  resseq=120 icode= >,3kmp_A_A,2.7
896,0.0,VAL, ,CA,53.55,12.57,0.0,3.03,1.0,<Residue VAL het=  resseq=120 icode= >,3kmp_A_A,2.7
897,0.0,VAL, ,C,44.3,12.81,0.0,3.76,1.0,<Residue VAL het=  resseq=120 icode= >,3kmp_A_A,2.7
898,0.0,VAL, ,O,41.2,12.07,0.0,2.71,1.0,<Residue VAL het=  resseq=120 icode= >,3kmp_A_A,2.7
899,1.013,VAL, ,CB,40.85,11.65,0.0,2.39,1.0,<Residue VAL het=  resseq=120 icode= >,3kmp_A_A,2.7
900,0.412,VAL, ,CG1,47.55,10.31,0.0,0.70,1.0,<Residue VAL het=  resseq=120 icode= >,3kmp_A_A,2.7
901,0.11,VAL, ,CG2,42.28,12.39,0.0,0.86,1.0,<Residue VAL het=  resseq=120 icode= >,3kmp_A_A,2.7
902,0.0,CYS, ,N,50.41,14.00,0.0,2.05,1.0,<Residue CYS het=  resseq=121 icode= >,3kmp_A_A,2.7
903,0.0,CYS, ,CA,53.79,14.54,0.0,2.31,1.0,<Residue CYS het=  resseq=121 icode= >,3kmp_A_A,2.7
904,0.0,CYS, ,C,55.24,14.17,0.0,3.01,1.0,<Residue CYS het=  resseq=121 icode= >,3kmp_A_A,2.7
905,0.0,CYS, ,O,43.06,14.18,0.0,2.30,1.0,<Residue CYS het=  resseq=121 icode= >,3kmp_A_A,2.7
906,0.0,CYS, ,CB,45.59,16.08,0.0,2.18,1.0,<Residue CYS het=  resseq=121 icode= >,3kmp_A_A,2.7
907,0.0,CYS, ,SG,58.11,16.94,0.0,3.73,1.0,<Residue CYS het=  resseq=121 icode= >,3kmp_A_A,2.7
908,0.0,ILE, ,N,41.11,14.02,0.0,2.44,1.0,<Residue ILE het=  resseq=122 icode= >,3kmp_A_A,2.7
909,0.0,ILE, ,CA,39.23,13.80,0.0,3.17,1.0,<Residue ILE het=  resseq=122 icode= >,3kmp_A_A,2.7
910,0.464,ILE, ,C,52.8,14.98,0.0,3.09,1.0,<Residue ILE het=  resseq=122 icode= >,3kmp_A_A,2.7
911,0.202,ILE, ,O,51.57,15.08,0.0,1.37,1.0,<Residue ILE het=  resseq=122 icode= >,3kmp_A_A,2.7
912,0.0,ILE, ,CB,40.32,12.43,0.0,2.87,1.0,<Residue ILE het=  resseq=122 icode= >,3kmp_A_A,2.7
913,0.0,ILE, ,CG1,43.93,12.23,0.0,2.49,1.0,<Residue ILE het=  resseq=122 icode= >,3kmp_A_A,2.7
914,0.0,ILE, ,CG2,37.96,11.32,0.0,1.73,1.0,<Residue ILE het=  resseq=122 icode= >,3kmp_A_A,2.7
915,0.0,ILE, ,CD1,42.96,13.21,0.0,1.45,1.0,<Residue ILE het=  resseq=122 icode= >,3kmp_A_A,2.7
916,0.0,ASN, ,N,46.09,16.00,0.0,2.29,1.0,<Residue ASN het=  resseq=123 icode= >,3kmp_A_A,2.7
917,0.0,ASN, ,CA,41.29,17.31,0.0,3.01,1.0,<Residue ASN het=  resseq=123 icode= >,3kmp_A_A,2.7
918,0.0,ASN, ,C,53.57,17.89,0.0,3.43,1.0,<Residue ASN het=  resseq=123 icode= >,3kmp_A_A,2.7
919,0.0,ASN, ,O,53.65,18.29,0.0,1.98,1.0,<Residue ASN het=  resseq=123 icode= >,3kmp_A_A,2.7
920,0.0,ASN, ,CB,48.66,18.31,0.0,1.76,1.0,<Residue ASN het=  resseq=123 icode= >,3kmp_A_A,2.7
921,0.0,ASN, ,CG,51.26,19.67,0.0,2.95,1.0,<Residue ASN het=  resseq=123 icode= >,3kmp_A_A,2.7
922,0.0,ASN, ,OD1,60.01,20.15,0.0,1.65,1.0,<Residue ASN het=  resseq=123 icode= >,3kmp_A_A,2.7
923,0.0,ASN, ,ND2,58.98,20.38,0.0,0.84,1.0,<Residue ASN het=  resseq=123 icode= >,3kmp_A_A,2.7
924,0.0,PRO, ,N,42.68,18.10,0.0,3.48,1.0,<Residue PRO het=  resseq=124 icode= >,3kmp_A_A,2.7
925,0.0,PRO, ,CA,42.95,18.68,0.0,2.69,1.0,<Residue PRO het=  resseq=124 icode= >,3kmp_A_A,2.7
926,0.0,PRO, ,C,51.8,20.07,0.0,2.94,1.0,<Residue PRO het=  resseq=124 icode= >,3kmp_A_A,2.7
927,0.0,PRO, ,O,54.56,20.60,0.0,1.90,1.0,<Residue PRO het=  resseq=124 icode= >,3kmp_A_A,2.7
928,0.0,PRO, ,CB,38.21,18.88,0.0,1.99,1.0,<Residue PRO het=  resseq=124 icode= >,3kmp_A_A,2.7
929,0.0,PRO, ,CG,38.32,18.21,0.0,2.46,1.0,<Residue PRO het=  resseq=124 icode= >,3kmp_A_A,2.7
930,0.0,PRO, ,CD,39.52,18.13,0.0,2.56,1.0,<Residue PRO het=  resseq=124 icode= >,3kmp_A_A,2.7
931,0.0,TYR, ,N,47.57,1000.00,0.0,2.27,1.0,<Residue TYR het=  resseq=125 icode= >,3kmp_A_A,2.7
932,0.039,TYR, ,CA,51.45,1000.00,0.0,3.09,1.0,<Residue TYR het=  resseq=125 icode= >,3kmp_A_A,2.7
933,0.0,TYR, ,C,49.31,1000.00,0.0,3.50,1.0,<Residue TYR het=  resseq=125 icode= >,3kmp_A_A,2.7
934,8.087,TYR, ,O,52.09,1000.00,0.0,2.21,1.0,<Residue TYR het=  resseq=125 icode= >,3kmp_A_A,2.7
935,8.727,TYR, ,CB,44.18,1000.00,0.0,1.87,1.0,<Residue TYR het=  resseq=125 icode= >,3kmp_A_A,2.7
936,0.0,TYR, ,CG,59.76,1000.00,0.0,2.58,1.0,<Residue TYR het=  resseq=125 icode= >,3kmp_A_A,2.7
937,6.951,TYR, ,CD1,44.52,1000.00,0.0,2.40,1.0,<Residue TYR het=  resseq=125 icode= >,3kmp_A_A,2.7
938,0.0,TYR, ,CD2,66.83,1000.00,0.0,1.59,1.0,<Residue TYR het=  resseq=125 icode= >,3kmp_A_A,2.7
939,7.116,TYR, ,CE1,59.03,1000.00,0.0,2.26,1.0,<Residue TYR het=  resseq=125 icode= >,3kmp_A_A,2.7
940,0.0,TYR, ,CE2,64.15,1000.00,0.0,1.90,1.0,<Residue TYR het=  resseq=125 icode= >,3kmp_A_A,2.7
941,0.0,TYR, ,CZ,65.17,1000.00,0.0,2.87,1.0,<Residue TYR het=  resseq=125 icode= >,3kmp_A_A,2.7
942,18.806,TYR, ,OH,57.83,1000.00,0.0,1.70,1.0,<Residue TYR het=  resseq=125 icode= >,3kmp_A_A,2.7
943,0.0,HIS, ,N,57.83,1000.00,0.0,2.23,1.0,<Residue HIS het=  resseq=126 icode= >,3kmp_A_A,2.7
944,0.0,HIS, ,CA,57.78,1000.00,0.0,2.96,1.0,<Residue HIS het=  resseq=126 icode= >,3kmp_A_A,2.7
945,0.0,HIS, ,C,56.05,1000.00,0.0,3.84,1.0,<Residue HIS het=  resseq=126 icode= >,3kmp_A_A,2.7
946,0.0,HIS, ,O,44.79,1000.00,0.0,2.80,1.0,<Residue HIS het=  resseq=126 icode= >,3kmp_A_A,2.7
947,0.0,HIS, ,CB,44.72,1000.00,0.0,1.94,1.0,<Residue HIS het=  resseq=126 icode= >,3kmp_A_A,2.7
948,0.0,HIS, ,CG,63.88,1000.00,0.0,2.80,1.0,<Residue HIS het=  resseq=126 icode= >,3kmp_A_A,2.7
949,0.0,HIS, ,ND1,55.49,1000.00,0.0,3.90,1.0,<Residue HIS het=  resseq=126 icode= >,3kmp_A_A,2.7
950,2.332,HIS, ,CD2,46.95,1000.00,0.0,2.53,1.0,<Residue HIS het=  resseq=126 icode= >,3kmp_A_A,2.7
951,1.527,HIS, ,CE1,51.97,1000.00,0.0,2.42,1.0,<Residue HIS het=  resseq=126 icode= >,3kmp_A_A,2.7
952,0.201,HIS, ,NE2,48.45,1000.00,0.0,2.80,1.0,<Residue HIS het=  resseq=126 icode= >,3kmp_A_A,2.7
953,0.0,TYR, ,N,43.09,1000.00,0.0,2.93,1.0,<Residue TYR het=  resseq=127 icode= >,3kmp_A_A,2.7
954,0.0,TYR, ,CA,60.67,1000.00,0.0,2.57,1.0,<Residue TYR het=  resseq=127 icode= >,3kmp_A_A,2.7
955,0.0,TYR, ,C,57.26,1000.00,0.0,4.13,1.0,<Residue TYR het=  resseq=127 icode= >,3kmp_A_A,2.7
956,1.776,TYR, ,O,42.6,1000.00,0.0,2.82,1.0,<Residue TYR het=  resseq=127 icode= >,3kmp_A_A,2.7
957,0.0,TYR, ,CB,41.39,1000.00,0.0,1.62,1.0,<Residue TYR het=  resseq=127 icode= >,3kmp_A_A,2.7
958,0.0,TYR, ,CG,55.78,1000.00,0.0,2.45,1.0,<Residue TYR het=  resseq=127 icode= >,3kmp_A_A,2.7
959,0.093,TYR, ,CD1,54.37,1000.00,0.0,2.12,1.0,<Residue TYR het=  resseq=127 icode= >,3kmp_A_A,2.7
960,0.061,TYR, ,CD2,40.89,1000.00,0.0,1.95,1.0,<Residue TYR het=  resseq=127 icode= >,3kmp_A_A,2.7
961,1.252,TYR, ,CE1,41.94,1000.00,0.0,2.98,1.0,<Residue TYR het=  resseq=127 icode= >,3kmp_A_A,2.7
962,0.017,TYR, ,CE2,56.45,1000.00,0.0,1.90,1.0,<Residue TYR het=  resseq=127 icode= >,3kmp_A_A,2.7
963,0.0,TYR, ,CZ,47.93,1000.00,0.0,3.72,1.0,<Residue TYR het=  resseq=127 icode= >,3kmp_A_A,2.7
964,0.0,TYR, ,OH,47.24,1000.00,0.0,1.96,1.0,<Residue TYR het=  resseq=127 icode= >,3kmp_A_A,2.7
965,0.0,LYS, ,N,52.59,17.59,0.0,3.69,1.0,<Residue LYS het=  resseq=128 icode= >,3kmp_A_A,2.7
966,2.189,LYS, ,CA,56.3,18.07,0.0,3.06,1.0,<Residue LYS het=  resseq=128 icode= >,3kmp_A_A,2.7
967,0.0,LYS, ,C,52.93,16.93,0.0,3.23,1.0,<Residue LYS het=  resseq=128 icode= >,3kmp_A_A,2.7
968,0.0,LYS, ,O,49.29,15.80,0.0,2.41,1.0,<Residue LYS het=  resseq=128 icode= >,3kmp_A_A,2.7
969,16.155,LYS, ,CB,54.45,18.91,0.0,0.80,1.0,<Residue LYS het=  resseq=128 icode= >,3kmp_A_A,2.7
970,0.0,LYS, ,CG,48.87,18.28,0.0,1.27,1.0,<Residue LYS het=  resseq=128 icode= >,3kmp_A_A,2.7
971,19.681,LYS, ,CD,76.71,19.37,0.0,0.32,1.0,<Residue LYS het=  resseq=128 icode= >,3kmp_A_A,2.7
972,8.044,LYS, ,CE,77.79,19.01,0.0,0.51,1.0,<Residue LYS het=  resseq=128 icode= >,3kmp_A_A,2.7
973,40.987,LYS, ,NZ,69.27,20.27,0.0,0.86,1.0,<Residue LYS het=  resseq=128 icode= >,3kmp_A_A,2.7
974,3.649,ARG, ,N,56.45,17.32,0.0,2.48,1.0,<Residue ARG het=  resseq=129 icode= >,3kmp_A_A,2.7
975,0.0,ARG, ,CA,60.12,16.43,0.0,2.40,1.0,<Residue ARG het=  resseq=129 icode= >,3kmp_A_A,2.7
976,0.771,ARG, ,C,59.05,16.52,0.0,3.33,1.0,<Residue ARG het=  resseq=129 icode= >,3kmp_A_A,2.7
977,22.53,ARG, ,O,57.89,17.63,0.0,1.93,1.0,<Residue ARG het=  resseq=129 icode= >,3kmp_A_A,2.7
978,7.278,ARG, ,CB,41.36,16.91,0.0,1.51,1.0,<Residue ARG het=  resseq=129 icode= >,3kmp_A_A,2.7
979,1.319,ARG, ,CG,53.53,16.04,0.0,1.39,1.0,<Residue ARG het=  resseq=129 icode= >,3kmp_A_A,2.7
980,14.526,ARG, ,CD,45.28,16.42,0.0,2.13,1.0,<Residue ARG het=  resseq=129 icode= >,3kmp_A_A,2.7
981,2.195,ARG, ,NE,60.8,15.33,0.0,2.28,1.0,<Residue ARG het=  resseq=129 icode= >,3kmp_A_A,2.7
982,4.453,ARG, ,CZ,55.74,15.34,0.0,2.98,1.0,<Residue ARG het=  resseq=129 icode= >,3kmp_A_A,2.7
983,16.971,ARG, ,NH1,56.2,16.38,0.0,1.48,1.0,<Residue ARG het=  resseq=129 icode= >,3kmp_A_A,2.7
984,7.685,ARG, ,NH2,46.06,14.42,0.0,1.88,1.0,<Residue ARG het=  resseq=129 icode= >,3kmp_A_A,2.7
985,0.0,VAL, ,N,63.88,15.44,0.0,1.98,1.0,<Residue VAL het=  resseq=130 icode= >,3kmp_A_A,2.7
986,8.268,VAL, ,CA,60.65,15.55,0.0,2.72,1.0,<Residue VAL het=  resseq=130 icode= >,3kmp_A_A,2.7
987,0.697,VAL, ,C,68.57,14.89,0.0,3.16,1.0,<Residue VAL het=  resseq=130 icode= >,3kmp_A_A,2.7
988,0.749,VAL, ,O,71.09,14.36,0.0,1.45,1.0,<Residue VAL het=  resseq=130 icode= >,3kmp_A_A,2.7
989,10.072,VAL, ,CB,57.12,15.15,0.0,2.14,1.0,<Residue VAL het=  resseq=130 icode= >,3kmp_A_A,2.7
990,10.427,VAL, ,CG1,58.69,15.87,0.0,0.79,1.0,<Residue VAL het=  resseq=130 icode= >,3kmp_A_A,2.7
991,7.806,VAL, ,CG2,56.91,13.65,0.0,0.97,1.0,<Residue VAL het=  resseq=130 icode= >,3kmp_A_A,2.7
992,4.242,GLU, ,N,80.14,15.08,0.0,2.01,1.0,<Residue GLU het=  resseq=131 icode= >,3kmp_A_A,2.7
993,0.253,GLU, ,CA,88.87,14.56,0.0,2.41,1.0,<Residue GLU het=  resseq=131 icode= >,3kmp_A_A,2.7
994,2.294,GLU, ,C,100.05,13.28,0.0,2.49,1.0,<Residue GLU het=  resseq=131 icode= >,3kmp_A_A,2.7
995,5.673,GLU, ,O,115.8,12.85,0.0,0.65,1.0,<Residue GLU het=  resseq=131 icode= >,3kmp_A_A,2.7
996,23.996,GLU, ,CB,96.0,15.56,0.0,1.31,1.0,<Residue GLU het=  resseq=131 icode= >,3kmp_A_A,2.7
997,36.296,GLU, ,CG,102.01,16.88,0.0,1.17,1.0,<Residue GLU het=  resseq=131 icode= >,3kmp_A_A,2.7
998,8.035,GLU, ,CD,118.56,16.79,0.0,1.04,1.0,<Residue GLU het=  resseq=131 icode= >,3kmp_A_A,2.7
999,18.418,GLU, ,OE1,131.27,15.79,0.0,-0.09,1.0,<Residue GLU het=  resseq=131 icode= >,3kmp_A_A,2.7
1000,40.229,GLU, ,OE2,114.47,17.69,0.0,1.34,1.0,<Residue GLU het=  resseq=131 icode= >,3kmp_A_A,2.7
1001,6.318,SER, ,N,104.57,12.84,0.0,1.45,1.0,<Residue SER het=  resseq=132 icode= >,3kmp_A_A,2.7
1002,13.282,SER, ,CA,94.24,11.82,0.0,1.87,1.0,<Residue SER het=  resseq=132 icode= >,3kmp_A_A,2.7
1003,37.276,SER, ,C,84.83,11.75,0.0,1.45,1.0,<Residue SER het=  resseq=132 icode= >,3kmp_A_A,2.7
1004,38.619,SER, ,O,63.18,11.16,0.0,1.91,1.0,<Residue SER het=  resseq=132 icode= >,3kmp_A_A,2.7
1005,21.177,SER, ,CB,87.57,10.48,0.0,1.64,1.0,<Residue SER het=  resseq=132 icode= >,3kmp_A_A,2.7
1006,12.965,SER, ,OG,94.48,10.37,0.0,1.07,1.0,<Residue SER het=  resseq=132 icode= >,3kmp_A_A,2.7
