,ASA,aa,altloc,atom,bfac,d2r,dASA,dens,occ,residue,id,resolu
0,49.31,THR, ,N,73.94,1000.00,0.0,1.31,1.0,<Residue THR het=  resseq=10 icode= >,3kmp_B_A,2.7
1,10.716,THR, ,CA,82.78,1000.00,0.0,1.97,1.0,<Residue THR het=  resseq=10 icode= >,3kmp_B_A,2.7
2,2.917,THR, ,C,90.29,1000.00,0.0,1.94,1.0,<Residue THR het=  resseq=10 icode= >,3kmp_B_A,2.7
3,18.301,THR, ,O,95.86,1000.00,0.0,0.92,1.0,<Residue THR het=  resseq=10 icode= >,3kmp_B_A,2.7
4,12.775,THR, ,CB,82.87,1000.00,0.0,1.46,1.0,<Residue THR het=  resseq=10 icode= >,3kmp_B_A,2.7
5,34.79,THR, ,OG1,75.68,1000.00,0.0,1.16,1.0,<Residue THR het=  resseq=10 icode= >,3kmp_B_A,2.7
6,23.733,THR, ,CG2,84.64,1000.00,0.0,0.63,1.0,<Residue THR het=  resseq=10 icode= >,3kmp_B_A,2.7
7,2.797,SER, ,N,71.61,1000.00,0.0,1.85,1.0,<Residue SER het=  resseq=11 icode= >,3kmp_B_A,2.7
8,3.287,SER, ,CA,59.07,1000.00,0.0,2.37,1.0,<Residue SER het=  resseq=11 icode= >,3kmp_B_A,2.7
9,0.0,SER, ,C,67.18,1000.00,0.0,2.61,1.0,<Residue SER het=  resseq=11 icode= >,3kmp_B_A,2.7
10,0.0,SER, ,O,56.64,1000.00,0.0,1.37,1.0,<Residue SER het=  resseq=11 icode= >,3kmp_B_A,2.7
11,29.802,SER, ,CB,54.55,1000.00,0.0,1.43,1.0,<Residue SER het=  resseq=11 icode= >,3kmp_B_A,2.7
12,9.202,SER, ,OG,66.64,1000.00,0.0,1.43,1.0,<Residue SER het=  resseq=11 icode= >,3kmp_B_A,2.7
13,0.0,PRO, ,N,71.72,1000.00,0.0,2.11,1.0,<Residue PRO het=  resseq=12 icode= >,3kmp_B_A,2.7
14,0.334,PRO, ,CA,65.07,1000.00,0.0,2.28,1.0,<Residue PRO het=  resseq=12 icode= >,3kmp_B_A,2.7
15,0.0,PRO, ,C,57.56,1000.00,0.0,3.32,1.0,<Residue PRO het=  resseq=12 icode= >,3kmp_B_A,2.7
16,0.153,PRO, ,O,54.6,1000.00,0.0,1.86,1.0,<Residue PRO het=  resseq=12 icode= >,3kmp_B_A,2.7
17,24.803,PRO, ,CB,52.55,1000.00,0.0,1.65,1.0,<Residue PRO het=  resseq=12 icode= >,3kmp_B_A,2.7
18,41.643,PRO, ,CG,48.21,1000.00,0.0,1.48,1.0,<Residue PRO het=  resseq=12 icode= >,3kmp_B_A,2.7
19,21.864,PRO, ,CD,59.83,1000.00,0.0,0.99,1.0,<Residue PRO het=  resseq=12 icode= >,3kmp_B_A,2.7
20,0.961,ALA, ,N,60.07,1000.00,0.0,2.34,1.0,<Residue ALA het=  resseq=13 icode= >,3kmp_B_A,2.7
21,0.0,ALA, ,CA,60.57,1000.00,0.0,2.54,1.0,<Residue ALA het=  resseq=13 icode= >,3kmp_B_A,2.7
22,0.0,ALA, ,C,60.31,1000.00,0.0,3.20,1.0,<Residue ALA het=  resseq=13 icode= >,3kmp_B_A,2.7
23,0.135,ALA, ,O,59.37,1000.00,0.0,1.48,1.0,<Residue ALA het=  resseq=13 icode= >,3kmp_B_A,2.7
24,41.579,ALA, ,CB,50.0,1000.00,0.0,0.57,1.0,<Residue ALA het=  resseq=13 icode= >,3kmp_B_A,2.7
25,0.0,VAL, ,N,45.55,1000.00,0.0,2.99,1.0,<Residue VAL het=  resseq=14 icode= >,3kmp_B_A,2.7
26,0.251,VAL, ,CA,50.18,1000.00,0.0,2.76,1.0,<Residue VAL het=  resseq=14 icode= >,3kmp_B_A,2.7
27,0.0,VAL, ,C,51.53,1000.00,0.0,3.03,1.0,<Residue VAL het=  resseq=14 icode= >,3kmp_B_A,2.7
28,0.0,VAL, ,O,53.65,1000.00,0.0,1.89,1.0,<Residue VAL het=  resseq=14 icode= >,3kmp_B_A,2.7
29,0.076,VAL, ,CB,57.28,1000.00,0.0,1.65,1.0,<Residue VAL het=  resseq=14 icode= >,3kmp_B_A,2.7
30,29.147,VAL, ,CG1,49.85,1000.00,0.0,0.73,1.0,<Residue VAL het=  resseq=14 icode= >,3kmp_B_A,2.7
31,44.229,VAL, ,CG2,40.5,1000.00,0.0,0.96,1.0,<Residue VAL het=  resseq=14 icode= >,3kmp_B_A,2.7
32,0.0,LYS, ,N,49.26,1000.00,0.0,2.74,1.0,<Residue LYS het=  resseq=15 icode= >,3kmp_B_A,2.7
33,0.329,LYS, ,CA,60.95,1000.00,0.0,3.01,1.0,<Residue LYS het=  resseq=15 icode= >,3kmp_B_A,2.7
34,0.264,LYS, ,C,52.5,1000.00,0.0,4.19,1.0,<Residue LYS het=  resseq=15 icode= >,3kmp_B_A,2.7
35,10.406,LYS, ,O,40.2,1000.00,0.0,2.12,1.0,<Residue LYS het=  resseq=15 icode= >,3kmp_B_A,2.7
36,14.17,LYS, ,CB,62.5,1000.00,0.0,1.47,1.0,<Residue LYS het=  resseq=15 icode= >,3kmp_B_A,2.7
37,7.98,LYS, ,CG,96.36,1000.00,0.0,0.22,1.0,<Residue LYS het=  resseq=15 icode= >,3kmp_B_A,2.7
38,30.073,LYS, ,CD,127.81,1000.00,0.0,-0.97,1.0,<Residue LYS het=  resseq=15 icode= >,3kmp_B_A,2.7
39,5.266,LYS, ,CE,139.12,1000.00,0.0,-0.61,1.0,<Residue LYS het=  resseq=15 icode= >,3kmp_B_A,2.7
40,39.083,LYS, ,NZ,139.11,1000.00,0.0,-0.34,1.0,<Residue LYS het=  resseq=15 icode= >,3kmp_B_A,2.7
41,0.0,ARG, ,N,44.81,1000.00,0.0,3.28,1.0,<Residue ARG het=  resseq=16 icode= >,3kmp_B_A,2.7
42,6.891,ARG, ,CA,50.29,1000.00,0.0,3.11,1.0,<Residue ARG het=  resseq=16 icode= >,3kmp_B_A,2.7
43,0.41,ARG, ,C,53.19,1000.00,0.0,3.54,1.0,<Residue ARG het=  resseq=16 icode= >,3kmp_B_A,2.7
44,1.902,ARG, ,O,44.99,1000.00,0.0,1.89,1.0,<Residue ARG het=  resseq=16 icode= >,3kmp_B_A,2.7
45,5.058,ARG, ,CB,41.87,1000.00,0.0,1.80,1.0,<Residue ARG het=  resseq=16 icode= >,3kmp_B_A,2.7
46,22.981,ARG, ,CG,74.75,1000.00,0.0,1.45,1.0,<Residue ARG het=  resseq=16 icode= >,3kmp_B_A,2.7
47,37.511,ARG, ,CD,76.31,1000.00,0.0,1.57,1.0,<Residue ARG het=  resseq=16 icode= >,3kmp_B_A,2.7
48,13.03,ARG, ,NE,75.39,1000.00,0.0,1.57,1.0,<Residue ARG het=  resseq=16 icode= >,3kmp_B_A,2.7
49,4.074,ARG, ,CZ,81.83,1000.00,0.0,1.84,1.0,<Residue ARG het=  resseq=16 icode= >,3kmp_B_A,2.7
50,28.298,ARG, ,NH1,84.7,1000.00,0.0,0.40,1.0,<Residue ARG het=  resseq=16 icode= >,3kmp_B_A,2.7
51,36.127,ARG, ,NH2,74.58,1000.00,0.0,0.69,1.0,<Residue ARG het=  resseq=16 icode= >,3kmp_B_A,2.7
52,0.0,LEU, ,N,43.14,1000.00,0.0,2.66,1.0,<Residue LEU het=  resseq=17 icode= >,3kmp_B_A,2.7
53,0.0,LEU, ,CA,44.25,1000.00,0.0,3.13,1.0,<Residue LEU het=  resseq=17 icode= >,3kmp_B_A,2.7
54,1.13,LEU, ,C,37.36,1000.00,0.0,3.75,1.0,<Residue LEU het=  resseq=17 icode= >,3kmp_B_A,2.7
55,7.308,LEU, ,O,39.84,1000.00,0.0,2.47,1.0,<Residue LEU het=  resseq=17 icode= >,3kmp_B_A,2.7
56,12.525,LEU, ,CB,38.88,1000.00,0.0,1.91,1.0,<Residue LEU het=  resseq=17 icode= >,3kmp_B_A,2.7
57,2.69,LEU, ,CG,61.6,1000.00,0.0,1.83,1.0,<Residue LEU het=  resseq=17 icode= >,3kmp_B_A,2.7
58,50.967,LEU, ,CD1,44.44,1000.00,0.0,0.64,1.0,<Residue LEU het=  resseq=17 icode= >,3kmp_B_A,2.7
59,53.383,LEU, ,CD2,46.8,1000.00,0.0,0.86,1.0,<Residue LEU het=  resseq=17 icode= >,3kmp_B_A,2.7
60,0.0,LEU, ,N,36.94,1000.00,0.0,2.59,1.0,<Residue LEU het=  resseq=18 icode= >,3kmp_B_A,2.7
61,0.121,LEU, ,CA,35.67,1000.00,0.0,3.44,1.0,<Residue LEU het=  resseq=18 icode= >,3kmp_B_A,2.7
62,1.131,LEU, ,C,46.1,1000.00,0.0,4.05,1.0,<Residue LEU het=  resseq=18 icode= >,3kmp_B_A,2.7
63,10.535,LEU, ,O,42.13,1000.00,0.0,2.08,1.0,<Residue LEU het=  resseq=18 icode= >,3kmp_B_A,2.7
64,10.812,LEU, ,CB,38.46,1000.00,0.0,1.68,1.0,<Residue LEU het=  resseq=18 icode= >,3kmp_B_A,2.7
65,0.72,LEU, ,CG,49.32,1000.00,0.0,2.86,1.0,<Residue LEU het=  resseq=18 icode= >,3kmp_B_A,2.7
66,38.704,LEU, ,CD1,35.37,1000.00,0.0,1.29,1.0,<Residue LEU het=  resseq=18 icode= >,3kmp_B_A,2.7
67,38.127,LEU, ,CD2,37.25,1000.00,0.0,1.41,1.0,<Residue LEU het=  resseq=18 icode= >,3kmp_B_A,2.7
68,0.04,GLY, ,N,38.28,1000.00,0.0,2.61,1.0,<Residue GLY het=  resseq=19 icode= >,3kmp_B_A,2.7
69,31.483,GLY, ,CA,54.38,1000.00,0.0,1.76,1.0,<Residue GLY het=  resseq=19 icode= >,3kmp_B_A,2.7
70,2.323,GLY, ,C,57.82,1000.00,0.0,2.91,1.0,<Residue GLY het=  resseq=19 icode= >,3kmp_B_A,2.7
71,27.29,GLY, ,O,70.6,1000.00,0.0,1.20,1.0,<Residue GLY het=  resseq=19 icode= >,3kmp_B_A,2.7
72,0.0,TRP, ,N,51.22,1000.00,0.0,2.94,1.0,<Residue TRP het=  resseq=20 icode= >,3kmp_B_A,2.7
73,3.619,TRP, ,CA,54.67,1000.00,0.0,2.81,1.0,<Residue TRP het=  resseq=20 icode= >,3kmp_B_A,2.7
74,2.268,TRP, ,C,42.23,1000.00,0.0,3.48,1.0,<Residue TRP het=  resseq=20 icode= >,3kmp_B_A,2.7
75,16.607,TRP, ,O,41.39,1000.00,0.0,2.21,1.0,<Residue TRP het=  resseq=20 icode= >,3kmp_B_A,2.7
76,21.235,TRP, ,CB,50.98,1000.00,0.0,1.54,1.0,<Residue TRP het=  resseq=20 icode= >,3kmp_B_A,2.7
77,2.102,TRP, ,CG,64.47,1000.00,0.0,2.45,1.0,<Residue TRP het=  resseq=20 icode= >,3kmp_B_A,2.7
78,5.617,TRP, ,CD1,69.67,1000.00,0.0,1.56,1.0,<Residue TRP het=  resseq=20 icode= >,3kmp_B_A,2.7
79,3.366,TRP, ,CD2,74.62,1000.00,0.0,2.35,1.0,<Residue TRP het=  resseq=20 icode= >,3kmp_B_A,2.7
80,22.897,TRP, ,NE1,72.01,1000.00,0.0,1.62,1.0,<Residue TRP het=  resseq=20 icode= >,3kmp_B_A,2.7
81,6.357,TRP, ,CE2,84.48,1000.00,0.0,1.51,1.0,<Residue TRP het=  resseq=20 icode= >,3kmp_B_A,2.7
82,24.887,TRP, ,CE3,67.65,1000.00,0.0,1.46,1.0,<Residue TRP het=  resseq=20 icode= >,3kmp_B_A,2.7
83,34.613,TRP, ,CZ2,94.11,1000.00,0.0,0.26,1.0,<Residue TRP het=  resseq=20 icode= >,3kmp_B_A,2.7
84,35.88,TRP, ,CZ3,86.07,1000.00,0.0,0.65,1.0,<Residue TRP het=  resseq=20 icode= >,3kmp_B_A,2.7
85,36.284,TRP, ,CH2,91.67,1000.00,0.0,0.37,1.0,<Residue TRP het=  resseq=20 icode= >,3kmp_B_A,2.7
86,0.0,LYS, ,N,39.27,1000.00,0.0,3.04,1.0,<Residue LYS het=  resseq=21 icode= >,3kmp_B_A,2.7
87,8.643,LYS, ,CA,42.91,1000.00,0.0,3.70,1.0,<Residue LYS het=  resseq=21 icode= >,3kmp_B_A,2.7
88,0.0,LYS, ,C,50.29,1000.00,0.0,3.81,1.0,<Residue LYS het=  resseq=21 icode= >,3kmp_B_A,2.7
89,17.86,LYS, ,O,57.43,1000.00,0.0,1.97,1.0,<Residue LYS het=  resseq=21 icode= >,3kmp_B_A,2.7
90,3.904,LYS, ,CB,41.32,1000.00,0.0,1.98,1.0,<Residue LYS het=  resseq=21 icode= >,3kmp_B_A,2.7
91,16.769,LYS, ,CG,35.99,1000.00,0.0,2.22,1.0,<Residue LYS het=  resseq=21 icode= >,3kmp_B_A,2.7
92,19.433,LYS, ,CD,42.72,1000.00,0.0,2.25,1.0,<Residue LYS het=  resseq=21 icode= >,3kmp_B_A,2.7
93,38.714,LYS, ,CE,34.7,1000.00,0.0,2.46,1.0,<Residue LYS het=  resseq=21 icode= >,3kmp_B_A,2.7
94,18.741,LYS, ,NZ,46.42,1000.00,0.0,1.81,1.0,<Residue LYS het=  resseq=21 icode= >,3kmp_B_A,2.7
95,4.067,GLN, ,N,41.02,1000.00,0.0,3.68,1.0,<Residue GLN het=  resseq=22 icode= >,3kmp_B_A,2.7
96,0.299,GLN, ,CA,38.74,1000.00,0.0,3.40,1.0,<Residue GLN het=  resseq=22 icode= >,3kmp_B_A,2.7
97,0.0,GLN, ,C,48.03,1000.00,0.0,3.27,1.0,<Residue GLN het=  resseq=22 icode= >,3kmp_B_A,2.7
98,8.22,GLN, ,O,48.21,1000.00,0.0,2.02,1.0,<Residue GLN het=  resseq=22 icode= >,3kmp_B_A,2.7
99,23.924,GLN, ,CB,48.55,1000.00,0.0,1.49,1.0,<Residue GLN het=  resseq=22 icode= >,3kmp_B_A,2.7
100,34.464,GLN, ,CG,66.59,1000.00,0.0,1.23,1.0,<Residue GLN het=  resseq=22 icode= >,3kmp_B_A,2.7
101,6.193,GLN, ,CD,70.36,1000.00,0.0,2.52,1.0,<Residue GLN het=  resseq=22 icode= >,3kmp_B_A,2.7
102,34.041,GLN, ,OE1,60.2,1000.00,0.0,1.22,1.0,<Residue GLN het=  resseq=22 icode= >,3kmp_B_A,2.7
103,22.347,GLN, ,NE2,69.79,1000.00,0.0,0.76,1.0,<Residue GLN het=  resseq=22 icode= >,3kmp_B_A,2.7
104,7.035,GLY, ,N,42.95,1000.00,0.0,2.70,1.0,<Residue GLY het=  resseq=23 icode= >,3kmp_B_A,2.7
105,7.683,GLY, ,CA,32.04,1000.00,0.0,2.48,1.0,<Residue GLY het=  resseq=23 icode= >,3kmp_B_A,2.7
106,0.55,GLY, ,C,45.58,1000.00,0.0,3.28,1.0,<Residue GLY het=  resseq=23 icode= >,3kmp_B_A,2.7
107,5.36,GLY, ,O,49.51,1000.00,0.0,2.04,1.0,<Residue GLY het=  resseq=23 icode= >,3kmp_B_A,2.7
108,0.0,ASP, ,N,44.1,18.43,0.0,3.35,1.0,<Residue ASP het=  resseq=24 icode= >,3kmp_B_A,2.7
109,8.363,ASP, ,CA,32.32,17.26,0.0,3.60,1.0,<Residue ASP het=  resseq=24 icode= >,3kmp_B_A,2.7
110,0.016,ASP, ,C,51.29,16.16,0.0,4.43,1.0,<Residue ASP het=  resseq=24 icode= >,3kmp_B_A,2.7
111,0.0,ASP, ,O,32.83,15.81,0.0,2.73,1.0,<Residue ASP het=  resseq=24 icode= >,3kmp_B_A,2.7
112,32.807,ASP, ,CB,55.57,16.83,0.0,1.91,1.0,<Residue ASP het=  resseq=24 icode= >,3kmp_B_A,2.7
113,5.835,ASP, ,CG,60.85,16.45,0.0,2.98,1.0,<Residue ASP het=  resseq=24 icode= >,3kmp_B_A,2.7
114,3.729,ASP, ,OD1,76.59,16.63,0.0,0.85,1.0,<Residue ASP het=  resseq=24 icode= >,3kmp_B_A,2.7
115,35.168,ASP, ,OD2,41.77,16.10,0.0,2.17,1.0,<Residue ASP het=  resseq=24 icode= >,3kmp_B_A,2.7
116,2.321,GLU, ,N,32.73,15.07,0.0,3.34,1.0,<Residue GLU het=  resseq=25 icode= >,3kmp_B_A,2.7
117,0.0,GLU, ,CA,51.28,14.08,0.0,3.25,1.0,<Residue GLU het=  resseq=25 icode= >,3kmp_B_A,2.7
118,0.0,GLU, ,C,44.02,13.59,0.0,3.83,1.0,<Residue GLU het=  resseq=25 icode= >,3kmp_B_A,2.7
119,1.051,GLU, ,O,44.45,13.09,0.0,2.46,1.0,<Residue GLU het=  resseq=25 icode= >,3kmp_B_A,2.7
120,17.404,GLU, ,CB,56.92,13.00,0.0,1.62,1.0,<Residue GLU het=  resseq=25 icode= >,3kmp_B_A,2.7
121,38.858,GLU, ,CG,74.51,13.59,0.0,1.23,1.0,<Residue GLU het=  resseq=25 icode= >,3kmp_B_A,2.7
122,8.409,GLU, ,CD,92.78,14.04,0.0,1.68,1.0,<Residue GLU het=  resseq=25 icode= >,3kmp_B_A,2.7
123,24.453,GLU, ,OE1,93.43,13.36,0.0,1.14,1.0,<Residue GLU het=  resseq=25 icode= >,3kmp_B_A,2.7
124,28.766,GLU, ,OE2,94.96,14.91,0.0,1.17,1.0,<Residue GLU het=  resseq=25 icode= >,3kmp_B_A,2.7
125,1.19,GLU, ,N,42.08,13.45,0.0,3.05,1.0,<Residue GLU het=  resseq=26 icode= >,3kmp_B_A,2.7
126,0.0,GLU, ,CA,32.24,13.18,0.0,4.07,1.0,<Residue GLU het=  resseq=26 icode= >,3kmp_B_A,2.7
127,0.066,GLU, ,C,38.27,14.36,0.0,4.79,1.0,<Residue GLU het=  resseq=26 icode= >,3kmp_B_A,2.7
128,0.042,GLU, ,O,40.6,13.56,0.0,2.62,1.0,<Residue GLU het=  resseq=26 icode= >,3kmp_B_A,2.7
129,14.727,GLU, ,CB,34.47,13.08,0.0,2.00,1.0,<Residue GLU het=  resseq=26 icode= >,3kmp_B_A,2.7
130,34.26,GLU, ,CG,36.65,12.71,0.0,1.31,1.0,<Residue GLU het=  resseq=26 icode= >,3kmp_B_A,2.7
131,7.747,GLU, ,CD,60.21,11.34,0.0,2.87,1.0,<Residue GLU het=  resseq=26 icode= >,3kmp_B_A,2.7
132,17.412,GLU, ,OE1,61.66,10.36,0.0,1.42,1.0,<Residue GLU het=  resseq=26 icode= >,3kmp_B_A,2.7
133,15.87,GLU, ,OE2,42.08,11.21,0.0,2.02,1.0,<Residue GLU het=  resseq=26 icode= >,3kmp_B_A,2.7
134,0.165,GLU, ,N,34.5,15.26,0.0,3.45,1.0,<Residue GLU het=  resseq=27 icode= >,3kmp_B_A,2.7
135,4.214,GLU, ,CA,36.09,15.25,0.0,3.77,1.0,<Residue GLU het=  resseq=27 icode= >,3kmp_B_A,2.7
136,0.0,GLU, ,C,46.38,14.12,0.0,4.19,1.0,<Residue GLU het=  resseq=27 icode= >,3kmp_B_A,2.7
137,0.701,GLU, ,O,35.3,13.57,0.0,2.64,1.0,<Residue GLU het=  resseq=27 icode= >,3kmp_B_A,2.7
138,9.268,GLU, ,CB,30.58,16.62,0.0,2.38,1.0,<Residue GLU het=  resseq=27 icode= >,3kmp_B_A,2.7
139,21.979,GLU, ,CG,41.71,16.82,0.0,1.80,1.0,<Residue GLU het=  resseq=27 icode= >,3kmp_B_A,2.7
140,9.158,GLU, ,CD,38.69,18.25,0.0,3.55,1.0,<Residue GLU het=  resseq=27 icode= >,3kmp_B_A,2.7
141,10.754,GLU, ,OE1,57.85,19.10,0.0,2.23,1.0,<Residue GLU het=  resseq=27 icode= >,3kmp_B_A,2.7
142,41.862,GLU, ,OE2,55.57,18.59,0.0,1.86,1.0,<Residue GLU het=  resseq=27 icode= >,3kmp_B_A,2.7
143,0.0,LYS, ,N,31.04,13.89,0.0,3.72,1.0,<Residue LYS het=  resseq=28 icode= >,3kmp_B_A,2.7
144,1.973,LYS, ,CA,37.15,12.95,0.0,3.68,1.0,<Residue LYS het=  resseq=28 icode= >,3kmp_B_A,2.7
145,0.0,LYS, ,C,41.6,11.54,0.0,4.07,1.0,<Residue LYS het=  resseq=28 icode= >,3kmp_B_A,2.7
146,1.531,LYS, ,O,41.72,10.81,0.0,2.32,1.0,<Residue LYS het=  resseq=28 icode= >,3kmp_B_A,2.7
147,6.765,LYS, ,CB,36.56,12.95,0.0,1.54,1.0,<Residue LYS het=  resseq=28 icode= >,3kmp_B_A,2.7
148,12.496,LYS, ,CG,40.73,13.90,0.0,1.85,1.0,<Residue LYS het=  resseq=28 icode= >,3kmp_B_A,2.7
149,12.77,LYS, ,CD,58.63,13.99,0.0,1.55,1.0,<Residue LYS het=  resseq=28 icode= >,3kmp_B_A,2.7
150,20.033,LYS, ,CE,87.45,14.87,0.0,1.04,1.0,<Residue LYS het=  resseq=28 icode= >,3kmp_B_A,2.7
151,33.619,LYS, ,NZ,102.37,15.17,0.0,-0.04,1.0,<Residue LYS het=  resseq=28 icode= >,3kmp_B_A,2.7
152,0.327,TRP, ,N,39.27,11.32,0.0,2.88,1.0,<Residue TRP het=  resseq=29 icode= >,3kmp_B_A,2.7
153,0.069,TRP, ,CA,37.83,10.13,0.0,3.53,1.0,<Residue TRP het=  resseq=29 icode= >,3kmp_B_A,2.7
154,0.0,TRP, ,C,38.2,10.06,0.0,4.98,1.0,<Residue TRP het=  resseq=29 icode= >,3kmp_B_A,2.7
155,0.0,TRP, ,O,30.89,9.08,0.0,3.37,1.0,<Residue TRP het=  resseq=29 icode= >,3kmp_B_A,2.7
156,2.661,TRP, ,CB,32.2,10.36,0.0,2.30,1.0,<Residue TRP het=  resseq=29 icode= >,3kmp_B_A,2.7
157,0.0,TRP, ,CG,33.38,9.27,0.0,3.26,1.0,<Residue TRP het=  resseq=29 icode= >,3kmp_B_A,2.7
158,4.683,TRP, ,CD1,34.59,8.22,0.0,2.66,1.0,<Residue TRP het=  resseq=29 icode= >,3kmp_B_A,2.7
159,0.0,TRP, ,CD2,42.8,9.30,0.0,3.14,1.0,<Residue TRP het=  resseq=29 icode= >,3kmp_B_A,2.7
160,0.0,TRP, ,NE1,38.1,7.55,0.0,2.83,1.0,<Residue TRP het=  resseq=29 icode= >,3kmp_B_A,2.7
161,0.0,TRP, ,CE2,44.89,8.27,0.0,3.23,1.0,<Residue TRP het=  resseq=29 icode= >,3kmp_B_A,2.7
162,0.209,TRP, ,CE3,36.05,10.30,0.0,2.00,1.0,<Residue TRP het=  resseq=29 icode= >,3kmp_B_A,2.7
163,0.625,TRP, ,CZ2,47.2,8.33,0.0,1.69,1.0,<Residue TRP het=  resseq=29 icode= >,3kmp_B_A,2.7
164,9.797,TRP, ,CZ3,36.4,10.33,0.0,1.85,1.0,<Residue TRP het=  resseq=29 icode= >,3kmp_B_A,2.7
165,5.855,TRP, ,CH2,38.34,9.41,0.0,2.24,1.0,<Residue TRP het=  resseq=29 icode= >,3kmp_B_A,2.7
166,0.0,ALA, ,N,32.91,11.27,0.0,3.62,1.0,<Residue ALA het=  resseq=30 icode= >,3kmp_B_A,2.7
167,0.0,ALA, ,CA,37.77,11.56,0.0,4.31,1.0,<Residue ALA het=  resseq=30 icode= >,3kmp_B_A,2.7
168,1.075,ALA, ,C,30.37,11.16,0.0,4.68,1.0,<Residue ALA het=  resseq=30 icode= >,3kmp_B_A,2.7
169,0.0,ALA, ,O,34.0,10.73,0.0,2.51,1.0,<Residue ALA het=  resseq=30 icode= >,3kmp_B_A,2.7
170,23.319,ALA, ,CB,30.27,13.01,0.0,1.64,1.0,<Residue ALA het=  resseq=30 icode= >,3kmp_B_A,2.7
171,0.563,GLU, ,N,43.91,11.43,0.0,3.16,1.0,<Residue GLU het=  resseq=31 icode= >,3kmp_B_A,2.7
172,6.303,GLU, ,CA,41.57,11.21,0.0,3.28,1.0,<Residue GLU het=  resseq=31 icode= >,3kmp_B_A,2.7
173,0.0,GLU, ,C,44.8,9.74,0.0,4.45,1.0,<Residue GLU het=  resseq=31 icode= >,3kmp_B_A,2.7
174,0.724,GLU, ,O,37.27,9.38,0.0,3.02,1.0,<Residue GLU het=  resseq=31 icode= >,3kmp_B_A,2.7
175,6.148,GLU, ,CB,58.72,12.01,0.0,1.33,1.0,<Residue GLU het=  resseq=31 icode= >,3kmp_B_A,2.7
176,23.847,GLU, ,CG,61.23,11.98,0.0,1.06,1.0,<Residue GLU het=  resseq=31 icode= >,3kmp_B_A,2.7
177,15.567,GLU, ,CD,74.05,12.33,0.0,1.74,1.0,<Residue GLU het=  resseq=31 icode= >,3kmp_B_A,2.7
178,30.455,GLU, ,OE1,81.86,13.15,0.0,0.76,1.0,<Residue GLU het=  resseq=31 icode= >,3kmp_B_A,2.7
179,42.145,GLU, ,OE2,64.82,11.95,0.0,1.21,1.0,<Residue GLU het=  resseq=31 icode= >,3kmp_B_A,2.7
180,0.0,LYS, ,N,31.06,9.03,0.0,3.65,1.0,<Residue LYS het=  resseq=32 icode= >,3kmp_B_A,2.7
181,2.208,LYS, ,CA,31.41,7.61,0.0,3.86,1.0,<Residue LYS het=  resseq=32 icode= >,3kmp_B_A,2.7
182,0.0,LYS, ,C,50.87,6.90,0.0,4.45,1.0,<Residue LYS het=  resseq=32 icode= >,3kmp_B_A,2.7
183,2.302,LYS, ,O,31.5,6.08,0.0,2.82,1.0,<Residue LYS het=  resseq=32 icode= >,3kmp_B_A,2.7
184,4.154,LYS, ,CB,42.75,7.00,0.0,1.94,1.0,<Residue LYS het=  resseq=32 icode= >,3kmp_B_A,2.7
185,20.88,LYS, ,CG,34.26,7.55,0.0,2.21,1.0,<Residue LYS het=  resseq=32 icode= >,3kmp_B_A,2.7
186,3.219,LYS, ,CD,63.6,7.35,0.0,1.08,1.0,<Residue LYS het=  resseq=32 icode= >,3kmp_B_A,2.7
187,33.595,LYS, ,CE,67.23,7.90,0.0,0.97,1.0,<Residue LYS het=  resseq=32 icode= >,3kmp_B_A,2.7
188,30.834,LYS, ,NZ,71.7,8.57,0.0,0.48,1.0,<Residue LYS het=  resseq=32 icode= >,3kmp_B_A,2.7
189,0.0,ALA, ,N,30.98,7.50,0.0,3.58,1.0,<Residue ALA het=  resseq=33 icode= >,3kmp_B_A,2.7
190,0.0,ALA, ,CA,31.03,7.33,0.0,4.03,1.0,<Residue ALA het=  resseq=33 icode= >,3kmp_B_A,2.7
191,0.0,ALA, ,C,40.08,7.80,0.0,4.71,1.0,<Residue ALA het=  resseq=33 icode= >,3kmp_B_A,2.7
192,0.0,ALA, ,O,34.91,7.45,0.0,2.96,1.0,<Residue ALA het=  resseq=33 icode= >,3kmp_B_A,2.7
193,0.0,ALA, ,CB,33.19,8.34,0.0,1.87,1.0,<Residue ALA het=  resseq=33 icode= >,3kmp_B_A,2.7
194,0.0,VAL, ,N,30.9,8.83,0.0,3.30,1.0,<Residue VAL het=  resseq=34 icode= >,3kmp_B_A,2.7
195,0.0,VAL, ,CA,49.07,9.53,0.0,3.45,1.0,<Residue VAL het=  resseq=34 icode= >,3kmp_B_A,2.7
196,0.0,VAL, ,C,33.19,8.87,0.0,4.51,1.0,<Residue VAL het=  resseq=34 icode= >,3kmp_B_A,2.7
197,0.0,VAL, ,O,31.88,9.04,0.0,3.32,1.0,<Residue VAL het=  resseq=34 icode= >,3kmp_B_A,2.7
198,1.623,VAL, ,CB,31.16,10.93,0.0,3.58,1.0,<Residue VAL het=  resseq=34 icode= >,3kmp_B_A,2.7
199,32.259,VAL, ,CG1,31.68,11.64,0.0,2.14,1.0,<Residue VAL het=  resseq=34 icode= >,3kmp_B_A,2.7
200,9.211,VAL, ,CG2,31.07,11.82,0.0,1.80,1.0,<Residue VAL het=  resseq=34 icode= >,3kmp_B_A,2.7
201,0.253,ASP, ,N,34.92,8.36,0.0,3.54,1.0,<Residue ASP het=  resseq=35 icode= >,3kmp_B_A,2.7
202,4.206,ASP, ,CA,31.99,7.88,0.0,3.77,1.0,<Residue ASP het=  resseq=35 icode= >,3kmp_B_A,2.7
203,0.0,ASP, ,C,32.19,6.79,0.0,4.85,1.0,<Residue ASP het=  resseq=35 icode= >,3kmp_B_A,2.7
204,0.0,ASP, ,O,45.99,7.09,0.0,2.13,1.0,<Residue ASP het=  resseq=35 icode= >,3kmp_B_A,2.7
205,9.562,ASP, ,CB,51.89,7.65,0.0,1.83,1.0,<Residue ASP het=  resseq=35 icode= >,3kmp_B_A,2.7
206,8.476,ASP, ,CG,64.98,7.72,0.0,2.76,1.0,<Residue ASP het=  resseq=35 icode= >,3kmp_B_A,2.7
207,27.446,ASP, ,OD1,66.04,8.63,0.0,1.62,1.0,<Residue ASP het=  resseq=35 icode= >,3kmp_B_A,2.7
208,21.965,ASP, ,OD2,85.01,7.09,0.0,1.60,1.0,<Residue ASP het=  resseq=35 icode= >,3kmp_B_A,2.7
209,0.264,ALA, ,N,32.01,5.77,0.0,4.45,1.0,<Residue ALA het=  resseq=36 icode= >,3kmp_B_A,2.7
210,1.034,ALA, ,CA,32.3,4.91,0.163,4.52,1.0,<Residue ALA het=  resseq=36 icode= >,3kmp_B_A,2.7
211,0.0,ALA, ,C,36.96,5.96,0.0,4.60,1.0,<Residue ALA het=  resseq=36 icode= >,3kmp_B_A,2.7
212,1.021,ALA, ,O,44.79,6.06,0.0,2.99,1.0,<Residue ALA het=  resseq=36 icode= >,3kmp_B_A,2.7
213,19.477,ALA, ,CB,32.22,4.10,13.98,1.28,1.0,<Residue ALA het=  resseq=36 icode= >,3kmp_B_A,2.7
214,0.0,LEU, ,N,32.19,7.04,0.0,3.51,1.0,<Residue LEU het=  resseq=37 icode= >,3kmp_B_A,2.7
215,0.515,LEU, ,CA,47.51,8.17,0.0,3.72,1.0,<Residue LEU het=  resseq=37 icode= >,3kmp_B_A,2.7
216,0.0,LEU, ,C,44.51,9.00,0.0,4.62,1.0,<Residue LEU het=  resseq=37 icode= >,3kmp_B_A,2.7
217,0.0,LEU, ,O,40.08,9.65,0.0,2.90,1.0,<Residue LEU het=  resseq=37 icode= >,3kmp_B_A,2.7
218,0.0,LEU, ,CB,32.4,9.18,0.0,2.36,1.0,<Residue LEU het=  resseq=37 icode= >,3kmp_B_A,2.7
219,0.0,LEU, ,CG,47.44,10.52,0.0,3.25,1.0,<Residue LEU het=  resseq=37 icode= >,3kmp_B_A,2.7
220,0.037,LEU, ,CD1,33.52,10.39,0.0,1.82,1.0,<Residue LEU het=  resseq=37 icode= >,3kmp_B_A,2.7
221,0.186,LEU, ,CD2,33.05,11.56,0.0,0.90,1.0,<Residue LEU het=  resseq=37 icode= >,3kmp_B_A,2.7
222,0.0,VAL, ,N,38.2,9.23,0.0,3.39,1.0,<Residue VAL het=  resseq=38 icode= >,3kmp_B_A,2.7
223,0.0,VAL, ,CA,38.79,10.19,0.0,3.83,1.0,<Residue VAL het=  resseq=38 icode= >,3kmp_B_A,2.7
224,0.0,VAL, ,C,50.34,9.84,0.0,4.09,1.0,<Residue VAL het=  resseq=38 icode= >,3kmp_B_A,2.7
225,0.0,VAL, ,O,43.08,10.77,0.0,2.12,1.0,<Residue VAL het=  resseq=38 icode= >,3kmp_B_A,2.7
226,1.337,VAL, ,CB,43.69,10.71,0.0,2.54,1.0,<Residue VAL het=  resseq=38 icode= >,3kmp_B_A,2.7
227,19.352,VAL, ,CG1,37.61,11.75,0.0,1.15,1.0,<Residue VAL het=  resseq=38 icode= >,3kmp_B_A,2.7
228,20.075,VAL, ,CG2,33.29,11.49,0.0,1.66,1.0,<Residue VAL het=  resseq=38 icode= >,3kmp_B_A,2.7
229,0.0,LYS, ,N,46.59,8.64,0.0,2.79,1.0,<Residue LYS het=  resseq=39 icode= >,3kmp_B_A,2.7
230,0.037,LYS, ,CA,36.74,8.54,0.0,3.59,1.0,<Residue LYS het=  resseq=39 icode= >,3kmp_B_A,2.7
231,0.124,LYS, ,C,37.66,8.64,0.0,4.49,1.0,<Residue LYS het=  resseq=39 icode= >,3kmp_B_A,2.7
232,0.312,LYS, ,O,56.67,8.01,0.0,1.64,1.0,<Residue LYS het=  resseq=39 icode= >,3kmp_B_A,2.7
233,12.703,LYS, ,CB,34.22,7.22,0.0,2.25,1.0,<Residue LYS het=  resseq=39 icode= >,3kmp_B_A,2.7
234,9.465,LYS, ,CG,86.5,7.07,0.0,1.23,1.0,<Residue LYS het=  resseq=39 icode= >,3kmp_B_A,2.7
235,24.947,LYS, ,CD,95.16,5.84,0.533,0.67,1.0,<Residue LYS het=  resseq=39 icode= >,3kmp_B_A,2.7
236,20.454,LYS, ,CE,100.59,5.92,0.0,0.60,1.0,<Residue LYS het=  resseq=39 icode= >,3kmp_B_A,2.7
237,37.515,LYS, ,NZ,104.75,4.81,11.174,0.16,1.0,<Residue LYS het=  resseq=39 icode= >,3kmp_B_A,2.7
238,0.0,LYS, ,N,39.44,8.79,0.0,3.24,1.0,<Residue LYS het=  resseq=40 icode= >,3kmp_B_A,2.7
239,1.378,LYS, ,CA,35.7,9.57,0.0,3.54,1.0,<Residue LYS het=  resseq=40 icode= >,3kmp_B_A,2.7
240,0.0,LYS, ,C,42.06,10.63,0.0,4.16,1.0,<Residue LYS het=  resseq=40 icode= >,3kmp_B_A,2.7
241,2.045,LYS, ,O,53.13,10.62,0.0,2.31,1.0,<Residue LYS het=  resseq=40 icode= >,3kmp_B_A,2.7
242,5.095,LYS, ,CB,34.49,8.84,0.0,2.56,1.0,<Residue LYS het=  resseq=40 icode= >,3kmp_B_A,2.7
243,7.351,LYS, ,CG,36.72,7.47,0.0,2.55,1.0,<Residue LYS het=  resseq=40 icode= >,3kmp_B_A,2.7
244,2.376,LYS, ,CD,35.36,6.54,0.0,3.33,1.0,<Residue LYS het=  resseq=40 icode= >,3kmp_B_A,2.7
245,8.007,LYS, ,CE,33.87,5.21,0.718,1.92,1.0,<Residue LYS het=  resseq=40 icode= >,3kmp_B_A,2.7
246,40.017,LYS, ,NZ,88.18,4.71,7.942,0.37,1.0,<Residue LYS het=  resseq=40 icode= >,3kmp_B_A,2.7
247,0.0,LEU, ,N,42.88,11.40,0.0,3.03,1.0,<Residue LEU het=  resseq=41 icode= >,3kmp_B_A,2.7
248,0.0,LEU, ,CA,52.39,12.64,0.0,3.14,1.0,<Residue LEU het=  resseq=41 icode= >,3kmp_B_A,2.7
249,0.0,LEU, ,C,62.29,12.40,0.0,2.73,1.0,<Residue LEU het=  resseq=41 icode= >,3kmp_B_A,2.7
250,0.163,LEU, ,O,62.38,13.13,0.0,1.38,1.0,<Residue LEU het=  resseq=41 icode= >,3kmp_B_A,2.7
251,0.0,LEU, ,CB,49.44,13.10,0.0,2.34,1.0,<Residue LEU het=  resseq=41 icode= >,3kmp_B_A,2.7
252,0.0,LEU, ,CG,54.27,12.64,0.0,2.43,1.0,<Residue LEU het=  resseq=41 icode= >,3kmp_B_A,2.7
253,0.109,LEU, ,CD1,43.54,13.32,0.0,0.93,1.0,<Residue LEU het=  resseq=41 icode= >,3kmp_B_A,2.7
254,0.198,LEU, ,CD2,58.08,12.68,0.0,0.47,1.0,<Residue LEU het=  resseq=41 icode= >,3kmp_B_A,2.7
255,0.0,LYS, ,N,60.04,11.58,0.0,2.53,1.0,<Residue LYS het=  resseq=42 icode= >,3kmp_B_A,2.7
256,4.79,LYS, ,CA,51.84,11.45,0.0,3.26,1.0,<Residue LYS het=  resseq=42 icode= >,3kmp_B_A,2.7
257,0.892,LYS, ,C,59.96,11.08,0.0,3.63,1.0,<Residue LYS het=  resseq=42 icode= >,3kmp_B_A,2.7
258,11.622,LYS, ,O,66.13,11.64,0.0,2.02,1.0,<Residue LYS het=  resseq=42 icode= >,3kmp_B_A,2.7
259,10.624,LYS, ,CB,52.59,10.55,0.0,2.44,1.0,<Residue LYS het=  resseq=42 icode= >,3kmp_B_A,2.7
260,9.462,LYS, ,CG,72.71,11.24,0.0,0.92,1.0,<Residue LYS het=  resseq=42 icode= >,3kmp_B_A,2.7
261,28.912,LYS, ,CD,85.79,10.57,0.0,0.63,1.0,<Residue LYS het=  resseq=42 icode= >,3kmp_B_A,2.7
262,15.482,LYS, ,CE,89.71,9.07,0.0,0.99,1.0,<Residue LYS het=  resseq=42 icode= >,3kmp_B_A,2.7
263,38.741,LYS, ,NZ,90.06,8.64,0.0,0.50,1.0,<Residue LYS het=  resseq=42 icode= >,3kmp_B_A,2.7
264,0.0,LYS, ,N,54.86,10.31,0.0,2.90,1.0,<Residue LYS het=  resseq=43 icode= >,3kmp_B_A,2.7
265,8.574,LYS, ,CA,58.14,10.09,0.0,3.14,1.0,<Residue LYS het=  resseq=43 icode= >,3kmp_B_A,2.7
266,0.314,LYS, ,C,63.47,11.41,0.0,3.05,1.0,<Residue LYS het=  resseq=43 icode= >,3kmp_B_A,2.7
267,26.141,LYS, ,O,69.18,11.59,0.0,1.43,1.0,<Residue LYS het=  resseq=43 icode= >,3kmp_B_A,2.7
268,14.122,LYS, ,CB,60.95,9.03,0.0,1.89,1.0,<Residue LYS het=  resseq=43 icode= >,3kmp_B_A,2.7
269,17.234,LYS, ,CG,68.66,7.61,0.0,1.29,1.0,<Residue LYS het=  resseq=43 icode= >,3kmp_B_A,2.7
270,20.251,LYS, ,CD,74.64,6.84,0.0,1.11,1.0,<Residue LYS het=  resseq=43 icode= >,3kmp_B_A,2.7
271,33.579,LYS, ,CE,90.14,5.43,4.312,0.36,1.0,<Residue LYS het=  resseq=43 icode= >,3kmp_B_A,2.7
272,43.836,LYS, ,NZ,94.32,5.12,2.988,0.27,1.0,<Residue LYS het=  resseq=43 icode= >,3kmp_B_A,2.7
273,0.0,LYS, ,N,65.45,12.47,0.0,2.16,1.0,<Residue LYS het=  resseq=44 icode= >,3kmp_B_A,2.7
274,4.609,LYS, ,CA,64.19,13.76,0.0,2.84,1.0,<Residue LYS het=  resseq=44 icode= >,3kmp_B_A,2.7
275,0.0,LYS, ,C,75.97,14.85,0.0,2.86,1.0,<Residue LYS het=  resseq=44 icode= >,3kmp_B_A,2.7
276,2.311,LYS, ,O,84.39,15.17,0.0,1.34,1.0,<Residue LYS het=  resseq=44 icode= >,3kmp_B_A,2.7
277,7.436,LYS, ,CB,69.75,14.17,0.0,1.51,1.0,<Residue LYS het=  resseq=44 icode= >,3kmp_B_A,2.7
278,13.792,LYS, ,CG,73.73,13.25,0.0,1.12,1.0,<Residue LYS het=  resseq=44 icode= >,3kmp_B_A,2.7
279,10.45,LYS, ,CD,78.26,13.46,0.0,0.97,1.0,<Residue LYS het=  resseq=44 icode= >,3kmp_B_A,2.7
280,36.055,LYS, ,CE,75.96,14.17,0.0,0.84,1.0,<Residue LYS het=  resseq=44 icode= >,3kmp_B_A,2.7
281,3.449,LYS, ,NZ,70.68,13.37,0.0,0.72,1.0,<Residue LYS het=  resseq=44 icode= >,3kmp_B_A,2.7
282,7.001,LYS, ,N,72.68,15.54,0.0,2.53,1.0,<Residue LYS het=  resseq=45 icode= >,3kmp_B_A,2.7
283,1.539,LYS, ,CA,83.3,16.59,0.0,2.23,1.0,<Residue LYS het=  resseq=45 icode= >,3kmp_B_A,2.7
284,1.399,LYS, ,C,79.76,17.69,0.0,2.56,1.0,<Residue LYS het=  resseq=45 icode= >,3kmp_B_A,2.7
285,24.285,LYS, ,O,79.73,18.14,0.0,1.42,1.0,<Residue LYS het=  resseq=45 icode= >,3kmp_B_A,2.7
286,29.23,LYS, ,CB,95.83,17.21,0.0,0.50,1.0,<Residue LYS het=  resseq=45 icode= >,3kmp_B_A,2.7
287,29.162,LYS, ,CG,118.17,16.39,0.0,0.14,1.0,<Residue LYS het=  resseq=45 icode= >,3kmp_B_A,2.7
288,26.938,LYS, ,CD,124.17,16.24,0.0,0.60,1.0,<Residue LYS het=  resseq=45 icode= >,3kmp_B_A,2.7
289,47.564,LYS, ,CE,117.75,15.14,0.0,0.33,1.0,<Residue LYS het=  resseq=45 icode= >,3kmp_B_A,2.7
290,21.483,LYS, ,NZ,104.67,13.78,0.0,0.66,1.0,<Residue LYS het=  resseq=45 icode= >,3kmp_B_A,2.7
291,3.998,GLY, ,N,64.84,18.20,0.0,2.37,1.0,<Residue GLY het=  resseq=46 icode= >,3kmp_B_A,2.7
292,27.991,GLY, ,CA,71.13,19.32,0.0,1.74,1.0,<Residue GLY het=  resseq=46 icode= >,3kmp_B_A,2.7
293,4.134,GLY, ,C,72.78,19.08,0.0,2.62,1.0,<Residue GLY het=  resseq=46 icode= >,3kmp_B_A,2.7
294,1.139,GLY, ,O,81.94,20.01,0.0,0.75,1.0,<Residue GLY het=  resseq=46 icode= >,3kmp_B_A,2.7
295,1.495,ALA, ,N,65.24,17.92,0.0,2.13,1.0,<Residue ALA het=  resseq=47 icode= >,3kmp_B_A,2.7
296,4.332,ALA, ,CA,60.31,17.76,0.0,2.37,1.0,<Residue ALA het=  resseq=47 icode= >,3kmp_B_A,2.7
297,0.0,ALA, ,C,65.04,17.99,0.0,2.58,1.0,<Residue ALA het=  resseq=47 icode= >,3kmp_B_A,2.7
298,0.0,ALA, ,O,57.8,18.93,0.0,1.57,1.0,<Residue ALA het=  resseq=47 icode= >,3kmp_B_A,2.7
299,6.262,ALA, ,CB,45.45,16.48,0.0,1.36,1.0,<Residue ALA het=  resseq=47 icode= >,3kmp_B_A,2.7
300,0.08,MET, ,N,60.87,17.25,0.0,2.50,1.0,<Residue MET het=  resseq=48 icode= >,3kmp_B_A,2.7
301,0.0,MET, ,CA,49.45,17.28,0.0,3.53,1.0,<Residue MET het=  resseq=48 icode= >,3kmp_B_A,2.7
302,0.213,MET, ,C,63.86,18.59,0.0,3.26,1.0,<Residue MET het=  resseq=48 icode= >,3kmp_B_A,2.7
303,1.322,MET, ,O,59.31,18.68,0.0,1.90,1.0,<Residue MET het=  resseq=48 icode= >,3kmp_B_A,2.7
304,12.128,MET, ,CB,52.58,16.73,0.0,2.01,1.0,<Residue MET het=  resseq=48 icode= >,3kmp_B_A,2.7
305,6.18,MET, ,CG,61.57,15.33,0.0,1.41,1.0,<Residue MET het=  resseq=48 icode= >,3kmp_B_A,2.7
306,0.35,MET, ,SD,61.57,14.49,0.0,3.71,1.0,<Residue MET het=  resseq=48 icode= >,3kmp_B_A,2.7
307,38.833,MET, ,CE,41.16,15.06,0.0,1.35,1.0,<Residue MET het=  resseq=48 icode= >,3kmp_B_A,2.7
308,0.0,GLU, ,N,71.52,1000.00,0.0,1.70,1.0,<Residue GLU het=  resseq=49 icode= >,3kmp_B_A,2.7
309,5.205,GLU, ,CA,67.08,1000.00,0.0,1.95,1.0,<Residue GLU het=  resseq=49 icode= >,3kmp_B_A,2.7
310,0.0,GLU, ,C,61.12,1000.00,0.0,3.33,1.0,<Residue GLU het=  resseq=49 icode= >,3kmp_B_A,2.7
311,0.502,GLU, ,O,65.25,1000.00,0.0,1.68,1.0,<Residue GLU het=  resseq=49 icode= >,3kmp_B_A,2.7
312,7.482,GLU, ,CB,66.66,1000.00,0.0,0.98,1.0,<Residue GLU het=  resseq=49 icode= >,3kmp_B_A,2.7
313,38.393,GLU, ,CG,81.47,1000.00,0.0,1.43,1.0,<Residue GLU het=  resseq=49 icode= >,3kmp_B_A,2.7
314,2.811,GLU, ,CD,92.21,1000.00,0.0,1.73,1.0,<Residue GLU het=  resseq=49 icode= >,3kmp_B_A,2.7
315,0.531,GLU, ,OE1,99.68,1000.00,0.0,0.84,1.0,<Residue GLU het=  resseq=49 icode= >,3kmp_B_A,2.7
316,34.806,GLU, ,OE2,81.66,1000.00,0.0,1.27,1.0,<Residue GLU het=  resseq=49 icode= >,3kmp_B_A,2.7
317,0.0,GLU, ,N,46.65,1000.00,0.0,2.81,1.0,<Residue GLU het=  resseq=50 icode= >,3kmp_B_A,2.7
318,0.0,GLU, ,CA,58.12,1000.00,0.0,2.93,1.0,<Residue GLU het=  resseq=50 icode= >,3kmp_B_A,2.7
319,0.0,GLU, ,C,59.07,1000.00,0.0,3.28,1.0,<Residue GLU het=  resseq=50 icode= >,3kmp_B_A,2.7
320,0.0,GLU, ,O,54.83,1000.00,0.0,2.02,1.0,<Residue GLU het=  resseq=50 icode= >,3kmp_B_A,2.7
321,3.25,GLU, ,CB,52.3,1000.00,0.0,1.10,1.0,<Residue GLU het=  resseq=50 icode= >,3kmp_B_A,2.7
322,3.023,GLU, ,CG,66.8,1000.00,0.0,0.95,1.0,<Residue GLU het=  resseq=50 icode= >,3kmp_B_A,2.7
323,0.285,GLU, ,CD,81.42,1000.00,0.0,1.81,1.0,<Residue GLU het=  resseq=50 icode= >,3kmp_B_A,2.7
324,13.511,GLU, ,OE1,75.87,1000.00,0.0,1.27,1.0,<Residue GLU het=  resseq=50 icode= >,3kmp_B_A,2.7
325,5.574,GLU, ,OE2,83.5,1000.00,0.0,1.05,1.0,<Residue GLU het=  resseq=50 icode= >,3kmp_B_A,2.7
326,0.0,LEU, ,N,53.88,1000.00,0.0,2.23,1.0,<Residue LEU het=  resseq=51 icode= >,3kmp_B_A,2.7
327,0.0,LEU, ,CA,54.71,1000.00,0.0,2.56,1.0,<Residue LEU het=  resseq=51 icode= >,3kmp_B_A,2.7
328,0.0,LEU, ,C,57.24,1000.00,0.0,3.03,1.0,<Residue LEU het=  resseq=51 icode= >,3kmp_B_A,2.7
329,0.0,LEU, ,O,58.73,1000.00,0.0,1.20,1.0,<Residue LEU het=  resseq=51 icode= >,3kmp_B_A,2.7
330,0.149,LEU, ,CB,40.05,1000.00,0.0,2.02,1.0,<Residue LEU het=  resseq=51 icode= >,3kmp_B_A,2.7
331,1.2,LEU, ,CG,46.33,1000.00,0.0,2.38,1.0,<Residue LEU het=  resseq=51 icode= >,3kmp_B_A,2.7
332,0.0,LEU, ,CD1,42.34,1000.00,0.0,1.24,1.0,<Residue LEU het=  resseq=51 icode= >,3kmp_B_A,2.7
333,10.564,LEU, ,CD2,38.03,1000.00,0.0,0.85,1.0,<Residue LEU het=  resseq=51 icode= >,3kmp_B_A,2.7
334,0.362,GLU, ,N,54.76,1000.00,0.0,2.68,1.0,<Residue GLU het=  resseq=52 icode= >,3kmp_B_A,2.7
335,1.131,GLU, ,CA,54.09,1000.00,0.0,2.72,1.0,<Residue GLU het=  resseq=52 icode= >,3kmp_B_A,2.7
336,0.591,GLU, ,C,60.51,1000.00,0.0,3.46,1.0,<Residue GLU het=  resseq=52 icode= >,3kmp_B_A,2.7
337,0.0,GLU, ,O,57.34,1000.00,0.0,1.80,1.0,<Residue GLU het=  resseq=52 icode= >,3kmp_B_A,2.7
338,5.665,GLU, ,CB,57.91,1000.00,0.0,1.90,1.0,<Residue GLU het=  resseq=52 icode= >,3kmp_B_A,2.7
339,25.692,GLU, ,CG,69.19,1000.00,0.0,1.69,1.0,<Residue GLU het=  resseq=52 icode= >,3kmp_B_A,2.7
340,15.495,GLU, ,CD,86.94,1000.00,0.0,1.49,1.0,<Residue GLU het=  resseq=52 icode= >,3kmp_B_A,2.7
341,20.799,GLU, ,OE1,85.0,1000.00,0.0,1.21,1.0,<Residue GLU het=  resseq=52 icode= >,3kmp_B_A,2.7
342,42.134,GLU, ,OE2,94.65,1000.00,0.0,0.49,1.0,<Residue GLU het=  resseq=52 icode= >,3kmp_B_A,2.7
343,0.109,LYS, ,N,61.59,1000.00,0.0,2.09,1.0,<Residue LYS het=  resseq=53 icode= >,3kmp_B_A,2.7
344,2.384,LYS, ,CA,62.52,1000.00,0.0,2.36,1.0,<Residue LYS het=  resseq=53 icode= >,3kmp_B_A,2.7
345,1.031,LYS, ,C,63.78,1000.00,0.0,3.12,1.0,<Residue LYS het=  resseq=53 icode= >,3kmp_B_A,2.7
346,0.458,LYS, ,O,58.45,1000.00,0.0,1.77,1.0,<Residue LYS het=  resseq=53 icode= >,3kmp_B_A,2.7
347,9.605,LYS, ,CB,79.93,1000.00,0.0,1.01,1.0,<Residue LYS het=  resseq=53 icode= >,3kmp_B_A,2.7
348,19.235,LYS, ,CG,111.07,1000.00,0.0,-0.23,1.0,<Residue LYS het=  resseq=53 icode= >,3kmp_B_A,2.7
349,14.6,LYS, ,CD,126.91,1000.00,0.0,-0.51,1.0,<Residue LYS het=  resseq=53 icode= >,3kmp_B_A,2.7
350,27.134,LYS, ,CE,124.54,1000.00,0.0,-0.08,1.0,<Residue LYS het=  resseq=53 icode= >,3kmp_B_A,2.7
351,35.121,LYS, ,NZ,114.46,1000.00,0.0,0.34,1.0,<Residue LYS het=  resseq=53 icode= >,3kmp_B_A,2.7
352,0.0,ALA, ,N,59.48,1000.00,0.0,2.32,1.0,<Residue ALA het=  resseq=54 icode= >,3kmp_B_A,2.7
353,0.869,ALA, ,CA,56.52,1000.00,0.0,2.64,1.0,<Residue ALA het=  resseq=54 icode= >,3kmp_B_A,2.7
354,0.0,ALA, ,C,56.35,1000.00,0.0,3.57,1.0,<Residue ALA het=  resseq=54 icode= >,3kmp_B_A,2.7
355,0.16,ALA, ,O,62.47,1000.00,0.0,1.41,1.0,<Residue ALA het=  resseq=54 icode= >,3kmp_B_A,2.7
356,0.0,ALA, ,CB,43.69,1000.00,0.0,0.68,1.0,<Residue ALA het=  resseq=54 icode= >,3kmp_B_A,2.7
357,0.0,LEU, ,N,44.84,1000.00,0.0,3.04,1.0,<Residue LEU het=  resseq=55 icode= >,3kmp_B_A,2.7
358,0.076,LEU, ,CA,62.88,1000.00,0.0,2.09,1.0,<Residue LEU het=  resseq=55 icode= >,3kmp_B_A,2.7
359,0.823,LEU, ,C,67.55,1000.00,0.0,2.82,1.0,<Residue LEU het=  resseq=55 icode= >,3kmp_B_A,2.7
360,17.141,LEU, ,O,58.05,1000.00,0.0,2.11,1.0,<Residue LEU het=  resseq=55 icode= >,3kmp_B_A,2.7
361,13.083,LEU, ,CB,58.99,1000.00,0.0,0.79,1.0,<Residue LEU het=  resseq=55 icode= >,3kmp_B_A,2.7
362,0.0,LEU, ,CG,55.66,1000.00,0.0,1.86,1.0,<Residue LEU het=  resseq=55 icode= >,3kmp_B_A,2.7
363,16.575,LEU, ,CD1,52.71,1000.00,0.0,1.00,1.0,<Residue LEU het=  resseq=55 icode= >,3kmp_B_A,2.7
364,2.121,LEU, ,CD2,41.47,1000.00,0.0,0.87,1.0,<Residue LEU het=  resseq=55 icode= >,3kmp_B_A,2.7
365,0.0,SER, ,N,69.71,1000.00,0.0,1.99,1.0,<Residue SER het=  resseq=56 icode= >,3kmp_B_A,2.7
366,9.147,SER, ,CA,69.59,1000.00,0.0,2.79,1.0,<Residue SER het=  resseq=56 icode= >,3kmp_B_A,2.7
367,0.0,SER, ,C,75.26,1000.00,0.0,3.02,1.0,<Residue SER het=  resseq=56 icode= >,3kmp_B_A,2.7
368,24.596,SER, ,O,78.32,1000.00,0.0,1.74,1.0,<Residue SER het=  resseq=56 icode= >,3kmp_B_A,2.7
369,36.15,SER, ,CB,66.4,1000.00,0.0,2.10,1.0,<Residue SER het=  resseq=56 icode= >,3kmp_B_A,2.7
370,7.23,SER, ,OG,73.52,1000.00,0.0,0.96,1.0,<Residue SER het=  resseq=56 icode= >,3kmp_B_A,2.7
371,0.0,CYS, ,N,72.02,1000.00,0.0,2.46,1.0,<Residue CYS het=  resseq=57 icode= >,3kmp_B_A,2.7
372,5.169,CYS, ,CA,72.65,1000.00,0.0,2.69,1.0,<Residue CYS het=  resseq=57 icode= >,3kmp_B_A,2.7
373,0.0,CYS, ,C,76.28,1000.00,0.0,3.05,1.0,<Residue CYS het=  resseq=57 icode= >,3kmp_B_A,2.7
374,0.079,CYS, ,O,81.29,1000.00,0.0,1.56,1.0,<Residue CYS het=  resseq=57 icode= >,3kmp_B_A,2.7
375,2.974,CYS, ,CB,71.46,1000.00,0.0,1.95,1.0,<Residue CYS het=  resseq=57 icode= >,3kmp_B_A,2.7
376,38.116,CYS, ,SG,101.4,1000.00,0.0,1.19,1.0,<Residue CYS het=  resseq=57 icode= >,3kmp_B_A,2.7
377,0.0,PRO, ,N,86.6,1000.00,0.0,2.62,1.0,<Residue PRO het=  resseq=58 icode= >,3kmp_B_A,2.7
378,0.492,PRO, ,CA,86.97,1000.00,0.0,2.48,1.0,<Residue PRO het=  resseq=58 icode= >,3kmp_B_A,2.7
379,1.348,PRO, ,C,89.48,1000.00,0.0,2.08,1.0,<Residue PRO het=  resseq=58 icode= >,3kmp_B_A,2.7
380,16.331,PRO, ,O,95.77,1000.00,0.0,0.85,1.0,<Residue PRO het=  resseq=58 icode= >,3kmp_B_A,2.7
381,17.835,PRO, ,CB,79.2,1000.00,0.0,1.66,1.0,<Residue PRO het=  resseq=58 icode= >,3kmp_B_A,2.7
382,21.267,PRO, ,CG,75.47,1000.00,0.0,1.51,1.0,<Residue PRO het=  resseq=58 icode= >,3kmp_B_A,2.7
383,16.177,PRO, ,CD,83.42,1000.00,0.0,1.56,1.0,<Residue PRO het=  resseq=58 icode= >,3kmp_B_A,2.7
384,6.197,GLY, ,N,79.13,1000.00,0.0,1.60,1.0,<Residue GLY het=  resseq=59 icode= >,3kmp_B_A,2.7
385,41.883,GLY, ,CA,80.86,1000.00,0.0,1.20,1.0,<Residue GLY het=  resseq=59 icode= >,3kmp_B_A,2.7
386,3.023,GLY, ,C,88.87,1000.00,0.0,2.07,1.0,<Residue GLY het=  resseq=59 icode= >,3kmp_B_A,2.7
387,24.694,GLY, ,O,87.97,1000.00,0.0,1.43,1.0,<Residue GLY het=  resseq=59 icode= >,3kmp_B_A,2.7
388,0.0,GLN, ,N,90.25,1000.00,0.0,1.47,1.0,<Residue GLN het=  resseq=60 icode= >,3kmp_B_A,2.7
389,1.46,GLN, ,CA,96.07,1000.00,0.0,1.99,1.0,<Residue GLN het=  resseq=60 icode= >,3kmp_B_A,2.7
390,0.193,GLN, ,C,89.23,1000.00,0.0,2.52,1.0,<Residue GLN het=  resseq=60 icode= >,3kmp_B_A,2.7
391,3.96,GLN, ,O,100.64,1000.00,0.0,0.36,1.0,<Residue GLN het=  resseq=60 icode= >,3kmp_B_A,2.7
392,13.75,GLN, ,CB,112.51,1000.00,0.0,0.78,1.0,<Residue GLN het=  resseq=60 icode= >,3kmp_B_A,2.7
393,22.109,GLN, ,CG,128.19,1000.00,0.0,0.58,1.0,<Residue GLN het=  resseq=60 icode= >,3kmp_B_A,2.7
394,5.503,GLN, ,CD,138.36,1000.00,0.0,0.31,1.0,<Residue GLN het=  resseq=60 icode= >,3kmp_B_A,2.7
395,25.523,GLN, ,OE1,140.3,1000.00,0.0,-0.03,1.0,<Residue GLN het=  resseq=60 icode= >,3kmp_B_A,2.7
396,46.36,GLN, ,NE2,136.29,1000.00,0.0,0.30,1.0,<Residue GLN het=  resseq=60 icode= >,3kmp_B_A,2.7
397,0.378,PRO, ,N,87.84,1000.00,0.0,2.48,1.0,<Residue PRO het=  resseq=61 icode= >,3kmp_B_A,2.7
398,13.051,PRO, ,CA,88.09,1000.00,0.0,1.93,1.0,<Residue PRO het=  resseq=61 icode= >,3kmp_B_A,2.7
399,1.303,PRO, ,C,82.48,1000.00,0.0,2.44,1.0,<Residue PRO het=  resseq=61 icode= >,3kmp_B_A,2.7
400,22.755,PRO, ,O,75.27,1000.00,0.0,2.16,1.0,<Residue PRO het=  resseq=61 icode= >,3kmp_B_A,2.7
401,34.897,PRO, ,CB,87.11,1000.00,0.0,1.25,1.0,<Residue PRO het=  resseq=61 icode= >,3kmp_B_A,2.7
402,43.441,PRO, ,CG,91.1,1000.00,0.0,0.86,1.0,<Residue PRO het=  resseq=61 icode= >,3kmp_B_A,2.7
403,22.169,PRO, ,CD,93.94,1000.00,0.0,0.99,1.0,<Residue PRO het=  resseq=61 icode= >,3kmp_B_A,2.7
404,2.437,SER, ,N,79.79,1000.00,0.0,1.74,1.0,<Residue SER het=  resseq=62 icode= >,3kmp_B_A,2.7
405,4.868,SER, ,CA,55.85,1000.00,0.0,2.22,1.0,<Residue SER het=  resseq=62 icode= >,3kmp_B_A,2.7
406,2.389,SER, ,C,67.81,1000.00,0.0,2.92,1.0,<Residue SER het=  resseq=62 icode= >,3kmp_B_A,2.7
407,9.843,SER, ,O,64.11,1000.00,0.0,1.78,1.0,<Residue SER het=  resseq=62 icode= >,3kmp_B_A,2.7
408,2.04,SER, ,CB,60.28,1000.00,0.0,0.80,1.0,<Residue SER het=  resseq=62 icode= >,3kmp_B_A,2.7
409,3.751,SER, ,OG,59.54,1000.00,0.0,1.22,1.0,<Residue SER het=  resseq=62 icode= >,3kmp_B_A,2.7
410,0.083,ASN, ,N,64.8,1000.00,0.0,2.25,1.0,<Residue ASN het=  resseq=63 icode= >,3kmp_B_A,2.7
411,1.429,ASN, ,CA,63.28,1000.00,0.0,2.33,1.0,<Residue ASN het=  resseq=63 icode= >,3kmp_B_A,2.7
412,0.0,ASN, ,C,60.09,1000.00,0.0,3.13,1.0,<Residue ASN het=  resseq=63 icode= >,3kmp_B_A,2.7
413,0.0,ASN, ,O,57.71,1000.00,0.0,1.68,1.0,<Residue ASN het=  resseq=63 icode= >,3kmp_B_A,2.7
414,11.076,ASN, ,CB,68.97,1000.00,0.0,0.99,1.0,<Residue ASN het=  resseq=63 icode= >,3kmp_B_A,2.7
415,7.473,ASN, ,CG,81.86,1000.00,0.0,1.94,1.0,<Residue ASN het=  resseq=63 icode= >,3kmp_B_A,2.7
416,33.278,ASN, ,OD1,77.44,1000.00,0.0,1.46,1.0,<Residue ASN het=  resseq=63 icode= >,3kmp_B_A,2.7
417,47.535,ASN, ,ND2,74.31,1000.00,0.0,1.24,1.0,<Residue ASN het=  resseq=63 icode= >,3kmp_B_A,2.7
418,3.65,CYS, ,N,55.58,1000.00,0.0,2.77,1.0,<Residue CYS het=  resseq=64 icode= >,3kmp_B_A,2.7
419,0.0,CYS, ,CA,57.23,1000.00,0.0,2.85,1.0,<Residue CYS het=  resseq=64 icode= >,3kmp_B_A,2.7
420,0.0,CYS, ,C,55.43,1000.00,0.0,3.30,1.0,<Residue CYS het=  resseq=64 icode= >,3kmp_B_A,2.7
421,16.987,CYS, ,O,50.31,1000.00,0.0,1.97,1.0,<Residue CYS het=  resseq=64 icode= >,3kmp_B_A,2.7
422,8.09,CYS, ,CB,46.24,1000.00,0.0,2.21,1.0,<Residue CYS het=  resseq=64 icode= >,3kmp_B_A,2.7
423,3.829,CYS, ,SG,66.37,1000.00,0.0,3.53,1.0,<Residue CYS het=  resseq=64 icode= >,3kmp_B_A,2.7
424,0.0,VAL, ,N,54.15,17.01,0.0,2.13,1.0,<Residue VAL het=  resseq=65 icode= >,3kmp_B_A,2.7
425,2.652,VAL, ,CA,48.71,16.04,0.0,3.09,1.0,<Residue VAL het=  resseq=65 icode= >,3kmp_B_A,2.7
426,0.0,VAL, ,C,50.34,14.67,0.0,3.89,1.0,<Residue VAL het=  resseq=65 icode= >,3kmp_B_A,2.7
427,0.0,VAL, ,O,50.54,14.20,0.0,1.86,1.0,<Residue VAL het=  resseq=65 icode= >,3kmp_B_A,2.7
428,0.0,VAL, ,CB,56.15,16.20,0.0,2.52,1.0,<Residue VAL het=  resseq=65 icode= >,3kmp_B_A,2.7
429,0.0,VAL, ,CG1,56.48,15.36,0.0,0.39,1.0,<Residue VAL het=  resseq=65 icode= >,3kmp_B_A,2.7
430,0.23,VAL, ,CG2,54.15,17.66,0.0,0.89,1.0,<Residue VAL het=  resseq=65 icode= >,3kmp_B_A,2.7
431,3.441,THR, ,N,38.84,14.15,0.0,3.30,1.0,<Residue THR het=  resseq=66 icode= >,3kmp_B_A,2.7
432,0.0,THR, ,CA,50.41,13.05,0.0,3.47,1.0,<Residue THR het=  resseq=66 icode= >,3kmp_B_A,2.7
433,0.0,THR, ,C,39.97,11.78,0.0,3.61,1.0,<Residue THR het=  resseq=66 icode= >,3kmp_B_A,2.7
434,0.119,THR, ,O,54.39,11.89,0.0,2.10,1.0,<Residue THR het=  resseq=66 icode= >,3kmp_B_A,2.7
435,0.0,THR, ,CB,48.17,13.57,0.0,2.56,1.0,<Residue THR het=  resseq=66 icode= >,3kmp_B_A,2.7
436,7.579,THR, ,OG1,53.64,13.83,0.0,1.45,1.0,<Residue THR het=  resseq=66 icode= >,3kmp_B_A,2.7
437,3.636,THR, ,CG2,51.42,14.93,0.0,0.40,1.0,<Residue THR het=  resseq=66 icode= >,3kmp_B_A,2.7
438,0.0,ILE, ,N,52.07,10.67,0.0,3.04,1.0,<Residue ILE het=  resseq=67 icode= >,3kmp_B_A,2.7
439,0.15,ILE, ,CA,46.53,9.44,0.0,3.16,1.0,<Residue ILE het=  resseq=67 icode= >,3kmp_B_A,2.7
440,0.0,ILE, ,C,49.73,9.10,0.0,3.91,1.0,<Residue ILE het=  resseq=67 icode= >,3kmp_B_A,2.7
441,0.0,ILE, ,O,52.77,9.70,0.0,2.40,1.0,<Residue ILE het=  resseq=67 icode= >,3kmp_B_A,2.7
442,0.0,ILE, ,CB,39.9,8.37,0.0,2.64,1.0,<Residue ILE het=  resseq=67 icode= >,3kmp_B_A,2.7
443,0.0,ILE, ,CG1,35.93,8.23,0.0,2.21,1.0,<Residue ILE het=  resseq=67 icode= >,3kmp_B_A,2.7
444,0.418,ILE, ,CG2,34.91,9.00,0.0,1.36,1.0,<Residue ILE het=  resseq=67 icode= >,3kmp_B_A,2.7
445,2.706,ILE, ,CD1,34.52,7.40,0.0,2.41,1.0,<Residue ILE het=  resseq=67 icode= >,3kmp_B_A,2.7
446,0.0,PRO, ,N,57.05,8.40,0.0,3.23,1.0,<Residue PRO het=  resseq=68 icode= >,3kmp_B_A,2.7
447,0.044,PRO, ,CA,52.76,8.29,0.0,3.20,1.0,<Residue PRO het=  resseq=68 icode= >,3kmp_B_A,2.7
448,0.133,PRO, ,C,46.93,7.77,0.0,3.93,1.0,<Residue PRO het=  resseq=68 icode= >,3kmp_B_A,2.7
449,10.226,PRO, ,O,46.02,6.93,0.0,2.54,1.0,<Residue PRO het=  resseq=68 icode= >,3kmp_B_A,2.7
450,32.159,PRO, ,CB,57.38,7.54,0.0,1.60,1.0,<Residue PRO het=  resseq=68 icode= >,3kmp_B_A,2.7
451,37.46,PRO, ,CG,44.99,7.95,0.0,2.21,1.0,<Residue PRO het=  resseq=68 icode= >,3kmp_B_A,2.7
452,8.554,PRO, ,CD,60.77,8.08,0.0,2.06,1.0,<Residue PRO het=  resseq=68 icode= >,3kmp_B_A,2.7
453,0.025,ARG, ,N,49.2,8.09,0.0,2.93,1.0,<Residue ARG het=  resseq=69 icode= >,3kmp_B_A,2.7
454,0.962,ARG, ,CA,50.66,7.42,0.0,3.26,1.0,<Residue ARG het=  resseq=69 icode= >,3kmp_B_A,2.7
455,1.046,ARG, ,C,56.1,5.92,0.0,3.38,1.0,<Residue ARG het=  resseq=69 icode= >,3kmp_B_A,2.7
456,22.358,ARG, ,O,65.63,5.64,0.0,1.84,1.0,<Residue ARG het=  resseq=69 icode= >,3kmp_B_A,2.7
457,1.34,ARG, ,CB,56.05,8.19,0.0,1.40,1.0,<Residue ARG het=  resseq=69 icode= >,3kmp_B_A,2.7
458,0.304,ARG, ,CG,86.32,8.19,0.0,0.58,1.0,<Residue ARG het=  resseq=69 icode= >,3kmp_B_A,2.7
459,6.941,ARG, ,CD,98.48,8.75,0.0,0.61,1.0,<Residue ARG het=  resseq=69 icode= >,3kmp_B_A,2.7
460,4.783,ARG, ,NE,104.76,8.49,0.0,0.93,1.0,<Residue ARG het=  resseq=69 icode= >,3kmp_B_A,2.7
461,0.0,ARG, ,CZ,99.12,9.32,0.0,1.15,1.0,<Residue ARG het=  resseq=69 icode= >,3kmp_B_A,2.7
462,0.189,ARG, ,NH1,89.36,10.36,0.0,0.67,1.0,<Residue ARG het=  resseq=69 icode= >,3kmp_B_A,2.7
463,3.423,ARG, ,NH2,88.05,9.32,0.0,0.96,1.0,<Residue ARG het=  resseq=69 icode= >,3kmp_B_A,2.7
464,3.554,SER, ,N,61.86,5.20,0.0,2.55,1.0,<Residue SER het=  resseq=70 icode= >,3kmp_B_A,2.7
465,9.226,SER, ,CA,55.89,3.76,4.805,2.83,1.0,<Residue SER het=  resseq=70 icode= >,3kmp_B_A,2.7
466,1.379,SER, ,C,58.2,3.77,0.0,3.28,1.0,<Residue SER het=  resseq=70 icode= >,3kmp_B_A,2.7
467,2.161,SER, ,O,64.73,4.94,0.0,1.61,1.0,<Residue SER het=  resseq=70 icode= >,3kmp_B_A,2.7
468,31.589,SER, ,CB,48.71,3.54,25.558,2.19,1.0,<Residue SER het=  resseq=70 icode= >,3kmp_B_A,2.7
469,0.0,SER, ,OG,41.28,4.62,0.0,2.23,1.0,<Residue SER het=  resseq=70 icode= >,3kmp_B_A,2.7
470,3.63,LEU, ,N,44.32,2.86,3.287,3.37,1.0,<Residue LEU het=  resseq=71 icode= >,3kmp_B_A,2.7
471,3.872,LEU, ,CA,46.93,3.71,0.0,3.33,1.0,<Residue LEU het=  resseq=71 icode= >,3kmp_B_A,2.7
472,1.398,LEU, ,C,44.51,4.70,0.0,3.25,1.0,<Residue LEU het=  resseq=71 icode= >,3kmp_B_A,2.7
473,24.142,LEU, ,O,60.16,5.88,0.0,1.51,1.0,<Residue LEU het=  resseq=71 icode= >,3kmp_B_A,2.7
474,18.883,LEU, ,CB,56.15,3.42,3.983,1.80,1.0,<Residue LEU het=  resseq=71 icode= >,3kmp_B_A,2.7
475,10.129,LEU, ,CG,56.74,3.30,10.129,2.24,1.0,<Residue LEU het=  resseq=71 icode= >,3kmp_B_A,2.7
476,67.811,LEU, ,CD1,58.97,3.47,40.554,0.74,1.0,<Residue LEU het=  resseq=71 icode= >,3kmp_B_A,2.7
477,61.064,LEU, ,CD2,49.79,4.06,2.983,0.85,1.0,<Residue LEU het=  resseq=71 icode= >,3kmp_B_A,2.7
478,0.934,ASP, ,N,46.24,4.54,0.514,2.38,1.0,<Residue ASP het=  resseq=72 icode= >,3kmp_B_A,2.7
479,8.678,ASP, ,CA,51.58,5.85,0.0,3.09,1.0,<Residue ASP het=  resseq=72 icode= >,3kmp_B_A,2.7
480,0.61,ASP, ,C,53.65,6.62,0.0,3.79,1.0,<Residue ASP het=  resseq=72 icode= >,3kmp_B_A,2.7
481,18.254,ASP, ,O,52.68,7.81,0.0,2.38,1.0,<Residue ASP het=  resseq=72 icode= >,3kmp_B_A,2.7
482,35.282,ASP, ,CB,43.28,6.08,0.0,2.05,1.0,<Residue ASP het=  resseq=72 icode= >,3kmp_B_A,2.7
483,7.47,ASP, ,CG,54.8,5.82,2.83,2.95,1.0,<Residue ASP het=  resseq=72 icode= >,3kmp_B_A,2.7
484,3.796,ASP, ,OD1,67.02,5.22,0.487,0.91,1.0,<Residue ASP het=  resseq=72 icode= >,3kmp_B_A,2.7
485,9.696,ASP, ,OD2,55.64,5.55,2.155,1.48,1.0,<Residue ASP het=  resseq=72 icode= >,3kmp_B_A,2.7
486,0.0,GLY, ,N,48.81,6.17,0.0,2.74,1.0,<Residue GLY het=  resseq=73 icode= >,3kmp_B_A,2.7
487,0.0,GLY, ,CA,60.51,7.21,0.0,2.25,1.0,<Residue GLY het=  resseq=73 icode= >,3kmp_B_A,2.7
488,0.0,GLY, ,C,64.11,7.42,0.0,2.90,1.0,<Residue GLY het=  resseq=73 icode= >,3kmp_B_A,2.7
489,1.234,GLY, ,O,58.47,7.62,0.0,2.01,1.0,<Residue GLY het=  resseq=73 icode= >,3kmp_B_A,2.7
490,0.0,ARG, ,N,51.66,7.07,0.0,2.32,1.0,<Residue ARG het=  resseq=74 icode= >,3kmp_B_A,2.7
491,0.0,ARG, ,CA,43.43,6.28,0.0,3.81,1.0,<Residue ARG het=  resseq=74 icode= >,3kmp_B_A,2.7
492,0.708,ARG, ,C,36.79,4.94,0.139,3.68,1.0,<Residue ARG het=  resseq=74 icode= >,3kmp_B_A,2.7
493,8.347,ARG, ,O,50.54,4.40,3.423,1.75,1.0,<Residue ARG het=  resseq=74 icode= >,3kmp_B_A,2.7
494,0.787,ARG, ,CB,41.59,6.39,0.0,2.46,1.0,<Residue ARG het=  resseq=74 icode= >,3kmp_B_A,2.7
495,4.418,ARG, ,CG,52.54,6.72,0.0,1.84,1.0,<Residue ARG het=  resseq=74 icode= >,3kmp_B_A,2.7
496,16.571,ARG, ,CD,51.34,5.49,0.315,1.59,1.0,<Residue ARG het=  resseq=74 icode= >,3kmp_B_A,2.7
497,2.068,ARG, ,NE,50.78,5.05,0.0,2.44,1.0,<Residue ARG het=  resseq=74 icode= >,3kmp_B_A,2.7
498,3.593,ARG, ,CZ,54.76,3.85,2.485,2.78,1.0,<Residue ARG het=  resseq=74 icode= >,3kmp_B_A,2.7
499,37.774,ARG, ,NH1,51.59,3.18,34.504,0.69,1.0,<Residue ARG het=  resseq=74 icode= >,3kmp_B_A,2.7
500,40.556,ARG, ,NH2,42.68,3.00,36.256,1.53,1.0,<Residue ARG het=  resseq=74 icode= >,3kmp_B_A,2.7
501,0.0,LEU, ,N,35.86,4.77,0.0,3.03,1.0,<Residue LEU het=  resseq=75 icode= >,3kmp_B_A,2.7
502,1.856,LEU, ,CA,35.12,3.83,1.817,3.10,1.0,<Residue LEU het=  resseq=75 icode= >,3kmp_B_A,2.7
503,0.011,LEU, ,C,43.66,3.69,0.0,3.70,1.0,<Residue LEU het=  resseq=75 icode= >,3kmp_B_A,2.7
504,0.176,LEU, ,O,40.34,4.77,0.0,1.95,1.0,<Residue LEU het=  resseq=75 icode= >,3kmp_B_A,2.7
505,0.966,LEU, ,CB,38.38,4.84,0.0,2.31,1.0,<Residue LEU het=  resseq=75 icode= >,3kmp_B_A,2.7
506,0.0,LEU, ,CG,46.13,4.78,0.0,2.61,1.0,<Residue LEU het=  resseq=75 icode= >,3kmp_B_A,2.7
507,24.622,LEU, ,CD1,34.02,3.50,15.424,1.25,1.0,<Residue LEU het=  resseq=75 icode= >,3kmp_B_A,2.7
508,0.366,LEU, ,CD2,38.47,5.99,0.0,0.92,1.0,<Residue LEU het=  resseq=75 icode= >,3kmp_B_A,2.7
509,4.792,GLN, ,N,35.01,2.80,4.792,2.75,1.0,<Residue GLN het=  resseq=76 icode= >,3kmp_B_A,2.7
510,0.0,GLN, ,CA,38.98,3.60,0.0,3.22,1.0,<Residue GLN het=  resseq=76 icode= >,3kmp_B_A,2.7
511,0.27,GLN, ,C,34.29,4.26,0.27,5.30,1.0,<Residue GLN het=  resseq=76 icode= >,3kmp_B_A,2.7
512,18.658,GLN, ,O,39.86,3.48,17.654,2.93,1.0,<Residue GLN het=  resseq=76 icode= >,3kmp_B_A,2.7
513,11.473,GLN, ,CB,40.45,3.43,11.473,1.43,1.0,<Residue GLN het=  resseq=76 icode= >,3kmp_B_A,2.7
514,0.432,GLN, ,CG,36.49,4.14,0.432,2.32,1.0,<Residue GLN het=  resseq=76 icode= >,3kmp_B_A,2.7
515,5.407,GLN, ,CD,39.41,3.80,3.485,3.55,1.0,<Residue GLN het=  resseq=76 icode= >,3kmp_B_A,2.7
516,15.458,GLN, ,OE1,38.75,3.12,15.458,1.89,1.0,<Residue GLN het=  resseq=76 icode= >,3kmp_B_A,2.7
517,36.633,GLN, ,NE2,41.06,3.68,33.914,1.19,1.0,<Residue GLN het=  resseq=76 icode= >,3kmp_B_A,2.7
518,0.052,VAL, ,N,35.14,4.58,0.0,3.11,1.0,<Residue VAL het=  resseq=77 icode= >,3kmp_B_A,2.7
519,3.659,VAL, ,CA,46.04,3.78,3.659,2.84,1.0,<Residue VAL het=  resseq=77 icode= >,3kmp_B_A,2.7
520,0.0,VAL, ,C,43.28,3.90,0.0,3.64,1.0,<Residue VAL het=  resseq=77 icode= >,3kmp_B_A,2.7
521,0.0,VAL, ,O,36.17,5.10,0.0,2.14,1.0,<Residue VAL het=  resseq=77 icode= >,3kmp_B_A,2.7
522,0.0,VAL, ,CB,46.76,4.85,0.0,2.39,1.0,<Residue VAL het=  resseq=77 icode= >,3kmp_B_A,2.7
523,5.105,VAL, ,CG1,42.97,4.76,2.225,1.36,1.0,<Residue VAL het=  resseq=77 icode= >,3kmp_B_A,2.7
524,0.256,VAL, ,CG2,34.98,5.27,0.099,1.04,1.0,<Residue VAL het=  resseq=77 icode= >,3kmp_B_A,2.7
525,11.216,SER, ,N,35.13,3.05,11.192,3.39,1.0,<Residue SER het=  resseq=78 icode= >,3kmp_B_A,2.7
526,15.161,SER, ,CA,37.22,3.93,4.622,3.61,1.0,<Residue SER het=  resseq=78 icode= >,3kmp_B_A,2.7
527,0.043,SER, ,C,48.05,5.07,0.0,3.35,1.0,<Residue SER het=  resseq=78 icode= >,3kmp_B_A,2.7
528,1.818,SER, ,O,66.18,6.20,0.0,1.08,1.0,<Residue SER het=  resseq=78 icode= >,3kmp_B_A,2.7
529,10.206,SER, ,CB,40.17,4.82,0.113,1.80,1.0,<Residue SER het=  resseq=78 icode= >,3kmp_B_A,2.7
530,13.429,SER, ,OG,52.03,5.96,0.0,1.72,1.0,<Residue SER het=  resseq=78 icode= >,3kmp_B_A,2.7
531,2.96,HIS,x,N,38.77,5.07,1.985,3.01,0.54,<Residue HIS het=  resseq=79 icode= >,3kmp_B_A,2.7
532,1.689,HIS,x,CA,45.82,5.95,0.0,3.55,0.54,<Residue HIS het=  resseq=79 icode= >,3kmp_B_A,2.7
533,1.757,HIS,x,C,53.45,5.77,0.0,3.31,0.54,<Residue HIS het=  resseq=79 icode= >,3kmp_B_A,2.7
534,17.351,HIS,x,O,60.79,4.63,9.5,1.06,0.54,<Residue HIS het=  resseq=79 icode= >,3kmp_B_A,2.7
535,30.19,HIS,x,CB,52.25,5.83,2.945,1.77,0.54,<Residue HIS het=  resseq=79 icode= >,3kmp_B_A,2.7
536,1.957,HIS,x,CG,57.91,6.00,0.0,1.15,0.54,<Residue HIS het=  resseq=79 icode= >,3kmp_B_A,2.7
537,15.074,HIS,x,ND1,58.03,7.15,0.0,0.85,0.54,<Residue HIS het=  resseq=79 icode= >,3kmp_B_A,2.7
538,23.805,HIS,x,CD2,46.65,5.21,4.611,1.33,0.54,<Residue HIS het=  resseq=79 icode= >,3kmp_B_A,2.7
539,39.418,HIS,x,CE1,49.21,7.32,0.0,0.92,0.54,<Residue HIS het=  resseq=79 icode= >,3kmp_B_A,2.7
540,30.809,HIS,x,NE2,40.19,6.19,0.0,1.51,0.54,<Residue HIS het=  resseq=79 icode= >,3kmp_B_A,2.7
541,0.0,ARG, ,N,53.26,6.72,0.0,2.80,1.0,<Residue ARG het=  resseq=80 icode= >,3kmp_B_A,2.7
542,4.778,ARG, ,CA,45.56,6.65,0.0,3.05,1.0,<Residue ARG het=  resseq=80 icode= >,3kmp_B_A,2.7
543,0.0,ARG, ,C,43.73,6.60,0.0,3.46,1.0,<Residue ARG het=  resseq=80 icode= >,3kmp_B_A,2.7
544,0.08,ARG, ,O,48.9,6.78,0.0,1.68,1.0,<Residue ARG het=  resseq=80 icode= >,3kmp_B_A,2.7
545,3.772,ARG, ,CB,34.54,7.31,0.0,2.20,1.0,<Residue ARG het=  resseq=80 icode= >,3kmp_B_A,2.7
546,16.238,ARG, ,CG,44.83,7.33,0.0,1.45,1.0,<Residue ARG het=  resseq=80 icode= >,3kmp_B_A,2.7
547,13.88,ARG, ,CD,55.13,7.66,0.0,1.71,1.0,<Residue ARG het=  resseq=80 icode= >,3kmp_B_A,2.7
548,12.485,ARG, ,NE,68.2,8.42,0.0,1.78,1.0,<Residue ARG het=  resseq=80 icode= >,3kmp_B_A,2.7
549,4.363,ARG, ,CZ,70.43,8.92,0.0,2.18,1.0,<Residue ARG het=  resseq=80 icode= >,3kmp_B_A,2.7
550,12.097,ARG, ,NH1,60.06,9.06,0.0,0.99,1.0,<Residue ARG het=  resseq=80 icode= >,3kmp_B_A,2.7
551,24.344,ARG, ,NH2,61.52,9.53,0.0,1.34,1.0,<Residue ARG het=  resseq=80 icode= >,3kmp_B_A,2.7
552,7.867,LYS, ,N,39.98,5.95,0.515,2.70,1.0,<Residue LYS het=  resseq=81 icode= >,3kmp_B_A,2.7
553,0.0,LYS, ,CA,43.27,6.40,0.0,2.61,1.0,<Residue LYS het=  resseq=81 icode= >,3kmp_B_A,2.7
554,1.748,LYS, ,C,38.81,6.08,0.0,3.52,1.0,<Residue LYS het=  resseq=81 icode= >,3kmp_B_A,2.7
555,27.537,LYS, ,O,46.14,5.01,5.177,2.01,1.0,<Residue LYS het=  resseq=81 icode= >,3kmp_B_A,2.7
556,5.079,LYS, ,CB,37.46,5.43,2.062,2.19,1.0,<Residue LYS het=  resseq=81 icode= >,3kmp_B_A,2.7
557,2.971,LYS, ,CG,52.23,4.97,2.225,1.35,1.0,<Residue LYS het=  resseq=81 icode= >,3kmp_B_A,2.7
558,11.038,LYS, ,CD,53.23,3.82,11.038,1.61,1.0,<Residue LYS het=  resseq=81 icode= >,3kmp_B_A,2.7
559,28.889,LYS, ,CE,39.82,3.26,28.72,1.98,1.0,<Residue LYS het=  resseq=81 icode= >,3kmp_B_A,2.7
560,28.671,LYS, ,NZ,80.83,3.05,24.609,0.08,1.0,<Residue LYS het=  resseq=81 icode= >,3kmp_B_A,2.7
561,0.0,GLY, ,N,46.27,7.20,0.0,2.52,1.0,<Residue GLY het=  resseq=82 icode= >,3kmp_B_A,2.7
562,19.511,GLY, ,CA,35.35,7.42,0.0,2.67,1.0,<Residue GLY het=  resseq=82 icode= >,3kmp_B_A,2.7
563,0.0,GLY, ,C,40.56,7.99,0.0,3.67,1.0,<Residue GLY het=  resseq=82 icode= >,3kmp_B_A,2.7
564,0.0,GLY, ,O,45.02,7.20,0.0,2.46,1.0,<Residue GLY het=  resseq=82 icode= >,3kmp_B_A,2.7
565,2.795,LEU, ,N,45.83,8.02,0.0,2.82,1.0,<Residue LEU het=  resseq=83 icode= >,3kmp_B_A,2.7
566,0.0,LEU, ,CA,41.49,8.98,0.0,3.65,1.0,<Residue LEU het=  resseq=83 icode= >,3kmp_B_A,2.7
567,0.0,LEU, ,C,38.42,9.73,0.0,4.41,1.0,<Residue LEU het=  resseq=83 icode= >,3kmp_B_A,2.7
568,0.0,LEU, ,O,44.35,10.45,0.0,2.31,1.0,<Residue LEU het=  resseq=83 icode= >,3kmp_B_A,2.7
569,0.07,LEU, ,CB,55.02,8.64,0.0,1.73,1.0,<Residue LEU het=  resseq=83 icode= >,3kmp_B_A,2.7
570,7.594,LEU, ,CG,59.28,7.41,0.0,2.06,1.0,<Residue LEU het=  resseq=83 icode= >,3kmp_B_A,2.7
571,14.883,LEU, ,CD1,39.45,6.53,0.0,0.97,1.0,<Residue LEU het=  resseq=83 icode= >,3kmp_B_A,2.7
572,6.621,LEU, ,CD2,38.64,7.67,0.0,0.61,1.0,<Residue LEU het=  resseq=83 icode= >,3kmp_B_A,2.7
573,0.0,PRO, ,N,44.54,9.20,0.0,4.09,1.0,<Residue PRO het=  resseq=84 icode= >,3kmp_B_A,2.7
574,0.0,PRO, ,CA,50.66,9.49,0.0,3.83,1.0,<Residue PRO het=  resseq=84 icode= >,3kmp_B_A,2.7
575,0.0,PRO, ,C,40.87,11.00,0.0,4.55,1.0,<Residue PRO het=  resseq=84 icode= >,3kmp_B_A,2.7
576,0.0,PRO, ,O,35.7,11.49,0.0,2.55,1.0,<Residue PRO het=  resseq=84 icode= >,3kmp_B_A,2.7
577,0.0,PRO, ,CB,49.13,9.06,0.0,2.20,1.0,<Residue PRO het=  resseq=84 icode= >,3kmp_B_A,2.7
578,3.888,PRO, ,CG,55.42,8.27,0.0,2.22,1.0,<Residue PRO het=  resseq=84 icode= >,3kmp_B_A,2.7
579,0.0,PRO, ,CD,44.0,8.76,0.0,2.53,1.0,<Residue PRO het=  resseq=84 icode= >,3kmp_B_A,2.7
580,0.0,HIS, ,N,35.65,11.85,0.0,3.06,1.0,<Residue HIS het=  resseq=85 icode= >,3kmp_B_A,2.7
581,0.327,HIS, ,CA,53.9,13.26,0.0,2.95,1.0,<Residue HIS het=  resseq=85 icode= >,3kmp_B_A,2.7
582,0.0,HIS, ,C,43.57,13.15,0.0,4.33,1.0,<Residue HIS het=  resseq=85 icode= >,3kmp_B_A,2.7
583,0.003,HIS, ,O,41.0,13.78,0.0,2.45,1.0,<Residue HIS het=  resseq=85 icode= >,3kmp_B_A,2.7
584,0.0,HIS, ,CB,41.63,13.52,0.0,1.39,1.0,<Residue HIS het=  resseq=85 icode= >,3kmp_B_A,2.7
585,0.0,HIS, ,CG,54.86,12.08,0.0,2.99,1.0,<Residue HIS het=  resseq=85 icode= >,3kmp_B_A,2.7
586,0.0,HIS, ,ND1,44.8,11.10,0.0,2.81,1.0,<Residue HIS het=  resseq=85 icode= >,3kmp_B_A,2.7
587,1.382,HIS, ,CD2,39.41,11.57,0.0,2.61,1.0,<Residue HIS het=  resseq=85 icode= >,3kmp_B_A,2.7
588,0.0,HIS, ,CE1,48.4,9.91,0.0,2.76,1.0,<Residue HIS het=  resseq=85 icode= >,3kmp_B_A,2.7
589,3.735,HIS, ,NE2,48.7,10.20,0.0,3.24,1.0,<Residue HIS het=  resseq=85 icode= >,3kmp_B_A,2.7
590,0.0,VAL, ,N,35.64,11.84,0.0,4.17,1.0,<Residue VAL het=  resseq=86 icode= >,3kmp_B_A,2.7
591,0.0,VAL, ,CA,38.22,11.09,0.0,3.17,1.0,<Residue VAL het=  resseq=86 icode= >,3kmp_B_A,2.7
592,0.0,VAL, ,C,37.36,11.49,0.0,4.18,1.0,<Residue VAL het=  resseq=86 icode= >,3kmp_B_A,2.7
593,0.0,VAL, ,O,38.81,11.87,0.0,2.83,1.0,<Residue VAL het=  resseq=86 icode= >,3kmp_B_A,2.7
594,0.189,VAL, ,CB,50.83,9.56,0.0,2.12,1.0,<Residue VAL het=  resseq=86 icode= >,3kmp_B_A,2.7
595,5.769,VAL, ,CG1,35.55,8.90,0.0,0.94,1.0,<Residue VAL het=  resseq=86 icode= >,3kmp_B_A,2.7
596,1.254,VAL, ,CG2,37.18,9.33,0.0,0.89,1.0,<Residue VAL het=  resseq=86 icode= >,3kmp_B_A,2.7
597,0.0,ILE, ,N,37.8,11.64,0.0,2.91,1.0,<Residue ILE het=  resseq=87 icode= >,3kmp_B_A,2.7
598,0.82,ILE, ,CA,43.67,12.23,0.0,3.47,1.0,<Residue ILE het=  resseq=87 icode= >,3kmp_B_A,2.7
599,0.0,ILE, ,C,32.56,13.30,0.0,4.86,1.0,<Residue ILE het=  resseq=87 icode= >,3kmp_B_A,2.7
600,0.614,ILE, ,O,34.28,13.95,0.0,2.66,1.0,<Residue ILE het=  resseq=87 icode= >,3kmp_B_A,2.7
601,0.0,ILE, ,CB,32.55,10.87,0.0,2.85,1.0,<Residue ILE het=  resseq=87 icode= >,3kmp_B_A,2.7
602,1.707,ILE, ,CG1,32.86,10.12,0.0,1.95,1.0,<Residue ILE het=  resseq=87 icode= >,3kmp_B_A,2.7
603,0.192,ILE, ,CG2,31.86,10.97,0.0,1.46,1.0,<Residue ILE het=  resseq=87 icode= >,3kmp_B_A,2.7
604,0.187,ILE, ,CD1,33.12,8.58,0.0,1.17,1.0,<Residue ILE het=  resseq=87 icode= >,3kmp_B_A,2.7
605,0.0,TYR, ,N,32.9,13.28,0.0,3.39,1.0,<Residue TYR het=  resseq=88 icode= >,3kmp_B_A,2.7
606,0.0,TYR, ,CA,41.65,14.13,0.0,3.79,1.0,<Residue TYR het=  resseq=88 icode= >,3kmp_B_A,2.7
607,0.0,TYR, ,C,43.68,15.59,0.0,4.47,1.0,<Residue TYR het=  resseq=88 icode= >,3kmp_B_A,2.7
608,0.0,TYR, ,O,44.84,16.22,0.0,2.52,1.0,<Residue TYR het=  resseq=88 icode= >,3kmp_B_A,2.7
609,0.105,TYR, ,CB,33.19,13.53,0.0,2.50,1.0,<Residue TYR het=  resseq=88 icode= >,3kmp_B_A,2.7
610,0.0,TYR, ,CG,38.42,12.23,0.0,3.42,1.0,<Residue TYR het=  resseq=88 icode= >,3kmp_B_A,2.7
611,0.0,TYR, ,CD1,38.63,11.04,0.0,2.80,1.0,<Residue TYR het=  resseq=88 icode= >,3kmp_B_A,2.7
612,0.0,TYR, ,CD2,32.55,11.67,0.0,2.31,1.0,<Residue TYR het=  resseq=88 icode= >,3kmp_B_A,2.7
613,0.0,TYR, ,CE1,32.51,9.85,0.0,3.10,1.0,<Residue TYR het=  resseq=88 icode= >,3kmp_B_A,2.7
614,0.0,TYR, ,CE2,31.7,10.32,0.0,2.99,1.0,<Residue TYR het=  resseq=88 icode= >,3kmp_B_A,2.7
615,0.0,TYR, ,CZ,40.89,9.55,0.0,4.24,1.0,<Residue TYR het=  resseq=88 icode= >,3kmp_B_A,2.7
616,0.934,TYR, ,OH,31.84,8.19,0.0,2.58,1.0,<Residue TYR het=  resseq=88 icode= >,3kmp_B_A,2.7
617,0.0,CYS, ,N,34.16,15.28,0.0,3.26,1.0,<Residue CYS het=  resseq=89 icode= >,3kmp_B_A,2.7
618,0.0,CYS, ,CA,39.78,15.56,0.0,2.63,1.0,<Residue CYS het=  resseq=89 icode= >,3kmp_B_A,2.7
619,0.0,CYS, ,C,44.97,15.31,0.0,4.21,1.0,<Residue CYS het=  resseq=89 icode= >,3kmp_B_A,2.7
620,0.0,CYS, ,O,41.0,16.14,0.0,2.70,1.0,<Residue CYS het=  resseq=89 icode= >,3kmp_B_A,2.7
621,0.0,CYS, ,CB,35.96,15.00,0.0,1.62,1.0,<Residue CYS het=  resseq=89 icode= >,3kmp_B_A,2.7
622,0.483,CYS, ,SG,49.51,16.00,0.0,3.38,1.0,<Residue CYS het=  resseq=89 icode= >,3kmp_B_A,2.7
623,0.0,ARG, ,N,33.6,14.28,0.0,3.29,1.0,<Residue ARG het=  resseq=90 icode= >,3kmp_B_A,2.7
624,0.0,ARG, ,CA,43.47,14.29,0.0,3.94,1.0,<Residue ARG het=  resseq=90 icode= >,3kmp_B_A,2.7
625,0.625,ARG, ,C,45.71,15.57,0.0,4.25,1.0,<Residue ARG het=  resseq=90 icode= >,3kmp_B_A,2.7
626,2.803,ARG, ,O,49.72,16.24,0.0,2.17,1.0,<Residue ARG het=  resseq=90 icode= >,3kmp_B_A,2.7
627,8.219,ARG, ,CB,32.65,13.17,0.0,2.80,1.0,<Residue ARG het=  resseq=90 icode= >,3kmp_B_A,2.7
628,0.0,ARG, ,CG,43.67,11.91,0.0,2.72,1.0,<Residue ARG het=  resseq=90 icode= >,3kmp_B_A,2.7
629,11.776,ARG, ,CD,33.1,11.09,0.0,2.51,1.0,<Residue ARG het=  resseq=90 icode= >,3kmp_B_A,2.7
630,4.22,ARG, ,NE,69.43,9.76,0.0,2.14,1.0,<Residue ARG het=  resseq=90 icode= >,3kmp_B_A,2.7
631,4.245,ARG, ,CZ,60.58,8.68,0.0,3.30,1.0,<Residue ARG het=  resseq=90 icode= >,3kmp_B_A,2.7
632,22.883,ARG, ,NH1,51.74,8.95,0.0,1.81,1.0,<Residue ARG het=  resseq=90 icode= >,3kmp_B_A,2.7
633,23.574,ARG, ,NH2,44.44,7.49,0.0,1.96,1.0,<Residue ARG het=  resseq=90 icode= >,3kmp_B_A,2.7
634,0.0,VAL, ,N,32.16,16.00,0.0,3.81,1.0,<Residue VAL het=  resseq=91 icode= >,3kmp_B_A,2.7
635,6.856,VAL, ,CA,36.65,16.26,0.0,3.74,1.0,<Residue VAL het=  resseq=91 icode= >,3kmp_B_A,2.7
636,0.0,VAL, ,C,41.45,17.45,0.0,4.29,1.0,<Residue VAL het=  resseq=91 icode= >,3kmp_B_A,2.7
637,22.75,VAL, ,O,45.0,18.15,0.0,2.39,1.0,<Residue VAL het=  resseq=91 icode= >,3kmp_B_A,2.7
638,0.0,VAL, ,CB,46.88,14.95,0.0,2.74,1.0,<Residue VAL het=  resseq=91 icode= >,3kmp_B_A,2.7
639,13.132,VAL, ,CG1,31.45,15.06,0.0,1.98,1.0,<Residue VAL het=  resseq=91 icode= >,3kmp_B_A,2.7
640,3.857,VAL, ,CG2,31.07,13.77,0.0,1.69,1.0,<Residue VAL het=  resseq=91 icode= >,3kmp_B_A,2.7
641,0.0,TRP, ,N,33.1,17.79,0.0,3.21,1.0,<Residue TRP het=  resseq=92 icode= >,3kmp_B_A,2.7
642,3.337,TRP, ,CA,35.95,18.85,0.0,3.23,1.0,<Residue TRP het=  resseq=92 icode= >,3kmp_B_A,2.7
643,3.862,TRP, ,C,45.29,19.98,0.0,3.31,1.0,<Residue TRP het=  resseq=92 icode= >,3kmp_B_A,2.7
644,17.123,TRP, ,O,44.19,21.10,0.0,2.14,1.0,<Residue TRP het=  resseq=92 icode= >,3kmp_B_A,2.7
645,1.118,TRP, ,CB,37.11,18.54,0.0,1.86,1.0,<Residue TRP het=  resseq=92 icode= >,3kmp_B_A,2.7
646,0.0,TRP, ,CG,50.49,17.53,0.0,2.99,1.0,<Residue TRP het=  resseq=92 icode= >,3kmp_B_A,2.7
647,19.232,TRP, ,CD1,43.9,17.68,0.0,2.11,1.0,<Residue TRP het=  resseq=92 icode= >,3kmp_B_A,2.7
648,0.0,TRP, ,CD2,51.95,16.29,0.0,2.79,1.0,<Residue TRP het=  resseq=92 icode= >,3kmp_B_A,2.7
649,18.343,TRP, ,NE1,44.55,16.64,0.0,2.86,1.0,<Residue TRP het=  resseq=92 icode= >,3kmp_B_A,2.7
650,0.0,TRP, ,CE2,49.57,15.72,0.0,3.47,1.0,<Residue TRP het=  resseq=92 icode= >,3kmp_B_A,2.7
651,0.0,TRP, ,CE3,41.42,15.70,0.0,2.78,1.0,<Residue TRP het=  resseq=92 icode= >,3kmp_B_A,2.7
652,6.995,TRP, ,CZ2,40.29,14.54,0.0,2.30,1.0,<Residue TRP het=  resseq=92 icode= >,3kmp_B_A,2.7
653,0.0,TRP, ,CZ3,47.47,14.52,0.0,2.15,1.0,<Residue TRP het=  resseq=92 icode= >,3kmp_B_A,2.7
654,0.475,TRP, ,CH2,47.87,13.92,0.0,2.13,1.0,<Residue TRP het=  resseq=92 icode= >,3kmp_B_A,2.7
655,0.599,ARG, ,N,46.17,1000.00,0.0,2.20,1.0,<Residue ARG het=  resseq=93 icode= >,3kmp_B_A,2.7
656,6.551,ARG, ,CA,38.24,1000.00,0.0,3.21,1.0,<Residue ARG het=  resseq=93 icode= >,3kmp_B_A,2.7
657,0.339,ARG, ,C,35.94,1000.00,0.0,3.82,1.0,<Residue ARG het=  resseq=93 icode= >,3kmp_B_A,2.7
658,20.51,ARG, ,O,48.83,1000.00,0.0,2.36,1.0,<Residue ARG het=  resseq=93 icode= >,3kmp_B_A,2.7
659,1.36,ARG, ,CB,37.13,1000.00,0.0,2.29,1.0,<Residue ARG het=  resseq=93 icode= >,3kmp_B_A,2.7
660,1.513,ARG, ,CG,44.66,1000.00,0.0,2.07,1.0,<Residue ARG het=  resseq=93 icode= >,3kmp_B_A,2.7
661,0.0,ARG, ,CD,43.01,1000.00,0.0,1.55,1.0,<Residue ARG het=  resseq=93 icode= >,3kmp_B_A,2.7
662,4.21,ARG, ,NE,62.38,1000.00,0.0,1.80,1.0,<Residue ARG het=  resseq=93 icode= >,3kmp_B_A,2.7
663,0.0,ARG, ,CZ,51.3,1000.00,0.0,3.10,1.0,<Residue ARG het=  resseq=93 icode= >,3kmp_B_A,2.7
664,3.439,ARG, ,NH1,50.03,1000.00,0.0,1.27,1.0,<Residue ARG het=  resseq=93 icode= >,3kmp_B_A,2.7
665,40.074,ARG, ,NH2,60.1,1000.00,0.0,0.74,1.0,<Residue ARG het=  resseq=93 icode= >,3kmp_B_A,2.7
666,0.0,TRP, ,N,52.25,17.07,0.0,2.79,1.0,<Residue TRP het=  resseq=94 icode= >,3kmp_B_A,2.7
667,0.647,TRP, ,CA,35.73,16.42,0.0,4.03,1.0,<Residue TRP het=  resseq=94 icode= >,3kmp_B_A,2.7
668,0.0,TRP, ,C,41.18,15.48,0.0,3.71,1.0,<Residue TRP het=  resseq=94 icode= >,3kmp_B_A,2.7
669,0.0,TRP, ,O,47.45,14.28,0.0,2.19,1.0,<Residue TRP het=  resseq=94 icode= >,3kmp_B_A,2.7
670,0.0,TRP, ,CB,36.84,15.78,0.0,2.52,1.0,<Residue TRP het=  resseq=94 icode= >,3kmp_B_A,2.7
671,0.0,TRP, ,CG,51.29,16.82,0.0,2.76,1.0,<Residue TRP het=  resseq=94 icode= >,3kmp_B_A,2.7
672,13.072,TRP, ,CD1,39.1,17.97,0.0,2.32,1.0,<Residue TRP het=  resseq=94 icode= >,3kmp_B_A,2.7
673,0.0,TRP, ,CD2,48.4,16.92,0.0,2.63,1.0,<Residue TRP het=  resseq=94 icode= >,3kmp_B_A,2.7
674,20.957,TRP, ,NE1,47.49,18.75,0.0,2.71,1.0,<Residue TRP het=  resseq=94 icode= >,3kmp_B_A,2.7
675,0.0,TRP, ,CE2,54.93,18.17,0.0,2.90,1.0,<Residue TRP het=  resseq=94 icode= >,3kmp_B_A,2.7
676,0.0,TRP, ,CE3,41.8,16.20,0.0,2.10,1.0,<Residue TRP het=  resseq=94 icode= >,3kmp_B_A,2.7
677,4.351,TRP, ,CZ2,47.46,18.72,0.0,2.14,1.0,<Residue TRP het=  resseq=94 icode= >,3kmp_B_A,2.7
678,0.0,TRP, ,CZ3,46.96,16.81,0.0,1.91,1.0,<Residue TRP het=  resseq=94 icode= >,3kmp_B_A,2.7
679,0.0,TRP, ,CH2,59.07,18.05,0.0,1.83,1.0,<Residue TRP het=  resseq=94 icode= >,3kmp_B_A,2.7
680,0.0,PRO, ,N,42.3,16.10,0.0,3.47,1.0,<Residue PRO het=  resseq=95 icode= >,3kmp_B_A,2.7
681,1.678,PRO, ,CA,35.61,15.45,0.0,3.50,1.0,<Residue PRO het=  resseq=95 icode= >,3kmp_B_A,2.7
682,0.755,PRO, ,C,33.58,14.33,0.0,3.78,1.0,<Residue PRO het=  resseq=95 icode= >,3kmp_B_A,2.7
683,18.562,PRO, ,O,39.4,13.49,0.0,2.37,1.0,<Residue PRO het=  resseq=95 icode= >,3kmp_B_A,2.7
684,34.484,PRO, ,CB,32.81,16.66,0.0,2.60,1.0,<Residue PRO het=  resseq=95 icode= >,3kmp_B_A,2.7
685,36.325,PRO, ,CG,44.93,17.85,0.0,2.53,1.0,<Residue PRO het=  resseq=95 icode= >,3kmp_B_A,2.7
686,16.022,PRO, ,CD,34.14,17.55,0.0,2.08,1.0,<Residue PRO het=  resseq=95 icode= >,3kmp_B_A,2.7
687,0.0,ASP, ,N,45.75,14.45,0.0,2.48,1.0,<Residue ASP het=  resseq=96 icode= >,3kmp_B_A,2.7
688,10.057,ASP, ,CA,44.84,13.66,0.0,2.84,1.0,<Residue ASP het=  resseq=96 icode= >,3kmp_B_A,2.7
689,1.157,ASP, ,C,54.36,12.58,0.0,3.26,1.0,<Residue ASP het=  resseq=96 icode= >,3kmp_B_A,2.7
690,0.435,ASP, ,O,60.48,12.02,0.0,1.66,1.0,<Residue ASP het=  resseq=96 icode= >,3kmp_B_A,2.7
691,33.375,ASP, ,CB,51.14,14.65,0.0,1.65,1.0,<Residue ASP het=  resseq=96 icode= >,3kmp_B_A,2.7
692,7.994,ASP, ,CG,66.11,15.31,0.0,2.78,1.0,<Residue ASP het=  resseq=96 icode= >,3kmp_B_A,2.7
693,10.052,ASP, ,OD1,58.22,15.93,0.0,2.01,1.0,<Residue ASP het=  resseq=96 icode= >,3kmp_B_A,2.7
694,22.189,ASP, ,OD2,61.98,15.34,0.0,1.72,1.0,<Residue ASP het=  resseq=96 icode= >,3kmp_B_A,2.7
695,0.0,LEU, ,N,49.19,12.47,0.0,2.72,1.0,<Residue LEU het=  resseq=97 icode= >,3kmp_B_A,2.7
696,0.0,LEU, ,CA,45.24,11.61,0.0,3.02,1.0,<Residue LEU het=  resseq=97 icode= >,3kmp_B_A,2.7
697,0.0,LEU, ,C,52.89,10.15,0.0,3.17,1.0,<Residue LEU het=  resseq=97 icode= >,3kmp_B_A,2.7
698,5.047,LEU, ,O,69.18,9.61,0.0,1.43,1.0,<Residue LEU het=  resseq=97 icode= >,3kmp_B_A,2.7
699,0.0,LEU, ,CB,49.11,11.85,0.0,1.30,1.0,<Residue LEU het=  resseq=97 icode= >,3kmp_B_A,2.7
700,0.0,LEU, ,CG,54.19,11.39,0.0,1.93,1.0,<Residue LEU het=  resseq=97 icode= >,3kmp_B_A,2.7
701,0.0,LEU, ,CD1,43.32,12.23,0.0,1.32,1.0,<Residue LEU het=  resseq=97 icode= >,3kmp_B_A,2.7
702,0.0,LEU, ,CD2,55.26,11.77,0.0,0.28,1.0,<Residue LEU het=  resseq=97 icode= >,3kmp_B_A,2.7
703,0.0,GLN, ,N,54.22,9.66,0.0,2.48,1.0,<Residue GLN het=  resseq=98 icode= >,3kmp_B_A,2.7
704,0.613,GLN, ,CA,56.26,8.42,0.0,3.06,1.0,<Residue GLN het=  resseq=98 icode= >,3kmp_B_A,2.7
705,0.233,GLN, ,C,59.3,7.23,0.0,3.53,1.0,<Residue GLN het=  resseq=98 icode= >,3kmp_B_A,2.7
706,16.54,GLN, ,O,64.05,6.22,0.0,1.71,1.0,<Residue GLN het=  resseq=98 icode= >,3kmp_B_A,2.7
707,12.207,GLN, ,CB,78.09,8.77,0.0,1.06,1.0,<Residue GLN het=  resseq=98 icode= >,3kmp_B_A,2.7
708,20.271,GLN, ,CG,86.74,9.87,0.0,0.97,1.0,<Residue GLN het=  resseq=98 icode= >,3kmp_B_A,2.7
709,6.144,GLN, ,CD,113.07,9.68,0.0,0.92,1.0,<Residue GLN het=  resseq=98 icode= >,3kmp_B_A,2.7
710,30.745,GLN, ,OE1,119.29,8.63,0.0,0.57,1.0,<Residue GLN het=  resseq=98 icode= >,3kmp_B_A,2.7
711,40.365,GLN, ,NE2,122.42,10.85,0.0,0.02,1.0,<Residue GLN het=  resseq=98 icode= >,3kmp_B_A,2.7
712,0.0,SER, ,N,51.74,7.54,0.0,2.62,1.0,<Residue SER het=  resseq=99 icode= >,3kmp_B_A,2.7
713,3.415,SER, ,CA,55.19,6.81,0.0,2.47,1.0,<Residue SER het=  resseq=99 icode= >,3kmp_B_A,2.7
714,0.0,SER, ,C,56.23,7.93,0.0,3.40,1.0,<Residue SER het=  resseq=99 icode= >,3kmp_B_A,2.7
715,0.0,SER, ,O,58.17,9.08,0.0,2.23,1.0,<Residue SER het=  resseq=99 icode= >,3kmp_B_A,2.7
716,27.225,SER, ,CB,58.02,5.94,1.277,1.54,1.0,<Residue SER het=  resseq=99 icode= >,3kmp_B_A,2.7
717,5.718,SER, ,OG,60.26,6.71,0.0,1.33,1.0,<Residue SER het=  resseq=99 icode= >,3kmp_B_A,2.7
718,0.912,HIS, ,N,42.66,7.56,0.0,2.78,1.0,<Residue HIS het=  resseq=100 icode= >,3kmp_B_A,2.7
719,0.0,HIS, ,CA,56.9,7.91,0.0,2.33,1.0,<Residue HIS het=  resseq=100 icode= >,3kmp_B_A,2.7
720,0.0,HIS, ,C,66.88,7.76,0.0,2.38,1.0,<Residue HIS het=  resseq=100 icode= >,3kmp_B_A,2.7
721,4.769,HIS, ,O,67.69,8.55,0.0,1.04,1.0,<Residue HIS het=  resseq=100 icode= >,3kmp_B_A,2.7
722,0.944,HIS, ,CB,52.87,7.23,0.0,1.64,1.0,<Residue HIS het=  resseq=100 icode= >,3kmp_B_A,2.7
723,0.0,HIS, ,CG,72.52,5.86,0.0,2.64,1.0,<Residue HIS het=  resseq=100 icode= >,3kmp_B_A,2.7
724,4.604,HIS, ,ND1,74.17,4.84,0.0,2.08,1.0,<Residue HIS het=  resseq=100 icode= >,3kmp_B_A,2.7
725,18.134,HIS, ,CD2,76.44,5.58,0.0,1.89,1.0,<Residue HIS het=  resseq=100 icode= >,3kmp_B_A,2.7
726,25.543,HIS, ,CE1,79.49,3.76,17.474,2.23,1.0,<Residue HIS het=  resseq=100 icode= >,3kmp_B_A,2.7
727,16.388,HIS, ,NE2,84.93,4.31,1.656,1.75,1.0,<Residue HIS het=  resseq=100 icode= >,3kmp_B_A,2.7
728,0.0,HIS, ,N,61.61,7.01,0.0,2.07,1.0,<Residue HIS het=  resseq=101 icode= >,3kmp_B_A,2.7
729,5.09,HIS, ,CA,67.19,7.24,0.0,2.66,1.0,<Residue HIS het=  resseq=101 icode= >,3kmp_B_A,2.7
730,0.0,HIS, ,C,74.38,8.71,0.0,3.11,1.0,<Residue HIS het=  resseq=101 icode= >,3kmp_B_A,2.7
731,7.209,HIS, ,O,75.55,9.36,0.0,1.37,1.0,<Residue HIS het=  resseq=101 icode= >,3kmp_B_A,2.7
732,5.446,HIS, ,CB,64.93,6.46,0.0,1.79,1.0,<Residue HIS het=  resseq=101 icode= >,3kmp_B_A,2.7
733,2.697,HIS, ,CG,71.72,5.01,0.0,2.84,1.0,<Residue HIS het=  resseq=101 icode= >,3kmp_B_A,2.7
734,17.422,HIS, ,ND1,84.21,4.78,0.0,1.98,1.0,<Residue HIS het=  resseq=101 icode= >,3kmp_B_A,2.7
735,22.212,HIS, ,CD2,72.82,3.97,0.016,1.91,1.0,<Residue HIS het=  resseq=101 icode= >,3kmp_B_A,2.7
736,30.721,HIS, ,CE1,84.86,3.55,3.547,1.57,1.0,<Residue HIS het=  resseq=101 icode= >,3kmp_B_A,2.7
737,23.601,HIS, ,NE2,84.21,2.85,15.906,1.63,1.0,<Residue HIS het=  resseq=101 icode= >,3kmp_B_A,2.7
738,0.0,GLU, ,N,59.02,9.38,0.0,2.89,1.0,<Residue GLU het=  resseq=102 icode= >,3kmp_B_A,2.7
739,0.0,GLU, ,CA,52.61,10.81,0.0,3.26,1.0,<Residue GLU het=  resseq=102 icode= >,3kmp_B_A,2.7
740,0.0,GLU, ,C,59.96,11.69,0.0,3.46,1.0,<Residue GLU het=  resseq=102 icode= >,3kmp_B_A,2.7
741,0.0,GLU, ,O,54.18,12.91,0.0,2.20,1.0,<Residue GLU het=  resseq=102 icode= >,3kmp_B_A,2.7
742,0.0,GLU, ,CB,52.96,11.36,0.0,1.59,1.0,<Residue GLU het=  resseq=102 icode= >,3kmp_B_A,2.7
743,2.236,GLU, ,CG,64.4,11.07,0.0,1.71,1.0,<Residue GLU het=  resseq=102 icode= >,3kmp_B_A,2.7
744,0.99,GLU, ,CD,78.14,11.90,0.0,2.76,1.0,<Residue GLU het=  resseq=102 icode= >,3kmp_B_A,2.7
745,0.0,GLU, ,OE1,71.49,11.54,0.0,1.80,1.0,<Residue GLU het=  resseq=102 icode= >,3kmp_B_A,2.7
746,14.258,GLU, ,OE2,86.79,12.85,0.0,1.08,1.0,<Residue GLU het=  resseq=102 icode= >,3kmp_B_A,2.7
747,0.0,LEU, ,N,43.8,11.19,0.0,2.72,1.0,<Residue LEU het=  resseq=103 icode= >,3kmp_B_A,2.7
748,0.0,LEU, ,CA,58.07,12.15,0.0,2.00,1.0,<Residue LEU het=  resseq=103 icode= >,3kmp_B_A,2.7
749,0.081,LEU, ,C,57.6,12.25,0.0,3.30,1.0,<Residue LEU het=  resseq=103 icode= >,3kmp_B_A,2.7
750,12.408,LEU, ,O,59.87,11.32,0.0,2.00,1.0,<Residue LEU het=  resseq=103 icode= >,3kmp_B_A,2.7
751,1.01,LEU, ,CB,41.93,12.06,0.0,0.90,1.0,<Residue LEU het=  resseq=103 icode= >,3kmp_B_A,2.7
752,0.0,LEU, ,CG,45.01,12.68,0.0,1.59,1.0,<Residue LEU het=  resseq=103 icode= >,3kmp_B_A,2.7
753,0.0,LEU, ,CD1,46.03,12.71,0.0,0.45,1.0,<Residue LEU het=  resseq=103 icode= >,3kmp_B_A,2.7
754,0.0,LEU, ,CD2,47.04,14.13,0.0,0.57,1.0,<Residue LEU het=  resseq=103 icode= >,3kmp_B_A,2.7
755,0.0,LYS, ,N,58.68,13.51,0.0,3.23,1.0,<Residue LYS het=  resseq=104 icode= >,3kmp_B_A,2.7
756,0.0,LYS, ,CA,63.47,13.96,0.0,3.01,1.0,<Residue LYS het=  resseq=104 icode= >,3kmp_B_A,2.7
757,0.0,LYS, ,C,59.71,15.10,0.0,3.83,1.0,<Residue LYS het=  resseq=104 icode= >,3kmp_B_A,2.7
758,0.0,LYS, ,O,46.8,15.85,0.0,2.28,1.0,<Residue LYS het=  resseq=104 icode= >,3kmp_B_A,2.7
759,0.0,LYS, ,CB,64.34,14.55,0.0,1.03,1.0,<Residue LYS het=  resseq=104 icode= >,3kmp_B_A,2.7
760,17.328,LYS, ,CG,71.75,13.70,0.0,1.23,1.0,<Residue LYS het=  resseq=104 icode= >,3kmp_B_A,2.7
761,23.617,LYS, ,CD,94.54,14.59,0.0,0.39,1.0,<Residue LYS het=  resseq=104 icode= >,3kmp_B_A,2.7
762,26.423,LYS, ,CE,100.96,15.86,0.0,0.02,1.0,<Residue LYS het=  resseq=104 icode= >,3kmp_B_A,2.7
763,38.999,LYS, ,NZ,111.47,16.90,0.0,-0.14,1.0,<Residue LYS het=  resseq=104 icode= >,3kmp_B_A,2.7
764,0.0,PRO, ,N,47.97,15.32,0.0,4.30,1.0,<Residue PRO het=  resseq=105 icode= >,3kmp_B_A,2.7
765,0.0,PRO, ,CA,57.87,16.32,0.0,3.00,1.0,<Residue PRO het=  resseq=105 icode= >,3kmp_B_A,2.7
766,0.0,PRO, ,C,66.32,17.70,0.0,3.46,1.0,<Residue PRO het=  resseq=105 icode= >,3kmp_B_A,2.7
767,9.421,PRO, ,O,61.19,17.83,0.0,1.72,1.0,<Residue PRO het=  resseq=105 icode= >,3kmp_B_A,2.7
768,0.961,PRO, ,CB,54.01,15.89,0.0,1.43,1.0,<Residue PRO het=  resseq=105 icode= >,3kmp_B_A,2.7
769,28.526,PRO, ,CG,49.08,14.99,0.0,1.94,1.0,<Residue PRO het=  resseq=105 icode= >,3kmp_B_A,2.7
770,17.393,PRO, ,CD,54.76,14.24,0.0,2.58,1.0,<Residue PRO het=  resseq=105 icode= >,3kmp_B_A,2.7
771,0.0,LEU, ,N,62.75,18.76,0.0,3.30,1.0,<Residue LEU het=  resseq=106 icode= >,3kmp_B_A,2.7
772,0.1,LEU, ,CA,60.51,20.09,0.0,3.24,1.0,<Residue LEU het=  resseq=106 icode= >,3kmp_B_A,2.7
773,0.345,LEU, ,C,80.44,20.50,0.0,1.72,1.0,<Residue LEU het=  resseq=106 icode= >,3kmp_B_A,2.7
774,2.792,LEU, ,O,78.25,20.00,0.0,0.77,1.0,<Residue LEU het=  resseq=106 icode= >,3kmp_B_A,2.7
775,1.831,LEU, ,CB,51.43,21.15,0.0,2.50,1.0,<Residue LEU het=  resseq=106 icode= >,3kmp_B_A,2.7
776,0.0,LEU, ,CG,65.5,20.99,0.0,2.13,1.0,<Residue LEU het=  resseq=106 icode= >,3kmp_B_A,2.7
777,31.808,LEU, ,CD1,62.27,22.26,0.0,1.05,1.0,<Residue LEU het=  resseq=106 icode= >,3kmp_B_A,2.7
778,15.148,LEU, ,CD2,54.8,20.67,0.0,0.56,1.0,<Residue LEU het=  resseq=106 icode= >,3kmp_B_A,2.7
779,0.024,GLU, ,N,87.21,1000.00,0.0,1.33,1.0,<Residue GLU het=  resseq=107 icode= >,3kmp_B_A,2.7
780,9.61,GLU, ,CA,86.17,1000.00,0.0,1.48,1.0,<Residue GLU het=  resseq=107 icode= >,3kmp_B_A,2.7
781,1.297,GLU, ,C,69.64,1000.00,0.0,2.56,1.0,<Residue GLU het=  resseq=107 icode= >,3kmp_B_A,2.7
782,18.578,GLU, ,O,78.17,1000.00,0.0,0.68,1.0,<Residue GLU het=  resseq=107 icode= >,3kmp_B_A,2.7
783,28.622,GLU, ,CB,101.85,1000.00,0.0,0.95,1.0,<Residue GLU het=  resseq=107 icode= >,3kmp_B_A,2.7
784,39.223,GLU, ,CG,126.61,1000.00,0.0,0.89,1.0,<Residue GLU het=  resseq=107 icode= >,3kmp_B_A,2.7
785,8.795,GLU, ,CD,158.28,1000.00,0.0,0.13,1.0,<Residue GLU het=  resseq=107 icode= >,3kmp_B_A,2.7
786,16.2,GLU, ,OE1,155.9,1000.00,0.0,0.68,1.0,<Residue GLU het=  resseq=107 icode= >,3kmp_B_A,2.7
787,35.096,GLU, ,OE2,176.58,1000.00,0.0,-0.02,1.0,<Residue GLU het=  resseq=107 icode= >,3kmp_B_A,2.7
788,2.888,CYS, ,N,65.64,1000.00,0.0,2.70,1.0,<Residue CYS het=  resseq=108 icode= >,3kmp_B_A,2.7
789,12.242,CYS, ,CA,61.19,1000.00,0.0,2.62,1.0,<Residue CYS het=  resseq=108 icode= >,3kmp_B_A,2.7
790,0.443,CYS, ,C,74.94,1000.00,0.0,1.95,1.0,<Residue CYS het=  resseq=108 icode= >,3kmp_B_A,2.7
791,16.978,CYS, ,O,69.85,1000.00,0.0,1.06,1.0,<Residue CYS het=  resseq=108 icode= >,3kmp_B_A,2.7
792,36.05,CYS, ,CB,54.92,1000.00,0.0,2.08,1.0,<Residue CYS het=  resseq=108 icode= >,3kmp_B_A,2.7
793,16.38,CYS, ,SG,79.67,1000.00,0.0,1.54,1.0,<Residue CYS het=  resseq=108 icode= >,3kmp_B_A,2.7
794,0.0,CYS, ,N,75.55,1000.00,0.0,1.30,1.0,<Residue CYS het=  resseq=109 icode= >,3kmp_B_A,2.7
795,0.0,CYS, ,CA,63.84,1000.00,0.0,1.13,1.0,<Residue CYS het=  resseq=109 icode= >,3kmp_B_A,2.7
796,0.0,CYS, ,C,65.39,1000.00,0.0,2.99,1.0,<Residue CYS het=  resseq=109 icode= >,3kmp_B_A,2.7
797,7.355,CYS, ,O,61.33,1000.00,0.0,2.00,1.0,<Residue CYS het=  resseq=109 icode= >,3kmp_B_A,2.7
798,0.0,CYS, ,CB,57.92,1000.00,0.0,0.90,1.0,<Residue CYS het=  resseq=109 icode= >,3kmp_B_A,2.7
799,0.0,CYS, ,SG,45.21,1000.00,0.0,5.14,1.0,<Residue CYS het=  resseq=109 icode= >,3kmp_B_A,2.7
800,0.0,GLU, ,N,59.88,1000.00,0.0,2.08,1.0,<Residue GLU het=  resseq=110 icode= >,3kmp_B_A,2.7
801,1.014,GLU, ,CA,59.34,1000.00,0.0,2.50,1.0,<Residue GLU het=  resseq=110 icode= >,3kmp_B_A,2.7
802,0.195,GLU, ,C,54.17,1000.00,0.0,3.05,1.0,<Residue GLU het=  resseq=110 icode= >,3kmp_B_A,2.7
803,2.93,GLU, ,O,54.2,1000.00,0.0,1.80,1.0,<Residue GLU het=  resseq=110 icode= >,3kmp_B_A,2.7
804,13.33,GLU, ,CB,51.26,1000.00,0.0,1.87,1.0,<Residue GLU het=  resseq=110 icode= >,3kmp_B_A,2.7
805,25.803,GLU, ,CG,75.77,1000.00,0.0,0.75,1.0,<Residue GLU het=  resseq=110 icode= >,3kmp_B_A,2.7
806,12.915,GLU, ,CD,73.08,1000.00,0.0,1.85,1.0,<Residue GLU het=  resseq=110 icode= >,3kmp_B_A,2.7
807,23.329,GLU, ,OE1,69.26,1000.00,0.0,0.91,1.0,<Residue GLU het=  resseq=110 icode= >,3kmp_B_A,2.7
808,41.757,GLU, ,OE2,59.18,1000.00,0.0,1.95,1.0,<Residue GLU het=  resseq=110 icode= >,3kmp_B_A,2.7
809,0.0,PHE, ,N,49.59,18.66,0.0,2.17,1.0,<Residue PHE het=  resseq=111 icode= >,3kmp_B_A,2.7
810,0.0,PHE, ,CA,45.3,17.19,0.0,2.89,1.0,<Residue PHE het=  resseq=111 icode= >,3kmp_B_A,2.7
811,0.0,PHE, ,C,45.77,16.66,0.0,3.38,1.0,<Residue PHE het=  resseq=111 icode= >,3kmp_B_A,2.7
812,0.0,PHE, ,O,59.93,15.67,0.0,1.15,1.0,<Residue PHE het=  resseq=111 icode= >,3kmp_B_A,2.7
813,0.0,PHE, ,CB,43.97,16.47,0.0,2.01,1.0,<Residue PHE het=  resseq=111 icode= >,3kmp_B_A,2.7
814,0.0,PHE, ,CG,50.16,17.11,0.0,2.52,1.0,<Residue PHE het=  resseq=111 icode= >,3kmp_B_A,2.7
815,0.0,PHE, ,CD1,62.8,17.85,0.0,1.48,1.0,<Residue PHE het=  resseq=111 icode= >,3kmp_B_A,2.7
816,0.0,PHE, ,CD2,59.52,16.58,0.0,1.29,1.0,<Residue PHE het=  resseq=111 icode= >,3kmp_B_A,2.7
817,18.846,PHE, ,CE1,71.64,18.60,0.0,1.27,1.0,<Residue PHE het=  resseq=111 icode= >,3kmp_B_A,2.7
818,19.911,PHE, ,CE2,50.61,17.11,0.0,1.66,1.0,<Residue PHE het=  resseq=111 icode= >,3kmp_B_A,2.7
819,29.704,PHE, ,CZ,65.08,18.20,0.0,1.29,1.0,<Residue PHE het=  resseq=111 icode= >,3kmp_B_A,2.7
820,0.0,PRO, ,N,58.06,16.88,0.0,3.27,1.0,<Residue PRO het=  resseq=112 icode= >,3kmp_B_A,2.7
821,0.0,PRO, ,CA,49.57,15.73,0.0,3.21,1.0,<Residue PRO het=  resseq=112 icode= >,3kmp_B_A,2.7
822,0.0,PRO, ,C,50.17,14.46,0.0,3.90,1.0,<Residue PRO het=  resseq=112 icode= >,3kmp_B_A,2.7
823,0.978,PRO, ,O,50.44,14.47,0.0,2.28,1.0,<Residue PRO het=  resseq=112 icode= >,3kmp_B_A,2.7
824,1.409,PRO, ,CB,46.32,15.76,0.0,1.59,1.0,<Residue PRO het=  resseq=112 icode= >,3kmp_B_A,2.7
825,15.682,PRO, ,CG,48.06,16.99,0.0,1.61,1.0,<Residue PRO het=  resseq=112 icode= >,3kmp_B_A,2.7
826,4.156,PRO, ,CD,47.45,17.29,0.0,1.65,1.0,<Residue PRO het=  resseq=112 icode= >,3kmp_B_A,2.7
827,0.252,PHE, ,N,42.65,13.50,0.0,2.72,1.0,<Residue PHE het=  resseq=113 icode= >,3kmp_B_A,2.7
828,0.0,PHE, ,CA,58.45,12.28,0.0,2.54,1.0,<Residue PHE het=  resseq=113 icode= >,3kmp_B_A,2.7
829,0.0,PHE, ,C,69.47,11.76,0.0,2.98,1.0,<Residue PHE het=  resseq=113 icode= >,3kmp_B_A,2.7
830,0.606,PHE, ,O,71.29,11.73,0.0,1.57,1.0,<Residue PHE het=  resseq=113 icode= >,3kmp_B_A,2.7
831,2.673,PHE, ,CB,44.94,11.26,0.0,1.79,1.0,<Residue PHE het=  resseq=113 icode= >,3kmp_B_A,2.7
832,0.0,PHE, ,CG,53.92,9.99,0.0,2.54,1.0,<Residue PHE het=  resseq=113 icode= >,3kmp_B_A,2.7
833,6.572,PHE, ,CD1,47.21,8.78,0.0,2.11,1.0,<Residue PHE het=  resseq=113 icode= >,3kmp_B_A,2.7
834,0.205,PHE, ,CD2,72.84,10.16,0.0,1.09,1.0,<Residue PHE het=  resseq=113 icode= >,3kmp_B_A,2.7
835,16.193,PHE, ,CE1,63.58,7.63,0.0,1.82,1.0,<Residue PHE het=  resseq=113 icode= >,3kmp_B_A,2.7
836,0.095,PHE, ,CE2,71.55,9.19,0.0,1.14,1.0,<Residue PHE het=  resseq=113 icode= >,3kmp_B_A,2.7
837,5.763,PHE, ,CZ,72.79,7.87,0.0,1.28,1.0,<Residue PHE het=  resseq=113 icode= >,3kmp_B_A,2.7
838,3.875,GLY, ,N,45.07,11.57,0.0,2.56,1.0,<Residue GLY het=  resseq=114 icode= >,3kmp_B_A,2.7
839,33.058,GLY, ,CA,73.33,11.20,0.0,1.49,1.0,<Residue GLY het=  resseq=114 icode= >,3kmp_B_A,2.7
840,4.314,GLY, ,C,78.43,12.19,0.0,1.86,1.0,<Residue GLY het=  resseq=114 icode= >,3kmp_B_A,2.7
841,14.37,GLY, ,O,70.02,11.97,0.0,1.76,1.0,<Residue GLY het=  resseq=114 icode= >,3kmp_B_A,2.7
842,1.95,SER, ,N,74.15,13.41,0.0,1.71,1.0,<Residue SER het=  resseq=115 icode= >,3kmp_B_A,2.7
843,11.086,SER, ,CA,67.46,14.51,0.0,2.79,1.0,<Residue SER het=  resseq=115 icode= >,3kmp_B_A,2.7
844,0.952,SER, ,C,74.33,14.40,0.0,3.09,1.0,<Residue SER het=  resseq=115 icode= >,3kmp_B_A,2.7
845,14.223,SER, ,O,79.32,14.58,0.0,1.74,1.0,<Residue SER het=  resseq=115 icode= >,3kmp_B_A,2.7
846,20.528,SER, ,CB,69.44,15.86,0.0,1.69,1.0,<Residue SER het=  resseq=115 icode= >,3kmp_B_A,2.7
847,0.083,SER, ,OG,70.77,15.86,0.0,0.78,1.0,<Residue SER het=  resseq=115 icode= >,3kmp_B_A,2.7
848,0.299,LYS, ,N,86.17,13.23,0.0,1.99,1.0,<Residue LYS het=  resseq=116 icode= >,3kmp_B_A,2.7
849,0.0,LYS, ,CA,94.8,12.03,0.0,2.02,1.0,<Residue LYS het=  resseq=116 icode= >,3kmp_B_A,2.7
850,0.873,LYS, ,C,93.26,12.09,0.0,2.26,1.0,<Residue LYS het=  resseq=116 icode= >,3kmp_B_A,2.7
851,23.442,LYS, ,O,90.1,12.21,0.0,1.28,1.0,<Residue LYS het=  resseq=116 icode= >,3kmp_B_A,2.7
852,16.173,LYS, ,CB,90.76,12.13,0.0,1.65,1.0,<Residue LYS het=  resseq=116 icode= >,3kmp_B_A,2.7
853,0.363,LYS, ,CG,90.51,11.48,0.0,1.14,1.0,<Residue LYS het=  resseq=116 icode= >,3kmp_B_A,2.7
854,32.742,LYS, ,CD,95.69,10.88,0.0,0.86,1.0,<Residue LYS het=  resseq=116 icode= >,3kmp_B_A,2.7
855,44.834,LYS, ,CE,96.54,9.40,0.0,0.64,1.0,<Residue LYS het=  resseq=116 icode= >,3kmp_B_A,2.7
856,27.817,LYS, ,NZ,95.88,8.84,0.0,0.78,1.0,<Residue LYS het=  resseq=116 icode= >,3kmp_B_A,2.7
857,1.288,GLN, ,N,90.89,12.26,0.0,1.19,1.0,<Residue GLN het=  resseq=117 icode= >,3kmp_B_A,2.7
858,5.596,GLN, ,CA,76.87,12.33,0.0,1.95,1.0,<Residue GLN het=  resseq=117 icode= >,3kmp_B_A,2.7
859,3.796,GLN, ,C,75.59,11.08,0.0,2.41,1.0,<Residue GLN het=  resseq=117 icode= >,3kmp_B_A,2.7
860,1.308,GLN, ,O,76.21,10.29,0.0,1.42,1.0,<Residue GLN het=  resseq=117 icode= >,3kmp_B_A,2.7
861,6.446,GLN, ,CB,66.96,13.56,0.0,1.86,1.0,<Residue GLN het=  resseq=117 icode= >,3kmp_B_A,2.7
862,14.206,GLN, ,CG,78.88,14.84,0.0,1.40,1.0,<Residue GLN het=  resseq=117 icode= >,3kmp_B_A,2.7
863,3.075,GLN, ,CD,87.24,16.06,0.0,1.93,1.0,<Residue GLN het=  resseq=117 icode= >,3kmp_B_A,2.7
864,0.0,GLN, ,OE1,88.15,16.08,0.0,0.85,1.0,<Residue GLN het=  resseq=117 icode= >,3kmp_B_A,2.7
865,45.434,GLN, ,NE2,103.68,17.18,0.0,0.24,1.0,<Residue GLN het=  resseq=117 icode= >,3kmp_B_A,2.7
866,5.956,LYS, ,N,79.06,11.02,0.0,1.29,1.0,<Residue LYS het=  resseq=118 icode= >,3kmp_B_A,2.7
867,7.586,LYS, ,CA,84.26,10.14,0.0,1.10,1.0,<Residue LYS het=  resseq=118 icode= >,3kmp_B_A,2.7
868,0.0,LYS, ,C,73.92,10.28,0.0,2.41,1.0,<Residue LYS het=  resseq=118 icode= >,3kmp_B_A,2.7
869,3.212,LYS, ,O,59.55,9.39,0.0,1.70,1.0,<Residue LYS het=  resseq=118 icode= >,3kmp_B_A,2.7
870,14.076,LYS, ,CB,91.1,10.71,0.0,0.02,1.0,<Residue LYS het=  resseq=118 icode= >,3kmp_B_A,2.7
871,26.942,LYS, ,CG,108.67,10.24,0.0,-0.32,1.0,<Residue LYS het=  resseq=118 icode= >,3kmp_B_A,2.7
872,32.148,LYS, ,CD,124.7,10.88,0.0,-0.77,1.0,<Residue LYS het=  resseq=118 icode= >,3kmp_B_A,2.7
873,45.257,LYS, ,CE,128.65,10.50,0.0,-0.03,1.0,<Residue LYS het=  resseq=118 icode= >,3kmp_B_A,2.7
874,48.902,LYS, ,NZ,120.25,11.34,0.0,0.54,1.0,<Residue LYS het=  resseq=118 icode= >,3kmp_B_A,2.7
875,0.778,GLU, ,N,64.39,11.56,0.0,2.51,1.0,<Residue GLU het=  resseq=119 icode= >,3kmp_B_A,2.7
876,0.0,GLU, ,CA,54.69,12.09,0.0,2.85,1.0,<Residue GLU het=  resseq=119 icode= >,3kmp_B_A,2.7
877,0.0,GLU, ,C,68.92,12.43,0.0,2.45,1.0,<Residue GLU het=  resseq=119 icode= >,3kmp_B_A,2.7
878,0.785,GLU, ,O,71.11,12.87,0.0,1.29,1.0,<Residue GLU het=  resseq=119 icode= >,3kmp_B_A,2.7
879,0.389,GLU, ,CB,69.34,13.33,0.0,1.41,1.0,<Residue GLU het=  resseq=119 icode= >,3kmp_B_A,2.7
880,24.794,GLU, ,CG,86.12,13.17,0.0,0.71,1.0,<Residue GLU het=  resseq=119 icode= >,3kmp_B_A,2.7
881,5.015,GLU, ,CD,96.34,12.13,0.0,1.08,1.0,<Residue GLU het=  resseq=119 icode= >,3kmp_B_A,2.7
882,0.0,GLU, ,OE1,99.72,11.91,0.0,0.60,1.0,<Residue GLU het=  resseq=119 icode= >,3kmp_B_A,2.7
883,17.228,GLU, ,OE2,92.62,11.54,0.0,0.72,1.0,<Residue GLU het=  resseq=119 icode= >,3kmp_B_A,2.7
884,0.0,VAL, ,N,62.47,11.92,0.0,2.02,1.0,<Residue VAL het=  resseq=120 icode= >,3kmp_B_A,2.7
885,0.0,VAL, ,CA,52.95,12.32,0.0,3.00,1.0,<Residue VAL het=  resseq=120 icode= >,3kmp_B_A,2.7
886,0.0,VAL, ,C,47.25,12.59,0.0,4.16,1.0,<Residue VAL het=  resseq=120 icode= >,3kmp_B_A,2.7
887,0.0,VAL, ,O,45.79,11.86,0.0,2.45,1.0,<Residue VAL het=  resseq=120 icode= >,3kmp_B_A,2.7
888,1.55,VAL, ,CB,39.05,11.44,0.0,2.61,1.0,<Residue VAL het=  resseq=120 icode= >,3kmp_B_A,2.7
889,0.357,VAL, ,CG1,47.43,10.03,0.0,0.98,1.0,<Residue VAL het=  resseq=120 icode= >,3kmp_B_A,2.7
890,0.0,VAL, ,CG2,47.47,12.19,0.0,0.47,1.0,<Residue VAL het=  resseq=120 icode= >,3kmp_B_A,2.7
891,0.0,CYS, ,N,47.81,13.78,0.0,3.18,1.0,<Residue CYS het=  resseq=121 icode= >,3kmp_B_A,2.7
892,0.0,CYS, ,CA,49.9,14.35,0.0,3.04,1.0,<Residue CYS het=  resseq=121 icode= >,3kmp_B_A,2.7
893,0.0,CYS, ,C,53.3,13.99,0.0,3.17,1.0,<Residue CYS het=  resseq=121 icode= >,3kmp_B_A,2.7
894,0.0,CYS, ,O,48.28,14.04,0.0,2.08,1.0,<Residue CYS het=  resseq=121 icode= >,3kmp_B_A,2.7
895,0.0,CYS, ,CB,49.83,15.87,0.0,2.67,1.0,<Residue CYS het=  resseq=121 icode= >,3kmp_B_A,2.7
896,0.0,CYS, ,SG,62.81,16.79,0.0,3.81,1.0,<Residue CYS het=  resseq=121 icode= >,3kmp_B_A,2.7
897,0.0,ILE, ,N,37.57,13.84,0.0,3.03,1.0,<Residue ILE het=  resseq=122 icode= >,3kmp_B_A,2.7
898,0.0,ILE, ,CA,36.55,13.67,0.0,3.62,1.0,<Residue ILE het=  resseq=122 icode= >,3kmp_B_A,2.7
899,0.252,ILE, ,C,53.27,14.91,0.0,3.40,1.0,<Residue ILE het=  resseq=122 icode= >,3kmp_B_A,2.7
900,0.263,ILE, ,O,50.95,15.08,0.0,1.25,1.0,<Residue ILE het=  resseq=122 icode= >,3kmp_B_A,2.7
901,0.0,ILE, ,CB,35.58,12.34,0.0,3.14,1.0,<Residue ILE het=  resseq=122 icode= >,3kmp_B_A,2.7
902,0.0,ILE, ,CG1,38.44,12.19,0.0,2.25,1.0,<Residue ILE het=  resseq=122 icode= >,3kmp_B_A,2.7
903,0.0,ILE, ,CG2,35.24,11.17,0.0,1.97,1.0,<Residue ILE het=  resseq=122 icode= >,3kmp_B_A,2.7
904,0.0,ILE, ,CD1,39.99,13.19,0.0,1.36,1.0,<Residue ILE het=  resseq=122 icode= >,3kmp_B_A,2.7
905,0.0,ASN, ,N,47.31,15.89,0.0,2.67,1.0,<Residue ASN het=  resseq=123 icode= >,3kmp_B_A,2.7
906,0.0,ASN, ,CA,43.21,17.23,0.0,3.10,1.0,<Residue ASN het=  resseq=123 icode= >,3kmp_B_A,2.7
907,0.0,ASN, ,C,53.26,17.80,0.0,3.57,1.0,<Residue ASN het=  resseq=123 icode= >,3kmp_B_A,2.7
908,0.0,ASN, ,O,50.44,18.15,0.0,2.14,1.0,<Residue ASN het=  resseq=123 icode= >,3kmp_B_A,2.7
909,0.0,ASN, ,CB,52.73,18.21,0.0,2.42,1.0,<Residue ASN het=  resseq=123 icode= >,3kmp_B_A,2.7
910,0.0,ASN, ,CG,54.5,19.58,0.0,2.88,1.0,<Residue ASN het=  resseq=123 icode= >,3kmp_B_A,2.7
911,0.0,ASN, ,OD1,61.72,20.06,0.0,1.40,1.0,<Residue ASN het=  resseq=123 icode= >,3kmp_B_A,2.7
912,0.0,ASN, ,ND2,56.23,20.31,0.0,1.17,1.0,<Residue ASN het=  resseq=123 icode= >,3kmp_B_A,2.7
913,0.0,PRO, ,N,46.09,18.04,0.0,3.25,1.0,<Residue PRO het=  resseq=124 icode= >,3kmp_B_A,2.7
914,0.0,PRO, ,CA,42.02,18.61,0.0,2.93,1.0,<Residue PRO het=  resseq=124 icode= >,3kmp_B_A,2.7
915,0.0,PRO, ,C,49.57,20.00,0.0,3.40,1.0,<Residue PRO het=  resseq=124 icode= >,3kmp_B_A,2.7
916,0.0,PRO, ,O,49.75,20.54,0.0,2.26,1.0,<Residue PRO het=  resseq=124 icode= >,3kmp_B_A,2.7
917,0.0,PRO, ,CB,39.55,18.79,0.0,2.53,1.0,<Residue PRO het=  resseq=124 icode= >,3kmp_B_A,2.7
918,0.0,PRO, ,CG,36.49,18.27,0.0,2.87,1.0,<Residue PRO het=  resseq=124 icode= >,3kmp_B_A,2.7
919,0.0,PRO, ,CD,39.57,18.08,0.0,2.37,1.0,<Residue PRO het=  resseq=124 icode= >,3kmp_B_A,2.7
920,0.0,TYR, ,N,46.42,1000.00,0.0,2.59,1.0,<Residue TYR het=  resseq=125 icode= >,3kmp_B_A,2.7
921,0.084,TYR, ,CA,51.76,1000.00,0.0,3.48,1.0,<Residue TYR het=  resseq=125 icode= >,3kmp_B_A,2.7
922,0.0,TYR, ,C,49.13,1000.00,0.0,3.59,1.0,<Residue TYR het=  resseq=125 icode= >,3kmp_B_A,2.7
923,8.159,TYR, ,O,61.83,1000.00,0.0,1.83,1.0,<Residue TYR het=  resseq=125 icode= >,3kmp_B_A,2.7
924,8.066,TYR, ,CB,43.39,1000.00,0.0,2.17,1.0,<Residue TYR het=  resseq=125 icode= >,3kmp_B_A,2.7
925,0.0,TYR, ,CG,61.16,1000.00,0.0,2.54,1.0,<Residue TYR het=  resseq=125 icode= >,3kmp_B_A,2.7
926,7.37,TYR, ,CD1,48.43,1000.00,0.0,1.90,1.0,<Residue TYR het=  resseq=125 icode= >,3kmp_B_A,2.7
927,0.0,TYR, ,CD2,69.96,1000.00,0.0,1.07,1.0,<Residue TYR het=  resseq=125 icode= >,3kmp_B_A,2.7
928,6.925,TYR, ,CE1,61.53,1000.00,0.0,1.83,1.0,<Residue TYR het=  resseq=125 icode= >,3kmp_B_A,2.7
929,0.0,TYR, ,CE2,64.67,1000.00,0.0,1.61,1.0,<Residue TYR het=  resseq=125 icode= >,3kmp_B_A,2.7
930,0.0,TYR, ,CZ,62.73,1000.00,0.0,2.97,1.0,<Residue TYR het=  resseq=125 icode= >,3kmp_B_A,2.7
931,18.65,TYR, ,OH,62.9,1000.00,0.0,1.50,1.0,<Residue TYR het=  resseq=125 icode= >,3kmp_B_A,2.7
932,0.0,HIS, ,N,55.12,1000.00,0.0,2.48,1.0,<Residue HIS het=  resseq=126 icode= >,3kmp_B_A,2.7
933,0.0,HIS, ,CA,58.36,1000.00,0.0,3.14,1.0,<Residue HIS het=  resseq=126 icode= >,3kmp_B_A,2.7
934,0.0,HIS, ,C,59.7,1000.00,0.0,3.81,1.0,<Residue HIS het=  resseq=126 icode= >,3kmp_B_A,2.7
935,0.0,HIS, ,O,52.55,1000.00,0.0,2.26,1.0,<Residue HIS het=  resseq=126 icode= >,3kmp_B_A,2.7
936,0.0,HIS, ,CB,43.99,1000.00,0.0,2.14,1.0,<Residue HIS het=  resseq=126 icode= >,3kmp_B_A,2.7
937,0.0,HIS, ,CG,60.01,1000.00,0.0,2.57,1.0,<Residue HIS het=  resseq=126 icode= >,3kmp_B_A,2.7
938,0.0,HIS, ,ND1,52.44,1000.00,0.0,4.10,1.0,<Residue HIS het=  resseq=126 icode= >,3kmp_B_A,2.7
939,1.914,HIS, ,CD2,50.19,1000.00,0.0,1.73,1.0,<Residue HIS het=  resseq=126 icode= >,3kmp_B_A,2.7
940,1.868,HIS, ,CE1,53.36,1000.00,0.0,1.70,1.0,<Residue HIS het=  resseq=126 icode= >,3kmp_B_A,2.7
941,0.219,HIS, ,NE2,49.82,1000.00,0.0,2.54,1.0,<Residue HIS het=  resseq=126 icode= >,3kmp_B_A,2.7
942,0.0,TYR, ,N,43.71,18.96,0.0,3.13,1.0,<Residue TYR het=  resseq=127 icode= >,3kmp_B_A,2.7
943,0.0,TYR, ,CA,62.83,17.89,0.0,2.59,1.0,<Residue TYR het=  resseq=127 icode= >,3kmp_B_A,2.7
944,0.0,TYR, ,C,59.6,18.30,0.0,3.24,1.0,<Residue TYR het=  resseq=127 icode= >,3kmp_B_A,2.7
945,1.989,TYR, ,O,45.75,19.25,0.0,2.63,1.0,<Residue TYR het=  resseq=127 icode= >,3kmp_B_A,2.7
946,0.0,TYR, ,CB,41.99,16.71,0.0,1.71,1.0,<Residue TYR het=  resseq=127 icode= >,3kmp_B_A,2.7
947,0.0,TYR, ,CG,57.0,16.05,0.0,2.52,1.0,<Residue TYR het=  resseq=127 icode= >,3kmp_B_A,2.7
948,0.045,TYR, ,CD1,55.91,15.00,0.0,2.18,1.0,<Residue TYR het=  resseq=127 icode= >,3kmp_B_A,2.7
949,0.01,TYR, ,CD2,42.2,16.60,0.0,1.90,1.0,<Residue TYR het=  resseq=127 icode= >,3kmp_B_A,2.7
950,1.262,TYR, ,CE1,43.82,14.53,0.0,2.21,1.0,<Residue TYR het=  resseq=127 icode= >,3kmp_B_A,2.7
951,0.125,TYR, ,CE2,53.33,16.18,0.0,1.67,1.0,<Residue TYR het=  resseq=127 icode= >,3kmp_B_A,2.7
952,0.0,TYR, ,CZ,49.19,15.15,0.0,2.99,1.0,<Residue TYR het=  resseq=127 icode= >,3kmp_B_A,2.7
953,0.0,TYR, ,OH,45.65,14.89,0.0,2.04,1.0,<Residue TYR het=  resseq=127 icode= >,3kmp_B_A,2.7
954,0.0,LYS, ,N,59.31,17.63,0.0,2.19,1.0,<Residue LYS het=  resseq=128 icode= >,3kmp_B_A,2.7
955,1.944,LYS, ,CA,53.51,17.99,0.0,2.52,1.0,<Residue LYS het=  resseq=128 icode= >,3kmp_B_A,2.7
956,0.0,LYS, ,C,53.21,16.81,0.0,4.15,1.0,<Residue LYS het=  resseq=128 icode= >,3kmp_B_A,2.7
957,0.0,LYS, ,O,53.57,15.66,0.0,2.88,1.0,<Residue LYS het=  resseq=128 icode= >,3kmp_B_A,2.7
958,16.897,LYS, ,CB,54.57,18.72,0.0,1.08,1.0,<Residue LYS het=  resseq=128 icode= >,3kmp_B_A,2.7
959,0.0,LYS, ,CG,57.36,18.00,0.0,0.91,1.0,<Residue LYS het=  resseq=128 icode= >,3kmp_B_A,2.7
960,19.993,LYS, ,CD,76.99,18.99,0.0,0.76,1.0,<Residue LYS het=  resseq=128 icode= >,3kmp_B_A,2.7
961,8.5,LYS, ,CE,74.18,18.52,0.0,0.97,1.0,<Residue LYS het=  resseq=128 icode= >,3kmp_B_A,2.7
962,40.381,LYS, ,NZ,71.89,19.71,0.0,0.84,1.0,<Residue LYS het=  resseq=128 icode= >,3kmp_B_A,2.7
963,4.117,ARG, ,N,55.91,17.17,0.0,2.53,1.0,<Residue ARG het=  resseq=129 icode= >,3kmp_B_A,2.7
964,0.0,ARG, ,CA,61.23,16.23,0.0,2.47,1.0,<Residue ARG het=  resseq=129 icode= >,3kmp_B_A,2.7
965,0.773,ARG, ,C,58.68,16.14,0.0,3.27,1.0,<Residue ARG het=  resseq=129 icode= >,3kmp_B_A,2.7
966,23.246,ARG, ,O,58.22,17.19,0.0,2.29,1.0,<Residue ARG het=  resseq=129 icode= >,3kmp_B_A,2.7
967,7.623,ARG, ,CB,43.39,16.77,0.0,1.60,1.0,<Residue ARG het=  resseq=129 icode= >,3kmp_B_A,2.7
968,1.181,ARG, ,CG,52.9,15.86,0.0,1.55,1.0,<Residue ARG het=  resseq=129 icode= >,3kmp_B_A,2.7
969,14.377,ARG, ,CD,47.26,16.15,0.0,1.46,1.0,<Residue ARG het=  resseq=129 icode= >,3kmp_B_A,2.7
970,2.434,ARG, ,NE,59.5,15.05,0.0,1.78,1.0,<Residue ARG het=  resseq=129 icode= >,3kmp_B_A,2.7
971,4.332,ARG, ,CZ,55.66,15.09,0.0,3.18,1.0,<Residue ARG het=  resseq=129 icode= >,3kmp_B_A,2.7
972,18.997,ARG, ,NH1,59.05,16.17,0.0,1.20,1.0,<Residue ARG het=  resseq=129 icode= >,3kmp_B_A,2.7
973,9.245,ARG, ,NH2,46.34,14.15,0.0,1.82,1.0,<Residue ARG het=  resseq=129 icode= >,3kmp_B_A,2.7
974,0.0,VAL, ,N,58.69,14.98,0.0,3.04,1.0,<Residue VAL het=  resseq=130 icode= >,3kmp_B_A,2.7
975,7.908,VAL, ,CA,57.81,14.93,0.0,3.42,1.0,<Residue VAL het=  resseq=130 icode= >,3kmp_B_A,2.7
976,0.934,VAL, ,C,70.17,14.17,0.0,3.14,1.0,<Residue VAL het=  resseq=130 icode= >,3kmp_B_A,2.7
977,0.811,VAL, ,O,69.34,13.67,0.0,1.78,1.0,<Residue VAL het=  resseq=130 icode= >,3kmp_B_A,2.7
978,9.326,VAL, ,CB,58.85,14.46,0.0,2.23,1.0,<Residue VAL het=  resseq=130 icode= >,3kmp_B_A,2.7
979,10.351,VAL, ,CG1,58.63,15.26,0.0,1.12,1.0,<Residue VAL het=  resseq=130 icode= >,3kmp_B_A,2.7
980,7.955,VAL, ,CG2,57.55,12.96,0.0,1.56,1.0,<Residue VAL het=  resseq=130 icode= >,3kmp_B_A,2.7
981,4.34,GLU, ,N,77.94,14.27,0.0,2.62,1.0,<Residue GLU het=  resseq=131 icode= >,3kmp_B_A,2.7
982,0.0,GLU, ,CA,87.88,13.69,0.0,2.73,1.0,<Residue GLU het=  resseq=131 icode= >,3kmp_B_A,2.7
983,2.471,GLU, ,C,99.83,12.39,0.0,2.89,1.0,<Residue GLU het=  resseq=131 icode= >,3kmp_B_A,2.7
984,9.749,GLU, ,O,115.45,11.95,0.0,0.90,1.0,<Residue GLU het=  resseq=131 icode= >,3kmp_B_A,2.7
985,26.453,GLU, ,CB,94.83,14.76,0.0,1.54,1.0,<Residue GLU het=  resseq=131 icode= >,3kmp_B_A,2.7
986,36.967,GLU, ,CG,100.94,16.06,0.0,1.27,1.0,<Residue GLU het=  resseq=131 icode= >,3kmp_B_A,2.7
987,8.477,GLU, ,CD,118.54,15.95,0.0,1.08,1.0,<Residue GLU het=  resseq=131 icode= >,3kmp_B_A,2.7
988,16.623,GLU, ,OE1,128.78,14.98,0.0,0.84,1.0,<Residue GLU het=  resseq=131 icode= >,3kmp_B_A,2.7
989,40.141,GLU, ,OE2,118.01,16.93,0.0,0.53,1.0,<Residue GLU het=  resseq=131 icode= >,3kmp_B_A,2.7
990,2.638,SER, ,N,110.02,11.89,0.0,2.40,1.0,<Residue SER het=  resseq=132 icode= >,3kmp_B_A,2.7
991,6.75,SER, ,CA,115.25,10.68,0.0,1.72,1.0,<Residue SER het=  resseq=132 icode= >,3kmp_B_A,2.7
992,37.126,SER, ,C,107.92,11.07,0.0,1.29,1.0,<Residue SER het=  resseq=132 icode= >,3kmp_B_A,2.7
993,37.989,SER, ,O,103.69,10.33,0.0,1.51,1.0,<Residue SER het=  resseq=132 icode= >,3kmp_B_A,2.7
994,19.142,SER, ,CB,123.04,9.63,0.0,0.62,1.0,<Residue SER het=  resseq=132 icode= >,3kmp_B_A,2.7
995,22.807,SER, ,OG,123.06,10.39,0.0,0.27,1.0,<Residue SER het=  resseq=132 icode= >,3kmp_B_A,2.7
