,ASA,aa,altloc,atom,bfac,d2r,dASA,dens,occ,residue,id,resolu
0,45.887,MET, ,N,55.3,14.82,0.0,1.56,1.0,<Residue MET het=  resseq=5 icode= >,3kxt_A_A,1.602
1,10.906,MET, ,CA,48.14,14.55,0.0,2.43,1.0,<Residue MET het=  resseq=5 icode= >,3kxt_A_A,1.602
2,2.296,MET, ,C,40.76,15.48,0.0,3.89,1.0,<Residue MET het=  resseq=5 icode= >,3kxt_A_A,1.602
3,9.216,MET, ,O,38.27,15.77,0.0,2.96,1.0,<Residue MET het=  resseq=5 icode= >,3kxt_A_A,1.602
4,1.574,MET, ,CB,44.58,13.10,0.0,2.29,1.0,<Residue MET het=  resseq=5 icode= >,3kxt_A_A,1.602
5,28.198,MET, ,CG,43.67,12.25,0.0,2.49,1.0,<Residue MET het=  resseq=5 icode= >,3kxt_A_A,1.602
6,7.193,MET, ,SD,49.36,11.00,0.0,4.36,1.0,<Residue MET het=  resseq=5 icode= >,3kxt_A_A,1.602
7,22.019,MET, ,CE,42.7,9.73,0.0,1.23,1.0,<Residue MET het=  resseq=5 icode= >,3kxt_A_A,1.602
8,1.678,LYS, ,N,37.05,16.06,0.0,3.83,1.0,<Residue LYS het=  resseq=6 icode= >,3kxt_A_A,1.602
9,0.136,LYS, ,CA,36.51,16.74,0.0,2.58,1.0,<Residue LYS het=  resseq=6 icode= >,3kxt_A_A,1.602
10,0.0,LYS, ,C,33.52,15.55,0.0,4.16,1.0,<Residue LYS het=  resseq=6 icode= >,3kxt_A_A,1.602
11,0.0,LYS, ,O,33.54,14.53,0.0,3.78,1.0,<Residue LYS het=  resseq=6 icode= >,3kxt_A_A,1.602
12,10.161,LYS, ,CB,42.36,16.70,0.0,1.94,1.0,<Residue LYS het=  resseq=6 icode= >,3kxt_A_A,1.602
13,24.078,LYS, ,CG,51.12,18.06,0.0,0.71,1.0,<Residue LYS het=  resseq=6 icode= >,3kxt_A_A,1.602
14,15.983,LYS, ,CD,59.49,19.12,0.0,0.82,1.0,<Residue LYS het=  resseq=6 icode= >,3kxt_A_A,1.602
15,45.506,LYS, ,CE,62.37,20.46,0.0,0.77,1.0,<Residue LYS het=  resseq=6 icode= >,3kxt_A_A,1.602
16,48.063,LYS, ,NZ,68.87,21.48,0.0,0.48,1.0,<Residue LYS het=  resseq=6 icode= >,3kxt_A_A,1.602
17,0.0,PRO, ,N,31.7,15.76,0.0,4.07,1.0,<Residue PRO het=  resseq=7 icode= >,3kxt_A_A,1.602
18,0.0,PRO, ,CA,30.47,14.74,0.0,3.50,1.0,<Residue PRO het=  resseq=7 icode= >,3kxt_A_A,1.602
19,0.304,PRO, ,C,33.74,13.59,0.0,3.80,1.0,<Residue PRO het=  resseq=7 icode= >,3kxt_A_A,1.602
20,18.991,PRO, ,O,38.15,13.87,0.0,3.25,1.0,<Residue PRO het=  resseq=7 icode= >,3kxt_A_A,1.602
21,3.084,PRO, ,CB,34.75,15.61,0.0,2.28,1.0,<Residue PRO het=  resseq=7 icode= >,3kxt_A_A,1.602
22,30.818,PRO, ,CG,37.97,17.02,0.0,2.01,1.0,<Residue PRO het=  resseq=7 icode= >,3kxt_A_A,1.602
23,18.376,PRO, ,CD,37.93,17.07,0.0,1.98,1.0,<Residue PRO het=  resseq=7 icode= >,3kxt_A_A,1.602
24,0.0,VAL, ,N,29.91,12.45,0.0,3.92,1.0,<Residue VAL het=  resseq=8 icode= >,3kxt_A_A,1.602
25,3.451,VAL, ,CA,32.06,11.28,0.0,3.32,1.0,<Residue VAL het=  resseq=8 icode= >,3kxt_A_A,1.602
26,0.0,VAL, ,C,35.58,10.96,0.0,3.75,1.0,<Residue VAL het=  resseq=8 icode= >,3kxt_A_A,1.602
27,0.0,VAL, ,O,31.11,11.01,0.0,3.96,1.0,<Residue VAL het=  resseq=8 icode= >,3kxt_A_A,1.602
28,0.0,VAL, ,CB,32.49,10.12,0.0,3.08,1.0,<Residue VAL het=  resseq=8 icode= >,3kxt_A_A,1.602
29,3.658,VAL, ,CG1,36.12,8.94,0.0,1.76,1.0,<Residue VAL het=  resseq=8 icode= >,3kxt_A_A,1.602
30,0.623,VAL, ,CG2,29.84,10.74,0.0,3.35,1.0,<Residue VAL het=  resseq=8 icode= >,3kxt_A_A,1.602
31,7.136,LYS, ,N,34.01,10.87,0.0,3.56,1.0,<Residue LYS het=  resseq=9 icode= >,3kxt_A_A,1.602
32,0.0,LYS, ,CA,35.26,10.74,0.0,3.30,1.0,<Residue LYS het=  resseq=9 icode= >,3kxt_A_A,1.602
33,0.789,LYS, ,C,37.21,9.31,0.0,3.66,1.0,<Residue LYS het=  resseq=9 icode= >,3kxt_A_A,1.602
34,14.844,LYS, ,O,37.07,8.44,0.0,3.36,1.0,<Residue LYS het=  resseq=9 icode= >,3kxt_A_A,1.602
35,12.491,LYS, ,CB,47.51,11.41,0.0,1.44,1.0,<Residue LYS het=  resseq=9 icode= >,3kxt_A_A,1.602
36,2.453,LYS, ,CG,67.02,12.05,0.0,0.39,1.0,<Residue LYS het=  resseq=9 icode= >,3kxt_A_A,1.602
37,28.437,LYS, ,CD,79.64,13.05,0.0,0.29,1.0,<Residue LYS het=  resseq=9 icode= >,3kxt_A_A,1.602
38,42.418,LYS, ,CE,83.6,12.51,0.0,0.55,1.0,<Residue LYS het=  resseq=9 icode= >,3kxt_A_A,1.602
39,37.675,LYS, ,NZ,85.79,11.72,0.0,0.55,1.0,<Residue LYS het=  resseq=9 icode= >,3kxt_A_A,1.602
40,0.0,VAL, ,N,31.97,9.20,0.0,3.92,1.0,<Residue VAL het=  resseq=10 icode= >,3kxt_A_A,1.602
41,1.597,VAL, ,CA,28.54,8.02,0.0,3.84,1.0,<Residue VAL het=  resseq=10 icode= >,3kxt_A_A,1.602
42,2.53,VAL, ,C,33.54,8.51,0.0,3.65,1.0,<Residue VAL het=  resseq=10 icode= >,3kxt_A_A,1.602
43,0.0,VAL, ,O,37.95,9.73,0.0,2.69,1.0,<Residue VAL het=  resseq=10 icode= >,3kxt_A_A,1.602
44,0.0,VAL, ,CB,28.36,7.69,0.0,3.62,1.0,<Residue VAL het=  resseq=10 icode= >,3kxt_A_A,1.602
45,0.0,VAL, ,CG1,33.52,7.55,0.0,2.35,1.0,<Residue VAL het=  resseq=10 icode= >,3kxt_A_A,1.602
46,0.0,VAL, ,CG2,29.63,8.96,0.0,3.16,1.0,<Residue VAL het=  resseq=10 icode= >,3kxt_A_A,1.602
47,1.817,LYS, ,N,37.52,7.73,0.0,3.06,1.0,<Residue LYS het=  resseq=11 icode= >,3kxt_A_A,1.602
48,0.0,LYS, ,CA,42.38,8.46,0.0,3.44,1.0,<Residue LYS het=  resseq=11 icode= >,3kxt_A_A,1.602
49,0.0,LYS, ,C,44.49,8.35,0.0,3.60,1.0,<Residue LYS het=  resseq=11 icode= >,3kxt_A_A,1.602
50,5.805,LYS, ,O,41.19,7.34,0.0,2.94,1.0,<Residue LYS het=  resseq=11 icode= >,3kxt_A_A,1.602
51,9.997,LYS, ,CB,52.49,8.18,0.0,1.84,1.0,<Residue LYS het=  resseq=11 icode= >,3kxt_A_A,1.602
52,0.0,LYS, ,CG,70.04,9.38,0.0,0.35,1.0,<Residue LYS het=  resseq=11 icode= >,3kxt_A_A,1.602
53,23.986,LYS, ,CD,81.62,9.31,0.0,0.13,1.0,<Residue LYS het=  resseq=11 icode= >,3kxt_A_A,1.602
54,31.537,LYS, ,CE,87.41,9.11,0.0,-0.00,1.0,<Residue LYS het=  resseq=11 icode= >,3kxt_A_A,1.602
55,48.98,LYS, ,NZ,91.62,9.37,0.0,0.15,1.0,<Residue LYS het=  resseq=11 icode= >,3kxt_A_A,1.602
56,0.0,THR, ,N,36.59,9.57,0.0,3.87,1.0,<Residue THR het=  resseq=12 icode= >,3kxt_A_A,1.602
57,0.0,THR, ,CA,39.38,9.45,0.0,3.00,1.0,<Residue THR het=  resseq=12 icode= >,3kxt_A_A,1.602
58,1.092,THR, ,C,38.54,8.61,0.0,3.22,1.0,<Residue THR het=  resseq=12 icode= >,3kxt_A_A,1.602
59,3.623,THR, ,O,47.33,8.67,0.0,2.35,1.0,<Residue THR het=  resseq=12 icode= >,3kxt_A_A,1.602
60,0.0,THR, ,CB,42.89,10.76,0.0,3.01,1.0,<Residue THR het=  resseq=12 icode= >,3kxt_A_A,1.602
61,0.236,THR, ,OG1,49.0,11.43,0.0,1.73,1.0,<Residue THR het=  resseq=12 icode= >,3kxt_A_A,1.602
62,2.614,THR, ,CG2,46.6,11.55,0.0,2.04,1.0,<Residue THR het=  resseq=12 icode= >,3kxt_A_A,1.602
63,0.28,PRO, ,N,48.26,8.09,0.0,3.28,1.0,<Residue PRO het=  resseq=13 icode= >,3kxt_A_A,1.602
64,13.464,PRO, ,CA,55.6,7.58,0.0,2.54,1.0,<Residue PRO het=  resseq=13 icode= >,3kxt_A_A,1.602
65,1.435,PRO, ,C,64.05,8.78,0.0,2.14,1.0,<Residue PRO het=  resseq=13 icode= >,3kxt_A_A,1.602
66,28.748,PRO, ,O,65.17,8.76,0.0,2.11,1.0,<Residue PRO het=  resseq=13 icode= >,3kxt_A_A,1.602
67,23.846,PRO, ,CB,54.73,7.41,0.0,1.44,1.0,<Residue PRO het=  resseq=13 icode= >,3kxt_A_A,1.602
68,8.192,PRO, ,CG,54.35,7.32,0.0,1.25,1.0,<Residue PRO het=  resseq=13 icode= >,3kxt_A_A,1.602
69,0.299,PRO, ,CD,45.71,8.17,0.0,2.34,1.0,<Residue PRO het=  resseq=13 icode= >,3kxt_A_A,1.602
70,1.181,ALA, ,N,65.88,9.97,0.0,1.80,1.0,<Residue ALA het=  resseq=14 icode= >,3kxt_A_A,1.602
71,12.192,ALA, ,CA,67.99,11.21,0.0,1.56,1.0,<Residue ALA het=  resseq=14 icode= >,3kxt_A_A,1.602
72,1.106,ALA, ,C,68.35,11.49,0.0,1.70,1.0,<Residue ALA het=  resseq=14 icode= >,3kxt_A_A,1.602
73,26.823,ALA, ,O,83.78,12.38,0.0,0.92,1.0,<Residue ALA het=  resseq=14 icode= >,3kxt_A_A,1.602
74,12.617,ALA, ,CB,68.24,12.41,0.0,0.86,1.0,<Residue ALA het=  resseq=14 icode= >,3kxt_A_A,1.602
75,0.0,GLY, ,N,59.5,10.91,0.0,1.82,1.0,<Residue GLY het=  resseq=15 icode= >,3kxt_A_A,1.602
76,20.369,GLY, ,CA,59.7,11.26,0.0,1.81,1.0,<Residue GLY het=  resseq=15 icode= >,3kxt_A_A,1.602
77,0.766,GLY, ,C,58.44,12.35,0.0,2.32,1.0,<Residue GLY het=  resseq=15 icode= >,3kxt_A_A,1.602
78,21.569,GLY, ,O,61.05,13.12,0.0,1.80,1.0,<Residue GLY het=  resseq=15 icode= >,3kxt_A_A,1.602
79,0.0,LYS, ,N,54.7,12.56,0.0,2.31,1.0,<Residue LYS het=  resseq=16 icode= >,3kxt_A_A,1.602
80,2.854,LYS, ,CA,55.24,13.70,0.0,2.37,1.0,<Residue LYS het=  resseq=16 icode= >,3kxt_A_A,1.602
81,0.0,LYS, ,C,48.81,12.77,0.0,2.40,1.0,<Residue LYS het=  resseq=16 icode= >,3kxt_A_A,1.602
82,0.0,LYS, ,O,52.99,11.84,0.0,1.38,1.0,<Residue LYS het=  resseq=16 icode= >,3kxt_A_A,1.602
83,14.357,LYS, ,CB,63.62,14.66,0.0,1.56,1.0,<Residue LYS het=  resseq=16 icode= >,3kxt_A_A,1.602
84,17.932,LYS, ,CG,78.61,15.11,0.0,0.39,1.0,<Residue LYS het=  resseq=16 icode= >,3kxt_A_A,1.602
85,6.706,LYS, ,CD,84.21,15.57,0.0,-0.05,1.0,<Residue LYS het=  resseq=16 icode= >,3kxt_A_A,1.602
86,34.273,LYS, ,CE,94.39,16.17,0.0,0.67,1.0,<Residue LYS het=  resseq=16 icode= >,3kxt_A_A,1.602
87,23.052,LYS, ,NZ,99.37,16.75,0.0,0.11,1.0,<Residue LYS het=  resseq=16 icode= >,3kxt_A_A,1.602
88,1.812,GLU, ,N,47.4,13.15,0.0,2.91,1.0,<Residue GLU het=  resseq=17 icode= >,3kxt_A_A,1.602
89,0.0,GLU, ,CA,42.01,12.56,0.0,3.40,1.0,<Residue GLU het=  resseq=17 icode= >,3kxt_A_A,1.602
90,1.565,GLU, ,C,47.18,13.30,0.0,2.81,1.0,<Residue GLU het=  resseq=17 icode= >,3kxt_A_A,1.602
91,25.426,GLU, ,O,49.14,14.52,0.0,2.28,1.0,<Residue GLU het=  resseq=17 icode= >,3kxt_A_A,1.602
92,14.954,GLU, ,CB,60.37,12.89,0.0,1.67,1.0,<Residue GLU het=  resseq=17 icode= >,3kxt_A_A,1.602
93,21.935,GLU, ,CG,90.01,12.35,0.0,0.19,1.0,<Residue GLU het=  resseq=17 icode= >,3kxt_A_A,1.602
94,7.933,GLU, ,CD,115.91,13.15,0.0,-0.37,1.0,<Residue GLU het=  resseq=17 icode= >,3kxt_A_A,1.602
95,30.805,GLU, ,OE1,123.87,14.36,0.0,0.04,1.0,<Residue GLU het=  resseq=17 icode= >,3kxt_A_A,1.602
96,16.984,GLU, ,OE2,123.34,12.66,0.0,-0.04,1.0,<Residue GLU het=  resseq=17 icode= >,3kxt_A_A,1.602
97,0.0,ALA, ,N,38.85,12.66,0.0,3.09,1.0,<Residue ALA het=  resseq=18 icode= >,3kxt_A_A,1.602
98,8.484,ALA, ,CA,38.74,13.47,0.0,3.11,1.0,<Residue ALA het=  resseq=18 icode= >,3kxt_A_A,1.602
99,0.167,ALA, ,C,32.19,12.98,0.0,4.09,1.0,<Residue ALA het=  resseq=18 icode= >,3kxt_A_A,1.602
100,0.0,ALA, ,O,33.74,11.80,0.0,3.29,1.0,<Residue ALA het=  resseq=18 icode= >,3kxt_A_A,1.602
101,16.627,ALA, ,CB,39.06,13.58,0.0,1.62,1.0,<Residue ALA het=  resseq=18 icode= >,3kxt_A_A,1.602
102,7.8,GLU, ,N,36.53,13.99,0.0,3.54,1.0,<Residue GLU het=  resseq=19 icode= >,3kxt_A_A,1.602
103,0.0,GLU, ,CA,32.85,13.89,0.0,2.80,1.0,<Residue GLU het=  resseq=19 icode= >,3kxt_A_A,1.602
104,0.0,GLU, ,C,29.68,14.14,0.0,3.62,1.0,<Residue GLU het=  resseq=19 icode= >,3kxt_A_A,1.602
105,21.315,GLU, ,O,31.48,15.28,0.0,3.88,1.0,<Residue GLU het=  resseq=19 icode= >,3kxt_A_A,1.602
106,9.299,GLU, ,CB,37.24,15.03,0.0,2.45,1.0,<Residue GLU het=  resseq=19 icode= >,3kxt_A_A,1.602
107,8.925,GLU, ,CG,52.51,14.90,0.0,1.45,1.0,<Residue GLU het=  resseq=19 icode= >,3kxt_A_A,1.602
108,12.989,GLU, ,CD,63.04,16.07,0.0,1.62,1.0,<Residue GLU het=  resseq=19 icode= >,3kxt_A_A,1.602
109,33.053,GLU, ,OE1,56.27,17.10,0.0,1.73,1.0,<Residue GLU het=  resseq=19 icode= >,3kxt_A_A,1.602
110,34.487,GLU, ,OE2,72.55,16.05,0.0,0.45,1.0,<Residue GLU het=  resseq=19 icode= >,3kxt_A_A,1.602
111,0.0,LEU, ,N,25.84,13.18,0.0,4.57,1.0,<Residue LEU het=  resseq=20 icode= >,3kxt_A_A,1.602
112,1.66,LEU, ,CA,23.48,13.45,0.0,4.01,1.0,<Residue LEU het=  resseq=20 icode= >,3kxt_A_A,1.602
113,0.0,LEU, ,C,24.64,13.38,0.0,4.38,1.0,<Residue LEU het=  resseq=20 icode= >,3kxt_A_A,1.602
114,0.0,LEU, ,O,25.64,12.51,0.0,5.27,1.0,<Residue LEU het=  resseq=20 icode= >,3kxt_A_A,1.602
115,1.776,LEU, ,CB,22.19,12.59,0.0,3.39,1.0,<Residue LEU het=  resseq=20 icode= >,3kxt_A_A,1.602
116,0.0,LEU, ,CG,23.79,12.83,0.0,3.70,1.0,<Residue LEU het=  resseq=20 icode= >,3kxt_A_A,1.602
117,0.428,LEU, ,CD1,27.2,12.12,0.0,3.10,1.0,<Residue LEU het=  resseq=20 icode= >,3kxt_A_A,1.602
118,21.003,LEU, ,CD2,27.89,14.28,0.0,2.60,1.0,<Residue LEU het=  resseq=20 icode= >,3kxt_A_A,1.602
119,4.983,VAL, ,N,23.55,14.38,0.0,4.92,1.0,<Residue VAL het=  resseq=21 icode= >,3kxt_A_A,1.602
120,0.0,VAL, ,CA,22.42,14.23,0.0,4.19,1.0,<Residue VAL het=  resseq=21 icode= >,3kxt_A_A,1.602
121,0.0,VAL, ,C,21.95,12.75,0.0,4.49,1.0,<Residue VAL het=  resseq=21 icode= >,3kxt_A_A,1.602
122,16.646,VAL, ,O,23.73,12.01,0.0,4.95,1.0,<Residue VAL het=  resseq=21 icode= >,3kxt_A_A,1.602
123,10.264,VAL, ,CB,25.27,14.43,0.0,3.99,1.0,<Residue VAL het=  resseq=21 icode= >,3kxt_A_A,1.602
124,20.886,VAL, ,CG1,30.13,13.80,0.0,2.82,1.0,<Residue VAL het=  resseq=21 icode= >,3kxt_A_A,1.602
125,30.952,VAL, ,CG2,28.2,15.94,0.0,3.20,1.0,<Residue VAL het=  resseq=21 icode= >,3kxt_A_A,1.602
126,0.0,PRO, ,N,22.53,12.13,0.0,5.08,1.0,<Residue PRO het=  resseq=22 icode= >,3kxt_A_A,1.602
127,0.0,PRO, ,CA,24.43,10.69,0.0,4.39,1.0,<Residue PRO het=  resseq=22 icode= >,3kxt_A_A,1.602
128,0.37,PRO, ,C,25.0,9.95,0.0,5.17,1.0,<Residue PRO het=  resseq=22 icode= >,3kxt_A_A,1.602
129,4.248,PRO, ,O,26.54,10.26,0.0,4.57,1.0,<Residue PRO het=  resseq=22 icode= >,3kxt_A_A,1.602
130,0.0,PRO, ,CB,24.33,10.42,0.0,3.20,1.0,<Residue PRO het=  resseq=22 icode= >,3kxt_A_A,1.602
131,0.0,PRO, ,CG,28.05,11.48,0.0,2.96,1.0,<Residue PRO het=  resseq=22 icode= >,3kxt_A_A,1.602
132,0.0,PRO, ,CD,26.65,12.68,0.0,3.39,1.0,<Residue PRO het=  resseq=22 icode= >,3kxt_A_A,1.602
133,1.055,GLU, ,N,22.29,8.86,0.0,4.86,1.0,<Residue GLU het=  resseq=23 icode= >,3kxt_A_A,1.602
134,9.711,GLU, ,CA,24.21,8.03,0.0,3.96,1.0,<Residue GLU het=  resseq=23 icode= >,3kxt_A_A,1.602
135,0.0,GLU, ,C,25.38,7.12,0.0,3.95,1.0,<Residue GLU het=  resseq=23 icode= >,3kxt_A_A,1.602
136,20.295,GLU, ,O,27.58,6.81,0.0,4.34,1.0,<Residue GLU het=  resseq=23 icode= >,3kxt_A_A,1.602
137,7.887,GLU, ,CB,28.52,6.74,0.0,3.24,1.0,<Residue GLU het=  resseq=23 icode= >,3kxt_A_A,1.602
138,19.115,GLU, ,CG,38.94,5.84,0.434,1.47,1.0,<Residue GLU het=  resseq=23 icode= >,3kxt_A_A,1.602
139,7.585,GLU, ,CD,37.3,4.89,0.0,2.87,1.0,<Residue GLU het=  resseq=23 icode= >,3kxt_A_A,1.602
140,34.113,GLU, ,OE1,44.08,4.07,9.203,2.11,1.0,<Residue GLU het=  resseq=23 icode= >,3kxt_A_A,1.602
141,7.932,GLU, ,OE2,33.52,5.32,0.0,3.18,1.0,<Residue GLU het=  resseq=23 icode= >,3kxt_A_A,1.602
142,0.0,LYS, ,N,23.24,6.77,0.0,4.72,1.0,<Residue LYS het=  resseq=24 icode= >,3kxt_A_A,1.602
143,0.899,LYS, ,CA,24.2,5.87,0.0,3.52,1.0,<Residue LYS het=  resseq=24 icode= >,3kxt_A_A,1.602
144,0.0,LYS, ,C,21.51,6.64,0.0,4.99,1.0,<Residue LYS het=  resseq=24 icode= >,3kxt_A_A,1.602
145,0.0,LYS, ,O,22.64,7.18,0.0,5.44,1.0,<Residue LYS het=  resseq=24 icode= >,3kxt_A_A,1.602
146,5.652,LYS, ,CB,26.33,4.45,3.367,3.29,1.0,<Residue LYS het=  resseq=24 icode= >,3kxt_A_A,1.602
147,9.243,LYS, ,CG,32.96,3.65,9.243,2.05,1.0,<Residue LYS het=  resseq=24 icode= >,3kxt_A_A,1.602
148,24.206,LYS, ,CD,35.03,3.53,5.943,1.95,1.0,<Residue LYS het=  resseq=24 icode= >,3kxt_A_A,1.602
149,26.315,LYS, ,CE,38.56,3.56,24.24,2.35,1.0,<Residue LYS het=  resseq=24 icode= >,3kxt_A_A,1.602
150,47.092,LYS, ,NZ,45.18,4.41,2.513,1.70,1.0,<Residue LYS het=  resseq=24 icode= >,3kxt_A_A,1.602
151,0.954,VAL, ,N,23.39,6.92,0.0,4.75,1.0,<Residue VAL het=  resseq=25 icode= >,3kxt_A_A,1.602
152,0.0,VAL, ,CA,23.83,7.08,0.0,4.58,1.0,<Residue VAL het=  resseq=25 icode= >,3kxt_A_A,1.602
153,0.0,VAL, ,C,25.12,6.08,0.0,4.44,1.0,<Residue VAL het=  resseq=25 icode= >,3kxt_A_A,1.602
154,6.019,VAL, ,O,25.79,5.70,0.0,4.77,1.0,<Residue VAL het=  resseq=25 icode= >,3kxt_A_A,1.602
155,0.0,VAL, ,CB,27.68,8.49,0.0,3.67,1.0,<Residue VAL het=  resseq=25 icode= >,3kxt_A_A,1.602
156,0.0,VAL, ,CG1,25.7,9.58,0.0,2.54,1.0,<Residue VAL het=  resseq=25 icode= >,3kxt_A_A,1.602
157,6.453,VAL, ,CG2,28.77,8.85,0.0,2.43,1.0,<Residue VAL het=  resseq=25 icode= >,3kxt_A_A,1.602
158,0.0,TRP, ,N,23.83,5.96,0.0,4.16,1.0,<Residue TRP het=  resseq=26 icode= >,3kxt_A_A,1.602
159,0.104,TRP, ,CA,25.2,5.43,0.0,3.64,1.0,<Residue TRP het=  resseq=26 icode= >,3kxt_A_A,1.602
160,0.0,TRP, ,C,24.83,6.27,0.0,4.25,1.0,<Residue TRP het=  resseq=26 icode= >,3kxt_A_A,1.602
161,0.0,TRP, ,O,25.4,6.75,0.0,4.83,1.0,<Residue TRP het=  resseq=26 icode= >,3kxt_A_A,1.602
162,19.302,TRP, ,CB,25.64,3.90,11.586,3.58,1.0,<Residue TRP het=  resseq=26 icode= >,3kxt_A_A,1.602
163,1.916,TRP, ,CG,22.43,3.59,1.916,4.51,1.0,<Residue TRP het=  resseq=26 icode= >,3kxt_A_A,1.602
164,12.182,TRP, ,CD1,25.87,3.73,12.182,3.87,1.0,<Residue TRP het=  resseq=26 icode= >,3kxt_A_A,1.602
165,2.345,TRP, ,CD2,22.13,3.54,2.345,3.99,1.0,<Residue TRP het=  resseq=26 icode= >,3kxt_A_A,1.602
166,11.683,TRP, ,NE1,22.85,2.94,11.683,4.71,1.0,<Residue TRP het=  resseq=26 icode= >,3kxt_A_A,1.602
167,3.185,TRP, ,CE2,24.19,3.38,3.185,3.82,1.0,<Residue TRP het=  resseq=26 icode= >,3kxt_A_A,1.602
168,0.965,TRP, ,CE3,22.25,3.86,0.965,3.13,1.0,<Residue TRP het=  resseq=26 icode= >,3kxt_A_A,1.602
169,11.99,TRP, ,CZ2,23.68,3.45,11.99,3.43,1.0,<Residue TRP het=  resseq=26 icode= >,3kxt_A_A,1.602
170,2.488,TRP, ,CZ3,23.17,4.24,2.488,4.02,1.0,<Residue TRP het=  resseq=26 icode= >,3kxt_A_A,1.602
171,2.813,TRP, ,CH2,21.89,4.02,2.813,4.17,1.0,<Residue TRP het=  resseq=26 icode= >,3kxt_A_A,1.602
172,3.21,ALA, ,N,26.17,5.97,0.0,3.72,1.0,<Residue ALA het=  resseq=27 icode= >,3kxt_A_A,1.602
173,0.0,ALA, ,CA,27.34,6.05,0.0,3.32,1.0,<Residue ALA het=  resseq=27 icode= >,3kxt_A_A,1.602
174,0.096,ALA, ,C,27.03,4.81,0.0,4.34,1.0,<Residue ALA het=  resseq=27 icode= >,3kxt_A_A,1.602
175,19.304,ALA, ,O,29.32,3.76,13.972,4.42,1.0,<Residue ALA het=  resseq=27 icode= >,3kxt_A_A,1.602
176,42.849,ALA, ,CB,33.31,6.65,0.0,1.80,1.0,<Residue ALA het=  resseq=27 icode= >,3kxt_A_A,1.602
177,0.0,LEU, ,N,27.19,5.24,0.0,4.05,1.0,<Residue LEU het=  resseq=28 icode= >,3kxt_A_A,1.602
178,0.609,LEU, ,CA,23.17,4.59,0.609,3.40,1.0,<Residue LEU het=  resseq=28 icode= >,3kxt_A_A,1.602
179,0.053,LEU, ,C,24.81,3.84,0.053,4.04,1.0,<Residue LEU het=  resseq=28 icode= >,3kxt_A_A,1.602
180,2.522,LEU, ,O,28.8,3.39,2.522,4.70,1.0,<Residue LEU het=  resseq=28 icode= >,3kxt_A_A,1.602
181,0.0,LEU, ,CB,23.77,4.52,0.0,3.69,1.0,<Residue LEU het=  resseq=28 icode= >,3kxt_A_A,1.602
182,6.521,LEU, ,CG,25.39,3.40,6.521,3.17,1.0,<Residue LEU het=  resseq=28 icode= >,3kxt_A_A,1.602
183,48.893,LEU, ,CD1,25.14,3.40,48.893,2.88,1.0,<Residue LEU het=  resseq=28 icode= >,3kxt_A_A,1.602
184,42.562,LEU, ,CD2,23.96,3.85,42.562,3.23,1.0,<Residue LEU het=  resseq=28 icode= >,3kxt_A_A,1.602
185,4.28,ALA, ,N,27.48,3.79,2.804,3.26,1.0,<Residue ALA het=  resseq=29 icode= >,3kxt_A_A,1.602
186,0.121,ALA, ,CA,28.72,3.93,0.121,2.76,1.0,<Residue ALA het=  resseq=29 icode= >,3kxt_A_A,1.602
187,2.445,ALA, ,C,32.52,3.54,2.445,3.88,1.0,<Residue ALA het=  resseq=29 icode= >,3kxt_A_A,1.602
188,24.224,ALA, ,O,29.74,3.33,14.397,4.09,1.0,<Residue ALA het=  resseq=29 icode= >,3kxt_A_A,1.602
189,21.698,ALA, ,CB,30.29,5.42,0.0,2.15,1.0,<Residue ALA het=  resseq=29 icode= >,3kxt_A_A,1.602
190,0.601,PRO, ,N,27.54,3.63,0.601,4.87,1.0,<Residue PRO het=  resseq=30 icode= >,3kxt_A_A,1.602
191,12.008,PRO, ,CA,29.21,3.26,12.008,2.80,1.0,<Residue PRO het=  resseq=30 icode= >,3kxt_A_A,1.602
192,0.059,PRO, ,C,31.5,4.00,0.0,3.16,1.0,<Residue PRO het=  resseq=30 icode= >,3kxt_A_A,1.602
193,2.294,PRO, ,O,32.78,5.20,0.0,3.37,1.0,<Residue PRO het=  resseq=30 icode= >,3kxt_A_A,1.602
194,14.112,PRO, ,CB,33.16,3.73,14.112,2.56,1.0,<Residue PRO het=  resseq=30 icode= >,3kxt_A_A,1.602
195,21.006,PRO, ,CG,40.32,3.40,20.98,2.02,1.0,<Residue PRO het=  resseq=30 icode= >,3kxt_A_A,1.602
196,11.18,PRO, ,CD,33.37,3.67,10.97,3.17,1.0,<Residue PRO het=  resseq=30 icode= >,3kxt_A_A,1.602
197,3.454,LYS, ,N,31.93,3.30,3.454,3.52,1.0,<Residue LYS het=  resseq=31 icode= >,3kxt_A_A,1.602
198,7.926,LYS, ,CA,33.49,4.04,0.0,2.85,1.0,<Residue LYS het=  resseq=31 icode= >,3kxt_A_A,1.602
199,1.0,LYS, ,C,37.56,4.77,0.0,3.50,1.0,<Residue LYS het=  resseq=31 icode= >,3kxt_A_A,1.602
200,13.151,LYS, ,O,38.74,4.47,1.121,3.40,1.0,<Residue LYS het=  resseq=31 icode= >,3kxt_A_A,1.602
201,24.721,LYS, ,CB,36.7,3.63,5.08,2.45,1.0,<Residue LYS het=  resseq=31 icode= >,3kxt_A_A,1.602
202,21.944,LYS, ,CG,46.09,3.55,6.895,1.47,1.0,<Residue LYS het=  resseq=31 icode= >,3kxt_A_A,1.602
203,33.632,LYS, ,CD,49.14,3.96,6.196,1.37,1.0,<Residue LYS het=  resseq=31 icode= >,3kxt_A_A,1.602
204,45.154,LYS, ,CE,50.06,3.98,18.184,1.33,1.0,<Residue LYS het=  resseq=31 icode= >,3kxt_A_A,1.602
205,48.698,LYS, ,NZ,52.26,4.66,1.097,1.39,1.0,<Residue LYS het=  resseq=31 icode= >,3kxt_A_A,1.602
206,13.773,GLY, ,N,37.94,6.07,0.0,3.18,1.0,<Residue GLY het=  resseq=32 icode= >,3kxt_A_A,1.602
207,42.694,GLY, ,CA,33.09,7.10,0.0,2.73,1.0,<Residue GLY het=  resseq=32 icode= >,3kxt_A_A,1.602
208,4.681,GLY, ,C,38.59,7.60,0.0,2.38,1.0,<Residue GLY het=  resseq=32 icode= >,3kxt_A_A,1.602
209,29.513,GLY, ,O,42.56,8.20,0.0,2.40,1.0,<Residue GLY het=  resseq=32 icode= >,3kxt_A_A,1.602
210,0.906,ARG, ,N,34.16,7.21,0.0,3.53,1.0,<Residue ARG het=  resseq=33 icode= >,3kxt_A_A,1.602
211,2.605,ARG, ,CA,37.63,6.79,0.0,2.61,1.0,<Residue ARG het=  resseq=33 icode= >,3kxt_A_A,1.602
212,4.115,ARG, ,C,36.55,7.30,0.0,4.01,1.0,<Residue ARG het=  resseq=33 icode= >,3kxt_A_A,1.602
213,10.951,ARG, ,O,32.91,7.73,0.0,3.94,1.0,<Residue ARG het=  resseq=33 icode= >,3kxt_A_A,1.602
214,1.136,ARG, ,CB,44.34,5.66,0.0,2.20,1.0,<Residue ARG het=  resseq=33 icode= >,3kxt_A_A,1.602
215,25.588,ARG, ,CG,53.61,4.98,4.717,1.39,1.0,<Residue ARG het=  resseq=33 icode= >,3kxt_A_A,1.602
216,18.929,ARG, ,CD,60.39,5.06,0.564,0.97,1.0,<Residue ARG het=  resseq=33 icode= >,3kxt_A_A,1.602
217,11.487,ARG, ,NE,66.66,4.24,9.836,1.31,1.0,<Residue ARG het=  resseq=33 icode= >,3kxt_A_A,1.602
218,4.458,ARG, ,CZ,71.73,4.35,0.732,1.19,1.0,<Residue ARG het=  resseq=33 icode= >,3kxt_A_A,1.602
219,36.612,ARG, ,NH1,72.98,4.53,10.655,0.42,1.0,<Residue ARG het=  resseq=33 icode= >,3kxt_A_A,1.602
220,48.524,ARG, ,NH2,63.78,3.19,46.138,0.71,1.0,<Residue ARG het=  resseq=33 icode= >,3kxt_A_A,1.602
221,9.687,LYS, ,N,37.36,6.83,0.0,2.98,1.0,<Residue LYS het=  resseq=34 icode= >,3kxt_A_A,1.602
222,7.511,LYS, ,CA,32.26,7.50,0.0,2.74,1.0,<Residue LYS het=  resseq=34 icode= >,3kxt_A_A,1.602
223,0.759,LYS, ,C,43.1,6.40,0.0,2.91,1.0,<Residue LYS het=  resseq=34 icode= >,3kxt_A_A,1.602
224,17.688,LYS, ,O,46.95,5.78,0.062,2.45,1.0,<Residue LYS het=  resseq=34 icode= >,3kxt_A_A,1.602
225,26.805,LYS, ,CB,49.16,7.35,0.0,1.20,1.0,<Residue LYS het=  resseq=34 icode= >,3kxt_A_A,1.602
226,13.518,LYS, ,CG,55.67,7.30,0.0,1.50,1.0,<Residue LYS het=  resseq=34 icode= >,3kxt_A_A,1.602
227,31.714,LYS, ,CD,72.62,7.62,0.0,0.34,1.0,<Residue LYS het=  resseq=34 icode= >,3kxt_A_A,1.602
228,24.716,LYS, ,CE,81.05,7.77,0.0,0.74,1.0,<Residue LYS het=  resseq=34 icode= >,3kxt_A_A,1.602
229,42.559,LYS, ,NZ,88.08,8.39,0.0,-0.40,1.0,<Residue LYS het=  resseq=34 icode= >,3kxt_A_A,1.602
230,3.449,GLY, ,N,34.42,5.95,0.0,3.15,1.0,<Residue GLY het=  resseq=35 icode= >,3kxt_A_A,1.602
231,9.323,GLY, ,CA,29.73,4.65,5.045,2.55,1.0,<Residue GLY het=  resseq=35 icode= >,3kxt_A_A,1.602
232,3.547,GLY, ,C,30.82,5.24,0.51,3.48,1.0,<Residue GLY het=  resseq=35 icode= >,3kxt_A_A,1.602
233,8.823,GLY, ,O,30.67,5.46,1.951,4.00,1.0,<Residue GLY het=  resseq=35 icode= >,3kxt_A_A,1.602
234,0.005,VAL, ,N,27.93,4.89,0.0,3.86,1.0,<Residue VAL het=  resseq=36 icode= >,3kxt_A_A,1.602
235,1.591,VAL, ,CA,26.53,5.57,0.0,3.92,1.0,<Residue VAL het=  resseq=36 icode= >,3kxt_A_A,1.602
236,0.967,VAL, ,C,29.05,6.45,0.0,4.58,1.0,<Residue VAL het=  resseq=36 icode= >,3kxt_A_A,1.602
237,1.516,VAL, ,O,30.92,6.25,0.0,4.35,1.0,<Residue VAL het=  resseq=36 icode= >,3kxt_A_A,1.602
238,0.0,VAL, ,CB,25.56,4.72,0.0,3.36,1.0,<Residue VAL het=  resseq=36 icode= >,3kxt_A_A,1.602
239,36.173,VAL, ,CG1,32.01,3.77,35.296,1.60,1.0,<Residue VAL het=  resseq=36 icode= >,3kxt_A_A,1.602
240,15.967,VAL, ,CG2,26.37,3.80,15.967,2.67,1.0,<Residue VAL het=  resseq=36 icode= >,3kxt_A_A,1.602
241,0.0,LYS, ,N,27.07,7.18,0.0,4.05,1.0,<Residue LYS het=  resseq=37 icode= >,3kxt_A_A,1.602
242,0.0,LYS, ,CA,25.64,8.07,0.0,4.30,1.0,<Residue LYS het=  resseq=37 icode= >,3kxt_A_A,1.602
243,0.0,LYS, ,C,23.13,7.39,0.0,5.05,1.0,<Residue LYS het=  resseq=37 icode= >,3kxt_A_A,1.602
244,0.0,LYS, ,O,25.29,6.49,0.0,5.45,1.0,<Residue LYS het=  resseq=37 icode= >,3kxt_A_A,1.602
245,0.0,LYS, ,CB,24.0,9.24,0.0,3.41,1.0,<Residue LYS het=  resseq=37 icode= >,3kxt_A_A,1.602
246,4.937,LYS, ,CG,27.22,10.05,0.0,2.62,1.0,<Residue LYS het=  resseq=37 icode= >,3kxt_A_A,1.602
247,0.0,LYS, ,CD,33.67,11.12,0.0,1.49,1.0,<Residue LYS het=  resseq=37 icode= >,3kxt_A_A,1.602
248,23.977,LYS, ,CE,36.29,11.94,0.0,1.83,1.0,<Residue LYS het=  resseq=37 icode= >,3kxt_A_A,1.602
249,16.121,LYS, ,NZ,36.75,12.94,0.0,2.00,1.0,<Residue LYS het=  resseq=37 icode= >,3kxt_A_A,1.602
250,0.0,ILE, ,N,21.02,6.81,0.0,4.72,1.0,<Residue ILE het=  resseq=38 icode= >,3kxt_A_A,1.602
251,0.0,ILE, ,CA,20.32,5.92,0.0,3.97,1.0,<Residue ILE het=  resseq=38 icode= >,3kxt_A_A,1.602
252,0.0,ILE, ,C,21.15,6.67,0.0,5.19,1.0,<Residue ILE het=  resseq=38 icode= >,3kxt_A_A,1.602
253,0.0,ILE, ,O,23.52,7.28,0.0,5.98,1.0,<Residue ILE het=  resseq=38 icode= >,3kxt_A_A,1.602
254,0.0,ILE, ,CB,22.95,4.46,0.0,3.89,1.0,<Residue ILE het=  resseq=38 icode= >,3kxt_A_A,1.602
255,1.048,ILE, ,CG1,23.29,3.97,1.048,4.03,1.0,<Residue ILE het=  resseq=38 icode= >,3kxt_A_A,1.602
256,2.098,ILE, ,CG2,24.22,3.82,2.098,2.78,1.0,<Residue ILE het=  resseq=38 icode= >,3kxt_A_A,1.602
257,19.317,ILE, ,CD1,28.5,4.02,19.317,3.23,1.0,<Residue ILE het=  resseq=38 icode= >,3kxt_A_A,1.602
258,0.0,GLY, ,N,21.0,6.97,0.0,5.13,1.0,<Residue GLY het=  resseq=39 icode= >,3kxt_A_A,1.602
259,0.0,GLY, ,CA,21.05,7.82,0.0,3.78,1.0,<Residue GLY het=  resseq=39 icode= >,3kxt_A_A,1.602
260,0.0,GLY, ,C,21.84,7.40,0.0,5.00,1.0,<Residue GLY het=  resseq=39 icode= >,3kxt_A_A,1.602
261,0.0,GLY, ,O,20.69,6.75,0.0,5.51,1.0,<Residue GLY het=  resseq=39 icode= >,3kxt_A_A,1.602
262,0.0,LEU, ,N,17.88,7.31,0.0,5.35,1.0,<Residue LEU het=  resseq=40 icode= >,3kxt_A_A,1.602
263,0.0,LEU, ,CA,17.81,6.87,0.0,4.51,1.0,<Residue LEU het=  resseq=40 icode= >,3kxt_A_A,1.602
264,0.0,LEU, ,C,20.85,7.82,0.0,4.68,1.0,<Residue LEU het=  resseq=40 icode= >,3kxt_A_A,1.602
265,0.0,LEU, ,O,23.09,7.97,0.0,5.21,1.0,<Residue LEU het=  resseq=40 icode= >,3kxt_A_A,1.602
266,0.0,LEU, ,CB,19.15,5.39,0.0,4.17,1.0,<Residue LEU het=  resseq=40 icode= >,3kxt_A_A,1.602
267,0.0,LEU, ,CG,22.32,5.03,0.0,4.08,1.0,<Residue LEU het=  resseq=40 icode= >,3kxt_A_A,1.602
268,3.222,LEU, ,CD1,24.82,4.77,3.222,3.33,1.0,<Residue LEU het=  resseq=40 icode= >,3kxt_A_A,1.602
269,27.104,LEU, ,CD2,27.14,3.91,27.104,2.80,1.0,<Residue LEU het=  resseq=40 icode= >,3kxt_A_A,1.602
270,0.0,PHE, ,N,19.27,7.95,0.0,5.16,1.0,<Residue PHE het=  resseq=41 icode= >,3kxt_A_A,1.602
271,0.167,PHE, ,CA,18.67,8.58,0.0,4.50,1.0,<Residue PHE het=  resseq=41 icode= >,3kxt_A_A,1.602
272,0.0,PHE, ,C,21.41,7.88,0.0,5.32,1.0,<Residue PHE het=  resseq=41 icode= >,3kxt_A_A,1.602
273,0.0,PHE, ,O,21.02,7.10,0.0,5.87,1.0,<Residue PHE het=  resseq=41 icode= >,3kxt_A_A,1.602
274,0.0,PHE, ,CB,20.67,9.72,0.0,4.00,1.0,<Residue PHE het=  resseq=41 icode= >,3kxt_A_A,1.602
275,0.0,PHE, ,CG,19.77,9.30,0.0,4.71,1.0,<Residue PHE het=  resseq=41 icode= >,3kxt_A_A,1.602
276,0.0,PHE, ,CD1,21.18,8.13,0.0,3.91,1.0,<Residue PHE het=  resseq=41 icode= >,3kxt_A_A,1.602
277,0.108,PHE, ,CD2,21.91,10.03,0.0,4.39,1.0,<Residue PHE het=  resseq=41 icode= >,3kxt_A_A,1.602
278,0.0,PHE, ,CE1,24.31,7.73,0.0,3.57,1.0,<Residue PHE het=  resseq=41 icode= >,3kxt_A_A,1.602
279,0.0,PHE, ,CE2,22.4,9.72,0.0,4.31,1.0,<Residue PHE het=  resseq=41 icode= >,3kxt_A_A,1.602
280,0.0,PHE, ,CZ,25.03,8.61,0.0,4.23,1.0,<Residue PHE het=  resseq=41 icode= >,3kxt_A_A,1.602
281,5.419,LYS, ,N,21.11,8.44,0.0,5.21,1.0,<Residue LYS het=  resseq=42 icode= >,3kxt_A_A,1.602
282,0.0,LYS, ,CA,24.42,8.33,0.0,4.09,1.0,<Residue LYS het=  resseq=42 icode= >,3kxt_A_A,1.602
283,0.0,LYS, ,C,25.78,9.60,0.0,5.14,1.0,<Residue LYS het=  resseq=42 icode= >,3kxt_A_A,1.602
284,7.234,LYS, ,O,25.5,10.73,0.0,5.26,1.0,<Residue LYS het=  resseq=42 icode= >,3kxt_A_A,1.602
285,14.38,LYS, ,CB,31.91,7.99,0.0,2.72,1.0,<Residue LYS het=  resseq=42 icode= >,3kxt_A_A,1.602
286,3.1,LYS, ,CG,33.24,7.45,0.0,2.47,1.0,<Residue LYS het=  resseq=42 icode= >,3kxt_A_A,1.602
287,18.379,LYS, ,CD,35.64,7.28,0.0,2.17,1.0,<Residue LYS het=  resseq=42 icode= >,3kxt_A_A,1.602
288,14.199,LYS, ,CE,39.61,6.31,0.0,1.80,1.0,<Residue LYS het=  resseq=42 icode= >,3kxt_A_A,1.602
289,40.72,LYS, ,NZ,49.7,6.58,0.0,1.17,1.0,<Residue LYS het=  resseq=42 icode= >,3kxt_A_A,1.602
290,0.0,ASP, ,N,23.87,9.21,0.0,5.04,1.0,<Residue ASP het=  resseq=43 icode= >,3kxt_A_A,1.602
291,0.0,ASP, ,CA,27.69,10.22,0.0,3.64,1.0,<Residue ASP het=  resseq=43 icode= >,3kxt_A_A,1.602
292,0.0,ASP, ,C,29.07,10.56,0.0,4.14,1.0,<Residue ASP het=  resseq=43 icode= >,3kxt_A_A,1.602
293,1.136,ASP, ,O,31.93,9.79,0.0,4.05,1.0,<Residue ASP het=  resseq=43 icode= >,3kxt_A_A,1.602
294,0.0,ASP, ,CB,31.15,9.93,0.0,2.96,1.0,<Residue ASP het=  resseq=43 icode= >,3kxt_A_A,1.602
295,0.248,ASP, ,CG,41.68,11.17,0.0,3.76,1.0,<Residue ASP het=  resseq=43 icode= >,3kxt_A_A,1.602
296,2.401,ASP, ,OD1,51.42,11.76,0.0,3.11,1.0,<Residue ASP het=  resseq=43 icode= >,3kxt_A_A,1.602
297,0.531,ASP, ,OD2,51.6,11.66,0.0,2.37,1.0,<Residue ASP het=  resseq=43 icode= >,3kxt_A_A,1.602
298,0.0,PRO, ,N,29.29,11.85,0.0,4.10,1.0,<Residue PRO het=  resseq=44 icode= >,3kxt_A_A,1.602
299,11.011,PRO, ,CA,36.0,12.40,0.0,2.39,1.0,<Residue PRO het=  resseq=44 icode= >,3kxt_A_A,1.602
300,0.384,PRO, ,C,45.64,12.48,0.0,3.15,1.0,<Residue PRO het=  resseq=44 icode= >,3kxt_A_A,1.602
301,32.514,PRO, ,O,51.73,12.71,0.0,2.23,1.0,<Residue PRO het=  resseq=44 icode= >,3kxt_A_A,1.602
302,31.883,PRO, ,CB,29.11,13.86,0.0,3.28,1.0,<Residue PRO het=  resseq=44 icode= >,3kxt_A_A,1.602
303,14.053,PRO, ,CG,35.05,14.20,0.0,2.01,1.0,<Residue PRO het=  resseq=44 icode= >,3kxt_A_A,1.602
304,0.758,PRO, ,CD,26.17,12.97,0.0,2.96,1.0,<Residue PRO het=  resseq=44 icode= >,3kxt_A_A,1.602
305,0.0,GLU, ,N,45.6,12.46,0.0,3.25,1.0,<Residue GLU het=  resseq=45 icode= >,3kxt_A_A,1.602
306,5.546,GLU, ,CA,49.41,12.84,0.0,2.26,1.0,<Residue GLU het=  resseq=45 icode= >,3kxt_A_A,1.602
307,1.195,GLU, ,C,53.67,11.79,0.0,1.48,1.0,<Residue GLU het=  resseq=45 icode= >,3kxt_A_A,1.602
308,32.046,GLU, ,O,61.07,12.07,0.0,0.46,1.0,<Residue GLU het=  resseq=45 icode= >,3kxt_A_A,1.602
309,7.975,GLU, ,CB,58.33,13.87,0.0,1.22,1.0,<Residue GLU het=  resseq=45 icode= >,3kxt_A_A,1.602
310,19.562,GLU, ,CG,71.21,15.14,0.0,0.33,1.0,<Residue GLU het=  resseq=45 icode= >,3kxt_A_A,1.602
311,8.697,GLU, ,CD,81.04,16.25,0.0,0.85,1.0,<Residue GLU het=  resseq=45 icode= >,3kxt_A_A,1.602
312,24.448,GLU, ,OE1,84.66,16.86,0.0,0.37,1.0,<Residue GLU het=  resseq=45 icode= >,3kxt_A_A,1.602
313,24.737,GLU, ,OE2,82.02,16.61,0.0,0.98,1.0,<Residue GLU het=  resseq=45 icode= >,3kxt_A_A,1.602
314,0.0,THR, ,N,43.81,10.74,0.0,2.30,1.0,<Residue THR het=  resseq=46 icode= >,3kxt_A_A,1.602
315,6.636,THR, ,CA,38.37,9.80,0.0,3.58,1.0,<Residue THR het=  resseq=46 icode= >,3kxt_A_A,1.602
316,3.624,THR, ,C,33.18,8.46,0.0,3.74,1.0,<Residue THR het=  resseq=46 icode= >,3kxt_A_A,1.602
317,28.571,THR, ,O,37.07,7.85,0.0,3.28,1.0,<Residue THR het=  resseq=46 icode= >,3kxt_A_A,1.602
318,12.505,THR, ,CB,36.09,9.67,0.0,3.46,1.0,<Residue THR het=  resseq=46 icode= >,3kxt_A_A,1.602
319,1.295,THR, ,OG1,37.32,9.03,0.0,3.29,1.0,<Residue THR het=  resseq=46 icode= >,3kxt_A_A,1.602
320,37.519,THR, ,CG2,39.22,11.09,0.0,1.59,1.0,<Residue THR het=  resseq=46 icode= >,3kxt_A_A,1.602
321,1.192,GLY, ,N,31.42,8.20,0.0,3.70,1.0,<Residue GLY het=  resseq=47 icode= >,3kxt_A_A,1.602
322,20.603,GLY, ,CA,36.41,7.09,0.0,2.31,1.0,<Residue GLY het=  resseq=47 icode= >,3kxt_A_A,1.602
323,3.358,GLY, ,C,36.79,5.90,0.0,3.64,1.0,<Residue GLY het=  resseq=47 icode= >,3kxt_A_A,1.602
324,8.942,GLY, ,O,34.59,4.93,2.956,3.62,1.0,<Residue GLY het=  resseq=47 icode= >,3kxt_A_A,1.602
325,0.294,LYS, ,N,30.39,6.22,0.0,4.72,1.0,<Residue LYS het=  resseq=48 icode= >,3kxt_A_A,1.602
326,8.111,LYS, ,CA,26.62,5.53,2.03,4.40,1.0,<Residue LYS het=  resseq=48 icode= >,3kxt_A_A,1.602
327,0.0,LYS, ,C,23.76,5.78,0.0,4.87,1.0,<Residue LYS het=  resseq=48 icode= >,3kxt_A_A,1.602
328,0.0,LYS, ,O,25.63,6.95,0.0,5.82,1.0,<Residue LYS het=  resseq=48 icode= >,3kxt_A_A,1.602
329,3.248,LYS, ,CB,32.43,6.47,0.0,2.65,1.0,<Residue LYS het=  resseq=48 icode= >,3kxt_A_A,1.602
330,0.484,LYS, ,CG,37.95,6.39,0.0,1.99,1.0,<Residue LYS het=  resseq=48 icode= >,3kxt_A_A,1.602
331,22.23,LYS, ,CD,48.5,7.27,0.0,1.60,1.0,<Residue LYS het=  resseq=48 icode= >,3kxt_A_A,1.602
332,45.537,LYS, ,CE,60.94,6.70,0.0,0.84,1.0,<Residue LYS het=  resseq=48 icode= >,3kxt_A_A,1.602
333,43.324,LYS, ,NZ,68.72,5.68,10.257,0.10,1.0,<Residue LYS het=  resseq=48 icode= >,3kxt_A_A,1.602
334,3.622,TYR, ,N,24.16,4.97,2.444,4.53,1.0,<Residue TYR het=  resseq=49 icode= >,3kxt_A_A,1.602
335,0.0,TYR, ,CA,22.4,5.44,0.0,4.40,1.0,<Residue TYR het=  resseq=49 icode= >,3kxt_A_A,1.602
336,0.535,TYR, ,C,22.79,6.12,0.0,5.26,1.0,<Residue TYR het=  resseq=49 icode= >,3kxt_A_A,1.602
337,15.581,TYR, ,O,26.1,6.23,0.0,4.78,1.0,<Residue TYR het=  resseq=49 icode= >,3kxt_A_A,1.602
338,18.689,TYR, ,CB,24.15,3.95,12.0,3.77,1.0,<Residue TYR het=  resseq=49 icode= >,3kxt_A_A,1.602
339,1.742,TYR, ,CG,23.42,3.76,1.742,4.09,1.0,<Residue TYR het=  resseq=49 icode= >,3kxt_A_A,1.602
340,0.337,TYR, ,CD1,29.3,4.03,0.337,2.75,1.0,<Residue TYR het=  resseq=49 icode= >,3kxt_A_A,1.602
341,19.197,TYR, ,CD2,28.04,3.54,18.948,3.06,1.0,<Residue TYR het=  resseq=49 icode= >,3kxt_A_A,1.602
342,0.245,TYR, ,CE1,33.01,4.21,0.245,2.78,1.0,<Residue TYR het=  resseq=49 icode= >,3kxt_A_A,1.602
343,18.745,TYR, ,CE2,33.71,3.91,10.614,3.30,1.0,<Residue TYR het=  resseq=49 icode= >,3kxt_A_A,1.602
344,4.269,TYR, ,CZ,31.88,4.13,4.269,3.72,1.0,<Residue TYR het=  resseq=49 icode= >,3kxt_A_A,1.602
345,17.154,TYR, ,OH,40.91,4.92,0.579,2.96,1.0,<Residue TYR het=  resseq=49 icode= >,3kxt_A_A,1.602
346,0.0,PHE, ,N,20.33,6.78,0.0,5.75,1.0,<Residue PHE het=  resseq=50 icode= >,3kxt_A_A,1.602
347,5.972,PHE, ,CA,22.34,6.46,0.0,4.36,1.0,<Residue PHE het=  resseq=50 icode= >,3kxt_A_A,1.602
348,0.0,PHE, ,C,23.3,6.05,0.0,4.69,1.0,<Residue PHE het=  resseq=50 icode= >,3kxt_A_A,1.602
349,0.0,PHE, ,O,22.49,6.95,0.0,6.27,1.0,<Residue PHE het=  resseq=50 icode= >,3kxt_A_A,1.602
350,11.86,PHE, ,CB,21.95,6.27,1.189,3.89,1.0,<Residue PHE het=  resseq=50 icode= >,3kxt_A_A,1.602
351,0.0,PHE, ,CG,21.57,7.03,0.0,4.60,1.0,<Residue PHE het=  resseq=50 icode= >,3kxt_A_A,1.602
352,0.0,PHE, ,CD1,25.44,8.42,0.0,3.65,1.0,<Residue PHE het=  resseq=50 icode= >,3kxt_A_A,1.602
353,3.448,PHE, ,CD2,22.38,6.62,0.0,3.90,1.0,<Residue PHE het=  resseq=50 icode= >,3kxt_A_A,1.602
354,0.0,PHE, ,CE1,25.26,9.31,0.0,3.62,1.0,<Residue PHE het=  resseq=50 icode= >,3kxt_A_A,1.602
355,0.0,PHE, ,CE2,23.85,7.73,0.0,3.86,1.0,<Residue PHE het=  resseq=50 icode= >,3kxt_A_A,1.602
356,0.0,PHE, ,CZ,21.68,9.01,0.0,4.77,1.0,<Residue PHE het=  resseq=50 icode= >,3kxt_A_A,1.602
357,5.918,ARG, ,N,20.52,4.89,2.153,5.22,1.0,<Residue ARG het=  resseq=51 icode= >,3kxt_A_A,1.602
358,0.0,ARG, ,CA,19.95,4.42,0.0,3.89,1.0,<Residue ARG het=  resseq=51 icode= >,3kxt_A_A,1.602
359,1.16,ARG, ,C,22.27,3.83,1.16,4.97,1.0,<Residue ARG het=  resseq=51 icode= >,3kxt_A_A,1.602
360,18.746,ARG, ,O,22.21,3.39,18.2,5.57,1.0,<Residue ARG het=  resseq=51 icode= >,3kxt_A_A,1.602
361,13.174,ARG, ,CB,23.03,3.73,12.815,3.21,1.0,<Residue ARG het=  resseq=51 icode= >,3kxt_A_A,1.602
362,0.312,ARG, ,CG,26.87,4.51,0.0,3.57,1.0,<Residue ARG het=  resseq=51 icode= >,3kxt_A_A,1.602
363,28.291,ARG, ,CD,35.46,3.40,27.652,2.40,1.0,<Residue ARG het=  resseq=51 icode= >,3kxt_A_A,1.602
364,6.918,ARG, ,NE,37.58,2.98,6.918,1.67,1.0,<Residue ARG het=  resseq=51 icode= >,3kxt_A_A,1.602
365,4.204,ARG, ,CZ,37.09,3.27,4.204,2.38,1.0,<Residue ARG het=  resseq=51 icode= >,3kxt_A_A,1.602
366,29.668,ARG, ,NH1,24.63,3.91,18.033,4.62,1.0,<Residue ARG het=  resseq=51 icode= >,3kxt_A_A,1.602
367,38.71,ARG, ,NH2,29.45,2.90,38.71,3.07,1.0,<Residue ARG het=  resseq=51 icode= >,3kxt_A_A,1.602
368,0.0,HIS, ,N,20.51,4.18,0.0,5.30,1.0,<Residue HIS het=  resseq=52 icode= >,3kxt_A_A,1.602
369,6.524,HIS, ,CA,23.5,3.65,6.524,3.58,1.0,<Residue HIS het=  resseq=52 icode= >,3kxt_A_A,1.602
370,0.0,HIS, ,C,21.31,3.70,0.0,4.98,1.0,<Residue HIS het=  resseq=52 icode= >,3kxt_A_A,1.602
371,0.0,HIS, ,O,23.99,4.89,0.0,5.05,1.0,<Residue HIS het=  resseq=52 icode= >,3kxt_A_A,1.602
372,0.0,HIS, ,CB,24.52,4.34,0.0,3.13,1.0,<Residue HIS het=  resseq=52 icode= >,3kxt_A_A,1.602
373,0.191,HIS, ,CG,26.35,3.84,0.191,4.20,1.0,<Residue HIS het=  resseq=52 icode= >,3kxt_A_A,1.602
374,0.0,HIS, ,ND1,29.23,3.86,0.0,3.86,1.0,<Residue HIS het=  resseq=52 icode= >,3kxt_A_A,1.602
375,13.269,HIS, ,CD2,34.01,4.08,3.885,3.57,1.0,<Residue HIS het=  resseq=52 icode= >,3kxt_A_A,1.602
376,23.796,HIS, ,CE1,34.58,4.08,2.424,3.16,1.0,<Residue HIS het=  resseq=52 icode= >,3kxt_A_A,1.602
377,14.134,HIS, ,NE2,32.62,4.22,1.592,4.26,1.0,<Residue HIS het=  resseq=52 icode= >,3kxt_A_A,1.602
378,5.145,LYS, ,N,22.39,2.86,5.145,4.91,1.0,<Residue LYS het=  resseq=53 icode= >,3kxt_A_A,1.602
379,0.0,LYS, ,CA,22.6,3.74,0.0,4.05,1.0,<Residue LYS het=  resseq=53 icode= >,3kxt_A_A,1.602
380,0.368,LYS, ,C,23.55,4.84,0.0,4.60,1.0,<Residue LYS het=  resseq=53 icode= >,3kxt_A_A,1.602
381,3.856,LYS, ,O,26.19,4.86,0.0,5.18,1.0,<Residue LYS het=  resseq=53 icode= >,3kxt_A_A,1.602
382,18.638,LYS, ,CB,25.79,3.43,14.846,2.99,1.0,<Residue LYS het=  resseq=53 icode= >,3kxt_A_A,1.602
383,0.559,LYS, ,CG,30.85,4.50,0.0,2.17,1.0,<Residue LYS het=  resseq=53 icode= >,3kxt_A_A,1.602
384,25.516,LYS, ,CD,35.75,3.71,13.073,2.07,1.0,<Residue LYS het=  resseq=53 icode= >,3kxt_A_A,1.602
385,8.876,LYS, ,CE,46.31,3.79,0.092,1.53,1.0,<Residue LYS het=  resseq=53 icode= >,3kxt_A_A,1.602
386,42.815,LYS, ,NZ,58.38,2.82,18.318,0.80,1.0,<Residue LYS het=  resseq=53 icode= >,3kxt_A_A,1.602
387,0.0,LEU, ,N,24.72,6.04,0.0,4.28,1.0,<Residue LEU het=  resseq=54 icode= >,3kxt_A_A,1.602
388,0.0,LEU, ,CA,27.45,7.28,0.0,3.76,1.0,<Residue LEU het=  resseq=54 icode= >,3kxt_A_A,1.602
389,2.14,LEU, ,C,27.43,7.91,0.0,4.57,1.0,<Residue LEU het=  resseq=54 icode= >,3kxt_A_A,1.602
390,0.0,LEU, ,O,29.08,7.56,0.0,4.68,1.0,<Residue LEU het=  resseq=54 icode= >,3kxt_A_A,1.602
391,0.0,LEU, ,CB,24.74,8.37,0.0,3.61,1.0,<Residue LEU het=  resseq=54 icode= >,3kxt_A_A,1.602
392,0.0,LEU, ,CG,25.36,8.26,0.0,4.32,1.0,<Residue LEU het=  resseq=54 icode= >,3kxt_A_A,1.602
393,0.0,LEU, ,CD1,28.75,9.59,0.0,2.79,1.0,<Residue LEU het=  resseq=54 icode= >,3kxt_A_A,1.602
394,0.0,LEU, ,CD2,29.53,8.26,0.0,3.01,1.0,<Residue LEU het=  resseq=54 icode= >,3kxt_A_A,1.602
395,0.353,PRO, ,N,31.83,8.88,0.0,4.03,1.0,<Residue PRO het=  resseq=55 icode= >,3kxt_A_A,1.602
396,10.101,PRO, ,CA,35.26,9.07,0.0,2.84,1.0,<Residue PRO het=  resseq=55 icode= >,3kxt_A_A,1.602
397,0.0,PRO, ,C,38.91,9.13,0.0,3.46,1.0,<Residue PRO het=  resseq=55 icode= >,3kxt_A_A,1.602
398,0.0,PRO, ,O,35.67,9.87,0.0,3.84,1.0,<Residue PRO het=  resseq=55 icode= >,3kxt_A_A,1.602
399,14.126,PRO, ,CB,42.55,10.40,0.0,2.12,1.0,<Residue PRO het=  resseq=55 icode= >,3kxt_A_A,1.602
400,34.783,PRO, ,CG,34.04,10.47,0.0,2.26,1.0,<Residue PRO het=  resseq=55 icode= >,3kxt_A_A,1.602
401,2.795,PRO, ,CD,31.02,9.43,0.0,2.79,1.0,<Residue PRO het=  resseq=55 icode= >,3kxt_A_A,1.602
402,4.426,ASP, ,N,40.59,8.66,0.0,2.36,1.0,<Residue ASP het=  resseq=56 icode= >,3kxt_A_A,1.602
403,0.489,ASP, ,CA,41.95,8.87,0.0,2.80,1.0,<Residue ASP het=  resseq=56 icode= >,3kxt_A_A,1.602
404,1.249,ASP, ,C,42.45,10.38,0.0,3.67,1.0,<Residue ASP het=  resseq=56 icode= >,3kxt_A_A,1.602
405,9.598,ASP, ,O,51.36,10.92,0.0,2.85,1.0,<Residue ASP het=  resseq=56 icode= >,3kxt_A_A,1.602
406,24.532,ASP, ,CB,55.54,8.39,0.0,1.58,1.0,<Residue ASP het=  resseq=56 icode= >,3kxt_A_A,1.602
407,0.413,ASP, ,CG,73.14,6.90,0.0,0.95,1.0,<Residue ASP het=  resseq=56 icode= >,3kxt_A_A,1.602
408,32.456,ASP, ,OD1,86.22,6.43,0.0,0.37,1.0,<Residue ASP het=  resseq=56 icode= >,3kxt_A_A,1.602
409,5.563,ASP, ,OD2,68.6,6.40,0.0,1.53,1.0,<Residue ASP het=  resseq=56 icode= >,3kxt_A_A,1.602
410,0.111,ASP, ,N,43.14,11.18,0.0,3.03,1.0,<Residue ASP het=  resseq=57 icode= >,3kxt_A_A,1.602
411,9.555,ASP, ,CA,47.68,12.62,0.0,2.31,1.0,<Residue ASP het=  resseq=57 icode= >,3kxt_A_A,1.602
412,0.296,ASP, ,C,40.71,13.35,0.0,2.56,1.0,<Residue ASP het=  resseq=57 icode= >,3kxt_A_A,1.602
413,16.022,ASP, ,O,44.24,14.59,0.0,2.24,1.0,<Residue ASP het=  resseq=57 icode= >,3kxt_A_A,1.602
414,35.726,ASP, ,CB,66.77,13.30,0.0,1.21,1.0,<Residue ASP het=  resseq=57 icode= >,3kxt_A_A,1.602
415,8.886,ASP, ,CG,83.03,13.00,0.0,1.17,1.0,<Residue ASP het=  resseq=57 icode= >,3kxt_A_A,1.602
416,31.597,ASP, ,OD1,89.61,13.86,0.0,0.77,1.0,<Residue ASP het=  resseq=57 icode= >,3kxt_A_A,1.602
417,23.244,ASP, ,OD2,84.26,12.01,0.0,0.80,1.0,<Residue ASP het=  resseq=57 icode= >,3kxt_A_A,1.602
418,0.0,TYR, ,N,35.53,12.72,0.0,2.89,1.0,<Residue TYR het=  resseq=58 icode= >,3kxt_A_A,1.602
419,1.867,TYR, ,CA,36.34,13.59,0.0,2.93,1.0,<Residue TYR het=  resseq=58 icode= >,3kxt_A_A,1.602
420,0.036,TYR, ,C,38.86,14.25,0.0,4.06,1.0,<Residue TYR het=  resseq=58 icode= >,3kxt_A_A,1.602
421,0.052,TYR, ,O,39.36,13.50,0.0,3.49,1.0,<Residue TYR het=  resseq=58 icode= >,3kxt_A_A,1.602
422,0.0,TYR, ,CB,31.71,12.24,0.0,2.15,1.0,<Residue TYR het=  resseq=58 icode= >,3kxt_A_A,1.602
423,0.0,TYR, ,CG,31.06,12.48,0.0,3.74,1.0,<Residue TYR het=  resseq=58 icode= >,3kxt_A_A,1.602
424,7.423,TYR, ,CD1,33.46,12.55,0.0,3.77,1.0,<Residue TYR het=  resseq=58 icode= >,3kxt_A_A,1.602
425,0.0,TYR, ,CD2,30.33,12.88,0.0,3.33,1.0,<Residue TYR het=  resseq=58 icode= >,3kxt_A_A,1.602
426,0.963,TYR, ,CE1,30.64,12.99,0.0,3.43,1.0,<Residue TYR het=  resseq=58 icode= >,3kxt_A_A,1.602
427,0.741,TYR, ,CE2,32.2,12.90,0.0,3.51,1.0,<Residue TYR het=  resseq=58 icode= >,3kxt_A_A,1.602
428,0.547,TYR, ,CZ,32.0,13.37,0.0,4.32,1.0,<Residue TYR het=  resseq=58 icode= >,3kxt_A_A,1.602
429,0.0,TYR, ,OH,32.44,13.93,0.0,3.62,1.0,<Residue TYR het=  resseq=58 icode= >,3kxt_A_A,1.602
430,0.0,PRO, ,N,43.47,14.55,0.0,3.62,1.0,<Residue PRO het=  resseq=59 icode= >,3kxt_A_A,1.602
431,10.57,PRO, ,CA,46.21,13.84,0.0,2.74,1.0,<Residue PRO het=  resseq=59 icode= >,3kxt_A_A,1.602
432,0.116,PRO, ,C,46.87,12.38,0.0,2.77,1.0,<Residue PRO het=  resseq=59 icode= >,3kxt_A_A,1.602
433,2.841,PRO, ,O,48.38,12.18,0.0,2.12,1.0,<Residue PRO het=  resseq=59 icode= >,3kxt_A_A,1.602
434,34.787,PRO, ,CB,51.03,14.66,0.0,2.08,1.0,<Residue PRO het=  resseq=59 icode= >,3kxt_A_A,1.602
435,38.313,PRO, ,CG,57.19,15.93,0.0,1.99,1.0,<Residue PRO het=  resseq=59 icode= >,3kxt_A_A,1.602
436,8.685,PRO, ,CD,51.35,15.56,0.0,1.72,1.0,<Residue PRO het=  resseq=59 icode= >,3kxt_A_A,1.602
437,7.154,ILE, ,N,48.64,11.50,0.0,2.48,1.0,<Residue ILE het=  resseq=60 icode= >,3kxt_A_A,1.602
438,0.0,ILE, ,CA,60.75,10.08,0.0,2.55,1.0,<Residue ILE het=  resseq=60 icode= >,3kxt_A_A,1.602
439,31.229,ILE, ,C,72.79,9.95,0.0,1.50,1.0,<Residue ILE het=  resseq=60 icode= >,3kxt_A_A,1.602
440,29.823,ILE, ,O,77.65,9.12,0.0,0.94,1.0,<Residue ILE het=  resseq=60 icode= >,3kxt_A_A,1.602
441,11.907,ILE, ,CB,58.34,9.23,0.0,2.42,1.0,<Residue ILE het=  resseq=60 icode= >,3kxt_A_A,1.602
442,3.679,ILE, ,CG1,58.41,9.73,0.0,1.67,1.0,<Residue ILE het=  resseq=60 icode= >,3kxt_A_A,1.602
443,25.849,ILE, ,CG2,61.31,7.73,0.0,1.07,1.0,<Residue ILE het=  resseq=60 icode= >,3kxt_A_A,1.602
444,0.0,ILE, ,CD1,46.32,9.51,0.0,1.98,1.0,<Residue ILE het=  resseq=60 icode= >,3kxt_A_A,1.602
