,ASA,aa,altloc,atom,bfac,d2r,dASA,dens,occ,residue,id,resolu
0,49.005,ARG, ,N,33.36,9.47,0.0,2.05,1.0,<Residue ARG het=  resseq=93 icode= >,3l2c_A_A,1.868
1,0.0,ARG, ,CA,32.65,9.65,0.0,1.92,1.0,<Residue ARG het=  resseq=93 icode= >,3l2c_A_A,1.868
2,3.2,ARG, ,C,31.89,8.65,0.0,3.33,1.0,<Residue ARG het=  resseq=93 icode= >,3l2c_A_A,1.868
3,25.017,ARG, ,O,31.05,8.51,0.0,2.94,1.0,<Residue ARG het=  resseq=93 icode= >,3l2c_A_A,1.868
4,9.918,ARG, ,CB,33.26,10.49,0.0,1.31,1.0,<Residue ARG het=  resseq=93 icode= >,3l2c_A_A,1.868
5,19.207,ARG, ,CG,35.06,11.27,0.0,0.85,1.0,<Residue ARG het=  resseq=93 icode= >,3l2c_A_A,1.868
6,13.622,ARG, ,CD,36.83,11.43,0.0,1.47,1.0,<Residue ARG het=  resseq=93 icode= >,3l2c_A_A,1.868
7,12.27,ARG, ,NE,38.22,12.17,0.0,1.79,1.0,<Residue ARG het=  resseq=93 icode= >,3l2c_A_A,1.868
8,4.86,ARG, ,CZ,36.88,12.50,0.0,2.29,1.0,<Residue ARG het=  resseq=93 icode= >,3l2c_A_A,1.868
9,18.471,ARG, ,NH1,34.81,12.04,0.0,1.85,1.0,<Residue ARG het=  resseq=93 icode= >,3l2c_A_A,1.868
10,53.807,ARG, ,NH2,38.83,13.33,0.0,1.05,1.0,<Residue ARG het=  resseq=93 icode= >,3l2c_A_A,1.868
11,0.881,ARG, ,N,31.37,8.19,0.0,2.55,1.0,<Residue ARG het=  resseq=94 icode= >,3l2c_A_A,1.868
12,9.603,ARG, ,CA,31.03,7.29,0.0,2.71,1.0,<Residue ARG het=  resseq=94 icode= >,3l2c_A_A,1.868
13,0.089,ARG, ,C,30.29,6.60,0.0,3.47,1.0,<Residue ARG het=  resseq=94 icode= >,3l2c_A_A,1.868
14,24.341,ARG, ,O,30.72,6.06,0.0,2.41,1.0,<Residue ARG het=  resseq=94 icode= >,3l2c_A_A,1.868
15,5.14,ARG, ,CB,31.41,6.49,0.0,1.83,1.0,<Residue ARG het=  resseq=94 icode= >,3l2c_A_A,1.868
16,21.599,ARG, ,CG,33.71,5.98,0.0,0.72,1.0,<Residue ARG het=  resseq=94 icode= >,3l2c_A_A,1.868
17,35.38,ARG, ,CD,34.11,5.74,0.0,1.47,1.0,<Residue ARG het=  resseq=94 icode= >,3l2c_A_A,1.868
18,6.179,ARG, ,NE,34.95,4.73,0.0,1.95,1.0,<Residue ARG het=  resseq=94 icode= >,3l2c_A_A,1.868
19,4.646,ARG, ,CZ,35.69,3.49,2.121,2.36,1.0,<Residue ARG het=  resseq=94 icode= >,3l2c_A_A,1.868
20,38.555,ARG, ,NH1,35.66,3.12,30.084,1.38,1.0,<Residue ARG het=  resseq=94 icode= >,3l2c_A_A,1.868
21,5.625,ARG, ,NH2,34.78,2.94,1.555,1.93,1.0,<Residue ARG het=  resseq=94 icode= >,3l2c_A_A,1.868
22,0.0,ASN, ,N,28.65,6.53,0.0,2.92,1.0,<Residue ASN het=  resseq=95 icode= >,3l2c_A_A,1.868
23,6.846,ASN, ,CA,27.88,6.38,0.0,2.37,1.0,<Residue ASN het=  resseq=95 icode= >,3l2c_A_A,1.868
24,2.547,ASN, ,C,26.8,6.96,0.0,3.14,1.0,<Residue ASN het=  resseq=95 icode= >,3l2c_A_A,1.868
25,0.091,ASN, ,O,26.93,8.18,0.0,3.13,1.0,<Residue ASN het=  resseq=95 icode= >,3l2c_A_A,1.868
26,0.556,ASN, ,CB,27.27,5.23,0.0,1.72,1.0,<Residue ASN het=  resseq=95 icode= >,3l2c_A_A,1.868
27,0.068,ASN, ,CG,27.22,3.84,0.068,2.91,1.0,<Residue ASN het=  resseq=95 icode= >,3l2c_A_A,1.868
28,22.572,ASN, ,OD1,23.07,3.49,16.689,3.20,1.0,<Residue ASN het=  resseq=95 icode= >,3l2c_A_A,1.868
29,2.735,ASN, ,ND2,26.92,3.04,2.735,2.98,1.0,<Residue ASN het=  resseq=95 icode= >,3l2c_A_A,1.868
30,7.158,ALA, ,N,26.01,6.27,0.0,3.49,1.0,<Residue ALA het=  resseq=96 icode= >,3l2c_A_A,1.868
31,11.774,ALA, ,CA,25.79,7.15,0.0,2.70,1.0,<Residue ALA het=  resseq=96 icode= >,3l2c_A_A,1.868
32,0.0,ALA, ,C,25.51,8.17,0.0,3.45,1.0,<Residue ALA het=  resseq=96 icode= >,3l2c_A_A,1.868
33,8.67,ALA, ,O,25.75,9.28,0.0,2.67,1.0,<Residue ALA het=  resseq=96 icode= >,3l2c_A_A,1.868
34,35.237,ALA, ,CB,26.35,6.56,0.0,1.55,1.0,<Residue ALA het=  resseq=96 icode= >,3l2c_A_A,1.868
35,0.0,TRP, ,N,24.33,8.00,0.0,3.34,1.0,<Residue TRP het=  resseq=97 icode= >,3l2c_A_A,1.868
36,0.036,TRP, ,CA,23.23,9.16,0.0,3.08,1.0,<Residue TRP het=  resseq=97 icode= >,3l2c_A_A,1.868
37,0.0,TRP, ,C,23.41,9.17,0.0,3.24,1.0,<Residue TRP het=  resseq=97 icode= >,3l2c_A_A,1.868
38,6.68,TRP, ,O,24.47,9.81,0.0,2.99,1.0,<Residue TRP het=  resseq=97 icode= >,3l2c_A_A,1.868
39,0.0,TRP, ,CB,22.95,8.71,0.0,2.28,1.0,<Residue TRP het=  resseq=97 icode= >,3l2c_A_A,1.868
40,0.0,TRP, ,CG,21.19,7.33,0.0,2.86,1.0,<Residue TRP het=  resseq=97 icode= >,3l2c_A_A,1.868
41,0.0,TRP, ,CD1,21.79,6.77,0.0,2.57,1.0,<Residue TRP het=  resseq=97 icode= >,3l2c_A_A,1.868
42,0.0,TRP, ,CD2,23.04,6.38,0.0,2.29,1.0,<Residue TRP het=  resseq=97 icode= >,3l2c_A_A,1.868
43,0.0,TRP, ,NE1,19.31,5.43,0.0,3.87,1.0,<Residue TRP het=  resseq=97 icode= >,3l2c_A_A,1.868
44,0.0,TRP, ,CE2,21.01,5.16,0.0,3.42,1.0,<Residue TRP het=  resseq=97 icode= >,3l2c_A_A,1.868
45,0.0,TRP, ,CE3,20.65,5.41,0.0,2.65,1.0,<Residue TRP het=  resseq=97 icode= >,3l2c_A_A,1.868
46,0.77,TRP, ,CZ2,20.5,4.16,0.77,3.03,1.0,<Residue TRP het=  resseq=97 icode= >,3l2c_A_A,1.868
47,14.869,TRP, ,CZ3,22.98,4.05,8.157,2.15,1.0,<Residue TRP het=  resseq=97 icode= >,3l2c_A_A,1.868
48,5.62,TRP, ,CH2,22.35,3.89,5.62,2.68,1.0,<Residue TRP het=  resseq=97 icode= >,3l2c_A_A,1.868
49,0.0,GLY, ,N,22.95,8.57,0.0,3.16,1.0,<Residue GLY het=  resseq=98 icode= >,3l2c_A_A,1.868
50,6.588,GLY, ,CA,23.11,8.72,0.0,2.71,1.0,<Residue GLY het=  resseq=98 icode= >,3l2c_A_A,1.868
51,0.0,GLY, ,C,23.02,7.56,0.0,3.71,1.0,<Residue GLY het=  resseq=98 icode= >,3l2c_A_A,1.868
52,0.0,GLY, ,O,23.38,6.71,0.0,3.86,1.0,<Residue GLY het=  resseq=98 icode= >,3l2c_A_A,1.868
53,3.974,ASN, ,N,22.97,7.73,0.0,3.94,1.0,<Residue ASN het=  resseq=99 icode= >,3l2c_A_A,1.868
54,0.0,ASN, ,CA,23.91,6.99,0.0,2.81,1.0,<Residue ASN het=  resseq=99 icode= >,3l2c_A_A,1.868
55,1.44,ASN, ,C,23.12,6.09,0.0,3.57,1.0,<Residue ASN het=  resseq=99 icode= >,3l2c_A_A,1.868
56,7.373,ASN, ,O,23.05,5.66,0.0,3.92,1.0,<Residue ASN het=  resseq=99 icode= >,3l2c_A_A,1.868
57,27.284,ASN, ,CB,25.36,8.12,0.0,2.13,1.0,<Residue ASN het=  resseq=99 icode= >,3l2c_A_A,1.868
58,6.436,ASN, ,CG,28.1,9.13,0.0,1.99,1.0,<Residue ASN het=  resseq=99 icode= >,3l2c_A_A,1.868
59,39.934,ASN, ,OD1,32.78,10.32,0.0,1.71,1.0,<Residue ASN het=  resseq=99 icode= >,3l2c_A_A,1.868
60,8.999,ASN, ,ND2,27.97,8.83,0.0,2.55,1.0,<Residue ASN het=  resseq=99 icode= >,3l2c_A_A,1.868
61,0.364,GLN, ,N,21.61,6.19,0.0,3.24,1.0,<Residue GLN het=  resseq=100 icode= >,3l2c_A_A,1.868
62,2.022,GLN, ,CA,21.19,5.81,0.0,2.81,1.0,<Residue GLN het=  resseq=100 icode= >,3l2c_A_A,1.868
63,0.0,GLN, ,C,18.99,4.35,0.0,4.53,1.0,<Residue GLN het=  resseq=100 icode= >,3l2c_A_A,1.868
64,0.0,GLN, ,O,18.63,3.78,0.0,5.41,1.0,<Residue GLN het=  resseq=100 icode= >,3l2c_A_A,1.868
65,0.0,GLN, ,CB,21.4,6.69,0.0,2.79,1.0,<Residue GLN het=  resseq=100 icode= >,3l2c_A_A,1.868
66,12.365,GLN, ,CG,24.7,8.18,0.0,1.60,1.0,<Residue GLN het=  resseq=100 icode= >,3l2c_A_A,1.868
67,3.404,GLN, ,CD,29.32,8.67,0.0,1.99,1.0,<Residue GLN het=  resseq=100 icode= >,3l2c_A_A,1.868
68,0.0,GLN, ,OE1,28.39,8.07,0.0,2.95,1.0,<Residue GLN het=  resseq=100 icode= >,3l2c_A_A,1.868
69,41.264,GLN, ,NE2,30.42,9.98,0.0,1.31,1.0,<Residue GLN het=  resseq=100 icode= >,3l2c_A_A,1.868
70,0.0,SER, ,N,17.61,4.12,0.0,3.96,1.0,<Residue SER het=  resseq=101 icode= >,3l2c_A_A,1.868
71,2.617,SER, ,CA,16.33,3.11,2.617,3.53,1.0,<Residue SER het=  resseq=101 icode= >,3l2c_A_A,1.868
72,0.0,SER, ,C,15.72,3.91,0.0,4.44,1.0,<Residue SER het=  resseq=101 icode= >,3l2c_A_A,1.868
73,0.0,SER, ,O,14.37,5.05,0.0,5.09,1.0,<Residue SER het=  resseq=101 icode= >,3l2c_A_A,1.868
74,29.455,SER, ,CB,17.09,3.62,25.814,2.82,1.0,<Residue SER het=  resseq=101 icode= >,3l2c_A_A,1.868
75,3.692,SER, ,OG,16.63,4.68,0.877,3.64,1.0,<Residue SER het=  resseq=101 icode= >,3l2c_A_A,1.868
76,2.912,TYR, ,N,15.37,3.11,2.912,4.03,1.0,<Residue TYR het=  resseq=102 icode= >,3l2c_A_A,1.868
77,0.0,TYR, ,CA,15.29,4.03,0.0,3.53,1.0,<Residue TYR het=  resseq=102 icode= >,3l2c_A_A,1.868
78,0.0,TYR, ,C,15.44,4.93,0.0,4.62,1.0,<Residue TYR het=  resseq=102 icode= >,3l2c_A_A,1.868
79,0.0,TYR, ,O,14.6,6.14,0.0,5.13,1.0,<Residue TYR het=  resseq=102 icode= >,3l2c_A_A,1.868
80,0.824,TYR, ,CB,15.27,3.85,0.824,3.10,1.0,<Residue TYR het=  resseq=102 icode= >,3l2c_A_A,1.868
81,0.0,TYR, ,CG,15.1,4.14,0.0,3.49,1.0,<Residue TYR het=  resseq=102 icode= >,3l2c_A_A,1.868
82,13.694,TYR, ,CD1,14.88,3.61,13.694,3.13,1.0,<Residue TYR het=  resseq=102 icode= >,3l2c_A_A,1.868
83,0.0,TYR, ,CD2,16.14,5.47,0.0,2.74,1.0,<Residue TYR het=  resseq=102 icode= >,3l2c_A_A,1.868
84,13.038,TYR, ,CE1,13.97,3.21,13.038,3.23,1.0,<Residue TYR het=  resseq=102 icode= >,3l2c_A_A,1.868
85,0.365,TYR, ,CE2,14.95,4.79,0.0,3.07,1.0,<Residue TYR het=  resseq=102 icode= >,3l2c_A_A,1.868
86,0.0,TYR, ,CZ,15.48,3.43,0.0,3.71,1.0,<Residue TYR het=  resseq=102 icode= >,3l2c_A_A,1.868
87,9.111,TYR, ,OH,15.58,2.83,6.907,3.63,1.0,<Residue TYR het=  resseq=102 icode= >,3l2c_A_A,1.868
88,0.142,ALA, ,N,15.88,4.65,0.142,4.18,1.0,<Residue ALA het=  resseq=103 icode= >,3l2c_A_A,1.868
89,0.0,ALA, ,CA,16.56,5.92,0.0,3.19,1.0,<Residue ALA het=  resseq=103 icode= >,3l2c_A_A,1.868
90,0.281,ALA, ,C,17.12,6.88,0.0,4.25,1.0,<Residue ALA het=  resseq=103 icode= >,3l2c_A_A,1.868
91,0.0,ALA, ,O,16.32,8.06,0.0,4.23,1.0,<Residue ALA het=  resseq=103 icode= >,3l2c_A_A,1.868
92,17.155,ALA, ,CB,17.65,5.93,1.383,2.19,1.0,<Residue ALA het=  resseq=103 icode= >,3l2c_A_A,1.868
93,0.0,GLU, ,N,16.86,6.60,0.0,4.93,1.0,<Residue GLU het=  resseq=104 icode= >,3l2c_A_A,1.868
94,2.899,GLU, ,CA,18.56,7.79,0.0,2.79,1.0,<Residue GLU het=  resseq=104 icode= >,3l2c_A_A,1.868
95,0.0,GLU, ,C,17.09,8.42,0.0,4.15,1.0,<Residue GLU het=  resseq=104 icode= >,3l2c_A_A,1.868
96,0.346,GLU, ,O,16.35,9.65,0.0,5.21,1.0,<Residue GLU het=  resseq=104 icode= >,3l2c_A_A,1.868
97,4.502,GLU, ,CB,18.66,7.66,0.0,2.00,1.0,<Residue GLU het=  resseq=104 icode= >,3l2c_A_A,1.868
98,24.814,GLU, ,CG,21.99,6.51,0.0,2.00,1.0,<Residue GLU het=  resseq=104 icode= >,3l2c_A_A,1.868
99,10.967,GLU, ,CD,23.18,6.14,0.0,2.02,1.0,<Residue GLU het=  resseq=104 icode= >,3l2c_A_A,1.868
100,7.701,GLU, ,OE1,24.21,6.46,0.0,3.30,1.0,<Residue GLU het=  resseq=104 icode= >,3l2c_A_A,1.868
101,41.275,GLU, ,OE2,30.33,5.83,0.0,1.60,1.0,<Residue GLU het=  resseq=104 icode= >,3l2c_A_A,1.868
102,0.0,LEU, ,N,15.39,7.79,0.0,4.51,1.0,<Residue LEU het=  resseq=105 icode= >,3l2c_A_A,1.868
103,0.0,LEU, ,CA,15.0,8.72,0.0,3.88,1.0,<Residue LEU het=  resseq=105 icode= >,3l2c_A_A,1.868
104,0.0,LEU, ,C,15.08,9.53,0.0,4.07,1.0,<Residue LEU het=  resseq=105 icode= >,3l2c_A_A,1.868
105,0.0,LEU, ,O,14.07,10.76,0.0,4.56,1.0,<Residue LEU het=  resseq=105 icode= >,3l2c_A_A,1.868
106,0.003,LEU, ,CB,14.76,8.23,0.0,3.65,1.0,<Residue LEU het=  resseq=105 icode= >,3l2c_A_A,1.868
107,0.0,LEU, ,CG,16.36,7.59,0.0,3.19,1.0,<Residue LEU het=  resseq=105 icode= >,3l2c_A_A,1.868
108,0.069,LEU, ,CD1,18.99,7.40,0.0,2.24,1.0,<Residue LEU het=  resseq=105 icode= >,3l2c_A_A,1.868
109,0.682,LEU, ,CD2,18.06,8.68,0.0,2.55,1.0,<Residue LEU het=  resseq=105 icode= >,3l2c_A_A,1.868
110,0.0,ILE, ,N,15.36,8.97,0.0,4.31,1.0,<Residue ILE het=  resseq=106 icode= >,3l2c_A_A,1.868
111,0.0,ILE, ,CA,15.72,9.91,0.0,3.32,1.0,<Residue ILE het=  resseq=106 icode= >,3l2c_A_A,1.868
112,0.0,ILE, ,C,16.1,10.90,0.0,4.36,1.0,<Residue ILE het=  resseq=106 icode= >,3l2c_A_A,1.868
113,0.0,ILE, ,O,16.34,12.08,0.0,4.78,1.0,<Residue ILE het=  resseq=106 icode= >,3l2c_A_A,1.868
114,0.0,ILE, ,CB,15.79,9.35,0.0,2.88,1.0,<Residue ILE het=  resseq=106 icode= >,3l2c_A_A,1.868
115,0.013,ILE, ,CG1,14.53,8.62,0.0,3.38,1.0,<Residue ILE het=  resseq=106 icode= >,3l2c_A_A,1.868
116,0.0,ILE, ,CG2,16.62,10.38,0.0,2.39,1.0,<Residue ILE het=  resseq=106 icode= >,3l2c_A_A,1.868
117,0.0,ILE, ,CD1,14.54,8.04,0.0,3.32,1.0,<Residue ILE het=  resseq=106 icode= >,3l2c_A_A,1.868
118,0.0,SER, ,N,16.63,10.52,0.0,3.51,1.0,<Residue SER het=  resseq=107 icode= >,3l2c_A_A,1.868
119,0.0,SER, ,CA,17.74,11.64,0.0,2.97,1.0,<Residue SER het=  resseq=107 icode= >,3l2c_A_A,1.868
120,0.0,SER, ,C,18.08,12.64,0.0,4.02,1.0,<Residue SER het=  resseq=107 icode= >,3l2c_A_A,1.868
121,0.0,SER, ,O,17.52,13.86,0.0,4.17,1.0,<Residue SER het=  resseq=107 icode= >,3l2c_A_A,1.868
122,11.859,SER, ,CB,17.54,11.19,0.0,3.40,1.0,<Residue SER het=  resseq=107 icode= >,3l2c_A_A,1.868
123,0.0,SER, ,OG,18.47,10.22,0.0,3.69,1.0,<Residue SER het=  resseq=107 icode= >,3l2c_A_A,1.868
124,0.0,GLN, ,N,18.09,12.27,0.0,3.99,1.0,<Residue GLN het=  resseq=108 icode= >,3l2c_A_A,1.868
125,0.771,GLN, ,CA,19.5,13.36,0.0,2.80,1.0,<Residue GLN het=  resseq=108 icode= >,3l2c_A_A,1.868
126,0.0,GLN, ,C,18.15,14.14,0.0,3.89,1.0,<Residue GLN het=  resseq=108 icode= >,3l2c_A_A,1.868
127,3.346,GLN, ,O,17.14,15.38,0.0,3.81,1.0,<Residue GLN het=  resseq=108 icode= >,3l2c_A_A,1.868
128,4.723,GLN, ,CB,19.84,13.01,0.0,2.83,1.0,<Residue GLN het=  resseq=108 icode= >,3l2c_A_A,1.868
129,17.875,GLN, ,CG,23.44,12.38,0.0,2.06,1.0,<Residue GLN het=  resseq=108 icode= >,3l2c_A_A,1.868
130,6.316,GLN, ,CD,23.28,11.95,0.0,2.43,1.0,<Residue GLN het=  resseq=108 icode= >,3l2c_A_A,1.868
131,17.455,GLN, ,OE1,32.31,11.16,0.0,1.35,1.0,<Residue GLN het=  resseq=108 icode= >,3l2c_A_A,1.868
132,28.652,GLN, ,NE2,24.05,12.56,0.0,3.24,1.0,<Residue GLN het=  resseq=108 icode= >,3l2c_A_A,1.868
133,0.0,ALA, ,N,16.74,13.54,0.0,5.03,1.0,<Residue ALA het=  resseq=109 icode= >,3l2c_A_A,1.868
134,0.0,ALA, ,CA,16.08,14.24,0.0,3.45,1.0,<Residue ALA het=  resseq=109 icode= >,3l2c_A_A,1.868
135,0.0,ALA, ,C,16.83,13.88,0.0,4.30,1.0,<Residue ALA het=  resseq=109 icode= >,3l2c_A_A,1.868
136,0.0,ALA, ,O,17.92,14.30,0.0,4.23,1.0,<Residue ALA het=  resseq=109 icode= >,3l2c_A_A,1.868
137,0.0,ALA, ,CB,16.17,13.03,0.0,3.03,1.0,<Residue ALA het=  resseq=109 icode= >,3l2c_A_A,1.868
138,0.0,ILE, ,N,16.66,13.24,0.0,3.85,1.0,<Residue ILE het=  resseq=110 icode= >,3l2c_A_A,1.868
139,0.0,ILE, ,CA,17.72,13.04,0.0,2.92,1.0,<Residue ILE het=  resseq=110 icode= >,3l2c_A_A,1.868
140,0.0,ILE, ,C,18.88,14.44,0.0,4.17,1.0,<Residue ILE het=  resseq=110 icode= >,3l2c_A_A,1.868
141,0.0,ILE, ,O,18.04,14.71,0.0,4.57,1.0,<Residue ILE het=  resseq=110 icode= >,3l2c_A_A,1.868
142,0.0,ILE, ,CB,17.24,12.42,0.0,3.18,1.0,<Residue ILE het=  resseq=110 icode= >,3l2c_A_A,1.868
143,0.0,ILE, ,CG1,17.14,10.97,0.0,2.84,1.0,<Residue ILE het=  resseq=110 icode= >,3l2c_A_A,1.868
144,1.572,ILE, ,CG2,17.47,12.61,0.0,2.11,1.0,<Residue ILE het=  resseq=110 icode= >,3l2c_A_A,1.868
145,0.0,ILE, ,CD1,17.12,10.43,0.0,2.24,1.0,<Residue ILE het=  resseq=110 icode= >,3l2c_A_A,1.868
146,0.0,GLU, ,N,20.77,15.42,0.0,3.47,1.0,<Residue GLU het=  resseq=111 icode= >,3l2c_A_A,1.868
147,0.145,GLU, ,CA,24.01,16.81,0.0,3.46,1.0,<Residue GLU het=  resseq=111 icode= >,3l2c_A_A,1.868
148,1.054,GLU, ,C,24.07,17.43,0.0,3.51,1.0,<Residue GLU het=  resseq=111 icode= >,3l2c_A_A,1.868
149,7.635,GLU, ,O,25.0,18.35,0.0,3.12,1.0,<Residue GLU het=  resseq=111 icode= >,3l2c_A_A,1.868
150,11.145,GLU, ,CB,23.9,16.99,0.0,2.07,1.0,<Residue GLU het=  resseq=111 icode= >,3l2c_A_A,1.868
151,9.203,GLU, ,CG,26.4,15.95,0.0,1.86,1.0,<Residue GLU het=  resseq=111 icode= >,3l2c_A_A,1.868
152,8.982,GLU, ,CD,29.06,14.98,0.0,1.35,1.0,<Residue GLU het=  resseq=111 icode= >,3l2c_A_A,1.868
153,23.515,GLU, ,OE1,36.78,15.01,0.0,0.87,1.0,<Residue GLU het=  resseq=111 icode= >,3l2c_A_A,1.868
154,29.647,GLU, ,OE2,35.38,14.24,0.0,1.33,1.0,<Residue GLU het=  resseq=111 icode= >,3l2c_A_A,1.868
155,0.182,SER, ,N,24.13,17.04,0.0,3.92,1.0,<Residue SER het=  resseq=112 icode= >,3l2c_A_A,1.868
156,11.298,SER, ,CA,23.87,17.75,0.0,2.86,1.0,<Residue SER het=  resseq=112 icode= >,3l2c_A_A,1.868
157,0.978,SER, ,C,23.56,17.40,0.0,2.95,1.0,<Residue SER het=  resseq=112 icode= >,3l2c_A_A,1.868
158,22.794,SER, ,O,24.45,18.23,0.0,2.75,1.0,<Residue SER het=  resseq=112 icode= >,3l2c_A_A,1.868
159,26.98,SER, ,CB,24.16,17.69,0.0,1.99,1.0,<Residue SER het=  resseq=112 icode= >,3l2c_A_A,1.868
160,6.373,SER, ,OG,24.19,16.48,0.0,3.22,1.0,<Residue SER het=  resseq=112 icode= >,3l2c_A_A,1.868
161,0.0,ALA, ,N,22.46,16.27,0.0,3.23,1.0,<Residue ALA het=  resseq=113 icode= >,3l2c_A_A,1.868
162,3.914,ALA, ,CA,22.17,16.00,0.0,2.77,1.0,<Residue ALA het=  resseq=113 icode= >,3l2c_A_A,1.868
163,0.235,ALA, ,C,22.17,17.00,0.0,4.26,1.0,<Residue ALA het=  resseq=113 icode= >,3l2c_A_A,1.868
164,1.043,ALA, ,O,20.95,17.28,0.0,4.37,1.0,<Residue ALA het=  resseq=113 icode= >,3l2c_A_A,1.868
165,3.605,ALA, ,CB,21.55,14.57,0.0,2.29,1.0,<Residue ALA het=  resseq=113 icode= >,3l2c_A_A,1.868
166,0.0,PRO, ,N,23.26,17.71,0.0,3.26,1.0,<Residue PRO het=  resseq=114 icode= >,3l2c_A_A,1.868
167,12.813,PRO, ,CA,23.71,18.76,0.0,1.55,1.0,<Residue PRO het=  resseq=114 icode= >,3l2c_A_A,1.868
168,0.324,PRO, ,C,22.71,18.31,0.0,3.06,1.0,<Residue PRO het=  resseq=114 icode= >,3l2c_A_A,1.868
169,21.54,PRO, ,O,23.69,19.05,0.0,2.62,1.0,<Residue PRO het=  resseq=114 icode= >,3l2c_A_A,1.868
170,30.955,PRO, ,CB,24.47,19.29,0.0,1.49,1.0,<Residue PRO het=  resseq=114 icode= >,3l2c_A_A,1.868
171,43.467,PRO, ,CG,25.75,19.14,0.0,1.22,1.0,<Residue PRO het=  resseq=114 icode= >,3l2c_A_A,1.868
172,25.151,PRO, ,CD,24.05,17.74,0.0,1.93,1.0,<Residue PRO het=  resseq=114 icode= >,3l2c_A_A,1.868
173,1.484,GLU, ,N,20.78,17.19,0.0,3.20,1.0,<Residue GLU het=  resseq=115 icode= >,3l2c_A_A,1.868
174,5.382,GLU, ,CA,19.21,16.81,0.0,2.93,1.0,<Residue GLU het=  resseq=115 icode= >,3l2c_A_A,1.868
175,0.45,GLU, ,C,18.12,15.88,0.0,3.98,1.0,<Residue GLU het=  resseq=115 icode= >,3l2c_A_A,1.868
176,7.337,GLU, ,O,17.49,15.37,0.0,3.92,1.0,<Residue GLU het=  resseq=115 icode= >,3l2c_A_A,1.868
177,11.597,GLU, ,CB,19.08,16.47,0.0,2.96,1.0,<Residue GLU het=  resseq=115 icode= >,3l2c_A_A,1.868
178,21.607,GLU, ,CG,18.42,17.70,0.0,2.81,1.0,<Residue GLU het=  resseq=115 icode= >,3l2c_A_A,1.868
179,15.229,GLU, ,CD,17.53,17.66,0.0,4.19,1.0,<Residue GLU het=  resseq=115 icode= >,3l2c_A_A,1.868
180,19.696,GLU, ,OE1,18.28,16.56,0.0,3.75,1.0,<Residue GLU het=  resseq=115 icode= >,3l2c_A_A,1.868
181,41.408,GLU, ,OE2,16.96,18.75,0.0,4.42,1.0,<Residue GLU het=  resseq=115 icode= >,3l2c_A_A,1.868
182,0.0,LYS, ,N,17.02,15.78,0.0,3.78,1.0,<Residue LYS het=  resseq=116 icode= >,3l2c_A_A,1.868
183,0.0,LYS, ,CA,16.81,15.13,0.0,3.24,1.0,<Residue LYS het=  resseq=116 icode= >,3l2c_A_A,1.868
184,0.0,LYS, ,C,15.16,13.67,0.0,4.37,1.0,<Residue LYS het=  resseq=116 icode= >,3l2c_A_A,1.868
185,0.427,LYS, ,O,15.46,13.33,0.0,4.46,1.0,<Residue LYS het=  resseq=116 icode= >,3l2c_A_A,1.868
186,13.827,LYS, ,CB,17.84,16.00,0.0,3.12,1.0,<Residue LYS het=  resseq=116 icode= >,3l2c_A_A,1.868
187,22.282,LYS, ,CG,19.54,17.48,0.0,2.36,1.0,<Residue LYS het=  resseq=116 icode= >,3l2c_A_A,1.868
188,5.519,LYS, ,CD,21.07,17.78,0.0,2.09,1.0,<Residue LYS het=  resseq=116 icode= >,3l2c_A_A,1.868
189,38.132,LYS, ,CE,22.66,19.32,0.0,1.89,1.0,<Residue LYS het=  resseq=116 icode= >,3l2c_A_A,1.868
190,26.421,LYS, ,NZ,24.82,19.76,0.0,2.04,1.0,<Residue LYS het=  resseq=116 icode= >,3l2c_A_A,1.868
191,0.0,ARG, ,N,14.97,12.95,0.0,3.80,1.0,<Residue ARG het=  resseq=117 icode= >,3l2c_A_A,1.868
192,0.0,ARG, ,CA,14.06,11.53,0.0,3.46,1.0,<Residue ARG het=  resseq=117 icode= >,3l2c_A_A,1.868
193,0.0,ARG, ,C,13.82,10.96,0.0,4.00,1.0,<Residue ARG het=  resseq=117 icode= >,3l2c_A_A,1.868
194,4.502,ARG, ,O,12.95,11.77,0.0,5.04,1.0,<Residue ARG het=  resseq=117 icode= >,3l2c_A_A,1.868
195,0.0,ARG, ,CB,13.64,11.45,0.0,3.88,1.0,<Residue ARG het=  resseq=117 icode= >,3l2c_A_A,1.868
196,1.688,ARG, ,CG,15.43,12.04,0.0,3.02,1.0,<Residue ARG het=  resseq=117 icode= >,3l2c_A_A,1.868
197,4.411,ARG, ,CD,15.37,12.10,0.0,3.52,1.0,<Residue ARG het=  resseq=117 icode= >,3l2c_A_A,1.868
198,1.533,ARG, ,NE,13.51,12.52,0.0,3.68,1.0,<Residue ARG het=  resseq=117 icode= >,3l2c_A_A,1.868
199,2.072,ARG, ,CZ,14.2,12.63,0.0,4.11,1.0,<Residue ARG het=  resseq=117 icode= >,3l2c_A_A,1.868
200,32.243,ARG, ,NH1,16.43,12.35,0.0,3.49,1.0,<Residue ARG het=  resseq=117 icode= >,3l2c_A_A,1.868
201,33.263,ARG, ,NH2,17.9,13.17,0.0,3.22,1.0,<Residue ARG het=  resseq=117 icode= >,3l2c_A_A,1.868
202,0.0,LEU, ,N,14.1,9.71,0.0,3.80,1.0,<Residue LEU het=  resseq=118 icode= >,3l2c_A_A,1.868
203,0.0,LEU, ,CA,13.36,9.23,0.0,3.67,1.0,<Residue LEU het=  resseq=118 icode= >,3l2c_A_A,1.868
204,0.0,LEU, ,C,12.63,7.74,0.0,5.09,1.0,<Residue LEU het=  resseq=118 icode= >,3l2c_A_A,1.868
205,0.0,LEU, ,O,13.09,7.03,0.0,5.09,1.0,<Residue LEU het=  resseq=118 icode= >,3l2c_A_A,1.868
206,0.0,LEU, ,CB,14.0,9.61,0.0,3.02,1.0,<Residue LEU het=  resseq=118 icode= >,3l2c_A_A,1.868
207,0.0,LEU, ,CG,14.13,11.11,0.0,3.20,1.0,<Residue LEU het=  resseq=118 icode= >,3l2c_A_A,1.868
208,1.346,LEU, ,CD1,15.09,11.36,0.0,2.77,1.0,<Residue LEU het=  resseq=118 icode= >,3l2c_A_A,1.868
209,20.309,LEU, ,CD2,13.04,11.83,0.0,3.27,1.0,<Residue LEU het=  resseq=118 icode= >,3l2c_A_A,1.868
210,0.0,THR, ,N,13.01,7.44,0.0,4.21,1.0,<Residue THR het=  resseq=119 icode= >,3l2c_A_A,1.868
211,0.0,THR, ,CA,12.26,6.12,0.0,3.71,1.0,<Residue THR het=  resseq=119 icode= >,3l2c_A_A,1.868
212,0.0,THR, ,C,12.5,5.79,0.0,4.38,1.0,<Residue THR het=  resseq=119 icode= >,3l2c_A_A,1.868
213,0.0,THR, ,O,10.93,6.77,0.0,5.95,1.0,<Residue THR het=  resseq=119 icode= >,3l2c_A_A,1.868
214,2.331,THR, ,CB,13.18,6.42,0.0,3.01,1.0,<Residue THR het=  resseq=119 icode= >,3l2c_A_A,1.868
215,3.861,THR, ,OG1,14.73,6.26,0.0,4.14,1.0,<Residue THR het=  resseq=119 icode= >,3l2c_A_A,1.868
216,3.979,THR, ,CG2,13.79,7.25,0.0,2.90,1.0,<Residue THR het=  resseq=119 icode= >,3l2c_A_A,1.868
217,0.0,LEU, ,N,12.56,4.64,0.0,3.82,1.0,<Residue LEU het=  resseq=120 icode= >,3l2c_A_A,1.868
218,0.0,LEU, ,CA,12.94,4.75,0.0,2.94,1.0,<Residue LEU het=  resseq=120 icode= >,3l2c_A_A,1.868
219,0.0,LEU, ,C,12.74,5.12,0.0,4.49,1.0,<Residue LEU het=  resseq=120 icode= >,3l2c_A_A,1.868
220,0.0,LEU, ,O,13.41,5.64,0.0,4.37,1.0,<Residue LEU het=  resseq=120 icode= >,3l2c_A_A,1.868
221,3.797,LEU, ,CB,12.46,3.73,3.797,3.31,1.0,<Residue LEU het=  resseq=120 icode= >,3l2c_A_A,1.868
222,0.245,LEU, ,CG,13.17,4.17,0.245,2.69,1.0,<Residue LEU het=  resseq=120 icode= >,3l2c_A_A,1.868
223,0.073,LEU, ,CD1,14.34,5.14,0.0,2.50,1.0,<Residue LEU het=  resseq=120 icode= >,3l2c_A_A,1.868
224,34.388,LEU, ,CD2,13.24,3.55,33.032,2.38,1.0,<Residue LEU het=  resseq=120 icode= >,3l2c_A_A,1.868
225,1.583,ALA, ,N,13.24,4.48,1.569,4.98,1.0,<Residue ALA het=  resseq=121 icode= >,3l2c_A_A,1.868
226,0.408,ALA, ,CA,13.74,4.73,0.208,3.62,1.0,<Residue ALA het=  resseq=121 icode= >,3l2c_A_A,1.868
227,0.0,ALA, ,C,13.89,6.22,0.0,4.20,1.0,<Residue ALA het=  resseq=121 icode= >,3l2c_A_A,1.868
228,0.593,ALA, ,O,12.37,6.75,0.0,5.02,1.0,<Residue ALA het=  resseq=121 icode= >,3l2c_A_A,1.868
229,52.718,ALA, ,CB,14.01,4.07,15.791,2.71,1.0,<Residue ALA het=  resseq=121 icode= >,3l2c_A_A,1.868
230,0.0,GLN, ,N,13.51,6.80,0.0,4.09,1.0,<Residue GLN het=  resseq=122 icode= >,3l2c_A_A,1.868
231,0.0,GLN, ,CA,12.74,8.26,0.0,3.43,1.0,<Residue GLN het=  resseq=122 icode= >,3l2c_A_A,1.868
232,0.0,GLN, ,C,13.13,9.00,0.0,3.87,1.0,<Residue GLN het=  resseq=122 icode= >,3l2c_A_A,1.868
233,0.741,GLN, ,O,13.18,10.01,0.0,5.30,1.0,<Residue GLN het=  resseq=122 icode= >,3l2c_A_A,1.868
234,2.28,GLN, ,CB,13.58,8.88,0.0,2.71,1.0,<Residue GLN het=  resseq=122 icode= >,3l2c_A_A,1.868
235,8.493,GLN, ,CG,15.16,8.74,0.0,3.30,1.0,<Residue GLN het=  resseq=122 icode= >,3l2c_A_A,1.868
236,0.505,GLN, ,CD,19.56,9.58,0.0,3.74,1.0,<Residue GLN het=  resseq=122 icode= >,3l2c_A_A,1.868
237,0.649,GLN, ,OE1,16.2,9.72,0.0,4.54,1.0,<Residue GLN het=  resseq=122 icode= >,3l2c_A_A,1.868
238,51.127,GLN, ,NE2,24.95,10.31,0.0,1.67,1.0,<Residue GLN het=  resseq=122 icode= >,3l2c_A_A,1.868
239,0.0,ILE, ,N,12.46,8.49,0.0,4.80,1.0,<Residue ILE het=  resseq=123 icode= >,3l2c_A_A,1.868
240,0.0,ILE, ,CA,11.53,9.17,0.0,4.20,1.0,<Residue ILE het=  resseq=123 icode= >,3l2c_A_A,1.868
241,0.0,ILE, ,C,12.3,8.96,0.0,3.89,1.0,<Residue ILE het=  resseq=123 icode= >,3l2c_A_A,1.868
242,0.0,ILE, ,O,11.12,10.02,0.0,5.22,1.0,<Residue ILE het=  resseq=123 icode= >,3l2c_A_A,1.868
243,0.0,ILE, ,CB,11.84,8.62,0.0,2.99,1.0,<Residue ILE het=  resseq=123 icode= >,3l2c_A_A,1.868
244,0.0,ILE, ,CG1,9.84,8.32,0.0,3.50,1.0,<Residue ILE het=  resseq=123 icode= >,3l2c_A_A,1.868
245,0.0,ILE, ,CG2,11.09,9.45,0.0,2.90,1.0,<Residue ILE het=  resseq=123 icode= >,3l2c_A_A,1.868
246,0.0,ILE, ,CD1,12.11,7.44,0.0,3.05,1.0,<Residue ILE het=  resseq=123 icode= >,3l2c_A_A,1.868
247,0.0,TYR, ,N,12.39,7.76,0.0,4.48,1.0,<Residue TYR het=  resseq=124 icode= >,3l2c_A_A,1.868
248,0.0,TYR, ,CA,13.37,7.90,0.0,3.89,1.0,<Residue TYR het=  resseq=124 icode= >,3l2c_A_A,1.868
249,0.117,TYR, ,C,14.59,8.95,0.0,4.12,1.0,<Residue TYR het=  resseq=124 icode= >,3l2c_A_A,1.868
250,0.0,TYR, ,O,13.89,9.93,0.0,5.01,1.0,<Residue TYR het=  resseq=124 icode= >,3l2c_A_A,1.868
251,6.692,TYR, ,CB,12.87,6.74,0.0,3.59,1.0,<Residue TYR het=  resseq=124 icode= >,3l2c_A_A,1.868
252,0.0,TYR, ,CG,12.97,5.66,0.0,4.00,1.0,<Residue TYR het=  resseq=124 icode= >,3l2c_A_A,1.868
253,0.0,TYR, ,CD1,12.17,6.23,0.0,4.47,1.0,<Residue TYR het=  resseq=124 icode= >,3l2c_A_A,1.868
254,6.294,TYR, ,CD2,11.04,4.39,0.234,4.06,1.0,<Residue TYR het=  resseq=124 icode= >,3l2c_A_A,1.868
255,0.0,TYR, ,CE1,13.37,5.71,0.0,3.34,1.0,<Residue TYR het=  resseq=124 icode= >,3l2c_A_A,1.868
256,9.125,TYR, ,CE2,11.81,3.57,7.578,3.16,1.0,<Residue TYR het=  resseq=124 icode= >,3l2c_A_A,1.868
257,0.0,TYR, ,CZ,12.4,4.41,0.0,4.00,1.0,<Residue TYR het=  resseq=124 icode= >,3l2c_A_A,1.868
258,0.111,TYR, ,OH,14.81,4.33,0.048,4.13,1.0,<Residue TYR het=  resseq=124 icode= >,3l2c_A_A,1.868
259,0.134,GLU, ,N,15.31,8.92,0.0,4.76,1.0,<Residue GLU het=  resseq=125 icode= >,3l2c_A_A,1.868
260,4.834,GLU, ,CA,17.77,10.08,0.0,3.16,1.0,<Residue GLU het=  resseq=125 icode= >,3l2c_A_A,1.868
261,0.0,GLU, ,C,15.84,11.36,0.0,4.43,1.0,<Residue GLU het=  resseq=125 icode= >,3l2c_A_A,1.868
262,1.405,GLU, ,O,15.73,12.34,0.0,5.04,1.0,<Residue GLU het=  resseq=125 icode= >,3l2c_A_A,1.868
263,4.47,GLU, ,CB,17.03,10.17,0.0,3.08,1.0,<Residue GLU het=  resseq=125 icode= >,3l2c_A_A,1.868
264,21.931,GLU, ,CG,23.52,9.17,0.0,0.94,1.0,<Residue GLU het=  resseq=125 icode= >,3l2c_A_A,1.868
265,8.453,GLU, ,CD,24.72,9.04,0.0,0.88,1.0,<Residue GLU het=  resseq=125 icode= >,3l2c_A_A,1.868
266,21.917,GLU, ,OE1,32.87,9.96,0.0,1.72,1.0,<Residue GLU het=  resseq=125 icode= >,3l2c_A_A,1.868
267,26.592,GLU, ,OE2,32.03,8.11,0.0,0.81,1.0,<Residue GLU het=  resseq=125 icode= >,3l2c_A_A,1.868
268,0.0,TRP, ,N,15.49,11.48,0.0,5.09,1.0,<Residue TRP het=  resseq=126 icode= >,3l2c_A_A,1.868
269,0.0,TRP, ,CA,15.7,12.80,0.0,3.39,1.0,<Residue TRP het=  resseq=126 icode= >,3l2c_A_A,1.868
270,0.0,TRP, ,C,15.52,13.27,0.0,3.91,1.0,<Residue TRP het=  resseq=126 icode= >,3l2c_A_A,1.868
271,0.0,TRP, ,O,14.91,14.44,0.0,4.23,1.0,<Residue TRP het=  resseq=126 icode= >,3l2c_A_A,1.868
272,0.16,TRP, ,CB,15.56,12.96,0.0,3.24,1.0,<Residue TRP het=  resseq=126 icode= >,3l2c_A_A,1.868
273,0.0,TRP, ,CG,16.45,14.41,0.0,3.18,1.0,<Residue TRP het=  resseq=126 icode= >,3l2c_A_A,1.868
274,4.129,TRP, ,CD1,18.45,15.49,0.0,2.48,1.0,<Residue TRP het=  resseq=126 icode= >,3l2c_A_A,1.868
275,0.0,TRP, ,CD2,16.44,14.67,0.0,3.72,1.0,<Residue TRP het=  resseq=126 icode= >,3l2c_A_A,1.868
276,7.184,TRP, ,NE1,17.61,16.48,0.0,3.65,1.0,<Residue TRP het=  resseq=126 icode= >,3l2c_A_A,1.868
277,0.0,TRP, ,CE2,16.89,15.17,0.0,3.43,1.0,<Residue TRP het=  resseq=126 icode= >,3l2c_A_A,1.868
278,0.0,TRP, ,CE3,16.26,13.37,0.0,2.99,1.0,<Residue TRP het=  resseq=126 icode= >,3l2c_A_A,1.868
279,7.055,TRP, ,CZ2,18.19,14.37,0.0,2.71,1.0,<Residue TRP het=  resseq=126 icode= >,3l2c_A_A,1.868
280,0.0,TRP, ,CZ3,17.3,12.52,0.0,3.20,1.0,<Residue TRP het=  resseq=126 icode= >,3l2c_A_A,1.868
281,1.083,TRP, ,CH2,18.95,13.03,0.0,2.61,1.0,<Residue TRP het=  resseq=126 icode= >,3l2c_A_A,1.868
282,0.0,MET, ,N,14.87,12.47,0.0,3.79,1.0,<Residue MET het=  resseq=127 icode= >,3l2c_A_A,1.868
283,0.0,MET, ,CA,15.58,13.05,0.0,2.92,1.0,<Residue MET het=  resseq=127 icode= >,3l2c_A_A,1.868
284,0.0,MET, ,C,14.73,13.54,0.0,4.62,1.0,<Residue MET het=  resseq=127 icode= >,3l2c_A_A,1.868
285,0.0,MET, ,O,14.76,13.62,0.0,4.47,1.0,<Residue MET het=  resseq=127 icode= >,3l2c_A_A,1.868
286,0.0,MET, ,CB,15.22,11.77,0.0,3.33,1.0,<Residue MET het=  resseq=127 icode= >,3l2c_A_A,1.868
287,0.0,MET, ,CG,19.48,11.41,0.0,2.51,1.0,<Residue MET het=  resseq=127 icode= >,3l2c_A_A,1.868
288,0.634,MET, ,SD,25.73,10.64,0.0,4.87,1.0,<Residue MET het=  resseq=127 icode= >,3l2c_A_A,1.868
289,0.049,MET, ,CE,21.13,10.41,0.0,0.65,1.0,<Residue MET het=  resseq=127 icode= >,3l2c_A_A,1.868
290,0.0,VAL, ,N,14.93,12.79,0.0,5.12,1.0,<Residue VAL het=  resseq=128 icode= >,3l2c_A_A,1.868
291,0.0,VAL, ,CA,15.49,13.39,0.0,3.79,1.0,<Residue VAL het=  resseq=128 icode= >,3l2c_A_A,1.868
292,0.0,VAL, ,C,17.24,14.61,0.0,3.85,1.0,<Residue VAL het=  resseq=128 icode= >,3l2c_A_A,1.868
293,3.31,VAL, ,O,16.34,15.60,0.0,4.85,1.0,<Residue VAL het=  resseq=128 icode= >,3l2c_A_A,1.868
294,2.235,VAL, ,CB,15.45,12.41,0.0,3.28,1.0,<Residue VAL het=  resseq=128 icode= >,3l2c_A_A,1.868
295,25.523,VAL, ,CG1,16.03,13.12,0.0,2.51,1.0,<Residue VAL het=  resseq=128 icode= >,3l2c_A_A,1.868
296,3.969,VAL, ,CG2,15.17,11.43,0.0,2.71,1.0,<Residue VAL het=  resseq=128 icode= >,3l2c_A_A,1.868
297,0.167,ARG, ,N,17.87,14.63,0.0,4.15,1.0,<Residue ARG het=  resseq=129 icode= >,3l2c_A_A,1.868
298,9.166,ARG, ,CA,20.29,15.82,0.0,2.65,1.0,<Residue ARG het=  resseq=129 icode= >,3l2c_A_A,1.868
299,0.0,ARG, ,C,19.0,16.96,0.0,4.29,1.0,<Residue ARG het=  resseq=129 icode= >,3l2c_A_A,1.868
300,14.137,ARG, ,O,20.44,18.11,0.0,3.67,1.0,<Residue ARG het=  resseq=129 icode= >,3l2c_A_A,1.868
301,6.243,ARG, ,CB,20.23,15.52,0.0,2.20,1.0,<Residue ARG het=  resseq=129 icode= >,3l2c_A_A,1.868
302,22.797,ARG, ,CG,24.97,16.80,0.0,1.27,1.0,<Residue ARG het=  resseq=129 icode= >,3l2c_A_A,1.868
303,36.948,ARG, ,CD,24.5,16.69,0.0,1.66,1.0,<Residue ARG het=  resseq=129 icode= >,3l2c_A_A,1.868
304,12.394,ARG, ,NE,32.9,16.06,0.0,1.76,1.0,<Residue ARG het=  resseq=129 icode= >,3l2c_A_A,1.868
305,4.228,ARG, ,CZ,35.51,14.84,0.0,1.95,1.0,<Residue ARG het=  resseq=129 icode= >,3l2c_A_A,1.868
306,22.991,ARG, ,NH1,38.86,14.11,0.0,0.72,1.0,<Residue ARG het=  resseq=129 icode= >,3l2c_A_A,1.868
307,26.983,ARG, ,NH2,35.89,14.48,0.0,1.34,1.0,<Residue ARG het=  resseq=129 icode= >,3l2c_A_A,1.868
308,0.0,THR, ,N,18.48,16.70,0.0,4.26,1.0,<Residue THR het=  resseq=130 icode= >,3l2c_A_A,1.868
309,4.112,THR, ,CA,18.32,16.48,0.0,3.01,1.0,<Residue THR het=  resseq=130 icode= >,3l2c_A_A,1.868
310,0.0,THR, ,C,18.09,15.47,0.0,3.26,1.0,<Residue THR het=  resseq=130 icode= >,3l2c_A_A,1.868
311,13.497,THR, ,O,17.55,15.66,0.0,4.06,1.0,<Residue THR het=  resseq=130 icode= >,3l2c_A_A,1.868
312,0.031,THR, ,CB,18.49,16.03,0.0,3.74,1.0,<Residue THR het=  resseq=130 icode= >,3l2c_A_A,1.868
313,4.416,THR, ,OG1,21.29,16.95,0.0,3.16,1.0,<Residue THR het=  resseq=130 icode= >,3l2c_A_A,1.868
314,39.471,THR, ,CG2,21.05,16.05,0.0,2.23,1.0,<Residue THR het=  resseq=130 icode= >,3l2c_A_A,1.868
315,0.0,VAL, ,N,16.38,14.51,0.0,4.23,1.0,<Residue VAL het=  resseq=131 icode= >,3l2c_A_A,1.868
316,0.953,VAL, ,CA,16.08,13.54,0.0,3.35,1.0,<Residue VAL het=  resseq=131 icode= >,3l2c_A_A,1.868
317,0.0,VAL, ,C,15.56,13.86,0.0,3.68,1.0,<Residue VAL het=  resseq=131 icode= >,3l2c_A_A,1.868
318,0.0,VAL, ,O,15.57,13.46,0.0,4.40,1.0,<Residue VAL het=  resseq=131 icode= >,3l2c_A_A,1.868
319,0.0,VAL, ,CB,15.16,12.15,0.0,3.72,1.0,<Residue VAL het=  resseq=131 icode= >,3l2c_A_A,1.868
320,1.911,VAL, ,CG1,15.42,11.17,0.0,2.89,1.0,<Residue VAL het=  resseq=131 icode= >,3l2c_A_A,1.868
321,4.809,VAL, ,CG2,17.67,11.77,0.0,2.64,1.0,<Residue VAL het=  resseq=131 icode= >,3l2c_A_A,1.868
322,0.0,PRO, ,N,15.64,14.53,0.0,3.27,1.0,<Residue PRO het=  resseq=132 icode= >,3l2c_A_A,1.868
323,0.333,PRO, ,CA,14.97,14.91,0.0,3.41,1.0,<Residue PRO het=  resseq=132 icode= >,3l2c_A_A,1.868
324,2.188,PRO, ,C,14.65,13.89,0.0,4.30,1.0,<Residue PRO het=  resseq=132 icode= >,3l2c_A_A,1.868
325,9.746,PRO, ,O,15.31,14.28,0.0,4.53,1.0,<Residue PRO het=  resseq=132 icode= >,3l2c_A_A,1.868
326,34.117,PRO, ,CB,15.56,15.52,0.0,2.80,1.0,<Residue PRO het=  resseq=132 icode= >,3l2c_A_A,1.868
327,36.181,PRO, ,CG,14.81,15.78,0.0,2.95,1.0,<Residue PRO het=  resseq=132 icode= >,3l2c_A_A,1.868
328,18.833,PRO, ,CD,16.0,14.65,0.0,3.01,1.0,<Residue PRO het=  resseq=132 icode= >,3l2c_A_A,1.868
329,2.151,TYR, ,N,14.88,12.71,0.0,4.25,1.0,<Residue TYR het=  resseq=133 icode= >,3l2c_A_A,1.868
330,9.894,TYR, ,CA,15.08,11.66,0.0,3.50,1.0,<Residue TYR het=  resseq=133 icode= >,3l2c_A_A,1.868
331,0.0,TYR, ,C,15.44,11.47,0.0,3.79,1.0,<Residue TYR het=  resseq=133 icode= >,3l2c_A_A,1.868
332,1.067,TYR, ,O,13.99,11.46,0.0,4.97,1.0,<Residue TYR het=  resseq=133 icode= >,3l2c_A_A,1.868
333,2.384,TYR, ,CB,15.64,10.34,0.0,2.94,1.0,<Residue TYR het=  resseq=133 icode= >,3l2c_A_A,1.868
334,0.0,TYR, ,CG,19.01,9.15,0.0,2.64,1.0,<Residue TYR het=  resseq=133 icode= >,3l2c_A_A,1.868
335,13.031,TYR, ,CD1,20.96,9.10,0.0,2.45,1.0,<Residue TYR het=  resseq=133 icode= >,3l2c_A_A,1.868
336,0.0,TYR, ,CD2,18.1,8.31,0.0,2.59,1.0,<Residue TYR het=  resseq=133 icode= >,3l2c_A_A,1.868
337,16.587,TYR, ,CE1,21.11,8.23,0.0,2.42,1.0,<Residue TYR het=  resseq=133 icode= >,3l2c_A_A,1.868
338,3.493,TYR, ,CE2,19.96,7.33,0.0,2.10,1.0,<Residue TYR het=  resseq=133 icode= >,3l2c_A_A,1.868
339,0.262,TYR, ,CZ,20.66,7.28,0.0,2.87,1.0,<Residue TYR het=  resseq=133 icode= >,3l2c_A_A,1.868
340,32.782,TYR, ,OH,21.45,6.62,0.0,3.45,1.0,<Residue TYR het=  resseq=133 icode= >,3l2c_A_A,1.868
341,0.0,PHE, ,N,14.78,11.54,0.0,3.95,1.0,<Residue PHE het=  resseq=134 icode= >,3l2c_A_A,1.868
342,0.0,PHE, ,CA,14.3,11.57,0.0,3.70,1.0,<Residue PHE het=  resseq=134 icode= >,3l2c_A_A,1.868
343,0.0,PHE, ,C,14.83,12.99,0.0,4.41,1.0,<Residue PHE het=  resseq=134 icode= >,3l2c_A_A,1.868
344,0.0,PHE, ,O,14.43,13.27,0.0,5.14,1.0,<Residue PHE het=  resseq=134 icode= >,3l2c_A_A,1.868
345,0.0,PHE, ,CB,13.55,11.06,0.0,2.98,1.0,<Residue PHE het=  resseq=134 icode= >,3l2c_A_A,1.868
346,0.0,PHE, ,CG,12.62,9.61,0.0,3.90,1.0,<Residue PHE het=  resseq=134 icode= >,3l2c_A_A,1.868
347,0.0,PHE, ,CD1,14.98,9.29,0.0,3.04,1.0,<Residue PHE het=  resseq=134 icode= >,3l2c_A_A,1.868
348,0.0,PHE, ,CD2,14.95,8.71,0.0,3.04,1.0,<Residue PHE het=  resseq=134 icode= >,3l2c_A_A,1.868
349,0.0,PHE, ,CE1,15.68,8.00,0.0,3.04,1.0,<Residue PHE het=  resseq=134 icode= >,3l2c_A_A,1.868
350,0.0,PHE, ,CE2,15.61,7.33,0.0,3.24,1.0,<Residue PHE het=  resseq=134 icode= >,3l2c_A_A,1.868
351,0.395,PHE, ,CZ,16.15,6.90,0.0,3.38,1.0,<Residue PHE het=  resseq=134 icode= >,3l2c_A_A,1.868
352,0.0,LYS, ,N,17.16,13.96,0.0,4.29,1.0,<Residue LYS het=  resseq=135 icode= >,3l2c_A_A,1.868
353,0.0,LYS, ,CA,19.61,15.35,0.0,3.03,1.0,<Residue LYS het=  resseq=135 icode= >,3l2c_A_A,1.868
354,1.044,LYS, ,C,21.23,15.76,0.0,3.72,1.0,<Residue LYS het=  resseq=135 icode= >,3l2c_A_A,1.868
355,20.082,LYS, ,O,22.24,15.54,0.0,2.97,1.0,<Residue LYS het=  resseq=135 icode= >,3l2c_A_A,1.868
356,18.558,LYS, ,CB,19.49,16.39,0.0,2.28,1.0,<Residue LYS het=  resseq=135 icode= >,3l2c_A_A,1.868
357,0.943,LYS, ,CG,19.21,16.47,0.0,2.75,1.0,<Residue LYS het=  resseq=135 icode= >,3l2c_A_A,1.868
358,25.186,LYS, ,CD,19.57,17.66,0.0,2.74,1.0,<Residue LYS het=  resseq=135 icode= >,3l2c_A_A,1.868
359,2.322,LYS, ,CE,19.72,17.89,0.0,3.01,1.0,<Residue LYS het=  resseq=135 icode= >,3l2c_A_A,1.868
360,44.98,LYS, ,NZ,20.87,19.21,0.0,2.82,1.0,<Residue LYS het=  resseq=135 icode= >,3l2c_A_A,1.868
361,0.31,ASP, ,N,23.34,15.18,0.0,4.03,1.0,<Residue ASP het=  resseq=136 icode= >,3l2c_A_A,1.868
362,8.877,ASP, ,CA,26.26,15.52,0.0,2.33,1.0,<Residue ASP het=  resseq=136 icode= >,3l2c_A_A,1.868
363,1.904,ASP, ,C,26.5,14.19,0.0,2.95,1.0,<Residue ASP het=  resseq=136 icode= >,3l2c_A_A,1.868
364,13.06,ASP, ,O,27.71,13.97,0.0,2.28,1.0,<Residue ASP het=  resseq=136 icode= >,3l2c_A_A,1.868
365,36.057,ASP, ,CB,26.75,16.02,0.0,1.93,1.0,<Residue ASP het=  resseq=136 icode= >,3l2c_A_A,1.868
366,9.057,ASP, ,CG,31.17,14.71,0.0,2.39,1.0,<Residue ASP het=  resseq=136 icode= >,3l2c_A_A,1.868
367,1.485,ASP, ,OD1,32.6,13.65,0.0,2.63,1.0,<Residue ASP het=  resseq=136 icode= >,3l2c_A_A,1.868
368,39.37,ASP, ,OD2,36.73,14.83,0.0,1.15,1.0,<Residue ASP het=  resseq=136 icode= >,3l2c_A_A,1.868
369,0.0,LYS, ,N,26.73,13.40,0.0,2.66,1.0,<Residue LYS het=  resseq=137 icode= >,3l2c_A_A,1.868
370,1.091,LYS, ,CA,26.32,12.17,0.0,3.31,1.0,<Residue LYS het=  resseq=137 icode= >,3l2c_A_A,1.868
371,0.0,LYS, ,C,26.98,10.88,0.0,3.80,1.0,<Residue LYS het=  resseq=137 icode= >,3l2c_A_A,1.868
372,0.0,LYS, ,O,27.78,9.86,0.0,2.86,1.0,<Residue LYS het=  resseq=137 icode= >,3l2c_A_A,1.868
373,1.093,LYS, ,CB,26.56,11.80,0.0,2.63,1.0,<Residue LYS het=  resseq=137 icode= >,3l2c_A_A,1.868
374,8.992,LYS, ,CG,26.37,11.45,0.0,2.35,1.0,<Residue LYS het=  resseq=137 icode= >,3l2c_A_A,1.868
375,3.966,LYS, ,CD,29.34,10.03,0.0,1.78,1.0,<Residue LYS het=  resseq=137 icode= >,3l2c_A_A,1.868
376,26.023,LYS, ,CE,28.99,9.91,0.0,1.90,1.0,<Residue LYS het=  resseq=137 icode= >,3l2c_A_A,1.868
377,9.297,LYS, ,NZ,25.87,10.70,0.0,2.38,1.0,<Residue LYS het=  resseq=137 icode= >,3l2c_A_A,1.868
378,2.644,GLY, ,N,28.1,11.02,0.0,3.07,1.0,<Residue GLY het=  resseq=138 icode= >,3l2c_A_A,1.868
379,15.543,GLY, ,CA,28.91,10.01,0.0,2.33,1.0,<Residue GLY het=  resseq=138 icode= >,3l2c_A_A,1.868
380,4.875,GLY, ,C,30.53,8.93,0.0,2.60,1.0,<Residue GLY het=  resseq=138 icode= >,3l2c_A_A,1.868
381,21.187,GLY, ,O,29.81,7.85,0.0,2.73,1.0,<Residue GLY het=  resseq=138 icode= >,3l2c_A_A,1.868
382,2.583,ASP, ,N,31.48,9.36,0.0,2.81,1.0,<Residue ASP het=  resseq=139 icode= >,3l2c_A_A,1.868
383,9.797,ASP, ,CA,33.35,8.74,0.0,2.38,1.0,<Residue ASP het=  resseq=139 icode= >,3l2c_A_A,1.868
384,1.605,ASP, ,C,33.01,7.72,0.0,2.58,1.0,<Residue ASP het=  resseq=139 icode= >,3l2c_A_A,1.868
385,28.27,ASP, ,O,34.8,7.23,0.0,1.05,1.0,<Residue ASP het=  resseq=139 icode= >,3l2c_A_A,1.868
386,35.826,ASP, ,CB,34.71,9.98,0.0,1.12,1.0,<Residue ASP het=  resseq=139 icode= >,3l2c_A_A,1.868
387,9.883,ASP, ,CG,38.91,11.00,0.0,0.88,1.0,<Residue ASP het=  resseq=139 icode= >,3l2c_A_A,1.868
388,10.935,ASP, ,OD1,42.93,10.83,0.0,1.00,1.0,<Residue ASP het=  resseq=139 icode= >,3l2c_A_A,1.868
389,38.602,ASP, ,OD2,44.62,12.15,0.0,-0.10,1.0,<Residue ASP het=  resseq=139 icode= >,3l2c_A_A,1.868
390,0.0,SER, ,N,31.81,7.61,0.0,2.83,1.0,<Residue SER het=  resseq=140 icode= >,3l2c_A_A,1.868
391,10.146,SER, ,CA,30.03,7.02,0.0,2.75,1.0,<Residue SER het=  resseq=140 icode= >,3l2c_A_A,1.868
392,0.582,SER, ,C,29.04,5.51,0.0,2.68,1.0,<Residue SER het=  resseq=140 icode= >,3l2c_A_A,1.868
393,8.683,SER, ,O,28.11,4.93,0.564,3.12,1.0,<Residue SER het=  resseq=140 icode= >,3l2c_A_A,1.868
394,16.439,SER, ,CB,30.87,7.84,0.0,2.16,1.0,<Residue SER het=  resseq=140 icode= >,3l2c_A_A,1.868
395,0.0,SER, ,OG,30.84,7.77,0.0,2.42,1.0,<Residue SER het=  resseq=140 icode= >,3l2c_A_A,1.868
396,5.123,ASN, ,N,26.97,5.17,0.0,2.53,1.0,<Residue ASN het=  resseq=141 icode= >,3l2c_A_A,1.868
397,7.267,ASN, ,CA,25.35,3.74,5.953,2.43,1.0,<Residue ASN het=  resseq=141 icode= >,3l2c_A_A,1.868
398,0.0,ASN, ,C,23.77,3.74,0.0,3.53,1.0,<Residue ASN het=  resseq=141 icode= >,3l2c_A_A,1.868
399,0.0,ASN, ,O,22.29,4.92,0.0,4.45,1.0,<Residue ASN het=  resseq=141 icode= >,3l2c_A_A,1.868
400,31.969,ASN, ,CB,25.56,3.19,18.052,2.17,1.0,<Residue ASN het=  resseq=141 icode= >,3l2c_A_A,1.868
401,4.957,ASN, ,CG,27.39,3.91,1.104,2.83,1.0,<Residue ASN het=  resseq=141 icode= >,3l2c_A_A,1.868
402,3.004,ASN, ,OD1,26.74,4.44,0.0,2.64,1.0,<Residue ASN het=  resseq=141 icode= >,3l2c_A_A,1.868
403,53.287,ASN, ,ND2,31.85,4.47,4.07,1.14,1.0,<Residue ASN het=  resseq=141 icode= >,3l2c_A_A,1.868
404,4.911,SER, ,N,22.9,2.84,4.781,2.76,1.0,<Residue SER het=  resseq=142 icode= >,3l2c_A_A,1.868
405,0.0,SER, ,CA,21.68,3.70,0.0,2.80,1.0,<Residue SER het=  resseq=142 icode= >,3l2c_A_A,1.868
406,0.72,SER, ,C,21.92,4.69,0.0,3.31,1.0,<Residue SER het=  resseq=142 icode= >,3l2c_A_A,1.868
407,0.0,SER, ,O,20.52,5.07,0.0,4.28,1.0,<Residue SER het=  resseq=142 icode= >,3l2c_A_A,1.868
408,29.993,SER, ,CB,21.92,3.48,29.133,2.37,1.0,<Residue SER het=  resseq=142 icode= >,3l2c_A_A,1.868
409,26.103,SER, ,OG,21.8,3.41,24.047,3.20,1.0,<Residue SER het=  resseq=142 icode= >,3l2c_A_A,1.868
410,2.71,SER, ,N,21.88,4.68,0.279,2.97,1.0,<Residue SER het=  resseq=143 icode= >,3l2c_A_A,1.868
411,6.358,SER, ,CA,22.07,5.99,0.0,2.38,1.0,<Residue SER het=  resseq=143 icode= >,3l2c_A_A,1.868
412,0.585,SER, ,C,21.05,7.05,0.0,3.50,1.0,<Residue SER het=  resseq=143 icode= >,3l2c_A_A,1.868
413,15.734,SER, ,O,21.69,6.20,0.0,2.91,1.0,<Residue SER het=  resseq=143 icode= >,3l2c_A_A,1.868
414,45.146,SER, ,CB,22.8,6.19,0.0,1.62,1.0,<Residue SER het=  resseq=143 icode= >,3l2c_A_A,1.868
415,16.624,SER, ,OG,25.85,6.09,0.0,1.87,1.0,<Residue SER het=  resseq=143 icode= >,3l2c_A_A,1.868
416,0.119,ALA, ,N,20.1,6.86,0.0,3.64,1.0,<Residue ALA het=  resseq=144 icode= >,3l2c_A_A,1.868
417,12.638,ALA, ,CA,18.67,7.02,0.0,3.33,1.0,<Residue ALA het=  resseq=144 icode= >,3l2c_A_A,1.868
418,0.0,ALA, ,C,18.78,6.01,0.0,3.89,1.0,<Residue ALA het=  resseq=144 icode= >,3l2c_A_A,1.868
419,0.0,ALA, ,O,17.85,6.54,0.0,4.24,1.0,<Residue ALA het=  resseq=144 icode= >,3l2c_A_A,1.868
420,6.944,ALA, ,CB,19.19,8.10,0.0,2.66,1.0,<Residue ALA het=  resseq=144 icode= >,3l2c_A_A,1.868
421,12.694,GLY, ,N,17.18,4.78,0.0,3.88,1.0,<Residue GLY het=  resseq=145 icode= >,3l2c_A_A,1.868
422,36.035,GLY, ,CA,16.52,3.89,21.751,2.90,1.0,<Residue GLY het=  resseq=145 icode= >,3l2c_A_A,1.868
423,3.17,GLY, ,C,16.18,4.92,1.023,3.85,1.0,<Residue GLY het=  resseq=145 icode= >,3l2c_A_A,1.868
424,0.935,GLY, ,O,15.27,5.27,0.44,3.97,1.0,<Residue GLY het=  resseq=145 icode= >,3l2c_A_A,1.868
425,4.536,TRP, ,N,14.73,5.63,0.0,4.35,1.0,<Residue TRP het=  resseq=146 icode= >,3l2c_A_A,1.868
426,0.042,TRP, ,CA,14.07,5.40,0.042,3.10,1.0,<Residue TRP het=  resseq=146 icode= >,3l2c_A_A,1.868
427,0.0,TRP, ,C,13.55,6.54,0.0,4.49,1.0,<Residue TRP het=  resseq=146 icode= >,3l2c_A_A,1.868
428,0.0,TRP, ,O,13.68,6.59,0.0,4.54,1.0,<Residue TRP het=  resseq=146 icode= >,3l2c_A_A,1.868
429,5.104,TRP, ,CB,14.16,5.68,0.0,3.11,1.0,<Residue TRP het=  resseq=146 icode= >,3l2c_A_A,1.868
430,0.0,TRP, ,CG,14.62,7.10,0.0,3.31,1.0,<Residue TRP het=  resseq=146 icode= >,3l2c_A_A,1.868
431,10.072,TRP, ,CD1,16.45,7.70,0.0,2.84,1.0,<Residue TRP het=  resseq=146 icode= >,3l2c_A_A,1.868
432,0.0,TRP, ,CD2,15.98,8.27,0.0,3.09,1.0,<Residue TRP het=  resseq=146 icode= >,3l2c_A_A,1.868
433,1.76,TRP, ,NE1,17.37,9.05,0.0,3.75,1.0,<Residue TRP het=  resseq=146 icode= >,3l2c_A_A,1.868
434,0.0,TRP, ,CE2,16.33,9.37,0.0,3.81,1.0,<Residue TRP het=  resseq=146 icode= >,3l2c_A_A,1.868
435,0.0,TRP, ,CE3,16.69,8.67,0.0,3.04,1.0,<Residue TRP het=  resseq=146 icode= >,3l2c_A_A,1.868
436,0.0,TRP, ,CZ2,16.86,10.18,0.0,2.73,1.0,<Residue TRP het=  resseq=146 icode= >,3l2c_A_A,1.868
437,0.0,TRP, ,CZ3,16.9,9.70,0.0,3.14,1.0,<Residue TRP het=  resseq=146 icode= >,3l2c_A_A,1.868
438,0.0,TRP, ,CH2,15.8,9.61,0.0,3.15,1.0,<Residue TRP het=  resseq=146 icode= >,3l2c_A_A,1.868
439,0.0,LYS, ,N,12.03,7.69,0.0,5.31,1.0,<Residue LYS het=  resseq=147 icode= >,3l2c_A_A,1.868
440,0.0,LYS, ,CA,12.3,8.15,0.0,3.64,1.0,<Residue LYS het=  resseq=147 icode= >,3l2c_A_A,1.868
441,0.0,LYS, ,C,12.7,7.45,0.0,4.34,1.0,<Residue LYS het=  resseq=147 icode= >,3l2c_A_A,1.868
442,0.0,LYS, ,O,12.26,7.26,0.0,4.81,1.0,<Residue LYS het=  resseq=147 icode= >,3l2c_A_A,1.868
443,0.0,LYS, ,CB,12.4,7.20,0.0,3.23,1.0,<Residue LYS het=  resseq=147 icode= >,3l2c_A_A,1.868
444,0.0,LYS, ,CG,11.76,7.26,0.0,3.18,1.0,<Residue LYS het=  resseq=147 icode= >,3l2c_A_A,1.868
445,0.004,LYS, ,CD,10.44,6.47,0.0,3.28,1.0,<Residue LYS het=  resseq=147 icode= >,3l2c_A_A,1.868
446,1.641,LYS, ,CE,14.13,6.65,0.0,3.41,1.0,<Residue LYS het=  resseq=147 icode= >,3l2c_A_A,1.868
447,16.407,LYS, ,NZ,16.89,5.45,0.818,3.13,1.0,<Residue LYS het=  resseq=147 icode= >,3l2c_A_A,1.868
448,0.0,ASN, ,N,11.96,7.28,0.0,4.09,1.0,<Residue ASN het=  resseq=148 icode= >,3l2c_A_A,1.868
449,0.0,ASN, ,CA,11.62,5.82,0.0,3.59,1.0,<Residue ASN het=  resseq=148 icode= >,3l2c_A_A,1.868
450,0.085,ASN, ,C,11.82,5.65,0.031,4.56,1.0,<Residue ASN het=  resseq=148 icode= >,3l2c_A_A,1.868
451,0.0,ASN, ,O,10.71,5.10,0.0,5.27,1.0,<Residue ASN het=  resseq=148 icode= >,3l2c_A_A,1.868
452,1.727,ASN, ,CB,12.09,5.18,0.402,2.79,1.0,<Residue ASN het=  resseq=148 icode= >,3l2c_A_A,1.868
453,5.284,ASN, ,CG,14.81,3.75,4.954,3.54,1.0,<Residue ASN het=  resseq=148 icode= >,3l2c_A_A,1.868
454,20.83,ASN, ,OD1,15.14,3.03,20.125,5.06,1.0,<Residue ASN het=  resseq=148 icode= >,3l2c_A_A,1.868
455,50.975,ASN, ,ND2,15.14,2.89,35.608,2.97,1.0,<Residue ASN het=  resseq=148 icode= >,3l2c_A_A,1.868
456,0.281,SER, ,N,9.87,5.10,0.0,4.98,1.0,<Residue SER het=  resseq=149 icode= >,3l2c_A_A,1.868
457,3.644,SER, ,CA,10.32,4.06,3.266,4.08,1.0,<Residue SER het=  resseq=149 icode= >,3l2c_A_A,1.868
458,0.0,SER, ,C,10.12,4.90,0.0,4.44,1.0,<Residue SER het=  resseq=149 icode= >,3l2c_A_A,1.868
459,0.0,SER, ,O,10.26,4.65,0.0,4.97,1.0,<Residue SER het=  resseq=149 icode= >,3l2c_A_A,1.868
460,3.604,SER, ,CB,11.17,3.91,3.604,3.42,1.0,<Residue SER het=  resseq=149 icode= >,3l2c_A_A,1.868
461,26.395,SER, ,OG,12.82,3.49,25.301,5.01,1.0,<Residue SER het=  resseq=149 icode= >,3l2c_A_A,1.868
462,0.0,ILE, ,N,9.77,6.17,0.0,5.20,1.0,<Residue ILE het=  resseq=150 icode= >,3l2c_A_A,1.868
463,0.0,ILE, ,CA,10.83,7.26,0.0,3.31,1.0,<Residue ILE het=  resseq=150 icode= >,3l2c_A_A,1.868
464,0.0,ILE, ,C,11.29,6.46,0.0,4.91,1.0,<Residue ILE het=  resseq=150 icode= >,3l2c_A_A,1.868
465,0.0,ILE, ,O,10.61,6.44,0.0,5.33,1.0,<Residue ILE het=  resseq=150 icode= >,3l2c_A_A,1.868
466,0.0,ILE, ,CB,10.25,8.58,0.0,3.51,1.0,<Residue ILE het=  resseq=150 icode= >,3l2c_A_A,1.868
467,0.0,ILE, ,CG1,12.58,8.54,0.0,3.83,1.0,<Residue ILE het=  resseq=150 icode= >,3l2c_A_A,1.868
468,0.0,ILE, ,CG2,10.0,8.60,0.0,3.46,1.0,<Residue ILE het=  resseq=150 icode= >,3l2c_A_A,1.868
469,0.322,ILE, ,CD1,19.35,9.21,0.0,0.87,1.0,<Residue ILE het=  resseq=150 icode= >,3l2c_A_A,1.868
470,0.0,ARG, ,N,11.1,5.58,0.0,4.95,1.0,<Residue ARG het=  resseq=151 icode= >,3l2c_A_A,1.868
471,1.256,ARG, ,CA,11.75,4.31,0.0,3.25,1.0,<Residue ARG het=  resseq=151 icode= >,3l2c_A_A,1.868
472,1.541,ARG, ,C,12.34,3.59,1.541,3.90,1.0,<Residue ARG het=  resseq=151 icode= >,3l2c_A_A,1.868
473,1.66,ARG, ,O,11.35,3.44,1.033,4.97,1.0,<Residue ARG het=  resseq=151 icode= >,3l2c_A_A,1.868
474,15.508,ARG, ,CB,11.74,3.81,13.968,3.58,1.0,<Residue ARG het=  resseq=151 icode= >,3l2c_A_A,1.868
475,1.404,ARG, ,CG,10.83,4.59,0.396,3.92,1.0,<Residue ARG het=  resseq=151 icode= >,3l2c_A_A,1.868
476,22.462,ARG, ,CD,12.0,3.61,22.401,3.17,1.0,<Residue ARG het=  resseq=151 icode= >,3l2c_A_A,1.868
477,13.521,ARG, ,NE,13.64,3.57,13.285,4.23,1.0,<Residue ARG het=  resseq=151 icode= >,3l2c_A_A,1.868
478,1.545,ARG, ,CZ,13.81,3.62,1.545,4.46,1.0,<Residue ARG het=  resseq=151 icode= >,3l2c_A_A,1.868
479,18.817,ARG, ,NH1,14.32,3.99,7.934,3.81,1.0,<Residue ARG het=  resseq=151 icode= >,3l2c_A_A,1.868
480,0.0,ARG, ,NH2,12.03,3.97,0.0,3.55,1.0,<Residue ARG het=  resseq=151 icode= >,3l2c_A_A,1.868
481,0.698,HIS, ,N,11.51,3.86,0.698,4.75,1.0,<Residue HIS het=  resseq=152 icode= >,3l2c_A_A,1.868
482,7.649,HIS, ,CA,12.55,3.97,7.649,3.48,1.0,<Residue HIS het=  resseq=152 icode= >,3l2c_A_A,1.868
483,0.0,HIS, ,C,12.86,4.52,0.0,4.50,1.0,<Residue HIS het=  resseq=152 icode= >,3l2c_A_A,1.868
484,0.633,HIS, ,O,12.67,3.83,0.633,5.06,1.0,<Residue HIS het=  resseq=152 icode= >,3l2c_A_A,1.868
485,5.967,HIS, ,CB,12.84,3.81,5.967,2.63,1.0,<Residue HIS het=  resseq=152 icode= >,3l2c_A_A,1.868
486,3.36,HIS, ,CG,13.59,3.60,3.36,3.37,1.0,<Residue HIS het=  resseq=152 icode= >,3l2c_A_A,1.868
487,25.119,HIS, ,ND1,9.94,2.81,25.119,4.01,1.0,<Residue HIS het=  resseq=152 icode= >,3l2c_A_A,1.868
488,12.632,HIS, ,CD2,15.58,3.35,11.575,3.65,1.0,<Residue HIS het=  resseq=152 icode= >,3l2c_A_A,1.868
489,33.034,HIS, ,CE1,15.6,3.01,31.453,3.60,1.0,<Residue HIS het=  resseq=152 icode= >,3l2c_A_A,1.868
490,15.934,HIS, ,NE2,11.06,3.03,14.303,4.26,1.0,<Residue HIS het=  resseq=152 icode= >,3l2c_A_A,1.868
491,0.0,ASN, ,N,12.67,5.85,0.0,4.00,1.0,<Residue ASN het=  resseq=153 icode= >,3l2c_A_A,1.868
492,0.0,ASN, ,CA,13.48,6.65,0.0,2.95,1.0,<Residue ASN het=  resseq=153 icode= >,3l2c_A_A,1.868
493,0.0,ASN, ,C,13.5,6.73,0.0,4.49,1.0,<Residue ASN het=  resseq=153 icode= >,3l2c_A_A,1.868
494,0.0,ASN, ,O,14.03,7.01,0.0,4.86,1.0,<Residue ASN het=  resseq=153 icode= >,3l2c_A_A,1.868
495,0.0,ASN, ,CB,12.72,6.45,0.0,3.14,1.0,<Residue ASN het=  resseq=153 icode= >,3l2c_A_A,1.868
496,0.316,ASN, ,CG,15.0,5.01,0.0,3.98,1.0,<Residue ASN het=  resseq=153 icode= >,3l2c_A_A,1.868
497,8.257,ASN, ,OD1,15.08,4.51,3.514,4.19,1.0,<Residue ASN het=  resseq=153 icode= >,3l2c_A_A,1.868
498,10.627,ASN, ,ND2,13.97,4.60,7.895,3.81,1.0,<Residue ASN het=  resseq=153 icode= >,3l2c_A_A,1.868
499,0.0,LEU, ,N,13.21,6.54,0.0,4.85,1.0,<Residue LEU het=  resseq=154 icode= >,3l2c_A_A,1.868
500,0.0,LEU, ,CA,14.9,5.63,0.0,3.44,1.0,<Residue LEU het=  resseq=154 icode= >,3l2c_A_A,1.868
501,0.0,LEU, ,C,16.42,4.55,0.0,3.93,1.0,<Residue LEU het=  resseq=154 icode= >,3l2c_A_A,1.868
502,1.804,LEU, ,O,16.37,4.58,0.0,3.95,1.0,<Residue LEU het=  resseq=154 icode= >,3l2c_A_A,1.868
503,1.115,LEU, ,CB,13.52,5.39,0.0,3.39,1.0,<Residue LEU het=  resseq=154 icode= >,3l2c_A_A,1.868
504,0.0,LEU, ,CG,14.09,6.77,0.0,4.23,1.0,<Residue LEU het=  resseq=154 icode= >,3l2c_A_A,1.868
505,1.472,LEU, ,CD1,12.85,5.66,0.0,2.89,1.0,<Residue LEU het=  resseq=154 icode= >,3l2c_A_A,1.868
506,0.0,LEU, ,CD2,16.71,7.41,0.0,3.03,1.0,<Residue LEU het=  resseq=154 icode= >,3l2c_A_A,1.868
507,0.0,SER, ,N,16.56,4.07,0.0,4.40,1.0,<Residue SER het=  resseq=155 icode= >,3l2c_A_A,1.868
508,6.446,SER, ,CA,18.57,3.51,4.04,3.10,1.0,<Residue SER het=  resseq=155 icode= >,3l2c_A_A,1.868
509,0.646,SER, ,C,19.68,4.68,0.264,3.62,1.0,<Residue SER het=  resseq=155 icode= >,3l2c_A_A,1.868
510,26.473,SER, ,O,20.14,4.96,4.776,3.31,1.0,<Residue SER het=  resseq=155 icode= >,3l2c_A_A,1.868
511,31.786,SER, ,CB,17.42,3.40,31.328,3.23,1.0,<Residue SER het=  resseq=155 icode= >,3l2c_A_A,1.868
512,28.158,SER, ,OG,19.82,2.59,27.946,3.78,1.0,<Residue SER het=  resseq=155 icode= >,3l2c_A_A,1.868
513,0.249,LEU, ,N,22.02,4.40,0.249,2.78,1.0,<Residue LEU het=  resseq=156 icode= >,3l2c_A_A,1.868
514,5.132,LEU, ,CA,23.13,4.87,2.019,2.87,1.0,<Residue LEU het=  resseq=156 icode= >,3l2c_A_A,1.868
515,0.0,LEU, ,C,24.14,6.36,0.0,2.77,1.0,<Residue LEU het=  resseq=156 icode= >,3l2c_A_A,1.868
516,22.542,LEU, ,O,24.5,7.00,0.0,2.50,1.0,<Residue LEU het=  resseq=156 icode= >,3l2c_A_A,1.868
517,0.687,LEU, ,CB,23.68,4.91,0.687,1.92,1.0,<Residue LEU het=  resseq=156 icode= >,3l2c_A_A,1.868
518,4.323,LEU, ,CG,24.44,5.76,0.0,1.92,1.0,<Residue LEU het=  resseq=156 icode= >,3l2c_A_A,1.868
519,51.463,LEU, ,CD1,28.22,4.91,13.969,1.11,1.0,<Residue LEU het=  resseq=156 icode= >,3l2c_A_A,1.868
520,29.499,LEU, ,CD2,23.99,4.75,17.11,1.44,1.0,<Residue LEU het=  resseq=156 icode= >,3l2c_A_A,1.868
521,0.0,HIS, ,N,23.88,7.13,0.0,3.75,1.0,<Residue HIS het=  resseq=157 icode= >,3l2c_A_A,1.868
522,2.778,HIS, ,CA,25.23,8.56,0.0,2.83,1.0,<Residue HIS het=  resseq=157 icode= >,3l2c_A_A,1.868
523,0.242,HIS, ,C,25.5,8.33,0.0,3.10,1.0,<Residue HIS het=  resseq=157 icode= >,3l2c_A_A,1.868
524,1.154,HIS, ,O,23.64,7.52,0.0,4.18,1.0,<Residue HIS het=  resseq=157 icode= >,3l2c_A_A,1.868
525,2.259,HIS, ,CB,24.73,7.72,0.0,2.33,1.0,<Residue HIS het=  resseq=157 icode= >,3l2c_A_A,1.868
526,0.141,HIS, ,CG,27.67,6.55,0.0,2.22,1.0,<Residue HIS het=  resseq=157 icode= >,3l2c_A_A,1.868
527,19.325,HIS, ,ND1,30.21,5.60,0.0,2.02,1.0,<Residue HIS het=  resseq=157 icode= >,3l2c_A_A,1.868
528,0.0,HIS, ,CD2,26.99,6.46,0.0,1.67,1.0,<Residue HIS het=  resseq=157 icode= >,3l2c_A_A,1.868
529,29.199,HIS, ,CE1,29.07,4.87,10.942,1.48,1.0,<Residue HIS het=  resseq=157 icode= >,3l2c_A_A,1.868
530,4.729,HIS, ,NE2,27.63,5.45,0.0,2.00,1.0,<Residue HIS het=  resseq=157 icode= >,3l2c_A_A,1.868
531,5.367,SER, ,N,26.96,9.15,0.0,2.45,1.0,<Residue SER het=  resseq=158 icode= >,3l2c_A_A,1.868
532,12.089,SER, ,CA,27.83,9.24,0.0,2.36,1.0,<Residue SER het=  resseq=158 icode= >,3l2c_A_A,1.868
533,0.759,SER, ,C,28.26,9.70,0.0,2.88,1.0,<Residue SER het=  resseq=158 icode= >,3l2c_A_A,1.868
534,4.418,SER, ,O,28.41,9.64,0.0,2.68,1.0,<Residue SER het=  resseq=158 icode= >,3l2c_A_A,1.868
535,47.677,SER, ,CB,27.88,9.87,0.0,2.17,1.0,<Residue SER het=  resseq=158 icode= >,3l2c_A_A,1.868
536,31.782,SER, ,OG,30.15,10.84,0.0,1.84,1.0,<Residue SER het=  resseq=158 icode= >,3l2c_A_A,1.868
537,0.673,LYS, ,N,28.48,10.36,0.0,2.89,1.0,<Residue LYS het=  resseq=159 icode= >,3l2c_A_A,1.868
538,3.654,LYS, ,CA,28.8,11.00,0.0,2.36,1.0,<Residue LYS het=  resseq=159 icode= >,3l2c_A_A,1.868
539,0.0,LYS, ,C,27.02,10.26,0.0,3.23,1.0,<Residue LYS het=  resseq=159 icode= >,3l2c_A_A,1.868
540,0.0,LYS, ,O,27.89,10.93,0.0,2.80,1.0,<Residue LYS het=  resseq=159 icode= >,3l2c_A_A,1.868
541,18.493,LYS, ,CB,29.28,9.91,0.0,1.48,1.0,<Residue LYS het=  resseq=159 icode= >,3l2c_A_A,1.868
542,1.979,LYS, ,CG,31.49,8.74,0.0,1.14,1.0,<Residue LYS het=  resseq=159 icode= >,3l2c_A_A,1.868
543,21.932,LYS, ,CD,31.56,7.90,0.0,1.37,1.0,<Residue LYS het=  resseq=159 icode= >,3l2c_A_A,1.868
544,12.274,LYS, ,CE,35.93,8.93,0.0,0.29,1.0,<Residue LYS het=  resseq=159 icode= >,3l2c_A_A,1.868
545,35.116,LYS, ,NZ,34.8,8.60,0.0,1.38,1.0,<Residue LYS het=  resseq=159 icode= >,3l2c_A_A,1.868
546,0.0,PHE, ,N,24.55,8.97,0.0,3.48,1.0,<Residue PHE het=  resseq=160 icode= >,3l2c_A_A,1.868
547,0.0,PHE, ,CA,22.18,8.33,0.0,2.85,1.0,<Residue PHE het=  resseq=160 icode= >,3l2c_A_A,1.868
548,0.0,PHE, ,C,22.32,7.60,0.0,3.73,1.0,<Residue PHE het=  resseq=160 icode= >,3l2c_A_A,1.868
549,9.262,PHE, ,O,22.43,6.78,0.0,3.68,1.0,<Residue PHE het=  resseq=160 icode= >,3l2c_A_A,1.868
550,0.0,PHE, ,CB,20.65,7.60,0.0,2.40,1.0,<Residue PHE het=  resseq=160 icode= >,3l2c_A_A,1.868
551,0.0,PHE, ,CG,18.58,8.64,0.0,3.49,1.0,<Residue PHE het=  resseq=160 icode= >,3l2c_A_A,1.868
552,0.0,PHE, ,CD1,16.01,8.69,0.0,3.15,1.0,<Residue PHE het=  resseq=160 icode= >,3l2c_A_A,1.868
553,0.0,PHE, ,CD2,18.14,9.83,0.0,3.22,1.0,<Residue PHE het=  resseq=160 icode= >,3l2c_A_A,1.868
554,0.0,PHE, ,CE1,17.33,9.08,0.0,2.87,1.0,<Residue PHE het=  resseq=160 icode= >,3l2c_A_A,1.868
555,0.0,PHE, ,CE2,18.17,10.72,0.0,3.26,1.0,<Residue PHE het=  resseq=160 icode= >,3l2c_A_A,1.868
556,0.0,PHE, ,CZ,17.97,9.44,0.0,3.08,1.0,<Residue PHE het=  resseq=160 icode= >,3l2c_A_A,1.868
557,0.0,ILE, ,N,21.23,8.17,0.0,4.17,1.0,<Residue ILE het=  resseq=161 icode= >,3l2c_A_A,1.868
558,2.657,ILE, ,CA,22.8,7.95,0.0,2.71,1.0,<Residue ILE het=  resseq=161 icode= >,3l2c_A_A,1.868
559,0.0,ILE, ,C,20.16,7.62,0.0,4.34,1.0,<Residue ILE het=  resseq=161 icode= >,3l2c_A_A,1.868
560,0.0,ILE, ,O,19.5,8.33,0.0,4.53,1.0,<Residue ILE het=  resseq=161 icode= >,3l2c_A_A,1.868
561,7.059,ILE, ,CB,22.78,9.09,0.0,2.35,1.0,<Residue ILE het=  resseq=161 icode= >,3l2c_A_A,1.868
562,0.0,ILE, ,CG1,25.33,10.35,0.0,1.26,1.0,<Residue ILE het=  resseq=161 icode= >,3l2c_A_A,1.868
563,24.466,ILE, ,CG2,25.63,9.58,0.0,1.19,1.0,<Residue ILE het=  resseq=161 icode= >,3l2c_A_A,1.868
564,35.236,ILE, ,CD1,26.6,11.52,0.0,0.20,1.0,<Residue ILE het=  resseq=161 icode= >,3l2c_A_A,1.868
565,4.732,LYS, ,N,19.12,6.56,0.0,3.95,1.0,<Residue LYS het=  resseq=162 icode= >,3l2c_A_A,1.868
566,0.0,LYS, ,CA,19.29,6.39,0.0,3.53,1.0,<Residue LYS het=  resseq=162 icode= >,3l2c_A_A,1.868
567,0.257,LYS, ,C,19.3,7.27,0.0,3.61,1.0,<Residue LYS het=  resseq=162 icode= >,3l2c_A_A,1.868
568,23.686,LYS, ,O,18.9,7.27,0.0,3.88,1.0,<Residue LYS het=  resseq=162 icode= >,3l2c_A_A,1.868
569,6.276,LYS, ,CB,19.87,4.93,0.426,3.05,1.0,<Residue LYS het=  resseq=162 icode= >,3l2c_A_A,1.868
570,1.557,LYS, ,CG,21.61,4.69,0.0,2.47,1.0,<Residue LYS het=  resseq=162 icode= >,3l2c_A_A,1.868
571,15.314,LYS, ,CD,20.21,3.81,14.026,2.52,1.0,<Residue LYS het=  resseq=162 icode= >,3l2c_A_A,1.868
572,36.695,LYS, ,CE,26.15,3.38,5.215,2.21,1.0,<Residue LYS het=  resseq=162 icode= >,3l2c_A_A,1.868
573,48.579,LYS, ,NZ,28.45,2.71,23.32,2.11,1.0,<Residue LYS het=  resseq=162 icode= >,3l2c_A_A,1.868
574,0.0,VAL, ,N,17.98,7.10,0.0,3.94,1.0,<Residue VAL het=  resseq=163 icode= >,3l2c_A_A,1.868
575,3.683,VAL, ,CA,19.31,7.90,0.0,3.08,1.0,<Residue VAL het=  resseq=163 icode= >,3l2c_A_A,1.868
576,0.277,VAL, ,C,19.36,7.23,0.0,3.39,1.0,<Residue VAL het=  resseq=163 icode= >,3l2c_A_A,1.868
577,0.0,VAL, ,O,18.53,6.49,0.0,3.85,1.0,<Residue VAL het=  resseq=163 icode= >,3l2c_A_A,1.868
578,0.0,VAL, ,CB,19.07,9.08,0.0,2.69,1.0,<Residue VAL het=  resseq=163 icode= >,3l2c_A_A,1.868
579,40.902,VAL, ,CG1,20.44,10.11,0.0,2.18,1.0,<Residue VAL het=  resseq=163 icode= >,3l2c_A_A,1.868
580,12.862,VAL, ,CG2,19.73,9.88,0.0,2.23,1.0,<Residue VAL het=  resseq=163 icode= >,3l2c_A_A,1.868
581,8.243,HIS, ,N,20.34,7.79,0.0,3.60,1.0,<Residue HIS het=  resseq=164 icode= >,3l2c_A_A,1.868
582,5.729,HIS, ,CA,22.04,7.67,0.0,2.95,1.0,<Residue HIS het=  resseq=164 icode= >,3l2c_A_A,1.868
583,0.0,HIS, ,C,22.88,8.08,0.0,3.59,1.0,<Residue HIS het=  resseq=164 icode= >,3l2c_A_A,1.868
584,8.935,HIS, ,O,22.74,9.02,0.0,3.09,1.0,<Residue HIS het=  resseq=164 icode= >,3l2c_A_A,1.868
585,31.61,HIS, ,CB,23.48,8.80,0.0,1.66,1.0,<Residue HIS het=  resseq=164 icode= >,3l2c_A_A,1.868
586,3.016,HIS, ,CG,24.31,9.14,0.0,2.37,1.0,<Residue HIS het=  resseq=164 icode= >,3l2c_A_A,1.868
587,11.551,HIS, ,ND1,26.41,10.19,0.0,2.08,1.0,<Residue HIS het=  resseq=164 icode= >,3l2c_A_A,1.868
588,32.479,HIS, ,CD2,24.7,8.79,0.0,2.33,1.0,<Residue HIS het=  resseq=164 icode= >,3l2c_A_A,1.868
589,20.59,HIS, ,CE1,26.35,10.49,0.0,2.46,1.0,<Residue HIS het=  resseq=164 icode= >,3l2c_A_A,1.868
590,25.997,HIS, ,NE2,27.81,9.70,0.0,2.11,1.0,<Residue HIS het=  resseq=164 icode= >,3l2c_A_A,1.868
591,1.812,ASN, ,N,23.69,7.60,0.0,3.74,1.0,<Residue ASN het=  resseq=165 icode= >,3l2c_A_A,1.868
592,0.0,ASN, ,CA,25.32,8.26,0.0,3.09,1.0,<Residue ASN het=  resseq=165 icode= >,3l2c_A_A,1.868
593,0.0,ASN, ,C,27.4,9.19,0.0,3.24,1.0,<Residue ASN het=  resseq=165 icode= >,3l2c_A_A,1.868
594,7.927,ASN, ,O,26.52,8.87,0.0,3.09,1.0,<Residue ASN het=  resseq=165 icode= >,3l2c_A_A,1.868
595,0.586,ASN, ,CB,25.24,7.40,0.0,2.33,1.0,<Residue ASN het=  resseq=165 icode= >,3l2c_A_A,1.868
596,0.0,ASN, ,CG,25.02,8.39,0.0,3.15,1.0,<Residue ASN het=  resseq=165 icode= >,3l2c_A_A,1.868
597,2.514,ASN, ,OD1,25.91,9.58,0.0,2.95,1.0,<Residue ASN het=  resseq=165 icode= >,3l2c_A_A,1.868
598,0.0,ASN, ,ND2,21.35,8.07,0.0,3.24,1.0,<Residue ASN het=  resseq=165 icode= >,3l2c_A_A,1.868
599,2.032,GLU, ,N,29.5,10.49,0.0,2.81,1.0,<Residue GLU het=  resseq=166 icode= >,3l2c_A_A,1.868
600,2.24,GLU, ,CA,32.93,11.62,0.0,2.15,1.0,<Residue GLU het=  resseq=166 icode= >,3l2c_A_A,1.868
601,0.812,GLU, ,C,33.64,11.79,0.0,2.76,1.0,<Residue GLU het=  resseq=166 icode= >,3l2c_A_A,1.868
602,18.697,GLU, ,O,33.81,12.47,0.0,2.03,1.0,<Residue GLU het=  resseq=166 icode= >,3l2c_A_A,1.868
603,21.289,GLU, ,CB,32.4,12.98,0.0,1.79,1.0,<Residue GLU het=  resseq=166 icode= >,3l2c_A_A,1.868
604,21.733,GLU, ,CG,34.9,13.36,0.0,0.78,1.0,<Residue GLU het=  resseq=166 icode= >,3l2c_A_A,1.868
605,15.191,GLU, ,CD,35.93,14.76,0.0,0.78,1.0,<Residue GLU het=  resseq=166 icode= >,3l2c_A_A,1.868
606,37.574,GLU, ,OE1,37.88,15.26,0.0,1.24,1.0,<Residue GLU het=  resseq=166 icode= >,3l2c_A_A,1.868
607,41.779,GLU, ,OE2,40.63,15.44,0.0,0.64,1.0,<Residue GLU het=  resseq=166 icode= >,3l2c_A_A,1.868
608,1.627,ALA, ,N,34.74,11.42,0.0,2.73,1.0,<Residue ALA het=  resseq=167 icode= >,3l2c_A_A,1.868
609,11.048,ALA, ,CA,36.09,11.81,0.0,2.06,1.0,<Residue ALA het=  resseq=167 icode= >,3l2c_A_A,1.868
610,0.291,ALA, ,C,37.01,11.29,0.0,2.42,1.0,<Residue ALA het=  resseq=167 icode= >,3l2c_A_A,1.868
611,1.01,ALA, ,O,37.46,10.15,0.0,2.05,1.0,<Residue ALA het=  resseq=167 icode= >,3l2c_A_A,1.868
612,26.824,ALA, ,CB,35.67,11.57,0.0,1.32,1.0,<Residue ALA het=  resseq=167 icode= >,3l2c_A_A,1.868
613,2.679,THR, ,N,38.53,11.15,0.0,0.84,1.0,<Residue THR het=  resseq=168 icode= >,3l2c_A_A,1.868
614,7.189,THR, ,CA,39.05,9.93,0.0,0.61,1.0,<Residue THR het=  resseq=168 icode= >,3l2c_A_A,1.868
615,1.06,THR, ,C,38.84,8.87,0.0,1.41,1.0,<Residue THR het=  resseq=168 icode= >,3l2c_A_A,1.868
616,30.782,THR, ,O,39.24,7.66,0.0,1.41,1.0,<Residue THR het=  resseq=168 icode= >,3l2c_A_A,1.868
617,16.057,THR, ,CB,39.52,10.44,0.0,0.96,1.0,<Residue THR het=  resseq=168 icode= >,3l2c_A_A,1.868
618,30.085,THR, ,OG1,41.0,11.43,0.0,1.06,1.0,<Residue THR het=  resseq=168 icode= >,3l2c_A_A,1.868
619,64.968,THR, ,CG2,38.9,11.21,0.0,1.11,1.0,<Residue THR het=  resseq=168 icode= >,3l2c_A_A,1.868
620,5.44,GLY, ,N,37.95,9.45,0.0,1.94,1.0,<Residue GLY het=  resseq=169 icode= >,3l2c_A_A,1.868
621,37.213,GLY, ,CA,37.04,8.80,0.0,1.07,1.0,<Residue GLY het=  resseq=169 icode= >,3l2c_A_A,1.868
622,4.792,GLY, ,C,36.32,7.83,0.0,1.19,1.0,<Residue GLY het=  resseq=169 icode= >,3l2c_A_A,1.868
623,31.055,GLY, ,O,36.65,6.91,0.0,1.59,1.0,<Residue GLY het=  resseq=169 icode= >,3l2c_A_A,1.868
624,0.124,LYS, ,N,34.17,7.90,0.0,1.93,1.0,<Residue LYS het=  resseq=170 icode= >,3l2c_A_A,1.868
625,4.147,LYS, ,CA,32.2,6.88,0.0,1.99,1.0,<Residue LYS het=  resseq=170 icode= >,3l2c_A_A,1.868
626,3.665,LYS, ,C,29.6,6.55,0.0,2.54,1.0,<Residue LYS het=  resseq=170 icode= >,3l2c_A_A,1.868
627,13.916,LYS, ,O,30.18,6.74,0.0,2.49,1.0,<Residue LYS het=  resseq=170 icode= >,3l2c_A_A,1.868
628,1.718,LYS, ,CB,33.18,7.49,0.0,1.11,1.0,<Residue LYS het=  resseq=170 icode= >,3l2c_A_A,1.868
629,14.493,LYS, ,CG,36.01,7.88,0.0,1.30,1.0,<Residue LYS het=  resseq=170 icode= >,3l2c_A_A,1.868
630,9.06,LYS, ,CD,41.42,8.82,0.0,0.14,1.0,<Residue LYS het=  resseq=170 icode= >,3l2c_A_A,1.868
631,42.731,LYS, ,CE,44.18,9.53,0.0,0.24,1.0,<Residue LYS het=  resseq=170 icode= >,3l2c_A_A,1.868
632,46.986,LYS, ,NZ,45.31,10.63,0.0,0.34,1.0,<Residue LYS het=  resseq=170 icode= >,3l2c_A_A,1.868
633,5.765,SER, ,N,25.61,5.51,0.0,2.84,1.0,<Residue SER het=  resseq=171 icode= >,3l2c_A_A,1.868
634,10.023,SER, ,CA,22.33,4.35,0.05,3.30,1.0,<Residue SER het=  resseq=171 icode= >,3l2c_A_A,1.868
635,1.531,SER, ,C,19.84,4.13,0.0,4.19,1.0,<Residue SER het=  resseq=171 icode= >,3l2c_A_A,1.868
636,0.0,SER, ,O,19.59,5.25,0.0,4.89,1.0,<Residue SER het=  resseq=171 icode= >,3l2c_A_A,1.868
637,42.284,SER, ,CB,21.87,3.36,35.188,2.43,1.0,<Residue SER het=  resseq=171 icode= >,3l2c_A_A,1.868
638,8.632,SER, ,OG,23.09,3.89,6.773,3.11,1.0,<Residue SER het=  resseq=171 icode= >,3l2c_A_A,1.868
639,3.141,SER, ,N,17.53,3.06,1.145,4.17,1.0,<Residue SER het=  resseq=172 icode= >,3l2c_A_A,1.868
640,0.675,SER, ,CA,16.86,3.60,0.0,3.46,1.0,<Residue SER het=  resseq=172 icode= >,3l2c_A_A,1.868
641,0.0,SER, ,C,15.99,4.52,0.0,4.04,1.0,<Residue SER het=  resseq=172 icode= >,3l2c_A_A,1.868
642,0.0,SER, ,O,14.02,4.58,0.0,5.02,1.0,<Residue SER het=  resseq=172 icode= >,3l2c_A_A,1.868
643,2.94,SER, ,CB,16.99,2.99,2.94,3.53,1.0,<Residue SER het=  resseq=172 icode= >,3l2c_A_A,1.868
644,22.794,SER, ,OG,20.64,2.75,5.607,3.35,1.0,<Residue SER het=  resseq=172 icode= >,3l2c_A_A,1.868
645,0.0,TRP, ,N,15.33,5.64,0.0,4.31,1.0,<Residue TRP het=  resseq=173 icode= >,3l2c_A_A,1.868
646,0.0,TRP, ,CA,14.54,6.72,0.0,3.77,1.0,<Residue TRP het=  resseq=173 icode= >,3l2c_A_A,1.868
647,0.0,TRP, ,C,14.54,6.72,0.0,4.47,1.0,<Residue TRP het=  resseq=173 icode= >,3l2c_A_A,1.868
648,0.0,TRP, ,O,15.37,6.53,0.0,4.58,1.0,<Residue TRP het=  resseq=173 icode= >,3l2c_A_A,1.868
649,0.149,TRP, ,CB,14.6,8.09,0.0,3.71,1.0,<Residue TRP het=  resseq=173 icode= >,3l2c_A_A,1.868
650,0.0,TRP, ,CG,14.74,8.61,0.0,3.53,1.0,<Residue TRP het=  resseq=173 icode= >,3l2c_A_A,1.868
651,0.032,TRP, ,CD1,15.04,8.88,0.0,3.16,1.0,<Residue TRP het=  resseq=173 icode= >,3l2c_A_A,1.868
652,0.0,TRP, ,CD2,15.61,9.24,0.0,3.25,1.0,<Residue TRP het=  resseq=173 icode= >,3l2c_A_A,1.868
653,3.366,TRP, ,NE1,14.98,9.65,0.0,3.77,1.0,<Residue TRP het=  resseq=173 icode= >,3l2c_A_A,1.868
654,0.0,TRP, ,CE2,15.42,9.87,0.0,3.72,1.0,<Residue TRP het=  resseq=173 icode= >,3l2c_A_A,1.868
655,0.0,TRP, ,CE3,14.8,9.51,0.0,3.10,1.0,<Residue TRP het=  resseq=173 icode= >,3l2c_A_A,1.868
656,10.885,TRP, ,CZ2,15.03,10.75,0.0,3.43,1.0,<Residue TRP het=  resseq=173 icode= >,3l2c_A_A,1.868
657,3.79,TRP, ,CZ3,15.41,10.32,0.0,3.17,1.0,<Residue TRP het=  resseq=173 icode= >,3l2c_A_A,1.868
658,21.267,TRP, ,CH2,15.91,11.03,0.0,2.92,1.0,<Residue TRP het=  resseq=173 icode= >,3l2c_A_A,1.868
659,0.0,TRP, ,N,13.65,6.83,0.0,4.72,1.0,<Residue TRP het=  resseq=174 icode= >,3l2c_A_A,1.868
660,0.0,TRP, ,CA,14.32,7.12,0.0,3.57,1.0,<Residue TRP het=  resseq=174 icode= >,3l2c_A_A,1.868
661,0.0,TRP, ,C,15.3,8.63,0.0,4.22,1.0,<Residue TRP het=  resseq=174 icode= >,3l2c_A_A,1.868
662,0.0,TRP, ,O,14.87,9.18,0.0,5.02,1.0,<Residue TRP het=  resseq=174 icode= >,3l2c_A_A,1.868
663,0.0,TRP, ,CB,13.34,6.49,0.0,3.13,1.0,<Residue TRP het=  resseq=174 icode= >,3l2c_A_A,1.868
664,0.0,TRP, ,CG,12.67,5.10,0.0,3.92,1.0,<Residue TRP het=  resseq=174 icode= >,3l2c_A_A,1.868
665,0.0,TRP, ,CD1,12.31,3.94,0.0,3.35,1.0,<Residue TRP het=  resseq=174 icode= >,3l2c_A_A,1.868
666,0.0,TRP, ,CD2,12.05,5.06,0.0,3.44,1.0,<Residue TRP het=  resseq=174 icode= >,3l2c_A_A,1.868
667,6.772,TRP, ,NE1,10.98,2.91,6.772,4.39,1.0,<Residue TRP het=  resseq=174 icode= >,3l2c_A_A,1.868
668,0.0,TRP, ,CE2,12.04,3.81,0.0,3.62,1.0,<Residue TRP het=  resseq=174 icode= >,3l2c_A_A,1.868
669,0.0,TRP, ,CE3,10.38,5.66,0.0,3.45,1.0,<Residue TRP het=  resseq=174 icode= >,3l2c_A_A,1.868
670,16.276,TRP, ,CZ2,11.16,3.89,13.64,3.53,1.0,<Residue TRP het=  resseq=174 icode= >,3l2c_A_A,1.868
671,2.367,TRP, ,CZ3,11.43,4.37,0.0,3.37,1.0,<Residue TRP het=  resseq=174 icode= >,3l2c_A_A,1.868
672,7.547,TRP, ,CH2,11.66,3.29,6.711,3.83,1.0,<Residue TRP het=  resseq=174 icode= >,3l2c_A_A,1.868
673,0.0,MET, ,N,16.83,9.42,0.0,4.19,1.0,<Residue MET het=  resseq=175 icode= >,3l2c_A_A,1.868
674,0.0,MET, ,CA,20.38,10.85,0.0,2.94,1.0,<Residue MET het=  resseq=175 icode= >,3l2c_A_A,1.868
675,0.0,MET, ,C,21.26,11.33,0.0,3.64,1.0,<Residue MET het=  resseq=175 icode= >,3l2c_A_A,1.868
676,0.0,MET, ,O,20.6,10.26,0.0,4.19,1.0,<Residue MET het=  resseq=175 icode= >,3l2c_A_A,1.868
677,0.334,MET, ,CB,19.38,11.63,0.0,3.16,1.0,<Residue MET het=  resseq=175 icode= >,3l2c_A_A,1.868
678,0.0,MET, ,CG,22.9,11.24,0.0,1.97,1.0,<Residue MET het=  resseq=175 icode= >,3l2c_A_A,1.868
679,14.011,MET, ,SD,24.27,12.33,0.0,5.79,1.0,<Residue MET het=  resseq=175 icode= >,3l2c_A_A,1.868
680,40.021,MET, ,CE,25.58,13.92,0.0,1.73,1.0,<Residue MET het=  resseq=175 icode= >,3l2c_A_A,1.868
681,2.289,LEU, ,N,23.09,12.51,0.0,4.19,1.0,<Residue LEU het=  resseq=176 icode= >,3l2c_A_A,1.868
682,0.0,LEU, ,CA,26.92,12.75,0.0,3.11,1.0,<Residue LEU het=  resseq=176 icode= >,3l2c_A_A,1.868
683,0.0,LEU, ,C,29.49,13.13,0.0,3.24,1.0,<Residue LEU het=  resseq=176 icode= >,3l2c_A_A,1.868
684,12.673,LEU, ,O,30.45,13.82,0.0,2.85,1.0,<Residue LEU het=  resseq=176 icode= >,3l2c_A_A,1.868
685,10.66,LEU, ,CB,27.12,13.99,0.0,2.39,1.0,<Residue LEU het=  resseq=176 icode= >,3l2c_A_A,1.868
686,0.0,LEU, ,CG,28.07,14.04,0.0,2.39,1.0,<Residue LEU het=  resseq=176 icode= >,3l2c_A_A,1.868
687,19.453,LEU, ,CD1,31.74,14.36,0.0,0.62,1.0,<Residue LEU het=  resseq=176 icode= >,3l2c_A_A,1.868
688,0.18,LEU, ,CD2,30.6,12.77,0.0,0.95,1.0,<Residue LEU het=  resseq=176 icode= >,3l2c_A_A,1.868
689,0.086,ASN, ,N,32.24,12.87,0.0,2.29,1.0,<Residue ASN het=  resseq=177 icode= >,3l2c_A_A,1.868
690,4.163,ASN, ,CA,35.01,13.34,0.0,2.06,1.0,<Residue ASN het=  resseq=177 icode= >,3l2c_A_A,1.868
691,8.911,ASN, ,C,36.09,12.42,0.0,0.90,1.0,<Residue ASN het=  resseq=177 icode= >,3l2c_A_A,1.868
692,16.03,ASN, ,O,38.29,12.00,0.0,0.78,1.0,<Residue ASN het=  resseq=177 icode= >,3l2c_A_A,1.868
693,22.643,ASN, ,CB,35.64,14.70,0.0,1.70,1.0,<Residue ASN het=  resseq=177 icode= >,3l2c_A_A,1.868
694,5.681,ASN, ,CG,37.9,15.62,0.0,1.51,1.0,<Residue ASN het=  resseq=177 icode= >,3l2c_A_A,1.868
695,24.161,ASN, ,OD1,38.27,14.53,0.0,2.14,1.0,<Residue ASN het=  resseq=177 icode= >,3l2c_A_A,1.868
696,57.563,ASN, ,ND2,39.37,16.71,0.0,1.68,1.0,<Residue ASN het=  resseq=177 icode= >,3l2c_A_A,1.868
