,ASA,aa,altloc,atom,bfac,d2r,dASA,dens,occ,residue,id,resolu
0,22.292,PRO, ,N,82.98,10.05,0.0,2.03,1.0,<Residue PRO het=  resseq=157 icode= >,3mky_B_A,2.86
1,17.118,PRO, ,CA,82.69,9.16,0.0,2.02,1.0,<Residue PRO het=  resseq=157 icode= >,3mky_B_A,2.86
2,4.3,PRO, ,C,81.12,9.57,0.0,2.41,1.0,<Residue PRO het=  resseq=157 icode= >,3mky_B_A,2.86
3,15.241,PRO, ,O,82.96,10.01,0.0,1.21,1.0,<Residue PRO het=  resseq=157 icode= >,3mky_B_A,2.86
4,33.831,PRO, ,CB,82.64,7.88,0.0,1.10,1.0,<Residue PRO het=  resseq=157 icode= >,3mky_B_A,2.86
5,38.419,PRO, ,CG,82.54,7.74,0.0,1.42,1.0,<Residue PRO het=  resseq=157 icode= >,3mky_B_A,2.86
6,48.845,PRO, ,CD,83.01,9.15,0.0,1.18,1.0,<Residue PRO het=  resseq=157 icode= >,3mky_B_A,2.86
7,1.469,THR, ,N,78.08,9.02,0.0,2.93,1.0,<Residue THR het=  resseq=158 icode= >,3mky_B_A,2.86
8,3.567,THR, ,CA,74.67,9.69,0.0,3.39,1.0,<Residue THR het=  resseq=158 icode= >,3mky_B_A,2.86
9,0.286,THR, ,C,72.61,8.44,0.0,4.13,1.0,<Residue THR het=  resseq=158 icode= >,3mky_B_A,2.86
10,8.823,THR, ,O,72.03,7.44,0.0,2.46,1.0,<Residue THR het=  resseq=158 icode= >,3mky_B_A,2.86
11,2.983,THR, ,CB,73.81,9.68,0.0,3.09,1.0,<Residue THR het=  resseq=158 icode= >,3mky_B_A,2.86
12,2.526,THR, ,OG1,75.16,8.69,0.0,1.13,1.0,<Residue THR het=  resseq=158 icode= >,3mky_B_A,2.86
13,63.113,THR, ,CG2,72.59,9.69,0.0,0.98,1.0,<Residue THR het=  resseq=158 icode= >,3mky_B_A,2.86
14,0.0,SER, ,N,70.68,8.53,0.0,2.65,1.0,<Residue SER het=  resseq=159 icode= >,3mky_B_A,2.86
15,3.466,SER, ,CA,69.08,7.47,0.0,3.63,1.0,<Residue SER het=  resseq=159 icode= >,3mky_B_A,2.86
16,0.0,SER, ,C,67.7,7.03,0.0,4.11,1.0,<Residue SER het=  resseq=159 icode= >,3mky_B_A,2.86
17,0.0,SER, ,O,66.51,7.92,0.0,2.64,1.0,<Residue SER het=  resseq=159 icode= >,3mky_B_A,2.86
18,0.0,SER, ,CB,68.45,8.20,0.0,1.94,1.0,<Residue SER het=  resseq=159 icode= >,3mky_B_A,2.86
19,0.0,SER, ,OG,65.91,9.22,0.0,1.88,1.0,<Residue SER het=  resseq=159 icode= >,3mky_B_A,2.86
20,6.03,ALA, ,N,66.29,5.87,0.0,3.39,1.0,<Residue ALA het=  resseq=160 icode= >,3mky_B_A,2.86
21,0.979,ALA, ,CA,65.08,5.75,0.0,4.10,1.0,<Residue ALA het=  resseq=160 icode= >,3mky_B_A,2.86
22,0.0,ALA, ,C,64.79,7.13,0.0,5.19,1.0,<Residue ALA het=  resseq=160 icode= >,3mky_B_A,2.86
23,0.0,ALA, ,O,66.25,7.92,0.0,2.47,1.0,<Residue ALA het=  resseq=160 icode= >,3mky_B_A,2.86
24,4.984,ALA, ,CB,63.51,4.74,1.926,1.02,1.0,<Residue ALA het=  resseq=160 icode= >,3mky_B_A,2.86
25,0.0,TYR, ,N,64.65,7.62,0.0,4.58,1.0,<Residue TYR het=  resseq=161 icode= >,3mky_B_A,2.86
26,0.0,TYR, ,CA,66.2,9.01,0.0,4.23,1.0,<Residue TYR het=  resseq=161 icode= >,3mky_B_A,2.86
27,0.0,TYR, ,C,68.47,9.92,0.0,4.79,1.0,<Residue TYR het=  resseq=161 icode= >,3mky_B_A,2.86
28,0.0,TYR, ,O,67.11,10.70,0.0,2.84,1.0,<Residue TYR het=  resseq=161 icode= >,3mky_B_A,2.86
29,0.0,TYR, ,CB,64.3,9.68,0.0,2.34,1.0,<Residue TYR het=  resseq=161 icode= >,3mky_B_A,2.86
30,0.0,TYR, ,CG,62.87,11.03,0.0,3.28,1.0,<Residue TYR het=  resseq=161 icode= >,3mky_B_A,2.86
31,0.0,TYR, ,CD1,62.91,11.27,0.0,2.23,1.0,<Residue TYR het=  resseq=161 icode= >,3mky_B_A,2.86
32,5.709,TYR, ,CD2,62.72,12.21,0.0,2.07,1.0,<Residue TYR het=  resseq=161 icode= >,3mky_B_A,2.86
33,0.0,TYR, ,CE1,63.66,12.61,0.0,1.83,1.0,<Residue TYR het=  resseq=161 icode= >,3mky_B_A,2.86
34,12.58,TYR, ,CE2,63.56,13.46,0.0,2.48,1.0,<Residue TYR het=  resseq=161 icode= >,3mky_B_A,2.86
35,0.0,TYR, ,CZ,64.67,13.63,0.0,2.96,1.0,<Residue TYR het=  resseq=161 icode= >,3mky_B_A,2.86
36,12.308,TYR, ,OH,67.09,14.93,0.0,1.48,1.0,<Residue TYR het=  resseq=161 icode= >,3mky_B_A,2.86
37,0.0,GLU, ,N,71.88,10.02,0.0,3.37,1.0,<Residue GLU het=  resseq=162 icode= >,3mky_B_A,2.86
38,1.665,GLU, ,CA,75.87,11.06,0.0,3.41,1.0,<Residue GLU het=  resseq=162 icode= >,3mky_B_A,2.86
39,1.833,GLU, ,C,75.83,11.01,0.0,3.32,1.0,<Residue GLU het=  resseq=162 icode= >,3mky_B_A,2.86
40,3.046,GLU, ,O,74.23,11.69,0.0,2.09,1.0,<Residue GLU het=  resseq=162 icode= >,3mky_B_A,2.86
41,9.644,GLU, ,CB,80.33,11.16,0.0,1.27,1.0,<Residue GLU het=  resseq=162 icode= >,3mky_B_A,2.86
42,19.308,GLU, ,CG,89.82,11.71,0.0,0.19,1.0,<Residue GLU het=  resseq=162 icode= >,3mky_B_A,2.86
43,7.874,GLU, ,CD,94.61,11.79,0.0,0.57,1.0,<Residue GLU het=  resseq=162 icode= >,3mky_B_A,2.86
44,23.039,GLU, ,OE1,97.23,12.32,0.0,0.59,1.0,<Residue GLU het=  resseq=162 icode= >,3mky_B_A,2.86
45,8.849,GLU, ,OE2,94.67,11.53,0.0,0.75,1.0,<Residue GLU het=  resseq=162 icode= >,3mky_B_A,2.86
46,0.105,ARG, ,N,75.08,9.72,0.0,2.42,1.0,<Residue ARG het=  resseq=163 icode= >,3mky_B_A,2.86
47,4.647,ARG, ,CA,72.89,8.95,0.0,4.08,1.0,<Residue ARG het=  resseq=163 icode= >,3mky_B_A,2.86
48,0.0,ARG, ,C,73.45,9.48,0.0,5.20,1.0,<Residue ARG het=  resseq=163 icode= >,3mky_B_A,2.86
49,0.0,ARG, ,O,73.28,9.98,0.0,2.31,1.0,<Residue ARG het=  resseq=163 icode= >,3mky_B_A,2.86
50,0.061,ARG, ,CB,71.31,7.43,0.0,2.57,1.0,<Residue ARG het=  resseq=163 icode= >,3mky_B_A,2.86
51,9.147,ARG, ,CG,69.71,7.03,0.0,2.06,1.0,<Residue ARG het=  resseq=163 icode= >,3mky_B_A,2.86
52,8.84,ARG, ,CD,68.94,5.58,0.0,2.13,1.0,<Residue ARG het=  resseq=163 icode= >,3mky_B_A,2.86
53,3.644,ARG, ,NE,69.96,4.70,0.0,2.83,1.0,<Residue ARG het=  resseq=163 icode= >,3mky_B_A,2.86
54,4.496,ARG, ,CZ,69.29,3.38,0.41,2.95,1.0,<Residue ARG het=  resseq=163 icode= >,3mky_B_A,2.86
55,44.017,ARG, ,NH1,67.95,2.83,27.14,1.15,1.0,<Residue ARG het=  resseq=163 icode= >,3mky_B_A,2.86
56,5.204,ARG, ,NH2,69.0,3.08,2.258,0.93,1.0,<Residue ARG het=  resseq=163 icode= >,3mky_B_A,2.86
57,0.0,GLY, ,N,74.72,9.64,0.0,3.42,1.0,<Residue GLY het=  resseq=164 icode= >,3mky_B_A,2.86
58,0.0,GLY, ,CA,76.7,10.40,0.0,2.50,1.0,<Residue GLY het=  resseq=164 icode= >,3mky_B_A,2.86
59,0.0,GLY, ,C,77.34,11.73,0.0,3.79,1.0,<Residue GLY het=  resseq=164 icode= >,3mky_B_A,2.86
60,0.0,GLY, ,O,77.79,12.19,0.0,1.63,1.0,<Residue GLY het=  resseq=164 icode= >,3mky_B_A,2.86
61,0.0,GLN, ,N,78.07,12.49,0.0,2.97,1.0,<Residue GLN het=  resseq=165 icode= >,3mky_B_A,2.86
62,3.057,GLN, ,CA,78.23,13.82,0.0,3.23,1.0,<Residue GLN het=  resseq=165 icode= >,3mky_B_A,2.86
63,1.382,GLN, ,C,77.91,13.85,0.0,3.72,1.0,<Residue GLN het=  resseq=165 icode= >,3mky_B_A,2.86
64,6.204,GLN, ,O,76.57,14.78,0.0,2.21,1.0,<Residue GLN het=  resseq=165 icode= >,3mky_B_A,2.86
65,21.281,GLN, ,CB,78.6,14.62,0.0,1.46,1.0,<Residue GLN het=  resseq=165 icode= >,3mky_B_A,2.86
66,0.417,GLN, ,CG,80.43,13.89,0.0,1.45,1.0,<Residue GLN het=  resseq=165 icode= >,3mky_B_A,2.86
67,2.292,GLN, ,CD,81.15,14.87,0.0,2.88,1.0,<Residue GLN het=  resseq=165 icode= >,3mky_B_A,2.86
68,30.967,GLN, ,OE1,82.33,15.81,0.0,1.56,1.0,<Residue GLN het=  resseq=165 icode= >,3mky_B_A,2.86
69,32.24,GLN, ,NE2,82.12,14.77,0.0,1.22,1.0,<Residue GLN het=  resseq=165 icode= >,3mky_B_A,2.86
70,0.072,ARG, ,N,78.54,12.96,0.0,2.59,1.0,<Residue ARG het=  resseq=166 icode= >,3mky_B_A,2.86
71,6.455,ARG, ,CA,79.99,13.12,0.0,3.01,1.0,<Residue ARG het=  resseq=166 icode= >,3mky_B_A,2.86
72,0.0,ARG, ,C,78.79,12.89,0.0,3.65,1.0,<Residue ARG het=  resseq=166 icode= >,3mky_B_A,2.86
73,0.0,ARG, ,O,78.66,13.87,0.0,2.22,1.0,<Residue ARG het=  resseq=166 icode= >,3mky_B_A,2.86
74,8.58,ARG, ,CB,82.04,12.34,0.0,1.47,1.0,<Residue ARG het=  resseq=166 icode= >,3mky_B_A,2.86
75,7.957,ARG, ,CG,88.57,12.75,0.0,0.25,1.0,<Residue ARG het=  resseq=166 icode= >,3mky_B_A,2.86
76,22.039,ARG, ,CD,92.74,12.39,0.0,0.15,1.0,<Residue ARG het=  resseq=166 icode= >,3mky_B_A,2.86
77,4.502,ARG, ,NE,95.89,12.91,0.0,0.57,1.0,<Residue ARG het=  resseq=166 icode= >,3mky_B_A,2.86
78,8.509,ARG, ,CZ,97.14,13.04,0.0,1.02,1.0,<Residue ARG het=  resseq=166 icode= >,3mky_B_A,2.86
79,50.36,ARG, ,NH1,96.48,12.68,0.0,0.77,1.0,<Residue ARG het=  resseq=166 icode= >,3mky_B_A,2.86
80,52.153,ARG, ,NH2,97.67,13.73,0.0,0.65,1.0,<Residue ARG het=  resseq=166 icode= >,3mky_B_A,2.86
81,0.0,TYR, ,N,76.39,11.71,0.0,3.08,1.0,<Residue TYR het=  resseq=167 icode= >,3mky_B_A,2.86
82,0.0,TYR, ,CA,74.56,11.62,0.0,3.95,1.0,<Residue TYR het=  resseq=167 icode= >,3mky_B_A,2.86
83,0.0,TYR, ,C,75.13,11.74,0.0,4.72,1.0,<Residue TYR het=  resseq=167 icode= >,3mky_B_A,2.86
84,0.0,TYR, ,O,75.1,11.03,0.0,2.24,1.0,<Residue TYR het=  resseq=167 icode= >,3mky_B_A,2.86
85,0.0,TYR, ,CB,72.69,10.42,0.0,2.09,1.0,<Residue TYR het=  resseq=167 icode= >,3mky_B_A,2.86
86,0.0,TYR, ,CG,71.7,9.08,0.0,3.50,1.0,<Residue TYR het=  resseq=167 icode= >,3mky_B_A,2.86
87,0.0,TYR, ,CD1,72.71,7.91,0.0,2.07,1.0,<Residue TYR het=  resseq=167 icode= >,3mky_B_A,2.86
88,0.0,TYR, ,CD2,70.07,9.15,0.0,2.17,1.0,<Residue TYR het=  resseq=167 icode= >,3mky_B_A,2.86
89,0.0,TYR, ,CE1,71.71,6.68,0.0,2.20,1.0,<Residue TYR het=  resseq=167 icode= >,3mky_B_A,2.86
90,6.428,TYR, ,CE2,70.37,8.12,0.0,1.92,1.0,<Residue TYR het=  resseq=167 icode= >,3mky_B_A,2.86
91,0.078,TYR, ,CZ,70.51,6.80,0.0,3.46,1.0,<Residue TYR het=  resseq=167 icode= >,3mky_B_A,2.86
92,8.897,TYR, ,OH,68.46,5.85,0.0,2.34,1.0,<Residue TYR het=  resseq=167 icode= >,3mky_B_A,2.86
93,0.0,ALA, ,N,75.64,12.10,0.0,3.17,1.0,<Residue ALA het=  resseq=168 icode= >,3mky_B_A,2.86
94,1.628,ALA, ,CA,76.17,11.73,0.0,3.26,1.0,<Residue ALA het=  resseq=168 icode= >,3mky_B_A,2.86
95,1.786,ALA, ,C,77.9,11.92,0.0,3.67,1.0,<Residue ALA het=  resseq=168 icode= >,3mky_B_A,2.86
96,3.652,ALA, ,O,79.27,11.06,0.0,1.80,1.0,<Residue ALA het=  resseq=168 icode= >,3mky_B_A,2.86
97,28.961,ALA, ,CB,75.67,12.17,0.0,0.01,1.0,<Residue ALA het=  resseq=168 icode= >,3mky_B_A,2.86
98,0.662,SER, ,N,78.81,13.15,0.0,2.84,1.0,<Residue SER het=  resseq=169 icode= >,3mky_B_A,2.86
99,4.516,SER, ,CA,79.92,13.60,0.0,3.29,1.0,<Residue SER het=  resseq=169 icode= >,3mky_B_A,2.86
100,0.0,SER, ,C,80.06,12.88,0.0,3.73,1.0,<Residue SER het=  resseq=169 icode= >,3mky_B_A,2.86
101,0.0,SER, ,O,80.17,12.41,0.0,1.99,1.0,<Residue SER het=  resseq=169 icode= >,3mky_B_A,2.86
102,37.47,SER, ,CB,80.3,15.09,0.0,1.47,1.0,<Residue SER het=  resseq=169 icode= >,3mky_B_A,2.86
103,13.872,SER, ,OG,82.2,15.38,0.0,1.54,1.0,<Residue SER het=  resseq=169 icode= >,3mky_B_A,2.86
104,0.299,ARG, ,N,79.0,12.96,0.0,3.45,1.0,<Residue ARG het=  resseq=170 icode= >,3mky_B_A,2.86
105,0.656,ARG, ,CA,78.36,12.50,0.0,3.81,1.0,<Residue ARG het=  resseq=170 icode= >,3mky_B_A,2.86
106,0.0,ARG, ,C,79.01,11.12,0.0,4.36,1.0,<Residue ARG het=  resseq=170 icode= >,3mky_B_A,2.86
107,0.0,ARG, ,O,78.53,10.94,0.0,2.29,1.0,<Residue ARG het=  resseq=170 icode= >,3mky_B_A,2.86
108,0.0,ARG, ,CB,75.81,12.61,0.0,2.64,1.0,<Residue ARG het=  resseq=170 icode= >,3mky_B_A,2.86
109,8.963,ARG, ,CG,74.93,14.05,0.0,1.71,1.0,<Residue ARG het=  resseq=170 icode= >,3mky_B_A,2.86
110,3.333,ARG, ,CD,73.63,14.18,0.0,1.47,1.0,<Residue ARG het=  resseq=170 icode= >,3mky_B_A,2.86
111,0.887,ARG, ,NE,73.64,13.98,0.0,2.09,1.0,<Residue ARG het=  resseq=170 icode= >,3mky_B_A,2.86
112,4.09,ARG, ,CZ,74.79,14.11,0.0,2.40,1.0,<Residue ARG het=  resseq=170 icode= >,3mky_B_A,2.86
113,13.005,ARG, ,NH1,75.33,13.38,0.0,1.15,1.0,<Residue ARG het=  resseq=170 icode= >,3mky_B_A,2.86
114,18.504,ARG, ,NH2,74.2,14.12,0.0,1.31,1.0,<Residue ARG het=  resseq=170 icode= >,3mky_B_A,2.86
115,0.0,LEU, ,N,79.37,10.30,0.0,3.69,1.0,<Residue LEU het=  resseq=171 icode= >,3mky_B_A,2.86
116,0.0,LEU, ,CA,80.17,8.97,0.0,4.17,1.0,<Residue LEU het=  resseq=171 icode= >,3mky_B_A,2.86
117,0.0,LEU, ,C,82.26,9.19,0.0,3.56,1.0,<Residue LEU het=  resseq=171 icode= >,3mky_B_A,2.86
118,0.0,LEU, ,O,82.29,8.80,0.0,1.48,1.0,<Residue LEU het=  resseq=171 icode= >,3mky_B_A,2.86
119,0.717,LEU, ,CB,78.15,8.33,0.0,2.34,1.0,<Residue LEU het=  resseq=171 icode= >,3mky_B_A,2.86
120,0.0,LEU, ,CG,76.95,6.98,0.0,2.33,1.0,<Residue LEU het=  resseq=171 icode= >,3mky_B_A,2.86
121,23.237,LEU, ,CD1,76.87,6.48,0.0,0.29,1.0,<Residue LEU het=  resseq=171 icode= >,3mky_B_A,2.86
122,0.0,LEU, ,CD2,76.8,6.14,0.0,0.76,1.0,<Residue LEU het=  resseq=171 icode= >,3mky_B_A,2.86
123,0.414,GLN, ,N,84.82,10.06,0.0,2.54,1.0,<Residue GLN het=  resseq=172 icode= >,3mky_B_A,2.86
124,5.184,GLN, ,CA,86.99,10.56,0.0,2.42,1.0,<Residue GLN het=  resseq=172 icode= >,3mky_B_A,2.86
125,0.0,GLN, ,C,87.39,11.25,0.0,3.10,1.0,<Residue GLN het=  resseq=172 icode= >,3mky_B_A,2.86
126,14.693,GLN, ,O,88.37,11.19,0.0,0.88,1.0,<Residue GLN het=  resseq=172 icode= >,3mky_B_A,2.86
127,6.553,GLN, ,CB,89.22,11.67,0.0,1.03,1.0,<Residue GLN het=  resseq=172 icode= >,3mky_B_A,2.86
128,26.62,GLN, ,CG,93.23,12.12,0.0,0.58,1.0,<Residue GLN het=  resseq=172 icode= >,3mky_B_A,2.86
129,10.756,GLN, ,CD,96.61,13.27,0.0,0.76,1.0,<Residue GLN het=  resseq=172 icode= >,3mky_B_A,2.86
130,41.076,GLN, ,OE1,98.63,13.69,0.0,0.08,1.0,<Residue GLN het=  resseq=172 icode= >,3mky_B_A,2.86
131,46.019,GLN, ,NE2,97.73,13.92,0.0,0.58,1.0,<Residue GLN het=  resseq=172 icode= >,3mky_B_A,2.86
132,0.0,ASN, ,N,86.65,12.09,0.0,3.42,1.0,<Residue ASN het=  resseq=173 icode= >,3mky_B_A,2.86
133,7.632,ASN, ,CA,87.85,12.92,0.0,2.64,1.0,<Residue ASN het=  resseq=173 icode= >,3mky_B_A,2.86
134,3.087,ASN, ,C,87.15,12.57,0.0,2.78,1.0,<Residue ASN het=  resseq=173 icode= >,3mky_B_A,2.86
135,14.187,ASN, ,O,88.62,12.11,0.0,0.88,1.0,<Residue ASN het=  resseq=173 icode= >,3mky_B_A,2.86
136,35.323,ASN, ,CB,89.99,14.37,0.0,1.70,1.0,<Residue ASN het=  resseq=173 icode= >,3mky_B_A,2.86
137,6.216,ASN, ,CG,91.81,14.58,0.0,2.22,1.0,<Residue ASN het=  resseq=173 icode= >,3mky_B_A,2.86
138,13.15,ASN, ,OD1,93.13,14.59,0.0,1.55,1.0,<Residue ASN het=  resseq=173 icode= >,3mky_B_A,2.86
139,25.617,ASN, ,ND2,93.96,14.93,0.0,0.53,1.0,<Residue ASN het=  resseq=173 icode= >,3mky_B_A,2.86
140,0.381,GLU, ,N,84.07,12.97,0.0,3.46,1.0,<Residue GLU het=  resseq=174 icode= >,3mky_B_A,2.86
141,10.511,GLU, ,CA,81.73,12.97,0.0,3.42,1.0,<Residue GLU het=  resseq=174 icode= >,3mky_B_A,2.86
142,1.868,GLU, ,C,79.94,11.79,0.0,3.29,1.0,<Residue GLU het=  resseq=174 icode= >,3mky_B_A,2.86
143,18.738,GLU, ,O,79.71,12.11,0.0,1.50,1.0,<Residue GLU het=  resseq=174 icode= >,3mky_B_A,2.86
144,0.315,GLU, ,CB,81.61,13.40,0.0,2.23,1.0,<Residue GLU het=  resseq=174 icode= >,3mky_B_A,2.86
145,23.893,GLU, ,CG,82.88,14.27,0.0,2.27,1.0,<Residue GLU het=  resseq=174 icode= >,3mky_B_A,2.86
146,8.462,GLU, ,CD,86.01,14.86,0.0,2.64,1.0,<Residue GLU het=  resseq=174 icode= >,3mky_B_A,2.86
147,20.232,GLU, ,OE1,84.86,15.39,0.0,1.97,1.0,<Residue GLU het=  resseq=174 icode= >,3mky_B_A,2.86
148,13.806,GLU, ,OE2,88.07,14.80,0.0,0.95,1.0,<Residue GLU het=  resseq=174 icode= >,3mky_B_A,2.86
149,0.0,PHE, ,N,77.75,10.57,0.0,2.92,1.0,<Residue PHE het=  resseq=175 icode= >,3mky_B_A,2.86
150,7.693,PHE, ,CA,75.02,9.47,0.0,3.55,1.0,<Residue PHE het=  resseq=175 icode= >,3mky_B_A,2.86
151,1.796,PHE, ,C,74.14,8.55,0.0,4.80,1.0,<Residue PHE het=  resseq=175 icode= >,3mky_B_A,2.86
152,1.518,PHE, ,O,71.14,7.41,0.0,3.12,1.0,<Residue PHE het=  resseq=175 icode= >,3mky_B_A,2.86
153,0.0,PHE, ,CB,73.94,8.75,0.0,2.74,1.0,<Residue PHE het=  resseq=175 icode= >,3mky_B_A,2.86
154,0.0,PHE, ,CG,73.76,9.66,0.0,3.04,1.0,<Residue PHE het=  resseq=175 icode= >,3mky_B_A,2.86
155,0.0,PHE, ,CD1,75.16,10.64,0.0,1.72,1.0,<Residue PHE het=  resseq=175 icode= >,3mky_B_A,2.86
156,6.383,PHE, ,CD2,74.09,9.62,0.0,1.93,1.0,<Residue PHE het=  resseq=175 icode= >,3mky_B_A,2.86
157,0.0,PHE, ,CE1,75.5,11.49,0.0,1.47,1.0,<Residue PHE het=  resseq=175 icode= >,3mky_B_A,2.86
158,17.617,PHE, ,CE2,75.01,10.55,0.0,1.32,1.0,<Residue PHE het=  resseq=175 icode= >,3mky_B_A,2.86
159,6.818,PHE, ,CZ,75.71,11.44,0.0,1.41,1.0,<Residue PHE het=  resseq=175 icode= >,3mky_B_A,2.86
160,1.272,ALA, ,N,74.52,9.21,0.0,3.28,1.0,<Residue ALA het=  resseq=176 icode= >,3mky_B_A,2.86
161,7.149,ALA, ,CA,76.01,8.79,0.0,3.02,1.0,<Residue ALA het=  resseq=176 icode= >,3mky_B_A,2.86
162,3.971,ALA, ,C,76.93,7.41,0.0,3.40,1.0,<Residue ALA het=  resseq=176 icode= >,3mky_B_A,2.86
163,23.299,ALA, ,O,76.87,6.94,0.0,2.26,1.0,<Residue ALA het=  resseq=176 icode= >,3mky_B_A,2.86
164,60.982,ALA, ,CB,76.85,9.14,0.0,-0.23,1.0,<Residue ALA het=  resseq=176 icode= >,3mky_B_A,2.86
165,0.198,GLY, ,N,77.12,6.99,0.0,2.34,1.0,<Residue GLY het=  resseq=177 icode= >,3mky_B_A,2.86
166,16.589,GLY, ,CA,76.77,5.84,0.0,1.79,1.0,<Residue GLY het=  resseq=177 icode= >,3mky_B_A,2.86
167,0.553,GLY, ,C,76.24,4.46,0.0,3.64,1.0,<Residue GLY het=  resseq=177 icode= >,3mky_B_A,2.86
168,23.156,GLY, ,O,75.54,3.52,5.375,2.62,1.0,<Residue GLY het=  resseq=177 icode= >,3mky_B_A,2.86
169,0.0,ASN, ,N,76.1,4.65,0.0,3.21,1.0,<Residue ASN het=  resseq=178 icode= >,3mky_B_A,2.86
170,3.701,ASN, ,CA,76.08,3.83,2.71,4.03,1.0,<Residue ASN het=  resseq=178 icode= >,3mky_B_A,2.86
171,0.0,ASN, ,C,74.16,3.94,0.0,4.20,1.0,<Residue ASN het=  resseq=178 icode= >,3mky_B_A,2.86
172,0.0,ASN, ,O,71.31,4.71,0.0,3.23,1.0,<Residue ASN het=  resseq=178 icode= >,3mky_B_A,2.86
173,10.57,ASN, ,CB,79.56,4.83,0.0,2.48,1.0,<Residue ASN het=  resseq=178 icode= >,3mky_B_A,2.86
174,3.459,ASN, ,CG,82.93,4.02,1.276,2.84,1.0,<Residue ASN het=  resseq=178 icode= >,3mky_B_A,2.86
175,1.55,ASN, ,OD1,87.73,3.78,0.21,0.77,1.0,<Residue ASN het=  resseq=178 icode= >,3mky_B_A,2.86
176,56.668,ASN, ,ND2,83.71,3.33,28.373,1.39,1.0,<Residue ASN het=  resseq=178 icode= >,3mky_B_A,2.86
177,2.669,ILE, ,N,72.54,3.20,2.669,2.85,1.0,<Residue ILE het=  resseq=179 icode= >,3mky_B_A,2.86
178,0.0,ILE, ,CA,70.75,3.47,0.0,3.67,1.0,<Residue ILE het=  resseq=179 icode= >,3mky_B_A,2.86
179,0.0,ILE, ,C,69.87,3.57,0.0,4.05,1.0,<Residue ILE het=  resseq=179 icode= >,3mky_B_A,2.86
180,0.0,ILE, ,O,69.45,4.76,0.0,2.23,1.0,<Residue ILE het=  resseq=179 icode= >,3mky_B_A,2.86
181,8.459,ILE, ,CB,70.16,3.17,8.459,2.13,1.0,<Residue ILE het=  resseq=179 icode= >,3mky_B_A,2.86
182,10.434,ILE, ,CG1,68.9,4.10,6.978,1.89,1.0,<Residue ILE het=  resseq=179 icode= >,3mky_B_A,2.86
183,3.753,ILE, ,CG2,70.74,3.86,3.753,-0.41,1.0,<Residue ILE het=  resseq=179 icode= >,3mky_B_A,2.86
184,33.133,ILE, ,CD1,69.5,3.43,15.243,0.09,1.0,<Residue ILE het=  resseq=179 icode= >,3mky_B_A,2.86
185,0.308,SER, ,N,68.28,2.77,0.308,3.91,1.0,<Residue SER het=  resseq=180 icode= >,3mky_B_A,2.86
186,1.371,SER, ,CA,66.61,3.70,0.0,4.27,1.0,<Residue SER het=  resseq=180 icode= >,3mky_B_A,2.86
187,0.0,SER, ,C,66.01,4.96,0.0,4.65,1.0,<Residue SER het=  resseq=180 icode= >,3mky_B_A,2.86
188,0.007,SER, ,O,66.94,6.05,0.0,2.55,1.0,<Residue SER het=  resseq=180 icode= >,3mky_B_A,2.86
189,28.624,SER, ,CB,65.52,3.51,10.491,2.47,1.0,<Residue SER het=  resseq=180 icode= >,3mky_B_A,2.86
190,23.673,SER, ,OG,65.83,2.62,23.673,1.96,1.0,<Residue SER het=  resseq=180 icode= >,3mky_B_A,2.86
191,0.231,ALA, ,N,66.05,5.10,0.0,3.54,1.0,<Residue ALA het=  resseq=181 icode= >,3mky_B_A,2.86
192,7.797,ALA, ,CA,66.55,6.50,0.0,3.99,1.0,<Residue ALA het=  resseq=181 icode= >,3mky_B_A,2.86
193,0.0,ALA, ,C,67.19,7.22,0.0,4.65,1.0,<Residue ALA het=  resseq=181 icode= >,3mky_B_A,2.86
194,2.343,ALA, ,O,65.88,8.31,0.0,2.64,1.0,<Residue ALA het=  resseq=181 icode= >,3mky_B_A,2.86
195,24.005,ALA, ,CB,68.33,6.82,0.0,0.49,1.0,<Residue ALA het=  resseq=181 icode= >,3mky_B_A,2.86
196,0.0,LEU, ,N,67.77,6.84,0.0,3.09,1.0,<Residue LEU het=  resseq=182 icode= >,3mky_B_A,2.86
197,0.0,LEU, ,CA,67.37,7.81,0.0,4.05,1.0,<Residue LEU het=  resseq=182 icode= >,3mky_B_A,2.86
198,0.0,LEU, ,C,67.65,8.19,0.0,4.39,1.0,<Residue LEU het=  resseq=182 icode= >,3mky_B_A,2.86
199,0.0,LEU, ,O,66.64,9.38,0.0,2.78,1.0,<Residue LEU het=  resseq=182 icode= >,3mky_B_A,2.86
200,0.0,LEU, ,CB,67.1,7.51,0.0,2.75,1.0,<Residue LEU het=  resseq=182 icode= >,3mky_B_A,2.86
201,0.0,LEU, ,CG,66.69,8.83,0.0,2.30,1.0,<Residue LEU het=  resseq=182 icode= >,3mky_B_A,2.86
202,0.0,LEU, ,CD1,64.09,8.77,0.0,0.63,1.0,<Residue LEU het=  resseq=182 icode= >,3mky_B_A,2.86
203,0.0,LEU, ,CD2,65.76,9.92,0.0,0.89,1.0,<Residue LEU het=  resseq=182 icode= >,3mky_B_A,2.86
204,0.0,ALA, ,N,67.77,7.32,0.0,3.44,1.0,<Residue ALA het=  resseq=183 icode= >,3mky_B_A,2.86
205,0.0,ALA, ,CA,70.07,7.94,0.0,4.01,1.0,<Residue ALA het=  resseq=183 icode= >,3mky_B_A,2.86
206,0.311,ALA, ,C,72.14,8.47,0.0,4.18,1.0,<Residue ALA het=  resseq=183 icode= >,3mky_B_A,2.86
207,0.0,ALA, ,O,71.57,7.89,0.0,2.55,1.0,<Residue ALA het=  resseq=183 icode= >,3mky_B_A,2.86
208,4.677,ALA, ,CB,70.89,7.07,0.0,0.71,1.0,<Residue ALA het=  resseq=183 icode= >,3mky_B_A,2.86
209,0.069,ASP, ,N,74.32,8.67,0.0,2.71,1.0,<Residue ASP het=  resseq=184 icode= >,3mky_B_A,2.86
210,6.218,ASP, ,CA,76.53,9.79,0.0,2.74,1.0,<Residue ASP het=  resseq=184 icode= >,3mky_B_A,2.86
211,1.262,ASP, ,C,75.67,10.23,0.0,3.51,1.0,<Residue ASP het=  resseq=184 icode= >,3mky_B_A,2.86
212,13.871,ASP, ,O,74.64,10.09,0.0,2.47,1.0,<Residue ASP het=  resseq=184 icode= >,3mky_B_A,2.86
213,25.156,ASP, ,CB,80.64,9.44,0.0,1.79,1.0,<Residue ASP het=  resseq=184 icode= >,3mky_B_A,2.86
214,8.212,ASP, ,CG,85.33,8.23,0.0,2.04,1.0,<Residue ASP het=  resseq=184 icode= >,3mky_B_A,2.86
215,36.679,ASP, ,OD1,87.09,8.53,0.0,1.19,1.0,<Residue ASP het=  resseq=184 icode= >,3mky_B_A,2.86
216,19.857,ASP, ,OD2,88.14,7.11,0.0,0.63,1.0,<Residue ASP het=  resseq=184 icode= >,3mky_B_A,2.86
217,0.525,ALA, ,N,74.81,10.64,0.0,3.19,1.0,<Residue ALA het=  resseq=185 icode= >,3mky_B_A,2.86
218,13.573,ALA, ,CA,74.2,11.68,0.0,3.87,1.0,<Residue ALA het=  resseq=185 icode= >,3mky_B_A,2.86
219,0.394,ALA, ,C,74.68,10.83,0.0,3.76,1.0,<Residue ALA het=  resseq=185 icode= >,3mky_B_A,2.86
220,26.025,ALA, ,O,74.37,11.12,0.0,2.27,1.0,<Residue ALA het=  resseq=185 icode= >,3mky_B_A,2.86
221,11.115,ALA, ,CB,74.2,11.47,0.0,0.85,1.0,<Residue ALA het=  resseq=185 icode= >,3mky_B_A,2.86
222,0.0,GLU, ,N,74.7,9.94,0.0,2.82,1.0,<Residue GLU het=  resseq=186 icode= >,3mky_B_A,2.86
223,2.685,GLU, ,CA,73.83,9.22,0.0,3.23,1.0,<Residue GLU het=  resseq=186 icode= >,3mky_B_A,2.86
224,0.935,GLU, ,C,72.94,8.15,0.0,3.94,1.0,<Residue GLU het=  resseq=186 icode= >,3mky_B_A,2.86
225,18.529,GLU, ,O,71.81,7.72,0.0,1.93,1.0,<Residue GLU het=  resseq=186 icode= >,3mky_B_A,2.86
226,1.336,GLU, ,CB,74.87,8.79,0.0,1.69,1.0,<Residue GLU het=  resseq=186 icode= >,3mky_B_A,2.86
227,0.0,GLU, ,CG,75.13,10.07,0.0,1.59,1.0,<Residue GLU het=  resseq=186 icode= >,3mky_B_A,2.86
228,0.75,GLU, ,CD,75.31,10.14,0.0,3.03,1.0,<Residue GLU het=  resseq=186 icode= >,3mky_B_A,2.86
229,27.753,GLU, ,OE1,76.18,9.76,0.0,1.86,1.0,<Residue GLU het=  resseq=186 icode= >,3mky_B_A,2.86
230,1.129,GLU, ,OE2,76.8,10.57,0.0,1.12,1.0,<Residue GLU het=  resseq=186 icode= >,3mky_B_A,2.86
231,0.0,ASN, ,N,72.49,7.98,0.0,3.40,1.0,<Residue ASN het=  resseq=187 icode= >,3mky_B_A,2.86
232,1.008,ASN, ,CA,71.0,7.01,0.0,3.06,1.0,<Residue ASN het=  resseq=187 icode= >,3mky_B_A,2.86
233,0.0,ASN, ,C,67.81,5.64,0.0,3.86,1.0,<Residue ASN het=  resseq=187 icode= >,3mky_B_A,2.86
234,16.759,ASN, ,O,67.06,4.83,3.355,2.57,1.0,<Residue ASN het=  resseq=187 icode= >,3mky_B_A,2.86
235,20.359,ASN, ,CB,74.18,7.29,0.0,2.06,1.0,<Residue ASN het=  resseq=187 icode= >,3mky_B_A,2.86
236,7.781,ASN, ,CG,78.38,6.68,0.0,2.04,1.0,<Residue ASN het=  resseq=187 icode= >,3mky_B_A,2.86
237,41.514,ASN, ,OD1,82.12,7.07,0.0,0.72,1.0,<Residue ASN het=  resseq=187 icode= >,3mky_B_A,2.86
238,43.087,ASN, ,ND2,77.84,6.06,0.0,1.24,1.0,<Residue ASN het=  resseq=187 icode= >,3mky_B_A,2.86
239,1.428,ILE, ,N,63.19,5.21,0.0,3.42,1.0,<Residue ILE het=  resseq=188 icode= >,3mky_B_A,2.86
240,6.699,ILE, ,CA,59.53,3.87,3.904,4.23,1.0,<Residue ILE het=  resseq=188 icode= >,3mky_B_A,2.86
241,3.833,ILE, ,C,56.47,3.82,0.0,5.21,1.0,<Residue ILE het=  resseq=188 icode= >,3mky_B_A,2.86
242,3.273,ILE, ,O,54.92,4.98,0.0,2.72,1.0,<Residue ILE het=  resseq=188 icode= >,3mky_B_A,2.86
243,1.245,ILE, ,CB,61.52,4.16,0.0,2.64,1.0,<Residue ILE het=  resseq=188 icode= >,3mky_B_A,2.86
244,12.22,ILE, ,CG1,62.56,3.18,10.287,1.74,1.0,<Residue ILE het=  resseq=188 icode= >,3mky_B_A,2.86
245,0.0,ILE, ,CG2,61.31,5.19,0.0,0.88,1.0,<Residue ILE het=  resseq=188 icode= >,3mky_B_A,2.86
246,29.504,ILE, ,CD1,64.48,4.08,12.933,-0.14,1.0,<Residue ILE het=  resseq=188 icode= >,3mky_B_A,2.86
247,3.668,SER, ,N,54.15,2.85,2.031,4.06,1.0,<Residue SER het=  resseq=189 icode= >,3mky_B_A,2.86
248,11.219,SER, ,CA,54.11,3.60,0.0,4.51,1.0,<Residue SER het=  resseq=189 icode= >,3mky_B_A,2.86
249,0.0,SER, ,C,53.98,4.80,0.0,4.42,1.0,<Residue SER het=  resseq=189 icode= >,3mky_B_A,2.86
250,0.0,SER, ,O,54.6,5.00,0.0,2.70,1.0,<Residue SER het=  resseq=189 icode= >,3mky_B_A,2.86
251,16.052,SER, ,CB,55.8,3.21,13.194,2.76,1.0,<Residue SER het=  resseq=189 icode= >,3mky_B_A,2.86
252,34.922,SER, ,OG,59.47,2.39,33.573,1.72,1.0,<Residue SER het=  resseq=189 icode= >,3mky_B_A,2.86
253,5.565,ARG, ,N,53.28,5.91,0.0,2.90,1.0,<Residue ARG het=  resseq=190 icode= >,3mky_B_A,2.86
254,0.0,ARG, ,CA,52.57,6.71,0.0,3.81,1.0,<Residue ARG het=  resseq=190 icode= >,3mky_B_A,2.86
255,0.045,ARG, ,C,53.18,6.08,0.0,4.69,1.0,<Residue ARG het=  resseq=190 icode= >,3mky_B_A,2.86
256,0.0,ARG, ,O,55.18,6.36,0.0,1.76,1.0,<Residue ARG het=  resseq=190 icode= >,3mky_B_A,2.86
257,5.936,ARG, ,CB,51.85,5.93,0.258,1.04,1.0,<Residue ARG het=  resseq=190 icode= >,3mky_B_A,2.86
258,6.215,ARG, ,CG,46.48,5.31,0.0,1.68,1.0,<Residue ARG het=  resseq=190 icode= >,3mky_B_A,2.86
259,5.462,ARG, ,CD,37.24,4.11,4.2,3.35,1.0,<Residue ARG het=  resseq=190 icode= >,3mky_B_A,2.86
260,15.119,ARG, ,NE,33.76,3.80,3.815,4.08,1.0,<Residue ARG het=  resseq=190 icode= >,3mky_B_A,2.86
261,5.86,ARG, ,CZ,37.5,3.41,5.427,4.80,1.0,<Residue ARG het=  resseq=190 icode= >,3mky_B_A,2.86
262,47.485,ARG, ,NH1,34.66,2.62,45.585,2.51,1.0,<Residue ARG het=  resseq=190 icode= >,3mky_B_A,2.86
263,59.521,ARG, ,NH2,35.02,2.58,51.458,2.13,1.0,<Residue ARG het=  resseq=190 icode= >,3mky_B_A,2.86
264,3.42,LYS, ,N,53.06,5.04,0.0,2.78,1.0,<Residue LYS het=  resseq=191 icode= >,3mky_B_A,2.86
265,4.207,LYS, ,CA,51.26,4.75,0.0,3.92,1.0,<Residue LYS het=  resseq=191 icode= >,3mky_B_A,2.86
266,0.0,LYS, ,C,51.97,4.86,0.0,5.42,1.0,<Residue LYS het=  resseq=191 icode= >,3mky_B_A,2.86
267,0.0,LYS, ,O,53.15,5.79,0.0,2.21,1.0,<Residue LYS het=  resseq=191 icode= >,3mky_B_A,2.86
268,12.065,LYS, ,CB,51.85,3.72,10.448,2.50,1.0,<Residue LYS het=  resseq=191 icode= >,3mky_B_A,2.86
269,0.628,LYS, ,CG,52.04,3.97,0.031,1.78,1.0,<Residue LYS het=  resseq=191 icode= >,3mky_B_A,2.86
270,14.911,LYS, ,CD,52.74,3.05,14.787,1.80,1.0,<Residue LYS het=  resseq=191 icode= >,3mky_B_A,2.86
271,39.607,LYS, ,CE,55.02,3.57,23.878,1.73,1.0,<Residue LYS het=  resseq=191 icode= >,3mky_B_A,2.86
272,48.277,LYS, ,NZ,56.43,2.93,38.188,1.19,1.0,<Residue LYS het=  resseq=191 icode= >,3mky_B_A,2.86
273,0.0,ILE, ,N,51.26,4.35,0.0,3.52,1.0,<Residue ILE het=  resseq=192 icode= >,3mky_B_A,2.86
274,0.233,ILE, ,CA,51.83,5.09,0.0,4.72,1.0,<Residue ILE het=  resseq=192 icode= >,3mky_B_A,2.86
275,0.0,ILE, ,C,53.41,6.09,0.0,4.80,1.0,<Residue ILE het=  resseq=192 icode= >,3mky_B_A,2.86
276,0.0,ILE, ,O,56.59,6.22,0.0,1.86,1.0,<Residue ILE het=  resseq=192 icode= >,3mky_B_A,2.86
277,0.0,ILE, ,CB,52.64,4.31,0.0,3.26,1.0,<Residue ILE het=  resseq=192 icode= >,3mky_B_A,2.86
278,18.114,ILE, ,CG1,53.71,3.39,15.255,1.98,1.0,<Residue ILE het=  resseq=192 icode= >,3mky_B_A,2.86
279,0.0,ILE, ,CG2,52.58,3.91,0.0,0.88,1.0,<Residue ILE het=  resseq=192 icode= >,3mky_B_A,2.86
280,26.83,ILE, ,CD1,57.33,2.92,26.83,1.26,1.0,<Residue ILE het=  resseq=192 icode= >,3mky_B_A,2.86
281,0.0,ILE, ,N,51.7,6.91,0.0,3.50,1.0,<Residue ILE het=  resseq=193 icode= >,3mky_B_A,2.86
282,0.0,ILE, ,CA,50.4,7.86,0.0,3.95,1.0,<Residue ILE het=  resseq=193 icode= >,3mky_B_A,2.86
283,0.0,ILE, ,C,49.93,7.81,0.0,5.32,1.0,<Residue ILE het=  resseq=193 icode= >,3mky_B_A,2.86
284,0.0,ILE, ,O,49.52,8.37,0.0,2.57,1.0,<Residue ILE het=  resseq=193 icode= >,3mky_B_A,2.86
285,0.0,ILE, ,CB,48.74,8.25,0.0,3.39,1.0,<Residue ILE het=  resseq=193 icode= >,3mky_B_A,2.86
286,0.0,ILE, ,CG1,48.77,8.21,0.0,2.47,1.0,<Residue ILE het=  resseq=193 icode= >,3mky_B_A,2.86
287,0.0,ILE, ,CG2,48.09,8.13,0.0,0.45,1.0,<Residue ILE het=  resseq=193 icode= >,3mky_B_A,2.86
288,0.0,ILE, ,CD1,51.2,8.75,0.0,-0.08,1.0,<Residue ILE het=  resseq=193 icode= >,3mky_B_A,2.86
289,0.0,THR, ,N,48.44,6.73,0.0,4.42,1.0,<Residue THR het=  resseq=194 icode= >,3mky_B_A,2.86
290,4.576,THR, ,CA,50.92,6.14,0.0,5.49,1.0,<Residue THR het=  resseq=194 icode= >,3mky_B_A,2.86
291,0.0,THR, ,C,52.99,7.37,0.0,4.64,1.0,<Residue THR het=  resseq=194 icode= >,3mky_B_A,2.86
292,0.053,THR, ,O,52.81,7.54,0.0,2.42,1.0,<Residue THR het=  resseq=194 icode= >,3mky_B_A,2.86
293,0.661,THR, ,CB,52.66,5.16,0.0,3.43,1.0,<Residue THR het=  resseq=194 icode= >,3mky_B_A,2.86
294,16.95,THR, ,OG1,56.38,3.86,12.536,1.57,1.0,<Residue THR het=  resseq=194 icode= >,3mky_B_A,2.86
295,25.938,THR, ,CG2,52.14,5.37,10.074,1.24,1.0,<Residue THR het=  resseq=194 icode= >,3mky_B_A,2.86
296,0.0,ARG, ,N,53.24,8.06,0.0,2.88,1.0,<Residue ARG het=  resseq=195 icode= >,3mky_B_A,2.86
297,0.0,ARG, ,CA,50.98,7.80,0.0,4.55,1.0,<Residue ARG het=  resseq=195 icode= >,3mky_B_A,2.86
298,0.0,ARG, ,C,52.71,7.91,0.0,4.71,1.0,<Residue ARG het=  resseq=195 icode= >,3mky_B_A,2.86
299,0.0,ARG, ,O,53.43,8.35,0.0,2.22,1.0,<Residue ARG het=  resseq=195 icode= >,3mky_B_A,2.86
300,0.087,ARG, ,CB,47.66,6.45,0.0,2.66,1.0,<Residue ARG het=  resseq=195 icode= >,3mky_B_A,2.86
301,2.318,ARG, ,CG,44.91,6.48,0.0,2.01,1.0,<Residue ARG het=  resseq=195 icode= >,3mky_B_A,2.86
302,0.8,ARG, ,CD,46.47,5.28,0.0,1.90,1.0,<Residue ARG het=  resseq=195 icode= >,3mky_B_A,2.86
303,7.59,ARG, ,NE,43.51,5.10,0.0,3.49,1.0,<Residue ARG het=  resseq=195 icode= >,3mky_B_A,2.86
304,0.0,ARG, ,CZ,43.94,3.87,0.0,4.29,1.0,<Residue ARG het=  resseq=195 icode= >,3mky_B_A,2.86
305,22.219,ARG, ,NH1,40.79,3.02,21.233,2.50,1.0,<Residue ARG het=  resseq=195 icode= >,3mky_B_A,2.86
306,20.234,ARG, ,NH2,43.22,3.35,10.277,1.65,1.0,<Residue ARG het=  resseq=195 icode= >,3mky_B_A,2.86
307,0.0,CYS, ,N,52.53,7.75,0.0,3.76,1.0,<Residue CYS het=  resseq=196 icode= >,3mky_B_A,2.86
308,0.0,CYS, ,CA,54.42,7.94,0.0,4.08,1.0,<Residue CYS het=  resseq=196 icode= >,3mky_B_A,2.86
309,0.0,CYS, ,C,56.52,9.27,0.0,4.85,1.0,<Residue CYS het=  resseq=196 icode= >,3mky_B_A,2.86
310,0.0,CYS, ,O,56.95,9.44,0.0,2.26,1.0,<Residue CYS het=  resseq=196 icode= >,3mky_B_A,2.86
311,0.0,CYS, ,CB,54.03,7.16,0.0,2.90,1.0,<Residue CYS het=  resseq=196 icode= >,3mky_B_A,2.86
312,0.782,CYS, ,SG,55.63,5.44,0.234,4.44,1.0,<Residue CYS het=  resseq=196 icode= >,3mky_B_A,2.86
313,0.0,ILE, ,N,58.58,9.94,0.0,3.31,1.0,<Residue ILE het=  resseq=197 icode= >,3mky_B_A,2.86
314,0.0,ILE, ,CA,57.77,9.73,0.0,4.21,1.0,<Residue ILE het=  resseq=197 icode= >,3mky_B_A,2.86
315,0.0,ILE, ,C,58.12,9.68,0.0,4.69,1.0,<Residue ILE het=  resseq=197 icode= >,3mky_B_A,2.86
316,0.254,ILE, ,O,59.07,10.42,0.0,1.85,1.0,<Residue ILE het=  resseq=197 icode= >,3mky_B_A,2.86
317,0.083,ILE, ,CB,56.79,8.53,0.0,3.62,1.0,<Residue ILE het=  resseq=197 icode= >,3mky_B_A,2.86
318,0.0,ILE, ,CG1,58.18,9.11,0.0,1.65,1.0,<Residue ILE het=  resseq=197 icode= >,3mky_B_A,2.86
319,19.218,ILE, ,CG2,53.72,8.26,0.0,0.98,1.0,<Residue ILE het=  resseq=197 icode= >,3mky_B_A,2.86
320,2.907,ILE, ,CD1,59.64,8.36,0.0,0.17,1.0,<Residue ILE het=  resseq=197 icode= >,3mky_B_A,2.86
321,0.0,ASN, ,N,57.38,9.05,0.0,4.21,1.0,<Residue ASN het=  resseq=198 icode= >,3mky_B_A,2.86
322,0.0,ASN, ,CA,59.25,9.32,0.0,4.24,1.0,<Residue ASN het=  resseq=198 icode= >,3mky_B_A,2.86
323,0.0,ASN, ,C,60.25,10.84,0.0,4.19,1.0,<Residue ASN het=  resseq=198 icode= >,3mky_B_A,2.86
324,0.0,ASN, ,O,60.61,11.51,0.0,2.33,1.0,<Residue ASN het=  resseq=198 icode= >,3mky_B_A,2.86
325,0.0,ASN, ,CB,59.67,8.64,0.0,2.96,1.0,<Residue ASN het=  resseq=198 icode= >,3mky_B_A,2.86
326,0.353,ASN, ,CG,60.87,7.27,0.0,3.70,1.0,<Residue ASN het=  resseq=198 icode= >,3mky_B_A,2.86
327,11.44,ASN, ,OD1,60.55,6.77,0.0,2.08,1.0,<Residue ASN het=  resseq=198 icode= >,3mky_B_A,2.86
328,4.139,ASN, ,ND2,61.36,6.64,0.0,1.34,1.0,<Residue ASN het=  resseq=198 icode= >,3mky_B_A,2.86
329,0.0,THR, ,N,59.82,10.13,0.0,3.50,1.0,<Residue THR het=  resseq=199 icode= >,3mky_B_A,2.86
330,0.0,THR, ,CA,60.21,9.65,0.0,4.08,1.0,<Residue THR het=  resseq=199 icode= >,3mky_B_A,2.86
331,0.0,THR, ,C,60.16,10.65,0.0,4.42,1.0,<Residue THR het=  resseq=199 icode= >,3mky_B_A,2.86
332,0.0,THR, ,O,62.53,11.26,0.0,1.31,1.0,<Residue THR het=  resseq=199 icode= >,3mky_B_A,2.86
333,0.0,THR, ,CB,60.32,8.21,0.0,3.73,1.0,<Residue THR het=  resseq=199 icode= >,3mky_B_A,2.86
334,0.0,THR, ,OG1,58.78,7.32,0.0,2.03,1.0,<Residue THR het=  resseq=199 icode= >,3mky_B_A,2.86
335,0.0,THR, ,CG2,57.91,8.20,0.0,1.25,1.0,<Residue THR het=  resseq=199 icode= >,3mky_B_A,2.86
336,0.0,ALA, ,N,58.98,11.03,0.0,3.54,1.0,<Residue ALA het=  resseq=200 icode= >,3mky_B_A,2.86
337,0.0,ALA, ,CA,58.6,12.13,0.0,3.97,1.0,<Residue ALA het=  resseq=200 icode= >,3mky_B_A,2.86
338,1.004,ALA, ,C,58.78,13.41,0.0,4.67,1.0,<Residue ALA het=  resseq=200 icode= >,3mky_B_A,2.86
339,12.122,ALA, ,O,60.59,14.33,0.0,2.16,1.0,<Residue ALA het=  resseq=200 icode= >,3mky_B_A,2.86
340,6.173,ALA, ,CB,58.47,12.49,0.0,0.74,1.0,<Residue ALA het=  resseq=200 icode= >,3mky_B_A,2.86
341,0.0,LYS, ,N,58.2,12.91,0.0,4.02,1.0,<Residue LYS het=  resseq=201 icode= >,3mky_B_A,2.86
342,8.239,LYS, ,CA,59.57,13.01,0.0,4.08,1.0,<Residue LYS het=  resseq=201 icode= >,3mky_B_A,2.86
343,1.056,LYS, ,C,61.28,14.16,0.0,4.19,1.0,<Residue LYS het=  resseq=201 icode= >,3mky_B_A,2.86
344,17.582,LYS, ,O,60.92,14.74,0.0,2.82,1.0,<Residue LYS het=  resseq=201 icode= >,3mky_B_A,2.86
345,8.001,LYS, ,CB,59.07,11.75,0.0,2.28,1.0,<Residue LYS het=  resseq=201 icode= >,3mky_B_A,2.86
346,14.125,LYS, ,CG,59.23,10.59,0.0,1.80,1.0,<Residue LYS het=  resseq=201 icode= >,3mky_B_A,2.86
347,11.605,LYS, ,CD,60.22,9.55,0.0,2.49,1.0,<Residue LYS het=  resseq=201 icode= >,3mky_B_A,2.86
348,25.022,LYS, ,CE,59.12,8.40,0.0,2.25,1.0,<Residue LYS het=  resseq=201 icode= >,3mky_B_A,2.86
349,37.604,LYS, ,NZ,61.28,7.53,0.0,1.11,1.0,<Residue LYS het=  resseq=201 icode= >,3mky_B_A,2.86
350,0.0,LEU, ,N,62.04,14.11,0.0,3.12,1.0,<Residue LEU het=  resseq=202 icode= >,3mky_B_A,2.86
351,0.77,LEU, ,CA,60.9,14.45,0.0,3.87,1.0,<Residue LEU het=  resseq=202 icode= >,3mky_B_A,2.86
352,0.021,LEU, ,C,61.62,15.35,0.0,4.90,1.0,<Residue LEU het=  resseq=202 icode= >,3mky_B_A,2.86
353,3.575,LEU, ,O,60.66,15.29,0.0,2.94,1.0,<Residue LEU het=  resseq=202 icode= >,3mky_B_A,2.86
354,0.0,LEU, ,CB,59.27,13.23,0.0,2.77,1.0,<Residue LEU het=  resseq=202 icode= >,3mky_B_A,2.86
355,0.0,LEU, ,CG,57.14,12.21,0.0,2.81,1.0,<Residue LEU het=  resseq=202 icode= >,3mky_B_A,2.86
356,0.0,LEU, ,CD1,57.91,10.79,0.0,0.71,1.0,<Residue LEU het=  resseq=202 icode= >,3mky_B_A,2.86
357,1.909,LEU, ,CD2,57.52,12.56,0.0,1.15,1.0,<Residue LEU het=  resseq=202 icode= >,3mky_B_A,2.86
358,0.0,PRO, ,N,62.49,16.27,0.0,5.00,1.0,<Residue PRO het=  resseq=203 icode= >,3mky_B_A,2.86
359,9.712,PRO, ,CA,64.1,17.37,0.0,4.83,1.0,<Residue PRO het=  resseq=203 icode= >,3mky_B_A,2.86
360,0.0,PRO, ,C,65.74,16.84,0.0,5.26,1.0,<Residue PRO het=  resseq=203 icode= >,3mky_B_A,2.86
361,0.0,PRO, ,O,65.61,16.01,0.0,2.64,1.0,<Residue PRO het=  resseq=203 icode= >,3mky_B_A,2.86
362,1.442,PRO, ,CB,63.99,17.84,0.0,2.62,1.0,<Residue PRO het=  resseq=203 icode= >,3mky_B_A,2.86
363,0.0,PRO, ,CG,63.61,17.61,0.0,1.93,1.0,<Residue PRO het=  resseq=203 icode= >,3mky_B_A,2.86
364,3.114,PRO, ,CD,62.53,16.22,0.0,2.30,1.0,<Residue PRO het=  resseq=203 icode= >,3mky_B_A,2.86
365,3.14,LYS, ,N,69.08,17.34,0.0,3.49,1.0,<Residue LYS het=  resseq=204 icode= >,3mky_B_A,2.86
366,0.0,LYS, ,CA,71.22,17.05,0.0,3.59,1.0,<Residue LYS het=  resseq=204 icode= >,3mky_B_A,2.86
367,1.576,LYS, ,C,70.65,17.39,0.0,4.52,1.0,<Residue LYS het=  resseq=204 icode= >,3mky_B_A,2.86
368,3.629,LYS, ,O,69.73,16.93,0.0,2.76,1.0,<Residue LYS het=  resseq=204 icode= >,3mky_B_A,2.86
369,19.701,LYS, ,CB,73.07,17.96,0.0,1.75,1.0,<Residue LYS het=  resseq=204 icode= >,3mky_B_A,2.86
370,12.097,LYS, ,CG,78.6,19.40,0.0,0.90,1.0,<Residue LYS het=  resseq=204 icode= >,3mky_B_A,2.86
371,33.907,LYS, ,CD,81.85,20.19,0.0,0.24,1.0,<Residue LYS het=  resseq=204 icode= >,3mky_B_A,2.86
372,48.011,LYS, ,CE,84.53,21.70,0.0,-0.08,1.0,<Residue LYS het=  resseq=204 icode= >,3mky_B_A,2.86
373,45.562,LYS, ,NZ,85.89,22.18,0.0,0.32,1.0,<Residue LYS het=  resseq=204 icode= >,3mky_B_A,2.86
374,0.0,SER, ,N,70.45,18.22,0.0,3.68,1.0,<Residue SER het=  resseq=205 icode= >,3mky_B_A,2.86
375,7.342,SER, ,CA,70.12,18.37,0.0,3.99,1.0,<Residue SER het=  resseq=205 icode= >,3mky_B_A,2.86
376,0.0,SER, ,C,71.09,17.01,0.0,3.99,1.0,<Residue SER het=  resseq=205 icode= >,3mky_B_A,2.86
377,0.0,SER, ,O,72.36,16.95,0.0,1.71,1.0,<Residue SER het=  resseq=205 icode= >,3mky_B_A,2.86
378,13.922,SER, ,CB,69.61,19.08,0.0,2.23,1.0,<Residue SER het=  resseq=205 icode= >,3mky_B_A,2.86
379,18.725,SER, ,OG,74.13,20.06,0.0,1.41,1.0,<Residue SER het=  resseq=205 icode= >,3mky_B_A,2.86
380,0.0,VAL, ,N,71.31,16.02,0.0,3.26,1.0,<Residue VAL het=  resseq=206 icode= >,3mky_B_A,2.86
381,0.0,VAL, ,CA,69.64,14.68,0.0,3.90,1.0,<Residue VAL het=  resseq=206 icode= >,3mky_B_A,2.86
382,0.0,VAL, ,C,71.51,13.95,0.0,4.52,1.0,<Residue VAL het=  resseq=206 icode= >,3mky_B_A,2.86
383,0.0,VAL, ,O,74.04,13.48,0.0,2.06,1.0,<Residue VAL het=  resseq=206 icode= >,3mky_B_A,2.86
384,0.0,VAL, ,CB,67.67,13.89,0.0,3.26,1.0,<Residue VAL het=  resseq=206 icode= >,3mky_B_A,2.86
385,0.0,VAL, ,CG1,66.42,12.48,0.0,0.73,1.0,<Residue VAL het=  resseq=206 icode= >,3mky_B_A,2.86
386,0.0,VAL, ,CG2,64.46,14.67,0.0,0.95,1.0,<Residue VAL het=  resseq=206 icode= >,3mky_B_A,2.86
387,0.0,VAL, ,N,71.47,14.01,0.0,3.47,1.0,<Residue VAL het=  resseq=207 icode= >,3mky_B_A,2.86
388,0.0,VAL, ,CA,72.77,13.38,0.0,3.20,1.0,<Residue VAL het=  resseq=207 icode= >,3mky_B_A,2.86
389,0.101,VAL, ,C,73.57,14.16,0.0,3.96,1.0,<Residue VAL het=  resseq=207 icode= >,3mky_B_A,2.86
390,0.923,VAL, ,O,73.22,13.68,0.0,2.19,1.0,<Residue VAL het=  resseq=207 icode= >,3mky_B_A,2.86
391,3.195,VAL, ,CB,71.97,13.28,0.0,2.37,1.0,<Residue VAL het=  resseq=207 icode= >,3mky_B_A,2.86
392,11.486,VAL, ,CG1,71.1,12.43,0.0,0.51,1.0,<Residue VAL het=  resseq=207 icode= >,3mky_B_A,2.86
393,0.0,VAL, ,CG2,72.17,12.88,0.0,0.55,1.0,<Residue VAL het=  resseq=207 icode= >,3mky_B_A,2.86
394,0.296,ALA, ,N,74.42,15.41,0.0,3.30,1.0,<Residue ALA het=  resseq=208 icode= >,3mky_B_A,2.86
395,12.053,ALA, ,CA,75.46,16.30,0.0,2.88,1.0,<Residue ALA het=  resseq=208 icode= >,3mky_B_A,2.86
396,0.0,ALA, ,C,75.38,15.83,0.0,3.88,1.0,<Residue ALA het=  resseq=208 icode= >,3mky_B_A,2.86
397,12.982,ALA, ,O,74.96,16.23,0.0,2.09,1.0,<Residue ALA het=  resseq=208 icode= >,3mky_B_A,2.86
398,29.02,ALA, ,CB,75.56,17.63,0.0,0.11,1.0,<Residue ALA het=  resseq=208 icode= >,3mky_B_A,2.86
399,0.0,LEU, ,N,75.26,15.12,0.0,3.77,1.0,<Residue LEU het=  resseq=209 icode= >,3mky_B_A,2.86
400,0.0,LEU, ,CA,76.37,14.80,0.0,3.67,1.0,<Residue LEU het=  resseq=209 icode= >,3mky_B_A,2.86
401,0.0,LEU, ,C,77.47,14.01,0.0,3.95,1.0,<Residue LEU het=  resseq=209 icode= >,3mky_B_A,2.86
402,6.206,LEU, ,O,77.16,14.05,0.0,1.91,1.0,<Residue LEU het=  resseq=209 icode= >,3mky_B_A,2.86
403,1.326,LEU, ,CB,76.89,14.18,0.0,1.89,1.0,<Residue LEU het=  resseq=209 icode= >,3mky_B_A,2.86
404,0.823,LEU, ,CG,77.06,15.24,0.0,2.11,1.0,<Residue LEU het=  resseq=209 icode= >,3mky_B_A,2.86
405,0.0,LEU, ,CD1,78.22,16.04,0.0,0.41,1.0,<Residue LEU het=  resseq=209 icode= >,3mky_B_A,2.86
406,0.181,LEU, ,CD2,78.23,14.70,0.0,0.29,1.0,<Residue LEU het=  resseq=209 icode= >,3mky_B_A,2.86
407,0.0,PHE, ,N,79.58,13.47,0.0,3.45,1.0,<Residue PHE het=  resseq=210 icode= >,3mky_B_A,2.86
408,0.826,PHE, ,CA,81.53,12.84,0.0,3.06,1.0,<Residue PHE het=  resseq=210 icode= >,3mky_B_A,2.86
409,1.106,PHE, ,C,83.25,13.84,0.0,3.32,1.0,<Residue PHE het=  resseq=210 icode= >,3mky_B_A,2.86
410,6.527,PHE, ,O,83.24,14.56,0.0,2.34,1.0,<Residue PHE het=  resseq=210 icode= >,3mky_B_A,2.86
411,0.0,PHE, ,CB,80.73,11.59,0.0,1.73,1.0,<Residue PHE het=  resseq=210 icode= >,3mky_B_A,2.86
412,0.0,PHE, ,CG,78.64,10.53,0.0,2.92,1.0,<Residue PHE het=  resseq=210 icode= >,3mky_B_A,2.86
413,0.0,PHE, ,CD1,78.16,10.77,0.0,1.58,1.0,<Residue PHE het=  resseq=210 icode= >,3mky_B_A,2.86
414,0.099,PHE, ,CD2,77.6,9.49,0.0,2.02,1.0,<Residue PHE het=  resseq=210 icode= >,3mky_B_A,2.86
415,0.0,PHE, ,CE1,78.91,10.03,0.0,1.18,1.0,<Residue PHE het=  resseq=210 icode= >,3mky_B_A,2.86
416,0.599,PHE, ,CE2,78.23,8.64,0.0,1.74,1.0,<Residue PHE het=  resseq=210 icode= >,3mky_B_A,2.86
417,0.0,PHE, ,CZ,78.22,8.94,0.0,1.65,1.0,<Residue PHE het=  resseq=210 icode= >,3mky_B_A,2.86
418,3.515,SER, ,N,84.89,13.96,0.0,3.39,1.0,<Residue SER het=  resseq=211 icode= >,3mky_B_A,2.86
419,15.09,SER, ,CA,86.95,15.00,0.0,3.44,1.0,<Residue SER het=  resseq=211 icode= >,3mky_B_A,2.86
420,1.504,SER, ,C,88.29,14.56,0.0,2.80,1.0,<Residue SER het=  resseq=211 icode= >,3mky_B_A,2.86
421,29.091,SER, ,O,89.23,15.36,0.0,1.27,1.0,<Residue SER het=  resseq=211 icode= >,3mky_B_A,2.86
422,42.659,SER, ,CB,87.76,14.86,0.0,1.86,1.0,<Residue SER het=  resseq=211 icode= >,3mky_B_A,2.86
423,6.002,SER, ,OG,89.67,13.73,0.0,1.33,1.0,<Residue SER het=  resseq=211 icode= >,3mky_B_A,2.86
424,0.0,HIS, ,N,90.13,13.30,0.0,1.91,1.0,<Residue HIS het=  resseq=212 icode= >,3mky_B_A,2.86
425,1.18,HIS, ,CA,90.05,12.76,0.0,2.58,1.0,<Residue HIS het=  resseq=212 icode= >,3mky_B_A,2.86
426,0.0,HIS, ,C,86.51,11.49,0.0,3.18,1.0,<Residue HIS het=  resseq=212 icode= >,3mky_B_A,2.86
427,0.0,HIS, ,O,86.77,10.68,0.0,1.86,1.0,<Residue HIS het=  resseq=212 icode= >,3mky_B_A,2.86
428,24.383,HIS, ,CB,94.77,12.59,0.0,1.70,1.0,<Residue HIS het=  resseq=212 icode= >,3mky_B_A,2.86
429,2.534,HIS, ,CG,101.56,11.90,0.0,0.99,1.0,<Residue HIS het=  resseq=212 icode= >,3mky_B_A,2.86
430,11.82,HIS, ,ND1,104.32,12.40,0.0,0.51,1.0,<Residue HIS het=  resseq=212 icode= >,3mky_B_A,2.86
431,21.304,HIS, ,CD2,103.65,10.92,0.0,0.43,1.0,<Residue HIS het=  resseq=212 icode= >,3mky_B_A,2.86
432,21.588,HIS, ,CE1,104.97,11.81,0.0,0.69,1.0,<Residue HIS het=  resseq=212 icode= >,3mky_B_A,2.86
433,11.027,HIS, ,NE2,105.75,10.88,0.0,0.23,1.0,<Residue HIS het=  resseq=212 icode= >,3mky_B_A,2.86
434,0.0,PRO, ,N,83.2,11.44,0.0,3.49,1.0,<Residue PRO het=  resseq=213 icode= >,3mky_B_A,2.86
435,0.0,PRO, ,CA,81.21,10.39,0.0,2.72,1.0,<Residue PRO het=  resseq=213 icode= >,3mky_B_A,2.86
436,0.0,PRO, ,C,78.66,8.96,0.0,3.86,1.0,<Residue PRO het=  resseq=213 icode= >,3mky_B_A,2.86
437,0.0,PRO, ,O,78.66,8.05,0.0,1.65,1.0,<Residue PRO het=  resseq=213 icode= >,3mky_B_A,2.86
438,1.805,PRO, ,CB,79.53,10.88,0.0,1.41,1.0,<Residue PRO het=  resseq=213 icode= >,3mky_B_A,2.86
439,16.048,PRO, ,CG,80.75,11.81,0.0,1.26,1.0,<Residue PRO het=  resseq=213 icode= >,3mky_B_A,2.86
440,21.239,PRO, ,CD,80.88,12.49,0.0,1.94,1.0,<Residue PRO het=  resseq=213 icode= >,3mky_B_A,2.86
441,0.0,GLY, ,N,75.91,8.92,0.0,3.23,1.0,<Residue GLY het=  resseq=214 icode= >,3mky_B_A,2.86
442,10.49,GLY, ,CA,74.01,7.77,0.0,2.87,1.0,<Residue GLY het=  resseq=214 icode= >,3mky_B_A,2.86
443,4.079,GLY, ,C,72.79,7.31,0.0,4.21,1.0,<Residue GLY het=  resseq=214 icode= >,3mky_B_A,2.86
444,23.426,GLY, ,O,71.49,6.28,0.0,2.36,1.0,<Residue GLY het=  resseq=214 icode= >,3mky_B_A,2.86
445,0.411,GLU, ,N,73.18,8.30,0.0,3.46,1.0,<Residue GLU het=  resseq=215 icode= >,3mky_B_A,2.86
446,6.293,GLU, ,CA,73.43,8.37,0.0,3.22,1.0,<Residue GLU het=  resseq=215 icode= >,3mky_B_A,2.86
447,0.501,GLU, ,C,70.14,7.56,0.0,3.98,1.0,<Residue GLU het=  resseq=215 icode= >,3mky_B_A,2.86
448,10.5,GLU, ,O,68.87,6.63,0.0,2.13,1.0,<Residue GLU het=  resseq=215 icode= >,3mky_B_A,2.86
449,0.0,GLU, ,CB,78.43,9.68,0.0,1.11,1.0,<Residue GLU het=  resseq=215 icode= >,3mky_B_A,2.86
450,22.545,GLU, ,CG,84.32,10.31,0.0,1.23,1.0,<Residue GLU het=  resseq=215 icode= >,3mky_B_A,2.86
451,0.026,GLU, ,CD,88.99,11.07,0.0,1.29,1.0,<Residue GLU het=  resseq=215 icode= >,3mky_B_A,2.86
452,26.623,GLU, ,OE1,90.11,11.38,0.0,0.75,1.0,<Residue GLU het=  resseq=215 icode= >,3mky_B_A,2.86
453,4.185,GLU, ,OE2,90.07,11.41,0.0,0.82,1.0,<Residue GLU het=  resseq=215 icode= >,3mky_B_A,2.86
454,0.0,LEU, ,N,67.68,7.33,0.0,2.72,1.0,<Residue LEU het=  resseq=216 icode= >,3mky_B_A,2.86
455,0.339,LEU, ,CA,65.66,6.93,0.0,3.05,1.0,<Residue LEU het=  resseq=216 icode= >,3mky_B_A,2.86
456,0.0,LEU, ,C,65.32,5.47,0.0,3.83,1.0,<Residue LEU het=  resseq=216 icode= >,3mky_B_A,2.86
457,0.797,LEU, ,O,64.36,5.19,0.0,2.74,1.0,<Residue LEU het=  resseq=216 icode= >,3mky_B_A,2.86
458,0.0,LEU, ,CB,62.64,7.89,0.0,2.13,1.0,<Residue LEU het=  resseq=216 icode= >,3mky_B_A,2.86
459,0.0,LEU, ,CG,60.45,7.77,0.0,2.33,1.0,<Residue LEU het=  resseq=216 icode= >,3mky_B_A,2.86
460,0.234,LEU, ,CD1,58.53,6.90,0.0,0.48,1.0,<Residue LEU het=  resseq=216 icode= >,3mky_B_A,2.86
461,0.0,LEU, ,CD2,56.99,9.15,0.0,0.79,1.0,<Residue LEU het=  resseq=216 icode= >,3mky_B_A,2.86
462,0.694,SER, ,N,65.17,4.82,0.0,3.57,1.0,<Residue SER het=  resseq=217 icode= >,3mky_B_A,2.86
463,7.066,SER, ,CA,66.76,3.46,3.799,4.15,1.0,<Residue SER het=  resseq=217 icode= >,3mky_B_A,2.86
464,0.0,SER, ,C,67.32,3.61,0.0,4.24,1.0,<Residue SER het=  resseq=217 icode= >,3mky_B_A,2.86
465,0.0,SER, ,O,68.04,4.80,0.0,2.48,1.0,<Residue SER het=  resseq=217 icode= >,3mky_B_A,2.86
466,37.14,SER, ,CB,66.65,3.39,27.311,2.62,1.0,<Residue SER het=  resseq=217 icode= >,3mky_B_A,2.86
467,8.69,SER, ,OG,66.84,2.36,7.406,2.40,1.0,<Residue SER het=  resseq=217 icode= >,3mky_B_A,2.86
468,4.054,ALA, ,N,65.8,2.82,4.054,2.83,1.0,<Residue ALA het=  resseq=218 icode= >,3mky_B_A,2.86
469,0.0,ALA, ,CA,64.52,3.77,0.0,3.14,1.0,<Residue ALA het=  resseq=218 icode= >,3mky_B_A,2.86
470,0.0,ALA, ,C,62.71,3.93,0.0,4.87,1.0,<Residue ALA het=  resseq=218 icode= >,3mky_B_A,2.86
471,0.0,ALA, ,O,61.6,5.06,0.0,2.47,1.0,<Residue ALA het=  resseq=218 icode= >,3mky_B_A,2.86
472,20.8,ALA, ,CB,65.43,3.56,14.929,-0.31,1.0,<Residue ALA het=  resseq=218 icode= >,3mky_B_A,2.86
473,1.023,ARG, ,N,60.36,2.97,1.023,3.74,1.0,<Residue ARG het=  resseq=219 icode= >,3mky_B_A,2.86
474,0.0,ARG, ,CA,58.66,3.62,0.0,4.61,1.0,<Residue ARG het=  resseq=219 icode= >,3mky_B_A,2.86
475,0.224,ARG, ,C,58.87,4.68,0.0,4.71,1.0,<Residue ARG het=  resseq=219 icode= >,3mky_B_A,2.86
476,1.979,ARG, ,O,60.56,5.67,0.0,2.15,1.0,<Residue ARG het=  resseq=219 icode= >,3mky_B_A,2.86
477,10.71,ARG, ,CB,55.85,3.10,10.71,2.50,1.0,<Residue ARG het=  resseq=219 icode= >,3mky_B_A,2.86
478,21.208,ARG, ,CG,52.7,3.65,8.184,2.15,1.0,<Residue ARG het=  resseq=219 icode= >,3mky_B_A,2.86
479,17.644,ARG, ,CD,48.28,3.95,17.644,3.87,1.0,<Residue ARG het=  resseq=219 icode= >,3mky_B_A,2.86
480,13.036,ARG, ,NE,45.03,3.95,3.27,4.66,1.0,<Residue ARG het=  resseq=219 icode= >,3mky_B_A,2.86
481,4.461,ARG, ,CZ,48.29,3.51,4.461,4.95,1.0,<Residue ARG het=  resseq=219 icode= >,3mky_B_A,2.86
482,40.206,ARG, ,NH1,46.78,2.56,40.206,2.37,1.0,<Residue ARG het=  resseq=219 icode= >,3mky_B_A,2.86
483,53.108,ARG, ,NH2,49.7,3.66,28.721,2.73,1.0,<Residue ARG het=  resseq=219 icode= >,3mky_B_A,2.86
484,0.182,SER, ,N,59.51,3.76,0.182,3.13,1.0,<Residue SER het=  resseq=220 icode= >,3mky_B_A,2.86
485,4.298,SER, ,CA,59.73,4.19,0.634,4.16,1.0,<Residue SER het=  resseq=220 icode= >,3mky_B_A,2.86
486,0.0,SER, ,C,57.39,5.58,0.0,5.20,1.0,<Residue SER het=  resseq=220 icode= >,3mky_B_A,2.86
487,1.264,SER, ,O,57.43,6.52,0.0,2.36,1.0,<Residue SER het=  resseq=220 icode= >,3mky_B_A,2.86
488,12.688,SER, ,CB,59.9,3.52,7.541,2.59,1.0,<Residue SER het=  resseq=220 icode= >,3mky_B_A,2.86
489,2.396,SER, ,OG,65.42,3.68,0.022,0.54,1.0,<Residue SER het=  resseq=220 icode= >,3mky_B_A,2.86
490,0.0,GLY, ,N,56.74,5.95,0.0,3.82,1.0,<Residue GLY het=  resseq=221 icode= >,3mky_B_A,2.86
491,0.0,GLY, ,CA,58.08,7.38,0.0,2.86,1.0,<Residue GLY het=  resseq=221 icode= >,3mky_B_A,2.86
492,0.0,GLY, ,C,58.42,8.21,0.0,4.68,1.0,<Residue GLY het=  resseq=221 icode= >,3mky_B_A,2.86
493,0.0,GLY, ,O,59.89,9.23,0.0,2.58,1.0,<Residue GLY het=  resseq=221 icode= >,3mky_B_A,2.86
494,0.0,ASP, ,N,56.26,7.77,0.0,3.49,1.0,<Residue ASP het=  resseq=222 icode= >,3mky_B_A,2.86
495,0.0,ASP, ,CA,55.04,8.45,0.0,4.09,1.0,<Residue ASP het=  resseq=222 icode= >,3mky_B_A,2.86
496,0.0,ASP, ,C,53.37,8.62,0.0,4.89,1.0,<Residue ASP het=  resseq=222 icode= >,3mky_B_A,2.86
497,0.0,ASP, ,O,53.09,8.12,0.0,2.64,1.0,<Residue ASP het=  resseq=222 icode= >,3mky_B_A,2.86
498,0.987,ASP, ,CB,58.45,7.61,0.0,2.11,1.0,<Residue ASP het=  resseq=222 icode= >,3mky_B_A,2.86
499,1.561,ASP, ,CG,60.8,6.80,0.0,3.51,1.0,<Residue ASP het=  resseq=222 icode= >,3mky_B_A,2.86
500,5.113,ASP, ,OD1,61.05,6.05,0.0,1.81,1.0,<Residue ASP het=  resseq=222 icode= >,3mky_B_A,2.86
501,0.113,ASP, ,OD2,64.29,6.56,0.0,1.65,1.0,<Residue ASP het=  resseq=222 icode= >,3mky_B_A,2.86
502,0.23,ALA, ,N,52.58,8.19,0.0,3.60,1.0,<Residue ALA het=  resseq=223 icode= >,3mky_B_A,2.86
503,4.643,ALA, ,CA,52.09,8.48,0.0,4.05,1.0,<Residue ALA het=  resseq=223 icode= >,3mky_B_A,2.86
504,1.143,ALA, ,C,51.42,9.40,0.0,5.12,1.0,<Residue ALA het=  resseq=223 icode= >,3mky_B_A,2.86
505,3.268,ALA, ,O,48.11,9.82,0.0,3.04,1.0,<Residue ALA het=  resseq=223 icode= >,3mky_B_A,2.86
506,49.644,ALA, ,CB,52.03,7.27,0.0,0.86,1.0,<Residue ALA het=  resseq=223 icode= >,3mky_B_A,2.86
507,0.413,LEU, ,N,51.73,8.97,0.0,3.78,1.0,<Residue LEU het=  resseq=224 icode= >,3mky_B_A,2.86
508,1.392,LEU, ,CA,54.53,9.87,0.0,4.08,1.0,<Residue LEU het=  resseq=224 icode= >,3mky_B_A,2.86
509,0.0,LEU, ,C,55.09,11.21,0.0,5.14,1.0,<Residue LEU het=  resseq=224 icode= >,3mky_B_A,2.86
510,0.0,LEU, ,O,55.82,11.77,0.0,2.62,1.0,<Residue LEU het=  resseq=224 icode= >,3mky_B_A,2.86
511,0.538,LEU, ,CB,55.05,9.43,0.0,2.27,1.0,<Residue LEU het=  resseq=224 icode= >,3mky_B_A,2.86
512,0.0,LEU, ,CG,56.58,10.25,0.0,2.76,1.0,<Residue LEU het=  resseq=224 icode= >,3mky_B_A,2.86
513,2.443,LEU, ,CD1,55.45,10.49,0.0,0.72,1.0,<Residue LEU het=  resseq=224 icode= >,3mky_B_A,2.86
514,0.0,LEU, ,CD2,55.0,9.76,0.0,0.92,1.0,<Residue LEU het=  resseq=224 icode= >,3mky_B_A,2.86
515,0.0,GLN, ,N,55.38,10.87,0.0,3.83,1.0,<Residue GLN het=  resseq=225 icode= >,3mky_B_A,2.86
516,1.734,GLN, ,CA,55.12,10.58,0.0,4.10,1.0,<Residue GLN het=  resseq=225 icode= >,3mky_B_A,2.86
517,0.0,GLN, ,C,54.92,9.69,0.0,4.84,1.0,<Residue GLN het=  resseq=225 icode= >,3mky_B_A,2.86
518,1.32,GLN, ,O,56.2,10.01,0.0,2.47,1.0,<Residue GLN het=  resseq=225 icode= >,3mky_B_A,2.86
519,0.0,GLN, ,CB,57.39,10.09,0.0,2.00,1.0,<Residue GLN het=  resseq=225 icode= >,3mky_B_A,2.86
520,4.749,GLN, ,CG,62.0,10.27,0.0,2.15,1.0,<Residue GLN het=  resseq=225 icode= >,3mky_B_A,2.86
521,0.0,GLN, ,CD,64.7,9.29,0.0,3.05,1.0,<Residue GLN het=  resseq=225 icode= >,3mky_B_A,2.86
522,15.818,GLN, ,OE1,66.84,9.81,0.0,1.54,1.0,<Residue GLN het=  resseq=225 icode= >,3mky_B_A,2.86
523,8.361,GLN, ,NE2,65.48,8.01,0.0,1.21,1.0,<Residue GLN het=  resseq=225 icode= >,3mky_B_A,2.86
524,0.0,LYS, ,N,53.39,8.54,0.0,4.25,1.0,<Residue LYS het=  resseq=226 icode= >,3mky_B_A,2.86
525,1.391,LYS, ,CA,53.14,7.54,0.0,4.83,1.0,<Residue LYS het=  resseq=226 icode= >,3mky_B_A,2.86
526,1.088,LYS, ,C,53.35,8.29,0.0,4.93,1.0,<Residue LYS het=  resseq=226 icode= >,3mky_B_A,2.86
527,13.411,LYS, ,O,53.5,8.30,0.0,2.68,1.0,<Residue LYS het=  resseq=226 icode= >,3mky_B_A,2.86
528,17.016,LYS, ,CB,54.73,6.32,0.0,2.36,1.0,<Residue LYS het=  resseq=226 icode= >,3mky_B_A,2.86
529,10.213,LYS, ,CG,59.28,5.57,0.0,1.22,1.0,<Residue LYS het=  resseq=226 icode= >,3mky_B_A,2.86
530,26.584,LYS, ,CD,60.23,4.46,7.796,1.42,1.0,<Residue LYS het=  resseq=226 icode= >,3mky_B_A,2.86
531,17.382,LYS, ,CE,63.12,3.70,10.52,1.22,1.0,<Residue LYS het=  resseq=226 icode= >,3mky_B_A,2.86
532,35.059,LYS, ,NZ,67.13,3.27,11.781,0.42,1.0,<Residue LYS het=  resseq=226 icode= >,3mky_B_A,2.86
533,0.608,ALA, ,N,54.35,9.17,0.0,3.57,1.0,<Residue ALA het=  resseq=227 icode= >,3mky_B_A,2.86
534,12.894,ALA, ,CA,52.72,10.13,0.0,3.99,1.0,<Residue ALA het=  resseq=227 icode= >,3mky_B_A,2.86
535,0.0,ALA, ,C,53.61,11.08,0.0,4.47,1.0,<Residue ALA het=  resseq=227 icode= >,3mky_B_A,2.86
536,10.71,ALA, ,O,53.16,11.50,0.0,2.65,1.0,<Residue ALA het=  resseq=227 icode= >,3mky_B_A,2.86
537,20.044,ALA, ,CB,50.85,11.05,0.0,0.88,1.0,<Residue ALA het=  resseq=227 icode= >,3mky_B_A,2.86
538,0.0,PHE, ,N,54.6,11.63,0.0,3.64,1.0,<Residue PHE het=  resseq=228 icode= >,3mky_B_A,2.86
539,0.0,PHE, ,CA,56.83,12.70,0.0,4.24,1.0,<Residue PHE het=  resseq=228 icode= >,3mky_B_A,2.86
540,1.057,PHE, ,C,58.53,12.39,0.0,4.45,1.0,<Residue PHE het=  resseq=228 icode= >,3mky_B_A,2.86
541,3.452,PHE, ,O,59.2,13.35,0.0,2.21,1.0,<Residue PHE het=  resseq=228 icode= >,3mky_B_A,2.86
542,1.469,PHE, ,CB,57.0,13.85,0.0,3.05,1.0,<Residue PHE het=  resseq=228 icode= >,3mky_B_A,2.86
543,0.0,PHE, ,CG,57.9,14.70,0.0,3.42,1.0,<Residue PHE het=  resseq=228 icode= >,3mky_B_A,2.86
544,0.0,PHE, ,CD1,61.11,14.13,0.0,1.94,1.0,<Residue PHE het=  resseq=228 icode= >,3mky_B_A,2.86
545,0.0,PHE, ,CD2,59.48,15.83,0.0,2.40,1.0,<Residue PHE het=  resseq=228 icode= >,3mky_B_A,2.86
546,0.0,PHE, ,CE1,61.46,13.99,0.0,2.31,1.0,<Residue PHE het=  resseq=228 icode= >,3mky_B_A,2.86
547,0.0,PHE, ,CE2,60.35,16.36,0.0,2.33,1.0,<Residue PHE het=  resseq=228 icode= >,3mky_B_A,2.86
548,0.0,PHE, ,CZ,61.02,15.16,0.0,2.52,1.0,<Residue PHE het=  resseq=228 icode= >,3mky_B_A,2.86
549,0.108,THR, ,N,58.85,11.16,0.0,3.69,1.0,<Residue THR het=  resseq=229 icode= >,3mky_B_A,2.86
550,5.519,THR, ,CA,59.05,11.05,0.0,4.29,1.0,<Residue THR het=  resseq=229 icode= >,3mky_B_A,2.86
551,0.0,THR, ,C,59.89,12.01,0.0,4.95,1.0,<Residue THR het=  resseq=229 icode= >,3mky_B_A,2.86
552,5.506,THR, ,O,58.39,12.11,0.0,3.30,1.0,<Residue THR het=  resseq=229 icode= >,3mky_B_A,2.86
553,7.054,THR, ,CB,57.89,9.65,0.0,3.60,1.0,<Residue THR het=  resseq=229 icode= >,3mky_B_A,2.86
554,5.32,THR, ,OG1,57.42,9.02,0.0,1.96,1.0,<Residue THR het=  resseq=229 icode= >,3mky_B_A,2.86
555,41.795,THR, ,CG2,55.84,9.86,0.0,0.84,1.0,<Residue THR het=  resseq=229 icode= >,3mky_B_A,2.86
556,8.191,ASP, ,N,60.91,12.88,0.0,4.04,1.0,<Residue ASP het=  resseq=230 icode= >,3mky_B_A,2.86
557,12.639,ASP, ,CA,63.56,13.98,0.0,3.33,1.0,<Residue ASP het=  resseq=230 icode= >,3mky_B_A,2.86
558,3.33,ASP, ,C,63.24,15.00,1.119,3.97,1.0,<Residue ASP het=  resseq=230 icode= >,3mky_B_A,2.86
559,24.503,ASP, ,O,61.96,15.92,14.023,2.65,1.0,<Residue ASP het=  resseq=230 icode= >,3mky_B_A,2.86
560,20.107,ASP, ,CB,66.57,13.59,0.0,2.65,1.0,<Residue ASP het=  resseq=230 icode= >,3mky_B_A,2.86
561,7.979,ASP, ,CG,71.1,12.88,0.0,2.85,1.0,<Residue ASP het=  resseq=230 icode= >,3mky_B_A,2.86
562,33.907,ASP, ,OD1,72.61,13.35,0.0,1.66,1.0,<Residue ASP het=  resseq=230 icode= >,3mky_B_A,2.86
563,31.345,ASP, ,OD2,74.85,12.01,0.0,1.24,1.0,<Residue ASP het=  resseq=230 icode= >,3mky_B_A,2.86
564,0.0,LYS, ,N,62.75,14.95,0.0,3.41,1.0,<Residue LYS het=  resseq=231 icode= >,3mky_B_A,2.86
565,6.691,LYS, ,CA,61.39,15.99,6.691,4.38,1.0,<Residue LYS het=  resseq=231 icode= >,3mky_B_A,2.86
566,0.0,LYS, ,C,62.17,16.50,0.0,5.03,1.0,<Residue LYS het=  resseq=231 icode= >,3mky_B_A,2.86
567,0.0,LYS, ,O,62.6,16.86,0.0,2.53,1.0,<Residue LYS het=  resseq=231 icode= >,3mky_B_A,2.86
568,0.232,LYS, ,CB,60.62,15.60,0.232,2.41,1.0,<Residue LYS het=  resseq=231 icode= >,3mky_B_A,2.86
569,9.029,LYS, ,CG,62.54,15.35,8.098,1.56,1.0,<Residue LYS het=  resseq=231 icode= >,3mky_B_A,2.86
570,0.406,LYS, ,CD,63.05,15.27,0.406,1.90,1.0,<Residue LYS het=  resseq=231 icode= >,3mky_B_A,2.86
571,37.475,LYS, ,CE,63.29,15.17,37.078,1.88,1.0,<Residue LYS het=  resseq=231 icode= >,3mky_B_A,2.86
572,35.439,LYS, ,NZ,63.89,13.84,21.684,1.57,1.0,<Residue LYS het=  resseq=231 icode= >,3mky_B_A,2.86
573,3.128,GLU, ,N,63.38,16.68,2.116,3.72,1.0,<Residue GLU het=  resseq=232 icode= >,3mky_B_A,2.86
574,1.057,GLU, ,CA,65.95,17.31,0.0,4.57,1.0,<Residue GLU het=  resseq=232 icode= >,3mky_B_A,2.86
575,0.0,GLU, ,C,66.76,18.70,0.0,4.16,1.0,<Residue GLU het=  resseq=232 icode= >,3mky_B_A,2.86
576,0.0,GLU, ,O,69.16,19.17,0.0,1.69,1.0,<Residue GLU het=  resseq=232 icode= >,3mky_B_A,2.86
577,24.801,GLU, ,CB,67.42,17.50,0.353,2.21,1.0,<Residue GLU het=  resseq=232 icode= >,3mky_B_A,2.86
578,1.403,GLU, ,CG,72.27,18.33,0.0,1.71,1.0,<Residue GLU het=  resseq=232 icode= >,3mky_B_A,2.86
579,6.287,GLU, ,CD,74.82,18.04,0.0,3.09,1.0,<Residue GLU het=  resseq=232 icode= >,3mky_B_A,2.86
580,34.01,GLU, ,OE1,76.23,18.28,0.0,1.87,1.0,<Residue GLU het=  resseq=232 icode= >,3mky_B_A,2.86
581,18.523,GLU, ,OE2,75.9,17.53,0.0,1.80,1.0,<Residue GLU het=  resseq=232 icode= >,3mky_B_A,2.86
582,1.504,GLU, ,N,66.44,1000.00,1.495,3.51,1.0,<Residue GLU het=  resseq=233 icode= >,3mky_B_A,2.86
583,0.0,GLU, ,CA,68.33,1000.00,0.0,3.97,1.0,<Residue GLU het=  resseq=233 icode= >,3mky_B_A,2.86
584,0.343,GLU, ,C,68.1,1000.00,0.343,4.45,1.0,<Residue GLU het=  resseq=233 icode= >,3mky_B_A,2.86
585,1.3,GLU, ,O,69.26,1000.00,0.052,2.05,1.0,<Residue GLU het=  resseq=233 icode= >,3mky_B_A,2.86
586,27.66,GLU, ,CB,70.51,1000.00,26.1,1.99,1.0,<Residue GLU het=  resseq=233 icode= >,3mky_B_A,2.86
587,36.402,GLU, ,CG,75.85,1000.00,29.621,0.95,1.0,<Residue GLU het=  resseq=233 icode= >,3mky_B_A,2.86
588,11.076,GLU, ,CD,78.38,1000.00,0.292,2.40,1.0,<Residue GLU het=  resseq=233 icode= >,3mky_B_A,2.86
589,7.381,GLU, ,OE1,80.5,1000.00,0.0,1.03,1.0,<Residue GLU het=  resseq=233 icode= >,3mky_B_A,2.86
590,41.649,GLU, ,OE2,83.02,1000.00,5.465,0.37,1.0,<Residue GLU het=  resseq=233 icode= >,3mky_B_A,2.86
591,2.596,LEU, ,N,66.22,1000.00,2.596,3.49,1.0,<Residue LEU het=  resseq=234 icode= >,3mky_B_A,2.86
592,3.404,LEU, ,CA,63.38,1000.00,3.404,4.65,1.0,<Residue LEU het=  resseq=234 icode= >,3mky_B_A,2.86
593,0.0,LEU, ,C,62.62,1000.00,0.0,5.02,1.0,<Residue LEU het=  resseq=234 icode= >,3mky_B_A,2.86
594,0.0,LEU, ,O,62.47,1000.00,0.0,2.50,1.0,<Residue LEU het=  resseq=234 icode= >,3mky_B_A,2.86
595,2.831,LEU, ,CB,62.24,1000.00,2.831,3.09,1.0,<Residue LEU het=  resseq=234 icode= >,3mky_B_A,2.86
596,13.823,LEU, ,CG,62.71,1000.00,13.823,2.38,1.0,<Residue LEU het=  resseq=234 icode= >,3mky_B_A,2.86
597,26.852,LEU, ,CD1,62.62,1000.00,26.852,0.66,1.0,<Residue LEU het=  resseq=234 icode= >,3mky_B_A,2.86
598,18.767,LEU, ,CD2,60.94,1000.00,18.767,0.47,1.0,<Residue LEU het=  resseq=234 icode= >,3mky_B_A,2.86
599,0.0,LEU, ,N,62.68,18.99,0.0,4.56,1.0,<Residue LEU het=  resseq=235 icode= >,3mky_B_A,2.86
600,0.0,LEU, ,CA,63.03,18.81,0.0,4.76,1.0,<Residue LEU het=  resseq=235 icode= >,3mky_B_A,2.86
601,0.0,LEU, ,C,64.64,20.13,0.0,5.16,1.0,<Residue LEU het=  resseq=235 icode= >,3mky_B_A,2.86
602,0.0,LEU, ,O,66.04,20.81,0.0,2.29,1.0,<Residue LEU het=  resseq=235 icode= >,3mky_B_A,2.86
603,0.0,LEU, ,CB,61.5,17.70,0.0,3.16,1.0,<Residue LEU het=  resseq=235 icode= >,3mky_B_A,2.86
604,0.0,LEU, ,CG,60.24,17.06,0.0,2.83,1.0,<Residue LEU het=  resseq=235 icode= >,3mky_B_A,2.86
605,4.294,LEU, ,CD1,59.26,16.39,0.0,0.51,1.0,<Residue LEU het=  resseq=235 icode= >,3mky_B_A,2.86
606,0.0,LEU, ,CD2,58.94,18.18,0.0,1.44,1.0,<Residue LEU het=  resseq=235 icode= >,3mky_B_A,2.86
607,0.0,LYS, ,N,66.31,1000.00,0.0,3.77,1.0,<Residue LYS het=  resseq=236 icode= >,3mky_B_A,2.86
608,0.0,LYS, ,CA,67.68,1000.00,0.0,3.48,1.0,<Residue LYS het=  resseq=236 icode= >,3mky_B_A,2.86
609,1.328,LYS, ,C,68.09,1000.00,0.0,4.12,1.0,<Residue LYS het=  resseq=236 icode= >,3mky_B_A,2.86
610,2.874,LYS, ,O,69.57,1000.00,0.0,1.85,1.0,<Residue LYS het=  resseq=236 icode= >,3mky_B_A,2.86
611,12.558,LYS, ,CB,69.4,1000.00,0.0,1.59,1.0,<Residue LYS het=  resseq=236 icode= >,3mky_B_A,2.86
612,0.758,LYS, ,CG,71.63,1000.00,0.0,1.22,1.0,<Residue LYS het=  resseq=236 icode= >,3mky_B_A,2.86
613,16.366,LYS, ,CD,74.66,1000.00,0.0,0.94,1.0,<Residue LYS het=  resseq=236 icode= >,3mky_B_A,2.86
614,14.173,LYS, ,CE,77.43,1000.00,0.0,0.52,1.0,<Residue LYS het=  resseq=236 icode= >,3mky_B_A,2.86
615,36.397,LYS, ,NZ,79.02,1000.00,0.0,0.19,1.0,<Residue LYS het=  resseq=236 icode= >,3mky_B_A,2.86
616,0.626,GLN, ,N,67.05,1000.00,0.0,3.78,1.0,<Residue GLN het=  resseq=237 icode= >,3mky_B_A,2.86
617,2.038,GLN, ,CA,67.73,1000.00,0.0,4.65,1.0,<Residue GLN het=  resseq=237 icode= >,3mky_B_A,2.86
618,0.0,GLN, ,C,69.02,1000.00,0.0,4.88,1.0,<Residue GLN het=  resseq=237 icode= >,3mky_B_A,2.86
619,0.0,GLN, ,O,69.22,1000.00,0.0,2.92,1.0,<Residue GLN het=  resseq=237 icode= >,3mky_B_A,2.86
620,3.683,GLN, ,CB,68.99,1000.00,3.673,2.38,1.0,<Residue GLN het=  resseq=237 icode= >,3mky_B_A,2.86
621,29.527,GLN, ,CG,72.46,1000.00,26.328,1.11,1.0,<Residue GLN het=  resseq=237 icode= >,3mky_B_A,2.86
622,5.398,GLN, ,CD,74.42,1000.00,5.398,2.51,1.0,<Residue GLN het=  resseq=237 icode= >,3mky_B_A,2.86
623,12.696,GLN, ,OE1,74.97,1000.00,12.244,1.58,1.0,<Residue GLN het=  resseq=237 icode= >,3mky_B_A,2.86
624,53.247,GLN, ,NE2,74.76,1000.00,27.78,1.46,1.0,<Residue GLN het=  resseq=237 icode= >,3mky_B_A,2.86
625,0.003,GLN, ,N,70.32,1000.00,0.003,4.08,1.0,<Residue GLN het=  resseq=238 icode= >,3mky_B_A,2.86
626,0.0,GLN, ,CA,72.51,1000.00,0.0,4.06,1.0,<Residue GLN het=  resseq=238 icode= >,3mky_B_A,2.86
627,0.0,GLN, ,C,73.99,1000.00,0.0,4.63,1.0,<Residue GLN het=  resseq=238 icode= >,3mky_B_A,2.86
628,0.0,GLN, ,O,75.24,1000.00,0.0,2.01,1.0,<Residue GLN het=  resseq=238 icode= >,3mky_B_A,2.86
629,0.0,GLN, ,CB,72.3,1000.00,0.0,2.35,1.0,<Residue GLN het=  resseq=238 icode= >,3mky_B_A,2.86
630,0.305,GLN, ,CG,72.96,1000.00,0.305,2.25,1.0,<Residue GLN het=  resseq=238 icode= >,3mky_B_A,2.86
631,0.37,GLN, ,CD,74.45,1000.00,0.245,2.08,1.0,<Residue GLN het=  resseq=238 icode= >,3mky_B_A,2.86
632,4.718,GLN, ,OE1,74.9,1000.00,4.684,0.78,1.0,<Residue GLN het=  resseq=238 icode= >,3mky_B_A,2.86
633,23.814,GLN, ,NE2,76.18,1000.00,23.803,0.56,1.0,<Residue GLN het=  resseq=238 icode= >,3mky_B_A,2.86
634,0.0,ALA, ,N,75.22,18.02,0.0,3.67,1.0,<Residue ALA het=  resseq=239 icode= >,3mky_B_A,2.86
635,0.0,ALA, ,CA,77.28,17.67,0.0,3.17,1.0,<Residue ALA het=  resseq=239 icode= >,3mky_B_A,2.86
636,0.0,ALA, ,C,78.54,18.76,0.0,3.92,1.0,<Residue ALA het=  resseq=239 icode= >,3mky_B_A,2.86
637,0.0,ALA, ,O,78.85,18.56,0.0,2.06,1.0,<Residue ALA het=  resseq=239 icode= >,3mky_B_A,2.86
638,0.247,ALA, ,CB,77.73,17.65,0.0,0.24,1.0,<Residue ALA het=  resseq=239 icode= >,3mky_B_A,2.86
639,0.513,SER, ,N,79.4,1000.00,0.0,3.03,1.0,<Residue SER het=  resseq=240 icode= >,3mky_B_A,2.86
640,0.564,SER, ,CA,80.86,1000.00,0.0,2.99,1.0,<Residue SER het=  resseq=240 icode= >,3mky_B_A,2.86
641,0.167,SER, ,C,81.3,1000.00,0.0,3.96,1.0,<Residue SER het=  resseq=240 icode= >,3mky_B_A,2.86
642,0.015,SER, ,O,81.39,1000.00,0.0,2.18,1.0,<Residue SER het=  resseq=240 icode= >,3mky_B_A,2.86
643,41.635,SER, ,CB,79.8,1000.00,0.0,2.04,1.0,<Residue SER het=  resseq=240 icode= >,3mky_B_A,2.86
644,5.315,SER, ,OG,80.14,1000.00,0.0,1.86,1.0,<Residue SER het=  resseq=240 icode= >,3mky_B_A,2.86
645,0.0,ASN, ,N,81.86,1000.00,0.0,3.41,1.0,<Residue ASN het=  resseq=241 icode= >,3mky_B_A,2.86
646,1.668,ASN, ,CA,83.5,1000.00,1.627,3.84,1.0,<Residue ASN het=  resseq=241 icode= >,3mky_B_A,2.86
647,0.073,ASN, ,C,84.44,1000.00,0.023,4.21,1.0,<Residue ASN het=  resseq=241 icode= >,3mky_B_A,2.86
648,2.859,ASN, ,O,85.58,1000.00,2.859,1.84,1.0,<Residue ASN het=  resseq=241 icode= >,3mky_B_A,2.86
649,15.184,ASN, ,CB,83.55,1000.00,14.081,2.19,1.0,<Residue ASN het=  resseq=241 icode= >,3mky_B_A,2.86
650,5.396,ASN, ,CG,85.0,1000.00,5.396,2.69,1.0,<Residue ASN het=  resseq=241 icode= >,3mky_B_A,2.86
651,20.413,ASN, ,OD1,85.13,1000.00,20.413,1.69,1.0,<Residue ASN het=  resseq=241 icode= >,3mky_B_A,2.86
652,22.122,ASN, ,ND2,85.85,1000.00,14.907,1.14,1.0,<Residue ASN het=  resseq=241 icode= >,3mky_B_A,2.86
653,0.0,LEU, ,N,84.41,1000.00,0.0,3.26,1.0,<Residue LEU het=  resseq=242 icode= >,3mky_B_A,2.86
654,0.0,LEU, ,CA,84.08,1000.00,0.0,3.76,1.0,<Residue LEU het=  resseq=242 icode= >,3mky_B_A,2.86
655,0.0,LEU, ,C,85.26,1000.00,0.0,4.04,1.0,<Residue LEU het=  resseq=242 icode= >,3mky_B_A,2.86
656,0.0,LEU, ,O,84.53,1000.00,0.0,1.93,1.0,<Residue LEU het=  resseq=242 icode= >,3mky_B_A,2.86
657,0.737,LEU, ,CB,82.88,1000.00,0.0,1.63,1.0,<Residue LEU het=  resseq=242 icode= >,3mky_B_A,2.86
658,0.099,LEU, ,CG,81.89,1000.00,0.0,1.48,1.0,<Residue LEU het=  resseq=242 icode= >,3mky_B_A,2.86
659,1.272,LEU, ,CD1,82.56,1000.00,0.0,-0.05,1.0,<Residue LEU het=  resseq=242 icode= >,3mky_B_A,2.86
660,9.51,LEU, ,CD2,80.84,1000.00,6.846,0.09,1.0,<Residue LEU het=  resseq=242 icode= >,3mky_B_A,2.86
661,0.0,HIS, ,N,87.79,1000.00,0.0,3.31,1.0,<Residue HIS het=  resseq=243 icode= >,3mky_B_A,2.86
662,0.0,HIS, ,CA,90.65,1000.00,0.0,3.13,1.0,<Residue HIS het=  resseq=243 icode= >,3mky_B_A,2.86
663,0.746,HIS, ,C,91.28,1000.00,0.0,3.72,1.0,<Residue HIS het=  resseq=243 icode= >,3mky_B_A,2.86
664,3.387,HIS, ,O,91.73,1000.00,0.0,1.55,1.0,<Residue HIS het=  resseq=243 icode= >,3mky_B_A,2.86
665,15.52,HIS, ,CB,92.47,1000.00,0.0,1.70,1.0,<Residue HIS het=  resseq=243 icode= >,3mky_B_A,2.86
666,2.44,HIS, ,CG,96.15,1000.00,0.0,1.21,1.0,<Residue HIS het=  resseq=243 icode= >,3mky_B_A,2.86
667,10.154,HIS, ,ND1,96.76,1000.00,0.0,0.87,1.0,<Residue HIS het=  resseq=243 icode= >,3mky_B_A,2.86
668,12.191,HIS, ,CD2,96.42,1000.00,0.0,0.36,1.0,<Residue HIS het=  resseq=243 icode= >,3mky_B_A,2.86
669,11.769,HIS, ,CE1,96.29,1000.00,0.0,0.73,1.0,<Residue HIS het=  resseq=243 icode= >,3mky_B_A,2.86
670,5.2,HIS, ,NE2,96.67,1000.00,0.0,0.60,1.0,<Residue HIS het=  resseq=243 icode= >,3mky_B_A,2.86
671,0.0,GLU, ,N,92.26,1000.00,0.0,3.49,1.0,<Residue GLU het=  resseq=244 icode= >,3mky_B_A,2.86
672,0.11,GLU, ,CA,93.95,1000.00,0.0,3.41,1.0,<Residue GLU het=  resseq=244 icode= >,3mky_B_A,2.86
673,0.907,GLU, ,C,94.59,1000.00,0.059,3.24,1.0,<Residue GLU het=  resseq=244 icode= >,3mky_B_A,2.86
674,0.386,GLU, ,O,94.9,1000.00,0.0,2.15,1.0,<Residue GLU het=  resseq=244 icode= >,3mky_B_A,2.86
675,13.605,GLU, ,CB,93.5,1000.00,5.733,2.36,1.0,<Residue GLU het=  resseq=244 icode= >,3mky_B_A,2.86
676,10.916,GLU, ,CG,96.11,1000.00,0.0,2.10,1.0,<Residue GLU het=  resseq=244 icode= >,3mky_B_A,2.86
677,13.11,GLU, ,CD,98.04,1000.00,0.0,1.84,1.0,<Residue GLU het=  resseq=244 icode= >,3mky_B_A,2.86
678,32.099,GLU, ,OE1,98.88,1000.00,17.842,1.19,1.0,<Residue GLU het=  resseq=244 icode= >,3mky_B_A,2.86
679,41.703,GLU, ,OE2,98.99,1000.00,0.0,1.26,1.0,<Residue GLU het=  resseq=244 icode= >,3mky_B_A,2.86
680,0.115,GLN, ,N,94.95,1000.00,0.115,3.06,1.0,<Residue GLN het=  resseq=245 icode= >,3mky_B_A,2.86
681,2.002,GLN, ,CA,96.26,1000.00,0.199,3.52,1.0,<Residue GLN het=  resseq=245 icode= >,3mky_B_A,2.86
682,0.0,GLN, ,C,97.69,1000.00,0.0,3.22,1.0,<Residue GLN het=  resseq=245 icode= >,3mky_B_A,2.86
683,0.0,GLN, ,O,99.02,1000.00,0.0,0.88,1.0,<Residue GLN het=  resseq=245 icode= >,3mky_B_A,2.86
684,0.0,GLN, ,CB,97.47,1000.00,0.0,1.33,1.0,<Residue GLN het=  resseq=245 icode= >,3mky_B_A,2.86
685,0.511,GLN, ,CG,100.64,1000.00,0.077,0.33,1.0,<Residue GLN het=  resseq=245 icode= >,3mky_B_A,2.86
686,5.8,GLN, ,CD,101.84,1000.00,4.902,1.67,1.0,<Residue GLN het=  resseq=245 icode= >,3mky_B_A,2.86
687,30.684,GLN, ,OE1,104.02,1000.00,14.042,0.47,1.0,<Residue GLN het=  resseq=245 icode= >,3mky_B_A,2.86
688,46.726,GLN, ,NE2,101.57,1000.00,14.485,0.60,1.0,<Residue GLN het=  resseq=245 icode= >,3mky_B_A,2.86
689,0.0,LYS, ,N,98.4,1000.00,0.0,2.11,1.0,<Residue LYS het=  resseq=246 icode= >,3mky_B_A,2.86
690,0.0,LYS, ,CA,98.86,1000.00,0.0,2.00,1.0,<Residue LYS het=  resseq=246 icode= >,3mky_B_A,2.86
691,0.208,LYS, ,C,98.48,1000.00,0.0,3.32,1.0,<Residue LYS het=  resseq=246 icode= >,3mky_B_A,2.86
692,14.271,LYS, ,O,98.42,1000.00,0.0,1.75,1.0,<Residue LYS het=  resseq=246 icode= >,3mky_B_A,2.86
693,1.861,LYS, ,CB,99.19,1000.00,0.0,1.02,1.0,<Residue LYS het=  resseq=246 icode= >,3mky_B_A,2.86
694,5.334,LYS, ,CG,99.37,1000.00,0.0,0.85,1.0,<Residue LYS het=  resseq=246 icode= >,3mky_B_A,2.86
695,2.078,LYS, ,CD,99.35,1000.00,0.0,0.81,1.0,<Residue LYS het=  resseq=246 icode= >,3mky_B_A,2.86
696,35.328,LYS, ,CE,99.62,1000.00,0.0,0.64,1.0,<Residue LYS het=  resseq=246 icode= >,3mky_B_A,2.86
697,16.761,LYS, ,NZ,97.63,1000.00,0.0,0.48,1.0,<Residue LYS het=  resseq=246 icode= >,3mky_B_A,2.86
698,0.0,LYS, ,N,98.48,1000.00,0.0,3.37,1.0,<Residue LYS het=  resseq=247 icode= >,3mky_B_A,2.86
699,7.399,LYS, ,CA,99.21,1000.00,0.0,2.48,1.0,<Residue LYS het=  resseq=247 icode= >,3mky_B_A,2.86
700,0.136,LYS, ,C,99.25,1000.00,0.0,2.42,1.0,<Residue LYS het=  resseq=247 icode= >,3mky_B_A,2.86
701,24.171,LYS, ,O,98.69,1000.00,0.0,1.31,1.0,<Residue LYS het=  resseq=247 icode= >,3mky_B_A,2.86
702,1.514,LYS, ,CB,100.54,1000.00,0.0,1.15,1.0,<Residue LYS het=  resseq=247 icode= >,3mky_B_A,2.86
703,22.776,LYS, ,CG,101.88,1000.00,0.0,0.91,1.0,<Residue LYS het=  resseq=247 icode= >,3mky_B_A,2.86
704,26.775,LYS, ,CD,104.05,1000.00,0.0,0.33,1.0,<Residue LYS het=  resseq=247 icode= >,3mky_B_A,2.86
705,44.643,LYS, ,CE,104.71,1000.00,0.0,0.23,1.0,<Residue LYS het=  resseq=247 icode= >,3mky_B_A,2.86
706,49.253,LYS, ,NZ,104.86,1000.00,0.0,0.35,1.0,<Residue LYS het=  resseq=247 icode= >,3mky_B_A,2.86
707,0.0,ALA, ,N,98.83,1000.00,0.0,2.25,1.0,<Residue ALA het=  resseq=248 icode= >,3mky_B_A,2.86
708,11.825,ALA, ,CA,97.84,1000.00,0.0,2.48,1.0,<Residue ALA het=  resseq=248 icode= >,3mky_B_A,2.86
709,5.112,ALA, ,C,98.51,1000.00,0.0,2.55,1.0,<Residue ALA het=  resseq=248 icode= >,3mky_B_A,2.86
710,15.677,ALA, ,O,99.48,1000.00,0.0,1.39,1.0,<Residue ALA het=  resseq=248 icode= >,3mky_B_A,2.86
711,47.115,ALA, ,CB,96.01,1000.00,0.0,1.30,1.0,<Residue ALA het=  resseq=248 icode= >,3mky_B_A,2.86
712,1.842,GLY, ,N,98.65,1000.00,0.0,1.88,1.0,<Residue GLY het=  resseq=249 icode= >,3mky_B_A,2.86
713,36.217,GLY, ,CA,98.56,1000.00,0.0,1.30,1.0,<Residue GLY het=  resseq=249 icode= >,3mky_B_A,2.86
714,3.772,GLY, ,C,98.83,1000.00,0.0,1.79,1.0,<Residue GLY het=  resseq=249 icode= >,3mky_B_A,2.86
715,12.15,GLY, ,O,99.77,1000.00,0.0,0.61,1.0,<Residue GLY het=  resseq=249 icode= >,3mky_B_A,2.86
716,0.166,VAL, ,N,97.6,1000.00,0.0,2.08,1.0,<Residue VAL het=  resseq=250 icode= >,3mky_B_A,2.86
717,8.211,VAL, ,CA,95.77,1000.00,0.0,2.73,1.0,<Residue VAL het=  resseq=250 icode= >,3mky_B_A,2.86
718,0.0,VAL, ,C,95.04,1000.00,0.0,3.14,1.0,<Residue VAL het=  resseq=250 icode= >,3mky_B_A,2.86
719,0.289,VAL, ,O,93.82,1000.00,0.0,1.95,1.0,<Residue VAL het=  resseq=250 icode= >,3mky_B_A,2.86
720,0.0,VAL, ,CB,95.05,1000.00,0.0,2.22,1.0,<Residue VAL het=  resseq=250 icode= >,3mky_B_A,2.86
721,24.917,VAL, ,CG1,94.4,1000.00,0.0,0.84,1.0,<Residue VAL het=  resseq=250 icode= >,3mky_B_A,2.86
722,34.616,VAL, ,CG2,95.25,1000.00,0.0,0.12,1.0,<Residue VAL het=  resseq=250 icode= >,3mky_B_A,2.86
723,4.772,ILE, ,N,93.86,16.57,0.0,2.59,1.0,<Residue ILE het=  resseq=251 icode= >,3mky_B_A,2.86
724,0.85,ILE, ,CA,93.62,15.62,0.0,2.70,1.0,<Residue ILE het=  resseq=251 icode= >,3mky_B_A,2.86
725,0.048,ILE, ,C,93.34,14.48,0.0,2.40,1.0,<Residue ILE het=  resseq=251 icode= >,3mky_B_A,2.86
726,25.078,ILE, ,O,92.62,13.91,0.0,2.03,1.0,<Residue ILE het=  resseq=251 icode= >,3mky_B_A,2.86
727,9.149,ILE, ,CB,93.77,15.13,0.0,1.93,1.0,<Residue ILE het=  resseq=251 icode= >,3mky_B_A,2.86
728,9.139,ILE, ,CG1,93.66,16.40,0.0,0.87,1.0,<Residue ILE het=  resseq=251 icode= >,3mky_B_A,2.86
729,39.7,ILE, ,CG2,92.97,14.23,0.0,0.93,1.0,<Residue ILE het=  resseq=251 icode= >,3mky_B_A,2.86
730,64.744,ILE, ,CD1,92.35,16.25,0.0,-0.01,1.0,<Residue ILE het=  resseq=251 icode= >,3mky_B_A,2.86
731,0.041,PHE, ,N,92.36,14.31,0.0,2.00,1.0,<Residue PHE het=  resseq=252 icode= >,3mky_B_A,2.86
732,2.912,PHE, ,CA,90.17,13.38,0.0,2.57,1.0,<Residue PHE het=  resseq=252 icode= >,3mky_B_A,2.86
733,0.512,PHE, ,C,90.49,12.98,0.0,3.46,1.0,<Residue PHE het=  resseq=252 icode= >,3mky_B_A,2.86
734,14.02,PHE, ,O,89.98,13.75,0.0,2.55,1.0,<Residue PHE het=  resseq=252 icode= >,3mky_B_A,2.86
735,0.0,PHE, ,CB,87.69,14.18,0.0,1.24,1.0,<Residue PHE het=  resseq=252 icode= >,3mky_B_A,2.86
736,0.098,PHE, ,CG,84.91,15.59,0.0,1.99,1.0,<Residue PHE het=  resseq=252 icode= >,3mky_B_A,2.86
737,5.714,PHE, ,CD1,82.59,16.24,0.0,1.62,1.0,<Residue PHE het=  resseq=252 icode= >,3mky_B_A,2.86
738,3.099,PHE, ,CD2,83.02,15.94,0.0,1.77,1.0,<Residue PHE het=  resseq=252 icode= >,3mky_B_A,2.86
739,2.485,PHE, ,CE1,81.04,17.18,0.0,1.29,1.0,<Residue PHE het=  resseq=252 icode= >,3mky_B_A,2.86
740,3.865,PHE, ,CE2,82.51,16.89,0.0,1.05,1.0,<Residue PHE het=  resseq=252 icode= >,3mky_B_A,2.86
741,0.0,PHE, ,CZ,81.46,17.49,0.0,1.06,1.0,<Residue PHE het=  resseq=252 icode= >,3mky_B_A,2.86
742,0.0,GLU, ,N,91.02,11.90,0.0,2.88,1.0,<Residue GLU het=  resseq=253 icode= >,3mky_B_A,2.86
743,3.21,GLU, ,CA,91.6,11.65,0.0,2.48,1.0,<Residue GLU het=  resseq=253 icode= >,3mky_B_A,2.86
744,0.0,GLU, ,C,90.05,10.64,0.0,3.17,1.0,<Residue GLU het=  resseq=253 icode= >,3mky_B_A,2.86
745,0.0,GLU, ,O,88.33,10.41,0.0,2.62,1.0,<Residue GLU het=  resseq=253 icode= >,3mky_B_A,2.86
746,25.042,GLU, ,CB,94.06,10.26,0.0,0.85,1.0,<Residue GLU het=  resseq=253 icode= >,3mky_B_A,2.86
747,24.447,GLU, ,CG,97.25,9.14,0.0,0.77,1.0,<Residue GLU het=  resseq=253 icode= >,3mky_B_A,2.86
748,8.129,GLU, ,CD,98.58,9.05,0.0,1.43,1.0,<Residue GLU het=  resseq=253 icode= >,3mky_B_A,2.86
749,0.247,GLU, ,OE1,97.84,10.14,0.0,1.48,1.0,<Residue GLU het=  resseq=253 icode= >,3mky_B_A,2.86
750,38.462,GLU, ,OE2,100.09,8.04,0.0,0.20,1.0,<Residue GLU het=  resseq=253 icode= >,3mky_B_A,2.86
751,0.452,ALA, ,N,89.22,9.87,0.0,2.30,1.0,<Residue ALA het=  resseq=254 icode= >,3mky_B_A,2.86
752,0.0,ALA, ,CA,87.15,8.53,0.0,2.56,1.0,<Residue ALA het=  resseq=254 icode= >,3mky_B_A,2.86
753,0.327,ALA, ,C,85.56,8.02,0.0,3.62,1.0,<Residue ALA het=  resseq=254 icode= >,3mky_B_A,2.86
754,0.0,ALA, ,O,84.45,8.29,0.0,1.95,1.0,<Residue ALA het=  resseq=254 icode= >,3mky_B_A,2.86
755,26.147,ALA, ,CB,87.66,7.69,0.0,-0.10,1.0,<Residue ALA het=  resseq=254 icode= >,3mky_B_A,2.86
756,1.155,ASP, ,N,83.91,7.56,0.0,3.29,1.0,<Residue ASP het=  resseq=255 icode= >,3mky_B_A,2.86
757,2.075,ASP, ,CA,83.56,7.14,0.0,3.44,1.0,<Residue ASP het=  resseq=255 icode= >,3mky_B_A,2.86
758,0.355,ASP, ,C,82.48,8.34,0.0,3.72,1.0,<Residue ASP het=  resseq=255 icode= >,3mky_B_A,2.86
759,0.0,ASP, ,O,81.55,8.35,0.0,1.74,1.0,<Residue ASP het=  resseq=255 icode= >,3mky_B_A,2.86
760,23.263,ASP, ,CB,87.34,6.57,0.0,1.13,1.0,<Residue ASP het=  resseq=255 icode= >,3mky_B_A,2.86
761,14.711,ASP, ,CG,90.86,5.27,2.993,0.83,1.0,<Residue ASP het=  resseq=255 icode= >,3mky_B_A,2.86
762,42.377,ASP, ,OD1,91.23,4.50,12.801,0.89,1.0,<Residue ASP het=  resseq=255 icode= >,3mky_B_A,2.86
763,12.913,ASP, ,OD2,94.94,5.30,2.599,-0.31,1.0,<Residue ASP het=  resseq=255 icode= >,3mky_B_A,2.86
764,0.11,GLU, ,N,81.62,9.49,0.0,2.86,1.0,<Residue GLU het=  resseq=256 icode= >,3mky_B_A,2.86
765,1.261,GLU, ,CA,80.34,10.59,0.0,3.09,1.0,<Residue GLU het=  resseq=256 icode= >,3mky_B_A,2.86
766,0.0,GLU, ,C,78.0,10.92,0.0,3.84,1.0,<Residue GLU het=  resseq=256 icode= >,3mky_B_A,2.86
767,0.0,GLU, ,O,76.8,11.39,0.0,2.45,1.0,<Residue GLU het=  resseq=256 icode= >,3mky_B_A,2.86
768,0.0,GLU, ,CB,82.17,11.65,0.0,1.14,1.0,<Residue GLU het=  resseq=256 icode= >,3mky_B_A,2.86
769,28.01,GLU, ,CG,86.25,11.58,0.0,0.95,1.0,<Residue GLU het=  resseq=256 icode= >,3mky_B_A,2.86
770,8.136,GLU, ,CD,89.51,12.00,0.0,1.59,1.0,<Residue GLU het=  resseq=256 icode= >,3mky_B_A,2.86
771,15.754,GLU, ,OE1,91.37,13.05,0.0,0.95,1.0,<Residue GLU het=  resseq=256 icode= >,3mky_B_A,2.86
772,29.389,GLU, ,OE2,89.6,10.92,0.0,1.27,1.0,<Residue GLU het=  resseq=256 icode= >,3mky_B_A,2.86
773,0.0,VAL, ,N,74.73,10.67,0.0,3.46,1.0,<Residue VAL het=  resseq=257 icode= >,3mky_B_A,2.86
774,0.525,VAL, ,CA,72.18,10.97,0.0,4.09,1.0,<Residue VAL het=  resseq=257 icode= >,3mky_B_A,2.86
775,0.0,VAL, ,C,71.53,10.38,0.0,4.77,1.0,<Residue VAL het=  resseq=257 icode= >,3mky_B_A,2.86
776,0.0,VAL, ,O,72.04,11.22,0.0,2.69,1.0,<Residue VAL het=  resseq=257 icode= >,3mky_B_A,2.86
777,0.0,VAL, ,CB,72.13,10.68,0.0,2.48,1.0,<Residue VAL het=  resseq=257 icode= >,3mky_B_A,2.86
778,0.626,VAL, ,CG1,70.33,11.40,0.0,1.07,1.0,<Residue VAL het=  resseq=257 icode= >,3mky_B_A,2.86
779,2.898,VAL, ,CG2,72.54,11.38,0.0,0.44,1.0,<Residue VAL het=  resseq=257 icode= >,3mky_B_A,2.86
780,0.0,ILE, ,N,69.15,9.07,0.0,4.17,1.0,<Residue ILE het=  resseq=258 icode= >,3mky_B_A,2.86
781,0.0,ILE, ,CA,68.81,8.66,0.0,4.29,1.0,<Residue ILE het=  resseq=258 icode= >,3mky_B_A,2.86
782,0.0,ILE, ,C,68.21,9.43,0.0,5.27,1.0,<Residue ILE het=  resseq=258 icode= >,3mky_B_A,2.86
783,0.0,ILE, ,O,69.44,10.03,0.0,2.57,1.0,<Residue ILE het=  resseq=258 icode= >,3mky_B_A,2.86
784,4.831,ILE, ,CB,69.17,7.14,0.0,3.39,1.0,<Residue ILE het=  resseq=258 icode= >,3mky_B_A,2.86
785,2.863,ILE, ,CG1,73.37,6.70,0.0,0.69,1.0,<Residue ILE het=  resseq=258 icode= >,3mky_B_A,2.86
786,2.632,ILE, ,CG2,68.39,6.55,0.0,0.94,1.0,<Residue ILE het=  resseq=258 icode= >,3mky_B_A,2.86
787,31.775,ILE, ,CD1,74.84,5.27,4.487,-0.39,1.0,<Residue ILE het=  resseq=258 icode= >,3mky_B_A,2.86
788,0.0,THR, ,N,67.47,9.67,0.0,4.03,1.0,<Residue THR het=  resseq=259 icode= >,3mky_B_A,2.86
789,3.613,THR, ,CA,66.93,10.56,0.0,3.80,1.0,<Residue THR het=  resseq=259 icode= >,3mky_B_A,2.86
790,0.0,THR, ,C,66.54,11.99,0.0,5.12,1.0,<Residue THR het=  resseq=259 icode= >,3mky_B_A,2.86
791,0.372,THR, ,O,64.73,12.51,0.0,3.06,1.0,<Residue THR het=  resseq=259 icode= >,3mky_B_A,2.86
792,3.314,THR, ,CB,65.72,9.90,0.0,2.97,1.0,<Residue THR het=  resseq=259 icode= >,3mky_B_A,2.86
793,15.031,THR, ,OG1,67.52,8.59,0.0,2.02,1.0,<Residue THR het=  resseq=259 icode= >,3mky_B_A,2.86
794,57.587,THR, ,CG2,62.41,9.99,0.0,1.10,1.0,<Residue THR het=  resseq=259 icode= >,3mky_B_A,2.86
795,0.0,LEU, ,N,66.18,12.48,0.0,4.05,1.0,<Residue LEU het=  resseq=260 icode= >,3mky_B_A,2.86
796,0.0,LEU, ,CA,66.98,13.82,0.0,3.84,1.0,<Residue LEU het=  resseq=260 icode= >,3mky_B_A,2.86
797,0.0,LEU, ,C,67.06,14.00,0.0,3.97,1.0,<Residue LEU het=  resseq=260 icode= >,3mky_B_A,2.86
798,0.228,LEU, ,O,68.7,14.96,0.228,2.04,1.0,<Residue LEU het=  resseq=260 icode= >,3mky_B_A,2.86
799,1.49,LEU, ,CB,68.29,14.32,1.345,1.33,1.0,<Residue LEU het=  resseq=260 icode= >,3mky_B_A,2.86
800,0.353,LEU, ,CG,67.13,14.66,0.0,1.74,1.0,<Residue LEU het=  resseq=260 icode= >,3mky_B_A,2.86
801,8.229,LEU, ,CD1,66.22,15.38,0.0,-0.03,1.0,<Residue LEU het=  resseq=260 icode= >,3mky_B_A,2.86
802,48.778,LEU, ,CD2,64.33,15.02,3.712,0.63,1.0,<Residue LEU het=  resseq=260 icode= >,3mky_B_A,2.86
803,0.0,LEU, ,N,65.18,13.21,0.0,3.41,1.0,<Residue LEU het=  resseq=261 icode= >,3mky_B_A,2.86
804,0.0,LEU, ,CA,61.42,13.54,0.0,4.68,1.0,<Residue LEU het=  resseq=261 icode= >,3mky_B_A,2.86
805,0.0,LEU, ,C,60.53,13.75,0.0,5.21,1.0,<Residue LEU het=  resseq=261 icode= >,3mky_B_A,2.86
806,0.0,LEU, ,O,61.92,14.86,0.0,2.36,1.0,<Residue LEU het=  resseq=261 icode= >,3mky_B_A,2.86
807,0.0,LEU, ,CB,60.98,12.57,0.0,3.10,1.0,<Residue LEU het=  resseq=261 icode= >,3mky_B_A,2.86
808,0.0,LEU, ,CG,59.85,12.88,0.0,3.33,1.0,<Residue LEU het=  resseq=261 icode= >,3mky_B_A,2.86
809,0.0,LEU, ,CD1,59.39,14.39,0.0,1.41,1.0,<Residue LEU het=  resseq=261 icode= >,3mky_B_A,2.86
810,0.0,LEU, ,CD2,61.11,12.33,0.0,0.87,1.0,<Residue LEU het=  resseq=261 icode= >,3mky_B_A,2.86
811,0.0,THR, ,N,58.27,12.77,0.0,4.01,1.0,<Residue THR het=  resseq=262 icode= >,3mky_B_A,2.86
812,0.0,THR, ,CA,55.24,13.06,0.0,4.76,1.0,<Residue THR het=  resseq=262 icode= >,3mky_B_A,2.86
813,0.0,THR, ,C,55.52,14.24,0.0,4.81,1.0,<Residue THR het=  resseq=262 icode= >,3mky_B_A,2.86
814,0.0,THR, ,O,54.02,15.05,0.0,2.69,1.0,<Residue THR het=  resseq=262 icode= >,3mky_B_A,2.86
815,4.815,THR, ,CB,52.81,11.88,0.0,3.94,1.0,<Residue THR het=  resseq=262 icode= >,3mky_B_A,2.86
816,7.623,THR, ,OG1,50.1,10.76,0.0,2.45,1.0,<Residue THR het=  resseq=262 icode= >,3mky_B_A,2.86
817,19.245,THR, ,CG2,49.96,12.33,0.0,0.68,1.0,<Residue THR het=  resseq=262 icode= >,3mky_B_A,2.86
818,0.155,SER, ,N,57.18,14.33,0.0,3.41,1.0,<Residue SER het=  resseq=263 icode= >,3mky_B_A,2.86
819,3.045,SER, ,CA,58.95,14.88,0.0,3.69,1.0,<Residue SER het=  resseq=263 icode= >,3mky_B_A,2.86
820,1.063,SER, ,C,59.69,16.27,0.0,4.95,1.0,<Residue SER het=  resseq=263 icode= >,3mky_B_A,2.86
821,3.494,SER, ,O,58.44,16.67,0.0,3.13,1.0,<Residue SER het=  resseq=263 icode= >,3mky_B_A,2.86
822,26.951,SER, ,CB,58.64,15.08,0.0,2.20,1.0,<Residue SER het=  resseq=263 icode= >,3mky_B_A,2.86
823,11.469,SER, ,OG,61.44,16.19,8.299,1.55,1.0,<Residue SER het=  resseq=263 icode= >,3mky_B_A,2.86
824,0.0,VAL, ,N,61.2,17.11,0.0,3.87,1.0,<Residue VAL het=  resseq=264 icode= >,3mky_B_A,2.86
825,6.337,VAL, ,CA,63.33,18.39,0.0,4.44,1.0,<Residue VAL het=  resseq=264 icode= >,3mky_B_A,2.86
826,0.0,VAL, ,C,64.59,18.62,0.0,4.69,1.0,<Residue VAL het=  resseq=264 icode= >,3mky_B_A,2.86
827,21.815,VAL, ,O,64.4,19.68,13.848,2.53,1.0,<Residue VAL het=  resseq=264 icode= >,3mky_B_A,2.86
828,0.0,VAL, ,CB,63.96,18.58,0.0,2.94,1.0,<Residue VAL het=  resseq=264 icode= >,3mky_B_A,2.86
829,3.597,VAL, ,CG1,65.85,19.06,3.597,0.38,1.0,<Residue VAL het=  resseq=264 icode= >,3mky_B_A,2.86
830,28.199,VAL, ,CG2,67.29,19.69,17.617,-0.10,1.0,<Residue VAL het=  resseq=264 icode= >,3mky_B_A,2.86
831,0.0,LEU, ,N,66.3,17.63,0.0,3.72,1.0,<Residue LEU het=  resseq=265 icode= >,3mky_B_A,2.86
832,1.668,LEU, ,CA,69.36,17.43,1.668,3.99,1.0,<Residue LEU het=  resseq=265 icode= >,3mky_B_A,2.86
833,1.851,LEU, ,C,73.17,17.55,1.786,3.90,1.0,<Residue LEU het=  resseq=265 icode= >,3mky_B_A,2.86
834,28.755,LEU, ,O,72.65,17.36,15.419,2.20,1.0,<Residue LEU het=  resseq=265 icode= >,3mky_B_A,2.86
835,11.38,LEU, ,CB,67.74,15.97,0.0,2.73,1.0,<Residue LEU het=  resseq=265 icode= >,3mky_B_A,2.86
836,2.748,LEU, ,CG,67.02,15.44,0.0,2.65,1.0,<Residue LEU het=  resseq=265 icode= >,3mky_B_A,2.86
837,23.788,LEU, ,CD1,68.69,15.65,15.267,-0.12,1.0,<Residue LEU het=  resseq=265 icode= >,3mky_B_A,2.86
838,0.0,LEU, ,CD2,69.71,16.30,0.0,0.69,1.0,<Residue LEU het=  resseq=265 icode= >,3mky_B_A,2.86
839,0.0,LYS, ,N,78.94,16.88,0.0,2.69,1.0,<Residue LYS het=  resseq=266 icode= >,3mky_B_A,2.86
840,4.008,LYS, ,CA,84.11,16.66,0.184,3.26,1.0,<Residue LYS het=  resseq=266 icode= >,3mky_B_A,2.86
841,2.5,LYS, ,C,87.32,17.71,2.5,3.28,1.0,<Residue LYS het=  resseq=266 icode= >,3mky_B_A,2.86
842,7.205,LYS, ,O,87.89,18.32,2.8,1.63,1.0,<Residue LYS het=  resseq=266 icode= >,3mky_B_A,2.86
843,7.549,LYS, ,CB,84.8,15.24,0.0,1.58,1.0,<Residue LYS het=  resseq=266 icode= >,3mky_B_A,2.86
844,9.523,LYS, ,CG,87.65,14.19,0.0,1.14,1.0,<Residue LYS het=  resseq=266 icode= >,3mky_B_A,2.86
845,27.32,LYS, ,CD,90.8,12.76,0.0,0.09,1.0,<Residue LYS het=  resseq=266 icode= >,3mky_B_A,2.86
846,29.627,LYS, ,CE,91.97,11.78,0.0,0.09,1.0,<Residue LYS het=  resseq=266 icode= >,3mky_B_A,2.86
847,45.178,LYS, ,NZ,91.87,12.12,0.0,0.38,1.0,<Residue LYS het=  resseq=266 icode= >,3mky_B_A,2.86
848,5.133,THR, ,N,92.33,18.02,0.065,2.36,1.0,<Residue THR het=  resseq=267 icode= >,3mky_B_A,2.86
849,5.574,THR, ,CA,97.9,19.12,3.15,2.16,1.0,<Residue THR het=  resseq=267 icode= >,3mky_B_A,2.86
850,0.0,THR, ,C,101.43,18.85,0.0,1.85,1.0,<Residue THR het=  resseq=267 icode= >,3mky_B_A,2.86
851,0.47,THR, ,O,101.78,19.83,0.0,1.11,1.0,<Residue THR het=  resseq=267 icode= >,3mky_B_A,2.86
852,15.42,THR, ,CB,97.93,19.84,2.117,1.69,1.0,<Residue THR het=  resseq=267 icode= >,3mky_B_A,2.86
853,33.764,THR, ,OG1,99.54,20.17,28.972,0.11,1.0,<Residue THR het=  resseq=267 icode= >,3mky_B_A,2.86
854,45.191,THR, ,CG2,97.94,21.17,30.072,0.23,1.0,<Residue THR het=  resseq=267 icode= >,3mky_B_A,2.86
855,4.425,SER, ,N,106.59,17.60,0.0,0.84,1.0,<Residue SER het=  resseq=268 icode= >,3mky_B_A,2.86
856,0.612,SER, ,CA,111.24,17.39,0.0,0.73,1.0,<Residue SER het=  resseq=268 icode= >,3mky_B_A,2.86
857,1.267,SER, ,C,114.21,18.23,0.0,0.97,1.0,<Residue SER het=  resseq=268 icode= >,3mky_B_A,2.86
858,14.876,SER, ,O,114.3,18.46,0.0,0.92,1.0,<Residue SER het=  resseq=268 icode= >,3mky_B_A,2.86
859,35.425,SER, ,CB,111.01,15.92,0.0,0.32,1.0,<Residue SER het=  resseq=268 icode= >,3mky_B_A,2.86
860,30.376,SER, ,OG,110.08,15.85,0.0,0.73,1.0,<Residue SER het=  resseq=268 icode= >,3mky_B_A,2.86
861,2.706,SER, ,N,117.26,1000.00,0.0,0.76,1.0,<Residue SER het=  resseq=269 icode= >,3mky_B_A,2.86
862,13.764,SER, ,CA,120.07,1000.00,0.0,0.99,1.0,<Residue SER het=  resseq=269 icode= >,3mky_B_A,2.86
863,0.382,SER, ,C,122.17,1000.00,0.0,1.09,1.0,<Residue SER het=  resseq=269 icode= >,3mky_B_A,2.86
864,28.967,SER, ,O,122.42,1000.00,0.0,0.62,1.0,<Residue SER het=  resseq=269 icode= >,3mky_B_A,2.86
865,30.531,SER, ,CB,119.83,1000.00,11.061,0.38,1.0,<Residue SER het=  resseq=269 icode= >,3mky_B_A,2.86
866,35.963,SER, ,OG,118.6,1000.00,25.566,0.65,1.0,<Residue SER het=  resseq=269 icode= >,3mky_B_A,2.86
867,0.041,ALA, ,N,124.17,1000.00,0.0,0.45,1.0,<Residue ALA het=  resseq=270 icode= >,3mky_B_A,2.86
868,9.495,ALA, ,CA,125.2,1000.00,0.0,0.03,1.0,<Residue ALA het=  resseq=270 icode= >,3mky_B_A,2.86
869,4.275,ALA, ,C,125.7,1000.00,0.0,0.32,1.0,<Residue ALA het=  resseq=270 icode= >,3mky_B_A,2.86
870,31.654,ALA, ,O,125.72,1000.00,0.0,0.17,1.0,<Residue ALA het=  resseq=270 icode= >,3mky_B_A,2.86
871,59.538,ALA, ,CB,124.65,1000.00,25.971,-0.15,1.0,<Residue ALA het=  resseq=270 icode= >,3mky_B_A,2.86
872,0.0,SER, ,N,126.02,1000.00,0.0,0.66,1.0,<Residue SER het=  resseq=271 icode= >,3mky_B_A,2.86
873,9.397,SER, ,CA,126.24,1000.00,0.0,0.47,1.0,<Residue SER het=  resseq=271 icode= >,3mky_B_A,2.86
874,28.744,SER, ,C,126.61,1000.00,0.0,0.63,1.0,<Residue SER het=  resseq=271 icode= >,3mky_B_A,2.86
875,24.134,SER, ,O,126.51,1000.00,0.0,0.51,1.0,<Residue SER het=  resseq=271 icode= >,3mky_B_A,2.86
876,41.074,SER, ,CB,125.39,1000.00,0.0,-0.25,1.0,<Residue SER het=  resseq=271 icode= >,3mky_B_A,2.86
