,ASA,aa,altloc,atom,bfac,d2r,dASA,dens,occ,residue,id,resolu
0,5.283,PRO, ,N,90.31,10.68,0.0,1.12,1.0,<Residue PRO het=  resseq=157 icode= >,3mkz_N_A,2.98
1,12.525,PRO, ,CA,90.6,10.54,0.0,1.04,1.0,<Residue PRO het=  resseq=157 icode= >,3mkz_N_A,2.98
2,0.0,PRO, ,C,88.15,10.10,0.0,1.79,1.0,<Residue PRO het=  resseq=157 icode= >,3mkz_N_A,2.98
3,0.0,PRO, ,O,89.53,10.27,0.0,0.84,1.0,<Residue PRO het=  resseq=157 icode= >,3mkz_N_A,2.98
4,26.979,PRO, ,CB,89.86,11.89,0.0,0.73,1.0,<Residue PRO het=  resseq=157 icode= >,3mkz_N_A,2.98
5,43.728,PRO, ,CG,87.85,12.39,0.0,1.23,1.0,<Residue PRO het=  resseq=157 icode= >,3mkz_N_A,2.98
6,15.352,PRO, ,CD,91.52,12.03,0.0,0.78,1.0,<Residue PRO het=  resseq=157 icode= >,3mkz_N_A,2.98
7,9.197,THR, ,N,86.22,9.65,0.0,1.43,1.0,<Residue THR het=  resseq=158 icode= >,3mkz_N_A,2.98
8,11.761,THR, ,CA,83.61,9.35,0.0,1.97,1.0,<Residue THR het=  resseq=158 icode= >,3mkz_N_A,2.98
9,3.887,THR, ,C,78.88,8.22,0.0,2.74,1.0,<Residue THR het=  resseq=158 icode= >,3mkz_N_A,2.98
10,10.382,THR, ,O,76.32,7.27,0.0,2.07,1.0,<Residue THR het=  resseq=158 icode= >,3mkz_N_A,2.98
11,12.498,THR, ,CB,87.28,10.09,0.0,1.39,1.0,<Residue THR het=  resseq=158 icode= >,3mkz_N_A,2.98
12,14.891,THR, ,OG1,89.49,10.90,0.0,0.74,1.0,<Residue THR het=  resseq=158 icode= >,3mkz_N_A,2.98
13,65.254,THR, ,CG2,87.84,11.11,0.0,0.17,1.0,<Residue THR het=  resseq=158 icode= >,3mkz_N_A,2.98
14,1.085,SER, ,N,76.97,8.53,0.0,2.22,1.0,<Residue SER het=  resseq=159 icode= >,3mkz_N_A,2.98
15,2.359,SER, ,CA,75.24,7.87,0.0,3.41,1.0,<Residue SER het=  resseq=159 icode= >,3mkz_N_A,2.98
16,0.0,SER, ,C,76.42,7.18,0.0,2.92,1.0,<Residue SER het=  resseq=159 icode= >,3mkz_N_A,2.98
17,0.0,SER, ,O,81.91,7.89,0.0,0.99,1.0,<Residue SER het=  resseq=159 icode= >,3mkz_N_A,2.98
18,2.718,SER, ,CB,69.95,9.05,0.0,2.03,1.0,<Residue SER het=  resseq=159 icode= >,3mkz_N_A,2.98
19,0.0,SER, ,OG,67.09,8.70,0.0,1.46,1.0,<Residue SER het=  resseq=159 icode= >,3mkz_N_A,2.98
20,4.251,ALA, ,N,74.26,6.03,0.0,2.26,1.0,<Residue ALA het=  resseq=160 icode= >,3mkz_N_A,2.98
21,0.86,ALA, ,CA,71.65,5.65,0.0,3.26,1.0,<Residue ALA het=  resseq=160 icode= >,3mkz_N_A,2.98
22,0.0,ALA, ,C,71.82,6.95,0.0,3.80,1.0,<Residue ALA het=  resseq=160 icode= >,3mkz_N_A,2.98
23,0.0,ALA, ,O,64.19,7.62,0.0,2.20,1.0,<Residue ALA het=  resseq=160 icode= >,3mkz_N_A,2.98
24,8.463,ALA, ,CB,76.53,4.61,3.888,0.59,1.0,<Residue ALA het=  resseq=160 icode= >,3mkz_N_A,2.98
25,0.0,TYR, ,N,74.61,7.51,0.0,2.59,1.0,<Residue TYR het=  resseq=161 icode= >,3mkz_N_A,2.98
26,0.0,TYR, ,CA,76.65,8.87,0.0,2.98,1.0,<Residue TYR het=  resseq=161 icode= >,3mkz_N_A,2.98
27,0.0,TYR, ,C,79.17,9.88,0.0,3.37,1.0,<Residue TYR het=  resseq=161 icode= >,3mkz_N_A,2.98
28,0.0,TYR, ,O,83.29,10.77,0.0,1.30,1.0,<Residue TYR het=  resseq=161 icode= >,3mkz_N_A,2.98
29,0.0,TYR, ,CB,74.97,9.56,0.0,1.34,1.0,<Residue TYR het=  resseq=161 icode= >,3mkz_N_A,2.98
30,0.0,TYR, ,CG,71.97,10.97,0.0,2.41,1.0,<Residue TYR het=  resseq=161 icode= >,3mkz_N_A,2.98
31,0.0,TYR, ,CD1,75.01,11.35,0.0,0.67,1.0,<Residue TYR het=  resseq=161 icode= >,3mkz_N_A,2.98
32,6.954,TYR, ,CD2,67.64,12.06,0.0,1.47,1.0,<Residue TYR het=  resseq=161 icode= >,3mkz_N_A,2.98
33,0.0,TYR, ,CE1,70.09,12.69,0.0,1.42,1.0,<Residue TYR het=  resseq=161 icode= >,3mkz_N_A,2.98
34,12.786,TYR, ,CE2,66.74,13.33,0.0,1.78,1.0,<Residue TYR het=  resseq=161 icode= >,3mkz_N_A,2.98
35,0.0,TYR, ,CZ,70.55,13.60,0.0,2.88,1.0,<Residue TYR het=  resseq=161 icode= >,3mkz_N_A,2.98
36,12.297,TYR, ,OH,80.94,14.89,0.0,0.71,1.0,<Residue TYR het=  resseq=161 icode= >,3mkz_N_A,2.98
37,0.046,GLU, ,N,83.39,9.95,0.0,2.12,1.0,<Residue GLU het=  resseq=162 icode= >,3mkz_N_A,2.98
38,0.187,GLU, ,CA,87.57,11.06,0.0,2.63,1.0,<Residue GLU het=  resseq=162 icode= >,3mkz_N_A,2.98
39,0.0,GLU, ,C,88.68,11.07,0.0,2.58,1.0,<Residue GLU het=  resseq=162 icode= >,3mkz_N_A,2.98
40,0.004,GLU, ,O,92.01,11.82,0.0,0.90,1.0,<Residue GLU het=  resseq=162 icode= >,3mkz_N_A,2.98
41,6.154,GLU, ,CB,92.37,11.23,0.0,0.66,1.0,<Residue GLU het=  resseq=162 icode= >,3mkz_N_A,2.98
42,10.455,GLU, ,CG,102.08,12.45,0.0,0.55,1.0,<Residue GLU het=  resseq=162 icode= >,3mkz_N_A,2.98
43,7.958,GLU, ,CD,109.56,12.87,0.0,0.91,1.0,<Residue GLU het=  resseq=162 icode= >,3mkz_N_A,2.98
44,18.885,GLU, ,OE1,108.94,13.43,0.0,0.48,1.0,<Residue GLU het=  resseq=162 icode= >,3mkz_N_A,2.98
45,19.713,GLU, ,OE2,113.75,12.53,0.0,0.61,1.0,<Residue GLU het=  resseq=162 icode= >,3mkz_N_A,2.98
46,0.0,ARG, ,N,85.21,9.74,0.0,2.25,1.0,<Residue ARG het=  resseq=163 icode= >,3mkz_N_A,2.98
47,0.0,ARG, ,CA,81.44,9.10,0.0,2.67,1.0,<Residue ARG het=  resseq=163 icode= >,3mkz_N_A,2.98
48,0.0,ARG, ,C,82.12,9.60,0.0,2.93,1.0,<Residue ARG het=  resseq=163 icode= >,3mkz_N_A,2.98
49,0.0,ARG, ,O,81.9,9.95,0.0,1.96,1.0,<Residue ARG het=  resseq=163 icode= >,3mkz_N_A,2.98
50,0.26,ARG, ,CB,80.63,7.57,0.0,1.17,1.0,<Residue ARG het=  resseq=163 icode= >,3mkz_N_A,2.98
51,5.904,ARG, ,CG,75.35,7.26,0.0,1.23,1.0,<Residue ARG het=  resseq=163 icode= >,3mkz_N_A,2.98
52,5.94,ARG, ,CD,69.66,5.90,0.0,2.01,1.0,<Residue ARG het=  resseq=163 icode= >,3mkz_N_A,2.98
53,7.589,ARG, ,NE,70.74,4.90,0.0,2.28,1.0,<Residue ARG het=  resseq=163 icode= >,3mkz_N_A,2.98
54,4.441,ARG, ,CZ,70.17,3.58,0.36,2.78,1.0,<Residue ARG het=  resseq=163 icode= >,3mkz_N_A,2.98
55,30.131,ARG, ,NH1,73.23,3.24,15.3,0.84,1.0,<Residue ARG het=  resseq=163 icode= >,3mkz_N_A,2.98
56,11.551,ARG, ,NH2,67.03,3.03,6.809,0.75,1.0,<Residue ARG het=  resseq=163 icode= >,3mkz_N_A,2.98
57,0.0,GLY, ,N,79.63,9.90,0.0,2.42,1.0,<Residue GLY het=  resseq=164 icode= >,3mkz_N_A,2.98
58,0.0,GLY, ,CA,78.22,10.65,0.0,2.43,1.0,<Residue GLY het=  resseq=164 icode= >,3mkz_N_A,2.98
59,0.0,GLY, ,C,79.87,11.89,0.0,3.55,1.0,<Residue GLY het=  resseq=164 icode= >,3mkz_N_A,2.98
60,0.0,GLY, ,O,80.86,12.22,0.0,1.47,1.0,<Residue GLY het=  resseq=164 icode= >,3mkz_N_A,2.98
61,0.0,GLN, ,N,84.02,12.69,0.0,2.45,1.0,<Residue GLN het=  resseq=165 icode= >,3mkz_N_A,2.98
62,3.263,GLN, ,CA,87.06,13.97,0.0,2.60,1.0,<Residue GLN het=  resseq=165 icode= >,3mkz_N_A,2.98
63,0.905,GLN, ,C,88.66,13.82,0.0,3.00,1.0,<Residue GLN het=  resseq=165 icode= >,3mkz_N_A,2.98
64,6.163,GLN, ,O,90.59,14.72,0.0,1.12,1.0,<Residue GLN het=  resseq=165 icode= >,3mkz_N_A,2.98
65,14.868,GLN, ,CB,85.79,14.81,0.0,1.51,1.0,<Residue GLN het=  resseq=165 icode= >,3mkz_N_A,2.98
66,18.836,GLN, ,CG,84.48,14.85,0.0,1.68,1.0,<Residue GLN het=  resseq=165 icode= >,3mkz_N_A,2.98
67,5.484,GLN, ,CD,91.55,14.82,0.0,1.80,1.0,<Residue GLN het=  resseq=165 icode= >,3mkz_N_A,2.98
68,16.851,GLN, ,OE1,95.44,15.20,0.0,0.60,1.0,<Residue GLN het=  resseq=165 icode= >,3mkz_N_A,2.98
69,24.239,GLN, ,NE2,93.79,14.54,0.0,0.59,1.0,<Residue GLN het=  resseq=165 icode= >,3mkz_N_A,2.98
70,0.018,ARG, ,N,87.9,12.83,0.0,2.61,1.0,<Residue ARG het=  resseq=166 icode= >,3mkz_N_A,2.98
71,3.194,ARG, ,CA,87.55,12.79,0.0,3.06,1.0,<Residue ARG het=  resseq=166 icode= >,3mkz_N_A,2.98
72,0.0,ARG, ,C,87.11,12.56,0.0,3.47,1.0,<Residue ARG het=  resseq=166 icode= >,3mkz_N_A,2.98
73,0.0,ARG, ,O,88.33,13.40,0.0,1.88,1.0,<Residue ARG het=  resseq=166 icode= >,3mkz_N_A,2.98
74,0.485,ARG, ,CB,93.28,11.84,0.0,0.91,1.0,<Residue ARG het=  resseq=166 icode= >,3mkz_N_A,2.98
75,16.122,ARG, ,CG,99.74,12.64,0.0,0.45,1.0,<Residue ARG het=  resseq=166 icode= >,3mkz_N_A,2.98
76,9.174,ARG, ,CD,109.73,12.32,0.0,0.38,1.0,<Residue ARG het=  resseq=166 icode= >,3mkz_N_A,2.98
77,12.512,ARG, ,NE,118.45,11.95,0.0,0.42,1.0,<Residue ARG het=  resseq=166 icode= >,3mkz_N_A,2.98
78,4.34,ARG, ,CZ,117.56,12.85,0.0,0.82,1.0,<Residue ARG het=  resseq=166 icode= >,3mkz_N_A,2.98
79,33.134,ARG, ,NH1,118.1,14.10,0.0,-0.08,1.0,<Residue ARG het=  resseq=166 icode= >,3mkz_N_A,2.98
80,10.662,ARG, ,NH2,114.99,12.62,0.0,0.72,1.0,<Residue ARG het=  resseq=166 icode= >,3mkz_N_A,2.98
81,0.0,TYR, ,N,86.54,11.56,0.0,2.79,1.0,<Residue TYR het=  resseq=167 icode= >,3mkz_N_A,2.98
82,0.0,TYR, ,CA,84.13,11.47,0.0,2.80,1.0,<Residue TYR het=  resseq=167 icode= >,3mkz_N_A,2.98
83,0.0,TYR, ,C,82.53,11.99,0.0,3.21,1.0,<Residue TYR het=  resseq=167 icode= >,3mkz_N_A,2.98
84,0.0,TYR, ,O,80.5,11.13,0.0,1.84,1.0,<Residue TYR het=  resseq=167 icode= >,3mkz_N_A,2.98
85,0.0,TYR, ,CB,84.19,10.30,0.0,1.32,1.0,<Residue TYR het=  resseq=167 icode= >,3mkz_N_A,2.98
86,0.0,TYR, ,CG,83.32,9.01,0.0,2.26,1.0,<Residue TYR het=  resseq=167 icode= >,3mkz_N_A,2.98
87,0.0,TYR, ,CD1,81.56,7.79,0.0,1.89,1.0,<Residue TYR het=  resseq=167 icode= >,3mkz_N_A,2.98
88,0.0,TYR, ,CD2,80.45,9.17,0.0,1.64,1.0,<Residue TYR het=  resseq=167 icode= >,3mkz_N_A,2.98
89,0.0,TYR, ,CE1,77.46,6.59,0.0,2.01,1.0,<Residue TYR het=  resseq=167 icode= >,3mkz_N_A,2.98
90,2.295,TYR, ,CE2,81.01,8.19,0.0,1.32,1.0,<Residue TYR het=  resseq=167 icode= >,3mkz_N_A,2.98
91,1.03,TYR, ,CZ,76.7,6.83,0.0,2.59,1.0,<Residue TYR het=  resseq=167 icode= >,3mkz_N_A,2.98
92,6.829,TYR, ,OH,66.63,5.96,0.0,1.12,1.0,<Residue TYR het=  resseq=167 icode= >,3mkz_N_A,2.98
93,0.0,ALA, ,N,80.5,12.12,0.0,2.99,1.0,<Residue ALA het=  resseq=168 icode= >,3mkz_N_A,2.98
94,0.506,ALA, ,CA,83.9,11.79,0.0,2.61,1.0,<Residue ALA het=  resseq=168 icode= >,3mkz_N_A,2.98
95,0.794,ALA, ,C,88.44,12.40,0.0,2.77,1.0,<Residue ALA het=  resseq=168 icode= >,3mkz_N_A,2.98
96,0.253,ALA, ,O,88.76,11.68,0.0,1.81,1.0,<Residue ALA het=  resseq=168 icode= >,3mkz_N_A,2.98
97,33.183,ALA, ,CB,83.27,12.00,0.0,0.61,1.0,<Residue ALA het=  resseq=168 icode= >,3mkz_N_A,2.98
98,0.886,SER, ,N,89.0,13.67,0.0,1.90,1.0,<Residue SER het=  resseq=169 icode= >,3mkz_N_A,2.98
99,7.539,SER, ,CA,85.37,14.32,0.0,2.58,1.0,<Residue SER het=  resseq=169 icode= >,3mkz_N_A,2.98
100,0.214,SER, ,C,85.08,13.54,0.0,2.83,1.0,<Residue SER het=  resseq=169 icode= >,3mkz_N_A,2.98
101,0.0,SER, ,O,90.53,13.27,0.0,0.96,1.0,<Residue SER het=  resseq=169 icode= >,3mkz_N_A,2.98
102,20.314,SER, ,CB,83.74,15.71,0.0,1.33,1.0,<Residue SER het=  resseq=169 icode= >,3mkz_N_A,2.98
103,27.008,SER, ,OG,79.33,16.53,0.0,1.10,1.0,<Residue SER het=  resseq=169 icode= >,3mkz_N_A,2.98
104,0.116,ARG, ,N,79.32,13.33,0.0,2.88,1.0,<Residue ARG het=  resseq=170 icode= >,3mkz_N_A,2.98
105,1.35,ARG, ,CA,77.76,12.77,0.0,2.86,1.0,<Residue ARG het=  resseq=170 icode= >,3mkz_N_A,2.98
106,0.0,ARG, ,C,81.15,11.33,0.0,3.10,1.0,<Residue ARG het=  resseq=170 icode= >,3mkz_N_A,2.98
107,0.0,ARG, ,O,83.25,11.06,0.0,1.69,1.0,<Residue ARG het=  resseq=170 icode= >,3mkz_N_A,2.98
108,0.0,ARG, ,CB,73.87,12.64,0.0,1.81,1.0,<Residue ARG het=  resseq=170 icode= >,3mkz_N_A,2.98
109,8.234,ARG, ,CG,71.37,13.98,0.0,1.89,1.0,<Residue ARG het=  resseq=170 icode= >,3mkz_N_A,2.98
110,4.161,ARG, ,CD,74.53,14.02,0.0,1.67,1.0,<Residue ARG het=  resseq=170 icode= >,3mkz_N_A,2.98
111,2.968,ARG, ,NE,79.89,13.99,0.0,2.09,1.0,<Residue ARG het=  resseq=170 icode= >,3mkz_N_A,2.98
112,4.279,ARG, ,CZ,85.46,14.12,0.0,1.77,1.0,<Residue ARG het=  resseq=170 icode= >,3mkz_N_A,2.98
113,14.156,ARG, ,NH1,82.95,13.93,0.0,0.65,1.0,<Residue ARG het=  resseq=170 icode= >,3mkz_N_A,2.98
114,26.504,ARG, ,NH2,83.67,14.31,0.0,0.75,1.0,<Residue ARG het=  resseq=170 icode= >,3mkz_N_A,2.98
115,0.0,LEU, ,N,79.53,10.54,0.0,2.78,1.0,<Residue LEU het=  resseq=171 icode= >,3mkz_N_A,2.98
116,0.0,LEU, ,CA,80.26,9.17,0.0,2.65,1.0,<Residue LEU het=  resseq=171 icode= >,3mkz_N_A,2.98
117,0.0,LEU, ,C,83.6,9.35,0.0,3.15,1.0,<Residue LEU het=  resseq=171 icode= >,3mkz_N_A,2.98
118,0.0,LEU, ,O,86.33,8.95,0.0,1.13,1.0,<Residue LEU het=  resseq=171 icode= >,3mkz_N_A,2.98
119,0.0,LEU, ,CB,79.95,8.62,0.0,0.79,1.0,<Residue LEU het=  resseq=171 icode= >,3mkz_N_A,2.98
120,6.593,LEU, ,CG,72.68,7.20,0.0,1.29,1.0,<Residue LEU het=  resseq=171 icode= >,3mkz_N_A,2.98
121,28.023,LEU, ,CD1,70.32,7.19,0.0,0.39,1.0,<Residue LEU het=  resseq=171 icode= >,3mkz_N_A,2.98
122,0.116,LEU, ,CD2,57.66,6.21,0.0,0.95,1.0,<Residue LEU het=  resseq=171 icode= >,3mkz_N_A,2.98
123,0.0,GLN, ,N,86.49,10.21,0.0,2.70,1.0,<Residue GLN het=  resseq=172 icode= >,3mkz_N_A,2.98
124,4.512,GLN, ,CA,90.93,10.73,0.0,2.55,1.0,<Residue GLN het=  resseq=172 icode= >,3mkz_N_A,2.98
125,0.728,GLN, ,C,94.53,11.47,0.0,2.33,1.0,<Residue GLN het=  resseq=172 icode= >,3mkz_N_A,2.98
126,7.281,GLN, ,O,102.19,11.00,0.0,0.65,1.0,<Residue GLN het=  resseq=172 icode= >,3mkz_N_A,2.98
127,5.205,GLN, ,CB,90.24,11.81,0.0,1.86,1.0,<Residue GLN het=  resseq=172 icode= >,3mkz_N_A,2.98
128,16.119,GLN, ,CG,88.8,12.76,0.0,2.05,1.0,<Residue GLN het=  resseq=172 icode= >,3mkz_N_A,2.98
129,8.316,GLN, ,CD,93.24,13.63,0.0,1.86,1.0,<Residue GLN het=  resseq=172 icode= >,3mkz_N_A,2.98
130,35.016,GLN, ,OE1,95.4,14.83,0.0,1.10,1.0,<Residue GLN het=  resseq=172 icode= >,3mkz_N_A,2.98
131,52.037,GLN, ,NE2,91.34,13.14,0.0,0.79,1.0,<Residue GLN het=  resseq=172 icode= >,3mkz_N_A,2.98
132,0.0,ASN, ,N,91.51,12.74,0.0,2.80,1.0,<Residue ASN het=  resseq=173 icode= >,3mkz_N_A,2.98
133,10.163,ASN, ,CA,90.0,13.65,0.0,2.44,1.0,<Residue ASN het=  resseq=173 icode= >,3mkz_N_A,2.98
134,3.962,ASN, ,C,86.34,13.65,0.0,3.81,1.0,<Residue ASN het=  resseq=173 icode= >,3mkz_N_A,2.98
135,12.217,ASN, ,O,84.51,14.63,0.0,1.98,1.0,<Residue ASN het=  resseq=173 icode= >,3mkz_N_A,2.98
136,33.249,ASN, ,CB,92.35,15.09,0.0,1.06,1.0,<Residue ASN het=  resseq=173 icode= >,3mkz_N_A,2.98
137,6.092,ASN, ,CG,94.4,15.40,0.0,1.69,1.0,<Residue ASN het=  resseq=173 icode= >,3mkz_N_A,2.98
138,14.821,ASN, ,OD1,93.91,15.34,0.0,0.98,1.0,<Residue ASN het=  resseq=173 icode= >,3mkz_N_A,2.98
139,25.749,ASN, ,ND2,84.73,15.89,0.0,0.95,1.0,<Residue ASN het=  resseq=173 icode= >,3mkz_N_A,2.98
140,4.502,GLU, ,N,85.96,12.67,0.0,2.83,1.0,<Residue GLU het=  resseq=174 icode= >,3mkz_N_A,2.98
141,13.184,GLU, ,CA,87.54,12.81,0.0,2.23,1.0,<Residue GLU het=  resseq=174 icode= >,3mkz_N_A,2.98
142,2.795,GLU, ,C,86.05,11.65,0.0,2.58,1.0,<Residue GLU het=  resseq=174 icode= >,3mkz_N_A,2.98
143,21.741,GLU, ,O,81.27,11.98,0.0,1.95,1.0,<Residue GLU het=  resseq=174 icode= >,3mkz_N_A,2.98
144,3.063,GLU, ,CB,86.73,13.28,0.0,1.95,1.0,<Residue GLU het=  resseq=174 icode= >,3mkz_N_A,2.98
145,11.667,GLU, ,CG,90.0,13.39,0.0,1.21,1.0,<Residue GLU het=  resseq=174 icode= >,3mkz_N_A,2.98
146,6.443,GLU, ,CD,100.1,14.27,0.0,1.34,1.0,<Residue GLU het=  resseq=174 icode= >,3mkz_N_A,2.98
147,6.946,GLU, ,OE1,104.66,14.24,0.0,0.62,1.0,<Residue GLU het=  resseq=174 icode= >,3mkz_N_A,2.98
148,30.862,GLU, ,OE2,96.94,15.12,0.0,1.09,1.0,<Residue GLU het=  resseq=174 icode= >,3mkz_N_A,2.98
149,0.0,PHE, ,N,85.71,10.41,0.0,2.16,1.0,<Residue PHE het=  resseq=175 icode= >,3mkz_N_A,2.98
150,5.928,PHE, ,CA,84.06,9.28,0.0,2.27,1.0,<Residue PHE het=  resseq=175 icode= >,3mkz_N_A,2.98
151,1.779,PHE, ,C,81.41,8.37,0.0,3.12,1.0,<Residue PHE het=  resseq=175 icode= >,3mkz_N_A,2.98
152,0.658,PHE, ,O,80.73,7.21,0.0,2.08,1.0,<Residue PHE het=  resseq=175 icode= >,3mkz_N_A,2.98
153,0.0,PHE, ,CB,82.69,8.50,0.0,1.08,1.0,<Residue PHE het=  resseq=175 icode= >,3mkz_N_A,2.98
154,0.0,PHE, ,CG,77.79,9.21,0.0,1.66,1.0,<Residue PHE het=  resseq=175 icode= >,3mkz_N_A,2.98
155,0.0,PHE, ,CD1,78.0,9.86,0.0,0.98,1.0,<Residue PHE het=  resseq=175 icode= >,3mkz_N_A,2.98
156,7.668,PHE, ,CD2,74.89,9.53,0.0,1.00,1.0,<Residue PHE het=  resseq=175 icode= >,3mkz_N_A,2.98
157,0.0,PHE, ,CE1,76.11,10.73,0.0,0.91,1.0,<Residue PHE het=  resseq=175 icode= >,3mkz_N_A,2.98
158,23.183,PHE, ,CE2,75.96,10.42,0.0,0.83,1.0,<Residue PHE het=  resseq=175 icode= >,3mkz_N_A,2.98
159,4.781,PHE, ,CZ,75.94,11.00,0.0,0.99,1.0,<Residue PHE het=  resseq=175 icode= >,3mkz_N_A,2.98
160,4.094,ALA, ,N,80.32,9.04,0.0,2.40,1.0,<Residue ALA het=  resseq=176 icode= >,3mkz_N_A,2.98
161,11.964,ALA, ,CA,84.21,8.62,0.0,1.75,1.0,<Residue ALA het=  resseq=176 icode= >,3mkz_N_A,2.98
162,3.077,ALA, ,C,85.96,7.37,0.0,2.32,1.0,<Residue ALA het=  resseq=176 icode= >,3mkz_N_A,2.98
163,27.36,ALA, ,O,86.02,7.12,0.0,0.96,1.0,<Residue ALA het=  resseq=176 icode= >,3mkz_N_A,2.98
164,56.766,ALA, ,CB,77.8,8.74,0.0,0.49,1.0,<Residue ALA het=  resseq=176 icode= >,3mkz_N_A,2.98
165,0.0,GLY, ,N,85.11,6.84,0.0,2.17,1.0,<Residue GLY het=  resseq=177 icode= >,3mkz_N_A,2.98
166,13.522,GLY, ,CA,83.43,5.85,0.0,1.83,1.0,<Residue GLY het=  resseq=177 icode= >,3mkz_N_A,2.98
167,1.733,GLY, ,C,84.83,4.43,0.0,2.71,1.0,<Residue GLY het=  resseq=177 icode= >,3mkz_N_A,2.98
168,25.976,GLY, ,O,82.06,3.52,6.179,1.93,1.0,<Residue GLY het=  resseq=177 icode= >,3mkz_N_A,2.98
169,0.0,ASN, ,N,86.98,4.60,0.0,2.65,1.0,<Residue ASN het=  resseq=178 icode= >,3mkz_N_A,2.98
170,6.16,ASN, ,CA,89.08,3.82,3.714,2.78,1.0,<Residue ASN het=  resseq=178 icode= >,3mkz_N_A,2.98
171,0.0,ASN, ,C,89.27,3.75,0.0,2.57,1.0,<Residue ASN het=  resseq=178 icode= >,3mkz_N_A,2.98
172,0.0,ASN, ,O,90.36,4.46,0.0,1.61,1.0,<Residue ASN het=  resseq=178 icode= >,3mkz_N_A,2.98
173,17.803,ASN, ,CB,92.64,4.84,0.074,1.21,1.0,<Residue ASN het=  resseq=178 icode= >,3mkz_N_A,2.98
174,5.422,ASN, ,CG,96.31,4.30,1.14,1.73,1.0,<Residue ASN het=  resseq=178 icode= >,3mkz_N_A,2.98
175,17.811,ASN, ,OD1,99.28,3.18,17.493,0.87,1.0,<Residue ASN het=  resseq=178 icode= >,3mkz_N_A,2.98
176,26.273,ASN, ,ND2,92.57,5.00,2.259,1.12,1.0,<Residue ASN het=  resseq=178 icode= >,3mkz_N_A,2.98
177,2.27,ILE, ,N,85.5,3.06,2.27,2.18,1.0,<Residue ILE het=  resseq=179 icode= >,3mkz_N_A,2.98
178,0.0,ILE, ,CA,82.76,3.27,0.0,2.95,1.0,<Residue ILE het=  resseq=179 icode= >,3mkz_N_A,2.98
179,0.0,ILE, ,C,84.38,3.32,0.0,3.55,1.0,<Residue ILE het=  resseq=179 icode= >,3mkz_N_A,2.98
180,0.0,ILE, ,O,84.02,4.51,0.0,1.67,1.0,<Residue ILE het=  resseq=179 icode= >,3mkz_N_A,2.98
181,5.146,ILE, ,CB,82.74,3.03,5.146,1.64,1.0,<Residue ILE het=  resseq=179 icode= >,3mkz_N_A,2.98
182,8.286,ILE, ,CG1,76.97,3.71,1.204,0.92,1.0,<Residue ILE het=  resseq=179 icode= >,3mkz_N_A,2.98
183,0.682,ILE, ,CG2,81.13,3.99,0.56,0.18,1.0,<Residue ILE het=  resseq=179 icode= >,3mkz_N_A,2.98
184,55.718,ILE, ,CD1,79.54,3.19,35.088,-0.30,1.0,<Residue ILE het=  resseq=179 icode= >,3mkz_N_A,2.98
185,0.315,SER, ,N,85.98,2.50,0.315,2.50,1.0,<Residue SER het=  resseq=180 icode= >,3mkz_N_A,2.98
186,0.422,SER, ,CA,87.19,3.49,0.0,2.36,1.0,<Residue SER het=  resseq=180 icode= >,3mkz_N_A,2.98
187,1.176,SER, ,C,87.53,4.78,0.0,2.81,1.0,<Residue SER het=  resseq=180 icode= >,3mkz_N_A,2.98
188,7.936,SER, ,O,81.43,5.88,0.0,1.89,1.0,<Residue SER het=  resseq=180 icode= >,3mkz_N_A,2.98
189,29.784,SER, ,CB,85.76,3.40,11.551,1.84,1.0,<Residue SER het=  resseq=180 icode= >,3mkz_N_A,2.98
190,25.051,SER, ,OG,87.09,2.59,25.051,1.64,1.0,<Residue SER het=  resseq=180 icode= >,3mkz_N_A,2.98
191,0.0,ALA, ,N,89.66,4.92,0.0,2.08,1.0,<Residue ALA het=  resseq=181 icode= >,3mkz_N_A,2.98
192,9.337,ALA, ,CA,91.46,6.31,0.0,2.04,1.0,<Residue ALA het=  resseq=181 icode= >,3mkz_N_A,2.98
193,0.0,ALA, ,C,92.1,7.21,0.0,2.56,1.0,<Residue ALA het=  resseq=181 icode= >,3mkz_N_A,2.98
194,3.498,ALA, ,O,90.04,8.22,0.0,1.91,1.0,<Residue ALA het=  resseq=181 icode= >,3mkz_N_A,2.98
195,12.409,ALA, ,CB,93.25,6.57,0.0,0.15,1.0,<Residue ALA het=  resseq=181 icode= >,3mkz_N_A,2.98
196,0.0,LEU, ,N,90.21,7.09,0.0,2.25,1.0,<Residue LEU het=  resseq=182 icode= >,3mkz_N_A,2.98
197,0.0,LEU, ,CA,89.35,8.17,0.0,2.25,1.0,<Residue LEU het=  resseq=182 icode= >,3mkz_N_A,2.98
198,0.0,LEU, ,C,86.87,8.36,0.0,2.94,1.0,<Residue LEU het=  resseq=182 icode= >,3mkz_N_A,2.98
199,0.0,LEU, ,O,86.92,9.54,0.0,1.93,1.0,<Residue LEU het=  resseq=182 icode= >,3mkz_N_A,2.98
200,0.0,LEU, ,CB,91.81,8.11,0.0,1.18,1.0,<Residue LEU het=  resseq=182 icode= >,3mkz_N_A,2.98
201,0.0,LEU, ,CG,89.45,9.46,0.0,1.37,1.0,<Residue LEU het=  resseq=182 icode= >,3mkz_N_A,2.98
202,0.0,LEU, ,CD1,89.21,9.48,0.0,0.21,1.0,<Residue LEU het=  resseq=182 icode= >,3mkz_N_A,2.98
203,0.0,LEU, ,CD2,93.74,10.06,0.0,-0.17,1.0,<Residue LEU het=  resseq=182 icode= >,3mkz_N_A,2.98
204,0.0,ALA, ,N,83.16,7.36,0.0,2.07,1.0,<Residue ALA het=  resseq=183 icode= >,3mkz_N_A,2.98
205,0.0,ALA, ,CA,82.4,7.81,0.0,2.30,1.0,<Residue ALA het=  resseq=183 icode= >,3mkz_N_A,2.98
206,0.897,ALA, ,C,83.12,8.59,0.0,2.94,1.0,<Residue ALA het=  resseq=183 icode= >,3mkz_N_A,2.98
207,0.369,ALA, ,O,82.6,7.80,0.0,0.85,1.0,<Residue ALA het=  resseq=183 icode= >,3mkz_N_A,2.98
208,4.784,ALA, ,CB,80.94,6.79,0.0,0.06,1.0,<Residue ALA het=  resseq=183 icode= >,3mkz_N_A,2.98
209,0.403,ASP, ,N,86.84,8.59,0.0,2.20,1.0,<Residue ASP het=  resseq=184 icode= >,3mkz_N_A,2.98
210,4.635,ASP, ,CA,91.07,9.78,0.0,2.15,1.0,<Residue ASP het=  resseq=184 icode= >,3mkz_N_A,2.98
211,1.215,ASP, ,C,89.91,10.49,0.0,3.00,1.0,<Residue ASP het=  resseq=184 icode= >,3mkz_N_A,2.98
212,11.416,ASP, ,O,89.78,10.55,0.0,2.08,1.0,<Residue ASP het=  resseq=184 icode= >,3mkz_N_A,2.98
213,18.947,ASP, ,CB,93.28,9.60,0.0,0.92,1.0,<Residue ASP het=  resseq=184 icode= >,3mkz_N_A,2.98
214,14.724,ASP, ,CG,99.67,10.09,0.0,0.75,1.0,<Residue ASP het=  resseq=184 icode= >,3mkz_N_A,2.98
215,16.523,ASP, ,OD1,98.12,9.94,0.0,1.14,1.0,<Residue ASP het=  resseq=184 icode= >,3mkz_N_A,2.98
216,41.868,ASP, ,OD2,98.5,9.61,0.0,0.10,1.0,<Residue ASP het=  resseq=184 icode= >,3mkz_N_A,2.98
217,0.233,ALA, ,N,90.67,10.62,0.0,2.23,1.0,<Residue ALA het=  resseq=185 icode= >,3mkz_N_A,2.98
218,12.299,ALA, ,CA,88.94,11.77,0.0,1.54,1.0,<Residue ALA het=  resseq=185 icode= >,3mkz_N_A,2.98
219,0.0,ALA, ,C,88.98,11.04,0.0,1.68,1.0,<Residue ALA het=  resseq=185 icode= >,3mkz_N_A,2.98
220,29.62,ALA, ,O,86.14,11.35,0.0,0.78,1.0,<Residue ALA het=  resseq=185 icode= >,3mkz_N_A,2.98
221,8.25,ALA, ,CB,87.08,11.43,0.0,-0.03,1.0,<Residue ALA het=  resseq=185 icode= >,3mkz_N_A,2.98
222,0.0,GLU, ,N,91.04,9.97,0.0,1.25,1.0,<Residue GLU het=  resseq=186 icode= >,3mkz_N_A,2.98
223,7.983,GLU, ,CA,91.36,9.22,0.0,1.65,1.0,<Residue GLU het=  resseq=186 icode= >,3mkz_N_A,2.98
224,3.017,GLU, ,C,86.81,7.77,0.0,2.95,1.0,<Residue GLU het=  resseq=186 icode= >,3mkz_N_A,2.98
225,0.354,GLU, ,O,83.37,6.90,0.0,1.78,1.0,<Residue GLU het=  resseq=186 icode= >,3mkz_N_A,2.98
226,8.361,GLU, ,CB,96.84,9.38,0.0,0.81,1.0,<Residue GLU het=  resseq=186 icode= >,3mkz_N_A,2.98
227,6.633,GLU, ,CG,99.48,10.87,0.0,0.52,1.0,<Residue GLU het=  resseq=186 icode= >,3mkz_N_A,2.98
228,7.256,GLU, ,CD,98.37,10.65,0.0,1.99,1.0,<Residue GLU het=  resseq=186 icode= >,3mkz_N_A,2.98
229,1.703,GLU, ,OE1,92.9,11.55,0.0,1.08,1.0,<Residue GLU het=  resseq=186 icode= >,3mkz_N_A,2.98
230,17.752,GLU, ,OE2,97.72,9.52,0.0,0.95,1.0,<Residue GLU het=  resseq=186 icode= >,3mkz_N_A,2.98
231,4.763,ASN, ,N,84.0,7.55,0.0,2.71,1.0,<Residue ASN het=  resseq=187 icode= >,3mkz_N_A,2.98
232,0.878,ASN, ,CA,85.22,6.38,0.0,2.87,1.0,<Residue ASN het=  resseq=187 icode= >,3mkz_N_A,2.98
233,0.707,ASN, ,C,84.66,5.11,0.214,3.09,1.0,<Residue ASN het=  resseq=187 icode= >,3mkz_N_A,2.98
234,23.136,ASN, ,O,88.02,4.46,4.255,1.29,1.0,<Residue ASN het=  resseq=187 icode= >,3mkz_N_A,2.98
235,27.138,ASN, ,CB,89.06,6.46,0.0,2.09,1.0,<Residue ASN het=  resseq=187 icode= >,3mkz_N_A,2.98
236,7.799,ASN, ,CG,101.16,6.67,0.0,1.39,1.0,<Residue ASN het=  resseq=187 icode= >,3mkz_N_A,2.98
237,36.262,ASN, ,OD1,103.59,5.87,0.0,0.98,1.0,<Residue ASN het=  resseq=187 icode= >,3mkz_N_A,2.98
238,41.796,ASN, ,ND2,104.81,7.99,0.0,0.58,1.0,<Residue ASN het=  resseq=187 icode= >,3mkz_N_A,2.98
239,3.264,ILE, ,N,80.75,4.97,0.0,2.35,1.0,<Residue ILE het=  resseq=188 icode= >,3mkz_N_A,2.98
240,7.521,ILE, ,CA,79.67,3.72,5.177,2.31,1.0,<Residue ILE het=  resseq=188 icode= >,3mkz_N_A,2.98
241,3.447,ILE, ,C,78.88,3.70,0.0,3.02,1.0,<Residue ILE het=  resseq=188 icode= >,3mkz_N_A,2.98
242,3.056,ILE, ,O,75.16,4.87,0.0,1.44,1.0,<Residue ILE het=  resseq=188 icode= >,3mkz_N_A,2.98
243,1.448,ILE, ,CB,79.22,4.26,0.0,1.44,1.0,<Residue ILE het=  resseq=188 icode= >,3mkz_N_A,2.98
244,15.524,ILE, ,CG1,75.78,3.51,11.729,1.24,1.0,<Residue ILE het=  resseq=188 icode= >,3mkz_N_A,2.98
245,0.0,ILE, ,CG2,81.72,5.21,0.0,0.07,1.0,<Residue ILE het=  resseq=188 icode= >,3mkz_N_A,2.98
246,24.618,ILE, ,CD1,64.92,4.13,11.081,0.26,1.0,<Residue ILE het=  resseq=188 icode= >,3mkz_N_A,2.98
247,4.606,SER, ,N,78.69,2.77,3.544,2.22,1.0,<Residue SER het=  resseq=189 icode= >,3mkz_N_A,2.98
248,9.517,SER, ,CA,80.31,3.60,0.0,2.38,1.0,<Residue SER het=  resseq=189 icode= >,3mkz_N_A,2.98
249,0.0,SER, ,C,81.57,4.72,0.0,3.14,1.0,<Residue SER het=  resseq=189 icode= >,3mkz_N_A,2.98
250,0.0,SER, ,O,78.13,4.81,0.0,1.65,1.0,<Residue SER het=  resseq=189 icode= >,3mkz_N_A,2.98
251,21.649,SER, ,CB,83.39,3.28,18.832,0.55,1.0,<Residue SER het=  resseq=189 icode= >,3mkz_N_A,2.98
252,38.597,SER, ,OG,84.94,2.93,34.094,0.02,1.0,<Residue SER het=  resseq=189 icode= >,3mkz_N_A,2.98
253,2.845,ARG, ,N,82.99,5.88,0.0,1.91,1.0,<Residue ARG het=  resseq=190 icode= >,3mkz_N_A,2.98
254,0.0,ARG, ,CA,82.37,6.28,0.0,2.26,1.0,<Residue ARG het=  resseq=190 icode= >,3mkz_N_A,2.98
255,0.597,ARG, ,C,84.06,5.94,0.0,2.60,1.0,<Residue ARG het=  resseq=190 icode= >,3mkz_N_A,2.98
256,0.0,ARG, ,O,83.67,5.73,0.0,1.60,1.0,<Residue ARG het=  resseq=190 icode= >,3mkz_N_A,2.98
257,2.453,ARG, ,CB,81.66,5.37,0.518,0.18,1.0,<Residue ARG het=  resseq=190 icode= >,3mkz_N_A,2.98
258,8.217,ARG, ,CG,75.65,5.62,0.0,0.61,1.0,<Residue ARG het=  resseq=190 icode= >,3mkz_N_A,2.98
259,7.346,ARG, ,CD,64.27,4.61,2.376,1.52,1.0,<Residue ARG het=  resseq=190 icode= >,3mkz_N_A,2.98
260,17.777,ARG, ,NE,54.78,3.89,6.244,2.72,1.0,<Residue ARG het=  resseq=190 icode= >,3mkz_N_A,2.98
261,5.238,ARG, ,CZ,59.13,3.57,4.447,2.85,1.0,<Residue ARG het=  resseq=190 icode= >,3mkz_N_A,2.98
262,38.008,ARG, ,NH1,54.42,3.15,36.123,1.42,1.0,<Residue ARG het=  resseq=190 icode= >,3mkz_N_A,2.98
263,60.264,ARG, ,NH2,41.89,3.12,52.928,1.98,1.0,<Residue ARG het=  resseq=190 icode= >,3mkz_N_A,2.98
264,2.117,LYS, ,N,83.11,5.36,0.084,1.55,1.0,<Residue LYS het=  resseq=191 icode= >,3mkz_N_A,2.98
265,5.44,LYS, ,CA,76.92,5.10,0.0,2.15,1.0,<Residue LYS het=  resseq=191 icode= >,3mkz_N_A,2.98
266,0.0,LYS, ,C,76.06,5.17,0.0,3.16,1.0,<Residue LYS het=  resseq=191 icode= >,3mkz_N_A,2.98
267,0.0,LYS, ,O,73.11,6.03,0.0,2.13,1.0,<Residue LYS het=  resseq=191 icode= >,3mkz_N_A,2.98
268,13.441,LYS, ,CB,69.19,4.08,10.174,1.13,1.0,<Residue LYS het=  resseq=191 icode= >,3mkz_N_A,2.98
269,6.737,LYS, ,CG,65.56,4.44,0.043,0.63,1.0,<Residue LYS het=  resseq=191 icode= >,3mkz_N_A,2.98
270,16.444,LYS, ,CD,73.04,3.25,16.159,-0.03,1.0,<Residue LYS het=  resseq=191 icode= >,3mkz_N_A,2.98
271,42.658,LYS, ,CE,68.97,2.73,42.353,0.58,1.0,<Residue LYS het=  resseq=191 icode= >,3mkz_N_A,2.98
272,47.302,LYS, ,NZ,64.67,2.86,28.41,0.41,1.0,<Residue LYS het=  resseq=191 icode= >,3mkz_N_A,2.98
273,0.0,ILE, ,N,73.89,4.73,0.0,2.02,1.0,<Residue ILE het=  resseq=192 icode= >,3mkz_N_A,2.98
274,0.0,ILE, ,CA,71.88,5.41,0.0,2.64,1.0,<Residue ILE het=  resseq=192 icode= >,3mkz_N_A,2.98
275,0.0,ILE, ,C,75.37,6.18,0.0,2.88,1.0,<Residue ILE het=  resseq=192 icode= >,3mkz_N_A,2.98
276,0.0,ILE, ,O,73.83,6.41,0.0,1.62,1.0,<Residue ILE het=  resseq=192 icode= >,3mkz_N_A,2.98
277,0.0,ILE, ,CB,68.98,4.53,0.0,1.62,1.0,<Residue ILE het=  resseq=192 icode= >,3mkz_N_A,2.98
278,8.292,ILE, ,CG1,66.86,3.90,8.292,0.60,1.0,<Residue ILE het=  resseq=192 icode= >,3mkz_N_A,2.98
279,1.674,ILE, ,CG2,58.16,3.60,1.297,0.23,1.0,<Residue ILE het=  resseq=192 icode= >,3mkz_N_A,2.98
280,36.404,ILE, ,CD1,68.06,3.75,34.613,-0.40,1.0,<Residue ILE het=  resseq=192 icode= >,3mkz_N_A,2.98
281,0.0,ILE, ,N,76.42,6.86,0.0,1.68,1.0,<Residue ILE het=  resseq=193 icode= >,3mkz_N_A,2.98
282,0.0,ILE, ,CA,71.36,7.80,0.0,2.67,1.0,<Residue ILE het=  resseq=193 icode= >,3mkz_N_A,2.98
283,0.0,ILE, ,C,70.03,7.50,0.0,3.45,1.0,<Residue ILE het=  resseq=193 icode= >,3mkz_N_A,2.98
284,0.0,ILE, ,O,71.43,7.93,0.0,1.73,1.0,<Residue ILE het=  resseq=193 icode= >,3mkz_N_A,2.98
285,0.0,ILE, ,CB,67.52,7.93,0.0,2.28,1.0,<Residue ILE het=  resseq=193 icode= >,3mkz_N_A,2.98
286,0.0,ILE, ,CG1,69.24,7.88,0.0,1.46,1.0,<Residue ILE het=  resseq=193 icode= >,3mkz_N_A,2.98
287,1.66,ILE, ,CG2,61.21,8.34,0.0,0.70,1.0,<Residue ILE het=  resseq=193 icode= >,3mkz_N_A,2.98
288,0.0,ILE, ,CD1,76.9,8.55,0.0,-0.38,1.0,<Residue ILE het=  resseq=193 icode= >,3mkz_N_A,2.98
289,0.0,THR, ,N,66.72,6.41,0.0,2.80,1.0,<Residue THR het=  resseq=194 icode= >,3mkz_N_A,2.98
290,5.345,THR, ,CA,70.36,5.87,0.0,2.81,1.0,<Residue THR het=  resseq=194 icode= >,3mkz_N_A,2.98
291,0.0,THR, ,C,73.5,6.95,0.0,3.22,1.0,<Residue THR het=  resseq=194 icode= >,3mkz_N_A,2.98
292,0.064,THR, ,O,68.18,7.15,0.0,2.02,1.0,<Residue THR het=  resseq=194 icode= >,3mkz_N_A,2.98
293,1.666,THR, ,CB,72.12,5.02,0.0,2.04,1.0,<Residue THR het=  resseq=194 icode= >,3mkz_N_A,2.98
294,20.04,THR, ,OG1,75.73,3.71,16.179,0.27,1.0,<Residue THR het=  resseq=194 icode= >,3mkz_N_A,2.98
295,17.441,THR, ,CG2,69.23,5.51,8.124,0.63,1.0,<Residue THR het=  resseq=194 icode= >,3mkz_N_A,2.98
296,0.0,ARG, ,N,77.4,7.90,0.0,2.06,1.0,<Residue ARG het=  resseq=195 icode= >,3mkz_N_A,2.98
297,0.0,ARG, ,CA,72.02,7.77,0.0,3.02,1.0,<Residue ARG het=  resseq=195 icode= >,3mkz_N_A,2.98
298,0.0,ARG, ,C,72.6,7.83,0.0,3.34,1.0,<Residue ARG het=  resseq=195 icode= >,3mkz_N_A,2.98
299,0.0,ARG, ,O,76.19,8.19,0.0,1.65,1.0,<Residue ARG het=  resseq=195 icode= >,3mkz_N_A,2.98
300,0.0,ARG, ,CB,68.61,6.48,0.0,1.64,1.0,<Residue ARG het=  resseq=195 icode= >,3mkz_N_A,2.98
301,1.39,ARG, ,CG,66.22,6.50,0.0,1.33,1.0,<Residue ARG het=  resseq=195 icode= >,3mkz_N_A,2.98
302,0.049,ARG, ,CD,67.15,5.20,0.049,0.67,1.0,<Residue ARG het=  resseq=195 icode= >,3mkz_N_A,2.98
303,8.456,ARG, ,NE,63.76,5.16,0.0,1.67,1.0,<Residue ARG het=  resseq=195 icode= >,3mkz_N_A,2.98
304,0.0,ARG, ,CZ,62.46,3.84,0.0,3.00,1.0,<Residue ARG het=  resseq=195 icode= >,3mkz_N_A,2.98
305,15.207,ARG, ,NH1,56.57,3.21,14.609,1.37,1.0,<Residue ARG het=  resseq=195 icode= >,3mkz_N_A,2.98
306,16.344,ARG, ,NH2,60.21,3.56,8.325,1.05,1.0,<Residue ARG het=  resseq=195 icode= >,3mkz_N_A,2.98
307,0.0,CYS, ,N,70.03,7.63,0.0,2.62,1.0,<Residue CYS het=  resseq=196 icode= >,3mkz_N_A,2.98
308,0.0,CYS, ,CA,73.94,7.90,0.0,2.49,1.0,<Residue CYS het=  resseq=196 icode= >,3mkz_N_A,2.98
309,0.0,CYS, ,C,75.11,9.33,0.0,2.77,1.0,<Residue CYS het=  resseq=196 icode= >,3mkz_N_A,2.98
310,0.0,CYS, ,O,72.64,9.47,0.0,1.81,1.0,<Residue CYS het=  resseq=196 icode= >,3mkz_N_A,2.98
311,0.0,CYS, ,CB,76.26,7.02,0.0,1.48,1.0,<Residue CYS het=  resseq=196 icode= >,3mkz_N_A,2.98
312,0.397,CYS, ,SG,81.83,5.27,0.042,1.78,1.0,<Residue CYS het=  resseq=196 icode= >,3mkz_N_A,2.98
313,0.0,ILE, ,N,76.39,9.81,0.0,1.56,1.0,<Residue ILE het=  resseq=197 icode= >,3mkz_N_A,2.98
314,0.0,ILE, ,CA,73.39,9.56,0.0,1.88,1.0,<Residue ILE het=  resseq=197 icode= >,3mkz_N_A,2.98
315,0.0,ILE, ,C,71.54,9.61,0.0,3.40,1.0,<Residue ILE het=  resseq=197 icode= >,3mkz_N_A,2.98
316,0.0,ILE, ,O,73.65,10.41,0.0,1.56,1.0,<Residue ILE het=  resseq=197 icode= >,3mkz_N_A,2.98
317,2.145,ILE, ,CB,69.59,8.30,0.0,2.25,1.0,<Residue ILE het=  resseq=197 icode= >,3mkz_N_A,2.98
318,5.104,ILE, ,CG1,67.8,8.51,0.0,1.41,1.0,<Residue ILE het=  resseq=197 icode= >,3mkz_N_A,2.98
319,13.446,ILE, ,CG2,67.76,8.42,0.0,0.55,1.0,<Residue ILE het=  resseq=197 icode= >,3mkz_N_A,2.98
320,0.357,ILE, ,CD1,72.19,9.53,0.0,-0.04,1.0,<Residue ILE het=  resseq=197 icode= >,3mkz_N_A,2.98
321,0.0,ASN, ,N,68.11,8.95,0.0,3.18,1.0,<Residue ASN het=  resseq=198 icode= >,3mkz_N_A,2.98
322,0.0,ASN, ,CA,71.17,9.24,0.0,3.53,1.0,<Residue ASN het=  resseq=198 icode= >,3mkz_N_A,2.98
323,0.0,ASN, ,C,73.09,10.73,0.0,3.80,1.0,<Residue ASN het=  resseq=198 icode= >,3mkz_N_A,2.98
324,0.0,ASN, ,O,72.62,11.37,0.0,2.06,1.0,<Residue ASN het=  resseq=198 icode= >,3mkz_N_A,2.98
325,0.0,ASN, ,CB,76.07,8.62,0.0,2.14,1.0,<Residue ASN het=  resseq=198 icode= >,3mkz_N_A,2.98
326,0.911,ASN, ,CG,82.81,7.39,0.0,2.39,1.0,<Residue ASN het=  resseq=198 icode= >,3mkz_N_A,2.98
327,7.924,ASN, ,OD1,89.56,7.28,0.0,1.06,1.0,<Residue ASN het=  resseq=198 icode= >,3mkz_N_A,2.98
328,8.359,ASN, ,ND2,89.48,6.56,0.0,0.67,1.0,<Residue ASN het=  resseq=198 icode= >,3mkz_N_A,2.98
329,0.0,THR, ,N,74.37,10.19,0.0,2.88,1.0,<Residue THR het=  resseq=199 icode= >,3mkz_N_A,2.98
330,0.0,THR, ,CA,76.46,9.84,0.0,3.00,1.0,<Residue THR het=  resseq=199 icode= >,3mkz_N_A,2.98
331,0.0,THR, ,C,77.14,10.88,0.0,3.17,1.0,<Residue THR het=  resseq=199 icode= >,3mkz_N_A,2.98
332,0.0,THR, ,O,71.74,11.54,0.0,2.21,1.0,<Residue THR het=  resseq=199 icode= >,3mkz_N_A,2.98
333,0.0,THR, ,CB,77.36,8.42,0.0,2.74,1.0,<Residue THR het=  resseq=199 icode= >,3mkz_N_A,2.98
334,0.0,THR, ,OG1,77.79,7.63,0.0,1.28,1.0,<Residue THR het=  resseq=199 icode= >,3mkz_N_A,2.98
335,0.0,THR, ,CG2,76.89,8.27,0.0,0.45,1.0,<Residue THR het=  resseq=199 icode= >,3mkz_N_A,2.98
336,0.0,ALA, ,N,77.84,11.22,0.0,2.26,1.0,<Residue ALA het=  resseq=200 icode= >,3mkz_N_A,2.98
337,0.0,ALA, ,CA,79.0,12.36,0.0,2.46,1.0,<Residue ALA het=  resseq=200 icode= >,3mkz_N_A,2.98
338,1.529,ALA, ,C,79.36,13.65,0.0,2.89,1.0,<Residue ALA het=  resseq=200 icode= >,3mkz_N_A,2.98
339,9.326,ALA, ,O,78.71,14.42,0.0,1.44,1.0,<Residue ALA het=  resseq=200 icode= >,3mkz_N_A,2.98
340,6.305,ALA, ,CB,77.6,12.71,0.0,0.87,1.0,<Residue ALA het=  resseq=200 icode= >,3mkz_N_A,2.98
341,0.086,LYS, ,N,78.91,12.61,0.0,2.38,1.0,<Residue LYS het=  resseq=201 icode= >,3mkz_N_A,2.98
342,10.609,LYS, ,CA,82.45,12.77,0.0,2.37,1.0,<Residue LYS het=  resseq=201 icode= >,3mkz_N_A,2.98
343,1.426,LYS, ,C,85.31,13.86,0.0,2.77,1.0,<Residue LYS het=  resseq=201 icode= >,3mkz_N_A,2.98
344,18.003,LYS, ,O,86.55,14.33,0.0,1.35,1.0,<Residue LYS het=  resseq=201 icode= >,3mkz_N_A,2.98
345,9.431,LYS, ,CB,83.91,11.48,0.0,1.25,1.0,<Residue LYS het=  resseq=201 icode= >,3mkz_N_A,2.98
346,14.318,LYS, ,CG,87.64,10.45,0.0,0.58,1.0,<Residue LYS het=  resseq=201 icode= >,3mkz_N_A,2.98
347,13.707,LYS, ,CD,89.8,9.16,0.0,0.80,1.0,<Residue LYS het=  resseq=201 icode= >,3mkz_N_A,2.98
348,25.025,LYS, ,CE,96.42,8.38,0.0,0.03,1.0,<Residue LYS het=  resseq=201 icode= >,3mkz_N_A,2.98
349,42.642,LYS, ,NZ,97.61,7.03,0.0,0.32,1.0,<Residue LYS het=  resseq=201 icode= >,3mkz_N_A,2.98
350,0.0,LEU, ,N,88.98,14.39,0.0,2.32,1.0,<Residue LEU het=  resseq=202 icode= >,3mkz_N_A,2.98
351,0.329,LEU, ,CA,88.37,14.69,0.0,2.62,1.0,<Residue LEU het=  resseq=202 icode= >,3mkz_N_A,2.98
352,0.609,LEU, ,C,92.26,15.54,0.0,3.25,1.0,<Residue LEU het=  resseq=202 icode= >,3mkz_N_A,2.98
353,3.403,LEU, ,O,91.13,15.39,0.0,1.94,1.0,<Residue LEU het=  resseq=202 icode= >,3mkz_N_A,2.98
354,0.0,LEU, ,CB,80.81,13.35,0.0,1.95,1.0,<Residue LEU het=  resseq=202 icode= >,3mkz_N_A,2.98
355,0.0,LEU, ,CG,79.58,12.36,0.0,1.65,1.0,<Residue LEU het=  resseq=202 icode= >,3mkz_N_A,2.98
356,0.142,LEU, ,CD1,82.51,10.96,0.0,-0.18,1.0,<Residue LEU het=  resseq=202 icode= >,3mkz_N_A,2.98
357,1.293,LEU, ,CD2,67.47,12.70,0.0,0.75,1.0,<Residue LEU het=  resseq=202 icode= >,3mkz_N_A,2.98
358,0.0,PRO, ,N,94.39,16.40,0.0,3.18,1.0,<Residue PRO het=  resseq=203 icode= >,3mkz_N_A,2.98
359,12.134,PRO, ,CA,94.22,17.44,0.0,2.73,1.0,<Residue PRO het=  resseq=203 icode= >,3mkz_N_A,2.98
360,0.0,PRO, ,C,93.46,16.93,0.0,3.17,1.0,<Residue PRO het=  resseq=203 icode= >,3mkz_N_A,2.98
361,0.0,PRO, ,O,92.24,15.98,0.0,1.86,1.0,<Residue PRO het=  resseq=203 icode= >,3mkz_N_A,2.98
362,2.212,PRO, ,CB,95.06,17.77,0.0,1.21,1.0,<Residue PRO het=  resseq=203 icode= >,3mkz_N_A,2.98
363,1.299,PRO, ,CG,101.61,17.65,0.0,0.19,1.0,<Residue PRO het=  resseq=203 icode= >,3mkz_N_A,2.98
364,2.41,PRO, ,CD,98.1,16.37,0.0,0.73,1.0,<Residue PRO het=  resseq=203 icode= >,3mkz_N_A,2.98
365,5.65,LYS, ,N,95.52,17.36,0.0,1.96,1.0,<Residue LYS het=  resseq=204 icode= >,3mkz_N_A,2.98
366,0.0,LYS, ,CA,98.07,16.96,0.0,1.69,1.0,<Residue LYS het=  resseq=204 icode= >,3mkz_N_A,2.98
367,0.248,LYS, ,C,97.17,17.41,0.0,2.88,1.0,<Residue LYS het=  resseq=204 icode= >,3mkz_N_A,2.98
368,0.287,LYS, ,O,93.67,16.99,0.0,1.65,1.0,<Residue LYS het=  resseq=204 icode= >,3mkz_N_A,2.98
369,14.058,LYS, ,CB,99.44,17.68,0.0,0.60,1.0,<Residue LYS het=  resseq=204 icode= >,3mkz_N_A,2.98
370,14.576,LYS, ,CG,103.5,19.20,0.0,0.19,1.0,<Residue LYS het=  resseq=204 icode= >,3mkz_N_A,2.98
371,33.792,LYS, ,CD,105.3,19.88,0.0,-0.14,1.0,<Residue LYS het=  resseq=204 icode= >,3mkz_N_A,2.98
372,47.246,LYS, ,CE,102.96,21.41,0.0,-0.01,1.0,<Residue LYS het=  resseq=204 icode= >,3mkz_N_A,2.98
373,46.905,LYS, ,NZ,98.25,22.18,0.0,0.07,1.0,<Residue LYS het=  resseq=204 icode= >,3mkz_N_A,2.98
374,0.34,SER, ,N,97.43,18.27,0.0,2.89,1.0,<Residue SER het=  resseq=205 icode= >,3mkz_N_A,2.98
375,7.919,SER, ,CA,99.28,18.52,0.0,2.21,1.0,<Residue SER het=  resseq=205 icode= >,3mkz_N_A,2.98
376,0.0,SER, ,C,100.02,17.25,0.0,2.38,1.0,<Residue SER het=  resseq=205 icode= >,3mkz_N_A,2.98
377,0.0,SER, ,O,98.57,17.34,0.0,1.36,1.0,<Residue SER het=  resseq=205 icode= >,3mkz_N_A,2.98
378,34.052,SER, ,CB,96.09,19.47,0.0,1.12,1.0,<Residue SER het=  resseq=205 icode= >,3mkz_N_A,2.98
379,0.788,SER, ,OG,96.31,19.05,0.0,0.44,1.0,<Residue SER het=  resseq=205 icode= >,3mkz_N_A,2.98
380,0.0,VAL, ,N,100.52,16.16,0.0,1.91,1.0,<Residue VAL het=  resseq=206 icode= >,3mkz_N_A,2.98
381,0.0,VAL, ,CA,94.3,14.88,0.0,2.54,1.0,<Residue VAL het=  resseq=206 icode= >,3mkz_N_A,2.98
382,0.0,VAL, ,C,92.58,14.11,0.0,2.96,1.0,<Residue VAL het=  resseq=206 icode= >,3mkz_N_A,2.98
383,0.0,VAL, ,O,93.77,13.69,0.0,1.46,1.0,<Residue VAL het=  resseq=206 icode= >,3mkz_N_A,2.98
384,0.0,VAL, ,CB,91.43,14.10,0.0,1.64,1.0,<Residue VAL het=  resseq=206 icode= >,3mkz_N_A,2.98
385,0.598,VAL, ,CG1,84.8,13.02,0.0,0.21,1.0,<Residue VAL het=  resseq=206 icode= >,3mkz_N_A,2.98
386,0.0,VAL, ,CG2,94.51,15.12,0.0,-0.31,1.0,<Residue VAL het=  resseq=206 icode= >,3mkz_N_A,2.98
387,0.0,VAL, ,N,91.99,14.08,0.0,2.05,1.0,<Residue VAL het=  resseq=207 icode= >,3mkz_N_A,2.98
388,0.0,VAL, ,CA,91.02,13.47,0.0,1.44,1.0,<Residue VAL het=  resseq=207 icode= >,3mkz_N_A,2.98
389,0.0,VAL, ,C,93.96,14.19,0.0,2.10,1.0,<Residue VAL het=  resseq=207 icode= >,3mkz_N_A,2.98
390,1.322,VAL, ,O,94.31,13.68,0.0,1.15,1.0,<Residue VAL het=  resseq=207 icode= >,3mkz_N_A,2.98
391,1.584,VAL, ,CB,84.84,13.16,0.0,1.36,1.0,<Residue VAL het=  resseq=207 icode= >,3mkz_N_A,2.98
392,9.836,VAL, ,CG1,73.33,12.33,0.0,0.33,1.0,<Residue VAL het=  resseq=207 icode= >,3mkz_N_A,2.98
393,0.069,VAL, ,CG2,81.15,12.62,0.0,0.01,1.0,<Residue VAL het=  resseq=207 icode= >,3mkz_N_A,2.98
394,0.11,ALA, ,N,95.89,15.47,0.0,1.97,1.0,<Residue ALA het=  resseq=208 icode= >,3mkz_N_A,2.98
395,9.534,ALA, ,CA,98.36,16.34,0.0,1.66,1.0,<Residue ALA het=  resseq=208 icode= >,3mkz_N_A,2.98
396,0.015,ALA, ,C,98.26,16.35,0.0,2.26,1.0,<Residue ALA het=  resseq=208 icode= >,3mkz_N_A,2.98
397,16.248,ALA, ,O,96.27,17.28,0.0,1.13,1.0,<Residue ALA het=  resseq=208 icode= >,3mkz_N_A,2.98
398,49.147,ALA, ,CB,99.67,17.61,0.0,-0.41,1.0,<Residue ALA het=  resseq=208 icode= >,3mkz_N_A,2.98
399,0.0,LEU, ,N,97.45,15.32,0.0,2.54,1.0,<Residue LEU het=  resseq=209 icode= >,3mkz_N_A,2.98
400,0.0,LEU, ,CA,95.95,15.23,0.0,2.20,1.0,<Residue LEU het=  resseq=209 icode= >,3mkz_N_A,2.98
401,0.0,LEU, ,C,95.35,14.32,0.0,2.37,1.0,<Residue LEU het=  resseq=209 icode= >,3mkz_N_A,2.98
402,3.142,LEU, ,O,95.17,14.31,0.0,0.81,1.0,<Residue LEU het=  resseq=209 icode= >,3mkz_N_A,2.98
403,0.0,LEU, ,CB,91.71,14.83,0.0,1.40,1.0,<Residue LEU het=  resseq=209 icode= >,3mkz_N_A,2.98
404,0.0,LEU, ,CG,87.68,14.81,0.0,0.86,1.0,<Residue LEU het=  resseq=209 icode= >,3mkz_N_A,2.98
405,0.0,LEU, ,CD1,89.51,16.18,0.0,-0.32,1.0,<Residue LEU het=  resseq=209 icode= >,3mkz_N_A,2.98
406,0.0,LEU, ,CD2,84.87,14.66,0.0,0.34,1.0,<Residue LEU het=  resseq=209 icode= >,3mkz_N_A,2.98
407,0.0,PHE, ,N,95.88,13.70,0.0,2.27,1.0,<Residue PHE het=  resseq=210 icode= >,3mkz_N_A,2.98
408,1.209,PHE, ,CA,96.44,12.95,0.0,2.10,1.0,<Residue PHE het=  resseq=210 icode= >,3mkz_N_A,2.98
409,0.0,PHE, ,C,98.76,13.88,0.0,2.15,1.0,<Residue PHE het=  resseq=210 icode= >,3mkz_N_A,2.98
410,12.438,PHE, ,O,96.85,14.78,0.0,1.75,1.0,<Residue PHE het=  resseq=210 icode= >,3mkz_N_A,2.98
411,0.0,PHE, ,CB,94.53,11.68,0.0,1.03,1.0,<Residue PHE het=  resseq=210 icode= >,3mkz_N_A,2.98
412,0.0,PHE, ,CG,90.31,10.55,0.0,1.84,1.0,<Residue PHE het=  resseq=210 icode= >,3mkz_N_A,2.98
413,0.0,PHE, ,CD1,87.74,10.64,0.0,1.01,1.0,<Residue PHE het=  resseq=210 icode= >,3mkz_N_A,2.98
414,0.401,PHE, ,CD2,88.28,9.62,0.0,1.19,1.0,<Residue PHE het=  resseq=210 icode= >,3mkz_N_A,2.98
415,2.103,PHE, ,CE1,87.61,9.85,0.0,0.70,1.0,<Residue PHE het=  resseq=210 icode= >,3mkz_N_A,2.98
416,0.0,PHE, ,CE2,87.14,8.74,0.0,0.71,1.0,<Residue PHE het=  resseq=210 icode= >,3mkz_N_A,2.98
417,0.259,PHE, ,CZ,85.28,8.87,0.0,0.77,1.0,<Residue PHE het=  resseq=210 icode= >,3mkz_N_A,2.98
418,0.261,SER, ,N,101.96,13.73,0.0,1.88,1.0,<Residue SER het=  resseq=211 icode= >,3mkz_N_A,2.98
419,10.083,SER, ,CA,104.21,14.68,0.0,1.46,1.0,<Residue SER het=  resseq=211 icode= >,3mkz_N_A,2.98
420,2.59,SER, ,C,105.28,14.48,0.0,2.14,1.0,<Residue SER het=  resseq=211 icode= >,3mkz_N_A,2.98
421,26.356,SER, ,O,103.58,15.17,0.0,1.52,1.0,<Residue SER het=  resseq=211 icode= >,3mkz_N_A,2.98
422,30.747,SER, ,CB,102.22,14.46,0.0,0.96,1.0,<Residue SER het=  resseq=211 icode= >,3mkz_N_A,2.98
423,14.398,SER, ,OG,92.71,13.74,0.0,1.38,1.0,<Residue SER het=  resseq=211 icode= >,3mkz_N_A,2.98
424,0.0,HIS, ,N,107.46,13.35,0.0,1.95,1.0,<Residue HIS het=  resseq=212 icode= >,3mkz_N_A,2.98
425,5.33,HIS, ,CA,109.4,12.80,0.0,2.31,1.0,<Residue HIS het=  resseq=212 icode= >,3mkz_N_A,2.98
426,0.0,HIS, ,C,109.01,11.48,0.0,2.40,1.0,<Residue HIS het=  resseq=212 icode= >,3mkz_N_A,2.98
427,0.0,HIS, ,O,111.73,10.62,0.0,1.10,1.0,<Residue HIS het=  resseq=212 icode= >,3mkz_N_A,2.98
428,16.455,HIS, ,CB,113.48,12.71,0.0,1.72,1.0,<Residue HIS het=  resseq=212 icode= >,3mkz_N_A,2.98
429,2.538,HIS, ,CG,120.58,11.81,0.0,1.75,1.0,<Residue HIS het=  resseq=212 icode= >,3mkz_N_A,2.98
430,10.074,HIS, ,ND1,124.74,12.02,0.0,0.76,1.0,<Residue HIS het=  resseq=212 icode= >,3mkz_N_A,2.98
431,19.549,HIS, ,CD2,121.95,10.90,0.0,0.96,1.0,<Residue HIS het=  resseq=212 icode= >,3mkz_N_A,2.98
432,23.914,HIS, ,CE1,124.62,11.28,0.0,0.34,1.0,<Residue HIS het=  resseq=212 icode= >,3mkz_N_A,2.98
433,20.211,HIS, ,NE2,123.34,10.56,0.0,0.70,1.0,<Residue HIS het=  resseq=212 icode= >,3mkz_N_A,2.98
434,0.088,PRO, ,N,105.51,11.42,0.0,2.77,1.0,<Residue PRO het=  resseq=213 icode= >,3mkz_N_A,2.98
435,0.0,PRO, ,CA,101.2,10.37,0.0,2.39,1.0,<Residue PRO het=  resseq=213 icode= >,3mkz_N_A,2.98
436,0.0,PRO, ,C,99.36,8.92,0.0,2.55,1.0,<Residue PRO het=  resseq=213 icode= >,3mkz_N_A,2.98
437,0.0,PRO, ,O,100.76,8.00,0.0,1.00,1.0,<Residue PRO het=  resseq=213 icode= >,3mkz_N_A,2.98
438,7.404,PRO, ,CB,100.69,10.93,0.0,0.72,1.0,<Residue PRO het=  resseq=213 icode= >,3mkz_N_A,2.98
439,21.045,PRO, ,CG,99.82,11.63,0.0,0.67,1.0,<Residue PRO het=  resseq=213 icode= >,3mkz_N_A,2.98
440,24.629,PRO, ,CD,105.49,12.36,0.0,1.21,1.0,<Residue PRO het=  resseq=213 icode= >,3mkz_N_A,2.98
441,0.0,GLY, ,N,93.94,8.86,0.0,2.73,1.0,<Residue GLY het=  resseq=214 icode= >,3mkz_N_A,2.98
442,10.064,GLY, ,CA,89.64,7.67,0.0,2.00,1.0,<Residue GLY het=  resseq=214 icode= >,3mkz_N_A,2.98
443,3.404,GLY, ,C,88.56,7.19,0.0,3.00,1.0,<Residue GLY het=  resseq=214 icode= >,3mkz_N_A,2.98
444,22.507,GLY, ,O,84.99,6.12,0.0,1.70,1.0,<Residue GLY het=  resseq=214 icode= >,3mkz_N_A,2.98
445,0.0,GLU, ,N,91.2,8.18,0.0,2.91,1.0,<Residue GLU het=  resseq=215 icode= >,3mkz_N_A,2.98
446,7.584,GLU, ,CA,93.5,8.25,0.0,2.35,1.0,<Residue GLU het=  resseq=215 icode= >,3mkz_N_A,2.98
447,0.0,GLU, ,C,90.43,7.35,0.0,2.43,1.0,<Residue GLU het=  resseq=215 icode= >,3mkz_N_A,2.98
448,14.158,GLU, ,O,89.37,6.30,0.0,1.07,1.0,<Residue GLU het=  resseq=215 icode= >,3mkz_N_A,2.98
449,0.0,GLU, ,CB,102.09,9.44,0.0,1.05,1.0,<Residue GLU het=  resseq=215 icode= >,3mkz_N_A,2.98
450,15.732,GLU, ,CG,115.44,10.53,0.0,0.93,1.0,<Residue GLU het=  resseq=215 icode= >,3mkz_N_A,2.98
451,1.147,GLU, ,CD,124.59,11.40,0.0,0.51,1.0,<Residue GLU het=  resseq=215 icode= >,3mkz_N_A,2.98
452,27.271,GLU, ,OE1,129.61,12.25,0.0,0.10,1.0,<Residue GLU het=  resseq=215 icode= >,3mkz_N_A,2.98
453,0.127,GLU, ,OE2,126.48,11.38,0.0,0.50,1.0,<Residue GLU het=  resseq=215 icode= >,3mkz_N_A,2.98
454,0.0,LEU, ,N,86.14,7.41,0.0,2.46,1.0,<Residue LEU het=  resseq=216 icode= >,3mkz_N_A,2.98
455,0.0,LEU, ,CA,80.71,6.94,0.0,3.25,1.0,<Residue LEU het=  resseq=216 icode= >,3mkz_N_A,2.98
456,0.0,LEU, ,C,80.65,5.64,0.0,3.92,1.0,<Residue LEU het=  resseq=216 icode= >,3mkz_N_A,2.98
457,0.078,LEU, ,O,83.02,5.37,0.0,2.43,1.0,<Residue LEU het=  resseq=216 icode= >,3mkz_N_A,2.98
458,0.0,LEU, ,CB,75.6,8.01,0.0,1.93,1.0,<Residue LEU het=  resseq=216 icode= >,3mkz_N_A,2.98
459,0.0,LEU, ,CG,78.05,7.72,0.0,1.50,1.0,<Residue LEU het=  resseq=216 icode= >,3mkz_N_A,2.98
460,1.929,LEU, ,CD1,71.85,6.98,0.0,0.35,1.0,<Residue LEU het=  resseq=216 icode= >,3mkz_N_A,2.98
461,0.319,LEU, ,CD2,76.03,9.01,0.0,-0.28,1.0,<Residue LEU het=  resseq=216 icode= >,3mkz_N_A,2.98
462,0.225,SER, ,N,81.86,4.98,0.0,2.78,1.0,<Residue SER het=  resseq=217 icode= >,3mkz_N_A,2.98
463,3.903,SER, ,CA,82.76,3.61,2.335,3.01,1.0,<Residue SER het=  resseq=217 icode= >,3mkz_N_A,2.98
464,0.0,SER, ,C,82.66,3.88,0.0,3.02,1.0,<Residue SER het=  resseq=217 icode= >,3mkz_N_A,2.98
465,0.0,SER, ,O,79.08,5.04,0.0,2.18,1.0,<Residue SER het=  resseq=217 icode= >,3mkz_N_A,2.98
466,38.361,SER, ,CB,84.37,3.35,28.437,1.47,1.0,<Residue SER het=  resseq=217 icode= >,3mkz_N_A,2.98
467,7.913,SER, ,OG,83.77,2.58,7.864,1.22,1.0,<Residue SER het=  resseq=217 icode= >,3mkz_N_A,2.98
468,1.88,ALA, ,N,80.79,3.16,1.88,2.25,1.0,<Residue ALA het=  resseq=218 icode= >,3mkz_N_A,2.98
469,0.0,ALA, ,CA,76.99,4.00,0.0,2.51,1.0,<Residue ALA het=  resseq=218 icode= >,3mkz_N_A,2.98
470,0.0,ALA, ,C,73.75,3.92,0.0,3.41,1.0,<Residue ALA het=  resseq=218 icode= >,3mkz_N_A,2.98
471,0.0,ALA, ,O,75.7,5.05,0.0,1.41,1.0,<Residue ALA het=  resseq=218 icode= >,3mkz_N_A,2.98
472,16.614,ALA, ,CB,79.94,3.84,12.138,0.33,1.0,<Residue ALA het=  resseq=218 icode= >,3mkz_N_A,2.98
473,1.427,ARG, ,N,72.15,2.93,1.427,2.62,1.0,<Residue ARG het=  resseq=219 icode= >,3mkz_N_A,2.98
474,0.033,ARG, ,CA,72.45,3.62,0.0,3.15,1.0,<Residue ARG het=  resseq=219 icode= >,3mkz_N_A,2.98
475,0.801,ARG, ,C,74.04,4.72,0.228,3.91,1.0,<Residue ARG het=  resseq=219 icode= >,3mkz_N_A,2.98
476,5.909,ARG, ,O,75.7,5.40,0.0,1.54,1.0,<Residue ARG het=  resseq=219 icode= >,3mkz_N_A,2.98
477,11.725,ARG, ,CB,72.18,3.14,11.725,1.22,1.0,<Residue ARG het=  resseq=219 icode= >,3mkz_N_A,2.98
478,7.817,ARG, ,CG,75.5,4.18,0.0,0.77,1.0,<Residue ARG het=  resseq=219 icode= >,3mkz_N_A,2.98
479,35.22,ARG, ,CD,80.42,3.36,29.229,1.00,1.0,<Residue ARG het=  resseq=219 icode= >,3mkz_N_A,2.98
480,19.875,ARG, ,NE,75.56,3.60,7.018,1.72,1.0,<Residue ARG het=  resseq=219 icode= >,3mkz_N_A,2.98
481,4.708,ARG, ,CZ,76.19,3.43,4.524,2.49,1.0,<Residue ARG het=  resseq=219 icode= >,3mkz_N_A,2.98
482,24.805,ARG, ,NH1,74.7,2.37,24.805,1.00,1.0,<Residue ARG het=  resseq=219 icode= >,3mkz_N_A,2.98
483,50.178,ARG, ,NH2,72.93,3.08,35.987,1.16,1.0,<Residue ARG het=  resseq=219 icode= >,3mkz_N_A,2.98
484,0.119,SER, ,N,77.09,3.87,0.119,3.38,1.0,<Residue SER het=  resseq=220 icode= >,3mkz_N_A,2.98
485,2.97,SER, ,CA,78.61,4.15,0.779,3.16,1.0,<Residue SER het=  resseq=220 icode= >,3mkz_N_A,2.98
486,0.0,SER, ,C,77.39,5.53,0.0,3.37,1.0,<Residue SER het=  resseq=220 icode= >,3mkz_N_A,2.98
487,0.0,SER, ,O,77.05,6.39,0.0,1.55,1.0,<Residue SER het=  resseq=220 icode= >,3mkz_N_A,2.98
488,18.528,SER, ,CB,82.31,3.33,10.089,1.49,1.0,<Residue SER het=  resseq=220 icode= >,3mkz_N_A,2.98
489,2.136,SER, ,OG,90.67,3.10,1.243,0.97,1.0,<Residue SER het=  resseq=220 icode= >,3mkz_N_A,2.98
490,0.0,GLY, ,N,76.51,5.99,0.0,2.72,1.0,<Residue GLY het=  resseq=221 icode= >,3mkz_N_A,2.98
491,0.0,GLY, ,CA,75.73,7.41,0.0,1.67,1.0,<Residue GLY het=  resseq=221 icode= >,3mkz_N_A,2.98
492,0.0,GLY, ,C,74.66,8.27,0.0,2.88,1.0,<Residue GLY het=  resseq=221 icode= >,3mkz_N_A,2.98
493,0.0,GLY, ,O,75.99,9.12,0.0,1.88,1.0,<Residue GLY het=  resseq=221 icode= >,3mkz_N_A,2.98
494,0.0,ASP, ,N,71.37,7.76,0.0,2.60,1.0,<Residue ASP het=  resseq=222 icode= >,3mkz_N_A,2.98
495,0.0,ASP, ,CA,66.92,8.46,0.0,2.83,1.0,<Residue ASP het=  resseq=222 icode= >,3mkz_N_A,2.98
496,0.0,ASP, ,C,61.12,8.14,0.0,4.23,1.0,<Residue ASP het=  resseq=222 icode= >,3mkz_N_A,2.98
497,0.0,ASP, ,O,61.22,7.50,0.0,2.04,1.0,<Residue ASP het=  resseq=222 icode= >,3mkz_N_A,2.98
498,0.621,ASP, ,CB,71.84,7.67,0.0,1.60,1.0,<Residue ASP het=  resseq=222 icode= >,3mkz_N_A,2.98
499,3.919,ASP, ,CG,80.68,6.14,0.0,2.18,1.0,<Residue ASP het=  resseq=222 icode= >,3mkz_N_A,2.98
500,6.06,ASP, ,OD1,78.97,5.59,0.0,1.25,1.0,<Residue ASP het=  resseq=222 icode= >,3mkz_N_A,2.98
501,1.181,ASP, ,OD2,85.05,5.70,0.0,0.71,1.0,<Residue ASP het=  resseq=222 icode= >,3mkz_N_A,2.98
502,0.0,ALA, ,N,63.22,8.20,0.0,2.62,1.0,<Residue ALA het=  resseq=223 icode= >,3mkz_N_A,2.98
503,6.474,ALA, ,CA,67.14,8.34,0.0,2.81,1.0,<Residue ALA het=  resseq=223 icode= >,3mkz_N_A,2.98
504,1.322,ALA, ,C,71.4,9.21,0.0,3.38,1.0,<Residue ALA het=  resseq=223 icode= >,3mkz_N_A,2.98
505,5.185,ALA, ,O,70.01,9.58,0.0,1.81,1.0,<Residue ALA het=  resseq=223 icode= >,3mkz_N_A,2.98
506,38.533,ALA, ,CB,64.38,7.00,0.0,0.12,1.0,<Residue ALA het=  resseq=223 icode= >,3mkz_N_A,2.98
507,0.17,LEU, ,N,76.59,8.95,0.0,2.73,1.0,<Residue LEU het=  resseq=224 icode= >,3mkz_N_A,2.98
508,0.806,LEU, ,CA,81.71,9.91,0.0,2.78,1.0,<Residue LEU het=  resseq=224 icode= >,3mkz_N_A,2.98
509,0.0,LEU, ,C,82.77,11.27,0.0,2.90,1.0,<Residue LEU het=  resseq=224 icode= >,3mkz_N_A,2.98
510,0.0,LEU, ,O,81.09,11.24,0.0,2.21,1.0,<Residue LEU het=  resseq=224 icode= >,3mkz_N_A,2.98
511,0.045,LEU, ,CB,82.27,9.61,0.0,1.47,1.0,<Residue LEU het=  resseq=224 icode= >,3mkz_N_A,2.98
512,0.0,LEU, ,CG,84.94,10.49,0.0,1.35,1.0,<Residue LEU het=  resseq=224 icode= >,3mkz_N_A,2.98
513,0.858,LEU, ,CD1,84.75,9.96,0.0,0.57,1.0,<Residue LEU het=  resseq=224 icode= >,3mkz_N_A,2.98
514,3.502,LEU, ,CD2,89.44,10.88,0.0,-0.53,1.0,<Residue LEU het=  resseq=224 icode= >,3mkz_N_A,2.98
515,0.0,GLN, ,N,82.0,11.07,0.0,2.53,1.0,<Residue GLN het=  resseq=225 icode= >,3mkz_N_A,2.98
516,1.655,GLN, ,CA,82.15,10.88,0.0,2.81,1.0,<Residue GLN het=  resseq=225 icode= >,3mkz_N_A,2.98
517,0.0,GLN, ,C,83.12,9.95,0.0,3.39,1.0,<Residue GLN het=  resseq=225 icode= >,3mkz_N_A,2.98
518,2.646,GLN, ,O,85.58,10.25,0.0,1.41,1.0,<Residue GLN het=  resseq=225 icode= >,3mkz_N_A,2.98
519,0.0,GLN, ,CB,81.54,10.38,0.0,1.60,1.0,<Residue GLN het=  resseq=225 icode= >,3mkz_N_A,2.98
520,7.601,GLN, ,CG,83.17,10.35,0.0,1.55,1.0,<Residue GLN het=  resseq=225 icode= >,3mkz_N_A,2.98
521,0.0,GLN, ,CD,87.33,9.06,0.0,2.06,1.0,<Residue GLN het=  resseq=225 icode= >,3mkz_N_A,2.98
522,17.271,GLN, ,OE1,92.23,9.13,0.0,1.10,1.0,<Residue GLN het=  resseq=225 icode= >,3mkz_N_A,2.98
523,1.043,GLN, ,NE2,89.1,8.02,0.0,0.87,1.0,<Residue GLN het=  resseq=225 icode= >,3mkz_N_A,2.98
524,0.0,LYS, ,N,83.4,8.90,0.0,2.61,1.0,<Residue LYS het=  resseq=226 icode= >,3mkz_N_A,2.98
525,0.0,LYS, ,CA,80.64,7.91,0.0,2.90,1.0,<Residue LYS het=  resseq=226 icode= >,3mkz_N_A,2.98
526,0.981,LYS, ,C,81.21,8.64,0.0,3.46,1.0,<Residue LYS het=  resseq=226 icode= >,3mkz_N_A,2.98
527,15.241,LYS, ,O,82.0,8.62,0.0,1.90,1.0,<Residue LYS het=  resseq=226 icode= >,3mkz_N_A,2.98
528,13.481,LYS, ,CB,74.31,6.70,0.0,2.27,1.0,<Residue LYS het=  resseq=226 icode= >,3mkz_N_A,2.98
529,13.199,LYS, ,CG,73.5,5.66,0.0,1.77,1.0,<Residue LYS het=  resseq=226 icode= >,3mkz_N_A,2.98
530,18.819,LYS, ,CD,69.57,4.87,1.739,1.55,1.0,<Residue LYS het=  resseq=226 icode= >,3mkz_N_A,2.98
531,28.23,LYS, ,CE,76.01,3.77,14.932,0.97,1.0,<Residue LYS het=  resseq=226 icode= >,3mkz_N_A,2.98
532,25.977,LYS, ,NZ,81.85,3.00,15.693,0.50,1.0,<Residue LYS het=  resseq=226 icode= >,3mkz_N_A,2.98
533,0.229,ALA, ,N,87.47,9.52,0.0,2.29,1.0,<Residue ALA het=  resseq=227 icode= >,3mkz_N_A,2.98
534,11.267,ALA, ,CA,92.67,10.46,0.0,1.41,1.0,<Residue ALA het=  resseq=227 icode= >,3mkz_N_A,2.98
535,2.669,ALA, ,C,93.5,11.51,0.0,2.24,1.0,<Residue ALA het=  resseq=227 icode= >,3mkz_N_A,2.98
536,0.0,ALA, ,O,96.52,12.54,0.0,1.25,1.0,<Residue ALA het=  resseq=227 icode= >,3mkz_N_A,2.98
537,19.061,ALA, ,CB,94.36,11.27,0.0,-0.71,1.0,<Residue ALA het=  resseq=227 icode= >,3mkz_N_A,2.98
538,0.0,PHE, ,N,92.17,11.41,0.0,2.74,1.0,<Residue PHE het=  resseq=228 icode= >,3mkz_N_A,2.98
539,0.025,PHE, ,CA,90.0,12.53,0.0,3.35,1.0,<Residue PHE het=  resseq=228 icode= >,3mkz_N_A,2.98
540,0.128,PHE, ,C,92.8,12.24,0.0,3.22,1.0,<Residue PHE het=  resseq=228 icode= >,3mkz_N_A,2.98
541,3.513,PHE, ,O,100.55,13.20,0.0,1.47,1.0,<Residue PHE het=  resseq=228 icode= >,3mkz_N_A,2.98
542,0.859,PHE, ,CB,79.87,13.61,0.0,2.85,1.0,<Residue PHE het=  resseq=228 icode= >,3mkz_N_A,2.98
543,0.0,PHE, ,CG,78.46,14.47,0.0,2.95,1.0,<Residue PHE het=  resseq=228 icode= >,3mkz_N_A,2.98
544,0.0,PHE, ,CD1,80.47,14.30,0.0,1.82,1.0,<Residue PHE het=  resseq=228 icode= >,3mkz_N_A,2.98
545,0.0,PHE, ,CD2,83.9,15.60,0.0,1.37,1.0,<Residue PHE het=  resseq=228 icode= >,3mkz_N_A,2.98
546,0.0,PHE, ,CE1,82.06,14.32,0.0,1.41,1.0,<Residue PHE het=  resseq=228 icode= >,3mkz_N_A,2.98
547,0.0,PHE, ,CE2,87.95,16.52,0.0,0.89,1.0,<Residue PHE het=  resseq=228 icode= >,3mkz_N_A,2.98
548,0.0,PHE, ,CZ,83.04,15.52,0.0,1.23,1.0,<Residue PHE het=  resseq=228 icode= >,3mkz_N_A,2.98
549,0.719,THR, ,N,93.58,11.04,0.0,2.68,1.0,<Residue THR het=  resseq=229 icode= >,3mkz_N_A,2.98
550,4.884,THR, ,CA,96.35,11.04,0.0,2.59,1.0,<Residue THR het=  resseq=229 icode= >,3mkz_N_A,2.98
551,0.0,THR, ,C,100.11,12.04,0.0,2.40,1.0,<Residue THR het=  resseq=229 icode= >,3mkz_N_A,2.98
552,6.882,THR, ,O,99.83,12.07,0.0,1.53,1.0,<Residue THR het=  resseq=229 icode= >,3mkz_N_A,2.98
553,12.072,THR, ,CB,96.27,9.73,0.0,1.93,1.0,<Residue THR het=  resseq=229 icode= >,3mkz_N_A,2.98
554,7.041,THR, ,OG1,97.17,8.67,0.0,1.09,1.0,<Residue THR het=  resseq=229 icode= >,3mkz_N_A,2.98
555,45.213,THR, ,CG2,92.16,10.03,0.0,0.57,1.0,<Residue THR het=  resseq=229 icode= >,3mkz_N_A,2.98
556,6.244,ASP, ,N,102.08,13.04,0.0,1.36,1.0,<Residue ASP het=  resseq=230 icode= >,3mkz_N_A,2.98
557,11.644,ASP, ,CA,103.48,14.17,0.0,1.36,1.0,<Residue ASP het=  resseq=230 icode= >,3mkz_N_A,2.98
558,4.755,ASP, ,C,102.69,14.92,0.0,1.92,1.0,<Residue ASP het=  resseq=230 icode= >,3mkz_N_A,2.98
559,6.452,ASP, ,O,98.99,15.16,0.0,1.70,1.0,<Residue ASP het=  resseq=230 icode= >,3mkz_N_A,2.98
560,19.791,ASP, ,CB,99.68,13.81,0.0,1.79,1.0,<Residue ASP het=  resseq=230 icode= >,3mkz_N_A,2.98
561,8.152,ASP, ,CG,97.55,13.15,0.0,2.15,1.0,<Residue ASP het=  resseq=230 icode= >,3mkz_N_A,2.98
562,33.968,ASP, ,OD1,95.35,13.74,0.0,1.54,1.0,<Residue ASP het=  resseq=230 icode= >,3mkz_N_A,2.98
563,30.607,ASP, ,OD2,100.13,12.18,0.0,1.06,1.0,<Residue ASP het=  resseq=230 icode= >,3mkz_N_A,2.98
564,2.087,LYS, ,N,99.38,15.44,0.0,2.30,1.0,<Residue LYS het=  resseq=231 icode= >,3mkz_N_A,2.98
565,10.756,LYS, ,CA,98.76,16.31,0.0,2.73,1.0,<Residue LYS het=  resseq=231 icode= >,3mkz_N_A,2.98
566,0.0,LYS, ,C,103.23,16.81,0.0,2.76,1.0,<Residue LYS het=  resseq=231 icode= >,3mkz_N_A,2.98
567,0.0,LYS, ,O,101.97,17.43,0.0,2.35,1.0,<Residue LYS het=  resseq=231 icode= >,3mkz_N_A,2.98
568,0.0,LYS, ,CB,92.49,15.66,0.0,2.09,1.0,<Residue LYS het=  resseq=231 icode= >,3mkz_N_A,2.98
569,12.27,LYS, ,CG,94.52,15.69,0.0,0.99,1.0,<Residue LYS het=  resseq=231 icode= >,3mkz_N_A,2.98
570,3.638,LYS, ,CD,95.52,14.52,0.0,0.60,1.0,<Residue LYS het=  resseq=231 icode= >,3mkz_N_A,2.98
571,44.592,LYS, ,CE,90.38,14.61,0.0,0.58,1.0,<Residue LYS het=  resseq=231 icode= >,3mkz_N_A,2.98
572,24.969,LYS, ,NZ,86.89,14.60,0.0,0.70,1.0,<Residue LYS het=  resseq=231 icode= >,3mkz_N_A,2.98
573,2.066,GLU, ,N,106.38,16.68,0.0,2.24,1.0,<Residue GLU het=  resseq=232 icode= >,3mkz_N_A,2.98
574,0.0,GLU, ,CA,111.46,17.27,0.0,1.81,1.0,<Residue GLU het=  resseq=232 icode= >,3mkz_N_A,2.98
575,0.0,GLU, ,C,113.26,18.74,0.0,2.47,1.0,<Residue GLU het=  resseq=232 icode= >,3mkz_N_A,2.98
576,0.0,GLU, ,O,113.59,19.31,0.0,1.58,1.0,<Residue GLU het=  resseq=232 icode= >,3mkz_N_A,2.98
577,18.846,GLU, ,CB,110.27,17.23,0.0,1.22,1.0,<Residue GLU het=  resseq=232 icode= >,3mkz_N_A,2.98
578,1.107,GLU, ,CG,114.2,17.92,0.0,1.29,1.0,<Residue GLU het=  resseq=232 icode= >,3mkz_N_A,2.98
579,7.324,GLU, ,CD,114.98,18.05,0.0,1.16,1.0,<Residue GLU het=  resseq=232 icode= >,3mkz_N_A,2.98
580,32.506,GLU, ,OE1,115.44,16.90,0.0,0.56,1.0,<Residue GLU het=  resseq=232 icode= >,3mkz_N_A,2.98
581,13.593,GLU, ,OE2,117.53,19.06,0.0,0.76,1.0,<Residue GLU het=  resseq=232 icode= >,3mkz_N_A,2.98
582,0.559,GLU, ,N,112.98,1000.00,0.0,1.95,1.0,<Residue GLU het=  resseq=233 icode= >,3mkz_N_A,2.98
583,0.446,GLU, ,CA,112.12,1000.00,0.0,1.68,1.0,<Residue GLU het=  resseq=233 icode= >,3mkz_N_A,2.98
584,1.403,GLU, ,C,110.3,1000.00,0.0,1.94,1.0,<Residue GLU het=  resseq=233 icode= >,3mkz_N_A,2.98
585,6.618,GLU, ,O,107.99,1000.00,0.0,1.27,1.0,<Residue GLU het=  resseq=233 icode= >,3mkz_N_A,2.98
586,27.403,GLU, ,CB,112.99,1000.00,0.0,0.55,1.0,<Residue GLU het=  resseq=233 icode= >,3mkz_N_A,2.98
587,34.434,GLU, ,CG,118.43,1000.00,0.0,-0.17,1.0,<Residue GLU het=  resseq=233 icode= >,3mkz_N_A,2.98
588,11.252,GLU, ,CD,118.04,1000.00,0.0,0.64,1.0,<Residue GLU het=  resseq=233 icode= >,3mkz_N_A,2.98
589,8.147,GLU, ,OE1,110.09,1000.00,0.0,1.12,1.0,<Residue GLU het=  resseq=233 icode= >,3mkz_N_A,2.98
590,41.516,GLU, ,OE2,119.23,1000.00,0.0,0.38,1.0,<Residue GLU het=  resseq=233 icode= >,3mkz_N_A,2.98
591,0.883,LEU, ,N,108.57,1000.00,0.0,2.25,1.0,<Residue LEU het=  resseq=234 icode= >,3mkz_N_A,2.98
592,3.943,LEU, ,CA,106.63,1000.00,0.0,2.40,1.0,<Residue LEU het=  resseq=234 icode= >,3mkz_N_A,2.98
593,0.0,LEU, ,C,107.5,1000.00,0.0,2.99,1.0,<Residue LEU het=  resseq=234 icode= >,3mkz_N_A,2.98
594,0.0,LEU, ,O,109.64,1000.00,0.0,1.63,1.0,<Residue LEU het=  resseq=234 icode= >,3mkz_N_A,2.98
595,3.878,LEU, ,CB,103.32,1000.00,0.0,1.77,1.0,<Residue LEU het=  resseq=234 icode= >,3mkz_N_A,2.98
596,13.11,LEU, ,CG,101.59,1000.00,0.0,0.81,1.0,<Residue LEU het=  resseq=234 icode= >,3mkz_N_A,2.98
597,28.789,LEU, ,CD1,101.26,1000.00,0.0,-0.36,1.0,<Residue LEU het=  resseq=234 icode= >,3mkz_N_A,2.98
598,9.404,LEU, ,CD2,98.65,1000.00,0.0,0.37,1.0,<Residue LEU het=  resseq=234 icode= >,3mkz_N_A,2.98
599,0.0,LEU, ,N,107.67,1000.00,0.0,2.58,1.0,<Residue LEU het=  resseq=235 icode= >,3mkz_N_A,2.98
600,0.0,LEU, ,CA,107.51,1000.00,0.0,2.38,1.0,<Residue LEU het=  resseq=235 icode= >,3mkz_N_A,2.98
601,0.0,LEU, ,C,106.91,1000.00,0.0,2.83,1.0,<Residue LEU het=  resseq=235 icode= >,3mkz_N_A,2.98
602,0.0,LEU, ,O,99.58,1000.00,0.0,2.33,1.0,<Residue LEU het=  resseq=235 icode= >,3mkz_N_A,2.98
603,0.0,LEU, ,CB,107.56,1000.00,0.0,1.18,1.0,<Residue LEU het=  resseq=235 icode= >,3mkz_N_A,2.98
604,0.0,LEU, ,CG,107.08,1000.00,0.0,0.92,1.0,<Residue LEU het=  resseq=235 icode= >,3mkz_N_A,2.98
605,3.509,LEU, ,CD1,107.29,1000.00,0.0,-0.18,1.0,<Residue LEU het=  resseq=235 icode= >,3mkz_N_A,2.98
606,0.0,LEU, ,CD2,103.16,1000.00,0.0,0.15,1.0,<Residue LEU het=  resseq=235 icode= >,3mkz_N_A,2.98
607,0.0,LYS, ,N,110.1,1000.00,0.0,2.29,1.0,<Residue LYS het=  resseq=236 icode= >,3mkz_N_A,2.98
608,0.16,LYS, ,CA,110.89,1000.00,0.0,2.26,1.0,<Residue LYS het=  resseq=236 icode= >,3mkz_N_A,2.98
609,0.426,LYS, ,C,113.32,1000.00,0.0,2.17,1.0,<Residue LYS het=  resseq=236 icode= >,3mkz_N_A,2.98
610,2.287,LYS, ,O,111.37,1000.00,0.0,1.24,1.0,<Residue LYS het=  resseq=236 icode= >,3mkz_N_A,2.98
611,14.016,LYS, ,CB,109.21,1000.00,0.0,1.09,1.0,<Residue LYS het=  resseq=236 icode= >,3mkz_N_A,2.98
612,1.296,LYS, ,CG,109.42,1000.00,0.0,0.91,1.0,<Residue LYS het=  resseq=236 icode= >,3mkz_N_A,2.98
613,22.484,LYS, ,CD,108.06,1000.00,0.0,0.68,1.0,<Residue LYS het=  resseq=236 icode= >,3mkz_N_A,2.98
614,15.267,LYS, ,CE,108.86,1000.00,0.0,0.53,1.0,<Residue LYS het=  resseq=236 icode= >,3mkz_N_A,2.98
615,29.503,LYS, ,NZ,107.61,1000.00,0.0,0.21,1.0,<Residue LYS het=  resseq=236 icode= >,3mkz_N_A,2.98
616,0.0,GLN, ,N,115.1,1000.00,0.0,1.91,1.0,<Residue GLN het=  resseq=237 icode= >,3mkz_N_A,2.98
617,0.0,GLN, ,CA,115.46,1000.00,0.0,1.49,1.0,<Residue GLN het=  resseq=237 icode= >,3mkz_N_A,2.98
618,0.063,GLN, ,C,113.24,1000.00,0.0,2.28,1.0,<Residue GLN het=  resseq=237 icode= >,3mkz_N_A,2.98
619,0.0,GLN, ,O,111.11,1000.00,0.0,1.57,1.0,<Residue GLN het=  resseq=237 icode= >,3mkz_N_A,2.98
620,13.322,GLN, ,CB,117.69,1000.00,0.0,0.96,1.0,<Residue GLN het=  resseq=237 icode= >,3mkz_N_A,2.98
621,21.726,GLN, ,CG,124.64,1000.00,0.0,-0.15,1.0,<Residue GLN het=  resseq=237 icode= >,3mkz_N_A,2.98
622,6.025,GLN, ,CD,126.68,1000.00,0.0,0.07,1.0,<Residue GLN het=  resseq=237 icode= >,3mkz_N_A,2.98
623,33.854,GLN, ,OE1,125.09,1000.00,0.0,0.04,1.0,<Residue GLN het=  resseq=237 icode= >,3mkz_N_A,2.98
624,44.873,GLN, ,NE2,122.02,1000.00,0.0,0.49,1.0,<Residue GLN het=  resseq=237 icode= >,3mkz_N_A,2.98
625,0.157,GLN, ,N,112.19,1000.00,0.0,2.22,1.0,<Residue GLN het=  resseq=238 icode= >,3mkz_N_A,2.98
626,0.758,GLN, ,CA,109.74,1000.00,0.0,2.52,1.0,<Residue GLN het=  resseq=238 icode= >,3mkz_N_A,2.98
627,0.034,GLN, ,C,109.32,1000.00,0.0,2.65,1.0,<Residue GLN het=  resseq=238 icode= >,3mkz_N_A,2.98
628,0.0,GLN, ,O,106.29,1000.00,0.0,1.31,1.0,<Residue GLN het=  resseq=238 icode= >,3mkz_N_A,2.98
629,0.0,GLN, ,CB,107.17,1000.00,0.0,1.20,1.0,<Residue GLN het=  resseq=238 icode= >,3mkz_N_A,2.98
630,2.741,GLN, ,CG,103.61,1000.00,0.0,0.83,1.0,<Residue GLN het=  resseq=238 icode= >,3mkz_N_A,2.98
631,4.493,GLN, ,CD,105.26,1000.00,0.0,1.43,1.0,<Residue GLN het=  resseq=238 icode= >,3mkz_N_A,2.98
632,11.851,GLN, ,OE1,99.5,1000.00,0.0,1.31,1.0,<Residue GLN het=  resseq=238 icode= >,3mkz_N_A,2.98
633,10.571,GLN, ,NE2,104.88,1000.00,0.0,0.58,1.0,<Residue GLN het=  resseq=238 icode= >,3mkz_N_A,2.98
634,0.0,ALA, ,N,111.27,18.42,0.0,2.21,1.0,<Residue ALA het=  resseq=239 icode= >,3mkz_N_A,2.98
635,0.0,ALA, ,CA,112.79,17.94,0.0,1.58,1.0,<Residue ALA het=  resseq=239 icode= >,3mkz_N_A,2.98
636,0.0,ALA, ,C,114.12,19.10,0.0,2.34,1.0,<Residue ALA het=  resseq=239 icode= >,3mkz_N_A,2.98
637,0.0,ALA, ,O,111.12,19.01,0.0,1.84,1.0,<Residue ALA het=  resseq=239 icode= >,3mkz_N_A,2.98
638,0.014,ALA, ,CB,108.47,17.44,0.0,0.31,1.0,<Residue ALA het=  resseq=239 icode= >,3mkz_N_A,2.98
639,0.335,SER, ,N,117.49,1000.00,0.0,1.77,1.0,<Residue SER het=  resseq=240 icode= >,3mkz_N_A,2.98
640,2.186,SER, ,CA,120.96,1000.00,0.0,1.53,1.0,<Residue SER het=  resseq=240 icode= >,3mkz_N_A,2.98
641,0.0,SER, ,C,122.65,1000.00,0.0,2.03,1.0,<Residue SER het=  resseq=240 icode= >,3mkz_N_A,2.98
642,1.062,SER, ,O,122.21,1000.00,0.0,1.43,1.0,<Residue SER het=  resseq=240 icode= >,3mkz_N_A,2.98
643,12.329,SER, ,CB,120.14,1000.00,0.0,0.54,1.0,<Residue SER het=  resseq=240 icode= >,3mkz_N_A,2.98
644,38.893,SER, ,OG,116.5,1000.00,0.0,0.39,1.0,<Residue SER het=  resseq=240 icode= >,3mkz_N_A,2.98
645,0.0,ASN, ,N,123.52,1000.00,0.0,1.72,1.0,<Residue ASN het=  resseq=241 icode= >,3mkz_N_A,2.98
646,0.0,ASN, ,CA,123.43,1000.00,0.0,1.58,1.0,<Residue ASN het=  resseq=241 icode= >,3mkz_N_A,2.98
647,0.0,ASN, ,C,123.19,1000.00,0.0,2.04,1.0,<Residue ASN het=  resseq=241 icode= >,3mkz_N_A,2.98
648,0.029,ASN, ,O,124.12,1000.00,0.0,1.19,1.0,<Residue ASN het=  resseq=241 icode= >,3mkz_N_A,2.98
649,18.151,ASN, ,CB,123.29,1000.00,0.0,1.20,1.0,<Residue ASN het=  resseq=241 icode= >,3mkz_N_A,2.98
650,5.134,ASN, ,CG,127.41,1000.00,0.0,0.75,1.0,<Residue ASN het=  resseq=241 icode= >,3mkz_N_A,2.98
651,16.996,ASN, ,OD1,129.77,1000.00,0.0,-0.01,1.0,<Residue ASN het=  resseq=241 icode= >,3mkz_N_A,2.98
652,28.745,ASN, ,ND2,130.3,1000.00,0.0,0.08,1.0,<Residue ASN het=  resseq=241 icode= >,3mkz_N_A,2.98
653,0.071,LEU, ,N,121.25,1000.00,0.0,2.22,1.0,<Residue LEU het=  resseq=242 icode= >,3mkz_N_A,2.98
654,0.093,LEU, ,CA,121.74,1000.00,0.0,2.01,1.0,<Residue LEU het=  resseq=242 icode= >,3mkz_N_A,2.98
655,0.0,LEU, ,C,120.94,1000.00,0.0,2.55,1.0,<Residue LEU het=  resseq=242 icode= >,3mkz_N_A,2.98
656,0.0,LEU, ,O,121.57,1000.00,0.0,1.21,1.0,<Residue LEU het=  resseq=242 icode= >,3mkz_N_A,2.98
657,0.0,LEU, ,CB,124.57,1000.00,0.0,0.64,1.0,<Residue LEU het=  resseq=242 icode= >,3mkz_N_A,2.98
658,2.943,LEU, ,CG,125.89,1000.00,0.0,0.17,1.0,<Residue LEU het=  resseq=242 icode= >,3mkz_N_A,2.98
659,0.309,LEU, ,CD1,128.35,1000.00,0.0,-0.91,1.0,<Residue LEU het=  resseq=242 icode= >,3mkz_N_A,2.98
660,6.075,LEU, ,CD2,124.26,1000.00,0.0,-0.57,1.0,<Residue LEU het=  resseq=242 icode= >,3mkz_N_A,2.98
661,0.0,HIS, ,N,120.08,1000.00,0.0,2.40,1.0,<Residue HIS het=  resseq=243 icode= >,3mkz_N_A,2.98
662,0.019,HIS, ,CA,117.98,1000.00,0.0,2.32,1.0,<Residue HIS het=  resseq=243 icode= >,3mkz_N_A,2.98
663,0.765,HIS, ,C,117.85,1000.00,0.0,2.33,1.0,<Residue HIS het=  resseq=243 icode= >,3mkz_N_A,2.98
664,0.306,HIS, ,O,115.64,1000.00,0.0,1.34,1.0,<Residue HIS het=  resseq=243 icode= >,3mkz_N_A,2.98
665,19.771,HIS, ,CB,114.57,1000.00,0.0,1.60,1.0,<Residue HIS het=  resseq=243 icode= >,3mkz_N_A,2.98
666,2.54,HIS, ,CG,112.21,1000.00,0.0,1.81,1.0,<Residue HIS het=  resseq=243 icode= >,3mkz_N_A,2.98
667,9.224,HIS, ,ND1,109.8,1000.00,0.0,1.10,1.0,<Residue HIS het=  resseq=243 icode= >,3mkz_N_A,2.98
668,12.939,HIS, ,CD2,110.6,1000.00,0.0,1.01,1.0,<Residue HIS het=  resseq=243 icode= >,3mkz_N_A,2.98
669,7.952,HIS, ,CE1,109.12,1000.00,0.0,1.05,1.0,<Residue HIS het=  resseq=243 icode= >,3mkz_N_A,2.98
670,4.537,HIS, ,NE2,110.93,1000.00,0.0,1.22,1.0,<Residue HIS het=  resseq=243 icode= >,3mkz_N_A,2.98
671,0.224,GLU, ,N,118.3,1000.00,0.0,1.93,1.0,<Residue GLU het=  resseq=244 icode= >,3mkz_N_A,2.98
672,5.986,GLU, ,CA,118.07,1000.00,0.0,1.86,1.0,<Residue GLU het=  resseq=244 icode= >,3mkz_N_A,2.98
673,0.949,GLU, ,C,117.4,1000.00,0.0,2.77,1.0,<Residue GLU het=  resseq=244 icode= >,3mkz_N_A,2.98
674,0.63,GLU, ,O,114.5,1000.00,0.0,1.95,1.0,<Residue GLU het=  resseq=244 icode= >,3mkz_N_A,2.98
675,17.263,GLU, ,CB,117.1,1000.00,0.0,1.44,1.0,<Residue GLU het=  resseq=244 icode= >,3mkz_N_A,2.98
676,21.046,GLU, ,CG,123.71,1000.00,0.0,0.38,1.0,<Residue GLU het=  resseq=244 icode= >,3mkz_N_A,2.98
677,9.225,GLU, ,CD,126.94,1000.00,0.0,0.40,1.0,<Residue GLU het=  resseq=244 icode= >,3mkz_N_A,2.98
678,15.632,GLU, ,OE1,126.7,1000.00,0.0,0.62,1.0,<Residue GLU het=  resseq=244 icode= >,3mkz_N_A,2.98
679,42.134,GLU, ,OE2,128.03,1000.00,0.0,0.14,1.0,<Residue GLU het=  resseq=244 icode= >,3mkz_N_A,2.98
680,0.067,GLN, ,N,117.29,1000.00,0.0,2.03,1.0,<Residue GLN het=  resseq=245 icode= >,3mkz_N_A,2.98
681,2.444,GLN, ,CA,116.75,1000.00,0.0,1.48,1.0,<Residue GLN het=  resseq=245 icode= >,3mkz_N_A,2.98
682,0.0,GLN, ,C,116.55,1000.00,0.0,2.14,1.0,<Residue GLN het=  resseq=245 icode= >,3mkz_N_A,2.98
683,0.0,GLN, ,O,118.33,1000.00,0.0,0.99,1.0,<Residue GLN het=  resseq=245 icode= >,3mkz_N_A,2.98
684,0.0,GLN, ,CB,116.68,1000.00,0.0,0.60,1.0,<Residue GLN het=  resseq=245 icode= >,3mkz_N_A,2.98
685,19.77,GLN, ,CG,115.26,1000.00,0.0,0.45,1.0,<Residue GLN het=  resseq=245 icode= >,3mkz_N_A,2.98
686,6.071,GLN, ,CD,118.63,1000.00,0.0,0.27,1.0,<Residue GLN het=  resseq=245 icode= >,3mkz_N_A,2.98
687,16.538,GLN, ,OE1,117.61,1000.00,0.0,-0.08,1.0,<Residue GLN het=  resseq=245 icode= >,3mkz_N_A,2.98
688,48.263,GLN, ,NE2,114.19,1000.00,0.0,-0.16,1.0,<Residue GLN het=  resseq=245 icode= >,3mkz_N_A,2.98
689,0.0,LYS, ,N,118.01,1000.00,0.0,1.97,1.0,<Residue LYS het=  resseq=246 icode= >,3mkz_N_A,2.98
690,0.0,LYS, ,CA,118.33,1000.00,0.0,1.83,1.0,<Residue LYS het=  resseq=246 icode= >,3mkz_N_A,2.98
691,0.046,LYS, ,C,118.36,1000.00,0.0,2.40,1.0,<Residue LYS het=  resseq=246 icode= >,3mkz_N_A,2.98
692,16.622,LYS, ,O,114.15,1000.00,0.0,1.92,1.0,<Residue LYS het=  resseq=246 icode= >,3mkz_N_A,2.98
693,2.025,LYS, ,CB,116.74,1000.00,0.0,0.68,1.0,<Residue LYS het=  resseq=246 icode= >,3mkz_N_A,2.98
694,5.709,LYS, ,CG,115.35,1000.00,0.0,0.07,1.0,<Residue LYS het=  resseq=246 icode= >,3mkz_N_A,2.98
695,5.56,LYS, ,CD,109.1,1000.00,0.0,-0.10,1.0,<Residue LYS het=  resseq=246 icode= >,3mkz_N_A,2.98
696,35.775,LYS, ,CE,104.71,1000.00,0.0,0.18,1.0,<Residue LYS het=  resseq=246 icode= >,3mkz_N_A,2.98
697,18.856,LYS, ,NZ,95.36,1000.00,0.0,0.70,1.0,<Residue LYS het=  resseq=246 icode= >,3mkz_N_A,2.98
698,0.0,LYS, ,N,120.95,1000.00,0.0,2.00,1.0,<Residue LYS het=  resseq=247 icode= >,3mkz_N_A,2.98
699,2.62,LYS, ,CA,123.02,1000.00,0.0,1.58,1.0,<Residue LYS het=  resseq=247 icode= >,3mkz_N_A,2.98
700,0.73,LYS, ,C,124.71,1000.00,0.0,1.61,1.0,<Residue LYS het=  resseq=247 icode= >,3mkz_N_A,2.98
701,25.116,LYS, ,O,121.58,1000.00,0.0,1.44,1.0,<Residue LYS het=  resseq=247 icode= >,3mkz_N_A,2.98
702,2.214,LYS, ,CB,121.41,1000.00,0.0,1.15,1.0,<Residue LYS het=  resseq=247 icode= >,3mkz_N_A,2.98
703,29.221,LYS, ,CG,119.38,1000.00,0.0,0.20,1.0,<Residue LYS het=  resseq=247 icode= >,3mkz_N_A,2.98
704,19.94,LYS, ,CD,120.06,1000.00,0.0,-0.06,1.0,<Residue LYS het=  resseq=247 icode= >,3mkz_N_A,2.98
705,45.697,LYS, ,CE,116.11,1000.00,0.0,0.23,1.0,<Residue LYS het=  resseq=247 icode= >,3mkz_N_A,2.98
706,48.36,LYS, ,NZ,112.34,1000.00,0.0,0.43,1.0,<Residue LYS het=  resseq=247 icode= >,3mkz_N_A,2.98
707,0.151,ALA, ,N,125.36,1000.00,0.0,1.21,1.0,<Residue ALA het=  resseq=248 icode= >,3mkz_N_A,2.98
708,12.212,ALA, ,CA,123.97,1000.00,0.0,0.96,1.0,<Residue ALA het=  resseq=248 icode= >,3mkz_N_A,2.98
709,4.72,ALA, ,C,122.44,1000.00,0.0,1.58,1.0,<Residue ALA het=  resseq=248 icode= >,3mkz_N_A,2.98
710,14.705,ALA, ,O,123.35,1000.00,0.0,0.41,1.0,<Residue ALA het=  resseq=248 icode= >,3mkz_N_A,2.98
711,53.015,ALA, ,CB,119.41,1000.00,0.0,0.58,1.0,<Residue ALA het=  resseq=248 icode= >,3mkz_N_A,2.98
712,4.857,GLY, ,N,120.11,1000.00,0.0,1.34,1.0,<Residue GLY het=  resseq=249 icode= >,3mkz_N_A,2.98
713,37.972,GLY, ,CA,118.2,1000.00,0.0,1.04,1.0,<Residue GLY het=  resseq=249 icode= >,3mkz_N_A,2.98
714,4.461,GLY, ,C,117.47,1000.00,0.0,2.06,1.0,<Residue GLY het=  resseq=249 icode= >,3mkz_N_A,2.98
715,2.28,GLY, ,O,115.07,1000.00,0.0,1.50,1.0,<Residue GLY het=  resseq=249 icode= >,3mkz_N_A,2.98
716,4.39,VAL, ,N,116.68,1000.00,0.0,1.88,1.0,<Residue VAL het=  resseq=250 icode= >,3mkz_N_A,2.98
717,9.591,VAL, ,CA,116.1,1000.00,0.0,1.65,1.0,<Residue VAL het=  resseq=250 icode= >,3mkz_N_A,2.98
718,0.0,VAL, ,C,117.12,1000.00,0.0,1.78,1.0,<Residue VAL het=  resseq=250 icode= >,3mkz_N_A,2.98
719,0.106,VAL, ,O,117.89,1000.00,0.0,0.98,1.0,<Residue VAL het=  resseq=250 icode= >,3mkz_N_A,2.98
720,0.0,VAL, ,CB,115.15,1000.00,0.0,1.18,1.0,<Residue VAL het=  resseq=250 icode= >,3mkz_N_A,2.98
721,23.05,VAL, ,CG1,114.64,1000.00,0.0,-0.03,1.0,<Residue VAL het=  resseq=250 icode= >,3mkz_N_A,2.98
722,27.67,VAL, ,CG2,115.71,1000.00,0.0,-0.24,1.0,<Residue VAL het=  resseq=250 icode= >,3mkz_N_A,2.98
723,7.517,ILE, ,N,116.91,17.40,0.0,1.37,1.0,<Residue ILE het=  resseq=251 icode= >,3mkz_N_A,2.98
724,1.556,ILE, ,CA,116.85,16.57,0.0,1.64,1.0,<Residue ILE het=  resseq=251 icode= >,3mkz_N_A,2.98
725,1.56,ILE, ,C,117.25,15.35,0.0,1.62,1.0,<Residue ILE het=  resseq=251 icode= >,3mkz_N_A,2.98
726,24.096,ILE, ,O,116.16,14.29,0.0,0.80,1.0,<Residue ILE het=  resseq=251 icode= >,3mkz_N_A,2.98
727,7.777,ILE, ,CB,114.83,16.18,0.0,1.31,1.0,<Residue ILE het=  resseq=251 icode= >,3mkz_N_A,2.98
728,9.241,ILE, ,CG1,115.26,17.50,0.0,0.52,1.0,<Residue ILE het=  resseq=251 icode= >,3mkz_N_A,2.98
729,45.3,ILE, ,CG2,112.0,15.46,0.0,-0.00,1.0,<Residue ILE het=  resseq=251 icode= >,3mkz_N_A,2.98
730,67.22,ILE, ,CD1,116.42,17.43,0.0,-0.09,1.0,<Residue ILE het=  resseq=251 icode= >,3mkz_N_A,2.98
731,1.057,PHE, ,N,117.34,15.59,0.0,1.47,1.0,<Residue PHE het=  resseq=252 icode= >,3mkz_N_A,2.98
732,2.227,PHE, ,CA,116.97,14.63,0.0,1.41,1.0,<Residue PHE het=  resseq=252 icode= >,3mkz_N_A,2.98
733,0.571,PHE, ,C,115.31,14.09,0.0,2.17,1.0,<Residue PHE het=  resseq=252 icode= >,3mkz_N_A,2.98
734,14.822,PHE, ,O,114.43,14.71,0.0,1.44,1.0,<Residue PHE het=  resseq=252 icode= >,3mkz_N_A,2.98
735,1.348,PHE, ,CB,117.2,15.17,0.0,1.55,1.0,<Residue PHE het=  resseq=252 icode= >,3mkz_N_A,2.98
736,0.0,PHE, ,CG,121.74,15.83,0.0,1.07,1.0,<Residue PHE het=  resseq=252 icode= >,3mkz_N_A,2.98
737,2.987,PHE, ,CD1,122.56,17.21,0.0,0.45,1.0,<Residue PHE het=  resseq=252 icode= >,3mkz_N_A,2.98
738,1.703,PHE, ,CD2,124.96,15.16,0.0,-0.47,1.0,<Residue PHE het=  resseq=252 icode= >,3mkz_N_A,2.98
739,0.987,PHE, ,CE1,122.54,17.91,0.0,0.29,1.0,<Residue PHE het=  resseq=252 icode= >,3mkz_N_A,2.98
740,0.423,PHE, ,CE2,124.43,15.95,0.0,-0.72,1.0,<Residue PHE het=  resseq=252 icode= >,3mkz_N_A,2.98
741,0.0,PHE, ,CZ,121.84,17.32,0.0,0.04,1.0,<Residue PHE het=  resseq=252 icode= >,3mkz_N_A,2.98
742,0.594,GLU, ,N,115.85,12.94,0.0,2.04,1.0,<Residue GLU het=  resseq=253 icode= >,3mkz_N_A,2.98
743,3.601,GLU, ,CA,116.84,12.44,0.0,1.63,1.0,<Residue GLU het=  resseq=253 icode= >,3mkz_N_A,2.98
744,0.263,GLU, ,C,115.83,11.18,0.0,1.68,1.0,<Residue GLU het=  resseq=253 icode= >,3mkz_N_A,2.98
745,0.0,GLU, ,O,115.6,10.97,0.0,1.24,1.0,<Residue GLU het=  resseq=253 icode= >,3mkz_N_A,2.98
746,33.671,GLU, ,CB,118.69,10.95,0.0,0.89,1.0,<Residue GLU het=  resseq=253 icode= >,3mkz_N_A,2.98
747,23.349,GLU, ,CG,127.22,10.03,0.0,0.35,1.0,<Residue GLU het=  resseq=253 icode= >,3mkz_N_A,2.98
748,3.895,GLU, ,CD,133.37,10.32,0.0,0.24,1.0,<Residue GLU het=  resseq=253 icode= >,3mkz_N_A,2.98
749,0.0,GLU, ,OE1,133.94,11.53,0.0,0.52,1.0,<Residue GLU het=  resseq=253 icode= >,3mkz_N_A,2.98
750,39.017,GLU, ,OE2,133.44,9.46,0.0,0.24,1.0,<Residue GLU het=  resseq=253 icode= >,3mkz_N_A,2.98
751,1.967,ALA, ,N,114.29,10.37,0.0,1.36,1.0,<Residue ALA het=  resseq=254 icode= >,3mkz_N_A,2.98
752,0.0,ALA, ,CA,112.13,9.00,0.0,1.28,1.0,<Residue ALA het=  resseq=254 icode= >,3mkz_N_A,2.98
753,0.0,ALA, ,C,110.26,8.42,0.0,2.47,1.0,<Residue ALA het=  resseq=254 icode= >,3mkz_N_A,2.98
754,0.0,ALA, ,O,107.07,8.58,0.0,1.73,1.0,<Residue ALA het=  resseq=254 icode= >,3mkz_N_A,2.98
755,30.468,ALA, ,CB,109.88,8.23,0.0,0.05,1.0,<Residue ALA het=  resseq=254 icode= >,3mkz_N_A,2.98
756,0.618,ASP, ,N,111.0,8.03,0.0,2.33,1.0,<Residue ASP het=  resseq=255 icode= >,3mkz_N_A,2.98
757,0.638,ASP, ,CA,115.17,7.78,0.0,2.34,1.0,<Residue ASP het=  resseq=255 icode= >,3mkz_N_A,2.98
758,0.372,ASP, ,C,116.56,8.81,0.0,2.59,1.0,<Residue ASP het=  resseq=255 icode= >,3mkz_N_A,2.98
759,0.826,ASP, ,O,116.66,8.63,0.0,1.40,1.0,<Residue ASP het=  resseq=255 icode= >,3mkz_N_A,2.98
760,20.24,ASP, ,CB,118.62,7.13,0.0,0.73,1.0,<Residue ASP het=  resseq=255 icode= >,3mkz_N_A,2.98
761,15.222,ASP, ,CG,122.51,5.64,0.288,0.83,1.0,<Residue ASP het=  resseq=255 icode= >,3mkz_N_A,2.98
762,41.961,ASP, ,OD1,124.04,4.96,7.851,0.10,1.0,<Residue ASP het=  resseq=255 icode= >,3mkz_N_A,2.98
763,25.949,ASP, ,OD2,124.86,5.25,6.662,0.48,1.0,<Residue ASP het=  resseq=255 icode= >,3mkz_N_A,2.98
764,0.986,GLU, ,N,117.9,9.87,0.0,1.73,1.0,<Residue GLU het=  resseq=256 icode= >,3mkz_N_A,2.98
765,3.298,GLU, ,CA,116.64,11.03,0.0,1.62,1.0,<Residue GLU het=  resseq=256 icode= >,3mkz_N_A,2.98
766,0.0,GLU, ,C,113.31,11.27,0.0,2.50,1.0,<Residue GLU het=  resseq=256 icode= >,3mkz_N_A,2.98
767,0.0,GLU, ,O,113.57,11.79,0.0,1.34,1.0,<Residue GLU het=  resseq=256 icode= >,3mkz_N_A,2.98
768,1.757,GLU, ,CB,119.82,12.10,0.0,1.05,1.0,<Residue GLU het=  resseq=256 icode= >,3mkz_N_A,2.98
769,13.071,GLU, ,CG,126.57,12.96,0.0,0.00,1.0,<Residue GLU het=  resseq=256 icode= >,3mkz_N_A,2.98
770,11.139,GLU, ,CD,131.09,13.96,0.0,0.15,1.0,<Residue GLU het=  resseq=256 icode= >,3mkz_N_A,2.98
771,40.952,GLU, ,OE1,128.08,14.35,0.0,0.30,1.0,<Residue GLU het=  resseq=256 icode= >,3mkz_N_A,2.98
772,12.574,GLU, ,OE2,134.11,13.50,0.0,0.07,1.0,<Residue GLU het=  resseq=256 icode= >,3mkz_N_A,2.98
773,0.0,VAL, ,N,108.08,10.93,0.0,2.60,1.0,<Residue VAL het=  resseq=257 icode= >,3mkz_N_A,2.98
774,0.0,VAL, ,CA,103.52,11.20,0.0,2.49,1.0,<Residue VAL het=  resseq=257 icode= >,3mkz_N_A,2.98
775,0.0,VAL, ,C,101.82,10.62,0.0,2.68,1.0,<Residue VAL het=  resseq=257 icode= >,3mkz_N_A,2.98
776,0.0,VAL, ,O,103.55,11.47,0.0,1.41,1.0,<Residue VAL het=  resseq=257 icode= >,3mkz_N_A,2.98
777,0.0,VAL, ,CB,102.53,10.90,0.0,1.28,1.0,<Residue VAL het=  resseq=257 icode= >,3mkz_N_A,2.98
778,0.236,VAL, ,CG1,101.04,11.29,0.0,0.35,1.0,<Residue VAL het=  resseq=257 icode= >,3mkz_N_A,2.98
779,3.074,VAL, ,CG2,105.98,11.88,0.0,-0.57,1.0,<Residue VAL het=  resseq=257 icode= >,3mkz_N_A,2.98
780,0.0,ILE, ,N,98.11,9.30,0.0,2.32,1.0,<Residue ILE het=  resseq=258 icode= >,3mkz_N_A,2.98
781,0.569,ILE, ,CA,96.52,8.87,0.0,2.23,1.0,<Residue ILE het=  resseq=258 icode= >,3mkz_N_A,2.98
782,0.468,ILE, ,C,98.69,9.69,0.0,2.72,1.0,<Residue ILE het=  resseq=258 icode= >,3mkz_N_A,2.98
783,0.128,ILE, ,O,98.87,10.17,0.0,1.37,1.0,<Residue ILE het=  resseq=258 icode= >,3mkz_N_A,2.98
784,4.892,ILE, ,CB,92.44,7.33,0.0,1.62,1.0,<Residue ILE het=  resseq=258 icode= >,3mkz_N_A,2.98
785,1.4,ILE, ,CG1,91.92,6.64,0.0,0.39,1.0,<Residue ILE het=  resseq=258 icode= >,3mkz_N_A,2.98
786,15.804,ILE, ,CG2,82.06,7.22,0.0,0.53,1.0,<Residue ILE het=  resseq=258 icode= >,3mkz_N_A,2.98
787,14.17,ILE, ,CD1,95.82,5.13,1.546,-0.57,1.0,<Residue ILE het=  resseq=258 icode= >,3mkz_N_A,2.98
788,0.376,THR, ,N,100.89,10.10,0.0,2.09,1.0,<Residue THR het=  resseq=259 icode= >,3mkz_N_A,2.98
789,5.993,THR, ,CA,100.3,11.09,0.0,2.04,1.0,<Residue THR het=  resseq=259 icode= >,3mkz_N_A,2.98
790,0.0,THR, ,C,102.71,12.36,0.0,2.39,1.0,<Residue THR het=  resseq=259 icode= >,3mkz_N_A,2.98
791,0.293,THR, ,O,101.04,12.96,0.0,1.71,1.0,<Residue THR het=  resseq=259 icode= >,3mkz_N_A,2.98
792,0.9,THR, ,CB,95.52,10.72,0.0,1.81,1.0,<Residue THR het=  resseq=259 icode= >,3mkz_N_A,2.98
793,25.074,THR, ,OG1,89.57,9.33,0.0,1.32,1.0,<Residue THR het=  resseq=259 icode= >,3mkz_N_A,2.98
794,52.373,THR, ,CG2,88.32,11.08,0.0,0.48,1.0,<Residue THR het=  resseq=259 icode= >,3mkz_N_A,2.98
795,0.0,LEU, ,N,102.31,12.89,0.0,2.48,1.0,<Residue LEU het=  resseq=260 icode= >,3mkz_N_A,2.98
796,1.028,LEU, ,CA,101.6,14.17,0.0,2.22,1.0,<Residue LEU het=  resseq=260 icode= >,3mkz_N_A,2.98
797,0.089,LEU, ,C,101.8,14.28,0.0,2.37,1.0,<Residue LEU het=  resseq=260 icode= >,3mkz_N_A,2.98
798,1.131,LEU, ,O,101.07,15.34,0.0,1.36,1.0,<Residue LEU het=  resseq=260 icode= >,3mkz_N_A,2.98
799,6.043,LEU, ,CB,98.69,14.58,0.0,1.09,1.0,<Residue LEU het=  resseq=260 icode= >,3mkz_N_A,2.98
800,0.0,LEU, ,CG,100.89,14.34,0.0,1.00,1.0,<Residue LEU het=  resseq=260 icode= >,3mkz_N_A,2.98
801,7.447,LEU, ,CD1,100.68,15.01,0.0,-0.31,1.0,<Residue LEU het=  resseq=260 icode= >,3mkz_N_A,2.98
802,32.006,LEU, ,CD2,97.23,14.95,0.0,0.24,1.0,<Residue LEU het=  resseq=260 icode= >,3mkz_N_A,2.98
803,0.0,LEU, ,N,102.47,13.29,0.0,1.97,1.0,<Residue LEU het=  resseq=261 icode= >,3mkz_N_A,2.98
804,0.0,LEU, ,CA,103.02,13.51,0.0,2.01,1.0,<Residue LEU het=  resseq=261 icode= >,3mkz_N_A,2.98
805,0.0,LEU, ,C,107.01,13.62,0.0,2.45,1.0,<Residue LEU het=  resseq=261 icode= >,3mkz_N_A,2.98
806,0.0,LEU, ,O,110.98,14.58,0.0,0.58,1.0,<Residue LEU het=  resseq=261 icode= >,3mkz_N_A,2.98
807,0.0,LEU, ,CB,98.01,12.51,0.0,0.72,1.0,<Residue LEU het=  resseq=261 icode= >,3mkz_N_A,2.98
808,0.767,LEU, ,CG,92.89,12.82,0.0,0.76,1.0,<Residue LEU het=  resseq=261 icode= >,3mkz_N_A,2.98
809,0.0,LEU, ,CD1,95.69,14.19,0.0,-0.40,1.0,<Residue LEU het=  resseq=261 icode= >,3mkz_N_A,2.98
810,0.0,LEU, ,CD2,82.05,12.93,0.0,0.27,1.0,<Residue LEU het=  resseq=261 icode= >,3mkz_N_A,2.98
811,0.0,THR, ,N,112.07,12.80,0.0,1.86,1.0,<Residue THR het=  resseq=262 icode= >,3mkz_N_A,2.98
812,0.0,THR, ,CA,114.69,13.07,0.0,1.49,1.0,<Residue THR het=  resseq=262 icode= >,3mkz_N_A,2.98
813,0.55,THR, ,C,116.25,14.26,0.0,1.86,1.0,<Residue THR het=  resseq=262 icode= >,3mkz_N_A,2.98
814,0.0,THR, ,O,118.14,14.92,0.0,1.00,1.0,<Residue THR het=  resseq=262 icode= >,3mkz_N_A,2.98
815,6.621,THR, ,CB,112.12,11.87,0.0,1.19,1.0,<Residue THR het=  resseq=262 icode= >,3mkz_N_A,2.98
816,4.837,THR, ,OG1,104.14,10.82,0.0,0.64,1.0,<Residue THR het=  resseq=262 icode= >,3mkz_N_A,2.98
817,23.097,THR, ,CG2,111.89,12.41,0.0,-0.29,1.0,<Residue THR het=  resseq=262 icode= >,3mkz_N_A,2.98
818,0.09,SER, ,N,116.87,14.67,0.0,1.68,1.0,<Residue SER het=  resseq=263 icode= >,3mkz_N_A,2.98
819,9.771,SER, ,CA,115.68,15.48,0.0,1.49,1.0,<Residue SER het=  resseq=263 icode= >,3mkz_N_A,2.98
820,1.489,SER, ,C,113.72,16.89,0.0,2.50,1.0,<Residue SER het=  resseq=263 icode= >,3mkz_N_A,2.98
821,10.324,SER, ,O,109.01,17.30,0.0,1.50,1.0,<Residue SER het=  resseq=263 icode= >,3mkz_N_A,2.98
822,30.092,SER, ,CB,114.96,15.66,0.0,0.87,1.0,<Residue SER het=  resseq=263 icode= >,3mkz_N_A,2.98
823,11.669,SER, ,OG,116.15,16.69,0.0,0.77,1.0,<Residue SER het=  resseq=263 icode= >,3mkz_N_A,2.98
824,0.0,VAL, ,N,113.69,17.43,0.0,2.43,1.0,<Residue VAL het=  resseq=264 icode= >,3mkz_N_A,2.98
825,8.834,VAL, ,CA,116.99,18.67,0.0,1.83,1.0,<Residue VAL het=  resseq=264 icode= >,3mkz_N_A,2.98
826,0.0,VAL, ,C,119.36,18.73,0.0,2.22,1.0,<Residue VAL het=  resseq=264 icode= >,3mkz_N_A,2.98
827,13.751,VAL, ,O,119.3,19.84,0.0,1.45,1.0,<Residue VAL het=  resseq=264 icode= >,3mkz_N_A,2.98
828,0.244,VAL, ,CB,115.46,18.98,0.0,0.93,1.0,<Residue VAL het=  resseq=264 icode= >,3mkz_N_A,2.98
829,0.0,VAL, ,CG1,114.78,18.22,0.0,0.39,1.0,<Residue VAL het=  resseq=264 icode= >,3mkz_N_A,2.98
830,39.479,VAL, ,CG2,112.05,20.47,0.0,0.04,1.0,<Residue VAL het=  resseq=264 icode= >,3mkz_N_A,2.98
831,0.0,LEU, ,N,121.21,17.63,0.0,1.78,1.0,<Residue LEU het=  resseq=265 icode= >,3mkz_N_A,2.98
832,1.725,LEU, ,CA,123.15,17.10,0.0,1.46,1.0,<Residue LEU het=  resseq=265 icode= >,3mkz_N_A,2.98
833,0.443,LEU, ,C,125.11,17.26,0.0,1.46,1.0,<Residue LEU het=  resseq=265 icode= >,3mkz_N_A,2.98
834,21.164,LEU, ,O,125.41,16.86,0.0,0.71,1.0,<Residue LEU het=  resseq=265 icode= >,3mkz_N_A,2.98
835,0.831,LEU, ,CB,121.09,15.75,0.0,0.67,1.0,<Residue LEU het=  resseq=265 icode= >,3mkz_N_A,2.98
836,0.479,LEU, ,CG,119.73,14.65,0.0,0.52,1.0,<Residue LEU het=  resseq=265 icode= >,3mkz_N_A,2.98
837,35.642,LEU, ,CD1,118.81,14.26,0.0,-0.14,1.0,<Residue LEU het=  resseq=265 icode= >,3mkz_N_A,2.98
838,1.003,LEU, ,CD2,118.84,15.28,0.0,-0.45,1.0,<Residue LEU het=  resseq=265 icode= >,3mkz_N_A,2.98
839,0.0,LYS, ,N,124.89,17.92,0.0,1.56,1.0,<Residue LYS het=  resseq=266 icode= >,3mkz_N_A,2.98
840,7.179,LYS, ,CA,123.36,18.12,0.0,1.27,1.0,<Residue LYS het=  resseq=266 icode= >,3mkz_N_A,2.98
841,36.886,LYS, ,C,122.39,19.18,0.0,1.27,1.0,<Residue LYS het=  resseq=266 icode= >,3mkz_N_A,2.98
842,22.678,LYS, ,O,122.14,19.73,0.0,1.23,1.0,<Residue LYS het=  resseq=266 icode= >,3mkz_N_A,2.98
843,21.788,LYS, ,CB,120.96,16.82,0.0,0.63,1.0,<Residue LYS het=  resseq=266 icode= >,3mkz_N_A,2.98
844,10.286,LYS, ,CG,115.96,15.74,0.0,0.75,1.0,<Residue LYS het=  resseq=266 icode= >,3mkz_N_A,2.98
845,30.43,LYS, ,CD,117.95,14.44,0.0,0.08,1.0,<Residue LYS het=  resseq=266 icode= >,3mkz_N_A,2.98
846,30.969,LYS, ,CE,116.55,13.35,0.0,-0.16,1.0,<Residue LYS het=  resseq=266 icode= >,3mkz_N_A,2.98
847,45.344,LYS, ,NZ,117.22,13.43,0.0,-0.22,1.0,<Residue LYS het=  resseq=266 icode= >,3mkz_N_A,2.98
