,ASA,aa,altloc,atom,bfac,d2r,dASA,dens,occ,residue,id,resolu
0,21.045,PRO, ,N,89.57,9.28,0.0,1.44,1.0,<Residue PRO het=  resseq=157 icode= >,3mkz_A_A,2.98
1,18.978,PRO, ,CA,90.0,9.08,0.0,0.99,1.0,<Residue PRO het=  resseq=157 icode= >,3mkz_A_A,2.98
2,5.327,PRO, ,C,86.95,9.49,0.0,1.75,1.0,<Residue PRO het=  resseq=157 icode= >,3mkz_A_A,2.98
3,21.377,PRO, ,O,86.28,10.10,0.0,1.09,1.0,<Residue PRO het=  resseq=157 icode= >,3mkz_A_A,2.98
4,32.659,PRO, ,CB,88.26,7.58,0.0,0.63,1.0,<Residue PRO het=  resseq=157 icode= >,3mkz_A_A,2.98
5,39.634,PRO, ,CG,87.72,7.06,0.0,0.78,1.0,<Residue PRO het=  resseq=157 icode= >,3mkz_A_A,2.98
6,49.399,PRO, ,CD,88.94,8.17,0.0,0.47,1.0,<Residue PRO het=  resseq=157 icode= >,3mkz_A_A,2.98
7,2.81,THR, ,N,82.43,8.86,0.0,2.03,1.0,<Residue THR het=  resseq=158 icode= >,3mkz_A_A,2.98
8,5.678,THR, ,CA,77.72,9.52,0.0,3.01,1.0,<Residue THR het=  resseq=158 icode= >,3mkz_A_A,2.98
9,0.73,THR, ,C,79.11,8.81,0.0,2.75,1.0,<Residue THR het=  resseq=158 icode= >,3mkz_A_A,2.98
10,5.43,THR, ,O,82.4,7.83,0.0,1.53,1.0,<Residue THR het=  resseq=158 icode= >,3mkz_A_A,2.98
11,4.897,THR, ,CB,74.33,9.33,0.0,2.47,1.0,<Residue THR het=  resseq=158 icode= >,3mkz_A_A,2.98
12,34.208,THR, ,OG1,75.69,9.58,0.0,1.36,1.0,<Residue THR het=  resseq=158 icode= >,3mkz_A_A,2.98
13,15.236,THR, ,CG2,72.09,10.49,0.0,0.38,1.0,<Residue THR het=  resseq=158 icode= >,3mkz_A_A,2.98
14,3.141,SER, ,N,76.04,9.00,0.0,2.17,1.0,<Residue SER het=  resseq=159 icode= >,3mkz_A_A,2.98
15,3.346,SER, ,CA,70.26,8.09,0.0,2.71,1.0,<Residue SER het=  resseq=159 icode= >,3mkz_A_A,2.98
16,0.0,SER, ,C,68.72,7.65,0.0,3.24,1.0,<Residue SER het=  resseq=159 icode= >,3mkz_A_A,2.98
17,0.0,SER, ,O,69.07,8.58,0.0,1.38,1.0,<Residue SER het=  resseq=159 icode= >,3mkz_A_A,2.98
18,0.866,SER, ,CB,68.19,9.01,0.0,1.50,1.0,<Residue SER het=  resseq=159 icode= >,3mkz_A_A,2.98
19,3.362,SER, ,OG,63.2,10.36,0.0,1.49,1.0,<Residue SER het=  resseq=159 icode= >,3mkz_A_A,2.98
20,5.466,ALA, ,N,60.53,6.42,0.0,2.35,1.0,<Residue ALA het=  resseq=160 icode= >,3mkz_A_A,2.98
21,0.734,ALA, ,CA,52.74,6.27,0.0,2.97,1.0,<Residue ALA het=  resseq=160 icode= >,3mkz_A_A,2.98
22,0.0,ALA, ,C,53.54,7.58,0.0,4.32,1.0,<Residue ALA het=  resseq=160 icode= >,3mkz_A_A,2.98
23,0.0,ALA, ,O,49.76,8.35,0.0,2.51,1.0,<Residue ALA het=  resseq=160 icode= >,3mkz_A_A,2.98
24,7.716,ALA, ,CB,44.54,5.12,1.251,0.59,1.0,<Residue ALA het=  resseq=160 icode= >,3mkz_A_A,2.98
25,0.0,TYR, ,N,55.29,8.03,0.0,3.09,1.0,<Residue TYR het=  resseq=161 icode= >,3mkz_A_A,2.98
26,0.0,TYR, ,CA,58.24,9.36,0.0,3.65,1.0,<Residue TYR het=  resseq=161 icode= >,3mkz_A_A,2.98
27,0.0,TYR, ,C,58.94,10.36,0.0,4.15,1.0,<Residue TYR het=  resseq=161 icode= >,3mkz_A_A,2.98
28,0.0,TYR, ,O,57.62,11.04,0.0,1.96,1.0,<Residue TYR het=  resseq=161 icode= >,3mkz_A_A,2.98
29,0.149,TYR, ,CB,65.58,9.94,0.0,1.35,1.0,<Residue TYR het=  resseq=161 icode= >,3mkz_A_A,2.98
30,0.0,TYR, ,CG,66.71,11.28,0.0,2.01,1.0,<Residue TYR het=  resseq=161 icode= >,3mkz_A_A,2.98
31,0.0,TYR, ,CD1,67.74,11.49,0.0,1.21,1.0,<Residue TYR het=  resseq=161 icode= >,3mkz_A_A,2.98
32,6.968,TYR, ,CD2,63.8,12.47,0.0,1.69,1.0,<Residue TYR het=  resseq=161 icode= >,3mkz_A_A,2.98
33,0.0,TYR, ,CE1,70.96,12.79,0.0,1.34,1.0,<Residue TYR het=  resseq=161 icode= >,3mkz_A_A,2.98
34,7.759,TYR, ,CE2,67.47,13.69,0.0,1.61,1.0,<Residue TYR het=  resseq=161 icode= >,3mkz_A_A,2.98
35,0.0,TYR, ,CZ,72.47,13.83,0.0,2.67,1.0,<Residue TYR het=  resseq=161 icode= >,3mkz_A_A,2.98
36,6.952,TYR, ,OH,74.13,15.12,0.0,1.22,1.0,<Residue TYR het=  resseq=161 icode= >,3mkz_A_A,2.98
37,0.062,GLU, ,N,60.46,10.63,0.0,2.99,1.0,<Residue GLU het=  resseq=162 icode= >,3mkz_A_A,2.98
38,0.0,GLU, ,CA,61.11,11.73,0.0,3.40,1.0,<Residue GLU het=  resseq=162 icode= >,3mkz_A_A,2.98
39,0.0,GLU, ,C,62.08,11.10,0.0,3.28,1.0,<Residue GLU het=  resseq=162 icode= >,3mkz_A_A,2.98
40,0.436,GLU, ,O,62.66,11.66,0.0,1.12,1.0,<Residue GLU het=  resseq=162 icode= >,3mkz_A_A,2.98
41,8.263,GLU, ,CB,63.25,12.10,0.0,1.55,1.0,<Residue GLU het=  resseq=162 icode= >,3mkz_A_A,2.98
42,15.17,GLU, ,CG,70.81,12.99,0.0,0.98,1.0,<Residue GLU het=  resseq=162 icode= >,3mkz_A_A,2.98
43,8.749,GLU, ,CD,78.07,13.53,0.0,1.67,1.0,<Residue GLU het=  resseq=162 icode= >,3mkz_A_A,2.98
44,38.192,GLU, ,OE1,75.26,14.14,0.0,1.31,1.0,<Residue GLU het=  resseq=162 icode= >,3mkz_A_A,2.98
45,21.522,GLU, ,OE2,83.43,13.13,0.0,0.97,1.0,<Residue GLU het=  resseq=162 icode= >,3mkz_A_A,2.98
46,0.0,ARG, ,N,58.75,9.78,0.0,2.38,1.0,<Residue ARG het=  resseq=163 icode= >,3mkz_A_A,2.98
47,4.772,ARG, ,CA,52.22,8.94,0.0,3.03,1.0,<Residue ARG het=  resseq=163 icode= >,3mkz_A_A,2.98
48,0.0,ARG, ,C,54.22,9.41,0.0,3.62,1.0,<Residue ARG het=  resseq=163 icode= >,3mkz_A_A,2.98
49,0.0,ARG, ,O,53.44,10.01,0.0,1.28,1.0,<Residue ARG het=  resseq=163 icode= >,3mkz_A_A,2.98
50,0.748,ARG, ,CB,44.78,7.43,0.0,1.82,1.0,<Residue ARG het=  resseq=163 icode= >,3mkz_A_A,2.98
51,5.757,ARG, ,CG,44.37,7.06,0.0,2.02,1.0,<Residue ARG het=  resseq=163 icode= >,3mkz_A_A,2.98
52,11.045,ARG, ,CD,44.5,5.58,0.0,1.60,1.0,<Residue ARG het=  resseq=163 icode= >,3mkz_A_A,2.98
53,5.283,ARG, ,NE,47.17,4.87,0.0,2.23,1.0,<Residue ARG het=  resseq=163 icode= >,3mkz_A_A,2.98
54,5.163,ARG, ,CZ,44.62,3.62,0.0,3.82,1.0,<Residue ARG het=  resseq=163 icode= >,3mkz_A_A,2.98
55,44.092,ARG, ,NH1,27.69,2.85,26.366,2.19,1.0,<Residue ARG het=  resseq=163 icode= >,3mkz_A_A,2.98
56,7.365,ARG, ,NH2,40.83,3.56,2.175,1.44,1.0,<Residue ARG het=  resseq=163 icode= >,3mkz_A_A,2.98
57,0.0,GLY, ,N,51.53,9.42,0.0,2.52,1.0,<Residue GLY het=  resseq=164 icode= >,3mkz_A_A,2.98
58,0.0,GLY, ,CA,47.31,10.10,0.0,1.99,1.0,<Residue GLY het=  resseq=164 icode= >,3mkz_A_A,2.98
59,0.0,GLY, ,C,52.53,11.50,0.0,3.54,1.0,<Residue GLY het=  resseq=164 icode= >,3mkz_A_A,2.98
60,0.0,GLY, ,O,48.9,12.04,0.0,1.80,1.0,<Residue GLY het=  resseq=164 icode= >,3mkz_A_A,2.98
61,0.0,GLN, ,N,54.96,12.19,0.0,2.43,1.0,<Residue GLN het=  resseq=165 icode= >,3mkz_A_A,2.98
62,1.911,GLN, ,CA,55.99,13.57,0.0,2.96,1.0,<Residue GLN het=  resseq=165 icode= >,3mkz_A_A,2.98
63,0.698,GLN, ,C,57.65,13.79,0.0,3.89,1.0,<Residue GLN het=  resseq=165 icode= >,3mkz_A_A,2.98
64,6.24,GLN, ,O,57.43,14.79,0.0,1.62,1.0,<Residue GLN het=  resseq=165 icode= >,3mkz_A_A,2.98
65,1.547,GLN, ,CB,53.6,14.08,0.0,2.30,1.0,<Residue GLN het=  resseq=165 icode= >,3mkz_A_A,2.98
66,29.443,GLN, ,CG,67.07,15.59,0.0,1.59,1.0,<Residue GLN het=  resseq=165 icode= >,3mkz_A_A,2.98
67,6.054,GLN, ,CD,76.8,15.63,0.0,2.41,1.0,<Residue GLN het=  resseq=165 icode= >,3mkz_A_A,2.98
68,14.556,GLN, ,OE1,78.67,15.61,0.0,1.05,1.0,<Residue GLN het=  resseq=165 icode= >,3mkz_A_A,2.98
69,37.132,GLN, ,NE2,76.64,15.68,0.0,1.06,1.0,<Residue GLN het=  resseq=165 icode= >,3mkz_A_A,2.98
70,0.246,ARG, ,N,58.93,12.96,0.0,2.67,1.0,<Residue ARG het=  resseq=166 icode= >,3mkz_A_A,2.98
71,6.109,ARG, ,CA,55.74,13.22,0.0,3.85,1.0,<Residue ARG het=  resseq=166 icode= >,3mkz_A_A,2.98
72,0.0,ARG, ,C,53.43,12.93,0.0,4.34,1.0,<Residue ARG het=  resseq=166 icode= >,3mkz_A_A,2.98
73,0.497,ARG, ,O,48.37,13.82,0.0,2.04,1.0,<Residue ARG het=  resseq=166 icode= >,3mkz_A_A,2.98
74,10.445,ARG, ,CB,54.6,12.60,0.0,1.10,1.0,<Residue ARG het=  resseq=166 icode= >,3mkz_A_A,2.98
75,12.429,ARG, ,CG,62.79,12.96,0.0,0.60,1.0,<Residue ARG het=  resseq=166 icode= >,3mkz_A_A,2.98
76,35.749,ARG, ,CD,60.21,12.62,0.0,0.80,1.0,<Residue ARG het=  resseq=166 icode= >,3mkz_A_A,2.98
77,18.005,ARG, ,NE,55.62,12.85,0.0,2.27,1.0,<Residue ARG het=  resseq=166 icode= >,3mkz_A_A,2.98
78,4.898,ARG, ,CZ,62.12,12.09,0.0,2.70,1.0,<Residue ARG het=  resseq=166 icode= >,3mkz_A_A,2.98
79,10.739,ARG, ,NH1,57.0,10.95,0.0,0.90,1.0,<Residue ARG het=  resseq=166 icode= >,3mkz_A_A,2.98
80,20.906,ARG, ,NH2,65.42,12.59,0.0,0.94,1.0,<Residue ARG het=  resseq=166 icode= >,3mkz_A_A,2.98
81,0.0,TYR, ,N,55.41,11.80,0.0,2.40,1.0,<Residue TYR het=  resseq=167 icode= >,3mkz_A_A,2.98
82,0.0,TYR, ,CA,52.63,11.60,0.0,3.12,1.0,<Residue TYR het=  resseq=167 icode= >,3mkz_A_A,2.98
83,0.0,TYR, ,C,56.01,11.86,0.0,3.50,1.0,<Residue TYR het=  resseq=167 icode= >,3mkz_A_A,2.98
84,0.0,TYR, ,O,52.1,10.96,0.0,2.06,1.0,<Residue TYR het=  resseq=167 icode= >,3mkz_A_A,2.98
85,0.0,TYR, ,CB,48.24,10.39,0.0,1.50,1.0,<Residue TYR het=  resseq=167 icode= >,3mkz_A_A,2.98
86,0.0,TYR, ,CG,51.63,9.07,0.0,2.68,1.0,<Residue TYR het=  resseq=167 icode= >,3mkz_A_A,2.98
87,0.0,TYR, ,CD1,48.76,7.86,0.0,2.27,1.0,<Residue TYR het=  resseq=167 icode= >,3mkz_A_A,2.98
88,0.0,TYR, ,CD2,46.69,9.18,0.0,1.90,1.0,<Residue TYR het=  resseq=167 icode= >,3mkz_A_A,2.98
89,0.0,TYR, ,CE1,46.35,6.65,0.0,2.08,1.0,<Residue TYR het=  resseq=167 icode= >,3mkz_A_A,2.98
90,1.055,TYR, ,CE2,48.61,8.17,0.0,1.57,1.0,<Residue TYR het=  resseq=167 icode= >,3mkz_A_A,2.98
91,1.395,TYR, ,CZ,55.5,6.82,0.0,2.76,1.0,<Residue TYR het=  resseq=167 icode= >,3mkz_A_A,2.98
92,5.867,TYR, ,OH,51.11,5.86,0.0,0.76,1.0,<Residue TYR het=  resseq=167 icode= >,3mkz_A_A,2.98
93,0.0,ALA, ,N,54.24,12.03,0.0,3.13,1.0,<Residue ALA het=  resseq=168 icode= >,3mkz_A_A,2.98
94,0.679,ALA, ,CA,50.44,11.67,0.0,3.86,1.0,<Residue ALA het=  resseq=168 icode= >,3mkz_A_A,2.98
95,0.608,ALA, ,C,51.47,12.22,0.0,4.53,1.0,<Residue ALA het=  resseq=168 icode= >,3mkz_A_A,2.98
96,0.41,ALA, ,O,51.75,11.41,0.0,2.24,1.0,<Residue ALA het=  resseq=168 icode= >,3mkz_A_A,2.98
97,29.817,ALA, ,CB,51.74,12.03,0.0,1.22,1.0,<Residue ALA het=  resseq=168 icode= >,3mkz_A_A,2.98
98,0.664,SER, ,N,56.64,13.48,0.0,2.62,1.0,<Residue SER het=  resseq=169 icode= >,3mkz_A_A,2.98
99,5.351,SER, ,CA,52.82,14.07,0.0,3.26,1.0,<Residue SER het=  resseq=169 icode= >,3mkz_A_A,2.98
100,0.123,SER, ,C,46.66,13.36,0.0,4.40,1.0,<Residue SER het=  resseq=169 icode= >,3mkz_A_A,2.98
101,0.0,SER, ,O,46.44,13.11,0.0,2.09,1.0,<Residue SER het=  resseq=169 icode= >,3mkz_A_A,2.98
102,26.154,SER, ,CB,56.01,15.53,0.0,2.05,1.0,<Residue SER het=  resseq=169 icode= >,3mkz_A_A,2.98
103,26.213,SER, ,OG,56.29,16.27,0.0,1.40,1.0,<Residue SER het=  resseq=169 icode= >,3mkz_A_A,2.98
104,0.409,ARG, ,N,43.0,13.21,0.0,3.12,1.0,<Residue ARG het=  resseq=170 icode= >,3mkz_A_A,2.98
105,3.203,ARG, ,CA,41.76,12.76,0.0,3.43,1.0,<Residue ARG het=  resseq=170 icode= >,3mkz_A_A,2.98
106,0.0,ARG, ,C,44.36,11.39,0.0,4.20,1.0,<Residue ARG het=  resseq=170 icode= >,3mkz_A_A,2.98
107,0.0,ARG, ,O,39.3,11.34,0.0,2.47,1.0,<Residue ARG het=  resseq=170 icode= >,3mkz_A_A,2.98
108,0.574,ARG, ,CB,49.37,12.86,0.0,1.08,1.0,<Residue ARG het=  resseq=170 icode= >,3mkz_A_A,2.98
109,0.0,ARG, ,CG,48.42,13.06,0.0,1.52,1.0,<Residue ARG het=  resseq=170 icode= >,3mkz_A_A,2.98
110,14.747,ARG, ,CD,45.21,14.28,0.0,2.32,1.0,<Residue ARG het=  resseq=170 icode= >,3mkz_A_A,2.98
111,1.995,ARG, ,NE,49.51,14.41,0.0,2.83,1.0,<Residue ARG het=  resseq=170 icode= >,3mkz_A_A,2.98
112,3.941,ARG, ,CZ,49.03,14.32,0.0,3.60,1.0,<Residue ARG het=  resseq=170 icode= >,3mkz_A_A,2.98
113,2.69,ARG, ,NH1,36.12,14.06,0.0,1.83,1.0,<Residue ARG het=  resseq=170 icode= >,3mkz_A_A,2.98
114,25.922,ARG, ,NH2,41.4,14.53,0.0,2.18,1.0,<Residue ARG het=  resseq=170 icode= >,3mkz_A_A,2.98
115,0.0,LEU, ,N,47.88,10.41,0.0,3.11,1.0,<Residue LEU het=  resseq=171 icode= >,3mkz_A_A,2.98
116,0.0,LEU, ,CA,47.96,9.04,0.0,2.70,1.0,<Residue LEU het=  resseq=171 icode= >,3mkz_A_A,2.98
117,0.0,LEU, ,C,47.82,9.15,0.0,4.08,1.0,<Residue LEU het=  resseq=171 icode= >,3mkz_A_A,2.98
118,0.0,LEU, ,O,44.9,8.72,0.0,2.08,1.0,<Residue LEU het=  resseq=171 icode= >,3mkz_A_A,2.98
119,0.0,LEU, ,CB,49.25,8.32,0.0,0.95,1.0,<Residue LEU het=  resseq=171 icode= >,3mkz_A_A,2.98
120,0.187,LEU, ,CG,53.61,6.97,0.0,2.32,1.0,<Residue LEU het=  resseq=171 icode= >,3mkz_A_A,2.98
121,29.376,LEU, ,CD1,56.39,7.33,0.0,0.19,1.0,<Residue LEU het=  resseq=171 icode= >,3mkz_A_A,2.98
122,0.0,LEU, ,CD2,35.05,5.77,0.0,1.32,1.0,<Residue LEU het=  resseq=171 icode= >,3mkz_A_A,2.98
123,0.0,GLN, ,N,53.99,9.99,0.0,2.57,1.0,<Residue GLN het=  resseq=172 icode= >,3mkz_A_A,2.98
124,2.764,GLN, ,CA,62.19,10.45,0.0,2.94,1.0,<Residue GLN het=  resseq=172 icode= >,3mkz_A_A,2.98
125,0.0,GLN, ,C,63.63,11.30,0.0,2.99,1.0,<Residue GLN het=  resseq=172 icode= >,3mkz_A_A,2.98
126,13.21,GLN, ,O,69.09,11.13,0.0,1.32,1.0,<Residue GLN het=  resseq=172 icode= >,3mkz_A_A,2.98
127,10.649,GLN, ,CB,65.91,11.43,0.0,1.53,1.0,<Residue GLN het=  resseq=172 icode= >,3mkz_A_A,2.98
128,26.41,GLN, ,CG,74.58,12.25,0.0,1.32,1.0,<Residue GLN het=  resseq=172 icode= >,3mkz_A_A,2.98
129,5.908,GLN, ,CD,86.17,13.74,0.0,1.32,1.0,<Residue GLN het=  resseq=172 icode= >,3mkz_A_A,2.98
130,36.07,GLN, ,OE1,87.14,14.16,0.0,1.16,1.0,<Residue GLN het=  resseq=172 icode= >,3mkz_A_A,2.98
131,31.851,GLN, ,NE2,87.86,14.63,0.0,0.24,1.0,<Residue GLN het=  resseq=172 icode= >,3mkz_A_A,2.98
132,0.0,ASN, ,N,64.43,12.37,0.0,2.08,1.0,<Residue ASN het=  resseq=173 icode= >,3mkz_A_A,2.98
133,6.002,ASN, ,CA,60.71,13.33,0.0,3.15,1.0,<Residue ASN het=  resseq=173 icode= >,3mkz_A_A,2.98
134,4.029,ASN, ,C,57.62,13.53,0.0,4.23,1.0,<Residue ASN het=  resseq=173 icode= >,3mkz_A_A,2.98
135,25.279,ASN, ,O,59.08,14.63,0.0,2.32,1.0,<Residue ASN het=  resseq=173 icode= >,3mkz_A_A,2.98
136,24.657,ASN, ,CB,55.21,14.70,0.0,1.75,1.0,<Residue ASN het=  resseq=173 icode= >,3mkz_A_A,2.98
137,5.348,ASN, ,CG,54.05,14.99,0.0,3.62,1.0,<Residue ASN het=  resseq=173 icode= >,3mkz_A_A,2.98
138,19.406,ASN, ,OD1,50.28,15.62,0.0,2.39,1.0,<Residue ASN het=  resseq=173 icode= >,3mkz_A_A,2.98
139,10.644,ASN, ,ND2,54.96,14.69,0.0,1.57,1.0,<Residue ASN het=  resseq=173 icode= >,3mkz_A_A,2.98
140,0.199,GLU, ,N,57.49,12.53,0.0,3.31,1.0,<Residue GLU het=  resseq=174 icode= >,3mkz_A_A,2.98
141,8.141,GLU, ,CA,58.2,12.84,0.0,3.51,1.0,<Residue GLU het=  resseq=174 icode= >,3mkz_A_A,2.98
142,2.979,GLU, ,C,56.34,11.67,0.0,4.29,1.0,<Residue GLU het=  resseq=174 icode= >,3mkz_A_A,2.98
143,19.371,GLU, ,O,50.69,11.93,0.0,3.06,1.0,<Residue GLU het=  resseq=174 icode= >,3mkz_A_A,2.98
144,3.843,GLU, ,CB,63.39,13.44,0.0,1.96,1.0,<Residue GLU het=  resseq=174 icode= >,3mkz_A_A,2.98
145,25.443,GLU, ,CG,78.62,14.20,0.0,1.03,1.0,<Residue GLU het=  resseq=174 icode= >,3mkz_A_A,2.98
146,7.681,GLU, ,CD,82.92,14.74,0.0,2.55,1.0,<Residue GLU het=  resseq=174 icode= >,3mkz_A_A,2.98
147,21.373,GLU, ,OE1,87.29,15.42,0.0,0.96,1.0,<Residue GLU het=  resseq=174 icode= >,3mkz_A_A,2.98
148,14.067,GLU, ,OE2,83.55,14.63,0.0,1.24,1.0,<Residue GLU het=  resseq=174 icode= >,3mkz_A_A,2.98
149,0.0,PHE, ,N,59.93,10.46,0.0,2.67,1.0,<Residue PHE het=  resseq=175 icode= >,3mkz_A_A,2.98
150,3.321,PHE, ,CA,53.84,9.35,0.0,3.64,1.0,<Residue PHE het=  resseq=175 icode= >,3mkz_A_A,2.98
151,1.255,PHE, ,C,56.0,8.51,0.0,3.67,1.0,<Residue PHE het=  resseq=175 icode= >,3mkz_A_A,2.98
152,1.988,PHE, ,O,56.18,7.48,0.0,2.11,1.0,<Residue PHE het=  resseq=175 icode= >,3mkz_A_A,2.98
153,0.0,PHE, ,CB,44.43,8.66,0.0,2.18,1.0,<Residue PHE het=  resseq=175 icode= >,3mkz_A_A,2.98
154,0.0,PHE, ,CG,50.21,9.57,0.0,2.93,1.0,<Residue PHE het=  resseq=175 icode= >,3mkz_A_A,2.98
155,0.0,PHE, ,CD1,51.99,10.42,0.0,2.21,1.0,<Residue PHE het=  resseq=175 icode= >,3mkz_A_A,2.98
156,6.284,PHE, ,CD2,42.46,9.70,0.0,2.61,1.0,<Residue PHE het=  resseq=175 icode= >,3mkz_A_A,2.98
157,0.0,PHE, ,CE1,46.53,11.27,0.0,2.14,1.0,<Residue PHE het=  resseq=175 icode= >,3mkz_A_A,2.98
158,19.162,PHE, ,CE2,32.89,10.45,0.0,3.13,1.0,<Residue PHE het=  resseq=175 icode= >,3mkz_A_A,2.98
159,3.984,PHE, ,CZ,40.76,11.21,0.0,2.81,1.0,<Residue PHE het=  resseq=175 icode= >,3mkz_A_A,2.98
160,4.455,ALA, ,N,51.52,9.14,0.0,2.88,1.0,<Residue ALA het=  resseq=176 icode= >,3mkz_A_A,2.98
161,14.431,ALA, ,CA,51.04,8.74,0.0,3.16,1.0,<Residue ALA het=  resseq=176 icode= >,3mkz_A_A,2.98
162,4.23,ALA, ,C,47.27,7.39,0.0,4.06,1.0,<Residue ALA het=  resseq=176 icode= >,3mkz_A_A,2.98
163,23.938,ALA, ,O,53.08,6.97,0.0,1.52,1.0,<Residue ALA het=  resseq=176 icode= >,3mkz_A_A,2.98
164,56.072,ALA, ,CB,43.51,8.93,0.0,0.70,1.0,<Residue ALA het=  resseq=176 icode= >,3mkz_A_A,2.98
165,0.206,GLY, ,N,40.34,6.95,0.0,3.61,1.0,<Residue GLY het=  resseq=177 icode= >,3mkz_A_A,2.98
166,17.015,GLY, ,CA,42.43,5.83,0.0,3.18,1.0,<Residue GLY het=  resseq=177 icode= >,3mkz_A_A,2.98
167,1.895,GLY, ,C,47.1,4.49,0.0,3.90,1.0,<Residue GLY het=  resseq=177 icode= >,3mkz_A_A,2.98
168,19.666,GLY, ,O,54.62,3.48,5.025,2.44,1.0,<Residue GLY het=  resseq=177 icode= >,3mkz_A_A,2.98
169,0.0,ASN, ,N,48.13,4.73,0.0,3.42,1.0,<Residue ASN het=  resseq=178 icode= >,3mkz_A_A,2.98
170,8.599,ASN, ,CA,49.43,3.91,4.271,4.19,1.0,<Residue ASN het=  resseq=178 icode= >,3mkz_A_A,2.98
171,0.0,ASN, ,C,54.34,3.84,0.0,3.12,1.0,<Residue ASN het=  resseq=178 icode= >,3mkz_A_A,2.98
172,0.0,ASN, ,O,57.82,4.90,0.0,1.50,1.0,<Residue ASN het=  resseq=178 icode= >,3mkz_A_A,2.98
173,12.891,ASN, ,CB,48.33,5.02,0.0,2.88,1.0,<Residue ASN het=  resseq=178 icode= >,3mkz_A_A,2.98
174,4.832,ASN, ,CG,57.6,4.39,4.14,3.63,1.0,<Residue ASN het=  resseq=178 icode= >,3mkz_A_A,2.98
175,4.437,ASN, ,OD1,61.76,3.47,4.437,0.79,1.0,<Residue ASN het=  resseq=178 icode= >,3mkz_A_A,2.98
176,43.96,ASN, ,ND2,57.38,4.13,10.557,1.85,1.0,<Residue ASN het=  resseq=178 icode= >,3mkz_A_A,2.98
177,2.914,ILE, ,N,57.02,3.00,2.914,1.93,1.0,<Residue ILE het=  resseq=179 icode= >,3mkz_A_A,2.98
178,0.0,ILE, ,CA,53.64,3.77,0.0,2.94,1.0,<Residue ILE het=  resseq=179 icode= >,3mkz_A_A,2.98
179,0.0,ILE, ,C,50.69,3.56,0.0,4.14,1.0,<Residue ILE het=  resseq=179 icode= >,3mkz_A_A,2.98
180,0.0,ILE, ,O,49.9,4.57,0.0,2.02,1.0,<Residue ILE het=  resseq=179 icode= >,3mkz_A_A,2.98
181,1.02,ILE, ,CB,50.11,3.78,1.02,3.01,1.0,<Residue ILE het=  resseq=179 icode= >,3mkz_A_A,2.98
182,12.396,ILE, ,CG1,43.06,3.19,6.165,1.77,1.0,<Residue ILE het=  resseq=179 icode= >,3mkz_A_A,2.98
183,0.253,ILE, ,CG2,44.37,5.19,0.0,0.74,1.0,<Residue ILE het=  resseq=179 icode= >,3mkz_A_A,2.98
184,50.1,ILE, ,CD1,41.23,3.19,34.394,0.40,1.0,<Residue ILE het=  resseq=179 icode= >,3mkz_A_A,2.98
185,1.885,SER, ,N,46.05,2.75,1.885,3.46,1.0,<Residue SER het=  resseq=180 icode= >,3mkz_A_A,2.98
186,0.145,SER, ,CA,42.7,3.44,0.0,4.01,1.0,<Residue SER het=  resseq=180 icode= >,3mkz_A_A,2.98
187,1.054,SER, ,C,43.69,4.83,0.0,4.67,1.0,<Residue SER het=  resseq=180 icode= >,3mkz_A_A,2.98
188,0.699,SER, ,O,43.25,5.83,0.0,2.15,1.0,<Residue SER het=  resseq=180 icode= >,3mkz_A_A,2.98
189,25.029,SER, ,CB,42.19,3.28,9.875,2.13,1.0,<Residue SER het=  resseq=180 icode= >,3mkz_A_A,2.98
190,25.779,SER, ,OG,53.2,2.74,24.078,1.11,1.0,<Residue SER het=  resseq=180 icode= >,3mkz_A_A,2.98
191,0.258,ALA, ,N,42.29,5.14,0.0,2.95,1.0,<Residue ALA het=  resseq=181 icode= >,3mkz_A_A,2.98
192,9.254,ALA, ,CA,42.36,6.56,0.0,3.72,1.0,<Residue ALA het=  resseq=181 icode= >,3mkz_A_A,2.98
193,0.0,ALA, ,C,52.7,7.29,0.0,3.85,1.0,<Residue ALA het=  resseq=181 icode= >,3mkz_A_A,2.98
194,1.727,ALA, ,O,60.1,8.42,0.0,1.81,1.0,<Residue ALA het=  resseq=181 icode= >,3mkz_A_A,2.98
195,19.99,ALA, ,CB,33.27,6.94,0.0,1.28,1.0,<Residue ALA het=  resseq=181 icode= >,3mkz_A_A,2.98
196,0.0,LEU, ,N,54.72,6.89,0.0,2.95,1.0,<Residue LEU het=  resseq=182 icode= >,3mkz_A_A,2.98
197,0.0,LEU, ,CA,55.45,7.90,0.0,3.70,1.0,<Residue LEU het=  resseq=182 icode= >,3mkz_A_A,2.98
198,0.0,LEU, ,C,58.24,8.29,0.0,3.37,1.0,<Residue LEU het=  resseq=182 icode= >,3mkz_A_A,2.98
199,0.0,LEU, ,O,58.85,9.49,0.0,1.48,1.0,<Residue LEU het=  resseq=182 icode= >,3mkz_A_A,2.98
200,0.0,LEU, ,CB,52.8,7.74,0.0,1.94,1.0,<Residue LEU het=  resseq=182 icode= >,3mkz_A_A,2.98
201,0.0,LEU, ,CG,47.18,9.12,0.0,2.93,1.0,<Residue LEU het=  resseq=182 icode= >,3mkz_A_A,2.98
202,0.0,LEU, ,CD1,38.46,9.43,0.0,0.87,1.0,<Residue LEU het=  resseq=182 icode= >,3mkz_A_A,2.98
203,0.0,LEU, ,CD2,47.42,10.21,0.0,0.99,1.0,<Residue LEU het=  resseq=182 icode= >,3mkz_A_A,2.98
204,0.0,ALA, ,N,61.62,7.43,0.0,2.12,1.0,<Residue ALA het=  resseq=183 icode= >,3mkz_A_A,2.98
205,0.0,ALA, ,CA,64.28,8.08,0.0,3.58,1.0,<Residue ALA het=  resseq=183 icode= >,3mkz_A_A,2.98
206,0.828,ALA, ,C,62.76,8.40,0.0,4.31,1.0,<Residue ALA het=  resseq=183 icode= >,3mkz_A_A,2.98
207,2.862,ALA, ,O,62.41,7.46,0.0,1.50,1.0,<Residue ALA het=  resseq=183 icode= >,3mkz_A_A,2.98
208,2.91,ALA, ,CB,66.83,7.28,0.0,0.32,1.0,<Residue ALA het=  resseq=183 icode= >,3mkz_A_A,2.98
209,0.0,ASP, ,N,64.98,8.64,0.0,3.48,1.0,<Residue ASP het=  resseq=184 icode= >,3mkz_A_A,2.98
210,2.487,ASP, ,CA,67.34,9.58,0.0,3.24,1.0,<Residue ASP het=  resseq=184 icode= >,3mkz_A_A,2.98
211,1.017,ASP, ,C,64.03,10.31,0.0,3.57,1.0,<Residue ASP het=  resseq=184 icode= >,3mkz_A_A,2.98
212,12.646,ASP, ,O,65.74,9.97,0.0,2.08,1.0,<Residue ASP het=  resseq=184 icode= >,3mkz_A_A,2.98
213,10.673,ASP, ,CB,73.63,9.10,0.0,1.53,1.0,<Residue ASP het=  resseq=184 icode= >,3mkz_A_A,2.98
214,12.406,ASP, ,CG,84.65,8.87,0.0,1.91,1.0,<Residue ASP het=  resseq=184 icode= >,3mkz_A_A,2.98
215,38.903,ASP, ,OD1,92.45,9.76,0.0,0.74,1.0,<Residue ASP het=  resseq=184 icode= >,3mkz_A_A,2.98
216,33.866,ASP, ,OD2,85.17,8.01,0.0,1.20,1.0,<Residue ASP het=  resseq=184 icode= >,3mkz_A_A,2.98
217,0.05,ALA, ,N,57.83,10.83,0.0,3.03,1.0,<Residue ALA het=  resseq=185 icode= >,3mkz_A_A,2.98
218,11.109,ALA, ,CA,57.78,11.83,0.0,3.10,1.0,<Residue ALA het=  resseq=185 icode= >,3mkz_A_A,2.98
219,3.787,ALA, ,C,55.25,11.17,0.0,3.52,1.0,<Residue ALA het=  resseq=185 icode= >,3mkz_A_A,2.98
220,18.362,ALA, ,O,59.88,11.89,0.0,1.63,1.0,<Residue ALA het=  resseq=185 icode= >,3mkz_A_A,2.98
221,28.029,ALA, ,CB,57.03,12.19,0.0,0.16,1.0,<Residue ALA het=  resseq=185 icode= >,3mkz_A_A,2.98
222,0.0,GLU, ,N,49.35,9.93,0.0,3.55,1.0,<Residue GLU het=  resseq=186 icode= >,3mkz_A_A,2.98
223,8.997,GLU, ,CA,51.39,9.36,0.0,3.65,1.0,<Residue GLU het=  resseq=186 icode= >,3mkz_A_A,2.98
224,2.53,GLU, ,C,55.93,7.99,0.0,3.62,1.0,<Residue GLU het=  resseq=186 icode= >,3mkz_A_A,2.98
225,15.298,GLU, ,O,58.83,7.28,0.0,1.36,1.0,<Residue GLU het=  resseq=186 icode= >,3mkz_A_A,2.98
226,0.087,GLU, ,CB,54.59,9.09,0.0,1.76,1.0,<Residue GLU het=  resseq=186 icode= >,3mkz_A_A,2.98
227,0.0,GLU, ,CG,60.3,10.40,0.0,2.00,1.0,<Residue GLU het=  resseq=186 icode= >,3mkz_A_A,2.98
228,5.023,GLU, ,CD,63.44,10.41,0.0,2.99,1.0,<Residue GLU het=  resseq=186 icode= >,3mkz_A_A,2.98
229,2.117,GLU, ,OE1,59.16,11.37,0.0,1.77,1.0,<Residue GLU het=  resseq=186 icode= >,3mkz_A_A,2.98
230,12.018,GLU, ,OE2,60.51,9.19,0.0,1.71,1.0,<Residue GLU het=  resseq=186 icode= >,3mkz_A_A,2.98
231,0.105,ASN, ,N,58.52,7.81,0.0,2.67,1.0,<Residue ASN het=  resseq=187 icode= >,3mkz_A_A,2.98
232,2.259,ASN, ,CA,58.29,6.69,0.0,3.30,1.0,<Residue ASN het=  resseq=187 icode= >,3mkz_A_A,2.98
233,2.177,ASN, ,C,58.21,5.36,0.01,3.41,1.0,<Residue ASN het=  resseq=187 icode= >,3mkz_A_A,2.98
234,12.84,ASN, ,O,61.77,4.72,2.438,1.72,1.0,<Residue ASN het=  resseq=187 icode= >,3mkz_A_A,2.98
235,25.54,ASN, ,CB,53.31,7.02,0.0,2.39,1.0,<Residue ASN het=  resseq=187 icode= >,3mkz_A_A,2.98
236,6.519,ASN, ,CG,66.32,6.54,0.0,2.51,1.0,<Residue ASN het=  resseq=187 icode= >,3mkz_A_A,2.98
237,37.22,ASN, ,OD1,70.42,7.17,0.0,1.40,1.0,<Residue ASN het=  resseq=187 icode= >,3mkz_A_A,2.98
238,48.659,ASN, ,ND2,64.47,5.69,0.778,1.28,1.0,<Residue ASN het=  resseq=187 icode= >,3mkz_A_A,2.98
239,1.396,ILE, ,N,52.05,5.30,0.0,2.55,1.0,<Residue ILE het=  resseq=188 icode= >,3mkz_A_A,2.98
240,3.429,ILE, ,CA,43.03,4.07,2.408,3.20,1.0,<Residue ILE het=  resseq=188 icode= >,3mkz_A_A,2.98
241,3.464,ILE, ,C,41.96,3.84,0.0,3.29,1.0,<Residue ILE het=  resseq=188 icode= >,3mkz_A_A,2.98
242,3.304,ILE, ,O,37.42,4.95,0.0,2.04,1.0,<Residue ILE het=  resseq=188 icode= >,3mkz_A_A,2.98
243,3.751,ILE, ,CB,40.91,4.51,0.0,2.70,1.0,<Residue ILE het=  resseq=188 icode= >,3mkz_A_A,2.98
244,1.605,ILE, ,CG1,38.8,3.64,0.0,2.00,1.0,<Residue ILE het=  resseq=188 icode= >,3mkz_A_A,2.98
245,0.038,ILE, ,CG2,44.54,5.48,0.0,0.89,1.0,<Residue ILE het=  resseq=188 icode= >,3mkz_A_A,2.98
246,48.795,ILE, ,CD1,49.38,2.85,33.762,0.26,1.0,<Residue ILE het=  resseq=188 icode= >,3mkz_A_A,2.98
247,3.812,SER, ,N,44.88,2.76,2.586,1.71,1.0,<Residue SER het=  resseq=189 icode= >,3mkz_A_A,2.98
248,7.43,SER, ,CA,46.03,3.37,0.0,2.70,1.0,<Residue SER het=  resseq=189 icode= >,3mkz_A_A,2.98
249,0.0,SER, ,C,50.64,4.58,0.0,2.76,1.0,<Residue SER het=  resseq=189 icode= >,3mkz_A_A,2.98
250,0.0,SER, ,O,54.23,4.78,0.0,1.33,1.0,<Residue SER het=  resseq=189 icode= >,3mkz_A_A,2.98
251,18.765,SER, ,CB,40.3,2.84,17.929,2.43,1.0,<Residue SER het=  resseq=189 icode= >,3mkz_A_A,2.98
252,39.894,SER, ,OG,49.31,2.92,33.164,1.12,1.0,<Residue SER het=  resseq=189 icode= >,3mkz_A_A,2.98
253,4.883,ARG, ,N,52.51,5.71,0.0,1.75,1.0,<Residue ARG het=  resseq=190 icode= >,3mkz_A_A,2.98
254,0.0,ARG, ,CA,48.02,6.40,0.0,3.07,1.0,<Residue ARG het=  resseq=190 icode= >,3mkz_A_A,2.98
255,1.019,ARG, ,C,52.7,5.92,0.271,3.85,1.0,<Residue ARG het=  resseq=190 icode= >,3mkz_A_A,2.98
256,0.1,ARG, ,O,51.44,5.65,0.0,2.00,1.0,<Residue ARG het=  resseq=190 icode= >,3mkz_A_A,2.98
257,4.745,ARG, ,CB,41.33,5.68,0.133,1.28,1.0,<Residue ARG het=  resseq=190 icode= >,3mkz_A_A,2.98
258,0.0,ARG, ,CG,45.8,4.86,0.0,1.21,1.0,<Residue ARG het=  resseq=190 icode= >,3mkz_A_A,2.98
259,17.383,ARG, ,CD,46.16,4.10,0.585,1.35,1.0,<Residue ARG het=  resseq=190 icode= >,3mkz_A_A,2.98
260,17.873,ARG, ,NE,38.72,3.66,3.874,2.32,1.0,<Residue ARG het=  resseq=190 icode= >,3mkz_A_A,2.98
261,4.278,ARG, ,CZ,38.66,3.45,4.227,4.32,1.0,<Residue ARG het=  resseq=190 icode= >,3mkz_A_A,2.98
262,30.785,ARG, ,NH1,26.19,3.62,29.192,2.45,1.0,<Residue ARG het=  resseq=190 icode= >,3mkz_A_A,2.98
263,59.325,ARG, ,NH2,27.8,3.17,52.716,2.12,1.0,<Residue ARG het=  resseq=190 icode= >,3mkz_A_A,2.98
264,2.827,LYS, ,N,51.94,5.28,0.166,2.21,1.0,<Residue LYS het=  resseq=191 icode= >,3mkz_A_A,2.98
265,3.969,LYS, ,CA,53.04,5.09,0.0,2.78,1.0,<Residue LYS het=  resseq=191 icode= >,3mkz_A_A,2.98
266,0.0,LYS, ,C,54.5,5.12,0.0,3.83,1.0,<Residue LYS het=  resseq=191 icode= >,3mkz_A_A,2.98
267,0.0,LYS, ,O,54.69,5.84,0.0,2.02,1.0,<Residue LYS het=  resseq=191 icode= >,3mkz_A_A,2.98
268,15.594,LYS, ,CB,53.24,4.20,11.566,1.86,1.0,<Residue LYS het=  resseq=191 icode= >,3mkz_A_A,2.98
269,2.296,LYS, ,CG,47.29,4.63,0.0,1.74,1.0,<Residue LYS het=  resseq=191 icode= >,3mkz_A_A,2.98
270,12.402,LYS, ,CD,57.77,3.64,10.1,1.24,1.0,<Residue LYS het=  resseq=191 icode= >,3mkz_A_A,2.98
271,41.532,LYS, ,CE,54.78,2.87,32.748,1.40,1.0,<Residue LYS het=  resseq=191 icode= >,3mkz_A_A,2.98
272,44.726,LYS, ,NZ,58.58,2.58,35.435,0.93,1.0,<Residue LYS het=  resseq=191 icode= >,3mkz_A_A,2.98
273,0.0,ILE, ,N,54.45,4.79,0.0,2.19,1.0,<Residue ILE het=  resseq=192 icode= >,3mkz_A_A,2.98
274,0.0,ILE, ,CA,50.49,5.43,0.0,3.03,1.0,<Residue ILE het=  resseq=192 icode= >,3mkz_A_A,2.98
275,0.0,ILE, ,C,50.87,6.16,0.0,3.67,1.0,<Residue ILE het=  resseq=192 icode= >,3mkz_A_A,2.98
276,0.0,ILE, ,O,47.21,6.20,0.0,2.32,1.0,<Residue ILE het=  resseq=192 icode= >,3mkz_A_A,2.98
277,0.0,ILE, ,CB,48.0,4.53,0.0,1.96,1.0,<Residue ILE het=  resseq=192 icode= >,3mkz_A_A,2.98
278,3.383,ILE, ,CG1,48.39,3.84,3.383,1.52,1.0,<Residue ILE het=  resseq=192 icode= >,3mkz_A_A,2.98
279,5.605,ILE, ,CG2,53.63,3.44,4.504,0.20,1.0,<Residue ILE het=  resseq=192 icode= >,3mkz_A_A,2.98
280,34.339,ILE, ,CD1,47.98,3.76,32.638,0.21,1.0,<Residue ILE het=  resseq=192 icode= >,3mkz_A_A,2.98
281,0.0,ILE, ,N,46.26,7.04,0.0,2.13,1.0,<Residue ILE het=  resseq=193 icode= >,3mkz_A_A,2.98
282,0.0,ILE, ,CA,46.28,8.02,0.0,4.01,1.0,<Residue ILE het=  resseq=193 icode= >,3mkz_A_A,2.98
283,0.0,ILE, ,C,48.54,7.67,0.0,4.96,1.0,<Residue ILE het=  resseq=193 icode= >,3mkz_A_A,2.98
284,0.0,ILE, ,O,46.51,8.38,0.0,2.34,1.0,<Residue ILE het=  resseq=193 icode= >,3mkz_A_A,2.98
285,0.0,ILE, ,CB,47.66,7.54,0.0,2.57,1.0,<Residue ILE het=  resseq=193 icode= >,3mkz_A_A,2.98
286,0.0,ILE, ,CG1,52.18,8.24,0.0,1.65,1.0,<Residue ILE het=  resseq=193 icode= >,3mkz_A_A,2.98
287,0.0,ILE, ,CG2,41.98,7.92,0.0,0.14,1.0,<Residue ILE het=  resseq=193 icode= >,3mkz_A_A,2.98
288,0.0,ILE, ,CD1,59.13,8.44,0.0,-0.37,1.0,<Residue ILE het=  resseq=193 icode= >,3mkz_A_A,2.98
289,0.0,THR, ,N,45.74,6.55,0.0,3.45,1.0,<Residue THR het=  resseq=194 icode= >,3mkz_A_A,2.98
290,4.441,THR, ,CA,49.24,6.19,0.0,3.53,1.0,<Residue THR het=  resseq=194 icode= >,3mkz_A_A,2.98
291,0.0,THR, ,C,52.77,7.27,0.0,3.86,1.0,<Residue THR het=  resseq=194 icode= >,3mkz_A_A,2.98
292,0.199,THR, ,O,50.72,7.49,0.0,2.13,1.0,<Residue THR het=  resseq=194 icode= >,3mkz_A_A,2.98
293,0.707,THR, ,CB,49.36,5.05,0.0,3.21,1.0,<Residue THR het=  resseq=194 icode= >,3mkz_A_A,2.98
294,17.114,THR, ,OG1,43.26,3.78,12.789,2.40,1.0,<Residue THR het=  resseq=194 icode= >,3mkz_A_A,2.98
295,24.524,THR, ,CG2,53.8,5.56,8.531,0.57,1.0,<Residue THR het=  resseq=194 icode= >,3mkz_A_A,2.98
296,0.0,ARG, ,N,52.06,8.20,0.0,2.27,1.0,<Residue ARG het=  resseq=195 icode= >,3mkz_A_A,2.98
297,0.0,ARG, ,CA,47.54,7.61,0.0,3.49,1.0,<Residue ARG het=  resseq=195 icode= >,3mkz_A_A,2.98
298,0.0,ARG, ,C,49.31,7.76,0.0,4.30,1.0,<Residue ARG het=  resseq=195 icode= >,3mkz_A_A,2.98
299,0.0,ARG, ,O,53.32,8.15,0.0,1.55,1.0,<Residue ARG het=  resseq=195 icode= >,3mkz_A_A,2.98
300,0.366,ARG, ,CB,43.44,6.18,0.0,1.65,1.0,<Residue ARG het=  resseq=195 icode= >,3mkz_A_A,2.98
301,3.426,ARG, ,CG,43.87,6.16,0.0,1.94,1.0,<Residue ARG het=  resseq=195 icode= >,3mkz_A_A,2.98
302,1.659,ARG, ,CD,43.94,5.01,0.327,2.08,1.0,<Residue ARG het=  resseq=195 icode= >,3mkz_A_A,2.98
303,7.792,ARG, ,NE,52.1,5.00,0.0,2.67,1.0,<Residue ARG het=  resseq=195 icode= >,3mkz_A_A,2.98
304,0.0,ARG, ,CZ,55.7,3.77,0.0,2.84,1.0,<Residue ARG het=  resseq=195 icode= >,3mkz_A_A,2.98
305,20.516,ARG, ,NH1,64.32,2.81,20.357,0.70,1.0,<Residue ARG het=  resseq=195 icode= >,3mkz_A_A,2.98
306,19.008,ARG, ,NH2,57.98,3.75,10.714,0.77,1.0,<Residue ARG het=  resseq=195 icode= >,3mkz_A_A,2.98
307,0.0,CYS, ,N,51.06,7.68,0.0,3.20,1.0,<Residue CYS het=  resseq=196 icode= >,3mkz_A_A,2.98
308,0.0,CYS, ,CA,49.56,7.87,0.0,2.95,1.0,<Residue CYS het=  resseq=196 icode= >,3mkz_A_A,2.98
309,0.0,CYS, ,C,48.96,9.31,0.0,3.80,1.0,<Residue CYS het=  resseq=196 icode= >,3mkz_A_A,2.98
310,0.0,CYS, ,O,43.8,9.88,0.0,2.52,1.0,<Residue CYS het=  resseq=196 icode= >,3mkz_A_A,2.98
311,0.0,CYS, ,CB,50.11,6.94,0.0,2.23,1.0,<Residue CYS het=  resseq=196 icode= >,3mkz_A_A,2.98
312,1.844,CYS, ,SG,57.48,5.38,0.644,3.34,1.0,<Residue CYS het=  resseq=196 icode= >,3mkz_A_A,2.98
313,0.0,ILE, ,N,44.84,9.77,0.0,2.85,1.0,<Residue ILE het=  resseq=197 icode= >,3mkz_A_A,2.98
314,0.0,ILE, ,CA,43.76,9.61,0.0,3.21,1.0,<Residue ILE het=  resseq=197 icode= >,3mkz_A_A,2.98
315,0.0,ILE, ,C,42.17,9.70,0.0,4.76,1.0,<Residue ILE het=  resseq=197 icode= >,3mkz_A_A,2.98
316,0.171,ILE, ,O,42.86,10.53,0.0,2.19,1.0,<Residue ILE het=  resseq=197 icode= >,3mkz_A_A,2.98
317,1.105,ILE, ,CB,39.23,8.37,0.0,3.37,1.0,<Residue ILE het=  resseq=197 icode= >,3mkz_A_A,2.98
318,0.0,ILE, ,CG1,35.2,8.72,0.0,2.06,1.0,<Residue ILE het=  resseq=197 icode= >,3mkz_A_A,2.98
319,16.135,ILE, ,CG2,28.12,8.38,0.0,1.54,1.0,<Residue ILE het=  resseq=197 icode= >,3mkz_A_A,2.98
320,7.505,ILE, ,CD1,27.87,8.02,0.0,1.35,1.0,<Residue ILE het=  resseq=197 icode= >,3mkz_A_A,2.98
321,0.0,ASN, ,N,42.67,9.06,0.0,3.18,1.0,<Residue ASN het=  resseq=198 icode= >,3mkz_A_A,2.98
322,0.0,ASN, ,CA,48.19,9.44,0.0,3.84,1.0,<Residue ASN het=  resseq=198 icode= >,3mkz_A_A,2.98
323,0.0,ASN, ,C,50.81,10.94,0.0,4.33,1.0,<Residue ASN het=  resseq=198 icode= >,3mkz_A_A,2.98
324,0.0,ASN, ,O,53.02,11.59,0.0,1.70,1.0,<Residue ASN het=  resseq=198 icode= >,3mkz_A_A,2.98
325,0.0,ASN, ,CB,47.04,8.98,0.0,2.34,1.0,<Residue ASN het=  resseq=198 icode= >,3mkz_A_A,2.98
326,1.265,ASN, ,CG,55.77,7.72,0.0,3.20,1.0,<Residue ASN het=  resseq=198 icode= >,3mkz_A_A,2.98
327,8.262,ASN, ,OD1,49.46,7.46,0.0,2.13,1.0,<Residue ASN het=  resseq=198 icode= >,3mkz_A_A,2.98
328,8.168,ASN, ,ND2,62.12,6.73,0.0,0.99,1.0,<Residue ASN het=  resseq=198 icode= >,3mkz_A_A,2.98
329,0.0,THR, ,N,50.25,10.15,0.0,3.16,1.0,<Residue THR het=  resseq=199 icode= >,3mkz_A_A,2.98
330,0.0,THR, ,CA,51.76,10.02,0.0,3.52,1.0,<Residue THR het=  resseq=199 icode= >,3mkz_A_A,2.98
331,0.0,THR, ,C,55.23,11.04,0.0,3.91,1.0,<Residue THR het=  resseq=199 icode= >,3mkz_A_A,2.98
332,0.0,THR, ,O,59.71,11.70,0.0,1.63,1.0,<Residue THR het=  resseq=199 icode= >,3mkz_A_A,2.98
333,0.0,THR, ,CB,51.14,8.63,0.0,2.93,1.0,<Residue THR het=  resseq=199 icode= >,3mkz_A_A,2.98
334,0.0,THR, ,OG1,52.86,7.72,0.0,1.66,1.0,<Residue THR het=  resseq=199 icode= >,3mkz_A_A,2.98
335,0.0,THR, ,CG2,52.02,8.67,0.0,0.69,1.0,<Residue THR het=  resseq=199 icode= >,3mkz_A_A,2.98
336,0.0,ALA, ,N,51.94,11.34,0.0,2.99,1.0,<Residue ALA het=  resseq=200 icode= >,3mkz_A_A,2.98
337,0.0,ALA, ,CA,51.56,12.42,0.0,3.45,1.0,<Residue ALA het=  resseq=200 icode= >,3mkz_A_A,2.98
338,0.851,ALA, ,C,54.03,13.73,0.0,3.58,1.0,<Residue ALA het=  resseq=200 icode= >,3mkz_A_A,2.98
339,13.249,ALA, ,O,56.77,14.71,0.0,1.61,1.0,<Residue ALA het=  resseq=200 icode= >,3mkz_A_A,2.98
340,4.73,ALA, ,CB,50.2,12.72,0.0,0.81,1.0,<Residue ALA het=  resseq=200 icode= >,3mkz_A_A,2.98
341,0.0,LYS, ,N,55.48,13.16,0.0,2.82,1.0,<Residue LYS het=  resseq=201 icode= >,3mkz_A_A,2.98
342,8.614,LYS, ,CA,60.17,13.31,0.0,3.51,1.0,<Residue LYS het=  resseq=201 icode= >,3mkz_A_A,2.98
343,1.219,LYS, ,C,61.64,14.47,0.0,3.42,1.0,<Residue LYS het=  resseq=201 icode= >,3mkz_A_A,2.98
344,24.097,LYS, ,O,64.42,14.88,0.0,1.77,1.0,<Residue LYS het=  resseq=201 icode= >,3mkz_A_A,2.98
345,7.526,LYS, ,CB,58.96,12.05,0.0,2.06,1.0,<Residue LYS het=  resseq=201 icode= >,3mkz_A_A,2.98
346,15.215,LYS, ,CG,56.31,10.90,0.0,1.45,1.0,<Residue LYS het=  resseq=201 icode= >,3mkz_A_A,2.98
347,5.403,LYS, ,CD,55.51,9.71,0.0,1.34,1.0,<Residue LYS het=  resseq=201 icode= >,3mkz_A_A,2.98
348,24.946,LYS, ,CE,58.61,8.69,0.0,1.22,1.0,<Residue LYS het=  resseq=201 icode= >,3mkz_A_A,2.98
349,37.163,LYS, ,NZ,70.58,7.63,0.0,0.64,1.0,<Residue LYS het=  resseq=201 icode= >,3mkz_A_A,2.98
350,0.0,LEU, ,N,57.61,14.41,0.0,2.91,1.0,<Residue LEU het=  resseq=202 icode= >,3mkz_A_A,2.98
351,0.171,LEU, ,CA,61.28,14.78,0.0,2.88,1.0,<Residue LEU het=  resseq=202 icode= >,3mkz_A_A,2.98
352,0.457,LEU, ,C,64.06,15.69,0.0,4.20,1.0,<Residue LEU het=  resseq=202 icode= >,3mkz_A_A,2.98
353,3.784,LEU, ,O,63.36,15.63,0.0,2.18,1.0,<Residue LEU het=  resseq=202 icode= >,3mkz_A_A,2.98
354,0.0,LEU, ,CB,55.03,13.44,0.0,2.10,1.0,<Residue LEU het=  resseq=202 icode= >,3mkz_A_A,2.98
355,0.0,LEU, ,CG,53.32,12.28,0.0,2.81,1.0,<Residue LEU het=  resseq=202 icode= >,3mkz_A_A,2.98
356,0.0,LEU, ,CD1,49.93,10.97,0.0,0.72,1.0,<Residue LEU het=  resseq=202 icode= >,3mkz_A_A,2.98
357,1.274,LEU, ,CD2,51.42,12.53,0.0,1.10,1.0,<Residue LEU het=  resseq=202 icode= >,3mkz_A_A,2.98
358,0.041,PRO, ,N,64.64,16.51,0.0,3.93,1.0,<Residue PRO het=  resseq=203 icode= >,3mkz_A_A,2.98
359,11.781,PRO, ,CA,65.72,17.64,0.0,3.54,1.0,<Residue PRO het=  resseq=203 icode= >,3mkz_A_A,2.98
360,0.0,PRO, ,C,66.86,17.03,0.0,3.59,1.0,<Residue PRO het=  resseq=203 icode= >,3mkz_A_A,2.98
361,0.0,PRO, ,O,64.11,16.16,0.0,2.15,1.0,<Residue PRO het=  resseq=203 icode= >,3mkz_A_A,2.98
362,2.978,PRO, ,CB,65.22,18.13,0.0,1.61,1.0,<Residue PRO het=  resseq=203 icode= >,3mkz_A_A,2.98
363,6.731,PRO, ,CG,66.76,17.78,0.0,1.64,1.0,<Residue PRO het=  resseq=203 icode= >,3mkz_A_A,2.98
364,1.513,PRO, ,CD,67.38,16.37,0.0,1.65,1.0,<Residue PRO het=  resseq=203 icode= >,3mkz_A_A,2.98
365,8.415,LYS, ,N,66.71,17.58,0.0,2.71,1.0,<Residue LYS het=  resseq=204 icode= >,3mkz_A_A,2.98
366,0.0,LYS, ,CA,68.84,17.19,0.0,3.14,1.0,<Residue LYS het=  resseq=204 icode= >,3mkz_A_A,2.98
367,0.0,LYS, ,C,69.59,17.52,0.0,4.08,1.0,<Residue LYS het=  resseq=204 icode= >,3mkz_A_A,2.98
368,1.35,LYS, ,O,69.86,17.12,0.0,2.49,1.0,<Residue LYS het=  resseq=204 icode= >,3mkz_A_A,2.98
369,19.112,LYS, ,CB,70.87,18.03,0.0,1.53,1.0,<Residue LYS het=  resseq=204 icode= >,3mkz_A_A,2.98
370,11.058,LYS, ,CG,86.03,18.91,0.0,0.68,1.0,<Residue LYS het=  resseq=204 icode= >,3mkz_A_A,2.98
371,34.297,LYS, ,CD,97.36,19.99,0.0,0.09,1.0,<Residue LYS het=  resseq=204 icode= >,3mkz_A_A,2.98
372,49.561,LYS, ,CE,99.41,21.01,0.0,0.40,1.0,<Residue LYS het=  resseq=204 icode= >,3mkz_A_A,2.98
373,41.384,LYS, ,NZ,96.71,21.62,0.0,0.44,1.0,<Residue LYS het=  resseq=204 icode= >,3mkz_A_A,2.98
374,1.448,SER, ,N,73.44,18.35,0.0,3.17,1.0,<Residue SER het=  resseq=205 icode= >,3mkz_A_A,2.98
375,3.337,SER, ,CA,75.55,18.56,0.0,2.79,1.0,<Residue SER het=  resseq=205 icode= >,3mkz_A_A,2.98
376,0.0,SER, ,C,76.97,17.26,0.0,2.87,1.0,<Residue SER het=  resseq=205 icode= >,3mkz_A_A,2.98
377,0.0,SER, ,O,77.96,17.30,0.0,1.42,1.0,<Residue SER het=  resseq=205 icode= >,3mkz_A_A,2.98
378,31.651,SER, ,CB,78.82,19.52,0.0,1.56,1.0,<Residue SER het=  resseq=205 icode= >,3mkz_A_A,2.98
379,0.804,SER, ,OG,73.8,18.91,0.0,1.69,1.0,<Residue SER het=  resseq=205 icode= >,3mkz_A_A,2.98
380,0.0,VAL, ,N,76.78,16.18,0.0,2.44,1.0,<Residue VAL het=  resseq=206 icode= >,3mkz_A_A,2.98
381,0.0,VAL, ,CA,75.44,14.90,0.0,2.76,1.0,<Residue VAL het=  resseq=206 icode= >,3mkz_A_A,2.98
382,0.0,VAL, ,C,75.85,14.05,0.0,3.10,1.0,<Residue VAL het=  resseq=206 icode= >,3mkz_A_A,2.98
383,0.0,VAL, ,O,75.98,13.35,0.0,1.42,1.0,<Residue VAL het=  resseq=206 icode= >,3mkz_A_A,2.98
384,0.0,VAL, ,CB,75.85,14.23,0.0,1.59,1.0,<Residue VAL het=  resseq=206 icode= >,3mkz_A_A,2.98
385,0.456,VAL, ,CG1,65.82,12.86,0.0,0.10,1.0,<Residue VAL het=  resseq=206 icode= >,3mkz_A_A,2.98
386,0.0,VAL, ,CG2,77.2,15.21,0.0,-0.13,1.0,<Residue VAL het=  resseq=206 icode= >,3mkz_A_A,2.98
387,0.0,VAL, ,N,75.44,14.28,0.0,2.42,1.0,<Residue VAL het=  resseq=207 icode= >,3mkz_A_A,2.98
388,0.0,VAL, ,CA,72.84,13.35,0.0,2.46,1.0,<Residue VAL het=  resseq=207 icode= >,3mkz_A_A,2.98
389,1.156,VAL, ,C,79.04,14.02,0.0,1.97,1.0,<Residue VAL het=  resseq=207 icode= >,3mkz_A_A,2.98
390,1.473,VAL, ,O,80.06,13.44,0.0,0.77,1.0,<Residue VAL het=  resseq=207 icode= >,3mkz_A_A,2.98
391,7.261,VAL, ,CB,66.15,13.27,0.0,2.02,1.0,<Residue VAL het=  resseq=207 icode= >,3mkz_A_A,2.98
392,3.027,VAL, ,CG1,58.29,11.91,0.0,0.54,1.0,<Residue VAL het=  resseq=207 icode= >,3mkz_A_A,2.98
393,1.227,VAL, ,CG2,67.18,13.84,0.0,0.42,1.0,<Residue VAL het=  resseq=207 icode= >,3mkz_A_A,2.98
394,0.589,ALA, ,N,79.25,15.35,0.0,1.81,1.0,<Residue ALA het=  resseq=208 icode= >,3mkz_A_A,2.98
395,12.965,ALA, ,CA,77.06,16.24,0.0,2.56,1.0,<Residue ALA het=  resseq=208 icode= >,3mkz_A_A,2.98
396,0.827,ALA, ,C,79.12,15.88,0.0,3.03,1.0,<Residue ALA het=  resseq=208 icode= >,3mkz_A_A,2.98
397,11.677,ALA, ,O,84.21,15.89,0.0,1.73,1.0,<Residue ALA het=  resseq=208 icode= >,3mkz_A_A,2.98
398,30.007,ALA, ,CB,75.01,17.66,0.0,0.64,1.0,<Residue ALA het=  resseq=208 icode= >,3mkz_A_A,2.98
399,0.0,LEU, ,N,78.99,15.57,0.0,2.56,1.0,<Residue LEU het=  resseq=209 icode= >,3mkz_A_A,2.98
400,3.025,LEU, ,CA,80.29,15.20,0.0,2.48,1.0,<Residue LEU het=  resseq=209 icode= >,3mkz_A_A,2.98
401,0.487,LEU, ,C,82.39,14.41,0.0,2.41,1.0,<Residue LEU het=  resseq=209 icode= >,3mkz_A_A,2.98
402,13.348,LEU, ,O,83.56,14.69,0.0,0.79,1.0,<Residue LEU het=  resseq=209 icode= >,3mkz_A_A,2.98
403,0.0,LEU, ,CB,81.65,14.55,0.0,1.06,1.0,<Residue LEU het=  resseq=209 icode= >,3mkz_A_A,2.98
404,0.374,LEU, ,CG,82.67,15.49,0.0,1.28,1.0,<Residue LEU het=  resseq=209 icode= >,3mkz_A_A,2.98
405,0.0,LEU, ,CD1,80.68,16.34,0.0,0.52,1.0,<Residue LEU het=  resseq=209 icode= >,3mkz_A_A,2.98
406,0.0,LEU, ,CD2,82.72,14.78,0.0,0.06,1.0,<Residue LEU het=  resseq=209 icode= >,3mkz_A_A,2.98
407,0.0,PHE, ,N,86.13,13.55,0.0,2.19,1.0,<Residue PHE het=  resseq=210 icode= >,3mkz_A_A,2.98
408,0.982,PHE, ,CA,87.1,12.91,0.0,2.20,1.0,<Residue PHE het=  resseq=210 icode= >,3mkz_A_A,2.98
409,0.287,PHE, ,C,90.85,13.98,0.0,2.44,1.0,<Residue PHE het=  resseq=210 icode= >,3mkz_A_A,2.98
410,4.495,PHE, ,O,91.21,14.40,0.0,1.91,1.0,<Residue PHE het=  resseq=210 icode= >,3mkz_A_A,2.98
411,0.0,PHE, ,CB,81.09,11.71,0.0,1.40,1.0,<Residue PHE het=  resseq=210 icode= >,3mkz_A_A,2.98
412,0.0,PHE, ,CG,75.14,10.58,0.0,2.23,1.0,<Residue PHE het=  resseq=210 icode= >,3mkz_A_A,2.98
413,0.0,PHE, ,CD1,72.76,10.44,0.0,1.50,1.0,<Residue PHE het=  resseq=210 icode= >,3mkz_A_A,2.98
414,0.0,PHE, ,CD2,73.31,9.83,0.0,0.97,1.0,<Residue PHE het=  resseq=210 icode= >,3mkz_A_A,2.98
415,0.028,PHE, ,CE1,69.21,9.55,0.0,0.78,1.0,<Residue PHE het=  resseq=210 icode= >,3mkz_A_A,2.98
416,1.854,PHE, ,CE2,68.27,8.88,0.0,0.85,1.0,<Residue PHE het=  resseq=210 icode= >,3mkz_A_A,2.98
417,0.8,PHE, ,CZ,67.8,8.72,0.0,1.08,1.0,<Residue PHE het=  resseq=210 icode= >,3mkz_A_A,2.98
418,5.759,SER, ,N,92.8,14.21,0.0,1.94,1.0,<Residue SER het=  resseq=211 icode= >,3mkz_A_A,2.98
419,15.577,SER, ,CA,93.43,15.12,0.0,1.84,1.0,<Residue SER het=  resseq=211 icode= >,3mkz_A_A,2.98
420,0.838,SER, ,C,91.84,14.53,0.0,2.63,1.0,<Residue SER het=  resseq=211 icode= >,3mkz_A_A,2.98
421,29.492,SER, ,O,93.43,15.28,0.0,1.38,1.0,<Residue SER het=  resseq=211 icode= >,3mkz_A_A,2.98
422,47.849,SER, ,CB,97.02,15.08,0.0,0.59,1.0,<Residue SER het=  resseq=211 icode= >,3mkz_A_A,2.98
423,4.817,SER, ,OG,95.74,13.96,0.0,0.96,1.0,<Residue SER het=  resseq=211 icode= >,3mkz_A_A,2.98
424,0.0,HIS, ,N,91.51,13.26,0.0,2.50,1.0,<Residue HIS het=  resseq=212 icode= >,3mkz_A_A,2.98
425,0.056,HIS, ,CA,89.91,12.70,0.0,2.71,1.0,<Residue HIS het=  resseq=212 icode= >,3mkz_A_A,2.98
426,0.0,HIS, ,C,82.86,11.56,0.0,3.39,1.0,<Residue HIS het=  resseq=212 icode= >,3mkz_A_A,2.98
427,0.0,HIS, ,O,79.31,10.75,0.0,2.21,1.0,<Residue HIS het=  resseq=212 icode= >,3mkz_A_A,2.98
428,14.338,HIS, ,CB,94.69,12.38,0.0,1.61,1.0,<Residue HIS het=  resseq=212 icode= >,3mkz_A_A,2.98
429,2.67,HIS, ,CG,100.79,12.12,0.0,1.94,1.0,<Residue HIS het=  resseq=212 icode= >,3mkz_A_A,2.98
430,12.981,HIS, ,ND1,103.61,12.97,0.0,1.49,1.0,<Residue HIS het=  resseq=212 icode= >,3mkz_A_A,2.98
431,20.717,HIS, ,CD2,104.72,11.28,0.0,1.14,1.0,<Residue HIS het=  resseq=212 icode= >,3mkz_A_A,2.98
432,32.467,HIS, ,CE1,104.16,12.71,0.0,1.04,1.0,<Residue HIS het=  resseq=212 icode= >,3mkz_A_A,2.98
433,21.506,HIS, ,NE2,108.73,11.70,0.0,0.71,1.0,<Residue HIS het=  resseq=212 icode= >,3mkz_A_A,2.98
434,0.435,PRO, ,N,77.59,11.66,0.0,3.12,1.0,<Residue PRO het=  resseq=213 icode= >,3mkz_A_A,2.98
435,0.834,PRO, ,CA,75.26,10.74,0.0,2.17,1.0,<Residue PRO het=  resseq=213 icode= >,3mkz_A_A,2.98
436,0.0,PRO, ,C,70.59,9.27,0.0,2.88,1.0,<Residue PRO het=  resseq=213 icode= >,3mkz_A_A,2.98
437,0.005,PRO, ,O,67.03,8.37,0.0,1.22,1.0,<Residue PRO het=  resseq=213 icode= >,3mkz_A_A,2.98
438,13.818,PRO, ,CB,67.73,11.32,0.0,1.31,1.0,<Residue PRO het=  resseq=213 icode= >,3mkz_A_A,2.98
439,17.211,PRO, ,CG,74.29,11.87,0.0,0.87,1.0,<Residue PRO het=  resseq=213 icode= >,3mkz_A_A,2.98
440,20.827,PRO, ,CD,76.69,12.57,0.0,1.18,1.0,<Residue PRO het=  resseq=213 icode= >,3mkz_A_A,2.98
441,0.0,GLY, ,N,67.29,9.21,0.0,2.56,1.0,<Residue GLY het=  resseq=214 icode= >,3mkz_A_A,2.98
442,12.911,GLY, ,CA,65.37,8.03,0.0,2.10,1.0,<Residue GLY het=  resseq=214 icode= >,3mkz_A_A,2.98
443,2.497,GLY, ,C,63.04,7.50,0.0,3.29,1.0,<Residue GLY het=  resseq=214 icode= >,3mkz_A_A,2.98
444,24.975,GLY, ,O,60.92,6.49,0.0,1.71,1.0,<Residue GLY het=  resseq=214 icode= >,3mkz_A_A,2.98
445,0.0,GLU, ,N,66.53,8.39,0.0,2.90,1.0,<Residue GLU het=  resseq=215 icode= >,3mkz_A_A,2.98
446,4.533,GLU, ,CA,67.59,8.35,0.0,2.38,1.0,<Residue GLU het=  resseq=215 icode= >,3mkz_A_A,2.98
447,0.0,GLU, ,C,61.75,7.41,0.0,3.05,1.0,<Residue GLU het=  resseq=215 icode= >,3mkz_A_A,2.98
448,15.756,GLU, ,O,51.94,6.80,0.0,2.03,1.0,<Residue GLU het=  resseq=215 icode= >,3mkz_A_A,2.98
449,0.0,GLU, ,CB,77.85,9.80,0.0,0.73,1.0,<Residue GLU het=  resseq=215 icode= >,3mkz_A_A,2.98
450,0.0,GLU, ,CG,84.9,10.93,0.0,1.44,1.0,<Residue GLU het=  resseq=215 icode= >,3mkz_A_A,2.98
451,4.585,GLU, ,CD,94.76,11.24,0.0,1.39,1.0,<Residue GLU het=  resseq=215 icode= >,3mkz_A_A,2.98
452,31.043,GLU, ,OE1,96.81,10.73,0.0,1.09,1.0,<Residue GLU het=  resseq=215 icode= >,3mkz_A_A,2.98
453,19.806,GLU, ,OE2,97.53,11.80,0.0,0.72,1.0,<Residue GLU het=  resseq=215 icode= >,3mkz_A_A,2.98
454,0.0,LEU, ,N,61.01,7.41,0.0,2.04,1.0,<Residue LEU het=  resseq=216 icode= >,3mkz_A_A,2.98
455,0.549,LEU, ,CA,57.18,6.91,0.0,3.25,1.0,<Residue LEU het=  resseq=216 icode= >,3mkz_A_A,2.98
456,0.0,LEU, ,C,59.54,5.44,0.0,3.41,1.0,<Residue LEU het=  resseq=216 icode= >,3mkz_A_A,2.98
457,1.85,LEU, ,O,55.48,5.14,0.0,2.40,1.0,<Residue LEU het=  resseq=216 icode= >,3mkz_A_A,2.98
458,0.0,LEU, ,CB,49.12,7.87,0.0,1.87,1.0,<Residue LEU het=  resseq=216 icode= >,3mkz_A_A,2.98
459,0.0,LEU, ,CG,40.08,7.82,0.0,2.46,1.0,<Residue LEU het=  resseq=216 icode= >,3mkz_A_A,2.98
460,0.381,LEU, ,CD1,26.4,7.03,0.0,1.42,1.0,<Residue LEU het=  resseq=216 icode= >,3mkz_A_A,2.98
461,0.0,LEU, ,CD2,39.04,9.00,0.0,0.26,1.0,<Residue LEU het=  resseq=216 icode= >,3mkz_A_A,2.98
462,0.279,SER, ,N,56.13,4.82,0.0,2.79,1.0,<Residue SER het=  resseq=217 icode= >,3mkz_A_A,2.98
463,9.708,SER, ,CA,56.15,3.51,4.401,3.85,1.0,<Residue SER het=  resseq=217 icode= >,3mkz_A_A,2.98
464,0.0,SER, ,C,61.71,3.70,0.0,3.31,1.0,<Residue SER het=  resseq=217 icode= >,3mkz_A_A,2.98
465,0.0,SER, ,O,65.68,4.91,0.0,1.40,1.0,<Residue SER het=  resseq=217 icode= >,3mkz_A_A,2.98
466,27.552,SER, ,CB,54.92,3.35,19.005,2.30,1.0,<Residue SER het=  resseq=217 icode= >,3mkz_A_A,2.98
467,12.178,SER, ,OG,53.59,2.65,12.178,1.51,1.0,<Residue SER het=  resseq=217 icode= >,3mkz_A_A,2.98
468,3.71,ALA, ,N,63.87,2.93,3.71,1.83,1.0,<Residue ALA het=  resseq=218 icode= >,3mkz_A_A,2.98
469,0.0,ALA, ,CA,60.53,3.85,0.0,2.96,1.0,<Residue ALA het=  resseq=218 icode= >,3mkz_A_A,2.98
470,0.0,ALA, ,C,56.85,3.89,0.0,4.17,1.0,<Residue ALA het=  resseq=218 icode= >,3mkz_A_A,2.98
471,0.0,ALA, ,O,55.27,4.97,0.0,1.87,1.0,<Residue ALA het=  resseq=218 icode= >,3mkz_A_A,2.98
472,20.922,ALA, ,CB,56.2,3.47,14.21,0.92,1.0,<Residue ALA het=  resseq=218 icode= >,3mkz_A_A,2.98
473,0.0,ARG, ,N,55.67,3.16,0.0,3.73,1.0,<Residue ARG het=  resseq=219 icode= >,3mkz_A_A,2.98
474,2.291,ARG, ,CA,55.07,4.01,0.0,4.22,1.0,<Residue ARG het=  resseq=219 icode= >,3mkz_A_A,2.98
475,1.09,ARG, ,C,61.09,4.60,0.0,4.06,1.0,<Residue ARG het=  resseq=219 icode= >,3mkz_A_A,2.98
476,3.185,ARG, ,O,69.04,5.54,0.0,1.19,1.0,<Residue ARG het=  resseq=219 icode= >,3mkz_A_A,2.98
477,17.73,ARG, ,CB,53.48,3.39,8.662,1.53,1.0,<Residue ARG het=  resseq=219 icode= >,3mkz_A_A,2.98
478,11.492,ARG, ,CG,53.07,2.87,11.492,1.77,1.0,<Residue ARG het=  resseq=219 icode= >,3mkz_A_A,2.98
479,28.108,ARG, ,CD,48.97,3.36,25.593,2.29,1.0,<Residue ARG het=  resseq=219 icode= >,3mkz_A_A,2.98
480,4.682,ARG, ,NE,48.23,3.44,0.0,2.71,1.0,<Residue ARG het=  resseq=219 icode= >,3mkz_A_A,2.98
481,7.316,ARG, ,CZ,51.71,3.32,2.598,3.05,1.0,<Residue ARG het=  resseq=219 icode= >,3mkz_A_A,2.98
482,50.316,ARG, ,NH1,54.9,2.84,45.371,0.48,1.0,<Residue ARG het=  resseq=219 icode= >,3mkz_A_A,2.98
483,36.711,ARG, ,NH2,45.73,2.85,23.169,1.50,1.0,<Residue ARG het=  resseq=219 icode= >,3mkz_A_A,2.98
484,0.469,SER, ,N,63.18,3.61,0.398,3.25,1.0,<Residue SER het=  resseq=220 icode= >,3mkz_A_A,2.98
485,3.903,SER, ,CA,62.33,3.96,0.189,3.33,1.0,<Residue SER het=  resseq=220 icode= >,3mkz_A_A,2.98
486,0.0,SER, ,C,60.94,5.40,0.0,3.53,1.0,<Residue SER het=  resseq=220 icode= >,3mkz_A_A,2.98
487,0.298,SER, ,O,62.72,6.27,0.0,1.58,1.0,<Residue SER het=  resseq=220 icode= >,3mkz_A_A,2.98
488,25.335,SER, ,CB,57.06,3.27,10.665,2.42,1.0,<Residue SER het=  resseq=220 icode= >,3mkz_A_A,2.98
489,5.102,SER, ,OG,62.95,3.35,0.335,1.43,1.0,<Residue SER het=  resseq=220 icode= >,3mkz_A_A,2.98
490,0.0,GLY, ,N,58.23,5.92,0.0,2.73,1.0,<Residue GLY het=  resseq=221 icode= >,3mkz_A_A,2.98
491,0.0,GLY, ,CA,54.4,7.35,0.0,2.46,1.0,<Residue GLY het=  resseq=221 icode= >,3mkz_A_A,2.98
492,0.0,GLY, ,C,54.08,8.13,0.0,3.76,1.0,<Residue GLY het=  resseq=221 icode= >,3mkz_A_A,2.98
493,0.0,GLY, ,O,55.44,8.98,0.0,1.94,1.0,<Residue GLY het=  resseq=221 icode= >,3mkz_A_A,2.98
494,0.0,ASP, ,N,52.24,7.89,0.0,3.41,1.0,<Residue ASP het=  resseq=222 icode= >,3mkz_A_A,2.98
495,0.0,ASP, ,CA,51.94,8.63,0.0,3.69,1.0,<Residue ASP het=  resseq=222 icode= >,3mkz_A_A,2.98
496,0.0,ASP, ,C,53.2,9.00,0.0,4.23,1.0,<Residue ASP het=  resseq=222 icode= >,3mkz_A_A,2.98
497,0.0,ASP, ,O,55.52,8.61,0.0,1.87,1.0,<Residue ASP het=  resseq=222 icode= >,3mkz_A_A,2.98
498,0.641,ASP, ,CB,55.78,7.85,0.0,2.12,1.0,<Residue ASP het=  resseq=222 icode= >,3mkz_A_A,2.98
499,2.572,ASP, ,CG,65.86,6.92,0.0,2.75,1.0,<Residue ASP het=  resseq=222 icode= >,3mkz_A_A,2.98
500,9.238,ASP, ,OD1,73.97,6.42,0.0,1.29,1.0,<Residue ASP het=  resseq=222 icode= >,3mkz_A_A,2.98
501,0.63,ASP, ,OD2,67.03,6.40,0.0,1.29,1.0,<Residue ASP het=  resseq=222 icode= >,3mkz_A_A,2.98
502,0.008,ALA, ,N,55.85,8.06,0.0,2.77,1.0,<Residue ALA het=  resseq=223 icode= >,3mkz_A_A,2.98
503,4.491,ALA, ,CA,57.16,8.34,0.0,3.32,1.0,<Residue ALA het=  resseq=223 icode= >,3mkz_A_A,2.98
504,1.02,ALA, ,C,59.5,9.13,0.0,4.35,1.0,<Residue ALA het=  resseq=223 icode= >,3mkz_A_A,2.98
505,4.717,ALA, ,O,60.74,10.14,0.0,2.41,1.0,<Residue ALA het=  resseq=223 icode= >,3mkz_A_A,2.98
506,44.725,ALA, ,CB,47.29,7.22,0.0,0.74,1.0,<Residue ALA het=  resseq=223 icode= >,3mkz_A_A,2.98
507,0.237,LEU, ,N,60.39,8.83,0.0,2.77,1.0,<Residue LEU het=  resseq=224 icode= >,3mkz_A_A,2.98
508,2.178,LEU, ,CA,56.06,9.75,0.0,3.63,1.0,<Residue LEU het=  resseq=224 icode= >,3mkz_A_A,2.98
509,0.0,LEU, ,C,54.31,11.08,0.0,4.10,1.0,<Residue LEU het=  resseq=224 icode= >,3mkz_A_A,2.98
510,0.0,LEU, ,O,58.86,12.14,0.0,1.84,1.0,<Residue LEU het=  resseq=224 icode= >,3mkz_A_A,2.98
511,0.202,LEU, ,CB,53.71,9.34,0.0,2.26,1.0,<Residue LEU het=  resseq=224 icode= >,3mkz_A_A,2.98
512,0.0,LEU, ,CG,53.38,10.43,0.0,2.29,1.0,<Residue LEU het=  resseq=224 icode= >,3mkz_A_A,2.98
513,0.486,LEU, ,CD1,59.82,10.71,0.0,0.67,1.0,<Residue LEU het=  resseq=224 icode= >,3mkz_A_A,2.98
514,0.623,LEU, ,CD2,49.82,10.25,0.0,1.21,1.0,<Residue LEU het=  resseq=224 icode= >,3mkz_A_A,2.98
515,0.0,GLN, ,N,51.54,11.14,0.0,3.29,1.0,<Residue GLN het=  resseq=225 icode= >,3mkz_A_A,2.98
516,1.211,GLN, ,CA,51.12,11.37,0.0,3.27,1.0,<Residue GLN het=  resseq=225 icode= >,3mkz_A_A,2.98
517,0.0,GLN, ,C,54.72,10.57,0.0,3.70,1.0,<Residue GLN het=  resseq=225 icode= >,3mkz_A_A,2.98
518,2.904,GLN, ,O,55.62,10.93,0.0,2.04,1.0,<Residue GLN het=  resseq=225 icode= >,3mkz_A_A,2.98
519,0.0,GLN, ,CB,47.49,10.98,0.0,1.92,1.0,<Residue GLN het=  resseq=225 icode= >,3mkz_A_A,2.98
520,4.947,GLN, ,CG,45.67,11.26,0.0,1.98,1.0,<Residue GLN het=  resseq=225 icode= >,3mkz_A_A,2.98
521,0.617,GLN, ,CD,53.06,10.23,0.0,2.91,1.0,<Residue GLN het=  resseq=225 icode= >,3mkz_A_A,2.98
522,18.598,GLN, ,OE1,54.11,10.47,0.0,1.59,1.0,<Residue GLN het=  resseq=225 icode= >,3mkz_A_A,2.98
523,5.679,GLN, ,NE2,43.55,9.08,0.0,2.03,1.0,<Residue GLN het=  resseq=225 icode= >,3mkz_A_A,2.98
524,0.0,LYS, ,N,58.68,9.57,0.0,2.52,1.0,<Residue LYS het=  resseq=226 icode= >,3mkz_A_A,2.98
525,0.459,LYS, ,CA,57.26,8.79,0.0,3.44,1.0,<Residue LYS het=  resseq=226 icode= >,3mkz_A_A,2.98
526,1.864,LYS, ,C,53.86,9.68,0.0,4.33,1.0,<Residue LYS het=  resseq=226 icode= >,3mkz_A_A,2.98
527,7.908,LYS, ,O,56.48,9.88,0.0,2.13,1.0,<Residue LYS het=  resseq=226 icode= >,3mkz_A_A,2.98
528,16.194,LYS, ,CB,51.5,7.66,0.0,2.46,1.0,<Residue LYS het=  resseq=226 icode= >,3mkz_A_A,2.98
529,10.903,LYS, ,CG,54.68,6.44,0.0,2.26,1.0,<Residue LYS het=  resseq=226 icode= >,3mkz_A_A,2.98
530,22.37,LYS, ,CD,54.97,5.26,0.0,1.91,1.0,<Residue LYS het=  resseq=226 icode= >,3mkz_A_A,2.98
531,22.984,LYS, ,CE,58.08,4.22,6.761,1.71,1.0,<Residue LYS het=  resseq=226 icode= >,3mkz_A_A,2.98
532,34.891,LYS, ,NZ,60.29,3.22,18.654,1.12,1.0,<Residue LYS het=  resseq=226 icode= >,3mkz_A_A,2.98
533,1.007,ALA, ,N,52.89,10.43,0.0,3.36,1.0,<Residue ALA het=  resseq=227 icode= >,3mkz_A_A,2.98
534,14.781,ALA, ,CA,50.7,11.48,0.0,3.13,1.0,<Residue ALA het=  resseq=227 icode= >,3mkz_A_A,2.98
535,0.0,ALA, ,C,53.11,12.33,0.0,4.03,1.0,<Residue ALA het=  resseq=227 icode= >,3mkz_A_A,2.98
536,10.246,ALA, ,O,57.9,12.89,0.0,1.94,1.0,<Residue ALA het=  resseq=227 icode= >,3mkz_A_A,2.98
537,20.505,ALA, ,CB,47.11,12.47,0.0,0.47,1.0,<Residue ALA het=  resseq=227 icode= >,3mkz_A_A,2.98
538,0.0,PHE, ,N,53.8,12.62,0.0,3.22,1.0,<Residue PHE het=  resseq=228 icode= >,3mkz_A_A,2.98
539,0.0,PHE, ,CA,59.87,13.62,0.0,3.45,1.0,<Residue PHE het=  resseq=228 icode= >,3mkz_A_A,2.98
540,0.143,PHE, ,C,62.78,13.24,0.0,3.58,1.0,<Residue PHE het=  resseq=228 icode= >,3mkz_A_A,2.98
541,0.0,PHE, ,O,66.13,14.14,0.0,2.39,1.0,<Residue PHE het=  resseq=228 icode= >,3mkz_A_A,2.98
542,1.075,PHE, ,CB,61.88,14.76,0.0,2.04,1.0,<Residue PHE het=  resseq=228 icode= >,3mkz_A_A,2.98
543,0.0,PHE, ,CG,63.61,15.32,0.0,3.05,1.0,<Residue PHE het=  resseq=228 icode= >,3mkz_A_A,2.98
544,0.0,PHE, ,CD1,69.62,14.21,0.0,1.01,1.0,<Residue PHE het=  resseq=228 icode= >,3mkz_A_A,2.98
545,0.0,PHE, ,CD2,65.19,16.25,0.0,2.35,1.0,<Residue PHE het=  resseq=228 icode= >,3mkz_A_A,2.98
546,0.0,PHE, ,CE1,73.1,14.10,0.0,0.59,1.0,<Residue PHE het=  resseq=228 icode= >,3mkz_A_A,2.98
547,0.0,PHE, ,CE2,69.95,16.16,0.0,1.43,1.0,<Residue PHE het=  resseq=228 icode= >,3mkz_A_A,2.98
548,0.0,PHE, ,CZ,68.24,15.10,0.0,1.01,1.0,<Residue PHE het=  resseq=228 icode= >,3mkz_A_A,2.98
549,0.32,THR, ,N,65.21,12.04,0.0,2.85,1.0,<Residue THR het=  resseq=229 icode= >,3mkz_A_A,2.98
550,1.031,THR, ,CA,66.58,11.84,0.0,3.98,1.0,<Residue THR het=  resseq=229 icode= >,3mkz_A_A,2.98
551,0.0,THR, ,C,68.1,12.79,0.0,4.13,1.0,<Residue THR het=  resseq=229 icode= >,3mkz_A_A,2.98
552,8.081,THR, ,O,65.51,12.95,0.0,2.62,1.0,<Residue THR het=  resseq=229 icode= >,3mkz_A_A,2.98
553,11.854,THR, ,CB,67.31,10.41,0.0,3.18,1.0,<Residue THR het=  resseq=229 icode= >,3mkz_A_A,2.98
554,5.888,THR, ,OG1,69.71,9.56,0.0,1.46,1.0,<Residue THR het=  resseq=229 icode= >,3mkz_A_A,2.98
555,40.791,THR, ,CG2,66.11,10.44,0.0,1.01,1.0,<Residue THR het=  resseq=229 icode= >,3mkz_A_A,2.98
556,0.0,ASP, ,N,72.35,13.60,0.0,2.87,1.0,<Residue ASP het=  resseq=230 icode= >,3mkz_A_A,2.98
557,7.901,ASP, ,CA,76.29,14.65,1.696,3.10,1.0,<Residue ASP het=  resseq=230 icode= >,3mkz_A_A,2.98
558,4.536,ASP, ,C,80.32,15.56,4.388,3.47,1.0,<Residue ASP het=  resseq=230 icode= >,3mkz_A_A,2.98
559,15.36,ASP, ,O,88.8,16.10,10.422,1.27,1.0,<Residue ASP het=  resseq=230 icode= >,3mkz_A_A,2.98
560,25.821,ASP, ,CB,76.11,14.15,0.0,1.97,1.0,<Residue ASP het=  resseq=230 icode= >,3mkz_A_A,2.98
561,8.045,ASP, ,CG,81.13,13.15,0.0,2.13,1.0,<Residue ASP het=  resseq=230 icode= >,3mkz_A_A,2.98
562,32.466,ASP, ,OD1,75.09,13.51,0.0,1.87,1.0,<Residue ASP het=  resseq=230 icode= >,3mkz_A_A,2.98
563,27.967,ASP, ,OD2,85.35,12.11,0.0,1.01,1.0,<Residue ASP het=  resseq=230 icode= >,3mkz_A_A,2.98
564,0.211,LYS, ,N,77.65,15.86,0.211,3.32,1.0,<Residue LYS het=  resseq=231 icode= >,3mkz_A_A,2.98
565,7.99,LYS, ,CA,77.39,16.84,7.99,3.57,1.0,<Residue LYS het=  resseq=231 icode= >,3mkz_A_A,2.98
566,0.0,LYS, ,C,80.21,17.38,0.0,3.27,1.0,<Residue LYS het=  resseq=231 icode= >,3mkz_A_A,2.98
567,0.0,LYS, ,O,81.19,18.07,0.0,1.90,1.0,<Residue LYS het=  resseq=231 icode= >,3mkz_A_A,2.98
568,0.0,LYS, ,CB,72.3,16.32,0.0,2.32,1.0,<Residue LYS het=  resseq=231 icode= >,3mkz_A_A,2.98
569,3.506,LYS, ,CG,69.73,16.24,3.506,1.88,1.0,<Residue LYS het=  resseq=231 icode= >,3mkz_A_A,2.98
570,3.272,LYS, ,CD,73.27,15.52,0.0,1.82,1.0,<Residue LYS het=  resseq=231 icode= >,3mkz_A_A,2.98
571,27.663,LYS, ,CE,78.99,16.06,22.414,1.11,1.0,<Residue LYS het=  resseq=231 icode= >,3mkz_A_A,2.98
572,39.126,LYS, ,NZ,83.7,16.34,31.371,0.38,1.0,<Residue LYS het=  resseq=231 icode= >,3mkz_A_A,2.98
573,0.508,GLU, ,N,80.52,17.18,0.508,3.08,1.0,<Residue GLU het=  resseq=232 icode= >,3mkz_A_A,2.98
574,0.062,GLU, ,CA,82.11,17.76,0.0,2.99,1.0,<Residue GLU het=  resseq=232 icode= >,3mkz_A_A,2.98
575,0.0,GLU, ,C,81.91,19.20,0.0,3.33,1.0,<Residue GLU het=  resseq=232 icode= >,3mkz_A_A,2.98
576,0.0,GLU, ,O,81.37,19.63,0.0,1.63,1.0,<Residue GLU het=  resseq=232 icode= >,3mkz_A_A,2.98
577,14.053,GLU, ,CB,88.51,17.84,0.0,1.06,1.0,<Residue GLU het=  resseq=232 icode= >,3mkz_A_A,2.98
578,29.693,GLU, ,CG,96.4,16.93,6.532,1.00,1.0,<Residue GLU het=  resseq=232 icode= >,3mkz_A_A,2.98
579,7.788,GLU, ,CD,99.09,15.45,0.0,1.83,1.0,<Residue GLU het=  resseq=232 icode= >,3mkz_A_A,2.98
580,17.978,GLU, ,OE1,98.89,15.15,0.0,1.23,1.0,<Residue GLU het=  resseq=232 icode= >,3mkz_A_A,2.98
581,14.545,GLU, ,OE2,98.23,14.66,0.0,1.11,1.0,<Residue GLU het=  resseq=232 icode= >,3mkz_A_A,2.98
582,0.302,GLU, ,N,80.31,1000.00,0.302,2.89,1.0,<Residue GLU het=  resseq=233 icode= >,3mkz_A_A,2.98
583,0.148,GLU, ,CA,78.98,1000.00,0.0,2.83,1.0,<Residue GLU het=  resseq=233 icode= >,3mkz_A_A,2.98
584,0.0,GLU, ,C,76.56,1000.00,0.0,3.52,1.0,<Residue GLU het=  resseq=233 icode= >,3mkz_A_A,2.98
585,0.0,GLU, ,O,74.28,1000.00,0.0,2.55,1.0,<Residue GLU het=  resseq=233 icode= >,3mkz_A_A,2.98
586,20.136,GLU, ,CB,81.22,1000.00,20.015,1.21,1.0,<Residue GLU het=  resseq=233 icode= >,3mkz_A_A,2.98
587,33.916,GLU, ,CG,86.24,1000.00,32.424,0.92,1.0,<Residue GLU het=  resseq=233 icode= >,3mkz_A_A,2.98
588,11.299,GLU, ,CD,90.87,1000.00,0.39,1.69,1.0,<Residue GLU het=  resseq=233 icode= >,3mkz_A_A,2.98
589,4.204,GLU, ,OE1,89.9,1000.00,0.0,1.45,1.0,<Residue GLU het=  resseq=233 icode= >,3mkz_A_A,2.98
590,42.169,GLU, ,OE2,94.55,1000.00,7.088,0.31,1.0,<Residue GLU het=  resseq=233 icode= >,3mkz_A_A,2.98
591,0.0,LEU, ,N,75.15,1000.00,0.0,2.94,1.0,<Residue LEU het=  resseq=234 icode= >,3mkz_A_A,2.98
592,0.733,LEU, ,CA,75.8,1000.00,0.38,3.35,1.0,<Residue LEU het=  resseq=234 icode= >,3mkz_A_A,2.98
593,0.0,LEU, ,C,78.69,1000.00,0.0,3.07,1.0,<Residue LEU het=  resseq=234 icode= >,3mkz_A_A,2.98
594,0.543,LEU, ,O,83.22,1000.00,0.0,1.52,1.0,<Residue LEU het=  resseq=234 icode= >,3mkz_A_A,2.98
595,0.098,LEU, ,CB,74.86,1000.00,0.0,2.02,1.0,<Residue LEU het=  resseq=234 icode= >,3mkz_A_A,2.98
596,4.911,LEU, ,CG,75.4,1000.00,4.911,2.32,1.0,<Residue LEU het=  resseq=234 icode= >,3mkz_A_A,2.98
597,26.623,LEU, ,CD1,74.55,1000.00,26.623,0.91,1.0,<Residue LEU het=  resseq=234 icode= >,3mkz_A_A,2.98
598,47.613,LEU, ,CD2,71.94,1000.00,47.514,0.92,1.0,<Residue LEU het=  resseq=234 icode= >,3mkz_A_A,2.98
599,0.0,LEU, ,N,79.89,1000.00,0.0,2.36,1.0,<Residue LEU het=  resseq=235 icode= >,3mkz_A_A,2.98
600,0.0,LEU, ,CA,74.95,1000.00,0.0,3.02,1.0,<Residue LEU het=  resseq=235 icode= >,3mkz_A_A,2.98
601,0.0,LEU, ,C,72.12,1000.00,0.0,3.91,1.0,<Residue LEU het=  resseq=235 icode= >,3mkz_A_A,2.98
602,0.0,LEU, ,O,64.53,1000.00,0.0,2.11,1.0,<Residue LEU het=  resseq=235 icode= >,3mkz_A_A,2.98
603,0.0,LEU, ,CB,71.95,1000.00,0.0,2.17,1.0,<Residue LEU het=  resseq=235 icode= >,3mkz_A_A,2.98
604,0.0,LEU, ,CG,67.68,1000.00,0.0,1.99,1.0,<Residue LEU het=  resseq=235 icode= >,3mkz_A_A,2.98
605,5.663,LEU, ,CD1,62.77,1000.00,0.0,0.66,1.0,<Residue LEU het=  resseq=235 icode= >,3mkz_A_A,2.98
606,0.051,LEU, ,CD2,56.42,1000.00,0.0,1.06,1.0,<Residue LEU het=  resseq=235 icode= >,3mkz_A_A,2.98
607,0.0,LYS, ,N,75.39,1000.00,0.0,2.64,1.0,<Residue LYS het=  resseq=236 icode= >,3mkz_A_A,2.98
608,0.007,LYS, ,CA,77.49,1000.00,0.0,3.09,1.0,<Residue LYS het=  resseq=236 icode= >,3mkz_A_A,2.98
609,0.786,LYS, ,C,80.37,1000.00,0.0,3.42,1.0,<Residue LYS het=  resseq=236 icode= >,3mkz_A_A,2.98
610,2.094,LYS, ,O,82.72,1000.00,0.0,1.81,1.0,<Residue LYS het=  resseq=236 icode= >,3mkz_A_A,2.98
611,10.623,LYS, ,CB,73.68,1000.00,0.0,1.85,1.0,<Residue LYS het=  resseq=236 icode= >,3mkz_A_A,2.98
612,1.916,LYS, ,CG,75.33,1000.00,0.0,0.87,1.0,<Residue LYS het=  resseq=236 icode= >,3mkz_A_A,2.98
613,8.741,LYS, ,CD,75.76,1000.00,0.0,0.56,1.0,<Residue LYS het=  resseq=236 icode= >,3mkz_A_A,2.98
614,34.608,LYS, ,CE,67.54,1000.00,0.0,1.03,1.0,<Residue LYS het=  resseq=236 icode= >,3mkz_A_A,2.98
615,36.493,LYS, ,NZ,61.91,1000.00,0.0,0.88,1.0,<Residue LYS het=  resseq=236 icode= >,3mkz_A_A,2.98
616,0.0,GLN, ,N,83.44,1000.00,0.0,2.69,1.0,<Residue GLN het=  resseq=237 icode= >,3mkz_A_A,2.98
617,0.034,GLN, ,CA,88.42,1000.00,0.0,3.11,1.0,<Residue GLN het=  resseq=237 icode= >,3mkz_A_A,2.98
618,0.0,GLN, ,C,87.87,1000.00,0.0,3.25,1.0,<Residue GLN het=  resseq=237 icode= >,3mkz_A_A,2.98
619,0.0,GLN, ,O,88.24,1000.00,0.0,2.22,1.0,<Residue GLN het=  resseq=237 icode= >,3mkz_A_A,2.98
620,9.155,GLN, ,CB,94.82,1000.00,9.012,1.73,1.0,<Residue GLN het=  resseq=237 icode= >,3mkz_A_A,2.98
621,15.802,GLN, ,CG,107.01,1000.00,15.802,0.20,1.0,<Residue GLN het=  resseq=237 icode= >,3mkz_A_A,2.98
622,5.749,GLN, ,CD,111.5,1000.00,5.453,0.22,1.0,<Residue GLN het=  resseq=237 icode= >,3mkz_A_A,2.98
623,20.767,GLN, ,OE1,113.36,1000.00,7.694,0.24,1.0,<Residue GLN het=  resseq=237 icode= >,3mkz_A_A,2.98
624,51.927,GLN, ,NE2,104.19,1000.00,9.56,0.68,1.0,<Residue GLN het=  resseq=237 icode= >,3mkz_A_A,2.98
625,0.515,GLN, ,N,86.64,1000.00,0.085,2.52,1.0,<Residue GLN het=  resseq=238 icode= >,3mkz_A_A,2.98
626,1.153,GLN, ,CA,83.58,1000.00,0.0,2.52,1.0,<Residue GLN het=  resseq=238 icode= >,3mkz_A_A,2.98
627,0.0,GLN, ,C,84.4,1000.00,0.0,3.20,1.0,<Residue GLN het=  resseq=238 icode= >,3mkz_A_A,2.98
628,0.0,GLN, ,O,84.49,1000.00,0.0,1.65,1.0,<Residue GLN het=  resseq=238 icode= >,3mkz_A_A,2.98
629,0.261,GLN, ,CB,79.54,1000.00,0.0,1.62,1.0,<Residue GLN het=  resseq=238 icode= >,3mkz_A_A,2.98
630,4.707,GLN, ,CG,78.95,1000.00,0.0,1.62,1.0,<Residue GLN het=  resseq=238 icode= >,3mkz_A_A,2.98
631,2.892,GLN, ,CD,81.08,1000.00,0.0,2.52,1.0,<Residue GLN het=  resseq=238 icode= >,3mkz_A_A,2.98
632,1.264,GLN, ,OE1,82.8,1000.00,0.0,1.19,1.0,<Residue GLN het=  resseq=238 icode= >,3mkz_A_A,2.98
633,23.426,GLN, ,NE2,79.59,1000.00,0.0,1.24,1.0,<Residue GLN het=  resseq=238 icode= >,3mkz_A_A,2.98
634,0.0,ALA, ,N,86.23,1000.00,0.0,3.01,1.0,<Residue ALA het=  resseq=239 icode= >,3mkz_A_A,2.98
635,0.0,ALA, ,CA,86.04,1000.00,0.0,2.45,1.0,<Residue ALA het=  resseq=239 icode= >,3mkz_A_A,2.98
636,0.0,ALA, ,C,85.86,1000.00,0.0,2.86,1.0,<Residue ALA het=  resseq=239 icode= >,3mkz_A_A,2.98
637,0.0,ALA, ,O,88.34,1000.00,0.0,1.19,1.0,<Residue ALA het=  resseq=239 icode= >,3mkz_A_A,2.98
638,0.0,ALA, ,CB,84.89,1000.00,0.0,0.41,1.0,<Residue ALA het=  resseq=239 icode= >,3mkz_A_A,2.98
639,0.0,SER, ,N,86.87,1000.00,0.0,2.93,1.0,<Residue SER het=  resseq=240 icode= >,3mkz_A_A,2.98
640,0.0,SER, ,CA,91.23,1000.00,0.0,2.52,1.0,<Residue SER het=  resseq=240 icode= >,3mkz_A_A,2.98
641,0.0,SER, ,C,94.21,1000.00,0.0,3.17,1.0,<Residue SER het=  resseq=240 icode= >,3mkz_A_A,2.98
642,0.559,SER, ,O,95.75,1000.00,0.0,1.63,1.0,<Residue SER het=  resseq=240 icode= >,3mkz_A_A,2.98
643,39.256,SER, ,CB,91.56,1000.00,0.0,0.99,1.0,<Residue SER het=  resseq=240 icode= >,3mkz_A_A,2.98
644,6.794,SER, ,OG,89.12,1000.00,0.0,0.86,1.0,<Residue SER het=  resseq=240 icode= >,3mkz_A_A,2.98
645,0.0,ASN, ,N,98.73,1000.00,0.0,2.73,1.0,<Residue ASN het=  resseq=241 icode= >,3mkz_A_A,2.98
646,0.069,ASN, ,CA,104.67,1000.00,0.069,1.82,1.0,<Residue ASN het=  resseq=241 icode= >,3mkz_A_A,2.98
647,0.0,ASN, ,C,102.55,1000.00,0.0,2.48,1.0,<Residue ASN het=  resseq=241 icode= >,3mkz_A_A,2.98
648,7.363,ASN, ,O,101.63,1000.00,6.36,1.71,1.0,<Residue ASN het=  resseq=241 icode= >,3mkz_A_A,2.98
649,13.217,ASN, ,CB,113.73,1000.00,7.677,0.12,1.0,<Residue ASN het=  resseq=241 icode= >,3mkz_A_A,2.98
650,4.985,ASN, ,CG,118.93,1000.00,4.985,0.94,1.0,<Residue ASN het=  resseq=241 icode= >,3mkz_A_A,2.98
651,22.329,ASN, ,OD1,114.18,1000.00,19.922,1.13,1.0,<Residue ASN het=  resseq=241 icode= >,3mkz_A_A,2.98
652,22.757,ASN, ,ND2,117.8,1000.00,10.824,0.50,1.0,<Residue ASN het=  resseq=241 icode= >,3mkz_A_A,2.98
653,0.0,LEU, ,N,101.79,1000.00,0.0,2.57,1.0,<Residue LEU het=  resseq=242 icode= >,3mkz_A_A,2.98
654,0.0,LEU, ,CA,100.72,1000.00,0.0,2.60,1.0,<Residue LEU het=  resseq=242 icode= >,3mkz_A_A,2.98
655,0.0,LEU, ,C,99.57,1000.00,0.0,3.71,1.0,<Residue LEU het=  resseq=242 icode= >,3mkz_A_A,2.98
656,0.0,LEU, ,O,94.58,1000.00,0.0,2.14,1.0,<Residue LEU het=  resseq=242 icode= >,3mkz_A_A,2.98
657,0.091,LEU, ,CB,99.65,1000.00,0.0,1.01,1.0,<Residue LEU het=  resseq=242 icode= >,3mkz_A_A,2.98
658,1.056,LEU, ,CG,93.98,1000.00,0.0,1.34,1.0,<Residue LEU het=  resseq=242 icode= >,3mkz_A_A,2.98
659,4.254,LEU, ,CD1,90.26,1000.00,0.0,0.38,1.0,<Residue LEU het=  resseq=242 icode= >,3mkz_A_A,2.98
660,0.006,LEU, ,CD2,93.8,1000.00,0.0,-0.35,1.0,<Residue LEU het=  resseq=242 icode= >,3mkz_A_A,2.98
661,0.0,HIS, ,N,104.53,1000.00,0.0,2.53,1.0,<Residue HIS het=  resseq=243 icode= >,3mkz_A_A,2.98
662,0.0,HIS, ,CA,109.52,1000.00,0.0,2.18,1.0,<Residue HIS het=  resseq=243 icode= >,3mkz_A_A,2.98
663,1.194,HIS, ,C,114.55,1000.00,0.0,2.27,1.0,<Residue HIS het=  resseq=243 icode= >,3mkz_A_A,2.98
664,2.273,HIS, ,O,112.95,1000.00,0.0,1.71,1.0,<Residue HIS het=  resseq=243 icode= >,3mkz_A_A,2.98
665,11.819,HIS, ,CB,107.5,1000.00,0.0,1.14,1.0,<Residue HIS het=  resseq=243 icode= >,3mkz_A_A,2.98
666,2.213,HIS, ,CG,105.9,1000.00,0.0,1.99,1.0,<Residue HIS het=  resseq=243 icode= >,3mkz_A_A,2.98
667,3.147,HIS, ,ND1,105.93,1000.00,0.0,1.72,1.0,<Residue HIS het=  resseq=243 icode= >,3mkz_A_A,2.98
668,14.936,HIS, ,CD2,102.92,1000.00,0.0,1.48,1.0,<Residue HIS het=  resseq=243 icode= >,3mkz_A_A,2.98
669,13.377,HIS, ,CE1,105.39,1000.00,0.0,0.94,1.0,<Residue HIS het=  resseq=243 icode= >,3mkz_A_A,2.98
670,6.898,HIS, ,NE2,101.93,1000.00,0.0,1.56,1.0,<Residue HIS het=  resseq=243 icode= >,3mkz_A_A,2.98
671,0.078,GLU, ,N,117.9,1000.00,0.0,2.16,1.0,<Residue GLU het=  resseq=244 icode= >,3mkz_A_A,2.98
672,4.905,GLU, ,CA,118.98,1000.00,0.0,2.21,1.0,<Residue GLU het=  resseq=244 icode= >,3mkz_A_A,2.98
673,1.688,GLU, ,C,120.7,1000.00,0.178,2.08,1.0,<Residue GLU het=  resseq=244 icode= >,3mkz_A_A,2.98
674,5.803,GLU, ,O,122.92,1000.00,0.0,0.87,1.0,<Residue GLU het=  resseq=244 icode= >,3mkz_A_A,2.98
675,17.999,GLU, ,CB,117.31,1000.00,11.011,1.60,1.0,<Residue GLU het=  resseq=244 icode= >,3mkz_A_A,2.98
676,22.825,GLU, ,CG,118.68,1000.00,0.0,1.01,1.0,<Residue GLU het=  resseq=244 icode= >,3mkz_A_A,2.98
677,8.76,GLU, ,CD,120.73,1000.00,4.593,1.16,1.0,<Residue GLU het=  resseq=244 icode= >,3mkz_A_A,2.98
678,12.134,GLU, ,OE1,121.18,1000.00,12.134,0.46,1.0,<Residue GLU het=  resseq=244 icode= >,3mkz_A_A,2.98
679,42.092,GLU, ,OE2,119.87,1000.00,9.71,0.93,1.0,<Residue GLU het=  resseq=244 icode= >,3mkz_A_A,2.98
680,0.0,GLN, ,N,119.22,1000.00,0.0,2.11,1.0,<Residue GLN het=  resseq=245 icode= >,3mkz_A_A,2.98
681,1.126,GLN, ,CA,118.07,1000.00,0.0,2.29,1.0,<Residue GLN het=  resseq=245 icode= >,3mkz_A_A,2.98
682,0.0,GLN, ,C,120.59,1000.00,0.0,2.45,1.0,<Residue GLN het=  resseq=245 icode= >,3mkz_A_A,2.98
683,0.0,GLN, ,O,120.76,1000.00,0.0,1.44,1.0,<Residue GLN het=  resseq=245 icode= >,3mkz_A_A,2.98
684,0.0,GLN, ,CB,114.19,1000.00,0.0,1.19,1.0,<Residue GLN het=  resseq=245 icode= >,3mkz_A_A,2.98
685,21.388,GLN, ,CG,110.26,1000.00,6.67,1.04,1.0,<Residue GLN het=  resseq=245 icode= >,3mkz_A_A,2.98
686,5.603,GLN, ,CD,109.61,1000.00,0.0,0.95,1.0,<Residue GLN het=  resseq=245 icode= >,3mkz_A_A,2.98
687,22.257,GLN, ,OE1,103.22,1000.00,0.0,1.02,1.0,<Residue GLN het=  resseq=245 icode= >,3mkz_A_A,2.98
688,32.598,GLN, ,NE2,108.34,1000.00,7.563,0.40,1.0,<Residue GLN het=  resseq=245 icode= >,3mkz_A_A,2.98
689,0.0,LYS, ,N,122.9,1000.00,0.0,2.08,1.0,<Residue LYS het=  resseq=246 icode= >,3mkz_A_A,2.98
690,0.0,LYS, ,CA,124.12,1000.00,0.0,1.82,1.0,<Residue LYS het=  resseq=246 icode= >,3mkz_A_A,2.98
691,0.0,LYS, ,C,125.07,1000.00,0.0,2.31,1.0,<Residue LYS het=  resseq=246 icode= >,3mkz_A_A,2.98
692,2.134,LYS, ,O,124.44,1000.00,0.0,1.50,1.0,<Residue LYS het=  resseq=246 icode= >,3mkz_A_A,2.98
693,1.194,LYS, ,CB,122.64,1000.00,0.0,0.58,1.0,<Residue LYS het=  resseq=246 icode= >,3mkz_A_A,2.98
694,14.151,LYS, ,CG,117.83,1000.00,0.0,0.69,1.0,<Residue LYS het=  resseq=246 icode= >,3mkz_A_A,2.98
695,3.393,LYS, ,CD,113.89,1000.00,0.0,0.50,1.0,<Residue LYS het=  resseq=246 icode= >,3mkz_A_A,2.98
696,39.619,LYS, ,CE,113.84,1000.00,0.0,0.28,1.0,<Residue LYS het=  resseq=246 icode= >,3mkz_A_A,2.98
697,25.344,LYS, ,NZ,109.38,1000.00,0.0,-0.09,1.0,<Residue LYS het=  resseq=246 icode= >,3mkz_A_A,2.98
698,0.0,LYS, ,N,126.42,1000.00,0.0,1.84,1.0,<Residue LYS het=  resseq=247 icode= >,3mkz_A_A,2.98
699,5.361,LYS, ,CA,129.26,1000.00,0.0,1.61,1.0,<Residue LYS het=  resseq=247 icode= >,3mkz_A_A,2.98
700,0.0,LYS, ,C,131.12,1000.00,0.0,2.16,1.0,<Residue LYS het=  resseq=247 icode= >,3mkz_A_A,2.98
701,12.749,LYS, ,O,130.81,1000.00,0.0,1.26,1.0,<Residue LYS het=  resseq=247 icode= >,3mkz_A_A,2.98
702,15.574,LYS, ,CB,127.24,1000.00,0.0,0.91,1.0,<Residue LYS het=  resseq=247 icode= >,3mkz_A_A,2.98
703,27.18,LYS, ,CG,128.13,1000.00,0.0,0.47,1.0,<Residue LYS het=  resseq=247 icode= >,3mkz_A_A,2.98
704,20.524,LYS, ,CD,125.99,1000.00,0.0,0.17,1.0,<Residue LYS het=  resseq=247 icode= >,3mkz_A_A,2.98
705,40.516,LYS, ,CE,122.33,1000.00,0.0,0.21,1.0,<Residue LYS het=  resseq=247 icode= >,3mkz_A_A,2.98
706,48.38,LYS, ,NZ,116.33,1000.00,0.0,0.06,1.0,<Residue LYS het=  resseq=247 icode= >,3mkz_A_A,2.98
707,0.0,ALA, ,N,132.94,1000.00,0.0,2.14,1.0,<Residue ALA het=  resseq=248 icode= >,3mkz_A_A,2.98
708,12.695,ALA, ,CA,134.36,1000.00,0.0,1.35,1.0,<Residue ALA het=  resseq=248 icode= >,3mkz_A_A,2.98
709,4.152,ALA, ,C,135.64,1000.00,0.0,1.38,1.0,<Residue ALA het=  resseq=248 icode= >,3mkz_A_A,2.98
710,24.343,ALA, ,O,135.98,1000.00,0.0,0.65,1.0,<Residue ALA het=  resseq=248 icode= >,3mkz_A_A,2.98
711,38.849,ALA, ,CB,132.67,1000.00,0.0,0.42,1.0,<Residue ALA het=  resseq=248 icode= >,3mkz_A_A,2.98
712,0.227,GLY, ,N,136.34,1000.00,0.0,1.59,1.0,<Residue GLY het=  resseq=249 icode= >,3mkz_A_A,2.98
713,35.156,GLY, ,CA,135.6,1000.00,0.0,1.16,1.0,<Residue GLY het=  resseq=249 icode= >,3mkz_A_A,2.98
714,4.856,GLY, ,C,136.86,1000.00,0.0,1.13,1.0,<Residue GLY het=  resseq=249 icode= >,3mkz_A_A,2.98
715,13.155,GLY, ,O,137.09,1000.00,0.0,0.64,1.0,<Residue GLY het=  resseq=249 icode= >,3mkz_A_A,2.98
716,1.006,VAL, ,N,136.63,1000.00,0.0,1.32,1.0,<Residue VAL het=  resseq=250 icode= >,3mkz_A_A,2.98
717,7.663,VAL, ,CA,133.91,1000.00,0.0,1.70,1.0,<Residue VAL het=  resseq=250 icode= >,3mkz_A_A,2.98
718,0.0,VAL, ,C,133.39,1000.00,0.0,2.40,1.0,<Residue VAL het=  resseq=250 icode= >,3mkz_A_A,2.98
719,0.0,VAL, ,O,132.58,1000.00,0.0,1.48,1.0,<Residue VAL het=  resseq=250 icode= >,3mkz_A_A,2.98
720,0.0,VAL, ,CB,132.98,1000.00,0.0,0.99,1.0,<Residue VAL het=  resseq=250 icode= >,3mkz_A_A,2.98
721,27.287,VAL, ,CG1,126.94,1000.00,0.0,0.19,1.0,<Residue VAL het=  resseq=250 icode= >,3mkz_A_A,2.98
722,33.554,VAL, ,CG2,129.54,1000.00,0.0,0.39,1.0,<Residue VAL het=  resseq=250 icode= >,3mkz_A_A,2.98
723,6.036,ILE, ,N,131.74,18.75,0.0,1.62,1.0,<Residue ILE het=  resseq=251 icode= >,3mkz_A_A,2.98
724,0.0,ILE, ,CA,129.6,17.75,0.0,1.18,1.0,<Residue ILE het=  resseq=251 icode= >,3mkz_A_A,2.98
725,0.0,ILE, ,C,127.08,16.55,0.0,1.48,1.0,<Residue ILE het=  resseq=251 icode= >,3mkz_A_A,2.98
726,24.991,ILE, ,O,122.32,16.08,0.0,1.33,1.0,<Residue ILE het=  resseq=251 icode= >,3mkz_A_A,2.98
727,11.663,ILE, ,CB,127.38,17.37,0.0,0.91,1.0,<Residue ILE het=  resseq=251 icode= >,3mkz_A_A,2.98
728,18.402,ILE, ,CG1,126.71,18.54,0.0,-0.15,1.0,<Residue ILE het=  resseq=251 icode= >,3mkz_A_A,2.98
729,41.157,ILE, ,CG2,124.72,16.09,0.0,0.66,1.0,<Residue ILE het=  resseq=251 icode= >,3mkz_A_A,2.98
730,18.302,ILE, ,CD1,118.75,18.81,0.0,-0.04,1.0,<Residue ILE het=  resseq=251 icode= >,3mkz_A_A,2.98
731,0.0,PHE, ,N,125.39,16.22,0.0,1.15,1.0,<Residue PHE het=  resseq=252 icode= >,3mkz_A_A,2.98
732,3.082,PHE, ,CA,120.98,15.20,0.0,1.78,1.0,<Residue PHE het=  resseq=252 icode= >,3mkz_A_A,2.98
733,0.014,PHE, ,C,118.33,14.61,0.0,2.69,1.0,<Residue PHE het=  resseq=252 icode= >,3mkz_A_A,2.98
734,8.255,PHE, ,O,113.05,14.64,0.0,2.11,1.0,<Residue PHE het=  resseq=252 icode= >,3mkz_A_A,2.98
735,1.328,PHE, ,CB,120.32,15.42,0.0,0.90,1.0,<Residue PHE het=  resseq=252 icode= >,3mkz_A_A,2.98
736,0.0,PHE, ,CG,119.58,16.07,0.0,0.83,1.0,<Residue PHE het=  resseq=252 icode= >,3mkz_A_A,2.98
737,6.995,PHE, ,CD1,115.03,17.03,0.0,0.78,1.0,<Residue PHE het=  resseq=252 icode= >,3mkz_A_A,2.98
738,0.385,PHE, ,CD2,118.31,15.89,0.0,0.92,1.0,<Residue PHE het=  resseq=252 icode= >,3mkz_A_A,2.98
739,1.244,PHE, ,CE1,112.1,17.77,0.0,0.69,1.0,<Residue PHE het=  resseq=252 icode= >,3mkz_A_A,2.98
740,2.081,PHE, ,CE2,116.43,16.68,0.0,0.55,1.0,<Residue PHE het=  resseq=252 icode= >,3mkz_A_A,2.98
741,0.0,PHE, ,CZ,115.38,17.61,0.0,0.39,1.0,<Residue PHE het=  resseq=252 icode= >,3mkz_A_A,2.98
742,1.724,GLU, ,N,117.78,13.57,0.0,2.27,1.0,<Residue GLU het=  resseq=253 icode= >,3mkz_A_A,2.98
743,9.199,GLU, ,CA,119.87,12.79,0.0,1.86,1.0,<Residue GLU het=  resseq=253 icode= >,3mkz_A_A,2.98
744,0.072,GLU, ,C,118.19,11.49,0.0,2.17,1.0,<Residue GLU het=  resseq=253 icode= >,3mkz_A_A,2.98
745,0.0,GLU, ,O,120.27,11.41,0.0,1.19,1.0,<Residue GLU het=  resseq=253 icode= >,3mkz_A_A,2.98
746,31.247,GLU, ,CB,126.37,11.70,0.0,0.54,1.0,<Residue GLU het=  resseq=253 icode= >,3mkz_A_A,2.98
747,12.388,GLU, ,CG,133.81,10.85,0.0,0.33,1.0,<Residue GLU het=  resseq=253 icode= >,3mkz_A_A,2.98
748,5.765,GLU, ,CD,136.23,10.62,0.0,0.83,1.0,<Residue GLU het=  resseq=253 icode= >,3mkz_A_A,2.98
749,4.722,GLU, ,OE1,136.44,11.68,0.0,0.98,1.0,<Residue GLU het=  resseq=253 icode= >,3mkz_A_A,2.98
750,36.223,GLU, ,OE2,135.48,9.50,0.0,0.64,1.0,<Residue GLU het=  resseq=253 icode= >,3mkz_A_A,2.98
751,2.834,ALA, ,N,114.8,10.61,0.0,1.54,1.0,<Residue ALA het=  resseq=254 icode= >,3mkz_A_A,2.98
752,0.0,ALA, ,CA,111.96,9.35,0.0,1.48,1.0,<Residue ALA het=  resseq=254 icode= >,3mkz_A_A,2.98
753,1.68,ALA, ,C,111.11,8.66,0.0,2.45,1.0,<Residue ALA het=  resseq=254 icode= >,3mkz_A_A,2.98
754,0.57,ALA, ,O,108.84,8.51,0.0,1.74,1.0,<Residue ALA het=  resseq=254 icode= >,3mkz_A_A,2.98
755,20.902,ALA, ,CB,109.58,8.57,0.0,-0.15,1.0,<Residue ALA het=  resseq=254 icode= >,3mkz_A_A,2.98
756,2.365,ASP, ,N,110.68,8.52,0.0,2.04,1.0,<Residue ASP het=  resseq=255 icode= >,3mkz_A_A,2.98
757,9.61,ASP, ,CA,110.89,8.18,0.0,2.39,1.0,<Residue ASP het=  resseq=255 icode= >,3mkz_A_A,2.98
758,0.0,ASP, ,C,108.48,8.92,0.0,3.15,1.0,<Residue ASP het=  resseq=255 icode= >,3mkz_A_A,2.98
759,0.083,ASP, ,O,104.74,8.45,0.0,1.91,1.0,<Residue ASP het=  resseq=255 icode= >,3mkz_A_A,2.98
760,15.07,ASP, ,CB,116.69,8.35,0.0,1.29,1.0,<Residue ASP het=  resseq=255 icode= >,3mkz_A_A,2.98
761,11.276,ASP, ,CG,121.89,7.50,0.0,0.78,1.0,<Residue ASP het=  resseq=255 icode= >,3mkz_A_A,2.98
762,41.508,ASP, ,OD1,126.02,7.34,0.0,0.19,1.0,<Residue ASP het=  resseq=255 icode= >,3mkz_A_A,2.98
763,25.627,ASP, ,OD2,122.99,7.27,0.0,0.63,1.0,<Residue ASP het=  resseq=255 icode= >,3mkz_A_A,2.98
764,0.0,GLU, ,N,108.25,10.22,0.0,2.31,1.0,<Residue GLU het=  resseq=256 icode= >,3mkz_A_A,2.98
765,0.77,GLU, ,CA,105.9,11.18,0.0,2.39,1.0,<Residue GLU het=  resseq=256 icode= >,3mkz_A_A,2.98
766,0.0,GLU, ,C,99.28,11.22,0.0,2.50,1.0,<Residue GLU het=  resseq=256 icode= >,3mkz_A_A,2.98
767,0.0,GLU, ,O,96.36,11.61,0.0,1.48,1.0,<Residue GLU het=  resseq=256 icode= >,3mkz_A_A,2.98
768,0.0,GLU, ,CB,112.92,12.59,0.0,1.09,1.0,<Residue GLU het=  resseq=256 icode= >,3mkz_A_A,2.98
769,14.89,GLU, ,CG,126.37,12.56,0.0,0.15,1.0,<Residue GLU het=  resseq=256 icode= >,3mkz_A_A,2.98
770,7.357,GLU, ,CD,134.43,13.16,0.0,0.29,1.0,<Residue GLU het=  resseq=256 icode= >,3mkz_A_A,2.98
771,10.494,GLU, ,OE1,137.72,13.52,0.0,0.50,1.0,<Residue GLU het=  resseq=256 icode= >,3mkz_A_A,2.98
772,42.469,GLU, ,OE2,134.63,13.04,0.0,0.36,1.0,<Residue GLU het=  resseq=256 icode= >,3mkz_A_A,2.98
773,0.0,VAL, ,N,89.87,11.08,0.0,2.37,1.0,<Residue VAL het=  resseq=257 icode= >,3mkz_A_A,2.98
774,0.0,VAL, ,CA,83.8,11.38,0.0,2.39,1.0,<Residue VAL het=  resseq=257 icode= >,3mkz_A_A,2.98
775,0.0,VAL, ,C,83.09,10.76,0.0,3.32,1.0,<Residue VAL het=  resseq=257 icode= >,3mkz_A_A,2.98
776,0.0,VAL, ,O,79.66,11.53,0.0,1.64,1.0,<Residue VAL het=  resseq=257 icode= >,3mkz_A_A,2.98
777,0.0,VAL, ,CB,80.8,11.17,0.0,1.18,1.0,<Residue VAL het=  resseq=257 icode= >,3mkz_A_A,2.98
778,0.653,VAL, ,CG1,73.95,11.61,0.0,0.25,1.0,<Residue VAL het=  resseq=257 icode= >,3mkz_A_A,2.98
779,0.277,VAL, ,CG2,78.12,12.16,0.0,-0.08,1.0,<Residue VAL het=  resseq=257 icode= >,3mkz_A_A,2.98
780,0.0,ILE, ,N,81.81,9.48,0.0,2.74,1.0,<Residue ILE het=  resseq=258 icode= >,3mkz_A_A,2.98
781,0.289,ILE, ,CA,78.06,8.92,0.0,3.34,1.0,<Residue ILE het=  resseq=258 icode= >,3mkz_A_A,2.98
782,0.043,ILE, ,C,78.25,9.68,0.0,4.25,1.0,<Residue ILE het=  resseq=258 icode= >,3mkz_A_A,2.98
783,0.176,ILE, ,O,76.58,10.12,0.0,2.09,1.0,<Residue ILE het=  resseq=258 icode= >,3mkz_A_A,2.98
784,1.97,ILE, ,CB,74.52,7.38,0.0,1.84,1.0,<Residue ILE het=  resseq=258 icode= >,3mkz_A_A,2.98
785,10.152,ILE, ,CG1,66.13,6.93,0.0,1.51,1.0,<Residue ILE het=  resseq=258 icode= >,3mkz_A_A,2.98
786,27.586,ILE, ,CG2,82.51,7.16,0.0,0.45,1.0,<Residue ILE het=  resseq=258 icode= >,3mkz_A_A,2.98
787,1.154,ILE, ,CD1,63.31,6.83,0.0,0.21,1.0,<Residue ILE het=  resseq=258 icode= >,3mkz_A_A,2.98
788,0.0,THR, ,N,80.27,10.09,0.0,2.85,1.0,<Residue THR het=  resseq=259 icode= >,3mkz_A_A,2.98
789,1.568,THR, ,CA,82.99,11.02,0.0,2.58,1.0,<Residue THR het=  resseq=259 icode= >,3mkz_A_A,2.98
790,0.0,THR, ,C,83.66,12.44,0.0,3.14,1.0,<Residue THR het=  resseq=259 icode= >,3mkz_A_A,2.98
791,2.329,THR, ,O,80.52,13.13,0.0,2.13,1.0,<Residue THR het=  resseq=259 icode= >,3mkz_A_A,2.98
792,2.87,THR, ,CB,83.28,11.19,0.0,2.12,1.0,<Residue THR het=  resseq=259 icode= >,3mkz_A_A,2.98
793,35.825,THR, ,OG1,76.07,10.33,0.0,1.41,1.0,<Residue THR het=  resseq=259 icode= >,3mkz_A_A,2.98
794,29.557,THR, ,CG2,80.05,12.47,0.0,0.19,1.0,<Residue THR het=  resseq=259 icode= >,3mkz_A_A,2.98
795,0.0,LEU, ,N,83.9,12.98,0.0,2.64,1.0,<Residue LEU het=  resseq=260 icode= >,3mkz_A_A,2.98
796,0.638,LEU, ,CA,83.17,14.35,0.0,2.94,1.0,<Residue LEU het=  resseq=260 icode= >,3mkz_A_A,2.98
797,0.0,LEU, ,C,83.31,14.56,0.0,2.96,1.0,<Residue LEU het=  resseq=260 icode= >,3mkz_A_A,2.98
798,1.491,LEU, ,O,83.69,15.73,0.0,1.69,1.0,<Residue LEU het=  resseq=260 icode= >,3mkz_A_A,2.98
799,4.769,LEU, ,CB,83.67,14.91,0.0,1.36,1.0,<Residue LEU het=  resseq=260 icode= >,3mkz_A_A,2.98
800,0.0,LEU, ,CG,87.53,14.77,0.0,1.47,1.0,<Residue LEU het=  resseq=260 icode= >,3mkz_A_A,2.98
801,17.565,LEU, ,CD1,89.18,15.84,0.0,-0.21,1.0,<Residue LEU het=  resseq=260 icode= >,3mkz_A_A,2.98
802,31.989,LEU, ,CD2,91.34,15.11,0.0,-0.07,1.0,<Residue LEU het=  resseq=260 icode= >,3mkz_A_A,2.98
803,0.0,LEU, ,N,81.33,13.55,0.0,2.34,1.0,<Residue LEU het=  resseq=261 icode= >,3mkz_A_A,2.98
804,0.0,LEU, ,CA,76.49,13.92,0.0,2.90,1.0,<Residue LEU het=  resseq=261 icode= >,3mkz_A_A,2.98
805,0.0,LEU, ,C,77.57,14.08,0.0,3.39,1.0,<Residue LEU het=  resseq=261 icode= >,3mkz_A_A,2.98
806,0.0,LEU, ,O,80.44,15.17,0.0,1.19,1.0,<Residue LEU het=  resseq=261 icode= >,3mkz_A_A,2.98
807,0.0,LEU, ,CB,70.81,13.06,0.0,1.71,1.0,<Residue LEU het=  resseq=261 icode= >,3mkz_A_A,2.98
808,0.139,LEU, ,CG,69.47,13.18,0.0,1.56,1.0,<Residue LEU het=  resseq=261 icode= >,3mkz_A_A,2.98
809,0.0,LEU, ,CD1,65.18,13.93,0.0,0.36,1.0,<Residue LEU het=  resseq=261 icode= >,3mkz_A_A,2.98
810,0.0,LEU, ,CD2,72.84,14.07,0.0,0.07,1.0,<Residue LEU het=  resseq=261 icode= >,3mkz_A_A,2.98
811,0.0,THR, ,N,77.76,13.14,0.0,3.02,1.0,<Residue THR het=  resseq=262 icode= >,3mkz_A_A,2.98
812,0.0,THR, ,CA,77.05,13.53,0.0,3.72,1.0,<Residue THR het=  resseq=262 icode= >,3mkz_A_A,2.98
813,0.0,THR, ,C,77.44,14.65,0.0,3.69,1.0,<Residue THR het=  resseq=262 icode= >,3mkz_A_A,2.98
814,0.04,THR, ,O,79.18,15.25,0.0,1.87,1.0,<Residue THR het=  resseq=262 icode= >,3mkz_A_A,2.98
815,2.213,THR, ,CB,74.23,12.42,0.0,2.86,1.0,<Residue THR het=  resseq=262 icode= >,3mkz_A_A,2.98
816,7.867,THR, ,OG1,78.32,11.51,0.0,1.43,1.0,<Residue THR het=  resseq=262 icode= >,3mkz_A_A,2.98
817,19.717,THR, ,CG2,69.68,11.81,0.0,0.64,1.0,<Residue THR het=  resseq=262 icode= >,3mkz_A_A,2.98
818,0.0,SER, ,N,76.49,15.05,0.0,2.93,1.0,<Residue SER het=  resseq=263 icode= >,3mkz_A_A,2.98
819,0.969,SER, ,CA,75.02,16.20,0.0,3.05,1.0,<Residue SER het=  resseq=263 icode= >,3mkz_A_A,2.98
820,0.991,SER, ,C,73.66,17.49,0.0,3.46,1.0,<Residue SER het=  resseq=263 icode= >,3mkz_A_A,2.98
821,1.783,SER, ,O,72.68,18.26,0.0,2.08,1.0,<Residue SER het=  resseq=263 icode= >,3mkz_A_A,2.98
822,30.489,SER, ,CB,75.78,16.54,0.0,1.69,1.0,<Residue SER het=  resseq=263 icode= >,3mkz_A_A,2.98
823,8.002,SER, ,OG,77.67,16.81,0.0,1.30,1.0,<Residue SER het=  resseq=263 icode= >,3mkz_A_A,2.98
824,0.23,VAL, ,N,70.01,17.82,0.0,2.87,1.0,<Residue VAL het=  resseq=264 icode= >,3mkz_A_A,2.98
825,10.711,VAL, ,CA,70.27,19.08,0.0,3.25,1.0,<Residue VAL het=  resseq=264 icode= >,3mkz_A_A,2.98
826,0.054,VAL, ,C,71.59,19.23,0.0,3.58,1.0,<Residue VAL het=  resseq=264 icode= >,3mkz_A_A,2.98
827,19.258,VAL, ,O,72.71,20.34,15.583,1.60,1.0,<Residue VAL het=  resseq=264 icode= >,3mkz_A_A,2.98
828,3.024,VAL, ,CB,68.19,19.36,0.0,2.10,1.0,<Residue VAL het=  resseq=264 icode= >,3mkz_A_A,2.98
829,0.0,VAL, ,CG1,67.36,18.43,0.0,0.67,1.0,<Residue VAL het=  resseq=264 icode= >,3mkz_A_A,2.98
830,41.485,VAL, ,CG2,71.17,20.81,17.734,-0.07,1.0,<Residue VAL het=  resseq=264 icode= >,3mkz_A_A,2.98
831,0.0,LEU, ,N,73.25,18.19,0.0,3.35,1.0,<Residue LEU het=  resseq=265 icode= >,3mkz_A_A,2.98
832,2.838,LEU, ,CA,77.18,18.35,2.838,3.41,1.0,<Residue LEU het=  resseq=265 icode= >,3mkz_A_A,2.98
833,2.952,LEU, ,C,80.73,18.61,2.952,3.91,1.0,<Residue LEU het=  resseq=265 icode= >,3mkz_A_A,2.98
834,28.225,LEU, ,O,81.63,19.01,13.567,2.45,1.0,<Residue LEU het=  resseq=265 icode= >,3mkz_A_A,2.98
835,8.606,LEU, ,CB,77.4,17.16,0.0,2.17,1.0,<Residue LEU het=  resseq=265 icode= >,3mkz_A_A,2.98
836,2.234,LEU, ,CG,80.55,17.26,0.0,1.65,1.0,<Residue LEU het=  resseq=265 icode= >,3mkz_A_A,2.98
837,21.498,LEU, ,CD1,89.26,18.42,10.896,-0.11,1.0,<Residue LEU het=  resseq=265 icode= >,3mkz_A_A,2.98
838,0.0,LEU, ,CD2,80.27,17.59,0.0,0.76,1.0,<Residue LEU het=  resseq=265 icode= >,3mkz_A_A,2.98
839,0.0,LYS, ,N,87.69,18.29,0.0,2.74,1.0,<Residue LYS het=  resseq=266 icode= >,3mkz_A_A,2.98
840,4.965,LYS, ,CA,95.14,18.05,0.404,2.35,1.0,<Residue LYS het=  resseq=266 icode= >,3mkz_A_A,2.98
841,3.043,LYS, ,C,99.06,19.20,3.043,2.48,1.0,<Residue LYS het=  resseq=266 icode= >,3mkz_A_A,2.98
842,6.928,LYS, ,O,98.02,19.82,3.274,1.84,1.0,<Residue LYS het=  resseq=266 icode= >,3mkz_A_A,2.98
843,13.136,LYS, ,CB,99.13,16.73,0.0,0.86,1.0,<Residue LYS het=  resseq=266 icode= >,3mkz_A_A,2.98
844,10.145,LYS, ,CG,96.98,15.50,0.0,1.37,1.0,<Residue LYS het=  resseq=266 icode= >,3mkz_A_A,2.98
845,24.026,LYS, ,CD,93.86,14.31,0.0,0.86,1.0,<Residue LYS het=  resseq=266 icode= >,3mkz_A_A,2.98
846,25.018,LYS, ,CE,96.78,13.12,0.0,0.60,1.0,<Residue LYS het=  resseq=266 icode= >,3mkz_A_A,2.98
847,43.277,LYS, ,NZ,95.73,12.99,0.0,0.50,1.0,<Residue LYS het=  resseq=266 icode= >,3mkz_A_A,2.98
848,6.578,THR, ,N,104.53,1000.00,3.057,1.52,1.0,<Residue THR het=  resseq=267 icode= >,3mkz_A_A,2.98
849,9.65,THR, ,CA,110.0,1000.00,9.62,1.89,1.0,<Residue THR het=  resseq=267 icode= >,3mkz_A_A,2.98
850,0.238,THR, ,C,114.86,1000.00,0.0,2.33,1.0,<Residue THR het=  resseq=267 icode= >,3mkz_A_A,2.98
851,20.928,THR, ,O,119.73,1000.00,1.617,0.93,1.0,<Residue THR het=  resseq=267 icode= >,3mkz_A_A,2.98
852,11.974,THR, ,CB,106.34,1000.00,0.0,1.62,1.0,<Residue THR het=  resseq=267 icode= >,3mkz_A_A,2.98
853,33.12,THR, ,OG1,106.37,1000.00,17.821,0.44,1.0,<Residue THR het=  resseq=267 icode= >,3mkz_A_A,2.98
854,60.471,THR, ,CG2,102.42,1000.00,30.916,0.64,1.0,<Residue THR het=  resseq=267 icode= >,3mkz_A_A,2.98
855,2.969,SER, ,N,118.9,1000.00,0.0,1.74,1.0,<Residue SER het=  resseq=268 icode= >,3mkz_A_A,2.98
856,12.441,SER, ,CA,123.55,1000.00,0.0,1.29,1.0,<Residue SER het=  resseq=268 icode= >,3mkz_A_A,2.98
857,35.683,SER, ,C,126.95,1000.00,0.0,1.01,1.0,<Residue SER het=  resseq=268 icode= >,3mkz_A_A,2.98
858,14.22,SER, ,O,128.35,1000.00,0.0,0.63,1.0,<Residue SER het=  resseq=268 icode= >,3mkz_A_A,2.98
859,46.109,SER, ,CB,122.18,1000.00,0.0,0.85,1.0,<Residue SER het=  resseq=268 icode= >,3mkz_A_A,2.98
860,33.306,SER, ,OG,121.23,1000.00,0.0,0.55,1.0,<Residue SER het=  resseq=268 icode= >,3mkz_A_A,2.98
