,ASA,aa,altloc,atom,bfac,d2r,dASA,dens,occ,residue,id,resolu
0,46.275,ASP, ,N,222.92,1000.00,0.0,0.62,1.0,<Residue ASP het=  resseq=250 icode= >,3n4m_C_A,2.987
1,7.15,ASP, ,CA,215.07,1000.00,0.0,1.03,1.0,<Residue ASP het=  resseq=250 icode= >,3n4m_C_A,2.987
2,3.579,ASP, ,C,196.74,1000.00,0.0,1.24,1.0,<Residue ASP het=  resseq=250 icode= >,3n4m_C_A,2.987
3,7.337,ASP, ,O,178.75,1000.00,0.0,0.87,1.0,<Residue ASP het=  resseq=250 icode= >,3n4m_C_A,2.987
4,7.167,ASP, ,CB,205.11,1000.00,0.0,0.58,1.0,<Residue ASP het=  resseq=250 icode= >,3n4m_C_A,2.987
5,6.429,ASP, ,CG,219.76,1000.00,0.0,0.44,1.0,<Residue ASP het=  resseq=250 icode= >,3n4m_C_A,2.987
6,10.734,ASP, ,OD1,219.25,1000.00,0.0,0.67,1.0,<Residue ASP het=  resseq=250 icode= >,3n4m_C_A,2.987
7,37.467,ASP, ,OD2,226.63,1000.00,0.0,0.17,1.0,<Residue ASP het=  resseq=250 icode= >,3n4m_C_A,2.987
8,0.079,PRO, ,N,281.98,1000.00,0.0,0.95,1.0,<Residue PRO het=  resseq=251 icode= >,3n4m_C_A,2.987
9,4.89,PRO, ,CA,264.57,1000.00,0.0,0.75,1.0,<Residue PRO het=  resseq=251 icode= >,3n4m_C_A,2.987
10,0.861,PRO, ,C,245.27,1000.00,0.0,1.02,1.0,<Residue PRO het=  resseq=251 icode= >,3n4m_C_A,2.987
11,1.688,PRO, ,O,230.3,1000.00,0.0,0.84,1.0,<Residue PRO het=  resseq=251 icode= >,3n4m_C_A,2.987
12,35.212,PRO, ,CB,271.72,1000.00,0.0,0.41,1.0,<Residue PRO het=  resseq=251 icode= >,3n4m_C_A,2.987
13,43.867,PRO, ,CG,295.09,1000.00,0.0,0.09,1.0,<Residue PRO het=  resseq=251 icode= >,3n4m_C_A,2.987
14,14.864,PRO, ,CD,295.71,1000.00,0.0,0.60,1.0,<Residue PRO het=  resseq=251 icode= >,3n4m_C_A,2.987
15,0.306,ILE, ,N,223.82,1000.00,0.0,0.85,1.0,<Residue ILE het=  resseq=252 icode= >,3n4m_C_A,2.987
16,1.867,ILE, ,CA,199.54,1000.00,0.0,1.37,1.0,<Residue ILE het=  resseq=252 icode= >,3n4m_C_A,2.987
17,0.0,ILE, ,C,180.84,1000.00,0.0,2.26,1.0,<Residue ILE het=  resseq=252 icode= >,3n4m_C_A,2.987
18,0.0,ILE, ,O,162.05,1000.00,0.0,1.80,1.0,<Residue ILE het=  resseq=252 icode= >,3n4m_C_A,2.987
19,10.44,ILE, ,CB,198.7,1000.00,0.0,0.83,1.0,<Residue ILE het=  resseq=252 icode= >,3n4m_C_A,2.987
20,2.219,ILE, ,CG1,178.66,1000.00,0.0,0.49,1.0,<Residue ILE het=  resseq=252 icode= >,3n4m_C_A,2.987
21,4.834,ILE, ,CG2,199.34,1000.00,0.0,0.60,1.0,<Residue ILE het=  resseq=252 icode= >,3n4m_C_A,2.987
22,15.085,ILE, ,CD1,176.92,1000.00,0.0,-0.10,1.0,<Residue ILE het=  resseq=252 icode= >,3n4m_C_A,2.987
23,0.0,LEU, ,N,197.97,1000.00,0.0,1.66,1.0,<Residue LEU het=  resseq=253 icode= >,3n4m_C_A,2.987
24,0.0,LEU, ,CA,181.13,1000.00,0.0,1.67,1.0,<Residue LEU het=  resseq=253 icode= >,3n4m_C_A,2.987
25,0.106,LEU, ,C,169.67,1000.00,0.0,1.74,1.0,<Residue LEU het=  resseq=253 icode= >,3n4m_C_A,2.987
26,0.0,LEU, ,O,156.27,1000.00,0.0,1.07,1.0,<Residue LEU het=  resseq=253 icode= >,3n4m_C_A,2.987
27,0.917,LEU, ,CB,191.33,1000.00,0.0,1.15,1.0,<Residue LEU het=  resseq=253 icode= >,3n4m_C_A,2.987
28,0.0,LEU, ,CG,205.19,1000.00,0.0,0.59,1.0,<Residue LEU het=  resseq=253 icode= >,3n4m_C_A,2.987
29,13.167,LEU, ,CD1,206.26,1000.00,0.0,-0.18,1.0,<Residue LEU het=  resseq=253 icode= >,3n4m_C_A,2.987
30,0.569,LEU, ,CD2,195.04,1000.00,0.0,-0.41,1.0,<Residue LEU het=  resseq=253 icode= >,3n4m_C_A,2.987
31,0.0,LEU, ,N,233.33,1000.00,0.0,1.59,1.0,<Residue LEU het=  resseq=254 icode= >,3n4m_C_A,2.987
32,1.039,LEU, ,CA,227.56,1000.00,0.0,0.96,1.0,<Residue LEU het=  resseq=254 icode= >,3n4m_C_A,2.987
33,0.0,LEU, ,C,217.31,1000.00,0.0,0.88,1.0,<Residue LEU het=  resseq=254 icode= >,3n4m_C_A,2.987
34,6.019,LEU, ,O,205.87,1000.00,0.0,0.34,1.0,<Residue LEU het=  resseq=254 icode= >,3n4m_C_A,2.987
35,20.599,LEU, ,CB,238.4,1000.00,0.0,-0.03,1.0,<Residue LEU het=  resseq=254 icode= >,3n4m_C_A,2.987
36,0.0,LEU, ,CG,251.56,1000.00,0.0,0.04,1.0,<Residue LEU het=  resseq=254 icode= >,3n4m_C_A,2.987
37,35.699,LEU, ,CD1,240.29,1000.00,0.0,-0.01,1.0,<Residue LEU het=  resseq=254 icode= >,3n4m_C_A,2.987
38,51.255,LEU, ,CD2,259.4,1000.00,0.0,-0.37,1.0,<Residue LEU het=  resseq=254 icode= >,3n4m_C_A,2.987
39,0.0,ARG, ,N,241.22,1000.00,0.0,1.31,1.0,<Residue ARG het=  resseq=255 icode= >,3n4m_C_A,2.987
40,1.297,ARG, ,CA,230.36,1000.00,0.0,1.17,1.0,<Residue ARG het=  resseq=255 icode= >,3n4m_C_A,2.987
41,0.0,ARG, ,C,215.63,1000.00,0.0,0.98,1.0,<Residue ARG het=  resseq=255 icode= >,3n4m_C_A,2.987
42,0.0,ARG, ,O,210.37,1000.00,0.0,0.62,1.0,<Residue ARG het=  resseq=255 icode= >,3n4m_C_A,2.987
43,0.0,ARG, ,CB,236.49,1000.00,0.0,0.81,1.0,<Residue ARG het=  resseq=255 icode= >,3n4m_C_A,2.987
44,10.463,ARG, ,CG,249.98,1000.00,0.0,0.33,1.0,<Residue ARG het=  resseq=255 icode= >,3n4m_C_A,2.987
45,0.403,ARG, ,CD,262.77,1000.00,0.0,0.05,1.0,<Residue ARG het=  resseq=255 icode= >,3n4m_C_A,2.987
46,17.53,ARG, ,NE,280.81,1000.00,0.0,-0.14,1.0,<Residue ARG het=  resseq=255 icode= >,3n4m_C_A,2.987
47,7.195,ARG, ,CZ,277.82,1000.00,0.0,-0.26,1.0,<Residue ARG het=  resseq=255 icode= >,3n4m_C_A,2.987
48,24.471,ARG, ,NH1,264.53,1000.00,0.0,-0.02,1.0,<Residue ARG het=  resseq=255 icode= >,3n4m_C_A,2.987
49,59.516,ARG, ,NH2,281.42,1000.00,0.0,-0.16,1.0,<Residue ARG het=  resseq=255 icode= >,3n4m_C_A,2.987
50,0.0,PRO, ,N,258.79,1000.00,0.0,1.00,1.0,<Residue PRO het=  resseq=256 icode= >,3n4m_C_A,2.987
51,0.079,PRO, ,CA,239.73,1000.00,0.0,1.32,1.0,<Residue PRO het=  resseq=256 icode= >,3n4m_C_A,2.987
52,0.0,PRO, ,C,237.09,1000.00,0.0,1.19,1.0,<Residue PRO het=  resseq=256 icode= >,3n4m_C_A,2.987
53,0.0,PRO, ,O,247.51,1000.00,0.0,0.70,1.0,<Residue PRO het=  resseq=256 icode= >,3n4m_C_A,2.987
54,10.856,PRO, ,CB,224.07,1000.00,0.0,0.94,1.0,<Residue PRO het=  resseq=256 icode= >,3n4m_C_A,2.987
55,37.324,PRO, ,CG,230.97,1000.00,0.0,0.52,1.0,<Residue PRO het=  resseq=256 icode= >,3n4m_C_A,2.987
56,15.614,PRO, ,CD,252.11,1000.00,0.0,0.55,1.0,<Residue PRO het=  resseq=256 icode= >,3n4m_C_A,2.987
57,0.0,VAL, ,N,203.12,16.52,0.0,1.06,1.0,<Residue VAL het=  resseq=257 icode= >,3n4m_C_A,2.987
58,0.0,VAL, ,CA,197.98,15.66,0.0,1.26,1.0,<Residue VAL het=  resseq=257 icode= >,3n4m_C_A,2.987
59,0.551,VAL, ,C,196.36,15.16,0.0,1.72,1.0,<Residue VAL het=  resseq=257 icode= >,3n4m_C_A,2.987
60,0.452,VAL, ,O,195.81,14.91,0.0,0.88,1.0,<Residue VAL het=  resseq=257 icode= >,3n4m_C_A,2.987
61,0.087,VAL, ,CB,180.85,14.54,0.0,1.10,1.0,<Residue VAL het=  resseq=257 icode= >,3n4m_C_A,2.987
62,0.0,VAL, ,CG1,181.62,15.21,0.0,-0.07,1.0,<Residue VAL het=  resseq=257 icode= >,3n4m_C_A,2.987
63,5.255,VAL, ,CG2,165.3,13.91,0.0,0.69,1.0,<Residue VAL het=  resseq=257 icode= >,3n4m_C_A,2.987
64,0.0,ASP, ,N,187.92,15.21,0.0,2.22,1.0,<Residue ASP het=  resseq=258 icode= >,3n4m_C_A,2.987
65,7.305,ASP, ,CA,184.38,14.47,0.0,2.25,1.0,<Residue ASP het=  resseq=258 icode= >,3n4m_C_A,2.987
66,0.724,ASP, ,C,198.58,14.84,0.0,2.05,1.0,<Residue ASP het=  resseq=258 icode= >,3n4m_C_A,2.987
67,8.154,ASP, ,O,194.99,14.07,0.0,1.48,1.0,<Residue ASP het=  resseq=258 icode= >,3n4m_C_A,2.987
68,26.002,ASP, ,CB,177.44,14.57,0.0,1.55,1.0,<Residue ASP het=  resseq=258 icode= >,3n4m_C_A,2.987
69,4.586,ASP, ,CG,165.18,14.38,0.0,1.28,1.0,<Residue ASP het=  resseq=258 icode= >,3n4m_C_A,2.987
70,2.165,ASP, ,OD1,160.75,13.40,0.0,0.77,1.0,<Residue ASP het=  resseq=258 icode= >,3n4m_C_A,2.987
71,31.902,ASP, ,OD2,157.98,14.95,0.0,0.46,1.0,<Residue ASP het=  resseq=258 icode= >,3n4m_C_A,2.987
72,0.0,ASP, ,N,249.31,16.14,0.0,1.56,1.0,<Residue ASP het=  resseq=259 icode= >,3n4m_C_A,2.987
73,7.494,ASP, ,CA,264.39,16.77,0.0,0.99,1.0,<Residue ASP het=  resseq=259 icode= >,3n4m_C_A,2.987
74,0.0,ASP, ,C,266.59,16.38,0.0,0.71,1.0,<Residue ASP het=  resseq=259 icode= >,3n4m_C_A,2.987
75,9.643,ASP, ,O,279.75,16.94,0.0,-0.30,1.0,<Residue ASP het=  resseq=259 icode= >,3n4m_C_A,2.987
76,2.686,ASP, ,CB,277.09,18.29,0.0,0.25,1.0,<Residue ASP het=  resseq=259 icode= >,3n4m_C_A,2.987
77,2.641,ASP, ,CG,278.4,18.90,0.0,0.08,1.0,<Residue ASP het=  resseq=259 icode= >,3n4m_C_A,2.987
78,23.704,ASP, ,OD1,267.88,18.22,0.0,-0.03,1.0,<Residue ASP het=  resseq=259 icode= >,3n4m_C_A,2.987
79,3.809,ASP, ,OD2,287.63,20.13,0.0,-0.04,1.0,<Residue ASP het=  resseq=259 icode= >,3n4m_C_A,2.987
80,0.0,LEU, ,N,193.94,15.56,0.0,1.50,1.0,<Residue LEU het=  resseq=260 icode= >,3n4m_C_A,2.987
81,0.0,LEU, ,CA,191.46,15.26,0.0,1.34,1.0,<Residue LEU het=  resseq=260 icode= >,3n4m_C_A,2.987
82,0.907,LEU, ,C,183.89,14.00,0.0,1.46,1.0,<Residue LEU het=  resseq=260 icode= >,3n4m_C_A,2.987
83,4.959,LEU, ,O,182.39,13.87,0.0,0.96,1.0,<Residue LEU het=  resseq=260 icode= >,3n4m_C_A,2.987
84,0.0,LEU, ,CB,180.1,15.26,0.0,0.91,1.0,<Residue LEU het=  resseq=260 icode= >,3n4m_C_A,2.987
85,0.0,LEU, ,CG,186.12,16.22,0.0,0.51,1.0,<Residue LEU het=  resseq=260 icode= >,3n4m_C_A,2.987
86,0.106,LEU, ,CD1,174.69,15.42,0.0,-0.24,1.0,<Residue LEU het=  resseq=260 icode= >,3n4m_C_A,2.987
87,0.534,LEU, ,CD2,194.66,16.61,0.0,-0.50,1.0,<Residue LEU het=  resseq=260 icode= >,3n4m_C_A,2.987
88,0.0,GLU, ,N,191.62,13.21,0.0,1.61,1.0,<Residue GLU het=  resseq=261 icode= >,3n4m_C_A,2.987
89,6.354,GLU, ,CA,184.23,11.98,0.0,1.31,1.0,<Residue GLU het=  resseq=261 icode= >,3n4m_C_A,2.987
90,0.577,GLU, ,C,169.33,11.10,0.0,1.56,1.0,<Residue GLU het=  resseq=261 icode= >,3n4m_C_A,2.987
91,18.084,GLU, ,O,168.12,11.09,0.0,1.12,1.0,<Residue GLU het=  resseq=261 icode= >,3n4m_C_A,2.987
92,14.577,GLU, ,CB,196.62,12.42,0.0,0.93,1.0,<Residue GLU het=  resseq=261 icode= >,3n4m_C_A,2.987
93,22.64,GLU, ,CG,200.9,13.12,0.0,0.54,1.0,<Residue GLU het=  resseq=261 icode= >,3n4m_C_A,2.987
94,15.137,GLU, ,CD,214.97,13.54,0.0,0.27,1.0,<Residue GLU het=  resseq=261 icode= >,3n4m_C_A,2.987
95,34.912,GLU, ,OE1,217.26,13.18,0.0,-0.05,1.0,<Residue GLU het=  resseq=261 icode= >,3n4m_C_A,2.987
96,42.416,GLU, ,OE2,215.94,14.37,0.0,0.18,1.0,<Residue GLU het=  resseq=261 icode= >,3n4m_C_A,2.987
97,4.661,LEU, ,N,160.77,10.59,0.0,1.44,1.0,<Residue LEU het=  resseq=262 icode= >,3n4m_C_A,2.987
98,0.0,LEU, ,CA,145.2,9.88,0.0,1.84,1.0,<Residue LEU het=  resseq=262 icode= >,3n4m_C_A,2.987
99,2.025,LEU, ,C,133.35,8.37,0.0,1.73,1.0,<Residue LEU het=  resseq=262 icode= >,3n4m_C_A,2.987
100,22.978,LEU, ,O,133.23,7.94,0.0,1.10,1.0,<Residue LEU het=  resseq=262 icode= >,3n4m_C_A,2.987
101,1.38,LEU, ,CB,132.67,10.35,0.0,1.53,1.0,<Residue LEU het=  resseq=262 icode= >,3n4m_C_A,2.987
102,0.162,LEU, ,CG,141.84,11.69,0.0,0.71,1.0,<Residue LEU het=  resseq=262 icode= >,3n4m_C_A,2.987
103,2.593,LEU, ,CD1,123.25,11.49,0.0,-0.45,1.0,<Residue LEU het=  resseq=262 icode= >,3n4m_C_A,2.987
104,0.357,LEU, ,CD2,146.3,11.11,0.0,-0.41,1.0,<Residue LEU het=  resseq=262 icode= >,3n4m_C_A,2.987
105,0.0,THR, ,N,170.18,7.74,0.0,1.59,1.0,<Residue THR het=  resseq=263 icode= >,3n4m_C_A,2.987
106,7.459,THR, ,CA,157.7,6.30,0.0,2.07,1.0,<Residue THR het=  resseq=263 icode= >,3n4m_C_A,2.987
107,0.455,THR, ,C,139.22,5.94,0.0,2.35,1.0,<Residue THR het=  resseq=263 icode= >,3n4m_C_A,2.987
108,0.0,THR, ,O,134.76,6.95,0.0,1.77,1.0,<Residue THR het=  resseq=263 icode= >,3n4m_C_A,2.987
109,12.606,THR, ,CB,152.84,6.15,2.046,0.93,1.0,<Residue THR het=  resseq=263 icode= >,3n4m_C_A,2.987
110,2.239,THR, ,OG1,143.66,6.85,0.0,0.65,1.0,<Residue THR het=  resseq=263 icode= >,3n4m_C_A,2.987
111,45.513,THR, ,CG2,158.97,6.61,33.402,-0.40,1.0,<Residue THR het=  resseq=263 icode= >,3n4m_C_A,2.987
112,2.563,VAL, ,N,160.33,4.72,0.424,1.62,1.0,<Residue VAL het=  resseq=264 icode= >,3n4m_C_A,2.987
113,3.033,VAL, ,CA,149.94,4.78,0.0,1.69,1.0,<Residue VAL het=  resseq=264 icode= >,3n4m_C_A,2.987
114,0.0,VAL, ,C,142.67,4.69,0.0,2.09,1.0,<Residue VAL het=  resseq=264 icode= >,3n4m_C_A,2.987
115,0.0,VAL, ,O,133.68,4.29,0.0,1.59,1.0,<Residue VAL het=  resseq=264 icode= >,3n4m_C_A,2.987
116,9.611,VAL, ,CB,133.8,3.61,9.433,1.06,1.0,<Residue VAL het=  resseq=264 icode= >,3n4m_C_A,2.987
117,38.298,VAL, ,CG1,113.37,4.41,13.068,0.27,1.0,<Residue VAL het=  resseq=264 icode= >,3n4m_C_A,2.987
118,61.78,VAL, ,CG2,146.53,3.12,20.691,-0.42,1.0,<Residue VAL het=  resseq=264 icode= >,3n4m_C_A,2.987
119,2.157,ARG, ,N,169.7,4.44,1.398,1.10,1.0,<Residue ARG het=  resseq=265 icode= >,3n4m_C_A,2.987
120,6.533,ARG, ,CA,162.54,3.97,6.533,1.05,1.0,<Residue ARG het=  resseq=265 icode= >,3n4m_C_A,2.987
121,0.0,ARG, ,C,167.55,4.72,0.0,1.85,1.0,<Residue ARG het=  resseq=265 icode= >,3n4m_C_A,2.987
122,0.555,ARG, ,O,159.9,4.44,0.555,1.29,1.0,<Residue ARG het=  resseq=265 icode= >,3n4m_C_A,2.987
123,15.303,ARG, ,CB,159.46,4.06,6.765,0.18,1.0,<Residue ARG het=  resseq=265 icode= >,3n4m_C_A,2.987
124,2.789,ARG, ,CG,149.14,4.52,2.534,0.44,1.0,<Residue ARG het=  resseq=265 icode= >,3n4m_C_A,2.987
125,20.503,ARG, ,CD,129.69,3.85,18.361,0.67,1.0,<Residue ARG het=  resseq=265 icode= >,3n4m_C_A,2.987
126,5.623,ARG, ,NE,116.46,3.52,5.623,1.55,1.0,<Residue ARG het=  resseq=265 icode= >,3n4m_C_A,2.987
127,7.458,ARG, ,CZ,110.09,3.78,7.458,1.45,1.0,<Residue ARG het=  resseq=265 icode= >,3n4m_C_A,2.987
128,49.629,ARG, ,NH1,109.56,3.58,47.194,0.49,1.0,<Residue ARG het=  resseq=265 icode= >,3n4m_C_A,2.987
129,36.184,ARG, ,NH2,100.39,3.17,34.295,0.51,1.0,<Residue ARG het=  resseq=265 icode= >,3n4m_C_A,2.987
130,0.0,SER, ,N,124.99,6.01,0.0,1.93,1.0,<Residue SER het=  resseq=266 icode= >,3n4m_C_A,2.987
131,0.0,SER, ,CA,127.49,7.06,0.0,2.12,1.0,<Residue SER het=  resseq=266 icode= >,3n4m_C_A,2.987
132,0.0,SER, ,C,134.7,7.16,0.0,2.22,1.0,<Residue SER het=  resseq=266 icode= >,3n4m_C_A,2.987
133,0.0,SER, ,O,133.63,7.58,0.0,1.44,1.0,<Residue SER het=  resseq=266 icode= >,3n4m_C_A,2.987
134,0.0,SER, ,CB,137.57,7.70,0.0,0.85,1.0,<Residue SER het=  resseq=266 icode= >,3n4m_C_A,2.987
135,0.0,SER, ,OG,143.63,6.65,0.0,0.47,1.0,<Residue SER het=  resseq=266 icode= >,3n4m_C_A,2.987
136,0.0,ALA, ,N,174.17,7.13,0.0,1.64,1.0,<Residue ALA het=  resseq=267 icode= >,3n4m_C_A,2.987
137,1.992,ALA, ,CA,172.64,7.64,0.0,1.25,1.0,<Residue ALA het=  resseq=267 icode= >,3n4m_C_A,2.987
138,0.0,ALA, ,C,163.47,7.01,0.0,1.98,1.0,<Residue ALA het=  resseq=267 icode= >,3n4m_C_A,2.987
139,0.0,ALA, ,O,167.8,7.87,0.0,0.95,1.0,<Residue ALA het=  resseq=267 icode= >,3n4m_C_A,2.987
140,22.219,ALA, ,CB,168.84,7.90,0.0,-0.17,1.0,<Residue ALA het=  resseq=267 icode= >,3n4m_C_A,2.987
141,0.0,ASN, ,N,157.45,5.69,0.0,2.27,1.0,<Residue ASN het=  resseq=268 icode= >,3n4m_C_A,2.987
142,2.183,ASN, ,CA,148.01,5.33,0.0,2.53,1.0,<Residue ASN het=  resseq=268 icode= >,3n4m_C_A,2.987
143,0.948,ASN, ,C,147.91,5.85,0.0,2.56,1.0,<Residue ASN het=  resseq=268 icode= >,3n4m_C_A,2.987
144,6.374,ASN, ,O,143.29,6.42,0.0,1.38,1.0,<Residue ASN het=  resseq=268 icode= >,3n4m_C_A,2.987
145,19.998,ASN, ,CB,137.97,3.95,4.999,1.40,1.0,<Residue ASN het=  resseq=268 icode= >,3n4m_C_A,2.987
146,5.547,ASN, ,CG,143.64,4.08,0.0,1.03,1.0,<Residue ASN het=  resseq=268 icode= >,3n4m_C_A,2.987
147,19.791,ASN, ,OD1,154.89,5.25,0.0,0.33,1.0,<Residue ASN het=  resseq=268 icode= >,3n4m_C_A,2.987
148,35.69,ASN, ,ND2,127.05,3.28,16.003,0.18,1.0,<Residue ASN het=  resseq=268 icode= >,3n4m_C_A,2.987
149,0.0,CYS, ,N,170.71,6.06,0.0,2.19,1.0,<Residue CYS het=  resseq=269 icode= >,3n4m_C_A,2.987
150,4.805,CYS, ,CA,171.09,6.97,0.0,1.45,1.0,<Residue CYS het=  resseq=269 icode= >,3n4m_C_A,2.987
151,0.257,CYS, ,C,178.36,8.38,0.0,1.50,1.0,<Residue CYS het=  resseq=269 icode= >,3n4m_C_A,2.987
152,0.416,CYS, ,O,177.37,9.17,0.0,0.75,1.0,<Residue CYS het=  resseq=269 icode= >,3n4m_C_A,2.987
153,0.467,CYS, ,CB,166.62,7.13,0.0,0.47,1.0,<Residue CYS het=  resseq=269 icode= >,3n4m_C_A,2.987
154,3.061,CYS, ,SG,158.54,5.89,0.326,0.72,1.0,<Residue CYS het=  resseq=269 icode= >,3n4m_C_A,2.987
155,0.0,LEU, ,N,142.26,8.84,0.0,1.44,1.0,<Residue LEU het=  resseq=270 icode= >,3n4m_C_A,2.987
156,0.0,LEU, ,CA,153.57,10.23,0.0,1.58,1.0,<Residue LEU het=  resseq=270 icode= >,3n4m_C_A,2.987
157,0.0,LEU, ,C,156.04,10.59,0.0,1.66,1.0,<Residue LEU het=  resseq=270 icode= >,3n4m_C_A,2.987
158,0.0,LEU, ,O,161.45,11.65,0.0,1.14,1.0,<Residue LEU het=  resseq=270 icode= >,3n4m_C_A,2.987
159,0.123,LEU, ,CB,160.4,10.76,0.0,1.18,1.0,<Residue LEU het=  resseq=270 icode= >,3n4m_C_A,2.987
160,0.0,LEU, ,CG,166.63,10.81,0.0,0.70,1.0,<Residue LEU het=  resseq=270 icode= >,3n4m_C_A,2.987
161,0.284,LEU, ,CD1,180.31,11.66,0.0,-0.65,1.0,<Residue LEU het=  resseq=270 icode= >,3n4m_C_A,2.987
162,0.767,LEU, ,CD2,167.63,11.24,0.0,0.01,1.0,<Residue LEU het=  resseq=270 icode= >,3n4m_C_A,2.987
163,0.0,LYS, ,N,167.03,9.88,0.0,1.69,1.0,<Residue LYS het=  resseq=271 icode= >,3n4m_C_A,2.987
164,0.0,LYS, ,CA,162.99,10.46,0.0,1.66,1.0,<Residue LYS het=  resseq=271 icode= >,3n4m_C_A,2.987
165,1.344,LYS, ,C,153.44,10.53,0.0,1.86,1.0,<Residue LYS het=  resseq=271 icode= >,3n4m_C_A,2.987
166,22.445,LYS, ,O,155.38,11.38,0.0,0.75,1.0,<Residue LYS het=  resseq=271 icode= >,3n4m_C_A,2.987
167,15.998,LYS, ,CB,156.3,9.99,0.0,1.07,1.0,<Residue LYS het=  resseq=271 icode= >,3n4m_C_A,2.987
168,10.217,LYS, ,CG,172.68,10.77,0.0,0.14,1.0,<Residue LYS het=  resseq=271 icode= >,3n4m_C_A,2.987
169,18.434,LYS, ,CD,179.62,10.18,0.0,-0.21,1.0,<Residue LYS het=  resseq=271 icode= >,3n4m_C_A,2.987
170,15.724,LYS, ,CE,200.36,11.14,0.0,-0.62,1.0,<Residue LYS het=  resseq=271 icode= >,3n4m_C_A,2.987
171,23.635,LYS, ,NZ,209.32,10.76,0.0,-0.51,1.0,<Residue LYS het=  resseq=271 icode= >,3n4m_C_A,2.987
172,0.024,ALA, ,N,146.05,9.83,0.0,1.68,1.0,<Residue ALA het=  resseq=272 icode= >,3n4m_C_A,2.987
173,9.011,ALA, ,CA,136.42,10.21,0.0,1.61,1.0,<Residue ALA het=  resseq=272 icode= >,3n4m_C_A,2.987
174,2.396,ALA, ,C,142.59,11.21,0.0,1.99,1.0,<Residue ALA het=  resseq=272 icode= >,3n4m_C_A,2.987
175,25.855,ALA, ,O,132.65,11.78,0.0,1.30,1.0,<Residue ALA het=  resseq=272 icode= >,3n4m_C_A,2.987
176,49.182,ALA, ,CB,119.73,9.09,0.0,0.35,1.0,<Residue ALA het=  resseq=272 icode= >,3n4m_C_A,2.987
177,0.0,GLU, ,N,180.83,11.59,0.0,1.81,1.0,<Residue GLU het=  resseq=273 icode= >,3n4m_C_A,2.987
178,3.711,GLU, ,CA,189.07,12.41,0.0,1.41,1.0,<Residue GLU het=  resseq=273 icode= >,3n4m_C_A,2.987
179,3.074,GLU, ,C,201.68,13.88,0.0,1.45,1.0,<Residue GLU het=  resseq=273 icode= >,3n4m_C_A,2.987
180,4.76,GLU, ,O,208.74,14.32,0.0,0.82,1.0,<Residue GLU het=  resseq=273 icode= >,3n4m_C_A,2.987
181,0.021,GLU, ,CB,191.02,11.57,0.0,0.66,1.0,<Residue GLU het=  resseq=273 icode= >,3n4m_C_A,2.987
182,4.435,GLU, ,CG,180.71,10.12,0.0,0.17,1.0,<Residue GLU het=  resseq=273 icode= >,3n4m_C_A,2.987
183,3.586,GLU, ,CD,181.44,10.12,0.0,0.44,1.0,<Residue GLU het=  resseq=273 icode= >,3n4m_C_A,2.987
184,14.27,GLU, ,OE1,185.83,10.91,0.0,0.48,1.0,<Residue GLU het=  resseq=273 icode= >,3n4m_C_A,2.987
185,22.651,GLU, ,OE2,167.81,9.51,0.0,0.20,1.0,<Residue GLU het=  resseq=273 icode= >,3n4m_C_A,2.987
186,1.016,ALA, ,N,165.73,13.82,0.0,1.73,1.0,<Residue ALA het=  resseq=274 icode= >,3n4m_C_A,2.987
187,2.017,ALA, ,CA,176.29,15.01,0.0,1.43,1.0,<Residue ALA het=  resseq=274 icode= >,3n4m_C_A,2.987
188,0.0,ALA, ,C,195.04,15.47,0.0,1.27,1.0,<Residue ALA het=  resseq=274 icode= >,3n4m_C_A,2.987
189,11.61,ALA, ,O,205.27,16.68,0.0,0.39,1.0,<Residue ALA het=  resseq=274 icode= >,3n4m_C_A,2.987
190,51.173,ALA, ,CB,172.73,16.19,0.0,0.30,1.0,<Residue ALA het=  resseq=274 icode= >,3n4m_C_A,2.987
191,0.0,ILE, ,N,171.36,14.60,0.0,1.74,1.0,<Residue ILE het=  resseq=275 icode= >,3n4m_C_A,2.987
192,0.0,ILE, ,CA,187.21,15.16,0.0,1.64,1.0,<Residue ILE het=  resseq=275 icode= >,3n4m_C_A,2.987
193,0.0,ILE, ,C,193.81,15.05,0.0,1.13,1.0,<Residue ILE het=  resseq=275 icode= >,3n4m_C_A,2.987
194,0.0,ILE, ,O,184.22,14.09,0.0,0.60,1.0,<Residue ILE het=  resseq=275 icode= >,3n4m_C_A,2.987
195,0.0,ILE, ,CB,187.32,14.66,0.0,0.76,1.0,<Residue ILE het=  resseq=275 icode= >,3n4m_C_A,2.987
196,0.441,ILE, ,CG1,180.33,14.93,0.0,0.40,1.0,<Residue ILE het=  resseq=275 icode= >,3n4m_C_A,2.987
197,0.0,ILE, ,CG2,205.19,15.49,0.0,0.00,1.0,<Residue ILE het=  resseq=275 icode= >,3n4m_C_A,2.987
198,0.0,ILE, ,CD1,184.94,14.43,0.0,-0.47,1.0,<Residue ILE het=  resseq=275 icode= >,3n4m_C_A,2.987
199,0.0,HIS, ,N,243.08,16.16,0.0,0.46,1.0,<Residue HIS het=  resseq=276 icode= >,3n4m_C_A,2.987
200,2.146,HIS, ,CA,243.57,16.35,0.0,0.87,1.0,<Residue HIS het=  resseq=276 icode= >,3n4m_C_A,2.987
201,0.175,HIS, ,C,255.51,17.11,0.0,1.47,1.0,<Residue HIS het=  resseq=276 icode= >,3n4m_C_A,2.987
202,1.485,HIS, ,O,258.02,16.90,0.0,1.32,1.0,<Residue HIS het=  resseq=276 icode= >,3n4m_C_A,2.987
203,13.995,HIS, ,CB,239.17,17.21,0.0,0.75,1.0,<Residue HIS het=  resseq=276 icode= >,3n4m_C_A,2.987
204,2.586,HIS, ,CG,230.32,16.86,0.0,0.49,1.0,<Residue HIS het=  resseq=276 icode= >,3n4m_C_A,2.987
205,10.728,HIS, ,ND1,217.24,15.70,0.0,0.38,1.0,<Residue HIS het=  resseq=276 icode= >,3n4m_C_A,2.987
206,23.309,HIS, ,CD2,224.11,17.62,0.0,0.05,1.0,<Residue HIS het=  resseq=276 icode= >,3n4m_C_A,2.987
207,24.789,HIS, ,CE1,203.07,15.81,0.0,0.10,1.0,<Residue HIS het=  resseq=276 icode= >,3n4m_C_A,2.987
208,19.97,HIS, ,NE2,207.5,16.99,0.0,-0.10,1.0,<Residue HIS het=  resseq=276 icode= >,3n4m_C_A,2.987
209,0.0,TYR, ,N,191.32,18.11,0.0,1.65,1.0,<Residue TYR het=  resseq=277 icode= >,3n4m_C_A,2.987
210,0.0,TYR, ,CA,209.42,19.04,0.0,1.17,1.0,<Residue TYR het=  resseq=277 icode= >,3n4m_C_A,2.987
211,0.0,TYR, ,C,212.42,18.92,0.0,1.85,1.0,<Residue TYR het=  resseq=277 icode= >,3n4m_C_A,2.987
212,0.0,TYR, ,O,208.18,18.67,0.0,1.43,1.0,<Residue TYR het=  resseq=277 icode= >,3n4m_C_A,2.987
213,0.447,TYR, ,CB,223.81,20.48,0.0,0.09,1.0,<Residue TYR het=  resseq=277 icode= >,3n4m_C_A,2.987
214,1.986,TYR, ,CG,220.91,20.88,0.0,0.41,1.0,<Residue TYR het=  resseq=277 icode= >,3n4m_C_A,2.987
215,3.493,TYR, ,CD1,224.81,21.66,0.0,0.37,1.0,<Residue TYR het=  resseq=277 icode= >,3n4m_C_A,2.987
216,7.165,TYR, ,CD2,208.22,20.61,0.0,0.18,1.0,<Residue TYR het=  resseq=277 icode= >,3n4m_C_A,2.987
217,23.25,TYR, ,CE1,218.16,22.15,0.0,0.20,1.0,<Residue TYR het=  resseq=277 icode= >,3n4m_C_A,2.987
218,21.093,TYR, ,CE2,201.09,21.12,0.0,0.28,1.0,<Residue TYR het=  resseq=277 icode= >,3n4m_C_A,2.987
219,9.765,TYR, ,CZ,206.3,21.88,0.0,0.42,1.0,<Residue TYR het=  resseq=277 icode= >,3n4m_C_A,2.987
220,43.08,TYR, ,OH,198.55,22.48,0.0,0.09,1.0,<Residue TYR het=  resseq=277 icode= >,3n4m_C_A,2.987
221,0.0,ILE, ,N,124.05,1000.00,0.0,2.26,1.0,<Residue ILE het=  resseq=278 icode= >,3n4m_C_A,2.987
222,0.0,ILE, ,CA,132.48,1000.00,0.0,2.24,1.0,<Residue ILE het=  resseq=278 icode= >,3n4m_C_A,2.987
223,0.0,ILE, ,C,143.65,1000.00,0.0,2.34,1.0,<Residue ILE het=  resseq=278 icode= >,3n4m_C_A,2.987
224,0.0,ILE, ,O,145.94,1000.00,0.0,1.67,1.0,<Residue ILE het=  resseq=278 icode= >,3n4m_C_A,2.987
225,0.0,ILE, ,CB,145.7,1000.00,0.0,1.12,1.0,<Residue ILE het=  resseq=278 icode= >,3n4m_C_A,2.987
226,0.0,ILE, ,CG1,139.12,1000.00,0.0,0.69,1.0,<Residue ILE het=  resseq=278 icode= >,3n4m_C_A,2.987
227,0.0,ILE, ,CG2,149.94,1000.00,0.0,0.36,1.0,<Residue ILE het=  resseq=278 icode= >,3n4m_C_A,2.987
228,0.02,ILE, ,CD1,154.3,1000.00,0.0,-0.38,1.0,<Residue ILE het=  resseq=278 icode= >,3n4m_C_A,2.987
229,0.0,GLY, ,N,337.06,1000.00,0.0,1.18,1.0,<Residue GLY het=  resseq=279 icode= >,3n4m_C_A,2.987
230,0.0,GLY, ,CA,351.17,1000.00,0.0,-0.12,1.0,<Residue GLY het=  resseq=279 icode= >,3n4m_C_A,2.987
231,0.0,GLY, ,C,339.64,1000.00,0.0,0.88,1.0,<Residue GLY het=  resseq=279 icode= >,3n4m_C_A,2.987
232,0.0,GLY, ,O,345.05,1000.00,0.0,0.67,1.0,<Residue GLY het=  resseq=279 icode= >,3n4m_C_A,2.987
233,0.0,ASP, ,N,213.86,1000.00,0.0,1.68,1.0,<Residue ASP het=  resseq=280 icode= >,3n4m_C_A,2.987
234,1.407,ASP, ,CA,205.54,1000.00,0.0,1.86,1.0,<Residue ASP het=  resseq=280 icode= >,3n4m_C_A,2.987
235,0.0,ASP, ,C,202.89,1000.00,0.0,1.84,1.0,<Residue ASP het=  resseq=280 icode= >,3n4m_C_A,2.987
236,1.414,ASP, ,O,199.28,1000.00,0.0,1.41,1.0,<Residue ASP het=  resseq=280 icode= >,3n4m_C_A,2.987
237,6.424,ASP, ,CB,188.39,1000.00,0.0,1.37,1.0,<Residue ASP het=  resseq=280 icode= >,3n4m_C_A,2.987
238,6.706,ASP, ,CG,191.0,1000.00,0.0,1.08,1.0,<Residue ASP het=  resseq=280 icode= >,3n4m_C_A,2.987
239,14.716,ASP, ,OD1,200.99,1000.00,0.0,0.57,1.0,<Residue ASP het=  resseq=280 icode= >,3n4m_C_A,2.987
240,6.041,ASP, ,OD2,182.74,1000.00,0.0,0.60,1.0,<Residue ASP het=  resseq=280 icode= >,3n4m_C_A,2.987
241,0.0,LEU, ,N,196.17,17.68,0.0,1.63,1.0,<Residue LEU het=  resseq=281 icode= >,3n4m_C_A,2.987
242,0.0,LEU, ,CA,191.08,16.43,0.0,1.61,1.0,<Residue LEU het=  resseq=281 icode= >,3n4m_C_A,2.987
243,0.0,LEU, ,C,205.52,16.76,0.0,2.14,1.0,<Residue LEU het=  resseq=281 icode= >,3n4m_C_A,2.987
244,0.0,LEU, ,O,203.12,16.33,0.0,1.69,1.0,<Residue LEU het=  resseq=281 icode= >,3n4m_C_A,2.987
245,0.0,LEU, ,CB,189.21,15.79,0.0,0.50,1.0,<Residue LEU het=  resseq=281 icode= >,3n4m_C_A,2.987
246,0.0,LEU, ,CG,179.28,14.39,0.0,0.27,1.0,<Residue LEU het=  resseq=281 icode= >,3n4m_C_A,2.987
247,0.0,LEU, ,CD1,157.3,13.39,0.0,-0.24,1.0,<Residue LEU het=  resseq=281 icode= >,3n4m_C_A,2.987
248,0.069,LEU, ,CD2,172.08,14.15,0.0,-0.54,1.0,<Residue LEU het=  resseq=281 icode= >,3n4m_C_A,2.987
249,0.0,VAL, ,N,213.1,17.64,0.0,1.81,1.0,<Residue VAL het=  resseq=282 icode= >,3n4m_C_A,2.987
250,0.0,VAL, ,CA,227.74,18.11,0.0,1.91,1.0,<Residue VAL het=  resseq=282 icode= >,3n4m_C_A,2.987
251,0.0,VAL, ,C,232.46,18.67,0.0,1.76,1.0,<Residue VAL het=  resseq=282 icode= >,3n4m_C_A,2.987
252,0.0,VAL, ,O,241.22,18.88,0.0,1.50,1.0,<Residue VAL het=  resseq=282 icode= >,3n4m_C_A,2.987
253,0.0,VAL, ,CB,245.06,19.26,0.0,0.91,1.0,<Residue VAL het=  resseq=282 icode= >,3n4m_C_A,2.987
254,0.0,VAL, ,CG1,239.95,18.83,0.0,-0.05,1.0,<Residue VAL het=  resseq=282 icode= >,3n4m_C_A,2.987
255,0.0,VAL, ,CG2,249.24,20.38,0.0,0.00,1.0,<Residue VAL het=  resseq=282 icode= >,3n4m_C_A,2.987
256,0.0,GLN, ,N,227.81,1000.00,0.0,1.57,1.0,<Residue GLN het=  resseq=283 icode= >,3n4m_C_A,2.987
257,0.0,GLN, ,CA,230.99,1000.00,0.0,0.96,1.0,<Residue GLN het=  resseq=283 icode= >,3n4m_C_A,2.987
258,0.783,GLN, ,C,215.21,1000.00,0.0,1.31,1.0,<Residue GLN het=  resseq=283 icode= >,3n4m_C_A,2.987
259,17.459,GLN, ,O,215.84,1000.00,0.0,0.63,1.0,<Residue GLN het=  resseq=283 icode= >,3n4m_C_A,2.987
260,7.579,GLN, ,CB,228.03,1000.00,0.0,0.49,1.0,<Residue GLN het=  resseq=283 icode= >,3n4m_C_A,2.987
261,1.567,GLN, ,CG,248.02,1000.00,0.0,0.17,1.0,<Residue GLN het=  resseq=283 icode= >,3n4m_C_A,2.987
262,4.875,GLN, ,CD,248.31,1000.00,0.0,0.29,1.0,<Residue GLN het=  resseq=283 icode= >,3n4m_C_A,2.987
263,4.999,GLN, ,OE1,263.93,1000.00,0.0,0.18,1.0,<Residue GLN het=  resseq=283 icode= >,3n4m_C_A,2.987
264,30.743,GLN, ,NE2,228.1,1000.00,0.0,0.15,1.0,<Residue GLN het=  resseq=283 icode= >,3n4m_C_A,2.987
265,0.0,ARG, ,N,243.26,17.52,0.0,1.44,1.0,<Residue ARG het=  resseq=284 icode= >,3n4m_C_A,2.987
266,0.663,ARG, ,CA,224.45,16.26,0.0,1.23,1.0,<Residue ARG het=  resseq=284 icode= >,3n4m_C_A,2.987
267,0.0,ARG, ,C,228.49,15.92,0.0,1.48,1.0,<Residue ARG het=  resseq=284 icode= >,3n4m_C_A,2.987
268,0.0,ARG, ,O,238.08,16.05,0.0,1.18,1.0,<Residue ARG het=  resseq=284 icode= >,3n4m_C_A,2.987
269,0.138,ARG, ,CB,202.81,15.17,0.0,0.89,1.0,<Residue ARG het=  resseq=284 icode= >,3n4m_C_A,2.987
270,0.0,ARG, ,CG,195.38,15.50,0.0,0.85,1.0,<Residue ARG het=  resseq=284 icode= >,3n4m_C_A,2.987
271,7.866,ARG, ,CD,194.22,15.72,0.0,1.02,1.0,<Residue ARG het=  resseq=284 icode= >,3n4m_C_A,2.987
272,13.366,ARG, ,NE,181.22,16.02,0.0,0.72,1.0,<Residue ARG het=  resseq=284 icode= >,3n4m_C_A,2.987
273,2.341,ARG, ,CZ,171.42,15.10,0.0,0.92,1.0,<Residue ARG het=  resseq=284 icode= >,3n4m_C_A,2.987
274,6.581,ARG, ,NH1,169.06,13.88,0.0,0.51,1.0,<Residue ARG het=  resseq=284 icode= >,3n4m_C_A,2.987
275,33.365,ARG, ,NH2,162.31,15.50,0.0,0.54,1.0,<Residue ARG het=  resseq=284 icode= >,3n4m_C_A,2.987
276,0.0,THR, ,N,206.91,15.47,0.0,1.28,1.0,<Residue THR het=  resseq=285 icode= >,3n4m_C_A,2.987
277,0.021,THR, ,CA,209.29,15.29,0.0,1.59,1.0,<Residue THR het=  resseq=285 icode= >,3n4m_C_A,2.987
278,0.0,THR, ,C,195.13,13.88,0.0,1.50,1.0,<Residue THR het=  resseq=285 icode= >,3n4m_C_A,2.987
279,0.0,THR, ,O,176.07,12.91,0.0,1.16,1.0,<Residue THR het=  resseq=285 icode= >,3n4m_C_A,2.987
280,14.649,THR, ,CB,209.13,15.85,0.0,0.85,1.0,<Residue THR het=  resseq=285 icode= >,3n4m_C_A,2.987
281,13.513,THR, ,OG1,202.49,15.31,0.0,0.62,1.0,<Residue THR het=  resseq=285 icode= >,3n4m_C_A,2.987
282,31.694,THR, ,CG2,194.67,15.72,0.0,0.33,1.0,<Residue THR het=  resseq=285 icode= >,3n4m_C_A,2.987
283,2.846,GLU, ,N,194.33,13.87,0.0,1.44,1.0,<Residue GLU het=  resseq=286 icode= >,3n4m_C_A,2.987
284,0.0,GLU, ,CA,179.68,12.72,0.0,1.85,1.0,<Residue GLU het=  resseq=286 icode= >,3n4m_C_A,2.987
285,0.0,GLU, ,C,164.23,11.66,0.0,2.39,1.0,<Residue GLU het=  resseq=286 icode= >,3n4m_C_A,2.987
286,0.0,GLU, ,O,148.5,10.46,0.0,1.81,1.0,<Residue GLU het=  resseq=286 icode= >,3n4m_C_A,2.987
287,11.543,GLU, ,CB,185.72,13.19,0.0,1.19,1.0,<Residue GLU het=  resseq=286 icode= >,3n4m_C_A,2.987
288,3.079,GLU, ,CG,182.67,11.99,0.0,0.86,1.0,<Residue GLU het=  resseq=286 icode= >,3n4m_C_A,2.987
289,7.678,GLU, ,CD,185.85,12.32,0.0,0.76,1.0,<Residue GLU het=  resseq=286 icode= >,3n4m_C_A,2.987
290,25.516,GLU, ,OE1,188.34,12.65,0.0,0.54,1.0,<Residue GLU het=  resseq=286 icode= >,3n4m_C_A,2.987
291,17.13,GLU, ,OE2,173.69,11.69,0.0,0.41,1.0,<Residue GLU het=  resseq=286 icode= >,3n4m_C_A,2.987
292,0.0,VAL, ,N,192.96,12.22,0.0,1.62,1.0,<Residue VAL het=  resseq=287 icode= >,3n4m_C_A,2.987
293,1.496,VAL, ,CA,180.27,11.57,0.0,1.41,1.0,<Residue VAL het=  resseq=287 icode= >,3n4m_C_A,2.987
294,0.0,VAL, ,C,164.11,10.96,0.0,2.15,1.0,<Residue VAL het=  resseq=287 icode= >,3n4m_C_A,2.987
295,0.558,VAL, ,O,146.75,10.00,0.0,1.51,1.0,<Residue VAL het=  resseq=287 icode= >,3n4m_C_A,2.987
296,5.577,VAL, ,CB,187.63,12.39,0.0,0.36,1.0,<Residue VAL het=  resseq=287 icode= >,3n4m_C_A,2.987
297,42.041,VAL, ,CG1,170.48,12.20,0.0,-0.06,1.0,<Residue VAL het=  resseq=287 icode= >,3n4m_C_A,2.987
298,56.456,VAL, ,CG2,185.75,11.25,0.0,-0.49,1.0,<Residue VAL het=  resseq=287 icode= >,3n4m_C_A,2.987
299,0.382,GLU, ,N,197.46,11.69,0.0,1.91,1.0,<Residue GLU het=  resseq=288 icode= >,3n4m_C_A,2.987
300,3.378,GLU, ,CA,188.41,11.54,0.0,1.56,1.0,<Residue GLU het=  resseq=288 icode= >,3n4m_C_A,2.987
301,0.03,GLU, ,C,172.29,10.36,0.0,2.16,1.0,<Residue GLU het=  resseq=288 icode= >,3n4m_C_A,2.987
302,2.255,GLU, ,O,156.05,9.73,0.0,1.11,1.0,<Residue GLU het=  resseq=288 icode= >,3n4m_C_A,2.987
303,2.395,GLU, ,CB,205.3,12.85,0.0,0.47,1.0,<Residue GLU het=  resseq=288 icode= >,3n4m_C_A,2.987
304,23.298,GLU, ,CG,203.08,13.24,0.0,-0.01,1.0,<Residue GLU het=  resseq=288 icode= >,3n4m_C_A,2.987
305,5.545,GLU, ,CD,215.7,14.58,0.0,-0.02,1.0,<Residue GLU het=  resseq=288 icode= >,3n4m_C_A,2.987
306,4.577,GLU, ,OE1,226.46,15.09,0.0,0.26,1.0,<Residue GLU het=  resseq=288 icode= >,3n4m_C_A,2.987
307,31.747,GLU, ,OE2,213.02,15.21,0.0,-0.25,1.0,<Residue GLU het=  resseq=288 icode= >,3n4m_C_A,2.987
308,0.0,LEU, ,N,163.23,10.24,0.0,2.30,1.0,<Residue LEU het=  resseq=289 icode= >,3n4m_C_A,2.987
309,0.025,LEU, ,CA,151.86,9.36,0.0,2.09,1.0,<Residue LEU het=  resseq=289 icode= >,3n4m_C_A,2.987
310,0.0,LEU, ,C,136.72,7.87,0.0,2.29,1.0,<Residue LEU het=  resseq=289 icode= >,3n4m_C_A,2.987
311,0.0,LEU, ,O,120.98,7.08,0.0,1.97,1.0,<Residue LEU het=  resseq=289 icode= >,3n4m_C_A,2.987
312,0.0,LEU, ,CB,161.06,9.92,0.0,0.98,1.0,<Residue LEU het=  resseq=289 icode= >,3n4m_C_A,2.987
313,0.122,LEU, ,CG,163.59,11.06,0.0,0.55,1.0,<Residue LEU het=  resseq=289 icode= >,3n4m_C_A,2.987
314,0.0,LEU, ,CD1,174.91,11.02,0.0,-0.23,1.0,<Residue LEU het=  resseq=289 icode= >,3n4m_C_A,2.987
315,0.53,LEU, ,CD2,146.92,10.73,0.0,0.06,1.0,<Residue LEU het=  resseq=289 icode= >,3n4m_C_A,2.987
316,0.0,LEU, ,N,162.36,7.67,0.0,1.70,1.0,<Residue LEU het=  resseq=290 icode= >,3n4m_C_A,2.987
317,0.0,LEU, ,CA,142.97,6.41,0.0,2.09,1.0,<Residue LEU het=  resseq=290 icode= >,3n4m_C_A,2.987
318,1.12,LEU, ,C,133.11,5.68,0.0,2.40,1.0,<Residue LEU het=  resseq=290 icode= >,3n4m_C_A,2.987
319,15.363,LEU, ,O,119.52,4.51,3.994,1.63,1.0,<Residue LEU het=  resseq=290 icode= >,3n4m_C_A,2.987
320,9.734,LEU, ,CB,143.82,6.92,0.0,0.91,1.0,<Residue LEU het=  resseq=290 icode= >,3n4m_C_A,2.987
321,0.0,LEU, ,CG,152.38,7.18,0.0,0.68,1.0,<Residue LEU het=  resseq=290 icode= >,3n4m_C_A,2.987
322,46.718,LEU, ,CD1,156.97,8.05,0.0,-0.63,1.0,<Residue LEU het=  resseq=290 icode= >,3n4m_C_A,2.987
323,9.164,LEU, ,CD2,142.74,6.03,0.0,0.05,1.0,<Residue LEU het=  resseq=290 icode= >,3n4m_C_A,2.987
324,0.0,LYS, ,N,246.56,6.61,0.0,2.22,1.0,<Residue LYS het=  resseq=291 icode= >,3n4m_C_A,2.987
325,8.31,LYS, ,CA,231.75,6.56,0.0,2.22,1.0,<Residue LYS het=  resseq=291 icode= >,3n4m_C_A,2.987
326,1.318,LYS, ,C,219.53,6.05,0.0,2.38,1.0,<Residue LYS het=  resseq=291 icode= >,3n4m_C_A,2.987
327,20.128,LYS, ,O,206.81,5.49,0.0,1.33,1.0,<Residue LYS het=  resseq=291 icode= >,3n4m_C_A,2.987
328,16.02,LYS, ,CB,123.8,8.04,0.0,1.26,1.0,<Residue LYS het=  resseq=291 icode= >,3n4m_C_A,2.987
329,14.628,LYS, ,CG,124.52,8.46,0.0,0.42,1.0,<Residue LYS het=  resseq=291 icode= >,3n4m_C_A,2.987
330,26.637,LYS, ,CD,125.26,9.35,0.0,0.23,1.0,<Residue LYS het=  resseq=291 icode= >,3n4m_C_A,2.987
331,26.058,LYS, ,CE,126.26,9.79,0.0,0.05,1.0,<Residue LYS het=  resseq=291 icode= >,3n4m_C_A,2.987
332,49.373,LYS, ,NZ,127.2,10.91,0.0,-0.05,1.0,<Residue LYS het=  resseq=291 icode= >,3n4m_C_A,2.987
333,0.059,THR, ,N,155.28,6.35,0.0,2.56,1.0,<Residue THR het=  resseq=292 icode= >,3n4m_C_A,2.987
334,2.024,THR, ,CA,154.88,6.11,0.0,2.40,1.0,<Residue THR het=  resseq=292 icode= >,3n4m_C_A,2.987
335,0.12,THR, ,C,139.76,4.71,0.056,3.11,1.0,<Residue THR het=  resseq=292 icode= >,3n4m_C_A,2.987
336,1.622,THR, ,O,139.52,4.21,1.486,1.93,1.0,<Residue THR het=  resseq=292 icode= >,3n4m_C_A,2.987
337,0.439,THR, ,CB,166.5,7.14,0.0,1.55,1.0,<Residue THR het=  resseq=292 icode= >,3n4m_C_A,2.987
338,0.112,THR, ,OG1,165.39,6.88,0.0,0.80,1.0,<Residue THR het=  resseq=292 icode= >,3n4m_C_A,2.987
339,5.334,THR, ,CG2,177.15,8.47,0.0,0.60,1.0,<Residue THR het=  resseq=292 icode= >,3n4m_C_A,2.987
340,0.0,PRO, ,N,131.86,4.45,0.0,3.36,1.0,<Residue PRO het=  resseq=293 icode= >,3n4m_C_A,2.987
341,10.499,PRO, ,CA,125.64,3.42,8.013,2.43,1.0,<Residue PRO het=  resseq=293 icode= >,3n4m_C_A,2.987
342,0.0,PRO, ,C,125.38,3.47,0.0,2.59,1.0,<Residue PRO het=  resseq=293 icode= >,3n4m_C_A,2.987
343,5.082,PRO, ,O,127.05,4.64,0.0,1.78,1.0,<Residue PRO het=  resseq=293 icode= >,3n4m_C_A,2.987
344,29.088,PRO, ,CB,113.15,4.43,0.218,1.19,1.0,<Residue PRO het=  resseq=293 icode= >,3n4m_C_A,2.987
345,42.139,PRO, ,CG,124.02,5.37,0.0,0.82,1.0,<Residue PRO het=  resseq=293 icode= >,3n4m_C_A,2.987
346,12.588,PRO, ,CD,138.47,5.61,0.0,1.43,1.0,<Residue PRO het=  resseq=293 icode= >,3n4m_C_A,2.987
347,11.206,ASN, ,N,140.97,2.65,10.189,1.71,1.0,<Residue ASN het=  resseq=294 icode= >,3n4m_C_A,2.987
348,7.363,ASN, ,CA,137.25,3.56,7.363,2.21,1.0,<Residue ASN het=  resseq=294 icode= >,3n4m_C_A,2.987
349,2.583,ASN, ,C,146.05,4.03,2.583,2.71,1.0,<Residue ASN het=  resseq=294 icode= >,3n4m_C_A,2.987
350,0.035,ASN, ,O,142.73,3.73,0.035,1.20,1.0,<Residue ASN het=  resseq=294 icode= >,3n4m_C_A,2.987
351,5.067,ASN, ,CB,143.14,4.85,2.885,1.47,1.0,<Residue ASN het=  resseq=294 icode= >,3n4m_C_A,2.987
352,4.199,ASN, ,CG,134.18,3.66,3.282,1.35,1.0,<Residue ASN het=  resseq=294 icode= >,3n4m_C_A,2.987
353,25.673,ASN, ,OD1,128.18,3.07,14.07,0.53,1.0,<Residue ASN het=  resseq=294 icode= >,3n4m_C_A,2.987
354,51.698,ASN, ,ND2,135.9,3.76,18.624,0.56,1.0,<Residue ASN het=  resseq=294 icode= >,3n4m_C_A,2.987
355,1.845,LEU, ,N,101.31,3.89,1.845,2.82,1.0,<Residue LEU het=  resseq=295 icode= >,3n4m_C_A,2.987
356,0.0,LEU, ,CA,112.41,4.39,0.0,3.07,1.0,<Residue LEU het=  resseq=295 icode= >,3n4m_C_A,2.987
357,1.663,LEU, ,C,112.9,3.60,1.663,2.72,1.0,<Residue LEU het=  resseq=295 icode= >,3n4m_C_A,2.987
358,6.161,LEU, ,O,114.25,3.13,5.978,1.82,1.0,<Residue LEU het=  resseq=295 icode= >,3n4m_C_A,2.987
359,0.0,LEU, ,CB,128.1,5.37,0.0,1.22,1.0,<Residue LEU het=  resseq=295 icode= >,3n4m_C_A,2.987
360,0.0,LEU, ,CG,143.14,5.57,0.0,0.72,1.0,<Residue LEU het=  resseq=295 icode= >,3n4m_C_A,2.987
361,0.46,LEU, ,CD1,154.62,7.06,0.0,-0.19,1.0,<Residue LEU het=  resseq=295 icode= >,3n4m_C_A,2.987
362,0.0,LEU, ,CD2,155.92,5.00,0.0,-0.10,1.0,<Residue LEU het=  resseq=295 icode= >,3n4m_C_A,2.987
363,5.158,GLY, ,N,129.85,2.74,5.158,2.20,1.0,<Residue GLY het=  resseq=296 icode= >,3n4m_C_A,2.987
364,30.774,GLY, ,CA,134.17,3.03,24.844,1.55,1.0,<Residue GLY het=  resseq=296 icode= >,3n4m_C_A,2.987
365,0.289,GLY, ,C,150.0,3.06,0.289,2.06,1.0,<Residue GLY het=  resseq=296 icode= >,3n4m_C_A,2.987
366,0.0,GLY, ,O,157.68,3.02,0.0,1.44,1.0,<Residue GLY het=  resseq=296 icode= >,3n4m_C_A,2.987
367,8.779,LYS, ,N,150.18,3.53,3.002,1.45,1.0,<Residue LYS het=  resseq=297 icode= >,3n4m_C_A,2.987
368,0.509,LYS, ,CA,159.7,4.26,0.0,2.38,1.0,<Residue LYS het=  resseq=297 icode= >,3n4m_C_A,2.987
369,0.863,LYS, ,C,165.63,4.16,0.0,2.61,1.0,<Residue LYS het=  resseq=297 icode= >,3n4m_C_A,2.987
370,0.47,LYS, ,O,180.82,5.30,0.0,1.15,1.0,<Residue LYS het=  resseq=297 icode= >,3n4m_C_A,2.987
371,14.542,LYS, ,CB,162.47,4.69,1.182,0.86,1.0,<Residue LYS het=  resseq=297 icode= >,3n4m_C_A,2.987
372,25.445,LYS, ,CG,168.46,6.10,0.0,-0.06,1.0,<Residue LYS het=  resseq=297 icode= >,3n4m_C_A,2.987
373,33.149,LYS, ,CD,172.2,7.09,0.0,-0.25,1.0,<Residue LYS het=  resseq=297 icode= >,3n4m_C_A,2.987
374,37.472,LYS, ,CE,163.7,6.89,0.0,-0.25,1.0,<Residue LYS het=  resseq=297 icode= >,3n4m_C_A,2.987
375,48.859,LYS, ,NZ,133.19,6.59,0.0,-0.71,1.0,<Residue LYS het=  resseq=297 icode= >,3n4m_C_A,2.987
376,3.262,LYS, ,N,101.77,3.15,2.884,2.67,1.0,<Residue LYS het=  resseq=298 icode= >,3n4m_C_A,2.987
377,4.941,LYS, ,CA,107.92,3.86,0.0,2.67,1.0,<Residue LYS het=  resseq=298 icode= >,3n4m_C_A,2.987
378,0.039,LYS, ,C,115.17,4.04,0.0,2.59,1.0,<Residue LYS het=  resseq=298 icode= >,3n4m_C_A,2.987
379,0.918,LYS, ,O,129.89,5.18,0.132,0.88,1.0,<Residue LYS het=  resseq=298 icode= >,3n4m_C_A,2.987
380,25.146,LYS, ,CB,88.11,3.48,16.807,1.25,1.0,<Residue LYS het=  resseq=298 icode= >,3n4m_C_A,2.987
381,18.073,LYS, ,CG,87.47,4.40,8.09,0.90,1.0,<Residue LYS het=  resseq=298 icode= >,3n4m_C_A,2.987
382,31.859,LYS, ,CD,72.69,3.33,17.346,1.04,1.0,<Residue LYS het=  resseq=298 icode= >,3n4m_C_A,2.987
383,45.177,LYS, ,CE,81.63,3.41,45.145,1.13,1.0,<Residue LYS het=  resseq=298 icode= >,3n4m_C_A,2.987
384,48.744,LYS, ,NZ,77.75,2.77,46.688,1.00,1.0,<Residue LYS het=  resseq=298 icode= >,3n4m_C_A,2.987
385,0.659,SER, ,N,120.12,3.06,0.659,2.49,1.0,<Residue SER het=  resseq=299 icode= >,3n4m_C_A,2.987
386,1.663,SER, ,CA,123.2,3.75,0.0,2.50,1.0,<Residue SER het=  resseq=299 icode= >,3n4m_C_A,2.987
387,0.0,SER, ,C,137.04,4.82,0.0,2.66,1.0,<Residue SER het=  resseq=299 icode= >,3n4m_C_A,2.987
388,0.0,SER, ,O,154.84,5.98,0.0,1.43,1.0,<Residue SER het=  resseq=299 icode= >,3n4m_C_A,2.987
389,0.0,SER, ,CB,108.98,3.24,0.0,1.67,1.0,<Residue SER het=  resseq=299 icode= >,3n4m_C_A,2.987
390,7.854,SER, ,OG,96.54,2.97,3.171,0.91,1.0,<Residue SER het=  resseq=299 icode= >,3n4m_C_A,2.987
391,0.0,LEU, ,N,117.24,4.74,0.0,2.33,1.0,<Residue LEU het=  resseq=300 icode= >,3n4m_C_A,2.987
392,0.0,LEU, ,CA,127.78,6.07,0.0,2.10,1.0,<Residue LEU het=  resseq=300 icode= >,3n4m_C_A,2.987
393,0.0,LEU, ,C,144.71,7.02,0.0,2.75,1.0,<Residue LEU het=  resseq=300 icode= >,3n4m_C_A,2.987
394,0.0,LEU, ,O,160.46,8.18,0.0,1.17,1.0,<Residue LEU het=  resseq=300 icode= >,3n4m_C_A,2.987
395,0.867,LEU, ,CB,127.15,6.23,0.0,0.93,1.0,<Residue LEU het=  resseq=300 icode= >,3n4m_C_A,2.987
396,0.12,LEU, ,CG,142.34,7.62,0.0,0.82,1.0,<Residue LEU het=  resseq=300 icode= >,3n4m_C_A,2.987
397,5.69,LEU, ,CD1,163.32,8.72,0.0,0.13,1.0,<Residue LEU het=  resseq=300 icode= >,3n4m_C_A,2.987
398,0.0,LEU, ,CD2,138.06,8.08,0.0,-0.40,1.0,<Residue LEU het=  resseq=300 icode= >,3n4m_C_A,2.987
399,0.0,THR, ,N,123.27,6.73,0.0,2.68,1.0,<Residue THR het=  resseq=301 icode= >,3n4m_C_A,2.987
400,0.0,THR, ,CA,135.93,7.88,0.0,2.48,1.0,<Residue THR het=  resseq=301 icode= >,3n4m_C_A,2.987
401,0.0,THR, ,C,149.54,8.41,0.0,2.24,1.0,<Residue THR het=  resseq=301 icode= >,3n4m_C_A,2.987
402,0.065,THR, ,O,166.3,9.64,0.0,0.85,1.0,<Residue THR het=  resseq=301 icode= >,3n4m_C_A,2.987
403,1.899,THR, ,CB,126.15,7.86,0.0,1.49,1.0,<Residue THR het=  resseq=301 icode= >,3n4m_C_A,2.987
404,20.138,THR, ,OG1,128.14,8.07,0.0,0.85,1.0,<Residue THR het=  resseq=301 icode= >,3n4m_C_A,2.987
405,41.289,THR, ,CG2,130.84,9.10,22.687,0.19,1.0,<Residue THR het=  resseq=301 icode= >,3n4m_C_A,2.987
406,0.016,GLU, ,N,184.42,7.67,0.0,2.15,1.0,<Residue GLU het=  resseq=302 icode= >,3n4m_C_A,2.987
407,6.041,GLU, ,CA,194.16,8.47,0.138,1.85,1.0,<Residue GLU het=  resseq=302 icode= >,3n4m_C_A,2.987
408,0.0,GLU, ,C,202.64,9.34,0.0,1.77,1.0,<Residue GLU het=  resseq=302 icode= >,3n4m_C_A,2.987
409,0.764,GLU, ,O,216.75,10.52,0.0,0.73,1.0,<Residue GLU het=  resseq=302 icode= >,3n4m_C_A,2.987
410,8.79,GLU, ,CB,180.21,7.79,5.535,0.94,1.0,<Residue GLU het=  resseq=302 icode= >,3n4m_C_A,2.987
411,21.483,GLU, ,CG,197.21,8.59,8.689,-0.15,1.0,<Residue GLU het=  resseq=302 icode= >,3n4m_C_A,2.987
412,0.101,GLU, ,CD,190.96,8.29,0.063,-0.23,1.0,<Residue GLU het=  resseq=302 icode= >,3n4m_C_A,2.987
413,1.505,GLU, ,OE1,180.37,7.56,0.0,-0.00,1.0,<Residue GLU het=  resseq=302 icode= >,3n4m_C_A,2.987
414,6.248,GLU, ,OE2,194.39,8.82,0.913,-0.27,1.0,<Residue GLU het=  resseq=302 icode= >,3n4m_C_A,2.987
415,0.0,ILE, ,N,140.43,8.90,0.0,1.84,1.0,<Residue ILE het=  resseq=303 icode= >,3n4m_C_A,2.987
416,0.0,ILE, ,CA,141.01,9.90,0.0,2.18,1.0,<Residue ILE het=  resseq=303 icode= >,3n4m_C_A,2.987
417,0.0,ILE, ,C,158.52,11.02,0.0,2.47,1.0,<Residue ILE het=  resseq=303 icode= >,3n4m_C_A,2.987
418,0.0,ILE, ,O,172.87,12.19,0.0,1.13,1.0,<Residue ILE het=  resseq=303 icode= >,3n4m_C_A,2.987
419,0.0,ILE, ,CB,127.45,9.42,0.0,1.50,1.0,<Residue ILE het=  resseq=303 icode= >,3n4m_C_A,2.987
420,0.0,ILE, ,CG1,116.87,8.83,0.0,0.62,1.0,<Residue ILE het=  resseq=303 icode= >,3n4m_C_A,2.987
421,0.128,ILE, ,CG2,137.66,10.70,0.0,-0.16,1.0,<Residue ILE het=  resseq=303 icode= >,3n4m_C_A,2.987
422,0.0,ILE, ,CD1,104.81,8.47,0.0,-0.48,1.0,<Residue ILE het=  resseq=303 icode= >,3n4m_C_A,2.987
423,0.0,LYS, ,N,153.23,10.81,0.0,2.01,1.0,<Residue LYS het=  resseq=304 icode= >,3n4m_C_A,2.987
424,0.436,LYS, ,CA,168.52,12.00,0.0,1.80,1.0,<Residue LYS het=  resseq=304 icode= >,3n4m_C_A,2.987
425,0.127,LYS, ,C,182.83,12.82,0.0,1.92,1.0,<Residue LYS het=  resseq=304 icode= >,3n4m_C_A,2.987
426,5.722,LYS, ,O,202.31,14.03,0.0,0.61,1.0,<Residue LYS het=  resseq=304 icode= >,3n4m_C_A,2.987
427,8.031,LYS, ,CB,165.93,11.80,0.0,0.73,1.0,<Residue LYS het=  resseq=304 icode= >,3n4m_C_A,2.987
428,1.611,LYS, ,CG,159.85,11.60,0.0,0.17,1.0,<Residue LYS het=  resseq=304 icode= >,3n4m_C_A,2.987
429,12.799,LYS, ,CD,155.02,11.98,0.0,0.30,1.0,<Residue LYS het=  resseq=304 icode= >,3n4m_C_A,2.987
430,12.729,LYS, ,CE,145.54,11.36,0.0,0.12,1.0,<Residue LYS het=  resseq=304 icode= >,3n4m_C_A,2.987
431,32.591,LYS, ,NZ,126.92,11.93,0.0,-0.08,1.0,<Residue LYS het=  resseq=304 icode= >,3n4m_C_A,2.987
432,0.0,ASP, ,N,238.62,12.28,0.0,2.20,1.0,<Residue ASP het=  resseq=305 icode= >,3n4m_C_A,2.987
433,0.37,ASP, ,CA,248.33,13.17,0.0,1.88,1.0,<Residue ASP het=  resseq=305 icode= >,3n4m_C_A,2.987
434,1.254,ASP, ,C,259.14,13.94,0.0,2.00,1.0,<Residue ASP het=  resseq=305 icode= >,3n4m_C_A,2.987
435,7.643,ASP, ,O,270.1,15.10,0.0,1.14,1.0,<Residue ASP het=  resseq=305 icode= >,3n4m_C_A,2.987
436,17.706,ASP, ,CB,144.36,12.55,0.0,1.37,1.0,<Residue ASP het=  resseq=305 icode= >,3n4m_C_A,2.987
437,9.906,ASP, ,CG,142.56,12.69,0.258,0.82,1.0,<Residue ASP het=  resseq=305 icode= >,3n4m_C_A,2.987
438,30.171,ASP, ,OD1,143.5,13.63,0.673,0.46,1.0,<Residue ASP het=  resseq=305 icode= >,3n4m_C_A,2.987
439,21.084,ASP, ,OD2,139.94,12.01,15.752,0.18,1.0,<Residue ASP het=  resseq=305 icode= >,3n4m_C_A,2.987
440,0.435,VAL, ,N,155.91,13.41,0.0,2.17,1.0,<Residue VAL het=  resseq=306 icode= >,3n4m_C_A,2.987
441,3.975,VAL, ,CA,164.21,14.29,0.0,1.81,1.0,<Residue VAL het=  resseq=306 icode= >,3n4m_C_A,2.987
442,0.0,VAL, ,C,177.32,15.30,0.0,1.80,1.0,<Residue VAL het=  resseq=306 icode= >,3n4m_C_A,2.987
443,0.0,VAL, ,O,188.85,16.41,0.0,0.85,1.0,<Residue VAL het=  resseq=306 icode= >,3n4m_C_A,2.987
444,3.76,VAL, ,CB,149.76,13.61,0.0,1.02,1.0,<Residue VAL het=  resseq=306 icode= >,3n4m_C_A,2.987
445,0.045,VAL, ,CG1,137.87,13.19,0.0,0.14,1.0,<Residue VAL het=  resseq=306 icode= >,3n4m_C_A,2.987
446,20.389,VAL, ,CG2,158.36,14.52,0.0,0.23,1.0,<Residue VAL het=  resseq=306 icode= >,3n4m_C_A,2.987
447,0.0,LEU, ,N,150.08,15.00,0.0,1.73,1.0,<Residue LEU het=  resseq=307 icode= >,3n4m_C_A,2.987
448,0.0,LEU, ,CA,160.38,16.07,0.0,1.77,1.0,<Residue LEU het=  resseq=307 icode= >,3n4m_C_A,2.987
449,0.0,LEU, ,C,181.18,17.08,0.0,2.04,1.0,<Residue LEU het=  resseq=307 icode= >,3n4m_C_A,2.987
450,0.0,LEU, ,O,198.84,18.28,0.0,1.38,1.0,<Residue LEU het=  resseq=307 icode= >,3n4m_C_A,2.987
451,0.0,LEU, ,CB,151.03,15.62,0.0,1.12,1.0,<Residue LEU het=  resseq=307 icode= >,3n4m_C_A,2.987
452,0.0,LEU, ,CG,132.19,14.90,0.0,0.72,1.0,<Residue LEU het=  resseq=307 icode= >,3n4m_C_A,2.987
453,0.0,LEU, ,CD1,127.18,14.84,0.0,0.34,1.0,<Residue LEU het=  resseq=307 icode= >,3n4m_C_A,2.987
454,0.0,LEU, ,CD2,135.68,15.75,0.0,-0.07,1.0,<Residue LEU het=  resseq=307 icode= >,3n4m_C_A,2.987
455,0.0,ALA, ,N,174.39,16.67,0.0,1.82,1.0,<Residue ALA het=  resseq=308 icode= >,3n4m_C_A,2.987
456,2.164,ALA, ,CA,187.64,17.69,0.0,1.30,1.0,<Residue ALA het=  resseq=308 icode= >,3n4m_C_A,2.987
457,1.289,ALA, ,C,199.58,18.63,0.0,1.52,1.0,<Residue ALA het=  resseq=308 icode= >,3n4m_C_A,2.987
458,17.828,ALA, ,O,212.96,19.83,0.0,0.91,1.0,<Residue ALA het=  resseq=308 icode= >,3n4m_C_A,2.987
459,42.619,ALA, ,CB,175.13,17.14,0.0,0.12,1.0,<Residue ALA het=  resseq=308 icode= >,3n4m_C_A,2.987
460,0.597,SER, ,N,198.2,18.16,0.0,1.63,1.0,<Residue SER het=  resseq=309 icode= >,3n4m_C_A,2.987
461,12.257,SER, ,CA,208.46,19.02,0.0,1.07,1.0,<Residue SER het=  resseq=309 icode= >,3n4m_C_A,2.987
462,1.166,SER, ,C,225.38,20.04,0.0,0.70,1.0,<Residue SER het=  resseq=309 icode= >,3n4m_C_A,2.987
463,28.202,SER, ,O,232.95,20.77,0.0,0.15,1.0,<Residue SER het=  resseq=309 icode= >,3n4m_C_A,2.987
464,38.2,SER, ,CB,189.05,17.92,0.0,0.67,1.0,<Residue SER het=  resseq=309 icode= >,3n4m_C_A,2.987
465,9.52,SER, ,OG,181.64,17.48,0.0,0.60,1.0,<Residue SER het=  resseq=309 icode= >,3n4m_C_A,2.987
466,0.0,ARG, ,N,197.43,1000.00,0.0,1.45,1.0,<Residue ARG het=  resseq=310 icode= >,3n4m_C_A,2.987
467,7.911,ARG, ,CA,203.58,1000.00,0.0,1.46,1.0,<Residue ARG het=  resseq=310 icode= >,3n4m_C_A,2.987
468,4.773,ARG, ,C,215.23,1000.00,0.0,1.25,1.0,<Residue ARG het=  resseq=310 icode= >,3n4m_C_A,2.987
469,5.556,ARG, ,O,216.12,1000.00,0.0,0.75,1.0,<Residue ARG het=  resseq=310 icode= >,3n4m_C_A,2.987
470,2.887,ARG, ,CB,185.61,1000.00,0.0,1.19,1.0,<Residue ARG het=  resseq=310 icode= >,3n4m_C_A,2.987
471,10.336,ARG, ,CG,174.75,1000.00,0.0,0.86,1.0,<Residue ARG het=  resseq=310 icode= >,3n4m_C_A,2.987
472,5.961,ARG, ,CD,163.43,1000.00,0.0,0.42,1.0,<Residue ARG het=  resseq=310 icode= >,3n4m_C_A,2.987
473,4.543,ARG, ,NE,182.23,1000.00,0.0,0.15,1.0,<Residue ARG het=  resseq=310 icode= >,3n4m_C_A,2.987
474,4.228,ARG, ,CZ,178.32,1000.00,0.0,0.18,1.0,<Residue ARG het=  resseq=310 icode= >,3n4m_C_A,2.987
475,15.217,ARG, ,NH1,161.02,1000.00,0.0,0.19,1.0,<Residue ARG het=  resseq=310 icode= >,3n4m_C_A,2.987
476,24.327,ARG, ,NH2,185.53,1000.00,0.0,-0.07,1.0,<Residue ARG het=  resseq=310 icode= >,3n4m_C_A,2.987
477,5.102,GLY, ,N,180.63,1000.00,0.0,1.24,1.0,<Residue GLY het=  resseq=311 icode= >,3n4m_C_A,2.987
478,37.694,GLY, ,CA,191.27,1000.00,0.0,0.75,1.0,<Residue GLY het=  resseq=311 icode= >,3n4m_C_A,2.987
479,1.849,GLY, ,C,186.64,1000.00,0.0,1.16,1.0,<Residue GLY het=  resseq=311 icode= >,3n4m_C_A,2.987
480,30.114,GLY, ,O,191.04,1000.00,0.0,0.65,1.0,<Residue GLY het=  resseq=311 icode= >,3n4m_C_A,2.987
481,0.0,LEU, ,N,210.68,1000.00,0.0,1.45,1.0,<Residue LEU het=  resseq=312 icode= >,3n4m_C_A,2.987
482,0.145,LEU, ,CA,203.47,1000.00,0.0,1.09,1.0,<Residue LEU het=  resseq=312 icode= >,3n4m_C_A,2.987
483,0.4,LEU, ,C,191.6,1000.00,0.0,1.04,1.0,<Residue LEU het=  resseq=312 icode= >,3n4m_C_A,2.987
484,2.584,LEU, ,O,184.38,1000.00,0.0,1.25,1.0,<Residue LEU het=  resseq=312 icode= >,3n4m_C_A,2.987
485,0.0,LEU, ,CB,190.1,1000.00,0.0,0.77,1.0,<Residue LEU het=  resseq=312 icode= >,3n4m_C_A,2.987
486,0.0,LEU, ,CG,187.91,1000.00,0.0,0.95,1.0,<Residue LEU het=  resseq=312 icode= >,3n4m_C_A,2.987
487,0.417,LEU, ,CD1,167.82,1000.00,0.0,0.13,1.0,<Residue LEU het=  resseq=312 icode= >,3n4m_C_A,2.987
488,19.828,LEU, ,CD2,210.55,1000.00,0.0,0.10,1.0,<Residue LEU het=  resseq=312 icode= >,3n4m_C_A,2.987
489,0.075,SER, ,N,221.36,18.64,0.0,0.85,1.0,<Residue SER het=  resseq=313 icode= >,3n4m_C_A,2.987
490,1.125,SER, ,CA,207.97,17.61,0.0,1.20,1.0,<Residue SER het=  resseq=313 icode= >,3n4m_C_A,2.987
491,0.0,SER, ,C,199.92,17.23,0.0,1.72,1.0,<Residue SER het=  resseq=313 icode= >,3n4m_C_A,2.987
492,0.0,SER, ,O,202.28,17.68,0.0,1.34,1.0,<Residue SER het=  resseq=313 icode= >,3n4m_C_A,2.987
493,36.512,SER, ,CB,205.2,18.24,0.0,0.95,1.0,<Residue SER het=  resseq=313 icode= >,3n4m_C_A,2.987
494,16.92,SER, ,OG,209.1,19.18,0.0,0.58,1.0,<Residue SER het=  resseq=313 icode= >,3n4m_C_A,2.987
495,3.243,LEU, ,N,227.12,16.54,0.0,1.70,1.0,<Residue LEU het=  resseq=314 icode= >,3n4m_C_A,2.987
496,0.0,LEU, ,CA,219.23,16.31,0.0,1.65,1.0,<Residue LEU het=  resseq=314 icode= >,3n4m_C_A,2.987
497,1.669,LEU, ,C,230.47,17.44,0.0,1.56,1.0,<Residue LEU het=  resseq=314 icode= >,3n4m_C_A,2.987
498,14.977,LEU, ,O,237.14,18.23,0.0,1.08,1.0,<Residue LEU het=  resseq=314 icode= >,3n4m_C_A,2.987
499,5.859,LEU, ,CB,203.53,14.95,0.0,0.83,1.0,<Residue LEU het=  resseq=314 icode= >,3n4m_C_A,2.987
500,0.0,LEU, ,CG,186.25,13.74,0.0,0.46,1.0,<Residue LEU het=  resseq=314 icode= >,3n4m_C_A,2.987
501,0.0,LEU, ,CD1,164.69,12.45,0.0,-0.22,1.0,<Residue LEU het=  resseq=314 icode= >,3n4m_C_A,2.987
502,0.0,LEU, ,CD2,175.85,13.97,0.0,0.23,1.0,<Residue LEU het=  resseq=314 icode= >,3n4m_C_A,2.987
503,0.016,GLY, ,N,198.3,17.63,0.0,1.51,1.0,<Residue GLY het=  resseq=315 icode= >,3n4m_C_A,2.987
504,17.832,GLY, ,CA,206.05,18.74,0.0,1.21,1.0,<Residue GLY het=  resseq=315 icode= >,3n4m_C_A,2.987
505,1.767,GLY, ,C,225.92,20.09,0.0,1.32,1.0,<Residue GLY het=  resseq=315 icode= >,3n4m_C_A,2.987
506,20.213,GLY, ,O,223.51,21.10,0.0,0.76,1.0,<Residue GLY het=  resseq=315 icode= >,3n4m_C_A,2.987
507,0.0,MET, ,N,231.87,1000.00,0.0,1.41,1.0,<Residue MET het=  resseq=316 icode= >,3n4m_C_A,2.987
508,7.673,MET, ,CA,252.31,1000.00,0.0,0.95,1.0,<Residue MET het=  resseq=316 icode= >,3n4m_C_A,2.987
509,0.0,MET, ,C,256.35,1000.00,0.0,0.68,1.0,<Residue MET het=  resseq=316 icode= >,3n4m_C_A,2.987
510,4.183,MET, ,O,236.76,1000.00,0.0,0.75,1.0,<Residue MET het=  resseq=316 icode= >,3n4m_C_A,2.987
511,0.0,MET, ,CB,253.94,1000.00,0.0,0.89,1.0,<Residue MET het=  resseq=316 icode= >,3n4m_C_A,2.987
512,2.797,MET, ,CG,250.55,1000.00,0.0,0.61,1.0,<Residue MET het=  resseq=316 icode= >,3n4m_C_A,2.987
513,0.071,MET, ,SD,257.68,1000.00,0.0,0.47,1.0,<Residue MET het=  resseq=316 icode= >,3n4m_C_A,2.987
514,55.474,MET, ,CE,282.15,1000.00,0.0,-0.09,1.0,<Residue MET het=  resseq=316 icode= >,3n4m_C_A,2.987
515,5.722,ARG, ,N,221.85,1000.00,0.0,0.44,1.0,<Residue ARG het=  resseq=317 icode= >,3n4m_C_A,2.987
516,1.489,ARG, ,CA,226.05,1000.00,0.0,0.63,1.0,<Residue ARG het=  resseq=317 icode= >,3n4m_C_A,2.987
517,0.773,ARG, ,C,238.04,1000.00,0.0,0.90,1.0,<Residue ARG het=  resseq=317 icode= >,3n4m_C_A,2.987
518,20.843,ARG, ,O,249.62,1000.00,0.0,0.64,1.0,<Residue ARG het=  resseq=317 icode= >,3n4m_C_A,2.987
519,18.697,ARG, ,CB,220.3,1000.00,0.0,0.41,1.0,<Residue ARG het=  resseq=317 icode= >,3n4m_C_A,2.987
520,24.021,ARG, ,CG,217.14,1000.00,0.0,0.57,1.0,<Residue ARG het=  resseq=317 icode= >,3n4m_C_A,2.987
521,32.263,ARG, ,CD,205.19,1000.00,0.0,0.57,1.0,<Residue ARG het=  resseq=317 icode= >,3n4m_C_A,2.987
522,13.389,ARG, ,NE,197.03,1000.00,0.0,0.25,1.0,<Residue ARG het=  resseq=317 icode= >,3n4m_C_A,2.987
523,7.51,ARG, ,CZ,182.85,1000.00,0.0,0.37,1.0,<Residue ARG het=  resseq=317 icode= >,3n4m_C_A,2.987
524,48.292,ARG, ,NH1,178.86,1000.00,0.0,0.25,1.0,<Residue ARG het=  resseq=317 icode= >,3n4m_C_A,2.987
525,56.146,ARG, ,NH2,169.12,1000.00,0.0,0.32,1.0,<Residue ARG het=  resseq=317 icode= >,3n4m_C_A,2.987
526,2.015,LEU, ,N,219.69,1000.00,0.0,0.99,1.0,<Residue LEU het=  resseq=318 icode= >,3n4m_C_A,2.987
527,1.251,LEU, ,CA,227.45,1000.00,0.0,1.03,1.0,<Residue LEU het=  resseq=318 icode= >,3n4m_C_A,2.987
528,0.097,LEU, ,C,235.82,1000.00,0.0,0.96,1.0,<Residue LEU het=  resseq=318 icode= >,3n4m_C_A,2.987
529,22.359,LEU, ,O,226.22,1000.00,0.0,0.87,1.0,<Residue LEU het=  resseq=318 icode= >,3n4m_C_A,2.987
530,0.0,LEU, ,CB,205.75,1000.00,0.0,0.80,1.0,<Residue LEU het=  resseq=318 icode= >,3n4m_C_A,2.987
531,7.592,LEU, ,CG,202.68,1000.00,0.0,0.24,1.0,<Residue LEU het=  resseq=318 icode= >,3n4m_C_A,2.987
532,17.676,LEU, ,CD1,212.29,1000.00,0.0,-0.39,1.0,<Residue LEU het=  resseq=318 icode= >,3n4m_C_A,2.987
533,0.125,LEU, ,CD2,180.4,1000.00,0.0,0.22,1.0,<Residue LEU het=  resseq=318 icode= >,3n4m_C_A,2.987
534,3.916,GLU, ,N,220.36,1000.00,0.0,0.76,1.0,<Residue GLU het=  resseq=319 icode= >,3n4m_C_A,2.987
535,5.311,GLU, ,CA,224.4,1000.00,0.0,0.97,1.0,<Residue GLU het=  resseq=319 icode= >,3n4m_C_A,2.987
536,0.0,GLU, ,C,220.29,1000.00,0.0,1.05,1.0,<Residue GLU het=  resseq=319 icode= >,3n4m_C_A,2.987
537,11.013,GLU, ,O,216.42,1000.00,0.0,1.19,1.0,<Residue GLU het=  resseq=319 icode= >,3n4m_C_A,2.987
538,13.933,GLU, ,CB,242.38,1000.00,0.0,0.72,1.0,<Residue GLU het=  resseq=319 icode= >,3n4m_C_A,2.987
539,21.886,GLU, ,CG,243.66,1000.00,0.0,0.58,1.0,<Residue GLU het=  resseq=319 icode= >,3n4m_C_A,2.987
540,15.294,GLU, ,CD,262.51,1000.00,0.0,0.23,1.0,<Residue GLU het=  resseq=319 icode= >,3n4m_C_A,2.987
541,35.965,GLU, ,OE1,273.01,1000.00,0.0,0.03,1.0,<Residue GLU het=  resseq=319 icode= >,3n4m_C_A,2.987
542,41.634,GLU, ,OE2,256.44,1000.00,0.0,0.14,1.0,<Residue GLU het=  resseq=319 icode= >,3n4m_C_A,2.987
543,8.584,ASN, ,N,278.17,1000.00,0.0,0.89,1.0,<Residue ASN het=  resseq=320 icode= >,3n4m_C_A,2.987
544,8.777,ASN, ,CA,275.13,1000.00,0.0,0.53,1.0,<Residue ASN het=  resseq=320 icode= >,3n4m_C_A,2.987
545,1.333,ASN, ,C,252.28,1000.00,0.0,0.93,1.0,<Residue ASN het=  resseq=320 icode= >,3n4m_C_A,2.987
546,6.761,ASN, ,O,248.6,1000.00,0.0,0.94,1.0,<Residue ASN het=  resseq=320 icode= >,3n4m_C_A,2.987
547,25.227,ASN, ,CB,291.08,1000.00,0.0,0.11,1.0,<Residue ASN het=  resseq=320 icode= >,3n4m_C_A,2.987
548,5.857,ASN, ,CG,308.67,1000.00,0.0,-0.31,1.0,<Residue ASN het=  resseq=320 icode= >,3n4m_C_A,2.987
549,39.839,ASN, ,OD1,320.12,1000.00,0.0,-0.37,1.0,<Residue ASN het=  resseq=320 icode= >,3n4m_C_A,2.987
550,44.766,ASN, ,ND2,307.24,1000.00,0.0,-0.18,1.0,<Residue ASN het=  resseq=320 icode= >,3n4m_C_A,2.987
551,7.584,TRP, ,N,325.48,1000.00,0.0,1.12,1.0,<Residue TRP het=  resseq=321 icode= >,3n4m_C_A,2.987
552,0.0,TRP, ,CA,308.63,1000.00,0.0,1.15,1.0,<Residue TRP het=  resseq=321 icode= >,3n4m_C_A,2.987
553,2.685,TRP, ,C,295.43,1000.00,0.0,0.76,1.0,<Residue TRP het=  resseq=321 icode= >,3n4m_C_A,2.987
554,29.434,TRP, ,O,293.51,1000.00,0.0,0.40,1.0,<Residue TRP het=  resseq=321 icode= >,3n4m_C_A,2.987
555,7.9,TRP, ,CB,296.36,1000.00,0.0,0.70,1.0,<Residue TRP het=  resseq=321 icode= >,3n4m_C_A,2.987
556,0.0,TRP, ,CG,281.82,1000.00,0.0,0.60,1.0,<Residue TRP het=  resseq=321 icode= >,3n4m_C_A,2.987
557,10.195,TRP, ,CD1,260.34,1000.00,0.0,0.47,1.0,<Residue TRP het=  resseq=321 icode= >,3n4m_C_A,2.987
558,0.0,TRP, ,CD2,282.96,1000.00,0.0,0.57,1.0,<Residue TRP het=  resseq=321 icode= >,3n4m_C_A,2.987
559,3.343,TRP, ,NE1,248.63,1000.00,0.0,0.59,1.0,<Residue TRP het=  resseq=321 icode= >,3n4m_C_A,2.987
560,0.252,TRP, ,CE2,262.97,1000.00,0.0,0.68,1.0,<Residue TRP het=  resseq=321 icode= >,3n4m_C_A,2.987
561,2.512,TRP, ,CE3,295.98,1000.00,0.0,-0.27,1.0,<Residue TRP het=  resseq=321 icode= >,3n4m_C_A,2.987
562,7.305,TRP, ,CZ2,258.72,1000.00,0.0,0.33,1.0,<Residue TRP het=  resseq=321 icode= >,3n4m_C_A,2.987
563,17.377,TRP, ,CZ3,287.21,1000.00,0.0,-0.37,1.0,<Residue TRP het=  resseq=321 icode= >,3n4m_C_A,2.987
564,3.967,TRP, ,CH2,270.67,1000.00,0.0,0.21,1.0,<Residue TRP het=  resseq=321 icode= >,3n4m_C_A,2.987
565,0.11,PRO, ,N,219.36,1000.00,0.0,1.00,1.0,<Residue PRO het=  resseq=322 icode= >,3n4m_C_A,2.987
566,0.316,PRO, ,CA,217.91,1000.00,0.0,1.03,1.0,<Residue PRO het=  resseq=322 icode= >,3n4m_C_A,2.987
567,21.932,PRO, ,C,234.13,1000.00,0.0,0.80,1.0,<Residue PRO het=  resseq=322 icode= >,3n4m_C_A,2.987
568,26.44,PRO, ,O,244.48,1000.00,0.0,0.63,1.0,<Residue PRO het=  resseq=322 icode= >,3n4m_C_A,2.987
569,34.0,PRO, ,CB,196.94,1000.00,0.0,0.57,1.0,<Residue PRO het=  resseq=322 icode= >,3n4m_C_A,2.987
570,37.975,PRO, ,CG,184.42,1000.00,0.0,0.27,1.0,<Residue PRO het=  resseq=322 icode= >,3n4m_C_A,2.987
571,36.299,PRO, ,CD,200.26,1000.00,0.0,0.62,1.0,<Residue PRO het=  resseq=322 icode= >,3n4m_C_A,2.987
