,ASA,aa,altloc,atom,bfac,d2r,dASA,dens,occ,residue,id,resolu
0,41.805,HIS, ,N,44.27,1000.00,0.0,1.16,1.0,<Residue HIS het=  resseq=0 icode= >,3o9x_B_A,2.0999
1,3.293,HIS, ,CA,44.18,1000.00,0.0,1.70,1.0,<Residue HIS het=  resseq=0 icode= >,3o9x_B_A,2.0999
2,3.434,HIS, ,C,39.06,1000.00,0.0,2.46,1.0,<Residue HIS het=  resseq=0 icode= >,3o9x_B_A,2.0999
3,14.733,HIS, ,O,39.02,1000.00,0.0,1.75,1.0,<Residue HIS het=  resseq=0 icode= >,3o9x_B_A,2.0999
4,19.905,HIS, ,CB,50.01,1000.00,0.0,0.85,1.0,<Residue HIS het=  resseq=0 icode= >,3o9x_B_A,2.0999
5,2.56,HIS, ,CG,53.73,1000.00,0.0,1.22,1.0,<Residue HIS het=  resseq=0 icode= >,3o9x_B_A,2.0999
6,5.859,HIS, ,ND1,50.79,1000.00,0.0,1.20,1.0,<Residue HIS het=  resseq=0 icode= >,3o9x_B_A,2.0999
7,33.369,HIS, ,CD2,53.57,1000.00,0.0,0.71,1.0,<Residue HIS het=  resseq=0 icode= >,3o9x_B_A,2.0999
8,44.705,HIS, ,CE1,50.89,1000.00,0.0,1.24,1.0,<Residue HIS het=  resseq=0 icode= >,3o9x_B_A,2.0999
9,32.046,HIS, ,NE2,57.47,1000.00,0.0,0.94,1.0,<Residue HIS het=  resseq=0 icode= >,3o9x_B_A,2.0999
10,3.48,MET, ,N,38.44,1000.00,0.0,2.03,1.0,<Residue MET het=  resseq=1 icode= >,3o9x_B_A,2.0999
11,8.56,MET, ,CA,32.19,1000.00,0.0,1.99,1.0,<Residue MET het=  resseq=1 icode= >,3o9x_B_A,2.0999
12,0.0,MET, ,C,33.27,1000.00,0.0,3.55,1.0,<Residue MET het=  resseq=1 icode= >,3o9x_B_A,2.0999
13,0.0,MET, ,O,35.32,1000.00,0.0,3.03,1.0,<Residue MET het=  resseq=1 icode= >,3o9x_B_A,2.0999
14,9.99,MET, ,CB,38.22,1000.00,0.0,1.45,1.0,<Residue MET het=  resseq=1 icode= >,3o9x_B_A,2.0999
15,16.819,MET, ,CG,44.25,1000.00,0.0,0.66,1.0,<Residue MET het=  resseq=1 icode= >,3o9x_B_A,2.0999
16,17.659,MET, ,SD,52.13,1000.00,0.0,2.49,1.0,<Residue MET het=  resseq=1 icode= >,3o9x_B_A,2.0999
17,58.999,MET, ,CE,42.16,1000.00,0.0,1.48,1.0,<Residue MET het=  resseq=1 icode= >,3o9x_B_A,2.0999
18,4.8,LYS, ,N,37.77,1000.00,0.0,2.13,1.0,<Residue LYS het=  resseq=2 icode= >,3o9x_B_A,2.0999
19,0.027,LYS, ,CA,31.29,1000.00,0.0,2.58,1.0,<Residue LYS het=  resseq=2 icode= >,3o9x_B_A,2.0999
20,0.0,LYS, ,C,36.68,1000.00,0.0,2.54,1.0,<Residue LYS het=  resseq=2 icode= >,3o9x_B_A,2.0999
21,4.532,LYS, ,O,33.05,1000.00,0.0,2.53,1.0,<Residue LYS het=  resseq=2 icode= >,3o9x_B_A,2.0999
22,23.945,LYS, ,CB,33.31,1000.00,0.0,2.26,1.0,<Residue LYS het=  resseq=2 icode= >,3o9x_B_A,2.0999
23,7.475,LYS, ,CG,37.09,1000.00,0.0,2.13,1.0,<Residue LYS het=  resseq=2 icode= >,3o9x_B_A,2.0999
24,3.411,LYS, ,CD,36.23,1000.00,0.0,1.65,1.0,<Residue LYS het=  resseq=2 icode= >,3o9x_B_A,2.0999
25,25.241,LYS, ,CE,33.96,1000.00,0.0,1.84,1.0,<Residue LYS het=  resseq=2 icode= >,3o9x_B_A,2.0999
26,41.302,LYS, ,NZ,34.18,1000.00,0.0,2.12,1.0,<Residue LYS het=  resseq=2 icode= >,3o9x_B_A,2.0999
27,0.0,CYS, ,N,31.79,1000.00,0.0,2.50,1.0,<Residue CYS het=  resseq=3 icode= >,3o9x_B_A,2.0999
28,0.0,CYS, ,CA,34.07,1000.00,0.0,2.77,1.0,<Residue CYS het=  resseq=3 icode= >,3o9x_B_A,2.0999
29,0.158,CYS, ,C,37.38,1000.00,0.0,2.72,1.0,<Residue CYS het=  resseq=3 icode= >,3o9x_B_A,2.0999
30,0.128,CYS, ,O,37.15,1000.00,0.0,2.02,1.0,<Residue CYS het=  resseq=3 icode= >,3o9x_B_A,2.0999
31,0.0,CYS, ,CB,32.03,1000.00,0.0,2.71,1.0,<Residue CYS het=  resseq=3 icode= >,3o9x_B_A,2.0999
32,0.0,CYS, ,SG,33.95,1000.00,0.0,6.09,1.0,<Residue CYS het=  resseq=3 icode= >,3o9x_B_A,2.0999
33,0.0,PRO, ,N,37.93,1000.00,0.0,3.45,1.0,<Residue PRO het=  resseq=4 icode= >,3o9x_B_A,2.0999
34,7.87,PRO, ,CA,38.14,1000.00,0.0,1.79,1.0,<Residue PRO het=  resseq=4 icode= >,3o9x_B_A,2.0999
35,0.023,PRO, ,C,36.15,1000.00,0.0,2.44,1.0,<Residue PRO het=  resseq=4 icode= >,3o9x_B_A,2.0999
36,18.486,PRO, ,O,38.76,1000.00,0.0,1.83,1.0,<Residue PRO het=  resseq=4 icode= >,3o9x_B_A,2.0999
37,36.941,PRO, ,CB,34.98,1000.00,0.0,1.32,1.0,<Residue PRO het=  resseq=4 icode= >,3o9x_B_A,2.0999
38,12.79,PRO, ,CG,33.74,1000.00,0.0,1.37,1.0,<Residue PRO het=  resseq=4 icode= >,3o9x_B_A,2.0999
39,0.168,PRO, ,CD,32.73,1000.00,0.0,1.89,1.0,<Residue PRO het=  resseq=4 icode= >,3o9x_B_A,2.0999
40,0.0,VAL, ,N,37.07,1000.00,0.0,2.66,1.0,<Residue VAL het=  resseq=5 icode= >,3o9x_B_A,2.0999
41,3.65,VAL, ,CA,35.03,1000.00,0.0,2.35,1.0,<Residue VAL het=  resseq=5 icode= >,3o9x_B_A,2.0999
42,0.0,VAL, ,C,39.55,1000.00,0.0,2.34,1.0,<Residue VAL het=  resseq=5 icode= >,3o9x_B_A,2.0999
43,18.167,VAL, ,O,40.24,1000.00,0.0,1.59,1.0,<Residue VAL het=  resseq=5 icode= >,3o9x_B_A,2.0999
44,0.0,VAL, ,CB,32.19,1000.00,0.0,2.54,1.0,<Residue VAL het=  resseq=5 icode= >,3o9x_B_A,2.0999
45,44.906,VAL, ,CG1,32.58,1000.00,0.0,2.21,1.0,<Residue VAL het=  resseq=5 icode= >,3o9x_B_A,2.0999
46,25.893,VAL, ,CG2,35.81,1000.00,0.0,1.24,1.0,<Residue VAL het=  resseq=5 icode= >,3o9x_B_A,2.0999
47,0.0,CYS, ,N,34.85,1000.00,0.0,2.62,1.0,<Residue CYS het=  resseq=6 icode= >,3o9x_B_A,2.0999
48,7.61,CYS, ,CA,34.65,1000.00,0.0,2.79,1.0,<Residue CYS het=  resseq=6 icode= >,3o9x_B_A,2.0999
49,0.077,CYS, ,C,34.25,1000.00,0.0,3.41,1.0,<Residue CYS het=  resseq=6 icode= >,3o9x_B_A,2.0999
50,7.137,CYS, ,O,35.06,1000.00,0.0,2.12,1.0,<Residue CYS het=  resseq=6 icode= >,3o9x_B_A,2.0999
51,14.349,CYS, ,CB,35.45,1000.00,0.0,1.98,1.0,<Residue CYS het=  resseq=6 icode= >,3o9x_B_A,2.0999
52,0.0,CYS, ,SG,34.59,1000.00,0.0,4.70,1.0,<Residue CYS het=  resseq=6 icode= >,3o9x_B_A,2.0999
53,0.0,HIS, ,N,35.22,1000.00,0.0,2.91,1.0,<Residue HIS het=  resseq=7 icode= >,3o9x_B_A,2.0999
54,0.0,HIS, ,CA,35.78,1000.00,0.0,2.15,1.0,<Residue HIS het=  resseq=7 icode= >,3o9x_B_A,2.0999
55,0.0,HIS, ,C,33.48,1000.00,0.0,3.16,1.0,<Residue HIS het=  resseq=7 icode= >,3o9x_B_A,2.0999
56,9.05,HIS, ,O,37.12,1000.00,0.0,2.75,1.0,<Residue HIS het=  resseq=7 icode= >,3o9x_B_A,2.0999
57,20.489,HIS, ,CB,37.82,1000.00,0.0,1.78,1.0,<Residue HIS het=  resseq=7 icode= >,3o9x_B_A,2.0999
58,2.718,HIS, ,CG,37.08,1000.00,0.0,1.79,1.0,<Residue HIS het=  resseq=7 icode= >,3o9x_B_A,2.0999
59,7.751,HIS, ,ND1,41.58,1000.00,0.0,1.47,1.0,<Residue HIS het=  resseq=7 icode= >,3o9x_B_A,2.0999
60,31.016,HIS, ,CD2,39.85,1000.00,0.0,1.46,1.0,<Residue HIS het=  resseq=7 icode= >,3o9x_B_A,2.0999
61,20.188,HIS, ,CE1,40.58,1000.00,0.0,1.75,1.0,<Residue HIS het=  resseq=7 icode= >,3o9x_B_A,2.0999
62,26.808,HIS, ,NE2,40.54,1000.00,0.0,1.39,1.0,<Residue HIS het=  resseq=7 icode= >,3o9x_B_A,2.0999
63,0.0,GLN, ,N,30.67,1000.00,0.0,3.26,1.0,<Residue GLN het=  resseq=8 icode= >,3o9x_B_A,2.0999
64,4.924,GLN, ,CA,35.94,1000.00,0.0,1.99,1.0,<Residue GLN het=  resseq=8 icode= >,3o9x_B_A,2.0999
65,0.353,GLN, ,C,33.26,1000.00,0.0,3.53,1.0,<Residue GLN het=  resseq=8 icode= >,3o9x_B_A,2.0999
66,26.254,GLN, ,O,27.54,1000.00,0.0,3.71,1.0,<Residue GLN het=  resseq=8 icode= >,3o9x_B_A,2.0999
67,3.832,GLN, ,CB,33.55,1000.00,0.0,1.33,1.0,<Residue GLN het=  resseq=8 icode= >,3o9x_B_A,2.0999
68,17.203,GLN, ,CG,39.06,1000.00,0.0,1.30,1.0,<Residue GLN het=  resseq=8 icode= >,3o9x_B_A,2.0999
69,6.272,GLN, ,CD,43.87,1000.00,0.0,1.51,1.0,<Residue GLN het=  resseq=8 icode= >,3o9x_B_A,2.0999
70,11.498,GLN, ,OE1,45.93,1000.00,0.0,1.18,1.0,<Residue GLN het=  resseq=8 icode= >,3o9x_B_A,2.0999
71,56.082,GLN, ,NE2,43.39,1000.00,0.0,0.37,1.0,<Residue GLN het=  resseq=8 icode= >,3o9x_B_A,2.0999
72,0.0,GLY, ,N,32.15,1000.00,0.0,2.86,1.0,<Residue GLY het=  resseq=9 icode= >,3o9x_B_A,2.0999
73,3.918,GLY, ,CA,29.24,1000.00,0.0,2.01,1.0,<Residue GLY het=  resseq=9 icode= >,3o9x_B_A,2.0999
74,0.548,GLY, ,C,32.01,1000.00,0.0,3.28,1.0,<Residue GLY het=  resseq=9 icode= >,3o9x_B_A,2.0999
75,0.0,GLY, ,O,29.65,1000.00,0.0,3.17,1.0,<Residue GLY het=  resseq=9 icode= >,3o9x_B_A,2.0999
76,3.874,GLU, ,N,32.04,1000.00,0.0,2.31,1.0,<Residue GLU het=  resseq=10 icode= >,3o9x_B_A,2.0999
77,0.0,GLU, ,CA,28.79,1000.00,0.0,3.38,1.0,<Residue GLU het=  resseq=10 icode= >,3o9x_B_A,2.0999
78,0.0,GLU, ,C,30.55,1000.00,0.0,3.94,1.0,<Residue GLU het=  resseq=10 icode= >,3o9x_B_A,2.0999
79,0.0,GLU, ,O,29.32,1000.00,0.0,4.00,1.0,<Residue GLU het=  resseq=10 icode= >,3o9x_B_A,2.0999
80,9.74,GLU, ,CB,35.02,1000.00,0.0,1.80,1.0,<Residue GLU het=  resseq=10 icode= >,3o9x_B_A,2.0999
81,3.119,GLU, ,CG,39.08,1000.00,0.0,1.37,1.0,<Residue GLU het=  resseq=10 icode= >,3o9x_B_A,2.0999
82,4.011,GLU, ,CD,43.13,1000.00,0.0,2.59,1.0,<Residue GLU het=  resseq=10 icode= >,3o9x_B_A,2.0999
83,10.651,GLU, ,OE1,41.81,1000.00,0.0,1.73,1.0,<Residue GLU het=  resseq=10 icode= >,3o9x_B_A,2.0999
84,36.372,GLU, ,OE2,43.32,1000.00,0.0,1.47,1.0,<Residue GLU het=  resseq=10 icode= >,3o9x_B_A,2.0999
85,0.0,MET, ,N,29.07,1000.00,0.0,2.87,1.0,<Residue MET het=  resseq=11 icode= >,3o9x_B_A,2.0999
86,0.0,MET, ,CA,29.24,1000.00,0.0,2.24,1.0,<Residue MET het=  resseq=11 icode= >,3o9x_B_A,2.0999
87,0.0,MET, ,C,24.09,1000.00,0.0,3.94,1.0,<Residue MET het=  resseq=11 icode= >,3o9x_B_A,2.0999
88,9.376,MET, ,O,27.29,1000.00,0.0,3.81,1.0,<Residue MET het=  resseq=11 icode= >,3o9x_B_A,2.0999
89,0.287,MET, ,CB,25.11,1000.00,0.0,2.29,1.0,<Residue MET het=  resseq=11 icode= >,3o9x_B_A,2.0999
90,0.0,MET, ,CG,27.54,1000.00,0.0,2.74,1.0,<Residue MET het=  resseq=11 icode= >,3o9x_B_A,2.0999
91,0.0,MET, ,SD,26.52,1000.00,0.0,6.00,1.0,<Residue MET het=  resseq=11 icode= >,3o9x_B_A,2.0999
92,0.0,MET, ,CE,26.14,1000.00,0.0,1.93,1.0,<Residue MET het=  resseq=11 icode= >,3o9x_B_A,2.0999
93,0.0,VAL, ,N,24.68,1000.00,0.0,3.34,1.0,<Residue VAL het=  resseq=12 icode= >,3o9x_B_A,2.0999
94,2.756,VAL, ,CA,26.67,1000.00,0.0,2.59,1.0,<Residue VAL het=  resseq=12 icode= >,3o9x_B_A,2.0999
95,0.0,VAL, ,C,21.65,1000.00,0.0,4.91,1.0,<Residue VAL het=  resseq=12 icode= >,3o9x_B_A,2.0999
96,2.328,VAL, ,O,25.98,1000.00,0.0,3.84,1.0,<Residue VAL het=  resseq=12 icode= >,3o9x_B_A,2.0999
97,4.464,VAL, ,CB,29.4,1000.00,0.0,2.34,1.0,<Residue VAL het=  resseq=12 icode= >,3o9x_B_A,2.0999
98,46.35,VAL, ,CG1,21.7,1000.00,0.0,2.95,1.0,<Residue VAL het=  resseq=12 icode= >,3o9x_B_A,2.0999
99,19.665,VAL, ,CG2,28.23,1000.00,0.0,1.59,1.0,<Residue VAL het=  resseq=12 icode= >,3o9x_B_A,2.0999
100,2.688,SER, ,N,19.75,1000.00,0.0,3.85,1.0,<Residue SER het=  resseq=13 icode= >,3o9x_B_A,2.0999
101,0.0,SER, ,CA,23.83,1000.00,0.0,2.73,1.0,<Residue SER het=  resseq=13 icode= >,3o9x_B_A,2.0999
102,0.971,SER, ,C,27.84,1000.00,0.0,3.25,1.0,<Residue SER het=  resseq=13 icode= >,3o9x_B_A,2.0999
103,16.588,SER, ,O,28.49,1000.00,0.0,2.51,1.0,<Residue SER het=  resseq=13 icode= >,3o9x_B_A,2.0999
104,34.764,SER, ,CB,22.96,1000.00,0.0,2.99,1.0,<Residue SER het=  resseq=13 icode= >,3o9x_B_A,2.0999
105,32.102,SER, ,OG,33.96,1000.00,0.0,1.77,1.0,<Residue SER het=  resseq=13 icode= >,3o9x_B_A,2.0999
106,1.537,GLY, ,N,22.77,1000.00,0.0,4.05,1.0,<Residue GLY het=  resseq=14 icode= >,3o9x_B_A,2.0999
107,29.565,GLY, ,CA,24.32,1000.00,0.0,3.00,1.0,<Residue GLY het=  resseq=14 icode= >,3o9x_B_A,2.0999
108,0.0,GLY, ,C,26.59,1000.00,0.0,4.46,1.0,<Residue GLY het=  resseq=14 icode= >,3o9x_B_A,2.0999
109,0.646,GLY, ,O,23.83,1000.00,0.0,4.58,1.0,<Residue GLY het=  resseq=14 icode= >,3o9x_B_A,2.0999
110,2.829,ILE, ,N,28.02,1000.00,0.0,3.09,1.0,<Residue ILE het=  resseq=15 icode= >,3o9x_B_A,2.0999
111,0.0,ILE, ,CA,24.98,1000.00,0.0,2.55,1.0,<Residue ILE het=  resseq=15 icode= >,3o9x_B_A,2.0999
112,0.0,ILE, ,C,27.5,1000.00,0.0,3.53,1.0,<Residue ILE het=  resseq=15 icode= >,3o9x_B_A,2.0999
113,19.369,ILE, ,O,31.38,1000.00,0.0,2.73,1.0,<Residue ILE het=  resseq=15 icode= >,3o9x_B_A,2.0999
114,0.0,ILE, ,CB,28.02,1000.00,0.0,3.12,1.0,<Residue ILE het=  resseq=15 icode= >,3o9x_B_A,2.0999
115,18.307,ILE, ,CG1,27.83,1000.00,0.0,2.24,1.0,<Residue ILE het=  resseq=15 icode= >,3o9x_B_A,2.0999
116,4.953,ILE, ,CG2,27.23,1000.00,0.0,2.10,1.0,<Residue ILE het=  resseq=15 icode= >,3o9x_B_A,2.0999
117,57.94,ILE, ,CD1,26.26,1000.00,0.0,1.33,1.0,<Residue ILE het=  resseq=15 icode= >,3o9x_B_A,2.0999
118,0.0,LYS, ,N,27.84,1000.00,0.0,3.22,1.0,<Residue LYS het=  resseq=16 icode= >,3o9x_B_A,2.0999
119,3.904,LYS, ,CA,28.16,1000.00,0.0,3.50,1.0,<Residue LYS het=  resseq=16 icode= >,3o9x_B_A,2.0999
120,0.011,LYS, ,C,27.09,1000.00,0.0,3.75,1.0,<Residue LYS het=  resseq=16 icode= >,3o9x_B_A,2.0999
121,0.0,LYS, ,O,27.06,1000.00,0.0,3.52,1.0,<Residue LYS het=  resseq=16 icode= >,3o9x_B_A,2.0999
122,0.0,LYS, ,CB,27.96,1000.00,0.0,2.05,1.0,<Residue LYS het=  resseq=16 icode= >,3o9x_B_A,2.0999
123,14.287,LYS, ,CG,29.59,1000.00,0.0,2.03,1.0,<Residue LYS het=  resseq=16 icode= >,3o9x_B_A,2.0999
124,7.537,LYS, ,CD,27.61,1000.00,0.0,2.01,1.0,<Residue LYS het=  resseq=16 icode= >,3o9x_B_A,2.0999
125,36.717,LYS, ,CE,32.63,1000.00,0.0,1.46,1.0,<Residue LYS het=  resseq=16 icode= >,3o9x_B_A,2.0999
126,7.961,LYS, ,NZ,35.25,1000.00,0.0,1.73,1.0,<Residue LYS het=  resseq=16 icode= >,3o9x_B_A,2.0999
127,4.755,ASP, ,N,25.27,1000.00,0.0,2.84,1.0,<Residue ASP het=  resseq=17 icode= >,3o9x_B_A,2.0999
128,0.0,ASP, ,CA,30.27,1000.00,0.0,2.85,1.0,<Residue ASP het=  resseq=17 icode= >,3o9x_B_A,2.0999
129,0.0,ASP, ,C,26.93,1000.00,0.0,3.57,1.0,<Residue ASP het=  resseq=17 icode= >,3o9x_B_A,2.0999
130,10.607,ASP, ,O,28.06,1000.00,0.0,2.81,1.0,<Residue ASP het=  resseq=17 icode= >,3o9x_B_A,2.0999
131,14.212,ASP, ,CB,26.21,1000.00,0.0,2.84,1.0,<Residue ASP het=  resseq=17 icode= >,3o9x_B_A,2.0999
132,6.628,ASP, ,CG,28.81,1000.00,0.0,3.77,1.0,<Residue ASP het=  resseq=17 icode= >,3o9x_B_A,2.0999
133,8.99,ASP, ,OD1,29.1,1000.00,0.0,3.46,1.0,<Residue ASP het=  resseq=17 icode= >,3o9x_B_A,2.0999
134,35.1,ASP, ,OD2,31.15,1000.00,0.0,2.44,1.0,<Residue ASP het=  resseq=17 icode= >,3o9x_B_A,2.0999
135,0.0,ILE, ,N,28.21,16.31,0.0,3.29,1.0,<Residue ILE het=  resseq=18 icode= >,3o9x_B_A,2.0999
136,0.0,ILE, ,CA,28.11,15.12,0.0,2.70,1.0,<Residue ILE het=  resseq=18 icode= >,3o9x_B_A,2.0999
137,0.0,ILE, ,C,26.99,13.92,0.0,4.08,1.0,<Residue ILE het=  resseq=18 icode= >,3o9x_B_A,2.0999
138,0.0,ILE, ,O,26.58,13.44,0.0,3.49,1.0,<Residue ILE het=  resseq=18 icode= >,3o9x_B_A,2.0999
139,0.0,ILE, ,CB,26.33,14.74,0.0,2.51,1.0,<Residue ILE het=  resseq=18 icode= >,3o9x_B_A,2.0999
140,0.696,ILE, ,CG1,28.73,15.94,0.0,2.51,1.0,<Residue ILE het=  resseq=18 icode= >,3o9x_B_A,2.0999
141,18.461,ILE, ,CG2,33.9,13.47,0.0,2.32,1.0,<Residue ILE het=  resseq=18 icode= >,3o9x_B_A,2.0999
142,24.27,ILE, ,CD1,29.67,16.20,0.0,1.48,1.0,<Residue ILE het=  resseq=18 icode= >,3o9x_B_A,2.0999
143,0.0,PRO, ,N,25.59,13.54,0.0,3.92,1.0,<Residue PRO het=  resseq=19 icode= >,3o9x_B_A,2.0999
144,0.0,PRO, ,CA,27.97,12.40,0.0,2.45,1.0,<Residue PRO het=  resseq=19 icode= >,3o9x_B_A,2.0999
145,1.026,PRO, ,C,27.3,11.13,0.0,3.81,1.0,<Residue PRO het=  resseq=19 icode= >,3o9x_B_A,2.0999
146,11.586,PRO, ,O,25.3,11.12,0.0,2.89,1.0,<Residue PRO het=  resseq=19 icode= >,3o9x_B_A,2.0999
147,31.876,PRO, ,CB,28.48,12.12,0.0,1.98,1.0,<Residue PRO het=  resseq=19 icode= >,3o9x_B_A,2.0999
148,39.916,PRO, ,CG,29.72,13.10,0.0,1.49,1.0,<Residue PRO het=  resseq=19 icode= >,3o9x_B_A,2.0999
149,19.133,PRO, ,CD,27.26,13.61,0.0,2.51,1.0,<Residue PRO het=  resseq=19 icode= >,3o9x_B_A,2.0999
150,1.023,TYR, ,N,28.17,10.20,0.0,3.40,1.0,<Residue TYR het=  resseq=20 icode= >,3o9x_B_A,2.0999
151,4.563,TYR, ,CA,25.86,8.95,0.0,2.71,1.0,<Residue TYR het=  resseq=20 icode= >,3o9x_B_A,2.0999
152,0.019,TYR, ,C,28.15,7.93,0.0,2.73,1.0,<Residue TYR het=  resseq=20 icode= >,3o9x_B_A,2.0999
153,0.063,TYR, ,O,28.27,8.42,0.0,3.43,1.0,<Residue TYR het=  resseq=20 icode= >,3o9x_B_A,2.0999
154,0.0,TYR, ,CB,24.25,9.32,0.0,3.18,1.0,<Residue TYR het=  resseq=20 icode= >,3o9x_B_A,2.0999
155,0.0,TYR, ,CG,27.8,8.37,0.0,2.61,1.0,<Residue TYR het=  resseq=20 icode= >,3o9x_B_A,2.0999
156,11.634,TYR, ,CD1,30.02,8.18,0.0,1.85,1.0,<Residue TYR het=  resseq=20 icode= >,3o9x_B_A,2.0999
157,0.0,TYR, ,CD2,25.75,7.69,0.0,2.78,1.0,<Residue TYR het=  resseq=20 icode= >,3o9x_B_A,2.0999
158,24.447,TYR, ,CE1,27.88,7.36,0.0,1.89,1.0,<Residue TYR het=  resseq=20 icode= >,3o9x_B_A,2.0999
159,0.0,TYR, ,CE2,24.79,7.07,0.0,2.21,1.0,<Residue TYR het=  resseq=20 icode= >,3o9x_B_A,2.0999
160,0.813,TYR, ,CZ,25.78,6.88,0.0,3.22,1.0,<Residue TYR het=  resseq=20 icode= >,3o9x_B_A,2.0999
161,9.627,TYR, ,OH,28.51,6.35,0.0,2.62,1.0,<Residue TYR het=  resseq=20 icode= >,3o9x_B_A,2.0999
162,4.696,THR, ,N,26.14,6.68,0.0,2.75,1.0,<Residue THR het=  resseq=21 icode= >,3o9x_B_A,2.0999
163,0.0,THR, ,CA,25.29,5.73,0.0,3.48,1.0,<Residue THR het=  resseq=21 icode= >,3o9x_B_A,2.0999
164,0.0,THR, ,C,27.53,4.44,0.0,4.00,1.0,<Residue THR het=  resseq=21 icode= >,3o9x_B_A,2.0999
165,17.883,THR, ,O,25.19,4.00,6.647,3.25,1.0,<Residue THR het=  resseq=21 icode= >,3o9x_B_A,2.0999
166,15.624,THR, ,CB,29.17,5.70,0.0,3.63,1.0,<Residue THR het=  resseq=21 icode= >,3o9x_B_A,2.0999
167,20.007,THR, ,OG1,32.53,7.10,0.0,2.69,1.0,<Residue THR het=  resseq=21 icode= >,3o9x_B_A,2.0999
168,29.795,THR, ,CG2,26.74,5.06,2.131,1.14,1.0,<Residue THR het=  resseq=21 icode= >,3o9x_B_A,2.0999
169,0.0,PHE, ,N,28.24,4.26,0.0,3.02,1.0,<Residue PHE het=  resseq=22 icode= >,3o9x_B_A,2.0999
170,2.456,PHE, ,CA,26.33,3.40,2.456,2.39,1.0,<Residue PHE het=  resseq=22 icode= >,3o9x_B_A,2.0999
171,0.0,PHE, ,C,29.93,3.56,0.0,3.23,1.0,<Residue PHE het=  resseq=22 icode= >,3o9x_B_A,2.0999
172,0.0,PHE, ,O,24.09,4.76,0.0,3.06,1.0,<Residue PHE het=  resseq=22 icode= >,3o9x_B_A,2.0999
173,0.0,PHE, ,CB,25.69,4.39,0.0,2.43,1.0,<Residue PHE het=  resseq=22 icode= >,3o9x_B_A,2.0999
174,0.0,PHE, ,CG,23.76,4.39,0.0,3.59,1.0,<Residue PHE het=  resseq=22 icode= >,3o9x_B_A,2.0999
175,7.466,PHE, ,CD1,23.68,3.75,7.353,2.56,1.0,<Residue PHE het=  resseq=22 icode= >,3o9x_B_A,2.0999
176,0.0,PHE, ,CD2,24.35,5.52,0.0,2.59,1.0,<Residue PHE het=  resseq=22 icode= >,3o9x_B_A,2.0999
177,14.617,PHE, ,CE1,22.43,3.90,14.295,2.41,1.0,<Residue PHE het=  resseq=22 icode= >,3o9x_B_A,2.0999
178,0.0,PHE, ,CE2,25.38,4.66,0.0,2.68,1.0,<Residue PHE het=  resseq=22 icode= >,3o9x_B_A,2.0999
179,4.043,PHE, ,CZ,23.0,3.76,4.043,3.01,1.0,<Residue PHE het=  resseq=22 icode= >,3o9x_B_A,2.0999
180,8.431,ARG, ,N,24.02,2.80,8.431,3.40,1.0,<Residue ARG het=  resseq=23 icode= >,3o9x_B_A,2.0999
181,15.525,ARG, ,CA,28.09,3.79,7.265,2.20,1.0,<Residue ARG het=  resseq=23 icode= >,3o9x_B_A,2.0999
182,4.778,ARG, ,C,28.95,4.78,0.0,2.71,1.0,<Residue ARG het=  resseq=23 icode= >,3o9x_B_A,2.0999
183,15.294,ARG, ,O,26.56,5.97,0.0,2.67,1.0,<Residue ARG het=  resseq=23 icode= >,3o9x_B_A,2.0999
184,4.713,ARG, ,CB,25.7,4.78,0.0,1.88,1.0,<Residue ARG het=  resseq=23 icode= >,3o9x_B_A,2.0999
185,4.335,ARG, ,CG,26.22,4.10,4.335,1.59,1.0,<Residue ARG het=  resseq=23 icode= >,3o9x_B_A,2.0999
186,0.531,ARG, ,CD,25.34,3.64,0.0,2.44,1.0,<Residue ARG het=  resseq=23 icode= >,3o9x_B_A,2.0999
187,7.407,ARG, ,NE,29.2,4.13,0.0,3.25,1.0,<Residue ARG het=  resseq=23 icode= >,3o9x_B_A,2.0999
188,2.074,ARG, ,CZ,26.24,3.87,0.145,3.68,1.0,<Residue ARG het=  resseq=23 icode= >,3o9x_B_A,2.0999
189,35.187,ARG, ,NH1,23.71,2.71,30.925,2.18,1.0,<Residue ARG het=  resseq=23 icode= >,3o9x_B_A,2.0999
190,45.064,ARG, ,NH2,29.94,3.74,22.053,2.11,1.0,<Residue ARG het=  resseq=23 icode= >,3o9x_B_A,2.0999
191,6.25,GLY, ,N,30.37,4.58,0.536,2.12,1.0,<Residue GLY het=  resseq=24 icode= >,3o9x_B_A,2.0999
192,32.444,GLY, ,CA,29.85,5.86,0.0,1.41,1.0,<Residue GLY het=  resseq=24 icode= >,3o9x_B_A,2.0999
193,1.17,GLY, ,C,29.66,6.74,0.0,3.23,1.0,<Residue GLY het=  resseq=24 icode= >,3o9x_B_A,2.0999
194,28.522,GLY, ,O,28.53,7.81,0.0,2.41,1.0,<Residue GLY het=  resseq=24 icode= >,3o9x_B_A,2.0999
195,0.0,ARG, ,N,30.92,6.57,0.0,3.01,1.0,<Residue ARG het=  resseq=25 icode= >,3o9x_B_A,2.0999
196,3.077,ARG, ,CA,29.98,7.70,0.0,3.59,1.0,<Residue ARG het=  resseq=25 icode= >,3o9x_B_A,2.0999
197,0.0,ARG, ,C,27.37,7.66,0.0,3.70,1.0,<Residue ARG het=  resseq=25 icode= >,3o9x_B_A,2.0999
198,0.0,ARG, ,O,25.57,6.83,0.0,3.00,1.0,<Residue ARG het=  resseq=25 icode= >,3o9x_B_A,2.0999
199,2.637,ARG, ,CB,26.14,8.17,0.0,2.01,1.0,<Residue ARG het=  resseq=25 icode= >,3o9x_B_A,2.0999
200,19.799,ARG, ,CG,30.48,9.12,0.0,1.65,1.0,<Residue ARG het=  resseq=25 icode= >,3o9x_B_A,2.0999
201,24.293,ARG, ,CD,28.32,8.56,0.0,0.94,1.0,<Residue ARG het=  resseq=25 icode= >,3o9x_B_A,2.0999
202,5.919,LYS, ,N,28.36,8.80,0.0,2.55,1.0,<Residue LYS het=  resseq=26 icode= >,3o9x_B_A,2.0999
203,0.0,LYS, ,CA,27.3,9.21,0.0,2.38,1.0,<Residue LYS het=  resseq=26 icode= >,3o9x_B_A,2.0999
204,0.953,LYS, ,C,29.49,10.34,0.0,3.42,1.0,<Residue LYS het=  resseq=26 icode= >,3o9x_B_A,2.0999
205,26.2,LYS, ,O,32.29,11.19,0.0,2.76,1.0,<Residue LYS het=  resseq=26 icode= >,3o9x_B_A,2.0999
206,52.003,LYS, ,CB,29.74,9.86,0.0,1.38,1.0,<Residue LYS het=  resseq=26 icode= >,3o9x_B_A,2.0999
207,0.086,THR, ,N,27.53,10.50,0.0,3.33,1.0,<Residue THR het=  resseq=27 icode= >,3o9x_B_A,2.0999
208,8.145,THR, ,CA,25.31,11.71,0.0,2.54,1.0,<Residue THR het=  resseq=27 icode= >,3o9x_B_A,2.0999
209,0.0,THR, ,C,27.87,12.27,0.0,3.24,1.0,<Residue THR het=  resseq=27 icode= >,3o9x_B_A,2.0999
210,1.9,THR, ,O,27.24,11.73,0.0,2.28,1.0,<Residue THR het=  resseq=27 icode= >,3o9x_B_A,2.0999
211,2.213,THR, ,CB,25.39,11.61,0.0,2.80,1.0,<Residue THR het=  resseq=27 icode= >,3o9x_B_A,2.0999
212,24.06,THR, ,OG1,29.6,12.97,0.0,2.55,1.0,<Residue THR het=  resseq=27 icode= >,3o9x_B_A,2.0999
213,0.02,THR, ,CG2,23.0,11.02,0.0,1.57,1.0,<Residue THR het=  resseq=27 icode= >,3o9x_B_A,2.0999
214,3.303,VAL, ,N,27.56,13.51,0.0,3.33,1.0,<Residue VAL het=  resseq=28 icode= >,3o9x_B_A,2.0999
215,0.0,VAL, ,CA,27.21,14.26,0.0,2.68,1.0,<Residue VAL het=  resseq=28 icode= >,3o9x_B_A,2.0999
216,0.0,VAL, ,C,27.02,14.82,0.0,4.18,1.0,<Residue VAL het=  resseq=28 icode= >,3o9x_B_A,2.0999
217,10.096,VAL, ,O,30.0,15.56,0.0,3.26,1.0,<Residue VAL het=  resseq=28 icode= >,3o9x_B_A,2.0999
218,4.911,VAL, ,CB,30.07,15.52,0.0,2.31,1.0,<Residue VAL het=  resseq=28 icode= >,3o9x_B_A,2.0999
219,8.119,VAL, ,CG1,27.3,16.35,0.0,2.13,1.0,<Residue VAL het=  resseq=28 icode= >,3o9x_B_A,2.0999
220,49.686,VAL, ,CG2,29.42,15.25,0.0,1.84,1.0,<Residue VAL het=  resseq=28 icode= >,3o9x_B_A,2.0999
221,0.0,LEU, ,N,26.56,14.60,0.0,3.10,1.0,<Residue LEU het=  resseq=29 icode= >,3o9x_B_A,2.0999
222,1.076,LEU, ,CA,30.5,15.40,0.0,2.18,1.0,<Residue LEU het=  resseq=29 icode= >,3o9x_B_A,2.0999
223,0.0,LEU, ,C,27.75,16.73,0.0,3.23,1.0,<Residue LEU het=  resseq=29 icode= >,3o9x_B_A,2.0999
224,0.0,LEU, ,O,26.55,16.85,0.0,2.46,1.0,<Residue LEU het=  resseq=29 icode= >,3o9x_B_A,2.0999
225,0.0,LEU, ,CB,30.06,14.77,0.0,0.66,1.0,<Residue LEU het=  resseq=29 icode= >,3o9x_B_A,2.0999
226,0.0,LEU, ,CG,31.57,13.35,0.0,1.80,1.0,<Residue LEU het=  resseq=29 icode= >,3o9x_B_A,2.0999
227,0.0,LEU, ,CD1,25.6,12.84,0.0,1.49,1.0,<Residue LEU het=  resseq=29 icode= >,3o9x_B_A,2.0999
228,10.202,LEU, ,CD2,27.5,13.47,0.0,1.67,1.0,<Residue LEU het=  resseq=29 icode= >,3o9x_B_A,2.0999
229,3.615,LYS, ,N,30.84,17.80,0.0,2.52,1.0,<Residue LYS het=  resseq=30 icode= >,3o9x_B_A,2.0999
230,0.0,LYS, ,CA,29.65,19.05,0.0,1.99,1.0,<Residue LYS het=  resseq=30 icode= >,3o9x_B_A,2.0999
231,0.866,LYS, ,C,28.7,20.09,0.0,3.01,1.0,<Residue LYS het=  resseq=30 icode= >,3o9x_B_A,2.0999
232,14.996,LYS, ,O,30.09,20.27,0.0,2.53,1.0,<Residue LYS het=  resseq=30 icode= >,3o9x_B_A,2.0999
233,19.577,LYS, ,CB,33.27,19.72,0.0,1.17,1.0,<Residue LYS het=  resseq=30 icode= >,3o9x_B_A,2.0999
234,1.465,LYS, ,CG,29.37,18.92,0.0,2.12,1.0,<Residue LYS het=  resseq=30 icode= >,3o9x_B_A,2.0999
235,68.549,LYS, ,CD,37.78,19.54,0.0,1.28,1.0,<Residue LYS het=  resseq=30 icode= >,3o9x_B_A,2.0999
236,0.59,GLY, ,N,31.01,1000.00,0.0,2.27,1.0,<Residue GLY het=  resseq=31 icode= >,3o9x_B_A,2.0999
237,16.948,GLY, ,CA,24.85,1000.00,0.0,2.05,1.0,<Residue GLY het=  resseq=31 icode= >,3o9x_B_A,2.0999
238,0.026,GLY, ,C,25.76,1000.00,0.0,4.57,1.0,<Residue GLY het=  resseq=31 icode= >,3o9x_B_A,2.0999
239,11.203,GLY, ,O,26.9,1000.00,0.0,3.21,1.0,<Residue GLY het=  resseq=31 icode= >,3o9x_B_A,2.0999
240,0.0,ILE, ,N,28.98,1000.00,0.0,3.89,1.0,<Residue ILE het=  resseq=32 icode= >,3o9x_B_A,2.0999
241,1.68,ILE, ,CA,29.28,1000.00,0.0,2.83,1.0,<Residue ILE het=  resseq=32 icode= >,3o9x_B_A,2.0999
242,0.0,ILE, ,C,25.93,1000.00,0.0,3.93,1.0,<Residue ILE het=  resseq=32 icode= >,3o9x_B_A,2.0999
243,0.0,ILE, ,O,28.4,1000.00,0.0,3.51,1.0,<Residue ILE het=  resseq=32 icode= >,3o9x_B_A,2.0999
244,0.0,ILE, ,CB,27.86,1000.00,0.0,2.58,1.0,<Residue ILE het=  resseq=32 icode= >,3o9x_B_A,2.0999
245,0.0,ILE, ,CG1,24.83,1000.00,0.0,1.96,1.0,<Residue ILE het=  resseq=32 icode= >,3o9x_B_A,2.0999
246,4.492,ILE, ,CG2,23.3,1000.00,0.0,1.81,1.0,<Residue ILE het=  resseq=32 icode= >,3o9x_B_A,2.0999
247,4.503,ILE, ,CD1,29.71,1000.00,0.0,2.04,1.0,<Residue ILE het=  resseq=32 icode= >,3o9x_B_A,2.0999
248,3.966,HIS, ,N,22.46,1000.00,0.0,3.80,1.0,<Residue HIS het=  resseq=33 icode= >,3o9x_B_A,2.0999
249,0.0,HIS, ,CA,26.05,1000.00,0.0,2.53,1.0,<Residue HIS het=  resseq=33 icode= >,3o9x_B_A,2.0999
250,0.0,HIS, ,C,25.47,1000.00,0.0,3.47,1.0,<Residue HIS het=  resseq=33 icode= >,3o9x_B_A,2.0999
251,0.158,HIS, ,O,19.55,1000.00,0.0,4.17,1.0,<Residue HIS het=  resseq=33 icode= >,3o9x_B_A,2.0999
252,8.667,HIS, ,CB,25.86,1000.00,0.0,1.89,1.0,<Residue HIS het=  resseq=33 icode= >,3o9x_B_A,2.0999
253,3.202,HIS, ,CG,27.16,1000.00,0.0,3.13,1.0,<Residue HIS het=  resseq=33 icode= >,3o9x_B_A,2.0999
254,15.281,HIS, ,ND1,25.85,1000.00,0.0,3.21,1.0,<Residue HIS het=  resseq=33 icode= >,3o9x_B_A,2.0999
255,21.933,HIS, ,CD2,28.14,1000.00,0.0,3.28,1.0,<Residue HIS het=  resseq=33 icode= >,3o9x_B_A,2.0999
256,33.856,HIS, ,CE1,26.02,1000.00,0.0,2.88,1.0,<Residue HIS het=  resseq=33 icode= >,3o9x_B_A,2.0999
257,26.108,HIS, ,NE2,31.16,1000.00,0.0,3.25,1.0,<Residue HIS het=  resseq=33 icode= >,3o9x_B_A,2.0999
258,0.879,GLY, ,N,25.29,1000.00,0.0,3.38,1.0,<Residue GLY het=  resseq=34 icode= >,3o9x_B_A,2.0999
259,0.0,GLY, ,CA,22.95,1000.00,0.0,2.70,1.0,<Residue GLY het=  resseq=34 icode= >,3o9x_B_A,2.0999
260,2.234,GLY, ,C,26.84,1000.00,0.0,3.55,1.0,<Residue GLY het=  resseq=34 icode= >,3o9x_B_A,2.0999
261,0.581,GLY, ,O,27.54,1000.00,0.0,2.53,1.0,<Residue GLY het=  resseq=34 icode= >,3o9x_B_A,2.0999
262,0.353,LEU, ,N,26.07,1000.00,0.0,3.50,1.0,<Residue LEU het=  resseq=35 icode= >,3o9x_B_A,2.0999
263,0.0,LEU, ,CA,22.96,1000.00,0.0,3.61,1.0,<Residue LEU het=  resseq=35 icode= >,3o9x_B_A,2.0999
264,0.0,LEU, ,C,25.73,1000.00,0.0,4.60,1.0,<Residue LEU het=  resseq=35 icode= >,3o9x_B_A,2.0999
265,0.0,LEU, ,O,27.67,1000.00,0.0,3.50,1.0,<Residue LEU het=  resseq=35 icode= >,3o9x_B_A,2.0999
266,0.0,LEU, ,CB,28.22,1000.00,0.0,2.42,1.0,<Residue LEU het=  resseq=35 icode= >,3o9x_B_A,2.0999
267,7.96,LEU, ,CG,28.96,1000.00,0.0,2.72,1.0,<Residue LEU het=  resseq=35 icode= >,3o9x_B_A,2.0999
268,27.166,LEU, ,CD1,34.71,1000.00,0.0,0.96,1.0,<Residue LEU het=  resseq=35 icode= >,3o9x_B_A,2.0999
269,19.002,LEU, ,CD2,26.94,1000.00,0.0,1.41,1.0,<Residue LEU het=  resseq=35 icode= >,3o9x_B_A,2.0999
270,0.0,TYR, ,N,25.19,1000.00,0.0,3.55,1.0,<Residue TYR het=  resseq=36 icode= >,3o9x_B_A,2.0999
271,0.0,TYR, ,CA,23.98,1000.00,0.0,3.08,1.0,<Residue TYR het=  resseq=36 icode= >,3o9x_B_A,2.0999
272,0.0,TYR, ,C,23.97,1000.00,0.0,3.96,1.0,<Residue TYR het=  resseq=36 icode= >,3o9x_B_A,2.0999
273,1.451,TYR, ,O,25.11,1000.00,0.0,3.16,1.0,<Residue TYR het=  resseq=36 icode= >,3o9x_B_A,2.0999
274,11.821,TYR, ,CB,24.26,1000.00,0.0,2.24,1.0,<Residue TYR het=  resseq=36 icode= >,3o9x_B_A,2.0999
275,0.109,TYR, ,CG,27.47,1000.00,0.0,2.59,1.0,<Residue TYR het=  resseq=36 icode= >,3o9x_B_A,2.0999
276,0.401,TYR, ,CD1,22.84,1000.00,0.0,2.27,1.0,<Residue TYR het=  resseq=36 icode= >,3o9x_B_A,2.0999
277,3.351,TYR, ,CD2,24.49,1000.00,0.0,2.27,1.0,<Residue TYR het=  resseq=36 icode= >,3o9x_B_A,2.0999
278,1.946,TYR, ,CE1,25.32,1000.00,0.0,2.63,1.0,<Residue TYR het=  resseq=36 icode= >,3o9x_B_A,2.0999
279,0.0,TYR, ,CE2,25.7,1000.00,0.0,2.09,1.0,<Residue TYR het=  resseq=36 icode= >,3o9x_B_A,2.0999
280,0.0,TYR, ,CZ,24.36,1000.00,0.0,3.58,1.0,<Residue TYR het=  resseq=36 icode= >,3o9x_B_A,2.0999
281,0.638,TYR, ,OH,24.67,1000.00,0.0,3.11,1.0,<Residue TYR het=  resseq=36 icode= >,3o9x_B_A,2.0999
282,0.005,CYS, ,N,24.72,1000.00,0.0,4.05,1.0,<Residue CYS het=  resseq=37 icode= >,3o9x_B_A,2.0999
283,0.0,CYS, ,CA,26.17,1000.00,0.0,3.03,1.0,<Residue CYS het=  resseq=37 icode= >,3o9x_B_A,2.0999
284,0.351,CYS, ,C,30.93,1000.00,0.0,3.65,1.0,<Residue CYS het=  resseq=37 icode= >,3o9x_B_A,2.0999
285,7.266,CYS, ,O,28.97,1000.00,0.0,3.80,1.0,<Residue CYS het=  resseq=37 icode= >,3o9x_B_A,2.0999
286,0.0,CYS, ,CB,27.93,1000.00,0.0,2.44,1.0,<Residue CYS het=  resseq=37 icode= >,3o9x_B_A,2.0999
287,0.0,CYS, ,SG,25.7,1000.00,0.0,6.48,1.0,<Residue CYS het=  resseq=37 icode= >,3o9x_B_A,2.0999
288,0.0,VAL, ,N,30.09,1000.00,0.0,2.44,1.0,<Residue VAL het=  resseq=38 icode= >,3o9x_B_A,2.0999
289,8.299,VAL, ,CA,27.59,1000.00,0.0,2.03,1.0,<Residue VAL het=  resseq=38 icode= >,3o9x_B_A,2.0999
290,0.09,VAL, ,C,25.94,1000.00,0.0,3.47,1.0,<Residue VAL het=  resseq=38 icode= >,3o9x_B_A,2.0999
291,25.005,VAL, ,O,25.73,1000.00,0.0,3.11,1.0,<Residue VAL het=  resseq=38 icode= >,3o9x_B_A,2.0999
292,0.63,VAL, ,CB,22.7,1000.00,0.0,2.60,1.0,<Residue VAL het=  resseq=38 icode= >,3o9x_B_A,2.0999
293,50.261,VAL, ,CG1,24.86,1000.00,0.0,1.51,1.0,<Residue VAL het=  resseq=38 icode= >,3o9x_B_A,2.0999
294,27.881,VAL, ,CG2,22.82,1000.00,0.0,2.54,1.0,<Residue VAL het=  resseq=38 icode= >,3o9x_B_A,2.0999
295,0.0,HIS, ,N,30.55,1000.00,0.0,3.49,1.0,<Residue HIS het=  resseq=39 icode= >,3o9x_B_A,2.0999
296,4.39,HIS, ,CA,31.5,1000.00,0.0,2.88,1.0,<Residue HIS het=  resseq=39 icode= >,3o9x_B_A,2.0999
297,0.866,HIS, ,C,31.3,1000.00,0.0,3.80,1.0,<Residue HIS het=  resseq=39 icode= >,3o9x_B_A,2.0999
298,25.632,HIS, ,O,32.62,1000.00,0.0,3.38,1.0,<Residue HIS het=  resseq=39 icode= >,3o9x_B_A,2.0999
299,1.014,HIS, ,CB,31.8,1000.00,0.0,2.07,1.0,<Residue HIS het=  resseq=39 icode= >,3o9x_B_A,2.0999
300,0.0,HIS, ,CG,37.77,1000.00,0.0,2.51,1.0,<Residue HIS het=  resseq=39 icode= >,3o9x_B_A,2.0999
301,0.374,HIS, ,ND1,40.97,1000.00,0.0,1.82,1.0,<Residue HIS het=  resseq=39 icode= >,3o9x_B_A,2.0999
302,23.885,HIS, ,CD2,38.72,1000.00,0.0,1.92,1.0,<Residue HIS het=  resseq=39 icode= >,3o9x_B_A,2.0999
303,31.69,HIS, ,CE1,38.85,1000.00,0.0,1.88,1.0,<Residue HIS het=  resseq=39 icode= >,3o9x_B_A,2.0999
304,19.717,HIS, ,NE2,42.45,1000.00,0.0,1.91,1.0,<Residue HIS het=  resseq=39 icode= >,3o9x_B_A,2.0999
305,0.0,CYS, ,N,31.58,1000.00,0.0,2.67,1.0,<Residue CYS het=  resseq=40 icode= >,3o9x_B_A,2.0999
306,6.118,CYS, ,CA,31.65,1000.00,0.0,2.36,1.0,<Residue CYS het=  resseq=40 icode= >,3o9x_B_A,2.0999
307,1.541,CYS, ,C,30.78,1000.00,0.0,3.49,1.0,<Residue CYS het=  resseq=40 icode= >,3o9x_B_A,2.0999
308,4.037,CYS, ,O,29.51,1000.00,0.0,3.46,1.0,<Residue CYS het=  resseq=40 icode= >,3o9x_B_A,2.0999
309,20.596,CYS, ,CB,33.34,1000.00,0.0,2.08,1.0,<Residue CYS het=  resseq=40 icode= >,3o9x_B_A,2.0999
310,2.56,CYS, ,SG,34.77,1000.00,0.0,5.09,1.0,<Residue CYS het=  resseq=40 icode= >,3o9x_B_A,2.0999
311,0.467,GLU, ,N,30.51,17.28,0.0,2.93,1.0,<Residue GLU het=  resseq=41 icode= >,3o9x_B_A,2.0999
312,0.0,GLU, ,CA,32.83,16.56,0.0,2.45,1.0,<Residue GLU het=  resseq=41 icode= >,3o9x_B_A,2.0999
313,1.242,GLU, ,C,35.13,16.91,0.0,3.06,1.0,<Residue GLU het=  resseq=41 icode= >,3o9x_B_A,2.0999
314,13.256,GLU, ,O,36.03,16.58,0.0,2.60,1.0,<Residue GLU het=  resseq=41 icode= >,3o9x_B_A,2.0999
315,26.746,GLU, ,CB,37.58,15.06,0.0,2.28,1.0,<Residue GLU het=  resseq=41 icode= >,3o9x_B_A,2.0999
316,34.407,GLU, ,CG,34.13,14.78,0.0,2.27,1.0,<Residue GLU het=  resseq=41 icode= >,3o9x_B_A,2.0999
317,9.881,GLU, ,CD,35.93,15.32,0.0,2.51,1.0,<Residue GLU het=  resseq=41 icode= >,3o9x_B_A,2.0999
318,16.664,GLU, ,OE1,39.29,15.53,0.0,1.98,1.0,<Residue GLU het=  resseq=41 icode= >,3o9x_B_A,2.0999
319,40.911,GLU, ,OE2,44.63,15.67,0.0,0.94,1.0,<Residue GLU het=  resseq=41 icode= >,3o9x_B_A,2.0999
320,1.842,GLU, ,N,31.85,17.69,0.0,3.11,1.0,<Residue GLU het=  resseq=42 icode= >,3o9x_B_A,2.0999
321,5.301,GLU, ,CA,32.41,18.22,0.0,3.14,1.0,<Residue GLU het=  resseq=42 icode= >,3o9x_B_A,2.0999
322,0.0,GLU, ,C,33.04,18.89,0.0,3.85,1.0,<Residue GLU het=  resseq=42 icode= >,3o9x_B_A,2.0999
323,0.0,GLU, ,O,32.08,19.75,0.0,2.72,1.0,<Residue GLU het=  resseq=42 icode= >,3o9x_B_A,2.0999
324,0.04,GLU, ,CB,34.06,19.30,0.0,1.41,1.0,<Residue GLU het=  resseq=42 icode= >,3o9x_B_A,2.0999
325,0.0,GLU, ,CG,31.47,20.16,0.0,2.05,1.0,<Residue GLU het=  resseq=42 icode= >,3o9x_B_A,2.0999
326,0.633,GLU, ,CD,33.34,19.50,0.0,3.43,1.0,<Residue GLU het=  resseq=42 icode= >,3o9x_B_A,2.0999
327,18.127,GLU, ,OE1,40.15,18.29,0.0,2.12,1.0,<Residue GLU het=  resseq=42 icode= >,3o9x_B_A,2.0999
328,13.09,GLU, ,OE2,33.87,20.21,0.0,2.50,1.0,<Residue GLU het=  resseq=42 icode= >,3o9x_B_A,2.0999
329,3.682,SER, ,N,29.7,17.77,0.0,3.49,1.0,<Residue SER het=  resseq=43 icode= >,3o9x_B_A,2.0999
330,0.0,SER, ,CA,33.62,17.74,0.0,2.53,1.0,<Residue SER het=  resseq=43 icode= >,3o9x_B_A,2.0999
331,0.03,SER, ,C,32.46,16.76,0.0,3.19,1.0,<Residue SER het=  resseq=43 icode= >,3o9x_B_A,2.0999
332,16.136,SER, ,O,32.26,15.74,0.0,2.89,1.0,<Residue SER het=  resseq=43 icode= >,3o9x_B_A,2.0999
333,5.939,SER, ,CB,31.3,17.54,0.0,2.69,1.0,<Residue SER het=  resseq=43 icode= >,3o9x_B_A,2.0999
334,21.816,SER, ,OG,39.37,16.18,0.0,2.10,1.0,<Residue SER het=  resseq=43 icode= >,3o9x_B_A,2.0999
335,0.0,ILE, ,N,31.84,17.18,0.0,2.86,1.0,<Residue ILE het=  resseq=44 icode= >,3o9x_B_A,2.0999
336,3.172,ILE, ,CA,30.66,16.48,0.0,2.27,1.0,<Residue ILE het=  resseq=44 icode= >,3o9x_B_A,2.0999
337,0.0,ILE, ,C,29.27,16.60,0.0,3.23,1.0,<Residue ILE het=  resseq=44 icode= >,3o9x_B_A,2.0999
338,1.446,ILE, ,O,30.0,17.72,0.0,3.05,1.0,<Residue ILE het=  resseq=44 icode= >,3o9x_B_A,2.0999
339,0.0,ILE, ,CB,28.22,17.19,0.0,2.37,1.0,<Residue ILE het=  resseq=44 icode= >,3o9x_B_A,2.0999
340,7.576,ILE, ,CG1,31.94,17.19,0.0,2.05,1.0,<Residue ILE het=  resseq=44 icode= >,3o9x_B_A,2.0999
341,36.277,ILE, ,CG2,30.08,16.68,0.0,2.42,1.0,<Residue ILE het=  resseq=44 icode= >,3o9x_B_A,2.0999
342,6.233,ILE, ,CD1,33.71,18.36,0.0,0.79,1.0,<Residue ILE het=  resseq=44 icode= >,3o9x_B_A,2.0999
343,5.568,MET, ,N,29.66,15.52,0.0,3.35,1.0,<Residue MET het=  resseq=45 icode= >,3o9x_B_A,2.0999
344,0.0,MET, ,CA,27.98,15.71,0.0,3.33,1.0,<Residue MET het=  resseq=45 icode= >,3o9x_B_A,2.0999
345,0.244,MET, ,C,31.62,15.32,0.0,3.84,1.0,<Residue MET het=  resseq=45 icode= >,3o9x_B_A,2.0999
346,16.627,MET, ,O,28.89,14.37,0.0,3.33,1.0,<Residue MET het=  resseq=45 icode= >,3o9x_B_A,2.0999
347,0.41,MET, ,CB,30.4,15.04,0.0,2.80,1.0,<Residue MET het=  resseq=45 icode= >,3o9x_B_A,2.0999
348,0.072,MET, ,CG,31.28,15.58,0.0,1.86,1.0,<Residue MET het=  resseq=45 icode= >,3o9x_B_A,2.0999
349,2.517,MET, ,SD,35.18,14.85,0.0,4.79,1.0,<Residue MET het=  resseq=45 icode= >,3o9x_B_A,2.0999
350,25.867,MET, ,CE,28.92,13.45,0.0,1.90,1.0,<Residue MET het=  resseq=45 icode= >,3o9x_B_A,2.0999
351,2.739,ASN, ,N,29.42,16.18,0.0,3.29,1.0,<Residue ASN het=  resseq=46 icode= >,3o9x_B_A,2.0999
352,11.278,ASN, ,CA,30.76,16.00,0.0,3.29,1.0,<Residue ASN het=  resseq=46 icode= >,3o9x_B_A,2.0999
353,1.444,ASN, ,C,31.99,14.99,0.0,3.38,1.0,<Residue ASN het=  resseq=46 icode= >,3o9x_B_A,2.0999
354,0.0,ASN, ,O,27.7,14.24,0.0,3.94,1.0,<Residue ASN het=  resseq=46 icode= >,3o9x_B_A,2.0999
355,30.834,ASN, ,CB,31.69,17.37,0.0,2.06,1.0,<Residue ASN het=  resseq=46 icode= >,3o9x_B_A,2.0999
356,0.559,ASN, ,CG,30.7,17.59,0.0,3.68,1.0,<Residue ASN het=  resseq=46 icode= >,3o9x_B_A,2.0999
357,0.0,ASN, ,OD1,35.91,16.69,0.0,2.66,1.0,<Residue ASN het=  resseq=46 icode= >,3o9x_B_A,2.0999
358,35.016,ASN, ,ND2,36.15,18.77,0.0,1.45,1.0,<Residue ASN het=  resseq=46 icode= >,3o9x_B_A,2.0999
359,6.747,LYS, ,N,28.57,14.79,0.0,2.74,1.0,<Residue LYS het=  resseq=47 icode= >,3o9x_B_A,2.0999
360,6.369,LYS, ,CA,32.26,13.57,0.0,2.77,1.0,<Residue LYS het=  resseq=47 icode= >,3o9x_B_A,2.0999
361,0.0,LYS, ,C,29.86,13.45,0.0,3.49,1.0,<Residue LYS het=  resseq=47 icode= >,3o9x_B_A,2.0999
362,0.0,LYS, ,O,34.39,12.44,0.0,2.67,1.0,<Residue LYS het=  resseq=47 icode= >,3o9x_B_A,2.0999
363,62.119,LYS, ,CB,36.04,13.59,0.0,1.66,1.0,<Residue LYS het=  resseq=47 icode= >,3o9x_B_A,2.0999
364,3.411,GLU, ,N,31.93,14.56,0.0,2.47,1.0,<Residue GLU het=  resseq=48 icode= >,3o9x_B_A,2.0999
365,6.888,GLU, ,CA,30.57,14.74,0.0,2.66,1.0,<Residue GLU het=  resseq=48 icode= >,3o9x_B_A,2.0999
366,0.0,GLU, ,C,30.4,14.54,0.0,4.54,1.0,<Residue GLU het=  resseq=48 icode= >,3o9x_B_A,2.0999
367,1.869,GLU, ,O,29.8,14.07,0.0,4.26,1.0,<Residue GLU het=  resseq=48 icode= >,3o9x_B_A,2.0999
368,17.98,GLU, ,CB,34.45,16.16,0.0,2.28,1.0,<Residue GLU het=  resseq=48 icode= >,3o9x_B_A,2.0999
369,32.322,GLU, ,CG,35.17,16.62,0.0,2.08,1.0,<Residue GLU het=  resseq=48 icode= >,3o9x_B_A,2.0999
370,8.297,GLU, ,CD,44.68,17.83,0.0,1.85,1.0,<Residue GLU het=  resseq=48 icode= >,3o9x_B_A,2.0999
371,27.892,GLU, ,OE1,44.1,18.80,0.0,1.60,1.0,<Residue GLU het=  resseq=48 icode= >,3o9x_B_A,2.0999
372,27.51,GLU, ,OE2,44.5,17.87,0.0,1.41,1.0,<Residue GLU het=  resseq=48 icode= >,3o9x_B_A,2.0999
373,0.0,GLU, ,N,31.42,15.01,0.0,3.72,1.0,<Residue GLU het=  resseq=49 icode= >,3o9x_B_A,2.0999
374,2.633,GLU, ,CA,29.75,15.02,0.0,2.87,1.0,<Residue GLU het=  resseq=49 icode= >,3o9x_B_A,2.0999
375,0.0,GLU, ,C,27.16,13.69,0.0,4.34,1.0,<Residue GLU het=  resseq=49 icode= >,3o9x_B_A,2.0999
376,1.03,GLU, ,O,29.86,13.47,0.0,3.32,1.0,<Residue GLU het=  resseq=49 icode= >,3o9x_B_A,2.0999
377,0.477,GLU, ,CB,28.68,16.05,0.0,2.40,1.0,<Residue GLU het=  resseq=49 icode= >,3o9x_B_A,2.0999
378,3.392,GLU, ,CG,30.71,17.46,0.0,1.95,1.0,<Residue GLU het=  resseq=49 icode= >,3o9x_B_A,2.0999
379,0.683,GLU, ,CD,29.82,18.46,0.0,3.90,1.0,<Residue GLU het=  resseq=49 icode= >,3o9x_B_A,2.0999
380,3.269,GLU, ,OE1,27.94,18.11,0.0,3.51,1.0,<Residue GLU het=  resseq=49 icode= >,3o9x_B_A,2.0999
381,18.977,GLU, ,OE2,30.43,19.66,0.0,2.91,1.0,<Residue GLU het=  resseq=49 icode= >,3o9x_B_A,2.0999
382,0.0,SER, ,N,28.48,12.96,0.0,3.16,1.0,<Residue SER het=  resseq=50 icode= >,3o9x_B_A,2.0999
383,0.0,SER, ,CA,32.59,11.66,0.0,2.77,1.0,<Residue SER het=  resseq=50 icode= >,3o9x_B_A,2.0999
384,0.0,SER, ,C,29.36,10.70,0.0,3.21,1.0,<Residue SER het=  resseq=50 icode= >,3o9x_B_A,2.0999
385,0.0,SER, ,O,31.03,10.12,0.0,2.93,1.0,<Residue SER het=  resseq=50 icode= >,3o9x_B_A,2.0999
386,12.439,SER, ,CB,32.1,11.19,0.0,2.56,1.0,<Residue SER het=  resseq=50 icode= >,3o9x_B_A,2.0999
387,18.083,SER, ,OG,39.36,11.57,0.0,1.27,1.0,<Residue SER het=  resseq=50 icode= >,3o9x_B_A,2.0999
388,0.0,ASP, ,N,31.5,10.73,0.0,2.86,1.0,<Residue ASP het=  resseq=51 icode= >,3o9x_B_A,2.0999
389,3.034,ASP, ,CA,28.79,10.04,0.0,2.97,1.0,<Residue ASP het=  resseq=51 icode= >,3o9x_B_A,2.0999
390,1.029,ASP, ,C,31.0,10.56,0.0,3.35,1.0,<Residue ASP het=  resseq=51 icode= >,3o9x_B_A,2.0999
391,2.751,ASP, ,O,35.27,9.90,0.0,2.65,1.0,<Residue ASP het=  resseq=51 icode= >,3o9x_B_A,2.0999
392,21.415,ASP, ,CB,30.61,10.37,0.0,2.93,1.0,<Residue ASP het=  resseq=51 icode= >,3o9x_B_A,2.0999
393,8.081,ASP, ,CG,34.55,9.81,0.0,3.13,1.0,<Residue ASP het=  resseq=51 icode= >,3o9x_B_A,2.0999
394,21.662,ASP, ,OD1,34.33,9.21,0.0,2.65,1.0,<Residue ASP het=  resseq=51 icode= >,3o9x_B_A,2.0999
395,32.521,ASP, ,OD2,37.67,10.19,0.0,2.09,1.0,<Residue ASP het=  resseq=51 icode= >,3o9x_B_A,2.0999
396,0.977,ALA, ,N,28.84,11.88,0.0,3.52,1.0,<Residue ALA het=  resseq=52 icode= >,3o9x_B_A,2.0999
397,9.431,ALA, ,CA,26.41,12.66,0.0,3.44,1.0,<Residue ALA het=  resseq=52 icode= >,3o9x_B_A,2.0999
398,0.0,ALA, ,C,30.03,12.34,0.0,4.55,1.0,<Residue ALA het=  resseq=52 icode= >,3o9x_B_A,2.0999
399,1.637,ALA, ,O,28.03,12.37,0.0,3.75,1.0,<Residue ALA het=  resseq=52 icode= >,3o9x_B_A,2.0999
400,40.296,ALA, ,CB,31.6,14.12,0.0,2.11,1.0,<Residue ALA het=  resseq=52 icode= >,3o9x_B_A,2.0999
401,0.297,PHE, ,N,27.77,12.24,0.0,3.66,1.0,<Residue PHE het=  resseq=53 icode= >,3o9x_B_A,2.0999
402,0.406,PHE, ,CA,29.44,12.23,0.0,2.60,1.0,<Residue PHE het=  resseq=53 icode= >,3o9x_B_A,2.0999
403,0.0,PHE, ,C,28.5,10.99,0.0,3.67,1.0,<Residue PHE het=  resseq=53 icode= >,3o9x_B_A,2.0999
404,0.0,PHE, ,O,30.03,11.19,0.0,3.44,1.0,<Residue PHE het=  resseq=53 icode= >,3o9x_B_A,2.0999
405,0.19,PHE, ,CB,24.37,12.57,0.0,2.42,1.0,<Residue PHE het=  resseq=53 icode= >,3o9x_B_A,2.0999
406,0.0,PHE, ,CG,28.46,12.79,0.0,2.83,1.0,<Residue PHE het=  resseq=53 icode= >,3o9x_B_A,2.0999
407,0.0,PHE, ,CD1,26.55,14.00,0.0,2.69,1.0,<Residue PHE het=  resseq=53 icode= >,3o9x_B_A,2.0999
408,1.811,PHE, ,CD2,30.96,11.94,0.0,1.52,1.0,<Residue PHE het=  resseq=53 icode= >,3o9x_B_A,2.0999
409,1.077,PHE, ,CE1,26.75,14.20,0.0,2.53,1.0,<Residue PHE het=  resseq=53 icode= >,3o9x_B_A,2.0999
410,22.477,PHE, ,CE2,32.9,12.39,0.0,2.19,1.0,<Residue PHE het=  resseq=53 icode= >,3o9x_B_A,2.0999
411,10.436,PHE, ,CZ,28.24,13.09,0.0,2.83,1.0,<Residue PHE het=  resseq=53 icode= >,3o9x_B_A,2.0999
412,0.0,MET, ,N,28.11,9.82,0.0,3.18,1.0,<Residue MET het=  resseq=54 icode= >,3o9x_B_A,2.0999
413,0.879,MET, ,CA,29.18,8.58,0.0,2.71,1.0,<Residue MET het=  resseq=54 icode= >,3o9x_B_A,2.0999
414,1.297,MET, ,C,28.53,8.52,0.0,3.87,1.0,<Residue MET het=  resseq=54 icode= >,3o9x_B_A,2.0999
415,2.669,MET, ,O,31.11,8.21,0.0,2.97,1.0,<Residue MET het=  resseq=54 icode= >,3o9x_B_A,2.0999
416,11.842,MET, ,CB,33.71,7.42,0.0,1.95,1.0,<Residue MET het=  resseq=54 icode= >,3o9x_B_A,2.0999
417,10.812,MET, ,CG,32.33,7.79,0.0,2.16,1.0,<Residue MET het=  resseq=54 icode= >,3o9x_B_A,2.0999
418,26.738,MET, ,SD,50.42,6.80,0.0,2.32,1.0,<Residue MET het=  resseq=54 icode= >,3o9x_B_A,2.0999
419,70.935,MET, ,CE,44.88,5.45,5.87,0.69,1.0,<Residue MET het=  resseq=54 icode= >,3o9x_B_A,2.0999
420,0.85,ALA, ,N,26.63,9.12,0.0,3.25,1.0,<Residue ALA het=  resseq=55 icode= >,3o9x_B_A,2.0999
421,6.347,ALA, ,CA,26.73,9.53,0.0,2.92,1.0,<Residue ALA het=  resseq=55 icode= >,3o9x_B_A,2.0999
422,1.499,ALA, ,C,24.73,10.57,0.0,3.73,1.0,<Residue ALA het=  resseq=55 icode= >,3o9x_B_A,2.0999
423,4.02,ALA, ,O,31.08,10.74,0.0,2.82,1.0,<Residue ALA het=  resseq=55 icode= >,3o9x_B_A,2.0999
424,48.89,ALA, ,CB,25.29,10.28,0.0,2.91,1.0,<Residue ALA het=  resseq=55 icode= >,3o9x_B_A,2.0999
425,0.019,GLN, ,N,26.71,11.44,0.0,3.49,1.0,<Residue GLN het=  resseq=56 icode= >,3o9x_B_A,2.0999
426,1.748,GLN, ,CA,28.01,12.52,0.0,3.66,1.0,<Residue GLN het=  resseq=56 icode= >,3o9x_B_A,2.0999
427,0.0,GLN, ,C,26.31,12.14,0.0,4.09,1.0,<Residue GLN het=  resseq=56 icode= >,3o9x_B_A,2.0999
428,1.893,GLN, ,O,25.19,12.72,0.0,4.52,1.0,<Residue GLN het=  resseq=56 icode= >,3o9x_B_A,2.0999
429,0.569,GLN, ,CB,29.8,13.58,0.0,3.52,1.0,<Residue GLN het=  resseq=56 icode= >,3o9x_B_A,2.0999
430,24.543,GLN, ,CG,25.58,14.59,0.0,2.86,1.0,<Residue GLN het=  resseq=56 icode= >,3o9x_B_A,2.0999
431,5.626,GLN, ,CD,30.65,15.83,0.0,2.97,1.0,<Residue GLN het=  resseq=56 icode= >,3o9x_B_A,2.0999
432,13.87,GLN, ,OE1,33.15,16.56,0.0,2.67,1.0,<Residue GLN het=  resseq=56 icode= >,3o9x_B_A,2.0999
433,25.432,GLN, ,NE2,38.18,16.19,0.0,1.33,1.0,<Residue GLN het=  resseq=56 icode= >,3o9x_B_A,2.0999
434,0.0,VAL, ,N,25.68,11.36,0.0,3.30,1.0,<Residue VAL het=  resseq=57 icode= >,3o9x_B_A,2.0999
435,0.0,VAL, ,CA,28.47,11.08,0.0,3.19,1.0,<Residue VAL het=  resseq=57 icode= >,3o9x_B_A,2.0999
436,0.0,VAL, ,C,28.81,10.45,0.0,3.86,1.0,<Residue VAL het=  resseq=57 icode= >,3o9x_B_A,2.0999
437,0.0,VAL, ,O,29.35,10.53,0.0,4.31,1.0,<Residue VAL het=  resseq=57 icode= >,3o9x_B_A,2.0999
438,0.625,VAL, ,CB,29.23,10.42,0.0,2.02,1.0,<Residue VAL het=  resseq=57 icode= >,3o9x_B_A,2.0999
439,19.547,VAL, ,CG1,29.39,9.77,0.0,1.70,1.0,<Residue VAL het=  resseq=57 icode= >,3o9x_B_A,2.0999
440,2.79,VAL, ,CG2,24.51,11.02,0.0,1.79,1.0,<Residue VAL het=  resseq=57 icode= >,3o9x_B_A,2.0999
441,0.035,LYS, ,N,29.26,9.42,0.0,3.33,1.0,<Residue LYS het=  resseq=58 icode= >,3o9x_B_A,2.0999
442,1.964,LYS, ,CA,26.75,9.00,0.0,3.03,1.0,<Residue LYS het=  resseq=58 icode= >,3o9x_B_A,2.0999
443,0.0,LYS, ,C,27.83,10.18,0.0,3.25,1.0,<Residue LYS het=  resseq=58 icode= >,3o9x_B_A,2.0999
444,0.038,LYS, ,O,25.79,9.93,0.0,3.96,1.0,<Residue LYS het=  resseq=58 icode= >,3o9x_B_A,2.0999
445,7.058,LYS, ,CB,24.02,7.90,0.0,2.76,1.0,<Residue LYS het=  resseq=58 icode= >,3o9x_B_A,2.0999
446,6.586,LYS, ,CG,27.48,7.33,0.0,1.70,1.0,<Residue LYS het=  resseq=58 icode= >,3o9x_B_A,2.0999
447,29.097,LYS, ,CD,29.31,6.27,0.0,1.60,1.0,<Residue LYS het=  resseq=58 icode= >,3o9x_B_A,2.0999
448,33.121,LYS, ,CE,38.98,5.31,5.937,1.28,1.0,<Residue LYS het=  resseq=58 icode= >,3o9x_B_A,2.0999
449,45.315,LYS, ,NZ,39.93,4.27,23.488,1.15,1.0,<Residue LYS het=  resseq=58 icode= >,3o9x_B_A,2.0999
450,0.869,ALA, ,N,29.66,10.98,0.0,2.21,1.0,<Residue ALA het=  resseq=59 icode= >,3o9x_B_A,2.0999
451,8.982,ALA, ,CA,26.59,11.68,0.0,2.77,1.0,<Residue ALA het=  resseq=59 icode= >,3o9x_B_A,2.0999
452,1.042,ALA, ,C,27.0,12.62,0.0,3.55,1.0,<Residue ALA het=  resseq=59 icode= >,3o9x_B_A,2.0999
453,5.147,ALA, ,O,28.98,12.43,0.0,2.29,1.0,<Residue ALA het=  resseq=59 icode= >,3o9x_B_A,2.0999
454,45.895,ALA, ,CB,30.51,12.60,0.0,0.79,1.0,<Residue ALA het=  resseq=59 icode= >,3o9x_B_A,2.0999
455,0.482,PHE, ,N,26.16,12.27,0.0,3.28,1.0,<Residue PHE het=  resseq=60 icode= >,3o9x_B_A,2.0999
456,4.277,PHE, ,CA,26.27,11.38,0.0,2.67,1.0,<Residue PHE het=  resseq=60 icode= >,3o9x_B_A,2.0999
457,0.0,PHE, ,C,23.82,10.37,0.0,4.36,1.0,<Residue PHE het=  resseq=60 icode= >,3o9x_B_A,2.0999
458,0.0,PHE, ,O,24.28,10.31,0.0,4.07,1.0,<Residue PHE het=  resseq=60 icode= >,3o9x_B_A,2.0999
459,3.811,PHE, ,CB,24.23,10.83,0.0,2.41,1.0,<Residue PHE het=  resseq=60 icode= >,3o9x_B_A,2.0999
460,0.0,PHE, ,CG,26.49,9.95,0.0,2.81,1.0,<Residue PHE het=  resseq=60 icode= >,3o9x_B_A,2.0999
461,9.943,PHE, ,CD1,25.23,10.60,0.0,2.62,1.0,<Residue PHE het=  resseq=60 icode= >,3o9x_B_A,2.0999
462,0.0,PHE, ,CD2,26.17,8.65,0.0,1.88,1.0,<Residue PHE het=  resseq=60 icode= >,3o9x_B_A,2.0999
463,13.921,PHE, ,CE1,22.34,10.10,0.0,1.92,1.0,<Residue PHE het=  resseq=60 icode= >,3o9x_B_A,2.0999
464,0.0,PHE, ,CE2,24.35,8.02,0.0,2.92,1.0,<Residue PHE het=  resseq=60 icode= >,3o9x_B_A,2.0999
465,0.0,PHE, ,CZ,24.66,8.82,0.0,2.60,1.0,<Residue PHE het=  resseq=60 icode= >,3o9x_B_A,2.0999
466,0.0,ARG, ,N,24.82,9.77,0.0,4.12,1.0,<Residue ARG het=  resseq=61 icode= >,3o9x_B_A,2.0999
467,0.0,ARG, ,CA,23.28,8.38,0.0,3.21,1.0,<Residue ARG het=  resseq=61 icode= >,3o9x_B_A,2.0999
468,0.0,ARG, ,C,22.64,8.16,0.0,4.41,1.0,<Residue ARG het=  resseq=61 icode= >,3o9x_B_A,2.0999
469,0.0,ARG, ,O,23.93,7.47,0.0,3.23,1.0,<Residue ARG het=  resseq=61 icode= >,3o9x_B_A,2.0999
470,1.165,ARG, ,CB,23.18,7.63,0.0,2.78,1.0,<Residue ARG het=  resseq=61 icode= >,3o9x_B_A,2.0999
471,0.0,ARG, ,CG,23.81,7.77,0.0,2.28,1.0,<Residue ARG het=  resseq=61 icode= >,3o9x_B_A,2.0999
472,6.32,ARG, ,CD,30.97,7.59,0.0,1.64,1.0,<Residue ARG het=  resseq=61 icode= >,3o9x_B_A,2.0999
473,8.521,ARG, ,NE,29.61,6.23,0.0,2.02,1.0,<Residue ARG het=  resseq=61 icode= >,3o9x_B_A,2.0999
474,4.313,ARG, ,CZ,30.75,5.51,0.0,2.41,1.0,<Residue ARG het=  resseq=61 icode= >,3o9x_B_A,2.0999
475,18.017,ARG, ,NH1,28.58,5.39,2.217,2.25,1.0,<Residue ARG het=  resseq=61 icode= >,3o9x_B_A,2.0999
476,34.964,ARG, ,NH2,27.76,4.35,6.096,1.68,1.0,<Residue ARG het=  resseq=61 icode= >,3o9x_B_A,2.0999
477,0.0,ALA, ,N,26.4,9.05,0.0,4.24,1.0,<Residue ALA het=  resseq=62 icode= >,3o9x_B_A,2.0999
478,0.0,ALA, ,CA,23.73,9.31,0.0,2.95,1.0,<Residue ALA het=  resseq=62 icode= >,3o9x_B_A,2.0999
479,1.01,ALA, ,C,27.11,9.84,0.0,3.90,1.0,<Residue ALA het=  resseq=62 icode= >,3o9x_B_A,2.0999
480,2.043,ALA, ,O,26.37,9.74,0.0,3.41,1.0,<Residue ALA het=  resseq=62 icode= >,3o9x_B_A,2.0999
481,26.415,ALA, ,CB,28.52,10.27,0.0,2.47,1.0,<Residue ALA het=  resseq=62 icode= >,3o9x_B_A,2.0999
482,0.625,SER, ,N,25.26,10.65,0.0,3.63,1.0,<Residue SER het=  resseq=63 icode= >,3o9x_B_A,2.0999
483,4.623,SER, ,CA,26.52,11.39,0.0,2.68,1.0,<Residue SER het=  resseq=63 icode= >,3o9x_B_A,2.0999
484,0.724,SER, ,C,24.43,10.64,0.0,4.48,1.0,<Residue SER het=  resseq=63 icode= >,3o9x_B_A,2.0999
485,4.12,SER, ,O,25.49,11.03,0.0,4.26,1.0,<Residue SER het=  resseq=63 icode= >,3o9x_B_A,2.0999
486,43.582,SER, ,CB,29.24,12.68,0.0,2.77,1.0,<Residue SER het=  resseq=63 icode= >,3o9x_B_A,2.0999
487,8.527,SER, ,OG,28.56,12.53,0.0,2.52,1.0,<Residue SER het=  resseq=63 icode= >,3o9x_B_A,2.0999
488,0.032,VAL, ,N,25.33,9.72,0.0,3.38,1.0,<Residue VAL het=  resseq=64 icode= >,3o9x_B_A,2.0999
489,0.04,VAL, ,CA,24.49,9.03,0.0,3.25,1.0,<Residue VAL het=  resseq=64 icode= >,3o9x_B_A,2.0999
490,0.0,VAL, ,C,24.65,8.19,0.0,3.99,1.0,<Residue VAL het=  resseq=64 icode= >,3o9x_B_A,2.0999
491,3.453,VAL, ,O,25.08,8.47,0.0,3.09,1.0,<Residue VAL het=  resseq=64 icode= >,3o9x_B_A,2.0999
492,0.0,VAL, ,CB,25.7,8.36,0.0,3.02,1.0,<Residue VAL het=  resseq=64 icode= >,3o9x_B_A,2.0999
493,2.654,VAL, ,CG1,21.91,7.72,0.0,2.35,1.0,<Residue VAL het=  resseq=64 icode= >,3o9x_B_A,2.0999
494,2.143,VAL, ,CG2,23.82,8.59,0.0,1.65,1.0,<Residue VAL het=  resseq=64 icode= >,3o9x_B_A,2.0999
495,0.0,ASN, ,N,22.97,7.41,0.0,3.29,1.0,<Residue ASN het=  resseq=65 icode= >,3o9x_B_A,2.0999
496,0.0,ASN, ,CA,21.29,6.91,0.0,3.37,1.0,<Residue ASN het=  resseq=65 icode= >,3o9x_B_A,2.0999
497,0.082,ASN, ,C,24.45,8.18,0.0,3.01,1.0,<Residue ASN het=  resseq=65 icode= >,3o9x_B_A,2.0999
498,0.0,ASN, ,O,23.01,8.35,0.0,3.37,1.0,<Residue ASN het=  resseq=65 icode= >,3o9x_B_A,2.0999
499,2.874,ASN, ,CB,20.12,6.18,0.0,3.62,1.0,<Residue ASN het=  resseq=65 icode= >,3o9x_B_A,2.0999
500,0.0,ASN, ,CG,22.59,4.76,0.0,4.43,1.0,<Residue ASN het=  resseq=65 icode= >,3o9x_B_A,2.0999
501,0.0,ASN, ,OD1,21.97,4.05,0.0,4.81,1.0,<Residue ASN het=  resseq=65 icode= >,3o9x_B_A,2.0999
502,0.0,ASN, ,ND2,22.18,4.68,0.0,2.90,1.0,<Residue ASN het=  resseq=65 icode= >,3o9x_B_A,2.0999
503,0.48,ALA, ,N,22.16,9.27,0.0,3.66,1.0,<Residue ALA het=  resseq=66 icode= >,3o9x_B_A,2.0999
504,0.089,ALA, ,CA,25.57,10.53,0.0,3.15,1.0,<Residue ALA het=  resseq=66 icode= >,3o9x_B_A,2.0999
505,1.191,ALA, ,C,25.7,11.24,0.0,4.47,1.0,<Residue ALA het=  resseq=66 icode= >,3o9x_B_A,2.0999
506,18.173,ALA, ,O,29.68,12.29,0.0,3.83,1.0,<Residue ALA het=  resseq=66 icode= >,3o9x_B_A,2.0999
507,30.168,ALA, ,CB,27.82,11.55,0.0,1.92,1.0,<Residue ALA het=  resseq=66 icode= >,3o9x_B_A,2.0999
508,0.0,GLU, ,N,26.17,10.82,0.0,3.70,1.0,<Residue GLU het=  resseq=67 icode= >,3o9x_B_A,2.0999
509,8.405,GLU, ,CA,24.16,11.68,0.0,3.19,1.0,<Residue GLU het=  resseq=67 icode= >,3o9x_B_A,2.0999
510,0.087,GLU, ,C,25.17,11.68,0.0,4.07,1.0,<Residue GLU het=  resseq=67 icode= >,3o9x_B_A,2.0999
511,31.079,GLU, ,O,23.98,12.65,0.0,4.76,1.0,<Residue GLU het=  resseq=67 icode= >,3o9x_B_A,2.0999
512,9.601,GLU, ,CB,27.08,11.48,0.0,2.53,1.0,<Residue GLU het=  resseq=67 icode= >,3o9x_B_A,2.0999
513,14.329,GLU, ,CG,25.4,11.80,0.0,2.52,1.0,<Residue GLU het=  resseq=67 icode= >,3o9x_B_A,2.0999
514,7.736,GLU, ,CD,30.66,12.01,0.0,3.56,1.0,<Residue GLU het=  resseq=67 icode= >,3o9x_B_A,2.0999
515,19.993,GLU, ,OE1,34.3,11.80,0.0,2.12,1.0,<Residue GLU het=  resseq=67 icode= >,3o9x_B_A,2.0999
516,26.868,GLU, ,OE2,35.19,12.41,0.0,2.14,1.0,<Residue GLU het=  resseq=67 icode= >,3o9x_B_A,2.0999
517,0.0,THR, ,N,23.06,10.59,0.0,4.22,1.0,<Residue THR het=  resseq=68 icode= >,3o9x_B_A,2.0999
518,5.298,THR, ,CA,20.57,10.37,0.0,4.16,1.0,<Residue THR het=  resseq=68 icode= >,3o9x_B_A,2.0999
519,3.622,THR, ,C,22.54,10.80,0.0,4.64,1.0,<Residue THR het=  resseq=68 icode= >,3o9x_B_A,2.0999
520,16.689,THR, ,O,25.89,10.76,0.0,3.17,1.0,<Residue THR het=  resseq=68 icode= >,3o9x_B_A,2.0999
521,6.509,THR, ,CB,27.1,8.85,0.0,2.85,1.0,<Residue THR het=  resseq=68 icode= >,3o9x_B_A,2.0999
522,2.064,THR, ,OG1,24.81,8.35,0.0,2.76,1.0,<Residue THR het=  resseq=68 icode= >,3o9x_B_A,2.0999
523,58.403,THR, ,CG2,27.0,8.69,0.0,1.84,1.0,<Residue THR het=  resseq=68 icode= >,3o9x_B_A,2.0999
524,0.314,VAL, ,N,19.33,10.54,0.0,4.27,1.0,<Residue VAL het=  resseq=69 icode= >,3o9x_B_A,2.0999
525,5.299,VAL, ,CA,20.71,11.04,0.0,3.68,1.0,<Residue VAL het=  resseq=69 icode= >,3o9x_B_A,2.0999
526,0.0,VAL, ,C,24.14,11.34,0.0,4.58,1.0,<Residue VAL het=  resseq=69 icode= >,3o9x_B_A,2.0999
527,0.834,VAL, ,O,25.17,10.56,0.0,3.19,1.0,<Residue VAL het=  resseq=69 icode= >,3o9x_B_A,2.0999
528,0.0,VAL, ,CB,22.02,10.29,0.0,2.21,1.0,<Residue VAL het=  resseq=69 icode= >,3o9x_B_A,2.0999
529,3.134,VAL, ,CG1,17.09,8.96,0.0,2.27,1.0,<Residue VAL het=  resseq=69 icode= >,3o9x_B_A,2.0999
530,2.257,VAL, ,CG2,18.62,11.31,0.0,1.88,1.0,<Residue VAL het=  resseq=69 icode= >,3o9x_B_A,2.0999
531,6.036,ALA, ,N,24.73,12.62,0.0,3.86,1.0,<Residue ALA het=  resseq=70 icode= >,3o9x_B_A,2.0999
532,0.725,ALA, ,CA,25.51,13.24,0.0,4.06,1.0,<Residue ALA het=  resseq=70 icode= >,3o9x_B_A,2.0999
533,0.0,ALA, ,C,22.35,12.30,0.0,3.70,1.0,<Residue ALA het=  resseq=70 icode= >,3o9x_B_A,2.0999
534,0.0,ALA, ,O,24.9,12.30,0.0,2.71,1.0,<Residue ALA het=  resseq=70 icode= >,3o9x_B_A,2.0999
535,34.76,ALA, ,CB,23.41,14.33,0.0,2.74,1.0,<Residue ALA het=  resseq=70 icode= >,3o9x_B_A,2.0999
536,0.0,PRO, ,N,28.02,11.24,0.0,2.93,1.0,<Residue PRO het=  resseq=71 icode= >,3o9x_B_A,2.0999
537,0.077,PRO, ,CA,25.73,9.89,0.0,2.64,1.0,<Residue PRO het=  resseq=71 icode= >,3o9x_B_A,2.0999
538,0.08,PRO, ,C,27.42,9.76,0.0,3.97,1.0,<Residue PRO het=  resseq=71 icode= >,3o9x_B_A,2.0999
539,0.0,PRO, ,O,28.1,9.21,0.0,3.66,1.0,<Residue PRO het=  resseq=71 icode= >,3o9x_B_A,2.0999
540,8.433,PRO, ,CB,28.33,9.04,0.0,2.46,1.0,<Residue PRO het=  resseq=71 icode= >,3o9x_B_A,2.0999
541,15.073,PRO, ,CG,27.28,10.03,0.0,2.42,1.0,<Residue PRO het=  resseq=71 icode= >,3o9x_B_A,2.0999
542,3.339,PRO, ,CD,24.54,11.36,0.0,2.33,1.0,<Residue PRO het=  resseq=71 icode= >,3o9x_B_A,2.0999
543,0.062,GLU, ,N,26.57,10.50,0.0,3.50,1.0,<Residue GLU het=  resseq=72 icode= >,3o9x_B_A,2.0999
544,3.665,GLU, ,CA,27.39,10.73,0.0,2.71,1.0,<Residue GLU het=  resseq=72 icode= >,3o9x_B_A,2.0999
545,1.204,GLU, ,C,25.32,11.54,0.0,3.48,1.0,<Residue GLU het=  resseq=72 icode= >,3o9x_B_A,2.0999
546,3.542,GLU, ,O,24.18,11.47,0.0,3.83,1.0,<Residue GLU het=  resseq=72 icode= >,3o9x_B_A,2.0999
547,26.331,GLU, ,CB,25.51,11.65,0.0,1.82,1.0,<Residue GLU het=  resseq=72 icode= >,3o9x_B_A,2.0999
548,37.523,GLU, ,CG,32.96,11.39,0.0,2.10,1.0,<Residue GLU het=  resseq=72 icode= >,3o9x_B_A,2.0999
549,8.15,GLU, ,CD,33.05,11.96,0.0,3.03,1.0,<Residue GLU het=  resseq=72 icode= >,3o9x_B_A,2.0999
550,11.125,GLU, ,OE1,41.33,12.94,0.0,1.61,1.0,<Residue GLU het=  resseq=72 icode= >,3o9x_B_A,2.0999
551,25.599,GLU, ,OE2,35.93,11.58,0.0,2.37,1.0,<Residue GLU het=  resseq=72 icode= >,3o9x_B_A,2.0999
552,1.253,PHE, ,N,26.4,12.47,0.0,2.52,1.0,<Residue PHE het=  resseq=73 icode= >,3o9x_B_A,2.0999
553,3.36,PHE, ,CA,23.43,13.39,0.0,3.42,1.0,<Residue PHE het=  resseq=73 icode= >,3o9x_B_A,2.0999
554,0.0,PHE, ,C,24.97,12.75,0.0,3.53,1.0,<Residue PHE het=  resseq=73 icode= >,3o9x_B_A,2.0999
555,0.0,PHE, ,O,25.45,12.77,0.0,3.23,1.0,<Residue PHE het=  resseq=73 icode= >,3o9x_B_A,2.0999
556,10.163,PHE, ,CB,24.36,14.48,0.0,2.54,1.0,<Residue PHE het=  resseq=73 icode= >,3o9x_B_A,2.0999
557,2.067,PHE, ,CG,25.71,15.41,0.0,2.74,1.0,<Residue PHE het=  resseq=73 icode= >,3o9x_B_A,2.0999
558,14.911,PHE, ,CD1,26.58,16.49,0.0,2.19,1.0,<Residue PHE het=  resseq=73 icode= >,3o9x_B_A,2.0999
559,3.244,PHE, ,CD2,28.05,14.56,0.0,1.90,1.0,<Residue PHE het=  resseq=73 icode= >,3o9x_B_A,2.0999
560,10.829,PHE, ,CE1,26.47,16.88,0.0,2.47,1.0,<Residue PHE het=  resseq=73 icode= >,3o9x_B_A,2.0999
561,1.649,PHE, ,CE2,23.93,14.50,0.0,1.93,1.0,<Residue PHE het=  resseq=73 icode= >,3o9x_B_A,2.0999
562,0.336,PHE, ,CZ,20.87,15.71,0.0,2.43,1.0,<Residue PHE het=  resseq=73 icode= >,3o9x_B_A,2.0999
563,0.0,ILE, ,N,24.45,11.72,0.0,3.60,1.0,<Residue ILE het=  resseq=74 icode= >,3o9x_B_A,2.0999
564,0.0,ILE, ,CA,24.05,10.96,0.0,3.15,1.0,<Residue ILE het=  resseq=74 icode= >,3o9x_B_A,2.0999
565,0.0,ILE, ,C,25.7,10.14,0.0,4.06,1.0,<Residue ILE het=  resseq=74 icode= >,3o9x_B_A,2.0999
566,0.055,ILE, ,O,27.38,9.74,0.0,4.25,1.0,<Residue ILE het=  resseq=74 icode= >,3o9x_B_A,2.0999
567,0.0,ILE, ,CB,22.74,10.06,0.0,2.30,1.0,<Residue ILE het=  resseq=74 icode= >,3o9x_B_A,2.0999
568,0.0,ILE, ,CG1,26.13,11.04,0.0,1.90,1.0,<Residue ILE het=  resseq=74 icode= >,3o9x_B_A,2.0999
569,0.083,ILE, ,CG2,22.57,9.43,0.0,2.55,1.0,<Residue ILE het=  resseq=74 icode= >,3o9x_B_A,2.0999
570,0.345,ILE, ,CD1,23.59,10.02,0.0,0.99,1.0,<Residue ILE het=  resseq=74 icode= >,3o9x_B_A,2.0999
571,0.0,VAL, ,N,25.68,9.53,0.0,3.56,1.0,<Residue VAL het=  resseq=75 icode= >,3o9x_B_A,2.0999
572,0.0,VAL, ,CA,27.15,8.40,0.0,2.90,1.0,<Residue VAL het=  resseq=75 icode= >,3o9x_B_A,2.0999
573,0.0,VAL, ,C,27.37,8.81,0.0,3.43,1.0,<Residue VAL het=  resseq=75 icode= >,3o9x_B_A,2.0999
574,0.0,VAL, ,O,27.23,8.17,0.0,3.65,1.0,<Residue VAL het=  resseq=75 icode= >,3o9x_B_A,2.0999
575,4.413,VAL, ,CB,29.62,8.21,0.0,2.45,1.0,<Residue VAL het=  resseq=75 icode= >,3o9x_B_A,2.0999
576,20.945,VAL, ,CG1,31.57,6.98,0.0,1.07,1.0,<Residue VAL het=  resseq=75 icode= >,3o9x_B_A,2.0999
577,14.909,VAL, ,CG2,28.01,7.30,0.0,1.54,1.0,<Residue VAL het=  resseq=75 icode= >,3o9x_B_A,2.0999
578,0.186,LYS, ,N,30.15,10.09,0.0,3.15,1.0,<Residue LYS het=  resseq=76 icode= >,3o9x_B_A,2.0999
579,5.446,LYS, ,CA,27.83,10.82,0.0,2.80,1.0,<Residue LYS het=  resseq=76 icode= >,3o9x_B_A,2.0999
580,0.0,LYS, ,C,27.06,10.98,0.0,3.51,1.0,<Residue LYS het=  resseq=76 icode= >,3o9x_B_A,2.0999
581,1.883,LYS, ,O,26.78,10.98,0.0,3.56,1.0,<Residue LYS het=  resseq=76 icode= >,3o9x_B_A,2.0999
582,5.102,LYS, ,CB,25.45,12.24,0.0,2.62,1.0,<Residue LYS het=  resseq=76 icode= >,3o9x_B_A,2.0999
583,25.955,LYS, ,CG,27.4,13.09,0.0,2.66,1.0,<Residue LYS het=  resseq=76 icode= >,3o9x_B_A,2.0999
584,36.26,LYS, ,CD,28.96,14.57,0.0,1.96,1.0,<Residue LYS het=  resseq=76 icode= >,3o9x_B_A,2.0999
585,4.555,LYS, ,CE,26.38,15.00,0.0,1.65,1.0,<Residue LYS het=  resseq=76 icode= >,3o9x_B_A,2.0999
586,27.58,LYS, ,NZ,29.35,16.47,0.0,1.56,1.0,<Residue LYS het=  resseq=76 icode= >,3o9x_B_A,2.0999
587,0.0,VAL, ,N,24.56,11.38,0.0,3.54,1.0,<Residue VAL het=  resseq=77 icode= >,3o9x_B_A,2.0999
588,0.0,VAL, ,CA,27.67,11.86,0.0,2.61,1.0,<Residue VAL het=  resseq=77 icode= >,3o9x_B_A,2.0999
589,0.0,VAL, ,C,25.59,10.80,0.0,3.65,1.0,<Residue VAL het=  resseq=77 icode= >,3o9x_B_A,2.0999
590,0.0,VAL, ,O,26.38,11.17,0.0,2.47,1.0,<Residue VAL het=  resseq=77 icode= >,3o9x_B_A,2.0999
591,0.0,VAL, ,CB,28.16,12.82,0.0,2.26,1.0,<Residue VAL het=  resseq=77 icode= >,3o9x_B_A,2.0999
592,0.0,VAL, ,CG1,23.12,13.52,0.0,1.87,1.0,<Residue VAL het=  resseq=77 icode= >,3o9x_B_A,2.0999
593,0.0,VAL, ,CG2,23.12,13.93,0.0,2.46,1.0,<Residue VAL het=  resseq=77 icode= >,3o9x_B_A,2.0999
594,0.0,ARG, ,N,26.58,9.63,0.0,2.89,1.0,<Residue ARG het=  resseq=78 icode= >,3o9x_B_A,2.0999
595,0.665,ARG, ,CA,29.53,8.66,0.0,2.56,1.0,<Residue ARG het=  resseq=78 icode= >,3o9x_B_A,2.0999
596,0.0,ARG, ,C,28.24,8.18,0.0,3.61,1.0,<Residue ARG het=  resseq=78 icode= >,3o9x_B_A,2.0999
597,0.0,ARG, ,O,29.74,8.45,0.0,3.90,1.0,<Residue ARG het=  resseq=78 icode= >,3o9x_B_A,2.0999
598,0.545,ARG, ,CB,27.14,7.62,0.0,2.91,1.0,<Residue ARG het=  resseq=78 icode= >,3o9x_B_A,2.0999
599,0.0,ARG, ,CG,22.9,6.82,0.0,2.53,1.0,<Residue ARG het=  resseq=78 icode= >,3o9x_B_A,2.0999
600,0.0,ARG, ,CD,28.63,6.02,0.0,2.23,1.0,<Residue ARG het=  resseq=78 icode= >,3o9x_B_A,2.0999
601,0.0,ARG, ,NE,24.86,5.21,0.0,3.20,1.0,<Residue ARG het=  resseq=78 icode= >,3o9x_B_A,2.0999
602,0.0,ARG, ,CZ,27.3,4.01,0.0,3.63,1.0,<Residue ARG het=  resseq=78 icode= >,3o9x_B_A,2.0999
603,9.894,ARG, ,NH1,30.58,3.50,6.382,2.25,1.0,<Residue ARG het=  resseq=78 icode= >,3o9x_B_A,2.0999
604,8.777,ARG, ,NH2,30.53,3.75,4.879,1.88,1.0,<Residue ARG het=  resseq=78 icode= >,3o9x_B_A,2.0999
605,0.0,LYS, ,N,30.29,7.78,0.0,2.36,1.0,<Residue LYS het=  resseq=79 icode= >,3o9x_B_A,2.0999
606,4.928,LYS, ,CA,29.18,7.73,0.0,2.12,1.0,<Residue LYS het=  resseq=79 icode= >,3o9x_B_A,2.0999
607,1.068,LYS, ,C,29.14,9.13,0.0,4.14,1.0,<Residue LYS het=  resseq=79 icode= >,3o9x_B_A,2.0999
608,15.317,LYS, ,O,33.91,9.45,0.0,2.64,1.0,<Residue LYS het=  resseq=79 icode= >,3o9x_B_A,2.0999
609,17.174,LYS, ,CB,28.78,7.58,0.0,2.55,1.0,<Residue LYS het=  resseq=79 icode= >,3o9x_B_A,2.0999
610,1.966,LYS, ,CG,29.89,6.38,0.0,2.43,1.0,<Residue LYS het=  resseq=79 icode= >,3o9x_B_A,2.0999
611,18.436,LYS, ,CD,35.31,6.70,0.0,1.19,1.0,<Residue LYS het=  resseq=79 icode= >,3o9x_B_A,2.0999
612,46.605,LYS, ,CE,34.83,5.95,0.0,1.20,1.0,<Residue LYS het=  resseq=79 icode= >,3o9x_B_A,2.0999
613,30.573,LYS, ,NZ,24.64,4.70,5.041,1.41,0.5,<Residue LYS het=  resseq=79 icode= >,3o9x_B_A,2.0999
614,0.261,LYS, ,N,29.76,10.12,0.0,3.00,1.0,<Residue LYS het=  resseq=80 icode= >,3o9x_B_A,2.0999
615,10.377,LYS, ,CA,29.65,11.51,0.0,3.11,1.0,<Residue LYS het=  resseq=80 icode= >,3o9x_B_A,2.0999
616,0.0,LYS, ,C,31.64,11.89,0.0,3.20,1.0,<Residue LYS het=  resseq=80 icode= >,3o9x_B_A,2.0999
617,20.054,LYS, ,O,30.54,12.77,0.0,2.87,1.0,<Residue LYS het=  resseq=80 icode= >,3o9x_B_A,2.0999
618,7.797,LYS, ,CB,33.2,12.49,0.0,2.21,1.0,<Residue LYS het=  resseq=80 icode= >,3o9x_B_A,2.0999
619,32.85,LYS, ,CG,31.09,13.92,0.0,2.17,1.0,<Residue LYS het=  resseq=80 icode= >,3o9x_B_A,2.0999
620,0.0,LEU, ,N,29.77,11.39,0.0,3.10,1.0,<Residue LEU het=  resseq=81 icode= >,3o9x_B_A,2.0999
621,4.042,LEU, ,CA,26.94,11.88,0.0,3.25,1.0,<Residue LEU het=  resseq=81 icode= >,3o9x_B_A,2.0999
622,1.787,LEU, ,C,29.0,11.14,0.0,3.66,1.0,<Residue LEU het=  resseq=81 icode= >,3o9x_B_A,2.0999
623,6.504,LEU, ,O,31.72,11.57,0.0,2.94,1.0,<Residue LEU het=  resseq=81 icode= >,3o9x_B_A,2.0999
624,0.0,LEU, ,CB,27.47,12.00,0.0,2.39,1.0,<Residue LEU het=  resseq=81 icode= >,3o9x_B_A,2.0999
625,0.0,LEU, ,CG,26.59,12.97,0.0,2.59,1.0,<Residue LEU het=  resseq=81 icode= >,3o9x_B_A,2.0999
626,0.015,LEU, ,CD1,27.89,13.05,0.0,1.00,1.0,<Residue LEU het=  resseq=81 icode= >,3o9x_B_A,2.0999
627,2.761,LEU, ,CD2,23.8,14.39,0.0,1.57,1.0,<Residue LEU het=  resseq=81 icode= >,3o9x_B_A,2.0999
628,0.0,SER, ,N,31.08,10.22,0.0,3.43,1.0,<Residue SER het=  resseq=82 icode= >,3o9x_B_A,2.0999
629,6.805,SER, ,CA,31.24,9.58,0.0,2.58,1.0,<Residue SER het=  resseq=82 icode= >,3o9x_B_A,2.0999
630,3.738,SER, ,C,31.99,8.99,0.0,3.51,1.0,<Residue SER het=  resseq=82 icode= >,3o9x_B_A,2.0999
631,15.651,SER, ,O,31.44,8.91,0.0,3.24,1.0,<Residue SER het=  resseq=82 icode= >,3o9x_B_A,2.0999
632,36.823,SER, ,CB,32.18,10.62,0.0,2.57,1.0,<Residue SER het=  resseq=82 icode= >,3o9x_B_A,2.0999
633,30.223,SER, ,OG,40.44,11.27,0.0,1.85,1.0,<Residue SER het=  resseq=82 icode= >,3o9x_B_A,2.0999
634,0.224,LEU, ,N,28.05,8.18,0.0,3.66,1.0,<Residue LEU het=  resseq=83 icode= >,3o9x_B_A,2.0999
635,0.0,LEU, ,CA,29.06,7.57,0.0,3.59,1.0,<Residue LEU het=  resseq=83 icode= >,3o9x_B_A,2.0999
636,2.544,LEU, ,C,29.49,6.09,0.0,3.83,1.0,<Residue LEU het=  resseq=83 icode= >,3o9x_B_A,2.0999
637,3.331,LEU, ,O,30.16,5.59,0.0,2.84,1.0,<Residue LEU het=  resseq=83 icode= >,3o9x_B_A,2.0999
638,0.0,LEU, ,CB,28.01,8.16,0.0,2.65,1.0,<Residue LEU het=  resseq=83 icode= >,3o9x_B_A,2.0999
639,0.0,LEU, ,CG,23.98,9.67,0.0,3.07,1.0,<Residue LEU het=  resseq=83 icode= >,3o9x_B_A,2.0999
640,0.0,LEU, ,CD1,27.62,10.33,0.0,1.46,1.0,<Residue LEU het=  resseq=83 icode= >,3o9x_B_A,2.0999
641,4.113,LEU, ,CD2,25.13,10.13,0.0,1.50,1.0,<Residue LEU het=  resseq=83 icode= >,3o9x_B_A,2.0999
642,0.331,THR, ,N,27.31,5.31,0.0,3.41,1.0,<Residue THR het=  resseq=84 icode= >,3o9x_B_A,2.0999
643,1.868,THR, ,CA,28.58,3.88,1.067,2.97,1.0,<Residue THR het=  resseq=84 icode= >,3o9x_B_A,2.0999
644,0.0,THR, ,C,26.89,3.98,0.0,4.11,1.0,<Residue THR het=  resseq=84 icode= >,3o9x_B_A,2.0999
645,0.0,THR, ,O,24.5,5.18,0.0,3.53,1.0,<Residue THR het=  resseq=84 icode= >,3o9x_B_A,2.0999
646,11.019,THR, ,CB,27.58,3.53,8.265,2.97,1.0,<Residue THR het=  resseq=84 icode= >,3o9x_B_A,2.0999
647,4.219,THR, ,OG1,25.71,4.61,0.0,3.18,1.0,<Residue THR het=  resseq=84 icode= >,3o9x_B_A,2.0999
648,60.743,THR, ,CG2,30.42,3.84,32.77,1.97,1.0,<Residue THR het=  resseq=84 icode= >,3o9x_B_A,2.0999
649,2.488,GLN, ,N,26.6,3.14,2.488,3.12,1.0,<Residue GLN het=  resseq=85 icode= >,3o9x_B_A,2.0999
650,0.0,GLN, ,CA,22.92,4.07,0.0,2.86,1.0,<Residue GLN het=  resseq=85 icode= >,3o9x_B_A,2.0999
651,0.0,GLN, ,C,26.72,4.98,0.0,3.26,1.0,<Residue GLN het=  resseq=85 icode= >,3o9x_B_A,2.0999
652,0.0,GLN, ,O,25.87,6.18,0.0,3.31,1.0,<Residue GLN het=  resseq=85 icode= >,3o9x_B_A,2.0999
653,5.163,GLN, ,CB,24.5,3.83,1.996,3.45,1.0,<Residue GLN het=  resseq=85 icode= >,3o9x_B_A,2.0999
654,3.846,GLN, ,CG,26.73,3.78,3.846,2.11,1.0,<Residue GLN het=  resseq=85 icode= >,3o9x_B_A,2.0999
655,5.252,GLN, ,CD,29.44,3.63,5.252,3.10,1.0,<Residue GLN het=  resseq=85 icode= >,3o9x_B_A,2.0999
656,20.271,GLN, ,OE1,29.68,3.35,18.055,2.44,1.0,<Residue GLN het=  resseq=85 icode= >,3o9x_B_A,2.0999
657,19.516,GLN, ,NE2,26.32,2.82,18.086,2.71,1.0,<Residue GLN het=  resseq=85 icode= >,3o9x_B_A,2.0999
658,2.443,LYS, ,N,22.41,4.70,0.649,2.67,1.0,<Residue LYS het=  resseq=86 icode= >,3o9x_B_A,2.0999
659,0.0,LYS, ,CA,27.08,5.95,0.0,2.38,1.0,<Residue LYS het=  resseq=86 icode= >,3o9x_B_A,2.0999
660,0.0,LYS, ,C,28.59,6.90,0.0,2.76,1.0,<Residue LYS het=  resseq=86 icode= >,3o9x_B_A,2.0999
661,0.0,LYS, ,O,25.71,8.09,0.0,2.74,1.0,<Residue LYS het=  resseq=86 icode= >,3o9x_B_A,2.0999
662,23.035,LYS, ,CB,27.26,5.98,1.502,1.89,1.0,<Residue LYS het=  resseq=86 icode= >,3o9x_B_A,2.0999
663,38.945,LYS, ,CG,29.29,6.93,0.0,2.02,1.0,<Residue LYS het=  resseq=86 icode= >,3o9x_B_A,2.0999
664,0.0,GLU, ,N,27.28,6.59,0.0,2.88,1.0,<Residue GLU het=  resseq=87 icode= >,3o9x_B_A,2.0999
665,2.665,GLU, ,CA,23.86,7.74,0.0,3.00,1.0,<Residue GLU het=  resseq=87 icode= >,3o9x_B_A,2.0999
666,0.0,GLU, ,C,24.73,8.35,0.0,4.37,1.0,<Residue GLU het=  resseq=87 icode= >,3o9x_B_A,2.0999
667,0.544,GLU, ,O,24.6,9.57,0.0,3.25,1.0,<Residue GLU het=  resseq=87 icode= >,3o9x_B_A,2.0999
668,2.504,GLU, ,CB,28.0,7.60,0.0,1.93,1.0,<Residue GLU het=  resseq=87 icode= >,3o9x_B_A,2.0999
669,23.507,GLU, ,CG,29.09,7.21,0.0,1.75,1.0,<Residue GLU het=  resseq=87 icode= >,3o9x_B_A,2.0999
670,7.771,GLU, ,CD,30.12,6.79,0.0,3.34,1.0,<Residue GLU het=  resseq=87 icode= >,3o9x_B_A,2.0999
671,3.772,GLU, ,OE1,31.55,7.34,0.0,2.15,1.0,<Residue GLU het=  resseq=87 icode= >,3o9x_B_A,2.0999
672,38.642,GLU, ,OE2,38.15,6.21,0.0,2.12,1.0,<Residue GLU het=  resseq=87 icode= >,3o9x_B_A,2.0999
673,0.0,ALA, ,N,27.6,7.67,0.0,3.34,1.0,<Residue ALA het=  resseq=88 icode= >,3o9x_B_A,2.0999
674,0.0,ALA, ,CA,24.74,8.52,0.0,2.70,1.0,<Residue ALA het=  resseq=88 icode= >,3o9x_B_A,2.0999
675,0.0,ALA, ,C,25.82,9.35,0.0,3.93,1.0,<Residue ALA het=  resseq=88 icode= >,3o9x_B_A,2.0999
676,0.0,ALA, ,O,26.14,8.93,0.0,2.87,1.0,<Residue ALA het=  resseq=88 icode= >,3o9x_B_A,2.0999
677,0.039,ALA, ,CB,24.44,7.91,0.0,2.52,1.0,<Residue ALA het=  resseq=88 icode= >,3o9x_B_A,2.0999
678,0.0,SER, ,N,24.93,8.87,0.0,3.56,1.0,<Residue SER het=  resseq=89 icode= >,3o9x_B_A,2.0999
679,0.0,SER, ,CA,26.8,7.67,0.0,1.92,1.0,<Residue SER het=  resseq=89 icode= >,3o9x_B_A,2.0999
680,0.922,SER, ,C,24.07,7.08,0.0,3.75,1.0,<Residue SER het=  resseq=89 icode= >,3o9x_B_A,2.0999
681,2.943,SER, ,O,23.19,5.95,0.0,3.92,1.0,<Residue SER het=  resseq=89 icode= >,3o9x_B_A,2.0999
682,0.009,SER, ,CB,27.4,7.72,0.0,2.65,1.0,<Residue SER het=  resseq=89 icode= >,3o9x_B_A,2.0999
683,1.772,SER, ,OG,28.87,7.58,0.0,1.58,1.0,<Residue SER het=  resseq=89 icode= >,3o9x_B_A,2.0999
684,0.0,GLU, ,N,26.31,8.06,0.0,3.56,1.0,<Residue GLU het=  resseq=90 icode= >,3o9x_B_A,2.0999
685,9.722,GLU, ,CA,24.08,7.98,0.0,2.88,1.0,<Residue GLU het=  resseq=90 icode= >,3o9x_B_A,2.0999
686,0.881,GLU, ,C,27.1,8.00,0.0,3.66,1.0,<Residue GLU het=  resseq=90 icode= >,3o9x_B_A,2.0999
687,29.323,GLU, ,O,28.42,7.62,4.869,2.88,1.0,<Residue GLU het=  resseq=90 icode= >,3o9x_B_A,2.0999
688,21.249,GLU, ,CB,27.68,8.60,0.0,1.19,1.0,<Residue GLU het=  resseq=90 icode= >,3o9x_B_A,2.0999
689,39.843,GLU, ,CG,30.83,8.11,0.0,0.82,1.0,<Residue GLU het=  resseq=90 icode= >,3o9x_B_A,2.0999
690,0.0,ILE, ,N,26.56,8.67,0.0,3.23,1.0,<Residue ILE het=  resseq=91 icode= >,3o9x_B_A,2.0999
691,5.7,ILE, ,CA,24.08,9.02,4.438,2.23,1.0,<Residue ILE het=  resseq=91 icode= >,3o9x_B_A,2.0999
692,0.0,ILE, ,C,22.93,8.08,0.0,3.81,1.0,<Residue ILE het=  resseq=91 icode= >,3o9x_B_A,2.0999
693,25.447,ILE, ,O,21.46,7.95,25.447,3.81,1.0,<Residue ILE het=  resseq=91 icode= >,3o9x_B_A,2.0999
694,0.0,ILE, ,CB,26.22,10.37,0.0,2.25,1.0,<Residue ILE het=  resseq=91 icode= >,3o9x_B_A,2.0999
695,9.472,ILE, ,CG1,23.94,11.48,0.387,2.08,1.0,<Residue ILE het=  resseq=91 icode= >,3o9x_B_A,2.0999
696,4.253,ILE, ,CG2,29.21,10.87,4.253,1.90,1.0,<Residue ILE het=  resseq=91 icode= >,3o9x_B_A,2.0999
697,3.171,ILE, ,CD1,27.83,12.65,0.0,1.62,1.0,<Residue ILE het=  resseq=91 icode= >,3o9x_B_A,2.0999
698,0.0,PHE, ,N,23.31,7.71,0.0,3.03,1.0,<Residue PHE het=  resseq=92 icode= >,3o9x_B_A,2.0999
699,4.14,PHE, ,CA,25.24,7.24,4.14,2.71,1.0,<Residue PHE het=  resseq=92 icode= >,3o9x_B_A,2.0999
700,2.971,PHE, ,C,20.38,5.75,2.951,4.23,1.0,<Residue PHE het=  resseq=92 icode= >,3o9x_B_A,2.0999
701,18.985,PHE, ,O,24.52,5.53,18.852,2.40,1.0,<Residue PHE het=  resseq=92 icode= >,3o9x_B_A,2.0999
702,0.401,PHE, ,CB,24.31,8.07,0.0,2.46,1.0,<Residue PHE het=  resseq=92 icode= >,3o9x_B_A,2.0999
703,0.0,PHE, ,CG,26.37,9.49,0.0,2.72,1.0,<Residue PHE het=  resseq=92 icode= >,3o9x_B_A,2.0999
704,0.338,PHE, ,CD1,29.62,9.97,0.338,2.55,1.0,<Residue PHE het=  resseq=92 icode= >,3o9x_B_A,2.0999
705,0.0,PHE, ,CD2,26.82,10.32,0.0,1.89,1.0,<Residue PHE het=  resseq=92 icode= >,3o9x_B_A,2.0999
706,0.0,PHE, ,CE1,29.65,11.26,0.0,1.84,1.0,<Residue PHE het=  resseq=92 icode= >,3o9x_B_A,2.0999
707,0.961,PHE, ,CE2,24.86,11.65,0.0,1.45,1.0,<Residue PHE het=  resseq=92 icode= >,3o9x_B_A,2.0999
708,0.0,PHE, ,CZ,31.23,12.05,0.0,1.70,1.0,<Residue PHE het=  resseq=92 icode= >,3o9x_B_A,2.0999
709,0.693,GLY, ,N,22.02,5.01,0.693,3.62,1.0,<Residue GLY het=  resseq=93 icode= >,3o9x_B_A,2.0999
710,29.88,GLY, ,CA,21.21,3.59,24.317,2.44,1.0,<Residue GLY het=  resseq=93 icode= >,3o9x_B_A,2.0999
711,2.33,GLY, ,C,23.28,3.62,2.33,3.55,1.0,<Residue GLY het=  resseq=93 icode= >,3o9x_B_A,2.0999
712,0.712,GLY, ,O,20.31,4.81,0.196,3.82,1.0,<Residue GLY het=  resseq=93 icode= >,3o9x_B_A,2.0999
713,13.856,GLY, ,N,23.47,2.72,13.744,2.93,1.0,<Residue GLY het=  resseq=94 icode= >,3o9x_B_A,2.0999
714,23.085,GLY, ,CA,23.12,3.58,23.085,2.27,1.0,<Residue GLY het=  resseq=94 icode= >,3o9x_B_A,2.0999
715,4.817,GLY, ,C,26.28,3.85,4.817,3.53,1.0,<Residue GLY het=  resseq=94 icode= >,3o9x_B_A,2.0999
716,9.435,GLY, ,O,27.94,3.46,9.378,2.73,1.0,<Residue GLY het=  resseq=94 icode= >,3o9x_B_A,2.0999
717,7.316,GLY, ,N,27.69,4.38,4.116,2.72,1.0,<Residue GLY het=  resseq=95 icode= >,3o9x_B_A,2.0999
718,38.205,GLY, ,CA,26.71,3.93,30.788,2.16,1.0,<Residue GLY het=  resseq=95 icode= >,3o9x_B_A,2.0999
719,0.474,GLY, ,C,24.58,5.29,0.023,3.28,1.0,<Residue GLY het=  resseq=95 icode= >,3o9x_B_A,2.0999
720,0.0,GLY, ,O,23.91,5.98,0.0,2.43,1.0,<Residue GLY het=  resseq=95 icode= >,3o9x_B_A,2.0999
721,3.382,VAL, ,N,25.89,5.17,1.353,2.50,1.0,<Residue VAL het=  resseq=96 icode= >,3o9x_B_A,2.0999
722,0.0,VAL, ,CA,26.23,6.07,0.0,2.15,1.0,<Residue VAL het=  resseq=96 icode= >,3o9x_B_A,2.0999
723,0.248,VAL, ,C,22.93,5.78,0.0,3.67,1.0,<Residue VAL het=  resseq=96 icode= >,3o9x_B_A,2.0999
724,7.474,VAL, ,O,27.55,5.29,2.038,2.62,1.0,<Residue VAL het=  resseq=96 icode= >,3o9x_B_A,2.0999
725,6.745,VAL, ,CB,24.58,5.18,0.0,2.48,1.0,<Residue VAL het=  resseq=96 icode= >,3o9x_B_A,2.0999
726,46.494,VAL, ,CG1,32.69,5.66,0.0,0.34,1.0,<Residue VAL het=  resseq=96 icode= >,3o9x_B_A,2.0999
727,37.031,VAL, ,CG2,24.15,3.71,24.746,1.78,1.0,<Residue VAL het=  resseq=96 icode= >,3o9x_B_A,2.0999
728,0.753,ASN, ,N,25.69,5.37,0.619,3.61,1.0,<Residue ASN het=  resseq=97 icode= >,3o9x_B_A,2.0999
729,2.006,ASN, ,CA,23.87,4.66,1.996,2.68,1.0,<Residue ASN het=  resseq=97 icode= >,3o9x_B_A,2.0999
730,0.0,ASN, ,C,22.75,5.49,0.0,3.91,1.0,<Residue ASN het=  resseq=97 icode= >,3o9x_B_A,2.0999
731,0.0,ASN, ,O,24.33,5.27,0.0,3.23,1.0,<Residue ASN het=  resseq=97 icode= >,3o9x_B_A,2.0999
732,5.471,ASN, ,CB,28.47,4.70,3.442,1.77,1.0,<Residue ASN het=  resseq=97 icode= >,3o9x_B_A,2.0999
733,5.592,ASN, ,CG,26.53,3.81,5.592,3.36,1.0,<Residue ASN het=  resseq=97 icode= >,3o9x_B_A,2.0999
734,27.586,ASN, ,OD1,27.15,3.52,24.687,1.48,1.0,<Residue ASN het=  resseq=97 icode= >,3o9x_B_A,2.0999
735,42.356,ASN, ,ND2,25.96,2.70,42.318,2.62,1.0,<Residue ASN het=  resseq=97 icode= >,3o9x_B_A,2.0999
736,0.0,ALA, ,N,24.68,6.48,0.0,2.87,1.0,<Residue ALA het=  resseq=98 icode= >,3o9x_B_A,2.0999
737,1.451,ALA, ,CA,22.78,5.50,0.792,2.98,1.0,<Residue ALA het=  resseq=98 icode= >,3o9x_B_A,2.0999
738,0.0,ALA, ,C,22.13,6.15,0.0,3.86,1.0,<Residue ALA het=  resseq=98 icode= >,3o9x_B_A,2.0999
739,0.0,ALA, ,O,21.74,5.94,0.0,3.69,1.0,<Residue ALA het=  resseq=98 icode= >,3o9x_B_A,2.0999
740,0.057,ALA, ,CB,22.68,5.25,0.057,1.69,1.0,<Residue ALA het=  resseq=98 icode= >,3o9x_B_A,2.0999
741,0.0,PHE, ,N,21.96,7.11,0.0,3.50,1.0,<Residue PHE het=  resseq=99 icode= >,3o9x_B_A,2.0999
742,0.0,PHE, ,CA,22.19,6.43,0.0,2.55,1.0,<Residue PHE het=  resseq=99 icode= >,3o9x_B_A,2.0999
743,0.0,PHE, ,C,22.42,5.03,0.0,3.45,1.0,<Residue PHE het=  resseq=99 icode= >,3o9x_B_A,2.0999
744,0.0,PHE, ,O,19.02,4.87,0.0,4.15,1.0,<Residue PHE het=  resseq=99 icode= >,3o9x_B_A,2.0999
745,0.0,PHE, ,CB,23.91,6.80,0.0,1.73,1.0,<Residue PHE het=  resseq=99 icode= >,3o9x_B_A,2.0999
746,0.0,PHE, ,CG,19.76,8.26,0.0,3.00,1.0,<Residue PHE het=  resseq=99 icode= >,3o9x_B_A,2.0999
747,0.0,PHE, ,CD1,20.25,8.11,0.0,2.63,1.0,<Residue PHE het=  resseq=99 icode= >,3o9x_B_A,2.0999
748,0.0,PHE, ,CD2,20.94,8.78,0.0,3.21,1.0,<Residue PHE het=  resseq=99 icode= >,3o9x_B_A,2.0999
749,0.091,PHE, ,CE1,20.21,8.09,0.0,2.91,1.0,<Residue PHE het=  resseq=99 icode= >,3o9x_B_A,2.0999
750,0.278,PHE, ,CE2,23.24,9.43,0.0,2.64,1.0,<Residue PHE het=  resseq=99 icode= >,3o9x_B_A,2.0999
751,0.0,PHE, ,CZ,22.45,8.77,0.0,2.39,1.0,<Residue PHE het=  resseq=99 icode= >,3o9x_B_A,2.0999
752,0.0,SER, ,N,25.46,4.37,0.0,2.67,1.0,<Residue SER het=  resseq=100 icode= >,3o9x_B_A,2.0999
753,0.491,SER, ,CA,25.32,3.22,0.491,2.74,1.0,<Residue SER het=  resseq=100 icode= >,3o9x_B_A,2.0999
754,0.729,SER, ,C,23.38,4.03,0.0,3.89,1.0,<Residue SER het=  resseq=100 icode= >,3o9x_B_A,2.0999
755,0.02,SER, ,O,26.92,3.89,0.0,3.61,1.0,<Residue SER het=  resseq=100 icode= >,3o9x_B_A,2.0999
756,13.949,SER, ,CB,25.01,3.12,12.118,2.84,1.0,<Residue SER het=  resseq=100 icode= >,3o9x_B_A,2.0999
757,27.438,SER, ,OG,26.93,2.58,25.747,3.09,1.0,<Residue SER het=  resseq=100 icode= >,3o9x_B_A,2.0999
758,0.0,ARG, ,N,25.53,5.29,0.0,3.30,1.0,<Residue ARG het=  resseq=101 icode= >,3o9x_B_A,2.0999
759,1.958,ARG, ,CA,27.76,6.40,0.0,2.83,1.0,<Residue ARG het=  resseq=101 icode= >,3o9x_B_A,2.0999
760,0.0,ARG, ,C,22.66,6.94,0.0,4.35,1.0,<Residue ARG het=  resseq=101 icode= >,3o9x_B_A,2.0999
761,0.0,ARG, ,O,18.9,7.51,0.0,4.27,1.0,<Residue ARG het=  resseq=101 icode= >,3o9x_B_A,2.0999
762,0.025,ARG, ,CB,22.55,6.72,0.0,3.26,1.0,<Residue ARG het=  resseq=101 icode= >,3o9x_B_A,2.0999
763,9.331,ARG, ,CG,27.75,6.60,0.0,1.53,1.0,<Residue ARG het=  resseq=101 icode= >,3o9x_B_A,2.0999
764,26.426,ARG, ,CD,26.99,5.46,1.902,1.95,1.0,<Residue ARG het=  resseq=101 icode= >,3o9x_B_A,2.0999
765,6.621,ARG, ,NE,25.22,5.31,0.331,3.33,1.0,<Residue ARG het=  resseq=101 icode= >,3o9x_B_A,2.0999
766,4.444,ARG, ,CZ,28.53,4.09,0.765,3.55,1.0,<Residue ARG het=  resseq=101 icode= >,3o9x_B_A,2.0999
767,28.768,ARG, ,NH1,32.95,3.09,27.891,1.93,1.0,<Residue ARG het=  resseq=101 icode= >,3o9x_B_A,2.0999
768,40.535,ARG, ,NH2,26.78,3.05,38.389,2.62,1.0,<Residue ARG het=  resseq=101 icode= >,3o9x_B_A,2.0999
769,0.0,TYR, ,N,22.11,7.08,0.0,2.17,1.0,<Residue TYR het=  resseq=102 icode= >,3o9x_B_A,2.0999
770,0.0,TYR, ,CA,19.44,7.72,0.0,2.63,1.0,<Residue TYR het=  resseq=102 icode= >,3o9x_B_A,2.0999
771,0.0,TYR, ,C,23.34,7.31,0.0,3.13,1.0,<Residue TYR het=  resseq=102 icode= >,3o9x_B_A,2.0999
772,2.445,TYR, ,O,25.17,8.13,0.0,2.49,1.0,<Residue TYR het=  resseq=102 icode= >,3o9x_B_A,2.0999
773,0.0,TYR, ,CB,18.86,7.38,0.0,2.31,1.0,<Residue TYR het=  resseq=102 icode= >,3o9x_B_A,2.0999
774,0.0,TYR, ,CG,19.53,5.98,0.0,3.99,1.0,<Residue TYR het=  resseq=102 icode= >,3o9x_B_A,2.0999
775,0.0,TYR, ,CD1,18.3,4.90,0.0,3.46,1.0,<Residue TYR het=  resseq=102 icode= >,3o9x_B_A,2.0999
776,0.371,TYR, ,CD2,18.21,5.98,0.0,2.52,1.0,<Residue TYR het=  resseq=102 icode= >,3o9x_B_A,2.0999
777,7.789,TYR, ,CE1,17.09,3.59,6.903,2.51,1.0,<Residue TYR het=  resseq=102 icode= >,3o9x_B_A,2.0999
778,0.426,TYR, ,CE2,18.31,4.98,0.0,2.72,1.0,<Residue TYR het=  resseq=102 icode= >,3o9x_B_A,2.0999
779,0.0,TYR, ,CZ,20.67,3.65,0.0,3.27,1.0,<Residue TYR het=  resseq=102 icode= >,3o9x_B_A,2.0999
780,16.009,TYR, ,OH,19.38,2.83,15.543,3.72,1.0,<Residue TYR het=  resseq=102 icode= >,3o9x_B_A,2.0999
781,0.0,GLU, ,N,23.02,6.10,0.0,3.07,1.0,<Residue GLU het=  resseq=103 icode= >,3o9x_B_A,2.0999
782,0.0,GLU, ,CA,23.18,5.88,0.0,2.50,1.0,<Residue GLU het=  resseq=103 icode= >,3o9x_B_A,2.0999
783,0.372,GLU, ,C,26.78,5.71,0.0,3.10,1.0,<Residue GLU het=  resseq=103 icode= >,3o9x_B_A,2.0999
784,13.9,GLU, ,O,30.55,5.80,0.0,2.24,1.0,<Residue GLU het=  resseq=103 icode= >,3o9x_B_A,2.0999
785,7.018,GLU, ,CB,27.0,5.00,3.486,2.39,1.0,<Residue GLU het=  resseq=103 icode= >,3o9x_B_A,2.0999
786,0.0,GLU, ,CG,19.61,5.84,0.0,2.76,1.0,<Residue GLU het=  resseq=103 icode= >,3o9x_B_A,2.0999
787,0.0,GLU, ,CD,22.33,5.53,0.0,4.06,1.0,<Residue GLU het=  resseq=103 icode= >,3o9x_B_A,2.0999
788,4.134,GLU, ,OE1,27.24,4.68,0.286,3.14,1.0,<Residue GLU het=  resseq=103 icode= >,3o9x_B_A,2.0999
789,0.0,GLU, ,OE2,26.24,6.46,0.0,2.79,1.0,<Residue GLU het=  resseq=103 icode= >,3o9x_B_A,2.0999
790,0.0,LYS, ,N,27.53,5.53,0.0,3.07,1.0,<Residue LYS het=  resseq=104 icode= >,3o9x_B_A,2.0999
791,2.181,LYS, ,CA,25.63,5.75,0.0,2.80,1.0,<Residue LYS het=  resseq=104 icode= >,3o9x_B_A,2.0999
792,1.091,LYS, ,C,26.02,7.05,0.0,3.61,1.0,<Residue LYS het=  resseq=104 icode= >,3o9x_B_A,2.0999
793,15.288,LYS, ,O,31.05,6.95,0.0,2.13,1.0,<Residue LYS het=  resseq=104 icode= >,3o9x_B_A,2.0999
794,0.151,LYS, ,CB,27.32,4.96,0.0,2.13,1.0,<Residue LYS het=  resseq=104 icode= >,3o9x_B_A,2.0999
795,12.748,LYS, ,CG,27.11,3.86,11.342,1.45,1.0,<Residue LYS het=  resseq=104 icode= >,3o9x_B_A,2.0999
796,30.191,LYS, ,CD,33.05,3.62,21.09,1.37,1.0,<Residue LYS het=  resseq=104 icode= >,3o9x_B_A,2.0999
797,28.77,LYS, ,CE,36.54,3.91,14.053,1.22,1.0,<Residue LYS het=  resseq=104 icode= >,3o9x_B_A,2.0999
798,49.079,LYS, ,NZ,39.0,4.56,6.285,1.10,1.0,<Residue LYS het=  resseq=104 icode= >,3o9x_B_A,2.0999
799,0.0,GLY, ,N,24.95,8.01,0.0,3.66,1.0,<Residue GLY het=  resseq=105 icode= >,3o9x_B_A,2.0999
800,2.582,GLY, ,CA,25.0,8.81,0.0,2.57,1.0,<Residue GLY het=  resseq=105 icode= >,3o9x_B_A,2.0999
801,0.0,GLY, ,C,28.11,7.73,0.0,3.06,1.0,<Residue GLY het=  resseq=105 icode= >,3o9x_B_A,2.0999
802,0.0,GLY, ,O,27.64,7.36,0.0,2.71,1.0,<Residue GLY het=  resseq=105 icode= >,3o9x_B_A,2.0999
803,0.0,ASN, ,N,24.31,7.48,0.0,3.53,1.0,<Residue ASN het=  resseq=106 icode= >,3o9x_B_A,2.0999
804,0.376,ASN, ,CA,30.53,6.88,0.0,2.50,1.0,<Residue ASN het=  resseq=106 icode= >,3o9x_B_A,2.0999
805,0.157,ASN, ,C,24.72,5.41,0.0,4.49,1.0,<Residue ASN het=  resseq=106 icode= >,3o9x_B_A,2.0999
806,6.582,ASN, ,O,25.08,4.58,1.339,3.63,1.0,<Residue ASN het=  resseq=106 icode= >,3o9x_B_A,2.0999
807,21.315,ASN, ,CB,29.83,6.70,0.0,2.58,1.0,<Residue ASN het=  resseq=106 icode= >,3o9x_B_A,2.0999
808,3.039,ASN, ,CG,32.89,5.52,0.0,2.55,1.0,<Residue ASN het=  resseq=106 icode= >,3o9x_B_A,2.0999
809,15.309,ASN, ,OD1,40.01,4.42,5.798,1.66,1.0,<Residue ASN het=  resseq=106 icode= >,3o9x_B_A,2.0999
810,4.752,ASN, ,ND2,32.51,5.99,0.0,1.86,1.0,<Residue ASN het=  resseq=106 icode= >,3o9x_B_A,2.0999
811,0.0,ALA, ,N,24.49,5.01,0.0,2.74,1.0,<Residue ALA het=  resseq=107 icode= >,3o9x_B_A,2.0999
812,2.262,ALA, ,CA,20.86,3.78,2.262,3.05,1.0,<Residue ALA het=  resseq=107 icode= >,3o9x_B_A,2.0999
813,0.0,ALA, ,C,20.03,3.75,0.0,3.22,1.0,<Residue ALA het=  resseq=107 icode= >,3o9x_B_A,2.0999
814,1.004,ALA, ,O,20.21,4.92,0.0,3.74,1.0,<Residue ALA het=  resseq=107 icode= >,3o9x_B_A,2.0999
815,27.207,ALA, ,CB,24.13,4.30,18.245,1.60,1.0,<Residue ALA het=  resseq=107 icode= >,3o9x_B_A,2.0999
816,3.303,GLN, ,N,18.26,2.80,3.303,3.58,1.0,<Residue GLN het=  resseq=108 icode= >,3o9x_B_A,2.0999
817,0.0,GLN, ,CA,18.84,3.59,0.0,3.10,1.0,<Residue GLN het=  resseq=108 icode= >,3o9x_B_A,2.0999
818,0.0,GLN, ,C,20.32,4.32,0.0,4.12,1.0,<Residue GLN het=  resseq=108 icode= >,3o9x_B_A,2.0999
819,19.165,GLN, ,O,22.47,3.29,18.272,2.95,1.0,<Residue GLN het=  resseq=108 icode= >,3o9x_B_A,2.0999
820,0.0,GLN, ,CB,17.81,3.30,0.0,2.73,1.0,<Residue GLN het=  resseq=108 icode= >,3o9x_B_A,2.0999
821,5.009,GLN, ,CG,20.08,4.67,0.0,2.55,1.0,<Residue GLN het=  resseq=108 icode= >,3o9x_B_A,2.0999
822,0.986,GLN, ,CD,19.53,5.77,0.0,3.74,1.0,<Residue GLN het=  resseq=108 icode= >,3o9x_B_A,2.0999
823,3.821,GLN, ,OE1,19.5,6.94,0.0,3.45,1.0,<Residue GLN het=  resseq=108 icode= >,3o9x_B_A,2.0999
824,0.521,GLN, ,NE2,19.55,5.65,0.0,3.06,1.0,<Residue GLN het=  resseq=108 icode= >,3o9x_B_A,2.0999
825,0.0,PRO, ,N,18.04,5.54,0.0,4.19,1.0,<Residue PRO het=  resseq=109 icode= >,3o9x_B_A,2.0999
826,0.46,PRO, ,CA,18.39,4.92,0.46,3.15,1.0,<Residue PRO het=  resseq=109 icode= >,3o9x_B_A,2.0999
827,0.192,PRO, ,C,20.72,4.85,0.0,4.28,1.0,<Residue PRO het=  resseq=109 icode= >,3o9x_B_A,2.0999
828,1.253,PRO, ,O,20.25,5.86,0.0,3.91,1.0,<Residue PRO het=  resseq=109 icode= >,3o9x_B_A,2.0999
829,0.0,PRO, ,CB,20.01,5.94,0.0,2.94,1.0,<Residue PRO het=  resseq=109 icode= >,3o9x_B_A,2.0999
830,0.245,PRO, ,CG,20.15,6.88,0.0,2.67,1.0,<Residue PRO het=  resseq=109 icode= >,3o9x_B_A,2.0999
831,0.392,PRO, ,CD,17.59,6.46,0.0,3.05,1.0,<Residue PRO het=  resseq=109 icode= >,3o9x_B_A,2.0999
832,5.068,HIS, ,N,17.75,4.03,5.068,3.83,1.0,<Residue HIS het=  resseq=110 icode= >,3o9x_B_A,2.0999
833,5.91,HIS, ,CA,19.41,4.59,1.243,2.32,1.0,<Residue HIS het=  resseq=110 icode= >,3o9x_B_A,2.0999
834,0.0,HIS, ,C,16.47,6.04,0.0,3.87,1.0,<Residue HIS het=  resseq=110 icode= >,3o9x_B_A,2.0999
835,0.0,HIS, ,O,15.81,6.44,0.0,4.31,1.0,<Residue HIS het=  resseq=110 icode= >,3o9x_B_A,2.0999
836,13.992,HIS, ,CB,16.91,4.22,13.992,2.91,1.0,<Residue HIS het=  resseq=110 icode= >,3o9x_B_A,2.0999
837,2.362,HIS, ,CG,17.16,4.63,2.362,3.78,1.0,<Residue HIS het=  resseq=110 icode= >,3o9x_B_A,2.0999
838,0.385,HIS, ,ND1,18.17,4.72,0.385,4.23,1.0,<Residue HIS het=  resseq=110 icode= >,3o9x_B_A,2.0999
839,34.641,HIS, ,CD2,15.41,3.42,31.566,2.95,1.0,<Residue HIS het=  resseq=110 icode= >,3o9x_B_A,2.0999
840,27.304,HIS, ,CE1,20.41,3.69,26.896,3.09,1.0,<Residue HIS het=  resseq=110 icode= >,3o9x_B_A,2.0999
841,30.834,HIS, ,NE2,18.49,2.64,30.834,2.93,1.0,<Residue HIS het=  resseq=110 icode= >,3o9x_B_A,2.0999
842,0.0,PRO, ,N,19.26,5.36,0.0,3.94,1.0,<Residue PRO het=  resseq=111 icode= >,3o9x_B_A,2.0999
843,2.181,PRO, ,CA,19.52,5.96,0.0,3.37,1.0,<Residue PRO het=  resseq=111 icode= >,3o9x_B_A,2.0999
844,0.682,PRO, ,C,19.68,7.04,0.682,4.83,1.0,<Residue PRO het=  resseq=111 icode= >,3o9x_B_A,2.0999
845,0.179,PRO, ,O,18.39,8.06,0.0,4.37,1.0,<Residue PRO het=  resseq=111 icode= >,3o9x_B_A,2.0999
846,22.629,PRO, ,CB,19.56,4.98,14.023,3.43,1.0,<Residue PRO het=  resseq=111 icode= >,3o9x_B_A,2.0999
847,42.516,PRO, ,CG,17.89,3.76,21.653,2.37,1.0,<Residue PRO het=  resseq=111 icode= >,3o9x_B_A,2.0999
848,15.104,PRO, ,CD,18.75,3.91,11.71,3.58,1.0,<Residue PRO het=  resseq=111 icode= >,3o9x_B_A,2.0999
849,0.0,SER, ,N,16.77,7.05,0.0,4.70,1.0,<Residue SER het=  resseq=112 icode= >,3o9x_B_A,2.0999
850,2.458,SER, ,CA,19.24,8.24,2.458,3.25,1.0,<Residue SER het=  resseq=112 icode= >,3o9x_B_A,2.0999
851,1.201,SER, ,C,18.62,8.47,1.201,5.31,1.0,<Residue SER het=  resseq=112 icode= >,3o9x_B_A,2.0999
852,2.249,SER, ,O,19.28,9.39,2.249,3.80,1.0,<Residue SER het=  resseq=112 icode= >,3o9x_B_A,2.0999
853,29.482,SER, ,CB,20.75,7.32,29.482,3.55,1.0,<Residue SER het=  resseq=112 icode= >,3o9x_B_A,2.0999
854,35.481,SER, ,OG,22.02,7.26,35.481,3.42,1.0,<Residue SER het=  resseq=112 icode= >,3o9x_B_A,2.0999
855,0.471,THR, ,N,17.94,7.33,0.471,4.41,1.0,<Residue THR het=  resseq=113 icode= >,3o9x_B_A,2.0999
856,2.534,THR, ,CA,20.21,7.33,2.534,3.34,1.0,<Residue THR het=  resseq=113 icode= >,3o9x_B_A,2.0999
857,0.0,THR, ,C,20.65,8.45,0.0,3.48,1.0,<Residue THR het=  resseq=113 icode= >,3o9x_B_A,2.0999
858,0.0,THR, ,O,19.59,9.37,0.0,3.59,1.0,<Residue THR het=  resseq=113 icode= >,3o9x_B_A,2.0999
859,0.0,THR, ,CB,16.78,6.05,0.0,3.56,1.0,<Residue THR het=  resseq=113 icode= >,3o9x_B_A,2.0999
860,9.515,THR, ,OG1,15.71,5.16,9.515,3.88,1.0,<Residue THR het=  resseq=113 icode= >,3o9x_B_A,2.0999
861,0.942,THR, ,CG2,19.19,6.60,0.141,2.08,1.0,<Residue THR het=  resseq=113 icode= >,3o9x_B_A,2.0999
862,0.0,ILE, ,N,18.23,8.58,0.0,3.99,1.0,<Residue ILE het=  resseq=114 icode= >,3o9x_B_A,2.0999
863,0.0,ILE, ,CA,16.79,9.80,0.0,3.38,1.0,<Residue ILE het=  resseq=114 icode= >,3o9x_B_A,2.0999
864,0.0,ILE, ,C,21.5,11.02,0.0,4.07,1.0,<Residue ILE het=  resseq=114 icode= >,3o9x_B_A,2.0999
865,0.0,ILE, ,O,18.81,11.97,0.0,3.99,1.0,<Residue ILE het=  resseq=114 icode= >,3o9x_B_A,2.0999
866,0.513,ILE, ,CB,17.28,9.86,0.0,3.48,1.0,<Residue ILE het=  resseq=114 icode= >,3o9x_B_A,2.0999
867,0.0,ILE, ,CG1,14.81,9.02,0.0,3.83,1.0,<Residue ILE het=  resseq=114 icode= >,3o9x_B_A,2.0999
868,13.064,ILE, ,CG2,20.31,10.81,0.0,2.32,1.0,<Residue ILE het=  resseq=114 icode= >,3o9x_B_A,2.0999
869,7.611,ILE, ,CD1,17.92,8.28,0.0,2.54,1.0,<Residue ILE het=  resseq=114 icode= >,3o9x_B_A,2.0999
870,0.0,LYS, ,N,19.85,11.09,0.0,3.46,1.0,<Residue LYS het=  resseq=115 icode= >,3o9x_B_A,2.0999
871,0.161,LYS, ,CA,20.93,11.88,0.161,2.82,1.0,<Residue LYS het=  resseq=115 icode= >,3o9x_B_A,2.0999
872,0.673,LYS, ,C,21.8,12.78,0.673,3.97,1.0,<Residue LYS het=  resseq=115 icode= >,3o9x_B_A,2.0999
873,0.756,LYS, ,O,22.53,13.96,0.756,3.65,1.0,<Residue LYS het=  resseq=115 icode= >,3o9x_B_A,2.0999
874,12.898,LYS, ,CB,19.07,11.13,12.898,2.76,1.0,<Residue LYS het=  resseq=115 icode= >,3o9x_B_A,2.0999
875,1.739,LYS, ,CG,19.44,10.64,0.755,2.32,1.0,<Residue LYS het=  resseq=115 icode= >,3o9x_B_A,2.0999
876,32.231,LYS, ,CD,20.6,10.52,32.231,2.88,1.0,<Residue LYS het=  resseq=115 icode= >,3o9x_B_A,2.0999
877,37.584,LYS, ,CE,23.88,10.21,28.564,2.03,1.0,<Residue LYS het=  resseq=115 icode= >,3o9x_B_A,2.0999
878,29.666,LYS, ,NZ,22.71,8.92,9.53,1.94,1.0,<Residue LYS het=  resseq=115 icode= >,3o9x_B_A,2.0999
879,0.671,LEU, ,N,22.07,11.88,0.671,2.97,1.0,<Residue LEU het=  resseq=116 icode= >,3o9x_B_A,2.0999
880,2.213,LEU, ,CA,21.41,12.41,2.213,2.94,1.0,<Residue LEU het=  resseq=116 icode= >,3o9x_B_A,2.0999
881,0.0,LEU, ,C,20.01,12.87,0.0,4.43,1.0,<Residue LEU het=  resseq=116 icode= >,3o9x_B_A,2.0999
882,0.0,LEU, ,O,20.92,13.94,0.0,4.16,1.0,<Residue LEU het=  resseq=116 icode= >,3o9x_B_A,2.0999
883,4.772,LEU, ,CB,20.51,11.55,4.772,2.45,1.0,<Residue LEU het=  resseq=116 icode= >,3o9x_B_A,2.0999
884,0.0,LEU, ,CG,19.29,12.26,0.0,2.83,1.0,<Residue LEU het=  resseq=116 icode= >,3o9x_B_A,2.0999
885,24.597,LEU, ,CD1,20.8,13.60,24.597,1.46,1.0,<Residue LEU het=  resseq=116 icode= >,3o9x_B_A,2.0999
886,27.814,LEU, ,CD2,20.62,11.47,27.814,1.85,1.0,<Residue LEU het=  resseq=116 icode= >,3o9x_B_A,2.0999
887,0.0,LEU, ,N,22.84,12.20,0.0,4.06,1.0,<Residue LEU het=  resseq=117 icode= >,3o9x_B_A,2.0999
888,0.0,LEU, ,CA,21.99,12.85,0.0,3.87,1.0,<Residue LEU het=  resseq=117 icode= >,3o9x_B_A,2.0999
889,0.0,LEU, ,C,23.38,14.18,0.0,3.72,1.0,<Residue LEU het=  resseq=117 icode= >,3o9x_B_A,2.0999
890,0.0,LEU, ,O,22.5,15.16,0.0,3.92,1.0,<Residue LEU het=  resseq=117 icode= >,3o9x_B_A,2.0999
891,0.0,LEU, ,CB,22.41,12.05,0.0,2.16,1.0,<Residue LEU het=  resseq=117 icode= >,3o9x_B_A,2.0999
892,0.0,LEU, ,CG,25.75,11.04,0.0,2.43,1.0,<Residue LEU het=  resseq=117 icode= >,3o9x_B_A,2.0999
893,0.874,LEU, ,CD1,28.97,10.85,0.0,1.19,1.0,<Residue LEU het=  resseq=117 icode= >,3o9x_B_A,2.0999
894,0.121,LEU, ,CD2,28.46,11.73,0.0,1.16,1.0,<Residue LEU het=  resseq=117 icode= >,3o9x_B_A,2.0999
895,0.0,ARG, ,N,21.08,14.29,0.0,4.09,1.0,<Residue ARG het=  resseq=118 icode= >,3o9x_B_A,2.0999
896,0.717,ARG, ,CA,20.66,15.62,0.0,3.43,1.0,<Residue ARG het=  resseq=118 icode= >,3o9x_B_A,2.0999
897,1.697,ARG, ,C,22.83,16.60,1.038,4.79,1.0,<Residue ARG het=  resseq=118 icode= >,3o9x_B_A,2.0999
898,6.885,ARG, ,O,20.43,17.75,0.612,4.36,1.0,<Residue ARG het=  resseq=118 icode= >,3o9x_B_A,2.0999
899,11.19,ARG, ,CB,19.34,15.64,6.675,3.42,1.0,<Residue ARG het=  resseq=118 icode= >,3o9x_B_A,2.0999
900,0.243,ARG, ,CG,20.81,15.05,0.0,3.59,1.0,<Residue ARG het=  resseq=118 icode= >,3o9x_B_A,2.0999
901,25.4,ARG, ,CD,24.39,15.08,0.0,2.10,1.0,<Residue ARG het=  resseq=118 icode= >,3o9x_B_A,2.0999
902,2.777,ARG, ,NE,26.21,14.04,0.0,2.29,1.0,<Residue ARG het=  resseq=118 icode= >,3o9x_B_A,2.0999
903,6.952,ARG, ,CZ,22.3,14.26,2.651,3.84,1.0,<Residue ARG het=  resseq=118 icode= >,3o9x_B_A,2.0999
904,49.897,ARG, ,NH1,25.02,15.50,17.001,3.18,1.0,<Residue ARG het=  resseq=118 icode= >,3o9x_B_A,2.0999
905,31.217,ARG, ,NH2,23.31,13.27,8.876,2.53,1.0,<Residue ARG het=  resseq=118 icode= >,3o9x_B_A,2.0999
906,0.009,VAL, ,N,20.51,16.23,0.009,3.93,1.0,<Residue VAL het=  resseq=119 icode= >,3o9x_B_A,2.0999
907,4.839,VAL, ,CA,21.83,17.25,4.822,2.98,1.0,<Residue VAL het=  resseq=119 icode= >,3o9x_B_A,2.0999
908,0.0,VAL, ,C,25.35,17.78,0.0,3.22,1.0,<Residue VAL het=  resseq=119 icode= >,3o9x_B_A,2.0999
909,0.0,VAL, ,O,27.44,19.00,0.0,3.04,1.0,<Residue VAL het=  resseq=119 icode= >,3o9x_B_A,2.0999
910,0.0,VAL, ,CB,22.13,16.86,0.0,2.94,1.0,<Residue VAL het=  resseq=119 icode= >,3o9x_B_A,2.0999
911,17.113,VAL, ,CG1,24.41,17.94,17.113,2.04,1.0,<Residue VAL het=  resseq=119 icode= >,3o9x_B_A,2.0999
912,47.954,VAL, ,CG2,21.25,16.67,47.954,2.60,1.0,<Residue VAL het=  resseq=119 icode= >,3o9x_B_A,2.0999
913,0.0,LEU, ,N,27.2,16.92,0.0,2.62,1.0,<Residue LEU het=  resseq=120 icode= >,3o9x_B_A,2.0999
914,0.0,LEU, ,CA,25.78,17.47,0.0,2.55,1.0,<Residue LEU het=  resseq=120 icode= >,3o9x_B_A,2.0999
915,0.0,LEU, ,C,26.05,17.72,0.0,3.64,1.0,<Residue LEU het=  resseq=120 icode= >,3o9x_B_A,2.0999
916,0.029,LEU, ,O,25.77,17.46,0.0,2.90,1.0,<Residue LEU het=  resseq=120 icode= >,3o9x_B_A,2.0999
917,0.0,LEU, ,CB,25.44,16.47,0.0,2.12,1.0,<Residue LEU het=  resseq=120 icode= >,3o9x_B_A,2.0999
918,0.0,LEU, ,CG,26.53,15.97,0.0,2.55,1.0,<Residue LEU het=  resseq=120 icode= >,3o9x_B_A,2.0999
919,0.0,LEU, ,CD1,22.97,14.92,0.0,2.00,1.0,<Residue LEU het=  resseq=120 icode= >,3o9x_B_A,2.0999
920,1.011,LEU, ,CD2,27.29,17.19,1.011,1.22,1.0,<Residue LEU het=  resseq=120 icode= >,3o9x_B_A,2.0999
921,0.0,ASP, ,N,27.32,17.73,0.0,2.43,1.0,<Residue ASP het=  resseq=121 icode= >,3o9x_B_A,2.0999
922,0.0,ASP, ,CA,28.12,17.52,0.0,2.92,1.0,<Residue ASP het=  resseq=121 icode= >,3o9x_B_A,2.0999
923,0.07,ASP, ,C,31.15,18.70,0.0,3.70,1.0,<Residue ASP het=  resseq=121 icode= >,3o9x_B_A,2.0999
924,15.821,ASP, ,O,26.57,18.59,0.0,3.49,1.0,<Residue ASP het=  resseq=121 icode= >,3o9x_B_A,2.0999
925,0.263,ASP, ,CB,26.81,17.54,0.0,2.16,1.0,<Residue ASP het=  resseq=121 icode= >,3o9x_B_A,2.0999
926,2.057,ASP, ,CG,29.39,17.56,0.0,3.85,1.0,<Residue ASP het=  resseq=121 icode= >,3o9x_B_A,2.0999
927,7.639,ASP, ,OD1,29.63,16.80,0.0,3.68,1.0,<Residue ASP het=  resseq=121 icode= >,3o9x_B_A,2.0999
928,25.375,ASP, ,OD2,30.74,18.46,0.0,3.21,1.0,<Residue ASP het=  resseq=121 icode= >,3o9x_B_A,2.0999
929,0.0,LYS, ,N,24.71,1000.00,0.0,3.79,1.0,<Residue LYS het=  resseq=122 icode= >,3o9x_B_A,2.0999
930,9.228,LYS, ,CA,24.37,1000.00,0.0,3.24,1.0,<Residue LYS het=  resseq=122 icode= >,3o9x_B_A,2.0999
931,0.0,LYS, ,C,28.79,1000.00,0.0,3.31,1.0,<Residue LYS het=  resseq=122 icode= >,3o9x_B_A,2.0999
932,21.163,LYS, ,O,30.12,1000.00,0.0,2.06,1.0,<Residue LYS het=  resseq=122 icode= >,3o9x_B_A,2.0999
933,42.379,LYS, ,CB,29.17,1000.00,7.574,2.12,1.0,<Residue LYS het=  resseq=122 icode= >,3o9x_B_A,2.0999
934,0.0,HIS, ,N,28.84,1000.00,0.0,2.55,1.0,<Residue HIS het=  resseq=123 icode= >,3o9x_B_A,2.0999
935,0.161,HIS, ,CA,28.93,1000.00,0.0,2.77,1.0,<Residue HIS het=  resseq=123 icode= >,3o9x_B_A,2.0999
936,0.0,HIS, ,C,27.5,1000.00,0.0,3.27,1.0,<Residue HIS het=  resseq=123 icode= >,3o9x_B_A,2.0999
937,0.0,HIS, ,O,27.78,1000.00,0.0,2.23,1.0,<Residue HIS het=  resseq=123 icode= >,3o9x_B_A,2.0999
938,0.092,HIS, ,CB,27.69,1000.00,0.0,2.27,1.0,<Residue HIS het=  resseq=123 icode= >,3o9x_B_A,2.0999
939,1.087,HIS, ,CG,29.88,1000.00,0.443,2.90,1.0,<Residue HIS het=  resseq=123 icode= >,3o9x_B_A,2.0999
940,13.054,HIS, ,ND1,33.67,1000.00,0.0,2.67,1.0,<Residue HIS het=  resseq=123 icode= >,3o9x_B_A,2.0999
941,11.518,HIS, ,CD2,28.65,1000.00,11.518,2.37,1.0,<Residue HIS het=  resseq=123 icode= >,3o9x_B_A,2.0999
942,40.982,HIS, ,CE1,33.17,1000.00,5.87,2.11,1.0,<Residue HIS het=  resseq=123 icode= >,3o9x_B_A,2.0999
943,26.052,HIS, ,NE2,34.15,1000.00,25.893,2.87,1.0,<Residue HIS het=  resseq=123 icode= >,3o9x_B_A,2.0999
944,0.0,PRO, ,N,26.33,1000.00,0.0,4.16,1.0,<Residue PRO het=  resseq=124 icode= >,3o9x_B_A,2.0999
945,0.0,PRO, ,CA,30.8,1000.00,0.0,2.27,1.0,<Residue PRO het=  resseq=124 icode= >,3o9x_B_A,2.0999
946,1.29,PRO, ,C,30.22,1000.00,0.0,3.30,1.0,<Residue PRO het=  resseq=124 icode= >,3o9x_B_A,2.0999
947,4.756,PRO, ,O,32.42,1000.00,0.0,2.46,1.0,<Residue PRO het=  resseq=124 icode= >,3o9x_B_A,2.0999
948,11.349,PRO, ,CB,33.87,1000.00,0.0,1.64,1.0,<Residue PRO het=  resseq=124 icode= >,3o9x_B_A,2.0999
949,33.002,PRO, ,CG,29.65,1000.00,0.0,1.82,1.0,<Residue PRO het=  resseq=124 icode= >,3o9x_B_A,2.0999
950,6.345,PRO, ,CD,26.95,1000.00,0.0,2.69,1.0,<Residue PRO het=  resseq=124 icode= >,3o9x_B_A,2.0999
951,0.714,GLU, ,N,31.09,1000.00,0.0,3.39,1.0,<Residue GLU het=  resseq=125 icode= >,3o9x_B_A,2.0999
952,12.586,GLU, ,CA,32.78,1000.00,0.0,2.82,1.0,<Residue GLU het=  resseq=125 icode= >,3o9x_B_A,2.0999
953,0.074,GLU, ,C,29.0,1000.00,0.0,3.86,1.0,<Residue GLU het=  resseq=125 icode= >,3o9x_B_A,2.0999
954,6.746,GLU, ,O,31.33,1000.00,0.0,2.65,1.0,<Residue GLU het=  resseq=125 icode= >,3o9x_B_A,2.0999
955,33.494,GLU, ,CB,29.45,1000.00,0.0,1.87,1.0,<Residue GLU het=  resseq=125 icode= >,3o9x_B_A,2.0999
956,25.583,GLU, ,CG,32.21,1000.00,0.0,1.63,1.0,<Residue GLU het=  resseq=125 icode= >,3o9x_B_A,2.0999
957,8.375,GLU, ,CD,33.8,1000.00,0.0,2.08,1.0,<Residue GLU het=  resseq=125 icode= >,3o9x_B_A,2.0999
958,9.782,GLU, ,OE1,33.53,1000.00,0.0,2.13,1.0,<Residue GLU het=  resseq=125 icode= >,3o9x_B_A,2.0999
959,18.175,GLU, ,OE2,32.88,1000.00,0.0,0.85,1.0,<Residue GLU het=  resseq=125 icode= >,3o9x_B_A,2.0999
960,0.0,LEU, ,N,29.41,1000.00,0.0,3.18,1.0,<Residue LEU het=  resseq=126 icode= >,3o9x_B_A,2.0999
961,0.073,LEU, ,CA,29.55,1000.00,0.0,2.67,1.0,<Residue LEU het=  resseq=126 icode= >,3o9x_B_A,2.0999
962,0.0,LEU, ,C,28.25,1000.00,0.0,3.88,1.0,<Residue LEU het=  resseq=126 icode= >,3o9x_B_A,2.0999
963,0.726,LEU, ,O,25.12,1000.00,0.726,3.03,1.0,<Residue LEU het=  resseq=126 icode= >,3o9x_B_A,2.0999
964,3.675,LEU, ,CB,26.84,1000.00,3.675,2.87,1.0,<Residue LEU het=  resseq=126 icode= >,3o9x_B_A,2.0999
965,0.0,LEU, ,CG,27.18,1000.00,0.0,2.86,1.0,<Residue LEU het=  resseq=126 icode= >,3o9x_B_A,2.0999
966,29.464,LEU, ,CD1,26.64,1000.00,27.725,1.28,1.0,<Residue LEU het=  resseq=126 icode= >,3o9x_B_A,2.0999
967,23.491,LEU, ,CD2,28.09,1000.00,12.076,1.58,1.0,<Residue LEU het=  resseq=126 icode= >,3o9x_B_A,2.0999
968,0.0,LEU, ,N,26.97,19.08,0.0,3.93,1.0,<Residue LEU het=  resseq=127 icode= >,3o9x_B_A,2.0999
969,0.0,LEU, ,CA,30.01,18.02,0.0,2.43,1.0,<Residue LEU het=  resseq=127 icode= >,3o9x_B_A,2.0999
970,0.0,LEU, ,C,29.15,18.43,0.0,4.37,1.0,<Residue LEU het=  resseq=127 icode= >,3o9x_B_A,2.0999
971,0.0,LEU, ,O,27.07,18.11,0.0,3.87,1.0,<Residue LEU het=  resseq=127 icode= >,3o9x_B_A,2.0999
972,1.579,LEU, ,CB,27.27,16.67,0.0,2.46,1.0,<Residue LEU het=  resseq=127 icode= >,3o9x_B_A,2.0999
973,0.0,LEU, ,CG,32.6,15.54,0.0,2.62,1.0,<Residue LEU het=  resseq=127 icode= >,3o9x_B_A,2.0999
974,0.0,LEU, ,CD1,28.23,15.39,0.0,2.37,1.0,<Residue LEU het=  resseq=127 icode= >,3o9x_B_A,2.0999
975,1.931,LEU, ,CD2,25.62,14.28,0.0,1.91,1.0,<Residue LEU het=  resseq=127 icode= >,3o9x_B_A,2.0999
976,0.655,ASN, ,N,29.43,1000.00,0.0,3.10,1.0,<Residue ASN het=  resseq=128 icode= >,3o9x_B_A,2.0999
977,1.79,ASN, ,CA,30.38,1000.00,0.0,2.48,1.0,<Residue ASN het=  resseq=128 icode= >,3o9x_B_A,2.0999
978,1.023,ASN, ,C,29.67,1000.00,0.0,3.74,1.0,<Residue ASN het=  resseq=128 icode= >,3o9x_B_A,2.0999
979,24.069,ASN, ,O,29.84,1000.00,0.0,3.09,1.0,<Residue ASN het=  resseq=128 icode= >,3o9x_B_A,2.0999
980,53.123,ASN, ,CB,27.98,1000.00,0.0,2.36,1.0,<Residue ASN het=  resseq=128 icode= >,3o9x_B_A,2.0999
981,0.0,GLU, ,N,25.81,1000.00,0.0,2.94,1.0,<Residue GLU het=  resseq=129 icode= >,3o9x_B_A,2.0999
982,8.944,GLU, ,CA,25.64,1000.00,0.0,3.37,1.0,<Residue GLU het=  resseq=129 icode= >,3o9x_B_A,2.0999
983,0.516,GLU, ,C,26.69,1000.00,0.0,3.50,1.0,<Residue GLU het=  resseq=129 icode= >,3o9x_B_A,2.0999
984,30.163,GLU, ,O,27.7,1000.00,8.771,2.64,1.0,<Residue GLU het=  resseq=129 icode= >,3o9x_B_A,2.0999
985,6.026,GLU, ,CB,31.4,1000.00,0.162,2.41,1.0,<Residue GLU het=  resseq=129 icode= >,3o9x_B_A,2.0999
986,21.646,GLU, ,CG,29.6,1000.00,1.062,2.19,1.0,<Residue GLU het=  resseq=129 icode= >,3o9x_B_A,2.0999
987,7.703,GLU, ,CD,29.84,1000.00,7.565,2.85,1.0,<Residue GLU het=  resseq=129 icode= >,3o9x_B_A,2.0999
988,29.694,GLU, ,OE1,34.6,1000.00,27.436,1.91,1.0,<Residue GLU het=  resseq=129 icode= >,3o9x_B_A,2.0999
989,31.114,GLU, ,OE2,32.55,1000.00,23.207,2.41,1.0,<Residue GLU het=  resseq=129 icode= >,3o9x_B_A,2.0999
990,0.0,ILE, ,N,25.78,16.79,0.0,2.98,1.0,<Residue ILE het=  resseq=130 icode= >,3o9x_B_A,2.0999
991,6.293,ILE, ,CA,24.25,15.45,6.039,2.88,1.0,<Residue ILE het=  resseq=130 icode= >,3o9x_B_A,2.0999
992,1.246,ILE, ,C,28.58,14.63,0.84,3.50,1.0,<Residue ILE het=  resseq=130 icode= >,3o9x_B_A,2.0999
993,21.821,ILE, ,O,29.45,13.53,21.22,2.12,1.0,<Residue ILE het=  resseq=130 icode= >,3o9x_B_A,2.0999
994,7.219,ILE, ,CB,24.39,14.72,7.219,1.45,1.0,<Residue ILE het=  resseq=130 icode= >,3o9x_B_A,2.0999
995,0.073,ILE, ,CG1,25.09,14.75,0.073,1.57,1.0,<Residue ILE het=  resseq=130 icode= >,3o9x_B_A,2.0999
996,44.678,ILE, ,CG2,21.24,15.48,43.032,1.61,1.0,<Residue ILE het=  resseq=130 icode= >,3o9x_B_A,2.0999
997,13.038,ILE, ,CD1,23.38,14.23,13.038,1.14,1.0,<Residue ILE het=  resseq=130 icode= >,3o9x_B_A,2.0999
998,0.0,ARG, ,N,31.15,15.27,0.0,2.81,1.0,<Residue ARG het=  resseq=131 icode= >,3o9x_B_A,2.0999
999,0.167,ARG, ,CA,32.19,14.79,0.167,3.11,1.0,<Residue ARG het=  resseq=131 icode= >,3o9x_B_A,2.0999
1000,4.001,ARG, ,C,32.68,14.84,0.0,3.09,1.0,<Residue ARG het=  resseq=131 icode= >,3o9x_B_A,2.0999
1001,32.046,ARG, ,O,34.96,15.79,0.0,1.94,1.0,<Residue ARG het=  resseq=131 icode= >,3o9x_B_A,2.0999
1002,2.644,ARG, ,CB,31.37,15.79,0.0,2.49,1.0,<Residue ARG het=  resseq=131 icode= >,3o9x_B_A,2.0999
1003,5.105,ARG, ,CG,35.18,15.22,0.0,1.46,1.0,<Residue ARG het=  resseq=131 icode= >,3o9x_B_A,2.0999
1004,33.3,ARG, ,CD,33.63,14.61,0.0,2.73,1.0,<Residue ARG het=  resseq=131 icode= >,3o9x_B_A,2.0999
1005,6.89,ARG, ,NE,38.14,15.09,0.0,2.45,1.0,<Residue ARG het=  resseq=131 icode= >,3o9x_B_A,2.0999
1006,4.041,ARG, ,CZ,37.91,14.40,0.0,2.94,1.0,<Residue ARG het=  resseq=131 icode= >,3o9x_B_A,2.0999
1007,21.321,ARG, ,NH1,34.71,13.09,0.0,3.18,1.0,<Residue ARG het=  resseq=131 icode= >,3o9x_B_A,2.0999
1008,30.233,ARG, ,NH2,36.01,15.11,0.0,2.19,1.0,<Residue ARG het=  resseq=131 icode= >,3o9x_B_A,2.0999
1009,32.874,ARG, ,OXT,37.46,14.06,2.303,2.26,1.0,<Residue ARG het=  resseq=131 icode= >,3o9x_B_A,2.0999
