,ASA,aa,altloc,atom,bfac,d2r,dASA,dens,occ,residue,id,resolu
0,45.48,PHE, ,N,68.66,18.32,0.0,1.66,1.0,<Residue PHE het=  resseq=9 icode= >,3oa6_A_A,2.35
1,33.703,PHE, ,CA,67.54,18.88,0.0,1.78,1.0,<Residue PHE het=  resseq=9 icode= >,3oa6_A_A,2.35
2,4.597,PHE, ,C,65.82,19.37,0.0,2.84,1.0,<Residue PHE het=  resseq=9 icode= >,3oa6_A_A,2.35
3,20.39,PHE, ,O,66.92,19.80,0.0,1.62,1.0,<Residue PHE het=  resseq=9 icode= >,3oa6_A_A,2.35
4,2.632,LYS, ,N,81.6,1000.00,0.0,2.45,1.0,<Residue LYS het=  resseq=10 icode= >,3oa6_A_A,2.35
5,10.49,LYS, ,CA,78.16,1000.00,0.0,2.72,1.0,<Residue LYS het=  resseq=10 icode= >,3oa6_A_A,2.35
6,0.188,LYS, ,C,75.1,1000.00,0.0,3.18,1.0,<Residue LYS het=  resseq=10 icode= >,3oa6_A_A,2.35
7,8.646,LYS, ,O,73.21,1000.00,0.0,2.39,1.0,<Residue LYS het=  resseq=10 icode= >,3oa6_A_A,2.35
8,7.384,LYS, ,CB,77.0,1000.00,0.0,1.93,1.0,<Residue LYS het=  resseq=10 icode= >,3oa6_A_A,2.35
9,9.846,LYS, ,CG,77.5,1000.00,0.0,1.15,1.0,<Residue LYS het=  resseq=10 icode= >,3oa6_A_A,2.35
10,11.752,LYS, ,CD,76.68,1000.00,0.0,1.17,1.0,<Residue LYS het=  resseq=10 icode= >,3oa6_A_A,2.35
11,12.504,LYS, ,CE,76.65,1000.00,0.0,0.92,1.0,<Residue LYS het=  resseq=10 icode= >,3oa6_A_A,2.35
12,48.833,LYS, ,NZ,76.95,1000.00,0.0,0.83,1.0,<Residue LYS het=  resseq=10 icode= >,3oa6_A_A,2.35
13,0.0,PHE, ,N,72.73,17.90,0.0,2.81,1.0,<Residue PHE het=  resseq=11 icode= >,3oa6_A_A,2.35
14,0.468,PHE, ,CA,70.31,17.52,0.0,3.27,1.0,<Residue PHE het=  resseq=11 icode= >,3oa6_A_A,2.35
15,0.383,PHE, ,C,71.86,16.97,0.0,4.05,1.0,<Residue PHE het=  resseq=11 icode= >,3oa6_A_A,2.35
16,1.247,PHE, ,O,71.69,16.54,0.0,2.24,1.0,<Residue PHE het=  resseq=11 icode= >,3oa6_A_A,2.35
17,0.0,PHE, ,CB,66.17,16.27,0.0,2.57,1.0,<Residue PHE het=  resseq=11 icode= >,3oa6_A_A,2.35
18,0.0,PHE, ,CG,63.2,16.39,0.0,4.20,1.0,<Residue PHE het=  resseq=11 icode= >,3oa6_A_A,2.35
19,0.0,PHE, ,CD1,62.48,17.22,0.0,3.10,1.0,<Residue PHE het=  resseq=11 icode= >,3oa6_A_A,2.35
20,0.0,PHE, ,CD2,61.92,15.81,0.0,3.20,1.0,<Residue PHE het=  resseq=11 icode= >,3oa6_A_A,2.35
21,0.0,PHE, ,CE1,61.15,17.47,0.0,2.41,1.0,<Residue PHE het=  resseq=11 icode= >,3oa6_A_A,2.35
22,0.1,PHE, ,CE2,60.42,16.09,0.0,3.97,1.0,<Residue PHE het=  resseq=11 icode= >,3oa6_A_A,2.35
23,0.0,PHE, ,CZ,59.78,16.93,0.0,3.40,1.0,<Residue PHE het=  resseq=11 icode= >,3oa6_A_A,2.35
24,0.013,HIS, ,N,74.47,16.86,0.0,2.77,1.0,<Residue HIS het=  resseq=12 icode= >,3oa6_A_A,2.35
25,2.328,HIS, ,CA,78.21,16.36,0.0,2.08,1.0,<Residue HIS het=  resseq=12 icode= >,3oa6_A_A,2.35
26,0.0,HIS, ,C,78.31,15.36,0.0,2.70,1.0,<Residue HIS het=  resseq=12 icode= >,3oa6_A_A,2.35
27,0.0,HIS, ,O,78.53,15.42,0.0,1.17,1.0,<Residue HIS het=  resseq=12 icode= >,3oa6_A_A,2.35
28,31.95,HIS, ,CB,80.99,17.59,0.0,0.94,1.0,<Residue HIS het=  resseq=12 icode= >,3oa6_A_A,2.35
29,2.445,HIS, ,CG,82.47,18.21,0.0,1.46,1.0,<Residue HIS het=  resseq=12 icode= >,3oa6_A_A,2.35
30,9.164,HIS, ,ND1,82.66,18.90,0.0,1.30,1.0,<Residue HIS het=  resseq=12 icode= >,3oa6_A_A,2.35
31,21.754,HIS, ,CD2,84.37,18.38,0.0,1.33,1.0,<Residue HIS het=  resseq=12 icode= >,3oa6_A_A,2.35
32,22.654,HIS, ,CE1,82.74,19.43,0.0,1.35,1.0,<Residue HIS het=  resseq=12 icode= >,3oa6_A_A,2.35
33,23.011,HIS, ,NE2,84.06,19.13,0.0,1.26,1.0,<Residue HIS het=  resseq=12 icode= >,3oa6_A_A,2.35
34,2.49,SER, ,N,78.89,14.54,0.0,2.11,1.0,<Residue SER het=  resseq=13 icode= >,3oa6_A_A,2.35
35,0.0,SER, ,CA,78.15,13.67,0.0,2.67,1.0,<Residue SER het=  resseq=13 icode= >,3oa6_A_A,2.35
36,0.666,SER, ,C,76.36,14.57,0.0,3.27,1.0,<Residue SER het=  resseq=13 icode= >,3oa6_A_A,2.35
37,11.005,SER, ,O,78.94,15.66,0.0,1.28,1.0,<Residue SER het=  resseq=13 icode= >,3oa6_A_A,2.35
38,36.327,SER, ,CB,79.97,13.10,0.0,1.20,1.0,<Residue SER het=  resseq=13 icode= >,3oa6_A_A,2.35
39,4.828,SER, ,OG,80.64,11.89,0.0,0.35,1.0,<Residue SER het=  resseq=13 icode= >,3oa6_A_A,2.35
40,1.293,GLY, ,N,73.59,14.18,0.0,1.78,1.0,<Residue GLY het=  resseq=14 icode= >,3oa6_A_A,2.35
41,28.739,GLY, ,CA,71.68,15.10,0.0,2.02,1.0,<Residue GLY het=  resseq=14 icode= >,3oa6_A_A,2.35
42,2.807,GLY, ,C,69.16,15.88,0.0,3.35,1.0,<Residue GLY het=  resseq=14 icode= >,3oa6_A_A,2.35
43,17.329,GLY, ,O,69.45,16.42,0.0,2.04,1.0,<Residue GLY het=  resseq=14 icode= >,3oa6_A_A,2.35
44,0.0,GLU, ,N,68.27,16.04,0.0,2.66,1.0,<Residue GLU het=  resseq=15 icode= >,3oa6_A_A,2.35
45,3.73,GLU, ,CA,67.32,16.97,0.0,2.68,1.0,<Residue GLU het=  resseq=15 icode= >,3oa6_A_A,2.35
46,0.0,GLU, ,C,64.42,16.61,0.0,3.35,1.0,<Residue GLU het=  resseq=15 icode= >,3oa6_A_A,2.35
47,0.0,GLU, ,O,64.34,15.54,0.0,1.84,1.0,<Residue GLU het=  resseq=15 icode= >,3oa6_A_A,2.35
48,0.0,GLU, ,CB,68.78,17.36,0.0,1.24,1.0,<Residue GLU het=  resseq=15 icode= >,3oa6_A_A,2.35
49,10.946,GLU, ,CG,69.69,18.73,0.0,1.48,1.0,<Residue GLU het=  resseq=15 icode= >,3oa6_A_A,2.35
50,1.358,GLU, ,CD,72.11,19.22,0.0,1.61,1.0,<Residue GLU het=  resseq=15 icode= >,3oa6_A_A,2.35
51,0.059,GLU, ,OE1,74.37,18.58,0.0,0.84,1.0,<Residue GLU het=  resseq=15 icode= >,3oa6_A_A,2.35
52,8.476,GLU, ,OE2,73.54,20.03,0.0,1.03,1.0,<Residue GLU het=  resseq=15 icode= >,3oa6_A_A,2.35
53,2.901,LYS, ,N,62.6,17.67,0.0,2.79,1.0,<Residue LYS het=  resseq=16 icode= >,3oa6_A_A,2.35
54,0.0,LYS, ,CA,61.83,17.84,0.0,3.00,1.0,<Residue LYS het=  resseq=16 icode= >,3oa6_A_A,2.35
55,0.0,LYS, ,C,58.83,17.85,0.0,4.36,1.0,<Residue LYS het=  resseq=16 icode= >,3oa6_A_A,2.35
56,3.668,LYS, ,O,59.62,18.63,0.0,3.15,1.0,<Residue LYS het=  resseq=16 icode= >,3oa6_A_A,2.35
57,23.452,LYS, ,CB,64.27,18.94,0.0,2.71,1.0,<Residue LYS het=  resseq=16 icode= >,3oa6_A_A,2.35
58,0.446,LYS, ,CG,66.46,19.55,0.0,1.32,1.0,<Residue LYS het=  resseq=16 icode= >,3oa6_A_A,2.35
59,28.65,LYS, ,CD,68.63,20.94,0.0,0.74,1.0,<Residue LYS het=  resseq=16 icode= >,3oa6_A_A,2.35
60,22.372,LYS, ,CE,68.8,21.02,0.0,0.88,1.0,<Residue LYS het=  resseq=16 icode= >,3oa6_A_A,2.35
61,22.192,LYS, ,NZ,69.77,20.19,0.0,0.86,1.0,<Residue LYS het=  resseq=16 icode= >,3oa6_A_A,2.35
62,0.0,VAL, ,N,55.18,16.84,0.0,3.41,1.0,<Residue VAL het=  resseq=17 icode= >,3oa6_A_A,2.35
63,0.0,VAL, ,CA,52.95,16.68,0.0,3.88,1.0,<Residue VAL het=  resseq=17 icode= >,3oa6_A_A,2.35
64,0.0,VAL, ,C,52.39,16.32,0.0,3.92,1.0,<Residue VAL het=  resseq=17 icode= >,3oa6_A_A,2.35
65,0.085,VAL, ,O,53.42,16.12,0.0,2.04,1.0,<Residue VAL het=  resseq=17 icode= >,3oa6_A_A,2.35
66,0.0,VAL, ,CB,52.21,15.75,0.0,3.40,1.0,<Residue VAL het=  resseq=17 icode= >,3oa6_A_A,2.35
67,0.0,VAL, ,CG1,52.79,16.49,0.0,1.62,1.0,<Residue VAL het=  resseq=17 icode= >,3oa6_A_A,2.35
68,0.0,VAL, ,CG2,50.83,14.42,0.0,1.24,1.0,<Residue VAL het=  resseq=17 icode= >,3oa6_A_A,2.35
69,0.0,LEU, ,N,53.06,16.41,0.0,2.96,1.0,<Residue LEU het=  resseq=18 icode= >,3oa6_A_A,2.35
70,0.0,LEU, ,CA,51.31,16.07,0.0,3.67,1.0,<Residue LEU het=  resseq=18 icode= >,3oa6_A_A,2.35
71,0.0,LEU, ,C,53.92,14.89,0.0,4.28,1.0,<Residue LEU het=  resseq=18 icode= >,3oa6_A_A,2.35
72,0.0,LEU, ,O,56.0,14.88,0.0,2.84,1.0,<Residue LEU het=  resseq=18 icode= >,3oa6_A_A,2.35
73,0.0,LEU, ,CB,50.32,17.23,0.0,2.67,1.0,<Residue LEU het=  resseq=18 icode= >,3oa6_A_A,2.35
74,0.0,LEU, ,CG,50.62,18.55,0.0,2.94,1.0,<Residue LEU het=  resseq=18 icode= >,3oa6_A_A,2.35
75,0.0,LEU, ,CD1,50.39,19.73,0.0,1.28,1.0,<Residue LEU het=  resseq=18 icode= >,3oa6_A_A,2.35
76,0.0,LEU, ,CD2,48.76,18.57,0.0,2.16,1.0,<Residue LEU het=  resseq=18 icode= >,3oa6_A_A,2.35
77,0.0,CYS, ,N,52.82,14.02,0.0,3.62,1.0,<Residue CYS het=  resseq=19 icode= >,3oa6_A_A,2.35
78,0.0,CYS, ,CA,54.13,12.85,0.0,3.10,1.0,<Residue CYS het=  resseq=19 icode= >,3oa6_A_A,2.35
79,0.0,CYS, ,C,54.08,12.72,0.0,4.79,1.0,<Residue CYS het=  resseq=19 icode= >,3oa6_A_A,2.35
80,0.0,CYS, ,O,53.6,12.91,0.0,2.96,1.0,<Residue CYS het=  resseq=19 icode= >,3oa6_A_A,2.35
81,0.0,CYS, ,CB,55.38,11.59,0.0,1.97,1.0,<Residue CYS het=  resseq=19 icode= >,3oa6_A_A,2.35
82,0.512,CYS, ,SG,60.07,10.09,0.0,4.37,1.0,<Residue CYS het=  resseq=19 icode= >,3oa6_A_A,2.35
83,0.0,PHE, ,N,53.57,12.59,0.0,3.88,1.0,<Residue PHE het=  resseq=20 icode= >,3oa6_A_A,2.35
84,0.0,PHE, ,CA,57.24,12.67,0.0,3.15,1.0,<Residue PHE het=  resseq=20 icode= >,3oa6_A_A,2.35
85,0.0,PHE, ,C,57.05,11.56,0.0,4.14,1.0,<Residue PHE het=  resseq=20 icode= >,3oa6_A_A,2.35
86,0.0,PHE, ,O,56.9,10.45,0.0,2.72,1.0,<Residue PHE het=  resseq=20 icode= >,3oa6_A_A,2.35
87,5.711,PHE, ,CB,57.27,12.95,0.0,1.72,1.0,<Residue PHE het=  resseq=20 icode= >,3oa6_A_A,2.35
88,2.301,PHE, ,CG,57.46,14.39,0.0,3.18,1.0,<Residue PHE het=  resseq=20 icode= >,3oa6_A_A,2.35
89,1.187,PHE, ,CD1,57.44,15.42,0.0,2.42,1.0,<Residue PHE het=  resseq=20 icode= >,3oa6_A_A,2.35
90,3.048,PHE, ,CD2,57.41,14.79,0.0,2.13,1.0,<Residue PHE het=  resseq=20 icode= >,3oa6_A_A,2.35
91,0.0,PHE, ,CE1,58.22,16.70,0.0,3.11,1.0,<Residue PHE het=  resseq=20 icode= >,3oa6_A_A,2.35
92,8.46,PHE, ,CE2,57.4,16.17,0.0,3.41,1.0,<Residue PHE het=  resseq=20 icode= >,3oa6_A_A,2.35
93,6.959,PHE, ,CZ,58.91,17.06,0.0,3.42,1.0,<Residue PHE het=  resseq=20 icode= >,3oa6_A_A,2.35
94,0.0,GLU, ,N,60.65,12.08,0.0,3.35,1.0,<Residue GLU het=  resseq=21 icode= >,3oa6_A_A,2.35
95,0.0,GLU, ,CA,63.38,11.40,0.0,3.35,1.0,<Residue GLU het=  resseq=21 icode= >,3oa6_A_A,2.35
96,0.0,GLU, ,C,64.56,10.28,0.0,4.02,1.0,<Residue GLU het=  resseq=21 icode= >,3oa6_A_A,2.35
97,10.036,GLU, ,O,65.25,10.62,0.0,2.52,1.0,<Residue GLU het=  resseq=21 icode= >,3oa6_A_A,2.35
98,1.851,GLU, ,CB,66.5,12.23,0.0,1.09,1.0,<Residue GLU het=  resseq=21 icode= >,3oa6_A_A,2.35
99,0.818,GLU, ,CG,68.54,11.25,0.0,0.81,1.0,<Residue GLU het=  resseq=21 icode= >,3oa6_A_A,2.35
100,1.611,GLU, ,CD,70.78,10.52,0.234,1.30,1.0,<Residue GLU het=  resseq=21 icode= >,3oa6_A_A,2.35
101,10.178,GLU, ,OE1,71.0,9.51,6.958,1.04,1.0,<Residue GLU het=  resseq=21 icode= >,3oa6_A_A,2.35
102,8.789,GLU, ,OE2,72.52,10.28,5.315,0.88,1.0,<Residue GLU het=  resseq=21 icode= >,3oa6_A_A,2.35
103,0.0,PRO, ,N,66.81,9.07,0.0,4.46,1.0,<Residue PRO het=  resseq=22 icode= >,3oa6_A_A,2.35
104,0.472,PRO, ,CA,68.55,8.10,0.0,3.15,1.0,<Residue PRO het=  resseq=22 icode= >,3oa6_A_A,2.35
105,1.33,PRO, ,C,69.84,7.93,0.0,3.36,1.0,<Residue PRO het=  resseq=22 icode= >,3oa6_A_A,2.35
106,18.394,PRO, ,O,69.3,7.66,0.0,2.69,1.0,<Residue PRO het=  resseq=22 icode= >,3oa6_A_A,2.35
107,10.909,PRO, ,CB,68.23,6.75,0.0,2.45,1.0,<Residue PRO het=  resseq=22 icode= >,3oa6_A_A,2.35
108,5.951,PRO, ,CG,69.09,7.19,1.841,1.91,1.0,<Residue PRO het=  resseq=22 icode= >,3oa6_A_A,2.35
109,5.273,PRO, ,CD,68.66,8.69,0.714,2.15,1.0,<Residue PRO het=  resseq=22 icode= >,3oa6_A_A,2.35
110,0.064,ASP, ,N,72.73,8.02,0.0,2.20,1.0,<Residue ASP het=  resseq=23 icode= >,3oa6_A_A,2.35
111,2.953,ASP, ,CA,74.99,7.70,0.0,2.18,1.0,<Residue ASP het=  resseq=23 icode= >,3oa6_A_A,2.35
112,0.271,ASP, ,C,75.12,8.52,0.0,2.69,1.0,<Residue ASP het=  resseq=23 icode= >,3oa6_A_A,2.35
113,0.509,ASP, ,O,75.23,9.56,0.0,0.24,1.0,<Residue ASP het=  resseq=23 icode= >,3oa6_A_A,2.35
114,13.685,ASP, ,CB,77.95,7.50,11.91,0.41,1.0,<Residue ASP het=  resseq=23 icode= >,3oa6_A_A,2.35
115,7.266,ASP, ,CG,81.42,7.01,5.678,0.52,1.0,<Residue ASP het=  resseq=23 icode= >,3oa6_A_A,2.35
116,5.842,ASP, ,OD1,81.54,6.72,4.02,0.37,1.0,<Residue ASP het=  resseq=23 icode= >,3oa6_A_A,2.35
117,28.734,ASP, ,OD2,84.6,7.02,28.734,0.02,1.0,<Residue ASP het=  resseq=23 icode= >,3oa6_A_A,2.35
118,0.228,PRO, ,N,75.66,8.20,0.0,3.64,1.0,<Residue PRO het=  resseq=24 icode= >,3oa6_A_A,2.35
119,15.725,PRO, ,CA,76.38,9.18,0.0,2.84,1.0,<Residue PRO het=  resseq=24 icode= >,3oa6_A_A,2.35
120,0.641,PRO, ,C,78.3,9.87,0.0,3.08,1.0,<Residue PRO het=  resseq=24 icode= >,3oa6_A_A,2.35
121,24.3,PRO, ,O,79.71,11.05,0.0,1.79,1.0,<Residue PRO het=  resseq=24 icode= >,3oa6_A_A,2.35
122,36.159,PRO, ,CB,76.11,8.55,0.0,1.15,1.0,<Residue PRO het=  resseq=24 icode= >,3oa6_A_A,2.35
123,29.574,PRO, ,CG,75.88,7.07,0.0,1.19,1.0,<Residue PRO het=  resseq=24 icode= >,3oa6_A_A,2.35
124,17.228,PRO, ,CD,75.3,6.93,0.0,2.26,1.0,<Residue PRO het=  resseq=24 icode= >,3oa6_A_A,2.35
125,0.0,THR, ,N,78.61,9.29,0.0,1.90,1.0,<Residue THR het=  resseq=25 icode= >,3oa6_A_A,2.35
126,8.813,THR, ,CA,80.62,10.14,0.0,1.66,1.0,<Residue THR het=  resseq=25 icode= >,3oa6_A_A,2.35
127,2.533,THR, ,C,81.08,10.48,0.0,1.53,1.0,<Residue THR het=  resseq=25 icode= >,3oa6_A_A,2.35
128,23.522,THR, ,O,84.44,10.11,0.0,0.73,1.0,<Residue THR het=  resseq=25 icode= >,3oa6_A_A,2.35
129,13.252,THR, ,CB,82.36,9.52,0.0,1.79,1.0,<Residue THR het=  resseq=25 icode= >,3oa6_A_A,2.35
130,4.288,THR, ,OG1,83.19,8.76,4.239,1.45,1.0,<Residue THR het=  resseq=25 icode= >,3oa6_A_A,2.35
131,52.317,THR, ,CG2,81.54,8.50,10.835,0.70,1.0,<Residue THR het=  resseq=25 icode= >,3oa6_A_A,2.35
132,0.0,LYS, ,N,78.5,10.38,0.0,0.66,1.0,<Residue LYS het=  resseq=26 icode= >,3oa6_A_A,2.35
133,1.2,LYS, ,CA,77.89,9.90,0.054,1.53,1.0,<Residue LYS het=  resseq=26 icode= >,3oa6_A_A,2.35
134,2.903,LYS, ,C,75.07,11.14,0.0,2.35,1.0,<Residue LYS het=  resseq=26 icode= >,3oa6_A_A,2.35
135,9.808,LYS, ,O,73.37,12.24,0.0,1.42,1.0,<Residue LYS het=  resseq=26 icode= >,3oa6_A_A,2.35
136,5.009,LYS, ,CB,77.07,9.05,5.009,1.38,1.0,<Residue LYS het=  resseq=26 icode= >,3oa6_A_A,2.35
137,11.197,LYS, ,CG,78.48,7.71,11.163,0.99,1.0,<Residue LYS het=  resseq=26 icode= >,3oa6_A_A,2.35
138,26.899,LYS, ,CD,80.83,6.96,20.132,0.40,1.0,<Residue LYS het=  resseq=26 icode= >,3oa6_A_A,2.35
139,40.433,LYS, ,CE,82.82,6.27,22.225,0.37,1.0,<Residue LYS het=  resseq=26 icode= >,3oa6_A_A,2.35
140,17.395,LYS, ,NZ,82.16,7.39,5.263,1.04,1.0,<Residue LYS het=  resseq=26 icode= >,3oa6_A_A,2.35
141,8.333,ALA, ,N,74.29,11.05,4.135,1.98,1.0,<Residue ALA het=  resseq=27 icode= >,3oa6_A_A,2.35
142,12.154,ALA, ,CA,74.13,12.29,0.0,2.53,1.0,<Residue ALA het=  resseq=27 icode= >,3oa6_A_A,2.35
143,0.0,ALA, ,C,71.82,12.98,0.0,3.01,1.0,<Residue ALA het=  resseq=27 icode= >,3oa6_A_A,2.35
144,0.489,ALA, ,O,69.77,12.45,0.489,1.68,1.0,<Residue ALA het=  resseq=27 icode= >,3oa6_A_A,2.35
145,36.127,ALA, ,CB,73.82,12.19,22.653,1.44,1.0,<Residue ALA het=  resseq=27 icode= >,3oa6_A_A,2.35
146,7.038,ARG, ,N,70.96,14.26,0.0,3.83,1.0,<Residue ARG het=  resseq=28 icode= >,3oa6_A_A,2.35
147,2.663,ARG, ,CA,69.75,15.21,0.0,3.03,1.0,<Residue ARG het=  resseq=28 icode= >,3oa6_A_A,2.35
148,0.0,ARG, ,C,66.87,15.53,0.0,3.19,1.0,<Residue ARG het=  resseq=28 icode= >,3oa6_A_A,2.35
149,4.752,ARG, ,O,67.01,16.28,0.0,2.08,1.0,<Residue ARG het=  resseq=28 icode= >,3oa6_A_A,2.35
150,19.805,ARG, ,CB,72.95,16.54,0.0,2.33,1.0,<Residue ARG het=  resseq=28 icode= >,3oa6_A_A,2.35
151,2.637,ARG, ,CG,74.85,16.69,0.0,1.94,1.0,<Residue ARG het=  resseq=28 icode= >,3oa6_A_A,2.35
152,36.291,ARG, ,CD,77.13,16.59,0.0,1.75,1.0,<Residue ARG het=  resseq=28 icode= >,3oa6_A_A,2.35
153,14.31,ARG, ,NE,79.15,17.59,0.0,1.57,1.0,<Residue ARG het=  resseq=28 icode= >,3oa6_A_A,2.35
154,4.469,ARG, ,CZ,80.62,18.87,0.0,2.14,1.0,<Residue ARG het=  resseq=28 icode= >,3oa6_A_A,2.35
155,17.218,ARG, ,NH1,81.83,19.35,0.0,1.73,1.0,<Residue ARG het=  resseq=28 icode= >,3oa6_A_A,2.35
156,38.504,ARG, ,NH2,79.98,19.44,0.0,2.02,1.0,<Residue ARG het=  resseq=28 icode= >,3oa6_A_A,2.35
157,0.0,VAL, ,N,61.86,15.04,0.0,3.22,1.0,<Residue VAL het=  resseq=29 icode= >,3oa6_A_A,2.35
158,0.0,VAL, ,CA,59.06,15.59,0.0,3.40,1.0,<Residue VAL het=  resseq=29 icode= >,3oa6_A_A,2.35
159,0.0,VAL, ,C,54.54,16.06,0.0,4.13,1.0,<Residue VAL het=  resseq=29 icode= >,3oa6_A_A,2.35
160,0.0,VAL, ,O,52.11,14.99,0.0,2.68,1.0,<Residue VAL het=  resseq=29 icode= >,3oa6_A_A,2.35
161,6.04,VAL, ,CB,60.07,14.73,0.0,3.22,1.0,<Residue VAL het=  resseq=29 icode= >,3oa6_A_A,2.35
162,6.301,VAL, ,CG1,60.88,14.84,0.482,1.49,1.0,<Residue VAL het=  resseq=29 icode= >,3oa6_A_A,2.35
163,10.058,VAL, ,CG2,59.31,13.31,4.45,1.31,1.0,<Residue VAL het=  resseq=29 icode= >,3oa6_A_A,2.35
164,0.57,LEU, ,N,52.48,16.81,0.0,3.56,1.0,<Residue LEU het=  resseq=30 icode= >,3oa6_A_A,2.35
165,0.0,LEU, ,CA,48.7,16.34,0.0,3.75,1.0,<Residue LEU het=  resseq=30 icode= >,3oa6_A_A,2.35
166,0.0,LEU, ,C,48.76,16.23,0.0,4.88,1.0,<Residue LEU het=  resseq=30 icode= >,3oa6_A_A,2.35
167,6.862,LEU, ,O,50.91,17.25,0.0,3.92,1.0,<Residue LEU het=  resseq=30 icode= >,3oa6_A_A,2.35
168,0.0,LEU, ,CB,49.73,17.42,0.0,2.52,1.0,<Residue LEU het=  resseq=30 icode= >,3oa6_A_A,2.35
169,0.0,LEU, ,CG,49.54,17.44,0.0,4.09,1.0,<Residue LEU het=  resseq=30 icode= >,3oa6_A_A,2.35
170,0.0,LEU, ,CD1,47.86,18.79,0.0,2.10,1.0,<Residue LEU het=  resseq=30 icode= >,3oa6_A_A,2.35
171,0.0,LEU, ,CD2,48.06,16.36,0.0,1.24,1.0,<Residue LEU het=  resseq=30 icode= >,3oa6_A_A,2.35
172,0.0,TYR, ,N,49.78,15.11,0.0,3.38,1.0,<Residue TYR het=  resseq=31 icode= >,3oa6_A_A,2.35
173,1.117,TYR, ,CA,51.27,15.10,0.0,4.34,1.0,<Residue TYR het=  resseq=31 icode= >,3oa6_A_A,2.35
174,0.0,TYR, ,C,51.52,15.31,0.0,4.64,1.0,<Residue TYR het=  resseq=31 icode= >,3oa6_A_A,2.35
175,0.0,TYR, ,O,52.23,14.92,0.0,2.72,1.0,<Residue TYR het=  resseq=31 icode= >,3oa6_A_A,2.35
176,0.817,TYR, ,CB,53.36,13.89,0.0,3.25,1.0,<Residue TYR het=  resseq=31 icode= >,3oa6_A_A,2.35
177,0.208,TYR, ,CG,56.43,13.68,0.0,4.30,1.0,<Residue TYR het=  resseq=31 icode= >,3oa6_A_A,2.35
178,14.383,TYR, ,CD1,58.97,13.15,0.0,2.11,1.0,<Residue TYR het=  resseq=31 icode= >,3oa6_A_A,2.35
179,0.753,TYR, ,CD2,56.61,13.25,0.0,3.29,1.0,<Residue TYR het=  resseq=31 icode= >,3oa6_A_A,2.35
180,19.334,TYR, ,CE1,60.69,12.32,0.0,2.14,1.0,<Residue TYR het=  resseq=31 icode= >,3oa6_A_A,2.35
181,2.96,TYR, ,CE2,59.11,12.46,0.0,2.63,1.0,<Residue TYR het=  resseq=31 icode= >,3oa6_A_A,2.35
182,4.498,TYR, ,CZ,60.91,11.82,0.0,3.22,1.0,<Residue TYR het=  resseq=31 icode= >,3oa6_A_A,2.35
183,25.841,TYR, ,OH,65.4,10.69,18.79,2.26,1.0,<Residue TYR het=  resseq=31 icode= >,3oa6_A_A,2.35
184,3.872,ASP, ,N,52.91,16.13,0.0,3.93,1.0,<Residue ASP het=  resseq=32 icode= >,3oa6_A_A,2.35
185,0.09,ASP, ,CA,55.2,16.48,0.0,3.14,1.0,<Residue ASP het=  resseq=32 icode= >,3oa6_A_A,2.35
186,0.0,ASP, ,C,53.19,15.27,0.0,4.60,1.0,<Residue ASP het=  resseq=32 icode= >,3oa6_A_A,2.35
187,0.699,ASP, ,O,51.33,14.62,0.0,3.11,1.0,<Residue ASP het=  resseq=32 icode= >,3oa6_A_A,2.35
188,10.882,ASP, ,CB,58.15,17.63,0.0,2.34,1.0,<Residue ASP het=  resseq=32 icode= >,3oa6_A_A,2.35
189,7.761,ASP, ,CG,62.9,18.98,0.0,2.69,1.0,<Residue ASP het=  resseq=32 icode= >,3oa6_A_A,2.35
190,8.369,ASP, ,OD1,67.15,19.15,0.0,1.79,1.0,<Residue ASP het=  resseq=32 icode= >,3oa6_A_A,2.35
191,13.44,ASP, ,OD2,65.07,19.91,0.0,1.30,1.0,<Residue ASP het=  resseq=32 icode= >,3oa6_A_A,2.35
192,0.0,ALA, ,N,51.52,15.07,0.0,3.39,1.0,<Residue ALA het=  resseq=33 icode= >,3oa6_A_A,2.35
193,0.0,ALA, ,CA,52.96,13.97,0.0,3.80,1.0,<Residue ALA het=  resseq=33 icode= >,3oa6_A_A,2.35
194,0.0,ALA, ,C,53.97,14.37,0.0,4.65,1.0,<Residue ALA het=  resseq=33 icode= >,3oa6_A_A,2.35
195,0.0,ALA, ,O,52.97,15.46,0.0,3.22,1.0,<Residue ALA het=  resseq=33 icode= >,3oa6_A_A,2.35
196,0.0,ALA, ,CB,49.46,12.67,0.0,2.22,1.0,<Residue ALA het=  resseq=33 icode= >,3oa6_A_A,2.35
197,0.0,LYS, ,N,56.89,13.57,0.0,3.16,1.0,<Residue LYS het=  resseq=34 icode= >,3oa6_A_A,2.35
198,0.0,LYS, ,CA,60.17,13.69,0.0,3.77,1.0,<Residue LYS het=  resseq=34 icode= >,3oa6_A_A,2.35
199,0.0,LYS, ,C,60.62,12.49,0.0,3.98,1.0,<Residue LYS het=  resseq=34 icode= >,3oa6_A_A,2.35
200,0.0,LYS, ,O,59.52,11.39,0.0,3.10,1.0,<Residue LYS het=  resseq=34 icode= >,3oa6_A_A,2.35
201,1.681,LYS, ,CB,63.11,13.71,0.0,2.34,1.0,<Residue LYS het=  resseq=34 icode= >,3oa6_A_A,2.35
202,0.939,LYS, ,CG,66.73,13.66,0.0,1.64,1.0,<Residue LYS het=  resseq=34 icode= >,3oa6_A_A,2.35
203,6.958,LYS, ,CD,69.51,13.06,0.0,1.31,1.0,<Residue LYS het=  resseq=34 icode= >,3oa6_A_A,2.35
204,30.561,LYS, ,CE,71.92,14.23,0.0,0.70,1.0,<Residue LYS het=  resseq=34 icode= >,3oa6_A_A,2.35
205,48.945,LYS, ,NZ,74.6,14.01,0.0,0.56,1.0,<Residue LYS het=  resseq=34 icode= >,3oa6_A_A,2.35
206,0.0,ILE, ,N,60.6,12.82,0.0,2.98,1.0,<Residue ILE het=  resseq=35 icode= >,3oa6_A_A,2.35
207,0.0,ILE, ,CA,61.01,11.91,0.0,3.88,1.0,<Residue ILE het=  resseq=35 icode= >,3oa6_A_A,2.35
208,0.0,ILE, ,C,62.39,11.15,0.0,4.03,1.0,<Residue ILE het=  resseq=35 icode= >,3oa6_A_A,2.35
209,1.036,ILE, ,O,64.33,11.84,0.0,1.71,1.0,<Residue ILE het=  resseq=35 icode= >,3oa6_A_A,2.35
210,0.0,ILE, ,CB,61.41,12.74,0.0,3.67,1.0,<Residue ILE het=  resseq=35 icode= >,3oa6_A_A,2.35
211,0.0,ILE, ,CG1,59.51,13.77,0.0,2.97,1.0,<Residue ILE het=  resseq=35 icode= >,3oa6_A_A,2.35
212,0.0,ILE, ,CG2,61.16,11.93,0.0,0.95,1.0,<Residue ILE het=  resseq=35 icode= >,3oa6_A_A,2.35
213,0.0,ILE, ,CD1,56.81,12.76,0.0,1.78,1.0,<Residue ILE het=  resseq=35 icode= >,3oa6_A_A,2.35
214,0.0,VAL, ,N,63.23,9.84,0.0,2.68,1.0,<Residue VAL het=  resseq=36 icode= >,3oa6_A_A,2.35
215,3.755,VAL, ,CA,65.96,9.04,0.0,3.08,1.0,<Residue VAL het=  resseq=36 icode= >,3oa6_A_A,2.35
216,0.0,VAL, ,C,68.71,8.80,0.0,3.07,1.0,<Residue VAL het=  resseq=36 icode= >,3oa6_A_A,2.35
217,18.069,VAL, ,O,72.2,9.13,0.0,1.34,1.0,<Residue VAL het=  resseq=36 icode= >,3oa6_A_A,2.35
218,0.0,VAL, ,CB,65.89,7.73,0.0,2.70,1.0,<Residue VAL het=  resseq=36 icode= >,3oa6_A_A,2.35
219,34.457,VAL, ,CG1,67.51,6.91,0.0,0.78,1.0,<Residue VAL het=  resseq=36 icode= >,3oa6_A_A,2.35
220,8.938,VAL, ,CG2,64.89,8.26,0.0,1.43,1.0,<Residue VAL het=  resseq=36 icode= >,3oa6_A_A,2.35
221,0.0,ASP, ,N,69.1,8.47,0.0,2.18,1.0,<Residue ASP het=  resseq=37 icode= >,3oa6_A_A,2.35
222,0.0,ASP, ,CA,71.6,8.52,0.0,2.32,1.0,<Residue ASP het=  resseq=37 icode= >,3oa6_A_A,2.35
223,0.0,ASP, ,C,69.86,9.14,0.0,3.37,1.0,<Residue ASP het=  resseq=37 icode= >,3oa6_A_A,2.35
224,0.0,ASP, ,O,67.43,8.95,0.0,2.04,1.0,<Residue ASP het=  resseq=37 icode= >,3oa6_A_A,2.35
225,2.604,ASP, ,CB,73.73,7.21,0.0,1.23,1.0,<Residue ASP het=  resseq=37 icode= >,3oa6_A_A,2.35
226,7.925,ASP, ,CG,76.66,7.67,0.0,1.88,1.0,<Residue ASP het=  resseq=37 icode= >,3oa6_A_A,2.35
227,26.956,ASP, ,OD1,78.45,7.05,0.0,1.19,1.0,<Residue ASP het=  resseq=37 icode= >,3oa6_A_A,2.35
228,24.64,ASP, ,OD2,77.78,8.82,0.0,1.13,1.0,<Residue ASP het=  resseq=37 icode= >,3oa6_A_A,2.35
229,1.162,VAL, ,N,70.49,10.09,0.0,2.97,1.0,<Residue VAL het=  resseq=38 icode= >,3oa6_A_A,2.35
230,0.0,VAL, ,CA,70.66,10.62,0.0,3.48,1.0,<Residue VAL het=  resseq=38 icode= >,3oa6_A_A,2.35
231,1.28,VAL, ,C,73.13,10.27,0.0,3.51,1.0,<Residue VAL het=  resseq=38 icode= >,3oa6_A_A,2.35
232,16.442,VAL, ,O,76.8,10.18,0.0,1.62,1.0,<Residue VAL het=  resseq=38 icode= >,3oa6_A_A,2.35
233,8.361,VAL, ,CB,70.29,12.12,0.0,3.18,1.0,<Residue VAL het=  resseq=38 icode= >,3oa6_A_A,2.35
234,10.645,VAL, ,CG1,68.24,12.60,0.0,0.72,1.0,<Residue VAL het=  resseq=38 icode= >,3oa6_A_A,2.35
235,11.924,VAL, ,CG2,70.42,12.80,0.0,1.12,1.0,<Residue VAL het=  resseq=38 icode= >,3oa6_A_A,2.35
236,0.108,ILE, ,N,73.5,10.37,0.0,2.44,1.0,<Residue ILE het=  resseq=39 icode= >,3oa6_A_A,2.35
237,4.59,ILE, ,CA,74.85,10.16,0.0,2.87,1.0,<Residue ILE het=  resseq=39 icode= >,3oa6_A_A,2.35
238,0.211,ILE, ,C,75.58,11.01,0.0,2.68,1.0,<Residue ILE het=  resseq=39 icode= >,3oa6_A_A,2.35
239,0.0,ILE, ,O,75.21,11.22,0.0,0.88,1.0,<Residue ILE het=  resseq=39 icode= >,3oa6_A_A,2.35
240,0.0,ILE, ,CB,73.72,8.79,0.0,3.18,1.0,<Residue ILE het=  resseq=39 icode= >,3oa6_A_A,2.35
241,20.242,ILE, ,CG1,75.88,8.29,0.0,1.97,1.0,<Residue ILE het=  resseq=39 icode= >,3oa6_A_A,2.35
242,1.912,ILE, ,CG2,73.27,9.04,0.0,0.75,1.0,<Residue ILE het=  resseq=39 icode= >,3oa6_A_A,2.35
243,48.696,ILE, ,CD1,74.53,7.45,0.0,0.49,1.0,<Residue ILE het=  resseq=39 icode= >,3oa6_A_A,2.35
244,5.558,VAL, ,N,77.66,10.21,0.0,1.75,1.0,<Residue VAL het=  resseq=40 icode= >,3oa6_A_A,2.35
245,1.685,VAL, ,CA,78.11,9.82,0.0,2.22,1.0,<Residue VAL het=  resseq=40 icode= >,3oa6_A_A,2.35
246,0.0,VAL, ,C,77.9,8.77,0.0,3.17,1.0,<Residue VAL het=  resseq=40 icode= >,3oa6_A_A,2.35
247,16.087,VAL, ,O,78.23,7.71,0.0,1.84,1.0,<Residue VAL het=  resseq=40 icode= >,3oa6_A_A,2.35
248,14.603,VAL, ,CB,80.11,9.57,0.0,2.22,1.0,<Residue VAL het=  resseq=40 icode= >,3oa6_A_A,2.35
249,56.281,VAL, ,CG1,82.16,8.64,0.0,0.54,1.0,<Residue VAL het=  resseq=40 icode= >,3oa6_A_A,2.35
250,15.553,VAL, ,CG2,79.16,9.28,0.0,1.52,1.0,<Residue VAL het=  resseq=40 icode= >,3oa6_A_A,2.35
251,0.0,GLY, ,N,78.56,9.30,0.0,1.79,1.0,<Residue GLY het=  resseq=41 icode= >,3oa6_A_A,2.35
252,12.31,GLY, ,CA,78.67,8.78,0.0,1.00,1.0,<Residue GLY het=  resseq=41 icode= >,3oa6_A_A,2.35
253,0.0,GLY, ,C,79.62,8.94,0.0,2.17,1.0,<Residue GLY het=  resseq=41 icode= >,3oa6_A_A,2.35
254,0.0,GLY, ,O,80.13,9.26,0.0,1.61,1.0,<Residue GLY het=  resseq=41 icode= >,3oa6_A_A,2.35
255,4.743,LYS, ,N,80.83,8.62,0.0,1.77,1.0,<Residue LYS het=  resseq=42 icode= >,3oa6_A_A,2.35
256,0.0,LYS, ,CA,82.45,8.30,0.0,1.51,1.0,<Residue LYS het=  resseq=42 icode= >,3oa6_A_A,2.35
257,0.0,LYS, ,C,82.75,8.38,0.0,1.70,1.0,<Residue LYS het=  resseq=42 icode= >,3oa6_A_A,2.35
258,26.926,LYS, ,O,82.99,7.82,0.0,1.43,1.0,<Residue LYS het=  resseq=42 icode= >,3oa6_A_A,2.35
259,18.082,LYS, ,CB,83.14,7.12,0.0,0.56,1.0,<Residue LYS het=  resseq=42 icode= >,3oa6_A_A,2.35
260,4.889,LYS, ,CG,84.74,7.59,0.0,1.22,1.0,<Residue LYS het=  resseq=42 icode= >,3oa6_A_A,2.35
261,15.978,LYS, ,CD,85.71,7.21,0.0,1.04,1.0,<Residue LYS het=  resseq=42 icode= >,3oa6_A_A,2.35
262,48.014,LYS, ,CE,88.3,6.33,0.0,0.79,1.0,<Residue LYS het=  resseq=42 icode= >,3oa6_A_A,2.35
263,14.078,LYS, ,NZ,90.06,6.92,0.0,0.41,1.0,<Residue LYS het=  resseq=42 icode= >,3oa6_A_A,2.35
264,0.0,ASP, ,N,84.45,9.34,0.0,1.51,1.0,<Residue ASP het=  resseq=43 icode= >,3oa6_A_A,2.35
265,4.364,ASP, ,CA,85.82,9.89,0.0,1.23,1.0,<Residue ASP het=  resseq=43 icode= >,3oa6_A_A,2.35
266,0.687,ASP, ,C,85.71,9.15,0.0,1.26,1.0,<Residue ASP het=  resseq=43 icode= >,3oa6_A_A,2.35
267,6.158,ASP, ,O,86.79,8.20,0.0,0.11,1.0,<Residue ASP het=  resseq=43 icode= >,3oa6_A_A,2.35
268,6.339,ASP, ,CB,87.64,11.35,0.0,0.28,1.0,<Residue ASP het=  resseq=43 icode= >,3oa6_A_A,2.35
269,0.187,ASP, ,CG,89.51,11.60,0.0,1.45,1.0,<Residue ASP het=  resseq=43 icode= >,3oa6_A_A,2.35
270,0.0,ASP, ,OD1,90.32,12.06,0.0,1.04,1.0,<Residue ASP het=  resseq=43 icode= >,3oa6_A_A,2.35
271,0.0,ASP, ,OD2,91.59,11.51,0.0,0.19,1.0,<Residue ASP het=  resseq=43 icode= >,3oa6_A_A,2.35
272,0.821,GLU, ,N,85.06,9.81,0.0,1.98,1.0,<Residue GLU het=  resseq=44 icode= >,3oa6_A_A,2.35
273,13.331,GLU, ,CA,84.81,9.40,0.0,1.92,1.0,<Residue GLU het=  resseq=44 icode= >,3oa6_A_A,2.35
274,0.456,GLU, ,C,83.54,9.35,0.0,2.01,1.0,<Residue GLU het=  resseq=44 icode= >,3oa6_A_A,2.35
275,32.614,GLU, ,O,83.68,8.82,0.0,1.11,1.0,<Residue GLU het=  resseq=44 icode= >,3oa6_A_A,2.35
276,28.367,GLU, ,CB,85.92,10.55,0.0,1.11,1.0,<Residue GLU het=  resseq=44 icode= >,3oa6_A_A,2.35
277,37.759,GLU, ,CG,87.1,11.47,0.0,0.90,1.0,<Residue GLU het=  resseq=44 icode= >,3oa6_A_A,2.35
278,8.148,GLU, ,CD,88.64,12.43,0.0,0.83,1.0,<Residue GLU het=  resseq=44 icode= >,3oa6_A_A,2.35
279,34.226,GLU, ,OE1,89.56,13.08,0.0,0.37,1.0,<Residue GLU het=  resseq=44 icode= >,3oa6_A_A,2.35
280,6.889,GLU, ,OE2,89.77,12.68,0.0,0.45,1.0,<Residue GLU het=  resseq=44 icode= >,3oa6_A_A,2.35
281,0.0,LYS, ,N,81.8,10.12,0.0,1.64,1.0,<Residue LYS het=  resseq=45 icode= >,3oa6_A_A,2.35
282,9.336,LYS, ,CA,80.42,10.57,0.0,2.19,1.0,<Residue LYS het=  resseq=45 icode= >,3oa6_A_A,2.35
283,3.59,LYS, ,C,79.61,10.24,0.0,2.71,1.0,<Residue LYS het=  resseq=45 icode= >,3oa6_A_A,2.35
284,18.849,LYS, ,O,78.44,11.08,0.0,1.74,1.0,<Residue LYS het=  resseq=45 icode= >,3oa6_A_A,2.35
285,13.533,LYS, ,CB,81.7,12.10,0.0,1.14,1.0,<Residue LYS het=  resseq=45 icode= >,3oa6_A_A,2.35
286,6.973,LYS, ,CG,80.93,12.84,0.0,0.53,1.0,<Residue LYS het=  resseq=45 icode= >,3oa6_A_A,2.35
287,6.393,LYS, ,CD,82.02,14.29,0.0,0.96,1.0,<Residue LYS het=  resseq=45 icode= >,3oa6_A_A,2.35
288,41.023,LYS, ,CE,82.68,15.19,0.0,1.18,1.0,<Residue LYS het=  resseq=45 icode= >,3oa6_A_A,2.35
289,44.029,LYS, ,NZ,81.59,15.37,0.0,0.49,1.0,<Residue LYS het=  resseq=45 icode= >,3oa6_A_A,2.35
290,0.688,GLY, ,N,77.7,9.19,0.0,2.59,1.0,<Residue GLY het=  resseq=46 icode= >,3oa6_A_A,2.35
291,24.719,GLY, ,CA,78.15,8.69,0.0,1.81,1.0,<Residue GLY het=  resseq=46 icode= >,3oa6_A_A,2.35
292,3.672,GLY, ,C,79.32,9.68,0.0,2.13,1.0,<Residue GLY het=  resseq=46 icode= >,3oa6_A_A,2.35
293,12.509,GLY, ,O,80.49,9.66,0.0,1.06,1.0,<Residue GLY het=  resseq=46 icode= >,3oa6_A_A,2.35
294,0.139,ARG, ,N,78.54,10.75,0.0,1.62,1.0,<Residue ARG het=  resseq=47 icode= >,3oa6_A_A,2.35
295,4.578,ARG, ,CA,79.31,11.82,0.0,1.43,1.0,<Residue ARG het=  resseq=47 icode= >,3oa6_A_A,2.35
296,0.0,ARG, ,C,77.95,11.47,0.0,3.02,1.0,<Residue ARG het=  resseq=47 icode= >,3oa6_A_A,2.35
297,0.0,ARG, ,O,75.73,10.80,0.0,1.63,1.0,<Residue ARG het=  resseq=47 icode= >,3oa6_A_A,2.35
298,4.111,ARG, ,CB,80.25,13.11,0.0,0.05,1.0,<Residue ARG het=  resseq=47 icode= >,3oa6_A_A,2.35
299,33.211,ARG, ,CG,82.96,14.16,0.0,0.05,1.0,<Residue ARG het=  resseq=47 icode= >,3oa6_A_A,2.35
300,32.274,ARG, ,CD,82.87,15.02,0.0,0.67,1.0,<Residue ARG het=  resseq=47 icode= >,3oa6_A_A,2.35
301,0.969,ARG, ,NE,81.07,14.37,0.0,1.09,1.0,<Residue ARG het=  resseq=47 icode= >,3oa6_A_A,2.35
302,4.122,ARG, ,CZ,80.49,14.99,0.0,1.87,1.0,<Residue ARG het=  resseq=47 icode= >,3oa6_A_A,2.35
303,41.449,ARG, ,NH1,81.79,16.19,0.0,1.27,1.0,<Residue ARG het=  resseq=47 icode= >,3oa6_A_A,2.35
304,16.725,ARG, ,NH2,78.85,14.48,0.0,1.00,1.0,<Residue ARG het=  resseq=47 icode= >,3oa6_A_A,2.35
305,3.996,LYS, ,N,78.79,11.75,0.0,1.86,1.0,<Residue LYS het=  resseq=48 icode= >,3oa6_A_A,2.35
306,0.0,LYS, ,CA,79.29,11.37,0.0,1.76,1.0,<Residue LYS het=  resseq=48 icode= >,3oa6_A_A,2.35
307,1.54,LYS, ,C,78.07,12.49,0.0,2.84,1.0,<Residue LYS het=  resseq=48 icode= >,3oa6_A_A,2.35
308,23.028,LYS, ,O,78.43,13.64,0.0,2.23,1.0,<Residue LYS het=  resseq=48 icode= >,3oa6_A_A,2.35
309,11.744,LYS, ,CB,81.67,11.24,0.0,1.16,1.0,<Residue LYS het=  resseq=48 icode= >,3oa6_A_A,2.35
310,0.768,LYS, ,CG,83.04,9.86,0.0,0.99,1.0,<Residue LYS het=  resseq=48 icode= >,3oa6_A_A,2.35
311,15.059,LYS, ,CD,84.82,9.92,0.0,0.76,1.0,<Residue LYS het=  resseq=48 icode= >,3oa6_A_A,2.35
312,47.212,LYS, ,CE,87.63,10.70,0.0,0.37,1.0,<Residue LYS het=  resseq=48 icode= >,3oa6_A_A,2.35
313,38.837,LYS, ,NZ,87.6,12.10,0.0,0.49,1.0,<Residue LYS het=  resseq=48 icode= >,3oa6_A_A,2.35
314,0.0,ILE, ,N,77.21,12.21,0.0,2.05,1.0,<Residue ILE het=  resseq=49 icode= >,3oa6_A_A,2.35
315,0.859,ILE, ,CA,76.82,13.26,0.0,1.98,1.0,<Residue ILE het=  resseq=49 icode= >,3oa6_A_A,2.35
316,1.017,ILE, ,C,76.5,12.88,0.0,2.21,1.0,<Residue ILE het=  resseq=49 icode= >,3oa6_A_A,2.35
317,0.0,ILE, ,O,78.19,11.80,0.0,1.01,1.0,<Residue ILE het=  resseq=49 icode= >,3oa6_A_A,2.35
318,4.966,ILE, ,CB,75.33,13.48,0.0,2.04,1.0,<Residue ILE het=  resseq=49 icode= >,3oa6_A_A,2.35
319,0.0,ILE, ,CG1,74.41,12.48,0.0,1.85,1.0,<Residue ILE het=  resseq=49 icode= >,3oa6_A_A,2.35
320,20.18,ILE, ,CG2,76.49,13.24,0.0,0.12,1.0,<Residue ILE het=  resseq=49 icode= >,3oa6_A_A,2.35
321,36.545,ILE, ,CD1,72.62,12.79,0.0,1.24,1.0,<Residue ILE het=  resseq=49 icode= >,3oa6_A_A,2.35
322,0.559,PRO, ,N,75.18,13.90,0.0,2.47,1.0,<Residue PRO het=  resseq=50 icode= >,3oa6_A_A,2.35
323,0.897,PRO, ,CA,74.02,13.88,0.0,2.21,1.0,<Residue PRO het=  resseq=50 icode= >,3oa6_A_A,2.35
324,0.0,PRO, ,C,71.3,12.59,0.0,3.10,1.0,<Residue PRO het=  resseq=50 icode= >,3oa6_A_A,2.35
325,1.391,PRO, ,O,69.66,12.37,0.0,2.02,1.0,<Residue PRO het=  resseq=50 icode= >,3oa6_A_A,2.35
326,10.937,PRO, ,CB,74.88,14.75,0.0,1.38,1.0,<Residue PRO het=  resseq=50 icode= >,3oa6_A_A,2.35
327,3.743,PRO, ,CG,74.56,15.21,0.0,1.81,1.0,<Residue PRO het=  resseq=50 icode= >,3oa6_A_A,2.35
328,25.433,PRO, ,CD,75.29,15.26,0.0,1.94,1.0,<Residue PRO het=  resseq=50 icode= >,3oa6_A_A,2.35
329,0.0,GLU, ,N,70.48,11.75,0.0,2.10,1.0,<Residue GLU het=  resseq=51 icode= >,3oa6_A_A,2.35
330,0.0,GLU, ,CA,68.63,10.33,0.0,2.60,1.0,<Residue GLU het=  resseq=51 icode= >,3oa6_A_A,2.35
331,0.0,GLU, ,C,66.08,10.19,0.0,3.87,1.0,<Residue GLU het=  resseq=51 icode= >,3oa6_A_A,2.35
332,0.0,GLU, ,O,64.27,10.29,0.0,2.27,1.0,<Residue GLU het=  resseq=51 icode= >,3oa6_A_A,2.35
333,0.071,GLU, ,CB,70.54,9.52,0.0,1.83,1.0,<Residue GLU het=  resseq=51 icode= >,3oa6_A_A,2.35
334,0.0,GLU, ,CG,73.49,10.24,0.0,0.80,1.0,<Residue GLU het=  resseq=51 icode= >,3oa6_A_A,2.35
335,7.804,GLU, ,CD,74.75,9.43,0.0,1.42,1.0,<Residue GLU het=  resseq=51 icode= >,3oa6_A_A,2.35
336,20.467,GLU, ,OE1,75.64,8.54,0.0,1.04,1.0,<Residue GLU het=  resseq=51 icode= >,3oa6_A_A,2.35
337,24.905,GLU, ,OE2,75.96,9.72,0.0,1.48,1.0,<Residue GLU het=  resseq=51 icode= >,3oa6_A_A,2.35
338,0.0,TYR, ,N,62.81,9.38,0.0,2.93,1.0,<Residue TYR het=  resseq=52 icode= >,3oa6_A_A,2.35
339,0.0,TYR, ,CA,61.21,9.49,0.0,3.82,1.0,<Residue TYR het=  resseq=52 icode= >,3oa6_A_A,2.35
340,0.0,TYR, ,C,58.69,8.21,0.0,5.53,1.0,<Residue TYR het=  resseq=52 icode= >,3oa6_A_A,2.35
341,0.0,TYR, ,O,57.67,7.36,0.0,2.88,1.0,<Residue TYR het=  resseq=52 icode= >,3oa6_A_A,2.35
342,0.0,TYR, ,CB,61.03,10.31,0.0,2.21,1.0,<Residue TYR het=  resseq=52 icode= >,3oa6_A_A,2.35
343,0.0,TYR, ,CG,62.38,11.73,0.0,3.19,1.0,<Residue TYR het=  resseq=52 icode= >,3oa6_A_A,2.35
344,0.0,TYR, ,CD1,63.4,12.74,0.0,2.84,1.0,<Residue TYR het=  resseq=52 icode= >,3oa6_A_A,2.35
345,0.0,TYR, ,CD2,62.85,12.17,0.0,2.26,1.0,<Residue TYR het=  resseq=52 icode= >,3oa6_A_A,2.35
346,0.0,TYR, ,CE1,64.69,14.01,0.0,3.34,1.0,<Residue TYR het=  resseq=52 icode= >,3oa6_A_A,2.35
347,0.0,TYR, ,CE2,63.07,13.51,0.0,2.85,1.0,<Residue TYR het=  resseq=52 icode= >,3oa6_A_A,2.35
348,0.0,TYR, ,CZ,64.16,14.35,0.0,4.26,1.0,<Residue TYR het=  resseq=52 icode= >,3oa6_A_A,2.35
349,0.0,TYR, ,OH,67.4,15.67,0.0,2.63,1.0,<Residue TYR het=  resseq=52 icode= >,3oa6_A_A,2.35
350,0.0,LEU, ,N,57.61,8.25,0.0,3.93,1.0,<Residue LEU het=  resseq=53 icode= >,3oa6_A_A,2.35
351,0.0,LEU, ,CA,56.16,7.30,0.0,2.98,1.0,<Residue LEU het=  resseq=53 icode= >,3oa6_A_A,2.35
352,0.0,LEU, ,C,55.43,8.06,0.0,4.66,1.0,<Residue LEU het=  resseq=53 icode= >,3oa6_A_A,2.35
353,0.0,LEU, ,O,54.19,8.62,0.0,3.36,1.0,<Residue LEU het=  resseq=53 icode= >,3oa6_A_A,2.35
354,0.0,LEU, ,CB,57.44,6.04,0.0,2.15,1.0,<Residue LEU het=  resseq=53 icode= >,3oa6_A_A,2.35
355,0.0,LEU, ,CG,57.25,4.95,0.0,3.00,1.0,<Residue LEU het=  resseq=53 icode= >,3oa6_A_A,2.35
356,4.791,LEU, ,CD1,56.25,4.82,4.552,1.14,1.0,<Residue LEU het=  resseq=53 icode= >,3oa6_A_A,2.35
357,28.416,LEU, ,CD2,57.67,3.80,15.219,1.38,1.0,<Residue LEU het=  resseq=53 icode= >,3oa6_A_A,2.35
358,0.0,ILE, ,N,54.3,7.47,0.0,4.37,1.0,<Residue ILE het=  resseq=54 icode= >,3oa6_A_A,2.35
359,0.0,ILE, ,CA,53.12,8.40,0.0,4.81,1.0,<Residue ILE het=  resseq=54 icode= >,3oa6_A_A,2.35
360,0.0,ILE, ,C,53.99,8.37,0.0,4.80,1.0,<Residue ILE het=  resseq=54 icode= >,3oa6_A_A,2.35
361,0.0,ILE, ,O,54.3,7.43,0.0,3.02,1.0,<Residue ILE het=  resseq=54 icode= >,3oa6_A_A,2.35
362,0.0,ILE, ,CB,53.74,8.67,0.0,3.85,1.0,<Residue ILE het=  resseq=54 icode= >,3oa6_A_A,2.35
363,0.124,ILE, ,CG1,54.28,8.42,0.0,2.72,1.0,<Residue ILE het=  resseq=54 icode= >,3oa6_A_A,2.35
364,0.0,ILE, ,CG2,51.13,8.36,0.0,2.27,1.0,<Residue ILE het=  resseq=54 icode= >,3oa6_A_A,2.35
365,0.0,ILE, ,CD1,54.24,9.78,0.0,1.84,1.0,<Residue ILE het=  resseq=54 icode= >,3oa6_A_A,2.35
366,0.0,HIS, ,N,53.95,9.62,0.0,3.47,1.0,<Residue HIS het=  resseq=55 icode= >,3oa6_A_A,2.35
367,0.0,HIS, ,CA,55.0,10.14,0.0,3.22,1.0,<Residue HIS het=  resseq=55 icode= >,3oa6_A_A,2.35
368,0.0,HIS, ,C,53.09,11.06,0.0,4.69,1.0,<Residue HIS het=  resseq=55 icode= >,3oa6_A_A,2.35
369,0.0,HIS, ,O,52.85,11.92,0.0,2.71,1.0,<Residue HIS het=  resseq=55 icode= >,3oa6_A_A,2.35
370,0.041,HIS, ,CB,57.25,10.17,0.0,1.81,1.0,<Residue HIS het=  resseq=55 icode= >,3oa6_A_A,2.35
371,2.345,HIS, ,CG,58.59,10.83,0.0,2.60,1.0,<Residue HIS het=  resseq=55 icode= >,3oa6_A_A,2.35
372,3.282,HIS, ,ND1,59.66,10.29,0.0,1.99,1.0,<Residue HIS het=  resseq=55 icode= >,3oa6_A_A,2.35
373,4.449,HIS, ,CD2,58.98,12.15,0.0,2.02,1.0,<Residue HIS het=  resseq=55 icode= >,3oa6_A_A,2.35
374,13.285,HIS, ,CE1,61.15,10.58,0.0,1.36,1.0,<Residue HIS het=  resseq=55 icode= >,3oa6_A_A,2.35
375,14.861,HIS, ,NE2,59.42,11.58,0.0,1.73,1.0,<Residue HIS het=  resseq=55 icode= >,3oa6_A_A,2.35
376,0.544,PHE, ,N,51.46,10.98,0.0,3.65,1.0,<Residue PHE het=  resseq=56 icode= >,3oa6_A_A,2.35
377,0.0,PHE, ,CA,50.97,11.87,0.0,3.14,1.0,<Residue PHE het=  resseq=56 icode= >,3oa6_A_A,2.35
378,0.0,PHE, ,C,51.31,12.66,0.0,4.52,1.0,<Residue PHE het=  resseq=56 icode= >,3oa6_A_A,2.35
379,0.0,PHE, ,O,55.82,11.56,0.0,2.17,1.0,<Residue PHE het=  resseq=56 icode= >,3oa6_A_A,2.35
380,2.044,PHE, ,CB,51.11,11.32,0.0,2.77,1.0,<Residue PHE het=  resseq=56 icode= >,3oa6_A_A,2.35
381,2.348,PHE, ,CG,50.79,10.19,0.0,3.84,1.0,<Residue PHE het=  resseq=56 icode= >,3oa6_A_A,2.35
382,0.386,PHE, ,CD1,50.05,10.57,0.0,3.90,1.0,<Residue PHE het=  resseq=56 icode= >,3oa6_A_A,2.35
383,4.666,PHE, ,CD2,52.01,8.92,0.0,2.90,1.0,<Residue PHE het=  resseq=56 icode= >,3oa6_A_A,2.35
384,0.237,PHE, ,CE1,48.98,9.79,0.0,3.79,1.0,<Residue PHE het=  resseq=56 icode= >,3oa6_A_A,2.35
385,2.663,PHE, ,CE2,52.71,7.94,0.0,2.84,1.0,<Residue PHE het=  resseq=56 icode= >,3oa6_A_A,2.35
386,0.143,PHE, ,CZ,50.59,8.46,0.0,3.36,1.0,<Residue PHE het=  resseq=56 icode= >,3oa6_A_A,2.35
387,0.015,ASN, ,N,51.25,13.78,0.0,4.01,1.0,<Residue ASN het=  resseq=57 icode= >,3oa6_A_A,2.35
388,0.0,ASN, ,CA,54.21,13.86,0.0,4.13,1.0,<Residue ASN het=  resseq=57 icode= >,3oa6_A_A,2.35
389,0.968,ASN, ,C,55.42,13.08,0.0,3.90,1.0,<Residue ASN het=  resseq=57 icode= >,3oa6_A_A,2.35
390,15.566,ASN, ,O,52.09,12.96,0.0,2.78,1.0,<Residue ASN het=  resseq=57 icode= >,3oa6_A_A,2.35
391,13.778,ASN, ,CB,57.42,15.33,0.0,2.75,1.0,<Residue ASN het=  resseq=57 icode= >,3oa6_A_A,2.35
392,3.448,ASN, ,CG,62.58,16.06,0.0,2.42,1.0,<Residue ASN het=  resseq=57 icode= >,3oa6_A_A,2.35
393,1.904,ASN, ,OD1,65.66,16.70,0.0,0.94,1.0,<Residue ASN het=  resseq=57 icode= >,3oa6_A_A,2.35
394,34.701,ASN, ,ND2,66.94,15.73,0.0,0.86,1.0,<Residue ASN het=  resseq=57 icode= >,3oa6_A_A,2.35
395,6.73,GLY, ,N,57.16,12.39,0.0,3.16,1.0,<Residue GLY het=  resseq=58 icode= >,3oa6_A_A,2.35
396,39.516,GLY, ,CA,58.48,11.81,0.0,2.69,1.0,<Residue GLY het=  resseq=58 icode= >,3oa6_A_A,2.35
397,3.671,GLY, ,C,60.81,10.36,0.0,4.46,1.0,<Residue GLY het=  resseq=58 icode= >,3oa6_A_A,2.35
398,31.762,GLY, ,O,63.91,9.70,0.0,3.10,1.0,<Residue GLY het=  resseq=58 icode= >,3oa6_A_A,2.35
399,0.0,TRP, ,N,62.45,10.03,0.0,2.75,1.0,<Residue TRP het=  resseq=59 icode= >,3oa6_A_A,2.35
400,3.222,TRP, ,CA,64.89,8.67,0.0,3.37,1.0,<Residue TRP het=  resseq=59 icode= >,3oa6_A_A,2.35
401,2.917,TRP, ,C,66.43,8.04,0.0,3.85,1.0,<Residue TRP het=  resseq=59 icode= >,3oa6_A_A,2.35
402,2.493,TRP, ,O,65.34,8.87,0.0,1.81,1.0,<Residue TRP het=  resseq=59 icode= >,3oa6_A_A,2.35
403,0.148,TRP, ,CB,65.89,8.45,0.0,2.38,1.0,<Residue TRP het=  resseq=59 icode= >,3oa6_A_A,2.35
404,0.769,TRP, ,CG,68.11,8.69,0.0,3.32,1.0,<Residue TRP het=  resseq=59 icode= >,3oa6_A_A,2.35
405,0.865,TRP, ,CD1,68.51,9.98,0.0,2.10,1.0,<Residue TRP het=  resseq=59 icode= >,3oa6_A_A,2.35
406,2.751,TRP, ,CD2,71.82,7.87,0.0,3.37,1.0,<Residue TRP het=  resseq=59 icode= >,3oa6_A_A,2.35
407,11.342,TRP, ,NE1,69.1,10.08,0.0,3.00,1.0,<Residue TRP het=  resseq=59 icode= >,3oa6_A_A,2.35
408,5.416,TRP, ,CE2,72.06,8.87,0.0,3.86,1.0,<Residue TRP het=  resseq=59 icode= >,3oa6_A_A,2.35
409,9.031,TRP, ,CE3,76.41,6.50,0.0,1.12,1.0,<Residue TRP het=  resseq=59 icode= >,3oa6_A_A,2.35
410,27.506,TRP, ,CZ2,74.85,8.75,1.259,1.29,1.0,<Residue TRP het=  resseq=59 icode= >,3oa6_A_A,2.35
411,26.974,TRP, ,CZ3,78.74,6.31,0.0,0.78,1.0,<Residue TRP het=  resseq=59 icode= >,3oa6_A_A,2.35
412,36.304,TRP, ,CH2,78.45,7.55,3.406,0.76,1.0,<Residue TRP het=  resseq=59 icode= >,3oa6_A_A,2.35
413,6.284,ASN, ,N,70.48,6.74,0.0,2.15,1.0,<Residue ASN het=  resseq=60 icode= >,3oa6_A_A,2.35
414,4.572,ASN, ,CA,72.22,6.41,0.0,2.38,1.0,<Residue ASN het=  resseq=60 icode= >,3oa6_A_A,2.35
415,0.0,ASN, ,C,72.74,6.39,0.0,2.49,1.0,<Residue ASN het=  resseq=60 icode= >,3oa6_A_A,2.35
416,0.116,ASN, ,O,72.18,6.43,0.0,1.52,1.0,<Residue ASN het=  resseq=60 icode= >,3oa6_A_A,2.35
417,28.401,ASN, ,CB,74.62,5.49,0.0,1.22,1.0,<Residue ASN het=  resseq=60 icode= >,3oa6_A_A,2.35
418,3.268,ASN, ,CG,76.9,4.03,0.0,1.93,1.0,<Residue ASN het=  resseq=60 icode= >,3oa6_A_A,2.35
419,1.32,ASN, ,OD1,75.24,3.91,0.0,1.26,1.0,<Residue ASN het=  resseq=60 icode= >,3oa6_A_A,2.35
420,54.31,ASN, ,ND2,78.48,3.29,15.971,0.84,1.0,<Residue ASN het=  resseq=60 icode= >,3oa6_A_A,2.35
421,1.079,ARG, ,N,74.78,6.76,0.0,2.26,1.0,<Residue ARG het=  resseq=61 icode= >,3oa6_A_A,2.35
422,0.0,ARG, ,CA,75.3,7.55,0.0,2.44,1.0,<Residue ARG het=  resseq=61 icode= >,3oa6_A_A,2.35
423,0.298,ARG, ,C,74.39,7.01,0.0,2.98,1.0,<Residue ARG het=  resseq=61 icode= >,3oa6_A_A,2.35
424,7.606,ARG, ,O,74.15,6.81,0.0,1.74,1.0,<Residue ARG het=  resseq=61 icode= >,3oa6_A_A,2.35
425,10.568,ARG, ,CB,79.15,8.30,0.0,1.64,1.0,<Residue ARG het=  resseq=61 icode= >,3oa6_A_A,2.35
426,21.013,ARG, ,CG,84.15,7.67,0.0,0.47,1.0,<Residue ARG het=  resseq=61 icode= >,3oa6_A_A,2.35
427,31.62,ARG, ,CD,87.42,8.29,0.0,0.67,1.0,<Residue ARG het=  resseq=61 icode= >,3oa6_A_A,2.35
428,11.298,ARG, ,NE,89.73,8.90,0.0,1.36,1.0,<Residue ARG het=  resseq=61 icode= >,3oa6_A_A,2.35
429,7.425,ARG, ,CZ,90.39,10.12,0.0,2.12,1.0,<Residue ARG het=  resseq=61 icode= >,3oa6_A_A,2.35
430,50.065,ARG, ,NH1,90.77,10.43,0.0,1.46,1.0,<Residue ARG het=  resseq=61 icode= >,3oa6_A_A,2.35
431,58.593,ARG, ,NH2,90.85,10.39,0.0,2.07,1.0,<Residue ARG het=  resseq=61 icode= >,3oa6_A_A,2.35
432,0.0,SER, ,N,73.69,5.73,0.0,3.02,1.0,<Residue SER het=  resseq=62 icode= >,3oa6_A_A,2.35
433,11.343,SER, ,CA,73.18,5.50,0.0,3.01,1.0,<Residue SER het=  resseq=62 icode= >,3oa6_A_A,2.35
434,0.56,SER, ,C,69.95,5.66,0.0,3.07,1.0,<Residue SER het=  resseq=62 icode= >,3oa6_A_A,2.35
435,14.705,SER, ,O,67.44,5.38,1.082,2.00,1.0,<Residue SER het=  resseq=62 icode= >,3oa6_A_A,2.35
436,41.725,SER, ,CB,75.89,4.16,26.452,2.55,1.0,<Residue SER het=  resseq=62 icode= >,3oa6_A_A,2.35
437,13.885,SER, ,OG,77.39,3.33,13.87,2.05,1.0,<Residue SER het=  resseq=62 icode= >,3oa6_A_A,2.35
438,0.0,TRP, ,N,66.88,6.37,0.0,2.62,1.0,<Residue TRP het=  resseq=63 icode= >,3oa6_A_A,2.35
439,0.0,TRP, ,CA,65.22,6.87,0.0,2.87,1.0,<Residue TRP het=  resseq=63 icode= >,3oa6_A_A,2.35
440,0.0,TRP, ,C,60.98,6.62,0.0,4.74,1.0,<Residue TRP het=  resseq=63 icode= >,3oa6_A_A,2.35
441,0.557,TRP, ,O,59.39,6.74,0.0,3.53,1.0,<Residue TRP het=  resseq=63 icode= >,3oa6_A_A,2.35
442,1.512,TRP, ,CB,66.62,7.14,0.0,1.78,1.0,<Residue TRP het=  resseq=63 icode= >,3oa6_A_A,2.35
443,0.0,TRP, ,CG,70.54,5.99,0.0,3.07,1.0,<Residue TRP het=  resseq=63 icode= >,3oa6_A_A,2.35
444,0.381,TRP, ,CD1,72.53,5.39,0.0,2.33,1.0,<Residue TRP het=  resseq=63 icode= >,3oa6_A_A,2.35
445,1.091,TRP, ,CD2,72.93,5.38,0.0,3.08,1.0,<Residue TRP het=  resseq=63 icode= >,3oa6_A_A,2.35
446,18.692,TRP, ,NE1,74.25,4.28,9.689,2.32,1.0,<Residue TRP het=  resseq=63 icode= >,3oa6_A_A,2.35
447,2.658,TRP, ,CE2,75.61,4.25,2.223,2.79,1.0,<Residue TRP het=  resseq=63 icode= >,3oa6_A_A,2.35
448,14.119,TRP, ,CE3,73.95,5.64,1.91,1.84,1.0,<Residue TRP het=  resseq=63 icode= >,3oa6_A_A,2.35
449,27.712,TRP, ,CZ2,78.46,3.20,24.165,1.04,1.0,<Residue TRP het=  resseq=63 icode= >,3oa6_A_A,2.35
450,30.616,TRP, ,CZ3,75.94,4.67,23.658,1.90,1.0,<Residue TRP het=  resseq=63 icode= >,3oa6_A_A,2.35
451,34.538,TRP, ,CH2,78.18,3.35,24.109,1.27,1.0,<Residue TRP het=  resseq=63 icode= >,3oa6_A_A,2.35
452,0.0,ASP, ,N,60.74,6.20,0.0,3.73,1.0,<Residue ASP het=  resseq=64 icode= >,3oa6_A_A,2.35
453,0.0,ASP, ,CA,60.44,5.77,0.0,2.59,1.0,<Residue ASP het=  resseq=64 icode= >,3oa6_A_A,2.35
454,0.0,ASP, ,C,57.51,4.53,0.0,3.51,1.0,<Residue ASP het=  resseq=64 icode= >,3oa6_A_A,2.35
455,11.157,ASP, ,O,56.11,3.50,10.107,2.20,1.0,<Residue ASP het=  resseq=64 icode= >,3oa6_A_A,2.35
456,8.901,ASP, ,CB,63.58,6.00,0.684,1.85,1.0,<Residue ASP het=  resseq=64 icode= >,3oa6_A_A,2.35
457,0.0,ASP, ,CG,67.68,7.01,0.0,2.19,1.0,<Residue ASP het=  resseq=64 icode= >,3oa6_A_A,2.35
458,0.29,ASP, ,OD1,69.71,8.26,0.0,0.61,1.0,<Residue ASP het=  resseq=64 icode= >,3oa6_A_A,2.35
459,8.215,ASP, ,OD2,71.03,6.67,0.0,1.57,1.0,<Residue ASP het=  resseq=64 icode= >,3oa6_A_A,2.35
460,0.0,ARG, ,N,54.26,4.61,0.0,3.45,1.0,<Residue ARG het=  resseq=65 icode= >,3oa6_A_A,2.35
461,1.294,ARG, ,CA,54.53,3.41,1.294,3.17,1.0,<Residue ARG het=  resseq=65 icode= >,3oa6_A_A,2.35
462,0.0,ARG, ,C,54.35,3.62,0.0,3.44,1.0,<Residue ARG het=  resseq=65 icode= >,3oa6_A_A,2.35
463,0.0,ARG, ,O,54.4,4.85,0.0,2.90,1.0,<Residue ARG het=  resseq=65 icode= >,3oa6_A_A,2.35
464,1.173,ARG, ,CB,54.58,3.92,0.207,3.25,1.0,<Residue ARG het=  resseq=65 icode= >,3oa6_A_A,2.35
465,1.197,ARG, ,CG,57.43,4.32,0.0,2.55,1.0,<Residue ARG het=  resseq=65 icode= >,3oa6_A_A,2.35
466,22.529,ARG, ,CD,60.94,3.47,16.75,1.93,1.0,<Residue ARG het=  resseq=65 icode= >,3oa6_A_A,2.35
467,15.844,ARG, ,NE,64.85,3.88,13.825,2.14,1.0,<Residue ARG het=  resseq=65 icode= >,3oa6_A_A,2.35
468,3.963,ARG, ,CZ,67.85,3.96,3.963,3.26,1.0,<Residue ARG het=  resseq=65 icode= >,3oa6_A_A,2.35
469,19.531,ARG, ,NH1,68.84,3.96,14.821,1.76,1.0,<Residue ARG het=  resseq=65 icode= >,3oa6_A_A,2.35
470,34.621,ARG, ,NH2,69.61,4.31,20.942,1.93,1.0,<Residue ARG het=  resseq=65 icode= >,3oa6_A_A,2.35
471,3.564,TRP, ,N,53.91,2.84,3.564,2.94,1.0,<Residue TRP het=  resseq=66 icode= >,3oa6_A_A,2.35
472,0.0,TRP, ,CA,55.18,3.85,0.0,3.31,1.0,<Residue TRP het=  resseq=66 icode= >,3oa6_A_A,2.35
473,1.001,TRP, ,C,55.93,4.52,0.0,4.14,1.0,<Residue TRP het=  resseq=66 icode= >,3oa6_A_A,2.35
474,21.237,TRP, ,O,59.36,4.20,1.6,2.03,1.0,<Residue TRP het=  resseq=66 icode= >,3oa6_A_A,2.35
475,18.041,TRP, ,CB,54.52,3.87,4.619,2.15,1.0,<Residue TRP het=  resseq=66 icode= >,3oa6_A_A,2.35
476,1.588,TRP, ,CG,55.29,4.21,0.0,2.51,1.0,<Residue TRP het=  resseq=66 icode= >,3oa6_A_A,2.35
477,28.845,TRP, ,CD1,56.01,3.76,19.532,2.50,1.0,<Residue TRP het=  resseq=66 icode= >,3oa6_A_A,2.35
478,2.4,TRP, ,CD2,55.06,4.93,0.0,3.39,1.0,<Residue TRP het=  resseq=66 icode= >,3oa6_A_A,2.35
479,23.61,TRP, ,NE1,57.47,2.92,18.424,3.00,1.0,<Residue TRP het=  resseq=66 icode= >,3oa6_A_A,2.35
480,3.081,TRP, ,CE2,56.54,3.62,0.0,3.81,1.0,<Residue TRP het=  resseq=66 icode= >,3oa6_A_A,2.35
481,0.195,TRP, ,CE3,54.27,6.00,0.0,2.96,1.0,<Residue TRP het=  resseq=66 icode= >,3oa6_A_A,2.35
482,20.173,TRP, ,CZ2,57.71,3.67,6.857,2.84,1.0,<Residue TRP het=  resseq=66 icode= >,3oa6_A_A,2.35
483,0.022,TRP, ,CZ3,54.26,6.00,0.0,3.11,1.0,<Residue TRP het=  resseq=66 icode= >,3oa6_A_A,2.35
484,0.97,TRP, ,CH2,56.3,4.99,0.0,3.75,1.0,<Residue TRP het=  resseq=66 icode= >,3oa6_A_A,2.35
485,0.0,ALA, ,N,55.24,5.81,0.0,4.16,1.0,<Residue ALA het=  resseq=67 icode= >,3oa6_A_A,2.35
486,5.402,ALA, ,CA,55.95,6.81,0.0,3.55,1.0,<Residue ALA het=  resseq=67 icode= >,3oa6_A_A,2.35
487,0.945,ALA, ,C,56.96,8.02,0.0,3.51,1.0,<Residue ALA het=  resseq=67 icode= >,3oa6_A_A,2.35
488,0.0,ALA, ,O,57.33,8.40,0.0,2.55,1.0,<Residue ALA het=  resseq=67 icode= >,3oa6_A_A,2.35
489,1.314,ALA, ,CB,56.93,7.45,0.0,1.28,1.0,<Residue ALA het=  resseq=67 icode= >,3oa6_A_A,2.35
490,5.417,ALA, ,N,57.76,8.79,0.0,2.80,1.0,<Residue ALA het=  resseq=68 icode= >,3oa6_A_A,2.35
491,1.015,ALA, ,CA,59.64,10.14,0.0,2.91,1.0,<Residue ALA het=  resseq=68 icode= >,3oa6_A_A,2.35
492,0.0,ALA, ,C,60.41,11.14,0.0,3.80,1.0,<Residue ALA het=  resseq=68 icode= >,3oa6_A_A,2.35
493,0.0,ALA, ,O,60.82,11.05,0.0,3.11,1.0,<Residue ALA het=  resseq=68 icode= >,3oa6_A_A,2.35
494,34.743,ALA, ,CB,58.24,10.76,0.0,0.51,1.0,<Residue ALA het=  resseq=68 icode= >,3oa6_A_A,2.35
495,1.287,GLU, ,N,64.48,12.21,0.0,2.73,1.0,<Residue GLU het=  resseq=69 icode= >,3oa6_A_A,2.35
496,0.0,GLU, ,CA,67.4,13.38,0.0,2.72,1.0,<Residue GLU het=  resseq=69 icode= >,3oa6_A_A,2.35
497,0.852,GLU, ,C,66.35,13.87,0.0,3.53,1.0,<Residue GLU het=  resseq=69 icode= >,3oa6_A_A,2.35
498,4.235,GLU, ,O,66.24,14.40,0.0,2.06,1.0,<Residue GLU het=  resseq=69 icode= >,3oa6_A_A,2.35
499,10.671,GLU, ,CB,71.13,14.59,0.0,1.86,1.0,<Residue GLU het=  resseq=69 icode= >,3oa6_A_A,2.35
500,3.434,GLU, ,CG,75.02,15.54,0.0,1.52,1.0,<Residue GLU het=  resseq=69 icode= >,3oa6_A_A,2.35
501,0.397,GLU, ,CD,79.23,16.59,0.0,1.65,1.0,<Residue GLU het=  resseq=69 icode= >,3oa6_A_A,2.35
502,33.893,GLU, ,OE1,82.45,17.48,0.0,0.98,1.0,<Residue GLU het=  resseq=69 icode= >,3oa6_A_A,2.35
503,3.626,GLU, ,OE2,82.41,16.64,0.0,1.09,1.0,<Residue GLU het=  resseq=69 icode= >,3oa6_A_A,2.35
504,0.398,ASP, ,N,65.84,13.87,0.0,2.30,1.0,<Residue ASP het=  resseq=70 icode= >,3oa6_A_A,2.35
505,12.981,ASP, ,CA,66.98,14.49,0.0,2.37,1.0,<Residue ASP het=  resseq=70 icode= >,3oa6_A_A,2.35
506,0.223,ASP, ,C,65.39,14.06,0.0,2.81,1.0,<Residue ASP het=  resseq=70 icode= >,3oa6_A_A,2.35
507,15.132,ASP, ,O,66.36,14.89,0.0,1.48,1.0,<Residue ASP het=  resseq=70 icode= >,3oa6_A_A,2.35
508,14.598,ASP, ,CB,68.46,14.35,0.0,1.48,1.0,<Residue ASP het=  resseq=70 icode= >,3oa6_A_A,2.35
509,11.536,ASP, ,CG,72.96,14.79,0.0,0.55,1.0,<Residue ASP het=  resseq=70 icode= >,3oa6_A_A,2.35
510,16.852,ASP, ,OD1,75.07,14.29,0.0,0.49,1.0,<Residue ASP het=  resseq=70 icode= >,3oa6_A_A,2.35
511,42.122,ASP, ,OD2,76.01,15.74,0.0,-0.28,1.0,<Residue ASP het=  resseq=70 icode= >,3oa6_A_A,2.35
512,0.0,HIS, ,N,62.22,12.84,0.0,2.56,1.0,<Residue HIS het=  resseq=71 icode= >,3oa6_A_A,2.35
513,0.01,HIS, ,CA,61.43,12.30,0.0,3.16,1.0,<Residue HIS het=  resseq=71 icode= >,3oa6_A_A,2.35
514,0.0,HIS, ,C,59.16,12.57,0.0,3.97,1.0,<Residue HIS het=  resseq=71 icode= >,3oa6_A_A,2.35
515,0.0,HIS, ,O,58.82,12.34,0.0,2.68,1.0,<Residue HIS het=  resseq=71 icode= >,3oa6_A_A,2.35
516,0.0,HIS, ,CB,62.28,10.84,0.0,2.39,1.0,<Residue HIS het=  resseq=71 icode= >,3oa6_A_A,2.35
517,0.0,HIS, ,CG,65.34,10.79,0.0,3.02,1.0,<Residue HIS het=  resseq=71 icode= >,3oa6_A_A,2.35
518,2.11,HIS, ,ND1,67.3,11.75,0.0,2.13,1.0,<Residue HIS het=  resseq=71 icode= >,3oa6_A_A,2.35
519,6.384,HIS, ,CD2,66.99,10.10,0.0,2.33,1.0,<Residue HIS het=  resseq=71 icode= >,3oa6_A_A,2.35
520,38.212,HIS, ,CE1,68.13,11.69,0.0,2.55,1.0,<Residue HIS het=  resseq=71 icode= >,3oa6_A_A,2.35
521,28.039,HIS, ,NE2,68.68,10.71,0.0,2.29,1.0,<Residue HIS het=  resseq=71 icode= >,3oa6_A_A,2.35
522,0.0,VAL, ,N,56.3,13.22,0.0,3.63,1.0,<Residue VAL het=  resseq=72 icode= >,3oa6_A_A,2.35
523,0.0,VAL, ,CA,55.02,13.58,0.0,3.71,1.0,<Residue VAL het=  resseq=72 icode= >,3oa6_A_A,2.35
524,0.0,VAL, ,C,55.19,15.07,0.0,4.49,1.0,<Residue VAL het=  resseq=72 icode= >,3oa6_A_A,2.35
525,3.407,VAL, ,O,56.34,15.69,0.0,2.87,1.0,<Residue VAL het=  resseq=72 icode= >,3oa6_A_A,2.35
526,0.0,VAL, ,CB,54.62,13.06,0.0,3.93,1.0,<Residue VAL het=  resseq=72 icode= >,3oa6_A_A,2.35
527,0.0,VAL, ,CG1,53.74,13.58,0.0,2.16,1.0,<Residue VAL het=  resseq=72 icode= >,3oa6_A_A,2.35
528,0.0,VAL, ,CG2,52.7,11.51,0.0,2.35,1.0,<Residue VAL het=  resseq=72 icode= >,3oa6_A_A,2.35
529,0.0,LEU, ,N,55.65,15.70,0.0,3.57,1.0,<Residue LEU het=  resseq=73 icode= >,3oa6_A_A,2.35
530,0.457,LEU, ,CA,56.67,17.17,0.0,3.56,1.0,<Residue LEU het=  resseq=73 icode= >,3oa6_A_A,2.35
531,0.0,LEU, ,C,56.91,17.71,0.0,4.74,1.0,<Residue LEU het=  resseq=73 icode= >,3oa6_A_A,2.35
532,0.0,LEU, ,O,55.6,17.28,0.0,2.44,1.0,<Residue LEU het=  resseq=73 icode= >,3oa6_A_A,2.35
533,0.0,LEU, ,CB,56.76,17.77,0.0,3.29,1.0,<Residue LEU het=  resseq=73 icode= >,3oa6_A_A,2.35
534,0.0,LEU, ,CG,56.41,17.65,0.0,4.30,1.0,<Residue LEU het=  resseq=73 icode= >,3oa6_A_A,2.35
535,3.535,LEU, ,CD1,56.25,18.52,0.0,2.28,1.0,<Residue LEU het=  resseq=73 icode= >,3oa6_A_A,2.35
536,34.583,LEU, ,CD2,58.16,17.98,0.0,1.98,1.0,<Residue LEU het=  resseq=73 icode= >,3oa6_A_A,2.35
537,1.746,ARG, ,N,60.01,1000.00,0.0,3.74,1.0,<Residue ARG het=  resseq=74 icode= >,3oa6_A_A,2.35
538,0.0,ARG, ,CA,61.42,1000.00,0.0,3.81,1.0,<Residue ARG het=  resseq=74 icode= >,3oa6_A_A,2.35
539,0.0,ARG, ,C,61.18,1000.00,0.0,5.08,1.0,<Residue ARG het=  resseq=74 icode= >,3oa6_A_A,2.35
540,0.0,ARG, ,O,58.14,1000.00,0.0,3.39,1.0,<Residue ARG het=  resseq=74 icode= >,3oa6_A_A,2.35
541,9.629,ARG, ,CB,64.98,1000.00,0.0,2.50,1.0,<Residue ARG het=  resseq=74 icode= >,3oa6_A_A,2.35
542,13.175,ARG, ,CG,68.51,1000.00,0.0,1.01,1.0,<Residue ARG het=  resseq=74 icode= >,3oa6_A_A,2.35
543,17.97,ARG, ,CD,71.18,1000.00,0.0,1.41,1.0,<Residue ARG het=  resseq=74 icode= >,3oa6_A_A,2.35
544,10.291,ARG, ,NE,73.38,1000.00,0.0,1.81,1.0,<Residue ARG het=  resseq=74 icode= >,3oa6_A_A,2.35
545,4.411,ARG, ,CZ,74.88,1000.00,0.0,2.31,1.0,<Residue ARG het=  resseq=74 icode= >,3oa6_A_A,2.35
546,15.011,ARG, ,NH1,75.17,1000.00,0.0,1.61,1.0,<Residue ARG het=  resseq=74 icode= >,3oa6_A_A,2.35
547,27.724,ARG, ,NH2,76.07,1000.00,0.0,1.64,1.0,<Residue ARG het=  resseq=74 icode= >,3oa6_A_A,2.35
548,0.402,ASP, ,N,63.05,1000.00,0.0,3.48,1.0,<Residue ASP het=  resseq=75 icode= >,3oa6_A_A,2.35
549,0.0,ASP, ,CA,64.84,1000.00,0.0,2.76,1.0,<Residue ASP het=  resseq=75 icode= >,3oa6_A_A,2.35
550,0.0,ASP, ,C,65.77,1000.00,0.0,3.72,1.0,<Residue ASP het=  resseq=75 icode= >,3oa6_A_A,2.35
551,23.437,ASP, ,O,67.45,1000.00,0.0,2.07,1.0,<Residue ASP het=  resseq=75 icode= >,3oa6_A_A,2.35
552,8.218,ASP, ,CB,66.97,1000.00,0.0,1.88,1.0,<Residue ASP het=  resseq=75 icode= >,3oa6_A_A,2.35
553,5.567,ASP, ,CG,69.56,1000.00,0.0,2.51,1.0,<Residue ASP het=  resseq=75 icode= >,3oa6_A_A,2.35
554,6.586,ASP, ,OD1,71.83,1000.00,0.0,2.07,1.0,<Residue ASP het=  resseq=75 icode= >,3oa6_A_A,2.35
555,0.812,ASP, ,OD2,71.5,1000.00,0.0,1.20,1.0,<Residue ASP het=  resseq=75 icode= >,3oa6_A_A,2.35
556,0.0,THR, ,N,65.12,1000.00,0.0,2.70,1.0,<Residue THR het=  resseq=76 icode= >,3oa6_A_A,2.35
557,4.493,THR, ,CA,64.88,1000.00,0.0,2.77,1.0,<Residue THR het=  resseq=76 icode= >,3oa6_A_A,2.35
558,1.756,THR, ,C,63.87,1000.00,0.0,3.34,1.0,<Residue THR het=  resseq=76 icode= >,3oa6_A_A,2.35
559,0.0,THR, ,O,61.95,1000.00,0.0,1.32,1.0,<Residue THR het=  resseq=76 icode= >,3oa6_A_A,2.35
560,0.637,THR, ,CB,65.59,1000.00,0.0,2.22,1.0,<Residue THR het=  resseq=76 icode= >,3oa6_A_A,2.35
561,29.793,THR, ,OG1,69.63,1000.00,0.0,0.78,1.0,<Residue THR het=  resseq=76 icode= >,3oa6_A_A,2.35
562,13.161,THR, ,CG2,65.43,1000.00,0.0,0.92,1.0,<Residue THR het=  resseq=76 icode= >,3oa6_A_A,2.35
563,7.932,ASP, ,N,62.79,1000.00,0.0,2.86,1.0,<Residue ASP het=  resseq=77 icode= >,3oa6_A_A,2.35
564,1.419,ASP, ,CA,62.29,1000.00,0.0,2.51,1.0,<Residue ASP het=  resseq=77 icode= >,3oa6_A_A,2.35
565,0.0,ASP, ,C,61.42,1000.00,0.0,3.69,1.0,<Residue ASP het=  resseq=77 icode= >,3oa6_A_A,2.35
566,0.776,ASP, ,O,59.96,1000.00,0.0,2.62,1.0,<Residue ASP het=  resseq=77 icode= >,3oa6_A_A,2.35
567,11.298,ASP, ,CB,63.1,1000.00,0.0,1.63,1.0,<Residue ASP het=  resseq=77 icode= >,3oa6_A_A,2.35
568,12.697,ASP, ,CG,63.76,1000.00,0.0,2.59,1.0,<Residue ASP het=  resseq=77 icode= >,3oa6_A_A,2.35
569,40.142,ASP, ,OD1,64.86,1000.00,0.0,1.65,1.0,<Residue ASP het=  resseq=77 icode= >,3oa6_A_A,2.35
570,33.932,ASP, ,OD2,62.08,1000.00,0.0,1.75,1.0,<Residue ASP het=  resseq=77 icode= >,3oa6_A_A,2.35
571,0.454,GLU, ,N,61.87,1000.00,0.0,2.70,1.0,<Residue GLU het=  resseq=78 icode= >,3oa6_A_A,2.35
572,0.0,GLU, ,CA,64.22,1000.00,0.0,2.01,1.0,<Residue GLU het=  resseq=78 icode= >,3oa6_A_A,2.35
573,0.023,GLU, ,C,61.1,1000.00,0.0,2.85,1.0,<Residue GLU het=  resseq=78 icode= >,3oa6_A_A,2.35
574,6.35,GLU, ,O,60.54,1000.00,0.0,2.14,1.0,<Residue GLU het=  resseq=78 icode= >,3oa6_A_A,2.35
575,15.794,GLU, ,CB,68.38,1000.00,0.0,1.55,1.0,<Residue GLU het=  resseq=78 icode= >,3oa6_A_A,2.35
576,31.636,GLU, ,CG,74.23,1000.00,0.0,0.66,1.0,<Residue GLU het=  resseq=78 icode= >,3oa6_A_A,2.35
577,7.603,GLU, ,CD,77.48,1000.00,0.0,1.48,1.0,<Residue GLU het=  resseq=78 icode= >,3oa6_A_A,2.35
578,41.45,GLU, ,OE1,78.9,1000.00,0.0,1.76,1.0,<Residue GLU het=  resseq=78 icode= >,3oa6_A_A,2.35
579,5.944,GLU, ,OE2,78.91,1000.00,0.0,1.90,1.0,<Residue GLU het=  resseq=78 icode= >,3oa6_A_A,2.35
580,0.0,ASN, ,N,56.73,1000.00,0.0,2.78,1.0,<Residue ASN het=  resseq=79 icode= >,3oa6_A_A,2.35
581,0.0,ASN, ,CA,55.79,1000.00,0.0,3.07,1.0,<Residue ASN het=  resseq=79 icode= >,3oa6_A_A,2.35
582,0.0,ASN, ,C,54.42,1000.00,0.0,4.17,1.0,<Residue ASN het=  resseq=79 icode= >,3oa6_A_A,2.35
583,0.0,ASN, ,O,51.4,1000.00,0.0,2.93,1.0,<Residue ASN het=  resseq=79 icode= >,3oa6_A_A,2.35
584,0.0,ASN, ,CB,55.14,1000.00,0.0,2.37,1.0,<Residue ASN het=  resseq=79 icode= >,3oa6_A_A,2.35
585,0.0,ASN, ,CG,56.42,1000.00,0.0,4.43,1.0,<Residue ASN het=  resseq=79 icode= >,3oa6_A_A,2.35
586,17.474,ASN, ,OD1,58.02,1000.00,0.0,3.66,1.0,<Residue ASN het=  resseq=79 icode= >,3oa6_A_A,2.35
587,9.815,ASN, ,ND2,55.15,1000.00,0.0,1.79,1.0,<Residue ASN het=  resseq=79 icode= >,3oa6_A_A,2.35
588,0.0,ARG, ,N,54.04,1000.00,0.0,3.09,1.0,<Residue ARG het=  resseq=80 icode= >,3oa6_A_A,2.35
589,0.0,ARG, ,CA,53.32,1000.00,0.0,3.50,1.0,<Residue ARG het=  resseq=80 icode= >,3oa6_A_A,2.35
590,0.0,ARG, ,C,54.6,1000.00,0.0,3.86,1.0,<Residue ARG het=  resseq=80 icode= >,3oa6_A_A,2.35
591,0.0,ARG, ,O,54.38,1000.00,0.0,2.45,1.0,<Residue ARG het=  resseq=80 icode= >,3oa6_A_A,2.35
592,13.124,ARG, ,CB,52.79,1000.00,0.0,2.27,1.0,<Residue ARG het=  resseq=80 icode= >,3oa6_A_A,2.35
593,10.615,ARG, ,CG,53.26,1000.00,0.0,1.30,1.0,<Residue ARG het=  resseq=80 icode= >,3oa6_A_A,2.35
594,10.756,ARG, ,CD,54.11,1000.00,0.0,1.80,1.0,<Residue ARG het=  resseq=80 icode= >,3oa6_A_A,2.35
595,4.882,ARG, ,NE,54.75,1000.00,0.0,2.59,1.0,<Residue ARG het=  resseq=80 icode= >,3oa6_A_A,2.35
596,3.889,ARG, ,CZ,54.91,1000.00,0.0,4.15,1.0,<Residue ARG het=  resseq=80 icode= >,3oa6_A_A,2.35
597,12.341,ARG, ,NH1,55.83,1000.00,0.0,1.86,1.0,<Residue ARG het=  resseq=80 icode= >,3oa6_A_A,2.35
598,9.276,ARG, ,NH2,54.26,1000.00,0.0,3.53,1.0,<Residue ARG het=  resseq=80 icode= >,3oa6_A_A,2.35
599,0.0,ARG, ,N,54.72,1000.00,0.0,3.06,1.0,<Residue ARG het=  resseq=81 icode= >,3oa6_A_A,2.35
600,1.5,ARG, ,CA,56.59,1000.00,0.0,2.76,1.0,<Residue ARG het=  resseq=81 icode= >,3oa6_A_A,2.35
601,0.792,ARG, ,C,54.9,1000.00,0.0,3.71,1.0,<Residue ARG het=  resseq=81 icode= >,3oa6_A_A,2.35
602,4.207,ARG, ,O,53.19,1000.00,0.0,2.38,1.0,<Residue ARG het=  resseq=81 icode= >,3oa6_A_A,2.35
603,12.161,ARG, ,CB,60.36,1000.00,0.0,1.50,1.0,<Residue ARG het=  resseq=81 icode= >,3oa6_A_A,2.35
604,14.439,ARG, ,CG,63.28,1000.00,0.0,1.40,1.0,<Residue ARG het=  resseq=81 icode= >,3oa6_A_A,2.35
605,34.835,ARG, ,CD,66.61,1000.00,0.0,1.90,1.0,<Residue ARG het=  resseq=81 icode= >,3oa6_A_A,2.35
606,3.5,ARG, ,NE,70.13,1000.00,0.0,2.33,1.0,<Residue ARG het=  resseq=81 icode= >,3oa6_A_A,2.35
607,4.627,ARG, ,CZ,71.64,1000.00,0.0,2.29,1.0,<Residue ARG het=  resseq=81 icode= >,3oa6_A_A,2.35
608,33.015,ARG, ,NH1,71.89,1000.00,0.0,1.59,1.0,<Residue ARG het=  resseq=81 icode= >,3oa6_A_A,2.35
609,24.523,ARG, ,NH2,72.05,1000.00,0.0,2.03,1.0,<Residue ARG het=  resseq=81 icode= >,3oa6_A_A,2.35
610,0.048,LEU, ,N,51.49,1000.00,0.0,3.45,1.0,<Residue LEU het=  resseq=82 icode= >,3oa6_A_A,2.35
611,2.731,LEU, ,CA,52.22,1000.00,0.0,3.18,1.0,<Residue LEU het=  resseq=82 icode= >,3oa6_A_A,2.35
612,0.0,LEU, ,C,52.6,1000.00,0.0,4.39,1.0,<Residue LEU het=  resseq=82 icode= >,3oa6_A_A,2.35
613,0.0,LEU, ,O,53.78,1000.00,0.0,3.21,1.0,<Residue LEU het=  resseq=82 icode= >,3oa6_A_A,2.35
614,7.034,LEU, ,CB,51.32,1000.00,0.0,2.59,1.0,<Residue LEU het=  resseq=82 icode= >,3oa6_A_A,2.35
615,0.0,LEU, ,CG,50.17,1000.00,0.0,4.74,1.0,<Residue LEU het=  resseq=82 icode= >,3oa6_A_A,2.35
616,16.302,LEU, ,CD1,50.32,1000.00,0.0,2.67,1.0,<Residue LEU het=  resseq=82 icode= >,3oa6_A_A,2.35
617,24.712,LEU, ,CD2,50.48,1000.00,0.0,2.45,1.0,<Residue LEU het=  resseq=82 icode= >,3oa6_A_A,2.35
618,0.0,GLN, ,N,52.07,1000.00,0.0,4.15,1.0,<Residue GLN het=  resseq=83 icode= >,3oa6_A_A,2.35
619,0.0,GLN, ,CA,53.18,1000.00,0.0,3.30,1.0,<Residue GLN het=  resseq=83 icode= >,3oa6_A_A,2.35
620,0.0,GLN, ,C,55.81,1000.00,0.0,3.47,1.0,<Residue GLN het=  resseq=83 icode= >,3oa6_A_A,2.35
621,0.455,GLN, ,O,55.58,1000.00,0.0,2.65,1.0,<Residue GLN het=  resseq=83 icode= >,3oa6_A_A,2.35
622,0.0,GLN, ,CB,51.24,1000.00,0.0,2.45,1.0,<Residue GLN het=  resseq=83 icode= >,3oa6_A_A,2.35
623,6.201,GLN, ,CG,51.01,1000.00,0.0,2.81,1.0,<Residue GLN het=  resseq=83 icode= >,3oa6_A_A,2.35
624,6.017,GLN, ,CD,50.01,1000.00,0.0,4.93,1.0,<Residue GLN het=  resseq=83 icode= >,3oa6_A_A,2.35
625,7.848,GLN, ,OE1,51.93,1000.00,0.0,3.70,1.0,<Residue GLN het=  resseq=83 icode= >,3oa6_A_A,2.35
626,12.106,GLN, ,NE2,48.56,1000.00,0.0,2.81,1.0,<Residue GLN het=  resseq=83 icode= >,3oa6_A_A,2.35
627,0.0,ARG, ,N,57.59,1000.00,0.0,2.06,1.0,<Residue ARG het=  resseq=84 icode= >,3oa6_A_A,2.35
628,0.691,ARG, ,CA,61.06,1000.00,0.0,1.98,1.0,<Residue ARG het=  resseq=84 icode= >,3oa6_A_A,2.35
629,0.557,ARG, ,C,62.36,1000.00,0.0,3.62,1.0,<Residue ARG het=  resseq=84 icode= >,3oa6_A_A,2.35
630,0.343,ARG, ,O,63.24,1000.00,0.0,1.91,1.0,<Residue ARG het=  resseq=84 icode= >,3oa6_A_A,2.35
631,12.416,ARG, ,CB,64.16,1000.00,0.0,1.26,1.0,<Residue ARG het=  resseq=84 icode= >,3oa6_A_A,2.35
632,27.671,ARG, ,CG,66.01,1000.00,0.0,1.23,1.0,<Residue ARG het=  resseq=84 icode= >,3oa6_A_A,2.35
633,12.965,ARG, ,CD,66.36,1000.00,0.0,1.83,1.0,<Residue ARG het=  resseq=84 icode= >,3oa6_A_A,2.35
634,10.709,ARG, ,NE,68.81,1000.00,0.0,2.25,1.0,<Residue ARG het=  resseq=84 icode= >,3oa6_A_A,2.35
635,8.187,ARG, ,CZ,69.6,1000.00,0.0,2.63,1.0,<Residue ARG het=  resseq=84 icode= >,3oa6_A_A,2.35
636,49.494,ARG, ,NH1,69.0,1000.00,0.0,1.82,1.0,<Residue ARG het=  resseq=84 icode= >,3oa6_A_A,2.35
637,59.681,ARG, ,NH2,70.42,1000.00,0.0,1.29,1.0,<Residue ARG het=  resseq=84 icode= >,3oa6_A_A,2.35
638,0.112,LYS, ,N,60.22,1000.00,0.0,3.73,1.0,<Residue LYS het=  resseq=85 icode= >,3oa6_A_A,2.35
639,7.109,LYS, ,CA,62.44,1000.00,0.0,2.83,1.0,<Residue LYS het=  resseq=85 icode= >,3oa6_A_A,2.35
640,0.0,LYS, ,C,60.17,1000.00,0.0,3.98,1.0,<Residue LYS het=  resseq=85 icode= >,3oa6_A_A,2.35
641,0.796,LYS, ,O,61.7,1000.00,0.0,2.46,1.0,<Residue LYS het=  resseq=85 icode= >,3oa6_A_A,2.35
642,7.211,LYS, ,CB,63.9,1000.00,0.0,1.58,1.0,<Residue LYS het=  resseq=85 icode= >,3oa6_A_A,2.35
643,11.093,LYS, ,CG,67.03,1000.00,0.0,1.71,1.0,<Residue LYS het=  resseq=85 icode= >,3oa6_A_A,2.35
644,28.703,LYS, ,CD,69.76,1000.00,0.0,2.02,1.0,<Residue LYS het=  resseq=85 icode= >,3oa6_A_A,2.35
645,34.995,LYS, ,CE,72.31,1000.00,0.0,1.86,1.0,<Residue LYS het=  resseq=85 icode= >,3oa6_A_A,2.35
646,23.612,LYS, ,NZ,73.46,1000.00,0.0,1.27,1.0,<Residue LYS het=  resseq=85 icode= >,3oa6_A_A,2.35
647,0.0,LEU, ,N,57.31,1000.00,0.0,3.52,1.0,<Residue LEU het=  resseq=86 icode= >,3oa6_A_A,2.35
648,0.0,LEU, ,CA,56.72,1000.00,0.0,2.68,1.0,<Residue LEU het=  resseq=86 icode= >,3oa6_A_A,2.35
649,0.0,LEU, ,C,58.05,1000.00,0.0,3.76,1.0,<Residue LEU het=  resseq=86 icode= >,3oa6_A_A,2.35
650,0.556,LEU, ,O,58.86,1000.00,0.0,2.09,1.0,<Residue LEU het=  resseq=86 icode= >,3oa6_A_A,2.35
651,0.0,LEU, ,CB,52.96,1000.00,0.0,2.44,1.0,<Residue LEU het=  resseq=86 icode= >,3oa6_A_A,2.35
652,0.0,LEU, ,CG,53.11,1000.00,0.0,3.46,1.0,<Residue LEU het=  resseq=86 icode= >,3oa6_A_A,2.35
653,0.0,LEU, ,CD1,50.31,1000.00,0.0,1.52,1.0,<Residue LEU het=  resseq=86 icode= >,3oa6_A_A,2.35
654,6.178,LEU, ,CD2,53.11,1000.00,0.0,2.20,1.0,<Residue LEU het=  resseq=86 icode= >,3oa6_A_A,2.35
655,0.0,ALA, ,N,59.0,18.72,0.0,2.90,1.0,<Residue ALA het=  resseq=87 icode= >,3oa6_A_A,2.35
656,1.786,ALA, ,CA,61.11,17.93,0.0,2.88,1.0,<Residue ALA het=  resseq=87 icode= >,3oa6_A_A,2.35
657,1.071,ALA, ,C,64.9,18.18,0.0,3.43,1.0,<Residue ALA het=  resseq=87 icode= >,3oa6_A_A,2.35
658,0.787,ALA, ,O,67.49,17.32,0.0,1.82,1.0,<Residue ALA het=  resseq=87 icode= >,3oa6_A_A,2.35
659,41.108,ALA, ,CB,57.8,18.40,0.0,1.11,1.0,<Residue ALA het=  resseq=87 icode= >,3oa6_A_A,2.35
660,0.0,ARG, ,N,67.81,1000.00,0.0,2.25,1.0,<Residue ARG het=  resseq=88 icode= >,3oa6_A_A,2.35
661,0.355,ARG, ,CA,72.17,1000.00,0.0,2.03,1.0,<Residue ARG het=  resseq=88 icode= >,3oa6_A_A,2.35
662,0.972,ARG, ,C,75.58,1000.00,0.0,2.66,1.0,<Residue ARG het=  resseq=88 icode= >,3oa6_A_A,2.35
663,0.893,ARG, ,O,77.56,1000.00,0.0,1.73,1.0,<Residue ARG het=  resseq=88 icode= >,3oa6_A_A,2.35
664,13.148,ARG, ,CB,74.86,1000.00,0.0,1.28,1.0,<Residue ARG het=  resseq=88 icode= >,3oa6_A_A,2.35
665,11.187,ARG, ,CG,75.31,1000.00,0.0,1.41,1.0,<Residue ARG het=  resseq=88 icode= >,3oa6_A_A,2.35
666,27.347,ARG, ,CD,79.49,1000.00,0.0,1.30,1.0,<Residue ARG het=  resseq=88 icode= >,3oa6_A_A,2.35
667,15.763,ARG, ,NE,80.68,1000.00,0.0,1.34,1.0,<Residue ARG het=  resseq=88 icode= >,3oa6_A_A,2.35
668,8.79,ARG, ,CZ,83.36,1000.00,0.0,1.51,1.0,<Residue ARG het=  resseq=88 icode= >,3oa6_A_A,2.35
669,50.826,ARG, ,NH1,85.53,1000.00,0.0,0.90,1.0,<Residue ARG het=  resseq=88 icode= >,3oa6_A_A,2.35
670,59.706,ARG, ,NH2,83.99,1000.00,0.0,0.55,1.0,<Residue ARG het=  resseq=88 icode= >,3oa6_A_A,2.35
671,0.0,LYS, ,N,76.82,1000.00,0.0,2.05,1.0,<Residue LYS het=  resseq=89 icode= >,3oa6_A_A,2.35
672,6.862,LYS, ,CA,79.52,1000.00,0.0,2.41,1.0,<Residue LYS het=  resseq=89 icode= >,3oa6_A_A,2.35
673,1.306,LYS, ,C,79.81,1000.00,0.0,3.25,1.0,<Residue LYS het=  resseq=89 icode= >,3oa6_A_A,2.35
674,10.81,LYS, ,O,83.11,1000.00,0.0,1.64,1.0,<Residue LYS het=  resseq=89 icode= >,3oa6_A_A,2.35
675,16.96,LYS, ,CB,80.17,1000.00,0.0,1.85,1.0,<Residue LYS het=  resseq=89 icode= >,3oa6_A_A,2.35
676,16.947,LYS, ,CG,82.43,1000.00,0.0,1.12,1.0,<Residue LYS het=  resseq=89 icode= >,3oa6_A_A,2.35
677,26.989,LYS, ,CD,83.79,1000.00,0.0,0.76,1.0,<Residue LYS het=  resseq=89 icode= >,3oa6_A_A,2.35
678,13.375,LYS, ,CE,83.64,1000.00,0.0,0.72,1.0,<Residue LYS het=  resseq=89 icode= >,3oa6_A_A,2.35
679,24.611,LYS, ,NZ,83.01,1000.00,0.0,1.36,1.0,<Residue LYS het=  resseq=89 icode= >,3oa6_A_A,2.35
680,0.176,ALA, ,N,77.32,16.86,0.0,2.68,1.0,<Residue ALA het=  resseq=90 icode= >,3oa6_A_A,2.35
681,10.097,ALA, ,CA,76.33,15.43,0.0,2.94,1.0,<Residue ALA het=  resseq=90 icode= >,3oa6_A_A,2.35
682,0.763,ALA, ,C,78.56,15.18,0.0,3.22,1.0,<Residue ALA het=  resseq=90 icode= >,3oa6_A_A,2.35
683,23.407,ALA, ,O,79.71,14.38,5.084,2.01,1.0,<Residue ALA het=  resseq=90 icode= >,3oa6_A_A,2.35
684,14.154,ALA, ,CB,73.21,14.59,5.302,1.06,1.0,<Residue ALA het=  resseq=90 icode= >,3oa6_A_A,2.35
685,0.0,VAL, ,N,81.41,16.03,0.0,2.15,1.0,<Residue VAL het=  resseq=91 icode= >,3oa6_A_A,2.35
686,5.967,VAL, ,CA,84.41,16.02,0.0,2.41,1.0,<Residue VAL het=  resseq=91 icode= >,3oa6_A_A,2.35
687,3.086,VAL, ,C,90.04,16.70,0.0,2.40,1.0,<Residue VAL het=  resseq=91 icode= >,3oa6_A_A,2.35
688,23.296,VAL, ,O,92.6,16.20,0.0,0.83,1.0,<Residue VAL het=  resseq=91 icode= >,3oa6_A_A,2.35
689,11.396,VAL, ,CB,83.45,16.79,0.0,2.38,1.0,<Residue VAL het=  resseq=91 icode= >,3oa6_A_A,2.35
690,55.287,VAL, ,CG1,81.23,16.02,0.0,1.04,1.0,<Residue VAL het=  resseq=91 icode= >,3oa6_A_A,2.35
691,23.763,VAL, ,CG2,82.74,18.16,0.0,0.76,1.0,<Residue VAL het=  resseq=91 icode= >,3oa6_A_A,2.35
692,0.657,ALA, ,N,64.15,17.95,0.0,2.94,1.0,<Residue ALA het=  resseq=92 icode= >,3oa6_A_A,2.35
693,15.79,ALA, ,CA,66.13,18.80,0.0,2.25,1.0,<Residue ALA het=  resseq=92 icode= >,3oa6_A_A,2.35
694,32.233,ALA, ,C,67.87,18.13,0.0,2.24,1.0,<Residue ALA het=  resseq=92 icode= >,3oa6_A_A,2.35
695,18.64,ALA, ,O,70.03,16.91,0.0,3.04,1.0,<Residue ALA het=  resseq=92 icode= >,3oa6_A_A,2.35
696,51.295,ALA, ,CB,65.34,20.09,0.0,1.45,1.0,<Residue ALA het=  resseq=92 icode= >,3oa6_A_A,2.35
