,ASA,aa,altloc,atom,bfac,d2r,dASA,dens,occ,residue,id,resolu
0,51.144,SER, ,N,44.13,12.96,0.0,1.78,1.0,<Residue SER het=  resseq=5 icode= >,3od8_A_A,2.4
1,14.696,SER, ,CA,45.07,13.69,0.0,2.47,1.0,<Residue SER het=  resseq=5 icode= >,3od8_A_A,2.4
2,3.056,SER, ,C,57.85,13.62,0.0,1.88,1.0,<Residue SER het=  resseq=5 icode= >,3od8_A_A,2.4
3,13.096,SER, ,O,58.63,12.58,0.0,0.94,1.0,<Residue SER het=  resseq=5 icode= >,3od8_A_A,2.4
4,23.435,SER, ,CB,42.83,13.35,0.0,2.44,1.0,<Residue SER het=  resseq=5 icode= >,3od8_A_A,2.4
5,2.175,SER, ,OG,40.74,14.26,0.0,2.05,1.0,<Residue SER het=  resseq=5 icode= >,3od8_A_A,2.4
6,1.296,ASP, ,N,52.04,14.83,0.0,1.43,1.0,<Residue ASP het=  resseq=6 icode= >,3od8_A_A,2.4
7,0.529,ASP, ,CA,52.57,15.10,0.0,1.40,1.0,<Residue ASP het=  resseq=6 icode= >,3od8_A_A,2.4
8,0.191,ASP, ,C,46.03,15.55,0.0,2.83,1.0,<Residue ASP het=  resseq=6 icode= >,3od8_A_A,2.4
9,15.531,ASP, ,O,44.17,16.26,0.0,1.73,1.0,<Residue ASP het=  resseq=6 icode= >,3od8_A_A,2.4
10,30.026,ASP, ,CB,54.65,16.22,0.0,0.97,1.0,<Residue ASP het=  resseq=6 icode= >,3od8_A_A,2.4
11,12.328,ASP, ,CG,61.91,17.37,0.0,1.68,1.0,<Residue ASP het=  resseq=6 icode= >,3od8_A_A,2.4
12,23.081,ASP, ,OD1,54.55,17.63,0.0,1.34,1.0,<Residue ASP het=  resseq=6 icode= >,3od8_A_A,2.4
13,42.06,ASP, ,OD2,65.36,18.05,0.0,0.90,1.0,<Residue ASP het=  resseq=6 icode= >,3od8_A_A,2.4
14,0.0,LYS, ,N,38.19,15.25,0.0,2.77,1.0,<Residue LYS het=  resseq=7 icode= >,3od8_A_A,2.4
15,5.596,LYS, ,CA,36.2,15.77,0.0,3.19,1.0,<Residue LYS het=  resseq=7 icode= >,3od8_A_A,2.4
16,0.0,LYS, ,C,31.25,14.98,0.0,4.15,1.0,<Residue LYS het=  resseq=7 icode= >,3od8_A_A,2.4
17,1.263,LYS, ,O,33.33,13.83,0.0,3.07,1.0,<Residue LYS het=  resseq=7 icode= >,3od8_A_A,2.4
18,0.39,LYS, ,CB,31.95,16.00,0.0,2.06,1.0,<Residue LYS het=  resseq=7 icode= >,3od8_A_A,2.4
19,9.27,LYS, ,CG,40.71,17.01,0.0,1.11,1.0,<Residue LYS het=  resseq=7 icode= >,3od8_A_A,2.4
20,0.0,LYS, ,CD,39.68,17.75,0.0,0.87,1.0,<Residue LYS het=  resseq=7 icode= >,3od8_A_A,2.4
21,32.4,LYS, ,CE,33.78,18.67,0.0,1.43,1.0,<Residue LYS het=  resseq=7 icode= >,3od8_A_A,2.4
22,20.377,LYS, ,NZ,38.18,18.72,0.0,1.31,1.0,<Residue LYS het=  resseq=7 icode= >,3od8_A_A,2.4
23,1.491,LEU, ,N,29.21,15.52,0.0,2.99,1.0,<Residue LEU het=  resseq=8 icode= >,3od8_A_A,2.4
24,0.0,LEU, ,CA,30.48,14.92,0.0,2.19,1.0,<Residue LEU het=  resseq=8 icode= >,3od8_A_A,2.4
25,0.0,LEU, ,C,27.81,14.12,0.0,3.95,1.0,<Residue LEU het=  resseq=8 icode= >,3od8_A_A,2.4
26,0.0,LEU, ,O,24.12,13.35,0.0,3.17,1.0,<Residue LEU het=  resseq=8 icode= >,3od8_A_A,2.4
27,3.388,LEU, ,CB,26.1,16.08,0.0,1.54,1.0,<Residue LEU het=  resseq=8 icode= >,3od8_A_A,2.4
28,11.034,LEU, ,CG,25.43,17.14,0.0,2.66,1.0,<Residue LEU het=  resseq=8 icode= >,3od8_A_A,2.4
29,54.053,LEU, ,CD1,30.05,17.72,0.0,1.14,1.0,<Residue LEU het=  resseq=8 icode= >,3od8_A_A,2.4
30,39.4,LEU, ,CD2,23.03,16.60,0.0,2.64,1.0,<Residue LEU het=  resseq=8 icode= >,3od8_A_A,2.4
31,0.0,TYR, ,N,25.2,14.47,0.0,3.19,1.0,<Residue TYR het=  resseq=9 icode= >,3od8_A_A,2.4
32,0.0,TYR, ,CA,25.22,13.92,0.0,3.08,1.0,<Residue TYR het=  resseq=9 icode= >,3od8_A_A,2.4
33,0.0,TYR, ,C,27.2,13.43,0.0,3.26,1.0,<Residue TYR het=  resseq=9 icode= >,3od8_A_A,2.4
34,0.0,TYR, ,O,28.24,13.81,0.0,2.71,1.0,<Residue TYR het=  resseq=9 icode= >,3od8_A_A,2.4
35,0.0,TYR, ,CB,23.39,14.69,0.0,2.19,1.0,<Residue TYR het=  resseq=9 icode= >,3od8_A_A,2.4
36,0.0,TYR, ,CG,26.2,15.41,0.0,3.12,1.0,<Residue TYR het=  resseq=9 icode= >,3od8_A_A,2.4
37,0.0,TYR, ,CD1,29.02,14.89,0.0,1.92,1.0,<Residue TYR het=  resseq=9 icode= >,3od8_A_A,2.4
38,0.164,TYR, ,CD2,26.01,16.74,0.0,2.37,1.0,<Residue TYR het=  resseq=9 icode= >,3od8_A_A,2.4
39,3.693,TYR, ,CE1,25.27,15.72,0.0,2.75,1.0,<Residue TYR het=  resseq=9 icode= >,3od8_A_A,2.4
40,2.885,TYR, ,CE2,28.7,17.50,0.0,1.90,1.0,<Residue TYR het=  resseq=9 icode= >,3od8_A_A,2.4
41,0.0,TYR, ,CZ,26.66,16.94,0.0,3.45,1.0,<Residue TYR het=  resseq=9 icode= >,3od8_A_A,2.4
42,24.247,TYR, ,OH,26.84,17.57,0.0,3.05,1.0,<Residue TYR het=  resseq=9 icode= >,3od8_A_A,2.4
43,0.0,ARG,x,N,24.69,12.34,0.0,2.80,0.5,<Residue ARG het=  resseq=10 icode= >,3od8_A_A,2.4
44,0.0,ARG,x,CA,23.16,11.46,0.0,3.47,0.5,<Residue ARG het=  resseq=10 icode= >,3od8_A_A,2.4
45,0.0,ARG,x,C,23.66,11.17,0.0,4.29,0.5,<Residue ARG het=  resseq=10 icode= >,3od8_A_A,2.4
46,0.0,ARG,x,O,23.51,11.03,0.0,3.20,0.5,<Residue ARG het=  resseq=10 icode= >,3od8_A_A,2.4
47,0.0,ARG,x,CB,23.2,10.26,0.0,2.67,0.5,<Residue ARG het=  resseq=10 icode= >,3od8_A_A,2.4
48,0.772,ARG,x,CG,24.67,9.49,0.0,2.53,0.5,<Residue ARG het=  resseq=10 icode= >,3od8_A_A,2.4
49,8.414,ARG,x,CD,24.12,9.23,0.0,1.49,0.5,<Residue ARG het=  resseq=10 icode= >,3od8_A_A,2.4
50,0.545,ARG,x,NE,23.83,8.04,0.0,1.02,0.5,<Residue ARG het=  resseq=10 icode= >,3od8_A_A,2.4
51,4.466,ARG,x,CZ,25.04,8.06,0.0,1.67,0.5,<Residue ARG het=  resseq=10 icode= >,3od8_A_A,2.4
52,31.635,ARG,x,NH1,22.99,8.40,0.0,1.71,0.5,<Residue ARG het=  resseq=10 icode= >,3od8_A_A,2.4
53,23.805,ARG,x,NH2,23.54,6.84,0.0,1.44,0.5,<Residue ARG het=  resseq=10 icode= >,3od8_A_A,2.4
54,0.0,VAL, ,N,22.73,11.36,0.0,3.02,1.0,<Residue VAL het=  resseq=11 icode= >,3od8_A_A,2.4
55,0.0,VAL, ,CA,22.21,11.31,0.0,2.97,1.0,<Residue VAL het=  resseq=11 icode= >,3od8_A_A,2.4
56,0.0,VAL, ,C,27.41,10.66,0.0,3.43,1.0,<Residue VAL het=  resseq=11 icode= >,3od8_A_A,2.4
57,0.464,VAL, ,O,26.68,10.96,0.0,2.51,1.0,<Residue VAL het=  resseq=11 icode= >,3od8_A_A,2.4
58,0.0,VAL, ,CB,25.06,12.75,0.0,2.48,1.0,<Residue VAL het=  resseq=11 icode= >,3od8_A_A,2.4
59,0.0,VAL, ,CG1,22.34,13.45,0.0,1.56,1.0,<Residue VAL het=  resseq=11 icode= >,3od8_A_A,2.4
60,0.0,VAL, ,CG2,20.23,12.91,0.0,2.13,1.0,<Residue VAL het=  resseq=11 icode= >,3od8_A_A,2.4
61,0.0,GLU, ,N,22.53,9.99,0.0,3.34,1.0,<Residue GLU het=  resseq=12 icode= >,3od8_A_A,2.4
62,2.309,GLU, ,CA,23.05,9.52,0.0,3.26,1.0,<Residue GLU het=  resseq=12 icode= >,3od8_A_A,2.4
63,0.0,GLU, ,C,23.34,9.28,0.0,4.21,1.0,<Residue GLU het=  resseq=12 icode= >,3od8_A_A,2.4
64,0.0,GLU, ,O,24.41,9.11,0.0,3.01,1.0,<Residue GLU het=  resseq=12 icode= >,3od8_A_A,2.4
65,15.856,GLU, ,CB,24.7,8.41,0.0,1.92,1.0,<Residue GLU het=  resseq=12 icode= >,3od8_A_A,2.4
66,0.0,GLU, ,CG,19.73,6.97,0.0,2.26,1.0,<Residue GLU het=  resseq=12 icode= >,3od8_A_A,2.4
67,0.675,GLU, ,CD,22.31,6.04,0.0,4.12,1.0,<Residue GLU het=  resseq=12 icode= >,3od8_A_A,2.4
68,12.854,GLU, ,OE1,27.15,6.73,0.0,2.14,1.0,<Residue GLU het=  resseq=12 icode= >,3od8_A_A,2.4
69,1.871,GLU, ,OE2,23.53,4.82,0.0,3.22,1.0,<Residue GLU het=  resseq=12 icode= >,3od8_A_A,2.4
70,1.574,TYR, ,N,26.66,9.40,0.0,2.50,1.0,<Residue TYR het=  resseq=13 icode= >,3od8_A_A,2.4
71,0.0,TYR, ,CA,23.52,9.03,0.0,2.46,1.0,<Residue TYR het=  resseq=13 icode= >,3od8_A_A,2.4
72,0.0,TYR, ,C,21.18,7.55,0.0,3.94,1.0,<Residue TYR het=  resseq=13 icode= >,3od8_A_A,2.4
73,6.427,TYR, ,O,18.18,7.13,0.0,3.68,1.0,<Residue TYR het=  resseq=13 icode= >,3od8_A_A,2.4
74,12.033,TYR, ,CB,22.68,9.94,0.0,1.91,1.0,<Residue TYR het=  resseq=13 icode= >,3od8_A_A,2.4
75,2.289,TYR, ,CG,21.13,11.38,0.0,3.45,1.0,<Residue TYR het=  resseq=13 icode= >,3od8_A_A,2.4
76,3.112,TYR, ,CD1,24.48,12.04,0.0,2.38,1.0,<Residue TYR het=  resseq=13 icode= >,3od8_A_A,2.4
77,23.571,TYR, ,CD2,23.64,11.63,0.0,2.98,1.0,<Residue TYR het=  resseq=13 icode= >,3od8_A_A,2.4
78,9.914,TYR, ,CE1,23.61,13.38,0.0,2.42,1.0,<Residue TYR het=  resseq=13 icode= >,3od8_A_A,2.4
79,9.177,TYR, ,CE2,25.78,12.94,0.0,2.72,1.0,<Residue TYR het=  resseq=13 icode= >,3od8_A_A,2.4
80,0.71,TYR, ,CZ,27.37,14.01,0.0,3.51,1.0,<Residue TYR het=  resseq=13 icode= >,3od8_A_A,2.4
81,0.0,TYR, ,OH,32.45,15.29,0.0,2.82,1.0,<Residue TYR het=  resseq=13 icode= >,3od8_A_A,2.4
82,0.0,ALA, ,N,20.96,6.94,0.0,2.94,1.0,<Residue ALA het=  resseq=14 icode= >,3od8_A_A,2.4
83,0.0,ALA, ,CA,22.07,5.50,0.0,3.40,1.0,<Residue ALA het=  resseq=14 icode= >,3od8_A_A,2.4
84,0.0,ALA, ,C,24.38,5.14,0.0,4.16,1.0,<Residue ALA het=  resseq=14 icode= >,3od8_A_A,2.4
85,1.185,ALA, ,O,21.63,5.96,0.0,3.31,1.0,<Residue ALA het=  resseq=14 icode= >,3od8_A_A,2.4
86,0.0,ALA, ,CB,19.15,5.49,0.0,2.27,1.0,<Residue ALA het=  resseq=14 icode= >,3od8_A_A,2.4
87,0.0,LYS, ,N,24.66,4.27,0.0,3.11,1.0,<Residue LYS het=  resseq=15 icode= >,3od8_A_A,2.4
88,6.207,LYS, ,CA,22.83,4.50,0.0,3.30,1.0,<Residue LYS het=  resseq=15 icode= >,3od8_A_A,2.4
89,0.193,LYS, ,C,26.08,4.18,0.0,4.05,1.0,<Residue LYS het=  resseq=15 icode= >,3od8_A_A,2.4
90,15.204,LYS, ,O,31.32,4.42,0.0,2.98,1.0,<Residue LYS het=  resseq=15 icode= >,3od8_A_A,2.4
91,16.818,LYS, ,CB,24.72,3.99,0.0,2.76,1.0,<Residue LYS het=  resseq=15 icode= >,3od8_A_A,2.4
92,13.183,LYS, ,CG,27.19,4.30,0.0,1.82,1.0,<Residue LYS het=  resseq=15 icode= >,3od8_A_A,2.4
93,22.062,LYS, ,CD,30.1,4.22,0.0,2.01,1.0,<Residue LYS het=  resseq=15 icode= >,3od8_A_A,2.4
94,29.62,LYS, ,CE,31.77,4.65,0.0,1.84,1.0,<Residue LYS het=  resseq=15 icode= >,3od8_A_A,2.4
95,48.388,LYS, ,NZ,41.74,4.14,0.0,0.66,1.0,<Residue LYS het=  resseq=15 icode= >,3od8_A_A,2.4
96,0.631,SER, ,N,25.19,3.27,0.0,2.81,1.0,<Residue SER het=  resseq=16 icode= >,3od8_A_A,2.4
97,1.711,SER, ,CA,21.81,3.74,0.0,2.80,1.0,<Residue SER het=  resseq=16 icode= >,3od8_A_A,2.4
98,0.0,SER, ,C,22.33,4.04,0.0,4.18,1.0,<Residue SER het=  resseq=16 icode= >,3od8_A_A,2.4
99,0.0,SER, ,O,21.39,4.00,0.0,3.36,1.0,<Residue SER het=  resseq=16 icode= >,3od8_A_A,2.4
100,21.194,SER, ,CB,20.45,3.38,0.0,3.25,1.0,<Residue SER het=  resseq=16 icode= >,3od8_A_A,2.4
101,3.736,SER, ,OG,22.49,3.02,0.0,3.02,1.0,<Residue SER het=  resseq=16 icode= >,3od8_A_A,2.4
102,6.646,GLY, ,N,24.22,4.93,0.0,2.64,1.0,<Residue GLY het=  resseq=17 icode= >,3od8_A_A,2.4
103,14.471,GLY, ,CA,20.16,5.73,0.0,2.93,1.0,<Residue GLY het=  resseq=17 icode= >,3od8_A_A,2.4
104,2.578,GLY, ,C,20.5,5.67,0.0,3.97,1.0,<Residue GLY het=  resseq=17 icode= >,3od8_A_A,2.4
105,10.256,GLY, ,O,20.47,6.70,0.0,3.06,1.0,<Residue GLY het=  resseq=17 icode= >,3od8_A_A,2.4
106,0.0,ARG, ,N,18.27,4.74,0.0,3.60,1.0,<Residue ARG het=  resseq=18 icode= >,3od8_A_A,2.4
107,4.368,ARG, ,CA,23.09,4.57,0.0,2.98,1.0,<Residue ARG het=  resseq=18 icode= >,3od8_A_A,2.4
108,1.014,ARG, ,C,20.06,4.26,0.0,4.48,1.0,<Residue ARG het=  resseq=18 icode= >,3od8_A_A,2.4
109,19.71,ARG, ,O,21.2,4.25,0.0,2.51,1.0,<Residue ARG het=  resseq=18 icode= >,3od8_A_A,2.4
110,9.007,ARG, ,CB,26.47,3.90,0.0,2.08,1.0,<Residue ARG het=  resseq=18 icode= >,3od8_A_A,2.4
111,26.963,ARG, ,CG,25.7,4.94,0.0,2.16,1.0,<Residue ARG het=  resseq=18 icode= >,3od8_A_A,2.4
112,32.594,ARG, ,CD,24.13,3.84,0.0,2.82,1.0,<Residue ARG het=  resseq=18 icode= >,3od8_A_A,2.4
113,13.326,ARG, ,NE,34.36,3.85,0.0,2.70,1.0,<Residue ARG het=  resseq=18 icode= >,3od8_A_A,2.4
114,4.304,ARG, ,CZ,32.16,4.21,0.0,3.49,1.0,<Residue ARG het=  resseq=18 icode= >,3od8_A_A,2.4
115,46.17,ARG, ,NH1,29.81,3.80,0.0,2.35,1.0,<Residue ARG het=  resseq=18 icode= >,3od8_A_A,2.4
116,46.924,ARG, ,NH2,34.59,3.63,0.0,1.55,1.0,<Residue ARG het=  resseq=18 icode= >,3od8_A_A,2.4
117,1.48,ALA, ,N,17.26,3.93,0.0,3.35,1.0,<Residue ALA het=  resseq=19 icode= >,3od8_A_A,2.4
118,9.271,ALA, ,CA,19.0,3.64,0.0,3.57,1.0,<Residue ALA het=  resseq=19 icode= >,3od8_A_A,2.4
119,0.0,ALA, ,C,16.67,3.77,0.0,5.54,1.0,<Residue ALA het=  resseq=19 icode= >,3od8_A_A,2.4
120,0.0,ALA, ,O,20.54,4.95,0.0,3.95,1.0,<Residue ALA het=  resseq=19 icode= >,3od8_A_A,2.4
121,10.358,ALA, ,CB,18.75,3.41,0.0,2.06,1.0,<Residue ALA het=  resseq=19 icode= >,3od8_A_A,2.4
122,6.832,SER, ,N,14.73,2.92,0.0,3.97,1.0,<Residue SER het=  resseq=20 icode= >,3od8_A_A,2.4
123,0.0,SER, ,CA,20.64,3.83,0.0,2.56,1.0,<Residue SER het=  resseq=20 icode= >,3od8_A_A,2.4
124,0.0,SER, ,C,16.98,4.37,0.0,4.92,1.0,<Residue SER het=  resseq=20 icode= >,3od8_A_A,2.4
125,4.007,SER, ,O,16.74,3.94,0.0,3.21,1.0,<Residue SER het=  resseq=20 icode= >,3od8_A_A,2.4
126,29.009,SER, ,CB,18.22,3.80,0.0,3.29,1.0,<Residue SER het=  resseq=20 icode= >,3od8_A_A,2.4
127,22.76,SER, ,OG,29.65,4.49,0.0,2.08,1.0,<Residue SER het=  resseq=20 icode= >,3od8_A_A,2.4
128,0.0,CYS, ,N,15.5,5.69,0.0,3.87,1.0,<Residue CYS het=  resseq=21 icode= >,3od8_A_A,2.4
129,0.0,CYS, ,CA,15.76,6.67,0.0,3.02,1.0,<Residue CYS het=  resseq=21 icode= >,3od8_A_A,2.4
130,0.0,CYS, ,C,18.68,6.84,0.0,3.93,1.0,<Residue CYS het=  resseq=21 icode= >,3od8_A_A,2.4
131,1.377,CYS, ,O,18.97,7.08,0.0,2.94,1.0,<Residue CYS het=  resseq=21 icode= >,3od8_A_A,2.4
132,0.0,CYS, ,CB,16.51,8.05,0.0,2.30,1.0,<Residue CYS het=  resseq=21 icode= >,3od8_A_A,2.4
133,0.0,CYS, ,SG,17.23,9.39,0.0,7.14,1.0,<Residue CYS het=  resseq=21 icode= >,3od8_A_A,2.4
134,0.0,LYS, ,N,15.4,7.10,0.0,3.73,1.0,<Residue LYS het=  resseq=22 icode= >,3od8_A_A,2.4
135,2.106,LYS, ,CA,17.64,7.62,0.0,3.24,1.0,<Residue LYS het=  resseq=22 icode= >,3od8_A_A,2.4
136,0.988,LYS, ,C,17.63,8.95,0.0,5.20,1.0,<Residue LYS het=  resseq=22 icode= >,3od8_A_A,2.4
137,24.341,LYS, ,O,19.57,9.45,0.0,3.87,1.0,<Residue LYS het=  resseq=22 icode= >,3od8_A_A,2.4
138,9.926,LYS, ,CB,17.53,7.58,0.0,2.80,1.0,<Residue LYS het=  resseq=22 icode= >,3od8_A_A,2.4
139,0.211,LYS, ,CG,18.47,6.18,0.0,2.52,1.0,<Residue LYS het=  resseq=22 icode= >,3od8_A_A,2.4
140,16.81,LYS, ,CD,13.99,5.20,0.0,3.39,1.0,<Residue LYS het=  resseq=22 icode= >,3od8_A_A,2.4
141,7.748,LYS, ,CE,16.24,3.78,0.0,3.26,1.0,<Residue LYS het=  resseq=22 icode= >,3od8_A_A,2.4
142,46.437,LYS, ,NZ,23.42,2.91,0.0,1.95,1.0,<Residue LYS het=  resseq=22 icode= >,3od8_A_A,2.4
143,0.0,LYS, ,N,17.62,9.69,0.0,4.09,1.0,<Residue LYS het=  resseq=23 icode= >,3od8_A_A,2.4
144,7.264,LYS, ,CA,16.73,11.01,0.0,3.08,1.0,<Residue LYS het=  resseq=23 icode= >,3od8_A_A,2.4
145,0.0,LYS, ,C,21.1,11.17,0.0,3.95,1.0,<Residue LYS het=  resseq=23 icode= >,3od8_A_A,2.4
146,24.986,LYS, ,O,17.23,11.85,0.0,3.76,1.0,<Residue LYS het=  resseq=23 icode= >,3od8_A_A,2.4
147,0.306,LYS, ,CB,14.73,11.99,0.0,2.66,1.0,<Residue LYS het=  resseq=23 icode= >,3od8_A_A,2.4
148,9.309,LYS, ,CG,13.65,13.34,0.0,2.86,1.0,<Residue LYS het=  resseq=23 icode= >,3od8_A_A,2.4
149,0.0,LYS, ,CD,22.66,14.37,0.0,1.78,1.0,<Residue LYS het=  resseq=23 icode= >,3od8_A_A,2.4
150,22.718,LYS, ,CE,19.3,15.77,0.0,2.56,1.0,<Residue LYS het=  resseq=23 icode= >,3od8_A_A,2.4
151,35.636,LYS, ,NZ,17.77,16.05,0.0,2.43,1.0,<Residue LYS het=  resseq=23 icode= >,3od8_A_A,2.4
152,0.0,CYS, ,N,18.59,10.80,0.0,3.16,1.0,<Residue CYS het=  resseq=24 icode= >,3od8_A_A,2.4
153,7.685,CYS, ,CA,16.94,11.35,0.0,3.07,1.0,<Residue CYS het=  resseq=24 icode= >,3od8_A_A,2.4
154,1.195,CYS, ,C,19.52,10.48,0.0,4.04,1.0,<Residue CYS het=  resseq=24 icode= >,3od8_A_A,2.4
155,14.667,CYS, ,O,20.89,11.09,0.0,3.43,1.0,<Residue CYS het=  resseq=24 icode= >,3od8_A_A,2.4
156,20.09,CYS, ,CB,20.65,12.06,0.0,2.69,1.0,<Residue CYS het=  resseq=24 icode= >,3od8_A_A,2.4
157,4.861,CYS, ,SG,16.97,11.12,0.0,6.11,1.0,<Residue CYS het=  resseq=24 icode= >,3od8_A_A,2.4
158,0.0,SER, ,N,20.71,9.17,0.0,2.62,1.0,<Residue SER het=  resseq=25 icode= >,3od8_A_A,2.4
159,0.392,SER, ,CA,19.78,8.33,0.0,2.43,1.0,<Residue SER het=  resseq=25 icode= >,3od8_A_A,2.4
160,0.328,SER, ,C,18.24,8.36,0.0,4.55,1.0,<Residue SER het=  resseq=25 icode= >,3od8_A_A,2.4
161,19.024,SER, ,O,24.25,8.18,0.0,2.78,1.0,<Residue SER het=  resseq=25 icode= >,3od8_A_A,2.4
162,34.07,SER, ,CB,20.52,9.01,0.0,2.45,1.0,<Residue SER het=  resseq=25 icode= >,3od8_A_A,2.4
163,30.551,SER, ,OG,29.43,9.03,0.0,1.93,1.0,<Residue SER het=  resseq=25 icode= >,3od8_A_A,2.4
164,0.0,GLU, ,N,16.99,8.90,0.0,3.05,1.0,<Residue GLU het=  resseq=26 icode= >,3od8_A_A,2.4
165,4.163,GLU, ,CA,19.18,9.19,0.0,3.14,1.0,<Residue GLU het=  resseq=26 icode= >,3od8_A_A,2.4
166,0.0,GLU, ,C,20.31,8.21,0.0,4.03,1.0,<Residue GLU het=  resseq=26 icode= >,3od8_A_A,2.4
167,0.0,GLU, ,O,20.0,7.58,0.0,2.56,1.0,<Residue GLU het=  resseq=26 icode= >,3od8_A_A,2.4
168,7.599,GLU, ,CB,16.54,10.59,0.0,2.45,1.0,<Residue GLU het=  resseq=26 icode= >,3od8_A_A,2.4
169,22.172,GLU, ,CG,19.28,11.63,0.0,2.16,1.0,<Residue GLU het=  resseq=26 icode= >,3od8_A_A,2.4
170,10.108,GLU, ,CD,19.31,12.98,0.0,4.27,1.0,<Residue GLU het=  resseq=26 icode= >,3od8_A_A,2.4
171,35.565,GLU, ,OE1,25.42,13.80,0.0,3.04,1.0,<Residue GLU het=  resseq=26 icode= >,3od8_A_A,2.4
172,33.924,GLU, ,OE2,20.84,13.31,0.0,2.55,1.0,<Residue GLU het=  resseq=26 icode= >,3od8_A_A,2.4
173,5.946,SER, ,N,17.46,8.29,0.0,3.32,1.0,<Residue SER het=  resseq=27 icode= >,3od8_A_A,2.4
174,0.0,SER, ,CA,21.04,7.59,0.0,2.47,1.0,<Residue SER het=  resseq=27 icode= >,3od8_A_A,2.4
175,0.027,SER, ,C,19.16,8.30,0.0,4.07,1.0,<Residue SER het=  resseq=27 icode= >,3od8_A_A,2.4
176,6.573,SER, ,O,21.34,9.43,0.0,3.34,1.0,<Residue SER het=  resseq=27 icode= >,3od8_A_A,2.4
177,20.007,SER, ,CB,20.28,7.90,0.0,2.62,1.0,<Residue SER het=  resseq=27 icode= >,3od8_A_A,2.4
178,34.097,SER, ,OG,20.89,9.30,0.0,3.04,1.0,<Residue SER het=  resseq=27 icode= >,3od8_A_A,2.4
179,0.0,ILE, ,N,17.66,7.81,0.0,4.08,1.0,<Residue ILE het=  resseq=28 icode= >,3od8_A_A,2.4
180,0.0,ILE, ,CA,19.26,7.92,0.0,2.85,1.0,<Residue ILE het=  resseq=28 icode= >,3od8_A_A,2.4
181,0.0,ILE, ,C,20.21,7.40,0.0,4.31,1.0,<Residue ILE het=  resseq=28 icode= >,3od8_A_A,2.4
182,0.0,ILE, ,O,20.3,6.26,0.0,3.41,1.0,<Residue ILE het=  resseq=28 icode= >,3od8_A_A,2.4
183,0.0,ILE, ,CB,18.49,7.25,0.0,2.94,1.0,<Residue ILE het=  resseq=28 icode= >,3od8_A_A,2.4
184,0.0,ILE, ,CG1,16.54,7.22,0.0,2.87,1.0,<Residue ILE het=  resseq=28 icode= >,3od8_A_A,2.4
185,0.321,ILE, ,CG2,17.74,7.51,0.0,1.74,1.0,<Residue ILE het=  resseq=28 icode= >,3od8_A_A,2.4
186,0.0,ILE, ,CD1,12.88,6.46,0.0,2.87,1.0,<Residue ILE het=  resseq=28 icode= >,3od8_A_A,2.4
187,0.091,PRO, ,N,18.97,8.42,0.0,3.95,1.0,<Residue PRO het=  resseq=29 icode= >,3od8_A_A,2.4
188,7.207,PRO, ,CA,19.17,8.57,0.0,3.51,1.0,<Residue PRO het=  resseq=29 icode= >,3od8_A_A,2.4
189,0.0,PRO, ,C,22.66,7.84,0.0,4.49,1.0,<Residue PRO het=  resseq=29 icode= >,3od8_A_A,2.4
190,0.0,PRO, ,O,22.22,7.89,0.0,3.09,1.0,<Residue PRO het=  resseq=29 icode= >,3od8_A_A,2.4
191,25.754,PRO, ,CB,19.11,10.05,0.0,2.34,1.0,<Residue PRO het=  resseq=29 icode= >,3od8_A_A,2.4
192,41.564,PRO, ,CG,22.78,10.69,0.0,2.24,1.0,<Residue PRO het=  resseq=29 icode= >,3od8_A_A,2.4
193,4.887,PRO, ,CD,20.27,9.78,0.0,2.72,1.0,<Residue PRO het=  resseq=29 icode= >,3od8_A_A,2.4
194,3.334,LYS, ,N,22.26,7.46,0.0,3.49,1.0,<Residue LYS het=  resseq=30 icode= >,3od8_A_A,2.4
195,0.0,LYS, ,CA,24.08,7.17,0.0,3.06,1.0,<Residue LYS het=  resseq=30 icode= >,3od8_A_A,2.4
196,0.0,LYS, ,C,25.33,8.23,0.0,3.58,1.0,<Residue LYS het=  resseq=30 icode= >,3od8_A_A,2.4
197,13.038,LYS, ,O,24.58,9.37,0.0,2.81,1.0,<Residue LYS het=  resseq=30 icode= >,3od8_A_A,2.4
198,14.907,LYS, ,CB,23.6,7.53,0.0,2.63,1.0,<Residue LYS het=  resseq=30 icode= >,3od8_A_A,2.4
199,0.0,LYS, ,CG,27.76,7.58,0.0,2.25,1.0,<Residue LYS het=  resseq=30 icode= >,3od8_A_A,2.4
200,28.728,LYS, ,CD,28.69,6.92,0.0,1.85,1.0,<Residue LYS het=  resseq=30 icode= >,3od8_A_A,2.4
201,42.611,LYS, ,CE,38.53,6.36,0.0,1.48,1.0,<Residue LYS het=  resseq=30 icode= >,3od8_A_A,2.4
202,18.96,LYS, ,NZ,44.15,6.34,0.0,0.70,1.0,<Residue LYS het=  resseq=30 icode= >,3od8_A_A,2.4
203,0.0,ASP, ,N,24.18,8.01,0.0,3.12,1.0,<Residue ASP het=  resseq=31 icode= >,3od8_A_A,2.4
204,0.0,ASP, ,CA,27.19,9.18,0.0,2.34,1.0,<Residue ASP het=  resseq=31 icode= >,3od8_A_A,2.4
205,1.248,ASP, ,C,25.54,9.77,0.0,4.04,1.0,<Residue ASP het=  resseq=31 icode= >,3od8_A_A,2.4
206,9.781,ASP, ,O,22.67,10.70,0.0,3.32,1.0,<Residue ASP het=  resseq=31 icode= >,3od8_A_A,2.4
207,23.871,ASP, ,CB,27.41,10.37,0.0,1.62,1.0,<Residue ASP het=  resseq=31 icode= >,3od8_A_A,2.4
208,8.539,ASP, ,CG,27.38,10.06,0.0,3.64,1.0,<Residue ASP het=  resseq=31 icode= >,3od8_A_A,2.4
209,25.629,ASP, ,OD1,36.1,10.11,0.0,1.75,1.0,<Residue ASP het=  resseq=31 icode= >,3od8_A_A,2.4
210,23.95,ASP, ,OD2,28.64,9.18,0.0,2.88,1.0,<Residue ASP het=  resseq=31 icode= >,3od8_A_A,2.4
211,0.226,SER, ,N,22.97,9.43,0.0,3.37,1.0,<Residue SER het=  resseq=32 icode= >,3od8_A_A,2.4
212,9.14,SER, ,CA,22.31,10.26,0.0,2.73,1.0,<Residue SER het=  resseq=32 icode= >,3od8_A_A,2.4
213,0.0,SER, ,C,22.88,10.00,0.0,3.48,1.0,<Residue SER het=  resseq=32 icode= >,3od8_A_A,2.4
214,0.0,SER, ,O,24.08,8.97,0.0,2.81,1.0,<Residue SER het=  resseq=32 icode= >,3od8_A_A,2.4
215,27.903,SER, ,CB,20.43,10.37,0.0,2.49,1.0,<Residue SER het=  resseq=32 icode= >,3od8_A_A,2.4
216,1.766,SER, ,OG,23.0,9.36,0.0,2.21,1.0,<Residue SER het=  resseq=32 icode= >,3od8_A_A,2.4
217,6.829,LEU, ,N,25.54,11.10,0.0,2.45,1.0,<Residue LEU het=  resseq=33 icode= >,3od8_A_A,2.4
218,0.0,LEU, ,CA,25.62,11.28,0.0,2.85,1.0,<Residue LEU het=  resseq=33 icode= >,3od8_A_A,2.4
219,0.0,LEU, ,C,23.89,10.78,0.0,4.23,1.0,<Residue LEU het=  resseq=33 icode= >,3od8_A_A,2.4
220,4.64,LEU, ,O,24.52,11.31,0.0,2.70,1.0,<Residue LEU het=  resseq=33 icode= >,3od8_A_A,2.4
221,10.415,LEU, ,CB,20.0,12.79,0.0,2.25,1.0,<Residue LEU het=  resseq=33 icode= >,3od8_A_A,2.4
222,0.0,LEU, ,CG,23.11,13.36,0.0,2.90,1.0,<Residue LEU het=  resseq=33 icode= >,3od8_A_A,2.4
223,0.0,LEU, ,CD1,19.79,13.05,0.0,2.01,1.0,<Residue LEU het=  resseq=33 icode= >,3od8_A_A,2.4
224,0.153,LEU, ,CD2,25.95,14.89,0.0,1.65,1.0,<Residue LEU het=  resseq=33 icode= >,3od8_A_A,2.4
225,0.0,ARG, ,N,19.73,9.92,0.0,3.90,1.0,<Residue ARG het=  resseq=34 icode= >,3od8_A_A,2.4
226,0.0,ARG, ,CA,19.18,9.60,0.0,2.93,1.0,<Residue ARG het=  resseq=34 icode= >,3od8_A_A,2.4
227,0.0,ARG, ,C,18.63,10.04,0.0,3.83,1.0,<Residue ARG het=  resseq=34 icode= >,3od8_A_A,2.4
228,0.0,ARG, ,O,20.31,10.12,0.0,2.89,1.0,<Residue ARG het=  resseq=34 icode= >,3od8_A_A,2.4
229,0.0,ARG, ,CB,15.55,8.15,0.0,2.73,1.0,<Residue ARG het=  resseq=34 icode= >,3od8_A_A,2.4
230,0.0,ARG, ,CG,11.82,7.13,0.0,3.43,1.0,<Residue ARG het=  resseq=34 icode= >,3od8_A_A,2.4
231,0.0,ARG, ,CD,12.28,5.70,0.0,3.31,1.0,<Residue ARG het=  resseq=34 icode= >,3od8_A_A,2.4
232,0.0,ARG, ,NE,13.66,4.93,0.0,3.45,1.0,<Residue ARG het=  resseq=34 icode= >,3od8_A_A,2.4
233,0.0,ARG, ,CZ,19.55,3.62,0.0,4.55,1.0,<Residue ARG het=  resseq=34 icode= >,3od8_A_A,2.4
234,3.56,ARG, ,NH1,18.33,2.88,0.0,2.92,1.0,<Residue ARG het=  resseq=34 icode= >,3od8_A_A,2.4
235,9.362,ARG, ,NH2,14.31,2.99,0.0,3.12,1.0,<Residue ARG het=  resseq=34 icode= >,3od8_A_A,2.4
236,0.0,MET, ,N,19.81,10.02,0.0,3.36,1.0,<Residue MET het=  resseq=35 icode= >,3od8_A_A,2.4
237,0.0,MET, ,CA,21.24,10.37,0.0,2.88,1.0,<Residue MET het=  resseq=35 icode= >,3od8_A_A,2.4
238,0.0,MET, ,C,17.43,9.41,0.0,4.85,1.0,<Residue MET het=  resseq=35 icode= >,3od8_A_A,2.4
239,0.0,MET, ,O,19.31,8.76,0.0,3.57,1.0,<Residue MET het=  resseq=35 icode= >,3od8_A_A,2.4
240,0.0,MET, ,CB,20.45,11.73,0.0,1.87,1.0,<Residue MET het=  resseq=35 icode= >,3od8_A_A,2.4
241,0.0,MET, ,CG,21.33,12.87,0.0,2.42,1.0,<Residue MET het=  resseq=35 icode= >,3od8_A_A,2.4
242,0.0,MET, ,S,42.08,14.61,0.0,8.61,1.0,<Residue MET het=  resseq=35 icode= >,3od8_A_A,2.4
243,0.033,MET, ,CE,26.9,14.93,0.0,2.01,1.0,<Residue MET het=  resseq=35 icode= >,3od8_A_A,2.4
244,0.0,ALA, ,N,16.98,9.55,0.0,3.15,1.0,<Residue ALA het=  resseq=36 icode= >,3od8_A_A,2.4
245,0.0,ALA, ,CA,18.23,8.93,0.0,3.49,1.0,<Residue ALA het=  resseq=36 icode= >,3od8_A_A,2.4
246,0.0,ALA, ,C,21.2,10.05,0.0,4.44,1.0,<Residue ALA het=  resseq=36 icode= >,3od8_A_A,2.4
247,0.0,ALA, ,O,19.53,11.17,0.0,4.35,1.0,<Residue ALA het=  resseq=36 icode= >,3od8_A_A,2.4
248,0.0,ALA, ,CB,17.48,8.14,0.0,2.92,1.0,<Residue ALA het=  resseq=36 icode= >,3od8_A_A,2.4
249,0.0,ILE, ,N,21.11,9.87,0.0,3.57,1.0,<Residue ILE het=  resseq=37 icode= >,3od8_A_A,2.4
250,0.0,ILE, ,CA,21.46,10.66,0.0,3.04,1.0,<Residue ILE het=  resseq=37 icode= >,3od8_A_A,2.4
251,0.0,ILE, ,C,21.94,9.86,0.0,4.65,1.0,<Residue ILE het=  resseq=37 icode= >,3od8_A_A,2.4
252,0.0,ILE, ,O,20.52,8.63,0.0,3.78,1.0,<Residue ILE het=  resseq=37 icode= >,3od8_A_A,2.4
253,0.342,ILE, ,CB,20.41,10.64,0.0,2.26,1.0,<Residue ILE het=  resseq=37 icode= >,3od8_A_A,2.4
254,0.394,ILE, ,CG1,22.79,11.73,0.0,1.67,1.0,<Residue ILE het=  resseq=37 icode= >,3od8_A_A,2.4
255,24.808,ILE, ,CG2,22.56,11.13,0.0,1.27,1.0,<Residue ILE het=  resseq=37 icode= >,3od8_A_A,2.4
256,18.728,ILE, ,CD1,25.28,11.75,0.0,0.75,1.0,<Residue ILE het=  resseq=37 icode= >,3od8_A_A,2.4
257,0.0,MET, ,N,19.95,10.69,0.0,4.11,1.0,<Residue MET het=  resseq=38 icode= >,3od8_A_A,2.4
258,0.0,MET, ,CA,20.8,9.92,0.0,3.92,1.0,<Residue MET het=  resseq=38 icode= >,3od8_A_A,2.4
259,0.0,MET, ,C,27.39,10.26,0.0,3.83,1.0,<Residue MET het=  resseq=38 icode= >,3od8_A_A,2.4
260,9.817,MET, ,O,26.85,11.36,0.0,2.43,1.0,<Residue MET het=  resseq=38 icode= >,3od8_A_A,2.4
261,0.0,MET, ,CB,19.87,10.45,0.0,2.91,1.0,<Residue MET het=  resseq=38 icode= >,3od8_A_A,2.4
262,4.402,MET, ,CG,26.48,10.47,0.0,1.93,1.0,<Residue MET het=  resseq=38 icode= >,3od8_A_A,2.4
263,0.0,MET, ,S,34.95,8.77,0.0,11.26,1.0,<Residue MET het=  resseq=38 icode= >,3od8_A_A,2.4
264,4.913,MET, ,CE,20.15,7.96,0.0,3.15,1.0,<Residue MET het=  resseq=38 icode= >,3od8_A_A,2.4
265,0.0,VAL, ,N,19.84,9.34,0.0,3.76,1.0,<Residue VAL het=  resseq=39 icode= >,3od8_A_A,2.4
266,3.813,VAL, ,CA,22.85,9.50,0.0,3.16,1.0,<Residue VAL het=  resseq=39 icode= >,3od8_A_A,2.4
267,0.0,VAL, ,C,27.77,9.23,0.0,3.32,1.0,<Residue VAL het=  resseq=39 icode= >,3od8_A_A,2.4
268,0.0,VAL, ,O,30.24,8.45,0.0,2.34,1.0,<Residue VAL het=  resseq=39 icode= >,3od8_A_A,2.4
269,9.397,VAL, ,CB,26.95,8.62,0.0,2.36,1.0,<Residue VAL het=  resseq=39 icode= >,3od8_A_A,2.4
270,26.014,VAL, ,CG1,25.47,9.06,0.0,1.41,1.0,<Residue VAL het=  resseq=39 icode= >,3od8_A_A,2.4
271,5.608,VAL, ,CG2,29.1,7.13,0.0,1.07,1.0,<Residue VAL het=  resseq=39 icode= >,3od8_A_A,2.4
272,7.204,GLN, ,N,31.04,9.99,0.0,2.31,1.0,<Residue GLN het=  resseq=40 icode= >,3od8_A_A,2.4
273,0.0,GLN, ,CA,31.28,10.11,0.0,3.47,1.0,<Residue GLN het=  resseq=40 icode= >,3od8_A_A,2.4
274,0.108,GLN, ,C,34.7,9.00,0.0,4.00,1.0,<Residue GLN het=  resseq=40 icode= >,3od8_A_A,2.4
275,14.772,GLN, ,O,31.68,8.61,0.0,2.62,1.0,<Residue GLN het=  resseq=40 icode= >,3od8_A_A,2.4
276,27.264,GLN, ,CB,35.13,11.44,0.0,2.27,1.0,<Residue GLN het=  resseq=40 icode= >,3od8_A_A,2.4
277,25.15,GLN, ,CG,45.6,11.66,0.0,1.21,1.0,<Residue GLN het=  resseq=40 icode= >,3od8_A_A,2.4
278,5.561,GLN, ,CD,51.25,11.28,0.0,2.23,1.0,<Residue GLN het=  resseq=40 icode= >,3od8_A_A,2.4
279,17.329,GLN, ,OE1,51.35,11.84,0.0,1.35,1.0,<Residue GLN het=  resseq=40 icode= >,3od8_A_A,2.4
280,16.146,GLN, ,NE2,45.81,10.50,0.0,1.53,1.0,<Residue GLN het=  resseq=40 icode= >,3od8_A_A,2.4
281,0.0,SER, ,N,36.77,8.64,0.0,2.47,1.0,<Residue SER het=  resseq=41 icode= >,3od8_A_A,2.4
282,0.0,SER, ,CA,42.77,7.74,0.0,1.78,1.0,<Residue SER het=  resseq=41 icode= >,3od8_A_A,2.4
283,1.261,SER, ,C,46.6,8.48,0.0,2.19,1.0,<Residue SER het=  resseq=41 icode= >,3od8_A_A,2.4
284,13.168,SER, ,O,42.28,9.27,0.0,1.90,1.0,<Residue SER het=  resseq=41 icode= >,3od8_A_A,2.4
285,0.0,SER, ,CB,43.52,6.44,0.0,1.33,1.0,<Residue SER het=  resseq=41 icode= >,3od8_A_A,2.4
286,2.903,SER, ,OG,48.66,5.53,0.0,1.63,1.0,<Residue SER het=  resseq=41 icode= >,3od8_A_A,2.4
287,0.009,PRO, ,N,49.78,8.29,0.0,2.03,1.0,<Residue PRO het=  resseq=42 icode= >,3od8_A_A,2.4
288,10.397,PRO, ,CA,55.31,8.85,0.0,0.94,1.0,<Residue PRO het=  resseq=42 icode= >,3od8_A_A,2.4
289,1.479,PRO, ,C,55.16,7.77,0.0,1.24,1.0,<Residue PRO het=  resseq=42 icode= >,3od8_A_A,2.4
290,25.77,PRO, ,O,58.51,8.27,0.0,0.68,1.0,<Residue PRO het=  resseq=42 icode= >,3od8_A_A,2.4
291,32.382,PRO, ,CB,54.19,9.28,0.0,1.48,1.0,<Residue PRO het=  resseq=42 icode= >,3od8_A_A,2.4
292,32.269,PRO, ,CG,52.55,7.83,0.0,1.16,1.0,<Residue PRO het=  resseq=42 icode= >,3od8_A_A,2.4
293,11.556,PRO, ,CD,57.87,7.13,0.0,1.18,1.0,<Residue PRO het=  resseq=42 icode= >,3od8_A_A,2.4
294,0.0,MET, ,N,56.92,6.48,0.0,1.08,1.0,<Residue MET het=  resseq=43 icode= >,3od8_A_A,2.4
295,3.317,MET, ,CA,52.79,5.47,0.0,2.53,1.0,<Residue MET het=  resseq=43 icode= >,3od8_A_A,2.4
296,2.704,MET, ,C,51.94,4.90,0.0,2.52,1.0,<Residue MET het=  resseq=43 icode= >,3od8_A_A,2.4
297,27.967,MET, ,O,58.87,4.20,0.0,0.97,1.0,<Residue MET het=  resseq=43 icode= >,3od8_A_A,2.4
298,14.354,MET, ,CB,58.32,4.34,0.0,1.19,1.0,<Residue MET het=  resseq=43 icode= >,3od8_A_A,2.4
299,28.325,MET, ,CG,69.38,5.13,0.0,1.25,1.0,<Residue MET het=  resseq=43 icode= >,3od8_A_A,2.4
300,44.773,MET, ,S,127.57,6.53,0.0,1.76,1.0,<Residue MET het=  resseq=43 icode= >,3od8_A_A,2.4
301,34.797,MET, ,CE,71.24,7.97,0.0,0.61,1.0,<Residue MET het=  resseq=43 icode= >,3od8_A_A,2.4
302,1.173,PHE, ,N,43.53,5.07,0.0,2.74,1.0,<Residue PHE het=  resseq=44 icode= >,3od8_A_A,2.4
303,12.606,PHE, ,CA,43.69,4.39,0.0,2.63,1.0,<Residue PHE het=  resseq=44 icode= >,3od8_A_A,2.4
304,3.915,PHE, ,C,47.12,5.52,0.0,2.65,1.0,<Residue PHE het=  resseq=44 icode= >,3od8_A_A,2.4
305,3.158,PHE, ,O,47.9,6.55,0.0,1.56,1.0,<Residue PHE het=  resseq=44 icode= >,3od8_A_A,2.4
306,25.807,PHE, ,CB,51.48,3.13,0.0,1.35,1.0,<Residue PHE het=  resseq=44 icode= >,3od8_A_A,2.4
307,2.25,PHE, ,CG,52.84,3.75,0.0,1.28,1.0,<Residue PHE het=  resseq=44 icode= >,3od8_A_A,2.4
308,8.356,PHE, ,CD1,47.84,3.29,0.0,1.37,1.0,<Residue PHE het=  resseq=44 icode= >,3od8_A_A,2.4
309,11.609,PHE, ,CD2,49.3,3.93,0.0,1.82,1.0,<Residue PHE het=  resseq=44 icode= >,3od8_A_A,2.4
310,14.706,PHE, ,CE1,43.17,3.11,0.0,1.98,1.0,<Residue PHE het=  resseq=44 icode= >,3od8_A_A,2.4
311,17.548,PHE, ,CE2,48.67,3.70,0.0,1.68,1.0,<Residue PHE het=  resseq=44 icode= >,3od8_A_A,2.4
312,13.176,PHE, ,CZ,46.53,3.30,0.0,1.55,1.0,<Residue PHE het=  resseq=44 icode= >,3od8_A_A,2.4
313,5.716,ASP, ,N,49.14,5.61,0.0,2.04,1.0,<Residue ASP het=  resseq=45 icode= >,3od8_A_A,2.4
314,2.282,ASP, ,CA,50.98,6.73,0.0,1.86,1.0,<Residue ASP het=  resseq=45 icode= >,3od8_A_A,2.4
315,0.0,ASP, ,C,52.25,6.82,0.0,1.97,1.0,<Residue ASP het=  resseq=45 icode= >,3od8_A_A,2.4
316,20.963,ASP, ,O,55.38,6.41,0.0,1.10,1.0,<Residue ASP het=  resseq=45 icode= >,3od8_A_A,2.4
317,31.493,ASP, ,CB,58.98,6.94,0.0,0.76,1.0,<Residue ASP het=  resseq=45 icode= >,3od8_A_A,2.4
318,8.624,ASP, ,CG,70.5,8.40,0.0,1.09,1.0,<Residue ASP het=  resseq=45 icode= >,3od8_A_A,2.4
319,38.054,ASP, ,OD1,58.21,9.27,0.0,1.30,1.0,<Residue ASP het=  resseq=45 icode= >,3od8_A_A,2.4
320,32.676,ASP, ,OD2,73.78,8.81,0.0,0.72,1.0,<Residue ASP het=  resseq=45 icode= >,3od8_A_A,2.4
321,0.0,GLY, ,N,52.74,7.33,0.0,1.19,1.0,<Residue GLY het=  resseq=46 icode= >,3od8_A_A,2.4
322,20.392,GLY, ,CA,44.85,7.09,0.0,1.65,1.0,<Residue GLY het=  resseq=46 icode= >,3od8_A_A,2.4
323,0.0,GLY, ,C,40.97,7.06,0.0,3.11,1.0,<Residue GLY het=  resseq=46 icode= >,3od8_A_A,2.4
324,0.0,GLY, ,O,40.27,7.03,0.0,2.55,1.0,<Residue GLY het=  resseq=46 icode= >,3od8_A_A,2.4
325,7.276,LYS, ,N,34.9,7.45,0.0,2.77,1.0,<Residue LYS het=  resseq=47 icode= >,3od8_A_A,2.4
326,0.0,LYS, ,CA,33.15,7.54,0.0,2.95,1.0,<Residue LYS het=  resseq=47 icode= >,3od8_A_A,2.4
327,0.0,LYS, ,C,33.84,6.16,0.0,3.21,1.0,<Residue LYS het=  resseq=47 icode= >,3od8_A_A,2.4
328,17.116,LYS, ,O,39.43,5.25,0.0,2.13,1.0,<Residue LYS het=  resseq=47 icode= >,3od8_A_A,2.4
329,9.287,LYS, ,CB,35.06,8.43,0.0,2.22,1.0,<Residue LYS het=  resseq=47 icode= >,3od8_A_A,2.4
330,6.132,LYS, ,CG,39.76,9.91,0.0,1.61,1.0,<Residue LYS het=  resseq=47 icode= >,3od8_A_A,2.4
331,1.155,LYS, ,CD,51.43,10.85,0.0,0.39,1.0,<Residue LYS het=  resseq=47 icode= >,3od8_A_A,2.4
332,12.753,LYS, ,CE,47.25,12.32,0.0,1.23,1.0,<Residue LYS het=  resseq=47 icode= >,3od8_A_A,2.4
333,24.796,LYS, ,NZ,51.08,12.88,0.0,1.22,1.0,<Residue LYS het=  resseq=47 icode= >,3od8_A_A,2.4
334,0.0,VAL, ,N,30.07,6.18,0.0,2.40,1.0,<Residue VAL het=  resseq=48 icode= >,3od8_A_A,2.4
335,0.007,VAL, ,CA,23.4,4.90,0.0,3.20,1.0,<Residue VAL het=  resseq=48 icode= >,3od8_A_A,2.4
336,0.0,VAL, ,C,20.46,5.43,0.0,5.14,1.0,<Residue VAL het=  resseq=48 icode= >,3od8_A_A,2.4
337,0.0,VAL, ,O,24.37,6.49,0.0,3.28,1.0,<Residue VAL het=  resseq=48 icode= >,3od8_A_A,2.4
338,5.49,VAL, ,CB,24.24,4.12,0.0,2.79,1.0,<Residue VAL het=  resseq=48 icode= >,3od8_A_A,2.4
339,25.649,VAL, ,CG1,32.63,3.57,0.0,1.25,1.0,<Residue VAL het=  resseq=48 icode= >,3od8_A_A,2.4
340,13.641,VAL, ,CG2,27.65,4.96,0.0,1.61,1.0,<Residue VAL het=  resseq=48 icode= >,3od8_A_A,2.4
341,0.0,PRO, ,N,25.52,5.03,0.0,3.73,1.0,<Residue PRO het=  resseq=49 icode= >,3od8_A_A,2.4
342,0.0,PRO, ,CA,20.15,6.01,0.0,3.25,1.0,<Residue PRO het=  resseq=49 icode= >,3od8_A_A,2.4
343,0.0,PRO, ,C,18.6,5.79,0.0,4.50,1.0,<Residue PRO het=  resseq=49 icode= >,3od8_A_A,2.4
344,11.5,PRO, ,O,16.31,4.70,0.0,4.05,1.0,<Residue PRO het=  resseq=49 icode= >,3od8_A_A,2.4
345,0.0,PRO, ,CB,18.63,6.04,0.0,3.16,1.0,<Residue PRO het=  resseq=49 icode= >,3od8_A_A,2.4
346,7.646,PRO, ,CG,17.45,4.96,0.0,2.81,1.0,<Residue PRO het=  resseq=49 icode= >,3od8_A_A,2.4
347,18.528,PRO, ,CD,22.55,4.06,0.0,2.54,1.0,<Residue PRO het=  resseq=49 icode= >,3od8_A_A,2.4
348,0.0,HIS, ,N,18.27,6.25,0.0,3.80,1.0,<Residue HIS het=  resseq=50 icode= >,3od8_A_A,2.4
349,0.0,HIS, ,CA,18.42,5.77,0.0,3.19,1.0,<Residue HIS het=  resseq=50 icode= >,3od8_A_A,2.4
350,0.0,HIS, ,C,18.02,5.97,0.0,4.52,1.0,<Residue HIS het=  resseq=50 icode= >,3od8_A_A,2.4
351,0.0,HIS, ,O,16.85,7.11,0.0,3.24,1.0,<Residue HIS het=  resseq=50 icode= >,3od8_A_A,2.4
352,0.24,HIS, ,CB,14.3,6.15,0.0,3.50,1.0,<Residue HIS het=  resseq=50 icode= >,3od8_A_A,2.4
353,0.0,HIS, ,CG,17.55,5.29,0.0,3.95,1.0,<Residue HIS het=  resseq=50 icode= >,3od8_A_A,2.4
354,12.942,HIS, ,ND1,21.84,5.88,0.0,2.90,1.0,<Residue HIS het=  resseq=50 icode= >,3od8_A_A,2.4
355,3.572,HIS, ,CD2,23.91,4.23,0.0,2.28,1.0,<Residue HIS het=  resseq=50 icode= >,3od8_A_A,2.4
356,33.255,HIS, ,CE1,21.78,5.38,0.0,2.96,1.0,<Residue HIS het=  resseq=50 icode= >,3od8_A_A,2.4
357,16.804,HIS, ,NE2,26.26,4.31,0.0,2.56,1.0,<Residue HIS het=  resseq=50 icode= >,3od8_A_A,2.4
358,1.468,TRP, ,N,15.82,4.90,0.0,3.47,1.0,<Residue TRP het=  resseq=51 icode= >,3od8_A_A,2.4
359,0.0,TRP, ,CA,14.68,5.29,0.0,3.87,1.0,<Residue TRP het=  resseq=51 icode= >,3od8_A_A,2.4
360,0.0,TRP, ,C,17.09,6.08,0.0,4.40,1.0,<Residue TRP het=  resseq=51 icode= >,3od8_A_A,2.4
361,0.0,TRP, ,O,17.7,5.94,0.0,3.63,1.0,<Residue TRP het=  resseq=51 icode= >,3od8_A_A,2.4
362,0.961,TRP, ,CB,14.62,4.39,0.0,2.62,1.0,<Residue TRP het=  resseq=51 icode= >,3od8_A_A,2.4
363,0.0,TRP, ,CG,14.81,4.32,0.0,3.57,1.0,<Residue TRP het=  resseq=51 icode= >,3od8_A_A,2.4
364,11.27,TRP, ,CD1,15.84,3.47,0.0,3.77,1.0,<Residue TRP het=  resseq=51 icode= >,3od8_A_A,2.4
365,0.0,TRP, ,CD2,15.5,5.61,0.0,3.02,1.0,<Residue TRP het=  resseq=51 icode= >,3od8_A_A,2.4
366,10.786,TRP, ,NE1,15.42,4.39,0.0,4.08,1.0,<Residue TRP het=  resseq=51 icode= >,3od8_A_A,2.4
367,0.0,TRP, ,CE2,12.85,5.05,0.0,4.50,1.0,<Residue TRP het=  resseq=51 icode= >,3od8_A_A,2.4
368,0.0,TRP, ,CE3,16.87,6.92,0.0,3.79,1.0,<Residue TRP het=  resseq=51 icode= >,3od8_A_A,2.4
369,2.958,TRP, ,CZ2,15.3,5.16,0.0,3.36,1.0,<Residue TRP het=  resseq=51 icode= >,3od8_A_A,2.4
370,0.0,TRP, ,CZ3,17.97,7.22,0.0,2.87,1.0,<Residue TRP het=  resseq=51 icode= >,3od8_A_A,2.4
371,0.0,TRP, ,CH2,17.45,6.31,0.0,2.91,1.0,<Residue TRP het=  resseq=51 icode= >,3od8_A_A,2.4
372,0.0,TYR, ,N,14.08,7.20,0.0,3.71,1.0,<Residue TYR het=  resseq=52 icode= >,3od8_A_A,2.4
373,0.0,TYR, ,CA,15.05,8.22,0.0,3.08,1.0,<Residue TYR het=  resseq=52 icode= >,3od8_A_A,2.4
374,0.0,TYR, ,C,18.1,8.87,0.0,4.38,1.0,<Residue TYR het=  resseq=52 icode= >,3od8_A_A,2.4
375,0.0,TYR, ,O,18.06,9.01,0.0,3.49,1.0,<Residue TYR het=  resseq=52 icode= >,3od8_A_A,2.4
376,0.0,TYR, ,CB,17.4,9.43,0.0,2.60,1.0,<Residue TYR het=  resseq=52 icode= >,3od8_A_A,2.4
377,0.0,TYR, ,CG,17.35,9.39,0.0,2.70,1.0,<Residue TYR het=  resseq=52 icode= >,3od8_A_A,2.4
378,0.0,TYR, ,CD1,14.0,10.06,0.0,2.81,1.0,<Residue TYR het=  resseq=52 icode= >,3od8_A_A,2.4
379,0.0,TYR, ,CD2,14.09,8.98,0.0,3.10,1.0,<Residue TYR het=  resseq=52 icode= >,3od8_A_A,2.4
380,2.601,TYR, ,CE1,16.26,10.33,0.0,2.57,1.0,<Residue TYR het=  resseq=52 icode= >,3od8_A_A,2.4
381,0.0,TYR, ,CE2,15.04,9.28,0.0,3.01,1.0,<Residue TYR het=  resseq=52 icode= >,3od8_A_A,2.4
382,0.0,TYR, ,CZ,18.52,9.95,0.0,3.63,1.0,<Residue TYR het=  resseq=52 icode= >,3od8_A_A,2.4
383,19.661,TYR, ,OH,20.35,9.90,0.0,2.91,1.0,<Residue TYR het=  resseq=52 icode= >,3od8_A_A,2.4
384,0.0,HIS, ,N,15.85,9.55,0.0,4.21,1.0,<Residue HIS het=  resseq=53 icode= >,3od8_A_A,2.4
385,0.669,HIS, ,CA,20.86,10.69,0.0,3.00,1.0,<Residue HIS het=  resseq=53 icode= >,3od8_A_A,2.4
386,0.0,HIS, ,C,22.02,11.63,0.0,3.43,1.0,<Residue HIS het=  resseq=53 icode= >,3od8_A_A,2.4
387,0.0,HIS, ,O,19.73,11.80,0.0,2.27,1.0,<Residue HIS het=  resseq=53 icode= >,3od8_A_A,2.4
388,8.371,HIS, ,CB,18.12,11.55,0.0,2.79,1.0,<Residue HIS het=  resseq=53 icode= >,3od8_A_A,2.4
389,2.664,HIS, ,CG,23.53,11.04,0.0,2.91,1.0,<Residue HIS het=  resseq=53 icode= >,3od8_A_A,2.4
390,1.141,HIS, ,ND1,17.48,10.70,0.0,3.68,1.0,<Residue HIS het=  resseq=53 icode= >,3od8_A_A,2.4
391,15.646,HIS, ,CD2,17.46,10.95,0.0,3.13,1.0,<Residue HIS het=  resseq=53 icode= >,3od8_A_A,2.4
392,3.292,HIS, ,CE1,16.55,10.26,0.0,3.66,1.0,<Residue HIS het=  resseq=53 icode= >,3od8_A_A,2.4
393,6.877,HIS, ,NE2,18.8,10.49,0.0,3.88,1.0,<Residue HIS het=  resseq=53 icode= >,3od8_A_A,2.4
394,2.318,PHE, ,N,22.18,12.41,0.0,3.36,1.0,<Residue PHE het=  resseq=54 icode= >,3od8_A_A,2.4
395,0.0,PHE, ,CA,21.93,13.51,0.0,2.44,1.0,<Residue PHE het=  resseq=54 icode= >,3od8_A_A,2.4
396,0.0,PHE, ,C,21.55,14.37,0.0,3.72,1.0,<Residue PHE het=  resseq=54 icode= >,3od8_A_A,2.4
397,0.0,PHE, ,O,21.88,14.75,0.0,2.86,1.0,<Residue PHE het=  resseq=54 icode= >,3od8_A_A,2.4
398,11.82,PHE, ,CB,24.82,14.39,0.0,1.78,1.0,<Residue PHE het=  resseq=54 icode= >,3od8_A_A,2.4
399,0.0,PHE, ,CG,21.81,15.55,0.0,3.33,1.0,<Residue PHE het=  resseq=54 icode= >,3od8_A_A,2.4
400,0.0,PHE, ,CD1,24.36,15.45,0.0,2.60,1.0,<Residue PHE het=  resseq=54 icode= >,3od8_A_A,2.4
401,9.348,PHE, ,CD2,22.24,16.83,0.0,2.91,1.0,<Residue PHE het=  resseq=54 icode= >,3od8_A_A,2.4
402,0.0,PHE, ,CE1,25.12,16.62,0.0,2.56,1.0,<Residue PHE het=  resseq=54 icode= >,3od8_A_A,2.4
403,9.428,PHE, ,CE2,28.67,17.92,0.0,2.43,1.0,<Residue PHE het=  resseq=54 icode= >,3od8_A_A,2.4
404,0.0,PHE, ,CZ,22.56,17.82,0.0,2.78,1.0,<Residue PHE het=  resseq=54 icode= >,3od8_A_A,2.4
405,2.039,SER, ,N,18.06,14.83,0.0,3.87,1.0,<Residue SER het=  resseq=55 icode= >,3od8_A_A,2.4
406,2.739,SER, ,CA,22.15,15.83,0.0,2.65,1.0,<Residue SER het=  resseq=55 icode= >,3od8_A_A,2.4
407,0.0,SER, ,C,22.92,15.29,0.0,3.44,1.0,<Residue SER het=  resseq=55 icode= >,3od8_A_A,2.4
408,0.998,SER, ,O,25.88,15.98,0.0,2.83,1.0,<Residue SER het=  resseq=55 icode= >,3od8_A_A,2.4
409,38.468,SER, ,CB,20.4,16.72,0.0,2.62,1.0,<Residue SER het=  resseq=55 icode= >,3od8_A_A,2.4
410,16.048,SER, ,OG,30.22,16.18,0.0,2.04,1.0,<Residue SER het=  resseq=55 icode= >,3od8_A_A,2.4
411,0.0,CYS, ,N,21.46,14.15,0.0,2.63,1.0,<Residue CYS het=  resseq=56 icode= >,3od8_A_A,2.4
412,0.0,CYS, ,CA,20.86,13.71,0.0,2.80,1.0,<Residue CYS het=  resseq=56 icode= >,3od8_A_A,2.4
413,0.0,CYS, ,C,19.43,13.55,0.0,4.34,1.0,<Residue CYS het=  resseq=56 icode= >,3od8_A_A,2.4
414,0.0,CYS, ,O,18.85,14.03,0.0,4.03,1.0,<Residue CYS het=  resseq=56 icode= >,3od8_A_A,2.4
415,0.0,CYS, ,CB,19.08,12.53,0.0,2.47,1.0,<Residue CYS het=  resseq=56 icode= >,3od8_A_A,2.4
416,10.928,CYS, ,SG,19.98,13.10,0.0,5.24,1.0,<Residue CYS het=  resseq=56 icode= >,3od8_A_A,2.4
417,0.0,PHE, ,N,17.47,13.07,0.0,4.35,1.0,<Residue PHE het=  resseq=57 icode= >,3od8_A_A,2.4
418,0.0,PHE, ,CA,18.46,13.15,0.0,3.11,1.0,<Residue PHE het=  resseq=57 icode= >,3od8_A_A,2.4
419,0.0,PHE, ,C,23.72,14.61,0.0,3.50,1.0,<Residue PHE het=  resseq=57 icode= >,3od8_A_A,2.4
420,0.0,PHE, ,O,22.86,14.96,0.0,3.89,1.0,<Residue PHE het=  resseq=57 icode= >,3od8_A_A,2.4
421,0.0,PHE, ,CB,17.8,12.79,0.0,2.77,1.0,<Residue PHE het=  resseq=57 icode= >,3od8_A_A,2.4
422,0.0,PHE, ,CG,22.09,13.20,0.0,3.16,1.0,<Residue PHE het=  resseq=57 icode= >,3od8_A_A,2.4
423,0.0,PHE, ,CD1,21.34,14.48,0.0,2.75,1.0,<Residue PHE het=  resseq=57 icode= >,3od8_A_A,2.4
424,0.0,PHE, ,CD2,22.45,12.44,0.0,2.21,1.0,<Residue PHE het=  resseq=57 icode= >,3od8_A_A,2.4
425,0.0,PHE, ,CE1,23.32,15.01,0.0,2.66,1.0,<Residue PHE het=  resseq=57 icode= >,3od8_A_A,2.4
426,0.0,PHE, ,CE2,17.95,13.05,0.0,3.07,1.0,<Residue PHE het=  resseq=57 icode= >,3od8_A_A,2.4
427,0.0,PHE, ,CZ,21.88,14.34,0.0,2.38,1.0,<Residue PHE het=  resseq=57 icode= >,3od8_A_A,2.4
428,0.0,TRP, ,N,21.32,15.55,0.0,2.73,1.0,<Residue TRP het=  resseq=58 icode= >,3od8_A_A,2.4
429,0.0,TRP, ,CA,22.87,16.95,0.0,2.67,1.0,<Residue TRP het=  resseq=58 icode= >,3od8_A_A,2.4
430,1.535,TRP, ,C,24.56,17.50,0.0,3.52,1.0,<Residue TRP het=  resseq=58 icode= >,3od8_A_A,2.4
431,10.709,TRP, ,O,27.0,18.31,0.0,1.95,1.0,<Residue TRP het=  resseq=58 icode= >,3od8_A_A,2.4
432,19.014,TRP, ,CB,21.51,17.86,0.0,2.10,1.0,<Residue TRP het=  resseq=58 icode= >,3od8_A_A,2.4
433,0.0,TRP, ,CG,18.25,17.61,0.0,3.83,1.0,<Residue TRP het=  resseq=58 icode= >,3od8_A_A,2.4
434,1.202,TRP, ,CD1,23.03,17.17,0.0,3.01,1.0,<Residue TRP het=  resseq=58 icode= >,3od8_A_A,2.4
435,0.0,TRP, ,CD2,22.82,17.88,0.0,3.53,1.0,<Residue TRP het=  resseq=58 icode= >,3od8_A_A,2.4
436,0.0,TRP, ,NE1,24.9,17.17,0.0,3.34,1.0,<Residue TRP het=  resseq=58 icode= >,3od8_A_A,2.4
437,0.0,TRP, ,CE2,20.6,17.61,0.0,3.93,1.0,<Residue TRP het=  resseq=58 icode= >,3od8_A_A,2.4
438,7.064,TRP, ,CE3,22.21,18.48,0.0,2.73,1.0,<Residue TRP het=  resseq=58 icode= >,3od8_A_A,2.4
439,0.0,TRP, ,CZ2,23.87,17.93,0.0,2.75,1.0,<Residue TRP het=  resseq=58 icode= >,3od8_A_A,2.4
440,0.556,TRP, ,CZ3,22.45,18.78,0.0,2.96,1.0,<Residue TRP het=  resseq=58 icode= >,3od8_A_A,2.4
441,0.741,TRP, ,CH2,29.2,18.51,0.0,1.75,1.0,<Residue TRP het=  resseq=58 icode= >,3od8_A_A,2.4
442,0.0,LYS, ,N,22.49,17.14,0.0,3.12,1.0,<Residue LYS het=  resseq=59 icode= >,3od8_A_A,2.4
443,9.158,LYS, ,CA,21.63,17.79,0.0,2.94,1.0,<Residue LYS het=  resseq=59 icode= >,3od8_A_A,2.4
444,0.015,LYS, ,C,25.2,17.69,0.0,3.49,1.0,<Residue LYS het=  resseq=59 icode= >,3od8_A_A,2.4
445,27.829,LYS, ,O,28.36,18.64,0.0,2.35,1.0,<Residue LYS het=  resseq=59 icode= >,3od8_A_A,2.4
446,5.276,LYS, ,CB,23.87,17.43,0.0,2.14,1.0,<Residue LYS het=  resseq=59 icode= >,3od8_A_A,2.4
447,20.231,LYS, ,CG,28.31,18.03,0.0,1.74,1.0,<Residue LYS het=  resseq=59 icode= >,3od8_A_A,2.4
448,6.433,LYS, ,CD,30.73,17.57,0.0,1.36,1.0,<Residue LYS het=  resseq=59 icode= >,3od8_A_A,2.4
449,30.493,LYS, ,CE,36.53,18.28,0.0,1.26,1.0,<Residue LYS het=  resseq=59 icode= >,3od8_A_A,2.4
450,34.983,LYS, ,NZ,39.48,17.86,0.0,0.67,1.0,<Residue LYS het=  resseq=59 icode= >,3od8_A_A,2.4
451,0.0,VAL, ,N,20.71,16.65,0.0,2.53,1.0,<Residue VAL het=  resseq=60 icode= >,3od8_A_A,2.4
452,7.057,VAL, ,CA,21.24,16.64,0.0,3.14,1.0,<Residue VAL het=  resseq=60 icode= >,3od8_A_A,2.4
453,3.396,VAL, ,C,27.2,17.39,0.0,3.71,1.0,<Residue VAL het=  resseq=60 icode= >,3od8_A_A,2.4
454,22.004,VAL, ,O,28.89,17.11,0.0,2.48,1.0,<Residue VAL het=  resseq=60 icode= >,3od8_A_A,2.4
455,10.728,VAL, ,CB,24.45,15.24,0.0,2.85,1.0,<Residue VAL het=  resseq=60 icode= >,3od8_A_A,2.4
456,16.929,VAL, ,CG1,20.35,14.60,0.0,1.63,1.0,<Residue VAL het=  resseq=60 icode= >,3od8_A_A,2.4
457,4.859,VAL, ,CG2,19.41,14.43,0.0,2.20,1.0,<Residue VAL het=  resseq=60 icode= >,3od8_A_A,2.4
458,0.0,GLY, ,N,24.76,18.11,0.0,3.07,1.0,<Residue GLY het=  resseq=61 icode= >,3od8_A_A,2.4
459,31.301,GLY, ,CA,23.91,19.22,0.0,2.62,1.0,<Residue GLY het=  resseq=61 icode= >,3od8_A_A,2.4
460,4.273,GLY, ,C,28.06,19.07,0.0,3.89,1.0,<Residue GLY het=  resseq=61 icode= >,3od8_A_A,2.4
461,20.818,GLY, ,O,31.24,18.59,0.0,2.89,1.0,<Residue GLY het=  resseq=61 icode= >,3od8_A_A,2.4
462,4.274,HIS, ,N,34.03,1000.00,0.0,2.25,1.0,<Residue HIS het=  resseq=62 icode= >,3od8_A_A,2.4
463,5.874,HIS, ,CA,31.65,1000.00,0.0,3.34,1.0,<Residue HIS het=  resseq=62 icode= >,3od8_A_A,2.4
464,2.617,HIS, ,C,35.13,1000.00,0.0,3.85,1.0,<Residue HIS het=  resseq=62 icode= >,3od8_A_A,2.4
465,18.94,HIS, ,O,36.53,1000.00,0.0,1.99,1.0,<Residue HIS het=  resseq=62 icode= >,3od8_A_A,2.4
466,0.342,HIS, ,CB,26.56,1000.00,0.0,2.84,1.0,<Residue HIS het=  resseq=62 icode= >,3od8_A_A,2.4
467,0.0,HIS, ,CG,25.98,1000.00,0.0,3.30,1.0,<Residue HIS het=  resseq=62 icode= >,3od8_A_A,2.4
468,7.682,HIS, ,ND1,29.32,1000.00,0.0,2.68,1.0,<Residue HIS het=  resseq=62 icode= >,3od8_A_A,2.4
469,0.0,HIS, ,CD2,26.34,1000.00,0.0,2.74,1.0,<Residue HIS het=  resseq=62 icode= >,3od8_A_A,2.4
470,4.024,HIS, ,CE1,24.0,1000.00,0.0,3.61,1.0,<Residue HIS het=  resseq=62 icode= >,3od8_A_A,2.4
471,0.0,HIS, ,NE2,30.61,1000.00,0.0,2.45,1.0,<Residue HIS het=  resseq=62 icode= >,3od8_A_A,2.4
472,6.268,SER, ,N,37.88,1000.00,0.0,2.30,1.0,<Residue SER het=  resseq=63 icode= >,3od8_A_A,2.4
473,6.244,SER, ,CA,36.52,1000.00,0.0,2.57,1.0,<Residue SER het=  resseq=63 icode= >,3od8_A_A,2.4
474,1.399,SER, ,C,40.06,1000.00,0.0,2.61,1.0,<Residue SER het=  resseq=63 icode= >,3od8_A_A,2.4
475,10.507,SER, ,O,46.02,1000.00,0.0,1.36,1.0,<Residue SER het=  resseq=63 icode= >,3od8_A_A,2.4
476,21.253,SER, ,CB,39.27,1000.00,0.0,1.99,1.0,<Residue SER het=  resseq=63 icode= >,3od8_A_A,2.4
477,33.403,SER, ,OG,48.27,1000.00,0.0,0.91,1.0,<Residue SER het=  resseq=63 icode= >,3od8_A_A,2.4
478,0.407,ILE, ,N,44.33,1000.00,0.0,2.04,1.0,<Residue ILE het=  resseq=64 icode= >,3od8_A_A,2.4
479,0.125,ILE, ,CA,41.82,1000.00,0.0,2.54,1.0,<Residue ILE het=  resseq=64 icode= >,3od8_A_A,2.4
480,0.151,ILE, ,C,40.73,1000.00,0.0,3.00,1.0,<Residue ILE het=  resseq=64 icode= >,3od8_A_A,2.4
481,3.086,ILE, ,O,40.17,1000.00,0.0,2.28,1.0,<Residue ILE het=  resseq=64 icode= >,3od8_A_A,2.4
482,0.0,ILE, ,CB,30.88,1000.00,0.0,3.04,1.0,<Residue ILE het=  resseq=64 icode= >,3od8_A_A,2.4
483,0.29,ILE, ,CG1,34.49,1000.00,0.0,1.89,1.0,<Residue ILE het=  resseq=64 icode= >,3od8_A_A,2.4
484,0.247,ILE, ,CG2,36.77,1000.00,0.0,1.17,1.0,<Residue ILE het=  resseq=64 icode= >,3od8_A_A,2.4
485,0.0,ILE, ,CD1,27.19,1000.00,0.0,1.75,1.0,<Residue ILE het=  resseq=64 icode= >,3od8_A_A,2.4
486,0.0,ARG, ,N,43.58,1000.00,0.0,2.19,1.0,<Residue ARG het=  resseq=65 icode= >,3od8_A_A,2.4
487,5.62,ARG, ,CA,45.87,1000.00,0.0,2.04,1.0,<Residue ARG het=  resseq=65 icode= >,3od8_A_A,2.4
488,0.0,ARG, ,C,42.58,1000.00,0.0,3.11,1.0,<Residue ARG het=  resseq=65 icode= >,3od8_A_A,2.4
489,11.786,ARG, ,O,43.78,1000.00,0.0,2.17,1.0,<Residue ARG het=  resseq=65 icode= >,3od8_A_A,2.4
490,10.493,ARG, ,CB,51.93,1000.00,0.0,1.04,1.0,<Residue ARG het=  resseq=65 icode= >,3od8_A_A,2.4
491,23.831,ARG, ,CG,57.39,1000.00,0.0,0.33,1.0,<Residue ARG het=  resseq=65 icode= >,3od8_A_A,2.4
492,14.093,ARG, ,CD,56.32,1000.00,0.0,0.64,1.0,<Residue ARG het=  resseq=65 icode= >,3od8_A_A,2.4
493,12.033,ARG, ,NE,61.43,1000.00,0.0,1.17,1.0,<Residue ARG het=  resseq=65 icode= >,3od8_A_A,2.4
494,4.319,ARG, ,CZ,58.84,1000.00,0.0,1.64,1.0,<Residue ARG het=  resseq=65 icode= >,3od8_A_A,2.4
495,42.624,ARG, ,NH1,63.14,1000.00,0.0,0.58,1.0,<Residue ARG het=  resseq=65 icode= >,3od8_A_A,2.4
496,48.911,ARG, ,NH2,46.59,1000.00,0.0,1.36,1.0,<Residue ARG het=  resseq=65 icode= >,3od8_A_A,2.4
497,0.0,HIS, ,N,37.78,1000.00,0.0,3.06,1.0,<Residue HIS het=  resseq=66 icode= >,3od8_A_A,2.4
498,0.0,HIS, ,CA,39.08,1000.00,0.0,2.66,1.0,<Residue HIS het=  resseq=66 icode= >,3od8_A_A,2.4
499,0.0,HIS, ,C,36.97,1000.00,0.0,3.73,1.0,<Residue HIS het=  resseq=66 icode= >,3od8_A_A,2.4
500,0.0,HIS, ,O,36.9,1000.00,0.0,2.42,1.0,<Residue HIS het=  resseq=66 icode= >,3od8_A_A,2.4
501,1.965,HIS, ,CB,45.6,1000.00,0.0,0.98,1.0,<Residue HIS het=  resseq=66 icode= >,3od8_A_A,2.4
502,2.385,HIS, ,CG,58.78,1000.00,0.0,1.25,1.0,<Residue HIS het=  resseq=66 icode= >,3od8_A_A,2.4
503,18.454,HIS, ,ND1,55.05,1000.00,0.0,1.58,1.0,<Residue HIS het=  resseq=66 icode= >,3od8_A_A,2.4
504,22.321,HIS, ,CD2,57.75,1000.00,0.0,0.66,1.0,<Residue HIS het=  resseq=66 icode= >,3od8_A_A,2.4
505,41.347,HIS, ,CE1,59.33,1000.00,0.0,1.16,1.0,<Residue HIS het=  resseq=66 icode= >,3od8_A_A,2.4
506,27.721,HIS, ,NE2,58.17,1000.00,0.0,0.87,1.0,<Residue HIS het=  resseq=66 icode= >,3od8_A_A,2.4
507,0.0,PRO, ,N,34.84,1000.00,0.0,3.27,1.0,<Residue PRO het=  resseq=67 icode= >,3od8_A_A,2.4
508,0.0,PRO, ,CA,29.86,1000.00,0.0,2.73,1.0,<Residue PRO het=  resseq=67 icode= >,3od8_A_A,2.4
509,0.0,PRO, ,C,33.45,1000.00,0.0,2.81,1.0,<Residue PRO het=  resseq=67 icode= >,3od8_A_A,2.4
510,0.0,PRO, ,O,33.57,1000.00,0.0,2.12,1.0,<Residue PRO het=  resseq=67 icode= >,3od8_A_A,2.4
511,0.353,PRO, ,CB,33.1,1000.00,0.0,1.76,1.0,<Residue PRO het=  resseq=67 icode= >,3od8_A_A,2.4
512,0.079,PRO, ,CG,32.71,1000.00,0.0,2.02,1.0,<Residue PRO het=  resseq=67 icode= >,3od8_A_A,2.4
513,2.33,PRO, ,CD,35.81,1000.00,0.0,1.98,1.0,<Residue PRO het=  resseq=67 icode= >,3od8_A_A,2.4
514,0.0,ASP, ,N,36.49,1000.00,0.0,1.99,1.0,<Residue ASP het=  resseq=68 icode= >,3od8_A_A,2.4
515,0.0,ASP, ,CA,33.15,1000.00,0.0,2.66,1.0,<Residue ASP het=  resseq=68 icode= >,3od8_A_A,2.4
516,0.202,ASP, ,C,35.89,1000.00,0.0,3.70,1.0,<Residue ASP het=  resseq=68 icode= >,3od8_A_A,2.4
517,15.489,ASP, ,O,40.16,1000.00,0.0,2.33,1.0,<Residue ASP het=  resseq=68 icode= >,3od8_A_A,2.4
518,20.437,ASP, ,CB,45.8,1000.00,0.0,0.22,1.0,<Residue ASP het=  resseq=68 icode= >,3od8_A_A,2.4
519,6.401,ASP, ,CG,51.89,1000.00,0.0,1.20,1.0,<Residue ASP het=  resseq=68 icode= >,3od8_A_A,2.4
520,20.502,ASP, ,OD1,52.23,1000.00,0.0,0.65,1.0,<Residue ASP het=  resseq=68 icode= >,3od8_A_A,2.4
521,3.53,ASP, ,OD2,47.51,1000.00,0.0,1.00,1.0,<Residue ASP het=  resseq=68 icode= >,3od8_A_A,2.4
522,0.0,VAL, ,N,37.74,1000.00,0.0,2.51,1.0,<Residue VAL het=  resseq=69 icode= >,3od8_A_A,2.4
523,1.304,VAL, ,CA,38.92,1000.00,0.0,2.12,1.0,<Residue VAL het=  resseq=69 icode= >,3od8_A_A,2.4
524,0.483,VAL, ,C,36.48,1000.00,0.0,3.14,1.0,<Residue VAL het=  resseq=69 icode= >,3od8_A_A,2.4
525,5.114,VAL, ,O,37.12,1000.00,0.0,2.24,1.0,<Residue VAL het=  resseq=69 icode= >,3od8_A_A,2.4
526,10.089,VAL, ,CB,40.36,1000.00,0.0,2.12,1.0,<Residue VAL het=  resseq=69 icode= >,3od8_A_A,2.4
527,60.092,VAL, ,CG1,37.37,1000.00,0.0,1.20,1.0,<Residue VAL het=  resseq=69 icode= >,3od8_A_A,2.4
528,14.508,VAL, ,CG2,43.21,1000.00,0.0,0.57,1.0,<Residue VAL het=  resseq=69 icode= >,3od8_A_A,2.4
529,0.0,GLU, ,N,34.62,1000.00,0.0,2.01,1.0,<Residue GLU het=  resseq=70 icode= >,3od8_A_A,2.4
530,5.595,GLU, ,CA,34.92,1000.00,0.0,2.26,1.0,<Residue GLU het=  resseq=70 icode= >,3od8_A_A,2.4
531,0.0,GLU, ,C,35.36,1000.00,0.0,3.40,1.0,<Residue GLU het=  resseq=70 icode= >,3od8_A_A,2.4
532,0.713,GLU, ,O,33.63,1000.00,0.0,2.50,1.0,<Residue GLU het=  resseq=70 icode= >,3od8_A_A,2.4
533,0.885,GLU, ,CB,30.0,1000.00,0.0,2.37,1.0,<Residue GLU het=  resseq=70 icode= >,3od8_A_A,2.4
534,15.635,GLU, ,CG,36.57,1000.00,0.0,2.25,1.0,<Residue GLU het=  resseq=70 icode= >,3od8_A_A,2.4
535,7.565,GLU, ,CD,43.12,1000.00,0.0,2.65,1.0,<Residue GLU het=  resseq=70 icode= >,3od8_A_A,2.4
536,1.024,GLU, ,OE1,41.88,1000.00,0.0,1.99,1.0,<Residue GLU het=  resseq=70 icode= >,3od8_A_A,2.4
537,22.231,GLU, ,OE2,45.85,1000.00,0.0,1.92,1.0,<Residue GLU het=  resseq=70 icode= >,3od8_A_A,2.4
538,0.0,VAL, ,N,32.56,17.88,0.0,2.61,1.0,<Residue VAL het=  resseq=71 icode= >,3od8_A_A,2.4
539,0.0,VAL, ,CA,31.18,16.47,0.0,2.91,1.0,<Residue VAL het=  resseq=71 icode= >,3od8_A_A,2.4
540,0.0,VAL, ,C,31.02,15.82,0.0,3.52,1.0,<Residue VAL het=  resseq=71 icode= >,3od8_A_A,2.4
541,0.781,VAL, ,O,35.69,16.10,0.0,1.96,1.0,<Residue VAL het=  resseq=71 icode= >,3od8_A_A,2.4
542,0.0,VAL, ,CB,21.42,16.33,0.0,3.29,1.0,<Residue VAL het=  resseq=71 icode= >,3od8_A_A,2.4
543,0.0,VAL, ,CG1,26.65,14.90,0.0,2.03,1.0,<Residue VAL het=  resseq=71 icode= >,3od8_A_A,2.4
544,0.412,VAL, ,CG2,20.08,17.24,0.0,2.31,1.0,<Residue VAL het=  resseq=71 icode= >,3od8_A_A,2.4
545,0.0,ASP, ,N,30.91,15.10,0.0,2.95,1.0,<Residue ASP het=  resseq=72 icode= >,3od8_A_A,2.4
546,0.419,ASP, ,CA,33.63,14.47,0.0,2.59,1.0,<Residue ASP het=  resseq=72 icode= >,3od8_A_A,2.4
547,0.0,ASP, ,C,34.73,13.59,0.0,3.21,1.0,<Residue ASP het=  resseq=72 icode= >,3od8_A_A,2.4
548,0.0,ASP, ,O,30.58,12.88,0.0,2.73,1.0,<Residue ASP het=  resseq=72 icode= >,3od8_A_A,2.4
549,1.388,ASP, ,CB,29.61,13.79,0.0,2.37,1.0,<Residue ASP het=  resseq=72 icode= >,3od8_A_A,2.4
550,1.599,ASP, ,CG,33.62,13.46,0.0,3.74,1.0,<Residue ASP het=  resseq=72 icode= >,3od8_A_A,2.4
551,23.706,ASP, ,OD1,32.22,14.25,0.0,2.71,1.0,<Residue ASP het=  resseq=72 icode= >,3od8_A_A,2.4
552,12.342,ASP, ,OD2,33.14,12.54,0.0,2.47,1.0,<Residue ASP het=  resseq=72 icode= >,3od8_A_A,2.4
553,4.549,GLY, ,N,36.27,13.80,0.0,2.11,1.0,<Residue GLY het=  resseq=73 icode= >,3od8_A_A,2.4
554,15.569,GLY, ,CA,28.62,13.27,0.0,2.71,1.0,<Residue GLY het=  resseq=73 icode= >,3od8_A_A,2.4
555,0.0,GLY, ,C,31.85,14.19,0.0,4.39,1.0,<Residue GLY het=  resseq=73 icode= >,3od8_A_A,2.4
556,1.261,GLY, ,O,33.94,14.10,0.0,2.81,1.0,<Residue GLY het=  resseq=73 icode= >,3od8_A_A,2.4
557,1.086,PHE, ,N,33.14,15.21,0.0,2.36,1.0,<Residue PHE het=  resseq=74 icode= >,3od8_A_A,2.4
558,0.0,PHE, ,CA,33.28,16.17,0.0,2.80,1.0,<Residue PHE het=  resseq=74 icode= >,3od8_A_A,2.4
559,0.0,PHE, ,C,36.71,16.90,0.0,3.10,1.0,<Residue PHE het=  resseq=74 icode= >,3od8_A_A,2.4
560,0.0,PHE, ,O,37.7,17.23,0.0,2.24,1.0,<Residue PHE het=  resseq=74 icode= >,3od8_A_A,2.4
561,0.757,PHE, ,CB,28.57,17.25,0.0,2.50,1.0,<Residue PHE het=  resseq=74 icode= >,3od8_A_A,2.4
562,0.0,PHE, ,CG,29.12,18.39,0.0,3.01,1.0,<Residue PHE het=  resseq=74 icode= >,3od8_A_A,2.4
563,2.169,PHE, ,CD1,32.17,19.49,0.0,1.77,1.0,<Residue PHE het=  resseq=74 icode= >,3od8_A_A,2.4
564,0.0,PHE, ,CD2,25.25,18.49,0.0,2.63,1.0,<Residue PHE het=  resseq=74 icode= >,3od8_A_A,2.4
565,5.631,PHE, ,CE1,25.88,20.57,0.0,2.40,1.0,<Residue PHE het=  resseq=74 icode= >,3od8_A_A,2.4
566,0.0,PHE, ,CE2,28.27,19.63,0.0,2.15,1.0,<Residue PHE het=  resseq=74 icode= >,3od8_A_A,2.4
567,0.061,PHE, ,CZ,28.47,20.64,0.0,2.16,1.0,<Residue PHE het=  resseq=74 icode= >,3od8_A_A,2.4
568,1.26,SER, ,N,36.61,17.30,0.0,2.16,1.0,<Residue SER het=  resseq=75 icode= >,3od8_A_A,2.4
569,0.167,SER, ,CA,41.2,18.21,0.0,2.26,1.0,<Residue SER het=  resseq=75 icode= >,3od8_A_A,2.4
570,0.0,SER, ,C,40.63,17.23,0.0,2.78,1.0,<Residue SER het=  resseq=75 icode= >,3od8_A_A,2.4
571,17.767,SER, ,O,42.21,17.73,0.0,1.54,1.0,<Residue SER het=  resseq=75 icode= >,3od8_A_A,2.4
572,42.856,SER, ,CB,37.15,18.57,0.0,1.89,1.0,<Residue SER het=  resseq=75 icode= >,3od8_A_A,2.4
573,16.82,SER, ,OG,35.47,17.51,0.0,2.07,1.0,<Residue SER het=  resseq=75 icode= >,3od8_A_A,2.4
574,0.0,GLU, ,N,38.59,15.93,0.0,2.25,1.0,<Residue GLU het=  resseq=76 icode= >,3od8_A_A,2.4
575,6.906,GLU, ,CA,35.68,14.96,0.0,2.81,1.0,<Residue GLU het=  resseq=76 icode= >,3od8_A_A,2.4
576,1.983,GLU, ,C,37.25,14.83,0.0,3.50,1.0,<Residue GLU het=  resseq=76 icode= >,3od8_A_A,2.4
577,18.726,GLU, ,O,40.34,14.09,0.0,1.83,1.0,<Residue GLU het=  resseq=76 icode= >,3od8_A_A,2.4
578,22.222,GLU, ,CB,35.82,13.64,0.0,1.87,1.0,<Residue GLU het=  resseq=76 icode= >,3od8_A_A,2.4
579,39.773,GLU, ,CG,41.7,13.78,0.0,1.66,1.0,<Residue GLU het=  resseq=76 icode= >,3od8_A_A,2.4
580,7.918,GLU, ,CD,52.27,14.94,0.0,1.79,1.0,<Residue GLU het=  resseq=76 icode= >,3od8_A_A,2.4
581,12.697,GLU, ,OE1,50.13,14.84,0.0,1.10,1.0,<Residue GLU het=  resseq=76 icode= >,3od8_A_A,2.4
582,16.747,GLU, ,OE2,51.28,16.04,0.0,1.20,1.0,<Residue GLU het=  resseq=76 icode= >,3od8_A_A,2.4
583,0.0,LEU, ,N,33.59,15.67,0.0,3.11,1.0,<Residue LEU het=  resseq=77 icode= >,3od8_A_A,2.4
584,0.0,LEU, ,CA,37.21,15.87,0.0,2.43,1.0,<Residue LEU het=  resseq=77 icode= >,3od8_A_A,2.4
585,1.467,LEU, ,C,42.4,16.87,0.0,2.56,1.0,<Residue LEU het=  resseq=77 icode= >,3od8_A_A,2.4
586,9.348,LEU, ,O,40.03,17.73,0.0,2.30,1.0,<Residue LEU het=  resseq=77 icode= >,3od8_A_A,2.4
587,0.0,LEU, ,CB,35.07,16.10,0.0,1.58,1.0,<Residue LEU het=  resseq=77 icode= >,3od8_A_A,2.4
588,0.0,LEU, ,CG,33.16,14.88,0.0,2.72,1.0,<Residue LEU het=  resseq=77 icode= >,3od8_A_A,2.4
589,0.0,LEU, ,CD1,26.02,15.42,0.0,1.22,1.0,<Residue LEU het=  resseq=77 icode= >,3od8_A_A,2.4
590,1.741,LEU, ,CD2,18.86,13.76,0.0,2.27,1.0,<Residue LEU het=  resseq=77 icode= >,3od8_A_A,2.4
591,0.231,ARG, ,N,40.47,16.88,0.0,2.46,1.0,<Residue ARG het=  resseq=78 icode= >,3od8_A_A,2.4
592,7.933,ARG, ,CA,41.8,18.00,0.0,2.31,1.0,<Residue ARG het=  resseq=78 icode= >,3od8_A_A,2.4
593,0.0,ARG, ,C,44.57,19.26,0.0,2.65,1.0,<Residue ARG het=  resseq=78 icode= >,3od8_A_A,2.4
594,0.0,ARG, ,O,40.59,19.30,0.0,2.31,1.0,<Residue ARG het=  resseq=78 icode= >,3od8_A_A,2.4
595,2.413,ARG, ,CB,38.91,17.92,0.0,1.45,1.0,<Residue ARG het=  resseq=78 icode= >,3od8_A_A,2.4
596,14.88,ARG, ,CG,36.28,16.77,0.0,2.34,1.0,<Residue ARG het=  resseq=78 icode= >,3od8_A_A,2.4
597,24.267,ARG, ,CD,33.3,16.88,0.0,1.93,1.0,<Residue ARG het=  resseq=78 icode= >,3od8_A_A,2.4
598,9.059,ARG, ,NE,36.62,18.19,0.0,2.32,1.0,<Residue ARG het=  resseq=78 icode= >,3od8_A_A,2.4
599,7.064,ARG, ,CZ,38.53,18.48,0.0,2.92,1.0,<Residue ARG het=  resseq=78 icode= >,3od8_A_A,2.4
600,48.063,ARG, ,NH1,35.27,17.60,0.0,2.00,1.0,<Residue ARG het=  resseq=78 icode= >,3od8_A_A,2.4
601,59.382,ARG, ,NH2,44.01,19.75,0.0,0.92,1.0,<Residue ARG het=  resseq=78 icode= >,3od8_A_A,2.4
602,8.305,TRP, ,N,45.89,1000.00,0.0,1.86,1.0,<Residue TRP het=  resseq=79 icode= >,3od8_A_A,2.4
603,1.519,TRP, ,CA,42.34,1000.00,0.0,2.56,1.0,<Residue TRP het=  resseq=79 icode= >,3od8_A_A,2.4
604,0.0,TRP, ,C,41.54,1000.00,0.0,3.49,1.0,<Residue TRP het=  resseq=79 icode= >,3od8_A_A,2.4
605,0.0,TRP, ,O,45.53,1000.00,0.0,1.89,1.0,<Residue TRP het=  resseq=79 icode= >,3od8_A_A,2.4
606,63.742,TRP, ,CB,37.77,1000.00,0.0,1.44,1.0,<Residue TRP het=  resseq=79 icode= >,3od8_A_A,2.4
607,3.097,ASP, ,N,40.91,1000.00,0.0,2.65,1.0,<Residue ASP het=  resseq=80 icode= >,3od8_A_A,2.4
608,8.422,ASP, ,CA,46.22,1000.00,0.0,1.87,1.0,<Residue ASP het=  resseq=80 icode= >,3od8_A_A,2.4
609,0.0,ASP, ,C,46.66,1000.00,0.0,2.58,1.0,<Residue ASP het=  resseq=80 icode= >,3od8_A_A,2.4
610,2.744,ASP, ,O,48.39,1000.00,0.0,2.08,1.0,<Residue ASP het=  resseq=80 icode= >,3od8_A_A,2.4
611,12.944,ASP, ,CB,50.02,1000.00,0.0,1.13,1.0,<Residue ASP het=  resseq=80 icode= >,3od8_A_A,2.4
612,11.344,ASP, ,CG,60.88,1000.00,0.0,1.55,1.0,<Residue ASP het=  resseq=80 icode= >,3od8_A_A,2.4
613,28.878,ASP, ,OD1,60.73,1000.00,0.0,0.54,1.0,<Residue ASP het=  resseq=80 icode= >,3od8_A_A,2.4
614,40.698,ASP, ,OD2,62.85,1000.00,0.0,0.78,1.0,<Residue ASP het=  resseq=80 icode= >,3od8_A_A,2.4
615,0.0,ASP, ,N,44.34,1000.00,0.0,2.05,1.0,<Residue ASP het=  resseq=81 icode= >,3od8_A_A,2.4
616,0.0,ASP, ,CA,43.68,1000.00,0.0,1.73,1.0,<Residue ASP het=  resseq=81 icode= >,3od8_A_A,2.4
617,0.0,ASP, ,C,39.28,1000.00,0.0,3.45,1.0,<Residue ASP het=  resseq=81 icode= >,3od8_A_A,2.4
618,0.0,ASP, ,O,35.42,1000.00,0.0,2.57,1.0,<Residue ASP het=  resseq=81 icode= >,3od8_A_A,2.4
619,0.0,ASP, ,CB,35.97,1000.00,0.0,1.13,1.0,<Residue ASP het=  resseq=81 icode= >,3od8_A_A,2.4
620,2.038,ASP, ,CG,36.39,1000.00,0.0,3.60,1.0,<Residue ASP het=  resseq=81 icode= >,3od8_A_A,2.4
621,5.003,ASP, ,OD1,34.63,1000.00,0.0,2.37,1.0,<Residue ASP het=  resseq=81 icode= >,3od8_A_A,2.4
622,12.823,ASP, ,OD2,35.17,1000.00,0.0,2.32,1.0,<Residue ASP het=  resseq=81 icode= >,3od8_A_A,2.4
623,0.0,GLN, ,N,39.07,1000.00,0.0,2.26,1.0,<Residue GLN het=  resseq=82 icode= >,3od8_A_A,2.4
624,0.0,GLN, ,CA,41.44,1000.00,0.0,1.96,1.0,<Residue GLN het=  resseq=82 icode= >,3od8_A_A,2.4
625,0.0,GLN, ,C,41.08,1000.00,0.0,3.10,1.0,<Residue GLN het=  resseq=82 icode= >,3od8_A_A,2.4
626,0.0,GLN, ,O,39.94,1000.00,0.0,2.00,1.0,<Residue GLN het=  resseq=82 icode= >,3od8_A_A,2.4
627,0.25,GLN, ,CB,36.68,1000.00,0.0,1.95,1.0,<Residue GLN het=  resseq=82 icode= >,3od8_A_A,2.4
628,0.0,GLN, ,CG,35.47,1000.00,0.0,1.81,1.0,<Residue GLN het=  resseq=82 icode= >,3od8_A_A,2.4
629,1.273,GLN, ,CD,38.29,1000.00,0.0,3.14,1.0,<Residue GLN het=  resseq=82 icode= >,3od8_A_A,2.4
630,24.475,GLN, ,OE1,38.19,1000.00,0.0,1.96,1.0,<Residue GLN het=  resseq=82 icode= >,3od8_A_A,2.4
631,11.871,GLN, ,NE2,42.53,1000.00,0.0,1.63,1.0,<Residue GLN het=  resseq=82 icode= >,3od8_A_A,2.4
632,0.0,GLN, ,N,40.48,1000.00,0.0,3.26,1.0,<Residue GLN het=  resseq=83 icode= >,3od8_A_A,2.4
633,0.004,GLN, ,CA,44.19,1000.00,0.0,2.63,1.0,<Residue GLN het=  resseq=83 icode= >,3od8_A_A,2.4
634,1.03,GLN, ,C,41.59,1000.00,0.0,3.17,1.0,<Residue GLN het=  resseq=83 icode= >,3od8_A_A,2.4
635,1.109,GLN, ,O,42.07,1000.00,0.0,2.10,1.0,<Residue GLN het=  resseq=83 icode= >,3od8_A_A,2.4
636,19.374,GLN, ,CB,47.3,1000.00,0.0,1.21,1.0,<Residue GLN het=  resseq=83 icode= >,3od8_A_A,2.4
637,20.12,GLN, ,CG,55.39,1000.00,0.0,0.83,1.0,<Residue GLN het=  resseq=83 icode= >,3od8_A_A,2.4
638,5.513,GLN, ,CD,63.81,1000.00,0.0,1.38,1.0,<Residue GLN het=  resseq=83 icode= >,3od8_A_A,2.4
639,14.853,GLN, ,OE1,64.37,1000.00,0.0,0.83,1.0,<Residue GLN het=  resseq=83 icode= >,3od8_A_A,2.4
640,47.626,GLN, ,NE2,54.35,1000.00,0.0,1.25,1.0,<Residue GLN het=  resseq=83 icode= >,3od8_A_A,2.4
641,0.569,LYS, ,N,43.24,1000.00,0.0,1.82,1.0,<Residue LYS het=  resseq=84 icode= >,3od8_A_A,2.4
642,4.377,LYS, ,CA,42.05,1000.00,0.0,1.72,1.0,<Residue LYS het=  resseq=84 icode= >,3od8_A_A,2.4
643,0.0,LYS, ,C,38.05,1000.00,0.0,3.24,1.0,<Residue LYS het=  resseq=84 icode= >,3od8_A_A,2.4
644,0.0,LYS, ,O,35.12,1000.00,0.0,2.49,1.0,<Residue LYS het=  resseq=84 icode= >,3od8_A_A,2.4
645,1.801,LYS, ,CB,42.04,1000.00,0.0,1.18,1.0,<Residue LYS het=  resseq=84 icode= >,3od8_A_A,2.4
646,25.272,LYS, ,CG,48.81,1000.00,0.0,1.18,1.0,<Residue LYS het=  resseq=84 icode= >,3od8_A_A,2.4
647,13.372,LYS, ,CD,54.81,1000.00,0.0,0.65,1.0,<Residue LYS het=  resseq=84 icode= >,3od8_A_A,2.4
648,20.163,LYS, ,CE,55.11,1000.00,0.0,0.53,1.0,<Residue LYS het=  resseq=84 icode= >,3od8_A_A,2.4
649,28.088,LYS, ,NZ,59.92,1000.00,0.0,0.18,1.0,<Residue LYS het=  resseq=84 icode= >,3od8_A_A,2.4
650,0.0,VAL, ,N,34.54,1000.00,0.0,2.86,1.0,<Residue VAL het=  resseq=85 icode= >,3od8_A_A,2.4
651,0.0,VAL, ,CA,36.04,1000.00,0.0,2.48,1.0,<Residue VAL het=  resseq=85 icode= >,3od8_A_A,2.4
652,0.0,VAL, ,C,39.51,1000.00,0.0,2.84,1.0,<Residue VAL het=  resseq=85 icode= >,3od8_A_A,2.4
653,0.0,VAL, ,O,39.34,1000.00,0.0,1.81,1.0,<Residue VAL het=  resseq=85 icode= >,3od8_A_A,2.4
654,0.0,VAL, ,CB,34.12,1000.00,0.0,1.96,1.0,<Residue VAL het=  resseq=85 icode= >,3od8_A_A,2.4
655,0.344,VAL, ,CG1,38.7,1000.00,0.0,0.17,1.0,<Residue VAL het=  resseq=85 icode= >,3od8_A_A,2.4
656,0.0,VAL, ,CG2,29.01,1000.00,0.0,1.64,1.0,<Residue VAL het=  resseq=85 icode= >,3od8_A_A,2.4
657,0.0,LYS, ,N,38.91,1000.00,0.0,2.46,1.0,<Residue LYS het=  resseq=86 icode= >,3od8_A_A,2.4
658,0.0,LYS, ,CA,38.68,1000.00,0.0,2.44,1.0,<Residue LYS het=  resseq=86 icode= >,3od8_A_A,2.4
659,0.0,LYS, ,C,40.83,1000.00,0.0,2.90,1.0,<Residue LYS het=  resseq=86 icode= >,3od8_A_A,2.4
660,0.0,LYS, ,O,40.68,1000.00,0.0,1.91,1.0,<Residue LYS het=  resseq=86 icode= >,3od8_A_A,2.4
661,4.056,LYS, ,CB,39.81,1000.00,0.0,2.06,1.0,<Residue LYS het=  resseq=86 icode= >,3od8_A_A,2.4
662,0.046,LYS, ,CG,43.18,1000.00,0.0,1.22,1.0,<Residue LYS het=  resseq=86 icode= >,3od8_A_A,2.4
663,13.437,LYS, ,CD,56.24,1000.00,0.0,0.27,1.0,<Residue LYS het=  resseq=86 icode= >,3od8_A_A,2.4
664,30.247,LYS, ,CE,57.81,1000.00,0.0,0.45,1.0,<Residue LYS het=  resseq=86 icode= >,3od8_A_A,2.4
665,13.091,LYS, ,NZ,47.18,1000.00,0.0,0.70,1.0,<Residue LYS het=  resseq=86 icode= >,3od8_A_A,2.4
666,0.262,LYS, ,N,38.45,1000.00,0.0,2.94,1.0,<Residue LYS het=  resseq=87 icode= >,3od8_A_A,2.4
667,0.547,LYS, ,CA,41.52,1000.00,0.0,2.73,1.0,<Residue LYS het=  resseq=87 icode= >,3od8_A_A,2.4
668,0.367,LYS, ,C,39.73,1000.00,0.0,2.74,1.0,<Residue LYS het=  resseq=87 icode= >,3od8_A_A,2.4
669,1.111,LYS, ,O,42.34,1000.00,0.0,1.59,1.0,<Residue LYS het=  resseq=87 icode= >,3od8_A_A,2.4
670,3.009,LYS, ,CB,43.54,1000.00,0.0,1.79,1.0,<Residue LYS het=  resseq=87 icode= >,3od8_A_A,2.4
671,21.235,LYS, ,CG,53.36,1000.00,0.0,1.14,1.0,<Residue LYS het=  resseq=87 icode= >,3od8_A_A,2.4
672,33.098,LYS, ,CD,57.59,1000.00,0.0,0.92,1.0,<Residue LYS het=  resseq=87 icode= >,3od8_A_A,2.4
673,44.447,LYS, ,CE,67.3,1000.00,0.0,0.41,1.0,<Residue LYS het=  resseq=87 icode= >,3od8_A_A,2.4
674,43.441,LYS, ,NZ,68.49,1000.00,0.0,0.23,1.0,<Residue LYS het=  resseq=87 icode= >,3od8_A_A,2.4
675,0.0,THR, ,N,37.91,1000.00,0.0,2.45,1.0,<Residue THR het=  resseq=88 icode= >,3od8_A_A,2.4
676,5.75,THR, ,CA,35.85,1000.00,0.0,2.22,1.0,<Residue THR het=  resseq=88 icode= >,3od8_A_A,2.4
677,0.0,THR, ,C,35.26,1000.00,0.0,3.42,1.0,<Residue THR het=  resseq=88 icode= >,3od8_A_A,2.4
678,3.725,THR, ,O,34.73,1000.00,0.0,2.34,1.0,<Residue THR het=  resseq=88 icode= >,3od8_A_A,2.4
679,0.0,THR, ,CB,37.18,1000.00,0.0,2.31,1.0,<Residue THR het=  resseq=88 icode= >,3od8_A_A,2.4
680,10.935,THR, ,OG1,35.5,1000.00,0.0,2.21,1.0,<Residue THR het=  resseq=88 icode= >,3od8_A_A,2.4
681,18.537,THR, ,CG2,28.53,1000.00,0.0,1.48,1.0,<Residue THR het=  resseq=88 icode= >,3od8_A_A,2.4
682,0.0,ALA, ,N,34.72,1000.00,0.0,3.17,1.0,<Residue ALA het=  resseq=89 icode= >,3od8_A_A,2.4
683,0.119,ALA, ,CA,34.11,1000.00,0.0,3.21,1.0,<Residue ALA het=  resseq=89 icode= >,3od8_A_A,2.4
684,0.0,ALA, ,C,43.37,1000.00,0.0,2.18,1.0,<Residue ALA het=  resseq=89 icode= >,3od8_A_A,2.4
685,13.248,ALA, ,O,43.99,1000.00,0.0,1.66,1.0,<Residue ALA het=  resseq=89 icode= >,3od8_A_A,2.4
686,0.063,ALA, ,CB,29.74,1000.00,0.0,1.53,1.0,<Residue ALA het=  resseq=89 icode= >,3od8_A_A,2.4
687,0.0,GLU, ,N,41.67,1000.00,0.0,1.88,1.0,<Residue GLU het=  resseq=90 icode= >,3od8_A_A,2.4
688,7.992,GLU, ,CA,47.15,1000.00,0.0,1.64,1.0,<Residue GLU het=  resseq=90 icode= >,3od8_A_A,2.4
689,1.598,GLU, ,C,45.04,1000.00,0.0,3.04,1.0,<Residue GLU het=  resseq=90 icode= >,3od8_A_A,2.4
690,28.915,GLU, ,O,48.28,1000.00,0.0,1.86,1.0,<Residue GLU het=  resseq=90 icode= >,3od8_A_A,2.4
691,16.795,GLU, ,CB,41.48,1000.00,0.0,1.57,1.0,<Residue GLU het=  resseq=90 icode= >,3od8_A_A,2.4
692,16.572,GLU, ,CG,48.54,1000.00,0.0,1.24,1.0,<Residue GLU het=  resseq=90 icode= >,3od8_A_A,2.4
693,8.303,GLU, ,CD,57.8,1000.00,0.0,1.73,1.0,<Residue GLU het=  resseq=90 icode= >,3od8_A_A,2.4
694,25.063,GLU, ,OE1,58.8,1000.00,0.0,0.99,1.0,<Residue GLU het=  resseq=90 icode= >,3od8_A_A,2.4
695,20.325,GLU, ,OE2,55.68,1000.00,0.0,1.30,1.0,<Residue GLU het=  resseq=90 icode= >,3od8_A_A,2.4
696,0.307,ALA, ,N,41.47,1000.00,0.0,2.71,1.0,<Residue ALA het=  resseq=91 icode= >,3od8_A_A,2.4
697,10.284,ALA, ,CA,43.81,1000.00,0.0,2.22,1.0,<Residue ALA het=  resseq=91 icode= >,3od8_A_A,2.4
698,22.846,ALA, ,C,46.28,1000.00,0.0,1.52,1.0,<Residue ALA het=  resseq=91 icode= >,3od8_A_A,2.4
699,34.169,ALA, ,O,46.31,1000.00,0.0,1.72,1.0,<Residue ALA het=  resseq=91 icode= >,3od8_A_A,2.4
700,53.881,ALA, ,CB,42.12,1000.00,0.0,1.15,1.0,<Residue ALA het=  resseq=91 icode= >,3od8_A_A,2.4
