,ASA,aa,altloc,atom,bfac,d2r,dASA,dens,occ,residue,id,resolu
0,35.585,SER, ,N,61.12,13.49,0.0,0.96,1.0,<Residue SER het=  resseq=5 icode= >,3od8_B_A,2.4
1,18.85,SER, ,CA,68.15,14.74,0.0,1.07,1.0,<Residue SER het=  resseq=5 icode= >,3od8_B_A,2.4
2,4.411,SER, ,C,66.43,14.67,0.0,0.97,1.0,<Residue SER het=  resseq=5 icode= >,3od8_B_A,2.4
3,12.011,SER, ,O,76.5,13.76,0.0,0.10,1.0,<Residue SER het=  resseq=5 icode= >,3od8_B_A,2.4
4,27.015,SER, ,CB,63.33,15.83,0.0,0.70,1.0,<Residue SER het=  resseq=5 icode= >,3od8_B_A,2.4
5,1.06,SER, ,OG,49.76,15.54,0.0,1.36,1.0,<Residue SER het=  resseq=5 icode= >,3od8_B_A,2.4
6,1.216,ASP, ,N,60.35,17.69,0.0,1.19,1.0,<Residue ASP het=  resseq=6 icode= >,3od8_B_A,2.4
7,0.0,ASP, ,CA,60.43,18.24,0.0,1.83,1.0,<Residue ASP het=  resseq=6 icode= >,3od8_B_A,2.4
8,0.763,ASP, ,C,54.03,18.16,0.0,2.79,1.0,<Residue ASP het=  resseq=6 icode= >,3od8_B_A,2.4
9,14.339,ASP, ,O,50.93,18.74,0.0,2.01,1.0,<Residue ASP het=  resseq=6 icode= >,3od8_B_A,2.4
10,29.415,ASP, ,CB,68.97,19.68,0.0,1.14,1.0,<Residue ASP het=  resseq=6 icode= >,3od8_B_A,2.4
11,11.196,ASP, ,CG,79.67,20.04,0.0,1.06,1.0,<Residue ASP het=  resseq=6 icode= >,3od8_B_A,2.4
12,33.504,ASP, ,OD1,80.96,19.23,0.0,0.58,1.0,<Residue ASP het=  resseq=6 icode= >,3od8_B_A,2.4
13,41.425,ASP, ,OD2,81.55,21.21,0.0,0.25,1.0,<Residue ASP het=  resseq=6 icode= >,3od8_B_A,2.4
14,0.008,LYS, ,N,46.85,16.13,0.0,2.24,1.0,<Residue LYS het=  resseq=7 icode= >,3od8_B_A,2.4
15,5.986,LYS, ,CA,36.21,16.39,0.0,3.57,1.0,<Residue LYS het=  resseq=7 icode= >,3od8_B_A,2.4
16,0.0,LYS, ,C,34.76,15.34,0.0,3.55,1.0,<Residue LYS het=  resseq=7 icode= >,3od8_B_A,2.4
17,1.609,LYS, ,O,34.79,14.15,0.0,2.45,1.0,<Residue LYS het=  resseq=7 icode= >,3od8_B_A,2.4
18,0.148,LYS, ,CB,34.56,16.75,0.0,2.40,1.0,<Residue LYS het=  resseq=7 icode= >,3od8_B_A,2.4
19,12.382,LYS, ,CG,34.01,17.99,0.0,2.09,1.0,<Residue LYS het=  resseq=7 icode= >,3od8_B_A,2.4
20,0.0,LYS, ,CD,33.32,17.96,0.0,1.76,1.0,<Residue LYS het=  resseq=7 icode= >,3od8_B_A,2.4
21,24.339,LYS, ,CE,28.46,19.06,0.0,2.61,1.0,<Residue LYS het=  resseq=7 icode= >,3od8_B_A,2.4
22,28.309,LYS, ,NZ,30.17,18.74,0.0,1.63,1.0,<Residue LYS het=  resseq=7 icode= >,3od8_B_A,2.4
23,3.132,LEU, ,N,29.67,15.88,0.0,3.08,1.0,<Residue LEU het=  resseq=8 icode= >,3od8_B_A,2.4
24,0.0,LEU, ,CA,31.07,15.16,0.0,2.73,1.0,<Residue LEU het=  resseq=8 icode= >,3od8_B_A,2.4
25,0.0,LEU, ,C,27.31,14.38,0.0,3.75,1.0,<Residue LEU het=  resseq=8 icode= >,3od8_B_A,2.4
26,0.0,LEU, ,O,26.01,13.55,0.0,3.59,1.0,<Residue LEU het=  resseq=8 icode= >,3od8_B_A,2.4
27,0.829,LEU, ,CB,28.5,16.21,0.0,2.39,1.0,<Residue LEU het=  resseq=8 icode= >,3od8_B_A,2.4
28,12.202,LEU, ,CG,38.82,16.98,0.0,1.76,1.0,<Residue LEU het=  resseq=8 icode= >,3od8_B_A,2.4
29,45.972,LEU, ,CD1,35.4,17.72,0.0,1.30,1.0,<Residue LEU het=  resseq=8 icode= >,3od8_B_A,2.4
30,39.078,LEU, ,CD2,38.64,16.14,0.0,0.73,1.0,<Residue LEU het=  resseq=8 icode= >,3od8_B_A,2.4
31,0.0,TYR, ,N,26.5,14.77,0.0,2.44,1.0,<Residue TYR het=  resseq=9 icode= >,3od8_B_A,2.4
32,0.0,TYR, ,CA,24.52,13.86,0.0,2.62,1.0,<Residue TYR het=  resseq=9 icode= >,3od8_B_A,2.4
33,0.0,TYR, ,C,24.51,13.47,0.0,3.97,1.0,<Residue TYR het=  resseq=9 icode= >,3od8_B_A,2.4
34,0.006,TYR, ,O,27.42,13.90,0.0,2.56,1.0,<Residue TYR het=  resseq=9 icode= >,3od8_B_A,2.4
35,0.0,TYR, ,CB,22.01,14.53,0.0,2.83,1.0,<Residue TYR het=  resseq=9 icode= >,3od8_B_A,2.4
36,0.0,TYR, ,CG,27.15,15.12,0.0,3.24,1.0,<Residue TYR het=  resseq=9 icode= >,3od8_B_A,2.4
37,0.0,TYR, ,CD1,24.44,14.45,0.0,2.72,1.0,<Residue TYR het=  resseq=9 icode= >,3od8_B_A,2.4
38,0.0,TYR, ,CD2,29.87,16.45,0.0,2.12,1.0,<Residue TYR het=  resseq=9 icode= >,3od8_B_A,2.4
39,0.0,TYR, ,CE1,24.74,15.21,0.0,2.36,1.0,<Residue TYR het=  resseq=9 icode= >,3od8_B_A,2.4
40,2.994,TYR, ,CE2,32.04,17.12,0.0,2.14,1.0,<Residue TYR het=  resseq=9 icode= >,3od8_B_A,2.4
41,0.0,TYR, ,CZ,31.14,16.54,0.0,2.90,1.0,<Residue TYR het=  resseq=9 icode= >,3od8_B_A,2.4
42,18.491,TYR, ,OH,31.53,17.39,0.0,2.42,1.0,<Residue TYR het=  resseq=9 icode= >,3od8_B_A,2.4
43,0.0,ARG, ,N,21.17,12.34,0.0,3.33,1.0,<Residue ARG het=  resseq=10 icode= >,3od8_B_A,2.4
44,0.0,ARG, ,CA,20.17,11.54,0.0,2.86,1.0,<Residue ARG het=  resseq=10 icode= >,3od8_B_A,2.4
45,0.0,ARG, ,C,19.12,11.20,0.0,4.62,1.0,<Residue ARG het=  resseq=10 icode= >,3od8_B_A,2.4
46,0.0,ARG, ,O,20.51,10.96,0.0,2.71,1.0,<Residue ARG het=  resseq=10 icode= >,3od8_B_A,2.4
47,0.323,ARG, ,CB,23.52,10.35,0.0,1.96,1.0,<Residue ARG het=  resseq=10 icode= >,3od8_B_A,2.4
48,0.37,ARG, ,CG,27.41,9.99,0.0,1.75,1.0,<Residue ARG het=  resseq=10 icode= >,3od8_B_A,2.4
49,11.765,ARG, ,CD,28.04,8.74,0.0,1.70,1.0,<Residue ARG het=  resseq=10 icode= >,3od8_B_A,2.4
50,10.451,ARG, ,NE,35.95,8.76,0.0,1.32,1.0,<Residue ARG het=  resseq=10 icode= >,3od8_B_A,2.4
51,0.0,ARG, ,CZ,35.04,9.22,0.0,2.36,1.0,<Residue ARG het=  resseq=10 icode= >,3od8_B_A,2.4
52,0.427,ARG, ,NH1,35.61,9.65,0.0,0.39,1.0,<Residue ARG het=  resseq=10 icode= >,3od8_B_A,2.4
53,38.706,ARG, ,NH2,28.61,9.50,0.0,2.02,1.0,<Residue ARG het=  resseq=10 icode= >,3od8_B_A,2.4
54,0.0,VAL, ,N,17.49,11.42,0.0,3.09,1.0,<Residue VAL het=  resseq=11 icode= >,3od8_B_A,2.4
55,0.0,VAL, ,CA,14.52,11.31,0.0,3.02,1.0,<Residue VAL het=  resseq=11 icode= >,3od8_B_A,2.4
56,0.0,VAL, ,C,19.32,10.68,0.0,4.41,1.0,<Residue VAL het=  resseq=11 icode= >,3od8_B_A,2.4
57,0.58,VAL, ,O,16.87,11.05,0.0,3.58,1.0,<Residue VAL het=  resseq=11 icode= >,3od8_B_A,2.4
58,0.0,VAL, ,CB,15.47,12.75,0.0,3.48,1.0,<Residue VAL het=  resseq=11 icode= >,3od8_B_A,2.4
59,0.0,VAL, ,CG1,14.26,13.54,0.0,2.32,1.0,<Residue VAL het=  resseq=11 icode= >,3od8_B_A,2.4
60,0.0,VAL, ,CG2,17.69,12.88,0.0,1.71,1.0,<Residue VAL het=  resseq=11 icode= >,3od8_B_A,2.4
61,0.0,GLU, ,N,18.08,9.93,0.0,3.36,1.0,<Residue GLU het=  resseq=12 icode= >,3od8_B_A,2.4
62,2.759,GLU, ,CA,17.02,9.51,0.0,3.45,1.0,<Residue GLU het=  resseq=12 icode= >,3od8_B_A,2.4
63,0.0,GLU, ,C,18.36,9.23,0.0,4.93,1.0,<Residue GLU het=  resseq=12 icode= >,3od8_B_A,2.4
64,0.0,GLU, ,O,16.83,9.20,0.0,4.05,1.0,<Residue GLU het=  resseq=12 icode= >,3od8_B_A,2.4
65,10.777,GLU, ,CB,14.43,8.41,0.0,3.15,1.0,<Residue GLU het=  resseq=12 icode= >,3od8_B_A,2.4
66,0.134,GLU, ,CG,19.51,6.98,0.0,2.57,1.0,<Residue GLU het=  resseq=12 icode= >,3od8_B_A,2.4
67,0.174,GLU, ,CD,22.41,6.05,0.0,4.34,1.0,<Residue GLU het=  resseq=12 icode= >,3od8_B_A,2.4
68,0.455,GLU, ,OE1,26.45,6.73,0.0,2.31,1.0,<Residue GLU het=  resseq=12 icode= >,3od8_B_A,2.4
69,1.206,GLU, ,OE2,18.13,4.81,0.0,3.16,1.0,<Residue GLU het=  resseq=12 icode= >,3od8_B_A,2.4
70,1.703,TYR, ,N,14.38,9.33,0.0,4.02,1.0,<Residue TYR het=  resseq=13 icode= >,3od8_B_A,2.4
71,0.0,TYR, ,CA,17.89,9.07,0.0,2.90,1.0,<Residue TYR het=  resseq=13 icode= >,3od8_B_A,2.4
72,0.0,TYR, ,C,18.74,7.60,0.0,4.25,1.0,<Residue TYR het=  resseq=13 icode= >,3od8_B_A,2.4
73,8.092,TYR, ,O,20.47,7.23,0.0,2.86,1.0,<Residue TYR het=  resseq=13 icode= >,3od8_B_A,2.4
74,14.276,TYR, ,CB,17.96,10.04,0.0,2.80,1.0,<Residue TYR het=  resseq=13 icode= >,3od8_B_A,2.4
75,0.176,TYR, ,CG,19.87,11.44,0.0,2.96,1.0,<Residue TYR het=  resseq=13 icode= >,3od8_B_A,2.4
76,0.119,TYR, ,CD1,12.84,11.19,0.0,3.50,1.0,<Residue TYR het=  resseq=13 icode= >,3od8_B_A,2.4
77,20.515,TYR, ,CD2,23.07,12.22,0.0,2.29,1.0,<Residue TYR het=  resseq=13 icode= >,3od8_B_A,2.4
78,0.182,TYR, ,CE1,17.28,11.66,0.0,3.40,1.0,<Residue TYR het=  resseq=13 icode= >,3od8_B_A,2.4
79,6.185,TYR, ,CE2,19.13,13.47,0.0,2.76,1.0,<Residue TYR het=  resseq=13 icode= >,3od8_B_A,2.4
80,0.0,TYR, ,CZ,20.15,12.99,0.0,4.34,1.0,<Residue TYR het=  resseq=13 icode= >,3od8_B_A,2.4
81,0.0,TYR, ,OH,23.33,13.59,0.0,2.95,1.0,<Residue TYR het=  resseq=13 icode= >,3od8_B_A,2.4
82,0.0,ALA, ,N,17.05,6.90,0.0,3.34,1.0,<Residue ALA het=  resseq=14 icode= >,3od8_B_A,2.4
83,0.0,ALA, ,CA,17.82,5.44,0.0,3.80,1.0,<Residue ALA het=  resseq=14 icode= >,3od8_B_A,2.4
84,0.0,ALA, ,C,22.31,5.06,0.0,4.05,1.0,<Residue ALA het=  resseq=14 icode= >,3od8_B_A,2.4
85,1.368,ALA, ,O,20.88,5.83,0.0,2.86,1.0,<Residue ALA het=  resseq=14 icode= >,3od8_B_A,2.4
86,0.0,ALA, ,CB,14.8,5.20,0.0,3.17,1.0,<Residue ALA het=  resseq=14 icode= >,3od8_B_A,2.4
87,0.0,LYS, ,N,20.35,4.27,0.0,3.08,1.0,<Residue LYS het=  resseq=15 icode= >,3od8_B_A,2.4
88,6.911,LYS, ,CA,19.76,4.56,0.0,3.30,1.0,<Residue LYS het=  resseq=15 icode= >,3od8_B_A,2.4
89,0.302,LYS, ,C,22.48,4.20,0.302,4.08,1.0,<Residue LYS het=  resseq=15 icode= >,3od8_B_A,2.4
90,13.854,LYS, ,O,27.33,4.42,6.711,2.52,1.0,<Residue LYS het=  resseq=15 icode= >,3od8_B_A,2.4
91,17.404,LYS, ,CB,23.22,3.97,17.146,2.47,1.0,<Residue LYS het=  resseq=15 icode= >,3od8_B_A,2.4
92,17.202,LYS, ,CG,24.63,4.36,3.268,1.85,1.0,<Residue LYS het=  resseq=15 icode= >,3od8_B_A,2.4
93,27.529,LYS, ,CD,25.01,4.25,22.367,2.24,1.0,<Residue LYS het=  resseq=15 icode= >,3od8_B_A,2.4
94,24.842,LYS, ,CE,36.26,4.99,0.926,1.63,1.0,<Residue LYS het=  resseq=15 icode= >,3od8_B_A,2.4
95,40.959,LYS, ,NZ,44.63,5.08,0.649,0.74,1.0,<Residue LYS het=  resseq=15 icode= >,3od8_B_A,2.4
96,0.307,SER, ,N,23.49,3.23,0.307,2.86,1.0,<Residue SER het=  resseq=16 icode= >,3od8_B_A,2.4
97,1.625,SER, ,CA,18.46,3.65,0.0,3.32,1.0,<Residue SER het=  resseq=16 icode= >,3od8_B_A,2.4
98,0.0,SER, ,C,21.23,3.86,0.0,4.09,1.0,<Residue SER het=  resseq=16 icode= >,3od8_B_A,2.4
99,0.0,SER, ,O,18.8,3.79,0.0,3.74,1.0,<Residue SER het=  resseq=16 icode= >,3od8_B_A,2.4
100,16.303,SER, ,CB,19.72,3.30,9.789,2.70,1.0,<Residue SER het=  resseq=16 icode= >,3od8_B_A,2.4
101,6.415,SER, ,OG,23.84,2.54,6.415,2.73,1.0,<Residue SER het=  resseq=16 icode= >,3od8_B_A,2.4
102,6.451,GLY, ,N,19.66,4.70,0.0,3.11,1.0,<Residue GLY het=  resseq=17 icode= >,3od8_B_A,2.4
103,14.467,GLY, ,CA,18.04,5.49,0.0,3.05,1.0,<Residue GLY het=  resseq=17 icode= >,3od8_B_A,2.4
104,3.721,GLY, ,C,21.55,5.45,0.0,4.15,1.0,<Residue GLY het=  resseq=17 icode= >,3od8_B_A,2.4
105,10.35,GLY, ,O,21.67,6.47,0.0,3.07,1.0,<Residue GLY het=  resseq=17 icode= >,3od8_B_A,2.4
106,0.0,ARG, ,N,20.37,4.57,0.0,3.20,1.0,<Residue ARG het=  resseq=18 icode= >,3od8_B_A,2.4
107,4.153,ARG, ,CA,22.47,4.51,0.0,2.91,1.0,<Residue ARG het=  resseq=18 icode= >,3od8_B_A,2.4
108,0.779,ARG, ,C,21.29,4.25,0.779,4.13,1.0,<Residue ARG het=  resseq=18 icode= >,3od8_B_A,2.4
109,20.301,ARG, ,O,23.11,4.32,2.803,2.80,1.0,<Residue ARG het=  resseq=18 icode= >,3od8_B_A,2.4
110,11.289,ARG, ,CB,21.44,3.83,8.392,2.17,1.0,<Residue ARG het=  resseq=18 icode= >,3od8_B_A,2.4
111,30.199,ARG, ,CG,27.26,5.06,0.092,2.24,1.0,<Residue ARG het=  resseq=18 icode= >,3od8_B_A,2.4
112,31.844,ARG, ,CD,27.6,3.96,20.934,2.16,1.0,<Residue ARG het=  resseq=18 icode= >,3od8_B_A,2.4
113,12.879,ARG, ,NE,32.24,4.01,9.519,2.16,1.0,<Residue ARG het=  resseq=18 icode= >,3od8_B_A,2.4
114,4.463,ARG, ,CZ,37.38,4.46,4.463,2.67,1.0,<Residue ARG het=  resseq=18 icode= >,3od8_B_A,2.4
115,47.146,ARG, ,NH1,28.91,4.00,44.282,2.15,1.0,<Residue ARG het=  resseq=18 icode= >,3od8_B_A,2.4
116,46.028,ARG, ,NH2,40.61,4.07,33.659,1.69,1.0,<Residue ARG het=  resseq=18 icode= >,3od8_B_A,2.4
117,1.417,ALA, ,N,17.71,3.81,1.417,2.99,1.0,<Residue ALA het=  resseq=19 icode= >,3od8_B_A,2.4
118,10.895,ALA, ,CA,20.14,3.52,10.895,3.29,1.0,<Residue ALA het=  resseq=19 icode= >,3od8_B_A,2.4
119,0.0,ALA, ,C,21.07,3.83,0.0,3.56,1.0,<Residue ALA het=  resseq=19 icode= >,3od8_B_A,2.4
120,0.0,ALA, ,O,20.73,5.04,0.0,2.91,1.0,<Residue ALA het=  resseq=19 icode= >,3od8_B_A,2.4
121,10.319,ALA, ,CB,17.42,3.77,10.319,2.04,1.0,<Residue ALA het=  resseq=19 icode= >,3od8_B_A,2.4
122,3.836,SER, ,N,19.35,3.01,3.836,3.01,1.0,<Residue SER het=  resseq=20 icode= >,3od8_B_A,2.4
123,0.0,SER, ,CA,20.88,3.98,0.0,2.51,1.0,<Residue SER het=  resseq=20 icode= >,3od8_B_A,2.4
124,0.0,SER, ,C,18.59,4.41,0.0,4.33,1.0,<Residue SER het=  resseq=20 icode= >,3od8_B_A,2.4
125,0.341,SER, ,O,18.77,3.91,0.341,3.61,1.0,<Residue SER het=  resseq=20 icode= >,3od8_B_A,2.4
126,18.105,SER, ,CB,21.72,4.20,0.0,2.79,1.0,<Residue SER het=  resseq=20 icode= >,3od8_B_A,2.4
127,25.663,SER, ,OG,30.2,3.36,4.126,2.01,1.0,<Residue SER het=  resseq=20 icode= >,3od8_B_A,2.4
128,0.0,CYS, ,N,17.09,5.74,0.0,3.60,1.0,<Residue CYS het=  resseq=21 icode= >,3od8_B_A,2.4
129,0.0,CYS, ,CA,16.28,6.66,0.0,3.39,1.0,<Residue CYS het=  resseq=21 icode= >,3od8_B_A,2.4
130,0.0,CYS, ,C,17.98,6.79,0.0,4.88,1.0,<Residue CYS het=  resseq=21 icode= >,3od8_B_A,2.4
131,3.282,CYS, ,O,17.82,7.04,0.0,3.91,1.0,<Residue CYS het=  resseq=21 icode= >,3od8_B_A,2.4
132,0.0,CYS, ,CB,14.15,8.06,0.0,2.74,1.0,<Residue CYS het=  resseq=21 icode= >,3od8_B_A,2.4
133,0.0,CYS, ,SG,16.76,9.38,0.0,6.76,1.0,<Residue CYS het=  resseq=21 icode= >,3od8_B_A,2.4
134,0.0,LYS, ,N,15.7,7.03,0.0,3.82,1.0,<Residue LYS het=  resseq=22 icode= >,3od8_B_A,2.4
135,2.248,LYS, ,CA,17.78,7.48,0.0,3.26,1.0,<Residue LYS het=  resseq=22 icode= >,3od8_B_A,2.4
136,1.289,LYS, ,C,18.13,8.94,0.0,4.57,1.0,<Residue LYS het=  resseq=22 icode= >,3od8_B_A,2.4
137,26.964,LYS, ,O,21.68,9.60,0.0,3.14,1.0,<Residue LYS het=  resseq=22 icode= >,3od8_B_A,2.4
138,7.483,LYS, ,CB,18.11,7.46,0.0,2.29,1.0,<Residue LYS het=  resseq=22 icode= >,3od8_B_A,2.4
139,0.696,LYS, ,CG,14.75,6.11,0.0,3.58,1.0,<Residue LYS het=  resseq=22 icode= >,3od8_B_A,2.4
140,24.004,LYS, ,CD,19.88,5.62,0.0,2.24,1.0,<Residue LYS het=  resseq=22 icode= >,3od8_B_A,2.4
141,33.549,LYS, ,CE,19.52,4.50,14.542,2.50,1.0,<Residue LYS het=  resseq=22 icode= >,3od8_B_A,2.4
142,18.848,LYS, ,NZ,19.81,3.16,15.343,2.53,1.0,<Residue LYS het=  resseq=22 icode= >,3od8_B_A,2.4
143,0.0,LYS, ,N,19.7,9.58,0.0,2.92,1.0,<Residue LYS het=  resseq=23 icode= >,3od8_B_A,2.4
144,3.601,LYS, ,CA,17.79,9.86,0.0,2.95,1.0,<Residue LYS het=  resseq=23 icode= >,3od8_B_A,2.4
145,0.196,LYS, ,C,22.33,9.42,0.0,3.26,1.0,<Residue LYS het=  resseq=23 icode= >,3od8_B_A,2.4
146,25.47,LYS, ,O,20.55,9.02,0.0,3.02,1.0,<Residue LYS het=  resseq=23 icode= >,3od8_B_A,2.4
147,0.0,LYS, ,CB,19.88,8.93,0.0,2.35,1.0,<Residue LYS het=  resseq=23 icode= >,3od8_B_A,2.4
148,0.757,LYS, ,CG,19.52,7.46,0.0,1.88,1.0,<Residue LYS het=  resseq=23 icode= >,3od8_B_A,2.4
149,0.065,LYS, ,CD,24.15,6.66,0.0,1.91,1.0,<Residue LYS het=  resseq=23 icode= >,3od8_B_A,2.4
150,32.847,LYS, ,CE,20.93,5.51,2.301,2.48,1.0,<Residue LYS het=  resseq=23 icode= >,3od8_B_A,2.4
151,30.807,LYS, ,NZ,21.18,5.04,4.132,1.82,1.0,<Residue LYS het=  resseq=23 icode= >,3od8_B_A,2.4
152,0.0,CYS, ,N,18.08,9.14,0.0,3.07,1.0,<Residue CYS het=  resseq=24 icode= >,3od8_B_A,2.4
153,6.156,CYS, ,CA,17.04,8.01,0.0,3.36,1.0,<Residue CYS het=  resseq=24 icode= >,3od8_B_A,2.4
154,0.917,CYS, ,C,19.11,8.56,0.0,3.69,1.0,<Residue CYS het=  resseq=24 icode= >,3od8_B_A,2.4
155,12.47,CYS, ,O,21.97,7.94,0.0,2.50,1.0,<Residue CYS het=  resseq=24 icode= >,3od8_B_A,2.4
156,21.327,CYS, ,CB,17.27,7.57,0.0,2.96,1.0,<Residue CYS het=  resseq=24 icode= >,3od8_B_A,2.4
157,5.945,CYS, ,SG,20.26,8.98,0.0,7.21,1.0,<Residue CYS het=  resseq=24 icode= >,3od8_B_A,2.4
158,0.146,SER, ,N,18.5,9.28,0.0,3.46,1.0,<Residue SER het=  resseq=25 icode= >,3od8_B_A,2.4
159,2.876,SER, ,CA,19.04,8.51,0.0,3.21,1.0,<Residue SER het=  resseq=25 icode= >,3od8_B_A,2.4
160,0.0,SER, ,C,20.05,8.36,0.0,4.43,1.0,<Residue SER het=  resseq=25 icode= >,3od8_B_A,2.4
161,14.396,SER, ,O,19.63,7.79,0.0,3.77,1.0,<Residue SER het=  resseq=25 icode= >,3od8_B_A,2.4
162,42.313,SER, ,CB,20.9,9.37,0.0,2.67,1.0,<Residue SER het=  resseq=25 icode= >,3od8_B_A,2.4
163,19.331,SER, ,OG,23.19,9.67,0.0,2.62,1.0,<Residue SER het=  resseq=25 icode= >,3od8_B_A,2.4
164,0.0,GLU, ,N,19.55,8.52,0.0,3.09,1.0,<Residue GLU het=  resseq=26 icode= >,3od8_B_A,2.4
165,1.891,GLU, ,CA,19.65,7.10,0.0,3.32,1.0,<Residue GLU het=  resseq=26 icode= >,3od8_B_A,2.4
166,0.0,GLU, ,C,20.63,6.78,0.0,4.79,1.0,<Residue GLU het=  resseq=26 icode= >,3od8_B_A,2.4
167,0.0,GLU, ,O,17.46,7.61,0.0,3.35,1.0,<Residue GLU het=  resseq=26 icode= >,3od8_B_A,2.4
168,13.863,GLU, ,CB,23.03,6.37,0.0,2.70,1.0,<Residue GLU het=  resseq=26 icode= >,3od8_B_A,2.4
169,18.419,GLU, ,CG,25.38,7.29,0.0,1.92,1.0,<Residue GLU het=  resseq=26 icode= >,3od8_B_A,2.4
170,8.836,GLU, ,CD,40.1,7.55,0.0,1.96,1.0,<Residue GLU het=  resseq=26 icode= >,3od8_B_A,2.4
171,38.622,GLU, ,OE1,42.57,7.89,0.0,1.68,1.0,<Residue GLU het=  resseq=26 icode= >,3od8_B_A,2.4
172,30.295,GLU, ,OE2,40.29,7.07,0.0,1.44,1.0,<Residue GLU het=  resseq=26 icode= >,3od8_B_A,2.4
173,6.119,SER, ,N,17.46,5.85,0.0,3.42,1.0,<Residue SER het=  resseq=27 icode= >,3od8_B_A,2.4
174,0.219,SER, ,CA,17.58,5.97,0.0,3.15,1.0,<Residue SER het=  resseq=27 icode= >,3od8_B_A,2.4
175,0.0,SER, ,C,18.43,5.68,0.0,4.00,1.0,<Residue SER het=  resseq=27 icode= >,3od8_B_A,2.4
176,5.385,SER, ,O,18.3,4.93,2.565,3.68,1.0,<Residue SER het=  resseq=27 icode= >,3od8_B_A,2.4
177,22.645,SER, ,CB,20.26,5.56,0.0,2.81,1.0,<Residue SER het=  resseq=27 icode= >,3od8_B_A,2.4
178,32.134,SER, ,OG,22.22,4.19,13.179,2.63,1.0,<Residue SER het=  resseq=27 icode= >,3od8_B_A,2.4
179,0.0,ILE, ,N,20.33,6.65,0.0,2.95,1.0,<Residue ILE het=  resseq=28 icode= >,3od8_B_A,2.4
180,0.0,ILE, ,CA,17.85,6.94,0.0,3.23,1.0,<Residue ILE het=  resseq=28 icode= >,3od8_B_A,2.4
181,0.0,ILE, ,C,19.59,6.43,0.0,4.07,1.0,<Residue ILE het=  resseq=28 icode= >,3od8_B_A,2.4
182,0.0,ILE, ,O,19.67,6.11,0.0,3.44,1.0,<Residue ILE het=  resseq=28 icode= >,3od8_B_A,2.4
183,0.0,ILE, ,CB,14.37,7.03,0.0,3.66,1.0,<Residue ILE het=  resseq=28 icode= >,3od8_B_A,2.4
184,0.0,ILE, ,CG1,15.24,7.41,0.0,2.59,1.0,<Residue ILE het=  resseq=28 icode= >,3od8_B_A,2.4
185,0.148,ILE, ,CG2,19.69,7.41,0.0,1.61,1.0,<Residue ILE het=  resseq=28 icode= >,3od8_B_A,2.4
186,0.0,ILE, ,CD1,14.57,6.43,0.0,2.20,1.0,<Residue ILE het=  resseq=28 icode= >,3od8_B_A,2.4
187,0.0,PRO, ,N,20.28,5.51,0.0,4.01,1.0,<Residue PRO het=  resseq=29 icode= >,3od8_B_A,2.4
188,8.011,PRO, ,CA,22.08,5.30,1.632,3.23,1.0,<Residue PRO het=  resseq=29 icode= >,3od8_B_A,2.4
189,0.0,PRO, ,C,20.91,6.72,0.0,4.77,1.0,<Residue PRO het=  resseq=29 icode= >,3od8_B_A,2.4
190,0.0,PRO, ,O,20.58,7.07,0.0,3.15,1.0,<Residue PRO het=  resseq=29 icode= >,3od8_B_A,2.4
191,24.731,PRO, ,CB,20.06,4.24,8.536,2.79,1.0,<Residue PRO het=  resseq=29 icode= >,3od8_B_A,2.4
192,38.328,PRO, ,CG,24.53,3.53,37.806,2.89,1.0,<Residue PRO het=  resseq=29 icode= >,3od8_B_A,2.4
193,2.365,PRO, ,CD,17.06,4.79,0.999,3.81,1.0,<Residue PRO het=  resseq=29 icode= >,3od8_B_A,2.4
194,3.596,LYS, ,N,22.39,7.13,0.0,3.52,1.0,<Residue LYS het=  resseq=30 icode= >,3od8_B_A,2.4
195,0.0,LYS, ,CA,19.78,7.10,0.0,3.56,1.0,<Residue LYS het=  resseq=30 icode= >,3od8_B_A,2.4
196,0.0,LYS, ,C,21.53,8.15,0.0,4.14,1.0,<Residue LYS het=  resseq=30 icode= >,3od8_B_A,2.4
197,13.614,LYS, ,O,20.6,7.42,0.0,3.53,1.0,<Residue LYS het=  resseq=30 icode= >,3od8_B_A,2.4
198,14.935,LYS, ,CB,22.88,7.47,0.0,2.52,1.0,<Residue LYS het=  resseq=30 icode= >,3od8_B_A,2.4
199,0.0,LYS, ,CG,22.53,7.41,0.0,3.20,1.0,<Residue LYS het=  resseq=30 icode= >,3od8_B_A,2.4
200,26.695,LYS, ,CD,22.87,8.16,0.0,2.24,1.0,<Residue LYS het=  resseq=30 icode= >,3od8_B_A,2.4
201,39.158,LYS, ,CE,28.28,7.64,0.0,1.73,1.0,<Residue LYS het=  resseq=30 icode= >,3od8_B_A,2.4
202,27.438,LYS, ,NZ,38.86,6.45,0.0,0.70,1.0,<Residue LYS het=  resseq=30 icode= >,3od8_B_A,2.4
203,0.0,ASP, ,N,22.81,7.93,0.0,2.18,1.0,<Residue ASP het=  resseq=31 icode= >,3od8_B_A,2.4
204,0.0,ASP, ,CA,21.51,9.08,0.0,2.89,1.0,<Residue ASP het=  resseq=31 icode= >,3od8_B_A,2.4
205,1.341,ASP, ,C,22.22,8.23,0.0,4.35,1.0,<Residue ASP het=  resseq=31 icode= >,3od8_B_A,2.4
206,6.676,ASP, ,O,22.4,8.52,0.0,3.44,1.0,<Residue ASP het=  resseq=31 icode= >,3od8_B_A,2.4
207,23.355,ASP, ,CB,22.5,9.28,0.0,2.03,1.0,<Residue ASP het=  resseq=31 icode= >,3od8_B_A,2.4
208,8.612,ASP, ,CG,29.0,10.16,0.0,4.02,1.0,<Residue ASP het=  resseq=31 icode= >,3od8_B_A,2.4
209,31.175,ASP, ,OD1,37.62,10.43,0.0,2.20,1.0,<Residue ASP het=  resseq=31 icode= >,3od8_B_A,2.4
210,19.142,ASP, ,OD2,32.08,9.11,0.0,2.81,1.0,<Residue ASP het=  resseq=31 icode= >,3od8_B_A,2.4
211,0.298,SER, ,N,17.96,7.31,0.0,3.64,1.0,<Residue SER het=  resseq=32 icode= >,3od8_B_A,2.4
212,8.468,SER, ,CA,21.58,6.71,0.0,3.02,1.0,<Residue SER het=  resseq=32 icode= >,3od8_B_A,2.4
213,0.0,SER, ,C,20.31,7.89,0.0,4.83,1.0,<Residue SER het=  resseq=32 icode= >,3od8_B_A,2.4
214,0.0,SER, ,O,18.38,8.89,0.0,3.95,1.0,<Residue SER het=  resseq=32 icode= >,3od8_B_A,2.4
215,27.063,SER, ,CB,16.95,5.53,3.17,3.10,1.0,<Residue SER het=  resseq=32 icode= >,3od8_B_A,2.4
216,0.838,SER, ,OG,18.57,6.17,0.0,2.52,1.0,<Residue SER het=  resseq=32 icode= >,3od8_B_A,2.4
217,6.063,LEU, ,N,19.9,7.97,0.0,3.68,1.0,<Residue LEU het=  resseq=33 icode= >,3od8_B_A,2.4
218,0.0,LEU, ,CA,20.96,9.23,0.0,3.16,1.0,<Residue LEU het=  resseq=33 icode= >,3od8_B_A,2.4
219,0.0,LEU, ,C,19.65,9.44,0.0,3.99,1.0,<Residue LEU het=  resseq=33 icode= >,3od8_B_A,2.4
220,4.653,LEU, ,O,23.54,8.81,0.0,2.81,1.0,<Residue LEU het=  resseq=33 icode= >,3od8_B_A,2.4
221,10.242,LEU, ,CB,20.3,9.57,0.0,2.11,1.0,<Residue LEU het=  resseq=33 icode= >,3od8_B_A,2.4
222,0.0,LEU, ,CG,20.55,10.99,0.0,2.96,1.0,<Residue LEU het=  resseq=33 icode= >,3od8_B_A,2.4
223,0.0,LEU, ,CD1,22.14,12.04,0.0,1.90,1.0,<Residue LEU het=  resseq=33 icode= >,3od8_B_A,2.4
224,0.0,LEU, ,CD2,20.78,11.33,0.0,1.63,1.0,<Residue LEU het=  resseq=33 icode= >,3od8_B_A,2.4
225,0.0,ARG, ,N,16.51,9.98,0.0,3.49,1.0,<Residue ARG het=  resseq=34 icode= >,3od8_B_A,2.4
226,0.0,ARG, ,CA,16.48,9.61,0.0,3.66,1.0,<Residue ARG het=  resseq=34 icode= >,3od8_B_A,2.4
227,0.0,ARG, ,C,18.34,10.12,0.0,4.00,1.0,<Residue ARG het=  resseq=34 icode= >,3od8_B_A,2.4
228,0.0,ARG, ,O,17.37,10.14,0.0,3.80,1.0,<Residue ARG het=  resseq=34 icode= >,3od8_B_A,2.4
229,0.0,ARG, ,CB,11.89,8.15,0.0,3.16,1.0,<Residue ARG het=  resseq=34 icode= >,3od8_B_A,2.4
230,0.0,ARG, ,CG,14.56,7.21,0.0,2.66,1.0,<Residue ARG het=  resseq=34 icode= >,3od8_B_A,2.4
231,0.0,ARG, ,CD,14.23,5.76,0.0,3.28,1.0,<Residue ARG het=  resseq=34 icode= >,3od8_B_A,2.4
232,0.0,ARG, ,NE,13.93,4.97,0.0,4.12,1.0,<Residue ARG het=  resseq=34 icode= >,3od8_B_A,2.4
233,0.0,ARG, ,CZ,13.9,3.69,0.0,6.29,1.0,<Residue ARG het=  resseq=34 icode= >,3od8_B_A,2.4
234,2.782,ARG, ,NH1,13.07,2.93,2.782,3.26,1.0,<Residue ARG het=  resseq=34 icode= >,3od8_B_A,2.4
235,10.635,ARG, ,NH2,11.49,2.84,10.193,3.33,1.0,<Residue ARG het=  resseq=34 icode= >,3od8_B_A,2.4
236,0.0,MET, ,N,16.33,10.16,0.0,3.15,1.0,<Residue MET het=  resseq=35 icode= >,3od8_B_A,2.4
237,0.0,MET, ,CA,14.74,10.47,0.0,3.23,1.0,<Residue MET het=  resseq=35 icode= >,3od8_B_A,2.4
238,0.0,MET, ,C,15.15,9.45,0.0,5.46,1.0,<Residue MET het=  resseq=35 icode= >,3od8_B_A,2.4
239,0.0,MET, ,O,15.52,8.71,0.0,3.73,1.0,<Residue MET het=  resseq=35 icode= >,3od8_B_A,2.4
240,0.0,MET, ,CB,15.63,11.74,0.0,2.67,1.0,<Residue MET het=  resseq=35 icode= >,3od8_B_A,2.4
241,0.0,MET, ,CG,23.61,12.86,0.0,1.81,1.0,<Residue MET het=  resseq=35 icode= >,3od8_B_A,2.4
242,0.0,MET, ,S,49.54,14.56,0.0,7.88,1.0,<Residue MET het=  resseq=35 icode= >,3od8_B_A,2.4
243,0.0,MET, ,CE,25.7,14.76,0.0,2.38,1.0,<Residue MET het=  resseq=35 icode= >,3od8_B_A,2.4
244,0.0,ALA, ,N,13.83,9.62,0.0,3.91,1.0,<Residue ALA het=  resseq=36 icode= >,3od8_B_A,2.4
245,0.0,ALA, ,CA,18.81,8.90,0.0,3.13,1.0,<Residue ALA het=  resseq=36 icode= >,3od8_B_A,2.4
246,0.0,ALA, ,C,18.0,9.99,0.0,4.11,1.0,<Residue ALA het=  resseq=36 icode= >,3od8_B_A,2.4
247,0.0,ALA, ,O,18.16,11.10,0.0,3.66,1.0,<Residue ALA het=  resseq=36 icode= >,3od8_B_A,2.4
248,0.0,ALA, ,CB,14.13,8.01,0.0,2.81,1.0,<Residue ALA het=  resseq=36 icode= >,3od8_B_A,2.4
249,0.0,ILE, ,N,16.15,9.82,0.0,3.23,1.0,<Residue ILE het=  resseq=37 icode= >,3od8_B_A,2.4
250,0.0,ILE, ,CA,20.47,10.79,0.0,2.62,1.0,<Residue ILE het=  resseq=37 icode= >,3od8_B_A,2.4
251,0.0,ILE, ,C,20.93,10.21,0.0,4.43,1.0,<Residue ILE het=  resseq=37 icode= >,3od8_B_A,2.4
252,0.0,ILE, ,O,21.28,9.03,0.0,3.71,1.0,<Residue ILE het=  resseq=37 icode= >,3od8_B_A,2.4
253,0.0,ILE, ,CB,21.38,11.29,0.0,2.88,1.0,<Residue ILE het=  resseq=37 icode= >,3od8_B_A,2.4
254,5.658,ILE, ,CG1,27.83,12.29,0.0,1.42,1.0,<Residue ILE het=  resseq=37 icode= >,3od8_B_A,2.4
255,4.302,ILE, ,CG2,18.84,10.25,0.0,2.18,1.0,<Residue ILE het=  resseq=37 icode= >,3od8_B_A,2.4
256,22.349,ILE, ,CD1,37.09,13.75,0.0,0.64,1.0,<Residue ILE het=  resseq=37 icode= >,3od8_B_A,2.4
257,0.0,MET, ,N,24.51,10.99,0.0,2.83,1.0,<Residue MET het=  resseq=38 icode= >,3od8_B_A,2.4
258,0.0,MET, ,CA,24.16,10.05,0.0,2.77,1.0,<Residue MET het=  resseq=38 icode= >,3od8_B_A,2.4
259,0.0,MET, ,C,27.18,10.35,0.0,3.90,1.0,<Residue MET het=  resseq=38 icode= >,3od8_B_A,2.4
260,7.682,MET, ,O,30.14,11.54,0.0,2.60,1.0,<Residue MET het=  resseq=38 icode= >,3od8_B_A,2.4
261,0.0,MET, ,CB,25.19,10.43,0.0,1.95,1.0,<Residue MET het=  resseq=38 icode= >,3od8_B_A,2.4
262,4.459,MET, ,CG,28.12,10.49,0.0,1.88,1.0,<Residue MET het=  resseq=38 icode= >,3od8_B_A,2.4
263,0.56,MET, ,S,38.21,8.91,0.0,9.37,1.0,<Residue MET het=  resseq=38 icode= >,3od8_B_A,2.4
264,16.472,MET, ,CE,31.35,7.83,0.0,1.43,1.0,<Residue MET het=  resseq=38 icode= >,3od8_B_A,2.4
265,0.0,VAL, ,N,24.24,9.40,0.0,3.09,1.0,<Residue VAL het=  resseq=39 icode= >,3od8_B_A,2.4
266,2.822,VAL, ,CA,24.65,9.91,0.0,3.09,1.0,<Residue VAL het=  resseq=39 icode= >,3od8_B_A,2.4
267,0.0,VAL, ,C,26.56,9.38,0.0,4.32,1.0,<Residue VAL het=  resseq=39 icode= >,3od8_B_A,2.4
268,0.0,VAL, ,O,29.92,8.22,0.0,3.24,1.0,<Residue VAL het=  resseq=39 icode= >,3od8_B_A,2.4
269,2.583,VAL, ,CB,26.15,9.32,0.0,3.12,1.0,<Residue VAL het=  resseq=39 icode= >,3od8_B_A,2.4
270,46.272,VAL, ,CG1,36.79,10.19,0.0,0.48,1.0,<Residue VAL het=  resseq=39 icode= >,3od8_B_A,2.4
271,14.176,VAL, ,CG2,23.8,9.48,0.0,2.25,1.0,<Residue VAL het=  resseq=39 icode= >,3od8_B_A,2.4
272,3.78,GLN, ,N,28.37,10.38,0.0,2.96,1.0,<Residue GLN het=  resseq=40 icode= >,3od8_B_A,2.4
273,0.0,GLN, ,CA,27.81,10.16,0.0,2.98,1.0,<Residue GLN het=  resseq=40 icode= >,3od8_B_A,2.4
274,0.325,GLN, ,C,32.34,9.85,0.0,3.78,1.0,<Residue GLN het=  resseq=40 icode= >,3od8_B_A,2.4
275,11.607,GLN, ,O,33.23,10.63,0.0,2.48,1.0,<Residue GLN het=  resseq=40 icode= >,3od8_B_A,2.4
276,23.049,GLN, ,CB,34.19,11.46,0.0,1.76,1.0,<Residue GLN het=  resseq=40 icode= >,3od8_B_A,2.4
277,27.453,GLN, ,CG,49.28,11.81,0.0,0.66,1.0,<Residue GLN het=  resseq=40 icode= >,3od8_B_A,2.4
278,5.397,GLN, ,CD,50.44,11.04,0.0,1.81,1.0,<Residue GLN het=  resseq=40 icode= >,3od8_B_A,2.4
279,7.98,GLN, ,OE1,51.44,10.50,0.0,1.69,1.0,<Residue GLN het=  resseq=40 icode= >,3od8_B_A,2.4
280,23.625,GLN, ,NE2,53.26,11.00,0.0,0.53,1.0,<Residue GLN het=  resseq=40 icode= >,3od8_B_A,2.4
281,0.0,SER, ,N,33.53,8.80,0.0,3.15,1.0,<Residue SER het=  resseq=41 icode= >,3od8_B_A,2.4
282,3.46,SER, ,CA,35.32,8.27,0.0,2.46,1.0,<Residue SER het=  resseq=41 icode= >,3od8_B_A,2.4
283,0.422,SER, ,C,40.82,8.83,0.0,2.49,1.0,<Residue SER het=  resseq=41 icode= >,3od8_B_A,2.4
284,7.904,SER, ,O,44.52,8.91,0.0,1.52,1.0,<Residue SER het=  resseq=41 icode= >,3od8_B_A,2.4
285,0.687,SER, ,CB,32.62,6.77,0.0,2.87,1.0,<Residue SER het=  resseq=41 icode= >,3od8_B_A,2.4
286,5.48,SER, ,OG,40.4,6.21,0.0,2.08,1.0,<Residue SER het=  resseq=41 icode= >,3od8_B_A,2.4
287,0.0,PRO, ,N,39.2,9.27,0.0,2.94,1.0,<Residue PRO het=  resseq=42 icode= >,3od8_B_A,2.4
288,13.243,PRO, ,CA,41.27,9.62,0.0,2.03,1.0,<Residue PRO het=  resseq=42 icode= >,3od8_B_A,2.4
289,1.559,PRO, ,C,38.88,8.34,0.0,2.80,1.0,<Residue PRO het=  resseq=42 icode= >,3od8_B_A,2.4
290,24.123,PRO, ,O,37.35,8.45,0.0,1.86,1.0,<Residue PRO het=  resseq=42 icode= >,3od8_B_A,2.4
291,34.7,PRO, ,CB,38.91,10.72,0.0,1.72,1.0,<Residue PRO het=  resseq=42 icode= >,3od8_B_A,2.4
292,24.445,PRO, ,CG,38.08,10.26,0.0,1.93,1.0,<Residue PRO het=  resseq=42 icode= >,3od8_B_A,2.4
293,19.699,PRO, ,CD,39.49,9.45,0.0,1.54,1.0,<Residue PRO het=  resseq=42 icode= >,3od8_B_A,2.4
294,0.0,MET, ,N,40.4,7.31,0.0,2.34,1.0,<Residue MET het=  resseq=43 icode= >,3od8_B_A,2.4
295,3.549,MET, ,CA,42.4,6.11,0.0,2.41,1.0,<Residue MET het=  resseq=43 icode= >,3od8_B_A,2.4
296,3.479,MET, ,C,41.66,4.96,0.0,2.94,1.0,<Residue MET het=  resseq=43 icode= >,3od8_B_A,2.4
297,27.408,MET, ,O,40.6,4.04,7.733,2.21,1.0,<Residue MET het=  resseq=43 icode= >,3od8_B_A,2.4
298,12.89,MET, ,CB,46.46,5.75,1.546,1.34,1.0,<Residue MET het=  resseq=43 icode= >,3od8_B_A,2.4
299,25.623,MET, ,CG,55.04,6.96,0.0,1.40,1.0,<Residue MET het=  resseq=43 icode= >,3od8_B_A,2.4
300,45.824,MET, ,S,80.41,7.93,0.0,4.25,1.0,<Residue MET het=  resseq=43 icode= >,3od8_B_A,2.4
301,37.305,MET, ,CE,51.35,9.10,0.0,1.01,1.0,<Residue MET het=  resseq=43 icode= >,3od8_B_A,2.4
302,0.882,PHE, ,N,38.87,5.34,0.0,2.65,1.0,<Residue PHE het=  resseq=44 icode= >,3od8_B_A,2.4
303,10.586,PHE, ,CA,42.43,4.85,0.0,2.33,1.0,<Residue PHE het=  resseq=44 icode= >,3od8_B_A,2.4
304,3.378,PHE, ,C,44.21,5.95,0.0,3.41,1.0,<Residue PHE het=  resseq=44 icode= >,3od8_B_A,2.4
305,0.167,PHE, ,O,46.06,6.69,0.0,1.94,1.0,<Residue PHE het=  resseq=44 icode= >,3od8_B_A,2.4
306,26.865,PHE, ,CB,37.31,3.67,20.531,2.27,1.0,<Residue PHE het=  resseq=44 icode= >,3od8_B_A,2.4
307,1.895,PHE, ,CG,39.94,3.65,1.895,2.33,1.0,<Residue PHE het=  resseq=44 icode= >,3od8_B_A,2.4
308,11.459,PHE, ,CD1,43.42,3.31,11.283,1.86,1.0,<Residue PHE het=  resseq=44 icode= >,3od8_B_A,2.4
309,10.49,PHE, ,CD2,44.05,3.65,7.459,1.90,1.0,<Residue PHE het=  resseq=44 icode= >,3od8_B_A,2.4
310,23.225,PHE, ,CE1,41.99,3.25,16.96,1.61,1.0,<Residue PHE het=  resseq=44 icode= >,3od8_B_A,2.4
311,14.297,PHE, ,CE2,34.44,3.49,11.705,2.65,1.0,<Residue PHE het=  resseq=44 icode= >,3od8_B_A,2.4
312,15.319,PHE, ,CZ,32.19,3.29,15.319,2.62,1.0,<Residue PHE het=  resseq=44 icode= >,3od8_B_A,2.4
313,9.743,ASP, ,N,55.81,6.15,0.0,1.67,1.0,<Residue ASP het=  resseq=45 icode= >,3od8_B_A,2.4
314,3.49,ASP, ,CA,55.62,7.15,0.0,1.63,1.0,<Residue ASP het=  resseq=45 icode= >,3od8_B_A,2.4
315,0.905,ASP, ,C,52.75,6.62,0.0,2.29,1.0,<Residue ASP het=  resseq=45 icode= >,3od8_B_A,2.4
316,25.783,ASP, ,O,63.92,6.47,0.0,0.36,1.0,<Residue ASP het=  resseq=45 icode= >,3od8_B_A,2.4
317,31.17,ASP, ,CB,57.94,7.92,0.0,1.50,1.0,<Residue ASP het=  resseq=45 icode= >,3od8_B_A,2.4
318,11.554,ASP, ,CG,65.07,9.27,0.0,1.96,1.0,<Residue ASP het=  resseq=45 icode= >,3od8_B_A,2.4
319,29.468,ASP, ,OD1,60.39,9.97,0.0,1.42,1.0,<Residue ASP het=  resseq=45 icode= >,3od8_B_A,2.4
320,40.275,ASP, ,OD2,70.06,9.77,0.0,0.54,1.0,<Residue ASP het=  resseq=45 icode= >,3od8_B_A,2.4
321,0.104,GLY, ,N,47.51,6.73,0.0,2.02,1.0,<Residue GLY het=  resseq=46 icode= >,3od8_B_A,2.4
322,20.078,GLY, ,CA,45.77,6.25,0.0,1.03,1.0,<Residue GLY het=  resseq=46 icode= >,3od8_B_A,2.4
323,0.0,GLY, ,C,43.92,6.70,0.0,3.18,1.0,<Residue GLY het=  resseq=46 icode= >,3od8_B_A,2.4
324,0.0,GLY, ,O,35.6,7.12,0.0,3.13,1.0,<Residue GLY het=  resseq=46 icode= >,3od8_B_A,2.4
325,7.432,LYS, ,N,38.97,6.75,0.0,2.23,1.0,<Residue LYS het=  resseq=47 icode= >,3od8_B_A,2.4
326,0.0,LYS, ,CA,38.55,7.02,0.0,2.36,1.0,<Residue LYS het=  resseq=47 icode= >,3od8_B_A,2.4
327,0.0,LYS, ,C,33.02,5.86,0.0,3.59,1.0,<Residue LYS het=  resseq=47 icode= >,3od8_B_A,2.4
328,18.491,LYS, ,O,29.53,4.95,4.664,2.91,1.0,<Residue LYS het=  resseq=47 icode= >,3od8_B_A,2.4
329,6.25,LYS, ,CB,37.16,8.15,0.0,1.63,1.0,<Residue LYS het=  resseq=47 icode= >,3od8_B_A,2.4
330,0.0,LYS, ,CG,42.91,9.53,0.0,1.47,1.0,<Residue LYS het=  resseq=47 icode= >,3od8_B_A,2.4
331,16.913,LYS, ,CD,58.4,10.59,0.0,0.79,1.0,<Residue LYS het=  resseq=47 icode= >,3od8_B_A,2.4
332,3.273,LYS, ,CE,63.31,11.58,0.0,0.19,1.0,<Residue LYS het=  resseq=47 icode= >,3od8_B_A,2.4
333,13.147,LYS, ,NZ,53.25,12.44,0.0,0.72,1.0,<Residue LYS het=  resseq=47 icode= >,3od8_B_A,2.4
334,0.0,VAL, ,N,28.48,5.91,0.0,3.09,1.0,<Residue VAL het=  resseq=48 icode= >,3od8_B_A,2.4
335,0.505,VAL, ,CA,23.5,4.86,0.505,3.52,1.0,<Residue VAL het=  resseq=48 icode= >,3od8_B_A,2.4
336,0.0,VAL, ,C,24.4,5.59,0.0,4.07,1.0,<Residue VAL het=  resseq=48 icode= >,3od8_B_A,2.4
337,0.0,VAL, ,O,25.72,6.78,0.0,2.69,1.0,<Residue VAL het=  resseq=48 icode= >,3od8_B_A,2.4
338,2.276,VAL, ,CB,28.08,4.92,0.0,2.69,1.0,<Residue VAL het=  resseq=48 icode= >,3od8_B_A,2.4
339,31.784,VAL, ,CG1,24.0,4.02,23.372,1.97,1.0,<Residue VAL het=  resseq=48 icode= >,3od8_B_A,2.4
340,16.662,VAL, ,CG2,36.61,4.80,7.078,1.48,1.0,<Residue VAL het=  resseq=48 icode= >,3od8_B_A,2.4
341,0.0,PRO, ,N,24.09,5.18,0.0,3.55,1.0,<Residue PRO het=  resseq=49 icode= >,3od8_B_A,2.4
342,0.0,PRO, ,CA,21.49,6.22,0.0,2.84,1.0,<Residue PRO het=  resseq=49 icode= >,3od8_B_A,2.4
343,0.0,PRO, ,C,20.34,5.53,0.0,4.22,1.0,<Residue PRO het=  resseq=49 icode= >,3od8_B_A,2.4
344,9.725,PRO, ,O,20.17,4.47,9.148,3.14,1.0,<Residue PRO het=  resseq=49 icode= >,3od8_B_A,2.4
345,0.0,PRO, ,CB,15.62,6.07,0.0,3.15,1.0,<Residue PRO het=  resseq=49 icode= >,3od8_B_A,2.4
346,17.849,PRO, ,CG,21.04,5.13,0.371,2.60,1.0,<Residue PRO het=  resseq=49 icode= >,3od8_B_A,2.4
347,19.142,PRO, ,CD,20.41,4.11,17.002,2.84,1.0,<Residue PRO het=  resseq=49 icode= >,3od8_B_A,2.4
348,0.0,HIS, ,N,17.9,6.21,0.0,3.22,1.0,<Residue HIS het=  resseq=50 icode= >,3od8_B_A,2.4
349,0.0,HIS, ,CA,19.92,5.83,0.0,2.67,1.0,<Residue HIS het=  resseq=50 icode= >,3od8_B_A,2.4
350,0.0,HIS, ,C,17.53,5.87,0.0,4.78,1.0,<Residue HIS het=  resseq=50 icode= >,3od8_B_A,2.4
351,0.0,HIS, ,O,17.56,7.00,0.0,3.27,1.0,<Residue HIS het=  resseq=50 icode= >,3od8_B_A,2.4
352,0.494,HIS, ,CB,16.7,7.09,0.0,2.15,1.0,<Residue HIS het=  resseq=50 icode= >,3od8_B_A,2.4
353,2.348,HIS, ,CG,18.93,7.07,0.0,3.85,1.0,<Residue HIS het=  resseq=50 icode= >,3od8_B_A,2.4
354,3.732,HIS, ,ND1,16.05,5.89,1.55,3.78,1.0,<Residue HIS het=  resseq=50 icode= >,3od8_B_A,2.4
355,10.259,HIS, ,CD2,19.58,7.76,0.0,2.67,1.0,<Residue HIS het=  resseq=50 icode= >,3od8_B_A,2.4
356,33.095,HIS, ,CE1,17.66,5.97,1.259,3.97,1.0,<Residue HIS het=  resseq=50 icode= >,3od8_B_A,2.4
357,16.396,HIS, ,NE2,19.45,7.14,0.0,2.98,1.0,<Residue HIS het=  resseq=50 icode= >,3od8_B_A,2.4
358,1.037,TRP, ,N,15.13,4.88,1.037,3.59,1.0,<Residue TRP het=  resseq=51 icode= >,3od8_B_A,2.4
359,0.0,TRP, ,CA,13.93,5.39,0.0,3.04,1.0,<Residue TRP het=  resseq=51 icode= >,3od8_B_A,2.4
360,0.0,TRP, ,C,14.03,6.23,0.0,4.81,1.0,<Residue TRP het=  resseq=51 icode= >,3od8_B_A,2.4
361,0.0,TRP, ,O,13.68,6.13,0.0,4.43,1.0,<Residue TRP het=  resseq=51 icode= >,3od8_B_A,2.4
362,0.472,TRP, ,CB,16.29,4.58,0.472,2.81,1.0,<Residue TRP het=  resseq=51 icode= >,3od8_B_A,2.4
363,0.0,TRP, ,CG,14.74,4.44,0.0,3.82,1.0,<Residue TRP het=  resseq=51 icode= >,3od8_B_A,2.4
364,10.229,TRP, ,CD1,15.88,3.52,10.131,3.16,1.0,<Residue TRP het=  resseq=51 icode= >,3od8_B_A,2.4
365,0.0,TRP, ,CD2,13.28,5.69,0.0,3.28,1.0,<Residue TRP het=  resseq=51 icode= >,3od8_B_A,2.4
366,10.348,TRP, ,NE1,17.99,4.46,7.883,3.27,1.0,<Residue TRP het=  resseq=51 icode= >,3od8_B_A,2.4
367,0.0,TRP, ,CE2,15.13,5.13,0.0,4.04,1.0,<Residue TRP het=  resseq=51 icode= >,3od8_B_A,2.4
368,0.0,TRP, ,CE3,15.37,7.02,0.0,3.50,1.0,<Residue TRP het=  resseq=51 icode= >,3od8_B_A,2.4
369,6.009,TRP, ,CZ2,12.25,5.22,0.046,3.64,1.0,<Residue TRP het=  resseq=51 icode= >,3od8_B_A,2.4
370,0.0,TRP, ,CZ3,16.35,7.14,0.0,3.09,1.0,<Residue TRP het=  resseq=51 icode= >,3od8_B_A,2.4
371,0.0,TRP, ,CH2,13.94,6.28,0.0,3.33,1.0,<Residue TRP het=  resseq=51 icode= >,3od8_B_A,2.4
372,0.0,TYR, ,N,13.57,7.33,0.0,3.28,1.0,<Residue TYR het=  resseq=52 icode= >,3od8_B_A,2.4
373,0.0,TYR, ,CA,12.52,8.38,0.0,4.53,1.0,<Residue TYR het=  resseq=52 icode= >,3od8_B_A,2.4
374,0.0,TYR, ,C,15.51,9.13,0.0,4.51,1.0,<Residue TYR het=  resseq=52 icode= >,3od8_B_A,2.4
375,0.0,TYR, ,O,12.27,9.32,0.0,3.96,1.0,<Residue TYR het=  resseq=52 icode= >,3od8_B_A,2.4
376,0.0,TYR, ,CB,13.21,9.52,0.0,2.94,1.0,<Residue TYR het=  resseq=52 icode= >,3od8_B_A,2.4
377,0.0,TYR, ,CG,14.68,9.37,0.0,3.33,1.0,<Residue TYR het=  resseq=52 icode= >,3od8_B_A,2.4
378,0.0,TYR, ,CD1,16.93,9.89,0.0,2.58,1.0,<Residue TYR het=  resseq=52 icode= >,3od8_B_A,2.4
379,0.0,TYR, ,CD2,12.54,9.06,0.0,4.24,1.0,<Residue TYR het=  resseq=52 icode= >,3od8_B_A,2.4
380,0.514,TYR, ,CE1,14.51,10.10,0.0,3.13,1.0,<Residue TYR het=  resseq=52 icode= >,3od8_B_A,2.4
381,0.0,TYR, ,CE2,16.17,9.26,0.0,3.42,1.0,<Residue TYR het=  resseq=52 icode= >,3od8_B_A,2.4
382,0.0,TYR, ,CZ,16.02,9.78,0.0,3.86,1.0,<Residue TYR het=  resseq=52 icode= >,3od8_B_A,2.4
383,16.413,TYR, ,OH,16.64,10.25,0.0,3.02,1.0,<Residue TYR het=  resseq=52 icode= >,3od8_B_A,2.4
384,0.0,HIS, ,N,14.91,9.44,0.0,3.55,1.0,<Residue HIS het=  resseq=53 icode= >,3od8_B_A,2.4
385,0.583,HIS, ,CA,17.16,8.43,0.0,2.63,1.0,<Residue HIS het=  resseq=53 icode= >,3od8_B_A,2.4
386,0.0,HIS, ,C,19.09,9.33,0.0,3.66,1.0,<Residue HIS het=  resseq=53 icode= >,3od8_B_A,2.4
387,0.0,HIS, ,O,15.67,10.35,0.0,3.87,1.0,<Residue HIS het=  resseq=53 icode= >,3od8_B_A,2.4
388,8.37,HIS, ,CB,17.27,7.43,0.0,2.94,1.0,<Residue HIS het=  resseq=53 icode= >,3od8_B_A,2.4
389,2.263,HIS, ,CG,18.19,6.67,0.0,3.77,1.0,<Residue HIS het=  resseq=53 icode= >,3od8_B_A,2.4
390,1.266,HIS, ,ND1,15.68,7.22,0.0,3.90,1.0,<Residue HIS het=  resseq=53 icode= >,3od8_B_A,2.4
391,15.789,HIS, ,CD2,17.02,5.68,1.964,3.25,1.0,<Residue HIS het=  resseq=53 icode= >,3od8_B_A,2.4
392,4.174,HIS, ,CE1,19.61,6.72,0.0,3.31,1.0,<Residue HIS het=  resseq=53 icode= >,3od8_B_A,2.4
393,7.107,HIS, ,NE2,16.21,5.75,0.489,4.03,1.0,<Residue HIS het=  resseq=53 icode= >,3od8_B_A,2.4
394,1.781,PHE, ,N,19.11,9.13,0.0,3.79,1.0,<Residue PHE het=  resseq=54 icode= >,3od8_B_A,2.4
395,0.0,PHE, ,CA,19.6,10.18,0.0,3.19,1.0,<Residue PHE het=  resseq=54 icode= >,3od8_B_A,2.4
396,0.0,PHE, ,C,21.45,10.66,0.0,3.75,1.0,<Residue PHE het=  resseq=54 icode= >,3od8_B_A,2.4
397,0.0,PHE, ,O,19.99,11.69,0.0,3.82,1.0,<Residue PHE het=  resseq=54 icode= >,3od8_B_A,2.4
398,9.4,PHE, ,CB,20.38,9.93,0.0,2.45,1.0,<Residue PHE het=  resseq=54 icode= >,3od8_B_A,2.4
399,0.0,PHE, ,CG,22.78,11.11,0.0,2.43,1.0,<Residue PHE het=  resseq=54 icode= >,3od8_B_A,2.4
400,0.0,PHE, ,CD1,22.31,12.33,0.0,2.79,1.0,<Residue PHE het=  resseq=54 icode= >,3od8_B_A,2.4
401,7.35,PHE, ,CD2,19.71,11.17,0.0,2.53,1.0,<Residue PHE het=  resseq=54 icode= >,3od8_B_A,2.4
402,0.0,PHE, ,CE1,22.16,13.47,0.0,2.36,1.0,<Residue PHE het=  resseq=54 icode= >,3od8_B_A,2.4
403,9.542,PHE, ,CE2,20.08,12.22,0.0,3.34,1.0,<Residue PHE het=  resseq=54 icode= >,3od8_B_A,2.4
404,0.0,PHE, ,CZ,20.71,13.47,0.0,2.84,1.0,<Residue PHE het=  resseq=54 icode= >,3od8_B_A,2.4
405,1.302,SER, ,N,20.29,9.84,0.0,3.16,1.0,<Residue SER het=  resseq=55 icode= >,3od8_B_A,2.4
406,2.443,SER, ,CA,23.63,9.33,0.0,2.67,1.0,<Residue SER het=  resseq=55 icode= >,3od8_B_A,2.4
407,0.0,SER, ,C,21.26,8.73,0.0,3.70,1.0,<Residue SER het=  resseq=55 icode= >,3od8_B_A,2.4
408,2.133,SER, ,O,24.51,8.43,0.0,2.97,1.0,<Residue SER het=  resseq=55 icode= >,3od8_B_A,2.4
409,36.38,SER, ,CB,30.79,8.43,0.0,1.44,1.0,<Residue SER het=  resseq=55 icode= >,3od8_B_A,2.4
410,18.184,SER, ,OG,35.58,8.12,0.0,1.40,1.0,<Residue SER het=  resseq=55 icode= >,3od8_B_A,2.4
411,0.0,CYS, ,N,21.39,8.83,0.0,2.98,1.0,<Residue CYS het=  resseq=56 icode= >,3od8_B_A,2.4
412,0.0,CYS, ,CA,17.55,8.60,0.0,3.12,1.0,<Residue CYS het=  resseq=56 icode= >,3od8_B_A,2.4
413,0.0,CYS, ,C,19.97,9.53,0.0,4.07,1.0,<Residue CYS het=  resseq=56 icode= >,3od8_B_A,2.4
414,0.0,CYS, ,O,21.36,9.09,0.0,3.48,1.0,<Residue CYS het=  resseq=56 icode= >,3od8_B_A,2.4
415,0.0,CYS, ,CB,19.18,9.00,0.0,2.17,1.0,<Residue CYS het=  resseq=56 icode= >,3od8_B_A,2.4
416,14.608,CYS, ,SG,22.11,8.18,0.0,5.75,1.0,<Residue CYS het=  resseq=56 icode= >,3od8_B_A,2.4
417,0.0,PHE, ,N,19.02,10.75,0.0,3.07,1.0,<Residue PHE het=  resseq=57 icode= >,3od8_B_A,2.4
418,0.0,PHE, ,CA,17.19,11.75,0.0,3.43,1.0,<Residue PHE het=  resseq=57 icode= >,3od8_B_A,2.4
419,0.0,PHE, ,C,16.45,11.42,0.0,4.94,1.0,<Residue PHE het=  resseq=57 icode= >,3od8_B_A,2.4
420,0.0,PHE, ,O,18.75,11.84,0.0,4.52,1.0,<Residue PHE het=  resseq=57 icode= >,3od8_B_A,2.4
421,0.0,PHE, ,CB,15.6,12.99,0.0,2.35,1.0,<Residue PHE het=  resseq=57 icode= >,3od8_B_A,2.4
422,0.0,PHE, ,CG,17.9,13.19,0.0,2.52,1.0,<Residue PHE het=  resseq=57 icode= >,3od8_B_A,2.4
423,0.0,PHE, ,CD1,22.27,14.50,0.0,2.37,1.0,<Residue PHE het=  resseq=57 icode= >,3od8_B_A,2.4
424,0.0,PHE, ,CD2,13.86,12.19,0.0,3.15,1.0,<Residue PHE het=  resseq=57 icode= >,3od8_B_A,2.4
425,0.0,PHE, ,CE1,18.46,14.89,0.0,3.62,1.0,<Residue PHE het=  resseq=57 icode= >,3od8_B_A,2.4
426,0.0,PHE, ,CE2,18.43,12.63,0.0,2.43,1.0,<Residue PHE het=  resseq=57 icode= >,3od8_B_A,2.4
427,0.0,PHE, ,CZ,21.53,14.00,0.0,2.52,1.0,<Residue PHE het=  resseq=57 icode= >,3od8_B_A,2.4
428,0.0,TRP, ,N,18.03,10.89,0.0,3.01,1.0,<Residue TRP het=  resseq=58 icode= >,3od8_B_A,2.4
429,0.0,TRP, ,CA,22.6,10.82,0.0,2.85,1.0,<Residue TRP het=  resseq=58 icode= >,3od8_B_A,2.4
430,0.501,TRP, ,C,22.7,9.64,0.0,4.09,1.0,<Residue TRP het=  resseq=58 icode= >,3od8_B_A,2.4
431,18.713,TRP, ,O,26.66,9.81,0.0,2.90,1.0,<Residue TRP het=  resseq=58 icode= >,3od8_B_A,2.4
432,19.753,TRP, ,CB,22.01,10.89,0.0,2.16,1.0,<Residue TRP het=  resseq=58 icode= >,3od8_B_A,2.4
433,0.0,TRP, ,CG,21.53,11.85,0.0,2.90,1.0,<Residue TRP het=  resseq=58 icode= >,3od8_B_A,2.4
434,1.614,TRP, ,CD1,18.39,11.71,0.0,2.88,1.0,<Residue TRP het=  resseq=58 icode= >,3od8_B_A,2.4
435,0.0,TRP, ,CD2,19.65,13.01,0.0,3.10,1.0,<Residue TRP het=  resseq=58 icode= >,3od8_B_A,2.4
436,0.0,TRP, ,NE1,20.99,12.94,0.0,3.10,1.0,<Residue TRP het=  resseq=58 icode= >,3od8_B_A,2.4
437,0.0,TRP, ,CE2,23.55,13.59,0.0,3.18,1.0,<Residue TRP het=  resseq=58 icode= >,3od8_B_A,2.4
438,8.217,TRP, ,CE3,20.96,13.64,0.0,2.90,1.0,<Residue TRP het=  resseq=58 icode= >,3od8_B_A,2.4
439,0.0,TRP, ,CZ2,25.52,14.76,0.0,1.93,1.0,<Residue TRP het=  resseq=58 icode= >,3od8_B_A,2.4
440,0.996,TRP, ,CZ3,24.87,14.80,0.0,2.62,1.0,<Residue TRP het=  resseq=58 icode= >,3od8_B_A,2.4
441,0.0,TRP, ,CH2,25.69,15.32,0.0,2.37,1.0,<Residue TRP het=  resseq=58 icode= >,3od8_B_A,2.4
442,0.0,LYS, ,N,19.85,8.58,0.0,3.35,1.0,<Residue LYS het=  resseq=59 icode= >,3od8_B_A,2.4
443,7.411,LYS, ,CA,20.76,7.44,0.0,3.24,1.0,<Residue LYS het=  resseq=59 icode= >,3od8_B_A,2.4
444,1.683,LYS, ,C,23.07,7.85,0.0,4.57,1.0,<Residue LYS het=  resseq=59 icode= >,3od8_B_A,2.4
445,22.926,LYS, ,O,25.83,7.27,0.0,2.86,1.0,<Residue LYS het=  resseq=59 icode= >,3od8_B_A,2.4
446,4.841,LYS, ,CB,18.52,6.16,0.0,2.88,1.0,<Residue LYS het=  resseq=59 icode= >,3od8_B_A,2.4
447,16.734,LYS, ,CG,22.8,5.90,0.0,2.55,1.0,<Residue LYS het=  resseq=59 icode= >,3od8_B_A,2.4
448,12.785,LYS, ,CD,30.01,4.80,7.254,1.64,1.0,<Residue LYS het=  resseq=59 icode= >,3od8_B_A,2.4
449,23.989,LYS, ,CE,31.54,4.40,1.371,1.48,1.0,<Residue LYS het=  resseq=59 icode= >,3od8_B_A,2.4
450,47.444,LYS, ,NZ,34.71,3.18,21.27,1.10,1.0,<Residue LYS het=  resseq=59 icode= >,3od8_B_A,2.4
451,0.0,VAL, ,N,23.68,9.05,0.0,3.48,1.0,<Residue VAL het=  resseq=60 icode= >,3od8_B_A,2.4
452,5.752,VAL, ,CA,21.15,9.69,0.0,3.03,1.0,<Residue VAL het=  resseq=60 icode= >,3od8_B_A,2.4
453,4.165,VAL, ,C,22.98,10.84,0.0,3.75,1.0,<Residue VAL het=  resseq=60 icode= >,3od8_B_A,2.4
454,27.225,VAL, ,O,23.54,11.62,0.0,2.62,1.0,<Residue VAL het=  resseq=60 icode= >,3od8_B_A,2.4
455,8.798,VAL, ,CB,20.99,10.42,0.0,2.67,1.0,<Residue VAL het=  resseq=60 icode= >,3od8_B_A,2.4
456,16.048,VAL, ,CG1,17.2,9.61,0.0,2.60,1.0,<Residue VAL het=  resseq=60 icode= >,3od8_B_A,2.4
457,0.329,VAL, ,CG2,14.51,11.33,0.0,2.39,1.0,<Residue VAL het=  resseq=60 icode= >,3od8_B_A,2.4
458,2.003,GLY, ,N,24.74,11.12,0.0,3.19,1.0,<Residue GLY het=  resseq=61 icode= >,3od8_B_A,2.4
459,35.802,GLY, ,CA,19.01,12.31,0.0,3.08,1.0,<Residue GLY het=  resseq=61 icode= >,3od8_B_A,2.4
460,4.141,GLY, ,C,27.09,13.54,0.0,3.70,1.0,<Residue GLY het=  resseq=61 icode= >,3od8_B_A,2.4
461,22.839,GLY, ,O,37.02,14.62,0.0,2.13,1.0,<Residue GLY het=  resseq=61 icode= >,3od8_B_A,2.4
462,0.0,HIS, ,N,29.07,13.51,0.0,2.29,1.0,<Residue HIS het=  resseq=62 icode= >,3od8_B_A,2.4
463,2.667,HIS, ,CA,29.32,14.72,0.0,2.34,1.0,<Residue HIS het=  resseq=62 icode= >,3od8_B_A,2.4
464,0.0,HIS, ,C,32.17,14.93,0.0,3.06,1.0,<Residue HIS het=  resseq=62 icode= >,3od8_B_A,2.4
465,4.825,HIS, ,O,37.64,14.03,0.0,2.16,1.0,<Residue HIS het=  resseq=62 icode= >,3od8_B_A,2.4
466,0.0,HIS, ,CB,25.79,14.74,0.0,1.79,1.0,<Residue HIS het=  resseq=62 icode= >,3od8_B_A,2.4
467,0.0,HIS, ,CG,29.45,14.08,0.0,2.53,1.0,<Residue HIS het=  resseq=62 icode= >,3od8_B_A,2.4
468,9.625,HIS, ,ND1,27.53,14.31,0.0,2.42,1.0,<Residue HIS het=  resseq=62 icode= >,3od8_B_A,2.4
469,0.0,HIS, ,CD2,23.68,12.85,0.0,2.68,1.0,<Residue HIS het=  resseq=62 icode= >,3od8_B_A,2.4
470,23.74,HIS, ,CE1,30.98,13.30,0.0,2.46,1.0,<Residue HIS het=  resseq=62 icode= >,3od8_B_A,2.4
471,0.367,HIS, ,NE2,27.23,12.35,0.0,2.21,1.0,<Residue HIS het=  resseq=62 icode= >,3od8_B_A,2.4
472,2.41,SER, ,N,35.25,16.19,0.0,2.44,1.0,<Residue SER het=  resseq=63 icode= >,3od8_B_A,2.4
473,0.645,SER, ,CA,39.76,16.49,0.0,2.10,1.0,<Residue SER het=  resseq=63 icode= >,3od8_B_A,2.4
474,0.0,SER, ,C,41.78,17.64,0.0,2.41,1.0,<Residue SER het=  resseq=63 icode= >,3od8_B_A,2.4
475,6.628,SER, ,O,41.63,18.79,0.0,1.78,1.0,<Residue SER het=  resseq=63 icode= >,3od8_B_A,2.4
476,22.604,SER, ,CB,35.86,16.39,0.0,2.16,1.0,<Residue SER het=  resseq=63 icode= >,3od8_B_A,2.4
477,32.352,SER, ,OG,45.55,15.58,0.0,1.78,1.0,<Residue SER het=  resseq=63 icode= >,3od8_B_A,2.4
478,1.23,ILE, ,N,37.12,17.40,0.0,2.22,1.0,<Residue ILE het=  resseq=64 icode= >,3od8_B_A,2.4
479,0.0,ILE, ,CA,34.65,18.53,0.0,2.75,1.0,<Residue ILE het=  resseq=64 icode= >,3od8_B_A,2.4
480,0.168,ILE, ,C,38.54,18.63,0.0,2.93,1.0,<Residue ILE het=  resseq=64 icode= >,3od8_B_A,2.4
481,1.561,ILE, ,O,33.95,17.79,0.0,2.63,1.0,<Residue ILE het=  resseq=64 icode= >,3od8_B_A,2.4
482,0.0,ILE, ,CB,35.26,18.69,0.0,2.52,1.0,<Residue ILE het=  resseq=64 icode= >,3od8_B_A,2.4
483,0.0,ILE, ,CG1,33.86,19.25,0.0,1.64,1.0,<Residue ILE het=  resseq=64 icode= >,3od8_B_A,2.4
484,0.0,ILE, ,CG2,35.25,19.70,0.0,1.34,1.0,<Residue ILE het=  resseq=64 icode= >,3od8_B_A,2.4
485,0.0,ILE, ,CD1,33.66,19.05,0.0,1.32,1.0,<Residue ILE het=  resseq=64 icode= >,3od8_B_A,2.4
486,0.0,ARG, ,N,38.02,1000.00,0.0,2.39,1.0,<Residue ARG het=  resseq=65 icode= >,3od8_B_A,2.4
487,6.303,ARG, ,CA,39.59,1000.00,0.0,1.90,1.0,<Residue ARG het=  resseq=65 icode= >,3od8_B_A,2.4
488,0.0,ARG, ,C,35.16,1000.00,0.0,3.50,1.0,<Residue ARG het=  resseq=65 icode= >,3od8_B_A,2.4
489,11.955,ARG, ,O,34.74,1000.00,0.0,2.29,1.0,<Residue ARG het=  resseq=65 icode= >,3od8_B_A,2.4
490,11.343,ARG, ,CB,45.6,1000.00,0.0,1.16,1.0,<Residue ARG het=  resseq=65 icode= >,3od8_B_A,2.4
491,20.765,ARG, ,CG,54.65,1000.00,0.0,0.68,1.0,<Residue ARG het=  resseq=65 icode= >,3od8_B_A,2.4
492,12.994,ARG, ,CD,62.56,1000.00,0.0,0.16,1.0,<Residue ARG het=  resseq=65 icode= >,3od8_B_A,2.4
493,5.634,ARG, ,NE,65.77,1000.00,0.0,0.74,1.0,<Residue ARG het=  resseq=65 icode= >,3od8_B_A,2.4
494,5.97,ARG, ,CZ,67.91,1000.00,0.0,1.16,1.0,<Residue ARG het=  resseq=65 icode= >,3od8_B_A,2.4
495,49.618,ARG, ,NH1,70.55,1000.00,0.0,0.25,1.0,<Residue ARG het=  resseq=65 icode= >,3od8_B_A,2.4
496,53.844,ARG, ,NH2,62.47,1000.00,0.0,0.56,1.0,<Residue ARG het=  resseq=65 icode= >,3od8_B_A,2.4
497,0.0,HIS, ,N,31.55,1000.00,0.0,2.82,1.0,<Residue HIS het=  resseq=66 icode= >,3od8_B_A,2.4
498,0.818,HIS, ,CA,34.66,1000.00,0.0,2.38,1.0,<Residue HIS het=  resseq=66 icode= >,3od8_B_A,2.4
499,0.0,HIS, ,C,32.84,1000.00,0.0,3.46,1.0,<Residue HIS het=  resseq=66 icode= >,3od8_B_A,2.4
500,0.0,HIS, ,O,31.33,1000.00,0.0,2.11,1.0,<Residue HIS het=  resseq=66 icode= >,3od8_B_A,2.4
501,0.349,HIS, ,CB,38.27,1000.00,0.0,0.88,1.0,<Residue HIS het=  resseq=66 icode= >,3od8_B_A,2.4
502,2.565,HIS, ,CG,37.91,1000.00,0.0,2.16,1.0,<Residue HIS het=  resseq=66 icode= >,3od8_B_A,2.4
503,18.808,HIS, ,ND1,40.25,1000.00,0.0,2.20,1.0,<Residue HIS het=  resseq=66 icode= >,3od8_B_A,2.4
504,19.056,HIS, ,CD2,43.75,1000.00,0.0,1.80,1.0,<Residue HIS het=  resseq=66 icode= >,3od8_B_A,2.4
505,40.745,HIS, ,CE1,36.01,1000.00,0.0,2.49,1.0,<Residue HIS het=  resseq=66 icode= >,3od8_B_A,2.4
506,25.593,HIS, ,NE2,40.06,1000.00,0.0,2.01,1.0,<Residue HIS het=  resseq=66 icode= >,3od8_B_A,2.4
507,0.0,PRO, ,N,33.09,1000.00,0.0,2.90,1.0,<Residue PRO het=  resseq=67 icode= >,3od8_B_A,2.4
508,0.0,PRO, ,CA,29.21,1000.00,0.0,2.33,1.0,<Residue PRO het=  resseq=67 icode= >,3od8_B_A,2.4
509,0.0,PRO, ,C,28.89,1000.00,0.0,3.98,1.0,<Residue PRO het=  resseq=67 icode= >,3od8_B_A,2.4
510,0.0,PRO, ,O,27.75,1000.00,0.0,2.96,1.0,<Residue PRO het=  resseq=67 icode= >,3od8_B_A,2.4
511,0.0,PRO, ,CB,29.91,1000.00,0.0,1.89,1.0,<Residue PRO het=  resseq=67 icode= >,3od8_B_A,2.4
512,0.0,PRO, ,CG,26.21,1000.00,0.0,2.32,1.0,<Residue PRO het=  resseq=67 icode= >,3od8_B_A,2.4
513,2.901,PRO, ,CD,33.64,1000.00,0.0,1.53,1.0,<Residue PRO het=  resseq=67 icode= >,3od8_B_A,2.4
514,0.0,ASP, ,N,31.35,1000.00,0.0,2.27,1.0,<Residue ASP het=  resseq=68 icode= >,3od8_B_A,2.4
515,0.25,ASP, ,CA,33.22,1000.00,0.0,2.30,1.0,<Residue ASP het=  resseq=68 icode= >,3od8_B_A,2.4
516,0.461,ASP, ,C,33.06,1000.00,0.0,2.89,1.0,<Residue ASP het=  resseq=68 icode= >,3od8_B_A,2.4
517,16.747,ASP, ,O,35.35,1000.00,0.0,2.38,1.0,<Residue ASP het=  resseq=68 icode= >,3od8_B_A,2.4
518,24.645,ASP, ,CB,38.06,1000.00,0.0,0.74,1.0,<Residue ASP het=  resseq=68 icode= >,3od8_B_A,2.4
519,7.767,ASP, ,CG,45.02,1000.00,0.0,1.75,1.0,<Residue ASP het=  resseq=68 icode= >,3od8_B_A,2.4
520,14.067,ASP, ,OD1,40.06,1000.00,0.0,1.54,1.0,<Residue ASP het=  resseq=68 icode= >,3od8_B_A,2.4
521,8.746,ASP, ,OD2,38.96,1000.00,0.0,1.52,1.0,<Residue ASP het=  resseq=68 icode= >,3od8_B_A,2.4
522,0.0,VAL, ,N,33.94,1000.00,0.0,2.20,1.0,<Residue VAL het=  resseq=69 icode= >,3od8_B_A,2.4
523,3.474,VAL, ,CA,32.8,1000.00,0.0,2.30,1.0,<Residue VAL het=  resseq=69 icode= >,3od8_B_A,2.4
524,0.0,VAL, ,C,31.93,1000.00,0.0,3.72,1.0,<Residue VAL het=  resseq=69 icode= >,3od8_B_A,2.4
525,8.784,VAL, ,O,32.61,1000.00,0.0,2.36,1.0,<Residue VAL het=  resseq=69 icode= >,3od8_B_A,2.4
526,12.787,VAL, ,CB,43.64,1000.00,0.0,1.48,1.0,<Residue VAL het=  resseq=69 icode= >,3od8_B_A,2.4
527,44.281,VAL, ,CG1,39.93,1000.00,0.0,0.71,1.0,<Residue VAL het=  resseq=69 icode= >,3od8_B_A,2.4
528,26.31,VAL, ,CG2,32.93,1000.00,0.0,1.47,1.0,<Residue VAL het=  resseq=69 icode= >,3od8_B_A,2.4
529,0.0,GLU, ,N,28.72,1000.00,0.0,2.47,1.0,<Residue GLU het=  resseq=70 icode= >,3od8_B_A,2.4
530,5.221,GLU, ,CA,28.97,1000.00,0.0,2.94,1.0,<Residue GLU het=  resseq=70 icode= >,3od8_B_A,2.4
531,0.0,GLU, ,C,29.18,1000.00,0.0,3.28,1.0,<Residue GLU het=  resseq=70 icode= >,3od8_B_A,2.4
532,0.394,GLU, ,O,30.61,1000.00,0.0,2.37,1.0,<Residue GLU het=  resseq=70 icode= >,3od8_B_A,2.4
533,1.82,GLU, ,CB,27.66,1000.00,0.0,2.19,1.0,<Residue GLU het=  resseq=70 icode= >,3od8_B_A,2.4
534,14.888,GLU, ,CG,32.25,1000.00,0.0,1.68,1.0,<Residue GLU het=  resseq=70 icode= >,3od8_B_A,2.4
535,6.515,GLU, ,CD,32.47,1000.00,0.0,3.42,1.0,<Residue GLU het=  resseq=70 icode= >,3od8_B_A,2.4
536,0.221,GLU, ,OE1,35.93,1000.00,0.0,1.98,1.0,<Residue GLU het=  resseq=70 icode= >,3od8_B_A,2.4
537,14.362,GLU, ,OE2,35.66,1000.00,0.0,1.88,1.0,<Residue GLU het=  resseq=70 icode= >,3od8_B_A,2.4
538,0.0,VAL, ,N,27.74,17.94,0.0,2.29,1.0,<Residue VAL het=  resseq=71 icode= >,3od8_B_A,2.4
539,0.0,VAL, ,CA,23.48,16.53,0.0,3.10,1.0,<Residue VAL het=  resseq=71 icode= >,3od8_B_A,2.4
540,0.0,VAL, ,C,24.1,15.95,0.0,4.35,1.0,<Residue VAL het=  resseq=71 icode= >,3od8_B_A,2.4
541,1.093,VAL, ,O,27.03,16.34,0.0,3.23,1.0,<Residue VAL het=  resseq=71 icode= >,3od8_B_A,2.4
542,0.0,VAL, ,CB,22.86,16.46,0.0,3.02,1.0,<Residue VAL het=  resseq=71 icode= >,3od8_B_A,2.4
543,0.0,VAL, ,CG1,19.66,15.05,0.0,2.35,1.0,<Residue VAL het=  resseq=71 icode= >,3od8_B_A,2.4
544,0.0,VAL, ,CG2,20.22,17.22,0.0,2.48,1.0,<Residue VAL het=  resseq=71 icode= >,3od8_B_A,2.4
545,0.0,ASP, ,N,23.74,15.13,0.0,3.57,1.0,<Residue ASP het=  resseq=72 icode= >,3od8_B_A,2.4
546,0.0,ASP, ,CA,23.94,14.63,0.0,3.24,1.0,<Residue ASP het=  resseq=72 icode= >,3od8_B_A,2.4
547,0.0,ASP, ,C,24.46,13.80,0.0,4.12,1.0,<Residue ASP het=  resseq=72 icode= >,3od8_B_A,2.4
548,0.0,ASP, ,O,22.93,12.93,0.0,3.34,1.0,<Residue ASP het=  resseq=72 icode= >,3od8_B_A,2.4
549,3.418,ASP, ,CB,23.59,13.95,0.0,2.83,1.0,<Residue ASP het=  resseq=72 icode= >,3od8_B_A,2.4
550,1.049,ASP, ,CG,32.67,13.69,0.0,3.76,1.0,<Residue ASP het=  resseq=72 icode= >,3od8_B_A,2.4
551,21.284,ASP, ,OD1,37.57,14.60,0.0,2.01,1.0,<Residue ASP het=  resseq=72 icode= >,3od8_B_A,2.4
552,16.83,ASP, ,OD2,31.81,12.69,0.0,2.27,1.0,<Residue ASP het=  resseq=72 icode= >,3od8_B_A,2.4
553,5.044,GLY, ,N,23.39,14.22,0.0,3.21,1.0,<Residue GLY het=  resseq=73 icode= >,3od8_B_A,2.4
554,4.644,GLY, ,CA,21.21,13.71,0.0,2.23,1.0,<Residue GLY het=  resseq=73 icode= >,3od8_B_A,2.4
555,0.0,GLY, ,C,21.28,14.57,0.0,4.45,1.0,<Residue GLY het=  resseq=73 icode= >,3od8_B_A,2.4
556,1.413,GLY, ,O,23.59,14.48,0.0,3.04,1.0,<Residue GLY het=  resseq=73 icode= >,3od8_B_A,2.4
557,1.152,PHE, ,N,20.13,15.53,0.0,3.38,1.0,<Residue PHE het=  resseq=74 icode= >,3od8_B_A,2.4
558,0.0,PHE, ,CA,21.38,16.45,0.0,3.11,1.0,<Residue PHE het=  resseq=74 icode= >,3od8_B_A,2.4
559,0.0,PHE, ,C,24.4,17.26,0.0,3.78,1.0,<Residue PHE het=  resseq=74 icode= >,3od8_B_A,2.4
560,0.0,PHE, ,O,23.69,17.51,0.0,3.28,1.0,<Residue PHE het=  resseq=74 icode= >,3od8_B_A,2.4
561,1.163,PHE, ,CB,20.98,17.50,0.0,2.46,1.0,<Residue PHE het=  resseq=74 icode= >,3od8_B_A,2.4
562,0.0,PHE, ,CG,20.87,18.64,0.0,3.36,1.0,<Residue PHE het=  resseq=74 icode= >,3od8_B_A,2.4
563,0.934,PHE, ,CD1,22.7,19.80,0.0,2.42,1.0,<Residue PHE het=  resseq=74 icode= >,3od8_B_A,2.4
564,0.0,PHE, ,CD2,23.53,18.64,0.0,2.62,1.0,<Residue PHE het=  resseq=74 icode= >,3od8_B_A,2.4
565,10.346,PHE, ,CE1,25.94,20.88,0.0,2.13,1.0,<Residue PHE het=  resseq=74 icode= >,3od8_B_A,2.4
566,0.0,PHE, ,CE2,27.02,19.78,0.0,2.29,1.0,<Residue PHE het=  resseq=74 icode= >,3od8_B_A,2.4
567,0.406,PHE, ,CZ,28.15,20.87,0.0,2.37,1.0,<Residue PHE het=  resseq=74 icode= >,3od8_B_A,2.4
568,0.918,SER, ,N,23.27,17.82,0.0,3.34,1.0,<Residue SER het=  resseq=75 icode= >,3od8_B_A,2.4
569,0.0,SER, ,CA,29.29,18.78,0.0,2.11,1.0,<Residue SER het=  resseq=75 icode= >,3od8_B_A,2.4
570,0.0,SER, ,C,24.93,18.24,0.0,3.59,1.0,<Residue SER het=  resseq=75 icode= >,3od8_B_A,2.4
571,18.505,SER, ,O,23.8,18.84,0.0,2.89,1.0,<Residue SER het=  resseq=75 icode= >,3od8_B_A,2.4
572,40.296,SER, ,CB,29.56,19.76,0.0,1.97,1.0,<Residue SER het=  resseq=75 icode= >,3od8_B_A,2.4
573,22.327,SER, ,OG,39.05,19.10,0.0,1.26,1.0,<Residue SER het=  resseq=75 icode= >,3od8_B_A,2.4
574,0.0,GLU, ,N,21.68,16.94,0.0,2.67,1.0,<Residue GLU het=  resseq=76 icode= >,3od8_B_A,2.4
575,5.618,GLU, ,CA,24.14,16.08,0.0,2.94,1.0,<Residue GLU het=  resseq=76 icode= >,3od8_B_A,2.4
576,0.856,GLU, ,C,22.89,15.82,0.0,4.49,1.0,<Residue GLU het=  resseq=76 icode= >,3od8_B_A,2.4
577,21.272,GLU, ,O,24.65,15.18,0.0,3.06,1.0,<Residue GLU het=  resseq=76 icode= >,3od8_B_A,2.4
578,22.402,GLU, ,CB,23.82,14.82,0.0,2.30,1.0,<Residue GLU het=  resseq=76 icode= >,3od8_B_A,2.4
579,38.787,GLU, ,CG,26.53,15.03,0.0,2.18,1.0,<Residue GLU het=  resseq=76 icode= >,3od8_B_A,2.4
580,8.474,GLU, ,CD,35.99,15.64,0.0,2.13,1.0,<Residue GLU het=  resseq=76 icode= >,3od8_B_A,2.4
581,14.793,GLU, ,OE1,31.77,15.08,0.0,2.40,1.0,<Residue GLU het=  resseq=76 icode= >,3od8_B_A,2.4
582,21.263,GLU, ,OE2,41.77,16.79,0.0,1.46,1.0,<Residue GLU het=  resseq=76 icode= >,3od8_B_A,2.4
583,0.0,LEU, ,N,22.59,16.21,0.0,3.08,1.0,<Residue LEU het=  resseq=77 icode= >,3od8_B_A,2.4
584,0.0,LEU, ,CA,20.67,16.10,0.0,3.08,1.0,<Residue LEU het=  resseq=77 icode= >,3od8_B_A,2.4
585,0.658,LEU, ,C,22.88,17.36,0.0,3.92,1.0,<Residue LEU het=  resseq=77 icode= >,3od8_B_A,2.4
586,6.978,LEU, ,O,22.26,18.33,0.0,3.14,1.0,<Residue LEU het=  resseq=77 icode= >,3od8_B_A,2.4
587,0.0,LEU, ,CB,23.05,16.15,0.0,1.96,1.0,<Residue LEU het=  resseq=77 icode= >,3od8_B_A,2.4
588,0.0,LEU, ,CG,19.9,15.12,0.0,3.10,1.0,<Residue LEU het=  resseq=77 icode= >,3od8_B_A,2.4
589,0.0,LEU, ,CD1,15.9,15.72,0.0,2.37,1.0,<Residue LEU het=  resseq=77 icode= >,3od8_B_A,2.4
590,2.236,LEU, ,CD2,18.05,13.79,0.0,1.87,1.0,<Residue LEU het=  resseq=77 icode= >,3od8_B_A,2.4
591,0.214,ARG, ,N,23.1,16.39,0.0,2.49,1.0,<Residue ARG het=  resseq=78 icode= >,3od8_B_A,2.4
592,8.224,ARG, ,CA,21.81,16.67,0.0,2.43,1.0,<Residue ARG het=  resseq=78 icode= >,3od8_B_A,2.4
593,0.0,ARG, ,C,24.71,17.14,0.0,4.14,1.0,<Residue ARG het=  resseq=78 icode= >,3od8_B_A,2.4
594,0.0,ARG, ,O,24.61,16.77,0.0,2.67,1.0,<Residue ARG het=  resseq=78 icode= >,3od8_B_A,2.4
595,7.696,ARG, ,CB,18.5,15.52,0.0,2.65,1.0,<Residue ARG het=  resseq=78 icode= >,3od8_B_A,2.4
596,18.117,ARG, ,CG,23.93,15.20,0.0,2.33,1.0,<Residue ARG het=  resseq=78 icode= >,3od8_B_A,2.4
597,36.175,ARG, ,CD,31.48,14.33,0.0,1.73,1.0,<Residue ARG het=  resseq=78 icode= >,3od8_B_A,2.4
598,9.961,ARG, ,NE,33.21,12.98,0.0,1.80,1.0,<Residue ARG het=  resseq=78 icode= >,3od8_B_A,2.4
599,4.313,ARG, ,CZ,37.36,11.97,0.0,2.53,1.0,<Residue ARG het=  resseq=78 icode= >,3od8_B_A,2.4
600,29.31,ARG, ,NH1,34.09,12.25,0.0,1.66,1.0,<Residue ARG het=  resseq=78 icode= >,3od8_B_A,2.4
601,32.24,ARG, ,NH2,37.26,10.78,0.0,1.22,1.0,<Residue ARG het=  resseq=78 icode= >,3od8_B_A,2.4
602,7.672,TRP, ,N,23.79,18.10,0.0,2.82,1.0,<Residue TRP het=  resseq=79 icode= >,3od8_B_A,2.4
603,0.265,TRP, ,CA,27.24,18.82,0.0,3.04,1.0,<Residue TRP het=  resseq=79 icode= >,3od8_B_A,2.4
604,0.0,TRP, ,C,25.35,17.95,0.0,3.97,1.0,<Residue TRP het=  resseq=79 icode= >,3od8_B_A,2.4
605,0.0,TRP, ,O,28.44,18.16,0.0,3.17,1.0,<Residue TRP het=  resseq=79 icode= >,3od8_B_A,2.4
606,27.909,TRP, ,CB,24.81,19.71,0.0,2.55,1.0,<Residue TRP het=  resseq=79 icode= >,3od8_B_A,2.4
607,2.243,TRP, ,CG,23.43,20.38,0.0,3.31,1.0,<Residue TRP het=  resseq=79 icode= >,3od8_B_A,2.4
608,23.479,TRP, ,CD1,24.75,20.06,0.0,2.75,1.0,<Residue TRP het=  resseq=79 icode= >,3od8_B_A,2.4
609,2.794,TRP, ,CD2,24.95,21.60,0.0,3.23,1.0,<Residue TRP het=  resseq=79 icode= >,3od8_B_A,2.4
610,17.784,TRP, ,NE1,27.43,21.04,0.0,2.51,1.0,<Residue TRP het=  resseq=79 icode= >,3od8_B_A,2.4
611,3.051,TRP, ,CE2,29.44,21.97,0.0,3.06,1.0,<Residue TRP het=  resseq=79 icode= >,3od8_B_A,2.4
612,13.398,TRP, ,CE3,30.28,22.31,0.0,2.15,1.0,<Residue TRP het=  resseq=79 icode= >,3od8_B_A,2.4
613,20.435,TRP, ,CZ2,32.74,23.17,0.0,1.92,1.0,<Residue TRP het=  resseq=79 icode= >,3od8_B_A,2.4
614,24.891,TRP, ,CZ3,37.3,23.45,0.0,1.12,1.0,<Residue TRP het=  resseq=79 icode= >,3od8_B_A,2.4
615,32.467,TRP, ,CH2,34.08,23.93,0.0,1.84,1.0,<Residue TRP het=  resseq=79 icode= >,3od8_B_A,2.4
616,1.152,ASP, ,N,24.03,16.82,0.0,3.34,1.0,<Residue ASP het=  resseq=80 icode= >,3od8_B_A,2.4
617,1.258,ASP, ,CA,29.49,15.68,0.0,2.73,1.0,<Residue ASP het=  resseq=80 icode= >,3od8_B_A,2.4
618,0.37,ASP, ,C,27.43,15.29,0.0,4.00,1.0,<Residue ASP het=  resseq=80 icode= >,3od8_B_A,2.4
619,6.268,ASP, ,O,26.34,15.12,0.0,3.29,1.0,<Residue ASP het=  resseq=80 icode= >,3od8_B_A,2.4
620,13.863,ASP, ,CB,33.08,14.45,0.0,1.62,1.0,<Residue ASP het=  resseq=80 icode= >,3od8_B_A,2.4
621,13.711,ASP, ,CG,54.7,14.34,0.0,1.56,1.0,<Residue ASP het=  resseq=80 icode= >,3od8_B_A,2.4
622,34.5,ASP, ,OD1,50.12,14.78,0.0,0.51,1.0,<Residue ASP het=  resseq=80 icode= >,3od8_B_A,2.4
623,42.543,ASP, ,OD2,57.29,13.99,0.0,1.00,1.0,<Residue ASP het=  resseq=80 icode= >,3od8_B_A,2.4
624,0.0,ASP, ,N,26.73,15.02,0.0,2.31,1.0,<Residue ASP het=  resseq=81 icode= >,3od8_B_A,2.4
625,0.0,ASP, ,CA,27.16,14.47,0.0,2.24,1.0,<Residue ASP het=  resseq=81 icode= >,3od8_B_A,2.4
626,0.0,ASP, ,C,25.1,15.65,0.0,4.24,1.0,<Residue ASP het=  resseq=81 icode= >,3od8_B_A,2.4
627,0.0,ASP, ,O,25.59,15.62,0.0,3.25,1.0,<Residue ASP het=  resseq=81 icode= >,3od8_B_A,2.4
628,0.0,ASP, ,CB,24.73,13.60,0.0,2.14,1.0,<Residue ASP het=  resseq=81 icode= >,3od8_B_A,2.4
629,1.296,ASP, ,CG,25.63,12.30,0.0,4.28,1.0,<Residue ASP het=  resseq=81 icode= >,3od8_B_A,2.4
630,1.11,ASP, ,OD1,27.76,11.89,0.0,3.11,1.0,<Residue ASP het=  resseq=81 icode= >,3od8_B_A,2.4
631,12.008,ASP, ,OD2,27.72,11.80,0.0,2.62,1.0,<Residue ASP het=  resseq=81 icode= >,3od8_B_A,2.4
632,0.0,GLN, ,N,24.54,16.81,0.0,2.54,1.0,<Residue GLN het=  resseq=82 icode= >,3od8_B_A,2.4
633,0.0,GLN, ,CA,23.79,18.04,0.0,2.74,1.0,<Residue GLN het=  resseq=82 icode= >,3od8_B_A,2.4
634,0.0,GLN, ,C,30.48,18.43,0.0,3.26,1.0,<Residue GLN het=  resseq=82 icode= >,3od8_B_A,2.4
635,0.0,GLN, ,O,27.67,18.86,0.0,2.78,1.0,<Residue GLN het=  resseq=82 icode= >,3od8_B_A,2.4
636,0.812,GLN, ,CB,22.78,19.21,0.0,2.21,1.0,<Residue GLN het=  resseq=82 icode= >,3od8_B_A,2.4
637,0.0,GLN, ,CG,25.06,19.13,0.0,2.32,1.0,<Residue GLN het=  resseq=82 icode= >,3od8_B_A,2.4
638,0.0,GLN, ,CD,21.42,20.52,0.0,4.21,1.0,<Residue GLN het=  resseq=82 icode= >,3od8_B_A,2.4
639,10.483,GLN, ,OE1,25.33,21.51,0.0,2.57,1.0,<Residue GLN het=  resseq=82 icode= >,3od8_B_A,2.4
640,10.941,GLN, ,NE2,18.94,20.66,0.0,3.13,1.0,<Residue GLN het=  resseq=82 icode= >,3od8_B_A,2.4
641,0.0,GLN, ,N,28.55,18.04,0.0,2.34,1.0,<Residue GLN het=  resseq=83 icode= >,3od8_B_A,2.4
642,0.515,GLN, ,CA,30.6,18.16,0.0,2.34,1.0,<Residue GLN het=  resseq=83 icode= >,3od8_B_A,2.4
643,1.317,GLN, ,C,30.93,17.15,0.0,3.67,1.0,<Residue GLN het=  resseq=83 icode= >,3od8_B_A,2.4
644,1.798,GLN, ,O,31.72,17.56,0.0,2.59,1.0,<Residue GLN het=  resseq=83 icode= >,3od8_B_A,2.4
645,22.871,GLN, ,CB,30.32,18.20,0.0,1.92,1.0,<Residue GLN het=  resseq=83 icode= >,3od8_B_A,2.4
646,7.041,GLN, ,CG,29.45,19.30,0.0,2.01,1.0,<Residue GLN het=  resseq=83 icode= >,3od8_B_A,2.4
647,1.343,GLN, ,CD,44.23,20.69,0.0,1.84,1.0,<Residue GLN het=  resseq=83 icode= >,3od8_B_A,2.4
648,3.26,GLN, ,OE1,48.54,21.11,0.0,1.22,1.0,<Residue GLN het=  resseq=83 icode= >,3od8_B_A,2.4
649,42.27,GLN, ,NE2,49.02,21.50,0.0,0.03,1.0,<Residue GLN het=  resseq=83 icode= >,3od8_B_A,2.4
650,0.942,LYS, ,N,26.39,15.94,0.0,2.90,1.0,<Residue LYS het=  resseq=84 icode= >,3od8_B_A,2.4
651,5.943,LYS, ,CA,28.42,14.98,0.0,2.95,1.0,<Residue LYS het=  resseq=84 icode= >,3od8_B_A,2.4
652,0.0,LYS, ,C,28.86,15.60,0.0,3.30,1.0,<Residue LYS het=  resseq=84 icode= >,3od8_B_A,2.4
653,0.0,LYS, ,O,32.64,14.93,0.0,2.55,1.0,<Residue LYS het=  resseq=84 icode= >,3od8_B_A,2.4
654,5.333,LYS, ,CB,26.48,13.62,0.0,2.03,1.0,<Residue LYS het=  resseq=84 icode= >,3od8_B_A,2.4
655,5.181,LYS, ,CG,27.44,12.65,0.0,2.12,1.0,<Residue LYS het=  resseq=84 icode= >,3od8_B_A,2.4
656,30.576,LYS, ,CD,31.36,11.22,0.0,1.93,1.0,<Residue LYS het=  resseq=84 icode= >,3od8_B_A,2.4
657,10.824,LYS, ,CE,26.55,10.90,0.0,2.16,1.0,<Residue LYS het=  resseq=84 icode= >,3od8_B_A,2.4
658,28.431,LYS, ,NZ,28.5,9.70,0.0,1.51,1.0,<Residue LYS het=  resseq=84 icode= >,3od8_B_A,2.4
659,0.0,VAL, ,N,28.19,16.12,0.0,2.67,1.0,<Residue VAL het=  resseq=85 icode= >,3od8_B_A,2.4
660,0.0,VAL, ,CA,25.13,16.90,0.0,2.98,1.0,<Residue VAL het=  resseq=85 icode= >,3od8_B_A,2.4
661,0.0,VAL, ,C,27.14,16.99,0.0,3.98,1.0,<Residue VAL het=  resseq=85 icode= >,3od8_B_A,2.4
662,0.0,VAL, ,O,30.09,16.38,0.0,3.07,1.0,<Residue VAL het=  resseq=85 icode= >,3od8_B_A,2.4
663,0.0,VAL, ,CB,19.85,17.11,0.0,3.46,1.0,<Residue VAL het=  resseq=85 icode= >,3od8_B_A,2.4
664,0.0,VAL, ,CG1,20.26,18.13,0.0,2.03,1.0,<Residue VAL het=  resseq=85 icode= >,3od8_B_A,2.4
665,0.0,VAL, ,CG2,21.7,15.79,0.0,1.37,1.0,<Residue VAL het=  resseq=85 icode= >,3od8_B_A,2.4
666,0.0,LYS, ,N,28.39,17.88,0.0,3.07,1.0,<Residue LYS het=  resseq=86 icode= >,3od8_B_A,2.4
667,0.0,LYS, ,CA,31.72,18.25,0.0,2.72,1.0,<Residue LYS het=  resseq=86 icode= >,3od8_B_A,2.4
668,0.0,LYS, ,C,36.1,17.14,0.0,3.11,1.0,<Residue LYS het=  resseq=86 icode= >,3od8_B_A,2.4
669,0.0,LYS, ,O,36.74,17.03,0.0,2.70,1.0,<Residue LYS het=  resseq=86 icode= >,3od8_B_A,2.4
670,0.269,LYS, ,CB,36.7,19.44,0.0,1.37,1.0,<Residue LYS het=  resseq=86 icode= >,3od8_B_A,2.4
671,5.221,LYS, ,CG,47.29,20.08,0.0,0.60,1.0,<Residue LYS het=  resseq=86 icode= >,3od8_B_A,2.4
672,31.152,LYS, ,CD,48.66,21.28,0.0,0.70,1.0,<Residue LYS het=  resseq=86 icode= >,3od8_B_A,2.4
673,21.416,LYS, ,CE,55.24,22.19,0.0,0.25,1.0,<Residue LYS het=  resseq=86 icode= >,3od8_B_A,2.4
674,4.139,LYS, ,NZ,49.73,22.50,0.0,-0.08,1.0,<Residue LYS het=  resseq=86 icode= >,3od8_B_A,2.4
675,0.469,LYS, ,N,36.28,16.44,0.0,2.28,1.0,<Residue LYS het=  resseq=87 icode= >,3od8_B_A,2.4
676,0.609,LYS, ,CA,35.97,15.40,0.0,2.36,1.0,<Residue LYS het=  resseq=87 icode= >,3od8_B_A,2.4
677,0.0,LYS, ,C,37.12,14.20,0.0,3.29,1.0,<Residue LYS het=  resseq=87 icode= >,3od8_B_A,2.4
678,0.301,LYS, ,O,39.78,13.75,0.0,1.89,1.0,<Residue LYS het=  resseq=87 icode= >,3od8_B_A,2.4
679,2.06,LYS, ,CB,37.95,15.07,0.0,1.86,1.0,<Residue LYS het=  resseq=87 icode= >,3od8_B_A,2.4
680,25.151,LYS, ,CG,45.64,14.00,0.0,1.59,1.0,<Residue LYS het=  resseq=87 icode= >,3od8_B_A,2.4
681,28.386,LYS, ,CD,56.11,14.56,0.0,0.63,1.0,<Residue LYS het=  resseq=87 icode= >,3od8_B_A,2.4
682,34.404,LYS, ,CE,66.34,15.96,0.0,0.28,1.0,<Residue LYS het=  resseq=87 icode= >,3od8_B_A,2.4
683,43.803,LYS, ,NZ,71.31,16.11,0.0,0.04,1.0,<Residue LYS het=  resseq=87 icode= >,3od8_B_A,2.4
684,0.0,THR, ,N,31.56,13.83,0.0,2.91,1.0,<Residue THR het=  resseq=88 icode= >,3od8_B_A,2.4
685,2.656,THR, ,CA,30.97,12.77,0.0,2.54,1.0,<Residue THR het=  resseq=88 icode= >,3od8_B_A,2.4
686,0.0,THR, ,C,34.87,13.27,0.0,2.93,1.0,<Residue THR het=  resseq=88 icode= >,3od8_B_A,2.4
687,3.695,THR, ,O,38.73,12.50,0.0,1.62,1.0,<Residue THR het=  resseq=88 icode= >,3od8_B_A,2.4
688,0.0,THR, ,CB,29.02,12.50,0.0,2.76,1.0,<Residue THR het=  resseq=88 icode= >,3od8_B_A,2.4
689,10.101,THR, ,OG1,26.91,12.30,0.0,2.47,1.0,<Residue THR het=  resseq=88 icode= >,3od8_B_A,2.4
690,22.029,THR, ,CG2,21.76,11.39,0.0,2.41,1.0,<Residue THR het=  resseq=88 icode= >,3od8_B_A,2.4
691,0.0,ALA, ,N,30.97,14.59,0.0,3.19,1.0,<Residue ALA het=  resseq=89 icode= >,3od8_B_A,2.4
692,0.0,ALA, ,CA,34.57,15.18,0.0,2.72,1.0,<Residue ALA het=  resseq=89 icode= >,3od8_B_A,2.4
693,0.171,ALA, ,C,42.82,15.03,0.0,2.67,1.0,<Residue ALA het=  resseq=89 icode= >,3od8_B_A,2.4
694,16.534,ALA, ,O,42.35,14.73,0.0,1.77,1.0,<Residue ALA het=  resseq=89 icode= >,3od8_B_A,2.4
695,0.0,ALA, ,CB,33.33,16.68,0.0,1.43,1.0,<Residue ALA het=  resseq=89 icode= >,3od8_B_A,2.4
696,0.0,GLU, ,N,43.87,15.41,0.0,1.71,1.0,<Residue GLU het=  resseq=90 icode= >,3od8_B_A,2.4
697,9.57,GLU, ,CA,48.44,15.46,0.0,1.88,1.0,<Residue GLU het=  resseq=90 icode= >,3od8_B_A,2.4
698,1.15,GLU, ,C,47.98,14.11,0.0,2.51,1.0,<Residue GLU het=  resseq=90 icode= >,3od8_B_A,2.4
699,29.655,GLU, ,O,52.93,14.10,0.0,1.15,1.0,<Residue GLU het=  resseq=90 icode= >,3od8_B_A,2.4
700,17.112,GLU, ,CB,48.13,16.18,0.0,1.54,1.0,<Residue GLU het=  resseq=90 icode= >,3od8_B_A,2.4
701,16.192,GLU, ,CG,55.38,17.58,0.0,0.43,1.0,<Residue GLU het=  resseq=90 icode= >,3od8_B_A,2.4
702,7.535,GLU, ,CD,60.52,18.26,0.0,1.36,1.0,<Residue GLU het=  resseq=90 icode= >,3od8_B_A,2.4
703,15.183,GLU, ,OE1,56.62,17.62,0.0,1.27,1.0,<Residue GLU het=  resseq=90 icode= >,3od8_B_A,2.4
704,26.919,GLU, ,OE2,60.7,19.51,0.0,0.87,1.0,<Residue GLU het=  resseq=90 icode= >,3od8_B_A,2.4
705,0.678,ALA, ,N,43.41,13.07,0.0,2.41,1.0,<Residue ALA het=  resseq=91 icode= >,3od8_B_A,2.4
706,11.454,ALA, ,CA,45.06,11.73,0.0,2.16,1.0,<Residue ALA het=  resseq=91 icode= >,3od8_B_A,2.4
707,17.316,ALA, ,C,51.49,11.27,0.0,1.54,1.0,<Residue ALA het=  resseq=91 icode= >,3od8_B_A,2.4
708,40.131,ALA, ,O,57.98,10.43,0.0,1.10,1.0,<Residue ALA het=  resseq=91 icode= >,3od8_B_A,2.4
709,46.639,ALA, ,CB,37.04,10.85,0.0,1.60,1.0,<Residue ALA het=  resseq=91 icode= >,3od8_B_A,2.4
