,ASA,aa,altloc,atom,bfac,d2r,dASA,dens,occ,residue,id,resolu
0,23.192,PRO, ,N,98.88,10.23,2.106,2.30,1.0,<Residue PRO het=  resseq=2 icode= >,3on0_A_A,2.874
1,16.822,PRO, ,CA,94.53,10.33,0.0,2.17,1.0,<Residue PRO het=  resseq=2 icode= >,3on0_A_A,2.874
2,3.058,PRO, ,C,90.71,9.69,2.345,3.08,1.0,<Residue PRO het=  resseq=2 icode= >,3on0_A_A,2.874
3,24.832,PRO, ,O,88.98,9.52,24.832,1.35,1.0,<Residue PRO het=  resseq=2 icode= >,3on0_A_A,2.874
4,32.498,PRO, ,CB,91.19,11.85,27.221,1.19,1.0,<Residue PRO het=  resseq=2 icode= >,3on0_A_A,2.874
5,43.548,PRO, ,CG,94.74,12.48,34.986,1.33,1.0,<Residue PRO het=  resseq=2 icode= >,3on0_A_A,2.874
6,46.615,PRO, ,CD,98.15,11.57,35.107,1.53,1.0,<Residue PRO het=  resseq=2 icode= >,3on0_A_A,2.874
7,6.807,LYS, ,N,89.88,9.31,0.172,2.12,1.0,<Residue LYS het=  resseq=3 icode= >,3on0_A_A,2.874
8,4.735,LYS, ,CA,87.49,8.59,4.735,2.46,1.0,<Residue LYS het=  resseq=3 icode= >,3on0_A_A,2.874
9,0.0,LYS, ,C,82.97,9.14,0.0,3.67,1.0,<Residue LYS het=  resseq=3 icode= >,3on0_A_A,2.874
10,22.895,LYS, ,O,83.03,9.92,9.522,1.63,1.0,<Residue LYS het=  resseq=3 icode= >,3on0_A_A,2.874
11,25.864,LYS, ,CB,90.95,7.43,10.196,1.71,1.0,<Residue LYS het=  resseq=3 icode= >,3on0_A_A,2.874
12,9.309,LYS, ,CG,89.09,6.40,8.436,0.96,1.0,<Residue LYS het=  resseq=3 icode= >,3on0_A_A,2.874
13,30.86,LYS, ,CD,93.39,5.31,18.932,0.47,1.0,<Residue LYS het=  resseq=3 icode= >,3on0_A_A,2.874
14,26.223,LYS, ,CE,91.63,4.70,26.223,0.33,1.0,<Residue LYS het=  resseq=3 icode= >,3on0_A_A,2.874
15,42.829,LYS, ,NZ,96.54,3.84,24.05,0.58,1.0,<Residue LYS het=  resseq=3 icode= >,3on0_A_A,2.874
16,5.222,ILE, ,N,80.34,8.98,5.222,2.92,1.0,<Residue ILE het=  resseq=4 icode= >,3on0_A_A,2.874
17,2.519,ILE, ,CA,77.42,9.75,2.271,3.03,1.0,<Residue ILE het=  resseq=4 icode= >,3on0_A_A,2.874
18,0.0,ILE, ,C,77.32,9.04,0.0,3.09,1.0,<Residue ILE het=  resseq=4 icode= >,3on0_A_A,2.874
19,21.419,ILE, ,O,78.19,8.23,21.419,0.68,1.0,<Residue ILE het=  resseq=4 icode= >,3on0_A_A,2.874
20,6.665,ILE, ,CB,75.17,10.83,6.665,2.09,1.0,<Residue ILE het=  resseq=4 icode= >,3on0_A_A,2.874
21,19.505,ILE, ,CG1,75.56,11.94,19.505,1.27,1.0,<Residue ILE het=  resseq=4 icode= >,3on0_A_A,2.874
22,13.993,ILE, ,CG2,72.72,11.52,13.983,0.48,1.0,<Residue ILE het=  resseq=4 icode= >,3on0_A_A,2.874
23,50.214,ILE, ,CD1,73.37,13.12,50.214,-0.32,1.0,<Residue ILE het=  resseq=4 icode= >,3on0_A_A,2.874
24,5.129,GLN, ,N,76.89,8.66,2.587,2.58,1.0,<Residue GLN het=  resseq=5 icode= >,3on0_A_A,2.874
25,5.45,GLN, ,CA,77.02,7.77,5.45,3.56,1.0,<Residue GLN het=  resseq=5 icode= >,3on0_A_A,2.874
26,0.015,GLN, ,C,75.3,8.77,0.015,4.05,1.0,<Residue GLN het=  resseq=5 icode= >,3on0_A_A,2.874
27,17.806,GLN, ,O,75.21,9.39,14.19,2.41,1.0,<Residue GLN het=  resseq=5 icode= >,3on0_A_A,2.874
28,11.644,GLN, ,CB,79.08,6.74,4.815,3.17,1.0,<Residue GLN het=  resseq=5 icode= >,3on0_A_A,2.874
29,7.995,GLN, ,CG,81.42,5.97,7.626,2.12,1.0,<Residue GLN het=  resseq=5 icode= >,3on0_A_A,2.874
30,4.911,GLN, ,CD,84.62,5.44,0.713,2.70,1.0,<Residue GLN het=  resseq=5 icode= >,3on0_A_A,2.874
31,26.706,GLN, ,OE1,85.59,4.67,13.575,1.72,1.0,<Residue GLN het=  resseq=5 icode= >,3on0_A_A,2.874
32,49.704,GLN, ,NE2,86.59,6.22,0.0,0.82,1.0,<Residue GLN het=  resseq=5 icode= >,3on0_A_A,2.874
33,3.868,THR, ,N,74.88,9.19,3.868,3.57,1.0,<Residue THR het=  resseq=6 icode= >,3on0_A_A,2.874
34,1.228,THR, ,CA,75.13,10.22,1.228,3.53,1.0,<Residue THR het=  resseq=6 icode= >,3on0_A_A,2.874
35,0.212,THR, ,C,77.36,9.90,0.212,2.75,1.0,<Residue THR het=  resseq=6 icode= >,3on0_A_A,2.874
36,19.377,THR, ,O,78.49,9.27,19.377,1.22,1.0,<Residue THR het=  resseq=6 icode= >,3on0_A_A,2.874
37,0.271,THR, ,CB,74.08,11.45,0.271,3.19,1.0,<Residue THR het=  resseq=6 icode= >,3on0_A_A,2.874
38,22.768,THR, ,OG1,74.74,10.55,20.85,0.60,1.0,<Residue THR het=  resseq=6 icode= >,3on0_A_A,2.874
39,51.104,THR, ,CG2,72.89,12.56,51.104,1.31,1.0,<Residue THR het=  resseq=6 icode= >,3on0_A_A,2.874
40,3.883,TYR, ,N,78.6,10.50,3.883,2.58,1.0,<Residue TYR het=  resseq=7 icode= >,3on0_A_A,2.874
41,3.283,TYR, ,CA,81.19,10.35,3.283,3.34,1.0,<Residue TYR het=  resseq=7 icode= >,3on0_A_A,2.874
42,0.99,TYR, ,C,81.81,11.58,0.0,3.43,1.0,<Residue TYR het=  resseq=7 icode= >,3on0_A_A,2.874
43,27.599,TYR, ,O,82.37,12.67,10.509,2.56,1.0,<Residue TYR het=  resseq=7 icode= >,3on0_A_A,2.874
44,28.959,TYR, ,CB,83.44,10.36,3.465,2.17,1.0,<Residue TYR het=  resseq=7 icode= >,3on0_A_A,2.874
45,2.535,TYR, ,CG,84.57,9.15,0.0,3.20,1.0,<Residue TYR het=  resseq=7 icode= >,3on0_A_A,2.874
46,25.031,TYR, ,CD1,87.11,8.08,9.755,1.84,1.0,<Residue TYR het=  resseq=7 icode= >,3on0_A_A,2.874
47,17.195,TYR, ,CD2,84.25,8.91,8.179,1.98,1.0,<Residue TYR het=  resseq=7 icode= >,3on0_A_A,2.874
48,33.935,TYR, ,CE1,88.98,6.83,17.511,1.84,1.0,<Residue TYR het=  resseq=7 icode= >,3on0_A_A,2.874
49,20.957,TYR, ,CE2,85.54,7.69,1.512,2.81,1.0,<Residue TYR het=  resseq=7 icode= >,3on0_A_A,2.874
50,6.12,TYR, ,CZ,88.22,6.55,1.586,3.73,1.0,<Residue TYR het=  resseq=7 icode= >,3on0_A_A,2.874
51,29.618,TYR, ,OH,90.76,5.31,10.798,2.10,1.0,<Residue TYR het=  resseq=7 icode= >,3on0_A_A,2.874
52,1.653,VAL, ,N,82.56,11.52,1.653,1.95,1.0,<Residue VAL het=  resseq=8 icode= >,3on0_A_A,2.874
53,5.798,VAL, ,CA,84.15,12.40,4.573,2.35,1.0,<Residue VAL het=  resseq=8 icode= >,3on0_A_A,2.874
54,3.527,VAL, ,C,88.44,12.45,0.0,2.73,1.0,<Residue VAL het=  resseq=8 icode= >,3on0_A_A,2.874
55,23.052,VAL, ,O,89.83,11.73,18.58,1.68,1.0,<Residue VAL het=  resseq=8 icode= >,3on0_A_A,2.874
56,0.613,VAL, ,CB,82.93,12.04,0.613,2.25,1.0,<Residue VAL het=  resseq=8 icode= >,3on0_A_A,2.874
57,25.266,VAL, ,CG1,79.89,12.16,25.262,-0.36,1.0,<Residue VAL het=  resseq=8 icode= >,3on0_A_A,2.874
58,10.744,VAL, ,CG2,84.2,10.71,10.744,0.63,1.0,<Residue VAL het=  resseq=8 icode= >,3on0_A_A,2.874
59,4.023,ASN, ,N,91.23,13.45,0.247,2.39,1.0,<Residue ASN het=  resseq=9 icode= >,3on0_A_A,2.874
60,8.424,ASN, ,CA,96.43,13.78,2.096,2.30,1.0,<Residue ASN het=  resseq=9 icode= >,3on0_A_A,2.874
61,0.833,ASN, ,C,97.67,13.10,0.833,3.15,1.0,<Residue ASN het=  resseq=9 icode= >,3on0_A_A,2.874
62,0.0,ASN, ,O,94.73,12.47,0.0,2.00,1.0,<Residue ASN het=  resseq=9 icode= >,3on0_A_A,2.874
63,31.005,ASN, ,CB,100.33,15.30,0.0,1.50,1.0,<Residue ASN het=  resseq=9 icode= >,3on0_A_A,2.874
64,1.711,ASN, ,CG,100.72,15.87,0.0,2.95,1.0,<Residue ASN het=  resseq=9 icode= >,3on0_A_A,2.874
65,0.0,ASN, ,OD1,101.64,15.37,0.0,2.56,1.0,<Residue ASN het=  resseq=9 icode= >,3on0_A_A,2.874
66,45.94,ASN, ,ND2,101.55,16.49,12.42,2.02,1.0,<Residue ASN het=  resseq=9 icode= >,3on0_A_A,2.874
67,3.547,ASN, ,N,102.57,13.41,0.84,1.87,1.0,<Residue ASN het=  resseq=10 icode= >,3on0_A_A,2.874
68,0.456,ASN, ,CA,104.66,12.94,0.099,1.92,1.0,<Residue ASN het=  resseq=10 icode= >,3on0_A_A,2.874
69,1.002,ASN, ,C,105.49,13.47,0.0,2.60,1.0,<Residue ASN het=  resseq=10 icode= >,3on0_A_A,2.874
70,0.573,ASN, ,O,104.85,12.90,0.0,1.85,1.0,<Residue ASN het=  resseq=10 icode= >,3on0_A_A,2.874
71,26.621,ASN, ,CB,110.37,13.50,0.0,1.42,1.0,<Residue ASN het=  resseq=10 icode= >,3on0_A_A,2.874
72,7.078,ASN, ,CG,110.12,12.83,1.623,1.88,1.0,<Residue ASN het=  resseq=10 icode= >,3on0_A_A,2.874
73,33.293,ASN, ,OD1,106.5,11.62,17.117,0.61,1.0,<Residue ASN het=  resseq=10 icode= >,3on0_A_A,2.874
74,57.898,ASN, ,ND2,115.05,13.73,0.966,0.53,1.0,<Residue ASN het=  resseq=10 icode= >,3on0_A_A,2.874
75,2.63,ASN, ,N,107.61,14.68,0.0,3.57,1.0,<Residue ASN het=  resseq=11 icode= >,3on0_A_A,2.874
76,3.236,ASN, ,CA,109.05,15.38,0.0,3.68,1.0,<Residue ASN het=  resseq=11 icode= >,3on0_A_A,2.874
77,0.0,ASN, ,C,104.04,14.66,0.0,2.78,1.0,<Residue ASN het=  resseq=11 icode= >,3on0_A_A,2.874
78,0.034,ASN, ,O,104.76,14.35,0.0,2.10,1.0,<Residue ASN het=  resseq=11 icode= >,3on0_A_A,2.874
79,3.382,ASN, ,CB,110.91,16.66,0.0,2.23,1.0,<Residue ASN het=  resseq=11 icode= >,3on0_A_A,2.874
80,8.588,ASN, ,CG,120.07,17.82,0.0,1.02,1.0,<Residue ASN het=  resseq=11 icode= >,3on0_A_A,2.874
81,32.517,ASN, ,OD1,125.54,17.75,0.0,0.33,1.0,<Residue ASN het=  resseq=11 icode= >,3on0_A_A,2.874
82,56.458,ASN, ,ND2,125.03,19.00,0.0,0.28,1.0,<Residue ASN het=  resseq=11 icode= >,3on0_A_A,2.874
83,0.0,VAL, ,N,99.65,14.60,0.0,1.94,1.0,<Residue VAL het=  resseq=12 icode= >,3on0_A_A,2.874
84,1.714,VAL, ,CA,95.31,14.09,1.714,2.80,1.0,<Residue VAL het=  resseq=12 icode= >,3on0_A_A,2.874
85,0.0,VAL, ,C,94.61,12.78,0.0,3.45,1.0,<Residue VAL het=  resseq=12 icode= >,3on0_A_A,2.874
86,0.0,VAL, ,O,95.03,12.42,0.0,1.37,1.0,<Residue VAL het=  resseq=12 icode= >,3on0_A_A,2.874
87,0.0,VAL, ,CB,91.45,14.02,0.0,0.99,1.0,<Residue VAL het=  resseq=12 icode= >,3on0_A_A,2.874
88,18.173,VAL, ,CG1,87.39,13.21,18.173,-0.68,1.0,<Residue VAL het=  resseq=12 icode= >,3on0_A_A,2.874
89,36.58,VAL, ,CG2,92.54,15.43,32.772,0.02,1.0,<Residue VAL het=  resseq=12 icode= >,3on0_A_A,2.874
90,0.0,TYR, ,N,94.23,11.80,0.0,2.57,1.0,<Residue TYR het=  resseq=13 icode= >,3on0_A_A,2.874
91,0.027,TYR, ,CA,94.12,10.51,0.027,3.28,1.0,<Residue TYR het=  resseq=13 icode= >,3on0_A_A,2.874
92,0.0,TYR, ,C,98.11,10.81,0.0,2.84,1.0,<Residue TYR het=  resseq=13 icode= >,3on0_A_A,2.874
93,0.0,TYR, ,O,97.88,10.34,0.0,1.60,1.0,<Residue TYR het=  resseq=13 icode= >,3on0_A_A,2.874
94,2.189,TYR, ,CB,94.58,9.69,1.951,1.80,1.0,<Residue TYR het=  resseq=13 icode= >,3on0_A_A,2.874
95,1.224,TYR, ,CG,93.82,8.24,1.224,2.85,1.0,<Residue TYR het=  resseq=13 icode= >,3on0_A_A,2.874
96,14.932,TYR, ,CD1,96.87,7.89,3.453,1.64,1.0,<Residue TYR het=  resseq=13 icode= >,3on0_A_A,2.874
97,11.3,TYR, ,CD2,90.8,7.40,11.3,1.73,1.0,<Residue TYR het=  resseq=13 icode= >,3on0_A_A,2.874
98,23.755,TYR, ,CE1,97.24,6.66,1.847,1.85,1.0,<Residue TYR het=  resseq=13 icode= >,3on0_A_A,2.874
99,18.724,TYR, ,CE2,91.02,6.07,18.373,2.03,1.0,<Residue TYR het=  resseq=13 icode= >,3on0_A_A,2.874
100,4.644,TYR, ,CZ,94.66,5.63,1.344,3.22,1.0,<Residue TYR het=  resseq=13 icode= >,3on0_A_A,2.874
101,30.286,TYR, ,OH,96.65,4.40,11.312,1.61,1.0,<Residue TYR het=  resseq=13 icode= >,3on0_A_A,2.874
102,0.0,GLU, ,N,102.39,11.70,0.0,2.39,1.0,<Residue GLU het=  resseq=14 icode= >,3on0_A_A,2.874
103,0.284,GLU, ,CA,107.25,12.27,0.0,2.19,1.0,<Residue GLU het=  resseq=14 icode= >,3on0_A_A,2.874
104,0.0,GLU, ,C,106.87,12.40,0.0,3.12,1.0,<Residue GLU het=  resseq=14 icode= >,3on0_A_A,2.874
105,0.0,GLU, ,O,108.57,11.77,0.0,1.68,1.0,<Residue GLU het=  resseq=14 icode= >,3on0_A_A,2.874
106,2.764,GLU, ,CB,112.49,13.45,0.0,0.91,1.0,<Residue GLU het=  resseq=14 icode= >,3on0_A_A,2.874
107,25.968,GLU, ,CG,117.18,13.29,0.0,0.68,1.0,<Residue GLU het=  resseq=14 icode= >,3on0_A_A,2.874
108,12.971,GLU, ,CD,126.04,14.58,0.0,0.68,1.0,<Residue GLU het=  resseq=14 icode= >,3on0_A_A,2.874
109,29.301,GLU, ,OE1,128.12,15.54,0.0,0.55,1.0,<Residue GLU het=  resseq=14 icode= >,3on0_A_A,2.874
110,42.068,GLU, ,OE2,131.49,14.74,0.0,0.28,1.0,<Residue GLU het=  resseq=14 icode= >,3on0_A_A,2.874
111,0.0,GLN, ,N,105.37,13.08,0.0,2.97,1.0,<Residue GLN het=  resseq=15 icode= >,3on0_A_A,2.874
112,5.376,GLN, ,CA,105.44,13.25,0.0,3.21,1.0,<Residue GLN het=  resseq=15 icode= >,3on0_A_A,2.874
113,0.0,GLN, ,C,102.46,11.98,0.0,3.01,1.0,<Residue GLN het=  resseq=15 icode= >,3on0_A_A,2.874
114,1.985,GLN, ,O,104.84,11.97,0.0,1.45,1.0,<Residue GLN het=  resseq=15 icode= >,3on0_A_A,2.874
115,8.982,GLN, ,CB,103.84,14.11,8.037,2.71,1.0,<Residue GLN het=  resseq=15 icode= >,3on0_A_A,2.874
116,10.362,GLN, ,CG,107.38,15.37,0.0,1.81,1.0,<Residue GLN het=  resseq=15 icode= >,3on0_A_A,2.874
117,8.93,GLN, ,CD,109.71,16.52,3.313,1.62,1.0,<Residue GLN het=  resseq=15 icode= >,3on0_A_A,2.874
118,27.157,GLN, ,OE1,109.52,17.20,6.106,0.78,1.0,<Residue GLN het=  resseq=15 icode= >,3on0_A_A,2.874
119,52.624,GLN, ,NE2,112.78,16.85,11.006,0.36,1.0,<Residue GLN het=  resseq=15 icode= >,3on0_A_A,2.874
120,0.0,ILE, ,N,97.69,11.03,0.0,2.37,1.0,<Residue ILE het=  resseq=16 icode= >,3on0_A_A,2.874
121,0.0,ILE, ,CA,95.56,9.84,0.0,2.41,1.0,<Residue ILE het=  resseq=16 icode= >,3on0_A_A,2.874
122,0.0,ILE, ,C,98.28,8.95,0.0,2.62,1.0,<Residue ILE het=  resseq=16 icode= >,3on0_A_A,2.874
123,0.0,ILE, ,O,100.55,8.73,0.0,1.31,1.0,<Residue ILE het=  resseq=16 icode= >,3on0_A_A,2.874
124,0.0,ILE, ,CB,91.21,9.22,0.0,1.14,1.0,<Residue ILE het=  resseq=16 icode= >,3on0_A_A,2.874
125,2.163,ILE, ,CG1,89.04,10.44,2.163,0.68,1.0,<Residue ILE het=  resseq=16 icode= >,3on0_A_A,2.874
126,0.0,ILE, ,CG2,90.0,8.17,0.0,0.27,1.0,<Residue ILE het=  resseq=16 icode= >,3on0_A_A,2.874
127,18.525,ILE, ,CD1,85.2,10.14,18.525,-0.87,1.0,<Residue ILE het=  resseq=16 icode= >,3on0_A_A,2.874
128,0.0,THR, ,N,98.54,8.70,0.0,1.89,1.0,<Residue THR het=  resseq=17 icode= >,3on0_A_A,2.874
129,0.604,THR, ,CA,101.73,8.10,0.0,2.13,1.0,<Residue THR het=  resseq=17 icode= >,3on0_A_A,2.874
130,1.075,THR, ,C,106.5,9.01,0.0,2.81,1.0,<Residue THR het=  resseq=17 icode= >,3on0_A_A,2.874
131,2.738,THR, ,O,109.68,8.75,0.0,1.81,1.0,<Residue THR het=  resseq=17 icode= >,3on0_A_A,2.874
132,17.418,THR, ,CB,102.34,8.30,0.0,1.97,1.0,<Residue THR het=  resseq=17 icode= >,3on0_A_A,2.874
133,10.409,THR, ,OG1,105.21,9.71,0.0,1.12,1.0,<Residue THR het=  resseq=17 icode= >,3on0_A_A,2.874
134,12.596,THR, ,CG2,97.87,7.66,0.0,-0.07,1.0,<Residue THR het=  resseq=17 icode= >,3on0_A_A,2.874
135,0.0,ASP, ,N,107.68,10.26,0.0,2.24,1.0,<Residue ASP het=  resseq=18 icode= >,3on0_A_A,2.874
136,0.818,ASP, ,CA,112.88,11.30,0.0,1.96,1.0,<Residue ASP het=  resseq=18 icode= >,3on0_A_A,2.874
137,0.0,ASP, ,C,113.18,11.12,0.0,2.69,1.0,<Residue ASP het=  resseq=18 icode= >,3on0_A_A,2.874
138,0.318,ASP, ,O,117.69,11.49,0.0,1.72,1.0,<Residue ASP het=  resseq=18 icode= >,3on0_A_A,2.874
139,11.027,ASP, ,CB,114.68,12.65,0.0,1.29,1.0,<Residue ASP het=  resseq=18 icode= >,3on0_A_A,2.874
140,7.843,ASP, ,CG,118.9,13.44,0.0,1.42,1.0,<Residue ASP het=  resseq=18 icode= >,3on0_A_A,2.874
141,30.38,ASP, ,OD1,122.41,14.59,0.0,0.99,1.0,<Residue ASP het=  resseq=18 icode= >,3on0_A_A,2.874
142,27.61,ASP, ,OD2,120.22,13.04,0.0,1.09,1.0,<Residue ASP het=  resseq=18 icode= >,3on0_A_A,2.874
143,0.0,LEU, ,N,108.98,10.78,0.0,2.25,1.0,<Residue LEU het=  resseq=19 icode= >,3on0_A_A,2.874
144,0.0,LEU, ,CA,109.6,10.85,0.0,3.13,1.0,<Residue LEU het=  resseq=19 icode= >,3on0_A_A,2.874
145,0.0,LEU, ,C,111.01,9.90,0.0,4.04,1.0,<Residue LEU het=  resseq=19 icode= >,3on0_A_A,2.874
146,0.0,LEU, ,O,115.52,10.44,0.0,1.19,1.0,<Residue LEU het=  resseq=19 icode= >,3on0_A_A,2.874
147,0.009,LEU, ,CB,104.93,10.88,0.0,1.26,1.0,<Residue LEU het=  resseq=19 icode= >,3on0_A_A,2.874
148,4.802,LEU, ,CG,106.13,12.34,0.0,0.55,1.0,<Residue LEU het=  resseq=19 icode= >,3on0_A_A,2.874
149,20.387,LEU, ,CD1,101.24,12.57,9.973,-0.79,1.0,<Residue LEU het=  resseq=19 icode= >,3on0_A_A,2.874
150,32.448,LEU, ,CD2,110.88,13.23,0.0,-1.02,1.0,<Residue LEU het=  resseq=19 icode= >,3on0_A_A,2.874
151,0.0,VAL, ,N,108.14,8.64,0.0,3.93,1.0,<Residue VAL het=  resseq=20 icode= >,3on0_A_A,2.874
152,0.0,VAL, ,CA,110.47,7.81,0.0,3.64,1.0,<Residue VAL het=  resseq=20 icode= >,3on0_A_A,2.874
153,0.0,VAL, ,C,117.14,8.65,0.0,2.81,1.0,<Residue VAL het=  resseq=20 icode= >,3on0_A_A,2.874
154,0.0,VAL, ,O,121.58,9.09,0.0,1.42,1.0,<Residue VAL het=  resseq=20 icode= >,3on0_A_A,2.874
155,3.735,VAL, ,CB,107.68,6.44,0.0,2.13,1.0,<Residue VAL het=  resseq=20 icode= >,3on0_A_A,2.874
156,9.534,VAL, ,CG1,110.16,5.69,0.0,1.19,1.0,<Residue VAL het=  resseq=20 icode= >,3on0_A_A,2.874
157,1.751,VAL, ,CG2,101.78,5.93,0.0,0.21,1.0,<Residue VAL het=  resseq=20 icode= >,3on0_A_A,2.874
158,0.428,THR, ,N,118.74,9.13,0.0,2.01,1.0,<Residue THR het=  resseq=21 icode= >,3on0_A_A,2.874
159,4.108,THR, ,CA,125.53,10.21,0.0,2.51,1.0,<Residue THR het=  resseq=21 icode= >,3on0_A_A,2.874
160,0.0,THR, ,C,130.05,11.30,0.0,3.44,1.0,<Residue THR het=  resseq=21 icode= >,3on0_A_A,2.874
161,0.585,THR, ,O,135.0,11.74,0.0,2.62,1.0,<Residue THR het=  resseq=21 icode= >,3on0_A_A,2.874
162,2.308,THR, ,CB,126.5,10.97,0.0,1.96,1.0,<Residue THR het=  resseq=21 icode= >,3on0_A_A,2.874
163,24.326,THR, ,OG1,123.34,10.23,0.0,0.84,1.0,<Residue THR het=  resseq=21 icode= >,3on0_A_A,2.874
164,42.88,THR, ,CG2,133.53,12.17,0.0,0.34,1.0,<Residue THR het=  resseq=21 icode= >,3on0_A_A,2.874
165,0.0,ILE, ,N,129.16,11.90,0.0,3.12,1.0,<Residue ILE het=  resseq=22 icode= >,3on0_A_A,2.874
166,0.428,ILE, ,CA,134.1,13.07,0.0,3.49,1.0,<Residue ILE het=  resseq=22 icode= >,3on0_A_A,2.874
167,0.0,ILE, ,C,136.65,12.94,0.0,3.09,1.0,<Residue ILE het=  resseq=22 icode= >,3on0_A_A,2.874
168,0.264,ILE, ,O,143.13,13.88,0.0,1.10,1.0,<Residue ILE het=  resseq=22 icode= >,3on0_A_A,2.874
169,0.0,ILE, ,CB,131.12,13.54,0.0,2.10,1.0,<Residue ILE het=  resseq=22 icode= >,3on0_A_A,2.874
170,6.405,ILE, ,CG1,130.37,13.96,0.0,1.27,1.0,<Residue ILE het=  resseq=22 icode= >,3on0_A_A,2.874
171,23.324,ILE, ,CG2,135.83,14.80,0.0,0.85,1.0,<Residue ILE het=  resseq=22 icode= >,3on0_A_A,2.874
172,57.178,ILE, ,CD1,136.56,15.20,0.0,-0.86,1.0,<Residue ILE het=  resseq=22 icode= >,3on0_A_A,2.874
173,0.0,ARG, ,N,132.42,11.92,0.0,2.10,1.0,<Residue ARG het=  resseq=23 icode= >,3on0_A_A,2.874
174,0.0,ARG, ,CA,135.28,12.00,0.0,2.56,1.0,<Residue ARG het=  resseq=23 icode= >,3on0_A_A,2.874
175,0.0,ARG, ,C,141.16,12.09,0.0,3.05,1.0,<Residue ARG het=  resseq=23 icode= >,3on0_A_A,2.874
176,0.0,ARG, ,O,147.82,13.18,0.0,1.59,1.0,<Residue ARG het=  resseq=23 icode= >,3on0_A_A,2.874
177,0.0,ARG, ,CB,129.68,10.97,0.0,1.42,1.0,<Residue ARG het=  resseq=23 icode= >,3on0_A_A,2.874
178,0.045,ARG, ,CG,125.99,11.03,0.0,0.48,1.0,<Residue ARG het=  resseq=23 icode= >,3on0_A_A,2.874
179,0.925,ARG, ,CD,130.55,12.22,0.0,0.30,1.0,<Residue ARG het=  resseq=23 icode= >,3on0_A_A,2.874
180,4.423,ARG, ,NE,127.09,12.09,0.0,0.33,1.0,<Residue ARG het=  resseq=23 icode= >,3on0_A_A,2.874
181,4.696,ARG, ,CZ,127.65,13.17,0.0,0.20,1.0,<Residue ARG het=  resseq=23 icode= >,3on0_A_A,2.874
182,46.974,ARG, ,NH1,132.33,14.40,0.0,-0.23,1.0,<Residue ARG het=  resseq=23 icode= >,3on0_A_A,2.874
183,14.456,ARG, ,NH2,123.44,13.10,0.0,-0.40,1.0,<Residue ARG het=  resseq=23 icode= >,3on0_A_A,2.874
184,0.0,LYS, ,N,139.55,11.10,0.0,2.73,1.0,<Residue LYS het=  resseq=24 icode= >,3on0_A_A,2.874
185,0.05,LYS, ,CA,145.92,11.43,0.0,2.23,1.0,<Residue LYS het=  resseq=24 icode= >,3on0_A_A,2.874
186,1.094,LYS, ,C,153.25,12.86,0.0,2.02,1.0,<Residue LYS het=  resseq=24 icode= >,3on0_A_A,2.874
187,13.733,LYS, ,O,160.18,13.70,0.0,1.63,1.0,<Residue LYS het=  resseq=24 icode= >,3on0_A_A,2.874
188,16.33,LYS, ,CB,143.89,10.60,0.0,1.68,1.0,<Residue LYS het=  resseq=24 icode= >,3on0_A_A,2.874
189,0.0,LYS, ,CG,137.95,9.13,0.0,1.15,1.0,<Residue LYS het=  resseq=24 icode= >,3on0_A_A,2.874
190,26.195,LYS, ,CD,138.86,8.61,0.0,0.81,1.0,<Residue LYS het=  resseq=24 icode= >,3on0_A_A,2.874
191,8.022,LYS, ,CE,133.51,7.13,0.0,0.19,1.0,<Residue LYS het=  resseq=24 icode= >,3on0_A_A,2.874
192,48.046,LYS, ,NZ,136.02,6.79,0.0,0.33,1.0,<Residue LYS het=  resseq=24 icode= >,3on0_A_A,2.874
193,0.37,GLN, ,N,152.44,13.24,0.0,2.08,1.0,<Residue GLN het=  resseq=25 icode= >,3on0_A_A,2.874
194,9.536,GLN, ,CA,159.58,14.61,0.0,2.30,1.0,<Residue GLN het=  resseq=25 icode= >,3on0_A_A,2.874
195,0.616,GLN, ,C,164.05,15.58,0.0,1.98,1.0,<Residue GLN het=  resseq=25 icode= >,3on0_A_A,2.874
196,25.192,GLN, ,O,171.6,16.78,0.0,0.36,1.0,<Residue GLN het=  resseq=25 icode= >,3on0_A_A,2.874
197,3.657,GLN, ,CB,157.56,14.84,0.0,1.38,1.0,<Residue GLN het=  resseq=25 icode= >,3on0_A_A,2.874
198,26.951,GLN, ,CG,165.4,16.05,0.0,0.55,1.0,<Residue GLN het=  resseq=25 icode= >,3on0_A_A,2.874
199,9.239,GLN, ,CD,163.89,16.07,0.0,0.59,1.0,<Residue GLN het=  resseq=25 icode= >,3on0_A_A,2.874
200,11.783,GLN, ,OE1,156.54,15.08,0.0,1.22,1.0,<Residue GLN het=  resseq=25 icode= >,3on0_A_A,2.874
201,59.345,GLN, ,NE2,170.95,17.30,0.0,-0.53,1.0,<Residue GLN het=  resseq=25 icode= >,3on0_A_A,2.874
202,0.0,GLU, ,N,160.05,15.16,0.0,2.07,1.0,<Residue GLU het=  resseq=26 icode= >,3on0_A_A,2.874
203,7.119,GLU, ,CA,164.42,16.15,0.0,1.70,1.0,<Residue GLU het=  resseq=26 icode= >,3on0_A_A,2.874
204,4.146,GLU, ,C,167.98,16.18,0.0,1.70,1.0,<Residue GLU het=  resseq=26 icode= >,3on0_A_A,2.874
205,16.192,GLU, ,O,169.67,16.72,0.0,0.97,1.0,<Residue GLU het=  resseq=26 icode= >,3on0_A_A,2.874
206,8.218,GLU, ,CB,158.63,16.06,0.0,1.53,1.0,<Residue GLU het=  resseq=26 icode= >,3on0_A_A,2.874
207,22.241,GLU, ,CG,157.93,16.54,0.0,1.19,1.0,<Residue GLU het=  resseq=26 icode= >,3on0_A_A,2.874
208,6.521,GLU, ,CD,152.02,16.33,0.0,1.01,1.0,<Residue GLU het=  resseq=26 icode= >,3on0_A_A,2.874
209,5.098,GLU, ,OE1,146.64,15.29,0.0,-0.20,1.0,<Residue GLU het=  resseq=26 icode= >,3on0_A_A,2.874
210,36.605,GLU, ,OE2,153.97,17.27,0.0,0.43,1.0,<Residue GLU het=  resseq=26 icode= >,3on0_A_A,2.874
211,3.661,GLY, ,N,169.81,15.75,0.0,2.02,1.0,<Residue GLY het=  resseq=27 icode= >,3on0_A_A,2.874
212,37.036,GLY, ,CA,174.0,15.88,0.0,1.40,1.0,<Residue GLY het=  resseq=27 icode= >,3on0_A_A,2.874
213,2.444,GLY, ,C,167.46,14.78,0.0,1.48,1.0,<Residue GLY het=  resseq=27 icode= >,3on0_A_A,2.874
214,15.316,GLY, ,O,170.09,14.63,0.0,1.35,1.0,<Residue GLY het=  resseq=27 icode= >,3on0_A_A,2.874
215,0.0,ILE, ,N,159.56,14.13,0.0,0.95,1.0,<Residue ILE het=  resseq=28 icode= >,3on0_A_A,2.874
216,1.989,ILE, ,CA,153.29,13.17,0.0,1.75,1.0,<Residue ILE het=  resseq=28 icode= >,3on0_A_A,2.874
217,0.0,ILE, ,C,151.24,12.03,0.0,2.24,1.0,<Residue ILE het=  resseq=28 icode= >,3on0_A_A,2.874
218,0.0,ILE, ,O,144.1,10.85,0.0,1.30,1.0,<Residue ILE het=  resseq=28 icode= >,3on0_A_A,2.874
219,0.0,ILE, ,CB,145.51,12.75,0.0,1.41,1.0,<Residue ILE het=  resseq=28 icode= >,3on0_A_A,2.874
220,7.847,ILE, ,CG1,148.21,14.05,0.0,0.90,1.0,<Residue ILE het=  resseq=28 icode= >,3on0_A_A,2.874
221,19.116,ILE, ,CG2,140.23,12.13,0.0,0.52,1.0,<Residue ILE het=  resseq=28 icode= >,3on0_A_A,2.874
222,47.845,ILE, ,CD1,155.84,15.24,0.0,-0.09,1.0,<Residue ILE het=  resseq=28 icode= >,3on0_A_A,2.874
223,0.215,GLU, ,N,158.31,12.54,0.0,1.37,1.0,<Residue GLU het=  resseq=29 icode= >,3on0_A_A,2.874
224,7.399,GLU, ,CA,158.65,11.81,0.0,1.08,1.0,<Residue GLU het=  resseq=29 icode= >,3on0_A_A,2.874
225,0.0,GLU, ,C,150.33,10.34,0.0,1.19,1.0,<Residue GLU het=  resseq=29 icode= >,3on0_A_A,2.874
226,9.3,GLU, ,O,146.09,9.49,0.0,1.01,1.0,<Residue GLU het=  resseq=29 icode= >,3on0_A_A,2.874
227,11.183,GLU, ,CB,166.95,12.09,0.0,0.56,1.0,<Residue GLU het=  resseq=29 icode= >,3on0_A_A,2.874
228,21.373,GLU, ,CG,169.57,11.37,0.0,0.92,1.0,<Residue GLU het=  resseq=29 icode= >,3on0_A_A,2.874
229,12.643,GLU, ,CD,178.51,12.33,0.0,0.81,1.0,<Residue GLU het=  resseq=29 icode= >,3on0_A_A,2.874
230,37.365,GLU, ,OE1,186.31,13.51,0.0,0.41,1.0,<Residue GLU het=  resseq=29 icode= >,3on0_A_A,2.874
231,41.19,GLU, ,OE2,177.45,12.00,0.0,0.60,1.0,<Residue GLU het=  resseq=29 icode= >,3on0_A_A,2.874
232,0.0,GLU, ,N,148.75,9.82,0.0,0.80,1.0,<Residue GLU het=  resseq=30 icode= >,3on0_A_A,2.874
233,10.926,GLU, ,CA,142.6,8.41,0.0,1.00,1.0,<Residue GLU het=  resseq=30 icode= >,3on0_A_A,2.874
234,0.712,GLU, ,C,133.3,7.95,0.0,1.90,1.0,<Residue GLU het=  resseq=30 icode= >,3on0_A_A,2.874
235,6.72,GLU, ,O,128.69,7.01,0.0,1.22,1.0,<Residue GLU het=  resseq=30 icode= >,3on0_A_A,2.874
236,30.37,GLU, ,CB,145.2,8.39,0.0,0.31,1.0,<Residue GLU het=  resseq=30 icode= >,3on0_A_A,2.874
237,28.648,GLU, ,CG,145.33,9.39,0.0,-0.12,1.0,<Residue GLU het=  resseq=30 icode= >,3on0_A_A,2.874
238,8.722,GLU, ,CD,153.68,10.81,0.0,0.70,1.0,<Residue GLU het=  resseq=30 icode= >,3on0_A_A,2.874
239,14.004,GLU, ,OE1,160.46,11.15,0.0,0.72,1.0,<Residue GLU het=  resseq=30 icode= >,3on0_A_A,2.874
240,22.301,GLU, ,OE2,153.5,11.69,0.0,0.53,1.0,<Residue GLU het=  resseq=30 icode= >,3on0_A_A,2.874
241,0.0,ALA, ,N,131.2,8.35,0.0,1.83,1.0,<Residue ALA het=  resseq=31 icode= >,3on0_A_A,2.874
242,0.0,ALA, ,CA,123.65,7.59,0.0,2.12,1.0,<Residue ALA het=  resseq=31 icode= >,3on0_A_A,2.874
243,0.0,ALA, ,C,119.76,6.10,0.0,1.99,1.0,<Residue ALA het=  resseq=31 icode= >,3on0_A_A,2.874
244,6.317,ALA, ,O,122.76,5.84,0.0,1.01,1.0,<Residue ALA het=  resseq=31 icode= >,3on0_A_A,2.874
245,0.681,ALA, ,CB,124.39,8.24,0.0,0.30,1.0,<Residue ALA het=  resseq=31 icode= >,3on0_A_A,2.874
246,0.0,SER, ,N,113.48,5.36,0.0,1.39,1.0,<Residue SER het=  resseq=32 icode= >,3on0_A_A,2.874
247,2.835,SER, ,CA,110.13,3.91,1.036,2.59,1.0,<Residue SER het=  resseq=32 icode= >,3on0_A_A,2.874
248,0.0,SER, ,C,104.04,3.70,0.0,3.24,1.0,<Residue SER het=  resseq=32 icode= >,3on0_A_A,2.874
249,0.0,SER, ,O,102.1,4.81,0.0,2.30,1.0,<Residue SER het=  resseq=32 icode= >,3on0_A_A,2.874
250,34.39,SER, ,CB,111.52,3.42,21.367,1.85,1.0,<Residue SER het=  resseq=32 icode= >,3on0_A_A,2.874
251,6.358,SER, ,OG,107.8,3.45,4.739,1.37,1.0,<Residue SER het=  resseq=32 icode= >,3on0_A_A,2.874
252,3.998,LEU, ,N,101.71,2.63,3.765,2.46,1.0,<Residue LEU het=  resseq=33 icode= >,3on0_A_A,2.874
253,0.0,LEU, ,CA,97.01,3.23,0.0,3.11,1.0,<Residue LEU het=  resseq=33 icode= >,3on0_A_A,2.874
254,0.13,LEU, ,C,93.91,4.08,0.13,3.21,1.0,<Residue LEU het=  resseq=33 icode= >,3on0_A_A,2.874
255,0.0,LEU, ,O,91.77,5.24,0.0,2.35,1.0,<Residue LEU het=  resseq=33 icode= >,3on0_A_A,2.874
256,19.248,LEU, ,CB,96.36,2.72,18.509,2.33,1.0,<Residue LEU het=  resseq=33 icode= >,3on0_A_A,2.874
257,6.381,LEU, ,CG,95.76,3.90,0.22,1.62,1.0,<Residue LEU het=  resseq=33 icode= >,3on0_A_A,2.874
258,39.752,LEU, ,CD1,95.11,4.30,34.108,-1.10,1.0,<Residue LEU het=  resseq=33 icode= >,3on0_A_A,2.874
259,4.491,LEU, ,CD2,94.88,5.09,4.491,-0.23,1.0,<Residue LEU het=  resseq=33 icode= >,3on0_A_A,2.874
260,1.569,SER, ,N,94.25,3.30,1.569,2.59,1.0,<Residue SER het=  resseq=34 icode= >,3on0_A_A,2.874
261,9.369,SER, ,CA,92.06,4.15,9.369,2.43,1.0,<Residue SER het=  resseq=34 icode= >,3on0_A_A,2.874
262,0.25,SER, ,C,93.2,5.42,0.25,3.14,1.0,<Residue SER het=  resseq=34 icode= >,3on0_A_A,2.874
263,1.008,SER, ,O,90.51,6.50,1.008,1.86,1.0,<Residue SER het=  resseq=34 icode= >,3on0_A_A,2.874
264,47.283,SER, ,CB,94.41,3.89,47.283,1.14,1.0,<Residue SER het=  resseq=34 icode= >,3on0_A_A,2.874
265,27.06,SER, ,OG,97.05,4.88,20.65,1.96,1.0,<Residue SER het=  resseq=34 icode= >,3on0_A_A,2.874
266,0.068,ASN, ,N,97.98,5.36,0.0,1.83,1.0,<Residue ASN het=  resseq=35 icode= >,3on0_A_A,2.874
267,7.542,ASN, ,CA,100.75,6.33,0.271,2.55,1.0,<Residue ASN het=  resseq=35 icode= >,3on0_A_A,2.874
268,0.194,ASN, ,C,98.25,7.51,0.0,3.69,1.0,<Residue ASN het=  resseq=35 icode= >,3on0_A_A,2.874
269,4.587,ASN, ,O,97.6,8.64,0.0,2.22,1.0,<Residue ASN het=  resseq=35 icode= >,3on0_A_A,2.874
270,4.935,ASN, ,CB,106.08,5.84,0.0,1.76,1.0,<Residue ASN het=  resseq=35 icode= >,3on0_A_A,2.874
271,3.184,ASN, ,CG,110.49,7.07,0.0,1.01,1.0,<Residue ASN het=  resseq=35 icode= >,3on0_A_A,2.874
272,30.838,ASN, ,OD1,111.76,7.89,0.0,0.11,1.0,<Residue ASN het=  resseq=35 icode= >,3on0_A_A,2.874
273,8.136,ASN, ,ND2,115.2,7.40,0.0,0.41,1.0,<Residue ASN het=  resseq=35 icode= >,3on0_A_A,2.874
274,0.0,VAL, ,N,97.43,7.10,0.0,3.08,1.0,<Residue VAL het=  resseq=36 icode= >,3on0_A_A,2.874
275,0.772,VAL, ,CA,96.13,8.12,0.0,3.18,1.0,<Residue VAL het=  resseq=36 icode= >,3on0_A_A,2.874
276,0.0,VAL, ,C,91.54,8.81,0.0,3.34,1.0,<Residue VAL het=  resseq=36 icode= >,3on0_A_A,2.874
277,0.0,VAL, ,O,91.21,10.03,0.0,2.15,1.0,<Residue VAL het=  resseq=36 icode= >,3on0_A_A,2.874
278,0.0,VAL, ,CB,97.77,7.82,0.0,1.66,1.0,<Residue VAL het=  resseq=36 icode= >,3on0_A_A,2.874
279,0.0,VAL, ,CG1,95.92,8.98,0.0,0.30,1.0,<Residue VAL het=  resseq=36 icode= >,3on0_A_A,2.874
280,2.95,VAL, ,CG2,102.89,7.99,0.0,0.31,1.0,<Residue VAL het=  resseq=36 icode= >,3on0_A_A,2.874
281,0.0,SER, ,N,88.67,8.00,0.0,1.78,1.0,<Residue SER het=  resseq=37 icode= >,3on0_A_A,2.874
282,0.426,SER, ,CA,84.92,8.64,0.426,1.76,1.0,<Residue SER het=  resseq=37 icode= >,3on0_A_A,2.874
283,0.0,SER, ,C,84.1,9.49,0.0,3.31,1.0,<Residue SER het=  resseq=37 icode= >,3on0_A_A,2.874
284,0.3,SER, ,O,82.44,10.63,0.3,2.14,1.0,<Residue SER het=  resseq=37 icode= >,3on0_A_A,2.874
285,24.294,SER, ,CB,82.97,7.80,24.027,0.68,1.0,<Residue SER het=  resseq=37 icode= >,3on0_A_A,2.874
286,6.477,SER, ,OG,84.46,6.82,6.477,0.41,1.0,<Residue SER het=  resseq=37 icode= >,3on0_A_A,2.874
287,0.859,SER, ,N,86.05,9.07,0.859,3.03,1.0,<Residue SER het=  resseq=38 icode= >,3on0_A_A,2.874
288,3.07,SER, ,CA,86.61,10.08,3.07,3.18,1.0,<Residue SER het=  resseq=38 icode= >,3on0_A_A,2.874
289,0.0,SER, ,C,87.83,11.34,0.0,3.14,1.0,<Residue SER het=  resseq=38 icode= >,3on0_A_A,2.874
290,1.087,SER, ,O,85.98,12.43,1.087,2.44,1.0,<Residue SER het=  resseq=38 icode= >,3on0_A_A,2.874
291,23.209,SER, ,CB,90.28,9.69,17.923,2.90,1.0,<Residue SER het=  resseq=38 icode= >,3on0_A_A,2.874
292,26.644,SER, ,OG,91.82,10.69,14.554,1.97,1.0,<Residue SER het=  resseq=38 icode= >,3on0_A_A,2.874
293,0.761,MET, ,N,91.37,11.30,0.0,2.31,1.0,<Residue MET het=  resseq=39 icode= >,3on0_A_A,2.874
294,3.392,MET, ,CA,93.49,12.56,0.0,2.94,1.0,<Residue MET het=  resseq=39 icode= >,3on0_A_A,2.874
295,0.0,MET, ,C,90.59,13.24,0.0,3.10,1.0,<Residue MET het=  resseq=39 icode= >,3on0_A_A,2.874
296,1.024,MET, ,O,90.82,14.45,0.0,2.04,1.0,<Residue MET het=  resseq=39 icode= >,3on0_A_A,2.874
297,14.318,MET, ,CB,98.15,12.39,0.0,1.61,1.0,<Residue MET het=  resseq=39 icode= >,3on0_A_A,2.874
298,29.853,MET, ,CG,102.09,13.59,0.0,1.43,1.0,<Residue MET het=  resseq=39 icode= >,3on0_A_A,2.874
299,9.259,MET, ,SD,104.61,13.81,0.0,1.58,1.0,<Residue MET het=  resseq=39 icode= >,3on0_A_A,2.874
300,12.966,MET, ,CE,108.04,13.09,0.0,-0.27,1.0,<Residue MET het=  resseq=39 icode= >,3on0_A_A,2.874
301,0.0,LEU, ,N,88.56,12.57,0.0,2.36,1.0,<Residue LEU het=  resseq=40 icode= >,3on0_A_A,2.874
302,0.0,LEU, ,CA,87.04,13.38,0.0,2.60,1.0,<Residue LEU het=  resseq=40 icode= >,3on0_A_A,2.874
303,1.246,LEU, ,C,84.1,14.00,1.246,3.23,1.0,<Residue LEU het=  resseq=40 icode= >,3on0_A_A,2.874
304,6.205,LEU, ,O,84.06,15.16,6.205,2.43,1.0,<Residue LEU het=  resseq=40 icode= >,3on0_A_A,2.874
305,11.186,LEU, ,CB,86.59,12.71,11.186,0.61,1.0,<Residue LEU het=  resseq=40 icode= >,3on0_A_A,2.874
306,0.0,LEU, ,CG,90.49,12.48,0.0,0.88,1.0,<Residue LEU het=  resseq=40 icode= >,3on0_A_A,2.874
307,15.58,LEU, ,CD1,90.61,12.07,15.58,-0.82,1.0,<Residue LEU het=  resseq=40 icode= >,3on0_A_A,2.874
308,24.349,LEU, ,CD2,92.9,13.75,15.538,-0.54,1.0,<Residue LEU het=  resseq=40 icode= >,3on0_A_A,2.874
309,0.128,LEU, ,N,82.39,13.33,0.128,2.50,1.0,<Residue LEU het=  resseq=41 icode= >,3on0_A_A,2.874
310,2.207,LEU, ,CA,80.19,14.07,2.207,2.66,1.0,<Residue LEU het=  resseq=41 icode= >,3on0_A_A,2.874
311,0.0,LEU, ,C,81.87,15.24,0.0,3.39,1.0,<Residue LEU het=  resseq=41 icode= >,3on0_A_A,2.874
312,0.535,LEU, ,O,81.17,16.39,0.535,2.49,1.0,<Residue LEU het=  resseq=41 icode= >,3on0_A_A,2.874
313,6.508,LEU, ,CB,78.84,13.28,6.508,1.07,1.0,<Residue LEU het=  resseq=41 icode= >,3on0_A_A,2.874
314,2.464,LEU, ,CG,76.73,12.46,2.464,2.25,1.0,<Residue LEU het=  resseq=41 icode= >,3on0_A_A,2.874
315,25.54,LEU, ,CD1,75.27,11.82,24.351,0.88,1.0,<Residue LEU het=  resseq=41 icode= >,3on0_A_A,2.874
316,57.407,LEU, ,CD2,73.72,13.47,57.407,0.64,1.0,<Residue LEU het=  resseq=41 icode= >,3on0_A_A,2.874
317,0.792,GLU, ,N,84.9,15.04,0.792,2.75,1.0,<Residue GLU het=  resseq=42 icode= >,3on0_A_A,2.874
318,1.604,GLU, ,CA,87.6,16.20,1.377,2.91,1.0,<Residue GLU het=  resseq=42 icode= >,3on0_A_A,2.874
319,0.0,GLU, ,C,88.37,17.24,0.0,3.46,1.0,<Residue GLU het=  resseq=42 icode= >,3on0_A_A,2.874
320,2.532,GLU, ,O,88.03,18.39,0.0,2.31,1.0,<Residue GLU het=  resseq=42 icode= >,3on0_A_A,2.874
321,5.065,GLU, ,CB,91.89,15.90,0.0,1.27,1.0,<Residue GLU het=  resseq=42 icode= >,3on0_A_A,2.874
322,32.517,GLU, ,CG,95.02,16.59,9.04,1.80,1.0,<Residue GLU het=  resseq=42 icode= >,3on0_A_A,2.874
323,13.467,GLU, ,CD,100.04,15.49,7.847,2.72,1.0,<Residue GLU het=  resseq=42 icode= >,3on0_A_A,2.874
324,16.427,GLU, ,OE1,99.56,14.31,9.2,1.62,1.0,<Residue GLU het=  resseq=42 icode= >,3on0_A_A,2.874
325,42.326,GLU, ,OE2,104.94,15.87,7.132,1.40,1.0,<Residue GLU het=  resseq=42 icode= >,3on0_A_A,2.874
326,0.176,LEU, ,N,90.17,16.89,0.0,2.71,1.0,<Residue LEU het=  resseq=43 icode= >,3on0_A_A,2.874
327,0.321,LEU, ,CA,92.61,17.92,0.0,2.73,1.0,<Residue LEU het=  resseq=43 icode= >,3on0_A_A,2.874
328,0.0,LEU, ,C,91.08,18.62,0.0,3.70,1.0,<Residue LEU het=  resseq=43 icode= >,3on0_A_A,2.874
329,0.0,LEU, ,O,92.4,19.85,0.0,2.57,1.0,<Residue LEU het=  resseq=43 icode= >,3on0_A_A,2.874
330,1.32,LEU, ,CB,94.83,17.43,0.0,0.71,1.0,<Residue LEU het=  resseq=43 icode= >,3on0_A_A,2.874
331,8.694,LEU, ,CG,98.78,18.45,0.0,1.05,1.0,<Residue LEU het=  resseq=43 icode= >,3on0_A_A,2.874
332,46.038,LEU, ,CD1,98.9,18.94,40.307,0.32,1.0,<Residue LEU het=  resseq=43 icode= >,3on0_A_A,2.874
333,25.919,LEU, ,CD2,100.51,19.66,4.35,-0.66,1.0,<Residue LEU het=  resseq=43 icode= >,3on0_A_A,2.874
334,0.095,GLY, ,N,89.16,17.91,0.095,2.31,1.0,<Residue GLY het=  resseq=44 icode= >,3on0_A_A,2.874
335,30.121,GLY, ,CA,89.12,18.61,30.121,1.76,1.0,<Residue GLY het=  resseq=44 icode= >,3on0_A_A,2.874
336,3.799,GLY, ,C,88.92,19.54,3.799,3.79,1.0,<Residue GLY het=  resseq=44 icode= >,3on0_A_A,2.874
337,3.382,GLY, ,O,89.69,20.67,3.382,2.93,1.0,<Residue GLY het=  resseq=44 icode= >,3on0_A_A,2.874
338,0.907,LEU, ,N,88.95,1000.00,0.907,2.91,1.0,<Residue LEU het=  resseq=45 icode= >,3on0_A_A,2.874
339,1.098,LEU, ,CA,89.83,1000.00,1.098,2.70,1.0,<Residue LEU het=  resseq=45 icode= >,3on0_A_A,2.874
340,0.995,LEU, ,C,93.75,1000.00,0.0,3.63,1.0,<Residue LEU het=  resseq=45 icode= >,3on0_A_A,2.874
341,0.015,LEU, ,O,93.81,1000.00,0.0,2.96,1.0,<Residue LEU het=  resseq=45 icode= >,3on0_A_A,2.874
342,9.481,LEU, ,CB,89.12,1000.00,5.066,1.41,1.0,<Residue LEU het=  resseq=45 icode= >,3on0_A_A,2.874
343,5.725,LEU, ,CG,86.19,1000.00,5.725,2.90,1.0,<Residue LEU het=  resseq=45 icode= >,3on0_A_A,2.874
344,50.983,LEU, ,CD1,86.72,1000.00,49.869,1.63,1.0,<Residue LEU het=  resseq=45 icode= >,3on0_A_A,2.874
345,46.454,LEU, ,CD2,83.94,1000.00,45.669,1.55,1.0,<Residue LEU het=  resseq=45 icode= >,3on0_A_A,2.874
346,0.446,ARG, ,N,98.26,1000.00,0.0,2.42,1.0,<Residue ARG het=  resseq=46 icode= >,3on0_A_A,2.874
347,7.174,ARG, ,CA,103.86,1000.00,0.0,2.29,1.0,<Residue ARG het=  resseq=46 icode= >,3on0_A_A,2.874
348,0.086,ARG, ,C,106.51,1000.00,0.0,2.88,1.0,<Residue ARG het=  resseq=46 icode= >,3on0_A_A,2.874
349,0.606,ARG, ,O,107.96,1000.00,0.0,1.38,1.0,<Residue ARG het=  resseq=46 icode= >,3on0_A_A,2.874
350,1.372,ARG, ,CB,107.04,1000.00,0.0,0.93,1.0,<Residue ARG het=  resseq=46 icode= >,3on0_A_A,2.874
351,21.2,ARG, ,CG,112.21,1000.00,0.0,0.13,1.0,<Residue ARG het=  resseq=46 icode= >,3on0_A_A,2.874
352,36.76,ARG, ,CD,116.35,1000.00,0.0,0.13,1.0,<Residue ARG het=  resseq=46 icode= >,3on0_A_A,2.874
353,7.104,ARG, ,NE,117.47,1000.00,0.0,0.58,1.0,<Residue ARG het=  resseq=46 icode= >,3on0_A_A,2.874
354,4.401,ARG, ,CZ,121.7,1000.00,0.0,0.57,1.0,<Residue ARG het=  resseq=46 icode= >,3on0_A_A,2.874
355,47.677,ARG, ,NH1,125.78,1000.00,0.0,0.02,1.0,<Residue ARG het=  resseq=46 icode= >,3on0_A_A,2.874
356,33.875,ARG, ,NH2,121.66,1000.00,0.0,0.14,1.0,<Residue ARG het=  resseq=46 icode= >,3on0_A_A,2.874
357,0.0,VAL, ,N,108.8,1000.00,0.0,2.38,1.0,<Residue VAL het=  resseq=47 icode= >,3on0_A_A,2.874
358,0.738,VAL, ,CA,113.45,1000.00,0.0,2.16,1.0,<Residue VAL het=  resseq=47 icode= >,3on0_A_A,2.874
359,0.0,VAL, ,C,114.04,1000.00,0.0,2.73,1.0,<Residue VAL het=  resseq=47 icode= >,3on0_A_A,2.874
360,0.0,VAL, ,O,116.12,1000.00,0.0,1.31,1.0,<Residue VAL het=  resseq=47 icode= >,3on0_A_A,2.874
361,2.967,VAL, ,CB,114.11,1000.00,2.967,1.69,1.0,<Residue VAL het=  resseq=47 icode= >,3on0_A_A,2.874
362,37.174,VAL, ,CG1,117.38,1000.00,18.621,0.07,1.0,<Residue VAL het=  resseq=47 icode= >,3on0_A_A,2.874
363,35.038,VAL, ,CG2,116.37,1000.00,21.219,0.16,1.0,<Residue VAL het=  resseq=47 icode= >,3on0_A_A,2.874
364,0.596,TYR, ,N,57.52,1000.00,0.596,3.46,1.0,<Residue TYR het=  resseq=48 icode= >,3on0_A_A,2.874
365,3.578,TYR, ,CA,61.4,1000.00,2.705,3.66,1.0,<Residue TYR het=  resseq=48 icode= >,3on0_A_A,2.874
366,0.0,TYR, ,C,63.78,1000.00,0.0,3.45,1.0,<Residue TYR het=  resseq=48 icode= >,3on0_A_A,2.874
367,0.543,TYR, ,O,63.98,1000.00,0.0,2.37,1.0,<Residue TYR het=  resseq=48 icode= >,3on0_A_A,2.874
368,5.998,TYR, ,CB,61.71,1000.00,5.998,1.80,1.0,<Residue TYR het=  resseq=48 icode= >,3on0_A_A,2.874
369,1.781,TYR, ,CG,64.0,1000.00,1.781,1.98,1.0,<Residue TYR het=  resseq=48 icode= >,3on0_A_A,2.874
370,2.629,TYR, ,CD1,66.16,1000.00,2.629,0.72,1.0,<Residue TYR het=  resseq=48 icode= >,3on0_A_A,2.874
371,25.821,TYR, ,CD2,65.93,1000.00,17.399,0.80,1.0,<Residue TYR het=  resseq=48 icode= >,3on0_A_A,2.874
372,15.569,TYR, ,CE1,68.24,1000.00,15.438,0.69,1.0,<Residue TYR het=  resseq=48 icode= >,3on0_A_A,2.874
373,34.331,TYR, ,CE2,67.77,1000.00,21.15,0.98,1.0,<Residue TYR het=  resseq=48 icode= >,3on0_A_A,2.874
374,6.078,TYR, ,CZ,68.92,1000.00,4.968,2.02,1.0,<Residue TYR het=  resseq=48 icode= >,3on0_A_A,2.874
375,37.845,TYR, ,OH,70.49,1000.00,31.549,1.06,1.0,<Residue TYR het=  resseq=48 icode= >,3on0_A_A,2.874
376,0.0,MET, ,N,66.7,1000.00,0.0,2.25,1.0,<Residue MET het=  resseq=49 icode= >,3on0_A_A,2.874
377,0.0,MET, ,CA,69.63,1000.00,0.0,2.47,1.0,<Residue MET het=  resseq=49 icode= >,3on0_A_A,2.874
378,0.168,MET, ,C,70.67,1000.00,0.0,2.89,1.0,<Residue MET het=  resseq=49 icode= >,3on0_A_A,2.874
379,0.0,MET, ,O,70.77,1000.00,0.0,2.18,1.0,<Residue MET het=  resseq=49 icode= >,3on0_A_A,2.874
380,8.773,MET, ,CB,70.33,1000.00,0.0,0.75,1.0,<Residue MET het=  resseq=49 icode= >,3on0_A_A,2.874
381,29.611,MET, ,CG,74.91,1000.00,1.84,0.78,1.0,<Residue MET het=  resseq=49 icode= >,3on0_A_A,2.874
382,4.719,MET, ,SD,85.56,1000.00,2.11,0.82,1.0,<Residue MET het=  resseq=49 icode= >,3on0_A_A,2.874
383,76.121,MET, ,CE,83.48,1000.00,15.579,-0.46,1.0,<Residue MET het=  resseq=49 icode= >,3on0_A_A,2.874
384,0.158,ILE, ,N,71.98,1000.00,0.0,2.65,1.0,<Residue ILE het=  resseq=50 icode= >,3on0_A_A,2.874
385,1.184,ILE, ,CA,73.38,1000.00,0.0,3.22,1.0,<Residue ILE het=  resseq=50 icode= >,3on0_A_A,2.874
386,0.0,ILE, ,C,74.6,1000.00,0.0,2.98,1.0,<Residue ILE het=  resseq=50 icode= >,3on0_A_A,2.874
387,0.0,ILE, ,O,74.86,1000.00,0.0,1.51,1.0,<Residue ILE het=  resseq=50 icode= >,3on0_A_A,2.874
388,0.313,ILE, ,CB,73.34,1000.00,0.0,2.12,1.0,<Residue ILE het=  resseq=50 icode= >,3on0_A_A,2.874
389,8.76,ILE, ,CG1,73.74,1000.00,0.0,0.86,1.0,<Residue ILE het=  resseq=50 icode= >,3on0_A_A,2.874
390,22.032,ILE, ,CG2,73.03,1000.00,0.0,0.26,1.0,<Residue ILE het=  resseq=50 icode= >,3on0_A_A,2.874
391,58.46,ILE, ,CD1,74.22,1000.00,0.0,-0.86,1.0,<Residue ILE het=  resseq=50 icode= >,3on0_A_A,2.874
392,0.0,GLN, ,N,75.84,1000.00,0.0,2.41,1.0,<Residue GLN het=  resseq=51 icode= >,3on0_A_A,2.874
393,0.293,GLN, ,CA,77.28,1000.00,0.0,2.24,1.0,<Residue GLN het=  resseq=51 icode= >,3on0_A_A,2.874
394,1.413,GLN, ,C,78.03,1000.00,0.0,3.12,1.0,<Residue GLN het=  resseq=51 icode= >,3on0_A_A,2.874
395,11.695,GLN, ,O,78.02,1000.00,0.0,2.22,1.0,<Residue GLN het=  resseq=51 icode= >,3on0_A_A,2.874
396,16.198,GLN, ,CB,77.45,1000.00,0.0,1.32,1.0,<Residue GLN het=  resseq=51 icode= >,3on0_A_A,2.874
397,14.146,GLN, ,CG,78.88,1000.00,1.987,0.97,1.0,<Residue GLN het=  resseq=51 icode= >,3on0_A_A,2.874
398,5.21,GLN, ,CD,80.79,1000.00,0.0,0.44,1.0,<Residue GLN het=  resseq=51 icode= >,3on0_A_A,2.874
399,22.701,GLN, ,OE1,81.22,1000.00,0.0,-0.08,1.0,<Residue GLN het=  resseq=51 icode= >,3on0_A_A,2.874
400,53.529,GLN, ,NE2,80.9,1000.00,0.0,-0.03,1.0,<Residue GLN het=  resseq=51 icode= >,3on0_A_A,2.874
401,0.134,GLN, ,N,79.11,1000.00,0.0,2.63,1.0,<Residue GLN het=  resseq=52 icode= >,3on0_A_A,2.874
402,5.32,GLN, ,CA,80.3,1000.00,0.0,2.54,1.0,<Residue GLN het=  resseq=52 icode= >,3on0_A_A,2.874
403,0.042,GLN, ,C,80.91,1000.00,0.0,2.78,1.0,<Residue GLN het=  resseq=52 icode= >,3on0_A_A,2.874
404,21.293,GLN, ,O,80.53,1000.00,0.0,2.15,1.0,<Residue GLN het=  resseq=52 icode= >,3on0_A_A,2.874
405,0.0,GLN, ,CB,80.53,1000.00,0.0,1.12,1.0,<Residue GLN het=  resseq=52 icode= >,3on0_A_A,2.874
406,18.712,GLN, ,CG,82.34,1000.00,0.0,0.28,1.0,<Residue GLN het=  resseq=52 icode= >,3on0_A_A,2.874
407,5.423,GLN, ,CD,85.02,1000.00,0.0,0.72,1.0,<Residue GLN het=  resseq=52 icode= >,3on0_A_A,2.874
408,19.877,GLN, ,OE1,85.84,1000.00,0.0,0.95,1.0,<Residue GLN het=  resseq=52 icode= >,3on0_A_A,2.874
409,47.371,GLN, ,NE2,85.18,1000.00,11.664,0.08,1.0,<Residue GLN het=  resseq=52 icode= >,3on0_A_A,2.874
410,0.0,GLU, ,N,83.72,1000.00,0.0,2.22,1.0,<Residue GLU het=  resseq=53 icode= >,3on0_A_A,2.874
411,2.981,GLU, ,CA,86.33,1000.00,0.0,2.03,1.0,<Residue GLU het=  resseq=53 icode= >,3on0_A_A,2.874
412,4.186,GLU, ,C,87.24,1000.00,0.0,2.31,1.0,<Residue GLU het=  resseq=53 icode= >,3on0_A_A,2.874
413,8.068,GLU, ,O,87.63,1000.00,0.0,1.45,1.0,<Residue GLU het=  resseq=53 icode= >,3on0_A_A,2.874
414,16.131,GLU, ,CB,86.71,1000.00,0.0,1.44,1.0,<Residue GLU het=  resseq=53 icode= >,3on0_A_A,2.874
415,13.21,GLU, ,CG,89.63,1000.00,0.0,0.73,1.0,<Residue GLU het=  resseq=53 icode= >,3on0_A_A,2.874
416,13.666,GLU, ,CD,93.14,1000.00,0.0,0.91,1.0,<Residue GLU het=  resseq=53 icode= >,3on0_A_A,2.874
417,31.849,GLU, ,OE1,94.91,1000.00,0.0,0.62,1.0,<Residue GLU het=  resseq=53 icode= >,3on0_A_A,2.874
418,42.15,GLU, ,OE2,93.73,1000.00,0.0,0.78,1.0,<Residue GLU het=  resseq=53 icode= >,3on0_A_A,2.874
419,4.81,LYS, ,N,88.18,1000.00,0.0,2.26,1.0,<Residue LYS het=  resseq=54 icode= >,3on0_A_A,2.874
420,13.6,LYS, ,CA,88.89,1000.00,0.0,2.47,1.0,<Residue LYS het=  resseq=54 icode= >,3on0_A_A,2.874
421,31.127,LYS, ,C,89.0,1000.00,0.0,1.95,1.0,<Residue LYS het=  resseq=54 icode= >,3on0_A_A,2.874
422,39.211,LYS, ,O,89.21,1000.00,0.0,1.60,1.0,<Residue LYS het=  resseq=54 icode= >,3on0_A_A,2.874
423,17.191,LYS, ,CB,89.1,1000.00,0.0,1.38,1.0,<Residue LYS het=  resseq=54 icode= >,3on0_A_A,2.874
424,8.405,LYS, ,CG,90.25,1000.00,0.0,1.08,1.0,<Residue LYS het=  resseq=54 icode= >,3on0_A_A,2.874
425,18.953,LYS, ,CD,91.77,1000.00,0.0,0.46,1.0,<Residue LYS het=  resseq=54 icode= >,3on0_A_A,2.874
426,26.706,LYS, ,CE,91.87,1000.00,0.0,0.29,1.0,<Residue LYS het=  resseq=54 icode= >,3on0_A_A,2.874
427,42.158,LYS, ,NZ,91.39,1000.00,0.0,0.73,1.0,<Residue LYS het=  resseq=54 icode= >,3on0_A_A,2.874
428,52.85,PHE, ,N,62.54,1000.00,0.0,1.83,1.0,<Residue PHE het=  resseq=59 icode= >,3on0_A_A,2.874
429,11.37,PHE, ,CA,62.47,1000.00,1.45,2.21,1.0,<Residue PHE het=  resseq=59 icode= >,3on0_A_A,2.874
430,2.673,PHE, ,C,60.97,1000.00,0.0,3.91,1.0,<Residue PHE het=  resseq=59 icode= >,3on0_A_A,2.874
431,23.976,PHE, ,O,61.59,1000.00,0.0,2.04,1.0,<Residue PHE het=  resseq=59 icode= >,3on0_A_A,2.874
432,30.168,PHE, ,CB,63.09,1000.00,12.216,1.03,1.0,<Residue PHE het=  resseq=59 icode= >,3on0_A_A,2.874
433,2.358,PHE, ,CG,65.78,1000.00,2.358,1.83,1.0,<Residue PHE het=  resseq=59 icode= >,3on0_A_A,2.874
434,13.087,PHE, ,CD1,67.59,1000.00,6.598,1.36,1.0,<Residue PHE het=  resseq=59 icode= >,3on0_A_A,2.874
435,24.072,PHE, ,CD2,67.46,1000.00,23.34,1.02,1.0,<Residue PHE het=  resseq=59 icode= >,3on0_A_A,2.874
436,2.962,PHE, ,CE1,68.47,1000.00,2.962,1.46,1.0,<Residue PHE het=  resseq=59 icode= >,3on0_A_A,2.874
437,21.205,PHE, ,CE2,68.3,1000.00,21.205,1.52,1.0,<Residue PHE het=  resseq=59 icode= >,3on0_A_A,2.874
438,7.343,PHE, ,CZ,69.06,1000.00,7.343,1.84,1.0,<Residue PHE het=  resseq=59 icode= >,3on0_A_A,2.874
439,6.152,ASN, ,N,58.7,1000.00,2.971,3.80,1.0,<Residue ASN het=  resseq=60 icode= >,3on0_A_A,2.874
440,4.396,ASN, ,CA,56.63,1000.00,0.0,4.37,1.0,<Residue ASN het=  resseq=60 icode= >,3on0_A_A,2.874
441,0.0,ASN, ,C,54.3,1000.00,0.0,3.76,1.0,<Residue ASN het=  resseq=60 icode= >,3on0_A_A,2.874
442,1.564,ASN, ,O,54.92,1000.00,1.564,2.22,1.0,<Residue ASN het=  resseq=60 icode= >,3on0_A_A,2.874
443,27.198,ASN, ,CB,57.21,1000.00,2.851,2.48,1.0,<Residue ASN het=  resseq=60 icode= >,3on0_A_A,2.874
444,5.165,ASN, ,CG,60.11,1000.00,0.0,2.72,1.0,<Residue ASN het=  resseq=60 icode= >,3on0_A_A,2.874
445,29.685,ASN, ,OD1,62.29,1000.00,0.0,1.82,1.0,<Residue ASN het=  resseq=60 icode= >,3on0_A_A,2.874
446,6.702,ASN, ,ND2,62.31,1000.00,0.0,1.56,1.0,<Residue ASN het=  resseq=60 icode= >,3on0_A_A,2.874
447,3.467,GLN, ,N,95.47,1000.00,0.0,2.64,1.0,<Residue GLN het=  resseq=61 icode= >,3on0_A_A,2.874
448,0.0,GLN, ,CA,89.74,1000.00,0.0,3.62,1.0,<Residue GLN het=  resseq=61 icode= >,3on0_A_A,2.874
449,0.0,GLN, ,C,87.6,1000.00,0.0,4.46,1.0,<Residue GLN het=  resseq=61 icode= >,3on0_A_A,2.874
450,0.0,GLN, ,O,85.36,1000.00,0.0,1.48,1.0,<Residue GLN het=  resseq=61 icode= >,3on0_A_A,2.874
451,12.266,GLN, ,CB,90.19,1000.00,0.0,1.58,1.0,<Residue GLN het=  resseq=61 icode= >,3on0_A_A,2.874
452,33.633,GLN, ,CG,87.15,1000.00,0.984,1.24,1.0,<Residue GLN het=  resseq=61 icode= >,3on0_A_A,2.874
453,5.197,GLN, ,CD,82.09,1000.00,0.568,3.69,1.0,<Residue GLN het=  resseq=61 icode= >,3on0_A_A,2.874
454,4.495,GLN, ,OE1,79.53,1000.00,1.187,2.51,1.0,<Residue GLN het=  resseq=61 icode= >,3on0_A_A,2.874
455,36.238,GLN, ,NE2,81.05,1000.00,11.816,2.12,1.0,<Residue GLN het=  resseq=61 icode= >,3on0_A_A,2.874
456,0.685,MET, ,N,87.33,1000.00,0.0,3.68,1.0,<Residue MET het=  resseq=62 icode= >,3on0_A_A,2.874
457,0.0,MET, ,CA,85.36,1000.00,0.0,3.77,1.0,<Residue MET het=  resseq=62 icode= >,3on0_A_A,2.874
458,1.059,MET, ,C,82.72,1000.00,0.112,4.74,1.0,<Residue MET het=  resseq=62 icode= >,3on0_A_A,2.874
459,1.499,MET, ,O,80.79,1000.00,1.497,2.87,1.0,<Residue MET het=  resseq=62 icode= >,3on0_A_A,2.874
460,17.716,MET, ,CB,87.98,1000.00,0.0,2.28,1.0,<Residue MET het=  resseq=62 icode= >,3on0_A_A,2.874
461,37.166,MET, ,CG,89.64,1000.00,10.975,1.04,1.0,<Residue MET het=  resseq=62 icode= >,3on0_A_A,2.874
462,31.572,MET, ,SD,91.64,1000.00,28.002,2.40,1.0,<Residue MET het=  resseq=62 icode= >,3on0_A_A,2.874
463,51.29,MET, ,CE,92.19,1000.00,9.977,0.69,1.0,<Residue MET het=  resseq=62 icode= >,3on0_A_A,2.874
464,0.0,GLU, ,N,81.79,1000.00,0.0,2.79,1.0,<Residue GLU het=  resseq=63 icode= >,3on0_A_A,2.874
465,0.746,GLU, ,CA,79.69,1000.00,0.0,3.24,1.0,<Residue GLU het=  resseq=63 icode= >,3on0_A_A,2.874
466,0.614,GLU, ,C,75.85,1000.00,0.614,4.06,1.0,<Residue GLU het=  resseq=63 icode= >,3on0_A_A,2.874
467,2.958,GLU, ,O,75.14,1000.00,1.398,2.22,1.0,<Residue GLU het=  resseq=63 icode= >,3on0_A_A,2.874
468,5.63,GLU, ,CB,81.22,1000.00,5.216,1.84,1.0,<Residue GLU het=  resseq=63 icode= >,3on0_A_A,2.874
469,35.428,GLU, ,CG,83.15,1000.00,8.793,1.53,1.0,<Residue GLU het=  resseq=63 icode= >,3on0_A_A,2.874
470,8.916,GLU, ,CD,85.41,1000.00,0.0,3.77,1.0,<Residue GLU het=  resseq=63 icode= >,3on0_A_A,2.874
471,31.601,GLU, ,OE1,88.02,1000.00,0.0,2.01,1.0,<Residue GLU het=  resseq=63 icode= >,3on0_A_A,2.874
472,19.54,GLU, ,OE2,85.34,1000.00,0.0,2.22,1.0,<Residue GLU het=  resseq=63 icode= >,3on0_A_A,2.874
473,0.244,TYR, ,N,73.09,1000.00,0.244,2.99,1.0,<Residue TYR het=  resseq=64 icode= >,3on0_A_A,2.874
474,5.473,TYR, ,CA,69.19,1000.00,5.473,3.91,1.0,<Residue TYR het=  resseq=64 icode= >,3on0_A_A,2.874
475,0.0,TYR, ,C,67.35,1000.00,0.0,4.65,1.0,<Residue TYR het=  resseq=64 icode= >,3on0_A_A,2.874
476,0.0,TYR, ,O,65.91,1000.00,0.0,1.96,1.0,<Residue TYR het=  resseq=64 icode= >,3on0_A_A,2.874
477,4.481,TYR, ,CB,68.62,1000.00,4.481,2.82,1.0,<Residue TYR het=  resseq=64 icode= >,3on0_A_A,2.874
478,0.0,TYR, ,CG,65.47,1000.00,0.0,2.92,1.0,<Residue TYR het=  resseq=64 icode= >,3on0_A_A,2.874
479,14.834,TYR, ,CD1,64.16,1000.00,14.834,1.51,1.0,<Residue TYR het=  resseq=64 icode= >,3on0_A_A,2.874
480,0.0,TYR, ,CD2,63.94,1000.00,0.0,1.22,1.0,<Residue TYR het=  resseq=64 icode= >,3on0_A_A,2.874
481,23.439,TYR, ,CE1,62.31,1000.00,23.439,1.88,1.0,<Residue TYR het=  resseq=64 icode= >,3on0_A_A,2.874
482,16.422,TYR, ,CE2,60.73,1000.00,6.629,1.86,1.0,<Residue TYR het=  resseq=64 icode= >,3on0_A_A,2.874
483,3.878,TYR, ,CZ,60.78,1000.00,3.878,2.87,1.0,<Residue TYR het=  resseq=64 icode= >,3on0_A_A,2.874
484,29.539,TYR, ,OH,59.06,1000.00,27.437,1.56,1.0,<Residue TYR het=  resseq=64 icode= >,3on0_A_A,2.874
485,0.0,ASN, ,N,67.07,1000.00,0.0,3.29,1.0,<Residue ASN het=  resseq=65 icode= >,3on0_A_A,2.874
486,1.641,ASN, ,CA,65.38,1000.00,1.641,3.90,1.0,<Residue ASN het=  resseq=65 icode= >,3on0_A_A,2.874
487,1.078,ASN, ,C,65.04,1000.00,1.078,4.96,1.0,<Residue ASN het=  resseq=65 icode= >,3on0_A_A,2.874
488,3.765,ASN, ,O,63.79,1000.00,3.765,1.53,1.0,<Residue ASN het=  resseq=65 icode= >,3on0_A_A,2.874
489,18.959,ASN, ,CB,66.55,1000.00,18.959,2.45,1.0,<Residue ASN het=  resseq=65 icode= >,3on0_A_A,2.874
490,5.644,ASN, ,CG,66.62,1000.00,5.644,3.64,1.0,<Residue ASN het=  resseq=65 icode= >,3on0_A_A,2.874
491,17.714,ASN, ,OD1,69.38,1000.00,17.626,1.94,1.0,<Residue ASN het=  resseq=65 icode= >,3on0_A_A,2.874
492,20.567,ASN, ,ND2,64.67,1000.00,10.713,1.75,1.0,<Residue ASN het=  resseq=65 icode= >,3on0_A_A,2.874
493,0.334,LYS, ,N,66.05,1000.00,0.334,3.66,1.0,<Residue LYS het=  resseq=66 icode= >,3on0_A_A,2.874
494,4.814,LYS, ,CA,65.94,1000.00,4.814,3.55,1.0,<Residue LYS het=  resseq=66 icode= >,3on0_A_A,2.874
495,0.0,LYS, ,C,64.68,1000.00,0.0,4.10,1.0,<Residue LYS het=  resseq=66 icode= >,3on0_A_A,2.874
496,0.919,LYS, ,O,63.92,1000.00,0.919,2.40,1.0,<Residue LYS het=  resseq=66 icode= >,3on0_A_A,2.874
497,7.136,LYS, ,CB,68.26,1000.00,7.007,2.35,1.0,<Residue LYS het=  resseq=66 icode= >,3on0_A_A,2.874
498,17.413,LYS, ,CG,68.82,1000.00,14.934,2.10,1.0,<Residue LYS het=  resseq=66 icode= >,3on0_A_A,2.874
499,17.692,LYS, ,CD,71.12,1000.00,10.54,1.73,1.0,<Residue LYS het=  resseq=66 icode= >,3on0_A_A,2.874
500,42.285,LYS, ,CE,72.69,1000.00,15.207,0.53,1.0,<Residue LYS het=  resseq=66 icode= >,3on0_A_A,2.874
501,47.007,LYS, ,NZ,76.0,1000.00,3.132,0.95,1.0,<Residue LYS het=  resseq=66 icode= >,3on0_A_A,2.874
502,0.385,LEU, ,N,64.21,1000.00,0.0,3.02,1.0,<Residue LEU het=  resseq=67 icode= >,3on0_A_A,2.874
503,2.333,LEU, ,CA,63.16,1000.00,0.0,3.18,1.0,<Residue LEU het=  resseq=67 icode= >,3on0_A_A,2.874
504,0.0,LEU, ,C,61.31,1000.00,0.0,3.31,1.0,<Residue LEU het=  resseq=67 icode= >,3on0_A_A,2.874
505,0.0,LEU, ,O,61.03,1000.00,0.0,1.93,1.0,<Residue LEU het=  resseq=67 icode= >,3on0_A_A,2.874
506,3.973,LEU, ,CB,63.34,1000.00,2.694,1.90,1.0,<Residue LEU het=  resseq=67 icode= >,3on0_A_A,2.874
507,14.773,LEU, ,CG,63.9,1000.00,2.078,3.06,1.0,<Residue LEU het=  resseq=67 icode= >,3on0_A_A,2.874
508,58.627,LEU, ,CD1,62.92,1000.00,56.712,2.20,1.0,<Residue LEU het=  resseq=67 icode= >,3on0_A_A,2.874
509,16.356,LEU, ,CD2,64.12,1000.00,5.417,1.27,1.0,<Residue LEU het=  resseq=67 icode= >,3on0_A_A,2.874
510,0.0,MET, ,N,60.37,1000.00,0.0,2.15,1.0,<Residue MET het=  resseq=68 icode= >,3on0_A_A,2.874
511,0.063,MET, ,CA,58.79,1000.00,0.063,4.56,1.0,<Residue MET het=  resseq=68 icode= >,3on0_A_A,2.874
512,0.512,MET, ,C,58.72,1000.00,0.512,4.99,1.0,<Residue MET het=  resseq=68 icode= >,3on0_A_A,2.874
513,0.0,MET, ,O,58.05,1000.00,0.0,2.21,1.0,<Residue MET het=  resseq=68 icode= >,3on0_A_A,2.874
514,11.952,MET, ,CB,58.4,1000.00,11.567,3.12,1.0,<Residue MET het=  resseq=68 icode= >,3on0_A_A,2.874
515,0.823,MET, ,CG,58.5,1000.00,0.614,2.63,1.0,<Residue MET het=  resseq=68 icode= >,3on0_A_A,2.874
516,27.559,MET, ,SD,59.21,1000.00,27.559,4.69,1.0,<Residue MET het=  resseq=68 icode= >,3on0_A_A,2.874
517,52.314,MET, ,CE,55.09,1000.00,45.494,1.05,1.0,<Residue MET het=  resseq=68 icode= >,3on0_A_A,2.874
518,0.613,LEU, ,N,59.55,1000.00,0.613,4.41,1.0,<Residue LEU het=  resseq=69 icode= >,3on0_A_A,2.874
519,4.007,LEU, ,CA,59.13,1000.00,4.007,5.04,1.0,<Residue LEU het=  resseq=69 icode= >,3on0_A_A,2.874
520,0.0,LEU, ,C,59.58,1000.00,0.0,5.01,1.0,<Residue LEU het=  resseq=69 icode= >,3on0_A_A,2.874
521,0.0,LEU, ,O,58.92,1000.00,0.0,2.80,1.0,<Residue LEU het=  resseq=69 icode= >,3on0_A_A,2.874
522,6.378,LEU, ,CB,60.37,1000.00,6.378,2.92,1.0,<Residue LEU het=  resseq=69 icode= >,3on0_A_A,2.874
523,4.728,LEU, ,CG,59.99,1000.00,4.728,3.22,1.0,<Residue LEU het=  resseq=69 icode= >,3on0_A_A,2.874
524,39.921,LEU, ,CD1,57.07,1000.00,39.91,0.28,1.0,<Residue LEU het=  resseq=69 icode= >,3on0_A_A,2.874
525,65.139,LEU, ,CD2,61.2,1000.00,65.139,0.58,1.0,<Residue LEU het=  resseq=69 icode= >,3on0_A_A,2.874
526,0.366,GLU, ,N,60.91,1000.00,0.366,2.49,1.0,<Residue GLU het=  resseq=70 icode= >,3on0_A_A,2.874
527,6.247,GLU, ,CA,61.54,1000.00,6.247,2.96,1.0,<Residue GLU het=  resseq=70 icode= >,3on0_A_A,2.874
528,0.0,GLU, ,C,59.97,1000.00,0.0,4.23,1.0,<Residue GLU het=  resseq=70 icode= >,3on0_A_A,2.874
529,0.456,GLU, ,O,59.5,1000.00,0.456,3.11,1.0,<Residue GLU het=  resseq=70 icode= >,3on0_A_A,2.874
530,8.79,GLU, ,CB,63.24,1000.00,8.109,1.16,1.0,<Residue GLU het=  resseq=70 icode= >,3on0_A_A,2.874
531,12.048,GLU, ,CG,65.33,1000.00,9.418,1.02,1.0,<Residue GLU het=  resseq=70 icode= >,3on0_A_A,2.874
532,7.837,GLU, ,CD,69.49,1000.00,0.476,2.85,1.0,<Residue GLU het=  resseq=70 icode= >,3on0_A_A,2.874
533,18.661,GLU, ,OE1,72.18,1000.00,7.171,1.98,1.0,<Residue GLU het=  resseq=70 icode= >,3on0_A_A,2.874
534,22.201,GLU, ,OE2,71.86,1000.00,0.0,1.23,1.0,<Residue GLU het=  resseq=70 icode= >,3on0_A_A,2.874
535,0.0,ASN, ,N,59.26,1000.00,0.0,3.61,1.0,<Residue ASN het=  resseq=71 icode= >,3on0_A_A,2.874
536,0.107,ASN, ,CA,58.26,1000.00,0.107,3.94,1.0,<Residue ASN het=  resseq=71 icode= >,3on0_A_A,2.874
537,0.271,ASN, ,C,56.77,1000.00,0.271,4.20,1.0,<Residue ASN het=  resseq=71 icode= >,3on0_A_A,2.874
538,0.0,ASN, ,O,56.54,1000.00,0.0,2.08,1.0,<Residue ASN het=  resseq=71 icode= >,3on0_A_A,2.874
539,14.117,ASN, ,CB,58.02,1000.00,14.117,2.15,1.0,<Residue ASN het=  resseq=71 icode= >,3on0_A_A,2.874
540,6.188,ASN, ,CG,61.76,1000.00,6.188,3.43,1.0,<Residue ASN het=  resseq=71 icode= >,3on0_A_A,2.874
541,19.481,ASN, ,OD1,64.67,1000.00,19.481,1.87,1.0,<Residue ASN het=  resseq=71 icode= >,3on0_A_A,2.874
542,31.832,ASN, ,ND2,64.75,1000.00,31.832,0.79,1.0,<Residue ASN het=  resseq=71 icode= >,3on0_A_A,2.874
543,0.05,VAL, ,N,55.72,1000.00,0.05,2.92,1.0,<Residue VAL het=  resseq=72 icode= >,3on0_A_A,2.874
544,1.565,VAL, ,CA,54.19,1000.00,0.655,4.69,1.0,<Residue VAL het=  resseq=72 icode= >,3on0_A_A,2.874
545,0.0,VAL, ,C,54.79,1000.00,0.0,6.07,1.0,<Residue VAL het=  resseq=72 icode= >,3on0_A_A,2.874
546,0.87,VAL, ,O,54.11,1000.00,0.87,2.97,1.0,<Residue VAL het=  resseq=72 icode= >,3on0_A_A,2.874
547,0.561,VAL, ,CB,53.91,1000.00,0.561,3.22,1.0,<Residue VAL het=  resseq=72 icode= >,3on0_A_A,2.874
548,44.143,VAL, ,CG1,53.43,1000.00,43.637,0.53,1.0,<Residue VAL het=  resseq=72 icode= >,3on0_A_A,2.874
549,44.401,VAL, ,CG2,52.58,1000.00,39.079,1.22,1.0,<Residue VAL het=  resseq=72 icode= >,3on0_A_A,2.874
550,0.0,SER, ,N,55.83,1000.00,0.0,5.46,1.0,<Residue SER het=  resseq=73 icode= >,3on0_A_A,2.874
551,1.929,SER, ,CA,56.84,1000.00,1.929,5.43,1.0,<Residue SER het=  resseq=73 icode= >,3on0_A_A,2.874
552,1.271,SER, ,C,57.16,1000.00,1.271,5.05,1.0,<Residue SER het=  resseq=73 icode= >,3on0_A_A,2.874
553,3.381,SER, ,O,57.17,1000.00,3.381,2.58,1.0,<Residue SER het=  resseq=73 icode= >,3on0_A_A,2.874
554,26.018,SER, ,CB,58.53,1000.00,26.018,3.42,1.0,<Residue SER het=  resseq=73 icode= >,3on0_A_A,2.874
555,24.904,SER, ,OG,59.67,1000.00,24.904,1.81,1.0,<Residue SER het=  resseq=73 icode= >,3on0_A_A,2.874
556,0.493,ARG, ,N,57.68,1000.00,0.493,2.84,1.0,<Residue ARG het=  resseq=74 icode= >,3on0_A_A,2.874
557,5.321,ARG, ,CA,58.22,1000.00,5.321,3.24,1.0,<Residue ARG het=  resseq=74 icode= >,3on0_A_A,2.874
558,0.0,ARG, ,C,56.6,1000.00,0.0,4.51,1.0,<Residue ARG het=  resseq=74 icode= >,3on0_A_A,2.874
559,0.15,ARG, ,O,56.6,1000.00,0.15,2.81,1.0,<Residue ARG het=  resseq=74 icode= >,3on0_A_A,2.874
560,1.791,ARG, ,CB,59.25,1000.00,1.791,1.22,1.0,<Residue ARG het=  resseq=74 icode= >,3on0_A_A,2.874
561,13.951,ARG, ,CG,62.59,1000.00,12.993,1.13,1.0,<Residue ARG het=  resseq=74 icode= >,3on0_A_A,2.874
562,15.789,ARG, ,CD,65.8,1000.00,15.065,1.34,1.0,<Residue ARG het=  resseq=74 icode= >,3on0_A_A,2.874
563,16.022,ARG, ,NE,69.09,1000.00,14.791,2.31,1.0,<Residue ARG het=  resseq=74 icode= >,3on0_A_A,2.874
564,8.316,ARG, ,CZ,71.05,1000.00,7.967,3.06,1.0,<Residue ARG het=  resseq=74 icode= >,3on0_A_A,2.874
565,15.545,ARG, ,NH1,72.21,1000.00,7.217,1.53,1.0,<Residue ARG het=  resseq=74 icode= >,3on0_A_A,2.874
566,59.28,ARG, ,NH2,73.57,1000.00,35.384,1.21,1.0,<Residue ARG het=  resseq=74 icode= >,3on0_A_A,2.874
567,0.0,VAL, ,N,54.99,1000.00,0.0,3.32,1.0,<Residue VAL het=  resseq=75 icode= >,3on0_A_A,2.874
568,0.0,VAL, ,CA,53.53,1000.00,0.0,5.07,1.0,<Residue VAL het=  resseq=75 icode= >,3on0_A_A,2.874
569,0.0,VAL, ,C,53.58,1000.00,0.0,4.94,1.0,<Residue VAL het=  resseq=75 icode= >,3on0_A_A,2.874
570,0.0,VAL, ,O,53.57,1000.00,0.0,2.50,1.0,<Residue VAL het=  resseq=75 icode= >,3on0_A_A,2.874
571,0.484,VAL, ,CB,52.16,1000.00,0.012,4.14,1.0,<Residue VAL het=  resseq=75 icode= >,3on0_A_A,2.874
572,40.058,VAL, ,CG1,50.66,1000.00,36.774,1.91,1.0,<Residue VAL het=  resseq=75 icode= >,3on0_A_A,2.874
573,36.664,VAL, ,CG2,52.55,1000.00,35.069,1.26,1.0,<Residue VAL het=  resseq=75 icode= >,3on0_A_A,2.874
574,0.114,ARG, ,N,53.56,1000.00,0.114,3.26,1.0,<Residue ARG het=  resseq=76 icode= >,3on0_A_A,2.874
575,4.664,ARG, ,CA,53.56,1000.00,4.664,4.44,1.0,<Residue ARG het=  resseq=76 icode= >,3on0_A_A,2.874
576,0.0,ARG, ,C,54.32,1000.00,0.0,5.33,1.0,<Residue ARG het=  resseq=76 icode= >,3on0_A_A,2.874
577,0.488,ARG, ,O,54.28,1000.00,0.488,3.06,1.0,<Residue ARG het=  resseq=76 icode= >,3on0_A_A,2.874
578,7.321,ARG, ,CB,54.04,1000.00,7.321,1.96,1.0,<Residue ARG het=  resseq=76 icode= >,3on0_A_A,2.874
579,18.368,ARG, ,CG,54.82,1000.00,18.368,2.47,1.0,<Residue ARG het=  resseq=76 icode= >,3on0_A_A,2.874
580,21.324,ARG, ,CD,58.22,1000.00,21.324,3.13,1.0,<Residue ARG het=  resseq=76 icode= >,3on0_A_A,2.874
581,9.808,ARG, ,NE,61.1,1000.00,5.841,2.72,1.0,<Residue ARG het=  resseq=76 icode= >,3on0_A_A,2.874
582,8.723,ARG, ,CZ,62.15,1000.00,8.696,3.96,1.0,<Residue ARG het=  resseq=76 icode= >,3on0_A_A,2.874
583,50.223,ARG, ,NH1,62.71,1000.00,38.931,2.02,1.0,<Residue ARG het=  resseq=76 icode= >,3on0_A_A,2.874
584,56.715,ARG, ,NH2,63.18,1000.00,19.017,2.15,1.0,<Residue ARG het=  resseq=76 icode= >,3on0_A_A,2.874
585,0.447,ALA, ,N,55.15,1000.00,0.447,3.43,1.0,<Residue ALA het=  resseq=77 icode= >,3on0_A_A,2.874
586,6.995,ALA, ,CA,56.21,1000.00,1.28,3.70,1.0,<Residue ALA het=  resseq=77 icode= >,3on0_A_A,2.874
587,0.6,ALA, ,C,56.4,1000.00,0.6,4.40,1.0,<Residue ALA het=  resseq=77 icode= >,3on0_A_A,2.874
588,0.647,ALA, ,O,56.91,1000.00,0.0,2.45,1.0,<Residue ALA het=  resseq=77 icode= >,3on0_A_A,2.874
589,51.489,ALA, ,CB,57.5,1000.00,45.809,1.45,1.0,<Residue ALA het=  resseq=77 icode= >,3on0_A_A,2.874
590,0.0,MET, ,N,55.82,1000.00,0.0,3.40,1.0,<Residue MET het=  resseq=78 icode= >,3on0_A_A,2.874
591,3.566,MET, ,CA,55.76,1000.00,3.566,4.78,1.0,<Residue MET het=  resseq=78 icode= >,3on0_A_A,2.874
592,0.0,MET, ,C,55.1,1000.00,0.0,3.64,1.0,<Residue MET het=  resseq=78 icode= >,3on0_A_A,2.874
593,0.214,MET, ,O,56.16,1000.00,0.214,1.28,1.0,<Residue MET het=  resseq=78 icode= >,3on0_A_A,2.874
594,3.451,MET, ,CB,55.28,1000.00,3.451,1.99,1.0,<Residue MET het=  resseq=78 icode= >,3on0_A_A,2.874
595,25.015,MET, ,CG,56.26,1000.00,25.015,3.99,1.0,<Residue MET het=  resseq=78 icode= >,3on0_A_A,2.874
596,45.035,MET, ,SD,57.39,1000.00,42.607,5.25,1.0,<Residue MET het=  resseq=78 icode= >,3on0_A_A,2.874
597,29.721,MET, ,CE,55.44,1000.00,29.5,2.01,1.0,<Residue MET het=  resseq=78 icode= >,3on0_A_A,2.874
598,0.0,CYS, ,N,53.75,1000.00,0.0,2.38,1.0,<Residue CYS het=  resseq=79 icode= >,3on0_A_A,2.874
599,0.254,CYS, ,CA,53.25,1000.00,0.254,5.33,1.0,<Residue CYS het=  resseq=79 icode= >,3on0_A_A,2.874
600,0.783,CYS, ,C,54.12,1000.00,0.783,4.97,1.0,<Residue CYS het=  resseq=79 icode= >,3on0_A_A,2.874
601,0.914,CYS, ,O,54.82,1000.00,0.914,2.71,1.0,<Residue CYS het=  resseq=79 icode= >,3on0_A_A,2.874
602,24.779,CYS, ,CB,51.57,1000.00,24.779,4.19,1.0,<Residue CYS het=  resseq=79 icode= >,3on0_A_A,2.874
603,41.252,CYS, ,SG,51.71,1000.00,39.987,5.79,1.0,<Residue CYS het=  resseq=79 icode= >,3on0_A_A,2.874
604,0.707,THR, ,N,54.25,1000.00,0.707,4.54,1.0,<Residue THR het=  resseq=80 icode= >,3on0_A_A,2.874
605,4.975,THR, ,CA,55.07,1000.00,4.975,4.41,1.0,<Residue THR het=  resseq=80 icode= >,3on0_A_A,2.874
606,0.0,THR, ,C,56.65,1000.00,0.0,4.13,1.0,<Residue THR het=  resseq=80 icode= >,3on0_A_A,2.874
607,0.0,THR, ,O,57.3,1000.00,0.0,1.79,1.0,<Residue THR het=  resseq=80 icode= >,3on0_A_A,2.874
608,2.513,THR, ,CB,55.84,1000.00,0.014,3.67,1.0,<Residue THR het=  resseq=80 icode= >,3on0_A_A,2.874
609,12.839,THR, ,OG1,54.83,1000.00,6.246,2.85,1.0,<Residue THR het=  resseq=80 icode= >,3on0_A_A,2.874
610,23.225,THR, ,CG2,56.64,1000.00,0.718,1.39,1.0,<Residue THR het=  resseq=80 icode= >,3on0_A_A,2.874
611,0.0,GLU, ,N,57.71,1000.00,0.0,1.64,1.0,<Residue GLU het=  resseq=81 icode= >,3on0_A_A,2.874
612,0.0,GLU, ,CA,59.38,1000.00,0.0,2.29,1.0,<Residue GLU het=  resseq=81 icode= >,3on0_A_A,2.874
613,0.0,GLU, ,C,58.92,1000.00,0.0,4.44,1.0,<Residue GLU het=  resseq=81 icode= >,3on0_A_A,2.874
614,0.09,GLU, ,O,59.96,1000.00,0.09,2.42,1.0,<Residue GLU het=  resseq=81 icode= >,3on0_A_A,2.874
615,8.633,GLU, ,CB,60.84,1000.00,8.633,1.35,1.0,<Residue GLU het=  resseq=81 icode= >,3on0_A_A,2.874
616,25.144,GLU, ,CG,62.06,1000.00,23.218,2.14,1.0,<Residue GLU het=  resseq=81 icode= >,3on0_A_A,2.874
617,8.339,GLU, ,CD,65.11,1000.00,3.903,4.07,1.0,<Residue GLU het=  resseq=81 icode= >,3on0_A_A,2.874
618,28.293,GLU, ,OE1,66.37,1000.00,24.196,1.89,1.0,<Residue GLU het=  resseq=81 icode= >,3on0_A_A,2.874
619,16.177,GLU, ,OE2,67.09,1000.00,0.0,2.21,1.0,<Residue GLU het=  resseq=81 icode= >,3on0_A_A,2.874
620,0.0,ILE, ,N,57.47,1000.00,0.0,4.21,1.0,<Residue ILE het=  resseq=82 icode= >,3on0_A_A,2.874
621,0.0,ILE, ,CA,57.01,1000.00,0.0,5.47,1.0,<Residue ILE het=  resseq=82 icode= >,3on0_A_A,2.874
622,0.0,ILE, ,C,56.67,1000.00,0.0,4.53,1.0,<Residue ILE het=  resseq=82 icode= >,3on0_A_A,2.874
623,0.376,ILE, ,O,57.44,1000.00,0.364,2.12,1.0,<Residue ILE het=  resseq=82 icode= >,3on0_A_A,2.874
624,0.694,ILE, ,CB,55.89,1000.00,0.694,4.02,1.0,<Residue ILE het=  resseq=82 icode= >,3on0_A_A,2.874
625,14.431,ILE, ,CG1,56.31,1000.00,14.431,2.70,1.0,<Residue ILE het=  resseq=82 icode= >,3on0_A_A,2.874
626,40.762,ILE, ,CG2,55.52,1000.00,39.229,1.08,1.0,<Residue ILE het=  resseq=82 icode= >,3on0_A_A,2.874
627,42.001,ILE, ,CD1,54.62,1000.00,40.445,1.76,1.0,<Residue ILE het=  resseq=82 icode= >,3on0_A_A,2.874
628,0.388,LEU, ,N,55.5,1000.00,0.388,2.28,1.0,<Residue LEU het=  resseq=83 icode= >,3on0_A_A,2.874
629,3.041,LEU, ,CA,55.05,1000.00,3.041,3.42,1.0,<Residue LEU het=  resseq=83 icode= >,3on0_A_A,2.874
630,0.0,LEU, ,C,56.68,1000.00,0.0,4.47,1.0,<Residue LEU het=  resseq=83 icode= >,3on0_A_A,2.874
631,0.0,LEU, ,O,57.58,1000.00,0.0,1.57,1.0,<Residue LEU het=  resseq=83 icode= >,3on0_A_A,2.874
632,4.344,LEU, ,CB,53.99,1000.00,4.344,0.98,1.0,<Residue LEU het=  resseq=83 icode= >,3on0_A_A,2.874
633,0.0,LEU, ,CG,53.78,1000.00,0.0,2.39,1.0,<Residue LEU het=  resseq=83 icode= >,3on0_A_A,2.874
634,33.368,LEU, ,CD1,52.42,1000.00,33.368,1.20,1.0,<Residue LEU het=  resseq=83 icode= >,3on0_A_A,2.874
635,7.058,LEU, ,CD2,53.05,1000.00,6.803,0.40,1.0,<Residue LEU het=  resseq=83 icode= >,3on0_A_A,2.874
636,0.0,LYS, ,N,57.25,1000.00,0.0,3.73,1.0,<Residue LYS het=  resseq=84 icode= >,3on0_A_A,2.874
637,0.889,LYS, ,CA,58.88,1000.00,0.0,4.21,1.0,<Residue LYS het=  resseq=84 icode= >,3on0_A_A,2.874
638,0.564,LYS, ,C,60.22,1000.00,0.564,4.21,1.0,<Residue LYS het=  resseq=84 icode= >,3on0_A_A,2.874
639,1.702,LYS, ,O,61.67,1000.00,0.177,2.36,1.0,<Residue LYS het=  resseq=84 icode= >,3on0_A_A,2.874
640,12.962,LYS, ,CB,59.78,1000.00,9.683,2.50,1.0,<Residue LYS het=  resseq=84 icode= >,3on0_A_A,2.874
641,1.471,LYS, ,CG,58.98,1000.00,0.0,2.12,1.0,<Residue LYS het=  resseq=84 icode= >,3on0_A_A,2.874
642,24.294,LYS, ,CD,61.36,1000.00,7.192,1.72,1.0,<Residue LYS het=  resseq=84 icode= >,3on0_A_A,2.874
643,14.28,LYS, ,CE,61.76,1000.00,0.0,0.72,1.0,<Residue LYS het=  resseq=84 icode= >,3on0_A_A,2.874
644,26.255,LYS, ,NZ,63.03,1000.00,0.0,0.87,1.0,<Residue LYS het=  resseq=84 icode= >,3on0_A_A,2.874
645,0.0,MET, ,N,60.14,1000.00,0.0,2.66,1.0,<Residue MET het=  resseq=85 icode= >,3on0_A_A,2.874
646,0.026,MET, ,CA,61.35,1000.00,0.026,2.97,1.0,<Residue MET het=  resseq=85 icode= >,3on0_A_A,2.874
647,1.155,MET, ,C,60.87,1000.00,0.0,3.96,1.0,<Residue MET het=  resseq=85 icode= >,3on0_A_A,2.874
648,5.152,MET, ,O,62.22,1000.00,4.237,1.91,1.0,<Residue MET het=  resseq=85 icode= >,3on0_A_A,2.874
649,16.146,MET, ,CB,61.53,1000.00,14.708,1.10,1.0,<Residue MET het=  resseq=85 icode= >,3on0_A_A,2.874
650,21.366,MET, ,CG,62.78,1000.00,21.366,1.89,1.0,<Residue MET het=  resseq=85 icode= >,3on0_A_A,2.874
651,46.122,MET, ,SD,66.29,1000.00,46.122,3.96,1.0,<Residue MET het=  resseq=85 icode= >,3on0_A_A,2.874
652,31.381,MET, ,CE,60.71,1000.00,31.381,1.55,1.0,<Residue MET het=  resseq=85 icode= >,3on0_A_A,2.874
653,0.516,SER, ,N,59.08,1000.00,0.129,3.78,1.0,<Residue SER het=  resseq=86 icode= >,3on0_A_A,2.874
654,6.1,SER, ,CA,59.18,1000.00,0.0,5.52,1.0,<Residue SER het=  resseq=86 icode= >,3on0_A_A,2.874
655,0.34,SER, ,C,60.32,1000.00,0.34,5.13,1.0,<Residue SER het=  resseq=86 icode= >,3on0_A_A,2.874
656,0.0,SER, ,O,61.74,1000.00,0.0,2.80,1.0,<Residue SER het=  resseq=86 icode= >,3on0_A_A,2.874
657,28.294,SER, ,CB,57.25,1000.00,25.604,2.74,1.0,<Residue SER het=  resseq=86 icode= >,3on0_A_A,2.874
658,19.139,SER, ,OG,56.97,1000.00,10.459,2.13,1.0,<Residue SER het=  resseq=86 icode= >,3on0_A_A,2.874
659,0.207,VAL, ,N,60.19,1000.00,0.207,3.15,1.0,<Residue VAL het=  resseq=87 icode= >,3on0_A_A,2.874
660,0.39,VAL, ,CA,61.43,1000.00,0.39,3.49,1.0,<Residue VAL het=  resseq=87 icode= >,3on0_A_A,2.874
661,0.0,VAL, ,C,64.13,1000.00,0.0,3.30,1.0,<Residue VAL het=  resseq=87 icode= >,3on0_A_A,2.874
662,1.152,VAL, ,O,65.2,1000.00,0.0,1.93,1.0,<Residue VAL het=  resseq=87 icode= >,3on0_A_A,2.874
663,0.0,VAL, ,CB,60.93,1000.00,0.0,2.68,1.0,<Residue VAL het=  resseq=87 icode= >,3on0_A_A,2.874
664,18.958,VAL, ,CG1,62.87,1000.00,0.0,1.17,1.0,<Residue VAL het=  resseq=87 icode= >,3on0_A_A,2.874
665,1.904,VAL, ,CG2,59.09,1000.00,1.904,1.05,1.0,<Residue VAL het=  resseq=87 icode= >,3on0_A_A,2.874
666,0.0,LEU, ,N,65.16,1000.00,0.0,2.03,1.0,<Residue LEU het=  resseq=88 icode= >,3on0_A_A,2.874
667,0.0,LEU, ,CA,67.5,1000.00,0.0,3.41,1.0,<Residue LEU het=  resseq=88 icode= >,3on0_A_A,2.874
668,0.978,LEU, ,C,68.48,1000.00,0.978,4.19,1.0,<Residue LEU het=  resseq=88 icode= >,3on0_A_A,2.874
669,16.046,LEU, ,O,70.77,1000.00,12.782,2.84,1.0,<Residue LEU het=  resseq=88 icode= >,3on0_A_A,2.874
670,11.092,LEU, ,CB,68.63,1000.00,10.583,2.31,1.0,<Residue LEU het=  resseq=88 icode= >,3on0_A_A,2.874
671,1.939,LEU, ,CG,68.93,1000.00,0.241,1.94,1.0,<Residue LEU het=  resseq=88 icode= >,3on0_A_A,2.874
672,58.961,LEU, ,CD1,70.5,1000.00,53.919,0.46,1.0,<Residue LEU het=  resseq=88 icode= >,3on0_A_A,2.874
673,43.056,LEU, ,CD2,69.8,1000.00,0.103,0.53,1.0,<Residue LEU het=  resseq=88 icode= >,3on0_A_A,2.874
674,0.05,ASN, ,N,67.19,1000.00,0.05,4.21,1.0,<Residue ASN het=  resseq=89 icode= >,3on0_A_A,2.874
675,5.432,ASN, ,CA,68.72,1000.00,5.432,5.04,1.0,<Residue ASN het=  resseq=89 icode= >,3on0_A_A,2.874
676,0.0,ASN, ,C,70.47,1000.00,0.0,3.65,1.0,<Residue ASN het=  resseq=89 icode= >,3on0_A_A,2.874
677,0.0,ASN, ,O,69.73,1000.00,0.0,1.04,1.0,<Residue ASN het=  resseq=89 icode= >,3on0_A_A,2.874
678,7.227,ASN, ,CB,67.02,1000.00,2.635,2.84,1.0,<Residue ASN het=  resseq=89 icode= >,3on0_A_A,2.874
679,5.424,ASN, ,CG,68.35,1000.00,2.031,4.25,1.0,<Residue ASN het=  resseq=89 icode= >,3on0_A_A,2.874
680,32.015,ASN, ,OD1,70.85,1000.00,28.869,1.06,1.0,<Residue ASN het=  resseq=89 icode= >,3on0_A_A,2.874
681,27.163,ASN, ,ND2,67.36,1000.00,22.631,2.56,1.0,<Residue ASN het=  resseq=89 icode= >,3on0_A_A,2.874
682,4.0,GLN, ,N,73.35,1000.00,4.0,1.50,1.0,<Residue GLN het=  resseq=90 icode= >,3on0_A_A,2.874
683,2.388,GLN, ,CA,75.51,1000.00,0.77,2.33,1.0,<Residue GLN het=  resseq=90 icode= >,3on0_A_A,2.874
684,0.0,GLN, ,C,73.89,1000.00,0.0,4.05,1.0,<Residue GLN het=  resseq=90 icode= >,3on0_A_A,2.874
685,0.067,GLN, ,O,74.0,1000.00,0.0,2.13,1.0,<Residue GLN het=  resseq=90 icode= >,3on0_A_A,2.874
686,18.6,GLN, ,CB,78.68,1000.00,13.216,0.57,1.0,<Residue GLN het=  resseq=90 icode= >,3on0_A_A,2.874
687,23.697,GLN, ,CG,83.19,1000.00,0.0,0.58,1.0,<Residue GLN het=  resseq=90 icode= >,3on0_A_A,2.874
688,10.464,GLN, ,CD,89.06,1000.00,0.0,0.69,1.0,<Residue GLN het=  resseq=90 icode= >,3on0_A_A,2.874
689,41.114,GLN, ,OE1,92.51,1000.00,0.0,0.08,1.0,<Residue GLN het=  resseq=90 icode= >,3on0_A_A,2.874
690,37.772,GLN, ,NE2,88.91,1000.00,0.481,0.58,1.0,<Residue GLN het=  resseq=90 icode= >,3on0_A_A,2.874
691,0.0,GLU, ,N,72.41,1000.00,0.0,3.49,1.0,<Residue GLU het=  resseq=91 icode= >,3on0_A_A,2.874
692,2.806,GLU, ,CA,70.97,1000.00,0.0,3.81,1.0,<Residue GLU het=  resseq=91 icode= >,3on0_A_A,2.874
693,1.246,GLU, ,C,68.95,1000.00,1.246,3.31,1.0,<Residue GLU het=  resseq=91 icode= >,3on0_A_A,2.874
694,6.28,GLU, ,O,69.3,1000.00,3.527,1.33,1.0,<Residue GLU het=  resseq=91 icode= >,3on0_A_A,2.874
695,20.732,GLU, ,CB,70.12,1000.00,18.395,2.05,1.0,<Residue GLU het=  resseq=91 icode= >,3on0_A_A,2.874
696,37.28,GLU, ,CG,72.25,1000.00,20.491,2.55,1.0,<Residue GLU het=  resseq=91 icode= >,3on0_A_A,2.874
697,2.76,GLU, ,CD,74.31,1000.00,0.74,3.38,1.0,<Residue GLU het=  resseq=91 icode= >,3on0_A_A,2.874
698,40.018,GLU, ,OE1,75.02,1000.00,32.522,2.36,1.0,<Residue GLU het=  resseq=91 icode= >,3on0_A_A,2.874
699,3.516,GLU, ,OE2,75.87,1000.00,1.182,2.20,1.0,<Residue GLU het=  resseq=91 icode= >,3on0_A_A,2.874
700,0.462,SER, ,N,67.07,1000.00,0.462,2.39,1.0,<Residue SER het=  resseq=92 icode= >,3on0_A_A,2.874
701,3.364,SER, ,CA,64.88,1000.00,3.364,4.10,1.0,<Residue SER het=  resseq=92 icode= >,3on0_A_A,2.874
702,0.081,SER, ,C,66.12,1000.00,0.0,4.18,1.0,<Residue SER het=  resseq=92 icode= >,3on0_A_A,2.874
703,0.589,SER, ,O,66.16,1000.00,0.0,2.45,1.0,<Residue SER het=  resseq=92 icode= >,3on0_A_A,2.874
704,1.129,SER, ,CB,63.38,1000.00,1.123,2.09,1.0,<Residue SER het=  resseq=92 icode= >,3on0_A_A,2.874
705,14.062,SER, ,OG,62.27,1000.00,13.971,1.80,1.0,<Residue SER het=  resseq=92 icode= >,3on0_A_A,2.874
706,0.427,ILE, ,N,67.24,1000.00,0.0,3.03,1.0,<Residue ILE het=  resseq=93 icode= >,3on0_A_A,2.874
707,8.495,ILE, ,CA,68.66,1000.00,0.0,3.17,1.0,<Residue ILE het=  resseq=93 icode= >,3on0_A_A,2.874
708,0.09,ILE, ,C,69.66,1000.00,0.0,3.42,1.0,<Residue ILE het=  resseq=93 icode= >,3on0_A_A,2.874
709,10.823,ILE, ,O,69.71,1000.00,0.0,2.04,1.0,<Residue ILE het=  resseq=93 icode= >,3on0_A_A,2.874
710,2.211,ILE, ,CB,70.9,1000.00,0.0,2.83,1.0,<Residue ILE het=  resseq=93 icode= >,3on0_A_A,2.874
711,3.003,ILE, ,CG1,70.01,1000.00,0.0,2.18,1.0,<Residue ILE het=  resseq=93 icode= >,3on0_A_A,2.874
712,49.76,ILE, ,CG2,72.02,1000.00,0.0,0.78,1.0,<Residue ILE het=  resseq=93 icode= >,3on0_A_A,2.874
713,34.711,ILE, ,CD1,69.56,1000.00,0.0,0.55,1.0,<Residue ILE het=  resseq=93 icode= >,3on0_A_A,2.874
714,0.332,ALA, ,N,70.39,1000.00,0.0,2.63,1.0,<Residue ALA het=  resseq=94 icode= >,3on0_A_A,2.874
715,12.846,ALA, ,CA,71.66,1000.00,0.0,3.05,1.0,<Residue ALA het=  resseq=94 icode= >,3on0_A_A,2.874
716,1.172,ALA, ,C,70.4,1000.00,0.0,3.65,1.0,<Residue ALA het=  resseq=94 icode= >,3on0_A_A,2.874
717,25.722,ALA, ,O,71.59,1000.00,0.0,1.65,1.0,<Residue ALA het=  resseq=94 icode= >,3on0_A_A,2.874
718,43.222,ALA, ,CB,72.46,1000.00,0.0,0.67,1.0,<Residue ALA het=  resseq=94 icode= >,3on0_A_A,2.874
719,0.265,SER, ,N,68.34,1000.00,0.0,2.57,1.0,<Residue SER het=  resseq=95 icode= >,3on0_A_A,2.874
720,13.683,SER, ,CA,67.48,1000.00,0.0,3.45,1.0,<Residue SER het=  resseq=95 icode= >,3on0_A_A,2.874
721,1.097,SER, ,C,67.49,1000.00,0.0,3.81,1.0,<Residue SER het=  resseq=95 icode= >,3on0_A_A,2.874
722,15.651,SER, ,O,67.43,1000.00,0.0,2.06,1.0,<Residue SER het=  resseq=95 icode= >,3on0_A_A,2.874
723,23.668,SER, ,CB,65.03,1000.00,14.332,2.66,1.0,<Residue SER het=  resseq=95 icode= >,3on0_A_A,2.874
724,0.0,SER, ,OG,63.26,1000.00,0.0,2.13,1.0,<Residue SER het=  resseq=95 icode= >,3on0_A_A,2.874
725,0.0,GLY, ,N,67.93,1000.00,0.0,2.52,1.0,<Residue GLY het=  resseq=96 icode= >,3on0_A_A,2.874
726,34.102,GLY, ,CA,68.11,1000.00,0.0,2.28,1.0,<Residue GLY het=  resseq=96 icode= >,3on0_A_A,2.874
727,0.747,GLY, ,C,66.4,1000.00,0.0,3.79,1.0,<Residue GLY het=  resseq=96 icode= >,3on0_A_A,2.874
728,24.884,GLY, ,O,66.38,1000.00,0.0,2.51,1.0,<Residue GLY het=  resseq=96 icode= >,3on0_A_A,2.874
729,0.0,ASN, ,N,65.07,1000.00,0.0,3.65,1.0,<Residue ASN het=  resseq=97 icode= >,3on0_A_A,2.874
730,5.88,ASN, ,CA,63.37,1000.00,0.0,4.39,1.0,<Residue ASN het=  resseq=97 icode= >,3on0_A_A,2.874
731,2.225,ASN, ,C,61.99,1000.00,0.0,3.92,1.0,<Residue ASN het=  resseq=97 icode= >,3on0_A_A,2.874
732,16.147,ASN, ,O,60.55,1000.00,0.417,2.65,1.0,<Residue ASN het=  resseq=97 icode= >,3on0_A_A,2.874
733,11.484,ASN, ,CB,62.83,1000.00,0.0,4.27,1.0,<Residue ASN het=  resseq=97 icode= >,3on0_A_A,2.874
734,5.553,ASN, ,CG,66.06,1000.00,0.0,3.56,1.0,<Residue ASN het=  resseq=97 icode= >,3on0_A_A,2.874
735,36.82,ASN, ,OD1,68.46,1000.00,0.0,2.41,1.0,<Residue ASN het=  resseq=97 icode= >,3on0_A_A,2.874
736,27.956,ASN, ,ND2,68.65,1000.00,0.0,1.39,1.0,<Residue ASN het=  resseq=97 icode= >,3on0_A_A,2.874
737,0.573,PHE, ,N,62.37,1000.00,0.0,3.02,1.0,<Residue PHE het=  resseq=98 icode= >,3on0_A_A,2.874
738,0.0,PHE, ,CA,61.07,1000.00,0.0,4.72,1.0,<Residue PHE het=  resseq=98 icode= >,3on0_A_A,2.874
739,3.12,PHE, ,C,62.28,1000.00,0.0,4.39,1.0,<Residue PHE het=  resseq=98 icode= >,3on0_A_A,2.874
740,4.775,PHE, ,O,62.99,1000.00,0.0,2.13,1.0,<Residue PHE het=  resseq=98 icode= >,3on0_A_A,2.874
741,1.434,PHE, ,CB,60.51,1000.00,1.434,3.67,1.0,<Residue PHE het=  resseq=98 icode= >,3on0_A_A,2.874
742,0.966,PHE, ,CG,59.73,1000.00,0.966,4.45,1.0,<Residue PHE het=  resseq=98 icode= >,3on0_A_A,2.874
743,0.294,PHE, ,CD1,59.92,1000.00,0.294,2.63,1.0,<Residue PHE het=  resseq=98 icode= >,3on0_A_A,2.874
744,12.392,PHE, ,CD2,57.55,1000.00,12.392,3.28,1.0,<Residue PHE het=  resseq=98 icode= >,3on0_A_A,2.874
745,13.087,PHE, ,CE1,59.47,1000.00,11.959,2.30,1.0,<Residue PHE het=  resseq=98 icode= >,3on0_A_A,2.874
746,34.593,PHE, ,CE2,56.78,1000.00,32.223,2.83,1.0,<Residue PHE het=  resseq=98 icode= >,3on0_A_A,2.874
747,32.445,PHE, ,CZ,58.34,1000.00,23.899,2.68,1.0,<Residue PHE het=  resseq=98 icode= >,3on0_A_A,2.874
748,1.639,ASP, ,N,63.08,1000.00,0.0,3.72,1.0,<Residue ASP het=  resseq=99 icode= >,3on0_A_A,2.874
749,9.422,ASP, ,CA,64.41,1000.00,0.0,4.61,1.0,<Residue ASP het=  resseq=99 icode= >,3on0_A_A,2.874
750,0.0,ASP, ,C,63.09,1000.00,0.0,4.05,1.0,<Residue ASP het=  resseq=99 icode= >,3on0_A_A,2.874
751,0.0,ASP, ,O,61.9,1000.00,0.0,2.10,1.0,<Residue ASP het=  resseq=99 icode= >,3on0_A_A,2.874
752,19.32,ASP, ,CB,65.94,1000.00,0.0,3.03,1.0,<Residue ASP het=  resseq=99 icode= >,3on0_A_A,2.874
753,8.063,ASP, ,CG,68.3,1000.00,0.0,4.11,1.0,<Residue ASP het=  resseq=99 icode= >,3on0_A_A,2.874
754,30.807,ASP, ,OD1,70.86,1000.00,0.0,2.27,1.0,<Residue ASP het=  resseq=99 icode= >,3on0_A_A,2.874
755,11.59,ASP, ,OD2,69.59,1000.00,0.0,2.38,1.0,<Residue ASP het=  resseq=99 icode= >,3on0_A_A,2.874
756,2.311,TYR, ,N,63.34,1000.00,0.0,1.87,1.0,<Residue TYR het=  resseq=100 icode= >,3on0_A_A,2.874
757,0.0,TYR, ,CA,62.15,1000.00,0.0,2.65,1.0,<Residue TYR het=  resseq=100 icode= >,3on0_A_A,2.874
758,0.0,TYR, ,C,61.93,1000.00,0.0,3.87,1.0,<Residue TYR het=  resseq=100 icode= >,3on0_A_A,2.874
759,0.0,TYR, ,O,60.73,1000.00,0.0,2.51,1.0,<Residue TYR het=  resseq=100 icode= >,3on0_A_A,2.874
760,14.261,TYR, ,CB,62.88,1000.00,0.0,1.29,1.0,<Residue TYR het=  resseq=100 icode= >,3on0_A_A,2.874
761,1.907,TYR, ,CG,62.61,1000.00,0.0,2.59,1.0,<Residue TYR het=  resseq=100 icode= >,3on0_A_A,2.874
762,0.338,TYR, ,CD1,61.86,1000.00,0.0,2.16,1.0,<Residue TYR het=  resseq=100 icode= >,3on0_A_A,2.874
763,19.09,TYR, ,CD2,63.74,1000.00,0.0,1.92,1.0,<Residue TYR het=  resseq=100 icode= >,3on0_A_A,2.874
764,0.0,TYR, ,CE1,61.45,1000.00,0.0,2.00,1.0,<Residue TYR het=  resseq=100 icode= >,3on0_A_A,2.874
765,21.091,TYR, ,CE2,63.41,1000.00,0.0,1.75,1.0,<Residue TYR het=  resseq=100 icode= >,3on0_A_A,2.874
766,0.0,TYR, ,CZ,63.0,1000.00,0.0,2.76,1.0,<Residue TYR het=  resseq=100 icode= >,3on0_A_A,2.874
767,6.376,TYR, ,OH,64.98,1000.00,0.0,1.42,1.0,<Residue TYR het=  resseq=100 icode= >,3on0_A_A,2.874
768,1.391,ALA, ,N,63.1,1000.00,0.0,3.67,1.0,<Residue ALA het=  resseq=101 icode= >,3on0_A_A,2.874
769,8.914,ALA, ,CA,63.26,1000.00,0.0,4.42,1.0,<Residue ALA het=  resseq=101 icode= >,3on0_A_A,2.874
770,0.064,ALA, ,C,62.35,1000.00,0.0,5.33,1.0,<Residue ALA het=  resseq=101 icode= >,3on0_A_A,2.874
771,12.24,ALA, ,O,62.53,1000.00,0.0,3.00,1.0,<Residue ALA het=  resseq=101 icode= >,3on0_A_A,2.874
772,52.48,ALA, ,CB,65.05,1000.00,0.0,1.89,1.0,<Residue ALA het=  resseq=101 icode= >,3on0_A_A,2.874
773,0.0,VAL, ,N,61.73,1000.00,0.0,3.95,1.0,<Residue VAL het=  resseq=102 icode= >,3on0_A_A,2.874
774,2.032,VAL, ,CA,60.69,1000.00,0.0,4.84,1.0,<Residue VAL het=  resseq=102 icode= >,3on0_A_A,2.874
775,0.0,VAL, ,C,59.09,1000.00,0.0,4.92,1.0,<Residue VAL het=  resseq=102 icode= >,3on0_A_A,2.874
776,1.228,VAL, ,O,58.39,1000.00,0.0,2.83,1.0,<Residue VAL het=  resseq=102 icode= >,3on0_A_A,2.874
777,2.303,VAL, ,CB,61.18,1000.00,0.0,2.93,1.0,<Residue VAL het=  resseq=102 icode= >,3on0_A_A,2.874
778,51.072,VAL, ,CG1,60.11,1000.00,0.0,1.10,1.0,<Residue VAL het=  resseq=102 icode= >,3on0_A_A,2.874
779,36.049,VAL, ,CG2,62.5,1000.00,0.0,1.37,1.0,<Residue VAL het=  resseq=102 icode= >,3on0_A_A,2.874
780,0.0,ILE, ,N,58.84,1000.00,0.0,3.12,1.0,<Residue ILE het=  resseq=103 icode= >,3on0_A_A,2.874
781,2.944,ILE, ,CA,57.42,1000.00,0.0,3.24,1.0,<Residue ILE het=  resseq=103 icode= >,3on0_A_A,2.874
782,0.0,ILE, ,C,56.73,1000.00,0.0,4.77,1.0,<Residue ILE het=  resseq=103 icode= >,3on0_A_A,2.874
783,0.012,ILE, ,O,55.7,1000.00,0.0,2.70,1.0,<Residue ILE het=  resseq=103 icode= >,3on0_A_A,2.874
784,0.0,ILE, ,CB,57.53,1000.00,0.0,2.33,1.0,<Residue ILE het=  resseq=103 icode= >,3on0_A_A,2.874
785,13.557,ILE, ,CG1,58.01,1000.00,6.215,1.85,1.0,<Residue ILE het=  resseq=103 icode= >,3on0_A_A,2.874
786,6.821,ILE, ,CG2,57.14,1000.00,6.442,-0.29,1.0,<Residue ILE het=  resseq=103 icode= >,3on0_A_A,2.874
787,5.928,ILE, ,CD1,59.45,1000.00,5.928,-0.36,1.0,<Residue ILE het=  resseq=103 icode= >,3on0_A_A,2.874
788,0.0,LYS, ,N,57.39,1000.00,0.0,4.23,1.0,<Residue LYS het=  resseq=104 icode= >,3on0_A_A,2.874
789,0.0,LYS, ,CA,57.1,1000.00,0.0,4.17,1.0,<Residue LYS het=  resseq=104 icode= >,3on0_A_A,2.874
790,0.0,LYS, ,C,56.66,1000.00,0.0,4.21,1.0,<Residue LYS het=  resseq=104 icode= >,3on0_A_A,2.874
791,0.0,LYS, ,O,55.78,1000.00,0.0,2.94,1.0,<Residue LYS het=  resseq=104 icode= >,3on0_A_A,2.874
792,2.914,LYS, ,CB,58.73,1000.00,0.0,2.58,1.0,<Residue LYS het=  resseq=104 icode= >,3on0_A_A,2.874
793,7.793,LYS, ,CG,60.1,1000.00,0.0,1.39,1.0,<Residue LYS het=  resseq=104 icode= >,3on0_A_A,2.874
794,4.241,LYS, ,CD,62.34,1000.00,0.0,1.27,1.0,<Residue LYS het=  resseq=104 icode= >,3on0_A_A,2.874
795,15.306,LYS, ,CE,63.06,1000.00,4.91,0.65,1.0,<Residue LYS het=  resseq=104 icode= >,3on0_A_A,2.874
796,25.529,LYS, ,NZ,64.73,1000.00,2.78,0.76,1.0,<Residue LYS het=  resseq=104 icode= >,3on0_A_A,2.874
797,0.0,PRO, ,N,57.29,1000.00,0.0,4.82,1.0,<Residue PRO het=  resseq=105 icode= >,3on0_A_A,2.874
798,1.865,PRO, ,CA,56.83,1000.00,0.0,6.29,1.0,<Residue PRO het=  resseq=105 icode= >,3on0_A_A,2.874
799,1.197,PRO, ,C,55.69,1000.00,0.0,6.05,1.0,<Residue PRO het=  resseq=105 icode= >,3on0_A_A,2.874
800,1.35,PRO, ,O,55.35,1000.00,0.0,4.02,1.0,<Residue PRO het=  resseq=105 icode= >,3on0_A_A,2.874
801,38.098,PRO, ,CB,57.99,1000.00,0.0,3.16,1.0,<Residue PRO het=  resseq=105 icode= >,3on0_A_A,2.874
802,18.799,PRO, ,CG,58.91,1000.00,0.0,2.36,1.0,<Residue PRO het=  resseq=105 icode= >,3on0_A_A,2.874
803,7.159,PRO, ,CD,58.58,1000.00,0.0,2.57,1.0,<Residue PRO het=  resseq=105 icode= >,3on0_A_A,2.874
804,1.034,ALA, ,N,55.24,1000.00,0.0,4.56,1.0,<Residue ALA het=  resseq=106 icode= >,3on0_A_A,2.874
805,5.454,ALA, ,CA,54.65,1000.00,0.0,4.06,1.0,<Residue ALA het=  resseq=106 icode= >,3on0_A_A,2.874
806,1.385,ALA, ,C,53.73,1000.00,0.0,4.74,1.0,<Residue ALA het=  resseq=106 icode= >,3on0_A_A,2.874
807,3.718,ALA, ,O,53.37,1000.00,0.0,2.13,1.0,<Residue ALA het=  resseq=106 icode= >,3on0_A_A,2.874
808,38.977,ALA, ,CB,54.36,1000.00,0.0,0.91,1.0,<Residue ALA het=  resseq=106 icode= >,3on0_A_A,2.874
809,0.0,ILE, ,N,53.55,1000.00,0.0,3.24,1.0,<Residue ILE het=  resseq=107 icode= >,3on0_A_A,2.874
810,0.985,ILE, ,CA,53.09,1000.00,0.386,3.22,1.0,<Residue ILE het=  resseq=107 icode= >,3on0_A_A,2.874
811,0.0,ILE, ,C,53.68,1000.00,0.0,4.14,1.0,<Residue ILE het=  resseq=107 icode= >,3on0_A_A,2.874
812,0.144,ILE, ,O,53.29,1000.00,0.144,3.17,1.0,<Residue ILE het=  resseq=107 icode= >,3on0_A_A,2.874
813,0.0,ILE, ,CB,53.04,1000.00,0.0,2.18,1.0,<Residue ILE het=  resseq=107 icode= >,3on0_A_A,2.874
814,17.087,ILE, ,CG1,52.89,1000.00,12.159,1.58,1.0,<Residue ILE het=  resseq=107 icode= >,3on0_A_A,2.874
815,38.305,ILE, ,CG2,51.53,1000.00,37.806,0.33,1.0,<Residue ILE het=  resseq=107 icode= >,3on0_A_A,2.874
816,21.237,ILE, ,CD1,53.22,1000.00,21.237,0.25,1.0,<Residue ILE het=  resseq=107 icode= >,3on0_A_A,2.874
817,0.0,ASP, ,N,54.84,1000.00,0.0,3.92,1.0,<Residue ASP het=  resseq=108 icode= >,3on0_A_A,2.874
818,3.133,ASP, ,CA,55.49,1000.00,3.133,5.09,1.0,<Residue ASP het=  resseq=108 icode= >,3on0_A_A,2.874
819,0.0,ASP, ,C,55.58,1000.00,0.0,4.47,1.0,<Residue ASP het=  resseq=108 icode= >,3on0_A_A,2.874
820,0.399,ASP, ,O,55.63,1000.00,0.399,2.91,1.0,<Residue ASP het=  resseq=108 icode= >,3on0_A_A,2.874
821,8.645,ASP, ,CB,56.83,1000.00,2.92,3.81,1.0,<Residue ASP het=  resseq=108 icode= >,3on0_A_A,2.874
822,7.724,ASP, ,CG,58.02,1000.00,5.839,4.93,1.0,<Residue ASP het=  resseq=108 icode= >,3on0_A_A,2.874
823,11.421,ASP, ,OD1,58.99,1000.00,11.421,2.99,1.0,<Residue ASP het=  resseq=108 icode= >,3on0_A_A,2.874
824,26.214,ASP, ,OD2,60.09,1000.00,0.0,3.70,1.0,<Residue ASP het=  resseq=108 icode= >,3on0_A_A,2.874
825,0.0,LYS, ,N,55.66,1000.00,0.0,3.19,1.0,<Residue LYS het=  resseq=109 icode= >,3on0_A_A,2.874
826,0.0,LYS, ,CA,55.79,1000.00,0.0,4.45,1.0,<Residue LYS het=  resseq=109 icode= >,3on0_A_A,2.874
827,0.0,LYS, ,C,54.78,1000.00,0.0,5.66,1.0,<Residue LYS het=  resseq=109 icode= >,3on0_A_A,2.874
828,0.0,LYS, ,O,54.99,1000.00,0.0,2.72,1.0,<Residue LYS het=  resseq=109 icode= >,3on0_A_A,2.874
829,4.553,LYS, ,CB,56.46,1000.00,0.0,2.44,1.0,<Residue LYS het=  resseq=109 icode= >,3on0_A_A,2.874
830,8.832,LYS, ,CG,57.33,1000.00,0.0,1.44,1.0,<Residue LYS het=  resseq=109 icode= >,3on0_A_A,2.874
831,24.628,LYS, ,CD,59.0,1000.00,0.0,1.79,1.0,<Residue LYS het=  resseq=109 icode= >,3on0_A_A,2.874
832,34.679,LYS, ,CE,62.09,1000.00,0.0,2.06,1.0,<Residue LYS het=  resseq=109 icode= >,3on0_A_A,2.874
833,37.485,LYS, ,NZ,63.1,1000.00,0.0,1.47,1.0,<Residue LYS het=  resseq=109 icode= >,3on0_A_A,2.874
834,0.08,PHE, ,N,53.91,1000.00,0.0,3.98,1.0,<Residue PHE het=  resseq=110 icode= >,3on0_A_A,2.874
835,2.264,PHE, ,CA,53.18,1000.00,0.0,4.01,1.0,<Residue PHE het=  resseq=110 icode= >,3on0_A_A,2.874
836,0.0,PHE, ,C,53.22,1000.00,0.0,4.48,1.0,<Residue PHE het=  resseq=110 icode= >,3on0_A_A,2.874
837,0.0,PHE, ,O,53.21,1000.00,0.0,2.10,1.0,<Residue PHE het=  resseq=110 icode= >,3on0_A_A,2.874
838,10.44,PHE, ,CB,52.13,1000.00,1.903,2.46,1.0,<Residue PHE het=  resseq=110 icode= >,3on0_A_A,2.874
839,1.241,PHE, ,CG,50.84,1000.00,1.241,4.35,1.0,<Residue PHE het=  resseq=110 icode= >,3on0_A_A,2.874
840,12.842,PHE, ,CD1,50.45,1000.00,12.842,2.80,1.0,<Residue PHE het=  resseq=110 icode= >,3on0_A_A,2.874
841,23.178,PHE, ,CD2,50.0,1000.00,0.497,2.73,1.0,<Residue PHE het=  resseq=110 icode= >,3on0_A_A,2.874
842,23.374,PHE, ,CE1,48.63,1000.00,23.374,2.55,1.0,<Residue PHE het=  resseq=110 icode= >,3on0_A_A,2.874
843,31.374,PHE, ,CE2,49.41,1000.00,1.427,2.82,1.0,<Residue PHE het=  resseq=110 icode= >,3on0_A_A,2.874
844,20.595,PHE, ,CZ,49.37,1000.00,18.335,2.89,1.0,<Residue PHE het=  resseq=110 icode= >,3on0_A_A,2.874
845,0.0,ALA, ,N,53.44,1000.00,0.0,2.53,1.0,<Residue ALA het=  resseq=111 icode= >,3on0_A_A,2.874
846,4.85,ALA, ,CA,53.72,1000.00,4.85,3.83,1.0,<Residue ALA het=  resseq=111 icode= >,3on0_A_A,2.874
847,0.196,ALA, ,C,54.99,1000.00,0.087,4.87,1.0,<Residue ALA het=  resseq=111 icode= >,3on0_A_A,2.874
848,0.008,ALA, ,O,54.74,1000.00,0.008,2.54,1.0,<Residue ALA het=  resseq=111 icode= >,3on0_A_A,2.874
849,44.269,ALA, ,CB,53.93,1000.00,43.896,1.30,1.0,<Residue ALA het=  resseq=111 icode= >,3on0_A_A,2.874
850,0.0,ARG, ,N,56.44,1000.00,0.0,4.04,1.0,<Residue ARG het=  resseq=112 icode= >,3on0_A_A,2.874
851,3.109,ARG, ,CA,58.33,1000.00,0.0,5.05,1.0,<Residue ARG het=  resseq=112 icode= >,3on0_A_A,2.874
852,1.314,ARG, ,C,58.45,1000.00,0.0,4.21,1.0,<Residue ARG het=  resseq=112 icode= >,3on0_A_A,2.874
853,2.898,ARG, ,O,58.93,1000.00,0.0,2.71,1.0,<Residue ARG het=  resseq=112 icode= >,3on0_A_A,2.874
854,6.389,ARG, ,CB,59.87,1000.00,0.0,3.38,1.0,<Residue ARG het=  resseq=112 icode= >,3on0_A_A,2.874
855,23.113,ARG, ,CG,63.16,1000.00,3.051,3.03,1.0,<Residue ARG het=  resseq=112 icode= >,3on0_A_A,2.874
856,38.164,ARG, ,CD,70.33,1000.00,0.0,2.71,1.0,<Residue ARG het=  resseq=112 icode= >,3on0_A_A,2.874
857,16.782,ARG, ,NE,74.69,1000.00,0.0,3.13,1.0,<Residue ARG het=  resseq=112 icode= >,3on0_A_A,2.874
858,3.876,ARG, ,CZ,76.25,1000.00,0.0,2.48,1.0,<Residue ARG het=  resseq=112 icode= >,3on0_A_A,2.874
859,17.732,ARG, ,NH1,76.48,1000.00,0.0,1.12,1.0,<Residue ARG het=  resseq=112 icode= >,3on0_A_A,2.874
860,38.65,ARG, ,NH2,77.31,1000.00,0.0,1.34,1.0,<Residue ARG het=  resseq=112 icode= >,3on0_A_A,2.874
861,0.055,GLU, ,N,57.99,1000.00,0.0,3.82,1.0,<Residue GLU het=  resseq=113 icode= >,3on0_A_A,2.874
862,2.739,GLU, ,CA,58.37,1000.00,0.0,4.49,1.0,<Residue GLU het=  resseq=113 icode= >,3on0_A_A,2.874
863,0.577,GLU, ,C,57.81,1000.00,0.0,5.19,1.0,<Residue GLU het=  resseq=113 icode= >,3on0_A_A,2.874
864,0.737,GLU, ,O,58.7,1000.00,0.0,1.96,1.0,<Residue GLU het=  resseq=113 icode= >,3on0_A_A,2.874
865,16.426,GLU, ,CB,58.17,1000.00,0.0,2.01,1.0,<Residue GLU het=  resseq=113 icode= >,3on0_A_A,2.874
866,13.086,GLU, ,CG,60.46,1000.00,0.0,2.09,1.0,<Residue GLU het=  resseq=113 icode= >,3on0_A_A,2.874
867,6.879,GLU, ,CD,63.79,1000.00,0.0,3.74,1.0,<Residue GLU het=  resseq=113 icode= >,3on0_A_A,2.874
868,25.678,GLU, ,OE1,64.91,1000.00,0.0,1.57,1.0,<Residue GLU het=  resseq=113 icode= >,3on0_A_A,2.874
869,19.756,GLU, ,OE2,64.73,1000.00,0.0,2.74,1.0,<Residue GLU het=  resseq=113 icode= >,3on0_A_A,2.874
870,0.146,GLN, ,N,57.01,1000.00,0.0,3.20,1.0,<Residue GLN het=  resseq=114 icode= >,3on0_A_A,2.874
871,0.489,GLN, ,CA,57.26,1000.00,0.0,3.46,1.0,<Residue GLN het=  resseq=114 icode= >,3on0_A_A,2.874
872,1.282,GLN, ,C,58.06,1000.00,1.282,4.49,1.0,<Residue GLN het=  resseq=114 icode= >,3on0_A_A,2.874
873,4.476,GLN, ,O,58.39,1000.00,4.476,3.37,1.0,<Residue GLN het=  resseq=114 icode= >,3on0_A_A,2.874
874,10.75,GLN, ,CB,56.33,1000.00,10.75,1.22,1.0,<Residue GLN het=  resseq=114 icode= >,3on0_A_A,2.874
875,2.608,GLN, ,CG,56.87,1000.00,0.063,1.57,1.0,<Residue GLN het=  resseq=114 icode= >,3on0_A_A,2.874
876,2.13,GLN, ,CD,57.17,1000.00,1.75,2.83,1.0,<Residue GLN het=  resseq=114 icode= >,3on0_A_A,2.874
877,28.77,GLN, ,OE1,59.5,1000.00,5.498,1.31,1.0,<Residue GLN het=  resseq=114 icode= >,3on0_A_A,2.874
878,44.983,GLN, ,NE2,54.76,1000.00,43.543,1.66,1.0,<Residue GLN het=  resseq=114 icode= >,3on0_A_A,2.874
879,0.06,VAL, ,N,58.49,1000.00,0.06,3.20,1.0,<Residue VAL het=  resseq=115 icode= >,3on0_A_A,2.874
880,4.383,VAL, ,CA,59.58,1000.00,4.383,3.23,1.0,<Residue VAL het=  resseq=115 icode= >,3on0_A_A,2.874
881,0.0,VAL, ,C,61.51,1000.00,0.0,4.05,1.0,<Residue VAL het=  resseq=115 icode= >,3on0_A_A,2.874
882,0.0,VAL, ,O,62.33,1000.00,0.0,1.04,1.0,<Residue VAL het=  resseq=115 icode= >,3on0_A_A,2.874
883,1.188,VAL, ,CB,59.81,1000.00,0.0,1.70,1.0,<Residue VAL het=  resseq=115 icode= >,3on0_A_A,2.874
884,31.07,VAL, ,CG1,60.41,1000.00,21.184,0.43,1.0,<Residue VAL het=  resseq=115 icode= >,3on0_A_A,2.874
885,47.726,VAL, ,CG2,58.55,1000.00,44.343,0.07,1.0,<Residue VAL het=  resseq=115 icode= >,3on0_A_A,2.874
886,0.0,SER, ,N,62.64,1000.00,0.0,2.60,1.0,<Residue SER het=  resseq=116 icode= >,3on0_A_A,2.874
887,0.196,SER, ,CA,64.92,1000.00,0.0,3.51,1.0,<Residue SER het=  resseq=116 icode= >,3on0_A_A,2.874
888,0.741,SER, ,C,66.02,1000.00,0.0,4.80,1.0,<Residue SER het=  resseq=116 icode= >,3on0_A_A,2.874
889,4.191,SER, ,O,67.22,1000.00,0.0,1.50,1.0,<Residue SER het=  resseq=116 icode= >,3on0_A_A,2.874
890,26.803,SER, ,CB,65.21,1000.00,0.0,2.56,1.0,<Residue SER het=  resseq=116 icode= >,3on0_A_A,2.874
891,15.659,SER, ,OG,64.98,1000.00,0.0,1.66,1.0,<Residue SER het=  resseq=116 icode= >,3on0_A_A,2.874
892,0.0,ILE, ,N,66.15,1000.00,0.0,4.23,1.0,<Residue ILE het=  resseq=117 icode= >,3on0_A_A,2.874
893,5.761,ILE, ,CA,67.9,1000.00,0.0,4.94,1.0,<Residue ILE het=  resseq=117 icode= >,3on0_A_A,2.874
894,0.0,ILE, ,C,69.95,1000.00,0.0,4.09,1.0,<Residue ILE het=  resseq=117 icode= >,3on0_A_A,2.874
895,18.084,ILE, ,O,71.32,1000.00,0.0,1.64,1.0,<Residue ILE het=  resseq=117 icode= >,3on0_A_A,2.874
896,0.042,ILE, ,CB,66.81,1000.00,0.042,2.74,1.0,<Residue ILE het=  resseq=117 icode= >,3on0_A_A,2.874
897,5.032,ILE, ,CG1,66.46,1000.00,2.213,1.24,1.0,<Residue ILE het=  resseq=117 icode= >,3on0_A_A,2.874
898,30.958,ILE, ,CG2,66.5,1000.00,0.418,0.87,1.0,<Residue ILE het=  resseq=117 icode= >,3on0_A_A,2.874
899,58.093,ILE, ,CD1,68.56,1000.00,0.0,0.16,1.0,<Residue ILE het=  resseq=117 icode= >,3on0_A_A,2.874
900,0.0,PHE, ,N,71.0,1000.00,0.0,2.67,1.0,<Residue PHE het=  resseq=118 icode= >,3on0_A_A,2.874
901,3.493,PHE, ,CA,73.67,1000.00,0.877,3.19,1.0,<Residue PHE het=  resseq=118 icode= >,3on0_A_A,2.874
902,0.085,PHE, ,C,76.42,1000.00,0.0,4.01,1.0,<Residue PHE het=  resseq=118 icode= >,3on0_A_A,2.874
903,17.433,PHE, ,O,78.03,1000.00,11.053,1.59,1.0,<Residue PHE het=  resseq=118 icode= >,3on0_A_A,2.874
904,0.927,PHE, ,CB,72.33,1000.00,0.927,1.85,1.0,<Residue PHE het=  resseq=118 icode= >,3on0_A_A,2.874
905,2.126,PHE, ,CG,70.98,1000.00,2.126,4.25,1.0,<Residue PHE het=  resseq=118 icode= >,3on0_A_A,2.874
906,9.359,PHE, ,CD1,69.2,1000.00,9.359,2.72,1.0,<Residue PHE het=  resseq=118 icode= >,3on0_A_A,2.874
907,25.24,PHE, ,CD2,71.31,1000.00,21.93,2.05,1.0,<Residue PHE het=  resseq=118 icode= >,3on0_A_A,2.874
908,24.86,PHE, ,CE1,68.57,1000.00,23.547,3.23,1.0,<Residue PHE het=  resseq=118 icode= >,3on0_A_A,2.874
909,36.034,PHE, ,CE2,70.74,1000.00,32.167,2.68,1.0,<Residue PHE het=  resseq=118 icode= >,3on0_A_A,2.874
910,33.629,PHE, ,CZ,69.74,1000.00,29.475,2.68,1.0,<Residue PHE het=  resseq=118 icode= >,3on0_A_A,2.874
911,0.0,PHE, ,N,41.75,1000.00,0.0,4.48,1.0,<Residue PHE het=  resseq=119 icode= >,3on0_A_A,2.874
912,4.469,PHE, ,CA,43.07,1000.00,0.0,4.39,1.0,<Residue PHE het=  resseq=119 icode= >,3on0_A_A,2.874
913,0.0,PHE, ,C,43.24,1000.00,0.0,4.69,1.0,<Residue PHE het=  resseq=119 icode= >,3on0_A_A,2.874
914,7.301,PHE, ,O,44.44,1000.00,4.856,3.26,1.0,<Residue PHE het=  resseq=119 icode= >,3on0_A_A,2.874
915,15.029,PHE, ,CB,43.55,1000.00,12.121,1.93,1.0,<Residue PHE het=  resseq=119 icode= >,3on0_A_A,2.874
916,2.651,PHE, ,CG,45.36,1000.00,2.651,3.22,1.0,<Residue PHE het=  resseq=119 icode= >,3on0_A_A,2.874
917,4.049,PHE, ,CD1,48.23,1000.00,4.049,1.79,1.0,<Residue PHE het=  resseq=119 icode= >,3on0_A_A,2.874
918,21.154,PHE, ,CD2,46.66,1000.00,10.788,1.89,1.0,<Residue PHE het=  resseq=119 icode= >,3on0_A_A,2.874
919,25.144,PHE, ,CE1,49.29,1000.00,25.144,1.86,1.0,<Residue PHE het=  resseq=119 icode= >,3on0_A_A,2.874
920,32.561,PHE, ,CE2,48.6,1000.00,32.4,1.73,1.0,<Residue PHE het=  resseq=119 icode= >,3on0_A_A,2.874
921,30.064,PHE, ,CZ,49.1,1000.00,30.064,2.10,1.0,<Residue PHE het=  resseq=119 icode= >,3on0_A_A,2.874
922,0.0,PRO, ,N,69.2,1000.00,0.0,4.10,1.0,<Residue PRO het=  resseq=120 icode= >,3on0_A_A,2.874
923,2.201,PRO, ,CA,69.51,1000.00,0.0,4.11,1.0,<Residue PRO het=  resseq=120 icode= >,3on0_A_A,2.874
924,0.0,PRO, ,C,70.43,1000.00,0.0,4.45,1.0,<Residue PRO het=  resseq=120 icode= >,3on0_A_A,2.874
925,0.487,PRO, ,O,70.6,1000.00,0.0,2.09,1.0,<Residue PRO het=  resseq=120 icode= >,3on0_A_A,2.874
926,13.116,PRO, ,CB,69.08,1000.00,7.499,2.65,1.0,<Residue PRO het=  resseq=120 icode= >,3on0_A_A,2.874
927,14.801,PRO, ,CG,68.5,1000.00,8.174,2.56,1.0,<Residue PRO het=  resseq=120 icode= >,3on0_A_A,2.874
928,4.845,PRO, ,CD,69.15,1000.00,0.0,2.58,1.0,<Residue PRO het=  resseq=120 icode= >,3on0_A_A,2.874
929,4.31,ASP, ,N,71.43,1000.00,0.0,3.43,1.0,<Residue ASP het=  resseq=121 icode= >,3on0_A_A,2.874
930,0.035,ASP, ,CA,72.6,1000.00,0.0,3.71,1.0,<Residue ASP het=  resseq=121 icode= >,3on0_A_A,2.874
931,0.485,ASP, ,C,72.97,1000.00,0.0,3.93,1.0,<Residue ASP het=  resseq=121 icode= >,3on0_A_A,2.874
932,10.854,ASP, ,O,73.24,1000.00,0.0,1.87,1.0,<Residue ASP het=  resseq=121 icode= >,3on0_A_A,2.874
933,28.474,ASP, ,CB,72.87,1000.00,0.0,2.34,1.0,<Residue ASP het=  resseq=121 icode= >,3on0_A_A,2.874
934,10.301,ASP, ,CG,75.51,1000.00,0.411,2.10,1.0,<Residue ASP het=  resseq=121 icode= >,3on0_A_A,2.874
935,39.179,ASP, ,OD1,77.54,1000.00,0.0,1.24,1.0,<Residue ASP het=  resseq=121 icode= >,3on0_A_A,2.874
936,26.248,ASP, ,OD2,78.05,1000.00,7.024,1.20,1.0,<Residue ASP het=  resseq=121 icode= >,3on0_A_A,2.874
937,0.836,ASP, ,N,73.72,1000.00,0.0,2.25,1.0,<Residue ASP het=  resseq=122 icode= >,3on0_A_A,2.874
938,10.697,ASP, ,CA,74.08,1000.00,0.0,3.06,1.0,<Residue ASP het=  resseq=122 icode= >,3on0_A_A,2.874
939,1.533,ASP, ,C,75.1,1000.00,0.0,3.05,1.0,<Residue ASP het=  resseq=122 icode= >,3on0_A_A,2.874
940,26.066,ASP, ,O,75.03,1000.00,0.0,2.10,1.0,<Residue ASP het=  resseq=122 icode= >,3on0_A_A,2.874
941,35.607,ASP, ,CB,73.35,1000.00,0.0,2.55,1.0,<Residue ASP het=  resseq=122 icode= >,3on0_A_A,2.874
942,11.76,ASP, ,CG,72.56,1000.00,2.716,3.07,1.0,<Residue ASP het=  resseq=122 icode= >,3on0_A_A,2.874
943,4.167,ASP, ,OD1,70.6,1000.00,4.167,2.62,1.0,<Residue ASP het=  resseq=122 icode= >,3on0_A_A,2.874
944,41.811,ASP, ,OD2,71.17,1000.00,12.721,1.92,1.0,<Residue ASP het=  resseq=122 icode= >,3on0_A_A,2.874
945,0.0,GLU, ,N,76.34,1000.00,0.0,3.23,1.0,<Residue GLU het=  resseq=123 icode= >,3on0_A_A,2.874
946,7.091,GLU, ,CA,77.86,1000.00,2.069,3.30,1.0,<Residue GLU het=  resseq=123 icode= >,3on0_A_A,2.874
947,1.15,GLU, ,C,79.33,1000.00,0.456,3.63,1.0,<Residue GLU het=  resseq=123 icode= >,3on0_A_A,2.874
948,14.18,GLU, ,O,79.62,1000.00,6.346,2.46,1.0,<Residue GLU het=  resseq=123 icode= >,3on0_A_A,2.874
949,9.941,GLU, ,CB,77.26,1000.00,7.023,2.70,1.0,<Residue GLU het=  resseq=123 icode= >,3on0_A_A,2.874
950,13.971,GLU, ,CG,76.85,1000.00,8.512,2.80,1.0,<Residue GLU het=  resseq=123 icode= >,3on0_A_A,2.874
951,8.856,GLU, ,CD,76.75,1000.00,8.856,3.15,1.0,<Residue GLU het=  resseq=123 icode= >,3on0_A_A,2.874
952,28.941,GLU, ,OE1,76.12,1000.00,23.595,1.87,1.0,<Residue GLU het=  resseq=123 icode= >,3on0_A_A,2.874
953,37.416,GLU, ,OE2,76.28,1000.00,36.305,1.86,1.0,<Residue GLU het=  resseq=123 icode= >,3on0_A_A,2.874
954,2.086,ASP, ,N,81.29,1000.00,0.0,3.23,1.0,<Residue ASP het=  resseq=124 icode= >,3on0_A_A,2.874
955,2.782,ASP, ,CA,83.58,1000.00,0.0,2.69,1.0,<Residue ASP het=  resseq=124 icode= >,3on0_A_A,2.874
956,0.175,ASP, ,C,85.1,1000.00,0.0,2.62,1.0,<Residue ASP het=  resseq=124 icode= >,3on0_A_A,2.874
957,15.681,ASP, ,O,85.34,1000.00,0.0,1.98,1.0,<Residue ASP het=  resseq=124 icode= >,3on0_A_A,2.874
958,17.746,ASP, ,CB,83.55,1000.00,0.0,1.55,1.0,<Residue ASP het=  resseq=124 icode= >,3on0_A_A,2.874
959,8.65,ASP, ,CG,83.55,1000.00,0.295,2.63,1.0,<Residue ASP het=  resseq=124 icode= >,3on0_A_A,2.874
960,14.289,ASP, ,OD1,84.62,1000.00,2.575,1.66,1.0,<Residue ASP het=  resseq=124 icode= >,3on0_A_A,2.874
961,25.014,ASP, ,OD2,83.43,1000.00,3.88,2.03,1.0,<Residue ASP het=  resseq=124 icode= >,3on0_A_A,2.874
962,7.361,ASP, ,N,87.02,1000.00,0.0,1.99,1.0,<Residue ASP het=  resseq=125 icode= >,3on0_A_A,2.874
963,12.398,ASP, ,CA,88.53,1000.00,0.0,2.59,1.0,<Residue ASP het=  resseq=125 icode= >,3on0_A_A,2.874
964,3.304,ASP, ,C,89.35,1000.00,0.0,2.30,1.0,<Residue ASP het=  resseq=125 icode= >,3on0_A_A,2.874
965,27.409,ASP, ,O,89.37,1000.00,7.529,1.44,1.0,<Residue ASP het=  resseq=125 icode= >,3on0_A_A,2.874
966,25.375,ASP, ,CB,88.7,1000.00,0.0,2.12,1.0,<Residue ASP het=  resseq=125 icode= >,3on0_A_A,2.874
967,11.417,ASP, ,CG,89.87,1000.00,0.0,2.22,1.0,<Residue ASP het=  resseq=125 icode= >,3on0_A_A,2.874
968,41.925,ASP, ,OD1,90.6,1000.00,0.0,1.85,1.0,<Residue ASP het=  resseq=125 icode= >,3on0_A_A,2.874
969,23.493,ASP, ,OD2,90.33,1000.00,0.0,2.24,1.0,<Residue ASP het=  resseq=125 icode= >,3on0_A_A,2.874
970,2.37,GLN, ,N,90.48,1000.00,0.0,1.80,1.0,<Residue GLN het=  resseq=126 icode= >,3on0_A_A,2.874
971,8.765,GLN, ,CA,91.46,1000.00,0.395,1.53,1.0,<Residue GLN het=  resseq=126 icode= >,3on0_A_A,2.874
972,19.378,GLN, ,C,91.7,1000.00,3.737,0.78,1.0,<Residue GLN het=  resseq=126 icode= >,3on0_A_A,2.874
973,24.673,GLN, ,O,92.14,1000.00,16.321,0.49,1.0,<Residue GLN het=  resseq=126 icode= >,3on0_A_A,2.874
974,23.059,GLN, ,CB,91.76,1000.00,16.605,0.69,1.0,<Residue GLN het=  resseq=126 icode= >,3on0_A_A,2.874
975,35.897,GLN, ,CG,92.98,1000.00,19.416,0.19,1.0,<Residue GLN het=  resseq=126 icode= >,3on0_A_A,2.874
976,5.582,GLN, ,CD,94.89,1000.00,2.08,1.02,1.0,<Residue GLN het=  resseq=126 icode= >,3on0_A_A,2.874
977,37.117,GLN, ,OE1,95.63,1000.00,16.568,0.63,1.0,<Residue GLN het=  resseq=126 icode= >,3on0_A_A,2.874
978,40.893,GLN, ,NE2,95.03,1000.00,27.263,0.89,1.0,<Residue GLN het=  resseq=126 icode= >,3on0_A_A,2.874
