,ASA,aa,altloc,atom,bfac,d2r,dASA,dens,occ,residue,id,resolu
0,42.938,ILE, ,N,50.7,16.08,0.0,1.68,1.0,<Residue ILE het=  resseq=411 icode= >,3pvv_B_A,2.0
1,10.506,ILE, ,CA,49.15,16.18,0.0,2.60,1.0,<Residue ILE het=  resseq=411 icode= >,3pvv_B_A,2.0
2,3.765,ILE, ,C,46.61,15.18,0.0,3.44,1.0,<Residue ILE het=  resseq=411 icode= >,3pvv_B_A,2.0
3,10.661,ILE, ,O,46.49,14.08,0.0,2.02,1.0,<Residue ILE het=  resseq=411 icode= >,3pvv_B_A,2.0
4,0.0,ILE, ,CB,50.12,16.26,0.0,1.43,1.0,<Residue ILE het=  resseq=411 icode= >,3pvv_B_A,2.0
5,22.712,ILE, ,CG1,55.69,17.48,0.0,0.38,1.0,<Residue ILE het=  resseq=411 icode= >,3pvv_B_A,2.0
6,0.093,ILE, ,CG2,52.45,16.46,0.0,1.54,1.0,<Residue ILE het=  resseq=411 icode= >,3pvv_B_A,2.0
7,9.998,ILE, ,CD1,56.37,18.22,0.0,0.47,1.0,<Residue ILE het=  resseq=411 icode= >,3pvv_B_A,2.0
8,1.72,SER, ,N,42.14,15.68,0.0,3.41,1.0,<Residue SER het=  resseq=412 icode= >,3pvv_B_A,2.0
9,3.768,SER, ,CA,38.09,14.68,0.0,2.48,1.0,<Residue SER het=  resseq=412 icode= >,3pvv_B_A,2.0
10,0.0,SER, ,C,35.61,14.71,0.0,3.93,1.0,<Residue SER het=  resseq=412 icode= >,3pvv_B_A,2.0
11,0.0,SER, ,O,34.82,15.39,0.0,2.76,1.0,<Residue SER het=  resseq=412 icode= >,3pvv_B_A,2.0
12,39.736,SER, ,CB,38.07,15.15,0.0,1.53,1.0,<Residue SER het=  resseq=412 icode= >,3pvv_B_A,2.0
13,7.062,SER, ,OG,38.78,16.45,0.0,2.28,1.0,<Residue SER het=  resseq=412 icode= >,3pvv_B_A,2.0
14,3.195,ALA, ,N,33.33,13.77,0.0,3.85,1.0,<Residue ALA het=  resseq=413 icode= >,3pvv_B_A,2.0
15,0.0,ALA, ,CA,32.34,13.96,0.0,3.82,1.0,<Residue ALA het=  resseq=413 icode= >,3pvv_B_A,2.0
16,0.0,ALA, ,C,32.38,15.25,0.0,4.08,1.0,<Residue ALA het=  resseq=413 icode= >,3pvv_B_A,2.0
17,0.0,ALA, ,O,32.0,14.90,0.0,2.72,1.0,<Residue ALA het=  resseq=413 icode= >,3pvv_B_A,2.0
18,9.845,ALA, ,CB,32.17,12.80,0.0,1.93,1.0,<Residue ALA het=  resseq=413 icode= >,3pvv_B_A,2.0
19,2.676,ALA, ,N,33.07,15.61,0.0,3.58,1.0,<Residue ALA het=  resseq=414 icode= >,3pvv_B_A,2.0
20,5.63,ALA, ,CA,35.56,16.84,0.0,3.07,1.0,<Residue ALA het=  resseq=414 icode= >,3pvv_B_A,2.0
21,1.23,ALA, ,C,36.46,17.31,0.0,4.01,1.0,<Residue ALA het=  resseq=414 icode= >,3pvv_B_A,2.0
22,3.829,ALA, ,O,36.91,16.96,0.0,2.36,1.0,<Residue ALA het=  resseq=414 icode= >,3pvv_B_A,2.0
23,59.047,ALA, ,CB,34.1,17.13,0.0,1.61,1.0,<Residue ALA het=  resseq=414 icode= >,3pvv_B_A,2.0
24,0.267,THR, ,N,36.76,18.13,0.0,3.15,1.0,<Residue THR het=  resseq=415 icode= >,3pvv_B_A,2.0
25,5.113,THR, ,CA,37.54,18.87,0.0,2.98,1.0,<Residue THR het=  resseq=415 icode= >,3pvv_B_A,2.0
26,0.0,THR, ,C,36.48,17.94,0.0,2.98,1.0,<Residue THR het=  resseq=415 icode= >,3pvv_B_A,2.0
27,0.616,THR, ,O,35.46,18.08,0.0,2.60,1.0,<Residue THR het=  resseq=415 icode= >,3pvv_B_A,2.0
28,0.077,THR, ,CB,37.73,19.18,0.0,2.77,1.0,<Residue THR het=  resseq=415 icode= >,3pvv_B_A,2.0
29,23.188,THR, ,OG1,37.96,19.31,0.0,1.56,1.0,<Residue THR het=  resseq=415 icode= >,3pvv_B_A,2.0
30,38.49,THR, ,CG2,38.92,20.19,0.0,1.40,1.0,<Residue THR het=  resseq=415 icode= >,3pvv_B_A,2.0
31,0.0,ILE, ,N,33.74,17.10,0.0,3.46,1.0,<Residue ILE het=  resseq=416 icode= >,3pvv_B_A,2.0
32,0.0,ILE, ,CA,32.73,16.26,0.0,3.01,1.0,<Residue ILE het=  resseq=416 icode= >,3pvv_B_A,2.0
33,0.0,ILE, ,C,31.04,15.21,0.0,3.89,1.0,<Residue ILE het=  resseq=416 icode= >,3pvv_B_A,2.0
34,0.0,ILE, ,O,30.99,15.10,0.0,2.74,1.0,<Residue ILE het=  resseq=416 icode= >,3pvv_B_A,2.0
35,0.0,ILE, ,CB,33.57,15.73,0.0,2.37,1.0,<Residue ILE het=  resseq=416 icode= >,3pvv_B_A,2.0
36,0.0,ILE, ,CG1,34.2,15.65,0.0,2.69,1.0,<Residue ILE het=  resseq=416 icode= >,3pvv_B_A,2.0
37,0.0,ILE, ,CG2,32.67,14.73,0.0,0.76,1.0,<Residue ILE het=  resseq=416 icode= >,3pvv_B_A,2.0
38,0.0,ILE, ,CD1,34.81,14.20,0.0,1.69,1.0,<Residue ILE het=  resseq=416 icode= >,3pvv_B_A,2.0
39,0.0,MET, ,N,31.31,14.58,0.0,3.88,1.0,<Residue MET het=  resseq=417 icode= >,3pvv_B_A,2.0
40,0.0,MET, ,CA,32.59,13.70,0.0,3.41,1.0,<Residue MET het=  resseq=417 icode= >,3pvv_B_A,2.0
41,0.0,MET, ,C,32.18,14.55,0.0,4.32,1.0,<Residue MET het=  resseq=417 icode= >,3pvv_B_A,2.0
42,0.0,MET, ,O,31.56,14.18,0.0,3.31,1.0,<Residue MET het=  resseq=417 icode= >,3pvv_B_A,2.0
43,0.2,MET, ,CB,33.07,13.15,0.0,3.13,1.0,<Residue MET het=  resseq=417 icode= >,3pvv_B_A,2.0
44,0.0,MET, ,CG,37.81,12.15,0.0,1.75,1.0,<Residue MET het=  resseq=417 icode= >,3pvv_B_A,2.0
45,4.916,MET, ,SD,43.98,11.90,0.0,4.02,1.0,<Residue MET het=  resseq=417 icode= >,3pvv_B_A,2.0
46,0.0,MET, ,CE,44.1,10.98,0.0,1.15,1.0,<Residue MET het=  resseq=417 icode= >,3pvv_B_A,2.0
47,0.0,ALA, ,N,31.75,15.81,0.0,3.93,1.0,<Residue ALA het=  resseq=418 icode= >,3pvv_B_A,2.0
48,1.429,ALA, ,CA,33.24,16.83,0.0,3.32,1.0,<Residue ALA het=  resseq=418 icode= >,3pvv_B_A,2.0
49,1.23,ALA, ,C,33.06,17.27,0.0,4.16,1.0,<Residue ALA het=  resseq=418 icode= >,3pvv_B_A,2.0
50,5.139,ALA, ,O,32.0,17.55,0.0,3.13,1.0,<Residue ALA het=  resseq=418 icode= >,3pvv_B_A,2.0
51,42.369,ALA, ,CB,32.47,18.08,0.0,2.06,1.0,<Residue ALA het=  resseq=418 icode= >,3pvv_B_A,2.0
52,0.465,ALA, ,N,30.74,17.47,0.0,3.98,1.0,<Residue ALA het=  resseq=419 icode= >,3pvv_B_A,2.0
53,2.835,ALA, ,CA,29.33,18.04,0.0,3.48,1.0,<Residue ALA het=  resseq=419 icode= >,3pvv_B_A,2.0
54,0.0,ALA, ,C,29.7,17.12,0.0,3.98,1.0,<Residue ALA het=  resseq=419 icode= >,3pvv_B_A,2.0
55,2.093,ALA, ,O,28.72,17.66,0.0,3.38,1.0,<Residue ALA het=  resseq=419 icode= >,3pvv_B_A,2.0
56,15.714,ALA, ,CB,30.18,18.60,0.0,2.44,1.0,<Residue ALA het=  resseq=419 icode= >,3pvv_B_A,2.0
57,0.0,THR, ,N,28.59,15.83,0.0,3.71,1.0,<Residue THR het=  resseq=420 icode= >,3pvv_B_A,2.0
58,0.0,THR, ,CA,28.5,14.89,0.0,3.12,1.0,<Residue THR het=  resseq=420 icode= >,3pvv_B_A,2.0
59,0.0,THR, ,C,29.72,14.79,0.0,3.84,1.0,<Residue THR het=  resseq=420 icode= >,3pvv_B_A,2.0
60,0.0,THR, ,O,29.41,14.99,0.0,3.39,1.0,<Residue THR het=  resseq=420 icode= >,3pvv_B_A,2.0
61,0.0,THR, ,CB,28.93,13.53,0.0,3.38,1.0,<Residue THR het=  resseq=420 icode= >,3pvv_B_A,2.0
62,0.0,THR, ,OG1,28.15,13.86,0.0,3.47,1.0,<Residue THR het=  resseq=420 icode= >,3pvv_B_A,2.0
63,0.0,THR, ,CG2,28.2,12.66,0.0,1.22,1.0,<Residue THR het=  resseq=420 icode= >,3pvv_B_A,2.0
64,0.0,ALA, ,N,31.47,14.66,0.0,2.86,1.0,<Residue ALA het=  resseq=421 icode= >,3pvv_B_A,2.0
65,0.0,ALA, ,CA,34.18,14.77,0.0,2.92,1.0,<Residue ALA het=  resseq=421 icode= >,3pvv_B_A,2.0
66,0.022,ALA, ,C,36.59,16.11,0.0,3.77,1.0,<Residue ALA het=  resseq=421 icode= >,3pvv_B_A,2.0
67,0.0,ALA, ,O,36.5,16.26,0.0,2.06,1.0,<Residue ALA het=  resseq=421 icode= >,3pvv_B_A,2.0
68,4.169,ALA, ,CB,33.33,14.76,0.0,2.03,1.0,<Residue ALA het=  resseq=421 icode= >,3pvv_B_A,2.0
69,0.661,GLU, ,N,37.59,17.16,0.0,4.37,1.0,<Residue GLU het=  resseq=422 icode= >,3pvv_B_A,2.0
70,8.829,GLU, ,CA,40.27,18.50,0.0,3.86,1.0,<Residue GLU het=  resseq=422 icode= >,3pvv_B_A,2.0
71,0.0,GLU, ,C,37.17,18.67,0.0,3.13,1.0,<Residue GLU het=  resseq=422 icode= >,3pvv_B_A,2.0
72,5.57,GLU, ,O,35.1,19.31,0.0,2.17,1.0,<Residue GLU het=  resseq=422 icode= >,3pvv_B_A,2.0
73,9.082,GLU, ,CB,43.29,19.54,0.0,2.86,1.0,<Residue GLU het=  resseq=422 icode= >,3pvv_B_A,2.0
74,25.464,GLU, ,CG,58.47,20.95,0.0,1.16,1.0,<Residue GLU het=  resseq=422 icode= >,3pvv_B_A,2.0
75,15.832,GLU, ,CD,74.79,21.97,0.0,0.90,1.0,<Residue GLU het=  resseq=422 icode= >,3pvv_B_A,2.0
76,27.524,GLU, ,OE1,81.07,21.62,0.0,-0.13,1.0,<Residue GLU het=  resseq=422 icode= >,3pvv_B_A,2.0
77,42.096,GLU, ,OE2,81.11,23.17,0.0,0.21,1.0,<Residue GLU het=  resseq=422 icode= >,3pvv_B_A,2.0
78,0.097,TYR, ,N,32.48,18.21,0.0,2.98,1.0,<Residue TYR het=  resseq=423 icode= >,3pvv_B_A,2.0
79,4.531,TYR, ,CA,30.71,18.25,0.0,3.47,1.0,<Residue TYR het=  resseq=423 icode= >,3pvv_B_A,2.0
80,0.0,TYR, ,C,30.63,17.33,0.0,4.48,1.0,<Residue TYR het=  resseq=423 icode= >,3pvv_B_A,2.0
81,18.657,TYR, ,O,29.41,17.61,0.0,3.41,1.0,<Residue TYR het=  resseq=423 icode= >,3pvv_B_A,2.0
82,1.862,TYR, ,CB,30.56,17.76,0.0,1.97,1.0,<Residue TYR het=  resseq=423 icode= >,3pvv_B_A,2.0
83,0.0,TYR, ,CG,31.22,17.54,0.0,2.98,1.0,<Residue TYR het=  resseq=423 icode= >,3pvv_B_A,2.0
84,0.002,TYR, ,CD1,32.96,18.67,0.0,2.38,1.0,<Residue TYR het=  resseq=423 icode= >,3pvv_B_A,2.0
85,0.0,TYR, ,CD2,32.77,16.29,0.0,2.36,1.0,<Residue TYR het=  resseq=423 icode= >,3pvv_B_A,2.0
86,3.961,TYR, ,CE1,35.9,18.64,0.0,2.85,1.0,<Residue TYR het=  resseq=423 icode= >,3pvv_B_A,2.0
87,1.778,TYR, ,CE2,33.41,16.25,0.0,2.54,1.0,<Residue TYR het=  resseq=423 icode= >,3pvv_B_A,2.0
88,4.251,TYR, ,CZ,35.15,17.47,0.0,3.70,1.0,<Residue TYR het=  resseq=423 icode= >,3pvv_B_A,2.0
89,9.324,TYR, ,OH,35.81,17.60,0.0,2.43,1.0,<Residue TYR het=  resseq=423 icode= >,3pvv_B_A,2.0
90,0.0,PHE, ,N,30.7,16.33,0.0,3.97,1.0,<Residue PHE het=  resseq=424 icode= >,3pvv_B_A,2.0
91,3.209,PHE, ,CA,32.63,15.05,0.0,3.26,1.0,<Residue PHE het=  resseq=424 icode= >,3pvv_B_A,2.0
92,1.683,PHE, ,C,36.07,14.79,0.0,3.14,1.0,<Residue PHE het=  resseq=424 icode= >,3pvv_B_A,2.0
93,17.809,PHE, ,O,35.25,13.68,0.0,2.68,1.0,<Residue PHE het=  resseq=424 icode= >,3pvv_B_A,2.0
94,2.331,PHE, ,CB,31.69,14.00,0.0,3.06,1.0,<Residue PHE het=  resseq=424 icode= >,3pvv_B_A,2.0
95,0.0,PHE, ,CG,31.37,13.36,0.0,2.68,1.0,<Residue PHE het=  resseq=424 icode= >,3pvv_B_A,2.0
96,0.0,PHE, ,CD1,30.33,13.13,0.0,2.59,1.0,<Residue PHE het=  resseq=424 icode= >,3pvv_B_A,2.0
97,18.066,PHE, ,CD2,31.26,13.20,0.0,2.02,1.0,<Residue PHE het=  resseq=424 icode= >,3pvv_B_A,2.0
98,0.0,PHE, ,CE1,29.79,12.73,0.0,2.49,1.0,<Residue PHE het=  resseq=424 icode= >,3pvv_B_A,2.0
99,2.284,PHE, ,CE2,31.39,12.80,0.0,2.52,1.0,<Residue PHE het=  resseq=424 icode= >,3pvv_B_A,2.0
100,0.061,PHE, ,CZ,29.87,12.57,0.0,2.68,1.0,<Residue PHE het=  resseq=424 icode= >,3pvv_B_A,2.0
101,0.0,ASP, ,N,40.36,15.91,0.0,2.40,1.0,<Residue ASP het=  resseq=425 icode= >,3pvv_B_A,2.0
102,6.216,ASP, ,CA,45.68,16.04,0.0,2.58,1.0,<Residue ASP het=  resseq=425 icode= >,3pvv_B_A,2.0
103,3.715,ASP, ,C,46.29,15.13,0.0,2.80,1.0,<Residue ASP het=  resseq=425 icode= >,3pvv_B_A,2.0
104,25.421,ASP, ,O,45.01,14.52,0.0,2.04,1.0,<Residue ASP het=  resseq=425 icode= >,3pvv_B_A,2.0
105,24.896,ASP, ,CB,49.02,16.02,0.0,1.76,1.0,<Residue ASP het=  resseq=425 icode= >,3pvv_B_A,2.0
106,10.453,ASP, ,CG,58.98,17.22,0.0,1.50,1.0,<Residue ASP het=  resseq=425 icode= >,3pvv_B_A,2.0
107,18.726,ASP, ,OD1,65.83,18.14,0.0,0.66,1.0,<Residue ASP het=  resseq=425 icode= >,3pvv_B_A,2.0
108,42.064,ASP, ,OD2,65.69,17.33,0.0,1.05,1.0,<Residue ASP het=  resseq=425 icode= >,3pvv_B_A,2.0
109,0.0,THR, ,N,45.71,15.18,0.0,2.19,1.0,<Residue THR het=  resseq=426 icode= >,3pvv_B_A,2.0
110,4.51,THR, ,CA,44.71,14.67,0.0,2.93,1.0,<Residue THR het=  resseq=426 icode= >,3pvv_B_A,2.0
111,0.794,THR, ,C,43.01,15.23,0.0,4.13,1.0,<Residue THR het=  resseq=426 icode= >,3pvv_B_A,2.0
112,11.363,THR, ,O,43.1,16.21,0.0,3.51,1.0,<Residue THR het=  resseq=426 icode= >,3pvv_B_A,2.0
113,11.776,THR, ,CB,47.16,13.44,0.0,2.04,1.0,<Residue THR het=  resseq=426 icode= >,3pvv_B_A,2.0
114,1.523,THR, ,OG1,48.32,12.34,0.0,1.56,1.0,<Residue THR het=  resseq=426 icode= >,3pvv_B_A,2.0
115,0.0,THR, ,CG2,47.49,12.99,0.0,0.84,1.0,<Residue THR het=  resseq=426 icode= >,3pvv_B_A,2.0
116,0.0,THR, ,N,41.55,14.46,0.0,3.27,1.0,<Residue THR het=  resseq=427 icode= >,3pvv_B_A,2.0
117,2.807,THR, ,CA,40.41,14.93,0.0,2.82,1.0,<Residue THR het=  resseq=427 icode= >,3pvv_B_A,2.0
118,0.0,THR, ,C,40.11,13.79,0.0,3.29,1.0,<Residue THR het=  resseq=427 icode= >,3pvv_B_A,2.0
119,0.0,THR, ,O,40.18,12.60,0.0,2.62,1.0,<Residue THR het=  resseq=427 icode= >,3pvv_B_A,2.0
120,8.733,THR, ,CB,39.08,15.15,0.0,2.73,1.0,<Residue THR het=  resseq=427 icode= >,3pvv_B_A,2.0
121,4.065,THR, ,OG1,40.05,13.86,0.0,2.31,1.0,<Residue THR het=  resseq=427 icode= >,3pvv_B_A,2.0
122,58.762,THR, ,CG2,39.69,15.94,0.0,1.12,1.0,<Residue THR het=  resseq=427 icode= >,3pvv_B_A,2.0
123,2.453,VAL, ,N,40.58,14.25,0.0,3.53,1.0,<Residue VAL het=  resseq=428 icode= >,3pvv_B_A,2.0
124,0.0,VAL, ,CA,41.74,13.47,0.0,3.85,1.0,<Residue VAL het=  resseq=428 icode= >,3pvv_B_A,2.0
125,0.0,VAL, ,C,42.73,12.75,0.0,3.87,1.0,<Residue VAL het=  resseq=428 icode= >,3pvv_B_A,2.0
126,0.0,VAL, ,O,41.79,11.65,0.0,2.90,1.0,<Residue VAL het=  resseq=428 icode= >,3pvv_B_A,2.0
127,7.529,VAL, ,CB,41.87,14.47,0.0,2.79,1.0,<Residue VAL het=  resseq=428 icode= >,3pvv_B_A,2.0
128,6.997,VAL, ,CG1,42.63,13.86,0.0,1.06,1.0,<Residue VAL het=  resseq=428 icode= >,3pvv_B_A,2.0
129,23.594,VAL, ,CG2,42.22,15.33,0.0,1.65,1.0,<Residue VAL het=  resseq=428 icode= >,3pvv_B_A,2.0
130,2.734,GLU, ,N,44.14,13.49,0.0,3.08,1.0,<Residue GLU het=  resseq=429 icode= >,3pvv_B_A,2.0
131,0.0,GLU, ,CA,47.9,13.13,0.0,2.39,1.0,<Residue GLU het=  resseq=429 icode= >,3pvv_B_A,2.0
132,0.101,GLU, ,C,45.44,11.90,0.0,2.94,1.0,<Residue GLU het=  resseq=429 icode= >,3pvv_B_A,2.0
133,2.35,GLU, ,O,44.94,11.16,0.0,2.26,1.0,<Residue GLU het=  resseq=429 icode= >,3pvv_B_A,2.0
134,12.35,GLU, ,CB,51.19,14.05,0.0,1.15,1.0,<Residue GLU het=  resseq=429 icode= >,3pvv_B_A,2.0
135,23.855,GLU, ,CG,64.05,13.58,0.0,0.28,1.0,<Residue GLU het=  resseq=429 icode= >,3pvv_B_A,2.0
136,15.299,GLU, ,CD,79.83,14.28,0.0,0.78,1.0,<Residue GLU het=  resseq=429 icode= >,3pvv_B_A,2.0
137,35.746,GLU, ,OE1,85.13,15.02,0.0,0.74,1.0,<Residue GLU het=  resseq=429 icode= >,3pvv_B_A,2.0
138,42.088,GLU, ,OE2,85.1,14.24,0.0,0.65,1.0,<Residue GLU het=  resseq=429 icode= >,3pvv_B_A,2.0
139,0.01,GLU, ,N,40.32,11.74,0.0,2.31,1.0,<Residue GLU het=  resseq=430 icode= >,3pvv_B_A,2.0
140,7.091,GLU, ,CA,32.71,10.40,0.0,2.40,1.0,<Residue GLU het=  resseq=430 icode= >,3pvv_B_A,2.0
141,0.0,GLU, ,C,36.8,9.51,0.0,3.84,1.0,<Residue GLU het=  resseq=430 icode= >,3pvv_B_A,2.0
142,0.332,GLU, ,O,39.97,8.47,0.0,2.91,1.0,<Residue GLU het=  resseq=430 icode= >,3pvv_B_A,2.0
143,0.0,GLU, ,CB,36.92,10.48,0.0,1.76,1.0,<Residue GLU het=  resseq=430 icode= >,3pvv_B_A,2.0
144,3.849,GLU, ,CG,24.01,11.36,0.0,1.03,1.0,<Residue GLU het=  resseq=430 icode= >,3pvv_B_A,2.0
145,10.538,GLU, ,CD,15.66,10.87,0.0,2.29,1.0,<Residue GLU het=  resseq=430 icode= >,3pvv_B_A,2.0
146,30.572,GLU, ,OE1,15.71,9.75,0.0,2.20,1.0,<Residue GLU het=  resseq=430 icode= >,3pvv_B_A,2.0
147,28.901,GLU, ,OE2,15.7,11.73,0.0,2.08,1.0,<Residue GLU het=  resseq=430 icode= >,3pvv_B_A,2.0
148,0.0,LEU, ,N,39.03,9.67,0.0,2.74,1.0,<Residue LEU het=  resseq=431 icode= >,3pvv_B_A,2.0
149,0.0,LEU, ,CA,39.06,8.66,0.0,2.84,1.0,<Residue LEU het=  resseq=431 icode= >,3pvv_B_A,2.0
150,0.0,LEU, ,C,41.5,8.03,0.0,3.32,1.0,<Residue LEU het=  resseq=431 icode= >,3pvv_B_A,2.0
151,0.0,LEU, ,O,40.15,6.91,0.0,2.44,1.0,<Residue LEU het=  resseq=431 icode= >,3pvv_B_A,2.0
152,0.0,LEU, ,CB,37.98,9.47,0.0,2.93,1.0,<Residue LEU het=  resseq=431 icode= >,3pvv_B_A,2.0
153,0.0,LEU, ,CG,38.08,10.20,0.0,2.77,1.0,<Residue LEU het=  resseq=431 icode= >,3pvv_B_A,2.0
154,0.0,LEU, ,CD1,37.92,11.14,0.0,1.61,1.0,<Residue LEU het=  resseq=431 icode= >,3pvv_B_A,2.0
155,0.0,LEU, ,CD2,35.72,9.41,0.0,1.46,1.0,<Residue LEU het=  resseq=431 icode= >,3pvv_B_A,2.0
156,0.0,ARG, ,N,44.89,8.94,0.0,3.21,1.0,<Residue ARG het=  resseq=432 icode= >,3pvv_B_A,2.0
157,0.0,ARG, ,CA,48.71,8.83,0.0,3.42,1.0,<Residue ARG het=  resseq=432 icode= >,3pvv_B_A,2.0
158,1.043,ARG, ,C,48.73,8.39,0.0,3.47,1.0,<Residue ARG het=  resseq=432 icode= >,3pvv_B_A,2.0
159,14.963,ARG, ,O,49.09,7.75,0.0,2.17,1.0,<Residue ARG het=  resseq=432 icode= >,3pvv_B_A,2.0
160,11.91,ARG, ,CB,51.79,10.27,0.0,1.26,1.0,<Residue ARG het=  resseq=432 icode= >,3pvv_B_A,2.0
161,0.0,ARG, ,CG,60.7,11.00,0.0,1.43,1.0,<Residue ARG het=  resseq=432 icode= >,3pvv_B_A,2.0
162,19.509,ARG, ,CD,72.59,11.86,0.0,0.66,1.0,<Residue ARG het=  resseq=432 icode= >,3pvv_B_A,2.0
163,9.398,ARG, ,NE,82.61,13.28,0.0,0.64,1.0,<Residue ARG het=  resseq=432 icode= >,3pvv_B_A,2.0
164,4.082,ARG, ,CZ,87.85,14.28,0.0,0.89,1.0,<Residue ARG het=  resseq=432 icode= >,3pvv_B_A,2.0
165,31.204,ARG, ,NH1,90.17,14.14,0.0,0.61,1.0,<Residue ARG het=  resseq=432 icode= >,3pvv_B_A,2.0
166,42.244,ARG, ,NH2,89.77,15.46,0.0,1.02,1.0,<Residue ARG het=  resseq=432 icode= >,3pvv_B_A,2.0
167,0.082,GLY, ,N,47.48,8.63,0.0,3.43,1.0,<Residue GLY het=  resseq=433 icode= >,3pvv_B_A,2.0
168,17.108,GLY, ,CA,46.63,8.65,0.0,2.44,1.0,<Residue GLY het=  resseq=433 icode= >,3pvv_B_A,2.0
169,1.042,GLY, ,C,46.1,7.36,0.0,3.33,1.0,<Residue GLY het=  resseq=433 icode= >,3pvv_B_A,2.0
170,0.0,GLY, ,O,45.25,6.27,0.0,1.91,1.0,<Residue GLY het=  resseq=433 icode= >,3pvv_B_A,2.0
171,0.176,PRO, ,N,45.9,6.77,0.0,3.22,1.0,<Residue PRO het=  resseq=434 icode= >,3pvv_B_A,2.0
172,3.421,PRO, ,CA,45.47,5.85,0.0,2.59,1.0,<Residue PRO het=  resseq=434 icode= >,3pvv_B_A,2.0
173,0.927,PRO, ,C,44.13,4.46,0.206,2.98,1.0,<Residue PRO het=  resseq=434 icode= >,3pvv_B_A,2.0
174,16.316,PRO, ,O,44.54,3.84,5.646,1.55,1.0,<Residue PRO het=  resseq=434 icode= >,3pvv_B_A,2.0
175,37.636,PRO, ,CB,46.31,6.02,0.0,1.91,1.0,<Residue PRO het=  resseq=434 icode= >,3pvv_B_A,2.0
176,39.944,PRO, ,CG,46.44,6.35,0.0,1.55,1.0,<Residue PRO het=  resseq=434 icode= >,3pvv_B_A,2.0
177,30.005,PRO, ,CD,46.07,7.03,0.0,1.64,1.0,<Residue PRO het=  resseq=434 icode= >,3pvv_B_A,2.0
178,2.375,GLY, ,N,42.9,4.35,0.0,2.66,1.0,<Residue GLY het=  resseq=435 icode= >,3pvv_B_A,2.0
179,29.017,GLY, ,CA,40.53,3.43,8.501,1.90,1.0,<Residue GLY het=  resseq=435 icode= >,3pvv_B_A,2.0
180,0.0,GLY, ,C,39.37,3.67,0.0,3.27,1.0,<Residue GLY het=  resseq=435 icode= >,3pvv_B_A,2.0
181,0.0,GLY, ,O,39.04,4.87,0.0,3.13,1.0,<Residue GLY het=  resseq=435 icode= >,3pvv_B_A,2.0
182,4.577,LYS, ,N,37.69,2.96,4.577,2.49,1.0,<Residue LYS het=  resseq=436 icode= >,3pvv_B_A,2.0
183,0.0,LYS, ,CA,36.67,3.99,0.0,2.90,1.0,<Residue LYS het=  resseq=436 icode= >,3pvv_B_A,2.0
184,1.316,LYS, ,C,36.39,3.82,1.316,3.77,1.0,<Residue LYS het=  resseq=436 icode= >,3pvv_B_A,2.0
185,11.86,LYS, ,O,35.07,4.04,6.06,2.82,1.0,<Residue LYS het=  resseq=436 icode= >,3pvv_B_A,2.0
186,10.433,LYS, ,CB,36.75,4.31,9.329,2.33,1.0,<Residue LYS het=  resseq=436 icode= >,3pvv_B_A,2.0
187,16.554,LYS, ,CG,37.89,3.58,16.288,1.88,1.0,<Residue LYS het=  resseq=436 icode= >,3pvv_B_A,2.0
188,30.56,LYS, ,CD,37.12,3.77,24.703,1.91,1.0,<Residue LYS het=  resseq=436 icode= >,3pvv_B_A,2.0
189,44.813,LYS, ,CE,35.64,3.46,38.984,1.78,1.0,<Residue LYS het=  resseq=436 icode= >,3pvv_B_A,2.0
190,49.179,LYS, ,NZ,35.83,2.73,48.498,1.90,1.0,<Residue LYS het=  resseq=436 icode= >,3pvv_B_A,2.0
191,1.01,THR, ,N,35.95,3.71,1.01,2.62,1.0,<Residue THR het=  resseq=437 icode= >,3pvv_B_A,2.0
192,8.194,THR, ,CA,35.09,3.64,8.194,2.64,1.0,<Residue THR het=  resseq=437 icode= >,3pvv_B_A,2.0
193,0.0,THR, ,C,35.47,3.70,0.0,3.41,1.0,<Residue THR het=  resseq=437 icode= >,3pvv_B_A,2.0
194,0.0,THR, ,O,34.68,4.90,0.0,2.73,1.0,<Residue THR het=  resseq=437 icode= >,3pvv_B_A,2.0
195,14.968,THR, ,CB,37.12,3.91,3.606,2.87,1.0,<Residue THR het=  resseq=437 icode= >,3pvv_B_A,2.0
196,12.649,THR, ,OG1,37.6,5.18,0.0,3.02,1.0,<Residue THR het=  resseq=437 icode= >,3pvv_B_A,2.0
197,66.276,THR, ,CG2,37.4,3.97,25.504,1.15,1.0,<Residue THR het=  resseq=437 icode= >,3pvv_B_A,2.0
198,9.803,ARG, ,N,33.22,2.85,8.269,2.82,1.0,<Residue ARG het=  resseq=438 icode= >,3pvv_B_A,2.0
199,6.448,ARG, ,CA,30.44,3.76,0.027,3.13,1.0,<Residue ARG het=  resseq=438 icode= >,3pvv_B_A,2.0
200,0.0,ARG, ,C,29.69,5.06,0.0,4.57,1.0,<Residue ARG het=  resseq=438 icode= >,3pvv_B_A,2.0
201,1.435,ARG, ,O,29.05,6.09,0.0,3.57,1.0,<Residue ARG het=  resseq=438 icode= >,3pvv_B_A,2.0
202,25.121,ARG, ,CB,32.02,3.55,14.245,2.23,1.0,<Residue ARG het=  resseq=438 icode= >,3pvv_B_A,2.0
203,19.882,ARG, ,CG,34.56,4.96,0.0,1.79,1.0,<Residue ARG het=  resseq=438 icode= >,3pvv_B_A,2.0
204,28.269,ARG, ,CD,40.39,5.41,2.526,1.44,1.0,<Residue ARG het=  resseq=438 icode= >,3pvv_B_A,2.0
205,15.772,ARG, ,NE,42.24,6.86,0.0,2.49,1.0,<Residue ARG het=  resseq=438 icode= >,3pvv_B_A,2.0
206,8.516,ARG, ,CZ,45.25,7.55,0.0,2.79,1.0,<Residue ARG het=  resseq=438 icode= >,3pvv_B_A,2.0
207,26.297,ARG, ,NH1,44.52,7.66,0.0,1.65,1.0,<Residue ARG het=  resseq=438 icode= >,3pvv_B_A,2.0
208,50.646,ARG, ,NH2,41.36,6.67,0.0,2.23,1.0,<Residue ARG het=  resseq=438 icode= >,3pvv_B_A,2.0
209,2.445,ALA, ,N,30.25,5.24,0.0,4.13,1.0,<Residue ALA het=  resseq=439 icode= >,3pvv_B_A,2.0
210,5.201,ALA, ,CA,31.2,6.66,0.0,3.70,1.0,<Residue ALA het=  resseq=439 icode= >,3pvv_B_A,2.0
211,1.214,ALA, ,C,32.69,7.47,0.0,3.85,1.0,<Residue ALA het=  resseq=439 icode= >,3pvv_B_A,2.0
212,1.361,ALA, ,O,32.12,8.60,0.0,3.62,1.0,<Residue ALA het=  resseq=439 icode= >,3pvv_B_A,2.0
213,67.513,ALA, ,CB,31.53,7.03,0.0,1.65,1.0,<Residue ALA het=  resseq=439 icode= >,3pvv_B_A,2.0
214,1.413,LEU, ,N,32.31,7.11,0.0,3.62,1.0,<Residue LEU het=  resseq=440 icode= >,3pvv_B_A,2.0
215,3.462,LEU, ,CA,32.88,8.13,0.0,2.79,1.0,<Residue LEU het=  resseq=440 icode= >,3pvv_B_A,2.0
216,0.0,LEU, ,C,31.71,7.95,0.0,3.92,1.0,<Residue LEU het=  resseq=440 icode= >,3pvv_B_A,2.0
217,0.0,LEU, ,O,30.72,7.65,0.0,3.92,1.0,<Residue LEU het=  resseq=440 icode= >,3pvv_B_A,2.0
218,3.028,LEU, ,CB,34.2,7.79,0.0,1.51,1.0,<Residue LEU het=  resseq=440 icode= >,3pvv_B_A,2.0
219,8.655,LEU, ,CG,37.9,7.99,0.0,1.66,1.0,<Residue LEU het=  resseq=440 icode= >,3pvv_B_A,2.0
220,11.824,LEU, ,CD1,39.21,6.76,0.0,1.45,1.0,<Residue LEU het=  resseq=440 icode= >,3pvv_B_A,2.0
221,0.0,LEU, ,CD2,35.0,8.84,0.0,2.01,1.0,<Residue LEU het=  resseq=440 icode= >,3pvv_B_A,2.0
222,0.0,ALA, ,N,28.83,6.73,0.0,3.66,1.0,<Residue ALA het=  resseq=441 icode= >,3pvv_B_A,2.0
223,0.409,ALA, ,CA,26.97,5.56,0.0,3.74,1.0,<Residue ALA het=  resseq=441 icode= >,3pvv_B_A,2.0
224,0.0,ALA, ,C,26.21,5.53,0.0,4.39,1.0,<Residue ALA het=  resseq=441 icode= >,3pvv_B_A,2.0
225,0.214,ALA, ,O,25.97,5.63,0.0,3.59,1.0,<Residue ALA het=  resseq=441 icode= >,3pvv_B_A,2.0
226,23.985,ALA, ,CB,26.93,4.30,20.314,2.35,1.0,<Residue ALA het=  resseq=441 icode= >,3pvv_B_A,2.0
227,0.833,GLN, ,N,26.1,5.70,0.045,4.16,1.0,<Residue GLN het=  resseq=442 icode= >,3pvv_B_A,2.0
228,1.434,GLN, ,CA,26.12,6.09,0.0,3.75,1.0,<Residue GLN het=  resseq=442 icode= >,3pvv_B_A,2.0
229,0.0,GLN, ,C,25.28,7.41,0.0,4.55,1.0,<Residue GLN het=  resseq=442 icode= >,3pvv_B_A,2.0
230,0.0,GLN, ,O,25.42,7.77,0.0,3.54,1.0,<Residue GLN het=  resseq=442 icode= >,3pvv_B_A,2.0
231,8.264,GLN, ,CB,26.96,6.55,0.0,2.48,1.0,<Residue GLN het=  resseq=442 icode= >,3pvv_B_A,2.0
232,4.321,GLN, ,CG,29.7,7.30,0.0,2.05,1.0,<Residue GLN het=  resseq=442 icode= >,3pvv_B_A,2.0
233,2.791,GLN, ,CD,35.69,8.17,0.0,2.86,1.0,<Residue GLN het=  resseq=442 icode= >,3pvv_B_A,2.0
234,14.017,GLN, ,OE1,34.4,8.17,0.0,2.28,1.0,<Residue GLN het=  resseq=442 icode= >,3pvv_B_A,2.0
235,20.191,GLN, ,NE2,34.85,9.17,0.0,1.84,1.0,<Residue GLN het=  resseq=442 icode= >,3pvv_B_A,2.0
236,0.0,SER, ,N,24.88,8.31,0.0,3.72,1.0,<Residue SER het=  resseq=443 icode= >,3pvv_B_A,2.0
237,0.0,SER, ,CA,23.85,9.65,0.0,3.35,1.0,<Residue SER het=  resseq=443 icode= >,3pvv_B_A,2.0
238,0.0,SER, ,C,23.95,9.01,0.0,4.37,1.0,<Residue SER het=  resseq=443 icode= >,3pvv_B_A,2.0
239,0.0,SER, ,O,23.48,9.60,0.0,3.98,1.0,<Residue SER het=  resseq=443 icode= >,3pvv_B_A,2.0
240,0.0,SER, ,CB,24.32,10.45,0.0,3.10,1.0,<Residue SER het=  resseq=443 icode= >,3pvv_B_A,2.0
241,4.09,SER, ,OG,24.63,10.83,0.0,3.47,1.0,<Residue SER het=  resseq=443 icode= >,3pvv_B_A,2.0
242,0.0,ARG, ,N,23.4,7.73,0.0,4.14,1.0,<Residue ARG het=  resseq=444 icode= >,3pvv_B_A,2.0
243,0.0,ARG, ,CA,22.57,6.90,0.0,4.37,1.0,<Residue ARG het=  resseq=444 icode= >,3pvv_B_A,2.0
244,0.0,ARG, ,C,23.25,6.92,0.0,4.17,1.0,<Residue ARG het=  resseq=444 icode= >,3pvv_B_A,2.0
245,0.0,ARG, ,O,23.02,7.36,0.0,3.48,1.0,<Residue ARG het=  resseq=444 icode= >,3pvv_B_A,2.0
246,0.081,ARG, ,CB,23.63,5.57,0.0,2.91,1.0,<Residue ARG het=  resseq=444 icode= >,3pvv_B_A,2.0
247,0.013,ARG, ,CG,24.32,4.96,0.0,2.82,1.0,<Residue ARG het=  resseq=444 icode= >,3pvv_B_A,2.0
248,6.019,ARG, ,CD,23.92,3.81,5.39,3.34,1.0,<Residue ARG het=  resseq=444 icode= >,3pvv_B_A,2.0
249,0.0,ARG, ,NE,28.5,4.53,0.0,3.06,1.0,<Residue ARG het=  resseq=444 icode= >,3pvv_B_A,2.0
250,0.0,ARG, ,CZ,28.44,4.63,0.0,4.27,1.0,<Residue ARG het=  resseq=444 icode= >,3pvv_B_A,2.0
251,6.362,ARG, ,NH1,28.32,4.03,5.616,2.39,1.0,<Residue ARG het=  resseq=444 icode= >,3pvv_B_A,2.0
252,0.0,ARG, ,NH2,28.99,5.73,0.0,2.79,1.0,<Residue ARG het=  resseq=444 icode= >,3pvv_B_A,2.0
253,0.0,GLN, ,N,22.81,6.81,0.0,3.92,1.0,<Residue GLN het=  resseq=445 icode= >,3pvv_B_A,2.0
254,0.0,GLN, ,CA,23.6,6.74,0.0,3.88,1.0,<Residue GLN het=  resseq=445 icode= >,3pvv_B_A,2.0
255,0.0,GLN, ,C,23.18,8.14,0.0,5.45,1.0,<Residue GLN het=  resseq=445 icode= >,3pvv_B_A,2.0
256,0.0,GLN, ,O,22.06,8.42,0.0,4.59,1.0,<Residue GLN het=  resseq=445 icode= >,3pvv_B_A,2.0
257,0.0,GLN, ,CB,23.44,6.36,0.0,3.84,1.0,<Residue GLN het=  resseq=445 icode= >,3pvv_B_A,2.0
258,7.554,GLN, ,CG,28.8,4.95,6.137,2.94,1.0,<Residue GLN het=  resseq=445 icode= >,3pvv_B_A,2.0
259,0.392,GLN, ,CD,35.99,4.15,0.392,3.65,1.0,<Residue GLN het=  resseq=445 icode= >,3pvv_B_A,2.0
260,9.33,GLN, ,OE1,33.52,3.59,6.099,3.57,1.0,<Residue GLN het=  resseq=445 icode= >,3pvv_B_A,2.0
261,19.108,GLN, ,NE2,38.25,3.54,19.108,1.32,1.0,<Residue GLN het=  resseq=445 icode= >,3pvv_B_A,2.0
262,0.0,ILE, ,N,22.18,9.12,0.0,4.81,1.0,<Residue ILE het=  resseq=446 icode= >,3pvv_B_A,2.0
263,0.0,ILE, ,CA,22.78,10.34,0.0,4.46,1.0,<Residue ILE het=  resseq=446 icode= >,3pvv_B_A,2.0
264,0.0,ILE, ,C,22.35,10.95,0.0,5.02,1.0,<Residue ILE het=  resseq=446 icode= >,3pvv_B_A,2.0
265,0.0,ILE, ,O,22.54,11.73,0.0,4.08,1.0,<Residue ILE het=  resseq=446 icode= >,3pvv_B_A,2.0
266,0.0,ILE, ,CB,23.41,10.64,0.0,3.24,1.0,<Residue ILE het=  resseq=446 icode= >,3pvv_B_A,2.0
267,0.0,ILE, ,CG1,23.09,9.90,0.0,2.01,1.0,<Residue ILE het=  resseq=446 icode= >,3pvv_B_A,2.0
268,0.0,ILE, ,CG2,22.96,12.14,0.0,3.19,1.0,<Residue ILE het=  resseq=446 icode= >,3pvv_B_A,2.0
269,0.0,ILE, ,CD1,23.33,10.27,0.0,2.13,1.0,<Residue ILE het=  resseq=446 icode= >,3pvv_B_A,2.0
270,0.0,ALA, ,N,21.94,10.56,0.0,4.47,1.0,<Residue ALA het=  resseq=447 icode= >,3pvv_B_A,2.0
271,0.0,ALA, ,CA,22.51,10.98,0.0,3.78,1.0,<Residue ALA het=  resseq=447 icode= >,3pvv_B_A,2.0
272,0.0,ALA, ,C,22.29,10.74,0.0,4.91,1.0,<Residue ALA het=  resseq=447 icode= >,3pvv_B_A,2.0
273,0.0,ALA, ,O,22.34,11.69,0.0,4.56,1.0,<Residue ALA het=  resseq=447 icode= >,3pvv_B_A,2.0
274,0.0,ALA, ,CB,21.6,10.50,0.0,2.63,1.0,<Residue ALA het=  resseq=447 icode= >,3pvv_B_A,2.0
275,0.0,MET, ,N,23.04,9.48,0.0,4.19,1.0,<Residue MET het=  resseq=448 icode= >,3pvv_B_A,2.0
276,0.0,MET, ,CA,24.17,9.21,0.0,3.91,1.0,<Residue MET het=  resseq=448 icode= >,3pvv_B_A,2.0
277,0.0,MET, ,C,23.21,10.04,0.0,4.39,1.0,<Residue MET het=  resseq=448 icode= >,3pvv_B_A,2.0
278,0.0,MET, ,O,22.87,10.74,0.0,4.74,1.0,<Residue MET het=  resseq=448 icode= >,3pvv_B_A,2.0
279,0.0,MET, ,CB,24.48,7.74,0.0,3.46,1.0,<Residue MET het=  resseq=448 icode= >,3pvv_B_A,2.0
280,0.0,MET, ,CG,26.12,7.08,0.0,3.87,1.0,<Residue MET het=  resseq=448 icode= >,3pvv_B_A,2.0
281,1.108,MET, ,SD,33.71,5.39,0.685,6.23,1.0,<Residue MET het=  resseq=448 icode= >,3pvv_B_A,2.0
282,0.0,MET, ,CE,34.28,5.61,0.0,1.60,1.0,<Residue MET het=  resseq=448 icode= >,3pvv_B_A,2.0
283,0.0,TYR, ,N,22.21,10.12,0.0,3.60,1.0,<Residue TYR het=  resseq=449 icode= >,3pvv_B_A,2.0
284,0.0,TYR, ,CA,20.78,11.11,0.0,3.21,1.0,<Residue TYR het=  resseq=449 icode= >,3pvv_B_A,2.0
285,0.0,TYR, ,C,21.93,12.32,0.0,4.51,1.0,<Residue TYR het=  resseq=449 icode= >,3pvv_B_A,2.0
286,0.0,TYR, ,O,20.67,11.56,0.0,4.15,1.0,<Residue TYR het=  resseq=449 icode= >,3pvv_B_A,2.0
287,0.0,TYR, ,CB,21.32,11.18,0.0,3.10,1.0,<Residue TYR het=  resseq=449 icode= >,3pvv_B_A,2.0
288,0.0,TYR, ,CG,23.26,12.52,0.0,3.86,1.0,<Residue TYR het=  resseq=449 icode= >,3pvv_B_A,2.0
289,0.0,TYR, ,CD1,23.22,11.87,0.0,3.07,1.0,<Residue TYR het=  resseq=449 icode= >,3pvv_B_A,2.0
290,0.0,TYR, ,CD2,23.68,13.53,0.0,2.67,1.0,<Residue TYR het=  resseq=449 icode= >,3pvv_B_A,2.0
291,0.108,TYR, ,CE1,26.38,12.15,0.108,2.70,1.0,<Residue TYR het=  resseq=449 icode= >,3pvv_B_A,2.0
292,0.482,TYR, ,CE2,25.46,14.32,0.0,3.02,1.0,<Residue TYR het=  resseq=449 icode= >,3pvv_B_A,2.0
293,0.0,TYR, ,CZ,28.45,13.40,0.0,3.54,1.0,<Residue TYR het=  resseq=449 icode= >,3pvv_B_A,2.0
294,10.6,TYR, ,OH,29.24,13.87,8.099,2.89,1.0,<Residue TYR het=  resseq=449 icode= >,3pvv_B_A,2.0
295,0.0,LEU, ,N,21.8,12.87,0.0,3.92,1.0,<Residue LEU het=  resseq=450 icode= >,3pvv_B_A,2.0
296,0.0,LEU, ,CA,20.54,13.55,0.0,4.49,1.0,<Residue LEU het=  resseq=450 icode= >,3pvv_B_A,2.0
297,0.0,LEU, ,C,21.31,12.55,0.0,4.89,1.0,<Residue LEU het=  resseq=450 icode= >,3pvv_B_A,2.0
298,0.0,LEU, ,O,21.47,12.56,0.0,4.37,1.0,<Residue LEU het=  resseq=450 icode= >,3pvv_B_A,2.0
299,0.0,LEU, ,CB,22.36,14.66,0.0,2.97,1.0,<Residue LEU het=  resseq=450 icode= >,3pvv_B_A,2.0
300,0.0,LEU, ,CG,23.34,14.96,0.0,2.85,1.0,<Residue LEU het=  resseq=450 icode= >,3pvv_B_A,2.0
301,0.0,LEU, ,CD1,23.91,15.38,0.0,1.74,1.0,<Residue LEU het=  resseq=450 icode= >,3pvv_B_A,2.0
302,0.157,LEU, ,CD2,23.19,16.13,0.0,2.55,1.0,<Residue LEU het=  resseq=450 icode= >,3pvv_B_A,2.0
303,0.0,CYS, ,N,22.09,11.86,0.0,4.56,1.0,<Residue CYS het=  resseq=451 icode= >,3pvv_B_A,2.0
304,0.0,CYS, ,CA,22.25,10.90,0.0,3.63,1.0,<Residue CYS het=  resseq=451 icode= >,3pvv_B_A,2.0
305,0.0,CYS, ,C,22.81,9.69,0.0,3.77,1.0,<Residue CYS het=  resseq=451 icode= >,3pvv_B_A,2.0
306,0.0,CYS, ,O,22.74,9.27,0.0,3.22,1.0,<Residue CYS het=  resseq=451 icode= >,3pvv_B_A,2.0
307,0.353,CYS, ,CB,22.62,10.61,0.0,2.87,1.0,<Residue CYS het=  resseq=451 icode= >,3pvv_B_A,2.0
308,0.0,CYS, ,SG,24.16,12.12,0.0,6.09,1.0,<Residue CYS het=  resseq=451 icode= >,3pvv_B_A,2.0
309,0.0,ARG, ,N,22.86,9.35,0.0,3.85,1.0,<Residue ARG het=  resseq=452 icode= >,3pvv_B_A,2.0
310,0.0,ARG, ,CA,23.55,8.44,0.0,4.21,1.0,<Residue ARG het=  resseq=452 icode= >,3pvv_B_A,2.0
311,1.081,ARG, ,C,24.29,9.19,1.081,5.34,1.0,<Residue ARG het=  resseq=452 icode= >,3pvv_B_A,2.0
312,10.613,ARG, ,O,22.89,8.74,10.613,3.86,1.0,<Residue ARG het=  resseq=452 icode= >,3pvv_B_A,2.0
313,2.143,ARG, ,CB,22.91,8.24,2.143,3.86,1.0,<Residue ARG het=  resseq=452 icode= >,3pvv_B_A,2.0
314,0.0,ARG, ,CG,25.13,7.32,0.0,3.15,1.0,<Residue ARG het=  resseq=452 icode= >,3pvv_B_A,2.0
315,0.875,ARG, ,CD,25.74,5.82,0.698,2.74,1.0,<Residue ARG het=  resseq=452 icode= >,3pvv_B_A,2.0
316,2.115,ARG, ,NE,25.84,5.62,0.251,3.78,1.0,<Residue ARG het=  resseq=452 icode= >,3pvv_B_A,2.0
317,4.709,ARG, ,CZ,33.52,5.55,3.294,3.00,1.0,<Residue ARG het=  resseq=452 icode= >,3pvv_B_A,2.0
318,21.549,ARG, ,NH1,29.61,5.64,11.055,2.10,1.0,<Residue ARG het=  resseq=452 icode= >,3pvv_B_A,2.0
319,49.997,ARG, ,NH2,27.92,5.87,49.311,2.90,1.0,<Residue ARG het=  resseq=452 icode= >,3pvv_B_A,2.0
320,0.0,GLU, ,N,24.05,10.51,0.0,4.54,1.0,<Residue GLU het=  resseq=453 icode= >,3pvv_B_A,2.0
321,5.948,GLU, ,CA,26.95,11.50,5.948,4.24,1.0,<Residue GLU het=  resseq=453 icode= >,3pvv_B_A,2.0
322,0.082,GLU, ,C,24.87,11.88,0.082,4.40,1.0,<Residue GLU het=  resseq=453 icode= >,3pvv_B_A,2.0
323,29.968,GLU, ,O,24.22,12.28,19.529,3.11,1.0,<Residue GLU het=  resseq=453 icode= >,3pvv_B_A,2.0
324,1.651,GLU, ,CB,30.15,12.82,0.0,2.45,1.0,<Residue GLU het=  resseq=453 icode= >,3pvv_B_A,2.0
325,0.814,GLU, ,CG,46.47,12.89,0.07,0.87,1.0,<Residue GLU het=  resseq=453 icode= >,3pvv_B_A,2.0
326,3.998,GLU, ,CD,69.84,13.12,3.483,0.25,1.0,<Residue GLU het=  resseq=453 icode= >,3pvv_B_A,2.0
327,34.696,GLU, ,OE1,78.57,14.07,12.07,-0.15,1.0,<Residue GLU het=  resseq=453 icode= >,3pvv_B_A,2.0
328,17.54,GLU, ,OE2,77.97,12.27,16.15,-0.07,1.0,<Residue GLU het=  resseq=453 icode= >,3pvv_B_A,2.0
329,0.0,LEU, ,N,24.41,11.98,0.0,3.93,1.0,<Residue LEU het=  resseq=454 icode= >,3pvv_B_A,2.0
330,4.095,LEU, ,CA,25.78,12.81,0.0,3.57,1.0,<Residue LEU het=  resseq=454 icode= >,3pvv_B_A,2.0
331,3.029,LEU, ,C,26.05,12.18,1.519,4.25,1.0,<Residue LEU het=  resseq=454 icode= >,3pvv_B_A,2.0
332,21.852,LEU, ,O,25.29,12.90,0.0,3.63,1.0,<Residue LEU het=  resseq=454 icode= >,3pvv_B_A,2.0
333,0.312,LEU, ,CB,26.36,13.93,0.0,2.97,1.0,<Residue LEU het=  resseq=454 icode= >,3pvv_B_A,2.0
334,10.578,LEU, ,CG,31.0,15.27,0.0,2.55,1.0,<Residue LEU het=  resseq=454 icode= >,3pvv_B_A,2.0
335,21.233,LEU, ,CD1,29.73,15.25,0.0,1.90,1.0,<Residue LEU het=  resseq=454 icode= >,3pvv_B_A,2.0
336,0.705,LEU, ,CD2,31.31,16.06,0.0,1.32,1.0,<Residue LEU het=  resseq=454 icode= >,3pvv_B_A,2.0
337,0.0,THR, ,N,24.97,10.98,0.0,3.71,1.0,<Residue THR het=  resseq=455 icode= >,3pvv_B_A,2.0
338,5.431,THR, ,CA,25.64,10.45,0.0,3.33,1.0,<Residue THR het=  resseq=455 icode= >,3pvv_B_A,2.0
339,1.254,THR, ,C,28.46,9.14,0.733,4.05,1.0,<Residue THR het=  resseq=455 icode= >,3pvv_B_A,2.0
340,3.687,THR, ,O,27.04,8.53,3.687,3.78,1.0,<Residue THR het=  resseq=455 icode= >,3pvv_B_A,2.0
341,0.84,THR, ,CB,25.15,10.46,0.0,3.38,1.0,<Residue THR het=  resseq=455 icode= >,3pvv_B_A,2.0
342,0.161,THR, ,OG1,24.18,9.39,0.0,3.54,1.0,<Residue THR het=  resseq=455 icode= >,3pvv_B_A,2.0
343,0.144,THR, ,CG2,24.76,11.79,0.0,1.89,1.0,<Residue THR het=  resseq=455 icode= >,3pvv_B_A,2.0
344,4.661,ASP, ,N,31.92,8.90,0.0,2.88,1.0,<Residue ASP het=  resseq=456 icode= >,3pvv_B_A,2.0
345,3.591,ASP, ,CA,36.14,7.77,0.844,2.91,1.0,<Residue ASP het=  resseq=456 icode= >,3pvv_B_A,2.0
346,3.149,ASP, ,C,34.85,6.90,0.0,4.18,1.0,<Residue ASP het=  resseq=456 icode= >,3pvv_B_A,2.0
347,20.15,ASP, ,O,34.41,6.38,0.0,3.03,1.0,<Residue ASP het=  resseq=456 icode= >,3pvv_B_A,2.0
348,29.497,ASP, ,CB,40.59,8.47,0.0,1.74,1.0,<Residue ASP het=  resseq=456 icode= >,3pvv_B_A,2.0
349,10.698,ASP, ,CG,50.89,9.29,0.072,1.95,1.0,<Residue ASP het=  resseq=456 icode= >,3pvv_B_A,2.0
350,33.539,ASP, ,OD1,54.74,8.90,16.821,1.19,1.0,<Residue ASP het=  resseq=456 icode= >,3pvv_B_A,2.0
351,42.064,ASP, ,OD2,55.52,10.47,0.0,1.78,1.0,<Residue ASP het=  resseq=456 icode= >,3pvv_B_A,2.0
352,0.0,LEU, ,N,32.57,7.05,0.0,3.54,1.0,<Residue LEU het=  resseq=457 icode= >,3pvv_B_A,2.0
353,0.203,LEU, ,CA,31.3,6.66,0.0,3.45,1.0,<Residue LEU het=  resseq=457 icode= >,3pvv_B_A,2.0
354,0.374,LEU, ,C,30.53,5.22,0.0,4.09,1.0,<Residue LEU het=  resseq=457 icode= >,3pvv_B_A,2.0
355,3.686,LEU, ,O,29.13,4.75,1.173,3.50,1.0,<Residue LEU het=  resseq=457 icode= >,3pvv_B_A,2.0
356,0.0,LEU, ,CB,30.48,7.69,0.0,2.45,1.0,<Residue LEU het=  resseq=457 icode= >,3pvv_B_A,2.0
357,2.659,LEU, ,CG,34.21,8.53,0.0,2.31,1.0,<Residue LEU het=  resseq=457 icode= >,3pvv_B_A,2.0
358,30.252,LEU, ,CD1,33.05,7.70,0.0,0.88,1.0,<Residue LEU het=  resseq=457 icode= >,3pvv_B_A,2.0
359,21.29,LEU, ,CD2,35.57,9.68,0.0,0.58,1.0,<Residue LEU het=  resseq=457 icode= >,3pvv_B_A,2.0
360,0.257,SER, ,N,30.18,4.84,0.0,4.22,1.0,<Residue SER het=  resseq=458 icode= >,3pvv_B_A,2.0
361,10.863,SER, ,CA,30.73,3.69,8.681,3.37,1.0,<Residue SER het=  resseq=458 icode= >,3pvv_B_A,2.0
362,0.0,SER, ,C,30.72,3.69,0.0,4.66,1.0,<Residue SER het=  resseq=458 icode= >,3pvv_B_A,2.0
363,0.0,SER, ,O,30.57,4.86,0.0,3.66,1.0,<Residue SER het=  resseq=458 icode= >,3pvv_B_A,2.0
364,33.7,SER, ,CB,31.09,3.31,28.293,2.65,1.0,<Residue SER het=  resseq=458 icode= >,3pvv_B_A,2.0
365,4.328,SER, ,OG,31.28,2.58,4.328,3.76,1.0,<Residue SER het=  resseq=458 icode= >,3pvv_B_A,2.0
366,2.058,LEU, ,N,29.53,2.80,2.058,3.86,1.0,<Residue LEU het=  resseq=459 icode= >,3pvv_B_A,2.0
367,0.0,LEU, ,CA,28.44,3.63,0.0,3.51,1.0,<Residue LEU het=  resseq=459 icode= >,3pvv_B_A,2.0
368,0.0,LEU, ,C,29.25,4.52,0.0,3.61,1.0,<Residue LEU het=  resseq=459 icode= >,3pvv_B_A,2.0
369,0.0,LEU, ,O,28.98,5.71,0.0,2.82,1.0,<Residue LEU het=  resseq=459 icode= >,3pvv_B_A,2.0
370,0.0,LEU, ,CB,27.88,3.40,0.0,2.90,1.0,<Residue LEU het=  resseq=459 icode= >,3pvv_B_A,2.0
371,3.517,LEU, ,CG,27.15,3.48,3.387,3.37,1.0,<Residue LEU het=  resseq=459 icode= >,3pvv_B_A,2.0
372,38.651,LEU, ,CD1,25.32,3.46,36.085,2.30,1.0,<Residue LEU het=  resseq=459 icode= >,3pvv_B_A,2.0
373,0.786,LEU, ,CD2,25.26,4.98,0.0,2.56,1.0,<Residue LEU het=  resseq=459 icode= >,3pvv_B_A,2.0
374,0.0,PRO, ,N,29.93,4.31,0.0,2.40,1.0,<Residue PRO het=  resseq=460 icode= >,3pvv_B_A,2.0
375,2.612,PRO, ,CA,30.12,5.11,0.0,2.44,1.0,<Residue PRO het=  resseq=460 icode= >,3pvv_B_A,2.0
376,0.033,PRO, ,C,29.81,5.52,0.0,4.71,1.0,<Residue PRO het=  resseq=460 icode= >,3pvv_B_A,2.0
377,5.846,PRO, ,O,30.34,6.50,0.0,3.13,1.0,<Residue PRO het=  resseq=460 icode= >,3pvv_B_A,2.0
378,31.634,PRO, ,CB,30.49,3.69,7.424,1.77,1.0,<Residue PRO het=  resseq=460 icode= >,3pvv_B_A,2.0
379,28.55,PRO, ,CG,29.53,3.34,23.873,2.19,1.0,<Residue PRO het=  resseq=460 icode= >,3pvv_B_A,2.0
380,8.253,PRO, ,CD,29.67,3.30,8.253,2.05,1.0,<Residue PRO het=  resseq=460 icode= >,3pvv_B_A,2.0
381,0.0,LYS, ,N,29.59,4.91,0.0,5.14,1.0,<Residue LYS het=  resseq=461 icode= >,3pvv_B_A,2.0
382,0.0,LYS, ,CA,29.65,5.61,0.0,4.13,1.0,<Residue LYS het=  resseq=461 icode= >,3pvv_B_A,2.0
383,0.0,LYS, ,C,29.92,7.04,0.0,3.35,1.0,<Residue LYS het=  resseq=461 icode= >,3pvv_B_A,2.0
384,7.325,LYS, ,O,29.57,8.00,0.0,2.76,1.0,<Residue LYS het=  resseq=461 icode= >,3pvv_B_A,2.0
385,2.348,LYS, ,CB,29.77,5.13,0.0,2.64,1.0,<Residue LYS het=  resseq=461 icode= >,3pvv_B_A,2.0
386,16.475,LYS, ,CG,31.96,4.18,3.984,1.90,1.0,<Residue LYS het=  resseq=461 icode= >,3pvv_B_A,2.0
387,27.86,LYS, ,CD,39.39,4.47,0.858,0.57,1.0,<Residue LYS het=  resseq=461 icode= >,3pvv_B_A,2.0
388,7.347,LYS, ,CE,41.04,4.14,3.806,0.78,1.0,<Residue LYS het=  resseq=461 icode= >,3pvv_B_A,2.0
389,36.684,LYS, ,NZ,41.57,5.00,0.0,1.15,1.0,<Residue LYS het=  resseq=461 icode= >,3pvv_B_A,2.0
390,0.0,ILE, ,N,29.61,7.35,0.0,2.57,1.0,<Residue ILE het=  resseq=462 icode= >,3pvv_B_A,2.0
391,0.139,ILE, ,CA,29.75,8.37,0.0,3.72,1.0,<Residue ILE het=  resseq=462 icode= >,3pvv_B_A,2.0
392,0.0,ILE, ,C,32.85,9.09,0.0,4.04,1.0,<Residue ILE het=  resseq=462 icode= >,3pvv_B_A,2.0
393,0.0,ILE, ,O,32.82,9.92,0.0,3.28,1.0,<Residue ILE het=  resseq=462 icode= >,3pvv_B_A,2.0
394,0.0,ILE, ,CB,28.14,7.89,0.0,3.49,1.0,<Residue ILE het=  resseq=462 icode= >,3pvv_B_A,2.0
395,0.081,ILE, ,CG1,25.22,7.67,0.0,3.21,1.0,<Residue ILE het=  resseq=462 icode= >,3pvv_B_A,2.0
396,0.0,ILE, ,CG2,27.91,9.12,0.0,2.30,1.0,<Residue ILE het=  resseq=462 icode= >,3pvv_B_A,2.0
397,0.0,ILE, ,CD1,21.8,6.87,0.0,1.82,1.0,<Residue ILE het=  resseq=462 icode= >,3pvv_B_A,2.0
398,0.0,GLY, ,N,34.82,8.48,0.0,3.10,1.0,<Residue GLY het=  resseq=463 icode= >,3pvv_B_A,2.0
399,0.013,GLY, ,CA,38.27,7.69,0.0,1.83,1.0,<Residue GLY het=  resseq=463 icode= >,3pvv_B_A,2.0
400,0.0,GLY, ,C,41.17,7.93,0.0,2.89,1.0,<Residue GLY het=  resseq=463 icode= >,3pvv_B_A,2.0
401,0.0,GLY, ,O,40.45,7.34,0.0,2.56,1.0,<Residue GLY het=  resseq=463 icode= >,3pvv_B_A,2.0
402,0.225,GLN, ,N,43.44,9.05,0.0,2.78,1.0,<Residue GLN het=  resseq=464 icode= >,3pvv_B_A,2.0
403,6.566,GLN, ,CA,47.45,9.74,0.0,2.19,1.0,<Residue GLN het=  resseq=464 icode= >,3pvv_B_A,2.0
404,0.548,GLN, ,C,47.23,10.13,0.0,3.02,1.0,<Residue GLN het=  resseq=464 icode= >,3pvv_B_A,2.0
405,15.959,GLN, ,O,45.96,9.97,0.0,2.27,1.0,<Residue GLN het=  resseq=464 icode= >,3pvv_B_A,2.0
406,3.044,GLN, ,CB,49.53,8.77,0.0,1.14,1.0,<Residue GLN het=  resseq=464 icode= >,3pvv_B_A,2.0
407,30.473,GLN, ,CG,58.73,9.35,0.0,0.85,1.0,<Residue GLN het=  resseq=464 icode= >,3pvv_B_A,2.0
408,11.097,GLN, ,CD,70.31,8.50,0.0,0.64,1.0,<Residue GLN het=  resseq=464 icode= >,3pvv_B_A,2.0
409,40.998,GLN, ,OE1,74.49,9.14,0.0,0.00,1.0,<Residue GLN het=  resseq=464 icode= >,3pvv_B_A,2.0
410,27.795,GLN, ,NE2,74.21,7.20,0.0,0.39,1.0,<Residue GLN het=  resseq=464 icode= >,3pvv_B_A,2.0
411,0.485,ALA, ,N,45.83,10.76,0.0,3.17,1.0,<Residue ALA het=  resseq=465 icode= >,3pvv_B_A,2.0
412,11.893,ALA, ,CA,45.56,11.41,0.0,3.34,1.0,<Residue ALA het=  resseq=465 icode= >,3pvv_B_A,2.0
413,0.034,ALA, ,C,44.46,10.49,0.0,3.46,1.0,<Residue ALA het=  resseq=465 icode= >,3pvv_B_A,2.0
414,6.545,ALA, ,O,45.03,10.93,0.0,2.13,1.0,<Residue ALA het=  resseq=465 icode= >,3pvv_B_A,2.0
415,13.347,ALA, ,CB,45.91,12.13,0.0,1.86,1.0,<Residue ALA het=  resseq=465 icode= >,3pvv_B_A,2.0
416,0.0,PHE, ,N,43.44,9.36,0.0,3.23,1.0,<Residue PHE het=  resseq=466 icode= >,3pvv_B_A,2.0
417,0.0,PHE, ,CA,42.11,8.51,0.0,3.27,1.0,<Residue PHE het=  resseq=466 icode= >,3pvv_B_A,2.0
418,0.586,PHE, ,C,43.54,7.30,0.0,3.65,1.0,<Residue PHE het=  resseq=466 icode= >,3pvv_B_A,2.0
419,0.279,PHE, ,O,42.83,6.65,0.0,2.68,1.0,<Residue PHE het=  resseq=466 icode= >,3pvv_B_A,2.0
420,0.0,PHE, ,CB,40.39,7.60,0.0,1.51,1.0,<Residue PHE het=  resseq=466 icode= >,3pvv_B_A,2.0
421,0.0,PHE, ,CG,36.99,8.07,0.0,3.22,1.0,<Residue PHE het=  resseq=466 icode= >,3pvv_B_A,2.0
422,0.0,PHE, ,CD1,33.73,9.02,0.0,2.64,1.0,<Residue PHE het=  resseq=466 icode= >,3pvv_B_A,2.0
423,0.0,PHE, ,CD2,34.06,7.85,0.0,2.85,1.0,<Residue PHE het=  resseq=466 icode= >,3pvv_B_A,2.0
424,0.0,PHE, ,CE1,32.7,9.71,0.0,2.52,1.0,<Residue PHE het=  resseq=466 icode= >,3pvv_B_A,2.0
425,0.0,PHE, ,CE2,33.14,8.63,0.0,2.67,1.0,<Residue PHE het=  resseq=466 icode= >,3pvv_B_A,2.0
426,0.0,PHE, ,CZ,32.95,9.52,0.0,2.35,1.0,<Residue PHE het=  resseq=466 icode= >,3pvv_B_A,2.0
427,1.294,GLY, ,N,44.38,7.27,0.0,2.65,1.0,<Residue GLY het=  resseq=467 icode= >,3pvv_B_A,2.0
428,33.543,GLY, ,CA,44.0,6.40,0.0,2.79,1.0,<Residue GLY het=  resseq=467 icode= >,3pvv_B_A,2.0
429,3.989,GLY, ,C,44.5,4.97,0.0,3.12,1.0,<Residue GLY het=  resseq=467 icode= >,3pvv_B_A,2.0
430,29.462,GLY, ,O,44.65,4.10,5.084,1.93,1.0,<Residue GLY het=  resseq=467 icode= >,3pvv_B_A,2.0
431,0.0,ARG, ,N,42.11,5.02,0.0,2.95,1.0,<Residue ARG het=  resseq=468 icode= >,3pvv_B_A,2.0
432,4.555,ARG, ,CA,39.2,3.88,3.202,3.25,1.0,<Residue ARG het=  resseq=468 icode= >,3pvv_B_A,2.0
433,4.269,ARG, ,C,39.44,4.08,0.0,3.75,1.0,<Residue ARG het=  resseq=468 icode= >,3pvv_B_A,2.0
434,9.884,ARG, ,O,38.14,5.29,0.0,2.86,1.0,<Residue ARG het=  resseq=468 icode= >,3pvv_B_A,2.0
435,0.0,ARG, ,CB,39.43,3.62,0.0,2.48,1.0,<Residue ARG het=  resseq=468 icode= >,3pvv_B_A,2.0
436,14.814,ARG, ,CG,42.91,3.54,14.428,1.91,1.0,<Residue ARG het=  resseq=468 icode= >,3pvv_B_A,2.0
437,0.0,ARG, ,CD,46.16,3.92,0.0,1.48,1.0,<Residue ARG het=  resseq=468 icode= >,3pvv_B_A,2.0
438,10.391,ARG, ,NE,48.97,3.12,10.346,1.71,1.0,<Residue ARG het=  resseq=468 icode= >,3pvv_B_A,2.0
439,3.098,ARG, ,CZ,53.71,3.94,0.0,2.99,1.0,<Residue ARG het=  resseq=468 icode= >,3pvv_B_A,2.0
440,3.586,ARG, ,NH1,51.18,5.19,0.0,2.27,1.0,<Residue ARG het=  resseq=468 icode= >,3pvv_B_A,2.0
441,10.158,ARG, ,NH2,51.56,3.91,5.628,1.47,1.0,<Residue ARG het=  resseq=468 icode= >,3pvv_B_A,2.0
442,6.02,ASP, ,N,39.09,3.26,3.767,3.02,1.0,<Residue ASP het=  resseq=469 icode= >,3pvv_B_A,2.0
443,7.139,ASP, ,CA,39.12,4.15,0.0,3.04,1.0,<Residue ASP het=  resseq=469 icode= >,3pvv_B_A,2.0
444,0.0,ASP, ,C,35.57,4.95,0.0,3.98,1.0,<Residue ASP het=  resseq=469 icode= >,3pvv_B_A,2.0
445,0.0,ASP, ,O,34.6,4.73,0.0,2.96,1.0,<Residue ASP het=  resseq=469 icode= >,3pvv_B_A,2.0
446,20.929,ASP, ,CB,42.23,3.86,17.09,2.00,1.0,<Residue ASP het=  resseq=469 icode= >,3pvv_B_A,2.0
447,7.971,ASP, ,CG,50.49,4.16,7.881,1.61,1.0,<Residue ASP het=  resseq=469 icode= >,3pvv_B_A,2.0
448,35.989,ASP, ,OD1,52.12,4.49,6.076,1.02,1.0,<Residue ASP het=  resseq=469 icode= >,3pvv_B_A,2.0
449,5.552,ASP, ,OD2,53.79,3.78,4.31,1.06,1.0,<Residue ASP het=  resseq=469 icode= >,3pvv_B_A,2.0
450,3.098,HIS, ,N,31.11,6.20,0.0,3.18,1.0,<Residue HIS het=  resseq=470 icode= >,3pvv_B_A,2.0
451,0.0,HIS, ,CA,27.32,6.29,0.0,3.15,1.0,<Residue HIS het=  resseq=470 icode= >,3pvv_B_A,2.0
452,0.0,HIS, ,C,26.46,6.39,0.0,4.72,1.0,<Residue HIS het=  resseq=470 icode= >,3pvv_B_A,2.0
453,0.0,HIS, ,O,25.54,6.55,0.0,4.14,1.0,<Residue HIS het=  resseq=470 icode= >,3pvv_B_A,2.0
454,0.832,HIS, ,CB,27.04,4.82,0.0,2.68,1.0,<Residue HIS het=  resseq=470 icode= >,3pvv_B_A,2.0
455,0.0,HIS, ,CG,27.02,4.01,0.0,4.26,1.0,<Residue HIS het=  resseq=470 icode= >,3pvv_B_A,2.0
456,9.664,HIS, ,ND1,27.48,4.23,0.25,4.34,1.0,<Residue HIS het=  resseq=470 icode= >,3pvv_B_A,2.0
457,4.03,HIS, ,CD2,26.97,3.57,4.03,4.11,1.0,<Residue HIS het=  resseq=470 icode= >,3pvv_B_A,2.0
458,31.748,HIS, ,CE1,27.82,3.15,23.31,4.20,1.0,<Residue HIS het=  resseq=470 icode= >,3pvv_B_A,2.0
459,19.155,HIS, ,NE2,26.71,2.78,19.155,5.25,1.0,<Residue HIS het=  resseq=470 icode= >,3pvv_B_A,2.0
460,0.0,THR, ,N,26.68,5.64,0.0,4.20,1.0,<Residue THR het=  resseq=471 icode= >,3pvv_B_A,2.0
461,0.0,THR, ,CA,27.05,5.08,0.0,3.47,1.0,<Residue THR het=  resseq=471 icode= >,3pvv_B_A,2.0
462,0.992,THR, ,C,27.98,5.50,0.661,4.13,1.0,<Residue THR het=  resseq=471 icode= >,3pvv_B_A,2.0
463,5.973,THR, ,O,28.47,5.77,0.212,3.43,1.0,<Residue THR het=  resseq=471 icode= >,3pvv_B_A,2.0
464,15.405,THR, ,CB,28.99,3.58,12.801,3.07,1.0,<Residue THR het=  resseq=471 icode= >,3pvv_B_A,2.0
465,16.101,THR, ,OG1,27.62,2.94,16.101,2.06,1.0,<Residue THR het=  resseq=471 icode= >,3pvv_B_A,2.0
466,33.207,THR, ,CG2,27.61,3.13,33.18,2.00,1.0,<Residue THR het=  resseq=471 icode= >,3pvv_B_A,2.0
467,0.0,THR, ,N,30.4,5.33,0.0,2.79,1.0,<Residue THR het=  resseq=472 icode= >,3pvv_B_A,2.0
468,3.885,THR, ,CA,31.66,4.79,3.671,3.12,1.0,<Residue THR het=  resseq=472 icode= >,3pvv_B_A,2.0
469,0.0,THR, ,C,30.15,4.93,0.0,4.70,1.0,<Residue THR het=  resseq=472 icode= >,3pvv_B_A,2.0
470,0.404,THR, ,O,30.8,4.35,0.404,3.52,1.0,<Residue THR het=  resseq=472 icode= >,3pvv_B_A,2.0
471,0.0,THR, ,CB,31.96,3.73,0.0,2.77,1.0,<Residue THR het=  resseq=472 icode= >,3pvv_B_A,2.0
472,20.771,THR, ,OG1,33.74,2.70,20.771,2.85,1.0,<Residue THR het=  resseq=472 icode= >,3pvv_B_A,2.0
473,25.539,THR, ,CG2,34.08,3.06,25.539,1.05,1.0,<Residue THR het=  resseq=472 icode= >,3pvv_B_A,2.0
474,0.0,VAL, ,N,29.41,6.09,0.0,4.01,1.0,<Residue VAL het=  resseq=473 icode= >,3pvv_B_A,2.0
475,0.0,VAL, ,CA,28.38,6.84,0.0,4.00,1.0,<Residue VAL het=  resseq=473 icode= >,3pvv_B_A,2.0
476,0.0,VAL, ,C,26.36,7.41,0.0,5.04,1.0,<Residue VAL het=  resseq=473 icode= >,3pvv_B_A,2.0
477,0.0,VAL, ,O,27.03,7.67,0.0,3.62,1.0,<Residue VAL het=  resseq=473 icode= >,3pvv_B_A,2.0
478,0.0,VAL, ,CB,28.76,8.09,0.0,3.53,1.0,<Residue VAL het=  resseq=473 icode= >,3pvv_B_A,2.0
479,0.0,VAL, ,CG1,27.54,7.99,0.0,2.69,1.0,<Residue VAL het=  resseq=473 icode= >,3pvv_B_A,2.0
480,0.0,VAL, ,CG2,27.69,7.92,0.0,1.35,1.0,<Residue VAL het=  resseq=473 icode= >,3pvv_B_A,2.0
481,0.0,MET, ,N,26.1,7.60,0.0,4.38,1.0,<Residue MET het=  resseq=474 icode= >,3pvv_B_A,2.0
482,1.25,MET, ,CA,25.39,6.57,0.0,3.33,1.0,<Residue MET het=  resseq=474 icode= >,3pvv_B_A,2.0
483,1.486,MET, ,C,24.33,7.33,0.0,3.98,1.0,<Residue MET het=  resseq=474 icode= >,3pvv_B_A,2.0
484,4.349,MET, ,O,23.48,7.20,0.0,4.53,1.0,<Residue MET het=  resseq=474 icode= >,3pvv_B_A,2.0
485,8.453,MET, ,CB,24.52,5.48,1.135,3.00,1.0,<Residue MET het=  resseq=474 icode= >,3pvv_B_A,2.0
486,1.798,MET, ,CG,26.62,5.19,0.345,2.95,1.0,<Residue MET het=  resseq=474 icode= >,3pvv_B_A,2.0
487,10.614,MET, ,SD,27.25,3.57,10.614,7.04,1.0,<Residue MET het=  resseq=474 icode= >,3pvv_B_A,2.0
488,65.338,MET, ,CE,25.72,3.67,55.518,2.57,1.0,<Residue MET het=  resseq=474 icode= >,3pvv_B_A,2.0
489,0.569,TYR, ,N,23.45,6.57,0.0,3.65,1.0,<Residue TYR het=  resseq=475 icode= >,3pvv_B_A,2.0
490,5.496,TYR, ,CA,24.1,5.84,0.0,3.55,1.0,<Residue TYR het=  resseq=475 icode= >,3pvv_B_A,2.0
491,0.0,TYR, ,C,21.86,6.34,0.0,4.90,1.0,<Residue TYR het=  resseq=475 icode= >,3pvv_B_A,2.0
492,0.562,TYR, ,O,22.61,6.65,0.0,4.11,1.0,<Residue TYR het=  resseq=475 icode= >,3pvv_B_A,2.0
493,9.819,TYR, ,CB,25.55,4.35,5.933,2.07,1.0,<Residue TYR het=  resseq=475 icode= >,3pvv_B_A,2.0
494,2.193,TYR, ,CG,27.1,3.86,2.193,3.83,1.0,<Residue TYR het=  resseq=475 icode= >,3pvv_B_A,2.0
495,26.536,TYR, ,CD1,31.33,3.60,9.059,2.49,1.0,<Residue TYR het=  resseq=475 icode= >,3pvv_B_A,2.0
496,7.039,TYR, ,CD2,29.98,4.19,7.039,3.33,1.0,<Residue TYR het=  resseq=475 icode= >,3pvv_B_A,2.0
497,34.192,TYR, ,CE1,31.6,3.92,9.858,2.46,1.0,<Residue TYR het=  resseq=475 icode= >,3pvv_B_A,2.0
498,10.016,TYR, ,CE2,31.13,3.29,10.016,3.86,1.0,<Residue TYR het=  resseq=475 icode= >,3pvv_B_A,2.0
499,5.87,TYR, ,CZ,31.41,3.34,5.007,3.96,1.0,<Residue TYR het=  resseq=475 icode= >,3pvv_B_A,2.0
500,33.22,TYR, ,OH,31.62,2.54,24.163,3.03,1.0,<Residue TYR het=  resseq=475 icode= >,3pvv_B_A,2.0
501,0.0,ALA, ,N,22.15,5.72,0.0,4.80,1.0,<Residue ALA het=  resseq=476 icode= >,3pvv_B_A,2.0
502,0.0,ALA, ,CA,21.37,5.96,0.0,4.66,1.0,<Residue ALA het=  resseq=476 icode= >,3pvv_B_A,2.0
503,0.0,ALA, ,C,21.16,7.48,0.0,4.93,1.0,<Residue ALA het=  resseq=476 icode= >,3pvv_B_A,2.0
504,0.0,ALA, ,O,21.11,7.92,0.0,4.13,1.0,<Residue ALA het=  resseq=476 icode= >,3pvv_B_A,2.0
505,0.63,ALA, ,CB,20.87,5.58,0.63,3.10,1.0,<Residue ALA het=  resseq=476 icode= >,3pvv_B_A,2.0
506,0.0,GLN, ,N,20.56,8.25,0.0,4.01,1.0,<Residue GLN het=  resseq=477 icode= >,3pvv_B_A,2.0
507,0.0,GLN, ,CA,19.84,9.19,0.0,4.28,1.0,<Residue GLN het=  resseq=477 icode= >,3pvv_B_A,2.0
508,0.0,GLN, ,C,19.53,9.27,0.0,5.28,1.0,<Residue GLN het=  resseq=477 icode= >,3pvv_B_A,2.0
509,0.0,GLN, ,O,19.1,9.99,0.0,4.90,1.0,<Residue GLN het=  resseq=477 icode= >,3pvv_B_A,2.0
510,0.503,GLN, ,CB,20.34,7.92,0.0,2.77,1.0,<Residue GLN het=  resseq=477 icode= >,3pvv_B_A,2.0
511,0.911,GLN, ,CG,20.83,7.87,0.381,2.32,1.0,<Residue GLN het=  resseq=477 icode= >,3pvv_B_A,2.0
512,4.789,GLN, ,CD,22.05,6.71,0.0,3.75,1.0,<Residue GLN het=  resseq=477 icode= >,3pvv_B_A,2.0
513,20.962,GLN, ,OE1,24.02,6.78,17.292,2.32,1.0,<Residue GLN het=  resseq=477 icode= >,3pvv_B_A,2.0
514,12.314,GLN, ,NE2,22.24,5.91,0.0,3.42,1.0,<Residue GLN het=  resseq=477 icode= >,3pvv_B_A,2.0
515,0.412,ARG, ,N,19.84,8.77,0.0,4.76,1.0,<Residue ARG het=  resseq=478 icode= >,3pvv_B_A,2.0
516,3.234,ARG, ,CA,20.52,9.14,2.367,4.17,1.0,<Residue ARG het=  resseq=478 icode= >,3pvv_B_A,2.0
517,0.0,ARG, ,C,20.09,8.31,0.0,3.99,1.0,<Residue ARG het=  resseq=478 icode= >,3pvv_B_A,2.0
518,0.369,ARG, ,O,19.48,8.75,0.369,3.77,1.0,<Residue ARG het=  resseq=478 icode= >,3pvv_B_A,2.0
519,4.573,ARG, ,CB,23.05,8.17,1.504,2.92,1.0,<Residue ARG het=  resseq=478 icode= >,3pvv_B_A,2.0
520,13.809,ARG, ,CG,31.22,8.01,7.249,1.96,1.0,<Residue ARG het=  resseq=478 icode= >,3pvv_B_A,2.0
521,35.607,ARG, ,CD,47.69,6.81,0.0,1.50,1.0,<Residue ARG het=  resseq=478 icode= >,3pvv_B_A,2.0
522,12.585,ARG, ,NE,60.63,5.55,0.0,1.57,1.0,<Residue ARG het=  resseq=478 icode= >,3pvv_B_A,2.0
523,6.605,ARG, ,CZ,71.09,5.15,2.137,1.45,1.0,<Residue ARG het=  resseq=478 icode= >,3pvv_B_A,2.0
524,48.077,ARG, ,NH1,72.49,6.01,39.019,0.76,1.0,<Residue ARG het=  resseq=478 icode= >,3pvv_B_A,2.0
525,55.886,ARG, ,NH2,73.02,4.23,30.367,0.80,1.0,<Residue ARG het=  resseq=478 icode= >,3pvv_B_A,2.0
526,0.395,LYS, ,N,19.94,7.10,0.0,4.48,1.0,<Residue LYS het=  resseq=479 icode= >,3pvv_B_A,2.0
527,3.606,LYS, ,CA,20.04,6.13,0.0,4.38,1.0,<Residue LYS het=  resseq=479 icode= >,3pvv_B_A,2.0
528,0.0,LYS, ,C,19.09,6.94,0.0,5.05,1.0,<Residue LYS het=  resseq=479 icode= >,3pvv_B_A,2.0
529,0.0,LYS, ,O,19.82,7.21,0.0,4.17,1.0,<Residue LYS het=  resseq=479 icode= >,3pvv_B_A,2.0
530,0.992,LYS, ,CB,21.0,4.84,0.0,2.21,1.0,<Residue LYS het=  resseq=479 icode= >,3pvv_B_A,2.0
531,0.609,LYS, ,CG,25.18,3.94,0.025,2.27,1.0,<Residue LYS het=  resseq=479 icode= >,3pvv_B_A,2.0
532,11.299,LYS, ,CD,27.87,3.48,0.036,2.65,1.0,<Residue LYS het=  resseq=479 icode= >,3pvv_B_A,2.0
533,21.172,LYS, ,CE,35.84,3.40,13.395,2.08,1.0,<Residue LYS het=  resseq=479 icode= >,3pvv_B_A,2.0
534,44.23,LYS, ,NZ,38.38,3.80,15.274,1.29,1.0,<Residue LYS het=  resseq=479 icode= >,3pvv_B_A,2.0
535,0.0,ILE, ,N,19.09,7.63,0.0,5.29,1.0,<Residue ILE het=  resseq=480 icode= >,3pvv_B_A,2.0
536,0.0,ILE, ,CA,18.41,8.63,0.0,4.63,1.0,<Residue ILE het=  resseq=480 icode= >,3pvv_B_A,2.0
537,0.0,ILE, ,C,18.68,9.78,0.0,5.46,1.0,<Residue ILE het=  resseq=480 icode= >,3pvv_B_A,2.0
538,0.0,ILE, ,O,18.25,10.35,0.0,4.67,1.0,<Residue ILE het=  resseq=480 icode= >,3pvv_B_A,2.0
539,0.0,ILE, ,CB,18.49,9.19,0.0,3.82,1.0,<Residue ILE het=  resseq=480 icode= >,3pvv_B_A,2.0
540,0.0,ILE, ,CG1,17.34,8.12,0.0,3.26,1.0,<Residue ILE het=  resseq=480 icode= >,3pvv_B_A,2.0
541,0.0,ILE, ,CG2,18.6,10.25,0.0,3.17,1.0,<Residue ILE het=  resseq=480 icode= >,3pvv_B_A,2.0
542,1.379,ILE, ,CD1,17.26,7.25,0.0,2.87,1.0,<Residue ILE het=  resseq=480 icode= >,3pvv_B_A,2.0
543,0.0,LEU, ,N,17.64,10.28,0.0,5.32,1.0,<Residue LEU het=  resseq=481 icode= >,3pvv_B_A,2.0
544,0.0,LEU, ,CA,16.37,11.44,0.0,4.02,1.0,<Residue LEU het=  resseq=481 icode= >,3pvv_B_A,2.0
545,1.554,LEU, ,C,18.06,11.29,1.554,4.38,1.0,<Residue LEU het=  resseq=481 icode= >,3pvv_B_A,2.0
546,6.924,LEU, ,O,17.19,12.27,6.924,5.21,1.0,<Residue LEU het=  resseq=481 icode= >,3pvv_B_A,2.0
547,11.242,LEU, ,CB,16.62,11.57,11.242,3.27,1.0,<Residue LEU het=  resseq=481 icode= >,3pvv_B_A,2.0
548,0.0,LEU, ,CG,17.74,11.03,0.0,4.15,1.0,<Residue LEU het=  resseq=481 icode= >,3pvv_B_A,2.0
549,30.19,LEU, ,CD1,16.97,9.55,29.359,2.59,1.0,<Residue LEU het=  resseq=481 icode= >,3pvv_B_A,2.0
550,38.429,LEU, ,CD2,16.49,11.91,38.429,3.48,1.0,<Residue LEU het=  resseq=481 icode= >,3pvv_B_A,2.0
551,0.369,SER, ,N,21.7,10.18,0.369,4.02,1.0,<Residue SER het=  resseq=482 icode= >,3pvv_B_A,2.0
552,6.167,SER, ,CA,25.23,10.12,3.614,3.82,1.0,<Residue SER het=  resseq=482 icode= >,3pvv_B_A,2.0
553,0.0,SER, ,C,26.13,10.05,0.0,4.82,1.0,<Residue SER het=  resseq=482 icode= >,3pvv_B_A,2.0
554,0.017,SER, ,O,26.1,10.87,0.0,3.66,1.0,<Residue SER het=  resseq=482 icode= >,3pvv_B_A,2.0
555,19.98,SER, ,CB,27.67,9.12,0.0,2.92,1.0,<Residue SER het=  resseq=482 icode= >,3pvv_B_A,2.0
556,20.499,SER, ,OG,31.11,9.46,8.005,2.15,1.0,<Residue SER het=  resseq=482 icode= >,3pvv_B_A,2.0
557,0.0,GLU, ,N,25.73,9.27,0.0,3.37,1.0,<Residue GLU het=  resseq=483 icode= >,3pvv_B_A,2.0
558,0.0,GLU, ,CA,24.47,9.46,0.0,3.94,1.0,<Residue GLU het=  resseq=483 icode= >,3pvv_B_A,2.0
559,0.0,GLU, ,C,23.14,10.85,0.0,4.27,1.0,<Residue GLU het=  resseq=483 icode= >,3pvv_B_A,2.0
560,0.0,GLU, ,O,22.26,10.52,0.0,3.54,1.0,<Residue GLU het=  resseq=483 icode= >,3pvv_B_A,2.0
561,0.037,GLU, ,CB,26.65,8.38,0.0,2.85,1.0,<Residue GLU het=  resseq=483 icode= >,3pvv_B_A,2.0
562,3.154,GLU, ,CG,29.87,6.99,0.0,1.85,1.0,<Residue GLU het=  resseq=483 icode= >,3pvv_B_A,2.0
563,0.966,GLU, ,CD,40.03,6.95,0.0,2.13,1.0,<Residue GLU het=  resseq=483 icode= >,3pvv_B_A,2.0
564,15.594,GLU, ,OE1,39.51,6.58,0.0,1.87,1.0,<Residue GLU het=  resseq=483 icode= >,3pvv_B_A,2.0
565,7.05,GLU, ,OE2,39.71,7.17,0.0,0.88,1.0,<Residue GLU het=  resseq=483 icode= >,3pvv_B_A,2.0
566,0.0,MET, ,N,21.65,11.45,0.0,4.39,1.0,<Residue MET het=  resseq=484 icode= >,3pvv_B_A,2.0
567,0.0,MET, ,CA,21.21,10.94,0.0,4.09,1.0,<Residue MET het=  resseq=484 icode= >,3pvv_B_A,2.0
568,0.971,MET, ,C,22.49,9.90,0.971,4.87,1.0,<Residue MET het=  resseq=484 icode= >,3pvv_B_A,2.0
569,8.347,MET, ,O,21.99,8.73,4.169,4.54,1.0,<Residue MET het=  resseq=484 icode= >,3pvv_B_A,2.0
570,5.773,MET, ,CB,22.45,11.69,5.773,3.47,1.0,<Residue MET het=  resseq=484 icode= >,3pvv_B_A,2.0
571,0.0,MET, ,CG,25.6,12.41,0.0,2.70,1.0,<Residue MET het=  resseq=484 icode= >,3pvv_B_A,2.0
572,9.852,MET, ,SD,32.44,13.47,6.691,6.49,1.0,<Residue MET het=  resseq=484 icode= >,3pvv_B_A,2.0
573,0.857,MET, ,CE,45.05,13.27,0.857,1.88,1.0,<Residue MET het=  resseq=484 icode= >,3pvv_B_A,2.0
574,0.305,ALA, ,N,24.51,10.48,0.305,3.83,1.0,<Residue ALA het=  resseq=485 icode= >,3pvv_B_A,2.0
575,10.99,ALA, ,CA,26.63,9.90,10.413,3.82,1.0,<Residue ALA het=  resseq=485 icode= >,3pvv_B_A,2.0
576,0.427,ALA, ,C,29.41,8.87,0.205,3.43,1.0,<Residue ALA het=  resseq=485 icode= >,3pvv_B_A,2.0
577,32.242,ALA, ,O,29.37,7.74,15.565,3.04,1.0,<Residue ALA het=  resseq=485 icode= >,3pvv_B_A,2.0
578,44.464,ALA, ,CB,26.85,10.68,39.645,2.38,1.0,<Residue ALA het=  resseq=485 icode= >,3pvv_B_A,2.0
579,0.0,GLU, ,N,31.68,9.23,0.0,2.56,1.0,<Residue GLU het=  resseq=486 icode= >,3pvv_B_A,2.0
580,5.953,GLU, ,CA,33.67,8.42,0.0,3.16,1.0,<Residue GLU het=  resseq=486 icode= >,3pvv_B_A,2.0
581,2.836,GLU, ,C,31.0,8.00,0.0,3.96,1.0,<Residue GLU het=  resseq=486 icode= >,3pvv_B_A,2.0
582,29.78,GLU, ,O,30.79,6.95,0.0,2.69,1.0,<Residue GLU het=  resseq=486 icode= >,3pvv_B_A,2.0
583,11.197,GLU, ,CB,37.93,9.04,0.0,2.74,1.0,<Residue GLU het=  resseq=486 icode= >,3pvv_B_A,2.0
584,23.536,GLU, ,CG,50.22,9.59,1.143,1.09,1.0,<Residue GLU het=  resseq=486 icode= >,3pvv_B_A,2.0
585,7.907,GLU, ,CD,63.65,9.44,0.0,0.98,1.0,<Residue GLU het=  resseq=486 icode= >,3pvv_B_A,2.0
586,19.37,GLU, ,OE1,68.84,8.37,0.0,0.94,1.0,<Residue GLU het=  resseq=486 icode= >,3pvv_B_A,2.0
587,34.385,GLU, ,OE2,70.3,9.64,0.0,0.51,1.0,<Residue GLU het=  resseq=486 icode= >,3pvv_B_A,2.0
588,0.031,ARG, ,N,28.76,8.42,0.0,3.72,1.0,<Residue ARG het=  resseq=487 icode= >,3pvv_B_A,2.0
589,2.101,ARG, ,CA,28.17,7.77,0.0,4.45,1.0,<Residue ARG het=  resseq=487 icode= >,3pvv_B_A,2.0
590,1.29,ARG, ,C,26.75,6.91,0.0,4.55,1.0,<Residue ARG het=  resseq=487 icode= >,3pvv_B_A,2.0
591,0.0,ARG, ,O,25.83,7.54,0.0,3.36,1.0,<Residue ARG het=  resseq=487 icode= >,3pvv_B_A,2.0
592,0.0,ARG, ,CB,27.82,8.97,0.0,3.77,1.0,<Residue ARG het=  resseq=487 icode= >,3pvv_B_A,2.0
593,7.18,ARG, ,CG,31.1,9.97,0.0,2.50,1.0,<Residue ARG het=  resseq=487 icode= >,3pvv_B_A,2.0
594,4.709,ARG, ,CD,35.93,9.40,0.0,1.91,1.0,<Residue ARG het=  resseq=487 icode= >,3pvv_B_A,2.0
595,1.223,ARG, ,NE,35.66,7.99,0.0,3.02,1.0,<Residue ARG het=  resseq=487 icode= >,3pvv_B_A,2.0
596,3.025,ARG, ,CZ,40.41,7.66,0.0,3.21,1.0,<Residue ARG het=  resseq=487 icode= >,3pvv_B_A,2.0
597,44.834,ARG, ,NH1,37.97,6.45,0.0,2.16,1.0,<Residue ARG het=  resseq=487 icode= >,3pvv_B_A,2.0
598,33.961,ARG, ,NH2,36.84,8.71,0.0,2.75,1.0,<Residue ARG het=  resseq=487 icode= >,3pvv_B_A,2.0
599,6.147,ARG, ,N,27.65,5.67,0.0,3.55,1.0,<Residue ARG het=  resseq=488 icode= >,3pvv_B_A,2.0
600,6.074,ARG, ,CA,27.85,4.95,0.0,3.89,1.0,<Residue ARG het=  resseq=488 icode= >,3pvv_B_A,2.0
601,0.0,ARG, ,C,28.98,6.00,0.0,4.29,1.0,<Residue ARG het=  resseq=488 icode= >,3pvv_B_A,2.0
602,0.0,ARG, ,O,27.89,6.44,0.0,3.74,1.0,<Residue ARG het=  resseq=488 icode= >,3pvv_B_A,2.0
603,24.347,ARG, ,CB,29.63,3.63,8.918,2.23,1.0,<Residue ARG het=  resseq=488 icode= >,3pvv_B_A,2.0
604,15.466,ARG, ,CG,33.46,3.48,1.422,2.22,1.0,<Residue ARG het=  resseq=488 icode= >,3pvv_B_A,2.0
605,16.667,ARG, ,CD,34.18,3.40,8.437,2.82,1.0,<Residue ARG het=  resseq=488 icode= >,3pvv_B_A,2.0
606,3.334,ARG, ,NE,34.15,4.05,0.833,3.10,1.0,<Residue ARG het=  resseq=488 icode= >,3pvv_B_A,2.0
607,7.77,ARG, ,CZ,32.09,3.81,4.402,3.28,1.0,<Residue ARG het=  resseq=488 icode= >,3pvv_B_A,2.0
608,53.336,ARG, ,NH1,35.03,4.89,6.449,2.01,1.0,<Residue ARG het=  resseq=488 icode= >,3pvv_B_A,2.0
609,46.935,ARG, ,NH2,32.49,2.75,34.316,2.90,1.0,<Residue ARG het=  resseq=488 icode= >,3pvv_B_A,2.0
610,0.0,GLU, ,N,29.16,6.73,0.0,3.38,1.0,<Residue GLU het=  resseq=489 icode= >,3pvv_B_A,2.0
611,4.483,GLU, ,CA,28.41,7.89,0.0,3.01,1.0,<Residue GLU het=  resseq=489 icode= >,3pvv_B_A,2.0
612,0.0,GLU, ,C,26.79,8.99,0.0,4.05,1.0,<Residue GLU het=  resseq=489 icode= >,3pvv_B_A,2.0
613,0.309,GLU, ,O,26.23,9.75,0.0,3.28,1.0,<Residue GLU het=  resseq=489 icode= >,3pvv_B_A,2.0
614,17.632,GLU, ,CB,32.56,8.65,0.0,1.88,1.0,<Residue GLU het=  resseq=489 icode= >,3pvv_B_A,2.0
615,35.338,GLU, ,CG,44.13,7.99,0.0,1.31,1.0,<Residue GLU het=  resseq=489 icode= >,3pvv_B_A,2.0
616,8.251,GLU, ,CD,56.82,7.79,0.0,1.81,1.0,<Residue GLU het=  resseq=489 icode= >,3pvv_B_A,2.0
617,10.492,GLU, ,OE1,64.16,8.84,0.0,0.17,1.0,<Residue GLU het=  resseq=489 icode= >,3pvv_B_A,2.0
618,19.841,GLU, ,OE2,61.86,6.77,0.0,1.26,1.0,<Residue GLU het=  resseq=489 icode= >,3pvv_B_A,2.0
619,0.0,VAL, ,N,24.9,9.29,0.0,3.64,1.0,<Residue VAL het=  resseq=490 icode= >,3pvv_B_A,2.0
620,0.023,VAL, ,CA,22.31,10.48,0.0,4.01,1.0,<Residue VAL het=  resseq=490 icode= >,3pvv_B_A,2.0
621,0.0,VAL, ,C,21.97,10.41,0.0,5.33,1.0,<Residue VAL het=  resseq=490 icode= >,3pvv_B_A,2.0
622,0.0,VAL, ,O,22.09,11.39,0.0,4.31,1.0,<Residue VAL het=  resseq=490 icode= >,3pvv_B_A,2.0
623,0.0,VAL, ,CB,23.02,11.06,0.0,3.07,1.0,<Residue VAL het=  resseq=490 icode= >,3pvv_B_A,2.0
624,0.129,VAL, ,CG1,22.39,10.51,0.0,1.62,1.0,<Residue VAL het=  resseq=490 icode= >,3pvv_B_A,2.0
625,3.826,VAL, ,CG2,23.16,10.14,0.0,1.78,1.0,<Residue VAL het=  resseq=490 icode= >,3pvv_B_A,2.0
626,0.0,PHE, ,N,22.34,9.39,0.0,4.97,1.0,<Residue PHE het=  resseq=491 icode= >,3pvv_B_A,2.0
627,0.0,PHE, ,CA,22.92,9.48,0.0,4.28,1.0,<Residue PHE het=  resseq=491 icode= >,3pvv_B_A,2.0
628,0.0,PHE, ,C,23.43,9.70,0.0,5.44,1.0,<Residue PHE het=  resseq=491 icode= >,3pvv_B_A,2.0
629,0.926,PHE, ,O,22.42,10.67,0.0,4.30,1.0,<Residue PHE het=  resseq=491 icode= >,3pvv_B_A,2.0
630,2.948,PHE, ,CB,22.81,8.41,1.048,2.89,1.0,<Residue PHE het=  resseq=491 icode= >,3pvv_B_A,2.0
631,2.256,PHE, ,CG,26.84,8.47,2.256,3.61,1.0,<Residue PHE het=  resseq=491 icode= >,3pvv_B_A,2.0
632,8.094,PHE, ,CD1,28.91,9.23,7.395,2.66,1.0,<Residue PHE het=  resseq=491 icode= >,3pvv_B_A,2.0
633,6.193,PHE, ,CD2,27.43,8.08,3.413,3.17,1.0,<Residue PHE het=  resseq=491 icode= >,3pvv_B_A,2.0
634,34.696,PHE, ,CE1,29.76,9.60,31.669,3.04,1.0,<Residue PHE het=  resseq=491 icode= >,3pvv_B_A,2.0
635,20.394,PHE, ,CE2,32.35,8.49,12.636,1.86,1.0,<Residue PHE het=  resseq=491 icode= >,3pvv_B_A,2.0
636,31.145,PHE, ,CZ,30.95,9.25,31.075,2.75,1.0,<Residue PHE het=  resseq=491 icode= >,3pvv_B_A,2.0
637,0.0,ASP, ,N,24.35,9.00,0.0,3.65,1.0,<Residue ASP het=  resseq=492 icode= >,3pvv_B_A,2.0
638,1.789,ASP, ,CA,24.9,9.46,0.0,3.35,1.0,<Residue ASP het=  resseq=492 icode= >,3pvv_B_A,2.0
639,1.071,ASP, ,C,25.18,10.90,0.0,4.90,1.0,<Residue ASP het=  resseq=492 icode= >,3pvv_B_A,2.0
640,3.012,ASP, ,O,24.97,11.76,0.0,3.52,1.0,<Residue ASP het=  resseq=492 icode= >,3pvv_B_A,2.0
641,18.689,ASP, ,CB,26.51,8.65,0.0,2.53,1.0,<Residue ASP het=  resseq=492 icode= >,3pvv_B_A,2.0
642,7.517,ASP, ,CG,31.99,7.40,0.0,2.53,1.0,<Residue ASP het=  resseq=492 icode= >,3pvv_B_A,2.0
643,8.101,ASP, ,OD1,32.85,7.12,0.0,1.96,1.0,<Residue ASP het=  resseq=492 icode= >,3pvv_B_A,2.0
644,19.405,ASP, ,OD2,32.87,6.92,0.0,2.05,1.0,<Residue ASP het=  resseq=492 icode= >,3pvv_B_A,2.0
645,0.0,HIS, ,N,25.32,11.28,0.0,4.30,1.0,<Residue HIS het=  resseq=493 icode= >,3pvv_B_A,2.0
646,0.023,HIS, ,CA,25.26,12.69,0.0,4.02,1.0,<Residue HIS het=  resseq=493 icode= >,3pvv_B_A,2.0
647,0.024,HIS, ,C,23.81,13.61,0.0,4.47,1.0,<Residue HIS het=  resseq=493 icode= >,3pvv_B_A,2.0
648,0.0,HIS, ,O,23.3,14.61,0.0,4.03,1.0,<Residue HIS het=  resseq=493 icode= >,3pvv_B_A,2.0
649,0.019,HIS, ,CB,26.87,13.05,0.0,2.89,1.0,<Residue HIS het=  resseq=493 icode= >,3pvv_B_A,2.0
650,0.0,HIS, ,CG,32.93,12.89,0.0,2.96,1.0,<Residue HIS het=  resseq=493 icode= >,3pvv_B_A,2.0
651,2.492,HIS, ,ND1,36.12,13.15,0.0,2.93,1.0,<Residue HIS het=  resseq=493 icode= >,3pvv_B_A,2.0
652,2.447,HIS, ,CD2,37.0,12.76,0.0,2.49,1.0,<Residue HIS het=  resseq=493 icode= >,3pvv_B_A,2.0
653,35.799,HIS, ,CE1,40.55,13.15,0.0,1.91,1.0,<Residue HIS het=  resseq=493 icode= >,3pvv_B_A,2.0
654,20.646,HIS, ,NE2,36.71,12.92,0.0,2.49,1.0,<Residue HIS het=  resseq=493 icode= >,3pvv_B_A,2.0
655,0.0,VAL, ,N,21.83,13.40,0.0,3.41,1.0,<Residue VAL het=  resseq=494 icode= >,3pvv_B_A,2.0
656,0.0,VAL, ,CA,20.0,14.38,0.0,3.86,1.0,<Residue VAL het=  resseq=494 icode= >,3pvv_B_A,2.0
657,0.0,VAL, ,C,20.54,14.61,0.0,4.76,1.0,<Residue VAL het=  resseq=494 icode= >,3pvv_B_A,2.0
658,0.0,VAL, ,O,20.68,15.77,0.0,4.74,1.0,<Residue VAL het=  resseq=494 icode= >,3pvv_B_A,2.0
659,0.108,VAL, ,CB,20.76,14.19,0.0,3.29,1.0,<Residue VAL het=  resseq=494 icode= >,3pvv_B_A,2.0
660,9.163,VAL, ,CG1,19.33,15.27,0.0,2.18,1.0,<Residue VAL het=  resseq=494 icode= >,3pvv_B_A,2.0
661,0.0,VAL, ,CG2,19.03,13.20,0.0,3.93,1.0,<Residue VAL het=  resseq=494 icode= >,3pvv_B_A,2.0
662,0.272,LYS, ,N,23.04,13.60,0.0,4.04,1.0,<Residue LYS het=  resseq=495 icode= >,3pvv_B_A,2.0
663,3.632,LYS, ,CA,24.12,13.74,0.611,4.09,1.0,<Residue LYS het=  resseq=495 icode= >,3pvv_B_A,2.0
664,0.041,LYS, ,C,26.3,14.28,0.0,4.01,1.0,<Residue LYS het=  resseq=495 icode= >,3pvv_B_A,2.0
665,0.873,LYS, ,O,25.42,14.82,0.0,3.52,1.0,<Residue LYS het=  resseq=495 icode= >,3pvv_B_A,2.0
666,3.671,LYS, ,CB,24.91,12.22,1.922,3.14,1.0,<Residue LYS het=  resseq=495 icode= >,3pvv_B_A,2.0
667,16.964,LYS, ,CG,28.8,11.79,9.937,2.27,1.0,<Residue LYS het=  resseq=495 icode= >,3pvv_B_A,2.0
668,14.884,LYS, ,CD,28.95,10.29,2.463,2.70,1.0,<Residue LYS het=  resseq=495 icode= >,3pvv_B_A,2.0
669,44.637,LYS, ,CE,32.77,10.10,21.456,2.18,1.0,<Residue LYS het=  resseq=495 icode= >,3pvv_B_A,2.0
670,47.885,LYS, ,NZ,31.27,8.70,33.059,1.87,1.0,<Residue LYS het=  resseq=495 icode= >,3pvv_B_A,2.0
671,0.5,GLU, ,N,26.72,14.30,0.0,3.11,1.0,<Residue GLU het=  resseq=496 icode= >,3pvv_B_A,2.0
672,2.488,GLU, ,CA,27.44,15.00,0.0,2.98,1.0,<Residue GLU het=  resseq=496 icode= >,3pvv_B_A,2.0
673,0.0,GLU, ,C,26.59,16.48,0.0,4.70,1.0,<Residue GLU het=  resseq=496 icode= >,3pvv_B_A,2.0
674,0.0,GLU, ,O,25.66,17.14,0.0,4.72,1.0,<Residue GLU het=  resseq=496 icode= >,3pvv_B_A,2.0
675,7.442,GLU, ,CB,30.49,14.63,0.0,1.71,1.0,<Residue GLU het=  resseq=496 icode= >,3pvv_B_A,2.0
676,6.349,GLU, ,CG,39.78,15.65,0.0,1.48,1.0,<Residue GLU het=  resseq=496 icode= >,3pvv_B_A,2.0
677,4.72,GLU, ,CD,52.93,15.53,0.0,1.76,1.0,<Residue GLU het=  resseq=496 icode= >,3pvv_B_A,2.0
678,34.682,GLU, ,OE1,56.06,14.39,0.0,1.50,1.0,<Residue GLU het=  resseq=496 icode= >,3pvv_B_A,2.0
679,10.94,GLU, ,OE2,56.07,16.56,0.0,1.29,1.0,<Residue GLU het=  resseq=496 icode= >,3pvv_B_A,2.0
680,0.0,LEU, ,N,26.61,16.64,0.0,3.65,1.0,<Residue LEU het=  resseq=497 icode= >,3pvv_B_A,2.0
681,0.0,LEU, ,CA,27.18,17.97,0.0,3.86,1.0,<Residue LEU het=  resseq=497 icode= >,3pvv_B_A,2.0
682,0.0,LEU, ,C,28.23,18.88,0.0,4.23,1.0,<Residue LEU het=  resseq=497 icode= >,3pvv_B_A,2.0
683,0.0,LEU, ,O,28.52,20.07,0.0,3.14,1.0,<Residue LEU het=  resseq=497 icode= >,3pvv_B_A,2.0
684,0.0,LEU, ,CB,27.99,17.95,0.0,3.64,1.0,<Residue LEU het=  resseq=497 icode= >,3pvv_B_A,2.0
685,0.0,LEU, ,CG,28.59,19.32,0.0,3.69,1.0,<Residue LEU het=  resseq=497 icode= >,3pvv_B_A,2.0
686,1.122,LEU, ,CD1,28.15,20.23,0.0,2.56,1.0,<Residue LEU het=  resseq=497 icode= >,3pvv_B_A,2.0
687,0.021,LEU, ,CD2,30.77,19.22,0.0,1.59,1.0,<Residue LEU het=  resseq=497 icode= >,3pvv_B_A,2.0
688,0.0,THR, ,N,30.97,18.34,0.0,2.81,1.0,<Residue THR het=  resseq=498 icode= >,3pvv_B_A,2.0
689,0.0,THR, ,CA,32.22,18.92,0.0,2.60,1.0,<Residue THR het=  resseq=498 icode= >,3pvv_B_A,2.0
690,0.0,THR, ,C,29.6,18.79,0.0,4.71,1.0,<Residue THR het=  resseq=498 icode= >,3pvv_B_A,2.0
691,1.194,THR, ,O,29.81,19.68,0.0,3.46,1.0,<Residue THR het=  resseq=498 icode= >,3pvv_B_A,2.0
692,0.936,THR, ,CB,32.8,18.54,0.0,2.82,1.0,<Residue THR het=  resseq=498 icode= >,3pvv_B_A,2.0
693,14.963,THR, ,OG1,35.99,17.93,3.778,2.21,1.0,<Residue THR het=  resseq=498 icode= >,3pvv_B_A,2.0
694,11.987,THR, ,CG2,34.88,17.76,0.0,3.22,1.0,<Residue THR het=  resseq=498 icode= >,3pvv_B_A,2.0
695,0.0,THR, ,N,31.47,17.77,0.0,4.06,1.0,<Residue THR het=  resseq=499 icode= >,3pvv_B_A,2.0
696,0.0,THR, ,CA,32.48,17.79,0.0,3.95,1.0,<Residue THR het=  resseq=499 icode= >,3pvv_B_A,2.0
697,0.0,THR, ,C,34.6,19.03,0.0,3.49,1.0,<Residue THR het=  resseq=499 icode= >,3pvv_B_A,2.0
698,0.0,THR, ,O,34.87,19.80,0.0,2.70,1.0,<Residue THR het=  resseq=499 icode= >,3pvv_B_A,2.0
699,0.594,THR, ,CB,32.77,16.52,0.0,3.35,1.0,<Residue THR het=  resseq=499 icode= >,3pvv_B_A,2.0
700,8.735,THR, ,OG1,32.67,15.37,0.0,2.49,1.0,<Residue THR het=  resseq=499 icode= >,3pvv_B_A,2.0
701,21.036,THR, ,CG2,33.93,16.74,0.0,1.59,1.0,<Residue THR het=  resseq=499 icode= >,3pvv_B_A,2.0
702,0.0,ARG, ,N,36.46,1000.00,0.0,3.00,1.0,<Residue ARG het=  resseq=500 icode= >,3pvv_B_A,2.0
703,1.988,ARG, ,CA,37.37,1000.00,0.0,3.03,1.0,<Residue ARG het=  resseq=500 icode= >,3pvv_B_A,2.0
704,1.231,ARG, ,C,37.36,1000.00,0.0,3.71,1.0,<Residue ARG het=  resseq=500 icode= >,3pvv_B_A,2.0
705,5.328,ARG, ,O,36.99,1000.00,0.0,2.15,1.0,<Residue ARG het=  resseq=500 icode= >,3pvv_B_A,2.0
706,12.38,ARG, ,CB,38.61,1000.00,0.0,1.94,1.0,<Residue ARG het=  resseq=500 icode= >,3pvv_B_A,2.0
707,8.689,ARG, ,CG,42.12,1000.00,0.0,1.12,1.0,<Residue ARG het=  resseq=500 icode= >,3pvv_B_A,2.0
708,15.12,ARG, ,CD,43.47,1000.00,0.0,1.59,1.0,<Residue ARG het=  resseq=500 icode= >,3pvv_B_A,2.0
709,2.506,ARG, ,NE,46.86,1000.00,0.0,1.35,1.0,<Residue ARG het=  resseq=500 icode= >,3pvv_B_A,2.0
710,4.626,ARG, ,CZ,49.42,1000.00,0.0,2.27,1.0,<Residue ARG het=  resseq=500 icode= >,3pvv_B_A,2.0
711,38.283,ARG, ,NH1,44.91,1000.00,0.0,1.38,1.0,<Residue ARG het=  resseq=500 icode= >,3pvv_B_A,2.0
712,40.614,ARG, ,NH2,45.69,1000.00,0.0,1.82,1.0,<Residue ARG het=  resseq=500 icode= >,3pvv_B_A,2.0
713,0.0,ILE, ,N,36.88,1000.00,0.0,3.50,1.0,<Residue ILE het=  resseq=501 icode= >,3pvv_B_A,2.0
714,2.56,ILE, ,CA,37.31,1000.00,0.0,2.96,1.0,<Residue ILE het=  resseq=501 icode= >,3pvv_B_A,2.0
715,0.0,ILE, ,C,40.16,1000.00,0.0,3.05,1.0,<Residue ILE het=  resseq=501 icode= >,3pvv_B_A,2.0
716,1.625,ILE, ,O,39.04,1000.00,0.0,2.98,1.0,<Residue ILE het=  resseq=501 icode= >,3pvv_B_A,2.0
717,0.0,ILE, ,CB,36.46,1000.00,0.0,3.26,1.0,<Residue ILE het=  resseq=501 icode= >,3pvv_B_A,2.0
718,0.074,ILE, ,CG1,33.96,1000.00,0.0,2.81,1.0,<Residue ILE het=  resseq=501 icode= >,3pvv_B_A,2.0
719,1.097,ILE, ,CG2,36.16,1000.00,0.0,2.36,1.0,<Residue ILE het=  resseq=501 icode= >,3pvv_B_A,2.0
720,0.0,ILE, ,CD1,33.2,1000.00,0.0,2.17,1.0,<Residue ILE het=  resseq=501 icode= >,3pvv_B_A,2.0
721,0.049,ARG, ,N,42.54,1000.00,0.0,2.33,1.0,<Residue ARG het=  resseq=502 icode= >,3pvv_B_A,2.0
722,7.06,ARG, ,CA,44.94,1000.00,0.0,3.21,1.0,<Residue ARG het=  resseq=502 icode= >,3pvv_B_A,2.0
723,0.0,ARG, ,C,48.25,1000.00,0.0,3.93,1.0,<Residue ARG het=  resseq=502 icode= >,3pvv_B_A,2.0
724,8.867,ARG, ,O,47.0,1000.00,0.0,2.44,1.0,<Residue ARG het=  resseq=502 icode= >,3pvv_B_A,2.0
725,5.944,ARG, ,CB,45.77,1000.00,0.0,1.48,1.0,<Residue ARG het=  resseq=502 icode= >,3pvv_B_A,2.0
726,22.565,ARG, ,CG,47.25,1000.00,0.0,1.23,1.0,<Residue ARG het=  resseq=502 icode= >,3pvv_B_A,2.0
727,36.446,ARG, ,CD,43.75,1000.00,17.947,1.65,1.0,<Residue ARG het=  resseq=502 icode= >,3pvv_B_A,2.0
728,13.951,ARG, ,NE,40.6,1000.00,3.349,2.87,1.0,<Residue ARG het=  resseq=502 icode= >,3pvv_B_A,2.0
729,4.538,ARG, ,CZ,37.84,1000.00,4.538,3.53,1.0,<Residue ARG het=  resseq=502 icode= >,3pvv_B_A,2.0
730,19.956,ARG, ,NH1,36.65,1000.00,17.545,2.49,1.0,<Residue ARG het=  resseq=502 icode= >,3pvv_B_A,2.0
731,29.566,ARG, ,NH2,37.13,1000.00,6.715,2.59,1.0,<Residue ARG het=  resseq=502 icode= >,3pvv_B_A,2.0
732,0.0,GLN, ,N,51.38,1000.00,0.0,2.69,1.0,<Residue GLN het=  resseq=503 icode= >,3pvv_B_A,2.0
733,7.42,GLN, ,CA,55.9,1000.00,0.0,2.07,1.0,<Residue GLN het=  resseq=503 icode= >,3pvv_B_A,2.0
734,0.596,GLN, ,C,58.62,1000.00,0.0,2.02,1.0,<Residue GLN het=  resseq=503 icode= >,3pvv_B_A,2.0
735,26.438,GLN, ,O,58.72,1000.00,0.0,0.98,1.0,<Residue GLN het=  resseq=503 icode= >,3pvv_B_A,2.0
736,14.73,GLN, ,CB,57.36,1000.00,0.0,1.60,1.0,<Residue GLN het=  resseq=503 icode= >,3pvv_B_A,2.0
737,17.218,GLN, ,CG,60.28,1000.00,0.0,1.06,1.0,<Residue GLN het=  resseq=503 icode= >,3pvv_B_A,2.0
738,5.222,GLN, ,CD,64.83,1000.00,0.0,2.29,1.0,<Residue GLN het=  resseq=503 icode= >,3pvv_B_A,2.0
739,25.465,GLN, ,OE1,65.0,1000.00,0.0,1.54,1.0,<Residue GLN het=  resseq=503 icode= >,3pvv_B_A,2.0
740,45.452,GLN, ,NE2,65.72,1000.00,0.0,1.40,1.0,<Residue GLN het=  resseq=503 icode= >,3pvv_B_A,2.0
741,0.577,ARG, ,N,62.15,1000.00,0.0,1.90,1.0,<Residue ARG het=  resseq=504 icode= >,3pvv_B_A,2.0
742,12.427,ARG, ,CA,66.95,1000.00,0.0,2.18,1.0,<Residue ARG het=  resseq=504 icode= >,3pvv_B_A,2.0
743,1.815,ARG, ,C,71.98,1000.00,0.0,2.27,1.0,<Residue ARG het=  resseq=504 icode= >,3pvv_B_A,2.0
744,20.168,ARG, ,O,72.03,1000.00,0.0,0.91,1.0,<Residue ARG het=  resseq=504 icode= >,3pvv_B_A,2.0
745,46.36,ARG, ,CB,64.73,1000.00,0.0,0.86,1.0,<Residue ARG het=  resseq=504 icode= >,3pvv_B_A,2.0
746,0.0,SER, ,N,76.91,1000.00,0.0,1.37,1.0,<Residue SER het=  resseq=505 icode= >,3pvv_B_A,2.0
747,11.612,SER, ,CA,81.24,1000.00,0.0,1.40,1.0,<Residue SER het=  resseq=505 icode= >,3pvv_B_A,2.0
748,26.222,SER, ,C,82.45,1000.00,0.0,1.13,1.0,<Residue SER het=  resseq=505 icode= >,3pvv_B_A,2.0
749,7.506,SER, ,O,82.18,1000.00,0.0,1.26,1.0,<Residue SER het=  resseq=505 icode= >,3pvv_B_A,2.0
750,39.876,SER, ,CB,82.81,1000.00,0.0,1.23,1.0,<Residue SER het=  resseq=505 icode= >,3pvv_B_A,2.0
751,38.074,SER, ,OG,84.72,1000.00,0.0,0.94,1.0,<Residue SER het=  resseq=505 icode= >,3pvv_B_A,2.0
