,ASA,aa,altloc,atom,bfac,d2r,dASA,dens,occ,residue,id,resolu
0,52.438,ALA, ,N,89.02,11.51,0.0,0.99,1.0,<Residue ALA het=  resseq=16 icode= >,3qoq_B_A,3.1
1,14.653,ALA, ,CA,89.0,11.27,2.429,1.15,1.0,<Residue ALA het=  resseq=16 icode= >,3qoq_B_A,3.1
2,3.11,ALA, ,C,88.91,9.83,0.0,1.99,1.0,<Residue ALA het=  resseq=16 icode= >,3qoq_B_A,3.1
3,18.482,ALA, ,O,88.99,9.24,2.957,1.65,1.0,<Residue ALA het=  resseq=16 icode= >,3qoq_B_A,3.1
4,64.78,ALA, ,CB,89.01,10.98,28.646,0.26,1.0,<Residue ALA het=  resseq=16 icode= >,3qoq_B_A,3.1
5,6.892,ASP, ,N,88.5,9.43,1.071,1.57,1.0,<Residue ASP het=  resseq=17 icode= >,3qoq_B_A,3.1
6,7.826,ASP, ,CA,87.87,8.16,0.0,2.24,1.0,<Residue ASP het=  resseq=17 icode= >,3qoq_B_A,3.1
7,0.0,ASP, ,C,87.08,8.25,0.0,2.85,1.0,<Residue ASP het=  resseq=17 icode= >,3qoq_B_A,3.1
8,18.39,ASP, ,O,87.1,8.97,18.39,1.65,1.0,<Residue ASP het=  resseq=17 icode= >,3qoq_B_A,3.1
9,33.695,ASP, ,CB,88.11,7.92,3.884,1.94,1.0,<Residue ASP het=  resseq=17 icode= >,3qoq_B_A,3.1
10,9.777,ASP, ,CG,89.19,8.19,9.339,1.85,1.0,<Residue ASP het=  resseq=17 icode= >,3qoq_B_A,3.1
11,26.908,ASP, ,OD1,90.19,7.90,26.908,1.02,1.0,<Residue ASP het=  resseq=17 icode= >,3qoq_B_A,3.1
12,40.616,ASP, ,OD2,90.3,8.72,16.581,1.04,1.0,<Residue ASP het=  resseq=17 icode= >,3qoq_B_A,3.1
13,1.218,LYS, ,N,86.0,7.29,0.0,2.60,1.0,<Residue LYS het=  resseq=18 icode= >,3qoq_B_A,3.1
14,5.648,LYS, ,CA,84.97,7.14,5.648,2.99,1.0,<Residue LYS het=  resseq=18 icode= >,3qoq_B_A,3.1
15,1.205,LYS, ,C,84.36,5.75,0.818,2.33,1.0,<Residue LYS het=  resseq=18 icode= >,3qoq_B_A,3.1
16,24.59,LYS, ,O,84.36,4.77,11.607,1.44,1.0,<Residue LYS het=  resseq=18 icode= >,3qoq_B_A,3.1
17,22.743,LYS, ,CB,84.95,7.57,22.743,1.69,1.0,<Residue LYS het=  resseq=18 icode= >,3qoq_B_A,3.1
18,8.748,LYS, ,CG,84.83,6.46,0.079,1.45,1.0,<Residue LYS het=  resseq=18 icode= >,3qoq_B_A,3.1
19,33.347,LYS, ,CD,85.74,6.78,25.622,0.69,1.0,<Residue LYS het=  resseq=18 icode= >,3qoq_B_A,3.1
20,43.866,LYS, ,CE,86.72,6.58,15.695,0.43,1.0,<Residue LYS het=  resseq=18 icode= >,3qoq_B_A,3.1
21,44.622,LYS, ,NZ,87.37,5.34,3.33,0.13,1.0,<Residue LYS het=  resseq=18 icode= >,3qoq_B_A,3.1
22,5.952,PHE, ,N,83.34,5.91,5.952,1.93,1.0,<Residue PHE het=  resseq=19 icode= >,3qoq_B_A,3.1
23,2.522,PHE, ,CA,82.23,5.01,1.197,2.77,1.0,<Residue PHE het=  resseq=19 icode= >,3qoq_B_A,3.1
24,1.633,PHE, ,C,81.62,5.91,1.633,3.45,1.0,<Residue PHE het=  resseq=19 icode= >,3qoq_B_A,3.1
25,15.265,PHE, ,O,81.61,7.02,15.265,1.74,1.0,<Residue PHE het=  resseq=19 icode= >,3qoq_B_A,3.1
26,25.823,PHE, ,CB,82.19,5.04,25.823,1.43,1.0,<Residue PHE het=  resseq=19 icode= >,3qoq_B_A,3.1
27,2.083,PHE, ,CG,82.16,4.60,0.313,1.60,1.0,<Residue PHE het=  resseq=19 icode= >,3qoq_B_A,3.1
28,7.235,PHE, ,CD1,82.03,5.70,6.88,0.77,1.0,<Residue PHE het=  resseq=19 icode= >,3qoq_B_A,3.1
29,24.86,PHE, ,CD2,81.85,3.43,21.472,0.93,1.0,<Residue PHE het=  resseq=19 icode= >,3qoq_B_A,3.1
30,16.891,PHE, ,CE1,81.82,4.61,16.67,1.03,1.0,<Residue PHE het=  resseq=19 icode= >,3qoq_B_A,3.1
31,35.859,PHE, ,CE2,81.81,3.71,27.145,0.53,1.0,<Residue PHE het=  resseq=19 icode= >,3qoq_B_A,3.1
32,32.656,PHE, ,CZ,81.93,3.49,27.471,0.67,1.0,<Residue PHE het=  resseq=19 icode= >,3qoq_B_A,3.1
33,2.006,VAL, ,N,80.89,5.28,0.389,2.89,1.0,<Residue VAL het=  resseq=20 icode= >,3qoq_B_A,3.1
34,7.813,VAL, ,CA,80.25,5.13,7.813,2.97,1.0,<Residue VAL het=  resseq=20 icode= >,3qoq_B_A,3.1
35,0.0,VAL, ,C,80.01,5.30,0.0,3.35,1.0,<Residue VAL het=  resseq=20 icode= >,3qoq_B_A,3.1
36,10.252,VAL, ,O,79.91,4.71,6.161,2.16,1.0,<Residue VAL het=  resseq=20 icode= >,3qoq_B_A,3.1
37,14.406,VAL, ,CB,80.08,4.20,14.263,2.12,1.0,<Residue VAL het=  resseq=20 icode= >,3qoq_B_A,3.1
38,56.222,VAL, ,CG1,79.93,3.75,49.538,0.42,1.0,<Residue VAL het=  resseq=20 icode= >,3qoq_B_A,3.1
39,38.889,VAL, ,CG2,79.99,3.41,38.18,-0.47,1.0,<Residue VAL het=  resseq=20 icode= >,3qoq_B_A,3.1
40,5.982,VAL, ,N,79.81,6.48,5.982,2.40,1.0,<Residue VAL het=  resseq=21 icode= >,3qoq_B_A,3.1
41,0.839,VAL, ,CA,79.66,7.25,0.839,3.40,1.0,<Residue VAL het=  resseq=21 icode= >,3qoq_B_A,3.1
42,0.656,VAL, ,C,79.94,7.26,0.656,2.85,1.0,<Residue VAL het=  resseq=21 icode= >,3qoq_B_A,3.1
43,14.044,VAL, ,O,80.1,7.80,14.044,0.59,1.0,<Residue VAL het=  resseq=21 icode= >,3qoq_B_A,3.1
44,6.998,VAL, ,CB,79.38,8.11,5.531,2.27,1.0,<Residue VAL het=  resseq=21 icode= >,3qoq_B_A,3.1
45,25.779,VAL, ,CG1,79.1,8.02,25.229,0.09,1.0,<Residue VAL het=  resseq=21 icode= >,3qoq_B_A,3.1
46,28.389,VAL, ,CG2,79.34,7.87,27.831,0.35,1.0,<Residue VAL het=  resseq=21 icode= >,3qoq_B_A,3.1
47,4.985,ARG, ,N,80.23,6.80,4.839,2.00,1.0,<Residue ARG het=  resseq=22 icode= >,3qoq_B_A,3.1
48,4.574,ARG, ,CA,80.42,6.85,4.574,2.65,1.0,<Residue ARG het=  resseq=22 icode= >,3qoq_B_A,3.1
49,0.977,ARG, ,C,81.35,7.08,0.068,2.77,1.0,<Residue ARG het=  resseq=22 icode= >,3qoq_B_A,3.1
50,17.112,ARG, ,O,81.32,6.50,14.791,1.60,1.0,<Residue ARG het=  resseq=22 icode= >,3qoq_B_A,3.1
51,21.386,ARG, ,CB,79.84,5.70,14.566,1.46,1.0,<Residue ARG het=  resseq=22 icode= >,3qoq_B_A,3.1
52,24.978,ARG, ,CG,78.13,5.75,24.978,0.85,1.0,<Residue ARG het=  resseq=22 icode= >,3qoq_B_A,3.1
53,28.545,ARG, ,CD,74.87,5.05,27.822,1.74,1.0,<Residue ARG het=  resseq=22 icode= >,3qoq_B_A,3.1
54,14.786,ARG, ,NE,72.9,4.17,11.801,2.62,1.0,<Residue ARG het=  resseq=22 icode= >,3qoq_B_A,3.1
55,6.957,ARG, ,CZ,71.44,3.75,6.957,3.13,1.0,<Residue ARG het=  resseq=22 icode= >,3qoq_B_A,3.1
56,49.69,ARG, ,NH1,71.49,3.88,47.844,1.48,1.0,<Residue ARG het=  resseq=22 icode= >,3qoq_B_A,3.1
57,54.967,ARG, ,NH2,69.55,2.57,54.967,1.80,1.0,<Residue ARG het=  resseq=22 icode= >,3qoq_B_A,3.1
58,5.643,LEU, ,N,82.53,8.20,5.643,2.35,1.0,<Residue LEU het=  resseq=23 icode= >,3qoq_B_A,3.1
59,0.0,LEU, ,CA,83.76,8.91,0.0,3.11,1.0,<Residue LEU het=  resseq=23 icode= >,3qoq_B_A,3.1
60,2.356,LEU, ,C,84.91,9.15,0.0,3.24,1.0,<Residue LEU het=  resseq=23 icode= >,3qoq_B_A,3.1
61,25.55,LEU, ,O,85.02,9.23,25.55,1.64,1.0,<Residue LEU het=  resseq=23 icode= >,3qoq_B_A,3.1
62,5.121,LEU, ,CB,20.0,9.08,5.121,2.24,1.0,<Residue LEU het=  resseq=23 icode= >,3qoq_B_A,3.1
63,0.0,LEU, ,CG,20.0,8.88,0.0,1.58,1.0,<Residue LEU het=  resseq=23 icode= >,3qoq_B_A,3.1
64,13.101,LEU, ,CD1,20.0,7.40,12.847,-0.36,1.0,<Residue LEU het=  resseq=23 icode= >,3qoq_B_A,3.1
65,12.379,LEU, ,CD2,20.0,9.83,11.624,-0.26,1.0,<Residue LEU het=  resseq=23 icode= >,3qoq_B_A,3.1
66,0.538,PRO, ,N,86.06,9.42,0.0,3.62,1.0,<Residue PRO het=  resseq=24 icode= >,3qoq_B_A,3.1
67,12.616,PRO, ,CA,87.24,9.96,5.514,2.86,1.0,<Residue PRO het=  resseq=24 icode= >,3qoq_B_A,3.1
68,1.047,PRO, ,C,88.68,10.90,1.047,2.81,1.0,<Residue PRO het=  resseq=24 icode= >,3qoq_B_A,3.1
69,1.903,PRO, ,O,88.94,10.12,1.903,1.85,1.0,<Residue PRO het=  resseq=24 icode= >,3qoq_B_A,3.1
70,35.13,PRO, ,CB,87.07,10.03,0.099,1.32,1.0,<Residue PRO het=  resseq=24 icode= >,3qoq_B_A,3.1
71,14.79,PRO, ,CG,86.26,10.32,6.856,1.74,1.0,<Residue PRO het=  resseq=24 icode= >,3qoq_B_A,3.1
72,13.295,PRO, ,CD,86.07,9.48,10.863,1.47,1.0,<Residue PRO het=  resseq=24 icode= >,3qoq_B_A,3.1
73,7.798,GLU, ,N,90.37,10.88,6.158,2.19,1.0,<Residue GLU het=  resseq=25 icode= >,3qoq_B_A,3.1
74,4.95,GLU, ,CA,92.12,11.12,4.717,2.38,1.0,<Residue GLU het=  resseq=25 icode= >,3qoq_B_A,3.1
75,0.05,GLU, ,C,93.3,10.95,0.0,2.75,1.0,<Residue GLU het=  resseq=25 icode= >,3qoq_B_A,3.1
76,15.424,GLU, ,O,93.5,9.94,3.924,1.43,1.0,<Residue GLU het=  resseq=25 icode= >,3qoq_B_A,3.1
77,25.588,GLU, ,CB,92.13,11.93,3.364,0.68,1.0,<Residue GLU het=  resseq=25 icode= >,3qoq_B_A,3.1
78,31.535,GLU, ,CG,93.04,12.35,0.0,0.79,1.0,<Residue GLU het=  resseq=25 icode= >,3qoq_B_A,3.1
79,14.57,GLU, ,CD,93.94,11.94,2.954,1.68,1.0,<Residue GLU het=  resseq=25 icode= >,3qoq_B_A,3.1
80,32.513,GLU, ,OE1,94.07,11.04,28.649,0.54,1.0,<Residue GLU het=  resseq=25 icode= >,3qoq_B_A,3.1
81,41.842,GLU, ,OE2,94.56,12.66,2.456,1.11,1.0,<Residue GLU het=  resseq=25 icode= >,3qoq_B_A,3.1
82,6.202,GLY, ,N,94.75,11.98,0.0,2.24,1.0,<Residue GLY het=  resseq=26 icode= >,3qoq_B_A,3.1
83,34.75,GLY, ,CA,96.73,11.65,0.0,1.90,1.0,<Residue GLY het=  resseq=26 icode= >,3qoq_B_A,3.1
84,0.0,GLY, ,C,98.13,10.50,0.0,2.42,1.0,<Residue GLY het=  resseq=26 icode= >,3qoq_B_A,3.1
85,4.987,GLY, ,O,98.27,9.79,0.0,1.39,1.0,<Residue GLY het=  resseq=26 icode= >,3qoq_B_A,3.1
86,0.85,MET, ,N,99.55,10.50,0.0,1.99,1.0,<Residue MET het=  resseq=27 icode= >,3qoq_B_A,3.1
87,0.512,MET, ,CA,101.01,9.85,0.0,2.28,1.0,<Residue MET het=  resseq=27 icode= >,3qoq_B_A,3.1
88,0.0,MET, ,C,101.68,8.39,0.0,2.93,1.0,<Residue MET het=  resseq=27 icode= >,3qoq_B_A,3.1
89,0.0,MET, ,O,101.75,8.14,0.0,1.97,1.0,<Residue MET het=  resseq=27 icode= >,3qoq_B_A,3.1
90,0.0,MET, ,CB,101.22,10.21,0.0,1.00,1.0,<Residue MET het=  resseq=27 icode= >,3qoq_B_A,3.1
91,12.001,MET, ,CG,102.43,11.69,3.425,1.09,1.0,<Residue MET het=  resseq=27 icode= >,3qoq_B_A,3.1
92,16.681,MET, ,S,105.34,12.28,16.681,3.46,1.0,<Residue MET het=  resseq=27 icode= >,3qoq_B_A,3.1
93,66.778,MET, ,CE,104.74,12.24,61.488,0.17,1.0,<Residue MET het=  resseq=27 icode= >,3qoq_B_A,3.1
94,0.0,ARG, ,N,102.71,7.60,0.0,2.42,1.0,<Residue ARG het=  resseq=28 icode= >,3qoq_B_A,3.1
95,0.0,ARG, ,CA,103.65,6.15,0.0,2.07,1.0,<Residue ARG het=  resseq=28 icode= >,3qoq_B_A,3.1
96,0.0,ARG, ,C,104.25,5.83,0.0,2.49,1.0,<Residue ARG het=  resseq=28 icode= >,3qoq_B_A,3.1
97,1.644,ARG, ,O,104.24,5.29,0.19,1.48,1.0,<Residue ARG het=  resseq=28 icode= >,3qoq_B_A,3.1
98,13.598,ARG, ,CB,103.75,5.91,10.009,0.63,1.0,<Residue ARG het=  resseq=28 icode= >,3qoq_B_A,3.1
99,26.852,ARG, ,CG,103.75,4.57,6.383,0.24,1.0,<Residue ARG het=  resseq=28 icode= >,3qoq_B_A,3.1
100,10.213,ARG, ,CD,103.04,3.61,8.634,1.41,1.0,<Residue ARG het=  resseq=28 icode= >,3qoq_B_A,3.1
101,16.345,ARG, ,NE,102.74,3.19,11.479,2.08,1.0,<Residue ARG het=  resseq=28 icode= >,3qoq_B_A,3.1
102,8.974,ARG, ,CZ,103.15,3.35,8.974,1.68,1.0,<Residue ARG het=  resseq=28 icode= >,3qoq_B_A,3.1
103,36.71,ARG, ,NH1,103.55,3.83,36.483,0.63,1.0,<Residue ARG het=  resseq=28 icode= >,3qoq_B_A,3.1
104,58.941,ARG, ,NH2,102.95,2.57,58.842,0.76,1.0,<Residue ARG het=  resseq=28 icode= >,3qoq_B_A,3.1
105,0.293,GLU, ,N,105.0,6.56,0.0,2.01,1.0,<Residue GLU het=  resseq=29 icode= >,3qoq_B_A,3.1
106,0.745,GLU, ,CA,105.7,6.85,0.0,1.99,1.0,<Residue GLU het=  resseq=29 icode= >,3qoq_B_A,3.1
107,0.0,GLU, ,C,105.77,7.79,0.0,2.77,1.0,<Residue GLU het=  resseq=29 icode= >,3qoq_B_A,3.1
108,0.0,GLU, ,O,105.77,7.72,0.0,1.33,1.0,<Residue GLU het=  resseq=29 icode= >,3qoq_B_A,3.1
109,23.38,GLU, ,CB,105.88,7.74,0.0,0.79,1.0,<Residue GLU het=  resseq=29 icode= >,3qoq_B_A,3.1
110,27.47,GLU, ,CG,107.53,8.39,0.0,-0.62,1.0,<Residue GLU het=  resseq=29 icode= >,3qoq_B_A,3.1
111,8.199,GLU, ,CD,109.72,7.57,0.0,-0.16,1.0,<Residue GLU het=  resseq=29 icode= >,3qoq_B_A,3.1
112,10.025,GLU, ,OE1,110.54,8.13,0.0,-0.03,1.0,<Residue GLU het=  resseq=29 icode= >,3qoq_B_A,3.1
113,32.294,GLU, ,OE2,110.58,6.60,0.0,-0.18,1.0,<Residue GLU het=  resseq=29 icode= >,3qoq_B_A,3.1
114,1.131,GLN, ,N,106.01,8.87,0.0,2.34,1.0,<Residue GLN het=  resseq=30 icode= >,3qoq_B_A,3.1
115,4.413,GLN, ,CA,106.25,10.00,0.0,2.44,1.0,<Residue GLN het=  resseq=30 icode= >,3qoq_B_A,3.1
116,0.338,GLN, ,C,106.33,9.76,0.338,3.20,1.0,<Residue GLN het=  resseq=30 icode= >,3qoq_B_A,3.1
117,0.325,GLN, ,O,106.34,10.61,0.325,1.83,1.0,<Residue GLN het=  resseq=30 icode= >,3qoq_B_A,3.1
118,6.426,GLN, ,CB,106.29,11.02,0.071,1.09,1.0,<Residue GLN het=  resseq=30 icode= >,3qoq_B_A,3.1
119,22.207,GLN, ,CG,106.82,12.39,1.689,0.85,1.0,<Residue GLN het=  resseq=30 icode= >,3qoq_B_A,3.1
120,9.728,GLN, ,CD,107.84,13.37,3.995,0.80,1.0,<Residue GLN het=  resseq=30 icode= >,3qoq_B_A,3.1
121,40.372,GLN, ,OE1,108.43,14.28,24.75,-0.04,1.0,<Residue GLN het=  resseq=30 icode= >,3qoq_B_A,3.1
122,32.588,GLN, ,NE2,107.93,13.33,0.543,0.52,1.0,<Residue GLN het=  resseq=30 icode= >,3qoq_B_A,3.1
123,0.289,ILE, ,N,106.51,8.79,0.0,3.20,1.0,<Residue ILE het=  resseq=31 icode= >,3qoq_B_A,3.1
124,1.753,ILE, ,CA,106.73,8.80,1.469,3.20,1.0,<Residue ILE het=  resseq=31 icode= >,3qoq_B_A,3.1
125,0.0,ILE, ,C,106.96,8.16,0.0,2.66,1.0,<Residue ILE het=  resseq=31 icode= >,3qoq_B_A,3.1
126,0.0,ILE, ,O,107.08,7.78,0.0,0.97,1.0,<Residue ILE het=  resseq=31 icode= >,3qoq_B_A,3.1
127,0.161,ILE, ,CB,106.7,8.23,0.0,1.48,1.0,<Residue ILE het=  resseq=31 icode= >,3qoq_B_A,3.1
128,0.0,ILE, ,CG1,106.73,8.70,0.0,-0.11,1.0,<Residue ILE het=  resseq=31 icode= >,3qoq_B_A,3.1
129,3.617,ILE, ,CG2,106.79,6.72,2.716,0.20,1.0,<Residue ILE het=  resseq=31 icode= >,3qoq_B_A,3.1
130,25.481,ILE, ,CD1,107.0,9.94,24.814,-1.73,1.0,<Residue ILE het=  resseq=31 icode= >,3qoq_B_A,3.1
131,0.0,ALA, ,N,107.18,7.47,0.0,1.98,1.0,<Residue ALA het=  resseq=32 icode= >,3qoq_B_A,3.1
132,0.0,ALA, ,CA,107.34,7.01,0.0,2.08,1.0,<Residue ALA het=  resseq=32 icode= >,3qoq_B_A,3.1
133,0.0,ALA, ,C,107.51,7.81,0.0,2.47,1.0,<Residue ALA het=  resseq=32 icode= >,3qoq_B_A,3.1
134,0.264,ALA, ,O,107.54,7.43,0.0,1.53,1.0,<Residue ALA het=  resseq=32 icode= >,3qoq_B_A,3.1
135,10.488,ALA, ,CB,107.23,6.27,0.0,0.77,1.0,<Residue ALA het=  resseq=32 icode= >,3qoq_B_A,3.1
136,0.0,GLU, ,N,107.67,9.12,0.0,2.47,1.0,<Residue GLU het=  resseq=33 icode= >,3qoq_B_A,3.1
137,0.0,GLU, ,CA,107.95,10.16,0.0,3.01,1.0,<Residue GLU het=  resseq=33 icode= >,3qoq_B_A,3.1
138,0.873,GLU, ,C,107.97,10.16,0.0,3.17,1.0,<Residue GLU het=  resseq=33 icode= >,3qoq_B_A,3.1
139,0.781,GLU, ,O,108.04,10.33,0.0,1.74,1.0,<Residue GLU het=  resseq=33 icode= >,3qoq_B_A,3.1
140,3.104,GLU, ,CB,108.06,11.27,0.0,1.68,1.0,<Residue GLU het=  resseq=33 icode= >,3qoq_B_A,3.1
141,35.034,GLU, ,CG,108.98,12.30,0.0,1.11,1.0,<Residue GLU het=  resseq=33 icode= >,3qoq_B_A,3.1
142,8.148,GLU, ,CD,110.4,11.80,0.0,0.86,1.0,<Residue GLU het=  resseq=33 icode= >,3qoq_B_A,3.1
143,13.911,GLU, ,OE1,111.07,11.03,0.0,0.61,1.0,<Residue GLU het=  resseq=33 icode= >,3qoq_B_A,3.1
144,27.904,GLU, ,OE2,110.96,12.35,0.0,0.28,1.0,<Residue GLU het=  resseq=33 icode= >,3qoq_B_A,3.1
145,0.0,VAL, ,N,108.08,10.20,0.0,2.08,1.0,<Residue VAL het=  resseq=34 icode= >,3qoq_B_A,3.1
146,1.571,VAL, ,CA,108.15,10.54,0.0,2.26,1.0,<Residue VAL het=  resseq=34 icode= >,3qoq_B_A,3.1
147,0.0,VAL, ,C,108.31,9.51,0.0,2.86,1.0,<Residue VAL het=  resseq=34 icode= >,3qoq_B_A,3.1
148,0.0,VAL, ,O,108.28,10.02,0.0,1.56,1.0,<Residue VAL het=  resseq=34 icode= >,3qoq_B_A,3.1
149,0.167,VAL, ,CB,108.09,11.08,0.003,1.78,1.0,<Residue VAL het=  resseq=34 icode= >,3qoq_B_A,3.1
150,8.302,VAL, ,CG1,108.04,11.86,3.94,0.11,1.0,<Residue VAL het=  resseq=34 icode= >,3qoq_B_A,3.1
151,29.16,VAL, ,CG2,107.77,12.12,9.074,0.52,1.0,<Residue VAL het=  resseq=34 icode= >,3qoq_B_A,3.1
152,0.0,ALA, ,N,108.5,8.21,0.0,2.76,1.0,<Residue ALA het=  resseq=35 icode= >,3qoq_B_A,3.1
153,0.0,ALA, ,CA,108.76,7.22,0.0,1.72,1.0,<Residue ALA het=  resseq=35 icode= >,3qoq_B_A,3.1
154,0.0,ALA, ,C,108.93,7.53,0.0,1.40,1.0,<Residue ALA het=  resseq=35 icode= >,3qoq_B_A,3.1
155,0.0,ALA, ,O,108.97,7.90,0.0,1.05,1.0,<Residue ALA het=  resseq=35 icode= >,3qoq_B_A,3.1
156,1.685,ALA, ,CB,108.73,5.80,0.0,0.32,1.0,<Residue ALA het=  resseq=35 icode= >,3qoq_B_A,3.1
157,0.804,ARG, ,N,108.92,7.72,0.0,1.80,1.0,<Residue ARG het=  resseq=36 icode= >,3qoq_B_A,3.1
158,8.268,ARG, ,CA,108.83,8.38,0.0,2.48,1.0,<Residue ARG het=  resseq=36 icode= >,3qoq_B_A,3.1
159,1.179,ARG, ,C,108.66,9.75,0.0,2.92,1.0,<Residue ARG het=  resseq=36 icode= >,3qoq_B_A,3.1
160,2.0,ARG, ,O,108.75,10.22,0.0,1.39,1.0,<Residue ARG het=  resseq=36 icode= >,3qoq_B_A,3.1
161,16.392,ARG, ,CB,108.88,8.68,0.0,1.71,1.0,<Residue ARG het=  resseq=36 icode= >,3qoq_B_A,3.1
162,7.324,ARG, ,CG,109.35,9.84,0.0,1.13,1.0,<Residue ARG het=  resseq=36 icode= >,3qoq_B_A,3.1
163,33.298,ARG, ,CD,110.46,10.29,0.0,1.07,1.0,<Residue ARG het=  resseq=36 icode= >,3qoq_B_A,3.1
164,3.304,ARG, ,NE,111.98,9.71,0.0,0.88,1.0,<Residue ARG het=  resseq=36 icode= >,3qoq_B_A,3.1
165,4.357,ARG, ,CZ,112.79,8.71,0.0,0.98,1.0,<Residue ARG het=  resseq=36 icode= >,3qoq_B_A,3.1
166,37.921,ARG, ,NH1,113.21,8.13,0.0,0.53,1.0,<Residue ARG het=  resseq=36 icode= >,3qoq_B_A,3.1
167,22.013,ARG, ,NH2,113.17,8.52,0.0,0.42,1.0,<Residue ARG het=  resseq=36 icode= >,3qoq_B_A,3.1
168,0.0,SER, ,N,108.32,10.50,0.0,3.20,1.0,<Residue SER het=  resseq=37 icode= >,3qoq_B_A,3.1
169,9.506,SER, ,CA,108.12,11.86,0.0,3.11,1.0,<Residue SER het=  resseq=37 icode= >,3qoq_B_A,3.1
170,0.0,SER, ,C,108.05,12.01,0.0,2.98,1.0,<Residue SER het=  resseq=37 icode= >,3qoq_B_A,3.1
171,21.128,SER, ,O,108.09,13.14,0.0,1.36,1.0,<Residue SER het=  resseq=37 icode= >,3qoq_B_A,3.1
172,39.576,SER, ,CB,108.06,12.66,0.0,1.34,1.0,<Residue SER het=  resseq=37 icode= >,3qoq_B_A,3.1
173,6.185,SER, ,OG,108.24,12.28,0.0,1.03,1.0,<Residue SER het=  resseq=37 icode= >,3qoq_B_A,3.1
174,0.0,HIS, ,N,108.01,10.99,0.0,3.11,1.0,<Residue HIS het=  resseq=38 icode= >,3qoq_B_A,3.1
175,5.269,HIS, ,CA,108.0,11.26,0.0,2.79,1.0,<Residue HIS het=  resseq=38 icode= >,3qoq_B_A,3.1
176,0.938,HIS, ,C,107.76,10.76,0.0,3.08,1.0,<Residue HIS het=  resseq=38 icode= >,3qoq_B_A,3.1
177,16.953,HIS, ,O,107.66,11.12,0.0,1.70,1.0,<Residue HIS het=  resseq=38 icode= >,3qoq_B_A,3.1
178,0.647,HIS, ,CB,108.17,10.90,0.0,1.70,1.0,<Residue HIS het=  resseq=38 icode= >,3qoq_B_A,3.1
179,0.873,HIS, ,CG,108.85,12.00,0.0,2.32,1.0,<Residue HIS het=  resseq=38 icode= >,3qoq_B_A,3.1
180,8.809,HIS, ,ND1,109.55,12.76,0.0,1.19,1.0,<Residue HIS het=  resseq=38 icode= >,3qoq_B_A,3.1
181,4.315,HIS, ,CD2,109.36,12.64,0.0,2.04,1.0,<Residue HIS het=  resseq=38 icode= >,3qoq_B_A,3.1
182,36.592,HIS, ,CE1,109.87,13.74,10.503,0.65,1.0,<Residue HIS het=  resseq=38 icode= >,3qoq_B_A,3.1
183,22.728,HIS, ,NE2,109.88,13.69,6.569,0.99,1.0,<Residue HIS het=  resseq=38 icode= >,3qoq_B_A,3.1
184,0.0,HIS, ,N,107.59,10.16,0.0,2.94,1.0,<Residue HIS het=  resseq=39 icode= >,3qoq_B_A,3.1
185,5.293,HIS, ,CA,107.54,9.88,0.0,2.22,1.0,<Residue HIS het=  resseq=39 icode= >,3qoq_B_A,3.1
186,4.509,HIS, ,C,107.21,9.14,0.0,1.44,1.0,<Residue HIS het=  resseq=39 icode= >,3qoq_B_A,3.1
187,24.628,HIS, ,O,107.26,9.79,0.0,1.17,1.0,<Residue HIS het=  resseq=39 icode= >,3qoq_B_A,3.1
188,23.699,HIS, ,CB,107.7,11.26,0.0,1.25,1.0,<Residue HIS het=  resseq=39 icode= >,3qoq_B_A,3.1
189,2.059,HIS, ,CG,108.51,12.06,0.0,1.33,1.0,<Residue HIS het=  resseq=39 icode= >,3qoq_B_A,3.1
190,16.256,HIS, ,ND1,109.26,13.17,0.0,1.06,1.0,<Residue HIS het=  resseq=39 icode= >,3qoq_B_A,3.1
191,30.046,HIS, ,CD2,108.95,12.07,0.0,1.25,1.0,<Residue HIS het=  resseq=39 icode= >,3qoq_B_A,3.1
192,36.073,HIS, ,CE1,109.35,13.79,0.0,0.88,1.0,<Residue HIS het=  resseq=39 icode= >,3qoq_B_A,3.1
193,29.018,HIS, ,NE2,109.38,13.18,0.0,1.08,1.0,<Residue HIS het=  resseq=39 icode= >,3qoq_B_A,3.1
194,2.198,ARG, ,N,106.67,7.95,0.0,1.26,1.0,<Residue ARG het=  resseq=40 icode= >,3qoq_B_A,3.1
195,10.95,ARG, ,CA,105.96,7.24,0.0,1.64,1.0,<Residue ARG het=  resseq=40 icode= >,3qoq_B_A,3.1
196,3.946,ARG, ,C,105.5,5.75,0.0,2.24,1.0,<Residue ARG het=  resseq=40 icode= >,3qoq_B_A,3.1
197,4.202,ARG, ,O,105.4,5.50,0.0,1.63,1.0,<Residue ARG het=  resseq=40 icode= >,3qoq_B_A,3.1
198,13.444,ARG, ,CB,105.97,8.01,0.0,0.89,1.0,<Residue ARG het=  resseq=40 icode= >,3qoq_B_A,3.1
199,0.01,ARG, ,CG,105.82,8.32,0.0,0.67,1.0,<Residue ARG het=  resseq=40 icode= >,3qoq_B_A,3.1
200,0.0,ARG, ,CD,105.42,8.67,0.0,0.79,1.0,<Residue ARG het=  resseq=40 icode= >,3qoq_B_A,3.1
201,9.44,ARG, ,NE,105.0,10.06,0.0,1.51,1.0,<Residue ARG het=  resseq=40 icode= >,3qoq_B_A,3.1
202,0.904,ARG, ,CZ,104.84,11.10,0.0,1.42,1.0,<Residue ARG het=  resseq=40 icode= >,3qoq_B_A,3.1
203,3.311,ARG, ,NH1,104.56,11.05,0.0,0.81,1.0,<Residue ARG het=  resseq=40 icode= >,3qoq_B_A,3.1
204,44.889,ARG, ,NH2,104.67,12.31,0.0,0.48,1.0,<Residue ARG het=  resseq=40 icode= >,3qoq_B_A,3.1
205,5.962,SER, ,N,104.96,5.03,0.0,2.32,1.0,<Residue SER het=  resseq=41 icode= >,3qoq_B_A,3.1
206,9.217,SER, ,CA,104.51,3.60,1.679,2.58,1.0,<Residue SER het=  resseq=41 icode= >,3qoq_B_A,3.1
207,0.0,SER, ,C,104.19,3.61,0.0,2.25,1.0,<Residue SER het=  resseq=41 icode= >,3qoq_B_A,3.1
208,0.0,SER, ,O,104.16,4.80,0.0,1.28,1.0,<Residue SER het=  resseq=41 icode= >,3qoq_B_A,3.1
209,43.434,SER, ,CB,104.49,3.43,26.428,1.67,1.0,<Residue SER het=  resseq=41 icode= >,3qoq_B_A,3.1
210,9.212,SER, ,OG,104.46,4.10,5.036,1.37,1.0,<Residue SER het=  resseq=41 icode= >,3qoq_B_A,3.1
211,1.277,MET, ,N,103.67,2.71,1.277,2.25,1.0,<Residue MET het=  resseq=42 icode= >,3qoq_B_A,3.1
212,0.0,MET, ,CA,103.27,3.57,0.0,2.52,1.0,<Residue MET het=  resseq=42 icode= >,3qoq_B_A,3.1
213,0.0,MET, ,C,102.54,4.08,0.0,2.92,1.0,<Residue MET het=  resseq=42 icode= >,3qoq_B_A,3.1
214,0.0,MET, ,O,102.46,5.28,0.0,1.47,1.0,<Residue MET het=  resseq=42 icode= >,3qoq_B_A,3.1
215,14.467,MET, ,CB,103.58,3.25,14.467,1.21,1.0,<Residue MET het=  resseq=42 icode= >,3qoq_B_A,3.1
216,2.565,MET, ,CG,105.11,4.27,2.565,1.11,1.0,<Residue MET het=  resseq=42 icode= >,3qoq_B_A,3.1
217,29.991,MET, ,S,109.2,3.57,27.289,3.20,1.0,<Residue MET het=  resseq=42 icode= >,3qoq_B_A,3.1
218,39.9,MET, ,CE,109.08,3.36,15.252,-0.10,1.0,<Residue MET het=  resseq=42 icode= >,3qoq_B_A,3.1
219,1.885,ASN, ,N,101.65,3.27,1.885,2.76,1.0,<Residue ASN het=  resseq=43 icode= >,3qoq_B_A,3.1
220,2.094,ASN, ,CA,100.81,4.16,2.094,3.07,1.0,<Residue ASN het=  resseq=43 icode= >,3qoq_B_A,3.1
221,0.0,ASN, ,C,100.42,5.38,0.0,3.09,1.0,<Residue ASN het=  resseq=43 icode= >,3qoq_B_A,3.1
222,0.0,ASN, ,O,100.51,6.48,0.0,1.53,1.0,<Residue ASN het=  resseq=43 icode= >,3qoq_B_A,3.1
223,27.881,ASN, ,CB,100.72,3.83,22.033,2.04,1.0,<Residue ASN het=  resseq=43 icode= >,3qoq_B_A,3.1
224,5.467,ASN, ,CG,100.48,5.24,5.194,2.12,1.0,<Residue ASN het=  resseq=43 icode= >,3qoq_B_A,3.1
225,32.802,ASN, ,OD1,99.94,5.82,32.802,1.19,1.0,<Residue ASN het=  resseq=43 icode= >,3qoq_B_A,3.1
226,27.553,ASN, ,ND2,100.7,6.05,7.632,0.33,1.0,<Residue ASN het=  resseq=43 icode= >,3qoq_B_A,3.1
227,0.0,SER, ,N,99.92,5.43,0.0,2.81,1.0,<Residue SER het=  resseq=44 icode= >,3qoq_B_A,3.1
228,7.055,SER, ,CA,99.41,6.80,0.0,2.42,1.0,<Residue SER het=  resseq=44 icode= >,3qoq_B_A,3.1
229,0.0,SER, ,C,98.88,7.65,0.0,2.59,1.0,<Residue SER het=  resseq=44 icode= >,3qoq_B_A,3.1
230,4.079,SER, ,O,98.77,8.83,0.0,1.58,1.0,<Residue SER het=  resseq=44 icode= >,3qoq_B_A,3.1
231,14.777,SER, ,CB,99.57,7.05,0.0,0.56,1.0,<Residue SER het=  resseq=44 icode= >,3qoq_B_A,3.1
232,19.425,SER, ,OG,100.02,6.26,0.0,0.52,1.0,<Residue SER het=  resseq=44 icode= >,3qoq_B_A,3.1
233,0.0,GLU, ,N,98.24,7.23,0.0,2.57,1.0,<Residue GLU het=  resseq=45 icode= >,3qoq_B_A,3.1
234,0.0,GLU, ,CA,97.72,8.22,0.0,2.46,1.0,<Residue GLU het=  resseq=45 icode= >,3qoq_B_A,3.1
235,0.0,GLU, ,C,97.18,8.81,0.0,2.34,1.0,<Residue GLU het=  resseq=45 icode= >,3qoq_B_A,3.1
236,0.0,GLU, ,O,97.18,10.00,0.0,1.19,1.0,<Residue GLU het=  resseq=45 icode= >,3qoq_B_A,3.1
237,0.0,GLU, ,CB,97.82,7.66,0.0,1.20,1.0,<Residue GLU het=  resseq=45 icode= >,3qoq_B_A,3.1
238,0.013,GLU, ,CG,98.63,8.88,0.0,0.78,1.0,<Residue GLU het=  resseq=45 icode= >,3qoq_B_A,3.1
239,0.0,GLU, ,CD,100.23,9.63,0.0,1.25,1.0,<Residue GLU het=  resseq=45 icode= >,3qoq_B_A,3.1
240,0.155,GLU, ,OE1,100.65,10.87,0.0,0.62,1.0,<Residue GLU het=  resseq=45 icode= >,3qoq_B_A,3.1
241,0.0,GLU, ,OE2,101.31,9.12,0.0,0.36,1.0,<Residue GLU het=  resseq=45 icode= >,3qoq_B_A,3.1
242,0.0,ILE, ,N,96.39,8.07,0.0,1.74,1.0,<Residue ILE het=  resseq=46 icode= >,3qoq_B_A,3.1
243,1.015,ILE, ,CA,95.53,8.81,1.015,2.18,1.0,<Residue ILE het=  resseq=46 icode= >,3qoq_B_A,3.1
244,0.0,ILE, ,C,95.32,9.71,0.0,2.83,1.0,<Residue ILE het=  resseq=46 icode= >,3qoq_B_A,3.1
245,0.0,ILE, ,O,95.42,10.91,0.0,1.15,1.0,<Residue ILE het=  resseq=46 icode= >,3qoq_B_A,3.1
246,0.507,ILE, ,CB,95.32,8.07,0.507,1.83,1.0,<Residue ILE het=  resseq=46 icode= >,3qoq_B_A,3.1
247,2.53,ILE, ,CG1,94.75,7.73,2.53,0.60,1.0,<Residue ILE het=  resseq=46 icode= >,3qoq_B_A,3.1
248,26.442,ILE, ,CG2,95.23,9.14,25.147,-0.35,1.0,<Residue ILE het=  resseq=46 icode= >,3qoq_B_A,3.1
249,28.79,ILE, ,CD1,93.85,6.94,26.913,-0.67,1.0,<Residue ILE het=  resseq=46 icode= >,3qoq_B_A,3.1
250,0.0,ILE, ,N,94.98,9.27,0.0,2.74,1.0,<Residue ILE het=  resseq=47 icode= >,3qoq_B_A,3.1
251,0.017,ILE, ,CA,94.85,10.30,0.0,3.60,1.0,<Residue ILE het=  resseq=47 icode= >,3qoq_B_A,3.1
252,0.0,ILE, ,C,95.0,11.38,0.0,3.41,1.0,<Residue ILE het=  resseq=47 icode= >,3qoq_B_A,3.1
253,0.197,ILE, ,O,95.05,12.56,0.0,2.02,1.0,<Residue ILE het=  resseq=47 icode= >,3qoq_B_A,3.1
254,1.331,ILE, ,CB,94.69,9.87,0.0,2.61,1.0,<Residue ILE het=  resseq=47 icode= >,3qoq_B_A,3.1
255,16.471,ILE, ,CG1,94.79,9.31,15.613,0.89,1.0,<Residue ILE het=  resseq=47 icode= >,3qoq_B_A,3.1
256,41.448,ILE, ,CG2,94.48,11.17,21.117,0.77,1.0,<Residue ILE het=  resseq=47 icode= >,3qoq_B_A,3.1
257,36.09,ILE, ,CD1,95.28,8.86,30.259,-0.37,1.0,<Residue ILE het=  resseq=47 icode= >,3qoq_B_A,3.1
258,0.488,ALA, ,N,95.19,11.11,0.0,2.41,1.0,<Residue ALA het=  resseq=48 icode= >,3qoq_B_A,3.1
259,8.51,ALA, ,CA,95.35,12.26,0.0,2.05,1.0,<Residue ALA het=  resseq=48 icode= >,3qoq_B_A,3.1
260,1.478,ALA, ,C,95.53,13.18,0.0,2.61,1.0,<Residue ALA het=  resseq=48 icode= >,3qoq_B_A,3.1
261,6.99,ALA, ,O,95.6,14.39,0.0,1.22,1.0,<Residue ALA het=  resseq=48 icode= >,3qoq_B_A,3.1
262,22.236,ALA, ,CB,95.34,11.95,0.0,0.39,1.0,<Residue ALA het=  resseq=48 icode= >,3qoq_B_A,3.1
263,0.0,ARG, ,N,95.77,12.72,0.0,2.39,1.0,<Residue ARG het=  resseq=49 icode= >,3qoq_B_A,3.1
264,0.386,ARG, ,CA,96.06,13.69,0.0,2.74,1.0,<Residue ARG het=  resseq=49 icode= >,3qoq_B_A,3.1
265,0.807,ARG, ,C,96.3,14.40,0.314,3.88,1.0,<Residue ARG het=  resseq=49 icode= >,3qoq_B_A,3.1
266,0.755,ARG, ,O,96.13,15.63,0.755,2.37,1.0,<Residue ARG het=  resseq=49 icode= >,3qoq_B_A,3.1
267,14.968,ARG, ,CB,95.99,13.14,14.886,1.29,1.0,<Residue ARG het=  resseq=49 icode= >,3qoq_B_A,3.1
268,1.53,ARG, ,CG,96.24,12.53,1.53,1.21,1.0,<Residue ARG het=  resseq=49 icode= >,3qoq_B_A,3.1
269,13.878,ARG, ,CD,97.32,13.54,1.711,1.24,1.0,<Residue ARG het=  resseq=49 icode= >,3qoq_B_A,3.1
270,4.129,ARG, ,NE,98.49,13.14,3.113,1.47,1.0,<Residue ARG het=  resseq=49 icode= >,3qoq_B_A,3.1
271,4.607,ARG, ,CZ,99.4,13.53,4.529,1.59,1.0,<Residue ARG het=  resseq=49 icode= >,3qoq_B_A,3.1
272,43.905,ARG, ,NH1,100.05,14.29,43.905,0.68,1.0,<Residue ARG het=  resseq=49 icode= >,3qoq_B_A,3.1
273,20.884,ARG, ,NH2,99.81,13.32,20.765,0.07,1.0,<Residue ARG het=  resseq=49 icode= >,3qoq_B_A,3.1
274,0.0,LEU, ,N,96.81,13.71,0.0,2.89,1.0,<Residue LEU het=  resseq=50 icode= >,3qoq_B_A,3.1
275,0.105,LEU, ,CA,97.39,14.44,0.068,3.52,1.0,<Residue LEU het=  resseq=50 icode= >,3qoq_B_A,3.1
276,0.0,LEU, ,C,98.14,15.53,0.0,3.27,1.0,<Residue LEU het=  resseq=50 icode= >,3qoq_B_A,3.1
277,0.0,LEU, ,O,98.41,15.71,0.0,1.13,1.0,<Residue LEU het=  resseq=50 icode= >,3qoq_B_A,3.1
278,6.958,LEU, ,CB,97.17,13.59,1.586,1.82,1.0,<Residue LEU het=  resseq=50 icode= >,3qoq_B_A,3.1
279,8.713,LEU, ,CG,96.87,12.61,7.212,1.13,1.0,<Residue LEU het=  resseq=50 icode= >,3qoq_B_A,3.1
280,47.293,LEU, ,CD1,96.72,11.80,47.293,-0.80,1.0,<Residue LEU het=  resseq=50 icode= >,3qoq_B_A,3.1
281,33.57,LEU, ,CD2,96.85,12.70,33.57,-0.01,1.0,<Residue LEU het=  resseq=50 icode= >,3qoq_B_A,3.1
282,0.332,GLU, ,N,99.02,15.30,0.0,2.89,1.0,<Residue GLU het=  resseq=51 icode= >,3qoq_B_A,3.1
283,0.841,GLU, ,CA,100.01,16.41,0.0,2.81,1.0,<Residue GLU het=  resseq=51 icode= >,3qoq_B_A,3.1
284,0.0,GLU, ,C,100.38,17.51,0.0,3.18,1.0,<Residue GLU het=  resseq=51 icode= >,3qoq_B_A,3.1
285,0.0,GLU, ,O,100.4,18.69,0.0,1.42,1.0,<Residue GLU het=  resseq=51 icode= >,3qoq_B_A,3.1
286,6.683,GLU, ,CB,100.13,16.04,0.0,1.41,1.0,<Residue GLU het=  resseq=51 icode= >,3qoq_B_A,3.1
287,17.076,GLU, ,CG,101.52,17.15,3.919,1.03,1.0,<Residue GLU het=  resseq=51 icode= >,3qoq_B_A,3.1
288,13.933,GLU, ,CD,103.67,16.98,0.0,0.43,1.0,<Residue GLU het=  resseq=51 icode= >,3qoq_B_A,3.1
289,29.241,GLU, ,OE1,104.28,15.86,1.166,-0.04,1.0,<Residue GLU het=  resseq=51 icode= >,3qoq_B_A,3.1
290,37.19,GLU, ,OE2,104.59,18.06,0.0,0.29,1.0,<Residue GLU het=  resseq=51 icode= >,3qoq_B_A,3.1
291,0.997,GLN, ,N,100.97,17.19,0.0,2.84,1.0,<Residue GLN het=  resseq=52 icode= >,3qoq_B_A,3.1
292,1.88,GLN, ,CA,101.64,18.26,0.0,3.29,1.0,<Residue GLN het=  resseq=52 icode= >,3qoq_B_A,3.1
293,0.0,GLN, ,C,102.02,19.09,0.0,2.77,1.0,<Residue GLN het=  resseq=52 icode= >,3qoq_B_A,3.1
294,0.0,GLN, ,O,102.17,20.32,0.0,1.27,1.0,<Residue GLN het=  resseq=52 icode= >,3qoq_B_A,3.1
295,10.394,GLN, ,CB,101.64,17.79,0.0,1.73,1.0,<Residue GLN het=  resseq=52 icode= >,3qoq_B_A,3.1
296,13.165,GLN, ,CG,102.5,18.95,0.0,1.23,1.0,<Residue GLN het=  resseq=52 icode= >,3qoq_B_A,3.1
297,4.447,GLN, ,CD,104.01,18.64,0.773,0.90,1.0,<Residue GLN het=  resseq=52 icode= >,3qoq_B_A,3.1
298,15.827,GLN, ,OE1,104.35,17.81,14.714,0.60,1.0,<Residue GLN het=  resseq=52 icode= >,3qoq_B_A,3.1
299,53.904,GLN, ,NE2,104.39,19.39,8.71,0.60,1.0,<Residue GLN het=  resseq=52 icode= >,3qoq_B_A,3.1
300,0.0,SER, ,N,102.41,18.21,0.0,2.39,1.0,<Residue SER het=  resseq=53 icode= >,3qoq_B_A,3.1
301,1.971,SER, ,CA,102.8,17.57,0.1,2.77,1.0,<Residue SER het=  resseq=53 icode= >,3qoq_B_A,3.1
302,1.033,SER, ,C,103.22,17.53,1.033,2.83,1.0,<Residue SER het=  resseq=53 icode= >,3qoq_B_A,3.1
303,2.322,SER, ,O,103.39,18.05,1.598,1.11,1.0,<Residue SER het=  resseq=53 icode= >,3qoq_B_A,3.1
304,19.478,SER, ,CB,102.72,16.21,18.368,1.62,1.0,<Residue SER het=  resseq=53 icode= >,3qoq_B_A,3.1
305,37.766,SER, ,OG,102.7,16.41,35.689,1.15,1.0,<Residue SER het=  resseq=53 icode= >,3qoq_B_A,3.1
306,0.0,LEU, ,N,103.66,17.07,0.0,2.83,1.0,<Residue LEU het=  resseq=54 icode= >,3qoq_B_A,3.1
307,0.095,LEU, ,CA,104.19,17.10,0.0,2.69,1.0,<Residue LEU het=  resseq=54 icode= >,3qoq_B_A,3.1
308,1.194,LEU, ,C,104.75,18.49,0.0,2.76,1.0,<Residue LEU het=  resseq=54 icode= >,3qoq_B_A,3.1
309,11.575,LEU, ,O,104.86,18.68,0.0,1.20,1.0,<Residue LEU het=  resseq=54 icode= >,3qoq_B_A,3.1
310,12.513,LEU, ,CB,104.07,16.47,6.485,1.01,1.0,<Residue LEU het=  resseq=54 icode= >,3qoq_B_A,3.1
311,0.0,LEU, ,CG,103.98,15.03,0.0,0.60,1.0,<Residue LEU het=  resseq=54 icode= >,3qoq_B_A,3.1
312,48.144,LEU, ,CD1,103.8,14.76,43.015,-0.38,1.0,<Residue LEU het=  resseq=54 icode= >,3qoq_B_A,3.1
313,47.395,LEU, ,CD2,103.9,14.03,46.675,-0.70,1.0,<Residue LEU het=  resseq=54 icode= >,3qoq_B_A,3.1
314,0.0,LEU, ,N,105.54,1000.00,0.0,2.72,1.0,<Residue LEU het=  resseq=55 icode= >,3qoq_B_A,3.1
315,1.004,LEU, ,CA,106.27,1000.00,0.0,2.88,1.0,<Residue LEU het=  resseq=55 icode= >,3qoq_B_A,3.1
316,0.995,LEU, ,C,106.85,1000.00,0.0,3.13,1.0,<Residue LEU het=  resseq=55 icode= >,3qoq_B_A,3.1
317,11.584,LEU, ,O,106.97,1000.00,0.0,1.79,1.0,<Residue LEU het=  resseq=55 icode= >,3qoq_B_A,3.1
318,8.387,LEU, ,CB,106.22,1000.00,0.0,1.61,1.0,<Residue LEU het=  resseq=55 icode= >,3qoq_B_A,3.1
319,1.6,LEU, ,CG,106.29,1000.00,0.0,1.09,1.0,<Residue LEU het=  resseq=55 icode= >,3qoq_B_A,3.1
320,41.926,LEU, ,CD1,106.28,1000.00,0.0,-0.30,1.0,<Residue LEU het=  resseq=55 icode= >,3qoq_B_A,3.1
321,61.092,LEU, ,CD2,106.2,1000.00,0.0,-0.20,1.0,<Residue LEU het=  resseq=55 icode= >,3qoq_B_A,3.1
322,0.0,GLN, ,N,107.52,1000.00,0.0,3.23,1.0,<Residue GLN het=  resseq=56 icode= >,3qoq_B_A,3.1
323,5.197,GLN, ,CA,108.33,1000.00,0.0,2.58,1.0,<Residue GLN het=  resseq=56 icode= >,3qoq_B_A,3.1
324,0.627,GLN, ,C,108.78,1000.00,0.0,2.14,1.0,<Residue GLN het=  resseq=56 icode= >,3qoq_B_A,3.1
325,8.681,GLN, ,O,108.87,1000.00,0.0,1.11,1.0,<Residue GLN het=  resseq=56 icode= >,3qoq_B_A,3.1
326,12.168,GLN, ,CB,108.4,1000.00,0.0,1.63,1.0,<Residue GLN het=  resseq=56 icode= >,3qoq_B_A,3.1
327,37.006,GLN, ,CG,109.09,1000.00,0.97,0.96,1.0,<Residue GLN het=  resseq=56 icode= >,3qoq_B_A,3.1
328,5.605,GLN, ,CD,110.04,1000.00,0.0,1.01,1.0,<Residue GLN het=  resseq=56 icode= >,3qoq_B_A,3.1
329,20.911,GLN, ,OE1,110.17,1000.00,17.047,0.49,1.0,<Residue GLN het=  resseq=56 icode= >,3qoq_B_A,3.1
330,22.387,GLN, ,NE2,110.26,1000.00,0.0,0.60,1.0,<Residue GLN het=  resseq=56 icode= >,3qoq_B_A,3.1
331,0.0,GLU, ,N,109.37,1000.00,0.0,1.86,1.0,<Residue GLU het=  resseq=57 icode= >,3qoq_B_A,3.1
332,4.988,GLU, ,CA,109.81,1000.00,0.0,1.92,1.0,<Residue GLU het=  resseq=57 icode= >,3qoq_B_A,3.1
333,1.0,GLU, ,C,110.14,1000.00,0.0,1.73,1.0,<Residue GLU het=  resseq=57 icode= >,3qoq_B_A,3.1
334,20.407,GLU, ,O,110.28,1000.00,0.0,0.61,1.0,<Residue GLU het=  resseq=57 icode= >,3qoq_B_A,3.1
335,17.921,GLU, ,CB,109.76,1000.00,0.874,0.97,1.0,<Residue GLU het=  resseq=57 icode= >,3qoq_B_A,3.1
336,9.319,GLU, ,CG,110.05,1000.00,9.179,1.24,1.0,<Residue GLU het=  resseq=57 icode= >,3qoq_B_A,3.1
337,10.464,GLU, ,CD,110.6,1000.00,7.314,1.42,1.0,<Residue GLU het=  resseq=57 icode= >,3qoq_B_A,3.1
338,39.962,GLU, ,OE1,110.41,1000.00,25.614,0.82,1.0,<Residue GLU het=  resseq=57 icode= >,3qoq_B_A,3.1
339,35.245,GLU, ,OE2,111.13,1000.00,9.674,0.65,1.0,<Residue GLU het=  resseq=57 icode= >,3qoq_B_A,3.1
340,0.566,GLY, ,N,110.42,1000.00,0.0,1.55,1.0,<Residue GLY het=  resseq=58 icode= >,3qoq_B_A,3.1
341,36.165,GLY, ,CA,110.77,1000.00,0.0,0.99,1.0,<Residue GLY het=  resseq=58 icode= >,3qoq_B_A,3.1
342,5.435,GLY, ,C,111.04,1000.00,0.0,1.17,1.0,<Residue GLY het=  resseq=58 icode= >,3qoq_B_A,3.1
343,31.51,GLY, ,O,111.09,1000.00,0.0,0.99,1.0,<Residue GLY het=  resseq=58 icode= >,3qoq_B_A,3.1
344,0.758,ALA, ,N,111.2,1000.00,0.0,1.36,1.0,<Residue ALA het=  resseq=59 icode= >,3qoq_B_A,3.1
345,13.327,ALA, ,CA,111.28,1000.00,0.0,1.14,1.0,<Residue ALA het=  resseq=59 icode= >,3qoq_B_A,3.1
346,32.759,ALA, ,C,111.31,1000.00,0.0,1.16,1.0,<Residue ALA het=  resseq=59 icode= >,3qoq_B_A,3.1
347,29.697,ALA, ,O,111.35,1000.00,0.0,1.42,1.0,<Residue ALA het=  resseq=59 icode= >,3qoq_B_A,3.1
348,54.48,ALA, ,CB,111.18,1000.00,0.0,0.79,1.0,<Residue ALA het=  resseq=59 icode= >,3qoq_B_A,3.1
