,ASA,aa,altloc,atom,bfac,d2r,dASA,dens,occ,residue,id,resolu
0,0.106,MET, ,N,48.8,12.53,0.0,2.22,1.0,<Residue MET het=  resseq=1 icode= >,3qws_A_B,2.1
1,6.168,MET, ,CA,48.63,12.95,0.0,3.24,1.0,<Residue MET het=  resseq=1 icode= >,3qws_A_B,2.1
2,0.0,MET, ,C,48.4,12.26,0.0,4.10,1.0,<Residue MET het=  resseq=1 icode= >,3qws_A_B,2.1
3,0.887,MET, ,O,47.58,11.10,0.0,3.65,1.0,<Residue MET het=  resseq=1 icode= >,3qws_A_B,2.1
4,3.723,MET, ,CB,47.23,12.90,0.0,2.62,1.0,<Residue MET het=  resseq=1 icode= >,3qws_A_B,2.1
5,0.0,MET, ,CG,45.12,11.59,0.0,2.67,1.0,<Residue MET het=  resseq=1 icode= >,3qws_A_B,2.1
6,0.0,MET, ,SD,45.84,10.37,0.0,6.12,1.0,<Residue MET het=  resseq=1 icode= >,3qws_A_B,2.1
7,0.0,MET, ,CE,45.13,11.30,0.0,2.11,1.0,<Residue MET het=  resseq=1 icode= >,3qws_A_B,2.1
8,0.162,LYS, ,N,49.98,13.09,0.0,3.20,1.0,<Residue LYS het=  resseq=2 icode= >,3qws_A_B,2.1
9,0.152,LYS, ,CA,50.97,12.80,0.0,2.80,1.0,<Residue LYS het=  resseq=2 icode= >,3qws_A_B,2.1
10,0.0,LYS, ,C,48.87,12.28,0.0,3.74,1.0,<Residue LYS het=  resseq=2 icode= >,3qws_A_B,2.1
11,0.0,LYS, ,O,48.5,12.57,0.0,2.89,1.0,<Residue LYS het=  resseq=2 icode= >,3qws_A_B,2.1
12,4.956,LYS, ,CB,54.03,14.15,0.0,1.96,1.0,<Residue LYS het=  resseq=2 icode= >,3qws_A_B,2.1
13,23.294,LYS, ,CG,59.25,14.68,0.0,1.47,1.0,<Residue LYS het=  resseq=2 icode= >,3qws_A_B,2.1
14,5.975,LYS, ,CD,62.64,14.01,0.0,0.27,1.0,<Residue LYS het=  resseq=2 icode= >,3qws_A_B,2.1
15,38.574,LYS, ,CE,68.74,14.49,0.0,0.38,1.0,<Residue LYS het=  resseq=2 icode= >,3qws_A_B,2.1
16,36.335,LYS, ,NZ,70.48,13.98,0.0,0.74,1.0,<Residue LYS het=  resseq=2 icode= >,3qws_A_B,2.1
17,0.0,PRO, ,N,48.67,11.53,0.0,4.29,1.0,<Residue PRO het=  resseq=3 icode= >,3qws_A_B,2.1
18,0.0,PRO, ,CA,47.44,11.06,0.0,3.46,1.0,<Residue PRO het=  resseq=3 icode= >,3qws_A_B,2.1
19,0.0,PRO, ,C,47.84,11.42,0.0,4.17,1.0,<Residue PRO het=  resseq=3 icode= >,3qws_A_B,2.1
20,0.0,PRO, ,O,46.61,10.75,0.0,3.20,1.0,<Residue PRO het=  resseq=3 icode= >,3qws_A_B,2.1
21,0.688,PRO, ,CB,49.41,10.42,0.0,2.12,1.0,<Residue PRO het=  resseq=3 icode= >,3qws_A_B,2.1
22,1.073,PRO, ,CG,50.34,10.24,0.0,2.13,1.0,<Residue PRO het=  resseq=3 icode= >,3qws_A_B,2.1
23,3.441,PRO, ,CD,50.29,11.24,0.0,2.41,1.0,<Residue PRO het=  resseq=3 icode= >,3qws_A_B,2.1
24,1.073,GLU, ,N,49.32,11.70,0.0,3.54,1.0,<Residue GLU het=  resseq=4 icode= >,3qws_A_B,2.1
25,1.409,GLU, ,CA,50.17,11.23,0.0,3.02,1.0,<Residue GLU het=  resseq=4 icode= >,3qws_A_B,2.1
26,0.0,GLU, ,C,48.95,11.95,0.0,4.18,1.0,<Residue GLU het=  resseq=4 icode= >,3qws_A_B,2.1
27,1.132,GLU, ,O,47.48,11.50,0.0,2.95,1.0,<Residue GLU het=  resseq=4 icode= >,3qws_A_B,2.1
28,21.805,GLU, ,CB,53.29,11.40,0.0,2.12,1.0,<Residue GLU het=  resseq=4 icode= >,3qws_A_B,2.1
29,3.118,GLU, ,CG,56.42,12.76,0.0,2.20,1.0,<Residue GLU het=  resseq=4 icode= >,3qws_A_B,2.1
30,13.388,GLU, ,CD,62.83,12.97,0.0,2.23,1.0,<Residue GLU het=  resseq=4 icode= >,3qws_A_B,2.1
31,38.737,GLU, ,OE1,66.06,12.87,0.0,1.61,1.0,<Residue GLU het=  resseq=4 icode= >,3qws_A_B,2.1
32,24.021,GLU, ,OE2,65.58,13.40,0.0,1.87,1.0,<Residue GLU het=  resseq=4 icode= >,3qws_A_B,2.1
33,0.0,GLU, ,N,49.65,13.17,0.0,3.66,1.0,<Residue GLU het=  resseq=5 icode= >,3qws_A_B,2.1
34,0.027,GLU, ,CA,50.55,14.02,0.0,3.33,1.0,<Residue GLU het=  resseq=5 icode= >,3qws_A_B,2.1
35,0.0,GLU, ,C,48.61,13.55,0.0,3.88,1.0,<Residue GLU het=  resseq=5 icode= >,3qws_A_B,2.1
36,1.923,GLU, ,O,49.64,13.74,0.0,2.79,1.0,<Residue GLU het=  resseq=5 icode= >,3qws_A_B,2.1
37,5.07,GLU, ,CB,51.96,15.45,0.0,2.27,1.0,<Residue GLU het=  resseq=5 icode= >,3qws_A_B,2.1
38,5.721,GLU, ,CG,57.03,16.19,0.0,1.23,1.0,<Residue GLU het=  resseq=5 icode= >,3qws_A_B,2.1
39,8.778,GLU, ,CD,60.95,16.56,0.0,1.93,1.0,<Residue GLU het=  resseq=5 icode= >,3qws_A_B,2.1
40,41.903,GLU, ,OE1,68.12,17.68,0.0,0.67,1.0,<Residue GLU het=  resseq=5 icode= >,3qws_A_B,2.1
41,4.547,GLU, ,OE2,60.16,15.50,0.0,1.92,1.0,<Residue GLU het=  resseq=5 icode= >,3qws_A_B,2.1
42,0.0,LEU, ,N,52.18,13.10,0.0,3.29,1.0,<Residue LEU het=  resseq=6 icode= >,3qws_A_B,2.1
43,0.0,LEU, ,CA,49.69,12.73,0.0,3.05,1.0,<Residue LEU het=  resseq=6 icode= >,3qws_A_B,2.1
44,0.0,LEU, ,C,48.12,11.59,0.0,4.09,1.0,<Residue LEU het=  resseq=6 icode= >,3qws_A_B,2.1
45,0.0,LEU, ,O,47.37,11.85,0.0,2.86,1.0,<Residue LEU het=  resseq=6 icode= >,3qws_A_B,2.1
46,0.0,LEU, ,CB,48.82,11.43,0.0,2.82,1.0,<Residue LEU het=  resseq=6 icode= >,3qws_A_B,2.1
47,0.0,LEU, ,CG,47.65,10.76,0.0,3.52,1.0,<Residue LEU het=  resseq=6 icode= >,3qws_A_B,2.1
48,0.0,LEU, ,CD1,45.77,11.00,0.0,1.86,1.0,<Residue LEU het=  resseq=6 icode= >,3qws_A_B,2.1
49,0.0,LEU, ,CD2,46.25,9.33,0.0,2.12,1.0,<Residue LEU het=  resseq=6 icode= >,3qws_A_B,2.1
50,0.0,VAL, ,N,48.15,10.49,0.0,3.64,1.0,<Residue VAL het=  resseq=7 icode= >,3qws_A_B,2.1
51,0.0,VAL, ,CA,47.61,9.37,0.0,4.00,1.0,<Residue VAL het=  resseq=7 icode= >,3qws_A_B,2.1
52,0.0,VAL, ,C,49.25,9.90,0.0,4.67,1.0,<Residue VAL het=  resseq=7 icode= >,3qws_A_B,2.1
53,0.0,VAL, ,O,48.41,9.72,0.0,3.27,1.0,<Residue VAL het=  resseq=7 icode= >,3qws_A_B,2.1
54,1.394,VAL, ,CB,48.48,8.15,0.0,3.29,1.0,<Residue VAL het=  resseq=7 icode= >,3qws_A_B,2.1
55,24.767,VAL, ,CG1,48.12,7.11,0.0,1.57,1.0,<Residue VAL het=  resseq=7 icode= >,3qws_A_B,2.1
56,0.0,VAL, ,CG2,47.32,7.75,0.0,1.73,1.0,<Residue VAL het=  resseq=7 icode= >,3qws_A_B,2.1
57,0.19,ARG, ,N,51.92,10.76,0.0,3.70,1.0,<Residue ARG het=  resseq=8 icode= >,3qws_A_B,2.1
58,3.209,ARG, ,CA,54.71,11.62,0.0,2.84,1.0,<Residue ARG het=  resseq=8 icode= >,3qws_A_B,2.1
59,1.018,ARG, ,C,53.82,12.53,0.0,3.60,1.0,<Residue ARG het=  resseq=8 icode= >,3qws_A_B,2.1
60,19.636,ARG, ,O,54.46,12.92,0.0,2.65,1.0,<Residue ARG het=  resseq=8 icode= >,3qws_A_B,2.1
61,4.638,ARG, ,CB,58.11,12.57,0.0,1.83,1.0,<Residue ARG het=  resseq=8 icode= >,3qws_A_B,2.1
62,29.005,ARG, ,CG,63.75,12.09,0.0,1.12,1.0,<Residue ARG het=  resseq=8 icode= >,3qws_A_B,2.1
63,36.566,ARG, ,CD,70.31,13.26,0.0,1.62,1.0,<Residue ARG het=  resseq=8 icode= >,3qws_A_B,2.1
64,10.988,ARG, ,NE,74.8,13.48,0.0,0.87,1.0,<Residue ARG het=  resseq=8 icode= >,3qws_A_B,2.1
65,4.308,ARG, ,CZ,76.7,14.45,0.0,1.23,1.0,<Residue ARG het=  resseq=8 icode= >,3qws_A_B,2.1
66,18.146,ARG, ,NH1,79.86,14.71,0.0,1.16,1.0,<Residue ARG het=  resseq=8 icode= >,3qws_A_B,2.1
67,30.657,ARG, ,NH2,75.89,15.30,0.0,1.00,1.0,<Residue ARG het=  resseq=8 icode= >,3qws_A_B,2.1
68,0.406,HIS, ,N,52.62,13.06,0.0,2.90,1.0,<Residue HIS het=  resseq=9 icode= >,3qws_A_B,2.1
69,7.65,HIS, ,CA,52.26,14.07,0.0,2.87,1.0,<Residue HIS het=  resseq=9 icode= >,3qws_A_B,2.1
70,0.0,HIS, ,C,51.01,13.63,0.0,4.18,1.0,<Residue HIS het=  resseq=9 icode= >,3qws_A_B,2.1
71,22.75,HIS, ,O,51.69,14.37,0.0,2.95,1.0,<Residue HIS het=  resseq=9 icode= >,3qws_A_B,2.1
72,1.486,HIS, ,CB,52.06,14.77,0.0,2.15,1.0,<Residue HIS het=  resseq=9 icode= >,3qws_A_B,2.1
73,0.0,HIS, ,CG,52.96,15.96,0.0,2.96,1.0,<Residue HIS het=  resseq=9 icode= >,3qws_A_B,2.1
74,15.013,HIS, ,ND1,54.67,17.10,0.0,2.98,1.0,<Residue HIS het=  resseq=9 icode= >,3qws_A_B,2.1
75,0.125,HIS, ,CD2,52.55,16.27,0.0,3.25,1.0,<Residue HIS het=  resseq=9 icode= >,3qws_A_B,2.1
76,21.891,HIS, ,CE1,56.49,18.01,0.0,2.55,1.0,<Residue HIS het=  resseq=9 icode= >,3qws_A_B,2.1
77,10.106,HIS, ,NE2,53.5,17.44,0.0,2.79,1.0,<Residue HIS het=  resseq=9 icode= >,3qws_A_B,2.1
78,0.0,PHE, ,N,48.93,12.56,0.0,3.69,1.0,<Residue PHE het=  resseq=10 icode= >,3qws_A_B,2.1
79,2.244,PHE, ,CA,48.82,12.34,0.0,3.49,1.0,<Residue PHE het=  resseq=10 icode= >,3qws_A_B,2.1
80,1.533,PHE, ,C,49.88,11.55,0.0,4.22,1.0,<Residue PHE het=  resseq=10 icode= >,3qws_A_B,2.1
81,12.696,PHE, ,O,50.86,11.81,0.0,3.20,1.0,<Residue PHE het=  resseq=10 icode= >,3qws_A_B,2.1
82,0.056,PHE, ,CB,47.6,11.95,0.0,2.41,1.0,<Residue PHE het=  resseq=10 icode= >,3qws_A_B,2.1
83,0.0,PHE, ,CG,47.05,13.15,0.0,2.71,1.0,<Residue PHE het=  resseq=10 icode= >,3qws_A_B,2.1
84,16.492,PHE, ,CD1,46.93,14.26,0.0,2.55,1.0,<Residue PHE het=  resseq=10 icode= >,3qws_A_B,2.1
85,0.0,PHE, ,CD2,45.98,13.30,0.0,2.59,1.0,<Residue PHE het=  resseq=10 icode= >,3qws_A_B,2.1
86,21.786,PHE, ,CE1,47.87,14.62,0.0,2.44,1.0,<Residue PHE het=  resseq=10 icode= >,3qws_A_B,2.1
87,0.0,PHE, ,CE2,46.17,13.36,0.0,2.08,1.0,<Residue PHE het=  resseq=10 icode= >,3qws_A_B,2.1
88,2.073,PHE, ,CZ,48.55,14.05,0.0,2.15,1.0,<Residue PHE het=  resseq=10 icode= >,3qws_A_B,2.1
89,0.0,GLY, ,N,50.21,10.81,0.0,3.29,1.0,<Residue GLY het=  resseq=11 icode= >,3qws_A_B,2.1
90,23.706,GLY, ,CA,51.62,10.34,0.0,2.51,1.0,<Residue GLY het=  resseq=11 icode= >,3qws_A_B,2.1
91,1.781,GLY, ,C,50.92,8.85,0.0,3.90,1.0,<Residue GLY het=  resseq=11 icode= >,3qws_A_B,2.1
92,26.873,GLY, ,O,52.69,8.52,0.0,2.78,1.0,<Residue GLY het=  resseq=11 icode= >,3qws_A_B,2.1
93,0.0,ASP, ,N,49.0,8.10,0.0,3.48,1.0,<Residue ASP het=  resseq=12 icode= >,3qws_A_B,2.1
94,1.273,ASP, ,CA,48.76,6.64,0.0,3.13,1.0,<Residue ASP het=  resseq=12 icode= >,3qws_A_B,2.1
95,0.0,ASP, ,C,46.62,6.35,0.0,4.33,1.0,<Residue ASP het=  resseq=12 icode= >,3qws_A_B,2.1
96,0.0,ASP, ,O,44.77,7.41,0.0,3.29,1.0,<Residue ASP het=  resseq=12 icode= >,3qws_A_B,2.1
97,28.223,ASP, ,CB,50.51,6.16,0.0,2.45,1.0,<Residue ASP het=  resseq=12 icode= >,3qws_A_B,2.1
98,2.448,ASP, ,CG,51.94,6.79,0.0,4.20,1.0,<Residue ASP het=  resseq=12 icode= >,3qws_A_B,2.1
99,0.0,ASP, ,OD1,48.71,7.28,0.0,2.94,1.0,<Residue ASP het=  resseq=12 icode= >,3qws_A_B,2.1
100,29.904,ASP, ,OD2,55.4,6.63,0.0,2.36,1.0,<Residue ASP het=  resseq=12 icode= >,3qws_A_B,2.1
101,1.919,VAL, ,N,46.2,5.15,0.579,3.74,1.0,<Residue VAL het=  resseq=13 icode= >,3qws_A_B,2.1
102,0.0,VAL, ,CA,45.16,5.31,0.0,3.36,1.0,<Residue VAL het=  resseq=13 icode= >,3qws_A_B,2.1
103,0.0,VAL, ,C,45.55,6.23,0.0,4.40,1.0,<Residue VAL het=  resseq=13 icode= >,3qws_A_B,2.1
104,0.0,VAL, ,O,44.64,7.27,0.0,3.82,1.0,<Residue VAL het=  resseq=13 icode= >,3qws_A_B,2.1
105,2.504,VAL, ,CB,46.66,4.18,1.198,2.95,1.0,<Residue VAL het=  resseq=13 icode= >,3qws_A_B,2.1
106,0.192,VAL, ,CG1,45.55,5.03,0.0,2.35,1.0,<Residue VAL het=  resseq=13 icode= >,3qws_A_B,2.1
107,13.074,VAL, ,CG2,46.65,3.91,5.83,1.58,1.0,<Residue VAL het=  resseq=13 icode= >,3qws_A_B,2.1
108,2.708,GLU, ,N,47.32,6.12,0.0,4.10,1.0,<Residue GLU het=  resseq=14 icode= >,3qws_A_B,2.1
109,0.107,GLU, ,CA,49.08,7.29,0.0,3.78,1.0,<Residue GLU het=  resseq=14 icode= >,3qws_A_B,2.1
110,0.0,GLU, ,C,48.15,8.56,0.0,4.59,1.0,<Residue GLU het=  resseq=14 icode= >,3qws_A_B,2.1
111,0.0,GLU, ,O,48.81,9.56,0.0,3.21,1.0,<Residue GLU het=  resseq=14 icode= >,3qws_A_B,2.1
112,21.347,GLU, ,CB,51.94,6.88,0.0,2.92,1.0,<Residue GLU het=  resseq=14 icode= >,3qws_A_B,2.1
113,26.036,GLU, ,CG,57.07,7.83,0.0,2.27,1.0,<Residue GLU het=  resseq=14 icode= >,3qws_A_B,2.1
114,7.211,GLU, ,CD,63.14,8.65,0.0,2.22,1.0,<Residue GLU het=  resseq=14 icode= >,3qws_A_B,2.1
115,4.272,GLU, ,OE1,66.35,8.40,0.0,0.73,1.0,<Residue GLU het=  resseq=14 icode= >,3qws_A_B,2.1
116,33.615,GLU, ,OE2,69.73,9.34,0.0,1.10,1.0,<Residue GLU het=  resseq=14 icode= >,3qws_A_B,2.1
117,0.0,LYS, ,N,47.6,8.67,0.0,4.32,1.0,<Residue LYS het=  resseq=15 icode= >,3qws_A_B,2.1
118,1.987,LYS, ,CA,48.27,10.00,0.0,3.60,1.0,<Residue LYS het=  resseq=15 icode= >,3qws_A_B,2.1
119,0.0,LYS, ,C,47.31,10.44,0.0,3.97,1.0,<Residue LYS het=  resseq=15 icode= >,3qws_A_B,2.1
120,2.703,LYS, ,O,47.29,11.63,0.0,3.25,1.0,<Residue LYS het=  resseq=15 icode= >,3qws_A_B,2.1
121,4.761,LYS, ,CB,49.29,10.26,0.0,2.52,1.0,<Residue LYS het=  resseq=15 icode= >,3qws_A_B,2.1
122,15.112,LYS, ,CG,50.75,10.36,0.0,2.42,1.0,<Residue LYS het=  resseq=15 icode= >,3qws_A_B,2.1
123,10.85,LYS, ,CD,52.33,10.78,0.0,1.99,1.0,<Residue LYS het=  resseq=15 icode= >,3qws_A_B,2.1
124,34.029,LYS, ,CE,54.23,10.30,0.0,1.64,1.0,<Residue LYS het=  resseq=15 icode= >,3qws_A_B,2.1
125,45.516,LYS, ,NZ,56.13,10.99,0.0,1.29,1.0,<Residue LYS het=  resseq=15 icode= >,3qws_A_B,2.1
126,0.0,ALA, ,N,46.06,9.62,0.0,3.20,1.0,<Residue ALA het=  resseq=16 icode= >,3qws_A_B,2.1
127,0.0,ALA, ,CA,45.16,10.23,0.0,3.26,1.0,<Residue ALA het=  resseq=16 icode= >,3qws_A_B,2.1
128,0.0,ALA, ,C,44.2,9.93,0.0,5.01,1.0,<Residue ALA het=  resseq=16 icode= >,3qws_A_B,2.1
129,0.0,ALA, ,O,44.2,9.81,0.0,3.68,1.0,<Residue ALA het=  resseq=16 icode= >,3qws_A_B,2.1
130,0.0,ALA, ,CB,44.5,9.40,0.0,2.12,1.0,<Residue ALA het=  resseq=16 icode= >,3qws_A_B,2.1
131,0.0,ALA, ,N,43.51,9.08,0.0,4.44,1.0,<Residue ALA het=  resseq=17 icode= >,3qws_A_B,2.1
132,0.0,ALA, ,CA,43.07,7.79,0.0,3.76,1.0,<Residue ALA het=  resseq=17 icode= >,3qws_A_B,2.1
133,0.0,ALA, ,C,43.84,7.94,0.0,4.16,1.0,<Residue ALA het=  resseq=17 icode= >,3qws_A_B,2.1
134,0.0,ALA, ,O,44.07,7.21,0.0,3.37,1.0,<Residue ALA het=  resseq=17 icode= >,3qws_A_B,2.1
135,0.631,ALA, ,CB,41.91,7.25,0.0,2.60,1.0,<Residue ALA het=  resseq=17 icode= >,3qws_A_B,2.1
136,0.0,VAL, ,N,44.4,8.85,0.0,3.64,1.0,<Residue VAL het=  resseq=18 icode= >,3qws_A_B,2.1
137,5.792,VAL, ,CA,45.58,9.19,0.0,3.37,1.0,<Residue VAL het=  resseq=18 icode= >,3qws_A_B,2.1
138,0.0,VAL, ,C,45.6,9.62,0.0,4.30,1.0,<Residue VAL het=  resseq=18 icode= >,3qws_A_B,2.1
139,13.958,VAL, ,O,46.35,9.40,0.0,3.06,1.0,<Residue VAL het=  resseq=18 icode= >,3qws_A_B,2.1
140,1.632,VAL, ,CB,46.34,10.44,0.0,3.19,1.0,<Residue VAL het=  resseq=18 icode= >,3qws_A_B,2.1
141,57.948,VAL, ,CG1,49.27,11.12,0.0,1.13,1.0,<Residue VAL het=  resseq=18 icode= >,3qws_A_B,2.1
142,30.601,VAL, ,CG2,47.2,10.29,0.0,1.81,1.0,<Residue VAL het=  resseq=18 icode= >,3qws_A_B,2.1
143,0.227,GLY, ,N,45.6,10.43,0.0,4.04,1.0,<Residue GLY het=  resseq=19 icode= >,3qws_A_B,2.1
144,13.216,GLY, ,CA,46.1,11.16,0.0,2.91,1.0,<Residue GLY het=  resseq=19 icode= >,3qws_A_B,2.1
145,0.372,GLY, ,C,45.58,10.48,0.0,4.18,1.0,<Residue GLY het=  resseq=19 icode= >,3qws_A_B,2.1
146,18.24,GLY, ,O,45.86,11.11,0.0,3.38,1.0,<Residue GLY het=  resseq=19 icode= >,3qws_A_B,2.1
147,0.0,VAL, ,N,45.18,9.37,0.0,3.65,1.0,<Residue VAL het=  resseq=20 icode= >,3qws_A_B,2.1
148,0.139,VAL, ,CA,43.94,8.91,0.0,3.83,1.0,<Residue VAL het=  resseq=20 icode= >,3qws_A_B,2.1
149,2.689,VAL, ,C,43.69,7.61,0.0,4.82,1.0,<Residue VAL het=  resseq=20 icode= >,3qws_A_B,2.1
150,3.433,VAL, ,O,43.94,7.35,0.0,2.64,1.0,<Residue VAL het=  resseq=20 icode= >,3qws_A_B,2.1
151,0.598,VAL, ,CB,43.99,8.79,0.0,3.60,1.0,<Residue VAL het=  resseq=20 icode= >,3qws_A_B,2.1
152,0.032,VAL, ,CG1,43.83,9.83,0.0,2.05,1.0,<Residue VAL het=  resseq=20 icode= >,3qws_A_B,2.1
153,0.0,VAL, ,CG2,42.22,7.93,0.0,2.20,1.0,<Residue VAL het=  resseq=20 icode= >,3qws_A_B,2.1
154,0.633,GLY, ,N,44.04,7.03,0.0,4.34,1.0,<Residue GLY het=  resseq=21 icode= >,3qws_A_B,2.1
155,32.24,GLY, ,CA,44.55,6.03,0.0,3.26,1.0,<Residue GLY het=  resseq=21 icode= >,3qws_A_B,2.1
156,4.259,GLY, ,C,44.14,4.57,0.0,4.20,1.0,<Residue GLY het=  resseq=21 icode= >,3qws_A_B,2.1
157,27.573,GLY, ,O,45.29,3.88,4.891,2.96,1.0,<Residue GLY het=  resseq=21 icode= >,3qws_A_B,2.1
158,0.0,VAL, ,N,43.63,4.42,0.0,3.81,1.0,<Residue VAL het=  resseq=22 icode= >,3qws_A_B,2.1
159,7.36,VAL, ,CA,42.66,3.35,6.747,3.54,1.0,<Residue VAL het=  resseq=22 icode= >,3qws_A_B,2.1
160,3.654,VAL, ,C,43.18,3.81,0.211,4.27,1.0,<Residue VAL het=  resseq=22 icode= >,3qws_A_B,2.1
161,8.98,VAL, ,O,43.02,4.89,0.0,3.70,1.0,<Residue VAL het=  resseq=22 icode= >,3qws_A_B,2.1
162,2.04,VAL, ,CB,42.13,3.74,2.04,3.40,1.0,<Residue VAL het=  resseq=22 icode= >,3qws_A_B,2.1
163,7.12,VAL, ,CG1,41.89,4.27,6.591,1.53,1.0,<Residue VAL het=  resseq=22 icode= >,3qws_A_B,2.1
164,0.0,VAL, ,CG2,38.87,4.74,0.0,2.62,1.0,<Residue VAL het=  resseq=22 icode= >,3qws_A_B,2.1
165,2.05,THR, ,N,43.26,2.96,2.05,4.20,1.0,<Residue THR het=  resseq=23 icode= >,3qws_A_B,2.1
166,1.416,THR, ,CA,43.56,3.71,0.0,3.73,1.0,<Residue THR het=  resseq=23 icode= >,3qws_A_B,2.1
167,0.0,THR, ,C,43.57,4.39,0.0,3.95,1.0,<Residue THR het=  resseq=23 icode= >,3qws_A_B,2.1
168,0.0,THR, ,O,43.39,4.16,0.0,3.23,1.0,<Residue THR het=  resseq=23 icode= >,3qws_A_B,2.1
169,7.636,THR, ,CB,43.89,3.42,1.922,3.39,1.0,<Residue THR het=  resseq=23 icode= >,3qws_A_B,2.1
170,15.474,THR, ,OG1,43.73,2.57,15.374,3.18,1.0,<Residue THR het=  resseq=23 icode= >,3qws_A_B,2.1
171,66.245,THR, ,CG2,44.1,3.61,38.169,2.05,1.0,<Residue THR het=  resseq=23 icode= >,3qws_A_B,2.1
172,0.0,PRO, ,N,43.63,5.63,0.0,3.57,1.0,<Residue PRO het=  resseq=24 icode= >,3qws_A_B,2.1
173,0.0,PRO, ,CA,43.51,6.57,0.0,3.00,1.0,<Residue PRO het=  resseq=24 icode= >,3qws_A_B,2.1
174,0.0,PRO, ,C,43.38,6.16,0.0,4.59,1.0,<Residue PRO het=  resseq=24 icode= >,3qws_A_B,2.1
175,0.0,PRO, ,O,43.0,5.90,0.0,3.42,1.0,<Residue PRO het=  resseq=24 icode= >,3qws_A_B,2.1
176,11.53,PRO, ,CB,44.04,5.32,5.818,2.51,1.0,<Residue PRO het=  resseq=24 icode= >,3qws_A_B,2.1
177,20.355,PRO, ,CG,45.15,5.99,0.06,2.28,1.0,<Residue PRO het=  resseq=24 icode= >,3qws_A_B,2.1
178,20.556,PRO, ,CD,44.46,6.46,0.0,2.76,1.0,<Residue PRO het=  resseq=24 icode= >,3qws_A_B,2.1
179,4.796,GLY, ,N,43.14,5.73,0.0,3.91,1.0,<Residue GLY het=  resseq=25 icode= >,3qws_A_B,2.1
180,29.82,GLY, ,CA,43.61,4.66,23.11,2.16,1.0,<Residue GLY het=  resseq=25 icode= >,3qws_A_B,2.1
181,1.28,GLY, ,C,43.11,4.22,1.28,3.44,1.0,<Residue GLY het=  resseq=25 icode= >,3qws_A_B,2.1
182,1.165,GLY, ,O,43.2,4.50,0.167,2.90,1.0,<Residue GLY het=  resseq=25 icode= >,3qws_A_B,2.1
183,1.414,ALA, ,N,42.21,3.82,1.414,3.16,1.0,<Residue ALA het=  resseq=26 icode= >,3qws_A_B,2.1
184,1.453,ALA, ,CA,41.66,3.84,1.453,3.53,1.0,<Residue ALA het=  resseq=26 icode= >,3qws_A_B,2.1
185,0.0,ALA, ,C,41.77,5.29,0.0,4.44,1.0,<Residue ALA het=  resseq=26 icode= >,3qws_A_B,2.1
186,0.0,ALA, ,O,41.12,4.98,0.0,4.33,1.0,<Residue ALA het=  resseq=26 icode= >,3qws_A_B,2.1
187,18.533,ALA, ,CB,41.54,3.53,18.533,2.02,1.0,<Residue ALA het=  resseq=26 icode= >,3qws_A_B,2.1
188,0.0,VAL, ,N,41.17,6.22,0.0,3.99,1.0,<Residue VAL het=  resseq=27 icode= >,3qws_A_B,2.1
189,0.0,VAL, ,CA,41.06,7.20,0.0,3.44,1.0,<Residue VAL het=  resseq=27 icode= >,3qws_A_B,2.1
190,0.0,VAL, ,C,41.9,7.22,0.0,4.10,1.0,<Residue VAL het=  resseq=27 icode= >,3qws_A_B,2.1
191,0.0,VAL, ,O,41.52,7.15,0.0,3.84,1.0,<Residue VAL het=  resseq=27 icode= >,3qws_A_B,2.1
192,0.0,VAL, ,CB,41.34,8.05,0.0,3.23,1.0,<Residue VAL het=  resseq=27 icode= >,3qws_A_B,2.1
193,0.0,VAL, ,CG1,39.08,8.09,0.0,2.45,1.0,<Residue VAL het=  resseq=27 icode= >,3qws_A_B,2.1
194,0.0,VAL, ,CG2,40.89,7.32,0.0,1.87,1.0,<Residue VAL het=  resseq=27 icode= >,3qws_A_B,2.1
195,0.0,TYR, ,N,42.27,5.93,0.0,3.64,1.0,<Residue TYR het=  resseq=28 icode= >,3qws_A_B,2.1
196,0.044,TYR, ,CA,42.68,4.88,0.044,2.92,1.0,<Residue TYR het=  resseq=28 icode= >,3qws_A_B,2.1
197,1.584,TYR, ,C,43.21,5.04,0.0,4.29,1.0,<Residue TYR het=  resseq=28 icode= >,3qws_A_B,2.1
198,2.982,TYR, ,O,43.8,4.55,2.511,3.35,1.0,<Residue TYR het=  resseq=28 icode= >,3qws_A_B,2.1
199,20.101,TYR, ,CB,43.02,3.63,16.501,2.55,1.0,<Residue TYR het=  resseq=28 icode= >,3qws_A_B,2.1
200,2.18,TYR, ,CG,42.74,3.51,2.18,2.86,1.0,<Residue TYR het=  resseq=28 icode= >,3qws_A_B,2.1
201,10.44,TYR, ,CD1,43.36,3.30,9.973,2.38,1.0,<Residue TYR het=  resseq=28 icode= >,3qws_A_B,2.1
202,13.196,TYR, ,CD2,43.22,3.93,11.333,2.65,1.0,<Residue TYR het=  resseq=28 icode= >,3qws_A_B,2.1
203,16.484,TYR, ,CE1,45.03,3.74,16.462,2.65,1.0,<Residue TYR het=  resseq=28 icode= >,3qws_A_B,2.1
204,19.442,TYR, ,CE2,44.46,3.33,17.415,2.23,1.0,<Residue TYR het=  resseq=28 icode= >,3qws_A_B,2.1
205,4.723,TYR, ,CZ,43.5,3.32,4.723,3.79,1.0,<Residue TYR het=  resseq=28 icode= >,3qws_A_B,2.1
206,33.991,TYR, ,OH,44.56,2.45,28.993,3.97,1.0,<Residue TYR het=  resseq=28 icode= >,3qws_A_B,2.1
207,0.248,GLN, ,N,43.29,6.11,0.0,3.87,1.0,<Residue GLN het=  resseq=29 icode= >,3qws_A_B,2.1
208,4.837,GLN, ,CA,44.25,6.12,0.0,3.25,1.0,<Residue GLN het=  resseq=29 icode= >,3qws_A_B,2.1
209,0.537,GLN, ,C,44.57,7.04,0.0,4.02,1.0,<Residue GLN het=  resseq=29 icode= >,3qws_A_B,2.1
210,2.314,GLN, ,O,45.12,7.49,0.0,2.70,1.0,<Residue GLN het=  resseq=29 icode= >,3qws_A_B,2.1
211,10.33,GLN, ,CB,44.31,5.67,0.0,2.77,1.0,<Residue GLN het=  resseq=29 icode= >,3qws_A_B,2.1
212,23.832,GLN, ,CG,44.27,4.39,13.674,2.95,1.0,<Residue GLN het=  resseq=29 icode= >,3qws_A_B,2.1
213,6.099,GLN, ,CD,45.3,3.90,2.549,4.30,1.0,<Residue GLN het=  resseq=29 icode= >,3qws_A_B,2.1
214,21.112,GLN, ,OE1,47.49,3.53,18.25,2.51,1.0,<Residue GLN het=  resseq=29 icode= >,3qws_A_B,2.1
215,53.386,GLN, ,NE2,47.18,2.85,52.835,2.31,1.0,<Residue GLN het=  resseq=29 icode= >,3qws_A_B,2.1
216,0.0,TRP, ,N,43.39,6.48,0.0,3.67,1.0,<Residue TRP het=  resseq=30 icode= >,3qws_A_B,2.1
217,0.316,TRP, ,CA,43.19,6.81,0.0,3.86,1.0,<Residue TRP het=  resseq=30 icode= >,3qws_A_B,2.1
218,0.0,TRP, ,C,44.24,8.32,0.0,4.33,1.0,<Residue TRP het=  resseq=30 icode= >,3qws_A_B,2.1
219,0.0,TRP, ,O,44.63,8.97,0.0,3.34,1.0,<Residue TRP het=  resseq=30 icode= >,3qws_A_B,2.1
220,0.0,TRP, ,CB,43.04,6.43,0.0,1.81,1.0,<Residue TRP het=  resseq=30 icode= >,3qws_A_B,2.1
221,0.0,TRP, ,CG,42.76,4.99,0.0,2.98,1.0,<Residue TRP het=  resseq=30 icode= >,3qws_A_B,2.1
222,5.717,TRP, ,CD1,42.55,3.88,0.078,2.85,1.0,<Residue TRP het=  resseq=30 icode= >,3qws_A_B,2.1
223,0.0,TRP, ,CD2,41.18,4.83,0.0,3.28,1.0,<Residue TRP het=  resseq=30 icode= >,3qws_A_B,2.1
224,8.647,TRP, ,NE1,43.82,2.75,8.621,3.41,1.0,<Residue TRP het=  resseq=30 icode= >,3qws_A_B,2.1
225,0.0,TRP, ,CE2,40.94,3.53,0.0,3.18,1.0,<Residue TRP het=  resseq=30 icode= >,3qws_A_B,2.1
226,0.0,TRP, ,CE3,39.21,5.96,0.0,2.77,1.0,<Residue TRP het=  resseq=30 icode= >,3qws_A_B,2.1
227,2.917,TRP, ,CZ2,41.6,3.68,2.917,1.99,1.0,<Residue TRP het=  resseq=30 icode= >,3qws_A_B,2.1
228,0.0,TRP, ,CZ3,40.11,6.03,0.0,2.39,1.0,<Residue TRP het=  resseq=30 icode= >,3qws_A_B,2.1
229,0.0,TRP, ,CH2,39.3,5.01,0.0,2.68,1.0,<Residue TRP het=  resseq=30 icode= >,3qws_A_B,2.1
230,0.0,LEU, ,N,44.16,7.30,0.0,4.08,1.0,<Residue LEU het=  resseq=31 icode= >,3qws_A_B,2.1
231,0.181,LEU, ,CA,45.48,6.91,0.0,2.92,1.0,<Residue LEU het=  resseq=31 icode= >,3qws_A_B,2.1
232,0.914,LEU, ,C,46.36,6.60,0.0,4.09,1.0,<Residue LEU het=  resseq=31 icode= >,3qws_A_B,2.1
233,17.063,LEU, ,O,47.8,7.34,0.0,3.14,1.0,<Residue LEU het=  resseq=31 icode= >,3qws_A_B,2.1
234,11.77,LEU, ,CB,45.23,6.00,0.505,2.35,1.0,<Residue LEU het=  resseq=31 icode= >,3qws_A_B,2.1
235,0.0,LEU, ,CG,44.61,6.89,0.0,3.08,1.0,<Residue LEU het=  resseq=31 icode= >,3qws_A_B,2.1
236,11.466,LEU, ,CD1,41.51,6.33,0.0,1.83,1.0,<Residue LEU het=  resseq=31 icode= >,3qws_A_B,2.1
237,22.371,LEU, ,CD2,44.92,7.91,0.0,2.25,1.0,<Residue LEU het=  resseq=31 icode= >,3qws_A_B,2.1
238,0.017,GLN, ,N,45.32,5.88,0.0,4.08,1.0,<Residue GLN het=  resseq=32 icode= >,3qws_A_B,2.1
239,9.277,GLN, ,CA,47.08,5.94,0.0,3.31,1.0,<Residue GLN het=  resseq=32 icode= >,3qws_A_B,2.1
240,0.285,GLN, ,C,47.94,7.41,0.0,3.71,1.0,<Residue GLN het=  resseq=32 icode= >,3qws_A_B,2.1
241,23.635,GLN, ,O,49.18,7.95,0.0,2.62,1.0,<Residue GLN het=  resseq=32 icode= >,3qws_A_B,2.1
242,8.923,GLN, ,CB,47.0,5.17,4.422,2.73,1.0,<Residue GLN het=  resseq=32 icode= >,3qws_A_B,2.1
243,25.17,GLN, ,CG,48.68,4.97,1.093,2.09,1.0,<Residue GLN het=  resseq=32 icode= >,3qws_A_B,2.1
244,9.612,GLN, ,CD,50.13,3.58,4.696,2.83,1.0,<Residue GLN het=  resseq=32 icode= >,3qws_A_B,2.1
245,35.316,GLN, ,OE1,50.39,3.69,17.32,2.10,1.0,<Residue GLN het=  resseq=32 icode= >,3qws_A_B,2.1
246,59.169,GLN, ,NE2,52.78,2.64,30.094,1.53,1.0,<Residue GLN het=  resseq=32 icode= >,3qws_A_B,2.1
247,0.87,ALA, ,N,46.69,8.10,0.0,3.76,1.0,<Residue ALA het=  resseq=33 icode= >,3qws_A_B,2.1
248,11.513,ALA, ,CA,47.18,9.53,0.0,3.71,1.0,<Residue ALA het=  resseq=33 icode= >,3qws_A_B,2.1
249,1.545,ALA, ,C,47.6,10.33,0.0,4.73,1.0,<Residue ALA het=  resseq=33 icode= >,3qws_A_B,2.1
250,20.944,ALA, ,O,49.07,10.72,0.0,2.77,1.0,<Residue ALA het=  resseq=33 icode= >,3qws_A_B,2.1
251,33.819,ALA, ,CB,46.65,8.87,0.0,2.11,1.0,<Residue ALA het=  resseq=33 icode= >,3qws_A_B,2.1
252,0.0,GLY, ,N,46.86,9.89,0.0,3.93,1.0,<Residue GLY het=  resseq=34 icode= >,3qws_A_B,2.1
253,28.386,GLY, ,CA,47.92,10.90,0.0,2.72,1.0,<Residue GLY het=  resseq=34 icode= >,3qws_A_B,2.1
254,1.509,GLY, ,C,48.24,11.40,0.0,4.15,1.0,<Residue GLY het=  resseq=34 icode= >,3qws_A_B,2.1
255,4.175,GLY, ,O,49.53,12.06,0.0,2.89,1.0,<Residue GLY het=  resseq=34 icode= >,3qws_A_B,2.1
256,0.0,GLU, ,N,47.29,10.12,0.0,3.41,1.0,<Residue GLU het=  resseq=35 icode= >,3qws_A_B,2.1
257,0.711,GLU, ,CA,47.89,9.53,0.0,2.80,1.0,<Residue GLU het=  resseq=35 icode= >,3qws_A_B,2.1
258,0.0,GLU, ,C,45.7,8.18,0.0,4.21,1.0,<Residue GLU het=  resseq=35 icode= >,3qws_A_B,2.1
259,1.984,GLU, ,O,44.64,7.30,0.0,3.57,1.0,<Residue GLU het=  resseq=35 icode= >,3qws_A_B,2.1
260,12.573,GLU, ,CB,50.16,8.90,0.0,3.02,1.0,<Residue GLU het=  resseq=35 icode= >,3qws_A_B,2.1
261,6.646,GLU, ,CG,53.67,7.72,0.0,1.34,1.0,<Residue GLU het=  resseq=35 icode= >,3qws_A_B,2.1
262,13.235,GLU, ,CD,60.27,7.56,0.0,1.10,1.0,<Residue GLU het=  resseq=35 icode= >,3qws_A_B,2.1
263,36.903,GLU, ,OE1,63.52,7.85,0.0,0.68,1.0,<Residue GLU het=  resseq=35 icode= >,3qws_A_B,2.1
264,35.549,GLU, ,OE2,66.47,7.47,0.0,0.54,1.0,<Residue GLU het=  resseq=35 icode= >,3qws_A_B,2.1
265,0.262,ILE, ,N,44.65,8.07,0.0,3.25,1.0,<Residue ILE het=  resseq=36 icode= >,3qws_A_B,2.1
266,0.0,ILE, ,CA,43.21,6.70,0.0,3.29,1.0,<Residue ILE het=  resseq=36 icode= >,3qws_A_B,2.1
267,0.0,ILE, ,C,43.47,6.30,0.0,4.79,1.0,<Residue ILE het=  resseq=36 icode= >,3qws_A_B,2.1
268,3.223,ILE, ,O,44.14,7.00,0.0,4.13,1.0,<Residue ILE het=  resseq=36 icode= >,3qws_A_B,2.1
269,0.0,ILE, ,CB,43.0,6.93,0.0,2.96,1.0,<Residue ILE het=  resseq=36 icode= >,3qws_A_B,2.1
270,0.0,ILE, ,CG1,41.76,7.76,0.0,2.93,1.0,<Residue ILE het=  resseq=36 icode= >,3qws_A_B,2.1
271,0.0,ILE, ,CG2,41.65,5.78,0.0,2.23,1.0,<Residue ILE het=  resseq=36 icode= >,3qws_A_B,2.1
272,0.0,ILE, ,CD1,39.95,8.48,0.0,2.26,1.0,<Residue ILE het=  resseq=36 icode= >,3qws_A_B,2.1
273,0.004,PRO, ,N,43.02,5.13,0.0,4.47,1.0,<Residue PRO het=  resseq=37 icode= >,3qws_A_B,2.1
274,5.445,PRO, ,CA,44.2,4.46,0.049,3.53,1.0,<Residue PRO het=  resseq=37 icode= >,3qws_A_B,2.1
275,0.0,PRO, ,C,44.51,4.81,0.0,4.08,1.0,<Residue PRO het=  resseq=37 icode= >,3qws_A_B,2.1
276,0.0,PRO, ,O,44.35,5.44,0.0,3.59,1.0,<Residue PRO het=  resseq=37 icode= >,3qws_A_B,2.1
277,22.769,PRO, ,CB,43.76,3.64,21.159,2.79,1.0,<Residue PRO het=  resseq=37 icode= >,3qws_A_B,2.1
278,31.942,PRO, ,CG,43.75,3.57,21.622,2.77,1.0,<Residue PRO het=  resseq=37 icode= >,3qws_A_B,2.1
279,1.143,PRO, ,CD,42.74,4.12,0.0,3.01,1.0,<Residue PRO het=  resseq=37 icode= >,3qws_A_B,2.1
280,0.0,PRO, ,N,45.76,4.45,0.0,3.50,1.0,<Residue PRO het=  resseq=38 icode= >,3qws_A_B,2.1
281,4.69,PRO, ,CA,45.6,5.50,0.661,2.57,1.0,<Residue PRO het=  resseq=38 icode= >,3qws_A_B,2.1
282,1.476,PRO, ,C,44.77,6.00,1.476,3.81,1.0,<Residue PRO het=  resseq=38 icode= >,3qws_A_B,2.1
283,4.22,PRO, ,O,43.47,7.21,3.213,3.10,1.0,<Residue PRO het=  resseq=38 icode= >,3qws_A_B,2.1
284,35.909,PRO, ,CB,46.8,5.35,16.14,2.26,1.0,<Residue PRO het=  resseq=38 icode= >,3qws_A_B,2.1
285,30.27,PRO, ,CG,47.55,3.90,5.665,2.14,1.0,<Residue PRO het=  resseq=38 icode= >,3qws_A_B,2.1
286,26.938,PRO, ,CD,47.0,3.47,9.182,2.56,1.0,<Residue PRO het=  resseq=38 icode= >,3qws_A_B,2.1
287,0.4,LEU, ,N,44.64,5.36,0.244,3.49,1.0,<Residue LEU het=  resseq=39 icode= >,3qws_A_B,2.1
288,1.331,LEU, ,CA,44.83,6.35,1.331,3.00,1.0,<Residue LEU het=  resseq=39 icode= >,3qws_A_B,2.1
289,1.053,LEU, ,C,43.27,6.17,1.053,4.41,1.0,<Residue LEU het=  resseq=39 icode= >,3qws_A_B,2.1
290,3.809,LEU, ,O,43.2,6.94,3.809,3.60,1.0,<Residue LEU het=  resseq=39 icode= >,3qws_A_B,2.1
291,19.535,LEU, ,CB,45.47,6.05,12.027,3.15,1.0,<Residue LEU het=  resseq=39 icode= >,3qws_A_B,2.1
292,12.186,LEU, ,CG,47.62,6.50,12.186,3.06,1.0,<Residue LEU het=  resseq=39 icode= >,3qws_A_B,2.1
293,43.391,LEU, ,CD1,50.16,5.70,19.5,1.12,1.0,<Residue LEU het=  resseq=39 icode= >,3qws_A_B,2.1
294,67.041,LEU, ,CD2,50.81,5.41,49.079,1.11,1.0,<Residue LEU het=  resseq=39 icode= >,3qws_A_B,2.1
295,2.062,ARG, ,N,43.11,4.98,1.361,3.25,1.0,<Residue ARG het=  resseq=40 icode= >,3qws_A_B,2.1
296,1.875,ARG, ,CA,42.37,4.65,1.875,3.24,1.0,<Residue ARG het=  resseq=40 icode= >,3qws_A_B,2.1
297,0.0,ARG, ,C,42.41,5.89,0.0,3.94,1.0,<Residue ARG het=  resseq=40 icode= >,3qws_A_B,2.1
298,0.0,ARG, ,O,42.14,6.57,0.0,3.62,1.0,<Residue ARG het=  resseq=40 icode= >,3qws_A_B,2.1
299,3.902,ARG, ,CB,42.1,3.40,3.469,3.16,1.0,<Residue ARG het=  resseq=40 icode= >,3qws_A_B,2.1
300,0.0,ARG, ,CG,42.24,3.64,0.0,2.26,1.0,<Residue ARG het=  resseq=40 icode= >,3qws_A_B,2.1
301,0.131,ARG, ,CD,42.71,3.93,0.0,2.40,1.0,<Residue ARG het=  resseq=40 icode= >,3qws_A_B,2.1
302,4.6,ARG, ,NE,43.13,3.06,4.6,3.52,1.0,<Residue ARG het=  resseq=40 icode= >,3qws_A_B,2.1
303,3.129,ARG, ,CZ,42.79,3.63,3.129,4.48,1.0,<Residue ARG het=  resseq=40 icode= >,3qws_A_B,2.1
304,13.184,ARG, ,NH1,41.7,4.86,7.21,3.12,1.0,<Residue ARG het=  resseq=40 icode= >,3qws_A_B,2.1
305,50.655,ARG, ,NH2,44.01,2.96,34.241,3.28,1.0,<Residue ARG het=  resseq=40 icode= >,3qws_A_B,2.1
306,0.0,GLN, ,N,42.23,6.48,0.0,3.95,1.0,<Residue GLN het=  resseq=41 icode= >,3qws_A_B,2.1
307,0.0,GLN, ,CA,42.58,7.83,0.0,3.54,1.0,<Residue GLN het=  resseq=41 icode= >,3qws_A_B,2.1
308,0.0,GLN, ,C,42.67,8.78,0.0,4.18,1.0,<Residue GLN het=  resseq=41 icode= >,3qws_A_B,2.1
309,0.0,GLN, ,O,42.81,9.60,0.0,3.20,1.0,<Residue GLN het=  resseq=41 icode= >,3qws_A_B,2.1
310,1.938,GLN, ,CB,42.99,8.54,0.0,2.86,1.0,<Residue GLN het=  resseq=41 icode= >,3qws_A_B,2.1
311,0.0,GLN, ,CG,43.09,8.30,0.0,2.94,1.0,<Residue GLN het=  resseq=41 icode= >,3qws_A_B,2.1
312,0.694,GLN, ,CD,45.06,9.48,0.0,4.14,1.0,<Residue GLN het=  resseq=41 icode= >,3qws_A_B,2.1
313,0.0,GLN, ,OE1,45.26,10.63,0.0,4.20,1.0,<Residue GLN het=  resseq=41 icode= >,3qws_A_B,2.1
314,9.651,GLN, ,NE2,44.85,9.08,0.0,2.76,1.0,<Residue GLN het=  resseq=41 icode= >,3qws_A_B,2.1
315,0.0,SER, ,N,42.94,8.88,0.0,4.29,1.0,<Residue SER het=  resseq=42 icode= >,3qws_A_B,2.1
316,1.135,SER, ,CA,43.25,9.95,1.135,3.47,1.0,<Residue SER het=  resseq=42 icode= >,3qws_A_B,2.1
317,0.616,SER, ,C,43.0,9.90,0.616,4.45,1.0,<Residue SER het=  resseq=42 icode= >,3qws_A_B,2.1
318,0.155,SER, ,O,42.26,10.97,0.155,3.60,1.0,<Residue SER het=  resseq=42 icode= >,3qws_A_B,2.1
319,28.276,SER, ,CB,44.22,10.21,28.276,2.84,1.0,<Residue SER het=  resseq=42 icode= >,3qws_A_B,2.1
320,24.938,SER, ,OG,44.91,10.60,24.48,2.72,1.0,<Residue SER het=  resseq=42 icode= >,3qws_A_B,2.1
321,0.82,ASP, ,N,42.06,8.80,0.82,3.91,1.0,<Residue ASP het=  resseq=43 icode= >,3qws_A_B,2.1
322,3.548,ASP, ,CA,42.04,9.01,3.548,3.53,1.0,<Residue ASP het=  resseq=43 icode= >,3qws_A_B,2.1
323,0.0,ASP, ,C,41.94,9.53,0.0,3.96,1.0,<Residue ASP het=  resseq=43 icode= >,3qws_A_B,2.1
324,0.0,ASP, ,O,42.05,10.52,0.0,3.48,1.0,<Residue ASP het=  resseq=43 icode= >,3qws_A_B,2.1
325,8.662,ASP, ,CB,41.76,7.92,8.662,3.34,1.0,<Residue ASP het=  resseq=43 icode= >,3qws_A_B,2.1
326,7.375,ASP, ,CG,43.13,8.64,7.375,4.44,1.0,<Residue ASP het=  resseq=43 icode= >,3qws_A_B,2.1
327,15.698,ASP, ,OD1,46.16,9.66,15.665,3.19,1.0,<Residue ASP het=  resseq=43 icode= >,3qws_A_B,2.1
328,6.126,ASP, ,OD2,43.15,8.37,2.768,3.04,1.0,<Residue ASP het=  resseq=43 icode= >,3qws_A_B,2.1
329,0.0,ILE, ,N,41.26,9.07,0.0,3.53,1.0,<Residue ILE het=  resseq=44 icode= >,3qws_A_B,2.1
330,0.225,ILE, ,CA,41.36,9.79,0.0,3.51,1.0,<Residue ILE het=  resseq=44 icode= >,3qws_A_B,2.1
331,0.0,ILE, ,C,42.06,11.23,0.0,5.40,1.0,<Residue ILE het=  resseq=44 icode= >,3qws_A_B,2.1
332,0.0,ILE, ,O,42.56,12.18,0.0,4.52,1.0,<Residue ILE het=  resseq=44 icode= >,3qws_A_B,2.1
333,0.0,ILE, ,CB,41.0,9.27,0.0,3.67,1.0,<Residue ILE het=  resseq=44 icode= >,3qws_A_B,2.1
334,0.419,ILE, ,CG1,41.22,7.97,0.0,2.74,1.0,<Residue ILE het=  resseq=44 icode= >,3qws_A_B,2.1
335,0.0,ILE, ,CG2,39.79,10.37,0.0,3.01,1.0,<Residue ILE het=  resseq=44 icode= >,3qws_A_B,2.1
336,0.0,ILE, ,CD1,41.3,7.49,0.0,1.16,1.0,<Residue ILE het=  resseq=44 icode= >,3qws_A_B,2.1
337,0.0,GLU, ,N,42.54,11.47,0.0,4.25,1.0,<Residue GLU het=  resseq=45 icode= >,3qws_A_B,2.1
338,0.0,GLU, ,CA,43.62,12.86,0.0,4.25,1.0,<Residue GLU het=  resseq=45 icode= >,3qws_A_B,2.1
339,0.0,GLU, ,C,44.16,13.64,0.0,4.83,1.0,<Residue GLU het=  resseq=45 icode= >,3qws_A_B,2.1
340,0.0,GLU, ,O,45.16,14.71,0.0,3.72,1.0,<Residue GLU het=  resseq=45 icode= >,3qws_A_B,2.1
341,0.0,GLU, ,CB,43.59,13.04,0.0,3.32,1.0,<Residue GLU het=  resseq=45 icode= >,3qws_A_B,2.1
342,0.224,GLU, ,CG,46.1,14.49,0.224,2.41,1.0,<Residue GLU het=  resseq=45 icode= >,3qws_A_B,2.1
343,6.327,GLU, ,CD,48.07,14.84,6.327,3.61,1.0,<Residue GLU het=  resseq=45 icode= >,3qws_A_B,2.1
344,1.461,GLU, ,OE1,48.74,14.07,1.461,2.51,1.0,<Residue GLU het=  resseq=45 icode= >,3qws_A_B,2.1
345,13.482,GLU, ,OE2,48.59,15.98,13.482,2.29,1.0,<Residue GLU het=  resseq=45 icode= >,3qws_A_B,2.1
346,0.0,VAL, ,N,44.15,13.19,0.0,4.02,1.0,<Residue VAL het=  resseq=46 icode= >,3qws_A_B,2.1
347,0.016,VAL, ,CA,44.93,13.98,0.016,3.18,1.0,<Residue VAL het=  resseq=46 icode= >,3qws_A_B,2.1
348,0.0,VAL, ,C,45.65,14.23,0.0,4.45,1.0,<Residue VAL het=  resseq=46 icode= >,3qws_A_B,2.1
349,10.621,VAL, ,O,45.76,15.39,10.56,3.86,1.0,<Residue VAL het=  resseq=46 icode= >,3qws_A_B,2.1
350,0.278,VAL, ,CB,44.59,13.49,0.278,3.16,1.0,<Residue VAL het=  resseq=46 icode= >,3qws_A_B,2.1
351,40.317,VAL, ,CG1,44.08,13.96,40.317,1.66,1.0,<Residue VAL het=  resseq=46 icode= >,3qws_A_B,2.1
352,38.437,VAL, ,CG2,42.95,13.77,38.437,1.73,1.0,<Residue VAL het=  resseq=46 icode= >,3qws_A_B,2.1
353,0.0,ARG, ,N,46.04,13.24,0.0,3.82,1.0,<Residue ARG het=  resseq=47 icode= >,3qws_A_B,2.1
354,4.585,ARG, ,CA,47.01,13.60,4.585,4.09,1.0,<Residue ARG het=  resseq=47 icode= >,3qws_A_B,2.1
355,0.336,ARG, ,C,46.81,14.43,0.182,4.10,1.0,<Residue ARG het=  resseq=47 icode= >,3qws_A_B,2.1
356,29.577,ARG, ,O,46.98,15.21,8.266,3.01,1.0,<Residue ARG het=  resseq=47 icode= >,3qws_A_B,2.1
357,3.926,ARG, ,CB,48.4,12.50,0.275,3.34,1.0,<Residue ARG het=  resseq=47 icode= >,3qws_A_B,2.1
358,14.504,ARG, ,CG,52.41,12.41,12.435,1.83,1.0,<Residue ARG het=  resseq=47 icode= >,3qws_A_B,2.1
359,2.814,ARG, ,CD,55.06,11.15,0.0,2.26,1.0,<Residue ARG het=  resseq=47 icode= >,3qws_A_B,2.1
360,16.011,ARG, ,NE,60.17,11.17,1.611,2.17,1.0,<Residue ARG het=  resseq=47 icode= >,3qws_A_B,2.1
361,4.794,ARG, ,CZ,61.81,10.49,3.432,3.20,1.0,<Residue ARG het=  resseq=47 icode= >,3qws_A_B,2.1
362,24.083,ARG, ,NH1,63.18,10.46,21.798,1.37,1.0,<Residue ARG het=  resseq=47 icode= >,3qws_A_B,2.1
363,59.641,ARG, ,NH2,62.11,10.02,20.323,2.02,1.0,<Residue ARG het=  resseq=47 icode= >,3qws_A_B,2.1
364,0.0,THR, ,N,45.3,14.44,0.0,4.05,1.0,<Residue THR het=  resseq=48 icode= >,3qws_A_B,2.1
365,4.608,THR, ,CA,45.36,15.48,0.0,3.67,1.0,<Residue THR het=  resseq=48 icode= >,3qws_A_B,2.1
366,0.809,THR, ,C,45.56,16.73,0.0,5.01,1.0,<Residue THR het=  resseq=48 icode= >,3qws_A_B,2.1
367,0.0,THR, ,O,45.12,17.62,0.0,3.80,1.0,<Residue THR het=  resseq=48 icode= >,3qws_A_B,2.1
368,0.295,THR, ,CB,45.41,15.07,0.0,3.89,1.0,<Residue THR het=  resseq=48 icode= >,3qws_A_B,2.1
369,0.0,THR, ,OG1,43.8,14.70,0.0,3.72,1.0,<Residue THR het=  resseq=48 icode= >,3qws_A_B,2.1
370,2.932,THR, ,CG2,45.56,14.03,0.0,1.98,1.0,<Residue THR het=  resseq=48 icode= >,3qws_A_B,2.1
371,0.573,ALA, ,N,45.89,16.91,0.573,3.72,1.0,<Residue ALA het=  resseq=49 icode= >,3qws_A_B,2.1
372,5.389,ALA, ,CA,46.66,18.18,5.389,3.37,1.0,<Residue ALA het=  resseq=49 icode= >,3qws_A_B,2.1
373,0.0,ALA, ,C,47.0,18.40,0.0,4.84,1.0,<Residue ALA het=  resseq=49 icode= >,3qws_A_B,2.1
374,11.12,ALA, ,O,47.99,19.54,0.0,3.26,1.0,<Residue ALA het=  resseq=49 icode= >,3qws_A_B,2.1
375,49.993,ALA, ,CB,46.85,19.38,28.565,2.22,1.0,<Residue ALA het=  resseq=49 icode= >,3qws_A_B,2.1
376,0.0,TYR, ,N,47.5,17.36,0.0,3.61,1.0,<Residue TYR het=  resseq=50 icode= >,3qws_A_B,2.1
377,0.0,TYR, ,CA,48.16,17.55,0.0,3.14,1.0,<Residue TYR het=  resseq=50 icode= >,3qws_A_B,2.1
378,1.281,TYR, ,C,48.77,17.95,0.0,3.81,1.0,<Residue TYR het=  resseq=50 icode= >,3qws_A_B,2.1
379,2.208,TYR, ,O,49.81,18.42,0.0,2.87,1.0,<Residue TYR het=  resseq=50 icode= >,3qws_A_B,2.1
380,11.079,TYR, ,CB,48.88,18.69,2.471,2.39,1.0,<Residue TYR het=  resseq=50 icode= >,3qws_A_B,2.1
381,2.325,TYR, ,CG,49.05,18.70,2.174,3.21,1.0,<Residue TYR het=  resseq=50 icode= >,3qws_A_B,2.1
382,3.342,TYR, ,CD1,49.63,17.64,3.342,2.40,1.0,<Residue TYR het=  resseq=50 icode= >,3qws_A_B,2.1
383,20.164,TYR, ,CD2,50.64,19.84,1.958,2.14,1.0,<Residue TYR het=  resseq=50 icode= >,3qws_A_B,2.1
384,12.347,TYR, ,CE1,49.15,17.79,12.347,2.73,1.0,<Residue TYR het=  resseq=50 icode= >,3qws_A_B,2.1
385,30.666,TYR, ,CE2,51.13,19.98,11.843,1.91,1.0,<Residue TYR het=  resseq=50 icode= >,3qws_A_B,2.1
386,8.704,TYR, ,CZ,51.0,18.99,8.662,3.63,1.0,<Residue TYR het=  resseq=50 icode= >,3qws_A_B,2.1
387,41.779,TYR, ,OH,50.58,19.28,41.664,2.69,1.0,<Residue TYR het=  resseq=50 icode= >,3qws_A_B,2.1
388,0.0,LYS, ,N,48.99,17.90,0.0,3.58,1.0,<Residue LYS het=  resseq=51 icode= >,3qws_A_B,2.1
389,5.962,LYS, ,CA,50.38,18.39,0.0,3.30,1.0,<Residue LYS het=  resseq=51 icode= >,3qws_A_B,2.1
390,0.0,LYS, ,C,49.86,17.56,0.0,4.39,1.0,<Residue LYS het=  resseq=51 icode= >,3qws_A_B,2.1
391,22.588,LYS, ,O,51.04,18.19,0.0,3.31,1.0,<Residue LYS het=  resseq=51 icode= >,3qws_A_B,2.1
392,3.923,LYS, ,CB,51.01,18.73,0.0,2.37,1.0,<Residue LYS het=  resseq=51 icode= >,3qws_A_B,2.1
393,21.231,LYS, ,CG,53.44,20.03,0.0,1.74,1.0,<Residue LYS het=  resseq=51 icode= >,3qws_A_B,2.1
394,31.635,LYS, ,CD,56.79,20.56,0.0,1.45,1.0,<Residue LYS het=  resseq=51 icode= >,3qws_A_B,2.1
395,8.028,LYS, ,CE,56.92,19.78,0.0,1.69,1.0,<Residue LYS het=  resseq=51 icode= >,3qws_A_B,2.1
396,47.501,LYS, ,NZ,58.26,20.52,0.0,1.29,1.0,<Residue LYS het=  resseq=51 icode= >,3qws_A_B,2.1
397,0.0,LEU, ,N,48.87,16.23,0.0,3.24,1.0,<Residue LEU het=  resseq=52 icode= >,3qws_A_B,2.1
398,1.536,LEU, ,CA,48.49,15.45,0.0,3.08,1.0,<Residue LEU het=  resseq=52 icode= >,3qws_A_B,2.1
399,0.0,LEU, ,C,48.29,15.05,0.0,3.97,1.0,<Residue LEU het=  resseq=52 icode= >,3qws_A_B,2.1
400,0.0,LEU, ,O,48.59,14.56,0.0,2.68,1.0,<Residue LEU het=  resseq=52 icode= >,3qws_A_B,2.1
401,0.0,LEU, ,CB,47.8,14.26,0.0,2.32,1.0,<Residue LEU het=  resseq=52 icode= >,3qws_A_B,2.1
402,0.0,LEU, ,CG,47.95,14.71,0.0,2.53,1.0,<Residue LEU het=  resseq=52 icode= >,3qws_A_B,2.1
403,0.0,LEU, ,CD1,47.19,13.59,0.0,1.52,1.0,<Residue LEU het=  resseq=52 icode= >,3qws_A_B,2.1
404,17.642,LEU, ,CD2,48.51,15.69,0.0,1.49,1.0,<Residue LEU het=  resseq=52 icode= >,3qws_A_B,2.1
405,3.688,LYS, ,N,48.71,15.40,0.0,3.74,1.0,<Residue LYS het=  resseq=53 icode= >,3qws_A_B,2.1
406,0.0,LYS, ,CA,48.8,15.34,0.0,3.00,1.0,<Residue LYS het=  resseq=53 icode= >,3qws_A_B,2.1
407,0.0,LYS, ,C,48.47,14.19,0.0,3.57,1.0,<Residue LYS het=  resseq=53 icode= >,3qws_A_B,2.1
408,1.299,LYS, ,O,48.22,14.04,0.0,3.51,1.0,<Residue LYS het=  resseq=53 icode= >,3qws_A_B,2.1
409,3.219,LYS, ,CB,50.25,16.65,0.0,1.62,1.0,<Residue LYS het=  resseq=53 icode= >,3qws_A_B,2.1
410,19.648,LYS, ,CG,51.03,17.92,0.0,1.82,1.0,<Residue LYS het=  resseq=53 icode= >,3qws_A_B,2.1
411,0.467,LYS, ,CD,52.38,18.25,0.467,2.21,1.0,<Residue LYS het=  resseq=53 icode= >,3qws_A_B,2.1
412,20.539,LYS, ,CE,53.23,19.72,0.0,1.81,1.0,<Residue LYS het=  resseq=53 icode= >,3qws_A_B,2.1
413,24.902,LYS, ,NZ,51.31,20.05,1.908,1.72,1.0,<Residue LYS het=  resseq=53 icode= >,3qws_A_B,2.1
414,0.0,SER, ,N,47.76,13.51,0.0,2.87,1.0,<Residue SER het=  resseq=54 icode= >,3qws_A_B,2.1
415,0.0,SER, ,CA,47.19,12.72,0.0,3.37,1.0,<Residue SER het=  resseq=54 icode= >,3qws_A_B,2.1
416,0.0,SER, ,C,48.4,13.68,0.0,4.33,1.0,<Residue SER het=  resseq=54 icode= >,3qws_A_B,2.1
417,0.0,SER, ,O,48.33,14.89,0.0,4.08,1.0,<Residue SER het=  resseq=54 icode= >,3qws_A_B,2.1
418,2.029,SER, ,CB,47.27,12.33,0.078,2.90,1.0,<Residue SER het=  resseq=54 icode= >,3qws_A_B,2.1
419,1.833,SER, ,OG,45.88,13.50,1.833,2.55,1.0,<Residue SER het=  resseq=54 icode= >,3qws_A_B,2.1
420,0.143,ASP, ,N,49.08,12.97,0.0,3.07,1.0,<Residue ASP het=  resseq=55 icode= >,3qws_A_B,2.1
421,1.224,ASP, ,CA,51.02,13.43,0.0,2.45,1.0,<Residue ASP het=  resseq=55 icode= >,3qws_A_B,2.1
422,1.522,ASP, ,C,51.28,13.87,0.0,3.46,1.0,<Residue ASP het=  resseq=55 icode= >,3qws_A_B,2.1
423,0.88,ASP, ,O,51.99,15.00,0.0,2.66,1.0,<Residue ASP het=  resseq=55 icode= >,3qws_A_B,2.1
424,27.907,ASP, ,CB,51.35,12.48,0.0,2.07,1.0,<Residue ASP het=  resseq=55 icode= >,3qws_A_B,2.1
425,7.034,ASP, ,CG,53.61,12.41,0.0,2.88,1.0,<Residue ASP het=  resseq=55 icode= >,3qws_A_B,2.1
426,10.078,ASP, ,OD1,54.54,13.28,0.0,2.54,1.0,<Residue ASP het=  resseq=55 icode= >,3qws_A_B,2.1
427,18.857,ASP, ,OD2,58.48,11.62,0.0,2.17,1.0,<Residue ASP het=  resseq=55 icode= >,3qws_A_B,2.1
428,3.839,PHE, ,N,50.64,13.12,0.0,3.72,1.0,<Residue PHE het=  resseq=56 icode= >,3qws_A_B,2.1
429,8.099,PHE, ,CA,51.8,13.72,0.0,3.13,1.0,<Residue PHE het=  resseq=56 icode= >,3qws_A_B,2.1
430,0.0,PHE, ,C,52.06,15.14,0.0,3.38,1.0,<Residue PHE het=  resseq=56 icode= >,3qws_A_B,2.1
431,1.869,PHE, ,O,53.12,16.11,0.0,2.00,1.0,<Residue PHE het=  resseq=56 icode= >,3qws_A_B,2.1
432,17.485,PHE, ,CB,51.54,12.96,13.294,2.02,1.0,<Residue PHE het=  resseq=56 icode= >,3qws_A_B,2.1
433,2.152,PHE, ,CG,53.4,13.78,2.152,3.10,1.0,<Residue PHE het=  resseq=56 icode= >,3qws_A_B,2.1
434,26.973,PHE, ,CD1,55.61,13.63,15.618,2.14,1.0,<Residue PHE het=  resseq=56 icode= >,3qws_A_B,2.1
435,9.298,PHE, ,CD2,53.51,14.84,9.298,3.03,1.0,<Residue PHE het=  resseq=56 icode= >,3qws_A_B,2.1
436,36.065,PHE, ,CE1,57.3,14.54,10.562,1.93,1.0,<Residue PHE het=  resseq=56 icode= >,3qws_A_B,2.1
437,16.188,PHE, ,CE2,55.63,15.68,16.188,2.50,1.0,<Residue PHE het=  resseq=56 icode= >,3qws_A_B,2.1
438,31.728,PHE, ,CZ,57.52,15.55,15.091,2.12,1.0,<Residue PHE het=  resseq=56 icode= >,3qws_A_B,2.1
439,0.0,THR, ,N,62.93,15.34,0.0,3.09,1.0,<Residue THR het=  resseq=57 icode= >,3qws_A_B,2.1
440,0.0,THR, ,CA,63.88,16.71,0.0,3.21,1.0,<Residue THR het=  resseq=57 icode= >,3qws_A_B,2.1
441,0.0,THR, ,C,65.36,17.65,0.0,3.15,1.0,<Residue THR het=  resseq=57 icode= >,3qws_A_B,2.1
442,0.0,THR, ,O,64.78,18.76,0.0,2.16,1.0,<Residue THR het=  resseq=57 icode= >,3qws_A_B,2.1
443,0.0,THR, ,CB,66.0,16.83,0.0,2.90,1.0,<Residue THR het=  resseq=57 icode= >,3qws_A_B,2.1
444,8.245,THR, ,OG1,64.6,16.28,8.245,2.36,1.0,<Residue THR het=  resseq=57 icode= >,3qws_A_B,2.1
445,6.837,THR, ,CG2,67.79,18.10,5.273,1.15,1.0,<Residue THR het=  resseq=57 icode= >,3qws_A_B,2.1
446,0.0,SER, ,N,68.32,17.26,0.0,2.40,0.99,<Residue SER het=  resseq=58 icode= >,3qws_A_B,2.1
447,3.519,SER, ,CA,70.88,18.18,0.0,2.44,0.99,<Residue SER het=  resseq=58 icode= >,3qws_A_B,2.1
448,0.887,SER, ,C,71.52,18.73,0.0,2.72,0.99,<Residue SER het=  resseq=58 icode= >,3qws_A_B,2.1
449,9.071,SER, ,O,72.25,19.96,0.0,1.83,0.99,<Residue SER het=  resseq=58 icode= >,3qws_A_B,2.1
450,27.643,SER, ,CB,74.58,17.61,0.0,2.00,0.99,<Residue SER het=  resseq=58 icode= >,3qws_A_B,2.1
451,14.14,SER, ,OG,77.78,17.32,0.0,1.40,0.99,<Residue SER het=  resseq=58 icode= >,3qws_A_B,2.1
452,0.0,GLN, ,N,72.73,17.91,0.0,2.59,1.0,<Residue GLN het=  resseq=59 icode= >,3qws_A_B,2.1
453,0.025,GLN, ,CA,75.38,18.52,0.0,2.23,1.0,<Residue GLN het=  resseq=59 icode= >,3qws_A_B,2.1
454,1.755,GLN, ,C,74.54,19.33,0.0,2.96,1.0,<Residue GLN het=  resseq=59 icode= >,3qws_A_B,2.1
455,5.844,GLN, ,O,76.79,20.39,0.0,1.41,1.0,<Residue GLN het=  resseq=59 icode= >,3qws_A_B,2.1
456,15.684,GLN, ,CB,78.21,17.59,0.0,1.67,1.0,<Residue GLN het=  resseq=59 icode= >,3qws_A_B,2.1
457,35.594,GLN, ,CG,85.28,17.89,0.0,0.12,1.0,<Residue GLN het=  resseq=59 icode= >,3qws_A_B,2.1
458,5.606,GLN, ,CD,90.34,19.39,0.0,0.28,1.0,<Residue GLN het=  resseq=59 icode= >,3qws_A_B,2.1
459,35.719,GLN, ,OE1,94.56,20.05,0.0,0.31,1.0,<Residue GLN het=  resseq=59 icode= >,3qws_A_B,2.1
460,40.753,GLN, ,NE2,93.0,20.00,0.0,0.37,1.0,<Residue GLN het=  resseq=59 icode= >,3qws_A_B,2.1
461,1.154,ARG, ,N,72.85,1000.00,0.0,2.73,1.0,<Residue ARG het=  resseq=60 icode= >,3qws_A_B,2.1
462,10.072,ARG, ,CA,74.05,1000.00,0.0,2.82,1.0,<Residue ARG het=  resseq=60 icode= >,3qws_A_B,2.1
463,0.0,ARG, ,C,74.7,1000.00,0.0,2.81,1.0,<Residue ARG het=  resseq=60 icode= >,3qws_A_B,2.1
464,19.357,ARG, ,O,76.94,1000.00,0.0,1.32,1.0,<Residue ARG het=  resseq=60 icode= >,3qws_A_B,2.1
465,2.937,ARG, ,CB,73.48,1000.00,0.0,1.54,1.0,<Residue ARG het=  resseq=60 icode= >,3qws_A_B,2.1
466,20.636,ARG, ,CG,75.79,1000.00,0.0,1.66,1.0,<Residue ARG het=  resseq=60 icode= >,3qws_A_B,2.1
467,26.44,ARG, ,CD,76.94,1000.00,7.041,1.54,1.0,<Residue ARG het=  resseq=60 icode= >,3qws_A_B,2.1
468,4.815,ARG, ,NE,74.66,1000.00,4.815,2.19,1.0,<Residue ARG het=  resseq=60 icode= >,3qws_A_B,2.1
469,4.321,ARG, ,CZ,75.64,1000.00,4.321,3.13,1.0,<Residue ARG het=  resseq=60 icode= >,3qws_A_B,2.1
470,40.669,ARG, ,NH1,78.27,1000.00,8.575,1.44,1.0,<Residue ARG het=  resseq=60 icode= >,3qws_A_B,2.1
471,35.029,ARG, ,NH2,74.46,1000.00,30.126,1.85,1.0,<Residue ARG het=  resseq=60 icode= >,3qws_A_B,2.1
472,0.0,MET,x,N,73.58,1000.00,0.0,2.94,0.5,<Residue MET het=  resseq=61 icode= >,3qws_A_B,2.1
473,8.008,MET,x,CA,74.03,1000.00,0.0,2.63,0.5,<Residue MET het=  resseq=61 icode= >,3qws_A_B,2.1
474,1.085,MET,x,C,75.24,1000.00,0.0,2.24,0.5,<Residue MET het=  resseq=61 icode= >,3qws_A_B,2.1
475,27.257,MET,x,O,76.21,1000.00,0.0,0.93,0.5,<Residue MET het=  resseq=61 icode= >,3qws_A_B,2.1
476,11.247,MET,x,CB,73.9,1000.00,0.0,1.64,0.5,<Residue MET het=  resseq=61 icode= >,3qws_A_B,2.1
477,10.808,MET,x,CG,75.26,1000.00,0.0,1.39,0.5,<Residue MET het=  resseq=61 icode= >,3qws_A_B,2.1
478,8.865,MET,x,SD,78.93,1000.00,0.0,0.81,0.5,<Residue MET het=  resseq=61 icode= >,3qws_A_B,2.1
479,65.538,MET,x,CE,79.85,1000.00,0.0,-0.06,0.5,<Residue MET het=  resseq=61 icode= >,3qws_A_B,2.1
480,0.0,GLY, ,N,76.38,1000.00,0.0,2.31,1.0,<Residue GLY het=  resseq=62 icode= >,3qws_A_B,2.1
481,32.504,GLY, ,CA,79.27,1000.00,0.0,1.08,1.0,<Residue GLY het=  resseq=62 icode= >,3qws_A_B,2.1
482,36.524,GLY, ,C,82.51,1000.00,0.0,1.11,1.0,<Residue GLY het=  resseq=62 icode= >,3qws_A_B,2.1
483,22.744,GLY, ,O,83.83,1000.00,0.0,1.64,1.0,<Residue GLY het=  resseq=62 icode= >,3qws_A_B,2.1
